Date,Open,High,Low,Close,Volume,Dividends,Stock Splits
1984-07-19 00:00:00-04:00,0.9249549508094788,0.9297231721173044,0.9154196130997035,0.9249549508094788,70200,0.0,0.0
1984-07-20 00:00:00-04:00,0.920187187312128,0.9297230764940625,0.9154195189476014,0.9154195189476013,52650,0.0,0.0
1984-07-23 00:00:00-04:00,0.9106518230096345,0.915419491229802,0.8915800452232361,0.8915800452232361,113400,0.0,0.0
1984-07-24 00:00:00-04:00,0.8963482658962679,0.9011159341164353,0.8868123770030687,0.8915800452232361,55350,0.0,0.0
1984-07-25 00:00:00-04:00,0.8772770405627339,0.8915800452232361,0.8725088198897021,0.8915800452232361,116100,0.0,0.0
1984-07-26 00:00:00-04:00,0.9011154770851135,0.9011154770851135,0.8963478112830298,0.9011154770851135,66150,0.0,0.0
1984-07-27 00:00:00-04:00,0.9011154770851135,0.9058831428871972,0.8915795930283618,0.9011154770851135,144450,0.0,0.0
1984-07-30 00:00:00-04:00,0.9106513102130747,0.9106513102130747,0.8963477611541748,0.8963477611541748,135000,0.0,0.0
1984-07-31 00:00:00-04:00,0.8963482930366136,0.9154195189476014,0.8915800722192058,0.9154195189476013,82350,0.0,0.0
1984-08-01 00:00:00-04:00,0.9154186662710346,0.9869357735514266,0.9154186662710346,0.9726322293281555,697950,0.0,0.0
1984-08-02 00:00:00-04:00,0.9774003465441771,0.9774003465441771,0.9583291909361709,0.9630968570709229,2164050,0.0,0.0
1984-08-03 00:00:00-04:00,0.9678651142247342,1.010775218774014,0.9678651142247342,1.0060075521469116,783000,0.0,0.0
1984-08-06 00:00:00-04:00,1.0298464377351026,1.044149928685458,0.9774004474789386,1.0060075521469116,909900,0.0,0.0
1984-08-07 00:00:00-04:00,1.0060074818330886,1.0632211347174676,0.996471596792705,1.053685188293457,523800,0.0,0.0
1984-08-08 00:00:00-04:00,1.0679884121542367,1.096595504406837,1.05845308303833,1.05845308303833,1217700,0.0,0.0
1984-08-09 00:00:00-04:00,1.0584534952026199,1.0822923183441164,1.0489175485373485,1.0822923183441162,402300,0.0,0.0
1984-08-10 00:00:00-04:00,1.0870595614548857,1.0870595614548857,1.05845308303833,1.05845308303833,662850,0.0,0.0
1984-08-13 00:00:00-04:00,1.063221287249476,1.063221287249476,1.0346141804769289,1.0393823385238647,184950,0.0,0.0
1984-08-14 00:00:00-04:00,1.048917560434215,1.048917560434215,1.00123929977417,1.00123929977417,224100,0.0,0.0
1984-08-15 00:00:00-04:00,1.0107751851639695,1.0346140699594757,0.9917039668370321,1.00123929977417,218700,0.0,0.0
1984-08-16 00:00:00-04:00,0.9917039998129252,1.0060075521469116,0.9917039998129252,1.0060075521469116,66150,0.0,0.0
1984-08-17 00:00:00-04:00,0.9964716333056011,1.00123929977417,0.9869363003684631,1.00123929977417,86400,0.0,0.0
1984-08-20 00:00:00-04:00,0.9917039668370321,1.00123929977417,0.9917039668370321,1.00123929977417,67500,0.0,0.0
1984-08-21 00:00:00-04:00,1.0060069816983324,1.0060069816983324,0.9726322293281556,0.9726322293281555,398250,0.0,0.0
1984-08-22 00:00:00-04:00,0.9821681380271912,1.0012392948772246,0.9821681380271912,0.9821681380271912,535950,0.0,0.0
1984-08-23 00:00:00-04:00,0.9917040362502444,1.0012393698547972,0.9821682115766247,0.9964717030525208,70200,0.0,0.0
1984-08-24 00:00:00-04:00,1.0060074041395053,1.0298462862204347,1.0012391857612406,1.020310401916504,203850,0.0,0.0
1984-08-27 00:00:00-04:00,1.0203105520282183,1.0203105520282183,0.9964716664400274,1.0060075521469116,386100,0.0,0.0
1984-08-28 00:00:00-04:00,1.0155427552801397,1.0203104212963634,1.010775089263916,1.010775089263916,110700,0.0,0.0
1984-08-29 00:00:00-04:00,1.0203103170980736,1.0536850193248717,1.0203103170980736,1.025078535079956,499500,0.0,0.0
1984-08-30 00:00:00-04:00,1.0298463057814196,1.0298463057814196,1.010775089263916,1.010775089263916,129600,0.0,0.0
1984-08-31 00:00:00-04:00,1.0155427552801397,1.0155427552801397,1.0012392047788599,1.010775089263916,49950,0.0,0.0
1984-09-04 00:00:00-04:00,1.0012393698547972,1.006007589109774,0.9917040362502444,0.9964717030525208,64800,0.0,0.0
1984-09-05 00:00:00-04:00,0.9964715937964729,0.9964715937964729,0.9774003762256908,0.9917039275169373,537300,0.0,0.0
1984-09-06 00:00:00-04:00,0.9964717030525209,1.006007589109774,0.9917040362502444,0.9964717030525208,164700,0.0,0.0
1984-09-07 00:00:00-04:00,0.9964715387626363,1.010775089263916,0.9964715387626363,1.010775089263916,143100,0.0,0.0
1984-09-10 00:00:00-04:00,1.0040490627288818,1.0088529837730673,0.994441220640511,1.0040490627288818,199800,0.014815,0.0
1984-09-11 00:00:00-04:00,0.999245431366427,1.0280695226413126,0.999245431366427,1.0232656002044678,83700,0.0,0.0
1984-09-12 00:00:00-04:00,1.023265600530907,1.023265600530907,0.9944415092468262,0.9944415092468262,263250,0.0,0.0
1984-09-13 00:00:00-04:00,1.004049760512134,1.0136581659317017,1.004049760512134,1.0136581659317017,89100,0.0,0.0
1984-09-14 00:00:00-04:00,1.0136581376333673,1.037678315530652,1.0136581376333673,1.018462061882019,329400,0.0,0.0
1984-09-17 00:00:00-04:00,1.0136581376333673,1.0232659861306705,1.0136581376333673,1.018462061882019,54000,0.0,0.0
1984-09-18 00:00:00-04:00,1.018461677767623,1.032874001731974,1.018461677767623,1.0232656002044678,330750,0.0,0.0
1984-09-19 00:00:00-04:00,1.032874001731974,1.0376779241688188,1.018461677767623,1.0232656002044678,228150,0.0,0.0
1984-09-20 00:00:00-04:00,1.0232656924939587,1.0328740948880577,1.0232656924939587,1.0280696153640747,125550,0.0,0.0
1984-09-21 00:00:00-04:00,1.023265560694007,1.0568940679106618,1.023265560694007,1.0376778841018677,305100,0.0,0.0
1984-09-24 00:00:00-04:00,1.0376779105252323,1.047286250075982,1.0328739881515503,1.0328739881515503,122850,0.0,0.0
1984-09-25 00:00:00-04:00,1.0424816174462457,1.047286033630371,1.0328737746845622,1.047286033630371,39150,0.0,0.0
1984-09-26 00:00:00-04:00,1.047286250075982,1.052090172449664,1.0328739881515503,1.0328739881515503,102600,0.0,0.0
1984-09-27 00:00:00-04:00,1.0472862234079514,1.0472862234079514,1.0376778841018677,1.0376778841018677,90450,0.0,0.0
1984-09-28 00:00:00-04:00,1.0328740948880577,1.0376780177581737,1.0280696153640747,1.0280696153640747,102600,0.0,0.0
1984-10-01 00:00:00-04:00,1.0376779241688188,1.0376779241688188,1.018461677767623,1.0232656002044678,238950,0.0,0.0
1984-10-02 00:00:00-04:00,1.0232656002044678,1.032874001731974,1.0232656002044678,1.0232656002044678,214650,0.0,0.0
1984-10-03 00:00:00-04:00,1.0184615295933097,1.0232654513312398,0.999245285987854,0.999245285987854,176850,0.0,0.0
1984-10-04 00:00:00-04:00,0.9896370457594105,0.9896370457594105,0.9704208002500576,0.9848330616950989,191700,0.0,0.0
1984-10-05 00:00:00-04:00,0.97522577653952,0.9944420330690062,0.97522577653952,0.9896376132965088,85050,0.0,0.0
1984-10-08 00:00:00-04:00,0.9848333875714901,0.9896373732254165,0.9752255399645208,0.9800294637680054,206550,0.0,0.0
1984-10-09 00:00:00-04:00,0.9800290828550362,0.9800290828550362,0.9656168222427368,0.9656168222427368,76950,0.0,0.0
1984-10-10 00:00:00-04:00,0.9656166361907135,0.9656166361907135,0.9560087323188781,0.9560087323188782,90450,0.0,0.0
1984-10-11 00:00:00-04:00,0.9464006353461429,0.9512045575743443,0.9367927908897401,0.93679279088974,144450,0.0,0.0
1984-10-12 00:00:00-04:00,0.9367928833470197,0.9560090689597482,0.9367928833470197,0.9415968060493469,102600,0.0,0.0
1984-10-15 00:00:00-04:00,0.9367927664247164,0.9704207777976989,0.9319882876681951,0.970420777797699,83700,0.0,0.0
1984-10-16 00:00:00-04:00,0.9608130535125029,0.9896371463803133,0.9415968060493469,0.9415968060493469,259200,0.0,0.0
1984-10-17 00:00:00-04:00,0.9464006353461429,0.9512045575743443,0.9271843897795449,0.93679279088974,139050,0.0,0.0
1984-10-18 00:00:00-04:00,0.9367921781620342,0.9608123302459717,0.9319877024225041,0.9608123302459717,263250,0.0,0.0
1984-10-19 00:00:00-04:00,0.9704206010971348,0.9752250171284168,0.9415965170753746,0.9512043595314026,1487700,0.0,0.0
1984-10-22 00:00:00-04:00,0.9560086811115248,0.9608126637153264,0.9079678654670715,0.9079678654670715,510300,0.0,0.0
1984-10-23 00:00:00-04:00,0.9079679000854739,0.9464003808852381,0.9079679000854739,0.9127718210220337,683100,0.0,0.0
1984-10-24 00:00:00-04:00,0.9223801248713261,0.9271840453147888,0.9127717273308152,0.9271840453147888,741150,0.0,0.0
1984-10-25 00:00:00-04:00,0.9319883120077462,0.9415967131179415,0.9271843897795449,0.93679279088974,182250,0.0,0.0
1984-10-26 00:00:00-04:00,0.9223802195487961,0.927184140485356,0.9079679000854739,0.9127718210220337,256500,0.0,0.0
1984-10-29 00:00:00-05:00,0.9127724598124124,0.9127724598124124,0.8839483573672864,0.888752281665802,328050,0.0,0.0
1984-10-30 00:00:00-05:00,0.8839482694091719,0.9175768494606018,0.8743398651142018,0.9175768494606018,506250,0.0,0.0
1984-10-31 00:00:00-05:00,0.9031644018256352,0.9079683250104087,0.8839481524326381,0.8935559988021851,174150,0.0,0.0
1984-11-01 00:00:00-05:00,0.8887518128055022,0.9079680565160831,0.8887518128055022,0.8983596563339233,241650,0.0,0.0
1984-11-02 00:00:00-05:00,0.8983594673066517,0.9079678654670715,0.8839477050464544,0.9079678654670715,710100,0.0,0.0
1984-11-05 00:00:00-05:00,0.9127723689861283,0.9175768494606018,0.9127723689861283,0.9175768494606018,475200,0.0,0.0
1984-11-06 00:00:00-05:00,0.9175766358838637,0.946400728751674,0.9127721565276892,0.9415968060493469,1296000,0.0,0.0
1984-11-07 00:00:00-05:00,0.9367925390121185,0.9464003808852381,0.9079679000854739,0.9127718210220337,229500,0.0,0.0
1984-11-08 00:00:00-05:00,0.9127724593737626,0.9271847889164156,0.9127724593737626,0.9223808646202087,935550,0.0,0.0
1984-11-09 00:00:00-05:00,0.9319887132126227,0.9367931941628617,0.9127724593737626,0.9223808646202087,287550,0.0,0.0
1984-11-12 00:00:00-05:00,0.9223807732810985,0.9223807732810985,0.9175768494606018,0.9175768494606018,55350,0.0,0.0
1984-11-13 00:00:00-05:00,0.9223807732810985,0.927184697101595,0.9079684451656318,0.9175768494606018,90450,0.0,0.0
1984-11-14 00:00:00-05:00,0.9175768494606018,0.927184697101595,0.9127723689861283,0.9175768494606018,194400,0.0,0.0
1984-11-15 00:00:00-05:00,0.9079684451656318,0.9223807732810985,0.9079684451656318,0.9175768494606018,172800,0.0,0.0
1984-11-16 00:00:00-05:00,0.9127717862204706,0.9319880258876886,0.9079678654670715,0.9079678654670715,122850,0.0,0.0
1984-11-19 00:00:00-05:00,0.9175762636274912,0.9223801843808904,0.9031639447136723,0.9079678654670715,145800,0.0,0.0
1984-11-20 00:00:00-05:00,0.9175762636274912,0.9175762636274912,0.8983594673066517,0.9079678654670715,249750,0.0,0.0
1984-11-21 00:00:00-05:00,0.9079683250104087,0.9127722481951822,0.864731903039641,0.8935559988021851,280800,0.0,0.0
1984-11-23 00:00:00-05:00,0.8983601298311097,0.9223808646202086,0.8887522812386957,0.9223808646202087,186300,0.0,0.0
1984-11-26 00:00:00-05:00,0.9319879657582515,0.9512042041856879,0.9175762044278635,0.9271840453147888,623700,0.0,0.0
1984-11-27 00:00:00-05:00,0.9319884777069093,0.9319884777069093,0.912772228723835,0.9319884777069092,78300,0.0,0.0
1984-11-28 00:00:00-05:00,0.9319879657582515,0.9367924428552998,0.9271840453147888,0.9271840453147888,206550,0.0,0.0
1984-11-29 00:00:00-05:00,0.9223801248713261,0.9319879657582515,0.9127717273308152,0.9271840453147888,2816100,0.0,0.0
1984-11-30 00:00:00-05:00,0.9223806315423179,0.9319884777069093,0.9175767084600222,0.9319884777069092,109350,0.0,0.0
1984-12-03 00:00:00-05:00,0.9300513863563539,0.949427442613512,0.9300513863563539,0.9300513863563538,330750,0.014815,0.0
1984-12-04 00:00:00-05:00,0.9397389402728896,0.9494272470474242,0.9348950675271487,0.9494272470474243,886950,0.0,0.0
1984-12-05 00:00:00-05:00,0.9494278534017855,0.9542717292410792,0.9155195999599066,0.9252079129219055,432000,0.0,0.0
1984-12-06 00:00:00-05:00,0.9252070647616424,0.9252070647616424,0.9155187606811523,0.9155187606811523,147150,0.0,0.0
1984-12-07 00:00:00-05:00,0.9300508953993527,0.9348947665858584,0.9155187205569635,0.9203625917434692,205200,0.0,0.0
1984-12-10 00:00:00-05:00,0.9252070242128471,0.9300508953993527,0.9155187205569635,0.9203625917434692,302400,0.0,0.0
1984-12-11 00:00:00-05:00,0.9300511838936273,0.9494272359328151,0.9300511838936273,0.939738929271698,421200,0.0,0.0
1984-12-12 00:00:00-05:00,0.9397386789580325,0.9494269830385227,0.9155187606811523,0.9155187606811523,110700,0.0,0.0
1984-12-13 00:00:00-05:00,0.9203625917434692,0.9300508953993527,0.9155187205569635,0.9203625917434692,233550,0.0,0.0
1984-12-14 00:00:00-05:00,0.9252075126128564,0.9300513863563539,0.9155192038426931,0.9300513863563538,151200,0.0,0.0
1984-12-17 00:00:00-05:00,0.920362632079949,0.9300509361604391,0.9155187606811523,0.9155187606811523,211950,0.0,0.0
1984-12-18 00:00:00-05:00,0.9300509334505095,0.9784907698631287,0.9203626293982485,0.9784907698631287,662850,0.0,0.0
1984-12-19 00:00:00-05:00,0.9736467599868774,0.9784906306825679,0.9639589562307392,0.9736467599868774,241650,0.0,0.0
1984-12-20 00:00:00-05:00,0.9833344960357259,0.9833344960357259,0.9639584619063103,0.9688023924827576,206550,0.0,0.0
1984-12-21 00:00:00-05:00,0.9591149813108859,0.9591149813108859,0.9300511838936273,0.939738929271698,230850,0.0,0.0
1984-12-24 00:00:00-05:00,0.9494276206902295,0.9591153699942797,0.9397393101029055,0.9542714953422546,136350,0.0,0.0
1984-12-26 00:00:00-05:00,0.9494268673097997,0.9639589786529541,0.9494268673097997,0.9639589786529541,190350,0.0,0.0
1984-12-27 00:00:00-05:00,0.9639589786529541,0.9639589786529541,0.9542707381181613,0.9639589786529541,483300,0.0,0.0
1984-12-28 00:00:00-05:00,0.9639588592956889,0.9639588592956889,0.9445828795433044,0.9445828795433044,109350,0.0,0.0
1984-12-31 00:00:00-05:00,0.9445833743016834,0.9494272470474242,0.9397389402728896,0.9494272470474243,207900,0.0,0.0
1985-01-02 00:00:00-05:00,0.949427442613512,0.949427442613512,0.9252075126128564,0.9300513863563538,178200,0.0,0.0
1985-01-03 00:00:00-05:00,0.9300511838936273,0.9397389292716981,0.9252073112045919,0.939738929271698,207900,0.0,0.0
1985-01-04 00:00:00-05:00,0.9397389292716981,0.9397389292716981,0.9252073112045919,0.939738929271698,112050,0.0,0.0
1985-01-07 00:00:00-05:00,0.9397384480519515,0.9494267497518986,0.9252068374261689,0.9445828795433044,184950,0.0,0.0
1985-01-08 00:00:00-05:00,0.9445833743016834,0.9494272470474242,0.9397389402728896,0.9494272470474243,1471500,0.0,0.0
1985-01-09 00:00:00-05:00,0.9494276206902295,0.9639597435647704,0.9494276206902295,0.9542714953422546,1171800,0.0,0.0
1985-01-10 00:00:00-05:00,0.9542708038865189,1.0075550079345703,0.9494269327443176,1.0075550079345703,804600,0.0,0.0
1985-01-11 00:00:00-05:00,1.0027113332331419,1.022087382880768,1.0027113332331419,1.0123990774154663,311850,0.0,0.0
1985-01-14 00:00:00-05:00,1.0075554144106695,1.0608396399550715,1.0075554144106695,1.0511513948440552,594000,0.0,0.0
1985-01-15 00:00:00-05:00,1.0511509234817042,1.0559952933240284,1.031774878501892,1.031774878501892,594000,0.0,0.0
1985-01-16 00:00:00-05:00,1.0414629975745455,1.1577192469073494,1.0414629975745455,1.0559951066970825,518400,0.0,0.0
1985-01-17 00:00:00-05:00,1.0559958628720933,1.0850597277406557,1.051151490416972,1.0753719806671143,468450,0.0,0.0
1985-01-18 00:00:00-05:00,1.075371210617299,1.075371210617299,1.0414629975745455,1.0559951066970825,190350,0.0,0.0
1985-01-21 00:00:00-05:00,1.0463075217476998,1.0511513948440552,1.0366192142718955,1.0511513948440552,556200,0.0,0.0
1985-01-22 00:00:00-05:00,1.0608398058506554,1.0705275535583496,1.051151559224578,1.0705275535583496,337500,0.0,0.0
1985-01-23 00:00:00-05:00,1.0705274834824055,1.0850597277406557,1.0656836099456348,1.0753719806671143,452250,0.0,0.0
1985-01-24 00:00:00-05:00,1.1141234115405731,1.1334993927801933,1.1044350467322286,1.109278917312622,931500,0.0,0.0
1985-01-25 00:00:00-05:00,1.1189676889715863,1.128655433654785,1.109279320640603,1.1286554336547852,787050,0.0,0.0
1985-01-28 00:00:00-05:00,1.1286552764453737,1.1286552764453737,1.1141236614446715,1.1189675331115723,283500,0.0,0.0
1985-01-29 00:00:00-05:00,1.1141234115405731,1.1141234115405731,1.099591176151835,1.109278917312622,199800,0.0,0.0
1985-01-30 00:00:00-05:00,1.109278969176224,1.1431871873899384,1.109278969176224,1.1141234636306763,625050,0.0,0.0
1985-01-31 00:00:00-05:00,1.1092790767361405,1.1092790767361405,1.0947474629065035,1.1044352054595947,97200,0.0,0.0
1985-02-01 00:00:00-05:00,1.104435391664205,1.104435391664205,1.0753716601867522,1.085059404373169,244350,0.0,0.0
1985-02-04 00:00:00-05:00,1.0947473667862282,1.0947473667862282,1.0802152553144122,1.0899029970169067,531900,0.0,0.0
1985-02-05 00:00:00-05:00,1.0850591261656595,1.0995912376374755,1.070526889964325,1.0899029970169067,1116450,0.0,0.0
1985-02-06 00:00:00-05:00,1.085059404373169,1.0995915195709964,1.0705271644457912,1.085059404373169,423900,0.0,0.0
1985-02-07 00:00:00-05:00,1.0850593088774116,1.1189675331115723,1.0850593088774116,1.1189675331115723,464400,0.0,0.0
1985-02-08 00:00:00-05:00,1.118968323550304,1.1286560737275277,1.1141244484616921,1.123812198638916,454950,0.0,0.0
1985-02-11 00:00:00-05:00,1.1238113142134247,1.1286551854899702,1.0995913341830492,1.1044352054595947,573750,0.0,0.0
1985-02-12 00:00:00-05:00,1.104435391664205,1.104435391664205,1.0802155322799605,1.085059404373169,298350,0.0,0.0
1985-02-13 00:00:00-05:00,1.085059261118055,1.1044352458509734,1.085059261118055,1.0995913743972778,415800,0.0,0.0
1985-02-14 00:00:00-05:00,1.0995915195709964,1.104435391664205,1.085059404373169,1.085059404373169,187650,0.0,0.0
1985-02-15 00:00:00-05:00,1.085059404373169,1.0899032764663774,1.085059404373169,1.085059404373169,268650,0.0,0.0
1985-02-19 00:00:00-05:00,1.085059404373169,1.0899032764663774,1.085059404373169,1.085059404373169,137700,0.0,0.0
1985-02-20 00:00:00-05:00,1.0850597277406557,1.0899036012774264,1.0753719806671143,1.0753719806671143,264600,0.0,0.0
1985-02-21 00:00:00-05:00,1.0850597277406557,1.0850597277406557,1.0753719806671143,1.0753719806671143,132300,0.0,0.0
1985-02-22 00:00:00-05:00,1.0850597277406557,1.0899036012774264,1.0753719806671143,1.0753719806671143,270000,0.0,0.0
1985-02-25 00:00:00-05:00,1.0850597277406557,1.0850597277406557,1.0705274834824055,1.0753719806671143,238950,0.0,0.0
1985-02-26 00:00:00-05:00,1.0753716601867522,1.0995915195709964,1.0705271644457912,1.085059404373169,237600,0.0,0.0
1985-02-27 00:00:00-05:00,1.0899030541026171,1.109279037440534,1.085059182997663,1.0947474241256714,369900,0.0,0.0
1985-02-28 00:00:00-05:00,1.0947474629065035,1.1044352054595947,1.0947474629065035,1.1044352054595947,72900,0.0,0.0
1985-03-01 00:00:00-05:00,1.094747647477788,1.094747647477788,1.085059404373169,1.085059404373169,175500,0.0,0.0
1985-03-04 00:00:00-05:00,1.0850600443072724,1.0899039192572453,1.0802161693572998,1.0802161693572998,43200,0.0,0.0
1985-03-05 00:00:00-05:00,1.0802153501587488,1.1092790767361405,1.075371478882203,1.1044352054595947,283500,0.0,0.0
1985-03-06 00:00:00-05:00,1.104435391664205,1.104435391664205,1.085059404373169,1.085059404373169,873450,0.0,0.0
1985-03-07 00:00:00-05:00,1.085059182997663,1.0947474241256714,1.080215311892709,1.0947474241256714,468450,0.0,0.0
1985-03-08 00:00:00-05:00,1.0850597277406557,1.0947479737325476,1.060839736408864,1.0753719806671143,356400,0.0,0.0
1985-03-11 00:00:00-05:00,1.063661520063507,1.0734195921739484,1.05390294541298,1.0587819814682007,194400,0.014815,0.0
1985-03-12 00:00:00-05:00,1.0490236718414683,1.0490236718414683,1.0392650365829468,1.0392650365829468,184950,0.0,0.0
1985-03-13 00:00:00-05:00,1.0295075572496502,1.034386594998993,0.9855945842497204,0.9953531622886658,373950,0.0,0.0
1985-03-14 00:00:00-05:00,0.9904737496610597,1.0343862035005775,0.9904737496610597,1.0246275663375854,326700,0.0,0.0
1985-03-15 00:00:00-05:00,1.0295069666818937,1.0441440715334733,1.0246273663738987,1.0392650365829468,58050,0.0,0.0
1985-03-18 00:00:00-05:00,1.0343864839883312,1.0490241610232323,1.0099907325019841,1.0197488069534302,97200,0.0,0.0
1985-03-19 00:00:00-05:00,1.0099906786326773,1.0490241050720215,0.9953530023784979,1.0490241050720215,302400,0.0,0.0
1985-03-20 00:00:00-05:00,1.0343860016324202,1.0441440715334733,1.0002316262637976,1.0392650365829468,317250,0.0,0.0
1985-03-21 00:00:00-05:00,1.0490239093577594,1.0587819814682007,1.0392652718897215,1.0587819814682007,141750,0.0,0.0
1985-03-22 00:00:00-05:00,1.0636612792330198,1.0636612792330198,1.0295069666818937,1.0392650365829468,1212300,0.0,0.0
1985-03-25 00:00:00-05:00,1.0392659488267624,1.0539036318844328,1.034386909593527,1.0441449880599976,244350,0.0,0.0
1985-03-26 00:00:00-05:00,1.0343862035005775,1.0441442753059909,1.0246275663375854,1.0246275663375854,67500,0.0,0.0
1985-03-27 00:00:00-05:00,1.0148695668398544,1.0441443496994505,1.0148695668398544,1.0343862771987915,106650,0.0,0.0
1985-03-28 00:00:00-05:00,1.0343862035005775,1.053902912468983,1.0246275663375854,1.0246275663375854,209250,0.0,0.0
1985-03-29 00:00:00-05:00,1.0246276393405136,1.0441443496994505,1.0148695668398544,1.0343862771987915,781650,0.0,0.0
1985-04-01 00:00:00-05:00,1.0246276393405136,1.0343862771987915,1.0246276393405136,1.0343862771987915,321300,0.0,0.0
1985-04-02 00:00:00-05:00,1.0441449880599976,1.0490245926511974,1.034386909593527,1.0441449880599976,110700,0.0,0.0
1985-04-03 00:00:00-05:00,1.0441449880599976,1.0441449880599976,1.034386909593527,1.0441449880599976,113400,0.0,0.0
1985-04-04 00:00:00-05:00,1.0441440715334733,1.0490236718414683,1.0343860016324202,1.0392650365829468,213300,0.0,0.0
1985-04-08 00:00:00-05:00,1.0343862771987915,1.0441443496994505,1.0343862771987915,1.0343862771987915,164700,0.0,0.0
1985-04-09 00:00:00-05:00,1.034386428817842,1.0490241050720215,1.034386428817842,1.0490241050720215,98550,0.0,0.0
1985-04-10 00:00:00-05:00,1.053903142037514,1.053903142037514,1.0441445027488272,1.0490241050720215,49950,0.0,0.0
1985-04-11 00:00:00-05:00,1.0441449880599976,1.0539036318844328,1.0441449880599976,1.0441449880599976,113400,0.0,0.0
1985-04-12 00:00:00-05:00,1.0343862771987915,1.0441443496994505,1.0343862771987915,1.0343862771987915,513000,0.0,0.0
1985-04-15 00:00:00-05:00,1.0295071675978706,1.0343862035005775,1.0246275663375854,1.0246275663375854,182250,0.0,0.0
1985-04-16 00:00:00-05:00,1.0343862035005775,1.0343862035005775,1.0246275663375854,1.0246275663375854,113400,0.0,0.0
1985-04-17 00:00:00-05:00,1.0197485623112426,1.063661520063507,1.0197485623112426,1.0587819814682007,510300,0.0,0.0
1985-04-18 00:00:00-05:00,1.053903142037514,1.0587821790030065,1.0441445027488272,1.0490241050720215,178200,0.0,0.0
1985-04-19 00:00:00-05:00,1.0392651115827338,1.0587818181507547,1.0246274403173412,1.029507040977478,483300,0.0,0.0
1985-04-22 00:00:00-05:00,1.029507040977478,1.034386076280106,1.0197484050147132,1.029507040977478,854550,0.0,0.0
1985-04-23 00:00:00-05:00,1.0295072409484618,1.0343862771987915,1.0148695668398544,1.0343862771987915,625050,0.0,0.0
1985-04-24 00:00:00-05:00,1.02462816604161,1.02462816604161,1.0099910497665405,1.0099910497665405,103950,0.0,0.0
1985-04-25 00:00:00-05:00,1.0051115830837378,1.009991124744698,0.980715822122991,0.9904744029045105,120150,0.0,0.0
1985-04-26 00:00:00-05:00,0.9855938319990719,0.9953524025898265,0.9758357639481938,0.9807147979736328,502200,0.0,0.0
1985-04-29 00:00:00-04:00,0.9758363962173462,0.9758363962173462,0.97095729621313,0.9758363962173462,523800,0.0,0.0
1985-04-30 00:00:00-04:00,0.9758356690696021,0.9904732722626102,0.9758356690696021,0.9855937361717224,310500,0.0,0.0
1985-05-01 00:00:00-04:00,0.9807147026206623,0.9953523058136704,0.9758356690696021,0.9855937361717224,251100,0.0,0.0
1985-05-02 00:00:00-04:00,0.9953523058136704,0.9953523058136704,0.9807147026206623,0.9855937361717224,183600,0.0,0.0
1985-05-03 00:00:00-04:00,0.9855944705907282,0.9855944705907282,0.9660777564862368,0.9758363962173462,171450,0.0,0.0
1985-05-06 00:00:00-04:00,0.9709569251952614,0.9807150586574329,0.9660773873329164,0.9660773873329163,174150,0.0,0.0
1985-05-07 00:00:00-04:00,0.9758359597949499,0.9807149947995937,0.970956861972809,0.9709568619728088,102600,0.0,0.0
1985-05-08 00:00:00-04:00,0.9758360233350978,0.9758360233350978,0.9563193166882461,0.9660773873329163,190350,0.0,0.0
1985-05-09 00:00:00-04:00,0.9611983520105812,0.9709569251952614,0.9563193166882461,0.9660773873329163,301050,0.0,0.0
1985-05-10 00:00:00-04:00,0.9758365087510348,0.9953531622886659,0.9758365087510348,0.9953531622886658,295650,0.0,0.0
1985-05-13 00:00:00-04:00,0.9904732722626102,1.0002313393647306,0.9807147026206623,0.9855937361717224,525150,0.0,0.0
1985-05-14 00:00:00-04:00,0.9904733685643875,0.9904733685643875,0.9758357639481938,0.9807147979736328,461700,0.0,0.0
1985-05-15 00:00:00-04:00,0.9758367605331543,1.0051115599403886,0.9758367605331543,1.000232458114624,168750,0.0,0.0
1985-05-16 00:00:00-04:00,1.0002318214664732,1.0246275663375854,0.9855942112182833,1.0246275663375854,418500,0.0,0.0
1985-05-17 00:00:00-04:00,1.0295072409484618,1.0343862771987915,1.0148695668398544,1.0343862771987915,546750,0.0,0.0
1985-05-20 00:00:00-04:00,1.0392655212140542,1.0441445584397773,1.0197488069534302,1.0197488069534302,553500,0.0,0.0
1985-05-21 00:00:00-04:00,1.0197484050147132,1.034386076280106,1.0197484050147132,1.029507040977478,183600,0.0,0.0
1985-05-22 00:00:00-04:00,1.02462816604161,1.02462816604161,1.0099910497665405,1.0099910497665405,214650,0.0,0.0
1985-05-23 00:00:00-04:00,1.014870088524897,1.0197491272832535,1.0099910497665405,1.0099910497665405,74250,0.0,0.0
1985-05-24 00:00:00-04:00,1.0099910497665405,1.0197491272832535,1.0099910497665405,1.0099910497665405,64800,0.0,0.0
1985-05-28 00:00:00-04:00,1.0099912365369967,1.0148702761975992,1.0051116943359375,1.0051116943359375,168750,0.0,0.0
1985-05-29 00:00:00-04:00,1.0051116943359375,1.0148702761975992,1.0051116943359375,1.0051116943359375,375300,0.0,0.0
1985-05-30 00:00:00-04:00,1.00511150846782,1.0197491272832535,1.00511150846782,1.0099910497665405,461700,0.0,0.0
1985-05-31 00:00:00-04:00,1.005111113716947,1.0148696899414062,1.005111113716947,1.0148696899414062,328050,0.0,0.0
1985-06-03 00:00:00-04:00,1.014870088524897,1.014870088524897,1.000232406891918,1.0099910497665405,326700,0.0,0.0
1985-06-04 00:00:00-04:00,1.005111192736055,1.0246278441791534,1.005111192736055,1.0197488069534302,86400,0.0,0.0
1985-06-05 00:00:00-04:00,1.0295071675978706,1.0343862035005775,1.0197485304348788,1.0246275663375854,290250,0.0,0.0
1985-06-06 00:00:00-04:00,1.0295071675978706,1.0295071675978706,1.0197485304348788,1.0246275663375854,121500,0.0,0.0
1985-06-07 00:00:00-04:00,1.0148691040489437,1.0148691040489437,0.9709566671052702,0.9807147979736328,699300,0.0,0.0
1985-06-10 00:00:00-04:00,0.9738297462463379,0.9885848786389347,0.9639933712474493,0.9738297462463379,545400,0.014815,0.0
1985-06-11 00:00:00-04:00,0.9738297159336958,0.988584847867006,0.9689115285873412,0.9689115285873413,276750,0.0,0.0
1985-06-12 00:00:00-04:00,0.9639936444777126,0.9787487177308398,0.9492385079029825,0.9541566967964172,378000,0.0,0.0
1985-06-13 00:00:00-04:00,0.9590756776930685,0.9639938677254887,0.9246472076770114,0.9344835877418518,344250,0.0,0.0
1985-06-14 00:00:00-04:00,0.9344834016879671,0.9541567277952835,0.9344834016879671,0.9492385387420654,317250,0.0,0.0
1985-06-17 00:00:00-04:00,0.94432053770125,0.9492387277336702,0.9344835877418518,0.9344835877418518,477900,0.0,0.0
1985-06-18 00:00:00-04:00,0.9344828704355589,0.9443198128441491,0.9246464979210889,0.9394016265869141,363150,0.0,0.0
1985-06-19 00:00:00-04:00,0.9394017788883336,0.9394017788883336,0.9049733297177026,0.9148097038269043,400950,0.0,0.0
1985-06-20 00:00:00-04:00,0.9148098528375518,0.9148098528375518,0.900054719376117,0.909891664981842,562950,0.0,0.0
1985-06-21 00:00:00-04:00,0.909891982300134,0.9492386386562868,0.904973792729241,0.9295653104782104,1289250,0.0,0.0
1985-06-24 00:00:00-04:00,0.9344830773743662,0.9787484098527138,0.9295648900280117,0.9689115285873413,321300,0.0,0.0
1985-06-25 00:00:00-04:00,0.9689114090788327,0.9935029126716605,0.9689114090788327,0.9836665391921997,658800,0.0,0.0
1985-06-26 00:00:00-04:00,0.9787484403184613,0.9836666911394905,0.9738297462463379,0.9738297462463379,321300,0.0,0.0
1985-06-27 00:00:00-04:00,0.9639929533004761,0.9738293240347261,0.9492378273050839,0.9639929533004761,171450,0.0,0.0
1985-06-28 00:00:00-04:00,0.9639936444777126,0.9639936444777126,0.9443203190095477,0.9541566967964172,249750,0.0,0.0
1985-07-01 00:00:00-04:00,0.9590753532967006,1.0033401250839233,0.9590753532967006,1.0033401250839233,216000,0.0,0.0
1985-07-02 00:00:00-04:00,1.0033397927237222,1.0033397927237222,0.9689114090788327,0.9836665391921997,513000,0.0,0.0
1985-07-03 00:00:00-04:00,0.983666511853171,0.983666511853171,0.9639931955468537,0.9787482619285583,153900,0.0,0.0
1985-07-05 00:00:00-04:00,0.983666511853171,0.983666511853171,0.9787482619285583,0.9787482619285583,170100,0.0,0.0
1985-07-08 00:00:00-04:00,0.9787484098527138,0.9787484098527138,0.959075153894632,0.9689115285873413,125550,0.0,0.0
1985-07-09 00:00:00-04:00,0.9689115285873412,0.9738297159336958,0.9639933412409866,0.9689115285873413,287550,0.0,0.0
1985-07-10 00:00:00-04:00,0.9689114090788327,0.9836665391921998,0.9689114090788327,0.9836665391921997,384750,0.0,0.0
1985-07-11 00:00:00-04:00,0.973829595818563,0.9935029126716605,0.973829595818563,0.9836665391921997,413100,0.0,0.0
1985-07-12 00:00:00-04:00,0.9885848483565174,1.0131763549947135,0.9885848483565174,1.0082581043243408,237600,0.0,0.0
1985-07-15 00:00:00-04:00,1.0131765604019165,1.018095255320566,1.008258308734438,1.0131765604019165,206550,0.0,0.0
1985-07-16 00:00:00-04:00,1.0131765599814633,1.0180952548980713,1.0082583083160255,1.0180952548980713,352350,0.0,0.0
1985-07-17 00:00:00-04:00,1.0230134432419133,1.0328498199295972,1.0180952548980713,1.0180952548980713,865350,0.0,0.0
1985-07-18 00:00:00-04:00,1.0180952615988264,1.0180952615988264,0.98858505487442,0.9885850548744202,261900,0.0,0.0
1985-07-19 00:00:00-04:00,0.9885850483678913,1.0180952548980713,0.9836668600240493,1.0180952548980713,1109700,0.0,0.0
1985-07-22 00:00:00-04:00,1.0082583134528222,1.0180952600849846,1.0033401250839233,1.0033401250839233,373950,0.0,0.0
1985-07-23 00:00:00-04:00,1.0033401250839233,1.013176565143317,1.0033401250839233,1.0033401250839233,206550,0.0,0.0
1985-07-24 00:00:00-04:00,0.9984217602105024,1.0033399477099467,0.9738297462463379,0.9738297462463379,549450,0.0,0.0
1985-07-25 00:00:00-04:00,0.9836668664982082,0.9935032432506319,0.9787486148004003,0.9885850548744202,321300,0.0,0.0
1985-07-26 00:00:00-04:00,0.9787480159743108,0.9836662646629932,0.9639929533004761,0.9639929533004761,762750,0.0,0.0
1985-07-29 00:00:00-04:00,0.9590749415099743,0.9639931277672094,0.9344828704355589,0.9394016265869141,288900,0.0,0.0
1985-07-30 00:00:00-04:00,0.9541562770407191,0.9639932203945126,0.9492380903109099,0.9590750336647034,203850,0.0,0.0
1985-07-31 00:00:00-04:00,0.954156012672209,0.9738293240347261,0.9443196419379588,0.9639929533004761,614250,0.0,0.0
1985-08-01 00:00:00-04:00,0.9738299198514189,0.9984219381996132,0.9738299198514189,0.9885850548744202,105300,0.0,0.0
1985-08-02 00:00:00-04:00,0.9885852026314068,0.9935033917427063,0.9689118762917579,0.9935033917427063,207900,0.0,0.0
1985-08-05 00:00:00-04:00,0.9836661028714181,0.9836661028714181,0.944319486618042,0.944319486618042,220050,0.0,0.0
1985-08-06 00:00:00-04:00,0.9443203496888474,0.9590754867429458,0.9443203496888474,0.9492385387420654,330750,0.0,0.0
1985-08-07 00:00:00-04:00,0.9492385387420654,0.9639936757961639,0.9492385387420654,0.9492385387420654,333450,0.0,0.0
1985-08-08 00:00:00-04:00,0.9541562770407191,0.9639932203945126,0.9394017168512914,0.9590750336647034,492750,0.0,0.0
1985-08-09 00:00:00-04:00,0.9639936757961639,0.9639936757961639,0.9492385387420654,0.9492385387420654,349650,0.0,0.0
1985-08-12 00:00:00-04:00,0.9492385387420654,0.9590754867429458,0.9492385387420654,0.9492385387420654,508950,0.0,0.0
1985-08-13 00:00:00-04:00,0.949238365061707,0.9541565532150534,0.9246468544006349,0.9246468544006348,425250,0.0,0.0
1985-08-14 00:00:00-04:00,0.9344836586436799,0.9394024189438576,0.9148103271267718,0.9197285175323486,600750,0.0,0.0
1985-08-15 00:00:00-04:00,0.9295648348849194,0.9344830219395202,0.9148097038269043,0.9148097038269043,484650,0.0,0.0
1985-08-16 00:00:00-04:00,0.909892136721195,0.929565468238103,0.9049739463156181,0.9197285175323486,400950,0.0,0.0
1985-08-19 00:00:00-04:00,0.9197284477500334,0.9344835877418518,0.9148102577176132,0.9344835877418518,356400,0.0,0.0
1985-08-20 00:00:00-04:00,0.9246472076770114,0.9344835877418518,0.9197284477500334,0.9344835877418518,230850,0.0,0.0
1985-08-21 00:00:00-04:00,0.9295643630495452,0.96399279474473,0.9295643630495452,0.944319486618042,581850,0.0,0.0
1985-08-22 00:00:00-04:00,0.9344835877418518,0.9394023476688298,0.9295653977094316,0.9344835877418518,376650,0.0,0.0
1985-08-23 00:00:00-04:00,0.9295646841783238,0.9394016265869141,0.9295646841783238,0.9394016265869141,95850,0.0,0.0
1985-08-26 00:00:00-04:00,0.9295648348849194,0.9295648348849194,0.9148097038269043,0.9148097038269043,103950,0.0,0.0
1985-08-27 00:00:00-04:00,0.9246472076770114,0.9394023476688298,0.9246472076770114,0.9344835877418518,135000,0.0,0.0
1985-08-28 00:00:00-04:00,0.9295646841783238,0.9443198128441491,0.9246464979210889,0.9394016265869141,359100,0.0,0.0
1985-08-29 00:00:00-04:00,0.9394013020598508,0.9492376711762331,0.9394013020598508,0.944319486618042,367200,0.0,0.0
1985-08-30 00:00:00-04:00,0.9394016265869141,0.9443198128441491,0.9295646841783238,0.9394016265869141,160650,0.0,0.0
1985-09-03 00:00:00-04:00,0.94432053770125,0.94432053770125,0.9344835877418518,0.9344835877418518,179550,0.0,0.0
1985-09-04 00:00:00-04:00,0.9443201197604213,0.9443201197604213,0.909891664981842,0.909891664981842,758700,0.0,0.0
1985-09-05 00:00:00-04:00,0.9098916686892495,0.919728044440748,0.8951365351676942,0.8951365351676941,553500,0.0,0.0
1985-09-06 00:00:00-04:00,0.9049733309683675,0.9098915180297652,0.890218199889961,0.9000545740127563,395550,0.0,0.0
1985-09-09 00:00:00-04:00,0.9000547230434434,0.9000547230434434,0.8853001594161957,0.8951365351676941,414450,0.0,0.0
1985-09-10 00:00:00-04:00,0.8733043074607849,0.908037542346982,0.8683419878326635,0.8733043074607849,440100,0.014815,0.0
1985-09-11 00:00:00-04:00,0.8733043074607849,0.8782661160232632,0.8633801792701851,0.8733043074607849,321300,0.0,0.0
1985-09-12 00:00:00-04:00,0.8733044448966922,0.8931522572189949,0.8733044448966922,0.883228063583374,310500,0.0,0.0
1985-09-13 00:00:00-04:00,0.8832276532902172,0.8832276532902172,0.8534562361111989,0.8584181070327759,796500,0.0,0.0
1985-09-16 00:00:00-04:00,0.8484941720962524,0.8534564916861392,0.8484941720962524,0.8484941720962524,139050,0.0,0.0
1985-09-17 00:00:00-04:00,0.8484942329755485,0.8484942329755485,0.7889508015658153,0.8137609958648682,422550,0.0,0.0
1985-09-18 00:00:00-04:00,0.808798592054967,0.8236845932768742,0.8038367832972884,0.8187227845191956,677700,0.0,0.0
1985-09-19 00:00:00-04:00,0.8137610147869051,0.8336088257183288,0.8137610147869051,0.8236846327781677,326700,0.0,0.0
1985-09-20 00:00:00-04:00,0.8236845545261703,0.8633801726178394,0.8236845545261703,0.8484941720962524,390150,0.0,0.0
1985-09-23 00:00:00-04:00,0.863380766473989,0.8931527241118986,0.863380766473989,0.8683425784111023,452250,0.0,0.0
1985-09-24 00:00:00-04:00,0.863380766473989,0.8733049014142061,0.8584189545368758,0.8683425784111023,265950,0.0,0.0
1985-09-25 00:00:00-04:00,0.8584179958273761,0.8683416086185848,0.8187223947653463,0.8336083889007568,1536300,0.0,0.0
1985-09-26 00:00:00-04:00,0.8236846903329299,0.8435325026512146,0.8187228809905935,0.8435325026512146,82350,0.0,0.0
1985-09-30 00:00:00-04:00,0.8336088839665418,0.853456632401611,0.8286464996752664,0.8435325026512146,310500,0.0,0.0
1985-10-01 00:00:00-04:00,0.8534566325743894,0.9030758759056768,0.843532502821984,0.883228063583374,459000,0.0,0.0
1985-10-02 00:00:00-04:00,0.8931522572189949,0.9030758759056768,0.8782662542400331,0.883228063583374,145800,0.0,0.0
1985-10-03 00:00:00-04:00,0.8832276936051721,0.9080373048782349,0.8733040790754263,0.9080373048782349,206550,0.0,0.0
1985-10-04 00:00:00-04:00,0.9030763741152827,0.9030763741152827,0.8931527499539311,0.8981145620346069,114750,0.0,0.0
1985-10-07 00:00:00-04:00,0.9030754976133619,0.9179614943566787,0.9030754976133619,0.9080373048782349,172800,0.0,0.0
1985-10-08 00:00:00-04:00,0.8981142791233533,0.9229239066608107,0.8981142791233533,0.9130002856254578,399600,0.0,0.0
1985-10-09 00:00:00-04:00,0.9129998296226511,0.9328476367293351,0.9129998296226511,0.9229234457015991,156600,0.0,0.0
1985-10-10 00:00:00-04:00,0.9179614943566787,0.9229233016215517,0.9080373048782349,0.9080373048782349,124200,0.0,0.0
1985-10-11 00:00:00-04:00,0.9080374466343891,0.9427712528082832,0.9080374466343891,0.9229234457015991,176850,0.0,0.0
1985-10-14 00:00:00-04:00,0.9278857478404592,0.937809944152832,0.9278857478404592,0.937809944152832,52650,0.0,0.0
1985-10-15 00:00:00-04:00,0.932847607399093,0.9775050282478334,0.932847607399093,0.9775050282478333,382050,0.0,0.0
1985-10-16 00:00:00-04:00,0.9775054285616468,0.9775054285616468,0.9626194238662719,0.962619423866272,415800,0.0,0.0
1985-10-17 00:00:00-04:00,0.957657311729813,0.957657311729813,0.9030756950378419,0.9030756950378418,213300,0.0,0.0
1985-10-18 00:00:00-04:00,0.9229234457015991,0.9278852537410732,0.9080374466343891,0.9229234457015991,324000,0.0,0.0
1985-10-21 00:00:00-04:00,0.9179617967804579,0.9179617967804579,0.8931521773338318,0.8931521773338318,168750,0.0,0.0
1985-10-22 00:00:00-04:00,0.8832280635833741,0.8981140665623359,0.8782662542400331,0.883228063583374,603450,0.0,0.0
1985-10-23 00:00:00-04:00,0.8782661756863012,0.8931521773338318,0.8733043667867535,0.8931521773338318,480600,0.0,0.0
1985-10-24 00:00:00-04:00,0.8931524686056769,0.9179620961431342,0.8931524686056769,0.9130002856254578,171450,0.0,0.0
1985-10-25 00:00:00-04:00,0.9130002856254578,0.9179620961431342,0.9030760896410297,0.9130002856254578,106650,0.0,0.0
1985-10-28 00:00:00-05:00,0.9080374466343891,0.9229234457015991,0.9030756385949151,0.9229234457015991,176850,0.0,0.0
1985-10-29 00:00:00-05:00,0.913000174813696,0.9626194238662719,0.913000174813696,0.962619423866272,367200,0.0,0.0
1985-10-30 00:00:00-05:00,0.9725436186461902,0.9824672384771034,0.9526958040353588,0.962619423866272,295650,0.0,0.0
1985-10-31 00:00:00-05:00,0.9576576139508154,0.9824672384771034,0.9576576139508154,0.962619423866272,216000,0.0,0.0
1985-11-01 00:00:00-05:00,0.9626186236743446,0.9626186236743446,0.9477332063017131,0.9526950120925903,218700,0.0,0.0
1985-11-04 00:00:00-05:00,0.9675811076289743,0.992390714178414,0.9576569200400452,0.9874288439750671,333450,0.0,0.0
1985-11-05 00:00:00-05:00,0.9874291779801719,1.0072769849231065,0.9775050509175112,0.992391049861908,310500,0.0,0.0
1985-11-06 00:00:00-05:00,0.9923913066291149,1.0023149251937866,0.9775053038331757,1.0023149251937866,247050,0.0,0.0
1985-11-07 00:00:00-05:00,0.987429133500204,0.9923910051584264,0.9675813913345337,0.9675813913345337,170100,0.0,0.0
1985-11-08 00:00:00-05:00,0.9675814349204355,0.9973528578604457,0.9626190519731145,0.992391049861908,186300,0.0,0.0
1985-11-11 00:00:00-05:00,0.9923913494964848,1.0122390985488892,0.9824671555541955,1.0122390985488892,153900,0.0,0.0
1985-11-12 00:00:00-05:00,1.0023146426139369,1.0072769615629769,0.9775050282478334,0.9775050282478333,344250,0.0,0.0
1985-11-13 00:00:00-05:00,0.9824672602890355,0.9874295813804439,0.9576576352119446,0.9576576352119446,110700,0.0,0.0
1985-11-14 00:00:00-05:00,0.9526951991655407,0.9874289325359442,0.9526951991655407,0.9725430011749268,243000,0.0,0.0
1985-11-15 00:00:00-05:00,0.9725431991095608,0.9824668146596149,0.9626190086107493,0.9675813913345337,217350,0.0,0.0
1985-11-18 00:00:00-05:00,0.9775052463302881,0.9874293753768785,0.967581628349385,0.9824670553207397,263250,0.0,0.0
1985-11-19 00:00:00-05:00,0.9824670553207397,0.9874293753768785,0.9725434373398366,0.9824670553207397,290250,0.0,0.0
1985-11-20 00:00:00-05:00,0.9775050068845879,0.9824668146596149,0.9675813913345337,0.9675813913345337,151200,0.0,0.0
1985-11-21 00:00:00-05:00,0.9675816852685041,1.0023149251937866,0.9675816852685041,1.0023149251937866,378000,0.0,0.0
1985-11-22 00:00:00-05:00,1.0023149251937866,1.0023149251937866,0.9923913066291149,1.0023149251937866,616950,0.0,0.0
1985-11-25 00:00:00-05:00,0.9973530572409925,0.9973530572409925,0.9725434373398366,0.9824670553207397,627750,0.0,0.0
1985-11-26 00:00:00-05:00,0.9725436186461902,0.9775054285616468,0.9626194238662719,0.962619423866272,1134000,0.0,0.0
1985-11-27 00:00:00-05:00,0.9675814349204355,0.9923910498619078,0.9626190519731145,0.992391049861908,615600,0.0,0.0
1985-11-29 00:00:00-05:00,1.002314416714686,1.0072767345453304,0.9725430011749268,0.9725430011749268,129600,0.0,0.0
1985-12-02 00:00:00-05:00,0.9875831604003906,0.997609605542089,0.9825701959968854,0.9875831604003906,1746900,0.018519,0.0
1985-12-03 00:00:00-05:00,0.9976093173027039,0.9976093173027039,0.9725434053162629,0.9976093173027039,430650,0.0,0.0
1985-12-04 00:00:00-05:00,0.9976092721048402,1.0226746666211248,0.9875828303143428,1.0126482248306274,394200,0.0,0.0
1985-12-05 00:00:00-05:00,1.0226748929680562,1.027687856805558,1.0126484489584227,1.0176619291305542,746550,0.0,0.0
1985-12-06 00:00:00-05:00,1.0126479587788002,1.0176614365241214,0.987582570847916,1.0076349973678589,419850,0.0,0.0
1985-12-09 00:00:00-05:00,1.0076352621026365,1.0226746666211248,1.0026222993746456,1.0126482248306274,294300,0.0,0.0
1985-12-10 00:00:00-05:00,1.0026220359569176,1.0126479587788002,0.9925955322588573,1.0076349973678589,764100,0.0,0.0
1985-12-11 00:00:00-05:00,1.0076354820014886,1.0377143621444702,1.0026225181795059,1.0377143621444702,434700,0.0,0.0
1985-12-12 00:00:00-05:00,1.0326996082743054,1.0427260398864746,1.0326996082743054,1.0427260398864746,313200,0.0,0.0
1985-12-13 00:00:00-05:00,1.0327004133745037,1.0627792798684557,1.0327004133745037,1.057766318321228,577800,0.0,0.0
1985-12-16 00:00:00-05:00,1.0627789616897303,1.0828313827514648,1.0527524607208534,1.0828313827514648,803250,0.0,0.0
1985-12-17 00:00:00-05:00,1.072805446193612,1.0878449151212957,1.0677924835098258,1.0778189897537231,383400,0.0,0.0
1985-12-18 00:00:00-05:00,1.0828311885782747,1.0928576232074323,1.0677917302598432,1.0728046894073486,595350,0.0,0.0
1985-12-19 00:00:00-05:00,1.0778182294307692,1.0828311885782747,1.0677917302598432,1.0728046894073486,275400,0.0,0.0
1985-12-20 00:00:00-05:00,1.0677921998176036,1.0978710651397705,1.0627792384656667,1.0978710651397705,715500,0.0,0.0
1985-12-23 00:00:00-05:00,1.0878446261015227,1.1129105946135491,1.0878446261015227,1.0978710651397705,392850,0.0,0.0
1985-12-24 00:00:00-05:00,1.0928581953048706,1.1028841188483256,1.0828317554269986,1.0928581953048706,222750,0.0,0.0
1985-12-26 00:00:00-05:00,1.0878446261015227,1.1028840264917077,1.0878446261015227,1.0978710651397705,62100,0.0,0.0
1985-12-27 00:00:00-05:00,1.0928582760116459,1.112910769997439,1.0928582760116459,1.107897162437439,180900,0.0,0.0
1985-12-30 00:00:00-05:00,1.1028843481516508,1.1229368448257446,1.1028843481516508,1.1229368448257446,145800,0.0,0.0
1985-12-31 00:00:00-05:00,1.1229369758283856,1.1429893457581726,1.1129110490307845,1.1329634189605713,251100,0.0,0.0
1986-01-02 00:00:00-05:00,1.1279496336502384,1.1279496336502384,1.1078971400692994,1.1129107475280762,182250,0.0,0.0
1986-01-03 00:00:00-05:00,1.1078973749151693,1.1229369096433834,1.1028844118118286,1.1028844118118286,475200,0.0,0.0
1986-01-06 00:00:00-05:00,1.1028844118118286,1.117923946540043,1.0978714487084882,1.1028844118118286,210600,0.0,0.0
1986-01-07 00:00:00-05:00,1.1129109834367026,1.1129109834367026,1.1028844118118286,1.1028844118118286,201150,0.0,0.0
1986-01-08 00:00:00-05:00,1.1129108449065686,1.1129108449065686,1.05275297164917,1.05275297164917,561600,0.0,0.0
1986-01-09 00:00:00-05:00,1.0527525950566217,1.0828315209254338,1.0527525950566217,1.0677920579910278,338850,0.0,0.0
1986-01-10 00:00:00-05:00,1.0778185602393295,1.087844481611538,1.0677920579910278,1.0677920579910278,175500,0.0,0.0
1986-01-13 00:00:00-05:00,1.0778189897537231,1.0878449151212957,1.0778189897537231,1.0778189897537231,873450,0.0,0.0
1986-01-14 00:00:00-05:00,1.0978714487084882,1.1129109834367026,1.0928584856051478,1.1028844118118286,244350,0.0,0.0
1986-01-15 00:00:00-05:00,1.1028844768149526,1.1429893457581726,1.1028844768149526,1.1329634189605713,519750,0.0,0.0
1986-01-16 00:00:00-05:00,1.142988997398641,1.142988997398641,1.122936633580402,1.127949595451355,206550,0.0,0.0
1986-01-17 00:00:00-05:00,1.1229368448257446,1.1329632867882382,1.1229368448257446,1.1229368448257446,179550,0.0,0.0
1986-01-20 00:00:00-05:00,1.112910769997439,1.1179237321393702,1.102884200295508,1.107897162437439,191700,0.0,0.0
1986-01-21 00:00:00-05:00,1.1229366716095177,1.1229366716095177,1.1129107475280762,1.1129107475280762,106650,0.0,0.0
1986-01-22 00:00:00-05:00,1.1078971400692994,1.1229366716095177,1.1078971400692994,1.1129107475280762,263250,0.0,0.0
1986-01-23 00:00:00-05:00,1.107897162437439,1.112910769997439,1.107897162437439,1.107897162437439,175500,0.0,0.0
1986-01-24 00:00:00-05:00,1.1078971400692994,1.1179237095687968,1.1078971400692994,1.1129107475280762,48600,0.0,0.0
1986-01-27 00:00:00-05:00,1.117924012429585,1.137976382359372,1.1129110490307845,1.1329634189605713,387450,0.0,0.0
1986-01-28 00:00:00-05:00,1.127949595451355,1.132963073656735,1.1179236717094492,1.127949595451355,310500,0.0,0.0
1986-01-29 00:00:00-05:00,1.137976249602223,1.137976249602223,1.1229368448257446,1.1229368448257446,291600,0.0,0.0
1986-01-30 00:00:00-05:00,1.1179237095687968,1.1279496336502384,1.1129107475280762,1.1129107475280762,367200,0.0,0.0
1986-01-31 00:00:00-05:00,1.107897403110798,1.1279499014526824,1.107897403110798,1.1179239749908447,98550,0.0,0.0
1986-02-03 00:00:00-05:00,1.1229369382217635,1.1279499014526824,1.112911011759926,1.1179239749908447,153900,0.0,0.0
1986-02-04 00:00:00-05:00,1.112911011759926,1.1229369382217635,1.1028844398798792,1.1179239749908447,402300,0.0,0.0
1986-02-05 00:00:00-05:00,1.1078966993178483,1.1179232648285051,1.0828313827514648,1.0828313827514648,278100,0.0,0.0
1986-02-06 00:00:00-05:00,1.0828316647495855,1.1078969878436447,1.0828316647495855,1.0978710651397705,167400,0.0,0.0
1986-02-07 00:00:00-05:00,1.0928584856051478,1.1129109834367026,1.0928584856051478,1.1028844118118286,261900,0.0,0.0
1986-02-10 00:00:00-05:00,1.1028844118118286,1.117923946540043,1.1028844118118286,1.1028844118118286,328050,0.0,0.0
1986-02-11 00:00:00-05:00,1.1028841780285787,1.1379760740661244,1.1028841780285787,1.1129107475280762,457650,0.0,0.0
1986-02-12 00:00:00-05:00,1.10789711700622,1.1480019742496241,1.10789711700622,1.137976050376892,329400,0.0,0.0
1986-02-13 00:00:00-05:00,1.148002001476338,1.1530156089496522,1.1329631153105688,1.1429890394210815,183600,0.0,0.0
1986-02-14 00:00:00-05:00,1.1429890394210815,1.1580285710049087,1.1379760773658252,1.1429890394210815,187650,0.0,0.0
1986-02-18 00:00:00-05:00,1.1530158519744873,1.1580288150863418,1.142989280332584,1.1530158519744873,252450,0.0,0.0
1986-02-19 00:00:00-05:00,1.142988997398641,1.1530155665585808,1.122936633580402,1.127949595451355,232200,0.0,0.0
1986-02-20 00:00:00-05:00,1.1329630884405262,1.137976050376892,1.1229366482333603,1.137976050376892,155250,0.0,0.0
1986-02-21 00:00:00-05:00,1.1329635312786162,1.1730684041976929,1.1329635312786162,1.1730684041976929,386100,0.0,0.0
1986-02-24 00:00:00-05:00,1.1630413667923543,1.208159180592146,1.1530154441151423,1.20314621925354,708750,0.0,0.0
1986-02-25 00:00:00-05:00,1.2081594866181884,1.22821236972074,1.1780810655497418,1.1931205987930298,297000,0.0,0.0
1986-02-26 00:00:00-05:00,1.198133561401416,1.2031465240098023,1.1881069907665143,1.1931205987930298,337500,0.0,0.0
1986-02-27 00:00:00-05:00,1.193120268986664,1.1981332302093506,1.178080739900654,1.1981332302093506,175500,0.0,0.0
1986-02-28 00:00:00-05:00,1.2031461721543537,1.2332249716772492,1.1981332110119887,1.2231985330581665,962550,0.0,0.0
1986-03-03 00:00:00-05:00,1.2231985330581665,1.2332249716772492,1.2031461721543537,1.2231985330581665,271350,0.0,0.0
1986-03-04 00:00:00-05:00,1.2282116020291094,1.2332245615041537,1.2081587314605715,1.2081587314605713,256500,0.0,0.0
1986-03-05 00:00:00-05:00,1.2031468329905972,1.2031468329905972,1.1680549239672888,1.1730684041976929,175500,0.0,0.0
1986-03-06 00:00:00-05:00,1.1830940281581281,1.198133561401416,1.168054623998466,1.1931205987930298,199800,0.0,0.0
1986-03-07 00:00:00-05:00,1.1931209051990608,1.1931209051990608,1.1730684041976929,1.1730684041976929,448200,0.0,0.0
1986-03-10 00:00:00-05:00,1.1680549239672888,1.1780813680934612,1.153016032279984,1.1730684041976929,279450,0.0,0.0
1986-03-11 00:00:00-05:00,1.1983495950698853,1.1983495950698853,1.1629558207220596,1.1983495950698853,338850,0.018519,0.0
1986-03-12 00:00:00-05:00,1.2034062571428625,1.213518613891808,1.1882370710372925,1.1882370710372925,334800,0.0,0.0
1986-03-13 00:00:00-05:00,1.188237154324712,1.20340634149354,1.1781242760812005,1.1932933330535889,251100,0.0,0.0
1986-03-14 00:00:00-05:00,1.193293523924761,1.203406533982321,1.1629559259131452,1.1730682849884033,361800,0.0,0.0
1986-03-17 00:00:00-05:00,1.1528422494410635,1.1629552536526782,1.1326170221961451,1.1578984260559082,562950,0.0,0.0
1986-03-18 00:00:00-05:00,1.1477866552674945,1.1730682021526961,1.1477866552674945,1.168012022972107,444150,0.0,0.0
1986-03-19 00:00:00-05:00,1.1730680151281527,1.1983494277862379,1.1730680151281527,1.1882370710372925,513000,0.0,0.0
1986-03-20 00:00:00-05:00,1.1781238143605564,1.1932928653880144,1.1578984563894084,1.1629552841186523,325350,0.0,0.0
1986-03-21 00:00:00-05:00,1.1629555833200163,1.2084623575210571,1.1528425762416301,1.2084623575210571,1517400,0.0,0.0
1986-03-24 00:00:00-05:00,1.2135187832929986,1.2236316622393733,1.193293415989595,1.1983495950698853,363150,0.0,0.0
1986-03-25 00:00:00-05:00,1.1983495950698853,1.2034064251324181,1.1882372369093048,1.1983495950698853,170100,0.0,0.0
1986-03-26 00:00:00-05:00,1.203406026309547,1.2135183811187742,1.203406026309547,1.2135183811187744,449550,0.0,0.0
1986-03-27 00:00:00-05:00,1.2135185355691953,1.2135185355691953,1.198349350442671,1.2084623575210571,194400,0.0,0.0
1986-03-31 00:00:00-05:00,1.2034063339233398,1.2185748700145502,1.1983495042440762,1.2034063339233398,216000,0.0,0.0
1986-04-01 00:00:00-05:00,1.218574269046633,1.243856191635132,1.2034057404361311,1.2438561916351318,999000,0.0,0.0
1986-04-02 00:00:00-05:00,1.248912506886181,1.248912506886181,1.2135182279500623,1.2185744047164917,255150,0.0,0.0
1986-04-03 00:00:00-05:00,1.2135186989512936,1.2135186989512936,1.1932933330535889,1.1932933330535889,172800,0.0,0.0
1986-04-04 00:00:00-05:00,1.2034062571428625,1.2084624355173352,1.1730680151281527,1.1882370710372925,272700,0.0,0.0
1986-04-07 00:00:00-05:00,1.1781243579629301,1.2135187832929986,1.17306817888264,1.1983495950698853,418500,0.0,0.0
1986-04-08 00:00:00-05:00,1.2135182279500623,1.2236311022684774,1.2034058744172031,1.2185744047164917,1169100,0.0,0.0
1986-04-09 00:00:00-05:00,1.2185749623732887,1.2286878413196634,1.1983495950698853,1.1983495950698853,179550,0.0,0.0
1986-04-10 00:00:00-05:00,1.1932931723945328,1.2084623575210571,1.1932931723945328,1.2084623575210571,86400,0.0,0.0
1986-04-11 00:00:00-05:00,1.2084625126204098,1.2185748700145502,1.1831809681528656,1.2034063339233398,295650,0.0,0.0
1986-04-14 00:00:00-05:00,1.208462562899024,1.2236316204071045,1.198349554101934,1.2236316204071045,307800,0.0,0.0
1986-04-15 00:00:00-05:00,1.21351869131748,1.21351869131748,1.1983495042440762,1.2034063339233398,270000,0.0,0.0
1986-04-16 00:00:00-05:00,1.203406026309547,1.2135183811187742,1.1932930205182926,1.2135183811187744,480600,0.0,0.0
1986-04-17 00:00:00-05:00,1.2034063839915894,1.2236316204071045,1.198349554101934,1.2236316204071045,306450,0.0,0.0
1986-04-18 00:00:00-05:00,1.2185749207138934,1.2286877993145393,1.2135187418064586,1.2236316204071045,148500,0.0,0.0
1986-04-21 00:00:00-05:00,1.2135187418064586,1.2286877993145393,1.2135187418064586,1.2236316204071045,217350,0.0,0.0
1986-04-22 00:00:00-05:00,1.2286878461303212,1.2337440252304077,1.2135187880442653,1.2337440252304077,473850,0.0,0.0
1986-04-23 00:00:00-05:00,1.2135183811187742,1.2236312567136234,1.2135183811187742,1.2135183811187744,162000,0.0,0.0
1986-04-24 00:00:00-05:00,1.2236312567136234,1.228687434118237,1.2135183811187742,1.2135183811187744,230850,0.0,0.0
1986-04-25 00:00:00-05:00,1.2135187832929986,1.2236316622393733,1.193293415989595,1.1983495950698853,220050,0.0,0.0
1986-04-28 00:00:00-04:00,1.2084625202224168,1.2084625202224168,1.1730680973523238,1.1932933330535889,319950,0.0,0.0
1986-04-29 00:00:00-04:00,1.1882373443871321,1.203406533982321,1.1680121054507744,1.1730682849884033,398250,0.0,0.0
1986-04-30 00:00:00-04:00,1.1680114990746668,1.173067675987369,1.1477861404418945,1.1477861404418945,688500,0.0,0.0
1986-05-01 00:00:00-04:00,1.142730556780327,1.1730682849884033,1.142730556780327,1.1730682849884033,328050,0.0,0.0
1986-05-02 00:00:00-04:00,1.162955810510217,1.1932934055113595,1.162955810510217,1.1831810474395752,291600,0.0,0.0
1986-05-05 00:00:00-04:00,1.1730680899729704,1.2084625126204098,1.1730680899729704,1.2034063339233398,274050,0.0,0.0
1986-05-06 00:00:00-04:00,1.1932932452328486,1.2034062529285303,1.168011832663299,1.178124189376831,349650,0.0,0.0
1986-05-07 00:00:00-04:00,1.1781244645260325,1.183181164849503,1.1629559259131452,1.1730682849884033,279450,0.0,0.0
1986-05-08 00:00:00-04:00,1.1730680151281527,1.1932932494117652,1.1629556583792073,1.1882370710372925,256500,0.0,0.0
1986-05-09 00:00:00-04:00,1.1831808926628198,1.1983494277862379,1.1781241935026254,1.1882370710372925,190350,0.0,0.0
1986-05-12 00:00:00-04:00,1.183181164849503,1.1882373443871321,1.1730682849884033,1.1730682849884033,79650,0.0,0.0
1986-05-13 00:00:00-04:00,1.173067637613255,1.173067637613255,1.1629552841186523,1.1629552841186523,247050,0.0,0.0
1986-05-14 00:00:00-04:00,1.173067637613255,1.173067637613255,1.152842279642107,1.1629552841186523,207900,0.0,0.0
1986-05-15 00:00:00-04:00,1.1578990467414916,1.1629558770489483,1.1174484403719385,1.1275614500045776,353700,0.0,0.0
1986-05-16 00:00:00-04:00,1.13261762932976,1.13261762932976,1.1174484403719385,1.1275614500045776,284850,0.0,0.0
1986-05-19 00:00:00-04:00,1.1225050687789917,1.1326174256104882,1.1225050687789917,1.1225050687789917,333450,0.0,0.0
1986-05-20 00:00:00-04:00,1.1326175238824903,1.157898938940509,1.1326175238824903,1.1528427600860596,130950,0.0,0.0
1986-05-21 00:00:00-04:00,1.1528428674163091,1.1528428674163091,1.112392261046756,1.1275614500045776,407700,0.0,0.0
1986-05-22 00:00:00-04:00,1.1275614500045776,1.1427305087659443,1.1275614500045776,1.1275614500045776,253800,0.0,0.0
1986-05-23 00:00:00-04:00,1.112392060965338,1.1427303032277103,1.1073358825495896,1.1225050687789917,693900,0.0,0.0
1986-05-27 00:00:00-04:00,1.1275614500045776,1.13261762932976,1.092167022960207,1.1275614500045776,476550,0.0,0.0
1986-05-28 00:00:00-04:00,1.1326177134936712,1.1427305936813354,1.122505354091865,1.1427305936813354,924750,0.0,0.0
1986-05-29 00:00:00-04:00,1.1528427721670247,1.2236316204071045,1.1528427721670247,1.2236316204071045,807300,0.0,0.0
1986-05-30 00:00:00-04:00,1.2185744047164917,1.2337434558013365,1.2034058744172031,1.2185744047164917,753300,0.0,0.0
1986-06-02 00:00:00-04:00,1.218574419160839,1.253968698516503,1.218574419160839,1.2388001680374146,704700,0.0,0.0
1986-06-03 00:00:00-04:00,1.233743978221974,1.238800677915185,1.2236316204071045,1.2236316204071045,330750,0.0,0.0
1986-06-04 00:00:00-04:00,1.2135186989512936,1.2135186989512936,1.1932933330535889,1.1932933330535889,101250,0.0,0.0
1986-06-05 00:00:00-04:00,1.20340634149354,1.20340634149354,1.1831809755958353,1.1932933330535889,130950,0.0,0.0
1986-06-06 00:00:00-04:00,1.20340634149354,1.2084625202224168,1.1932933330535889,1.1932933330535889,194400,0.0,0.0
1986-06-09 00:00:00-04:00,1.2034058383389001,1.2034058383389001,1.1578984260559082,1.1578984260559082,453600,0.0,0.0
1986-06-10 00:00:00-04:00,1.1629992723464966,1.1834028236550889,1.1578985486986855,1.1629992723464966,220050,0.018519,0.0
1986-06-11 00:00:00-04:00,1.1732022762298584,1.1885044589103815,1.1732022762298584,1.1732022762298584,330750,0.0,0.0
1986-06-12 00:00:00-04:00,1.183403731350207,1.1885044589103815,1.1732022762298584,1.1732022762298584,83700,0.0,0.0
1986-06-13 00:00:00-04:00,1.1834040358999631,1.2038074767657807,1.1834040358999631,1.1936060190200806,413100,0.0,0.0
1986-06-16 00:00:00-04:00,1.198705915140297,1.2089073657989504,1.1936051898109703,1.2089073657989502,403650,0.0,0.0
1986-06-17 00:00:00-04:00,1.2191102504730225,1.2191102504730225,1.183403968309993,1.2191102504730225,359100,0.0,0.0
1986-06-18 00:00:00-04:00,1.2191097731389333,1.2242104997233014,1.1987062100837345,1.2140090465545654,298350,0.0,0.0
1986-06-19 00:00:00-04:00,1.2038069366681026,1.2242104997233014,1.2038069366681026,1.2140090465545654,145800,0.0,0.0
1986-06-20 00:00:00-04:00,1.2191106162853655,1.2191106162853655,1.1885050535202026,1.1885050535202026,452250,0.0,0.0
1986-06-23 00:00:00-04:00,1.198705915140297,1.2140087478458423,1.198705915140297,1.2089073657989502,166050,0.0,0.0
1986-06-24 00:00:00-04:00,1.2140088650282965,1.2140088650282965,1.1936053050239668,1.198706030845642,479250,0.0,0.0
1986-06-25 00:00:00-04:00,1.1987067478929305,1.2038074767657807,1.1885047647728133,1.1936060190200806,504900,0.0,0.0
1986-06-26 00:00:00-04:00,1.2038077116012575,1.2038077116012575,1.1936062518654846,1.2038077116012573,334800,0.0,0.0
1986-06-27 00:00:00-04:00,1.1936059508474255,1.2191102504730225,1.1936059508474255,1.2191102504730225,411750,0.0,0.0
1986-06-30 00:00:00-04:00,1.224210979054545,1.2344129615919774,1.198706679428948,1.2191102504730225,500850,0.0,0.0
1986-07-01 00:00:00-04:00,1.229311299055936,1.2497152573492378,1.229311299055936,1.2446140050888062,554850,0.0,0.0
1986-07-02 00:00:00-04:00,1.249715805053711,1.254816534175392,1.2344130923142247,1.249715805053711,303750,0.0,0.0
1986-07-03 00:00:00-04:00,1.2446140050888062,1.2599167111216762,1.2395132782025868,1.2446140050888062,700650,0.0,0.0
1986-07-07 00:00:00-04:00,1.2497151833935045,1.2497151833935045,1.2140090465545654,1.2140090465545654,600750,0.0,0.0
1986-07-08 00:00:00-04:00,1.2038077116012575,1.2140098280551797,1.1936062518654846,1.2038077116012573,340200,0.0,0.0
1986-07-09 00:00:00-04:00,1.2140090465545654,1.2242104997233014,1.2038069366681026,1.2140090465545654,178200,0.0,0.0
1986-07-10 00:00:00-04:00,1.2242104214798877,1.2344123993707623,1.1578991413116455,1.1578991413116455,554850,0.0,0.0
1986-07-11 00:00:00-04:00,1.1578997941062863,1.1630005232403118,1.122193508075608,1.1374963521957397,473850,0.0,0.0
1986-07-14 00:00:00-04:00,1.1425973364188378,1.1425973364188378,1.0864875302790862,1.0966895818710327,305100,0.0,0.0
1986-07-15 00:00:00-04:00,1.096689101952289,1.1068905580336261,1.0813863267841606,1.086487054824829,1144800,0.0,0.0
1986-07-16 00:00:00-04:00,1.0864865792609297,1.111991324721095,1.08138585345289,1.0915873050689697,535950,0.0,0.0
1986-07-17 00:00:00-04:00,1.0966895897841211,1.0966895897841211,1.0762860774993896,1.0762860774993896,329400,0.0,0.0
1986-07-18 00:00:00-04:00,1.0813869919074177,1.0864877230853673,1.050781488418579,1.050781488418579,467100,0.0,0.0
1986-07-21 00:00:00-04:00,1.0405794341083285,1.0762857163881716,1.0405794341083285,1.0711843967437744,284850,0.0,0.0
1986-07-22 00:00:00-04:00,1.0711846463964199,1.0762859672297422,1.0405796766281128,1.0405796766281128,544050,0.0,0.0
1986-07-23 00:00:00-04:00,1.0507804877291114,1.0711839183847713,1.0456796957369656,1.0609824657440186,174150,0.0,0.0
1986-07-24 00:00:00-04:00,1.0660836681455648,1.0762857163881716,1.060982939547355,1.0711843967437744,375300,0.0,0.0
1986-07-25 00:00:00-04:00,1.0711847484143573,1.0966895818710327,1.0711847484143573,1.0966895818710327,248400,0.0,0.0
1986-07-28 00:00:00-04:00,1.086487173584591,1.086487173584591,1.0660836681455648,1.0711843967437744,59400,0.0,0.0
1986-07-29 00:00:00-04:00,1.060982822418081,1.066083550453186,1.0507808409735404,1.066083550453186,205200,0.0,0.0
1986-07-30 00:00:00-04:00,1.066084025833831,1.0762860774993896,1.0558825652146582,1.0762860774993896,162000,0.0,0.0
1986-07-31 00:00:00-04:00,1.0762849828578607,1.0813857079797267,1.035477999791363,1.0456794500350952,224100,0.0,0.0
1986-08-01 00:00:00-04:00,1.0456804064151097,1.0507812018739207,1.0354789468411159,1.0405796766281128,194400,0.0,0.0
1986-08-04 00:00:00-04:00,1.0456800994521906,1.0456800994521906,1.0099738850040547,1.0252766609191895,376650,0.0,0.0
1986-08-05 00:00:00-04:00,1.0201759326295285,1.0252766609191895,1.0099738850040547,1.0252766609191895,237600,0.0,0.0
1986-08-06 00:00:00-04:00,1.0252766607489545,1.0252766607489545,0.9997724282587324,1.0048731565475464,110700,0.0,0.0
1986-08-07 00:00:00-04:00,0.9895700203299891,0.9997720642391787,0.9793685674667358,0.9793685674667358,299700,0.0,0.0
1986-08-08 00:00:00-04:00,0.9691668764335445,1.0252766607489545,0.9538641005209506,1.0048731565475464,2253150,0.0,0.0
1986-08-11 00:00:00-04:00,0.9946714688550717,1.0201756954193115,0.9946714688550717,1.0201756954193115,256500,0.0,0.0
1986-08-12 00:00:00-04:00,1.0303771496266019,1.0303771496266019,1.009973650166007,1.0201756954193115,198450,0.0,0.0
1986-08-13 00:00:00-04:00,1.0252772414823446,1.050781488418579,1.0150757134546133,1.050781488418579,1128600,0.0,0.0
1986-08-14 00:00:00-04:00,1.0405788648968421,1.0915873050689697,1.0405788648968421,1.0915873050689697,508950,0.0,0.0
1986-08-15 00:00:00-04:00,1.0915880191347067,1.1068907976150513,1.0915880191347067,1.1068907976150513,410400,0.0,0.0
1986-08-18 00:00:00-04:00,1.096689101952289,1.096689101952289,1.0813863267841606,1.086487054824829,176850,0.0,0.0
1986-08-19 00:00:00-04:00,1.0813863783039386,1.0813863783039386,1.0303773880004883,1.0303773880004883,441450,0.0,0.0
1986-08-20 00:00:00-04:00,1.0354786428728686,1.0405793711625297,1.015075138668073,1.0252766609191895,711450,0.0,0.0
1986-08-21 00:00:00-04:00,1.0354785919189453,1.0354785919189453,1.0201758824286222,1.0354785919189453,383400,0.0,0.0
1986-08-22 00:00:00-04:00,1.0303776916796075,1.0456804064151097,1.0303776916796075,1.0405796766281128,523800,0.0,0.0
1986-08-25 00:00:00-04:00,1.0507808409735404,1.0966891007560597,1.0456800472666443,1.066083550453186,3037500,0.0,0.0
1986-08-26 00:00:00-04:00,1.0711842784882908,1.0915877816748325,1.0405793192315393,1.066083550453186,253800,0.0,0.0
1986-08-27 00:00:00-04:00,1.0711841594866396,1.076285478001143,1.0405792036299015,1.0558819770812988,291600,0.0,0.0
1986-08-28 00:00:00-04:00,1.0609824657440186,1.0609824657440186,1.0558817394236422,1.0609824657440186,448200,0.0,0.0
1986-08-29 00:00:00-04:00,1.0609834761491328,1.076286260729468,1.0456806915687975,1.050781488418579,298350,0.0,0.0
1986-09-02 00:00:00-04:00,1.060982939547355,1.086487173584591,1.060982939547355,1.0711843967437744,179550,0.0,0.0
1986-09-03 00:00:00-04:00,1.0507804877291114,1.0762852357510715,1.0507804877291114,1.0609824657440186,180900,0.0,0.0
1986-09-04 00:00:00-04:00,1.0711845167763028,1.0864872953318858,1.06098305843675,1.0813865661621094,305100,0.0,0.0
1986-09-05 00:00:00-04:00,1.086487054824829,1.0915877828654976,1.0711842796567006,1.086487054824829,195750,0.0,0.0
1986-09-08 00:00:00-04:00,1.0813865661621094,1.0915880245016623,1.0711845167763028,1.0813865661621094,280800,0.0,0.0
1986-09-09 00:00:00-04:00,1.0864875381185626,1.0915882684281488,1.0558825652146582,1.0762860774993896,211950,0.0,0.0
1986-09-10 00:00:00-04:00,1.091734766960144,1.091734766960144,1.071136010281697,1.091734766960144,213300,0.018519,0.0
1986-09-11 00:00:00-04:00,1.0917348813214813,1.102033962388453,1.0762856630187603,1.081435203552246,1371600,0.0,0.0
1986-09-12 00:00:00-04:00,1.0762855502757585,1.1020338469482671,1.0762855502757585,1.091734766960144,553500,0.0,0.0
1986-09-15 00:00:00-04:00,1.0865849256515503,1.0968840027836964,1.0814347903834418,1.0865849256515503,260550,0.0,0.0
1986-09-16 00:00:00-04:00,1.081435203552246,1.0865853407879955,1.0608365110162907,1.081435203552246,429300,0.0,0.0
1986-09-17 00:00:00-04:00,1.0762859582901,1.0865856388849788,1.0711364163438744,1.0762859582901,234900,0.0,0.0
1986-09-18 00:00:00-04:00,1.0762855502757585,1.091734766960144,1.0762855502757585,1.091734766960144,228150,0.0,0.0
1986-09-19 00:00:00-04:00,1.081435203552246,1.0968844218549672,1.081435203552246,1.081435203552246,588600,0.0,0.0
1986-09-22 00:00:00-04:00,1.0814347996890963,1.09688401222229,1.0814347996890963,1.09688401222229,364500,0.0,0.0
1986-09-23 00:00:00-04:00,1.0968843069542056,1.1020338469482671,1.0865852269660825,1.091734766960144,170100,0.0,0.0
1986-09-24 00:00:00-04:00,1.1020335508326744,1.1020335508326744,1.0917344736119057,1.09688401222229,205200,0.0,0.0
1986-09-25 00:00:00-04:00,1.0968843069542056,1.1020338469482671,1.091734766960144,1.091734766960144,247050,0.0,0.0
1986-09-26 00:00:00-04:00,1.08143509026982,1.091734766960144,1.08143509026982,1.091734766960144,1233900,0.0,0.0
1986-09-29 00:00:00-04:00,1.0814349572845612,1.0814349572845612,1.0711358785629272,1.0711358785629272,345600,0.0,0.0
1986-09-30 00:00:00-04:00,1.0814347903834418,1.0865849256515503,1.0711357132512958,1.0865849256515503,251100,0.0,0.0
1986-10-01 00:00:00-04:00,1.0917346327083228,1.0917346327083228,1.0711358785629272,1.0711358785629272,222750,0.0,0.0
1986-10-02 00:00:00-04:00,1.0711364163438744,1.0814355002363258,1.0711364163438744,1.0762859582901,110700,0.0,0.0
1986-10-03 00:00:00-04:00,1.081435203552246,1.0865853407879955,1.0711361224852745,1.081435203552246,436050,0.0,0.0
1986-10-06 00:00:00-04:00,1.0814355002363258,1.0814355002363258,1.0762859582901,1.0762859582901,33750,0.0,0.0
1986-10-07 00:00:00-04:00,1.0814349572845612,1.0814349572845612,1.0711358785629272,1.0711358785629272,163350,0.0,0.0
1986-10-08 00:00:00-04:00,1.0711361224852745,1.0917348813214813,1.0711361224852745,1.081435203552246,124200,0.0,0.0
1986-10-09 00:00:00-04:00,1.0814347903834418,1.0968840027836964,1.0814347903834418,1.0865849256515503,190350,0.0,0.0
1986-10-10 00:00:00-04:00,1.0711357132512958,1.0968840027836964,1.0711357132512958,1.0865849256515503,271350,0.0,0.0
1986-10-13 00:00:00-04:00,1.0865849350015213,1.1071836861450994,1.0814347996890963,1.09688401222229,344250,0.0,0.0
1986-10-14 00:00:00-04:00,1.1071840728883164,1.1329323053359985,1.0968843953677943,1.1329323053359985,325350,0.0,0.0
1986-10-15 00:00:00-04:00,1.1277823709884507,1.132931909598835,1.0917344736119057,1.09688401222229,371250,0.0,0.0
1986-10-16 00:00:00-04:00,1.0917345372908094,1.1020336151123047,1.0917345372908094,1.1020336151123047,113400,0.0,0.0
1986-10-17 00:00:00-04:00,1.0917351808312046,1.0917351808312046,1.0556871938027699,1.0762859582901,616950,0.0,0.0
1986-10-20 00:00:00-04:00,1.081435203552246,1.081435203552246,1.0711361224852745,1.081435203552246,880200,0.0,0.0
1986-10-21 00:00:00-04:00,1.0814349572845612,1.0865850933475059,1.0711358785629272,1.0711358785629272,113400,0.0,0.0
1986-10-22 00:00:00-04:00,1.0711361740823224,1.081435255645405,1.0659866333007812,1.0659866333007812,1231200,0.0,0.0
1986-10-23 00:00:00-04:00,1.0608368020492653,1.0762859582901,1.0608368020492653,1.0762859582901,426600,0.0,0.0
1986-10-24 00:00:00-04:00,1.0814349572845612,1.0814349572845612,1.0711358785629272,1.0711358785629272,972000,0.0,0.0
1986-10-27 00:00:00-05:00,1.0711361224852745,1.0865853407879955,1.0711361224852745,1.081435203552246,202500,0.0,0.0
1986-10-28 00:00:00-05:00,1.081435203552246,1.0865853407879955,1.0762856630187603,1.081435203552246,205200,0.0,0.0
1986-10-29 00:00:00-05:00,1.0865850933475059,1.0865850933475059,1.0711358785629272,1.0711358785629272,265950,0.0,0.0
1986-10-30 00:00:00-05:00,1.081435203552246,1.081435203552246,1.0711361224852745,1.081435203552246,517050,0.0,0.0
1986-10-31 00:00:00-05:00,1.0711358785629272,1.0814349572845612,1.0711358785629272,1.0711358785629272,649350,0.0,0.0
1986-11-03 00:00:00-05:00,1.0711361224852745,1.081435203552246,1.0711361224852745,1.081435203552246,337500,0.0,0.0
1986-11-04 00:00:00-05:00,1.0711358785629272,1.0762854179237442,1.0711358785629272,1.0711358785629272,346950,0.0,0.0
1986-11-05 00:00:00-05:00,1.0711361224852745,1.0865853407879955,1.0711361224852745,1.081435203552246,201150,0.0,0.0
1986-11-06 00:00:00-05:00,1.0762859582901,1.0865856388849788,1.0762859582901,1.0762859582901,309150,0.0,0.0
1986-11-07 00:00:00-05:00,1.0762854179237442,1.0865850933475059,1.0711358785629272,1.0711358785629272,556200,0.0,0.0
1986-11-10 00:00:00-05:00,1.0762859582901,1.0762859582901,1.0711364163438744,1.0762859582901,267300,0.0,0.0
1986-11-11 00:00:00-05:00,1.0762859582901,1.0865856388849788,1.0711364163438744,1.0762859582901,702000,0.0,0.0
1986-11-12 00:00:00-05:00,1.0814355002363258,1.0865856388849788,1.0711364163438744,1.0762859582901,395550,0.0,0.0
1986-11-13 00:00:00-05:00,1.0762859582901,1.0814355002363258,1.0762859582901,1.0762859582901,303750,0.0,0.0
1986-11-14 00:00:00-05:00,1.0762859582901,1.0865856388849788,1.0762859582901,1.0762859582901,220050,0.0,0.0
1986-11-17 00:00:00-05:00,1.0711358785629272,1.0762854179237442,1.0711358785629272,1.0711358785629272,383400,0.0,0.0
1986-11-18 00:00:00-05:00,1.0762854179237442,1.0814349572845612,1.0711358785629272,1.0711358785629272,454950,0.0,0.0
1986-11-19 00:00:00-05:00,1.0762854179237442,1.0814349572845612,1.0711358785629272,1.0711358785629272,329400,0.0,0.0
1986-11-20 00:00:00-05:00,1.0762852518173687,1.0917344642176232,1.0711357132512958,1.0865849256515503,403650,0.0,0.0
1986-11-21 00:00:00-05:00,1.0917348813214813,1.0917348813214813,1.081435203552246,1.081435203552246,284850,0.0,0.0
1986-11-24 00:00:00-05:00,1.0814347903834418,1.0865849256515503,1.0814347903834418,1.0865849256515503,271350,0.0,0.0
1986-11-25 00:00:00-05:00,1.0865849256515503,1.0865849256515503,1.0814347903834418,1.0865849256515503,315900,0.0,0.0
1986-11-26 00:00:00-05:00,1.081435203552246,1.0865853407879955,1.081435203552246,1.081435203552246,205200,0.0,0.0
1986-11-28 00:00:00-05:00,1.0814355002363258,1.0865856388849788,1.0762859582901,1.0762859582901,152550,0.0,0.0
1986-12-01 00:00:00-05:00,1.0762852518173687,1.0917344642176232,1.0762852518173687,1.0865849256515503,467100,0.0,0.0
1986-12-02 00:00:00-05:00,1.0865852269660825,1.0968843069542056,1.08143509026982,1.091734766960144,862650,0.0,0.0
1986-12-03 00:00:00-05:00,1.1020336151123047,1.1071837507251279,1.0865849983800617,1.1020336151123047,255150,0.0,0.0
1986-12-04 00:00:00-05:00,1.09688401222229,1.1071836861450994,1.0917344736119057,1.09688401222229,193050,0.0,0.0
1986-12-05 00:00:00-05:00,1.0968844218549672,1.102033962388453,1.081435203552246,1.081435203552246,294300,0.0,0.0
1986-12-08 00:00:00-05:00,1.0814347903834418,1.0917344642176232,1.0814347903834418,1.0865849256515503,290250,0.0,0.0
1986-12-09 00:00:00-05:00,1.0917344642176232,1.0917344642176232,1.0814347903834418,1.0865849256515503,399600,0.0,0.0
1986-12-10 00:00:00-05:00,1.0917842388153076,1.0969836614374464,1.0813865983961073,1.0917842388153076,207900,0.018519,0.0
1986-12-11 00:00:00-05:00,1.0917842388153076,1.0969836614374464,1.0917842388153076,1.0917842388153076,187650,0.0,0.0
1986-12-12 00:00:00-05:00,1.0865851921055636,1.0969834327697754,1.0865851921055636,1.0969834327697754,224100,0.0,0.0
1986-12-15 00:00:00-05:00,1.091784011231463,1.0969834327697754,1.091784011231463,1.0969834327697754,297000,0.0,0.0
1986-12-16 00:00:00-05:00,1.0969834327697754,1.0969834327697754,1.091784011231463,1.0969834327697754,475200,0.0,0.0
1986-12-17 00:00:00-05:00,1.0917837435025877,1.0969831637658904,1.0865849256515503,1.0865849256515503,642600,0.0,0.0
1986-12-18 00:00:00-05:00,1.091784011231463,1.1021822518956748,1.0865851921055636,1.0969834327697754,1931850,0.0,0.0
1986-12-19 00:00:00-05:00,1.0969834327697754,1.0969834327697754,1.091784011231463,1.0969834327697754,718200,0.0,0.0
1986-12-22 00:00:00-05:00,1.091784011231463,1.1021822518956748,1.091784011231463,1.0969834327697754,639900,0.0,0.0
1986-12-23 00:00:00-05:00,1.09178384520488,1.09178384520488,1.0813862085342407,1.0813862085342407,587250,0.0,0.0
1986-12-24 00:00:00-05:00,1.0813861078005131,1.0917837435025877,1.0813861078005131,1.0865849256515503,419850,0.0,0.0
1986-12-26 00:00:00-05:00,1.0865854186057073,1.0917842388153076,1.0813865983961073,1.0917842388153076,106650,0.0,0.0
1986-12-29 00:00:00-05:00,1.0865849256515503,1.0917837435025877,1.0865849256515503,1.0865849256515503,400950,0.0,0.0
1986-12-30 00:00:00-05:00,1.0865850268695605,1.09178384520488,1.0813862085342407,1.0813862085342407,355050,0.0,0.0
1986-12-31 00:00:00-05:00,1.0813861078005131,1.1021819816169276,1.0813861078005131,1.0865849256515503,789750,0.0,0.0
1987-01-02 00:00:00-05:00,1.0917835750272513,1.1125794456346128,1.0917835750272513,1.1073806285858154,159300,0.0,0.0
1987-01-05 00:00:00-05:00,1.1125805455677782,1.1229787923575887,1.0969840790022143,1.1177799701690674,274050,0.0,0.0
1987-01-06 00:00:00-05:00,1.1229787923575887,1.12817761454611,1.1125805455677782,1.1177799701690674,403650,0.0,0.0
1987-01-07 00:00:00-05:00,1.1281770299437994,1.1333763849161187,1.1229782104492188,1.1229782104492188,932850,0.0,0.0
1987-01-08 00:00:00-05:00,1.1333769537976992,1.1645705557695178,1.1281775962156404,1.1593717336654663,595350,0.0,0.0
1987-01-09 00:00:00-05:00,1.1645701805691977,1.1853659977634308,1.1489730499346054,1.1541725397109985,421200,0.0,0.0
1987-01-12 00:00:00-05:00,1.1541724776253626,1.1645701179242485,1.1333765276803334,1.148972988128662,344250,0.0,0.0
1987-01-13 00:00:00-05:00,1.1749687354556282,1.1749687354556282,1.1541729115614148,1.1593717336654663,182250,0.0,0.0
1987-01-14 00:00:00-05:00,1.1437748461354686,1.1749689903525289,1.1385760229035882,1.1645708084106445,248400,0.0,0.0
1987-01-15 00:00:00-05:00,1.1749681735621578,1.2009629409987028,1.1749681735621578,1.1905646324157715,279450,0.0,0.0
1987-01-16 00:00:00-05:00,1.2009623201808508,1.2009623201808508,1.1697682137739671,1.1853652000427246,284850,0.0,0.0
1987-01-19 00:00:00-05:00,1.1801671030202472,1.2217588686591754,1.1749682829185126,1.2113606929779053,152550,0.0,0.0
1987-01-20 00:00:00-05:00,1.221758754947939,1.221758754947939,1.1905646324157715,1.1905646324157715,286200,0.0,0.0
1987-01-21 00:00:00-05:00,1.1853652000427246,1.2061611371112786,1.180166383112297,1.1853652000427246,345600,0.0,0.0
1987-01-22 00:00:00-05:00,1.2009632553034952,1.2009632553034952,1.1697691246074935,1.1749684810638428,495450,0.0,0.0
1987-01-23 00:00:00-05:00,1.1697687907253567,1.2009629125177526,1.1125799690476015,1.1229782104492188,947700,0.0,0.0
1987-01-26 00:00:00-05:00,1.122978464523581,1.143774282684705,1.122978464523581,1.128177285194397,260550,0.0,0.0
1987-01-27 00:00:00-05:00,1.1333759927951619,1.138574810491076,1.112579584121704,1.112579584121704,669600,0.0,0.0
1987-01-28 00:00:00-05:00,1.122978464523581,1.143774282684705,1.122978464523581,1.128177285194397,479250,0.0,0.0
1987-01-29 00:00:00-05:00,1.1437734597749856,1.1853652000427246,1.1437734597749856,1.1853652000427246,1517400,0.0,0.0
1987-01-30 00:00:00-05:00,1.1957636255706952,1.1957636255706952,1.1593706985105803,1.1697683334350586,661500,0.0,0.0
1987-02-02 00:00:00-05:00,1.1801664667087208,1.1957635879516602,1.1749676494100378,1.1957635879516602,271350,0.0,0.0
1987-02-03 00:00:00-05:00,1.2061614921437023,1.2425544261932373,1.2061614921437023,1.2425544261932373,334800,0.0,0.0
1987-02-04 00:00:00-05:00,1.2581512135250974,1.2789470194814248,1.247753042808161,1.2529518604278564,672300,0.0,0.0
1987-02-05 00:00:00-05:00,1.2477533750247936,1.320539116859436,1.2477533750247936,1.320539116859436,769500,0.0,0.0
1987-02-06 00:00:00-05:00,1.3205386424153227,1.3829263222192254,1.3205386424153227,1.3569315671920776,1440450,0.0,0.0
1987-02-09 00:00:00-05:00,1.3569321882569978,1.367329827288086,1.3413351942326248,1.346534013748169,862650,0.0,0.0
1987-02-10 00:00:00-05:00,1.3413347005844116,1.3465335181866471,1.3309363960330107,1.3413347005844116,1313550,0.0,0.0
1987-02-11 00:00:00-05:00,1.3413351942326248,1.346534013748169,1.3309368858543607,1.346534013748169,643950,0.0,0.0
1987-02-12 00:00:00-05:00,1.3569321541115886,1.3621309734963112,1.3361363410949707,1.3361363410949707,573750,0.0,0.0
1987-02-13 00:00:00-05:00,1.330936852363089,1.346533979864416,1.3049422199617484,1.3361363410949707,373950,0.0,0.0
1987-02-17 00:00:00-05:00,1.3309369087219238,1.3309369087219238,1.3101410948247023,1.3309369087219238,387450,0.0,0.0
1987-02-18 00:00:00-05:00,1.330936852363089,1.3517327992491386,1.3205392135936438,1.3361363410949707,494100,0.0,0.0
1987-02-19 00:00:00-05:00,1.336135882982176,1.3465335181866471,1.336135882982176,1.3413347005844116,124200,0.0,0.0
1987-02-20 00:00:00-05:00,1.3361371187115851,1.3413359411219632,1.3101418018341064,1.3101418018341064,1011150,0.0,0.0
1987-02-23 00:00:00-05:00,1.3049421243700763,1.320539116859436,1.2893449980112943,1.320539116859436,1429650,0.0,0.0
1987-02-24 00:00:00-05:00,1.3153402978555455,1.3309367548672173,1.3101409433739668,1.320539116859436,1239300,0.0,0.0
1987-02-25 00:00:00-05:00,1.320539116859436,1.3309367548672173,1.320539116859436,1.320539116859436,600750,0.0,0.0
1987-02-26 00:00:00-05:00,1.3309369087219238,1.3361363976739793,1.320539269512188,1.3309369087219238,589950,0.0,0.0
1987-02-27 00:00:00-05:00,1.3361363410949707,1.3413351604796935,1.3257380329783663,1.3361363410949707,943650,0.0,0.0
1987-03-02 00:00:00-05:00,1.3309363960330107,1.3413347005844116,1.3309363960330107,1.3413347005844116,64800,0.0,0.0
1987-03-03 00:00:00-05:00,1.341335217278847,1.341335217278847,1.3309369087219238,1.3309369087219238,67500,0.0,0.0
1987-03-04 00:00:00-05:00,1.330936852363089,1.3361363410949707,1.3205392135936438,1.3361363410949707,463050,0.0,0.0
1987-03-05 00:00:00-05:00,1.3257379531860352,1.330936772257856,1.3205391341142145,1.3257379531860352,518400,0.0,0.0
1987-03-06 00:00:00-05:00,1.320539116859436,1.320539116859436,1.2997433053661855,1.320539116859436,172800,0.0,0.0
1987-03-09 00:00:00-05:00,1.3205399821329018,1.3205399821329018,1.3049429794237284,1.3101418018341064,797850,0.0,0.0
1987-03-10 00:00:00-05:00,1.3153411597225235,1.32573880454328,1.3101418018341064,1.3101418018341064,183600,0.0,0.0
1987-03-11 00:00:00-05:00,1.3153825998306274,1.325863966181958,1.3153825998306274,1.3153825998306274,136350,0.018519,0.0
1987-03-12 00:00:00-05:00,1.3153825998306274,1.325863966181958,1.3153825998306274,1.3153825998306274,160650,0.0,0.0
1987-03-13 00:00:00-05:00,1.3153827455333795,1.3206231594085693,1.3153827455333795,1.3206231594085693,353700,0.0,0.0
1987-03-16 00:00:00-05:00,1.3206231594085693,1.3258641130457138,1.3206231594085693,1.3206231594085693,135000,0.0,0.0
1987-03-17 00:00:00-05:00,1.3206231594085693,1.3258641130457138,1.3101423316581897,1.3206231594085693,533250,0.0,0.0
1987-03-18 00:00:00-05:00,1.3311041871861249,1.3468260995014687,1.325863774648434,1.336344599723816,330750,0.0,0.0
1987-03-19 00:00:00-05:00,1.3363449407960935,1.3363449407960935,1.3206231594085693,1.3206231594085693,800550,0.0,0.0
1987-03-20 00:00:00-05:00,1.3206226829123813,1.3468259572982788,1.3206226829123813,1.3468259572982788,498150,0.0,0.0
1987-03-23 00:00:00-05:00,1.341584086418152,1.3468251700411789,1.341584086418152,1.3415840864181519,279450,0.0,0.0
1987-03-24 00:00:00-05:00,1.3415845439204523,1.3520660400390627,1.3415845439204523,1.3520660400390625,210600,0.0,0.0
1987-03-25 00:00:00-05:00,1.3520655789624003,1.3520655789624003,1.341584086418152,1.3415840864181519,363150,0.0,0.0
1987-03-26 00:00:00-05:00,1.3415845439204523,1.35730645074735,1.3415845439204523,1.3520660400390625,182250,0.0,0.0
1987-03-27 00:00:00-05:00,1.3468256293307752,1.3520660400390627,1.3468256293307752,1.3520660400390625,85050,0.0,0.0
1987-03-30 00:00:00-05:00,1.341584086418152,1.3468251700411789,1.341584086418152,1.3415840864181519,473850,0.0,0.0
1987-03-31 00:00:00-05:00,1.3415848706116915,1.357306781267054,1.3415848706116915,1.3468259572982788,109350,0.0,0.0
1987-04-01 00:00:00-05:00,1.3415848706116915,1.3625471932514417,1.3415848706116915,1.3468259572982788,297000,0.0,0.0
1987-04-02 00:00:00-05:00,1.3468248307406374,1.357305645942688,1.3415837484379767,1.357305645942688,193050,0.0,0.0
1987-04-03 00:00:00-05:00,1.3625471591949463,1.3625471591949463,1.3468259236347313,1.3625471591949463,341550,0.0,0.0
1987-04-06 00:00:00-04:00,1.3573072128921029,1.393991322912359,1.3520667992412585,1.3730289936065674,456300,0.0,0.0
1987-04-07 00:00:00-04:00,1.36254664990739,1.378268419352927,1.36254664990739,1.3677875995635986,472500,0.0,0.0
1987-04-08 00:00:00-04:00,1.3677875995635986,1.373028009458263,1.36254664990739,1.3677875995635986,322650,0.0,0.0
1987-04-09 00:00:00-04:00,1.3730289936065674,1.3730289936065674,1.367788579955723,1.3730289936065674,156600,0.0,0.0
1987-04-10 00:00:00-04:00,1.3677883970747773,1.383509635925293,1.3677883970747773,1.383509635925293,186300,0.0,0.0
1987-04-13 00:00:00-04:00,1.3782694072574118,1.3835098209082561,1.3730289936065674,1.3730289936065674,286200,0.0,0.0
1987-04-14 00:00:00-04:00,1.3677870009060467,1.3677870009060467,1.3520652383416627,1.357305645942688,810000,0.0,0.0
1987-04-15 00:00:00-04:00,1.357305645942688,1.357305645942688,1.3520652383416627,1.357305645942688,301050,0.0,0.0
1987-04-16 00:00:00-04:00,1.3520660400390627,1.3625468614556375,1.3520660400390627,1.3520660400390625,361800,0.0,0.0
1987-04-20 00:00:00-04:00,1.3677881108100973,1.3835093463703123,1.3520663354881364,1.3625471591949463,770850,0.0,0.0
1987-04-21 00:00:00-04:00,1.3625476265429473,1.3730289936065674,1.3520667992412585,1.3730289936065674,486000,0.0,0.0
1987-04-22 00:00:00-04:00,1.3730282226338406,1.3835090440504156,1.3520660400390627,1.3520660400390625,657450,0.0,0.0
1987-04-23 00:00:00-04:00,1.3520663692826664,1.3625471932514417,1.3415848706116915,1.3468259572982788,490050,0.0,0.0
1987-04-24 00:00:00-04:00,1.3363439428637538,1.3415843528255988,1.3258631229400635,1.3258631229400635,198450,0.0,0.0
1987-04-27 00:00:00-04:00,1.3206224399252717,1.3363442127474765,1.3153820289050904,1.331103801727295,990900,0.0,0.0
1987-04-28 00:00:00-04:00,1.3206224399252717,1.3468257094899148,1.3206224399252717,1.331103801727295,804600,0.0,0.0
1987-04-29 00:00:00-04:00,1.3415846237676579,1.3415846237676579,1.3258633907071136,1.331103801727295,234900,0.0,0.0
1987-04-30 00:00:00-04:00,1.3311032685757087,1.341584086418152,1.3258628596544872,1.3415840864181519,170100,0.0,0.0
1987-05-01 00:00:00-04:00,1.3415843528255988,1.3415843528255988,1.3258631229400635,1.3258631229400635,267300,0.0,0.0
1987-05-04 00:00:00-04:00,1.325863774648434,1.336344599723816,1.3206228223489265,1.336344599723816,203850,0.0,0.0
1987-05-05 00:00:00-04:00,1.3363442127474765,1.3415846237676579,1.331103801727295,1.331103801727295,121500,0.0,0.0
1987-05-06 00:00:00-04:00,1.3311035329019087,1.3415843528255988,1.3258631229400635,1.3258631229400635,278100,0.0,0.0
1987-05-07 00:00:00-04:00,1.331104379476676,1.331104379476676,1.3153825998306274,1.3153825998306274,47250,0.0,0.0
1987-05-08 00:00:00-04:00,1.320622745508955,1.331104109736299,1.2839391851772675,1.310141921043396,152550,0.0,0.0
1987-05-11 00:00:00-04:00,1.3049019177829997,1.3363449407960935,1.3049019177829997,1.3206231594085693,148500,0.0,0.0
1987-05-12 00:00:00-04:00,1.3101412943543937,1.3153817040804916,1.2996598002002893,1.304900884628296,97200,0.0,0.0
1987-05-13 00:00:00-04:00,1.2996599069986277,1.2996599069986277,1.2629759563784198,1.2891790866851807,294300,0.0,0.0
1987-05-14 00:00:00-04:00,1.283938167827172,1.283938167827172,1.2682164038244537,1.2734568119049072,244350,0.0,0.0
1987-05-15 00:00:00-04:00,1.2734576173964172,1.2734576173964172,1.2524954320541763,1.2682172060012817,645300,0.0,0.0
1987-05-18 00:00:00-04:00,1.2734568119049072,1.2734568119049072,1.257735047902189,1.2734568119049072,592650,0.0,0.0
1987-05-19 00:00:00-04:00,1.2734573189437464,1.2996599095401762,1.2734573189437464,1.2786977291107178,411750,0.0,0.0
1987-05-20 00:00:00-04:00,1.2786980206325769,1.2996602058410645,1.2786980206325769,1.2996602058410645,114750,0.0,0.0
1987-05-21 00:00:00-04:00,1.2891790866851807,1.2996599069986277,1.283938676528457,1.2891790866851807,183600,0.0,0.0
1987-05-22 00:00:00-04:00,1.2996593937409613,1.2996593937409613,1.2839381694793701,1.2839381694793701,502200,0.0,0.0
1987-05-26 00:00:00-04:00,1.2944193904741916,1.304900884628296,1.2944193904741916,1.304900884628296,72900,0.0,0.0
1987-05-27 00:00:00-04:00,1.304901291904882,1.3101417032665799,1.2996602058410645,1.2996602058410645,369900,0.0,0.0
1987-05-28 00:00:00-04:00,1.2996598002002893,1.304900884628296,1.2996598002002893,1.304900884628296,261900,0.0,0.0
1987-05-29 00:00:00-04:00,1.3101416178849088,1.3468257094899148,1.3101416178849088,1.331103801727295,472500,0.0,0.0
1987-06-01 00:00:00-04:00,1.3206231594085693,1.3311045269209036,1.3153827455333795,1.3206231594085693,322650,0.0,0.0
1987-06-02 00:00:00-04:00,1.3206224399252717,1.3363442127474765,1.3206224399252717,1.331103801727295,126900,0.0,0.0
1987-06-03 00:00:00-04:00,1.341584086418152,1.3468251700411789,1.3363436774969304,1.3415840864181519,79650,0.0,0.0
1987-06-04 00:00:00-04:00,1.3520655789624003,1.3520655789624003,1.3311032685757087,1.3415840864181519,128250,0.0,0.0
1987-06-05 00:00:00-04:00,1.3415845439204523,1.3520660400390627,1.3363441332121648,1.3520660400390625,94500,0.0,0.0
1987-06-08 00:00:00-04:00,1.3415848370791437,1.3625471591949463,1.3363444252257386,1.3625471591949463,152550,0.0,0.0
1987-06-09 00:00:00-04:00,1.3625460535437133,1.3625460535437133,1.3415837484379767,1.357305645942688,145800,0.0,0.0
1987-06-10 00:00:00-04:00,1.3467440605163574,1.3678695146067719,1.336181673447559,1.3467440605163574,421200,0.018519,0.0
1987-06-11 00:00:00-04:00,1.3467440605163574,1.3625883210723726,1.3414628669819582,1.3467440605163574,849150,0.0,0.0
1987-06-12 00:00:00-04:00,1.3467436018889645,1.352024793624878,1.3414624101530508,1.352024793624878,63450,0.0,0.0
1987-06-15 00:00:00-04:00,1.3467433259688473,1.3573063872291053,1.3361809446610358,1.3414621353149414,94500,0.0,0.0
1987-06-16 00:00:00-04:00,1.3361813323626874,1.341462524548965,1.3308995962142944,1.3308995962142944,452250,0.0,0.0
1987-06-17 00:00:00-04:00,1.3256187424165062,1.3520252540507565,1.3256187424165062,1.3467440605163574,557550,0.0,0.0
1987-06-18 00:00:00-04:00,1.3414624101530508,1.3573066653133774,1.3414624101530508,1.352024793624878,311850,0.0,0.0
1987-06-19 00:00:00-04:00,1.352024983076705,1.3625880479812622,1.346743790600767,1.3625880479812622,256500,0.0,0.0
1987-06-22 00:00:00-04:00,1.3625876714241725,1.3678688624406299,1.3520246094387638,1.3573064804077148,217350,0.0,0.0
1987-06-23 00:00:00-04:00,1.3678692404572002,1.373150432933138,1.3573068555053243,1.3625880479812622,292950,0.0,0.0
1987-06-24 00:00:00-04:00,1.3731502294540405,1.378431965109454,1.3625878460673424,1.3731502294540405,421200,0.0,0.0
1987-06-25 00:00:00-04:00,1.383712807723992,1.3942751884460451,1.383712807723992,1.394275188446045,356400,0.0,0.0
1987-06-26 00:00:00-04:00,1.3837131444819106,1.3995573993734576,1.3784319528355866,1.3889943361282349,298350,0.0,0.0
1987-06-29 00:00:00-04:00,1.3837133646011353,1.3942757495740332,1.3784321721146864,1.3837133646011353,279450,0.0,0.0
1987-06-30 00:00:00-04:00,1.3837126559786603,1.3942750355423865,1.3678685426712036,1.3678685426712036,1142100,0.0,0.0
1987-07-01 00:00:00-04:00,1.3784321693712211,1.388994554323097,1.3625880479812622,1.3625880479812622,437400,0.0,0.0
1987-07-02 00:00:00-04:00,1.367868692678985,1.3942751884460451,1.367868692678985,1.394275188446045,437400,0.0,0.0
1987-07-06 00:00:00-04:00,1.394275540189501,1.4048386035287799,1.3731502294540405,1.3731502294540405,503550,0.0,0.0
1987-07-07 00:00:00-04:00,1.3837132274089974,1.3837132274089974,1.3784320354461672,1.378432035446167,106650,0.0,0.0
1987-07-08 00:00:00-04:00,1.3784316173629654,1.3942751884460451,1.3784316173629654,1.394275188446045,83700,0.0,0.0
1987-07-09 00:00:00-04:00,1.3995570587594808,1.4048382491205074,1.3942751884460451,1.394275188446045,81000,0.0,0.0
1987-07-10 00:00:00-04:00,1.3942757701119946,1.4154012203216553,1.3889945775477526,1.4154012203216553,184950,0.0,0.0
1987-07-13 00:00:00-04:00,1.4154005847695474,1.420682318924306,1.40483820438385,1.40483820438385,446850,0.0,0.0
1987-07-14 00:00:00-04:00,1.3995570141910014,1.4101193945766988,1.3942751440457655,1.40483820438385,1756350,0.0,0.0
1987-07-15 00:00:00-04:00,1.4048390554024837,1.4154014421866277,1.4048390554024837,1.4101202487945557,171450,0.0,0.0
1987-07-16 00:00:00-04:00,1.4048388351931713,1.4206829568480515,1.4048388351931713,1.4154012203216553,577800,0.0,0.0
1987-07-17 00:00:00-04:00,1.410120098044404,1.4470895357611362,1.410120098044404,1.4418083429336548,938250,0.0,0.0
1987-07-20 00:00:00-04:00,1.431245070192972,1.4629334434758674,1.4259638786315918,1.4259638786315918,1992600,0.0,0.0
1987-07-21 00:00:00-04:00,1.4206829568480515,1.4312453419765354,1.4154012203216553,1.4154012203216553,418500,0.0,0.0
1987-07-22 00:00:00-04:00,1.4101200277574133,1.4154012203216553,1.4048388351931713,1.4154012203216553,58050,0.0,0.0
1987-07-23 00:00:00-04:00,1.4101202487945557,1.4206831795409391,1.4101202487945557,1.4101202487945557,63450,0.0,0.0
1987-07-24 00:00:00-04:00,1.4048388351931713,1.4154012203216553,1.3942757701119946,1.4154012203216553,1232550,0.0,0.0
1987-07-27 00:00:00-04:00,1.4154012908718854,1.4470895357611362,1.4154012908718854,1.4418083429336548,839700,0.0,0.0
1987-07-28 00:00:00-04:00,1.4365274008741433,1.4840593685338204,1.4365274008741433,1.473496437072754,931500,0.0,0.0
1987-07-29 00:00:00-04:00,1.4734961340349542,1.4999033212661743,1.4734961340349542,1.4999033212661743,148500,0.0,0.0
1987-07-30 00:00:00-04:00,1.5051839260755895,1.5210280418395996,1.5051839260755895,1.5210280418395996,282150,0.0,0.0
1987-07-31 00:00:00-04:00,1.531591773033142,1.5368729682888365,1.5210293825217536,1.531591773033142,405000,0.0,0.0
1987-08-03 00:00:00-04:00,1.5210293825217536,1.5421548434975698,1.5210293825217536,1.531591773033142,182250,0.0,0.0
1987-08-04 00:00:00-04:00,1.5263108291464846,1.5421550974760085,1.5263108291464846,1.5368732213974,205200,0.0,0.0
1987-08-05 00:00:00-04:00,1.5368729682888365,1.5368729682888365,1.531591773033142,1.531591773033142,792450,0.0,0.0
1987-08-06 00:00:00-04:00,1.536871507977578,1.5527157586427411,1.536871507977578,1.5474345684051514,355050,0.0,0.0
1987-08-07 00:00:00-04:00,1.55271577835083,1.5579969686554525,1.5421533977415856,1.55271577835083,495450,0.0,0.0
1987-08-10 00:00:00-04:00,1.55271577835083,1.5579969686554525,1.547434588046208,1.55271577835083,199800,0.0,0.0
1987-08-11 00:00:00-04:00,1.547435019993738,1.5844044503695005,1.547435019993738,1.5791232585906982,884250,0.0,0.0
1987-08-12 00:00:00-04:00,1.5791232585906982,1.6055298974373011,1.5685603310710203,1.5791232585906982,1258200,0.0,0.0
1987-08-13 00:00:00-04:00,1.5685609739111261,1.5844050997029715,1.5685609739111261,1.573842167854309,810000,0.0,0.0
1987-08-14 00:00:00-04:00,1.573842167854309,1.5791239057597883,1.5685609739111261,1.573842167854309,272700,0.0,0.0
1987-08-17 00:00:00-04:00,1.5685609391421824,1.5844050645828247,1.5685609391421824,1.5844050645828247,1027350,0.0,0.0
1987-08-18 00:00:00-04:00,1.5738410635550155,1.5738410635550155,1.5421533781675614,1.5474345684051514,229500,0.0,0.0
1987-08-19 00:00:00-04:00,1.5421550974760085,1.5421550974760085,1.5315920252719422,1.5368732213974,48600,0.0,0.0
1987-08-20 00:00:00-04:00,1.5315908901306876,1.552716338928506,1.5315908901306876,1.5421539545059204,662850,0.0,0.0
1987-08-21 00:00:00-04:00,1.55271577835083,1.5579969686554525,1.547434588046208,1.55271577835083,584550,0.0,0.0
1987-08-24 00:00:00-04:00,1.5527157586427411,1.5632786830798355,1.5474345684051511,1.5474345684051514,446850,0.0,0.0
1987-08-25 00:00:00-04:00,1.5474345684051511,1.5579969488803311,1.5474345684051511,1.5474345684051514,186300,0.0,0.0
1987-08-26 00:00:00-04:00,1.547434588046208,1.55271577835083,1.547434588046208,1.55271577835083,155250,0.0,0.0
1987-08-27 00:00:00-04:00,1.5474345684051511,1.5474345684051511,1.5474345684051511,1.5474345684051514,72900,0.0,0.0
1987-08-28 00:00:00-04:00,1.5474351467172132,1.552716338928506,1.5210285057081019,1.5421539545059204,245700,0.0,0.0
1987-08-31 00:00:00-04:00,1.5421533781675614,1.5474345684051511,1.5421533781675614,1.5474345684051514,130950,0.0,0.0
1987-09-01 00:00:00-04:00,1.5474360387532642,1.5527172340089583,1.531591773033142,1.531591773033142,279450,0.0,0.0
1987-09-02 00:00:00-04:00,1.521028635881419,1.531591021207959,1.4734961340349542,1.4999033212661743,515700,0.0,0.0
1987-09-03 00:00:00-04:00,1.499904691560091,1.5104670865363012,1.484060419142449,1.4893416166305542,189000,0.0,0.0
1987-09-04 00:00:00-04:00,1.4946221906053974,1.5157476516982118,1.4893409953204546,1.510466456413269,216000,0.0,0.0
1987-09-08 00:00:00-04:00,1.5104657065927145,1.5104657065927145,1.4999033212661743,1.4999033212661743,315900,0.0,0.0
1987-09-09 00:00:00-04:00,1.4999033212661743,1.5104657065927145,1.4999033212661743,1.4999033212661743,635850,0.0,0.0
1987-09-10 00:00:00-04:00,1.5211793184280398,1.5318171697250687,1.510542014951455,1.5211793184280396,301050,0.018519,0.0
1987-09-11 00:00:00-04:00,1.5264966598086982,1.5264966598086982,1.5105407182905362,1.5158593654632568,172800,0.0,0.0
1987-09-14 00:00:00-04:00,1.510542014951455,1.5211793184280398,1.510542014951455,1.5211793184280396,132300,0.0,0.0
1987-09-15 00:00:00-04:00,1.5158594906218092,1.5211781382336698,1.510540843009949,1.5105408430099487,175500,0.0,0.0
1987-09-16 00:00:00-04:00,1.510540843009949,1.5211781382336698,1.510540843009949,1.5105408430099487,396900,0.0,0.0
1987-09-17 00:00:00-04:00,1.5158594906218092,1.5264967858455303,1.510540843009949,1.5105408430099487,201150,0.0,0.0
1987-09-18 00:00:00-04:00,1.5105407182905362,1.5211780126359775,1.5105407182905362,1.5158593654632568,313200,0.0,0.0
1987-09-21 00:00:00-04:00,1.5211793184280398,1.5211793184280398,1.510542014951455,1.5211793184280396,349650,0.0,0.0
1987-09-22 00:00:00-04:00,1.5211793184280398,1.5211793184280398,1.510542014951455,1.5211793184280396,126900,0.0,0.0
1987-09-23 00:00:00-04:00,1.5211792086769493,1.5424543619155884,1.5211792086769493,1.5424543619155884,193050,0.0,0.0
1987-09-24 00:00:00-04:00,1.5318160353186812,1.5796850981092518,1.5318160353186812,1.5743664503097534,448200,0.0,0.0
1987-09-25 00:00:00-04:00,1.563728683749084,1.5743665276909764,1.563728683749084,1.5690473318099976,129600,0.0,0.0
1987-09-28 00:00:00-04:00,1.5850042181938098,1.5903234153983123,1.5743669194252083,1.5796855688095093,249750,0.0,0.0
1987-09-29 00:00:00-04:00,1.579685009313633,1.5956414996352364,1.579685009313633,1.5903228521347046,129600,0.0,0.0
1987-09-30 00:00:00-04:00,1.600961192273535,1.6275551319122312,1.600961192273535,1.6275551319122314,182250,0.0,0.0
1987-10-01 00:00:00-04:00,1.6381924003917996,1.648829698562622,1.622235905315395,1.648829698562622,297000,0.0,0.0
1987-10-02 00:00:00-04:00,1.6488294668193193,1.6594674482701852,1.6435108184814453,1.6435108184814453,105300,0.0,0.0
1987-10-05 00:00:00-04:00,1.6594679191929347,1.6754244165547758,1.6594679191929347,1.670105218887329,245700,0.0,0.0
1987-10-06 00:00:00-04:00,1.659467455032154,1.6647861033917004,1.6381921768188477,1.6381921768188477,201150,0.0,0.0
1987-10-07 00:00:00-04:00,1.6381929816778926,1.6381929816778926,1.6169178299669356,1.6275551319122314,614250,0.0,0.0
1987-10-08 00:00:00-04:00,1.632873528459301,1.6381921768188477,1.6222356839201117,1.6381921768188477,596700,0.0,0.0
1987-10-09 00:00:00-04:00,1.6381921484065987,1.6381921484065987,1.622235655784607,1.622235655784607,306450,0.0,0.0
1987-10-12 00:00:00-04:00,1.6222361408166912,1.6275547906742152,1.6169174909591675,1.6169174909591675,846450,0.0,0.0
1987-10-13 00:00:00-04:00,1.6169169967801469,1.6169169967801469,1.6062790155410767,1.6062790155410767,275400,0.0,0.0
1987-10-14 00:00:00-04:00,1.6062787946363002,1.6062787946363002,1.5903228521347046,1.5903228521347046,280800,0.0,0.0
1987-10-15 00:00:00-04:00,1.5850037952374985,1.5850037952374985,1.5264968872070312,1.5264968872070312,3829950,0.0,0.0
1987-10-16 00:00:00-04:00,1.4999027378884608,1.5052213850566367,1.3988454286832646,1.4041640758514404,631800,0.0,0.0
1987-10-19 00:00:00-04:00,1.1701376044257679,1.1914128908692687,1.1063120190054199,1.1169493198394775,1336500,0.0,0.0
1987-10-20 00:00:00-04:00,1.1063115389907263,1.138224043944311,1.0212107725285708,1.05844247341156,1128600,0.0,0.0
1987-10-21 00:00:00-04:00,1.0956735482326618,1.191412214390903,1.0956735482326618,1.1594996452331543,1112400,0.0,0.0
1987-10-22 00:00:00-04:00,1.1701373025037711,1.1860939344130697,1.1382242441177368,1.1382242441177368,1182600,0.0,0.0
1987-10-23 00:00:00-04:00,1.143542960070337,1.1488616065598083,1.0956733612504093,1.1063112020492554,305100,0.0,0.0
1987-10-26 00:00:00-05:00,1.1063118330024684,1.1063118330024684,1.0265296934468675,1.0637614727020264,502200,0.0,0.0
1987-10-27 00:00:00-05:00,1.074398771747647,1.0956739861366316,1.0584427547016888,1.0637614727020264,492750,0.0,0.0
1987-10-28 00:00:00-05:00,1.0584422386189323,1.0584422386189323,1.0265291929244995,1.0265291929244995,297000,0.0,0.0
1987-10-29 00:00:00-05:00,1.0371677086928937,1.0797180730918965,1.021211142289742,1.0743988752365112,689850,0.0,0.0
1987-10-30 00:00:00-05:00,1.095673887642309,1.1382242441177368,1.095673887642309,1.1382242441177368,395550,0.0,0.0
1987-11-02 00:00:00-05:00,1.138224572577276,1.1435438394546509,1.122268620838748,1.1435438394546509,221400,0.0,0.0
1987-11-03 00:00:00-05:00,1.1329057917483563,1.138224441716384,1.0956740778541054,1.100993275642395,220050,0.0,0.0
1987-11-04 00:00:00-05:00,1.0797180730918965,1.0797180730918965,1.0637615751662783,1.0743988752365112,444150,0.0,0.0
1987-11-05 00:00:00-05:00,1.063761606030145,1.0903554047975856,1.063761606030145,1.0850367546081543,399600,0.0,0.0
1987-11-06 00:00:00-05:00,1.085035999793979,1.1116298485387266,1.0797173533045077,1.1063112020492554,163350,0.0,0.0
1987-11-09 00:00:00-05:00,1.0956737555237592,1.0956737555237592,1.0797177418361568,1.0903550386428833,303750,0.0,0.0
1987-11-10 00:00:00-05:00,1.0850366186134839,1.0850366186134839,1.0637614727020264,1.0637614727020264,297000,0.0,0.0
1987-11-11 00:00:00-05:00,1.0637614727020264,1.0797179690906735,1.0637614727020264,1.0637614727020264,140400,0.0,0.0
1987-11-12 00:00:00-05:00,1.0956740916747794,1.1009932895301646,1.0743988752365112,1.0743988752365112,387450,0.0,0.0
1987-11-13 00:00:00-05:00,1.0743985456126928,1.0903550386428833,1.0690798972093294,1.0903550386428833,630450,0.0,0.0
1987-11-16 00:00:00-05:00,1.0956740916747794,1.0956740916747794,1.0743988752365112,1.0743988752365112,427950,0.0,0.0
1987-11-17 00:00:00-05:00,1.069079838107737,1.0743984862170715,1.0531232774821553,1.05844247341156,261900,0.0,0.0
1987-11-18 00:00:00-05:00,1.06376170211337,1.0743990034530362,1.06376170211337,1.0690803527832031,672300,0.0,0.0
1987-11-19 00:00:00-05:00,1.0690801222248367,1.0850366186134839,1.0637614727020264,1.0637614727020264,700650,0.0,0.0
1987-11-20 00:00:00-05:00,1.0637614727020264,1.0637614727020264,1.0318483429696779,1.0637614727020264,254475,0.0,2.0
1987-11-23 00:00:00-05:00,1.074399294916297,1.074399294916297,1.0531240701675415,1.0531240701675415,591975,0.0,0.0
1987-11-24 00:00:00-05:00,1.0637615751662783,1.0956740916747794,1.0637615751662783,1.0743988752365112,375975,0.0,0.0
1987-11-25 00:00:00-05:00,1.0850364109792723,1.1807751655578613,1.0850364109792723,1.1807751655578613,221400,0.0,0.0
1987-11-27 00:00:00-05:00,1.1595003873459155,1.1701376889483375,1.106312098917675,1.1275873184204102,897750,0.0,0.0
1987-11-30 00:00:00-05:00,1.1063116445687045,1.1063116445687045,1.0637612915156986,1.0956737995147705,401625,0.0,0.0
1987-12-01 00:00:00-05:00,1.1063119716636995,1.1063119716636995,1.0743989064090074,1.0850367546081543,191025,0.0,0.0
1987-12-02 00:00:00-05:00,1.0956737995147705,1.0956737995147705,1.0531233779842493,1.0956737995147705,477225,0.0,0.0
1987-12-03 00:00:00-05:00,1.0956739861366316,1.0956739861366316,1.0531235573586624,1.0637614727020264,126225,0.0,0.0
1987-12-04 00:00:00-05:00,1.0531235573586624,1.074398771747647,1.0318483429696779,1.0637614727020264,488025,0.0,0.0
1987-12-07 00:00:00-05:00,1.0531229567398563,1.1169484950281978,1.042485663760914,1.1063112020492554,329400,0.0,0.0
1987-12-08 00:00:00-05:00,1.1169490316412625,1.1488621585048178,1.1063117335518693,1.1382242441177368,265950,0.0,0.0
1987-12-09 00:00:00-05:00,1.1275868316147286,1.1807751655578613,1.1275868316147286,1.1807751655578613,232200,0.0,0.0
1987-12-10 00:00:00-05:00,1.1721715927124023,1.2044329281694401,1.1506633204069816,1.1721715927124023,315900,0.022222,0.0
1987-12-11 00:00:00-05:00,1.17217230763805,1.1829258619295615,1.1614181995391846,1.1614181995391846,294300,0.0,0.0
1987-12-14 00:00:00-05:00,1.1829251025055105,1.2474483251571655,1.1829251025055105,1.2474483251571655,708750,0.0,0.0
1987-12-15 00:00:00-05:00,1.2474497107156026,1.2582038238551927,1.1829264163970947,1.1829264163970947,558225,0.0,0.0
1987-12-16 00:00:00-05:00,1.1936790397119221,1.225940227508545,1.1936790397119221,1.225940227508545,218025,0.0,0.0
1987-12-17 00:00:00-05:00,1.21518668284529,1.2366944644303723,1.1936790397119221,1.225940227508545,776250,0.0,0.0
1987-12-18 00:00:00-05:00,1.2366944644303723,1.2689556522269951,1.225940227508545,1.225940227508545,505575,0.0,0.0
1987-12-21 00:00:00-05:00,1.2366944972824618,1.2366944972824618,1.1936790714213312,1.2151867151260376,432675,0.0,0.0
1987-12-22 00:00:00-05:00,1.2259405284491698,1.2366947680109193,1.1936793327331543,1.1936793327331543,210600,0.0,0.0
1987-12-23 00:00:00-05:00,1.2151869907348372,1.2474483251571655,1.2151869907348372,1.2474483251571655,1210275,0.0,0.0
1987-12-24 00:00:00-05:00,1.2474483251571655,1.2797102133864922,1.2366947777693054,1.2474483251571655,314550,0.0,0.0
1987-12-28 00:00:00-05:00,1.2259406142431106,1.2259406142431106,1.1829251759550334,1.2044329643249512,135000,0.0,0.0
1987-12-29 00:00:00-05:00,1.1936790397119221,1.225940227508545,1.1829248027900947,1.225940227508545,124875,0.0,0.0
1987-12-30 00:00:00-05:00,1.2044328895399787,1.2474483251571655,1.2044328895399787,1.2474483251571655,260550,0.0,0.0
1987-12-31 00:00:00-05:00,1.2259402600749543,1.2474480422313787,1.2044326163702481,1.2151867151260376,170100,0.0,0.0
1988-01-04 00:00:00-05:00,1.2259403128660749,1.301217622880991,1.2151867674540917,1.2582021951675415,808650,0.0,0.0
1988-01-05 00:00:00-05:00,1.2582023872409709,1.2797101736068726,1.2366947393268146,1.2797101736068726,714825,0.0,0.0
1988-01-06 00:00:00-05:00,1.2689564228057861,1.27971066625817,1.2582028716123947,1.2689564228057861,551475,0.0,0.0
1988-01-07 00:00:00-05:00,1.2689564228057861,1.27971066625817,1.2474487666118093,1.2689564228057861,181575,0.0,0.0
1988-01-08 00:00:00-05:00,1.2689559737398841,1.2689559737398841,1.2366947777693054,1.2474483251571655,803925,0.0,0.0
1988-01-11 00:00:00-05:00,1.2259412818595523,1.247449081942071,1.2044336202288672,1.2366955280303955,355050,0.0,0.0
1988-01-12 00:00:00-05:00,1.2474480422313787,1.2474480422313787,1.2151867151260376,1.2151867151260376,191025,0.0,0.0
1988-01-13 00:00:00-05:00,1.2151867151260376,1.2259402600749543,1.2044326163702481,1.2151867151260376,61425,0.0,0.0
1988-01-14 00:00:00-05:00,1.225940227508545,1.2366944644303723,1.204432584375177,1.225940227508545,1665225,0.0,0.0
1988-01-15 00:00:00-05:00,1.2904634338120773,1.2904634338120773,1.225940227508545,1.225940227508545,410400,0.0,0.0
1988-01-18 00:00:00-05:00,1.2259412818595523,1.247449081942071,1.2151877279478769,1.2366955280303955,325350,0.0,0.0
1988-01-19 00:00:00-05:00,1.2366955280303955,1.2366955280303955,1.2259412818595523,1.2366955280303955,62775,0.0,0.0
1988-01-20 00:00:00-05:00,1.2366947680109193,1.2366947680109193,1.1721715458683974,1.1936793327331543,681075,0.0,0.0
1988-01-21 00:00:00-05:00,1.1829248342138237,1.2151867151260376,1.1829248342138237,1.2151867151260376,280800,0.0,0.0
1988-01-22 00:00:00-05:00,1.225940227508545,1.2474480090936273,1.225940227508545,1.225940227508545,379350,0.0,0.0
1988-01-25 00:00:00-05:00,1.2259405381226973,1.2474483251571655,1.2151869907348372,1.2474483251571655,396225,0.0,0.0
1988-01-26 00:00:00-05:00,1.2366947777693054,1.2474483251571655,1.2259405381226973,1.2474483251571655,172800,0.0,0.0
1988-01-27 00:00:00-05:00,1.2474480959486618,1.2582021951675415,1.2474480959486618,1.2582021951675415,166725,0.0,0.0
1988-01-28 00:00:00-05:00,1.2474480959486618,1.2904635236621116,1.2474480959486618,1.2582021951675415,859950,0.0,0.0
1988-01-29 00:00:00-05:00,1.2582023872409709,1.2797101736068726,1.2582023872409709,1.2797101736068726,51300,0.0,0.0
1988-02-01 00:00:00-05:00,1.2904641666780297,1.3227259266032476,1.2904641666780297,1.3012182712554932,386100,0.0,0.0
1988-02-02 00:00:00-05:00,1.3012177602535822,1.3334789537023175,1.290463659899367,1.3119713068008423,432000,0.0,0.0
1988-02-03 00:00:00-05:00,1.3227254071550574,1.3442331925082713,1.3012177602535822,1.3119713068008423,310500,0.0,0.0
1988-02-04 00:00:00-05:00,1.311972181698412,1.311972181698412,1.2904645204544067,1.2904645204544067,479250,0.0,0.0
1988-02-05 00:00:00-05:00,1.2904635236621116,1.3119711682929742,1.2582021951675415,1.2582021951675415,373950,0.0,0.0
1988-02-08 00:00:00-05:00,1.2689564228057861,1.2904642174515615,1.2582028716123947,1.2689564228057861,220050,0.0,0.0
1988-02-09 00:00:00-05:00,1.2689559342945587,1.2904637206604601,1.2689559342945587,1.2797101736068726,791775,0.0,0.0
1988-02-10 00:00:00-05:00,1.2797109667360662,1.3012186279800715,1.2797109667360662,1.2904645204544067,353700,0.0,0.0
1988-02-11 00:00:00-05:00,1.2904645204544067,1.3012186279800715,1.2904645204544067,1.2904645204544067,316575,0.0,0.0
1988-02-12 00:00:00-05:00,1.29046413298409,1.3227258920669553,1.29046413298409,1.3227258920669556,536625,0.0,0.0
1988-02-16 00:00:00-05:00,1.3119711638450686,1.3334788084030151,1.3119711638450686,1.3334788084030151,541350,0.0,0.0
1988-02-17 00:00:00-05:00,1.3227257223992688,1.344233512878418,1.3227257223992688,1.344233512878418,594675,0.0,0.0
1988-02-18 00:00:00-05:00,1.3334788084030151,1.3549865914126853,1.3334788084030151,1.3334788084030151,508950,0.0,0.0
1988-02-19 00:00:00-05:00,1.3657410844977549,1.4195100729487764,1.3657410844977549,1.3872488737106323,822825,0.0,0.0
1988-02-22 00:00:00-05:00,1.419510006904602,1.4410177951168075,1.3872488091674438,1.419510006904602,759375,0.0,0.0
1988-02-23 00:00:00-05:00,1.4302647673948583,1.4302647673948583,1.3872493137754551,1.408756971359253,392175,0.0,0.0
1988-02-24 00:00:00-05:00,1.4087565244717464,1.4087565244717464,1.3657410844977549,1.3872488737106323,424575,0.0,0.0
1988-02-25 00:00:00-05:00,1.3980024354899159,1.4087565378763274,1.3549869951066245,1.3764946460723877,1094850,0.0,0.0
1988-02-26 00:00:00-05:00,1.3764946329747847,1.4087565244717464,1.3764946329747847,1.3872488737106323,988200,0.0,0.0
1988-02-29 00:00:00-05:00,1.3980025778717218,1.4302644729614256,1.3872490281971575,1.4302644729614258,477900,0.0,0.0
1988-03-01 00:00:00-05:00,1.419510523247537,1.419510523247537,1.398002865663739,1.408756971359253,665550,0.0,0.0
1988-03-02 00:00:00-05:00,1.3980025778717218,1.4410180226359899,1.3980025778717218,1.4302644729614258,321975,0.0,0.0
1988-03-03 00:00:00-05:00,1.4410180226359899,1.4410180226359899,1.4195102310279664,1.4302644729614258,129600,0.0,0.0
1988-03-04 00:00:00-05:00,1.4302644729614256,1.4410180226359899,1.408756681353402,1.4302644729614258,375300,0.0,0.0
1988-03-07 00:00:00-05:00,1.4302644729614256,1.4410180226359899,1.4195102310279664,1.4302644729614258,362475,0.0,0.0
1988-03-08 00:00:00-05:00,1.441018075961847,1.4732798337936401,1.441018075961847,1.4732798337936401,878175,0.0,0.0
1988-03-09 00:00:00-05:00,1.473279991846566,1.4840342353317044,1.4625264406204221,1.4625264406204224,857925,0.0,0.0
1988-03-10 00:00:00-05:00,1.4517725689430314,1.4625266757049715,1.4195106640126747,1.4410184621810913,691875,0.0,0.0
1988-03-11 00:00:00-05:00,1.4323377208452126,1.4431891441345215,1.4106357124840359,1.4431891441345215,392850,0.022222,0.0
1988-03-14 00:00:00-05:00,1.4106350475382763,1.4323370456695557,1.388932909704156,1.4323370456695557,314550,0.0,0.0
1988-03-15 00:00:00-05:00,1.4323370456695557,1.4431884638437185,1.4323370456695557,1.4323370456695557,224775,0.0,0.0
1988-03-16 00:00:00-05:00,1.432337688465518,1.4974445502946712,1.432337688465518,1.4865931272506714,262575,0.0,0.0
1988-03-17 00:00:00-05:00,1.4974445502946712,1.4974445502946712,1.4757424027211905,1.4865931272506714,488700,0.0,0.0
1988-03-18 00:00:00-05:00,1.5082948452925935,1.5082948452925935,1.475741982460022,1.475741982460022,385425,0.0,0.0
1988-03-21 00:00:00-05:00,1.4757412782772918,1.4865919945390489,1.4540387281313998,1.4648900032043457,293625,0.0,0.0
1988-03-22 00:00:00-05:00,1.4648900032043457,1.4757412782772918,1.4540387281313998,1.4648900032043457,112050,0.0,0.0
1988-03-23 00:00:00-05:00,1.4648916957450198,1.4865937121543038,1.4540404081344604,1.4540404081344604,507600,0.0,0.0
1988-03-24 00:00:00-05:00,1.4540398360389986,1.4865931272506716,1.4431891115095175,1.4865931272506714,270675,0.0,0.0
1988-03-25 00:00:00-05:00,1.475741982460022,1.4865927038994393,1.464890702209149,1.475741982460022,371925,0.0,0.0
1988-03-28 00:00:00-05:00,1.4757412782772918,1.4865919945390489,1.4431880118696427,1.4648900032043457,569700,0.0,0.0
1988-03-29 00:00:00-05:00,1.4648916957450198,1.4865937121543038,1.4431896793357357,1.4540404081344604,249075,0.0,0.0
1988-03-30 00:00:00-05:00,1.4648910258752825,1.4757423085237351,1.4106355905532837,1.4106355905532837,132975,0.0,0.0
1988-03-31 00:00:00-05:00,1.3889335644199525,1.4540398689092962,1.3780828396451779,1.4431891441345215,332100,0.0,0.0
1988-04-04 00:00:00-04:00,1.4540391835036761,1.4540391835036761,1.4106350475382763,1.4323370456695557,438075,0.0,0.0
1988-04-05 00:00:00-04:00,1.4106356903464035,1.4431891214860157,1.3889335426228997,1.4214869737625122,249075,0.0,0.0
1988-04-06 00:00:00-04:00,1.4106350475382763,1.4431884638437185,1.388932909704156,1.4323370456695557,357750,0.0,0.0
1988-04-07 00:00:00-04:00,1.4106356903464035,1.4431891214860157,1.3997849657419132,1.4214869737625122,348975,0.0,0.0
1988-04-08 00:00:00-04:00,1.4214869639360368,1.4865931272506716,1.4214869639360368,1.4865931272506714,741825,0.0,0.0
1988-04-11 00:00:00-04:00,1.4974441238531762,1.4974441238531762,1.454039421958276,1.475741982460022,431325,0.0,0.0
1988-04-12 00:00:00-04:00,1.4865927038994393,1.4865927038994393,1.454039421958276,1.475741982460022,614250,0.0,0.0
1988-04-13 00:00:00-04:00,1.475741982460022,1.4865927038994393,1.464890702209149,1.475741982460022,486000,0.0,0.0
1988-04-14 00:00:00-04:00,1.4540400489357703,1.4648913338656833,1.3997851610183716,1.3997851610183716,324675,0.0,0.0
1988-04-15 00:00:00-04:00,1.3889337363855347,1.4214871720665008,1.3780830102673183,1.3997851610183716,289575,0.0,0.0
1988-04-18 00:00:00-04:00,1.410635887136588,1.443189322817554,1.3997851610183716,1.3997851610183716,218025,0.0,0.0
1988-04-19 00:00:00-04:00,1.410635887136588,1.4214871720665008,1.3997851610183716,1.3997851610183716,152550,0.0,0.0
1988-04-20 00:00:00-04:00,1.3997849763473045,1.3997849763473045,1.3129766642014014,1.356380820274353,233550,0.0,0.0
1988-04-21 00:00:00-04:00,1.3455293412404452,1.3889334955123434,1.3455293412404452,1.3672314882278442,260550,0.0,0.0
1988-04-22 00:00:00-04:00,1.3780827712758936,1.3780827712758936,1.3672314882278442,1.3672314882278442,75600,0.0,0.0
1988-04-25 00:00:00-04:00,1.3889334955123434,1.3889334955123434,1.3672314882278442,1.3672314882278442,182925,0.0,0.0
1988-04-26 00:00:00-04:00,1.3780830102673183,1.410635887136588,1.3672317253374056,1.3997851610183716,227475,0.0,0.0
1988-04-27 00:00:00-04:00,1.4106356424997424,1.4106356424997424,1.3672314882278442,1.3672314882278442,182925,0.0,0.0
1988-04-28 00:00:00-04:00,1.3780828284593758,1.3780828284593758,1.3563808202743528,1.356380820274353,142425,0.0,0.0
1988-04-29 00:00:00-04:00,1.3672303579539586,1.4106344763441627,1.3672303579539586,1.3889323472976685,270675,0.0,0.0
1988-05-02 00:00:00-04:00,1.3889334955123434,1.3889334955123434,1.3563807639913945,1.3672314882278442,259875,0.0,0.0
1988-05-03 00:00:00-04:00,1.378082036972046,1.3997841723955748,1.3563800412513423,1.378082036972046,94500,0.0,0.0
1988-05-04 00:00:00-04:00,1.3563795859481071,1.3672303007604902,1.3021241957500707,1.3346774578094482,527175,0.0,0.0
1988-05-05 00:00:00-04:00,1.3346774578094482,1.3455281726218313,1.3021241957500707,1.3346774578094482,226800,0.0,0.0
1988-05-06 00:00:00-04:00,1.3672314882278442,1.3780827712758936,1.3563807639913945,1.3672314882278442,582525,0.0,0.0
1988-05-09 00:00:00-04:00,1.367231049406309,1.378082328971571,1.3238269090652466,1.3238269090652466,325350,0.0,0.0
1988-05-10 00:00:00-04:00,1.3563797790526846,1.3563797790526846,1.3346776478243447,1.3455283641815186,244350,0.0,0.0
1988-05-11 00:00:00-04:00,1.323826372655977,1.3455283641815186,1.3021243811304355,1.3455283641815186,476550,0.0,0.0
1988-05-12 00:00:00-04:00,1.3455285969992197,1.3455285969992197,1.3129758834838867,1.3129758834838867,321300,0.0,0.0
1988-05-13 00:00:00-04:00,1.3129766097194961,1.3780827712758936,1.3129766097194961,1.3672314882278442,361800,0.0,0.0
1988-05-16 00:00:00-04:00,1.3672303579539586,1.3889323472976685,1.3563796426876726,1.3889323472976685,190350,0.0,0.0
1988-05-17 00:00:00-04:00,1.3889334955123434,1.4323376497842417,1.3672314882278442,1.3672314882278442,508275,0.0,0.0
1988-05-18 00:00:00-04:00,1.3563803286524674,1.367231049406309,1.312976188311405,1.3238269090652466,296325,0.0,0.0
1988-05-19 00:00:00-04:00,1.3021241957500707,1.3455281726218313,1.3021241957500707,1.3346774578094482,74250,0.0,0.0
1988-05-20 00:00:00-04:00,1.3455281726218313,1.3455281726218313,1.3346774578094482,1.3346774578094482,123525,0.0,0.0
1988-05-23 00:00:00-04:00,1.3238273888881014,1.3563808202743528,1.3129766642014014,1.356380820274353,121500,0.0,0.0
1988-05-24 00:00:00-04:00,1.3346774578094482,1.3455281726218313,1.3238261841859509,1.3346774578094482,201825,0.0,0.0
1988-05-25 00:00:00-04:00,1.3455283641815186,1.3780817705782262,1.3346776478243447,1.3455283641815186,142425,0.0,0.0
1988-05-26 00:00:00-04:00,1.3455281726218313,1.3455281726218313,1.3021241957500707,1.3346774578094482,437400,0.0,0.0
1988-05-27 00:00:00-04:00,1.3238269090652466,1.3346781886305086,1.3238269090652466,1.3238269090652466,50625,0.0,0.0
1988-05-31 00:00:00-04:00,1.3346781886305086,1.3455289093843503,1.312976188311405,1.3238269090652466,181575,0.0,0.0
1988-06-01 00:00:00-04:00,1.3238266285618105,1.378082036972046,1.3238266285618105,1.378082036972046,228150,0.0,0.0
1988-06-02 00:00:00-04:00,1.3672307319826944,1.3672307319826944,1.3129758834838867,1.3129758834838867,260550,0.0,0.0
1988-06-03 00:00:00-04:00,1.3129756562988033,1.3563797790526846,1.3129756562988033,1.3455283641815186,95175,0.0,0.0
1988-06-06 00:00:00-04:00,1.3563797790526846,1.3563797790526846,1.3346776478243447,1.3455283641815186,97200,0.0,0.0
1988-06-07 00:00:00-04:00,1.3346774578094482,1.3346774578094482,1.312975469373568,1.3346774578094482,259875,0.0,0.0
1988-06-08 00:00:00-04:00,1.3238266285618105,1.3889327554267468,1.3238266285618105,1.378082036972046,392175,0.0,0.0
1988-06-09 00:00:00-04:00,1.3780817705782262,1.3780817705782262,1.3455283641815186,1.3455283641815186,102600,0.0,0.0
1988-06-10 00:00:00-04:00,1.3477208881522502,1.3805918609533228,1.3477208881522502,1.3696351051330566,363825,0.022222,0.0
1988-06-13 00:00:00-04:00,1.3805909944173298,1.3805909944173298,1.358676791191101,1.358676791191101,64125,0.0,0.0
1988-06-14 00:00:00-04:00,1.3477214146023002,1.4134639501571655,1.3477214146023002,1.4134639501571655,502200,0.0,0.0
1988-06-15 00:00:00-04:00,1.3915486335754395,1.4025053850850426,1.3696345662842353,1.3915486335754395,197775,0.0,0.0
1988-06-16 00:00:00-04:00,1.3915491810458083,1.4025059368660744,1.3696351051330566,1.3696351051330566,346950,0.0,0.0
1988-06-17 00:00:00-04:00,1.4025059368660744,1.4025059368660744,1.3696351051330566,1.3696351051330566,184950,0.0,0.0
1988-06-20 00:00:00-04:00,1.3696345662842353,1.3915486335754395,1.358677109434635,1.3915486335754395,120825,0.0,0.0
1988-06-21 00:00:00-04:00,1.369634758677674,1.4025055820958665,1.358677300288873,1.3805915117263794,314550,0.0,0.0
1988-06-22 00:00:00-04:00,1.3805909944173298,1.3915483076323938,1.358676791191101,1.358676791191101,481950,0.0,0.0
1988-06-23 00:00:00-04:00,1.3696351051330566,1.3696351051330566,1.3586776439725163,1.3696351051330566,332100,0.0,0.0
1988-06-24 00:00:00-04:00,1.3696345662842353,1.3915486335754395,1.358677109434635,1.3915486335754395,224775,0.0,0.0
1988-06-27 00:00:00-04:00,1.3805915117263794,1.3915488290471614,1.369634758677674,1.3805915117263794,83025,0.0,0.0
1988-06-28 00:00:00-04:00,1.3805915117263794,1.4025055820958665,1.358677300288873,1.3805915117263794,159300,0.0,0.0
1988-06-29 00:00:00-04:00,1.3805909944173298,1.3805909944173298,1.358676791191101,1.358676791191101,486000,0.0,0.0
1988-06-30 00:00:00-04:00,1.3805915117263794,1.3915488290471614,1.358677300288873,1.3805915117263794,333450,0.0,0.0
1988-07-01 00:00:00-04:00,1.3805918609533228,1.3805918609533228,1.3477208881522502,1.3696351051330566,328050,0.0,0.0
1988-07-05 00:00:00-04:00,1.3805918609533228,1.3805918609533228,1.3586776439725163,1.3696351051330566,103275,0.0,0.0
1988-07-06 00:00:00-04:00,1.3696347923142926,1.3805915456320828,1.3148491918410474,1.3367632627487183,218700,0.0,0.0
1988-07-07 00:00:00-04:00,1.3367630113662867,1.3367630113662867,1.303892193322285,1.3258062601089478,143775,0.0,0.0
1988-07-08 00:00:00-04:00,1.3258059650600689,1.358676775788901,1.2929344489914134,1.3477200269699097,408375,0.0,0.0
1988-07-11 00:00:00-04:00,1.3367630113662867,1.3477203268956104,1.3258062601089478,1.3258062601089478,69525,0.0,0.0
1988-07-12 00:00:00-04:00,1.3148493672366526,1.3148493672366526,1.3038926124572754,1.3038926124572754,202500,0.0,0.0
1988-07-13 00:00:00-04:00,1.303892232277161,1.3148489838618422,1.2819780237677967,1.292934775352478,289575,0.0,0.0
1988-07-14 00:00:00-04:00,1.2929346423798247,1.3038920981775812,1.2600638267343987,1.281977891921997,181575,0.0,0.0
1988-07-15 00:00:00-04:00,1.303892232277161,1.303892232277161,1.2600639563264329,1.292934775352478,321975,0.0,0.0
1988-07-18 00:00:00-04:00,1.2929342322629807,1.2929342322629807,1.2710201740264893,1.2710201740264893,173475,0.0,0.0
1988-07-19 00:00:00-04:00,1.281978540836307,1.281978540836307,1.2381502472080361,1.249107003211975,143775,0.0,0.0
1988-07-20 00:00:00-04:00,1.2381492277396935,1.2710201740264893,1.2381492277396935,1.2710201740264893,622350,0.0,0.0
1988-07-21 00:00:00-04:00,1.2600644645562,1.2600644645562,1.2381502472080361,1.249107003211975,159300,0.0,0.0
1988-07-22 00:00:00-04:00,1.2381497174741416,1.2491064687903093,1.2271924018859863,1.2271924018859863,267300,0.0,0.0
1988-07-25 00:00:00-04:00,1.2381492277396935,1.2710201740264893,1.2381492277396935,1.2710201740264893,398250,0.0,0.0
1988-07-26 00:00:00-04:00,1.2600634270441258,1.281977485280617,1.2600634270441258,1.2710201740264893,182925,0.0,0.0
1988-07-27 00:00:00-04:00,1.2710201740264893,1.281977485280617,1.249105974722057,1.2710201740264893,260550,0.0,0.0
1988-07-28 00:00:00-04:00,1.281977485280617,1.281977485280617,1.2600634270441258,1.2710201740264893,364500,0.0,0.0
1988-07-29 00:00:00-04:00,1.281977485280617,1.3038916845850494,1.2710201740264893,1.2710201740264893,295650,0.0,0.0
1988-08-01 00:00:00-04:00,1.2819780237677967,1.292934775352478,1.2600639563264329,1.292934775352478,300375,0.0,0.0
1988-08-02 00:00:00-04:00,1.292935152337691,1.3148493672366526,1.2819783975583139,1.3038926124572754,209250,0.0,0.0
1988-08-03 00:00:00-04:00,1.292934775352478,1.303892232277161,1.2710207079111142,1.292934775352478,232200,0.0,0.0
1988-08-04 00:00:00-04:00,1.2819780237677967,1.292934775352478,1.2819780237677967,1.292934775352478,271350,0.0,0.0
1988-08-05 00:00:00-04:00,1.2929342322629807,1.2929342322629807,1.2710201740264893,1.2710201740264893,268650,0.0,0.0
1988-08-08 00:00:00-04:00,1.2710205771922263,1.2929346423798247,1.2710205771922263,1.281977891921997,292950,0.0,0.0
1988-08-09 00:00:00-04:00,1.271020757867069,1.271020757867069,1.2381497964810695,1.2600640058517456,452250,0.0,0.0
1988-08-10 00:00:00-04:00,1.2600643338316218,1.2600643338316218,1.1724071208627649,1.1833645105361938,618300,0.0,0.0
1988-08-11 00:00:00-04:00,1.1833640788246835,1.2052781448367014,1.1724066931486967,1.1943213939666748,375300,0.0,0.0
1988-08-12 00:00:00-04:00,1.1724066931486967,1.1943213939666748,1.1724066931486967,1.1943213939666748,294975,0.0,0.0
1988-08-15 00:00:00-04:00,1.1943218296756015,1.1943218296756015,1.1833645105361938,1.1833645105361938,131625,0.0,0.0
1988-08-16 00:00:00-04:00,1.1833644095078457,1.1833644095078457,1.150492878100119,1.1614502668380737,207225,0.0,0.0
1988-08-17 00:00:00-04:00,1.1614503649411256,1.1614503649411256,1.1066647567701215,1.1285789012908936,317250,0.0,0.0
1988-08-18 00:00:00-04:00,1.1176219814985295,1.1614502668380737,1.0957079093627726,1.1614502668380737,901125,0.0,0.0
1988-08-19 00:00:00-04:00,1.1504925566026833,1.2052781448367014,1.1504925566026833,1.1943213939666748,178200,0.0,0.0
1988-08-22 00:00:00-04:00,1.194321761573271,1.2052785158157349,1.183364443058669,1.2052785158157349,189000,0.0,0.0
1988-08-23 00:00:00-04:00,1.1943218296756015,1.2162360447502891,1.1724071208627649,1.1833645105361938,195075,0.0,0.0
1988-08-24 00:00:00-04:00,1.1724071208627649,1.2052785845428389,1.1724071208627649,1.1833645105361938,392175,0.0,0.0
1988-08-25 00:00:00-04:00,1.1833640788246835,1.2052781448367014,1.1833640788246835,1.1943213939666748,433350,0.0,0.0
1988-08-26 00:00:00-04:00,1.1943213939666748,1.2052781448367014,1.1833640788246835,1.1943213939666748,345600,0.0,0.0
1988-08-29 00:00:00-04:00,1.2052785158157349,1.2052785158157349,1.183364443058669,1.2052785158157349,464400,0.0,0.0
1988-08-30 00:00:00-04:00,1.194321761573271,1.2162359753983716,1.194321761573271,1.2052785158157349,373275,0.0,0.0
1988-08-31 00:00:00-04:00,1.2052781811249083,1.216235637664795,1.2052781811249083,1.216235637664795,264600,0.0,0.0
1988-09-01 00:00:00-04:00,1.2162359753983716,1.2162359753983716,1.2052785158157349,1.2052785158157349,335475,0.0,0.0
1988-09-02 00:00:00-04:00,1.2162356944585182,1.2600639709167345,1.2162356944585182,1.2381497621536255,220050,0.0,0.0
1988-09-06 00:00:00-04:00,1.2491068023979015,1.2491068023979015,1.2052785158157349,1.2052785158157349,278775,0.0,0.0
1988-09-07 00:00:00-04:00,1.194321761573271,1.2052785158157349,1.194321761573271,1.2052785158157349,394875,0.0,0.0
1988-09-08 00:00:00-04:00,1.2162356505698184,1.2271924018859863,1.2052781939136663,1.2271924018859863,97875,0.0,0.0
1988-09-09 00:00:00-04:00,1.2271924018859863,1.2381497174741416,1.2162356505698184,1.2271924018859863,104625,0.0,0.0
1988-09-12 00:00:00-04:00,1.218332214708107,1.2294083484197023,1.20725679397583,1.20725679397583,275400,0.022222,0.0
1988-09-13 00:00:00-04:00,1.2072564378317712,1.2404834032058716,1.2072564378317712,1.2404834032058716,117450,0.0,0.0
1988-09-14 00:00:00-04:00,1.2294080257415771,1.2404834435669305,1.1961804889030805,1.2294080257415771,390825,0.0,0.0
1988-09-15 00:00:00-04:00,1.2183318949370923,1.251559431775589,1.207256477111739,1.2294080257415771,391500,0.0,0.0
1988-09-16 00:00:00-04:00,1.2404837434581648,1.2515597343444824,1.2183321894731118,1.2515597343444824,186300,0.0,0.0
1988-09-19 00:00:00-04:00,1.2515589810567915,1.2515589810567915,1.2183314561843872,1.2183314561843872,98550,0.0,0.0
1988-09-20 00:00:00-04:00,1.207256042347577,1.2183314561843872,1.1961800581276674,1.2183314561843872,126225,0.0,0.0
1988-09-21 00:00:00-04:00,1.207256042347577,1.2183314561843872,1.1961800581276674,1.2183314561843872,64800,0.0,0.0
1988-09-22 00:00:00-04:00,1.1961807900400117,1.2072567810370363,1.1740293071314802,1.1851047277450562,504900,0.0,0.0
1988-09-23 00:00:00-04:00,1.1851044102997776,1.1851044102997776,1.1518775156779162,1.174028992652893,656100,0.0,0.0
1988-09-26 00:00:00-04:00,1.1740293071314802,1.1851047277450562,1.1629532448365245,1.1851047277450562,182925,0.0,0.0
1988-09-27 00:00:00-04:00,1.1851044102997776,1.1851044102997776,1.1629529333248008,1.174028992652893,71550,0.0,0.0
1988-09-28 00:00:00-04:00,1.1629529333248008,1.1851044102997776,1.1518775156779162,1.174028992652893,215325,0.0,0.0
1988-09-29 00:00:00-04:00,1.1629529333248008,1.1851044102997776,1.1518775156779162,1.174028992652893,822150,0.0,0.0
1988-09-30 00:00:00-04:00,1.174028992652893,1.1851044102997776,1.1629529333248008,1.174028992652893,452925,0.0,0.0
1988-10-03 00:00:00-04:00,1.185104167361068,1.1961802244186401,1.1629526949270002,1.1961802244186401,363150,0.0,0.0
1988-10-04 00:00:00-04:00,1.174029319714158,1.20725679397583,1.174029319714158,1.20725679397583,94500,0.0,0.0
1988-10-05 00:00:00-04:00,1.2183316255548107,1.2183316255548107,1.185104167361068,1.1961802244186401,162675,0.0,0.0
1988-10-06 00:00:00-04:00,1.19618046962787,1.19618046962787,1.174028992652893,1.174028992652893,280125,0.0,0.0
1988-10-07 00:00:00-04:00,1.174029319714158,1.20725679397583,1.174029319714158,1.20725679397583,294975,0.0,0.0
1988-10-10 00:00:00-04:00,1.19618046962787,1.19618046962787,1.174028992652893,1.174028992652893,556200,0.0,0.0
1988-10-11 00:00:00-04:00,1.1740287519845722,1.1961802244186401,1.1740287519845722,1.1961802244186401,303075,0.0,0.0
1988-10-12 00:00:00-04:00,1.1961810483583712,1.1961810483583712,1.1518780729739673,1.162953495979309,432000,0.0,0.0
1988-10-13 00:00:00-04:00,1.1518778365682176,1.218332214708107,1.1518778365682176,1.20725679397583,549450,0.0,0.0
1988-10-14 00:00:00-04:00,1.2072567810370363,1.2183322016506122,1.1629532448365245,1.1851047277450562,395550,0.0,0.0
1988-10-17 00:00:00-04:00,1.1961807900400117,1.1961807900400117,1.1851047277450562,1.1851047277450562,246375,0.0,0.0
1988-10-18 00:00:00-04:00,1.1629526949270002,1.1961802244186401,1.1629526949270002,1.1961802244186401,303075,0.0,0.0
1988-10-19 00:00:00-04:00,1.185104167361068,1.1961802244186401,1.185104167361068,1.1961802244186401,125550,0.0,0.0
1988-10-20 00:00:00-04:00,1.1961808028600984,1.20725679397583,1.185104740446435,1.20725679397583,64125,0.0,0.0
1988-10-21 00:00:00-04:00,1.185104740446435,1.218332214708107,1.185104740446435,1.20725679397583,65475,0.0,0.0
1988-10-24 00:00:00-04:00,1.207256477111739,1.2404834435669305,1.1961804889030805,1.2294080257415771,240975,0.0,0.0
1988-10-25 00:00:00-04:00,1.229407583000072,1.240482996836882,1.2183314561843872,1.2183314561843872,81000,0.0,0.0
1988-10-26 00:00:00-04:00,1.229407583000072,1.229407583000072,1.1961800581276674,1.2183314561843872,328050,0.0,0.0
1988-10-27 00:00:00-04:00,1.1961802244186401,1.2072562101783149,1.185104167361068,1.1961802244186401,171450,0.0,0.0
1988-10-28 00:00:00-04:00,1.207256042347577,1.229407583000072,1.1961800581276674,1.2183314561843872,107325,0.0,0.0
1988-10-31 00:00:00-05:00,1.20725679397583,1.218332214708107,1.1961808028600984,1.20725679397583,138375,0.0,0.0
1988-11-01 00:00:00-05:00,1.2072562101783149,1.2072562101783149,1.1961802244186401,1.1961802244186401,236925,0.0,0.0
1988-11-02 00:00:00-05:00,1.1961802244186401,1.2072562101783149,1.1961802244186401,1.1961802244186401,608850,0.0,0.0
1988-11-03 00:00:00-05:00,1.185104740446435,1.218332214708107,1.185104740446435,1.20725679397583,1336500,0.0,0.0
1988-11-04 00:00:00-05:00,1.1961804889030805,1.2294080257415771,1.1961804889030805,1.2294080257415771,627750,0.0,0.0
1988-11-07 00:00:00-05:00,1.218332214708107,1.218332214708107,1.1961808028600984,1.20725679397583,218025,0.0,0.0
1988-11-08 00:00:00-05:00,1.207256042347577,1.229407583000072,1.207256042347577,1.2183314561843872,247725,0.0,0.0
1988-11-09 00:00:00-05:00,1.2294083484197023,1.2294083484197023,1.20725679397583,1.20725679397583,99900,0.0,0.0
1988-11-10 00:00:00-05:00,1.1961800581276674,1.229407583000072,1.1961800581276674,1.2183314561843872,218025,0.0,0.0
1988-11-11 00:00:00-05:00,1.1961807900400117,1.2072567810370363,1.1851047277450562,1.1851047277450562,143100,0.0,0.0
1988-11-14 00:00:00-05:00,1.1961804889030805,1.2404834435669305,1.1961804889030805,1.2294080257415771,261225,0.0,0.0
1988-11-15 00:00:00-05:00,1.2183314561843872,1.229407583000072,1.207256042347577,1.2183314561843872,280125,0.0,0.0
1988-11-16 00:00:00-05:00,1.2183316255548107,1.2183316255548107,1.185104167361068,1.1961802244186401,598725,0.0,0.0
1988-11-17 00:00:00-05:00,1.1961807780839198,1.2515597343444824,1.1961807780839198,1.2515597343444824,382050,0.0,0.0
1988-11-18 00:00:00-05:00,1.262634808519153,1.2737109389632586,1.2404834032058716,1.2404834032058716,508950,0.0,0.0
1988-11-21 00:00:00-05:00,1.2183318552967686,1.2404834032058716,1.2183318552967686,1.2404834032058716,445500,0.0,0.0
1988-11-22 00:00:00-05:00,1.2404834032058716,1.2515593910541556,1.2294079857408742,1.2404834032058716,408375,0.0,0.0
1988-11-23 00:00:00-05:00,1.2515593005929246,1.2847862635654195,1.2404833135452,1.27371084690094,622350,0.0,0.0
1988-11-25 00:00:00-05:00,1.2626351118087769,1.2737112449134105,1.2515596916834224,1.2626351118087769,157950,0.0,0.0
1988-11-28 00:00:00-05:00,1.262634717257404,1.2847862635654195,1.262634717257404,1.27371084690094,121500,0.0,0.0
1988-11-29 00:00:00-05:00,1.2626350301949405,1.2958625717859542,1.2626350301949405,1.284786581993103,78975,0.0,0.0
1988-11-30 00:00:00-05:00,1.2847859748982378,1.2958619594573975,1.2847859748982378,1.2958619594573975,166050,0.0,0.0
1988-12-01 00:00:00-05:00,1.2847859355460964,1.2847859355460964,1.2183314561843872,1.2183314561843872,257850,0.0,0.0
1988-12-02 00:00:00-05:00,1.207256477111739,1.2294080257415771,1.1740290115711556,1.2294080257415771,600075,0.0,0.0
1988-12-05 00:00:00-05:00,1.2428435478657394,1.265237034396722,1.2428435478657394,1.254040002822876,720900,0.022222,0.0
1988-12-06 00:00:00-05:00,1.2652375362883566,1.2652375362883566,1.2204504013061523,1.2204504013061523,486675,0.0,0.0
1988-12-07 00:00:00-05:00,1.2204499171805796,1.254040002822876,1.2204499171805796,1.254040002822876,340875,0.0,0.0
1988-12-08 00:00:00-05:00,1.2428440408743717,1.2428440408743717,1.2092533652906907,1.2204504013061523,550800,0.0,0.0
1988-12-09 00:00:00-05:00,1.231646372137716,1.265237034396722,1.231646372137716,1.254040002822876,706050,0.0,0.0
1988-12-12 00:00:00-05:00,1.254039843041669,1.254039843041669,1.2316462152097525,1.2428433895111084,370575,0.0,0.0
1988-12-13 00:00:00-05:00,1.1420733975746529,1.1868605613708496,1.1420733975746529,1.1868605613708496,494775,0.0,0.0
1988-12-14 00:00:00-05:00,1.1868599850344719,1.1980564461993097,1.175662875175476,1.175662875175476,282825,0.0,0.0
1988-12-15 00:00:00-05:00,1.1756621197881445,1.2092527790882777,1.1644656658172607,1.1644656658172607,307125,0.0,0.0
1988-12-16 00:00:00-05:00,1.1644669794727511,1.1868605613708496,1.1644669794727511,1.1868605613708496,712800,0.0,0.0
1988-12-19 00:00:00-05:00,1.1980570279726623,1.2204511864880698,1.1868605613708496,1.1868605613708496,600075,0.0,0.0
1988-12-20 00:00:00-05:00,1.1756634460745639,1.1980570279726623,1.1756634460745639,1.1868605613708496,300375,0.0,0.0
1988-12-21 00:00:00-05:00,1.1868592224527692,1.1868592224527692,1.1644656658172607,1.1644656658172607,230175,0.0,0.0
1988-12-22 00:00:00-05:00,1.1644670500778416,1.1756635173585293,1.1532700061798096,1.1532700061798096,336150,0.0,0.0
1988-12-23 00:00:00-05:00,1.1532686352297183,1.1868592224527692,1.1532686352297183,1.1644656658172607,112050,0.0,0.0
1988-12-27 00:00:00-05:00,1.1756621197881445,1.1756621197881445,1.1644656658172607,1.1644656658172607,53325,0.0,0.0
1988-12-28 00:00:00-05:00,1.1756621197881445,1.1756621197881445,1.1532686352297183,1.1644656658172607,208575,0.0,0.0
1988-12-29 00:00:00-05:00,1.1532700061798096,1.1644670500778416,1.1532700061798096,1.1532700061798096,140400,0.0,0.0
1988-12-30 00:00:00-05:00,1.1644656658172607,1.1644656658172607,1.1532686352297183,1.1644656658172607,284175,0.0,0.0
1989-01-03 00:00:00-05:00,1.1644666808022015,1.1644666808022015,1.130876064300537,1.130876064300537,467100,0.0,0.0
1989-01-04 00:00:00-05:00,1.1308755234112462,1.153269088855009,1.1308755234112462,1.1420725584030151,402975,0.0,0.0
1989-01-05 00:00:00-05:00,1.1420734668219539,1.198057100614417,1.1420734668219539,1.1532700061798096,487350,0.0,0.0
1989-01-06 00:00:00-05:00,1.153269088855009,1.164466123846778,1.1420725584030151,1.1420725584030151,255150,0.0,0.0
1989-01-09 00:00:00-05:00,1.142073104647764,1.142073104647764,1.097286024416034,1.130876064300537,1528200,0.0,0.0
1989-01-10 00:00:00-05:00,1.1308755234112462,1.164466123846778,1.1308755234112462,1.1420725584030151,213975,0.0,0.0
1989-01-11 00:00:00-05:00,1.1532700061798096,1.1644670500778416,1.1420734668219539,1.1532700061798096,197775,0.0,0.0
1989-01-12 00:00:00-05:00,1.1644658475323135,1.2092529677923665,1.142072287402287,1.1980558633804321,515025,0.0,0.0
1989-01-13 00:00:00-05:00,1.18685940766234,1.2092529677923665,1.18685940766234,1.1980558633804321,677700,0.0,0.0
1989-01-16 00:00:00-05:00,1.2092541432689479,1.2204511864880698,1.1756634460745639,1.1868605613708496,384750,0.0,0.0
1989-01-17 00:00:00-05:00,1.1868605613708496,1.2092541432689479,1.1756634460745639,1.1868605613708496,351675,0.0,0.0
1989-01-18 00:00:00-05:00,1.1756623032504057,1.2092529677923665,1.1756623032504057,1.1980558633804321,373950,0.0,0.0
1989-01-19 00:00:00-05:00,1.1868599850344719,1.2092535560583055,1.175662875175476,1.175662875175476,309825,0.0,0.0
1989-01-20 00:00:00-05:00,1.1868605613708496,1.1980570279726623,1.1644669794727511,1.1868605613708496,787050,0.0,0.0
1989-01-23 00:00:00-05:00,1.1644656658172607,1.1756621197881445,1.1532686352297183,1.1644656658172607,556875,0.0,0.0
1989-01-24 00:00:00-05:00,1.1644669794727511,1.1980570279726623,1.1644669794727511,1.1868605613708496,379350,0.0,0.0
1989-01-25 00:00:00-05:00,1.1868605613708496,1.2092541432689479,1.1868605613708496,1.1868605613708496,469125,0.0,0.0
1989-01-26 00:00:00-05:00,1.1980563216713662,1.2316469269856043,1.1868598616703068,1.2092534303665161,385425,0.0,0.0
1989-01-27 00:00:00-05:00,1.2204504669845448,1.2316469269856043,1.1868598616703068,1.2092534303665161,1190700,0.0,0.0
1989-01-30 00:00:00-05:00,1.2204500001272072,1.2428436323343273,1.1980558633804321,1.1980558633804321,546750,0.0,0.0
1989-01-31 00:00:00-05:00,1.1980570279726623,1.2092541432689479,1.1756634460745639,1.1868605613708496,521100,0.0,0.0
1989-02-01 00:00:00-05:00,1.1868592224527692,1.198055676423653,1.1644656658172607,1.1644656658172607,390825,0.0,0.0
1989-02-02 00:00:00-05:00,1.1644664140106382,1.1868599850344719,1.1644664140106382,1.175662875175476,524475,0.0,0.0
1989-02-03 00:00:00-05:00,1.164466123846778,1.186859689290541,1.1420725584030151,1.1420725584030151,520425,0.0,0.0
1989-02-06 00:00:00-05:00,1.1420721091817525,1.1644656658172607,1.1420721091817525,1.1644656658172607,236925,0.0,0.0
1989-02-07 00:00:00-05:00,1.1644664140106382,1.1980564461993097,1.1532693762287711,1.175662875175476,1175175,0.0,0.0
1989-02-08 00:00:00-05:00,1.1644669794727511,1.1980570279726623,1.1644669794727511,1.1868605613708496,799875,0.0,0.0
1989-02-09 00:00:00-05:00,1.1868605613708496,1.1980570279726623,1.1868605613708496,1.1868605613708496,288225,0.0,0.0
1989-02-10 00:00:00-05:00,1.1868605613708496,1.1868605613708496,1.1756634460745639,1.1868605613708496,1127250,0.0,0.0
1989-02-13 00:00:00-05:00,1.1756634460745639,1.1868605613708496,1.1756634460745639,1.1868605613708496,438075,0.0,0.0
1989-02-14 00:00:00-05:00,1.18685940766234,1.1980558633804321,1.18685940766234,1.1980558633804321,1021950,0.0,0.0
1989-02-15 00:00:00-05:00,1.186859689290541,1.186859689290541,1.1420725584030151,1.1420725584030151,1332450,0.0,0.0
1989-02-16 00:00:00-05:00,1.153269088855009,1.164466123846778,1.1420725584030151,1.1420725584030151,690525,0.0,0.0
1989-02-17 00:00:00-05:00,1.1532686352297183,1.1756621197881445,1.1420721091817525,1.1644656658172607,719550,0.0,0.0
1989-02-21 00:00:00-05:00,1.1644670500778416,1.1756635173585293,1.1532700061798096,1.1532700061798096,440775,0.0,0.0
1989-02-22 00:00:00-05:00,1.153269088855009,1.164466123846778,1.1420725584030151,1.1420725584030151,247725,0.0,0.0
1989-02-23 00:00:00-05:00,1.1420725584030151,1.153269088855009,1.1420725584030151,1.1420725584030151,348300,0.0,0.0
1989-02-24 00:00:00-05:00,1.1420721009201777,1.1532686268871497,1.1196786165237427,1.1196786165237427,1022625,0.0,0.0
1989-02-27 00:00:00-05:00,1.13087507859421,1.1644656658172607,1.1084815219587016,1.1644656658172607,891000,0.0,0.0
1989-02-28 00:00:00-05:00,1.1532686352297183,1.1644656658172607,1.1420721091817525,1.1644656658172607,1676700,0.0,0.0
1989-03-01 00:00:00-05:00,1.1644664140106382,1.175662875175476,1.1644664140106382,1.175662875175476,236925,0.0,0.0
1989-03-02 00:00:00-05:00,1.1644669794727511,1.1868605613708496,1.1644669794727511,1.1868605613708496,483975,0.0,0.0
1989-03-03 00:00:00-05:00,1.1756625822216613,1.1756625822216613,1.1420725584030151,1.1420725584030151,309150,0.0,0.0
1989-03-06 00:00:00-05:00,1.1532693762287711,1.1868599850344719,1.1532693762287711,1.175662875175476,187650,0.0,0.0
1989-03-07 00:00:00-05:00,1.18685940766234,1.2092529677923665,1.1756623032504057,1.1980558633804321,971325,0.0,0.0
1989-03-08 00:00:00-05:00,1.1980558633804321,1.1980558633804321,1.1756623032504057,1.1980558633804321,514350,0.0,0.0
1989-03-09 00:00:00-05:00,1.1868599850344719,1.1868599850344719,1.175662875175476,1.175662875175476,689850,0.0,0.0
1989-03-10 00:00:00-05:00,1.1756627529751569,1.2316469269856043,1.1756627529751569,1.2092534303665161,2177550,0.0,0.0
1989-03-13 00:00:00-05:00,1.2001948977271724,1.2228400707244873,1.2001948977271724,1.2228400707244873,604800,0.022222,0.0
1989-03-14 00:00:00-05:00,1.2228408576987728,1.2228408576987728,1.1888727483509394,1.2001956701278687,409050,0.0,0.0
1989-03-15 00:00:00-05:00,1.2001956701278687,1.2001956701278687,1.1888727483509394,1.2001956701278687,448200,0.0,0.0
1989-03-16 00:00:00-05:00,1.2001956701278687,1.2228408576987728,1.1775504825569645,1.2001956701278687,496125,0.0,0.0
1989-03-17 00:00:00-05:00,1.2001944067060997,1.2001944067060997,1.1775492429733276,1.1775492429733276,689850,0.0,0.0
1989-03-20 00:00:00-05:00,1.1775503071104434,1.1888725712174824,1.1662274599075317,1.1662274599075317,223425,0.0,0.0
1989-03-21 00:00:00-05:00,1.1888720989227295,1.200195014514451,1.177549839313604,1.1888720989227295,300375,0.0,0.0
1989-03-22 00:00:00-05:00,1.177549839313604,1.1888720989227295,1.1662269966088374,1.1888720989227295,409050,0.0,0.0
1989-03-23 00:00:00-05:00,1.1775500210729255,1.1775500210729255,1.154904842376709,1.154904842376709,237600,0.0,0.0
1989-03-27 00:00:00-05:00,1.1549040792405556,1.1775492429733276,1.1549040792405556,1.1775492429733276,369225,0.0,0.0
1989-03-28 00:00:00-05:00,1.1775503071104434,1.1775503071104434,1.1662274599075317,1.1662274599075317,309150,0.0,0.0
1989-03-29 00:00:00-05:00,1.1775503071104434,1.1775503071104434,1.1662274599075317,1.1662274599075317,103950,0.0,0.0
1989-03-30 00:00:00-05:00,1.166227176620435,1.1775500210729255,1.154904842376709,1.154904842376709,241650,0.0,0.0
1989-03-31 00:00:00-05:00,1.154904842376709,1.1775500210729255,1.154904842376709,1.154904842376709,235575,0.0,0.0
1989-04-03 00:00:00-04:00,1.1662274599075317,1.1775503071104434,1.1549051229135086,1.1662274599075317,779625,0.0,0.0
1989-04-04 00:00:00-04:00,1.154904842376709,1.166227176620435,1.1435819979242183,1.154904842376709,176850,0.0,0.0
1989-04-05 00:00:00-04:00,1.154904842376709,1.166227176620435,1.1435819979242183,1.154904842376709,141750,0.0,0.0
1989-04-06 00:00:00-04:00,1.166227176620435,1.166227176620435,1.154904842376709,1.154904842376709,364500,0.0,0.0
1989-04-07 00:00:00-04:00,1.154904842376709,1.166227176620435,1.154904842376709,1.154904842376709,217350,0.0,0.0
1989-04-10 00:00:00-04:00,1.154904842376709,1.1775500210729255,1.154904842376709,1.154904842376709,409725,0.0,0.0
1989-04-11 00:00:00-04:00,1.1662276511753364,1.1662276511753364,1.1435824632644653,1.1435824632644653,918675,0.0,0.0
1989-04-12 00:00:00-04:00,1.1435824632644653,1.154905312324387,1.1435824632644653,1.1435824632644653,426600,0.0,0.0
1989-04-13 00:00:00-04:00,1.1435824632644653,1.154905312324387,1.132260197300512,1.1435824632644653,2814075,0.0,0.0
1989-04-14 00:00:00-04:00,1.154905312324387,1.154905312324387,1.132260197300512,1.1435824632644653,459000,0.0,0.0
1989-04-17 00:00:00-04:00,1.1435815061752963,1.1549043457588781,1.1322592496871948,1.1322592496871948,771525,0.0,0.0
1989-04-18 00:00:00-04:00,1.1435819979242183,1.166227176620435,1.132259736567459,1.154904842376709,1021275,0.0,0.0
1989-04-19 00:00:00-04:00,1.154904842376709,1.166227176620435,1.1435819979242183,1.154904842376709,800550,0.0,0.0
1989-04-20 00:00:00-04:00,1.1549040792405556,1.1775492429733276,1.1549040792405556,1.1775492429733276,906525,0.0,0.0
1989-04-21 00:00:00-04:00,1.177549839313604,1.1888720989227295,1.1662269966088374,1.1888720989227295,1250775,0.0,0.0
1989-04-24 00:00:00-04:00,1.188871806721397,1.2228398891652785,1.188871806721397,1.2115169763565063,1254825,0.0,0.0
1989-04-25 00:00:00-04:00,1.2228400707244873,1.2228400707244873,1.2001948977271724,1.2228400707244873,1012500,0.0,0.0
1989-04-26 00:00:00-04:00,1.2228400707244873,1.234162912327463,1.2115171562345637,1.2228400707244873,735075,0.0,0.0
1989-04-27 00:00:00-04:00,1.2228408576987728,1.2341637065887072,1.1888727483509394,1.2001956701278687,1039500,0.0,0.0
1989-04-28 00:00:00-04:00,1.2115169763565063,1.2228398891652785,1.2001947195301692,1.2115169763565063,340200,0.0,0.0
1989-05-01 00:00:00-04:00,1.2115169763565063,1.2115169763565063,1.2001947195301692,1.2115169763565063,371925,0.0,0.0
1989-05-02 00:00:00-04:00,1.2001956701278687,1.2228408576987728,1.2001956701278687,1.2001956701278687,419175,0.0,0.0
1989-05-03 00:00:00-04:00,1.2115179359218435,1.2115179359218435,1.1888727483509394,1.2001956701278687,189000,0.0,0.0
1989-05-04 00:00:00-04:00,1.1888720989227295,1.200195014514451,1.177549839313604,1.1888720989227295,321300,0.0,0.0
1989-05-05 00:00:00-04:00,1.200195014514451,1.200195014514451,1.177549839313604,1.1888720989227295,536625,0.0,0.0
1989-05-08 00:00:00-04:00,1.1888727483509394,1.2001956701278687,1.1888727483509394,1.2001956701278687,369900,0.0,0.0
1989-05-09 00:00:00-04:00,1.2001956701278687,1.2001956701278687,1.1888727483509394,1.2001956701278687,92475,0.0,0.0
1989-05-10 00:00:00-04:00,1.2001956701278687,1.2115179359218435,1.1888727483509394,1.2001956701278687,648000,0.0,0.0
1989-05-11 00:00:00-04:00,1.2001947195301692,1.2115169763565063,1.2001947195301692,1.2115169763565063,236250,0.0,0.0
1989-05-12 00:00:00-04:00,1.2001956701278687,1.2115179359218435,1.2001956701278687,1.2001956701278687,242325,0.0,0.0
1989-05-15 00:00:00-04:00,1.2115179359218435,1.2228408576987728,1.2001956701278687,1.2001956701278687,467100,0.0,0.0
1989-05-16 00:00:00-04:00,1.2228404309413805,1.2794536352157593,1.2228404309413805,1.2794536352157593,1516725,0.0,0.0
1989-05-17 00:00:00-04:00,1.2681307902773689,1.2794536352157593,1.2681307902773689,1.2794536352157593,754650,0.0,0.0
1989-05-18 00:00:00-04:00,1.2681307902773689,1.2907758970583936,1.2568085284347346,1.2794536352157593,1151550,0.0,0.0
1989-05-19 00:00:00-04:00,1.2794536352157593,1.2907758970583936,1.2681307902773689,1.2794536352157593,270000,0.0,0.0
1989-05-22 00:00:00-04:00,1.3020986453039842,1.3020986453039842,1.2794533969658435,1.2907756567001343,325350,0.0,0.0
1989-05-23 00:00:00-04:00,1.2794533969658435,1.2907756567001343,1.2794533969658435,1.2907756567001343,278100,0.0,0.0
1989-05-24 00:00:00-04:00,1.2907756567001343,1.3020986453039842,1.2794533969658435,1.2907756567001343,635850,0.0,0.0
1989-05-25 00:00:00-04:00,1.2907756567001343,1.3020986453039842,1.2794533969658435,1.2907756567001343,139725,0.0,0.0
1989-05-26 00:00:00-04:00,1.2681307902773689,1.2794536352157593,1.2681307902773689,1.2794536352157593,137700,0.0,0.0
1989-05-30 00:00:00-04:00,1.2794536352157593,1.2794536352157593,1.2681307902773689,1.2794536352157593,186300,0.0,0.0
1989-05-31 00:00:00-04:00,1.2794536352157593,1.2794536352157593,1.2681307902773689,1.2794536352157593,319275,0.0,0.0
1989-06-01 00:00:00-04:00,1.2794536352157593,1.2907758970583936,1.2681307902773689,1.2794536352157593,243675,0.0,0.0
1989-06-02 00:00:00-04:00,1.2681305541359054,1.2907756567001343,1.2681305541359054,1.2907756567001343,344925,0.0,0.0
1989-06-05 00:00:00-04:00,1.2907758779604477,1.3247439749512195,1.2907758779604477,1.3134211301803589,1071225,0.0,0.0
1989-06-06 00:00:00-04:00,1.313420313930663,1.3360654063034199,1.313420313930663,1.3247431516647339,234225,0.0,0.0
1989-06-07 00:00:00-04:00,1.3247438511640501,1.3700342055978987,1.3134210074512225,1.3587113618850708,855225,0.0,0.0
1989-06-08 00:00:00-04:00,1.3587113618850708,1.3700342055978987,1.347389101267936,1.3587113618850708,730350,0.0,0.0
1989-06-09 00:00:00-04:00,1.347389101267936,1.3587113618850708,1.3247438511640501,1.3587113618850708,435375,0.0,0.0
1989-06-12 00:00:00-04:00,1.360998511314392,1.360998511314392,1.349561153077937,1.360998511314392,263250,0.022222,0.0
1989-06-13 00:00:00-04:00,1.360998707689608,1.383872543984983,1.3495613478028838,1.3724353313446045,508275,0.0,0.0
1989-06-14 00:00:00-04:00,1.3724351784273559,1.383872389793396,1.360998556046632,1.383872389793396,172125,0.0,0.0
1989-06-15 00:00:00-04:00,1.3724353313446045,1.3724353313446045,1.360998707689608,1.3724353313446045,268650,0.0,0.0
1989-06-16 00:00:00-04:00,1.360998707689608,1.383872543984983,1.3495613478028838,1.3724353313446045,261900,0.0,0.0
1989-06-19 00:00:00-04:00,1.360998707689608,1.383872543984983,1.360998707689608,1.3724353313446045,134325,0.0,0.0
1989-06-20 00:00:00-04:00,1.3724351784273559,1.383872389793396,1.360998556046632,1.383872389793396,158625,0.0,0.0
1989-06-21 00:00:00-04:00,1.3953090121741196,1.3953090121741196,1.3724351784273559,1.383872389793396,371925,0.0,0.0
1989-06-22 00:00:00-04:00,1.383871847443612,1.406745672225952,1.383871847443612,1.4067456722259521,204525,0.0,0.0
1989-06-23 00:00:00-04:00,1.3953094482421875,1.4067466631826349,1.3838728222872405,1.3953094482421875,629775,0.0,0.0
1989-06-26 00:00:00-04:00,1.3953084653422392,1.4181822901245793,1.383871847443612,1.4067456722259521,461700,0.0,0.0
1989-06-27 00:00:00-04:00,1.4067465928196354,1.4524944195685732,1.4067465928196354,1.4410572052001953,459000,0.0,0.0
1989-06-28 00:00:00-04:00,1.4296201575456102,1.441056779550444,1.349561153077937,1.360998511314392,792450,0.0,0.0
1989-06-29 00:00:00-04:00,1.3381248965092538,1.3381248965092538,1.292377070779466,1.3038136959075928,760050,0.0,0.0
1989-06-30 00:00:00-04:00,1.292377070779466,1.3038136959075928,1.2809398566658812,1.3038136959075928,230175,0.0,0.0
1989-07-03 00:00:00-04:00,1.303813619544969,1.303813619544969,1.29237699508667,1.29237699508667,255825,0.0,0.0
1989-07-05 00:00:00-04:00,1.3038140199836936,1.3038140199836936,1.2809401750564575,1.2809401750564575,291600,0.0,0.0
1989-07-06 00:00:00-04:00,1.2809397816429475,1.303813619544969,1.2809397816429475,1.29237699508667,582525,0.0,0.0
1989-07-07 00:00:00-04:00,1.2923769655637092,1.3381247875690483,1.2923769655637092,1.3266875743865967,584550,0.0,0.0
1989-07-10 00:00:00-04:00,1.315250950189555,1.3266875743865967,1.315250950189555,1.3266875743865967,205200,0.0,0.0
1989-07-11 00:00:00-04:00,1.3266875743865967,1.3266875743865967,1.315250950189555,1.3266875743865967,660825,0.0,0.0
1989-07-12 00:00:00-04:00,1.315251057267542,1.326687682395669,1.292377070779466,1.3038136959075928,74925,0.0,0.0
1989-07-13 00:00:00-04:00,1.2923775930888974,1.3152515888214111,1.2809403743530048,1.3152515888214111,407700,0.0,0.0
1989-07-14 00:00:00-04:00,1.303813619544969,1.3152509802350472,1.29237699508667,1.29237699508667,101250,0.0,0.0
1989-07-17 00:00:00-04:00,1.292376225635398,1.3038128432845961,1.2695024013519287,1.2695024013519287,255150,0.0,0.0
1989-07-18 00:00:00-04:00,1.2695024013519287,1.280939019001127,1.2466284298221912,1.2695024013519287,199800,0.0,0.0
1989-07-19 00:00:00-04:00,1.2809403743530048,1.3152515888214111,1.2809403743530048,1.3152515888214111,1023300,0.0,0.0
1989-07-20 00:00:00-04:00,1.303813619544969,1.3152509802350472,1.29237699508667,1.29237699508667,202500,0.0,0.0
1989-07-21 00:00:00-04:00,1.3038128432845961,1.3038128432845961,1.2695024013519287,1.2695024013519287,238950,0.0,0.0
1989-07-24 00:00:00-04:00,1.2695024013519287,1.280939019001127,1.2580650474713895,1.2695024013519287,164025,0.0,0.0
1989-07-25 00:00:00-04:00,1.2695036618138986,1.2695036618138986,1.2466296675730808,1.2580662965774536,353025,0.0,0.0
1989-07-26 00:00:00-04:00,1.2695024013519287,1.2695024013519287,1.2580650474713895,1.2695024013519287,60075,0.0,0.0
1989-07-27 00:00:00-04:00,1.2695035470856417,1.2809401750564575,1.2695035470856417,1.2809401750564575,115425,0.0,0.0
1989-07-28 00:00:00-04:00,1.280939019001127,1.292376225635398,1.2580650474713895,1.2695024013519287,226125,0.0,0.0
1989-07-31 00:00:00-04:00,1.2695024013519287,1.280939019001127,1.2580650474713895,1.2695024013519287,113400,0.0,0.0
1989-08-01 00:00:00-04:00,1.2580662965774536,1.2695036618138986,1.2580662965774536,1.2580662965774536,108000,0.0,0.0
1989-08-02 00:00:00-04:00,1.2695024013519287,1.280939019001127,1.2580650474713895,1.2695024013519287,336825,0.0,0.0
1989-08-03 00:00:00-04:00,1.2695024013519287,1.280939019001127,1.2695024013519287,1.2695024013519287,234225,0.0,0.0
1989-08-04 00:00:00-04:00,1.2695031571846485,1.303813619544969,1.2695031571846485,1.29237699508667,386100,0.0,0.0
1989-08-07 00:00:00-04:00,1.2809398566658812,1.315251057267542,1.2809398566658812,1.3038136959075928,311175,0.0,0.0
1989-08-08 00:00:00-04:00,1.3038142228390943,1.3266882185716078,1.2809403743530048,1.3152515888214111,265950,0.0,0.0
1989-08-09 00:00:00-04:00,1.315251057267542,1.326687682395669,1.3038136959075928,1.3038136959075928,181575,0.0,0.0
1989-08-10 00:00:00-04:00,1.3038136959075928,1.315251057267542,1.292377070779466,1.3038136959075928,188325,0.0,0.0
1989-08-11 00:00:00-04:00,1.3038142228390943,1.3152515888214111,1.3038142228390943,1.3152515888214111,284175,0.0,0.0
1989-08-14 00:00:00-04:00,1.3038136959075928,1.326687682395669,1.3038136959075928,1.3038136959075928,192375,0.0,0.0
1989-08-15 00:00:00-04:00,1.3152515888214111,1.3266882185716078,1.3038142228390943,1.3152515888214111,256500,0.0,0.0
1989-08-16 00:00:00-04:00,1.326687682395669,1.326687682395669,1.3038136959075928,1.3038136959075928,76275,0.0,0.0
1989-08-17 00:00:00-04:00,1.3038142228390943,1.3152515888214111,1.3038142228390943,1.3152515888214111,258525,0.0,0.0
1989-08-18 00:00:00-04:00,1.3152509802350472,1.3152509802350472,1.29237699508667,1.29237699508667,120150,0.0,0.0
1989-08-21 00:00:00-04:00,1.3038136959075928,1.326687682395669,1.3038136959075928,1.3038136959075928,274725,0.0,0.0
1989-08-22 00:00:00-04:00,1.303813619544969,1.303813619544969,1.2695031571846485,1.29237699508667,124200,0.0,0.0
1989-08-23 00:00:00-04:00,1.2809403743530048,1.3266882185716078,1.269503744602808,1.3152515888214111,409050,0.0,0.0
1989-08-24 00:00:00-04:00,1.315251057267542,1.326687682395669,1.3038136959075928,1.3038136959075928,124875,0.0,0.0
1989-08-25 00:00:00-04:00,1.3152515888214111,1.3266882185716078,1.3038142228390943,1.3152515888214111,100575,0.0,0.0
1989-08-28 00:00:00-04:00,1.3266875743865967,1.3381247875690483,1.315250950189555,1.3266875743865967,704025,0.0,0.0
1989-08-29 00:00:00-04:00,1.3152515888214111,1.3266882185716078,1.3152515888214111,1.3152515888214111,539325,0.0,0.0
1989-08-30 00:00:00-04:00,1.3266875115075085,1.3724353313446045,1.315250887852512,1.3724353313446045,965250,0.0,0.0
1989-08-31 00:00:00-04:00,1.3724353313446045,1.3953091676399798,1.3724353313446045,1.3724353313446045,337500,0.0,0.0
1989-09-01 00:00:00-04:00,1.3724356073467932,1.3953094482421875,1.3724356073467932,1.3953094482421875,375300,0.0,0.0
1989-09-05 00:00:00-04:00,1.383872543984983,1.3953091676399798,1.3724353313446045,1.3724353313446045,299025,0.0,0.0
1989-09-06 00:00:00-04:00,1.383872543984983,1.383872543984983,1.360998707689608,1.3724353313446045,223425,0.0,0.0
1989-09-07 00:00:00-04:00,1.372435133319226,1.372435133319226,1.3266873200829725,1.360998511314392,302400,0.0,0.0
1989-09-08 00:00:00-04:00,1.349562168121338,1.360999534960156,1.3381255375146948,1.349562168121338,198450,0.0,0.0
1989-09-11 00:00:00-04:00,1.3643615590463112,1.3759243488311768,1.3643615590463112,1.3759243488311768,349650,0.023704,0.0
1989-09-12 00:00:00-04:00,1.3412375418960187,1.3643622398376465,1.3412375418960187,1.3643622398376465,569025,0.0,0.0
1989-09-13 00:00:00-04:00,1.3643615154211175,1.3874863499456893,1.3412368297576904,1.3412368297576904,294975,0.0,0.0
1989-09-14 00:00:00-04:00,1.3527994913420003,1.3527994913420003,1.3181120157241821,1.3181120157241821,153900,0.0,0.0
1989-09-15 00:00:00-04:00,1.3296744978488162,1.3412365404644062,1.3065496683120728,1.3065496683120728,149850,0.0,0.0
1989-09-18 00:00:00-04:00,1.3065499501236946,1.3412368297576904,1.3065499501236946,1.3412368297576904,132300,0.0,0.0
1989-09-19 00:00:00-04:00,1.3412375418960187,1.3643622398376465,1.3181126950931672,1.3643622398376465,778950,0.0,0.0
1989-09-20 00:00:00-04:00,1.352799513567193,1.387486394310295,1.352799513567193,1.3759243488311768,375300,0.0,0.0
1989-09-21 00:00:00-04:00,1.387486394310295,1.387486394310295,1.3643615590463112,1.3759243488311768,336150,0.0,0.0
1989-09-22 00:00:00-04:00,1.3643608590893859,1.375923642942206,1.3412361845501841,1.3527988195419312,160650,0.0,0.0
1989-09-25 00:00:00-04:00,1.3527994703116932,1.3527994703116932,1.3412368297576904,1.3412368297576904,186975,0.0,0.0
1989-09-26 00:00:00-04:00,1.3412368297576904,1.3527994703116932,1.3412368297576904,1.3412368297576904,151875,0.0,0.0
1989-09-27 00:00:00-04:00,1.3412368297576904,1.3527994703116932,1.3181119952331186,1.3412368297576904,498825,0.0,0.0
1989-09-28 00:00:00-04:00,1.3527994703116932,1.3527994703116932,1.3296747846482662,1.3412368297576904,287550,0.0,0.0
1989-09-29 00:00:00-04:00,1.3412368297576904,1.3527994703116932,1.3296747846482662,1.3412368297576904,308475,0.0,0.0
1989-10-02 00:00:00-04:00,1.3527988195419312,1.375923642942206,1.3296741450027294,1.3527988195419312,117450,0.0,0.0
1989-10-03 00:00:00-04:00,1.3643615590463112,1.387486394310295,1.3643615590463112,1.3759243488311768,300375,0.0,0.0
1989-10-04 00:00:00-04:00,1.387487086640498,1.387487086640498,1.3643622398376465,1.3643622398376465,103950,0.0,0.0
1989-10-05 00:00:00-04:00,1.3527994703116932,1.3643615154211175,1.3412368297576904,1.3412368297576904,173475,0.0,0.0
1989-10-06 00:00:00-04:00,1.3412368506082473,1.3527994913420003,1.3181120157241821,1.3181120157241821,411075,0.0,0.0
1989-10-09 00:00:00-04:00,1.3181120157241821,1.3296748053190823,1.3181120157241821,1.3181120157241821,240300,0.0,0.0
1989-10-10 00:00:00-04:00,1.3181126950931672,1.3643622398376465,1.3181126950931672,1.3643622398376465,288225,0.0,0.0
1989-10-11 00:00:00-04:00,1.3527994703116932,1.3527994703116932,1.3412368297576904,1.3412368297576904,224775,0.0,0.0
1989-10-12 00:00:00-04:00,1.3412364045805032,1.352799041469105,1.3296743631362915,1.3296743631362915,109350,0.0,0.0
1989-10-13 00:00:00-04:00,1.3412368506082473,1.3412368506082473,1.3181120157241821,1.3181120157241821,162675,0.0,0.0
1989-10-16 00:00:00-04:00,1.2834253938343314,1.294987440109253,1.2487379152591296,1.294987440109253,546075,0.0,0.0
1989-10-17 00:00:00-04:00,1.294987440109253,1.294987440109253,1.2834253938343314,1.294987440109253,141750,0.0,0.0
1989-10-18 00:00:00-04:00,1.294987440109253,1.294987440109253,1.2718626032536113,1.294987440109253,238950,0.0,0.0
1989-10-19 00:00:00-04:00,1.2834253938343314,1.294987440109253,1.2834253938343314,1.294987440109253,171450,0.0,0.0
1989-10-20 00:00:00-04:00,1.2834253938343314,1.3065500818288134,1.2834253938343314,1.294987440109253,119475,0.0,0.0
1989-10-23 00:00:00-04:00,1.3065498603524106,1.3065498603524106,1.2487377035826044,1.2718623876571655,238950,0.0,0.0
1989-10-24 00:00:00-04:00,1.2949871541342146,1.2949871541342146,1.2487376394974796,1.2603002786636353,304425,0.0,0.0
1989-10-25 00:00:00-04:00,1.2718623223852836,1.2718623223852836,1.2487376394974796,1.2603002786636353,641250,0.0,0.0
1989-10-26 00:00:00-04:00,1.2718623849102035,1.2718623849102035,1.190925544240643,1.2024881839752197,764100,0.0,0.0
1989-10-27 00:00:00-04:00,1.2024881839752197,1.2024881839752197,1.190925544240643,1.2024881839752197,214650,0.0,0.0
1989-10-30 00:00:00-05:00,1.2024881180357712,1.2024881180357712,1.1793633608486531,1.1909254789352417,282825,0.0,0.0
1989-10-31 00:00:00-05:00,1.1909260900073504,1.2024887350407503,1.1793639659881592,1.1793639659881592,180900,0.0,0.0
1989-11-01 00:00:00-05:00,1.2024883554649566,1.2256131172180176,1.2024883554649566,1.2256131172180176,317925,0.0,0.0
1989-11-02 00:00:00-05:00,1.2371751631569485,1.2371751631569485,1.2140504014038875,1.2256131172180176,102600,0.0,0.0
1989-11-03 00:00:00-05:00,1.2256132977785557,1.2371753454208374,1.2140505802609758,1.2371753454208374,76275,0.0,0.0
1989-11-06 00:00:00-05:00,1.2256132977785557,1.2487380629384173,1.2256132977785557,1.2371753454208374,292950,0.0,0.0
1989-11-07 00:00:00-05:00,1.2371749259007605,1.2603002786636353,1.2371749259007605,1.2603002786636353,245025,0.0,0.0
1989-11-08 00:00:00-05:00,1.2487379312515259,1.2603005731191672,1.2024884058090919,1.2487379312515259,137025,0.0,0.0
1989-11-09 00:00:00-05:00,1.2371748096964967,1.2487375222071637,1.214050054550171,1.214050054550171,424575,0.0,0.0
1989-11-10 00:00:00-05:00,1.2024880119145118,1.2371748096964967,1.2024880119145118,1.214050054550171,176850,0.0,0.0
1989-11-13 00:00:00-05:00,1.2140504014038875,1.2256131172180176,1.2140504014038875,1.2256131172180176,39825,0.0,0.0
1989-11-14 00:00:00-05:00,1.2256131172180176,1.2371751631569485,1.2140504014038875,1.2256131172180176,109350,0.0,0.0
1989-11-15 00:00:00-05:00,1.2371751631569485,1.2371751631569485,1.2140504014038875,1.2256131172180176,155250,0.0,0.0
1989-11-16 00:00:00-05:00,1.2371751631569485,1.2371751631569485,1.2140504014038875,1.2256131172180176,148500,0.0,0.0
1989-11-17 00:00:00-05:00,1.2256127670608379,1.2371748096964967,1.2024880119145118,1.214050054550171,340875,0.0,0.0
1989-11-20 00:00:00-05:00,1.294987402477201,1.294987402477201,1.2256131172180176,1.2256131172180176,1140750,0.0,0.0
1989-11-21 00:00:00-05:00,1.2140502282652597,1.2371749867204431,1.1678007857854593,1.2024881839752197,609525,0.0,0.0
1989-11-22 00:00:00-05:00,1.2024881839752197,1.2140502282652597,1.1562387414954194,1.2024881839752197,298350,0.0,0.0
1989-11-24 00:00:00-05:00,1.1909257639414506,1.2487379312515259,1.1909257639414506,1.2487379312515259,274050,0.0,0.0
1989-11-27 00:00:00-05:00,1.2487377035826044,1.2718623876571655,1.2487377035826044,1.2718623876571655,357075,0.0,0.0
1989-11-28 00:00:00-05:00,1.2718623223852836,1.2834251104125662,1.2487376394974796,1.2603002786636353,220050,0.0,0.0
1989-11-29 00:00:00-05:00,1.2603005731191672,1.271862619542162,1.2256131685303089,1.2487379312515259,327375,0.0,0.0
1989-11-30 00:00:00-05:00,1.2487379312515259,1.2603005731191672,1.2256131685303089,1.2487379312515259,182925,0.0,0.0
1989-12-01 00:00:00-05:00,1.2487380629384173,1.2487380629384173,1.2140505802609758,1.2371753454208374,224100,0.0,0.0
1989-12-04 00:00:00-05:00,1.2521546496306826,1.2755600043466302,1.2404526125927475,1.263857364654541,118125,0.023704,0.0
1989-12-05 00:00:00-05:00,1.252154198283948,1.2755595445632935,1.252154198283948,1.2755595445632935,245700,0.0,0.0
1989-12-06 00:00:00-05:00,1.2638569090894918,1.2872615773831584,1.2638569090894918,1.2755595445632935,121500,0.0,0.0
1989-12-07 00:00:00-05:00,1.2755600043466302,1.2872620413845652,1.2521546496306826,1.263857364654541,170100,0.0,0.0
1989-12-08 00:00:00-05:00,1.263857364654541,1.2755600043466302,1.2521546496306826,1.263857364654541,158625,0.0,0.0
1989-12-11 00:00:00-05:00,1.2755600043466302,1.2755600043466302,1.263857364654541,1.263857364654541,124200,0.0,0.0
1989-12-12 00:00:00-05:00,1.263857364654541,1.263857364654541,1.2404526125927475,1.263857364654541,118125,0.0,0.0
1989-12-13 00:00:00-05:00,1.2755596994012415,1.2872617336415957,1.2521543502807617,1.2521543502807617,171450,0.0,0.0
1989-12-14 00:00:00-05:00,1.2521546228145244,1.2521546228145244,1.217047834466643,1.2287498712539673,301725,0.0,0.0
1989-12-15 00:00:00-05:00,1.228749726756412,1.228749726756412,1.1936429425369912,1.2170476913452148,157950,0.0,0.0
1989-12-18 00:00:00-05:00,1.2170479664164726,1.2170479664164726,1.181940571608179,1.1936432123184204,371250,0.0,0.0
1989-12-19 00:00:00-05:00,1.1936424433049484,1.1936424433049484,1.1585350711148537,1.1702377796173096,327375,0.0,0.0
1989-12-20 00:00:00-05:00,1.1702378016315873,1.1702378016315873,1.135130353449331,1.146833062171936,448875,0.0,0.0
1989-12-21 00:00:00-05:00,1.135130564732702,1.2170474317498283,1.1234285318175403,1.205344796180725,1098225,0.0,0.0
1989-12-22 00:00:00-05:00,1.22874946466499,1.22874946466499,1.1936426879338207,1.205344796180725,180900,0.0,0.0
1989-12-26 00:00:00-05:00,1.217047834466643,1.2287498712539673,1.205345195025178,1.2287498712539673,95175,0.0,0.0
1989-12-27 00:00:00-05:00,1.2404524087905884,1.2638571570070605,1.2287496956894464,1.2404524087905884,281475,0.0,0.0
1989-12-28 00:00:00-05:00,1.2287496956894464,1.2404524087905884,1.2170476605741163,1.2404524087905884,241650,0.0,0.0
1989-12-29 00:00:00-05:00,1.217047860530954,1.263857364654541,1.2053452208388649,1.263857364654541,472500,0.0,0.0
1990-01-02 00:00:00-05:00,1.2638570625068772,1.2638570625068772,1.228749603814292,1.2521543502807617,273375,0.0,0.0
1990-01-03 00:00:00-05:00,1.263857364654541,1.263857364654541,1.2404526125927475,1.263857364654541,376650,0.0,0.0
1990-01-04 00:00:00-05:00,1.2521543502807617,1.2638570625068772,1.2170475695739378,1.2521543502807617,346275,0.0,0.0
1990-01-05 00:00:00-05:00,1.2287496956894464,1.2404524087905884,1.205345022804731,1.2404524087905884,346275,0.0,0.0
1990-01-08 00:00:00-05:00,1.2404525860272002,1.2404525860272002,1.217047834466643,1.2287498712539673,183600,0.0,0.0
1990-01-09 00:00:00-05:00,1.2170476913452148,1.228749726756412,1.2170476913452148,1.2170476913452148,305775,0.0,0.0
1990-01-10 00:00:00-05:00,1.2053450532799472,1.2170476913452148,1.2053450532799472,1.2170476913452148,322650,0.0,0.0
1990-01-11 00:00:00-05:00,1.2170474317498283,1.2170474317498283,1.205344796180725,1.205344796180725,359100,0.0,0.0
1990-01-12 00:00:00-05:00,1.217047487154808,1.217047487154808,1.146833327842092,1.158535361289978,383400,0.0,0.0
1990-01-15 00:00:00-05:00,1.1468337638947248,1.1819405555725098,1.1468337638947248,1.1819405555725098,162000,0.0,0.0
1990-01-16 00:00:00-05:00,1.1702380727235795,1.1936427422733207,1.146833327842092,1.158535361289978,266625,0.0,0.0
1990-01-17 00:00:00-05:00,1.146833779454092,1.2287500044725075,1.146833779454092,1.1936432123184204,591300,0.0,0.0
1990-01-18 00:00:00-05:00,1.1936424433049484,1.2053445491535861,1.1702377796173096,1.1702377796173096,240300,0.0,0.0
1990-01-19 00:00:00-05:00,1.1936426879338207,1.2170474317498283,1.1819400523647172,1.205344796180725,203175,0.0,0.0
1990-01-22 00:00:00-05:00,1.2053453257062312,1.2170479664164726,1.1936432123184204,1.1936432123184204,302400,0.0,0.0
1990-01-23 00:00:00-05:00,1.1936424433049484,1.1936424433049484,1.1585350711148537,1.1702377796173096,112050,0.0,0.0
1990-01-24 00:00:00-05:00,1.1702385176752392,1.1819405555725098,1.1468337638947248,1.1819405555725098,289575,0.0,0.0
1990-01-25 00:00:00-05:00,1.1936432123184204,1.2053453257062312,1.1702385335521441,1.1936432123184204,359775,0.0,0.0
1990-01-26 00:00:00-05:00,1.181940571608179,1.1936432123184204,1.1702385335521441,1.1936432123184204,261900,0.0,0.0
1990-01-29 00:00:00-05:00,1.1819398101342198,1.1936424433049484,1.1585350711148537,1.1702377796173096,294300,0.0,0.0
1990-01-30 00:00:00-05:00,1.1819405555725098,1.1819405555725098,1.1585358017919953,1.1819405555725098,114750,0.0,0.0
1990-01-31 00:00:00-05:00,1.1819405555725098,1.1936431961239786,1.1702385176752392,1.1819405555725098,294975,0.0,0.0
1990-02-01 00:00:00-05:00,1.1702377796173096,1.1819398101342198,1.1585350711148537,1.1702377796173096,489375,0.0,0.0
1990-02-02 00:00:00-05:00,1.158535361289978,1.158535361289978,1.1351306164084904,1.158535361289978,833625,0.0,0.0
1990-02-05 00:00:00-05:00,1.146833327842092,1.158535361289978,1.146833327842092,1.158535361289978,78975,0.0,0.0
1990-02-06 00:00:00-05:00,1.1585352676245726,1.1585352676245726,1.135130524635315,1.135130524635315,93150,0.0,0.0
1990-02-07 00:00:00-05:00,1.1468332351227741,1.1468332351227741,1.135130524635315,1.135130524635315,129600,0.0,0.0
1990-02-08 00:00:00-05:00,1.1468330405979434,1.1936424433049484,1.1468330405979434,1.1702377796173096,568350,0.0,0.0
1990-02-09 00:00:00-05:00,1.1585358175101268,1.1936432123184204,1.1585358175101268,1.1936432123184204,402975,0.0,0.0
1990-02-12 00:00:00-05:00,1.1936431961239786,1.1936431961239786,1.1585358017919953,1.1819405555725098,234225,0.0,0.0
1990-02-13 00:00:00-05:00,1.1702377796173096,1.1702377796173096,1.1585350711148537,1.1702377796173096,347625,0.0,0.0
1990-02-14 00:00:00-05:00,1.158535361289978,1.1702380727235795,1.158535361289978,1.158535361289978,661500,0.0,0.0
1990-02-15 00:00:00-05:00,1.1702379781120318,1.1702379781120318,1.135130524635315,1.135130524635315,993600,0.0,0.0
1990-02-16 00:00:00-05:00,1.146833062171936,1.1585350929089826,1.135130353449331,1.146833062171936,246375,0.0,0.0
1990-02-20 00:00:00-05:00,1.1351307941548805,1.1351307941548805,1.1117260456085205,1.1117260456085205,579825,0.0,0.0
1990-02-21 00:00:00-05:00,1.123428463935852,1.123428463935852,1.1000237215340452,1.123428463935852,598725,0.0,0.0
1990-02-22 00:00:00-05:00,1.1117260456085205,1.1234287588746112,1.1117260456085205,1.1117260456085205,201825,0.0,0.0
1990-02-23 00:00:00-05:00,1.1000240103282515,1.1117260456085205,1.1000240103282515,1.1117260456085205,516375,0.0,0.0
1990-02-26 00:00:00-05:00,1.1117260456085205,1.1234287588746112,1.0883212970621607,1.1117260456085205,1207575,0.0,0.0
1990-02-27 00:00:00-05:00,1.123428463935852,1.135130496143934,1.1117257537421268,1.123428463935852,417825,0.0,0.0
1990-02-28 00:00:00-05:00,1.1117260456085205,1.1234287588746112,1.0883212970621607,1.1117260456085205,801225,0.0,0.0
1990-03-01 00:00:00-05:00,1.1000237215340452,1.135130496143934,1.0766189791322383,1.123428463935852,631125,0.0,0.0
1990-03-02 00:00:00-05:00,1.123428463935852,1.135130496143934,1.1000237215340452,1.123428463935852,606825,0.0,0.0
1990-03-05 00:00:00-05:00,1.1117257537421268,1.123428463935852,1.1000237215340452,1.123428463935852,519075,0.0,0.0
1990-03-06 00:00:00-05:00,1.1117257537421268,1.135130496143934,1.1117257537421268,1.123428463935852,231525,0.0,0.0
1990-03-07 00:00:00-05:00,1.123428463935852,1.146833206337659,1.1117257537421268,1.123428463935852,922725,0.0,0.0
1990-03-08 00:00:00-05:00,1.1234285318175403,1.205344796180725,1.1234285318175403,1.205344796180725,951075,0.0,0.0
1990-03-09 00:00:00-05:00,1.1936426879338207,1.205344796180725,1.1819400523647172,1.205344796180725,282150,0.0,0.0
1990-03-12 00:00:00-05:00,1.1968129885377512,1.2086628841574192,1.1849637031555176,1.1849637031555176,383400,0.023704,0.0
1990-03-13 00:00:00-05:00,1.1849637031555176,1.1849637031555176,1.1494144739745895,1.1849637031555176,197775,0.0,0.0
1990-03-14 00:00:00-05:00,1.1731137312561704,1.1968129885377512,1.1731137312561704,1.1849637031555176,371925,0.0,0.0
1990-03-15 00:00:00-05:00,1.2086635828018188,1.220512951313028,1.2086635828018188,1.2086635828018188,289575,0.0,0.0
1990-03-16 00:00:00-05:00,1.220512951313028,1.220512951313028,1.2086635828018188,1.2086635828018188,198450,0.0,0.0
1990-03-19 00:00:00-05:00,1.196813680332546,1.220512951313028,1.18496438810106,1.2086635828018188,243675,0.0,0.0
1990-03-20 00:00:00-05:00,1.2086635828018188,1.220512951313028,1.18496438810106,1.2086635828018188,351000,0.0,0.0
1990-03-21 00:00:00-05:00,1.2086634782617056,1.2442120383989959,1.2086634782617056,1.2323627471923828,198450,0.0,0.0
1990-03-22 00:00:00-05:00,1.2323627471923828,1.2442120383989959,1.2323627471923828,1.2323627471923828,164700,0.0,0.0
1990-03-23 00:00:00-05:00,1.2442118167604963,1.2679110814694892,1.2442118167604963,1.2560617923736572,263925,0.0,0.0
1990-03-26 00:00:00-05:00,1.2679113149642944,1.2797612927597122,1.244212045890914,1.2679113149642944,323325,0.0,0.0
1990-03-27 00:00:00-05:00,1.267911218290898,1.2797611951828003,1.2560619279163987,1.2797611951828003,155925,0.0,0.0
1990-03-28 00:00:00-05:00,1.2797612927597122,1.2797612927597122,1.2560620236863318,1.2679113149642944,242325,0.0,0.0
1990-03-29 00:00:00-05:00,1.2560620090215073,1.2679113001611266,1.244212031364441,1.244212031364441,87750,0.0,0.0
1990-03-30 00:00:00-05:00,1.2560615472414167,1.2560615472414167,1.2205123901367188,1.2205123901367188,232200,0.0,0.0
1990-04-02 00:00:00-04:00,1.2205128457480354,1.2323627471923828,1.2086634782617056,1.2323627471923828,480600,0.0,0.0
1990-04-03 00:00:00-04:00,1.2086632629556713,1.2679110814694892,1.2086632629556713,1.2560617923736572,94500,0.0,0.0
1990-04-04 00:00:00-04:00,1.2679113001611266,1.2679113001611266,1.2323627402248216,1.244212031364441,395550,0.0,0.0
1990-04-05 00:00:00-04:00,1.2560617923736572,1.2679110814694892,1.2442118167604963,1.2560617923736572,135675,0.0,0.0
1990-04-06 00:00:00-04:00,1.2560617923736572,1.2560617923736572,1.2442118167604963,1.2560617923736572,91800,0.0,0.0
1990-04-09 00:00:00-04:00,1.244212031364441,1.2560620090215073,1.244212031364441,1.244212031364441,75600,0.0,0.0
1990-04-10 00:00:00-04:00,1.2323627471923828,1.2442120383989959,1.2323627471923828,1.2323627471923828,108675,0.0,0.0
1990-04-11 00:00:00-04:00,1.2560620090215073,1.2560620090215073,1.2323627402248216,1.244212031364441,384750,0.0,0.0
1990-04-12 00:00:00-04:00,1.2323627402248216,1.2679113001611266,1.2323627402248216,1.244212031364441,154575,0.0,0.0
1990-04-16 00:00:00-04:00,1.2560615472414167,1.2560615472414167,1.2205123901367188,1.2205123901367188,310500,0.0,0.0
1990-04-17 00:00:00-04:00,1.2205128530972509,1.2679113149642944,1.2205128530972509,1.2679113149642944,378000,0.0,0.0
1990-04-18 00:00:00-04:00,1.2560620090215073,1.2560620090215073,1.2205128388474715,1.244212031364441,179550,0.0,0.0
1990-04-19 00:00:00-04:00,1.2442115739408897,1.2442115739408897,1.2205123901367188,1.2205123901367188,84375,0.0,0.0
1990-04-20 00:00:00-04:00,1.2323622871575575,1.2323622871575575,1.2205123901367188,1.2205123901367188,422550,0.0,0.0
1990-04-23 00:00:00-04:00,1.2205126283312067,1.2560617923736572,1.2205126283312067,1.2560617923736572,220050,0.0,0.0
1990-04-24 00:00:00-04:00,1.2560620090215073,1.2679113001611266,1.2323627402248216,1.244212031364441,136350,0.0,0.0
1990-04-25 00:00:00-04:00,1.2323622871575575,1.2442115739408897,1.2205123901367188,1.2205123901367188,118125,0.0,0.0
1990-04-26 00:00:00-04:00,1.2442120383989959,1.2442120383989959,1.2323627471923828,1.2323627471923828,165375,0.0,0.0
1990-04-27 00:00:00-04:00,1.2442115739408897,1.2560615472414167,1.2205123901367188,1.2205123901367188,963900,0.0,0.0
1990-04-30 00:00:00-04:00,1.2323622871575575,1.2323622871575575,1.2086630270736984,1.2205123901367188,436725,0.0,0.0
1990-05-01 00:00:00-04:00,1.2205128457480354,1.2442120383989959,1.2205128457480354,1.2323627471923828,249075,0.0,0.0
1990-05-02 00:00:00-04:00,1.2323628537823008,1.2323628537823008,1.196813680332546,1.2086635828018188,143100,0.0,0.0
1990-05-03 00:00:00-04:00,1.1968135768173582,1.2323627471923828,1.1968135768173582,1.2323627471923828,232875,0.0,0.0
1990-05-04 00:00:00-04:00,1.2323627471923828,1.2442120383989959,1.2205128457480354,1.2323627471923828,381375,0.0,0.0
1990-05-07 00:00:00-04:00,1.2323627471923828,1.25606201612306,1.2323627471923828,1.2323627471923828,148500,0.0,0.0
1990-05-08 00:00:00-04:00,1.244212031364441,1.2679113001611266,1.2323627402248216,1.244212031364441,169425,0.0,0.0
1990-05-09 00:00:00-04:00,1.244212031364441,1.2679113001611266,1.244212031364441,1.244212031364441,116775,0.0,0.0
1990-05-10 00:00:00-04:00,1.2442119510244964,1.2797611951828003,1.2442119510244964,1.2797611951828003,476550,0.0,0.0
1990-05-11 00:00:00-04:00,1.2797609387450122,1.291610836982727,1.2797609387450122,1.291610836982727,417825,0.0,0.0
1990-05-14 00:00:00-04:00,1.2797609387450122,1.291610836982727,1.2797609387450122,1.291610836982727,461700,0.0,0.0
1990-05-15 00:00:00-04:00,1.2797611951828003,1.3034603861694904,1.2797611951828003,1.2797611951828003,120150,0.0,0.0
1990-05-16 00:00:00-04:00,1.2797609387450122,1.291610836982727,1.2679109642276012,1.291610836982727,430650,0.0,0.0
1990-05-17 00:00:00-04:00,1.2797609387450122,1.291610836982727,1.2797609387450122,1.291610836982727,216000,0.0,0.0
1990-05-18 00:00:00-04:00,1.291611133963986,1.3153104782104492,1.2797612330016133,1.3153104782104492,449550,0.0,0.0
1990-05-21 00:00:00-04:00,1.3034600670114154,1.3390093024653287,1.3034600670114154,1.3271594047546387,187650,0.0,0.0
1990-05-22 00:00:00-04:00,1.33900936201784,1.33900936201784,1.291610836982727,1.291610836982727,153900,0.0,0.0
1990-05-23 00:00:00-04:00,1.2797612330016133,1.3390096698974852,1.2797612330016133,1.3153104782104492,675675,0.0,0.0
1990-05-24 00:00:00-04:00,1.3271597689351124,1.3390096698974852,1.3153104782104492,1.3153104782104492,677700,0.0,0.0
1990-05-25 00:00:00-04:00,1.315310117281491,1.3508585899384766,1.315310117281491,1.3271594047546387,212625,0.0,0.0
1990-05-29 00:00:00-04:00,1.3153099829995027,1.339009165763855,1.3153099829995027,1.339009165763855,198450,0.0,0.0
1990-05-30 00:00:00-04:00,1.327159269262939,1.339009165763855,1.327159269262939,1.339009165763855,172125,0.0,0.0
1990-05-31 00:00:00-04:00,1.3153104782104492,1.3271597689351124,1.3034604246886492,1.3153104782104492,375300,0.0,0.0
1990-06-01 00:00:00-04:00,1.3034600670114154,1.3390093024653287,1.3034600670114154,1.3271594047546387,263250,0.0,0.0
1990-06-04 00:00:00-04:00,1.3271592188884003,1.3745577351773852,1.3271592188884003,1.3627084493637085,247725,0.0,0.0
1990-06-05 00:00:00-04:00,1.3627086192328746,1.3745579065236309,1.3508585691452026,1.3508585691452026,384075,0.0,0.0
1990-06-06 00:00:00-04:00,1.3508585691452026,1.3745579065236309,1.3390092818544466,1.3508585691452026,831600,0.0,0.0
1990-06-07 00:00:00-04:00,1.3390093024653287,1.3390093024653287,1.3271594047546387,1.3271594047546387,1407375,0.0,0.0
1990-06-08 00:00:00-04:00,1.3390093024653287,1.3390093024653287,1.3271594047546387,1.3271594047546387,2811375,0.0,0.0
1990-06-11 00:00:00-04:00,1.3065433991847997,1.318529679090747,1.2825695276260376,1.2825695276260376,446175,0.023704,0.0
1990-06-12 00:00:00-04:00,1.2945558628923535,1.3065427541732788,1.270582620461299,1.3065427541732788,233550,0.0,0.0
1990-06-13 00:00:00-04:00,1.2825688944498859,1.3065427541732788,1.270582620461299,1.3065427541732788,184950,0.0,0.0
1990-06-14 00:00:00-04:00,1.306543178965288,1.306543178965288,1.2705830335617065,1.2705830335617065,140400,0.0,0.0
1990-06-15 00:00:00-04:00,1.2585961818695068,1.2825694343929515,1.2585961818695068,1.2585961818695068,470475,0.0,0.0
1990-06-18 00:00:00-04:00,1.2705828146916622,1.2705828146916622,1.2466095685958862,1.2466095685958862,127575,0.0,0.0
1990-06-19 00:00:00-04:00,1.2466095685958862,1.2585958444167806,1.2466095685958862,1.2466095685958862,194400,0.0,0.0
1990-06-20 00:00:00-04:00,1.2466099028348714,1.2585961818695068,1.2346230065076371,1.2585961818695068,1534950,0.0,0.0
1990-06-21 00:00:00-04:00,1.2705830335617065,1.2705830335617065,1.2466097833363097,1.2705830335617065,430650,0.0,0.0
1990-06-22 00:00:00-04:00,1.2705828146916622,1.2705828146916622,1.2466095685958862,1.2466095685958862,378675,0.0,0.0
1990-06-25 00:00:00-04:00,1.234622597694397,1.246609490052483,1.234622597694397,1.234622597694397,227475,0.0,0.0
1990-06-26 00:00:00-04:00,1.2346228881581254,1.2705830335617065,1.2226365331109128,1.2705830335617065,130950,0.0,0.0
1990-06-27 00:00:00-04:00,1.2705828146916622,1.2705828146916622,1.2346226754825589,1.2466095685958862,479250,0.0,0.0
1990-06-28 00:00:00-04:00,1.2346230065076371,1.2585961818695068,1.2226366503114265,1.2585961818695068,471150,0.0,0.0
1990-06-29 00:00:00-04:00,1.2585961818695068,1.2825694343929515,1.2346230065076371,1.2585961818695068,2686500,0.0,0.0
1990-07-02 00:00:00-04:00,1.2585957651181743,1.2585957651181743,1.222636245467156,1.234622597694397,170100,0.0,0.0
1990-07-03 00:00:00-04:00,1.222636245467156,1.246609490052483,1.222636245467156,1.234622597694397,481275,0.0,0.0
1990-07-05 00:00:00-04:00,1.2346228156007222,1.2346228156007222,1.2106495667842065,1.2226364612579346,94500,0.0,0.0
1990-07-06 00:00:00-04:00,1.2226365331109128,1.2705830335617065,1.2106496379327285,1.2705830335617065,56700,0.0,0.0
1990-07-09 00:00:00-04:00,1.2825690905125564,1.2825690905125564,1.2226363225001105,1.2466095685958862,199125,0.0,0.0
1990-07-10 00:00:00-04:00,1.2466099028348714,1.2585961818695068,1.2346230065076371,1.2585961818695068,1238625,0.0,0.0
1990-07-11 00:00:00-04:00,1.2466095685958862,1.2585958444167806,1.2346226754825589,1.2466095685958862,901800,0.0,0.0
1990-07-12 00:00:00-04:00,1.246609490052483,1.246609490052483,1.222636245467156,1.234622597694397,135675,0.0,0.0
1990-07-13 00:00:00-04:00,1.222636245467156,1.234622597694397,1.1986630780433787,1.234622597694397,193050,0.0,0.0
1990-07-16 00:00:00-04:00,1.2226365044630518,1.2226365044630518,1.1866763599020604,1.2106496095657349,875475,0.0,0.0
1990-07-17 00:00:00-04:00,1.2106495115316096,1.2106495115316096,1.186676263809204,1.186676263809204,739800,0.0,0.0
1990-07-18 00:00:00-04:00,1.1866758033090998,1.1986627697456709,1.174689531326294,1.174689531326294,92475,0.0,0.0
1990-07-19 00:00:00-04:00,1.1746899871750187,1.186676263809204,1.1746899871750187,1.186676263809204,387450,0.0,0.0
1990-07-20 00:00:00-04:00,1.1746902736026532,1.1986635271705164,1.1387300460237566,1.15071702003479,537300,0.0,0.0
1990-07-23 00:00:00-04:00,1.15071702003479,1.1627032995916198,1.1147567924558934,1.15071702003479,944325,0.0,0.0
1990-07-24 00:00:00-04:00,1.1507170231770674,1.162703302766628,1.1387300491333008,1.1387300491333008,641925,0.0,0.0
1990-07-25 00:00:00-04:00,1.1507170231770674,1.1507170231770674,1.1387300491333008,1.1387300491333008,115425,0.0,0.0
1990-07-26 00:00:00-04:00,1.1387300460237566,1.15071702003479,1.1267437664669269,1.15071702003479,152550,0.0,0.0
1990-07-27 00:00:00-04:00,1.1387295897101668,1.1507165589177624,1.1147563457489014,1.1147563457489014,280800,0.0,0.0
1990-07-30 00:00:00-04:00,1.1027702091199432,1.1027702091199432,1.0548237151919946,1.0907832384109497,726975,0.0,0.0
1990-07-31 00:00:00-04:00,1.0907832384109497,1.1027702091199432,1.0787969621559688,1.0907832384109497,951750,0.0,0.0
1990-08-01 00:00:00-04:00,1.0787967443466187,1.0907830181815676,1.0668097760577975,1.0787967443466187,1118475,0.0,0.0
1990-08-02 00:00:00-04:00,1.0668101981832045,1.0668101981832045,1.030850667995683,1.0428370237350464,811350,0.0,0.0
1990-08-03 00:00:00-04:00,1.030849814414978,1.0428361602292162,1.0068766598174537,1.030849814414978,407025,0.0,0.0
1990-08-06 00:00:00-04:00,1.0068771839141846,1.018863458805975,0.9349567567477077,1.0068771839141846,436050,0.0,0.0
1990-08-07 00:00:00-04:00,1.0068768114739572,1.0308499696823357,0.9948898465621698,1.0188630819320679,243000,0.0,0.0
1990-08-08 00:00:00-04:00,1.018863458805975,1.0428367030434895,1.0068771839141846,1.0068771839141846,207225,0.0,0.0
1990-08-09 00:00:00-04:00,1.018863458805975,1.018863458805975,0.9829039396766701,1.0068771839141846,350325,0.0,0.0
1990-08-10 00:00:00-04:00,1.0068771839141846,1.0308503509901508,0.9948902145684606,1.0068771839141846,918675,0.0,0.0
1990-08-13 00:00:00-04:00,1.0068771839141846,1.0068771839141846,0.9948902145684606,1.0068771839141846,137700,0.0,0.0
1990-08-14 00:00:00-04:00,0.9948902145684606,1.0068771839141846,0.9948902145684606,1.0068771839141846,87750,0.0,0.0
1990-08-15 00:00:00-04:00,1.0188636143079242,1.0548237562179565,1.006877337586753,1.0548237562179565,308475,0.0,0.0
1990-08-16 00:00:00-04:00,1.0428361602292162,1.0548230461740102,1.0188629284701838,1.030849814414978,275400,0.0,0.0
1990-08-17 00:00:00-04:00,1.0188634572127215,1.0188634572127215,0.9948902130126953,0.9948902130126953,440775,0.0,0.0
1990-08-20 00:00:00-04:00,1.0068771839141846,1.018863458805975,0.9948902145684606,1.0068771839141846,416475,0.0,0.0
1990-08-21 00:00:00-04:00,1.0188634572127215,1.0188634572127215,0.9829039381396484,0.9948902130126953,524475,0.0,0.0
1990-08-22 00:00:00-04:00,0.9829031825065613,1.0068764082765296,0.9829031825065613,0.9829031825065613,399600,0.0,0.0
1990-08-23 00:00:00-04:00,0.9709168643924798,0.9709168643924798,0.9349566547329239,0.9589298963546753,572400,0.0,0.0
1990-08-24 00:00:00-04:00,0.9589299994856899,1.0068771823396745,0.9589299994856899,0.9948902130126953,159975,0.0,0.0
1990-08-27 00:00:00-04:00,1.018863458805975,1.018863458805975,1.0068771839141846,1.0068771839141846,98550,0.0,0.0
1990-08-28 00:00:00-04:00,1.0188634572127215,1.0188634572127215,0.9948902130126953,0.9948902130126953,87750,0.0,0.0
1990-08-29 00:00:00-04:00,0.9948902145684606,1.0308503509901508,0.9948902145684606,1.0068771839141846,205200,0.0,0.0
1990-08-30 00:00:00-04:00,0.9948894481648461,1.0068764082765296,0.9829031825065613,0.9829031825065613,749925,0.0,0.0
1990-08-31 00:00:00-04:00,0.9948902130126953,0.9948902130126953,0.9829039381396484,0.9948902130126953,770850,0.0,0.0
1990-09-04 00:00:00-04:00,0.9948894481648461,0.9948894481648461,0.9589292622831945,0.9829031825065613,96525,0.0,0.0
1990-09-05 00:00:00-04:00,0.9709168643924798,0.9709168643924798,0.9469436227707284,0.9589298963546753,298350,0.0,0.0
1990-09-06 00:00:00-04:00,0.9469439387321472,0.9589302163154874,0.9229706891113774,0.9469439387321472,345600,0.0,0.0
1990-09-07 00:00:00-04:00,0.9349569666947176,0.9469439387321472,0.9349569666947176,0.9469439387321472,95850,0.0,0.0
1990-09-10 00:00:00-04:00,0.9747233589515267,0.9747233589515267,0.9381715947602028,0.9625396728515625,704025,0.023704,0.0
1990-09-11 00:00:00-04:00,0.9747231602668762,0.9747231602668762,0.9503550871426316,0.9747231602668762,168750,0.0,0.0
1990-09-12 00:00:00-04:00,0.9625394766503975,0.9747231602668762,0.9625394766503975,0.9747231602668762,198450,0.0,0.0
1990-09-13 00:00:00-04:00,0.9747234308603004,0.9747234308603004,0.950355350971222,0.9503553509712219,108675,0.0,0.0
1990-09-14 00:00:00-04:00,0.9625396728515625,0.9747233589515267,0.9503552808601672,0.9625396728515625,173475,0.0,0.0
1990-09-17 00:00:00-04:00,0.9625396728515625,0.986907750942922,0.9625396728515625,0.9625396728515625,203175,0.0,0.0
1990-09-18 00:00:00-04:00,0.9747231602668762,0.9747231602668762,0.9625394766503975,0.9747231602668762,159975,0.0,0.0
1990-09-19 00:00:00-04:00,0.9869067685141637,1.0356428761819114,0.9869067685141637,0.9990911483764648,169425,0.0,0.0
1990-09-20 00:00:00-04:00,0.986907549774642,0.9990919392824078,0.9747231602668762,0.9747231602668762,126225,0.0,0.0
1990-09-21 00:00:00-04:00,0.9869081974029541,0.9990925949063582,0.9625401082878966,0.9869081974029541,163350,0.0,0.0
1990-09-24 00:00:00-04:00,0.9625394766503975,0.986907549774642,0.9625394766503975,0.9747231602668762,204525,0.0,0.0
1990-09-25 00:00:00-04:00,0.9869077109237478,0.9869077109237478,0.9138034796140507,0.9259872436523438,689175,0.0,0.0
1990-09-26 00:00:00-04:00,0.9381711531502703,0.9381711531502703,0.8894350983406568,0.9016187787055969,689850,0.0,0.0
1990-09-27 00:00:00-04:00,0.9138032547680314,0.9138032547680314,0.8528828024864197,0.8528828024864197,209250,0.0,0.0
1990-09-28 00:00:00-04:00,0.8285153349283554,0.8650678211624044,0.8041472460695703,0.8406997323036194,434025,0.0,0.0
1990-10-01 00:00:00-04:00,0.8528830123426465,0.9259872436523438,0.8406993267367315,0.9259872436523438,225450,0.0,0.0
1990-10-02 00:00:00-04:00,0.9259873495145305,0.9625397438615028,0.9259873495145305,0.9503553509712219,167400,0.0,0.0
1990-10-03 00:00:00-04:00,0.9503549493595408,0.9503549493595408,0.9259869582005491,0.9381712675094604,1810350,0.0,0.0
1990-10-04 00:00:00-04:00,0.9625396728515625,0.9625396728515625,0.9503552808601672,0.9625396728515625,157275,0.0,0.0
1990-10-05 00:00:00-04:00,0.9503552808601672,0.9625396728515625,0.9381715947602028,0.9625396728515625,189000,0.0,0.0
1990-10-08 00:00:00-04:00,0.9747233589515267,0.9747233589515267,0.9625396728515625,0.9625396728515625,156600,0.0,0.0
1990-10-09 00:00:00-04:00,0.950355350971222,0.950355350971222,0.9381716639724244,0.9503553509712219,137700,0.0,0.0
1990-10-10 00:00:00-04:00,0.9259868453265758,0.9259868453265758,0.8894350983406568,0.9016187787055969,268650,0.0,0.0
1990-10-11 00:00:00-04:00,0.9138038754463196,0.9259876447622539,0.9016195571035011,0.9138038754463196,605475,0.0,0.0
1990-10-12 00:00:00-04:00,0.9016187787055969,0.9138030865292914,0.8894350983406568,0.9016187787055969,116775,0.0,0.0
1990-10-15 00:00:00-04:00,0.9138033545765814,0.9138033545765814,0.8772509694099426,0.8772509694099426,203850,0.0,0.0
1990-10-16 00:00:00-04:00,0.8772509694099426,0.8894353592400466,0.8650672854711445,0.8772509694099426,165375,0.0,0.0
1990-10-17 00:00:00-04:00,0.8650671909857053,0.8772508735937621,0.8528828024864197,0.8528828024864197,353700,0.0,0.0
1990-10-18 00:00:00-04:00,0.8528824303979391,0.8894348740577698,0.8528824303979391,0.8894348740577698,1025325,0.0,0.0
1990-10-19 00:00:00-04:00,0.8772514694447483,0.9138038754463196,0.8772514694447483,0.9138038754463196,111375,0.0,0.0
1990-10-22 00:00:00-04:00,0.9259870158084469,0.9503550084834306,0.8528828024864197,0.8528828024864197,469800,0.0,0.0
1990-10-23 00:00:00-04:00,0.852882645463639,0.9016187787055969,0.852882645463639,0.9016187787055969,149850,0.0,0.0
1990-10-24 00:00:00-04:00,0.889435206759123,0.9381712675094604,0.8772508190178578,0.9381712675094604,164700,0.0,0.0
1990-10-25 00:00:00-04:00,0.9259866118266797,0.9259866118266797,0.8772504908741859,0.8894348740577698,147150,0.0,0.0
1990-10-26 00:00:00-04:00,0.8772509694099426,0.8894353592400466,0.8650672854711445,0.8772509694099426,188325,0.0,0.0
1990-10-29 00:00:00-05:00,0.8894348740577698,0.9138028561016921,0.8772504908741859,0.8894348740577698,226800,0.0,0.0
1990-10-30 00:00:00-05:00,0.8772509694099426,0.9016190431788447,0.8528828956410406,0.8772509694099426,197775,0.0,0.0
1990-10-31 00:00:00-05:00,0.8772509694099426,0.8894353592400466,0.8650672854711445,0.8772509694099426,50625,0.0,0.0
1990-11-01 00:00:00-05:00,0.8772509694099426,0.8894353592400466,0.8528828956410406,0.8772509694099426,153225,0.0,0.0
1990-11-02 00:00:00-05:00,0.8894348740577698,0.8894348740577698,0.8772504908741859,0.8894348740577698,485325,0.0,0.0
1990-11-05 00:00:00-05:00,0.8894355000157519,0.8894355000157519,0.8406993447642164,0.8650674223899841,230175,0.0,0.0
1990-11-06 00:00:00-05:00,0.8650671909857053,0.8650671909857053,0.8406991198783628,0.8528828024864197,228150,0.0,0.0
1990-11-07 00:00:00-05:00,0.8528830306313915,0.8650674223899841,0.8528830306313915,0.8650674223899841,423900,0.0,0.0
1990-11-08 00:00:00-05:00,0.8528828956410406,0.8894353592400466,0.8406992117022425,0.8772509694099426,238275,0.0,0.0
1990-11-09 00:00:00-05:00,0.8772509694099426,0.8894353592400466,0.8528828956410406,0.8772509694099426,99225,0.0,0.0
1990-11-12 00:00:00-05:00,0.8772509694099426,0.8894353592400466,0.8650672854711445,0.8772509694099426,378000,0.0,0.0
1990-11-13 00:00:00-05:00,0.8894355000157519,0.8894355000157519,0.8650674223899841,0.8650674223899841,220725,0.0,0.0
1990-11-14 00:00:00-05:00,0.8772504908741859,0.8894348740577698,0.8650668135815229,0.8894348740577698,460350,0.0,0.0
1990-11-15 00:00:00-05:00,0.8894353592400466,0.8894353592400466,0.8772509694099426,0.8772509694099426,349650,0.0,0.0
1990-11-16 00:00:00-05:00,0.8772509694099426,0.8772509694099426,0.8650672854711445,0.8772509694099426,270000,0.0,0.0
1990-11-19 00:00:00-05:00,0.8772508735937621,0.8772508735937621,0.8406991198783628,0.8528828024864197,1055700,0.0,0.0
1990-11-20 00:00:00-05:00,0.8650671909857053,0.8894352620930477,0.8528828024864197,0.8528828024864197,438075,0.0,0.0
1990-11-21 00:00:00-05:00,0.8528828956410406,0.8772509694099426,0.8528828956410406,0.8772509694099426,159300,0.0,0.0
1990-11-23 00:00:00-05:00,0.8772511082571592,0.8772511082571592,0.8650674223899841,0.8650674223899841,75600,0.0,0.0
1990-11-26 00:00:00-05:00,0.8650672854711445,0.8772509694099426,0.8528828956410406,0.8772509694099426,270675,0.0,0.0
1990-11-27 00:00:00-05:00,0.8650674223899841,0.8772511082571592,0.8650674223899841,0.8650674223899841,167400,0.0,0.0
1990-11-28 00:00:00-05:00,0.8650672854711445,0.8894353592400466,0.8650672854711445,0.8772509694099426,695925,0.0,0.0
1990-11-29 00:00:00-05:00,0.8772504908741859,0.8894348740577698,0.8650668135815229,0.8894348740577698,801225,0.0,0.0
1990-11-30 00:00:00-05:00,0.8772508190178578,0.9381712675094604,0.8772508190178578,0.9381712675094604,681075,0.0,0.0
1990-12-03 00:00:00-05:00,0.9788105090989211,1.0159808646277804,0.9664201513146787,0.9912001490592957,732375,0.023704,0.0
1990-12-04 00:00:00-05:00,1.003590600004192,1.0283706000490707,1.003590600004192,1.0159809589385986,591975,0.0,0.0
1990-12-05 00:00:00-05:00,1.015981545940889,1.015981545940889,1.0035911798477173,1.0035911798477173,79650,0.0,0.0
1990-12-06 00:00:00-05:00,1.0159808646277804,1.0159808646277804,0.9912001490592955,0.9912001490592957,318600,0.0,0.0
1990-12-07 00:00:00-05:00,0.9912001490592955,1.003590506843538,0.9664201513146787,0.9912001490592957,174825,0.0,0.0
1990-12-10 00:00:00-05:00,0.9912008137545456,1.0035911798477173,0.9788111654857232,1.0035911798477173,237600,0.0,0.0
1990-12-11 00:00:00-05:00,0.9912001490592955,1.003590506843538,0.9912001490592955,0.9912001490592957,207225,0.0,0.0
1990-12-12 00:00:00-05:00,1.003590506843538,1.003590506843538,0.9912001490592955,0.9912001490592957,139725,0.0,0.0
1990-12-13 00:00:00-05:00,1.003590600004192,1.0283706000490707,1.003590600004192,1.0159809589385986,203175,0.0,0.0
1990-12-14 00:00:00-05:00,1.003590506843538,1.0159808646277804,0.9912001490592955,0.9912001490592957,484650,0.0,0.0
1990-12-17 00:00:00-05:00,0.9788112561415026,0.9912009055578325,0.9540312394844268,0.9664208889007568,154575,0.0,0.0
1990-12-18 00:00:00-05:00,0.9664201513146787,0.9912001490592955,0.9664201513146787,0.9912001490592957,140400,0.0,0.0
1990-12-19 00:00:00-05:00,0.9788112561415026,0.9912009055578325,0.9416409520019495,0.9664208889007568,417150,0.0,0.0
1990-12-20 00:00:00-05:00,0.9540311309897622,0.9788111448287965,0.9540311309897622,0.9788111448287964,311175,0.0,0.0
1990-12-21 00:00:00-05:00,0.9788112561415026,0.9788112561415026,0.9664208889007567,0.9664208889007568,566325,0.0,0.0
1990-12-24 00:00:00-05:00,0.9664207789971123,0.9788111448287965,0.9664207789971123,0.9788111448287964,91125,0.0,0.0
1990-12-26 00:00:00-05:00,0.9664208889007567,0.9912009055578325,0.9664208889007567,0.9664208889007568,100575,0.0,0.0
1990-12-27 00:00:00-05:00,0.9664208889007567,0.9788112561415026,0.9664208889007567,0.9664208889007568,350325,0.0,0.0
1990-12-28 00:00:00-05:00,0.9540312394844268,1.0283712894556538,0.9540312394844268,0.9664208889007568,398925,0.0,0.0
1990-12-31 00:00:00-05:00,0.9540304757949584,0.9664201152935369,0.8796905650901689,0.9416401982307434,520425,0.0,0.0
1991-01-02 00:00:00-05:00,0.9540312394844268,0.9788112561415026,0.9540312394844268,0.9664208889007568,421875,0.0,0.0
1991-01-03 00:00:00-05:00,0.9664201152935369,0.9788104726159564,0.9416401982307434,0.9416401982307434,162675,0.0,0.0
1991-01-04 00:00:00-05:00,0.9540309039180926,0.9540309039180926,0.9292508959770203,0.9292508959770203,263250,0.0,0.0
1991-01-07 00:00:00-05:00,0.9292501986193148,0.9416399141381224,0.9044702890326163,0.9168599247932434,552150,0.0,0.0
1991-01-08 00:00:00-05:00,0.9044704844542375,0.9168601228917936,0.8920801281929017,0.8920801281929016,423225,0.0,0.0
1991-01-09 00:00:00-05:00,0.9044704844542375,0.9168601228917936,0.8796904897553456,0.8920801281929016,377325,0.0,0.0
1991-01-10 00:00:00-05:00,0.8920807108880647,0.8920807108880647,0.8673007000032018,0.8796910643577576,169425,0.0,0.0
1991-01-11 00:00:00-05:00,0.867300570011139,0.8796909325086122,0.867300570011139,0.8673005700111389,125550,0.0,0.0
1991-01-14 00:00:00-05:00,0.8549113869667053,0.8673010383301123,0.8425210177787698,0.8549113869667053,336825,0.0,0.0
1991-01-15 00:00:00-05:00,0.8549109253378068,0.867300570011139,0.8549109253378068,0.8673005700111389,147825,0.0,0.0
1991-01-16 00:00:00-05:00,0.8549113869667053,0.8673010383301123,0.8425210177787698,0.8549113869667053,502200,0.0,0.0
1991-01-17 00:00:00-05:00,0.8920807108880647,0.9168607217729277,0.8796910643577575,0.8796910643577576,1692225,0.0,0.0
1991-01-18 00:00:00-05:00,0.8425199567586066,0.9168599247932435,0.8425199567586066,0.9168599247932434,517050,0.0,0.0
1991-01-21 00:00:00-05:00,0.9292508959770203,0.9416406207937151,0.9168606128526428,0.9292508959770203,118800,0.0,0.0
1991-01-22 00:00:00-05:00,0.9168602014097453,0.9540304757949584,0.9168602014097453,0.9416401982307434,293625,0.0,0.0
1991-01-23 00:00:00-05:00,0.9540311309897622,1.0035911586678306,0.9540311309897622,0.9788111448287964,494100,0.0,0.0
1991-01-24 00:00:00-05:00,0.9912001490592955,1.003590506843538,0.9788105090989211,0.9912001490592957,247050,0.0,0.0
1991-01-25 00:00:00-05:00,1.003591272798578,1.003591272798578,0.9664208889007567,0.9664208889007568,282150,0.0,0.0
1991-01-28 00:00:00-05:00,0.9788112561415026,0.9912009055578325,0.9664208889007567,0.9664208889007568,54000,0.0,0.0
1991-01-29 00:00:00-05:00,0.9788105090989211,0.9912001490592955,0.9664201513146787,0.9912001490592957,230175,0.0,0.0
1991-01-30 00:00:00-05:00,0.9912008137545456,1.015981545940889,0.9912008137545456,1.0035911798477173,593325,0.0,0.0
1991-01-31 00:00:00-05:00,1.0159808597104916,1.0283704996109009,1.0159808597104916,1.0283704996109009,330075,0.0,0.0
1991-02-01 00:00:00-05:00,1.0283708701869267,1.0407612323760986,1.0159812258218779,1.0407612323760986,190350,0.0,0.0
1991-02-04 00:00:00-05:00,1.0407614885417351,1.1027110815048218,1.0283711233028867,1.1027110815048218,371925,0.0,0.0
1991-02-05 00:00:00-05:00,1.090320879321716,1.1646608794568083,1.090320879321716,1.127490520477295,1134675,0.0,0.0
1991-02-06 00:00:00-05:00,1.127491204539367,1.127491204539367,1.0779312541389203,1.0903215408325195,396900,0.0,0.0
1991-02-07 00:00:00-05:00,1.0779312541389203,1.0903215408325195,1.0779312541389203,1.0903215408325195,389475,0.0,0.0
1991-02-08 00:00:00-05:00,1.090321571951714,1.090321571951714,1.07793128490448,1.07793128490448,151200,0.0,0.0
1991-02-11 00:00:00-05:00,1.090320879321716,1.127490520477295,1.0779306001454483,1.127490520477295,765450,0.0,0.0
1991-02-12 00:00:00-05:00,1.127490520477295,1.1398808794117774,1.1151008793667467,1.127490520477295,560250,0.0,0.0
1991-02-13 00:00:00-05:00,1.1274902238066054,1.1770502108562029,1.1151005859560787,1.1646605730056763,566325,0.0,0.0
1991-02-14 00:00:00-05:00,1.1646613832150656,1.1770510296845849,1.127491008158018,1.1398813724517822,502200,0.0,0.0
1991-02-15 00:00:00-05:00,1.1398805794808775,1.1646605730056763,1.1398805794808775,1.1646605730056763,245025,0.0,0.0
1991-02-19 00:00:00-05:00,1.1646612762802118,1.1646612762802118,1.1398812677921362,1.1522709131240845,311175,0.0,0.0
1991-02-20 00:00:00-05:00,1.1522702173314041,1.1770502108562029,1.1398805794808775,1.1646605730056763,448875,0.0,0.0
1991-02-21 00:00:00-05:00,1.1646612762802118,1.1646612762802118,1.1398812677921362,1.1522709131240845,627750,0.0,0.0
1991-02-22 00:00:00-05:00,1.1522706211173313,1.2018306255340576,1.1522706211173313,1.2018306255340576,974700,0.0,0.0
1991-02-25 00:00:00-05:00,1.2142210891851144,1.2266107324347648,1.1894410848617554,1.1894410848617554,563625,0.0,0.0
1991-02-26 00:00:00-05:00,1.1894416729708925,1.2018313223464978,1.177051305770874,1.177051305770874,402975,0.0,0.0
1991-02-27 00:00:00-05:00,1.1646616563952688,1.1894416729708925,1.1646616563952688,1.177051305770874,180225,0.0,0.0
1991-02-28 00:00:00-05:00,1.1894410848617554,1.2018307281114056,1.1770507237880465,1.1894410848617554,450225,0.0,0.0
1991-03-01 00:00:00-05:00,1.1894416729708925,1.1894416729708925,1.177051305770874,1.177051305770874,318600,0.0,0.0
1991-03-04 00:00:00-05:00,1.1894407839643366,1.2390007800736718,1.1894407839643366,1.2266104221343994,469800,0.0,0.0
1991-03-05 00:00:00-05:00,1.2390007972717285,1.2637807159121472,1.2266104391604709,1.2390007972717285,683100,0.0,0.0
1991-03-06 00:00:00-05:00,1.2637806983701307,1.2637806983701307,1.2266104221343994,1.2266104221343994,1117125,0.0,0.0
1991-03-07 00:00:00-05:00,1.239000987758601,1.239000987758601,1.1894409833418746,1.2018306255340576,767475,0.0,0.0
1991-03-08 00:00:00-05:00,1.1894414652602237,1.214221477508545,1.1770511002239188,1.214221477508545,278775,0.0,0.0
1991-03-11 00:00:00-05:00,1.2177363104923362,1.2302906513214111,1.1926283561582594,1.2302906513214111,221400,0.023704,0.0
1991-03-12 00:00:00-05:00,1.2177363104923362,1.255398605655488,1.2177363104923362,1.2302906513214111,600750,0.0,0.0
1991-03-13 00:00:00-05:00,1.2428444176902311,1.2428444176902311,1.1926285028457642,1.1926285028457642,336825,0.0,0.0
1991-03-14 00:00:00-05:00,1.205182433128357,1.2302903819653759,1.1926280950478905,1.205182433128357,474525,0.0,0.0
1991-03-15 00:00:00-05:00,1.205182279787002,1.205182279787002,1.1800743341445923,1.1800743341445923,218025,0.0,0.0
1991-03-18 00:00:00-05:00,1.180074484291338,1.205182433128357,1.180074484291338,1.205182433128357,184275,0.0,0.0
1991-03-19 00:00:00-05:00,1.1926285028457642,1.2051828452189624,1.1800748877967289,1.1926285028457642,201150,0.0,0.0
1991-03-20 00:00:00-05:00,1.1926282364669714,1.1926282364669714,1.1549666724075793,1.16752028465271,349650,0.0,0.0
1991-03-21 00:00:00-05:00,1.1675205454235307,1.1926285028457642,1.1675205454235307,1.1926285028457642,529875,0.0,0.0
1991-03-22 00:00:00-05:00,1.1675199976614767,1.1926279433038864,1.1675199976614767,1.1800743341445923,90450,0.0,0.0
1991-03-25 00:00:00-05:00,1.180074484291338,1.205182433128357,1.180074484291338,1.205182433128357,243675,0.0,0.0
1991-03-26 00:00:00-05:00,1.1926285028457642,1.1926285028457642,1.1800748877967289,1.1926285028457642,558900,0.0,0.0
1991-03-27 00:00:00-05:00,1.180074484291338,1.205182433128357,1.180074484291338,1.205182433128357,594000,0.0,0.0
1991-03-28 00:00:00-05:00,1.1926280950478905,1.205182433128357,1.1926280950478905,1.205182433128357,139050,0.0,0.0
1991-04-01 00:00:00-05:00,1.205182433128357,1.205182433128357,1.180074484291338,1.205182433128357,294975,0.0,0.0
1991-04-02 00:00:00-05:00,1.2051828452189624,1.2177364602679976,1.1926285028457642,1.1926285028457642,266625,0.0,0.0
1991-04-03 00:00:00-05:00,1.205182433128357,1.205182433128357,1.180074484291338,1.205182433128357,96525,0.0,0.0
1991-04-04 00:00:00-05:00,1.205182433128357,1.2302903819653759,1.1926280950478905,1.205182433128357,511650,0.0,0.0
1991-04-05 00:00:00-05:00,1.2177360438849094,1.2177360438849094,1.1926280950478905,1.205182433128357,159300,0.0,0.0
1991-04-08 00:00:00-04:00,1.205182433128357,1.205182433128357,1.1926280950478905,1.205182433128357,348300,0.0,0.0
1991-04-09 00:00:00-04:00,1.1926279433038864,1.205182279787002,1.1800743341445923,1.1800743341445923,163350,0.0,0.0
1991-04-10 00:00:00-04:00,1.1800741008005804,1.2177356481552124,1.1800741008005804,1.2177356481552124,972675,0.0,0.0
1991-04-11 00:00:00-04:00,1.2177363104923362,1.242844264826413,1.2051826969873343,1.2302906513214111,407025,0.0,0.0
1991-04-12 00:00:00-04:00,1.2177356481552124,1.2302899821558748,1.2051820414782275,1.2177356481552124,639900,0.0,0.0
1991-04-15 00:00:00-04:00,1.230290319713808,1.2805061340332031,1.230290319713808,1.2805061340332031,523125,0.0,0.0
1991-04-16 00:00:00-04:00,1.293060582573519,1.3307228088378906,1.2805068842831822,1.3307228088378906,409725,0.0,0.0
1991-04-17 00:00:00-04:00,1.305614709854126,1.3181683260162056,1.293060447181622,1.305614709854126,560250,0.0,0.0
1991-04-18 00:00:00-04:00,1.305614709854126,1.3307226695025123,1.2805067502057395,1.305614709854126,757350,0.0,0.0
1991-04-19 00:00:00-04:00,1.2930598249683185,1.2930598249683185,1.2805061340332031,1.2805061340332031,594675,0.0,0.0
1991-04-22 00:00:00-04:00,1.2805057826974273,1.2805057826974273,1.2051820414782275,1.2177356481552124,677700,0.0,0.0
1991-04-23 00:00:00-04:00,1.2302904426027907,1.2553983926773071,1.2302904426027907,1.2553983926773071,685800,0.0,0.0
1991-04-24 00:00:00-04:00,1.2679521774849545,1.2679521774849545,1.2302906108837506,1.2428442239761353,385425,0.0,0.0
1991-04-25 00:00:00-04:00,1.2302906363692463,1.280506463613323,1.2177362956927487,1.2679522037506104,598725,0.0,0.0
1991-04-26 00:00:00-04:00,1.2553983926773071,1.2553983926773071,1.242844053978074,1.2553983926773071,186300,0.0,0.0
1991-04-29 00:00:00-04:00,1.2553983926773071,1.2553983926773071,1.242844053978074,1.2553983926773071,196425,0.0,0.0
1991-04-30 00:00:00-04:00,1.2428439927219284,1.267951941558947,1.205182433128357,1.205182433128357,1742175,0.0,0.0
1991-05-01 00:00:00-04:00,1.2177360438849094,1.2177360438849094,1.1926280950478905,1.205182433128357,390150,0.0,0.0
1991-05-02 00:00:00-04:00,1.1926280950478905,1.205182433128357,1.1926280950478905,1.205182433128357,255150,0.0,0.0
1991-05-03 00:00:00-04:00,1.205182433128357,1.205182433128357,1.1926280950478905,1.205182433128357,132300,0.0,0.0
1991-05-06 00:00:00-04:00,1.2051828452189624,1.2051828452189624,1.1800748877967289,1.1926285028457642,2000025,0.0,0.0
1991-05-07 00:00:00-04:00,1.1926279433038864,1.1926279433038864,1.1800743341445923,1.1800743341445923,257175,0.0,0.0
1991-05-08 00:00:00-04:00,1.1800748877967289,1.1926285028457642,1.1800748877967289,1.1926285028457642,291600,0.0,0.0
1991-05-09 00:00:00-04:00,1.1926285028457642,1.2051828452189624,1.1800748877967289,1.1926285028457642,1550475,0.0,0.0
1991-05-10 00:00:00-04:00,1.205182433128357,1.205182433128357,1.1926280950478905,1.205182433128357,475875,0.0,0.0
1991-05-13 00:00:00-04:00,1.205182433128357,1.2177360438849094,1.205182433128357,1.205182433128357,297000,0.0,0.0
1991-05-14 00:00:00-04:00,1.2051820414782275,1.2177356481552124,1.2051820414782275,1.2177356481552124,415800,0.0,0.0
1991-05-15 00:00:00-04:00,1.2177360438849094,1.2177360438849094,1.205182433128357,1.205182433128357,355050,0.0,0.0
1991-05-16 00:00:00-04:00,1.2177363104923362,1.2302906513214111,1.2051826969873343,1.2302906513214111,303075,0.0,0.0
1991-05-17 00:00:00-04:00,1.2302906513214111,1.2302906513214111,1.2051826969873343,1.2302906513214111,205200,0.0,0.0
1991-05-20 00:00:00-04:00,1.2302903819653759,1.2302903819653759,1.205182433128357,1.205182433128357,387450,0.0,0.0
1991-05-21 00:00:00-04:00,1.2051828452189624,1.2051828452189624,1.1926285028457642,1.1926285028457642,572400,0.0,0.0
1991-05-22 00:00:00-04:00,1.1926285028457642,1.2051828452189624,1.1926285028457642,1.1926285028457642,1071225,0.0,0.0
1991-05-23 00:00:00-04:00,1.1926280950478905,1.205182433128357,1.180074484291338,1.205182433128357,706725,0.0,0.0
1991-05-24 00:00:00-04:00,1.1926285028457642,1.2051828452189624,1.1926285028457642,1.1926285028457642,211275,0.0,0.0
1991-05-28 00:00:00-04:00,1.2051820414782275,1.2177356481552124,1.192627707477565,1.2177356481552124,276075,0.0,0.0
1991-05-29 00:00:00-04:00,1.2177363104923362,1.242844264826413,1.2051826969873343,1.2302906513214111,487350,0.0,0.0
1991-05-30 00:00:00-04:00,1.2428446580188104,1.3307228088378906,1.2428446580188104,1.3307228088378906,947700,0.0,0.0
1991-05-31 00:00:00-04:00,1.3181684640370617,1.3307228088378906,1.2805068842831822,1.3307228088378906,649350,0.0,0.0
1991-06-03 00:00:00-04:00,1.3181681632995605,1.3307225052361407,1.280506592138095,1.3181681632995605,574425,0.0,0.0
1991-06-04 00:00:00-04:00,1.3056145486871178,1.3181681632995605,1.280506592138095,1.3181681632995605,1512000,0.0,0.0
1991-06-05 00:00:00-04:00,1.3181681632995605,1.3432761198485834,1.3056145486871178,1.3181681632995605,269325,0.0,0.0
1991-06-06 00:00:00-04:00,1.3181683030719717,1.3432762622833252,1.2930604246744197,1.3432762622833252,510300,0.0,0.0
1991-06-07 00:00:00-04:00,1.3307226463397557,1.3432762622833252,1.3181683030719717,1.3432762622833252,361800,0.0,0.0
1991-06-10 00:00:00-04:00,1.3214220840294457,1.3214220840294457,1.2833038766189213,1.296010136604309,523125,0.023704,0.0
1991-06-11 00:00:00-04:00,1.2833044528961182,1.2960107185873468,1.2705988415430562,1.2833044528961182,219375,0.0,0.0
1991-06-12 00:00:00-04:00,1.283303777810724,1.283303777810724,1.232479886873645,1.2705981731414795,295650,0.0,0.0
1991-06-13 00:00:00-04:00,1.2833044528961182,1.2833044528961182,1.2578924940595566,1.2833044528961182,371250,0.0,0.0
1991-06-14 00:00:00-04:00,1.2833038729598207,1.3087158203125,1.2833038729598207,1.3087158203125,164025,0.0,0.0
1991-06-17 00:00:00-04:00,1.308715824044058,1.308715824044058,1.296010136604309,1.296010136604309,72900,0.0,0.0
1991-06-18 00:00:00-04:00,1.3087158203125,1.321422080261658,1.296010132908979,1.3087158203125,361800,0.0,0.0
1991-06-19 00:00:00-04:00,1.3087161588678429,1.3087161588678429,1.2324802970881428,1.2578922510147095,184950,0.0,0.0
1991-06-20 00:00:00-04:00,1.2578922412818228,1.270598586211939,1.2197746787520534,1.2324802875518799,319950,0.0,0.0
1991-06-21 00:00:00-04:00,1.2197749652360326,1.2578925367183331,1.2197749652360326,1.2451869249343872,130275,0.0,0.0
1991-06-24 00:00:00-04:00,1.2324805770199785,1.2578925367183331,1.2197749652360326,1.2451869249343872,138375,0.0,0.0
1991-06-25 00:00:00-04:00,1.2578922412818228,1.2578922412818228,1.2324802875518799,1.2324802875518799,82350,0.0,0.0
1991-06-26 00:00:00-04:00,1.207067787823926,1.2324797300591788,1.168950242536025,1.2197741270065308,641250,0.0,0.0
1991-06-27 00:00:00-04:00,1.2070679414051055,1.2705981731414795,1.2070679414051055,1.2705981731414795,465750,0.0,0.0
1991-06-28 00:00:00-04:00,1.2578918323421846,1.283303777810724,1.2578918323421846,1.2705981731414795,273375,0.0,0.0
1991-07-01 00:00:00-04:00,1.2705988846327418,1.2705988846327418,1.2324805770199785,1.2451869249343872,93825,0.0,0.0
1991-07-02 00:00:00-04:00,1.2451860692417835,1.2451860692417835,1.207067787823926,1.2197741270065308,203175,0.0,0.0
1991-07-03 00:00:00-04:00,1.1943621847712778,1.2324797300591788,1.1943621847712778,1.2197741270065308,199125,0.0,0.0
1991-07-05 00:00:00-04:00,1.2197746787520534,1.2451866324819962,1.2197746787520534,1.2324802875518799,89775,0.0,0.0
1991-07-08 00:00:00-04:00,1.2451869249343872,1.2451869249343872,1.2324805770199785,1.2451869249343872,84375,0.0,0.0
1991-07-09 00:00:00-04:00,1.2324802970881428,1.2578922510147095,1.2324802970881428,1.2578922510147095,95175,0.0,0.0
1991-07-10 00:00:00-04:00,1.2451866324819962,1.270598586211939,1.2324802875518799,1.2324802875518799,137700,0.0,0.0
1991-07-11 00:00:00-04:00,1.2451869249343872,1.2578925367183331,1.2197749652360326,1.2451869249343872,268650,0.0,0.0
1991-07-12 00:00:00-04:00,1.2578925367183331,1.2705988846327418,1.2324805770199785,1.2451869249343872,97200,0.0,0.0
1991-07-15 00:00:00-04:00,1.2578922510147095,1.2705985960431405,1.2451866421165738,1.2578922510147095,583200,0.0,0.0
1991-07-16 00:00:00-04:00,1.2705985960431405,1.2705985960431405,1.2578922510147095,1.2578922510147095,181575,0.0,0.0
1991-07-17 00:00:00-04:00,1.2578922510147095,1.2705985960431405,1.2451866421165738,1.2578922510147095,231525,0.0,0.0
1991-07-18 00:00:00-04:00,1.2705982709714065,1.308715824044058,1.2705982709714065,1.296010136604309,276750,0.0,0.0
1991-07-19 00:00:00-04:00,1.2960102692503899,1.3214222192764282,1.2960102692503899,1.3214222192764282,366525,0.0,0.0
1991-07-22 00:00:00-04:00,1.3087158203125,1.321422080261658,1.3087158203125,1.3087158203125,137025,0.0,0.0
1991-07-23 00:00:00-04:00,1.2960100368177911,1.2960100368177911,1.2705981731414795,1.2705981731414795,178200,0.0,0.0
1991-07-24 00:00:00-04:00,1.2705981731414795,1.283303777810724,1.2578918323421846,1.2705981731414795,132300,0.0,0.0
1991-07-25 00:00:00-04:00,1.2578918323421846,1.2705981731414795,1.2578918323421846,1.2705981731414795,68850,0.0,0.0
1991-07-26 00:00:00-04:00,1.2705988415430562,1.2833044528961182,1.2578924940595566,1.2833044528961182,168075,0.0,0.0
1991-07-29 00:00:00-04:00,1.2705985960431405,1.2705985960431405,1.2451866421165738,1.2578922510147095,147825,0.0,0.0
1991-07-30 00:00:00-04:00,1.2705988846327418,1.2705988846327418,1.2451869249343872,1.2451869249343872,175500,0.0,0.0
1991-07-31 00:00:00-04:00,1.2451869249343872,1.2578925367183331,1.2324805770199785,1.2451869249343872,288225,0.0,0.0
1991-08-01 00:00:00-04:00,1.2324802875518799,1.2451866324819962,1.2324802875518799,1.2324802875518799,228150,0.0,0.0
1991-08-02 00:00:00-04:00,1.2578918323421846,1.2705981731414795,1.24518622767294,1.2705981731414795,286200,0.0,0.0
1991-08-05 00:00:00-04:00,1.2705985960431405,1.2705985960431405,1.2451866421165738,1.2578922510147095,280125,0.0,0.0
1991-08-06 00:00:00-04:00,1.2451869249343872,1.2578925367183331,1.2451869249343872,1.2451869249343872,49275,0.0,0.0
1991-08-07 00:00:00-04:00,1.2451869249343872,1.2705988846327418,1.2324805770199785,1.2451869249343872,278100,0.0,0.0
1991-08-08 00:00:00-04:00,1.24518632354627,1.296010136604309,1.24518632354627,1.296010136604309,271350,0.0,0.0
1991-08-09 00:00:00-04:00,1.321422422104019,1.321422422104019,1.2578922510147095,1.2578922510147095,602775,0.0,0.0
1991-08-12 00:00:00-04:00,1.2578922510147095,1.2705985960431405,1.2578922510147095,1.2578922510147095,100575,0.0,0.0
1991-08-13 00:00:00-04:00,1.2578918323421846,1.283303777810724,1.2578918323421846,1.2705981731414795,131625,0.0,0.0
1991-08-14 00:00:00-04:00,1.2705988846327418,1.2705988846327418,1.2451869249343872,1.2451869249343872,286875,0.0,0.0
1991-08-15 00:00:00-04:00,1.2451869249343872,1.2578925367183331,1.2451869249343872,1.2451869249343872,98550,0.0,0.0
1991-08-16 00:00:00-04:00,1.2578922510147095,1.2578922510147095,1.2451866421165738,1.2578922510147095,282825,0.0,0.0
1991-08-19 00:00:00-04:00,1.2197749652360326,1.2451869249343872,1.194363005537678,1.2451869249343872,317250,0.0,0.0
1991-08-20 00:00:00-04:00,1.2451866324819962,1.2451866324819962,1.2070683338219372,1.2324802875518799,450900,0.0,0.0
1991-08-21 00:00:00-04:00,1.2451866324819962,1.2451866324819962,1.2324802875518799,1.2324802875518799,313200,0.0,0.0
1991-08-22 00:00:00-04:00,1.2324802875518799,1.2451866324819962,1.2324802875518799,1.2324802875518799,222075,0.0,0.0
1991-08-23 00:00:00-04:00,1.2324802970881428,1.2578922510147095,1.2324802970881428,1.2578922510147095,245025,0.0,0.0
1991-08-26 00:00:00-04:00,1.2451866421165738,1.2833042049412762,1.2451866421165738,1.2578922510147095,310500,0.0,0.0
1991-08-27 00:00:00-04:00,1.2578922510147095,1.2578922510147095,1.2324802970881428,1.2578922510147095,247050,0.0,0.0
1991-08-28 00:00:00-04:00,1.2451866421165738,1.2705985960431405,1.2451866421165738,1.2578922510147095,223425,0.0,0.0
1991-08-29 00:00:00-04:00,1.2578925367183331,1.2578925367183331,1.2451869249343872,1.2451869249343872,309825,0.0,0.0
1991-08-30 00:00:00-04:00,1.2578925367183331,1.2578925367183331,1.2324805770199785,1.2451869249343872,241650,0.0,0.0
1991-09-03 00:00:00-04:00,1.2451866324819962,1.2451866324819962,1.2197746787520534,1.2324802875518799,425250,0.0,0.0
1991-09-04 00:00:00-04:00,1.2324797300591788,1.2324797300591788,1.207067787823926,1.2197741270065308,147150,0.0,0.0
1991-09-05 00:00:00-04:00,1.2324805770199785,1.2451869249343872,1.2070686173216238,1.2451869249343872,319275,0.0,0.0
1991-09-06 00:00:00-04:00,1.2324802875518799,1.2324802875518799,1.2197746787520534,1.2324802875518799,221400,0.0,0.0
1991-09-09 00:00:00-04:00,1.2324802875518799,1.2451866324819962,1.2324802875518799,1.2324802875518799,224100,0.0,0.0
1991-09-10 00:00:00-04:00,1.2500061706276202,1.2757794826156181,1.2371198879326564,1.2628931999206543,380025,0.025185,0.0
1991-09-11 00:00:00-04:00,1.262893108029106,1.262893108029106,1.250006079673767,1.250006079673767,265950,0.0,0.0
1991-09-12 00:00:00-04:00,1.2500054524162698,1.288665771484375,1.2500054524162698,1.288665771484375,907200,0.0,0.0
1991-09-13 00:00:00-04:00,1.288666608074667,1.3015528917312622,1.288666608074667,1.3015528917312622,424575,0.0,0.0
1991-09-16 00:00:00-04:00,1.288666608074667,1.3144398390306364,1.288666608074667,1.3015528917312622,394875,0.0,0.0
1991-09-17 00:00:00-04:00,1.3015523547399017,1.314439296722412,1.2886660763998963,1.314439296722412,303750,0.0,0.0
1991-09-18 00:00:00-04:00,1.3144398390306364,1.3144398390306364,1.288666608074667,1.3015528917312622,164700,0.0,0.0
1991-09-19 00:00:00-04:00,1.3015523547399017,1.3273256580177308,1.3015523547399017,1.314439296722412,260550,0.0,0.0
1991-09-20 00:00:00-04:00,1.3273262056425792,1.3273262056425792,1.3015528917312622,1.3015528917312622,348975,0.0,0.0
1991-09-23 00:00:00-04:00,1.3144393399940217,1.327325701713562,1.3015523975872707,1.327325701713562,234900,0.0,0.0
1991-09-24 00:00:00-04:00,1.327325701713562,1.327325701713562,1.3015523975872707,1.327325701713562,189000,0.0,0.0
1991-09-25 00:00:00-04:00,1.3273262056425792,1.3273262056425792,1.3015528917312622,1.3015528917312622,1237275,0.0,0.0
1991-09-26 00:00:00-04:00,1.3144393399940217,1.327325701713562,1.3015523975872707,1.327325701713562,151200,0.0,0.0
1991-09-27 00:00:00-04:00,1.3273256580177308,1.3273256580177308,1.3015523547399017,1.314439296722412,147825,0.0,0.0
1991-09-30 00:00:00-04:00,1.3144393399940217,1.3402126441203133,1.3015523975872707,1.327325701713562,315900,0.0,0.0
1991-10-01 00:00:00-04:00,1.3402131529419534,1.3402131529419534,1.3015528917312622,1.3015528917312622,307800,0.0,0.0
1991-10-02 00:00:00-04:00,1.3015525545177602,1.3015525545177602,1.2757792472839355,1.2757792472839355,134325,0.0,0.0
1991-10-03 00:00:00-04:00,1.3015523547399017,1.314439296722412,1.2886660763998963,1.314439296722412,133650,0.0,0.0
1991-10-04 00:00:00-04:00,1.3015528917312622,1.3144398390306364,1.3015528917312622,1.3015528917312622,215325,0.0,0.0
1991-10-07 00:00:00-04:00,1.2886662741998143,1.3015525545177602,1.2757792472839355,1.2757792472839355,137700,0.0,0.0
1991-10-08 00:00:00-04:00,1.3015523547399017,1.314439296722412,1.2886660763998963,1.314439296722412,227475,0.0,0.0
1991-10-09 00:00:00-04:00,1.3144393399940217,1.327325701713562,1.3015523975872707,1.327325701713562,124200,0.0,0.0
1991-10-10 00:00:00-04:00,1.3144393399940217,1.327325701713562,1.3015523975872707,1.327325701713562,222075,0.0,0.0
1991-10-11 00:00:00-04:00,1.327325701713562,1.327325701713562,1.3144393399940217,1.327325701713562,70200,0.0,0.0
1991-10-14 00:00:00-04:00,1.3273256580177308,1.3273256580177308,1.314439296722412,1.314439296722412,114750,0.0,0.0
1991-10-15 00:00:00-04:00,1.3144393399940217,1.327325701713562,1.3144393399940217,1.327325701713562,184950,0.0,0.0
1991-10-16 00:00:00-04:00,1.3273260893742749,1.3659863471984863,1.3144397238911247,1.3659863471984863,1034775,0.0,0.0
1991-10-17 00:00:00-04:00,1.3530991077423096,1.365986134864977,1.3402128272175864,1.3530991077423096,600075,0.0,0.0
1991-10-18 00:00:00-04:00,1.3659859482466046,1.3659859482466046,1.3144393399940217,1.327325701713562,277425,0.0,0.0
1991-10-21 00:00:00-04:00,1.3402128272175864,1.3530991077423096,1.3273258830502461,1.3530991077423096,269325,0.0,0.0
1991-10-22 00:00:00-04:00,1.3402128272175864,1.365986134864977,1.3273258830502461,1.3530991077423096,538650,0.0,0.0
1991-10-23 00:00:00-04:00,1.3402127027511597,1.3530989820791255,1.3402127027511597,1.3402127027511597,157950,0.0,0.0
1991-10-24 00:00:00-04:00,1.3273262056425792,1.3402131529419534,1.288666608074667,1.3015528917312622,136350,0.0,0.0
1991-10-25 00:00:00-04:00,1.3015520467753157,1.3273253439548387,1.288665771484375,1.288665771484375,112050,0.0,0.0
1991-10-28 00:00:00-05:00,1.314439296722412,1.3273256580177308,1.314439296722412,1.314439296722412,114750,0.0,0.0
1991-10-29 00:00:00-05:00,1.3144393974973527,1.3530989820791255,1.3144393974973527,1.3402127027511597,126225,0.0,0.0
1991-10-30 00:00:00-05:00,1.3402128057121374,1.3402128057121374,1.2757792472839355,1.2757792472839355,321300,0.0,0.0
1991-10-31 00:00:00-05:00,1.288666608074667,1.3273262056425792,1.288666608074667,1.3015528917312622,157950,0.0,0.0
1991-11-01 00:00:00-05:00,1.3015523547399017,1.314439296722412,1.3015523547399017,1.314439296722412,100575,0.0,0.0
1991-11-04 00:00:00-05:00,1.3015528917312622,1.3273262056425792,1.3015528917312622,1.3015528917312622,91125,0.0,0.0
1991-11-05 00:00:00-05:00,1.3015528917312622,1.3144398390306364,1.3015528917312622,1.3015528917312622,184950,0.0,0.0
1991-11-06 00:00:00-05:00,1.3144389857086043,1.3144389857086043,1.288665771484375,1.288665771484375,438075,0.0,0.0
1991-11-07 00:00:00-05:00,1.288665771484375,1.288665771484375,1.2757787495957928,1.288665771484375,428625,0.0,0.0
1991-11-08 00:00:00-05:00,1.288666608074667,1.3144398390306364,1.288666608074667,1.3015528917312622,229500,0.0,0.0
1991-11-11 00:00:00-05:00,1.3144394997155253,1.3788723945617676,1.3015525557428427,1.3788723945617676,315225,0.0,0.0
1991-11-12 00:00:00-05:00,1.3788726297262965,1.3788726297262965,1.3659863471984863,1.3659863471984863,297000,0.0,0.0
1991-11-13 00:00:00-05:00,1.3659863471984863,1.3788726297262965,1.3530993180726156,1.3659863471984863,299700,0.0,0.0
1991-11-14 00:00:00-05:00,1.3659863471984863,1.3788726297262965,1.3659863471984863,1.3659863471984863,438750,0.0,0.0
1991-11-15 00:00:00-05:00,1.3659859032780701,1.3788721816180758,1.314439296722412,1.314439296722412,900450,0.0,0.0
1991-11-18 00:00:00-05:00,1.314439498478313,1.3273258617515848,1.2757792472839355,1.2757792472839355,504900,0.0,0.0
1991-11-19 00:00:00-05:00,1.262892474304852,1.288665771484375,1.2500054524162698,1.288665771484375,478575,0.0,0.0
1991-11-20 00:00:00-05:00,1.2757787495957928,1.3015520467753157,1.262892474304852,1.288665771484375,174825,0.0,0.0
1991-11-21 00:00:00-05:00,1.3015528917312622,1.3273262056425792,1.3015528917312622,1.3015528917312622,202500,0.0,0.0
1991-11-22 00:00:00-05:00,1.3015523975872707,1.327325701713562,1.3015523975872707,1.327325701713562,135675,0.0,0.0
1991-11-25 00:00:00-05:00,1.3144393399940217,1.327325701713562,1.2757790934609792,1.327325701713562,238950,0.0,0.0
1991-11-26 00:00:00-05:00,1.3144398390306364,1.3144398390306364,1.288666608074667,1.3015528917312622,105300,0.0,0.0
1991-11-27 00:00:00-05:00,1.288666608074667,1.3144398390306364,1.288666608074667,1.3015528917312622,61425,0.0,0.0
1991-11-29 00:00:00-05:00,1.288665771484375,1.3144389857086043,1.288665771484375,1.288665771484375,91125,0.0,0.0
1991-12-02 00:00:00-05:00,1.3015523547399017,1.314439296722412,1.3015523547399017,1.314439296722412,70875,0.0,0.0
1991-12-03 00:00:00-05:00,1.3191405163579648,1.332201602405849,1.2930189327963417,1.3060801029205322,132300,0.025185,0.0
1991-12-04 00:00:00-05:00,1.3191412504650288,1.3191412504650288,1.2930196523666382,1.2930196523666382,184950,0.0,0.0
1991-12-05 00:00:00-05:00,1.2930196523666382,1.3060808297594229,1.2930196523666382,1.2930196523666382,55350,0.0,0.0
1991-12-06 00:00:00-05:00,1.2930196222137849,1.2930196222137849,1.2668980247245423,1.2799592018127441,374625,0.0,0.0
1991-12-09 00:00:00-05:00,1.293018903721631,1.293018903721631,1.2668973207473755,1.2668973207473755,131625,0.0,0.0
1991-12-10 00:00:00-05:00,1.25383722782135,1.2799588174668035,1.25383722782135,1.25383722782135,149175,0.0,0.0
1991-12-11 00:00:00-05:00,1.2668980247245423,1.2799592018127441,1.2538376043235018,1.2799592018127441,145125,0.0,0.0
1991-12-12 00:00:00-05:00,1.2668980542682473,1.2930196523666382,1.2668980542682473,1.2930196523666382,344250,0.0,0.0
1991-12-13 00:00:00-05:00,1.3060808297594229,1.3060808297594229,1.2930196523666382,1.2930196523666382,932850,0.0,0.0
1991-12-16 00:00:00-05:00,1.2930192339460633,1.2930192339460633,1.25383722782135,1.25383722782135,464400,0.0,0.0
1991-12-17 00:00:00-05:00,1.2668980247245423,1.2799592018127441,1.2538376043235018,1.2799592018127441,421200,0.0,0.0
1991-12-18 00:00:00-05:00,1.2930192339460633,1.2930192339460633,1.25383722782135,1.25383722782135,475875,0.0,0.0
1991-12-19 00:00:00-05:00,1.2407764561698567,1.2930196523666382,1.2407764561698567,1.2930196523666382,270000,0.0,0.0
1991-12-20 00:00:00-05:00,1.306080407112257,1.306080407112257,1.25383722782135,1.25383722782135,305100,0.0,0.0
1991-12-23 00:00:00-05:00,1.253836907603618,1.2668973207473755,1.24077573777312,1.2668973207473755,465750,0.0,0.0
1991-12-24 00:00:00-05:00,1.2799593798404652,1.358324099131478,1.2799593798404652,1.3452630043029785,310500,0.0,0.0
1991-12-26 00:00:00-05:00,1.3583235989265485,1.397505607837763,1.3583235989265485,1.3844451904296875,222750,0.0,0.0
1991-12-27 00:00:00-05:00,1.3713842828230531,1.3975058794021606,1.3713842828230531,1.3975058794021606,222075,0.0,0.0
1991-12-30 00:00:00-05:00,1.4105668222482832,1.4628100067477254,1.4105668222482832,1.4497495889663696,758700,0.0,0.0
1991-12-31 00:00:00-05:00,1.4497502570122387,1.4497502570122387,1.4105674722386994,1.423628568649292,2944350,0.0,0.0
1992-01-02 00:00:00-05:00,1.4105674722386994,1.423628568649292,1.37138468746516,1.423628568649292,537300,0.0,0.0
1992-01-03 00:00:00-05:00,1.4105674722386994,1.4497502570122387,1.4105674722386994,1.423628568649292,266625,0.0,0.0
1992-01-06 00:00:00-05:00,1.43668833042167,1.4497495889663696,1.4236279126403142,1.4497495889663696,533925,0.0,0.0
1992-01-07 00:00:00-05:00,1.4497495889663696,1.4497495889663696,1.4236279126403142,1.4497495889663696,497475,0.0,0.0
1992-01-08 00:00:00-05:00,1.4628097938836633,1.4889312982559204,1.4497493780028232,1.4889312982559204,397575,0.0,0.0
1992-01-09 00:00:00-05:00,1.5019928216934204,1.5281143307055447,1.4889315627293358,1.5019928216934204,695250,0.0,0.0
1992-01-10 00:00:00-05:00,1.488931548278872,1.488931548278872,1.4366883626089828,1.4628100395202637,397575,0.0,0.0
1992-01-13 00:00:00-05:00,1.4628097938836633,1.5150529707808218,1.4497493780028232,1.4889312982559204,437400,0.0,0.0
1992-01-14 00:00:00-05:00,1.4889315627293358,1.5150532398941343,1.4889315627293358,1.5019928216934204,394875,0.0,0.0
1992-01-15 00:00:00-05:00,1.5019915994540043,1.5542347431182864,1.4889303511184562,1.5542347431182861,687825,0.0,0.0
1992-01-16 00:00:00-05:00,1.5542347431182864,1.5542347431182864,1.5281130872098765,1.5542347431182861,408375,0.0,0.0
1992-01-17 00:00:00-05:00,1.5281142328280815,1.5542359083197568,1.5150531428532488,1.5411746501922607,578475,0.0,0.0
1992-01-20 00:00:00-05:00,1.5281142328280815,1.5411746501922607,1.4889314673615734,1.5411746501922607,238950,0.0,0.0
1992-01-21 00:00:00-05:00,1.528113842010498,1.528113842010498,1.5019923413521021,1.528113842010498,286875,0.0,0.0
1992-01-22 00:00:00-05:00,1.5672955513000488,1.5803566348215405,1.5281134778036356,1.5672955513000488,553500,0.0,0.0
1992-01-23 00:00:00-05:00,1.567296325683936,1.593417833022948,1.5411746501922607,1.5411746501922607,228825,0.0,0.0
1992-01-24 00:00:00-05:00,1.5411742560344552,1.5411742560344552,1.5150527553760593,1.528113842010498,173475,0.0,0.0
1992-01-27 00:00:00-05:00,1.5411734947827382,1.5542347431182864,1.5281130872098765,1.5542347431182861,287550,0.0,0.0
1992-01-28 00:00:00-05:00,1.5542355108215145,1.5542355108215145,1.5150527553760593,1.528113842010498,290925,0.0,0.0
1992-01-29 00:00:00-05:00,1.5411742560344552,1.5803570114799104,1.528113842010498,1.528113842010498,658125,0.0,0.0
1992-01-30 00:00:00-05:00,1.5281142328280815,1.567296325683936,1.5150531428532488,1.5411746501922607,338850,0.0,0.0
1992-01-31 00:00:00-05:00,1.5542347431182864,1.5672951506911479,1.5542347431182864,1.5542347431182861,488025,0.0,0.0
1992-02-03 00:00:00-05:00,1.5672951506911479,1.5803562308741586,1.5542347431182864,1.5542347431182861,352350,0.0,0.0
1992-02-04 00:00:00-05:00,1.5672963747623294,1.5934178829193115,1.5542359569891755,1.5934178829193115,430650,0.0,0.0
1992-02-05 00:00:00-05:00,1.5803574651461576,1.6064789733031397,1.5803574651461576,1.5934178829193115,644625,0.0,0.0
1992-02-06 00:00:00-05:00,1.59341663844702,1.59341663844702,1.5542347431182864,1.5542347431182861,386100,0.0,0.0
1992-02-07 00:00:00-05:00,1.5542356839643776,1.6064786911010744,1.541174427722286,1.6064786911010742,1254150,0.0,0.0
1992-02-10 00:00:00-05:00,1.606478671301522,1.6717822612648994,1.606478671301522,1.6456607580184937,721575,0.0,0.0
1992-02-11 00:00:00-05:00,1.6587218459469706,1.6717822612648994,1.619539086619451,1.6456607580184937,562275,0.0,0.0
1992-02-12 00:00:00-05:00,1.6587218459469706,1.6587218459469706,1.6456607580184937,1.6456607580184937,255150,0.0,0.0
1992-02-13 00:00:00-05:00,1.6587218663904102,1.6587218663904102,1.6064786911010744,1.6064786911010742,304425,0.0,0.0
1992-02-14 00:00:00-05:00,1.5934178829193115,1.6064789733031397,1.5803574651461576,1.5934178829193115,322650,0.0,0.0
1992-02-18 00:00:00-05:00,1.5934176030116218,1.6195391065799702,1.5934176030116218,1.6064786911010742,474525,0.0,0.0
1992-02-19 00:00:00-05:00,1.60647837114936,1.645660450545607,1.60647837114936,1.6195387840270996,1318950,0.0,0.0
1992-02-20 00:00:00-05:00,1.6195393377570821,1.6848437786102295,1.6195393377570821,1.6848437786102295,1109700,0.0,0.0
1992-02-21 00:00:00-05:00,1.6717835589067884,1.7109663486480713,1.6717835589067884,1.7109663486480713,335475,0.0,0.0
1992-02-24 00:00:00-05:00,1.7501479387283325,1.7501479387283325,1.7240262549200172,1.7501479387283325,1211625,0.0,0.0
1992-02-25 00:00:00-05:00,1.7501470390710478,1.7501470390710478,1.6848434516538615,1.7240253686904907,481950,0.0,0.0
1992-02-26 00:00:00-05:00,1.7240262549200172,1.7632090328615655,1.7240262549200172,1.7501479387283325,633825,0.0,0.0
1992-02-27 00:00:00-05:00,1.7370866242623455,1.7501470390710478,1.7109649538817882,1.7240253686904907,341550,0.0,0.0
1992-02-28 00:00:00-05:00,1.7109662011332627,1.7762705087661743,1.7109662011332627,1.7762705087661743,678375,0.0,0.0
1992-03-02 00:00:00-05:00,1.7893305485171638,1.8154522323254791,1.7501479387283325,1.7501479387283325,771525,0.0,0.0
1992-03-03 00:00:00-05:00,1.7762701269947985,1.7762701269947985,1.737087517205967,1.7501479387283325,765450,0.0,0.0
1992-03-04 00:00:00-05:00,1.763208131759106,1.7762692192173595,1.6979038715362549,1.6979038715362549,429975,0.0,0.0
1992-03-05 00:00:00-05:00,1.6979047108877425,1.7501479094785282,1.6979047108877425,1.7370874881744385,534600,0.0,0.0
1992-03-06 00:00:00-05:00,1.7632089853286743,1.7893305002800843,1.7501478915475444,1.7632089853286743,944325,0.0,0.0
1992-03-09 00:00:00-05:00,1.7501479387283325,1.7632090328615655,1.7501479387283325,1.7501479387283325,341550,0.0,0.0
1992-03-10 00:00:00-05:00,1.7762700973084202,1.7762700973084202,1.7370874881744385,1.7370874881744385,758700,0.0,0.0
1992-03-11 00:00:00-05:00,1.7286417484283447,1.7418370966082668,1.7154457206888405,1.7286417484283447,527175,0.025185,0.0
1992-03-12 00:00:00-05:00,1.7418358325958252,1.781423377416829,1.7286404939914735,1.7418358325958252,795150,0.0,0.0
1992-03-13 00:00:00-05:00,1.7418365840400838,1.768228122083199,1.7418365840400838,1.7550327777862549,740475,0.0,0.0
1992-03-16 00:00:00-05:00,1.7418370966082668,1.7418370966082668,1.7154457206888405,1.7286417484283447,363150,0.0,0.0
1992-03-17 00:00:00-05:00,1.7418358325958252,1.7550320206490375,1.7286404939914735,1.7418358325958252,2179575,0.0,0.0
1992-03-18 00:00:00-05:00,1.7418372215992386,1.7682287693023682,1.7418372215992386,1.7682287693023682,459000,0.0,0.0
1992-03-19 00:00:00-05:00,1.7550334201755724,1.7814247979887945,1.7550334201755724,1.7682287693023682,317250,0.0,0.0
1992-03-20 00:00:00-05:00,1.7814247979887945,1.7814247979887945,1.7550334201755724,1.7682287693023682,430650,0.0,0.0
1992-03-23 00:00:00-05:00,1.7682287693023682,1.7682287693023682,1.7418372215992386,1.7682287693023682,201825,0.0,0.0
1992-03-24 00:00:00-05:00,1.7550334201755724,1.7814247979887945,1.7550334201755724,1.7682287693023682,436725,0.0,0.0
1992-03-25 00:00:00-05:00,1.7682275491450126,1.794619588306159,1.7682275491450126,1.781423568725586,566325,0.0,0.0
1992-03-26 00:00:00-05:00,1.781423377416829,1.781423377416829,1.7418358325958252,1.7418358325958252,417825,0.0,0.0
1992-03-27 00:00:00-05:00,1.7418372215992386,1.7682287693023682,1.7418372215992386,1.7682287693023682,295650,0.0,0.0
1992-03-30 00:00:00-05:00,1.781423377416829,1.781423377416829,1.7418358325958252,1.7418358325958252,243675,0.0,0.0
1992-03-31 00:00:00-05:00,1.7418372215992386,1.7682287693023682,1.7286418724724428,1.7682287693023682,327375,0.0,0.0
1992-04-01 00:00:00-05:00,1.7550320206490375,1.7550320206490375,1.7418358325958252,1.7418358325958252,616275,0.0,0.0
1992-04-02 00:00:00-05:00,1.728642025182992,1.7418373754754826,1.7154459953308105,1.7154459953308105,392175,0.0,0.0
1992-04-03 00:00:00-05:00,1.728642025182992,1.728642025182992,1.7154459953308105,1.7154459953308105,380700,0.0,0.0
1992-04-06 00:00:00-04:00,1.7286410940237513,1.7286410940237513,1.6758581922768108,1.6890535354614258,1071900,0.0,0.0
1992-04-07 00:00:00-04:00,1.6890532418549582,1.6890532418549582,1.5966836470513637,1.623075008392334,675000,0.0,0.0
1992-04-08 00:00:00-04:00,1.5966839246013154,1.7022497280951967,1.5966839246013154,1.6890535354614258,553500,0.0,0.0
1992-04-09 00:00:00-04:00,1.6758582592010498,1.6890536029126118,1.649466892218574,1.6758582592010498,304425,0.0,0.0
1992-04-10 00:00:00-04:00,1.6890536029126118,1.6890536029126118,1.6758582592010498,1.6758582592010498,532575,0.0,0.0
1992-04-13 00:00:00-04:00,1.6890535354614258,1.6890535354614258,1.6758581922768108,1.6890535354614258,455625,0.0,0.0
1992-04-14 00:00:00-04:00,1.6890536029126118,1.6890536029126118,1.6758582592010498,1.6758582592010498,370575,0.0,0.0
1992-04-15 00:00:00-04:00,1.6758581922768108,1.7154450712798117,1.6758581922768108,1.6890535354614258,618300,0.0,0.0
1992-04-16 00:00:00-04:00,1.6890535354614258,1.6890535354614258,1.6758581922768108,1.6890535354614258,292950,0.0,0.0
1992-04-20 00:00:00-04:00,1.689054119577429,1.689054119577429,1.6626627445220947,1.6626627445220947,116775,0.0,0.0
1992-04-21 00:00:00-04:00,1.6758587718295417,1.6758587718295417,1.6230758518289832,1.6626627445220947,438075,0.0,0.0
1992-04-22 00:00:00-04:00,1.6494662537983262,1.768227359253389,1.6494662537983262,1.7418358325958252,1023300,0.0,0.0
1992-04-23 00:00:00-04:00,1.7418372215992386,1.7814247979887945,1.7418372215992386,1.7682287693023682,1067175,0.0,0.0
1992-04-24 00:00:00-04:00,1.7682275491450126,1.8078149283275706,1.7682275491450126,1.781423568725586,774900,0.0,0.0
1992-04-27 00:00:00-04:00,1.7814247979887945,1.7814247979887945,1.7550334201755724,1.7682287693023682,265950,0.0,0.0
1992-04-28 00:00:00-04:00,1.7550332942376663,1.7682286424175886,1.7286417484283447,1.7286417484283447,965925,0.0,0.0
1992-04-29 00:00:00-04:00,1.7286406796318259,1.781423568725586,1.7286406796318259,1.781423568725586,198450,0.0,0.0
1992-04-30 00:00:00-04:00,1.7946203600606605,1.8210119009017944,1.7814243348052983,1.8210119009017944,637875,0.0,0.0
1992-05-01 00:00:00-04:00,1.821011331245504,1.821011331245504,1.7946197986602783,1.7946197986602783,177525,0.0,0.0
1992-05-04 00:00:00-04:00,1.7946203600606605,1.8210119009017944,1.7946203600606605,1.8210119009017944,186300,0.0,0.0
1992-05-05 00:00:00-04:00,1.7946208753059645,1.8474038022526311,1.7946208753059645,1.8342077732086182,752625,0.0,0.0
1992-05-06 00:00:00-04:00,1.821011766963222,1.88699001959872,1.821011766963222,1.873794674873352,932175,0.0,0.0
1992-05-07 00:00:00-04:00,1.8605987317513537,1.90018630027771,1.8605987317513537,1.90018630027771,1455300,0.0,0.0
1992-05-08 00:00:00-04:00,1.8869902742123839,1.9133816467835403,1.8869902742123839,1.90018630027771,1265625,0.0,0.0
1992-05-11 00:00:00-04:00,1.8737949277065535,1.90018630027771,1.8474033852455232,1.90018630027771,1127925,0.0,0.0
1992-05-12 00:00:00-04:00,1.8869906663894653,1.9001866951973485,1.8605991184434263,1.8869906663894653,1116450,0.0,0.0
1992-05-13 00:00:00-04:00,1.8737953506709206,1.8737953506709206,1.821012423724254,1.8342077732086182,434025,0.0,0.0
1992-05-14 00:00:00-04:00,1.8342061972976917,1.8605975531511776,1.8210108591504812,1.8474022150039673,957825,0.0,0.0
1992-05-15 00:00:00-04:00,1.8342077403872965,1.913382044445595,1.8210123911390501,1.8869906663894653,1799550,0.0,0.0
1992-05-18 00:00:00-04:00,1.9001860438834917,1.9001860438834917,1.873794674873352,1.873794674873352,1169775,0.0,0.0
1992-05-19 00:00:00-04:00,1.8737953506709206,1.8737953506709206,1.821012423724254,1.8342077732086182,310500,0.0,0.0
1992-05-20 00:00:00-04:00,1.8210108591504812,1.8474022150039673,1.7814233157009536,1.8474022150039673,872775,0.0,0.0
1992-05-21 00:00:00-04:00,1.8474034799412498,1.8474034799412498,1.8078159093856814,1.8078159093856812,803925,0.0,0.0
1992-05-22 00:00:00-04:00,1.8078151402283653,1.8078151402283653,1.78142377753295,1.7946197986602783,434025,0.0,0.0
1992-05-26 00:00:00-04:00,1.7946208753059645,1.8342077732086182,1.7814248462619515,1.8342077732086182,94500,0.0,0.0
1992-05-27 00:00:00-04:00,1.8342077403872965,1.9001866951973485,1.8342077403872965,1.8869906663894653,532575,0.0,0.0
1992-05-28 00:00:00-04:00,1.8869911923334741,1.8869911923334741,1.834208251619593,1.8605996370315552,440775,0.0,0.0
1992-05-29 00:00:00-04:00,1.8605984806987295,1.88699001959872,1.8474031359733616,1.873794674873352,463050,0.0,0.0
1992-06-01 00:00:00-04:00,1.8737958394074061,1.8737958394074061,1.8474042841054874,1.8605996370315552,1327050,0.0,0.0
1992-06-02 00:00:00-04:00,1.8605984806987295,1.873794674873352,1.8474031359733616,1.873794674873352,1178550,0.0,0.0
1992-06-03 00:00:00-04:00,1.8605996370315554,1.8605996370315554,1.8474042841054874,1.8605996370315552,425925,0.0,0.0
1992-06-04 00:00:00-04:00,1.8474033852455232,1.90018630027771,1.8474033852455232,1.90018630027771,304425,0.0,0.0
1992-06-05 00:00:00-04:00,1.9001872248193683,1.9001872248193683,1.8474042841054874,1.8605996370315552,702000,0.0,0.0
1992-06-08 00:00:00-04:00,1.8474042841054874,1.8737958394074061,1.8474042841054874,1.8605996370315552,638550,0.0,0.0
1992-06-09 00:00:00-04:00,1.8605984806987295,1.88699001959872,1.8605984806987295,1.873794674873352,366525,0.0,0.0
1992-06-10 00:00:00-04:00,1.8785905656112378,1.905237312076851,1.8785905656112378,1.8919143676757812,387450,0.025185,0.0
1992-06-11 00:00:00-04:00,1.8785911798477173,1.8919149862686997,1.865268231090489,1.8785911798477173,1237275,0.0,0.0
1992-06-12 00:00:00-04:00,1.8652666807174685,1.8919134137474383,1.851943056903571,1.8652666807174683,159975,0.0,0.0
1992-06-15 00:00:00-04:00,1.8652666807174685,1.9052363514309025,1.851943056903571,1.8652666807174683,301050,0.0,0.0
1992-06-16 00:00:00-04:00,1.865268231090489,1.8785911798477173,1.865268231090489,1.8785911798477173,3202875,0.0,0.0
1992-06-17 00:00:00-04:00,1.8652672399094457,1.8652672399094457,1.7986503015969997,1.8119739294052124,891675,0.0,0.0
1992-06-18 00:00:00-04:00,1.8119736520905008,1.8119736520905008,1.7720034609137656,1.7986500263214111,157275,0.0,0.0
1992-06-19 00:00:00-04:00,1.798651428322172,1.81197506447668,1.772004842144224,1.7853277921676636,195075,0.0,0.0
1992-06-22 00:00:00-04:00,1.7720033643311877,1.7720033643311877,1.6787397043572059,1.7187100648880005,321300,0.0,0.0
1992-06-23 00:00:00-04:00,1.7320344482790007,1.81197506447668,1.718711498255561,1.7853277921676636,353700,0.0,0.0
1992-06-24 00:00:00-04:00,1.7853276580088129,1.7853276580088129,1.678740978240967,1.6787409782409668,614250,0.0,0.0
1992-06-25 00:00:00-04:00,1.6787400319707895,1.6920636596138434,1.6520932912826538,1.6520932912826538,347625,0.0,0.0
1992-06-26 00:00:00-04:00,1.6520942225326283,1.6920646133942676,1.6387712735103446,1.6787409782409668,244350,0.0,0.0
1992-06-29 00:00:00-04:00,1.678740978240967,1.7187113691026061,1.6654180292186833,1.6787409782409668,1333800,0.0,0.0
1992-06-30 00:00:00-04:00,1.678739896384248,1.678739896384248,1.625446590844967,1.665416955947876,602100,0.0,0.0
1992-07-01 00:00:00-04:00,1.6654172435095622,1.705386757850647,1.6387705003726012,1.705386757850647,424575,0.0,0.0
1992-07-02 00:00:00-04:00,1.7053875624165513,1.7053875624165513,1.6520942225326283,1.6787409782409668,357750,0.0,0.0
1992-07-06 00:00:00-04:00,1.678739896384248,1.678739896384248,1.6387702174119136,1.665416955947876,378675,0.0,0.0
1992-07-07 00:00:00-04:00,1.6787402681147376,1.6787402681147376,1.6254469507744942,1.638770580291748,654750,0.0,0.0
1992-07-08 00:00:00-04:00,1.6387707807996799,1.6387707807996799,1.5854776284715602,1.6121242046356201,1111725,0.0,0.0
1992-07-09 00:00:00-04:00,1.6121236504085952,1.665416955947876,1.6121236504085952,1.665416955947876,600075,0.0,0.0
1992-07-10 00:00:00-04:00,1.678739896384248,1.678739896384248,1.6387702174119136,1.665416955947876,295650,0.0,0.0
1992-07-13 00:00:00-04:00,1.6654172369419558,1.692063808441162,1.6654172369419558,1.692063808441162,606150,0.0,0.0
1992-07-14 00:00:00-04:00,1.6787401796262136,1.692063808441162,1.6787401796262136,1.692063808441162,587250,0.0,0.0
1992-07-15 00:00:00-04:00,1.692063808441162,1.692063808441162,1.6654172369419558,1.692063808441162,308475,0.0,0.0
1992-07-16 00:00:00-04:00,1.6920636596138434,1.6920636596138434,1.6254467221271758,1.6520932912826538,1582200,0.0,0.0
1992-07-17 00:00:00-04:00,1.6520937258163046,1.6520937258163046,1.598800573488185,1.6121242046356201,1324350,0.0,0.0
1992-07-20 00:00:00-04:00,1.5854773588012636,1.5988003015518188,1.5854773588012636,1.5988003015518188,403650,0.0,0.0
1992-07-21 00:00:00-04:00,1.6121242046356201,1.6254471496522447,1.598800573488185,1.6121242046356201,182925,0.0,0.0
1992-07-22 00:00:00-04:00,1.5854777490343501,1.6254472732543945,1.5854777490343501,1.6254472732543945,716175,0.0,0.0
1992-07-23 00:00:00-04:00,1.638770580291748,1.638770580291748,1.6254469507744942,1.638770580291748,272025,0.0,0.0
1992-07-24 00:00:00-04:00,1.6520938514447117,1.6787406011677444,1.6254472732543945,1.6254472732543945,945675,0.0,0.0
1992-07-27 00:00:00-04:00,1.63877034977023,1.6520932912826538,1.63877034977023,1.6520932912826538,508275,0.0,0.0
1992-07-28 00:00:00-04:00,1.6387702174119136,1.665416955947876,1.625446590844967,1.665416955947876,553500,0.0,0.0
1992-07-29 00:00:00-04:00,1.678739896384248,1.678739896384248,1.665416955947876,1.665416955947876,199125,0.0,0.0
1992-07-30 00:00:00-04:00,1.678739896384248,1.678739896384248,1.6387702174119136,1.665416955947876,189675,0.0,0.0
1992-07-31 00:00:00-04:00,1.6654170904583654,1.6654170904583654,1.6520932912826538,1.6520932912826538,472500,0.0,0.0
1992-08-03 00:00:00-04:00,1.6520931578482856,1.665416955947876,1.6520931578482856,1.665416955947876,131625,0.0,0.0
1992-08-04 00:00:00-04:00,1.6654170904583654,1.6654170904583654,1.6520932912826538,1.6520932912826538,508275,0.0,0.0
1992-08-05 00:00:00-04:00,1.6787400319707895,1.6787400319707895,1.6520932912826538,1.6520932912826538,689175,0.0,0.0
1992-08-06 00:00:00-04:00,1.6654170904583654,1.6654170904583654,1.6520932912826538,1.6520932912826538,1782000,0.0,0.0
1992-08-07 00:00:00-04:00,1.6520932912826538,1.6654170904583654,1.63877034977023,1.6520932912826538,2579850,0.0,0.0
1992-08-10 00:00:00-04:00,1.6520932912826538,1.6520932912826538,1.63877034977023,1.6520932912826538,162675,0.0,0.0
1992-08-11 00:00:00-04:00,1.652093523678275,1.652093523678275,1.638770580291748,1.638770580291748,241650,0.0,0.0
1992-08-12 00:00:00-04:00,1.6254469507744942,1.652093523678275,1.6254469507744942,1.638770580291748,926775,0.0,0.0
1992-08-13 00:00:00-04:00,1.6387709054149844,1.6520938514447117,1.6254472732543945,1.6254472732543945,149175,0.0,0.0
1992-08-14 00:00:00-04:00,1.6254469507744942,1.638770580291748,1.612124007387967,1.638770580291748,215325,0.0,0.0
1992-08-17 00:00:00-04:00,1.6254469507744942,1.638770580291748,1.612124007387967,1.638770580291748,2571750,0.0,0.0
1992-08-18 00:00:00-04:00,1.638770580291748,1.638770580291748,1.6254469507744942,1.638770580291748,174825,0.0,0.0
1992-08-19 00:00:00-04:00,1.638770502064872,1.638770502064872,1.5988003015518188,1.5988003015518188,3015225,0.0,0.0
1992-08-20 00:00:00-04:00,1.6121242046356201,1.6387707807996799,1.6121242046356201,1.6121242046356201,529875,0.0,0.0
1992-08-21 00:00:00-04:00,1.6121243272246673,1.6387709054149844,1.6121243272246673,1.6254472732543945,607500,0.0,0.0
1992-08-24 00:00:00-04:00,1.5988006950640774,1.6254472732543945,1.5988006950640774,1.6254472732543945,521775,0.0,0.0
1992-08-25 00:00:00-04:00,1.6121243272246673,1.6254472732543945,1.6121243272246673,1.6254472732543945,218700,0.0,0.0
1992-08-26 00:00:00-04:00,1.6254469507744942,1.638770580291748,1.6254469507744942,1.638770580291748,534600,0.0,0.0
1992-08-27 00:00:00-04:00,1.6520932912826538,1.6654170904583654,1.6520932912826538,1.6520932912826538,882225,0.0,0.0
1992-08-28 00:00:00-04:00,1.6520932912826538,1.6520932912826538,1.63877034977023,1.6520932912826538,59400,0.0,0.0
1992-08-31 00:00:00-04:00,1.6520932912826538,1.6520932912826538,1.63877034977023,1.6520932912826538,342900,0.0,0.0
1992-09-01 00:00:00-04:00,1.6520932912826538,1.6520932912826538,1.63877034977023,1.6520932912826538,91125,0.0,0.0
1992-09-02 00:00:00-04:00,1.6520932912826538,1.6520932912826538,1.63877034977023,1.6520932912826538,234900,0.0,0.0
1992-09-03 00:00:00-04:00,1.6520931578482856,1.665416955947876,1.6387702174119136,1.665416955947876,199125,0.0,0.0
1992-09-04 00:00:00-04:00,1.6654170904583654,1.6654170904583654,1.6520932912826538,1.6520932912826538,201150,0.0,0.0
1992-09-08 00:00:00-04:00,1.6520937258163046,1.6520937258163046,1.598800573488185,1.6121242046356201,162675,0.0,0.0
1992-09-09 00:00:00-04:00,1.6121242046356201,1.6254471496522447,1.6121242046356201,1.6121242046356201,203850,0.0,0.0
1992-09-10 00:00:00-04:00,1.6169745682371297,1.630449652671814,1.6169745682371297,1.630449652671814,386100,0.025185,0.0
1992-09-11 00:00:00-04:00,1.6439240431762547,1.6439240431762547,1.6035001777326892,1.630449652671814,334800,0.0,0.0
1992-09-14 00:00:00-04:00,1.6304496077458654,1.6439239978790283,1.6169745236824782,1.6439239978790283,270000,0.0,0.0
1992-09-15 00:00:00-04:00,1.6304496768433154,1.6439240675475146,1.6169745922088623,1.6169745922088623,474525,0.0,0.0
1992-09-16 00:00:00-04:00,1.6169745922088623,1.6304496768433154,1.6169745922088623,1.6169745922088623,111375,0.0,0.0
1992-09-17 00:00:00-04:00,1.616974998721219,1.616974998721219,1.6035006046295166,1.6035006046295166,1000350,0.0,0.0
1992-09-18 00:00:00-04:00,1.5765509119730268,1.6035005669359599,1.5765509119730268,1.5900253057479858,352350,0.0,0.0
1992-09-21 00:00:00-04:00,1.5765503644943237,1.5900247535901169,1.5765503644943237,1.5765503644943237,280800,0.0,0.0
1992-09-22 00:00:00-04:00,1.5765509119730268,1.6035005669359599,1.5765509119730268,1.5900253057479858,1233900,0.0,0.0
1992-09-23 00:00:00-04:00,1.6035006046295166,1.6035006046295166,1.590025343124779,1.6035006046295166,363150,0.0,0.0
1992-09-24 00:00:00-04:00,1.6035005669359599,1.6035005669359599,1.5900253057479858,1.5900253057479858,56700,0.0,0.0
1992-09-25 00:00:00-04:00,1.5900247535901169,1.5900247535901169,1.5765503644943237,1.5765503644943237,378000,0.0,0.0
1992-09-28 00:00:00-04:00,1.5765503644943237,1.5765503644943237,1.5765503644943237,1.5765503644943237,389475,0.0,0.0
1992-09-29 00:00:00-04:00,1.5765509119730268,1.6035005669359599,1.5765509119730268,1.5900253057479858,364500,0.0,0.0
1992-09-30 00:00:00-04:00,1.603500201504663,1.6304496768433154,1.5900249433876465,1.6169745922088623,340875,0.0,0.0
1992-10-01 00:00:00-04:00,1.6304500484162903,1.6304500484162903,1.5900253057479858,1.5900253057479858,103950,0.0,0.0
1992-10-02 00:00:00-04:00,1.5900244083373367,1.5900244083373367,1.5361253023147583,1.5361253023147583,279450,0.0,0.0
1992-10-05 00:00:00-04:00,1.5226510975593845,1.5361254853347843,1.5091760158538818,1.5091760158538818,423900,0.0,0.0
1992-10-06 00:00:00-04:00,1.5091760158538818,1.5226510975593845,1.4957016280784823,1.5091760158538818,731700,0.0,0.0
1992-10-07 00:00:00-04:00,1.5091764606592677,1.5496011972427368,1.5091764606592677,1.5496011972427368,87075,0.0,0.0
1992-10-08 00:00:00-04:00,1.5361259380830934,1.5630755889894958,1.5361259380830934,1.5496011972427368,213975,0.0,0.0
1992-10-09 00:00:00-04:00,1.549601860194305,1.5630762577056885,1.5361265952696657,1.5630762577056885,700650,0.0,0.0
1992-10-12 00:00:00-04:00,1.5630762577056885,1.5630762577056885,1.549601860194305,1.5630762577056885,59400,0.0,0.0
1992-10-13 00:00:00-04:00,1.5496014304926966,1.6035005669359599,1.5496014304926966,1.5900253057479858,279450,0.0,0.0
1992-10-14 00:00:00-04:00,1.5900253057479858,1.6035005669359599,1.5765509119730268,1.5900253057479858,108675,0.0,0.0
1992-10-15 00:00:00-04:00,1.5765509119730268,1.5900253057479858,1.5765509119730268,1.5900253057479858,84375,0.0,0.0
1992-10-16 00:00:00-04:00,1.5900253057479858,1.6035005669359599,1.5765509119730268,1.5900253057479858,101925,0.0,0.0
1992-10-19 00:00:00-04:00,1.5765503644943237,1.5765503644943237,1.5630752814683597,1.5765503644943237,319275,0.0,0.0
1992-10-20 00:00:00-04:00,1.5900253057479858,1.5900253057479858,1.5630758242676557,1.5900253057479858,195750,0.0,0.0
1992-10-21 00:00:00-04:00,1.5765513491476764,1.6035010115836992,1.5630762577056885,1.5630762577056885,338175,0.0,0.0
1992-10-22 00:00:00-04:00,1.5630762577056885,1.5765513491476764,1.5361265952696657,1.5630762577056885,463725,0.0,0.0
1992-10-23 00:00:00-04:00,1.5630762577056885,1.5765513491476764,1.549601860194305,1.5630762577056885,436050,0.0,0.0
1992-10-26 00:00:00-05:00,1.5765505526834473,1.6304496768433154,1.5765505526834473,1.6169745922088623,240975,0.0,0.0
1992-10-27 00:00:00-05:00,1.6035006046295166,1.616974998721219,1.6035006046295166,1.6035006046295166,139050,0.0,0.0
1992-10-28 00:00:00-05:00,1.6035001777326892,1.630449652671814,1.6035001777326892,1.630449652671814,126225,0.0,0.0
1992-10-29 00:00:00-05:00,1.6169743991944165,1.6304494822203806,1.5630752814683597,1.5765503644943237,277425,0.0,0.0
1992-10-30 00:00:00-05:00,1.5630754680489942,1.6169745922088623,1.5630754680489942,1.6169745922088623,405675,0.0,0.0
1992-11-02 00:00:00-05:00,1.590024919815444,1.630449652671814,1.590024919815444,1.630449652671814,253125,0.0,0.0
1992-11-03 00:00:00-05:00,1.616974998721219,1.616974998721219,1.590025343124779,1.6035006046295166,213300,0.0,0.0
1992-11-04 00:00:00-05:00,1.603500201504663,1.6169745922088623,1.5900249433876465,1.6169745922088623,145125,0.0,0.0
1992-11-05 00:00:00-05:00,1.6035001335493153,1.6439239978790283,1.6035001335493153,1.6439239978790283,174825,0.0,0.0
1992-11-06 00:00:00-05:00,1.6439239744704703,1.6573990583419802,1.6304495845291753,1.65739905834198,172125,0.0,0.0
1992-11-09 00:00:00-05:00,1.6573990583419802,1.6573990583419802,1.6439239744704703,1.65739905834198,182250,0.0,0.0
1992-11-10 00:00:00-05:00,1.6708734720755787,1.6708734720755787,1.6304496077458654,1.6439239978790283,399600,0.0,0.0
1992-11-11 00:00:00-05:00,1.6304495408773572,1.6708734035491941,1.6304495408773572,1.6708734035491943,394875,0.0,0.0
1992-11-12 00:00:00-05:00,1.6573991758985351,1.7247726917266843,1.6573991758985351,1.7247726917266846,368550,0.0,0.0
1992-11-13 00:00:00-05:00,1.7247723771283912,1.738247632980347,1.7112979886891069,1.7382476329803467,258525,0.0,0.0
1992-11-16 00:00:00-05:00,1.7247726917266843,1.7247726917266843,1.7112983008296734,1.7247726917266846,977400,0.0,0.0
1992-11-17 00:00:00-05:00,1.7247723219673137,1.7247723219673137,1.6573988205828003,1.684348464012146,600075,0.0,0.0
1992-11-18 00:00:00-05:00,1.6843494859195982,1.6978238821029663,1.6843494859195982,1.6978238821029663,475200,0.0,0.0
1992-11-19 00:00:00-05:00,1.6978228520204968,1.6978228520204968,1.6708732085911513,1.684348464012146,278100,0.0,0.0
1992-11-20 00:00:00-05:00,1.684348464012146,1.684348464012146,1.6708732085911513,1.684348464012146,228150,0.0,0.0
1992-11-23 00:00:00-05:00,1.684348729621522,1.684348729621522,1.6439239978790283,1.6439239978790283,205875,0.0,0.0
1992-11-24 00:00:00-05:00,1.6439237386443344,1.684348464012146,1.6439237386443344,1.684348464012146,272700,0.0,0.0
1992-11-25 00:00:00-05:00,1.6708742223230602,1.6978238821029663,1.657399826139692,1.6978238821029663,197100,0.0,0.0
1992-11-27 00:00:00-05:00,1.6843488251053873,1.7247726917266843,1.6843488251053873,1.7247726917266846,151875,0.0,0.0
1992-11-30 00:00:00-05:00,1.7247723771283912,1.751722021419631,1.7247723771283912,1.7382476329803467,467775,0.0,0.0
1992-12-01 00:00:00-05:00,1.738247632980347,1.751722021419631,1.7247723771283912,1.7382476329803467,334125,0.0,0.0
1992-12-02 00:00:00-05:00,1.7517229318618772,1.7517229318618772,1.7247732735637948,1.7517229318618774,240975,0.0,0.0
1992-12-03 00:00:00-05:00,1.7430071830749514,1.7430071830749514,1.7293903393982706,1.7430071830749512,110700,0.025185,0.0
1992-12-04 00:00:00-05:00,1.756624903334848,1.756624903334848,1.7293903393982706,1.7430071830749512,392850,0.0,0.0
1992-12-07 00:00:00-05:00,1.7430068616807102,1.7566245794296265,1.729390020514848,1.7566245794296265,245025,0.0,0.0
1992-12-08 00:00:00-05:00,1.7566245794296265,1.7566245794296265,1.7430068616807102,1.7566245794296265,332775,0.0,0.0
1992-12-09 00:00:00-05:00,1.756624903334848,1.7702417470115288,1.7430071830749514,1.7430071830749512,562950,0.0,0.0
1992-12-10 00:00:00-05:00,1.7702414205954884,1.7702414205954884,1.7566245794296265,1.7566245794296265,301050,0.0,0.0
1992-12-11 00:00:00-05:00,1.770242214202881,1.770242214202881,1.7566253669325262,1.7702422142028809,245700,0.0,0.0
1992-12-14 00:00:00-05:00,1.783858963027794,1.783858963027794,1.7566245794296265,1.7566245794296265,203175,0.0,0.0
1992-12-15 00:00:00-05:00,1.756624903334848,1.756624903334848,1.7293903393982706,1.7430071830749512,192375,0.0,0.0
1992-12-16 00:00:00-05:00,1.7430066916265163,1.7430066916265163,1.688537754427762,1.7021554708480835,319950,0.0,0.0
1992-12-17 00:00:00-05:00,1.7293903393982706,1.7430071830749514,1.715772794455017,1.7430071830749512,160650,0.0,0.0
1992-12-18 00:00:00-05:00,1.7566245794296265,1.7566245794296265,1.7430068616807102,1.7566245794296265,274725,0.0,0.0
1992-12-21 00:00:00-05:00,1.7566253669325262,1.770242214202881,1.7430076430787242,1.7702422142028809,384750,0.0,0.0
1992-12-22 00:00:00-05:00,1.7566253669325262,1.770242214202881,1.7430076430787242,1.7702422142028809,207225,0.0,0.0
1992-12-23 00:00:00-05:00,1.770242063182167,1.7838596105575562,1.756625217073476,1.7838596105575562,456975,0.0,0.0
1992-12-24 00:00:00-05:00,1.7838596105575562,1.7838596105575562,1.770242063182167,1.7838596105575562,43875,0.0,0.0
1992-12-28 00:00:00-05:00,1.770242214202881,1.770242214202881,1.7566253669325262,1.7702422142028809,92475,0.0,0.0
1992-12-29 00:00:00-05:00,1.7702417470115288,1.7702417470115288,1.7430071830749514,1.7430071830749512,341550,0.0,0.0
1992-12-30 00:00:00-05:00,1.7566245794296265,1.7702414205954884,1.7566245794296265,1.7566245794296265,98550,0.0,0.0
1992-12-31 00:00:00-05:00,1.7566253669325262,1.770242214202881,1.7430076430787242,1.7702422142028809,117450,0.0,0.0
1993-01-04 00:00:00-05:00,1.7566253669325262,1.7838597627399935,1.7566253669325262,1.7702422142028809,263925,0.0,0.0
1993-01-05 00:00:00-05:00,1.7566253669325262,1.7838597627399935,1.7430076430787242,1.7702422142028809,526500,0.0,0.0
1993-01-06 00:00:00-05:00,1.7702408440447002,1.8110929320866433,1.7566240073137138,1.7974752187728882,696600,0.0,0.0
1993-01-07 00:00:00-05:00,1.7974762056394695,1.8383283161104065,1.7838593614324407,1.8110939264297485,309825,0.0,0.0
1993-01-08 00:00:00-05:00,1.7974764566662471,1.7974764566662471,1.770242063182167,1.7838596105575562,388125,0.0,0.0
1993-01-11 00:00:00-05:00,1.7838583820419016,1.7974752187728882,1.7702408440447002,1.7974752187728882,413775,0.0,0.0
1993-01-12 00:00:00-05:00,1.8110935013850393,1.8383278846740723,1.7974757837906963,1.8383278846740723,3688200,0.0,0.0
1993-01-13 00:00:00-05:00,1.8247110843658447,1.8655630265439511,1.811094237817623,1.8247110843658447,438075,0.0,0.0
1993-01-14 00:00:00-05:00,1.8383278846740723,1.8383278846740723,1.7974757837906963,1.8383278846740723,999000,0.0,0.0
1993-01-15 00:00:00-05:00,1.838327503158537,1.8519450426101685,1.838327503158537,1.8519450426101685,686475,0.0,0.0
1993-01-18 00:00:00-05:00,1.8519450426101685,1.8655618807955097,1.8519450426101685,1.8519450426101685,240975,0.0,0.0
1993-01-19 00:00:00-05:00,1.8519463067404405,1.865563154220581,1.8519463067404405,1.865563154220581,106650,0.0,0.0
1993-01-20 00:00:00-05:00,1.8519454269518063,1.8519454269518063,1.8383278846740723,1.8383278846740723,93150,0.0,0.0
1993-01-21 00:00:00-05:00,1.8519454269518063,1.8519454269518063,1.824710342396338,1.8383278846740723,240975,0.0,0.0
1993-01-22 00:00:00-05:00,1.824710342396338,1.8383278846740723,1.824710342396338,1.8383278846740723,83700,0.0,0.0
1993-01-25 00:00:00-05:00,1.8383278846740723,1.8383278846740723,1.824710342396338,1.8383278846740723,137025,0.0,0.0
1993-01-26 00:00:00-05:00,1.8383283161104065,1.8383283161104065,1.8110939264297485,1.8110939264297485,296325,0.0,0.0
1993-01-27 00:00:00-05:00,1.7974766100103483,1.8110943338641503,1.770242214202881,1.7702422142028809,144450,0.0,0.0
1993-01-28 00:00:00-05:00,1.783858963027794,1.783858963027794,1.7430068616807102,1.7566245794296265,350325,0.0,0.0
1993-01-29 00:00:00-05:00,1.7430076430787242,1.7838597627399935,1.7293907958083696,1.7702422142028809,253800,0.0,0.0
1993-02-01 00:00:00-05:00,1.7838597627399935,1.7838597627399935,1.770242214202881,1.7702422142028809,270675,0.0,0.0
1993-02-02 00:00:00-05:00,1.7838597627399935,1.7838597627399935,1.770242214202881,1.7702422142028809,214650,0.0,0.0
1993-02-03 00:00:00-05:00,1.7838597627399935,1.7974766100103483,1.770242214202881,1.7702422142028809,471825,0.0,0.0
1993-02-04 00:00:00-05:00,1.7838597627399935,1.8383287296716175,1.770242214202881,1.7702422142028809,2450925,0.0,0.0
1993-02-05 00:00:00-05:00,1.783858963027794,1.783858963027794,1.7430068616807102,1.7566245794296265,569700,0.0,0.0
1993-02-08 00:00:00-05:00,1.7430071830749514,1.756624903334848,1.715772794455017,1.7430071830749512,511650,0.0,0.0
1993-02-09 00:00:00-05:00,1.7293906482727213,1.7974764566662471,1.7293906482727213,1.7838596105575562,351000,0.0,0.0
1993-02-10 00:00:00-05:00,1.7838596105575562,1.8110941793583109,1.770242063182167,1.7838596105575562,152550,0.0,0.0
1993-02-11 00:00:00-05:00,1.7838583820419016,1.8110929320866433,1.7702408440447002,1.7974752187728882,490050,0.0,0.0
1993-02-12 00:00:00-05:00,1.7702417470115288,1.7702417470115288,1.7430071830749514,1.7430071830749512,280800,0.0,0.0
1993-02-16 00:00:00-05:00,1.743006986489043,1.743006986489043,1.7293901443481445,1.7293901443481445,425250,0.0,0.0
1993-02-17 00:00:00-05:00,1.7293901443481445,1.743006986489043,1.7157726009407523,1.7293901443481445,162675,0.0,0.0
1993-02-18 00:00:00-05:00,1.7430066916265163,1.7566244080468378,1.7021554708480835,1.7021554708480835,1016550,0.0,0.0
1993-02-19 00:00:00-05:00,1.715772794455017,1.7430071830749514,1.7021559507783361,1.7430071830749512,475200,0.0,0.0
1993-02-22 00:00:00-05:00,1.7430074943814124,1.7838596105575562,1.7430074943814124,1.7838596105575562,315900,0.0,0.0
1993-02-23 00:00:00-05:00,1.7838583820419016,1.7974752187728882,1.7702408440447002,1.7974752187728882,262575,0.0,0.0
1993-02-24 00:00:00-05:00,1.715772708447326,1.715772708447326,1.6476869156271157,1.6613037586212158,817425,0.0,0.0
1993-02-25 00:00:00-05:00,1.6476871528254413,1.6476871528254413,1.5932181951580697,1.6204527616500854,797175,0.0,0.0
1993-02-26 00:00:00-05:00,1.634069606604444,1.6476871528254413,1.6068350401124285,1.6204527616500854,331425,0.0,0.0
1993-03-01 00:00:00-05:00,1.6204527289302322,1.6340695736096424,1.5796006170420969,1.6068350076675415,582525,0.0,0.0
1993-03-02 00:00:00-05:00,1.6068342333593746,1.6068342333593746,1.5523653030395508,1.5523653030395508,761400,0.0,0.0
1993-03-03 00:00:00-05:00,1.5932185990967576,1.6068354475034812,1.5796010494232178,1.5796010494232178,715500,0.0,0.0
1993-03-04 00:00:00-05:00,1.5932185990967576,1.5932185990967576,1.5796010494232178,1.5796010494232178,1109700,0.0,0.0
1993-03-05 00:00:00-05:00,1.5932185990967576,1.6204531724937252,1.5796010494232178,1.5796010494232178,255825,0.0,0.0
1993-03-08 00:00:00-05:00,1.5796006169565044,1.593218162901801,1.5659837722778323,1.565983772277832,1424250,0.0,0.0
1993-03-09 00:00:00-05:00,1.5796010494232178,1.6068354475034812,1.5659842010164942,1.5796010494232178,476550,0.0,0.0
1993-03-10 00:00:00-05:00,1.5932175610087884,1.6885377168655393,1.5932175610087884,1.6885377168655396,378000,0.0,0.0
1993-03-11 00:00:00-05:00,1.6934946775083277,1.6934946775083277,1.6384218931551244,1.665958285331726,470475,0.025185,0.0
1993-03-12 00:00:00-05:00,1.665958648934217,1.665958648934217,1.6246535198720806,1.6384222507476807,612900,0.0,0.0
1993-03-15 00:00:00-05:00,1.652189734721948,1.6797261268985497,1.652189734721948,1.665958285331726,2282175,0.0,0.0
1993-03-16 00:00:00-05:00,1.6797265998939235,1.707262999824519,1.6797265998939235,1.6934951543807983,1085400,0.0,0.0
1993-03-17 00:00:00-05:00,1.6934946744795285,1.7072625160217285,1.6797261238943755,1.7072625160217285,371925,0.0,0.0
1993-03-18 00:00:00-05:00,1.7210317121441272,1.7761046886444092,1.7210317121441272,1.7761046886444092,747225,0.0,0.0
1993-03-19 00:00:00-05:00,1.7761043918747799,1.7761043918747799,1.7347992675644799,1.748567819595337,396225,0.0,0.0
1993-03-22 00:00:00-05:00,1.7347990284319013,1.7623354196548462,1.7072624599482238,1.7623354196548462,636525,0.0,0.0
1993-03-23 00:00:00-05:00,1.7761044417494554,1.8174086809158327,1.7761044417494554,1.8174086809158325,822825,0.0,0.0
1993-03-24 00:00:00-05:00,1.8174081608399246,1.8862496624021192,1.8174081608399246,1.8724818229675293,966600,0.0,0.0
1993-03-25 00:00:00-05:00,1.8724824137138816,1.8862502574920657,1.8724824137138816,1.8862502574920654,1429650,0.0,0.0
1993-03-26 00:00:00-05:00,1.8862501409692414,1.8862501409692414,1.8587137460708618,1.8587137460708618,858600,0.0,0.0
1993-03-29 00:00:00-05:00,1.8587139160292425,1.9137868881225586,1.8587139160292425,1.9137868881225586,881550,0.0,0.0
1993-03-30 00:00:00-05:00,1.9137868886231024,1.9275554418563843,1.9137868886231024,1.9275554418563843,578475,0.0,0.0
1993-03-31 00:00:00-05:00,1.9137868886231024,1.9275554418563843,1.9000190444329104,1.9275554418563843,353700,0.0,0.0
1993-04-01 00:00:00-05:00,1.9275555680804273,1.9275555680804273,1.8862504374580742,1.9000191688537598,2795175,0.0,0.0
1993-04-02 00:00:00-05:00,1.87248235880351,1.87248235880351,1.8174086809158327,1.8174086809158325,390825,0.0,0.0
1993-04-05 00:00:00-04:00,1.817408506294342,1.8449450767012503,1.80364066424275,1.8311772346496582,236925,0.0,0.0
1993-04-06 00:00:00-04:00,1.8311772346496582,1.8311772346496582,1.817408506294342,1.8311772346496582,47250,0.0,0.0
1993-04-07 00:00:00-04:00,1.8311780240582143,1.8449458720450331,1.7898728847503664,1.7898728847503662,1500525,0.0,0.0
1993-04-08 00:00:00-04:00,1.7898726819666004,1.7898726819666004,1.6797267198562622,1.6797267198562622,1132650,0.0,0.0
1993-04-12 00:00:00-04:00,1.6797265809321458,1.7761046886444092,1.665958735643845,1.7761046886444092,1168425,0.0,0.0
1993-04-13 00:00:00-04:00,1.7623363874621274,1.7623363874621274,1.7347999811172485,1.7347999811172485,884250,0.0,0.0
1993-04-14 00:00:00-04:00,1.7485685388113477,1.7623363874621274,1.7347999811172485,1.7347999811172485,620325,0.0,0.0
1993-04-15 00:00:00-04:00,1.7210310697555542,1.7210310697555542,1.7072623433026077,1.7210310697555542,251100,0.0,0.0
1993-04-16 00:00:00-04:00,1.7072633975115397,1.7347999811172485,1.69349554886076,1.7347999811172485,701325,0.0,0.0
1993-04-19 00:00:00-04:00,1.7072624599482238,1.776104147048516,1.7072624599482238,1.7623354196548462,569700,0.0,0.0
1993-04-20 00:00:00-04:00,1.7761043918747799,1.7761043918747799,1.7485678195953367,1.748567819595337,701325,0.0,0.0
1993-04-21 00:00:00-04:00,1.748568111763875,1.7761046886444092,1.734799557432428,1.7761046886444092,482625,0.0,0.0
1993-04-22 00:00:00-04:00,1.7623359570521757,1.7761046886444092,1.748568111763875,1.7761046886444092,116100,0.0,0.0
1993-04-23 00:00:00-04:00,1.7623354196548462,1.776104147048516,1.7485675785648387,1.7623354196548462,174825,0.0,0.0
1993-04-26 00:00:00-04:00,1.7623359769464986,1.7623359769464986,1.6934951543807983,1.6934951543807983,195750,0.0,0.0
1993-04-27 00:00:00-04:00,1.6797265998939235,1.707262999824519,1.6659587544502028,1.6934951543807983,1434375,0.0,0.0
1993-04-28 00:00:00-04:00,1.6934946775083277,1.6934946775083277,1.665958285331726,1.665958285331726,1113750,0.0,0.0
1993-04-29 00:00:00-04:00,1.665958648934217,1.665958648934217,1.6246535198720806,1.6384222507476807,210600,0.0,0.0
1993-04-30 00:00:00-04:00,1.6521903179590784,1.6797267198562622,1.6384224715320888,1.6797267198562622,621000,0.0,0.0
1993-05-03 00:00:00-04:00,1.6659588305796373,1.6797266766525083,1.624653697013855,1.624653697013855,290925,0.0,0.0
1993-05-04 00:00:00-04:00,1.624653513880016,1.6659586427898105,1.624653513880016,1.652190089225769,461025,0.0,0.0
1993-05-05 00:00:00-04:00,1.6384222447048342,1.652190089225769,1.6384222447048342,1.652190089225769,101925,0.0,0.0
1993-05-06 00:00:00-04:00,1.6384222507476807,1.6521900953193944,1.6384222507476807,1.6384222507476807,65475,0.0,0.0
1993-05-07 00:00:00-04:00,1.652189734721948,1.665958285331726,1.6384218931551244,1.665958285331726,174825,0.0,0.0
1993-05-10 00:00:00-04:00,1.6659587544502028,1.707262999824519,1.652190199963328,1.6934951543807983,338850,0.0,0.0
1993-05-11 00:00:00-04:00,1.6797265998939235,1.707262999824519,1.6797265998939235,1.6934951543807983,376650,0.0,0.0
1993-05-12 00:00:00-04:00,1.6934946744795285,1.7072625160217285,1.6934946744795285,1.7072625160217285,250425,0.0,0.0
1993-05-13 00:00:00-04:00,1.7072633975115397,1.7347999811172485,1.69349554886076,1.7347999811172485,242325,0.0,0.0
1993-05-14 00:00:00-04:00,1.7210317315721824,1.7210317315721824,1.6934951543807983,1.6934951543807983,172125,0.0,0.0
1993-05-17 00:00:00-04:00,1.6934952753264567,1.6934952753264567,1.6797267198562622,1.6797267198562622,157950,0.0,0.0
1993-05-18 00:00:00-04:00,1.6797265998939235,1.6934951543807983,1.6797265998939235,1.6934951543807983,79650,0.0,0.0
1993-05-19 00:00:00-04:00,1.6934952753264567,1.6934952753264567,1.6797267198562622,1.6797267198562622,254475,0.0,0.0
1993-05-20 00:00:00-04:00,1.6797261268985497,1.6934946775083277,1.665958285331726,1.665958285331726,255150,0.0,0.0
1993-05-21 00:00:00-04:00,1.6797261268985497,1.6797261268985497,1.652189734721948,1.665958285331726,187650,0.0,0.0
1993-05-24 00:00:00-04:00,1.6521903179590784,1.6934952753264567,1.6521903179590784,1.6797267198562622,243675,0.0,0.0
1993-05-25 00:00:00-04:00,1.6659588734292727,1.6797267198562622,1.6659588734292727,1.6797267198562622,113400,0.0,0.0
1993-05-26 00:00:00-04:00,1.6797267198562622,1.6797267198562622,1.6659588734292727,1.6797267198562622,148500,0.0,0.0
1993-05-27 00:00:00-04:00,1.665958285331726,1.6797261268985497,1.652189734721948,1.665958285331726,179550,0.0,0.0
1993-05-28 00:00:00-04:00,1.6659588734292727,1.6797267198562622,1.6659588734292727,1.6797267198562622,209925,0.0,0.0
1993-06-01 00:00:00-04:00,1.693495040874787,1.693495040874787,1.652190089225769,1.652190089225769,298350,0.0,0.0
1993-06-02 00:00:00-04:00,1.65219027546358,1.65219027546358,1.624653697013855,1.624653697013855,295650,0.0,0.0
1993-06-03 00:00:00-04:00,1.6246535198720806,1.6521900953193944,1.6108856753003669,1.6384222507476807,626400,0.0,0.0
1993-06-04 00:00:00-04:00,1.624653697013855,1.624653697013855,1.610885850940984,1.624653697013855,479250,0.0,0.0
1993-06-07 00:00:00-04:00,1.6384222507476807,1.6384222507476807,1.6246535198720806,1.6384222507476807,211275,0.0,0.0
1993-06-08 00:00:00-04:00,1.6246531035328378,1.6246531035328378,1.6108852624893188,1.6108852624893188,240300,0.0,0.0
1993-06-09 00:00:00-04:00,1.624653697013855,1.638422429390709,1.624653697013855,1.624653697013855,140400,0.0,0.0
1993-06-10 00:00:00-04:00,1.6296681561342623,1.643596529960632,1.6157390649975372,1.6435965299606323,159975,0.025185,0.0
1993-06-11 00:00:00-04:00,1.643596529960632,1.6575258004249462,1.6296681561342623,1.6435965299606323,218025,0.0,0.0
1993-06-14 00:00:00-04:00,1.6575258004249462,1.6575258004249462,1.6296681561342623,1.6435965299606323,152550,0.0,0.0
1993-06-15 00:00:00-04:00,1.5321664761730958,1.5321664761730958,1.462522268295288,1.462522268295288,1753650,0.0,0.0
1993-06-16 00:00:00-04:00,1.462522268295288,1.476451450593305,1.4485938929715076,1.462522268295288,2254500,0.0,0.0
1993-06-17 00:00:00-04:00,1.4625218687954376,1.4625218687954376,1.4346644084469382,1.4485934972763062,10154025,0.0,0.0
1993-06-18 00:00:00-04:00,1.4485934972763062,1.4764510472885852,1.4485934972763062,1.4485934972763062,1056375,0.0,0.0
1993-06-21 00:00:00-04:00,1.462522268295288,1.476451450593305,1.462522268295288,1.462522268295288,544725,0.0,0.0
1993-06-22 00:00:00-04:00,1.4625218687954376,1.4764510472885852,1.4485934972763062,1.4485934972763062,522450,0.0,0.0
1993-06-23 00:00:00-04:00,1.462522268295288,1.4903798259170855,1.4485938929715076,1.462522268295288,209925,0.0,0.0
1993-06-24 00:00:00-04:00,1.4625218687954376,1.4764510472885852,1.4485934972763062,1.4485934972763062,496800,0.0,0.0
1993-06-25 00:00:00-04:00,1.462522268295288,1.462522268295288,1.4485938929715076,1.462522268295288,361800,0.0,0.0
1993-06-28 00:00:00-04:00,1.4625224869648996,1.490380048751831,1.4625224869648996,1.490380048751831,174150,0.0,0.0
1993-06-29 00:00:00-04:00,1.490380048751831,1.5182383278493023,1.476451671345544,1.490380048751831,576450,0.0,0.0
1993-06-30 00:00:00-04:00,1.4903797573231685,1.5182380309732366,1.4903797573231685,1.5043089389801025,292275,0.0,0.0
1993-07-01 00:00:00-04:00,1.5182380309732366,1.5321664056559712,1.4903797573231685,1.5043089389801025,264600,0.0,0.0
1993-07-02 00:00:00-04:00,1.504309481139407,1.5321669578552246,1.490380294462337,1.5321669578552246,199800,0.0,0.0
1993-07-06 00:00:00-04:00,1.5321667052555894,1.5321667052555894,1.476451671345544,1.490380048751831,251100,0.0,0.0
1993-07-07 00:00:00-04:00,1.4903795592605058,1.518237829208374,1.4903795592605058,1.518237829208374,153900,0.0,0.0
1993-07-08 00:00:00-04:00,1.5182380309732366,1.5182380309732366,1.4903797573231685,1.5043089389801025,122175,0.0,0.0
1993-07-09 00:00:00-04:00,1.5043089389801025,1.5043089389801025,1.4068071779679627,1.5043089389801025,2257875,0.0,0.0
1993-07-12 00:00:00-04:00,1.5043089389801025,1.5043089389801025,1.4903797573231685,1.5043089389801025,97200,0.0,0.0
1993-07-13 00:00:00-04:00,1.4903797573231685,1.5182380309732366,1.476451382640434,1.5043089389801025,712125,0.0,0.0
1993-07-14 00:00:00-04:00,1.5043087390663339,1.518237829208374,1.5043087390663339,1.518237829208374,715500,0.0,0.0
1993-07-15 00:00:00-04:00,1.5182383278493023,1.5182383278493023,1.490380048751831,1.490380048751831,286875,0.0,0.0
1993-07-16 00:00:00-04:00,1.5043087390663339,1.518237829208374,1.4903795592605058,1.518237829208374,483975,0.0,0.0
1993-07-19 00:00:00-04:00,1.5182383278493023,1.5182383278493023,1.476451671345544,1.490380048751831,207225,0.0,0.0
1993-07-20 00:00:00-04:00,1.4903797717597909,1.4903797717597909,1.4764513969421387,1.4764513969421387,157275,0.0,0.0
1993-07-21 00:00:00-04:00,1.476451450593305,1.476451450593305,1.4485938929715076,1.462522268295288,573075,0.0,0.0
1993-07-22 00:00:00-04:00,1.462522268295288,1.4903798259170855,1.462522268295288,1.462522268295288,895725,0.0,0.0
1993-07-23 00:00:00-04:00,1.476451450593305,1.5043090082151025,1.462522268295288,1.462522268295288,215325,0.0,0.0
1993-07-26 00:00:00-04:00,1.47645118642877,1.518237829208374,1.4625220066229419,1.518237829208374,723600,0.0,0.0
1993-07-27 00:00:00-04:00,1.5043089389801025,1.5182380309732366,1.4903797573231685,1.5043089389801025,1659150,0.0,0.0
1993-07-28 00:00:00-04:00,1.5043089389801025,1.5182380309732366,1.5043089389801025,1.5043089389801025,371925,0.0,0.0
1993-07-29 00:00:00-04:00,1.5182380819356456,1.5460957288742065,1.5043089894749564,1.5460957288742065,478575,0.0,0.0
1993-07-30 00:00:00-04:00,1.53216620204011,1.546095471509726,1.518237829208374,1.518237829208374,454275,0.0,0.0
1993-08-02 00:00:00-04:00,1.518237829208374,1.518237829208374,1.47645118642877,1.518237829208374,391500,0.0,0.0
1993-08-03 00:00:00-04:00,1.53216620204011,1.53216620204011,1.5043087390663339,1.518237829208374,282150,0.0,0.0
1993-08-04 00:00:00-04:00,1.5182385781526448,1.5321669578552246,1.504309481139407,1.5321669578552246,413100,0.0,0.0
1993-08-05 00:00:00-04:00,1.518237829208374,1.518237829208374,1.5043087390663339,1.518237829208374,469125,0.0,0.0
1993-08-06 00:00:00-04:00,1.518237829208374,1.53216620204011,1.518237829208374,1.518237829208374,751950,0.0,0.0
1993-08-09 00:00:00-04:00,1.518237829208374,1.53216620204011,1.5043087390663339,1.518237829208374,1665900,0.0,0.0
1993-08-10 00:00:00-04:00,1.5182380309732366,1.5182380309732366,1.4903797573231685,1.5043089389801025,284175,0.0,0.0
1993-08-11 00:00:00-04:00,1.5043087390663339,1.518237829208374,1.4903795592605058,1.518237829208374,1382400,0.0,0.0
1993-08-12 00:00:00-04:00,1.5182385781526448,1.5321669578552246,1.504309481139407,1.5321669578552246,679050,0.0,0.0
1993-08-13 00:00:00-04:00,1.518237829208374,1.518237829208374,1.5043087390663339,1.518237829208374,182925,0.0,0.0
1993-08-16 00:00:00-04:00,1.5043092331324754,1.5043092331324754,1.490380048751831,1.490380048751831,167400,0.0,0.0
1993-08-17 00:00:00-04:00,1.4903797573231685,1.5182380309732366,1.4903797573231685,1.5043089389801025,1175175,0.0,0.0
1993-08-18 00:00:00-04:00,1.5043089389801025,1.5182380309732366,1.4903797573231685,1.5043089389801025,1329075,0.0,0.0
1993-08-19 00:00:00-04:00,1.5043087390663339,1.518237829208374,1.5043087390663339,1.518237829208374,265275,0.0,0.0
1993-08-20 00:00:00-04:00,1.5043089389801025,1.5182380309732366,1.4903797573231685,1.5043089389801025,522450,0.0,0.0
1993-08-23 00:00:00-04:00,1.4903797573231685,1.5043089389801025,1.476451382640434,1.5043089389801025,287550,0.0,0.0
1993-08-24 00:00:00-04:00,1.4903797573231685,1.5182380309732366,1.4903797573231685,1.5043089389801025,252450,0.0,0.0
1993-08-25 00:00:00-04:00,1.504309481139407,1.5321669578552246,1.504309481139407,1.5321669578552246,957825,0.0,0.0
1993-08-26 00:00:00-04:00,1.518237829208374,1.518237829208374,1.518237829208374,1.518237829208374,220725,0.0,0.0
1993-08-27 00:00:00-04:00,1.5043089389801025,1.5182380309732366,1.4903797573231685,1.5043089389801025,124875,0.0,0.0
1993-08-30 00:00:00-04:00,1.504309481139407,1.5460962341961269,1.504309481139407,1.5321669578552246,272700,0.0,0.0
1993-08-31 00:00:00-04:00,1.5460957288742065,1.5460957288742065,1.5321664570859113,1.5460957288742065,168075,0.0,0.0
1993-09-01 00:00:00-04:00,1.53216620204011,1.546095471509726,1.518237829208374,1.518237829208374,557550,0.0,0.0
1993-09-02 00:00:00-04:00,1.5182380309732366,1.5182380309732366,1.5043089389801025,1.5043089389801025,157275,0.0,0.0
1993-09-03 00:00:00-04:00,1.4903797573231685,1.5182380309732366,1.4903797573231685,1.5043089389801025,128925,0.0,0.0
1993-09-07 00:00:00-04:00,1.5043087390663339,1.518237829208374,1.5043087390663339,1.518237829208374,317925,0.0,0.0
1993-09-08 00:00:00-04:00,1.518237829208374,1.518237829208374,1.5043087390663339,1.518237829208374,305100,0.0,0.0
1993-09-09 00:00:00-04:00,1.5043087390663339,1.518237829208374,1.5043087390663339,1.518237829208374,510300,0.0,0.0
1993-09-10 00:00:00-04:00,1.5233148336410522,1.5233148336410522,1.5233148336410522,1.5233148336410522,260550,0.025185,0.0
1993-09-13 00:00:00-04:00,1.5374202261573333,1.5938392720436616,1.5374202261573333,1.5656298398971558,498150,0.0,0.0
1993-09-14 00:00:00-04:00,1.5656301411151896,1.5656301411151896,1.5374205219480024,1.5515248775482178,68850,0.0,0.0
1993-09-15 00:00:00-04:00,1.5374202261573333,1.5656298398971558,1.5233151468974475,1.5656298398971558,218025,0.0,0.0
1993-09-16 00:00:00-04:00,1.5515248775482178,1.5656301411151896,1.5374205219480024,1.5515248775482178,12960675,0.0,0.0
1993-09-17 00:00:00-04:00,1.5233148336410522,1.5374199100003523,1.5233148336410522,1.5233148336410522,190350,0.0,0.0
1993-09-20 00:00:00-04:00,1.5233151606856197,1.5374202400731765,1.5092099905014038,1.5092099905014038,821475,0.0,0.0
1993-09-21 00:00:00-04:00,1.5092096664851127,1.5233148336410522,1.495105316498929,1.5233148336410522,595350,0.0,0.0
1993-09-22 00:00:00-04:00,1.5092099905014038,1.5374202400731765,1.5092099905014038,1.5092099905014038,232200,0.0,0.0
1993-09-23 00:00:00-04:00,1.5092096664851127,1.5374199100003523,1.5092096664851127,1.5233148336410522,199125,0.0,0.0
1993-09-24 00:00:00-04:00,1.5233148336410522,1.5374199100003523,1.5233148336410522,1.5233148336410522,105975,0.0,0.0
1993-09-27 00:00:00-04:00,1.5374199100003523,1.5374199100003523,1.5233148336410522,1.5233148336410522,726975,0.0,0.0
1993-09-28 00:00:00-04:00,1.5233148336410522,1.5374199100003523,1.5233148336410522,1.5233148336410522,115425,0.0,0.0
1993-09-29 00:00:00-04:00,1.523315429370295,1.5374205112457275,1.523315429370295,1.5374205112457275,224100,0.0,0.0
1993-09-30 00:00:00-04:00,1.5374205112457275,1.5515248667477597,1.5374205112457275,1.5374205112457275,417150,0.0,0.0
1993-10-01 00:00:00-04:00,1.5515248775482178,1.5515248775482178,1.5233154399743818,1.5515248775482178,269325,0.0,0.0
1993-10-04 00:00:00-04:00,1.5515245790439536,1.5656298398971558,1.5515245790439536,1.5656298398971558,203175,0.0,0.0
1993-10-05 00:00:00-04:00,1.565629855333241,1.5938392877578735,1.565629855333241,1.5938392877578735,243675,0.0,0.0
1993-10-06 00:00:00-04:00,1.5797342083589208,1.5938392877578735,1.5797342083589208,1.5938392877578735,681075,0.0,0.0
1993-10-07 00:00:00-04:00,1.5797341927837758,1.5797341927837758,1.5656298398971558,1.5656298398971558,48600,0.0,0.0
1993-10-08 00:00:00-04:00,1.5797341927837758,1.5797341927837758,1.5515245790439536,1.5656298398971558,91125,0.0,0.0
1993-10-11 00:00:00-04:00,1.5656290261785784,1.5797333717346191,1.5515237726564275,1.5797333717346191,122850,0.0,0.0
1993-10-12 00:00:00-04:00,1.5656301302165423,1.5797344857185744,1.5374205112457275,1.5374205112457275,702675,0.0,0.0
1993-10-13 00:00:00-04:00,1.5374205112457275,1.5515248667477597,1.5374205112457275,1.5374205112457275,157275,0.0,0.0
1993-10-14 00:00:00-04:00,1.5515248667477597,1.5515248667477597,1.5374205112457275,1.5374205112457275,267975,0.0,0.0
1993-10-15 00:00:00-04:00,1.5515248667477597,1.5656301302165423,1.5374205112457275,1.5374205112457275,255150,0.0,0.0
1993-10-18 00:00:00-04:00,1.5515237726564275,1.5797333717346191,1.537419427100387,1.5797333717346191,235575,0.0,0.0
1993-10-19 00:00:00-04:00,1.5656290261785784,1.5797333717346191,1.5656290261785784,1.5797333717346191,72900,0.0,0.0
1993-10-20 00:00:00-04:00,1.5797333717346191,1.5797333717346191,1.5656290261785784,1.5797333717346191,81675,0.0,0.0
1993-10-21 00:00:00-04:00,1.5656298401533253,1.5656298401533253,1.466896101251134,1.4951056241989136,2920725,0.0,0.0
1993-10-22 00:00:00-04:00,1.4951056241989136,1.4951056241989136,1.466896101251134,1.4951056241989136,445500,0.0,0.0
1993-10-25 00:00:00-04:00,1.5092096664851127,1.5233148336410522,1.5092096664851127,1.5233148336410522,640575,0.0,0.0
1993-10-26 00:00:00-04:00,1.5233148336410522,1.5233148336410522,1.5092096664851127,1.5233148336410522,436725,0.0,0.0
1993-10-27 00:00:00-04:00,1.5092096664851127,1.5233148336410522,1.5092096664851127,1.5233148336410522,105975,0.0,0.0
1993-10-28 00:00:00-04:00,1.5233151606856197,1.5233151606856197,1.5092099905014038,1.5092099905014038,209250,0.0,0.0
1993-10-29 00:00:00-04:00,1.5092102672040855,1.5515248775482178,1.5092102672040855,1.5515248775482178,492075,0.0,0.0
1993-11-01 00:00:00-05:00,1.5515248775482178,1.5515248775482178,1.5092102672040855,1.5515248775482178,832275,0.0,0.0
1993-11-02 00:00:00-05:00,1.5515248667477597,1.5515248667477597,1.523315429370295,1.5374205112457275,81000,0.0,0.0
1993-11-03 00:00:00-05:00,1.5374199100003523,1.5374199100003523,1.5233148336410522,1.5233148336410522,171450,0.0,0.0
1993-11-04 00:00:00-05:00,1.5233151606856197,1.5374202400731765,1.5092099905014038,1.5092099905014038,523800,0.0,0.0
1993-11-05 00:00:00-05:00,1.4951056241989136,1.5092099770878415,1.4810004541400617,1.4951056241989136,294975,0.0,0.0
1993-11-08 00:00:00-05:00,1.5092099905014038,1.5092099905014038,1.4951056374871192,1.5092099905014038,169425,0.0,0.0
1993-11-09 00:00:00-05:00,1.5092099770878415,1.5092099770878415,1.4810004541400617,1.4951056241989136,282150,0.0,0.0
1993-11-10 00:00:00-05:00,1.4810004673029031,1.5092099905014038,1.4810004673029031,1.5092099905014038,571725,0.0,0.0
1993-11-11 00:00:00-05:00,1.5092099770878415,1.5092099770878415,1.4951056241989136,1.4951056241989136,606825,0.0,0.0
1993-11-12 00:00:00-05:00,1.4951056241989136,1.5092099770878415,1.4810004541400617,1.4951056241989136,421200,0.0,0.0
1993-11-15 00:00:00-05:00,1.5092100543408542,1.5092100543408542,1.4668961763381958,1.4668961763381958,139725,0.0,0.0
1993-11-16 00:00:00-05:00,1.4810005299490934,1.4810005299490934,1.4668961763381958,1.4668961763381958,386775,0.0,0.0
1993-11-17 00:00:00-05:00,1.466896101251134,1.4951056241989136,1.466896101251134,1.4951056241989136,305100,0.0,0.0
1993-11-18 00:00:00-05:00,1.4527909749399208,1.4527909749399208,1.297639012336731,1.297639012336731,6517800,0.0,0.0
1993-11-19 00:00:00-05:00,1.2976390567944773,1.2976390567944773,1.2412200107931193,1.255324363708496,4878225,0.0,0.0
1993-11-22 00:00:00-05:00,1.2412201155359976,1.2412201155359976,1.1989055096758707,1.2271150350570679,3100950,0.0,0.0
1993-11-23 00:00:00-05:00,1.2271151539787097,1.2835341194120877,1.2271151539787097,1.241220235824585,1131975,0.0,0.0
1993-11-24 00:00:00-05:00,1.255324629819197,1.2835341587998887,1.255324629819197,1.2694298028945923,3209625,0.0,0.0
1993-11-26 00:00:00-05:00,1.2694298028945923,1.2694298028945923,1.2694298028945923,1.2694298028945923,306450,0.0,0.0
1993-11-29 00:00:00-05:00,1.283534232547265,1.325848937034607,1.283534232547265,1.325848937034607,1120500,0.0,0.0
1993-11-30 00:00:00-05:00,1.3258484795920802,1.4104770421981812,1.3117433105727982,1.4104770421981812,3541050,0.0,0.0
1993-12-01 00:00:00-05:00,1.396371743800648,1.396371743800648,1.3399527072906494,1.3399527072906494,287550,0.0,0.0
1993-12-02 00:00:00-05:00,1.3399532937502903,1.3399532937502903,1.3117437631487776,1.325848937034607,408375,0.0,0.0
1993-12-03 00:00:00-05:00,1.325848937034607,1.325848937034607,1.3117437631487776,1.325848937034607,1678050,0.0,0.0
1993-12-06 00:00:00-05:00,1.3184762001037598,1.3184762001037598,1.3184762001037598,1.3184762001037598,642600,0.008889,0.0
1993-12-07 00:00:00-05:00,1.3184762001037598,1.332653767849269,1.3042994537224675,1.3184762001037598,380700,0.0,0.0
1993-12-08 00:00:00-05:00,1.332653968088919,1.3610082864761353,1.332653968088919,1.3610082864761353,1404000,0.0,0.0
1993-12-09 00:00:00-05:00,1.3610079105934048,1.3751846551895142,1.3610079105934048,1.3751846551895142,2397600,0.0,0.0
1993-12-10 00:00:00-05:00,1.3610082864761353,1.3610082864761353,1.3610082864761353,1.3610082864761353,618975,0.0,0.0
1993-12-13 00:00:00-05:00,1.3610079055446391,1.3893622159957886,1.3610079055446391,1.3893622159957886,739125,0.0,0.0
1993-12-14 00:00:00-05:00,1.3751846551895142,1.3893622211497367,1.3751846551895142,1.3751846551895142,641925,0.0,0.0
1993-12-15 00:00:00-05:00,1.3893622159957886,1.3893622159957886,1.3751846500881586,1.3893622159957886,597375,0.0,0.0
1993-12-16 00:00:00-05:00,1.3893627772837605,1.4177170991897583,1.3893627772837605,1.4177170991897583,3235275,0.0,0.0
1993-12-17 00:00:00-05:00,1.417716803970492,1.4744253447110283,1.417716803970492,1.4460710287094116,2284875,0.0,0.0
1993-12-20 00:00:00-05:00,1.4318937063217163,1.446071185276973,1.4318937063217163,1.4318937063217163,6124275,0.0,0.0
1993-12-21 00:00:00-05:00,1.417716803970492,1.4460710287094116,1.417716803970492,1.4460710287094116,692550,0.0,0.0
1993-12-22 00:00:00-05:00,1.4460710287094116,1.4602478672907813,1.4460710287094116,1.4460710287094116,1374975,0.0,0.0
1993-12-23 00:00:00-05:00,1.4460710287094116,1.4602478672907813,1.4460710287094116,1.4460710287094116,468450,0.0,0.0
1993-12-27 00:00:00-05:00,1.460248025393283,1.460248025393283,1.4318937063217163,1.4318937063217163,420525,0.0,0.0
1993-12-28 00:00:00-05:00,1.4177170991897583,1.431893849460536,1.4177170991897583,1.4177170991897583,314550,0.0,0.0
1993-12-29 00:00:00-05:00,1.4177169574681128,1.446071185276973,1.4177169574681128,1.4318937063217163,558225,0.0,0.0
1993-12-30 00:00:00-05:00,1.417716803970492,1.4460710287094116,1.417716803970492,1.4460710287094116,394200,0.0,0.0
1993-12-31 00:00:00-05:00,1.4460710287094116,1.4744253447110283,1.4460710287094116,1.4460710287094116,6363225,0.0,0.0
1994-01-03 00:00:00-05:00,1.4318935512891646,1.4744253447110283,1.4318935512891646,1.4460710287094116,1483650,0.0,0.0
1994-01-04 00:00:00-05:00,1.4460712717148076,1.4602481126785278,1.4460712717148076,1.4602481126785278,293625,0.0,0.0
1994-01-05 00:00:00-05:00,1.4460712717148076,1.4602481126785278,1.4460712717148076,1.4602481126785278,1485000,0.0,0.0
1994-01-06 00:00:00-05:00,1.4602478672907813,1.4602478672907813,1.4460710287094116,1.4460710287094116,949725,0.0,0.0
1994-01-07 00:00:00-05:00,1.4602478672907813,1.4602478672907813,1.4460710287094116,1.4460710287094116,73575,0.0,0.0
1994-01-10 00:00:00-05:00,1.4460712717148076,1.4602481126785278,1.4460712717148076,1.4602481126785278,1019925,0.0,0.0
1994-01-11 00:00:00-05:00,1.4460710287094116,1.4602478672907813,1.4460710287094116,1.4460710287094116,1439100,0.0,0.0
1994-01-12 00:00:00-05:00,1.4460710287094116,1.4602478672907813,1.4460710287094116,1.4460710287094116,1934550,0.0,0.0
1994-01-13 00:00:00-05:00,1.44607132983304,1.4602481713665336,1.4177170991897583,1.4177170991897583,1628100,0.0,0.0
1994-01-14 00:00:00-05:00,1.4035393872501494,1.446071185276973,1.389362638396546,1.4318937063217163,1237950,0.0,0.0
1994-01-17 00:00:00-05:00,1.4318937063217163,1.4318937063217163,1.4177169574681128,1.4318937063217163,261225,0.0,0.0
1994-01-18 00:00:00-05:00,1.431893849460536,1.44607132983304,1.4177170991897583,1.4177170991897583,893025,0.0,0.0
1994-01-19 00:00:00-05:00,1.4177169574681128,1.4318937063217163,1.4177169574681128,1.4318937063217163,162000,0.0,0.0
1994-01-20 00:00:00-05:00,1.4177170991897583,1.431893849460536,1.4177170991897583,1.4177170991897583,211950,0.0,0.0
1994-01-21 00:00:00-05:00,1.4318932709904575,1.4318932709904575,1.3893622159957886,1.3893622159957886,334800,0.0,0.0
1994-01-24 00:00:00-05:00,1.3893623159825632,1.4177166284742575,1.3893623159825632,1.4035390615463257,1460700,0.0,0.0
1994-01-25 00:00:00-05:00,1.4035390615463257,1.4177166284742575,1.3893623159825632,1.4035390615463257,1152225,0.0,0.0
1994-01-26 00:00:00-05:00,1.3893623159825632,1.4035390615463257,1.3893623159825632,1.4035390615463257,357075,0.0,0.0
1994-01-27 00:00:00-05:00,1.3893623159825632,1.4035390615463257,1.3893623159825632,1.4035390615463257,435375,0.0,0.0
1994-01-28 00:00:00-05:00,1.4035395275545384,1.4177170991897583,1.3893627772837605,1.4177170991897583,298350,0.0,0.0
1994-01-31 00:00:00-05:00,1.403538960539308,1.417716526446938,1.3893622159957886,1.3893622159957886,294300,0.0,0.0
1994-02-01 00:00:00-05:00,1.3893622159957886,1.403538960539308,1.3893622159957886,1.3893622159957886,1968300,0.0,0.0
1994-02-02 00:00:00-05:00,1.3893626048633516,1.4035393533747897,1.346830716600357,1.3610082864761353,685125,0.0,0.0
1994-02-03 00:00:00-05:00,1.3610079342486303,1.3751846790911408,1.3326536231994817,1.3468303680419922,614925,0.0,0.0
1994-02-04 00:00:00-05:00,1.3326536000370728,1.3751846551895142,1.3326536000370728,1.3751846551895142,884925,0.0,0.0
1994-02-07 00:00:00-05:00,1.3610079342486303,1.3610079342486303,1.3326536231994817,1.3468303680419922,365175,0.0,0.0
1994-02-08 00:00:00-05:00,1.3468307481723787,1.375185067224269,1.3184764291204885,1.3326539993286133,1235250,0.0,0.0
1994-02-09 00:00:00-05:00,1.3326536231994817,1.3468303680419922,1.3326536231994817,1.3468303680419922,421200,0.0,0.0
1994-02-10 00:00:00-05:00,1.3610079055446391,1.403538960539308,1.3610079055446391,1.3893622159957886,531225,0.0,0.0
1994-02-11 00:00:00-05:00,1.3751846790911408,1.3751846790911408,1.3468303680419922,1.3468303680419922,89775,0.0,0.0
1994-02-14 00:00:00-05:00,1.3610079105934048,1.3751846551895142,1.3610079105934048,1.3751846551895142,319275,0.0,0.0
1994-02-15 00:00:00-05:00,1.3751846500881586,1.3893622159957886,1.3610079055446391,1.3893622159957886,538650,0.0,0.0
1994-02-16 00:00:00-05:00,1.3893626048633516,1.3893626048633516,1.346830716600357,1.3610082864761353,1074600,0.0,0.0
1994-02-17 00:00:00-05:00,1.3610082864761353,1.3751850349875734,1.346830716600357,1.3610082864761353,1185300,0.0,0.0
1994-02-18 00:00:00-05:00,1.3468303446331822,1.3751846551895142,1.3468303446331822,1.3751846551895142,795825,0.0,0.0
1994-02-22 00:00:00-05:00,1.3610082864761353,1.3610082864761353,1.346830716600357,1.3610082864761353,314550,0.0,0.0
1994-02-23 00:00:00-05:00,1.3610083183805035,1.3610083183805035,1.3326539993286133,1.3326539993286133,485325,0.0,0.0
1994-02-24 00:00:00-05:00,1.3468305142305614,1.3468305142305614,1.3184762001037598,1.3184762001037598,243675,0.0,0.0
1994-02-25 00:00:00-05:00,1.3184764291204885,1.3326539993286133,1.3184764291204885,1.3326539993286133,362475,0.0,0.0
1994-02-28 00:00:00-05:00,1.3326536231994817,1.3751846790911408,1.3326536231994817,1.3468303680419922,1021275,0.0,0.0
1994-03-01 00:00:00-05:00,1.346830716600357,1.3610082864761353,1.346830716600357,1.3610082864761353,5925825,0.0,0.0
1994-03-02 00:00:00-05:00,1.3610079105934048,1.3751846551895142,1.3610079105934048,1.3751846551895142,972675,0.0,0.0
1994-03-03 00:00:00-05:00,1.3751846500881586,1.3893622159957886,1.3751846500881586,1.3893622159957886,1207575,0.0,0.0
1994-03-04 00:00:00-05:00,1.3751846551895142,1.4035389657458461,1.3751846551895142,1.3751846551895142,558900,0.0,0.0
1994-03-07 00:00:00-05:00,1.3751850681785827,1.4318937063217163,1.3610083193249793,1.4318937063217163,744525,0.0,0.0
1994-03-08 00:00:00-05:00,1.417716803970492,1.4602478672907813,1.417716803970492,1.4460710287094116,1933200,0.0,0.0
1994-03-09 00:00:00-05:00,1.4744255924812328,1.502779913247658,1.4602481126785278,1.4602481126785278,1988550,0.0,0.0
1994-03-10 00:00:00-05:00,1.4602478672907813,1.4602478672907813,1.4460710287094116,1.4460710287094116,421875,0.0,0.0
1994-03-11 00:00:00-05:00,1.4529083517610455,1.4529083517610455,1.424420062380369,1.4386638402938843,88425,0.008889,0.0
1994-03-14 00:00:00-05:00,1.424420062380369,1.4671522213687664,1.424420062380369,1.4386638402938843,641925,0.0,0.0
1994-03-15 00:00:00-05:00,1.424420194159704,1.4671523571014404,1.424420194159704,1.4671523571014404,444825,0.0,0.0
1994-03-16 00:00:00-05:00,1.4529085159301758,1.4671523871473608,1.4386640028534783,1.4529085159301758,238275,0.0,0.0
1994-03-17 00:00:00-05:00,1.4386638402938843,1.4529083517610455,1.4386638402938843,1.4386638402938843,315900,0.0,0.0
1994-03-18 00:00:00-05:00,1.452909016798942,1.452909016798942,1.424420714378357,1.424420714378357,712125,0.0,0.0
1994-03-21 00:00:00-05:00,1.424420062380369,1.4529083517610455,1.424420062380369,1.4386638402938843,1376325,0.0,0.0
1994-03-22 00:00:00-05:00,1.4386638402938843,1.4386638402938843,1.3959316813054867,1.4386638402938843,392175,0.0,0.0
1994-03-23 00:00:00-05:00,1.4386638402938843,1.4386638402938843,1.424420062380369,1.4386638402938843,1742850,0.0,0.0
1994-03-24 00:00:00-05:00,1.424420062380369,1.4529083517610455,1.424420062380369,1.4386638402938843,1223100,0.0,0.0
1994-03-25 00:00:00-05:00,1.424420062380369,1.4671522213687664,1.424420062380369,1.4386638402938843,1250775,0.0,0.0
1994-03-28 00:00:00-05:00,1.4386638402938843,1.4529083517610455,1.424420062380369,1.4386638402938843,481275,0.0,0.0
1994-03-29 00:00:00-05:00,1.4529083517610455,1.4813967328359274,1.4386638402938843,1.4386638402938843,464400,0.0,0.0
1994-03-30 00:00:00-05:00,1.4386638058843626,1.4386638058843626,1.381687045097351,1.381687045097351,234900,0.0,0.0
1994-03-31 00:00:00-05:00,1.3674429374171542,1.410175085067749,1.3674429374171542,1.410175085067749,294300,0.0,0.0
1994-04-04 00:00:00-04:00,1.381687045097351,1.3959316479180197,1.3674432675245138,1.381687045097351,202500,0.0,0.0
1994-04-05 00:00:00-04:00,1.381686527205767,1.4101748969211003,1.381686527205767,1.3959311246871948,2027025,0.0,0.0
1994-04-06 00:00:00-04:00,1.3959313109334281,1.410175085067749,1.3959313109334281,1.410175085067749,1132650,0.0,0.0
1994-04-07 00:00:00-04:00,1.410175085067749,1.410175085067749,1.381686711551475,1.410175085067749,172125,0.0,0.0
1994-04-08 00:00:00-04:00,1.3959316479180197,1.4101754254908567,1.381687045097351,1.381687045097351,604125,0.0,0.0
1994-04-11 00:00:00-04:00,1.3959316479180197,1.3959316479180197,1.381687045097351,1.381687045097351,775575,0.0,0.0
1994-04-12 00:00:00-04:00,1.381687045097351,1.381687045097351,1.3674432675245138,1.381687045097351,201825,0.0,0.0
1994-04-13 00:00:00-04:00,1.3674434423446655,1.3816872217384917,1.3674434423446655,1.3674434423446655,120825,0.0,0.0
1994-04-14 00:00:00-04:00,1.3674429374171542,1.410175085067749,1.3674429374171542,1.410175085067749,1520100,0.0,0.0
1994-04-15 00:00:00-04:00,1.4101748969211003,1.4386632666364336,1.3959311246871948,1.3959311246871948,484650,0.0,0.0
1994-04-18 00:00:00-04:00,1.4101748969211003,1.4101748969211003,1.3959311246871948,1.3959311246871948,923400,0.0,0.0
1994-04-19 00:00:00-04:00,1.410175085067749,1.4386634585840232,1.410175085067749,1.410175085067749,654750,0.0,0.0
1994-04-20 00:00:00-04:00,1.3959311246871948,1.4101748969211003,1.3959311246871948,1.3959311246871948,471825,0.0,0.0
1994-04-21 00:00:00-04:00,1.3959313109334281,1.410175085067749,1.3959313109334281,1.410175085067749,55350,0.0,0.0
1994-04-22 00:00:00-04:00,1.424419613517847,1.5098846381165842,1.424419613517847,1.4956400394439697,1563300,0.0,0.0
1994-04-25 00:00:00-04:00,1.5241286754608154,1.5383732766000353,1.5098848995693297,1.5241286754608154,718200,0.0,0.0
1994-04-26 00:00:00-04:00,1.5241288673735482,1.5526179815450405,1.5241288673735482,1.5383734703063965,498150,0.0,0.0
1994-04-28 00:00:00-04:00,1.5383736940469703,1.5668619871139526,1.5241290890423913,1.5668619871139526,585225,0.0,0.0
1994-04-29 00:00:00-04:00,1.5668613242622358,1.5953497886657715,1.5668613242622358,1.5953497886657715,764100,0.0,0.0
1994-05-02 00:00:00-04:00,1.5811063051223755,1.5882281932949243,1.5811063051223755,1.5811063051223755,274050,0.0,0.0
1994-05-03 00:00:00-04:00,1.5811067088112558,1.6238387823104858,1.5811067088112558,1.6238387823104858,399600,0.0,0.0
1994-05-04 00:00:00-04:00,1.6238380696809496,1.6238380696809496,1.5811060149348974,1.5953497886657715,811350,0.0,0.0
1994-05-05 00:00:00-04:00,1.6095942959500755,1.6095942959500755,1.5811060149348974,1.5953497886657715,1892700,0.0,0.0
1994-05-06 00:00:00-04:00,1.5811066838127492,1.5811066838127492,1.5526182073573318,1.5668619871139526,132975,0.0,0.0
1994-05-09 00:00:00-04:00,1.5811060149348974,1.6095942959500755,1.5811060149348974,1.5953497886657715,234900,0.0,0.0
1994-05-10 00:00:00-04:00,1.5953507826081057,1.6095952987670898,1.5953507826081057,1.6095952987670898,1163700,0.0,0.0
1994-05-11 00:00:00-04:00,1.6095952987670898,1.6238390813721868,1.5953507826081057,1.6095952987670898,207900,0.0,0.0
1994-05-12 00:00:00-04:00,1.6095952987670898,1.6238390813721868,1.6095952987670898,1.6095952987670898,305100,0.0,0.0
1994-05-13 00:00:00-04:00,1.6095942959500755,1.6095942959500755,1.5668613242622358,1.5953497886657715,681075,0.0,0.0
1994-05-16 00:00:00-04:00,1.595350081467473,1.595350081467473,1.5811063051223755,1.5811063051223755,211275,0.0,0.0
1994-05-17 00:00:00-04:00,1.59535046356937,1.59535046356937,1.5668619871139526,1.5668619871139526,159300,0.0,0.0
1994-05-18 00:00:00-04:00,1.5811067088112558,1.6238387823104858,1.5811067088112558,1.6238387823104858,1008450,0.0,0.0
1994-05-19 00:00:00-04:00,1.6095940443225212,1.638082504272461,1.6095940443225212,1.638082504272461,246375,0.0,0.0
1994-05-20 00:00:00-04:00,1.6380834792345018,1.6523272592163278,1.6238387823104858,1.6238387823104858,395550,0.0,0.0
1994-05-23 00:00:00-04:00,1.6238378158266689,1.638082504272461,1.6238378158266689,1.638082504272461,156600,0.0,0.0
1994-05-24 00:00:00-04:00,1.6238380696809496,1.652326534084485,1.5953497886657715,1.5953497886657715,632475,0.0,0.0
1994-05-25 00:00:00-04:00,1.6095942959500755,1.6095942959500755,1.5811060149348974,1.5953497886657715,334800,0.0,0.0
1994-05-26 00:00:00-04:00,1.6095942959500755,1.6095942959500755,1.5811060149348974,1.5953497886657715,258525,0.0,0.0
1994-05-27 00:00:00-04:00,1.6095945913661354,1.6095945913661354,1.5668616118353218,1.5811063051223755,434025,0.0,0.0
1994-05-31 00:00:00-04:00,1.5811066838127492,1.5811066838127492,1.5526182073573318,1.5668619871139526,707400,0.0,0.0
1994-06-01 00:00:00-04:00,1.5668616118353218,1.595350081467473,1.5668616118353218,1.5811063051223755,3960900,0.0,0.0
1994-06-02 00:00:00-04:00,1.581107000003009,1.6095952987670898,1.581107000003009,1.6095952987670898,1770525,0.0,0.0
1994-06-03 00:00:00-04:00,1.5953507826081057,1.6238390813721868,1.5953507826081057,1.6095952987670898,379350,0.0,0.0
1994-06-06 00:00:00-04:00,1.6238378158266689,1.638082504272461,1.6095940443225212,1.638082504272461,450225,0.0,0.0
1994-06-07 00:00:00-04:00,1.6238378158266689,1.6523262757766084,1.6238378158266689,1.638082504272461,228150,0.0,0.0
1994-06-08 00:00:00-04:00,1.6380834792345018,1.6523272592163278,1.6238387823104858,1.6238387823104858,316575,0.0,0.0
1994-06-09 00:00:00-04:00,1.6238378158266689,1.638082504272461,1.6095940443225212,1.638082504272461,170100,0.0,0.0
1994-06-10 00:00:00-04:00,1.6306448409259688,1.6306448409259688,1.5591257810592651,1.5591257810592651,1517400,0.008889,0.0
1994-06-13 00:00:00-04:00,1.5734299500553965,1.6163420677185059,1.5734299500553965,1.6163420677185059,359100,0.0,0.0
1994-06-14 00:00:00-04:00,1.6163404968227597,1.6449483633041382,1.6163404968227597,1.6449483633041382,315225,0.0,0.0
1994-06-15 00:00:00-04:00,1.6449488092315894,1.673556499311214,1.630644411720679,1.6592522859573364,396225,0.0,0.0
1994-06-16 00:00:00-04:00,1.6592523897272415,1.7593798637390137,1.6592523897272415,1.7593798637390137,689850,0.0,0.0
1994-06-17 00:00:00-04:00,1.759380412553528,1.759380412553528,1.6878606081008911,1.6878606081008911,289575,0.0,0.0
1994-06-20 00:00:00-04:00,1.7021656036376953,1.7021656036376953,1.6592534850362177,1.7021656036376953,189000,0.0,0.0
1994-06-21 00:00:00-04:00,1.687861195789538,1.7021656036376953,1.687861195789538,1.7021656036376953,324000,0.0,0.0
1994-06-22 00:00:00-04:00,1.7021656991164238,1.7879890203475952,1.7021656991164238,1.7879890203475952,411075,0.0,0.0
1994-06-23 00:00:00-04:00,1.7736831530806703,1.7736831530806703,1.7450754642486572,1.7450754642486572,507600,0.0,0.0
1994-06-24 00:00:00-04:00,1.7450768014533444,1.7450768014533444,1.6735577087272093,1.7021656036376953,450225,0.0,0.0
1994-06-27 00:00:00-04:00,1.687861195789538,1.7164690907000242,1.687861195789538,1.7021656036376953,86400,0.0,0.0
1994-06-28 00:00:00-04:00,1.7164673805236816,1.7164673805236816,1.687859514116211,1.7164673805236816,74250,0.0,0.0
1994-06-29 00:00:00-04:00,1.7021643291000126,1.7307720184326174,1.7021643291000126,1.7307720184326172,409050,0.0,0.0
1994-06-30 00:00:00-04:00,1.7021650109684623,1.730772711760995,1.6878606081008911,1.6878606081008911,1728000,0.0,0.0
1994-07-01 00:00:00-04:00,1.7021643291000126,1.759379707765222,1.7021643291000126,1.7307720184326172,280125,0.0,0.0
1994-07-05 00:00:00-04:00,1.7307721718702596,1.7736833413593023,1.7307721718702596,1.7593798637390137,168750,0.0,0.0
1994-07-06 00:00:00-04:00,1.7593798637390137,1.7736833413593023,1.7450756494905482,1.7593798637390137,400275,0.0,0.0
1994-07-07 00:00:00-04:00,1.7593798637390137,1.7736833413593023,1.7450756494905482,1.7593798637390137,160650,0.0,0.0
1994-07-08 00:00:00-04:00,1.7593798637390137,1.7736833413593023,1.7593798637390137,1.7593798637390137,141075,0.0,0.0
1994-07-11 00:00:00-04:00,1.7736831841174687,1.7736831841174687,1.7307720184326174,1.7307720184326172,150525,0.0,0.0
1994-07-12 00:00:00-04:00,1.7307719881466999,1.7450754642486572,1.7307719881466999,1.7450754642486572,558900,0.0,0.0
1994-07-13 00:00:00-04:00,1.7593797219962886,1.8452031590023572,1.7593797219962886,1.8308987617492676,1902150,0.0,0.0
1994-07-14 00:00:00-04:00,1.8452033689859224,1.931026631601622,1.8452033689859224,1.9167224168777466,683100,0.0,0.0
1994-07-15 00:00:00-04:00,1.9024189387820722,1.9167224168777466,1.8881145399011465,1.9167224168777466,624375,0.0,0.0
1994-07-18 00:00:00-04:00,1.9024187222873932,1.9024187222873932,1.8308987617492676,1.8308987617492676,184275,0.0,0.0
1994-07-19 00:00:00-04:00,1.8452034877423058,1.8452034877423058,1.78798791426379,1.8022913932800293,187650,0.0,0.0
1994-07-20 00:00:00-04:00,1.8165971281933015,1.8881162405014038,1.8165971281933015,1.8881162405014038,519075,0.0,0.0
1994-07-21 00:00:00-04:00,1.8881162405014038,1.8881162405014038,1.8881162405014038,1.8881162405014038,203850,0.0,0.0
1994-07-22 00:00:00-04:00,1.8738112449645996,1.8738112449645996,1.8595070288425322,1.8738112449645996,124200,0.0,0.0
1994-07-25 00:00:00-04:00,1.873811335068267,1.873811335068267,1.8308992371098083,1.8452036380767822,446175,0.0,0.0
1994-07-26 00:00:00-04:00,1.8452031590023572,1.8452031590023572,1.8165952852813245,1.8308987617492676,285525,0.0,0.0
1994-07-27 00:00:00-04:00,1.830900220570241,1.830900220570241,1.7879890203475952,1.7879890203475952,309825,0.0,0.0
1994-07-28 00:00:00-04:00,1.8022909843251953,1.816595196723938,1.7736831119987706,1.816595196723938,213300,0.0,0.0
1994-07-29 00:00:00-04:00,1.81659575692822,1.8595071182583702,1.81659575692822,1.8452036380767822,367200,0.0,0.0
1994-08-01 00:00:00-04:00,1.8452031590023572,1.8452031590023572,1.8308987617492676,1.8308987617492676,974700,0.0,0.0
1994-08-02 00:00:00-04:00,1.8308987617492676,1.8452031590023572,1.8308987617492676,1.8308987617492676,272025,0.0,0.0
1994-08-03 00:00:00-04:00,1.8308986724945993,1.8308986724945993,1.7879875085545338,1.816595196723938,1254150,0.0,0.0
1994-08-04 00:00:00-04:00,1.816595196723938,1.8308986724945993,1.816595196723938,1.816595196723938,346950,0.0,0.0
1994-08-05 00:00:00-04:00,1.8022915484639552,1.8165957653400886,1.7736836671829224,1.7736836671829224,216675,0.0,0.0
1994-08-08 00:00:00-04:00,1.7879890203475952,1.8022925082122425,1.773684611697068,1.7879890203475952,51975,0.0,0.0
1994-08-09 00:00:00-04:00,1.7879890203475952,1.8022925082122425,1.773684611697068,1.7879890203475952,29025,0.0,0.0
1994-08-10 00:00:00-04:00,1.7879880682161338,1.7879880682161338,1.7736836671829224,1.7736836671829224,70200,0.0,0.0
1994-08-11 00:00:00-04:00,1.7736831530806703,1.7736831530806703,1.7307719881466999,1.7450754642486572,63450,0.0,0.0
1994-08-12 00:00:00-04:00,1.7450761938430583,1.7450761938430583,1.6878606081008911,1.6878606081008911,1317600,0.0,0.0
1994-08-15 00:00:00-04:00,1.7021642993146868,1.759379676978713,1.7021642993146868,1.7450754642486572,523800,0.0,0.0
1994-08-16 00:00:00-04:00,1.7307720324322853,1.8308987617492676,1.7307720324322853,1.8308987617492676,295650,0.0,0.0
1994-08-17 00:00:00-04:00,1.8308989092538548,1.8452033076593644,1.7307721718702596,1.7593798637390137,453600,0.0,0.0
1994-08-18 00:00:00-04:00,1.7593796362281093,1.8308986724945993,1.7593796362281093,1.816595196723938,396900,0.0,0.0
1994-08-19 00:00:00-04:00,1.8022910721852643,1.8308987617492676,1.8022910721852643,1.8308987617492676,109350,0.0,0.0
1994-08-22 00:00:00-04:00,1.8308992371098083,1.845203638076782,1.81659575692822,1.8452036380767822,129600,0.0,0.0
1994-08-23 00:00:00-04:00,1.845203638076782,1.845203638076782,1.8308992371098083,1.8452036380767822,235575,0.0,0.0
1994-08-24 00:00:00-04:00,1.845203638076782,1.8595071182583702,1.845203638076782,1.8452036380767822,164025,0.0,0.0
1994-08-25 00:00:00-04:00,1.8452031590023572,1.8595066354703003,1.8165952852813245,1.8308987617492676,152550,0.0,0.0
1994-08-26 00:00:00-04:00,1.81659575692822,1.845203638076782,1.81659575692822,1.8452036380767822,213300,0.0,0.0
1994-08-29 00:00:00-04:00,1.8452031308062888,1.8738108199331454,1.8452031308062888,1.859506607055664,170100,0.0,0.0
1994-08-30 00:00:00-04:00,1.8595066354703003,1.8595066354703003,1.8022910721852643,1.8308987617492676,178875,0.0,0.0
1994-08-31 00:00:00-04:00,1.845203638076782,1.845203638076782,1.81659575692822,1.8452036380767822,133650,0.0,0.0
1994-09-01 00:00:00-04:00,1.830900220570241,1.830900220570241,1.773684611697068,1.7879890203475952,192375,0.0,0.0
1994-09-02 00:00:00-04:00,1.8165957653400886,1.8165957653400886,1.7593801869351011,1.7736836671829224,267300,0.0,0.0
1994-09-06 00:00:00-04:00,1.7879880682161338,1.7879880682161338,1.7593801869351011,1.7736836671829224,166050,0.0,0.0
1994-09-07 00:00:00-04:00,1.7879890203475952,1.8022925082122425,1.7593811238324208,1.7879890203475952,206550,0.0,0.0
1994-09-08 00:00:00-04:00,1.7879890203475952,1.830900220570241,1.7879890203475952,1.7879890203475952,199125,0.0,0.0
1994-09-09 00:00:00-04:00,1.7879890203475952,1.7879890203475952,1.773684611697068,1.7879890203475952,39150,0.0,0.0
1994-09-12 00:00:00-04:00,1.7805206361820574,1.8092387914657593,1.7805206361820574,1.8092387914657593,212625,0.008889,0.0
1994-09-13 00:00:00-04:00,1.8092386980130237,1.8523162060139058,1.8092386980130237,1.8379566669464111,324675,0.0,0.0
1994-09-14 00:00:00-04:00,1.8379566669464111,1.8379566669464111,1.8235980522135846,1.8379566669464111,183600,0.0,0.0
1994-09-15 00:00:00-04:00,1.823598476556799,1.8810346126556399,1.823598476556799,1.8810346126556396,191700,0.0,0.0
1994-09-16 00:00:00-04:00,1.8810341749472934,1.8810341749472934,1.8379566669464111,1.8379566669464111,263250,0.0,0.0
1994-09-19 00:00:00-04:00,1.8379566669464111,1.8523162060139058,1.8379566669464111,1.8379566669464111,263925,0.0,0.0
1994-09-20 00:00:00-04:00,1.837956041025827,1.837956041025827,1.7948794720294476,1.8235974311828613,140400,0.0,0.0
1994-09-21 00:00:00-04:00,1.7948808670043945,1.8092394880068285,1.7948808670043945,1.7948808670043945,122850,0.0,0.0
1994-09-22 00:00:00-04:00,1.780520242975527,2.053342195753883,1.780520242975527,2.0389835834503174,2575800,0.0,0.0
1994-09-23 00:00:00-04:00,2.0389843764485613,2.0389843764485613,1.9241113662719727,1.9241113662719727,1044900,0.0,0.0
1994-09-26 00:00:00-04:00,1.9384706020355225,1.9384706020355225,1.9241112455804341,1.9384706020355225,170775,0.0,0.0
1994-09-27 00:00:00-04:00,1.9384708372296358,1.952830195426941,1.9241114790323306,1.952830195426941,1172475,0.0,0.0
1994-09-28 00:00:00-04:00,1.938470486065615,2.0246245861053467,1.938470486065615,2.0246245861053467,1161000,0.0,0.0
1994-09-29 00:00:00-04:00,2.0246244418847006,2.0246244418847006,1.9959064722061157,1.9959064722061157,261900,0.0,0.0
1994-09-30 00:00:00-04:00,2.010265434508674,2.0389835834503174,1.9959060827374988,2.0389835834503174,351000,0.0,0.0
1994-10-03 00:00:00-04:00,2.0246245861053467,2.0246245861053467,2.0102659699771195,2.0246245861053467,218700,0.0,0.0
1994-10-04 00:00:00-04:00,2.010267734527588,2.024626363259372,1.9815497375955635,2.010267734527588,486675,0.0,0.0
1994-10-05 00:00:00-04:00,1.9959062715466345,1.9959062715466345,1.9384701530968966,1.9671881198883057,301050,0.0,0.0
1994-10-06 00:00:00-04:00,1.952829702555177,2.010265826779285,1.952829702555177,1.9959064722061157,374625,0.0,0.0
1994-10-07 00:00:00-04:00,1.9959064722061157,2.010265826779285,1.9671883176605927,1.9959064722061157,511650,0.0,0.0
1994-10-10 00:00:00-04:00,1.9959066143810866,2.0246245861053467,1.9815479982528597,2.0246245861053467,111375,0.0,0.0
1994-10-11 00:00:00-04:00,2.0389844393019354,2.0533430576324463,2.0389844393019354,2.0533430576324463,534600,0.0,0.0
1994-10-12 00:00:00-04:00,2.0533430576324463,2.0820610337613874,2.0533430576324463,2.0533430576324463,1140750,0.0,0.0
1994-10-13 00:00:00-04:00,2.067702531814575,2.082061150953282,2.067702531814575,2.067702531814575,1434375,0.0,0.0
1994-10-14 00:00:00-04:00,2.0677024154308765,2.0820610337613874,2.0533430576324463,2.0533430576324463,378675,0.0,0.0
1994-10-17 00:00:00-04:00,2.053344016457671,2.082062005996704,2.053344016457671,2.082062005996704,793800,0.0,0.0
1994-10-18 00:00:00-04:00,2.067702531814575,2.082061150953282,2.067702531814575,2.067702531814575,625050,0.0,0.0
1994-10-19 00:00:00-04:00,2.06770338096132,2.082062005996704,2.053344016457671,2.082062005996704,396900,0.0,0.0
1994-10-20 00:00:00-04:00,2.0964202880859375,2.1394968766206515,2.0964202880859375,2.0964202880859375,344925,0.0,0.0
1994-10-21 00:00:00-04:00,2.0964217214729115,2.1251397132873535,2.0964217214729115,2.1251397132873535,346275,0.0,0.0
1994-10-24 00:00:00-04:00,2.12513816376516,2.1538561346401948,2.11077880859375,2.11077880859375,610875,0.0,0.0
1994-10-25 00:00:00-04:00,2.0820610337613874,2.0820610337613874,2.0533430576324463,2.0533430576324463,362475,0.0,0.0
1994-10-26 00:00:00-04:00,2.06770338096132,2.0964215553674195,2.053344016457671,2.082062005996704,169425,0.0,0.0
1994-10-27 00:00:00-04:00,2.082060652851769,2.11077880859375,2.082060652851769,2.11077880859375,350325,0.0,0.0
1994-10-28 00:00:00-04:00,2.0964204498438064,2.1394970417022705,2.0964204498438064,2.1394970417022705,899775,0.0,0.0
1994-10-31 00:00:00-05:00,2.125139544906453,2.125139544906453,2.082062005996704,2.082062005996704,196425,0.0,0.0
1994-11-01 00:00:00-05:00,2.0820607473955333,2.0964202880859375,2.0677021310399013,2.0964202880859375,274050,0.0,0.0
1994-11-02 00:00:00-05:00,2.0964205764267976,2.0964205764267976,2.0389844393019354,2.0533430576324463,270675,0.0,0.0
1994-11-03 00:00:00-05:00,2.0677015475250586,2.0677015475250586,1.9959060827374988,2.0389835834503174,186300,0.0,0.0
1994-11-04 00:00:00-05:00,2.0389844393019354,2.0677024154308765,2.0389844393019354,2.0533430576324463,189675,0.0,0.0
1994-11-07 00:00:00-05:00,2.06770338096132,2.0964215553674195,2.06770338096132,2.082062005996704,364500,0.0,0.0
1994-11-08 00:00:00-05:00,2.0820607473955333,2.1107789044415695,2.0820607473955333,2.0964202880859375,197775,0.0,0.0
1994-11-09 00:00:00-05:00,2.0964196964667017,2.110778308770268,2.0389835834503174,2.0389835834503174,353700,0.0,0.0
1994-11-10 00:00:00-05:00,2.0533425964302237,2.067701951003393,1.9815478571007001,1.9959064722061157,319950,0.0,0.0
1994-11-11 00:00:00-05:00,1.995906975949961,1.995906975949961,1.9384708372296358,1.952830195426941,293625,0.0,0.0
1994-11-14 00:00:00-05:00,1.9528302510990945,2.067702531814575,1.9528302510990945,2.067702531814575,857250,0.0,0.0
1994-11-15 00:00:00-05:00,2.0533430576324463,2.0677024154308765,2.0389844393019354,2.0533430576324463,409725,0.0,0.0
1994-11-16 00:00:00-05:00,2.0389844393019354,2.0533430576324463,2.0389844393019354,2.0533430576324463,72225,0.0,0.0
1994-11-17 00:00:00-05:00,2.0533430576324463,2.0533430576324463,2.0389844393019354,2.0533430576324463,111375,0.0,0.0
1994-11-18 00:00:00-05:00,2.0533430576324463,2.0677024154308765,2.0533430576324463,2.0533430576324463,603450,0.0,0.0
1994-11-21 00:00:00-05:00,2.067702531814575,2.067702531814575,2.053343173207907,2.067702531814575,888975,0.0,0.0
1994-11-22 00:00:00-05:00,2.053342195753883,2.0677015475250586,2.0389835834503174,2.0389835834503174,585900,0.0,0.0
1994-11-23 00:00:00-05:00,2.038984126568331,2.0533427426965583,1.938470486065615,2.0246245861053467,476550,0.0,0.0
1994-11-25 00:00:00-05:00,2.0246248966365252,2.0533430576324463,2.0246248966365252,2.0533430576324463,69525,0.0,0.0
1994-11-28 00:00:00-05:00,2.053344016457671,2.082062005996704,2.053344016457671,2.082062005996704,1539000,0.0,0.0
1994-11-29 00:00:00-05:00,2.06770338096132,2.0964215553674195,2.053344016457671,2.082062005996704,254475,0.0,0.0
1994-11-30 00:00:00-05:00,2.067702098292591,2.0820607144208183,2.0246245861053467,2.0246245861053467,191025,0.0,0.0
1994-12-01 00:00:00-05:00,2.038984126568331,2.0533427426965583,2.0246245861053467,2.0246245861053467,104625,0.0,0.0
1994-12-02 00:00:00-05:00,1.9959069205075841,2.0533430576324463,1.9959069205075841,2.0533430576324463,155925,0.0,0.0
1994-12-05 00:00:00-05:00,2.045853306670517,2.06026029586792,2.045853306670517,2.06026029586792,470475,0.008889,0.0
1994-12-06 00:00:00-05:00,2.0458518009450475,2.0746665000915527,2.0458518009450475,2.0746665000915527,219375,0.0,0.0
1994-12-07 00:00:00-05:00,2.0602582051991107,2.0602582051991107,2.045851230621338,2.045851230621338,82350,0.0,0.0
1994-12-08 00:00:00-05:00,2.03144398045027,2.0602588662998333,1.9882223008896136,2.002629280090332,136350,0.0,0.0
1994-12-09 00:00:00-05:00,1.9738149710769373,1.9738149710769373,1.9305925369262698,1.9305925369262695,159300,0.0,0.0
1994-12-12 00:00:00-05:00,1.9738149269110352,2.0026298205368276,1.9738149269110352,1.9882228374481201,213300,0.0,0.0
1994-12-13 00:00:00-05:00,1.9882213140714105,1.9882213140714105,1.9738134145736694,1.9738134145736694,42525,0.0,0.0
1994-12-14 00:00:00-05:00,1.9882223008896136,2.045851887099115,1.9882223008896136,2.002629280090332,252450,0.0,0.0
1994-12-15 00:00:00-05:00,2.0170370012495518,2.0170370012495518,1.9738143942407687,2.002629280090332,143100,0.0,0.0
1994-12-16 00:00:00-05:00,2.0026291583202576,2.0026291583202576,1.9305918553317722,1.9449995756149292,385425,0.0,0.0
1994-12-19 00:00:00-05:00,1.9450000983060716,1.9450000983060716,1.858555793762207,1.858555793762207,545400,0.0,0.0
1994-12-20 00:00:00-05:00,1.8729628798441367,1.9305924812330781,1.8585558968486682,1.9161854982376099,178875,0.0,0.0
1994-12-21 00:00:00-05:00,1.9305925369262698,1.945000262296065,1.9161855535151926,1.9305925369262695,300375,0.0,0.0
1994-12-22 00:00:00-05:00,1.916184574910899,1.930591550964267,1.901776671409607,1.901776671409607,116775,0.0,0.0
1994-12-23 00:00:00-05:00,1.9161854982376096,1.9450002061872436,1.9161854982376096,1.9161854982376099,71550,0.0,0.0
1994-12-27 00:00:00-05:00,1.9305925369262698,1.9305925369262698,1.9305925369262698,1.9305925369262695,49950,0.0,0.0
1994-12-28 00:00:00-05:00,1.9161855535151926,1.9305925369262698,1.9161855535151926,1.9305925369262695,76950,0.0,0.0
1994-12-29 00:00:00-05:00,1.9305918553317722,1.9449995756149292,1.9305918553317722,1.9449995756149292,58050,0.0,0.0
1994-12-30 00:00:00-05:00,1.9449995756149292,1.9449995756149292,1.9161848770070717,1.9449995756149292,93150,0.0,0.0
1995-01-03 00:00:00-05:00,1.9450002061872436,1.9450002061872436,1.9017775877937704,1.9161854982376099,116100,0.0,0.0
1995-01-04 00:00:00-05:00,1.9017766923684725,1.9161845960285493,1.8729619979858396,1.8729619979858398,174825,0.0,0.0
1995-01-05 00:00:00-05:00,1.8729625114343615,1.8729625114343615,1.8297406435012817,1.8297406435012817,235575,0.0,0.0
1995-01-06 00:00:00-05:00,1.8297405832930875,1.8729624498039383,1.8297405832930875,1.8441475629806519,335475,0.0,0.0
1995-01-09 00:00:00-05:00,1.8297406435012817,1.8441476236629122,1.8297406435012817,1.8297406435012817,190350,0.0,0.0
1995-01-10 00:00:00-05:00,1.8441469201097078,1.9017764881769403,1.8441469201097078,1.8873695135116577,151875,0.0,0.0
1995-01-11 00:00:00-05:00,1.9017774823099796,1.9017774823099796,1.858555793762207,1.858555793762207,164700,0.0,0.0
1995-01-12 00:00:00-05:00,1.8729619979858396,1.8729619979858396,1.858555021773697,1.8729619979858398,216000,0.0,0.0
1995-01-13 00:00:00-05:00,1.8729628798441367,1.9161854982376096,1.8585558968486682,1.9161854982376099,270000,0.0,0.0
1995-01-16 00:00:00-05:00,1.9161843902900575,1.9305913649553401,1.887369513511658,1.8873695135116577,194400,0.0,0.0
1995-01-17 00:00:00-05:00,1.8729624498039383,1.8729624498039383,1.8297405832930875,1.8441475629806519,354375,0.0,0.0
1995-01-18 00:00:00-05:00,1.8441475629806519,1.8441475629806519,1.8297405832930875,1.8441475629806519,152550,0.0,0.0
1995-01-19 00:00:00-05:00,1.829740901921143,1.8729627759585794,1.829740901921143,1.858555793762207,390150,0.0,0.0
1995-01-20 00:00:00-05:00,1.8441471181136202,1.8729619979858396,1.8441471181136202,1.8729619979858398,101925,0.0,0.0
1995-01-23 00:00:00-05:00,1.858555470116374,1.858555470116374,1.8297405832930875,1.8441475629806519,95175,0.0,0.0
1995-01-24 00:00:00-05:00,1.858555470116374,1.858555470116374,1.8297405832930875,1.8441475629806519,303075,0.0,0.0
1995-01-25 00:00:00-05:00,1.8441475629806519,1.8729624498039383,1.8441475629806519,1.8441475629806519,482625,0.0,0.0
1995-01-26 00:00:00-05:00,1.858555793762207,1.858555793762207,1.829740901921143,1.858555793762207,237600,0.0,0.0
1995-01-27 00:00:00-05:00,1.8729627759585794,1.8873705001136074,1.8441478841175152,1.858555793762207,151875,0.0,0.0
1995-01-30 00:00:00-05:00,1.8441476236629122,1.858555531272731,1.8153329213811003,1.8297406435012817,351675,0.0,0.0
1995-01-31 00:00:00-05:00,1.829740901921143,1.858555793762207,1.815333177766115,1.858555793762207,412425,0.0,0.0
1995-02-01 00:00:00-05:00,1.8729617968881076,1.887369513511658,1.8441469201097078,1.8873695135116577,511650,0.0,0.0
1995-02-02 00:00:00-05:00,1.8873697161563299,1.9017766923684725,1.8729619979858396,1.8729619979858398,533250,0.0,0.0
1995-02-03 00:00:00-05:00,1.8873706047983019,1.9161854982376096,1.8873706047983019,1.9161854982376099,270675,0.0,0.0
1995-02-06 00:00:00-05:00,1.9305910145071794,1.9738134145736694,1.9305910145071794,1.9738134145736694,492075,0.0,0.0
1995-02-07 00:00:00-05:00,1.9738133256215364,2.045850779478926,1.9738133256215364,2.031442880630493,353025,0.0,0.0
1995-02-08 00:00:00-05:00,2.031443893408861,2.031443893408861,2.0170369148254395,2.0170369148254395,102600,0.0,0.0
1995-02-09 00:00:00-05:00,2.0314438949029423,2.0746665000915527,2.017036916308925,2.0746665000915527,288225,0.0,0.0
1995-02-10 00:00:00-05:00,2.0602584861097295,2.0890731811523438,2.0602584861097295,2.0890731811523438,625050,0.0,0.0
1995-02-13 00:00:00-05:00,2.0746657038911165,2.1178875505338843,2.0746657038911165,2.103480577468872,476550,0.0,0.0
1995-02-14 00:00:00-05:00,2.1178875505338843,2.1322952655570817,2.103480577468872,2.103480577468872,515025,0.0,0.0
1995-02-15 00:00:00-05:00,2.1034816213878327,2.132296323776245,2.1034816213878327,2.132296323776245,538650,0.0,0.0
1995-02-16 00:00:00-05:00,2.132296171768943,2.146703150956826,2.1034814714346752,2.1178884506225586,460350,0.0,0.0
1995-02-17 00:00:00-05:00,2.0890734786855703,2.0890734786855703,2.0746665000915527,2.0746665000915527,888975,0.0,0.0
1995-02-21 00:00:00-05:00,2.0602587780237913,2.0602587780237913,2.0170369148254395,2.0170369148254395,475200,0.0,0.0
1995-02-22 00:00:00-05:00,2.031445390024344,2.06026029586792,2.0170384008269417,2.06026029586792,477900,0.0,0.0
1995-02-23 00:00:00-05:00,2.0746680270243387,2.0746680270243387,2.06026029586792,2.06026029586792,4085775,0.0,0.0
1995-02-24 00:00:00-05:00,2.0746671473461467,2.0746671473461467,1.9882228374481201,1.9882228374481201,423900,0.0,0.0
1995-02-27 00:00:00-05:00,1.9738143942407687,2.045851887099115,1.9738143942407687,2.002629280090332,115425,0.0,0.0
1995-02-28 00:00:00-05:00,2.0026306696705225,2.06026029586792,2.0026306696705225,2.06026029586792,273375,0.0,0.0
1995-03-01 00:00:00-05:00,2.0602587780237913,2.0602587780237913,2.0170369148254395,2.0170369148254395,131625,0.0,0.0
1995-03-02 00:00:00-05:00,2.0170359092296852,2.031442880630493,2.0170359092296852,2.031442880630493,50625,0.0,0.0
1995-03-03 00:00:00-05:00,2.0170359092296852,2.045850779478926,2.0170359092296852,2.031442880630493,66150,0.0,0.0
1995-03-06 00:00:00-05:00,2.0602587780237913,2.0602587780237913,2.0170369148254395,2.0170369148254395,243000,0.0,0.0
1995-03-07 00:00:00-05:00,2.0170359092296852,2.060257750879734,2.0170359092296852,2.031442880630493,159975,0.0,0.0
1995-03-08 00:00:00-05:00,2.045850779478926,2.045850779478926,2.031442880630493,2.031442880630493,97200,0.0,0.0
1995-03-09 00:00:00-05:00,2.0458517994403698,2.0458517994403698,2.0170369148254395,2.0170369148254395,74925,0.0,0.0
1995-03-10 00:00:00-05:00,2.017036354017963,2.045851230621338,2.017036354017963,2.045851230621338,350325,0.0,0.0
1995-03-13 00:00:00-05:00,2.0383336544036865,2.067246266388166,2.0383336544036865,2.0383336544036865,190350,0.008889,0.0
1995-03-14 00:00:00-05:00,2.052790425692717,2.052790425692717,2.0383336544036865,2.0383336544036865,256500,0.0,0.0
1995-03-15 00:00:00-05:00,2.0383336544036865,2.052790425692717,2.0238778137082374,2.0383336544036865,240300,0.0,0.0
1995-03-16 00:00:00-05:00,2.0238778137082374,2.052790425692717,2.0238778137082374,2.0383336544036865,134325,0.0,0.0
1995-03-17 00:00:00-05:00,2.038335233205339,2.0672478675842285,2.038335233205339,2.0672478675842285,309150,0.0,0.0
1995-03-20 00:00:00-05:00,2.081703554247116,2.081703554247116,2.052791118621826,2.052791118621826,202500,0.0,0.0
1995-03-21 00:00:00-05:00,2.052791118621826,2.067246964196913,2.052791118621826,2.052791118621826,92475,0.0,0.0
1995-03-22 00:00:00-05:00,2.0527895044504896,2.0527895044504896,2.023876905441284,2.023876905441284,290925,0.0,0.0
1995-03-23 00:00:00-05:00,2.0383349196482756,2.0383349196482756,1.9949666261672974,1.9949666261672974,188325,0.0,0.0
1995-03-24 00:00:00-05:00,1.9949666261672974,2.009422475835848,1.9949666261672974,1.9949666261672974,196425,0.0,0.0
1995-03-27 00:00:00-05:00,1.9949666261672974,2.0238790699797256,1.9949666261672974,1.9949666261672974,645975,0.0,0.0
1995-03-28 00:00:00-05:00,1.994965387842474,2.0383336544036865,1.994965387842474,2.0383336544036865,202500,0.0,0.0
1995-03-29 00:00:00-05:00,2.052790425692717,2.067246266388166,2.0383336544036865,2.0383336544036865,356400,0.0,0.0
1995-03-30 00:00:00-05:00,2.038333515009074,2.096158548904862,2.038333515009074,2.081702709197998,481950,0.0,0.0
1995-03-31 00:00:00-05:00,2.0961601734161377,2.1106169549204363,2.081704322506078,2.0961601734161377,330750,0.0,0.0
1995-04-03 00:00:00-04:00,2.081702709197998,2.096158548904862,2.081702709197998,2.081702709197998,95175,0.0,0.0
1995-04-04 00:00:00-04:00,2.081702709197998,2.096158548904862,2.081702709197998,2.081702709197998,147150,0.0,0.0
1995-04-05 00:00:00-04:00,2.06724612501632,2.096158548904862,2.06724612501632,2.081702709197998,822150,0.0,0.0
1995-04-06 00:00:00-04:00,2.067246266388166,2.0817028515584806,2.0383336544036865,2.0383336544036865,433350,0.0,0.0
1995-04-07 00:00:00-04:00,2.0383336544036865,2.052790425692717,2.0383336544036865,2.0383336544036865,156600,0.0,0.0
1995-04-10 00:00:00-04:00,2.0383336544036865,2.0383336544036865,2.0238778137082374,2.0383336544036865,275400,0.0,0.0
1995-04-11 00:00:00-04:00,2.0238778137082374,2.0383336544036865,2.009421228537923,2.0383336544036865,276075,0.0,0.0
1995-04-12 00:00:00-04:00,2.0383336544036865,2.0383336544036865,2.0238778137082374,2.0383336544036865,214650,0.0,0.0
1995-04-13 00:00:00-04:00,2.0238778137082374,2.052790425692717,2.0238778137082374,2.0383336544036865,354375,0.0,0.0
1995-04-17 00:00:00-04:00,2.038332739649305,2.038332739649305,2.0094203267587325,2.023876905441284,133650,0.0,0.0
1995-04-18 00:00:00-04:00,2.0383345017117875,2.0383345017117875,1.9949662171229654,2.0094220638275146,112050,0.0,0.0
1995-04-19 00:00:00-04:00,2.0238790699797256,2.0238790699797256,1.9949666261672974,1.9949666261672974,207225,0.0,0.0
1995-04-20 00:00:00-04:00,2.00942146685666,2.00942146685666,1.9660530090332031,1.9660530090332031,180900,0.0,0.0
1995-04-21 00:00:00-04:00,1.9805098606906735,1.9805098606906735,1.9371408224105835,1.9371408224105835,170100,0.0,0.0
1995-04-24 00:00:00-04:00,1.9371408224105835,1.9515974166623913,1.9226849726341089,1.9371408224105835,3588300,0.0,0.0
1995-04-25 00:00:00-04:00,1.9371408224105835,1.9660540109141988,1.9082281922634678,1.9371408224105835,341550,0.0,0.0
1995-04-26 00:00:00-04:00,1.9371406675776865,1.9515972606739993,1.9082280397415161,1.9082280397415161,131625,0.0,0.0
1995-04-27 00:00:00-04:00,1.9082280397415161,1.9371406675776865,1.8937721911204768,1.9082280397415161,483300,0.0,0.0
1995-04-28 00:00:00-04:00,1.8937709305826196,1.8937709305826196,1.8648585081100464,1.8648585081100464,1599075,0.0,0.0
1995-05-01 00:00:00-04:00,1.8793140605099212,1.951595664024353,1.8793140605099212,1.951595664024353,240300,0.0,0.0
1995-05-02 00:00:00-04:00,1.9515974166623913,1.9949666410613145,1.9371408224105835,1.9371408224105835,166725,0.0,0.0
1995-05-03 00:00:00-04:00,1.9299111689481256,1.9299111689481256,1.8793140649795532,1.8793140649795532,258525,0.0,0.0
1995-05-04 00:00:00-04:00,1.8793148693318298,1.9371399164640597,1.8793148693318298,1.9226840734481812,151875,0.0,0.0
1995-05-05 00:00:00-04:00,1.9082280397415161,1.9226848189566472,1.9082280397415161,1.9082280397415161,182250,0.0,0.0
1995-05-08 00:00:00-04:00,1.9154570477458714,1.9371408224105835,1.9082281922634678,1.9371408224105835,202500,0.0,0.0
1995-05-09 00:00:00-04:00,1.9226848189566472,1.9226848189566472,1.9082280397415161,1.9082280397415161,193725,0.0,0.0
1995-05-10 00:00:00-04:00,1.879315598024164,1.9226848189566472,1.879315598024164,1.9082280397415161,385425,0.0,0.0
1995-05-11 00:00:00-04:00,1.9226832459609797,1.951595664024353,1.9226832459609797,1.951595664024353,120150,0.0,0.0
1995-05-12 00:00:00-04:00,1.9515968455904575,1.9949660572987784,1.9515968455904575,1.9805092811584473,198450,0.0,0.0
1995-05-15 00:00:00-04:00,1.9949660572987784,1.9949660572987784,1.9805092811584473,1.9805092811584473,147150,0.0,0.0
1995-05-16 00:00:00-04:00,1.9805094398244478,2.0383345017117875,1.9805094398244478,2.0094220638275146,406350,0.0,0.0
1995-05-17 00:00:00-04:00,2.009422475835848,2.0238790699797256,1.9949666261672974,1.9949666261672974,66150,0.0,0.0
1995-05-18 00:00:00-04:00,2.0094219028452156,2.0094219028452156,1.9805092811584473,1.9805092811584473,323325,0.0,0.0
1995-05-19 00:00:00-04:00,1.9805092811584473,2.0094219028452156,1.9660534356120098,1.9805092811584473,180900,0.0,0.0
1995-05-22 00:00:00-04:00,1.9660539962360377,2.009422475835848,1.9660539962360377,1.9949666261672974,83025,0.0,0.0
1995-05-23 00:00:00-04:00,1.9949666261672974,1.9949666261672974,1.980509845904588,1.9949666261672974,135000,0.0,0.0
1995-05-24 00:00:00-04:00,1.9949660572987784,1.9949660572987784,1.9805092811584473,1.9805092811584473,101925,0.0,0.0
1995-05-25 00:00:00-04:00,2.023876905441284,2.023876905441284,1.9949644925507117,2.023876905441284,255825,0.0,0.0
1995-05-26 00:00:00-04:00,2.0094219028452156,2.0094219028452156,1.9805092811584473,1.9805092811584473,31725,0.0,0.0
1995-05-30 00:00:00-04:00,1.980509845904588,1.9949666261672974,1.9660539962360377,1.9949666261672974,202500,0.0,0.0
1995-05-31 00:00:00-04:00,2.009422475835848,2.009422475835848,1.980509845904588,1.9949666261672974,178200,0.0,0.0
1995-06-01 00:00:00-04:00,2.038335233205339,2.0672478675842285,2.038335233205339,2.0672478675842285,322650,0.0,0.0
1995-06-02 00:00:00-04:00,2.0672475495795357,2.0672475495795357,1.9949666261672974,1.9949666261672974,72900,0.0,0.0
1995-06-05 00:00:00-04:00,1.9949662171229654,2.0238786550072385,1.9805094398244478,2.0094220638275146,303075,0.0,0.0
1995-06-06 00:00:00-04:00,2.052790425692717,2.052790425692717,2.0238778137082374,2.0383336544036865,100575,0.0,0.0
1995-06-07 00:00:00-04:00,2.038332739649305,2.0527895044504896,2.023876905441284,2.023876905441284,37125,0.0,0.0
1995-06-08 00:00:00-04:00,2.0094203267587325,2.023876905441284,2.0094203267587325,2.023876905441284,91800,0.0,0.0
1995-06-09 00:00:00-04:00,2.00942146685666,2.0238780537415355,1.9660530090332031,1.9660530090332031,275400,0.0,0.0
1995-06-12 00:00:00-04:00,1.9805092811584473,1.9949660572987784,1.9805092811584473,1.9805092811584473,166050,0.0,0.0
1995-06-13 00:00:00-04:00,1.9805094398244478,2.0094220638275146,1.9805094398244478,2.0094220638275146,193050,0.0,0.0
1995-06-14 00:00:00-04:00,2.016383828072051,2.016383828072051,1.972865104675293,1.972865104675293,82350,0.008889,0.0
1995-06-15 00:00:00-04:00,1.972867027866177,2.016385793685913,1.972867027866177,2.016385793685913,256500,0.0,0.0
1995-06-16 00:00:00-04:00,2.016383551440318,2.045396154233602,2.016383551440318,2.0308902263641357,172800,0.0,0.0
1995-06-19 00:00:00-04:00,2.030891109053943,2.0453970432281494,2.030891109053943,2.0453970432281494,91800,0.0,0.0
1995-06-20 00:00:00-04:00,2.030891528766653,2.0599043369293213,2.030891528766653,2.0599043369293213,180900,0.0,0.0
1995-06-21 00:00:00-04:00,2.045396154233602,2.0744089437904734,2.016383551440318,2.0308902263641357,235575,0.0,0.0
1995-06-22 00:00:00-04:00,2.030892484741348,2.030892484741348,2.016385793685913,2.016385793685913,351000,0.0,0.0
1995-06-23 00:00:00-04:00,2.030891109053943,2.0453970432281494,2.016384427825061,2.0453970432281494,227475,0.0,0.0
1995-06-26 00:00:00-04:00,2.0599047369670287,2.0889173640003005,2.045397863159161,2.0744106769561768,246375,0.0,0.0
1995-06-27 00:00:00-04:00,2.0744106769561768,2.0744106769561768,2.0599047369670287,2.0744106769561768,99225,0.0,0.0
1995-06-28 00:00:00-04:00,2.0744102741013863,2.0744102741013863,2.045397465938718,2.0599043369293213,233550,0.0,0.0
1995-06-29 00:00:00-04:00,2.0453970432281494,2.0744098453949067,2.0453970432281494,2.0453970432281494,104625,0.0,0.0
1995-06-30 00:00:00-04:00,2.052650257881874,2.088916778564453,2.052650257881874,2.088916778564453,87750,0.0,0.0
1995-07-03 00:00:00-04:00,2.0889169583282814,2.0889169583282814,2.045397465938718,2.0599043369293213,134325,0.0,0.0
1995-07-05 00:00:00-04:00,2.0599043369293213,2.0889169583282814,2.0599043369293213,2.0599043369293213,173475,0.0,0.0
1995-07-06 00:00:00-04:00,2.045397289920003,2.088916778564453,2.045397289920003,2.088916778564453,62100,0.0,0.0
1995-07-07 00:00:00-04:00,2.088916251896188,2.190460205688591,2.074409572575178,2.146941661834717,541350,0.0,0.0
1995-07-10 00:00:00-04:00,2.1324365608925646,2.1904618270163714,2.0889177980634916,2.1614491939544678,549450,0.0,0.0
1995-07-11 00:00:00-04:00,2.1469420034370454,2.1904605542152047,2.1324353218078613,2.1324353218078613,341550,0.0,0.0
1995-07-12 00:00:00-04:00,2.1324365608925646,2.1614491939544678,2.1324365608925646,2.1614491939544678,375975,0.0,0.0
1995-07-13 00:00:00-04:00,2.161447594101149,2.161447594101149,2.146941661834717,2.146941661834717,636525,0.0,0.0
1995-07-14 00:00:00-04:00,2.161447594101149,2.161447594101149,2.117929050247275,2.146941661834717,102600,0.0,0.0
1995-07-17 00:00:00-04:00,2.1324360872009507,2.262993654033063,2.1324360872009507,2.204968214035034,2452950,0.0,0.0
1995-07-18 00:00:00-04:00,2.204968214035034,2.2194741538161233,2.190461340435238,2.204968214035034,450225,0.0,0.0
1995-07-19 00:00:00-04:00,2.20496859073741,2.20496859073741,2.1469431408261674,2.1759557723999023,273375,0.0,0.0
1995-07-20 00:00:00-04:00,2.190460205078125,2.190460205078125,2.1759542728157357,2.190460205078125,928800,0.0,0.0
1995-07-21 00:00:00-04:00,2.1904617146592233,2.1904617146592233,2.1759557723999023,2.1759557723999023,172800,0.0,0.0
1995-07-24 00:00:00-04:00,2.175954273422159,2.175954273422159,2.146941661834717,2.146941661834717,206550,0.0,0.0
1995-07-25 00:00:00-04:00,2.1469432509510815,2.1614491939544678,2.1469432509510815,2.1614491939544678,312525,0.0,0.0
1995-07-26 00:00:00-04:00,2.161447280910527,2.161447280910527,2.1179287433624268,2.1179287433624268,259200,0.0,0.0
1995-07-27 00:00:00-04:00,2.13243467352697,2.13243467352697,2.1179287433624268,2.1179287433624268,253125,0.0,0.0
1995-07-28 00:00:00-04:00,2.1324353218078613,2.1469420034370454,2.0889165842660278,2.1324353218078613,345600,0.0,0.0
1995-07-31 00:00:00-04:00,2.1179307113092314,2.1179307113092314,2.088917890203815,2.103423833847046,5032125,0.0,0.0
1995-08-01 00:00:00-04:00,2.1034228955003464,2.1034228955003464,2.0599043369293213,2.0599043369293213,163350,0.0,0.0
1995-08-02 00:00:00-04:00,2.0599030159210074,2.0744089437904734,2.0308902263641357,2.0308902263641357,500850,0.0,0.0
1995-08-03 00:00:00-04:00,2.0163846710177524,2.088916778564453,2.0163846710177524,2.088916778564453,626400,0.0,0.0
1995-08-04 00:00:00-04:00,2.074410095585945,2.117929584230395,2.0599041596622025,2.088916778564453,500175,0.0,0.0
1995-08-07 00:00:00-04:00,2.0744102741013863,2.0889169583282814,2.0599043369293213,2.0599043369293213,263925,0.0,0.0
1995-08-08 00:00:00-04:00,2.045396154233602,2.0599030159210074,2.016383551440318,2.0308902263641357,724275,0.0,0.0
1995-08-09 00:00:00-04:00,2.016385236125889,2.1034233039894485,2.016385236125889,2.0744106769561768,344250,0.0,0.0
1995-08-10 00:00:00-04:00,2.0889169583282814,2.1034228955003464,2.0599043369293213,2.0599043369293213,242325,0.0,0.0
1995-08-11 00:00:00-04:00,2.0599043369293213,2.0889169583282814,2.0599043369293213,2.0599043369293213,112050,0.0,0.0
1995-08-14 00:00:00-04:00,2.0744106769561768,2.0744106769561768,2.030891923170013,2.0744106769561768,152550,0.0,0.0
1995-08-15 00:00:00-04:00,2.088916778564453,2.088916778564453,2.0599041596622025,2.088916778564453,139050,0.0,0.0
1995-08-16 00:00:00-04:00,2.0599043369293213,2.0744102741013863,2.0163848445397576,2.0599043369293213,423225,0.0,0.0
1995-08-17 00:00:00-04:00,2.0744092719962395,2.1179287433624268,2.0599033418316957,2.1179287433624268,330750,0.0,0.0
1995-08-18 00:00:00-04:00,2.132436654952462,2.132436654952462,2.088917890203815,2.103423833847046,271350,0.0,0.0
1995-08-21 00:00:00-04:00,2.088917890203815,2.1179307113092314,2.088917890203815,2.103423833847046,348300,0.0,0.0
1995-08-22 00:00:00-04:00,2.088916526623789,2.1034224607979946,2.016384427825061,2.0453970432281494,267975,0.0,0.0
1995-08-23 00:00:00-04:00,2.0308905476845216,2.1179287433624268,2.0308905476845216,2.1179287433624268,464400,0.0,0.0
1995-08-24 00:00:00-04:00,2.103423833847046,2.1179307113092314,2.088917890203815,2.103423833847046,123525,0.0,0.0
1995-08-25 00:00:00-04:00,2.103422714488195,2.103422714488195,2.074410095585945,2.088916778564453,102600,0.0,0.0
1995-08-28 00:00:00-04:00,2.0889169583282814,2.0889169583282814,2.045397465938718,2.0599043369293213,139050,0.0,0.0
1995-08-29 00:00:00-04:00,2.0453970432281494,2.0453970432281494,2.016384427825061,2.0453970432281494,110700,0.0,0.0
1995-08-30 00:00:00-04:00,2.030891109053943,2.0599039112207005,2.030891109053943,2.0453970432281494,324675,0.0,0.0
1995-08-31 00:00:00-04:00,2.045396154233602,2.045396154233602,2.016383551440318,2.0308902263641357,203175,0.0,0.0
1995-09-01 00:00:00-04:00,2.0308902263641357,2.045396154233602,2.016383551440318,2.0308902263641357,250425,0.0,0.0
1995-09-05 00:00:00-04:00,2.016383551440318,2.0744089437904734,2.001877623570852,2.0308902263641357,537975,0.0,0.0
1995-09-06 00:00:00-04:00,2.0599039112207005,2.0599039112207005,2.030891109053943,2.0453970432281494,256500,0.0,0.0
1995-09-07 00:00:00-04:00,2.0453978385074123,2.0453978385074123,1.9148402713762327,1.9873723983764648,474525,0.0,0.0
1995-09-08 00:00:00-04:00,1.98737297186643,2.016385793685913,1.98737297186643,2.016385793685913,369900,0.0,0.0
1995-09-11 00:00:00-04:00,2.016385793685913,2.030892484741348,2.0018798496856602,2.016385793685913,45900,0.0,0.0
1995-09-12 00:00:00-04:00,2.0018798496856602,2.016385793685913,1.98737297186643,2.016385793685913,146475,0.0,0.0
1995-09-13 00:00:00-04:00,2.037928581237793,2.0524847815773275,2.037928581237793,2.037928581237793,124875,0.008889,0.0
1995-09-14 00:00:00-04:00,2.0379289375481546,2.0379289375481546,1.9942586421966553,1.9942586421966553,147825,0.0,0.0
1995-09-15 00:00:00-04:00,2.0088157821355774,2.0088157821355774,1.9505885342560338,1.9942586421966553,347625,0.0,0.0
1995-09-18 00:00:00-04:00,1.9797030687332153,1.9942592762457068,1.965146111576974,1.9797030687332153,146475,0.0,0.0
1995-09-19 00:00:00-04:00,1.9797024393121225,1.9942586421966553,1.9797024393121225,1.9942586421966553,262575,0.0,0.0
1995-09-20 00:00:00-04:00,1.9797023010136854,1.9942585028813482,1.9651453495025635,1.9651453495025635,135675,0.0,0.0
1995-09-21 00:00:00-04:00,1.9797030118435481,1.9797030118435481,1.9360328912734985,1.9360328912734985,325350,0.0,0.0
1995-09-22 00:00:00-04:00,1.9505900144577026,1.9505900144577026,1.9360338005272135,1.9505900144577026,283500,0.0,0.0
1995-09-25 00:00:00-04:00,1.9505890983676961,1.9505890983676961,1.9214757471246406,1.9360328912734985,48600,0.0,0.0
1995-09-26 00:00:00-04:00,1.9214750854049865,1.9505884266219584,1.9069188833236694,1.9069188833236694,126900,0.0,0.0
1995-09-27 00:00:00-04:00,1.892362583292517,1.9360328912734985,1.8778063761983195,1.9360328912734985,301725,0.0,0.0
1995-09-28 00:00:00-04:00,1.9505890983676961,1.9505890983676961,1.9360328912734985,1.9360328912734985,68850,0.0,0.0
1995-09-29 00:00:00-04:00,1.9214751914325787,1.9942586421966553,1.9214751914325787,1.9942586421966553,432000,0.0,0.0
1995-10-02 00:00:00-04:00,1.9797024393121225,2.0088157821355774,1.9797024393121225,1.9942586421966553,641925,0.0,0.0
1995-10-03 00:00:00-04:00,2.008817306522921,2.008817306522921,1.9505900144577026,1.9505900144577026,256500,0.0,0.0
1995-10-04 00:00:00-04:00,1.9651469780322723,1.9797039416068418,1.9505900144577026,1.9505900144577026,265275,0.0,0.0
1995-10-05 00:00:00-04:00,1.9360338005272135,1.9651469780322723,1.9360338005272135,1.9505900144577026,369225,0.0,0.0
1995-10-06 00:00:00-04:00,1.9505891544207326,1.9797030687332153,1.9505891544207326,1.9797030687332153,350325,0.0,0.0
1995-10-09 00:00:00-04:00,1.9651469780322723,1.9651469780322723,1.9505900144577026,1.9505900144577026,120150,0.0,0.0
1995-10-10 00:00:00-04:00,1.9360338005272135,1.9651469780322723,1.9360338005272135,1.9505900144577026,405000,0.0,0.0
1995-10-11 00:00:00-04:00,1.9360323313715009,1.9942586421966553,1.9360323313715009,1.9942586421966553,89100,0.0,0.0
1995-10-12 00:00:00-04:00,2.008816957473755,2.0233731688749774,2.008816957473755,2.008816957473755,153900,0.0,0.0
1995-10-13 00:00:00-04:00,2.0088154309153436,2.037928581237793,2.0088154309153436,2.037928581237793,278100,0.0,0.0
1995-10-16 00:00:00-04:00,2.0379287718935095,2.067042112350464,2.0379287718935095,2.067042112350464,416475,0.0,0.0
1995-10-17 00:00:00-04:00,2.0815983140517846,2.0815983140517846,2.067042112350464,2.067042112350464,194400,0.0,0.0
1995-10-18 00:00:00-04:00,2.0670425538868704,2.0815987586975098,2.0670425538868704,2.0815987586975098,128250,0.0,0.0
1995-10-19 00:00:00-04:00,2.081597120842026,2.081597120842026,2.0524837970733643,2.0524837970733643,151875,0.0,0.0
1995-10-20 00:00:00-04:00,2.0670425538868704,2.110711917962399,2.0670425538868704,2.0815987586975098,406350,0.0,0.0
1995-10-23 00:00:00-04:00,2.067042112350464,2.0815983140517846,2.067042112350464,2.067042112350464,48600,0.0,0.0
1995-10-24 00:00:00-04:00,2.0670409274845833,2.0670409274845833,2.0379276037159215,2.0524837970733643,949050,0.0,0.0
1995-10-25 00:00:00-04:00,2.067042112350464,2.0815983140517846,2.067042112350464,2.067042112350464,103950,0.0,0.0
1995-10-26 00:00:00-04:00,2.067042112350464,2.067042112350464,2.0524849735948303,2.067042112350464,67500,0.0,0.0
1995-10-27 00:00:00-04:00,2.0524837970733643,2.0670409274845833,2.0524837970733643,2.0524837970733643,81000,0.0,0.0
1995-10-30 00:00:00-05:00,2.0670409274845833,2.0670409274845833,2.0524837970733643,2.0524837970733643,75600,0.0,0.0
1995-10-31 00:00:00-05:00,2.0670409274845833,2.081597120842026,2.0524837970733643,2.0524837970733643,385425,0.0,0.0
1995-11-01 00:00:00-05:00,2.067042112350464,2.0815983140517846,2.0524849735948303,2.067042112350464,685125,0.0,0.0
1995-11-02 00:00:00-05:00,2.0524854120217175,2.0815987586975098,2.0524854120217175,2.0815987586975098,265275,0.0,0.0
1995-11-03 00:00:00-05:00,2.0961558263281157,2.139825380172369,2.0815988710879014,2.1252691745758057,318600,0.0,0.0
1995-11-06 00:00:00-05:00,2.125268989171027,2.125268989171027,2.0961556434631348,2.0961556434631348,353700,0.0,0.0
1995-11-07 00:00:00-05:00,2.0961556434631348,2.0961556434631348,2.081598689492844,2.0961556434631348,49275,0.0,0.0
1995-11-08 00:00:00-05:00,2.0961552653965554,2.0961552653965554,2.067042112350464,2.067042112350464,28350,0.0,0.0
1995-11-09 00:00:00-05:00,2.067042112350464,2.067042112350464,2.0524849735948303,2.067042112350464,201825,0.0,0.0
1995-11-10 00:00:00-05:00,2.0670425538868704,2.110711917962399,2.0670425538868704,2.0815987586975098,193050,0.0,0.0
1995-11-13 00:00:00-05:00,2.0815983140517846,2.0961552653965554,2.067042112350464,2.067042112350464,192375,0.0,0.0
1995-11-14 00:00:00-05:00,2.0524849735948303,2.067042112350464,2.0524849735948303,2.067042112350464,127575,0.0,0.0
1995-11-15 00:00:00-05:00,2.0524849735948303,2.067042112350464,2.0524849735948303,2.067042112350464,172125,0.0,0.0
1995-11-16 00:00:00-05:00,2.067042112350464,2.0961552653965554,2.0524849735948303,2.067042112350464,253800,0.0,0.0
1995-11-17 00:00:00-05:00,2.0670425538868704,2.0815987586975098,2.0670425538868704,2.0815987586975098,87750,0.0,0.0
1995-11-20 00:00:00-05:00,2.0670425538868704,2.09615571315176,2.0670425538868704,2.0815987586975098,119475,0.0,0.0
1995-11-21 00:00:00-05:00,2.0815987586975098,2.0815987586975098,2.0670425538868704,2.0815987586975098,118125,0.0,0.0
1995-11-22 00:00:00-05:00,2.0815983140517846,2.0961552653965554,2.067042112350464,2.067042112350464,279450,0.0,0.0
1995-11-24 00:00:00-05:00,2.0961556434631348,2.11071184778984,2.0961556434631348,2.0961556434631348,26325,0.0,0.0
1995-11-27 00:00:00-05:00,2.0961556434631348,2.0961556434631348,2.081598689492844,2.0961556434631348,124875,0.0,0.0
1995-11-28 00:00:00-05:00,2.09615571315176,2.09615571315176,2.0815987586975098,2.0815987586975098,78975,0.0,0.0
1995-11-29 00:00:00-05:00,2.0961556434631348,2.0961556434631348,2.081598689492844,2.0961556434631348,46575,0.0,0.0
1995-11-30 00:00:00-05:00,2.09615406384249,2.09615406384249,2.023370660715458,2.0524837970733643,367875,0.0,0.0
1995-12-01 00:00:00-05:00,2.067042485166139,2.0961556434631348,2.052485343784952,2.0961556434631348,502875,0.0,0.0
1995-12-04 00:00:00-05:00,2.09615571315176,2.09615571315176,2.0524854120217175,2.0815987586975098,753300,0.0,0.0
1995-12-05 00:00:00-05:00,2.067042112350464,2.0815983140517846,2.0524849735948303,2.067042112350464,776250,0.0,0.0
1995-12-06 00:00:00-05:00,2.0740530490875244,2.0740530490875244,2.0740530490875244,2.0740530490875244,284850,0.008889,0.0
1995-12-07 00:00:00-05:00,2.0886586221144943,2.0886586221144943,2.0740530490875244,2.0740530490875244,2136375,0.0,0.0
1995-12-08 00:00:00-05:00,2.0886590480804443,2.0886590480804443,2.0740534720747794,2.0886590480804443,108675,0.0,0.0
1995-12-11 00:00:00-05:00,2.0740516461251715,2.0886572092724185,2.0594451427459717,2.0594451427459717,147150,0.0,0.0
1995-12-12 00:00:00-05:00,2.0448405742645264,2.0594461445163184,2.0448405742645264,2.0448405742645264,110700,0.0,0.0
1995-12-13 00:00:00-05:00,2.044840962800996,2.0740530490875244,2.044840962800996,2.0740530490875244,136350,0.0,0.0
1995-12-14 00:00:00-05:00,2.0740530490875244,2.0740530490875244,2.059446535827966,2.0740530490875244,78300,0.0,0.0
1995-12-15 00:00:00-05:00,2.0740534720747794,2.1032653762723332,2.0740534720747794,2.0886590480804443,421200,0.0,0.0
1995-12-18 00:00:00-05:00,2.0740534720747794,2.0886590480804443,2.0740534720747794,2.0886590480804443,84375,0.0,0.0
1995-12-19 00:00:00-05:00,2.0740534720747794,2.0886590480804443,2.0740534720747794,2.0886590480804443,174150,0.0,0.0
1995-12-20 00:00:00-05:00,2.0886586221144943,2.0886586221144943,2.0740530490875244,2.0740530490875244,130950,0.0,0.0
1995-12-21 00:00:00-05:00,2.0886589579304875,2.1178708608672077,2.0886589579304875,2.1032652854919434,250425,0.0,0.0
1995-12-22 00:00:00-05:00,2.1178717613220215,2.1178717613220215,2.103266179736907,2.1178717613220215,87750,0.0,0.0
1995-12-26 00:00:00-05:00,2.117869928534404,2.1616883277893066,2.117869928534404,2.1616883277893066,321975,0.0,0.0
1995-12-27 00:00:00-05:00,2.1616893752180704,2.190901279449463,2.1470830470092617,2.190901279449463,491400,0.0,0.0
1995-12-28 00:00:00-05:00,2.1909013679393285,2.2347190380096436,2.1909013679393285,2.2347190380096436,379350,0.0,0.0
1995-12-29 00:00:00-05:00,2.249325275958804,2.249325275958804,2.132477470986678,2.190901279449463,606825,0.0,0.0
1996-01-02 00:00:00-05:00,2.1762945652008057,2.1762945652008057,2.161688991769017,2.1762945652008057,276075,0.0,0.0
1996-01-03 00:00:00-05:00,2.1909002178663117,2.205505786811884,2.1616883277893066,2.1616883277893066,360450,0.0,0.0
1996-01-04 00:00:00-05:00,2.176295780082129,2.176295780082129,2.103266179736907,2.1178717613220215,320625,0.0,0.0
1996-01-05 00:00:00-05:00,2.1178717613220215,2.132478283140275,2.103266179736907,2.1178717613220215,623700,0.0,0.0
1996-01-08 00:00:00-05:00,2.117869928534404,2.1616883277893066,2.117869928534404,2.1616883277893066,25650,0.0,0.0
1996-01-09 00:00:00-05:00,2.161689668509719,2.161689668509719,2.1324777603149414,2.1324777603149414,31050,0.0,0.0
1996-01-10 00:00:00-05:00,2.1178708608672077,2.1178708608672077,2.0886589579304875,2.1032652854919434,414450,0.0,0.0
1996-01-11 00:00:00-05:00,2.0886589579304875,2.1032652854919434,2.0740533825552236,2.1032652854919434,186300,0.0,0.0
1996-01-12 00:00:00-05:00,2.0886582252523116,2.0886582252523116,2.030234251826807,2.0448405742645264,459000,0.0,0.0
1996-01-15 00:00:00-05:00,2.0594451427459717,2.0740516461251715,2.0448395795987246,2.0594451427459717,143100,0.0,0.0
1996-01-16 00:00:00-05:00,2.07405265500052,2.07405265500052,2.030234251826807,2.0448405742645264,922050,0.0,0.0
1996-01-17 00:00:00-05:00,2.0448395795987246,2.0594451427459717,1.9718093192594126,2.0594451427459717,588600,0.0,0.0
1996-01-18 00:00:00-05:00,2.0448395795987246,2.0594451427459717,2.0302332642659158,2.0594451427459717,449550,0.0,0.0
1996-01-19 00:00:00-05:00,2.0594451427459717,2.0594451427459717,2.0448395795987246,2.0594451427459717,184950,0.0,0.0
1996-01-22 00:00:00-05:00,2.044840962800996,2.0740530490875244,2.044840962800996,2.0740530490875244,294300,0.0,0.0
1996-01-23 00:00:00-05:00,2.0740516461251715,2.0740516461251715,2.0594451427459717,2.0594451427459717,91800,0.0,0.0
1996-01-24 00:00:00-05:00,2.0740516461251715,2.0740516461251715,2.0594451427459717,2.0594451427459717,278775,0.0,0.0
1996-01-25 00:00:00-05:00,2.0448405742645264,2.0594461445163184,2.0448405742645264,2.0448405742645264,199125,0.0,0.0
1996-01-26 00:00:00-05:00,2.044841778209654,2.044841778209654,1.9864177703857424,1.9864177703857422,677700,0.0,0.0
1996-01-29 00:00:00-05:00,2.0302346639516293,2.0302346639516293,1.9864170040691356,2.0010225772857666,551475,0.0,0.0
1996-01-30 00:00:00-05:00,2.001022476447179,2.0156289891603367,1.9718105792999268,1.9718105792999268,436725,0.0,0.0
1996-01-31 00:00:00-05:00,1.9718105792999268,1.986416903966574,1.942598682152675,1.9718105792999268,677025,0.0,0.0
1996-02-01 00:00:00-05:00,1.9718122284923472,1.9718122284923472,1.9279937819828852,1.957205891609192,270000,0.0,0.0
1996-02-02 00:00:00-05:00,1.9133874369700103,1.9572051138811166,1.8695690078725313,1.9425995349884033,1563300,0.0,0.0
1996-02-05 00:00:00-05:00,1.9572042546332797,1.9718105792999268,1.942598682152675,1.9718105792999268,317925,0.0,0.0
1996-02-06 00:00:00-05:00,1.9864177703857424,2.030235447172139,1.9718114393482273,1.9864177703857422,508950,0.0,0.0
1996-02-07 00:00:00-05:00,2.0010225772857666,2.0302346639516293,1.9864170040691356,2.0010225772857666,306450,0.0,0.0
1996-02-08 00:00:00-05:00,2.0010225772857666,2.0010225772857666,1.9864170040691356,2.0010225772857666,583875,0.0,0.0
1996-02-09 00:00:00-05:00,2.0010225772857666,2.0010225772857666,1.971810678666424,2.0010225772857666,307800,0.0,0.0
1996-02-12 00:00:00-05:00,1.9864177703857424,2.001023349236887,1.9718114393482273,1.9864177703857422,375300,0.0,0.0
1996-02-13 00:00:00-05:00,1.9864177703857424,2.001023349236887,1.9718114393482273,1.9864177703857422,265950,0.0,0.0
1996-02-14 00:00:00-05:00,1.986416903966574,1.986416903966574,1.9718105792999268,1.9718105792999268,336825,0.0,0.0
1996-02-15 00:00:00-05:00,1.9718122284923472,1.9864185653755027,1.957205891609192,1.957205891609192,207900,0.0,0.0
1996-02-16 00:00:00-05:00,1.92799301037546,1.9864177703857424,1.92799301037546,1.9864177703857422,349650,0.0,0.0
1996-02-20 00:00:00-05:00,1.986416903966574,1.986416903966574,1.9572042546332797,1.9718105792999268,290925,0.0,0.0
1996-02-21 00:00:00-05:00,1.9572051138811166,1.9572051138811166,1.942599534988403,1.9425995349884033,149850,0.0,0.0
1996-02-22 00:00:00-05:00,1.9572035782466186,2.030233860015869,1.9572035782466186,2.030233860015869,426600,0.0,0.0
1996-02-23 00:00:00-05:00,2.030233860015869,2.0448401796347433,1.9864162174843667,2.030233860015869,353025,0.0,0.0
1996-02-26 00:00:00-05:00,2.030236307083271,2.030236307083271,2.0010241967751643,2.0156307220458984,187650,0.0,0.0
1996-02-27 00:00:00-05:00,2.0010241967751643,2.0156307220458984,1.9864186117377916,2.0156307220458984,742500,0.0,0.0
1996-02-28 00:00:00-05:00,2.0156289891603367,2.0156289891603367,1.9718105792999268,1.9718105792999268,431325,0.0,0.0
1996-02-29 00:00:00-05:00,1.986417776039289,1.986417776039289,1.942599534988403,1.9425995349884033,203850,0.0,0.0
1996-03-01 00:00:00-05:00,1.957205108310712,2.001023349236887,1.957205108310712,1.9864177703857422,1074600,0.0,0.0
1996-03-04 00:00:00-05:00,2.0010221710908134,2.0448405742645264,2.0010221710908134,2.0448405742645264,211275,0.0,0.0
1996-03-05 00:00:00-05:00,2.0594451427459717,2.0740516461251715,2.0448395795987246,2.0594451427459717,125550,0.0,0.0
1996-03-06 00:00:00-05:00,2.0594457470678345,2.074052254733154,2.030233860015869,2.030233860015869,146475,0.0,0.0
1996-03-07 00:00:00-05:00,2.030236307083271,2.044842644307333,2.0156307220458984,2.0156307220458984,290925,0.0,0.0
1996-03-08 00:00:00-05:00,1.9864185653755027,1.9864185653755027,1.957205891609192,1.957205891609192,348300,0.0,0.0
1996-03-11 00:00:00-05:00,1.9572042546332797,1.986416903966574,1.9572042546332797,1.9718105792999268,136350,0.0,0.0
1996-03-12 00:00:00-05:00,1.986418152710327,2.0010237343725983,1.986418152710327,1.9918951988220215,2830275,0.0,0.0
1996-03-13 00:00:00-05:00,1.978774255606652,1.9934321641921995,1.978774255606652,1.9934321641921997,143775,0.008889,0.0
1996-03-14 00:00:00-05:00,1.9787744283676147,1.9934323382329013,1.9641165185023284,1.9787744283676147,691875,0.0,0.0
1996-03-15 00:00:00-05:00,1.978774255606652,1.9934321641921995,1.978774255606652,1.9934321641921997,325350,0.0,0.0
1996-03-18 00:00:00-05:00,2.00808952160695,2.037404775619507,2.00808952160695,2.037404775619507,227475,0.0,0.0
1996-03-19 00:00:00-05:00,2.0374068207206952,2.1106951236724854,2.0374068207206952,2.1106951236724854,619650,0.0,0.0
1996-03-20 00:00:00-05:00,2.096035378726026,2.096035378726026,2.081378221511841,2.081378221511841,122850,0.0,0.0
1996-03-21 00:00:00-05:00,2.096035378726026,2.096035378726026,2.081378221511841,2.081378221511841,184950,0.0,0.0
1996-03-22 00:00:00-05:00,2.081378221511841,2.081378221511841,2.081378221511841,2.081378221511841,43875,0.0,0.0
1996-03-25 00:00:00-05:00,2.081378108823995,2.081378108823995,2.052062852429465,2.0667200088500977,65475,0.0,0.0
1996-03-26 00:00:00-05:00,2.0520637035369873,2.0667208660367784,2.0227486236944796,2.0520637035369873,97875,0.0,0.0
1996-03-27 00:00:00-05:00,2.0374049411662205,2.081378108823995,2.0374049411662205,2.0667200088500977,89775,0.0,0.0
1996-03-28 00:00:00-05:00,2.0667208660367784,2.0667208660367784,2.0374057861942707,2.0520637035369873,230850,0.0,0.0
1996-03-29 00:00:00-05:00,2.0667200088500977,2.081378108823995,2.0374049411662205,2.0667200088500977,141075,0.0,0.0
1996-04-01 00:00:00-05:00,2.052062963530154,2.081378221511841,2.052062963530154,2.081378221511841,83700,0.0,0.0
1996-04-02 00:00:00-05:00,2.0667213965143985,2.096036672592163,2.0667213965143985,2.096036672592163,119475,0.0,0.0
1996-04-03 00:00:00-05:00,2.081380028944762,2.1400104071110357,2.081380028944762,2.1106951236724854,436050,0.0,0.0
1996-04-04 00:00:00-05:00,2.0960352652446277,2.0960352652446277,2.0667200088500977,2.0667200088500977,128925,0.0,0.0
1996-04-08 00:00:00-04:00,2.037404775619507,2.037404775619507,2.037404775619507,2.037404775619507,390150,0.0,0.0
1996-04-09 00:00:00-04:00,2.052062852429465,2.0667200088500977,2.0374049411662205,2.0667200088500977,124875,0.0,0.0
1996-04-10 00:00:00-04:00,2.0520637035369873,2.0667208660367784,2.0520637035369873,2.0520637035369873,268650,0.0,0.0
1996-04-11 00:00:00-04:00,2.0520637035369873,2.0667208660367784,2.0520637035369873,2.0520637035369873,55350,0.0,0.0
1996-04-12 00:00:00-04:00,2.0520642302524656,2.096036672592163,2.0520642302524656,2.096036672592163,147825,0.0,0.0
1996-04-15 00:00:00-04:00,2.0667213965143985,2.096036672592163,2.0667213965143985,2.096036672592163,105975,0.0,0.0
1996-04-16 00:00:00-04:00,2.081378221511841,2.096035378726026,2.0667201207443395,2.081378221511841,261900,0.0,0.0
1996-04-17 00:00:00-04:00,2.081378221511841,2.081378221511841,2.0667201207443395,2.081378221511841,298350,0.0,0.0
1996-04-18 00:00:00-04:00,2.081378221511841,2.081378221511841,2.0667201207443395,2.081378221511841,120150,0.0,0.0
1996-04-19 00:00:00-04:00,2.081378221511841,2.096035378726026,2.0667201207443395,2.081378221511841,113400,0.0,0.0
1996-04-22 00:00:00-04:00,2.110694593697215,2.1400098697749796,2.0667213965143985,2.096036672592163,554175,0.0,0.0
1996-04-23 00:00:00-04:00,2.110693176507872,2.110693176507872,2.0667200088500977,2.0667200088500977,320625,0.0,0.0
1996-04-24 00:00:00-04:00,2.066721538354183,2.1400100166445766,2.066721538354183,2.125351905822754,321300,0.0,0.0
1996-04-25 00:00:00-04:00,2.125351130024938,2.21329655477047,2.1106939681072507,2.198639392852783,510300,0.0,0.0
1996-04-26 00:00:00-04:00,2.21329601327868,2.21329601327868,2.183980941772461,2.183980941772461,210600,0.0,0.0
1996-04-29 00:00:00-04:00,2.18398167632089,2.2719271091293103,2.169324513059426,2.227954864501953,594675,0.0,0.0
1996-04-30 00:00:00-04:00,2.213295971496974,2.27192630211329,2.213295971496974,2.2572691440582275,342225,0.0,0.0
1996-05-01 00:00:00-04:00,2.2572700422194822,2.2572700422194822,2.227954959602274,2.24261212348938,272700,0.0,0.0
1996-05-02 00:00:00-04:00,2.227954864501953,2.242612027763417,2.227954864501953,2.227954864501953,180225,0.0,0.0
1996-05-03 00:00:00-04:00,2.242611273495577,2.242611273495577,2.183980941772461,2.183980941772461,135675,0.0,0.0
1996-05-06 00:00:00-04:00,2.198639594425319,2.227954864501953,2.198639594425319,2.227954864501953,1763100,0.0,0.0
1996-05-07 00:00:00-04:00,2.242612027763417,2.242612027763417,2.227954864501953,2.227954864501953,276750,0.0,0.0
1996-05-08 00:00:00-04:00,2.2132967576867832,2.227954864501953,2.198639594425319,2.227954864501953,494100,0.0,0.0
1996-05-09 00:00:00-04:00,2.2132967576867832,2.227954864501953,2.2132967576867832,2.227954864501953,183600,0.0,0.0
1996-05-10 00:00:00-04:00,2.2279540731054066,2.2572691440582275,2.2279540731054066,2.2572691440582275,342225,0.0,0.0
1996-05-13 00:00:00-04:00,2.2572691440582275,2.2572691440582275,2.242611231160469,2.2572691440582275,216675,0.0,0.0
1996-05-14 00:00:00-04:00,2.2719265620632996,2.374530076980591,2.2719265620632996,2.374530076980591,517050,0.0,0.0
1996-05-15 00:00:00-04:00,2.374530157469265,2.374530157469265,2.315899818157191,2.345215082168579,467775,0.0,0.0
1996-05-16 00:00:00-04:00,2.330557284616029,2.4038455486297607,2.330557284616029,2.4038455486297607,340200,0.0,0.0
1996-05-17 00:00:00-04:00,2.403846221052443,2.433161497116089,2.403846221052443,2.433161497116089,372600,0.0,0.0
1996-05-20 00:00:00-04:00,2.433161497116089,2.447819418214081,2.4185043308612153,2.433161497116089,505575,0.0,0.0
1996-05-21 00:00:00-04:00,2.447818328880184,2.447818328880184,2.374530076980591,2.374530076980591,214650,0.0,0.0
1996-05-22 00:00:00-04:00,2.3891893794281702,2.3891893794281702,2.345216365002488,2.3598735332489014,95850,0.0,0.0
1996-05-23 00:00:00-04:00,2.330557284616029,2.433160816493108,2.330557284616029,2.4038455486297607,407700,0.0,0.0
1996-05-24 00:00:00-04:00,2.4038449440140854,2.433160204504051,2.389187785545801,2.4185030460357666,228825,0.0,0.0
1996-05-28 00:00:00-04:00,2.4185037976615162,2.4185037976615162,2.389188528060913,2.389188528060913,64125,0.0,0.0
1996-05-29 00:00:00-04:00,2.389189054797569,2.433161497116089,2.389189054797569,2.433161497116089,819450,0.0,0.0
1996-05-30 00:00:00-04:00,2.4185033033282273,2.462475538253784,2.4185033033282273,2.462475538253784,447525,0.0,0.0
1996-05-31 00:00:00-04:00,2.4771340018178383,2.535764348844779,2.4771340018178383,2.521106243133545,456300,0.0,0.0
1996-06-03 00:00:00-04:00,2.550422337961121,2.550422337961121,2.521107060586989,2.5357651710510254,341550,0.0,0.0
1996-06-04 00:00:00-04:00,2.565079931300341,2.6090521812438965,2.5504220114237857,2.6090521812438965,689850,0.0,0.0
1996-06-05 00:00:00-04:00,2.6090533411801884,2.6090533411801884,2.5504231452941895,2.5504231452941895,367200,0.0,0.0
1996-06-06 00:00:00-04:00,2.5797367095947266,2.5797367095947266,2.5504216290794175,2.5797367095947266,537975,0.0,0.0
1996-06-07 00:00:00-04:00,2.5504214503071716,2.5943944454193115,2.5504214503071716,2.5943944454193115,463050,0.0,0.0
1996-06-10 00:00:00-04:00,2.565081071687385,2.565081071687385,2.5357659737443856,2.5504231452941895,365850,0.0,0.0
1996-06-11 00:00:00-04:00,2.565079689025879,2.565079689025879,2.5357646068846638,2.565079689025879,163350,0.0,0.0
1996-06-12 00:00:00-04:00,2.5574371102486353,2.5868328281742397,2.5427396297454834,2.5427396297454834,473175,0.008889,0.0
1996-06-13 00:00:00-04:00,2.5427378719048144,2.5427378719048144,2.4986437578099916,2.5280394554138184,389475,0.0,0.0
1996-06-14 00:00:00-04:00,2.542738719165137,2.5574361944049757,2.4986445903778076,2.4986445903778076,268650,0.0,0.0
1996-06-17 00:00:00-04:00,2.498644993096372,2.498644993096372,2.483947515487671,2.483947515487671,210600,0.0,0.0
1996-06-18 00:00:00-04:00,2.4839471151379695,2.4986445903778076,2.4692486937493454,2.4986445903778076,288900,0.0,0.0
1996-06-19 00:00:00-04:00,2.5133423805236816,2.5133423805236816,2.4839466782946986,2.5133423805236816,345600,0.0,0.0
1996-06-20 00:00:00-04:00,2.5133423805236816,2.5133423805236816,2.4986441509497426,2.5133423805236816,93150,0.0,0.0
1996-06-21 00:00:00-04:00,2.483947515487671,2.498644993096372,2.483947515487671,2.483947515487671,189675,0.0,0.0
1996-06-24 00:00:00-04:00,2.4986437578099916,2.5280394554138184,2.4839462874674663,2.5280394554138184,133650,0.0,0.0
1996-06-25 00:00:00-04:00,2.5427387523667124,2.5721344601492495,2.5427387523667124,2.557436227798462,140400,0.0,0.0
1996-06-26 00:00:00-04:00,2.572133514317689,2.572133514317689,2.469247817993164,2.469247817993164,103275,0.0,0.0
1996-06-27 00:00:00-04:00,2.469247817993164,2.483946234168772,2.469247817993164,2.469247817993164,339525,0.0,0.0
1996-06-28 00:00:00-04:00,2.4692478709764707,2.5574353422473397,2.4692478709764707,2.5280394554138184,504900,0.0,0.0
1996-07-01 00:00:00-04:00,2.5427396297454834,2.5427396297454834,2.5133437225900543,2.5427396297454834,397575,0.0,0.0
1996-07-02 00:00:00-04:00,2.5427378719048144,2.5427378719048144,2.5133419850712935,2.5280394554138184,146475,0.0,0.0
1996-07-03 00:00:00-04:00,2.513342822536675,2.528040297776513,2.4986445903778076,2.4986445903778076,76950,0.0,0.0
1996-07-05 00:00:00-04:00,2.4986455626402364,2.51334380051842,2.454552173614502,2.454552173614502,81675,0.0,0.0
1996-07-08 00:00:00-04:00,2.4545513486051687,2.4545513486051687,2.4104572174807704,2.4251556396484375,189675,0.0,0.0
1996-07-09 00:00:00-04:00,2.3957597529892887,2.3957597529892887,2.351665810882497,2.366363286972046,218700,0.0,0.0
1996-07-10 00:00:00-04:00,2.3516647244141993,2.3516647244141993,2.2781747287020537,2.2928731441497803,339525,0.0,0.0
1996-07-11 00:00:00-04:00,2.2781747287020537,2.3369663089664723,2.2487790331846846,2.2928731441497803,227475,0.0,0.0
1996-07-12 00:00:00-04:00,2.307573341867587,2.3369690721417506,2.2928758551903132,2.3222715854644775,227475,0.0,0.0
1996-07-15 00:00:00-04:00,2.3222691315472694,2.3810607192010536,2.3222691315472694,2.3516650199890137,646650,0.0,0.0
1996-07-16 00:00:00-04:00,2.3369690721417506,2.3369690721417506,2.2928758551903132,2.3222715854644775,598050,0.0,0.0
1996-07-17 00:00:00-04:00,2.3222691315472694,2.3516650199890137,2.3222691315472694,2.3516650199890137,76275,0.0,0.0
1996-07-18 00:00:00-04:00,2.3516650199890137,2.3957589472664824,2.3516650199890137,2.3516650199890137,192375,0.0,0.0
1996-07-19 00:00:00-04:00,2.3516651712465073,2.3516651712465073,2.3369667530059814,2.3369667530059814,36450,0.0,0.0
1996-07-22 00:00:00-04:00,2.322269641252907,2.336967115625408,2.2487798094037057,2.2634780406951904,177525,0.0,0.0
1996-07-23 00:00:00-04:00,2.2928743588648097,2.2928743588648097,2.189988613128662,2.189988613128662,310500,0.0,0.0
1996-07-24 00:00:00-04:00,2.204686847133513,2.204686847133513,2.1458954249523563,2.189988613128662,322650,0.0,0.0
1996-07-25 00:00:00-04:00,2.204686717200875,2.2340826157887945,2.1899884840622605,2.21938419342041,143100,0.0,0.0
1996-07-26 00:00:00-04:00,2.204686164855957,2.219383637393302,2.204686164855957,2.204686164855957,159300,0.0,0.0
1996-07-29 00:00:00-04:00,2.21938432421924,2.21938432421924,2.175291136042935,2.189988613128662,353025,0.0,0.0
1996-07-30 00:00:00-04:00,2.1899878178943717,2.1899878178943717,2.17529034614563,2.17529034614563,198450,0.0,0.0
1996-07-31 00:00:00-04:00,2.175291136042935,2.189988613128662,2.1605929020380836,2.189988613128662,724275,0.0,0.0
1996-08-01 00:00:00-04:00,2.204686046561962,2.204686046561962,2.160592117478039,2.17529034614563,357750,0.0,0.0
1996-08-02 00:00:00-04:00,2.2046868726332396,2.2487802505493164,2.2046868726332396,2.2487802505493164,243000,0.0,0.0
1996-08-05 00:00:00-04:00,2.27817702293396,2.27817702293396,2.27817702293396,2.27817702293396,150525,0.0,0.0
1996-08-06 00:00:00-04:00,2.26347913393967,2.2781766154109504,2.234083414077759,2.234083414077759,218700,0.0,0.0
1996-08-07 00:00:00-04:00,2.234082335031205,2.2634780406951904,2.2193839145099745,2.2634780406951904,269325,0.0,0.0
1996-08-08 00:00:00-04:00,2.2487798094037057,2.2634780406951904,2.234082335031205,2.2634780406951904,141075,0.0,0.0
1996-08-09 00:00:00-04:00,2.2781766154109504,2.2781766154109504,2.234083414077759,2.234083414077759,71550,0.0,0.0
1996-08-12 00:00:00-04:00,2.2340826157887945,2.2340826157887945,2.21938419342041,2.21938419342041,406350,0.0,0.0
1996-08-13 00:00:00-04:00,2.219384986457291,2.234083414077759,2.219384986457291,2.234083414077759,148500,0.0,0.0
1996-08-14 00:00:00-04:00,2.234083414077759,2.234083414077759,2.219384986457291,2.234083414077759,66825,0.0,0.0
1996-08-15 00:00:00-04:00,2.2193843498889603,2.2634784847241693,2.2046868726332396,2.2487802505493164,198450,0.0,0.0
1996-08-16 00:00:00-04:00,2.2487812978137067,2.2928754531837003,2.2487812978137067,2.27817702293396,50625,0.0,0.0
1996-08-19 00:00:00-04:00,2.27817596197989,2.27817596197989,2.2487802505493164,2.2487802505493164,23625,0.0,0.0
1996-08-20 00:00:00-04:00,2.2487802505493164,2.2634784847241693,2.2487802505493164,2.2487802505493164,50625,0.0,0.0
1996-08-21 00:00:00-04:00,2.234082773293596,2.2487802505493164,2.2193843498889603,2.2487802505493164,213975,0.0,0.0
1996-08-22 00:00:00-04:00,2.2487798094037057,2.2634780406951904,2.234082335031205,2.2634780406951904,68175,0.0,0.0
1996-08-23 00:00:00-04:00,2.2487798094037057,2.2634780406951904,2.2487798094037057,2.2634780406951904,39150,0.0,0.0
1996-08-26 00:00:00-04:00,2.234082335031205,2.2781755150676912,2.234082335031205,2.2634780406951904,148500,0.0,0.0
1996-08-27 00:00:00-04:00,2.2634772594027304,2.307570613449103,2.2634772594027304,2.2928731441497803,175500,0.0,0.0
1996-08-28 00:00:00-04:00,2.2928739355889216,2.2928739355889216,2.2634780406951904,2.2634780406951904,84375,0.0,0.0
1996-08-29 00:00:00-04:00,2.278177422363518,2.3369690721417506,2.278177422363518,2.3222715854644775,156600,0.0,0.0
1996-08-30 00:00:00-04:00,2.2928754531837003,2.3222711783039536,2.2634795388335758,2.27817702293396,140400,0.0,0.0
1996-09-03 00:00:00-04:00,2.2781747287020537,2.2928731441497803,2.2634772594027304,2.2928731441497803,40500,0.0,0.0
1996-09-04 00:00:00-04:00,2.307570613449103,2.3222688396671494,2.2928731441497803,2.2928731441497803,85050,0.0,0.0
1996-09-05 00:00:00-04:00,2.307572603225708,2.307572603225708,2.2928751212530214,2.307572603225708,47925,0.0,0.0
1996-09-06 00:00:00-04:00,2.2928731441497803,2.3002218787994417,2.2928731441497803,2.2928731441497803,53325,0.0,0.0
1996-09-09 00:00:00-04:00,2.2928735798112876,2.3369667530059814,2.2928735798112876,2.3369667530059814,172125,0.0,0.0
1996-09-10 00:00:00-04:00,2.3222691315472694,2.3516650199890137,2.3222691315472694,2.3516650199890137,166050,0.0,0.0
1996-09-11 00:00:00-04:00,2.351665810882497,2.366363286972046,2.351665810882497,2.366363286972046,37125,0.0,0.0
1996-09-12 00:00:00-04:00,2.3586978867191166,2.3881814964257377,2.343955512478967,2.373439311981201,139725,0.008889,0.0
1996-09-13 00:00:00-04:00,2.373439311981201,2.3881814964257377,2.373439311981201,2.373439311981201,47250,0.0,0.0
1996-09-16 00:00:00-04:00,2.358699585739432,2.358699585739432,2.3292157649993896,2.3292157649993896,197775,0.0,0.0
1996-09-17 00:00:00-04:00,2.329215365207259,2.329215365207259,2.270247923644237,2.284989356994629,78300,0.0,0.0
1996-09-18 00:00:00-04:00,2.2849893367425924,2.329215344563244,2.2702479035228547,2.3144731521606445,102600,0.0,0.0
1996-09-19 00:00:00-04:00,2.2997317393236067,2.2997317393236067,2.270247923644237,2.284989356994629,328725,0.0,0.0
1996-09-20 00:00:00-04:00,2.255504559281806,2.270246744155884,2.2407631335902027,2.270246744155884,548775,0.0,0.0
1996-09-23 00:00:00-04:00,2.2555043697357178,2.2555043697357178,2.240762945282941,2.2555043697357178,297675,0.0,0.0
1996-09-24 00:00:00-04:00,2.2407629517930787,2.255504376288684,2.2112791538238525,2.2112791538238525,324675,0.0,0.0
1996-09-25 00:00:00-04:00,2.18179554565023,2.2260205783194578,2.18179554565023,2.2112791538238525,2284200,0.0,0.0
1996-09-26 00:00:00-04:00,2.2112804820812144,2.3144731726739987,2.2112804820812144,2.284989356994629,231525,0.0,0.0
1996-09-27 00:00:00-04:00,2.2849897491957005,2.3292157649993896,2.2702483133150535,2.3292157649993896,275400,0.0,0.0
1996-09-30 00:00:00-04:00,2.329214461128238,2.329214461128238,2.2260210514068604,2.2260210514068604,181575,0.0,0.0
1996-10-01 00:00:00-04:00,2.2260210514068604,2.255504855642162,2.2112796237783185,2.2260210514068604,263925,0.0,0.0
1996-10-02 00:00:00-04:00,2.2555057311109765,2.284989356994629,2.2555057311109765,2.284989356994629,81000,0.0,0.0
1996-10-03 00:00:00-04:00,2.2702465599667017,2.2702465599667017,2.18179554565023,2.2112791538238525,627750,0.0,0.0
1996-10-04 00:00:00-04:00,2.2112803274649493,2.255505573402411,2.1965381359624865,2.2407641410827637,206550,0.0,0.0
1996-10-07 00:00:00-04:00,2.255505573402411,2.270247764904874,2.2407641410827637,2.2407641410827637,513675,0.0,0.0
1996-10-08 00:00:00-04:00,2.24076342801362,2.24076342801362,2.2112796237783185,2.2260210514068604,193725,0.0,0.0
1996-10-09 00:00:00-04:00,2.2112791538238525,2.2407629517930787,2.2112791538238525,2.2112791538238525,139725,0.0,0.0
1996-10-10 00:00:00-04:00,2.2112803274649493,2.2407641410827637,2.2112803274649493,2.2407641410827637,137700,0.0,0.0
1996-10-11 00:00:00-04:00,2.24076342801362,2.24076342801362,2.2260210514068604,2.2260210514068604,656100,0.0,0.0
1996-10-14 00:00:00-04:00,2.226020387536726,2.226020387536726,2.181795358657837,2.181795358657837,307800,0.0,0.0
1996-10-15 00:00:00-04:00,2.18179637971874,2.196537809849776,2.137570381164551,2.137570381164551,633825,0.0,0.0
1996-10-16 00:00:00-04:00,2.137570139721903,2.1523125171661377,2.093345095141396,2.1523125171661377,489375,0.0,0.0
1996-10-17 00:00:00-04:00,2.152311937476607,2.2112791538238525,2.137569564002986,2.2112791538238525,168750,0.0,0.0
1996-10-18 00:00:00-04:00,2.2112803274649493,2.2407641410827637,2.1965381359624865,2.2407641410827637,161325,0.0,0.0
1996-10-21 00:00:00-04:00,2.2555057111202554,2.3439567777829815,2.2407642779005177,2.3144731521606445,1110375,0.0,0.0
1996-10-22 00:00:00-04:00,2.2997317393236067,2.3144731726739987,2.284989356994629,2.284989356994629,708075,0.0,0.0
1996-10-23 00:00:00-04:00,2.284987642655983,2.3439550399780273,2.284987642655983,2.3439550399780273,207225,0.0,0.0
1996-10-24 00:00:00-04:00,2.3292157649993896,2.3292157649993896,2.2997321340550965,2.3292157649993896,384750,0.0,0.0
1996-10-25 00:00:00-04:00,2.329215365207259,2.329215365207259,2.2555057311109765,2.284989356994629,372600,0.0,0.0
1996-10-28 00:00:00-05:00,2.284988169847487,2.284988169847487,2.270246744155884,2.270246744155884,121500,0.0,0.0
1996-10-29 00:00:00-05:00,2.3144723179444595,2.3881819248199463,2.3144723179444595,2.3881819248199463,515025,0.0,0.0
1996-10-30 00:00:00-05:00,2.3881819248199463,2.3881819248199463,2.3734397377309433,2.3881819248199463,349650,0.0,0.0
1996-10-31 00:00:00-05:00,2.3881810150096037,2.3881810150096037,2.3439550399780273,2.3439550399780273,454950,0.0,0.0
1996-11-01 00:00:00-05:00,2.329213856238325,2.3586976528167725,2.31447167325571,2.3586976528167725,194400,0.0,0.0
1996-11-04 00:00:00-05:00,2.3144735699357435,2.3439572008800367,2.3144735699357435,2.3292157649993896,168750,0.0,0.0
1996-11-05 00:00:00-05:00,2.3439572008800367,2.358699585739432,2.2997321340550965,2.3292157649993896,364500,0.0,0.0
1996-11-06 00:00:00-05:00,2.3292140872168825,2.373439311981201,2.3292140872168825,2.373439311981201,272700,0.0,0.0
1996-11-07 00:00:00-05:00,2.358698309824528,2.3881819248199463,2.358698309824528,2.3881819248199463,187650,0.0,0.0
1996-11-08 00:00:00-05:00,2.3881814964257377,2.4029236808702743,2.3586978867191166,2.373439311981201,271350,0.0,0.0
1996-11-11 00:00:00-05:00,2.3881819248199463,2.4029241119089497,2.3734397377309433,2.3881819248199463,378675,0.0,0.0
1996-11-12 00:00:00-05:00,2.3881814001342434,2.402923583984375,2.373439216284112,2.402923583984375,96525,0.0,0.0
1996-11-13 00:00:00-05:00,2.3881819248199463,2.4029241119089497,2.3881819248199463,2.3881819248199463,103950,0.0,0.0
1996-11-14 00:00:00-05:00,2.3881819248199463,2.4029241119089497,2.3734397377309433,2.3881819248199463,125550,0.0,0.0
1996-11-15 00:00:00-05:00,2.3881811607491636,2.4324071384796455,2.3881811607491636,2.4176647663116455,309825,0.0,0.0
1996-11-18 00:00:00-05:00,2.4176647663116455,2.4324071384796455,2.4029233431215773,2.4176647663116455,145800,0.0,0.0
1996-11-19 00:00:00-05:00,2.4029241119089497,2.4029241119089497,2.3734397377309433,2.3881819248199463,69525,0.0,0.0
1996-11-20 00:00:00-05:00,2.3734389783767504,2.4176647663116455,2.3586975551866822,2.4176647663116455,206550,0.0,0.0
1996-11-21 00:00:00-05:00,2.417665539815365,2.417665539815365,2.3881819248199463,2.3881819248199463,132300,0.0,0.0
1996-11-22 00:00:00-05:00,2.3881814964257377,2.3881814964257377,2.314471902772346,2.373439311981201,272700,0.0,0.0
1996-11-25 00:00:00-05:00,2.3586978867191166,2.373439311981201,2.343955512478967,2.373439311981201,155925,0.0,0.0
1996-11-26 00:00:00-05:00,2.3734405424548877,2.4618923664093018,2.3586991095503342,2.4618923664093018,305775,0.0,0.0
1996-11-27 00:00:00-05:00,2.4471478065052117,2.4766314029693604,2.4471478065052117,2.4766314029693604,115425,0.0,0.0
1996-11-29 00:00:00-05:00,2.4766323542255075,2.5503421328793707,2.4766323542255075,2.5061161518096924,127575,0.0,0.0
1996-12-02 00:00:00-05:00,2.535599232211098,2.535599232211098,2.491374209317923,2.520857810974121,365850,0.0,0.0
1996-12-03 00:00:00-05:00,2.491373770588018,2.520857367052167,2.4766314029693604,2.4766314029693604,213975,0.0,0.0
1996-12-04 00:00:00-05:00,2.4766323542255075,2.5061161518096924,2.4766323542255075,2.5061161518096924,226125,0.0,0.0
1996-12-05 00:00:00-05:00,2.513212243548483,2.527996169666842,2.483644962310791,2.483644962310791,47925,0.008889,0.0
1996-12-06 00:00:00-05:00,2.409727881476973,2.409727881476973,2.365376856059508,2.394943952560425,342900,0.0,0.0
1996-12-09 00:00:00-05:00,2.394943499263734,2.498429078762159,2.380159573145375,2.483644962310791,388125,0.0,0.0
1996-12-10 00:00:00-05:00,2.4836453262151776,2.52799654006958,2.4836453262151776,2.52799654006958,113400,0.0,0.0
1996-12-11 00:00:00-05:00,2.483645417657598,2.498429536819458,2.4688622501609565,2.498429536819458,342225,0.0,0.0
1996-12-12 00:00:00-05:00,2.483645417657598,2.498429536819458,2.483645417657598,2.498429536819458,103950,0.0,0.0
1996-12-13 00:00:00-05:00,2.4836457748946703,2.4836457748946703,2.4540786743164062,2.4540786743164062,61425,0.0,0.0
1996-12-16 00:00:00-05:00,2.454078993369388,2.454078993369388,2.3949445941917697,2.409728527069092,79650,0.0,0.0
1996-12-17 00:00:00-05:00,2.3949445941917697,2.424511698614031,2.3801606613144477,2.409728527069092,460350,0.0,0.0
1996-12-18 00:00:00-05:00,2.3949445941917697,2.439295821824449,2.3801606613144477,2.409728527069092,322650,0.0,0.0
1996-12-19 00:00:00-05:00,2.3949445941917697,2.439295821824449,2.3801606613144477,2.409728527069092,508275,0.0,0.0
1996-12-20 00:00:00-05:00,2.439295821824449,2.439295821824449,2.3801606613144477,2.409728527069092,363825,0.0,0.0
1996-12-23 00:00:00-05:00,2.394943952560425,2.424511049061342,2.380160023643877,2.394943952560425,301725,0.0,0.0
1996-12-24 00:00:00-05:00,2.394943461556812,2.513212203979492,2.394943461556812,2.513212203979492,391500,0.0,0.0
1996-12-26 00:00:00-05:00,2.498430547443654,2.527997655729114,2.439296140539613,2.4688632488250732,403650,0.0,0.0
1996-12-27 00:00:00-05:00,2.439295931728675,2.5575647354125977,2.439295931728675,2.5575647354125977,292275,0.0,0.0
1996-12-30 00:00:00-05:00,2.5427795734635295,2.5871307849884033,2.5132124797796664,2.5871307849884033,184950,0.0,0.0
1996-12-31 00:00:00-05:00,2.5575647404627926,2.6314821243286133,2.5427806165570725,2.6314821243286133,321300,0.0,0.0
1997-01-02 00:00:00-05:00,2.6019140878286975,2.6019140878286975,2.52799654006958,2.52799654006958,243675,0.0,0.0
1997-01-03 00:00:00-05:00,2.5427805836465547,2.6019149848399232,2.5427805836465547,2.57234787940979,521100,0.0,0.0
1997-01-06 00:00:00-05:00,2.5723479076236035,2.587131841167026,2.5427806115360707,2.5575647354125977,122175,0.0,0.0
1997-01-07 00:00:00-05:00,2.5427806115360707,2.5575647354125977,2.527997439325065,2.5575647354125977,334125,0.0,0.0
1997-01-08 00:00:00-05:00,2.557563919803417,2.572347087300059,2.498429536819458,2.498429536819458,163350,0.0,0.0
1997-01-09 00:00:00-05:00,2.483646422301562,2.498430547443654,2.424512015397521,2.4688632488250732,346275,0.0,0.0
1997-01-10 00:00:00-05:00,2.439296140539613,2.483646422301562,2.439296140539613,2.4688632488250732,149175,0.0,0.0
1997-01-13 00:00:00-05:00,2.4688617975244673,2.483644962310791,2.4540778714061084,2.483644962310791,221400,0.0,0.0
1997-01-14 00:00:00-05:00,2.4688617975244673,2.483644962310791,2.4688617975244673,2.483644962310791,145125,0.0,0.0
1997-01-15 00:00:00-05:00,2.4688626052716804,2.4836457748946703,2.439295504693416,2.4540786743164062,159300,0.0,0.0
1997-01-16 00:00:00-05:00,2.4392947066197843,2.527996169666842,2.4392947066197843,2.483644962310791,392175,0.0,0.0
1997-01-17 00:00:00-05:00,2.454078230978316,2.542779707021938,2.454078230978316,2.52799654006958,224100,0.0,0.0
1997-01-20 00:00:00-05:00,2.527996407287651,2.5871307849884033,2.527996407287651,2.5871307849884033,316575,0.0,0.0
1997-01-21 00:00:00-05:00,2.601914167404175,2.6166980961408224,2.57234707126305,2.601914167404175,311850,0.0,0.0
1997-01-22 00:00:00-05:00,2.616698946921455,2.616698946921455,2.5575647354125977,2.5575647354125977,287550,0.0,0.0
1997-01-23 00:00:00-05:00,2.572347457295605,2.572347457295605,2.4540786743164062,2.4540786743164062,247050,0.0,0.0
1997-01-24 00:00:00-05:00,2.4392950186066393,2.454078185283737,2.3653767108917236,2.3653767108917236,353025,0.0,0.0
1997-01-27 00:00:00-05:00,2.365377489769508,2.424511698614031,2.35059336655909,2.409728527069092,621675,0.0,0.0
1997-01-28 00:00:00-05:00,2.409727881476973,2.4392951683109345,2.350592736809915,2.394943952560425,560250,0.0,0.0
1997-01-29 00:00:00-05:00,2.3801606613144477,2.439295821824449,2.35059336655909,2.409728527069092,338850,0.0,0.0
1997-01-30 00:00:00-05:00,2.394944331468923,2.4392955542363204,2.394944331468923,2.424511432647705,141075,0.0,0.0
1997-01-31 00:00:00-05:00,2.409728213782081,2.4540786743164062,2.409728213782081,2.4540786743164062,291600,0.0,0.0
1997-02-03 00:00:00-05:00,2.4688632488250732,2.4688632488250732,2.439296140539613,2.4688632488250732,182250,0.0,0.0
1997-02-04 00:00:00-05:00,2.4540783213321404,2.5132127043160994,2.4540783213321404,2.498429536819458,447525,0.0,0.0
1997-02-05 00:00:00-05:00,2.5132132960356715,2.5723476929424365,2.5132132960356715,2.5427803993225098,481275,0.0,0.0
1997-02-06 00:00:00-05:00,2.5427805836465547,2.587131812791061,2.5427805836465547,2.57234787940979,485325,0.0,0.0
1997-02-07 00:00:00-05:00,2.587131625252032,2.587131625252032,2.5132132960356715,2.5427803993225098,199125,0.0,0.0
1997-02-10 00:00:00-05:00,2.572347912702989,2.6314821243286133,2.5575647404627926,2.6314821243286133,300375,0.0,0.0
1997-02-11 00:00:00-05:00,2.616698946921455,2.616698946921455,2.5427806115360707,2.5575647354125977,213300,0.0,0.0
1997-02-12 00:00:00-05:00,2.587131625252032,2.587131625252032,2.5279972283452676,2.5427803993225098,219375,0.0,0.0
1997-02-13 00:00:00-05:00,2.5575647354125977,2.5723479076236035,2.5427806115360707,2.5575647354125977,131625,0.0,0.0
1997-02-14 00:00:00-05:00,2.542779717267989,2.6314811936690305,2.542779717267989,2.6166980266571045,472500,0.0,0.0
1997-02-18 00:00:00-05:00,2.6019139511642813,2.6019139511642813,2.5723468574804187,2.5871307849884033,278775,0.0,0.0
1997-02-19 00:00:00-05:00,2.57234787940979,2.616698918221194,2.513213478216422,2.57234787940979,909900,0.0,0.0
1997-02-20 00:00:00-05:00,2.557564287672615,2.587131388250879,2.424511383405071,2.4540786743164062,361800,0.0,0.0
1997-02-21 00:00:00-05:00,2.4688622501609565,2.498429536819458,2.424511034673639,2.498429536819458,198450,0.0,0.0
1997-02-24 00:00:00-05:00,2.4836460024157447,2.5427803993225098,2.4392957281516643,2.5427803993225098,222750,0.0,0.0
1997-02-25 00:00:00-05:00,2.5723476929424365,2.5723476929424365,2.5279972283452676,2.5427803993225098,373275,0.0,0.0
1997-02-26 00:00:00-05:00,2.5427805836465547,2.587131812791061,2.5427805836465547,2.57234787940979,383400,0.0,0.0
1997-02-27 00:00:00-05:00,2.5723479076236035,2.587131841167026,2.527997439325065,2.5575647354125977,130950,0.0,0.0
1997-02-28 00:00:00-05:00,2.5279972283452676,2.5427803993225098,2.5279972283452676,2.5427803993225098,227475,0.0,0.0
1997-03-03 00:00:00-05:00,2.5427797847888822,2.601914167404175,2.5427797847888822,2.601914167404175,235575,0.0,0.0
1997-03-04 00:00:00-05:00,2.6019150185158013,2.66104942047453,2.5871318462756046,2.6314821243286133,861975,0.0,0.0
1997-03-05 00:00:00-05:00,2.616698918221194,2.6314820902700564,2.57234787940979,2.57234787940979,527175,0.0,0.0
1997-03-06 00:00:00-05:00,2.572347912702989,2.6314821243286133,2.572347912702989,2.6314821243286133,126900,0.0,0.0
1997-03-07 00:00:00-05:00,2.6166980961408224,2.64626538261499,2.601914167404175,2.601914167404175,156600,0.0,0.0
1997-03-10 00:00:00-05:00,2.6314821243286133,2.6462662482343333,2.6166989520884165,2.6314821243286133,127575,0.0,0.0
1997-03-11 00:00:00-05:00,2.6314811273787955,2.661048412322998,2.5871308661281054,2.661048412322998,197775,0.0,0.0
1997-03-12 00:00:00-05:00,2.6462651626891556,2.6462651626891556,2.5723468574804187,2.5871307849884033,141075,0.0,0.0
1997-03-13 00:00:00-05:00,2.5794223569361496,2.638719198849983,2.5794223569361496,2.6090707778930664,228825,0.008889,0.0
1997-03-14 00:00:00-05:00,2.6238949523653696,2.668367385864258,2.5942465361284266,2.668367385864258,255150,0.0,0.0
1997-03-17 00:00:00-05:00,2.638719198849983,2.638719198849983,2.594246949127722,2.6090707778930664,153900,0.0,0.0
1997-03-18 00:00:00-05:00,2.579421561443436,2.623894560876467,2.579421561443436,2.5942461490631104,359775,0.0,0.0
1997-03-19 00:00:00-05:00,2.594246949127722,2.6090707778930664,2.5794223569361496,2.6090707778930664,330075,0.0,0.0
1997-03-20 00:00:00-05:00,2.579421561443436,2.623894560876467,2.579421561443436,2.5942461490631104,228825,0.0,0.0
1997-03-21 00:00:00-05:00,2.609069973256793,2.623894560876467,2.5942461490631104,2.5942461490631104,245700,0.0,0.0
1997-03-24 00:00:00-05:00,2.564598528170805,2.6090707778930664,2.564598528170805,2.6090707778930664,438075,0.0,0.0
1997-03-25 00:00:00-05:00,2.5942461490631104,2.609069973256793,2.5942461490631104,2.5942461490631104,60075,0.0,0.0
1997-03-26 00:00:00-05:00,2.594246949127722,2.638719198849983,2.594246949127722,2.6090707778930664,873450,0.0,0.0
1997-03-27 00:00:00-05:00,2.6090703916550524,2.623894981652042,2.534949541091919,2.534949541091919,155925,0.0,0.0
1997-03-31 00:00:00-05:00,2.549774452846774,2.549774452846774,2.5053021907806396,2.5053021907806396,456300,0.0,0.0
1997-04-01 00:00:00-05:00,2.5201249510949295,2.534949541091919,2.5201249510949295,2.534949541091919,85725,0.0,0.0
1997-04-02 00:00:00-05:00,2.534949541091919,2.5497733676627945,2.5201249510949295,2.534949541091919,432675,0.0,0.0
1997-04-03 00:00:00-05:00,2.534949541091919,2.5497733676627945,2.5053011245240544,2.534949541091919,213300,0.0,0.0
1997-04-04 00:00:00-05:00,2.534950101654375,2.549773931503296,2.534950101654375,2.549773931503296,102600,0.0,0.0
1997-04-07 00:00:00-04:00,2.549773931503296,2.579422545483992,2.534950101654375,2.549773931503296,222750,0.0,0.0
1997-04-08 00:00:00-04:00,2.549773931503296,2.579422545483992,2.534950101654375,2.549773931503296,222750,0.0,0.0
1997-04-09 00:00:00-04:00,2.564598528170805,2.6090707778930664,2.564598528170805,2.6090707778930664,355050,0.0,0.0
1997-04-10 00:00:00-04:00,2.5942461490631104,2.609069973256793,2.5942461490631104,2.5942461490631104,152550,0.0,0.0
1997-04-11 00:00:00-04:00,2.579422667425779,2.579422667425779,2.5201256275177,2.5201256275177,188325,0.0,0.0
1997-04-14 00:00:00-04:00,2.5349502214937343,2.5349502214937343,2.5201256275177,2.5201256275177,308475,0.0,0.0
1997-04-15 00:00:00-04:00,2.5349491345798985,2.5942461490631104,2.5201245469602243,2.5942461490631104,312525,0.0,0.0
1997-04-16 00:00:00-04:00,2.579422545483992,2.579422545483992,2.549773931503296,2.549773931503296,132975,0.0,0.0
1997-04-17 00:00:00-04:00,2.549774251179985,2.5794228688778618,2.549774251179985,2.56459903717041,240975,0.0,0.0
1997-04-18 00:00:00-04:00,2.579422950744629,2.579422950744629,2.5645991185666928,2.579422950744629,93150,0.0,0.0
1997-04-21 00:00:00-04:00,2.564598715635071,2.564598715635071,2.549773931503296,2.549773931503296,53325,0.0,0.0
1997-04-22 00:00:00-04:00,2.549774251179985,2.56459903717041,2.549774251179985,2.56459903717041,51300,0.0,0.0
1997-04-23 00:00:00-04:00,2.564598715635071,2.579422545483992,2.549773931503296,2.549773931503296,64125,0.0,0.0
1997-04-24 00:00:00-04:00,2.5497743321057524,2.579422950744629,2.5497743321057524,2.579422950744629,105975,0.0,0.0
1997-04-25 00:00:00-04:00,2.5794223569361496,2.6090707778930664,2.5794223569361496,2.6090707778930664,321975,0.0,0.0
1997-04-28 00:00:00-04:00,2.638719198849983,2.6535439818981117,2.6090707778930664,2.6090707778930664,93825,0.0,0.0
1997-04-29 00:00:00-04:00,2.6090707778930664,2.638719198849983,2.6090707778930664,2.6090707778930664,94500,0.0,0.0
1997-04-30 00:00:00-04:00,2.6238951019252026,2.653543710708618,2.6238951019252026,2.653543710708618,206550,0.0,0.0
1997-05-01 00:00:00-04:00,2.6683679601341943,2.7869620323181152,2.6683679601341943,2.7869620323181152,386100,0.0,0.0
1997-05-02 00:00:00-04:00,2.7869620323181152,2.8017866253400987,2.7276649962261548,2.7869620323181152,282150,0.0,0.0
1997-05-05 00:00:00-04:00,2.7869611856850875,2.8759073808006215,2.7721373605926085,2.8610827922821045,525825,0.0,0.0
1997-05-06 00:00:00-04:00,2.8314342498779297,2.8610828549953142,2.801785835617059,2.8314342498779297,273375,0.0,0.0
1997-05-07 00:00:00-04:00,2.831435048500808,2.8759082550055846,2.8166112189022523,2.846259832382202,602100,0.0,0.0
1997-05-08 00:00:00-04:00,2.8314360479107563,2.8314360479107563,2.8017876148223877,2.8017876148223877,63450,0.0,0.0
1997-05-09 00:00:00-04:00,2.8017859958234226,2.8166105855145567,2.69801577655073,2.7128405570983887,152550,0.0,0.0
1997-05-12 00:00:00-04:00,2.7276641231122607,2.757312536239624,2.712840298261592,2.757312536239624,286200,0.0,0.0
1997-05-13 00:00:00-04:00,2.757312536239624,2.757312536239624,2.742488711388955,2.757312536239624,303075,0.0,0.0
1997-05-14 00:00:00-04:00,2.7424900196957016,2.7573138516180897,2.6980168062191607,2.727665424346924,362475,0.0,0.0
1997-05-15 00:00:00-04:00,2.727665424346924,2.7573138516180897,2.727665424346924,2.727665424346924,638550,0.0,0.0
1997-05-16 00:00:00-04:00,2.7573138516180897,2.7573138516180897,2.727665424346924,2.727665424346924,182250,0.0,0.0
1997-05-19 00:00:00-04:00,2.7424897420364416,2.7721383571624756,2.727665148188558,2.7721383571624756,256500,0.0,0.0
1997-05-20 00:00:00-04:00,2.7869621875840473,2.7869621875840473,2.7573135724580133,2.7721383571624756,154575,0.0,0.0
1997-05-21 00:00:00-04:00,2.7721383571624756,2.7869621875840473,2.7721383571624756,2.7721383571624756,66150,0.0,0.0
1997-05-22 00:00:00-04:00,2.757312536239624,2.7869611402234935,2.757312536239624,2.757312536239624,288225,0.0,0.0
1997-05-23 00:00:00-04:00,2.7573139557504334,2.8166117668151855,2.7573139557504334,2.8166117668151855,139050,0.0,0.0
1997-05-27 00:00:00-04:00,2.7869620323181152,2.8166112183620817,2.772138202722402,2.7869620323181152,151200,0.0,0.0
1997-05-28 00:00:00-04:00,2.772137707682267,2.772137707682267,2.7424890995025635,2.7424890995025635,227475,0.0,0.0
1997-05-29 00:00:00-04:00,2.7424890995025635,2.7573129264510814,2.7276645091279117,2.7424890995025635,627750,0.0,0.0
1997-05-30 00:00:00-04:00,2.727665148188558,2.7721383571624756,2.727665148188558,2.7721383571624756,162675,0.0,0.0
1997-06-02 00:00:00-04:00,2.7721383571624756,2.7869621875840473,2.7573135724580133,2.7721383571624756,127575,0.0,0.0
1997-06-03 00:00:00-04:00,2.7869621875840473,2.7869621875840473,2.7424897420364416,2.7721383571624756,134325,0.0,0.0
1997-06-04 00:00:00-04:00,2.757312536239624,2.7721373153728246,2.742488711388955,2.757312536239624,81000,0.0,0.0
1997-06-05 00:00:00-04:00,2.757312536239624,2.7869611402234935,2.757312536239624,2.757312536239624,218025,0.0,0.0
1997-06-06 00:00:00-04:00,2.7721383571624756,2.801786781431931,2.7573135724580133,2.7721383571624756,264600,0.0,0.0
1997-06-09 00:00:00-04:00,2.7721383571624756,2.801786781431931,2.7721383571624756,2.7721383571624756,178200,0.0,0.0
1997-06-10 00:00:00-04:00,2.7424895892481382,2.8166112183620817,2.7424895892481382,2.7869620323181152,324000,0.0,0.0
1997-06-11 00:00:00-04:00,2.7869625749979026,2.831435599297408,2.7869625749979026,2.8166117668151855,1052325,0.0,0.0
1997-06-12 00:00:00-04:00,2.7940209679421724,2.8237452507019043,2.7791595919222147,2.8237452507019043,330750,0.008889,0.0
1997-06-13 00:00:00-04:00,2.838606626721862,2.8683303354616623,2.8237452507019043,2.8237452507019043,259200,0.0,0.0
1997-06-16 00:00:00-04:00,2.8237442181193604,2.8683292865753174,2.8237442181193604,2.8683292865753174,247725,0.0,0.0
1997-06-17 00:00:00-04:00,2.853467969884446,2.8683293407506127,2.8386056423187256,2.8386056423187256,217350,0.0,0.0
1997-06-18 00:00:00-04:00,2.838605588704834,2.8683292865753174,2.8237442181193604,2.8683292865753174,122175,0.0,0.0
1997-06-19 00:00:00-04:00,2.868330160324111,2.8980536759090447,2.868330160324111,2.883192300796509,277425,0.0,0.0
1997-06-20 00:00:00-04:00,2.7940210483474663,2.838606708410225,2.7791596718998335,2.8088831901550293,530550,0.0,0.0
1997-06-23 00:00:00-04:00,2.8237453319625923,2.8237453319625923,2.8088831901550293,2.8088831901550293,386100,0.0,0.0
1997-06-24 00:00:00-04:00,2.8088828471981415,2.8237449871910782,2.794020707205205,2.801452159881592,240300,0.0,0.0
1997-06-25 00:00:00-04:00,2.8088828471981415,2.8237449871910782,2.794020707205205,2.801452159881592,267975,0.0,0.0
1997-06-26 00:00:00-04:00,2.8237449321777692,2.8386063065213336,2.794020652770996,2.794020652770996,213300,0.0,0.0
1997-06-27 00:00:00-04:00,2.8014521239319374,2.8683300309823077,2.8014521239319374,2.853468656539917,649350,0.0,0.0
1997-06-30 00:00:00-04:00,2.8088827924743827,2.8534686375646756,2.794020652770996,2.794020652770996,753300,0.0,0.0
1997-07-01 00:00:00-04:00,2.794021086388908,2.9426398277282715,2.794021086388908,2.9426398277282715,483300,0.0,0.0
1997-07-02 00:00:00-04:00,2.9426390848654185,2.9723627873616096,2.927776946607417,2.957500457763672,353025,0.0,0.0
1997-07-03 00:00:00-04:00,2.9649314880371094,2.9649314880371094,2.9500701134154763,2.9649314880371094,255150,0.0,0.0
1997-07-07 00:00:00-04:00,2.942639082098865,3.0318098068237305,2.942639082098865,3.0318098068237305,329400,0.0,0.0
1997-07-08 00:00:00-04:00,3.0169476685797023,3.0318098068237305,3.0169476685797023,3.0318098068237305,911925,0.0,0.0
1997-07-09 00:00:00-04:00,3.03181002161592,3.03181002161592,2.972362995147705,2.972362995147705,212625,0.0,0.0
1997-07-10 00:00:00-04:00,2.9723627845671112,3.0318098068237305,2.9723627845671112,3.0318098068237305,213975,0.0,0.0
1997-07-11 00:00:00-04:00,3.0169478823189655,3.046671395553073,2.950069977542224,2.972362995147705,1599075,0.0,0.0
1997-07-14 00:00:00-04:00,2.9723627873616096,2.9872241602598635,2.927776946607417,2.957500457763672,450900,0.0,0.0
1997-07-15 00:00:00-04:00,2.9426386927898323,3.0243787202584094,2.9426386927898323,3.0169472694396973,263250,0.0,0.0
1997-07-16 00:00:00-04:00,3.02438020796454,3.0763959884643555,3.02438020796454,3.0763959884643555,632475,0.0,0.0
1997-07-17 00:00:00-04:00,3.076395327441727,3.083826780319214,3.0466716206713866,3.083826780319214,411075,0.0,0.0
1997-07-18 00:00:00-04:00,3.0689650565006983,3.0689650565006983,3.016948514756967,3.0243799686431885,193725,0.0,0.0
1997-07-21 00:00:00-04:00,3.0243793296644457,3.061533721145865,3.0243793296644457,3.0466713905334473,325350,0.0,0.0
1997-07-22 00:00:00-04:00,3.0763956036802926,3.128412143034096,3.0763956036802926,3.120981454849243,791100,0.0,0.0
1997-07-23 00:00:00-04:00,3.1284116971235445,3.1284116971235445,3.091257304795203,3.106118679046631,366525,0.0,0.0
1997-07-24 00:00:00-04:00,3.098688772433105,3.135843174120071,3.098688772433105,3.1284124851226807,363150,0.0,0.0
1997-07-25 00:00:00-04:00,3.135843174120071,3.1507053174748623,3.1209817961252897,3.1284124851226807,521775,0.0,0.0
1997-07-28 00:00:00-04:00,3.1284116971235445,3.1284116971235445,3.04667145998133,3.106118679046631,573075,0.0,0.0
1997-07-29 00:00:00-04:00,3.0912580834357146,3.1284124851226807,3.061534562086142,3.1284124851226807,332100,0.0,0.0
1997-07-30 00:00:00-04:00,3.1209791750624616,3.1804263591766357,3.1209791750624616,3.1804263591766357,509625,0.0,0.0
1997-07-31 00:00:00-04:00,3.1804272143099297,3.210150718688965,3.1804272143099297,3.210150718688965,322650,0.0,0.0
1997-08-01 00:00:00-04:00,2.6156780959229073,2.6305402305208037,2.6008167266845703,2.6008167266845703,140400,0.0,0.0
1997-08-04 00:00:00-04:00,2.6008172803669667,2.660264492034912,2.6008172803669667,2.660264492034912,109350,0.0,0.0
1997-08-05 00:00:00-04:00,2.6454021629331166,2.660264492034912,2.630540790530974,2.660264492034912,251775,0.0,0.0
1997-08-06 00:00:00-04:00,2.6528331831218996,2.7197110652923584,2.6528331831218996,2.7197110652923584,47925,0.0,0.0
1997-08-07 00:00:00-04:00,2.712281755825643,2.8237453319625923,2.712281755825643,2.8088831901550293,195075,0.0,0.0
1997-08-08 00:00:00-04:00,2.8237450980206993,2.8683301803697216,2.7642971097355473,2.771728754043579,310500,0.0,0.0
1997-08-11 00:00:00-04:00,2.7717279353716506,2.779158620785083,2.727142100831865,2.764296293258667,260550,0.0,0.0
1997-08-12 00:00:00-04:00,2.771728754043579,2.801452269836238,2.771728754043579,2.771728754043579,379350,0.0,0.0
1997-08-13 00:00:00-04:00,2.77915969283355,2.77915969283355,2.7048501312759017,2.7345738410949707,240975,0.0,0.0
1997-08-14 00:00:00-04:00,2.756865252936061,2.756865252936061,2.7197110652923584,2.7197110652923584,133650,0.0,0.0
1997-08-15 00:00:00-04:00,2.7345724342060223,2.7345724342060223,2.712280380835526,2.7197110652923584,182250,0.0,0.0
1997-08-18 00:00:00-04:00,2.7122808825180638,2.7122808825180638,2.660264359639928,2.6676950454711914,221400,0.0,0.0
1997-08-19 00:00:00-04:00,2.6751271301704076,2.756867204476512,2.6751271301704076,2.7420058250427246,645975,0.0,0.0
1997-08-20 00:00:00-04:00,2.742004368284077,2.764296425591543,2.734572917155244,2.7568657398223877,167400,0.0,0.0
1997-08-21 00:00:00-04:00,2.7642973595740554,2.7865903811133372,2.7197124645353963,2.7345738410949707,720900,0.0,0.0
1997-08-22 00:00:00-04:00,2.7345738410949707,2.7345738410949707,2.712281776255609,2.7345738410949707,330750,0.0,0.0
1997-08-25 00:00:00-04:00,2.727143680248853,2.7642978941934055,2.7048506543980664,2.7420058250427246,822825,0.0,0.0
1997-08-26 00:00:00-04:00,2.756867204476512,2.779160230327298,2.727143680248853,2.7420058250427246,358425,0.0,0.0
1997-08-27 00:00:00-04:00,2.7271440029144287,2.734574693510494,2.689989593233883,2.7271440029144287,459675,0.0,0.0
1997-08-28 00:00:00-04:00,2.712280990392388,2.771728201466155,2.712280990392388,2.7494351863861084,237600,0.0,0.0
1997-08-29 00:00:00-04:00,2.7345738410949707,2.771729004553763,2.7345738410949707,2.7345738410949707,180225,0.0,0.0
1997-09-02 00:00:00-04:00,2.742004368284077,2.8534680989399566,2.742004368284077,2.7568657398223877,334800,0.0,0.0
1997-09-03 00:00:00-04:00,2.779159441651777,2.786590129259975,2.749435734519151,2.771728754043579,493425,0.0,0.0
1997-09-04 00:00:00-04:00,2.771728983676017,2.8237453319625923,2.771728983676017,2.8088831901550293,47925,0.0,0.0
1997-09-05 00:00:00-04:00,2.7940208168681733,2.7940208168681733,2.742005046910953,2.771728754043579,135675,0.0,0.0
1997-09-08 00:00:00-04:00,2.7940210693931244,2.7940210693931244,2.7197124645353963,2.7345738410949707,379350,0.0,0.0
1997-09-09 00:00:00-04:00,2.712280990392388,2.7494351863861084,2.712280990392388,2.7494351863861084,452925,0.0,0.0
1997-09-10 00:00:00-04:00,2.7345735645762366,2.786590099334717,2.7271428770478368,2.786590099334717,481950,0.0,0.0
1997-09-11 00:00:00-04:00,2.779158620785083,2.786589306198515,2.734572786245297,2.764296293258667,389475,0.0,0.0
1997-09-12 00:00:00-04:00,2.749099985381881,2.838501453399658,2.749099985381881,2.838501453399658,168750,0.008889,0.0
1997-09-15 00:00:00-04:00,2.8310506343841553,2.838500546517458,2.8087001306442554,2.8310506343841553,212625,0.0,0.0
1997-09-16 00:00:00-04:00,2.8459510320292027,2.860851818472883,2.8385011183949533,2.853400945663452,248400,0.0,0.0
1997-09-17 00:00:00-04:00,2.85340128242666,2.85340128242666,2.8310515388861575,2.838501453399658,76950,0.0,0.0
1997-09-18 00:00:00-04:00,2.8236005717001054,2.8459510803222656,2.8236005717001054,2.8459510803222656,104625,0.0,0.0
1997-09-19 00:00:00-04:00,2.838501453399658,2.85340128242666,2.823600857032421,2.838501453399658,368550,0.0,0.0
1997-09-22 00:00:00-04:00,2.8236005717001054,2.8459510803222656,2.816150657939438,2.8459510803222656,361125,0.0,0.0
1997-09-23 00:00:00-04:00,2.8235994885032065,2.913000913190312,2.8161495776004943,2.8981010913848877,367200,0.0,0.0
1997-09-24 00:00:00-04:00,2.8832009784922654,2.8832009784922654,2.8310506343841553,2.8310506343841553,130275,0.0,0.0
1997-09-25 00:00:00-04:00,2.8385004993022855,2.87575101852417,2.831050587292903,2.87575101852417,126225,0.0,0.0
1997-09-26 00:00:00-04:00,2.8981010913848877,2.8981010913848877,2.860850769531462,2.8981010913848877,275400,0.0,0.0
1997-09-29 00:00:00-04:00,2.875751694540133,2.875751694540133,2.8459510803222656,2.8459510803222656,202500,0.0,0.0
1997-09-30 00:00:00-04:00,2.823600488893207,2.8534009104020868,2.7714493675826,2.8012499809265137,655425,0.0,0.0
1997-10-01 00:00:00-04:00,2.801250196321673,2.920453042533201,2.7938002822066443,2.860852003097534,380700,0.0,0.0
1997-10-02 00:00:00-04:00,2.845950177452221,2.95025239004268,2.831050354657815,2.9055511951446533,427275,0.0,0.0
1997-10-03 00:00:00-04:00,2.913002169242929,2.913002169242929,2.860852003097534,2.860852003097534,486000,0.0,0.0
1997-10-06 00:00:00-04:00,2.860851874479132,2.860851874479132,2.816150665283203,2.816150665283203,911250,0.0,0.0
1997-10-07 00:00:00-04:00,2.816150791891925,2.860852003097534,2.7714495806863155,2.860852003097534,820800,0.0,0.0
1997-10-08 00:00:00-04:00,2.845950600584665,2.898101714633658,2.831050775574971,2.8832011222839355,108675,0.0,0.0
1997-10-09 00:00:00-04:00,2.8683017882592265,2.8683017882592265,2.808700751503108,2.816150665283203,247050,0.0,0.0
1997-10-10 00:00:00-04:00,2.8012494511709614,2.898101570098862,2.8012494511709614,2.8310506343841553,251775,0.0,0.0
1997-10-13 00:00:00-04:00,2.831050775574971,2.9279023238280817,2.831050775574971,2.8832011222839355,359100,0.0,0.0
1997-10-14 00:00:00-04:00,2.8608518670187983,2.8608518670187983,2.8385011665615982,2.8459510803222656,172800,0.0,0.0
1997-10-15 00:00:00-04:00,2.8310513874621765,2.8757518313275914,2.8310513874621765,2.860852003097534,140400,0.0,0.0
1997-10-16 00:00:00-04:00,2.8459513679131594,2.85340128242666,2.838501453399658,2.838501453399658,187650,0.0,0.0
1997-10-17 00:00:00-04:00,2.8385013015772054,2.868301917212563,2.778900453976587,2.860852003097534,683100,0.0,0.0
1997-10-20 00:00:00-04:00,2.845949356780765,2.845949356780765,2.801248366607907,2.823598861694336,152550,0.0,0.0
1997-10-21 00:00:00-04:00,2.816150275837521,2.8757513043514082,2.816150275837521,2.8683013916015625,74925,0.0,0.0
1997-10-22 00:00:00-04:00,2.853400994082933,2.8683017807794657,2.8236005717001054,2.8459510803222656,173475,0.0,0.0
1997-10-23 00:00:00-04:00,2.7863501538421414,2.816150575351021,2.7863501538421414,2.8012499809265137,166725,0.0,0.0
1997-10-24 00:00:00-04:00,2.8086990431965124,2.838499447531853,2.801248366607907,2.823598861694336,203175,0.0,0.0
1997-10-27 00:00:00-05:00,2.7789005598441396,2.8459513241142136,2.6894989013671875,2.6894989013671875,415800,0.0,0.0
1997-10-28 00:00:00-05:00,2.6298975859580116,2.6969485350849087,2.577746655913167,2.6671481132507324,504900,0.0,0.0
1997-10-29 00:00:00-05:00,2.6745982081951034,2.7192994194819358,2.6745982081951034,2.7043986320495605,1850850,0.0,0.0
1997-10-30 00:00:00-05:00,2.689498694327171,2.756549645270659,2.689498694327171,2.7490997314453125,164025,0.0,0.0
1997-10-31 00:00:00-05:00,2.7565492080832064,2.8310508283762825,2.7565492080832064,2.8087003231048584,388800,0.0,0.0
1997-11-03 00:00:00-05:00,2.8087007441787706,2.853400994082933,2.801250063077945,2.8459510803222656,193725,0.0,0.0
1997-11-04 00:00:00-05:00,2.8310508283762825,2.8310508283762825,2.8012496431210216,2.8087003231048584,257175,0.0,0.0
1997-11-05 00:00:00-05:00,2.80870069651781,2.853400945663452,2.80870069651781,2.853400945663452,184275,0.0,0.0
1997-11-06 00:00:00-05:00,2.831051252800931,2.8608518670187983,2.831051252800931,2.8459510803222656,185625,0.0,0.0
1997-11-07 00:00:00-05:00,2.8310495382829415,2.8310495382829415,2.8086990431965124,2.823598861694336,376650,0.0,0.0
1997-11-10 00:00:00-05:00,2.823598861694336,2.845949356780765,2.7863485481100834,2.823598861694336,158625,0.0,0.0
1997-11-11 00:00:00-05:00,2.823600488893207,2.8310511697755287,2.8012499809265137,2.8012499809265137,62775,0.0,0.0
1997-11-12 00:00:00-05:00,2.808699751506221,2.816149662633883,2.7863492507833487,2.7937991619110107,152550,0.0,0.0
1997-11-13 00:00:00-05:00,2.793798457358995,2.845949356780765,2.771447770437643,2.823598861694336,180900,0.0,0.0
1997-11-14 00:00:00-05:00,2.8236005790632976,2.8310512601835525,2.808700751503108,2.816150665283203,235575,0.0,0.0
1997-11-17 00:00:00-05:00,2.831051204760704,2.853400945663452,2.831051204760704,2.853400945663452,130950,0.0,0.0
1997-11-18 00:00:00-05:00,2.853400994082933,2.8608518670187983,2.8087007441787706,2.8459510803222656,272025,0.0,0.0
1997-11-19 00:00:00-05:00,2.8310506343841553,2.8608512420923558,2.8310506343841553,2.8310506343841553,115425,0.0,0.0
1997-11-20 00:00:00-05:00,2.8310508283762825,2.8459506536638695,2.8087003231048584,2.8087003231048584,105975,0.0,0.0
1997-11-21 00:00:00-05:00,2.808700751503108,2.8459510877437424,2.808700751503108,2.816150665283203,76950,0.0,0.0
1997-11-24 00:00:00-05:00,2.8012501266925045,2.8012501266925045,2.7639995978680347,2.778900384902954,122850,0.0,0.0
1997-11-25 00:00:00-05:00,2.778899905189641,2.816150235748652,2.778899905189641,2.8087003231048584,90450,0.0,0.0
1997-11-26 00:00:00-05:00,2.8161509425189197,2.8459513679131594,2.8012503461516824,2.838501453399658,113400,0.0,0.0
1997-11-28 00:00:00-05:00,2.8534003707840645,2.8832009784922654,2.8310506343841553,2.8310506343841553,155250,0.0,0.0
1997-12-01 00:00:00-05:00,2.8385010588568247,2.8906521797180176,2.8310511453788387,2.8906521797180176,121500,0.0,0.0
1997-12-02 00:00:00-05:00,2.890651372350247,2.913001106541856,2.890651372350247,2.9055511951446533,105975,0.0,0.0
1997-12-03 00:00:00-05:00,2.905551098030084,2.9204518795013428,2.905551098030084,2.9204518795013428,446175,0.0,0.0
1997-12-04 00:00:00-05:00,2.9130022525787354,2.9130022525787354,2.8832018279258893,2.9130022525787354,147150,0.0,0.0
1997-12-05 00:00:00-05:00,2.8828289799658426,2.927640199661255,2.8828289799658426,2.927640199661255,192375,0.008889,0.0
1997-12-08 00:00:00-05:00,2.912704552203563,2.9500467777252197,2.905236299406501,2.9500467777252197,359100,0.0,0.0
1997-12-09 00:00:00-05:00,2.9351102721310953,2.9500467777252197,2.927642019334033,2.9500467777252197,65475,0.0,0.0
1997-12-10 00:00:00-05:00,2.9351085302672613,2.9351085302672613,2.9052345752716064,2.9052345752716064,84375,0.0,0.0
1997-12-11 00:00:00-05:00,2.8828298076372194,2.8828298076372194,2.8380193443051516,2.845487594604492,126225,0.0,0.0
1997-12-12 00:00:00-05:00,2.852955844903833,2.852955844903833,2.8380193443051516,2.845487594604492,39825,0.0,0.0
1997-12-15 00:00:00-05:00,2.84548698356936,2.852955232264981,2.8156132195582204,2.830549716949463,222075,0.0,0.0
1997-12-16 00:00:00-05:00,2.8454867776542065,2.927640199661255,2.830549512115253,2.927640199661255,159300,0.0,0.0
1997-12-17 00:00:00-05:00,2.912703514099121,2.9873887077532744,2.8678932440583114,2.912703514099121,97200,0.0,0.0
1997-12-18 00:00:00-05:00,2.9724515028586436,2.987388965956376,2.935109479725659,2.957515001296997,258525,0.0,0.0
1997-12-19 00:00:00-05:00,2.9276413482310515,2.987389087677002,2.9052356334395792,2.987389087677002,592650,0.0,0.0
1997-12-22 00:00:00-05:00,2.9873882171004795,3.0620722446452207,2.9873882171004795,3.0172619819641113,590625,0.0,0.0
1997-12-23 00:00:00-05:00,3.0172627785015207,3.0321992802621365,3.009793758392334,3.009793758392334,318600,0.0,0.0
1997-12-24 00:00:00-05:00,3.017263285155452,3.017263285155452,3.002326011657715,3.002326011657715,14850,0.0,0.0
1997-12-26 00:00:00-05:00,3.0172619819641113,3.0172619819641113,2.9948564660092183,3.0172619819641113,58050,0.0,0.0
1997-12-29 00:00:00-05:00,3.017262011382395,3.181567719734349,3.017262011382395,3.1666312217712402,567675,0.0,0.0
1997-12-30 00:00:00-05:00,3.166631885565205,3.345875090989342,3.166631885565205,3.2786591053009033,539325,0.0,0.0
1997-12-31 00:00:00-05:00,3.2637220885409306,3.2637220885409306,3.1442266089744066,3.226379871368408,207900,0.0,0.0
1998-01-02 00:00:00-05:00,3.2114412182986936,3.218910235441649,3.1516935042193492,3.1591625213623047,210600,0.0,0.0
1998-01-05 00:00:00-05:00,3.144226761556569,3.181568788233989,3.091947270363581,3.1516950130462646,157950,0.0,0.0
1998-01-06 00:00:00-05:00,3.159163880457868,3.226379871368408,3.1367583578471283,3.226379871368408,668250,0.0,0.0
1998-01-07 00:00:00-05:00,3.2114413483231488,3.2114413483231488,3.1068831809884583,3.1367571353912354,239625,0.0,0.0
1998-01-08 00:00:00-05:00,3.1516950130462646,3.189038001259862,3.144226761556569,3.1516950130462646,278775,0.0,0.0
1998-01-09 00:00:00-05:00,3.1367580737564857,3.159163594337997,3.091946840286255,3.091946840286255,259200,0.0,0.0
1998-01-12 00:00:00-05:00,3.084477901359668,3.106883416940121,3.032198429107666,3.032198429107666,324675,0.0,0.0
1998-01-13 00:00:00-05:00,3.0620713154145163,3.1367564741379588,3.047134822129738,3.121819019317627,280125,0.0,0.0
1998-01-14 00:00:00-05:00,3.1367574566163396,3.196505179233312,3.1367574566163396,3.1666312217712402,288900,0.0,0.0
1998-01-15 00:00:00-05:00,3.1591651182362934,3.166633372289675,3.0546060999575224,3.077011823654175,187650,0.0,0.0
1998-01-16 00:00:00-05:00,3.0770097339993674,3.2114416771964205,3.0770097339993674,3.1666312217712402,217350,0.0,0.0
1998-01-20 00:00:00-05:00,3.1591625213623047,3.18156726510545,3.114351303111724,3.1591625213623047,154575,0.0,0.0
1998-01-21 00:00:00-05:00,3.1442252563049675,3.1666307692766864,3.114351303111724,3.1591625213623047,267975,0.0,0.0
1998-01-22 00:00:00-05:00,3.159163880457868,3.226379871368408,3.151694860101685,3.226379871368408,442125,0.0,0.0
1998-01-23 00:00:00-05:00,3.226380127749367,3.2487858444477795,3.2039746033581955,3.2338485717773438,121500,0.0,0.0
1998-01-26 00:00:00-05:00,3.2263789721090297,3.2413162394291617,3.1068835258483887,3.1068835258483887,280125,0.0,0.0
1998-01-27 00:00:00-05:00,3.1143527940616096,3.1666322852545976,3.106884542571914,3.1516950130462646,209250,0.0,0.0
1998-01-28 00:00:00-05:00,3.166630640913243,3.2039728405071544,3.166630640913243,3.196504592895508,197100,0.0,0.0
1998-01-29 00:00:00-05:00,3.1965056514759986,3.2189111709594727,3.1965056514759986,3.2189111709594727,162675,0.0,0.0
1998-01-30 00:00:00-05:00,3.203974165374816,3.203974165374816,3.1143524646759033,3.1143524646759033,211275,0.0,0.0
1998-02-02 00:00:00-05:00,3.1292899276116293,3.1367581783114544,3.077010441947917,3.1143524646759033,765450,0.0,0.0
1998-02-03 00:00:00-05:00,3.121820206617786,3.196505393745726,3.121820206617786,3.1740996837615967,278100,0.0,0.0
1998-02-04 00:00:00-05:00,3.1740999396853247,3.2189111709594727,3.15916343951554,3.2189111709594727,208575,0.0,0.0
1998-02-05 00:00:00-05:00,3.2263794210443653,3.2263794210443653,3.1965056514759986,3.2189111709594727,250425,0.0,0.0
1998-02-06 00:00:00-05:00,3.1965060976303903,3.226379871368408,3.189037846503112,3.226379871368408,562275,0.0,0.0
1998-02-09 00:00:00-05:00,3.2263803072903054,3.2786598030098633,3.211443033788643,3.271191358566284,750600,0.0,0.0
1998-02-10 00:00:00-05:00,3.2711907516415106,3.2711907516415106,3.2338481517375204,3.256253480911255,375300,0.0,0.0
1998-02-11 00:00:00-05:00,3.2562516193815827,3.2711888815725243,3.2413151264190674,3.2413151264190674,159975,0.0,0.0
1998-02-12 00:00:00-05:00,3.226379708679609,3.2637219239691664,3.1890376856972678,3.256253480911255,213300,0.0,0.0
1998-02-13 00:00:00-05:00,3.2562516193815827,3.2562516193815827,3.218909617746869,3.2413151264190674,278775,0.0,0.0
1998-02-17 00:00:00-05:00,3.2263792623773755,3.2263792623773755,3.1666315338717186,3.211441993713379,180900,0.0,0.0
1998-02-18 00:00:00-05:00,3.196505936447963,3.256253480911255,3.1890376856972678,3.256253480911255,363150,0.0,0.0
1998-02-19 00:00:00-05:00,3.2562516193815827,3.263720058169947,3.2263778642281262,3.2413151264190674,814725,0.0,0.0
1998-02-20 00:00:00-05:00,3.2487835652074315,3.2487835652074315,3.2338463030164903,3.2413151264190674,143100,0.0,0.0
1998-02-23 00:00:00-05:00,3.23384893665796,3.248786211013794,3.2263804917873062,3.248786211013794,178875,0.0,0.0
1998-02-24 00:00:00-05:00,3.2562516193815827,3.2562516193815827,3.2263778642281262,3.2413151264190674,1881225,0.0,0.0
1998-02-25 00:00:00-05:00,3.2413151264190674,3.2413151264190674,3.2338463030164903,3.2413151264190674,739800,0.0,0.0
1998-02-26 00:00:00-05:00,3.248785422467776,3.256253480911255,3.2413169794098646,3.256253480911255,413775,0.0,0.0
1998-02-27 00:00:00-05:00,3.233847704402184,3.24878497306618,3.211441993713379,3.211441993713379,591300,0.0,0.0
1998-03-02 00:00:00-05:00,3.2189122392239153,3.2711915456257556,3.2189122392239153,3.248786211013794,1353375,0.0,0.0
1998-03-03 00:00:00-05:00,3.256254271269922,3.256254271269922,3.24131776614314,3.248786211013794,201825,0.0,0.0
1998-03-04 00:00:00-05:00,3.2487835652074315,3.2487835652074315,3.2263778642281262,3.2413151264190674,228825,0.0,0.0
1998-03-05 00:00:00-05:00,3.2189101049589905,3.233846792489419,3.1890363452838613,3.196504592895508,266625,0.0,0.0
1998-03-06 00:00:00-05:00,3.1890372445605233,3.241316531041372,3.1890372445605233,3.211441993713379,338850,0.0,0.0
1998-03-09 00:00:00-05:00,3.1965063516374603,3.2487858444477795,3.1965063516374603,3.2338485717773438,1384425,0.0,0.0
1998-03-10 00:00:00-05:00,3.2413168910295482,3.3234693778121067,3.2413168910295482,3.2786591053009033,870750,0.0,0.0
1998-03-11 00:00:00-05:00,3.2711895808504923,3.330937488543851,3.2711895808504923,3.31600022315979,328725,0.0,0.0
1998-03-12 00:00:00-05:00,3.3010641790959796,3.3682801517653767,3.3010641790959796,3.360811710357666,276075,0.0,0.0
1998-03-13 00:00:00-05:00,3.3679975361248635,3.4727792739868164,3.3679975361248635,3.4727792739868164,627075,0.008889,0.0
1998-03-16 00:00:00-05:00,3.4727790111837202,3.555107898710275,3.4727790111837202,3.532654285430908,577800,0.0,0.0
1998-03-17 00:00:00-05:00,3.502715561075994,3.5476223882591253,3.502715561075994,3.5102007389068604,1327725,0.0,0.0
1998-03-18 00:00:00-05:00,3.5027166197490813,3.5476234605050108,3.5027166197490813,3.5401394367218018,592650,0.0,0.0
1998-03-19 00:00:00-05:00,3.547621726989746,3.5700753291142826,3.5401377068635402,3.547621726989746,307125,0.0,0.0
1998-03-20 00:00:00-05:00,3.540139465585149,3.555107898710275,3.532654285430908,3.532654285430908,528525,0.0,0.0
1998-03-23 00:00:00-05:00,3.517684760428072,3.5551067952168887,3.4952311541182306,3.5102007389068604,387450,0.0,0.0
1998-03-24 00:00:00-05:00,3.502714908177153,3.5551061325524316,3.502714908177153,3.547621726989746,392175,0.0,0.0
1998-03-25 00:00:00-05:00,3.5551061325524316,3.5551061325524316,3.5326525304278955,3.547621726989746,130275,0.0,0.0
1998-03-26 00:00:00-05:00,3.5401377068635402,3.547621726989746,3.5251685103016897,3.547621726989746,370575,0.0,0.0
1998-03-27 00:00:00-05:00,3.5476234894293763,3.555107898710275,3.532654285430908,3.532654285430908,245025,0.0,0.0
1998-03-30 00:00:00-05:00,3.517685651779175,3.5251700606334224,3.4278723600915524,3.517685651779175,497475,0.0,0.0
1998-03-31 00:00:00-05:00,3.525170535612622,3.58504581451416,3.525170535612622,3.58504581451416,226125,0.0,0.0
1998-04-01 00:00:00-05:00,3.5925307435140796,3.5925307435140796,3.547624277848735,3.570077896118164,421875,0.0,0.0
1998-04-02 00:00:00-05:00,3.570077380225477,3.5925302243768527,3.555108175063391,3.58504581451416,149850,0.0,0.0
1998-04-03 00:00:00-05:00,3.5775623070623883,3.5775623070623883,3.547624277848735,3.570077896118164,293625,0.0,0.0
1998-04-06 00:00:00-04:00,3.5700765568274053,3.5850449876637884,3.5401389242814147,3.555107355117798,169425,0.0,0.0
1998-04-07 00:00:00-04:00,3.5401405375042176,3.547624563614533,3.487749271237707,3.4952332973480225,286200,0.0,0.0
1998-04-08 00:00:00-04:00,3.4952323019768827,3.5251703250763433,3.457810640335083,3.457810640335083,621675,0.0,0.0
1998-04-09 00:00:00-04:00,3.4727800451350483,3.585046603210336,3.4652956336258147,3.5625929832458496,2862000,0.0,0.0
1998-04-13 00:00:00-04:00,3.540139465585149,3.555107898710275,3.525170261586681,3.532654285430908,965250,0.0,0.0
1998-04-14 00:00:00-04:00,3.5476248894057707,3.6823450804990485,3.5326556795000994,3.6598918437957764,1526850,0.0,0.0
1998-04-15 00:00:00-04:00,3.6823444457182832,3.6973128821699746,3.570077896118164,3.570077896118164,425925,0.0,0.0
1998-04-16 00:00:00-04:00,3.58504503563591,3.6074986457824707,3.5700766045992314,3.6074986457824707,237600,0.0,0.0
1998-04-17 00:00:00-04:00,3.577561421793269,3.614983081817627,3.577561421793269,3.614983081817627,165375,0.0,0.0
1998-04-20 00:00:00-04:00,3.61498299340151,3.7571875335486338,3.61498299340151,3.7122814655303955,496800,0.0,0.0
1998-04-21 00:00:00-04:00,3.712280299578116,3.72724872725848,3.6598890682324527,3.7047951221466064,328725,0.0,0.0
1998-04-22 00:00:00-04:00,3.6898296881459465,3.71228331147518,3.667376064816713,3.6748604774475098,134325,0.0,0.0
1998-04-23 00:00:00-04:00,3.6524059362125136,3.674858778286438,3.585045482807414,3.6000146865844727,295650,0.0,0.0
1998-04-24 00:00:00-04:00,3.6075002231748226,3.6224686607565033,3.56259298324585,3.5625929832458496,288225,0.0,0.0
1998-04-27 00:00:00-04:00,3.54762355332343,3.5551079627391253,3.3979349795728404,3.457810640335083,423900,0.0,0.0
1998-04-28 00:00:00-04:00,3.4877483460222076,3.517685984268888,3.472779141462182,3.5027167797088623,257850,0.0,0.0
1998-04-29 00:00:00-04:00,3.50271644863403,3.5251700606334224,3.487748016362184,3.517685651779175,262575,0.0,0.0
1998-04-30 00:00:00-04:00,3.5326536961791337,3.652405381008768,3.5326536961791337,3.644920587539673,282825,0.0,0.0
1998-05-01 00:00:00-04:00,3.6299517714746963,3.652405381008768,3.6299517714746963,3.644920587539673,216675,0.0,0.0
1998-05-04 00:00:00-04:00,3.6898276065933393,3.6973116295653097,3.6299519538879395,3.6299519538879395,1023300,0.0,0.0
1998-05-05 00:00:00-04:00,3.614982668582501,3.614982668582501,3.562591425489349,3.6074986457824707,203175,0.0,0.0
1998-05-06 00:00:00-04:00,3.6075002231748226,3.6075002231748226,3.502717691171982,3.5625929832458496,365850,0.0,0.0
1998-05-07 00:00:00-04:00,3.5476234605050108,3.5625918935080962,3.532654256628589,3.5401394367218018,315225,0.0,0.0
1998-05-08 00:00:00-04:00,3.5476232871961657,3.5476232871961657,3.4952320397797823,3.517685651779175,314550,0.0,0.0
1998-05-11 00:00:00-04:00,3.517686333946599,3.517686333946599,3.457811051501301,3.4652950763702393,254475,0.0,0.0
1998-05-12 00:00:00-04:00,3.4652950763702393,3.4652950763702393,3.397935383619279,3.4652950763702393,395550,0.0,0.0
1998-05-13 00:00:00-04:00,3.450325972090945,3.5251700606334224,3.450325972090945,3.517685651779175,218025,0.0,0.0
1998-05-14 00:00:00-04:00,3.5027167797088623,3.5102019601439034,3.472779141462182,3.5027167797088623,130275,0.0,0.0
1998-05-15 00:00:00-04:00,3.5176861257499294,3.5925302243768527,3.5176861257499294,3.58504581451416,309150,0.0,0.0
1998-05-18 00:00:00-04:00,3.5850453314674047,3.637436578883788,3.4952320397797823,3.517685651779175,450225,0.0,0.0
1998-05-19 00:00:00-04:00,3.532654256628589,3.6000147104808167,3.532654256628589,3.5401394367218018,386775,0.0,0.0
1998-05-20 00:00:00-04:00,3.54013995030031,3.54013995030031,3.4129038187938794,3.4652950763702393,431325,0.0,0.0
1998-05-21 00:00:00-04:00,3.4727782301694385,3.5027158605601763,3.4503253928129696,3.4877474308013916,76950,0.0,0.0
1998-05-22 00:00:00-04:00,3.4802634350172386,3.4802634350172386,3.3530277199278533,3.3904497623443604,324000,0.0,0.0
1998-05-26 00:00:00-04:00,3.3904495093513347,3.457809951547918,3.323089838027954,3.323089838027954,341550,0.0,0.0
1998-05-27 00:00:00-04:00,3.308123377016575,3.367998676060273,3.308123377016575,3.3455450534820557,190350,0.0,0.0
1998-05-28 00:00:00-04:00,3.3605125539875207,3.4503266337724083,3.3605125539875207,3.4203882217407227,193725,0.0,0.0
1998-05-29 00:00:00-04:00,3.442841436067014,3.592530009817603,3.442841436067014,3.457810640335083,240975,0.0,0.0
1998-06-01 00:00:00-04:00,3.4652940316496967,3.502716071895972,3.4652940316496967,3.4802632331848145,184950,0.0,0.0
1998-06-02 00:00:00-04:00,3.4802630232037073,3.5027158605601763,3.4578098004106543,3.4877474308013916,314550,0.0,0.0
1998-06-03 00:00:00-04:00,3.487748186745996,3.5700770736013094,3.487748186745996,3.5401394367218018,430650,0.0,0.0
1998-06-04 00:00:00-04:00,3.5176871275994372,3.5850468355479466,3.5176871275994372,3.5775628089904785,189000,0.0,0.0
1998-06-05 00:00:00-04:00,3.592529915824272,3.622467552703779,3.532654256628589,3.5401394367218018,233550,0.0,0.0
1998-06-08 00:00:00-04:00,3.5551067952168887,3.629951250231074,3.4802627256392555,3.5102007389068604,523800,0.0,0.0
1998-06-09 00:00:00-04:00,3.5102018284615553,3.5925299451147676,3.5102018284615553,3.532654285430908,174150,0.0,0.0
1998-06-10 00:00:00-04:00,3.5176858523057826,3.5700771027087432,3.5027166483073144,3.532654285430908,367200,0.0,0.0
1998-06-11 00:00:00-04:00,3.540139465585149,3.5476234894293763,3.525170261586681,3.532654285430908,175500,0.0,0.0
1998-06-12 00:00:00-04:00,3.5023544181502344,3.5098540782928467,3.479855437722398,3.5098540782928467,495450,0.008889,0.0
1998-06-15 00:00:00-04:00,3.4873576137194378,3.5023565569420305,3.4498589038848877,3.4498589038848877,542700,0.0,0.0
1998-06-16 00:00:00-04:00,3.479856830716117,3.5173559188842773,3.479856830716117,3.5173559188842773,369900,0.0,0.0
1998-06-17 00:00:00-04:00,3.509856193898961,3.562354232763111,3.4648585921425363,3.50235652923584,741150,0.0,0.0
1998-06-18 00:00:00-04:00,3.502355395168427,3.502355395168427,3.4873564569211637,3.494856119155884,195075,0.0,0.0
1998-06-19 00:00:00-04:00,3.4798574447631836,3.5023564381675283,3.4798574447631836,3.4798574447631836,384075,0.0,0.0
1998-06-22 00:00:00-04:00,3.4798571304571975,3.569853095946002,3.4798571304571975,3.554854154586792,663525,0.0,0.0
1998-06-23 00:00:00-04:00,3.5248546927839133,3.5473540652295372,3.5248546927839133,3.5323543548583984,1121850,0.0,0.0
1998-06-24 00:00:00-04:00,3.52485378480014,3.5398527188632953,3.5023544181502344,3.5098540782928467,170100,0.0,0.0
1998-06-25 00:00:00-04:00,3.5173566310066864,3.5173566310066864,3.494857250795021,3.50235652923584,76275,0.0,0.0
1998-06-26 00:00:00-04:00,3.5023544181502344,3.5323534449427525,3.5023544181502344,3.5098540782928467,340875,0.0,0.0
1998-06-29 00:00:00-04:00,3.5248546927839133,3.5548533410818535,3.517355416931597,3.5323543548583984,814725,0.0,0.0
1998-06-30 00:00:00-04:00,3.5248551958067957,3.5323548589515386,3.5173559188842773,3.5173559188842773,230850,0.0,0.0
1998-07-01 00:00:00-04:00,3.5323528484396243,3.5548518250680923,3.5248531895634683,3.5473525524139404,676350,0.0,0.0
1998-07-02 00:00:00-04:00,3.5473541410211036,3.5473541410211036,3.457357807982282,3.494856119155884,290250,0.0,0.0
1998-07-06 00:00:00-04:00,3.509856615956413,3.5323559988736117,3.4573593432241125,3.4648590087890625,549450,0.0,0.0
1998-07-07 00:00:00-04:00,3.4723571675713747,3.5173559188842773,3.4348588518476624,3.5173559188842773,1297350,0.0,0.0
1998-07-08 00:00:00-04:00,3.509853607790127,3.599849903659363,3.464856039188535,3.5923502445220947,137700,0.0,0.0
1998-07-09 00:00:00-04:00,3.56235408782959,3.5698533659653022,3.5323554303975935,3.56235408782959,100575,0.0,0.0
1998-07-10 00:00:00-04:00,3.554854480115649,3.56235414459315,3.5248558222056454,3.5398547649383545,136350,0.0,0.0
1998-07-13 00:00:00-04:00,3.5323554822622794,3.539854760508102,3.472357780295069,3.4798574447631836,888300,0.0,0.0
1998-07-14 00:00:00-04:00,3.479855437722398,3.5098540782928467,3.4723557775797858,3.5098540782928467,519075,0.0,0.0
1998-07-15 00:00:00-04:00,3.4798571304571975,3.554854154586792,3.4798571304571975,3.554854154586792,596700,0.0,0.0
1998-07-16 00:00:00-04:00,3.5398548584920446,3.5773539543151855,3.53235558003864,3.5773539543151855,209925,0.0,0.0
1998-07-17 00:00:00-04:00,3.577353762339157,3.719848155975342,3.577353762339157,3.719848155975342,409050,0.0,0.0
1998-07-20 00:00:00-04:00,3.719847065387033,3.727346341239349,3.5323543548583984,3.5323543548583984,371925,0.0,0.0
1998-07-21 00:00:00-04:00,3.5323551632145906,3.5998521373311942,3.5323551632145906,3.554854154586792,1290600,0.0,0.0
1998-07-22 00:00:00-04:00,3.532354262930883,3.532354262930883,3.3373618954023296,3.389859914779663,200475,0.0,0.0
1998-07-23 00:00:00-04:00,3.3898607893291937,3.3898607893291937,3.149870967943086,3.194868564605713,285525,0.0,0.0
1998-07-24 00:00:00-04:00,3.209867297092831,3.284864294015534,3.1498698154213036,3.179868459701538,262575,0.0,0.0
1998-07-27 00:00:00-04:00,3.17986973812006,3.17986973812006,3.1198722323274426,3.164870023727417,513675,0.0,0.0
1998-07-28 00:00:00-04:00,3.179868612161572,3.239866096709702,3.127370595932007,3.127370595932007,499500,0.0,0.0
1998-07-29 00:00:00-04:00,3.119872749794284,3.1273722220122067,3.0673747062683105,3.0673747062683105,278100,0.0,0.0
1998-07-30 00:00:00-04:00,3.0673742148204175,3.074873685836792,3.0073769018003262,3.074873685836792,1308825,0.0,0.0
1998-07-31 00:00:00-04:00,3.0898728662091663,3.172369538418088,3.007376194000244,3.007376194000244,346950,0.0,0.0
1998-08-03 00:00:00-04:00,2.98487703578674,3.0973725586631202,2.9398794445917265,3.08237361907959,485325,0.0,0.0
1998-08-04 00:00:00-04:00,3.082373681249509,3.0898731511925344,2.9923765659332275,2.9923765659332275,430650,0.0,0.0
1998-08-05 00:00:00-04:00,2.9998772144317627,3.029875868778295,2.969878366974107,2.9998772144317627,370575,0.0,0.0
1998-08-06 00:00:00-04:00,2.992377316020512,3.112373113632202,2.992377316020512,3.112373113632202,167400,0.0,0.0
1998-08-07 00:00:00-04:00,3.1123722706910737,3.164869524788958,3.044874532120813,3.08237361907959,607500,0.0,0.0
1998-08-10 00:00:00-04:00,3.082373681249509,3.082373681249509,2.984877095990202,2.9923765659332275,273375,0.0,0.0
1998-08-11 00:00:00-04:00,2.9323795283175533,2.9323795283175533,2.8723820213630638,2.909881114959717,299700,0.0,0.0
1998-08-12 00:00:00-04:00,2.9248793286802304,3.014875663251583,2.9248793286802304,3.007376194000244,154575,0.0,0.0
1998-08-13 00:00:00-04:00,2.9923771905764185,2.99987762764067,2.9398801175723093,2.9473795890808105,572400,0.0,0.0
1998-08-14 00:00:00-04:00,2.9548796372871005,2.9923777745926414,2.92488077984253,2.9848783016204834,148500,0.0,0.0
1998-08-17 00:00:00-04:00,2.984877095990202,2.9998770014318015,2.984877095990202,2.9923765659332275,295650,0.0,0.0
1998-08-18 00:00:00-04:00,2.984877095990202,2.9998770014318015,2.984877095990202,2.9923765659332275,547425,0.0,0.0
1998-08-19 00:00:00-04:00,2.999878118919033,2.999878118919033,2.8648831681019624,2.872382640838623,392850,0.0,0.0
1998-08-20 00:00:00-04:00,2.8873822233800954,2.8873822233800954,2.7973860503333667,2.8273847103118896,137700,0.0,0.0
1998-08-21 00:00:00-04:00,2.8123839027195463,2.8123839027195463,2.714888102512652,2.804884433746338,212625,0.0,0.0
1998-08-24 00:00:00-04:00,2.7973854128712508,2.827384066013746,2.7823855069666568,2.8198838233947754,180900,0.0,0.0
1998-08-25 00:00:00-04:00,2.819884077688198,2.8273843209835308,2.699889068074995,2.7298877239227295,475875,0.0,0.0
1998-08-26 00:00:00-04:00,2.729888338618029,2.729888338618029,2.677391258397004,2.692390203475952,264600,0.0,0.0
1998-08-27 00:00:00-04:00,2.662390656717695,2.662390656717695,2.5348963737487793,2.5348963737487793,406350,0.0,0.0
1998-08-28 00:00:00-04:00,2.5198966230588526,2.5498954728439562,2.459899116599784,2.4898979663848877,331425,0.0,0.0
1998-08-31 00:00:00-04:00,2.504898714203843,2.504898714203843,2.339905261993408,2.339905261993408,413775,0.0,0.0
1998-09-01 00:00:00-04:00,2.339903569689164,2.444899414754959,2.2724066131468037,2.4224002361297607,696600,0.0,0.0
1998-09-02 00:00:00-04:00,2.4224008124725147,2.452399466962018,2.3999016284942627,2.3999016284942627,1017225,0.0,0.0
1998-09-03 00:00:00-04:00,2.3999020438071925,2.3999020438071925,2.3399045313342444,2.3474040031433105,1025325,0.0,0.0
1998-09-04 00:00:00-04:00,2.3549042102951145,2.3924033190503415,2.339905261993408,2.339905261993408,2598750,0.0,0.0
1998-09-08 00:00:00-04:00,2.3549028499027536,2.4598987102508545,2.3549028499027536,2.4598987102508545,574425,0.0,0.0
1998-09-09 00:00:00-04:00,2.459899166677797,2.459899166677797,2.399901852108456,2.4074013233184814,452925,0.0,0.0
1998-09-10 00:00:00-04:00,2.399901189002716,2.399901189002716,2.3624028777578654,2.384901285171509,344250,0.0,0.0
1998-09-11 00:00:00-04:00,2.369902519232049,2.4448997265087193,2.369902519232049,2.414900302886963,434025,0.0,0.0
1998-09-14 00:00:00-04:00,2.407077427764765,2.407077427764765,2.3318557739257812,2.3318557739257812,818775,0.008889,0.0
1998-09-15 00:00:00-04:00,2.3243338751035374,2.3243338751035374,2.1814136240597133,2.1889355182647705,1487700,0.0,0.0
1998-09-16 00:00:00-04:00,2.1889359516286024,2.1889359516286024,1.8955734972562275,2.015927314758301,2927475,0.0,0.0
1998-09-17 00:00:00-04:00,1.9707941903416588,2.0384929679310217,1.9256610908832645,2.023449182510376,2246400,0.0,0.0
1998-09-18 00:00:00-04:00,2.038494110107422,2.038494110107422,1.9783171915110136,2.038494110107422,1457325,0.0,0.0
1998-09-21 00:00:00-04:00,2.0084053720647685,2.0610601902008057,1.985838717067289,2.0610601902008057,621000,0.0,0.0
1998-09-22 00:00:00-04:00,2.0460171313425426,2.1513264179229736,2.0460171313425426,2.1513264179229736,340875,0.0,0.0
1998-09-23 00:00:00-04:00,2.1513258767123458,2.219024686768726,2.1513258767123458,2.21150279045105,1212975,0.0,0.0
1998-09-24 00:00:00-04:00,2.2039807122251682,2.2265471740699994,2.1964588165283203,2.1964588165283203,963900,0.0,0.0
1998-09-25 00:00:00-04:00,2.181414513830344,2.181414513830344,2.1513261499833285,2.1588480472564697,557550,0.0,0.0
1998-09-28 00:00:00-04:00,2.166369815234652,2.196458360214007,2.1061929189644744,2.143803358078003,569025,0.0,0.0
1998-09-29 00:00:00-04:00,2.0460169315338135,2.0685826239600025,2.038494259303946,2.0460169315338135,1044900,0.0,0.0
1998-09-30 00:00:00-04:00,2.046016799808892,2.0836272532075584,2.0309722310722145,2.0761053562164307,812025,0.0,0.0
1998-10-01 00:00:00-04:00,2.061060726484606,2.076105489878488,2.0309723618285496,2.0460169315338135,3237975,0.0,0.0
1998-10-02 00:00:00-04:00,2.0460168111756047,2.0836272647832175,2.0234503453224306,2.0309722423553467,255825,0.0,0.0
1998-10-05 00:00:00-04:00,2.023450630926121,2.023450630926121,1.9783174991607666,1.9783174991607666,156600,0.0,0.0
1998-10-06 00:00:00-04:00,1.9858397341254272,2.0159283000511357,1.9858397341254272,2.008406400680542,342225,0.0,0.0
1998-10-07 00:00:00-04:00,2.0234501439119095,2.06858229637146,2.0234501439119095,2.06858229637146,668925,0.0,0.0
1998-10-08 00:00:00-04:00,2.053538342738057,2.053538342738057,1.9933616276755926,2.015927314758301,417150,0.0,0.0
1998-10-09 00:00:00-04:00,2.046016664374089,2.0986709082695962,2.046016664374089,2.0535385608673096,423225,0.0,0.0
1998-10-12 00:00:00-04:00,2.0610604000872597,2.091148953666997,2.0610604000872597,2.06858229637146,203850,0.0,0.0
1998-10-13 00:00:00-04:00,2.06858229637146,2.0836270573827966,2.0610604000872597,2.06858229637146,456975,0.0,0.0
1998-10-14 00:00:00-04:00,2.0610604000872597,2.0986708499511972,2.0610604000872597,2.06858229637146,448200,0.0,0.0
1998-10-15 00:00:00-04:00,2.0610601902008057,2.076104949680071,2.046016399164378,2.0610601902008057,1134000,0.0,0.0
1998-10-16 00:00:00-04:00,2.0610600931959793,2.0836267471313477,2.0384936329491694,2.0836267471313477,666225,0.0,0.0
1998-10-19 00:00:00-04:00,2.106193650156681,2.1738924640635466,2.106193650156681,2.136282205581665,449550,0.0,0.0
1998-10-20 00:00:00-04:00,2.1964601534833474,2.3017692752908636,2.158848908908514,2.1663715839385986,653400,0.0,0.0
1998-10-21 00:00:00-04:00,2.1513272480287693,2.1663718250083104,2.061061723038638,2.128760576248169,557550,0.0,0.0
1998-10-22 00:00:00-04:00,2.1061933565261386,2.1964588165283203,2.091148790378155,2.1964588165283203,216675,0.0,0.0
1998-10-23 00:00:00-04:00,2.196458938216639,2.489821408943752,2.1889360736601486,2.3619449138641357,866700,0.0,0.0
1998-10-26 00:00:00-05:00,2.346901495379048,2.46725514506839,2.346901495379048,2.459733247756958,438075,0.0,0.0
1998-10-27 00:00:00-05:00,2.459732684538077,2.5274314880371094,2.452210788948976,2.5274314880371094,797850,0.0,0.0
1998-10-28 00:00:00-05:00,2.5123863220214844,2.542474856355575,2.497341764321744,2.5123863220214844,272025,0.0,0.0
1998-10-29 00:00:00-05:00,2.4973435732648963,2.5349538326263428,2.4973435732648963,2.5349538326263428,435375,0.0,0.0
1998-10-30 00:00:00-05:00,2.5349532859264436,2.5575199402668503,2.5349532859264436,2.5499980449676514,414450,0.0,0.0
1998-11-02 00:00:00-05:00,2.5499980449676514,2.5499980449676514,2.5274313906272443,2.5499980449676514,244350,0.0,0.0
1998-11-03 00:00:00-05:00,2.549998311720212,2.549998311720212,2.534953551105188,2.5424764156341553,104625,0.0,0.0
1998-11-04 00:00:00-05:00,2.5349538326263428,2.55752049183358,2.523670696711328,2.5349538326263428,218025,0.0,0.0
1998-11-05 00:00:00-05:00,2.5349535321375756,2.595130443572998,2.5349535321375756,2.595130443572998,311850,0.0,0.0
1998-11-06 00:00:00-05:00,2.5800873047691444,2.632742333506588,2.5123884801631933,2.565042734146118,348975,0.0,0.0
1998-11-09 00:00:00-05:00,2.549998143247259,2.55752003883636,2.5123876968589074,2.5274314880371094,305100,0.0,0.0
1998-11-10 00:00:00-05:00,2.542476876812099,2.542476876812099,2.489821851461409,2.5048656463623047,386775,0.0,0.0
1998-11-11 00:00:00-05:00,2.5123883185672216,2.5199102160176694,2.497343748911857,2.5048656463623047,211950,0.0,0.0
1998-11-12 00:00:00-05:00,2.482299272583338,2.504864958740069,2.482299272583338,2.497343063354492,320625,0.0,0.0
1998-11-13 00:00:00-05:00,2.497341764321744,2.5499967478285184,2.497341764321744,2.5123863220214844,366525,0.0,0.0
1998-11-16 00:00:00-05:00,2.5274321134681172,2.549998774262547,2.482299954010961,2.5048656463623047,270675,0.0,0.0
1998-11-17 00:00:00-05:00,2.4898198494111656,2.5274300811756962,2.474775098164584,2.5199081897735596,301725,0.0,0.0
1998-11-18 00:00:00-05:00,2.5199081897735596,2.5349519725778333,2.5048636322154394,2.5199081897735596,47925,0.0,0.0
1998-11-19 00:00:00-05:00,2.5048636557946877,2.519908213494428,2.5048636557946877,2.5123863220214844,81675,0.0,0.0
1998-11-20 00:00:00-05:00,2.5048656463623047,2.5199102160176694,2.5048656463623047,2.5048656463623047,621675,0.0,0.0
1998-11-23 00:00:00-05:00,2.5123862983714225,2.5274300811756962,2.5123862983714225,2.5199081897735596,366525,0.0,0.0
1998-11-24 00:00:00-05:00,2.5274314880371094,2.55752003883636,2.5199095924480086,2.5274314880371094,210600,0.0,0.0
1998-11-25 00:00:00-05:00,2.512388408742276,2.5199103064627013,2.444688811306336,2.482300043106079,126225,0.0,0.0
1998-11-27 00:00:00-05:00,2.5048636322154394,2.5199081897735596,2.4973417408133027,2.5199081897735596,56700,0.0,0.0
1998-11-30 00:00:00-05:00,2.504864958740069,2.5123876288799023,2.482299272583338,2.497343063354492,193725,0.0,0.0
1998-12-01 00:00:00-05:00,2.4822993397482263,2.5274314880371094,2.467254580127178,2.5274314880371094,125550,0.0,0.0
1998-12-02 00:00:00-05:00,2.5349519964403147,2.5575186393014615,2.5048636557946877,2.5123863220214844,2159325,0.0,0.0
1998-12-03 00:00:00-05:00,2.452211350445526,2.4822999081343218,2.4446886783796398,2.459733247756958,529875,0.0,0.0
1998-12-04 00:00:00-05:00,2.452212000599714,2.4823005662658817,2.452212000599714,2.4747776985168457,2016900,0.0,0.0
1998-12-07 00:00:00-05:00,2.4744753075389974,2.5121958255767822,2.4744753075389974,2.5121958255767822,99225,0.008889,0.0
1998-12-08 00:00:00-05:00,2.4971076382397985,2.5348279564537406,2.4971076382397985,2.5046515464782715,210600,0.0,0.0
1998-12-09 00:00:00-05:00,2.534827470779419,2.549916255642317,2.534827470779419,2.534827470779419,126225,0.0,0.0
1998-12-10 00:00:00-05:00,2.534828293013914,2.542372202254025,2.5272843837738037,2.5272843837738037,220725,0.0,0.0
1998-12-11 00:00:00-05:00,2.534828330654876,2.534828330654876,2.504651916224648,2.5121958255767822,527850,0.0,0.0
1998-12-14 00:00:00-05:00,2.4971082156815894,2.5046521256645478,2.4820194244384766,2.4820194244384766,290250,0.0,0.0
1998-12-15 00:00:00-05:00,2.4367538842549945,2.4820180969655667,2.4065774834408327,2.414121389389038,3684150,0.0,0.0
1998-12-16 00:00:00-05:00,2.4141224428300023,2.542372202254025,2.4141224428300023,2.5272843837738037,450900,0.0,0.0
1998-12-17 00:00:00-05:00,2.5121958255767822,2.534828330654876,2.5121958255767822,2.5121958255767822,303075,0.0,0.0
1998-12-18 00:00:00-05:00,2.5121951874258723,2.5197398718831883,2.4820185864057183,2.489563465118408,1001700,0.0,0.0
1998-12-21 00:00:00-05:00,2.489563465118408,2.4971073725542294,2.474474678969897,2.489563465118408,120825,0.0,0.0
1998-12-22 00:00:00-05:00,2.482018955822634,2.504651652775555,2.474475047263998,2.497107744216919,145125,0.0,0.0
1998-12-23 00:00:00-05:00,2.5121944687021487,2.5197391510009766,2.4895627528694826,2.5197391510009766,121500,0.0,0.0
1998-12-24 00:00:00-05:00,2.519740474533693,2.5272843837738037,2.519740474533693,2.5272843837738037,70200,0.0,0.0
1998-12-28 00:00:00-05:00,2.5348284538582586,2.56500506401062,2.504652037961329,2.56500506401062,103950,0.0,0.0
1998-12-29 00:00:00-05:00,2.565004473639245,2.60272479057312,2.565004473639245,2.60272479057312,196425,0.0,0.0
1998-12-30 00:00:00-05:00,2.5876366160024125,2.61026930809021,2.5876366160024125,2.61026930809021,110700,0.0,0.0
1998-12-31 00:00:00-05:00,2.6102699039299493,2.6932554244995117,2.6102699039299493,2.6932554244995117,280800,0.0,0.0
1999-01-04 00:00:00-05:00,2.663079674513386,2.7837857484506388,2.647991075324161,2.715888023376465,607500,0.0,0.0
1999-01-05 00:00:00-05:00,2.715886710109632,2.715886710109632,2.489563465118408,2.489563465118408,1023300,0.0,0.0
1999-01-06 00:00:00-05:00,2.534828293013914,2.549917082771236,2.4744752707942483,2.5272843837738037,375975,0.0,0.0
1999-01-07 00:00:00-05:00,2.4971076382397985,2.5121954547167444,2.474474942247408,2.5046515464782715,264600,0.0,0.0
1999-01-08 00:00:00-05:00,2.5046521256645478,2.5046521256645478,2.459387694489601,2.4820194244384766,442125,0.0,0.0
1999-01-11 00:00:00-05:00,2.4820186816923306,2.4820186816923306,2.4442983660436175,2.466930866241455,332775,0.0,0.0
1999-01-12 00:00:00-05:00,2.4820180969655667,2.4971068801386536,2.414121389389038,2.414121389389038,277425,0.0,0.0
1999-01-13 00:00:00-05:00,2.383945760690073,2.4292101860046387,2.383945760690073,2.4292101860046387,276075,0.0,0.0
1999-01-14 00:00:00-05:00,2.414121389389038,2.421665295337243,2.4065774834408327,2.414121389389038,336825,0.0,0.0
1999-01-15 00:00:00-05:00,2.414122201046448,2.4895638112122502,2.414122201046448,2.4367547035217285,217350,0.0,0.0
1999-01-19 00:00:00-05:00,2.4141223254374258,2.4141223254374258,2.308504104614258,2.308504104614258,278100,0.0,0.0
1999-01-20 00:00:00-05:00,2.2934162390030406,2.3085040564346904,2.225518535240332,2.233063220977783,1485675,0.0,0.0
1999-01-21 00:00:00-05:00,2.233063497521194,2.263239913143178,2.217974901199341,2.217974901199341,1109025,0.0,0.0
1999-01-22 00:00:00-05:00,2.2330633524975796,2.2707836753199278,2.2330633524975796,2.240607261657715,783675,0.0,0.0
1999-01-25 00:00:00-05:00,2.25569589464825,2.25569589464825,2.2028869756025538,2.2255187034606934,827550,0.0,0.0
1999-01-26 00:00:00-05:00,2.2179746265245073,2.255695724146884,2.2028868090928575,2.233063220977783,955800,0.0,0.0
1999-01-27 00:00:00-05:00,2.2481513168213247,2.263239913143178,2.217974901199341,2.217974901199341,909225,0.0,0.0
1999-01-28 00:00:00-05:00,2.2330627485024683,2.2481505627418117,2.2028863430023193,2.2028863430023193,333450,0.0,0.0
1999-01-29 00:00:00-05:00,2.217974280964993,2.2255181885054798,2.1727098644451894,2.1953415870666504,250425,0.0,0.0
1999-02-01 00:00:00-05:00,2.210430373424506,2.2330628730674724,2.1877976795261636,2.1953415870666504,228150,0.0,0.0
1999-02-02 00:00:00-05:00,2.1953415972543744,2.2255181988332415,2.1953415972543744,2.210430383682251,261225,0.0,0.0
1999-02-03 00:00:00-05:00,2.1953415870666504,2.217974280964993,2.1877976795261636,2.1953415870666504,276075,0.0,0.0
1999-02-04 00:00:00-05:00,2.1802537719856767,2.2028864658840193,2.1727098644451894,2.1953415870666504,163350,0.0,0.0
1999-02-05 00:00:00-05:00,2.210432392649596,2.210432392649596,2.1727118492126465,2.1727118492126465,159975,0.0,0.0
1999-02-08 00:00:00-05:00,2.172710549462156,2.187798369300051,2.172710549462156,2.1802544593811035,176175,0.0,0.0
1999-02-09 00:00:00-05:00,2.1953416927088054,2.2028865718892416,2.1802538769017903,2.187797784805298,114075,0.0,0.0
1999-02-10 00:00:00-05:00,2.1877989807202773,2.202887776052199,2.1048134230993427,2.127445936203003,564975,0.0,0.0
1999-02-11 00:00:00-05:00,2.097269169039269,2.1349895000457764,2.097269169039269,2.1349895000457764,213975,0.0,0.0
1999-02-12 00:00:00-05:00,2.1500786435621553,2.1500786435621553,2.1199020241757722,2.127445936203003,203175,0.0,0.0
1999-02-16 00:00:00-05:00,2.1274447132381717,2.142533499896281,2.0369152956309797,2.067091703414917,666900,0.0,0.0
1999-02-17 00:00:00-05:00,2.052003860473633,2.082180462107654,2.052003860473633,2.052003860473633,566325,0.0,0.0
1999-02-18 00:00:00-05:00,2.067091809230345,2.0821805966608564,2.052003993076784,2.0595479011535645,377325,0.0,0.0
1999-02-19 00:00:00-05:00,2.0670916756521995,2.082180462107654,2.052003860473633,2.052003860473633,261225,0.0,0.0
1999-02-22 00:00:00-05:00,2.0520042625152812,2.0897247791290283,2.0520042625152812,2.0897247791290283,216000,0.0,0.0
1999-02-23 00:00:00-05:00,2.104812490073532,2.104812490073532,2.0897246727072303,2.097268581390381,201825,0.0,0.0
1999-02-24 00:00:00-05:00,2.0897246491813806,2.1123571519976623,2.0369155406951904,2.0369155406951904,461025,0.0,0.0
1999-02-25 00:00:00-05:00,2.006739165032918,2.0293716682524225,1.9916503762906321,2.021826982498169,127575,0.0,0.0
1999-02-26 00:00:00-05:00,2.006739258925485,2.044459581375122,2.006739258925485,2.044459581375122,308475,0.0,0.0
1999-03-01 00:00:00-05:00,2.052003993076784,2.067091809230345,1.9916502031424685,2.0595479011535645,368550,0.0,0.0
1999-03-02 00:00:00-05:00,2.074636697769165,2.0972694039725512,2.0595488744851806,2.074636697769165,197100,0.0,0.0
1999-03-03 00:00:00-05:00,2.0746345069981893,2.0746345069981893,2.0218256272254695,2.0293703079223633,608850,0.0,0.0
1999-03-04 00:00:00-05:00,2.029371763203933,2.044459581375122,2.006739258925485,2.044459581375122,215325,0.0,0.0
1999-03-05 00:00:00-05:00,2.067091703414917,2.0897243977636304,2.059547795724313,2.067091703414917,270675,0.0,0.0
1999-03-08 00:00:00-05:00,2.082181930541992,2.0897258434515313,2.052005307626262,2.082181930541992,240300,0.0,0.0
1999-03-09 00:00:00-05:00,2.067091703414917,2.0821804900730263,2.044459203321584,2.067091703414917,434025,0.0,0.0
1999-03-10 00:00:00-05:00,2.0972680002218964,2.157621001261492,2.0821801870365397,2.104811906814575,605475,0.0,0.0
1999-03-11 00:00:00-05:00,2.104812512443605,2.1576216220855713,2.104812512443605,2.1576216220855713,584550,0.0,0.0
1999-03-12 00:00:00-05:00,2.1500773648022236,2.2028864658840193,2.1500773648022236,2.1953415870666504,403650,0.0,0.0
1999-03-15 00:00:00-05:00,2.210178332511933,2.2404546278829525,2.2026084790756215,2.217747211456299,375300,0.008889,0.0
1999-03-16 00:00:00-05:00,2.232883808176193,2.232883808176193,2.210177183151245,2.210177183151245,303075,0.0,0.0
1999-03-17 00:00:00-05:00,2.2101786800110537,2.2177475601454493,2.172332525253296,2.172332525253296,637875,0.0,0.0
1999-03-18 00:00:00-05:00,2.187469406058426,2.2253147525192,2.1723308776775725,2.2026071548461914,231525,0.0,0.0
1999-03-19 00:00:00-05:00,2.1950388355670483,2.2026077118750633,2.179901082951018,2.187469959259033,363825,0.0,0.0
1999-03-22 00:00:00-05:00,2.1950388355670483,2.1950388355670483,2.179901082951018,2.187469959259033,294300,0.0,0.0
1999-03-23 00:00:00-05:00,2.1799021849813713,2.1799021849813713,2.1647636451189003,2.172332525253296,567675,0.0,0.0
1999-03-24 00:00:00-05:00,2.1799021849813713,2.1799021849813713,2.1647636451189003,2.172332525253296,207225,0.0,0.0
1999-03-25 00:00:00-05:00,2.172333367731752,2.179903030395508,2.1647644846619776,2.179903030395508,36450,0.0,0.0
1999-03-26 00:00:00-05:00,2.172332525253296,2.1799021849813713,2.1571947649845047,2.172332525253296,240975,0.0,0.0
1999-03-29 00:00:00-05:00,2.17233153468567,2.2404539585113525,2.17233153468567,2.2404539585113525,590625,0.0,0.0
1999-03-30 00:00:00-05:00,2.2253166494975356,2.278300374607038,2.2253166494975356,2.263162612915039,163350,0.0,0.0
1999-03-31 00:00:00-05:00,2.2480223377859763,2.2480223377859763,2.20260733365149,2.210177183151245,263925,0.0,0.0
1999-04-01 00:00:00-05:00,2.2177464389827,2.2177464389827,2.179901082951018,2.187469959259033,85050,0.0,0.0
1999-04-05 00:00:00-04:00,2.2026088678443885,2.2026088678443885,2.179902227003484,2.195039987564087,182250,0.0,0.0
1999-04-06 00:00:00-04:00,2.1950382804523088,2.2026071548461914,2.179900531664543,2.2026071548461914,274725,0.0,0.0
1999-04-07 00:00:00-04:00,2.2026083849012625,2.2026083849012625,2.1647632122039795,2.1647632122039795,571050,0.0,0.0
1999-04-08 00:00:00-04:00,2.157195053383427,2.1647639345297187,2.1193496731597383,2.1269185543060303,672975,0.0,0.0
1999-04-09 00:00:00-04:00,2.134486071018036,2.210177562674685,2.1193483184020057,2.187469959259033,309825,0.0,0.0
1999-04-12 00:00:00-04:00,2.172330862093372,2.2707295417785645,2.172330862093372,2.2707295417785645,639225,0.0,0.0
1999-04-13 00:00:00-04:00,2.2858692057444943,2.3237153632374326,2.2858692057444943,2.308576822280884,180900,0.0,0.0
1999-04-14 00:00:00-04:00,2.293437672276944,2.3842667191378775,2.293437672276944,2.376697063446045,318600,0.0,0.0
1999-04-15 00:00:00-04:00,2.3766970853961484,2.467526912689209,2.3766970853961484,2.467526912689209,549450,0.0,0.0
1999-04-16 00:00:00-04:00,2.467527327499076,2.6340471138599852,2.467527327499076,2.6189093589782715,519750,0.0,0.0
1999-04-19 00:00:00-04:00,2.649185766048929,2.777860196431317,2.649185766048929,2.7324459552764893,644625,0.0,0.0
1999-04-20 00:00:00-04:00,2.7551525886080053,2.96708818270975,2.679462056751053,2.7324459552764893,1213650,0.0,0.0
1999-04-21 00:00:00-04:00,2.717308214893632,2.906536256517943,2.7021704549117587,2.8232760429382324,371925,0.0,0.0
1999-04-22 00:00:00-04:00,2.830844592206289,2.830844592206289,2.762722926160657,2.770291805267334,85725,0.0,0.0
1999-04-23 00:00:00-04:00,2.7400148330536616,2.7551525886080053,2.702169664574365,2.7324459552764893,149850,0.0,0.0
1999-04-26 00:00:00-04:00,2.7854294261813615,2.792999084508488,2.724876642227173,2.724876642227173,153225,0.0,0.0
1999-04-27 00:00:00-04:00,2.7248751179005795,2.8081352710723877,2.6945986454113013,2.8081352710723877,367200,0.0,0.0
1999-04-28 00:00:00-04:00,2.7854301554209075,3.012503398321005,2.7854301554209075,2.9141054153442383,1131300,0.0,0.0
1999-04-29 00:00:00-04:00,2.9065343320654042,2.9141032070448945,2.8762578576560083,2.883826732635498,455625,0.0,0.0
1999-04-30 00:00:00-04:00,2.883827354435876,2.89139623104734,2.7627220153808594,2.7627220153808594,156600,0.0,0.0
1999-05-03 00:00:00-04:00,2.7627229773092616,2.921673729256918,2.7627229773092616,2.89139723777771,707400,0.0,0.0
1999-05-04 00:00:00-04:00,2.8913970468210026,2.921673536300659,2.8913970468210026,2.921673536300659,423900,0.0,0.0
1999-05-05 00:00:00-04:00,2.921674296059401,2.921674296059401,2.898966679421739,2.9141054153442383,380025,0.0,0.0
1999-05-06 00:00:00-04:00,2.9141060383576294,2.951951229618192,2.9141060383576294,2.929243803024292,230175,0.0,0.0
1999-05-07 00:00:00-04:00,2.9519480533184015,3.0881920764861084,2.9519480533184015,3.004931926727295,707400,0.0,0.0
1999-05-10 00:00:00-04:00,3.0276410647317746,3.118470134908084,3.0276410647317746,3.057917356491089,444825,0.0,0.0
1999-05-11 00:00:00-04:00,3.042780215088582,3.042780215088582,2.9746585274151554,2.997365951538086,178875,0.0,0.0
1999-05-12 00:00:00-04:00,2.9822257386260658,2.9897946158965576,2.9368115005113866,2.967087984085083,340875,0.0,0.0
1999-05-13 00:00:00-04:00,2.9746585274151554,3.020072596067196,2.951950908393769,2.997365951538086,242325,0.0,0.0
1999-05-14 00:00:00-04:00,2.9670873686232055,2.974656244323688,2.951948642730713,2.951948642730713,140400,0.0,0.0
1999-05-17 00:00:00-04:00,2.951951229618192,2.9897966157772307,2.8989672991985844,2.929243803024292,267300,0.0,0.0
1999-05-18 00:00:00-04:00,2.9292412753213384,2.9519486823205465,2.9292412753213384,2.9443798065185547,97200,0.0,0.0
1999-05-19 00:00:00-04:00,2.9443798065185547,2.9519486823205465,2.9065346479153633,2.9443798065185547,190350,0.0,0.0
1999-05-20 00:00:00-04:00,2.9216717769684815,3.0200696751057214,2.9216717769684815,3.004931926727295,192375,0.0,0.0
1999-05-21 00:00:00-04:00,3.0125021934509277,3.027640923318592,2.997364438075047,3.0125021934509277,109350,0.0,0.0
1999-05-24 00:00:00-04:00,3.0125011412949796,3.0427776159640647,3.0125011412949796,3.027639865875244,157950,0.0,0.0
1999-05-25 00:00:00-04:00,2.9973633654970184,3.0049322404765086,2.8762578576560083,2.883826732635498,611550,0.0,0.0
1999-05-26 00:00:00-04:00,2.8838283565733525,2.8838283565733525,2.8459824011778374,2.8611209392547607,477225,0.0,0.0
1999-05-27 00:00:00-04:00,2.8459823504196424,2.8459823504196424,2.7248767765417323,2.770291805267334,365175,0.0,0.0
1999-05-28 00:00:00-04:00,2.7854280860600826,2.8611193706585047,2.7778592109680176,2.7778592109680176,406350,0.0,0.0
1999-06-01 00:00:00-04:00,2.7854277302604418,2.800566258103996,2.6794607639312744,2.6794607639312744,307125,0.0,0.0
1999-06-02 00:00:00-04:00,2.679461066342364,2.883826732635498,2.679461066342364,2.883826732635498,594000,0.0,0.0
1999-06-03 00:00:00-04:00,2.876259479284098,2.997365055404137,2.876259479284098,2.89139723777771,631125,0.0,0.0
1999-06-04 00:00:00-04:00,2.8762597620621166,2.8762597620621166,2.7324467544691693,2.8232760429382324,176850,0.0,0.0
1999-06-07 00:00:00-04:00,2.823275713099612,2.823275713099612,2.7173078974350555,2.770291805267334,847125,0.0,0.0
1999-06-08 00:00:00-04:00,2.7702916687141776,2.7702916687141776,2.6946001528008865,2.724876642227173,371925,0.0,0.0
1999-06-09 00:00:00-04:00,2.724876730773154,2.7400152683258057,2.7173078517936085,2.7400152683258057,373275,0.0,0.0
1999-06-10 00:00:00-04:00,2.724875331238951,2.7854280860600826,2.717306456146886,2.7778592109680176,201150,0.0,0.0
1999-06-11 00:00:00-04:00,2.7854280860600826,2.830843090697084,2.7475827361083067,2.7778592109680176,274050,0.0,0.0
1999-06-14 00:00:00-04:00,2.7775569310487347,2.861035485853502,2.7775569310487347,2.838268518447876,357075,0.008889,0.0
1999-06-15 00:00:00-04:00,2.898980494468921,2.898980494468921,2.8610360622406006,2.8610360622406006,152550,0.0,0.0
1999-06-16 00:00:00-04:00,2.8762131847764287,2.8762131847764287,2.777557164501291,2.7927346229553223,166050,0.0,0.0
1999-06-17 00:00:00-04:00,2.807912627043547,2.853445975626248,2.807912627043547,2.838268518447876,27000,0.0,0.0
1999-06-18 00:00:00-04:00,2.807912863047487,2.815501592274503,2.7927346229553223,2.7927346229553223,361800,0.0,0.0
1999-06-21 00:00:00-04:00,2.8003236135609693,2.8003236135609693,2.7396120323383744,2.762378215789795,106650,0.0,0.0
1999-06-22 00:00:00-04:00,2.7472023914274435,2.7472023914274435,2.663723795546362,2.686490774154663,178200,0.0,0.0
1999-06-23 00:00:00-04:00,2.701666909423637,2.838268518447876,2.701666909423637,2.838268518447876,167400,0.0,0.0
1999-06-24 00:00:00-04:00,2.823090783505784,2.838269221491463,2.7320234775543213,2.7320234775543213,293625,0.0,0.0
1999-06-25 00:00:00-04:00,2.747201442718506,2.7547901724211235,2.7016673058168905,2.747201442718506,205200,0.0,0.0
1999-06-28 00:00:00-04:00,2.7472009030569846,2.800323759225737,2.7472009030569846,2.7851455211639404,254475,0.0,0.0
1999-06-29 00:00:00-04:00,2.792735166079881,2.8003246784210205,2.694078931208778,2.8003246784210205,210600,0.0,0.0
1999-06-30 00:00:00-04:00,2.8003241338204714,2.8230903215015184,2.701667136497667,2.7927346229553223,212625,0.0,0.0
1999-07-01 00:00:00-04:00,2.823090870529583,2.823090870529583,2.7775577046741726,2.8003246784210205,127575,0.0,0.0
1999-07-02 00:00:00-04:00,2.7927355419941344,2.7927355419941344,2.7016680255678045,2.716846466064453,140400,0.0,0.0
1999-07-06 00:00:00-04:00,2.7092570125672357,2.777557338576704,2.7092570125672357,2.747201442718506,79650,0.0,0.0
1999-07-07 00:00:00-04:00,2.7244354128191426,2.739613659104161,2.648545549261344,2.686490774154663,138375,0.0,0.0
1999-07-08 00:00:00-04:00,2.686489723226871,2.686489723226871,2.6257783251133926,2.6637227535247803,185625,0.0,0.0
1999-07-09 00:00:00-04:00,2.6561333119420403,2.701666457498604,2.6561333119420403,2.694077730178833,562950,0.0,0.0
1999-07-12 00:00:00-04:00,2.716845373273254,2.7699682326624444,2.7092566446013224,2.739612340927124,81675,0.0,0.0
1999-07-13 00:00:00-04:00,2.739611381032914,2.739611381032914,2.7092556953430176,2.7092556953430176,72900,0.0,0.0
1999-07-14 00:00:00-04:00,2.7092572861475426,2.7320234775543213,2.7092572861475426,2.7320234775543213,297000,0.0,0.0
1999-07-15 00:00:00-04:00,2.7244338031414888,2.8155010775405613,2.7244338031414888,2.8079123497009277,222075,0.0,0.0
1999-07-16 00:00:00-04:00,2.800323928988246,2.8079126576601774,2.701666938881796,2.739612340927124,108000,0.0,0.0
1999-07-19 00:00:00-04:00,2.762378489214605,2.823090076446533,2.762378489214605,2.823090076446533,277425,0.0,0.0
1999-07-20 00:00:00-04:00,2.807913409123875,2.807913409123875,2.7699689739713182,2.8003246784210205,251775,0.0,0.0
1999-07-21 00:00:00-04:00,2.792734380535327,2.823090076446533,2.792734380535327,2.823090076446533,265275,0.0,0.0
1999-07-22 00:00:00-04:00,2.8230911334832327,2.914159427772221,2.8230911334832327,2.906569719314575,353700,0.0,0.0
1999-07-23 00:00:00-04:00,2.906569719314575,2.9900485005555075,2.8989809879048773,2.906569719314575,236925,0.0,0.0
1999-07-26 00:00:00-04:00,2.8534460727777278,2.8610355832633823,2.8079127226447493,2.8155014514923096,108675,0.0,0.0
1999-07-27 00:00:00-04:00,2.8306802937915436,2.883802966649164,2.800324396983095,2.8534464836120605,207225,0.0,0.0
1999-07-28 00:00:00-04:00,2.8534459715628406,2.8762129389360456,2.8534459715628406,2.868624210357666,37125,0.0,0.0
1999-07-29 00:00:00-04:00,2.8534456937862176,2.8534456937862176,2.800323621861294,2.8079123497009277,120150,0.0,0.0
1999-07-30 00:00:00-04:00,2.8230900842219193,2.838268518447876,2.8230900842219193,2.838268518447876,122850,0.0,0.0
1999-08-02 00:00:00-04:00,2.807911783841061,2.8458563924399916,2.807911783841061,2.830678939819336,244350,0.0,0.0
1999-08-03 00:00:00-04:00,2.8306799239234817,2.8458573818206787,2.8003240310814568,2.8458573818206787,182925,0.0,0.0
1999-08-04 00:00:00-04:00,2.845857753671888,2.86103599519044,2.845857753671888,2.8534464836120605,209925,0.0,0.0
1999-08-05 00:00:00-04:00,2.86103562135598,2.86103562135598,2.8230902179272523,2.8458573818206787,159300,0.0,0.0
1999-08-06 00:00:00-04:00,2.8458563924399916,2.8610346266984803,2.8155005101513892,2.830678939819336,178875,0.0,0.0
1999-08-09 00:00:00-04:00,2.8306798207235664,2.8306798207235664,2.739612340927124,2.739612340927124,120825,0.0,0.0
1999-08-10 00:00:00-04:00,2.7472023914274435,2.7472023914274435,2.625779352291495,2.686490774154663,257175,0.0,0.0
1999-08-11 00:00:00-04:00,2.7092572861475426,2.7396129896615085,2.70166757863079,2.7320234775543213,442800,0.0,0.0
1999-08-12 00:00:00-04:00,2.732023561770905,2.823090870529583,2.7244348310680513,2.8003246784210205,118125,0.0,0.0
1999-08-13 00:00:00-04:00,2.792735166079881,2.8003246784210205,2.792735166079881,2.8003246784210205,27675,0.0,0.0
1999-08-16 00:00:00-04:00,2.792734380535327,2.823090076446533,2.792734380535327,2.823090076446533,37125,0.0,0.0
1999-08-17 00:00:00-04:00,2.815501215649505,2.815501215649505,2.7851455211639404,2.7851455211639404,203850,0.0,0.0
1999-08-18 00:00:00-04:00,2.762379181068287,2.762379181068287,2.7320234775543213,2.7320234775543213,89775,0.0,0.0
1999-08-19 00:00:00-04:00,2.701666457498604,2.701666457498604,2.6637220392618115,2.694077730178833,78300,0.0,0.0
1999-08-20 00:00:00-04:00,2.7092572861475426,2.7396129896615085,2.70166757863079,2.7320234775543213,50625,0.0,0.0
1999-08-23 00:00:00-04:00,2.7320227225042784,2.73961223251395,2.6713111368456626,2.701666831970215,168075,0.0,0.0
1999-08-24 00:00:00-04:00,2.6864899790911707,2.6864899790911707,2.5878331661224365,2.5878331661224365,189675,0.0,0.0
1999-08-25 00:00:00-04:00,2.5954218852158344,2.5954218852158344,2.5043546117739854,2.5422990322113037,210600,0.0,0.0
1999-08-26 00:00:00-04:00,2.5498875187303924,2.5498875187303924,2.4891759437098195,2.5119431018829346,120150,0.0,0.0
1999-08-27 00:00:00-04:00,2.5043547843973664,2.595422064116417,2.5043547843973664,2.5802438259124756,132300,0.0,0.0
1999-08-30 00:00:00-04:00,2.5650667870193917,2.5650667870193917,2.489176756099475,2.5043551921844482,135000,0.0,0.0
1999-08-31 00:00:00-04:00,2.489177386471269,2.5423002652406828,2.473999923590383,2.5271220207214355,276750,0.0,0.0
1999-09-01 00:00:00-04:00,2.5271211709816424,2.5650665741110994,2.5195324420928955,2.5195324420928955,72900,0.0,0.0
1999-09-02 00:00:00-04:00,2.511943713204148,2.5195324420928955,2.5043549843154014,2.5195324420928955,105975,0.0,0.0
1999-09-03 00:00:00-04:00,2.542299642838683,2.5802442677993036,2.542299642838683,2.5498883724212646,121500,0.0,0.0
1999-09-07 00:00:00-04:00,2.549886719121094,2.5726538701547446,2.534709269796713,2.5650651454925537,261900,0.0,0.0
1999-09-08 00:00:00-04:00,2.5347115338002397,2.549888996681126,2.489177386471269,2.5271220207214355,270000,0.0,0.0
1999-09-09 00:00:00-04:00,2.5195326452331965,2.527121374733794,2.466409780043152,2.4891767501831055,211275,0.0,0.0
1999-09-10 00:00:00-04:00,2.5119440742784156,2.587833132760125,2.5119440742784156,2.5574772357940674,228150,0.0,0.0
1999-09-13 00:00:00-04:00,2.549888538687624,2.5878331661224365,2.5422998086102164,2.5878331661224365,145125,0.0,0.0
1999-09-14 00:00:00-04:00,2.5723083980632575,2.633191391848853,2.5723083980632575,2.587528705596924,308475,0.008889,0.0
1999-09-15 00:00:00-04:00,2.602749385189041,2.610359537751856,2.557086706161499,2.557086706161499,102600,0.0,0.0
1999-09-16 00:00:00-04:00,2.564696858724314,2.564696858724314,2.541866401035869,2.557086706161499,76275,0.0,0.0
1999-09-17 00:00:00-04:00,2.557086776306731,2.564696929078305,2.541866470763582,2.5494766235351562,839025,0.0,0.0
1999-09-20 00:00:00-04:00,2.541866401035869,2.564696858724314,2.541866401035869,2.557086706161499,49950,0.0,0.0
1999-09-21 00:00:00-04:00,2.5494771721551692,2.5646974809735648,2.5418670177459717,2.5418670177459717,118800,0.0,0.0
1999-09-22 00:00:00-04:00,2.53425607949185,2.557087326564367,2.53425607949185,2.5418670177459717,309825,0.0,0.0
1999-09-23 00:00:00-04:00,2.5418669194049786,2.5494770735197507,2.5342559814453125,2.5342559814453125,178875,0.0,0.0
1999-09-24 00:00:00-04:00,2.541865929927387,2.541865929927387,2.488593108210595,2.5114245414733887,59400,0.0,0.0
1999-09-27 00:00:00-04:00,2.511425832135197,2.6027502403914107,2.4962045422022925,2.503814697265625,173475,0.0,0.0
1999-09-28 00:00:00-04:00,2.488594148597986,2.488594148597986,2.4048799034294257,2.420100212097168,82350,0.0,0.0
1999-09-29 00:00:00-04:00,2.4048792267421577,2.4657622079328756,2.382047986319905,2.4581520557403564,83700,0.0,0.0
1999-09-30 00:00:00-04:00,2.450540671181803,2.450540671181803,2.3439958165309576,2.4124889373779297,250425,0.0,0.0
1999-10-01 00:00:00-04:00,2.3896576417895314,2.480982780456543,2.3896576417895314,2.480982780456543,196425,0.0,0.0
1999-10-04 00:00:00-04:00,2.465762107046663,2.496203498415931,2.4429308675585464,2.4505410194396973,115425,0.0,0.0
1999-10-05 00:00:00-04:00,2.435321500571056,2.4657629017514564,2.3896588109167674,2.420100212097168,113400,0.0,0.0
1999-10-06 00:00:00-04:00,2.4201013542988314,2.4277124920310342,2.321166753768921,2.321166753768921,141075,0.0,0.0
1999-10-07 00:00:00-04:00,2.305944847399565,2.305944847399565,2.2678923203663075,2.2907235622406006,124875,0.0,0.0
1999-10-08 00:00:00-04:00,2.2907234324686048,2.3059447167652665,2.245060951306848,2.260282039642334,289575,0.0,0.0
1999-10-11 00:00:00-04:00,2.267893798266989,2.313556507733424,2.267893798266989,2.3059463500976562,163350,0.0,0.0
1999-10-12 00:00:00-04:00,2.305944847399565,2.305944847399565,2.2678923203663075,2.2907235622406006,201150,0.0,0.0
1999-10-13 00:00:00-04:00,2.26789269761919,2.275503635406494,2.26789269761919,2.275503635406494,43200,0.0,0.0
1999-10-14 00:00:00-04:00,2.2678914426331205,2.29833282540232,2.2678914426331205,2.2831125259399414,120825,0.0,0.0
1999-10-15 00:00:00-04:00,2.29833282540232,2.29833282540232,2.275502376208752,2.2831125259399414,130275,0.0,0.0
1999-10-18 00:00:00-04:00,2.2983340972337776,2.2983340972337776,2.2602825436767624,2.275503635406494,126225,0.0,0.0
1999-10-19 00:00:00-04:00,2.2755031645541264,2.283113316921844,2.207009245749348,2.2146193981170654,50625,0.0,0.0
1999-10-20 00:00:00-04:00,2.2070088458533537,2.2298402786254883,2.1917885438757407,2.2298402786254883,1409400,0.0,0.0
1999-10-21 00:00:00-04:00,2.2146193981170654,2.2146193981170654,2.1993990933816305,2.2146193981170654,99225,0.0,0.0
1999-10-22 00:00:00-04:00,2.2222316442605194,2.260283209018473,2.214620508271566,2.2450621128082275,82350,0.0,0.0
1999-10-25 00:00:00-04:00,2.2374504296142947,2.2526715154364796,2.2070088458533537,2.2298402786254883,94500,0.0,0.0
1999-10-26 00:00:00-04:00,2.2298418737491317,2.245062186614638,2.222231717316378,2.2374520301818848,71550,0.0,0.0
1999-10-27 00:00:00-04:00,2.23745166356471,2.374438768056505,2.23745166356471,2.351607322692871,232200,0.0,0.0
1999-10-28 00:00:00-04:00,2.382047617860907,2.435320438618779,2.382047617860907,2.404878854751587,164700,0.0,0.0
1999-10-29 00:00:00-04:00,2.404878854751587,2.4277102876034107,2.3896577688762752,2.404878854751587,99225,0.0,0.0
1999-11-01 00:00:00-05:00,2.41249059835606,2.4353220462799072,2.41249059835606,2.4353220462799072,89775,0.0,0.0
1999-11-02 00:00:00-05:00,2.427711580352167,2.458152984468167,2.427711580352167,2.442931890487671,145125,0.0,0.0
1999-11-03 00:00:00-05:00,2.450542045555423,2.450542045555423,2.412490290410423,2.442931890487671,155250,0.0,0.0
1999-11-04 00:00:00-05:00,2.4353208153181036,2.4581520557403564,2.4353208153181036,2.4581520557403564,83025,0.0,0.0
1999-11-05 00:00:00-05:00,2.465763568878174,2.4962049782946756,2.4581534124853306,2.465763568878174,148500,0.0,0.0
1999-11-08 00:00:00-05:00,2.458152984468167,2.4733732946036713,2.427711580352167,2.442931890487671,201825,0.0,0.0
1999-11-09 00:00:00-05:00,2.435320715677395,2.4505410194396973,2.435320715677395,2.4505410194396973,93150,0.0,0.0
1999-11-10 00:00:00-05:00,2.4505410194396973,2.4505410194396973,2.435320715677395,2.4505410194396973,41175,0.0,0.0
1999-11-11 00:00:00-05:00,2.4429305896341478,2.4429305896341478,2.3896577688762752,2.404878854751587,116775,0.0,0.0
1999-11-12 00:00:00-05:00,2.3972689764658104,2.4505410194396973,2.3972689764658104,2.4505410194396973,67500,0.0,0.0
1999-11-15 00:00:00-05:00,2.435320715677395,2.4505410194396973,2.4200994321092635,2.4505410194396973,88425,0.0,0.0
1999-11-16 00:00:00-05:00,2.4353214024250005,2.4353214024250005,2.427711248397827,2.427711248397827,311175,0.0,0.0
1999-11-17 00:00:00-05:00,2.435321735419919,2.465763139535919,2.435321735419919,2.442931890487671,162000,0.0,0.0
1999-11-18 00:00:00-05:00,2.4353221594616725,2.465763568878174,2.4353221594616725,2.465763568878174,118125,0.0,0.0
1999-11-19 00:00:00-05:00,2.465762107046663,2.473372258927814,2.427710563796244,2.4505410194396973,56025,0.0,0.0
1999-11-22 00:00:00-05:00,2.45815252336595,2.45815252336595,2.3668281321874036,2.3744382858276367,134325,0.0,0.0
1999-11-23 00:00:00-05:00,2.3744379078044306,2.389658212661743,2.3592166231412173,2.389658212661743,172800,0.0,0.0
1999-11-24 00:00:00-05:00,2.3820489969796563,2.3820489969796563,2.3363870846451595,2.3439972400665283,90450,0.0,0.0
1999-11-26 00:00:00-05:00,2.343996416088351,2.3972692489624023,2.336386263342157,2.3972692489624023,70875,0.0,0.0
1999-11-29 00:00:00-05:00,2.3896585931081034,2.3896585931081034,2.3668281321874036,2.3744382858276367,70200,0.0,0.0
1999-11-30 00:00:00-05:00,2.3744390343151642,2.4353220462799072,2.3744390343151642,2.4353220462799072,230175,0.0,0.0
1999-12-01 00:00:00-05:00,2.4200990881775666,2.4200990881775666,2.397268635778657,2.4124889373779297,206550,0.0,0.0
1999-12-02 00:00:00-05:00,2.4048798065101997,2.427711248397827,2.4048798065101997,2.427711248397827,89100,0.0,0.0
1999-12-03 00:00:00-05:00,2.420100212097168,2.4733730560853275,2.412490057763297,2.420100212097168,158625,0.0,0.0
1999-12-06 00:00:00-05:00,2.4201007543952207,2.4353220462799072,2.4201007543952207,2.4353220462799072,213975,0.0,0.0
1999-12-07 00:00:00-05:00,2.4426492079843793,2.4426492079843793,2.4273821197471483,2.43501615524292,54675,0.008889,0.0
1999-12-08 00:00:00-05:00,2.4121155706317876,2.4273816733069893,2.343416339635944,2.3739495277404785,196425,0.0,0.0
1999-12-09 00:00:00-05:00,2.3586832757329326,2.3586832757329326,2.2976170744974382,2.343417167663574,161325,0.0,0.0
1999-12-10 00:00:00-05:00,2.328150273390633,2.343417167663574,2.320517219355954,2.343417167663574,180900,0.0,0.0
1999-12-13 00:00:00-05:00,2.3434171987899157,2.3815834522247314,2.3357833584502576,2.3815834522247314,114750,0.0,0.0
1999-12-14 00:00:00-05:00,2.3663163297676117,2.373950366556769,2.305250128532117,2.343417167663574,222750,0.0,0.0
1999-12-15 00:00:00-05:00,2.3281496384312934,2.358682632446289,2.31288353452548,2.358682632446289,437400,0.0,0.0
1999-12-16 00:00:00-05:00,2.35104985559529,2.4121160473216223,2.35104985559529,2.3968491554260254,245700,0.0,0.0
1999-12-17 00:00:00-05:00,2.404482994475554,2.404482994475554,2.389216102579957,2.3968491554260254,968625,0.0,0.0
1999-12-20 00:00:00-05:00,2.37394979630544,2.396848952908824,2.335782766342163,2.335782766342163,167400,0.0,0.0
1999-12-21 00:00:00-05:00,2.320517219355954,2.3510502216982534,2.305250128532117,2.343417167663574,87750,0.0,0.0
1999-12-22 00:00:00-05:00,2.3434177143993726,2.3434177143993726,2.236551591616021,2.2518177032470703,261225,0.0,0.0
1999-12-23 00:00:00-05:00,2.2365504120957636,2.2518165156757184,2.221283325761619,2.228917360305786,239625,0.0,0.0
1999-12-27 00:00:00-05:00,2.2212832782196252,2.228917312600401,2.20601717496641,2.2136502265930176,220050,0.0,0.0
1999-12-28 00:00:00-05:00,2.2136502739716417,2.244183463885741,2.198384170391687,2.228917360305786,972000,0.0,0.0
1999-12-29 00:00:00-05:00,2.228917440784029,2.335782724863129,2.228917440784029,2.297616481781006,370575,0.0,0.0
1999-12-30 00:00:00-05:00,2.2823503776498466,2.31288356866639,2.2823503776498466,2.297616481781006,184275,0.0,0.0
1999-12-31 00:00:00-05:00,2.297617073489583,2.3357833264007155,2.282350965426921,2.3281502723693848,159975,0.0,0.0
2000-01-03 00:00:00-05:00,2.32051682472229,2.3281498774588707,2.3052497364948175,2.32051682472229,576450,0.0,0.0
2000-01-04 00:00:00-05:00,2.320517624535558,2.3357837352704927,2.3052505310459734,2.312884569168091,254475,0.0,0.0
2000-01-05 00:00:00-05:00,2.3052495747834083,2.3586827091489413,2.289983470381152,2.335782766342163,141075,0.0,0.0
2000-01-06 00:00:00-05:00,2.335782930195451,2.3434167691354806,2.259450633871885,2.32051682472229,130275,0.0,0.0
2000-01-07 00:00:00-05:00,2.305249813154631,2.3739500417805166,2.305249813154631,2.3510499000549316,183600,0.0,0.0
2000-01-10 00:00:00-05:00,2.3663160370764884,2.442649319694108,2.3586829839859464,2.427382230758667,89775,0.0,0.0
2000-01-11 00:00:00-05:00,2.412115765074215,2.412115765074215,2.3434165285404753,2.358682632446289,515700,0.0,0.0
2000-01-12 00:00:00-05:00,2.3434173926282185,2.366316556930542,2.335783551657119,2.366316556930542,78975,0.0,0.0
2000-01-13 00:00:00-05:00,2.351049656947813,2.37394979630544,2.320516661939907,2.335782766342163,126225,0.0,0.0
2000-01-14 00:00:00-05:00,2.3357837352704927,2.351050632209147,2.3052505310459734,2.312884569168091,186300,0.0,0.0
2000-01-18 00:00:00-05:00,2.320516932329751,2.427382230758667,2.3128838792392092,2.427382230758667,274725,0.0,0.0
2000-01-19 00:00:00-05:00,2.419749509108649,2.431199581689992,2.3663163611981104,2.3815834522247314,592650,0.0,0.0
2000-01-20 00:00:00-05:00,2.3815830497338886,2.404482994475554,2.3663159612874267,2.3968491554260254,235575,0.0,0.0
2000-01-21 00:00:00-05:00,2.3815828938510513,2.3892159461975098,2.3739498415045923,2.3892159461975098,452250,0.0,0.0
2000-01-24 00:00:00-05:00,2.3892158582797918,2.396848910345372,2.297616481781006,2.297616481781006,187650,0.0,0.0
2000-01-25 00:00:00-05:00,2.274716779801681,2.274716779801681,2.2212836407375294,2.259450674057007,248400,0.0,0.0
2000-01-26 00:00:00-05:00,2.2747167393450463,2.32051682472229,2.2518167949318553,2.32051682472229,230175,0.0,0.0
2000-01-27 00:00:00-05:00,2.351049666147933,2.4579151490937905,2.3357827754825404,2.450282096862793,541350,0.0,0.0
2000-01-28 00:00:00-05:00,2.4426488943350084,2.496081829071045,2.412115704535486,2.496081829071045,469800,0.0,0.0
2000-01-31 00:00:00-05:00,2.5342485772673005,2.6869139671325684,2.5189824706927015,2.6869139671325684,432675,0.0,0.0
2000-02-01 00:00:00-05:00,2.6869130188599706,2.702179906250044,2.4121153354644775,2.4121153354644775,523125,0.0,0.0
2000-02-02 00:00:00-05:00,2.427381731807786,2.427381731807786,2.274716377258301,2.274716377258301,839700,0.0,0.0
2000-02-03 00:00:00-05:00,2.274716132399943,2.2823499693030946,2.206016907143446,2.2365500926971436,335475,0.0,0.0
2000-02-04 00:00:00-05:00,2.228916992268014,2.2441830933272366,2.19838380739554,2.221282958984375,157275,0.0,0.0
2000-02-07 00:00:00-05:00,2.2212831125021832,2.2212831125021832,2.175484019956015,2.1907501220703125,124200,0.0,0.0
2000-02-08 00:00:00-05:00,2.198384520310888,2.2289177150849886,2.1373183273135568,2.183117628097534,639225,0.0,0.0
2000-02-09 00:00:00-05:00,2.1907504832716898,2.1907504832716898,2.0991511037719333,2.1373181343078613,237600,0.0,0.0
2000-02-10 00:00:00-05:00,2.137318287653389,2.137318287653389,1.9922859591316595,2.0151851177215576,434025,0.0,0.0
2000-02-11 00:00:00-05:00,2.015184640883779,2.1907501220703125,2.015184640883779,2.1907501220703125,1080675,0.0,0.0
2000-02-14 00:00:00-05:00,2.183117071013164,2.1907501220703125,2.1602169350876226,2.1907501220703125,149175,0.0,0.0
2000-02-15 00:00:00-05:00,2.1983839593307373,2.2212831125021832,2.175484019956015,2.1907501220703125,524475,0.0,0.0
2000-02-16 00:00:00-05:00,2.183117949836042,2.198384844299365,2.1602178046919556,2.1754848957061768,301725,0.0,0.0
2000-02-17 00:00:00-05:00,2.152583884030474,2.1983839593307373,2.152583884030474,2.1907501220703125,385425,0.0,0.0
2000-02-18 00:00:00-05:00,2.1907502352984576,2.1907502352984576,2.1525839952860104,2.160217046737671,116100,0.0,0.0
2000-02-22 00:00:00-05:00,2.1602170962492604,2.2136502265930176,2.1144180002862796,2.2136502265930176,197100,0.0,0.0
2000-02-23 00:00:00-05:00,2.2136504264220545,2.2136504264220545,2.1144181911574966,2.1373181343078613,353700,0.0,0.0
2000-02-24 00:00:00-05:00,2.129685138369242,2.129685138369242,2.0915188789367676,2.0915188789367676,228825,0.0,0.0
2000-02-25 00:00:00-05:00,2.0762523380422984,2.160217698293297,2.045718550619554,2.106785535812378,351000,0.0,0.0
2000-02-28 00:00:00-05:00,2.091518410286643,2.091518410286643,2.030452408877848,2.0533523559570312,196425,0.0,0.0
2000-02-29 00:00:00-05:00,2.053351954889721,2.083884949630316,2.0380850644177304,2.068618059158325,334125,0.0,0.0
2000-03-01 00:00:00-05:00,2.068618259171741,2.259450674057007,1.9846521224147777,2.259450674057007,739125,0.0,0.0
2000-03-02 00:00:00-05:00,2.244184151833047,2.244184151833047,2.1678518415763115,2.1754848957061768,250425,0.0,0.0
2000-03-03 00:00:00-05:00,2.1678512388189155,2.1678512388189155,2.106785053800979,2.1296842098236084,258525,0.0,0.0
2000-03-06 00:00:00-05:00,2.129684925028048,2.144951820373535,2.1067857613152747,2.144951820373535,308475,0.0,0.0
2000-03-07 00:00:00-05:00,2.1449511000420687,2.1449511000420687,2.106785053800979,2.1296842098236084,573075,0.0,0.0
2000-03-08 00:00:00-05:00,2.1144185424333886,2.1754847400614206,2.1144185424333886,2.167851686477661,322650,0.0,0.0
2000-03-09 00:00:00-05:00,2.175484290826459,2.175484290826459,2.1220511578160655,2.1296842098236084,416475,0.0,0.0
2000-03-10 00:00:00-05:00,2.0991511323992778,2.106785167573298,2.045718193054199,2.045718193054199,314550,0.0,0.0
2000-03-13 00:00:00-05:00,2.0533520337234177,2.1220512745273044,2.045718195092645,2.099151134490967,251100,0.0,0.0
2000-03-14 00:00:00-05:00,2.114418645414967,2.114418645414967,1.8930530048726262,1.9541192054748535,1003050,0.0,0.0
2000-03-15 00:00:00-05:00,1.961475283657588,1.9767998456954956,1.9308273433265069,1.9767998456954956,540000,0.008889,0.0
2000-03-16 00:00:00-05:00,1.9767988148166153,2.091728925704956,1.9767988148166153,2.091728925704956,579825,0.0,0.0
2000-03-17 00:00:00-05:00,2.0304333452376944,2.18367338180542,2.0304333452376944,2.18367338180542,508275,0.0,0.0
2000-03-20 00:00:00-05:00,2.1683488600205982,2.198996986193179,2.1683488600205982,2.1913352012634277,166050,0.0,0.0
2000-03-21 00:00:00-05:00,2.1760114900486935,2.1836732744807295,2.1223772234081175,2.1530251502990723,162675,0.0,0.0
2000-03-22 00:00:00-05:00,2.1683487241762984,2.229644775390625,2.1683487241762984,2.229644775390625,440775,0.0,0.0
2000-03-23 00:00:00-05:00,2.2449680164569723,2.3215883808772375,2.2449680164569723,2.260291576385498,431325,0.0,0.0
2000-03-24 00:00:00-05:00,2.3062653195964926,2.3215898758460787,2.2756173908416084,2.2986035346984863,327375,0.0,0.0
2000-03-27 00:00:00-05:00,2.313925901251791,2.3292504495326036,2.283277988433838,2.283277988433838,383400,0.0,0.0
2000-03-28 00:00:00-05:00,2.267955541282157,2.267955541282157,2.1606870045355255,2.168348789215088,171450,0.0,0.0
2000-03-29 00:00:00-05:00,2.1836725477810432,2.1913343296633316,2.1070519668892445,2.137700080871582,153225,0.0,0.0
2000-03-30 00:00:00-05:00,2.1453633738814686,2.382885794627192,2.1453633738814686,2.329251527786255,434025,0.0,0.0
2000-03-31 00:00:00-05:00,2.3369133776855735,2.4518436990464054,2.3369133776855735,2.3598995208740234,644625,0.0,0.0
2000-04-03 00:00:00-04:00,2.336912817587088,2.4211949935932653,2.3215892519093466,2.4135332107543945,675675,0.0,0.0
2000-04-04 00:00:00-04:00,2.413534204872645,2.4211959908673526,2.3905480577255496,2.405871629714966,309825,0.0,0.0
2000-04-05 00:00:00-04:00,2.405871629714966,2.444182335305191,2.3982098437202577,2.405871629714966,256500,0.0,0.0
2000-04-06 00:00:00-04:00,2.405871722043871,2.4518442153930664,2.405871722043871,2.4518442153930664,405675,0.0,0.0
2000-04-07 00:00:00-04:00,2.451843059735054,2.482490979607348,2.451843059735054,2.4748291969299316,94500,0.0,0.0
2000-04-10 00:00:00-04:00,2.4978151303319502,2.6050828411331723,2.4671664237976074,2.4671664237976074,398925,0.0,0.0
2000-04-11 00:00:00-04:00,2.4518437037879224,2.4671672731679655,2.4058712200314094,2.4441819190979004,176850,0.0,0.0
2000-04-12 00:00:00-04:00,2.444181917102889,2.467167271154193,2.4211955765980404,2.436519145965576,55350,0.0,0.0
2000-04-13 00:00:00-04:00,2.451843701786657,2.467167271154193,2.4211955765980404,2.436519145965576,101925,0.0,0.0
2000-04-14 00:00:00-04:00,2.436519656361834,2.4518442153930664,2.4135342974956124,2.4518442153930664,156600,0.0,0.0
2000-04-17 00:00:00-04:00,2.4365189726376575,2.4518435273685877,2.3445749981938913,2.382885694503784,490725,0.0,0.0
2000-04-18 00:00:00-04:00,2.4135337919142725,2.467167271154193,2.3982094333839004,2.436519145965576,172800,0.0,0.0
2000-04-19 00:00:00-04:00,2.4518431313832254,2.5131389729190103,2.43651857912729,2.5054771900177,276075,0.0,0.0
2000-04-20 00:00:00-04:00,2.5054775725910465,2.5591118367058567,2.4901532152858246,2.5437874794006348,582525,0.0,0.0
2000-04-24 00:00:00-04:00,2.5591113711600544,2.5591113711600544,2.4671666250898863,2.4748291969299316,213975,0.0,0.0
2000-04-25 00:00:00-04:00,2.505477974963102,2.5437878879251445,2.474830044593468,2.5284643173217773,1278450,0.0,0.0
2000-04-26 00:00:00-04:00,2.5361270607100046,2.543788848906124,2.5208024978637695,2.5208024978637695,317250,0.0,0.0
2000-04-27 00:00:00-04:00,2.505477974963102,2.536126102623461,2.467167470128885,2.5284643173217773,184275,0.0,0.0
2000-04-28 00:00:00-04:00,2.5361270607100046,2.543788848906124,2.482492767719976,2.5208024978637695,294300,0.0,0.0
2000-05-01 00:00:00-04:00,2.4748306065031276,2.64339426180845,2.4748306065031276,2.551450252532959,481275,0.0,0.0
2000-05-02 00:00:00-04:00,2.5361270607100046,2.543788848906124,2.497817133275412,2.5208024978637695,309825,0.0,0.0
2000-05-03 00:00:00-04:00,2.4901534164008674,2.5054777749437473,2.4441819190979004,2.4441819190979004,203850,0.0,0.0
2000-05-04 00:00:00-04:00,2.4595050243048884,2.574435126906948,2.4441814578168035,2.536125421524048,514350,0.0,0.0
2000-05-05 00:00:00-04:00,2.528465148496225,2.5897612266758863,2.528465148496225,2.574436664581299,255150,0.0,0.0
2000-05-08 00:00:00-04:00,2.5744354048483054,2.5744354048483054,2.520801140733495,2.5437874794006348,259200,0.0,0.0
2000-05-09 00:00:00-04:00,2.559111560418863,2.559111560418863,2.497815518850476,2.536125421524048,413775,0.0,0.0
2000-05-10 00:00:00-04:00,2.5208014806824584,2.5284642522405307,2.4518438364164377,2.4901535511016846,97200,0.0,0.0
2000-05-11 00:00:00-04:00,2.505477394549549,2.5284637315832583,2.4748294712797474,2.4824912548065186,157275,0.0,0.0
2000-05-12 00:00:00-04:00,2.4901530383332897,2.497815611022778,2.4518433315367174,2.4824912548065186,170100,0.0,0.0
2000-05-15 00:00:00-04:00,2.482492767719976,2.5208024978637695,2.4671684021645404,2.5208024978637695,227475,0.0,0.0
2000-05-16 00:00:00-04:00,2.536126936316544,2.597423014496205,2.536126936316544,2.574436664581299,363150,0.0,0.0
2000-05-17 00:00:00-04:00,2.566773620777081,2.566773620777081,2.5284639112581857,2.5437874794006348,202500,0.0,0.0
2000-05-18 00:00:00-04:00,2.5361270607100046,2.574436790853798,2.505478921471531,2.5208024978637695,133650,0.0,0.0
2000-05-19 00:00:00-04:00,2.505478297740252,2.505478297740252,2.444182429104326,2.4518442153930664,83700,0.0,0.0
2000-05-22 00:00:00-04:00,2.436519656361834,2.4518442153930664,2.344575656117194,2.4518442153930664,239625,0.0,0.0
2000-05-23 00:00:00-04:00,2.451844475785434,2.451844475785434,2.3675620555877686,2.3675620555877686,157275,0.0,0.0
2000-05-24 00:00:00-04:00,2.367561410878584,2.405871322412504,2.321589911619314,2.390547752380371,236250,0.0,0.0
2000-05-25 00:00:00-04:00,2.390547752380371,2.405871322412504,2.3752231958946504,2.390547752380371,122850,0.0,0.0
2000-05-26 00:00:00-04:00,2.390547407361511,2.390547407361511,2.3445749282836914,2.3445749282836914,66150,0.0,0.0
2000-05-30 00:00:00-04:00,2.3752227341994967,2.4824912548065186,2.3752227341994967,2.4824912548065186,226125,0.0,0.0
2000-05-31 00:00:00-04:00,2.4978167567900775,2.551450252532959,2.4518444562161776,2.551450252532959,809325,0.0,0.0
2000-06-01 00:00:00-04:00,2.5437884654916685,2.574436402819909,2.5284648914090875,2.551450252532959,636525,0.0,0.0
2000-06-02 00:00:00-04:00,2.5667741298675537,2.589760473093773,2.5514497695229195,2.5667741298675537,336150,0.0,0.0
2000-06-05 00:00:00-04:00,2.574435781894772,2.574435781894772,2.5131397247314453,2.5131397247314453,86400,0.0,0.0
2000-06-06 00:00:00-04:00,2.5284639112581857,2.566773620777081,2.5284639112581857,2.5437874794006348,106650,0.0,0.0
2000-06-07 00:00:00-04:00,2.5131397247314453,2.528464281571763,2.4978161543447386,2.5131397247314453,105975,0.0,0.0
2000-06-08 00:00:00-04:00,2.5054771168022256,2.5054771168022256,2.4595048424124704,2.4748291969299316,116100,0.0,0.0
2000-06-09 00:00:00-04:00,2.482491794795143,2.528464281571763,2.482491794795143,2.5131397247314453,67500,0.0,0.0
2000-06-12 00:00:00-04:00,2.5284635251749457,2.543787090977566,2.4824910521511176,2.5054771900177,299025,0.0,0.0
2000-06-13 00:00:00-04:00,2.459505488477944,2.497815990253726,2.4441819190979004,2.4441819190979004,1057725,0.0,0.0
2000-06-14 00:00:00-04:00,2.3977623366456915,2.459243381608682,2.3977623366456915,2.405447244644165,413100,0.008889,0.0
2000-06-15 00:00:00-04:00,2.4054495245866288,2.4746155431052954,2.3900796940217894,2.466930627822876,199800,0.0,0.0
2000-06-16 00:00:00-04:00,2.436188423717977,2.47461396505793,2.405447990646015,2.4285035133361816,555525,0.0,0.0
2000-06-19 00:00:00-04:00,2.443873405456543,2.4592442160999095,2.4285035842441802,2.443873405456543,430650,0.0,0.0
2000-06-20 00:00:00-04:00,2.4592442160999095,2.4592442160999095,2.4131329714870144,2.443873405456543,167400,0.0,0.0
2000-06-21 00:00:00-04:00,2.4515605289029105,2.459245443344116,2.420819881706589,2.459245443344116,135675,0.0,0.0
2000-06-22 00:00:00-04:00,2.4515592698160362,2.4592441803103786,2.4361884593963623,2.4361884593963623,351675,0.0,0.0
2000-06-23 00:00:00-04:00,2.4515592698160362,2.4515592698160362,2.42850354890202,2.4361884593963623,70200,0.0,0.0
2000-06-26 00:00:00-04:00,2.459245289140362,2.5053563559866596,2.459245289140362,2.4976706504821777,54675,0.0,0.0
2000-06-27 00:00:00-04:00,2.5130405081721774,2.5360962324927696,2.5053555965423584,2.5053555965423584,307125,0.0,0.0
2000-06-28 00:00:00-04:00,2.5207247032361315,2.5207247032361315,2.482299364465291,2.4899842739105225,61425,0.0,0.0
2000-06-29 00:00:00-04:00,2.4976686227096616,2.5668353647112614,2.4976686227096616,2.5437798500061035,78300,0.0,0.0
2000-06-30 00:00:00-04:00,2.5514661537943275,2.5514661537943275,2.151839256286621,2.151839256286621,981450,0.0,0.0
2000-07-03 00:00:00-04:00,2.274802153825087,2.489985892654138,2.274802153825087,2.459245443344116,793125,0.0,0.0
2000-07-05 00:00:00-04:00,2.4515596806733466,2.4592445924556046,2.413133340785977,2.420819044113159,237600,0.0,0.0
2000-07-06 00:00:00-04:00,2.436187668182593,2.482298897148637,2.390077428647218,2.405447244644165,265950,0.0,0.0
2000-07-07 00:00:00-04:00,2.3900795026551562,2.3977644173222674,2.336283319008631,2.3823935985565186,172125,0.0,0.0
2000-07-10 00:00:00-04:00,2.3823927812120194,2.3823927812120194,2.336282517483509,2.3593380451202393,91125,0.0,0.0
2000-07-11 00:00:00-04:00,2.3670229785211196,2.4746145183281247,2.3362825385762607,2.4515597820281982,312525,0.0,0.0
2000-07-12 00:00:00-04:00,2.48230026919991,2.582206700921464,2.4669296531625693,2.5591511726379395,534600,0.0,0.0
2000-07-13 00:00:00-04:00,2.582206666700072,2.582206666700072,2.5437813144334207,2.551466226577759,276075,0.0,0.0
2000-07-14 00:00:00-04:00,2.536096435899387,2.5591511726379395,2.536096435899387,2.5591511726379395,670275,0.0,0.0
2000-07-17 00:00:00-04:00,2.582205938653312,2.597576748039427,2.56683611869812,2.56683611869812,124200,0.0,0.0
2000-07-18 00:00:00-04:00,2.5668371055006105,2.5898918442966306,2.5668371055006105,2.574522018432617,164700,0.0,0.0
2000-07-19 00:00:00-04:00,2.5745210286757163,2.597576748039427,2.5591504171757857,2.56683611869812,137025,0.0,0.0
2000-07-20 00:00:00-04:00,2.566837256374491,2.5975778993406986,2.5360968112945557,2.5360968112945557,181575,0.0,0.0
2000-07-21 00:00:00-04:00,2.566837256374491,2.60526281272441,2.5360968112945557,2.5360968112945557,87750,0.0,0.0
2000-07-24 00:00:00-04:00,2.5284112564053656,2.5284112564053656,2.459245443344116,2.459245443344116,87075,0.0,0.0
2000-07-25 00:00:00-04:00,2.459244543673628,2.5053555965423584,2.451559632043809,2.5053555965423584,134325,0.0,0.0
2000-07-26 00:00:00-04:00,2.520725513687899,2.520725513687899,2.413133382797241,2.413133382797241,213300,0.0,0.0
2000-07-27 00:00:00-04:00,2.413133520095147,2.4515598628378066,2.3900787830352783,2.3900787830352783,169425,0.0,0.0
2000-07-28 00:00:00-04:00,2.390077428647218,2.459243381608682,2.390077428647218,2.405447244644165,178875,0.0,0.0
2000-07-31 00:00:00-04:00,2.4361890147466174,2.582206700921464,2.4361890147466174,2.5591511726379395,307125,0.0,0.0
2000-08-01 00:00:00-04:00,2.57452280584421,2.5975785411230743,2.4515607972580367,2.466930627822876,491400,0.0,0.0
2000-08-02 00:00:00-04:00,2.4515583848438522,2.5745202724314784,2.4361875799727852,2.5437798500061035,243675,0.0,0.0
2000-08-03 00:00:00-04:00,2.528409045135037,2.5591496654465384,2.5207241374148195,2.5437798500061035,132975,0.0,0.0
2000-08-04 00:00:00-04:00,2.57452178867528,2.57452178867528,2.536096435899387,2.5591511726379395,183600,0.0,0.0
2000-08-07 00:00:00-04:00,2.566836261220871,2.60526180267334,2.5514656488674925,2.60526180267334,765450,0.0,0.0
2000-08-08 00:00:00-04:00,2.6129465424986598,2.6436869736538307,2.6129465424986598,2.6360020637512207,197775,0.0,0.0
2000-08-09 00:00:00-04:00,2.6436869776626435,2.6436869776626435,2.5898908272871544,2.620631456375122,95175,0.0,0.0
2000-08-10 00:00:00-04:00,2.612946567994619,2.612946567994619,2.56683611869812,2.56683611869812,95850,0.0,0.0
2000-08-11 00:00:00-04:00,2.574521003554696,2.6436869736538307,2.566836093652086,2.6360020637512207,213300,0.0,0.0
2000-08-14 00:00:00-04:00,2.63600206774838,2.6436869776626435,2.6052616365465955,2.620631456375122,928125,0.0,0.0
2000-08-15 00:00:00-04:00,2.651371887576907,2.674427606750611,2.620631456375122,2.620631456375122,191025,0.0,0.0
2000-08-16 00:00:00-04:00,2.636003083793088,2.6744286376064097,2.628318170916683,2.6513729095458984,188325,0.0,0.0
2000-08-17 00:00:00-04:00,2.6513737862970634,2.6513737862970634,2.612948417663574,2.612948417663574,108675,0.0,0.0
2000-08-18 00:00:00-04:00,2.628317966103016,2.67442842919955,2.628317966103016,2.666743516921997,643950,0.0,0.0
2000-08-21 00:00:00-04:00,2.682113853564143,2.689799558854077,2.6667440260745283,2.674428939819336,41850,0.0,0.0
2000-08-22 00:00:00-04:00,2.6513737862970634,2.6590596911463247,2.597578586828298,2.612948417663574,174150,0.0,0.0
2000-08-23 00:00:00-04:00,2.6206323608548554,2.6206323608548554,2.520725727081299,2.520725727081299,241650,0.0,0.0
2000-08-24 00:00:00-04:00,2.5514654823021354,2.6436869736538307,2.5514654823021354,2.6360020637512207,170775,0.0,0.0
2000-08-25 00:00:00-04:00,2.6360025057193073,2.643687416910416,2.6129469806011176,2.6283175945281982,427275,0.0,0.0
2000-08-28 00:00:00-04:00,2.6283175945281982,2.643687416910416,2.6206318917922267,2.6283175945281982,162000,0.0,0.0
2000-08-29 00:00:00-04:00,2.6283181379258305,2.659058778476888,2.6283181379258305,2.6436879634857178,175500,0.0,0.0
2000-08-30 00:00:00-04:00,2.6283175945281982,2.643687416910416,2.6129469806011176,2.6283175945281982,203850,0.0,0.0
2000-08-31 00:00:00-04:00,2.6206318917922267,2.6744280511059295,2.520725275900792,2.6283175945281982,2018250,0.0,0.0
2000-09-01 00:00:00-04:00,2.643688870879425,2.643688870879425,2.612948417663574,2.612948417663574,487350,0.0,0.0
2000-09-05 00:00:00-04:00,2.6283171538486103,2.6436869736538307,2.6129465424986598,2.6360020637512207,141750,0.0,0.0
2000-09-06 00:00:00-04:00,2.6283175945281982,2.6360025057193073,2.6206318917922267,2.6283175945281982,282150,0.0,0.0
2000-09-07 00:00:00-04:00,2.6590582183094265,2.812760795026367,2.6436874065563303,2.8050758838653564,1366875,0.0,0.0
2000-09-08 00:00:00-04:00,2.7743358690660833,2.7743358690660833,2.6436879966694935,2.6513729095458984,504225,0.0,0.0
2000-09-11 00:00:00-04:00,2.666743810794287,2.7205397857553635,2.6590588976698655,2.697484254837036,640575,0.0,0.0
2000-09-12 00:00:00-04:00,2.68979904529963,2.6974839575771825,2.628317966103016,2.666743516921997,2705400,0.0,0.0
2000-09-13 00:00:00-04:00,2.666434518529444,2.666434518529444,2.512305368225931,2.643314838409424,1030725,0.008889,0.0
2000-09-14 00:00:00-04:00,2.651022434234619,2.666435892984999,2.6047842407713295,2.651022434234619,982800,0.0,0.0
2000-09-15 00:00:00-04:00,2.6201964531991915,2.6201964531991915,2.566251039505005,2.566251039505005,383400,0.0,0.0
2000-09-18 00:00:00-04:00,2.543132650226036,2.5739583778627337,2.5354254245758057,2.5354254245758057,238275,0.0,0.0
2000-09-19 00:00:00-04:00,2.5354264770050157,2.589371919631958,2.5354264770050157,2.589371919631958,474525,0.0,0.0
2000-09-20 00:00:00-04:00,2.5893709789624815,2.597077212835642,2.5277193220597303,2.543132781982422,203850,0.0,0.0
2000-09-21 00:00:00-04:00,2.5123056764605707,2.5354243672412373,2.47377293767801,2.4814791679382324,319275,0.0,0.0
2000-09-22 00:00:00-04:00,2.450653880487103,2.5508384712850285,2.450653880487103,2.5277187824249268,156600,0.0,0.0
2000-09-25 00:00:00-04:00,2.5277186771932305,2.5277186771932305,2.489186723916526,2.5123062133789062,100575,0.0,0.0
2000-09-26 00:00:00-04:00,2.5277189095801216,2.6433159706490414,2.520012676964484,2.5816643238067627,223425,0.0,0.0
2000-09-27 00:00:00-04:00,2.566250828905159,2.566250828905159,2.489186723916526,2.5123062133789062,504900,0.0,0.0
2000-09-28 00:00:00-04:00,2.5123077669869476,2.6124916218267575,2.504600736572873,2.589371919631958,232200,0.0,0.0
2000-09-29 00:00:00-04:00,2.5585442973677632,2.6664351032670024,2.5277183811730093,2.612489700317383,495450,0.0,0.0
2000-10-02 00:00:00-04:00,2.6124902893028885,2.6124902893028885,2.5508386414492272,2.558544874191284,293625,0.0,0.0
2000-10-03 00:00:00-04:00,2.5431323418862783,2.6047839881200407,2.5431323418862783,2.566251039505005,135675,0.0,0.0
2000-10-04 00:00:00-04:00,2.5662501811161245,2.5893696647425397,2.550837721192311,2.5739572048187256,170775,0.0,0.0
2000-10-05 00:00:00-04:00,2.581665682959269,2.5970781563046472,2.566252415872505,2.589371919631958,255150,0.0,0.0
2000-10-06 00:00:00-04:00,2.558543506990192,2.5893692152271606,2.543131049741986,2.550837278366089,122850,0.0,0.0
2000-10-09 00:00:00-04:00,2.5662514836019032,2.5662514836019032,2.5277193220597303,2.543132781982422,358425,0.0,0.0
2000-10-10 00:00:00-04:00,2.5431330067541444,2.5431330067541444,2.4814805506612188,2.5046000480651855,997650,0.0,0.0
2000-10-11 00:00:00-04:00,2.5045985555043075,2.5893696647425397,2.4891860955804934,2.5739572048187256,315225,0.0,0.0
2000-10-12 00:00:00-04:00,2.55854405019781,2.566250280458032,2.4814791679382324,2.4814791679382324,204525,0.0,0.0
2000-10-13 00:00:00-04:00,2.4814802027763205,2.5354254245758057,2.4660677358284993,2.5354254245758057,350325,0.0,0.0
2000-10-16 00:00:00-04:00,2.5431323669876065,2.5893705564224003,2.5354251421957597,2.5816643238067627,116100,0.0,0.0
2000-10-17 00:00:00-04:00,2.61249040726718,2.666435824814634,2.5585449897197265,2.65872859954834,1408725,0.0,0.0
2000-10-18 00:00:00-04:00,2.6356093883514404,2.6587280831310593,2.620196131424166,2.6356093883514404,211275,0.0,0.0
2000-10-19 00:00:00-04:00,2.643316133368292,2.6741420579046578,2.643316133368292,2.65872859954834,513000,0.0,0.0
2000-10-20 00:00:00-04:00,2.65872902222661,2.704968214035034,2.65872902222661,2.704968214035034,379350,0.0,0.0
2000-10-23 00:00:00-04:00,2.689554349026979,2.697261375356384,2.6356097287316893,2.6741418838500977,963225,0.0,0.0
2000-10-24 00:00:00-04:00,2.6510213126328486,2.6664347648620605,2.6356088525795123,2.6664347648620605,420525,0.0,0.0
2000-10-25 00:00:00-04:00,2.666434728044102,2.666434728044102,2.612489332685723,2.627901792526245,183600,0.0,0.0
2000-10-26 00:00:00-04:00,2.61249040726718,2.6818482909946817,2.61249040726718,2.65872859954834,1226475,0.0,0.0
2000-10-27 00:00:00-04:00,2.6587278800863126,2.6664351032670024,2.612489700317383,2.612489700317383,168750,0.0,0.0
2000-10-30 00:00:00-05:00,2.612490830543552,2.612490830543552,2.5893711353513518,2.5970773696899414,720225,0.0,0.0
2000-10-31 00:00:00-05:00,2.597076945606438,2.6818482875823975,2.5277190619671845,2.6818482875823975,478575,0.0,0.0
2000-11-01 00:00:00-05:00,2.6664347648620605,2.6741409948887287,2.6433150826061804,2.6664347648620605,189000,0.0,0.0
2000-11-02 00:00:00-05:00,2.635609896924816,2.6895545206626164,2.635609896924816,2.6818482875823975,747900,0.0,0.0
2000-11-03 00:00:00-05:00,2.6818490230117416,2.7049685223333517,2.651023090061364,2.6972622871398926,469800,0.0,0.0
2000-11-06 00:00:00-05:00,2.704967780564069,2.704967780564069,2.651022363085253,2.6818482875823975,685800,0.0,0.0
2000-11-07 00:00:00-05:00,2.6818486491311475,2.7280876413281194,2.6510227204782595,2.712674379348755,1046925,0.0,0.0
2000-11-08 00:00:00-05:00,2.7049685223333517,2.712674757526811,2.6895552582052007,2.6972622871398926,1622025,0.0,0.0
2000-11-09 00:00:00-05:00,2.704967258607236,2.704967258607236,2.5893702128752634,2.6356093883514404,291600,0.0,0.0
2000-11-10 00:00:00-05:00,2.6124898998309596,2.6356093883514404,2.5893702128752634,2.6356093883514404,1468800,0.0,0.0
2000-11-13 00:00:00-05:00,2.6510210677241695,2.6587272970389146,2.627901586039306,2.643314838409424,525825,0.0,0.0
2000-11-14 00:00:00-05:00,2.651022366458316,2.666435824814634,2.635609900278268,2.65872859954834,348975,0.0,0.0
2000-11-15 00:00:00-05:00,2.658728954597381,2.712674379348755,2.6510227204782595,2.712674379348755,516375,0.0,0.0
2000-11-16 00:00:00-05:00,2.697261375356384,2.7126738405332653,2.666435651261657,2.6741418838500977,431325,0.0,0.0
2000-11-17 00:00:00-05:00,2.6972606899791844,2.7512060903078472,2.6972606899791844,2.735792636871338,309150,0.0,0.0
2000-11-20 00:00:00-05:00,2.7357925284752094,2.7357925284752094,2.71267304375964,2.7203800678253174,224775,0.0,0.0
2000-11-21 00:00:00-05:00,2.7203814072089982,2.7280876413281194,2.697261911110512,2.712674379348755,252450,0.0,0.0
2000-11-22 00:00:00-05:00,2.697261911110512,2.712674379348755,2.6895548832502687,2.712674379348755,302400,0.0,0.0
2000-11-24 00:00:00-05:00,2.712675264944829,2.7589144706726074,2.712675264944829,2.7589144706726074,434700,0.0,0.0
2000-11-27 00:00:00-05:00,2.7434990089461753,2.820564097314814,2.7434990089461753,2.8128578662872314,2567025,0.0,0.0
2000-11-28 00:00:00-05:00,2.8051506430836444,2.820564097314814,2.77432492523251,2.8128578662872314,652725,0.0,0.0
2000-11-29 00:00:00-05:00,2.789738284671433,2.8051507472991943,2.7743250283028384,2.8051507472991943,567000,0.0,0.0
2000-11-30 00:00:00-05:00,2.8051507472991943,2.8128579707891164,2.7974445159853136,2.8051507472991943,1782675,0.0,0.0
2000-12-01 00:00:00-05:00,2.805151530707248,2.805151530707248,2.743499877061577,2.797445297241211,847800,0.0,0.0
2000-12-04 00:00:00-05:00,2.805150370387319,2.805150370387319,2.758912194975959,2.774324655532837,1394550,0.0,0.0
2000-12-05 00:00:00-05:00,2.77432492523251,2.8359765593699793,2.77432492523251,2.8128578662872314,582525,0.0,0.0
2000-12-06 00:00:00-05:00,2.8280033939836486,2.8666369716816535,2.8280033939836486,2.843456506729126,1615275,0.008889,0.0
2000-12-07 00:00:00-05:00,2.8280026589456817,2.912997343415997,2.8280026589456817,2.8820903301239014,282825,0.0,0.0
2000-12-08 00:00:00-05:00,2.889817039287951,2.9516310691833496,2.889817039287951,2.9516310691833496,383400,0.0,0.0
2000-12-11 00:00:00-05:00,2.936176976889497,3.059805393218994,2.936176976889497,3.059805393218994,783000,0.0,0.0
2000-12-12 00:00:00-05:00,3.0520783691899043,3.0752588240614784,3.0366252631648316,3.044351816177368,663525,0.0,0.0
2000-12-13 00:00:00-05:00,3.044352110341745,3.0520786641008693,3.005718346753571,3.0134449005126953,907875,0.0,0.0
2000-12-14 00:00:00-05:00,3.044352416658136,3.05207897119469,3.0288993075850277,3.036625862121582,722925,0.0,0.0
2000-12-15 00:00:00-05:00,3.0211716437736738,3.0288991928100586,3.0134450895299043,3.0288991928100586,940275,0.0,0.0
2000-12-18 00:00:00-05:00,3.0598068726911887,3.121621110744244,3.0288998531439444,3.098440647125244,370575,0.0,0.0
2000-12-19 00:00:00-05:00,3.098440220932902,3.098440220932902,3.067533006678397,3.0829861164093018,511650,0.0,0.0
2000-12-20 00:00:00-05:00,3.0829865404759227,3.1138937589817335,3.0675334286194333,3.098440647125244,312525,0.0,0.0
2000-12-21 00:00:00-05:00,3.090713395871718,3.144800866869773,3.090713395871718,3.137073516845703,662175,0.0,0.0
2000-12-22 00:00:00-05:00,3.1370735043069056,3.22979474067688,3.1370735043069056,3.22979474067688,244350,0.0,0.0
2000-12-26 00:00:00-05:00,3.22979505238381,3.2452491569860875,3.22979505238381,3.237522602081299,337500,0.0,0.0
2000-12-27 00:00:00-05:00,3.2452500653817613,3.330244779586792,3.23752350831419,3.330244779586792,388125,0.0,0.0
2000-12-28 00:00:00-05:00,3.322515668128875,3.3302430169408637,3.1370730247769867,3.2684288024902344,1247400,0.0,0.0
2000-12-29 00:00:00-05:00,3.268429679026177,3.2761562340763315,3.206615447998047,3.206615447998047,1082700,0.0,0.0
2001-01-02 00:00:00-05:00,3.08298597621658,3.0907135255233325,2.9284505088468697,3.05207896232605,1503225,0.0,0.0
2001-01-03 00:00:00-05:00,3.0288996046524934,3.2066155493450013,3.0288996046524934,3.175708532333374,969975,0.0,0.0
2001-01-04 00:00:00-05:00,3.1602544166682383,3.2143420941796816,3.1293473997571843,3.191161632537842,449550,0.0,0.0
2001-01-05 00:00:00-05:00,3.1834354935366567,3.1834354935366567,3.1525282736256055,3.1679813861846924,674325,0.0,0.0
2001-01-08 00:00:00-05:00,3.137073859608586,3.3920581340789795,3.137073859608586,3.3920581340789795,1111050,0.0,0.0
2001-01-09 00:00:00-05:00,3.345696321855408,3.36887657766496,3.2452483477221916,3.2684288024902344,1095525,0.0,0.0
2001-01-10 00:00:00-05:00,3.252975671050441,3.4229650497436523,3.252975671050441,3.4229650497436523,768825,0.0,0.0
2001-01-11 00:00:00-05:00,3.392058569193157,3.392058569193157,3.33024433036347,3.3456976413726807,523800,0.0,0.0
2001-01-12 00:00:00-05:00,3.3070643125496946,3.3379713366543635,3.2452500653817613,3.330244779586792,1441125,0.0,0.0
2001-01-16 00:00:00-05:00,3.3302435259985588,3.3302435259985588,3.198887728206395,3.22979474067688,762750,0.0,0.0
2001-01-17 00:00:00-05:00,3.229795106480071,3.4152387939743014,3.222068551445869,3.3920581340789795,729675,0.0,0.0
2001-01-18 00:00:00-05:00,3.3920578455469865,3.3920578455469865,3.2529754896738914,3.276155948638916,635175,0.0,0.0
2001-01-19 00:00:00-05:00,3.260703179516904,3.345698092680531,3.2452500653817613,3.330244779586792,417825,0.0,0.0
2001-01-22 00:00:00-05:00,3.330244093688572,3.330244093688572,3.2761564147281272,3.291609525680542,503550,0.0,0.0
2001-01-23 00:00:00-05:00,3.291609525680542,3.291609525680542,3.2684298592519196,3.291609525680542,473175,0.0,0.0
2001-01-24 00:00:00-05:00,3.2916091225067534,3.314789780888859,3.2838825679769355,3.2993366718292236,274050,0.0,0.0
2001-01-25 00:00:00-05:00,3.283883810043335,3.283883810043335,3.252976784399949,3.283883810043335,535950,0.0,0.0
2001-01-26 00:00:00-05:00,3.283882832890855,3.283882832890855,3.2143420458857994,3.26070237159729,248400,0.0,0.0
2001-01-29 00:00:00-05:00,3.2514291954861005,3.2687373893658975,3.226704028485801,3.2637922763824463,301725,0.0,0.0
2001-01-30 00:00:00-05:00,3.239067223292141,3.2761562797179375,3.2353588349417826,3.2687385082244873,528525,0.0,0.0
2001-01-31 00:00:00-05:00,3.2699747042263523,3.331788926090625,3.2662653216848474,3.293463945388794,960525,0.0,0.0
2001-02-01 00:00:00-05:00,3.2934641409383314,3.299645185470581,3.2637930580148606,3.299645185470581,742500,0.0,0.0
2001-02-02 00:00:00-05:00,3.313243868308202,3.313243868308202,3.2316495921807107,3.244011878967285,287550,0.0,0.0
2001-02-05 00:00:00-05:00,3.2514291954861005,3.269974115268337,3.2452481524341237,3.2637922763824463,193725,0.0,0.0
2001-02-06 00:00:00-05:00,3.269974115268337,3.2996443952520877,3.2514291954861005,3.2637922763824463,678375,0.0,0.0
2001-02-07 00:00:00-05:00,3.2637945343245995,3.271212308410744,3.247722856270135,3.2699763774871826,270000,0.0,0.0
2001-02-08 00:00:00-05:00,3.269975899978941,3.276156946404453,3.2378321506466676,3.25390362739563,312525,0.0,0.0
2001-02-09 00:00:00-05:00,3.2539034841989323,3.276156802228438,3.2514308269872387,3.2625579833984375,273375,0.0,0.0
2001-02-12 00:00:00-05:00,3.262558373533055,3.3503343327485333,3.262558373533055,3.3441526889801025,555525,0.0,0.0
2001-02-13 00:00:00-05:00,3.375058246888684,3.4455269656290977,3.375058246888684,3.387421131134033,479925,0.0,0.0
2001-02-14 00:00:00-05:00,3.3997828373835106,3.4615972371920933,3.387419957421794,3.4566519260406494,370575,0.0,0.0
2001-02-15 00:00:00-05:00,3.461598027792734,3.501159730206068,3.430691019787982,3.469015598297119,340200,0.0,0.0
2001-02-16 00:00:00-05:00,3.4615984458999747,3.4615984458999747,3.3379700010315885,3.340442657470703,585225,0.0,0.0
2001-02-20 00:00:00-05:00,3.2452484026777566,3.337969626444612,3.189615230708957,3.308298349380493,459675,0.0,0.0
2001-02-21 00:00:00-05:00,3.3317899897963557,3.3997850785754444,3.3070640146147228,3.3565151691436768,444825,0.0,0.0
2001-02-22 00:00:00-05:00,3.34415116225384,3.355278115957157,3.3256068362905116,3.346623420715332,221400,0.0,0.0
2001-02-23 00:00:00-05:00,3.3466226719767023,3.3515679836273193,3.3008809267100947,3.3515679836273193,233550,0.0,0.0
2001-02-26 00:00:00-05:00,3.339207142070634,3.4529457982562186,3.339207142070634,3.424511432647705,361800,0.0,0.0
2001-02-27 00:00:00-05:00,3.449236180772427,3.5184681859928566,3.4306920499843887,3.434401035308838,287550,0.0,0.0
2001-02-28 00:00:00-05:00,3.4245101677487466,3.4245101677487466,3.3738223027588994,3.412147283554077,410400,0.0,0.0
2001-03-01 00:00:00-05:00,3.412148083895206,3.413384014479242,3.3725863676923757,3.40596604347229,278100,0.0,0.0
2001-03-02 00:00:00-05:00,3.399784830756588,3.4739621540187806,3.399784830756588,3.4455277919769287,542025,0.0,0.0
2001-03-05 00:00:00-05:00,3.4430558804742155,3.538249615314006,3.4405832229133138,3.5110511779785156,307125,0.0,0.0
2001-03-06 00:00:00-05:00,3.498687661829727,3.525885292275892,3.498687661829727,3.504868507385254,205875,0.0,0.0
2001-03-07 00:00:00-05:00,3.4925055126454434,3.5530840046897505,3.4677805395330012,3.4751973152160645,398250,0.0,0.0
2001-03-08 00:00:00-05:00,3.4801421530121885,3.4863237933633298,3.4554167853585773,3.469015598297119,193725,0.0,0.0
2001-03-09 00:00:00-05:00,3.44923457852257,3.4615974592774506,3.4059642969220283,3.459124803543091,498150,0.0,0.0
2001-03-12 00:00:00-05:00,3.449236812252735,3.449236812252735,3.4232747060627005,3.424511432647705,339525,0.0,0.0
2001-03-13 00:00:00-05:00,3.4368745600861317,3.4368745600861317,3.263794304369537,3.3441526889801025,338175,0.0,0.0
2001-03-14 00:00:00-05:00,3.3206093944323674,3.397429550457201,3.3206093944323674,3.357780694961548,297000,0.008889,0.0
2001-03-15 00:00:00-05:00,3.326806154176012,3.3453915119171143,3.2784837454870512,3.3453915119171143,453600,0.0,0.0
2001-03-16 00:00:00-05:00,3.3330002655384576,3.3342397411119524,3.1582964227353445,3.1682088375091553,538650,0.0,0.0
2001-03-19 00:00:00-05:00,3.137233211278678,3.2537020446009057,3.1099749172643896,3.243790626525879,518400,0.0,0.0
2001-03-20 00:00:00-05:00,3.2413135912321818,3.2462689031777123,3.174405813217163,3.174405813217163,288900,0.0,0.0
2001-03-21 00:00:00-05:00,3.1620140714175857,3.1620140714175857,3.0690867027694653,3.0827157497406006,218700,0.0,0.0
2001-03-22 00:00:00-05:00,3.0802371441662775,3.116169169093781,2.930314459071148,3.1099743843078613,697950,0.0,0.0
2001-03-23 00:00:00-05:00,3.1359936583183816,3.2214867439426245,3.096344208464664,3.220247268676758,627750,0.0,0.0
2001-03-26 00:00:00-05:00,3.2227262560803487,3.3701720066937346,3.2227262560803487,3.3168931007385254,820800,0.0,0.0
2001-03-27 00:00:00-05:00,3.308219147443217,3.345389844397577,3.285916370349209,3.31565260887146,579825,0.0,0.0
2001-03-28 00:00:00-05:00,3.3119366312035092,3.339195719296324,3.2834388652625353,3.3206095695495605,1782675,0.0,0.0
2001-03-29 00:00:00-05:00,3.3144151667220916,3.3577812592590246,3.3106983351457386,3.3441522121429443,487350,0.0,0.0
2001-03-30 00:00:00-05:00,3.339195815522148,3.4197328090667725,3.339195815522148,3.4197328090667725,826200,0.0,0.0
2001-04-02 00:00:00-04:00,3.419734640336021,3.4445153897126644,3.339197603663782,3.3416757583618164,450225,0.0,0.0
2001-04-03 00:00:00-04:00,3.351585202299896,3.3528246776453563,3.2586576519224377,3.3144145011901855,759375,0.0,0.0
2001-04-04 00:00:00-04:00,3.3206091043220565,3.3441513579688023,3.3082193365641217,3.3391952514648438,955125,0.0,0.0
2001-04-05 00:00:00-04:00,3.3453921531408257,3.3949532495505728,3.3453921531408257,3.3825628757476807,525150,0.0,0.0
2001-04-06 00:00:00-04:00,3.382561637385216,3.382561637385216,3.333000359719039,3.337956666946411,629100,0.0,0.0
2001-04-09 00:00:00-04:00,3.351586608683088,3.4184943773181233,3.3466303004278597,3.406104803085327,459675,0.0,0.0
2001-04-10 00:00:00-04:00,3.413536594203666,3.4370790482442035,3.351585160590716,3.370171308517456,504225,0.0,0.0
2001-04-11 00:00:00-04:00,3.394951729860856,3.455664893239501,3.3515856403637025,3.376366376876831,519075,0.0,0.0
2001-04-12 00:00:00-04:00,3.3763662921536803,3.3999079513702575,3.3577809396360174,3.396191120147705,352350,0.0,0.0
2001-04-16 00:00:00-04:00,3.3652159675499704,3.3652159675499704,3.3268057805567306,3.340435028076172,525150,0.0,0.0
2001-04-17 00:00:00-04:00,3.3515862843289748,3.458143711090088,3.3453912984112253,3.458143711090088,527175,0.0,0.0
2001-04-18 00:00:00-04:00,3.444513726157543,3.4754898473191096,3.425927574898614,3.4569036960601807,695250,0.0,0.0
2001-04-19 00:00:00-04:00,3.460620186712724,3.5312447547912598,3.450707973628045,3.5312447547912598,425250,0.0,0.0
2001-04-20 00:00:00-04:00,3.5002705565642884,3.512660927992272,3.339196725004868,3.3453915119171143,1297350,0.0,0.0
2001-04-23 00:00:00-04:00,3.345389790067663,3.3639751382430125,3.326804441892313,3.3565406799316406,535950,0.0,0.0
2001-04-24 00:00:00-04:00,3.356542728459078,3.370172975816793,3.3441531534499456,3.3515868186950684,377325,0.0,0.0
2001-04-25 00:00:00-04:00,3.355302390176064,3.4073416103630056,3.3453901767500556,3.370171308517456,888975,0.0,0.0
2001-04-26 00:00:00-04:00,3.3701710510229366,3.406103071197859,3.3701710510229366,3.4048635959625244,854550,0.0,0.0
2001-04-27 00:00:00-04:00,3.4172538156121295,3.4172538156121295,3.3590188209168623,3.4036247730255127,425250,0.0,0.0
2001-04-30 00:00:00-04:00,3.408580949561555,3.4816836702093954,3.4011468894893455,3.420970916748047,909900,0.0,0.0
2001-05-01 00:00:00-04:00,3.407343233504887,3.4581441989663957,3.3515867571721176,3.4259285926818848,491400,0.0,0.0
2001-05-02 00:00:00-04:00,3.407341973674065,3.41849326481754,3.3540632724761963,3.3540632724761963,322650,0.0,0.0
2001-05-03 00:00:00-04:00,3.357780694961548,3.371409739787176,3.3491071588704697,3.357780694961548,244350,0.0,0.0
2001-05-04 00:00:00-04:00,3.3453913328260616,3.4680559635162354,3.339196546245445,3.4680559635162354,535275,0.0,0.0
2001-05-07 00:00:00-04:00,3.4569029382332706,3.4816836702093954,3.419732239070654,3.420970916748047,342225,0.0,0.0
2001-05-08 00:00:00-04:00,3.420971418138674,3.428405479300448,3.328043859009174,3.3540632724761963,1444500,0.0,0.0
2001-05-09 00:00:00-04:00,3.345389844397577,3.378843710937429,3.3144141306684283,3.31565260887146,701325,0.0,0.0
2001-05-10 00:00:00-04:00,3.3156516557960662,3.3156516557960662,3.190509959846545,3.2103347778320312,936225,0.0,0.0
2001-05-11 00:00:00-04:00,3.2029039953040206,3.2029039953040206,3.140952514594445,3.1991865634918213,761400,0.0,0.0
2001-05-14 00:00:00-04:00,3.1991851205065522,3.2029025506420132,3.174404978081828,3.190512180328369,346950,0.0,0.0
2001-05-15 00:00:00-04:00,3.2090978473316167,3.2090978473316167,3.1719271315908744,3.1818387508392334,416475,0.0,0.0
2001-05-16 00:00:00-04:00,3.1843162028912673,3.219009756097191,3.1719266309361616,3.196706771850586,614250,0.0,0.0
2001-05-17 00:00:00-04:00,3.1905112600218337,3.2896333963356783,3.1880331069135885,3.2499847412109375,1223100,0.0,0.0
2001-05-18 00:00:00-04:00,3.2499854805925383,3.251224158626869,3.190511985873033,3.196706771850586,703350,0.0,0.0
2001-05-21 00:00:00-04:00,3.202901504756279,3.233877420425415,3.1843153571524287,3.233877420425415,1310175,0.0,0.0
2001-05-22 00:00:00-04:00,3.2363566587392505,3.2772448013738784,3.2363566587392505,3.2586586475372314,818100,0.0,0.0
2001-05-23 00:00:00-04:00,3.2462677179938497,3.3268055156188168,3.1843160721459935,3.3168931007385254,832950,0.0,0.0
2001-05-24 00:00:00-04:00,3.3292838058866163,3.3292838058866163,3.1657310473552385,3.196706771850586,911250,0.0,0.0
2001-05-25 00:00:00-04:00,3.2090972229095316,3.223965745593779,3.2016627621665723,3.2190096378326416,654075,0.0,0.0
2001-05-29 00:00:00-04:00,3.220248050017972,3.2772443848003614,3.214053264395751,3.2598977088928223,825525,0.0,0.0
2001-05-30 00:00:00-04:00,3.2611363868561027,3.337956554071761,3.2586582333262166,3.2598977088928223,1459350,0.0,0.0
2001-05-31 00:00:00-04:00,3.290873985169454,3.3441526998173665,3.2834397227301095,3.302025079727173,716175,0.0,0.0
2001-06-01 00:00:00-04:00,3.303264159852005,3.3441522992697017,3.2834393294543736,3.3243274688720703,585225,0.0,0.0
2001-06-04 00:00:00-04:00,3.295828970603833,3.3887565159052135,3.2722873151594416,3.3391952514648438,702000,0.0,0.0
2001-06-05 00:00:00-04:00,3.3404351056003105,3.4606213787020073,3.339196427489447,3.439558267593384,664875,0.0,0.0
2001-06-06 00:00:00-04:00,3.4383168457051214,3.475488334438914,3.4073407380274556,3.46309757232666,1347300,0.0,0.0
2001-06-07 00:00:00-04:00,3.4507098351335896,3.537442444315696,3.4420366938559153,3.5188562870025635,681750,0.0,0.0
2001-06-08 00:00:00-04:00,3.5188559600882883,3.655149648767641,3.5188559600882883,3.6018717288970947,1358775,0.0,0.0
2001-06-11 00:00:00-04:00,3.6018719189334525,3.771619899020825,3.518856145744697,3.7195794582366943,2110050,0.0,0.0
2001-06-12 00:00:00-04:00,3.7170998438339273,3.7170998438339273,3.642758445159607,3.7022321224212646,1143450,0.0,0.0
2001-06-13 00:00:00-04:00,3.7022336121978627,3.7990720904048976,3.700991642411007,3.7270634174346924,891675,0.008889,0.0
2001-06-14 00:00:00-04:00,3.7270630342020503,3.7369955946421594,3.699750091408301,3.713406562805176,724950,0.0,0.0
2001-06-15 00:00:00-04:00,3.6997493481225634,3.7804481886528185,3.6997493481225634,3.7518932819366455,1041525,0.0,0.0
2001-06-18 00:00:00-04:00,3.743203086306624,3.823901926703235,3.7121646404266357,3.7121646404266357,845100,0.0,0.0
2001-06-19 00:00:00-04:00,3.7432031139479016,3.750652133219996,3.6687113228107218,3.6848509311676025,683775,0.0,0.0
2001-06-20 00:00:00-04:00,3.674918665170294,3.74941046223663,3.656296315309847,3.740720272064209,623700,0.0,0.0
2001-06-21 00:00:00-04:00,3.741960624332183,3.755617091165188,3.7183716003784415,3.725821018218994,544050,0.0,0.0
2001-06-22 00:00:00-04:00,3.7307883878036967,3.74941114063775,3.687335031454797,3.722097396850586,1000350,0.0,0.0
2001-06-25 00:00:00-04:00,3.712165774055102,3.7432042294136743,3.6898183099752697,3.7270634174346924,672300,0.0,0.0
2001-06-26 00:00:00-04:00,3.72458265867536,3.8636337978798254,3.7183752040629137,3.8114898204803467,563625,0.0,0.0
2001-06-27 00:00:00-04:00,3.810247199580895,3.811488370347651,3.72334007084091,3.724581241607666,1133325,0.0,0.0
2001-06-28 00:00:00-04:00,3.7245787400371784,3.7245787400371784,3.544557950423844,3.658777952194214,1275750,0.0,0.0
2001-06-29 00:00:00-04:00,3.6587791638925062,3.7990713731955816,3.6587791638925062,3.7928643226623535,778275,0.0,0.0
2001-07-02 00:00:00-04:00,3.8052791646801327,3.8052791646801327,3.743203072359563,3.756859540939331,522450,0.0,0.0
2001-07-03 00:00:00-04:00,3.7568627013941325,3.8226631588618716,3.7432062213258726,3.8114898204803467,471825,0.0,0.0
2001-07-05 00:00:00-04:00,3.8114858804573375,3.8487321680472126,3.7878968580266674,3.8239011764526367,347625,0.0,0.0
2001-07-06 00:00:00-04:00,3.7928654779187063,3.794106648640934,3.689818737261158,3.6997509002685547,540000,0.0,0.0
2001-07-09 00:00:00-04:00,3.7121632289872823,3.7245781230940165,3.6997479352766436,3.7183706760406494,370575,0.0,0.0
2001-07-10 00:00:00-04:00,3.7220989863604634,3.8102481060465347,3.7220989863604634,3.7916245460510254,758700,0.0,0.0
2001-07-11 00:00:00-04:00,3.791622891933634,3.791622891933634,3.6935420489136277,3.749411106109619,846450,0.0,0.0
2001-07-12 00:00:00-04:00,3.76182509608012,3.8611466648345556,3.7494094004808427,3.8239011764526367,969300,0.0,0.0
2001-07-13 00:00:00-04:00,3.823902372557216,3.823902372557216,3.7680333233007195,3.7928643226623535,665550,0.0,0.0
2001-07-16 00:00:00-04:00,3.7928627004447737,3.7928627004447737,3.724578380514899,3.7580995559692383,417825,0.0,0.0
2001-07-17 00:00:00-04:00,3.758101468785968,3.848733684753093,3.758101468785968,3.8437674045562744,274050,0.0,0.0
2001-07-18 00:00:00-04:00,3.8176937282569763,3.879770208233471,3.775481562031368,3.8239011764526367,290925,0.0,0.0
2001-07-19 00:00:00-04:00,3.8301095757209858,3.8661139030873604,3.761826030196997,3.7841734886169434,823500,0.0,0.0
2001-07-20 00:00:00-04:00,3.780448397910187,3.780448397910187,3.7581009393808693,3.759342908859253,420525,0.0,0.0
2001-07-23 00:00:00-04:00,3.759342902734313,3.759342902734313,3.7059569966425276,3.750652313232422,490725,0.0,0.0
2001-07-24 00:00:00-04:00,3.7307864221294307,3.7432021169494445,3.6389134772929523,3.6811256408691406,689850,0.0,0.0
2001-07-25 00:00:00-04:00,3.6811260548000955,3.763066053390503,3.6811260548000955,3.763066053390503,463725,0.0,0.0
2001-07-26 00:00:00-04:00,3.7680333233007195,3.8114870726784504,3.7680333233007195,3.7928643226623535,1379700,0.0,0.0
2001-07-27 00:00:00-04:00,3.8176939603388154,3.8735621963079856,3.811486112161795,3.8574225902557373,601425,0.0,0.0
2001-07-30 00:00:00-04:00,3.8524577862417324,3.935640186423841,3.8301103234589755,3.9132931232452393,1102275,0.0,0.0
2001-07-31 00:00:00-04:00,3.9145345422894455,3.9145345422894455,3.8673568731114996,3.8822553157806396,670275,0.0,0.0
2001-08-01 00:00:00-04:00,3.885978053511854,3.9095670807786465,3.8735627549712235,3.9083259105682373,803925,0.0,0.0
2001-08-02 00:00:00-04:00,3.9083285792742997,3.9244681986748198,3.867358345837544,3.881014823913574,313200,0.0,0.0
2001-08-03 00:00:00-04:00,3.882252912578902,3.966676036763618,3.879769773737134,3.954261541366577,318600,0.0,0.0
2001-08-06 00:00:00-04:00,3.954261579312821,3.954261579312821,3.8797698109685332,3.9108078479766846,671625,0.0,0.0
2001-08-07 00:00:00-04:00,3.912052030521944,4.0349635029851685,3.904602608188267,4.022548198699951,614250,0.0,0.0
2001-08-08 00:00:00-04:00,4.022549037670438,4.034964344545077,3.965438785888831,4.0039262771606445,712125,0.0,0.0
2001-08-09 00:00:00-04:00,3.9852984587403006,4.021302763021738,3.94184474002585,3.9790902137756348,509625,0.0,0.0
2001-08-10 00:00:00-04:00,3.9790924719228355,4.2025674392633805,3.9728850226430654,4.155389785766602,438750,0.0,0.0
2001-08-13 00:00:00-04:00,4.1553892675513815,4.183944170043743,3.981575114937365,3.996473550796509,1066500,0.0,0.0
2001-08-14 00:00:00-04:00,4.010131672092285,4.188912176962519,4.010131672092285,4.164081573486328,594675,0.0,0.0
2001-08-15 00:00:00-04:00,4.16407987997202,4.183944194832571,4.109452814303505,4.129316329956055,600075,0.0,0.0
2001-08-16 00:00:00-04:00,4.1218711883069705,4.221192836761475,4.098281347738816,4.221192836761475,606150,0.0,0.0
2001-08-17 00:00:00-04:00,4.2211908932102435,4.2211908932102435,4.103245740717619,4.131800651550293,461700,0.0,0.0
2001-08-20 00:00:00-04:00,4.131800697287789,4.159114837646484,4.0473775338398,4.159114837646484,637875,0.0,0.0
2001-08-21 00:00:00-04:00,4.146697352365413,4.147939321433131,4.097036571834319,4.104485988616943,579825,0.0,0.0
2001-08-22 00:00:00-04:00,4.118143105726917,4.118143105726917,3.966676802009522,4.090829372406006,702000,0.0,0.0
2001-08-23 00:00:00-04:00,4.0908309122373705,4.0908309122373705,3.923224539449924,4.0349626541137695,1209600,0.0,0.0
2001-08-24 00:00:00-04:00,4.022545100889179,4.022545100889179,3.862388238513291,3.9108078479766846,2079675,0.0,0.0
2001-08-27 00:00:00-04:00,3.8859787695777706,3.9840596061616176,3.805279913599453,3.9170172214508057,1634175,0.0,0.0
2001-08-28 00:00:00-04:00,3.8983934610426667,3.9480542518990625,3.879770714422022,3.9232232570648193,465075,0.0,0.0
2001-08-29 00:00:00-04:00,3.8859783193658703,3.8859783193658703,3.7742414240639834,3.8102457523345947,2473200,0.0,0.0
2001-08-30 00:00:00-04:00,3.7866565269340593,3.8052792752505424,3.74941023109296,3.8003129959106445,782325,0.0,0.0
2001-08-31 00:00:00-04:00,3.8003128852065267,3.8003128852065267,3.6811265801656434,3.7878975868225098,1523475,0.0,0.0
2001-09-04 00:00:00-04:00,3.774241606801688,3.8040376874138033,3.698507837291343,3.7146482467651367,550800,0.0,0.0
2001-09-05 00:00:00-04:00,3.7183716283684767,3.7183716283684767,3.6128418046023114,3.6761598587036133,714150,0.0,0.0
2001-09-06 00:00:00-04:00,3.6873356579563534,3.774242785024385,3.5693904710232838,3.667470932006836,2043225,0.0,0.0
2001-09-07 00:00:00-04:00,3.6674696214587073,3.705957089653137,3.5507664461801536,3.6774017810821533,1309500,0.0,0.0
2001-09-10 00:00:00-04:00,3.7269830857573796,3.851592935448275,3.7206894134728494,3.738311290740967,1683450,0.06,0.0
2001-09-17 00:00:00-04:00,3.7080434943331113,3.7080434943331113,3.4557950024177035,3.5718297958374023,766125,0.008889,0.0
2001-09-18 00:00:00-04:00,3.569306116913265,3.632367814282305,3.455793924992587,3.4621007442474365,2002725,0.0,0.0
2001-09-19 00:00:00-04:00,3.449487247526242,3.449487247526242,3.0774217659136696,3.246427297592163,2815425,0.0,0.0
2001-09-20 00:00:00-04:00,3.228770074632389,3.2413816775540947,2.9588650470285374,2.9601259231567383,1566000,0.0,0.0
2001-09-21 00:00:00-04:00,2.7116643313493736,2.836527310384493,2.695268461420771,2.7999513149261475,2554200,0.0,0.0
2001-09-24 00:00:00-04:00,2.806256340069024,3.0269739404779226,2.801211411579685,3.025712251663208,1904850,0.0,0.0
2001-09-25 00:00:00-04:00,3.0269737861200188,3.0622880807701796,2.9576050588006466,3.044630527496338,1075275,0.0,0.0
2001-09-26 00:00:00-04:00,3.052197409705089,3.1089532976350647,3.001748137493791,3.0206663608551025,1418850,0.0,0.0
2001-09-27 00:00:00-04:00,3.0219280364135557,3.1783211855476265,3.0219280364135557,3.14048433303833,1772550,0.0,0.0
2001-09-28 00:00:00-04:00,3.141745053515408,3.3864257358159113,3.141745053515408,3.3145346641540527,1900125,0.0,0.0
2001-10-01 00:00:00-04:00,3.3132736270860925,3.322101995100895,3.2224643374839195,3.253995180130005,882900,0.0,0.0
2001-10-02 00:00:00-04:00,3.2603024770164617,3.3359770023309365,3.2527349838901416,3.2981393337249756,1038825,0.0,0.0
2001-10-03 00:00:00-04:00,3.310751899259179,3.4747123530135555,3.310751899259179,3.4621007442474365,693225,0.0,0.0
2001-10-04 00:00:00-04:00,3.4621010849684,3.5503872264044634,3.4469660974928926,3.4911093711853027,796500,0.0,0.0
2001-10-05 00:00:00-04:00,3.4999374667939676,3.512549886976453,3.417956938582162,3.4381370544433594,612225,0.0,0.0
2001-10-08 00:00:00-04:00,3.417956823037867,3.4318301194157828,3.39273178055128,3.430569648742676,403650,0.0,0.0
2001-10-09 00:00:00-04:00,3.443181483730263,3.4684063249064585,3.3738137794187963,3.407867193222046,440100,0.0,0.0
2001-10-10 00:00:00-04:00,3.41795620482897,3.4747114745431094,3.392731166904859,3.4368746280670166,469125,0.0,0.0
2001-10-11 00:00:00-04:00,3.4621001621963203,3.4936310055798496,3.3675072260970857,3.4204790592193604,578475,0.0,0.0
2001-10-12 00:00:00-04:00,3.4179582595825195,3.435615817041916,3.3864273999143526,3.4179582595825195,677700,0.0,0.0
2001-10-15 00:00:00-04:00,3.3864269256591797,3.390210368482235,3.304445768320697,3.3864269256591797,606150,0.0,0.0
2001-10-16 00:00:00-04:00,3.3864263925555775,3.4431816795059933,3.3826421384306515,3.402822256088257,271350,0.0,0.0
2001-10-17 00:00:00-04:00,3.4242630339251026,3.4242630339251026,3.373813757844037,3.380119562149048,447525,0.0,0.0
2001-10-18 00:00:00-04:00,3.34858845798504,3.3498501465594366,3.2640857696533203,3.2640857696533203,333450,0.0,0.0
2001-10-19 00:00:00-04:00,3.272913227069273,3.367506758969838,3.260301419198564,3.344804286956787,285525,0.0,0.0
2001-10-22 00:00:00-04:00,3.344805900442745,3.430570497795379,3.335977529187422,3.392732620239258,423900,0.0,0.0
2001-10-23 00:00:00-04:00,3.3990401100161307,3.443182786883881,3.38642748168013,3.405345916748047,941625,0.0,0.0
2001-10-24 00:00:00-04:00,3.4053440210421737,3.4053440210421737,3.3107512894376963,3.329669713973999,720900,0.0,0.0
2001-10-25 00:00:00-04:00,3.310750833753718,3.38642513040626,3.290570723617411,3.3612000942230225,684450,0.0,0.0
2001-10-26 00:00:00-04:00,3.354895000472106,3.5314680583323526,3.354895000472106,3.4684059619903564,600750,0.0,0.0
2001-10-29 00:00:00-05:00,3.467146041893992,3.470929078162457,3.354895533176499,3.3977773189544678,581175,0.0,0.0
2001-10-30 00:00:00-05:00,3.3927325694652932,3.423002749272545,3.31831992511886,3.3246257305145264,481950,0.0,0.0
2001-10-31 00:00:00-05:00,3.3372390633649047,3.4621020338495327,3.3372390633649047,3.405345916748047,663525,0.0,0.0
2001-11-01 00:00:00-05:00,3.4040842312994393,3.5377757460087644,3.3977776141672327,3.51507306098938,550125,0.0,0.0
2001-11-02 00:00:00-05:00,3.5163339378721727,3.5756122012118357,3.5112888065459162,3.51507306098938,628425,0.0,0.0
2001-11-05 00:00:00-05:00,3.50624418258667,3.626061575742196,3.50624418258667,3.50624418258667,1084725,0.0,0.0
2001-11-06 00:00:00-05:00,3.512549066944193,3.6323668277310546,3.499936649706176,3.617231845855713,469800,0.0,0.0
2001-11-07 00:00:00-05:00,3.5945299154208525,3.619755161076135,3.579394930407159,3.5907468795776367,549450,0.0,0.0
2001-11-08 00:00:00-05:00,3.644978242605626,3.7774088196590276,3.644978242605626,3.745877981185913,1593000,0.0,0.0
2001-11-09 00:00:00-05:00,3.7332661059507704,3.7332661059507704,3.633628436237986,3.639935255050659,461025,0.0,0.0
2001-11-12 00:00:00-05:00,3.6084060169975123,3.7193944674403894,3.556694626308917,3.6664226055145264,447525,0.0,0.0
2001-11-13 00:00:00-05:00,3.6676812803259846,3.719392234014242,3.6676812803259846,3.6954290866851807,405675,0.0,0.0
2001-11-14 00:00:00-05:00,3.701734517464004,3.844254954186286,3.697951482401298,3.8152458667755127,391500,0.0,0.0
2001-11-15 00:00:00-05:00,3.8152464275606346,3.8152464275606346,3.737050159817456,3.7786712646484375,805950,0.0,0.0
2001-11-16 00:00:00-05:00,3.771103680161877,3.834165777535291,3.7660589559412108,3.801373243331909,639900,0.0,0.0
2001-11-19 00:00:00-05:00,3.7887603154728087,3.884614944458008,3.7711035782035185,3.884614944458008,934875,0.0,0.0
2001-11-20 00:00:00-05:00,3.88461515291451,3.88461515291451,3.7143480943958926,3.7332661151885986,786375,0.0,0.0
2001-11-21 00:00:00-05:00,3.7521849458870227,3.7837162017822266,3.6929075000779323,3.7837162017822266,310500,0.0,0.0
2001-11-23 00:00:00-05:00,3.796328899191326,3.879570722579956,3.796328899191326,3.879570722579956,137025,0.0,0.0
2001-11-26 00:00:00-05:00,3.8820944010529432,3.93002113158052,3.8669594090212,3.914886951446533,237600,0.0,0.0
2001-11-27 00:00:00-05:00,3.8467778929777143,3.8619120644435756,3.7395725388902856,3.7711033821105957,591975,0.0,0.0
2001-11-28 00:00:00-05:00,3.7711028872701196,3.802634132301576,3.7332652308529353,3.739572048187256,500175,0.0,0.0
2001-11-29 00:00:00-05:00,3.7332657754747935,3.7521842004946793,3.585701410801842,3.748401165008545,670950,0.0,0.0
2001-11-30 00:00:00-05:00,3.7496625958509466,3.758491574384197,3.6260613618212725,3.638673782348633,953100,0.0,0.0
2001-12-03 00:00:00-05:00,3.651286041798595,3.676511287689209,3.555431812398777,3.676511287689209,724950,0.0,0.0
2001-12-04 00:00:00-05:00,3.6828163813343844,3.783715321251546,3.6828163813343844,3.777409315109253,881550,0.0,0.0
2001-12-05 00:00:00-05:00,3.7913137045273815,3.930328506463064,3.7913137045273815,3.901261568069458,1058400,0.008889,0.0
2001-12-06 00:00:00-05:00,3.9012603620948574,3.9366467728181522,3.854501650997956,3.898733139038086,647325,0.0,0.0
2001-12-07 00:00:00-05:00,3.8734579494761894,3.912634990273542,3.848182058763451,3.902524471282959,679725,0.0,0.0
2001-12-10 00:00:00-05:00,3.8949418064988355,3.8949418064988355,3.759717688966216,3.801422357559204,438075,0.0,0.0
2001-12-11 00:00:00-05:00,3.7913119792938232,3.7976310529229678,3.7723555719337307,3.7913119792938232,899100,0.0,0.0
2001-12-12 00:00:00-05:00,3.7913124538769396,3.8355443477630615,3.7824661564524593,3.8355443477630615,451575,0.0,0.0
2001-12-13 00:00:00-05:00,3.829226239085309,3.898733213123803,3.8279620173873043,3.854501724243164,469800,0.0,0.0
2001-12-14 00:00:00-05:00,3.854500916839724,3.9113701363868785,3.854500916839724,3.9050514698028564,479925,0.0,0.0
2001-12-17 00:00:00-05:00,3.886093898769622,3.9998331173078316,3.886093898769622,3.9909868240356445,576450,0.0,0.0
2001-12-18 00:00:00-05:00,3.980878159990586,4.0693415315539525,3.980878159990586,4.037747383117676,918000,0.0,0.0
2001-12-19 00:00:00-05:00,4.012474103363411,4.03395815018128,3.9176916156546695,3.937911033630371,531900,0.0,0.0
2001-12-20 00:00:00-05:00,3.949282193166985,4.018789125017904,3.912632802608997,3.968238592147827,400275,0.0,0.0
2001-12-21 00:00:00-05:00,3.9998327454702416,4.088296890258789,3.9973051171235845,4.088296890258789,1830600,0.0,0.0
2001-12-24 00:00:00-05:00,4.088297887973352,4.088297887973352,3.9935142424235197,4.042801380157471,223425,0.0,0.0
2001-12-26 00:00:00-05:00,4.0428041143864535,4.044068336486816,3.980880010245256,4.044068336486816,334800,0.0,0.0
2001-12-27 00:00:00-05:00,4.031428149678488,4.080715290913027,3.988460488065138,4.076923847198486,321975,0.0,0.0
2001-12-28 00:00:00-05:00,4.08829572910853,4.113570785106046,4.037744396823363,4.039008617401123,276075,0.0,0.0
2001-12-31 00:00:00-05:00,4.025110203402503,4.09461716289632,3.9821413181563683,4.0301642417907715,691875,0.0,0.0
2002-01-02 00:00:00-05:00,4.0377475790049395,4.0377475790049395,3.8987328310247493,3.9808783531188965,867375,0.0,0.0
2002-01-03 00:00:00-05:00,3.9682374843759702,4.042799245317515,3.9442258354294584,4.039008617401123,840375,0.0,0.0
2002-01-04 00:00:00-05:00,4.0314289116552455,4.037747578943477,3.9556024636142784,3.9593935012817383,630450,0.0,0.0
2002-01-07 00:00:00-05:00,3.9682370138415943,3.972027641308512,3.867134768022855,3.9138946533203125,795150,0.0,0.0
2002-01-08 00:00:00-05:00,3.9151601425057545,3.9164235498163738,3.7913100241170032,3.8292236328125,996975,0.0,0.0
2002-01-09 00:00:00-05:00,3.848179723264159,3.9808761368435737,3.848179723264159,3.9303247928619385,469800,0.0,0.0
2002-01-10 00:00:00-05:00,3.94170154391171,3.972031474073515,3.822906605686495,3.8355443477630615,380700,0.0,0.0
2002-01-11 00:00:00-05:00,3.84186281945062,3.879775628954545,3.772355052911656,3.7786741256713867,917325,0.0,0.0
2002-01-14 00:00:00-05:00,3.7799403129951354,3.8064796245741506,3.72180724143982,3.7218072414398193,598725,0.0,0.0
2002-01-15 00:00:00-05:00,3.721803357564195,3.7293858357752807,3.678835303095562,3.6965274810791016,274725,0.0,0.0
2002-01-16 00:00:00-05:00,3.696529373634316,3.696529373634316,3.603010738606139,3.6055383682250977,444150,0.0,0.0
2002-01-17 00:00:00-05:00,3.6143865864063938,3.72180724143982,3.601748431593611,3.7218072414398193,378000,0.0,0.0
2002-01-18 00:00:00-05:00,3.734443412910261,3.793839868107405,3.721805670196697,3.726860523223877,584550,0.0,0.0
2002-01-22 00:00:00-05:00,3.728123765280661,3.754663064472915,3.6889467239379883,3.6889467239379883,274050,0.0,0.0
2002-01-23 00:00:00-05:00,3.6965313385781684,3.7432908843298076,3.6712562492443452,3.7218072414398193,534600,0.0,0.0
2002-01-24 00:00:00-05:00,3.709164877897434,3.759715405970125,3.709164877897434,3.742023229598999,249075,0.0,0.0
2002-01-25 00:00:00-05:00,3.744552631194966,3.7533989269520536,3.6699896009098767,3.67757248878479,303750,0.0,0.0
2002-01-28 00:00:00-05:00,3.7028499246662503,3.709168187012394,3.6396611997475814,3.690211772918701,231525,0.0,0.0
2002-01-29 00:00:00-05:00,3.6914737898396273,3.702848528888563,3.632077346362166,3.6636714935302734,265275,0.0,0.0
2002-01-30 00:00:00-05:00,3.677571082169643,3.702846958654737,3.614382814629123,3.6965274810791016,484650,0.0,0.0
2002-01-31 00:00:00-05:00,3.7028483932531056,3.816587237539302,3.691473654620826,3.815323829650879,1082025,0.0,0.0
2002-02-01 00:00:00-05:00,3.8115309459743814,3.8595538507952374,3.8115309459743814,3.8494441509246826,409725,0.0,0.0
2002-02-04 00:00:00-05:00,3.8368064388465646,3.8368064388465646,3.7521341427446155,3.755925178527832,315225,0.0,0.0
2002-02-05 00:00:00-05:00,3.755925887719603,3.8279604623641994,3.75466166653516,3.7812013626098633,474525,0.0,0.0
2002-02-06 00:00:00-05:00,3.8102689332687287,3.8266977100263135,3.764772419853297,3.797630786895752,776250,0.0,0.0
2002-02-07 00:00:00-05:00,3.7976303173257024,3.8026855752498196,3.7533984375440443,3.7723548412323,953775,0.0,0.0
2002-02-08 00:00:00-05:00,3.7786724447568916,3.8734552398805087,3.759715234910674,3.867135763168335,1065825,0.0,0.0
2002-02-11 00:00:00-05:00,3.8671378930713005,4.006153034111139,3.8608196331695224,3.983405590057373,582525,0.0,0.0
2002-02-12 00:00:00-05:00,3.980877016012356,4.108517387826745,3.9720299085474093,4.0895609855651855,813375,0.0,0.0
2002-02-13 00:00:00-05:00,4.075658857299465,4.1059887681878235,4.0554382387681205,4.104725360870361,421200,0.0,0.0
2002-02-14 00:00:00-05:00,4.100934981694593,4.100934981694593,4.035219066513776,4.036483287811279,251775,0.0,0.0
2002-02-15 00:00:00-05:00,4.044065130771003,4.145166616673038,4.0238449149433055,4.095879077911377,477225,0.0,0.0
2002-02-19 00:00:00-05:00,4.088302366174365,4.142644007832306,4.069345128182911,4.080719470977783,312525,0.0,0.0
2002-02-20 00:00:00-05:00,4.088297021429354,4.135055706761777,4.037745673164781,4.0984063148498535,437400,0.0,0.0
2002-02-21 00:00:00-05:00,4.100932757794409,4.113570896279793,3.955599453136541,3.9619181156158447,491400,0.0,0.0
2002-02-22 00:00:00-05:00,3.961920131947887,4.06934070287249,3.9556014662528374,4.057967185974121,496125,0.0,0.0
2002-02-25 00:00:00-05:00,4.070604169489505,4.0882971623300595,3.9871952758435105,4.0061516761779785,267975,0.0,0.0
2002-02-26 00:00:00-05:00,4.037746650751991,4.044065723351301,3.9429638158711757,3.965712070465088,569025,0.0,0.0
2002-02-27 00:00:00-05:00,3.9808784344199144,4.195719634829903,3.9808784344199144,4.193192005157471,623025,0.0,0.0
2002-02-28 00:00:00-05:00,4.214675865542285,4.420669946620398,4.214675865542285,4.362536907196045,1624725,0.0,0.0
2002-03-01 00:00:00-05:00,4.360006736285244,4.53061553105727,4.360006736285244,4.469954490661621,2270025,0.0,0.0
2002-03-04 00:00:00-05:00,4.486387920049562,4.486387920049562,4.296822141621815,4.37896728515625,1001700,0.0,0.0
2002-03-05 00:00:00-05:00,4.347372778388848,4.396660353315572,4.277865786325393,4.284184455871582,691200,0.0,0.0
2002-03-06 00:00:00-05:00,4.296819689853246,4.505341357671774,4.296819689853246,4.488912582397461,1341225,0.0,0.0
2002-03-07 00:00:00-05:00,4.424460843636296,4.616553734208399,4.418141364321597,4.58748722076416,2025000,0.0,0.0
2002-03-08 00:00:00-05:00,4.650675501822806,4.735348226591815,4.593805475964677,4.629191875457764,928800,0.0,0.0
2002-03-11 00:00:00-05:00,4.629193511479856,4.7404047531905915,4.539465090199291,4.674688816070557,1090800,0.0,0.0
2002-03-12 00:00:00-05:00,4.656992820672425,4.663312298154093,4.622871059084676,4.643091678619385,621000,0.0,0.0
2002-03-13 00:00:00-05:00,4.643092560791843,4.745625316809396,4.601319684869093,4.738030433654785,1110375,0.008889,0.0
2002-03-14 00:00:00-05:00,4.734232086586709,4.854485936837551,4.720307390445986,4.853220462799072,1146825,0.0,0.0
2002-03-15 00:00:00-05:00,4.822842804326299,5.025377025435042,4.822842804326299,4.996262550354004,2477925,0.0,0.0
2002-03-18 00:00:00-05:00,4.9975281281226716,5.088668779468733,4.886134994637332,4.982337951660156,3821850,0.0,0.0
2002-03-19 00:00:00-05:00,4.9342351255767705,4.9342351255767705,4.874740317966094,4.892462253570557,963225,0.0,0.0
2002-03-20 00:00:00-05:00,4.892462086925744,4.892462086925744,4.816511635371754,4.832967281341553,805275,0.0,0.0
2002-03-21 00:00:00-05:00,4.816511188275024,4.8354985956865475,4.76461167712119,4.768409729003906,587925,0.0,0.0
2002-03-22 00:00:00-05:00,4.708916160170817,4.772208213806152,4.702587565950742,4.772208213806152,931500,0.0,0.0
2002-03-25 00:00:00-05:00,4.772208978487875,4.879805283194306,4.7468925604061,4.754487037658691,1358775,0.0,0.0
2002-03-26 00:00:00-05:00,4.735500156748238,4.770944042407248,4.6443603079943925,4.706386089324951,895725,0.0,0.0
2002-03-27 00:00:00-05:00,4.70638431656947,4.797524945851508,4.696257263093409,4.745625019073486,1205550,0.0,0.0
2002-03-28 00:00:00-05:00,4.745626209960445,4.746892499391651,4.696258441591818,4.710183143615723,652725,0.0,0.0
2002-04-01 00:00:00-05:00,4.683599103766025,4.800056558098801,4.667143455846609,4.786131858825684,2202525,0.0,0.0
2002-04-02 00:00:00-05:00,4.7595510732366435,4.9241100491745735,4.734234652455415,4.860818386077881,1086750,0.0,0.0
2002-04-03 00:00:00-05:00,4.860815110095914,4.911448324962826,4.759547865504478,4.803852081298828,781650,0.0,0.0
2002-04-04 00:00:00-05:00,4.8101857165640105,4.811451191440804,4.61398047801203,4.653221607208252,881550,0.0,0.0
2002-04-05 00:00:00-05:00,4.670942818431875,4.711449008713756,4.6329671700769985,4.657017707824707,466425,0.0,0.0
2002-04-08 00:00:00-04:00,4.632966368187201,4.7468920712459814,4.5696743109323235,4.727903842926025,548100,0.0,0.0
2002-04-09 00:00:00-04:00,4.732965877831725,4.8152461374576445,4.731700403771819,4.778536796569824,581850,0.0,0.0
2002-04-10 00:00:00-04:00,4.776006648621936,4.857019424438477,4.759550183703053,4.857019424438477,726300,0.0,0.0
2002-04-11 00:00:00-04:00,4.859550145652116,4.9127159524655015,4.859550145652116,4.892462253570557,532575,0.0,0.0
2002-04-12 00:00:00-04:00,4.905121821301292,4.920312404632568,4.870944231092961,4.920312404632568,687825,0.0,0.0
2002-04-15 00:00:00-04:00,4.90765309465493,4.92410874342766,4.784866632623464,4.793727397918701,702675,0.0,0.0
2002-04-16 00:00:00-04:00,4.784866490754883,4.92410859743063,4.7734743695909,4.888664722442627,569025,0.0,0.0
2002-04-17 00:00:00-04:00,4.905120370355597,4.905120370355597,4.7253712988742125,4.730434417724609,581850,0.0,0.0
2002-04-18 00:00:00-04:00,4.715246938406371,4.715246938406371,4.601320811197259,4.617776870727539,538650,0.0,0.0
2002-04-19 00:00:00-04:00,4.620306660318107,4.719042576581222,4.620306660318107,4.6962571144104,379350,0.0,0.0
2002-04-22 00:00:00-04:00,4.683600718949805,4.696259133407241,4.557016981804527,4.589929103851318,392175,0.0,0.0
2002-04-23 00:00:00-04:00,4.576002876508964,4.594990284778888,4.448152915071346,4.56967306137085,1195425,0.0,0.0
2002-04-24 00:00:00-04:00,4.594990284778888,4.648155272392005,4.544357060249463,4.56967306137085,758025,0.0,0.0
2002-04-25 00:00:00-04:00,4.569675065522869,4.702588611420627,4.54182728910441,4.687398433685303,926775,0.0,0.0
2002-04-26 00:00:00-04:00,4.677269952419779,4.703852653503418,4.6494213696246405,4.703852653503418,782325,0.0,0.0
2002-04-29 00:00:00-04:00,4.691194021740859,4.734233186774515,4.645624315471033,4.716511249542236,801900,0.0,0.0
2002-04-30 00:00:00-04:00,4.759549176522031,4.917779493495083,4.7557519390040675,4.902589321136475,934200,0.0,0.0
2002-05-01 00:00:00-04:00,4.902589829453915,4.920311766947917,4.796259019347827,4.888664722442627,669600,0.0,0.0
2002-05-02 00:00:00-04:00,4.901324872381831,4.968414587822637,4.888666051139158,4.924109935760498,652725,0.0,0.0
2002-05-03 00:00:00-04:00,4.924110542909848,5.00006103515625,4.911452127535448,5.00006103515625,1074600,0.0,0.0
2002-05-06 00:00:00-04:00,4.987401911133825,5.050693571583745,4.973478022886606,4.986136436462402,874800,0.0,0.0
2002-05-07 00:00:00-04:00,4.998792534370469,4.998792534370469,4.863348486861257,4.8798041343688965,543375,0.0,0.0
2002-05-08 00:00:00-04:00,4.898792973964584,4.940565453205048,4.810184894554328,4.891197681427002,857250,0.0,0.0
2002-05-09 00:00:00-04:00,4.89246226794479,4.993728725572454,4.873474858068218,4.902589321136475,799200,0.0,0.0
2002-05-10 00:00:00-04:00,4.898790374842466,4.898790374842466,4.743092664436475,4.840561866760254,648675,0.0,0.0
2002-05-13 00:00:00-04:00,4.822840531896261,4.946893259367682,4.802587648985969,4.9430952072143555,555525,0.0,0.0
2002-05-14 00:00:00-04:00,4.974741913546026,5.15322471401867,4.930437276423285,5.144364356994629,1021950,0.0,0.0
2002-05-15 00:00:00-04:00,5.1443633642363285,5.1443633642363285,4.839296527183215,4.931702613830566,1221075,0.0,0.0
2002-05-16 00:00:00-04:00,4.90512234591253,4.949426996413504,4.865881631159259,4.883603572845459,602100,0.0,0.0
2002-05-17 00:00:00-04:00,4.8924650666383345,4.936769727409309,4.8355019895655325,4.917782306671143,488025,0.0,0.0
2002-05-20 00:00:00-04:00,4.917779460591269,5.000058507791849,4.844360770016294,4.955754280090332,859950,0.0,0.0
2002-05-21 00:00:00-04:00,4.949424961971151,4.955753962338889,4.6975230876720655,4.750688076019287,1334475,0.0,0.0
2002-05-22 00:00:00-04:00,4.738030136395371,4.826639002308394,4.702587078944877,4.745625019073486,861300,0.0,0.0
2002-05-23 00:00:00-04:00,4.734232450433041,4.778537082908313,4.651952593305632,4.777270793914795,830925,0.0,0.0
2002-05-24 00:00:00-04:00,4.784865638190413,4.784865638190413,4.707650122787406,4.712713241577148,670950,0.0,0.0
2002-05-28 00:00:00-04:00,4.702586190617642,4.7051179535084025,4.582331527595046,4.644357681274414,452250,0.0,0.0
2002-05-29 00:00:00-04:00,4.58866026647873,4.58866026647873,4.520305110818755,4.535495281219482,545400,0.0,0.0
2002-05-30 00:00:00-04:00,4.535494312133098,4.577267169952393,4.493721861742582,4.577267169952393,2011500,0.0,0.0
2002-05-31 00:00:00-04:00,4.577269055078773,4.816512147301429,4.577269055078773,4.7798027992248535,1877850,0.0,0.0
2002-06-03 00:00:00-04:00,4.765878986542198,4.838031394613149,4.759549577763811,4.796258926391602,2408400,0.0,0.0
2002-06-04 00:00:00-04:00,4.784864750419213,4.784864750419213,4.630432525979482,4.6772685050964355,1615950,0.0,0.0
2002-06-05 00:00:00-04:00,4.670941348869265,4.7152455789626,4.653219412374569,4.682333469390869,1433025,0.0,0.0
2002-06-06 00:00:00-04:00,4.682332613411428,4.682332613411428,4.551950895526353,4.560812473297119,1156275,0.0,0.0
2002-06-07 00:00:00-04:00,4.529167133338683,4.591192480230675,4.496254618905291,4.588660717010498,1232550,0.0,0.0
2002-06-10 00:00:00-04:00,4.582333358509508,4.731702132170991,4.578536120084997,4.6760053634643555,739800,0.0,0.0
2002-06-11 00:00:00-04:00,4.676003031205459,4.69625591003565,4.634230577367662,4.6772685050964355,1801575,0.0,0.0
2002-06-12 00:00:00-04:00,4.678538619565456,4.714039325714111,4.6278218092985055,4.714039325714111,645300,0.008889,0.0
2002-06-13 00:00:00-04:00,4.710235208338533,4.714038621662629,4.6443047523498535,4.6443047523498535,731700,0.0,0.0
2002-06-14 00:00:00-04:00,4.618948184998127,4.703896965611635,4.598661537484529,4.6607890129089355,636525,0.0,0.0
2002-06-17 00:00:00-04:00,4.6405010970346385,4.783773899078369,4.6405010970346385,4.783773899078369,760050,0.0,0.0
2002-06-18 00:00:00-04:00,4.8814029428057415,4.93845783760692,4.868723941263796,4.913100242614746,771525,0.0,0.0
2002-06-19 00:00:00-04:00,4.900417813486053,4.932115091124465,4.815469093091451,4.8370232582092285,1199475,0.0,0.0
2002-06-20 00:00:00-04:00,4.837023446943367,4.928312279373909,4.824344045683552,4.843362331390381,991575,0.0,0.0
2002-06-21 00:00:00-04:00,4.84336439742305,4.87252621657728,4.818007216452601,4.8256144523620605,991575,0.0,0.0
2002-06-24 00:00:00-04:00,4.837025727249808,4.882669552845657,4.77743414560136,4.830685615539551,1046925,0.0,0.0
2002-06-25 00:00:00-04:00,4.8547760455849005,4.906759161956698,4.748272299259218,4.7672905921936035,771525,0.0,0.0
2002-06-26 00:00:00-04:00,4.754614128578534,4.774899963101052,4.684879404419771,4.760953426361084,694575,0.0,0.0
2002-06-27 00:00:00-04:00,4.7634847064112025,4.828146787212859,4.711500800833686,4.771091938018799,803925,0.0,0.0
2002-06-28 00:00:00-04:00,4.760951762160003,4.824346350192929,4.687413648273832,4.722915172576904,1480275,0.0,0.0
2002-07-01 00:00:00-04:00,4.710236171690534,4.722915170910975,4.551749293572479,4.577106475830078,754650,0.0,0.0
2002-07-02 00:00:00-04:00,4.545408253094078,4.596123831521851,4.507371671296139,4.559354782104492,1332450,0.0,0.0
2002-07-03 00:00:00-04:00,4.545408122579923,4.551748232850131,4.488352435338159,4.536533355712891,1148175,0.0,0.0
2002-07-05 00:00:00-04:00,4.545411623230562,4.741936012657651,4.545411623230562,4.73052453994751,230175,0.0,0.0
2002-07-08 00:00:00-04:00,4.722913843598812,4.722913843598812,4.5847128317447225,4.639232635498047,1998675,0.0,0.0
2002-07-09 00:00:00-04:00,4.627822842172236,4.665860254316127,4.556820597844851,4.570768356323242,654750,0.0,0.0
2002-07-10 00:00:00-04:00,4.570766848879745,4.570766848879745,4.2474530332030005,4.269007205963135,1421550,0.0,0.0
2002-07-11 00:00:00-04:00,4.266471138616333,4.290560783285173,4.1206632896747895,4.28802490234375,2053350,0.0,0.0
2002-07-12 00:00:00-04:00,4.310848992148093,4.380583702967291,4.275348278409893,4.285490989685059,1298025,0.0,0.0
2002-07-15 00:00:00-04:00,4.253793216263914,4.267740974393788,4.149826142350899,4.243650913238525,1502550,0.0,0.0
2002-07-16 00:00:00-04:00,4.211951531145876,4.285489633396712,4.149824893674397,4.175183296203613,940950,0.0,0.0
2002-07-17 00:00:00-04:00,4.1751837181360845,4.251256892953589,4.099109727135343,4.219559192657471,1094175,0.0,0.0
2002-07-18 00:00:00-04:00,4.215754828923257,4.286757034416728,4.1282698082614315,4.139680862426758,742500,0.0,0.0
2002-07-19 00:00:00-04:00,4.133342364632068,4.151092307283778,4.073751201836961,4.0953049659729,1161675,0.0,0.0
2002-07-22 00:00:00-04:00,4.0826263823130216,4.0876981448053,3.8544056400842543,3.892442226409912,1314225,0.0,0.0
2002-07-23 00:00:00-04:00,3.702258475599079,3.855674019496612,3.702258475599079,3.754242420196533,1952775,0.0,0.0
2002-07-24 00:00:00-04:00,3.727615936606101,3.867084503173828,3.5577172042390197,3.867084503173828,2287575,0.0,0.0
2002-07-25 00:00:00-04:00,3.8353871970528566,3.931747436413769,3.831583782614495,3.9178009033203125,1978425,0.0,0.0
2002-07-26 00:00:00-04:00,3.917801148937337,4.045858285043431,3.917801148937337,4.019232749938965,984825,0.0,0.0
2002-07-29 00:00:00-04:00,3.993875264769545,4.206881999969482,3.993875264769545,4.206881999969482,750600,0.0,0.0
2002-07-30 00:00:00-04:00,4.194199206714968,4.241111347362596,4.036979975318318,4.220824718475342,677025,0.0,0.0
2002-07-31 00:00:00-04:00,4.2081487840710485,4.228435427688815,4.135879018997773,4.167576313018799,689175,0.0,0.0
2002-08-01 00:00:00-04:00,4.167576037971692,4.177718746973725,4.0458574085730685,4.063608169555664,667575,0.0,0.0
2002-08-02 00:00:00-04:00,4.063607509541668,4.0762865058723,3.88610237709591,3.8886382579803467,464400,0.0,0.0
2002-08-05 00:00:00-04:00,3.8924410309223325,3.9368173067340275,3.8176354137775705,3.8683509826660156,1167075,0.0,0.0
2002-08-06 00:00:00-04:00,3.893710929879888,4.196738156020478,3.893710929879888,4.149825572967529,1290600,0.0,0.0
2002-08-07 00:00:00-04:00,4.158702311802121,4.215758034098822,4.1016474056890155,4.208150386810303,1754325,0.0,0.0
2002-08-08 00:00:00-04:00,4.1460231214706855,4.215758259645812,4.133344932920251,4.20181131362915,967950,0.0,0.0
2002-08-09 00:00:00-04:00,4.196736823968675,4.262667272899119,4.127002145938282,4.224629878997803,685800,0.0,0.0
2002-08-12 00:00:00-04:00,4.222095325956691,4.222095325956691,4.114324036319501,4.198005676269531,1374300,0.0,0.0
2002-08-13 00:00:00-04:00,4.229703091757773,4.229703091757773,4.111788272857666,4.111788272857666,1296000,0.0,0.0
2002-08-14 00:00:00-04:00,4.111788663158624,4.1523619555061995,4.004018176381883,4.146021842956543,754650,0.0,0.0
2002-08-15 00:00:00-04:00,4.149825532146271,4.1612365905897,4.085162595572412,4.120664119720459,1250775,0.0,0.0
2002-08-16 00:00:00-04:00,4.120664097792167,4.18405868521091,4.113056453475938,4.1384148597717285,1709775,0.0,0.0
2002-08-19 00:00:00-04:00,4.152363867354263,4.3349409103393555,4.152363867354263,4.3349409103393555,1114425,0.0,0.0
2002-08-20 00:00:00-04:00,4.334937813887789,4.424958329603184,4.282953882896788,4.310847759246826,887625,0.0,0.0
2002-08-21 00:00:00-04:00,4.312119201328127,4.43637297728737,4.312119201328127,4.427497386932373,859275,0.0,0.0
2002-08-22 00:00:00-04:00,4.43763914202117,4.532731458904194,4.43763914202117,4.485818862915039,1115100,0.0,0.0
2002-08-23 00:00:00-04:00,4.4693350993257335,4.474406862151639,4.430030569791495,4.437637805938721,1057725,0.0,0.0
2002-08-26 00:00:00-04:00,4.437637229144414,4.501032215770132,4.389457529018765,4.475674629211426,1101600,0.0,0.0
2002-08-27 00:00:00-04:00,4.475674665060733,4.513711249249249,4.426226615905762,4.426226615905762,927450,0.0,0.0
2002-08-28 00:00:00-04:00,4.423689082273727,4.423689082273727,4.308310207982925,4.320989608764648,490725,0.0,0.0
2002-08-29 00:00:00-04:00,4.412281727391145,4.412281727391145,4.246186350413019,4.372976779937744,399600,0.0,0.0
2002-08-30 00:00:00-04:00,4.3805837504213345,4.466800061927863,4.350153983899371,4.361564636230469,574425,0.0,0.0
2002-09-03 00:00:00-04:00,4.342544272041131,4.342544272041131,4.161235332489014,4.161235332489014,707400,0.0,0.0
2002-09-04 00:00:00-04:00,4.16250519005511,4.286758899688721,4.158700959556039,4.286758899688721,843075,0.0,0.0
2002-09-05 00:00:00-04:00,4.286758859694502,4.300705392208211,4.190398216247559,4.190398216247559,502875,0.0,0.0
2002-09-06 00:00:00-04:00,4.203076399202849,4.318455315902397,4.203076399202849,4.2664713859558105,638550,0.0,0.0
2002-09-09 00:00:00-04:00,4.279151705043832,4.34635053418571,4.214488757773666,4.318456649780273,513000,0.0,0.0
2002-09-10 00:00:00-04:00,4.323529232770208,4.324796357762752,4.184060192407356,4.227168560028076,1048275,0.0,0.0
2002-09-11 00:00:00-04:00,4.2385784529770465,4.285490218573351,4.209417041055924,4.2639360427856445,388800,0.0,0.0
2002-09-12 00:00:00-04:00,4.238533261599484,4.242343064668115,4.140730600593825,4.159782886505127,567675,0.008889,0.0
2002-09-13 00:00:00-04:00,4.140731614508165,4.153432460190643,4.058170598486955,4.06325101852417,945000,0.0,0.0
2002-09-16 00:00:00-04:00,4.05181931374878,4.102625549982225,3.9921212196350098,3.9921212196350098,670275,0.0,0.0
2002-09-17 00:00:00-04:00,3.993392358992476,4.007364229096259,3.873997381575583,3.896859884262085,1357425,0.0,0.0
2002-09-18 00:00:00-04:00,3.8981317187526563,3.922264436157655,3.8104898492095183,3.816840887069702,1576125,0.0,0.0
2002-09-19 00:00:00-04:00,3.804138541014789,3.825731248241985,3.7380902119879353,3.740630626678467,980775,0.0,0.0
2002-09-20 00:00:00-04:00,3.739358772087939,3.785084994910128,3.7203064858611294,3.7330081462860107,2124900,0.0,0.0
2002-09-23 00:00:00-04:00,3.7279285758118426,3.729199191985967,3.548835471361732,3.5920217037200928,1433025,0.0,0.0
2002-09-24 00:00:00-04:00,3.5755073279830345,3.6110722995114712,3.531052135624915,3.5437533855438232,1054350,0.0,0.0
2002-09-25 00:00:00-04:00,3.575508060043201,3.65933886136178,3.550105146183346,3.6352057456970215,1129950,0.0,0.0
2002-09-26 00:00:00-04:00,3.6288542296307456,3.8562130277376827,3.6288542296307456,3.8142974376678467,805275,0.0,0.0
2002-09-27 00:00:00-04:00,3.7914356599007246,3.829541050390256,3.706335065641742,3.7152256965637207,947700,0.0,0.0
2002-09-30 00:00:00-04:00,3.6834721800736627,3.7469800814556806,3.619963869870568,3.698714256286621,1101600,0.0,0.0
2002-10-01 00:00:00-04:00,3.6860119632444004,3.7787333852722784,3.6123424177843795,3.776193380355835,1246725,0.0,0.0
2002-10-02 00:00:00-04:00,3.773653020590848,3.8168388282821475,3.722846789220221,3.7279272079467773,967950,0.0,0.0
2002-10-03 00:00:00-04:00,3.734278449352344,3.816838621969594,3.6961730624473215,3.710144519805908,940950,0.0,0.0
2002-10-04 00:00:00-04:00,3.7279270636418094,3.7406291320190457,3.5691569324203134,3.5767781734466553,1032750,0.0,0.0
2002-10-07 00:00:00-04:00,3.581859918604404,3.617424087948722,3.5056503418619176,3.512000560760498,612900,0.0,0.0
2002-10-08 00:00:00-04:00,3.523431284596626,3.5780477218830886,3.443410303506742,3.5424835681915283,633825,0.0,0.0
2002-10-09 00:00:00-04:00,3.510729774163608,3.5221612278986068,3.339257968138624,3.346879005432129,895725,0.0,0.0
2002-10-10 00:00:00-04:00,3.3214762794696995,3.448492508091169,3.3214762794696995,3.4472227096557617,974025,0.0,0.0
2002-10-11 00:00:00-04:00,3.5056499736569493,3.7025255446075547,3.5056499736569493,3.6542584896087646,1732050,0.0,0.0
2002-10-14 00:00:00-04:00,3.6453684930943333,3.759682661737111,3.6390170472911723,3.725388288497925,1053675,0.0,0.0
2002-10-15 00:00:00-04:00,3.7787340453978606,4.001013336298715,3.7787340453978606,3.938774824142456,1370250,0.0,0.0
2002-10-16 00:00:00-04:00,3.924801279462863,3.924801279462863,3.7787320386452463,3.8498611450195312,1157625,0.0,0.0
2002-10-17 00:00:00-04:00,3.8993985165597778,3.9565561780284533,3.8778058220951714,3.891777276992798,942300,0.0,0.0
2002-10-18 00:00:00-04:00,3.884157287974843,3.956557035446167,3.8498625201333185,3.956557035446167,498150,0.0,0.0
2002-10-21 00:00:00-04:00,3.943855745517159,4.013714275401475,3.905751167184093,4.01117467880249,521100,0.0,0.0
2002-10-22 00:00:00-04:00,4.023877507317023,4.0962772974220485,3.9603691705361874,4.044200420379639,1090125,0.0,0.0
2002-10-23 00:00:00-04:00,4.064521379862299,4.21058988571167,4.058170344187361,4.21058988571167,1672650,0.0,0.0
2002-10-24 00:00:00-04:00,4.229641404453575,4.247423892282339,4.131839152268934,4.159782886505127,640575,0.0,0.0
2002-10-25 00:00:00-04:00,4.153430832147033,4.271556377410889,4.1267577175593475,4.271556377410889,739125,0.0,0.0
2002-10-28 00:00:00-05:00,4.303310595964135,4.303310595964135,4.210588770242643,4.253774166107178,878850,0.0,0.0
2002-10-29 00:00:00-05:00,4.223290911807842,4.300770257297406,4.142000128214453,4.276637554168701,1033425,0.0,0.0
2002-10-30 00:00:00-05:00,4.280448487348985,4.528129432580967,4.280448487348985,4.523049831390381,1985850,0.0,0.0
2002-10-31 00:00:00-05:00,4.523048593981016,4.550991503147427,4.408733273616272,4.482402801513672,903825,0.0,0.0
2002-11-01 00:00:00-05:00,4.479864681198154,4.641175274135699,4.420167803793539,4.632284641265869,965925,0.0,0.0
2002-11-04 00:00:00-05:00,4.661497787643847,4.680550076634979,4.591639258402666,4.610691547393799,776925,0.0,0.0
2002-11-05 00:00:00-05:00,4.578936865449108,4.578936865449108,4.48367461805279,4.507807731628418,724275,0.0,0.0
2002-11-06 00:00:00-05:00,4.515427616627038,4.652605436676227,4.500185545772476,4.637362957000732,752625,0.0,0.0
2002-11-07 00:00:00-05:00,4.5725858120333545,4.5725858120333545,4.4836750004069765,4.492565631866455,583200,0.0,0.0
2002-11-08 00:00:00-05:00,4.38206354126224,4.507810000043131,4.286801245928145,4.453192710876465,1296000,0.0,0.0
2002-11-11 00:00:00-05:00,4.458271368919574,4.458271368919574,4.365549934170276,4.394763469696045,899775,0.0,0.0
2002-11-12 00:00:00-05:00,4.426516074141377,4.534479960597691,4.401112758643309,4.4722418785095215,519750,0.0,0.0
2002-11-13 00:00:00-05:00,4.483675110140035,4.5624246763986775,4.408734938554997,4.454461574554443,454950,0.0,0.0
2002-11-14 00:00:00-05:00,4.470973027428356,4.545911965492444,4.4582709581686455,4.539561748504639,1065150,0.0,0.0
2002-11-15 00:00:00-05:00,4.5535341209528735,4.643715560228232,4.538292043603127,4.591639518737793,952425,0.0,0.0
2002-11-18 00:00:00-05:00,4.6996013665334315,4.718654469116215,4.529399782442188,4.5954484939575195,738450,0.0,0.0
2002-11-19 00:00:00-05:00,4.591638954439276,4.707222887843379,4.578937293012334,4.622122287750244,693225,0.0,0.0
2002-11-20 00:00:00-05:00,4.610689593222259,4.675467266572848,4.572584213748218,4.656414985656738,432000,0.0,0.0
2002-11-21 00:00:00-05:00,4.661497727385818,4.7808926970458545,4.6462556510972925,4.770731449127197,521100,0.0,0.0
2002-11-22 00:00:00-05:00,4.768190054908821,4.816456688038815,4.717383825758028,4.8139166831970215,569700,0.0,0.0
2002-11-25 00:00:00-05:00,4.807565429149143,4.829158946131437,4.594178849509047,4.605609893798828,1576800,0.0,0.0
2002-11-26 00:00:00-05:00,4.585286062425521,4.632282481038113,4.490024245039461,4.597988128662109,915975,0.0,0.0
2002-11-27 00:00:00-05:00,4.610690909366489,4.7961341716438834,4.610690909366489,4.789783954620361,654075,0.0,0.0
2002-11-29 00:00:00-05:00,4.791053740340741,4.801214986958357,4.721195220947266,4.721195220947266,205200,0.0,0.0
2002-12-02 00:00:00-05:00,4.737705178211421,4.902826697666875,4.686898965661373,4.835507392883301,1377675,0.0,0.0
2002-12-03 00:00:00-05:00,4.813916830060107,4.862182647020606,4.792324130909645,4.810105800628662,993600,0.0,0.0
2002-12-04 00:00:00-05:00,4.802473389349652,4.839366614254998,4.738864310293924,4.803744792938232,620325,0.008889,0.0
2002-12-05 00:00:00-05:00,4.808836381360625,4.815197088100408,4.698156644540529,4.7693986892700195,521100,0.0,0.0
2002-12-06 00:00:00-05:00,4.737592487853623,4.78339086881185,4.705788147625926,4.770669460296631,1281150,0.0,0.0
2002-12-09 00:00:00-05:00,4.757945019365945,4.768122795719066,4.649809830840428,4.671436786651611,546750,0.0,0.0
2002-12-10 00:00:00-05:00,4.6625330386233514,4.760490889611758,4.6472667789897715,4.756673812866211,961875,0.0,0.0
2002-12-11 00:00:00-05:00,4.75794509389228,4.80247163772583,4.735045506208668,4.80247163772583,705375,0.0,0.0
2002-12-12 00:00:00-05:00,4.796114998608284,4.871174129422699,4.764310643050331,4.839369773864746,518400,0.0,0.0
2002-12-13 00:00:00-05:00,4.82791484935739,4.82791484935739,4.69051976845579,4.693064212799072,453600,0.0,0.0
2002-12-16 00:00:00-05:00,4.681614803412203,4.85463088338845,4.681614803412203,4.816465854644775,974700,0.0,0.0
2002-12-17 00:00:00-05:00,4.821555425960918,4.904246606255926,4.821555425960918,4.891524791717529,899775,0.0,0.0
2002-12-18 00:00:00-05:00,4.888980060941814,4.919512577835895,4.783389293078307,4.796111106872559,1649700,0.0,0.0
2002-12-19 00:00:00-05:00,4.8088329558724405,4.878802318048539,4.796111141985052,4.8190107345581055,599400,0.0,0.0
2002-12-20 00:00:00-05:00,4.815194991611977,4.815194991611977,4.7185097525491715,4.779574394226074,996300,0.0,0.0
2002-12-23 00:00:00-05:00,4.783390082794352,4.84445430772456,4.745225044580412,4.826644420623779,790425,0.0,0.0
2002-12-24 00:00:00-05:00,4.826643867959685,4.829188312741204,4.8024728709443885,4.806288719177246,265275,0.0,0.0
2002-12-26 00:00:00-05:00,4.796114279645264,4.854634498023817,4.750315883476827,4.76558256149292,411750,0.0,0.0
2002-12-27 00:00:00-05:00,4.7706720443783635,4.7706720443783635,4.699429988861084,4.699429988861084,377325,0.0,0.0
2002-12-30 00:00:00-05:00,4.7261421172104106,4.773212709113232,4.7019707100457335,4.760490894317627,1148175,0.0,0.0
2002-12-31 00:00:00-05:00,4.764308764872215,4.948774527646577,4.719782193280247,4.896615028381348,1316250,0.0,0.0
2003-01-02 00:00:00-05:00,4.9169690484234225,4.957678532566904,4.890253603005425,4.948773384094238,1246050,0.0,0.0
2003-01-03 00:00:00-05:00,4.948774375459804,4.950046188808019,4.852088717045786,4.885165691375732,537300,0.0,0.0
2003-01-06 00:00:00-05:00,4.8533594714967085,4.992026381905281,4.849542395049554,4.967854976654053,1182600,0.0,0.0
2003-01-07 00:00:00-05:00,4.9678547117761385,4.9678547117761385,4.8215548846827945,4.916967868804932,591975,0.0,0.0
2003-01-08 00:00:00-05:00,4.9169692571581525,4.944957745267051,4.8406383569440825,4.919513702392578,1113750,0.0,0.0
2003-01-09 00:00:00-05:00,4.92205974668895,5.023833494432051,4.92205974668895,4.994573593139648,503550,0.0,0.0
2003-01-10 00:00:00-05:00,4.974219406296552,5.025106281735721,4.960224952529628,5.013657093048096,668250,0.0,0.0
2003-01-13 00:00:00-05:00,5.025105556850566,5.053093231937328,4.944958790779004,4.955135345458984,1165725,0.0,0.0
2003-01-14 00:00:00-05:00,4.9551353280559605,4.98948411745308,4.923330984422303,4.980579376220703,542025,0.0,0.0
2003-01-15 00:00:00-05:00,4.993301256152396,5.048005202851064,4.872444175620307,4.9525909423828125,1078650,0.0,0.0
2003-01-16 00:00:00-05:00,4.961496702357137,5.101436301490228,4.961496702357137,5.026377201080322,1539000,0.0,0.0
2003-01-17 00:00:00-05:00,5.01493044964371,5.01493044964371,4.910612220529257,4.94368839263916,1019925,0.0,0.0
2003-01-21 00:00:00-05:00,4.943685113180055,4.943685113180055,4.8737157355218335,4.919513702392578,1721925,0.0,0.0
2003-01-22 00:00:00-05:00,4.91060678086058,4.91060678086058,4.72486809386211,4.775754928588867,1262925,0.0,0.0
2003-01-23 00:00:00-05:00,4.79611055053254,4.874985459331805,4.746495523437178,4.843181133270264,1023975,0.0,0.0
2003-01-24 00:00:00-05:00,4.847001440739293,4.84827407345123,4.723600699909616,4.7693986892700195,1065825,0.0,0.0
2003-01-27 00:00:00-05:00,4.73886438786407,4.73886438786407,4.6040128923767005,4.633273601531982,770175,0.0,0.0
2003-01-28 00:00:00-05:00,4.656171312208187,4.7261414890185405,4.581113065307446,4.719779968261719,840375,0.0,0.0
2003-01-29 00:00:00-05:00,4.656173481636174,4.656173481636174,4.3317677105235735,4.579842567443848,3943350,0.0,0.0
2003-01-30 00:00:00-05:00,4.579841581122097,4.586203103472885,4.386470710525264,4.391559600830078,1761075,0.0,0.0
2003-01-31 00:00:00-05:00,4.3788388442409385,4.4030102623591745,4.307596812889285,4.389016628265381,2114100,0.0,0.0
2003-02-03 00:00:00-05:00,4.394104042606277,4.406826269544072,4.350850518366813,4.371204853057861,1003725,0.0,0.0
2003-02-04 00:00:00-05:00,4.371205935556683,4.371205935556683,4.280881377688551,4.363572597503662,1775250,0.0,0.0
2003-02-05 00:00:00-05:00,4.363573246168203,4.363573246168203,4.275793121268839,4.277065753936768,1362825,0.0,0.0
2003-02-06 00:00:00-05:00,4.277065603849556,4.320319143712471,4.147303346380985,4.261799335479736,1169100,0.0,0.0
2003-02-07 00:00:00-05:00,4.293601522276033,4.299962225367372,4.18928337097168,4.18928337097168,494100,0.0,0.0
2003-02-10 00:00:00-05:00,4.176561192191738,4.242714300256934,4.167655225910786,4.203276634216309,625725,0.0,0.0
2003-02-11 00:00:00-05:00,4.210911509413717,4.274520195950351,4.184195648144001,4.21727180480957,666225,0.0,0.0
2003-02-12 00:00:00-05:00,4.217270401929156,4.224903736592615,4.128217697143555,4.128217697143555,595350,0.0,0.0
2003-02-13 00:00:00-05:00,4.123129608327902,4.156206988825451,4.041711041328829,4.116769313812256,942975,0.0,0.0
2003-02-14 00:00:00-05:00,4.121858065320005,4.21091078439637,4.087509282231488,4.166384220123291,930825,0.0,0.0
2003-02-18 00:00:00-05:00,4.191828554977859,4.2897868585372345,4.191828554977859,4.287242412567139,681075,0.0,0.0
2003-02-19 00:00:00-05:00,4.287243229527581,4.287243229527581,4.190557539999106,4.207095623016357,619650,0.0,0.0
2003-02-20 00:00:00-05:00,4.185464577844618,4.242712929542494,4.15493288794897,4.156204700469971,602775,0.0,0.0
2003-02-21 00:00:00-05:00,4.1473024134072185,4.260525744412071,4.138396853337404,4.21727180480957,475875,0.0,0.0
2003-02-24 00:00:00-05:00,4.2109097546237315,4.2109097546237315,4.124401092529297,4.124401092529297,603450,0.0,0.0
2003-02-25 00:00:00-05:00,4.1167691582456465,4.20073298639357,4.060793409303628,4.188011169433594,580500,0.0,0.0
2003-02-26 00:00:00-05:00,4.179106635775622,4.210911387593704,4.092598349603408,4.093870162963867,678375,0.0,0.0
2003-02-27 00:00:00-05:00,4.109136141824942,4.255437252972754,4.109136141824942,4.176562309265137,612225,0.0,0.0
2003-02-28 00:00:00-05:00,4.179106777085713,4.250348801172982,4.179106777085713,4.195644855499268,770175,0.0,0.0
2003-03-03 00:00:00-05:00,4.179106679273738,4.252893147380694,4.082421018922535,4.091325759887695,614250,0.0,0.0
2003-03-04 00:00:00-05:00,4.0913244462880085,4.194371187771808,4.0709701157358795,4.109135150909424,539325,0.0,0.0
2003-03-05 00:00:00-05:00,4.121857826935216,4.167655792268086,4.067153894111132,4.090053081512451,630450,0.0,0.0
2003-03-06 00:00:00-05:00,4.077331760841562,4.077331760841562,3.8979544980812046,3.9615635871887207,1146150,0.0,0.0
2003-03-07 00:00:00-05:00,3.9437535864044166,3.976829738551742,3.9424809542412795,3.953930139541626,1892700,0.0,0.0
2003-03-10 00:00:00-05:00,3.9412105860881694,3.9412105860881694,3.8394355995940366,3.8521578311920166,1415475,0.0,0.0
2003-03-11 00:00:00-05:00,3.852156521666125,3.892865601590974,3.791091878104304,3.8038136959075928,1374300,0.0,0.0
2003-03-12 00:00:00-05:00,3.8038147382360403,3.817808782601314,3.7516552300027297,3.7783710956573486,1258875,0.0,0.0
2003-03-13 00:00:00-05:00,3.829360230725066,4.252578894255195,3.8268106341950245,4.227084159851074,4051350,0.008889,0.0
2003-03-14 00:00:00-05:00,4.334162406451236,4.3532835567201875,4.173543185056991,4.183741569519043,2129625,0.0,0.0
2003-03-17 00:00:00-05:00,4.183742137504618,4.469287094038957,4.155697807322767,4.462913513183594,2353725,0.0,0.0
2003-03-18 00:00:00-05:00,4.469283942672689,4.47693231636588,4.378776614492481,4.428492069244385,1484325,0.0,0.0
2003-03-19 00:00:00-05:00,4.4412429121671275,4.4412429121671275,4.322691574422285,4.396627426147461,902475,0.0,0.0
2003-03-20 00:00:00-05:00,4.396624501779615,4.396624501779615,4.281895994676643,4.302292346954346,1474875,0.0,0.0
2003-03-21 00:00:00-05:00,4.321416204141824,4.453990730830061,4.311217816451412,4.443792343139648,1380375,0.0,0.0
2003-03-24 00:00:00-05:00,4.380053354530881,4.380053354530881,4.248754082387193,4.317590713500977,702675,0.0,0.0
2003-03-25 00:00:00-05:00,4.318865296732721,4.364757206816793,4.281897383468751,4.3634819984436035,747900,0.0,0.0
2003-03-26 00:00:00-05:00,4.36348078369196,4.364755991710145,4.299742949205211,4.315040111541748,1054350,0.0,0.0
2003-03-27 00:00:00-05:00,4.308665383496485,4.359656052633526,4.295918229085375,4.32523775100708,676350,0.0,0.0
2003-03-28 00:00:00-05:00,4.325238389877601,4.329061962347777,4.238555019108027,4.26277494430542,619650,0.0,0.0
2003-03-31 00:00:00-05:00,4.237281094427822,4.237281094427822,4.155697300004723,4.207961559295654,932850,0.0,0.0
2003-04-01 00:00:00-05:00,4.207962977639355,4.286998023149161,4.1811934399333,4.28317403793335,994950,0.0,0.0
2003-04-02 00:00:00-05:00,4.366029672445058,4.443789455971447,4.3150398186156895,4.424668312072754,830925,0.0,0.0
2003-04-03 00:00:00-05:00,4.451439749452497,4.5113532070056666,4.439966977167792,4.457813739776611,1466100,0.0,0.0
2003-04-04 00:00:00-05:00,4.47183675930683,4.525376234331429,4.4437916080959505,4.484584331512451,766800,0.0,0.0
2003-04-07 00:00:00-04:00,4.557246081522141,4.67197425961458,4.496057801932612,4.513904571533203,929475,0.0,0.0
2003-04-08 00:00:00-04:00,4.51900224405512,4.550870966533182,4.487133521577058,4.50625467300415,580500,0.0,0.0
2003-04-09 00:00:00-04:00,4.517726189125434,4.589112409515586,4.406822464851882,4.43104362487793,989550,0.0,0.0
2003-04-10 00:00:00-04:00,4.431045392371899,4.470562912018391,4.403000237769279,4.4425177574157715,678375,0.0,0.0
2003-04-11 00:00:00-04:00,4.474386345947489,4.525376639333388,4.390252525980276,4.432319641113281,707400,0.0,0.0
2003-04-14 00:00:00-04:00,4.436141641973699,4.5648908615112305,4.4335920468565,4.5648908615112305,656775,0.0,0.0
2003-04-15 00:00:00-04:00,4.552145627169355,4.646477822719138,4.48203459763551,4.63755464553833,689850,0.0,0.0
2003-04-16 00:00:00-04:00,4.652851208542943,4.678346763651599,4.5266515136601715,4.527925491333008,884925,0.0,0.0
2003-04-17 00:00:00-04:00,4.576365493786394,4.627355356269357,4.555969138494577,4.595486640930176,1270350,0.0,0.0
2003-04-21 00:00:00-04:00,4.601861762753816,4.614609746658489,4.557245460282685,4.589114189147949,838350,0.0,0.0
2003-04-22 00:00:00-04:00,4.569991393033982,4.584013349696929,4.539397883842584,4.557243824005127,1719225,0.0,0.0
2003-04-23 00:00:00-04:00,4.56999220134202,4.629906073583842,4.510078329100199,4.624806880950928,2818800,0.0,0.0
2003-04-24 00:00:00-04:00,4.5699907689597925,4.599309886513303,4.507528550875377,4.558518409729004,1304775,0.0,0.0
2003-04-25 00:00:00-04:00,4.552143615462194,4.555968418704761,4.465461068085305,4.47438383102417,736425,0.0,0.0
2003-04-28 00:00:00-04:00,4.487134190992132,4.702567312265684,4.480759789067593,4.679622173309326,851850,0.0,0.0
2003-04-29 00:00:00-04:00,4.6910939343572355,4.776502539067177,4.670697574076608,4.754831790924072,881550,0.0,0.0
2003-04-30 00:00:00-04:00,4.767580536215452,4.8478899680561005,4.7459097827361,4.805822849273682,1274400,0.0,0.0
2003-05-01 00:00:00-04:00,4.8376879947454094,4.8376879947454094,4.726784302297163,4.8211164474487305,1025325,0.0,0.0
2003-05-02 00:00:00-04:00,4.83769064180121,4.912901685749009,4.8172951010523,4.900154113769531,1036800,0.0,0.0
2003-05-05 00:00:00-04:00,4.914175116440272,4.943494239072838,4.826217338243898,4.855536460876465,673650,0.0,0.0
2003-05-06 00:00:00-04:00,4.863185570684469,4.9830120754046385,4.856811170066306,4.958791732788086,877500,0.0,0.0
2003-05-07 00:00:00-04:00,4.94604439299956,5.000859071107222,4.926923241747275,4.94349479675293,1053675,0.0,0.0
2003-05-08 00:00:00-04:00,4.9269213684129305,4.933294946307397,4.830040030267377,4.87975549697876,673650,0.0,0.0
2003-05-09 00:00:00-04:00,4.895053328260963,4.994483454694212,4.882305760428884,4.928196430206299,1293975,0.0,0.0
2003-05-12 00:00:00-04:00,4.928198121763247,4.971540441687219,4.901428589396254,4.962616443634033,573750,0.0,0.0
2003-05-13 00:00:00-04:00,4.9613387884640865,4.9613387884640865,4.869556246951963,4.901425361633301,513000,0.0,0.0
2003-05-14 00:00:00-04:00,4.914172113080329,4.920546509380727,4.7930704820270345,4.812192440032959,772875,0.0,0.0
2003-05-15 00:00:00-04:00,4.837691758282689,4.86956049043693,4.762481517574772,4.799449443817139,1112400,0.0,0.0
2003-05-16 00:00:00-04:00,4.7930766966821805,4.826220646269717,4.7293388055126355,4.75610876083374,1040850,0.0,0.0
2003-05-19 00:00:00-04:00,4.729336720440827,4.742084293054582,4.545772331280805,4.6133341789245605,1651725,0.0,0.0
2003-05-20 00:00:00-04:00,4.627356670146157,4.6554005896011965,4.554695223592085,4.63755464553833,1846800,0.0,0.0
2003-05-21 00:00:00-04:00,4.63755335177998,4.643926930759992,4.562342329785122,4.614607810974121,1094175,0.0,0.0
2003-05-22 00:00:00-04:00,4.6146077880739576,4.626080148121321,4.557243526045348,4.595486640930176,1102275,0.0,0.0
2003-05-23 00:00:00-04:00,4.589112801487064,4.589112801487064,4.531749353054493,4.536848545074463,845775,0.0,0.0
2003-05-27 00:00:00-04:00,4.536848864011093,4.65030138114554,4.493506549391784,4.640103816986084,1139400,0.0,0.0
2003-05-28 00:00:00-04:00,4.627356092117667,4.682169946566779,4.624806496013421,4.665598392486572,1041525,0.0,0.0
2003-05-29 00:00:00-04:00,4.665599874368913,4.729337335427103,4.636280330455036,4.668149471282959,727650,0.0,0.0
2003-05-30 00:00:00-04:00,4.680895558997541,4.747182595918369,4.680895558997541,4.743358612060547,760050,0.0,0.0
2003-06-02 00:00:00-04:00,4.77522678399693,4.805820289911733,4.7229617155464,4.731884479522705,800550,0.0,0.0
2003-06-03 00:00:00-04:00,4.700017343411679,4.780327169743568,4.493507006170576,4.761205196380615,1052325,0.0,0.0
2003-06-04 00:00:00-04:00,4.761206103948067,4.835141953252411,4.743360156303825,4.831318378448486,743850,0.0,0.0
2003-06-05 00:00:00-04:00,4.818565402094124,4.849160123314081,4.780323128889794,4.837686538696289,721575,0.0,0.0
2003-06-06 00:00:00-04:00,4.856813027298888,4.875935005569468,4.773954403850573,4.7930755615234375,1327725,0.0,0.0
2003-06-09 00:00:00-04:00,4.78159865092669,4.8185665460592935,4.705113676061496,4.706388473510742,640575,0.0,0.0
2003-06-10 00:00:00-04:00,4.716587742474651,4.773952007293701,4.71021416321623,4.773952007293701,491400,0.0,0.0
2003-06-11 00:00:00-04:00,4.76120499043699,4.872108738456259,4.731885863444904,4.8708343505859375,857250,0.0,0.0
2003-06-12 00:00:00-04:00,4.900198873501497,4.999785387925662,4.893815270095215,4.925734519958496,1040175,0.008889,0.0
2003-06-13 00:00:00-04:00,4.909135949234839,4.929563972712529,4.851682287307814,4.852958679199219,898425,0.0,0.0
2003-06-16 00:00:00-04:00,4.821042841424543,4.915523441484292,4.821042841424543,4.9116926193237305,749250,0.0,0.0
2003-06-17 00:00:00-04:00,4.915520458765691,4.915520458765691,4.827423519912462,4.875940799713135,571050,0.0,0.0
2003-06-18 00:00:00-04:00,4.874663157752431,4.896367984346802,4.84529792499062,4.883601188659668,1111725,0.0,0.0
2003-06-19 00:00:00-04:00,4.877217572925484,4.928288873589793,4.851683155425383,4.886155605316162,995625,0.0,0.0
2003-06-20 00:00:00-04:00,4.909136319415565,4.941055159874337,4.896368290099287,4.912966728210449,947025,0.0,0.0
2003-06-23 00:00:00-04:00,4.902753337201791,4.902753337201791,4.8018895913129125,4.814657211303711,1019925,0.0,0.0
2003-06-24 00:00:00-04:00,4.814656501568961,4.875940575357997,4.795504457989949,4.813379287719727,1362150,0.0,0.0
2003-06-25 00:00:00-04:00,4.806995703874422,4.902752634610914,4.794228085713292,4.847851753234863,909225,0.0,0.0
2003-06-26 00:00:00-04:00,4.840189643590624,4.915518940480267,4.821038426933696,4.864448070526123,1261575,0.0,0.0
2003-06-27 00:00:00-04:00,4.864450485471107,4.909137364761731,4.8069968069775815,4.82614803314209,1131300,0.0,0.0
2003-06-30 00:00:00-04:00,4.8210416022003315,4.836363243127289,4.679321765899658,4.679321765899658,4887000,0.0,0.0
2003-07-01 00:00:00-04:00,4.692086378100868,4.803164103828739,4.685702775529431,4.787843704223633,2115450,0.0,0.0
2003-07-02 00:00:00-04:00,4.787844002216847,4.869556092747688,4.785290807595703,4.867002487182617,1181250,0.0,0.0
2003-07-03 00:00:00-04:00,4.861895880087964,4.953822815243895,4.861895880087964,4.939778804779053,1254150,0.0,0.0
2003-07-07 00:00:00-04:00,4.939778529641109,5.0304282458628515,4.924457306144492,4.925734519958496,1273050,0.0,0.0
2003-07-08 00:00:00-04:00,4.90913853022153,5.087885267931481,4.90913853022153,5.068733215332031,1163700,0.0,0.0
2003-07-09 00:00:00-04:00,5.0712849212558435,5.0712849212558435,4.995956419212444,5.038089275360107,1424925,0.0,0.0
2003-07-10 00:00:00-04:00,5.017661940036908,5.095544469809448,4.999786695182534,5.058518409729004,1495800,0.0,0.0
2003-07-11 00:00:00-04:00,5.081497626648681,5.130014896392822,5.0763904158512245,5.130014896392822,818775,0.0,0.0
2003-07-14 00:00:00-04:00,5.183638305979913,5.183638305979913,5.0278737264124524,5.055962562561035,819450,0.0,0.0
2003-07-15 00:00:00-04:00,5.06234686388336,5.115970527365683,5.031705240115105,5.107033729553223,1009125,0.0,0.0
2003-07-16 00:00:00-04:00,5.10064991112012,5.118523916934491,5.022766997453004,5.067453861236572,645300,0.0,0.0
2003-07-17 00:00:00-04:00,5.043197181398132,5.0776696350651465,4.919351380082366,4.928289413452148,1787400,0.0,0.0
2003-07-18 00:00:00-04:00,4.95382244069048,5.071284192956587,4.952546048789802,5.070007801055908,612225,0.0,0.0
2003-07-21 00:00:00-04:00,5.043196332552923,5.104480821293875,4.949993001924724,5.017661094665527,820800,0.0,0.0
2003-07-22 00:00:00-04:00,4.953825681365295,5.055966688202,4.883604355581384,5.043199062347412,1269000,0.0,0.0
2003-07-23 00:00:00-04:00,5.043198961877728,5.055966587477962,4.948718368058314,5.053413391113281,1082025,0.0,0.0
2003-07-24 00:00:00-04:00,5.075114951824882,5.075114951824882,5.030428492954067,5.039365291595459,820800,0.0,0.0
2003-07-25 00:00:00-04:00,5.0368131161900545,5.107035653659411,5.0240463160685636,5.087884426116943,830250,0.0,0.0
2003-07-28 00:00:00-04:00,5.07511568069458,5.103204116417406,5.040643229391088,5.07511568069458,574425,0.0,0.0
2003-07-29 00:00:00-04:00,5.078944478581821,5.107033729553223,5.043195643556232,5.107033729553223,769500,0.0,0.0
2003-07-30 00:00:00-04:00,5.107036776684007,5.107036776684007,5.043198652597783,5.06618070602417,515025,0.0,0.0
2003-07-31 00:00:00-04:00,5.075116528044215,5.081500133746664,5.040644070985146,5.050858497619629,975375,0.0,0.0
2003-08-01 00:00:00-04:00,5.04575112103647,5.06873234738814,5.0368130870764025,5.06107234954834,1010475,0.0,0.0
2003-08-04 00:00:00-04:00,5.0483047276124635,5.086607182476004,5.024046287028706,5.06107234954834,677025,0.0,0.0
2003-08-05 00:00:00-04:00,5.061069122099006,5.062345513628957,5.020212264825755,5.024043083190918,823500,0.0,0.0
2003-08-06 00:00:00-04:00,5.017661094665527,5.043196332552923,4.987019055767048,5.017661094665527,605475,0.0,0.0
2003-08-07 00:00:00-04:00,5.004891046084243,5.0355338945110955,4.985739830865223,5.024043083190918,620325,0.0,0.0
2003-08-08 00:00:00-04:00,5.011277579168152,5.067454856946155,5.011277579168152,5.063624858856201,625050,0.0,0.0
2003-08-11 00:00:00-04:00,5.055963047336551,5.076390658671798,5.047025428013485,5.067453861236572,457650,0.0,0.0
2003-08-12 00:00:00-04:00,5.062347733031353,5.091712969970892,5.05596412880763,5.084052562713623,618300,0.0,0.0
2003-08-13 00:00:00-04:00,5.087882192228252,5.1581034660339355,5.081497767610425,5.1581034660339355,831600,0.0,0.0
2003-08-14 00:00:00-04:00,5.169596686985484,5.227050366574084,5.113418577792516,5.215559959411621,969300,0.0,0.0
2003-08-15 00:00:00-04:00,5.228327704925,5.230881311441341,5.20406926490792,5.220666885375977,321300,0.0,0.0
2003-08-18 00:00:00-04:00,5.2206641324698335,5.381535094009323,5.202789307225092,5.377705097198486,1067175,0.0,0.0
2003-08-19 00:00:00-04:00,5.375153923613268,5.41728678097821,5.341958687702481,5.359832286834717,969975,0.0,0.0
2003-08-20 00:00:00-04:00,5.298547529935559,5.419839696196801,5.2730127047251605,5.38792085647583,1350000,0.0,0.0
2003-08-21 00:00:00-04:00,5.3879190674147335,5.458140327106281,5.381534644080144,5.44537353515625,882900,0.0,0.0
2003-08-22 00:00:00-04:00,5.445375157018342,5.450481135620237,5.381536246928319,5.394304275512695,1340550,0.0,0.0
2003-08-25 00:00:00-04:00,5.387922084827785,5.3891984770769294,5.3138699652863375,5.348342418670654,988200,0.0,0.0
2003-08-26 00:00:00-04:00,5.339405606017235,5.352172405087947,5.273013894842512,5.313869953155518,544050,0.0,0.0
2003-08-27 00:00:00-04:00,5.304933556585284,5.304933556585284,5.273014296286114,5.29088830947876,816750,0.0,0.0
2003-08-28 00:00:00-04:00,5.289609740242322,5.353447823624563,5.233432884376224,5.349617004394531,391500,0.0,0.0
2003-08-29 00:00:00-04:00,5.343234877372032,5.361109710033798,5.3240836525396,5.357279300689697,342225,0.0,0.0
2003-09-02 00:00:00-04:00,5.361109512354888,5.48367849740629,5.349618284746301,5.461973667144775,710775,0.0,0.0
2003-09-03 00:00:00-04:00,5.45176013862473,5.46963497356521,5.4134568621888315,5.419841289520264,871425,0.0,0.0
2003-09-04 00:00:00-04:00,5.4134543385969245,5.432606378830847,5.400687544605995,5.42239236831665,780975,0.0,0.0
2003-09-05 00:00:00-04:00,5.390475855482269,5.390475855482269,5.327914140885043,5.338128566741943,577125,0.0,0.0
2003-09-08 00:00:00-04:00,5.349618946918423,5.38792222180016,5.311316493924826,5.322807312011719,775575,0.0,0.0
2003-09-09 00:00:00-04:00,5.330467490773367,5.352172322786399,5.298548644339147,5.304933071136475,675675,0.0,0.0
2003-09-10 00:00:00-04:00,5.285780860670457,5.285780860670457,5.150444249136626,5.170872688293457,1109025,0.0,0.0
2003-09-11 00:00:00-04:00,5.1772571657320166,5.252586097512875,5.1708735599434545,5.250032901763916,816075,0.0,0.0
2003-09-12 00:00:00-04:00,5.2372446593027595,5.285832011979111,5.19888624463956,5.252588272094727,867375,0.008889,0.0
2003-09-15 00:00:00-04:00,5.252589095519786,5.322913003941512,5.243638824798244,5.315241813659668,1165050,0.0,0.0
2003-09-16 00:00:00-04:00,5.315243666000638,5.466120886585433,5.315243666000638,5.45461368560791,1199475,0.0,0.0
2003-09-17 00:00:00-04:00,5.45461003720373,5.600373306018712,5.45461003720373,5.573522090911865,1979100,0.0,0.0
2003-09-18 00:00:00-04:00,5.625945116980411,5.65791059030501,5.577356955517823,5.632338047027588,1534950,0.0,0.0
2003-09-19 00:00:00-04:00,5.632342097984132,5.716731386877298,5.613162882503953,5.664307594299316,899775,0.0,0.0
2003-09-22 00:00:00-04:00,5.645127318783066,5.72312324684041,5.596539131498166,5.651520252227783,1399950,0.0,0.0
2003-09-23 00:00:00-04:00,5.651517315504457,5.718005599576045,5.651517315504457,5.702661991119385,1649025,0.0,0.0
2003-09-24 00:00:00-04:00,5.702663330445958,5.715449605238763,5.624667424599862,5.638731956481934,1288575,0.0,0.0
2003-09-25 00:00:00-04:00,5.6515202325686245,5.656634496997692,5.562016283841897,5.563295364379883,621000,0.0,0.0
2003-09-26 00:00:00-04:00,5.562013626098633,5.581193651834842,5.523655220803726,5.562013626098633,1084725,0.0,0.0
2003-09-29 00:00:00-04:00,5.587587044433535,5.613160004536483,5.536442358860966,5.558178901672363,995625,0.0,0.0
2003-09-30 00:00:00-04:00,5.553063871417701,5.553063871417701,5.418809028951755,5.480182647705078,1141425,0.0,0.0
2003-10-01 00:00:00-04:00,5.498085523535527,5.721845626831055,5.486578324361988,5.721845626831055,1239300,0.0,0.0
2003-10-02 00:00:00-04:00,5.7218447532284875,5.74741648595193,5.666863634768116,5.683485507965088,723600,0.0,0.0
2003-10-03 00:00:00-04:00,5.73463075444384,5.792169216276671,5.721845298408474,5.74485969543457,603450,0.0,0.0
2003-10-06 00:00:00-04:00,5.741022612204297,5.824132781704379,5.729515005953344,5.804953575134277,415125,0.0,0.0
2003-10-07 00:00:00-04:00,5.785774686961993,5.9711754773684635,5.7844956067032065,5.876556873321533,1390500,0.0,0.0
2003-10-08 00:00:00-04:00,5.888066355457336,5.907245157646537,5.843314170837402,5.843314170837402,523125,0.0,0.0
2003-10-09 00:00:00-04:00,5.87527966424197,5.944325327537251,5.825414037769738,5.843314170837402,452250,0.0,0.0
2003-10-10 00:00:00-04:00,5.85610061987221,5.903410144103454,5.843314339831668,5.853543281555176,305100,0.0,0.0
2003-10-13 00:00:00-04:00,5.840756975890782,5.918753736494999,5.840756975890782,5.889345169067383,300375,0.0,0.0
2003-10-14 00:00:00-04:00,5.868886127714676,5.90085161559634,5.8497069172945855,5.888065338134766,527175,0.0,0.0
2003-10-15 00:00:00-04:00,5.920029204772434,6.086250766251896,5.894457068396949,6.044055938720703,1273725,0.0,0.0
2003-10-16 00:00:00-04:00,6.0287130102918445,6.189819915811706,6.019762740969762,6.1028733253479,1339200,0.0,0.0
2003-10-17 00:00:00-04:00,6.104153876954998,6.104153876954998,5.968619489580935,5.969897747039795,581850,0.0,0.0
2003-10-20 00:00:00-04:00,5.958389428729613,6.031270667409518,5.817740391788331,5.99930477142334,577125,0.0,0.0
2003-10-21 00:00:00-04:00,5.753809443483158,5.913637277807662,5.689878474371158,5.868885517120361,1937250,0.0,0.0
2003-10-22 00:00:00-04:00,5.792167300239389,5.840754650986611,5.775545430957157,5.804953575134277,847800,0.0,0.0
2003-10-23 00:00:00-04:00,5.785775125590162,5.785775125590162,5.696271189615013,5.728236675262451,789075,0.0,0.0
2003-10-24 00:00:00-04:00,5.7218436313296825,5.778102996159639,5.632339703535021,5.657912254333496,1777950,0.0,0.0
2003-10-27 00:00:00-05:00,5.638732941795653,5.849706718514777,5.638732941795653,5.829248428344727,1336500,0.0,0.0
2003-10-28 00:00:00-05:00,5.849705822343212,5.945602268038253,5.811346585594048,5.941766262054443,1073250,0.0,0.0
2003-10-29 00:00:00-05:00,5.941769154255894,6.073467563482764,5.941769154255894,6.063238620758057,1367550,0.0,0.0
2003-10-30 00:00:00-05:00,6.073468081938702,6.073468081938702,6.022323363949241,6.054288864135742,691875,0.0,0.0
2003-10-31 00:00:00-05:00,6.054284639337171,6.073463843756506,5.95071619469281,6.015925407409668,1418850,0.0,0.0
2003-11-03 00:00:00-05:00,5.990353384935674,6.137394905090332,5.990353384935674,6.137394905090332,1130625,0.0,0.0
2003-11-04 00:00:00-05:00,6.12460953010832,6.169361700330681,6.099037802082934,6.122052192687988,1303425,0.0,0.0
2003-11-05 00:00:00-05:00,6.109266668824015,6.136117888334738,6.050449143477198,6.1028733253479,820125,0.0,0.0
2003-11-06 00:00:00-05:00,6.0964812631663445,6.120775148752492,6.041500147605833,6.099038600921631,1563300,0.0,0.0
2003-11-07 00:00:00-05:00,6.118215791683932,6.1437883377075195,6.073463630370452,6.1437883377075195,868725,0.0,0.0
2003-11-10 00:00:00-05:00,6.099039529264124,6.116939661642119,6.0236001117231295,6.04789400100708,803250,0.0,0.0
2003-11-11 00:00:00-05:00,6.015928789334426,6.038944423738319,5.983963293484284,6.009536266326904,671625,0.0,0.0
2003-11-12 00:00:00-05:00,6.009533456029555,6.092643624065366,6.008254375863692,6.079857349395752,806625,0.0,0.0
2003-11-13 00:00:00-05:00,6.079860308418502,6.0862540661817865,6.036387200310448,6.046616554260254,984150,0.0,0.0
2003-11-14 00:00:00-05:00,6.035106102704568,6.046613708938374,5.945602178573724,5.955831527709961,1281825,0.0,0.0
2003-11-17 00:00:00-05:00,5.856100282027171,5.950718913486375,5.830528546510606,5.939210891723633,1652400,0.0,0.0
2003-11-18 00:00:00-05:00,5.932815903697889,5.996746866532602,5.932815903697889,5.955831527709961,848475,0.0,0.0
2003-11-19 00:00:00-05:00,5.94560402270052,5.963504977696749,5.890622900217792,5.916195869445801,1071225,0.0,0.0
2003-11-20 00:00:00-05:00,5.900851649053414,5.9072441705036285,5.803675692867743,5.836920261383057,1387800,0.0,0.0
2003-11-21 00:00:00-05:00,5.8497069172945855,5.92642417051949,5.8369202282884665,5.888065338134766,550125,0.0,0.0
2003-11-24 00:00:00-05:00,5.907245609590367,6.009536266326904,5.907245609590367,6.009536266326904,501525,0.0,0.0
2003-11-25 00:00:00-05:00,5.996745493934356,6.018482032784649,5.954551084583124,6.00825309753418,612900,0.0,0.0
2003-11-26 00:00:00-05:00,6.009533888829458,6.010812145998469,5.9660607987485585,5.99163293838501,345600,0.0,0.0
2003-11-28 00:00:00-05:00,5.990356362022482,6.04789400100708,5.969898068410743,6.04789400100708,165375,0.0,0.0
2003-12-01 00:00:00-05:00,6.047891758452907,6.136117422457996,6.047891758452907,6.124608993530273,1059075,0.0,0.0
2003-12-02 00:00:00-05:00,6.0734646205870995,6.180868672926265,6.060678345490634,6.1565752029418945,1260225,0.0,0.0
2003-12-03 00:00:00-05:00,6.151455896871514,6.164257715325683,6.101527239079792,6.122010231018066,986850,0.008889,0.0
2003-12-04 00:00:00-05:00,6.11304644105779,6.11304644105779,6.042634818421252,6.05415678024292,512325,0.0,0.0
2003-12-05 00:00:00-05:00,6.041354471773928,6.0515965824471225,6.002948617038848,6.018310546875,284850,0.0,0.0
2003-12-08 00:00:00-05:00,6.010631005762944,6.045196900114519,5.965823410721046,6.04007625579834,778275,0.0,0.0
2003-12-09 00:00:00-05:00,6.055439488747774,6.068241720373591,5.964544015056715,5.972225189208984,569025,0.0,0.0
2003-12-10 00:00:00-05:00,5.96582413407766,5.99526897562528,5.867247083386639,5.868526935577393,1110375,0.0,0.0
2003-12-11 00:00:00-05:00,5.857003277079996,5.964541314758806,5.857003277079996,5.941497802734375,867375,0.0,0.0
2003-12-12 00:00:00-05:00,5.953019146241323,6.000387668609619,5.9107720909083765,6.000387668609619,963900,0.0,0.0
2003-12-15 00:00:00-05:00,6.0323937049933765,6.065678917861965,5.985025589351635,6.0080695152282715,481950,0.0,0.0
2003-12-16 00:00:00-05:00,6.017032067832366,6.017032067832366,5.917174350392208,5.963263034820557,398250,0.0,0.0
2003-12-17 00:00:00-05:00,5.991426027384152,6.073360443115234,5.9568601388997395,6.073360443115234,758700,0.0,0.0
2003-12-18 00:00:00-05:00,6.064397670111776,6.209062099456787,6.055435824955359,6.209062099456787,695250,0.0,0.0
2003-12-19 00:00:00-05:00,6.196263334611282,6.202664656153659,6.116890243950076,6.19498348236084,494775,0.0,0.0
2003-12-22 00:00:00-05:00,6.194982242078659,6.2500319480896,6.1744984293021,6.2500319480896,589950,0.0,0.0
2003-12-23 00:00:00-05:00,6.241071091573713,6.241071091573713,6.191142430540122,6.21546745300293,543375,0.0,0.0
2003-12-24 00:00:00-05:00,6.209062563640943,6.235947277004467,6.202661657251351,6.224425315856934,193050,0.0,0.0
2003-12-26 00:00:00-05:00,6.22442928209763,6.238511367539483,6.209066520092404,6.230830192565918,110700,0.0,0.0
2003-12-29 00:00:00-05:00,6.243631620254009,6.253873734975191,6.1834620806733644,6.21546745300293,465750,0.0,0.0
2003-12-30 00:00:00-05:00,6.224426563939616,6.224426563939616,6.186020293785409,6.201382637023926,314550,0.0,0.0
2003-12-31 00:00:00-05:00,6.196263854350274,6.209066086450838,6.160418098938376,6.178341388702393,465075,0.0,0.0
2004-01-02 00:00:00-05:00,6.189862925428092,6.273077227798627,6.17706069336662,6.265395641326904,621675,0.0,0.0
2004-01-05 00:00:00-05:00,6.2922785554276865,6.401097297668457,6.262833716689394,6.401097297668457,826200,0.0,0.0
2004-01-06 00:00:00-05:00,6.385737007848571,6.385737007848571,6.335808342291998,6.339648723602295,869400,0.0,0.0
2004-01-07 00:00:00-05:00,6.3409261884962245,6.387013625283481,6.337084985015302,6.376771926879883,390825,0.0,0.0
2004-01-08 00:00:00-05:00,6.389577410233077,6.394698468074469,6.3447698023532215,6.3882975578308105,434700,0.0,0.0
2004-01-09 00:00:00-05:00,6.388295892576199,6.416460467187875,6.349888792893605,6.401097297668457,893025,0.0,0.0
2004-01-12 00:00:00-05:00,6.388295892576199,6.401097297668457,6.366531402423691,6.401097297668457,583875,0.0,0.0
2004-01-13 00:00:00-05:00,6.369092317302365,6.397257717739724,6.349889178353346,6.394697189331055,663525,0.0,0.0
2004-01-14 00:00:00-05:00,6.394696023450839,6.44334399405606,6.385734587712345,6.406217575073242,398250,0.0,0.0
2004-01-15 00:00:00-05:00,6.381893562667016,6.425421714782715,6.376772918697708,6.425421714782715,854550,0.0,0.0
2004-01-16 00:00:00-05:00,6.42542249402623,6.439504575693084,6.3882960695000115,6.42030143737793,368550,0.0,0.0
2004-01-20 00:00:00-05:00,6.420300093783793,6.522717496794747,6.39469564001658,6.521437644958496,1505250,0.0,0.0
2004-01-21 00:00:00-05:00,6.52143890095376,6.526559957516652,6.476630892202397,6.516317844390869,764775,0.0,0.0
2004-01-22 00:00:00-05:00,6.503516257652574,6.51887901680126,6.4535875994628595,6.471510887145996,573750,0.0,0.0
2004-01-23 00:00:00-05:00,6.465109128047396,6.5022355554752655,6.416461146376345,6.440784931182861,698625,0.0,0.0
2004-01-26 00:00:00-05:00,6.4267026545136146,6.458708023927301,6.384455171311864,6.447186470031738,476550,0.0,0.0
2004-01-27 00:00:00-05:00,6.436943312266842,6.471509616579406,6.4062178000018815,6.4305419921875,632475,0.0,0.0
2004-01-28 00:00:00-05:00,6.465109954377938,6.526561410640724,6.40109879337975,6.419022083282471,1457325,0.0,0.0
2004-01-29 00:00:00-05:00,6.439505967738407,6.484313986923346,6.407500592941801,6.4727911949157715,938925,0.0,0.0
2004-01-30 00:00:00-05:00,6.497115963216042,6.59697287698721,6.427984158591834,6.593132495880127,1255500,0.0,0.0
2004-02-02 00:00:00-05:00,6.59184856038681,6.626414445609347,6.485590377208379,6.49711275100708,1140750,0.0,0.0
2004-02-03 00:00:00-05:00,6.490711983389431,6.503514622843446,6.457426769040658,6.467668056488037,762750,0.0,0.0
2004-02-04 00:00:00-05:00,6.465110778808594,6.485594600174952,6.440786575733268,6.465110778808594,1197450,0.0,0.0
2004-02-05 00:00:00-05:00,6.465108622760627,6.472789795675091,6.401097474946805,6.42030143737793,847125,0.0,0.0
2004-02-06 00:00:00-05:00,6.401095481718485,6.452305208139388,6.388294080257903,6.451024532318115,886275,0.0,0.0
2004-02-09 00:00:00-05:00,6.439502753604972,6.4740686400264575,6.34092614953979,6.342206001281738,883575,0.0,0.0
2004-02-10 00:00:00-05:00,6.343488256725708,6.349888753202842,6.275635906670964,6.330685615539551,1493775,0.0,0.0
2004-02-11 00:00:00-05:00,6.317883386411366,6.383174796170906,6.284598167559246,6.330685615539551,948375,0.0,0.0
2004-02-12 00:00:00-05:00,6.330684992471068,6.416459795570526,6.330684992471068,6.407498359680176,1077975,0.0,0.0
2004-02-13 00:00:00-05:00,6.394697839908975,6.4625497893517645,6.3844557252322955,6.3998188972473145,864675,0.0,0.0
2004-02-17 00:00:00-05:00,6.388294080257903,6.451024532318115,6.388294080257903,6.451024532318115,393525,0.0,0.0
2004-02-18 00:00:00-05:00,6.443346086996173,6.485593575585569,6.39469810058902,6.411340713500977,384075,0.0,0.0
2004-02-19 00:00:00-05:00,6.433102208121202,6.467668098698885,6.349887935532427,6.352448463439941,496125,0.0,0.0
2004-02-20 00:00:00-05:00,6.362692832946777,6.38317623935983,6.305082582815708,6.362692832946777,487350,0.0,0.0
2004-02-23 00:00:00-05:00,6.34989058082673,6.392138072726794,6.26155562768148,6.27435827255249,551475,0.0,0.0
2004-02-24 00:00:00-05:00,6.2756371277858065,6.355011046236741,6.247472959927959,6.273077011108398,549450,0.0,0.0
2004-02-25 00:00:00-05:00,6.260275183914803,6.379336077119481,6.247473774742064,6.351171493530273,626400,0.0,0.0
2004-02-26 00:00:00-05:00,6.337088021844451,6.397258801408856,6.33452749300204,6.380616188049316,358425,0.0,0.0
2004-02-27 00:00:00-05:00,6.394696614871441,6.394696614871441,6.303801160993168,6.356290340423584,727650,0.0,0.0
2004-03-01 00:00:00-05:00,6.326846597114723,6.470231273906433,6.324286892275741,6.426703929901123,1017900,0.0,2.0
2004-03-02 00:00:00-05:00,6.4446269367612,6.572648846243035,6.342209079529275,6.380616188049316,488700,0.0,0.0
2004-03-03 00:00:00-05:00,6.349890253518434,6.362692897729526,6.234670988257368,6.334527492523193,739800,0.0,0.0
2004-03-04 00:00:00-05:00,6.311483580553912,6.349889862590445,6.247472835787658,6.337087631225586,844088,0.0,0.0
2004-03-05 00:00:00-05:00,6.319163138014632,6.4369428870569205,6.298679327171794,6.398536205291748,464063,0.0,0.0
2004-03-08 00:00:00-05:00,6.367811381295152,6.367811381295152,6.257711974926327,6.26027250289917,571725,0.0,0.0
2004-03-09 00:00:00-05:00,6.247469650209835,6.265392105689128,6.211623091019914,6.224425315856934,469800,0.0,0.0
2004-03-10 00:00:00-05:00,6.28859481935128,6.30142872005015,6.211591415158065,6.224425315856934,816413,0.017778,0.0
2004-03-11 00:00:00-05:00,6.224427955268684,6.224427955268684,6.060154865434862,6.0627217292785645,650025,0.0,0.0
2004-03-12 00:00:00-05:00,6.0627212797152925,6.203892997565162,6.044753647219255,6.198760509490967,354713,0.0,0.0
2004-03-15 00:00:00-05:00,6.185925605278692,6.224426904122176,6.042186211235771,6.044753074645996,734738,0.0,0.0
2004-03-16 00:00:00-05:00,6.0447534041006,6.121756832139395,6.037053226527719,6.052453994750977,425588,0.0,0.0
2004-03-17 00:00:00-05:00,6.096088114835991,6.175658399965406,6.083254211204713,6.1448564529418945,453938,0.0,0.0
2004-03-18 00:00:00-05:00,6.16539312426265,6.173093717007801,6.024220547532815,6.134591579437256,466763,0.0,0.0
2004-03-19 00:00:00-05:00,6.14742289620071,6.14742289620071,6.031918597567095,6.049886226654053,1231538,0.0,0.0
2004-03-22 00:00:00-05:00,5.985718007252661,6.008818541512768,5.901014395988847,5.918982028961182,568350,0.0,0.0
2004-03-23 00:00:00-05:00,5.970317774203952,5.998552038442632,5.916415696600974,5.95235013961792,291938,0.0,0.0
2004-03-24 00:00:00-05:00,5.939517498016357,6.021654270430201,5.939517498016357,5.939517498016357,388125,0.0,0.0
2004-03-25 00:00:00-05:00,5.97801699388854,6.144856503228094,5.967749540437525,6.108922481536865,721238,0.0,0.0
2004-03-26 00:00:00-05:00,6.1345904937459395,6.2603631019592285,6.108923508115034,6.2603631019592285,1178213,0.0,0.0
2004-03-29 00:00:00-05:00,6.265494108579543,6.563239026298044,6.265494108579543,6.529871463775635,1530225,0.0,0.0
2004-03-30 00:00:00-05:00,6.493939173570306,6.5452752113342285,6.455437868133063,6.5452752113342285,867713,0.0,0.0
2004-03-31 00:00:00-05:00,6.545274269485561,6.627410596240488,6.483671198264399,6.5812087059021,1370925,0.0,0.0
2004-04-01 00:00:00-05:00,6.622278315488121,6.755751527923405,6.622278315488121,6.717249393463135,678713,0.0,0.0
2004-04-02 00:00:00-05:00,6.801952330896676,6.866121860078097,6.794252152625919,6.825053691864014,588938,0.0,0.0
2004-04-05 00:00:00-04:00,6.801953382551099,6.909757547319506,6.794253203089812,6.855855464935303,567000,0.0,0.0
2004-04-06 00:00:00-04:00,6.8276199338345815,6.878955971793678,6.781418036672202,6.8507208824157715,464400,0.0,0.0
2004-04-07 00:00:00-04:00,6.853287792609443,6.881522882178244,6.760883584582407,6.83018684387207,470475,0.0,0.0
2004-04-08 00:00:00-04:00,6.871256366106358,6.907190812986285,6.832754228843343,6.891790866851807,430313,0.0,0.0
2004-04-12 00:00:00-04:00,6.904621356896122,6.981625189438789,6.855853020261089,6.917455673217773,571050,0.0,0.0
2004-04-13 00:00:00-04:00,6.904623004760522,6.955959043066694,6.83018684387207,6.83018684387207,915975,0.0,0.0
2004-04-14 00:00:00-04:00,6.832754050825448,6.914891225512066,6.786552561315315,6.85842227935791,541350,0.0,0.0
2004-04-15 00:00:00-04:00,6.860989143518916,6.925158269078495,6.804520197364759,6.85842227935791,650700,0.0,0.0
2004-04-16 00:00:00-04:00,6.840451813384416,6.899487599276221,6.753182185712382,6.87895393371582,515700,0.0,0.0
2004-04-19 00:00:00-04:00,6.904622950352689,6.930291175842285,6.773717850590799,6.930291175842285,280125,0.0,0.0
2004-04-20 00:00:00-04:00,6.9277252961240405,7.020129929627295,6.922591567681326,7.007295608520508,1237950,0.0,0.0
2004-04-21 00:00:00-04:00,7.0714632979972585,7.417977505107918,7.0714632979972585,7.122798919677734,2727675,0.0,0.0
2004-04-22 00:00:00-04:00,7.122799644204993,7.138200001813637,7.084298337105822,7.1099653244018555,1472513,0.0,0.0
2004-04-23 00:00:00-04:00,7.148468114422583,7.148468114422583,7.0842989879767115,7.089432716369629,1208925,0.0,0.0
2004-04-26 00:00:00-04:00,7.012428340791871,7.045795918618978,6.912323541922831,6.930291175842285,1503225,0.0,0.0
2004-04-27 00:00:00-04:00,6.930290712446823,7.045795447500265,6.914889943413859,6.984192371368408,1026000,0.0,0.0
2004-04-28 00:00:00-04:00,6.930290502266625,7.0047270684113565,6.878955295509486,6.940557956695557,950063,0.0,0.0
2004-04-29 00:00:00-04:00,6.9610931535136835,6.971359783430771,6.77115141234104,6.81735372543335,411413,0.0,0.0
2004-04-30 00:00:00-04:00,6.814785790218778,6.85328709212744,6.750616678319338,6.801951885223389,552150,0.0,0.0
2004-05-03 00:00:00-04:00,6.801953643006096,6.825055008429729,6.724950193134284,6.809654235839844,922050,0.0,0.0
2004-05-04 00:00:00-04:00,6.809653232688352,6.917457385703741,6.794252462367203,6.812220096588135,1503900,0.0,0.0
2004-05-05 00:00:00-04:00,6.812218804082271,6.966224412685986,6.812218804082271,6.943124294281006,689850,0.0,0.0
2004-05-06 00:00:00-04:00,6.9046232839640895,6.9046232839640895,6.724949414553487,6.8224873542785645,972000,0.0,0.0
2004-05-07 00:00:00-04:00,6.758313457455245,6.855851346140012,6.645376045254677,6.650509357452393,402975,0.0,0.0
2004-05-10 00:00:00-04:00,6.645378846337545,6.689013464181201,6.4528706766164285,6.617144584655762,716850,0.0,0.0
2004-05-11 00:00:00-04:00,6.617145688579787,6.745484352111816,6.565809644858348,6.745484352111816,1005413,0.0,0.0
2004-05-12 00:00:00-04:00,6.699281655080469,6.699281655080469,6.506773464209305,6.622278213500977,966938,0.0,0.0
2004-05-13 00:00:00-04:00,6.570941592823501,6.7480493879436905,6.570941592823501,6.6864471435546875,672300,0.0,0.0
2004-05-14 00:00:00-04:00,6.701848221825124,6.7480505325700815,6.627411647548722,6.655646324157715,854550,0.0,0.0
2004-05-17 00:00:00-04:00,6.62227701975034,6.773717011608822,6.596610036672447,6.653078556060791,863663,0.0,0.0
2004-05-18 00:00:00-04:00,6.699282646968105,6.776286099948636,6.660781333555469,6.663348197937012,794475,0.0,0.0
2004-05-19 00:00:00-04:00,6.673613253335343,6.812219344773647,6.604310414154945,6.6094441413879395,603788,0.0,0.0
2004-05-20 00:00:00-04:00,6.647947788238525,6.717250651863941,6.601745879154914,6.647947788238525,363825,0.0,0.0
2004-05-21 00:00:00-04:00,6.650513530610285,6.7737188837489555,6.614579496523186,6.771152019500732,774225,0.0,0.0
2004-05-24 00:00:00-04:00,6.7531849965669695,6.814787258120931,6.722383452712395,6.7788519859313965,496125,0.0,0.0
2004-05-25 00:00:00-04:00,6.778850099416009,6.8840886094522595,6.712114128099329,6.799384593963623,633150,0.0,0.0
2004-05-26 00:00:00-04:00,6.7634496408394265,6.866121292114258,6.727515203163358,6.866121292114258,678375,0.0,0.0
2004-05-27 00:00:00-04:00,6.866122772326928,6.904623668796034,6.801953234619795,6.863555908203125,649013,0.0,0.0
2004-05-28 00:00:00-04:00,6.863557033375261,6.948261084881124,6.8199219884276845,6.932859897613525,924750,0.0,0.0
2004-06-01 00:00:00-04:00,6.871255180507127,6.994460098333436,6.871255180507127,6.958525657653809,671963,0.0,0.0
2004-06-02 00:00:00-04:00,7.009860575876079,7.063762231473203,6.961091821177504,7.0432281494140625,855225,0.0,0.0
2004-06-03 00:00:00-04:00,7.007295345068381,7.007295345068381,6.8994903564453125,6.8994903564453125,645638,0.0,0.0
2004-06-04 00:00:00-04:00,6.912322553447935,7.022693965805428,6.878954980392453,6.968791484832764,523800,0.0,0.0
2004-06-07 00:00:00-04:00,7.032962225686203,7.156167556532814,6.984192639949254,7.153600692749023,530213,0.0,0.0
2004-06-08 00:00:00-04:00,7.089433043884675,7.217771302705342,7.0457971766842045,7.186969757080078,1038488,0.0,0.0
2004-06-09 00:00:00-04:00,7.1612984421929955,7.181831692004724,7.068893861111803,7.071460723876953,479925,0.0,0.0
2004-06-10 00:00:00-04:00,7.097127868549173,7.217766276572708,7.084294382065872,7.174130439758301,585225,0.0,0.0
2004-06-14 00:00:00-04:00,7.125260478647471,7.1844236977799305,7.107255433426105,7.135550022125244,695925,0.017778,0.0
2004-06-15 00:00:00-04:00,7.140696781054329,7.523969135344658,7.12526246154244,7.480239391326904,1715850,0.0,0.0
2004-06-16 00:00:00-04:00,7.45965987691058,7.662870909160509,7.421074916809801,7.644865036010742,1564988,0.0,0.0
2004-06-17 00:00:00-04:00,7.60113661138422,7.626858815830127,7.485382551715531,7.565124034881592,1779300,0.0,0.0
2004-06-18 00:00:00-04:00,7.562553677661237,7.655156287892808,7.557408904218895,7.57541561126709,1008450,0.0,0.0
2004-06-21 00:00:00-04:00,7.562549440714518,7.562549440714518,7.431362759028503,7.451941013336182,816750,0.0,0.0
2004-06-22 00:00:00-04:00,7.472518521077221,7.626856671963607,7.444223938553686,7.59598970413208,1232550,0.0,0.0
2004-06-23 00:00:00-04:00,7.639719691752932,7.763189236611995,7.554833448238481,7.706599235534668,1246050,0.0,0.0
2004-06-24 00:00:00-04:00,7.76318880351213,7.76318880351213,7.652580365271995,7.680875778198242,894713,0.0,0.0
2004-06-25 00:00:00-04:00,7.711746927609513,7.794060816623165,7.683451502388177,7.763192176818848,1961213,0.0,0.0
2004-06-28 00:00:00-04:00,7.734896483379299,7.791487325802202,7.711745834739476,7.740041255950928,1253813,0.0,0.0
2004-06-29 00:00:00-04:00,7.7554721657935,7.968972705100325,7.734893910285065,7.950966835021973,1172138,0.0,0.0
2004-06-30 00:00:00-04:00,7.909812667424345,7.97412067309554,7.8892344036652835,7.948397636413574,1476225,0.0,0.0
2004-07-01 00:00:00-04:00,7.909806403570029,7.948391342003462,7.809487550679672,7.912378787994385,1249425,0.0,0.0
2004-07-02 00:00:00-04:00,7.858367999084297,7.873801491053835,7.691167834406636,7.763192176818848,1163025,0.0,0.0
2004-07-06 00:00:00-04:00,7.763189211997086,7.822352426495232,7.714316368103027,7.714316368103027,941625,0.0,0.0
2004-07-07 00:00:00-04:00,7.742609024047851,7.837783120192517,7.693734541701765,7.742609024047852,1632825,0.0,0.0
2004-07-08 00:00:00-04:00,7.776051398685641,7.896949389434248,7.701454695633749,7.845503330230713,1108350,0.0,0.0
2004-07-09 00:00:00-04:00,7.845503706185793,7.999841891192253,7.845503706185793,7.907238483428955,997988,0.0,0.0
2004-07-12 00:00:00-04:00,7.907238357880725,7.907238357880725,7.758045774928816,7.866082668304443,940613,0.0,0.0
2004-07-13 00:00:00-04:00,7.866086118223526,7.981838564008811,7.860941344295455,7.896953105926514,1195425,0.0,0.0
2004-07-14 00:00:00-04:00,7.858364085321124,7.950966646884008,7.806918033801254,7.886658668518066,1155938,0.0,0.0
2004-07-15 00:00:00-04:00,7.886658970519642,7.912381997264582,7.845502458900634,7.891803741455078,1730025,0.0,0.0
2004-07-16 00:00:00-04:00,7.8918078850572435,7.94068157874059,7.817211151123047,7.817211151123047,742163,0.0,0.0
2004-07-19 00:00:00-04:00,7.842930515476326,7.853220057927136,7.778623358955614,7.819779872894287,882563,0.0,0.0
2004-07-20 00:00:00-04:00,7.845502901089028,7.878943086121878,7.794057672631831,7.819779872894287,1409400,0.0,0.0
2004-07-21 00:00:00-04:00,7.832645494321221,8.21591875286929,7.832645494321221,8.192768096923828,3080700,0.0,0.0
2004-07-22 00:00:00-04:00,8.195333974934893,8.262214337243787,8.015273626387444,8.156750679016113,1350338,0.0,0.0
2004-07-23 00:00:00-04:00,8.128454806239867,8.128454806239867,7.938105735803786,7.950966835021973,1406025,0.0,0.0
2004-07-26 00:00:00-04:00,7.953544462101536,8.089876854274012,7.788918292403025,7.876376152038574,1394550,0.0,0.0
2004-07-27 00:00:00-04:00,7.876374213316944,7.876374213316944,7.788916375208611,7.8223557472229,1626750,0.0,0.0
2004-07-28 00:00:00-04:00,7.832641376836498,7.932961937107063,7.701454671419056,7.853220462799072,789075,0.0,0.0
2004-07-29 00:00:00-04:00,7.871228526367675,7.971548286634087,7.860939808454424,7.948397636413574,835988,0.0,0.0
2004-07-30 00:00:00-04:00,7.909808567264561,7.94067636086868,7.794056204096407,7.932960033416748,648338,0.0,0.0
2004-08-02 00:00:00-04:00,7.922674599731607,7.948397636413574,7.776053539024168,7.948397636413574,701325,0.0,0.0
2004-08-03 00:00:00-04:00,7.922672419036014,7.922672419036014,7.770906627178821,7.845503330230713,651713,0.0,0.0
2004-08-04 00:00:00-04:00,7.8455070225112395,7.909814212813972,7.7734826713164,7.896953105926514,532913,0.0,0.0
2004-08-05 00:00:00-04:00,7.902094541105648,7.902094541105648,7.683449192937909,7.716889381408691,893700,0.0,0.0
2004-08-06 00:00:00-04:00,7.69116277585449,7.69116277585449,7.395350096678665,7.444222927093506,715838,0.0,0.0
2004-08-09 00:00:00-04:00,7.444224730941947,7.5136766578538605,7.395351888684476,7.415929317474365,1117125,0.0,0.0
2004-08-10 00:00:00-04:00,7.428793105749978,7.624287007533543,7.428793105749978,7.593420028686523,1423913,0.0,0.0
2004-08-11 00:00:00-04:00,7.549688835819889,7.549688835819889,7.33361588586937,7.441652774810791,1115775,0.0,0.0
2004-08-12 00:00:00-04:00,7.4416556383864725,7.4416556383864725,7.251306472491467,7.359342575073242,814725,0.0,0.0
2004-08-13 00:00:00-04:00,7.356764278453598,7.418499026345229,7.333612816570762,7.3824872970581055,601425,0.0,0.0
2004-08-16 00:00:00-04:00,7.38249123668668,7.459660333681095,7.305322139692265,7.392780780792236,717863,0.0,0.0
2004-08-17 00:00:00-04:00,7.40821216072895,7.534255742508302,7.390207117520865,7.415929317474365,436725,0.0,0.0
2004-08-18 00:00:00-04:00,7.364485786468302,7.495673356454003,7.302750995137276,7.490528583526611,694913,0.0,0.0
2004-08-19 00:00:00-04:00,7.498243525823882,7.516249397813186,7.349050122638636,7.3850626945495605,535275,0.0,0.0
2004-08-20 00:00:00-04:00,7.3850623549556484,7.5008155666102745,7.3439050135311215,7.495670795440674,499500,0.0,0.0
2004-08-23 00:00:00-04:00,7.5239691734313965,7.588276354591997,7.511107240439714,7.5239691734313965,544050,0.0,0.0
2004-08-24 00:00:00-04:00,7.588274253265304,7.613996456260531,7.498244058984887,7.549689292907715,541013,0.0,0.0
2004-08-25 00:00:00-04:00,7.526541526720531,7.601138253944344,7.464806732431478,7.5522637367248535,373613,0.0,0.0
2004-08-26 00:00:00-04:00,7.523966457204114,7.541971501027261,7.441652599571285,7.4467973709106445,500850,0.0,0.0
2004-08-27 00:00:00-04:00,7.4185034794001865,7.521395615580582,7.408213934609157,7.464805603027344,536625,0.0,0.0
2004-08-30 00:00:00-04:00,7.410784570496206,7.48538126881518,7.349049800128235,7.408212184906006,397575,0.0,0.0
2004-08-31 00:00:00-04:00,7.426221237437388,7.444227114342648,7.243588426114307,7.343907356262207,740813,0.0,0.0
2004-09-01 00:00:00-04:00,7.382492324410668,7.433937568721047,7.336190197046006,7.343907356262207,524138,0.0,0.0
2004-09-02 00:00:00-04:00,7.320761186504247,7.534261913266288,7.313044023438272,7.521399974822998,660488,0.0,0.0
2004-09-03 00:00:00-04:00,7.457085718662011,7.45965810391949,7.36448233318928,7.387633800506592,361463,0.0,0.0
2004-09-07 00:00:00-04:00,7.433937236000108,7.5213958860717005,7.433937236000108,7.508533954620361,749250,0.0,0.0
2004-09-08 00:00:00-04:00,7.511107213287457,7.572842835559154,7.511107213287457,7.531686305999756,505575,0.0,0.0
2004-09-09 00:00:00-04:00,7.534256459399421,7.652581239827512,7.521394530266571,7.634575366973877,559575,0.0,0.0
2004-09-10 00:00:00-04:00,7.66544331973012,7.745183970192771,7.585701841335099,7.716889381408691,1448213,0.0,0.0
2004-09-13 00:00:00-04:00,7.755475844800388,7.860940385734657,7.729752806229412,7.763192176818848,680063,0.0,0.0
2004-09-14 00:00:00-04:00,7.732258346476036,7.796693583822286,7.685864842853732,7.770919322967529,494438,0.017778,0.0
2004-09-15 00:00:00-04:00,7.745149467708985,7.822472294256026,7.683291704220404,7.8095855712890625,710438,0.0,0.0
2004-09-16 00:00:00-04:00,7.809585035554641,7.9436105953766765,7.809585035554641,7.871442794799805,684450,0.0,0.0
2004-09-17 00:00:00-04:00,7.925571645422759,7.977120216478146,7.799278558877346,7.912684917449951,793463,0.0,0.0
2004-09-20 00:00:00-04:00,7.912682052818253,7.966808115789335,7.83535922422839,7.874021053314209,678038,0.0,0.0
2004-09-21 00:00:00-04:00,7.912685265304286,7.96423383862583,7.866291715231318,7.89206600189209,432338,0.0,0.0
2004-09-22 00:00:00-04:00,7.889486190408291,7.889486190408291,7.783811562946061,7.812163352966309,822825,0.0,0.0
2004-09-23 00:00:00-04:00,7.783810544164596,7.783810544164596,7.660095015948135,7.6729817390441895,794813,0.0,0.0
2004-09-24 00:00:00-04:00,7.672978666694843,7.7245271976019545,7.6111209273551665,7.629161834716797,529200,0.0,0.0
2004-09-27 00:00:00-04:00,7.600815231607769,7.660096324892048,7.5002956218712376,7.595660209655762,566325,0.0,0.0
2004-09-28 00:00:00-04:00,7.564732102843467,7.67040675122986,7.549268693707849,7.654942512512207,379013,0.0,0.0
2004-09-29 00:00:00-04:00,7.629164483884034,7.812161915106839,7.629164483884034,7.801852703094482,523800,0.0,0.0
2004-09-30 00:00:00-04:00,7.758041695861036,7.837941251489794,7.752886671734728,7.814744472503662,746213,0.0,0.0
2004-10-01 00:00:00-04:00,7.879176703806427,7.879176703806427,7.796698847473098,7.8482465744018555,1271700,0.0,0.0
2004-10-04 00:00:00-04:00,7.8997920621037245,7.987424905962011,7.874018623442399,7.935876369476318,1009800,0.0,0.0
2004-10-05 00:00:00-04:00,7.941035356605524,7.951345400886458,7.850824957893152,7.899796009063721,753300,0.0,0.0
2004-10-06 00:00:00-04:00,7.899790390243288,7.9900007247924805,7.871439447799535,7.9900007247924805,491738,0.0,0.0
2004-10-07 00:00:00-04:00,7.964227609090643,8.005466103658717,7.910101566481632,7.959072589874268,811688,0.0,0.0
2004-10-08 00:00:00-04:00,7.925564868870576,7.9719583772364215,7.835355361446027,7.8508195877075195,818775,0.0,0.0
2004-10-11 00:00:00-04:00,7.840512401552916,7.874019201603356,7.76318959114684,7.794118881225586,387788,0.0,0.0
2004-10-12 00:00:00-04:00,7.77092166156195,7.928143953467552,7.724528143977901,7.879173755645752,603450,0.0,0.0
2004-10-13 00:00:00-04:00,7.899793559256424,7.953920445364091,7.892061858025338,7.922990322113037,1104300,0.0,0.0
2004-10-14 00:00:00-04:00,7.915258877470874,8.01062344225968,7.876597881317139,7.876597881317139,1004738,0.0,0.0
2004-10-15 00:00:00-04:00,7.902372362628785,7.951344236208102,7.8250503601753065,7.835359573364258,817763,0.0,0.0
2004-10-18 00:00:00-04:00,7.835359850065127,7.876599193022712,7.672982477764027,7.8482465744018555,460013,0.0,0.0
2004-10-19 00:00:00-04:00,7.861136860835382,7.925572164080289,7.758040541559956,7.807011604309082,711788,0.0,0.0
2004-10-20 00:00:00-04:00,7.822473480407702,8.258057060550227,7.822473480407702,8.18588924407959,2011163,0.0,0.0
2004-10-21 00:00:00-04:00,8.18588814536938,8.49517945694349,8.093101913311624,8.479714393615723,1981463,0.0,0.0
2004-10-22 00:00:00-04:00,8.479715341354593,8.544150623676618,8.42816678366423,8.50806713104248,2853225,0.0,0.0
2004-10-25 00:00:00-04:00,8.443630349999713,8.453940391540527,8.307027277074216,8.453940391540527,3075638,0.0,0.0
2004-10-26 00:00:00-04:00,8.428165024842665,8.500332824632551,8.410123282290616,8.461671829223633,1180238,0.0,0.0
2004-10-27 00:00:00-04:00,8.428164634690019,8.582810268330286,8.42043293371516,8.544148445129395,998663,0.0,0.0
2004-10-28 00:00:00-04:00,8.54414842459476,8.54414842459476,8.397235321864086,8.438474655151367,780975,0.0,0.0
2004-10-29 00:00:00-04:00,8.428165433007166,8.50033323629204,8.386926925296303,8.484869003295898,576450,0.0,0.0
2004-11-01 00:00:00-05:00,8.453939736545047,8.582810268330286,8.402390362416641,8.544148445129395,758363,0.0,0.0
2004-11-02 00:00:00-05:00,8.569922711927328,8.631780461606997,8.451361402855117,8.469402313232422,955463,0.0,0.0
2004-11-03 00:00:00-05:00,8.569924354553223,8.634359626517766,8.538994229412554,8.569924354553223,504900,0.0,0.0
2004-11-04 00:00:00-05:00,8.56992409077087,8.577655792236328,8.428165169481455,8.577655792236328,1120500,0.0,0.0
2004-11-05 00:00:00-05:00,8.621472078840116,8.683329840408298,8.580233571127993,8.636937141418457,742500,0.0,0.0
2004-11-08 00:00:00-05:00,8.608583713611461,8.634358815474242,8.51837500499998,8.600852012634277,488363,0.0,0.0
2004-11-09 00:00:00-05:00,8.6085862755772,8.765809466240805,8.603432083252375,8.750345230102539,1017563,0.0,0.0
2004-11-10 00:00:00-05:00,8.71683831741873,8.729725041229557,8.600853655212243,8.608585357666016,606150,0.0,0.0
2004-11-11 00:00:00-05:00,8.647242943940071,8.711679020112504,8.587962716175857,8.631778717041016,588600,0.0,0.0
2004-11-12 00:00:00-05:00,8.636938896064164,8.758076933380723,8.58281282520739,8.750345230102539,499838,0.0,0.0
2004-11-15 00:00:00-05:00,8.737457134366716,8.745189666748047,8.654980107293234,8.745189666748047,556538,0.0,0.0
2004-11-16 00:00:00-05:00,8.685903240499863,8.698790786549845,8.61115796215398,8.634355545043945,485663,0.0,0.0
2004-11-17 00:00:00-05:00,8.660135128880787,8.856019312553075,8.660135128880787,8.745189666748047,807300,0.0,0.0
2004-11-18 00:00:00-05:00,8.711684340928386,8.91272273172948,8.698796785990035,8.866329193115234,816413,0.0,0.0
2004-11-19 00:00:00-05:00,8.856018618099503,8.863750320292699,8.737456449210315,8.776118278503418,1075613,0.0,0.0
2004-11-22 00:00:00-05:00,8.737455218224891,8.737455218224891,8.608583854707023,8.649823188781738,862650,0.0,0.0
2004-11-23 00:00:00-05:00,8.675599522033835,8.71941554716219,8.585389960936414,8.613740921020508,736763,0.0,0.0
2004-11-24 00:00:00-05:00,8.660133089045011,8.732300885526595,8.57507774163012,8.629203796386719,543038,0.0,0.0
2004-11-26 00:00:00-05:00,8.634361808284964,8.639516830444336,8.585390756934816,8.639516830444336,116100,0.0,0.0
2004-11-29 00:00:00-05:00,8.621473453878588,8.673022011531083,8.505489613951404,8.575079917907715,642600,0.0,0.0
2004-11-30 00:00:00-05:00,8.559615832932925,8.58281260132619,8.397237624598207,8.423012733459473,679050,0.0,0.0
2004-12-01 00:00:00-05:00,8.48744912123258,8.528687641612706,8.386929501921786,8.415281295776367,1243688,0.0,0.0
2004-12-02 00:00:00-05:00,8.43331854813676,8.531260604003776,8.425586848176735,8.428163528442383,967950,0.0,0.0
2004-12-03 00:00:00-05:00,8.38950605392981,8.510644919580265,8.350845049191493,8.482293128967285,861975,0.0,0.0
2004-12-06 00:00:00-05:00,8.521025003640764,8.521025003640764,8.319619425025627,8.376425743103027,1105313,0.017778,0.0
2004-12-07 00:00:00-05:00,8.41773998052755,8.709520734181941,8.41773998052755,8.510697364807129,1437750,0.0,0.0
2004-12-08 00:00:00-05:00,8.49520531012147,8.621729895625007,8.46680256107338,8.606237411499023,1377338,0.0,0.0
2004-12-09 00:00:00-05:00,8.65012873723229,8.83087733371137,8.608814914796525,8.792145729064941,1544738,0.0,0.0
2004-12-10 00:00:00-05:00,8.792148829021361,9.024540201030646,8.717266980019012,8.965150833129883,1924088,0.0,0.0
2004-12-13 00:00:00-05:00,9.024539533558027,9.05036088754894,8.934165210138357,8.959985733032227,1480275,0.0,0.0
2004-12-14 00:00:00-05:00,8.988391895529508,8.990974114782368,8.851539261711633,8.91867446899414,815738,0.0,0.0
2004-12-15 00:00:00-05:00,8.947076674203194,9.001300771848388,8.895433132979868,8.970314979553223,648338,0.0,0.0
2004-12-16 00:00:00-05:00,8.970312560129212,9.355049732593768,8.921252081851309,9.25951099395752,2967638,0.0,0.0
2004-12-17 00:00:00-05:00,9.16655839189537,9.20270779275163,9.120079284784687,9.176885604858398,1275075,0.0,0.0
2004-12-20 00:00:00-05:00,9.166557602722404,9.223363917905512,9.140735417052273,9.161393165588379,827888,0.0,0.0
2004-12-21 00:00:00-05:00,9.161391067830447,9.161391067830447,9.027119888576227,9.037447929382324,1065150,0.0,0.0
2004-12-22 00:00:00-05:00,9.089088420454358,9.189790732371742,9.060684032213233,9.127820014953613,565988,0.0,0.0
2004-12-23 00:00:00-05:00,9.101999840106295,9.254345696596676,9.101999840106295,9.16655445098877,338850,0.0,0.0
2004-12-27 00:00:00-05:00,9.135569598135971,9.153645125371085,9.011628112248227,9.027120590209961,402975,0.0,0.0
2004-12-28 00:00:00-05:00,9.063264930186344,9.24143123626709,9.063264930186344,9.24143123626709,392175,0.0,0.0
2004-12-29 00:00:00-05:00,9.218197158306024,9.334392809061566,9.189793592322037,9.213032722473145,957825,0.0,0.0
2004-12-30 00:00:00-05:00,9.228528855387056,9.264678255091049,9.148482568760924,9.205288887023926,1262588,0.0,0.0
2004-12-31 00:00:00-05:00,9.256934181971298,9.285337764576923,9.189798970147216,9.210455894470215,615263,0.0,0.0
2005-01-03 00:00:00-05:00,9.244020505434932,9.287917392357073,9.189796405878944,9.205288887023926,818775,0.0,0.0
2005-01-04 00:00:00-05:00,9.197542397963096,9.236274844674833,8.755997990689792,8.967732429504395,904500,0.0,0.0
2005-01-05 00:00:00-05:00,8.96773673693569,8.96773673693569,8.776659123409305,8.799899101257324,1370250,0.0,0.0
2005-01-06 00:00:00-05:00,8.802474376215907,8.913505582847794,8.755995288287464,8.874773979187012,1195425,0.0,0.0
2005-01-07 00:00:00-05:00,8.900591913245654,8.90833856417016,8.781814087885959,8.869606971740723,662513,0.0,0.0
2005-01-10 00:00:00-05:00,8.779238390352589,9.014212829685148,8.779238390352589,8.923837661743164,878175,0.0,0.0
2005-01-11 00:00:00-05:00,8.890268407507662,8.959985814588599,8.766326904539584,8.882522583007812,1480950,0.0,0.0
2005-01-12 00:00:00-05:00,8.885105089612864,8.983226072633324,8.745670270930235,8.970314979553223,1462725,0.0,0.0
2005-01-13 00:00:00-05:00,8.970310900818454,9.037446061017883,8.892846870851407,8.93674373626709,915638,0.0,0.0
2005-01-14 00:00:00-05:00,8.975477191255132,9.040030147358065,8.88252066851591,9.037447929382324,1573088,0.0,0.0
2005-01-18 00:00:00-05:00,9.042610233898102,9.192373854609086,8.931579042596745,9.096835136413574,1139063,0.0,0.0
2005-01-19 00:00:00-05:00,9.07618136755355,9.102001887961046,9.024538664544634,9.045195579528809,982463,0.0,0.0
2005-01-20 00:00:00-05:00,9.045194941274628,9.045194941274628,8.910924587803507,8.95482063293457,804263,0.0,0.0
2005-01-21 00:00:00-05:00,8.972895562561297,9.0167924399349,8.848953247070312,8.848953247070312,436050,0.0,0.0
2005-01-24 00:00:00-05:00,8.86961290851355,8.882523170932515,8.737923910135171,8.779237747192383,990900,0.0,0.0
2005-01-25 00:00:00-05:00,8.779235871131414,8.996134715977673,8.779235871131414,8.988388061523438,1234913,0.0,0.0
2005-01-26 00:00:00-05:00,9.037445454637947,9.773352443303144,9.037445454637947,9.657155990600586,2872463,0.0,0.0
2005-01-27 00:00:00-05:00,9.659740234567614,10.031567132815734,9.651994412233172,9.788846969604492,2824200,0.0,0.0
2005-01-28 00:00:00-05:00,9.804340365586183,9.835326151122663,9.579695705963173,9.602934837341309,1613925,0.0,0.0
2005-01-31 00:00:00-05:00,9.657160553946758,9.876641645624487,9.63134003125247,9.863731384277344,1443150,0.0,0.0
2005-02-01 00:00:00-05:00,9.87663745880127,9.941190400366304,9.84307029486999,9.87663745880127,1243013,0.0,0.0
2005-02-02 00:00:00-05:00,9.845654217151276,9.977342340478849,9.817250651993321,9.920536041259766,962888,0.0,0.0
2005-02-03 00:00:00-05:00,9.902464244199264,9.915375338266424,9.804343253677402,9.905046463012695,715163,0.0,0.0
2005-02-04 00:00:00-05:00,9.866310655675889,10.354333223460658,9.855983446129457,10.217480659484863,2914988,0.0,0.0
2005-02-07 00:00:00-05:00,10.18649772987819,10.251051534150013,10.07030287682192,10.171005249023438,640238,0.0,0.0
2005-02-08 00:00:00-05:00,10.171002393436568,10.300108303538565,10.171002393436568,10.194241523742676,1047938,0.0,0.0
2005-02-09 00:00:00-05:00,10.178747570278775,10.178747570278775,9.982505684570391,10.005743980407715,1079663,0.0,0.0
2005-02-10 00:00:00-05:00,10.005746690473792,10.02640443654078,9.75528066147813,9.786267280578613,1911938,0.0,0.0
2005-02-11 00:00:00-05:00,9.786268809354002,9.974763291788545,9.734625267215927,9.915374755859375,1375313,0.0,0.0
2005-02-14 00:00:00-05:00,9.917958216039748,10.003168949253084,9.90504712111476,9.933450698852539,655425,0.0,0.0
2005-02-15 00:00:00-05:00,9.902465606331146,10.018661313433173,9.848241497081702,9.923123359680176,729338,0.0,0.0
2005-02-16 00:00:00-05:00,9.863727058665708,9.948936907041459,9.863727058665708,9.9282808303833,1040175,0.0,0.0
2005-02-17 00:00:00-05:00,9.912788294329127,9.915370511885646,9.752695792405396,9.765606880187988,1026338,0.0,0.0
2005-02-18 00:00:00-05:00,9.791429836707929,9.812086749464276,9.690726659810979,9.724294662475586,357750,0.0,0.0
2005-02-22 00:00:00-05:00,9.659742809122704,9.806924276963121,9.551293787664893,9.639086723327637,563288,0.0,0.0
2005-02-23 00:00:00-05:00,9.65715610202538,9.729455693091772,9.631335591234274,9.633917808532715,497138,0.0,0.0
2005-02-24 00:00:00-05:00,9.631337474840018,9.73720424929726,9.590022821081684,9.695890426635742,716850,0.0,0.0
2005-02-25 00:00:00-05:00,9.695891443414341,9.830161796693206,9.695891443414341,9.819833755493164,1018238,0.0,0.0
2005-02-28 00:00:00-05:00,9.812085472653148,9.948938021291362,9.806921037361873,9.899877548217773,930825,0.0,0.0
2005-03-01 00:00:00-05:00,9.899883387162516,9.972183030592362,9.79659794480638,9.923123359680176,966938,0.0,0.0
2005-03-02 00:00:00-05:00,9.91537249519128,10.088374457308557,9.899879186753145,10.021239280700684,715838,0.0,0.0
2005-03-03 00:00:00-05:00,10.018659945397092,10.22522997080522,10.016077726581061,10.191662788391113,1430663,0.0,0.0
2005-03-04 00:00:00-05:00,10.212315274200424,10.33367450940709,10.142597895400193,10.325928688049316,1135688,0.0,0.0
2005-03-07 00:00:00-05:00,10.380155985119297,10.467948913574219,10.35949906992313,10.467948913574219,910575,0.0,0.0
2005-03-08 00:00:00-05:00,10.524754201247283,10.633203203277304,10.51184311106699,10.568650245666504,1411425,0.0,0.0
2005-03-09 00:00:00-05:00,10.457615907371885,10.50925859050058,10.377569665412741,10.40339183807373,863663,0.0,0.0
2005-03-10 00:00:00-05:00,10.36724071877301,10.496347425628679,10.27170283612544,10.411137580871582,515700,0.0,0.0
2005-03-11 00:00:00-05:00,10.385322275949001,10.566070939510114,10.380157838453627,10.436964988708496,478913,0.0,0.0
2005-03-14 00:00:00-05:00,10.496351622447431,10.702921604913973,10.488605798706677,10.576397895812988,1229850,0.0,0.0
2005-03-15 00:00:00-05:00,10.641050350741315,10.661737578170296,10.519512161319089,10.584159851074219,534600,0.017778,0.0
2005-03-16 00:00:00-05:00,10.524677109922871,10.55053633492619,10.291944917208992,10.416069030761719,691200,0.0,0.0
2005-03-17 00:00:00-05:00,10.4471000688138,10.571224189898032,10.395381615669034,10.514333724975586,583200,0.0,0.0
2005-03-18 00:00:00-05:00,10.796198790978575,10.809128820916102,10.563467407579687,10.638458251953125,1212300,0.0,0.0
2005-03-21 00:00:00-05:00,10.61259849370227,10.61259849370227,10.444513939132007,10.498818397521973,839025,0.0,0.0
2005-03-22 00:00:00-05:00,10.457444886372176,10.524679385306149,10.320391546845528,10.361766815185547,665550,0.0,0.0
2005-03-23 00:00:00-05:00,10.297116545670482,10.397966603884718,10.214366862274556,10.356592178344727,851850,0.0,0.0
2005-03-24 00:00:00-05:00,10.382452744646736,10.503991705718859,10.320391093338104,10.444515228271484,388463,0.0,0.0
2005-03-28 00:00:00-05:00,10.447105166984754,10.589330566380617,10.421245927793102,10.460034370422363,1011488,0.0,0.0
2005-03-29 00:00:00-05:00,10.460029330975779,10.524677813966692,10.343664059150608,10.372108459472656,911588,0.0,0.0
2005-03-30 00:00:00-05:00,10.372111916190587,10.465204830528661,10.34366750638886,10.369525909423828,934875,0.0,0.0
2005-03-31 00:00:00-05:00,10.369527337715773,10.408316612243652,10.312636845643643,10.408316612243652,1611563,0.0,0.0
2005-04-01 00:00:00-05:00,10.39537783089151,10.408307855628117,10.26349657247247,10.335902214050293,751613,0.0,0.0
2005-04-04 00:00:00-04:00,10.36176501899127,10.382451401101097,10.18075043621216,10.34107780456543,744525,0.0,0.0
2005-04-05 00:00:00-04:00,10.356594076749257,10.356594076749257,10.299703606966565,10.32814884185791,827550,0.0,0.0
2005-04-06 00:00:00-04:00,10.343662484311173,10.408310125143347,10.304873233959146,10.317802429199219,679050,0.0,0.0
2005-04-07 00:00:00-04:00,10.330732954303246,10.364350195251953,10.281600511856029,10.356592178344727,817088,0.0,0.0
2005-04-08 00:00:00-04:00,10.356594917763008,10.382453316328338,10.31521964896292,10.348836898803711,969300,0.0,0.0
2005-04-11 00:00:00-04:00,10.37469673136402,10.41348599609392,10.343666318359555,10.382453918457031,1349325,0.0,0.0
2005-04-12 00:00:00-04:00,10.379868874583407,10.491063824913043,10.24022868504581,10.447102546691895,737775,0.0,0.0
2005-04-13 00:00:00-04:00,10.408317810416534,10.472965498983141,10.32815407732605,10.374700546264648,779963,0.0,0.0
2005-04-14 00:00:00-04:00,10.369526871332203,10.369526871332203,10.090248102411248,10.211786270141602,1439775,0.0,0.0
2005-04-15 00:00:00-04:00,10.098004206621264,10.154895522341105,9.611852420227393,9.839412689208984,3723300,0.0,0.0
2005-04-18 00:00:00-04:00,9.829064496487623,9.885954118646254,9.715284419854491,9.844579696655273,1355063,0.0,0.0
2005-04-19 00:00:00-04:00,9.85233970062359,10.064384696502652,9.85233970062359,10.059212684631348,917325,0.0,0.0
2005-04-20 00:00:00-04:00,10.188514294890638,10.245403959097956,9.567894177045345,9.813555717468262,3204900,0.0,0.0
2005-04-21 00:00:00-04:00,9.852342967165937,10.033356784148314,9.735976823060648,10.020426750183105,1573088,0.0,0.0
2005-04-22 00:00:00-04:00,10.007499101891042,10.090247995965166,9.87044572588304,9.94543743133545,1687838,0.0,0.0
2005-04-25 00:00:00-04:00,9.955777315677754,10.085074303186065,9.955777315677754,10.077316284179688,1082363,0.0,0.0
2005-04-26 00:00:00-04:00,10.059212637794575,10.11868910940555,9.929917335510254,9.929917335510254,750600,0.0,0.0
2005-04-27 00:00:00-04:00,9.904062280729645,9.904062280729645,9.712704420300213,9.717876434326172,1801575,0.0,0.0
2005-04-28 00:00:00-04:00,9.717879876558978,9.76701153025968,9.580826450222778,9.751496315002441,2236613,0.0,0.0
2005-04-29 00:00:00-04:00,9.751492382660162,9.800625681180957,9.593751788818501,9.792867660522461,1281150,0.0,0.0
2005-05-02 00:00:00-04:00,9.774763840544171,9.885957954912486,9.743732595851261,9.880785942077637,803250,0.0,0.0
2005-05-03 00:00:00-04:00,9.89629853252303,9.955774162452785,9.818720863978394,9.904056549072266,969300,0.0,0.0
2005-05-04 00:00:00-04:00,9.896301238220758,9.937676505479644,9.774763107299805,9.774763107299805,1485000,0.0,0.0
2005-05-05 00:00:00-04:00,9.748905437485755,9.976466530719456,9.712703009196453,9.922162055969238,1560938,0.0,0.0
2005-05-06 00:00:00-04:00,9.981637224003608,10.02818284037046,9.880785475435552,9.919574737548828,786375,0.0,0.0
2005-05-09 00:00:00-04:00,9.945433403797338,10.015253067016602,9.888542105606623,10.015253067016602,1040850,0.0,0.0
2005-05-10 00:00:00-04:00,9.981638534430143,9.981638534430143,9.777350668811378,9.83682632446289,519075,0.0,0.0
2005-05-11 00:00:00-04:00,9.83165348097829,9.89112912657248,9.751489785804077,9.852340698242188,950063,0.0,0.0
2005-05-12 00:00:00-04:00,9.854924554782095,9.883368952117792,9.598919152549225,9.6015043258667,894713,0.0,0.0
2005-05-13 00:00:00-04:00,9.601505604578215,9.606677616533847,9.412733826726058,9.503241539001465,1135013,0.0,0.0
2005-05-16 00:00:00-04:00,9.503245112028504,9.56530678188186,9.436011428274943,9.552376747131348,792113,0.0,0.0
2005-05-17 00:00:00-04:00,9.536859146752027,9.536859146752027,9.399804974339421,9.49807071685791,873450,0.0,0.0
2005-05-18 00:00:00-04:00,9.55496592006341,9.782527116226184,9.492904229646276,9.704949378967285,675675,0.0,0.0
2005-05-19 00:00:00-04:00,10.08507596703377,10.294535023917295,9.862686876339733,9.968708992004395,1921388,0.0,0.0
2005-05-20 00:00:00-04:00,9.966121436681291,9.97646546212242,9.777349630910116,9.971293449401855,947363,0.0,0.0
2005-05-23 00:00:00-04:00,10.007495062866438,10.113517144647949,10.004909056930787,10.059212684631348,1108013,0.0,0.0
2005-05-24 00:00:00-04:00,10.059210290007485,10.10575672113662,10.007492680554101,10.041109085083008,591638,0.0,0.0
2005-05-25 00:00:00-04:00,10.007495959937684,10.028182344645142,9.849754577619258,9.865270614624023,543713,0.0,0.0
2005-05-26 00:00:00-04:00,9.929916590026828,10.136789557540478,9.929916590026828,10.131617546081543,745875,0.0,0.0
2005-05-27 00:00:00-04:00,10.11093101372544,10.121275037340178,10.020423304044575,10.043697357177734,509625,0.0,0.0
2005-05-31 00:00:00-04:00,10.043700080570662,10.043700080570662,9.885958671569824,9.885958671569824,704025,0.0,0.0
2005-06-01 00:00:00-04:00,9.90405953927896,10.085074153867886,9.826481847312278,9.955777168273926,748913,0.0,0.0
2005-06-02 00:00:00-04:00,9.955777532439948,10.074730497196326,9.891129869594419,9.97905158996582,557888,0.0,0.0
2005-06-03 00:00:00-04:00,9.95836592052031,10.012671235419067,9.852343794682195,9.883374214172363,269325,0.0,0.0
2005-06-06 00:00:00-04:00,9.878198881670112,9.929917335510254,9.839409625131987,9.929917335510254,351675,0.0,0.0
2005-06-07 00:00:00-04:00,9.904059901553236,10.020425195285478,9.901473895161473,9.97905158996582,879863,0.0,0.0
2005-06-08 00:00:00-04:00,9.984221580748152,10.041112049955707,9.96094835831162,9.991979598999023,735750,0.0,0.0
2005-06-09 00:00:00-04:00,9.989394789048356,10.023011207528535,9.93509115173818,10.00749683380127,585225,0.0,0.0
2005-06-10 00:00:00-04:00,10.007497196599553,10.048871635759484,9.958363905662337,10.046285629272461,686475,0.0,0.0
2005-06-13 00:00:00-04:00,10.046286008658868,10.23764300507898,10.046286008658868,10.235057830810547,1020600,0.0,0.0
2005-06-14 00:00:00-04:00,10.235055423474654,10.36713695526123,10.224695695375472,10.36713695526123,1182263,0.017778,0.0
2005-06-15 00:00:00-04:00,10.364551632891304,10.364551632891304,10.216930443301138,10.354192733764648,920363,0.0,0.0
2005-06-16 00:00:00-04:00,10.35936858628652,10.439653149336268,10.330879332381532,10.437063217163086,682088,0.0,0.0
2005-06-17 00:00:00-04:00,10.488859665334017,10.670148239690747,10.488859665334017,10.631300926208496,1572413,0.0,0.0
2005-06-20 00:00:00-04:00,10.631306797087104,10.631306797087104,10.522533759121758,10.558791160583496,627750,0.0,0.0
2005-06-21 00:00:00-04:00,10.553604635742824,10.675327264282686,10.52770615093139,10.66496753692627,806288,0.0,0.0
2005-06-22 00:00:00-04:00,10.729715360617554,10.747844051930509,10.607992718522526,10.698637008666992,1137375,0.0,0.0
2005-06-23 00:00:00-04:00,10.698641704892912,10.70900143795046,10.571739976418348,10.633895874023438,1426275,0.0,0.0
2005-06-24 00:00:00-04:00,10.618355926623053,10.631305592520809,10.206571555515096,10.398219108581543,1812713,0.0,0.0
2005-06-27 00:00:00-04:00,10.372320120482062,10.421527177454847,10.317933197811103,10.393038749694824,746550,0.0,0.0
2005-06-28 00:00:00-04:00,10.514759194885668,10.589864730834961,10.465552148352675,10.589864730834961,725963,0.0,0.0
2005-06-29 00:00:00-04:00,10.589867400884165,10.602816232067257,10.48627341709956,10.566558837890625,1155938,0.0,0.0
2005-06-30 00:00:00-04:00,10.838491439819336,10.970573848174865,10.828132541928277,10.838491439819336,1981463,0.0,0.0
2005-07-01 00:00:00-04:00,10.841082109157963,11.043090217925997,10.807413813169958,10.962804794311523,1127250,0.0,0.0
2005-07-05 00:00:00-04:00,10.965388583614184,11.006826655516141,10.898052862945354,10.978338241577148,759038,0.0,0.0
2005-07-06 00:00:00-04:00,10.978346793722936,11.006835229854458,10.830725579425206,10.841084480285645,535613,0.0,0.0
2005-07-07 00:00:00-04:00,10.776332100752036,10.820359278244764,10.646840500312205,10.799640655517578,744863,0.0,0.0
2005-07-08 00:00:00-04:00,10.734892890782715,10.93431180166947,10.701225444990326,10.882513999938965,1105988,0.0,0.0
2005-07-11 00:00:00-04:00,10.882515302845658,10.991289115701429,10.84107805679569,10.949851036071777,667238,0.0,0.0
2005-07-12 00:00:00-04:00,10.967984003903046,10.967984003903046,10.727128581056178,10.828132629394531,806625,0.0,0.0
2005-07-13 00:00:00-04:00,10.776334321303093,10.78928398416326,10.600224741463698,10.750435829162598,1684125,0.0,0.0
2005-07-14 00:00:00-04:00,10.737483051766253,10.778921127319336,10.61058139402501,10.778921127319336,1456650,0.0,0.0
2005-07-15 00:00:00-04:00,10.773746842916152,10.929137831156114,10.69346141563417,10.851442337036133,1502213,0.0,0.0
2005-07-18 00:00:00-04:00,10.812592900660588,10.936906343486232,10.734897415684527,10.90064811706543,1169775,0.0,0.0
2005-07-19 00:00:00-04:00,10.903235349741008,11.022367230189433,10.828129816221997,11.019777297973633,1375313,0.0,0.0
2005-07-20 00:00:00-04:00,11.084523037570095,11.237323190856449,10.980929091655533,11.071574211120605,2325713,0.0,0.0
2005-07-21 00:00:00-04:00,10.94208332811758,10.944671593133407,10.545836208998736,10.615762710571289,2856263,0.0,0.0
2005-07-22 00:00:00-04:00,10.60799262189258,10.755613750338423,10.597632893476861,10.740074157714844,981788,0.0,0.0
2005-07-25 00:00:00-04:00,10.708999597777716,10.708999597777716,10.403397528053747,10.50699234008789,1119488,0.0,0.0
2005-07-26 00:00:00-04:00,10.519935146866109,10.623528232422773,10.519935146866109,10.620938301086426,2087100,0.0,0.0
2005-07-27 00:00:00-04:00,10.618351809166834,10.618351809166834,10.465551645884581,10.615762710571289,533250,0.0,0.0
2005-07-28 00:00:00-04:00,10.602814220638145,10.797053320175722,10.540658342306774,10.755615234375,919013,0.0,0.0
2005-07-29 00:00:00-04:00,10.74784527509032,10.75043520751259,10.543247282369393,10.670149803161621,672300,0.0,0.0
2005-08-01 00:00:00-04:00,10.42411479687183,10.81259046716129,10.42411479687183,10.7374849319458,797513,0.0,0.0
2005-08-02 00:00:00-04:00,10.73748151922185,10.758200970830938,10.395623071364147,10.48885726928711,1312538,0.0,0.0
2005-08-03 00:00:00-04:00,10.488861666468503,10.488861666468503,10.35937004110262,10.411166191101074,1056713,0.0,0.0
2005-08-04 00:00:00-04:00,10.40339697991613,10.40339697991613,10.281675145299639,10.333471298217773,987525,0.0,0.0
2005-08-05 00:00:00-04:00,10.33347523465235,10.33347523465235,10.172906015785042,10.206573486328125,454613,0.0,0.0
2005-08-08 00:00:00-04:00,9.841398793660037,10.219515520505334,9.83621892976799,10.17289924621582,920700,0.0,0.0
2005-08-09 00:00:00-04:00,10.172900164510272,10.229876171727035,10.128872151033148,10.162540435791016,754313,0.0,0.0
2005-08-10 00:00:00-04:00,10.139232028326262,10.17548941221552,10.004559720901105,10.100384712219238,796500,0.0,0.0
2005-08-11 00:00:00-04:00,10.1210974501252,10.281668165987814,10.1210974501252,10.276488304138184,499838,0.0,0.0
2005-08-12 00:00:00-04:00,10.268723509190384,10.385266289632279,10.196207908739904,10.310161590576172,756000,0.0,0.0
2005-08-15 00:00:00-04:00,10.333473239965912,10.346422905813707,10.087438758238177,10.18585205078125,536963,0.0,0.0
2005-08-16 00:00:00-04:00,10.188440116793073,10.188440116793073,10.048588752746582,10.048588752746582,495788,0.0,0.0
2005-08-17 00:00:00-04:00,10.074484997232913,10.175489015468656,10.048586509644782,10.159950256347656,666225,0.0,0.0
2005-08-18 00:00:00-04:00,10.113332898510738,10.115922830777764,10.014919640262413,10.051177024841309,607500,0.0,0.0
2005-08-19 00:00:00-04:00,10.087432801352337,10.172898044738284,10.02527694272764,10.170308113098145,337163,0.0,0.0
2005-08-22 00:00:00-04:00,10.216930827571069,10.328293790456327,10.203981994780719,10.28426742553711,856575,0.0,0.0
2005-08-23 00:00:00-04:00,10.268725163024294,10.36195940239369,10.242827504159331,10.307573318481445,1092825,0.0,0.0
2005-08-24 00:00:00-04:00,10.268722993077631,10.398214594358194,10.219515951188706,10.263543128967285,807300,0.0,0.0
2005-08-25 00:00:00-04:00,10.307572967531305,10.403396302660743,10.286854340996847,10.346420288085938,905850,0.0,0.0
2005-08-26 00:00:00-04:00,10.35936810173193,10.372316928412443,10.232465599080449,10.294621467590332,479250,0.0,0.0
2005-08-29 00:00:00-04:00,10.24282275973441,10.4111616322822,10.20656455367435,10.40339183807373,784688,0.0,0.0
2005-08-30 00:00:00-04:00,10.377497178444658,10.39303593775508,10.3075715111782,10.37231731414795,578138,0.0,0.0
2005-08-31 00:00:00-04:00,10.398220643573637,10.434479713439941,10.31275700393244,10.434479713439941,744863,0.0,0.0
2005-09-01 00:00:00-04:00,10.411164729010993,10.47591053260137,10.393036037378442,10.437063217163086,521775,0.0,0.0
2005-09-02 00:00:00-04:00,10.424118339583085,10.462965669740651,10.294625849757818,10.364551544189453,553163,0.0,0.0
2005-09-06 00:00:00-04:00,10.385268278116458,10.504401847134114,10.31793252914378,10.48109245300293,999000,0.0,0.0
2005-09-07 00:00:00-04:00,10.483680805899295,10.561376273889023,10.349009328247572,10.400805473327637,581175,0.0,0.0
2005-09-08 00:00:00-04:00,10.398217535034414,10.400807467822036,10.284265493858587,10.390448570251465,607500,0.0,0.0
2005-09-09 00:00:00-04:00,10.403402643817971,10.551023885632459,10.38527393874786,10.522536277770996,519750,0.0,0.0
2005-09-12 00:00:00-04:00,10.35937261162839,10.481094469587067,10.35937261162839,10.398219108581543,1285875,0.0,0.0
2005-09-13 00:00:00-04:00,10.398216846864754,10.408576577329613,10.26095541968451,10.361959457397461,661838,0.0,0.0
2005-09-14 00:00:00-04:00,10.323053022426663,10.364552506532338,10.170022526893394,10.177803993225098,977063,0.017778,0.0
2005-09-15 00:00:00-04:00,10.219304021053293,10.245241408707276,10.048118431301456,10.063679695129395,1795838,0.0,0.0
2005-09-16 00:00:00-04:00,10.23227383661336,10.67320865822518,10.224493203529018,10.522772789001465,4207613,0.0,0.0
2005-09-19 00:00:00-04:00,10.426799220555212,10.616141510354657,10.416423934612665,10.509799003601074,1385438,0.0,0.0
2005-09-20 00:00:00-04:00,10.574645528763995,10.6446762275109,10.406052920336606,10.50461483001709,1245375,0.0,0.0
2005-09-21 00:00:00-04:00,10.504616394541715,10.592803862819123,10.470897533901544,10.499428749084473,1575788,0.0,0.0
2005-09-22 00:00:00-04:00,10.478675882908732,10.559081024234239,10.434582579311197,10.556488037109375,933188,0.0,0.0
2005-09-23 00:00:00-04:00,10.530553144554531,10.968893297143342,10.439772693918684,10.815863609313965,1447875,0.0,0.0
2005-09-26 00:00:00-04:00,10.841803333263986,10.924802334049483,10.763991143903556,10.854771614074707,992925,0.0,0.0
2005-09-27 00:00:00-04:00,10.867734000741507,10.898858189348886,10.743234741817446,10.823639869689941,1031738,0.0,0.0
2005-09-28 00:00:00-04:00,10.802894557403585,10.878112902060572,10.725082390362035,10.771769523620605,784350,0.0,0.0
2005-09-29 00:00:00-04:00,10.751017642029966,11.010391500744642,10.751017642029966,11.000016212463379,686138,0.0,0.0
2005-09-30 00:00:00-04:00,11.000017489093228,11.150454177640643,10.994830679182323,11.14526653289795,658800,0.0,0.0
2005-10-03 00:00:00-04:00,11.1271116263864,11.48504662381409,11.1271116263864,11.378704071044922,1192388,0.0,0.0
2005-10-04 00:00:00-04:00,11.378703846248943,11.630295451105193,11.378703846248943,11.438359260559082,1976400,0.0,0.0
2005-10-05 00:00:00-04:00,11.399450086877499,11.508387269417387,11.176389747562627,11.178982734680176,1873800,0.0,0.0
2005-10-06 00:00:00-04:00,11.178984328581146,11.264577960613817,11.020767845774502,11.140079498291016,1209600,0.0,0.0
2005-10-07 00:00:00-04:00,11.153044970223077,11.256793662734099,11.129701410054151,11.189356803894043,1456650,0.0,0.0
2005-10-10 00:00:00-04:00,11.1919537151601,11.207516649456657,10.989643082790993,11.083017349243164,861300,0.0,0.0
2005-10-11 00:00:00-04:00,11.083015019890674,11.254200582519845,11.033733239807743,11.108951568603516,1148513,0.0,0.0
2005-10-12 00:00:00-04:00,11.062265093394583,11.33979400735713,11.015577970768518,11.088202476501465,1173488,0.0,0.0
2005-10-13 00:00:00-04:00,11.08820792072283,11.09339556685762,10.89367703449231,10.961113929748535,768150,0.0,0.0
2005-10-14 00:00:00-04:00,10.971488199379772,11.129706382751465,10.89367601910674,11.129706382751465,899438,0.0,0.0
2005-10-17 00:00:00-04:00,11.1504506325749,11.230856596027813,11.108950322659334,11.181574821472168,1206225,0.0,0.0
2005-10-18 00:00:00-04:00,11.153049706902491,11.16342499797574,11.018175931941741,11.111549377441406,1050300,0.0,0.0
2005-10-19 00:00:00-04:00,11.075234748050265,11.295702114524014,10.880705602748177,11.267170906066895,1133663,0.0,0.0
2005-10-20 00:00:00-04:00,10.763991742670717,11.093396445504009,10.478681200643578,10.597992897033691,4118850,0.0,0.0
2005-10-21 00:00:00-04:00,10.597988252299553,10.89367312299744,10.597988252299553,10.756205558776855,2030063,0.0,0.0
2005-10-24 00:00:00-04:00,10.753610035384785,10.818453908864198,10.629111601540528,10.696548461914062,2008125,0.0,0.0
2005-10-25 00:00:00-04:00,10.696549896175362,10.696549896175362,10.473488711339673,10.579832077026367,1847138,0.0,0.0
2005-10-26 00:00:00-04:00,10.530552505399836,10.649864162236344,10.468303271984537,10.618739128112793,1628438,0.0,0.0
2005-10-27 00:00:00-04:00,10.621327331856856,10.621327331856856,10.325642586011297,10.434578895568848,1551488,0.0,0.0
2005-10-28 00:00:00-04:00,10.439769232618016,10.512393736014443,10.333425881817984,10.47867488861084,2066175,0.0,0.0
2005-10-31 00:00:00-05:00,10.478674385501002,10.592799195952784,10.450144017719593,10.5642671585083,732375,0.0,0.0
2005-11-01 00:00:00-05:00,10.525365528633905,10.525365528633905,10.206336204405723,10.333429336547852,1488375,0.0,0.0
2005-11-02 00:00:00-05:00,10.343804015957284,10.502022187623748,10.268585664074651,10.444960594177246,1526850,0.0,0.0
2005-11-03 00:00:00-05:00,10.496837852125841,10.766586307938134,10.463119816919392,10.688774108886719,1686488,0.0,0.0
2005-11-04 00:00:00-05:00,10.701736506679676,10.751016616821289,10.600580794910252,10.751016616821289,1166063,0.0,0.0
2005-11-07 00:00:00-05:00,10.763987200661136,10.763987200661136,10.57983250465289,10.712112426757812,906188,0.0,0.0
2005-11-08 00:00:00-05:00,10.66024037420573,10.818457711261692,10.582428199580491,10.758801460266113,1007438,0.0,0.0
2005-11-09 00:00:00-05:00,10.751022028260802,10.870334552846014,10.675804496860957,10.854771614074707,996975,0.0,0.0
2005-11-10 00:00:00-05:00,10.854768261043212,10.981861380923053,10.787331385028198,10.97148609161377,1104300,0.0,0.0
2005-11-11 00:00:00-05:00,10.984455174001054,11.12451657031277,10.979267529360225,11.093392372131348,849825,0.0,0.0
2005-11-14 00:00:00-05:00,11.083014711002173,11.254200268860329,11.02335931489467,11.210107803344727,993600,0.0,0.0
2005-11-15 00:00:00-05:00,11.197145088887593,11.282738751528358,11.064865112304688,11.064865112304688,1221075,0.0,0.0
2005-11-16 00:00:00-05:00,11.057078725998116,11.080422290005428,10.841799005745864,10.893672943115234,1094175,0.0,0.0
2005-11-17 00:00:00-05:00,10.898861647529934,11.000017379679159,10.821049481658854,10.987049102783203,1195425,0.0,0.0
2005-11-18 00:00:00-05:00,11.012987706378038,11.093393703465189,10.922207253595952,10.95851993560791,902475,0.0,0.0
2005-11-21 00:00:00-05:00,11.000015432909201,11.049296379089355,10.911828828094876,11.049296379089355,577463,0.0,0.0
2005-11-22 00:00:00-05:00,11.049297848491232,11.106359433087633,10.909236456984052,11.057079315185547,537638,0.0,0.0
2005-11-23 00:00:00-05:00,11.049297974169873,11.150453703019554,11.02336142122397,11.121922492980957,534938,0.0,0.0
2005-11-25 00:00:00-05:00,11.140079498291016,11.166016886649542,11.10117299833734,11.140079498291016,152550,0.0,0.0
2005-11-28 00:00:00-05:00,11.140079772000288,11.158235693847812,11.000017537490237,11.083017349243164,541350,0.0,0.0
2005-11-29 00:00:00-05:00,11.101172749725183,11.334608404892329,11.0700485522574,11.121922492980957,726300,0.0,0.0
2005-11-30 00:00:00-05:00,11.121917221892735,11.197135527316021,11.023356196847468,11.051886558532715,703688,0.0,0.0
2005-12-01 00:00:00-05:00,11.07783332663139,11.321644362012513,11.07783332663139,11.204926490783691,814725,0.0,0.0
2005-12-02 00:00:00-05:00,11.153045492846793,11.33720016116083,11.12710810979574,11.290513038635254,614925,0.0,0.0
2005-12-05 00:00:00-05:00,11.264581640681866,11.308675799678888,11.02336526935771,11.059677124023438,621675,0.0,0.0
2005-12-06 00:00:00-05:00,11.085645246597212,11.277850999897586,11.085645246597212,11.129799842834473,504900,0.017778,0.0
2005-12-07 00:00:00-05:00,11.19473592116646,11.25447705865017,11.046685578047715,11.142788887023926,673988,0.0,0.0
2005-12-08 00:00:00-05:00,11.129798932473165,11.199928290186628,10.997332646572582,11.137591361999512,679050,0.0,0.0
2005-12-09 00:00:00-05:00,11.116814733359563,11.249281883239746,11.04149124273114,11.249281883239746,928800,0.0,0.0
2005-12-12 00:00:00-05:00,11.259671849781808,11.33759365966465,11.233697913154195,11.327203750610352,1193738,0.0,0.0
2005-12-13 00:00:00-05:00,11.32720509992557,11.597334407434248,11.32720509992557,11.547983169555664,1937250,0.0,0.0
2005-12-14 00:00:00-05:00,11.571359316745513,11.651878611291878,11.329802269114627,11.389542579650879,985500,0.0,0.0
2005-12-15 00:00:00-05:00,11.363568593522547,11.39993160638743,11.285646776801538,11.334997177124023,485325,0.0,0.0
2005-12-16 00:00:00-05:00,11.345380678164362,11.381744509175322,11.11940860748291,11.11940860748291,1064813,0.0,0.0
2005-12-19 00:00:00-05:00,11.127206876981887,11.147986699175783,10.937598523537252,11.025909423828125,765788,0.0,0.0
2005-12-20 00:00:00-05:00,11.020713415882728,11.051881474180659,10.841493318632647,10.870064735412598,1344600,0.0,0.0
2005-12-21 00:00:00-05:00,10.909022415774482,10.989541690317589,10.841490525516393,10.924607276916504,1056038,0.0,0.0
2005-12-22 00:00:00-05:00,10.976554073136333,11.070060729980469,10.909022184311109,11.070060729980469,515363,0.0,0.0
2005-12-23 00:00:00-05:00,11.109021701080442,11.233695567652367,11.101229270916713,11.129799842834473,514350,0.0,0.0
2005-12-27 00:00:00-05:00,11.129803139122222,11.179154375434123,10.9791544607206,11.038895606994629,688838,0.0,0.0
2005-12-28 00:00:00-05:00,11.064869185469242,11.12980361749891,11.033701126259615,11.122011184692383,467438,0.0,0.0
2005-12-29 00:00:00-05:00,11.129801253360426,11.262268402892149,11.09084076962007,11.155776023864746,680063,0.0,0.0
2005-12-30 00:00:00-05:00,11.129802315874963,11.129802315874963,10.955778024947161,11.049283027648926,882225,0.0,0.0
2006-01-03 00:00:00-05:00,11.041491840123978,11.119412812025528,10.888245701502456,11.044089317321777,1325025,0.0,0.0
2006-01-04 00:00:00-05:00,11.064863594481633,11.16875930203802,11.04668209646161,11.160966873168945,582863,0.0,0.0
2006-01-05 00:00:00-05:00,11.168765736374905,11.368764837838283,11.168765736374905,11.36097240447998,1151888,0.0,0.0
2006-01-06 00:00:00-05:00,11.402527564653592,11.592137544214332,11.342787262324574,11.571357727050781,1103288,0.0,0.0
2006-01-09 00:00:00-05:00,11.55318038366313,11.792140007019043,11.53499887310545,11.792140007019043,1524488,0.0,0.0
2006-01-10 00:00:00-05:00,11.792141394259096,11.792141394259096,11.636297707123767,11.670064926147461,636188,0.0,0.0
2006-01-11 00:00:00-05:00,11.683046353746146,11.706422814627155,11.44668510351212,11.527203559875488,1359788,0.0,0.0
2006-01-12 00:00:00-05:00,11.527202900658317,11.636292766528332,11.358372729282047,11.366165161132812,1002038,0.0,0.0
2006-01-13 00:00:00-05:00,11.38954256286748,11.576554254691116,11.327204774920796,11.545385360717773,482963,0.0,0.0
2006-01-17 00:00:00-05:00,11.506422617011976,11.506422617011976,11.342786582702114,11.363566398620605,342563,0.0,0.0
2006-01-18 00:00:00-05:00,11.311617591365621,11.444084726803865,11.259669727899954,11.386941909790039,338513,0.0,0.0
2006-01-19 00:00:00-05:00,11.402527216268869,11.555773347119315,11.402527216268869,11.49863052368164,561600,0.0,0.0
2006-01-20 00:00:00-05:00,11.493436423472673,11.493436423472673,11.051880337577797,11.077855110168457,827550,0.0,0.0
2006-01-23 00:00:00-05:00,11.0648670055777,11.098633371745423,10.98175024670765,11.01811408996582,621000,0.0,0.0
2006-01-24 00:00:00-05:00,11.038895525427488,11.311620627819698,11.031103093013472,11.272659301757812,1077638,0.0,0.0
2006-01-25 00:00:00-05:00,11.051880823291398,11.20512697226245,10.314224001557909,10.779155731201172,7047675,0.0,0.0
2006-01-26 00:00:00-05:00,10.831103263888343,10.940193130070544,10.779155390084194,10.909024238586426,2444850,0.0,0.0
2006-01-27 00:00:00-05:00,10.90901996345936,10.90901996345936,10.503827876988792,10.57136058807373,2796188,0.0,0.0
2006-01-30 00:00:00-05:00,10.571362626906385,10.89603635555994,10.571362626906385,10.789543151855469,1352363,0.0,0.0
2006-01-31 00:00:00-05:00,10.72720592294491,10.760972286704657,10.659674031433429,10.685647964477539,1845788,0.0,0.0
2006-02-01 00:00:00-05:00,10.636304548888269,10.711628920501107,10.46747429141358,10.688252449035645,3169463,0.0,0.0
2006-02-02 00:00:00-05:00,10.688248552727718,10.698637627364809,10.54539229740372,10.649287223815918,2180250,0.0,0.0
2006-02-03 00:00:00-05:00,10.649287557247247,10.766169875625739,10.592145554933476,10.698637962341309,2117138,0.0,0.0
2006-02-06 00:00:00-05:00,10.649282993018696,10.78175012107844,10.612919992222956,10.753179550170898,992925,0.0,0.0
2006-02-07 00:00:00-05:00,10.747988866921958,10.831104808051716,10.631105716194815,10.649287223815918,1024650,0.0,0.0
2006-02-08 00:00:00-05:00,10.654482594463222,10.78694978031386,10.654482594463222,10.78435230255127,923738,0.0,0.0
2006-02-09 00:00:00-05:00,10.810324352591817,11.122009925448197,10.810324352591817,10.877856254577637,1683113,0.0,0.0
2006-02-10 00:00:00-05:00,10.859675071571242,10.909024633864362,10.667468433136353,10.833701133728027,1438425,0.0,0.0
2006-02-13 00:00:00-05:00,10.833704068006186,10.935002369430267,10.633704943246682,10.896041870117188,1440788,0.0,0.0
2006-02-14 00:00:00-05:00,10.934995995189327,11.020709378117312,10.857074205977035,10.960969924926758,1526850,0.0,0.0
2006-02-15 00:00:00-05:00,10.960971745799043,11.109022919094768,10.953179314780938,11.054476737976074,742500,0.0,0.0
2006-02-16 00:00:00-05:00,11.07785833566263,11.184351590259014,11.031105403402846,11.181754112243652,765450,0.0,0.0
2006-02-17 00:00:00-05:00,11.194734987672424,11.212917325914628,11.101229999609721,11.103827476501465,613913,0.0,0.0
2006-02-21 00:00:00-05:00,11.103827092397072,11.127202711598128,10.984346503542007,11.070060729980469,666563,0.0,0.0
2006-02-22 00:00:00-05:00,11.116820698055552,11.16617111660627,11.05188540879923,11.15058708190918,640575,0.0,0.0
2006-02-23 00:00:00-05:00,11.098632745421225,11.116814248020244,10.971361391220066,11.020710945129395,810675,0.0,0.0
2006-02-24 00:00:00-05:00,11.012923057295305,11.181754112243652,10.968768439059255,11.181754112243652,623700,0.0,0.0
2006-02-27 00:00:00-05:00,11.194735580186736,11.311618702469524,11.075256652890838,11.116814613342285,1044900,0.0,0.0
2006-02-28 00:00:00-05:00,11.07785343523452,11.184346642722291,10.979151822337753,11.127202987670898,878513,0.0,0.0
2006-03-01 00:00:00-05:00,11.171360458790035,11.610318212216251,11.163568027353705,11.571357727050781,1953113,0.0,0.0
2006-03-02 00:00:00-05:00,11.532396705367926,11.64408403738555,11.431098445440655,11.589539527893066,1443488,0.0,0.0
2006-03-03 00:00:00-05:00,11.592137233403959,11.758369078190574,11.553175913275034,11.63888931274414,1118138,0.0,0.0
2006-03-06 00:00:00-05:00,11.620704333961303,11.701223591206983,11.45187422658075,11.579146385192871,960188,0.0,0.0
2006-03-07 00:00:00-05:00,11.103831249030346,11.184350552006805,10.92201365689183,11.025909423828125,2960888,0.0,0.0
2006-03-08 00:00:00-05:00,10.986945200888542,11.129801424814627,10.940192285276662,11.01811408996582,1339200,0.0,0.0
2006-03-09 00:00:00-05:00,11.025905703900586,11.25707278773341,11.005126724725411,11.173956871032715,1126575,0.0,0.0
2006-03-10 00:00:00-05:00,11.155779837967644,11.270063851211388,11.111624385029906,11.179156303405762,860288,0.0,0.0
2006-03-13 00:00:00-05:00,11.17915403233237,11.298633813188836,11.158375049054053,11.215517044067383,1020600,0.0,0.0
2006-03-14 00:00:00-05:00,11.168764830385012,11.31162108098253,11.140193413063862,11.29863452911377,916988,0.0,0.0
2006-03-15 00:00:00-05:00,11.303838657330374,11.348055102219032,11.19719914386299,11.31684398651123,942638,0.017778,0.0
2006-03-16 00:00:00-05:00,11.35325295532764,11.35325295532764,11.238810287480373,11.264820098876953,928463,0.0,0.0
2006-03-17 00:00:00-05:00,11.264816962559904,11.366254277885597,11.210195452955551,11.327239990234375,1255500,0.0,0.0
2006-03-20 00:00:00-05:00,11.345446469208214,11.522312967959724,11.296027925608346,11.49890422821045,1083038,0.0,0.0
2006-03-21 00:00:00-05:00,11.444291663938634,11.498912374436326,11.259622679219868,11.301238059997559,1980788,0.0,0.0
2006-03-22 00:00:00-05:00,11.285621320347907,11.371453906339456,11.262213422633042,11.36104965209961,1134000,0.0,0.0
2006-03-23 00:00:00-05:00,11.36105683765409,11.36105683765409,11.238811795993652,11.267422676086426,647663,0.0,0.0
2006-03-24 00:00:00-05:00,11.264821610881363,11.337648925134367,11.23100860037846,11.267422676086426,547425,0.0,0.0
2006-03-27 00:00:00-05:00,11.236209817125964,11.298632865482839,11.12436820821716,11.181589126586914,667913,0.0,0.0
2006-03-28 00:00:00-05:00,11.168586562190248,11.327245693981048,11.132172483172177,11.25441837310791,1374975,0.0,0.0
2006-03-29 00:00:00-05:00,11.241413734859002,11.44428930215472,11.241413734859002,11.413077354431152,1081013,0.0,0.0
2006-03-30 00:00:00-05:00,11.431281031736189,11.623753125007383,11.431281031736189,11.602946281433105,1443150,0.0,0.0
2006-03-31 00:00:00-05:00,11.704387340259517,11.821431941993955,11.618555525294836,11.69398307800293,1395563,0.0,0.0
2006-04-03 00:00:00-04:00,11.69398012283831,11.798019370460445,11.639360271283234,11.683577537536621,978075,0.0,0.0
2006-04-04 00:00:00-04:00,11.725191797928101,11.816226556108765,11.665369817919697,11.769408226013184,1008450,0.0,0.0
2006-04-05 00:00:00-04:00,11.76940735299412,11.961880277306333,11.75120157473637,11.915061950683594,796500,0.0,0.0
2006-04-06 00:00:00-04:00,11.907257130352951,11.982685483549968,11.837030905754894,11.980084419250488,804938,0.0,0.0
2006-04-07 00:00:00-04:00,12.021702371598861,12.047712181240469,11.920264197712866,12.024303436279297,1293300,0.0,0.0
2006-04-10 00:00:00-04:00,12.058117223215605,12.058117223215605,11.870847238360174,11.886453628540039,1371263,0.0,0.0
2006-04-11 00:00:00-04:00,11.873448140161385,11.94107415568538,11.860443652353142,11.881251335144043,1623038,0.0,0.0
2006-04-12 00:00:00-04:00,11.873445066730094,11.881248259692903,11.785012228468819,11.803218841552734,1957163,0.0,0.0
2006-04-13 00:00:00-04:00,11.80581990587367,11.88384932401384,11.782411164147883,11.803218841552734,1191038,0.0,0.0
2006-04-17 00:00:00-04:00,11.792818973199546,11.870847577677775,11.649764578276045,11.738198280334473,1221075,0.0,0.0
2006-04-18 00:00:00-04:00,11.743403461216376,11.980091238404466,11.727797066536224,11.961885452270508,1605825,0.0,0.0
2006-04-19 00:00:00-04:00,11.917663494945108,12.180362664019205,11.912461365426259,12.107535362243652,1486013,0.0,0.0
2006-04-20 00:00:00-04:00,12.172560571290456,13.160930945639924,12.133545433531209,13.030881881713867,4291988,0.0,0.0
2006-04-21 00:00:00-04:00,13.030883462853419,13.14792805317024,12.945051656261573,13.06989860534668,1808325,0.0,0.0
2006-04-24 00:00:00-04:00,13.056894164816914,13.163534501128538,12.968460449750708,13.033485412597656,1555875,0.0,0.0
2006-04-25 00:00:00-04:00,13.033483096986753,13.098507211118092,12.890429543600089,12.895630836486816,970650,0.0,0.0
2006-04-26 00:00:00-04:00,12.947652420894391,13.095908117167394,12.861819779132839,12.900834083557129,681750,0.0,0.0
2006-04-27 00:00:00-04:00,12.861815011107112,13.124513295180575,12.796790915450845,12.986661911010742,1035450,0.0,0.0
2006-04-28 00:00:00-04:00,12.92424491394815,12.9606581566249,12.760382810413722,12.815004348754883,1158638,0.0,0.0
2006-05-01 00:00:00-04:00,12.822804893582205,12.963258234072583,12.75517970722044,12.783790588378906,922050,0.0,0.0
2006-05-02 00:00:00-04:00,12.835805910407542,12.86181571753114,12.710959003646805,12.817599296569824,600750,0.0,0.0
2006-05-03 00:00:00-04:00,12.835809221398256,12.978862778897305,12.835809221398256,12.869622230529785,861638,0.0,0.0
2006-05-04 00:00:00-04:00,12.903436570571724,13.106312985123012,12.893032308425287,13.098509788513184,832275,0.0,0.0
2006-05-05 00:00:00-04:00,13.199945515220968,13.298782638386275,13.132320335466513,13.145325660705566,873113,0.0,0.0
2006-05-08 00:00:00-04:00,13.15312380292637,13.241556637556476,13.077695452204324,13.080296516418457,494100,0.0,0.0
2006-05-09 00:00:00-04:00,13.10890508883909,13.184333426345564,12.971052895455731,12.978856086730957,599738,0.0,0.0
2006-05-10 00:00:00-04:00,12.978861182775749,13.09070361965151,12.916438139551417,12.989265441894531,436388,0.0,0.0
2006-05-11 00:00:00-04:00,13.00226916938254,13.075096462783966,12.541895828830947,12.64593505859375,1232213,0.0,0.0
2006-05-12 00:00:00-04:00,12.62512987433593,12.679749727305863,12.52109146118164,12.52109146118164,1054350,0.0,0.0
2006-05-15 00:00:00-04:00,12.505485534667969,12.552303031612713,12.362431978763155,12.505485534667969,818100,0.0,0.0
2006-05-16 00:00:00-04:00,12.471674066797979,12.586117595391718,12.284404055881653,12.30781364440918,658125,0.0,0.0
2006-05-17 00:00:00-04:00,12.224580122399045,12.276598910489758,12.081526571533173,12.094531059265137,978413,0.0,0.0
2006-05-18 00:00:00-04:00,12.12054034650232,12.263593891167247,12.099732664735418,12.164756774902344,644288,0.0,0.0
2006-05-19 00:00:00-04:00,12.419654433285002,12.573112268431982,12.255793173733219,12.30781364440918,1796175,0.0,0.0
2006-05-22 00:00:00-04:00,12.198571795381765,12.25579356148905,11.938475293913774,12.09193229675293,1017563,0.0,0.0
2006-05-23 00:00:00-04:00,12.224578332326479,12.242784947350335,11.889052719451904,11.899456977844238,1243688,0.0,0.0
2006-05-24 00:00:00-04:00,11.808423237813065,11.904659287517738,11.485902083196263,11.727792739868164,1734413,0.0,0.0
2006-05-25 00:00:00-04:00,11.987888988365436,11.995692182159685,11.78761454877756,11.899456977844238,1064475,0.0,0.0
2006-05-26 00:00:00-04:00,11.925466209302591,11.948874954032586,11.847436781148357,11.915061950683594,859613,0.0,0.0
2006-05-30 00:00:00-04:00,11.850038994271513,11.863044318805695,11.667971148095603,11.683577537536621,671288,0.0,0.0
2006-05-31 00:00:00-04:00,11.709588028949565,11.876050344408116,11.706986963705829,11.868247985839844,1023975,0.0,0.0
2006-06-01 00:00:00-04:00,11.920266598018273,12.112739562988281,11.920266598018273,12.112739562988281,729675,0.0,0.0
2006-06-02 00:00:00-04:00,12.133544409575643,12.273996884465221,12.133544409575643,12.253190040588379,1108013,0.0,0.0
2006-06-05 00:00:00-04:00,12.242790195134974,12.255794686536946,11.84484053565357,11.86044692993164,759713,0.0,0.0
2006-06-06 00:00:00-04:00,11.860441914401374,11.902058111047864,11.527517364205845,11.709585189819336,1186313,0.0,0.0
2006-06-07 00:00:00-04:00,11.704385681893992,11.76160744187153,11.470298185918471,11.4859037399292,905175,0.0,0.0
2006-06-08 00:00:00-04:00,11.301233990556838,11.327243803467859,10.83566009749158,11.077549934387207,2521800,0.0,0.0
2006-06-09 00:00:00-04:00,11.080148659426627,11.270020504727732,11.025528817294983,11.184187889099121,1485000,0.0,0.0
2006-06-12 00:00:00-04:00,11.223205418714741,11.223205418714741,10.835660934448242,10.835660934448242,1574775,0.0,0.0
2006-06-13 00:00:00-04:00,11.184191264097372,11.592544275477094,11.18159019885438,11.454692840576172,2906888,0.0,0.0
2006-06-14 00:00:00-04:00,11.457296742604658,11.561477938380209,11.407811596746804,11.485946655273438,1978425,0.017778,0.0
2006-06-15 00:00:00-04:00,11.459900653990797,11.82713859211831,11.392183216208874,11.814115524291992,2025338,0.0,0.0
2006-06-16 00:00:00-04:00,11.824531951274455,11.840159629986722,11.650028740454657,11.709932327270508,1014188,0.0,0.0
2006-06-19 00:00:00-04:00,11.712537192554503,11.735978711127586,11.530220976758224,11.56668472290039,862988,0.0,0.0
2006-06-20 00:00:00-04:00,11.564082015657451,11.652635524975732,11.441669367791304,11.600544929504395,1061775,0.0,0.0
2006-06-21 00:00:00-04:00,11.600542565434212,11.81411329269921,11.556265819798213,11.803695678710938,1049625,0.0,0.0
2006-06-22 00:00:00-04:00,11.941740753439507,12.15531158106591,11.767238301966428,11.788073539733887,2142788,0.0,0.0
2006-06-23 00:00:00-04:00,11.788072408086997,12.00945705735233,11.69431049391366,11.897462844848633,575438,0.0,0.0
2006-06-26 00:00:00-04:00,11.923506482540013,11.96257485223578,11.832349188730086,11.894857406616211,435375,0.0,0.0
2006-06-27 00:00:00-04:00,11.915696453992561,11.949554763720485,11.67087025136981,11.715147018432617,715500,0.0,0.0
2006-06-28 00:00:00-04:00,11.759419130343131,11.764628356577063,11.642214893298991,11.7463960647583,568350,0.0,0.0
2006-06-29 00:00:00-04:00,11.902674982208787,12.43660171136859,11.87662967367595,12.418370246887207,1269675,0.0,0.0
2006-06-30 00:00:00-04:00,12.426179843740234,12.475665829208058,12.277721887336762,12.340230941772461,823163,0.0,0.0
2006-07-03 00:00:00-04:00,12.371485499053746,12.394927024841309,12.267305131523461,12.394927024841309,218700,0.0,0.0
2006-07-05 00:00:00-04:00,12.384507489043324,12.384507489043324,11.931319786159053,11.975597381591797,1382063,0.0,0.0
2006-07-06 00:00:00-04:00,12.027688499431758,12.111032789788169,11.913089681039153,11.965179443359375,1287900,0.0,0.0
2006-07-07 00:00:00-04:00,11.996428985147572,12.019870501798268,11.73076852276374,11.777649879455566,1627425,0.0,0.0
2006-07-10 00:00:00-04:00,11.837558635915842,11.850580028880705,11.610964770055885,11.64482307434082,1684125,0.0,0.0
2006-07-11 00:00:00-04:00,11.603146808054728,11.637005938621437,11.368740021992254,11.457293510437012,2318288,0.0,0.0
2006-07-12 00:00:00-04:00,11.420834146364614,11.423438760162325,11.123918233086275,11.269771575927734,1904175,0.0,0.0
2006-07-13 00:00:00-04:00,11.225492409904378,11.303628297994043,11.061408470034468,11.142148971557617,1429313,0.0,0.0
2006-07-14 00:00:00-04:00,11.13433162448488,11.13433162448488,10.821789008866855,10.93899154663086,974363,0.0,0.0
2006-07-17 00:00:00-04:00,11.264560233372737,11.511990114648883,10.8869047164917,10.8869047164917,3648713,0.0,0.0
2006-07-18 00:00:00-04:00,10.938997451968755,11.043178659517784,10.72021825740399,10.920766830444336,1522463,0.0,0.0
2006-07-19 00:00:00-04:00,10.925977401297441,11.191638004248224,10.912954329600701,11.035367012023926,2275425,0.0,0.0
2006-07-20 00:00:00-04:00,11.264562210081705,11.386974865546447,10.853048324584961,10.853048324584961,1605488,0.0,0.0
2006-07-21 00:00:00-04:00,10.816584204770528,10.819188818448284,10.449346250782103,10.561341285705566,1276088,0.0,0.0
2006-07-24 00:00:00-04:00,10.621244008325249,10.84783783483384,10.597803325466082,10.8400239944458,1674675,0.0,0.0
2006-07-25 00:00:00-04:00,10.965039638801041,11.123915168557359,10.853045467878053,10.957225799560547,1298363,0.0,0.0
2006-07-26 00:00:00-04:00,10.962436045598466,11.02233963710086,10.811373502723892,10.972853660583496,1203188,0.0,0.0
2006-07-27 00:00:00-04:00,11.06922385420919,11.108291384550478,10.842629998636577,10.850443840026855,1216350,0.0,0.0
2006-07-28 00:00:00-04:00,10.936391407753595,11.139545406551035,10.936391407753595,11.08484935760498,817088,0.0,0.0
2006-07-31 00:00:00-04:00,11.084845661827895,11.136937079727629,11.001502243424422,11.048382759094238,528188,0.0,0.0
2006-08-01 00:00:00-04:00,11.043177776402713,11.058805459268408,10.858257740570846,10.89992904663086,585225,0.0,0.0
2006-08-02 00:00:00-04:00,10.92597475694893,11.121313240376386,10.915556302113053,11.082244873046875,724950,0.0,0.0
2006-08-03 00:00:00-04:00,10.99108787285874,11.222890115982786,10.965042573391369,11.131731986999512,793463,0.0,0.0
2006-08-04 00:00:00-04:00,11.25153980376878,11.327071086880153,10.928579438132948,11.030155181884766,914288,0.0,0.0
2006-08-07 00:00:00-04:00,10.978061545951306,11.040570581443854,10.751467759324212,10.769700050354004,1648350,0.0,0.0
2006-08-08 00:00:00-04:00,10.808772142949568,10.808772142949568,10.477997887696569,10.511857032775879,1315575,0.0,0.0
2006-08-09 00:00:00-04:00,10.574364838308343,10.660313747203737,10.459765175374326,10.464974403381348,788738,0.0,0.0
2006-08-10 00:00:00-04:00,10.589989329874012,10.764492561181434,10.311304914806051,10.683752059936523,1420538,0.0,0.0
2006-08-11 00:00:00-04:00,10.683757291420715,10.712408053119624,10.60562136533972,10.65771198272705,693225,0.0,0.0
2006-08-14 00:00:00-04:00,10.709796465627335,10.863462764737061,10.69937801361084,10.69937801361084,771525,0.0,0.0
2006-08-15 00:00:00-04:00,10.808765945801074,10.93899154663086,10.774907658439385,10.93899154663086,653738,0.0,0.0
2006-08-16 00:00:00-04:00,10.991092955328773,11.238522157226733,10.946815338945981,11.212477684020996,942975,0.0,0.0
2006-08-17 00:00:00-04:00,11.217681404944386,11.31665337981653,11.155172348022461,11.155172348022461,724613,0.0,0.0
2006-08-18 00:00:00-04:00,11.121311720673075,11.123916334026129,10.85304660496741,10.97024917602539,739463,0.0,0.0
2006-08-21 00:00:00-04:00,10.938999397085052,10.938999397085052,10.741056241171842,10.761892318725586,430988,0.0,0.0
2006-08-22 00:00:00-04:00,10.735844335702128,10.840025535803179,10.6915675771507,10.777517318725586,464063,0.0,0.0
2006-08-23 00:00:00-04:00,10.764497152418375,10.855656146242138,10.707198147555046,10.827005386352539,715838,0.0,0.0
2006-08-24 00:00:00-04:00,10.886909424716704,10.9077455018922,10.613434130389662,10.66031551361084,884250,0.0,0.0
2006-08-25 00:00:00-04:00,10.626455842958716,10.761890746423784,10.58217907983764,10.704591751098633,356738,0.0,0.0
2006-08-28 00:00:00-04:00,10.715004782504515,10.931180953979492,10.704587168861678,10.931180953979492,844425,0.0,0.0
2006-08-29 00:00:00-04:00,10.978063250097392,11.082243594915761,10.933786498761469,11.037967681884766,1292963,0.0,0.0
2006-08-30 00:00:00-04:00,11.045780789433575,11.15777497554864,11.00150487597918,11.142148971557617,1112738,0.0,0.0
2006-08-31 00:00:00-04:00,11.168195724487305,11.199450253807358,11.053596901387255,11.168195724487305,1078650,0.0,0.0
2006-09-01 00:00:00-04:00,11.19944566438887,11.342694344138362,11.1681911478766,11.217677116394043,881550,0.0,0.0
2006-09-05 00:00:00-04:00,11.217683272580883,11.366141259605929,11.071830738191876,11.35051441192627,855225,0.0,0.0
2006-09-06 00:00:00-04:00,11.329675813156825,11.386974800762067,11.074432886921572,11.097872734069824,869063,0.0,0.0
2006-09-07 00:00:00-04:00,11.069220238739549,11.15777288738072,10.912948491806345,11.090055465698242,860288,0.0,0.0
2006-09-08 00:00:00-04:00,11.11610335756818,11.243724382328798,11.11610335756818,11.199447631835938,771525,0.0,0.0
2006-09-11 00:00:00-04:00,11.121311873913248,11.26716519386453,11.08745273816191,11.196843147277832,699638,0.0,0.0
2006-09-12 00:00:00-04:00,11.17600910700493,11.235912710908833,11.092663978345717,11.22809886932373,1164713,0.0,0.0
2006-09-13 00:00:00-04:00,11.215055715424667,11.475870808439526,11.209839228880263,11.457613945007324,731363,0.017778,0.0
2006-09-14 00:00:00-04:00,11.423712040710354,11.423712040710354,11.235924342586365,11.329817771911621,1086750,0.0,0.0
2006-09-15 00:00:00-04:00,11.392412041259803,11.423710967392156,11.319383732037837,11.324600219726562,837338,0.0,0.0
2006-09-18 00:00:00-04:00,11.327209156505786,11.494131735916005,11.327209156505786,11.418495178222656,831263,0.0,0.0
2006-09-19 00:00:00-04:00,11.413280411887042,11.413280411887042,11.215060553475576,11.348076820373535,693900,0.0,0.0
2006-09-20 00:00:00-04:00,11.413279804163626,11.606283163503495,11.40806331564665,11.431536674499512,713813,0.0,0.0
2006-09-21 00:00:00-04:00,11.475872336819629,11.551508883367278,11.178542637868176,11.202016830444336,1056038,0.0,0.0
2006-09-22 00:00:00-04:00,11.202018461512845,11.202018461512845,11.050745346391443,11.188977241516113,608513,0.0,0.0
2006-09-25 00:00:00-04:00,11.215056409552643,11.295909437575464,11.09768881293223,11.269827842712402,814725,0.0,0.0
2006-09-26 00:00:00-04:00,11.241137295381353,11.47065516494491,11.207231809297229,11.452398300170898,911588,0.0,0.0
2006-09-27 00:00:00-04:00,11.413277824364148,11.455008046314179,11.243747013811202,11.31677532196045,1138050,0.0,0.0
2006-09-28 00:00:00-04:00,11.32720862972743,11.37676358455044,11.162895141436074,11.332425117492676,884588,0.0,0.0
2006-09-29 00:00:00-04:00,11.381979557105415,11.455007864092963,11.22027432001634,11.358506202697754,1245038,0.0,0.0
2006-10-02 00:00:00-04:00,11.358506383383865,11.499346512070261,11.256788232841451,11.31677532196045,798525,0.0,0.0
2006-10-03 00:00:00-04:00,11.290691601607012,11.31416495023166,11.063782005253302,11.251568794250488,1397250,0.0,0.0
2006-10-04 00:00:00-04:00,11.228096931785677,11.475870808439526,11.228096931785677,11.457613945007324,715500,0.0,0.0
2006-10-05 00:00:00-04:00,11.45761657106819,11.82275812076793,11.45761657106819,11.796675682067871,989888,0.0,0.0
2006-10-06 00:00:00-04:00,11.796671813873537,11.796671813873537,11.645400434803168,11.734076499938965,544050,0.0,0.0
2006-10-09 00:00:00-04:00,11.6975708371876,11.919264090946426,11.68452961312747,11.880141258239746,707738,0.0,0.0
2006-10-10 00:00:00-04:00,11.893179156654565,11.945341519887991,11.830582977616897,11.908827781677246,482625,0.0,0.0
2006-10-11 00:00:00-04:00,11.908824910410168,12.01054304721661,11.864487290114804,11.96359634399414,645975,0.0,0.0
2006-10-12 00:00:00-04:00,12.02880081013979,12.206155501931109,11.98967883435749,12.187898635864258,621338,0.0,0.0
2006-10-13 00:00:00-04:00,12.907753567684669,13.04076900709867,12.586950391048473,12.70953369140625,3514725,0.0,0.0
2006-10-16 00:00:00-04:00,12.70952981792588,12.845154300111759,12.673015243673506,12.712137222290039,1953450,0.0,0.0
2006-10-17 00:00:00-04:00,12.712134948053436,12.7251761649081,12.493050899627525,12.568687438964844,1292963,0.0,0.0
2006-10-18 00:00:00-04:00,12.623458143464081,12.740824891027348,12.459143857402312,12.524348258972168,1075950,0.0,0.0
2006-10-19 00:00:00-04:00,12.297442790934765,12.43306644719363,12.120088908053708,12.258320808410645,2260575,0.0,0.0
2006-10-20 00:00:00-04:00,12.213980371188788,12.216588614866922,11.947947910752575,12.088788032531738,2058750,0.0,0.0
2006-10-23 00:00:00-04:00,12.049669257191825,12.167036056518555,12.018371164213509,12.167036056518555,1190363,0.0,0.0
2006-10-24 00:00:00-04:00,12.167034783398565,12.305266683755502,12.125304556776372,12.258320808410645,1457325,0.0,0.0
2006-10-25 00:00:00-04:00,12.258322748199161,12.271363131279585,12.117482581457242,12.203551292419434,648000,0.0,0.0
2006-10-26 00:00:00-04:00,12.519136651437483,12.764303214991923,12.349606652339075,12.412202835083008,2257875,0.0,0.0
2006-10-27 00:00:00-04:00,12.412198083892706,12.414806327131437,12.20876182705734,12.247883796691895,1799888,0.0,0.0
2006-10-30 00:00:00-05:00,12.182679737143566,12.224409948314442,12.09139374593167,12.164422035217285,1534275,0.0,0.0
2006-10-31 00:00:00-05:00,12.211371710360565,12.247885441660413,12.104437081103425,12.174857139587402,1445175,0.0,0.0
2006-11-01 00:00:00-05:00,12.258318177391024,12.297440151518341,11.974029705400158,11.987070083618164,745200,0.0,0.0
2006-11-02 00:00:00-05:00,11.924476585064697,11.984463677220438,11.820150185434892,11.872312545776367,1543725,0.0,0.0
2006-11-03 00:00:00-05:00,11.924473468121104,12.054880594097755,11.838403959082234,12.026190757751465,1093163,0.0,0.0
2006-11-06 00:00:00-05:00,11.997502912091036,12.213979567878436,11.9505553684457,12.146167755126953,995288,0.0,0.0
2006-11-07 00:00:00-05:00,12.153998346159588,12.430462236581569,12.153998346159588,12.266149520874023,1116450,0.0,0.0
2006-11-08 00:00:00-05:00,12.200940057740658,12.323523322338216,12.161817239140257,12.253103256225586,1132313,0.0,0.0
2006-11-09 00:00:00-05:00,12.263534778380523,12.279183400282147,12.148775419524261,12.224411964416504,773888,0.0,0.0
2006-11-10 00:00:00-05:00,12.38612077396913,12.440892225687612,12.216591609125965,12.323525428771973,1140750,0.0,0.0
2006-11-13 00:00:00-05:00,12.320912935976835,12.331345909648988,12.140950855918277,12.242668151855469,691200,0.0,0.0
2006-11-14 00:00:00-05:00,12.255708398768984,12.7799476553568,12.200936970272473,12.406981468200684,616613,0.0,0.0
2006-11-15 00:00:00-05:00,12.391334388144198,12.566080840559204,12.391334388144198,12.500876426696777,473175,0.0,0.0
2006-11-16 00:00:00-05:00,12.553044296814223,12.597382774524505,12.41481237466485,12.495664596557617,395888,0.0,0.0
2006-11-17 00:00:00-05:00,12.545215677686674,12.64954122837671,12.346995872165577,12.49305248260498,533925,0.0,0.0
2006-11-20 00:00:00-05:00,12.466974387497524,12.56347607366754,12.39394606176147,12.534786224365234,623363,0.0,0.0
2006-11-21 00:00:00-05:00,12.547826005277862,12.618246078491211,12.45393173485324,12.618246078491211,506250,0.0,0.0
2006-11-22 00:00:00-05:00,12.618243245897789,12.800813578546766,12.550431432041693,12.735610008239746,1513350,0.0,0.0
2006-11-24 00:00:00-05:00,12.683446737003655,12.999033291318385,12.639108275892818,12.842544555664062,969638,0.0,0.0
2006-11-27 00:00:00-05:00,12.746046412514128,12.753871145782414,12.500879831510298,12.532177925109863,1643288,0.0,0.0
2006-11-28 00:00:00-05:00,12.511306515953494,12.5934640752609,12.323519727760935,12.43697452545166,1177650,0.0,1.5
2006-11-29 00:00:00-05:00,12.464358588583128,12.648233413696289,12.452621915479588,12.648233413696289,1320525,0.0,0.0
2006-11-30 00:00:00-05:00,12.648241814538348,12.83994149553667,12.55826115396229,12.757783889770508,1379475,0.0,0.0
2006-12-01 00:00:00-05:00,12.75777849261318,12.796901305374536,12.42523962098133,12.546518325805664,652725,0.0,0.0
2006-12-04 00:00:00-05:00,12.558259175958568,12.812554168540277,12.558259175958568,12.742134094238281,715950,0.0,0.0
2006-12-05 00:00:00-05:00,12.753869575147503,12.89862166620635,12.628678895113602,12.663888931274414,850500,0.0,0.0
2006-12-06 00:00:00-05:00,12.667802195994945,12.754031530025053,12.61684995130524,12.652125358581543,302175,0.026667,0.0
2006-12-07 00:00:00-05:00,12.648210139005624,12.718760980504152,12.401281352728406,12.522786140441895,654300,0.0,0.0
2006-12-08 00:00:00-05:00,12.522786140441895,12.628612402689686,12.44047682536028,12.522786140441895,373050,0.0,0.0
2006-12-11 00:00:00-05:00,12.522785377468805,12.659967841257536,12.440476067402033,12.471832275390625,526950,0.0,0.0
2006-12-12 00:00:00-05:00,12.471831978976903,12.483590451564126,12.318971835343012,12.373844146728516,412425,0.0,0.0
2006-12-13 00:00:00-05:00,12.43263914589495,12.561981521998353,12.350328984867001,12.389524459838867,504450,0.0,0.0
2006-12-14 00:00:00-05:00,12.43263599680691,12.640368429204647,12.401278951945972,12.561978340148926,813375,0.0,0.0
2006-12-15 00:00:00-05:00,12.577657644523391,12.60117458859892,12.405199774292107,12.420877456665039,654975,0.0,0.0
2006-12-18 00:00:00-05:00,12.44439489824355,12.648208982401052,12.26409860013403,12.303293228149414,849150,0.0,0.0
2006-12-19 00:00:00-05:00,12.291536955296142,12.44831632571929,12.20138837576083,12.385603904724121,556425,0.0,0.0
2006-12-20 00:00:00-05:00,12.362092445512582,12.518871874874959,12.275863044485478,12.322896957397461,639000,0.0,0.0
2006-12-21 00:00:00-05:00,12.326811162901578,12.397361998799735,12.197467122722655,12.21706485748291,717750,0.0,0.0
2006-12-22 00:00:00-05:00,12.209222117928524,12.283692984187242,12.036764287841889,12.228819847106934,932625,0.0,0.0
2006-12-26 00:00:00-05:00,12.209226797610935,12.440477062836797,12.209226797610935,12.385603904724121,442575,0.0,0.0
2006-12-27 00:00:00-05:00,12.456151949829415,12.581576763648451,12.436555058573365,12.499266624450684,538425,0.0,0.0
2006-12-28 00:00:00-05:00,12.503185949839757,12.542380571109192,12.436554336752783,12.483588218688965,437175,0.0,0.0
2006-12-29 00:00:00-05:00,12.483589622213028,12.542381981243253,12.428716473440739,12.479669570922852,671625,0.0,0.0
2007-01-03 00:00:00-05:00,12.577657688120821,12.683483936827512,12.366004349675173,12.45615291595459,1740375,0.0,0.0
2007-01-04 00:00:00-05:00,12.420874714411044,12.487506321591674,12.217061524431335,12.377760887145996,1346625,0.0,0.0
2007-01-05 00:00:00-05:00,12.032850201631835,12.34640979682997,12.025011779448766,12.146514892578125,625275,0.0,0.0
2007-01-08 00:00:00-05:00,12.123000116257794,12.244504083762273,12.068126949788423,12.166114807128906,751275,0.0,0.0
2007-01-09 00:00:00-05:00,12.130839380334136,12.248424136316702,12.072046161310338,12.166114807128906,742725,0.0,0.0
2007-01-10 00:00:00-05:00,12.107319038547582,12.158272138193379,12.021089680953427,12.12691593170166,532350,0.0,0.0
2007-01-11 00:00:00-05:00,12.189625378653849,12.34640554274891,12.189625378653849,12.307210922241211,670725,0.0,0.0
2007-01-12 00:00:00-05:00,12.252339823131848,12.416958434150581,12.252339823131848,12.369924545288086,500850,0.0,0.0
2007-01-16 00:00:00-05:00,12.424798135960291,12.601175225440535,12.424798135960291,12.530624389648438,901125,0.0,0.0
2007-01-17 00:00:00-05:00,12.50318761380981,12.632529965315515,12.487509090389763,12.54238224029541,457200,0.0,0.0
2007-01-18 00:00:00-05:00,12.581580271417456,12.644291854778887,12.475753160381865,12.48751163482666,1064700,0.0,0.0
2007-01-19 00:00:00-05:00,12.499266395613832,12.581576533304665,12.463990982760127,12.514944076538086,783675,0.0,0.0
2007-01-22 00:00:00-05:00,12.534543010155488,12.609013894007632,12.409119027640505,12.45615291595459,734625,0.0,0.0
2007-01-23 00:00:00-05:00,12.456155589192141,12.620775074652983,12.409121690784028,12.585498809814453,585900,0.0,0.0
2007-01-24 00:00:00-05:00,12.895133401038303,13.408586841369603,12.72659562123383,13.39291000366211,2659275,0.0,0.0
2007-01-25 00:00:00-05:00,13.392914638816709,13.565371687733727,13.287087537344764,13.436028480529785,1467225,0.0,0.0
2007-01-26 00:00:00-05:00,13.443864615331936,13.483060080627055,13.25572907321845,13.388992309570312,759825,0.0,0.0
2007-01-29 00:00:00-05:00,13.443866316928517,13.522256416408412,13.283166907356042,13.361557006835938,729000,0.0,0.0
2007-01-30 00:00:00-05:00,13.361556469280858,13.502658979080836,13.345878786428543,13.443865776062012,717075,0.0,0.0
2007-01-31 00:00:00-05:00,13.451702371785384,13.600643272974278,13.349796191895406,13.584964752197266,859275,0.0,0.0
2007-02-01 00:00:00-05:00,13.66335583892397,13.718229824651381,13.545771129600034,13.620241165161133,749025,0.0,0.0
2007-02-02 00:00:00-05:00,13.67119793042417,13.71823266492417,13.56145245934379,13.706473350524902,841500,0.0,0.0
2007-02-05 00:00:00-05:00,13.702553706791191,13.718232231473253,13.490901192874322,13.54577350616455,746100,0.0,0.0
2007-02-06 00:00:00-05:00,13.565370439614563,13.729989051818848,13.51049728853571,13.729989051818848,873900,0.0,0.0
2007-02-07 00:00:00-05:00,13.777022633981296,13.796620367722472,13.608484815110423,13.647680282592773,993825,0.0,0.0
2007-02-08 00:00:00-05:00,13.647680254906227,13.647680254906227,13.522255432042957,13.569290161132812,770175,0.0,0.0
2007-02-09 00:00:00-05:00,13.588885604827468,13.620240966167623,13.451703165609736,13.52225399017334,627075,0.0,0.0
2007-02-12 00:00:00-05:00,13.569291293187643,13.639842131159932,13.522256560173787,13.54577350616455,624825,0.0,0.0
2007-02-13 00:00:00-05:00,13.584971074838435,13.706475882765826,13.569294228829433,13.694717407226562,357975,0.0,0.0
2007-02-14 00:00:00-05:00,13.70647300109916,13.918125516307791,13.70647300109916,13.859333992004395,835875,0.0,0.0
2007-02-15 00:00:00-05:00,13.875010724166987,14.035710976180702,13.816219200332018,13.98083782196045,630900,0.0,0.0
2007-02-16 00:00:00-05:00,13.980838033242138,13.980838033242138,13.73782930777413,13.765265464782715,871425,0.0,0.0
2007-02-20 00:00:00-05:00,13.698633738710285,13.925964778696667,13.569291376004012,13.859333992004395,511650,0.0,0.0
2007-02-21 00:00:00-05:00,13.859330723467501,13.953397644787916,13.75350449082088,13.9259614944458,605475,0.0,0.0
2007-02-22 00:00:00-05:00,13.925965759520402,13.961241181206335,13.78094486182237,13.8162202835083,625275,0.0,0.0
2007-02-23 00:00:00-05:00,13.81621807308203,14.035709831022626,13.800539549708393,14.031789779663086,799650,0.0,0.0
2007-02-26 00:00:00-05:00,14.07098615805001,14.074905368631029,13.792702022022226,13.87501049041748,861075,0.0,0.0
2007-02-27 00:00:00-05:00,13.679038556925201,13.679038556925201,13.204779523150723,13.28316879272461,1190475,0.0,0.0
2007-02-28 00:00:00-05:00,13.287085277248103,13.534014017304267,13.020559645576595,13.388992309570312,1140525,0.0,0.0
2007-03-01 00:00:00-05:00,13.228292875618372,13.45170383112288,13.110708162194948,13.353716850280762,647325,0.0,0.0
2007-03-02 00:00:00-05:00,13.287093233185965,13.338046359340261,13.000969697544168,13.024487495422363,660375,0.0,0.0
2007-03-05 00:00:00-05:00,12.738358340089652,13.000964820371973,12.679566811063683,12.718761444091797,1100700,0.0,0.0
2007-03-06 00:00:00-05:00,12.746192557870412,13.055832811636654,12.738353297954788,13.020557403564453,674775,0.0,0.0
2007-03-07 00:00:00-05:00,13.012729016999625,13.087199099999399,12.875546488390096,13.024487495422363,442350,0.0,0.0
2007-03-08 00:00:00-05:00,13.122466029344144,13.228292266552705,13.07151209518524,13.130305290222168,591975,0.0,0.0
2007-03-09 00:00:00-05:00,13.208696467971947,13.267487985805285,13.063673914383116,13.236132621765137,544725,0.0,0.0
2007-03-12 00:00:00-04:00,13.208698275485158,13.455626216510865,13.200859012886255,13.436028480529785,496350,0.0,0.0
2007-03-13 00:00:00-04:00,13.385074793608995,13.50657873292536,13.318443166999467,13.361557006835938,1621125,0.0,0.0
2007-03-14 00:00:00-04:00,13.400823170114641,13.447939994907657,13.114195257613604,13.392970085144043,1205325,0.026667,0.0
2007-03-15 00:00:00-04:00,13.38904770017468,13.530398213998058,13.310519356100963,13.526472091674805,870075,0.0,0.0
2007-03-16 00:00:00-04:00,13.557878756901124,13.604994735503743,13.459718151228817,13.546098709106445,821925,0.0,0.0
2007-03-19 00:00:00-04:00,13.624629194034545,13.699231401023797,13.550027829560648,13.5892915725708,442350,0.0,0.0
2007-03-20 00:00:00-04:00,13.58929431298809,13.734571792201487,13.585368190649938,13.703160285949707,477900,0.0,0.0
2007-03-21 00:00:00-04:00,13.722787243464431,13.883770844310273,13.593216823607925,13.84450626373291,457650,0.0,0.0
2007-03-22 00:00:00-04:00,13.89554984357442,13.938739702046625,13.695302507640958,13.820947647094727,618075,0.0,0.0
2007-03-23 00:00:00-04:00,13.793461279377356,13.836651977254785,13.75419754472571,13.76205062866211,310500,0.0,0.0
2007-03-26 00:00:00-04:00,13.781683934081794,13.817021550630097,13.608921129825333,13.742420196533203,400500,0.0,0.0
2007-03-27 00:00:00-04:00,13.683521658312712,13.726712354111555,13.526465884749399,13.593214988708496,733050,0.0,0.0
2007-03-28 00:00:00-04:00,13.573583602905273,13.604995098660702,13.432233135778706,13.573583602905273,360900,0.0,0.0
2007-03-29 00:00:00-04:00,13.671744688774304,13.722786788298334,13.487203525224368,13.546098709106445,827100,0.0,0.0
2007-03-30 00:00:00-04:00,13.54609955540032,13.656039373220587,13.381190671185191,13.561805725097656,791325,0.0,0.0
2007-04-02 00:00:00-04:00,13.62070077504875,13.722786658159126,13.550025544042239,13.640332221984863,335475,0.0,0.0
2007-04-03 00:00:00-04:00,13.714934957998196,13.746347298302641,13.640333598578673,13.648186683654785,592875,0.0,0.0
2007-04-04 00:00:00-04:00,13.671743430520262,13.722785525346728,13.58928815863745,13.714932441711426,503325,0.0,0.0
2007-04-05 00:00:00-04:00,13.730642058425778,13.75420047273494,13.585365451024392,13.5892915725708,628425,0.0,0.0
2007-04-09 00:00:00-04:00,13.585363820262918,13.667818260447312,13.518614706894278,13.538246154785156,448200,0.0,0.0
2007-04-10 00:00:00-04:00,13.546101138623454,13.597144932332718,13.412603735684996,13.440088272094727,708525,0.0,0.0
2007-04-11 00:00:00-04:00,13.404748588095998,13.451866252932389,13.17701756104885,13.243765830993652,766350,0.0,0.0
2007-04-12 00:00:00-04:00,13.243764322091659,13.428305469329251,13.15738377184956,13.424379348754883,562050,0.0,0.0
2007-04-13 00:00:00-04:00,13.424381304818311,13.444013595581055,13.34192686313616,13.444013595581055,503775,0.0,0.0
2007-04-16 00:00:00-04:00,13.530393417684154,13.836652755737305,13.530393417684154,13.836652755737305,737550,0.0,0.0
2007-04-17 00:00:00-04:00,13.852357543473241,13.930885851880957,13.801313763876415,13.883769035339355,749250,0.0,0.0
2007-04-18 00:00:00-04:00,13.820947429496064,13.919108035420683,13.742419955774633,13.836652755737305,613125,0.0,0.0
2007-04-19 00:00:00-04:00,13.83665251075995,14.111501191464434,13.608920650460213,13.985856056213379,1535625,0.0,0.0
2007-04-20 00:00:00-04:00,14.103649301219287,14.244998931884766,13.903402797546548,14.244998931884766,840600,0.0,0.0
2007-04-23 00:00:00-04:00,14.24499956100467,14.331380971218067,14.186104370426904,14.292118072509766,616050,0.0,0.0
2007-04-24 00:00:00-04:00,14.327453786534289,14.358864440175905,14.241074067762217,14.307823181152344,671625,0.0,0.0
2007-04-25 00:00:00-04:00,14.370641865174964,14.398126392723082,14.2724821160616,14.374567985534668,1018350,0.0,0.0
2007-04-26 00:00:00-04:00,14.351009358377008,14.429536819458008,14.288186378494105,14.429536819458008,578475,0.0,0.0
2007-04-27 00:00:00-04:00,14.405977877427256,14.405977877427256,14.276405817331431,14.343154907226562,560925,0.0,0.0
2007-04-30 00:00:00-04:00,14.402055574873568,14.402055574873568,14.241074495720948,14.244998931884766,622800,0.0,0.0
2007-05-01 00:00:00-04:00,14.2724857806403,14.339234898984232,14.099723802728823,14.292118072509766,790425,0.0,0.0
2007-05-02 00:00:00-04:00,14.3235201765112,14.52769353100744,14.311741819440261,14.504135131835938,540225,0.0,0.0
2007-05-03 00:00:00-04:00,14.547328940949273,14.547328940949273,14.449169204120976,14.492358207702637,420075,0.0,0.0
2007-05-04 00:00:00-04:00,14.570888193867331,14.586592674255371,14.508065217224916,14.586592674255371,882000,0.0,0.0
2007-05-07 00:00:00-04:00,14.547333696222164,14.586596592769856,14.398129297243216,14.449173927307129,636750,0.0,0.0
2007-05-08 00:00:00-04:00,14.36672126344454,14.36672126344454,14.221444644149836,14.351015090942383,731025,0.0,0.0
2007-05-09 00:00:00-04:00,14.296041196299493,14.468802295471301,14.29211507575495,14.464876174926758,496125,0.0,0.0
2007-05-10 00:00:00-04:00,14.390273963427513,14.390273963427513,14.135057608059109,14.193954467773438,555300,0.0,0.0
2007-05-11 00:00:00-04:00,14.213588905031903,14.307824243011465,14.201810540928603,14.292118072509766,372150,0.0,0.0
2007-05-14 00:00:00-04:00,14.272485119555782,14.351012598365713,14.119354598091277,14.201809883117676,454725,0.0,0.0
2007-05-15 00:00:00-04:00,14.17824835262122,14.280334221124518,14.052603234638207,14.158616065979004,612450,0.0,0.0
2007-05-16 00:00:00-04:00,14.197882933805896,14.3392333984375,14.080090879946228,14.3392333984375,506700,0.0,0.0
2007-05-17 00:00:00-04:00,14.29211743077378,14.347086497515592,14.138986909092226,14.299969673156738,489600,0.0,0.0
2007-05-18 00:00:00-04:00,14.362791656914078,14.54340501423014,14.264631893910263,14.511994361877441,746775,0.0,0.0
2007-05-21 00:00:00-04:00,14.480587209348373,14.661202295347863,14.441322620644785,14.60230541229248,917775,0.0,0.0
2007-05-22 00:00:00-04:00,14.602299858986692,14.602299858986692,14.484507822703497,14.527698516845703,366525,0.0,0.0
2007-05-23 00:00:00-04:00,14.527699278440728,14.621932912407356,14.421685597713129,14.425613403320312,611775,0.0,0.0
2007-05-24 00:00:00-04:00,14.445243390183679,14.543403140541152,14.209659315313655,14.221439361572266,595125,0.0,0.0
2007-05-25 00:00:00-04:00,14.252852772515958,14.394203244836007,14.193957584897877,14.358864784240723,422550,0.0,0.0
2007-05-29 00:00:00-04:00,14.366710558857887,14.574810028076172,14.331372118316295,14.574810028076172,582525,0.0,0.0
2007-05-30 00:00:00-04:00,14.531625841628168,14.881075859069824,14.429538278368033,14.881075859069824,750150,0.0,0.0
2007-05-31 00:00:00-04:00,14.916407519002158,14.979232168739212,14.802543317700481,14.81824779510498,3524400,0.0,0.0
2007-06-01 00:00:00-04:00,14.881076097057948,15.002794265747069,14.782916337954799,15.00279426574707,746775,0.0,0.0
2007-06-04 00:00:00-04:00,14.99494084871191,15.073468312832258,14.912485579109845,15.057762145996094,488475,0.0,0.0
2007-06-05 00:00:00-04:00,15.045986201711017,15.09702914584057,14.885003442127454,14.967458724975586,412425,0.0,0.0
2007-06-06 00:00:00-04:00,14.92034267952675,14.92034267952675,14.810402858343044,14.865373611450195,545400,0.0,0.0
2007-06-07 00:00:00-04:00,14.826104375609264,14.91641019195683,14.716164588928223,14.716164588928223,1081800,0.0,0.0
2007-06-08 00:00:00-04:00,14.755430561361592,14.99886687817913,14.751504440933926,14.994940757751465,901125,0.0,0.0
2007-06-11 00:00:00-04:00,14.98709339284809,15.1127394117195,14.881081354770737,15.010653495788574,632025,0.0,0.0
2007-06-12 00:00:00-04:00,14.98316124829477,15.089174928791419,14.87322313226007,14.947824478149414,626625,0.0,0.0
2007-06-13 00:00:00-04:00,14.991082546657138,15.289960643827197,14.975351587535535,15.278162002563477,877500,0.026667,0.0
2007-06-14 00:00:00-04:00,15.278173122708237,15.573119116695434,15.278173122708237,15.466938018798828,1363500,0.0,0.0
2007-06-15 00:00:00-04:00,15.5534463440325,15.5534463440325,15.309624043421884,15.360749244689941,894375,0.0,0.0
2007-06-18 00:00:00-04:00,15.36075094738646,15.36075094738646,15.195580057995228,15.27030086517334,568125,0.0,0.0
2007-06-19 00:00:00-04:00,15.242767734823886,15.242767734823886,15.124788086254636,15.144453048706055,776925,0.0,0.0
2007-06-20 00:00:00-04:00,15.144455897173918,15.156252851635765,14.908498243344843,14.932095527648926,781650,0.0,0.0
2007-06-21 00:00:00-04:00,14.873106530137463,14.939959317901097,14.648947505832552,14.904566764831543,1371600,0.0,0.0
2007-06-22 00:00:00-04:00,14.896703630972652,14.912432906061435,14.672544584052883,14.711871147155762,881100,0.0,0.0
2007-06-25 00:00:00-04:00,14.711869551238777,14.798385617913361,14.574228283000235,14.58602523803711,1406025,0.0,0.0
2007-06-26 00:00:00-04:00,14.605690222802851,14.680409343164698,14.515240139531493,14.550634384155273,1327050,0.0,0.0
2007-06-27 00:00:00-04:00,14.436583737676521,14.912427903286718,14.357932325546953,14.900630950927734,1179450,0.0,0.0
2007-06-28 00:00:00-04:00,14.975350222907332,16.100075724584887,14.975350222907332,15.67142105102539,3949650,0.0,0.0
2007-06-29 00:00:00-04:00,15.695024300868583,15.785474398245958,15.518058113222592,15.604574203491211,1243125,0.0,0.0
2007-07-02 00:00:00-04:00,15.75007902560542,16.115811708467426,15.746146706467655,15.899518966674805,1181700,0.0,0.0
2007-07-03 00:00:00-04:00,15.927047202529556,16.005698649908297,15.832664790598807,15.907383918762207,455625,0.0,0.0
2007-07-05 00:00:00-04:00,15.966371333994191,15.966371333994191,15.840528686548602,15.930978775024414,1520550,0.0,0.0
2007-07-06 00:00:00-04:00,15.942776459778655,16.013563261146196,15.864123333132184,15.997832298278809,563400,0.0,0.0
2007-07-09 00:00:00-04:00,16.045020010747113,16.198392224209787,15.993896502156254,16.127605438232422,1036125,0.0,0.0
2007-07-10 00:00:00-04:00,16.107942021680724,16.16299784773521,15.852322793244765,15.8759183883667,1626525,0.0,0.0
2007-07-11 00:00:00-04:00,15.86018617300232,15.97029950408091,15.769736117583118,15.946703910827637,619200,0.0,0.0
2007-07-12 00:00:00-04:00,16.064683732581464,16.387157440185547,16.00569389878992,16.387157440185547,755325,0.0,0.0
2007-07-13 00:00:00-04:00,16.339959722706368,16.457937655483672,16.206250836328934,16.450071334838867,540000,0.0,0.0
2007-07-16 00:00:00-04:00,16.434343309318574,16.46580353120384,16.221981326601828,16.367488861083984,768825,0.0,0.0
2007-07-17 00:00:00-04:00,16.43828180732199,16.591652345334836,16.410753891859954,16.54839515686035,867600,0.0,0.0
2007-07-18 00:00:00-04:00,16.37929758824028,16.70570374286309,16.332108065327578,16.693906784057617,1370250,0.0,0.0
2007-07-19 00:00:00-04:00,16.7135647601718,17.000644252194974,16.10794385392409,16.395023345947266,2192175,0.0,0.0
2007-07-20 00:00:00-04:00,16.398959715574815,16.536601018061045,16.16300367922433,16.284914016723633,986175,0.0,0.0
2007-07-23 00:00:00-04:00,16.627055070531014,16.627055070531014,16.13547959652366,16.151208877563477,1517175,0.0,0.0
2007-07-24 00:00:00-04:00,16.025354228900433,16.04108518588921,15.781533677868534,15.82872486114502,1408950,0.0,0.0
2007-07-25 00:00:00-04:00,15.927042944033602,16.104010762932276,15.498389885741085,15.647828102111816,1648350,0.0,0.0
2007-07-26 00:00:00-04:00,15.46693396170936,15.632104890154386,15.077607309491382,15.246708869934082,1668150,0.0,0.0
2007-07-27 00:00:00-04:00,15.144458982074433,15.329289786791113,14.908501280181175,15.112997055053711,1408725,0.0,0.0
2007-07-30 00:00:00-04:00,15.140525869111647,15.541651116933036,15.057942103111385,15.447270393371582,1197225,0.0,0.0
2007-07-31 00:00:00-04:00,15.553437748915124,15.844451083961312,15.325346535333663,15.345009803771973,1536975,0.0,0.0
2007-08-01 00:00:00-04:00,15.325355212078787,15.482659760956935,15.140522746877279,15.39614200592041,1290825,0.0,0.0
2007-08-02 00:00:00-04:00,15.439399527184202,15.61636734008789,15.286028997845136,15.61636734008789,1200150,0.0,0.0
2007-08-03 00:00:00-04:00,15.636030623756977,15.742211660537532,15.32535552570922,15.337152481079102,1699200,0.0,0.0
2007-08-06 00:00:00-04:00,15.376478726349355,15.39614200592041,15.054004991840754,15.39614200592041,1373850,0.0,0.0
2007-08-07 00:00:00-04:00,15.388277894332118,15.612435238635383,15.187714461090973,15.494457244873047,1540800,0.0,0.0
2007-08-08 00:00:00-04:00,15.474798426643163,15.911316237977548,15.43153953989313,15.907383918762207,1611225,0.0,0.0
2007-08-09 00:00:00-04:00,15.691084294349182,16.041085866447236,15.419734135152181,15.525915145874023,1544625,0.0,0.0
2007-08-10 00:00:00-04:00,15.396142325094244,15.710751429372626,15.085467226963859,15.325355529785156,2077875,0.0,0.0
2007-08-13 00:00:00-04:00,15.541649597416177,16.245586981486035,15.494458396404044,15.651762962341309,1813500,0.0,0.0
2007-08-14 00:00:00-04:00,15.710748483471543,15.785467583227826,15.199510050648538,15.258498191833496,1298475,0.0,0.0
2007-08-15 00:00:00-04:00,15.25850324273869,15.411875498431236,14.790523525307593,14.8455810546875,679275,0.0,0.0
2007-08-16 00:00:00-04:00,14.688274383618214,15.124792111190935,14.306810802186773,14.888837814331055,1332675,0.0,0.0
2007-08-17 00:00:00-04:00,15.266363319501973,15.29782523765904,14.762991193579591,15.010744094848633,1211175,0.0,0.0
2007-08-20 00:00:00-04:00,15.116927148930072,15.533783275227503,15.081532908164116,15.39614200592041,973125,0.0,0.0
2007-08-21 00:00:00-04:00,15.415799751383263,15.561305605207608,15.152314262486026,15.352877616882324,1172025,0.0,0.0
2007-08-22 00:00:00-04:00,15.4158106713424,15.83659926302769,15.376484098460692,15.785475730895996,834300,0.0,0.0
2007-08-23 00:00:00-04:00,15.77366990235596,15.832658040819528,15.278160763274355,15.40400505065918,896175,0.0,0.0
2007-08-24 00:00:00-04:00,15.356819640916706,15.61637126069845,15.356819640916706,15.600640296936035,671625,0.0,0.0
2007-08-27 00:00:00-04:00,15.604566038646569,15.714679363189699,15.431532260955807,15.573105812072754,799875,0.0,0.0
2007-08-28 00:00:00-04:00,15.494466848555057,15.533793433414438,15.207387167079192,15.230982780456543,758250,0.0,0.0
2007-08-29 00:00:00-04:00,15.33714501133237,15.612427421507626,15.270292254748782,15.443325996398926,1605825,0.0,0.0
2007-08-30 00:00:00-04:00,15.3568233046028,15.632105953821299,15.325361369572077,15.561317443847656,764550,0.0,0.0
2007-08-31 00:00:00-04:00,15.730417351840595,15.797270152232016,15.600640694794782,15.726483345031738,974025,0.0,0.0
2007-09-04 00:00:00-04:00,15.710765004101518,15.927057895372155,15.710765004101518,15.81301212310791,814725,0.0,0.0
2007-09-05 00:00:00-04:00,15.730413430649415,15.78546925996208,15.573108891297275,15.754007339477539,1162800,0.0,0.0
2007-09-06 00:00:00-04:00,15.781536007878964,15.90344630139394,15.643894755052672,15.8759183883667,593100,0.0,0.0
2007-09-07 00:00:00-04:00,15.750081082533095,15.793339974079263,15.596710489986684,15.683226585388184,984600,0.0,0.0
2007-09-10 00:00:00-04:00,15.73041416983961,15.789402320062218,15.443332992301391,15.584906578063965,1030275,0.0,0.0
2007-09-11 00:00:00-04:00,15.620306095585427,15.836598865625431,15.580979523690576,15.683226585388184,1239075,0.0,0.0
2007-09-12 00:00:00-04:00,15.68322025245222,15.761990178629105,15.517800534084746,15.695034980773926,958275,0.026667,0.0
2007-09-13 00:00:00-04:00,15.765930088738143,15.951041040551644,15.62020494929483,15.868332862854004,1050750,0.0,0.0
2007-09-14 00:00:00-04:00,15.76199184554775,15.88802407880597,15.714729546796777,15.868332862854004,785475,0.0,0.0
2007-09-17 00:00:00-04:00,15.840766080245382,15.840766080245382,15.691100982719417,15.69897747039795,558225,0.0,0.0
2007-09-18 00:00:00-04:00,15.817126095681497,16.463045120239258,15.773802052542544,16.463045120239258,977850,0.0,0.0
2007-09-19 00:00:00-04:00,16.50243810232457,16.722994965822874,16.368527672575578,16.443359375,821475,0.0,0.0
2007-09-20 00:00:00-04:00,16.48667746038198,16.510308604698572,16.242489532521443,16.344890594482422,418500,0.0,0.0
2007-09-21 00:00:00-04:00,16.36064880789334,16.67967020353854,16.36064880789334,16.518190383911133,1238850,0.0,0.0
2007-09-24 00:00:00-04:00,16.60090069401981,16.61665366886951,16.466990266397232,16.52212905883789,997425,0.0,0.0
2007-09-25 00:00:00-04:00,16.514254274712233,16.648164716146486,16.411853166693994,16.632410049438477,1088550,0.0,0.0
2007-09-26 00:00:00-04:00,16.683607765332454,17.03019681696748,16.683607765332454,16.97899627685547,916650,0.0,0.0
2007-09-27 00:00:00-04:00,17.069581741708262,17.148351669311523,16.967180666800722,17.148351669311523,557775,0.0,0.0
2007-09-28 00:00:00-04:00,17.17197739390947,17.246809055036568,16.90809661404762,17.022314071655273,579150,0.0,0.0
2007-10-01 00:00:00-04:00,17.061703847253533,17.16804485699359,17.00262682313473,17.085336685180664,1128600,0.0,0.0
2007-10-02 00:00:00-04:00,17.105029733516645,17.36891231958534,17.089276760187065,17.34134292602539,884700,0.0,0.0
2007-10-03 00:00:00-04:00,17.294078975234058,17.471311739911194,17.23106201722975,17.361032485961914,1175175,0.0,0.0
2007-10-04 00:00:00-04:00,17.45162454733107,17.49101037025504,17.17592716733043,17.231067657470703,1241325,0.0,0.0
2007-10-05 00:00:00-04:00,17.329522130092133,17.613097551453222,17.254690454972064,17.546140670776367,938025,0.0,0.0
2007-10-08 00:00:00-04:00,17.546137585998494,17.743064880371094,17.48706058084944,17.743064880371094,613575,0.0,0.0
2007-10-09 00:00:00-04:00,17.743072329479464,17.865166322914604,17.69974827272402,17.853351593017578,907200,0.0,0.0
2007-10-10 00:00:00-04:00,17.644609341998983,17.644609341998983,17.17986283184725,17.40435791015625,1592550,0.0,0.0
2007-10-11 00:00:00-04:00,17.44768196655794,17.62491643543156,17.203493981681518,17.40435791015625,1018800,0.0,0.0
2007-10-12 00:00:00-04:00,17.435868197436935,17.723380254556357,17.357096566827103,17.65248680114746,931725,0.0,0.0
2007-10-15 00:00:00-04:00,17.644615980551745,17.699754787499238,17.274393930445964,17.50676727294922,882000,0.0,0.0
2007-10-16 00:00:00-04:00,17.506770442801898,17.58160217727537,17.171994225050938,17.242889404296875,1105875,0.0,0.0
2007-10-17 00:00:00-04:00,17.424055669413992,17.47525622660901,16.7387521333595,17.05777359008789,1936575,0.0,0.0
2007-10-18 00:00:00-04:00,17.32952090601697,17.80608199990682,17.32952090601697,17.727312088012695,1350675,0.0,0.0
2007-10-19 00:00:00-04:00,17.747012695277874,18.219635752346957,17.747012695277874,17.75882911682129,1729575,0.0,0.0
2007-10-22 00:00:00-04:00,17.64067493801553,18.117236281685734,17.51070274052355,18.030588150024414,1369575,0.0,0.0
2007-10-23 00:00:00-04:00,18.129050275658948,18.19600379726406,17.908491731928493,18.089664459228516,831150,0.0,0.0
2007-10-24 00:00:00-04:00,17.99907727477169,18.207819387960487,17.798211648416466,18.003015518188477,993825,0.0,0.0
2007-10-25 00:00:00-04:00,18.11723517997035,18.196005128360184,17.77458260851938,17.908493041992188,1115325,0.0,0.0
2007-10-26 00:00:00-04:00,18.14086834834801,18.34567226518849,17.99514316703663,18.278717041015625,686025,0.0,0.0
2007-10-29 00:00:00-04:00,18.388991751839715,18.45988689942192,18.077848526291955,18.223573684692383,598500,0.0,0.0
2007-10-30 00:00:00-04:00,18.207821030980682,18.28659097712409,17.95575483699505,17.967571258544922,855900,0.0,0.0
2007-10-31 00:00:00-04:00,18.006943906927745,18.511075973510742,17.91241935572247,18.511075973510742,1059525,0.0,0.0
2007-11-01 00:00:00-04:00,18.41263255159885,18.574110754593427,18.259029149179465,18.369308471679688,1485225,0.0,0.0
2007-11-02 00:00:00-04:00,18.68438077934684,18.68438077934684,18.23932715564358,18.35748291015625,1172925,0.0,0.0
2007-11-05 00:00:00-05:00,18.16449565313723,18.82616788546206,18.16449565313723,18.743459701538086,1915200,0.0,0.0
2007-11-06 00:00:00-05:00,18.672562247743,18.904933775785153,18.605607052110695,18.837980270385742,1059300,0.0,0.0
2007-11-07 00:00:00-05:00,18.708009811318313,18.78678143222698,18.416559546608763,18.46776008605957,918000,0.0,0.0
2007-11-08 00:00:00-05:00,18.6174363765646,18.664698705803062,17.71945212103386,18.526851654052734,2069550,0.0,0.0
2007-11-09 00:00:00-05:00,18.44807556570934,18.735587718097868,18.373243844020603,18.53866195678711,2066175,0.0,0.0
2007-11-12 00:00:00-05:00,18.48745641063755,18.704075027735037,17.999078693561383,18.176311492919922,2305350,0.0,0.0
2007-11-13 00:00:00-05:00,18.2629582951854,18.676504280839104,18.2511435648581,18.644996643066406,1175175,0.0,0.0
2007-11-14 00:00:00-05:00,18.708018411390693,18.826174206836846,18.428382747129156,18.475645065307617,918900,0.0,0.0
2007-11-15 00:00:00-05:00,18.475634680368632,18.503204068770668,17.817900840383928,17.93999481201172,1461825,0.0,0.0
2007-11-16 00:00:00-05:00,18.0030046420981,18.125098565424498,17.48705788106496,17.672168731689453,1968300,0.0,0.0
2007-11-19 00:00:00-05:00,17.57765975918037,17.585536248233907,17.061710850798512,17.097158432006836,2123100,0.0,0.0
2007-11-20 00:00:00-05:00,17.12078888037393,17.43981033710232,16.541826393306778,17.05777359008789,1681650,0.0,0.0
2007-11-21 00:00:00-05:00,16.947484975985798,17.057765909917027,16.770252227783203,16.770252227783203,1476225,0.0,0.0
2007-11-23 00:00:00-05:00,16.849027982161257,16.982938417985228,16.79782912053068,16.915983200073242,256275,0.0,0.0
2007-11-26 00:00:00-05:00,16.955368535247793,17.37679105043751,16.75844282132989,16.782073974609375,893025,0.0,0.0
2007-11-27 00:00:00-05:00,16.825400270294843,17.06565007881524,16.774198022866194,17.05777359008789,1079775,0.0,0.0
2007-11-28 00:00:00-05:00,17.13260462716748,17.510704842423316,17.093220490966836,17.37285614013672,1609875,0.0,0.0
2007-11-29 00:00:00-05:00,17.333460520976214,17.494940289846948,17.187735411825212,17.258628845214844,1038600,0.0,0.0
2007-11-30 00:00:00-05:00,17.424047668807653,17.617035075882605,17.23499850428805,17.32952308654785,1634175,0.0,0.0
2007-12-03 00:00:00-05:00,17.372847665566475,17.833654173036354,17.17986025259905,17.735191345214844,1947600,0.0,0.0
2007-12-04 00:00:00-05:00,17.573710829583575,17.936054459241674,17.565832655086382,17.857284545898438,1733625,0.0,0.0
2007-12-05 00:00:00-05:00,18.086027028435005,18.29899090496046,17.983490244715558,18.27138328552246,1477125,0.026667,0.0
2007-12-06 00:00:00-05:00,18.271386532366122,18.827455402442485,18.271386532366122,18.76435661315918,1432125,0.0,0.0
2007-12-07 00:00:00-05:00,18.764356476059397,18.866893277250565,18.638155513468277,18.748580932617188,811125,0.0,0.0
2007-12-10 00:00:00-05:00,18.811677233772183,19.107457183393752,18.768295768300856,18.894495010375977,983475,0.0,0.0
2007-12-11 00:00:00-05:00,18.977319465570673,18.977319465570673,18.129412320112735,18.263500213623047,1431450,0.0,0.0
2007-12-12 00:00:00-05:00,18.661819831477548,18.661819831477548,18.030820033419978,18.283220291137695,2132550,0.0,0.0
2007-12-13 00:00:00-05:00,18.239842052233307,18.42125492836726,18.12941660252476,18.373929977416992,1089675,0.0,0.0
2007-12-14 00:00:00-05:00,18.480410849215986,18.480410849215986,17.74687246123378,18.362096786499023,1578375,0.0,0.0
2007-12-17 00:00:00-05:00,18.310822342100533,18.6144909410903,18.239834943342135,18.251667022705078,1633050,0.0,0.0
2007-12-18 00:00:00-05:00,18.385749393740166,18.42913085496077,18.192506241459963,18.291099548339844,1328625,0.0,0.0
2007-12-19 00:00:00-05:00,18.28716449830095,18.508015367467017,18.23195262724619,18.239839553833008,691650,0.0,0.0
2007-12-20 00:00:00-05:00,18.338432484556726,18.369981879740628,18.054481158008304,18.19251251220703,1222425,0.0,0.0
2007-12-21 00:00:00-05:00,18.385754464232253,18.602660137681596,18.228004114235823,18.567167282104492,1661850,0.0,0.0
2007-12-24 00:00:00-05:00,18.56716435702814,18.839283540966765,18.55927743313645,18.788013458251953,274950,0.0,0.0
2007-12-26 00:00:00-05:00,18.732797730566684,18.803785108324643,18.649979969418695,18.756460189819336,424350,0.0,0.0
2007-12-27 00:00:00-05:00,18.75251995771952,18.82745080950997,18.338427695731102,18.3975830078125,402975,0.0,0.0
2007-12-28 00:00:00-05:00,18.50801159929533,18.60265977648763,18.31476670500068,18.464630126953125,739575,0.0,0.0
2007-12-31 00:00:00-05:00,18.476458568276335,18.51195311189879,18.377865246505287,18.472515106201172,1087650,0.0,0.0
2008-01-02 00:00:00-05:00,18.456744978006633,18.5159020039013,18.034763947701205,18.168851852416992,1224450,0.0,0.0
2008-01-03 00:00:00-05:00,18.267441135641555,18.508010956412658,18.141241877962226,18.330541610717773,1241550,0.0,0.0
2008-01-04 00:00:00-05:00,18.12151864543439,18.133350722207393,17.70742642288816,17.81785011291504,1380600,0.0,0.0
2008-01-07 00:00:00-05:00,17.861231217036003,18.007149441995978,17.53784369133309,17.754749298095703,2069550,0.0,0.0
2008-01-08 00:00:00-05:00,17.766594598379413,17.92828848158027,16.973900732008424,16.98573112487793,1482525,0.0,0.0
2008-01-09 00:00:00-05:00,16.930516170041244,17.163197445691335,16.567690441580638,16.902910232543945,2053350,0.0,0.0
2008-01-10 00:00:00-05:00,16.70176393619475,16.977826457738367,16.445420407971707,16.820077896118164,2805300,0.0,0.0
2008-01-11 00:00:00-05:00,16.650500719576357,16.887125327674383,16.421763034257364,16.532188415527344,1927350,0.0,0.0
2008-01-14 00:00:00-05:00,16.615001441019324,16.646552508077736,16.429646961294193,16.520353317260742,1608300,0.0,0.0
2008-01-15 00:00:00-05:00,16.30739704726334,16.528247848477527,16.236409652402994,16.319229125976562,1429875,0.0,0.0
2008-01-16 00:00:00-05:00,16.22063915111363,16.49275670799161,16.074720869203507,16.19303321838379,1505475,0.0,0.0
2008-01-17 00:00:00-05:00,16.228519112862106,16.457256787278386,15.526532244807044,15.55808162689209,1797300,0.0,0.0
2008-01-18 00:00:00-05:00,15.633004586051735,15.842021441514316,15.214967490183406,15.360885620117188,2243025,0.0,0.0
2008-01-22 00:00:00-05:00,14.690462361082387,15.664568681325525,14.627361883736075,15.420055389404297,2423250,0.0,0.0
2008-01-23 00:00:00-05:00,14.844268254068359,16.563743030221495,14.844268254068359,16.00373077392578,4936500,0.0,0.0
2008-01-24 00:00:00-05:00,16.34289040882628,17.3800953296755,16.34289040882628,17.111921310424805,3920400,0.0,0.0
2008-01-25 00:00:00-05:00,17.265727855651264,17.60883272022082,17.139526925660274,17.24995231628418,2927700,0.0,0.0
2008-01-28 00:00:00-05:00,17.218406789008526,17.47869565635845,17.056712958900263,17.435314178466797,2173950,0.0,0.0
2008-01-29 00:00:00-05:00,17.56545185102022,17.837571028833,17.22234697483434,17.39981460571289,2232000,0.0,0.0
2008-01-30 00:00:00-05:00,17.332771866175133,17.628553527901083,17.206572615723974,17.23417854309082,1644975,0.0,0.0
2008-01-31 00:00:00-05:00,16.950225870773426,17.431362012117226,16.88318194940347,17.368263244628906,2965725,0.0,0.0
2008-02-01 00:00:00-05:00,17.439252260267086,17.581227039118144,17.17107654967762,17.545732498168945,3290850,0.0,0.0
2008-02-04 00:00:00-05:00,17.87700373891655,17.87700373891655,17.320935162373303,17.340652465820312,1370025,0.0,0.0
2008-02-05 00:00:00-05:00,17.064604687248565,17.249961021579825,16.954179240897798,17.036998748779297,1683900,0.0,0.0
2008-02-06 00:00:00-05:00,17.123756209995832,17.246013712702776,16.79248163727806,16.83586311340332,1587375,0.0,0.0
2008-02-07 00:00:00-05:00,16.76881404156459,16.792476503810803,16.394158107254036,16.56768226623535,2132325,0.0,0.0
2008-02-08 00:00:00-05:00,16.54796794427427,16.895018017337044,16.492754394087605,16.788536071777344,1424925,0.0,0.0
2008-02-11 00:00:00-05:00,16.733326024850633,17.06460059192688,16.65444999961219,17.005443572998047,1065375,0.0,0.0
2008-02-12 00:00:00-05:00,17.060660167539837,17.194746387873053,16.918685327793895,17.05671501159668,1761525,0.0,0.0
2008-02-13 00:00:00-05:00,17.1474168353445,17.316999258773265,17.084316359360006,17.309110641479492,835650,0.0,0.0
2008-02-14 00:00:00-05:00,17.368268031057855,17.384041881040613,17.076429804225572,17.163192749023438,1255725,0.0,0.0
2008-02-15 00:00:00-05:00,17.060650636635167,17.096143480506836,16.705713735555236,16.839799880981445,823500,0.0,0.0
2008-02-19 00:00:00-05:00,16.981785251381883,17.143479111643227,16.579523178830563,16.603185653686523,1104075,0.0,0.0
2008-02-20 00:00:00-05:00,16.55584886842095,16.788529986909573,16.106262167561194,16.72542953491211,1937475,0.0,0.0
2008-02-21 00:00:00-05:00,16.855581244906666,16.895019256149883,16.749100984012497,16.863468170166016,1913400,0.0,0.0
2008-02-22 00:00:00-05:00,16.942331132424357,17.06458854675293,16.74908974591634,17.06458854675293,1606275,0.0,0.0
2008-02-25 00:00:00-05:00,17.02122227211368,17.313058880674443,16.934459305255675,17.265735626220703,1076175,0.0,0.0
2008-02-26 00:00:00-05:00,17.234182309690503,17.687712710483037,17.198687757837785,17.636445999145508,1222425,0.0,0.0
2008-02-27 00:00:00-05:00,17.526018628045037,18.00321318484519,17.526018628045037,17.644330978393555,1518975,0.0,0.0
2008-02-28 00:00:00-05:00,17.522071136220006,17.522071136220006,17.289388281958725,17.395870208740234,947700,0.0,0.0
2008-02-29 00:00:00-05:00,17.246011513636574,17.246011513636574,16.753041487780404,16.796422958374023,1175850,0.0,0.0
2008-03-03 00:00:00-05:00,16.796426437811856,17.17108251649321,16.68994616290894,17.167139053344727,1504125,0.0,0.0
2008-03-04 00:00:00-05:00,17.080369635440604,17.10797555677916,16.607118741528048,16.839799880981445,2069550,0.0,0.0
2008-03-05 00:00:00-05:00,16.879238199193107,17.242062029697557,16.8279681243361,16.91078758239746,1129725,0.0,0.0
2008-03-06 00:00:00-05:00,16.85557872418108,17.052765365961754,16.72149085998535,16.72149085998535,1212075,0.0,0.0
2008-03-07 00:00:00-05:00,16.563731309968972,16.721479842466305,16.382316943406128,16.453304290771484,1036800,0.0,0.0
2008-03-10 00:00:00-04:00,16.445427818407232,16.520360365285008,16.16936517246768,16.208803176879883,1406700,0.0,0.0
2008-03-11 00:00:00-04:00,16.551910144957212,16.753040248777825,16.256128489813218,16.72149085998535,1396350,0.0,0.0
2008-03-12 00:00:00-04:00,16.79247247287006,17.064591569617253,16.70965472112465,16.729372024536133,1182375,0.0,0.0
2008-03-13 00:00:00-04:00,16.516112284441185,16.978184713076946,16.385785249999095,16.879451751708984,1056600,0.026667,0.0
2008-03-14 00:00:00-04:00,17.04927250399027,17.128260228310523,16.409481089294555,16.559555053710938,1401300,0.0,0.0
2008-03-17 00:00:00-04:00,16.373943414688643,16.46872736931007,16.05799746424082,16.32655143737793,2203200,0.0,0.0
2008-03-18 00:00:00-04:00,16.63459457783752,16.974238115601118,16.44107767444786,16.91499900817871,1337625,0.0,0.0
2008-03-19 00:00:00-04:00,17.108511602360398,17.17565218495465,16.559555053710938,16.559555053710938,1471050,0.0,0.0
2008-03-20 00:00:00-04:00,16.520062733916088,16.72542846350425,16.350241822564623,16.721479415893555,1213425,0.0,0.0
2008-03-24 00:00:00-04:00,16.757029648924714,17.388923232319364,16.725433868088984,17.155912399291992,966150,0.0,0.0
2008-03-25 00:00:00-04:00,17.195399332771665,17.460005865842646,17.061123237265914,17.388917922973633,1027350,0.0,0.0
2008-03-26 00:00:00-04:00,17.34153592780815,17.34153592780815,17.076929242659062,17.227005004882812,717525,0.0,0.0
2008-03-27 00:00:00-04:00,17.266489249614494,17.266489249614494,16.891302559101263,16.974239349365234,1166625,0.0,0.0
2008-03-28 00:00:00-04:00,17.0097900257133,17.238851867750665,16.958448987466937,17.021638870239258,972000,0.0,0.0
2008-03-31 00:00:00-04:00,17.084819287612813,17.357322222282356,16.883402601230753,17.34152603149414,1392750,0.0,0.0
2008-04-01 00:00:00-04:00,17.507400515171014,17.902334156689715,17.357324816163832,17.882585525512695,954900,0.0,0.0
2008-04-02 00:00:00-04:00,17.922071938516844,18.178780308782624,17.779896090131672,18.005008697509766,1115100,0.0,0.0
2008-04-03 00:00:00-04:00,17.9181296520241,18.02871147411169,17.807549524806948,18.00896453857422,921150,0.0,0.0
2008-04-04 00:00:00-04:00,18.005013417359855,18.005013417359855,17.55478977945145,17.811494827270508,1078650,0.0,0.0
2008-04-07 00:00:00-04:00,17.811491585379997,18.048453046546086,17.708809584941644,17.724607467651367,733275,0.0,0.0
2008-04-08 00:00:00-04:00,17.566634341638675,17.8193919995147,17.463952337596854,17.787797927856445,584325,0.0,0.0
2008-04-09 00:00:00-04:00,17.775947871753008,17.80754363611289,17.412610140573445,17.53898811340332,854775,0.0,0.0
2008-04-10 00:00:00-04:00,17.574535025681893,17.752254018256085,17.40076338553725,17.6693172454834,1122525,0.0,0.0
2008-04-11 00:00:00-04:00,17.519244197550766,17.531093034941087,17.298082283343128,17.345474243164062,1192950,0.0,0.0
2008-04-14 00:00:00-04:00,17.309936774782273,17.58639055606267,17.29808962723243,17.48765754699707,1176300,0.0,0.0
2008-04-15 00:00:00-04:00,17.621935766159876,17.621935766159876,17.36522722529363,17.550846099853516,999000,0.0,0.0
2008-04-16 00:00:00-04:00,17.712754274728347,18.16692846079828,17.67721116596217,18.123485565185547,812700,0.0,0.0
2008-04-17 00:00:00-04:00,18.084002299135648,18.135345011643015,17.807550274582493,17.902334213256836,596475,0.0,0.0
2008-04-18 00:00:00-04:00,18.210386050397105,18.692205642037084,18.162994070555197,18.53028106689453,1440450,0.0,0.0
2008-04-21 00:00:00-04:00,19.047632844681353,20.054712595133463,19.047632844681353,19.628183364868164,3922425,0.0,0.0
2008-04-22 00:00:00-04:00,19.217460558538694,19.691380211188868,19.138474514720453,19.26485252380371,1961100,0.0,0.0
2008-04-23 00:00:00-04:00,19.316200366715172,19.410984330758254,19.13848128156988,19.193771362304688,1400175,0.0,0.0
2008-04-24 00:00:00-04:00,19.1345198117405,19.33593646986609,18.960749873356278,19.209558486938477,1081575,0.0,0.0
2008-04-25 00:00:00-04:00,19.233260625221728,19.403083280693448,19.07528850575929,19.367538452148438,1160325,0.0,0.0
2008-04-28 00:00:00-04:00,19.4702149947032,19.647933987101403,19.410974200657076,19.450468063354492,1397700,0.0,0.0
2008-04-29 00:00:00-04:00,19.450472811679017,19.497864780537395,19.221411063906704,19.256954193115234,708750,0.0,0.0
2008-04-30 00:00:00-04:00,19.335940169308667,19.454420080618316,19.102929394587964,19.162168502807617,1919925,0.0,0.0
2008-05-01 00:00:00-04:00,19.162168217902504,19.580799491466138,19.138473930863206,19.568950653076172,1071900,0.0,0.0
2008-05-02 00:00:00-04:00,19.746667850365252,19.746667850365252,19.22930534386704,19.3240909576416,1108125,0.0,0.0
2008-05-05 00:00:00-04:00,19.201660798693464,19.470216372244387,19.201660798693464,19.41492462158203,823725,0.0,0.0
2008-05-06 00:00:00-04:00,19.442569627814628,19.96783193673563,19.229305805163683,19.829605102539062,1687500,0.0,0.0
2008-05-07 00:00:00-04:00,19.821706531889706,19.900692566019988,19.27274825584325,19.3240909576416,991125,0.0,0.0
2008-05-08 00:00:00-04:00,19.37148339224306,19.58079988062005,19.30829523580848,19.55710220336914,874575,0.0,0.0
2008-05-09 00:00:00-04:00,19.462316582223934,19.53735526563212,19.22535677901442,19.41492462158203,673650,0.0,0.0
2008-05-12 00:00:00-04:00,19.474171246596253,19.841459898900847,19.414930430633603,19.837509155273438,832500,0.0,0.0
2008-05-13 00:00:00-04:00,19.904646596918596,19.995481491088867,19.64793980313714,19.995481491088867,1158525,0.0,0.0
2008-05-14 00:00:00-04:00,20.023116804556636,20.339064256536705,20.023116804556636,20.13764762878418,1315125,0.0,0.0
2008-05-15 00:00:00-04:00,20.192943698800427,20.80904090563669,20.192943698800427,20.805091857910156,1917675,0.0,0.0
2008-05-16 00:00:00-04:00,20.891974863089835,20.97886068785759,20.61552289360456,20.92357063293457,1695150,0.0,0.0
2008-05-19 00:00:00-04:00,20.891971488178303,20.891971488178303,19.9875753487208,20.129751205444336,2380725,0.0,0.0
2008-05-20 00:00:00-04:00,20.02312624226065,20.07051821290842,19.43862640085181,19.667686462402344,2333250,0.0,0.0
2008-05-21 00:00:00-04:00,19.663733038808797,19.845401089290377,19.39912821071178,19.48206329345703,1176975,0.0,0.0
2008-05-22 00:00:00-04:00,19.482066721664687,19.695330579655902,19.41097876900095,19.64398956298828,979875,0.0,0.0
2008-05-23 00:00:00-04:00,19.541307310779768,19.592648326872343,19.28854958362734,19.41887664794922,1162575,0.0,0.0
2008-05-27 00:00:00-04:00,19.462316277399594,19.509709932169407,19.17796451800177,19.454418182373047,1563300,0.0,0.0
2008-05-28 00:00:00-04:00,19.47021719280138,19.98363068634948,19.446519516611502,19.975730895996094,1970100,0.0,0.0
2008-05-29 00:00:00-04:00,19.98757973409103,20.094210802594095,19.734822035058535,19.975730895996094,1644300,0.0,0.0
2008-05-30 00:00:00-04:00,19.975728594451382,20.27587822154072,19.83750177020142,20.260080337524414,1282500,0.0,0.0
2008-06-02 00:00:00-04:00,20.236392679488482,20.319329486087433,19.928344831166665,20.125812530517578,1086975,0.0,0.0
2008-06-03 00:00:00-04:00,20.216634423761697,20.335114299104568,19.991523508045155,20.18109130859375,1029600,0.0,0.0
2008-06-04 00:00:00-04:00,20.149505459256,20.331173545638922,20.019176695781876,20.24428939819336,1218150,0.0,0.0
2008-06-05 00:00:00-04:00,20.291677350342237,20.951215744018555,20.291677350342237,20.951215744018555,1260900,0.0,0.0
2008-06-06 00:00:00-04:00,20.832735338651315,20.832735338651315,20.200841987868994,20.228487014770508,1120050,0.0,0.0
2008-06-09 00:00:00-04:00,20.24823807399746,20.32327507513066,19.82565940486416,20.038923263549805,1205100,0.0,0.0
2008-06-10 00:00:00-04:00,19.884898883997113,20.37066741848633,19.821710721285886,20.24428939819336,1678500,0.0,0.0
2008-06-11 00:00:00-04:00,20.27193207320982,20.33907097129261,20.058668235407584,20.236387252807617,1677150,0.0,0.0
2008-06-12 00:00:00-04:00,20.323373849062392,20.5843352118618,19.829128560950956,19.912160873413086,1884825,0.026667,0.0
2008-06-13 00:00:00-04:00,20.13358487535872,20.41036265918317,20.02682709990802,20.390592575073242,1467675,0.0,0.0
2008-06-16 00:00:00-04:00,20.165223599764975,20.513171073408326,20.165223599764975,20.39455223083496,953775,0.0,0.0
2008-06-17 00:00:00-04:00,20.4222211516198,20.509207128057284,20.141488051728135,20.20475196838379,1064925,0.0,0.0
2008-06-18 00:00:00-04:00,20.066370034209218,20.26011383085035,19.955658566046782,20.145448684692383,1095750,0.0,0.0
2008-06-19 00:00:00-04:00,20.145449356491145,20.35105758769039,20.05846334711616,20.283838272094727,751275,0.0,0.0
2008-06-20 00:00:00-04:00,20.382686535665396,20.67132537047011,20.141493530186466,20.279882431030273,2178225,0.0,0.0
2008-06-23 00:00:00-04:00,20.414322668250257,20.414322668250257,20.070327170502832,20.113821029663086,1335375,0.0,0.0
2008-06-24 00:00:00-04:00,20.06242076803782,20.06242076803782,19.678886768410095,19.868675231933594,2435175,0.0,0.0
2008-06-25 00:00:00-04:00,19.86866466737802,20.14148872628934,19.742138526686137,19.85284996032715,2536200,0.0,0.0
2008-06-26 00:00:00-04:00,19.789580533544182,19.789580533544182,18.741781821349207,18.828767776489258,1975500,0.0,0.0
2008-06-27 00:00:00-04:00,18.86436301397616,19.06996951563183,18.559907787420148,18.662710189819336,2314575,0.0,0.0
2008-06-30 00:00:00-04:00,18.662710912438385,19.002752643365,18.449197047517778,18.67061996459961,1738575,0.0,0.0
2008-07-01 00:00:00-04:00,18.52827572732956,18.884132136969132,18.30685283009347,18.805051803588867,1751400,0.0,0.0
2008-07-02 00:00:00-04:00,18.848547272625737,18.971119763704227,18.22382039060325,18.283130645751953,1640025,0.0,0.0
2008-07-03 00:00:00-04:00,18.314761990138535,18.45710626488372,18.07752436032552,18.208005905151367,1027125,0.0,0.0
2008-07-07 00:00:00-04:00,18.342438214897815,18.642939730560656,18.073567812567916,18.27126693725586,1484550,0.0,0.0
2008-07-08 00:00:00-04:00,18.346388270496174,18.78923225402832,18.20009206703073,18.78923225402832,1327275,0.0,0.0
2008-07-09 00:00:00-04:00,18.864354355274344,19.16485406954543,18.29102895966447,18.417556762695312,1661850,0.0,0.0
2008-07-10 00:00:00-04:00,18.465018172405852,18.579681641035442,18.219871429925238,18.50455665588379,1511775,0.0,0.0
2008-07-11 00:00:00-04:00,18.28313252923364,18.816918093131758,18.093342408177868,18.646896362304688,2090475,0.0,0.0
2008-07-14 00:00:00-04:00,18.81691529477512,18.880177527813984,18.247543319424405,18.60735511779785,1732050,0.0,0.0
2008-07-15 00:00:00-04:00,18.461059804125956,18.82087165376412,18.20010008615979,18.54014015197754,1553175,0.0,0.0
2008-07-16 00:00:00-04:00,18.555949913479264,18.91180626075769,18.235678352500226,18.88808250427246,1085400,0.0,0.0
2008-07-17 00:00:00-04:00,18.959256805503575,19.781681060791016,18.959256805503575,19.781681060791016,1914075,0.0,0.0
2008-07-18 00:00:00-04:00,19.825182856122957,20.0149730144802,19.275582472023082,19.888446807861328,2733750,0.0,0.0
2008-07-21 00:00:00-04:00,20.722725423928313,20.758310218161494,19.57212212943399,19.72237205505371,3474675,0.0,0.0
2008-07-22 00:00:00-04:00,19.678880674008795,20.15730960566137,19.61166136669017,19.963565826416016,3584250,0.0,0.0
2008-07-23 00:00:00-04:00,19.939842927210076,20.022875251829216,19.57607741880975,19.639341354370117,2726550,0.0,0.0
2008-07-24 00:00:00-04:00,19.738185819150353,20.157306120004673,19.129275449510242,19.16881561279297,2284650,0.0,0.0
2008-07-25 00:00:00-04:00,19.319073233748632,19.48909498565166,19.18859335777722,19.326980590820312,1728675,0.0,0.0
2008-07-28 00:00:00-04:00,19.31116828189972,19.43374081606597,18.979033790655443,19.097654342651367,1195425,0.0,0.0
2008-07-29 00:00:00-04:00,19.113461492075047,19.330930721117312,19.06206029134043,19.25580406188965,1407150,0.0,0.0
2008-07-30 00:00:00-04:00,19.38628984535145,19.417922665698963,18.832734154704127,19.156959533691406,2423025,0.0,0.0
2008-07-31 00:00:00-04:00,19.022518530795914,19.153000057299874,18.91971613793132,18.923669815063477,1895625,0.0,0.0
2008-08-01 00:00:00-04:00,18.809005798449707,18.975073822609204,18.437332976487475,18.757604598999023,1530900,0.0,0.0
2008-08-04 00:00:00-04:00,18.785288878877623,18.785288878877623,18.283134385227257,18.334535598754883,1247625,0.0,0.0
2008-08-05 00:00:00-04:00,18.476873888674508,18.872270487618923,18.468966533627103,18.844593048095703,1338525,0.0,0.0
2008-08-06 00:00:00-04:00,18.84458413705128,18.99088031739298,18.73387273445323,18.880168914794922,2380050,0.0,0.0
2008-08-07 00:00:00-04:00,18.718067000353052,18.733881710546967,18.275221177777066,18.302900314331055,2079675,0.0,0.0
2008-08-08 00:00:00-04:00,18.32267456268556,18.828781037905202,18.267317973855338,18.801103591918945,1443825,0.0,0.0
2008-08-11 00:00:00-04:00,18.615264085754763,18.769469397970838,18.378026449158824,18.733882904052734,1620225,0.0,0.0
2008-08-12 00:00:00-04:00,18.60340298618339,18.781330364568763,18.322671501067155,18.421520233154297,1213200,0.0,0.0
2008-08-13 00:00:00-04:00,18.342443434483073,18.58363477231659,18.275224117915343,18.552001953125,1777050,0.0,0.0
2008-08-14 00:00:00-04:00,18.48478474457911,18.935536266560508,18.413613451634678,18.89599609375,997650,0.0,0.0
2008-08-15 00:00:00-04:00,18.97902292835466,19.275572441761767,18.97902292835466,19.10555076599121,2371500,0.0,0.0
2008-08-18 00:00:00-04:00,19.164868288077898,19.37443022337654,18.963217103729562,19.1490535736084,1463850,0.0,0.0
2008-08-19 00:00:00-04:00,19.101593709941007,19.236028877325396,18.828769699106218,18.90389633178711,1381050,0.0,0.0
2008-08-20 00:00:00-04:00,18.979024157429595,19.295342075148632,18.895991849406883,19.121368408203125,1232100,0.0,0.0
2008-08-21 00:00:00-04:00,19.018565178753356,19.374423276444336,19.006704147154146,19.236034393310547,1126800,0.0,0.0
2008-08-22 00:00:00-04:00,19.374424431204883,19.449549393049004,19.23998921725818,19.433732986450195,775350,0.0,0.0
2008-08-25 00:00:00-04:00,19.3190730439938,19.3190730439938,18.927631723066618,18.95926284790039,1327050,0.0,0.0
2008-08-26 00:00:00-04:00,19.022524436487902,19.06206461379929,18.8801818343961,19.054157257080078,1096650,0.0,0.0
2008-08-27 00:00:00-04:00,19.062055129020376,19.29138532834547,18.97506915781799,19.13322639465332,802575,0.0,0.0
2008-08-28 00:00:00-04:00,19.263718171946444,19.603759975918912,19.12532924325671,19.583988189697266,1282950,0.0,0.0
2008-08-29 00:00:00-04:00,19.544439971917896,19.544439971917896,19.12927339266067,19.192537307739258,751050,0.0,0.0
2008-09-02 00:00:00-04:00,19.41000757512141,19.678877980160706,18.88413119005502,18.9473934173584,1439325,0.0,0.0
2008-09-03 00:00:00-04:00,18.919719703098597,19.192543838913025,18.911812347344252,19.073925018310547,1605825,0.0,0.0
2008-09-04 00:00:00-04:00,18.979031603910116,18.9988033904893,17.970772299836952,17.978679656982422,2205900,0.0,0.0
2008-09-05 00:00:00-04:00,17.87586955418463,17.93517980352245,17.4883820338634,17.820514678955078,1665675,0.0,0.0
2008-09-08 00:00:00-04:00,18.326622408478507,18.38197728283371,17.745389440320192,18.022167205810547,1264950,0.0,0.0
2008-09-09 00:00:00-04:00,17.927267988551147,18.053794113390907,17.314402351975676,17.322311401367188,2064600,0.0,0.0
2008-09-10 00:00:00-04:00,17.43698477775731,17.773071176077064,17.365813480576975,17.66631507873535,1486800,0.0,0.0
2008-09-11 00:00:00-04:00,17.48838501419905,17.614911192082012,17.085081019286037,17.500246047973633,1852650,0.0,0.0
2008-09-12 00:00:00-04:00,17.448773706968545,17.741765096108548,17.294360772788387,17.714048385620117,1502325,0.026667,0.0
2008-09-15 00:00:00-04:00,17.38542425901216,17.436895233116548,16.83903536699766,16.88654899597168,2223000,0.0,0.0
2008-09-16 00:00:00-04:00,16.55396730423649,17.084518432617188,16.28473354449472,17.084518432617188,3371175,0.0,0.0
2008-09-17 00:00:00-04:00,16.799447162093575,16.91426796924575,16.43518781538171,16.44310760498047,2232000,0.0,0.0
2008-09-18 00:00:00-04:00,16.633160411067575,16.989501811767624,15.421605425837264,16.91823387145996,2535525,0.0,0.0
2008-09-19 00:00:00-04:00,19.242349048186984,19.836248133292575,17.08055298008157,17.500242233276367,4145175,0.0,0.0
2008-09-22 00:00:00-04:00,17.369591851115494,17.468574786195827,16.70442292515397,16.755895614624023,1209825,0.0,0.0
2008-09-23 00:00:00-04:00,16.755889478900837,16.997408159855475,16.316403301116704,16.415386199951172,1438650,0.0,0.0
2008-09-24 00:00:00-04:00,16.415387862785526,16.550005570366725,16.08676338197072,16.320363998413086,1314900,0.0,0.0
2008-09-25 00:00:00-04:00,16.411432210016383,16.692544816741982,16.348082387622128,16.387676239013672,1334475,0.0,0.0
2008-09-26 00:00:00-04:00,16.114479809480027,16.15803270100707,15.837327980131255,16.13031768798828,1662525,0.0,0.0
2008-09-29 00:00:00-04:00,15.880880101046623,15.880880101046623,14.982110699421028,15.207793235778809,2587500,0.0,0.0
2008-09-30 00:00:00-04:00,15.382009420572672,16.356006168515165,14.942523000200497,16.142202377319336,3148200,0.0,0.0
2008-10-01 00:00:00-04:00,16.070922919025122,16.328279432941628,15.9442233342033,16.09467887878418,2130975,0.0,0.0
2008-10-02 00:00:00-04:00,15.983813282116387,16.007569236101748,14.99398129967302,15.041491508483887,1159200,0.0,0.0
2008-10-03 00:00:00-04:00,15.283027720988464,15.484952690770594,14.776232374910965,14.780191421508789,2389050,0.0,0.0
2008-10-06 00:00:00-04:00,14.36841434752376,14.36841434752376,13.117265356783802,13.786393165588379,3539475,0.0,0.0
2008-10-07 00:00:00-04:00,14.027910711912238,14.083341579260566,12.947012621731226,12.974727630615234,2294775,0.0,0.0
2008-10-08 00:00:00-04:00,12.578793323704437,14.008111735604382,12.456053624702905,13.370659828186035,3768750,0.0,0.0
2008-10-09 00:00:00-04:00,13.521118224703482,13.738880978202124,12.523366734279204,12.867827415466309,2460825,0.0,0.0
2008-10-10 00:00:00-04:00,12.210577702258018,13.631977384033059,11.767132463202216,13.196450233459473,3599775,0.0,0.0
2008-10-13 00:00:00-04:00,13.730963752352976,15.263225555419922,13.63594071952073,15.263225555419922,3847500,0.0,0.0
2008-10-14 00:00:00-04:00,15.892757964409553,15.960066823941682,14.28922926676123,14.62181282043457,3136275,0.0,0.0
2008-10-15 00:00:00-04:00,14.265469199004032,14.760387100567723,13.188531875610352,13.188531875610352,1731150,0.0,0.0
2008-10-16 00:00:00-04:00,13.172697372401787,13.730962636196796,12.519407384337814,13.683450698852539,3352950,0.0,0.0
2008-10-17 00:00:00-04:00,13.216247709904083,14.340697809116925,13.093507995772107,13.631977081298828,2781000,0.0,0.0
2008-10-20 00:00:00-04:00,13.556750443924381,14.023950797936633,13.536953523561213,13.651773452758789,3003075,0.0,0.0
2008-10-21 00:00:00-04:00,13.81410791881803,14.142732400641226,13.679490210823754,13.960602760314941,4346775,0.0,0.0
2008-10-22 00:00:00-04:00,13.63197540084968,13.798267128908364,13.097465425366583,13.370659828186035,2688975,0.0,0.0
2008-10-23 00:00:00-04:00,13.461725755270667,13.60426154309753,12.527323346743028,12.974727630615234,1818675,0.0,0.0
2008-10-24 00:00:00-04:00,11.834439145914253,12.400624038805898,11.521652596594903,12.095755577087402,2803725,0.0,0.0
2008-10-27 00:00:00-04:00,11.877994330244457,12.178903806535764,11.216786310813724,11.228663444519043,3940650,0.0,0.0
2008-10-28 00:00:00-04:00,11.244494904550912,11.85819149017334,10.880236675150327,11.85819149017334,2701575,0.0,0.0
2008-10-29 00:00:00-04:00,11.901752833242945,12.531286931127768,11.620640219045637,12.056166648864746,2103075,0.0,0.0
2008-10-30 00:00:00-04:00,12.396664473485439,13.204367146247684,12.396664473485439,12.939091682434082,2368575,0.0,0.0
2008-10-31 00:00:00-04:00,13.022246667781278,13.271684416354594,12.685703107287278,13.164782524108887,3684375,0.0,0.0
2008-11-03 00:00:00-05:00,13.109349700949158,13.295437574211856,12.871789141177484,13.08955192565918,1722600,0.0,0.0
2008-11-04 00:00:00-05:00,13.398378152280413,13.572588860408061,13.172696465433857,13.548832893371582,1793925,0.0,0.0
2008-11-05 00:00:00-05:00,13.34294957298228,13.481525495972463,12.713414679222138,12.768845558166504,1238400,0.0,0.0
2008-11-06 00:00:00-05:00,12.642142032457771,12.978685375490322,11.96509715238216,11.992812156677246,1676025,0.0,0.0
2008-11-07 00:00:00-05:00,12.083882493225882,12.349158094355879,11.885916615774963,12.218501091003418,1409400,0.0,0.0
2008-11-10 00:00:00-05:00,12.52732906447493,12.725295810006239,12.036372521070897,12.190786361694336,1163250,0.0,0.0
2008-11-11 00:00:00-05:00,12.060123121357393,12.325398629043868,11.691904815943309,11.97697639465332,1887075,0.0,0.0
2008-11-12 00:00:00-05:00,11.715661397778518,11.818605050507427,11.375159782775519,11.577085494995117,2312550,0.0,0.0
2008-11-13 00:00:00-05:00,11.640436263035483,12.570878981240481,11.343485790534347,12.424384117126465,5345550,0.0,0.0
2008-11-14 00:00:00-05:00,12.22641735590536,12.756967629327564,11.77505393138243,11.798809051513672,3375675,0.0,0.0
2008-11-17 00:00:00-05:00,11.66814417659436,12.440212670081099,11.584997489254333,12.040321350097656,2700000,0.0,0.0
2008-11-18 00:00:00-05:00,12.182862933895159,12.764884078262023,12.056163320715,12.566917419433594,3811500,0.0,0.0
2008-11-19 00:00:00-05:00,12.5669156847392,12.745086247796955,11.588961357708973,11.628554344177246,2859075,0.0,0.0
2008-11-20 00:00:00-05:00,11.54145060342135,11.814644191765158,11.09800537189671,11.220745086669922,3720375,0.0,0.0
2008-11-21 00:00:00-05:00,11.434551021552664,12.060125152260861,11.07821148815821,11.877995491027832,4976775,0.0,0.0
2008-11-24 00:00:00-05:00,12.056157796197272,12.77675620608112,11.99676876030106,12.555033683776855,5125500,0.0,0.0
2008-11-25 00:00:00-05:00,12.582754456132971,13.085589617026033,12.372910664182632,12.800518035888672,8951175,0.0,0.0
2008-11-26 00:00:00-05:00,12.55504095667102,13.671573149568141,12.440220161710338,13.517158508300781,2596725,0.0,0.0
2008-11-28 00:00:00-05:00,13.441929194687413,13.82994270324707,13.382538435676546,13.82994270324707,1150650,0.0,0.0
2008-12-01 00:00:00-05:00,13.117268124774561,13.469648653702798,12.174947350692442,12.266012191772461,2367000,0.0,0.0
2008-12-02 00:00:00-05:00,12.54316288087986,13.034120114677632,12.412505058101173,12.756966590881348,3773025,0.0,0.0
2008-12-03 00:00:00-05:00,12.388063395249965,13.02670567266317,12.20162749849263,12.967204093933105,3633525,0.026667,0.0
2008-12-04 00:00:00-05:00,12.78076428580563,13.098102537253613,11.73751738022451,12.031054496765137,3413700,0.0,0.0
2008-12-05 00:00:00-05:00,11.884288461224216,12.439629648090518,11.562984574007764,12.427728652954102,3085200,0.0,0.0
2008-12-08 00:00:00-05:00,12.927534924152527,12.959269776846627,12.45549643921954,12.590364456176758,3717900,0.0,0.0
2008-12-09 00:00:00-05:00,12.447563687494558,12.749033746223157,12.062792613088863,12.181793212890625,2180250,0.0,0.0
2008-12-10 00:00:00-05:00,12.102458558733096,12.534830180623677,11.999322840855713,12.122291564941406,3282975,0.0,0.0
2008-12-11 00:00:00-05:00,12.054856748923347,12.32062632495304,11.328946325181853,11.551082611083984,3415500,0.0,0.0
2008-12-12 00:00:00-05:00,11.265476784181095,11.685948980626867,10.888638719749743,11.412245750427246,2779200,0.0,0.0
2008-12-15 00:00:00-05:00,11.555048753242259,11.598682890231796,11.007641379263069,11.154410362243652,2654775,0.0,0.0
2008-12-16 00:00:00-05:00,11.265480803176025,11.935856188092975,11.1068116398807,11.856521606445312,2473650,0.0,0.0
2008-12-17 00:00:00-05:00,11.729589059345932,12.407897408514193,11.642320751073523,12.213528633117676,2201400,0.0,0.0
2008-12-18 00:00:00-05:00,12.20955993827749,12.336494243056968,11.705786596698355,11.9437894821167,3005775,0.0,0.0
2008-12-19 00:00:00-05:00,11.955693225985035,12.070726561772553,11.678021710555413,11.840658187866211,3132000,0.0,0.0
2008-12-22 00:00:00-05:00,11.800987468452982,11.800987468452982,10.837074954410886,11.257546424865723,3856725,0.0,0.0
2008-12-23 00:00:00-05:00,11.305149661405911,11.570919302578433,11.269449223733533,11.436050415039062,3859425,0.0,0.0
2008-12-24 00:00:00-05:00,11.4836517542088,11.523318623126173,11.249614418749935,11.447951316833496,782325,0.0,0.0
2008-12-26 00:00:00-05:00,11.451912683371033,11.562981229080675,11.281344286183984,11.527280807495117,1474875,0.0,0.0
2008-12-29 00:00:00-05:00,11.539183460949657,11.630417324093147,11.309113459851718,11.428114891052246,1565100,0.0,0.0
2008-12-30 00:00:00-05:00,11.467785842930065,11.753389358520508,11.388451249321959,11.753389358520508,1402875,0.0,0.0
2008-12-31 00:00:00-05:00,11.812891078373543,12.078660754986217,11.812891078373543,11.983460426330566,1381500,0.0,0.0
2009-01-02 00:00:00-05:00,11.99932056398853,12.618129646841291,11.896186568011693,12.56259536743164,1519200,0.0,0.0
2009-01-05 00:00:00-05:00,12.52689560882254,12.542762181856666,12.078655770581143,12.221457481384277,1966275,0.0,0.0
2009-01-06 00:00:00-05:00,12.276992581504821,12.47532857413562,12.221457448123184,12.344426155090332,2247075,0.0,0.0
2009-01-07 00:00:00-05:00,12.154025440627425,12.372194464817431,12.054857857116595,12.185758590698242,2040525,0.0,0.0
2009-01-08 00:00:00-05:00,12.173862671993747,12.292863294490573,11.979493030901203,12.276997566223145,1558800,0.0,0.0
2009-01-09 00:00:00-05:00,12.257157988597509,12.27699269455817,11.701817714816592,11.987421989440918,1555200,0.0,0.0
2009-01-12 00:00:00-05:00,11.908088737770928,11.995356176419458,11.432082979387246,11.55505084991455,1158525,0.0,0.0
2009-01-13 00:00:00-05:00,11.471751376559395,11.733554578686947,11.400349652086332,11.693887710571289,2293875,0.0,0.0
2009-01-14 00:00:00-05:00,11.590755029714968,11.900158872711456,11.467787119425447,11.789091110229492,4675275,0.0,0.0
2009-01-15 00:00:00-05:00,11.622484552616864,12.713332228493945,11.622484552616864,12.594330787658691,3882825,0.0,0.0
2009-01-16 00:00:00-05:00,12.94340594693879,12.99100738804097,12.49516677464828,12.891838073730469,2752200,0.0,0.0
2009-01-20 00:00:00-05:00,12.780768633449357,13.018772402997266,12.439631684545065,12.534832000732422,3117375,0.0,0.0
2009-01-21 00:00:00-05:00,12.566561605151723,13.02670155440277,12.467394040950202,12.99100112915039,2489175,0.0,0.0
2009-01-22 00:00:00-05:00,12.721262566927551,12.895798250907177,12.360291909206847,12.62606143951416,1840500,0.0,0.0
2009-01-23 00:00:00-05:00,12.34839430362089,12.836300181790108,12.33252687835065,12.586397171020508,2575800,0.0,0.0
2009-01-26 00:00:00-05:00,12.630032708184578,12.776801736619726,12.340462785085451,12.511032104492188,3191625,0.0,0.0
2009-01-27 00:00:00-05:00,12.614162672853084,12.665729672098296,12.372192546872165,12.483261108398438,2674800,0.0,0.0
2009-01-28 00:00:00-05:00,12.594332753506343,12.852169532616914,12.534832023801256,12.824402809143066,3424725,0.0,0.0
2009-01-29 00:00:00-05:00,12.665730304935652,12.840266867816235,12.487228162669629,12.62209701538086,1416825,0.0,0.0
2009-01-30 00:00:00-05:00,12.495162791965512,12.998935257833391,12.447562217201133,12.677631378173828,3107925,0.0,0.0
2009-02-02 00:00:00-05:00,12.522927585275188,12.983067538822743,12.33649174571684,12.860098838806152,3285900,0.0,0.0
2009-02-03 00:00:00-05:00,12.832335402576268,12.959270565247747,12.514997070314822,12.776801109313965,2583675,0.0,0.0
2009-02-04 00:00:00-05:00,12.844235166854098,13.117938491478393,12.530864126289876,12.566564559936523,2150550,0.0,0.0
2009-02-05 00:00:00-05:00,12.49913049416795,12.915636416886972,12.336494896791885,12.776801109313965,1668600,0.0,0.0
2009-02-06 00:00:00-05:00,12.820435355700079,13.232974877717085,12.741101617926562,13.125873565673828,1837350,0.0,0.0
2009-02-09 00:00:00-05:00,12.947366245175452,13.161568784328528,12.804564552406735,12.919599533081055,1869975,0.0,0.0
2009-02-10 00:00:00-05:00,12.7807669903447,13.066371306851577,12.407895232038657,12.518963813781738,2314575,0.0,0.0
2009-02-11 00:00:00-05:00,12.626064791961337,12.741099801851457,12.455496343778428,12.598298072814941,1235250,0.0,0.0
2009-02-12 00:00:00-05:00,12.300795516295091,12.562599577731472,12.142126336566037,12.538799285888672,1794600,0.0,0.0
2009-02-13 00:00:00-05:00,12.673667186406572,12.788702212799029,12.526899005341798,12.602266311645508,2664000,0.0,0.0
2009-02-17 00:00:00-05:00,12.26905943286044,12.72919858238218,12.015189146354816,12.070722579956055,1936575,0.0,0.0
2009-02-18 00:00:00-05:00,12.157988278692354,12.189722270550654,11.828750773053716,12.058820724487305,1758150,0.0,0.0
2009-02-19 00:00:00-05:00,12.13022615241517,12.197660591413966,11.674053358097957,11.721653938293457,1818900,0.0,0.0
2009-02-20 00:00:00-05:00,11.49158372481356,12.189725789055093,11.063178541312825,11.257546424865723,2356425,0.0,0.0
2009-02-23 00:00:00-05:00,11.317046226482375,11.45984793198816,10.69427070330664,10.722038269042969,1791225,0.0,0.0
2009-02-24 00:00:00-05:00,10.841041128426761,11.039377140550355,10.646672398314815,10.987810134887695,1620450,0.0,0.0
2009-02-25 00:00:00-05:00,10.967976053182996,11.047310626636994,10.654605892462612,10.825174331665039,1383075,0.0,0.0
2009-02-26 00:00:00-05:00,10.960043116927867,11.035410413790883,10.563371923887386,10.603038787841797,915975,0.0,0.0
2009-02-27 00:00:00-05:00,10.440403057693326,10.825174952401657,10.42850291355112,10.49593734741211,2753775,0.0,0.0
2009-03-02 00:00:00-05:00,10.289671853409661,10.321405016750264,9.734331280959529,9.78193187713623,2209500,0.0,0.0
2009-03-03 00:00:00-05:00,9.912830385750786,10.17463358203465,9.76209577957649,10.023898124694824,2360700,0.0,0.0
2009-03-04 00:00:00-05:00,10.142901515809418,11.094915022915965,10.119102071855732,10.94814682006836,4476150,0.0,0.0
2009-03-05 00:00:00-05:00,10.642705066506622,10.912442790758192,10.472135773435555,10.872775077819824,4586625,0.0,0.0
2009-03-06 00:00:00-05:00,10.983841447291523,11.039374872390464,10.523701517052915,10.83310604095459,3467925,0.0,0.0
2009-03-09 00:00:00-04:00,10.753776368566118,10.97591272339385,10.527673581904802,10.591140747070312,2967525,0.0,0.0
2009-03-10 00:00:00-04:00,10.813277207519393,11.265482785259056,10.761710188516574,11.162348747253418,2560725,0.0,0.0
2009-03-11 00:00:00-04:00,11.2694510945438,11.467787176037433,11.122682036748913,11.324984550476074,1355400,0.0,0.0
2009-03-12 00:00:00-04:00,11.340851199704227,11.812890649572156,11.11871483779597,11.777190208435059,1426950,0.0,0.0
2009-03-13 00:00:00-04:00,11.888480086341392,11.888480086341392,11.463181847223957,11.598323822021484,1537200,0.026667,0.0
2009-03-16 00:00:00-04:00,11.709615758196827,11.916302318052999,11.562550403384645,11.717565536499023,1675125,0.0,0.0
2009-03-17 00:00:00-04:00,11.68974273397261,11.967975616455078,11.586399871691981,11.967975616455078,1329075,0.0,0.0
2009-03-18 00:00:00-04:00,11.876555108223998,12.210433855792953,11.566524842624254,12.146838188171387,1591200,0.0,0.0
2009-03-19 00:00:00-04:00,12.32570317993887,12.337628275144711,12.00374863738652,12.111066818237305,1112625,0.0,0.0
2009-03-20 00:00:00-04:00,12.289930048019983,12.289930048019983,11.904379843445671,11.952075958251953,2075850,0.0,0.0
2009-03-23 00:00:00-04:00,12.210431641947743,12.826518451636405,12.206457179969805,12.790745735168457,1857375,0.0,0.0
2009-03-24 00:00:00-04:00,12.560214952668764,12.747028387261448,12.429048272673494,12.520467758178711,1584900,0.0,0.0
2009-03-25 00:00:00-04:00,12.592008713730582,12.898064475155362,12.11106382393609,12.452892303466797,2050875,0.0,0.0
2009-03-26 00:00:00-04:00,12.659582823855203,13.065007062822044,12.556239106096704,12.993461608886719,2564550,0.0,0.0
2009-03-27 00:00:00-04:00,12.83050034012341,12.917943665772054,12.564191634716884,12.687409400939941,1616850,0.0,0.0
2009-03-30 00:00:00-04:00,12.413148132197405,12.436996616715657,12.039521306152066,12.297880172729492,1467000,0.0,0.0
2009-03-31 00:00:00-04:00,12.452893203972582,12.691378008590975,12.361473744572553,12.429044723510742,1908000,0.0,0.0
2009-04-01 00:00:00-04:00,12.222357765373975,12.699327358541947,12.083241349737014,12.63573169708252,2328975,0.0,0.0
2009-04-02 00:00:00-04:00,12.921912845023916,13.36708501296185,12.838443170146661,13.160398483276367,2099025,0.0,0.0
2009-04-03 00:00:00-04:00,13.200151169798355,13.311443831765386,12.961665432058904,13.307469367980957,1991025,0.0,0.0
2009-04-06 00:00:00-04:00,13.14847500394251,13.311439911560242,12.961661614863106,13.25976848602295,1608075,0.0,0.0
2009-04-07 00:00:00-04:00,13.021286903871081,13.116680853398798,12.73907866599934,12.778826713562012,1884825,0.0,0.0
2009-04-08 00:00:00-04:00,12.826519356137094,12.961660454694055,12.595983487383052,12.782796859741211,1429200,0.0,0.0
2009-04-09 00:00:00-04:00,13.02525778343587,13.490304042761398,13.005384616710742,13.466456413269043,1253250,0.0,0.0
2009-04-13 00:00:00-04:00,13.307466908906509,13.398885529279784,13.025258710130434,13.287592887878418,1513350,0.0,0.0
2009-04-14 00:00:00-04:00,13.100777936260558,13.315415120588241,13.009359326647823,13.196172714233398,1371600,0.0,0.0
2009-04-15 00:00:00-04:00,13.144501141066499,13.514152620588293,13.140525825382193,13.335289001464844,1661400,0.0,0.0
2009-04-16 00:00:00-04:00,13.474407572825603,14.14216519021618,13.40683657724565,14.09446907043457,1934550,0.0,0.0
2009-04-17 00:00:00-04:00,14.106391201475024,14.221659159436085,13.923553106854957,14.193836212158203,1519875,0.0,0.0
2009-04-20 00:00:00-04:00,13.907655726577051,13.907655726577051,13.418760900880931,13.430685997009277,2054250,0.0,0.0
2009-04-21 00:00:00-04:00,13.029237277556257,13.029237277556257,11.69372098301227,12.54829216003418,6032700,0.0,0.0
2009-04-22 00:00:00-04:00,12.34557720743522,13.287593203806082,12.21043522585355,12.993461608886719,3060900,0.0,0.0
2009-04-23 00:00:00-04:00,12.99345784641494,13.164372505473091,12.703300798659862,13.001407623291016,3802725,0.0,0.0
2009-04-24 00:00:00-04:00,13.152448838235834,13.216044497341912,12.961660155139848,13.068978309631348,2607525,0.0,0.0
2009-04-27 00:00:00-04:00,12.96166706085205,13.227975784325924,12.782803374737956,12.96166706085205,2240325,0.0,0.0
2009-04-28 00:00:00-04:00,12.961662128467236,12.961662128467236,12.484692480333983,12.64765739440918,2831625,0.0,0.0
2009-04-29 00:00:00-04:00,12.715229988098145,12.890118312621546,12.659583237810274,12.715229988098145,2343600,0.0,0.0
2009-04-30 00:00:00-04:00,12.691380791697851,12.99743664236976,12.691380791697851,12.802674293518066,3037950,0.0,0.0
2009-05-01 00:00:00-04:00,12.695351608644277,12.894089203270928,12.520462491257272,12.72714900970459,1548450,0.0,0.0
2009-05-04 00:00:00-04:00,12.866272516695156,12.91794310530612,12.679459069903297,12.902045249938965,1541700,0.0,0.0
2009-05-05 00:00:00-04:00,12.909991812760602,12.96563770423313,12.603935145216576,12.766900062561035,1487925,0.0,0.0
2009-05-06 00:00:00-04:00,12.909995030511778,12.945767763755589,12.615862531099257,12.902045249938965,1487700,0.0,0.0
2009-05-07 00:00:00-04:00,13.037182303665128,13.212070598171136,12.758950305759047,13.009359359741211,1955925,0.0,0.0
2009-05-08 00:00:00-04:00,13.116681594564467,13.28362101567098,12.719206213813282,13.14450454711914,2254500,0.0,0.0
2009-05-11 00:00:00-04:00,12.933840108500766,12.969612834669732,12.588037088867424,12.607911109924316,2470950,0.0,0.0
2009-05-12 00:00:00-04:00,12.663556548847001,12.715228831158841,12.321728004562445,12.440970420837402,1765350,0.0,0.0
2009-05-13 00:00:00-04:00,12.210433485852954,12.301853801150486,11.908353007691423,11.96399974822998,1517850,0.0,0.0
2009-05-14 00:00:00-04:00,11.94412768341492,12.154789586517508,11.872582227971298,11.971951484680176,1328850,0.0,0.0
2009-05-15 00:00:00-04:00,11.860656390666733,12.138888395685735,11.777186703872134,11.92027759552002,1467000,0.0,0.0
2009-05-18 00:00:00-04:00,11.999775886535645,12.103118766101158,11.820912226261633,11.999775886535645,1990350,0.0,0.0
2009-05-19 00:00:00-04:00,11.88848067736154,12.214410535945532,11.789112275684955,12.111066818237305,1881225,0.0,0.0
2009-05-20 00:00:00-04:00,12.166714093143547,12.51251801242267,12.166714093143547,12.309805870056152,2874375,0.0,0.0
2009-05-21 00:00:00-04:00,12.119015688030965,12.186586673718574,11.785136928215286,11.892455101013184,1235700,0.0,0.0
2009-05-22 00:00:00-04:00,11.920279245116834,12.194537678284396,11.7732130175342,12.011698722839355,1682550,0.0,0.0
2009-05-26 00:00:00-04:00,11.876554805861478,12.67547978437939,11.876554805861478,12.627782821655273,1820925,0.0,0.0
2009-05-27 00:00:00-04:00,12.615859632407487,12.715228881623691,12.2382583617418,12.254157066345215,2060775,0.0,0.0
2009-05-28 00:00:00-04:00,12.313782735249264,12.448923896193987,11.960028991402876,12.337631225585938,2025450,0.0,0.0
2009-05-29 00:00:00-04:00,12.417122636445391,12.500593185424805,12.246207928239139,12.500593185424805,1300050,0.0,0.0
2009-06-01 00:00:00-04:00,12.635734808450453,13.247845652776537,12.564189351858218,13.216048240661621,1308375,0.0,0.0
2009-06-02 00:00:00-04:00,13.172322388190864,13.323362179828038,13.11270034047449,13.235918045043945,1394100,0.0,0.0
2009-06-03 00:00:00-04:00,13.100781716875085,13.33131767094833,13.092832789416843,13.227973937988281,2007225,0.0,0.0
2009-06-04 00:00:00-04:00,13.1524531737692,13.514154936804122,13.112705127447713,13.510180473327637,1544175,0.0,0.0
2009-06-05 00:00:00-04:00,13.541976879167706,13.852007162854171,13.454531871586521,13.744688987731934,1865025,0.0,0.0
2009-06-08 00:00:00-04:00,13.724812865219056,13.724812865219056,13.347210822790718,13.526074409484863,1583325,0.0,0.0
2009-06-09 00:00:00-04:00,13.57377592798582,13.899704935173101,13.569800611935975,13.867907524108887,1710450,0.0,0.0
2009-06-10 00:00:00-04:00,13.927525330676662,14.034843492351392,13.720838785080902,14.010995864868164,1696275,0.0,0.0
2009-06-11 00:00:00-04:00,13.987151737363336,14.138192444354585,13.875859078621426,14.046772956848145,1129275,0.0,0.0
2009-06-12 00:00:00-04:00,13.835749290758557,14.014917959262126,13.71232371345381,14.010936737060547,1230750,0.026667,0.0
2009-06-15 00:00:00-04:00,13.891490711642366,13.915378897788202,13.445561386356832,13.644636154174805,1646775,0.0,0.0
2009-06-16 00:00:00-04:00,13.70038197994699,13.979087257951013,13.473436021680065,13.517232894897461,1710900,0.0,0.0
2009-06-17 00:00:00-04:00,13.568988975682226,13.819824776652382,13.517229668300205,13.636674880981445,2339550,0.0,0.0
2009-06-18 00:00:00-04:00,13.664545546934953,13.664545546934953,13.441580858605237,13.537137031555176,1349550,0.0,0.0
2009-06-19 00:00:00-04:00,13.61676722204387,13.672508606735217,13.453525999005633,13.55306339263916,1307700,0.0,0.0
2009-06-22 00:00:00-04:00,13.449546506066108,13.453528583527337,13.154914636581701,13.162877082824707,1039500,0.0,0.0
2009-06-23 00:00:00-04:00,13.03944639820151,13.23055870303201,12.939907315536638,13.055371284484863,1589625,0.0,0.0
2009-06-24 00:00:00-04:00,13.190741905925368,13.620744553847631,13.190741905925368,13.401762008666992,1151775,0.0,0.0
2009-06-25 00:00:00-04:00,13.298245449119028,13.891491110664155,13.26639396378335,13.799915313720703,1316475,0.0,0.0
2009-06-26 00:00:00-04:00,13.768068155370576,13.871586796754293,13.608807261282168,13.700382232666016,1055250,0.0,0.0
2009-06-29 00:00:00-04:00,13.783990741840855,13.895472651754092,13.652600158041633,13.791954040527344,1057275,0.0,0.0
2009-06-30 00:00:00-04:00,13.86362152258061,13.987047102191664,13.716305191955545,13.768064498901367,2344050,0.0,0.0
2009-07-01 00:00:00-04:00,13.9034401414374,14.190108728488966,13.9034401414374,14.118441581726074,1707300,0.0,0.0
2009-07-02 00:00:00-04:00,13.959177499393235,13.959177499393235,13.557044982910156,13.557044982910156,1411650,0.0,0.0
2009-07-06 00:00:00-04:00,13.52121274417445,13.60084318165799,13.373897246452591,13.588898658752441,1010700,0.0,0.0
2009-07-07 00:00:00-04:00,13.620750471338779,13.648621595001805,13.210655460028232,13.222599983215332,1364400,0.0,0.0
2009-07-08 00:00:00-04:00,13.20666841139973,13.266391859193433,12.89611177977655,13.12703800201416,1415475,0.0,0.0
2009-07-09 00:00:00-04:00,13.206673112302227,13.246488758337035,13.027505268164598,13.039450645446777,1115775,0.0,0.0
2009-07-10 00:00:00-04:00,12.939911686023866,13.178803002087514,12.939911686023866,13.079265594482422,1149525,0.0,0.0
2009-07-13 00:00:00-04:00,13.099171411383647,13.421673506348325,12.876206715270174,13.417693138122559,1084500,0.0,0.0
2009-07-14 00:00:00-04:00,13.417693086366267,13.616767883300781,13.302229089019733,13.616767883300781,1335825,0.0,0.0
2009-07-15 00:00:00-04:00,13.684454195305259,13.963160286156883,13.684454195305259,13.943251609802246,906075,0.0,0.0
2009-07-16 00:00:00-04:00,13.859642657904717,14.142330009159972,13.799919183887086,14.074644088745117,954000,0.0,0.0
2009-07-17 00:00:00-04:00,14.03084633891092,14.186125994704181,13.899457438174508,14.170199394226074,900000,0.0,0.0
2009-07-20 00:00:00-04:00,14.297606857666592,14.532515226593537,14.229920946543093,14.444921493530273,1222200,0.0,0.0
2009-07-21 00:00:00-04:00,14.651959335598255,14.735570121222926,14.544457801304914,14.679829597473145,1222200,0.0,0.0
2009-07-22 00:00:00-04:00,14.616124921274167,14.914738775485523,14.568346841294664,14.679829597473145,1003275,0.0,0.0
2009-07-23 00:00:00-04:00,14.632048727180226,15.018256269030966,14.580291137820545,14.990386009216309,1230300,0.0,0.0
2009-07-24 00:00:00-04:00,14.910759474579125,15.312892030409042,14.874926760211364,15.292985916137695,1015200,0.0,0.0
2009-07-27 00:00:00-04:00,15.221316378123555,15.38057551925311,15.066036750541311,15.145668029785156,1254150,0.0,0.0
2009-07-28 00:00:00-04:00,13.776026969822421,14.31751161208975,12.979724467398453,13.278337478637695,7101900,0.0,0.0
2009-07-29 00:00:00-04:00,13.258435240069122,13.346028136475192,12.708987103538744,12.832412719726562,3225600,0.0,0.0
2009-07-30 00:00:00-04:00,12.971760413881059,13.115095505271649,12.52583110682897,12.892130851745605,5238675,0.0,0.0
2009-07-31 00:00:00-04:00,12.888156425167745,13.07528761809515,12.852322847011854,12.884174346923828,4067100,0.0,0.0
2009-08-03 00:00:00-04:00,13.079263273320025,13.079263273320025,12.633333921014088,12.868242263793945,2590875,0.0,0.0
2009-08-04 00:00:00-04:00,12.776670245983015,12.935930266599794,12.68509528560004,12.812503814697266,1668600,0.0,0.0
2009-08-05 00:00:00-04:00,12.756759858798173,12.7965746423643,12.354627383724155,12.493980407714844,1603575,0.0,0.0
2009-08-06 00:00:00-04:00,12.577593679271335,12.581574901841423,12.374535950083878,12.434259414672852,1141200,0.0,0.0
2009-08-07 00:00:00-04:00,12.557688799900848,12.633337167347344,12.418334880364107,12.501947402954102,1444050,0.0,0.0
2009-08-10 00:00:00-04:00,12.370555421846454,12.505926385214195,12.318795257406755,12.394444465637207,1017000,0.0,0.0
2009-08-11 00:00:00-04:00,12.298890534587725,12.41435369775126,12.175463216254634,12.199352264404297,1228275,0.0,0.0
2009-08-12 00:00:00-04:00,12.282961599559057,12.374535697176785,12.095830473155699,12.147590637207031,3612150,0.0,0.0
2009-08-13 00:00:00-04:00,12.187407086451985,12.51389217376709,12.17944549417073,12.51389217376709,2589300,0.0,0.0
2009-08-14 00:00:00-04:00,12.434257374232057,12.52981353495044,12.330737915340654,12.414349555969238,2033775,0.0,0.0
2009-08-17 00:00:00-04:00,12.223238017155232,12.235182538009807,12.044069349997086,12.119718551635742,1377450,0.0,0.0
2009-08-18 00:00:00-04:00,12.1396251337532,12.338699891477619,12.1396251337532,12.314811706542969,1341225,0.0,0.0
2009-08-19 00:00:00-04:00,12.183423557871599,12.426295203622534,12.183423557871599,12.358610153198242,989775,0.0,0.0
2009-08-20 00:00:00-04:00,12.314812683968038,12.486018048580485,12.286942420716024,12.466110229492188,852975,0.0,0.0
2009-08-21 00:00:00-04:00,12.454164381917456,12.740833719419383,12.442220716125156,12.68907356262207,751725,0.0,0.0
2009-08-24 00:00:00-04:00,12.681110382080078,12.772685315883624,12.613424487152288,12.681110382080078,967500,0.0,0.0
2009-08-25 00:00:00-04:00,12.705001463123109,12.796575557306605,12.609445292260638,12.701020240783691,1830600,0.0,0.0
2009-08-26 00:00:00-04:00,12.621389475123006,12.693056601347807,12.50990670921363,12.59351921081543,873225,0.0,0.0
2009-08-27 00:00:00-04:00,12.617407087348024,12.617407087348024,12.338701033788276,12.505925178527832,2180250,0.0,0.0
2009-08-28 00:00:00-04:00,12.625374115519287,12.705004562107867,12.30287110585446,12.51389217376709,966150,0.0,0.0
2009-08-31 00:00:00-04:00,12.458144166919196,12.585552643005263,12.318791172898163,12.533792495727539,2011950,0.0,0.0
2009-09-01 00:00:00-04:00,12.474074412042881,12.593520488879166,12.322777699773525,12.398426055908203,1678050,0.0,0.0
2009-09-02 00:00:00-04:00,12.390461761002815,12.52583271751184,12.338701599185601,12.47407341003418,1037025,0.0,0.0
2009-09-03 00:00:00-04:00,12.565651246364848,12.613429342507846,12.466113830846853,12.501947402954102,2218275,0.0,0.0
2009-09-04 00:00:00-04:00,12.410370787182254,12.681113580847938,12.410370787182254,12.66518783569336,1021500,0.0,0.0
2009-09-08 00:00:00-04:00,12.720929047025061,12.908060193480907,12.705003301024023,12.900096893310547,1693800,0.0,0.0
2009-09-09 00:00:00-04:00,12.868241721116526,13.35398669238545,12.868241721116526,13.306208610534668,1915425,0.0,0.0
2009-09-10 00:00:00-04:00,13.369914825584624,13.76408407133558,13.19472906369952,13.728250503540039,1852425,0.0,0.0
2009-09-11 00:00:00-04:00,13.716305773799693,13.995010994749945,13.716305773799693,13.887510299682617,2286900,0.0,0.0
2009-09-14 00:00:00-04:00,13.759883300404551,13.875546264931266,13.604336938646327,13.819708824157715,1760850,0.026667,0.0
2009-09-15 00:00:00-04:00,13.879535765378833,14.130802975310022,13.859592782238359,13.935372352600098,1056600,0.0,0.0
2009-09-16 00:00:00-04:00,13.963289700636818,14.04305648803711,13.795777393148068,14.04305648803711,870525,0.0,0.0
2009-09-17 00:00:00-04:00,14.035078717348227,14.24247353900205,13.98721830805799,14.222532272338867,1290375,0.0,0.0
2009-09-18 00:00:00-04:00,14.5974388217692,14.5974388217692,14.106869616621577,14.15871810913086,1206900,0.0,0.0
2009-09-21 00:00:00-04:00,14.04306053729176,14.18265373921094,13.911444358737436,14.118839263916016,1353375,0.0,0.0
2009-09-22 00:00:00-04:00,14.206579222720546,14.294323883079212,14.066986923097394,14.258428573608398,953775,0.0,0.0
2009-09-23 00:00:00-04:00,14.246462436185121,14.354148356779767,14.186636924743652,14.186636924743652,915750,0.0,0.0
2009-09-24 00:00:00-04:00,14.198602202203345,14.250451553091896,13.811730818727703,13.959300994873047,1632600,0.0,0.0
2009-09-25 00:00:00-04:00,13.8994814529585,13.947341889103717,13.739946951078485,13.823701858520508,1280250,0.0,0.0
2009-09-28 00:00:00-04:00,13.847626128199,14.062997985026783,13.807742736279232,13.959300994873047,1201050,0.0,0.0
2009-09-29 00:00:00-04:00,14.019126171050281,14.194614642420023,13.94733554946426,14.110858917236328,921600,0.0,0.0
2009-09-30 00:00:00-04:00,14.142767523351909,14.25843048800224,13.867569257981437,13.923407554626465,1512000,0.0,0.0
2009-10-01 00:00:00-04:00,13.907455271772635,13.907455271772635,13.512606764591327,13.692083358764648,1203075,0.0,0.0
2009-10-02 00:00:00-04:00,13.62427520557742,13.696065813743816,13.277287266106514,13.29323959350586,1332450,0.0,0.0
2009-10-05 00:00:00-04:00,13.313183863809316,13.588381221854291,13.265322597902898,13.508613586425781,1086750,0.0,0.0
2009-10-06 00:00:00-04:00,13.640229427178049,13.839648083647475,13.568438813546452,13.696066856384277,721350,0.0,0.0
2009-10-07 00:00:00-04:00,13.680114220043322,13.77184782129096,13.572428288544858,13.652195930480957,904050,0.0,0.0
2009-10-08 00:00:00-04:00,13.75190365451398,13.963288272521428,13.692078997988274,13.859589576721191,1863900,0.0,0.0
2009-10-09 00:00:00-04:00,13.787802699506985,13.867570356184027,13.751907382374096,13.839652061462402,840150,0.0,0.0
2009-10-12 00:00:00-04:00,13.875548445836223,13.999188451567216,13.819710996286357,13.983234405517578,692550,0.0,0.0
2009-10-13 00:00:00-04:00,13.963292892752259,13.963292892752259,13.763874167039438,13.855606079101562,808425,0.0,0.0
2009-10-14 00:00:00-04:00,14.035078739739951,14.234496541559679,13.883520491475192,14.206578254699707,1162575,0.0,0.0
2009-10-15 00:00:00-04:00,14.055023871551137,14.31825705126787,14.055023871551137,14.314268112182617,899325,0.0,0.0
2009-10-16 00:00:00-04:00,14.250452151769341,14.262417255429108,14.08293984472089,14.182649612426758,858150,0.0,0.0
2009-10-19 00:00:00-04:00,14.214556997617148,14.425940783209095,14.17068466511006,14.378080368041992,594675,0.0,0.0
2009-10-20 00:00:00-04:00,14.350164622173349,14.50172292471726,14.234501639509949,14.493746757507324,1288800,0.0,0.0
2009-10-21 00:00:00-04:00,14.425941650376622,14.693162032518766,14.409987607154076,14.429929733276367,1072350,0.0,0.0
2009-10-22 00:00:00-04:00,14.469811013756626,14.685184587822151,14.302301276813951,14.617382049560547,884700,0.0,0.0
2009-10-23 00:00:00-04:00,14.613394649952157,14.705127399438824,14.481777649830379,14.665243148803711,1592550,0.0,0.0
2009-10-26 00:00:00-04:00,14.601427463062148,14.84471760591945,14.19860204269464,14.238486289978027,1572525,0.0,0.0
2009-10-27 00:00:00-04:00,14.80084938458537,15.032173606067087,14.015139684448908,14.174674987792969,2502225,0.0,0.0
2009-10-28 00:00:00-04:00,14.314264052204509,14.402008705826882,14.039066700722271,14.098892211914062,1955250,0.0,0.0
2009-10-29 00:00:00-04:00,14.198604341901582,14.246465617554252,14.094907336120938,14.174674987792969,1514700,0.0,0.0
2009-10-30 00:00:00-04:00,14.078950661648642,14.206578709314236,13.843637545273882,13.915428161621094,1957275,0.0,0.0
2009-11-02 00:00:00-05:00,13.979240727659537,14.326228681107521,13.839647587553612,14.090914726257324,1663875,0.0,0.0
2009-11-03 00:00:00-05:00,14.055023562366769,14.206581848975892,13.883524004017492,13.955314636230469,1901250,0.0,0.0
2009-11-04 00:00:00-05:00,13.967278137995628,14.019127495692496,13.795778588828236,13.835662841796875,2046600,0.0,0.0
2009-11-05 00:00:00-05:00,13.971264773480456,14.274381280498483,13.94733456796912,14.074962615966797,1998225,0.0,0.0
2009-11-06 00:00:00-05:00,14.039065921853256,14.286344972997812,13.95929914856397,14.242472648620605,1056825,0.0,0.0
2009-11-09 00:00:00-05:00,14.386057513290742,14.417965599991254,14.194615839581985,14.362127304077148,858375,0.0,0.0
2009-11-10 00:00:00-05:00,14.286349817645144,14.473803424484386,14.258431523107673,14.314268112182617,1285425,0.0,0.0
2009-11-11 00:00:00-05:00,14.382069315232295,14.565534821609093,14.362127189110003,14.429929733276367,2370150,0.0,0.0
2009-11-12 00:00:00-05:00,14.453857937882098,14.505706431635728,14.23050906604583,14.30628776550293,1393425,0.0,0.0
2009-11-13 00:00:00-05:00,14.38206926434775,14.505708391920235,14.23051098914048,14.461837768554688,787275,0.0,0.0
2009-11-16 00:00:00-05:00,14.513682607369924,14.852695281446405,14.505706442670476,14.84870719909668,1590300,0.0,0.0
2009-11-17 00:00:00-05:00,14.832759124238573,15.040154894454753,14.725074010988642,15.012236595153809,1866825,0.0,0.0
2009-11-18 00:00:00-05:00,14.972344506725719,14.980320670464486,14.748996517432133,14.764948844909668,2072475,0.0,0.0
2009-11-19 00:00:00-05:00,14.661255312137783,14.713103811859554,14.501720018543198,14.633337020874023,1225800,0.0,0.0
2009-11-20 00:00:00-05:00,14.549580435459221,14.665243394943532,14.49773193573745,14.633337020874023,882900,0.0,0.0
2009-11-23 00:00:00-05:00,14.745012900551886,14.936454603461252,14.745012900551886,14.82478141784668,665100,0.0,0.0
2009-11-24 00:00:00-05:00,14.792869177061746,14.832753424522103,14.673218146304032,14.800847053527832,796725,0.0,0.0
2009-11-25 00:00:00-05:00,14.82078755824143,14.892578168853682,14.756973111600592,14.86067008972168,376200,0.0,0.0
2009-11-27 00:00:00-05:00,14.517671167621927,14.776915326179875,14.441890762923723,14.669228553771973,417150,0.0,0.0
2009-11-30 00:00:00-05:00,14.609410722747556,14.71310774994648,14.390050705106152,14.58149242401123,1431000,0.0,0.0
2009-12-01 00:00:00-05:00,14.709116817344373,14.904546582273571,14.709116817344373,14.7769193649292,794925,0.0,0.0
2009-12-02 00:00:00-05:00,14.736971251070223,14.864807208859778,14.665064167713636,14.812872886657715,910800,0.026667,0.0
2009-12-03 00:00:00-05:00,14.816863906517025,14.92871991431615,14.685035142324919,14.689029693603516,402525,0.0,0.0
2009-12-04 00:00:00-05:00,14.880786074072374,15.080529124027805,14.73297734860947,14.944704055786133,833175,0.0,0.0
2009-12-07 00:00:00-05:00,14.868798943636389,15.032587573753391,14.832846261825324,15.008620262145996,683775,0.0,0.0
2009-12-08 00:00:00-05:00,14.880782574855573,15.048565737299818,14.804880953768853,14.99263858795166,1152450,0.0,0.0
2009-12-09 00:00:00-05:00,14.944699872487464,15.088514005287047,14.936710769909608,15.032585144042969,815175,0.0,0.0
2009-12-10 00:00:00-05:00,15.140451244686078,15.24032362954038,14.972668038291161,15.048569679260254,683550,0.0,0.0
2009-12-11 00:00:00-05:00,15.152434444063895,15.164418099888055,15.036583865763804,15.108490943908691,689625,0.0,0.0
2009-12-14 00:00:00-05:00,15.184399022412354,15.352182276003585,15.076537502189069,15.288264274597168,593100,0.0,0.0
2009-12-15 00:00:00-05:00,15.188386476404498,15.316222419461814,15.1284647710463,15.248308181762695,567225,0.0,0.0
2009-12-16 00:00:00-05:00,15.264293619247551,15.368160574815636,15.192386518192963,15.236330032348633,547650,0.0,0.0
2009-12-17 00:00:00-05:00,15.132459635242746,15.316222735681688,15.06055255868837,15.304237365722656,1073250,0.0,0.0
2009-12-18 00:00:00-05:00,15.308231806297345,15.599856376647947,15.268284573657478,15.59985637664795,3217275,0.0,0.0
2009-12-21 00:00:00-05:00,15.663774865334606,15.895476048122452,15.47601718766861,15.567898750305176,1446750,0.0,0.0
2009-12-22 00:00:00-05:00,15.555911339598737,15.783616200650028,15.555911339598737,15.675756454467773,629100,0.0,0.0
2009-12-23 00:00:00-05:00,15.651786393282395,15.839544013189538,15.531941286362903,15.639801025390625,1144125,0.0,0.0
2009-12-24 00:00:00-05:00,15.70771734984208,15.71970272064209,15.611841241042233,15.71970272064209,387675,0.0,0.0
2009-12-28 00:00:00-05:00,15.771631587628638,15.79959516033159,15.559904945163934,15.595857620239258,769950,0.0,0.0
2009-12-29 00:00:00-05:00,15.655783388568716,15.659777940356374,15.519958341388914,15.535938262939453,814725,0.0,0.0
2009-12-30 00:00:00-05:00,15.456041379240474,15.635808202287622,15.436065192413219,15.476014137268066,389250,0.0,0.0
2009-12-31 00:00:00-05:00,15.448050492813573,15.468024965152017,15.276272773742674,15.276272773742676,606150,0.0,0.0
2010-01-04 00:00:00-05:00,15.36016724373464,15.659780973030976,15.36016724373464,15.420090675354004,876825,0.0,0.0
2010-01-05 00:00:00-05:00,15.440062712645414,15.47601539441542,15.33220123853546,15.35217571258545,714150,0.0,0.0
2010-01-06 00:00:00-05:00,15.380137226264155,15.436064374577938,15.320213812156755,15.36815357208252,725625,0.0,0.0
2010-01-07 00:00:00-05:00,15.260293335702277,15.448050981463004,15.252304232274119,15.408102035522461,799650,0.0,0.0
2010-01-08 00:00:00-05:00,15.404107765145742,15.719701357920192,15.268284432387023,15.70771598815918,991575,0.0,0.0
2010-01-11 00:00:00-05:00,15.71970250905653,15.815578616565896,15.571892081312898,15.799598693847656,446850,0.0,0.0
2010-01-12 00:00:00-05:00,15.679751698747987,15.711709825991967,15.456041379240474,15.476014137268066,675225,0.0,0.0
2010-01-13 00:00:00-05:00,15.468023042087271,15.535935553834815,15.352172488447296,15.5199556350708,569250,0.0,0.0
2010-01-14 00:00:00-05:00,15.436062644692914,15.703718130884118,15.42008444090804,15.52394962310791,428400,0.0,0.0
2010-01-15 00:00:00-05:00,15.531938871335282,15.615829575935122,15.296243245308144,15.356164932250977,320850,0.0,0.0
2010-01-19 00:00:00-05:00,15.392124872049573,15.687744039055447,15.376146662330466,15.452048301696777,718650,0.0,0.0
2010-01-20 00:00:00-05:00,15.340192151872138,15.404108411948284,15.220345306829405,15.308232307434082,631125,0.0,0.0
2010-01-21 00:00:00-05:00,15.27627483715478,15.499985185882963,15.172407909845221,15.260294914245605,827550,0.0,0.0
2010-01-22 00:00:00-05:00,15.300243142297605,15.324212168330238,14.904753355559162,14.928722381591797,677700,0.0,0.0
2010-01-25 00:00:00-05:00,15.012617128862757,15.020606233963722,14.756946907229286,14.83284854888916,1804275,0.0,0.0
2010-01-26 00:00:00-05:00,14.856814872006517,14.860809423829279,14.421376149726834,14.645088195800781,2155725,0.0,0.0
2010-01-27 00:00:00-05:00,14.605145369956269,14.677052467662163,14.305531605648163,14.461329460144043,1091250,0.0,0.0
2010-01-28 00:00:00-05:00,14.465317959340826,14.609132094565446,14.341479152497222,14.565190315246582,1163250,0.0,0.0
2010-01-29 00:00:00-05:00,14.65307960220825,14.952693323199378,14.557205200195312,14.557205200195312,1729350,0.0,0.0
2010-02-01 00:00:00-05:00,14.633102157851706,14.780910837628076,14.6131276875901,14.68503475189209,869625,0.0,0.0
2010-02-02 00:00:00-05:00,14.66106810030871,14.964676325681848,14.617124601509977,14.896763801574707,981000,0.0,0.0
2010-02-03 00:00:00-05:00,14.824854742869155,15.016606919690133,14.748953125277469,14.860807418823242,715275,0.0,0.0
2010-02-04 00:00:00-05:00,14.72098782160969,14.740962292406941,14.445344924926758,14.445344924926758,1068975,0.0,0.0
2010-02-05 00:00:00-05:00,14.4373538485118,14.525240832680396,14.237612572928256,14.49727725982666,1216575,0.0,0.0
2010-02-08 00:00:00-05:00,14.461325142705977,14.653077346007278,14.385423514632533,14.49328327178955,1080225,0.0,0.0
2010-02-09 00:00:00-05:00,14.617122627389724,14.736967737746042,14.553204663733124,14.689029693603516,972900,0.0,0.0
2010-02-10 00:00:00-05:00,14.61312420914356,14.836834451143268,14.60513510870047,14.661062240600586,891000,0.0,0.0
2010-02-11 00:00:00-05:00,14.669055476358006,14.912740252561205,14.633102799829532,14.880782127380371,737550,0.0,0.0
2010-02-12 00:00:00-05:00,14.776918611234612,15.044572440289604,14.64109356360674,15.04057788848877,970200,0.0,0.0
2010-02-16 00:00:00-05:00,15.128459900229743,15.212350603601429,15.088510966586453,15.192376136779785,794925,0.0,0.0
2010-02-17 00:00:00-05:00,15.212359143065225,15.316226085963654,15.06055585304485,15.164421081542969,674550,0.0,0.0
2010-02-18 00:00:00-05:00,15.204366385530678,15.340191432018736,15.14843751758859,15.328206062316895,411525,0.0,0.0
2010-02-19 00:00:00-05:00,15.28027159820976,15.527952724306706,15.28027159820976,15.507976531982422,743850,0.0,0.0
2010-02-22 00:00:00-05:00,15.535935574360726,15.5798773508205,15.468023062523457,15.527946472167969,627075,0.0,0.0
2010-02-23 00:00:00-05:00,15.456044324109678,15.547924171742137,15.208363218978246,15.240323066711426,578250,0.0,0.0
2010-02-24 00:00:00-05:00,15.31222923510041,15.32421289148225,15.200373203536293,15.260294914245605,770175,0.0,0.0
2010-02-25 00:00:00-05:00,15.000630660175817,15.531945541753132,14.964677975449595,15.499985694885254,1327275,0.0,0.0
2010-02-26 00:00:00-05:00,15.547919577205725,15.631812009714231,15.440059837580106,15.595857620239258,1030275,0.0,0.0
2010-03-01 00:00:00-05:00,15.607846478828927,15.919443828234362,15.591866556110688,15.799598693847656,618750,0.0,0.0
2010-03-02 00:00:00-05:00,15.783618019178103,15.979366491350715,15.759648993442678,15.8914794921875,652725,0.0,0.0
2010-03-03 00:00:00-05:00,15.963386502197967,16.1391604997845,15.879495769677076,16.035293579101562,699750,0.0,0.0
2010-03-04 00:00:00-05:00,16.035291045200033,16.063254618288184,15.855522524148144,15.931424140930176,783900,0.0,0.0
2010-03-05 00:00:00-05:00,15.955400094927542,15.991354500518918,15.875503892191757,15.959396362304688,989325,0.0,0.0
2010-03-08 00:00:00-05:00,15.911451818582485,15.97936433473387,15.803590360130354,15.871502876281738,596925,0.0,0.0
2010-03-09 00:00:00-05:00,15.867510466452075,15.959392017504534,15.843541440716647,15.8914794921875,617400,0.0,0.0
2010-03-10 00:00:00-05:00,15.835556648024076,16.015323532779696,15.803596795409426,15.959396362304688,1279575,0.0,0.0
2010-03-11 00:00:00-05:00,15.843539964268372,15.999337759829984,15.775627445280058,15.995343208312988,1041975,0.0,0.0
2010-03-12 00:00:00-05:00,16.02330992348427,16.055268052863664,15.867510399659837,16.035293579101562,820350,0.0,0.0
2010-03-15 00:00:00-04:00,16.04729541924454,16.115307886429136,15.843252866792,15.979279518127441,594000,0.026667,0.0
2010-03-16 00:00:00-04:00,15.987289498598326,16.023296014092054,15.831256686213434,15.919275283813477,1462725,0.0,0.0
2010-03-17 00:00:00-04:00,15.911269160063831,16.059299142090975,15.875260939048323,15.887264251708984,1151775,0.0,0.0
2010-03-18 00:00:00-04:00,15.883259609311429,15.92326835619587,15.719225807444689,15.855254173278809,1152000,0.0,0.0
2010-03-19 00:00:00-04:00,15.81124496459961,15.867257553877282,15.683219377759356,15.81124496459961,1333350,0.0,0.0
2010-03-22 00:00:00-04:00,15.699225934251526,16.02729187918091,15.699225934251526,15.923271179199219,1642500,0.0,0.0
2010-03-23 00:00:00-04:00,15.975274382148616,16.11130097965696,15.879253082487471,16.075294494628906,1379925,0.0,0.0
2010-03-24 00:00:00-04:00,16.039293126600054,16.131312218718072,16.00328662623048,16.011287689208984,1820475,0.0,0.0
2010-03-25 00:00:00-04:00,16.059290695981534,16.12730485337713,15.871252059936525,15.871252059936523,1717875,0.0,0.0
2010-03-26 00:00:00-04:00,15.871258040211712,16.063297278410978,15.863256977608817,15.971278190612793,1452375,0.0,0.0
2010-03-29 00:00:00-04:00,15.991285127974459,16.263341903686523,15.991285127974459,16.263341903686523,865575,0.0,0.0
2010-03-30 00:00:00-04:00,16.267340140168013,16.639415312847923,16.25533682906672,16.603408813476562,1746450,0.0,0.0
2010-03-31 00:00:00-04:00,16.599413287865577,16.739442230132717,16.479388725488995,16.58740997314453,1576350,0.0,0.0
2010-04-01 00:00:00-04:00,16.68342775832721,16.923476856249913,16.659422848534938,16.751441955566406,1021500,0.0,0.0
2010-04-05 00:00:00-04:00,16.74744363892998,16.895473649403947,16.715437660628446,16.80745506286621,602100,0.0,0.0
2010-04-06 00:00:00-04:00,16.743434564703684,16.931473239852913,16.715429133355787,16.899465560913086,586575,0.0,0.0
2010-04-07 00:00:00-04:00,16.91946576031841,16.979478855812758,16.73542766116103,16.84345054626465,753525,0.0,0.0
2010-04-08 00:00:00-04:00,16.82746058747326,16.947486877441406,16.69143216574957,16.947486877441406,671175,0.0,0.0
2010-04-09 00:00:00-04:00,16.963486433858545,17.00349519110727,16.867466790034943,16.979490280151367,632475,0.0,0.0
2010-04-12 00:00:00-04:00,17.043497020367646,17.043497020367646,16.911470908960297,16.995487213134766,433800,0.0,0.0
2010-04-13 00:00:00-04:00,16.955482644099355,17.039498960458516,16.89947004956019,16.983488082885742,609525,0.0,0.0
2010-04-14 00:00:00-04:00,17.051501243539896,17.071503900775717,16.943478309635033,17.027496337890625,844875,0.0,0.0
2010-04-15 00:00:00-04:00,17.019494096255418,17.019494096255418,16.847457520212025,16.859460830688477,1119150,0.0,0.0
2010-04-16 00:00:00-04:00,16.819452983268974,16.95148082072981,16.6874268627744,16.719432830810547,1143450,0.0,0.0
2010-04-19 00:00:00-04:00,16.723433503922955,16.775443846284816,16.555399165618173,16.63141441345215,916875,0.0,0.0
2010-04-20 00:00:00-04:00,16.72743492092105,16.83945839137705,16.655420200692124,16.675424575805664,1121175,0.0,0.0
2010-04-21 00:00:00-04:00,17.12751857733899,17.191532239186618,16.711432350779134,17.171527862548828,3826800,0.0,0.0
2010-04-22 00:00:00-04:00,17.08351354243271,17.295557240402438,17.031503180414397,17.25554847717285,1308825,0.0,0.0
2010-04-23 00:00:00-04:00,17.211537961827197,17.487593573511038,17.14352204575973,17.415578842163086,925200,0.0,0.0
2010-04-26 00:00:00-04:00,17.423578877861896,17.48759081766142,17.279549437863423,17.303552627563477,1014075,0.0,0.0
2010-04-27 00:00:00-04:00,17.583607603993535,17.603611975811905,17.215531283254133,17.259540557861328,1768275,0.0,0.0
2010-04-28 00:00:00-04:00,17.755649955380115,17.755649955380115,17.375571881164927,17.435585021972656,1141200,0.0,0.0
2010-04-29 00:00:00-04:00,17.49159149753582,17.679630220844246,17.49159149753582,17.631620407104492,864000,0.0,0.0
2010-04-30 00:00:00-04:00,17.595613756143454,17.643623569476276,17.303552627563477,17.303552627563477,1000575,0.0,0.0
2010-05-03 00:00:00-04:00,17.439589255241728,17.63162859942952,17.427587654713577,17.619626998901367,782100,0.0,0.0
2010-05-04 00:00:00-04:00,17.45958415743561,17.483589062421995,17.067502898013878,17.20353126525879,1195650,0.0,0.0
2010-05-05 00:00:00-04:00,17.08750770174691,17.159522418518627,16.759441803319937,16.795448303222656,1184400,0.0,0.0
2010-05-06 00:00:00-04:00,16.71542565986386,16.875458870410036,15.203115511678483,16.287336349487305,2087325,0.0,0.0
2010-05-07 00:00:00-04:00,16.259341253672698,16.611413853763118,16.019292143830747,16.09130859375,2695275,0.0,0.0
2010-05-10 00:00:00-04:00,16.455375704570866,17.04349491193497,16.33134895375736,17.035493850708008,1596150,0.0,0.0
2010-05-11 00:00:00-04:00,16.863466910407144,17.1635291674532,16.83946199852213,17.063508987426758,1398375,0.0,0.0
2010-05-12 00:00:00-04:00,17.11151135387607,17.40357073100624,17.023494517802284,17.391569137573242,920700,0.0,0.0
2010-05-13 00:00:00-04:00,17.347566604614258,17.47959448549769,17.28755518018857,17.347566604614258,710100,0.0,0.0
2010-05-14 00:00:00-04:00,17.247545802381072,17.275551247242532,16.94348300752786,17.235544204711914,1911825,0.0,0.0
2010-05-17 00:00:00-04:00,17.303553392292034,17.379570364233867,17.00349290418393,17.251543045043945,2117700,0.0,0.0
2010-05-18 00:00:00-04:00,17.415578528319326,17.42758184181099,16.971486834526548,17.01149559020996,949275,0.0,0.0
2010-05-19 00:00:00-04:00,16.903469881466478,16.96748181326438,16.41936956006872,16.599407196044922,1306800,0.0,0.0
2010-05-20 00:00:00-04:00,16.199328662143458,16.539397923643296,16.143316062590237,16.299348831176758,2263950,0.0,0.0
2010-05-21 00:00:00-04:00,16.039289134785207,16.383360511723907,16.039289134785207,16.23533058166504,2118600,0.0,0.0
2010-05-24 00:00:00-04:00,16.227329353033323,16.42336910166438,16.19132285818719,16.207324981689453,1035000,0.0,0.0
2010-05-25 00:00:00-04:00,15.895263769751994,16.207327548018004,15.579199459976955,16.175321578979492,1707300,0.0,0.0
2010-05-26 00:00:00-04:00,16.2153264985246,16.419369031599295,15.97927800058109,16.03129005432129,1507275,0.0,0.0
2010-05-27 00:00:00-04:00,16.30734765837832,16.571401596069336,16.195324203399483,16.571401596069336,1038600,0.0,0.0
2010-05-28 00:00:00-04:00,16.51538861955694,16.53139246045151,16.17931997953358,16.243331909179688,1020825,0.0,0.0
2010-06-01 00:00:00-04:00,16.195328018317372,16.503389587384415,16.087305068969727,16.087305068969727,848475,0.0,0.0
2010-06-02 00:00:00-04:00,16.139319889381547,16.623420454071645,16.139319889381547,16.615419387817383,1145475,0.0,0.0
2010-06-03 00:00:00-04:00,16.543393083706697,16.815449778137342,16.52739096071618,16.771440505981445,1135125,0.0,0.0
2010-06-04 00:00:00-04:00,16.483384235305554,16.547396171089684,16.03529209998537,16.071298599243164,2042325,0.0,0.0
2010-06-07 00:00:00-04:00,16.123310444524016,16.123310444524016,15.787241776722901,15.81124496459961,1293975,0.0,0.0
2010-06-08 00:00:00-04:00,15.807246191015372,15.967279480085685,15.643212370187424,15.89926528930664,1315800,0.0,0.0
2010-06-09 00:00:00-04:00,15.95527434844078,16.339354541805534,15.90326572455574,15.971278190612793,979875,0.0,0.0
2010-06-10 00:00:00-04:00,16.25533975579714,16.415373058508298,16.21133046877908,16.375364303588867,806850,0.0,0.0
2010-06-11 00:00:00-04:00,16.203332283254962,16.6154180680229,16.171324586846325,16.563405990600586,862425,0.0,0.0
2010-06-14 00:00:00-04:00,16.67158854625492,16.84387319240849,16.651555127965597,16.7076473236084,1291950,0.026667,0.0
2010-06-15 00:00:00-04:00,16.85989449922391,16.960059836921435,16.787775249746662,16.952045440673828,1993050,0.0,0.0
2010-06-16 00:00:00-04:00,16.81181484992569,17.12833793323749,16.81181484992569,16.98810577392578,1440450,0.0,0.0
2010-06-17 00:00:00-04:00,17.1163216593087,17.14436775177087,16.827844617768463,16.976089477539062,689850,0.0,0.0
2010-06-18 00:00:00-04:00,16.98810824405878,17.104300670653526,16.932016059961494,17.020160675048828,1394775,0.0,0.0
2010-06-21 00:00:00-04:00,17.17641743246102,17.304630576696105,16.91198018673162,16.98810577392578,442350,0.0,0.0
2010-06-22 00:00:00-04:00,16.98810678471321,17.164399438661185,16.747709274291992,16.747709274291992,888975,0.0,0.0
2010-06-23 00:00:00-04:00,16.735688974801377,16.835856039633867,16.523339267949048,16.719663619995117,577575,0.0,0.0
2010-06-24 00:00:00-04:00,16.60347541130872,16.67559468460371,16.431190767236103,16.455228805541992,742275,0.0,0.0
2010-06-25 00:00:00-04:00,16.531348372357286,16.65955978038982,16.37108282272289,16.543367385864258,1225575,0.0,0.0
2010-06-28 00:00:00-04:00,16.495292010125656,16.703637104707234,16.395126661399868,16.603471755981445,753525,0.0,0.0
2010-06-29 00:00:00-04:00,16.427187945987843,16.439208688432796,16.106658313404395,16.222850799560547,1467900,0.0,0.0
2010-06-30 00:00:00-04:00,16.21081393131139,16.339025312913797,16.038529403685605,16.08660888671875,1562175,0.0,0.0
2010-07-01 00:00:00-04:00,16.086605589731963,16.162731135689352,15.902300369392702,16.066572189331055,2210400,0.0,0.0
2010-07-02 00:00:00-04:00,16.17075651242073,16.323007707760695,16.12267528712211,16.234861373901367,1241100,0.0,0.0
2010-07-06 00:00:00-04:00,16.431181515379652,16.579426318215514,16.05455828263914,16.17475700378418,1041525,0.0,0.0
2010-07-07 00:00:00-04:00,16.246878684159082,16.591447830200195,16.214826260177563,16.591447830200195,2051775,0.0,0.0
2010-07-08 00:00:00-04:00,16.723662287903792,16.863894394889083,16.631509662201584,16.763729095458984,1616400,0.0,0.0
2010-07-09 00:00:00-04:00,16.795790219200928,17.020160675048828,16.779763143976513,17.020160675048828,813375,0.0,0.0
2010-07-12 00:00:00-04:00,16.98810620831669,17.028173031846993,16.803800883427588,16.960060119628906,818550,0.0,0.0
2010-07-13 00:00:00-04:00,17.14435862336431,17.356708232995985,16.9921057862005,17.332670211791992,1118925,0.0,0.0
2010-07-14 00:00:00-04:00,17.27658270115082,17.42883387493887,17.224496863773776,17.37274169921875,783900,0.0,0.0
2010-07-15 00:00:00-04:00,17.3366789292917,17.36071867325466,17.028168595190714,17.26055335998535,783000,0.0,0.0
2010-07-16 00:00:00-04:00,17.204461752525127,17.204461752525127,16.73167948559005,16.75972557067871,753750,0.0,0.0
2010-07-19 00:00:00-04:00,16.83184939297962,16.980095973580077,16.66357111719149,16.94002914428711,366975,0.0,0.0
2010-07-20 00:00:00-04:00,16.739688957449875,17.172404278725747,16.639523660397508,17.124324798583984,622125,0.0,0.0
2010-07-21 00:00:00-04:00,17.753365879984194,18.061877909709615,17.557041606029827,17.625154495239258,2263275,0.0,0.0
2010-07-22 00:00:00-04:00,17.82548861375404,18.08992754840845,17.777409120082023,17.853534698486328,1525950,0.0,0.0
2010-07-23 00:00:00-04:00,17.857544428357322,18.17406750476688,17.617145218023413,18.125988006591797,2614725,0.0,0.0
2010-07-26 00:00:00-04:00,18.142018269493693,18.514637060381002,18.10996583518871,18.470563888549805,1440225,0.0,0.0
2010-07-27 00:00:00-04:00,18.626819450664357,18.626819450664357,17.869566370621886,17.937679290771484,1796625,0.0,0.0
2010-07-28 00:00:00-04:00,17.933673076961433,18.097945010360355,17.801455294126406,17.849533081054688,951750,0.0,0.0
2010-07-29 00:00:00-04:00,17.95770784707971,17.973734917914314,17.533005085358305,17.68926429748535,1156050,0.0,0.0
2010-07-30 00:00:00-04:00,17.53701236374857,18.025821715565943,17.396780214935188,17.73734474182129,757125,0.0,0.0
2010-08-02 00:00:00-04:00,18.0298287012668,18.0298287012668,17.877577532807635,17.969728469848633,1322325,0.0,0.0
2010-08-03 00:00:00-04:00,17.8936061236477,18.041850980730413,17.77340735851864,17.937679290771484,687825,0.0,0.0
2010-08-04 00:00:00-04:00,18.073899889329965,18.218138365653207,17.95770749682653,18.10995864868164,767250,0.0,0.0
2010-08-05 00:00:00-04:00,17.941679060269447,18.246183060253756,17.79744059492816,18.18608283996582,990000,0.0,0.0
2010-08-06 00:00:00-04:00,17.985761483321358,18.246192466577522,17.80947050795275,18.222152709960938,1040850,0.0,0.0
2010-08-09 00:00:00-04:00,18.262216137594,18.466553170989386,18.222149310887225,18.438507080078125,855675,0.0,0.0
2010-08-10 00:00:00-04:00,18.178078697889955,18.2501979644136,17.977747975143917,18.182085037231445,666225,0.0,0.0
2010-08-11 00:00:00-04:00,17.797450676091415,17.841523852042357,17.4208272301024,17.6331787109375,1072800,0.0,0.0
2010-08-12 00:00:00-04:00,17.292604556020038,17.524989304382707,17.208464598370174,17.39677619934082,904950,0.0,0.0
2010-08-13 00:00:00-04:00,17.400781377452407,17.480914992630584,17.30061607793757,17.332670211791992,903375,0.0,0.0
2010-08-16 00:00:00-04:00,17.2044608529601,17.43684563632981,17.080255785799825,17.376747131347656,617625,0.0,0.0
2010-08-17 00:00:00-04:00,17.537006609320073,17.849523228330515,17.516973206140534,17.729326248168945,773325,0.0,0.0
2010-08-18 00:00:00-04:00,17.6652251724463,17.745357090521843,17.472905474039933,17.677244186401367,512775,0.0,0.0
2010-08-19 00:00:00-04:00,17.59711345805381,17.621153207047616,17.288603059390162,17.356714248657227,561600,0.0,0.0
2010-08-20 00:00:00-04:00,17.256541686154474,17.336675295540484,17.064223774760464,17.276575088500977,689625,0.0,0.0
2010-08-23 00:00:00-04:00,17.31664320597898,17.464887987340763,17.13634429064965,17.148365020751953,385425,0.0,0.0
2010-08-24 00:00:00-04:00,16.911972493433108,17.14435720712061,16.675581443209225,16.980085372924805,732600,0.0,0.0
2010-08-25 00:00:00-04:00,16.847867422904418,17.076245820014766,16.719656045246435,17.008132934570312,622125,0.0,0.0
2010-08-26 00:00:00-04:00,17.100298779593842,17.304637593884344,17.060231940840595,17.19245147705078,1188000,0.0,0.0
2010-08-27 00:00:00-04:00,17.308644591425278,17.565067554701788,16.980100627869344,17.52099609375,950400,0.0,0.0
2010-08-30 00:00:00-04:00,17.428842649131134,17.492949253269078,17.11632746753954,17.132352828979492,499500,0.0,0.0
2010-08-31 00:00:00-04:00,17.060226822525994,17.30463240224454,16.956055136371624,17.224498748779297,1601100,0.0,0.0
2010-09-01 00:00:00-04:00,17.51697542176228,17.817473068547923,17.43283718111545,17.709293365478516,1227825,0.0,0.0
2010-09-02 00:00:00-04:00,17.781424882221554,17.909638079606108,17.701292923450634,17.89761734008789,995850,0.0,0.0
2010-09-03 00:00:00-04:00,18.057875550926788,18.346352547219244,18.057875550926788,18.246187210083008,971775,0.0,0.0
2010-09-07 00:00:00-04:00,18.23816571894395,18.23816571894395,17.92164106810429,17.945682525634766,602325,0.0,0.0
2010-09-08 00:00:00-04:00,17.9497000896629,18.121984700372746,17.94168569232048,18.041851043701172,743400,0.0,0.0
2010-09-09 00:00:00-04:00,18.298267660173764,18.302273997366242,17.9336651837881,17.973731994628906,560250,0.0,0.0
2010-09-10 00:00:00-04:00,18.02982668846935,18.170058826664846,17.997772547508042,18.057872772216797,991350,0.0,0.0
2010-09-13 00:00:00-04:00,18.17407088752914,18.350363559957014,18.11797870237053,18.302282333374023,1495125,0.0,0.0
2010-09-14 00:00:00-04:00,18.24611384772335,18.450721333068117,18.20198272019487,18.326351165771484,1545975,0.026667,0.0
2010-09-15 00:00:00-04:00,18.298258689226213,18.474783107680373,18.20999647999913,18.454723358154297,782775,0.0,0.0
2010-09-16 00:00:00-04:00,18.38251668893626,18.555027849518257,18.362456931339317,18.402576446533203,726750,0.0,0.0
2010-09-17 00:00:00-04:00,18.394545560474963,18.55101024174445,18.342391240624888,18.458736419677734,905400,0.0,0.0
2010-09-20 00:00:00-04:00,18.494843770685257,18.6954378324153,18.450712663892038,18.68340301513672,788850,0.0,0.0
2010-09-21 00:00:00-04:00,18.683415994477123,18.76365333056605,18.538987756484804,18.63125991821289,659925,0.0,0.0
2010-09-22 00:00:00-04:00,18.559043954941163,18.73155515733556,18.278212445676896,18.45072364807129,696150,0.0,0.0
2010-09-23 00:00:00-04:00,18.29024566378978,18.55101910941308,18.185936974228493,18.193960189819336,747000,0.0,0.0
2010-09-24 00:00:00-04:00,18.422636054290145,18.699455886060957,18.422636054290145,18.675384521484375,763425,0.0,0.0
2010-09-27 00:00:00-04:00,18.675379636334632,18.855915684293873,18.478797164001673,18.703462600708008,910125,0.0,0.0
2010-09-28 00:00:00-04:00,18.74760050933658,19.204958204219604,18.559041180816028,19.12873077392578,1834650,0.0,0.0
2010-09-29 00:00:00-04:00,19.004356315672695,19.156807684563244,18.92411730322973,19.040462493896484,849375,0.0,0.0
2010-09-30 00:00:00-04:00,19.132744208611935,19.5018379308705,19.132744208611935,19.164838790893555,2423025,0.0,0.0
2010-10-01 00:00:00-04:00,19.225011939237696,19.325310714092375,18.98429832302565,19.261119842529297,1017225,0.0,0.0
2010-10-04 00:00:00-04:00,19.204960499524173,19.313280803148835,19.03244758057793,19.180889129638672,1058175,0.0,0.0
2010-10-05 00:00:00-04:00,19.357409036582442,19.81075338850191,19.333337670301052,19.750574111938477,1306125,0.0,0.0
2010-10-06 00:00:00-04:00,19.714464405138568,19.895000480890527,19.34135743350165,19.45770263671875,1468350,0.0,0.0
2010-10-07 00:00:00-04:00,19.513872078540718,19.553989871035338,19.22501398660474,19.369443893432617,703350,0.0,0.0
2010-10-08 00:00:00-04:00,19.369443611832533,19.421597946521146,19.225013707104434,19.353395462036133,942525,0.0,0.0
2010-10-11 00:00:00-04:00,19.393510526871758,19.566023378195343,19.31327323261206,19.505844116210938,627525,0.0,0.0
2010-10-12 00:00:00-04:00,19.46572790068338,19.638240781186045,19.22902586260371,19.56602668762207,1546650,0.0,0.0
2010-10-13 00:00:00-04:00,19.726508032096024,20.05949564184476,19.66633046112574,19.971233367919922,1055025,0.0,0.0
2010-10-14 00:00:00-04:00,19.975242721107062,20.015360519859744,19.702434458364646,19.738540649414062,825075,0.0,0.0
2010-10-15 00:00:00-04:00,19.923080794666944,19.963200299869918,19.57003362535119,19.646259307861328,1074825,0.0,0.0
2010-10-18 00:00:00-04:00,19.738534398075732,19.931105280604136,19.7224862506252,19.907033920288086,898200,0.0,0.0
2010-10-19 00:00:00-04:00,19.626206245441367,19.730516650182555,19.409563942591177,19.582075119018555,1135350,0.0,0.0
2010-10-20 00:00:00-04:00,19.654283776109807,19.94314009990241,19.614165990062723,19.907033920288086,747450,0.0,0.0
2010-10-21 00:00:00-04:00,19.951168054259725,20.199904907934098,19.890990505220984,20.131702423095703,1077300,0.0,0.0
2010-10-22 00:00:00-04:00,20.08356500444507,20.15176577974648,19.87895751338063,20.00733757019043,904500,0.0,0.0
2010-10-25 00:00:00-04:00,20.111645496145893,20.384453728812783,20.111645496145893,20.17583465576172,1035225,0.0,0.0
2010-10-26 00:00:00-04:00,20.260081647960387,21.744482813946384,20.163796204149826,21.519817352294922,4542750,0.0,0.0
2010-10-27 00:00:00-04:00,21.455631427585637,21.455631427585637,20.954144338536835,21.182823181152344,1871550,0.0,0.0
2010-10-28 00:00:00-04:00,21.287123234456544,21.3834086614346,21.094552380500428,21.35532569885254,1343700,0.0,0.0
2010-10-29 00:00:00-04:00,21.331259867447823,21.724426610594588,21.279105534611947,21.684307098388672,1718325,0.0,0.0
2010-11-01 00:00:00-04:00,21.7244300568948,22.266036670714776,21.696347082583536,21.904964447021484,2546325,0.0,0.0
2010-11-02 00:00:00-04:00,22.05340185127658,22.19381842924602,21.8487961166558,22.037355422973633,1045575,0.0,0.0
2010-11-03 00:00:00-04:00,22.065446674582827,22.20185169666437,21.852815924298216,22.085506439208984,1088775,0.0,0.0
2010-11-04 00:00:00-04:00,22.33021198069766,22.61104499302141,22.286080881993197,22.582962036132812,1251450,0.0,0.0
2010-11-05 00:00:00-04:00,22.5147683480898,22.815661224358198,22.5147683480898,22.699316024780273,717750,0.0,0.0
2010-11-08 00:00:00-05:00,22.554884674969255,22.683264676189776,22.44656270384622,22.546859741210938,1049175,0.0,0.0
2010-11-09 00:00:00-05:00,22.599020894928834,22.70734116882696,22.4345312371789,22.57093620300293,1250775,0.0,0.0
2010-11-10 00:00:00-05:00,22.61105513037752,22.679255889804313,22.40243608011534,22.667221069335938,822600,0.0,0.0
2010-11-11 00:00:00-05:00,22.31418857429012,22.43053385755707,21.9892258247577,22.129642486572266,1669950,0.0,0.0
2010-11-12 00:00:00-05:00,21.965139499064954,22.225914618323166,21.892925406902915,22.00124740600586,608625,0.0,0.0
2010-11-15 00:00:00-05:00,22.101547067425795,22.274059964859127,21.93705910676702,22.121606826782227,1033875,0.0,0.0
2010-11-16 00:00:00-05:00,21.99723229939339,22.037351807007358,21.53185152057373,21.780590057373047,801000,0.0,0.0
2010-11-17 00:00:00-05:00,21.80868296729151,22.001253936886638,21.716409090740466,21.957122802734375,580500,0.0,0.0
2010-11-18 00:00:00-05:00,22.1898042758406,22.53482654883874,22.1898042758406,22.37034034729004,982575,0.0,0.0
2010-11-19 00:00:00-05:00,22.338249676517623,22.418486988006684,22.181784939136094,22.386390686035156,418725,0.0,0.0
2010-11-22 00:00:00-05:00,22.358312243447582,22.843752983220362,22.258015153333613,22.795608520507812,1075275,0.0,0.0
2010-11-23 00:00:00-05:00,22.703330087962765,22.743449601598204,22.514770784283854,22.711353302001953,1023750,0.0,0.0
2010-11-24 00:00:00-05:00,22.779560376892462,23.477630068845293,22.75548900820443,23.465595245361328,2590200,0.0,0.0
2010-11-26 00:00:00-05:00,23.309123654104923,23.55786220543446,23.144635729342376,23.3492431640625,468000,0.0,0.0
2010-11-29 00:00:00-05:00,23.192780687555754,23.321162443103553,23.02026953286564,23.309125900268555,1048725,0.0,0.0
2010-11-30 00:00:00-05:00,23.136615390095265,23.947018572902092,23.044341538762236,23.738399505615234,2504025,0.0,0.0
2010-12-01 00:00:00-05:00,24.09144290528171,24.87777459763135,24.08341969226533,24.79352569580078,2076975,0.0,0.0
2010-12-02 00:00:00-05:00,24.733350341195028,24.821612585199844,24.34820850803917,24.42844581604004,2218275,0.0,0.0
2010-12-03 00:00:00-05:00,24.280007142211467,24.42443533631161,24.195756501459773,24.292043685913086,1890000,0.0,0.0
2010-12-06 00:00:00-05:00,24.231864669905516,24.368269650809463,24.011210769069063,24.035282135009766,1784925,0.0,0.0
2010-12-07 00:00:00-05:00,24.288027470326423,24.348205012257164,23.89486075761534,24.027254104614258,1609200,0.0,0.0
2010-12-08 00:00:00-05:00,24.075472641003316,24.196010606541645,23.92680943755789,23.96698760986328,1159650,0.04,0.0
2010-12-09 00:00:00-05:00,24.13975447477182,24.167879706089163,23.89064158815249,24.019216537475586,1216125,0.0,0.0
2010-12-10 00:00:00-05:00,24.12769677995952,24.18796660317188,23.98706891677447,24.139751434326172,1271700,0.0,0.0
2010-12-13 00:00:00-05:00,24.208062895587148,24.372796662104946,24.023237458416762,24.115650177001953,1702800,0.0,0.0
2010-12-14 00:00:00-05:00,24.147796476897216,24.200029310197394,24.023240861109606,24.12770652770996,1649250,0.0,0.0
2010-12-15 00:00:00-05:00,24.07546798322653,24.493332274813316,23.926804808542325,24.003145217895508,2041200,0.0,0.0
2010-12-16 00:00:00-05:00,24.07145519841637,24.320566421184555,23.926809638555277,24.288423538208008,1631025,0.0,0.0
2010-12-17 00:00:00-05:00,24.167880826403852,24.268328824755258,23.794212341308594,23.794212341308594,3719475,0.0,0.0
2010-12-20 00:00:00-05:00,23.962967940058206,24.043327726500287,23.34822522991748,23.8022518157959,2123550,0.0,0.0
2010-12-21 00:00:00-05:00,23.842434504707914,24.075475170671858,23.818326909067206,24.04734992980957,2525625,0.0,0.0
2010-12-22 00:00:00-05:00,24.384850076515477,24.384850076515477,23.667648857251905,23.68572998046875,1390200,0.0,1.5
2010-12-23 00:00:00-05:00,23.661619808405067,23.812293530665897,23.565191178138047,23.752023696899414,996450,0.0,0.0
2010-12-27 00:00:00-05:00,23.697782516479492,23.788186406739943,23.559163447988237,23.697782516479492,407700,0.0,0.0
2010-12-28 00:00:00-05:00,23.71585885579612,23.878585480580067,23.61340205379937,23.84844970703125,796500,0.0,0.0
2010-12-29 00:00:00-05:00,23.860513622504456,23.88462121611434,23.625464153730313,23.788190841674805,678150,0.0,0.0
2010-12-30 00:00:00-05:00,23.727918296106832,23.932831941432347,23.691756050278336,23.697782516479492,432450,0.0,0.0
2010-12-31 00:00:00-05:00,23.69176012184832,23.81832455537733,23.619437342073017,23.65559959411621,498450,0.0,0.0
2011-01-03 00:00:00-05:00,23.7520285783163,24.10761773928946,23.7520285783163,23.90270233154297,603300,0.0,0.0
2011-01-04 00:00:00-05:00,23.90873387445448,23.96297554048928,23.31207037513728,23.553146362304688,765600,0.0,0.0
2011-01-05 00:00:00-05:00,23.42054724249191,23.84845567686168,23.42054724249191,23.691757202148438,806850,0.0,0.0
2011-01-06 00:00:00-05:00,23.637514193143463,23.812293781579665,23.535055647091895,23.709836959838867,570000,0.0,0.0
2011-01-07 00:00:00-05:00,23.770106439505057,23.842429210367523,23.38438499490524,23.691757202148438,824700,0.0,0.0
2011-01-10 00:00:00-05:00,23.52903318812695,23.68573340480967,23.131257041402385,23.583274841308594,1430250,0.0,0.0
2011-01-11 00:00:00-05:00,23.613412380263807,23.890648858254938,23.589303061157246,23.667654037475586,592200,0.0,0.0
2011-01-12 00:00:00-05:00,23.860511775797487,24.101587693238024,23.733945625907975,24.089534759521484,620550,0.0,0.0
2011-01-13 00:00:00-05:00,24.131729221656133,24.27637481689453,23.993111819452963,24.27637481689453,1098150,0.0,0.0
2011-01-14 00:00:00-05:00,24.179938869222884,24.390879005578476,24.179938869222884,24.306503295898438,666000,0.0,0.0
2011-01-18 00:00:00-05:00,24.222128213223158,24.704281823398464,24.125697836050325,24.698253631591797,1343550,0.0,0.0
2011-01-19 00:00:00-05:00,24.62593549728752,24.764554621718037,24.011190864611365,24.071460723876953,780000,0.0,0.0
2011-01-20 00:00:00-05:00,23.981055162726285,24.053377954329004,23.601360075734185,23.72792625427246,895050,0.0,0.0
2011-01-21 00:00:00-05:00,23.7460037496648,24.824819068742045,23.70381502687752,24.360748291015625,1537050,0.0,0.0
2011-01-24 00:00:00-05:00,24.288417420709063,24.354713716691858,23.975018786612093,24.30047035217285,942450,0.0,0.0
2011-01-25 00:00:00-05:00,24.27034329152006,24.439096450805664,24.137752385665518,24.439096450805664,698100,0.0,0.0
2011-01-26 00:00:00-05:00,24.571683883666992,24.710301227669877,24.360742048099777,24.571683883666992,999300,0.0,0.0
2011-01-27 00:00:00-05:00,24.764543708699925,25.614335762392088,24.017208473866877,24.149799346923828,1427550,0.0,0.0
2011-01-28 00:00:00-05:00,24.210073915306143,24.288423161270543,23.330145910984758,23.51095199584961,1408650,0.0,0.0
2011-01-31 00:00:00-05:00,23.54712034607223,24.698258637989227,23.51698455386375,24.577720642089844,1574400,0.0,0.0
2011-02-01 00:00:00-05:00,24.73441684258805,25.282865065065227,24.637984737371443,25.22259521484375,1341900,0.0,0.0
2011-02-02 00:00:00-05:00,25.114106584897666,25.30696730590342,24.927272330345627,24.98151397705078,842550,0.0,0.0
2011-02-03 00:00:00-05:00,24.96946274016514,24.993570331928343,24.644009389206463,24.76454734802246,1095750,0.0,0.0
2011-02-04 00:00:00-05:00,24.860976780033702,25.120133812818732,24.77660107419143,25.102052688598633,590400,0.0,0.0
2011-02-07 00:00:00-05:00,25.18040275420124,25.48174851195274,25.17437628736706,25.29491424560547,680550,0.0,0.0
2011-02-08 00:00:00-05:00,25.33710098162445,25.975952972508438,25.33710098162445,25.939790725708008,1252800,0.0,0.0
2011-02-09 00:00:00-05:00,25.819251789148268,26.072382334135,25.608311680021888,25.716794967651367,652500,0.0,0.0
2011-02-10 00:00:00-05:00,25.535991902067387,27.018609651465315,25.46969386960686,26.4279727935791,2361900,0.0,0.0
2011-02-11 00:00:00-05:00,26.313455730594956,26.47618237093932,26.186891332242944,26.343589782714844,750000,0.0,0.0
2011-02-14 00:00:00-05:00,26.289356027699444,26.379759935480074,25.79514949290165,26.186899185180664,1057200,0.0,0.0
2011-02-15 00:00:00-05:00,26.03622188188272,26.10251818683934,25.710770272269038,25.915685653686523,667650,0.0,0.0
2011-02-16 00:00:00-05:00,25.95184721989792,26.16881554312737,25.686663713728596,25.867469787597656,954300,0.0,0.0
2011-02-17 00:00:00-05:00,25.83131095221196,25.994035912044907,25.783095766118258,25.879526138305664,556350,0.0,0.0
2011-02-18 00:00:00-05:00,25.867472618988142,26.012118183640325,25.698719460227263,25.988012313842773,730050,0.0,0.0
2011-02-22 00:00:00-05:00,25.680634019045502,25.795143770901344,25.089995515805096,25.126157760620117,935100,0.0,0.0
2011-02-23 00:00:00-05:00,25.11411125559431,25.20451344214552,24.529500793087223,24.945356369018555,1426500,0.0,0.0
2011-02-24 00:00:00-05:00,24.957406450960526,25.15026717246112,24.66811536870964,24.824813842773438,1093050,0.0,0.0
2011-02-25 00:00:00-05:00,24.99357605293021,25.397377014160156,24.945359134056034,25.397377014160156,981300,0.0,0.0
2011-02-28 00:00:00-05:00,25.46366951195163,25.554071688819082,25.18643134148731,25.282861709594727,756900,0.0,0.0
2011-03-01 00:00:00-05:00,25.421484472738676,25.421484472738676,24.734417138414795,24.951385498046875,769500,0.0,0.0
2011-03-02 00:00:00-05:00,24.860984190504166,25.6083214541299,24.860984190504166,25.373271942138672,877500,0.0,0.0
2011-03-03 00:00:00-05:00,25.58420650306543,26.204979171471958,25.58420650306543,25.96390151977539,1015950,0.0,0.0
2011-03-04 00:00:00-05:00,25.975955071329967,25.975955071329967,25.300942503416294,25.59626007080078,607950,0.0,0.0
2011-03-07 00:00:00-05:00,25.75296021122238,25.873498169460788,25.053838329128656,25.29491424560547,541800,0.0,0.0
2011-03-08 00:00:00-05:00,25.36723919139347,25.771041817125976,25.156299039657917,25.58420753479004,507900,0.0,0.0
2011-03-09 00:00:00-05:00,25.58420697803112,25.885552755012966,25.319023452983963,25.795148849487305,978000,0.0,0.0
2011-03-10 00:00:00-05:00,25.445584853752557,25.48777184070867,24.84289341245349,25.08397102355957,728550,0.0,0.0
2011-03-11 00:00:00-05:00,24.89111707135413,25.48175405741508,24.854956538168665,25.306974411010742,713250,0.0,0.0
2011-03-14 00:00:00-04:00,24.98151775080146,25.14424443980955,24.481284749049024,24.680171966552734,1040100,0.0,0.0
2011-03-15 00:00:00-04:00,24.130910041495007,24.710341038493038,23.629943226963647,24.53530502319336,1317000,0.04,0.0
2011-03-16 00:00:00-04:00,24.462886995944995,24.577566529995735,24.16109902110221,24.26370620727539,1138350,0.0,0.0
2011-03-17 00:00:00-04:00,24.68017021586649,24.849170974294083,24.52324007676317,24.595670700073242,675450,0.0,0.0
2011-03-18 00:00:00-04:00,24.927640556502162,25.0724983806812,24.631889597180336,24.74053382873535,842400,0.0,0.0
2011-03-21 00:00:00-04:00,25.084571283872396,25.651930244359377,25.05439127470361,25.53725242614746,580050,0.0,0.0
2011-03-22 00:00:00-04:00,25.49500068026698,25.561394279957774,25.175106757162517,25.193214416503906,682200,0.0,0.0
2011-03-23 00:00:00-04:00,25.114742358153862,25.356172001163618,24.794848512876193,25.253564834594727,554700,0.0,0.0
2011-03-24 00:00:00-04:00,25.40446307502567,25.567428548773513,25.048355574593273,25.513107299804688,546900,0.0,0.0
2011-03-25 00:00:00-04:00,25.561382919822897,25.965777922236015,25.40445282001037,25.748491287231445,536400,0.0,0.0
2011-03-28 00:00:00-04:00,25.718320553585,25.76660475977865,25.446710885133182,25.525175094604492,565350,0.0,0.0
2011-03-29 00:00:00-04:00,25.48896218103149,25.94164324689188,25.29581844379412,25.905427932739258,484500,0.0,0.0
2011-03-30 00:00:00-04:00,26.050281556232875,26.152890445308863,25.881280813264187,26.134782791137695,453600,0.0,0.0
2011-03-31 00:00:00-04:00,26.110644965216505,26.47882652282715,25.923536531262414,26.47882652282715,898500,0.0,0.0
2011-04-01 00:00:00-04:00,26.569358988231894,26.94961113252492,26.50296540035637,26.93150520324707,1186950,0.0,0.0
2011-04-04 00:00:00-04:00,26.925468166646652,26.955646442284205,26.63575257610742,26.93150520324707,610800,0.0,0.0
2011-04-05 00:00:00-04:00,26.87718260345882,26.955646811928897,26.684038873784072,26.702146530151367,648750,0.0,0.0
2011-04-06 00:00:00-04:00,26.859076305612263,27.03411237651943,26.569358988231894,26.93150520324707,691800,0.0,0.0
2011-04-07 00:00:00-04:00,26.88925778343491,26.961686689695124,26.364147781338023,26.60557746887207,926850,0.0,0.0
2011-04-08 00:00:00-04:00,26.74439637974903,26.780609964595808,25.9959627220498,26.18307113647461,692550,0.0,0.0
2011-04-11 00:00:00-04:00,26.183072408410744,26.291716621911064,25.718320731446667,25.857141494750977,709050,0.0,0.0
2011-04-12 00:00:00-04:00,25.7062427037411,25.7062427037411,25.374276553483288,25.549312591552734,603600,0.0,0.0
2011-04-13 00:00:00-04:00,25.63985805328505,25.929573690319007,25.61571508353222,25.839038848876953,675150,0.0,0.0
2011-04-14 00:00:00-04:00,25.615711624833356,25.670032867732278,25.362209613236427,25.555355072021484,923700,0.0,0.0
2011-04-15 00:00:00-04:00,26.979780443248305,27.31778185323206,26.460707712764968,27.034103393554688,5016450,0.0,0.0
2011-04-18 00:00:00-04:00,26.81682769830907,27.191042834115706,26.327931307413465,26.593503952026367,1173450,0.0,0.0
2011-04-19 00:00:00-04:00,26.671965887453826,26.847003683403642,26.358107334261174,26.822860717773438,1281750,0.0,0.0
2011-04-20 00:00:00-04:00,27.21518365239782,27.565257519705384,27.100504133207313,27.516971588134766,1076400,0.0,0.0
2011-04-21 00:00:00-04:00,27.673904310979633,27.969655237731306,27.553187743949778,27.897226333618164,639750,0.0,0.0
2011-04-25 00:00:00-04:00,27.619577309086708,27.957578812312754,27.456613593733497,27.873079299926758,1148550,0.0,0.0
2011-04-26 00:00:00-04:00,28.066231059563354,28.36198375477675,27.987766834109056,28.229196548461914,995250,0.0,0.0
2011-04-27 00:00:00-04:00,28.25333979976327,28.36801762008568,27.909302885112943,28.223159790039062,1804800,0.0,0.0
2011-04-28 00:00:00-04:00,27.92136369145553,28.13865036013585,27.366075538161382,27.728219985961914,968700,0.0,0.0
2011-04-29 00:00:00-04:00,27.848938219590448,28.005866636142212,27.704080422692908,27.7885799407959,1363500,0.0,0.0
2011-05-02 00:00:00-04:00,27.794614373812564,27.80668499233607,27.42643287938973,27.492826461791992,967200,0.0,0.0
2011-05-03 00:00:00-04:00,27.390210925138668,27.486784484102465,26.877173498694162,27.003925323486328,1003950,0.0,0.0
2011-05-04 00:00:00-04:00,27.028075710556926,27.088433989500864,26.364145003220557,26.702146530151367,1104300,0.0,0.0
2011-05-05 00:00:00-04:00,26.49089915887709,27.02204449597917,26.4003625901607,26.55729103088379,935400,0.0,0.0
2011-05-06 00:00:00-04:00,26.907360510527667,27.088433618035253,26.82286099337429,26.93150520324707,1170150,0.0,0.0
2011-05-09 00:00:00-04:00,26.786648602967276,27.160865478319806,26.786648602967276,26.997900009155273,852450,0.0,0.0
2011-05-10 00:00:00-04:00,27.0280790783297,27.239330490694254,26.925471890865143,27.124650955200195,2399700,0.0,0.0
2011-05-11 00:00:00-04:00,27.160861596653458,27.311756423417805,26.442607954367535,26.581430435180664,980250,0.0,0.0
2011-05-12 00:00:00-04:00,26.502966199449137,26.75646821223489,26.152894047079748,26.611610412597656,994500,0.0,0.0
2011-05-13 00:00:00-04:00,26.593499437990143,26.768537219177404,26.201176711297812,26.297748565673828,795900,0.0,0.0
2011-05-16 00:00:00-04:00,26.140823966318205,26.382253653308084,25.85714365239476,25.88128662109375,1177800,0.0,0.0
2011-05-17 00:00:00-04:00,25.700214058085294,25.742462956268632,25.223390016113804,25.452747344970703,1229250,0.0,0.0
2011-05-18 00:00:00-04:00,25.37429243416721,26.038225150209914,25.289791153139856,25.983903884887695,693900,0.0,0.0
2011-05-19 00:00:00-04:00,26.0744266019494,26.35207156527828,25.881282880274036,26.020105361938477,613200,0.0,0.0
2011-05-20 00:00:00-04:00,25.971823060606653,26.02010899777257,25.57949852600258,25.71832275390625,518400,0.0,0.0
2011-05-23 00:00:00-04:00,25.307891815764282,25.422571353928774,24.951782579801606,25.338071823120117,691650,0.0,0.0
2011-05-24 00:00:00-04:00,25.398428691239058,25.4889652607184,24.692245521509907,24.746566772460938,1230300,0.0,0.0
2011-05-25 00:00:00-04:00,24.55945117624713,25.57345727974246,24.37234279408282,25.549312591552734,1765650,0.0,0.0
2011-05-26 00:00:00-04:00,25.380321828816673,25.65796685677923,25.27771463450072,25.59760856628418,1003050,0.0,0.0
2011-05-27 00:00:00-04:00,25.531208709918985,25.983889703166902,25.368243276055182,25.74245834350586,608850,0.0,0.0
2011-05-31 00:00:00-04:00,26.01407536649168,26.255505067905055,25.79678863521965,26.249469757080078,1497600,0.0,0.0
2011-06-01 00:00:00-04:00,26.140820777192953,26.303786227740012,25.38635352910333,25.39842414855957,1417950,0.0,0.0
2011-06-02 00:00:00-04:00,25.386352762406876,25.760567856865347,25.374280416474114,25.688138961791992,972600,0.0,0.0
2011-06-03 00:00:00-04:00,25.235454094016813,25.863172815929467,25.193205206786814,25.549312591552734,1565850,0.0,0.0
2011-06-06 00:00:00-04:00,25.434639836082194,25.609677647394452,25.22339016340812,25.28374671936035,1046250,0.0,0.0
2011-06-07 00:00:00-04:00,25.464815224212654,25.851102638166353,25.313920408006272,25.6036376953125,1307700,0.0,0.0
2011-06-08 00:00:00-04:00,25.482925991541432,25.488961301411514,25.175102739232,25.223388671875,810600,0.0,0.0
2011-06-09 00:00:00-04:00,25.27167112576258,25.48292248370634,25.072490385897417,25.386350631713867,727650,0.0,0.0
2011-06-10 00:00:00-04:00,25.25959304647469,25.27770069632276,24.939699291081332,25.078521728515625,776850,0.0,0.0
2011-06-13 00:00:00-04:00,25.060426372688152,25.217354810115157,24.806924330975033,24.8431396484375,1027350,0.0,0.0
2011-06-14 00:00:00-04:00,25.13327301188938,25.41132329566926,25.06678423043073,25.296476364135742,746250,0.04,0.0
2011-06-15 00:00:00-04:00,25.036560913722393,25.24207657253413,24.95193803964373,25.090961456298828,1134600,0.0,0.0
2011-06-16 00:00:00-04:00,25.090964077795494,25.169544569018264,24.504642830327978,24.77060317993164,1149300,0.0,0.0
2011-06-17 00:00:00-04:00,24.994256220326797,25.133279669681958,24.661805307519398,24.72224998474121,1573950,0.0,0.0
2011-06-20 00:00:00-04:00,24.655753799417624,24.9761163950233,24.565085075025,24.945892333984375,890400,0.0,0.0
2011-06-21 00:00:00-04:00,25.145367770678387,25.846536004552004,25.02447669587259,25.683334350585938,911700,0.0,0.0
2011-06-22 00:00:00-04:00,25.580581666177686,26.11250252063154,25.55035932269713,25.840497970581055,1107750,0.0,0.0
2011-06-23 00:00:00-04:00,25.465726101652336,26.07018141432555,25.0667864599691,26.003692626953125,1324350,0.0,0.0
2011-06-24 00:00:00-04:00,26.05808889288738,26.154801727030662,25.64705934777843,25.701459884643555,853050,0.0,0.0
2011-06-27 00:00:00-04:00,25.55035104041075,25.773999076650515,25.205810210711327,25.604751586914062,951900,0.0,0.0
2011-06-28 00:00:00-04:00,25.68332867755046,26.372406787056015,25.574525869576863,26.311962127685547,729900,0.0,0.0
2011-06-29 00:00:00-04:00,26.444948676606163,26.910378876813002,26.088317848405882,26.898290634155273,1268700,0.0,0.0
2011-06-30 00:00:00-04:00,26.958734223428568,27.30931918685716,26.789486727481513,27.14006996154785,1648650,0.0,0.0
2011-07-01 00:00:00-04:00,27.285137322238285,27.629678140316546,27.188426203584513,27.581321716308594,1411050,0.0,0.0
2011-07-05 00:00:00-04:00,27.472518365170195,27.65385581636662,27.399983730564045,27.569232940673828,795750,0.0,0.0
2011-07-06 00:00:00-04:00,27.539011080011818,27.798927307128906,27.345585372271145,27.798927307128906,857400,0.0,0.0
2011-07-07 00:00:00-04:00,27.956089821381443,28.161605537230642,27.823110488248176,27.895645141601562,963300,0.0,0.0
2011-07-08 00:00:00-04:00,27.551101555291098,27.665946774340775,27.29118532342057,27.58736801147461,786600,0.0,0.0
2011-07-11 00:00:00-04:00,27.242822183573207,27.52087071034936,26.89223730357684,26.940593719482422,1175250,0.0,0.0
2011-07-12 00:00:00-04:00,26.880149064281373,27.115887024161527,26.614187047438847,26.940593719482422,1072500,0.0,0.0
2011-07-13 00:00:00-04:00,27.04335253721656,27.321401065400398,26.90432567908186,27.200510025024414,947250,0.0,0.0
2011-07-14 00:00:00-04:00,27.31535868847381,27.31535868847381,26.49934368153274,26.608144760131836,950400,0.0,0.0
2011-07-15 00:00:00-04:00,26.716952729850103,26.74717506537086,26.227342593474837,26.55979347229004,872550,0.0,0.0
2011-07-18 00:00:00-04:00,26.408685360485602,26.43890770206619,25.91303100349581,26.106456756591797,751200,0.0,0.0
2011-07-19 00:00:00-04:00,26.26360993942882,26.571882594093463,26.197119419920323,26.50539207458496,582000,0.0,0.0
2011-07-20 00:00:00-04:00,26.602106758269347,26.68672964671301,26.30592232531062,26.57792854309082,563850,0.0,0.0
2011-07-21 00:00:00-04:00,26.674636872943147,27.115890522023214,26.577924028656348,27.00708770751953,764100,0.0,0.0
2011-07-22 00:00:00-04:00,26.988955205292545,27.115892117911308,26.831795959395958,26.96477699279785,582750,0.0,0.0
2011-07-25 00:00:00-04:00,26.632324672982897,27.37580509861884,26.438898983670267,27.267004013061523,1492950,0.0,0.0
2011-07-26 00:00:00-04:00,26.596048413400727,27.956073675314226,26.39053454560888,27.291173934936523,1775250,0.0,0.0
2011-07-27 00:00:00-04:00,27.56923323798126,27.811013626580355,26.287786283424683,26.396587371826172,1223400,0.0,0.0
2011-07-28 00:00:00-04:00,26.41473087257939,26.481221411044793,25.816319485116246,25.834453582763672,958500,0.0,0.0
2011-07-29 00:00:00-04:00,25.508035401247735,25.900932605226963,25.26625330465835,25.68937110900879,1058550,0.0,0.0
2011-08-01 00:00:00-04:00,25.991606573837338,26.082273581350726,25.38714948090752,25.677288055419922,894900,0.0,0.0
2011-08-02 00:00:00-04:00,25.36297208405815,25.713557070911197,24.5469568845934,24.583223342895508,1990800,0.0,0.0
2011-08-03 00:00:00-04:00,24.58927176152358,24.74038519072699,24.008992803831873,24.704118728637695,1308000,0.0,0.0
2011-08-04 00:00:00-04:00,24.27494941741203,24.383752245450406,23.096261048701454,23.114395141601562,1323000,0.0,0.0
2011-08-05 00:00:00-04:00,23.464979044305462,23.501247231130797,21.95988387830077,22.389047622680664,2747100,0.0,0.0
2011-08-08 00:00:00-04:00,21.446097551639358,21.941751825999756,20.388300208397997,20.394344329833984,2371350,0.0,0.0
2011-08-09 00:00:00-04:00,20.835591376858083,22.316507997574455,20.315760740160435,22.292329788208008,3137850,0.0,0.0
2011-08-10 00:00:00-04:00,21.64557005938855,21.990109234739773,21.319163250578132,21.409832000732422,2758200,0.0,0.0
2011-08-11 00:00:00-04:00,21.530719821471873,23.22924054450388,21.44005109236921,22.93910026550293,1270500,0.0,0.0
2011-08-12 00:00:00-04:00,23.04790161678835,23.25341727436011,22.63082618125327,23.132524490356445,1746000,0.0,0.0
2011-08-15 00:00:00-04:00,23.295717499952858,23.57376766681697,23.138560063399368,23.48309898376465,903450,0.0,0.0
2011-08-16 00:00:00-04:00,23.21110821730427,23.380355717459647,22.860523245158415,23.084171295166016,1050900,0.0,0.0
2011-08-17 00:00:00-04:00,23.241325043978982,23.392438415244587,22.673136277739182,22.902830123901367,763500,0.0,0.0
2011-08-18 00:00:00-04:00,22.17749255828464,22.22584899816095,21.204319638114566,21.403789520263672,891150,0.0,0.0
2011-08-19 00:00:00-04:00,21.022980753046383,21.851086028951762,20.99275841243508,21.077383041381836,1002000,0.0,0.0
2011-08-22 00:00:00-04:00,21.693920174888,21.838989441122944,21.071330808289186,21.2889347076416,1135650,0.0,0.0
2011-08-23 00:00:00-04:00,21.440048340381217,22.298373908209133,21.192220397353672,22.292329788208008,607800,0.0,0.0
2011-08-24 00:00:00-04:00,22.23189278110366,22.6671006994868,22.0928675970573,22.32860565185547,1922400,0.0,0.0
2011-08-25 00:00:00-04:00,22.54015937738397,22.715450975752088,21.70601022864114,21.845033645629883,969600,0.0,0.0
2011-08-26 00:00:00-04:00,21.645564798861262,22.485758105415982,21.313113948666192,22.30442237854004,1162350,0.0,0.0
2011-08-29 00:00:00-04:00,22.552250580391977,23.13857357438054,22.552250580391977,23.084171295166016,1038300,0.0,0.0
2011-08-30 00:00:00-04:00,22.896783332631333,23.7672005349503,22.848428646828864,23.58586311340332,1261200,0.0,0.0
2011-08-31 00:00:00-04:00,23.736987849404077,24.238686292856016,23.32595815355385,23.622140884399414,1067250,0.0,0.0
2011-09-01 00:00:00-04:00,23.62213795869252,23.869965953400094,23.078127269822925,23.156707763671875,898200,0.0,0.0
2011-09-02 00:00:00-04:00,22.437400514367273,22.781939561515408,22.02032511059645,22.17748260498047,678300,0.0,0.0
2011-09-06 00:00:00-04:00,21.409824538795966,22.509935672225215,21.403780418722246,22.29837417602539,1305750,0.0,0.0
2011-09-07 00:00:00-04:00,22.733589840989467,22.999550219301405,22.630831125074387,22.933059692382812,649200,0.0,0.0
2011-09-08 00:00:00-04:00,22.709404012935153,22.999542510207295,22.642913508303156,22.89678382873535,1724700,0.0,0.0
2011-09-09 00:00:00-04:00,22.600607812646444,22.72754473929836,21.838993170184402,21.9901065826416,1390050,0.0,0.0
2011-09-12 00:00:00-04:00,21.530716020151658,21.814808669493832,21.222443433246468,21.754364013671875,1494900,0.0,0.0
2011-09-13 00:00:00-04:00,21.911521712801253,22.564333288980954,21.71205021194726,22.49784278869629,1517250,0.0,0.0
2011-09-14 00:00:00-04:00,22.758185801844643,23.387834409619803,22.110373820421923,23.109336853027344,1060950,0.04,0.0
2011-09-15 00:00:00-04:00,23.32122527219027,23.56339767877586,23.091160619857117,23.52101707458496,1116450,0.0,0.0
2011-09-16 00:00:00-04:00,23.33940405645433,23.66028227415138,23.17593714096533,23.27280616760254,1301250,0.0,0.0
2011-09-19 00:00:00-04:00,22.7218570802633,23.272799955234174,22.47363069880493,23.115386962890625,754350,0.0,0.0
2011-09-20 00:00:00-04:00,23.230416164958402,23.339394642044038,22.52206039428711,22.52206039428711,1185750,0.0,0.0
2011-09-21 00:00:00-04:00,22.49784830079219,22.68553244022562,21.692625090266038,21.698678970336914,1004850,0.0,0.0
2011-09-22 00:00:00-04:00,20.954000327475903,21.00243483767448,19.948983374778138,20.294078826904297,1866450,0.0,0.0
2011-09-23 00:00:00-04:00,20.239588970943753,20.433326997714484,19.779461157363272,19.930818557739258,2421150,0.0,0.0
2011-09-26 00:00:00-04:00,20.02768241248468,21.547316833740254,19.882378929833244,21.50493621826172,2100750,0.0,0.0
2011-09-27 00:00:00-04:00,21.86214356957754,21.96506644863025,21.23249333992349,21.420177459716797,1638600,0.0,0.0
2011-09-28 00:00:00-04:00,21.577587701000567,21.668402809607915,20.705765083385792,20.723928451538086,1700850,0.0,0.0
2011-09-29 00:00:00-04:00,21.262763376601367,21.47466471814682,20.396994642366142,20.845014572143555,1771500,0.0,0.0
2011-09-30 00:00:00-04:00,20.457544657429487,20.590738687402833,19.955036207472432,19.961090087890625,3436650,0.0,0.0
2011-10-03 00:00:00-04:00,19.74314045079203,20.179051144373435,18.98029587094701,19.028730392456055,2564850,0.0,0.0
2011-10-04 00:00:00-04:00,18.774438827955052,20.50597469760952,18.689679324102375,20.439376831054688,2250000,0.0,0.0
2011-10-05 00:00:00-04:00,20.54835774428167,21.37174429234671,20.26985848694715,21.25065803527832,1707900,0.0,0.0
2011-10-06 00:00:00-04:00,21.238550600650818,21.928743142579503,21.014539722530543,21.922687530517578,1092450,0.0,0.0
2011-10-07 00:00:00-04:00,21.952959635403744,21.952959635403744,21.2748765553844,21.46861457824707,1338600,0.0,0.0
2011-10-10 00:00:00-04:00,21.940849532506935,22.340435028076172,21.783438271814525,22.340435028076172,795600,0.0,0.0
2011-10-11 00:00:00-04:00,22.1951315264427,22.552334668842544,22.08615303414041,22.340435028076172,749550,0.0,0.0
2011-10-12 00:00:00-04:00,22.61287774458523,23.109332221132796,22.55233375527998,22.79450798034668,1347000,0.0,0.0
2011-10-13 00:00:00-04:00,22.606826289687888,22.806618184727995,22.34649039884971,22.70369529724121,1208250,0.0,0.0
2011-10-14 00:00:00-04:00,23.10932726971076,23.1517078799285,22.522057801111274,23.103273391723633,1197450,0.0,0.0
2011-10-17 00:00:00-04:00,23.006411641886267,23.08511901498338,22.34649191615982,22.419143676757812,766350,0.0,0.0
2011-10-18 00:00:00-04:00,22.52812169802623,23.41205229898825,22.1830245435101,23.290966033935547,900750,0.0,0.0
2011-10-19 00:00:00-04:00,23.133549154522942,23.339396636764672,22.703692552434788,22.776344299316406,753300,0.0,0.0
2011-10-20 00:00:00-04:00,22.77029463008528,23.02457492510737,22.32832845572516,22.80661964416504,616800,0.0,0.0
2011-10-21 00:00:00-04:00,23.145658460624198,23.29096195322946,22.861103622412724,23.278852462768555,566550,0.0,0.0
2011-10-24 00:00:00-04:00,23.436269212470567,24.277819175433713,23.35150796208435,24.180950164794922,1375200,0.0,0.0
2011-10-25 00:00:00-04:00,23.763202685305174,24.138569230648855,22.903487628657693,23.508920669555664,1482300,0.0,0.0
2011-10-26 00:00:00-04:00,23.944819652186585,23.950873529312805,22.879259331056303,23.52101707458496,865200,0.0,0.0
2011-10-27 00:00:00-04:00,24.53815545920193,25.17991353082082,24.35652519532985,24.865087509155273,1093950,0.0,0.0
2011-10-28 00:00:00-04:00,24.877198382552255,24.998284654469636,24.647133599831903,24.8166561126709,901350,0.0,0.0
2011-10-31 00:00:00-04:00,24.41706688658447,24.4715552677351,23.902449009014855,23.926666259765625,876150,0.0,0.0
2011-11-01 00:00:00-04:00,22.75212487415446,23.678435857410783,22.679473134221855,23.012460708618164,1267050,0.0,0.0
2011-11-02 00:00:00-04:00,23.4302186240174,23.908511631793573,23.303078453331658,23.745044708251953,996900,0.0,0.0
2011-11-03 00:00:00-04:00,24.162786945323354,25.12542490983747,23.872179911566093,24.97406578063965,1750650,0.0,0.0
2011-11-04 00:00:00-04:00,24.804546595414383,24.840871610877137,24.42312440620483,24.695568084716797,791400,0.0,0.0
2011-11-07 00:00:00-05:00,24.5865825436995,24.665288159280923,24.01747640298602,24.61079978942871,869400,0.0,0.0
2011-11-08 00:00:00-05:00,24.822705765806795,25.07698777734929,24.544208234469718,25.04066276550293,1194150,0.0,0.0
2011-11-09 00:00:00-05:00,24.362581942083175,24.429178091926207,23.714768227924843,23.890344619750977,610800,0.0,0.0
2011-11-10 00:00:00-05:00,24.30203534747038,24.610805738190273,23.932720961716143,24.501827239990234,1442250,0.0,0.0
2011-11-11 00:00:00-05:00,24.865083721311866,25.494733936570093,24.798487584714678,25.373647689819336,1202250,0.0,0.0
2011-11-14 00:00:00-05:00,25.22228484711289,25.294936584404393,24.834808914891543,24.998275756835938,754800,0.0,0.0
2011-11-15 00:00:00-05:00,24.89536345437315,25.755076909700854,24.8287655672376,25.59766387939453,742800,0.0,0.0
2011-11-16 00:00:00-05:00,25.22834780125453,25.585550981131913,24.955902407991182,24.97406578063965,620100,0.0,0.0
2011-11-17 00:00:00-05:00,24.865081368269905,25.03460382983295,24.25965019180953,24.44733428955078,607350,0.0,0.0
2011-11-18 00:00:00-05:00,24.67135246871737,24.6955679908307,24.398907059086504,24.423124313354492,568350,0.0,0.0
2011-11-21 00:00:00-05:00,23.969051945434433,24.289931884788537,23.77531389849827,24.14462661743164,803550,0.0,0.0
2011-11-22 00:00:00-05:00,24.041696580410946,24.3080863159164,23.720818468408854,23.90850257873535,453150,0.0,0.0
2011-11-23 00:00:00-05:00,23.563403800123154,23.660272787922207,23.109329986776565,23.163818359375,680400,0.0,0.0
2011-11-25 00:00:00-05:00,23.024574822357067,23.315181862316635,22.90954416815568,22.933759689331055,400950,0.0,0.0
2011-11-28 00:00:00-05:00,23.81769114783986,24.380741833771513,23.623951396254697,24.289928436279297,926400,0.0,0.0
2011-11-29 00:00:00-05:00,24.35046985063607,24.877195505601566,24.17489520969906,24.501827239990234,1330500,0.0,0.0
2011-11-30 00:00:00-05:00,25.476571165110304,26.112273542449497,25.31310429511743,25.93669891357422,1585650,0.0,0.0
2011-12-01 00:00:00-05:00,25.797452488221936,26.015407749851125,25.591604986161588,25.646093368530273,712650,0.0,0.0
2011-12-02 00:00:00-05:00,26.051737099944418,26.299963533995278,25.767183916827474,25.803510665893555,906450,0.0,0.0
2011-12-05 00:00:00-05:00,26.178874886617923,26.47553578482601,25.833777753194685,26.051733016967773,754500,0.0,0.0
2011-12-06 00:00:00-05:00,26.057797683275087,26.179053023116705,25.742533799686882,25.985044479370117,473400,0.04,0.0
2011-12-07 00:00:00-05:00,25.730409798244903,25.93654476248809,25.251450727555564,25.839540481567383,421200,0.0,0.0
2011-12-08 00:00:00-05:00,25.53639131191346,25.70614873754999,24.97255284726259,25.039243698120117,667050,0.0,0.0
2011-12-09 00:00:00-05:00,25.227199070346817,26.015359701775576,25.063503916458586,25.95473289489746,636750,0.0,0.0
2011-12-12 00:00:00-05:00,25.57883814432546,25.63946494574392,25.01499952443868,25.360578536987305,664950,0.0,0.0
2011-12-13 00:00:00-05:00,25.621274622465624,25.730405286653035,24.620918584517472,24.869491577148438,685050,0.0,0.0
2011-12-14 00:00:00-05:00,24.86343062621005,24.978623629651132,24.129834538673176,24.245027542114258,889800,0.0,0.0
2011-12-15 00:00:00-05:00,24.493595494508526,24.505721892955847,23.899445334909753,24.31777572631836,1207500,0.0,0.0
2011-12-16 00:00:00-05:00,24.536040486736056,25.087752705116532,24.396598149765325,24.590606689453125,2203200,0.0,0.0
2011-12-19 00:00:00-05:00,24.76643078977501,24.99075276904656,23.996458830720993,24.099525451660156,722250,0.0,0.0
2011-12-20 00:00:00-05:00,24.633043250219927,24.917993709104383,24.499663254627603,24.869491577148438,1592700,0.0,0.0
2011-12-21 00:00:00-05:00,24.73611925317512,24.90587676766925,24.29959819561661,24.899812698364258,803700,0.0,0.0
2011-12-22 00:00:00-05:00,24.91799994206643,25.330268166816317,24.78461817853707,25.306018829345703,916650,0.0,0.0
2011-12-23 00:00:00-05:00,25.40302206589898,25.560654905710347,25.269642033357247,25.48790168762207,332850,0.0,0.0
2011-12-27 00:00:00-05:00,25.45152129706494,25.857725389599878,25.396955092535265,25.73040771484375,414150,0.0,0.0
2011-12-28 00:00:00-05:00,25.65764821032717,25.68796333914702,24.97255439907791,25.02712059020996,542850,0.0,0.0
2011-12-29 00:00:00-05:00,25.154443334047716,25.396954006341446,25.03925033106491,25.330263137817383,641700,0.0,0.0
2011-12-30 00:00:00-05:00,25.378774104028558,25.63340951385924,25.287832142843186,25.524280548095703,1035300,0.0,0.0
2012-01-03 00:00:00-05:00,26.257869669891424,26.300309474272577,25.409082255134763,25.615217208862305,956250,0.0,0.0
2012-01-04 00:00:00-05:00,25.433328765883125,26.027480717013564,25.396951301626604,25.96685218811035,687900,0.0,0.0
2012-01-05 00:00:00-05:00,25.772848603837563,26.48219368145106,25.475771704125602,26.397314071655273,938400,0.0,0.0
2012-01-06 00:00:00-05:00,26.324561017788263,26.409440628080596,26.03354818462594,26.082050323486328,613050,0.0,0.0
2012-01-09 00:00:00-05:00,26.233618289673462,26.288184495190425,26.021421004858396,26.088111877441406,897150,0.0,0.0
2012-01-10 00:00:00-05:00,26.427623803449865,26.755014060649753,26.342745940018116,26.694385528564453,935400,0.0,0.0
2012-01-11 00:00:00-05:00,26.651951025145415,26.955088522355425,26.60344715225266,26.870210647583008,865200,0.0,0.0
2012-01-12 00:00:00-05:00,27.2642918528453,27.8099418115507,27.03390754819966,27.7189998626709,1204050,0.0,0.0
2012-01-13 00:00:00-05:00,27.415861324422963,27.93725845839992,27.22791509962646,27.900882720947266,1475250,0.0,0.0
2012-01-17 00:00:00-05:00,28.100951656939625,28.343464072891035,27.57955455926312,27.585615158081055,1392450,0.0,0.0
2012-01-18 00:00:00-05:00,27.60380212944646,27.634117263612062,27.270351264782807,27.427982330322266,2261550,0.0,0.0
2012-01-19 00:00:00-05:00,27.476488816090157,28.301026945292524,27.391610936870922,27.973636627197266,1423950,0.0,0.0
2012-01-20 00:00:00-05:00,27.882696856790417,27.97363881164888,27.634123799112572,27.688688278198242,909300,0.0,0.0
2012-01-23 00:00:00-05:00,27.712934435118335,28.113077924778572,27.61593016302776,27.949382781982422,875550,0.0,0.0
2012-01-24 00:00:00-05:00,27.743250593171197,28.161582859058697,27.591681836612562,28.082765579223633,1018800,0.0,0.0
2012-01-25 00:00:00-05:00,28.06457918282448,28.49503439135517,28.003950638148936,28.3919677734375,1140000,0.0,0.0
2012-01-26 00:00:00-05:00,28.088829741382355,28.949741877312352,27.306731416403352,28.537473678588867,1505850,0.0,0.0
2012-01-27 00:00:00-05:00,28.34952186987122,28.70116319040282,28.191890809840984,28.222204208374023,1027200,0.0,0.0
2012-01-30 00:00:00-05:00,28.046381076588368,28.646595315869327,27.900874699464065,28.549591064453125,1129350,0.0,0.0
2012-01-31 00:00:00-05:00,28.707222687081654,28.737536080788274,28.301016966950947,28.495023727416992,1362000,0.0,0.0
2012-02-01 00:00:00-05:00,28.83453579777566,29.234679123208387,28.689029449358763,29.210426330566406,1540650,0.0,0.0
2012-02-02 00:00:00-05:00,29.204367389466356,29.240741376773386,28.646591287682938,28.676904678344727,982050,0.0,0.0
2012-02-03 00:00:00-05:00,29.19224176725493,29.410503055584837,29.058861796134146,29.22255516052246,1205250,0.0,0.0
2012-02-06 00:00:00-05:00,29.0831116539202,29.361999717242064,29.004296140857676,29.234682083129883,671250,0.0,0.0
2012-02-07 00:00:00-05:00,29.095236855414885,29.471127410811192,28.943668167008596,29.258930206298828,861300,0.0,0.0
2012-02-08 00:00:00-05:00,29.289252347539875,29.477196791841173,28.992173779252823,29.21649742126465,501900,0.0,0.0
2012-02-09 00:00:00-05:00,29.3983876499806,29.4953919266426,28.998244141463196,29.416576385498047,779700,0.0,0.0
2012-02-10 00:00:00-05:00,29.040676181517448,29.14374277042658,28.798167274790693,28.96186065673828,543000,0.0,0.0
2012-02-13 00:00:00-05:00,29.410511443767103,29.45901358065756,28.858799202994824,29.343820571899414,601200,0.0,0.0
2012-02-14 00:00:00-05:00,29.12556904363599,29.471144676144494,29.07100282680175,29.465084075927734,739500,0.0,0.0
2012-02-15 00:00:00-05:00,29.616643481868007,29.634832216122767,28.943677660173563,29.070995330810547,897600,0.0,0.0
2012-02-16 00:00:00-05:00,29.1316211226015,29.889469990650618,29.10130772294293,29.756088256835938,847800,0.0,0.0
2012-02-17 00:00:00-05:00,29.859163686795537,30.138051919137002,29.337764702232672,29.543901443481445,946650,0.0,0.0
2012-02-21 00:00:00-05:00,29.52570264379419,29.695458377938397,29.392320908229713,29.483261108398438,717900,0.0,0.0
2012-02-22 00:00:00-05:00,29.5256999094651,29.5923907710712,29.204373735650936,29.31956672668457,1074600,0.0,0.0
2012-02-23 00:00:00-05:00,29.36806739012751,29.4165729920095,28.93761226302704,29.349882125854492,623700,0.0,0.0
2012-02-24 00:00:00-05:00,29.380201602255788,29.471141819015944,29.18012896240717,29.252883911132812,727650,0.0,0.0
2012-02-27 00:00:00-05:00,28.961866199783493,29.216503289169914,28.59203783466283,28.9012393951416,1500150,0.0,0.0
2012-02-28 00:00:00-05:00,28.992181863761125,29.05281040770586,28.713295418420852,28.913366317749023,1443750,0.0,0.0
2012-02-29 00:00:00-05:00,29.004307307229027,29.25894267348549,28.858800888061523,28.858800888061523,1196100,0.0,0.0
2012-03-01 00:00:00-05:00,28.97399675804077,29.32563643838549,28.97399675804077,29.180130004882812,880350,0.0,0.0
2012-03-02 00:00:00-05:00,29.077047468314657,29.289246402591736,28.731468576942415,28.792097091674805,630300,0.0,0.0
2012-03-05 00:00:00-05:00,28.779981255493446,28.786043588454067,28.452590991596672,28.71935272216797,629400,0.0,0.0
2012-03-06 00:00:00-05:00,28.28283151400824,28.36770937313607,27.88268807933999,28.185827255249023,1186500,0.0,0.0
2012-03-07 00:00:00-05:00,28.270706914259225,28.52534397700037,28.234331182195106,28.5010929107666,759600,0.0,0.0
2012-03-08 00:00:00-05:00,28.68903847518725,28.889109333561446,28.36771055374458,28.804229736328125,772500,0.0,0.0
2012-03-09 00:00:00-05:00,28.792102495372852,29.313501228551715,28.695098241253334,29.17405891418457,955800,0.0,0.0
2012-03-12 00:00:00-04:00,29.13768189723037,29.264999549066193,28.949733983783243,29.21649742126465,676500,0.0,0.0
2012-03-13 00:00:00-04:00,29.434763332807222,29.665145874023438,29.271068192241508,29.665145874023438,1122900,0.0,0.0
2012-03-14 00:00:00-04:00,29.66514865786538,29.66514865786538,29.39198614626215,29.549814224243164,790800,0.04,0.0
2012-03-15 00:00:00-04:00,29.665154356355927,29.689433466305722,29.464836068941832,29.56802749633789,1050150,0.0,0.0
2012-03-16 00:00:00-04:00,29.59837752012683,29.731919553283284,29.495182633527666,29.531604766845703,1480350,0.0,0.0
2012-03-19 00:00:00-04:00,29.483047780535355,29.68943411323086,29.209888683913523,29.501258850097656,641100,0.0,0.0
2012-03-20 00:00:00-04:00,29.252379781869067,29.36771424377851,29.05206322050751,29.215957641601562,611700,0.0,0.0
2012-03-21 00:00:00-04:00,29.33128576734437,29.40412655873778,29.03384587846031,29.26451301574707,582900,0.0,0.0
2012-03-22 00:00:00-04:00,28.99135457887419,29.07026688512794,28.542158111154976,28.942792892456055,709200,0.0,0.0
2012-03-23 00:00:00-04:00,28.94279039906423,29.088475445768022,28.645348792850257,28.991352081298828,403350,0.0,0.0
2012-03-26 00:00:00-04:00,29.288801597923214,29.489116420364144,29.161327581804503,29.45269775390625,633600,0.0,0.0
2012-03-27 00:00:00-04:00,29.434473605144696,29.737983197871827,29.203804786373922,29.489103317260742,1244550,0.0,0.0
2012-03-28 00:00:00-04:00,29.50125340293853,29.50125340293853,28.760685095572146,29.26451301574707,953250,0.0,0.0
2012-03-29 00:00:00-04:00,29.088473985453916,29.361633000134578,28.639277578983297,29.343421936035156,1639950,0.0,0.0
2012-03-30 00:00:00-04:00,29.47697347043382,29.65908067537832,29.337359914906457,29.446622848510742,1330200,0.0,0.0
2012-04-02 00:00:00-04:00,29.36770773191421,29.974727059211297,29.270584361674217,29.75012969970703,1054650,0.0,0.0
2012-04-03 00:00:00-04:00,29.768336547331515,29.85938839150141,29.531599668446663,29.8411808013916,1235400,0.0,0.0
2012-04-04 00:00:00-04:00,29.586230474723198,29.586230474723198,29.070263058622764,29.404123306274414,586050,0.0,0.0
2012-04-05 00:00:00-04:00,29.264514925436497,29.410199991135887,29.203813683079908,29.349498748779297,555300,0.0,0.0
2012-04-09 00:00:00-04:00,28.924581825873528,29.082408175083923,28.633211707364705,28.942792892456055,852900,0.0,0.0
2012-04-10 00:00:00-04:00,28.918514599270612,28.918514599270612,28.396475555890984,28.536090850830078,1384950,0.0,0.0
2012-04-11 00:00:00-04:00,28.815310233151777,28.845660843858994,28.58464142369125,28.784957885742188,547500,0.0,0.0
2012-04-12 00:00:00-04:00,28.797110856753054,29.452695428933875,28.736407874005426,29.288799285888672,600300,0.0,0.0
2012-04-13 00:00:00-04:00,29.149171202266654,29.319138794848836,28.86994245024397,28.92457389831543,664200,0.0,0.0
2012-04-16 00:00:00-04:00,29.07025759500111,29.130960551976084,28.778887569606855,28.918502807617188,1491300,0.0,0.0
2012-04-17 00:00:00-04:00,29.270582512372453,29.89581286626349,29.12489746621678,29.646936416625977,1041600,0.0,0.0
2012-04-18 00:00:00-04:00,29.5194580972034,29.77440952556084,29.373773055315738,29.762269973754883,902850,0.0,0.0
2012-04-19 00:00:00-04:00,29.69549206325989,30.0232807454351,29.36162839613036,29.628719329833984,1563450,0.0,0.0
2012-04-20 00:00:00-04:00,29.84724851746504,30.071849316117543,29.68335242100776,29.737985610961914,713250,0.0,0.0
2012-04-23 00:00:00-04:00,29.282721765742973,29.367705576818008,28.857806183773256,29.355566024780273,952800,0.0,0.0
2012-04-24 00:00:00-04:00,29.37377857717053,29.45269436225777,29.100619506456795,29.446622848510742,801150,0.0,0.0
2012-04-25 00:00:00-04:00,29.762268768591927,29.99293413718636,29.598372668929276,29.877599716186523,1222350,0.0,0.0
2012-04-26 00:00:00-04:00,29.731913893109564,30.794202756615068,29.349491986290673,30.436059951782227,1694700,0.0,0.0
2012-04-27 00:00:00-04:00,30.41784543660801,30.885251094144643,30.08398524505463,30.727426528930664,1378350,0.0,0.0
2012-04-30 00:00:00-04:00,30.6728051804204,30.751717484539025,30.369292043464828,30.55139923095703,1351500,0.0,0.0
2012-05-01 00:00:00-04:00,30.80635592678445,31.565135510482172,30.55747939107849,31.00060272216797,2020350,0.0,0.0
2012-05-02 00:00:00-04:00,30.672786165634772,31.067347441630027,30.545308782032485,31.036996841430664,1027800,0.0,0.0
2012-05-03 00:00:00-04:00,30.994528449480086,31.0370186249004,30.55140173407114,30.672807693481445,911700,0.0,0.0
2012-05-04 00:00:00-04:00,30.53318330653672,30.53318330653672,30.011144406380023,30.436059951782227,1159200,0.0,0.0
2012-05-07 00:00:00-04:00,30.320721584385655,30.448195536721066,30.2175302042785,30.375354766845703,1342350,0.0,0.0
2012-05-08 00:00:00-04:00,30.162905862213574,30.915613720828816,29.93223698875996,30.8852596282959,1587000,0.0,0.0
2012-05-09 00:00:00-04:00,30.533193594970776,30.648528051780364,30.168979155213517,30.448209762573242,808800,0.0,0.0
2012-05-10 00:00:00-04:00,30.684935887211584,30.8306209005248,30.302510556386455,30.460338592529297,854400,0.0,0.0
2012-05-11 00:00:00-04:00,30.175049952006905,30.78207284603413,30.175049952006905,30.521053314208984,721050,0.0,0.0
2012-05-14 00:00:00-04:00,30.229679232063617,30.52104934973219,29.926169561176966,30.20539665222168,613500,0.0,0.0
2012-05-15 00:00:00-04:00,30.247887939845956,30.39357298731964,29.907956162407363,30.0414981842041,1022400,0.0,0.0
2012-05-16 00:00:00-04:00,30.19325256560724,30.399638832949627,29.962583722068846,30.005077362060547,1128450,0.0,0.0
2012-05-17 00:00:00-04:00,29.974719105111287,29.974719105111287,29.19773234937279,29.246294021606445,1919850,0.0,0.0
2012-05-18 00:00:00-04:00,29.331280938939035,29.713702845964455,29.149173780324723,29.319141387939453,1963200,0.0,0.0
2012-05-21 00:00:00-04:00,29.49517722239653,29.859388068542017,29.288790960467253,29.737985610961914,1690050,0.0,0.0
2012-05-22 00:00:00-04:00,29.737994252574556,30.083997609352846,29.59230917710046,29.853328704833984,1414650,0.0,0.0
2012-05-23 00:00:00-04:00,29.568018756919418,30.13255131397185,29.252369580430788,30.10826873779297,1036500,0.0,0.0
2012-05-24 00:00:00-04:00,30.114340851509464,30.2296752755003,29.774409092054224,30.144691467285156,873450,0.0,0.0
2012-05-25 00:00:00-04:00,30.114340070546014,30.132551134220222,29.77440831990632,29.877599716186523,564900,0.0,0.0
2012-05-29 00:00:00-04:00,30.19932671021322,30.642449898712144,30.181115644830236,30.56353759765625,1125000,0.0,0.0
2012-05-30 00:00:00-04:00,30.096122326508308,30.684933852124814,29.962576871477026,30.587810516357422,1648350,0.0,0.0
2012-05-31 00:00:00-04:00,30.5331883126725,30.927753308581334,30.332870058120804,30.782068252563477,2324400,0.0,0.0
2012-06-01 00:00:00-04:00,30.223605812162397,30.405712992568873,29.476969498560855,29.574092864990234,1520250,0.0,0.0
2012-06-04 00:00:00-04:00,29.574085960025617,29.944368273908324,29.100608790878567,29.586225509643555,1465200,0.0,0.0
2012-06-05 00:00:00-04:00,29.404120306124057,29.926162654895244,29.34949059254712,29.859386444091797,892800,0.0,0.0
2012-06-06 00:00:00-04:00,30.193246484832343,30.958093643188477,30.11433420654708,30.958093643188477,1641900,0.0,0.0
2012-06-07 00:00:00-04:00,31.419454521000464,31.50443490003412,31.140223847784796,31.188785552978516,1647600,0.0,0.0
2012-06-08 00:00:00-04:00,31.109863532327754,31.486217498779297,30.751720633831003,31.486217498779297,1268550,0.0,0.0
2012-06-11 00:00:00-04:00,31.911133347631374,32.01432825342748,30.994532644654573,31.024883270263672,1310850,0.0,0.0
2012-06-12 00:00:00-04:00,31.225193875277366,31.57726872626998,30.909544632863422,31.55298614501953,1230300,0.0,0.0
2012-06-13 00:00:00-04:00,31.443530570971784,31.516501180848785,30.586146781498158,30.67127799987793,1786650,0.06,0.0
2012-06-14 00:00:00-04:00,30.78681587921719,31.182065274363787,30.62263546829262,30.85370445251465,1335900,0.0,0.0
2012-06-15 00:00:00-04:00,30.99964202837545,31.400969986391807,30.76249100089672,31.267192840576172,1251750,0.0,0.0
2012-06-18 00:00:00-04:00,31.066533691528402,31.552992925219208,30.926674487197985,31.510425567626953,965100,0.0,0.0
2012-06-19 00:00:00-04:00,31.698913117712593,32.1124049767766,31.546893386695288,31.911739349365234,893850,0.0,0.0
2012-06-20 00:00:00-04:00,31.869181319951753,31.94823396917278,31.480014035177387,31.625951766967773,939450,0.0,0.0
2012-06-21 00:00:00-04:00,31.625951142925835,31.747567656733082,30.58006582544709,30.665193557739258,1114500,0.0,0.0
2012-06-22 00:00:00-04:00,30.549662492818634,30.786813503377715,30.36116087674937,30.59222984313965,1701150,0.0,0.0
2012-06-25 00:00:00-04:00,30.172663327534863,30.215227204162595,29.625394099778312,29.832141876220703,1827750,0.0,0.0
2012-06-26 00:00:00-04:00,29.856458774001975,30.20306222011542,29.53418002488978,30.081445693969727,2050500,0.0,0.0
2012-06-27 00:00:00-04:00,29.947662452239086,30.2821052213689,29.947662452239086,30.008472442626953,1081050,0.0,0.0
2012-06-28 00:00:00-04:00,29.680113318996685,29.76524104716312,28.81056555173591,29.211896896362305,2320650,0.0,0.0
2012-06-29 00:00:00-04:00,29.8260414667511,30.34898567199707,29.783474136902143,30.34898567199707,2235450,0.0,0.0
2012-07-02 00:00:00-04:00,30.391567018156596,30.71080477865862,30.108811087832926,30.56486701965332,1114000,0.0,1.5
2012-07-03 00:00:00-04:00,30.58311723231358,31.18511107190706,30.564874573000868,31.12126350402832,728900,0.0,0.0
2012-07-05 00:00:00-04:00,30.893221442353624,31.486095422575133,30.820254317694157,31.358400344848633,924200,0.0,0.0
2012-07-06 00:00:00-04:00,31.0209201746107,31.15773833368168,30.58310693678601,30.929710388183594,917800,0.0,0.0
2012-07-09 00:00:00-04:00,30.820252808511665,30.966190530114346,30.40068229383268,30.701677322387695,788700,0.0,0.0
2012-07-10 00:00:00-04:00,30.865865598142623,31.011803357116534,30.18178170055917,30.40069007873535,1123700,0.0,0.0
2012-07-11 00:00:00-04:00,30.40979705355192,30.537492104762038,29.94462172708231,30.16352653503418,1053500,0.0,0.0
2012-07-12 00:00:00-04:00,30.00847916320568,30.090569363155815,29.461210003728024,29.853418350219727,1165700,0.0,0.0
2012-07-13 00:00:00-04:00,30.035828111831123,30.583093549700845,29.944618365329102,30.32770347595215,1354700,0.0,0.0
2012-07-16 00:00:00-04:00,30.18178251775648,30.418930077723573,29.96287413365317,30.291234970092773,919000,0.0,0.0
2012-07-17 00:00:00-04:00,30.473657218506993,30.592232734995367,30.081448838871363,30.40069007873535,735300,0.0,0.0
2012-07-18 00:00:00-04:00,30.272998982860486,31.22159639053248,30.263879392919875,31.12126350402832,897400,0.0,0.0
2012-07-19 00:00:00-04:00,31.29455853382563,31.47697811857749,31.112135469643217,31.230710983276367,602100,0.0,0.0
2012-07-20 00:00:00-04:00,30.91146314507607,31.203338593619623,30.820253372192383,30.820253372192383,574700,0.0,0.0
2012-07-23 00:00:00-04:00,30.218261538101203,30.692560038735962,30.099686043085015,30.39156150817871,993300,0.0,0.0
2012-07-24 00:00:00-04:00,29.333517595016144,29.981116187542256,27.23566099026034,28.722402572631836,5295400,0.0,0.0
2012-07-25 00:00:00-04:00,28.86834138267304,29.278790695203277,28.27546899365244,28.357559204101562,2109600,0.0,0.0
2012-07-26 00:00:00-04:00,28.73151213595561,29.141963005212254,28.029185866211858,28.038307189941406,2798600,0.0,0.0
2012-07-27 00:00:00-04:00,28.293708330295814,29.141972578955553,28.074801708015105,28.904823303222656,1438100,0.0,0.0
2012-07-30 00:00:00-04:00,28.968667033568853,29.00515059595083,28.220735737731225,28.302825927734375,1344700,0.0,0.0
2012-07-31 00:00:00-04:00,28.22073688858584,28.494369706611906,28.029192524195572,28.275463104248047,1278000,0.0,0.0
2012-08-01 00:00:00-04:00,28.503489695979482,28.62206344764018,27.846769919681496,27.87413215637207,1159100,0.0,0.0
2012-08-02 00:00:00-04:00,27.682590301548625,28.010949328865266,27.55489348119466,27.728195190429688,858200,0.0,0.0
2012-08-03 00:00:00-04:00,28.248092294930466,28.622057867658476,28.10215459531537,28.43051528930664,864300,0.0,0.0
2012-08-06 00:00:00-04:00,28.60382023905324,28.840969463042537,28.558213615373678,28.658546447753906,909100,0.0,0.0
2012-08-07 00:00:00-04:00,28.90481610100738,29.56153580421461,28.704150442463554,29.369993209838867,1551100,0.0,0.0
2012-08-08 00:00:00-04:00,29.178454376346533,29.488574247078088,28.959547767343444,29.415603637695312,1382400,0.0,0.0
2012-08-09 00:00:00-04:00,29.470327399745596,29.652746938375497,29.25141908218818,29.379114151000977,897700,0.0,0.0
2012-08-10 00:00:00-04:00,29.18757868911998,29.72572481037785,29.059883589063965,29.689239501953125,817200,0.0,0.0
2012-08-13 00:00:00-04:00,29.570655412026344,29.753078421805846,29.342627519659345,29.716596603393555,771800,0.0,0.0
2012-08-14 00:00:00-04:00,29.93550358240858,30.14528884092745,29.725718323889712,29.83517074584961,648600,0.0,0.0
2012-08-15 00:00:00-04:00,29.753077379436814,30.236498860330734,29.698352914020834,30.20913314819336,972000,0.0,0.0
2012-08-16 00:00:00-04:00,30.282116785201953,30.78377765103637,30.108813291589982,30.729049682617188,930800,0.0,0.0
2012-08-17 00:00:00-04:00,30.783770559932698,31.15773622607616,30.710799952182715,31.103008270263672,894100,0.0,0.0
2012-08-20 00:00:00-04:00,30.9661812816768,31.19420912104198,30.829363186286216,31.16684341430664,1420200,0.0,0.0
2012-08-21 00:00:00-04:00,31.19422393634457,31.641156765285345,31.13037638935303,31.440494537353516,1311400,0.0,0.0
2012-08-22 00:00:00-04:00,31.285421201876765,31.486086828923995,31.185088388353147,31.331026077270508,902100,0.0,0.0
2012-08-23 00:00:00-04:00,31.230709876618874,31.467857416051324,31.166858848901622,31.24894905090332,835400,0.0,0.0
2012-08-24 00:00:00-04:00,31.16684897616956,31.622904736285097,31.057396567982043,31.43136215209961,901700,0.0,0.0
2012-08-27 00:00:00-04:00,31.458740403462734,31.632040408791063,31.35840753953502,31.540830612182617,1055000,0.0,0.0
2012-08-28 00:00:00-04:00,31.394888478010163,31.595554200160965,31.11213602890379,31.38576889038086,1105100,0.0,0.0
2012-08-29 00:00:00-04:00,31.38575384237165,31.586419468312616,31.321906321286605,31.467844009399414,1086100,0.0,0.0
2012-08-30 00:00:00-04:00,31.303666488244975,31.3948762467256,30.957063143045936,31.185091018676758,963900,0.0,0.0
2012-08-31 00:00:00-04:00,31.40400235870405,31.695877789490314,30.920584328857352,31.2945499420166,1159900,0.0,0.0
2012-09-04 00:00:00-04:00,31.367511196428932,31.595539051569506,30.856731027748566,31.467844009399414,1207200,0.0,0.0
2012-09-05 00:00:00-04:00,31.52258595095095,31.540828604997863,30.98443983457379,31.11213493347168,1311200,0.0,0.0
2012-09-06 00:00:00-04:00,31.431371023428454,32.133697509765625,31.35840389051865,32.133697509765625,1348600,0.0,0.0
2012-09-07 00:00:00-04:00,32.27962704583037,32.57150246210197,32.1063271047408,32.361717224121094,1408700,0.0,0.0
2012-09-10 00:00:00-04:00,32.270507461322254,32.52589758070255,32.16105157064834,32.361717224121094,674800,0.0,0.0
2012-09-11 00:00:00-04:00,32.33435801148293,32.5441432690596,32.05160215330754,32.12457275390625,914600,0.0,0.0
2012-09-12 00:00:00-04:00,32.270748569363505,32.471756614086225,32.10628807556606,32.3895263671875,801900,0.06,0.0
2012-09-13 00:00:00-04:00,32.39868234242462,32.64537324172656,31.96926054174513,32.46263885498047,507500,0.0,0.0
2012-09-14 00:00:00-04:00,32.66362856036658,33.065641195608364,32.58139830709366,33.01995849609375,1399400,0.0,0.0
2012-09-17 00:00:00-04:00,33.01997719898398,33.01997719898398,32.65451191049682,32.75501251220703,879800,0.0,0.0
2012-09-18 00:00:00-04:00,32.65451190155391,32.87379037751244,32.572281601727326,32.78242492675781,1299400,0.0,0.0
2012-09-19 00:00:00-04:00,32.71845431506647,33.01996296092499,32.66363297701626,32.9377326965332,680600,0.0,0.0
2012-09-20 00:00:00-04:00,32.755003610668204,33.10219850294016,32.65450303627015,33.09306335449219,679000,0.0,0.0
2012-09-21 00:00:00-04:00,33.29406659866588,33.40370928766962,32.992557917324206,33.11133575439453,1647100,0.0,0.0
2012-09-24 00:00:00-04:00,32.83723959967357,32.892060955999455,32.362131634287174,32.40781784057617,1198300,0.0,0.0
2012-09-25 00:00:00-04:00,32.59055220508814,32.928612043818546,32.24336070071373,32.28904342651367,1709700,0.0,0.0
2012-09-26 00:00:00-04:00,32.36212778020692,32.444358062218654,32.051483920793466,32.234214782714844,1134800,0.0,0.0
2012-09-27 00:00:00-04:00,32.37125007732626,32.69103240966797,32.15196827417336,32.69103240966797,869800,0.0,0.0
2012-09-28 00:00:00-04:00,32.49003038954886,32.61794333242103,32.35297881626223,32.3895263671875,2191800,0.0,0.0
2012-10-01 00:00:00-04:00,32.40781699955046,32.426090784518195,31.421053523501563,31.731700897216797,2597000,0.0,0.0
2012-10-02 00:00:00-04:00,31.79566312756803,31.85048449234326,31.183506905070598,31.585519790649414,1337800,0.0,0.0
2012-10-03 00:00:00-04:00,31.64945842312474,31.704279756922798,30.836294474637427,31.05557632446289,1819300,0.0,0.0
2012-10-04 00:00:00-04:00,31.06471893725457,32.47176880795962,30.86371081704882,32.453495025634766,2377800,0.0,0.0
2012-10-05 00:00:00-04:00,32.60881891561247,32.74587054863748,31.978389071506605,32.06061935424805,1790300,0.0,0.0
2012-10-08 00:00:00-04:00,31.950988100793186,32.21594931310223,31.795662645635364,32.15199279785156,996000,0.0,0.0
2012-10-09 00:00:00-04:00,32.10630024426023,32.15198295754801,31.55810071407172,31.813926696777344,964100,0.0,0.0
2012-10-10 00:00:00-04:00,31.75911328485641,31.795660858765352,31.45760451352886,31.640338897705078,811800,0.0,0.0
2012-10-11 00:00:00-04:00,31.969257977620128,32.00580206374347,31.48501136877718,31.594654083251953,763600,0.0,0.0
2012-10-12 00:00:00-04:00,31.466736632289802,31.512422837958045,31.037314879027118,31.16522789001465,936300,0.0,0.0
2012-10-15 00:00:00-04:00,31.26572716658883,31.850474261554606,31.14694932374653,31.813926696777344,674100,0.0,0.0
2012-10-16 00:00:00-04:00,31.960115051699358,32.41694917791353,31.914432336151496,32.380401611328125,790000,0.0,0.0
2012-10-17 00:00:00-04:00,32.38039956640945,32.59054283295266,32.289034141083725,32.48090362548828,863200,0.0,0.0
2012-10-18 00:00:00-04:00,32.40781331141317,32.48090495759788,32.09716597305083,32.316444396972656,1515300,0.0,0.0
2012-10-19 00:00:00-04:00,32.1793897126004,32.206798638677576,31.028166022220873,31.101261138916016,1621100,0.0,0.0
2012-10-22 00:00:00-04:00,31.046444269377147,31.338817807500035,30.690114237625345,31.01903533935547,1320500,0.0,0.0
2012-10-23 00:00:00-04:00,30.735797370423136,31.7042869070748,29.84953811033027,31.649465560913086,1603500,0.0,0.0
2012-10-24 00:00:00-04:00,31.832195837595066,32.28902987459536,31.74996557152033,32.24334716796875,1378800,0.0,0.0
2012-10-25 00:00:00-04:00,32.32558341247799,32.57227425632628,32.225079348091526,32.43522262573242,933900,0.0,0.0
2012-10-26 00:00:00-04:00,32.480901652426496,32.800687592376164,32.43521894253865,32.72759246826172,1049200,0.0,0.0
2012-10-31 00:00:00-04:00,32.66363796150729,32.89205501018916,32.15198251772758,32.48090362548828,1287000,0.0,0.0
2012-11-01 00:00:00-04:00,32.48089251669245,34.11635886239671,32.38038849198701,33.90621566772461,1908000,0.0,0.0
2012-11-02 00:00:00-04:00,34.088965161024305,34.088965161024305,33.37630152464049,33.44025802612305,1150400,0.0,0.0
2012-11-05 00:00:00-05:00,33.44025388048363,33.568170352958674,33.16615412448639,33.49507522583008,1161300,0.0,0.0
2012-11-06 00:00:00-05:00,33.632136578869286,33.65954551679027,33.339762956483774,33.421993255615234,1120900,0.0,0.0
2012-11-07 00:00:00-05:00,32.846369385149345,33.294064809064324,32.59967857620206,32.98341751098633,1079900,0.0,0.0
2012-11-08 00:00:00-05:00,32.946877911612475,33.220977685894006,32.89205656260908,32.90119171142578,1317000,0.0,0.0
2012-11-09 00:00:00-05:00,32.70930705817225,33.157005820785585,32.70930705817225,32.9285888671875,868600,0.0,0.0
2012-11-12 00:00:00-05:00,33.01997963892166,33.13875752200687,32.910340392810824,32.9468879699707,348000,0.0,0.0
2012-11-13 00:00:00-05:00,32.71846085214991,33.16615633689061,32.672774651963216,32.90119171142578,579900,0.0,0.0
2012-11-14 00:00:00-05:00,32.91945728020529,33.17528669301763,32.36211923652748,32.5174446105957,1328600,0.0,0.0
2012-11-15 00:00:00-05:00,32.38953976139215,32.65450438712307,31.841336726910832,31.996662139892578,998600,0.0,0.0
2012-11-16 00:00:00-05:00,31.996651531767647,32.2616160696526,31.66773051720241,32.20679473876953,876100,0.0,0.0
2012-11-19 00:00:00-05:00,32.51745450093937,33.18443193276302,32.362129079628154,33.175296783447266,1028800,0.0,0.0
2012-11-20 00:00:00-05:00,33.147887221901826,33.622995190734606,32.80069575209066,33.57731246948242,1230000,0.0,0.0
2012-11-21 00:00:00-05:00,33.6138499657806,33.72348916099808,33.39456808997849,33.55902862548828,546700,0.0,0.0
2012-11-23 00:00:00-05:00,33.76917796030538,34.16205558985507,33.659538745309675,34.043277740478516,356800,0.0,0.0
2012-11-26 00:00:00-05:00,33.705209086838195,34.17118167888995,33.485930737350984,34.03413009643555,806600,0.0,0.0
2012-11-27 00:00:00-05:00,33.90622553756527,33.979317177030666,33.458526611382915,33.485939025878906,927000,0.0,0.0
2012-11-28 00:00:00-05:00,33.25752385890484,33.85140609741211,33.22097629443337,33.85140609741211,724200,0.0,0.0
2012-11-29 00:00:00-05:00,34.03412967916498,34.05240345562596,33.549886801731716,33.94276428222656,767900,0.0,0.0
2012-11-30 00:00:00-05:00,34.01585463185089,34.152906207504664,33.760028741687954,34.10722351074219,1038100,0.0,0.0
2012-12-03 00:00:00-05:00,34.26254537680787,34.42700587344586,33.9427630141042,34.10722351074219,1026100,0.0,0.0
2012-12-04 00:00:00-05:00,34.05240493368334,34.280821921310384,33.796579022858374,34.0706787109375,774500,0.0,0.0
2012-12-05 00:00:00-05:00,34.189662277548685,34.63807933336529,33.960877067972994,34.50996017456055,974800,0.06,0.0
2012-12-06 00:00:00-05:00,34.53739121822156,34.555690949380015,34.22624342378776,34.35436248779297,1016600,0.0,0.0
2012-12-07 00:00:00-05:00,34.42758943504651,34.528255462646484,33.96086925097371,34.528255462646484,735800,0.0,0.0
2012-12-10 00:00:00-05:00,34.63806824340241,34.85770351030864,34.46419279654874,34.793643951416016,1015800,0.0,0.0
2012-12-11 00:00:00-05:00,34.96753222431307,34.96753222431307,34.33608627319336,34.33608627319336,1255100,0.0,0.0
2012-12-12 00:00:00-05:00,34.50994810686194,34.77533969500207,34.418435451426596,34.54655456542969,914400,0.0,0.0
2012-12-13 00:00:00-05:00,34.53741742944437,34.71129293526909,34.253722507428456,34.29032897949219,978600,0.0,0.0
2012-12-14 00:00:00-05:00,34.20796298668872,34.30862903002463,34.02493413434933,34.153053283691406,896400,0.0,0.0
2012-12-17 00:00:00-05:00,34.052377446672814,34.28116257355073,33.80528909072659,34.26285934448242,940800,0.0,0.0
2012-12-18 00:00:00-05:00,34.36352987038915,34.69298105490382,34.27201720401706,34.528255462646484,1124300,0.0,0.0
2012-12-19 00:00:00-05:00,34.61975397236529,34.77532612409086,34.29030295579036,34.35436248779297,1529000,0.0,0.0
2012-12-20 00:00:00-05:00,34.42759863677868,34.528264691284456,34.13475383693573,34.455055236816406,846100,0.0,0.0
2012-12-21 00:00:00-05:00,33.796144855487256,34.317774752445665,33.78699149393524,34.17135238647461,1438000,0.0,0.0
2012-12-24 00:00:00-05:00,34.043233267500895,34.31777476744353,33.93341736572076,34.27201843261719,251400,0.0,0.0
2012-12-26 00:00:00-05:00,34.272011609035424,34.381827488951146,33.8144413699054,33.83274459838867,600500,0.0,0.0
2012-12-27 00:00:00-05:00,33.83275761766693,34.2903280328759,33.66803198891287,34.14390563964844,752300,0.0,0.0
2012-12-28 00:00:00-05:00,33.915115041308454,34.27201934988464,33.896811808691126,33.93341827392578,601500,0.0,0.0
2012-12-31 00:00:00-05:00,33.84190653780218,34.42759609423377,33.73209061871754,34.381839752197266,885600,0.0,0.0
2013-01-02 00:00:00-05:00,35.159700440403654,35.49830497845556,34.77534306118932,35.37018585205078,1259700,0.0,0.0
2013-01-03 00:00:00-05:00,35.324429185439165,35.55321435760129,35.07734427157058,35.20546340942383,851300,0.0,0.0
2013-01-04 00:00:00-05:00,35.34274507540984,35.66304652573703,35.11395982131296,35.617286682128906,969300,0.0,0.0
2013-01-07 00:00:00-05:00,35.46169946097013,35.51660915559959,35.15055150670547,35.315277099609375,862400,0.0,0.0
2013-01-08 00:00:00-05:00,35.18715320590983,35.53490757617939,34.95836807907165,35.26951599121094,837400,0.0,0.0
2013-01-09 00:00:00-05:00,35.315266677213366,35.58065821978887,35.19629745278583,35.46168899536133,541600,0.0,0.0
2013-01-10 00:00:00-05:00,35.48916054048718,35.598979954432664,35.031590122003394,35.498313903808594,1247900,0.0,0.0
2013-01-11 00:00:00-05:00,35.49830277215433,35.66302835043222,35.324423833425364,35.47999954223633,1207300,0.0,0.0
2013-01-14 00:00:00-05:00,35.47085475680412,35.67218684358971,35.25122292666075,35.324432373046875,606500,0.0,0.0
2013-01-15 00:00:00-05:00,35.06818205949415,35.3427234986051,34.99497263819033,35.26036071777344,872100,0.0,0.0
2013-01-16 00:00:00-05:00,35.251209568959894,35.44338822025955,35.05903091766023,35.232906341552734,1069200,0.0,0.0
2013-01-17 00:00:00-05:00,35.406802735435285,35.86437321866338,35.2695336850583,35.8277702331543,916700,0.0,0.0
2013-01-18 00:00:00-05:00,35.782016037624594,36.047407797606205,35.56238412597425,36.019954681396484,546400,0.0,0.0
2013-01-22 00:00:00-05:00,36.01994448069071,36.53242112340103,35.9924913722556,36.4500617980957,1215500,0.0,0.0
2013-01-23 00:00:00-05:00,36.30362098754946,36.504953009275056,36.24871479324893,36.331077575683594,825100,0.0,0.0
2013-01-24 00:00:00-05:00,36.30362662225405,37.722097372233065,36.12975116167529,37.61227798461914,2566200,0.0,0.0
2013-01-25 00:00:00-05:00,37.941716325812585,38.024079093158825,37.273664319996776,37.58481216430664,1856200,0.0,0.0
2013-01-28 00:00:00-05:00,37.74039323348744,37.82275601262172,37.356032433866226,37.5116081237793,894700,0.0,0.0
2013-01-29 00:00:00-05:00,37.43839752032247,37.78615188598633,37.36518809601552,37.78615188598633,939800,0.0,0.0
2013-01-30 00:00:00-05:00,37.78616396164479,37.79531383348829,37.38349978082981,37.44755935668945,776600,0.0,0.0
2013-01-31 00:00:00-05:00,37.356032433866226,37.548211088184964,37.18215700724218,37.5116081237793,938000,0.0,0.0
2013-02-01 00:00:00-05:00,37.67634077117179,38.0790049115621,37.53907176138985,37.95088577270508,777700,0.0,0.0
2013-02-04 00:00:00-05:00,37.65803967844422,37.7587022189461,37.1913159853678,37.319435119628906,1013000,0.0,0.0
2013-02-05 00:00:00-05:00,37.46585559603654,37.46585559603654,37.27367690433967,37.42925262451172,972000,0.0,0.0
2013-02-06 00:00:00-05:00,37.31028281626717,37.91427547481887,37.23706989232909,37.850215911865234,559100,0.0,0.0
2013-02-07 00:00:00-05:00,37.93257481960172,37.93257481960172,37.22791620831979,37.64888000488281,639000,0.0,0.0
2013-02-08 00:00:00-05:00,37.72211007613361,38.042408003748506,37.52992782857909,37.941741943359375,315600,0.0,0.0
2013-02-11 00:00:00-05:00,37.85935725183598,37.996629707799066,37.456696733852404,37.98747634887695,773800,0.0,0.0
2013-02-12 00:00:00-05:00,37.98748435952958,38.41760155399735,37.80445903429456,38.27117919921875,794100,0.0,0.0
2013-02-13 00:00:00-05:00,38.31694000316306,38.47251573695394,38.15221439843611,38.435909271240234,669600,0.0,0.0
2013-02-14 00:00:00-05:00,38.26202966446185,38.44505499129986,38.22542320270051,38.35354232788086,332700,0.0,0.0
2013-02-15 00:00:00-05:00,38.28033289534252,38.49081481399371,38.21626984176801,38.35354232788086,504300,0.0,0.0
2013-02-19 00:00:00-05:00,38.42675377670691,38.84771759785403,38.35354085599391,38.82941436767578,936300,0.0,0.0
2013-02-20 00:00:00-05:00,38.79281517372935,38.829421640942726,38.14306609012378,38.16136932373047,673000,0.0,0.0
2013-02-21 00:00:00-05:00,38.152229367383335,38.390167996892416,37.93259746889843,37.96920394897461,1037300,0.0,0.0
2013-02-22 00:00:00-05:00,38.09731542077351,38.71045812840607,38.09731542077351,38.65555191040039,974800,0.0,0.0
2013-02-25 00:00:00-05:00,38.74705912709012,38.7928154659591,37.557376861572266,37.557376861572266,871600,0.0,0.0
2013-02-26 00:00:00-05:00,37.630599244749085,38.07901989821706,37.557389775582806,37.96920394897461,919200,0.0,0.0
2013-02-27 00:00:00-05:00,37.85936057359363,38.61892884552857,37.23706476966596,38.42675018310547,1276300,0.0,0.0
2013-02-28 00:00:00-05:00,38.417603473440835,38.84772068939838,38.26203124102141,38.28033447265625,1057200,0.0,0.0
2013-03-01 00:00:00-05:00,38.13392612734525,38.24374556757378,37.529933170032635,37.96920394897461,1553000,0.0,0.0
2013-03-04 00:00:00-05:00,37.94173401143507,38.23457876717236,37.73125206143544,38.16136932373047,669000,0.0,0.0
2013-03-05 00:00:00-05:00,38.39013779508745,38.92091737467949,38.39013779508745,38.63722610473633,657800,0.0,0.0
2013-03-06 00:00:00-05:00,38.49082088799506,38.99414759819519,38.49082088799506,38.628089904785156,690800,0.0,0.0
2013-03-07 00:00:00-05:00,38.70129036429201,38.82025610896386,38.34438614830891,38.48165512084961,877700,0.0,0.0
2013-03-08 00:00:00-05:00,38.664686881865244,38.866018912921206,38.33523573685877,38.82025909423828,1097600,0.0,0.0
2013-03-11 00:00:00-04:00,38.75621825916659,38.893490799559316,38.58234273352341,38.83858108520508,717000,0.0,0.0
2013-03-12 00:00:00-04:00,38.86606822227453,38.89356019602912,38.57280884913393,38.792755126953125,639400,0.06,0.0
2013-03-13 00:00:00-04:00,38.81108950641731,39.003543853759766,38.5819803511352,39.003543853759766,766600,0.0,0.0
2013-03-14 00:00:00-04:00,39.0585361123395,39.21433218891578,38.930235517470216,39.20516586303711,663000,0.0,0.0
2013-03-15 00:00:00-04:00,39.040181236603964,39.30594857713207,39.040181236603964,39.232635498046875,966100,0.0,0.0
2013-03-18 00:00:00-04:00,38.78359095380961,39.30595945965254,38.682782383221024,39.04935836791992,843700,0.0,0.0
2013-03-19 00:00:00-04:00,39.21430881981373,39.44341788724065,38.783582654354504,39.18681335449219,573700,0.0,0.0
2013-03-20 00:00:00-04:00,39.379270011416295,39.54422882962176,39.113502638093365,39.27846145629883,591000,0.0,0.0
2013-03-21 00:00:00-04:00,39.04018132472981,39.14098986763539,38.66444261676239,38.76525115966797,543700,0.0,0.0
2013-03-22 00:00:00-04:00,38.948552761858664,39.18682472289939,38.682785327519746,39.17766189575195,618000,0.0,0.0
2013-03-25 00:00:00-04:00,39.20514212638244,39.21430844671139,38.664444592562276,38.84773254394531,589500,0.0,0.0
2013-03-26 00:00:00-04:00,38.957710385924734,39.13183554182186,38.664451013382454,39.1226692199707,619400,0.0,0.0
2013-03-27 00:00:00-04:00,38.838578585178176,39.3151259691842,38.54531919439411,39.223480224609375,422500,0.0,0.0
2013-03-28 00:00:00-04:00,39.122649906761715,39.82830601606613,39.06766598650796,39.736663818359375,799500,0.0,0.0
2013-04-01 00:00:00-04:00,39.700034147608925,39.700034147608925,38.93939356995504,39.003543853759766,717200,0.0,0.0
2013-04-02 00:00:00-04:00,39.260133204068545,39.278462350500554,38.536147651676664,38.673614501953125,850300,0.0,0.0
2013-04-03 00:00:00-04:00,38.737758722881345,38.78357983384904,37.78466423267596,37.940460205078125,1131100,0.0,0.0
2013-04-04 00:00:00-04:00,38.01377010048161,38.252045451045085,37.83048217603118,37.97711181640625,780300,0.0,0.0
2013-04-05 00:00:00-04:00,37.53721325575789,37.60136348845286,37.04233703560342,37.5647087097168,920200,0.0,0.0
2013-04-08 00:00:00-04:00,37.528071411607016,37.57389253258321,37.02403208901394,37.49141311645508,863800,0.0,0.0
2013-04-09 00:00:00-04:00,37.55555271018264,37.619702960500675,37.143155746762055,37.363101959228516,1191800,0.0,0.0
2013-04-10 00:00:00-04:00,37.583046990606896,38.417003792033455,37.50973391255349,38.25204849243164,968900,0.0,0.0
2013-04-11 00:00:00-04:00,38.160417318107214,38.19707561906793,37.61055678740845,37.74802017211914,1428500,0.0,0.0
2013-04-12 00:00:00-04:00,37.66553189489961,37.958791241839705,37.44558913265812,37.52806854248047,810900,0.0,0.0
2013-04-15 00:00:00-04:00,37.29895604793795,37.353939985506074,36.2817112518055,36.428340911865234,2837800,0.0,0.0
2013-04-16 00:00:00-04:00,36.79492193519608,37.29896124336438,36.639125933222694,37.289794921875,1971900,0.0,0.0
2013-04-17 00:00:00-04:00,36.92321308240081,37.13399297601887,36.5199789416302,36.89571762084961,1237900,0.0,0.0
2013-04-18 00:00:00-04:00,36.88655477971988,36.99652613809194,36.32752817277838,36.56580352783203,1085300,0.0,0.0
2013-04-19 00:00:00-04:00,36.611627336361806,37.03318715448836,36.235888629609576,36.840736389160156,885600,0.0,0.0
2013-04-22 00:00:00-04:00,36.840746923174564,37.0790188680071,36.47417093551006,36.95988464355469,800600,0.0,0.0
2013-04-23 00:00:00-04:00,37.11568751741706,37.436438974134376,36.923236643386666,37.4089469909668,1530000,0.0,0.0
2013-04-24 00:00:00-04:00,37.50973620714985,37.75717441557919,37.26229799872051,37.71135330200195,703500,0.0,0.0
2013-04-25 00:00:00-04:00,37.75716954892916,37.90379919103286,37.234801230439345,37.51889419555664,1130800,0.0,0.0
2013-04-26 00:00:00-04:00,37.482242270432664,37.482242270432664,36.97819955976382,37.15232467651367,1160300,0.0,0.0
2013-04-29 00:00:00-04:00,37.38142997045948,37.390592793402035,37.069841551517534,37.16148376464844,1508800,0.0,0.0
2013-04-30 00:00:00-04:00,37.23480764182679,37.31728704820749,36.98736942268471,37.30812072753906,1645000,0.0,0.0
2013-05-01 00:00:00-04:00,37.02402740038985,37.31728673261287,36.49249267578125,36.49249267578125,1108200,0.0,0.0
2013-05-02 00:00:00-04:00,36.69411562942557,37.07901725337757,36.611636210589054,36.73077392578125,1270600,0.0,0.0
2013-05-03 00:00:00-04:00,37.170641906481066,37.68384378059883,37.05150425887849,37.454734802246094,1205600,0.0,0.0
2013-05-06 00:00:00-04:00,37.363099742091855,37.56471680022823,37.22563293046684,37.4364128112793,633100,0.0,0.0
2013-05-07 00:00:00-04:00,37.537240185487015,37.821336774040574,37.44559792901322,37.74802017211914,679300,0.0,0.0
2013-05-08 00:00:00-04:00,38.11458166418235,38.380349000970085,38.06876055340815,38.25204849243164,1266000,0.0,0.0
2013-05-09 00:00:00-04:00,38.25204571384325,38.49031757011731,38.15123717990662,38.29786682128906,789100,0.0,0.0
2013-05-10 00:00:00-04:00,38.297875476437106,38.44450515095719,38.00461612739693,38.34369659423828,1067200,0.0,0.0
2013-05-13 00:00:00-04:00,38.19706977807526,38.48116632318555,37.98628982367504,38.30704116821289,819600,0.0,0.0
2013-05-14 00:00:00-04:00,38.29787854566835,39.17765666329519,38.29787854566835,39.1226692199707,923300,0.0,0.0
2013-05-15 00:00:00-04:00,39.049357650908796,39.44342560364968,39.003536527644705,39.34261703491211,932600,0.0,0.0
2013-05-16 00:00:00-04:00,39.29678376043087,39.599205877202024,39.08600386185061,39.15015411376953,862100,0.0,0.0
2013-05-17 00:00:00-04:00,39.25095387784722,39.86496429351913,39.25095387784722,39.736663818359375,811100,0.0,0.0
2013-05-20 00:00:00-04:00,39.55338652559486,40.17656342557701,39.55338652559486,39.86497497558594,703100,0.0,0.0
2013-05-21 00:00:00-04:00,39.82833589616376,40.268225067837115,39.62672221076871,40.03911590576172,1102000,0.0,0.0
2013-05-22 00:00:00-04:00,39.99327773217517,40.213223972261225,39.434251055553055,39.6450309753418,1254300,0.0,0.0
2013-05-23 00:00:00-04:00,39.31510998849169,39.58087379991255,39.11349292830749,39.50756072998047,985600,0.0,0.0
2013-05-24 00:00:00-04:00,39.195987342910456,39.42509645515852,38.957711908453,39.34261703491211,615800,0.0,0.0
2013-05-28 00:00:00-04:00,39.80083752880886,40.13075522860605,39.553399253960976,39.76417922973633,736000,0.0,0.0
2013-05-29 00:00:00-04:00,39.40674828318629,39.681678385976824,39.16847645968141,39.35176086425781,887900,0.0,0.0
2013-05-30 00:00:00-04:00,39.48007344696992,40.057425739893944,39.4342488399118,39.86497497558594,880900,0.0,0.0
2013-05-31 00:00:00-04:00,39.70919407439472,40.30487568460701,39.52590608051105,39.54423522949219,1055100,0.0,0.0
2013-06-03 00:00:00-04:00,39.65419538680418,39.87413812037596,39.21430642373391,39.718345642089844,1028900,0.0,0.0
2013-06-04 00:00:00-04:00,39.68167542920885,39.965771828615125,39.260115736612974,39.37925338745117,1177200,0.0,0.0
2013-06-05 00:00:00-04:00,39.24179497397332,39.544220576205376,38.856893475779515,39.10432815551758,2092000,0.0,0.0
2013-06-06 00:00:00-04:00,39.031020087995216,39.397595986935656,38.728594446980324,38.985198974609375,1418900,0.0,0.0
2013-06-07 00:00:00-04:00,39.22347524954572,39.64503513333665,39.04935360083049,39.49840545654297,661100,0.0,0.0
2013-06-10 00:00:00-04:00,39.59005529565133,39.700026690670676,39.09517877417289,39.34261703491211,678000,0.0,0.0
2013-06-11 00:00:00-04:00,38.64611504451507,39.27845829539098,38.48115973551142,38.985198974609375,1171600,0.0,0.0
2013-06-12 00:00:00-04:00,39.25133696005955,39.36146364838885,38.71905154821671,38.746585845947266,841400,0.06,0.0
2013-06-13 00:00:00-04:00,38.77410852095178,39.324745348122825,38.51714513505377,39.21461868286133,975500,0.0,0.0
2013-06-14 00:00:00-04:00,39.09533543538367,39.260527279547546,38.764955247921506,39.24217224121094,1042300,0.0,0.0
2013-06-17 00:00:00-04:00,39.65513615476174,39.65513615476174,38.251009536035674,38.452911376953125,1895200,0.0,0.0
2013-06-18 00:00:00-04:00,38.53551688652208,38.95767220395259,38.397855869554924,38.87507629394531,1347600,0.0,0.0
2013-06-19 00:00:00-04:00,38.77411703851831,39.14121067118138,38.379492608708034,38.388671875,956300,0.0,0.0
2013-06-20 00:00:00-04:00,38.030762672692106,38.030762672692106,37.27822370505227,37.31493377685547,758100,0.0,0.0
2013-06-21 00:00:00-04:00,37.35164938526931,37.50766196226083,36.773477921694976,37.05797576904297,1243000,0.0,0.0
2013-06-24 00:00:00-04:00,36.53485661419469,37.36999132399769,36.21364880220004,37.094669342041016,1427300,0.0,0.0
2013-06-25 00:00:00-04:00,37.3883601166889,37.70038877699709,37.0671521864761,37.516841888427734,1126800,0.0,0.0
2013-06-26 00:00:00-04:00,37.79213972058388,37.957331479509044,37.57188287506239,37.69118881225586,1204500,0.0,0.0
2013-06-27 00:00:00-04:00,38.03076625677828,38.599761920755554,37.92981880110373,38.54469680786133,707900,0.0,0.0
2013-06-28 00:00:00-04:00,38.54468881854495,38.99437839514179,38.269370312871146,38.82000732421875,1932700,0.0,0.0
2013-07-01 00:00:00-04:00,38.948493320029506,39.88457914239411,38.948493320029506,39.66432571411133,1449700,0.0,0.0
2013-07-02 00:00:00-04:00,39.68267919695007,40.297557119446566,39.61843482361127,39.70103073120117,1774200,0.0,0.0
2013-07-03 00:00:00-04:00,39.581726992447265,40.07729892132372,39.46242101842846,39.87540054321289,761000,0.0,0.0
2013-07-05 00:00:00-04:00,40.05893793968348,40.536154721476514,40.013048613746726,40.51780319213867,878800,0.0,0.0
2013-07-08 00:00:00-04:00,40.67382438823198,40.939967131729404,40.471922513735336,40.59122848510742,908200,0.0,0.0
2013-07-09 00:00:00-04:00,40.83901472555335,41.00420652586072,40.61875782485531,40.87572479248047,814800,0.0,0.0
2013-07-10 00:00:00-04:00,40.802304658626234,41.11433322577741,40.637112858318865,40.87572479248047,928000,0.0,0.0
2013-07-11 00:00:00-04:00,41.16021734209179,41.435539331696035,41.04091488085211,41.21528244018555,1185200,0.0,0.0
2013-07-12 00:00:00-04:00,41.24280922977775,41.6282578772373,41.06844168739378,41.60072708129883,731500,0.0,0.0
2013-07-15 00:00:00-04:00,41.573182406388774,41.81179424783704,41.4722315119963,41.67413330078125,729000,0.0,0.0
2013-07-16 00:00:00-04:00,41.747570343342375,41.802631943812855,41.316235801711684,41.41718673706055,640900,0.0,0.0
2013-07-17 00:00:00-04:00,41.60989514274747,41.83932773539586,41.47223418681302,41.545654296875,756000,0.0,0.0
2013-07-18 00:00:00-04:00,41.6190781102858,42.01370251801913,41.60072658045721,41.98617172241211,481300,0.0,0.0
2013-07-19 00:00:00-04:00,41.96782056259589,42.16972241797407,41.85769386914619,42.04124069213867,467000,0.0,0.0
2013-07-22 00:00:00-04:00,42.03205344351218,42.509273692321436,41.97699185767591,42.2614860534668,552100,0.0,0.0
2013-07-23 00:00:00-04:00,42.344092181681624,42.463398147975674,42.133014549539645,42.160545349121094,625600,0.0,0.0
2013-07-24 00:00:00-04:00,42.38998331507892,42.47257922501578,41.8485220167962,42.01371383666992,498100,0.0,0.0
2013-07-25 00:00:00-04:00,41.9127580031824,42.05041900397801,41.74756970343821,41.88522720336914,829900,0.0,0.0
2013-07-26 00:00:00-04:00,41.646622349600186,42.21561443346116,41.646622349600186,41.995357513427734,1128100,0.0,0.0
2013-07-29 00:00:00-04:00,41.921941005862706,42.178904495989194,41.79345926079946,41.96782684326172,598300,0.0,0.0
2013-07-30 00:00:00-04:00,42.178890173848586,42.37161272600315,41.98616762169402,42.2614860534668,526800,0.0,0.0
2013-07-31 00:00:00-04:00,42.38998023741732,42.922265729667956,42.38998023741732,42.47257614135742,1101600,0.0,0.0
2013-08-01 00:00:00-04:00,42.89472869316309,43.9134066925224,42.867194395275746,43.77574920654297,1962200,0.0,0.0
2013-08-02 00:00:00-04:00,43.48208429680939,43.90423960530632,43.39030912048505,43.84917449951172,880400,0.0,0.0
2013-08-05 00:00:00-04:00,43.68398016684506,44.06024961593964,43.628918565086956,43.86752700805664,981200,0.0,0.0
2013-08-06 00:00:00-04:00,43.72987292636243,44.02354649494643,43.1241707535498,43.2710075378418,1718900,0.0,0.0
2013-08-07 00:00:00-04:00,41.88523874533032,42.56436116840285,40.26085459230182,41.802642822265625,2996800,0.0,0.0
2013-08-08 00:00:00-04:00,41.756744295280576,42.224785383264845,41.6190832983569,41.97700119018555,727300,0.0,0.0
2013-08-09 00:00:00-04:00,41.99535145603002,42.13301244880285,41.609906277649245,41.68332290649414,995800,0.0,0.0
2013-08-12 00:00:00-04:00,41.45389623174657,42.2523245036109,41.45389623174657,41.995357513427734,576500,0.0,0.0
2013-08-13 00:00:00-04:00,42.12384289145637,42.12384289145637,41.67415328287002,41.96782684326172,527500,0.0,0.0
2013-08-14 00:00:00-04:00,41.99534680856742,42.059591165385676,41.26116309704535,41.279518127441406,954000,0.0,0.0
2013-08-15 00:00:00-04:00,40.92162312347177,40.93079889257356,40.01306794430182,40.10484313964844,1460500,0.0,0.0
2013-08-16 00:00:00-04:00,40.10483192682956,40.50863217085987,39.746917517210576,39.8570442199707,1671400,0.0,0.0
2013-08-19 00:00:00-04:00,39.88457850035416,40.41686402838848,39.86622346481521,40.18743133544922,1031600,0.0,0.0
2013-08-20 00:00:00-04:00,40.24249132661792,40.64629509054352,40.04976871248885,40.49945831298828,771900,0.0,0.0
2013-08-21 00:00:00-04:00,40.315898882659546,40.60039658200542,40.14153135775559,40.17823791503906,796700,0.0,0.0
2013-08-22 00:00:00-04:00,40.33426500910428,40.68300365572625,40.16907320285517,40.59122848510742,457800,0.0,0.0
2013-08-23 00:00:00-04:00,40.728886957604594,40.79312782261013,40.48109926364127,40.609580993652344,882000,0.0,0.0
2013-08-26 00:00:00-04:00,40.738062521905,40.98585021464114,40.582049993625525,40.71970748901367,588300,0.0,0.0
2013-08-27 00:00:00-04:00,40.49946176701497,40.517816803382914,39.71021270751953,39.71021270751953,989600,0.0,0.0
2013-08-28 00:00:00-04:00,39.71938450013216,40.02223731859571,39.554192690218386,39.87540054321289,538900,0.0,0.0
2013-08-29 00:00:00-04:00,39.75609443847888,40.06812302274954,39.75609443847888,39.902931213378906,844700,0.0,0.0
2013-08-30 00:00:00-04:00,39.91211352379223,39.93964432716456,39.31558711104753,39.38900375366211,1185200,0.0,0.0
2013-09-03 00:00:00-04:00,39.930448558094696,40.03139946323017,38.75575475476621,39.095314025878906,2121000,0.0,0.0
2013-09-04 00:00:00-04:00,39.14121159703093,39.9029261766576,38.985195574156194,39.80197525024414,1503700,0.0,0.0
2013-09-05 00:00:00-04:00,39.893756408755216,40.407683382868036,39.77445043225119,40.251670837402344,669900,0.0,0.0
2013-09-06 00:00:00-04:00,40.27002565954696,40.63711585327873,39.82033605870925,40.36179733276367,884100,0.0,0.0
2013-09-09 00:00:00-04:00,40.545323953210506,40.664629869566014,40.2608263067822,40.288360595703125,1683600,0.0,0.0
2013-09-10 00:00:00-04:00,40.591218401031796,40.77476519580615,40.435205901035154,40.66463851928711,1587300,0.0,0.0
2013-09-11 00:00:00-04:00,40.67382176949755,40.829837799072266,40.462744141961394,40.829837799072266,1178100,0.0,0.0
2013-09-12 00:00:00-04:00,41.90503609095511,43.19159566184287,41.50987865870784,41.87746810913086,4202000,0.06,0.0
2013-09-13 00:00:00-04:00,42.17153109247315,42.20829073237999,41.2433729711747,41.482303619384766,2075700,0.0,0.0
2013-09-16 00:00:00-04:00,41.923414477183385,42.17153682187604,41.473121096720654,41.64772415161133,1073200,0.0,0.0
2013-09-17 00:00:00-04:00,41.59258566451977,41.78557205200195,41.45474225128137,41.78557205200195,1703700,0.0,0.0
2013-09-18 00:00:00-04:00,41.684484071869626,42.22667656816642,41.52825733280477,42.07044982910156,1469100,0.0,0.0
2013-09-19 00:00:00-04:00,42.21748489064398,42.722921247228754,42.11640112491973,42.2910041809082,1729300,0.0,0.0
2013-09-20 00:00:00-04:00,42.52074348223434,42.75048598851034,41.776376499886794,42.272621154785156,27213500,0.0,0.0
2013-09-23 00:00:00-04:00,42.13478268323981,42.447232694544496,42.098026539128135,42.30019760131836,3233500,0.0,0.0
2013-09-24 00:00:00-04:00,42.24505378557398,42.64939934044267,42.171534499820126,42.474796295166016,2640200,0.0,0.0
2013-09-25 00:00:00-04:00,42.50235991542063,42.83318965619756,42.29099724894473,42.42884063720703,2892900,0.0,0.0
2013-09-26 00:00:00-04:00,42.46560287475586,42.59425811390985,42.10720513551477,42.46560287475586,1758400,0.0,0.0
2013-09-27 00:00:00-04:00,42.162338214181666,42.26342545981018,41.89583611308683,41.9417839050293,1384600,0.0,0.0
2013-09-30 00:00:00-04:00,41.49150118004465,42.364519965579724,41.49150118004465,42.2910041809082,1671500,0.0,0.0
2013-10-01 00:00:00-04:00,42.39208091838651,42.62182338498537,41.74880131079135,41.98773193359375,1806800,0.0,0.0
2013-10-02 00:00:00-04:00,41.88666582972593,41.88666582972593,41.326093414296224,41.75800704956055,1169000,0.0,0.0
2013-10-03 00:00:00-04:00,41.53744375295783,41.73961476454015,40.839024605768685,41.197425842285156,1570900,0.0,0.0
2013-10-04 00:00:00-04:00,41.206618492479706,41.56501626248095,41.05039175610401,41.33527374267578,1329000,0.0,0.0
2013-10-07 00:00:00-04:00,40.87580039757021,41.335285568638575,40.79309292655416,41.1147346496582,894800,0.0,0.0
2013-10-08 00:00:00-04:00,41.06877325976875,41.27094780726424,40.35197769041971,40.370357513427734,1577700,0.0,0.0
2013-10-09 00:00:00-04:00,40.38871756208048,40.581700350791,39.883284946394845,40.16816329956055,1881300,0.0,0.0
2013-10-10 00:00:00-04:00,40.66442068504992,41.49149505037255,40.56333342866691,41.43635559082031,1068700,0.0,0.0
2013-10-11 00:00:00-04:00,41.436359856013226,41.86827690298406,41.36284056904264,41.748809814453125,830100,0.0,0.0
2013-10-14 00:00:00-04:00,41.454726393646126,42.00610684686623,41.34445100412039,41.91421127319336,723100,0.0,0.0
2013-10-15 00:00:00-04:00,41.74880689406092,41.89584195212422,41.19742630272162,41.28932189941406,738600,0.0,0.0
2013-10-16 00:00:00-04:00,41.528251416472216,41.67528647050738,41.28932076826215,41.482303619384766,896000,0.0,0.0
2013-10-17 00:00:00-04:00,41.39960600325781,42.00612618323139,41.35365819527056,41.96017837524414,854900,0.0,0.0
2013-10-18 00:00:00-04:00,42.199112896844795,42.60346205712735,42.199112896844795,42.33695983886719,1584900,0.0,0.0
2013-10-21 00:00:00-04:00,42.46559602861288,42.7596661008681,42.447216210897956,42.5574951171875,1147500,0.0,0.0
2013-10-22 00:00:00-04:00,42.63101928586782,43.16402358789091,42.63101928586782,43.07212448120117,1026100,0.0,0.0
2013-10-23 00:00:00-04:00,42.98942399224289,43.182410394713926,42.64021784710929,42.934288024902344,871600,0.0,0.0
2013-10-24 00:00:00-04:00,42.97103775333376,43.191592106551326,42.88833030907624,42.89752197265625,768400,0.0,0.0
2013-10-25 00:00:00-04:00,42.90669507164102,43.421319378135486,42.90669507164102,43.27428436279297,1865200,0.0,0.0
2013-10-28 00:00:00-04:00,43.20077140521465,43.301858650309384,42.25423357494903,42.38288879394531,1919800,0.0,0.0
2013-10-29 00:00:00-04:00,43.92675720664065,43.94513702392578,43.255909650896086,43.94513702392578,2186000,0.0,0.0
2013-10-30 00:00:00-04:00,44.28516904435677,44.47815543478158,43.57756162771334,43.761356353759766,1270600,0.0,0.0
2013-10-31 00:00:00-04:00,43.79810374395628,44.21164088544144,43.49484551059506,43.95433044433594,931500,0.0,0.0
2013-11-01 00:00:00-04:00,43.97271324092565,44.05542068141862,43.56836770162246,43.92676544189453,960700,0.0,0.0
2013-11-04 00:00:00-05:00,44.04622697211433,44.29434926231906,43.8532441371524,44.13812255859375,945700,0.0,0.0
2013-11-05 00:00:00-05:00,43.890008009808795,44.165701829058385,43.50404227180743,44.027854919433594,767300,0.0,0.0
2013-11-06 00:00:00-05:00,44.11056061619266,44.70789252677389,44.01866501714588,44.45977020263672,1012600,0.0,0.0
2013-11-07 00:00:00-05:00,44.671127768161455,45.057093446659195,44.037036288355175,44.055416107177734,2126800,0.0,0.0
2013-11-08 00:00:00-05:00,44.10136936575162,44.61599029327169,43.95433431423273,44.59761047363281,878300,0.0,0.0
2013-11-11 00:00:00-05:00,44.67112991747099,44.79059699276967,44.349488330988734,44.707889556884766,684600,0.0,0.0
2013-11-12 00:00:00-05:00,44.58841655614374,44.772211223195605,44.42300170635623,44.76301956176758,1044800,0.0,0.0
2013-11-13 00:00:00-05:00,44.50570152318191,45.10303321259112,44.46894189493711,45.093841552734375,917000,0.0,0.0
2013-11-14 00:00:00-05:00,45.139809265596924,45.31441582405735,44.87331060713404,45.121429443359375,574900,0.0,0.0
2013-11-15 00:00:00-05:00,45.09384344182353,45.32358586959137,45.01113602760346,45.25925827026367,822200,0.0,0.0
2013-11-18 00:00:00-05:00,45.54413945317873,45.580895576815756,44.91923977866378,45.05708312988281,913700,0.0,0.0
2013-11-19 00:00:00-05:00,45.066290580324264,45.130618201217175,44.49652664442641,44.66194152832031,953800,0.0,0.0
2013-11-20 00:00:00-05:00,44.854919519232595,44.87329933685391,44.41381441309628,44.52408981323242,1019800,0.0,0.0
2013-11-21 00:00:00-05:00,44.717071145198574,45.35115905677665,44.524088325012855,45.33278274536133,563500,0.0,0.0
2013-11-22 00:00:00-05:00,45.48901892427224,45.73714126634848,45.27765622670936,45.7187614440918,911400,0.0,0.0
2013-11-25 00:00:00-05:00,45.792269596658,45.911733153884505,45.32359300707413,45.433868408203125,1007000,0.0,0.0
2013-11-26 00:00:00-05:00,45.5349807557294,45.865810647087876,45.36956581005016,45.37875747680664,1082600,0.0,0.0
2013-11-27 00:00:00-05:00,45.424688417587184,45.56253532297145,45.27765335445376,45.479827880859375,499200,0.0,0.0
2013-11-29 00:00:00-05:00,45.498199511611155,45.672806041198434,45.13061364442249,45.2317008972168,609200,0.0,0.0
2013-12-02 00:00:00-05:00,45.17656600583781,45.35116904748101,44.80897659590303,44.88249588012695,784300,0.0,0.0
2013-12-03 00:00:00-05:00,44.65274972258011,44.93763166725495,44.579230444370296,44.772216796875,861300,0.0,0.0
2013-12-04 00:00:00-05:00,44.60660901337231,45.388698949754406,44.284574251866275,45.20467758178711,863700,0.06,0.0
2013-12-05 00:00:00-05:00,44.94704927346613,45.25068507743871,44.87344282729804,44.99305725097656,658300,0.0,0.0
2013-12-06 00:00:00-05:00,45.39789280693402,45.554308668857146,45.186269488494666,45.52670669555664,871500,0.0,0.0
2013-12-09 00:00:00-05:00,45.71073796427709,45.81194990157184,45.35189819380731,45.43470764160156,1039600,0.0,0.0
2013-12-10 00:00:00-05:00,45.2966724046559,45.600308093731954,45.17705802623976,45.23226547241211,811500,0.0,0.0
2013-12-11 00:00:00-05:00,45.204669429007104,45.31508082590824,44.68941039361011,44.72621536254883,1028600,0.0,0.0
2013-12-12 00:00:00-05:00,44.66180628144632,45.0942523610487,44.52378940949809,45.066650390625,995500,0.0,0.0
2013-12-13 00:00:00-05:00,45.06665164311263,45.55430518703009,45.06665164311263,45.342681884765625,1231500,0.0,0.0
2013-12-16 00:00:00-05:00,45.462309623115104,45.98676828919901,45.462309623115104,45.8487548828125,1359700,0.0,0.0
2013-12-17 00:00:00-05:00,45.821137333662485,46.27198943299432,45.60031453759735,46.115570068359375,1703500,0.0,0.0
2013-12-18 00:00:00-05:00,46.12476884125771,47.192088284261054,45.88554007252961,47.14608383178711,1544200,0.0,0.0
2013-12-19 00:00:00-05:00,47.1184773139298,47.35770607738556,46.94365899441572,47.26569366455078,929500,0.0,0.0
2013-12-20 00:00:00-05:00,47.38530943405522,48.16739566152518,47.330101984737496,47.872962951660156,1797300,0.0,0.0
2013-12-23 00:00:00-05:00,48.112189381625264,48.112189381625264,47.826956172231455,47.90056610107422,846800,0.0,0.0
2013-12-24 00:00:00-05:00,47.89136598828329,48.46182893150071,47.89136598828329,48.351417541503906,412800,0.0,0.0
2013-12-26 00:00:00-05:00,48.40662460745852,48.45262906043267,47.92817057471479,48.36981964111328,370700,0.0,0.0
2013-12-27 00:00:00-05:00,48.3330096438739,48.66424728667355,48.148991851131356,48.259403228759766,339800,0.0,0.0
2013-12-30 00:00:00-05:00,48.25941126661702,48.42503011560153,48.07538993331035,48.32381820678711,466600,0.0,0.0
2013-12-31 00:00:00-05:00,48.43423198097638,48.59985083809295,48.27781612143027,48.46183395385742,474900,0.0,0.0
2014-01-02 00:00:00-05:00,48.241015954739076,48.32382539154339,47.753362332400094,47.92818069458008,570200,0.0,0.0
2014-01-03 00:00:00-05:00,47.92817503399894,48.39742611385855,47.85456509445973,48.00178146362305,673200,0.0,0.0
2014-01-06 00:00:00-05:00,48.3974190136788,48.51703339292435,47.56012537878914,47.734947204589844,659100,0.0,0.0
2014-01-07 00:00:00-05:00,47.84536900863703,48.305420633720075,47.64294517042757,47.9373779296875,1032000,0.0,0.0
2014-01-08 00:00:00-05:00,47.9741893608756,48.07540129360657,47.514137673855444,47.82697296142578,944500,0.0,0.0
2014-01-09 00:00:00-05:00,48.05699235032777,48.066195348384966,47.679750158035844,48.02018737792969,909300,0.0,0.0
2014-01-10 00:00:00-05:00,48.07540666503805,48.35143700610766,47.734969361382745,48.33303451538086,593600,0.0,0.0
2014-01-13 00:00:00-05:00,48.11219388275017,48.39742360891399,47.422116529904926,47.532527923583984,605300,0.0,0.0
2014-01-14 00:00:00-05:00,47.6061410277706,48.07539211457411,47.293305799929875,48.066192626953125,780700,0.0,0.0
2014-01-15 00:00:00-05:00,48.047779013501774,48.62744136707788,48.047779013501774,48.54463195800781,609000,0.0,0.0
2014-01-16 00:00:00-05:00,48.48023603308941,48.91268565748506,48.323820174853196,48.39742660522461,816700,0.0,0.0
2014-01-17 00:00:00-05:00,48.167394088399575,48.34221591723873,47.67974058672119,47.86376190185547,1185700,0.0,0.0
2014-01-21 00:00:00-05:00,48.17660251965621,48.296216914474996,47.44972017332558,47.95577621459961,1039300,0.0,0.0
2014-01-22 00:00:00-05:00,47.780964308029695,48.139804030876526,47.65215040853755,47.92818069458008,549000,0.0,0.0
2014-01-23 00:00:00-05:00,47.69814323008757,47.780952646681534,47.02646841100969,47.26569366455078,725400,0.0,0.0
2014-01-24 00:00:00-05:00,46.75965960317318,47.08169442430285,45.65553470086014,45.664737701416016,1320200,0.0,0.0
2014-01-27 00:00:00-05:00,45.894749367226076,46.09716968787304,45.416295274025146,45.44389724731445,1465900,0.0,0.0
2014-01-28 00:00:00-05:00,45.60951883802549,46.1707823946186,45.54511188988353,45.91315460205078,1570000,0.0,0.0
2014-01-29 00:00:00-05:00,46.42840589728677,46.61242723636717,44.7078139232026,45.765933990478516,2043000,0.0,0.0
2014-01-30 00:00:00-05:00,46.20758012935347,46.33639400545855,45.83033798793935,46.06036376953125,964600,0.0,0.0
2014-01-31 00:00:00-05:00,45.563512826598156,45.85794558235038,45.33348701679702,45.471500396728516,841300,0.0,0.0
2014-02-03 00:00:00-05:00,45.63711843395649,45.74753334780012,43.824517472297494,43.85211944580078,1225900,0.0,0.0
2014-02-04 00:00:00-05:00,43.96252753167643,44.43178210530695,43.60368786355602,44.24776077270508,1453100,0.0,0.0
2014-02-05 00:00:00-05:00,44.091342540911704,44.27536387822724,43.73250286359971,44.109745025634766,1154800,0.0,0.0
2014-02-06 00:00:00-05:00,44.17415967530732,44.99305459375744,44.17415967530732,44.855037689208984,834900,0.0,0.0
2014-02-07 00:00:00-05:00,45.17706652721972,45.738330050884024,45.05745563621094,45.692325592041016,628200,0.0,0.0
2014-02-10 00:00:00-05:00,45.664716697932725,45.76592859799716,45.195462163073024,45.48989486694336,717000,0.0,0.0
2014-02-11 00:00:00-05:00,45.66471612167127,46.14317013690144,45.49909728909488,46.023555755615234,712000,0.0,0.0
2014-02-12 00:00:00-05:00,46.20758525710124,46.778048275978406,46.11557282830476,46.66763687133789,780800,0.0,0.0
2014-02-13 00:00:00-05:00,46.336400008790505,47.155291335766634,46.15237865769225,47.127689361572266,768100,0.0,0.0
2014-02-14 00:00:00-05:00,47.072486117821256,47.311711438726874,46.85165977474898,47.27490997314453,615300,0.0,0.0
2014-02-18 00:00:00-05:00,47.43131478504265,47.58773413944753,47.035670165560404,47.33930587768555,1275900,0.0,0.0
2014-02-19 00:00:00-05:00,47.24728630639698,47.799350196692544,47.24728630639698,47.486515045166016,1329100,0.0,0.0
2014-02-20 00:00:00-05:00,47.49573297091365,48.18581046927219,47.49573297091365,48.084598541259766,894700,0.0,0.0
2014-02-21 00:00:00-05:00,48.11219641531948,48.50784106590355,48.010984503321446,48.16740036010742,1101600,0.0,0.0
2014-02-24 00:00:00-05:00,48.30543514249763,49.10592422779671,48.21342619381181,48.63667297363281,725200,0.0,0.0
2014-02-25 00:00:00-05:00,48.572251942215566,49.197922439865934,48.507844994802916,48.66426086425781,785700,0.0,0.0
2014-02-26 00:00:00-05:00,48.76547314446539,48.92188901507503,48.36982845891517,48.48023986816406,836200,0.0,0.0
2014-02-27 00:00:00-05:00,48.461825281004906,48.7930629359589,48.36981638125748,48.76546096801758,749500,0.0,0.0
2014-02-28 00:00:00-05:00,48.83906982102502,49.28991833374667,48.61824355261021,48.98628616333008,569800,0.0,0.0
2014-03-03 00:00:00-05:00,48.55384784606256,48.728666196113025,48.01098680021446,48.40663146972656,549600,0.0,0.0
2014-03-04 00:00:00-05:00,48.9402659974039,49.50152925929452,48.9402659974039,49.4371223449707,641000,0.0,0.0
2014-03-05 00:00:00-05:00,49.51075171527523,49.67637056290186,49.28992541513473,49.33592987060547,611300,0.0,0.0
2014-03-06 00:00:00-05:00,49.50155179109018,49.611963193056845,49.27152598954244,49.45554733276367,473200,0.0,0.0
2014-03-07 00:00:00-05:00,49.62115790083919,50.053607458675714,49.47394155283956,49.82358169555664,715800,0.0,0.0
2014-03-10 00:00:00-04:00,49.64876508168744,49.759179986715175,49.115107080379936,49.33592987060547,710000,0.0,0.0
2014-03-11 00:00:00-04:00,49.37273149965386,49.464740404372364,48.535437831022385,48.73786163330078,515800,0.0,0.0
2014-03-12 00:00:00-04:00,48.33301603866522,49.00469089880309,47.9557738977682,48.977088928222656,804300,0.0,0.0
2014-03-13 00:00:00-04:00,49.262644883178986,49.446873878044066,48.35071680510435,48.5717887878418,899000,0.06,0.0
2014-03-14 00:00:00-04:00,48.43362362289563,48.96788388626615,48.35993061339565,48.47046661376953,705500,0.0,0.0
2014-03-17 00:00:00-04:00,48.82970557829848,49.47450528101858,48.79286259170429,49.41923904418945,516500,0.0,0.0
2014-03-18 00:00:00-04:00,49.44686864971198,49.70478710692625,49.419235533260576,49.64952087402344,436700,0.0,0.0
2014-03-19 00:00:00-04:00,49.65874756600392,49.70480394698537,48.45205070658073,48.838932037353516,745200,0.0,0.0
2014-03-20 00:00:00-04:00,48.59942445811742,48.967882467187316,48.56258146831122,48.8481330871582,697000,0.0,0.0
2014-03-21 00:00:00-04:00,49.290276873462375,49.53898548375171,48.728383547115065,48.746803283691406,1424600,0.0,0.0
2014-03-24 00:00:00-04:00,48.85734658011003,49.013938950298204,48.04674106665526,48.3507194519043,570100,0.0,0.0
2014-03-25 00:00:00-04:00,48.654689369228194,48.94945434158479,48.27702152877908,48.52573013305664,951100,0.0,0.0
2014-03-26 00:00:00-04:00,48.69153701949532,48.97708861665639,47.6506462097168,47.6506462097168,903100,0.0,0.0
2014-03-27 00:00:00-04:00,47.52168068418654,47.73354276542973,47.14401288477472,47.272972106933594,729400,0.0,0.0
2014-03-28 00:00:00-04:00,47.245338105511586,47.60458265017888,47.144012000323336,47.28218460083008,1029900,0.0,0.0
2014-03-31 00:00:00-04:00,47.678293488009054,47.798042894507276,47.171666248961316,47.429588317871094,1419800,0.0,0.0
2014-04-01 00:00:00-04:00,47.64143396575189,48.37834637730488,47.374302118477814,48.36913299560547,926900,0.0,0.0
2014-04-02 00:00:00-04:00,48.36912882709343,48.903392475598054,48.350709093033146,48.6731071472168,732400,0.0,0.0
2014-04-03 00:00:00-04:00,48.82049007241119,48.87575981673355,48.21253694036636,48.534934997558594,733200,0.0,0.0
2014-04-04 00:00:00-04:00,48.82049304292752,48.82049304292752,47.33745486185624,47.3466682434082,828900,0.0,0.0
2014-04-07 00:00:00-04:00,47.245350642898124,47.25456051223415,46.379475342514304,46.50843811035156,975700,0.0,0.0
2014-04-08 00:00:00-04:00,46.471588204492086,46.950582194063884,46.1123435907822,46.637393951416016,1097000,0.0,0.0
2014-04-09 00:00:00-04:00,46.8861068085578,47.042699187093916,46.5268586485094,46.766357421875,1278800,0.0,0.0
2014-04-10 00:00:00-04:00,46.803198782571485,47.12559688757325,45.73467483101102,45.780731201171875,980800,0.0,0.0
2014-04-11 00:00:00-04:00,45.67018694055047,46.60974796610895,45.596493950535994,46.351829528808594,1609800,0.0,0.0
2014-04-14 00:00:00-04:00,46.87688898230306,47.19007722356821,46.130766638315386,46.572914123535156,1055600,0.0,0.0
2014-04-15 00:00:00-04:00,46.747923616471404,46.96899908706827,45.845205513128725,46.75713348388672,858000,0.0,0.0
2014-04-16 00:00:00-04:00,47.19005992434636,47.60457413787093,47.02425423893653,47.521671295166016,820000,0.0,0.0
2014-04-17 00:00:00-04:00,47.61380226247431,48.138852629664825,47.46641976490988,47.9269905090332,827000,0.0,0.0
2014-04-21 00:00:00-04:00,47.973061659781756,48.03754129799032,47.60460357240985,47.86252212524414,473600,0.0,0.0
2014-04-22 00:00:00-04:00,47.82566176303299,48.18490987542396,47.70591590611172,47.91777801513672,601600,0.0,0.0
2014-04-23 00:00:00-04:00,47.936206557966166,48.15727855967119,47.59538165836708,47.7059211730957,581500,0.0,0.0
2014-04-24 00:00:00-04:00,47.88092663650086,48.05594222685493,47.27297349005338,47.82565689086914,496100,0.0,0.0
2014-04-25 00:00:00-04:00,47.77961963859395,47.77961963859395,47.01507384451321,47.429588317871094,860800,0.0,0.0
2014-04-28 00:00:00-04:00,47.530895315018235,47.83487366675193,46.94136537527779,47.69670104980469,1243700,0.0,0.0
2014-04-29 00:00:00-04:00,48.05594067753982,48.304649254051206,47.73354262310392,48.13884353637695,1038300,0.0,0.0
2014-04-30 00:00:00-04:00,48.12964626787741,48.608640298332915,47.64144236797377,48.562583923339844,1188800,0.0,0.0
2014-05-01 00:00:00-04:00,48.40598097395028,49.069203921554,48.3138682373945,48.5902099609375,1191000,0.0,0.0
2014-05-02 00:00:00-04:00,48.488873937788654,49.12446363737162,48.41518446637139,48.54414367675781,796800,0.0,0.0
2014-05-05 00:00:00-04:00,48.29543923244651,48.84812261367502,47.973041179042426,48.77443313598633,969700,0.0,0.0
2014-05-06 00:00:00-04:00,48.8481269415838,49.30869763803886,48.138847647377936,48.36913299560547,1153700,0.0,0.0
2014-05-07 00:00:00-04:00,48.41520771012154,48.90341167350288,48.11122927066602,48.838932037353516,1118800,0.0,0.0
2014-05-08 00:00:00-04:00,48.77444844224947,49.4745145124234,48.746811804802526,48.94025421142578,969700,0.0,0.0
2014-05-09 00:00:00-04:00,48.9402482507271,49.00472787378942,48.53494374704866,48.79286575317383,739800,0.0,0.0
2014-05-12 00:00:00-04:00,48.940245416248864,49.410026001905365,48.89418904728265,49.38239288330078,805000,0.0,0.0
2014-05-13 00:00:00-04:00,49.50215438826617,49.658746783912214,49.12448644796366,49.142906188964844,455400,0.0,0.0
2014-05-14 00:00:00-04:00,48.94025202188908,49.22580365634695,48.50731436464498,48.6270637512207,648200,0.0,0.0
2014-05-15 00:00:00-04:00,48.44282710320292,48.599419456923876,47.59537517510081,48.19411849975586,636400,0.0,0.0
2014-05-16 00:00:00-04:00,48.17569767873841,48.66390504221224,48.000682066248274,48.5717887878418,899100,0.0,0.0
2014-05-19 00:00:00-04:00,48.42440346687157,48.691535318132374,48.304654100120935,48.49809646606445,686100,0.0,0.0
2014-05-20 00:00:00-04:00,48.479689693364506,48.58101584475528,47.34668579975974,47.55854797363281,798100,0.0,0.0
2014-05-21 00:00:00-04:00,47.75197387144589,48.10200861338935,47.64143787910221,48.03752899169922,408900,0.0,0.0
2014-05-22 00:00:00-04:00,48.03752200899502,48.48887929521693,48.03752200899502,48.230960845947266,532800,0.0,0.0
2014-05-23 00:00:00-04:00,48.369139189910904,48.59942456762951,48.08358757042048,48.3507194519043,787400,0.0,0.0
2014-05-27 00:00:00-04:00,48.746793470814474,48.75600685112369,48.44281868423571,48.59941101074219,497100,0.0,0.0
2014-05-28 00:00:00-04:00,48.72837689102339,49.02314183024137,48.617837403410206,48.6731071472168,759200,0.0,0.0
2014-05-29 00:00:00-04:00,48.69153396048331,48.894186188737656,48.40597886738632,48.875762939453125,509800,0.0,0.0
2014-05-30 00:00:00-04:00,49.124469448013635,49.124469448013635,48.590205783075106,48.89418411254883,564900,0.0,0.0
2014-06-02 00:00:00-04:00,48.875763954790635,48.97708655714716,48.45203624019495,48.76522445678711,762000,0.0,0.0
2014-06-03 00:00:00-04:00,48.728379397109144,48.93102810707164,48.590206787424115,48.78364562988281,777000,0.0,0.0
2014-06-04 00:00:00-04:00,48.61784764608669,48.80207665037961,48.47046514542755,48.68232727050781,717700,0.0,0.0
2014-06-05 00:00:00-04:00,48.74680082724454,49.20737152371001,48.470459112140375,49.0692024230957,696700,0.0,0.0
2014-06-06 00:00:00-04:00,49.20737644563681,49.557411193847656,49.09684045131399,49.557411193847656,566900,0.0,0.0
2014-06-09 00:00:00-04:00,49.44687121800884,50.202206893833534,49.41923810012216,49.925865173339844,906800,0.0,0.0
2014-06-10 00:00:00-04:00,49.76926562431295,49.99034109267798,49.61267328270572,49.82453536987305,587600,0.0,0.0
2014-06-11 00:00:00-04:00,49.529778073735926,49.75085006238158,49.46529845089128,49.557411193847656,566600,0.0,0.0
2014-06-12 00:00:00-04:00,49.50203656859668,49.695799514790124,48.97610656049282,49.13296127319336,458500,0.09,0.0
2014-06-13 00:00:00-04:00,49.151424407958984,49.31750796938624,48.8746196455014,49.151424407958984,468800,0.0,0.0
2014-06-16 00:00:00-04:00,48.994572715627584,49.2344727897485,48.745450859849385,48.92998504638672,617500,0.0,0.0
2014-06-17 00:00:00-04:00,48.72699020420645,49.197557948408,48.690081963941836,49.151424407958984,512500,0.0,0.0
2014-06-18 00:00:00-04:00,49.169875450757054,49.36363842037421,48.75466657317508,49.3175048828125,747700,0.0,0.0
2014-06-19 00:00:00-04:00,49.38210541698139,49.446693090363304,48.911534059754025,49.39133071899414,623100,0.0,0.0
2014-06-20 00:00:00-04:00,49.78808278910552,49.96339519539481,49.3636485250355,49.898807525634766,1245000,0.0,0.0
2014-06-23 00:00:00-04:00,49.889565767500436,50.04642401035991,49.54817338447187,49.566627502441406,345700,0.0,0.0
2014-06-24 00:00:00-04:00,49.53894757702762,50.02797293353979,49.08683397846145,49.1145133972168,675700,0.0,0.0
2014-06-25 00:00:00-04:00,48.8746196455014,49.31750796938624,48.86539082555348,49.151424407958984,487300,0.0,0.0
2014-06-26 00:00:00-04:00,49.123754687949464,49.21602178706717,48.450191489286205,48.73622512817383,763200,0.0,0.0
2014-06-27 00:00:00-04:00,48.662407338213036,49.10529570573459,48.5332284845592,48.828487396240234,766000,0.0,0.0
2014-06-30 00:00:00-04:00,48.69930707232714,48.87461945301185,48.2010599097712,48.23796463012695,2007800,0.0,0.0
2014-07-01 00:00:00-04:00,48.45019147180252,48.819266907668585,48.191840778554806,48.70854568481445,2705100,0.0,0.0
2014-07-02 00:00:00-04:00,48.55168147663543,48.690085628161725,48.22874314942579,48.49632263183594,1009600,0.0,0.0
2014-07-03 00:00:00-04:00,48.736212388727154,49.15142126575135,48.54244941937029,49.031471252441406,410100,0.0,0.0
2014-07-07 00:00:00-04:00,48.939201298342184,48.95765541620908,48.616259515316166,48.68084716796875,595400,0.0,0.0
2014-07-08 00:00:00-04:00,48.58859357922587,48.67163537278517,48.256426404988694,48.55168533325195,622800,0.0,0.0
2014-07-09 00:00:00-04:00,48.63470900039346,48.828471939893966,48.29331665178359,48.45940017700195,699200,0.0,0.0
2014-07-10 00:00:00-04:00,48.11802400682521,48.284107587884854,47.92425748241299,48.136474609375,608000,0.0,0.0
2014-07-11 00:00:00-04:00,48.19183624257824,48.376373943141964,47.813535540316344,48.20106506347656,786500,0.0,0.0
2014-07-14 00:00:00-04:00,48.57014048917299,48.72699877801602,48.33946922657641,48.487098693847656,676300,0.0,0.0
2014-07-15 00:00:00-04:00,48.5885870096696,48.88384589801155,48.48709110684638,48.77312469482422,1164400,0.0,0.0
2014-07-16 00:00:00-04:00,48.90230491449953,49.040709072163125,48.58859187425747,48.76390075683594,626900,0.0,0.0
2014-07-17 00:00:00-04:00,48.48709266569417,48.579363271119746,47.61054127285152,47.67512893676758,877700,0.0,0.0
2014-07-18 00:00:00-04:00,47.76738890321541,48.118010086213204,47.68434713670969,48.09955596923828,679000,0.0,0.0
2014-07-21 00:00:00-04:00,47.868909334567476,48.164168318053584,47.71205101972283,47.94272232055664,481300,0.0,0.0
2014-07-22 00:00:00-04:00,48.20106334218446,48.34869279341072,48.025750949015695,48.12724685668945,685400,0.0,0.0
2014-07-23 00:00:00-04:00,48.21028124862362,48.21028124862362,47.8043011999605,47.86888885498047,408000,0.0,0.0
2014-07-24 00:00:00-04:00,47.942710162979196,48.09956843804686,47.61977183161023,47.77662658691406,513400,0.0,0.0
2014-07-25 00:00:00-04:00,47.68436884779443,47.75818182953888,47.269159826217766,47.56441879272461,484700,0.0,0.0
2014-07-28 00:00:00-04:00,47.53673000015125,47.63822590984987,46.955437484454315,47.462913513183594,616300,0.0,0.0
2014-07-29 00:00:00-04:00,47.39832465638067,47.555182927364946,46.79858155377046,46.81703567504883,1090100,0.0,0.0
2014-07-30 00:00:00-04:00,46.92775716388837,47.04770719303399,46.04198045580633,46.300331115722656,1587400,0.0,0.0
2014-07-31 00:00:00-04:00,45.96816447135163,46.14347334681107,44.8424876927073,44.92552947998047,1831400,0.0,0.0
2014-08-01 00:00:00-04:00,44.814807870742726,45.008570866065064,44.242744185606604,44.78712844848633,1775300,0.0,0.0
2014-08-04 00:00:00-04:00,44.97167586909616,45.44224374804449,44.66718807936848,45.31306838989258,1349300,0.0,0.0
2014-08-05 00:00:00-04:00,46.87239663526413,47.61054392090532,46.28187880675119,47.02925491333008,3538000,0.0,0.0
2014-08-06 00:00:00-04:00,46.74321303170086,47.09383425026945,46.51254182575686,46.918521881103516,1383900,0.0,0.0
2014-08-07 00:00:00-04:00,47.21379500702619,47.29683680704456,46.54023530455026,46.58637237548828,1114000,0.0,0.0
2014-08-08 00:00:00-04:00,46.844715966167506,47.73972150607242,46.66940709041619,47.69358444213867,1196100,0.0,0.0
2014-08-11 00:00:00-04:00,47.758181471621135,47.89658565103094,47.31529302518004,47.453697204589844,977900,0.0,0.0
2014-08-12 00:00:00-04:00,47.25071229983462,47.65669607530427,47.056949235959564,47.31529998779297,767200,0.0,0.0
2014-08-13 00:00:00-04:00,47.57362368632475,47.63821133277602,47.370631929042055,47.60130310058594,1042600,0.0,0.0
2014-08-14 00:00:00-04:00,47.66591333894185,47.75818044338555,47.49982973513166,47.545963287353516,887000,0.0,0.0
2014-08-15 00:00:00-04:00,47.77661883818816,47.822755894984205,47.038471686373924,47.43522644042969,562800,0.0,0.0
2014-08-18 00:00:00-04:00,47.79508935319402,48.339473724365234,47.71204755014199,48.339473724365234,795500,0.0,0.0
2014-08-19 00:00:00-04:00,48.33023428732773,48.634718462961246,48.18260484949499,48.61626434326172,614400,0.0,0.0
2014-08-20 00:00:00-04:00,48.662424871130646,49.123767526823045,48.5886083567326,49.04072570800781,802500,0.0,0.0
2014-08-21 00:00:00-04:00,49.05915310155293,49.105290161101756,48.717760683425155,49.01301956176758,489600,0.0,0.0
2014-08-22 00:00:00-04:00,48.957658920553705,49.022246577829414,48.6347171144118,48.856163024902344,483900,0.0,0.0
2014-08-25 00:00:00-04:00,49.06839370727539,49.15143550674051,48.85617655747882,49.06839370727539,378000,0.0,0.0
2014-08-26 00:00:00-04:00,49.00379979488851,49.08684158378404,48.81003679405355,48.828487396240234,378800,0.0,0.0
2014-08-27 00:00:00-04:00,48.87462439989057,48.97612031060975,48.505549000868804,48.74544906616211,565500,0.0,0.0
2014-08-28 00:00:00-04:00,48.48709662476536,48.90230558367387,48.27487949460411,48.87462615966797,546000,0.0,0.0
2014-08-29 00:00:00-04:00,49.040705597868474,49.08683914056669,48.77312612254966,48.84693908691406,569900,0.0,0.0
2014-09-02 00:00:00-04:00,49.02225633965682,49.21601935006809,48.59781855334504,48.78235626220703,792700,0.0,0.0
2014-09-03 00:00:00-04:00,49.03148128703102,49.20679369307737,48.57013877809055,48.69931411743164,779000,0.0,0.0
2014-09-04 00:00:00-04:00,48.87462337107106,49.308282908064584,48.625498009940074,48.810035705566406,618900,0.0,0.0
2014-09-05 00:00:00-04:00,48.680875479965025,49.151446959839745,48.39484528608543,49.04072570800781,1330700,0.0,0.0
2014-09-08 00:00:00-04:00,49.077623529136225,49.35443189935432,48.78236455268392,48.92076873779297,521000,0.0,0.0
2014-09-09 00:00:00-04:00,48.828495735992554,48.91153753907136,48.33947373995316,48.36715316772461,526300,0.0,0.0
2014-09-10 00:00:00-04:00,48.38560107056156,48.84694357950203,48.35792164634962,48.69931411743164,454500,0.0,0.0
2014-09-11 00:00:00-04:00,48.514777131410035,48.717765430196266,48.34869355618979,48.6070442199707,331500,0.0,0.0
2014-09-12 00:00:00-04:00,48.496128285660895,48.53309616231009,48.033996332569515,48.15414810180664,480700,0.09,0.0
2014-09-15 00:00:00-04:00,48.06172426230704,48.13566706893454,47.719747596122545,47.849143981933594,531700,0.0,0.0
2014-09-16 00:00:00-04:00,47.84916432363872,47.95083396307994,47.608853625725196,47.80295181274414,674600,0.0,0.0
2014-09-17 00:00:00-04:00,47.950819327472054,48.209612130123496,47.63656941320067,47.85839080810547,993900,0.0,0.0
2014-09-18 00:00:00-04:00,48.0339924441064,48.18187451609276,47.84913897267677,48.015506744384766,1060200,0.0,0.0
2014-09-19 00:00:00-04:00,48.3020311528082,48.514614958178875,48.061724083735825,48.2096061706543,1144800,0.0,0.0
2014-09-22 00:00:00-04:00,48.0802169214338,48.08945801070594,47.36853317070144,47.55338668823242,780100,0.0,0.0
2014-09-23 00:00:00-04:00,47.516407102414526,47.63656239700014,46.878666278759155,46.91563415527344,1000200,0.0,0.0
2014-09-24 00:00:00-04:00,46.934115006497684,47.47943079383679,46.72153475391283,47.44246292114258,1004700,0.0,0.0
2014-09-25 00:00:00-04:00,47.22065600647905,47.3130810120289,46.58291500629396,46.74928283691406,692500,0.0,0.0
2014-09-26 00:00:00-04:00,46.80473166150017,48.10794385139546,46.749278074135006,48.07097244262695,1587000,0.0,0.0
2014-09-29 00:00:00-04:00,47.49794005978863,47.52566685951295,46.952624001883976,47.11899185180664,1772000,0.0,0.0
2014-09-30 00:00:00-04:00,47.01730933434309,47.202162842022936,46.379568434924394,46.40729522705078,1213700,0.0,0.0
2014-10-01 00:00:00-04:00,46.19472562551021,46.33336666982491,45.53849887076882,45.593955993652344,2408200,0.0,0.0
2014-10-02 00:00:00-04:00,45.52001253301002,45.75107858647707,44.956210798424294,45.556983947753906,1378400,0.0,0.0
2014-10-03 00:00:00-04:00,45.90820154713662,46.4165496824789,45.73259261679265,46.29639434814453,1080400,0.0,0.0
2014-10-06 00:00:00-04:00,46.37956619262695,46.63835897539453,46.23168409879017,46.37956619262695,859800,0.0,0.0
2014-10-07 00:00:00-04:00,45.81575760771975,45.90818258007561,44.826795595208,44.836036682128906,1047200,0.0,0.0
2014-10-08 00:00:00-04:00,44.780588198573945,45.76955032348633,44.383154425857335,45.76955032348633,1287200,0.0,0.0
2014-10-09 00:00:00-04:00,45.63089692864689,45.704839715479764,44.715877859199985,44.7343635559082,1180800,0.0,0.0
2014-10-10 00:00:00-04:00,44.80831718436859,44.80831718436859,43.81935501098633,43.81935501098633,1590400,0.0,0.0
2014-10-13 00:00:00-04:00,43.884050594321586,43.96723448833469,42.73796530545998,42.793418884277344,1538900,0.0,0.0
2014-10-14 00:00:00-04:00,43.09841732454658,43.42190820927958,42.42370524654188,42.62704086303711,2169500,0.0,0.0
2014-10-15 00:00:00-04:00,42.0909864737877,43.311014760640596,41.70279373208672,43.09843444824219,2044300,0.0,0.0
2014-10-16 00:00:00-04:00,42.28507695011211,43.9857228089186,42.28507695011211,43.81935501098633,1451200,0.0,0.0
2014-10-17 00:00:00-04:00,44.35543114420897,45.2519648313803,44.281488331442844,45.131813049316406,1929500,0.0,0.0
2014-10-20 00:00:00-04:00,45.020901156662525,45.56621708873658,44.66043874026889,45.538490295410156,1448000,0.0,0.0
2014-10-21 00:00:00-04:00,46.0375993176583,46.693826028472714,45.908199372925274,46.647613525390625,1355200,0.0,0.0
2014-10-22 00:00:00-04:00,46.740034554227705,46.7770059638625,45.86198296723358,45.889713287353516,1716000,0.0,0.0
2014-10-23 00:00:00-04:00,46.54594897603238,47.17444895865335,46.30563829255404,46.98035430908203,902700,0.0,0.0
2014-10-24 00:00:00-04:00,46.934115006497684,47.497916493077206,46.62910978349737,47.44246292114258,986400,0.0,0.0
2014-10-27 00:00:00-04:00,47.155967387875044,47.44249060461255,46.75853343676343,47.39627456665039,1200600,0.0,0.0
2014-10-28 00:00:00-04:00,46.370330020608684,47.70127263323612,46.277905017304164,47.673545837402344,1488600,0.0,0.0
2014-10-29 00:00:00-04:00,47.63656984125585,47.80293765182316,46.54593798344238,47.017311096191406,1006300,0.0,0.0
2014-10-30 00:00:00-04:00,46.767764479410666,47.61808932899722,46.767764479410666,47.35005187988281,869500,0.0,0.0
2014-10-31 00:00:00-04:00,48.05248868414989,48.20037078857422,47.51641385199452,48.20037078857422,1595900,0.0,0.0
2014-11-03 00:00:00-05:00,48.18189428913639,48.43144604911026,47.56263543458165,48.05249786376953,1139700,0.0,0.0
2014-11-04 00:00:00-05:00,48.061727332395265,48.061727332395265,47.37777043054938,47.4332275390625,838600,0.0,0.0
2014-11-05 00:00:00-05:00,47.793688992716376,47.858387188485985,47.359287324804285,47.4979248046875,1106700,0.0,0.0
2014-11-06 00:00:00-05:00,47.72899796264177,48.22810142704258,47.35929443499462,48.21885681152344,1328900,0.0,0.0
2014-11-07 00:00:00-05:00,48.02475994456012,48.14491526016397,47.76596713475577,48.07097244262695,1463400,0.0,0.0
2014-11-10 00:00:00-05:00,48.06172884238332,48.39446445234118,47.89536103740438,48.26506805419922,1201400,0.0,0.0
2014-11-11 00:00:00-05:00,48.38521922335358,48.4129495410229,48.03400144022432,48.34825134277344,985200,0.0,0.0
2014-11-12 00:00:00-05:00,48.01551634673081,48.375978748922705,47.91384674082286,48.26506805419922,1830500,0.0,0.0
2014-11-13 00:00:00-05:00,44.82680432831687,47.294587534013274,43.36646550524324,46.50896453857422,9870600,0.0,0.0
2014-11-14 00:00:00-05:00,46.231686695607756,47.93233263314914,46.20395990326446,47.78445053100586,2331100,0.0,0.0
2014-11-17 00:00:00-05:00,47.42398284936138,47.65504882860557,46.75851170088625,47.19291687011719,1771900,0.0,0.0
2014-11-18 00:00:00-05:00,47.137467970760056,47.701269622379485,46.75851983986976,46.86943054199219,2650900,0.0,0.0
2014-11-19 00:00:00-05:00,46.8509508896255,47.23914368588286,46.49048841682174,47.137474060058594,942200,0.0,0.0
2014-11-20 00:00:00-05:00,46.91563643357046,47.34080052910766,46.79548465893707,47.06351852416992,695100,0.0,0.0
2014-11-21 00:00:00-05:00,47.76597721729412,47.941586157331024,47.41475581143198,47.719764709472656,781000,0.0,0.0
2014-11-24 00:00:00-05:00,47.76598358154297,48.015535387974694,47.55340319660976,47.76598358154297,950800,0.0,0.0
2014-11-25 00:00:00-05:00,48.01552742313202,48.25583457143242,47.83067387209189,48.006282806396484,1012000,0.0,0.0
2014-11-26 00:00:00-05:00,48.043243328309735,48.06172903180107,47.59959702187991,47.78445053100586,1292800,0.0,0.0
2014-11-28 00:00:00-05:00,47.38700982913797,47.53489190977544,46.9618492880286,47.100486755371094,727900,0.0,0.0
2014-12-01 00:00:00-05:00,46.86942987522029,47.220651207030365,46.573665656576324,46.8139762878418,1324300,0.0,0.0
2014-12-02 00:00:00-05:00,46.86943027701971,47.33156231333611,46.703062461882794,47.21141052246094,741400,0.0,0.0
2014-12-03 00:00:00-05:00,47.43361861242365,48.34099563647503,46.979931866403206,48.05397033691406,927500,0.09,0.0
2014-12-04 00:00:00-05:00,47.88730442469208,48.1095173112418,47.68360633534638,47.90582275390625,681700,0.0,0.0
2014-12-05 00:00:00-05:00,47.933599370771546,48.007669156991874,47.56323984363923,47.702125549316406,888000,0.0,0.0
2014-12-08 00:00:00-05:00,47.69287304801479,47.80398304499876,46.97993666009393,47.21141052246094,778200,0.0,0.0
2014-12-09 00:00:00-05:00,46.70216537495009,47.32251716506793,46.65587130870508,47.28548049926758,654900,0.0,0.0
2014-12-10 00:00:00-05:00,46.95214918837763,47.026222506753484,45.813298408425645,46.03551483154297,1205400,0.0,0.0
2014-12-11 00:00:00-05:00,46.22068675145096,46.65585862628554,45.85033079015357,45.9614372253418,820100,0.0,0.0
2014-12-12 00:00:00-05:00,45.896642667664246,46.07256155269744,44.91519210166291,44.98926544189453,1894900,0.0,0.0
2014-12-15 00:00:00-05:00,45.341106039357605,45.43369418119701,44.78556659228752,45.0540771484375,1193600,0.0,0.0
2014-12-16 00:00:00-05:00,44.90592950974838,45.97071069443336,44.89667210929507,45.1188850402832,1362900,0.0,0.0
2014-12-17 00:00:00-05:00,45.17443998898825,46.52624650236951,44.93370519333846,46.39662170410156,1540500,0.0,0.0
2014-12-18 00:00:00-05:00,47.04474856771408,48.44284912772591,46.73920137721521,48.41507339477539,2425800,0.0,0.0
2014-12-19 00:00:00-05:00,48.50766083387259,49.05393927684049,48.35951770689879,48.47988510131836,2938300,0.0,0.0
2014-12-22 00:00:00-05:00,48.48913238991144,49.313178582612984,48.37802595085315,49.20207214355469,1180600,0.0,0.0
2014-12-23 00:00:00-05:00,49.340961649275236,49.85946075956914,49.21133687170176,49.80390930175781,1238200,0.0,0.0
2014-12-24 00:00:00-05:00,49.78539451535711,50.14649314487353,49.55392067264037,49.97983169555664,603600,0.0,0.0
2014-12-26 00:00:00-05:00,50.10945648235633,50.229823869531984,49.90576190253277,49.97983169555664,453300,0.0,0.0
2014-12-29 00:00:00-05:00,49.73910200493541,50.13723730938974,49.51688555491018,49.924278259277344,983600,0.0,0.0
2014-12-30 00:00:00-05:00,49.702055052679455,49.73909170868532,49.31317722863769,49.331695556640625,589000,0.0,0.0
2014-12-31 00:00:00-05:00,49.572434410668336,49.78538990239466,48.68357578467752,48.7298698425293,744100,0.0,0.0
2015-01-02 00:00:00-05:00,48.85022870444007,48.95207774053279,48.08173753284836,48.720603942871094,648300,0.0,0.0
2015-01-05 00:00:00-05:00,48.16506727446633,48.29469203343334,47.091029016155694,47.2576904296875,867400,0.0,0.0
2015-01-06 00:00:00-05:00,47.257699747066944,47.33176953879043,45.97996316873977,46.35032272338867,1410100,0.0,0.0
2015-01-07 00:00:00-05:00,46.748465176945686,46.86882904845453,46.331811497077695,46.48921203613281,1207100,0.0,0.0
2015-01-08 00:00:00-05:00,46.88734488829674,47.646578872556624,46.79475675636683,47.63732147216797,1590300,0.0,0.0
2015-01-09 00:00:00-05:00,47.77620377974735,47.88731377673132,47.18363125720953,47.21141052246094,1090200,0.0,0.0
2015-01-12 00:00:00-05:00,47.13732895230703,47.15584728190099,45.9244048539792,46.03551483154297,1501300,0.0,0.0
2015-01-13 00:00:00-05:00,46.28550698304612,46.70215703687448,45.461457210160816,46.03551483154297,1149300,0.0,0.0
2015-01-14 00:00:00-05:00,45.35961459226964,45.76700727332398,44.90592431826852,45.46146011352539,1028700,0.0,0.0
2015-01-15 00:00:00-05:00,45.711456083262874,45.804047744847736,44.711490862221524,44.74852752685547,1152500,0.0,0.0
2015-01-16 00:00:00-05:00,44.563343906434824,44.99851231645272,44.31335173965326,44.96147918701172,2000900,0.0,0.0
2015-01-20 00:00:00-05:00,45.19296203870798,45.341105182056694,44.517058726428765,44.868896484375,1354400,0.0,0.0
2015-01-21 00:00:00-05:00,44.720745906278765,45.60034721893443,44.69297017527203,45.50775909423828,953400,0.0,0.0
2015-01-22 00:00:00-05:00,45.5818122747588,45.905877657106956,45.03553406132377,45.637367248535156,1048800,0.0,0.0
2015-01-23 00:00:00-05:00,45.479982361676946,45.66516215338301,45.007777248236714,45.21147537231445,1025700,0.0,0.0
2015-01-26 00:00:00-05:00,45.276289846378006,45.94293218228284,44.915187646583036,45.90589904785156,1282400,0.0,0.0
2015-01-27 00:00:00-05:00,45.38739574387728,45.692939408162104,44.915187082695006,45.36887741088867,1421800,0.0,0.0
2015-01-28 00:00:00-05:00,45.8040396692494,46.47994278560375,45.035544907634794,45.137393951416016,2427100,0.0,0.0
2015-01-29 00:00:00-05:00,45.10962265699793,45.65590105568363,44.498531866265665,45.498497009277344,1538500,0.0,0.0
2015-01-30 00:00:00-05:00,45.081846074808766,45.49849971417146,44.30409379200196,44.35039138793945,1687700,0.0,0.0
2015-02-02 00:00:00-05:00,44.60964178806902,45.905896793810456,44.40594366464975,45.850341796875,1589200,0.0,0.0
2015-02-03 00:00:00-05:00,46.14661392190241,47.01695408203592,46.14661392190241,46.71141052246094,1527000,0.0,0.0
2015-02-04 00:00:00-05:00,46.47993045926169,46.59103687209878,45.7114359014496,45.841060638427734,992700,0.0,0.0
2015-02-05 00:00:00-05:00,45.97070307836593,46.461426457342135,45.933666418666895,46.00773620605469,1169600,0.0,0.0
2015-02-06 00:00:00-05:00,46.044780323725554,46.42439731710232,45.7670123950127,45.93367385864258,1084100,0.0,0.0
2015-02-09 00:00:00-05:00,45.72996897775287,46.31328401433696,45.72996897775287,46.155879974365234,865300,0.0,0.0
2015-02-10 00:00:00-05:00,46.39663270584188,46.45218418569452,45.72998669151676,46.32255935668945,782200,0.0,0.0
2015-02-11 00:00:00-05:00,46.294759431743145,46.442902520644324,46.00773065174279,46.202171325683594,1015300,0.0,0.0
2015-02-12 00:00:00-05:00,46.424405113945525,46.97994459668331,46.29478029424347,46.85957717895508,974000,0.0,0.0
2015-02-13 00:00:00-05:00,47.30399831726004,47.64657864215711,47.128079454639554,47.600284576416016,1144600,0.0,0.0
2015-02-17 00:00:00-05:00,47.50770157127776,47.77620859435382,47.29474602028099,47.68362045288086,1149200,0.0,0.0
2015-02-18 00:00:00-05:00,47.56326408890939,47.82251730285986,47.45215758693749,47.57252502441406,554400,0.0,0.0
2015-02-19 00:00:00-05:00,47.38733689671261,47.85028469481882,47.38733689671261,47.46140670776367,716600,0.0,0.0
2015-02-20 00:00:00-05:00,47.3873156438563,47.803969181688174,46.915107123643566,47.794708251953125,940600,0.0,0.0
2015-02-23 00:00:00-05:00,47.76694628286444,48.5354376677252,47.68361555130018,48.526180267333984,1304800,0.0,0.0
2015-02-24 00:00:00-05:00,48.424330920180445,48.81320884254623,48.3502611214508,48.70209884643555,988800,0.0,0.0
2015-02-25 00:00:00-05:00,48.76691187958962,49.05394074192872,48.72061781327967,49.02616500854492,1289000,0.0,0.0
2015-02-26 00:00:00-05:00,48.96135766057643,49.35949302953661,48.77617784422104,49.32245635986328,1801900,0.0,0.0
2015-02-27 00:00:00-05:00,49.29466378611161,49.5261375944889,49.13725975976985,49.20207214355469,1990200,0.0,0.0
2015-03-02 00:00:00-05:00,49.20208702174687,49.822438852431056,48.98913147748545,49.766883850097656,1098500,0.0,0.0
2015-03-03 00:00:00-05:00,49.470584427128856,49.75761323158937,49.38725371177001,49.57243347167969,1182900,0.0,0.0
2015-03-04 00:00:00-05:00,49.331707331629644,49.34096826384656,48.82246555203273,48.942832946777344,761100,0.0,0.0
2015-03-05 00:00:00-05:00,49.06320231515009,49.17430878214718,48.69284271581193,48.99838638305664,1279000,0.0,0.0
2015-03-06 00:00:00-05:00,48.55394387559416,48.803936007858724,48.04470221298556,48.165069580078125,723700,0.0,0.0
2015-03-09 00:00:00-04:00,48.2113710035891,48.452105774570455,48.03545215711079,48.34099578857422,789000,0.0,0.0
2015-03-10 00:00:00-04:00,47.729900803362334,47.86878650765942,47.433614597404734,47.6280517578125,1124500,0.0,0.0
2015-03-11 00:00:00-04:00,47.6280614093054,47.748428808620474,47.36881180955993,47.64657974243164,740600,0.0,0.0
2015-03-12 00:00:00-04:00,47.813238400285,48.313222769294434,47.78546266823248,48.29470443725586,590700,0.0,0.0
2015-03-13 00:00:00-04:00,48.14630889892578,48.22051026439989,47.7660357461606,48.14630889892578,978800,0.09,0.0
2015-03-16 00:00:00-04:00,48.229775458781276,49.15727114068092,48.18340138230934,49.110897064208984,1311700,0.0,0.0
2015-03-17 00:00:00-04:00,48.79554073265757,49.00886428144075,48.42454110287789,48.971763610839844,838400,0.0,0.0
2015-03-18 00:00:00-04:00,48.85119612585026,50.02911607266948,48.53585098892639,49.825069427490234,1019300,0.0,0.0
2015-03-19 00:00:00-04:00,49.472619592917965,49.54681740731836,48.90684666338964,49.25001907348633,773200,0.0,0.0
2015-03-20 00:00:00-04:00,49.38913961345488,49.94563554596618,49.352038941123496,49.899261474609375,1855900,0.0,0.0
2015-03-23 00:00:00-04:00,50.08476931282913,50.08476931282913,49.500446013507144,49.7694206237793,878300,0.0,0.0
2015-03-24 00:00:00-04:00,49.68594983610895,49.890000044770694,49.35205078125,49.35205078125,680900,0.0,0.0
2015-03-25 00:00:00-04:00,49.500450373111214,49.583925137509,48.211231763724264,48.22978210449219,1568100,0.0,0.0
2015-03-26 00:00:00-04:00,47.99790811486558,48.22978206711131,47.81240824544585,48.09065628051758,1938700,0.0,0.0
2015-03-27 00:00:00-04:00,47.97936460542492,48.19268824729017,47.75676756092041,48.053565979003906,1331100,0.0,0.0
2015-03-30 00:00:00-04:00,48.26688415585435,49.19437999187869,48.23905687485486,49.12945556640625,1337200,0.0,0.0
2015-03-31 00:00:00-04:00,48.897570834643176,48.96249524581194,48.61004591509933,48.730621337890625,1136800,0.0,0.0
2015-04-01 00:00:00-04:00,48.40599287741656,48.73989185114876,48.266870663771364,48.48946762084961,1606200,0.0,0.0
2015-04-02 00:00:00-04:00,48.628596594615615,48.99959626514729,48.3874457473355,48.600772857666016,648700,0.0,0.0
2015-04-06 00:00:00-04:00,48.424551538786545,49.26857251722018,48.29470270181452,49.083072662353516,1008000,0.0,0.0
2015-04-07 00:00:00-04:00,49.073794844248674,49.34276943268707,48.99032009397866,49.19437026977539,1033700,0.0,0.0
2015-04-08 00:00:00-04:00,49.17582392340983,49.36132377663395,48.916126251765306,49.3427734375,844500,0.0,0.0
2015-04-09 00:00:00-04:00,49.25928474317741,49.6395577425416,49.12943594409418,49.52825927734375,639800,0.0,0.0
2015-04-10 00:00:00-04:00,49.723050722310795,49.723050722310795,49.35205098469023,49.63957595825195,1043600,0.0,0.0
2015-04-13 00:00:00-04:00,49.5560968004448,49.74159665280827,48.990323842888145,49.05524826049805,645500,0.0,0.0
2015-04-14 00:00:00-04:00,48.98105690386987,49.287128693247666,48.83265771002576,49.148006439208984,957100,0.0,0.0
2015-04-15 00:00:00-04:00,49.324218277643375,49.6210165985481,49.2221931914358,49.444793701171875,1300600,0.0,0.0
2015-04-16 00:00:00-04:00,49.20364556788245,49.2221959062265,48.749174661856635,48.981048583984375,850900,0.0,0.0
2015-04-17 00:00:00-04:00,48.62860978787929,48.62860978787929,47.8124124141389,47.960811614990234,940700,0.0,0.0
2015-04-20 00:00:00-04:00,48.20195233953829,48.600775770926106,48.19267540125562,48.28542709350586,804900,0.0,0.0
2015-04-21 00:00:00-04:00,48.424560928801434,48.54513638856289,47.90516548019726,48.29471206665039,936000,0.0,0.0
2015-04-22 00:00:00-04:00,48.313246466480855,48.628595115405815,47.84022526215089,48.55439376831055,830100,0.0,0.0
2015-04-23 00:00:00-04:00,48.461669241774416,48.943967618611055,48.37819445466583,48.86976623535156,708600,0.0,0.0
2015-04-24 00:00:00-04:00,48.88829633507663,48.897573273200564,48.18340117661283,48.535850524902344,473700,0.0,0.0
2015-04-27 00:00:00-04:00,48.63788141670796,48.84193163723256,48.3781837092155,48.4616584777832,930300,0.0,0.0
2015-04-28 00:00:00-04:00,48.32251907352825,48.526569236579725,48.183396857178074,48.517295837402344,1119800,0.0,0.0
2015-04-29 00:00:00-04:00,48.07210062693317,48.86047050416914,47.51560112113565,48.600772857666016,1867200,0.0,0.0
2015-04-30 00:00:00-04:00,48.40600773629953,48.85120532523031,48.35036024900563,48.61933135986328,2227800,0.0,0.0
2015-05-01 00:00:00-04:00,48.78626586257291,49.00886635749318,48.508017897508694,48.90684127807617,1080600,0.0,0.0
2015-05-04 00:00:00-04:00,48.98104873033218,49.6859438989359,48.98104873033218,49.416969299316406,1345900,0.0,0.0
2015-05-05 00:00:00-04:00,49.2036511327266,49.80652481368874,48.92540310232702,49.04597854614258,1564700,0.0,0.0
2015-05-06 00:00:00-04:00,49.18508917147344,49.27784085176959,48.20194612713809,48.480194091796875,1255400,0.0,0.0
2015-05-07 00:00:00-04:00,48.38745817078339,48.78628168066234,48.22978557009989,48.49876022338867,775000,0.0,0.0
2015-05-08 00:00:00-04:00,49.05525260730641,49.203651794723825,48.80482831514282,49.07380294799805,762800,0.0,0.0
2015-05-11 00:00:00-04:00,49.008881273549605,49.18510421283099,48.851205137884435,49.036705017089844,709400,0.0,0.0
2015-05-12 00:00:00-04:00,48.88829366623552,49.59319232433371,48.75844484451086,49.42624282836914,1227800,0.0,0.0
2015-05-13 00:00:00-04:00,49.72305206416047,50.836047768942265,49.71377512450596,50.400123596191406,1997700,0.0,0.0
2015-05-14 00:00:00-04:00,50.70619073238374,51.33688812267391,50.4835937347022,51.21631622314453,1064200,0.0,0.0
2015-05-15 00:00:00-04:00,51.35544245134443,51.438917216488015,50.97516930749383,51.36471939086914,1409500,0.0,0.0
2015-05-18 00:00:00-04:00,51.105018155913676,51.53166892115631,51.067921012162124,51.36471939086914,1469800,0.0,0.0
2015-05-19 00:00:00-04:00,51.33688910252398,51.457464542470234,50.75256931887061,50.97516632080078,670200,0.0,0.0
2015-05-20 00:00:00-04:00,50.96589238688218,51.05864054703044,50.71546810874326,50.95661544799805,744100,0.0,0.0
2015-05-21 00:00:00-04:00,50.938069325604545,51.20704396566514,50.82677081658892,50.96589660644531,640900,0.0,0.0
2015-05-22 00:00:00-04:00,50.91950599371868,51.0679051369401,50.68763211130305,50.78038024902344,704700,0.0,0.0
2015-05-26 00:00:00-04:00,50.54850408668011,50.54850408668011,49.815781802147725,49.992008209228516,738000,0.0,0.0
2015-05-27 00:00:00-04:00,49.927087824506785,50.51140748140212,49.927087824506785,50.42793273925781,750800,0.0,0.0
2015-05-28 00:00:00-04:00,50.325917843750574,50.40011920205416,50.00129574646116,50.2424430847168,617800,0.0,0.0
2015-05-29 00:00:00-04:00,50.19605869656951,50.27953343846091,49.50971396378668,49.862159729003906,1621500,0.0,0.0
2015-06-01 00:00:00-04:00,50.075485479526606,50.075485479526606,49.481885365251266,49.80651092529297,683100,0.0,0.0
2015-06-02 00:00:00-04:00,49.61174620966505,50.400116134014375,49.36132194780795,50.12186813354492,745600,0.0,0.0
2015-06-03 00:00:00-04:00,50.1125930530117,50.41866834155546,49.98274421718662,50.196067810058594,738100,0.0,0.0
2015-06-04 00:00:00-04:00,49.8899907727642,49.90854110993277,49.147994976596664,49.435516357421875,1164300,0.0,0.0
2015-06-05 00:00:00-04:00,49.50045911151005,50.02913153331823,49.370610241327874,49.97348403930664,1077000,0.0,0.0
2015-06-08 00:00:00-04:00,49.90852814705781,50.205326388436625,49.7601290263684,50.075477600097656,1247900,0.0,0.0
2015-06-09 00:00:00-04:00,50.0940371910121,50.279537023788905,49.834339547993594,49.8436164855957,572000,0.0,0.0
2015-06-10 00:00:00-04:00,50.084771780420375,50.650544768482874,49.91782225810306,50.56707000732422,532000,0.0,0.0
2015-06-11 00:00:00-04:00,50.63198284192111,50.993705544794246,50.427932686201984,50.845306396484375,1097300,0.0,0.0
2015-06-12 00:00:00-04:00,50.715240939653235,51.3655561485044,50.55730557536393,50.873172760009766,1075100,0.09,0.0
2015-06-15 00:00:00-04:00,50.315767271192385,50.3715097959887,50.05564257667592,50.24144744873047,757800,0.0,0.0
2015-06-16 00:00:00-04:00,50.15784469012534,50.49228926882541,49.89771640366907,50.445838928222656,627800,0.0,0.0
2015-06-17 00:00:00-04:00,50.538753644888,50.72455504587018,50.15785510257923,50.54804229736328,618300,0.0,0.0
2015-06-18 00:00:00-04:00,50.78029221083366,51.35628428949086,50.61306813252445,51.18906021118164,905900,0.0,0.0
2015-06-19 00:00:00-04:00,51.077557431669305,51.13329994923511,50.678078248946164,50.696659088134766,1064900,0.0,0.0
2015-06-22 00:00:00-04:00,51.05898895909315,51.114731490159926,50.70596356080424,50.863895416259766,643600,0.0,0.0
2015-06-23 00:00:00-04:00,51.00325215493168,51.00325215493168,50.56661116938731,50.80815505981445,684300,0.0,0.0
2015-06-24 00:00:00-04:00,50.67809595480996,50.74312714272425,50.10210391445464,50.2321662902832,864000,0.0,0.0
2015-06-25 00:00:00-04:00,50.241455336172116,50.306486520010516,49.85126468920795,49.981327056884766,878300,0.0,0.0
2015-06-26 00:00:00-04:00,50.185715945074584,51.22621849557535,49.9813301865367,51.19834899902344,2133400,0.0,0.0
2015-06-29 00:00:00-04:00,50.408674493674575,50.81744597416442,50.16713060933082,50.20429229736328,1843500,0.0,0.0
2015-06-30 00:00:00-04:00,50.88248457248181,51.058997300462664,50.427262687568664,50.89177322387695,1605300,0.0,0.0
2015-07-01 00:00:00-04:00,51.216924566113256,51.65356199080565,50.97537714111155,51.56066131591797,2020000,0.0,0.0
2015-07-02 00:00:00-04:00,51.87652214040601,52.02516532815771,51.28194938939922,51.60710525512695,1562200,0.0,0.0
2015-07-06 00:00:00-04:00,51.08687407210936,51.291256313130695,50.41797771693378,50.603782653808594,1178700,0.0,0.0
2015-07-07 00:00:00-04:00,50.60377665454275,51.09615666654329,50.14855479036441,50.93822479248047,1893500,0.0,0.0
2015-07-08 00:00:00-04:00,50.57589935309113,50.74312340797253,49.65617059517713,49.962745666503906,1450000,0.0,0.0
2015-07-09 00:00:00-04:00,50.77099113376505,51.17047038485451,50.287899863984,50.45512390136719,1539400,0.0,0.0
2015-07-10 00:00:00-04:00,51.15190206128396,51.30054529267724,50.83603475158146,51.18906021118164,1264200,0.0,0.0
2015-07-13 00:00:00-04:00,51.727873605828776,52.07161027748695,51.31910576774698,51.96012878417969,1577300,0.0,0.0
2015-07-14 00:00:00-04:00,51.91369356188926,51.950851707847875,51.58853409123127,51.8207893371582,883900,0.0,0.0
2015-07-15 00:00:00-04:00,51.72788504639147,51.85794740800439,51.06828104453533,51.1333122253418,885600,0.0,0.0
2015-07-16 00:00:00-04:00,51.439889902804936,51.68143733860392,51.0775722930402,51.365570068359375,650400,0.0,0.0
2015-07-17 00:00:00-04:00,51.328420293966715,51.374870644269365,50.83604020167641,50.966102600097656,549200,0.0,0.0
2015-07-20 00:00:00-04:00,50.947516289142875,51.33770344257493,50.845323403072335,51.18906021118164,532200,0.0,0.0
2015-07-21 00:00:00-04:00,51.12402232817839,51.27266554011826,50.743123876086614,50.80815505981445,981000,0.0,0.0
2015-07-22 00:00:00-04:00,50.78955961079374,51.22620047078204,50.63162779399192,51.10542678833008,1149100,0.0,0.0
2015-07-23 00:00:00-04:00,51.21691949376929,51.83936175052613,51.189046458916565,51.23550033569336,1266600,0.0,0.0
2015-07-24 00:00:00-04:00,51.13330697260622,51.27265796976209,49.990611785048685,50.12067413330078,1189600,0.0,0.0
2015-07-27 00:00:00-04:00,49.52609288840296,49.60970488994516,48.25333202671251,48.318363189697266,2404500,0.0,0.0
2015-07-28 00:00:00-04:00,48.54135266326595,48.91296252228092,48.16974280425097,48.72715759277344,2095600,0.0,0.0
2015-07-29 00:00:00-04:00,48.959393814339904,49.674740210983316,48.6435266202887,49.5539665222168,1941900,0.0,0.0
2015-07-30 00:00:00-04:00,49.41460493676478,49.65615227980404,49.23809229679946,49.572540283203125,1220200,0.0,0.0
2015-07-31 00:00:00-04:00,49.73047924455504,49.73047924455504,49.18235686436354,49.284549713134766,1638300,0.0,0.0
2015-08-03 00:00:00-04:00,49.39603752794372,49.55397291731784,48.922238447688045,49.50752258300781,1757700,0.0,0.0
2015-08-04 00:00:00-04:00,49.3402978016259,50.83602193385388,49.182362414629175,49.897708892822266,2143900,0.0,0.0
2015-08-05 00:00:00-04:00,50.0835195471243,51.11473337430317,50.0835195471243,50.38080596923828,1091400,0.0,0.0
2015-08-06 00:00:00-04:00,50.287903330924244,51.291244080462185,50.287903330924244,51.1333122253418,2242900,0.0,0.0
2015-08-07 00:00:00-04:00,50.93823118297777,51.254094970730364,50.79887659337622,51.04042053222656,1308800,0.0,0.0
2015-08-10 00:00:00-04:00,51.40272171619428,52.238838296026316,51.3934295237452,52.0994873046875,1577100,0.0,0.0
2015-08-11 00:00:00-04:00,51.34699032403892,51.8579511575775,51.31912082851636,51.68143844604492,1228100,0.0,0.0
2015-08-12 00:00:00-04:00,50.705952374283136,51.68142341717952,50.69666018252189,51.551361083984375,1221400,0.0,0.0
2015-08-13 00:00:00-04:00,51.41202071648557,52.34104168820093,51.33769733766014,52.071624755859375,979100,0.0,0.0
2015-08-14 00:00:00-04:00,51.99729781577697,52.71264429152105,51.904393604940104,52.63832092285156,1055600,0.0,0.0
2015-08-17 00:00:00-04:00,52.45252234148844,53.44657448120213,52.06233524093557,53.418704986572266,1348400,0.0,0.0
2015-08-18 00:00:00-04:00,53.372254647544594,53.576636848053084,53.26077312509145,53.418704986572266,1329300,0.0,0.0
2015-08-19 00:00:00-04:00,52.99134679095451,53.08424745251945,52.24813086663579,52.52683639526367,1038500,0.0,0.0
2015-08-20 00:00:00-04:00,52.16453435030605,52.29459673270816,51.15190124511719,51.15190124511719,989700,0.0,0.0
2015-08-21 00:00:00-04:00,50.761713657589716,51.096161829320216,50.009208815130435,50.018497467041016,1748100,0.0,0.0
2015-08-24 00:00:00-04:00,47.20355208485394,49.433200065592715,46.96200467198219,48.84791946411133,3697200,0.0,0.0
2015-08-25 00:00:00-04:00,50.10210277877412,50.22287650099186,47.82600062156558,47.83529281616211,1768900,0.0,0.0
2015-08-26 00:00:00-04:00,48.95940174036802,49.609717073862626,48.188312698554874,49.43320083618164,2576500,0.0,0.0
2015-08-27 00:00:00-04:00,49.981332195456964,50.8546142578125,49.656176242835706,50.8546142578125,1554600,0.0,0.0
2015-08-28 00:00:00-04:00,50.5666057573858,51.189048033286475,50.334350542091514,50.88247299194336,1816400,0.0,0.0
2015-08-31 00:00:00-04:00,50.60378893992777,50.60378893992777,49.84199179364979,49.99992370605469,1912200,0.0,0.0
2015-09-01 00:00:00-04:00,48.912954411952605,49.13591745524435,47.863159746647405,48.16044616699219,1706300,0.0,0.0
2015-09-02 00:00:00-04:00,48.727149438502664,49.015143664307175,48.09541491025571,48.987274169921875,2055600,0.0,0.0
2015-09-03 00:00:00-04:00,49.04299885574182,49.54467083571933,48.84790537817248,49.03370666503906,1190000,0.0,0.0
2015-09-04 00:00:00-04:00,48.336957376168655,48.652824631004556,48.13257518346324,48.244056701660156,1065800,0.0,0.0
2015-09-08 00:00:00-04:00,49.19167867476932,49.85128294898124,48.92226164650754,49.81412124633789,1195500,0.0,0.0
2015-09-09 00:00:00-04:00,50.315769692418165,50.48299373092085,49.11733193112663,49.228816986083984,747100,0.0,0.0
2015-09-10 00:00:00-04:00,49.24739263849542,49.479647845993185,48.829336100146016,49.173072814941406,677700,0.0,0.0
2015-09-11 00:00:00-04:00,49.03373332402465,49.4425048828125,48.680707851897,49.4425048828125,695600,0.0,0.0
2015-09-14 00:00:00-04:00,49.39598207898947,49.74030121949734,48.72595257318989,49.02374267578125,763600,0.09,0.0
2015-09-15 00:00:00-04:00,49.21915847094922,49.796126253751424,49.014426478690794,49.68445587158203,687400,0.0,0.0
2015-09-16 00:00:00-04:00,49.64721911159566,50.13112871615255,49.544856690384506,50.03807067871094,899400,0.0,0.0
2015-09-17 00:00:00-04:00,50.103217978181405,50.72671471310918,49.71236636454705,49.78681564331055,925000,0.0,0.0
2015-09-18 00:00:00-04:00,49.0330279953632,49.200535306672634,48.418835703874144,48.53981399536133,1476100,0.0,0.0
2015-09-21 00:00:00-04:00,48.67939661663174,48.91204522750277,48.316461801726625,48.549110412597656,886100,0.0,0.0
2015-09-22 00:00:00-04:00,47.8046496040212,48.111747564509244,47.37657688631404,47.95354461669922,1503600,0.0,0.0
2015-09-23 00:00:00-04:00,48.055917757834386,48.214120729196814,47.758127688144974,47.98147201538086,1238700,0.0,0.0
2015-09-24 00:00:00-04:00,47.50685991414058,48.018686301964514,47.125316219587766,47.94424057006836,2203800,0.0,0.0
2015-09-25 00:00:00-04:00,48.45606729554443,48.63287901622487,48.111748239508984,48.40953826904297,1279600,0.0,0.0
2015-09-28 00:00:00-04:00,47.96284918869284,48.07451955288679,47.16253722043968,47.302127838134766,1780700,0.0,0.0
2015-09-29 00:00:00-04:00,47.50686860615654,47.916332631282316,47.19046620034925,47.58131790161133,937000,0.0,0.0
2015-09-30 00:00:00-04:00,48.130353918193336,48.7538505971333,48.04660026207368,48.6887092590332,2361600,0.0,0.0
2015-10-01 00:00:00-04:00,48.7910701447386,49.01441083780761,47.56268568305008,48.2606315612793,1704300,0.0,0.0
2015-10-02 00:00:00-04:00,47.43239856587013,49.5913773291059,47.43239856587013,49.582069396972656,1070300,0.0,0.0
2015-10-05 00:00:00-04:00,50.168369999482245,50.97798655369272,49.312224411110286,50.93145751953125,1165800,0.0,0.0
2015-10-06 00:00:00-04:00,50.847698385006595,51.285079069081505,50.47546260169671,50.68019104003906,944000,0.0,0.0
2015-10-07 00:00:00-04:00,51.01519820545415,51.78759346553917,50.70810381826702,51.322296142578125,1003200,0.0,0.0
2015-10-08 00:00:00-04:00,51.11756628061174,52.07607766923622,50.95005895348205,52.02954864501953,1093200,0.0,0.0
2015-10-09 00:00:00-04:00,52.04816618886848,52.466934548725305,51.93649580955244,52.131919860839844,1050600,0.0,0.0
2015-10-12 00:00:00-04:00,52.05746434050702,52.234279599014954,51.7968989699946,51.9085693359375,1015200,0.0,0.0
2015-10-13 00:00:00-04:00,51.433963644338505,51.67591667684385,50.92213732754656,51.11756134033203,1703600,0.0,0.0
2015-10-14 00:00:00-04:00,50.99658209396953,51.098948065397984,50.25210714258522,50.35447311401367,1453200,0.0,0.0
2015-10-15 00:00:00-04:00,50.57781966869072,50.810468339751736,49.88918159031482,50.74532699584961,939000,0.0,0.0
2015-10-16 00:00:00-04:00,50.71740066097917,50.71740066097917,49.824030785724624,50.34516143798828,1132600,0.0,0.0
2015-10-19 00:00:00-04:00,50.214886236346906,50.56851319574001,49.97293319040648,50.51267623901367,793400,0.0,0.0
2015-10-20 00:00:00-04:00,50.34516943864376,51.210622752186126,50.18697005119082,50.81046676635742,1470600,0.0,0.0
2015-10-21 00:00:00-04:00,51.015205971214684,51.68523535425322,50.754640566671874,50.82908630371094,980900,0.0,0.0
2015-10-22 00:00:00-04:00,51.06172800397701,52.234279263628004,51.02450691552632,51.76898193359375,1405600,0.0,0.0
2015-10-23 00:00:00-04:00,52.20634619932946,52.25287876086412,51.48979161085135,51.98300552368164,1374700,0.0,0.0
2015-10-26 00:00:00-04:00,52.06678739394304,52.60653061100826,51.983033707681784,52.392494201660156,2808300,0.0,0.0
2015-10-27 00:00:00-04:00,49.99154935603257,50.670883073760116,48.67941094646128,50.028770446777344,4105800,0.0,0.0
2015-10-28 00:00:00-04:00,49.98223150078427,50.494057783796855,49.65652483430438,50.45683670043945,1836600,0.0,0.0
2015-10-29 00:00:00-04:00,50.76393229728755,51.582856500186395,50.76393229728755,50.884910583496094,2265200,0.0,0.0
2015-10-30 00:00:00-04:00,51.07104234788964,51.52703180058461,50.857005975205034,51.01520538330078,2182600,0.0,0.0
2015-11-02 00:00:00-05:00,51.06172445060647,51.83411966868229,50.94074970917073,51.5921630859375,1067800,0.0,0.0
2015-11-03 00:00:00-05:00,51.48980227650284,52.085382268180794,51.34090372864659,51.85273361206055,1347600,0.0,0.0
2015-11-04 00:00:00-05:00,51.955104579931046,52.5879057194278,51.85273859341422,52.28081130981445,1489300,0.0,0.0
2015-11-05 00:00:00-05:00,52.24357999550604,52.87638460410334,52.22496767761357,52.55998229980469,967200,0.0,0.0
2015-11-06 00:00:00-05:00,52.33665896957737,52.65306137897505,51.89927822866173,52.308738708496094,741400,0.0,0.0
2015-11-09 00:00:00-05:00,52.14122424664228,52.29011926904278,51.58286880012475,52.131919860839844,849400,0.0,0.0
2015-11-10 00:00:00-05:00,51.87134422360433,52.19705091147989,51.359514357033234,52.08538055419922,693400,0.0,0.0
2015-11-11 00:00:00-05:00,52.3738670101081,52.54137433508202,51.862040650437564,51.89926528930664,967100,0.0,0.0
2015-11-12 00:00:00-05:00,51.45257541718582,51.6945284471282,50.280024253020315,50.33586120605469,1293600,0.0,0.0
2015-11-13 00:00:00-05:00,50.13113643368399,50.60574172753536,50.00085374123448,50.028770446777344,874600,0.0,0.0
2015-11-16 00:00:00-05:00,50.0194639016389,51.098953585239585,49.84265219094065,51.08964920043945,957400,0.0,0.0
2015-11-17 00:00:00-05:00,51.11756141602882,51.31298542910368,50.33586181379271,50.4754524230957,1121800,0.0,0.0
2015-11-18 00:00:00-05:00,50.745319147174136,52.103989873979764,50.55920307906111,52.048152923583984,1107800,0.0,0.0
2015-11-19 00:00:00-05:00,52.06677220162493,52.17844256741018,51.778286577581376,51.917877197265625,1066900,0.0,0.0
2015-11-20 00:00:00-05:00,52.15982837773683,52.6251256934168,52.010933378716715,52.318031311035156,924200,0.0,0.0
2015-11-23 00:00:00-05:00,52.252895603825124,52.53207331334178,52.13191729472427,52.401790618896484,701300,0.0,0.0
2015-11-24 00:00:00-05:00,52.21567507417722,52.69027686273326,51.908577084571135,52.5413818359375,1177000,0.0,0.0
2015-11-25 00:00:00-05:00,52.578606480120804,52.74611382900822,52.38318242306464,52.5413818359375,1221700,0.0,0.0
2015-11-27 00:00:00-05:00,52.57859772374078,53.0159783452101,52.52276076676485,52.913612365722656,426700,0.0,0.0
2015-11-30 00:00:00-05:00,52.83917188952903,53.04390388259975,52.47624048358544,52.5413818359375,1555800,0.0,0.0
2015-12-01 00:00:00-05:00,52.690268310055856,52.97875393074334,52.42970294294257,52.73679733276367,1195200,0.0,0.0
2015-12-02 00:00:00-05:00,52.65289941978296,52.72746354412171,51.953843420641604,52.009765625,1323700,0.09,0.0
2015-12-03 00:00:00-05:00,52.02841228828258,52.196186027818634,50.583697136129196,50.99380874633789,1371100,0.0,0.0
2015-12-04 00:00:00-05:00,51.05906789540361,51.748804967063215,50.89129410920489,51.553070068359375,1754400,0.0,0.0
2015-12-07 00:00:00-05:00,51.236148292206515,51.46916697127883,50.965845771142746,51.36663818359375,1008200,0.0,0.0
2015-12-08 00:00:00-05:00,50.909935795124625,51.02178735578373,50.154957316387545,50.17359924316406,1255800,0.0,0.0
2015-12-09 00:00:00-05:00,49.83805548535504,51.11499734477871,49.83805548535504,50.332054138183594,1828400,0.0,0.0
2015-12-10 00:00:00-05:00,50.26680734696911,50.732844868409146,50.192239636858325,50.406620025634766,2388900,0.0,0.0
2015-12-11 00:00:00-05:00,49.8753332251568,49.95922011996968,49.26016384839034,49.31608963012695,1681300,0.0,0.0
2015-12-14 00:00:00-05:00,49.390653907703665,49.819407537811244,49.316086203902096,49.79144287109375,2154600,0.0,0.0
2015-12-15 00:00:00-05:00,50.229517362972814,50.29476232356659,49.63298997721053,49.707557678222656,2063500,0.0,0.0
2015-12-16 00:00:00-05:00,50.17359216933302,50.8446836607525,49.763476949238566,50.658267974853516,2042600,0.0,0.0
2015-12-17 00:00:00-05:00,50.68624457869776,50.87266030850949,49.791449786718324,49.912620544433594,1931100,0.0,0.0
2015-12-18 00:00:00-05:00,49.67028397879841,49.959224990311874,49.32541362451193,49.35337829589844,3289900,0.0,0.0
2015-12-21 00:00:00-05:00,49.72619398728022,49.92193241653398,49.222876248640155,49.47453689575195,1264800,0.0,0.0
2015-12-22 00:00:00-05:00,49.726197908059284,49.9219363527465,49.43725694478774,49.79144287109375,2324000,0.0,0.0
2015-12-23 00:00:00-05:00,50.12698893287349,50.80740320965421,49.94989597499918,50.49049758911133,1461500,0.0,0.0
2015-12-24 00:00:00-05:00,50.294754313927044,50.77011444321716,50.294754313927044,50.60234069824219,386900,0.0,0.0
2015-12-28 00:00:00-05:00,50.49049603423968,50.57438291814076,50.00582021123746,50.276119232177734,707300,0.0,0.0
2015-12-29 00:00:00-05:00,50.72351767502413,50.984501081922126,50.341367083206706,50.844688415527344,528800,0.0,0.0
2015-12-30 00:00:00-05:00,50.77012713122403,50.919258991184435,50.46254067003968,50.49982452392578,600100,0.0,0.0
2015-12-31 00:00:00-05:00,50.24815379700503,50.565059380507115,49.9405709529025,49.94989013671875,708700,0.0,0.0
2016-01-04 00:00:00-05:00,49.26948443638338,49.33472940109906,48.728879236643245,49.07374954223633,1942300,0.0,0.0
2016-01-05 00:00:00-05:00,49.07374316024234,49.27879721314572,48.514496106801,48.82208251953125,1277100,0.0,0.0
2016-01-06 00:00:00-05:00,48.07642571591887,48.38400858828427,47.5171786348071,47.712913513183594,1973700,0.0,0.0
2016-01-07 00:00:00-05:00,46.96725648591146,47.0138595226165,46.02586234436807,46.585105895996094,2498700,0.0,0.0
2016-01-08 00:00:00-05:00,46.874036388718274,47.16297726319439,45.653017281081816,45.73690414428711,1708500,0.0,0.0
2016-01-11 00:00:00-05:00,45.8114897627541,46.15635653292793,44.55318632198343,44.92601776123047,2482900,0.0,0.0
2016-01-12 00:00:00-05:00,45.41070357724145,45.45730662478571,44.62776028951023,45.17768478393555,1711900,0.0,0.0
2016-01-13 00:00:00-05:00,45.45730032289487,45.606432187712635,44.124432725518034,44.17103576660156,1325200,0.0,0.0
2016-01-14 00:00:00-05:00,44.25491780375881,45.1403897094608,43.593145448514136,44.73027801513672,1510600,0.0,0.0
2016-01-15 00:00:00-05:00,43.75160150939452,44.88873420668451,43.74228232336381,44.6370735168457,1822900,0.0,0.0
2016-01-19 00:00:00-05:00,45.168348613487204,45.17767135357537,43.779559009368995,44.19898986816406,1202700,0.0,0.0
2016-01-20 00:00:00-05:00,43.257587273208756,43.81683067858301,42.027248936919115,43.39739990234375,1910800,0.0,0.0
2016-01-21 00:00:00-05:00,43.36011828459032,43.77955263792671,42.698346057983485,43.18302536010742,1869200,0.0,0.0
2016-01-22 00:00:00-05:00,44.0405461010354,44.31084871880523,43.40673478275367,43.72364044189453,1381100,0.0,0.0
2016-01-25 00:00:00-05:00,43.61178407299428,43.742273986057576,42.7822380065918,42.7822380065918,1290900,0.0,0.0
2016-01-26 00:00:00-05:00,43.099133739628385,43.54652914868689,42.95000193660888,43.45331954956055,1815200,0.0,0.0
2016-01-27 00:00:00-05:00,43.36944846014604,43.93801477704589,42.91273370287444,43.16439437866211,1589700,0.0,0.0
2016-01-28 00:00:00-05:00,43.59315646083888,43.695685299216244,42.800890426931254,43.04323196411133,1607700,0.0,0.0
2016-01-29 00:00:00-05:00,43.33216250738829,43.928689858552495,43.01525690763437,43.854122161865234,2863700,0.0,0.0
2016-02-01 00:00:00-05:00,43.416059812005024,43.723642745727986,42.84749343280136,43.5092658996582,3142400,0.0,0.0
2016-02-02 00:00:00-05:00,42.95934114238302,43.05254722937073,42.278926751736655,42.42805862426758,2498100,0.0,0.0
2016-02-03 00:00:00-05:00,42.856827538880474,43.071204459580294,41.65444938942075,42.73565673828125,2261100,0.0,0.0
2016-02-04 00:00:00-05:00,42.735625883638455,43.95664508667324,41.868796081319175,43.47196578979492,1878800,0.0,0.0
2016-02-05 00:00:00-05:00,40.955374071711084,42.8288468060552,39.91145107105411,42.25096130371094,3453900,0.0,0.0
2016-02-08 00:00:00-05:00,41.31888030161665,41.87812379607541,41.0485777385421,41.710350036621094,2958400,0.0,0.0
2016-02-09 00:00:00-05:00,41.35615381460746,42.95932345078238,41.04857100974998,42.642417907714844,1952300,0.0,0.0
2016-02-10 00:00:00-05:00,42.5119363087193,43.03389597163087,42.15774685489821,42.52125549316406,2293800,0.0,0.0
2016-02-11 00:00:00-05:00,41.60781633647647,42.3627981651725,41.27226885705601,41.9713249206543,1994000,0.0,0.0
2016-02-12 00:00:00-05:00,42.60515804179693,43.04323453903966,42.30689425172077,42.53059387207031,1722300,0.0,0.0
2016-02-16 00:00:00-05:00,43.173701819552235,43.183024558110475,42.17638212879855,42.85679626464844,2381000,0.0,0.0
2016-02-17 00:00:00-05:00,43.02458211275944,43.19235589820046,42.744960322219065,42.884769439697266,1908500,0.0,0.0
2016-02-18 00:00:00-05:00,42.89409264518685,42.93137649915154,42.456016250061786,42.74496078491211,1300800,0.0,0.0
2016-02-19 00:00:00-05:00,42.698352678369915,43.03389665748213,42.26027633522998,42.99661636352539,1588900,0.0,0.0
2016-02-22 00:00:00-05:00,43.257596199140536,43.7329528362372,42.92204866444472,42.99661636352539,1358900,0.0,0.0
2016-02-23 00:00:00-05:00,42.95932620233471,43.108458023001766,42.167064071712765,42.446685791015625,2424700,0.0,0.0
2016-02-24 00:00:00-05:00,41.887435064437696,42.41871735044802,41.60781337005059,42.297550201416016,2032100,0.0,0.0
2016-02-25 00:00:00-05:00,42.4933009498965,43.25760219346671,42.157753368702934,43.23896026611328,1177900,0.0,0.0
2016-02-26 00:00:00-05:00,43.44400150070276,43.80751005782123,43.033886365014034,43.49992370605469,1070500,0.0,0.0
2016-02-29 00:00:00-05:00,43.6770333212875,43.863449024945425,43.24827969178295,43.257598876953125,1362900,0.0,0.0
2016-03-01 00:00:00-05:00,43.51857951485615,44.814166723111484,43.38808958661354,44.65571212768555,1713000,0.0,0.0
2016-03-02 00:00:00-05:00,44.590458419191705,44.71162913833371,44.26423366255919,44.609100341796875,1155000,0.0,0.0
2016-03-03 00:00:00-05:00,44.72095301820246,44.97261366642554,44.273557495444834,44.94465255737305,927200,0.0,0.0
2016-03-04 00:00:00-05:00,44.87940547348456,45.261556019963464,44.64638676086124,44.86076354980469,1004800,0.0,0.0
2016-03-07 00:00:00-05:00,44.68367147029075,45.05650286958141,44.64639117482867,44.888729095458984,834700,0.0,0.0
2016-03-08 00:00:00-05:00,44.56249798940396,44.860761644447074,44.366759576870535,44.48793029785156,1577300,0.0,0.0
2016-03-09 00:00:00-05:00,44.59977269005524,44.73026613391762,44.31083181045979,44.413360595703125,933300,0.0,0.0
2016-03-10 00:00:00-05:00,44.422689164536735,44.543859895934766,43.63974611384343,44.18035125732422,1456500,0.0,0.0
2016-03-11 00:00:00-05:00,44.63706632170854,44.84212393717188,44.31084152945646,44.804840087890625,1345700,0.0,0.0
2016-03-14 00:00:00-04:00,44.74892105010125,45.38273236095706,43.63043384796429,45.224281311035156,1892200,0.0,0.0
2016-03-15 00:00:00-04:00,44.87876473057303,45.3083150863456,44.62663641856976,45.28963851928711,1488400,0.09,0.0
2016-03-16 00:00:00-04:00,45.01882824021993,45.737859955864955,44.87875934736888,45.55109786987305,1630500,0.0,0.0
2016-03-17 00:00:00-04:00,45.607123563421915,46.76504554524011,45.588447000242084,46.60629653930664,2123900,0.0,0.0
2016-03-18 00:00:00-04:00,46.57830258862763,46.95182331892462,46.447570154914104,46.83976745605469,2341600,0.0,0.0
2016-03-21 00:00:00-04:00,46.83042134887904,46.961153755785126,46.288811592049896,46.59696960449219,799400,0.0,0.0
2016-03-22 00:00:00-04:00,46.62498729683949,46.727706644505,46.27013961277446,46.47557830810547,918100,0.0,0.0
2016-03-23 00:00:00-04:00,46.47558251008834,46.56896180066804,45.94331271696247,46.08338165283203,714300,0.0,0.0
2016-03-24 00:00:00-04:00,45.84057216128262,45.868585223063725,45.467048047314805,45.821895599365234,858800,0.0,0.0
2016-03-28 00:00:00-04:00,45.79389730501927,46.07403869973904,45.579122116994405,45.999332427978516,904800,0.0,0.0
2016-03-29 00:00:00-04:00,45.79390296348782,46.47558174767349,45.476408393656946,46.438228607177734,1189700,0.0,0.0
2016-03-30 00:00:00-04:00,46.821088322957806,47.297331947928285,46.746385605863125,46.989173889160156,1870700,0.0,0.0
2016-03-31 00:00:00-04:00,46.83976602068933,46.96116194635682,46.31683273966842,46.67168045043945,1240400,0.0,0.0
2016-04-01 00:00:00-04:00,46.52226305535053,46.839757568286,45.94330373018265,46.793067932128906,838200,0.0,0.0
2016-04-04 00:00:00-04:00,46.84910113707866,46.84910113707866,45.924634090278175,46.05536651611328,1294900,0.0,0.0
2016-04-05 00:00:00-04:00,45.75655623753379,46.05537427900763,45.485751274263116,45.607147216796875,785700,0.0,0.0
2016-04-06 00:00:00-04:00,45.61647128710209,45.73786719654337,45.177584412060796,45.70985412597656,760100,0.0,0.0
2016-04-07 00:00:00-04:00,45.34568557514138,46.02736450380905,45.29899235852927,45.78457260131836,1606300,0.0,0.0
2016-04-08 00:00:00-04:00,46.19545012739321,46.43823846778578,46.008687947449225,46.2514762878418,1124300,0.0,0.0
2016-04-11 00:00:00-04:00,46.391525722160424,46.64365400526016,45.9339587871593,46.21410369873047,1225600,0.0,0.0
2016-04-12 00:00:00-04:00,46.214113543294204,46.85843914034344,46.03668791987839,46.70903015136719,878400,0.0,0.0
2016-04-13 00:00:00-04:00,47.054533231392945,47.54944979172428,46.77439184935995,47.51210021972656,1121100,0.0,0.0
2016-04-14 00:00:00-04:00,47.62415823376206,47.6988645055491,47.25063399920905,47.325340270996094,1125400,0.0,0.0
2016-04-15 00:00:00-04:00,47.334681212189125,47.456077134130155,47.11056950019647,47.185272216796875,918700,0.0,0.0
2016-04-18 00:00:00-04:00,46.92380132696754,47.23195934404109,46.867771625083904,47.13857650756836,807600,0.0,0.0
2016-04-19 00:00:00-04:00,47.353365376273594,47.72688970575461,47.17594327897571,47.61483383178711,1367300,0.0,0.0
2016-04-20 00:00:00-04:00,47.36268608776466,47.80157289902193,47.26930326246164,47.57746124267578,1261000,0.0,0.0
2016-04-21 00:00:00-04:00,47.48409932310625,47.66152498820157,47.34403036676965,47.58681869506836,970000,0.0,0.0
2016-04-22 00:00:00-04:00,47.48408934418254,47.83893703760876,47.390710059582084,47.7548942565918,1014700,0.0,0.0
2016-04-25 00:00:00-04:00,47.6148360734831,47.773581605561425,47.381384247114596,47.66152572631836,951700,0.0,0.0
2016-04-26 00:00:00-04:00,47.78289952792901,48.23112999496362,47.52143472398448,48.1844367980957,1238000,0.0,0.0
2016-04-27 00:00:00-04:00,48.18444278779995,49.1275899115961,48.15642971594959,48.87546157836914,1668400,0.0,0.0
2016-04-28 00:00:00-04:00,45.47640886316978,45.73787372495646,44.085034643965855,44.91612243652344,8458800,0.0,0.0
2016-04-29 00:00:00-04:00,44.673332280141985,45.54177317732505,44.56127642436749,44.90678405761719,3258200,0.0,0.0
2016-05-02 00:00:00-04:00,44.925461562663045,45.495084481513175,44.925461562663045,45.25229263305664,1504000,0.0,0.0
2016-05-03 00:00:00-04:00,45.00015658278103,45.177582186807776,44.41186075670857,44.57060623168945,1458400,0.0,0.0
2016-05-04 00:00:00-04:00,44.25311122147715,44.38384362579966,43.69282847089756,43.8515739440918,1941300,0.0,0.0
2016-05-05 00:00:00-04:00,43.860911436770174,44.19708249228323,43.506063815707435,43.55275344848633,1380300,0.0,0.0
2016-05-06 00:00:00-04:00,43.487392008797855,43.72084376042859,42.955122300055066,43.646141052246094,1232900,0.0,0.0
2016-05-09 00:00:00-04:00,43.64615103710009,43.70217719050621,43.001821775394916,43.24461364746094,1370900,0.0,0.0
2016-05-10 00:00:00-04:00,43.38468233901238,44.010335025186365,43.18858367885604,43.907615661621094,1702000,0.0,0.0
2016-05-11 00:00:00-04:00,43.84224281682402,44.122384226458514,43.6554806896706,43.80488967895508,2414000,0.0,0.0
2016-05-12 00:00:00-04:00,43.898265900949156,44.178410853243875,43.46871553197745,43.87959289550781,1191400,0.0,0.0
2016-05-13 00:00:00-04:00,43.69283872534983,43.95430359535913,42.98314327505076,43.25394821166992,1490000,0.0,0.0
2016-05-16 00:00:00-04:00,43.17923369651883,44.000981224164875,43.132540500605835,43.86091232299805,1900000,0.0,0.0
2016-05-17 00:00:00-04:00,43.730182745102766,44.29980201277061,43.59944677517851,43.9636344909668,1955800,0.0,0.0
2016-05-18 00:00:00-04:00,43.92629020618737,44.533262730401276,43.655485271502315,44.365177154541016,1927200,0.0,0.0
2016-05-19 00:00:00-04:00,44.02900582698702,44.15039818420869,43.53408564577603,43.91694641113281,1624900,0.0,0.0
2016-05-20 00:00:00-04:00,44.23443730304693,44.55193183063393,44.000985549297404,44.383846282958984,1120900,0.0,0.0
2016-05-23 00:00:00-04:00,44.383846282958984,44.6359746044714,44.057015252586076,44.383846282958984,1007400,0.0,0.0
2016-05-24 00:00:00-04:00,44.60795936539939,44.82273454094518,44.449210328227615,44.57060623168945,2711800,0.0,0.0
2016-05-25 00:00:00-04:00,44.81340733670192,44.953476273889976,44.56127897513346,44.75737762451172,1111700,0.0,0.0
2016-05-26 00:00:00-04:00,44.691993129215696,44.953457888115395,44.52390762358299,44.635963439941406,726100,0.0,0.0
2016-05-27 00:00:00-04:00,44.738700369732925,44.79473008106644,44.44921887113046,44.663997650146484,645300,0.0,0.0
2016-05-31 00:00:00-04:00,44.73870206032053,44.99083042756141,44.411870970670336,44.654659271240234,1351700,0.0,0.0
2016-06-01 00:00:00-04:00,44.52393137577647,44.88811564486542,44.13173046600923,44.7293701171875,1365400,0.0,0.0
2016-06-02 00:00:00-04:00,44.6359790750885,44.73869842697695,44.439880437224055,44.67333221435547,989800,0.0,0.0
2016-06-03 00:00:00-04:00,44.439885195406156,44.673336997533276,44.094377525671725,44.33716583251953,1104100,0.0,0.0
2016-06-06 00:00:00-04:00,44.45856565451592,45.08421482907158,44.365182788184555,45.03752517700195,974400,0.0,0.0
2016-06-07 00:00:00-04:00,45.15890999377872,45.691179733029685,45.15890999377872,45.523094177246094,1051600,0.0,0.0
2016-06-08 00:00:00-04:00,45.62581349139891,46.09271702109035,45.616473425977986,45.97132110595703,941500,0.0,0.0
2016-06-09 00:00:00-04:00,45.61647383713667,45.61647383713667,45.224276578512615,45.560447692871094,847800,0.0,0.0
2016-06-10 00:00:00-04:00,45.11221882544901,45.40169672445748,44.934793210246546,45.12155532836914,1078900,0.0,0.0
2016-06-13 00:00:00-04:00,44.906779209275115,45.07486475588529,44.08502804386884,44.131717681884766,1584800,0.0,0.0
2016-06-14 00:00:00-04:00,43.95396195043043,44.150434744352836,43.57972856710035,43.80426788330078,1113700,0.09,0.0
2016-06-15 00:00:00-04:00,43.972659834592754,44.141066051393125,43.57035649101263,43.59842300415039,1025200,0.0,0.0
2016-06-16 00:00:00-04:00,43.29903478163351,43.75747471850931,42.784461818723024,43.66391372680664,967700,0.0,0.0
2016-06-17 00:00:00-04:00,43.710700213037654,43.81361552931974,43.37388774847345,43.532936096191406,1466000,0.0,0.0
2016-06-20 00:00:00-04:00,44.14107161929889,44.44981400971938,43.77619262653496,43.82297134399414,1281200,0.0,0.0
2016-06-21 00:00:00-04:00,43.944608899953444,44.0288120382039,43.3738991372546,43.41132354736328,1336600,0.0,0.0
2016-06-22 00:00:00-04:00,43.50487964062625,43.70135243405904,43.26162812051729,43.430030822753906,943900,0.0,0.0
2016-06-23 00:00:00-04:00,43.92590025748052,44.41240692138672,43.88847584433655,44.41240692138672,1062200,0.0,0.0
2016-06-24 00:00:00-04:00,42.63477332927015,43.05578892405633,41.8208122253418,41.8208122253418,4968600,0.0,0.0
2016-06-27 00:00:00-04:00,41.37173111159057,41.39044331280869,40.49227549927615,41.05363082885742,2393700,0.0,0.0
2016-06-28 00:00:00-04:00,41.540143254817295,41.87695221762867,41.39980351023825,41.83017349243164,1605300,0.0,0.0
2016-06-29 00:00:00-04:00,42.30732375550609,42.84996336614702,42.15762970060641,42.550575256347656,2395700,0.0,0.0
2016-06-30 00:00:00-04:00,42.606718516229265,43.25227355957031,42.606718516229265,43.25227355957031,2628700,0.0,0.0
2016-07-01 00:00:00-04:00,43.28033811198287,43.64522075706031,43.233559383841104,43.41132354736328,1123900,0.0,0.0
2016-07-05 00:00:00-04:00,43.27098533288112,43.3739006798461,42.10149924280325,42.26054763793945,1731100,0.0,0.0
2016-07-06 00:00:00-04:00,42.1576376188862,42.195058462898864,41.62435222507974,42.04536437988281,2228800,0.0,0.0
2016-07-07 00:00:00-04:00,42.26052936405391,42.58798746907246,42.07341452574247,42.43829345703125,1698900,0.0,0.0
2016-07-08 00:00:00-04:00,42.906087075289754,43.037068887823516,42.728322984862466,42.88737487792969,1439700,0.0,0.0
2016-07-11 00:00:00-04:00,43.14934255846123,43.327106665595984,42.934157622076,43.26161575317383,1298200,0.0,0.0
2016-07-12 00:00:00-04:00,43.61715251937385,43.85104973901505,43.24291910934094,43.69200134277344,1158700,0.0,0.0
2016-07-13 00:00:00-04:00,43.7481219213722,43.89781595651426,43.41131301904308,43.458091735839844,967700,0.0,0.0
2016-07-14 00:00:00-04:00,43.86976134845338,44.33755578137609,43.66393065589114,44.075592041015625,1743100,0.0,0.0
2016-07-15 00:00:00-04:00,44.25335384469757,44.59016641660375,44.25335384469757,44.55274200439453,1490500,0.0,0.0
2016-07-18 00:00:00-04:00,44.505965286838425,44.65565937345826,44.356271200218586,44.45918655395508,1053200,0.0,0.0
2016-07-19 00:00:00-04:00,44.41240321879741,44.91761847816815,44.30012998872553,44.90826416015625,1848200,0.0,0.0
2016-07-20 00:00:00-04:00,45.0486045491814,45.123449801297696,44.70243410505532,44.7117919921875,1204100,0.0,0.0
2016-07-21 00:00:00-04:00,44.66499959856828,44.870826655658014,44.15042303337611,44.30947494506836,1587700,0.0,0.0
2016-07-22 00:00:00-04:00,44.26270877628389,44.318841821860644,44.01945368215747,44.290775299072266,1244000,0.0,0.0
2016-07-25 00:00:00-04:00,44.15979422845419,44.27206389061543,43.701354123731114,43.84169387817383,1562300,0.0,0.0
2016-07-26 00:00:00-04:00,43.8603975427711,44.374970593881876,43.8603975427711,44.356258392333984,760100,0.0,0.0
2016-07-27 00:00:00-04:00,44.3749858396053,44.505967726453925,44.07559764995452,44.16915512084961,632700,0.0,0.0
2016-07-28 00:00:00-04:00,44.15043644826004,44.41240375258815,43.832336097209506,44.337554931640625,900800,0.0,0.0
2016-07-29 00:00:00-04:00,44.30948990935239,44.30948990935239,43.80427105780597,44.0007438659668,1280800,0.0,0.0
2016-08-01 00:00:00-04:00,43.92588834390476,44.12236110614057,43.67327897717836,44.047515869140625,788400,0.0,0.0
2016-08-02 00:00:00-04:00,44.075580076924226,44.075580076924226,43.35517641749456,43.458091735839844,880800,0.0,0.0
2016-08-03 00:00:00-04:00,43.34582581721386,43.8416866819406,43.13063727732618,43.83232879638672,1549200,0.0,0.0
2016-08-04 00:00:00-04:00,40.69811565088615,43.71071293999351,40.510997163980974,42.952884674072266,4362300,0.0,0.0
2016-08-05 00:00:00-04:00,43.13999469661878,43.45809499124767,42.91545184259173,43.214839935302734,4202700,0.0,0.0
2016-08-08 00:00:00-04:00,43.35517868970669,44.2627008328733,43.177418128967744,44.047515869140625,4760000,0.0,0.0
2016-08-09 00:00:00-04:00,44.075588511569386,44.66501044916951,44.00073969518105,44.31884002685547,2268000,0.0,0.0
2016-08-10 00:00:00-04:00,44.374973702831085,44.524667756714415,44.14107652057665,44.24399185180664,2047700,0.0,0.0
2016-08-11 00:00:00-04:00,44.40305173011502,44.69308559611126,44.337560787630174,44.431121826171875,1459900,0.0,0.0
2016-08-12 00:00:00-04:00,44.45918184871481,44.57145150955074,44.15979370716022,44.534027099609375,1268500,0.0,0.0
2016-08-15 00:00:00-04:00,44.730512525321664,45.22637356599898,44.70244242768731,45.198307037353516,1464600,0.0,0.0
2016-08-16 00:00:00-04:00,45.15150548182846,45.45089712536104,45.0860145635834,45.26377868652344,1260300,0.0,0.0
2016-08-17 00:00:00-04:00,45.2918452032035,45.38540263812862,45.02988153022328,45.26377868652344,1383400,0.0,0.0
2016-08-18 00:00:00-04:00,45.170228099944296,45.77836227416992,45.170228099944296,45.77836227416992,1327100,0.0,0.0
2016-08-19 00:00:00-04:00,45.48832364567195,46.22743960855443,45.45090280841533,46.105812072753906,1835000,0.0,0.0
2016-08-22 00:00:00-04:00,45.8999965887505,46.264875719475995,45.73159028703277,46.04033279418945,1232600,0.0,0.0
2016-08-23 00:00:00-04:00,46.26486401479886,46.52682772053429,46.01225462613063,46.105812072753906,1528300,0.0,0.0
2016-08-24 00:00:00-04:00,46.1338856154013,46.54554340794237,46.1338856154013,46.42391586303711,1382100,0.0,0.0
2016-08-25 00:00:00-04:00,46.39584738248631,46.770084319173854,46.227441117875706,46.58296585083008,1302100,0.0,0.0
2016-08-26 00:00:00-04:00,46.63909862417134,47.032047762326734,46.33035618682373,46.46133804321289,1045600,0.0,0.0
2016-08-29 00:00:00-04:00,46.46134032594136,46.69523752926747,46.30229194079387,46.61103439331055,899600,0.0,0.0
2016-08-30 00:00:00-04:00,46.61101586800521,46.77006775892644,46.14322164727534,46.41454315185547,846900,0.0,0.0
2016-08-31 00:00:00-04:00,46.27421816731862,46.30228825639605,45.51639357299651,45.60995101928711,1457900,0.0,0.0
2016-09-01 00:00:00-04:00,45.64736600176564,45.75963562793451,45.151501645627945,45.63800811767578,1539300,0.0,0.0
2016-09-02 00:00:00-04:00,45.83449782620817,46.049682826360836,45.75964900755258,45.98419189453125,680400,0.0,0.0
2016-09-06 00:00:00-04:00,46.02160656801382,46.227437222747454,45.64737323184715,45.76899719238281,766900,0.0,0.0
2016-09-07 00:00:00-04:00,45.759645756452805,45.85320320413718,45.507036364919564,45.6005973815918,674000,0.0,0.0
2016-09-08 00:00:00-04:00,45.5818853175758,45.5818853175758,45.2170062739085,45.34798812866211,978100,0.0,0.0
2016-09-09 00:00:00-04:00,44.98311021402917,45.26378613397273,44.68371852123636,44.702430725097656,1901600,0.0,0.0
2016-09-12 00:00:00-04:00,44.37497321296647,45.46025598388688,44.22527916073564,45.37605285644531,1216200,0.0,0.0
2016-09-13 00:00:00-04:00,44.97374494063539,45.20764209700191,44.665002550105015,44.82405090332031,1080200,0.0,0.0
2016-09-14 00:00:00-04:00,44.83342910352102,44.861548444798686,44.39287368641291,44.53347396850586,1017100,0.09,0.0
2016-09-15 00:00:00-04:00,44.430372752605166,44.78656302836093,44.430372752605166,44.61783981323242,2539200,0.0,0.0
2016-09-16 00:00:00-04:00,44.37412118319994,44.37412118319994,43.811712967852074,43.8398323059082,1665700,0.0,0.0
2016-09-19 00:00:00-04:00,43.98043830157762,44.24289860187643,43.839838017275646,44.13978958129883,1454200,0.0,0.0
2016-09-20 00:00:00-04:00,44.4397438889846,44.57097225938356,43.708612353501884,43.849212646484375,1980800,0.0,0.0
2016-09-21 00:00:00-04:00,44.05543045870826,44.39287688114307,43.952321432330415,44.3647575378418,1517300,0.0,0.0
2016-09-22 00:00:00-04:00,44.720948773079385,45.18025165260026,44.69282942916963,45.095890045166016,1905300,0.0,0.0
2016-09-23 00:00:00-04:00,44.880314091456086,45.02091443065103,44.39289171569353,44.40226364135742,1004200,0.0,0.0
2016-09-26 00:00:00-04:00,43.90545237762599,44.26164620224661,43.90545237762599,44.102294921875,1512600,0.0,0.0
2016-09-27 00:00:00-04:00,44.08354447777391,44.599089547397654,43.99918288235407,44.58971405029297,1166000,0.0,0.0
2016-09-28 00:00:00-04:00,44.63658692777419,45.03964754162264,44.458491791119854,44.97403335571289,1731100,0.0,0.0
2016-09-29 00:00:00-04:00,44.786564380328365,45.049024709398346,44.261650873598576,44.27102279663086,1466200,0.0,0.0
2016-09-30 00:00:00-04:00,44.4959915683613,44.91779607436245,44.42100187574443,44.78656768798828,2225000,0.0,0.0
2016-10-03 00:00:00-04:00,44.6084604184617,45.01152096756568,44.43973723159472,44.4584846496582,1248100,0.0,0.0
2016-10-04 00:00:00-04:00,44.55222190637157,44.69282576580534,44.102294562170066,44.177284240722656,2531800,0.0,0.0
2016-10-05 00:00:00-04:00,44.41163355134733,45.19900750911017,44.23353480480099,45.10527038574219,2195500,0.0,0.0
2016-10-06 00:00:00-04:00,45.05838318388392,45.27397310633025,44.720936844157826,45.17086410522461,1542600,0.0,0.0
2016-10-07 00:00:00-04:00,45.05840038898675,45.07714781231938,44.65533972659854,44.74907684326172,1769100,0.0,0.0
2016-10-10 00:00:00-04:00,44.94590137204865,45.11462453856886,44.458479288290725,44.561588287353516,1182600,0.0,0.0
2016-10-11 00:00:00-04:00,44.327255715783004,44.327255715783004,43.399278200222355,43.49301528930664,2485800,0.0,0.0
2016-10-12 00:00:00-04:00,43.418041848692276,43.62425994606241,43.27743795035707,43.343055725097656,2235600,0.0,0.0
2016-10-13 00:00:00-04:00,43.00560678304309,43.03372613082814,42.6962796545857,42.836883544921875,1407900,0.0,0.0
2016-10-14 00:00:00-04:00,43.20244654898673,43.42741204369929,42.93998978490977,42.968109130859375,1134300,0.0,0.0
2016-10-17 00:00:00-04:00,42.968097131179945,43.04308322467265,42.593155936603736,42.60253143310547,741700,0.0,0.0
2016-10-18 00:00:00-04:00,42.968115164545125,42.968115164545125,42.602549313045664,42.79001998901367,1008500,0.0,0.0
2016-10-19 00:00:00-04:00,42.80875778198242,42.939989739587624,42.67752940008245,42.80875778198242,841100,0.0,0.0
2016-10-20 00:00:00-04:00,42.72440115363927,42.80875919418191,42.508807575456935,42.62129211425781,778200,0.0,0.0
2016-10-21 00:00:00-04:00,42.274454303043996,42.49941972061092,41.98387829266239,42.41505813598633,1106400,0.0,0.0
2016-10-24 00:00:00-04:00,42.864992851654094,43.06183539145032,42.08699461430034,42.293209075927734,1831900,0.0,0.0
2016-10-25 00:00:00-04:00,42.255719737317605,42.41506744563694,41.96514008745289,41.99325942993164,914800,0.0,0.0
2016-10-26 00:00:00-04:00,41.88078512148242,42.22760351126763,41.73080931165324,42.02138900756836,1883900,0.0,0.0
2016-10-27 00:00:00-04:00,42.11512243967625,42.17136470910728,41.3933627393188,41.42148208618164,2069200,0.0,0.0
2016-10-28 00:00:00-04:00,41.496474213090515,41.99326844057296,41.23401742509308,41.3652458190918,3740300,0.0,0.0
2016-10-31 00:00:00-04:00,41.5714536432223,41.683938170578145,41.29962497470811,41.33711624145508,2757100,0.0,0.0
2016-11-01 00:00:00-04:00,42.18073048436884,43.14619939345218,41.86203148879208,42.07762145996094,11642600,0.0,0.0
2016-11-02 00:00:00-04:00,41.59020106444827,42.19010424085955,41.22463528980421,41.33711624145508,3617100,0.0,0.0
2016-11-03 00:00:00-04:00,41.94639393447598,42.08699780252713,41.355862694647996,41.487091064453125,2909200,0.0,0.0
2016-11-04 00:00:00-04:00,41.48708750240747,42.086994188974,41.41210140140202,41.608943939208984,7383700,0.0,0.0
2016-11-07 00:00:00-05:00,42.190107447436674,42.33071132946532,41.93702618091352,42.04950714111328,3153400,0.0,0.0
2016-11-08 00:00:00-05:00,42.07762596205114,42.715024021402975,41.796421777208906,42.56504821777344,2705300,0.0,0.0
2016-11-09 00:00:00-05:00,42.227596362181416,44.12104287553216,41.97451155549691,43.867958068847656,4065500,0.0,0.0
2016-11-10 00:00:00-05:00,44.327269336604964,45.06777647724337,44.289774489449876,44.91779708862305,3391700,0.0,0.0
2016-11-11 00:00:00-05:00,44.6740801889473,44.88967016012194,44.00856285501191,44.31788635253906,1914100,0.0,0.0
2016-11-14 00:00:00-05:00,44.53348824314622,44.97404380146878,44.3272737148362,44.84281539916992,2497000,0.0,0.0
2016-11-15 00:00:00-05:00,44.852177327686846,45.07714280699312,44.6459628453365,45.05839538574219,2116000,0.0,0.0
2016-11-16 00:00:00-05:00,44.89905036820315,45.1427597077083,44.4678668049168,44.48661422729492,2025400,0.0,0.0
2016-11-17 00:00:00-05:00,44.70220554436227,45.405217813678945,44.52411039005596,45.18025588989258,1894500,0.0,0.0
2016-11-18 00:00:00-05:00,45.07713969577757,45.161501297731675,44.59909300184078,44.66470718383789,1241500,0.0,0.0
2016-11-21 00:00:00-05:00,44.8240474081551,45.123998925991444,44.54284330714655,44.62720489501953,4565800,0.0,0.0
2016-11-22 00:00:00-05:00,44.7303209363197,44.870921221089965,44.36475518993043,44.580345153808594,1795300,0.0,0.0
2016-11-23 00:00:00-05:00,44.589724291522316,44.617843637885805,44.224158485975806,44.49599075317383,1708000,0.0,0.0
2016-11-25 00:00:00-05:00,44.50536267672656,44.749075597561095,44.41162913837807,44.49599075317383,500800,0.0,0.0
2016-11-28 00:00:00-05:00,44.34601085395021,44.38350212040658,43.23056254173306,43.33367156982422,3349800,0.0,0.0
2016-11-29 00:00:00-05:00,43.31492469840285,43.31492469840285,42.91186407931624,43.099334716796875,3073300,0.0,0.0
2016-11-30 00:00:00-05:00,43.46489702835639,44.89904425140811,43.40865834458888,44.38349914550781,4443700,0.0,0.0
2016-12-01 00:00:00-05:00,44.73031776254428,46.61438862014004,44.54284715378093,46.3050651550293,5589500,0.0,0.0
2016-12-02 00:00:00-05:00,46.30509002684815,46.389451667319534,44.983426709933944,45.00217056274414,3172800,0.0,0.0
2016-12-05 00:00:00-05:00,45.23694010889792,45.875535380821766,45.227550582437885,45.621978759765625,2397900,0.09,0.0
2016-12-06 00:00:00-05:00,45.52804744117037,46.52350522307185,45.434137884305315,46.504722595214844,4348000,0.0,0.0
2016-12-07 00:00:00-05:00,46.77707801092526,47.89461780333146,46.46716994087107,47.75374984741211,3853700,0.0,0.0
2016-12-08 00:00:00-05:00,47.75373994445225,48.110602731667946,47.47200767345888,47.94156265258789,2758400,0.0,0.0
2016-12-09 00:00:00-05:00,47.93217252641063,48.09181949774487,47.55652711486397,47.77252197265625,1586000,0.0,0.0
2016-12-12 00:00:00-05:00,47.78191414308274,48.138773336405414,47.359313958968954,47.55652618408203,2023600,0.0,0.0
2016-12-13 00:00:00-05:00,47.62227006415272,47.76313800547413,47.14332551201694,47.21845245361328,1879800,0.0,0.0
2016-12-14 00:00:00-05:00,46.97428742682632,47.35932242284864,46.76768205935362,46.78646469116211,2492900,0.0,0.0
2016-12-15 00:00:00-05:00,46.72071617404903,47.05879630146048,46.5516761103433,46.83340835571289,1973200,0.0,0.0
2016-12-16 00:00:00-05:00,46.80523719050705,46.93671200228393,46.15725265428386,46.1854248046875,2801200,0.0,0.0
2016-12-19 00:00:00-05:00,46.20420936629853,46.39203206916391,45.90369447468196,46.14786148071289,1377200,0.0,0.0
2016-12-20 00:00:00-05:00,46.27933811445489,46.532898235912356,46.119691139326235,46.45777130126953,967600,0.0,0.0
2016-12-21 00:00:00-05:00,46.35447029582626,46.67376783996784,46.02577964550444,46.29812240600586,1317700,0.0,0.0
2016-12-22 00:00:00-05:00,47.18089359485604,47.31236843732562,46.35447569336341,46.41082000732422,1155800,0.0,0.0
2016-12-23 00:00:00-05:00,46.47656062527076,46.71133815128109,46.354475308667574,46.438995361328125,665900,0.0,0.0
2016-12-27 00:00:00-05:00,46.42959494176691,46.824022986203154,46.363857531430895,46.68315505981445,572600,0.0,0.0
2016-12-28 00:00:00-05:00,46.80524243721709,46.88976248032235,45.77222287252647,45.781612396240234,966400,0.0,0.0
2016-12-29 00:00:00-05:00,45.78162165321266,45.96944440724852,45.49988931336941,45.69710159301758,889600,0.0,0.0
2016-12-30 00:00:00-05:00,45.74405357249705,45.85674936744,45.27449850749728,45.640750885009766,1045600,0.0,0.0
2017-01-03 00:00:00-05:00,46.05395947070417,46.363863936181566,45.59379395236419,46.222999572753906,1965500,0.0,0.0
2017-01-04 00:00:00-05:00,46.62680783681904,47.02123227414805,46.298117223291584,46.77706527709961,2478500,0.0,0.0
2017-01-05 00:00:00-05:00,46.551677089614515,46.720717156876205,45.69708723064483,46.1854248046875,1433100,0.0,0.0
2017-01-06 00:00:00-05:00,46.401423976073424,47.13392861421845,46.185429110528624,47.021236419677734,1534100,0.0,0.0
2017-01-09 00:00:00-05:00,46.852203095055614,47.068197991757536,46.288738458652396,46.608036041259766,1499700,0.0,0.0
2017-01-10 00:00:00-05:00,46.71132665158532,47.021231046765905,46.345070791943,46.83340835571289,1411200,0.0,0.0
2017-01-11 00:00:00-05:00,46.748914265269235,47.030650249396615,46.59865674553149,46.936737060546875,1121100,0.0,0.0
2017-01-12 00:00:00-05:00,46.852207300139256,47.43445462100327,46.52352016314049,47.368717193603516,1410300,0.0,0.0
2017-01-13 00:00:00-05:00,47.47201469892894,47.89461495917047,47.47201469892894,47.5753173828125,1471600,0.0,0.0
2017-01-17 00:00:00-05:00,47.46262307424765,47.57531527785244,46.88976536709074,47.21845245361328,1356600,0.0,0.0
2017-01-18 00:00:00-05:00,47.32175754491138,47.6786203873398,47.13393480771638,47.62227249145508,2030400,0.0,0.0
2017-01-19 00:00:00-05:00,47.810084352849294,48.063644453019776,47.36870155820957,47.59408950805664,1685800,0.0,0.0
2017-01-20 00:00:00-05:00,47.84766136715092,48.06365626502595,47.54714641511429,47.7161865234375,1224300,0.0,0.0
2017-01-23 00:00:00-05:00,47.54716284558152,47.87585006844672,47.011870178388456,47.38751220703125,1332900,0.0,0.0
2017-01-24 00:00:00-05:00,47.65044491146421,48.223299025496104,47.41566740192933,48.06365203857422,1026000,0.0,0.0
2017-01-25 00:00:00-05:00,48.476861360464895,49.237541815468944,48.37355867840526,49.20936965942383,2017500,0.0,0.0
2017-01-26 00:00:00-05:00,49.19058073470954,49.6131809334241,48.82432842329699,49.00275802612305,1880000,0.0,0.0
2017-01-27 00:00:00-05:00,49.00276606499767,49.23754359364085,48.48625621846684,48.655296325683594,1343100,0.0,0.0
2017-01-30 00:00:00-05:00,48.6552769529562,48.8712717634163,47.80068723225781,48.26084899902344,1470900,0.0,0.0
2017-01-31 00:00:00-05:00,48.25146331618159,48.32659023855203,47.75373267799639,47.98851013183594,1688200,0.0,0.0
2017-02-01 00:00:00-05:00,48.22329681371219,48.42051263531567,47.57531220678741,47.979129791259766,1706100,0.0,0.0
2017-02-02 00:00:00-05:00,47.68800787466679,47.96974375963265,47.36871030980332,47.93217849731445,1025100,0.0,0.0
2017-02-03 00:00:00-05:00,48.289034186953195,48.55198742140089,47.969740228017294,48.37355422973633,2067200,0.0,0.0
2017-02-06 00:00:00-05:00,48.25147371178379,48.82433139575951,48.07304051567438,48.51442337036133,3851900,0.0,0.0
2017-02-07 00:00:00-05:00,48.84312674489421,49.65076220283839,48.16696974253992,48.53322219848633,4780600,0.0,0.0
2017-02-08 00:00:00-05:00,48.56137709635455,49.284492224102735,48.185735246919606,49.16240692138672,2368400,0.0,0.0
2017-02-09 00:00:00-05:00,49.359616560263724,50.186030674949585,49.275096527804955,49.8949089050293,1850700,0.0,0.0
2017-02-10 00:00:00-05:00,49.99820838631176,50.38324326916297,49.829168332141016,50.26115798950195,1712300,0.0,0.0
2017-02-13 00:00:00-05:00,50.477161462842275,50.6086362869536,50.25177349120838,50.40203094482422,1741700,0.0,0.0
2017-02-14 00:00:00-05:00,50.22360698352273,50.36447492943064,49.960657305743354,50.31752014160156,2152900,0.0,0.0
2017-02-15 00:00:00-05:00,50.711949588648,51.08759509264343,50.35508671809444,50.97489929199219,2007700,0.0,0.0
2017-02-16 00:00:00-05:00,51.01245912252187,51.11576180423279,50.63681365855865,51.05941390991211,1763400,0.0,0.0
2017-02-17 00:00:00-05:00,50.80585780204274,51.18150329589844,50.62742816279279,51.18150329589844,1719500,0.0,0.0
2017-02-21 00:00:00-05:00,51.16271412382594,51.82009186284311,51.050021923040866,51.79191970825195,6020000,0.0,0.0
2017-02-22 00:00:00-05:00,51.5759246873361,51.951570158227895,51.41627769078055,51.94218063354492,2534700,0.0,0.0
2017-02-23 00:00:00-05:00,51.951567167494005,52.1018246307166,50.86219966352507,51.1721076965332,1771300,0.0,0.0
2017-02-24 00:00:00-05:00,50.86220216525484,51.33175720872375,50.76829258952934,51.303585052490234,997700,0.0,0.0
2017-02-27 00:00:00-05:00,51.38810867576117,51.47262873275765,51.08759371364498,51.18150329589844,1468800,0.0,0.0
2017-02-28 00:00:00-05:00,51.20028287722265,51.341147242207114,50.55229820048436,50.683773040771484,1337500,0.0,0.0
2017-03-01 00:00:00-05:00,51.41626580474479,51.99851292584881,51.41626580474479,51.89521026611328,1526800,0.0,0.0
2017-03-02 00:00:00-05:00,51.94217375624683,51.94217375624683,51.33175084247465,51.36931610107422,1141300,0.0,0.0
2017-03-03 00:00:00-05:00,51.42566138475533,51.669831987876826,51.11575695146457,51.51018142700195,1913200,0.0,0.0
2017-03-06 00:00:00-05:00,51.05002396571258,51.40688679530176,50.974893440569346,51.2848014831543,1042600,0.0,0.0
2017-03-07 00:00:00-05:00,51.406885916054016,51.54775027465737,51.1251500340062,51.190887451171875,1041300,0.0,0.0
2017-03-08 00:00:00-05:00,51.4162817743044,51.61349405009604,51.07820154013532,51.200286865234375,1572100,0.0,0.0
2017-03-09 00:00:00-05:00,51.21905718922089,51.294184121858486,50.47715947391645,50.51472473144531,1339400,0.0,0.0
2017-03-10 00:00:00-05:00,50.63680427604418,50.94671226375395,50.289334614834424,50.355072021484375,2266300,0.0,0.0
2017-03-13 00:00:00-04:00,50.4302150164324,50.99367966502772,50.39264975121382,50.96550750732422,1869700,0.0,0.0
2017-03-14 00:00:00-04:00,50.63681035148084,50.63681035148084,49.941870945682055,50.24238586425781,1647200,0.0,0.0
2017-03-15 00:00:00-04:00,50.45874275030277,51.041971068077004,50.42111419084458,50.89146041870117,1779600,0.09,0.0
2017-03-16 00:00:00-04:00,51.10782284135731,51.12663353262947,50.68451051859499,50.89146041870117,1815000,0.0,0.0
2017-03-17 00:00:00-04:00,51.10783024314727,51.17367843750723,50.665703576624,51.08901596069336,1814400,0.0,0.0
2017-03-20 00:00:00-04:00,51.13604702775129,51.13604702775129,50.8162114207431,50.99494171142578,773800,0.0,0.0
2017-03-21 00:00:00-04:00,51.145449051146336,51.22070617188552,50.054245919627405,50.13890838623047,1902000,0.0,0.0
2017-03-22 00:00:00-04:00,50.12949865162201,50.355262817160266,49.77203453632028,50.19534683227539,1503700,0.0,0.0
2017-03-23 00:00:00-04:00,50.101278060085576,50.56221893722504,49.97899062587986,50.2894172668457,873700,0.0,0.0
2017-03-24 00:00:00-04:00,50.280023757264146,50.69392723880405,50.044850590568295,50.251800537109375,1363500,0.0,0.0
2017-03-27 00:00:00-04:00,49.35814460145884,50.48697291315472,49.311107098090105,50.327056884765625,1283600,0.0,0.0
2017-03-28 00:00:00-04:00,50.091869570174936,50.97611912144724,50.05424101349356,50.73154067993164,1290400,0.0,0.0
2017-03-29 00:00:00-04:00,50.66570853418558,51.286565562084725,50.49638356398965,50.97613525390625,1357700,0.0,0.0
2017-03-30 00:00:00-04:00,50.882062505522484,51.18308384824502,50.731551834161216,50.910282135009766,1158000,0.0,0.0
2017-03-31 00:00:00-04:00,50.72213590741177,51.041971488527125,50.5904395366802,50.872650146484375,1214700,0.0,0.0
2017-04-03 00:00:00-04:00,50.88205789878184,51.258336337346385,50.34586345632451,50.48696517944336,1570400,0.0,0.0
2017-04-04 00:00:00-04:00,50.41171636638333,50.72214305708518,50.32705388919965,50.571632385253906,877400,0.0,0.0
2017-04-05 00:00:00-04:00,50.853838076653645,51.29596111354424,50.411711451305926,50.50577926635742,1099200,0.0,0.0
2017-04-06 00:00:00-04:00,50.54340972302434,51.20189521844792,50.477561532327705,50.99494171142578,1054400,0.0,0.0
2017-04-07 00:00:00-04:00,50.91027242342541,51.06078306607544,50.72213322299868,50.93849563598633,1408500,0.0,0.0
2017-04-10 00:00:00-04:00,50.91969240407764,51.606397584427,50.91969240407764,51.27715301513672,835000,0.0,0.0
2017-04-11 00:00:00-04:00,51.18307799222644,51.314774366042556,50.74095137573769,51.25833511352539,694400,0.0,0.0
2017-04-12 00:00:00-04:00,51.12662463455202,51.25832456973464,50.298818001284864,50.34585189819336,2350700,0.0,0.0
2017-04-13 00:00:00-04:00,50.18595496477885,50.59986205644481,50.03544427375249,50.04485321044922,1736800,0.0,0.0
2017-04-17 00:00:00-04:00,50.32704985018284,50.77858182943878,50.15772490940471,50.7691764831543,1173400,0.0,0.0
2017-04-18 00:00:00-04:00,50.59044809908235,50.99494621390863,50.468160641824234,50.778587341308594,1211600,0.0,0.0
2017-04-19 00:00:00-04:00,50.93850069340795,51.16426488556957,50.52459369368309,50.66569900512695,1130400,0.0,0.0
2017-04-20 00:00:00-04:00,50.976125144648044,51.62520526449698,50.90087161085022,51.521728515625,1658900,0.0,0.0
2017-04-21 00:00:00-04:00,51.549949257882396,51.898004484701296,51.51232069594058,51.58757781982422,2092800,0.0,0.0
2017-04-24 00:00:00-04:00,52.23664306302251,53.29962638291368,52.00146998445539,53.22437286376953,2501800,0.0,0.0
2017-04-25 00:00:00-04:00,53.56302354576172,53.929896593199636,53.32785044759871,53.64768600463867,1810700,0.0,0.0
2017-04-26 00:00:00-04:00,53.73235721976625,54.04278748238849,53.638289400554385,53.71354293823242,2058000,0.0,0.0
2017-04-27 00:00:00-04:00,53.722942485292464,54.14625477468775,53.58183719267515,53.864044189453125,1391700,0.0,0.0
2017-04-28 00:00:00-04:00,53.835836817062386,54.17448672564095,53.572444038593495,53.8076171875,2095300,0.0,0.0
2017-05-01 00:00:00-04:00,53.98635262759919,54.22152579889102,53.299647398041984,54.17449188232422,3255000,0.0,0.0
2017-05-02 00:00:00-04:00,54.09921148126396,55.999410318791824,54.03336330869496,55.5290641784668,4210000,0.0,0.0
2017-05-03 00:00:00-04:00,55.406789966483714,56.84604835047938,55.406789966483714,56.35688781738281,3772600,0.0,0.0
2017-05-04 00:00:00-04:00,56.441556361126196,57.090632967434445,56.356893883046205,56.80842590332031,2431800,0.0,0.0
2017-05-05 00:00:00-04:00,56.836651555267736,57.07182473168997,56.55444446125262,56.62029266357422,2398500,0.0,0.0
2017-05-08 00:00:00-04:00,56.54502301549569,56.74256756622215,56.25340706790647,56.37569808959961,1476000,0.0,0.0
2017-05-09 00:00:00-04:00,56.244003304913385,56.83663697376694,56.23459437073395,56.7237548828125,1056100,0.0,0.0
2017-05-10 00:00:00-04:00,56.40391370660594,56.62968145457756,56.10289243494819,56.394508361816406,965200,0.0,0.0
2017-05-11 00:00:00-04:00,56.08409810903648,56.32868022205478,55.67019461037354,56.30045700073242,1287600,0.0,0.0
2017-05-12 00:00:00-04:00,56.11231047601637,56.28163541736476,55.773660593319576,55.94298553466797,1158000,0.0,0.0
2017-05-15 00:00:00-04:00,56.14993459096527,56.37570237212925,55.9429846790602,56.178157806396484,1138300,0.0,0.0
2017-05-16 00:00:00-04:00,56.17815491778639,56.39451375319601,55.90535324287371,56.2628173828125,856700,0.0,0.0
2017-05-17 00:00:00-04:00,56.26282113627525,56.26282113627525,55.54789280870265,55.94298553466797,1649000,0.0,0.0
2017-05-18 00:00:00-04:00,55.5008491152405,56.0464524052732,55.24686174799664,55.632545471191406,2145800,0.0,0.0
2017-05-19 00:00:00-04:00,55.97120815067279,56.789609685250696,55.839511764471446,56.49799728393555,1455100,0.0,0.0
2017-05-22 00:00:00-04:00,56.70494148514707,57.212916285030786,56.57324511224174,56.987152099609375,1016700,0.0,0.0
2017-05-23 00:00:00-04:00,57.137655294493264,57.259942717110505,56.85544471686809,56.96833038330078,1195700,0.0,0.0
2017-05-24 00:00:00-04:00,57.22233021510749,57.664453278680725,57.03419098519295,57.372840881347656,1175800,0.0,0.0
2017-05-25 00:00:00-04:00,57.49512712915812,57.730300264522675,57.259953993793566,57.4669075012207,873400,0.0,0.0
2017-05-26 00:00:00-04:00,57.33522112817106,57.63624250690827,57.12826758461752,57.25996398925781,568900,0.0,0.0
2017-05-30 00:00:00-04:00,57.05300151914306,57.25995142884263,56.8366390864572,57.1941032409668,732400,0.0,0.0
2017-05-31 00:00:00-04:00,57.27877097080607,57.4763155525791,56.676728290093536,57.40106201171875,1315500,0.0,0.0
2017-06-01 00:00:00-04:00,57.570371924149654,58.0877519934445,57.22231676312679,57.86198425292969,1627100,0.0,0.0
2017-06-02 00:00:00-04:00,57.93725479671658,58.501668896191696,57.72089593896921,58.19124221801758,1186100,0.0,0.0
2017-06-05 00:00:00-04:00,58.200644330909626,58.44522639196132,58.01250511205228,58.134796142578125,741900,0.0,0.0
2017-06-06 00:00:00-04:00,57.739710365774634,58.09717095505997,57.61741932814684,57.85259246826172,1256100,0.0,0.0
2017-06-07 00:00:00-04:00,58.003108462190745,58.163028078155875,57.598610336961954,57.88081741333008,1070300,0.0,0.0
2017-06-08 00:00:00-04:00,57.88080318271746,58.34174404527572,57.61741045465947,58.285301208496094,1190300,0.0,0.0
2017-06-09 00:00:00-04:00,58.37939091216261,59.13194436295724,58.2947284246696,58.68041229248047,1580700,0.0,0.0
2017-06-12 00:00:00-04:00,58.642763647187095,58.95319026941875,58.08775499439068,58.09716033935547,1200800,0.0,0.0
2017-06-13 00:00:00-04:00,58.21006763010134,58.56752828683863,58.059556935565105,58.3699836730957,586100,0.0,0.0
2017-06-14 00:00:00-04:00,58.47360194955296,58.520704180905206,57.870684763436394,57.97431182861328,900600,0.09,0.0
2017-06-15 00:00:00-04:00,57.62573437671864,58.633740586748985,57.55979054900671,58.60547637939453,783300,0.0,0.0
2017-06-16 00:00:00-04:00,58.68085696852998,58.99173457509848,58.35113415673133,58.71854019165039,1464400,0.0,0.0
2017-06-19 00:00:00-04:00,58.916360672782275,59.246079829072244,58.718529179008286,59.21781921386719,707500,0.0,0.0
2017-06-20 00:00:00-04:00,59.05766709569437,59.114191919537575,58.247499515957394,58.285179138183594,977900,0.0,0.0
2017-06-21 00:00:00-04:00,58.25690701362522,58.285167623128906,56.94744606614887,57.00396728515625,1984100,0.0,0.0
2017-06-22 00:00:00-04:00,57.03224018668098,57.30543809911231,56.76846128096458,57.069923400878906,994000,0.0,0.0
2017-06-23 00:00:00-04:00,57.03225408161688,57.21124400216123,56.881524781771645,56.928627014160156,1653200,0.0,0.0
2017-06-26 00:00:00-04:00,57.192398859340564,57.45617781303616,56.75905259824961,56.9192008972168,1160000,0.0,0.0
2017-06-27 00:00:00-04:00,56.82498378174924,56.919188219728014,56.60831069946289,56.60831069946289,773000,0.0,0.0
2017-06-28 00:00:00-04:00,56.947455049117465,57.28659679133262,56.740200963615074,57.06050109863281,848600,0.0,0.0
2017-06-29 00:00:00-04:00,57.1547183074125,57.286609587254496,56.109035826903956,56.52354049682617,1839500,0.0,0.0
2017-06-30 00:00:00-04:00,56.843828006366266,57.40906184761211,56.843828006366266,57.06050109863281,2045300,0.0,0.0
2017-07-03 00:00:00-04:00,57.46559773708241,58.106198130497575,57.220663983680055,57.663429260253906,563100,0.0,0.0
2017-07-05 00:00:00-04:00,57.682274386349526,58.030835223703626,57.60691153212135,57.672855377197266,988800,0.0,0.0
2017-07-06 00:00:00-04:00,57.43734635882188,57.77648822092059,57.20183157610559,57.625755310058594,1050200,0.0,0.0
2017-07-07 00:00:00-04:00,57.79530609460731,58.44532896826594,57.53153077988737,57.993141174316406,849500,0.0,0.0
2017-07-10 00:00:00-04:00,57.974312662971506,58.53954663467308,57.814160761665086,58.12504196166992,1072900,0.0,0.0
2017-07-11 00:00:00-04:00,58.07793538513545,58.238083680792066,57.21123928720006,58.0496711730957,1020300,0.0,0.0
2017-07-12 00:00:00-04:00,58.40766360526283,58.69970321701043,58.30403653033078,58.61491775512695,973000,0.0,0.0
2017-07-13 00:00:00-04:00,58.62431400816136,58.63373660786313,58.125024034033146,58.18154525756836,735000,0.0,0.0
2017-07-14 00:00:00-04:00,58.21923800082449,58.49243593820275,58.002564889904654,58.313446044921875,758800,0.0,0.0
2017-07-17 00:00:00-04:00,58.285179138183594,58.36054556997453,57.908357760236704,58.285179138183594,1014700,0.0,0.0
2017-07-18 00:00:00-04:00,58.08734805400599,58.17213349353281,57.75762889677352,57.85183334350586,537700,0.0,0.0
2017-07-19 00:00:00-04:00,58.0496711730957,58.05909377499884,57.72937098811279,58.0496711730957,742000,0.0,0.0
2017-07-20 00:00:00-04:00,58.01198899133456,58.143876662812076,57.53153693818703,57.59748077392578,650000,0.0,0.0
2017-07-21 00:00:00-04:00,57.33369993262612,57.390221161456324,56.99455818496816,57.380802154541016,1096300,0.0,0.0
2017-07-24 00:00:00-04:00,57.52212256956133,57.814158553194545,57.49385835648697,57.663429260253906,686500,0.0,0.0
2017-07-25 00:00:00-04:00,58.04966440690347,58.322862331536115,57.76704747513522,58.20039367675781,878100,0.0,0.0
2017-07-26 00:00:00-04:00,58.200385945991954,58.36995680126263,57.795300413252974,57.94602966308594,637400,0.0,0.0
2017-07-27 00:00:00-04:00,58.04966436183207,58.13444980066364,57.64457877560004,58.03082275390625,1167500,0.0,0.0
2017-07-28 00:00:00-04:00,58.06850685266349,58.40764861314627,57.738787693121516,58.26633834838867,871400,0.0,0.0
2017-07-31 00:00:00-04:00,58.41707930263032,58.41707930263032,57.98373300809502,58.01199722290039,771300,0.0,0.0
2017-08-01 00:00:00-04:00,58.16272083391533,58.483021018898235,57.550381082319575,58.0496711730957,1200900,0.0,0.0
2017-08-02 00:00:00-04:00,57.75762462638702,61.20555958943455,57.418482893354636,60.50843811035156,3210400,0.0,0.0
2017-08-03 00:00:00-04:00,60.612073561467746,61.18673013547497,60.112787027275004,60.668601989746094,1078100,0.0,0.0
2017-08-04 00:00:00-04:00,60.772223684690175,60.97947779959845,60.50844833383938,60.781639099121094,815300,0.0,0.0
2017-08-07 00:00:00-04:00,60.7062827188748,60.84758581541589,60.41423954889748,60.470767974853516,641800,0.0,0.0
2017-08-08 00:00:00-04:00,60.367126673099456,60.66858518684508,59.94319951512312,60.10334777832031,594600,0.0,0.0
2017-08-09 00:00:00-04:00,59.96206283656771,60.131633761167976,59.56639614794368,59.87727737426758,886600,0.0,0.0
2017-08-10 00:00:00-04:00,59.57580390523699,59.735952186523065,59.057668657148234,59.104774475097656,618000,0.0,0.0
2017-08-11 00:00:00-04:00,58.98231259051514,59.36855662383857,58.7939000780884,58.95405197143555,711900,0.0,0.0
2017-08-14 00:00:00-04:00,59.349707240714956,59.79247604788177,59.21781957738934,59.46275329589844,770600,0.0,0.0
2017-08-15 00:00:00-04:00,59.585226295987624,59.74537458636723,59.415655404015354,59.453338623046875,536900,0.0,0.0
2017-08-16 00:00:00-04:00,59.74537458636723,59.76421619588299,59.425078005608015,59.453338623046875,541600,0.0,0.0
2017-08-17 00:00:00-04:00,59.37797813583703,59.60407387901586,59.13304437492406,59.151885986328125,1270200,0.0,0.0
2017-08-18 00:00:00-04:00,58.98230861779828,59.509859304656594,58.84099834457865,59.29318618774414,875100,0.0,0.0
2017-08-21 00:00:00-04:00,59.22725099182553,59.349719673570036,58.624333779652666,58.76564407348633,597600,0.0,0.0
2017-08-22 00:00:00-04:00,58.944625399117115,59.425077453128246,58.71853327436913,59.29318618774414,690100,0.0,0.0
2017-08-23 00:00:00-04:00,58.9634720924073,59.0670991558807,58.50186160793576,58.84100341796875,819200,0.0,0.0
2017-08-24 00:00:00-04:00,58.92577907137663,59.37796687833381,58.84099363296783,58.88809585571289,759600,0.0,0.0
2017-08-25 00:00:00-04:00,59.1612973107114,59.34970980660913,58.77505331127231,58.89752197265625,577100,0.0,0.0
2017-08-28 00:00:00-04:00,58.96347560991742,59.142465534259344,58.52070670999731,58.76564407348633,431900,0.0,0.0
2017-08-29 00:00:00-04:00,58.256923279760834,59.019992292436775,58.1909794433941,58.94462585449219,678200,0.0,0.0
2017-08-30 00:00:00-04:00,58.88810402844733,59.15188298103262,58.8504244012235,59.048255920410156,684300,0.0,0.0
2017-08-31 00:00:00-04:00,59.06710004947022,59.63233401229639,59.029416826969836,59.58523178100586,1187900,0.0,0.0
2017-09-01 00:00:00-04:00,59.632323377899915,59.83957747102194,59.274340015326224,59.56637954711914,1101500,0.0,0.0
2017-09-05 00:00:00-04:00,59.54753953495864,59.78305424939242,59.18955975646121,59.359127044677734,793700,0.0,0.0
2017-09-06 00:00:00-04:00,59.72653693128479,59.81132237778305,59.387395145291755,59.783058166503906,848300,0.0,0.0
2017-09-07 00:00:00-04:00,59.830162060904826,59.94321172183235,59.18014268208517,59.914947509765625,702600,0.0,0.0
2017-09-08 00:00:00-04:00,59.839584944320634,60.55554816521461,59.61348921507166,60.3388786315918,1163700,0.0,0.0
2017-09-11 00:00:00-04:00,60.593216196830525,60.781625064695,60.15987005087216,60.67800521850586,1034600,0.0,0.0
2017-09-12 00:00:00-04:00,60.82875852091995,61.262104863826536,60.781652688876264,61.158477783203125,864900,0.0,0.0
2017-09-13 00:00:00-04:00,60.97948383738374,61.337463679363296,60.81932834079028,61.328041076660156,517800,0.0,0.0
2017-09-14 00:00:00-04:00,61.31859688822189,61.601608675852255,61.03558510059153,61.563873291015625,760900,0.09,0.0
2017-09-15 00:00:00-04:00,61.52613900454978,62.11101948673707,61.37519746250864,61.62990951538086,1328300,0.0,0.0
2017-09-18 00:00:00-04:00,61.780843986385555,62.60157242901155,61.65820938119316,62.55440139770508,1016400,0.0,0.0
2017-09-19 00:00:00-04:00,62.45064572304929,62.72422193558473,62.29971134213111,62.61102294921875,657800,0.0,0.0
2017-09-20 00:00:00-04:00,62.761943536818386,62.865714049708416,62.33743303666029,62.63930892944336,1283700,0.0,0.0
2017-09-21 00:00:00-04:00,62.60157104237521,62.92231101683035,62.29025951614142,62.36573028564453,860900,0.0,0.0
2017-09-22 00:00:00-04:00,62.32801209420112,62.42234698345812,61.7336958143204,61.87519454956055,1015500,0.0,0.0
2017-09-25 00:00:00-04:00,61.85630633599047,62.016676304936325,61.13934850201949,61.34688949584961,1338700,0.0,0.0
2017-09-26 00:00:00-04:00,61.44122567214027,62.04497737777017,61.31859108100197,61.71480178833008,1197300,0.0,0.0
2017-09-27 00:00:00-04:00,61.94123668934308,62.62988785626039,61.94123668934308,62.51668167114258,1510500,0.0,0.0
2017-09-28 00:00:00-04:00,62.45063987572016,62.54498195191256,61.56388337728881,61.837459564208984,940000,0.0,0.0
2017-09-29 00:00:00-04:00,61.7620001239551,62.43178724363735,61.74312882633518,62.29971694946289,794500,0.0,0.0
2017-10-02 00:00:00-04:00,62.26195935814909,63.054380840736066,61.93178374040452,63.044952392578125,889500,0.0,0.0
2017-10-03 00:00:00-04:00,63.01665489255664,63.10155411272663,62.32799669625912,62.53553771972656,1013100,0.0,0.0
2017-10-04 00:00:00-04:00,62.46950630867257,63.25249941748378,62.33743604902843,63.15815734863281,661000,0.0,0.0
2017-10-05 00:00:00-04:00,63.11097374906888,63.27134370023469,62.75249127318403,63.073238372802734,1070600,0.0,0.0
2017-10-06 00:00:00-04:00,62.98835510166726,63.21476744238644,62.72421456811795,63.19589614868164,642200,0.0,0.0
2017-10-09 00:00:00-04:00,63.20531534944127,63.54492657486309,62.96003897612821,63.309085845947266,623300,0.0,0.0
2017-10-10 00:00:00-04:00,63.45059324670847,63.56379219304264,63.139281749713426,63.356258392333984,1086500,0.0,0.0
2017-10-11 00:00:00-04:00,63.346811354070105,63.38454672849037,62.9600291642274,63.177005767822266,880800,0.0,0.0
2017-10-12 00:00:00-04:00,63.10154485293528,63.761896014984444,63.10154485293528,63.309085845947266,982000,0.0,0.0
2017-10-13 00:00:00-04:00,63.72419153761637,63.818526424818074,63.34684479151903,63.39400863647461,860600,0.0,0.0
2017-10-16 00:00:00-04:00,63.67699304010504,63.941133489298,63.205311610178335,63.931697845458984,518700,0.0,0.0
2017-10-17 00:00:00-04:00,63.912826470584925,64.32790838474332,63.912826470584925,64.07319641113281,885200,0.0,0.0
2017-10-18 00:00:00-04:00,64.18640253243599,64.280737368212,63.74302088727346,64.07319641113281,984600,0.0,0.0
2017-10-19 00:00:00-04:00,63.86568061833613,64.52603912353516,63.6487111302899,64.52603912353516,680400,0.0,0.0
2017-10-20 00:00:00-04:00,64.81848117609911,64.9316873451291,64.44113447662211,64.69584655761719,810400,0.0,0.0
2017-10-23 00:00:00-04:00,64.73358848342812,64.94112235166993,64.43171253282412,64.61094665527344,1178400,0.0,0.0
2017-10-24 00:00:00-04:00,64.69582780824368,65.15807360256336,64.69582780824368,64.83733367919922,889500,0.0,0.0
2017-10-25 00:00:00-04:00,64.8090406093,65.13922344458217,63.98831933732998,64.62980651855469,987100,0.0,0.0
2017-10-26 00:00:00-04:00,65.02602442137459,65.38449983950042,64.64867770912691,65.30903625488281,843300,0.0,0.0
2017-10-27 00:00:00-04:00,65.18640245950525,65.48827842700679,64.85622674462712,65.27130889892578,1006300,0.0,0.0
2017-10-30 00:00:00-04:00,66.28069405313326,66.28069405313326,63.78078037484228,63.799644470214844,1634500,0.0,0.0
2017-10-31 00:00:00-04:00,63.91283311905688,64.12980974147045,63.48832271526222,63.66755676269531,1406400,0.0,0.0
2017-11-01 00:00:00-04:00,64.09207717852051,64.12037691371135,63.12984299830587,63.44115447998047,1860900,0.0,0.0
2017-11-02 00:00:00-04:00,63.95059080958731,64.62981345047449,63.17703329019688,64.50717163085938,3550300,0.0,0.0
2017-11-03 00:00:00-04:00,64.88450381283981,65.1958153197507,63.66756471996946,63.82794189453125,2380600,0.0,0.0
2017-11-06 00:00:00-05:00,63.91285570728769,64.86565453823899,63.79022108440878,64.66754913330078,1500000,0.0,0.0
2017-11-07 00:00:00-05:00,64.70528644227237,64.9882983162185,64.41284611720803,64.67698669433594,1352000,0.0,0.0
2017-11-08 00:00:00-05:00,64.38453920925618,64.71471489394818,63.70531654515255,64.19586944580078,1322200,0.0,0.0
2017-11-09 00:00:00-05:00,63.86567937414391,64.71470760869414,63.771344503035955,64.15812683105469,1284000,0.0,0.0
2017-11-10 00:00:00-05:00,64.00717148255568,64.46941728944903,63.84680151651134,64.36565399169922,1039700,0.0,0.0
2017-11-13 00:00:00-05:00,64.27132330229288,65.08261611744564,64.17698843484725,64.98828125,1953500,0.0,0.0
2017-11-14 00:00:00-05:00,64.74299804148367,65.5637264164253,64.74299804148367,65.55429077148438,1927400,0.0,0.0
2017-11-15 00:00:00-05:00,65.10149013408308,65.50713655863748,64.75244319290718,64.92224884033203,1813800,0.0,0.0
2017-11-16 00:00:00-05:00,65.3090280547137,66.44106085202934,65.09205138329557,66.14862060546875,1985100,0.0,0.0
2017-11-17 00:00:00-05:00,65.98823800493031,66.44105540510742,65.7429688105691,66.28068542480469,2939400,0.0,0.0
2017-11-20 00:00:00-05:00,66.3938875837071,66.93160422391439,66.2335175956585,66.65803527832031,1761800,0.0,0.0
2017-11-21 00:00:00-05:00,66.79955447946385,67.20520099552265,66.224102277676,66.36560821533203,1473700,0.0,0.0
2017-11-22 00:00:00-05:00,66.441051562877,66.57312179752273,66.08257623987974,66.26181030273438,1000200,0.0,0.0
2017-11-24 00:00:00-05:00,66.33728106461422,66.54482206113978,66.12974006808865,66.26181030273438,280800,0.0,0.0
2017-11-27 00:00:00-05:00,66.33729228631915,66.79010973690941,66.25239306280866,66.60143280029297,911500,0.0,0.0
2017-11-28 00:00:00-05:00,66.80898080646875,67.95044940232765,66.7618097680679,67.92214965820312,1510600,0.0,0.0
2017-11-29 00:00:00-05:00,68.0070218988828,68.0070218988828,67.23346467824416,67.62024688720703,1357400,0.0,0.0
2017-11-30 00:00:00-05:00,67.71461036123047,68.92211412379584,67.71461036123047,68.57307434082031,1569700,0.0,0.0
2017-12-01 00:00:00-05:00,68.48815912390455,68.66740041473736,66.57313319635752,68.00704193115234,1321700,0.0,0.0
2017-12-04 00:00:00-05:00,68.49759461718251,68.8089061645796,67.6768661369418,67.72403717041016,988900,0.0,0.0
2017-12-05 00:00:00-05:00,67.72400368014684,67.96958786955244,66.93058781543377,67.11005401611328,1117600,0.09,0.0
2017-12-06 00:00:00-05:00,67.13839156429393,67.59177001497689,66.94947787124224,67.1006088256836,729300,0.0,0.0
2017-12-07 00:00:00-05:00,67.06285349393671,67.49734435604003,66.8172691957658,67.440673828125,1103600,0.0,0.0
2017-12-08 00:00:00-05:00,67.72401230181754,67.92237349956866,67.39342231610101,67.76179504394531,865500,0.0,0.0
2017-12-11 00:00:00-05:00,67.84683591289571,68.10186051921892,67.63903434890872,67.92240142822266,953500,0.0,0.0
2017-12-12 00:00:00-05:00,67.93184154517542,68.27187915698293,67.81850047878902,68.13019561767578,1060900,0.0,0.0
2017-12-13 00:00:00-05:00,68.05463983835556,68.29077667720298,67.7051547225846,67.73348999023438,740800,0.0,0.0
2017-12-14 00:00:00-05:00,67.96016218914329,68.13962844740583,67.00617478947612,67.02506256103516,807000,0.0,0.0
2017-12-15 00:00:00-05:00,67.22343015248092,67.45012669485861,67.10064159676939,67.27066040039062,3172300,0.0,0.0
2017-12-18 00:00:00-05:00,67.43123258013844,68.25299134259389,67.43123258013844,67.5351333618164,1240200,0.0,0.0
2017-12-19 00:00:00-05:00,67.82792724287897,68.3096482979692,67.37454865505981,68.0640640258789,1519700,0.0,0.0
2017-12-20 00:00:00-05:00,68.13965789442145,68.64026692978737,68.04520458316244,68.46080780029297,1553000,0.0,0.0
2017-12-21 00:00:00-05:00,68.76305165234515,68.88584021658585,68.3096657424207,68.59303283691406,681600,0.0,0.0
2017-12-22 00:00:00-05:00,68.848046757688,68.89527700153867,68.25298459931602,68.57412719726562,565500,0.0,0.0
2017-12-26 00:00:00-05:00,68.67802735222101,68.67802735222101,68.33798977725395,68.5174560546875,235500,0.0,0.0
2017-12-27 00:00:00-05:00,68.66858642590306,68.87638798672585,68.43244959884518,68.64025115966797,507500,0.0,0.0
2017-12-28 00:00:00-05:00,68.86693771987322,68.88582549251747,68.0546265760334,68.82915496826172,570400,0.0,0.0
2017-12-29 00:00:00-05:00,68.95196397687789,69.00863451795813,68.35690167655997,68.45135498046875,886600,0.0,0.0
2018-01-02 00:00:00-05:00,68.84804107799576,69.22586137866217,68.13963071661729,68.71580505371094,791800,0.0,0.0
2018-01-03 00:00:00-05:00,68.41354813034741,69.3203125,68.41354813034741,69.3203125,1118500,0.0,0.0
2018-01-04 00:00:00-05:00,69.58480989776943,70.36878602189383,69.51869186358576,69.87762451171875,1166500,0.0,0.0
2018-01-05 00:00:00-05:00,70.00986065693614,70.17987948878438,69.44312641322516,69.69815826416016,2135000,0.0,0.0
2018-01-08 00:00:00-05:00,69.64146832885285,70.21763549187993,69.1408522588076,70.16096496582031,1642300,0.0,0.0
2018-01-09 00:00:00-05:00,70.07595827637518,70.23652956902987,69.66035520708239,69.89649200439453,1166500,0.0,0.0
2018-01-10 00:00:00-05:00,69.69814469374617,69.83038073651196,69.38644236165946,69.63202667236328,789000,0.0,0.0
2018-01-11 00:00:00-05:00,69.66980975232137,70.44433823769005,69.53757370894066,70.43489074707031,930400,0.0,0.0
2018-01-12 00:00:00-05:00,70.73713805243914,71.2377469070832,70.46321850424607,71.02994537353516,738700,0.0,0.0
2018-01-16 00:00:00-05:00,71.26607631773204,71.42665480267559,70.45376522946714,70.75602722167969,773300,0.0,0.0
2018-01-17 00:00:00-05:00,71.19996197514814,71.91781983097589,70.8882668906918,71.81391906738281,1297600,0.0,0.0
2018-01-18 00:00:00-05:00,72.1255963858849,72.20116186166621,71.59665246805656,71.85167694091797,1174100,0.0,0.0
2018-01-19 00:00:00-05:00,72.17287380799709,73.03240823656924,72.17287380799709,72.71126556396484,1649700,0.0,0.0
2018-01-22 00:00:00-05:00,72.54124062762784,72.67347668242805,71.88005314730229,72.25787353515625,792300,0.0,0.0
2018-01-23 00:00:00-05:00,72.23896411462314,73.08905072468892,72.11616838172564,72.7301254272461,823500,0.0,0.0
2018-01-24 00:00:00-05:00,72.85292297289568,73.06072450999632,71.88004050949112,72.63568115234375,806900,0.0,0.0
2018-01-25 00:00:00-05:00,73.07963849139935,73.24020982770155,72.14453133130395,72.71126556396484,695200,0.0,0.0
2018-01-26 00:00:00-05:00,73.07960140030679,73.75966916295052,72.52231494272418,73.75022888183594,775300,0.0,0.0
2018-01-29 00:00:00-05:00,73.42909179936775,73.82580707039989,73.17406724528959,73.19295501708984,1029700,0.0,0.0
2018-01-30 00:00:00-05:00,73.04186065060718,73.58025244285359,72.30511474609375,72.30511474609375,1638400,0.0,0.0
2018-01-31 00:00:00-05:00,72.48455033677253,72.95682393824858,71.71946940840479,72.06895446777344,1612100,0.0,0.0
2018-02-01 00:00:00-05:00,73.02294938818949,74.15641047091619,71.9272782685101,73.58968353271484,1625800,0.0,0.0
2018-02-02 00:00:00-05:00,73.52355751765343,74.02417363414185,72.88127227919628,72.96627807617188,1949800,0.0,0.0
2018-02-05 00:00:00-05:00,72.52231761093167,73.1646098601051,69.78312986574136,69.8020248413086,2557600,0.0,0.0
2018-02-06 00:00:00-05:00,68.39464690201831,71.14327473074404,67.61067121783093,70.56710052490234,2698900,0.0,0.0
2018-02-07 00:00:00-05:00,70.13263610691028,70.84104657263664,69.99095257250022,70.0476303100586,1569100,0.0,0.0
2018-02-08 00:00:00-05:00,70.01928695081669,70.35932454656222,68.0168513384528,68.05463409423828,1594500,0.0,0.0
2018-02-09 00:00:00-05:00,68.69692710456148,68.87638618813884,67.2139881576153,68.290771484375,2040000,0.0,0.0
2018-02-12 00:00:00-05:00,68.99917505713765,70.20819430636412,68.61190725051061,69.89649200439453,1739800,0.0,0.0
2018-02-13 00:00:00-05:00,69.76424595842556,70.42542601344537,69.43365593091566,70.2931900024414,981300,0.0,0.0
2018-02-14 00:00:00-05:00,69.94370329618647,70.71823149327055,69.7453420986229,70.56710052490234,902200,0.0,0.0
2018-02-15 00:00:00-05:00,71.17164189156544,71.662810552629,70.41600832994187,71.63446807861328,1162000,0.0,0.0
2018-02-16 00:00:00-05:00,71.37000752298768,72.67348769835047,71.237771448143,72.30511474609375,1390600,0.0,0.0
2018-02-20 00:00:00-05:00,71.91781860362245,72.78680024218639,71.445545034013,71.52111053466797,1143800,0.0,0.0
2018-02-21 00:00:00-05:00,71.61555638226129,72.83402293028244,71.61555638226129,72.11616516113281,1261500,0.0,0.0
2018-02-22 00:00:00-05:00,72.24839521477617,72.86235218226814,72.05948870461931,72.22950744628906,744600,0.0,0.0
2018-02-23 00:00:00-05:00,72.62622174917335,72.77735273548208,71.6911221919348,72.50343322753906,1006000,0.0,0.0
2018-02-26 00:00:00-05:00,72.9096117024404,74.26031469100269,72.68291515159721,74.0525131225586,1271600,0.0,0.0
2018-02-27 00:00:00-05:00,74.00525072112598,74.71366092051069,73.36295851876432,73.37240600585938,1054100,0.0,0.0
2018-02-28 00:00:00-05:00,73.56133129066208,73.69356731846916,71.51166565332912,71.54000091552734,1494100,0.0,0.0
2018-03-01 00:00:00-05:00,71.54945969940515,71.67224825708782,69.64147727820365,70.06652069091797,985400,0.0,0.0
2018-03-02 00:00:00-05:00,69.48088514862856,70.55766830918503,69.13140731969877,70.38764953613281,997200,0.0,0.0
2018-03-05 00:00:00-05:00,69.868156372441,71.30386492172822,69.52811880960293,71.02994537353516,935100,0.0,0.0
2018-03-06 00:00:00-05:00,71.34163397027076,71.9083607307007,70.6332237181529,71.88947296142578,1074000,0.0,0.0
2018-03-07 00:00:00-05:00,71.10551214563571,72.42787966843738,70.17041243431935,72.27674865722656,1322200,0.0,0.0
2018-03-08 00:00:00-05:00,72.4940044316659,72.9946133418304,72.11618407479635,72.96627807617188,849000,0.0,0.0
2018-03-09 00:00:00-05:00,73.48576076201607,74.43974806007465,73.2685117774519,74.42086029052734,778900,0.0,0.0
2018-03-12 00:00:00-04:00,74.4397627602296,74.49644049270776,73.77858260067823,74.0052719116211,969000,0.0,0.0
2018-03-13 00:00:00-04:00,74.16585115839281,74.92149188431698,73.79747828624389,74.03361511230469,807500,0.0,0.0
2018-03-14 00:00:00-04:00,74.57200451173945,74.62868224856474,73.75025299417284,73.86359405517578,766100,0.0,0.0
2018-03-15 00:00:00-04:00,74.1474646170694,74.35563884627739,73.63649347789921,73.76896667480469,612400,0.14,0.0
2018-03-16 00:00:00-04:00,73.75948955102648,74.59218632459735,73.55132257688031,74.45024871826172,1433900,0.0,0.0
2018-03-19 00:00:00-04:00,74.14747123298098,74.2988660918466,73.02144173956503,73.6838150024414,830500,0.0,0.0
2018-03-20 00:00:00-04:00,73.99607589730154,74.71522139537416,73.87306711206178,74.21371459960938,982700,0.0,0.0
2018-03-21 00:00:00-04:00,74.37455168776182,74.89498719915507,73.92981719970703,73.92981719970703,998700,0.0,0.0
2018-03-22 00:00:00-04:00,73.23907894609927,73.65542021402581,72.02789122258882,72.08466339111328,1226200,0.0,0.0
2018-03-23 00:00:00-04:00,72.29281713318105,72.69023663864466,70.52334378374127,70.59904479980469,931600,0.0,0.0
2018-03-26 00:00:00-04:00,71.63992296890608,72.79433842961197,70.94917091077728,72.661865234375,924200,0.0,0.0
2018-03-27 00:00:00-04:00,72.74702667418464,72.8700426603398,70.8829374252932,71.03433227539062,1164000,0.0,0.0
2018-03-28 00:00:00-04:00,71.00594946933147,71.52637786341761,70.51389994049734,70.92078399658203,1230500,0.0,0.0
2018-03-29 00:00:00-04:00,71.43174162814678,72.44421935904842,71.27088236698647,71.88594055175781,852000,0.0,0.0
2018-04-02 00:00:00-04:00,71.8859513324585,71.8859513324585,69.56765586053086,70.64637756347656,841300,0.0,0.0
2018-04-03 00:00:00-04:00,70.84507097446682,71.60205949319854,70.40033651984815,71.564208984375,982000,0.0,0.0
2018-04-04 00:00:00-04:00,70.4382159852373,71.81026320270767,69.91778029902477,71.60208892822266,883200,0.0,0.0
2018-04-05 00:00:00-04:00,71.95218003535771,72.6145459722029,71.81970684798867,72.30229187011719,867500,0.0,0.0
2018-04-06 00:00:00-04:00,71.3560676500879,71.7818733936465,68.8106759664069,69.58659362792969,1201400,0.0,0.0
2018-04-09 00:00:00-04:00,70.23948051460961,70.83560981279825,69.29323940807397,69.42571258544922,1077300,0.0,0.0
2018-04-10 00:00:00-04:00,70.58014864357689,70.9681111162522,70.08810624964069,70.52337646484375,969600,0.0,0.0
2018-04-11 00:00:00-04:00,69.89885123604687,70.50444512348268,69.66229089816574,70.08809661865234,858000,0.0,0.0
2018-04-12 00:00:00-04:00,71.11003875732422,71.66831768749343,70.7315407742145,71.11003875732422,1229500,0.0,0.0
2018-04-13 00:00:00-04:00,71.49796544073585,71.70613960938314,70.59903940620875,70.91130065917969,679700,0.0,0.0
2018-04-16 00:00:00-04:00,71.61154393430665,72.04681407852732,71.22358152489893,71.53584289550781,646600,0.0,0.0
2018-04-17 00:00:00-04:00,71.82917557701403,72.50100598720753,71.61153691660736,72.2739028930664,935200,0.0,0.0
2018-04-18 00:00:00-04:00,72.64292729980957,73.04981126846481,72.30228713975214,72.84164428710938,750300,0.0,0.0
2018-04-19 00:00:00-04:00,72.72810148732493,72.98358344285755,72.03734221322205,72.41584014892578,641600,0.0,0.0
2018-04-20 00:00:00-04:00,71.96166123895325,72.21714324006213,71.27090184162356,71.73455810546875,1349700,0.0,0.0
2018-04-23 00:00:00-04:00,71.7818708017766,71.95219453689987,70.53283248395556,70.80724334716797,1225000,0.0,0.0
2018-04-24 00:00:00-04:00,70.92079380933119,71.19520469621668,67.04120530711265,67.95906066894531,1736800,0.0,0.0
2018-04-25 00:00:00-04:00,67.46700310931737,68.17668403731476,66.77624382959758,68.0820541381836,2431200,0.0,0.0
2018-04-26 00:00:00-04:00,68.18615817303372,68.29024531251028,67.21153061179821,67.65626525878906,1452800,0.0,0.0
2018-04-27 00:00:00-04:00,67.68462479380972,67.68462479380972,66.52075228245485,67.13580322265625,1931800,0.0,0.0
2018-04-30 00:00:00-04:00,67.25884881529484,67.44809423114772,66.0381963910691,66.04766082763672,1861200,0.0,0.0
2018-05-01 00:00:00-04:00,65.99086628101078,66.02871679934374,64.88376569195258,65.53667449951172,3139500,0.0,0.0
2018-05-02 00:00:00-04:00,66.3409794369938,68.470022404242,66.2085062299049,66.37882995605469,2751400,0.0,0.0
2018-05-03 00:00:00-04:00,66.24633059507998,67.23987925599627,65.7637456916375,66.22740173339844,4585800,0.0,0.0
2018-05-04 00:00:00-04:00,65.96249215732901,67.80766735957297,65.83948336487923,67.65626525878906,3295700,0.0,0.0
2018-05-07 00:00:00-04:00,67.78874697565665,68.97154896395223,67.65627373050758,68.88639068603516,1849900,0.0,0.0
2018-05-08 00:00:00-04:00,68.97151868998014,69.58657689777374,68.7444228292977,69.50141143798828,1748000,0.0,0.0
2018-05-09 00:00:00-04:00,69.81366912004584,71.01539939282421,69.44463565845169,70.77883911132812,1879500,0.0,0.0
2018-05-10 00:00:00-04:00,71.16679348571179,71.16679348571179,70.27732452629208,70.67475128173828,1788800,0.0,0.0
2018-05-11 00:00:00-04:00,70.76937028627569,71.11948208008857,70.29624975264842,70.78829193115234,1374500,0.0,0.0
2018-05-14 00:00:00-04:00,70.98701012467414,70.98701012467414,70.06916224453222,70.25840759277344,1078600,0.0,0.0
2018-05-15 00:00:00-04:00,70.02184729784827,70.54228283438255,69.73797205623917,70.25840759277344,1316800,0.0,0.0
2018-05-16 00:00:00-04:00,70.38141628722416,71.11949047092938,70.09754826510425,70.89238739013672,1189900,0.0,0.0
2018-05-17 00:00:00-04:00,70.93024548828195,71.6399264483399,70.66529908494,71.28035736083984,1264400,0.0,0.0
2018-05-18 00:00:00-04:00,71.33711969571254,72.00895004566512,71.15733156711711,71.47905731201172,1187100,0.0,0.0
2018-05-21 00:00:00-04:00,71.9143530390339,72.56726197546922,71.9143530390339,72.14144897460938,1069700,0.0,0.0
2018-05-22 00:00:00-04:00,72.25498540305064,72.41584468955546,71.44121731699927,71.50745391845703,918500,0.0,0.0
2018-05-23 00:00:00-04:00,70.99647449735487,71.14787655121664,70.22055701943148,70.89238739013672,1024200,0.0,0.0
2018-05-24 00:00:00-04:00,70.87349392118252,72.02790977349012,70.75047789869883,71.97113037109375,1332300,0.0,0.0
2018-05-25 00:00:00-04:00,71.6683114403624,71.9805727906526,70.87347224243966,71.05325317382812,1126100,0.0,0.0
2018-05-29 00:00:00-04:00,70.40037133629636,70.58961675475886,69.26487716777144,69.65283966064453,1153900,0.0,0.0
2018-05-30 00:00:00-04:00,70.11647966203778,71.01541323853402,69.92723428764293,70.69368743896484,1414400,0.0,0.0
2018-05-31 00:00:00-04:00,70.76936724628452,70.86398990509605,69.02828000331874,69.1039810180664,2477400,0.0,0.0
2018-06-01 00:00:00-04:00,69.80419456251279,70.62742682164073,69.56763431532903,70.22054290771484,1238900,0.0,0.0
2018-06-04 00:00:00-04:00,70.57068230482426,70.80724264463454,70.22057040297553,70.70315551757812,895100,0.0,0.0
2018-06-05 00:00:00-04:00,70.70316426711406,71.63047687114633,70.70316426711406,71.54531860351562,1569100,0.0,0.0
2018-06-06 00:00:00-04:00,71.58314004481963,71.87647247314453,71.10055506657011,71.87647247314453,1245200,0.0,0.0
2018-06-07 00:00:00-04:00,71.9143357312198,72.1035810954449,71.31820633658761,71.70616149902344,831400,0.0,0.0
2018-06-08 00:00:00-04:00,71.69671706415762,71.80080420928992,71.23306073900005,71.67779541015625,608300,0.0,0.0
2018-06-11 00:00:00-04:00,71.67778019636458,72.02789208470199,71.38444769647954,71.55477142333984,1557400,0.0,0.0
2018-06-12 00:00:00-04:00,71.6966988670519,71.92380197292746,71.41283081357953,71.77239990234375,654100,0.0,0.0
2018-06-13 00:00:00-04:00,71.93325893500447,72.11304708837854,71.22357797494654,71.28035736083984,1010000,0.0,0.0
2018-06-14 00:00:00-04:00,71.34671415556475,71.66903173256284,70.64518666558735,70.94854736328125,887300,0.14,0.0
2018-06-15 00:00:00-04:00,70.66416467445552,71.26140413130008,70.29444397745304,71.18556213378906,1503800,0.0,0.0
2018-06-18 00:00:00-04:00,70.52195483858095,71.11919422853254,70.19963723429633,70.99595642089844,838800,0.0,0.0
2018-06-19 00:00:00-04:00,70.14275088257884,70.3323558517583,68.91035113001755,69.56446838378906,1209700,0.0,0.0
2018-06-20 00:00:00-04:00,70.03845403346222,70.03845403346222,69.2895308490343,69.49809265136719,771200,0.0,0.0
2018-06-21 00:00:00-04:00,69.12837521119488,69.12837521119488,68.12349437200932,68.72073364257812,1495600,0.0,0.0
2018-06-22 00:00:00-04:00,69.28954043683328,69.53602325848674,68.91034499759952,69.2042236328125,1444800,0.0,0.0
2018-06-25 00:00:00-04:00,68.9766921265131,69.09992989813266,67.97180414743528,68.73020935058594,1310500,0.0,0.0
2018-06-26 00:00:00-04:00,68.8724325416237,69.27059214177164,68.48374776574812,68.5311508178711,1060000,0.0,0.0
2018-06-27 00:00:00-04:00,68.90087964661626,69.85836499800646,67.76327858772835,67.79171752929688,1468400,0.0,0.0
2018-06-28 00:00:00-04:00,67.84858050072576,68.30362516388624,67.34614002293138,67.9813003540039,894600,0.0,0.0
2018-06-29 00:00:00-04:00,68.40789794921875,69.2042169742178,68.25621400196825,68.40789794921875,1282500,0.0,0.0
2018-07-02 00:00:00-04:00,67.74430033431953,68.20881982594643,67.10913999620055,68.17090606689453,1244100,0.0,0.0
2018-07-03 00:00:00-04:00,68.6638626252668,69.00514430896197,67.70637749975039,67.84857940673828,532300,0.0,0.0
2018-07-05 00:00:00-04:00,68.31310129192785,68.37946121983435,67.59262414114004,68.23726654052734,961200,0.0,0.0
2018-07-06 00:00:00-04:00,68.08558708917553,68.47427185890605,67.87702523543624,68.15194702148438,613100,0.0,0.0
2018-07-09 00:00:00-04:00,68.19933106562974,69.2990106706502,68.19933106562974,69.23265075683594,769700,0.0,0.0
2018-07-10 00:00:00-04:00,69.63080451666087,69.8867693293979,69.3274439023453,69.55496978759766,1442100,0.0,0.0
2018-07-11 00:00:00-04:00,68.85345652317339,69.13786032135822,68.06661951588156,68.31309509277344,976400,0.0,0.0
2018-07-12 00:00:00-04:00,68.89136737314143,69.49808863613575,68.40789111314432,69.40328979492188,824200,0.0,0.0
2018-07-13 00:00:00-04:00,69.29904306751273,70.06693069513258,69.29904306751273,69.86784362792969,550200,0.0,0.0
2018-07-16 00:00:00-04:00,69.91521473446528,70.057416617751,68.98616869866177,69.17577362060547,515400,0.0,0.0
2018-07-17 00:00:00-04:00,69.06201993223907,69.5549855627367,68.87242221754872,69.37486267089844,804200,0.0,0.0
2018-07-18 00:00:00-04:00,69.53603596542153,70.01951964129204,69.2800782738964,69.92472076416016,733600,0.0,0.0
2018-07-19 00:00:00-04:00,69.64979243361238,69.94367109500128,69.46018746441788,69.81095123291016,639800,0.0,0.0
2018-07-20 00:00:00-04:00,69.50758997414555,70.18067133599706,69.38435216964541,69.74459075927734,763100,0.0,0.0
2018-07-23 00:00:00-04:00,69.63082631435788,69.63082631435788,68.86294610113964,68.92930603027344,809600,0.0,0.0
2018-07-24 00:00:00-04:00,69.41277608760569,70.04793631848202,69.31797724060284,69.621337890625,1025300,0.0,0.0
2018-07-25 00:00:00-04:00,69.55499920487942,71.50788353343721,69.46967515365132,71.40360260009766,1580300,0.0,0.0
2018-07-26 00:00:00-04:00,71.26139519246706,73.1289625589402,71.26139519246706,73.0910415649414,1446900,0.0,0.0
2018-07-27 00:00:00-04:00,73.18584171566206,73.41336768364067,72.43692557730891,72.85404205322266,948100,0.0,0.0
2018-07-30 00:00:00-04:00,72.93934335020235,73.6977413088557,71.92498056557896,72.11457824707031,2009100,0.0,0.0
2018-07-31 00:00:00-04:00,72.44638986075931,73.95371844037322,71.30878911714397,73.754638671875,1946300,0.0,0.0
2018-08-01 00:00:00-04:00,73.8020339988626,73.83995498775916,72.51274930713579,72.82559204101562,2060000,0.0,0.0
2018-08-02 00:00:00-04:00,72.44637492107087,73.15737704738187,72.10509332182657,72.7686996459961,1225500,0.0,0.0
2018-08-03 00:00:00-04:00,72.85403988072756,73.10052272234255,71.99136078411006,72.5886001586914,1013400,0.0,0.0
2018-08-06 00:00:00-04:00,72.7497372228942,72.80662231254338,72.1524980267365,72.35157775878906,794900,0.0,0.0
2018-08-07 00:00:00-04:00,72.59809799854526,73.56505822942754,72.58861593992823,73.46077728271484,1075500,0.0,0.0
2018-08-08 00:00:00-04:00,73.4891940336637,73.52711502398893,73.01519250363243,73.15739440917969,724400,0.0,0.0
2018-08-09 00:00:00-04:00,73.23323802396104,73.51764184140174,72.50327883380785,72.67391967773438,1295100,0.0,0.0
2018-08-10 00:00:00-04:00,72.24733687044404,72.35161782107383,71.64061528461174,71.93449401855469,1453000,0.0,0.0
2018-08-13 00:00:00-04:00,72.04823922940497,72.48431980944962,71.35619374915997,71.72592163085938,1313400,0.0,0.0
2018-08-14 00:00:00-04:00,71.8491550586711,72.18095469363156,71.65955010105827,71.87759399414062,990500,0.0,0.0
2018-08-15 00:00:00-04:00,71.37514546425402,71.56474316779514,70.62622223969566,71.19502258300781,1165200,0.0,0.0
2018-08-16 00:00:00-04:00,71.56474092934397,72.23782215835726,71.3656611770461,71.79226684570312,876700,0.0,0.0
2018-08-17 00:00:00-04:00,71.79226584231927,72.49378599290073,71.58370403824921,72.34210205078125,1422600,0.0,0.0
2018-08-20 00:00:00-04:00,72.41793775041411,72.83506132243113,72.33262096487672,72.59806060791016,960200,0.0,0.0
2018-08-21 00:00:00-04:00,72.75924553809227,73.13844826430771,72.62652566882043,72.99624633789062,1455800,0.0,0.0
2018-08-22 00:00:00-04:00,72.76872400238912,72.86352287108981,71.98187965006218,72.16200256347656,564800,0.0,0.0
2018-08-23 00:00:00-04:00,72.16199144189265,72.3421070948576,71.69746476127882,71.88706970214844,867800,0.0,0.0
2018-08-24 00:00:00-04:00,72.15254606841785,72.29474803819208,71.6880263843351,72.24734497070312,764300,0.0,0.0
2018-08-27 00:00:00-04:00,72.58860393638307,73.3564842054772,72.50328712101276,73.0531234741211,637400,0.0,0.0
2018-08-28 00:00:00-04:00,73.36595226791951,73.78307590622641,73.21427554751908,73.30907440185547,751800,0.0,0.0
2018-08-29 00:00:00-04:00,73.56503840205038,73.56503840205038,73.02467692958353,73.29959869384766,736800,0.0,0.0
2018-08-30 00:00:00-04:00,73.19529956357488,73.3469834920587,72.32313867285633,72.47481536865234,743400,0.0,0.0
2018-08-31 00:00:00-04:00,72.25679276481688,73.02467291168072,72.16199390748751,72.95831298828125,852300,0.0,0.0
2018-09-04 00:00:00-04:00,72.74975369301441,72.91091971203834,71.98187351944122,72.73079681396484,1163000,0.0,0.0
2018-09-05 00:00:00-04:00,72.58859961507066,74.07696424478976,72.44639769856198,73.94424438476562,1515200,0.0,0.0
2018-09-06 00:00:00-04:00,74.06746279523776,74.78794701293161,74.01058493660257,74.21914672851562,1306800,0.0,0.0
2018-09-07 00:00:00-04:00,74.06747726514182,74.6268028375144,73.57451885105988,74.02955627441406,1273400,0.0,0.0
2018-09-10 00:00:00-04:00,74.47510979045201,75.59375356606043,74.30446896933586,75.25247192382812,1449100,0.0,0.0
2018-09-11 00:00:00-04:00,74.98705270200887,76.03933684705757,74.79745495248446,75.35677337646484,1529300,0.0,0.0
2018-09-12 00:00:00-04:00,75.30936106737303,75.74544158195715,74.89223743051477,75.59375762939453,1127400,0.0,0.0
2018-09-13 00:00:00-04:00,75.87865066146425,76.79033318680729,75.812174037077,76.62889099121094,1012800,0.14,0.0
2018-09-14 00:00:00-04:00,76.53392997855586,77.09423925230182,76.34399880684423,76.76185607910156,721900,0.0,0.0
2018-09-17 00:00:00-04:00,76.79984469149804,77.07524996559806,76.3914861465097,76.72386932373047,839200,0.0,0.0
2018-09-18 00:00:00-04:00,76.92330473917394,77.43612764021768,76.3440051979251,77.39813995361328,1230500,0.0,0.0
2018-09-19 00:00:00-04:00,77.54060522670696,77.54060522670696,76.85684124172292,76.88533020019531,1474400,0.0,0.0
2018-09-20 00:00:00-04:00,77.22720177823894,77.40764148477982,76.42948206694152,77.2841796875,940900,0.0,0.0
2018-09-21 00:00:00-04:00,77.47412980006123,77.7970143284023,77.1702354958648,77.42664337158203,1507200,0.0,0.0
2018-09-24 00:00:00-04:00,77.26517187867306,77.26517187867306,76.39147699029593,76.48644256591797,929500,0.0,0.0
2018-09-25 00:00:00-04:00,76.287040166969,76.35351681839448,75.72673075174436,76.01163482666016,1317900,0.0,0.0
2018-09-26 00:00:00-04:00,75.96413367975406,76.22054874657601,75.29936729430858,75.39433288574219,987800,0.0,0.0
2018-09-27 00:00:00-04:00,75.48931751493606,75.8027105665712,74.93851404754912,74.95750427246094,652100,0.0,0.0
2018-09-28 00:00:00-04:00,74.8530201779237,75.61275939141625,74.75805458758967,75.13792419433594,959200,0.0,0.0
2018-10-01 00:00:00-04:00,75.66025449428598,75.93565983602888,75.31837250077146,75.6982421875,1034600,0.0,0.0
2018-10-02 00:00:00-04:00,75.80268440486948,76.144566298585,75.5557680937617,75.66973114013672,687700,0.0,0.0
2018-10-03 00:00:00-04:00,75.9166592921775,76.02112362296248,75.51779219035728,75.80269622802734,1071800,0.0,0.0
2018-10-04 00:00:00-04:00,75.64125268518842,76.27753014689493,74.95748880288448,75.26138305664062,813400,0.0,0.0
2018-10-05 00:00:00-04:00,75.27088896400052,75.43233121676217,74.15976892664918,74.69158935546875,805700,0.0,0.0
2018-10-08 00:00:00-04:00,74.45415887192885,74.52063550838285,73.30505858727544,73.9983139038086,1048000,0.0,0.0
2018-10-09 00:00:00-04:00,73.88434736133932,73.99830315275553,72.89668944508173,72.93467712402344,1036100,0.0,0.0
2018-10-10 00:00:00-04:00,72.64978343442264,72.83971461059703,70.3990620451655,70.44654846191406,1623800,0.0,0.0
2018-10-11 00:00:00-04:00,70.26610431156186,70.38006735727694,68.04387926068904,68.23381042480469,1716500,0.0,0.0
2018-10-12 00:00:00-04:00,69.45890134513331,69.6773287530034,68.12936116629075,69.13601684570312,1427300,0.0,0.0
2018-10-15 00:00:00-04:00,69.03154276039203,69.45889153644507,68.46173473177458,68.62318420410156,1433300,0.0,0.0
2018-10-16 00:00:00-04:00,69.11700314325194,69.90523122965072,68.12934516368165,69.76277923583984,2508400,0.0,0.0
2018-10-17 00:00:00-04:00,69.63932064343737,69.97170377933564,69.05052248455401,69.62032318115234,1646500,0.0,0.0
2018-10-18 00:00:00-04:00,69.28794377242374,69.45888471513948,67.54055390947124,67.68299865722656,1375100,0.0,0.0
2018-10-19 00:00:00-04:00,67.7874870950486,67.90145017922215,66.57190984551164,67.05624389648438,1586900,0.0,0.0
2018-10-22 00:00:00-04:00,67.30313997445975,67.4076042920673,66.73333197099682,66.9517593383789,1527800,0.0,0.0
2018-10-23 00:00:00-04:00,65.71720021367702,65.71720021367702,63.941320893816275,64.58709716796875,1712600,0.0,0.0
2018-10-24 00:00:00-04:00,64.24521074224057,64.75803368143572,61.93751113856789,62.089454650878906,2277600,0.0,0.0
2018-10-25 00:00:00-04:00,62.649757556707584,63.66590459666627,62.45981912912969,63.086605072021484,1553600,0.0,0.0
2018-10-26 00:00:00-04:00,62.09896986546832,64.27371675601103,62.004004239393986,63.37153244018555,1649900,0.0,0.0
2018-10-29 00:00:00-04:00,64.27368767507063,64.5585916698003,61.643104071426215,62.39333724975586,1520900,0.0,0.0
2018-10-30 00:00:00-04:00,62.21291485879868,63.25755093243203,61.90902059655242,63.03912353515625,1690800,0.0,0.0
2018-10-31 00:00:00-04:00,63.817851385863534,64.65356601950283,63.580433773199736,63.703895568847656,1919200,0.0,0.0
2018-11-01 00:00:00-04:00,66.30598600624396,68.32878131841494,66.30598600624396,68.02488708496094,2780100,0.0,0.0
2018-11-02 00:00:00-04:00,68.8131137461624,69.5253665195782,68.0438830694045,68.97455596923828,2742500,0.0,0.0
2018-11-05 00:00:00-05:00,69.31643198242156,70.10466005683483,68.72764104355659,69.81026458740234,2659200,0.0,0.0
2018-11-06 00:00:00-05:00,69.54437591661588,71.14931418120693,69.34493872987963,70.88340759277344,2348700,0.0,0.0
2018-11-07 00:00:00-05:00,71.26326249654434,71.74759639399329,70.40855774969609,71.45319366455078,1938600,0.0,0.0
2018-11-08 00:00:00-05:00,71.31072549114803,71.63361709801231,70.9498534556249,71.19676971435547,1695500,0.0,0.0
2018-11-09 00:00:00-05:00,70.7504664742153,71.16832389675605,69.54438788471684,70.7029800415039,1556800,0.0,0.0
2018-11-12 00:00:00-05:00,70.78843494613987,70.82642263290958,68.97456094129058,69.07902526855469,1931700,0.0,0.0
2018-11-13 00:00:00-05:00,69.08853752329371,70.03820814217059,68.90809778717531,69.14551544189453,1678100,0.0,0.0
2018-11-14 00:00:00-05:00,70.0571714309476,70.87388842880289,69.14548885679943,69.29743957519531,1568300,0.0,0.0
2018-11-15 00:00:00-05:00,68.75615347378928,70.93090003573288,68.61370143349552,70.6554946899414,1587500,0.0,0.0
2018-11-16 00:00:00-05:00,70.21863977098243,71.1778017686086,70.1426643913454,70.63648986816406,1526900,0.0,0.0
2018-11-19 00:00:00-05:00,70.50352664619702,70.65547738406904,68.71814894866053,68.9460678100586,1304900,0.0,0.0
2018-11-20 00:00:00-05:00,68.35728715771647,68.70866061274566,67.2366756552814,67.65452575683594,1840300,0.0,0.0
2018-11-21 00:00:00-05:00,68.20533463479565,69.21198304057617,68.15784821189959,68.61369323730469,1521100,0.0,0.0
2018-11-23 00:00:00-05:00,67.84447704869247,68.6232067319825,67.76850165388065,68.05340576171875,324600,0.0,0.0
2018-11-26 00:00:00-05:00,68.68014169134787,69.0220235087186,68.10084234777014,68.5281982421875,3050800,0.0,0.0
2018-11-27 00:00:00-05:00,68.21483164497192,68.60419277032078,66.94226944670072,67.7874755859375,2139800,0.0,0.0
2018-11-28 00:00:00-05:00,68.13885508309312,70.21863569614679,67.85395104869296,70.20913696289062,1350800,0.0,0.0
2018-11-29 00:00:00-05:00,69.74381793267841,70.01922330278289,69.16451823097803,69.5348892211914,1230700,0.0,0.0
2018-11-30 00:00:00-05:00,69.39241677779262,70.13315854055702,69.13600895430119,69.73429870605469,1486600,0.0,0.0
2018-12-03 00:00:00-05:00,70.9023924660401,72.47884149404021,70.9023924660401,72.26041412353516,1928300,0.0,0.0
2018-12-04 00:00:00-05:00,72.06095884775843,72.17492185904038,68.37624176119616,68.45221710205078,2118600,0.0,0.0
2018-12-06 00:00:00-05:00,67.26285258125723,68.18582679059999,65.40738694384869,68.02406311035156,2967800,0.14,0.0
2018-12-07 00:00:00-05:00,67.92888264168896,69.24197512347534,67.25330560152662,67.4150619506836,1619300,0.0,0.0
2018-12-10 00:00:00-05:00,67.38654660018254,67.61490903029465,65.88314547796365,67.2723617553711,1517400,0.0,0.0
2018-12-11 00:00:00-05:00,68.52837127240193,68.97558620786565,66.74903600940118,67.30091857910156,1729700,0.0,0.0
2018-12-12 00:00:00-05:00,68.36661127347807,70.28868294778496,68.24291646652206,69.08976745605469,1950200,0.0,0.0
2018-12-13 00:00:00-05:00,69.08024368798631,69.62260895862156,67.98599592877197,68.29048156738281,1685800,0.0,0.0
2018-12-14 00:00:00-05:00,67.41509179167765,68.36661039779734,66.68242565915027,66.9773941040039,1207600,0.0,0.0
2018-12-17 00:00:00-05:00,66.93935140071012,67.34850480731842,65.43594983600872,65.81655883789062,1514600,0.0,0.0
2018-12-18 00:00:00-05:00,66.43500636138351,67.06301191398198,65.28367010779473,65.53106689453125,1755700,0.0,0.0
2018-12-19 00:00:00-05:00,65.70234074574547,66.84415978850734,63.91348171670785,64.60809326171875,1992400,0.0,0.0
2018-12-20 00:00:00-05:00,64.33215028757542,64.55099542255502,62.08656660804116,62.90487289428711,2272300,0.0,0.0
2018-12-21 00:00:00-05:00,63.17131122994224,64.26555893251914,62.03900191707024,62.048519134521484,2620500,0.0,0.0
2018-12-24 00:00:00-05:00,61.62034649110305,61.84870892215259,60.25015738578421,60.27870178222656,695400,0.0,0.0
2018-12-26 00:00:00-05:00,60.697377555366195,63.13326305661499,60.07888896057716,63.03811264038086,1297900,0.0,0.0
2018-12-27 00:00:00-05:00,61.91530039573244,64.05621674034215,61.56323598341779,64.04669952392578,1385300,0.0,0.0
2018-12-28 00:00:00-05:00,64.41783274008826,64.55104481797036,63.33310167189753,63.49486541748047,820400,0.0,0.0
2018-12-31 00:00:00-05:00,63.8088523030626,64.45588541697059,63.65661306070866,64.4178237915039,819500,0.0,0.0
2019-01-02 00:00:00-05:00,63.504363213335054,64.28460834551552,62.97151500389836,64.21800231933594,1045300,0.0,0.0
2019-01-03 00:00:00-05:00,63.57096006800886,63.989630606170934,62.24834969646378,62.39107894897461,1575900,0.0,0.0
2019-01-04 00:00:00-05:00,63.42825147070882,64.79843370945827,63.07618687476285,64.75086212158203,1444000,0.0,0.0
2019-01-07 00:00:00-05:00,64.79841840779058,65.36932814407947,64.28459746727722,64.64617919921875,1470100,0.0,0.0
2019-01-08 00:00:00-05:00,65.6928371643047,65.6928371643047,64.25604221735054,65.59768676757812,1352700,0.0,0.0
2019-01-09 00:00:00-05:00,66.23521079750932,66.50163484588113,65.77847867207846,66.03539276123047,1464200,0.0,0.0
2019-01-10 00:00:00-05:00,65.57865649790143,67.19624238303763,65.5120504900112,67.17720794677734,1014000,0.0,0.0
2019-01-11 00:00:00-05:00,66.6253201547899,67.23429865506627,66.59677576217739,67.12963104248047,875700,0.0,0.0
2019-01-14 00:00:00-05:00,66.73001383525035,67.04401679567202,66.38746647106537,66.80613708496094,717000,0.0,0.0
2019-01-15 00:00:00-05:00,66.73000614815182,67.01546467192621,66.15909636011484,66.49212646484375,887400,0.0,0.0
2019-01-16 00:00:00-05:00,66.35890552226144,66.98691128652625,66.2066663203102,66.87272644042969,1202100,0.0,0.0
2019-01-17 00:00:00-05:00,66.73949829989373,68.00501948202863,66.54919752853154,67.77665710449219,974400,0.0,0.0
2019-01-18 00:00:00-05:00,68.29998529619797,69.1373260816371,68.11919448852201,68.85186767578125,947700,0.0,0.0
2019-01-22 00:00:00-05:00,68.25240831254916,68.25240831254916,66.48258375966861,67.35797882080078,1637600,0.0,0.0
2019-01-23 00:00:00-05:00,67.51974759081455,67.9479352442638,66.57774636844148,67.28186798095703,1057800,0.0,0.0
2019-01-24 00:00:00-05:00,67.28185834487864,67.7861618840289,67.03446155339621,67.74810028076172,1004500,0.0,0.0
2019-01-25 00:00:00-05:00,68.67107086587022,69.099258437228,67.54827903222233,67.8622817993164,1211800,0.0,0.0
2019-01-28 00:00:00-05:00,66.76805824465988,67.27236193981594,66.14005974525203,66.74903106689453,2027600,0.0,0.0
2019-01-29 00:00:00-05:00,67.35799747517287,68.3095160032705,67.29139146858644,68.29048156738281,1481500,0.0,0.0
2019-01-30 00:00:00-05:00,68.83284486210883,69.37521737668503,67.79569318081971,69.07072448730469,758100,0.0,0.0
2019-01-31 00:00:00-05:00,69.23251060369674,69.41329424101194,68.60450470493505,69.36572265625,1003700,0.0,0.0
2019-02-01 00:00:00-05:00,69.64164741622368,70.20303989565603,69.13734372873068,69.85098266601562,1000200,0.0,0.0
2019-02-04 00:00:00-05:00,69.77485016577192,70.12690734863281,69.2419948936016,70.12690734863281,1605400,0.0,0.0
2019-02-05 00:00:00-05:00,71.46856345955037,72.62941732659898,70.45043883606708,71.26874542236328,3157600,0.0,0.0
2019-02-06 00:00:00-05:00,71.12602942377829,72.45815717926989,70.94523853096156,71.00233459472656,2137500,0.0,0.0
2019-02-07 00:00:00-05:00,70.55508725948096,71.46854400634766,70.4599368761736,71.46854400634766,1903800,0.0,0.0
2019-02-08 00:00:00-05:00,70.80251022297432,72.13463060047151,70.80251022297432,72.0870590209961,1786000,0.0,0.0
2019-02-11 00:00:00-05:00,72.05850567602012,72.42959734361416,72.03947123898362,72.36299133300781,1450900,0.0,0.0
2019-02-12 00:00:00-05:00,72.85778788352475,74.1137922998121,72.73409306371653,73.5904541015625,1929400,0.0,0.0
2019-02-13 00:00:00-05:00,74.4182552150132,75.5315300309818,73.04806635873832,74.95110321044922,2595300,0.0,0.0
2019-02-14 00:00:00-05:00,74.76081095776145,74.97014619685203,74.10426084597921,74.1328125,1137200,0.0,0.0
2019-02-15 00:00:00-05:00,74.82740944119848,75.3792918779459,74.62759144020572,75.17947387695312,2697500,0.0,0.0
2019-02-19 00:00:00-05:00,74.75129099734666,75.60765909879488,74.67517503461463,75.20802307128906,878100,0.0,0.0
2019-02-20 00:00:00-05:00,75.36976429530424,76.04534142275148,75.00818995173643,75.940673828125,967200,0.0,0.0
2019-02-21 00:00:00-05:00,75.85506371129304,76.07390892326815,75.25560234912038,75.41736602783203,1076300,0.0,0.0
2019-02-22 00:00:00-05:00,75.53151793736932,75.88358231198899,75.24606681102293,75.55055236816406,1032300,0.0,0.0
2019-02-25 00:00:00-05:00,76.07390730117369,76.51161223481245,75.7218500738916,75.90263366699219,1156500,0.0,0.0
2019-02-26 00:00:00-05:00,75.60767356147723,75.95973808705926,75.20803745752664,75.29367065429688,996800,0.0,0.0
2019-02-27 00:00:00-05:00,75.11287819861795,75.91215031242484,74.88450851509263,75.77893829345703,1025000,0.0,0.0
2019-02-28 00:00:00-05:00,75.63620709020601,75.95020995225887,75.17948225404764,75.72184753417969,1376300,0.0,0.0
2019-03-01 00:00:00-05:00,76.08342534737811,76.17857575417848,75.20802998959768,75.71233367919922,2015700,0.0,0.0
2019-03-04 00:00:00-05:00,76.12148068985849,76.59723994417011,75.10335617601204,75.64572143554688,1792700,0.0,0.0
2019-03-05 00:00:00-05:00,75.702817213874,75.88360807025096,75.27463674925683,75.31269836425781,938900,0.0,0.0
2019-03-06 00:00:00-05:00,75.5029992169934,75.75039608486641,75.36978719417965,75.41736602783203,1023100,0.0,0.0
2019-03-07 00:00:00-05:00,75.36979473880082,75.37931195838615,74.26603683078338,75.1033706665039,1514600,0.0,0.0
2019-03-08 00:00:00-05:00,74.37070580992045,74.98918716340992,74.13282613257478,74.82743072509766,895600,0.0,0.0
2019-03-11 00:00:00-04:00,74.7703423987175,76.29277089146133,74.54197268017217,76.2071304321289,1506600,0.0,0.0
2019-03-12 00:00:00-04:00,76.5591623878119,76.74947040560741,76.18807082749638,76.25467681884766,968300,0.0,0.0
2019-03-13 00:00:00-04:00,76.69239592996126,77.49167531037536,76.42597188966012,77.15863800048828,1411000,0.0,0.0
2019-03-14 00:00:00-04:00,76.92031923419363,77.25393239695008,76.41514356084888,76.87266540527344,1124500,0.14,0.0
2019-03-15 00:00:00-04:00,76.93941859914757,77.30161839232291,76.74878138795053,77.02519989013672,1868500,0.0,0.0
2019-03-18 00:00:00-04:00,77.01569566595094,77.93073272705078,77.01569566595094,77.93073272705078,929500,0.0,0.0
2019-03-19 00:00:00-04:00,78.31197644514421,78.464478940115,77.04426627689858,77.29208374023438,1311600,0.0,0.0
2019-03-20 00:00:00-04:00,77.20629548646683,77.63521644145442,76.4247011810667,77.0728530883789,1110700,0.0,0.0
2019-03-21 00:00:00-04:00,76.77735766471365,78.32147858110237,76.77735766471365,78.29288482666016,809300,0.0,0.0
2019-03-22 00:00:00-04:00,78.30241721786902,78.45491966308072,75.6430890174059,75.69075012207031,1596000,0.0,0.0
2019-03-25 00:00:00-04:00,75.79562318534627,76.09110906822087,75.41436327671659,75.89094543457031,1131800,0.0,0.0
2019-03-26 00:00:00-04:00,76.4913984135968,76.9584466605676,76.15779252290338,76.87266540527344,889800,0.0,0.0
2019-03-27 00:00:00-04:00,76.95847078561683,77.18723541557407,76.35797999412596,76.90128326416016,924500,0.0,0.0
2019-03-28 00:00:00-04:00,77.25395861937163,78.46447391136415,77.25395861937163,78.37869262695312,903100,0.0,0.0
2019-03-29 00:00:00-04:00,78.87433287626239,79.22700622730822,78.73135680032136,79.08403015136719,1286500,0.0,0.0
2019-04-01 00:00:00-04:00,79.79889586771328,80.13250183263223,79.50341733765146,80.06578063964844,1188800,0.0,0.0
2019-04-02 00:00:00-04:00,80.06580452930136,80.0753382088764,79.50344105950904,79.79891967773438,1286900,0.0,0.0
2019-04-03 00:00:00-04:00,80.25640933793991,80.66627016642474,79.93233705461282,80.38032531738281,1498700,0.0,0.0
2019-04-04 00:00:00-04:00,80.6281547113162,80.77113079311182,79.6940578847739,80.07532501220703,979000,0.0,0.0
2019-04-05 00:00:00-04:00,80.14204525900253,80.37080262390992,79.95140806152509,80.34220886230469,644500,0.0,0.0
2019-04-08 00:00:00-04:00,80.12297666740078,80.69488097894647,79.6845220280637,80.65675354003906,755700,0.0,0.0
2019-04-09 00:00:00-04:00,80.22783617020927,80.22783617020927,79.51296295603998,79.63687896728516,642000,0.0,0.0
2019-04-10 00:00:00-04:00,79.86563654037568,80.18970890760725,79.53203049408835,80.10392761230469,560600,0.0,0.0
2019-04-11 00:00:00-04:00,80.18969785275769,80.89504456431717,80.02766169148,80.82832336425781,487900,0.0,0.0
2019-04-12 00:00:00-04:00,81.05708240910359,81.89586426613742,81.0189549694113,81.791015625,1260000,0.0,0.0
2019-04-15 00:00:00-04:00,81.90540290182497,82.17228772376006,81.3525659009217,81.60992431640625,661800,0.0,0.0
2019-04-16 00:00:00-04:00,81.98165988107137,82.21041726685279,81.41928918727878,81.88634490966797,690400,0.0,0.0
2019-04-17 00:00:00-04:00,82.66792974825785,82.66792974825785,81.68616456737193,81.73382568359375,601700,0.0,0.0
2019-04-18 00:00:00-04:00,82.16275234267862,82.50589204150353,81.75289143975252,82.43917083740234,954000,0.0,0.0
2019-04-22 00:00:00-04:00,81.99118311297093,82.66793610948264,81.69570453144179,82.5630874633789,456200,0.0,0.0
2019-04-23 00:00:00-04:00,82.46777297034168,83.4876584920105,82.37245799367541,83.20171356201172,753400,0.0,0.0
2019-04-24 00:00:00-04:00,83.20168759603818,83.65920225007956,83.00152402588705,83.02058410644531,700600,0.0,0.0
2019-04-25 00:00:00-04:00,82.4391746526342,82.84903557452839,81.46695030901357,81.88634490966797,1107100,0.0,0.0
2019-04-26 00:00:00-04:00,81.96257752232374,83.24934758092365,81.7052264194297,83.21122741699219,1048200,0.0,0.0
2019-04-29 00:00:00-04:00,83.67827914503324,83.85938265527844,83.01105989637817,83.34467315673828,1050000,0.0,0.0
2019-04-30 00:00:00-04:00,83.7450106097856,84.10721040261632,83.2970222539813,84.04048919677734,1689100,0.0,0.0
2019-05-01 00:00:00-04:00,84.35503267052306,84.60285740155274,82.27713439973375,82.31526184082031,1709100,0.0,0.0
2019-05-02 00:00:00-04:00,82.40103269691616,83.25888183259192,82.08649407388913,82.9443359375,973900,0.0,0.0
2019-05-03 00:00:00-04:00,83.44951779374433,83.61155394142921,83.02058959614551,83.25888061523438,1048800,0.0,0.0
2019-05-06 00:00:00-04:00,81.7624187514122,82.52495297210535,81.25724292083073,82.46775817871094,953300,0.0,0.0
2019-05-07 00:00:00-04:00,81.4859835863503,82.47727496136582,80.86642556795762,81.45738983154297,1461200,0.0,0.0
2019-05-08 00:00:00-04:00,81.40020353654411,82.0864827504155,80.91408788137457,81.4859848022461,947000,0.0,0.0
2019-05-09 00:00:00-04:00,80.48517031570923,81.5908367718819,80.02764839697502,81.44786071777344,608000,0.0,0.0
2019-05-10 00:00:00-04:00,80.89503933852693,81.82913607901577,79.58920191078975,81.57178497314453,749400,0.0,0.0
2019-05-13 00:00:00-04:00,79.84658223399742,80.53286179686296,79.26515861375215,80.17066192626953,1241600,0.0,0.0
2019-05-14 00:00:00-04:00,80.49471396856703,81.83867898428736,80.49471396856703,81.03801727294922,923400,0.0,0.0
2019-05-15 00:00:00-04:00,80.60907482312028,82.10554193118516,80.06577166342956,81.75286865234375,943100,0.0,0.0
2019-05-16 00:00:00-04:00,82.08648103236808,82.67743802033905,81.74334143261422,82.53446197509766,693800,0.0,0.0
2019-05-17 00:00:00-04:00,81.6671184838797,82.50590045988808,81.60993095226243,81.87681579589844,757900,0.0,0.0
2019-05-20 00:00:00-04:00,81.32394256499072,81.88631303991144,80.87595437447675,81.17144012451172,786400,0.0,0.0
2019-05-21 00:00:00-04:00,81.74336687528447,82.5440213425385,81.62898454907703,82.42011260986328,1090400,0.0,0.0
2019-05-22 00:00:00-04:00,82.08650335040474,82.3533881623165,81.58132021692522,81.60038757324219,1040500,0.0,0.0
2019-05-23 00:00:00-04:00,80.67581907830372,80.91411013353786,80.16110952635009,80.89505004882812,1224100,0.0,0.0
2019-05-24 00:00:00-04:00,81.33349858070872,81.6575709007823,80.47564939218253,80.5328369140625,1031600,0.0,0.0
2019-05-28 00:00:00-04:00,80.86642940432583,81.16191518616849,79.89420533443463,79.99905395507812,1544500,0.0,0.0
2019-05-29 00:00:00-04:00,79.51296876712588,79.98002453707169,79.02686018185206,79.484375,2141100,0.0,0.0
2019-05-30 00:00:00-04:00,79.73217161076221,80.3326623245405,79.39856565866316,79.88467407226562,521600,0.0,0.0
2019-05-31 00:00:00-04:00,78.3882018781888,78.96009879863765,77.9974084368399,78.05459594726562,1078900,0.0,0.0
2019-06-03 00:00:00-04:00,78.04507203788214,79.03636355100448,77.79725461365015,78.33102416992188,1372700,0.0,0.0
2019-06-04 00:00:00-04:00,79.0744979097675,79.87515958633831,78.34056470563758,79.7512435913086,1379000,0.0,0.0
2019-06-05 00:00:00-04:00,80.2182934446493,80.4756445496888,78.92198969822728,80.41845703125,1159900,0.0,0.0
2019-06-06 00:00:00-04:00,80.48513433721313,80.48513433721313,79.35086735960788,80.00855255126953,1153700,0.0,0.0
2019-06-07 00:00:00-04:00,80.14202652459481,82.03882074568152,80.03717790850854,81.75286865234375,973800,0.0,0.0
2019-06-10 00:00:00-04:00,82.24853820184997,83.03013254081954,82.16274964392866,82.42964172363281,1308800,0.0,0.0
2019-06-11 00:00:00-04:00,83.19215329430799,83.55436027077076,82.00069828660521,82.258056640625,890900,0.0,0.0
2019-06-12 00:00:00-04:00,82.08649934025667,82.79183877614655,81.34302519359584,81.51459503173828,1048300,0.0,0.0
2019-06-13 00:00:00-04:00,81.95377795234174,82.11608710940311,81.1422613029963,81.801025390625,729600,0.14,0.0
2019-06-14 00:00:00-04:00,81.47641839386229,81.47641839386229,80.67445101617092,81.14226531982422,737800,0.0,0.0
2019-06-17 00:00:00-04:00,81.33322005185181,81.54326122079567,80.56943530732708,80.62671661376953,1118300,0.0,0.0
2019-06-18 00:00:00-04:00,81.22819226059886,82.73666299100455,81.08498172320759,82.59345245361328,1325800,0.0,0.0
2019-06-19 00:00:00-04:00,82.91805517035922,83.02307574420094,81.82966675417276,82.87032318115234,882600,0.0,0.0
2019-06-20 00:00:00-04:00,83.06127700799578,84.7225005086381,82.85123583173235,84.56974792480469,1159100,0.0,0.0
2019-06-21 00:00:00-04:00,84.48379665992158,85.75358541531438,83.77730066533779,83.78684997558594,1715800,0.0,0.0
2019-06-24 00:00:00-04:00,83.7104627473125,84.43605729899322,83.50042164414265,83.87276458740234,650200,0.0,0.0
2019-06-25 00:00:00-04:00,84.12099662390321,84.14963726848922,83.52906326116629,83.59589385986328,573900,0.0,0.0
2019-06-26 00:00:00-04:00,83.71047294897568,84.13055520651015,83.4526998353003,83.85368347167969,706100,0.0,0.0
2019-06-27 00:00:00-04:00,84.14007152621093,85.15208690253083,83.84410854463921,84.26419067382812,671700,0.0,0.0
2019-06-28 00:00:00-04:00,84.77022310833918,86.75605729536672,84.39788010877027,86.72740936279297,4909400,0.0,0.0
2019-07-01 00:00:00-04:00,87.60575027098994,88.12130371748573,86.64147397565584,87.93990325927734,1684400,0.0,0.0
2019-07-02 00:00:00-04:00,87.9112681741048,87.95900015602766,86.62238811835891,87.09020233154297,1288300,0.0,0.0
2019-07-03 00:00:00-04:00,87.14748730538568,87.74897003173828,86.8801648865577,87.74897003173828,452100,0.0,0.0
2019-07-05 00:00:00-04:00,86.9660873413086,87.25250838259451,85.5912852815093,86.9660873413086,652200,0.0,0.0
2019-07-08 00:00:00-04:00,86.67013457462922,87.25251875286996,86.38372078329165,86.49828338623047,1025700,0.0,0.0
2019-07-09 00:00:00-04:00,85.85861188089667,86.4887280048097,85.77268265073262,86.27869415283203,1992600,0.0,0.0
2019-07-10 00:00:00-04:00,86.66058792491496,86.8801783939435,85.49582681664728,85.52446746826172,1500800,0.0,0.0
2019-07-11 00:00:00-04:00,85.59129279510582,85.93499516122482,84.88479672430131,85.53400421142578,1707800,0.0,0.0
2019-07-12 00:00:00-04:00,86.09728161782118,87.05200862299374,86.09728161782118,86.88015747070312,1154300,0.0,0.0
2019-07-15 00:00:00-04:00,87.0615681755764,87.14749011983615,86.54601465804836,86.86107635498047,1005500,0.0,0.0
2019-07-16 00:00:00-04:00,86.97563042501191,87.30024140082914,86.54600617783024,87.16658020019531,978200,0.0,0.0
2019-07-17 00:00:00-04:00,87.0997515896053,87.1474835714997,85.20938883404597,85.23802947998047,1028100,0.0,0.0
2019-07-18 00:00:00-04:00,85.25713645314326,85.38124835901594,84.49335182810674,84.875244140625,1630800,0.0,0.0
2019-07-19 00:00:00-04:00,85.18076823308061,85.61994190339887,84.64612329251771,84.69385528564453,1169600,0.0,0.0
2019-07-22 00:00:00-04:00,84.68430299748393,85.16166661592294,84.41698053659661,84.59838104248047,833100,0.0,0.0
2019-07-23 00:00:00-04:00,85.06616101565633,85.88722669070208,84.79883866266243,85.7344741821289,2048100,0.0,0.0
2019-07-24 00:00:00-04:00,85.17120522309433,86.03046108508741,84.81795356761111,85.9063491821289,764100,0.0,0.0
2019-07-25 00:00:00-04:00,85.79178310522455,85.80133241633344,84.88479521761452,85.1903076171875,970200,0.0,0.0
2019-07-26 00:00:00-04:00,85.04708698442425,85.38123999364227,84.57926548752975,85.23802947998047,1580400,0.0,0.0
2019-07-29 00:00:00-04:00,85.17118499054503,85.17118499054503,84.25464805014049,84.54106903076172,1606700,0.0,0.0
2019-07-30 00:00:00-04:00,84.9611653318281,87.96855725069753,84.27376063220194,86.64148712158203,1561900,0.0,0.0
2019-07-31 00:00:00-04:00,87.1761105066847,87.37660228068286,84.6460900605258,85.5530776977539,1271200,0.0,0.0
2019-08-01 00:00:00-04:00,85.25713079553438,86.58420084837955,84.14964389112257,84.32149505615234,1379200,0.0,0.0
2019-08-02 00:00:00-04:00,83.84414002846461,84.0446318606846,82.26883873646148,82.58390045166016,1662800,0.0,0.0
2019-08-05 00:00:00-04:00,81.1231515472618,81.1231515472618,79.64332183489232,80.27344512939453,1536500,0.0,0.0
2019-08-06 00:00:00-04:00,80.67442465652374,81.9346638982602,80.32117307425345,81.85828399658203,1072300,0.0,0.0
2019-08-07 00:00:00-04:00,80.74128316945391,81.74374969466021,80.01568842058069,81.4000473022461,1699600,0.0,0.0
2019-08-08 00:00:00-04:00,81.7437328054917,83.21401333948883,81.6387122470641,82.99442291259766,1113500,0.0,0.0
2019-08-09 00:00:00-04:00,82.63164924892106,82.79395113885685,81.40005017989623,81.46688079833984,1281300,0.0,0.0
2019-08-12 00:00:00-04:00,81.01813602654059,81.65780138594106,80.61715242369156,81.18998718261719,751100,0.0,0.0
2019-08-13 00:00:00-04:00,81.06588803110924,83.42405803787763,80.76991765336051,82.19245910644531,907200,0.0,0.0
2019-08-14 00:00:00-04:00,80.83673426271221,81.03722606091748,79.30917250210844,79.55740356445312,1178700,0.0,0.0
2019-08-15 00:00:00-04:00,79.66243182751039,80.78901010072555,79.36646147238447,80.51213836669922,1460300,0.0,0.0
2019-08-16 00:00:00-04:00,80.99903555807863,82.12561371464545,80.83673371548579,81.77236938476562,1261500,0.0,0.0
2019-08-19 00:00:00-04:00,82.78437535909818,83.27128815722328,82.43112375512683,82.77482604980469,982000,0.0,0.0
2019-08-20 00:00:00-04:00,82.80347658840361,83.16627022911823,82.10652266778008,82.30701446533203,1013200,0.0,0.0
2019-08-21 00:00:00-04:00,83.21401025486408,83.21401025486408,82.10652341940389,82.42158508300781,814400,0.0,0.0
2019-08-22 00:00:00-04:00,82.74618042866204,82.918031565664,81.41911059225363,81.88692474365234,718700,0.0,0.0
2019-08-23 00:00:00-04:00,81.42867441419526,81.80101739673164,79.46193893885035,79.83428192138672,1262200,0.0,0.0
2019-08-26 00:00:00-04:00,80.34032117956535,80.67447435025304,78.91777923349899,79.20419311523438,846600,0.0,0.0
2019-08-27 00:00:00-04:00,79.87246231075248,80.31163584564636,79.27097965410252,79.93929290771484,1106700,0.0,0.0
2019-08-28 00:00:00-04:00,79.45240210349756,80.43576999557168,79.09915040234858,80.30210876464844,840000,0.0,0.0
2019-08-29 00:00:00-04:00,81.2186308334866,82.44068030681404,81.04677967105059,82.2115478515625,640700,0.0,0.0
2019-08-30 00:00:00-04:00,82.94667581037233,83.22354750334434,81.58141596377993,82.03968811035156,1052000,0.0,0.0
2019-09-03 00:00:00-04:00,81.21864733756665,81.6578210010369,79.01322970814259,79.60515594482422,905400,0.0,0.0
2019-09-04 00:00:00-04:00,80.55987447795219,81.38094041153846,80.21617212045143,81.3141098022461,1284000,0.0,0.0
2019-09-05 00:00:00-04:00,82.36431916869854,84.38834362276735,82.36431916869854,84.33106231689453,1922200,0.0,0.0
2019-09-06 00:00:00-04:00,84.72248090929398,85.5149061513383,84.27375800635346,85.22848510742188,1685400,0.0,0.0
2019-09-09 00:00:00-04:00,85.73448899349835,85.92543148319871,85.2857661303145,85.70584106445312,775500,0.0,0.0
2019-09-10 00:00:00-04:00,85.92542698501263,85.92542698501263,83.74865066683051,84.39786529541016,1278400,0.0,0.0
2019-09-11 00:00:00-04:00,84.29284301670708,84.29284301670708,83.02305442916037,84.11144256591797,1274700,0.0,0.0
2019-09-12 00:00:00-04:00,84.53155888359694,86.04002981692588,83.74868276239951,85.75360870361328,2001000,0.0,0.0
2019-09-13 00:00:00-04:00,86.35601095341701,87.08273838753477,85.91615172352932,86.72893524169922,773900,0.14,0.0
2019-09-16 00:00:00-04:00,86.32731955834585,87.03491850519892,86.24126348030849,86.88192749023438,1480700,0.0,0.0
2019-09-17 00:00:00-04:00,86.62373568991809,86.76716976714616,86.07869203273964,86.4324951171875,1043100,0.0,0.0
2019-09-18 00:00:00-04:00,85.95439917275931,86.26995273051674,84.92168241756846,86.07870483398438,793700,0.0,0.0
2019-09-19 00:00:00-04:00,86.06913540318236,86.82454807014632,85.81095260422292,86.2603759765625,1040100,0.0,0.0
2019-09-20 00:00:00-04:00,86.71937303422729,87.15923223731377,85.25636133159247,85.94483184814453,2180300,0.0,0.0
2019-09-23 00:00:00-04:00,85.45716902560542,86.13608264208872,84.91212528869002,85.53366088867188,1041600,0.0,0.0
2019-09-24 00:00:00-04:00,85.81096197309043,87.05404772186255,85.45716614417361,85.94483184814453,1795500,0.0,0.0
2019-09-25 00:00:00-04:00,85.58145956863534,86.70979642236024,84.76867621616164,86.5472412109375,778200,0.0,0.0
2019-09-26 00:00:00-04:00,86.48032028321444,86.7289316013932,85.94483347748525,86.22213745117188,763100,0.0,0.0
2019-09-27 00:00:00-04:00,87.01579527605473,87.84770715392492,86.47075157548069,87.36959838867188,1380400,0.0,0.0
2019-09-30 00:00:00-04:00,87.19745149438809,87.9624209007885,86.84364849313685,87.79986572265625,1128400,0.0,0.0
2019-10-01 00:00:00-04:00,88.20150024689057,88.79435772382257,84.68261955150182,84.91211700439453,2164300,0.0,0.0
2019-10-02 00:00:00-04:00,83.52560768131333,83.82204010447762,81.45061719597071,82.5215835571289,1492100,0.0,0.0
2019-10-03 00:00:00-04:00,82.23472361931006,83.59255102585824,81.46018960345805,83.5638656616211,791500,0.0,0.0
2019-10-04 00:00:00-04:00,83.81246656938701,85.00773846200416,83.48734882100759,84.94080352783203,724700,0.0,0.0
2019-10-07 00:00:00-04:00,84.79737638697937,85.13205108525158,83.78378807353742,84.14714813232422,837600,0.0,0.0
2019-10-08 00:00:00-04:00,83.30567116686254,83.30567116686254,82.19645536588128,82.21558380126953,1029900,0.0,0.0
2019-10-09 00:00:00-04:00,82.9231728855055,83.49690185806351,82.49287068456722,83.12397766113281,861000,0.0,0.0
2019-10-10 00:00:00-04:00,83.0666252567719,84.44357363525897,82.93275537685456,84.09933471679688,675900,0.0,0.0
2019-10-11 00:00:00-04:00,84.96947840153751,86.12650057538166,84.54874041273611,84.63480377197266,1214600,0.0,0.0
2019-10-14 00:00:00-04:00,84.09932610786808,84.82605344971365,83.8411505931306,84.49137878417969,688800,0.0,0.0
2019-10-15 00:00:00-04:00,84.74000530595578,85.81096433587719,84.25233229319585,85.16073608398438,714700,0.0,0.0
2019-10-16 00:00:00-04:00,84.94078656516854,85.40933101080522,84.32880806198943,84.66348266601562,666600,0.0,0.0
2019-10-17 00:00:00-04:00,85.33283838572798,86.41336871235713,84.60611841734706,84.63480377197266,779200,0.0,0.0
2019-10-18 00:00:00-04:00,84.60612446284416,84.97904869034356,84.20450758330918,84.4818115234375,1299700,0.0,0.0
2019-10-21 00:00:00-04:00,84.93125324195785,85.41892629684364,84.17584040646398,84.3670883178711,2047900,0.0,0.0
2019-10-22 00:00:00-04:00,84.41487013742162,85.29458838653872,84.03238172182643,84.51049041748047,1883200,0.0,0.0
2019-10-23 00:00:00-04:00,84.60612552989801,85.1224765472861,84.19495172319237,85.10335540771484,928500,0.0,0.0
2019-10-24 00:00:00-04:00,85.44760694592054,85.59104104772273,84.80694289261373,85.2181167602539,406700,0.0,0.0
2019-10-25 00:00:00-04:00,85.34241061815652,86.7863010645932,84.95035794715723,86.02132415771484,898900,0.0,0.0
2019-10-28 00:00:00-04:00,86.51856152785945,87.20703199114577,86.43249816034836,86.44206237792969,1155200,0.0,0.0
2019-10-29 00:00:00-04:00,86.02131333047657,88.24930154312135,86.02131333047657,87.61819458007812,1444000,0.0,0.0
2019-10-30 00:00:00-04:00,87.61821467714725,87.61821467714725,86.48987763516251,87.31222534179688,1080400,0.0,0.0
2019-10-31 00:00:00-04:00,89.6931824226849,89.88442295764276,86.97752159505892,87.63731384277344,1998500,0.0,0.0
2019-11-01 00:00:00-04:00,88.43102561851262,90.07571411132812,87.82860373367818,90.07571411132812,1109500,0.0,0.0
2019-11-04 00:00:00-05:00,90.59207164693876,91.6247886140472,90.31476761158395,91.43354797363281,1758600,0.0,0.0
2019-11-05 00:00:00-05:00,91.33786974813874,92.62876888942397,91.32831282816743,92.0359115600586,1624400,0.0,0.0
2019-11-06 00:00:00-05:00,92.22717239539371,92.2558650476997,91.28051913938646,92.15068054199219,1198700,0.0,0.0
2019-11-07 00:00:00-05:00,92.88696782163572,93.03996612415868,91.83513002555249,91.98812103271484,1032200,0.0,0.0
2019-11-08 00:00:00-05:00,91.65344762941912,92.34192540954813,91.3665867512725,92.31324005126953,606100,0.0,0.0
2019-11-11 00:00:00-05:00,91.50999869071148,92.26541128267495,91.50999869071148,92.14110565185547,431000,0.0,0.0
2019-11-12 00:00:00-05:00,92.34190079239198,92.8200094238728,91.94985550816425,92.0359115600586,1456200,0.0,0.0
2019-11-13 00:00:00-05:00,91.39527264164556,92.38973974147041,91.15621826078461,91.84469604492188,954300,0.0,0.0
2019-11-14 00:00:00-05:00,91.61519637424499,93.25032742440428,91.59607523419659,92.75309753417969,1113800,0.0,0.0
2019-11-15 00:00:00-05:00,93.12600831424895,93.94835582930983,93.06863760703617,93.87185668945312,1325400,0.0,0.0
2019-11-18 00:00:00-05:00,93.5467515387193,93.8431766031025,92.77221047107558,93.09732818603516,897200,0.0,0.0
2019-11-19 00:00:00-05:00,93.79535058467309,94.88544500828577,93.35549150619869,94.83763122558594,1706700,0.0,0.0
2019-11-20 00:00:00-05:00,94.36910431626006,94.75158546743455,93.05908375787047,94.1778564453125,1367600,0.0,0.0
2019-11-21 00:00:00-05:00,94.17785687812841,94.4073543243202,93.01127039374808,93.58500671386719,1342900,0.0,0.0
2019-11-22 00:00:00-05:00,93.94838321131108,94.12050267847451,93.07822165638437,93.61370849609375,583900,0.0,0.0
2019-11-25 00:00:00-05:00,93.74755781282443,94.70377524384627,93.37463359835472,94.38822174072266,1150100,0.0,0.0
2019-11-26 00:00:00-05:00,94.43602251493436,94.93325230057746,93.93878543393224,94.91413116455078,1498100,0.0,0.0
2019-11-27 00:00:00-05:00,95.07671588762693,95.37314100795092,94.35955269043434,95.13408660888672,532900,0.0,0.0
2019-11-29 00:00:00-05:00,94.63686790883924,95.06716296011653,94.24481514603632,94.67511749267578,526200,0.0,0.0
2019-12-02 00:00:00-05:00,94.66554710478404,94.81854543016134,93.23122063349943,93.26947021484375,1153500,0.0,0.0
2019-12-03 00:00:00-05:00,92.29413265343132,93.02086017537208,91.65346852130469,92.62881469726562,1231700,0.0,0.0
2019-12-04 00:00:00-05:00,93.39376447183398,94.2256763498662,92.43754694114165,92.46623229980469,976000,0.0,0.0
2019-12-05 00:00:00-05:00,92.7343359245061,93.57703183016477,92.49493500693238,93.53872680664062,1088900,0.14,0.0
2019-12-06 00:00:00-05:00,94.49633491290366,94.76446278422324,94.29523900941398,94.3718490600586,1074800,0.0,0.0
2019-12-09 00:00:00-05:00,94.19949888061582,94.79320862664427,93.94094173462317,94.16119384765625,556400,0.0,0.0
2019-12-10 00:00:00-05:00,94.16119969747146,94.21865359751118,93.51960679389973,93.92179870605469,742100,0.0,0.0
2019-12-11 00:00:00-05:00,94.38144124223517,94.52508329328705,93.538752411836,94.48677825927734,822900,0.0,0.0
2019-12-12 00:00:00-05:00,94.60170017485447,95.60717999275948,94.08459313738672,95.09008026123047,761000,0.0,0.0
2019-12-13 00:00:00-05:00,94.63998870620016,95.24327649172844,93.58662594955851,94.38143157958984,851500,0.0,0.0
2019-12-16 00:00:00-05:00,95.17623604035354,95.56885708434156,94.80277116267251,95.05175018310547,870100,0.0,0.0
2019-12-17 00:00:00-05:00,95.38690661340418,95.81782536267917,94.82191662259879,94.9942855834961,1142500,0.0,0.0
2019-12-18 00:00:00-05:00,95.33904146674388,95.45395656430375,94.52507961702399,94.76448059082031,874900,0.0,0.0
2019-12-19 00:00:00-05:00,94.34314882276313,95.53058311802053,94.19951405844418,95.33905792236328,906300,0.0,0.0
2019-12-20 00:00:00-05:00,96.07639818649574,96.32536993282476,95.30073408249886,95.54971313476562,1536900,0.0,0.0
2019-12-23 00:00:00-05:00,95.85613467025092,96.08595752640224,95.1379318520833,95.89443969726562,466300,0.0,0.0
2019-12-24 00:00:00-05:00,95.84656811591852,95.89445123193073,95.23370222183851,95.48268127441406,180500,0.0,0.0
2019-12-26 00:00:00-05:00,95.89445507724552,95.89445507724552,95.02303931719443,95.82742309570312,621000,0.0,0.0
2019-12-27 00:00:00-05:00,96.08598175983016,96.60308879604058,95.38693493183476,95.71251678466797,339400,0.0,0.0
2019-12-30 00:00:00-05:00,95.86574365795377,95.96150260339212,95.30075345977086,95.69337463378906,460900,0.0,0.0
2019-12-31 00:00:00-05:00,95.64548517954422,96.17217030351489,95.33905219085368,95.51142120361328,641100,0.0,0.0
2020-01-02 00:00:00-05:00,95.90402243581532,96.5264663696289,95.22412461165924,96.5264663696289,1108200,0.0,0.0
2020-01-03 00:00:00-05:00,95.0805048702403,96.74673383423334,94.9847459285743,96.66055297851562,785500,0.0,0.0
2020-01-06 00:00:00-05:00,96.05722190498591,96.80415159945402,95.65503011657017,96.76585388183594,1157800,0.0,0.0
2020-01-07 00:00:00-05:00,96.23919920407464,97.46493111951469,96.05725211146014,97.3212890625,1265600,0.0,0.0
2020-01-08 00:00:00-05:00,97.23509386080042,97.97244559593925,96.71798691543117,97.5415267944336,874000,0.0,0.0
2020-01-09 00:00:00-05:00,97.50324877753481,97.64689085314487,96.68928675699703,97.06275177001953,764200,0.0,0.0
2020-01-10 00:00:00-05:00,97.30215940247938,97.30215940247938,96.32539906674435,96.48819732666016,840700,0.0,0.0
2020-01-13 00:00:00-05:00,96.12429533618898,96.71801249849614,95.74125954728306,96.55522155761719,1181900,0.0,0.0
2020-01-14 00:00:00-05:00,96.44986576762,97.2925545676534,96.1242766432389,96.56477355957031,1007400,0.0,0.0
2020-01-15 00:00:00-05:00,96.56477196339672,97.67559597347463,96.13385313883005,96.39241027832031,756600,0.0,0.0
2020-01-16 00:00:00-05:00,95.91360246098554,96.49773407181172,95.60716222379003,95.94232940673828,1642600,0.0,0.0
2020-01-17 00:00:00-05:00,96.2104613208423,97.74262604103255,95.94233340805121,97.46492004394531,1532600,0.0,0.0
2020-01-21 00:00:00-05:00,97.0627389162145,97.66602678675734,96.60308579632103,96.96697998046875,1176100,0.0,0.0
2020-01-22 00:00:00-05:00,97.46495101360662,97.96290927210663,95.98066893732623,96.01896667480469,1143500,0.0,0.0
2020-01-23 00:00:00-05:00,95.61675981840055,96.65097391215592,95.08050390575947,96.50733184814453,1012000,0.0,0.0
2020-01-24 00:00:00-05:00,96.87121926546946,96.93825124985413,94.99430909082167,95.34862518310547,826700,0.0,0.0
2020-01-27 00:00:00-05:00,93.5004346483784,94.56337545313673,93.02163274734986,93.6344985961914,1301500,0.0,0.0
2020-01-28 00:00:00-05:00,93.96011253089989,95.73167857191763,93.63452335302782,95.11881256103516,1120200,0.0,0.0
2020-01-29 00:00:00-05:00,95.76996868400337,96.07640164168355,95.02303880627906,95.40607452392578,939200,0.0,0.0
2020-01-30 00:00:00-05:00,94.4484853387993,95.24329845807908,93.82604854764055,95.11881256103516,1232700,0.0,0.0
2020-01-31 00:00:00-05:00,94.4676175718926,94.4676175718926,92.4470729428805,93.03121185302734,1285800,0.0,0.0
2020-02-03 00:00:00-05:00,93.49086873227598,94.63999782786281,93.16528690405285,93.57705688476562,1316900,0.0,0.0
2020-02-04 00:00:00-05:00,95.03261271279317,95.82742573435135,94.76448477924059,94.90812683105469,1633600,0.0,0.0
2020-02-05 00:00:00-05:00,93.84518865342825,97.16807558388244,92.60030057544617,95.78912353515625,2023400,0.0,0.0
2020-02-06 00:00:00-05:00,96.09556542609575,96.09556542609575,93.50045931462172,94.49636840820312,1755200,0.0,0.0
2020-02-07 00:00:00-05:00,94.1803526234254,95.67421984232291,93.91222467042654,94.13247680664062,1711000,0.0,0.0
2020-02-10 00:00:00-05:00,93.91223265979883,94.42933974426214,93.47173565583513,94.41976165771484,1407900,0.0,0.0
2020-02-11 00:00:00-05:00,94.80278392526591,96.60307658583032,94.60168798759152,95.9040298461914,1179800,0.0,0.0
2020-02-12 00:00:00-05:00,96.71799336946594,97.67559726421312,96.3924115521021,97.4553451538086,1049300,0.0,0.0
2020-02-13 00:00:00-05:00,96.89037180854358,97.51281586199853,96.67011967666679,97.13935089111328,1025900,0.0,0.0
2020-02-14 00:00:00-05:00,97.33085555197054,97.46491950762838,96.28707085350061,97.04357147216797,776800,0.0,0.0
2020-02-18 00:00:00-05:00,96.71798570318154,97.37873467608343,95.92317278011657,96.21045684814453,1757200,0.0,0.0
2020-02-19 00:00:00-05:00,96.66053871092686,96.66053871092686,95.88487459426467,95.92317962646484,901500,0.0,0.0
2020-02-20 00:00:00-05:00,95.54013407882282,96.86163208392973,94.86981429792631,96.28707122802734,1437200,0.0,0.0
2020-02-21 00:00:00-05:00,95.66462769610655,95.8944505783357,94.63041376716886,95.12836456298828,3049900,0.0,0.0
2020-02-24 00:00:00-05:00,92.21727356410406,92.38964258651309,90.34036318412177,91.31712341308594,2305600,0.0,0.0
2020-02-25 00:00:00-05:00,91.74801452260475,92.01614240825187,87.68777659865495,87.86014556884766,1668500,0.0,0.0
2020-02-26 00:00:00-05:00,88.2815209658991,89.55512881804133,87.18985291781195,87.24730682373047,1677800,0.0,0.0
2020-02-27 00:00:00-05:00,85.51400329790532,87.59200132964206,83.63709383692344,83.65625,1974500,0.0,0.0
2020-02-28 00:00:00-05:00,80.91752939446027,82.35393524169922,79.71094643711695,82.35393524169922,2982200,0.0,0.0
2020-03-02 00:00:00-05:00,82.8614706482671,86.59612760566591,82.42097369722148,86.20350646972656,3211400,0.0,0.0
2020-03-03 00:00:00-05:00,86.19394591841255,88.02296592553395,83.10088150272178,83.61798858642578,2258400,0.0,0.0
2020-03-04 00:00:00-05:00,85.0448020210735,87.41008487864723,83.91482910026274,87.15153503417969,1634700,0.0,0.0
2020-03-05 00:00:00-05:00,84.80541261182402,86.10775470862555,84.06806070548774,85.29379272460938,1935800,0.0,0.0
2020-03-06 00:00:00-05:00,82.36350943325587,85.13098398365058,82.21986739413393,84.76708984375,2763900,0.0,0.0
2020-03-09 00:00:00-04:00,76.59872895175826,81.13777640390441,71.56173802442937,73.02687072753906,3613200,0.0,0.0
2020-03-10 00:00:00-04:00,75.43048542648296,78.82040543217241,74.10899415888503,78.77252960205078,3053900,0.0,0.0
2020-03-11 00:00:00-04:00,76.04331148195179,76.79981195740402,73.20879816938445,73.97488403320312,2216300,0.0,0.0
2020-03-12 00:00:00-04:00,67.91833831353601,71.69051302016396,64.06937458396804,64.8084487915039,3500000,0.18,0.0
2020-03-13 00:00:00-04:00,68.61897647792753,71.7000627592747,64.76042194813759,71.60408020019531,2459700,0.0,0.0
2020-03-16 00:00:00-04:00,63.195892436805494,64.51087650464787,59.11657413908169,60.02842330932617,2898600,0.0,0.0
2020-03-17 00:00:00-04:00,61.46820135933124,64.08856245694949,57.83040410609605,63.25350570678711,3188200,0.0,0.0
2020-03-18 00:00:00-04:00,58.11833491328786,64.61645479644382,52.61844991502599,63.01352310180664,3772000,0.0,0.0
2020-03-19 00:00:00-04:00,62.20724528603869,67.3903841862004,59.35652218629979,66.23857879638672,3338000,0.0,0.0
2020-03-20 00:00:00-04:00,67.87031757472528,67.87031757472528,60.565931139203016,60.82508850097656,3217800,0.0,0.0
2020-03-23 00:00:00-04:00,59.990022872455945,60.37396048343983,54.41334902809229,55.87230682373047,2527100,0.0,0.0
2020-03-24 00:00:00-04:00,59.51970523558546,66.67051738552006,58.69424551672724,65.21156311035156,3162900,0.0,0.0
2020-03-25 00:00:00-04:00,65.41311546430256,71.49849922377632,62.96551986159937,68.1486587524414,3310200,0.0,0.0
2020-03-26 00:00:00-04:00,69.46364255901041,71.4505116130581,66.92006439418606,69.50203704833984,2367500,0.0,0.0
2020-03-27 00:00:00-04:00,65.98902295511873,70.68264160201367,65.15395922835192,68.15826416015625,2148100,0.0,0.0
2020-03-30 00:00:00-04:00,68.1198690378548,71.12416661886539,67.00645074579943,70.75942993164062,1410500,0.0,0.0
2020-03-31 00:00:00-04:00,70.08754118372272,70.7498333879435,67.73593518667938,69.12770080566406,2453600,0.0,0.0
2020-04-01 00:00:00-04:00,65.70107844816899,67.59196538045435,65.28834674557369,67.00646209716797,2119800,0.0,0.0
2020-04-02 00:00:00-04:00,66.52653918827946,68.80136368908151,65.85465380306441,68.23505401611328,1765500,0.0,0.0
2020-04-03 00:00:00-04:00,67.95670508305702,69.45405380410361,66.92007566556262,68.4270248413086,1802700,0.0,0.0
2020-04-06 00:00:00-04:00,72.41035728973748,73.2166196569209,71.42172291535755,72.4007568359375,1788700,0.0,0.0
2020-04-07 00:00:00-04:00,76.89280969082118,78.22698716834306,72.56392773695491,72.74629974365234,1623500,0.0,0.0
2020-04-08 00:00:00-04:00,72.20881302378365,74.61800770605579,72.20881302378365,74.12849426269531,1350200,0.0,0.0
2020-04-09 00:00:00-04:00,74.68517174833676,77.40152156753918,74.22445250306589,75.08831024169922,1537700,0.0,0.0
2020-04-13 00:00:00-04:00,73.89811509590238,74.32044724241123,72.2471883300968,73.87892150878906,968500,0.0,0.0
2020-04-14 00:00:00-04:00,75.72181969111232,77.7566842742449,74.33005383590982,74.94435119628906,1214000,0.0,0.0
2020-04-15 00:00:00-04:00,72.41996234275985,73.44699137841495,71.51771725804531,72.9958724975586,1224500,0.0,0.0
2020-04-16 00:00:00-04:00,72.96707719531122,74.30126233000345,70.17394493362333,72.94788360595703,1860300,0.0,0.0
2020-04-17 00:00:00-04:00,75.26108698599609,77.31514479357325,75.24188607770049,77.08477783203125,1829500,0.0,0.0
2020-04-20 00:00:00-04:00,75.51063771919463,76.73923218155795,74.06128407971951,74.6275863647461,2028200,0.0,0.0
2020-04-21 00:00:00-04:00,72.81349654125992,73.50458283142028,70.86502161500313,70.94181060791016,2503400,0.0,0.0
2020-04-22 00:00:00-04:00,72.73672498462668,73.51419358592928,71.0378102165572,72.8423080444336,1181400,0.0,0.0
2020-04-23 00:00:00-04:00,73.66776862590956,73.93652283162655,72.04563561182829,72.64073944091797,1370800,0.0,0.0
2020-04-24 00:00:00-04:00,73.52377579271447,74.19566849043332,72.23759312596921,73.96530151367188,1015400,0.0,0.0
2020-04-27 00:00:00-04:00,74.41642493232057,76.6240607783171,74.15727124681715,76.09614562988281,1134600,0.0,0.0
2020-04-28 00:00:00-04:00,77.95824172716361,79.08125328471242,76.92161229419484,77.51671600341797,1366200,0.0,0.0
2020-04-29 00:00:00-04:00,79.00446858476384,81.54804735418172,78.7069203754854,81.10652160644531,1427500,0.0,0.0
2020-04-30 00:00:00-04:00,79.96431535709777,81.23130461362679,79.15805279521675,80.5018310546875,1466500,0.0,0.0
2020-05-01 00:00:00-04:00,78.67809683058363,79.03323299287966,76.72002208157653,77.25753021240234,1210300,0.0,0.0
2020-05-04 00:00:00-04:00,76.48008995722095,76.72965053317246,75.1267113615242,76.47048950195312,2081600,0.0,0.0
2020-05-05 00:00:00-04:00,78.28457961582379,80.2618557925699,77.3247392288794,77.929443359375,2052800,0.0,0.0
2020-05-06 00:00:00-04:00,78.1118293874578,79.1580595029381,77.58392142425473,78.43817901611328,1303800,0.0,0.0
2020-05-07 00:00:00-04:00,79.6283669820641,80.7513786092732,79.23483618511982,79.96430969238281,1386500,0.0,0.0
2020-05-08 00:00:00-04:00,81.32726910389646,81.67280486310649,80.28103940414913,80.93373107910156,1128600,0.0,0.0
2020-05-11 00:00:00-04:00,80.25228421014741,80.57862654407427,79.23485537731236,79.89714050292969,921100,0.0,0.0
2020-05-12 00:00:00-04:00,80.1562757538846,80.39623585957088,77.38233751799133,77.57430267333984,1409900,0.0,0.0
2020-05-13 00:00:00-04:00,77.33434405862741,77.48792204426816,74.40682778361302,74.83876037597656,1604700,0.0,0.0
2020-05-14 00:00:00-04:00,73.37979697236821,75.92337554277823,72.19919735998624,75.58743286132812,1916900,0.0,0.0
2020-05-15 00:00:00-04:00,74.85794887948511,76.91200669844103,74.2628525330405,76.39369201660156,2751800,0.0,0.0
2020-05-18 00:00:00-04:00,79.66676979052878,80.58821588765892,79.19644994702543,79.9355239868164,1289400,0.0,0.0
2020-05-19 00:00:00-04:00,79.46519340585881,81.40406793352356,79.32121587072986,80.63619995117188,1556400,0.0,0.0
2020-05-20 00:00:00-04:00,81.72081173285724,82.40229754362348,81.32728097362656,81.42326354980469,1027000,0.0,0.0
2020-05-21 00:00:00-04:00,81.44245643033064,81.96077112480394,80.88574724111844,81.45205688476562,1004000,0.0,0.0
2020-05-22 00:00:00-04:00,81.49046160412328,82.54628471141305,81.06812943200657,82.45030212402344,1266400,0.0,0.0
2020-05-26 00:00:00-04:00,85.43541523378545,86.70240455329107,84.68674072539612,84.85951232910156,1963400,0.0,0.0
2020-05-27 00:00:00-04:00,86.38564162798578,88.14215143194185,85.90572139671919,88.00777435302734,1133300,0.0,0.0
2020-05-28 00:00:00-04:00,88.78524349834488,89.45712889832089,87.53744795781614,88.19013977050781,1545200,0.0,0.0
2020-05-29 00:00:00-04:00,87.82540428678637,88.43970161071174,86.29926143225354,88.02696990966797,1650200,0.0,0.0
2020-06-01 00:00:00-04:00,87.64302287501475,89.14037884951539,86.85595405525197,88.32450866699219,1075400,0.0,0.0
2020-06-02 00:00:00-04:00,88.64125568785441,90.0714157723049,87.82539284731557,89.20756530761719,1091800,0.0,0.0
2020-06-03 00:00:00-04:00,90.58015302793665,91.71276514094949,90.20581580883089,91.19445037841797,1409200,0.0,0.0
2020-06-04 00:00:00-04:00,90.38818020738753,90.88730137975378,89.73548835944847,90.42657470703125,786400,0.0,0.0
2020-06-05 00:00:00-04:00,93.69002865310813,93.81480527764862,91.88553120982243,93.09492492675781,1287100,0.0,0.0
2020-06-08 00:00:00-04:00,93.20049756699548,94.06435535629632,91.76073702582768,92.0966796875,1351900,0.0,0.0
2020-06-09 00:00:00-04:00,90.62813276740115,92.01990580196811,90.03303638013931,90.9832763671875,1054600,0.0,0.0
2020-06-10 00:00:00-04:00,91.01208113937811,91.06007609633282,88.91002798040113,89.40914916992188,924300,0.0,0.0
2020-06-11 00:00:00-04:00,86.66828843614228,86.96641268163584,84.46599755934265,84.71603393554688,1499900,0.18,0.0
2020-06-12 00:00:00-04:00,86.6105920137661,86.72599851172859,81.99444215296054,84.30252075195312,1757300,0.0,0.0
2020-06-15 00:00:00-04:00,82.06176452443027,85.81239150197617,81.39818997089787,84.89877319335938,1274400,0.0,0.0
2020-06-16 00:00:00-04:00,88.1108412130952,88.43781526289713,85.81238181113274,87.26454162597656,1159700,0.0,0.0
2020-06-17 00:00:00-04:00,87.89927141800933,88.07237749476899,86.29323618968235,86.53366088867188,740400,0.0,0.0
2020-06-18 00:00:00-04:00,86.0047174952578,86.89909760533499,85.48539930193759,85.78352355957031,788700,0.0,0.0
2020-06-19 00:00:00-04:00,87.56269136876858,87.61077191343104,84.6872062571424,85.13920593261719,1856800,0.0,0.0
2020-06-22 00:00:00-04:00,84.91801304567718,86.12974833753509,83.9851639690389,85.90856170654297,740000,0.0,0.0
2020-06-23 00:00:00-04:00,87.10104257911861,87.10104257911861,85.52385744994983,85.6681137084961,949100,0.0,0.0
2020-06-24 00:00:00-04:00,84.7929910540781,84.87954777123055,82.40798186834084,82.55223083496094,1875000,0.0,0.0
2020-06-25 00:00:00-04:00,82.27333918577311,83.9082242886163,81.29240225432326,83.80243682861328,1468700,0.0,0.0
2020-06-26 00:00:00-04:00,83.52354888759,83.54278697461598,81.80210695778469,82.504150390625,5586200,0.0,0.0
2020-06-29 00:00:00-04:00,83.90822888772243,84.76414032034769,82.85998061028397,84.73529052734375,1256600,0.0,0.0
2020-06-30 00:00:00-04:00,84.65837889572012,86.26441478919081,84.350635447048,85.94705963134766,1029400,0.0,0.0
2020-07-01 00:00:00-04:00,86.30286860840151,86.53368165759811,84.01402756606166,84.23521423339844,1138400,0.0,0.0
2020-07-02 00:00:00-04:00,85.51425791207461,86.63944377842776,85.14881499930122,85.55272674560547,1029600,0.0,0.0
2020-07-06 00:00:00-04:00,87.06258733437808,87.78386140243558,85.76429547931043,86.32208251953125,888300,0.0,0.0
2020-07-07 00:00:00-04:00,85.73545393465777,86.50480861225758,84.7833741276823,84.99494171142578,774800,0.0,0.0
2020-07-08 00:00:00-04:00,85.21612892797769,85.80276576693277,83.76396172522173,84.619873046875,964900,0.0,0.0
2020-07-09 00:00:00-04:00,84.47564041062189,84.62951577934051,82.47531197754991,82.95616149902344,1267900,0.0,0.0
2020-07-10 00:00:00-04:00,82.88882707524772,83.63895101195367,82.4560581860235,83.5716323852539,811400,0.0,0.0
2020-07-13 00:00:00-04:00,84.22557826269862,86.1585874668966,83.87936612581976,85.08148956298828,1749900,0.0,0.0
2020-07-14 00:00:00-04:00,85.36039882281882,88.36089477954056,85.19690442895651,88.27434539794922,1604600,0.0,0.0
2020-07-15 00:00:00-04:00,89.63995523619785,90.30352983729263,89.130255983778,89.64957427978516,1378600,0.0,0.0
2020-07-16 00:00:00-04:00,89.3033476655038,90.60163952733797,88.80326020022383,89.17832946777344,1135900,0.0,0.0
2020-07-17 00:00:00-04:00,89.69765118459922,90.12080103910888,89.2168017452674,89.38990783691406,2857800,0.0,0.0
2020-07-20 00:00:00-04:00,88.8128923344465,89.23604220018751,87.62038774766226,87.92813110351562,998000,0.0,0.0
2020-07-21 00:00:00-04:00,88.00506660011754,89.39952704183027,88.00506660011754,88.53399658203125,1242900,0.0,0.0
2020-07-22 00:00:00-04:00,88.48589763096675,90.12078245264507,88.47627858975349,90.03423309326172,1093400,0.0,0.0
2020-07-23 00:00:00-04:00,90.00538297459978,90.56317001352194,89.33219678085185,89.7457275390625,918100,0.0,0.0
2020-07-24 00:00:00-04:00,89.90923388760893,90.17850842297399,88.85136649702582,89.34183502197266,1011700,0.0,0.0
2020-07-27 00:00:00-04:00,89.08214968740516,90.26504233997217,88.63976915718713,89.48606872558594,1086600,0.0,0.0
2020-07-28 00:00:00-04:00,89.07255620995795,89.44761820009153,88.49553099081666,88.55323791503906,688500,0.0,0.0
2020-07-29 00:00:00-04:00,88.88981489798411,91.03440631814243,88.88981489798411,90.73627471923828,1382300,0.0,0.0
2020-07-30 00:00:00-04:00,89.63996839233506,90.50549901271114,88.7552070191424,90.30354309082031,839200,0.0,0.0
2020-07-31 00:00:00-04:00,89.74573201384463,89.94768788203868,87.97620973794662,89.67841339111328,1151800,0.0,0.0
2020-08-03 00:00:00-04:00,90.23621063069135,92.17883920364211,89.69765425094644,91.31330871582031,1333500,0.0,0.0
2020-08-04 00:00:00-04:00,89.56302234780948,92.3134819863151,89.56302234780948,90.87093353271484,1197100,0.0,0.0
2020-08-05 00:00:00-04:00,92.14036051519706,93.33287232077443,91.32291799522426,92.72699737548828,1003100,0.0,0.0
2020-08-06 00:00:00-04:00,92.81354825062252,93.80409678739916,92.45771707237553,93.78485870361328,826900,0.0,0.0
2020-08-07 00:00:00-04:00,93.81372710296648,95.06393122365715,92.90010878000555,94.0445327758789,1487500,0.0,0.0
2020-08-10 00:00:00-04:00,94.22725230859871,95.46783731252067,94.09260772545579,95.24665069580078,1711300,0.0,0.0
2020-08-11 00:00:00-04:00,96.1698671432226,97.78552120471589,95.42936239457838,95.44859313964844,1370700,0.0,0.0
2020-08-12 00:00:00-04:00,96.39106919183197,97.66051125165005,96.15064450370598,97.35276794433594,843300,0.0,0.0
2020-08-13 00:00:00-04:00,96.88153422273385,97.4585520303256,96.66034760946043,97.09310913085938,849700,0.0,0.0
2020-08-14 00:00:00-04:00,96.516094858209,98.12213013826795,96.516094858209,97.4008560180664,1007200,0.0,0.0
2020-08-17 00:00:00-04:00,97.40085174419308,98.0355764639655,97.29506429089768,97.5162582397461,906600,0.0,0.0
2020-08-18 00:00:00-04:00,97.46818285386553,97.90095176475378,97.42971401708564,97.68937683105469,967600,0.0,0.0
2020-08-19 00:00:00-04:00,97.59318914667655,97.6412696802769,96.9584644708487,97.14118957519531,684700,0.0,0.0
2020-08-20 00:00:00-04:00,96.23721189645057,96.74691115680434,95.79483126789484,96.32376861572266,637100,0.0,0.0
2020-08-21 00:00:00-04:00,96.15066697884795,96.84308407927223,96.00641066481673,96.40070343017578,636900,0.0,0.0
2020-08-24 00:00:00-04:00,96.98732767159746,97.10273417512091,95.94869115142632,96.93924713134766,678800,0.0,0.0
2020-08-25 00:00:00-04:00,97.53551412813002,97.70862024749017,96.42955877317245,97.0546646118164,568300,0.0,0.0
2020-08-26 00:00:00-04:00,96.63149042852206,97.32390734236299,96.14102202785317,97.14118957519531,627500,0.0,0.0
2020-08-27 00:00:00-04:00,97.61243512633297,97.67975375362255,96.63150550908769,97.04503631591797,586100,0.0,0.0
2020-08-28 00:00:00-04:00,97.29506208594897,98.07404307321414,96.81421270447782,98.02595520019531,696900,0.0,0.0
2020-08-31 00:00:00-04:00,97.88169207740852,97.88169207740852,96.52570073176275,96.84305572509766,657600,0.0,0.0
2020-09-01 00:00:00-04:00,96.57379403199135,98.29523580539573,96.3526074115512,98.11251068115234,533700,0.0,0.0
2020-09-02 00:00:00-04:00,98.07405258642574,99.96859316996245,97.71822136823681,99.13191986083984,1525700,0.0,0.0
2020-09-03 00:00:00-04:00,99.43966735357088,99.61277344840727,95.25627862173532,96.06410217285156,862100,0.0,0.0
2020-09-04 00:00:00-04:00,96.99695533186413,97.352786579789,94.65040757867652,95.66019439697266,795200,0.0,0.0
2020-09-08 00:00:00-04:00,94.89082373344766,94.96776140234236,93.19823904084383,93.2751693725586,915100,0.0,0.0
2020-09-09 00:00:00-04:00,94.35227996058538,96.18912104998707,94.08300544169343,95.54478454589844,675200,0.0,0.0
2020-09-10 00:00:00-04:00,95.78520896963158,96.5161021880197,94.18879261101422,94.35227966308594,1243900,0.0,0.0
2020-09-11 00:00:00-04:00,95.12305034227077,97.15595788531826,94.88218371837739,96.25994110107422,914900,0.18,0.0
2020-09-14 00:00:00-04:00,96.96325986558685,98.07124771808962,96.83801187729765,97.68585968017578,684600,0.0,0.0
2020-09-15 00:00:00-04:00,97.93638827626177,99.18889053431161,97.87857527772566,98.5819091796875,734800,0.0,0.0
2020-09-16 00:00:00-04:00,99.03473014069725,99.699524429757,98.27359066425683,98.60116577148438,1079000,0.0,0.0
2020-09-17 00:00:00-04:00,97.46426825018767,99.27558250467081,96.63568652669743,98.59152221679688,695700,0.0,0.0
2020-09-18 00:00:00-04:00,98.30248377248653,99.42973778986011,96.94399985811303,97.03070831298828,1209300,0.0,0.0
2020-09-21 00:00:00-04:00,95.14234075045688,95.77823232835014,91.56788002054518,92.72403717041016,919900,0.0,0.0
2020-09-22 00:00:00-04:00,92.58911838848935,93.9861490610633,92.48313649778838,93.68746948242188,838300,0.0,0.0
2020-09-23 00:00:00-04:00,93.99577862141219,94.82436030455885,91.64492562913425,91.83761596679688,712000,0.0,0.0
2020-09-24 00:00:00-04:00,91.8376354864767,93.53333875084978,91.43298128097861,92.71439361572266,834200,0.0,0.0
2020-09-25 00:00:00-04:00,92.03032206716331,94.35227999222224,91.67384414636436,93.92835235595703,573300,0.0,0.0
2020-09-28 00:00:00-04:00,95.31573155222185,96.77056787908168,95.20974965982816,95.85527038574219,685900,0.0,0.0
2020-09-29 00:00:00-04:00,96.29848252294502,97.22341691594077,95.67223512132645,96.24067687988281,1038900,0.0,0.0
2020-09-30 00:00:00-04:00,96.34664069090691,97.41608899062919,95.12304158842514,95.76856231689453,1032400,0.0,0.0
2020-10-01 00:00:00-04:00,97.0210551899143,97.6762125795568,95.39280211249731,96.20211029052734,1046600,0.0,0.0
2020-10-02 00:00:00-04:00,94.5642379258002,97.96527347601564,94.45825602332896,97.09815216064453,715400,0.0,0.0
2020-10-05 00:00:00-04:00,98.21578267784025,100.17161860258729,98.04235840442755,99.71878814697266,864700,0.0,0.0
2020-10-06 00:00:00-04:00,99.71877659556574,102.00219470587774,99.44900716832193,100.5184555053711,1221200,0.0,0.0
2020-10-07 00:00:00-04:00,101.77095474179494,103.36067579623415,101.47228250544126,102.64771270751953,1284700,0.0,0.0
2020-10-08 00:00:00-04:00,103.10056957983284,103.10056957983284,101.8673334283281,102.60919952392578,1295100,0.0,0.0
2020-10-09 00:00:00-04:00,103.57265813835357,104.66137273580044,102.87896101936677,103.03311920166016,840000,0.0,0.0
2020-10-12 00:00:00-04:00,103.87130784800367,103.97728973762467,102.89821209881462,103.69788360595703,1004800,0.0,0.0
2020-10-13 00:00:00-04:00,103.48591856549861,104.00618389767799,101.62642831688905,102.28158569335938,636200,0.0,0.0
2020-10-14 00:00:00-04:00,102.96567655333632,104.41087643038924,101.94439697509893,103.95804595947266,778900,0.0,0.0
2020-10-15 00:00:00-04:00,102.51284047199486,105.08529434820122,102.51284047199486,105.0274887084961,661000,0.0,0.0
2020-10-16 00:00:00-04:00,105.46104825309672,106.77136335625912,104.8347935220657,105.83679962158203,1475800,0.0,0.0
2020-10-19 00:00:00-04:00,105.93313267908096,106.44377606944958,103.41848466977717,103.62081909179688,692000,0.0,0.0
2020-10-20 00:00:00-04:00,104.27598246184456,105.79825394435372,104.0254791138201,104.72880554199219,543500,0.0,0.0
2020-10-21 00:00:00-04:00,104.67099849236084,105.42250117563134,103.2161620397393,103.23543548583984,1088000,0.0,0.0
2020-10-22 00:00:00-04:00,103.6497157078564,104.28559970111601,102.94638201084855,103.10054016113281,1198500,0.0,0.0
2020-10-23 00:00:00-04:00,104.02547771483383,104.13145961639326,102.9849321453408,103.82315063476562,882700,0.0,0.0
2020-10-26 00:00:00-04:00,102.455011192928,102.59953261988053,100.3161220065579,101.26031494140625,910700,0.0,0.0
2020-10-27 00:00:00-04:00,101.21215202826389,101.21215202826389,98.67823059750347,98.8420181274414,820400,0.0,0.0
2020-10-28 00:00:00-04:00,96.78018890570723,97.67621287735209,94.47750498891345,94.6027603149414,1287900,0.0,0.0
2020-10-29 00:00:00-04:00,94.66059441010921,97.19450894756977,93.94763117706458,95.2964859008789,1191200,0.0,0.0
2020-10-30 00:00:00-04:00,94.92072049848531,95.62405430854919,93.32136986086012,94.61241149902344,981900,0.0,0.0
2020-11-02 00:00:00-05:00,96.16358762082105,98.5626244635746,96.06724244234886,98.5337142944336,1178700,0.0,0.0
2020-11-03 00:00:00-05:00,99.84402444582781,101.93475220535099,99.40083076588557,101.4433822631836,1122200,0.0,0.0
2020-11-04 00:00:00-05:00,100.70152295156393,102.50320808888267,99.30449936131494,101.53974151611328,1094000,0.0,0.0
2020-11-05 00:00:00-05:00,102.95603079275892,105.49958176506894,102.5610059993828,105.06602478027344,881000,0.0,0.0
2020-11-06 00:00:00-05:00,105.1912607202146,106.65572639824839,104.8829517695409,106.28961181640625,942400,0.0,0.0
2020-11-09 00:00:00-05:00,112.79302560799191,114.60434002586581,109.76774131236589,109.90262603759766,1610400,0.0,0.0
2020-11-10 00:00:00-05:00,110.16274868558085,113.13986379304984,109.62320983401752,112.19566345214844,1620000,0.0,0.0
2020-11-11 00:00:00-05:00,112.7255612221328,113.25547064677626,111.81990051480207,112.49433135986328,1143900,0.0,0.0
2020-11-12 00:00:00-05:00,112.03188723819655,112.67740805089925,110.58668743925043,111.23220825195312,872700,0.0,0.0
2020-11-13 00:00:00-05:00,112.39800235765934,113.2169473902258,111.52124433821425,112.98571014404297,829100,0.0,0.0
2020-11-16 00:00:00-05:00,114.5176239427427,115.94355018616243,114.07443025353572,115.69305419921875,1256100,0.0,0.0
2020-11-17 00:00:00-05:00,115.01862441353137,115.51963109374306,114.11297093119852,114.42127990722656,1058000,0.0,0.0
2020-11-18 00:00:00-05:00,114.8548633496938,115.95321478935806,113.92993620843271,114.8837661743164,1009500,0.0,0.0
2020-11-19 00:00:00-05:00,114.62361195975024,114.93192094916283,112.85082975762823,113.86247253417969,1048300,0.0,0.0
2020-11-20 00:00:00-05:00,113.9780966688938,114.03590231011854,112.2631200223394,113.13024139404297,862100,0.0,0.0
2020-11-23 00:00:00-05:00,114.1515344678195,114.5561887056688,113.06281242465266,113.48674011230469,817700,0.0,0.0
2020-11-24 00:00:00-05:00,114.5561527441947,117.24422479578361,113.26510398738931,116.82029724121094,1679400,0.0,0.0
2020-11-25 00:00:00-05:00,116.1844089188386,116.26148799451474,114.60432462080392,115.44254302978516,681600,0.0,0.0
2020-11-27 00:00:00-05:00,115.7123243690413,115.95319099235348,114.82593695941229,115.39437866210938,423000,0.0,0.0
2020-11-30 00:00:00-05:00,115.34620393507272,115.43291238677584,113.24584679160952,114.19967651367188,964400,0.0,0.0
2020-12-01 00:00:00-05:00,115.17278587989438,115.69305867011232,112.87010154118862,112.9568099975586,1241900,0.0,0.0
2020-12-02 00:00:00-05:00,112.3498170030058,112.92789537035642,110.32653904194598,110.81790161132812,1380100,0.0,0.0
2020-12-03 00:00:00-05:00,110.62521726906222,111.78137406643494,110.06640496504363,110.24946594238281,927100,0.0,0.0
2020-12-04 00:00:00-05:00,110.47140782376387,113.29881216640378,110.47140782376387,112.74876403808594,858600,0.18,0.0
2020-12-07 00:00:00-05:00,113.12512984997198,113.74271930646499,112.623333815167,113.4918212890625,725500,0.0,0.0
2020-12-08 00:00:00-05:00,112.81634243471194,115.05510620018212,112.81634243471194,114.418212890625,1130600,0.0,0.0
2020-12-09 00:00:00-05:00,114.67876330004626,115.12266268309587,114.0515292164178,114.60157012939453,849900,0.0,0.0
2020-12-10 00:00:00-05:00,113.97431551930217,114.90069972035633,113.13477638604346,114.2059097290039,880600,0.0,0.0
2020-12-11 00:00:00-05:00,112.91283921857942,114.38926433623934,112.71019335559154,114.23486328125,1045400,0.0,0.0
2020-12-14 00:00:00-05:00,115.29633458050736,115.49898041265241,112.16977995306436,112.2276840209961,763500,0.0,0.0
2020-12-15 00:00:00-05:00,113.41462169489903,114.43750286016798,112.15049441614232,113.66551971435547,754800,0.0,0.0
2020-12-16 00:00:00-05:00,113.77168813442816,113.9936304740988,112.1987584924872,112.69090270996094,660300,0.0,0.0
2020-12-17 00:00:00-05:00,113.16373625559984,113.6558804432546,112.74879259978269,113.5111312866211,789200,0.0,0.0
2020-12-18 00:00:00-05:00,113.49181273364519,114.3795965901487,112.88387522887037,113.96465301513672,1914100,0.0,0.0
2020-12-21 00:00:00-05:00,111.87064547280428,114.43750023301793,110.61616276656842,113.97431182861328,756400,0.0,0.0
2020-12-22 00:00:00-05:00,114.17695546436059,114.4182015676374,113.13477053126552,113.54006958007812,560200,0.0,0.0
2020-12-23 00:00:00-05:00,114.10940666955196,115.25774047525331,113.41461671525356,114.4664535522461,454000,0.0,0.0
2020-12-24 00:00:00-05:00,114.4857394177409,115.14192905144661,113.86815004039978,114.87173461914062,188500,0.0,0.0
2020-12-28 00:00:00-05:00,115.93324268530704,116.66663300117672,115.43145396113165,115.5665512084961,371200,0.0,0.0
2020-12-29 00:00:00-05:00,116.12625604529886,116.12625604529886,113.54010409966092,114.50508880615234,392200,0.0,0.0
2020-12-30 00:00:00-05:00,114.9103482826624,116.13587527568025,114.89104447110478,115.63408660888672,437000,0.0,0.0
2020-12-31 00:00:00-05:00,115.89463230778868,116.83066841303241,114.65945337551754,116.7052230834961,638700,0.0,0.0
2021-01-04 00:00:00-05:00,116.85962231808874,118.0465565010149,113.58832542853902,114.23486328125,1154500,0.0,0.0
2021-01-05 00:00:00-05:00,113.79093680094438,115.71126068851547,113.79093680094438,115.02611541748047,837400,0.0,0.0
2021-01-06 00:00:00-05:00,116.24203781724039,120.8739665944773,116.24203781724039,119.89933013916016,848400,0.0,0.0
2021-01-07 00:00:00-05:00,120.58444099290276,121.4046762009506,119.10801614596737,120.04405212402344,734900,0.0,0.0
2021-01-08 00:00:00-05:00,120.65201248504212,120.93185887728788,117.7763627590985,119.21418762207031,675300,0.0,0.0
2021-01-11 00:00:00-05:00,117.7377447119685,120.55549729745601,117.65089229054611,119.80281066894531,640000,0.0,0.0
2021-01-12 00:00:00-05:00,119.72561258185266,120.45900277728687,118.98257784336752,119.77386474609375,640100,0.0,0.0
2021-01-13 00:00:00-05:00,119.55193814039932,119.63879058032406,117.09122453475334,117.18772888183594,660800,0.0,0.0
2021-01-14 00:00:00-05:00,117.35175546346255,117.57369775636892,115.81742641306947,116.492919921875,679700,0.0,0.0
2021-01-15 00:00:00-05:00,115.52793509688838,115.52793509688838,112.8066793468462,114.83314514160156,1241900,0.0,0.0
2021-01-19 00:00:00-05:00,115.9814828638578,116.83066652551298,114.3120565337067,114.78489685058594,814900,0.0,0.0
2021-01-20 00:00:00-05:00,115.19018761002714,116.44466288144109,114.49539768136881,115.9042739868164,731600,0.0,0.0
2021-01-21 00:00:00-05:00,116.05868750980434,117.2649181860868,115.10335487561801,115.29635620117188,758100,0.0,0.0
2021-01-22 00:00:00-05:00,114.83313132395385,115.460372589349,112.8163176774364,113.24090576171875,974800,0.0,0.0
2021-01-25 00:00:00-05:00,112.51719370110429,112.90318898203942,110.4231790570093,112.27594757080078,1041800,0.0,0.0
2021-01-26 00:00:00-05:00,113.05757344855706,113.3084640864372,109.27482908519285,109.33273315429688,930300,0.0,0.0
2021-01-27 00:00:00-05:00,107.7887548953932,108.0879050667209,103.21473088553326,107.1711654663086,2026000,0.0,0.0
2021-01-28 00:00:00-05:00,108.55110231637295,111.938199909548,107.83701586113784,110.76091766357422,1323800,0.0,0.0
2021-01-29 00:00:00-05:00,109.78627279433678,111.3495501847881,108.58969419054816,109.29413604736328,1505500,0.0,0.0
2021-02-01 00:00:00-05:00,110.00822298393676,111.07935627039167,108.7440957599526,110.85740661621094,1177000,0.0,0.0
2021-02-02 00:00:00-05:00,112.36278882645912,113.0575787905642,111.58114643571749,112.4110336303711,836500,0.0,0.0
2021-02-03 00:00:00-05:00,112.08294692093581,112.69088448260212,111.37850502311058,112.44963836669922,956100,0.0,0.0
2021-02-04 00:00:00-05:00,113.40495973151013,115.3831806315682,111.61974012247404,113.04792022705078,2128900,0.0,0.0
2021-02-05 00:00:00-05:00,113.29882249382372,114.64015022742574,112.75842622084429,112.9031753540039,2011100,0.0,0.0
2021-02-08 00:00:00-05:00,113.71376500012833,115.91393574871954,113.55937131521239,115.69198608398438,1291200,0.0,0.0
2021-02-09 00:00:00-05:00,115.79813017686364,117.8342478881199,115.29634151881916,116.67626953125,1397100,0.0,0.0
2021-02-10 00:00:00-05:00,117.10086909412864,117.10086909412864,115.48934672554118,116.26133728027344,983100,0.0,0.0
2021-02-11 00:00:00-05:00,117.27457243233813,117.72811635362736,115.7981472330761,117.39037322998047,739000,0.0,0.0
2021-02-12 00:00:00-05:00,116.8306648452117,117.74739711037913,116.17447513720073,117.48685455322266,630800,0.0,0.0
2021-02-16 00:00:00-05:00,118.19129984938384,118.30709327269588,116.3964281655756,116.98506927490234,632100,0.0,0.0
2021-02-17 00:00:00-05:00,116.40607755057891,117.01402249723965,115.44109305086086,116.00078582763672,848200,0.0,0.0
2021-02-18 00:00:00-05:00,115.53759090238484,115.7305848465915,113.82956431094298,114.78489685058594,810300,0.0,0.0
2021-02-19 00:00:00-05:00,115.58582870585988,118.01759348414647,115.20948538388043,116.62801361083984,863600,0.0,0.0
2021-02-22 00:00:00-05:00,116.03936114139908,116.64729859509934,114.83313077610387,115.93321228027344,762700,0.0,0.0
2021-02-23 00:00:00-05:00,115.42179535598112,116.32888313185664,113.93571835896589,115.74024200439453,1300700,0.0,0.0
2021-02-24 00:00:00-05:00,116.29993433739101,119.3685854906111,115.72094508177828,118.70275115966797,816000,0.0,0.0
2021-02-25 00:00:00-05:00,118.81852379010398,119.51331372009112,115.48933063153659,116.0876235961914,859500,0.0,0.0
2021-02-26 00:00:00-05:00,116.68591153696046,116.68591153696046,113.67516492967688,113.8392105102539,1426100,0.0,0.0
2021-03-01 00:00:00-05:00,115.34459137880108,118.75098534620558,115.34459137880108,117.99829864501953,828400,0.0,0.0
2021-03-02 00:00:00-05:00,118.23955128346299,118.64484301226989,117.55441316221867,118.10445404052734,717300,0.0,0.0
2021-03-03 00:00:00-05:00,117.74738490835259,119.65805712440478,117.54473908217595,118.1912841796875,839200,0.0,0.0
2021-03-04 00:00:00-05:00,117.98866022490482,118.79925109269479,114.2638265551193,116.17449188232422,862200,0.0,0.0
2021-03-05 00:00:00-05:00,117.22630274901023,118.4614815461275,114.69804108711645,117.9693374633789,982600,0.0,0.0
2021-03-08 00:00:00-05:00,118.99222756936075,121.3757402866556,117.77635248978885,119.15628051757812,1490600,0.0,0.0
2021-03-09 00:00:00-05:00,119.88968478173847,120.10198257194462,116.39644523752237,116.40608978271484,1435600,0.0,0.0
2021-03-10 00:00:00-05:00,116.88856484136531,119.67736933825384,116.0297292620327,119.38787841796875,1565100,0.0,0.0
2021-03-11 00:00:00-05:00,119.35892164792915,120.3239060386803,117.42895286642684,117.64125061035156,1245300,0.0,0.0
2021-03-12 00:00:00-05:00,117.96021717138495,118.01820901822516,116.38471054602012,117.50592803955078,1075700,0.2,0.0
2021-03-15 00:00:00-04:00,117.23528868547092,118.7431356864594,115.74676984183205,118.67547607421875,1096700,0.0,0.0
2021-03-16 00:00:00-04:00,119.41975046121948,119.96102741026289,116.70368320055164,116.80033874511719,610000,0.0,0.0
2021-03-17 00:00:00-04:00,116.72301192899506,119.0524421269017,116.18172763716376,117.64125061035156,868300,0.0,0.0
2021-03-18 00:00:00-04:00,117.38028545566803,119.85470276588286,117.19663476099434,117.60259246826172,827200,0.0,0.0
2021-03-19 00:00:00-04:00,117.08063341914301,118.31784934012268,116.0947351630259,116.72300720214844,1226600,0.0,0.0
2021-03-22 00:00:00-04:00,116.87766254151444,119.14910095360943,116.23006230103137,118.78180694580078,1456700,0.0,0.0
2021-03-23 00:00:00-04:00,118.25019272142806,120.55063447796711,117.08064368419853,117.60259246826172,1205100,0.0,0.0
2021-03-24 00:00:00-04:00,118.12452720710505,120.35730170594,117.94087653426774,118.7044677734375,932900,0.0,0.0
2021-03-25 00:00:00-04:00,118.99446188588445,119.12011336131636,116.60703223225862,118.93647003173828,1254800,0.0,0.0
2021-03-26 00:00:00-04:00,119.8546929914735,123.25701651555205,118.73346813025492,123.06370544433594,1045800,0.0,0.0
2021-03-29 00:00:00-04:00,122.28079177405462,124.53289461965537,121.84583078183117,123.92396545410156,1354800,0.0,0.0
2021-03-30 00:00:00-04:00,123.68230833352311,124.81320094791543,122.88972115147966,123.17969512939453,1011900,0.0,0.0
2021-03-31 00:00:00-04:00,123.51799856223582,124.63921608531717,122.05847559208436,123.46000671386719,1247900,0.0,0.0
2021-04-01 00:00:00-04:00,124.03994732160821,124.67788715104803,122.75440727089698,124.35891723632812,701000,0.0,0.0
2021-04-05 00:00:00-04:00,125.44147514143285,126.41770570094842,124.52323643216904,126.34039306640625,738000,0.0,0.0
2021-04-06 00:00:00-04:00,126.24374368842841,127.38428952886495,125.04519124282923,125.4511489868164,947300,0.0,0.0
2021-04-07 00:00:00-04:00,125.32548529044512,125.7604388946779,124.34924003014953,125.21916198730469,555300,0.0,0.0
2021-04-08 00:00:00-04:00,124.7165636344771,126.70769607680684,124.13661555962533,125.96344757080078,1945900,0.0,0.0
2021-04-09 00:00:00-04:00,126.54336709760021,127.08464404246727,125.74111207263988,126.90099334716797,865000,0.0,0.0
2021-04-12 00:00:00-04:00,126.93966414777915,128.6504975046184,126.93966414777915,128.54417419433594,784100,0.0,0.0
2021-04-13 00:00:00-04:00,127.95458603732038,128.15755754898998,126.60137871518702,127.45196533203125,1022200,0.0,0.0
2021-04-14 00:00:00-04:00,127.96422124323686,128.16720746364444,126.63034972004706,126.72701263427734,707000,0.0,0.0
2021-04-15 00:00:00-04:00,127.0846364172859,129.47206581554806,127.0846364172859,128.6988067626953,1006000,0.0,0.0
2021-04-16 00:00:00-04:00,129.83939447351207,130.29368370946887,127.86758273687133,128.40887451171875,1456900,0.0,0.0
2021-04-19 00:00:00-04:00,128.55380282483944,128.8244412298389,126.53367517727683,127.70321655273438,727500,0.0,0.0
2021-04-20 00:00:00-04:00,127.10398219539806,127.79991392419589,125.77978573165068,126.51437377929688,723400,0.0,0.0
2021-04-21 00:00:00-04:00,126.66899661141812,128.71812021356857,126.3016953058677,128.6407928466797,624900,0.0,0.0
2021-04-22 00:00:00-04:00,129.1724243725311,129.75237231763288,128.48615312911696,129.06610107421875,946300,0.0,0.0
2021-04-23 00:00:00-04:00,129.31744131214407,131.07660643770004,129.04680279262672,130.4966583251953,540900,0.0,0.0
2021-04-26 00:00:00-04:00,130.75762031151223,131.49220838114857,129.94570485317345,130.18734741210938,768000,0.0,0.0
2021-04-27 00:00:00-04:00,130.40964312618848,130.82527596082969,129.17243451163571,130.58363342285156,543000,0.0,0.0
2021-04-28 00:00:00-04:00,130.45797880583703,131.5018763735314,129.96503332193575,130.5546417236328,737100,0.0,0.0
2021-04-29 00:00:00-04:00,131.53087996331985,133.2320382753409,130.68029343296362,132.50711059570312,948000,0.0,0.0
2021-04-30 00:00:00-04:00,131.31821412525076,131.72417179663304,130.06167004791175,130.41929626464844,881900,0.0,0.0
2021-05-03 00:00:00-04:00,131.55023763857736,131.55023763857736,129.38511462812482,129.820068359375,1104200,0.0,0.0
2021-05-04 00:00:00-04:00,129.34641703838082,132.31377955718202,128.67948131383403,131.48252868652344,1462200,0.0,0.0
2021-05-05 00:00:00-04:00,132.36208424133844,132.8066981353202,130.43860483407312,132.30409240722656,1381200,0.0,0.0
2021-05-06 00:00:00-04:00,131.65651485401193,132.7003975438668,130.1873242276889,131.2988739013672,1509200,0.0,0.0
2021-05-07 00:00:00-04:00,130.86395642411188,133.44469743606606,130.28400832647804,132.73910522460938,1545400,0.0,0.0
2021-05-10 00:00:00-04:00,133.19338195518444,134.42093028900464,132.3427954248282,132.50711059570312,886000,0.0,0.0
2021-05-11 00:00:00-04:00,131.13454759879625,131.85947508480257,129.66535709752426,131.58883666992188,1333700,0.0,0.0
2021-05-12 00:00:00-04:00,131.24087696553926,131.31820433747077,126.10839248667672,126.46601867675781,1660800,0.0,0.0
2021-05-13 00:00:00-04:00,127.13296097746118,129.5107298549866,126.77533476874981,128.95977783203125,856400,0.0,0.0
2021-05-14 00:00:00-04:00,129.74270623528065,130.3613105371869,129.27875669602344,129.84902954101562,716900,0.0,0.0
2021-05-17 00:00:00-04:00,129.25940089722357,129.92633655147654,127.75155406953213,129.46238708496094,713200,0.0,0.0
2021-05-18 00:00:00-04:00,129.3657702991387,129.820059537195,127.60661995600636,127.66461181640625,786700,0.0,0.0
2021-05-19 00:00:00-04:00,126.04075127428905,127.25863919534514,125.33515914060318,127.13298034667969,911900,0.0,0.0
2021-05-20 00:00:00-04:00,127.97388010983565,128.13821001180642,126.92999734177893,127.95455932617188,715500,0.0,0.0
2021-05-21 00:00:00-04:00,128.57318969832335,129.38510523755528,127.56794829372808,128.40887451171875,1615000,0.0,0.0
2021-05-24 00:00:00-04:00,129.12410124684206,129.72338476174835,128.18652703271576,129.22076416015625,1077600,0.0,0.0
2021-05-25 00:00:00-04:00,129.40440247881236,130.03266710924063,128.52482019726202,128.6697998046875,787000,0.0,0.0
2021-05-26 00:00:00-04:00,128.67948472855602,129.16276978830578,127.65492276167681,129.02745056152344,561900,0.0,0.0
2021-05-27 00:00:00-04:00,130.11001759172174,130.44832306738584,129.6847243361524,129.88771057128906,853600,0.0,0.0
2021-05-28 00:00:00-04:00,130.60295420683298,131.03792257414563,129.53973588894328,130.58363342285156,875400,0.0,0.0
2021-06-01 00:00:00-04:00,131.77247796317639,132.37174658944775,130.6609137144022,131.231201171875,728100,0.0,0.0
2021-06-02 00:00:00-04:00,131.06691753932589,132.2847906122917,130.5449614018477,131.327880859375,1205900,0.0,0.0
2021-06-03 00:00:00-04:00,130.68995938155138,132.97106557630207,130.1776636218471,132.25579833984375,1094400,0.0,0.0
2021-06-04 00:00:00-04:00,132.7487595708774,133.3287076420911,132.3234662851463,133.0967254638672,999700,0.0,0.0
2021-06-07 00:00:00-04:00,133.4446655237392,133.4833365869697,131.26988280073513,132.1107940673828,724300,0.0,0.0
2021-06-08 00:00:00-04:00,132.41048533576364,132.80676799354035,131.2022723272755,132.1398468017578,584500,0.0,0.0
2021-06-09 00:00:00-04:00,131.8691499262638,131.88848545764205,130.8832590563091,131.17323303222656,567700,0.0,0.0
2021-06-10 00:00:00-04:00,131.71449697159892,132.4200889362985,130.97023394794488,131.7918243408203,718100,0.0,0.0
2021-06-11 00:00:00-04:00,132.6146316803952,133.01151113030943,131.23041305262592,131.51112365722656,673100,0.2,0.0
2021-06-14 00:00:00-04:00,131.12393783238525,131.89831805114218,130.52377396138596,131.8208770751953,553600,0.0,0.0
2021-06-15 00:00:00-04:00,131.84992841725634,133.13734215857937,131.23041538919009,132.76951599121094,548200,0.0,0.0
2021-06-16 00:00:00-04:00,132.7695135484081,133.2147806823869,131.00776463736008,131.0658416748047,720900,0.0,0.0
2021-06-17 00:00:00-04:00,131.4724277549472,131.76281298033084,128.71364995094393,129.7010040283203,870300,0.0,0.0
2021-06-18 00:00:00-04:00,127.88115978057655,128.74267029171443,126.39046167615513,126.46788787841797,1545100,0.0,0.0
2021-06-21 00:00:00-04:00,127.84244341696206,129.62354143065969,127.34875907541469,129.4396209716797,779200,0.0,0.0
2021-06-22 00:00:00-04:00,129.5751574176438,129.94299838795152,128.8491648312093,129.34283447265625,662800,0.0,0.0
2021-06-23 00:00:00-04:00,129.68163317484908,129.89459217567972,128.60716358715138,129.0137176513672,594800,0.0,0.0
2021-06-24 00:00:00-04:00,129.74938852541953,129.96234753236413,128.5878033414034,129.35252380371094,758500,0.0,0.0
2021-06-25 00:00:00-04:00,129.43962307875094,130.2043286744606,129.33314358867946,129.37185668945312,1042300,0.0,0.0
2021-06-28 00:00:00-04:00,129.5267681276203,129.62357305713047,127.97799264796704,128.96533203125,1307900,0.0,0.0
2021-06-29 00:00:00-04:00,129.48807883515244,130.2334208021114,128.59752944721978,128.72335815429688,648600,0.0,0.0
2021-06-30 00:00:00-04:00,128.5297001301475,129.42024908226318,128.3651436165303,129.22665405273438,709300,0.0,0.0
2021-07-01 00:00:00-04:00,130.0784599433228,130.37853438552295,129.2072603555943,129.6525421142578,607800,0.0,0.0
2021-07-02 00:00:00-04:00,129.6719488724342,130.84320851886068,129.25570548551465,130.62057495117188,775800,0.0,0.0
2021-07-06 00:00:00-04:00,130.23334307829617,130.40758892540168,127.35842691940304,128.74264526367188,1240000,0.0,0.0
2021-07-07 00:00:00-04:00,128.616832225067,131.23041715619527,128.35548554823885,130.94969177246094,980600,0.0,0.0
2021-07-08 00:00:00-04:00,128.83947964910007,129.99137538438845,127.45524621757916,128.77171325683594,900900,0.0,0.0
2021-07-09 00:00:00-04:00,130.4560007338687,131.60791105848034,130.14623688138172,131.1335906982422,912300,0.0,0.0
2021-07-12 00:00:00-04:00,130.27209822589938,132.3145577520442,129.82681631924055,131.93704223632812,1111300,0.0,0.0
2021-07-13 00:00:00-04:00,131.48209821215275,131.90801622315684,130.40762860088586,130.68833923339844,722500,0.0,0.0
2021-07-14 00:00:00-04:00,131.12392275602784,131.36592023915398,129.74936405395962,130.50440979003906,1089900,0.0,0.0
2021-07-15 00:00:00-04:00,129.71066578484286,131.7434507836432,129.71066578484286,131.38528442382812,876600,0.0,0.0
2021-07-16 00:00:00-04:00,131.6853270097075,132.8081987321137,131.06581412326824,131.86924743652344,2951000,0.0,0.0
2021-07-19 00:00:00-04:00,130.17527937779025,130.17527937779025,127.4165169876718,128.8007354736328,1268800,0.0,0.0
2021-07-20 00:00:00-04:00,129.35251128038317,132.90503288631888,128.92659330772943,132.353271484375,1064800,0.0,0.0
2021-07-21 00:00:00-04:00,133.09861846825683,133.47613395891625,132.22743341915185,132.6339874267578,764000,0.0,0.0
2021-07-22 00:00:00-04:00,132.85663103798146,133.1857441018605,131.57887711418425,132.77919006347656,758600,0.0,0.0
2021-07-23 00:00:00-04:00,133.57295752044263,133.70847554190777,132.3145674523482,133.41807556152344,682700,0.0,0.0
2021-07-26 00:00:00-04:00,133.16642289861142,133.95049262087528,132.37266382102757,132.85665893554688,727700,0.0,0.0
2021-07-27 00:00:00-04:00,132.2080841848258,133.4277463432598,131.2981711650478,132.6436767578125,636700,0.0,0.0
2021-07-28 00:00:00-04:00,132.90501285829268,133.36964386282702,131.57885668503667,132.48876953125,467200,0.0,0.0
2021-07-29 00:00:00-04:00,133.69879099618092,134.39574506602509,133.02120086448716,134.16343688964844,544200,0.0,0.0
2021-07-30 00:00:00-04:00,134.12469385845634,135.21852729982672,133.96013732866393,134.59901428222656,945600,0.0,0.0
2021-08-02 00:00:00-04:00,134.9377985901487,135.61540339889189,133.5148521243561,133.8052520751953,1013200,0.0,0.0
2021-08-03 00:00:00-04:00,133.46647708965585,135.32501627266154,132.6243156753759,134.32798767089844,928800,0.0,0.0
2021-08-04 00:00:00-04:00,134.6861470292633,135.24758308099067,132.0628872598561,132.34361267089844,1085300,0.0,0.0
2021-08-05 00:00:00-04:00,133.069583643628,133.39869669172367,131.74344209842454,132.517822265625,885800,0.0,0.0
2021-08-06 00:00:00-04:00,133.47612541340862,133.62131798884565,131.78214310499328,132.4403839111328,1174200,0.0,0.0
2021-08-09 00:00:00-04:00,132.53718438578923,132.53718438578923,131.4530403502722,131.69503784179688,694700,0.0,0.0
2021-08-10 00:00:00-04:00,131.74347607793655,132.76954335744168,131.64667114689092,132.4210662841797,1237100,0.0,0.0
2021-08-11 00:00:00-04:00,132.9147444013407,133.19546985693648,132.25651809369197,133.05026245117188,1282200,0.0,0.0
2021-08-12 00:00:00-04:00,133.15673354329144,133.3987311005511,132.50818186227863,132.85665893554688,545700,0.0,0.0
2021-08-13 00:00:00-04:00,132.80825698256936,132.9147364989889,131.8789946305069,132.84698486328125,393300,0.0,0.0
2021-08-16 00:00:00-04:00,132.75984193752473,133.26320094657328,131.74346410570308,133.2051239013672,682400,0.0,0.0
2021-08-17 00:00:00-04:00,132.51779777360875,132.88563862429285,130.86254348623467,131.90797424316406,577000,0.0,0.0
2021-08-18 00:00:00-04:00,131.29816291106658,132.10159638290878,130.5624958289442,130.67864990234375,636900,0.0,0.0
2021-08-19 00:00:00-04:00,129.57514753487737,131.11424815584482,129.3234754414371,130.06881713867188,676000,0.0,0.0
2021-08-20 00:00:00-04:00,129.9816581145429,131.43364269113104,129.58477878539125,130.4559783935547,584400,0.0,0.0
2021-08-23 00:00:00-04:00,131.26912974690018,131.695047727211,130.62057819337446,130.95936584472656,503300,0.0,0.0
2021-08-24 00:00:00-04:00,131.19164749193484,132.22740359727717,131.15293440152212,131.7240447998047,423400,0.0,0.0
2021-08-25 00:00:00-04:00,131.87896894805337,132.40167707300012,131.04649691917083,132.2661590576172,713700,0.0,0.0
2021-08-26 00:00:00-04:00,132.2371273039635,132.2371273039635,131.47242162882344,131.62728881835938,458900,0.0,0.0
2021-08-27 00:00:00-04:00,132.17902148852662,132.98245486392472,132.04350349570967,132.45973205566406,505100,0.0,0.0
2021-08-30 00:00:00-04:00,133.1179481517867,133.5341766344945,132.35322801467834,132.73074340820312,564100,0.0,0.0
2021-08-31 00:00:00-04:00,132.66304582389526,132.8276023680367,131.33688934640324,131.61761474609375,934700,0.0,0.0
2021-09-01 00:00:00-04:00,131.99511352041543,131.99511352041543,129.61385168406696,129.8848876953125,1035900,0.0,0.0
2021-09-02 00:00:00-04:00,130.4559742266284,131.55948187877397,130.107497348564,131.46267700195312,1238400,0.0,0.0
2021-09-03 00:00:00-04:00,131.23041297470488,131.54016209786116,130.52376963151465,131.0658416748047,697000,0.0,0.0
2021-09-07 00:00:00-04:00,130.27211300285617,130.50443595055552,128.8491663352066,128.8685302734375,1419700,0.0,0.0
2021-09-08 00:00:00-04:00,128.50068244265552,128.90723650166976,127.17454076655986,128.62652587890625,1264400,0.0,0.0
2021-09-09 00:00:00-04:00,128.48130988975242,129.14922535989967,127.29068631316905,127.5423583984375,1013000,0.0,0.0
2021-09-10 00:00:00-04:00,128.27803891399486,128.5297109966244,126.1775023867929,126.25492858886719,1297200,0.0,0.0
2021-09-13 00:00:00-04:00,127.3891934668238,127.47645758582155,125.12062223360105,126.56514739990234,1599900,0.2,0.0
2021-09-14 00:00:00-04:00,127.33104675053895,127.95151115190829,126.16767784710119,127.2341079711914,1614900,0.0,0.0
2021-09-15 00:00:00-04:00,127.30192624872683,128.6301040007026,126.72993880154364,127.41825866699219,1950100,0.0,0.0
2021-09-16 00:00:00-04:00,127.67038368905959,128.65925402405338,126.35189484008114,128.33932495117188,1349300,0.0,0.0
2021-09-17 00:00:00-04:00,127.6315908299444,127.92243677392366,126.04164976830218,126.16768646240234,1617800,0.0,0.0
2021-09-20 00:00:00-04:00,123.87003337450687,124.15118250207053,122.48368141253168,123.86034393310547,1867600,0.0,0.0
2021-09-21 00:00:00-04:00,124.64560014897694,124.6552895884402,122.4448843617551,123.55008697509766,1149600,0.0,0.0
2021-09-22 00:00:00-04:00,124.04454739229378,124.73288239477738,123.66645205094116,123.93790435791016,1183600,0.0,0.0
2021-09-23 00:00:00-04:00,124.67469396743769,126.08043204827648,124.32568180730183,125.29515838623047,862400,0.0,0.0
2021-09-24 00:00:00-04:00,124.77161959656928,126.17735752922066,124.61649980996356,125.65384674072266,1124500,0.0,0.0
2021-09-27 00:00:00-04:00,125.7023305193155,127.31166511058642,125.54721072407635,125.58598327636719,960200,0.0,0.0
2021-09-28 00:00:00-04:00,125.14973166244326,125.55691006226783,123.1913921705349,123.37559509277344,929100,0.0,0.0
2021-09-29 00:00:00-04:00,123.80215724339584,123.99605699877341,122.71634819935898,122.9587173461914,810500,0.0,0.0
2021-09-30 00:00:00-04:00,123.32711457072982,123.75368663183545,120.19570936657868,120.22479248046875,1171000,0.0,0.0
2021-10-01 00:00:00-04:00,120.64167314080399,121.87290519558378,118.7608861282941,121.14579772949219,1749900,0.0,0.0
2021-10-04 00:00:00-04:00,120.75799479156575,121.45601907997094,118.64453565012515,119.35225677490234,1079600,0.0,0.0
2021-10-05 00:00:00-04:00,119.76913037983606,122.25098790853177,119.24561217052953,121.5820541381836,1430700,0.0,0.0
2021-10-06 00:00:00-04:00,120.21510380538032,121.66931877076799,118.83844874664474,121.62084197998047,964000,0.0,0.0
2021-10-07 00:00:00-04:00,122.69696204452792,123.2204803213499,121.44633628265093,121.68870544433594,1378500,0.0,0.0
2021-10-08 00:00:00-04:00,121.76625419120016,122.64848140920577,121.11670667258102,122.33824920654297,924700,0.0,0.0
2021-10-11 00:00:00-04:00,122.35762509198368,123.1235123952529,120.64165498472272,120.66104125976562,816300,0.0,0.0
2021-10-12 00:00:00-04:00,120.73861796648258,121.194273156888,119.31348616551912,119.63341522216797,1008800,0.0,0.0
2021-10-13 00:00:00-04:00,119.96302341159516,120.90341682647622,119.14866667902945,120.47684478759766,745500,0.0,0.0
2021-10-14 00:00:00-04:00,121.75656252695205,124.58743242107364,121.14579493228456,124.46141052246094,1030000,0.0,0.0
2021-10-15 00:00:00-04:00,125.3727205052187,126.29372031288321,124.2481241034411,124.41293334960938,925800,0.0,0.0
2021-10-18 00:00:00-04:00,123.38529431794385,125.23699093818936,123.15262198480998,125.03340911865234,737900,0.0,0.0
2021-10-19 00:00:00-04:00,125.6926375941349,126.50700919588469,125.14973305499451,126.16768646240234,637200,0.0,0.0
2021-10-20 00:00:00-04:00,126.49729800693355,127.0014299625762,125.60538134266632,126.31309509277344,700500,0.0,0.0
2021-10-21 00:00:00-04:00,125.66353408699696,126.5554506555689,124.47108218253018,126.53607177734375,820800,0.0,0.0
2021-10-22 00:00:00-04:00,127.07898739962592,127.75761802308362,126.60393856668647,127.13715362548828,850900,0.0,0.0
2021-10-25 00:00:00-04:00,127.21470219877388,127.6703573181809,125.51811839465233,126.50698852539062,712800,0.0,0.0
2021-10-26 00:00:00-04:00,126.71057100616542,127.5540255899091,126.22583277370647,126.65240478515625,555300,0.0,0.0
2021-10-27 00:00:00-04:00,126.91417855834155,127.22440336158897,125.8477484374076,125.91561889648438,619100,0.0,0.0
2021-10-28 00:00:00-04:00,126.12893971414425,128.0969764677321,126.12893971414425,127.96125030517578,587700,0.0,0.0
2021-10-29 00:00:00-04:00,127.65097462027134,129.44451214173625,127.21471313460201,128.3586883544922,1139800,0.0,0.0
2021-11-01 00:00:00-04:00,128.48474999130133,130.45278657202263,128.48474999130133,129.95835876464844,1813900,0.0,0.0
2021-11-02 00:00:00-04:00,130.879317004193,135.95937878229327,130.16189912623256,135.58128356933594,2387900,0.0,0.0
2021-11-03 00:00:00-04:00,135.87215191159092,136.890105392641,134.72817652036306,136.71560668945312,1581100,0.0,0.0
2021-11-04 00:00:00-04:00,137.43299065527148,137.54933790075142,135.39709877235,136.114501953125,979100,0.0,0.0
2021-11-05 00:00:00-04:00,137.38453211152597,138.84843641597993,136.27932940646568,136.63803100585938,1095600,0.0,0.0
2021-11-08 00:00:00-05:00,137.7529291229028,138.15041808667456,134.8542035021731,135.11595153808594,774400,0.0,0.0
2021-11-09 00:00:00-05:00,135.04808072456137,135.6103788752051,134.22401977431647,135.1062469482422,681700,0.0,0.0
2021-11-10 00:00:00-05:00,134.92205955571208,135.73641636694003,134.27251199487273,135.1644287109375,770400,0.0,0.0
2021-11-11 00:00:00-05:00,135.4165140406602,135.81400308403116,134.3210153020359,134.48582458496094,452700,0.0,0.0
2021-11-12 00:00:00-05:00,134.68936944299412,136.0369560433295,134.06890504523938,135.97877502441406,575700,0.0,0.0
2021-11-15 00:00:00-05:00,136.4441028109564,136.4441028109564,135.1159101912616,135.81393432617188,703500,0.0,0.0
2021-11-16 00:00:00-05:00,135.9981605409415,138.10192274454747,135.81395764135215,137.0936737060547,799100,0.0,0.0
2021-11-17 00:00:00-05:00,136.8900918492905,137.064605328253,135.86244902852536,137.01612854003906,965900,0.0,0.0
2021-11-18 00:00:00-05:00,137.44268380947625,137.52993314177465,136.26961076743999,136.77374267578125,564100,0.0,0.0
2021-11-19 00:00:00-05:00,137.1130737933082,138.7902790278119,136.3956705488296,138.1310272216797,1289200,0.0,0.0
2021-11-22 00:00:00-05:00,138.17947047317827,139.09078065846873,137.60748294599753,137.64625549316406,718600,0.0,0.0
2021-11-23 00:00:00-05:00,138.26675713923584,138.77088914676145,136.81254214267494,138.74180603027344,953800,0.0,0.0
2021-11-24 00:00:00-05:00,138.37340016403857,139.16837812948435,137.47179396682998,138.74180603027344,908800,0.0,0.0
2021-11-26 00:00:00-05:00,135.89153419110426,136.8319276830819,134.35975937729575,134.84449768066406,1313600,0.0,0.0
2021-11-29 00:00:00-05:00,135.9012136548268,136.90947753591553,135.26137038406281,135.7364044189453,894700,0.0,0.0
2021-11-30 00:00:00-05:00,134.8735966623894,135.36803925753784,132.08151376578485,132.3335723876953,1714000,0.0,0.0
2021-12-01 00:00:00-05:00,134.58273030005043,135.76547798063984,131.56765789482864,131.6549072265625,864000,0.0,0.0
2021-12-02 00:00:00-05:00,132.2172080823329,135.5522095657979,131.85849172273785,134.63119506835938,840300,0.0,0.0
2021-12-03 00:00:00-05:00,135.03842097820063,135.82370963570514,132.80863610633534,134.89300537109375,1173700,0.0,0.0
2021-12-06 00:00:00-05:00,136.13389334885602,136.57985906415257,134.33066640098383,135.7364044189453,803800,0.0,0.0
2021-12-07 00:00:00-05:00,136.89174334280958,137.96940234041674,135.76553821096422,136.30921936035156,703900,0.2,0.0
2021-12-08 00:00:00-05:00,136.4743289525003,137.12480590876393,135.15395361635456,136.95004272460938,626700,0.0,0.0
2021-12-09 00:00:00-05:00,136.74609775484558,137.71696102661815,136.21211999253111,136.97909545898438,849000,0.0,0.0
2021-12-10 00:00:00-05:00,137.65872383505862,138.67813343356403,136.94999765538188,138.59075927734375,678200,0.0,0.0
2021-12-13 00:00:00-05:00,138.6489877184755,139.30918247640918,137.98880777474037,138.3480224609375,1153000,0.0,0.0
2021-12-14 00:00:00-05:00,139.04706190060827,139.51307219994,136.3771874629072,137.0276641845703,1022400,0.0,0.0
2021-12-15 00:00:00-05:00,137.47425006672944,140.2800444287352,136.6198856168348,140.07615661621094,903700,0.0,0.0
2021-12-16 00:00:00-05:00,140.70724147876632,140.8334584756873,137.99853880247323,139.65872192382812,1122600,0.0,0.0
2021-12-17 00:00:00-05:00,138.97908759117365,139.54219013199162,135.12475876886052,135.75582885742188,1836400,0.0,0.0
2021-12-20 00:00:00-05:00,134.52282865700712,135.71698647614696,132.95003470915472,134.9403076171875,1285400,0.0,0.0
2021-12-21 00:00:00-05:00,136.0373928090633,137.07622389488787,134.96945181673533,136.50341796875,671100,0.0,0.0
2021-12-22 00:00:00-05:00,136.46460955291542,137.56169035687327,136.09567657865585,136.94033813476562,540000,0.0,0.0
2021-12-23 00:00:00-05:00,137.3092170188106,139.10532041065682,137.3092170188106,138.416015625,584600,0.0,0.0
2021-12-27 00:00:00-05:00,139.15389938244326,141.37717079285324,138.81409115325434,141.0956268310547,514300,0.0,0.0
2021-12-28 00:00:00-05:00,141.28004410690352,142.36740635889674,141.26062269120374,142.09556579589844,687300,0.0,0.0
2021-12-29 00:00:00-05:00,142.24120420718617,143.75576369147325,141.91111417687537,143.114990234375,454600,0.0,0.0
2021-12-30 00:00:00-05:00,143.42567538016021,143.60043853142403,142.10530029251146,142.202392578125,353600,0.0,0.0
2021-12-31 00:00:00-05:00,142.08586923913504,143.47419683647223,141.91110611794136,142.75575256347656,408800,0.0,0.0
2022-01-03 00:00:00-05:00,142.95962498554255,143.10524855899942,138.6004433116155,139.4839324951172,850400,0.0,0.0
2022-01-04 00:00:00-05:00,140.2897355735034,142.25088342984176,139.73633642617048,141.83340454101562,774000,0.0,0.0
2022-01-05 00:00:00-05:00,142.30915939420504,143.22177336332757,139.11501050227625,139.2509307861328,1050900,0.0,0.0
2022-01-06 00:00:00-05:00,139.57133766955218,141.76549875878018,139.03737457203047,140.92083740234375,761100,0.0,0.0
2022-01-07 00:00:00-05:00,140.87227097162932,141.57129373383674,138.17327217862774,138.2315216064453,834300,0.0,0.0
2022-01-10 00:00:00-05:00,136.9305466447011,137.25093329580082,134.42573248918984,136.14414978027344,973300,0.0,0.0
2022-01-11 00:00:00-05:00,136.4839781615765,138.51307910639827,134.56167278301902,138.4257049560547,883600,0.0,0.0
2022-01-12 00:00:00-05:00,139.62956224289894,141.04701431750055,138.8625719656219,139.42567443847656,828600,0.0,0.0
2022-01-13 00:00:00-05:00,139.77522044417287,140.5616175154497,138.47426689874695,139.8625946044922,839900,0.0,0.0
2022-01-14 00:00:00-05:00,138.59075160913176,139.12472944682307,135.56166251415567,137.41600036621094,938100,0.0,0.0
2022-01-18 00:00:00-05:00,135.9791145223757,136.04708206573773,133.34808321544907,135.49368286132812,1036500,0.0,0.0
2022-01-19 00:00:00-05:00,135.85291533861727,136.71699803005615,134.53255526930985,134.794677734375,831700,0.0,0.0
2022-01-20 00:00:00-05:00,135.2121710815027,136.522827988632,132.32870514593517,132.63937377929688,682600,0.0,0.0
2022-01-21 00:00:00-05:00,132.54226743065556,133.46458464155256,131.24129929522513,132.44517517089844,1411100,0.0,0.0
2022-01-24 00:00:00-05:00,130.7170569694305,132.59083116935878,127.87243411399133,132.35781860351562,1232400,0.0,0.0
2022-01-25 00:00:00-05:00,129.9015479537033,131.0665812688078,126.15401400041226,129.98892211914062,1514200,0.0,0.0
2022-01-26 00:00:00-05:00,131.30930114082298,133.08598329625528,127.87245053494273,129.5034942626953,1380600,0.0,0.0
2022-01-27 00:00:00-05:00,130.6491240202528,131.7461898335506,127.95010953655093,128.60060119628906,953600,0.0,0.0
2022-01-28 00:00:00-05:00,128.3287455626355,131.20250838224226,126.62003093277936,131.056884765625,956600,0.0,0.0
2022-01-31 00:00:00-05:00,130.71707470922445,132.93064253543764,129.78503913356488,132.78501892089844,889200,0.0,0.0
2022-02-01 00:00:00-05:00,132.697630233314,133.35782518716783,131.07628979295643,133.09568786621094,892900,0.0,0.0
2022-02-02 00:00:00-05:00,133.12479160389557,135.73641665624572,133.12479160389557,135.7169952392578,1535000,0.0,0.0
2022-02-03 00:00:00-05:00,130.72674994152118,139.29947547939884,130.72674994152118,134.2315673828125,1260100,0.0,0.0
2022-02-04 00:00:00-05:00,134.21213283980842,134.21213283980842,130.115088989176,130.57139587402344,1076200,0.0,0.0
2022-02-07 00:00:00-05:00,130.81416185742995,132.3092852267232,130.2898872372735,131.31900024414062,816400,0.0,0.0
2022-02-08 00:00:00-05:00,131.49371640507883,132.44515820921612,130.61022732270996,131.5131378173828,1478700,0.0,0.0
2022-02-09 00:00:00-05:00,133.115072658825,133.31896047773557,131.78499462837618,132.54226684570312,1311800,0.0,0.0
2022-02-10 00:00:00-05:00,130.74616703772014,133.6975999508759,130.61995006025649,131.5422821044922,1373200,0.0,0.0
2022-02-11 00:00:00-05:00,131.33839476277538,131.33839476277538,126.30932964554417,126.9986343383789,1238500,0.0,0.0
2022-02-14 00:00:00-05:00,126.99867018545497,127.464680583971,125.52295330691683,126.36761474609375,1085200,0.0,0.0
2022-02-15 00:00:00-05:00,127.55203678249053,128.6393990375851,126.85301395730126,127.58116149902344,777700,0.0,0.0
2022-02-16 00:00:00-05:00,126.67828411693782,128.35788888722863,126.16372757077117,127.95983123779297,712000,0.0,0.0
2022-02-17 00:00:00-05:00,126.8044703324361,127.16368505291157,124.11517454385499,124.5811996459961,1029300,0.0,0.0
2022-02-18 00:00:00-05:00,124.39674144348916,125.55207134577181,123.7850927154099,124.48411560058594,777000,0.0,0.0
2022-02-22 00:00:00-05:00,124.28021394313028,125.36759098490853,122.61033517833407,123.7268295288086,1105600,0.0,0.0
2022-02-23 00:00:00-05:00,124.34818349121207,124.63944546805925,121.01812180144485,121.1346206665039,1187700,0.0,0.0
2022-02-24 00:00:00-05:00,119.00844927334839,124.2996523706424,118.25117693061206,123.89189147949219,1196200,0.0,0.0
2022-02-25 00:00:00-05:00,123.70742409491486,126.4258448292457,123.43558350290189,126.0860366821289,818000,0.0,0.0
2022-02-28 00:00:00-05:00,124.81421902408167,126.25109296931937,124.4258795191642,126.00837707519531,1211900,0.0,0.0
2022-03-01 00:00:00-05:00,125.8044845953061,126.13457460493883,122.72684931071812,123.67829132080078,1986100,0.0,0.0
2022-03-02 00:00:00-05:00,124.86276374085256,127.95982088480525,124.71714013172094,127.17342376708984,878200,0.0,0.0
2022-03-03 00:00:00-05:00,127.76564446086951,128.0083603395458,125.62973287715707,127.2316665649414,907200,0.0,0.0
2022-03-04 00:00:00-05:00,125.28994607990842,127.47438910209674,124.95013790633152,127.17342376708984,1095100,0.0,0.0
2022-03-07 00:00:00-05:00,127.35788090781644,127.65886107004071,124.45500820278258,125.72683715820312,1209300,0.0,0.0
2022-03-08 00:00:00-05:00,126.61032119239152,128.26078629168487,125.05693356117287,125.07635498046875,1446300,0.0,0.0
2022-03-09 00:00:00-05:00,127.41036478659535,128.11058325864323,126.43784077981091,126.92410278320312,784800,0.22,0.0
2022-03-10 00:00:00-05:00,125.30000394053044,125.64039331802394,124.3663816765879,124.65813446044922,1186200,0.0,0.0
2022-03-11 00:00:00-05:00,125.51398059486402,125.6501333998232,122.75201521452489,122.86871337890625,1126900,0.0,0.0
2022-03-14 00:00:00-04:00,124.04547407958262,124.6289797400828,122.40190568268636,123.59810638427734,922600,0.0,0.0
2022-03-15 00:00:00-04:00,123.85097982314511,126.20449449054409,123.34527040406249,125.82521057128906,1228400,0.0,0.0
2022-03-16 00:00:00-04:00,126.67129875948302,128.1106306670904,125.56262157505473,127.77025604248047,959400,0.0,0.0
2022-03-17 00:00:00-04:00,127.12834691603557,129.54993717920686,126.40867376597265,129.10256958007812,796900,0.0,0.0
2022-03-18 00:00:00-04:00,128.39266588652362,131.64089357926017,127.26453410500223,131.057373046875,1372400,0.0,0.0
2022-03-21 00:00:00-04:00,130.96011379091678,132.0493361583852,130.2890697111222,130.98928833007812,1122600,0.0,0.0
2022-03-22 00:00:00-04:00,131.37827586433016,132.088229135081,130.89201381893145,130.9211883544922,973800,0.0,0.0
2022-03-23 00:00:00-04:00,130.2501697293161,130.8434101338431,128.77194350782494,128.90809631347656,866400,0.0,0.0
2022-03-24 00:00:00-04:00,129.51104070087544,129.96812824357195,128.55797117845208,128.8594512939453,869700,0.0,0.0
2022-03-25 00:00:00-04:00,129.21929098327254,129.93896426290237,128.64550524332643,129.8903350830078,799000,0.0,0.0
2022-03-28 00:00:00-04:00,129.7833579313955,130.3668784160291,128.7622045030579,129.997314453125,576800,0.0,0.0
2022-03-29 00:00:00-04:00,131.00877069542958,132.95381952871634,130.38635566235962,132.23414611816406,838700,0.0,0.0
2022-03-30 00:00:00-04:00,131.81593211996795,132.49671097592073,131.34912462864992,131.70895385742188,886100,0.0,0.0
2022-03-31 00:00:00-04:00,131.41723225815142,132.74958599161053,129.48190328131216,129.5207977294922,1068100,0.0,0.0
2022-04-01 00:00:00-04:00,130.52247784451095,131.0670890156464,128.97615310702253,130.68780517578125,795100,0.0,0.0
2022-04-04 00:00:00-04:00,130.9698420455488,131.13516939119017,129.39435747216643,130.31825256347656,880600,0.0,0.0
2022-04-05 00:00:00-04:00,130.31826114401673,130.8628723983513,127.90640494358777,128.16897583007812,1212600,0.0,0.0
2022-04-06 00:00:00-04:00,126.82690368159004,128.74277783276395,126.79772913833715,128.3051300048828,1026300,0.0,0.0
2022-04-07 00:00:00-04:00,127.94528947278589,129.15122489932054,127.21589627663711,128.6649627685547,1024100,0.0,0.0
2022-04-08 00:00:00-04:00,128.84970941295722,129.9875607061257,128.02305808156393,128.1981201171875,850300,0.0,0.0
2022-04-11 00:00:00-04:00,127.74107432827319,128.7622129843285,126.26283321883079,126.31146240234375,963100,0.0,0.0
2022-04-12 00:00:00-04:00,126.76854578213603,128.55798689511624,124.67760967726277,125.1541519165039,909800,0.0,0.0
2022-04-13 00:00:00-04:00,124.59979139089893,126.36979249587978,124.59979139089893,125.98077392578125,825100,0.0,0.0
2022-04-14 00:00:00-04:00,126.428155365575,126.82689387860283,123.55921173095703,123.55921173095703,2247100,0.0,0.0
2022-04-18 00:00:00-04:00,123.56893378907547,124.80404379120812,122.87844243424094,123.78289031982422,581800,0.0,0.0
2022-04-19 00:00:00-04:00,124.22051360275393,126.67127120904763,124.08435339484328,126.55457305908203,783300,0.0,0.0
2022-04-20 00:00:00-04:00,127.82858936842388,130.00703418385854,127.82858936842388,128.4801788330078,869900,0.0,0.0
2022-04-21 00:00:00-04:00,129.82225302705234,130.23071138585067,128.0522519660522,128.61631774902344,837200,0.0,0.0
2022-04-22 00:00:00-04:00,127.79941135680319,127.79941135680319,123.53002320330681,123.6759033203125,1211700,0.0,0.0
2022-04-25 00:00:00-04:00,123.48139111341006,124.34693700352032,120.77777519420988,124.14270782470703,1106600,0.0,0.0
2022-04-26 00:00:00-04:00,123.52030029779831,124.61924996892867,121.83783017284365,121.88645935058594,735900,0.0,0.0
2022-04-27 00:00:00-04:00,121.86701498028225,124.1135511093526,121.86701498028225,122.9076156616211,1046700,0.0,0.0
2022-04-28 00:00:00-04:00,123.89960443153362,125.13470709888594,122.14905762292119,124.60955047607422,1582700,0.0,0.0
2022-04-29 00:00:00-04:00,123.88984310414043,125.6501093309042,122.5283078955863,122.7908935546875,1667500,0.0,0.0
2022-05-02 00:00:00-04:00,122.60614259792777,123.51059052613047,119.98032986173767,122.84927368164062,2039600,0.0,0.0
2022-05-03 00:00:00-04:00,121.4293691085041,123.51057024984104,119.84415737405271,120.89447784423828,2369000,0.0,0.0
2022-05-04 00:00:00-04:00,121.487723408374,123.88013209185061,120.06783894190923,123.63700103759766,1168800,0.0,0.0
2022-05-05 00:00:00-04:00,122.46023603754678,123.00485459298294,118.00607376436406,118.81327056884766,1278200,0.0,0.0
2022-05-06 00:00:00-04:00,117.90883231540123,120.56382665476815,115.67203109996123,119.74690246582031,1779600,0.0,0.0
2022-05-09 00:00:00-04:00,118.46316555025514,119.7663517828806,117.54899788533781,118.49234008789062,1684500,0.0,0.0
2022-05-10 00:00:00-04:00,119.61075028086155,120.14564156324359,117.02383974550604,117.56845092773438,1555300,0.0,0.0
2022-05-11 00:00:00-04:00,117.51010508606424,119.17312063740401,116.23609329287541,117.13082122802734,1350000,0.0,0.0
2022-05-12 00:00:00-04:00,116.72234754170658,118.09361018199192,115.03015756455856,117.10163879394531,1221600,0.0,0.0
2022-05-13 00:00:00-04:00,117.74349948874277,119.12448201208191,116.7028989366815,117.71432495117188,1446400,0.0,0.0
2022-05-16 00:00:00-04:00,117.1405392754483,117.74350696267943,115.16631629694945,116.96548461914062,902100,0.0,0.0
2022-05-17 00:00:00-04:00,118.72576265534951,118.97861361903982,117.49065269825643,118.11306762695312,1282000,0.0,0.0
2022-05-18 00:00:00-04:00,117.25726011337905,117.44204211346647,112.8225514694563,113.17266082763672,1458900,0.0,0.0
2022-05-19 00:00:00-04:00,111.9667059167987,114.90373308876862,111.22759288392008,113.5032958984375,988200,0.0,0.0
2022-05-20 00:00:00-04:00,114.06737586640072,114.33968148282912,112.11259994879462,114.13545227050781,1021900,0.0,0.0
2022-05-23 00:00:00-04:00,115.49696724602592,116.10965477410153,114.02845373867869,115.86652374267578,889700,0.0,0.0
2022-05-24 00:00:00-04:00,115.20523860237206,115.62342438778258,113.23101527349417,115.23441314697266,760200,0.0,0.0
2022-05-25 00:00:00-04:00,114.7870486536888,115.22468906614155,113.240738487763,114.80650329589844,935600,0.0,0.0
2022-05-26 00:00:00-04:00,116.04159141379995,117.75323614479412,115.85680943483851,117.13082122802734,663400,0.0,0.0
2022-05-27 00:00:00-04:00,118.44372458505045,119.0953140258789,117.89911340104706,119.0953140258789,613900,0.0,0.0
2022-05-31 00:00:00-04:00,117.9477329825498,119.02723543075201,116.32361936039717,118.13251495361328,1467600,0.0,0.0
2022-06-01 00:00:00-04:00,118.70631331231766,119.05642265280413,116.2069261659275,117.12110137939453,781000,0.0,0.0
2022-06-02 00:00:00-04:00,117.99636418745274,119.82470703125,116.95576357947824,119.82470703125,900200,0.0,0.0
2022-06-03 00:00:00-04:00,118.83275061291606,119.45516559239837,118.44373939579665,119.04670715332031,1660100,0.0,0.0
2022-06-06 00:00:00-04:00,119.9414124933671,120.17481622602365,118.69658269283761,119.0661392211914,695900,0.0,0.0
2022-06-07 00:00:00-04:00,118.24924212722567,120.2720947265625,117.87968551417805,120.2720947265625,1153100,0.0,0.0
2022-06-08 00:00:00-04:00,119.78580590925854,120.07756614197979,118.23949596724039,118.40482330322266,683700,0.0,0.0
2022-06-09 00:00:00-04:00,117.50847391954593,118.5119859341523,115.71578627252313,115.7645034790039,1220500,0.22,0.0
2022-06-10 00:00:00-04:00,114.13746469509773,114.61486216115165,112.44221124090406,112.49092102050781,658100,0.0,0.0
2022-06-13 00:00:00-04:00,110.05518173575256,111.24381007454986,108.41838339651058,108.83732604980469,1606800,0.0,0.0
2022-06-14 00:00:00-04:00,109.05169191176397,109.78240547122816,107.31746625328138,108.47686004638672,1372300,0.0,0.0
2022-06-15 00:00:00-04:00,109.47062186166838,110.75667727876231,107.90202300927024,109.3926773071289,914400,0.0,0.0
2022-06-16 00:00:00-04:00,107.25899335669038,107.40513754056661,105.0473704757968,105.44683074951172,1639400,0.0,0.0
2022-06-17 00:00:00-04:00,105.06686114112108,105.7488649083158,103.43980743488079,104.3848648071289,2074900,0.0,0.0
2022-06-21 00:00:00-04:00,105.54425944895952,106.0801115543087,104.68688418727751,105.50528717041016,885400,0.0,0.0
2022-06-22 00:00:00-04:00,104.01464428899648,106.86929896688434,104.01464428899648,105.71964263916016,902600,0.0,0.0
2022-06-23 00:00:00-04:00,105.817044804323,106.43084139042831,104.2192187485431,106.15804290771484,959500,0.0,0.0
2022-06-24 00:00:00-04:00,107.1713250114004,110.65926628210377,107.01543587981006,110.5813217163086,1245000,0.0,0.0
2022-06-27 00:00:00-04:00,110.96130193815245,110.96130193815245,109.35373043501217,109.8116455078125,831500,0.0,0.0
2022-06-28 00:00:00-04:00,110.21110059027822,110.78592506132098,107.08364723628503,107.28824615478516,998400,0.0,0.0
2022-06-29 00:00:00-04:00,107.59026917999316,107.9020400140827,105.80732623822965,107.69744110107422,962700,0.0,0.0
2022-06-30 00:00:00-04:00,106.38214403348053,107.98970777031951,105.66116803568632,107.06414031982422,1210000,0.0,0.0
2022-07-01 00:00:00-04:00,106.97646413479572,108.88606127447417,106.71340310049371,108.5937728881836,908200,0.0,0.0
2022-07-05 00:00:00-04:00,107.35642533225354,108.64248074142144,106.0021702965844,108.53530883789062,1069300,0.0,0.0
2022-07-06 00:00:00-04:00,109.06143341783338,110.41568857755007,107.83383259516272,109.45114135742188,1036300,0.0,0.0
2022-07-07 00:00:00-04:00,109.87007283362514,110.72744805262583,109.37319303156072,110.49362182617188,1075400,0.0,0.0
2022-07-08 00:00:00-04:00,110.5618228516895,110.5618228516895,108.67170829481944,109.46087646484375,809800,0.0,0.0
2022-07-11 00:00:00-04:00,107.44413290508348,109.7434457636387,107.02519011899409,109.05170440673828,945700,0.0,0.0
2022-07-12 00:00:00-04:00,108.83735446141691,109.98701082639353,107.09338377189795,107.42464447021484,933400,0.0,0.0
2022-07-13 00:00:00-04:00,105.7878383723385,107.61949099926026,105.47606755428369,106.76212310791016,780000,0.0,0.0
2022-07-14 00:00:00-04:00,105.05712173038134,107.14209040851865,104.22898121614591,106.90826416015625,1033600,0.0,0.0
2022-07-15 00:00:00-04:00,108.32097379580243,108.87631578030677,107.17131754661068,108.82759857177734,838800,0.0,0.0
2022-07-18 00:00:00-04:00,109.06143665027118,109.5096067406431,106.0314105009891,106.29446411132812,1016700,0.0,0.0
2022-07-19 00:00:00-04:00,107.48309343630358,110.22083120807305,107.14209526008362,109.99674987792969,1321000,0.0,0.0
2022-07-20 00:00:00-04:00,110.24030513077888,111.16587253718828,109.6070186475085,110.89307403564453,726100,0.0,0.0
2022-07-21 00:00:00-04:00,110.94179664204704,112.70524949376075,110.44490938535125,112.65653228759766,692300,0.0,0.0
2022-07-22 00:00:00-04:00,113.1534337349328,113.4749494962458,111.67252414019877,112.36426544189453,804600,0.0,0.0
2022-07-25 00:00:00-04:00,112.49091205787916,113.17291581682112,111.5848269775667,112.5298843383789,710000,0.0,0.0
2022-07-26 00:00:00-04:00,112.52988767583724,113.3288008667705,111.88685617832374,113.14368438720703,751300,0.0,0.0
2022-07-27 00:00:00-04:00,113.81593770232568,116.07627789600252,113.2508507956059,115.55016326904297,751500,0.0,0.0
2022-07-28 00:00:00-04:00,116.4075359219193,117.82024572353299,115.09224566769716,117.54744720458984,808400,0.0,0.0
2022-07-29 00:00:00-04:00,117.75205422627272,120.57748145783869,116.80699683951971,120.32416534423828,1120500,0.0,0.0
2022-08-01 00:00:00-04:00,119.37911539810003,120.09034657296804,118.60942951383575,119.23297119140625,1498400,0.0,0.0
2022-08-02 00:00:00-04:00,128.53737383004216,128.53737383004216,121.16204635317487,121.60047149658203,1957100,0.0,0.0
2022-08-03 00:00:00-04:00,122.50656337058741,123.5880200464556,122.1168479808074,122.99370574951172,1387800,0.0,0.0
2022-08-04 00:00:00-04:00,123.12037003574986,123.32496894708557,122.09736804586832,122.15582275390625,790800,0.0,0.0
2022-08-05 00:00:00-04:00,121.35689736901607,123.09112291020148,120.99641679464516,123.0034408569336,790300,0.0,0.0
2022-08-08 00:00:00-04:00,123.92901128663138,124.06541055043735,122.24350291251363,122.42861938476562,985500,0.0,0.0
2022-08-09 00:00:00-04:00,121.81482382168183,122.16556693416544,120.88925626180739,121.62970733642578,775100,0.0,0.0
2022-08-10 00:00:00-04:00,123.95825949397617,124.20183069617566,122.9839746851782,123.7926254272461,887200,0.0,0.0
2022-08-11 00:00:00-04:00,124.85458057150964,125.57555661419478,123.6464770365948,123.90953063964844,851100,0.0,0.0
2022-08-12 00:00:00-04:00,124.4356322407303,126.03345841497743,123.91926258399457,125.9847412109375,1043200,0.0,0.0
2022-08-15 00:00:00-04:00,125.41966158689718,126.37447126868155,124.77664500223958,126.21858215332031,938400,0.0,0.0
2022-08-16 00:00:00-04:00,125.56580269439087,127.48514452566594,125.42940344647094,126.95902252197266,714300,0.0,0.0
2022-08-17 00:00:00-04:00,125.49761628747399,126.71547222515449,125.07868098078654,126.3062744140625,741900,0.0,0.0
2022-08-18 00:00:00-04:00,126.62778702336884,127.24159115797829,126.01398288875937,126.78367614746094,707500,0.0,0.0
2022-08-19 00:00:00-04:00,126.41345228343232,126.41345228343232,125.1273892168126,125.5853042602539,873600,0.0,0.0
2022-08-22 00:00:00-04:00,123.89004309382476,124.32846822518881,122.42861607834166,122.90601348876953,670000,0.0,0.0
2022-08-23 00:00:00-04:00,122.64295409058921,123.51006686995768,122.15581174563155,123.13009643554688,751400,0.0,0.0
2022-08-24 00:00:00-04:00,123.33469848814154,123.88030298304946,122.37990363015702,123.31521606445312,955200,0.0,0.0
2022-08-25 00:00:00-04:00,123.8315797007621,124.08489579550263,122.76961298156876,124.03617858886719,746100,0.0,0.0
2022-08-26 00:00:00-04:00,124.39665798321198,124.39665798321198,119.12577473105974,119.50575256347656,592900,0.0,0.0
2022-08-29 00:00:00-04:00,118.85299816206803,119.50577461352422,118.17100178974421,118.81402587890625,476700,0.0,0.0
2022-08-30 00:00:00-04:00,119.37910609671191,119.63242220636386,116.83622237125897,117.25516510009766,781600,0.0,0.0
2022-08-31 00:00:00-04:00,117.73255956060216,118.49250787036652,116.8264819256262,117.07005310058594,1094900,0.0,0.0
2022-09-01 00:00:00-04:00,116.45625684830186,117.40131426029052,115.7742604856311,117.33311462402344,1002300,0.0,0.0
2022-09-02 00:00:00-04:00,118.34636052297607,118.90170248974768,114.32256006268865,114.79996490478516,1556900,0.0,0.0
2022-09-06 00:00:00-04:00,115.0045678675145,116.52444963394078,113.96208352689091,116.436767578125,2036700,0.0,0.0
2022-09-07 00:00:00-04:00,116.61214741999433,119.72011080623818,116.61214741999433,119.4765396118164,1282800,0.0,0.0
2022-09-08 00:00:00-04:00,118.67761098194127,120.98666828119701,118.25866828460462,120.80155181884766,1048100,0.0,0.0
2022-09-09 00:00:00-04:00,121.50304786214004,122.93524760544622,121.19127704567357,122.5455322265625,1042100,0.0,0.0
2022-09-12 00:00:00-04:00,122.73064180579485,124.09464183862148,122.73064180579485,123.56852722167969,1164300,0.0,0.0
2022-09-13 00:00:00-04:00,120.93340977040663,121.92890382540445,119.75247010913381,120.28926086425781,1163900,0.22,0.0
2022-09-14 00:00:00-04:00,120.49419043154774,121.1480936192713,119.108304063087,120.10379791259766,921900,0.0,0.0
2022-09-15 00:00:00-04:00,119.8793363014585,120.59179581473482,118.06401728032925,118.5227279663086,960800,0.0,0.0
2022-09-16 00:00:00-04:00,117.43939854856205,117.43939854856205,115.04824871343736,116.09254455566406,1480200,0.0,0.0
2022-09-19 00:00:00-04:00,115.18488405451971,117.75171015269159,115.18488405451971,117.63459014892578,584200,0.0,0.0
2022-09-20 00:00:00-04:00,116.81476291310025,116.81476291310025,115.25319277499963,116.00469970703125,573500,0.0,0.0
2022-09-21 00:00:00-04:00,117.13684333705069,117.99570850099838,114.67738274510761,114.7359390258789,551000,0.0,0.0
2022-09-22 00:00:00-04:00,114.4724150450139,114.96040385118441,112.63757981441533,112.73517608642578,750000,0.0,0.0
2022-09-23 00:00:00-04:00,112.14959437043218,112.42286691870132,110.09028095096598,111.68112182617188,766300,0.0,0.0
2022-09-26 00:00:00-04:00,111.52496192730538,112.8522921167368,110.3928317340365,110.93937683105469,650500,0.0,0.0
2022-09-27 00:00:00-04:00,112.0910346134186,112.0910346134186,108.20664763227848,109.12406158447266,955300,0.0,0.0
2022-09-28 00:00:00-04:00,110.18787417440359,112.12030568142994,109.48516910053281,111.61280059814453,600400,0.0,0.0
2022-09-29 00:00:00-04:00,110.66610447443657,110.84178074822825,109.5437286944408,110.55874633789062,682800,0.0,0.0
2022-09-30 00:00:00-04:00,110.6075431738919,112.17886770528051,109.87555997403204,110.68562316894531,1970200,0.0,0.0
2022-10-03 00:00:00-04:00,112.35454746180483,115.63383289474969,111.85679678552256,114.7261734008789,1019800,0.0,0.0
2022-10-04 00:00:00-04:00,116.7854997263386,118.77648775966787,116.60006157332374,118.2104263305664,1352500,0.0,0.0
2022-10-05 00:00:00-04:00,117.10755198719109,119.30350162184592,117.05875757409194,118.17137145996094,1052000,0.0,0.0
2022-10-06 00:00:00-04:00,117.77122724906506,118.53248866353823,116.38534070240269,116.83428955078125,1013000,0.0,0.0
2022-10-07 00:00:00-04:00,115.72168038841103,115.96567482352584,112.88158903565656,113.49645233154297,940100,0.0,0.0
2022-10-10 00:00:00-04:00,114.35528702444734,114.46264514995895,111.92510502520331,112.75468444824219,580100,0.0,0.0
2022-10-11 00:00:00-04:00,112.413117630323,113.93564053874962,111.61281617254498,112.2959976196289,778400,0.0,0.0
2022-10-12 00:00:00-04:00,112.6278258293554,113.34028536635988,111.24193930998555,111.25169372558594,1202700,0.0,0.0
2022-10-13 00:00:00-04:00,109.03622824900624,113.25245155381947,108.29448312288461,113.01821899414062,1632500,0.0,0.0
2022-10-14 00:00:00-04:00,113.95517570550449,114.20892458497426,110.41237134900834,110.53925323486328,1040300,0.0,0.0
2022-10-17 00:00:00-04:00,112.34480270598429,114.34556013084078,112.18864268724916,114.15036010742188,1029400,0.0,0.0
2022-10-18 00:00:00-04:00,116.54150306012016,117.35155890825806,114.78474018656517,116.25846862792969,1857600,0.0,0.0
2022-10-19 00:00:00-04:00,114.9018450596266,116.05349891480024,113.98442374136948,115.15559387207031,1272200,0.0,0.0
2022-10-20 00:00:00-04:00,114.87257788534691,114.97993603324561,111.50545763541662,112.33503723144531,1395700,0.0,0.0
2022-10-21 00:00:00-04:00,112.33503337150134,116.54150238142809,111.61281194818758,116.31702423095703,1151000,0.0,0.0
2022-10-24 00:00:00-04:00,116.91236192802059,118.25920838530585,116.50245310790575,117.55650329589844,893600,0.0,0.0
2022-10-25 00:00:00-04:00,117.31251663837874,120.49420602737568,117.166125940178,120.08429718017578,1115600,0.0,0.0
2022-10-26 00:00:00-04:00,120.99195709096229,121.69466222884209,119.52799053575237,120.7674789428711,989500,0.0,0.0
2022-10-27 00:00:00-04:00,121.61656565403055,122.79749762078524,121.12857686878722,121.62632751464844,1025700,0.0,0.0
2022-10-28 00:00:00-04:00,122.18265496946992,126.37936220642754,121.99721681714972,126.17440032958984,2182600,0.0,0.0
2022-10-31 00:00:00-04:00,126.28173944991039,127.62859328616503,125.39359627115593,126.54525756835938,2265100,0.0,0.0
2022-11-01 00:00:00-04:00,129.26823095105325,134.6751552285647,125.98894559882834,128.8583221435547,1914000,0.0,0.0
2022-11-02 00:00:00-04:00,128.99497845532665,131.32756470067005,126.61359034364777,126.9649429321289,1372000,0.0,0.0
2022-11-03 00:00:00-04:00,125.87183246962569,130.4198916672146,125.48144738588056,128.55577087402344,1204000,0.0,0.0
2022-11-04 00:00:00-04:00,130.95668847154474,132.32306626862407,128.96570039702866,132.00099182128906,1221300,0.0,0.0
2022-11-07 00:00:00-05:00,132.17663734206184,133.1721386497462,131.2006597559263,133.1233367919922,1611800,0.0,0.0
2022-11-08 00:00:00-05:00,133.50401254814392,135.0070268781135,132.5378039425475,133.92369079589844,805900,0.0,0.0
2022-11-09 00:00:00-05:00,133.25997669862087,134.31403430750925,132.23521211897398,132.43040466308594,958400,0.0,0.0
2022-11-10 00:00:00-05:00,136.0317780000282,137.68118271286465,135.44618541706964,137.300537109375,1291100,0.0,0.0
2022-11-11 00:00:00-05:00,137.83732793349924,138.61811308062673,134.9191641090905,135.51451110839844,1386400,0.0,0.0
2022-11-14 00:00:00-05:00,134.86059999161608,136.5783303835999,134.35310227783793,134.47021484375,1093500,0.0,0.0
2022-11-15 00:00:00-05:00,136.10985696514342,136.43191650185094,133.73822340372297,135.25099182128906,1166000,0.0,0.0
2022-11-16 00:00:00-05:00,135.25101113108076,136.32457782193399,134.08959511634535,135.2412567138672,652700,0.0,0.0
2022-11-17 00:00:00-05:00,133.60160401362992,134.74349628305106,132.59634804416754,134.71421813964844,817100,0.0,0.0
2022-11-18 00:00:00-05:00,136.0610399757438,136.48070319295846,134.42138987359502,135.97320556640625,836900,0.0,0.0
2022-11-21 00:00:00-05:00,136.07079752997913,137.63236767355627,135.4461724509956,137.10533142089844,806700,0.0,0.0
2022-11-22 00:00:00-05:00,138.00323253903503,138.3936325309428,136.93942048403073,138.2374725341797,770100,0.0,0.0
2022-11-23 00:00:00-05:00,138.5888358890838,139.35985173334677,137.193194901292,138.6669158935547,457600,0.0,0.0
2022-11-25 00:00:00-05:00,139.16463517134855,139.63311511739116,138.54001013552727,139.14512634277344,359900,0.0,0.0
2022-11-28 00:00:00-05:00,138.24723518704542,138.58883333878967,135.54378768165068,136.0122528076172,738200,0.0,0.0
2022-11-29 00:00:00-05:00,135.778012439233,136.5392738515034,134.88988405307612,135.670654296875,781900,0.0,0.0
2022-11-30 00:00:00-05:00,135.4754536490119,139.14513910165908,134.4897215951024,138.9987335205078,1524100,0.0,0.0
2022-12-01 00:00:00-05:00,139.55505795658962,140.07232495092674,138.21795836867696,139.84783935546875,1004800,0.0,0.0
2022-12-02 00:00:00-05:00,138.41316233171293,141.54604235857263,138.16916791064497,140.92141723632812,1203700,0.0,0.0
2022-12-05 00:00:00-05:00,139.2720173129063,140.19919316611103,138.5888358890838,138.6669158935547,1105800,0.0,0.0
2022-12-06 00:00:00-05:00,138.7255280421719,138.79395957503806,135.69531473602,136.6728057861328,734000,0.22,0.0
2022-12-07 00:00:00-05:00,136.70216850960696,137.7578460208449,136.55553586086046,137.31797790527344,594700,0.0,0.0
2022-12-08 00:00:00-05:00,137.70898390719498,138.8624165219577,137.04428204409948,137.5916748046875,647500,0.0,0.0
2022-12-09 00:00:00-05:00,137.83606384643446,138.37368712642223,135.87131140357275,135.9788360595703,770200,0.0,0.0
2022-12-12 00:00:00-05:00,136.4088952092147,138.97968683357374,136.4088952092147,138.87217712402344,1034600,0.0,0.0
2022-12-13 00:00:00-05:00,142.02948383745667,142.50844501166176,139.57597121563168,140.2113494873047,1025400,0.0,0.0
2022-12-14 00:00:00-05:00,140.26019649029212,141.23768754277503,138.19768977293998,138.55935668945312,853400,0.0,0.0
2022-12-15 00:00:00-05:00,136.84877806071992,137.28864614999134,134.83514842713691,135.13816833496094,1064800,0.0,0.0
2022-12-16 00:00:00-05:00,133.64262025155077,134.424616324485,132.48917268802253,133.69149780273438,2326700,0.0,0.0
2022-12-19 00:00:00-05:00,133.74034127315758,134.95242070776627,133.33956633704892,133.896728515625,826700,0.0,0.0
2022-12-20 00:00:00-05:00,133.85764856952937,135.62690527166515,132.98768198998567,134.6494140625,1029100,0.0,0.0
2022-12-21 00:00:00-05:00,135.61712224764648,137.327731693637,135.37274946964783,137.20065307617188,630500,0.0,0.0
2022-12-22 00:00:00-05:00,136.06678620693344,136.06678620693344,133.3004840334174,135.20660400390625,700500,0.0,0.0
2022-12-23 00:00:00-05:00,134.92308742510556,136.2817993777895,134.66894512353267,136.24270629882812,412200,0.0,0.0
2022-12-27 00:00:00-05:00,136.74124208160737,137.50368401718924,136.08632477362457,136.97584533691406,447500,0.0,0.0
2022-12-28 00:00:00-05:00,137.45480648449808,138.29544950524283,135.20658867780733,135.2456817626953,480200,0.0,0.0
2022-12-29 00:00:00-05:00,136.02767796926287,137.77738064162284,135.8908297988846,137.21043395996094,452700,0.0,0.0
2022-12-30 00:00:00-05:00,136.84878487750487,137.03451061486348,135.23593016472498,136.57508850097656,551100,0.0,0.0
2023-01-03 00:00:00-05:00,137.02469734929187,137.72849214535916,135.52913713648155,137.3570556640625,1446200,0.0,0.0
2023-01-04 00:00:00-05:00,138.1292946324441,138.62782474636776,136.30139065561386,137.67965698242188,580900,0.0,0.0
2023-01-05 00:00:00-05:00,136.82921953970094,137.2104405265227,134.37572189788233,134.87423706054688,1313200,0.0,0.0
2023-01-06 00:00:00-05:00,136.7607923245826,141.237703645204,136.4284489085273,140.60232543945312,960700,0.0,0.0
2023-01-09 00:00:00-05:00,140.485036182433,143.12425943420416,138.62780887219859,139.29249572753906,1011700,0.0,0.0
2023-01-10 00:00:00-05:00,138.9112943263312,140.01586430868556,138.62782840169785,139.5955352783203,424300,0.0,0.0
2023-01-11 00:00:00-05:00,140.4557262260674,142.22498307929462,139.68349975229413,142.20542907714844,816300,0.0,0.0
2023-01-12 00:00:00-05:00,143.09493852915404,143.09493852915404,141.4722995307382,142.2738494873047,545300,0.0,0.0
2023-01-13 00:00:00-05:00,141.40387657827537,143.5152610903272,141.40387657827537,142.84078979492188,622700,0.0,0.0
2023-01-17 00:00:00-05:00,143.3099859012067,143.70097641636323,141.21815532292175,141.3745574951172,1190500,0.0,0.0
2023-01-18 00:00:00-05:00,141.3647543422572,141.6580046475093,137.6503001934978,138.23678588867188,939600,0.0,0.0
2023-01-19 00:00:00-05:00,137.82624768560945,138.5593660243627,135.32387280911797,135.9005889892578,1381900,0.0,0.0
2023-01-20 00:00:00-05:00,136.7705666466322,139.43911344111947,135.5487026490222,139.29249572753906,1058300,0.0,0.0
2023-01-23 00:00:00-05:00,139.5564275492801,140.24066842949782,138.45185768278625,139.8301239013672,885000,0.0,0.0
2023-01-24 00:00:00-05:00,137.6307445710073,141.2181349802284,137.61119057346664,140.8369140625,918400,0.0,0.0
2023-01-25 00:00:00-05:00,139.4391217568741,140.03539201988093,138.27591969065818,139.58575439453125,1145200,0.0,0.0
2023-01-26 00:00:00-05:00,140.63168292459736,141.05201198251035,138.53985192551562,140.3188934326172,927000,0.0,0.0
2023-01-27 00:00:00-05:00,139.45867020344159,141.16927983397528,139.05789522460825,140.66098022460938,967900,0.0,0.0
2023-01-30 00:00:00-05:00,139.94745480125752,140.52417120054406,138.79402200268441,139.1068115234375,798400,0.0,0.0
2023-01-31 00:00:00-05:00,139.7128222510192,141.75579037298536,138.87219406436645,141.6580352783203,1020600,0.0,0.0
2023-02-01 00:00:00-05:00,141.37455832794674,142.75280959695866,139.16541864983523,141.88284301757812,1842000,0.0,0.0
2023-02-02 00:00:00-05:00,142.22496598394534,142.8505597394264,139.81056158810475,141.26702880859375,1912600,0.0,0.0
2023-02-03 00:00:00-05:00,140.75871058128917,143.3490558862713,140.49478382265693,143.08514404296875,1301900,0.0,0.0
2023-02-06 00:00:00-05:00,142.4400468876423,144.72737316607973,142.4400468876423,143.77920532226562,1833300,0.0,0.0
2023-02-07 00:00:00-05:00,142.51819826165948,143.74983161677056,140.7782653835834,143.43704223632812,1056800,0.0,0.0
2023-02-08 00:00:00-05:00,143.2513625856837,143.43708833156745,141.4429975935189,141.70692443847656,832100,0.0,0.0
2023-02-09 00:00:00-05:00,142.8798828559985,143.5250306093543,140.67075817626292,141.11062622070312,725600,0.0,0.0
2023-02-10 00:00:00-05:00,141.08136049381474,142.00997450491872,140.75878648494623,141.43325805664062,879200,0.0,0.0
2023-02-13 00:00:00-05:00,141.68736450701783,143.31977322913664,141.37457503914305,142.5475616455078,1146200,0.0,0.0
2023-02-14 00:00:00-05:00,141.86331000091005,142.71372261619595,140.3286415778008,141.1204071044922,1074300,0.0,0.0
2023-02-15 00:00:00-05:00,140.72939398316666,142.95807248405055,140.59254582663274,142.90919494628906,648000,0.0,0.0
2023-02-16 00:00:00-05:00,141.1497540576128,142.22500057794443,141.09110695929203,141.29638671875,609400,0.0,0.0
2023-02-17 00:00:00-05:00,141.07154895530553,143.56413979174496,140.69031303666583,143.1927032470703,853800,0.0,0.0
2023-02-21 00:00:00-05:00,141.74597111401974,142.42044232175132,139.32179749788963,139.78121948242188,712500,0.0,0.0
2023-02-22 00:00:00-05:00,140.51435930450623,140.93467335906644,138.7157790850882,139.13609313964844,1033500,0.0,0.0
2023-02-23 00:00:00-05:00,138.74512266176788,140.0647270165809,137.34730229487613,139.5564422607422,1100700,0.0,0.0
2023-02-24 00:00:00-05:00,138.07061322813783,138.48115768648103,136.90739647183383,137.76759338378906,1115500,0.0,0.0
2023-02-27 00:00:00-05:00,139.0285628113536,139.3511366823712,137.6503116183365,138.1683807373047,1128900,0.0,0.0
2023-02-28 00:00:00-05:00,138.15860796103536,139.45867309705577,137.83603406274466,138.3736572265625,1046500,0.0,0.0
2023-03-01 00:00:00-05:00,137.75784446121693,139.11657171368188,137.75784446121693,138.46163940429688,733600,0.0,0.0
2023-03-02 00:00:00-05:00,137.7871654327509,139.43911302369548,137.29841983517002,139.13609313964844,782700,0.0,0.0
2023-03-03 00:00:00-05:00,140.38727249201668,140.88580251829862,138.95035932567058,140.69029235839844,589500,0.0,0.0
2023-03-06 00:00:00-05:00,140.50461487112838,141.47232178146137,139.81058943579077,140.17225646972656,647000,0.0,0.0
2023-03-07 00:00:00-05:00,140.3286210557656,140.3286210557656,136.88784817985885,136.9269561767578,876100,0.0,0.0
2023-03-08 00:00:00-05:00,136.99541612629812,137.97290754329728,136.33072912209965,137.60147094726562,1145200,0.0,0.0
2023-03-09 00:00:00-05:00,138.40442251919745,138.71778342239523,135.23172555460658,136.0542755126953,1620400,0.25,0.0
2023-03-10 00:00:00-05:00,136.22074408475106,136.5928564250964,132.27444669442806,132.90115356445312,891700,0.0,0.0
2023-03-13 00:00:00-04:00,131.61835470006983,133.9685015592246,130.53140841579017,132.53883361816406,1091400,0.0,0.0
2023-03-14 00:00:00-04:00,134.78128348714642,135.91719443688632,133.3907779901358,135.63320922851562,1274000,0.0,0.0
2023-03-15 00:00:00-04:00,132.9402978290081,132.98926233152736,128.7883709922586,131.21685791015625,1619200,0.0,0.0
2023-03-16 00:00:00-04:00,130.52159090423856,133.6453377315562,130.1592805001976,133.0186309814453,1194700,0.0,0.0
2023-03-17 00:00:00-04:00,133.24388038138818,133.24388038138818,130.39431648785785,132.18630981445312,1855800,0.0,0.0
2023-03-20 00:00:00-04:00,133.41033426469724,135.70172945721885,132.18629645563212,135.6625518798828,1240700,0.0,0.0
2023-03-21 00:00:00-04:00,137.43494983285888,137.92456488044033,135.84858691822646,137.1607666015625,960400,0.0,0.0
2023-03-22 00:00:00-04:00,137.07264775423454,138.65901093756156,135.3589947974448,135.584228515625,1039300,0.0,0.0
2023-03-23 00:00:00-04:00,135.36878554730143,136.94534673576638,133.94888983191615,135.47650146484375,1271200,0.0,0.0
2023-03-24 00:00:00-04:00,133.92930606130247,136.4752953771051,133.02841615492318,136.4263458251953,1053900,0.0,0.0
2023-03-27 00:00:00-04:00,137.3664095921424,137.9833293920465,136.3969663268455,136.88658142089844,784300,0.0,0.0
2023-03-28 00:00:00-04:00,137.04325560853385,138.28688207462918,136.47530033222154,138.2085418701172,673900,0.0,0.0
2023-03-29 00:00:00-04:00,139.05070017821586,139.50115268279274,138.2281503265903,139.2857208251953,799200,0.0,0.0
2023-03-30 00:00:00-04:00,140.53915097993882,140.97980167090077,139.1878082485768,139.8634796142578,585200,0.0,0.0
2023-03-31 00:00:00-04:00,140.52934747839834,142.48780825266454,140.0984986592305,142.31155395507812,1159700,0.0,0.0
2023-04-03 00:00:00-04:00,141.44002342825848,142.40945183851173,140.38245293736279,141.25396728515625,1104500,0.0,0.0
2023-04-04 00:00:00-04:00,141.06790406302514,141.13645735098825,136.03466129562875,136.1717529296875,964400,0.0,0.0
2023-04-05 00:00:00-04:00,135.1925016129483,135.63315215783356,131.60851595639983,132.85214233398438,1605900,0.0,0.0
2023-04-06 00:00:00-04:00,132.43111578569113,133.6159761227106,131.70647995925876,132.44090270996094,1175800,0.0,0.0
2023-04-10 00:00:00-04:00,131.5204174279225,133.96849314489484,131.09935557670008,133.93911743164062,924300,0.0,0.0
2023-04-11 00:00:00-04:00,134.20349375085942,134.83998736547096,133.83138151605294,134.1741180419922,1109400,0.0,0.0
2023-04-12 00:00:00-04:00,135.13376493688193,136.13258390492072,134.84979475889972,135.6527557373047,1232300,0.0,0.0
2023-04-13 00:00:00-04:00,135.67236138003008,135.70173709375135,133.13615848297218,135.57443237304688,1142200,0.0,0.0
2023-04-14 00:00:00-04:00,135.5254510203811,137.14118978351604,134.8204040949889,135.47650146484375,828100,0.0,0.0
2023-04-17 00:00:00-04:00,135.7898505752886,136.60261343751074,135.15335691953092,136.32843017578125,999900,0.0,0.0
2023-04-18 00:00:00-04:00,136.9844947369164,137.42514528275285,135.82901041930677,136.3577880859375,839800,0.0,0.0
2023-04-19 00:00:00-04:00,136.34800473753035,136.3773804452316,134.4482959495652,134.7126922607422,827000,0.0,0.0
2023-04-20 00:00:00-04:00,133.9880787321799,135.114187558327,133.46908788793456,135.10440063476562,888800,0.0,0.0
2023-04-21 00:00:00-04:00,135.44712410723324,135.44712410723324,133.81179657665496,134.7224884033203,850400,0.0,0.0
2023-04-24 00:00:00-04:00,134.66373032856924,135.3883510548035,134.3601713819721,134.8595733642578,642900,0.0,0.0
2023-04-25 00:00:00-04:00,134.59519064456217,134.98689169737392,133.01862939392984,133.0969696044922,1065000,0.0,0.0
2023-04-26 00:00:00-04:00,131.76522608666812,133.16553317810025,130.35513207136,130.96226501464844,1149400,0.0,0.0
2023-04-27 00:00:00-04:00,131.628149508588,134.56584072942445,130.9916557208215,134.51687622070312,1393800,0.0,0.0
2023-04-28 00:00:00-04:00,134.0468080739378,135.42752610389653,133.8020005484217,135.06520080566406,1412900,0.0,0.0
2023-05-01 00:00:00-04:00,135.05541785872876,137.12159403257218,134.86936174316193,136.4459228515625,1509300,0.0,0.0
2023-05-02 00:00:00-04:00,138.2966666598978,143.32990891527285,137.88539179955967,142.57591247558594,2050800,0.0,0.0
2023-05-03 00:00:00-04:00,143.12427272879353,144.80854966939128,141.43019392455753,141.57708740234375,1026800,0.0,0.0
2023-05-04 00:00:00-04:00,141.49880028676958,141.78277054337173,139.44241036121696,139.9516143798828,1463000,0.0,0.0
2023-05-05 00:00:00-04:00,141.1168923628637,142.21362562030376,140.50977430133366,142.00799560546875,717600,0.0,0.0
2023-05-08 00:00:00-04:00,142.4486462934138,142.5857379505938,140.96021191412368,142.00799560546875,630900,0.0,0.0
2023-05-09 00:00:00-04:00,141.61628979807057,142.282174212249,141.01895868114894,141.41065979003906,601300,0.0,0.0
2023-05-10 00:00:00-04:00,142.64452304142551,143.26144311523737,139.75579569231394,141.67507934570312,756400,0.0,0.0
2023-05-11 00:00:00-04:00,141.14625169138253,141.14625169138253,139.69699506347942,140.77413940429688,720800,0.0,0.0
2023-05-12 00:00:00-04:00,142.01774379336823,142.48777006951326,140.9993510380763,142.39964294433594,957500,0.0,0.0
2023-05-15 00:00:00-04:00,142.79136339215435,143.486608507881,142.18423047173053,143.30055236816406,1012200,0.0,0.0
2023-05-16 00:00:00-04:00,142.67387830466245,142.96765043777188,140.86231087725187,141.55755615234375,1083900,0.0,0.0
2023-05-17 00:00:00-04:00,142.4290519830032,143.6922675069511,141.72400493286239,142.89907836914062,910400,0.0,0.0
2023-05-18 00:00:00-04:00,143.2320243838872,145.20027196579287,142.41926141792152,144.72044372558594,856300,0.0,0.0
2023-05-19 00:00:00-04:00,146.01301278609324,146.3655362486853,143.92724772060137,144.5050048828125,880500,0.0,0.0
2023-05-22 00:00:00-04:00,144.7792034126765,145.87593654895358,144.14269476319058,144.85752868652344,731000,0.0,0.0
2023-05-23 00:00:00-04:00,143.82933548326827,144.60292076106956,142.92844549902023,142.938232421875,912000,0.0,0.0
2023-05-24 00:00:00-04:00,142.41926299836615,142.61510607793463,140.74477254303673,141.26376342773438,952500,0.0,0.0
2023-05-25 00:00:00-04:00,141.81212840350886,143.19283166539634,141.32251329084687,142.70321655273438,811900,0.0,0.0
2023-05-26 00:00:00-04:00,143.02635403039784,145.25899758816436,142.95781568932708,145.14149475097656,725900,0.0,0.0
2023-05-30 00:00:00-04:00,144.9946435809976,145.80739161415707,144.31897225586115,144.46585083007812,622900,0.0,0.0
2023-05-31 00:00:00-04:00,143.82935024070144,144.06435594826394,141.60649329150564,142.05694580078125,1734800,0.0,0.0
2023-06-01 00:00:00-04:00,142.6053119700581,143.89788818359375,141.6652443168671,143.89788818359375,838200,0.0,0.0
2023-06-02 00:00:00-04:00,145.31775611332256,148.05960366943313,144.78897837825193,147.55039978027344,821800,0.0,0.0
2023-06-05 00:00:00-04:00,147.3839539030635,147.3839539030635,145.19048749222364,145.69967651367188,747500,0.0,0.0
2023-06-06 00:00:00-04:00,145.56257848242714,147.1391398670462,145.15130354842242,146.1892852783203,1292800,0.0,0.0
2023-06-07 00:00:00-04:00,146.53200003719112,148.37295751301195,145.75841478789178,147.99105834960938,910200,0.0,0.0
2023-06-08 00:00:00-04:00,147.67772742495978,148.3631856849843,147.237076753649,147.28604125976562,1198800,0.0,0.0
2023-06-09 00:00:00-04:00,147.08003944068645,148.03147539068365,146.39344003521026,147.4135284423828,774500,0.25,0.0
2023-06-12 00:00:00-04:00,147.65876402933927,148.63962473489732,146.8250414096629,148.28651428222656,581100,0.0,0.0
2023-06-13 00:00:00-04:00,148.28649003752494,150.76808098625588,148.24726220108485,150.5326690673828,1162100,0.0,0.0
2023-06-14 00:00:00-04:00,150.91522040767668,151.523349222124,149.56162791952414,150.6602020263672,934900,0.0,0.0
2023-06-15 00:00:00-04:00,150.4738416235243,153.9068540289103,150.34632494482256,153.70086669921875,1115900,0.0,0.0
2023-06-16 00:00:00-04:00,155.5743157618012,155.5743157618012,152.69058291772004,152.92599487304688,1750300,0.0,0.0
2023-06-20 00:00:00-04:00,151.8175875779909,152.8671155010742,151.45467398094962,152.3668670654297,815800,0.0,0.0
2023-06-21 00:00:00-04:00,151.90587403089378,153.96568724638055,150.96425625053882,153.57334899902344,820700,0.0,0.0
2023-06-22 00:00:00-04:00,153.5537070221266,154.0343190657306,152.3864806875292,153.0436553955078,930300,0.0,0.0
2023-06-23 00:00:00-04:00,151.7881798501459,154.10301149531875,151.39584159167399,153.07310485839844,1112400,0.0,0.0
2023-06-26 00:00:00-04:00,153.35754326398182,155.13289835233383,153.23002661120188,154.36782836914062,963000,0.0,0.0
2023-06-27 00:00:00-04:00,154.6522941764945,156.8003813569909,154.21090988508666,156.52574157714844,797900,0.0,0.0
2023-06-28 00:00:00-04:00,156.35897473178403,156.53552243643148,155.29964360366927,155.74102783203125,653100,0.0,0.0
2023-06-29 00:00:00-04:00,155.53508399299406,157.4673657480478,155.00541084856627,157.0750274658203,689000,0.0,0.0
2023-06-30 00:00:00-04:00,158.1048964079325,159.57618706504448,157.280977231968,158.7816925048828,1035500,0.0,0.0
2023-07-03 00:00:00-04:00,157.60467632394477,158.26186610627096,156.08435434515414,157.73219299316406,374700,0.0,0.0
2023-07-05 00:00:00-04:00,154.9072914892622,156.54534169402677,154.58362069518805,155.41734313964844,789800,0.0,0.0
2023-07-06 00:00:00-04:00,154.42671291560322,154.59345744065914,153.1810156204834,153.7597198486328,1061500,0.0,0.0
2023-07-07 00:00:00-04:00,153.28888644297345,154.78960189581102,152.8278807844684,154.07357788085938,1090800,0.0,0.0
2023-07-10 00:00:00-04:00,154.25994233408554,155.8685530316272,153.89701375450545,154.50515747070312,1783800,0.0,0.0
2023-07-11 00:00:00-04:00,154.87787681658085,155.2211840001193,153.29869071244383,154.5443878173828,1064700,0.0,0.0
2023-07-12 00:00:00-04:00,155.57429870452032,155.65276934769236,154.13243244056702,154.49534606933594,1386600,0.0,0.0
2023-07-13 00:00:00-04:00,154.76020232966076,155.397755807359,153.71068914790024,155.24082946777344,909800,0.0,0.0
2023-07-14 00:00:00-04:00,155.06425662448845,155.95684340834134,153.7891347856623,154.5247802734375,705800,0.0,0.0
2023-07-17 00:00:00-04:00,154.4757272176832,155.46639094545935,153.88720492456758,154.87786865234375,715100,0.0,0.0
2023-07-18 00:00:00-04:00,154.72096806042114,156.25110831674297,154.72096806042114,155.82933044433594,812500,0.0,0.0
2023-07-19 00:00:00-04:00,154.8975234953758,155.535091945025,153.22026004134202,154.4659423828125,889000,0.0,0.0
2023-07-20 00:00:00-04:00,155.0838761642025,155.38794056748233,153.81857252580522,155.0642547607422,723000,0.0,0.0
2023-07-21 00:00:00-04:00,155.14271905639058,155.60372473498848,154.44631641288817,154.5149688720703,645000,0.0,0.0
2023-07-24 00:00:00-04:00,155.02500563805768,155.7606510159984,154.49533258456398,155.20155334472656,616600,0.0,0.0
2023-07-25 00:00:00-04:00,154.240323714746,155.8391312236911,154.240323714746,155.68218994140625,625000,0.0,0.0
2023-07-26 00:00:00-04:00,154.84842462408363,156.3883826168807,154.27952380318203,155.7213897705078,686500,0.0,0.0
2023-07-27 00:00:00-04:00,156.2216705904118,156.93769463147936,154.7209550828379,154.83865356445312,910100,0.0,0.0
2023-07-28 00:00:00-04:00,155.78030445128326,156.30996264695187,154.7209730931995,155.22120666503906,805200,0.0,0.0
2023-07-31 00:00:00-04:00,155.80971405413305,156.23147693285267,154.9073091212189,155.5644989013672,1366000,0.0,0.0
2023-08-01 00:00:00-04:00,154.56400421521403,161.59677242393693,153.02404599806263,156.39820861816406,1518300,0.0,0.0
2023-08-02 00:00:00-04:00,157.6929628399382,158.34031946115965,155.35850982276855,155.65277099609375,1020700,0.0,0.0
2023-08-03 00:00:00-04:00,155.37812167058476,155.87835515775458,154.30898727443568,154.82884216308594,941300,0.0,0.0
2023-08-04 00:00:00-04:00,155.35850748126649,155.69199648819452,153.1711925670983,153.57334899902344,606300,0.0,0.0
2023-08-07 00:00:00-04:00,154.56401146738293,157.66353448167314,154.56401146738293,157.52621459960938,770100,0.0,0.0
2023-08-08 00:00:00-04:00,156.9475192190264,157.68316476277548,155.12311767185878,157.4281463623047,969400,0.0,0.0
2023-08-09 00:00:00-04:00,157.6145067458035,157.6145067458035,156.1726403334775,156.66307067871094,894200,0.0,0.0
2023-08-10 00:00:00-04:00,156.57478983697416,157.92836735216184,155.44679111311444,155.8783721923828,721400,0.0,0.0
2023-08-11 00:00:00-04:00,155.8391134338252,156.20202701177902,154.9269054305792,155.19174194335938,560400,0.0,0.0
2023-08-14 00:00:00-04:00,155.2211903737612,155.65277143361865,154.58363696871865,155.0936737060547,456700,0.0,0.0
2023-08-15 00:00:00-04:00,154.68172486528735,154.71114948808565,153.40660299929243,153.66163635253906,530000,0.0,0.0
2023-08-16 00:00:00-04:00,153.52429061589035,154.7994122672557,152.9161469246814,153.053466796875,634000,0.0,0.0
2023-08-17 00:00:00-04:00,153.73027491409593,153.73027491409593,149.63028486302844,150.0520477294922,1285700,0.0,0.0
2023-08-18 00:00:00-04:00,149.64008586820478,151.915689570136,149.60085803085005,151.49391174316406,1142300,0.0,0.0
2023-08-21 00:00:00-04:00,151.7293424811439,152.04321011913314,150.10111014425743,151.66067504882812,616800,0.0,0.0
2023-08-22 00:00:00-04:00,152.44536369878793,152.85732338461997,151.0525433419046,151.72933959960938,501500,0.0,0.0
2023-08-23 00:00:00-04:00,152.63169760473878,153.61255807004352,151.92547687237993,153.29867553710938,543700,0.0,0.0
2023-08-24 00:00:00-04:00,153.367386948423,154.49537082039777,151.83724657829302,151.90589904785156,567700,0.0,0.0
2023-08-25 00:00:00-04:00,152.66111665959338,155.10346451724976,152.34724910483706,154.57379150390625,539900,0.0,0.0
2023-08-28 00:00:00-04:00,154.79943029185785,156.34917690131684,154.79943029185785,155.47621154785156,418000,0.0,0.0
2023-08-29 00:00:00-04:00,155.23099696983522,157.447751558844,154.9857818138295,156.50611877441406,755300,0.0,0.0
2023-08-30 00:00:00-04:00,156.9082546166211,157.506580117371,156.27070128142978,157.2221221923828,513900,0.0,0.0
2023-08-31 00:00:00-04:00,157.1829039664339,157.96759540392097,156.45706176757812,156.45706176757812,735600,0.0,0.0
2023-09-01 00:00:00-04:00,157.19270607372138,157.84988084503627,156.67285118049105,157.5752410888672,471300,0.0,0.0
2023-09-05 00:00:00-04:00,157.69294268082928,157.69294268082928,154.06376191841798,154.11279296875,774900,0.0,0.0
2023-09-06 00:00:00-04:00,154.2501117248738,155.40753485918398,153.4850417575937,154.0931854248047,1641300,0.0,0.0
2023-09-07 00:00:00-04:00,153.96569936438542,154.8877107816616,152.36689169541734,153.6420135498047,1069500,0.0,0.0
2023-09-08 00:00:00-04:00,153.1417516451449,153.62236370198514,150.62093302564176,150.9544219970703,1018900,0.0,0.0
2023-09-11 00:00:00-04:00,151.52333141944797,151.9745338514017,149.24774275850186,150.51304626464844,790200,0.0,0.0
2023-09-12 00:00:00-04:00,149.86570190697338,151.06235317539537,148.46307826998918,148.75733947753906,939500,0.0,0.0
2023-09-13 00:00:00-04:00,148.32504621569473,149.86753243004338,148.20715338163114,149.81842041015625,1396000,0.25,0.0
2023-09-14 00:00:00-04:00,150.7517555652112,151.16439542636382,148.7966146833968,150.18191528320312,1151300,0.0,0.0
2023-09-15 00:00:00-04:00,149.1109963096903,150.024695529185,147.93202328811907,148.97344970703125,1279700,0.0,0.0
2023-09-18 00:00:00-04:00,149.12083811914084,151.41001870064312,148.943998885489,149.7987518310547,969500,0.0,0.0
2023-09-19 00:00:00-04:00,149.38609914925033,150.47665263761337,148.80643950005043,149.98541259765625,1161600,0.0,0.0
2023-09-20 00:00:00-04:00,150.64369977412446,152.0093467332312,148.60013903829218,148.75733947753906,786800,0.0,0.0
2023-09-21 00:00:00-04:00,148.36431836784908,148.91451983100123,147.0183253930622,148.38397216796875,1447700,0.0,0.0
2023-09-22 00:00:00-04:00,147.9713226248937,149.8969901411892,147.88290301733042,149.0029296875,1681100,0.0,0.0
2023-09-25 00:00:00-04:00,148.41348021223916,150.71248064784777,148.41348021223916,149.83807373046875,1527500,0.0,0.0
2023-09-26 00:00:00-04:00,149.06190454383014,150.34895127109516,145.93760955715928,146.6548309326172,1519400,0.0,0.0
2023-09-27 00:00:00-04:00,147.46046069934337,147.62748054691727,145.4070805250147,146.25201416015625,1045100,0.0,0.0
2023-09-28 00:00:00-04:00,145.4954861945954,147.72572039982785,145.14179273029183,146.21270751953125,972300,0.0,0.0
2023-09-29 00:00:00-04:00,147.2050057980046,147.2934254154316,144.98460600879972,145.1712646484375,964800,0.0,0.0
2023-10-02 00:00:00-04:00,145.13198156596857,145.61340227821768,143.63860741062044,144.8372344970703,821300,0.0,0.0
2023-10-03 00:00:00-04:00,144.03159375106486,145.95724641996063,144.03159375106486,145.36776733398438,934100,0.0,0.0
2023-10-04 00:00:00-04:00,145.63304214064797,147.9025691020724,145.053382395553,147.48992919921875,1055900,0.0,0.0
2023-10-05 00:00:00-04:00,147.44078062555718,147.8141128309364,145.11229283405785,145.8098602294922,883300,0.0,0.0
2023-10-06 00:00:00-04:00,145.45620025353804,148.41346033272438,144.85688671686046,147.5881805419922,878400,0.0,0.0
2023-10-09 00:00:00-04:00,147.05760264781478,148.81625028421266,146.65479723188795,148.66888427734375,519100,0.0,0.0
2023-10-10 00:00:00-04:00,149.07172125997874,150.0247282834163,148.45276890860757,148.62960815429688,548700,0.0,0.0
2023-10-11 00:00:00-04:00,148.61978468151185,149.9068313503335,148.61978468151185,149.58261108398438,685700,0.0,0.0
2023-10-12 00:00:00-04:00,149.582588854783,149.96575547780697,147.63728253723488,148.47238159179688,733400,0.0,0.0
2023-10-13 00:00:00-04:00,148.39380466719615,148.75733253993303,145.13197815797022,146.03585815429688,923900,0.0,0.0
2023-10-16 00:00:00-04:00,147.22465312884924,148.47239209714886,146.929906092255,147.8337860107422,608200,0.0,0.0
2023-10-17 00:00:00-04:00,147.234507765736,148.5313740490449,146.57624772164928,147.12643432617188,924300,0.0,0.0
2023-10-18 00:00:00-04:00,145.80988468200215,145.80988468200215,141.40836275509864,141.43785095214844,933500,0.0,0.0
2023-10-19 00:00:00-04:00,142.17471183551385,143.90387153582577,140.72063039171533,141.13327026367188,1935400,0.0,0.0
2023-10-20 00:00:00-04:00,141.38873713792435,142.09612412105582,138.9521753109342,139.08973693847656,1136700,0.0,0.0
2023-10-23 00:00:00-04:00,139.06026083228755,140.07222937539458,138.19568832662816,138.39218139648438,862600,0.0,0.0
2023-10-24 00:00:00-04:00,139.77745608376844,139.77745608376844,137.8616227765984,138.50022888183594,745400,0.0,0.0
2023-10-25 00:00:00-04:00,138.0875872707042,138.62795434832563,136.61386705434975,137.2131805419922,825800,0.0,0.0
2023-10-26 00:00:00-04:00,138.922681217656,139.42375566706286,137.24264862888063,137.3900146484375,810600,0.0,0.0
2023-10-27 00:00:00-04:00,137.09526963255618,138.19565756342635,136.42719034547153,136.7808837890625,818700,0.0,0.0
2023-10-30 00:00:00-04:00,137.79282730169018,138.1661745187396,136.1717412123703,137.66510009765625,1335400,0.0,0.0
2023-10-31 00:00:00-04:00,134.491698657282,140.89747302915563,134.491698657282,138.30372619628906,1428600,0.0,0.0
2023-11-01 00:00:00-04:00,139.35498014350978,140.45536809990062,138.3921537991929,139.90516662597656,1284700,0.0,0.0
2023-11-02 00:00:00-04:00,140.8974756710202,141.44766213202675,138.7851344471726,141.18238830566406,1208900,0.0,0.0
2023-11-03 00:00:00-04:00,142.78383567652412,143.36349534140913,141.04484169041243,141.18238830566406,1034700,0.0,0.0
2023-11-06 00:00:00-05:00,141.16274133882175,141.39854197271978,139.94447554232545,140.9466094970703,768600,0.0,0.0
2023-11-07 00:00:00-05:00,139.99362423695757,144.08073091752027,139.16832938618361,143.93336486816406,1858100,0.0,0.0
2023-11-08 00:00:00-05:00,144.57191690185795,146.06529060544966,143.9529647350137,145.30877685546875,1519400,0.0,0.0
2023-11-09 00:00:00-05:00,146.2618114621286,146.84148612958663,144.54247124278328,144.87652587890625,1403500,0.0,0.0
2023-11-10 00:00:00-05:00,146.19304452516593,148.60011781545546,145.75093147045263,148.1580047607422,1233600,0.0,0.0
2023-11-13 00:00:00-05:00,147.63730586057235,149.10119178395888,147.4113246176475,148.7278594970703,1193100,0.0,0.0
2023-11-14 00:00:00-05:00,150.63384903918188,152.48090134607048,149.7299541972367,152.01913452148438,1365200,0.0,0.0
2023-11-15 00:00:00-05:00,151.97003013281747,152.47110462932665,150.05419674120088,150.417724609375,1471600,0.0,0.0
2023-11-16 00:00:00-05:00,150.8893247416252,152.09777130075219,150.41773840001994,151.27249145507812,1122500,0.0,0.0
2023-11-17 00:00:00-05:00,151.86194642757172,153.0900464731148,151.5082530147971,152.93284606933594,1107800,0.0,0.0
2023-11-20 00:00:00-05:00,153.1195355417229,153.1195355417229,151.48861491429014,152.09774780273438,696400,0.0,0.0
2023-11-21 00:00:00-05:00,151.8324500374745,153.0114380107112,151.56719123580558,152.67738342285156,585400,0.0,0.0
2023-11-22 00:00:00-05:00,152.8837268019754,153.32583984244155,152.245120742575,152.9230194091797,494200,0.0,0.0
2023-11-24 00:00:00-05:00,153.33566717324015,153.6598723942436,152.77564635405002,153.4437255859375,248500,0.0,0.0
2023-11-27 00:00:00-05:00,152.18618066894228,152.18618066894228,150.889314569094,151.36090087890625,813600,0.0,0.0
2023-11-28 00:00:00-05:00,150.8303726393953,151.69494506785028,149.7791115727765,149.8577117919922,555100,0.0,0.0
2023-11-29 00:00:00-05:00,150.98751004509583,151.38051101612916,149.7594101195932,150.2015380859375,710100,0.0,0.0
2023-11-30 00:00:00-05:00,150.92858247552945,152.66757638458648,149.83802900597925,152.5103759765625,1477100,0.0,0.0
2023-12-01 00:00:00-05:00,152.82478749279704,154.61289353703364,152.09774679837372,154.2985076904297,691000,0.0,0.0
2023-12-04 00:00:00-05:00,153.43392874748452,154.56378995551432,152.8444496311479,154.5343017578125,1394500,0.0,0.0
2023-12-05 00:00:00-05:00,154.21009291683015,154.21009291683015,152.58899165367725,152.77566528320312,657200,0.0,0.0
2023-12-06 00:00:00-05:00,153.7581334135798,154.78974050186633,153.05074655255225,153.7384796142578,1080400,0.0,0.0
2023-12-07 00:00:00-05:00,153.71880265107893,153.7975136144512,152.22303908443877,153.423583984375,1028500,0.25,0.0
2023-12-08 00:00:00-05:00,153.94515236987817,155.1752178100422,153.84674112848614,154.65367126464844,1256000,0.0,0.0
2023-12-11 00:00:00-05:00,155.45073177346296,156.84808413640386,155.1161576194022,155.2145538330078,1612400,0.0,0.0
2023-12-12 00:00:00-05:00,155.61803385848387,159.40664131064426,155.16536318281672,158.76699829101562,1358800,0.0,0.0
2023-12-13 00:00:00-05:00,159.21968091594357,159.49521438600317,157.06460376298273,158.9146270751953,1290800,0.0,0.0
2023-12-14 00:00:00-05:00,160.12496900962824,161.92578626802876,159.43613549928378,161.4534454345703,1444000,0.0,0.0
2023-12-15 00:00:00-05:00,160.56781312708404,161.92581011565096,159.81008864638906,160.52845764160156,1451300,0.0,0.0
2023-12-18 00:00:00-05:00,160.79411671019145,160.98108902279785,159.50501078488747,160.64651489257812,571700,0.0,0.0
2023-12-19 00:00:00-05:00,161.36490431438236,161.5420415499878,160.19387958518027,160.78431701660156,717300,0.0,0.0
2023-12-20 00:00:00-05:00,160.105320514907,161.8470974458879,159.14095337905022,159.23936462402344,720300,0.0,0.0
2023-12-21 00:00:00-05:00,160.04628601665334,161.17794030074614,159.48538394168204,161.0795440673828,500400,0.0,0.0
2023-12-22 00:00:00-05:00,161.76836272695422,162.40799073843417,160.96144762040177,161.58139038085938,413600,0.0,0.0
2023-12-26 00:00:00-05:00,161.86676786516287,162.6244773233216,161.69948077639614,162.2702178955078,577000,0.0,0.0
2023-12-27 00:00:00-05:00,162.0734065574226,162.4768715935511,161.48298420217108,161.91595458984375,664600,0.0,0.0
2023-12-28 00:00:00-05:00,161.95534317291217,162.78194357182767,161.65028933632055,162.48672485351562,501500,0.0,0.0
2023-12-29 00:00:00-05:00,162.28991160458747,162.88034902020044,161.59124284540763,162.26039123535156,560800,0.0,0.0
2024-01-02 00:00:00-05:00,161.1484195823155,161.95534977757916,159.36728709697547,160.27261352539062,798500,0.0,0.0
2024-01-03 00:00:00-05:00,159.98722242208245,159.98722242208245,157.47788609028376,158.03880310058594,1033700,0.0,0.0
2024-01-04 00:00:00-05:00,158.57017815864901,159.2294913609454,157.79278349189525,157.9207000732422,697900,0.0,0.0
2024-01-05 00:00:00-05:00,157.42867015021216,158.37336688940184,156.73983659843074,158.1765594482422,554100,0.0,0.0
2024-01-08 00:00:00-05:00,158.28479782570258,159.47549254482254,157.37945661413838,159.29837036132812,638500,0.0,0.0
2024-01-09 00:00:00-05:00,158.82603823794395,160.59733541475958,157.55661735357003,160.40052795410156,822400,0.0,0.0
2024-01-10 00:00:00-05:00,160.59734594999415,161.22713887468245,159.52473245591446,161.06968688964844,638300,0.0,0.0
2024-01-11 00:00:00-05:00,162.368632273313,162.85082331410973,160.2529257983546,161.31568908691406,631900,0.0,0.0
2024-01-12 00:00:00-05:00,162.28988916465232,162.36861514354501,160.18401802946897,160.83349609375,801000,0.0,0.0
2024-01-16 00:00:00-05:00,160.60717855285847,161.1483952922345,158.86540182022935,161.00079345703125,1040700,0.0,0.0
2024-01-17 00:00:00-05:00,160.05608388712204,160.853178779921,157.43851645400204,157.51724243164062,1011500,0.0,0.0
2024-01-18 00:00:00-05:00,157.74358737363676,159.86914395451413,157.4483686792738,159.72152709960938,1013800,0.0,0.0
2024-01-19 00:00:00-05:00,159.9970354293365,160.32177444061784,158.89490182652287,159.4459686279297,1304400,0.0,0.0
2024-01-22 00:00:00-05:00,160.18403870429367,161.3353781402424,159.70184765213173,160.5579833984375,1300400,0.0,0.0
2024-01-23 00:00:00-05:00,161.03033152941006,162.62449158666823,159.83962153788232,162.48672485351562,970300,0.0,0.0
2024-01-24 00:00:00-05:00,163.7069485175551,163.99231709046447,159.90850586981423,160.14468383789062,802600,0.0,0.0
2024-01-25 00:00:00-05:00,161.44358378867787,161.8962543577302,160.54809278137554,161.50262451171875,584700,0.0,0.0
2024-01-26 00:00:00-05:00,162.0340657980149,162.3391196282667,160.7154392344663,160.91224670410156,426900,0.0,0.0
2024-01-29 00:00:00-05:00,160.17420305422615,162.73273012046167,160.11516231649375,162.69337463378906,982200,0.0,0.0
2024-01-30 00:00:00-05:00,162.50642312806463,163.98250182246346,161.88646527147344,163.2247772216797,855600,0.0,0.0
2024-01-31 00:00:00-05:00,163.11647750059487,163.11647750059487,159.34755599838823,159.4656524658203,1043900,0.0,0.0
2024-02-01 00:00:00-05:00,160.9024128085409,163.25429759433175,159.77075848234804,163.2247772216797,1206800,0.0,0.0
2024-02-02 00:00:00-05:00,162.71303364824297,165.8521474832779,162.03403524291107,164.7696990966797,1301000,0.0,0.0
2024-02-05 00:00:00-05:00,163.4412633655154,164.90750688164422,162.15215709359566,164.32691955566406,1396300,0.0,0.0
2024-02-06 00:00:00-05:00,165.28141948538655,165.28141948538655,161.1779084645564,163.431396484375,1559300,0.0,0.0
2024-02-07 00:00:00-05:00,164.01198892975663,165.95057308978076,163.47075718182802,164.07102966308594,1098400,0.0,0.0
2024-02-08 00:00:00-05:00,164.92718983659768,165.15351768645476,162.90987939405485,163.64791870117188,976400,0.0,0.0
2024-02-09 00:00:00-05:00,163.7561395639548,165.92105152458504,163.7561395639548,165.81280517578125,814700,0.0,0.0
2024-02-12 00:00:00-05:00,166.1080297586088,166.60005590421164,164.9566903797517,165.7340850830078,882200,0.0,0.0
2024-02-13 00:00:00-05:00,163.7856784197931,165.4487293230414,161.99469590384956,165.3601531982422,1969300,0.0,0.0
2024-02-14 00:00:00-05:00,166.09816922133277,171.01843036915338,165.81280068155513,170.64450073242188,2079300,0.0,0.0
2024-02-15 00:00:00-05:00,171.43175932642043,172.15011330753435,168.61736912257587,170.96925354003906,1526000,0.0,0.0
2024-02-16 00:00:00-05:00,170.88067385189518,172.2091504472381,170.55594981035884,171.11685180664062,1016400,0.0,0.0
2024-02-20 00:00:00-05:00,170.23121883762497,172.5732531844267,169.75886290570196,172.02218627929688,1311700,0.0,0.0
2024-02-21 00:00:00-05:00,171.96316925130589,172.85866060333234,170.47725542614097,172.0123748779297,847000,0.0,0.0
2024-02-22 00:00:00-05:00,173.586818435385,175.82062134425843,173.4687369651975,175.3679656982422,835300,0.0,0.0
2024-02-23 00:00:00-05:00,175.93869574619995,176.37168114008756,174.20676918609527,175.3581085205078,964700,0.0,0.0
2024-02-26 00:00:00-05:00,175.43683689174406,177.2474894586175,174.93497564132852,176.037109375,1163500,0.0,0.0
2024-02-27 00:00:00-05:00,176.42089587339774,176.6767440668966,173.8722040095497,174.9349822998047,781100,0.0,0.0
2024-02-28 00:00:00-05:00,175.1612932199306,176.80465860727543,174.4822947931799,175.86981201171875,544800,0.0,0.0
2024-02-29 00:00:00-05:00,175.95837184284625,177.85760040079913,175.39746989571947,177.3065185546875,1819600,0.0,0.0
2024-03-01 00:00:00-05:00,177.2376667025258,178.5169377414404,176.67674966401862,177.79856872558594,1534700,0.0,0.0
2024-03-04 00:00:00-05:00,178.2315690409369,179.2648270823336,177.79858357479364,178.21189880371094,850200,0.0,0.0
2024-03-05 00:00:00-05:00,177.7887409002657,177.96587813590895,175.56478793694,176.58819580078125,630000,0.0,0.0
2024-03-06 00:00:00-05:00,177.29668551386789,178.38898407152877,176.72593342815412,177.48365783691406,819800,0.0,0.0
2024-03-07 00:00:00-05:00,178.75505723240363,179.58295779524667,178.1144347518676,178.9620361328125,620400,0.28,0.0
2024-03-08 00:00:00-05:00,179.16902625374567,180.0856257487627,178.47912154925658,178.82408142089844,648100,0.0,0.0
2024-03-11 00:00:00-04:00,178.19330886582281,178.6959504982484,176.34040905886673,178.25244140625,582600,0.0,0.0
2024-03-12 00:00:00-04:00,178.30173149197623,179.720972680733,177.73009184434943,179.20846557617188,696900,0.0,0.0
2024-03-13 00:00:00-04:00,179.19860809365034,179.59283505772774,178.05532884351334,178.91278076171875,1182700,0.0,0.0
2024-03-14 00:00:00-04:00,179.44498894033524,179.75051706817413,178.20314553196613,179.00146484375,664300,0.0,0.0
2024-03-15 00:00:00-04:00,177.73992851799673,180.33201507320123,177.73992851799673,178.90292358398438,1255200,0.0,0.0
2024-03-18 00:00:00-04:00,179.70121428924054,181.0613226130274,179.37597034056145,179.45481872558594,699800,0.0,0.0
2024-03-19 00:00:00-04:00,179.17889134458522,180.1841896484266,178.81421561388902,179.3070068359375,963700,0.0,0.0
2024-03-20 00:00:00-04:00,179.64211413030978,181.55414645500994,178.78464718790434,181.54428100585938,1022000,0.0,0.0
2024-03-21 00:00:00-04:00,181.8990435196862,183.6435281774961,180.0954263376777,182.24400329589844,1051600,0.0,0.0
2024-03-22 00:00:00-04:00,182.36229902422463,183.1507679033655,180.12502290331537,180.5093994140625,780300,0.0,0.0
2024-03-25 00:00:00-04:00,180.50940704457366,180.7361018201099,179.7702202589058,180.12503051757812,652700,0.0,0.0
2024-03-26 00:00:00-04:00,179.37601001182185,180.6079881025624,178.9127850465998,179.05076599121094,752400,0.0,0.0
2024-03-27 00:00:00-04:00,179.54351154063937,181.5639581030875,179.16898548394218,181.0711669921875,670800,0.0,0.0
2024-03-28 00:00:00-04:00,180.86420630561926,181.23873239999818,179.9279061084647,180.26300048828125,1043500,0.0,0.0
2024-04-01 00:00:00-04:00,180.35172225174193,180.36157266141902,177.71035369532564,177.8582000732422,772500,0.0,0.0
2024-04-02 00:00:00-04:00,178.12431101405429,178.9029295670673,177.19786110985885,177.76950073242188,921900,0.0,0.0
2024-04-03 00:00:00-04:00,177.7793541481962,179.8687839770499,177.7793541481962,178.4988250732422,739600,0.0,0.0
2024-04-04 00:00:00-04:00,179.73081189370254,180.2137526966417,176.41925433919164,176.7543487548828,845500,0.0,0.0
2024-04-05 00:00:00-04:00,178.03561240367264,180.02649315500543,177.19786130924402,179.59283447265625,763700,0.0,0.0
2024-04-08 00:00:00-04:00,179.730794921389,180.35171660384822,178.14400676305434,178.31155395507812,659800,0.0,0.0
2024-04-09 00:00:00-04:00,178.58752591724024,178.94233617890788,176.24185005729828,178.56781005859375,749100,0.0,0.0
2024-04-10 00:00:00-04:00,176.37982854721304,179.0704642216285,175.47307952755986,177.15843200683594,1376000,0.0,0.0
2024-04-11 00:00:00-04:00,177.3752560849015,178.7353645353488,176.01514763445425,177.89761352539062,845000,0.0,0.0
2024-04-12 00:00:00-04:00,176.05458776504182,177.51324549657383,175.55193111952386,177.1190185546875,826300,0.0,0.0
2024-04-15 00:00:00-04:00,179.71108882508602,180.17431375005071,175.97573819565773,176.4586639404297,919400,0.0,0.0
2024-04-16 00:00:00-04:00,176.25170381700238,177.9370413128593,175.43366861375486,176.50794982910156,896200,0.0,0.0
2024-04-17 00:00:00-04:00,176.8627807078009,177.4344203756775,174.68465175414966,175.48297119140625,900900,0.0,0.0
2024-04-18 00:00:00-04:00,176.62621978975827,177.0105963052053,174.16226391156104,174.7141876220703,629000,0.0,0.0
2024-04-19 00:00:00-04:00,175.57162858462246,176.15311852656325,174.2213856593855,175.13796997070312,806600,0.0,0.0
2024-04-22 00:00:00-04:00,175.94617280237892,176.7444921335634,174.6649126852264,175.29568481445312,643000,0.0,0.0
2024-04-23 00:00:00-04:00,176.51778658081724,177.8088969191139,176.0052796011451,177.25697326660156,601000,0.0,0.0
2024-04-24 00:00:00-04:00,178.07500626188855,178.52838074591014,174.48748722059625,175.65048217773438,867300,0.0,0.0
2024-04-25 00:00:00-04:00,174.57621590820324,176.20242085812373,173.82716365687025,175.3646697998047,998700,0.0,0.0
2024-04-26 00:00:00-04:00,175.59139759356074,176.4291337705892,174.89162733858706,174.9507598876953,637900,0.0,0.0
2024-04-29 00:00:00-04:00,175.24640838900174,175.887045987819,174.3298239533879,175.12814331054688,689500,0.0,0.0
2024-04-30 00:00:00-04:00,175.12814399738792,175.51252054266806,171.86586856766274,172.14183044433594,1138300,0.0,0.0
2024-05-01 00:00:00-04:00,171.70814855821,173.67931314729398,171.05766063450213,171.4716033935547,1268000,0.0,0.0
2024-05-02 00:00:00-04:00,167.54899786541364,168.6627107224622,159.6249224657889,160.98501586914062,2896000,0.0,0.0
2024-05-03 00:00:00-04:00,161.33983362718718,164.47399343574799,160.4330996364597,164.15859985351562,2065100,0.0,0.0
2024-05-06 00:00:00-04:00,164.5922716345881,166.79011632040294,164.51342323274247,165.62713623046875,1468600,0.0,0.0
2024-05-07 00:00:00-04:00,165.7848125444039,167.46029951985955,165.7848125444039,167.1350555419922,1008500,0.0,0.0
2024-05-08 00:00:00-04:00,166.75068288288668,167.39130540516612,165.8735151788397,166.70140075683594,988100,0.0,0.0
2024-05-09 00:00:00-04:00,166.83939839630602,168.80071291473124,166.42545556584946,167.45045471191406,1266300,0.0,0.0
2024-05-10 00:00:00-04:00,168.54444252207298,169.09638130426637,167.93338624028007,168.3374786376953,1193700,0.0,0.0
2024-05-13 00:00:00-04:00,168.79083187280824,169.08650959261897,167.35189002921268,167.64756774902344,826600,0.0,0.0
2024-05-14 00:00:00-04:00,167.5490118320126,168.48531212566795,165.87352472145136,166.10020446777344,1400200,0.0,0.0
2024-05-15 00:00:00-04:00,167.08579242841435,168.51488398070788,166.77041386292086,167.18435668945312,1137000,0.0,0.0
2024-05-16 00:00:00-04:00,166.7605457306716,167.627863089716,165.40045219074554,165.48915100097656,978200,0.0,0.0
2024-05-17 00:00:00-04:00,165.90308141793457,165.90308141793457,163.87278415086072,164.3951416015625,1678600,0.0,0.0
2024-05-20 00:00:00-04:00,164.67111519845065,167.09563956909307,164.2571723800189,166.16920471191406,959900,0.0,0.0
2024-05-21 00:00:00-04:00,165.71582683204142,166.94780485209608,164.94707375063084,166.69155883789062,1044300,0.0,0.0
2024-05-22 00:00:00-04:00,168.83027618853416,171.95457074104786,168.0910893532418,171.61947631835938,1785500,0.0,0.0
2024-05-23 00:00:00-04:00,172.8514347249054,173.52162349408553,170.1312178554749,170.2297821044922,1480400,0.0,0.0
2024-05-24 00:00:00-04:00,170.78170863529186,171.36319861326595,170.17065238988133,171.15623474121094,1030700,0.0,0.0
2024-05-28 00:00:00-04:00,171.19565004593935,171.905270536312,165.78481260533917,165.88336181640625,1211400,0.0,0.0
2024-05-29 00:00:00-04:00,164.74008586763279,166.15932687576455,163.7939352214072,164.3064422607422,1281800,0.0,0.0
2024-05-30 00:00:00-04:00,164.237443863882,165.81438165535164,163.84321693541125,165.27230834960938,1036800,0.0,0.0
2024-05-31 00:00:00-04:00,165.5187011009137,167.5194320542367,163.69536775072214,167.1350555419922,2005800,0.0,0.0
2024-06-03 00:00:00-04:00,167.54901040041443,167.80525641411975,162.4535511240689,163.81365966796875,1301900,0.0,0.0
2024-06-04 00:00:00-04:00,163.4194116725524,164.53312457198766,162.13815157353028,164.46412658691406,970700,0.0,0.0
2024-06-05 00:00:00-04:00,165.1836106292904,166.27760765758015,164.58240478421598,166.2184600830078,875600,0.0,0.0
2024-06-06 00:00:00-04:00,166.28747032280287,166.7408298230496,165.06534268439145,166.25790405273438,1222100,0.0,0.0
2024-06-07 00:00:00-04:00,166.35643473622417,168.04178713630228,165.79466062872672,167.5489959716797,1265400,0.0,0.0
2024-06-10 00:00:00-04:00,167.33219105622734,170.91971065625387,167.33219105622734,170.50576782226562,1677400,0.0,0.0
2024-06-11 00:00:00-04:00,169.7665491487253,170.14107523066866,168.8499648392857,170.04251098632812,1315200,0.0,0.0
2024-06-12 00:00:00-04:00,171.69832711908924,173.52164564835658,170.68316334873816,171.20553588867188,1172000,0.0,0.0
2024-06-13 00:00:00-04:00,171.75743541405066,172.3389253745452,170.04251676032197,171.4124755859375,811100,0.0,0.0
2024-06-14 00:00:00-04:00,169.61585345214922,169.8428987318254,162.42922941782746,164.87742614746094,1875900,0.28,0.0
2024-06-17 00:00:00-04:00,164.1074194138605,166.86162167107878,163.6631801239161,166.35816955566406,1486900,0.0,0.0
2024-06-18 00:00:00-04:00,166.1903657558705,168.89520663920436,165.4302393107596,168.7076416015625,1660900,0.0,0.0
2024-06-20 00:00:00-04:00,168.25353730333842,168.55955810269114,166.14099058908266,166.35816955566406,1248400,0.0,0.0
2024-06-21 00:00:00-04:00,166.91098483744318,167.56252174332204,164.21601044336398,166.50624084472656,1593300,0.0,0.0
2024-06-24 00:00:00-04:00,167.39471360537553,169.79353362339805,166.6247058158263,169.26046752929688,1132800,0.0,0.0
2024-06-25 00:00:00-04:00,168.7668884211433,169.03341394732416,165.53883259221058,166.5556182861328,684200,0.0,0.0
2024-06-26 00:00:00-04:00,165.8448207367106,165.8448207367106,164.27522158415408,164.4430389404297,761500,0.0,0.0
2024-06-27 00:00:00-04:00,164.43321111855386,165.7954979361727,163.7717927684876,164.33448791503906,1169300,0.0,0.0
2024-06-28 00:00:00-04:00,164.67010400328118,165.72638492134476,163.5545951950541,164.57139587402344,1750000,0.0,0.0
2024-07-01 00:00:00-04:00,165.90406212858832,165.9336760725164,163.08075065744458,163.44601440429688,953300,0.0,0.0
2024-07-02 00:00:00-04:00,163.23869536152748,164.37393666923754,162.60690614398533,163.96920776367188,705700,0.0,0.0
2024-07-03 00:00:00-04:00,164.48255889306753,165.35127488877737,163.97910670266995,164.1666717529297,531300,0.0,0.0
2024-07-05 00:00:00-04:00,164.26537270687544,164.68986439094994,162.2910292124993,163.52499389648438,787800,0.0,0.0
2024-07-08 00:00:00-04:00,164.41342948082874,165.3413731750953,162.281135255243,162.3897247314453,1903700,0.0,0.0
2024-07-09 00:00:00-04:00,162.89319117963214,163.48550020443406,161.7875637339157,162.0244903564453,1492700,0.0,0.0
2024-07-10 00:00:00-04:00,162.0343693429524,164.04819307154708,161.82705664911916,163.74217224121094,847600,0.0,0.0
2024-07-11 00:00:00-04:00,164.33448834591874,168.5793300364024,163.9396256569163,167.14793395996094,1099900,0.0,0.0
2024-07-12 00:00:00-04:00,168.4410980126497,169.92185543976515,166.89123134200796,167.3453369140625,874100,0.0,0.0
2024-07-15 00:00:00-04:00,167.4242893537373,170.7510524275329,166.95043619704035,169.90208435058594,1259200,0.0,0.0
2024-07-16 00:00:00-04:00,170.81030792133552,174.76886078099992,170.29697445011035,173.7520751953125,1505500,0.0,0.0
2024-07-17 00:00:00-04:00,173.54477909818144,175.09463075603765,172.6464492814703,172.78465270996094,1060200,0.0,0.0
2024-07-18 00:00:00-04:00,171.91594651801879,173.2683819976635,169.36905677285768,169.52699279785156,1031400,0.0,0.0
2024-07-19 00:00:00-04:00,170.80044288347347,170.80044288347347,166.95046441554248,166.98995971679688,887000,0.0,0.0
2024-07-22 00:00:00-04:00,168.63855169243425,170.8893020751533,167.3354777534677,170.7510986328125,782700,0.0,0.0
2024-07-23 00:00:00-04:00,169.9514798726069,171.2051770595511,169.5072556296636,169.66519165039062,814100,0.0,0.0
2024-07-24 00:00:00-04:00,168.94455545353588,169.03339728683963,164.73920965034176,164.8083038330078,925000,0.0,0.0
2024-07-25 00:00:00-04:00,165.14393758894707,169.4085263184973,164.42330650695095,166.35816955566406,725700,0.0,0.0
2024-07-26 00:00:00-04:00,168.43121638868317,171.79747521611114,167.75006556320466,170.06005859375,864600,0.0,0.0
2024-07-29 00:00:00-04:00,169.9613342534728,170.99786745638227,169.3591589689668,169.69479370117188,882800,0.0,0.0
2024-07-30 00:00:00-04:00,170.514168358493,172.33057578591354,168.76688524533878,170.13905334472656,878300,0.0,0.0
2024-07-31 00:00:00-04:00,172.31082809813626,173.7126101440309,170.89916469461485,171.25454711914062,1143800,0.0,0.0
2024-08-01 00:00:00-04:00,162.88333139637908,164.85767480724428,154.53185214067955,157.08863830566406,4505900,0.0,0.0
2024-08-02 00:00:00-04:00,155.6275949243961,155.6275949243961,148.52984385500707,150.7805938720703,4082200,0.0,0.0
2024-08-05 00:00:00-04:00,148.56934497587437,154.64044507425515,147.1182013315315,152.70559692382812,3114100,0.0,0.0
2024-08-06 00:00:00-04:00,153.21893388954354,157.56248356274642,153.13007698416126,154.96621704101562,1820500,0.0,0.0
2024-08-07 00:00:00-04:00,156.26928941442358,158.1942712943195,154.23571804063377,154.81814575195312,2319300,0.0,0.0
2024-08-08 00:00:00-04:00,155.67696888682167,157.27619723037074,154.08762190029177,156.81222534179688,1666800,0.0,0.0
2024-08-09 00:00:00-04:00,156.7826004476182,158.8260378229955,154.96619325911894,157.47361755371094,1812800,0.0,0.0
2024-08-12 00:00:00-04:00,158.71744051973516,160.48448602860125,157.88822003330534,158.69769287109375,2157300,0.0,0.0
2024-08-13 00:00:00-04:00,158.56940730202894,160.09951150538586,156.83197533479128,159.2406768798828,1282200,0.0,0.0
2024-08-14 00:00:00-04:00,159.09259068014103,160.86950270687885,158.70759432960156,159.40847778320312,1008100,0.0,0.0
2024-08-15 00:00:00-04:00,161.7283525058971,164.1864156301064,160.37593200435586,161.05706787109375,879900,0.0,0.0
2024-08-16 00:00:00-04:00,160.41541651644542,161.44206855441035,159.66517137574206,160.6029815673828,1039500,0.0,0.0
2024-08-19 00:00:00-04:00,160.8596196847081,162.69575958282368,160.632574419572,162.55755615234375,938900,0.0,0.0
2024-08-20 00:00:00-04:00,162.72536953704596,163.73228882758843,162.28114531161495,162.7451171875,1031500,0.0,0.0
2024-08-21 00:00:00-04:00,162.77473022090373,164.67997930839695,162.5378036059124,163.76190185546875,791400,0.0,0.0
2024-08-22 00:00:00-04:00,163.82112544142166,165.22290731812717,162.84383518921447,163.10049438476562,1060800,0.0,0.0
2024-08-23 00:00:00-04:00,163.7915018791476,165.75597868767073,163.3867579282438,165.24264526367188,999300,0.0,0.0
2024-08-26 00:00:00-04:00,166.02251759518583,167.40456691577828,164.70959258203635,166.16073608398438,635100,0.0,0.0
2024-08-27 00:00:00-04:00,165.9139453968282,166.30880802911423,165.0452295301463,165.82508850097656,686300,0.0,0.0
2024-08-28 00:00:00-04:00,166.8320053356436,168.66814516848663,165.3512478918361,166.42726135253906,831500,0.0,0.0
2024-08-29 00:00:00-04:00,167.592119106655,168.67799877930779,166.56545225417167,167.20712280273438,856300,0.0,0.0
2024-08-30 00:00:00-04:00,167.7895657064549,169.1715999842436,166.73328481603903,168.855712890625,1235600,0.0,0.0
2024-09-03 00:00:00-04:00,168.0758396183806,168.91494154565922,163.84087986983533,164.54176330566406,1152600,0.0,0.0
2024-09-04 00:00:00-04:00,164.07779124003986,166.04225299959924,163.1399662097509,165.34136962890625,1107300,0.0,0.0
2024-09-05 00:00:00-04:00,164.73922049898493,165.56844112384817,162.36013305244276,163.03140258789062,1002100,0.0,0.0
2024-09-06 00:00:00-04:00,163.307817571723,164.84781817542247,161.1261764101454,161.54078674316406,835900,0.0,0.0
2024-09-09 00:00:00-04:00,163.07088869217588,163.376909496251,161.40256617907576,162.1923065185547,1321600,0.0,0.0
2024-09-10 00:00:00-04:00,163.13010219799088,163.13010219799088,161.23473458818754,162.82408142089844,797900,0.0,0.0
2024-09-11 00:00:00-04:00,162.71549232557456,163.3966431216192,160.1685878574715,163.1399688720703,1553400,0.0,0.0
2024-09-12 00:00:00-04:00,163.07089559463182,165.68689457540123,161.78756937153852,164.74908447265625,1106500,0.0,0.0
2024-09-13 00:00:00-04:00,165.4894516341694,166.91098119303254,164.95638558111756,165.36111450195312,920600,0.0,0.0
2024-09-16 00:00:00-04:00,166.7553498555383,167.64528579967535,165.53910004168077,166.46859741210938,839600,0.28,0.0
2024-09-17 00:00:00-04:00,167.0223539434855,168.9703394625172,166.38950685175666,166.6861572265625,853100,0.0,0.0
2024-09-18 00:00:00-04:00,167.60573923401108,169.63283231319602,166.2114931802618,167.53651428222656,1211400,0.0,0.0
2024-09-19 00:00:00-04:00,170.76998019369293,170.76998019369293,168.03093223131015,170.32501220703125,866200,0.0,0.0
2024-09-20 00:00:00-04:00,169.35594927969763,169.47460337249424,168.11991885219294,169.18785095214844,1237500,0.0,0.0
2024-09-23 00:00:00-04:00,169.5932523986898,170.8193999779176,168.56488175256376,169.17794799804688,641800,0.0,0.0
2024-09-24 00:00:00-04:00,169.771281991672,169.771281991672,167.92218499214556,168.63412475585938,1408900,0.0,0.0
2024-09-25 00:00:00-04:00,169.81082843827207,170.829316473876,169.00988300136652,169.33619689941406,1672400,0.0,0.0
2024-09-26 00:00:00-04:00,171.06664480375105,171.56105707197,168.87145312579779,170.04815673828125,1789000,0.0,0.0
2024-09-27 00:00:00-04:00,170.63157862940216,171.9269365025246,169.39554782096215,170.14706420898438,1183400,0.0,0.0
2024-09-30 00:00:00-04:00,169.78116349988565,170.37446423472855,167.60575261923577,169.7910614013672,1017900,0.0,0.0
2024-10-01 00:00:00-04:00,170.00858024950548,170.34479202919704,167.09155114303198,167.21022033691406,1869900,0.0,0.0
2024-10-02 00:00:00-04:00,166.57740129762584,167.48711813292067,165.42046322029123,166.32029724121094,2644500,0.0,0.0
2024-10-03 00:00:00-04:00,165.7170857626522,167.3486551562234,164.31295685586784,167.21022033691406,2126000,0.0,0.0
2024-10-04 00:00:00-04:00,168.9010974188663,169.01975152148066,166.88390223310583,168.20892333984375,718400,0.0,0.0
2024-10-07 00:00:00-04:00,164.38218248376103,165.83575563660185,163.54167566348087,164.67881774902344,1891200,0.0,0.0
2024-10-08 00:00:00-04:00,165.27210800262955,165.89507219680567,164.40193771086135,165.0545654296875,1127400,0.0,0.0
2024-10-09 00:00:00-04:00,165.8159883178653,167.19045381491438,165.43034735360737,166.93336486816406,887600,0.0,0.0
2024-10-10 00:00:00-04:00,165.7566549267627,167.25965729562748,165.08424642425848,167.012451171875,793700,0.0,0.0
2024-10-11 00:00:00-04:00,167.1508901891282,169.6625129188631,167.1508901891282,168.48580932617188,1171300,0.0,0.0
2024-10-14 00:00:00-04:00,168.84179030136218,169.7910684991406,168.31771450192429,169.6526336669922,2034200,0.0,0.0
2024-10-15 00:00:00-04:00,170.03824447846918,171.1852692750207,167.15086405441696,167.48707580566406,1160600,0.0,0.0
2024-10-16 00:00:00-04:00,167.48710162593113,168.4759261435701,166.91358159510878,167.81341552734375,1505400,0.0,0.0
2024-10-17 00:00:00-04:00,168.73300001480655,169.00986964795374,166.74546834365793,167.78372192382812,1223200,0.0,0.0
2024-10-18 00:00:00-04:00,168.30781165294258,168.82198948927746,166.91356559553418,167.50685119628906,719100,0.0,0.0
2024-10-21 00:00:00-04:00,168.04082037567002,168.73299443565122,166.8739997417621,167.46730041503906,858600,0.0,0.0
2024-10-22 00:00:00-04:00,166.5378068359707,166.98277480686428,165.2226685481203,166.49826049804688,678200,0.0,0.0
2024-10-23 00:00:00-04:00,165.69732412522325,166.75535846506716,164.03609116526496,164.807373046875,772200,0.0,0.0
2024-10-24 00:00:00-04:00,164.94579391502995,165.7170757313892,163.57132861784993,164.71836853027344,1096700,0.0,0.0
2024-10-25 00:00:00-04:00,165.95440388515073,166.31038127916472,164.64914841101165,165.09413146972656,603900,0.0,0.0
2024-10-28 00:00:00-04:00,166.57740353033003,167.1410257225898,165.89511212264733,166.17198181152344,1044800,0.0,0.0
2024-10-29 00:00:00-04:00,165.509453796393,166.43895126386738,163.88778217918178,165.61822509765625,915600,0.0,0.0
2024-10-30 00:00:00-04:00,165.24246696346168,167.0717983698757,164.78760104316044,167.02235412597656,1557600,0.0,0.0
2024-10-31 00:00:00-04:00,177.61266333428355,182.11181811755017,176.702946546114,181.2910919189453,2562000,0.0,0.0
2024-11-01 00:00:00-04:00,180.56922213331248,181.42949452280516,175.97119476347282,176.43592834472656,1962500,0.0,0.0
2024-11-04 00:00:00-05:00,177.67197844666637,178.987116838772,176.6139440803685,177.9093017578125,959800,0.0,0.0
2024-11-05 00:00:00-05:00,177.76096964698402,180.24291350157463,177.57309059365497,179.98582458496094,1227600,0.0,0.0
2024-11-06 00:00:00-05:00,186.58129596524773,190.05206450328788,185.37492887694026,188.19308471679688,2384100,0.0,0.0
2024-11-07 00:00:00-05:00,188.36119240891762,189.0434686686519,186.64063227432194,186.83839416503906,832300,0.0,0.0
2024-11-08 00:00:00-05:00,187.01638768798577,189.31045274556502,186.65051235284218,188.786376953125,832900,0.0,0.0
2024-11-11 00:00:00-05:00,189.8641930449424,190.88268110631003,188.23263860169735,189.4291229248047,1228500,0.0,0.0
2024-11-12 00:00:00-05:00,189.89385227745603,192.09894179849113,188.54905034021291,191.8319549560547,1867600,0.0,0.0
2024-11-13 00:00:00-05:00,191.39686979176122,194.50177815044634,190.25972764026832,193.236083984375,1429700,0.0,0.0
2024-11-14 00:00:00-05:00,191.74297812738968,193.2459806269936,189.8642023704862,191.5847625732422,1122300,0.0,0.0
2024-11-15 00:00:00-05:00,191.13979375810501,192.46481507014528,190.30918473458115,190.94203186035156,2148700,0.0,0.0
2024-11-18 00:00:00-05:00,191.12987348839206,191.15955210343424,189.97295067924728,191.0804443359375,818800,0.0,0.0
2024-11-19 00:00:00-05:00,188.96439268067223,191.33756575551155,188.86550418244292,191.2980194091797,1321000,0.0,0.0
2024-11-20 00:00:00-05:00,191.89127122080103,191.89127122080103,189.16212115823203,191.16943359375,1003300,0.0,0.0
2024-11-21 00:00:00-05:00,192.26707068668293,193.77997122029745,190.85304356681905,193.5723114013672,1136300,0.0,0.0
2024-11-22 00:00:00-05:00,193.76015223654076,195.61914707181708,192.4054675383844,195.17417907714844,1052800,0.0,0.0
2024-11-25 00:00:00-05:00,195.7872541424455,196.11356804327468,194.0666940530548,194.91708374023438,1526500,0.0,0.0
2024-11-26 00:00:00-05:00,194.94674371180741,194.94674371180741,193.00865614548943,194.81820678710938,1285000,0.0,0.0
2024-11-27 00:00:00-05:00,195.07530803328888,195.1741965246171,192.88011630253757,192.919677734375,748500,0.0,0.0
2024-11-29 00:00:00-05:00,193.2657369590234,193.82937414146014,192.20770263671875,192.20770263671875,1098700,0.0,0.0
2024-12-02 00:00:00-05:00,193.2657404230809,194.2051206557156,192.19780818058337,193.37451171875,1093100,0.0,0.0
2024-12-03 00:00:00-05:00,193.26575810287736,193.71072613922396,191.1595720406327,192.1582794189453,1717900,0.0,0.0
2024-12-04 00:00:00-05:00,191.79239946110172,193.32506530797107,191.27820651568473,192.82077026367188,890900,0.0,0.0
2024-12-05 00:00:00-05:00,192.82077500264919,193.95791712761553,191.5649636792,191.7924041748047,1390700,0.0,0.0
2024-12-06 00:00:00-05:00,191.8320099112713,193.4758352104448,189.27715272715375,189.67324829101562,995700,0.28,0.0
2024-12-09 00:00:00-05:00,189.53461530392224,190.73282932869392,187.66303579156656,188.03933715820312,1027900,0.0,0.0
2024-12-10 00:00:00-05:00,188.1581638204665,188.97017938230465,185.80136949114558,186.7619171142578,1044300,0.0,0.0
2024-12-11 00:00:00-05:00,188.5641919483351,189.10883474857195,186.41534227292706,186.82135009765625,662600,0.0,0.0
2024-12-12 00:00:00-05:00,187.17782486438094,188.0690474658382,186.41532501464138,186.61337280273438,774300,0.0,0.0
2024-12-13 00:00:00-05:00,186.9599767552056,187.75218305575174,185.3755641541133,185.55381774902344,827100,0.0,0.0
2024-12-16 00:00:00-05:00,188.60380855071529,189.19795196362085,187.22735591221092,187.53433227539062,1122400,0.0,0.0
2024-12-17 00:00:00-05:00,187.9304225827759,188.5839939176068,184.5041518457747,184.89035034179688,1217200,0.0,0.0
2024-12-18 00:00:00-05:00,185.4547823465812,185.93010007275734,178.86959877803594,178.99832153320312,962400,0.0,0.0
2024-12-19 00:00:00-05:00,180.58273808527937,181.26601583115362,179.27559542185412,180.33517456054688,1423200,0.0,0.0
2024-12-20 00:00:00-05:00,180.3450774849262,182.65237142314092,179.62219620018874,181.572998046875,2334800,0.0,0.0
2024-12-23 00:00:00-05:00,180.80057157018487,181.34521427544223,179.99846827247697,180.29554748535156,915500,0.0,0.0
2024-12-24 00:00:00-05:00,179.99847813804405,182.25625610351562,179.38451036843176,182.25625610351562,348900,0.0,0.0
2024-12-26 00:00:00-05:00,181.72148339692274,182.53349882831014,181.01841160640436,181.929443359375,594000,0.0,0.0
2024-12-27 00:00:00-05:00,180.7015661557694,182.04831235270743,179.67170852755967,180.67185974121094,524000,0.0,0.0
2024-12-30 00:00:00-05:00,179.03792844812642,179.74100033522515,177.5129288075219,178.978515625,601800,0.0,0.0
2024-12-31 00:00:00-05:00,179.05775935193722,179.92917271300442,178.0972116353545,178.50320434570312,589400,0.0,0.0
2025-01-02 00:00:00-05:00,180.1866531845324,180.1866531845324,176.17612082380913,176.59202575683594,713800,0.0,0.0
2025-01-03 00:00:00-05:00,176.78016123225788,178.41407440765516,175.83942288551165,177.81993103027344,540500,0.0,0.0
2025-01-06 00:00:00-05:00,178.74085348534464,179.89944889417333,177.07723395781963,177.6812744140625,1730800,0.0,0.0
2025-01-07 00:00:00-05:00,178.00806558098674,178.85968468270698,176.2355174501214,176.94850158691406,480900,0.0,0.0
2025-01-08 00:00:00-05:00,175.63145740963074,176.82967144831252,174.54217191992004,176.71083068847656,645500,0.0,0.0
2025-01-10 00:00:00-05:00,174.52237714495507,175.97805179002336,173.65094875604956,174.43324279785156,1430900,0.0,0.0
2025-01-13 00:00:00-05:00,172.78945600305403,174.98782147486,172.41315458227007,174.7798614501953,1007300,0.0,0.0
2025-01-14 00:00:00-05:00,176.16620454821728,178.71116492765483,175.29479118439093,177.40402221679688,735000,0.0,0.0
2025-01-15 00:00:00-05:00,180.06778088822398,180.06778088822398,177.42380456321223,178.3051300048828,683200,0.0,0.0
2025-01-16 00:00:00-05:00,180.22625546061064,181.14718456809334,178.45370717896589,179.0973663330078,1698900,0.0,0.0
2025-01-17 00:00:00-05:00,182.70187472122714,182.70187472122714,178.3249535736353,178.96861267089844,2612900,0.0,0.0
2025-01-21 00:00:00-05:00,180.43420977406586,183.28613136355466,179.07755135541058,182.89993286132812,2766000,0.0,0.0
2025-01-22 00:00:00-05:00,184.37541429050322,187.15802590889055,183.19700948753837,186.86094665527344,1832800,0.0,0.0
2025-01-23 00:00:00-05:00,187.23724744903373,189.3167719975161,185.9697234070792,188.57408142089844,1487900,0.0,0.0
2025-01-24 00:00:00-05:00,188.34632982366082,188.8513690932242,185.66274963119457,186.14796447753906,1314200,0.0,0.0
2025-01-27 00:00:00-05:00,184.30608693053162,186.14796014768086,182.12753094822392,183.14749145507812,1177100,0.0,0.0
2025-01-28 00:00:00-05:00,182.13741674835626,182.6919716984229,179.91925738839927,181.10755920410156,1030000,0.0,0.0
2025-01-29 00:00:00-05:00,181.58290265874425,182.61277545912318,180.32529073973927,180.74119567871094,765000,0.0,0.0
2025-01-30 00:00:00-05:00,181.67201718585866,185.11809709692193,181.16697794289118,184.187255859375,1120300,0.0,0.0
2025-01-31 00:00:00-05:00,184.25658484265654,185.07848243631037,182.76129150390625,182.76129150390625,1117000,0.0,0.0
2025-02-03 00:00:00-05:00,178.84979628016538,183.1673048251384,178.31506570660278,182.3354949951172,2025700,0.0,0.0
2025-02-04 00:00:00-05:00,174.28471666161704,181.88986068128654,173.92822459131514,178.74085998535156,3000100,0.0,0.0
2025-02-05 00:00:00-05:00,180.52334419484907,180.67187628123904,176.9485259182905,178.4735107421875,2095300,0.0,0.0
2025-02-06 00:00:00-05:00,179.04781970761593,181.17687483067888,178.47347058600218,181.11744689941406,1226700,0.0,0.0
2025-02-07 00:00:00-05:00,183.13759384940238,184.58335635937317,181.11746704385862,182.71177673339844,1646800,0.0,0.0
2025-02-10 00:00:00-05:00,183.8010397052036,184.71207154305168,181.17687273260188,184.15753173828125,1226400,0.0,0.0
2025-02-11 00:00:00-05:00,183.44457571560358,184.3160041763604,181.1372818029752,183.51390075683594,1139600,0.0,0.0
2025-02-12 00:00:00-05:00,181.147163291399,184.3357824915267,180.2064249805712,183.69212341308594,1394700,0.0,0.0
2025-02-13 00:00:00-05:00,183.7713390070613,184.40510096222317,181.9492752747305,182.63253784179688,855300,0.0,0.0
2025-02-14 00:00:00-05:00,182.3156880675791,183.19701363688853,180.90952901935944,181.75123596191406,1041800,0.0,0.0
2025-02-18 00:00:00-05:00,182.66227913534652,183.5535017871745,181.18679507701773,182.56324768066406,1104800,0.0,0.0
2025-02-19 00:00:00-05:00,182.00869563562566,187.0589821752887,181.37493365421423,187.01937866210938,1104200,0.0,0.0
2025-02-20 00:00:00-05:00,187.01937716509886,187.44517914619743,185.68252817731624,186.94015502929688,1036200,0.0,0.0
2025-02-21 00:00:00-05:00,186.56386507111986,187.34617426620835,182.66227663729214,184.3754119873047,1202700,0.0,0.0
2025-02-24 00:00:00-05:00,184.29619179527367,185.9895329605874,182.71177918574128,183.9694061279297,1087500,0.0,0.0
2025-02-25 00:00:00-05:00,183.5733148596254,186.05884727824088,182.96925923788012,185.1280059814453,1483200,0.0,0.0
2025-02-26 00:00:00-05:00,186.0192225143447,188.3166039688487,185.39535765049988,186.3459930419922,1180300,0.0,0.0
2025-02-27 00:00:00-05:00,186.86093089438776,188.39582765021572,185.11808925562198,185.50428771972656,851400,0.0,0.0
2025-02-28 00:00:00-05:00,186.1974816746292,188.17798992207307,184.09814776756392,187.45510864257812,2096800,0.0,0.0
2025-03-03 00:00:00-05:00,188.316618038299,189.9604434502439,183.7911647149045,184.73190307617188,1108200,0.0,0.0
2025-03-04 00:00:00-05:00,182.31567086374758,183.1276713146528,179.97867073834044,181.54327392578125,1605900,0.0,0.0
2025-03-05 00:00:00-05:00,182.01859453239436,183.93968980721266,181.23630048124468,183.23660278320312,2119200,0.0,0.0
2025-03-06 00:00:00-05:00,181.96906608368832,183.03854219622914,179.41420899985354,182.34536743164062,1436900,0.0,0.0
2025-03-07 00:00:00-05:00,181.20659955759277,182.70187777891948,179.20628208496376,182.1968536376953,1773300,0.0,0.0
2025-03-10 00:00:00-04:00,179.39443523757413,181.60269763565964,176.83957786266907,177.6218719482422,1814000,0.0,0.0
2025-03-11 00:00:00-04:00,177.9387492065996,178.13679699073805,174.95807490353363,177.11683654785156,1238500,0.0,0.0
2025-03-12 00:00:00-04:00,179.14687792546482,179.87965630974486,174.89867925463983,175.48294067382812,943500,0.0,0.0
2025-03-13 00:00:00-04:00,174.8788938494437,175.23538595786698,170.7396235288579,171.224853515625,1721300,0.0,0.0
2025-03-14 00:00:00-04:00,174.0124384969866,175.03423084344607,171.80019494471165,174.7366180419922,1336200,0.31,0.0
2025-03-17 00:00:00-04:00,173.96285126804966,178.45675809483117,173.96285126804966,177.20680236816406,688200,0.0,0.0
2025-03-18 00:00:00-04:00,176.37349150623828,177.18696560655158,174.22078230959036,174.6771240234375,895200,0.0,0.0
2025-03-19 00:00:00-04:00,174.9548604369672,176.56194831775207,173.96282789085993,175.65921020507812,1052200,0.0,0.0
2025-03-20 00:00:00-04:00,174.28028164244535,175.9865789424612,173.60570673357302,174.52828979492188,864200,0.0,0.0
2025-03-21 00:00:00-04:00,173.0501674366787,174.25051839384264,171.30418039030783,173.12953186035156,1422600,0.0,0.0
2025-03-24 00:00:00-04:00,175.16322062062372,177.77225632110296,175.0739261735851,177.39529418945312,1676500,0.0,0.0
2025-03-25 00:00:00-04:00,178.0599463901564,178.60555223969763,176.5222927500985,178.2682647705078,1166300,0.0,0.0
2025-03-26 00:00:00-04:00,177.42506127635195,178.90318036840355,174.56800214651636,175.49058532714844,933800,0.0,0.0
2025-03-27 00:00:00-04:00,175.3913654888747,176.08578527660683,173.27833122164628,174.16123962402344,1586500,0.0,0.0
2025-03-28 00:00:00-04:00,173.49658704604138,174.36958060933634,168.66539295426003,169.03244018554688,1101500,0.0,0.0
2025-03-31 00:00:00-04:00,167.6535118483425,170.9668971477979,165.6198419612004,170.76849365234375,1498800,0.0,0.0
2025-04-01 00:00:00-04:00,170.37167846479412,171.70099847132101,168.81418006911707,170.52047729492188,903200,0.0,0.0
2025-04-02 00:00:00-04:00,167.52454050125024,171.64148487808112,167.41541630964227,171.3438720703125,2488100,0.0,0.0
2025-04-03 00:00:00-04:00,165.5801688868686,166.18530939293183,159.73709733762902,160.20335388183594,1873000,0.0,0.0
2025-04-04 00:00:00-04:00,155.16384845586919,155.73922927621817,149.9358315442373,151.4437255859375,2753000,0.0,0.0
2025-04-07 00:00:00-04:00,148.25926152440897,155.38206310256794,143.86456459512547,152.1083526611328,3049700,0.0,0.0
2025-04-08 00:00:00-04:00,156.00704066437282,156.33441323765896,147.53508895127976,150.2036590576172,2260000,0.0,0.0
2025-04-09 00:00:00-04:00,148.4676223463113,161.07634989677797,147.11845722491853,159.71726989746094,3174800,0.0,0.0
2025-04-10 00:00:00-04:00,156.53283400042997,158.19945681766163,152.2472605823816,156.16578674316406,1688900,0.0,0.0
2025-04-11 00:00:00-04:00,155.18365210477526,158.13992014685866,152.30676362424745,157.68357849121094,2007500,0.0,0.0
2025-04-14 00:00:00-04:00,159.67757959754755,161.4334664627848,158.31848459422574,160.0743865966797,1133500,0.0,0.0
2025-04-15 00:00:00-04:00,160.23312362870178,161.47316448579596,158.57643086009006,158.93356323242188,758200,0.0,0.0
2025-04-16 00:00:00-04:00,157.04867028867616,159.7073253892903,156.17567680232295,157.2570037841797,1070100,0.0,0.0
2025-04-17 00:00:00-04:00,158.3284048653563,159.25098789331312,156.16576598268313,156.5526580810547,1698800,0.0,0.0
2025-04-21 00:00:00-04:00,154.75710130774456,155.08447391543862,152.5051828387558,154.01307678222656,1075900,0.0,0.0
2025-04-22 00:00:00-04:00,154.31068121254486,158.56649460626193,154.31068121254486,158.3780059814453,1659200,0.0,0.0
2025-04-23 00:00:00-04:00,162.75286218868152,163.93338337746926,160.21326121307888,160.89776611328125,1755400,0.0,0.0
2025-04-24 00:00:00-04:00,160.90769392922022,166.363873542424,160.8977790520489,165.9075469970703,1253400,0.0,0.0
2025-04-25 00:00:00-04:00,165.56032671837113,166.6614835544877,164.39965034579697,165.36192321777344,711100,0.0,0.0
2025-04-28 00:00:00-04:00,165.65953811604527,167.1078973120782,163.75483723941613,164.96510314941406,955000,0.0,0.0
2025-04-29 00:00:00-04:00,164.85597062107766,167.54438563428474,164.41948899123005,166.46307373046875,948500,0.0,0.0
2025-04-30 00:00:00-04:00,165.40159801269607,168.42730059550382,163.5365869407297,168.22889709472656,1654600,0.0,0.0
2025-05-01 00:00:00-04:00,166.58212863569344,168.30827097758083,161.8997330956653,165.92738342285156,1861600,0.0,0.0
2025-05-02 00:00:00-04:00,168.4868179346167,169.3796563822952,167.911437193815,168.71499633789062,1160300,0.0,0.0
2025-05-05 00:00:00-04:00,167.77254456747556,169.73677996860386,167.65350550215234,168.91339111328125,1476400,0.0,0.0
2025-05-06 00:00:00-04:00,167.60390684507016,168.76458318516435,166.41347073757993,166.51268005371094,777600,0.0,0.0
2025-05-07 00:00:00-04:00,167.84200317361027,169.09195883862262,167.14758335971453,168.3578643798828,840900,0.0,0.0
2025-05-08 00:00:00-04:00,169.30028018546477,172.33589739465262,169.11179157726286,170.20303344726562,1145000,0.0,0.0
2025-05-09 00:00:00-04:00,170.82801871919622,171.8398962571615,169.58797791093085,170.38160705566406,1257900,0.0,0.0
2025-05-12 00:00:00-04:00,176.1651591322122,179.07180751977268,175.11360694917371,177.95082092285156,2214400,0.0,0.0
2025-05-13 00:00:00-04:00,178.54602844260862,180.87731117712866,178.54602844260862,179.0618896484375,1582700,0.0,0.0
2025-05-14 00:00:00-04:00,178.73451322908625,178.96267649058507,177.296068974429,177.93096923828125,1254800,0.0,0.0
2025-05-15 00:00:00-04:00,177.79209789687962,179.30990668439253,177.3655159736633,178.7742156982422,1335200,0.0,0.0
2025-05-16 00:00:00-04:00,179.41901953256576,181.4229296552764,178.71466971484105,181.29396057128906,1167600,0.0,0.0
2025-05-19 00:00:00-04:00,179.48844987076603,180.98642877472489,179.48844987076603,180.43089294433594,949400,0.0,0.0
2025-05-20 00:00:00-04:00,179.02222484940896,179.9448079798418,178.87341086444988,179.35951232910156,832800,0.0,0.0
2025-05-21 00:00:00-04:00,178.00040029359215,178.56586613555177,175.8377765140364,176.26434326171875,1270600,0.0,0.0
2025-05-22 00:00:00-04:00,175.58976914136704,178.33770366522023,174.44893771313158,177.11749267578125,788900,0.0,0.0
2025-05-23 00:00:00-04:00,174.7267066339651,177.08773392801024,173.98268218416925,176.22467041015625,1108500,0.0,0.0
2025-05-27 00:00:00-04:00,178.27820365142122,179.52815940734652,176.58182106953473,179.3694305419922,1178400,0.0,0.0
2025-05-28 00:00:00-04:00,179.87536539851638,180.2027228486887,177.1075858584161,177.54408264160156,941800,0.0,0.0
2025-05-29 00:00:00-04:00,178.3178774806657,179.1214215441592,177.17704593275573,178.60556030273438,1269900,0.0,0.0
2025-05-30 00:00:00-04:00,178.60554827967243,179.0023704145242,176.45283928620782,177.31591796875,2078700,0.0,0.0
2025-06-02 00:00:00-04:00,176.42308566248084,176.42308566248084,173.48667744839568,174.9152069091797,1220800,0.0,0.0
2025-06-03 00:00:00-04:00,174.8159943240441,176.47268702862462,174.21085380368214,176.29412841796875,2114800,0.0,0.0
2025-06-04 00:00:00-04:00,177.1770511058123,177.1770511058123,175.43106381838672,175.79812622070312,1106000,0.0,0.0
2025-06-05 00:00:00-04:00,176.68103155628927,177.16711789595826,174.57791191956184,175.5203399658203,1112300,0.0,0.0
2025-06-06 00:00:00-04:00,177.17705481781758,177.92107937869213,176.4727049064802,176.92904663085938,1041000,0.0,0.0
2025-06-09 00:00:00-04:00,177.3258295151482,178.11945863272922,176.6413245904498,177.21670532226562,877200,0.0,0.0
2025-06-10 00:00:00-04:00,177.38533756901938,178.60553336521065,176.65124317097334,178.4368896484375,1154900,0.0,0.0
2025-06-11 00:00:00-04:00,178.2484134536323,180.28208334703154,177.26631085008674,179.4586944580078,1843700,0.0,0.0
2025-06-12 00:00:00-04:00,177.48458053368472,178.96269962336277,177.00839392133125,178.5361328125,1042200,0.0,0.0
2025-06-13 00:00:00-04:00,176.58837322132612,177.90012308079247,175.26669137686474,175.85301208496094,1261500,0.31,0.0
2025-06-16 00:00:00-04:00,177.5920746165726,178.05912055066304,176.4095163130161,177.5125732421875,1450000,0.0,0.0
2025-06-17 00:00:00-04:00,176.7175485071044,177.025606810168,173.97481973176258,174.45181274414062,967900,0.0,0.0
2025-06-18 00:00:00-04:00,174.4120701468875,177.7808629783535,174.27294654064218,176.6479949951172,1332700,0.0,0.0
2025-06-20 00:00:00-04:00,178.46653874118104,178.6951108523202,175.1275572203535,175.58468627929688,2794300,0.0,0.0
2025-06-23 00:00:00-04:00,175.0778651843565,176.3697358194845,173.37857090643294,176.17098999023438,1461300,0.0,0.0
2025-06-24 00:00:00-04:00,176.17101337804323,178.27774674177925,175.55489667657406,178.11875915527344,1523700,0.0,0.0
2025-06-25 00:00:00-04:00,177.92993979098725,177.99949401481015,175.7834482244033,176.88650512695312,1115900,0.0,0.0
2025-06-26 00:00:00-04:00,177.5721933444478,179.69880580280434,177.14487535768913,178.69512939453125,1075000,0.0,0.0
2025-06-27 00:00:00-04:00,179.3112471825891,180.34473471681008,178.54605972657737,179.4006805419922,1601300,0.0,0.0
2025-06-30 00:00:00-04:00,179.38079057421768,180.3248598553564,178.4466836046387,179.82798767089844,1600800,0.0,0.0
2025-07-01 00:00:00-04:00,179.05286709873528,182.81916704258128,178.38706013915552,181.91485595703125,1094500,0.0,0.0
2025-07-02 00:00:00-04:00,181.25897091753043,181.9844152408204,180.48385150534165,180.85154724121094,977700,0.0,0.0
2025-07-03 00:00:00-04:00,181.85522251703162,183.2166474726785,180.96085863556092,183.03778076171875,719300,0.0,0.0
2025-07-07 00:00:00-04:00,182.68002995092777,182.88870777783856,180.04659826386023,181.22915649414062,1558800,0.0,0.0
2025-07-08 00:00:00-04:00,181.03042039015466,182.05397593657636,179.6988064975935,180.1956787109375,1827300,0.0,0.0
2025-07-09 00:00:00-04:00,181.68628717419304,181.9347232696842,178.96342210880903,181.1397247314453,1168600,0.0,0.0
2025-07-10 00:00:00-04:00,181.07018013630955,182.53097050519202,180.06648855262864,180.30499267578125,1152400,0.0,0.0
2025-07-11 00:00:00-04:00,179.16216708119399,180.34472531611436,178.65536290765775,179.83792114257812,839400,0.0,0.0
2025-07-14 00:00:00-04:00,178.18830156066548,178.86405562100038,176.46912803663116,177.24424743652344,1420800,0.0,0.0
2025-07-15 00:00:00-04:00,178.22805767176197,178.22805767176197,175.2269454480441,175.3362579345703,1585200,0.0,0.0
2025-07-16 00:00:00-04:00,175.71390212711916,176.18094807153798,173.3388383185995,175.9424591064453,1717400,0.0,0.0
2025-07-17 00:00:00-04:00,176.11138481843605,178.7149903095048,175.58470149640056,178.57586669921875,1241100,0.0,0.0
2025-07-18 00:00:00-04:00,179.18205353142295,179.18205353142295,176.985886859749,177.393310546875,1012000,0.0,0.0
2025-07-21 00:00:00-04:00,177.66162295307183,178.6652993401585,176.8169341461487,176.97593688964844,1676100,0.0,0.0
2025-07-22 00:00:00-04:00,176.55858214942347,178.1982696599261,176.15114326832847,178.07901000976562,1088800,0.0,0.0
2025-07-23 00:00:00-04:00,180.04658508079098,180.53352524682185,179.2019115233921,180.14596557617188,751300,0.0,0.0
2025-07-24 00:00:00-04:00,180.2155571630046,180.55342662759875,178.48643640831185,178.5957489013672,1545800,0.0,0.0
2025-07-25 00:00:00-04:00,178.83424822217242,179.6491107421679,177.9001260635576,178.9634246826172,1566200,0.0,0.0
2025-07-28 00:00:00-04:00,179.5099800580447,179.75841614731698,177.48274824145054,177.7212371826172,1394600,0.0,0.0
2025-07-29 00:00:00-04:00,178.22805957733257,178.8640553702844,176.98587910958796,177.8404998779297,1473200,0.0,0.0
2025-07-30 00:00:00-04:00,178.38704814283366,178.95348971766924,174.51145112730134,175.6542510986328,2286600,0.0,0.0
2025-07-31 00:00:00-04:00,179.84784834372005,188.01642811953033,179.7683469760639,183.6936492919922,3163300,0.0,0.0
2025-08-01 00:00:00-04:00,181.87509794261408,182.97815479438592,178.77460521249728,181.21922302246094,1725000,0.0,0.0
2025-08-04 00:00:00-04:00,182.30240433092033,183.88245426330926,181.87510152392315,183.33590698242188,1959800,0.0,0.0
2025-08-05 00:00:00-04:00,186.63512397431091,188.8114265272588,183.10732849863453,183.7930145263672,1919800,0.0,0.0
2025-08-06 00:00:00-04:00,183.56444520556957,185.14449497665558,182.92844947085564,184.30975341796875,1157400,0.0,0.0
2025-08-07 00:00:00-04:00,186.466204715103,186.93326581146331,180.69255198818473,181.09999084472656,1088300,0.0,0.0
2025-08-08 00:00:00-04:00,182.42164820912976,182.5508246569062,180.38446936392268,180.9409637451172,814800,0.0,0.0
2025-08-11 00:00:00-04:00,181.2093001323393,181.9546084435554,180.4838557918201,181.37823486328125,810200,0.0,0.0
2025-08-12 00:00:00-04:00,181.85521460487377,183.862582421656,180.96085076231506,183.7830810546875,1050800,0.0,0.0
2025-08-13 00:00:00-04:00,184.17065046955958,185.91963514524264,182.6303436252729,185.7407684326172,1139700,0.0,0.0
2025-08-14 00:00:00-04:00,184.78677892767493,185.61158864739414,182.80923716084158,183.6240997314453,845700,0.0,0.0
2025-08-15 00:00:00-04:00,184.44890830491056,184.44890830491056,180.03668051278993,180.22549438476562,1556600,0.0,0.0
2025-08-18 00:00:00-04:00,180.69253348940074,181.92478191839638,179.9969154905061,181.4775848388672,1757100,0.0,0.0
2025-08-19 00:00:00-04:00,182.2030401050404,184.22034000514833,181.83534436940306,184.0414581298828,1073200,0.0,0.0
2025-08-20 00:00:00-04:00,183.64395813350873,184.39919837750367,181.9347166456938,182.19308471679688,874100,0.0,0.0
2025-08-21 00:00:00-04:00,181.41796533343626,183.10732768853907,180.58322372220928,182.29246520996094,1030400,0.0,0.0
2025-08-22 00:00:00-04:00,183.1868440173569,186.82395225904764,182.7098509381744,185.780517578125,970400,0.0,0.0
2025-08-25 00:00:00-04:00,186.12833807741015,186.6351422869101,183.65390894396174,184.40916442871094,962300,0.0,0.0
2025-08-26 00:00:00-04:00,183.95202098687741,185.65133053190374,183.3160251964392,185.611572265625,1922000,0.0,0.0
2025-08-27 00:00:00-04:00,185.20412899696112,186.42644546070494,184.53832210443505,185.3830108642578,1061900,0.0,0.0
2025-08-28 00:00:00-04:00,186.71462145099338,186.71462145099338,185.09481334174723,185.56187438964844,846500,0.0,0.0
2025-08-29 00:00:00-04:00,185.25382773758187,186.36681660435758,183.32596119096246,183.6439666748047,809700,0.0,0.0
2025-09-02 00:00:00-04:00,182.7992793559108,183.66384729502,181.35835300851045,183.65390014648438,948100,0.0,0.0
2025-09-03 00:00:00-04:00,182.80921765303046,183.58433703446954,181.11984012407999,183.19677734375,892000,0.0,0.0
2025-09-04 00:00:00-04:00,183.1769145361084,186.70471033253423,182.4614173258848,186.69476318359375,1105700,0.0,0.0
2025-09-05 00:00:00-04:00,187.78786991633348,188.11580736948443,184.56813278267123,186.27737426757812,1064300,0.0,0.0
2025-09-08 00:00:00-04:00,186.4562586339068,187.57917944671675,184.83645047905415,187.48974609375,1635400,0.0,0.0
2025-09-09 00:00:00-04:00,186.9729968486322,187.48974816593284,184.64763866578292,186.30718994140625,937900,0.0,0.0
2025-09-10 00:00:00-04:00,185.42276269998135,187.97669306907187,185.02527100801007,186.23764038085938,880100,0.0,0.0
2025-09-11 00:00:00-04:00,186.64507993146958,191.12686170334334,186.4264549510527,190.8287353515625,1119200,0.0,0.0
2025-09-12 00:00:00-04:00,189.81509749404393,190.69952933412605,188.57291709149405,188.74185180664062,813100,0.0,0.0
2025-09-15 00:00:00-04:00,189.04047761057976,189.69742479209194,186.77103751819723,188.68214416503906,925600,0.31,0.0
2025-09-16 00:00:00-04:00,188.55274122111842,189.0703373506132,185.52682616248674,186.4027557373047,1060900,0.0,0.0
2025-09-17 00:00:00-04:00,187.29857298686426,188.06501132894383,184.70065942694177,185.38746643066406,1400300,0.0,0.0
2025-09-18 00:00:00-04:00,186.44256380473018,188.86131835756927,185.67612542680376,187.8261260986328,1551900,0.0,0.0
2025-09-19 00:00:00-04:00,188.5129346176264,188.57265432762614,186.4326170492987,186.99996948242188,1570700,0.0,0.0
2025-09-22 00:00:00-04:00,186.7809875257746,188.2342329543932,186.02451255045813,187.57728576660156,748400,0.0,0.0
2025-09-23 00:00:00-04:00,187.7962497970572,189.1200922654905,185.2978793090641,185.81546020507812,1474500,0.0,0.0
2025-09-24 00:00:00-04:00,186.1439370617918,186.7411644916093,184.78028649572866,185.30783081054688,1199100,0.0,0.0
2025-09-25 00:00:00-04:00,184.31247363149578,185.009228885267,182.82936837208425,183.5360870361328,1112800,0.0,0.0
2025-09-26 00:00:00-04:00,184.10345408506424,185.88515788482636,183.307155859713,185.51687622070312,783000,0.0,0.0
2025-09-29 00:00:00-04:00,186.8606261385676,188.3039082128973,185.23818492684757,186.00460815429688,1299900,0.0,0.0
2025-09-30 00:00:00-04:00,185.9149975106789,188.13466585227758,185.74578662427325,187.1293487548828,1836100,0.0,0.0
2025-10-01 00:00:00-04:00,186.01457147445228,188.19443210706325,185.8752204160634,186.5719757080078,849300,0.0,0.0
2025-10-02 00:00:00-04:00,186.67147925418527,187.91569039538822,184.60112528077295,185.2680206298828,1050800,0.0,0.0
2025-10-03 00:00:00-04:00,185.49696146530562,185.95483787331452,182.70992531756156,182.8990478515625,1874800,0.0,0.0
2025-10-06 00:00:00-04:00,186.133986739805,186.22356629682943,181.57519529547446,182.14256286621094,1360100,0.0,0.0
2025-10-07 00:00:00-04:00,183.1279760789459,183.1279760789459,180.41062308460855,180.579833984375,1283200,0.0,0.0
2025-10-08 00:00:00-04:00,181.75438023917772,182.48099533556984,179.66409932414535,182.34164428710938,1359100,0.0,0.0
2025-10-09 00:00:00-04:00,183.048354156371,184.00391508505362,180.93817672352588,182.46109008789062,1051500,0.0,0.0
2025-10-10 00:00:00-04:00,183.1877037719976,184.86987980929487,178.4099447304588,178.4497528076172,961600,0.0,0.0
2025-10-13 00:00:00-04:00,179.30577609487358,182.2122518340338,178.95739085982612,181.39605712890625,900700,0.0,0.0
2025-10-14 00:00:00-04:00,179.85322277217355,185.86524470673268,179.32567842974225,184.91964721679688,1439100,0.0,0.0
2025-10-15 00:00:00-04:00,186.64163129325894,187.2985784628197,182.71989028434757,184.91964721679688,1181400,0.0,0.0
2025-10-16 00:00:00-04:00,185.57658650102962,185.95483155618203,182.79949866958086,183.6356201171875,781700,0.0,0.0
2025-10-17 00:00:00-04:00,183.29718965436226,185.22820788525212,182.22220453287474,184.611083984375,1079700,0.0,0.0
2025-10-20 00:00:00-04:00,186.1041483689264,187.12937725265417,185.13863919677485,186.52220153808594,767500,0.0,0.0
2025-10-21 00:00:00-04:00,186.1339958278598,188.46315555296215,185.79557402605005,187.427978515625,691300,0.0,0.0
2025-10-22 00:00:00-04:00,187.96547482274673,188.38352797240486,184.03377038341674,184.0835418701172,781200,0.0,0.0
2025-10-23 00:00:00-04:00,184.74048757070176,188.89117436793296,184.45182206301502,188.3238067626953,1066800,0.0,0.0
2025-10-24 00:00:00-04:00,189.0703302854619,189.0703302854619,185.51687100790693,186.27334594726562,1386500,0.0,0.0
2025-10-27 00:00:00-04:00,186.51224968912533,187.58725004097374,184.95947646583062,185.88516235351562,1106800,0.0,0.0
2025-10-28 00:00:00-04:00,185.86523890448797,186.13399277239577,183.20760564309342,184.2427978515625,1595700,0.0,0.0
2025-10-29 00:00:00-04:00,184.2029870548472,186.27335642377855,182.02312648699694,183.33702087402344,2201800,0.0,0.0
2025-10-30 00:00:00-04:00,195.26152841878653,199.49184652821094,191.37959552303533,197.40158081054688,3522800,0.0,0.0
2025-10-31 00:00:00-04:00,197.8494977191638,203.20457253914668,196.85412873256377,201.1740264892578,2816600,0.0,0.0
2025-11-03 00:00:00-05:00,200.72611516047124,201.4925383511083,196.14741170859463,197.78977966308594,1551800,0.0,0.0
2025-11-04 00:00:00-05:00,196.07773958528693,197.5508814136007,195.49046034786352,197.1427764892578,939500,0.0,0.0
2025-11-05 00:00:00-05:00,197.10296841308727,198.88467219312975,196.0976360293096,197.1427764892578,1147000,0.0,0.0
2025-11-06 00:00:00-05:00,196.7545857445404,197.8096744401607,194.90319882207214,196.33653259277344,1084900,0.0,0.0
2025-11-07 00:00:00-05:00,195.76917476193006,196.09764836647204,193.08168140164486,195.3809814453125,1417400,0.0,0.0
2025-11-10 00:00:00-05:00,195.7890714117204,197.68028154876296,194.09694721719552,197.09300231933594,1306900,0.0,0.0
2025-11-11 00:00:00-05:00,196.74464307828046,197.232364175052,193.54950185852064,196.7247314453125,1079200,0.0,0.0
2025-11-12 00:00:00-05:00,197.48120683375234,199.78052202030526,195.7194146096821,195.878662109375,1482100,0.0,0.0
2025-11-13 00:00:00-05:00,195.5103768893426,196.36639483569385,192.574041380994,193.25088500976562,1524900,0.0,0.0
2025-11-14 00:00:00-05:00,192.10620514879963,193.85804901300162,191.26013547574416,192.46453857421875,1731100,0.0,0.0
2025-11-17 00:00:00-05:00,192.99208913065814,194.74393305144824,189.80691146189199,190.30459594726562,1656400,0.0,0.0
2025-11-18 00:00:00-05:00,190.12542905583652,190.59325370539824,187.94558368283967,189.02056884765625,1619700,0.0,0.0
2025-11-19 00:00:00-05:00,188.74184927097562,191.54879690854835,187.59718109113174,190.68283081054688,1420100,0.0,0.0
2025-11-20 00:00:00-05:00,192.99208767599455,194.0073682711792,188.18445376094755,189.1400146484375,1619600,0.0,0.0
2025-11-21 00:00:00-05:00,189.52821535767495,195.09232443492914,189.36895267216974,194.1168670654297,1605800,0.0,0.0
2025-11-24 00:00:00-05:00,193.83816037046108,195.08237159377637,193.11153008059475,194.31593322753906,2272600,0.0,0.0
2025-11-25 00:00:00-05:00,195.64972397165903,197.19254892586287,193.59926630617693,196.30667114257812,1219800,0.0,0.0
2025-11-26 00:00:00-05:00,196.03792814483143,196.98352568919825,195.34117285888357,195.37103271484375,1677900,0.0,0.0
2025-11-28 00:00:00-05:00,195.510378125052,197.61060733297157,195.19186794130096,196.97357177734375,905200,0.0,0.0
2025-12-01 00:00:00-05:00,195.55018648624133,197.35180181774314,194.66430874690138,194.70411682128906,1319300,0.0,0.0
2025-12-02 00:00:00-05:00,195.2714825790282,197.35181532613709,194.39556818942373,196.3763427734375,1266500,0.0,0.0
2025-12-03 00:00:00-05:00,195.94833766147426,198.43676010704408,194.77379436934018,198.2974090576172,960600,0.0,0.0
2025-12-04 00:00:00-05:00,198.20782949472672,199.9497252066256,197.42147949657652,198.2974090576172,1029700,0.0,0.0
2025-12-05 00:00:00-05:00,198.4269927667956,200.76976135518618,197.70922420733058,199.18466186523438,1562400,0.31,0.0
2025-12-08 00:00:00-05:00,198.6762229178212,200.47068234685204,198.03819458880972,198.6463165283203,1072900,0.0,0.0
2025-12-09 00:00:00-05:00,198.8157904915485,198.8157904915485,195.21692313110773,195.366455078125,1006000,0.0,0.0
2025-12-10 00:00:00-05:00,195.90479450556396,201.1785111912033,195.47612609610607,200.04202270507812,1645500,0.0,0.0
2025-12-11 00:00:00-05:00,200.00213483009475,203.61099646364974,199.25444464579905,203.21221923828125,1994800,0.0,0.0
2025-12-12 00:00:00-05:00,203.59105609813363,203.80040083349448,200.00213708827434,201.1186981201172,1489900,0.0,0.0
2025-12-15 00:00:00-05:00,201.08878656005953,202.76360524707619,200.68004561437255,202.56422424316406,1611300,0.0,0.0
2025-12-16 00:00:00-05:00,202.17543226291772,203.15240986079507,200.21149812898935,201.1585693359375,1533600,0.0,0.0
2025-12-17 00:00:00-05:00,199.86256309195613,201.57726710141856,198.45691713114658,199.2843475341797,1783200,0.0,0.0
2025-12-18 00:00:00-05:00,200.72989075756115,202.19536468604727,199.37407866085957,201.3380126953125,1799500,0.0,0.0
2025-12-19 00:00:00-05:00,202.54428435048445,202.9430615755604,201.12865942800516,202.66390991210938,3791500,0.0,0.0
2025-12-22 00:00:00-05:00,202.98292257600107,205.73441685237202,202.40470703445598,205.5948486328125,1212100,0.0,0.0
2025-12-23 00:00:00-05:00,207.35940594320184,209.49281460741489,206.36248572232105,207.9176788330078,1421200,0.0,0.0
2025-12-24 00:00:00-05:00,208.38622468331985,208.6853037806474,207.34943438595187,207.63853454589844,425100,0.0,0.0
2025-12-26 00:00:00-05:00,207.2796626437268,207.847914504582,206.72138972121405,207.8080291748047,498000,0.0,0.0
2025-12-29 00:00:00-05:00,207.66845242893496,208.336387163253,206.77123029908577,208.0472869873047,1081200,0.0,0.0
2025-12-30 00:00:00-05:00,207.35940886435193,208.256630991066,206.27276945911487,206.39239501953125,728800,0.0,0.0
2025-12-31 00:00:00-05:00,206.17306893348635,207.2298019362289,204.46834387035875,204.6776885986328,810400,0.0,0.0
2026-01-02 00:00:00-05:00,205.36556648564638,208.63546360886255,204.46834436727192,208.4958953857422,879400,0.0,0.0
2026-01-05 00:00:00-05:00,207.52888130862186,211.98511592907775,207.48901119283187,210.65921020507812,1075400,0.0,0.0
2026-01-06 00:00:00-05:00,209.79188299695755,213.93907455475636,208.30646646749454,213.50042724609375,1159300,0.0,0.0
2026-01-07 00:00:00-05:00,213.24122623125666,213.7895353875651,210.01121449553972,210.52960205078125,1201200,0.0,0.0
2026-01-08 00:00:00-05:00,210.5196368767564,212.842462768924,209.0840693544043,209.3931121826172,1222900,0.0,0.0
2026-01-09 00:00:00-05:00,209.3931137632293,211.19755211734235,208.64542360734322,209.99127197265625,860900,0.0,0.0
2026-01-12 00:00:00-05:00,209.27349404283228,211.09785989949248,208.2666100810693,209.11398315429688,1236300,0.0,0.0
2026-01-13 00:00:00-05:00,209.67226544466132,211.13772415554487,208.4261151846825,211.07791137695312,1039900,0.0,0.0
2026-01-14 00:00:00-05:00,210.77883042553623,211.49661418593902,208.62549435612277,210.46978759765625,916100,0.0,0.0
2026-01-15 00:00:00-05:00,212.75274593732578,214.69673730693742,210.9881929040805,214.3577880859375,1093100,0.0,0.0
2026-01-16 00:00:00-05:00,214.27803500455707,215.18523605763653,212.4038201189503,214.98583984375,1318600,0.0,0.0
2026-01-20 00:00:00-05:00,212.46362362130273,214.73660041184365,210.1308340539257,212.4835662841797,1220100,0.0,0.0
2026-01-21 00:00:00-05:00,215.69365630132168,220.66829360372492,214.74658514832018,219.74114990234375,1969500,0.0,0.0
2026-01-22 00:00:00-05:00,221.45585014775344,223.10076237467578,220.0501890306119,221.2365264892578,1955500,0.0,0.0
2026-01-23 00:00:00-05:00,223.22041601969883,223.67899081443196,218.96356230831677,220.0601806640625,2177900,0.0,0.0
2026-01-26 00:00:00-05:00,219.920616647313,220.54866607053756,217.58781166514913,219.12307739257812,1103600,0.0,0.0
2026-01-27 00:00:00-05:00,217.4881195943839,220.0601755962495,216.78029954255842,219.88072204589844,856100,0.0,0.0
2026-01-28 00:00:00-05:00,218.81401847594682,223.67897867016737,218.4052775462884,221.80477905273438,1261700,0.0,0.0
2026-01-29 00:00:00-05:00,223.2602829114748,225.9818708855008,222.73191640546455,225.92205810546875,1286500,0.0,0.0
2026-01-30 00:00:00-05:00,225.1743549126512,227.08843982198778,221.88453050673206,223.29017639160156,1294000,0.0,0.0
2026-02-02 00:00:00-05:00,222.3730248195213,228.32463982962756,221.7848455326695,227.0186767578125,2252300,0.0,0.0
2026-02-03 00:00:00-05:00,224.09768060841424,232.4518765860575,222.6920347153311,228.2149658203125,3044400,0.0,0.0
2026-02-04 00:00:00-05:00,230.80696431379832,233.83759496755778,224.9849389021162,227.12832641601562,2630000,0.0,0.0
2026-02-05 00:00:00-05:00,225.89214898792903,230.04930447971043,225.50335071061986,229.08229064941406,1741600,0.0,0.0
2026-02-06 00:00:00-05:00,231.40513026241672,232.84069789787003,229.2916641389973,231.19578552246094,1169300,0.0,0.0
2026-02-09 00:00:00-05:00,230.45805524523956,233.7379314273071,230.13904867138936,232.691162109375,834100,0.0,0.0
2026-02-10 00:00:00-05:00,233.3889948113626,235.00400071035872,232.03318269498453,232.39207458496094,1089800,0.0,0.0
2026-02-11 00:00:00-05:00,232.2823976578416,236.44951663175874,232.2823976578416,234.56533813476562,1145900,0.0,0.0
2026-02-12 00:00:00-05:00,237.45642933381964,239.2010397166018,227.87602542332698,227.98568725585938,1812400,0.0,0.0
2026-02-13 00:00:00-05:00,226.97878754751395,230.2486998518583,225.27406249623135,229.05238342285156,1284000,0.0,0.0
2026-02-17 00:00:00-05:00,228.00562276197036,233.4687411298241,227.8859819954574,232.61138916015625,1035700,0.0,0.0
2026-02-18 00:00:00-05:00,232.69114157515088,234.78466481447256,231.99330049537696,233.58836364746094,955500,0.0,0.0
2026-02-19 00:00:00-05:00,232.51169003598855,234.8843649394478,231.26553980716244,232.03317260742188,1128400,0.0,0.0
2026-02-20 00:00:00-05:00,231.1758266487799,233.55846533973812,229.61066983083592,232.79083251953125,1466500,0.0,0.0
2026-02-23 00:00:00-05:00,232.38211011254407,233.01015950913896,228.1053138364124,230.7371826171875,999700,0.0,0.0
2026-02-24 00:00:00-05:00,231.2156985300898,236.1504657716046,231.2057348041703,236.11058044433594,965100,0.0,0.0
2026-02-25 00:00:00-05:00,235.45260922569804,236.67883204341484,231.42505824774506,232.30235290527344,995000,0.0,0.0
2026-02-26 00:00:00-05:00,234.00708154195527,236.30000111540497,231.36524901476474,236.230224609375,1105100,0.0,0.0
2026-02-27 00:00:00-05:00,234.59526324580875,238.50318851244276,233.15969575769938,238.48324584960938,1571700,0.0,0.0
2026-03-02 00:00:00-05:00,235.61211268299283,241.30453362796445,234.2363731728173,240.7163543701172,1171500,0.0,0.0
2026-03-03 00:00:00-05:00,236.2102797864585,237.6059620122561,231.13595950834286,234.52548217773438,2132700,0.0,0.0
2026-03-04 00:00:00-05:00,235.71182093314263,236.3598129960497,232.3621683615618,234.0270233154297,1689700,0.0,0.0
2026-03-05 00:00:00-05:00,230.68732632185893,232.12289383208784,223.96809396397498,226.14137268066406,3562300,0.0,0.0
2026-03-06 00:00:00-05:00,222.64218929227007,224.31700792059692,220.00034164467561,221.2963409423828,1568300,0.0,0.0
2026-03-09 00:00:00-04:00,219.23273421060415,224.98495305816533,216.85009543915757,224.37684631347656,1731300,0.0,0.0
2026-03-10 00:00:00-04:00,224.3469134244546,228.3046878055781,223.83848960253158,225.60304260253906,1509500,0.0,0.0
2026-03-11 00:00:00-04:00,224.37683997778322,226.15135674263857,221.9244095569385,223.6092071533203,1320900,0.0,0.0
2026-03-12 00:00:00-04:00,223.0409547814287,223.6092066039558,214.56713297904986,214.90609741210938,1738500,0.0,0.0
2026-03-13 00:00:00-04:00,216.62078642448387,217.4881173539544,212.842465509795,213.8294219970703,1178000,0.0,0.0
2026-03-16 00:00:00-04:00,216.28573568780214,216.69512557489944,213.17041119972768,214.18887329101562,1695200,0.34,0.0
2026-03-17 00:00:00-04:00,215.31718675597884,216.365617955337,211.0935233233066,215.2373046875,1220600,0.0,0.0
2026-03-18 00:00:00-04:00,214.66815481983818,215.23729357894962,211.68262551280665,212.45147705078125,1172100,0.0,0.0
2026-03-19 00:00:00-04:00,210.30469262964547,212.59127298442658,209.01663049013433,211.18338012695312,1755900,0.0,0.0
2026-03-20 00:00:00-04:00,211.93225779286354,213.48992000602786,207.94822541231142,209.0565643310547,2249200,0.0,0.0
2026-03-23 00:00:00-04:00,214.37857925849485,216.63520566534947,212.2417835654913,212.4914093017578,1358000,0.0,0.0
2026-03-24 00:00:00-04:00,209.8653434936833,217.3541156463716,209.2762304076322,216.65516662597656,883700,0.0,0.0
2026-03-25 00:00:00-04:00,219.03161037163304,220.37959546482148,214.7779932381065,215.0076446533203,1281000,0.0,0.0
2026-03-26 00:00:00-04:00,212.3416481120521,215.44699299994556,210.51438582406848,211.15342712402344,1179800,0.0,0.0
2026-03-27 00:00:00-04:00,210.60425079696157,211.94224115947847,208.43750111666125,208.92677307128906,833400,0.0,0.0
2026-03-30 00:00:00-04:00,211.27324048561468,211.5927687503577,207.00964375906716,208.0580596923828,1032400,0.0,0.0
2026-03-31 00:00:00-04:00,211.2632560348554,215.5767808570934,209.27622967898654,214.03909301757812,1219500,0.0,0.0
2026-04-01 00:00:00-04:00,216.56530324725364,220.749033026789,215.67663623516694,218.30270385742188,1184800,0.0,0.0
2026-04-02 00:00:00-04:00,212.99067043369496,219.1614268367469,212.15193157842856,217.9632110595703,776400,0.0,0.0
2026-04-06 00:00:00-04:00,218.05308416301332,218.16292009950322,215.8563654332154,218.093017578125,602100,0.0,0.0
2026-04-07 00:00:00-04:00,216.91479544832248,218.9317605221071,214.94774333537632,217.4240264892578,1185600,0.0,0.0
2026-04-08 00:00:00-04:00,224.76302801641663,231.5528361256153,223.87436096921024,230.14495849609375,1576700,0.0,0.0
2026-04-09 00:00:00-04:00,228.76700939671997,233.97919596704085,228.3276656649771,233.1404571533203,1167600,0.0,0.0
2026-04-10 00:00:00-04:00,233.3102056486684,235.826422141853,231.90231281627837,234.55833435058594,966400,0.0,0.0
2026-04-13 00:00:00-04:00,234.15892145131565,234.64819338203148,231.09352531578267,234.11898803710938,963800,0.0,0.0
2026-04-14 00:00:00-04:00,233.9792014033905,235.64669952510633,231.51289786321394,234.0091552734375,1003800,0.0,0.0
2026-04-15 00:00:00-04:00,232.90081719400888,234.04908951237687,227.67865093949646,229.7555389404297,1001800,0.0,0.0
2026-04-16 00:00:00-04:00,229.0166372354747,231.8523819570215,227.6087444192614,229.89532470703125,866500,0.0,0.0
2026-04-17 00:00:00-04:00,232.36163760787034,238.0431068252486,230.85388834130822,235.90631103515625,1181900,0.0,0.0
2026-04-20 00:00:00-04:00,235.5568432446334,237.25429527480247,235.04759697042016,236.46548461914062,626000,0.0,0.0
2026-04-21 00:00:00-04:00,235.9762158132026,237.21436501811658,232.62124512383738,233.1903839111328,645200,0.0,0.0
2026-04-22 00:00:00-04:00,235.31719753246725,235.60677193133733,229.75554380777305,230.11500549316406,829800,0.0,0.0
2026-04-23 00:00:00-04:00,231.6327101829046,235.98618365637168,231.59277676870215,234.648193359375,872100,0.0,0.0
2026-04-24 00:00:00-04:00,233.91928852109692,233.9891758043549,231.55282618778307,232.60125732421875,904900,0.0,0.0
2026-04-27 00:00:00-04:00,232.8908311388834,234.14893935795584,230.55432268068355,232.62123107910156,844000,0.0,0.0
2026-04-28 00:00:00-04:00,232.4714709180594,234.8978258441303,223.67464687358694,228.6072540283203,1671600,0.0,0.0
2026-04-29 00:00:00-04:00,229.3361575885436,230.70411703430352,226.05108948163678,227.52886962890625,1806800,0.0,0.0
2026-04-30 00:00:00-04:00,241.63771488003417,241.63771488003417,231.6526853395369,235.14744567871094,3362300,0.0,0.0
2026-05-01 00:00:00-04:00,235.44700718900256,235.44700718900256,228.71709157719235,230.1349639892578,1989300,0.0,0.0
2026-05-04 00:00:00-04:00,229.50591890347124,231.87236612001774,228.317697904733,230.0850372314453,1001300,0.0,0.0
2026-05-05 00:00:00-04:00,232.73106752796124,236.6451972319226,231.62272865300682,234.18887329101562,1350800,0.0,0.0
2026-05-06 00:00:00-04:00,238.6422043506955,242.81593935621098,236.0161367243881,241.01864624023438,1842700,0.0,0.0
2026-05-07 00:00:00-04:00,239.5109058004817,240.0301316180184,233.5099083539901,234.37860107421875,1136600,0.0,0.0
2026-05-08 00:00:00-04:00,236.49542853961117,238.13297275943313,231.36312401344208,232.0520782470703,1267600,0.0,0.0
2026-05-11 00:00:00-04:00,232.62123919525115,233.6596755849465,230.77400259799117,231.8124542236328,1250500,0.0,0.0
2026-05-12 00:00:00-04:00,231.68264112295776,232.84090821584962,229.11649643254574,230.8538818359375,2285100,0.0,0.0
2026-05-13 00:00:00-04:00,232.33167091816608,233.88934839764465,229.61575677299933,231.0735626220703,1097500,0.0,0.0
2026-05-14 00:00:00-04:00,232.88084505704072,232.88084505704072,230.08503367428273,231.79248046875,981100,0.0,0.0
2026-05-15 00:00:00-04:00,229.1564334912954,230.09502872853184,226.55034010881928,227.55882263183594,1033400,0.0,0.0
2026-05-18 00:00:00-04:00,226.93975930617916,227.59877493898787,224.81294305299954,225.3221893310547,1015800,0.0,0.0
2026-05-19 00:00:00-04:00,221.67763335259463,223.19536209518327,219.6706479179214,220.94873046875,1003600,0.0,0.0
2026-05-20 00:00:00-04:00,222.08703109273844,224.4834473874873,220.1798867433714,224.3736114501953,1103100,0.0,0.0
2026-05-21 00:00:00-04:00,223.06555840048324,224.37361009522363,220.67913690095637,222.83590698242188,1046800,0.0,0.0
2026-05-22 00:00:00-04:00,224.1838836669922,225.2422943423933,221.34812374677452,224.1838836669922,891700,0.0,0.0
2026-05-26 00:00:00-04:00,225.6117462003125,230.0251275615274,223.9142941746062,229.09652709960938,1143000,0.0,0.0
2026-05-27 00:00:00-04:00,228.4674620810825,228.64720053833764,225.90131737140092,226.04110717773438,1102400,0.0,0.0
2026-05-28 00:00:00-04:00,224.10400529499265,225.82143159368678,221.08852210971165,225.11248779296875,1327900,0.0,0.0
2026-05-29 00:00:00-04:00,224.6731477813995,226.9597281146934,222.80595210311333,225.51190185546875,2103100,0.0,0.0
2026-06-01 00:00:00-04:00,222.25676796932143,224.38358412818488,219.77050537498957,223.02561950683594,1186300,0.0,0.0
2026-06-02 00:00:00-04:00,224.85289294680862,228.04809949875326,224.19387731036002,227.3890838623047,927600,0.0,0.0
2026-06-03 00:00:00-04:00,227.76850544597866,230.07504479145652,225.83140731148941,227.88832092285156,874800,0.0,0.0
2026-06-04 00:00:00-04:00,228.3676132870539,230.03511136252254,227.6586694983963,228.4175262451172,975900,0.0,0.0
2026-06-05 00:00:00-04:00,227.65867217487278,228.53735964473464,225.26227119372615,226.21084594726562,999600,0.0,0.0
2026-06-08 00:00:00-04:00,227.92827428605898,228.22782822038184,225.1624168287934,225.6117401123047,1412100,0.0,0.0
2026-06-09 00:00:00-04:00,227.6786443812879,231.58277929284944,225.2023461230737,229.4559783935547,1459500,0.0,0.0
2026-06-10 00:00:00-04:00,228.1878776931585,228.77699077638226,220.6691517068199,221.44798278808594,912800,0.0,0.0
2026-06-11 00:00:00-04:00,223.77450603170075,226.8399022928752,222.05707966746655,225.87136840820312,1166400,0.0,0.0
2026-06-12 00:00:00-04:00,227.998158329746,228.80694327575992,225.05257769532088,226.7799835205078,1422100,0.0,0.0
2026-06-15 00:00:00-04:00,229.2100067138672,232.97000122070312,229.14999389648438,230.4499969482422,1676800,0.34,0.0
2026-06-16 00:00:00-04:00,232.08999633789062,234.0800018310547,231.4600067138672,231.89999389648438,906500,0.0,0.0
2026-06-17 00:00:00-04:00,232.52999877929688,235.52999877929688,230.52999877929688,231.27000427246094,1129900,0.0,0.0
2026-06-18 00:00:00-04:00,234.0,238.6699981689453,234.0,237.4199981689453,2439200,0.0,0.0
2026-06-22 00:00:00-04:00,238.67999267578125,241.6199951171875,237.67999267578125,241.5500030517578,1939300,0.0,0.0
2026-06-23 00:00:00-04:00,237.6300048828125,237.6300048828125,233.39999389648438,234.0800018310547,1273100,0.0,0.0
2026-06-24 00:00:00-04:00,233.8699951171875,239.80999755859375,233.75999450683594,235.3800048828125,1327800,0.0,0.0
2026-06-25 00:00:00-04:00,236.7100067138672,244.7100067138672,236.10000610351562,240.9499969482422,1218600,0.0,0.0
2026-06-26 00:00:00-04:00,239.72999572753906,239.72999572753906,235.77000427246094,237.52000427246094,1477800,0.0,0.0
2026-06-29 00:00:00-04:00,236.32000732421875,239.0800018310547,235.4600067138672,237.72000122070312,772400,0.0,0.0
2026-06-30 00:00:00-04:00,239.5,243.1999969482422,238.2899932861328,241.94000244140625,1048500,0.0,0.0
2026-07-01 00:00:00-04:00,241.32000732421875,243.6300048828125,237.02000427246094,237.1300048828125,994000,0.0,0.0
2026-07-02 00:00:00-04:00,238.32000732421875,239.91000366210938,231.25999450683594,234.6199951171875,1041700,0.0,0.0
2026-07-06 00:00:00-04:00,234.97000122070312,238.57000732421875,234.97000122070312,237.13999938964844,847000,0.0,0.0
2026-07-07 00:00:00-04:00,235.27999877929688,237.25999450683594,230.08999633789062,231.6999969482422,1135300,0.0,0.0
2026-07-08 00:00:00-04:00,228.4600067138672,231.7100067138672,226.50999450683594,231.33999633789062,1129400,0.0,0.0
2026-07-09 00:00:00-04:00,234.1699981689453,235.80999755859375,232.3800048828125,232.99000549316406,602400,0.0,0.0
2026-07-10 00:00:00-04:00,234.13999938964844,235.97999572753906,232.72000122070312,233.97999572753906,639700,0.0,0.0
2026-07-13 00:00:00-04:00,233.00999450683594,234.3800048828125,230.1699981689453,232.10000610351562,879200,0.0,0.0
2026-07-14 00:00:00-04:00,235.44000244140625,236.1199951171875,231.9600067138672,233.9600067138672,617100,0.0,0.0
2026-07-15 00:00:00-04:00,235.0,235.27999877929688,231.02000427246094,233.52000427246094,842500,0.0,0.0
2026-07-16 00:00:00-04:00,231.07000732421875,237.66000366210938,230.35000610351562,237.3000030517578,1159800,0.0,0.0
2026-07-17 00:00:00-04:00,230.8000030517578,237.99000549316406,229.88999938964844,237.0,1162700,0.0,0.0
2026-07-20 00:00:00-04:00,237.9499969482422,238.9600067138672,233.4499969482422,235.2100067138672,1177900,0.0,0.0
2026-07-21 00:00:00-04:00,237.0800018310547,239.4199981689453,233.97000122070312,237.75999450683594,1215800,0.0,0.0
2026-07-22 00:00:00-04:00,236.72000122070312,239.75999450683594,236.72000122070312,237.08999633789062,855100,0.0,0.0
2026-07-23 00:00:00-04:00,236.0,241.75999450683594,236.0,241.13999938964844,1049100,0.0,0.0
2026-07-24 00:00:00-04:00,242.02999877929688,243.64999389648438,240.5399932861328,241.97000122070312,1091400,0.0,0.0
2026-07-27 00:00:00-04:00,242.92999267578125,243.97000122070312,238.10000610351562,243.1199951171875,1016900,0.0,0.0
2026-07-28 00:00:00-04:00,242.38999938964844,244.16000366210938,239.92999267578125,241.42999267578125,1352600,0.0,0.0
2026-07-29 00:00:00-04:00,238.3699951171875,240.8000030517578,233.99000549316406,235.25,1518600,0.0,0.0
2026-07-30 00:00:00-04:00,240.44000244140625,240.44000244140625,235.9499969482422,240.00999450683594,1071000,0.0,0.0
2026-07-31 00:00:00-04:00,243.52999877929688,244.97000122070312,240.61000061035156,241.7100067138672,1051300,0.0,0.0
2026-08-03 00:00:00-04:00,241.60000610351562,244.7100067138672,240.2100067138672,243.77000427246094,1676200,0.0,0.0
2026-08-04 00:00:00-04:00,256.0,257.3999938964844,244.02000427246094,254.0500030517578,2617200,0.0,0.0
2026-08-05 00:00:00-04:00,254.4199981689453,257.95001220703125,252.8000030517578,254.75999450683594,1274900,0.0,0.0
2026-08-06 00:00:00-04:00,255.74000549316406,257.3800048828125,250.0,251.3800048828125,1078900,0.0,0.0
2026-08-07 00:00:00-04:00,252.9600067138672,254.80999755859375,251.49000549316406,253.66000366210938,1001500,0.0,0.0
2026-08-10 00:00:00-04:00,255.25999450683594,256.8900146484375,252.33999633789062,252.8800048828125,999100,0.0,0.0
2026-08-11 00:00:00-04:00,253.0500030517578,257.8699951171875,252.69000244140625,256.29998779296875,824400,0.0,0.0
2026-08-12 00:00:00-04:00,258.95001220703125,259.989990234375,256.5899963378906,258.5199890136719,1322100,0.0,0.0
2026-08-13 00:00:00-04:00,260.30999755859375,261.1600036621094,255.7100067138672,256.2200012207031,655800,0.0,0.0
2026-08-14 00:00:00-04:00,255.39999389648438,257.7200012207031,254.27000427246094,254.7899932861328,1577100,0.0,0.0
2026-08-17 00:00:00-04:00,253.74000549316406,257.0799865722656,252.8699951171875,254.1699981689453,1932000,0.0,0.0
2026-08-18 00:00:00-04:00,252.5399932861328,253.52999877929688,248.92999267578125,249.99000549316406,1545400,0.0,0.0
2026-08-19 00:00:00-04:00,252.3699951171875,252.8699951171875,243.10000610351562,243.22000122070312,1623300,0.0,0.0
2026-08-20 00:00:00-04:00,241.3300018310547,242.67999267578125,238.1699981689453,239.0800018310547,1608000,0.0,0.0
2026-08-21 00:00:00-04:00,239.97000122070312,240.74000549316406,237.39999389648438,239.5500030517578,1288100,0.0,0.0
2026-08-24 00:00:00-04:00,238.63999938964844,242.5,237.7899932861328,242.3300018310547,1825300,0.0,0.0
2026-08-25 00:00:00-04:00,246.60000610351562,247.39999389648438,241.36000061035156,241.77000427246094,957600,0.0,0.0
2026-08-26 00:00:00-04:00,243.00999450683594,246.35000610351562,243.00999450683594,245.1999969482422,803500,0.0,0.0
2026-08-27 00:00:00-04:00,245.6999969482422,246.22000122070312,242.86000061035156,243.6699981689453,808100,0.0,0.0
2026-08-28 00:00:00-04:00,244.36000061035156,244.4499969482422,236.02999877929688,236.25,1746300,0.0,0.0
2026-08-31 00:00:00-04:00,236.02999877929688,236.97999572753906,234.38999938964844,235.1699981689453,2106600,0.0,0.0
2026-09-01 00:00:00-04:00,234.11000061035156,235.77999877929688,229.60000610351562,231.32000732421875,1542600,0.0,0.0
2026-09-02 00:00:00-04:00,233.02999877929688,234.16000366210938,229.97999572753906,233.19000244140625,1318600,0.0,0.0
2026-09-03 00:00:00-04:00,234.17999267578125,234.8800048828125,230.61000061035156,234.1999969482422,1232700,0.0,0.0
2026-09-04 00:00:00-04:00,234.1999969482422,238.88999938964844,234.1999969482422,237.72000122070312,1549700,0.0,0.0
2026-09-08 00:00:00-04:00,237.6699981689453,240.77999877929688,237.5399932861328,237.75999450683594,1104900,0.0,0.0
2026-09-09 00:00:00-04:00,236.17999267578125,237.7100067138672,235.02999877929688,236.27000427246094,1105200,0.0,0.0
2026-09-10 00:00:00-04:00,233.97000122070312,235.9199981689453,232.5,234.24000549316406,1236100,0.0,0.0
2026-09-11 00:00:00-04:00,237.91000366210938,243.0399932861328,237.77999877929688,241.8699951171875,1312700,0.0,0.0
