Date,Open,High,Low,Close,Volume,Dividends,Stock Splits
2020-06-08 00:00:00-04:00,8100445.5,10935601.0,8100445.5,10935601.0,0,0.0,0.0
2020-06-09 00:00:00-04:00,10935601.0,10935601.0,10935601.0,10935601.0,0,0.0,0.0
2020-06-10 00:00:00-04:00,10935601.0,10935601.0,10935601.0,10935601.0,0,0.0,0.0
2020-06-11 00:00:00-04:00,10935601.0,10935601.0,10935601.0,10935601.0,0,0.0,0.0
2020-06-12 00:00:00-04:00,10935601.0,10935601.0,10935601.0,10935601.0,0,0.0,0.0
2020-06-15 00:00:00-04:00,10935601.0,10935601.0,10935601.0,10935601.0,0,0.0,0.0
2020-06-16 00:00:00-04:00,10935601.0,10935601.0,10935601.0,10935601.0,0,0.0,0.0
2020-06-17 00:00:00-04:00,10935601.0,10935601.0,10935601.0,10935601.0,0,0.0,0.0
2020-06-18 00:00:00-04:00,10935601.0,10935601.0,10935601.0,10935601.0,0,0.0,0.0
2020-06-19 00:00:00-04:00,10935601.0,10935601.0,10935601.0,10935601.0,0,0.0,0.0
2020-06-22 00:00:00-04:00,10935601.0,10935601.0,10935601.0,10935601.0,0,0.0,0.0
2020-06-23 00:00:00-04:00,10935601.0,10935601.0,10935601.0,10935601.0,0,0.0,0.0
2020-06-24 00:00:00-04:00,10935601.0,10935601.0,10935601.0,10935601.0,0,0.0,0.0
2020-06-25 00:00:00-04:00,10935601.0,10935601.0,10935601.0,10935601.0,0,0.0,0.0
2020-06-26 00:00:00-04:00,10935601.0,10935601.0,10935601.0,10935601.0,0,0.0,0.0
2020-06-29 00:00:00-04:00,10935601.0,10935601.0,10935601.0,10935601.0,0,0.0,0.0
2020-06-30 00:00:00-04:00,20251114.0,20251114.0,20251114.0,20251114.0,0,0.0,0.0
2020-07-01 00:00:00-04:00,20251114.0,20251114.0,20251114.0,20251114.0,0,0.0,0.0
2020-07-02 00:00:00-04:00,20251114.0,20251114.0,20251114.0,20251114.0,0,0.0,0.0
2020-07-06 00:00:00-04:00,32401782.0,32401782.0,32401782.0,32401782.0,0,0.0,0.0
2020-07-07 00:00:00-04:00,32401782.0,32401782.0,32401782.0,32401782.0,0,0.0,0.0
2020-07-08 00:00:00-04:00,40502228.0,40502228.0,40502228.0,40502228.0,0,0.0,0.0
2020-07-09 00:00:00-04:00,24301742.0,24301742.0,24301742.0,24301742.0,0,0.0,0.0
2020-07-10 00:00:00-04:00,24301742.0,24301742.0,24301742.0,24301742.0,0,0.0,0.0
2020-07-13 00:00:00-04:00,24301742.0,24301742.0,24301742.0,24301742.0,0,0.0,0.0
2020-07-14 00:00:00-04:00,24301742.0,24301742.0,24301742.0,24301742.0,0,0.0,0.0
2020-07-15 00:00:00-04:00,24301742.0,24301742.0,24301742.0,24301742.0,0,0.0,0.0
2020-07-16 00:00:00-04:00,24301742.0,24301742.0,24301742.0,24301742.0,0,0.0,0.0
2020-07-17 00:00:00-04:00,24301742.0,24301742.0,24301742.0,24301742.0,0,0.0,0.0
2020-07-20 00:00:00-04:00,24301742.0,24301742.0,24301742.0,24301742.0,0,0.0,0.0
2020-07-21 00:00:00-04:00,24301742.0,24301742.0,24301742.0,24301742.0,0,0.0,0.0
2020-07-22 00:00:00-04:00,24301336.0,24301336.0,22276226.0,22276226.0,0,0.0,0.0
2020-07-23 00:00:00-04:00,22276226.0,22276226.0,22276226.0,22276226.0,0,0.0,0.0
2020-07-24 00:00:00-04:00,22276226.0,22276226.0,22276226.0,22276226.0,0,0.0,0.0
2020-07-27 00:00:00-04:00,22276226.0,22276226.0,22276226.0,22276226.0,0,0.0,0.0
2020-07-28 00:00:00-04:00,22276226.0,22276226.0,22276226.0,22276226.0,0,0.0,0.0
2020-07-29 00:00:00-04:00,22276226.0,22276226.0,22276226.0,22276226.0,0,0.0,0.0
2020-07-30 00:00:00-04:00,22276226.0,22276226.0,22276226.0,22276226.0,0,0.0,0.0
2020-07-31 00:00:00-04:00,22276226.0,22276226.0,22276226.0,22276226.0,0,0.0,0.0
2020-08-03 00:00:00-04:00,22276226.0,22276226.0,22276226.0,22276226.0,0,0.0,0.0
2020-08-04 00:00:00-04:00,22276226.0,22276226.0,22276226.0,22276226.0,0,0.0,0.0
2020-08-05 00:00:00-04:00,21871202.0,21871202.0,21871202.0,21871202.0,0,0.0,0.0
2020-08-06 00:00:00-04:00,21871202.0,21871202.0,21871202.0,21871202.0,0,0.0,0.0
2020-08-07 00:00:00-04:00,21911706.0,21911706.0,21911706.0,21911706.0,0,0.0,0.0
2020-08-10 00:00:00-04:00,20251114.0,20251114.0,20251114.0,20251114.0,0,0.0,0.0
2020-08-11 00:00:00-04:00,20251114.0,20251114.0,20251114.0,20251114.0,0,0.0,0.0
2020-08-12 00:00:00-04:00,20251114.0,20251114.0,20251114.0,20251114.0,0,0.0,0.0
2020-08-13 00:00:00-04:00,20251114.0,20251114.0,20251114.0,20251114.0,0,0.0,0.0
2020-08-14 00:00:00-04:00,20251114.0,20251114.0,20251114.0,20251114.0,0,0.0,0.0
2020-08-17 00:00:00-04:00,19238558.0,19238558.0,15188335.0,15188335.0,0,0.0,0.0
2020-08-18 00:00:00-04:00,15188335.0,15188335.0,15188335.0,15188335.0,0,0.0,0.0
2020-08-19 00:00:00-04:00,12150668.0,12150668.0,12110166.0,12110166.0,0,0.0,0.0
2020-08-20 00:00:00-04:00,12110166.0,12110166.0,12110166.0,12110166.0,0,0.0,0.0
2020-08-21 00:00:00-04:00,12110166.0,12110166.0,12110166.0,12110166.0,0,0.0,0.0
2020-08-24 00:00:00-04:00,9113001.0,9113001.0,8059943.5,8059943.5,0,0.0,0.0
2020-08-25 00:00:00-04:00,8059943.5,8059943.5,8059943.5,8059943.5,0,0.0,0.0
2020-08-26 00:00:00-04:00,8059943.5,8059943.5,8059943.5,8059943.5,0,0.0,0.0
2020-08-27 00:00:00-04:00,8059943.5,8059943.5,8059943.5,8059943.5,0,0.0,0.0
2020-08-28 00:00:00-04:00,8059943.5,8059943.5,8059943.5,8059943.5,0,0.0,0.0
2020-08-31 00:00:00-04:00,8059943.5,8059943.5,8059943.5,8059943.5,0,0.0,0.0
2020-09-01 00:00:00-04:00,7330903.0,7330903.0,7330903.0,7330903.0,0,0.0,0.0
2020-09-02 00:00:00-04:00,7330903.0,7330903.0,7330903.0,7330903.0,0,0.0,0.0
2020-09-03 00:00:00-04:00,7330903.0,7330903.0,7330903.0,7330903.0,0,0.0,0.0
2020-09-04 00:00:00-04:00,7330903.0,7330903.0,7330903.0,7330903.0,0,0.0,0.0
2020-09-08 00:00:00-04:00,8100445.5,9072499.0,8100445.5,9072499.0,0,0.0,0.0
2020-09-09 00:00:00-04:00,9072499.0,9072499.0,9072499.0,9072499.0,0,0.0,0.0
2020-09-10 00:00:00-04:00,9072499.0,9072499.0,9072499.0,9072499.0,0,0.0,0.0
2020-09-11 00:00:00-04:00,9113001.0,9113001.0,9113001.0,9113001.0,0,0.0,0.0
2020-09-14 00:00:00-04:00,9113001.0,9113001.0,9113001.0,9113001.0,0,0.0,0.0
2020-09-15 00:00:00-04:00,8100445.5,10530579.0,2065613.625,4252734.0,0,0.0,0.0
2020-09-16 00:00:00-04:00,6075334.0,6075334.0,3037667.0,5062778.5,0,0.0,0.0
2020-09-17 00:00:00-04:00,4252734.0,5062778.5,4252734.0,5062778.5,0,0.0,0.0
2020-09-18 00:00:00-04:00,5062778.5,5062778.5,5062778.5,5062778.5,0,0.0,0.0
2020-09-21 00:00:00-04:00,4860267.5,5467800.5,4860267.5,5467800.5,0,0.0,0.0
2020-09-22 00:00:00-04:00,6075334.0,6075334.0,5670312.0,5670312.0,0,0.0,0.0
2020-09-23 00:00:00-04:00,5670312.0,5994329.5,5670312.0,5994329.5,0,0.0,0.0
2020-09-24 00:00:00-04:00,5994329.5,5994329.5,5994329.5,5994329.5,0,0.0,0.0
2020-09-25 00:00:00-04:00,5994329.5,5994329.5,5994329.5,5994329.5,0,0.0,0.0
2020-09-28 00:00:00-04:00,5994329.5,5994329.5,5994329.5,5994329.5,0,0.0,0.0
2020-09-29 00:00:00-04:00,5994329.5,5994329.5,5994329.5,5994329.5,0,0.0,0.0
2020-09-30 00:00:00-04:00,5994329.5,5994329.5,5994329.5,5994329.5,0,0.0,0.0
2020-10-01 00:00:00-04:00,5994329.5,5994329.5,5994329.5,5994329.5,0,0.0,0.0
2020-10-02 00:00:00-04:00,5994329.5,5994329.5,5994329.5,5994329.5,0,0.0,0.0
2020-10-05 00:00:00-04:00,5994329.5,5994329.5,5994329.5,5994329.5,0,0.0,0.0
2020-10-06 00:00:00-04:00,5994329.5,5994329.5,5994329.5,5994329.5,0,0.0,0.0
2020-10-07 00:00:00-04:00,5994329.5,5994329.5,5994329.5,5994329.5,0,0.0,0.0
2020-10-08 00:00:00-04:00,5994329.5,5994329.5,5994329.5,5994329.5,0,0.0,0.0
2020-10-09 00:00:00-04:00,5994329.5,5994329.5,5994329.5,5994329.5,0,0.0,0.0
2020-10-12 00:00:00-04:00,5994329.5,5994329.5,5994329.5,5994329.5,0,0.0,0.0
2020-10-13 00:00:00-04:00,5994329.5,5994329.5,5994329.5,5994329.5,0,0.0,0.0
2020-10-14 00:00:00-04:00,5994329.5,5994329.5,5994329.5,5994329.5,0,0.0,0.0
2020-10-15 00:00:00-04:00,5994329.5,5994329.5,5994329.5,5994329.5,0,0.0,0.0
2020-10-16 00:00:00-04:00,5265289.5,6075334.0,5265289.5,6075334.0,0,0.0,0.0
2020-10-19 00:00:00-04:00,6075334.0,6075334.0,6075334.0,6075334.0,0,0.0,0.0
2020-10-20 00:00:00-04:00,6075334.0,6075334.0,6075334.0,6075334.0,0,0.0,0.0
2020-10-21 00:00:00-04:00,6075334.0,6075334.0,6075334.0,6075334.0,0,0.0,0.0
2020-10-22 00:00:00-04:00,6075334.0,6075334.0,6075334.0,6075334.0,0,0.0,0.0
2020-10-23 00:00:00-04:00,6075334.0,6075334.0,6075334.0,6075334.0,0,0.0,0.0
2020-10-26 00:00:00-04:00,6075334.0,6075334.0,6075334.0,6075334.0,0,0.0,0.0
2020-10-27 00:00:00-04:00,6075334.0,6075334.0,6075334.0,6075334.0,0,0.0,0.0
2020-10-28 00:00:00-04:00,6075334.0,6075334.0,6075334.0,6075334.0,0,0.0,0.0
2020-10-29 00:00:00-04:00,6075334.0,6075334.0,6075334.0,6075334.0,0,0.0,0.0
2020-10-30 00:00:00-04:00,6075334.0,6075334.0,6075334.0,6075334.0,0,0.0,0.0
2020-11-02 00:00:00-05:00,5670312.0,5670312.0,5670312.0,5670312.0,0,0.0,0.0
2020-11-03 00:00:00-05:00,5670312.0,5670312.0,5670312.0,5670312.0,0,0.0,0.0
2020-11-04 00:00:00-05:00,5670312.0,5670312.0,5670312.0,5670312.0,0,0.0,0.0
2020-11-05 00:00:00-05:00,5670312.0,5670312.0,5670312.0,5670312.0,0,0.0,0.0
2020-11-06 00:00:00-05:00,5670312.0,5670312.0,5670312.0,5670312.0,0,0.0,0.0
2020-11-09 00:00:00-05:00,5670312.0,5670312.0,5670312.0,5670312.0,0,0.0,0.0
2020-11-10 00:00:00-05:00,5670312.0,5670312.0,5670312.0,5670312.0,0,0.0,0.0
2020-11-11 00:00:00-05:00,5670312.0,5670312.0,5670312.0,5670312.0,0,0.0,0.0
2020-11-12 00:00:00-05:00,5670312.0,5670312.0,5670312.0,5670312.0,0,0.0,0.0
2020-11-13 00:00:00-05:00,5670312.0,5670312.0,5670312.0,5670312.0,0,0.0,0.0
2020-11-16 00:00:00-05:00,5670312.0,5670312.0,5670312.0,5670312.0,0,0.0,0.0
2020-11-17 00:00:00-05:00,5670312.0,5670312.0,5670312.0,5670312.0,0,0.0,0.0
2020-11-18 00:00:00-05:00,5670312.0,5670312.0,5670312.0,5670312.0,0,0.0,0.0
2020-11-19 00:00:00-05:00,5670312.0,5670312.0,5670312.0,5670312.0,0,0.0,0.0
2020-11-20 00:00:00-05:00,5670312.0,5670312.0,5670312.0,5670312.0,0,0.0,0.0
2020-11-23 00:00:00-05:00,5670312.0,5670312.0,5670312.0,5670312.0,0,0.0,0.0
2020-11-24 00:00:00-05:00,5670312.0,5670312.0,5670312.0,5670312.0,0,0.0,0.0
2020-11-25 00:00:00-05:00,5670312.0,5670312.0,5670312.0,5670312.0,0,0.0,0.0
2020-11-27 00:00:00-05:00,5670312.0,5670312.0,5670312.0,5670312.0,0,0.0,0.0
2020-11-30 00:00:00-05:00,8100445.5,8100445.5,5265289.5,5265289.5,0,0.0,0.0
2020-12-01 00:00:00-05:00,6075334.0,6075334.0,6075334.0,6075334.0,0,0.0,0.0
2020-12-02 00:00:00-05:00,6075334.0,6075334.0,6075334.0,6075334.0,0,0.0,0.0
2020-12-03 00:00:00-05:00,6075334.0,6075334.0,6075334.0,6075334.0,0,0.0,0.0
2020-12-04 00:00:00-05:00,6075334.0,6075334.0,6075334.0,6075334.0,0,0.0,0.0
2020-12-07 00:00:00-05:00,6075334.0,6075334.0,6075334.0,6075334.0,0,0.0,0.0
2020-12-08 00:00:00-05:00,6075334.0,6075334.0,6075334.0,6075334.0,0,0.0,0.0
2020-12-09 00:00:00-05:00,6075334.0,6075334.0,6075334.0,6075334.0,0,0.0,0.0
2020-12-10 00:00:00-05:00,6075334.0,6075334.0,6075334.0,6075334.0,0,0.0,0.0
2020-12-11 00:00:00-05:00,6075334.0,6075334.0,6075334.0,6075334.0,0,0.0,0.0
2020-12-14 00:00:00-05:00,6075334.0,6075334.0,6075334.0,6075334.0,0,0.0,0.0
2020-12-15 00:00:00-05:00,6075334.0,6075334.0,6075334.0,6075334.0,0,0.0,0.0
2020-12-16 00:00:00-05:00,6075334.0,6075334.0,6075334.0,6075334.0,0,0.0,0.0
2020-12-17 00:00:00-05:00,6075334.0,6075334.0,6075334.0,6075334.0,0,0.0,0.0
2020-12-18 00:00:00-05:00,6075334.0,6075334.0,6075334.0,6075334.0,0,0.0,0.0
2020-12-21 00:00:00-05:00,8100445.5,8100445.5,8100445.5,8100445.5,0,0.0,0.0
2020-12-22 00:00:00-05:00,8100445.5,8100445.5,8100445.5,8100445.5,0,0.0,0.0
2020-12-23 00:00:00-05:00,9072499.0,13892264.0,9072499.0,13122722.0,0,0.0,0.0
2020-12-24 00:00:00-05:00,8100445.5,8100445.5,5974078.5,6075334.0,0,0.0,0.0
2020-12-28 00:00:00-05:00,5872823.0,5872823.0,4678007.5,5467800.5,0,0.0,0.0
2020-12-29 00:00:00-05:00,6075334.0,6075334.0,5467800.5,5467800.5,0,0.0,0.0
2020-12-30 00:00:00-05:00,6277845.5,6277845.5,4860267.5,4860267.5,0,0.0,0.0
2020-12-31 00:00:00-05:00,6075334.0,6075334.0,5265289.5,5265289.5,0,0.0,0.0
2021-01-04 00:00:00-05:00,5265289.5,5265289.5,5265289.5,5265289.5,0,0.0,0.0
2021-01-05 00:00:00-05:00,7087890.0,14175780.0,7087890.0,9153503.0,0,0.0,0.0
2021-01-06 00:00:00-05:00,14378291.0,20251114.0,14175780.0,18226002.0,0,0.0,0.0
2021-01-07 00:00:00-05:00,20251114.0,36452004.0,20251114.0,22867152.0,0,0.0,0.0
2021-01-08 00:00:00-05:00,20251114.0,20291616.0,19441070.0,19441070.0,0,0.0,0.0
2021-01-11 00:00:00-05:00,20251114.0,20251114.0,17213446.0,17213446.0,0,0.0,0.0
2021-01-12 00:00:00-05:00,20251114.0,20251114.0,14378291.0,14378291.0,0,0.0,0.0
2021-01-13 00:00:00-05:00,14378291.0,14378291.0,14378291.0,14378291.0,0,0.0,0.0
2021-01-14 00:00:00-05:00,14378291.0,14378291.0,14378291.0,14378291.0,0,0.0,0.0
2021-01-15 00:00:00-05:00,14378291.0,14378291.0,14378291.0,14378291.0,0,0.0,0.0
2021-01-19 00:00:00-05:00,15593358.0,21263670.0,15593358.0,21263670.0,0,0.0,0.0
2021-01-20 00:00:00-05:00,22276226.0,25313892.0,18226002.0,21871202.0,0,0.0,0.0
2021-01-21 00:00:00-05:00,24301336.0,25516404.0,21871202.0,22276226.0,0,0.0,0.0
2021-01-22 00:00:00-05:00,22478736.0,23977318.0,22478736.0,23288780.0,0,0.0,0.0
2021-01-25 00:00:00-05:00,27541514.0,32401782.0,21871202.0,28351560.0,0,0.0,0.0
2021-01-26 00:00:00-05:00,5906575.0,6682867.5,5737815.5,6277845.5,0,0.0,0.3333333333333333
2021-01-27 00:00:00-05:00,6412852.5,6736870.5,5899824.5,5926826.0,0,0.0,0.0
2021-01-28 00:00:00-05:00,5940326.5,8221952.0,5805319.5,6669367.0,0,0.0,0.0
2021-01-29 00:00:00-05:00,7276900.0,7560416.0,6426353.5,7344404.0,0,0.0,0.0
2021-02-01 00:00:00-05:00,7560416.0,7560416.0,6750371.5,6790873.5,0,0.0,0.0
2021-02-02 00:00:00-05:00,6777373.0,7141893.0,6750371.5,6858377.0,0,0.0,0.0
2021-02-03 00:00:00-05:00,6952882.5,7276900.0,6817875.0,6885378.5,0,0.0,0.0
2021-02-04 00:00:00-05:00,6979884.0,7155393.5,6655866.0,6763872.0,0,0.0,0.0
2021-02-05 00:00:00-05:00,6750371.5,6777373.0,6520858.5,6682867.5,0,0.0,0.0
2021-02-08 00:00:00-05:00,6831375.5,6831375.5,6574861.5,6723370.0,0,0.0,0.0
2021-02-09 00:00:00-05:00,6723370.0,7425408.5,6547860.0,7398407.0,0,0.0,0.0
2021-02-10 00:00:00-05:00,7425408.5,7830430.5,7155393.5,7492912.0,0,0.0,0.0
2021-02-11 00:00:00-05:00,7627919.5,7627919.5,7303901.5,7398407.0,0,0.0,0.0
2021-02-12 00:00:00-05:00,7492912.0,7938436.5,7358039.5,7634670.0,0,0.0,0.0
2021-02-16 00:00:00-05:00,7911435.0,7911435.0,7358039.5,7560416.0,0,0.0,0.0
2021-02-17 00:00:00-05:00,7681922.5,7681922.5,7087890.0,7330903.0,0,0.0,0.0
2021-02-18 00:00:00-05:00,7398407.0,7587417.5,7222897.5,7492912.0,0,0.0,0.0
2021-02-19 00:00:00-05:00,7627919.5,7742676.0,7222897.5,7411907.5,0,0.0,0.0
2021-02-22 00:00:00-05:00,7303901.5,7681787.5,7087890.0,7209396.5,0,0.0,0.0
2021-02-23 00:00:00-05:00,7087890.0,7155393.5,5980829.0,6750371.5,0,0.0,0.0
2021-02-24 00:00:00-05:00,6763872.0,7047387.5,6547860.0,6925881.0,0,0.0,0.0
2021-02-25 00:00:00-05:00,6844876.5,6925746.0,6088835.0,6399352.0,0,0.0,0.0
2021-02-26 00:00:00-05:00,6291346.0,6615364.0,5494802.0,5737815.5,0,0.0,0.0
2021-03-01 00:00:00-05:00,6583502.0,6583502.0,6007830.5,6480356.5,0,0.0,0.0
2021-03-02 00:00:00-05:00,6547860.0,6561361.0,6007830.5,6075334.0,0,0.0,0.0
2021-03-03 00:00:00-05:00,6102335.5,6426353.5,5697313.5,5832321.0,0,0.0,0.0
2021-03-04 00:00:00-05:00,5845821.5,6223707.5,5197786.0,5386796.5,0,0.0,0.0
2021-03-05 00:00:00-05:00,5467800.5,6129337.0,5157283.5,5697313.5,0,0.0,0.0
2021-03-08 00:00:00-05:00,5764817.0,6061698.5,5319292.5,5737815.5,0,0.0,0.0
2021-03-09 00:00:00-05:00,6129337.0,6176049.5,5562306.0,6088835.0,0,0.0,0.0
2021-03-10 00:00:00-05:00,5994329.5,6176589.5,5683002.5,6088835.0,0,0.0,0.0
2021-03-11 00:00:00-05:00,6142838.0,6750371.5,6142838.0,6601863.0,0,0.0,0.0
2021-03-12 00:00:00-05:00,6561361.0,7492912.0,6223842.5,7344404.0,0,0.0,0.0
2021-03-15 00:00:00-04:00,7425408.5,7425408.5,6696368.5,7020386.0,0,0.0,0.0
2021-03-16 00:00:00-04:00,7317402.5,7371405.5,6588362.5,6831375.5,0,0.0,0.0
2021-03-17 00:00:00-04:00,6480356.5,6966383.0,6250844.0,6426353.5,0,0.0,0.0
2021-03-18 00:00:00-04:00,6655866.0,6952882.5,6466855.5,6480356.5,0,0.0,0.0
2021-03-19 00:00:00-04:00,6493857.0,7195896.0,6493857.0,6709869.0,0,0.0,0.0
2021-03-22 00:00:00-04:00,6790873.5,7087890.0,6466855.5,6466855.5,0,0.0,0.0
2021-03-23 00:00:00-04:00,6466855.5,6939381.5,6237343.0,6277845.5,0,0.0,0.0
2021-03-24 00:00:00-04:00,6331848.5,6654786.0,6210341.5,6372350.5,0,0.0,0.0
2021-03-25 00:00:00-04:00,6210341.5,6242203.5,5805319.5,6007830.5,0,0.0,0.0
2021-03-26 00:00:00-04:00,6142838.0,6402457.0,6007830.5,6075334.0,0,0.0,0.0
2021-03-29 00:00:00-04:00,6304847.0,6412852.5,5872823.0,6075334.0,0,0.0,0.0
2021-03-30 00:00:00-04:00,6075334.0,6075334.0,5670312.0,5764817.0,0,0.0,0.0
2021-03-31 00:00:00-04:00,5697313.5,5940326.5,5697313.5,5818820.0,0,0.0,0.0
2021-04-01 00:00:00-04:00,5859322.5,6331038.0,5859322.5,6223842.5,0,0.0,0.0
2021-04-05 00:00:00-04:00,6223842.5,6345349.0,5737950.5,5805319.5,0,0.0,0.0
2021-04-06 00:00:00-04:00,5697313.5,6129337.0,5671662.0,5778318.0,0,0.0,0.0
2021-04-07 00:00:00-04:00,5764817.0,5974078.5,5548805.0,5737815.5,0,0.0,0.0
2021-04-08 00:00:00-04:00,5737815.5,5791683.5,5535304.5,5629809.5,0,0.0,0.0
2021-04-09 00:00:00-04:00,5562306.0,5859322.5,5413798.0,5602808.0,0,0.0,0.0
2021-04-12 00:00:00-04:00,5751316.5,5751316.5,5130282.0,5238288.0,0,0.0,0.0
2021-04-13 00:00:00-04:00,5238288.0,5386796.5,4792763.5,5238288.0,0,0.0,0.0
2021-04-14 00:00:00-04:00,5130282.0,5380046.0,4968273.5,5130282.0,0,0.0,0.0
2021-04-15 00:00:00-04:00,5157283.5,5353044.5,4941272.0,4981774.0,0,0.0,0.0
2021-04-16 00:00:00-04:00,4927771.0,5211286.5,4792763.5,4873768.0,0,0.0,0.0
2021-04-19 00:00:00-04:00,4738760.5,4846766.5,4350479.5,4630754.5,0,0.0,0.0
2021-04-20 00:00:00-04:00,4725260.0,4725260.0,4320237.5,4347239.0,0,0.0,0.0
2021-04-21 00:00:00-04:00,4347239.0,4941272.0,4252734.0,4725260.0,0,0.0,0.0
2021-04-22 00:00:00-04:00,4792763.5,4968273.5,4468881.0,4684757.5,0,0.0,0.0
2021-04-23 00:00:00-04:00,4495747.5,4725260.0,4455245.0,4563251.0,0,0.0,0.0
2021-04-26 00:00:00-04:00,4684757.5,5228837.5,4590387.5,5170784.5,0,0.0,0.0
2021-04-27 00:00:00-04:00,5278790.5,6034832.0,5103280.5,5886323.5,0,0.0,0.0
2021-04-28 00:00:00-04:00,5805319.5,5872823.0,5475226.0,5508303.0,0,0.0,0.0
2021-04-29 00:00:00-04:00,5575806.5,5913190.0,5332793.5,5548805.0,0,0.0,0.0
2021-04-30 00:00:00-04:00,5494802.0,5602808.0,5347644.0,5440799.0,0,0.0,0.0
2021-05-03 00:00:00-04:00,5602808.0,5697313.5,5265289.5,5359795.0,0,0.0,0.0
2021-05-04 00:00:00-04:00,5292291.0,5940326.5,5211286.5,5926826.0,0,0.0,0.0
2021-05-05 00:00:00-04:00,5980829.0,6097610.5,5710814.0,5818820.0,0,0.0,0.0
2021-05-06 00:00:00-04:00,5778318.0,5940326.5,5508303.0,5616309.0,0,0.0,0.0
2021-05-07 00:00:00-04:00,5602808.0,5697313.5,5508303.0,5697313.5,0,0.0,0.0
2021-05-10 00:00:00-04:00,5697313.5,5940191.5,5400297.0,5400297.0,0,0.0,0.0
2021-05-11 00:00:00-04:00,5265289.5,5400297.0,5130282.0,5319292.5,0,0.0,0.0
2021-05-12 00:00:00-04:00,5265289.5,5359795.0,5056028.0,5116781.5,0,0.0,0.0
2021-05-13 00:00:00-04:00,5089780.0,5289996.0,4914270.5,4995274.5,0,0.0,0.0
2021-05-14 00:00:00-04:00,5035777.0,5143783.0,4887269.0,4927771.0,0,0.0,0.0
2021-05-17 00:00:00-04:00,4995274.5,4995274.5,4860267.5,4887269.0,0,0.0,0.0
2021-05-18 00:00:00-04:00,4887269.0,5096530.5,4887269.0,4927771.0,0,0.0,0.0
2021-05-19 00:00:00-04:00,4860267.5,4995274.5,4725260.0,4819765.0,0,0.0,0.0
2021-05-20 00:00:00-04:00,4806264.5,5184285.0,4806264.5,5184285.0,0,0.0,0.0
2021-05-21 00:00:00-04:00,5170784.5,5616309.0,5113946.5,5508303.0,0,0.0,0.0
2021-05-24 00:00:00-04:00,5481301.5,5597543.0,5049277.5,5062778.5,0,0.0,0.0
2021-05-25 00:00:00-04:00,5062778.5,5481301.5,4792763.5,5400297.0,0,0.0,0.0
2021-05-26 00:00:00-04:00,5400297.0,5724180.0,5400297.0,5535304.5,0,0.0,0.0
2021-05-27 00:00:00-04:00,5589307.5,5737815.5,5557445.5,5690563.0,0,0.0,0.0
2021-05-28 00:00:00-04:00,5737815.5,5942082.0,5602808.0,5859322.5,0,0.0,0.0
2021-06-01 00:00:00-04:00,5872823.0,6318347.5,5413798.0,5467800.5,0,0.0,0.0
2021-06-02 00:00:00-04:00,5508303.0,5918320.5,5305792.0,5305792.0,0,0.0,0.0
2021-06-03 00:00:00-04:00,5386796.5,5602808.0,4995274.5,5103280.5,0,0.0,0.0
2021-06-04 00:00:00-04:00,5076279.0,5240043.0,4860267.5,4981774.0,0,0.0,0.0
2021-06-07 00:00:00-04:00,5062778.5,5521668.5,4968273.5,5440799.0,0,0.0,0.0
2021-06-08 00:00:00-04:00,5427298.5,5602808.0,5076279.0,5562306.0,0,0.0,0.0
2021-06-09 00:00:00-04:00,5575806.5,5737815.5,5440799.0,5440799.0,0,0.0,0.0
2021-06-10 00:00:00-04:00,5467800.5,5616309.0,5157283.5,5157283.5,0,0.0,0.0
2021-06-11 00:00:00-04:00,5278790.5,5724315.0,5278790.5,5521803.5,0,0.0,0.0
2021-06-14 00:00:00-04:00,5467800.5,5589307.5,5291346.0,5400297.0,0,0.0,0.0
2021-06-15 00:00:00-04:00,5454300.0,5582557.0,5265289.5,5373295.5,0,0.0,0.0
2021-06-16 00:00:00-04:00,5319292.5,5602808.0,5319292.5,5589307.5,0,0.0,0.0
2021-06-17 00:00:00-04:00,5535304.5,5656811.0,5413798.0,5656811.0,0,0.0,0.0
2021-06-18 00:00:00-04:00,5548805.0,6100985.5,5548805.0,6075334.0,0,0.0,0.0
2021-06-21 00:00:00-04:00,6021331.0,6088700.0,5616309.0,5940326.5,0,0.0,0.0
2021-06-22 00:00:00-04:00,5832321.0,6075334.0,5616309.0,6075334.0,0,0.0,0.0
2021-06-23 00:00:00-04:00,6034832.0,6385716.0,5980829.0,6304847.0,0,0.0,0.0
2021-06-24 00:00:00-04:00,6264344.5,6345349.0,6075334.0,6183340.0,0,0.0,0.0
2021-06-25 00:00:00-04:00,6223842.5,6547860.0,6142838.0,6412852.5,0,0.0,0.0
2021-06-28 00:00:00-04:00,6412852.5,6539894.5,6196841.0,6237343.0,0,0.0,0.0
2021-06-29 00:00:00-04:00,6210341.5,6372350.5,6021331.0,6075334.0,0,0.0,0.0
2021-06-30 00:00:00-04:00,6075334.0,6075334.0,5515053.5,5710814.0,0,0.0,0.0
2021-07-01 00:00:00-04:00,5710814.0,6007830.5,5656811.0,5980829.0,0,0.0,0.0
2021-07-02 00:00:00-04:00,5953827.5,6237343.0,5778318.0,5859322.5,0,0.0,0.0
2021-07-06 00:00:00-04:00,5845821.5,5845821.5,5292291.0,5440799.0,0,0.0,0.0
2021-07-07 00:00:00-04:00,5319292.5,5453355.0,5130282.0,5170784.5,0,0.0,0.0
2021-07-08 00:00:00-04:00,5062778.5,5783178.0,5062778.5,5292291.0,0,0.0,0.0
2021-07-09 00:00:00-04:00,5373295.5,5373295.5,5238288.0,5332793.5,0,0.0,0.0
2021-07-12 00:00:00-04:00,5283110.5,5521668.5,5283110.5,5440799.0,0,0.0,0.0
2021-07-13 00:00:00-04:00,5508303.0,5508303.0,5251789.0,5305792.0,0,0.0,0.0
2021-07-14 00:00:00-04:00,5305792.0,5305792.0,5062913.5,5143783.0,0,0.0,0.0
2021-07-15 00:00:00-04:00,5130282.0,5164034.0,4752261.5,4846766.5,0,0.0,0.0
2021-07-16 00:00:00-04:00,4954772.5,5292291.0,4832051.0,4995274.5,0,0.0,0.0
2021-07-19 00:00:00-04:00,4954772.5,5305792.0,4867017.5,5157283.5,0,0.0,0.0
2021-07-20 00:00:00-04:00,5157283.5,5356689.5,5103280.5,5238288.0,0,0.0,0.0
2021-07-21 00:00:00-04:00,5319292.5,5332793.5,5224787.5,5224787.5,0,0.0,0.0
2021-07-22 00:00:00-04:00,5278790.5,5710814.0,5130282.0,5278790.5,0,0.0,0.0
2021-07-23 00:00:00-04:00,5328608.0,5359795.0,5143783.0,5359795.0,0,0.0,0.0
2021-07-26 00:00:00-04:00,5373295.5,5373295.5,5130282.0,5143783.0,0,0.0,0.0
2021-07-27 00:00:00-04:00,5143783.0,5164034.0,4765762.0,4792763.5,0,0.0,0.0
2021-07-28 00:00:00-04:00,4927771.0,5035777.0,4833266.0,4914270.5,0,0.0,0.0
2021-07-29 00:00:00-04:00,4995274.5,4995274.5,4576751.5,4873768.0,0,0.0,0.0
2021-07-30 00:00:00-04:00,4792763.5,4981774.0,4792763.5,4981774.0,0,0.0,0.0
2021-08-02 00:00:00-04:00,5008775.5,5202646.0,4644255.5,4786013.0,0,0.0,0.0
2021-08-03 00:00:00-04:00,4806264.5,4850142.0,4617254.0,4657756.0,0,0.0,0.0
2021-08-04 00:00:00-04:00,4671257.0,4671257.0,4428243.5,4495747.5,0,0.0,0.0
2021-08-05 00:00:00-04:00,4590252.5,4833266.0,4590252.5,4657756.0,0,0.0,0.0
2021-08-06 00:00:00-04:00,4603753.0,4698258.5,4468746.0,4522749.0,0,0.0,0.0
2021-08-09 00:00:00-04:00,4455245.0,4563251.0,4360740.0,4401242.0,0,0.0,0.0
2021-08-10 00:00:00-04:00,4347239.0,4563251.0,4347239.0,4522749.0,0,0.0,0.0
2021-08-11 00:00:00-04:00,4522749.0,4536249.5,4347239.0,4428243.5,0,0.0,0.0
2021-08-12 00:00:00-04:00,4387741.5,4428243.5,4321587.5,4347239.0,0,0.0,0.0
2021-08-13 00:00:00-04:00,4252734.0,4536249.5,4252734.0,4495747.5,0,0.0,0.0
2021-08-16 00:00:00-04:00,4522749.0,4522749.0,3780208.0,3996219.75,0,0.0,0.0
2021-08-17 00:00:00-04:00,3955717.5,4232213.0,3901714.5,4077224.25,0,0.0,0.0
2021-08-18 00:00:00-04:00,4023221.25,4077224.25,3780208.0,3834211.0,0,0.0,0.0
2021-08-19 00:00:00-04:00,3955717.5,3955717.5,3483191.5,3550695.25,0,0.0,0.0
2021-08-20 00:00:00-04:00,3564196.0,4117726.5,3510328.0,3726205.0,0,0.0,0.0
2021-08-23 00:00:00-04:00,3712704.25,3861077.25,3577696.75,3712704.25,0,0.0,0.0
2021-08-24 00:00:00-04:00,3780208.0,4050087.75,3726205.0,4009720.5,0,0.0,0.0
2021-08-25 00:00:00-04:00,4009720.5,4050087.75,3699203.5,3820710.25,0,0.0,0.0
2021-08-26 00:00:00-04:00,3834211.0,4036722.0,3834211.0,4023221.25,0,0.0,0.0
2021-08-27 00:00:00-04:00,4036722.0,4252734.0,4036722.0,4212231.5,0,0.0,0.0
2021-08-30 00:00:00-04:00,4185230.25,4245983.5,3928176.0,4158228.75,0,0.0,0.0
2021-08-31 00:00:00-04:00,4063723.5,4212231.5,3975023.75,4185230.25,0,0.0,0.0
2021-09-01 00:00:00-04:00,4171729.5,4464830.5,4043472.5,4266234.5,0,0.0,0.0
2021-09-02 00:00:00-04:00,4306737.0,4306737.0,4171729.5,4212231.5,0,0.0,0.0
2021-09-03 00:00:00-04:00,4212231.5,4266234.5,4127852.0,4239233.0,0,0.0,0.0
2021-09-07 00:00:00-04:00,4320237.5,4360605.0,4171729.5,4266234.5,0,0.0,0.0
2021-09-08 00:00:00-04:00,4171729.5,4212231.5,4023221.25,4144728.0,0,0.0,0.0
2021-09-09 00:00:00-04:00,4158228.75,4212096.5,4025786.5,4063723.5,0,0.0,0.0
2021-09-10 00:00:00-04:00,4063723.5,4117726.5,4023221.25,4043472.5,0,0.0,0.0
2021-09-13 00:00:00-04:00,4050222.75,4104225.75,3986634.25,4063723.5,0,0.0,0.0
2021-09-14 00:00:00-04:00,4090725.0,4117726.5,4036722.0,4090725.0,0,0.0,0.0
2021-09-15 00:00:00-04:00,4050222.75,4185230.25,4033886.75,4077224.25,0,0.0,0.0
2021-09-16 00:00:00-04:00,4036722.0,4158228.75,3901714.5,4090725.0,0,0.0,0.0
2021-09-17 00:00:00-04:00,4117726.5,4374240.5,4063723.5,4374240.5,0,0.0,0.0
2021-09-20 00:00:00-04:00,4374240.5,4374240.5,4090725.0,4225732.5,0,0.0,0.0
2021-09-21 00:00:00-04:00,4186580.25,4360740.0,4131227.25,4198731.0,0,0.0,0.0
2021-09-22 00:00:00-04:00,4225732.5,4590252.5,4117726.5,4401242.0,0,0.0,0.0
2021-09-23 00:00:00-04:00,4468746.0,4845281.5,4401242.0,4779263.0,0,0.0,0.0
2021-09-24 00:00:00-04:00,4698258.5,5292156.0,4657756.0,4846766.5,0,0.0,0.0
2021-09-27 00:00:00-04:00,4887269.0,4887269.0,4509248.0,4590252.5,0,0.0,0.0
2021-09-28 00:00:00-04:00,4941272.0,5575806.5,4833266.0,4941272.0,0,0.0,0.0
2021-09-29 00:00:00-04:00,4954772.5,5467800.5,4509248.0,4657756.0,0,0.0,0.0
2021-09-30 00:00:00-04:00,4738760.5,5859322.5,4509248.0,5400297.0,0,0.0,0.0
2021-10-01 00:00:00-04:00,5454300.0,5581882.0,5130282.0,5373295.5,0,0.0,0.0
2021-10-04 00:00:00-04:00,5400297.0,5495207.0,5143783.0,5184285.0,0,0.0,0.0
2021-10-05 00:00:00-04:00,5211286.5,5326043.0,4927771.0,5049277.5,0,0.0,0.0
2021-10-06 00:00:00-04:00,5062778.5,5764817.0,4941272.0,5589307.5,0,0.0,0.0
2021-10-07 00:00:00-04:00,5562306.0,5787633.5,5337113.5,5710814.0,0,0.0,0.0
2021-10-08 00:00:00-04:00,5805319.5,5851897.0,5332793.5,5454300.0,0,0.0,0.0
2021-10-11 00:00:00-04:00,5562306.0,5670312.0,5346294.0,5427298.5,0,0.0,0.0
2021-10-12 00:00:00-04:00,5427298.5,5623059.5,5427298.5,5454300.0,0,0.0,0.0
2021-10-13 00:00:00-04:00,5535304.5,5535304.5,5089780.0,5467800.5,0,0.0,0.0
2021-10-14 00:00:00-04:00,5467800.5,5467800.5,5305792.0,5346294.0,0,0.0,0.0
2021-10-15 00:00:00-04:00,5373295.5,5420548.0,5049277.5,5238288.0,0,0.0,0.0
2021-10-18 00:00:00-04:00,5143783.0,5256379.0,5035777.0,5089780.0,0,0.0,0.0
2021-10-19 00:00:00-04:00,5049277.5,5305792.0,4873903.0,5035777.0,0,0.0,0.0
2021-10-20 00:00:00-04:00,5089780.0,5265289.5,4995274.5,5157283.5,0,0.0,0.0
2021-10-21 00:00:00-04:00,5143783.0,5238288.0,5062778.5,5211286.5,0,0.0,0.0
2021-10-22 00:00:00-04:00,5170784.5,5229647.5,4968273.5,5197786.0,0,0.0,0.0
2021-10-25 00:00:00-04:00,5265289.5,5265289.5,4893884.0,4968273.5,0,0.0,0.0
2021-10-26 00:00:00-04:00,4954772.5,5062778.5,4860267.5,5035777.0,0,0.0,0.0
2021-10-27 00:00:00-04:00,4981774.0,5535304.5,4981774.0,5332793.5,0,0.0,0.0
2021-10-28 00:00:00-04:00,5346294.0,5656811.0,5062778.5,5238288.0,0,0.0,0.0
2021-10-29 00:00:00-04:00,5224787.5,5427298.5,5089780.0,5400297.0,0,0.0,0.0
2021-11-01 00:00:00-04:00,5386796.5,5737815.5,5278790.5,5548805.0,0,0.0,0.0
2021-11-02 00:00:00-04:00,5521803.5,5670177.0,5332793.5,5616309.0,0,0.0,0.0
2021-11-03 00:00:00-04:00,5670312.0,5670312.0,5508438.0,5629809.5,0,0.0,0.0
2021-11-04 00:00:00-04:00,5548805.0,5670312.0,5467800.5,5602808.0,0,0.0,0.0
2021-11-05 00:00:00-04:00,5575806.5,5630619.5,5319427.5,5602808.0,0,0.0,0.0
2021-11-08 00:00:00-05:00,5602808.0,6050493.0,5184285.0,5346294.0,0,0.0,0.0
2021-11-09 00:00:00-05:00,5427298.5,5670312.0,5400297.0,5467800.5,0,0.0,0.0
2021-11-10 00:00:00-05:00,5386796.5,5643310.5,5170784.5,5265289.5,0,0.0,0.0
2021-11-11 00:00:00-05:00,5251789.0,5386661.5,4765762.0,5130282.0,0,0.0,0.0
2021-11-12 00:00:00-05:00,5049277.5,5548670.0,4759011.5,5359795.0,0,0.0,0.0
2021-11-15 00:00:00-05:00,5346294.0,5440664.0,5062778.5,5157283.5,0,0.0,0.0
2021-11-16 00:00:00-05:00,5103280.5,5251654.0,4630754.5,4927771.0,0,0.0,0.0
2021-11-17 00:00:00-05:00,4846766.5,5009855.5,4711759.0,4954772.5,0,0.0,0.0
2021-11-18 00:00:00-05:00,4900769.5,5103145.5,4347239.0,4806264.5,0,0.0,0.0
2021-11-19 00:00:00-05:00,4765762.0,5346294.0,4536249.5,4927771.0,0,0.0,0.0
2021-11-22 00:00:00-05:00,4887269.0,5157148.5,4455245.0,4482246.5,0,0.0,0.0
2021-11-23 00:00:00-05:00,4509248.0,4671257.0,4164979.0,4455245.0,0,0.0,0.0
2021-11-24 00:00:00-05:00,4482246.5,4914270.5,4482246.5,4684757.5,0,0.0,0.0
2021-11-26 00:00:00-05:00,4603753.0,4779263.0,4522749.0,4725260.0,0,0.0,0.0
2021-11-29 00:00:00-05:00,4738760.5,4873768.0,4725260.0,4833266.0,0,0.0,0.0
2021-11-30 00:00:00-05:00,4765762.0,5049277.5,4509383.0,4819765.0,0,0.0,0.0
2021-12-01 00:00:00-05:00,4833266.0,4968273.5,4601728.0,4617254.0,0,0.0,0.0
2021-12-02 00:00:00-05:00,4657756.0,4954637.5,4657756.0,4860267.5,0,0.0,0.0
2021-12-03 00:00:00-05:00,4779263.0,4914270.5,4590252.5,4664506.5,0,0.0,0.0
2021-12-06 00:00:00-05:00,4630754.5,4711759.0,4455245.0,4603753.0,0,0.0,0.0
2021-12-07 00:00:00-05:00,4603753.0,4636155.0,4252734.0,4293236.0,0,0.0,0.0
2021-12-08 00:00:00-05:00,4320237.5,4467665.5,4320237.5,4467665.5,0,0.0,0.0
2021-12-09 00:00:00-05:00,4387741.5,4657756.0,4387741.5,4576751.5,0,0.0,0.0
2021-12-10 00:00:00-05:00,4576751.5,4590252.5,4320507.5,4495747.5,0,0.0,0.0
2021-12-13 00:00:00-05:00,4563251.0,4617254.0,4347239.0,4347239.0,0,0.0,0.0
2021-12-14 00:00:00-05:00,4347239.0,4347239.0,3847711.5,3847711.5,0,0.0,0.0
2021-12-15 00:00:00-05:00,3847711.5,4036722.0,3186175.25,3847711.5,0,0.0,0.0
2021-12-16 00:00:00-05:00,3928716.0,3928716.0,3456190.0,3766707.25,0,0.0,0.0
2021-12-17 00:00:00-05:00,3888213.75,4549750.0,3604698.25,4549750.0,0,0.0,0.0
2021-12-20 00:00:00-05:00,4536249.5,4536249.5,3807209.5,4104225.75,0,0.0,0.0
2021-12-21 00:00:00-05:00,4060078.25,4360740.0,3982719.0,4347239.0,0,0.0,0.0
2021-12-22 00:00:00-05:00,4212231.5,4455245.0,4050222.75,4374240.5,0,0.0,0.0
2021-12-23 00:00:00-05:00,4266234.5,4414743.0,4266234.5,4347239.0,0,0.0,0.0
2021-12-27 00:00:00-05:00,4698258.5,4698258.5,4332523.5,4522749.0,0,0.0,0.0
2021-12-28 00:00:00-05:00,4590252.5,4590252.5,4117726.5,4374240.5,0,0.0,0.0
2021-12-29 00:00:00-05:00,4293236.0,4401107.0,4077224.25,4144728.0,0,0.0,0.0
2021-12-30 00:00:00-05:00,4306602.0,4387741.5,4158228.75,4293236.0,0,0.0,0.0
2021-12-31 00:00:00-05:00,4252734.0,5386796.5,4077224.25,5386796.5,0,0.0,0.0
2022-01-03 00:00:00-05:00,5130282.0,5251654.0,4387876.5,4657756.0,0,0.0,0.0
2022-01-04 00:00:00-05:00,4657756.0,4914270.5,4495747.5,4603753.0,0,0.0,0.0
2022-01-05 00:00:00-05:00,4488997.0,4671257.0,4293236.0,4401242.0,0,0.0,0.0
2022-01-06 00:00:00-05:00,4414743.0,5197786.0,4274200.0,4671257.0,0,0.0,0.0
2022-01-07 00:00:00-05:00,4671257.0,4860267.5,4343999.0,4387741.5,0,0.0,0.0
2022-01-10 00:00:00-05:00,4306737.0,4437964.0,4306737.0,4320237.5,0,0.0,0.0
2022-01-11 00:00:00-05:00,4360740.0,4617254.0,4279735.5,4617254.0,0,0.0,0.0
2022-01-12 00:00:00-05:00,4582287.0,4657756.0,4266234.5,4588767.5,0,0.0,0.0
2022-01-13 00:00:00-05:00,4617254.0,4617254.0,4239233.0,4252734.0,0,0.0,0.0
2022-01-14 00:00:00-05:00,4374240.5,4374240.5,3645200.5,3901714.5,0,0.0,0.0
2022-01-18 00:00:00-05:00,3780208.0,4252734.0,3780208.0,3969218.25,0,0.0,0.0
2022-01-19 00:00:00-05:00,3888213.75,4090725.0,3847711.5,4036722.0,0,0.0,0.0
2022-01-20 00:00:00-05:00,3984339.25,4144728.0,3645200.5,3721749.75,0,0.0,0.0
2022-01-21 00:00:00-05:00,3746456.0,3753206.5,3522073.75,3645200.5,0,0.0,0.0
2022-01-24 00:00:00-05:00,3861212.25,3861212.25,3139192.75,3496692.25,0,0.0,0.0
2022-01-25 00:00:00-05:00,3510193.0,3604698.25,3294181.25,3604698.25,0,0.0,0.0
2022-01-26 00:00:00-05:00,3712704.25,3780208.0,3523828.75,3726205.0,0,0.0,0.0
2022-01-27 00:00:00-05:00,3685702.75,3780073.0,3510193.0,3739705.75,0,0.0,0.0
2022-01-28 00:00:00-05:00,3685702.75,3766572.25,3469690.75,3584447.25,0,0.0,0.0
2022-01-31 00:00:00-05:00,3699203.5,4036722.0,3645470.5,4036722.0,0,0.0,0.0
2022-02-01 00:00:00-05:00,4050222.75,4085864.75,3955717.5,3996219.75,0,0.0,0.0
2022-02-02 00:00:00-05:00,4104225.75,4104225.75,3726205.0,3847711.5,0,0.0,0.0
2022-02-03 00:00:00-05:00,3726205.0,3780208.0,3726205.0,3726205.0,0,0.0,0.0
2022-02-04 00:00:00-05:00,3780208.0,3886323.75,3577831.75,3780208.0,0,0.0,0.0
2022-02-07 00:00:00-05:00,3915215.25,3955717.5,3766707.25,3766707.25,0,0.0,0.0
2022-02-08 00:00:00-05:00,3901714.5,3969083.25,3759956.75,3861212.25,0,0.0,0.0
2022-02-09 00:00:00-05:00,3874713.0,3874713.0,2902659.75,2956662.5,0,0.0,0.0
2022-02-10 00:00:00-05:00,3199676.0,3307682.0,2740650.75,2835156.0,0,0.0,0.0
2022-02-11 00:00:00-05:00,2727150.0,2875658.25,2646145.5,2646145.5,0,0.0,0.0
2022-02-14 00:00:00-05:00,2767652.25,2767652.25,2497637.25,2538139.5,0,0.0,0.0
2022-02-15 00:00:00-05:00,2511138.0,2596327.75,2497637.25,2524638.75,0,0.0,0.0
2022-02-16 00:00:00-05:00,2497637.25,2605643.25,2497637.25,2578641.75,0,0.0,0.0
2022-02-17 00:00:00-05:00,2538139.5,2673147.0,2538139.5,2578641.75,0,0.0,0.0
2022-02-18 00:00:00-05:00,2524638.75,2659646.25,2511138.0,2592142.5,0,0.0,0.0
2022-02-22 00:00:00-05:00,2673147.0,2686647.75,2497637.25,2511138.0,0,0.0,0.0
2022-02-23 00:00:00-05:00,2578641.75,2632644.75,2497637.25,2511138.0,0,0.0,0.0
2022-02-24 00:00:00-05:00,2578641.75,2578641.75,2447279.5,2457135.25,0,0.0,0.0
2022-02-25 00:00:00-05:00,2430133.75,2592142.5,2430133.75,2578641.75,0,0.0,0.0
2022-02-28 00:00:00-05:00,2557985.75,2700148.5,2470636.0,2619144.0,0,0.0,0.0
2022-03-01 00:00:00-05:00,2605643.25,2700148.5,2605643.25,2605643.25,0,0.0,0.0
2022-03-02 00:00:00-05:00,2686647.75,2700148.5,2605643.25,2632644.75,0,0.0,0.0
2022-03-03 00:00:00-05:00,2605643.25,2646145.5,2470636.0,2477386.25,0,0.0,0.0
2022-03-04 00:00:00-05:00,2524638.75,2524638.75,2403132.25,2430133.75,0,0.0,0.0
2022-03-07 00:00:00-05:00,2484136.75,2484136.75,2389631.5,2389631.5,0,0.0,0.0
2022-03-08 00:00:00-05:00,2376130.75,2524503.75,2362630.0,2497637.25,0,0.0,0.0
2022-03-09 00:00:00-05:00,2470636.0,2592142.5,2416633.0,2524638.75,0,0.0,0.0
2022-03-10 00:00:00-05:00,2484136.75,2632644.75,2416903.0,2592142.5,0,0.0,0.0
2022-03-11 00:00:00-05:00,2605643.25,2619144.0,2376130.75,2403132.25,0,0.0,0.0
2022-03-14 00:00:00-04:00,2382476.0,2402997.25,1734845.375,1782098.0,0,0.0,0.0
2022-03-15 00:00:00-04:00,1890104.0,1957607.625,1755096.5,1795598.75,0,0.0,0.0
2022-03-16 00:00:00-04:00,1849601.75,1944106.875,1748346.125,1863102.5,0,0.0,0.0
2022-03-17 00:00:00-04:00,1883353.625,2091670.0,1883353.625,2065613.625,0,0.0,0.0
2022-03-18 00:00:00-04:00,2106115.75,2268124.75,2092615.125,2268124.75,0,0.0,0.0
2022-03-21 00:00:00-04:00,2362630.0,2430133.75,2335628.5,2376130.75,0,0.0,0.0
2022-03-22 00:00:00-04:00,2430133.75,2484136.75,2119616.5,2322127.75,0,0.0,0.0
2022-03-23 00:00:00-04:00,2227622.5,2376130.75,2146618.0,2376130.75,0,0.0,0.0
2022-03-24 00:00:00-04:00,2389631.5,2389631.5,2241123.25,2268124.75,0,0.0,0.0
2022-03-25 00:00:00-04:00,2335628.5,2335628.5,2227622.5,2254624.0,0,0.0,0.0
2022-03-28 00:00:00-04:00,2281625.5,2551640.25,2160118.75,2187120.25,0,0.0,0.0
2022-03-29 00:00:00-04:00,2146618.0,2308627.0,2146618.0,2295126.25,0,0.0,0.0
2022-03-30 00:00:00-04:00,2362630.0,2578641.75,2308627.0,2430133.75,0,0.0,0.0
2022-03-31 00:00:00-04:00,2403132.25,2592142.5,2308762.0,2457135.25,0,0.0,0.0
2022-04-01 00:00:00-04:00,2497637.25,2511138.0,2430133.75,2430133.75,0,0.0,0.0
2022-04-04 00:00:00-04:00,2551640.25,2551640.25,2418658.0,2524638.75,0,0.0,0.0
2022-04-05 00:00:00-04:00,2457135.25,2457135.25,2139867.75,2187120.25,0,0.0,0.0
2022-04-06 00:00:00-04:00,2106115.75,2146483.0,1971108.375,2079114.375,0,0.0,0.0
2022-04-07 00:00:00-04:00,2098420.5,2133117.25,1971108.375,1998109.875,0,0.0,0.0
2022-04-08 00:00:00-04:00,1957607.625,2116916.5,1957607.625,2116916.5,0,0.0,0.0
2022-04-11 00:00:00-04:00,2187120.25,2187120.25,2092615.125,2092615.125,0,0.0,0.0
2022-04-12 00:00:00-04:00,2146483.0,2862157.5,1998109.875,2200621.0,1,0.0,0.0
2022-04-13 00:00:00-04:00,2052112.875,2132982.25,1755096.5,1768597.25,0,0.0,0.0
2022-04-14 00:00:00-04:00,1809099.5,1809099.5,1755096.5,1782098.0,0,0.0,0.0
2022-04-18 00:00:00-04:00,1849601.75,1863102.5,1755096.5,1795598.75,0,0.0,0.0
2022-04-19 00:00:00-04:00,1701093.5,1809099.5,1701093.5,1714594.25,0,0.0,0.0
2022-04-20 00:00:00-04:00,1698393.375,1809099.5,1674092.125,1809099.5,0,0.0,0.0
2022-04-21 00:00:00-04:00,1768597.25,1795598.75,1706223.875,1795598.75,0,0.0,0.0
2022-04-22 00:00:00-04:00,1782098.0,1782098.0,1620089.125,1714594.25,0,0.0,0.0
2022-04-25 00:00:00-04:00,1680572.375,1701093.5,1620089.125,1660591.375,0,0.0,0.0
2022-04-26 00:00:00-04:00,1620089.125,1620089.125,1502227.625,1525583.875,0,0.0,0.0
2022-04-27 00:00:00-04:00,1579451.875,1579451.875,1471580.875,1485216.625,0,0.0,0.0
2022-04-28 00:00:00-04:00,1498582.375,1498582.375,1458080.25,1498582.375,0,0.0,0.0
2022-04-29 00:00:00-04:00,1525583.875,1525853.875,1404077.25,1525583.875,0,0.0,0.0
2022-05-02 00:00:00-04:00,1512083.125,1646955.625,1471580.875,1579586.875,0,0.0,0.0
2022-05-03 00:00:00-04:00,1606588.375,1660591.375,1593087.625,1620089.125,0,0.0,0.0
2022-05-04 00:00:00-04:00,1608073.5,1620089.125,1552585.375,1593087.625,0,0.0,0.0
2022-05-05 00:00:00-04:00,1552585.375,1634669.875,1377075.75,1444579.5,0,0.0,0.0
2022-05-06 00:00:00-04:00,1448494.625,1498582.375,1377075.75,1390576.5,0,0.0,0.0
2022-05-09 00:00:00-04:00,1309572.0,1444579.5,1306736.875,1350074.25,0,0.0,0.0
2022-05-10 00:00:00-04:00,1349939.25,1350074.25,1296071.25,1350074.25,0,0.0,0.0
2022-05-11 00:00:00-04:00,1350074.25,1417443.0,1350074.25,1350074.25,0,0.0,0.0
2022-05-12 00:00:00-04:00,1294316.125,1402052.125,1283110.625,1295936.25,0,0.0,0.0
2022-05-13 00:00:00-04:00,1336708.5,1336843.5,1187930.375,1242743.375,0,0.0,0.0
2022-05-16 00:00:00-04:00,1279870.375,1404077.25,1279870.375,1350074.25,0,0.0,0.0
2022-05-17 00:00:00-04:00,1350074.25,1404077.25,1282570.5,1350074.25,0,0.0,0.0
2022-05-18 00:00:00-04:00,1228567.625,1350074.25,1228567.625,1316322.375,0,0.0,0.0
2022-05-19 00:00:00-04:00,1350074.25,1350074.25,1255569.0,1302146.625,0,0.0,0.0
2022-05-20 00:00:00-04:00,1350074.25,1377075.75,1170109.375,1268664.75,0,0.0,0.0
2022-05-23 00:00:00-04:00,1323072.75,1323072.75,1302416.625,1302551.625,0,0.0,0.0
2022-05-24 00:00:00-04:00,1431078.75,1431078.75,1244903.5,1290536.0,0,0.0,0.0
2022-05-25 00:00:00-04:00,1282570.5,1367625.25,1282570.5,1344809.0,0,0.0,0.0
2022-05-26 00:00:00-04:00,1444579.5,1444579.5,1330093.125,1330093.125,0,0.0,0.0
2022-05-27 00:00:00-04:00,1390576.5,1390576.5,837046.0625,1336708.5,0,0.0,0.0
2022-05-31 00:00:00-04:00,1350074.25,1350074.25,1292979.625,1329148.125,0,0.0,0.0
2022-06-01 00:00:00-04:00,1336573.5,1377075.75,1336573.5,1363575.0,0,0.0,0.0
2022-06-02 00:00:00-04:00,1417578.0,1539084.625,1257189.125,1512083.125,0,0.0,0.0
2022-06-03 00:00:00-04:00,1498582.375,1512083.125,1390576.5,1512083.125,0,0.0,0.0
2022-06-06 00:00:00-04:00,1579586.875,1579586.875,1462265.375,1518833.5,0,0.0,0.0
2022-06-07 00:00:00-04:00,1552585.375,1836101.0,1552585.375,1687592.875,0,0.0,0.0
2022-06-08 00:00:00-04:00,1728095.0,1728095.0,1606588.375,1606588.375,0,0.0,0.0
2022-06-09 00:00:00-04:00,1606723.375,1611988.625,1423923.375,1458080.25,0,0.0,0.0
2022-06-10 00:00:00-04:00,1444579.5,1607938.375,1269069.75,1498582.375,0,0.0,0.0
2022-06-13 00:00:00-04:00,1471580.875,1471580.875,1278385.25,1329823.125,0,0.0,0.0
2022-06-14 00:00:00-04:00,1336573.5,1397326.875,1278520.375,1344944.0,0,0.0,0.0
2022-06-15 00:00:00-04:00,1444579.5,1620089.125,1194680.75,1194680.75,0,0.0,0.0
2022-06-16 00:00:00-04:00,1147563.125,1213041.75,1012690.6875,1172269.5,0,0.0,0.0
2022-06-17 00:00:00-04:00,1134062.375,1262454.375,1120561.625,1262454.375,0,0.0,0.0
2022-06-21 00:00:00-04:00,1336573.5,1417578.0,1336573.5,1417578.0,0,0.0,0.0
2022-06-22 00:00:00-04:00,1552585.375,1579586.875,1363035.0,1471580.875,0,0.0,0.0
2022-06-23 00:00:00-04:00,1350074.25,1390576.5,1300256.5,1350074.25,0,0.0,0.0
2022-06-24 00:00:00-04:00,1317942.5,1498582.375,1317942.5,1323072.75,0,0.0,0.0
2022-06-27 00:00:00-04:00,1282570.5,1363575.0,1282570.5,1350074.25,0,0.0,0.0
2022-06-28 00:00:00-04:00,1350074.25,1384096.125,1282570.5,1316592.375,0,0.0,0.0
2022-06-29 00:00:00-04:00,1309572.0,1309572.0,1105170.75,1262454.375,0,0.0,0.0
2022-06-30 00:00:00-04:00,1279600.375,1282570.5,1228837.625,1228837.625,0,0.0,0.0
2022-07-01 00:00:00-04:00,1228567.625,1390576.5,1177939.75,1309572.0,0,0.0,0.0
2022-07-05 00:00:00-04:00,1317942.5,1317942.5,1317942.5,1317942.5,0,0.0,0.0
2022-07-06 00:00:00-04:00,1323072.75,1539084.625,1318212.5,1485081.625,0,0.0,0.0
2022-07-07 00:00:00-04:00,1451329.875,1525583.875,1451329.875,1498582.375,0,0.0,0.0
2022-07-08 00:00:00-04:00,1656271.125,1687592.875,1458080.25,1587417.25,0,0.0,0.0
2022-07-11 00:00:00-04:00,1444579.5,1539084.625,1444579.5,1489807.0,0,0.0,0.0
2022-07-12 00:00:00-04:00,1552585.375,1620089.125,1336573.5,1417443.0,0,0.0,0.0
2022-07-13 00:00:00-04:00,1485081.625,1593087.625,1323207.75,1431078.75,0,0.0,0.0
2022-07-14 00:00:00-04:00,1431078.75,1485081.625,1269069.75,1417578.0,0,0.0,0.0
2022-07-15 00:00:00-04:00,1377075.75,1444444.5,1363575.0,1444444.5,0,0.0,0.0
2022-07-18 00:00:00-04:00,1498582.375,1552585.375,1444579.5,1451329.875,0,0.0,0.0
2022-07-19 00:00:00-04:00,1499527.5,1606588.375,1471580.875,1498582.375,0,0.0,0.0
2022-07-20 00:00:00-04:00,1323072.75,1323072.75,1181315.0,1207776.375,0,0.0,0.0
2022-07-21 00:00:00-04:00,1207776.375,1330498.125,1181315.0,1188200.375,0,0.0,0.0
2022-07-22 00:00:00-04:00,1194815.75,1215066.875,1147563.125,1147563.125,0,0.0,0.0
2022-07-25 00:00:00-04:00,1100310.5,1255569.0,1100310.5,1147023.125,0,0.0,0.0
2022-07-26 00:00:00-04:00,1204536.25,1228567.625,1093560.125,1095990.25,0,0.0,0.0
2022-07-27 00:00:00-04:00,1150668.25,1150668.25,1120696.625,1147563.125,0,0.0,0.0
2022-07-28 00:00:00-04:00,1147563.125,1147563.125,1093560.125,1093560.125,0,0.0,0.0
2022-07-29 00:00:00-04:00,1100310.5,1147428.125,1100310.5,1136087.5,0,0.0,0.0
2022-08-01 00:00:00-04:00,1134197.375,1188065.375,1080059.375,1130957.25,0,0.0,0.0
2022-08-02 00:00:00-04:00,1188065.375,1188065.375,1120561.625,1188065.375,0,0.0,0.0
2022-08-03 00:00:00-04:00,1233967.875,1328608.125,1161198.875,1247468.625,0,0.0,0.0
2022-08-04 00:00:00-04:00,1247468.625,1309572.0,1188065.375,1194950.75,0,0.0,0.0
2022-08-05 00:00:00-04:00,1254489.0,1254489.0,1080194.375,1142837.875,0,0.0,0.0
2022-08-08 00:00:00-04:00,1108546.0,1134062.375,1081409.5,1081409.5,0,0.0,0.0
2022-08-09 00:00:00-04:00,1107060.875,1107060.875,891184.0,978803.8125,0,0.0,0.0
2022-08-10 00:00:00-04:00,978803.8125,1023221.25,958417.6875,1022681.25,0,0.0,0.0
2022-08-11 00:00:00-04:00,1022951.25,1063723.5,969623.3125,1012420.6875,0,0.0,0.0
2022-08-12 00:00:00-04:00,1045497.5,1046442.5625,958552.75,1039692.1875,0,0.0,0.0
2022-08-15 00:00:00-04:00,1063723.5,1100310.5,1044957.5,1045092.5,0,0.0,0.0
2022-08-16 00:00:00-04:00,1045092.5,1090860.0,985554.1875,985554.1875,0,0.0,0.0
2022-08-17 00:00:00-04:00,981639.0,1120561.625,925475.875,958552.75,0,0.0,0.0
2022-08-18 00:00:00-04:00,958552.75,1012555.6875,904549.75,904549.75,0,0.0,0.0
2022-08-19 00:00:00-04:00,904549.75,1026056.4375,877548.25,931551.25,0,0.0,0.0
2022-08-22 00:00:00-04:00,918050.5,918050.5,864047.5,874848.125,0,0.0,0.0
2022-08-23 00:00:00-04:00,911165.125,911165.125,778722.8125,807479.4375,0,0.0,0.0
2022-08-24 00:00:00-04:00,783043.0625,810044.5625,783043.0625,803294.1875,0,0.0,0.0
2022-08-25 00:00:00-04:00,786553.25,865397.625,641420.25,649385.6875,0,0.0,0.0
2022-08-26 00:00:00-04:00,700418.5,756041.5625,655056.0,676522.1875,0,0.0,0.0
2022-08-29 00:00:00-04:00,710814.125,711084.125,646685.5625,646685.5625,0,0.0,0.0
2022-08-30 00:00:00-04:00,649655.75,728635.0625,621034.1875,628054.5625,0,0.0,0.0
2022-08-31 00:00:00-04:00,634264.875,661536.375,499527.46875,550290.25,0,0.0,0.0
2022-09-01 00:00:00-04:00,582827.0625,582827.0625,526663.9375,529364.125,0,0.0,0.0
2022-09-02 00:00:00-04:00,529364.125,580531.9375,526528.9375,526528.9375,0,0.0,0.0
2022-09-06 00:00:00-04:00,551775.375,594032.6875,526528.9375,545430.0,0,0.0,0.0
2022-09-07 00:00:00-04:00,567436.1875,919400.5625,553530.4375,607398.4375,2,0.0,0.0
2022-09-08 00:00:00-04:00,659916.3125,659916.3125,556905.625,587619.8125,0,0.0,0.0
2022-09-09 00:00:00-04:00,523828.8125,614283.8125,523828.8125,579181.875,0,0.0,0.0
2022-09-12 00:00:00-04:00,594032.6875,607533.4375,552450.375,552585.375,0,0.0,0.0
2022-09-13 00:00:00-04:00,585527.1875,585527.1875,513028.21875,519778.59375,0,0.0,0.0
2022-09-14 00:00:00-04:00,513028.21875,578101.8125,506412.84375,512623.1875,0,0.0,0.0
2022-09-15 00:00:00-04:00,540029.6875,576481.6875,473201.03125,475496.15625,0,0.0,0.0
2022-09-16 00:00:00-04:00,486026.71875,513028.21875,446334.5625,446334.5625,0,0.0,0.0
2022-09-19 00:00:00-04:00,418793.03125,499392.46875,418793.03125,441609.28125,0,0.0,0.0
2022-09-20 00:00:00-04:00,455785.0625,818280.0,454705.0,506682.875,20,0.0,0.0
2022-09-21 00:00:00-04:00,529229.125,712704.1875,468610.78125,486161.75,7,0.0,0.0
2022-09-22 00:00:00-04:00,506142.84375,585797.25,471445.9375,540029.6875,2,0.0,0.0
2022-09-23 00:00:00-04:00,499527.46875,526528.9375,401647.09375,459025.25,0,0.0,0.0
2022-09-26 00:00:00-04:00,445254.5,459025.25,367220.1875,378020.78125,0,0.0,0.0
2022-09-27 00:00:00-04:00,391521.53125,439584.1875,287970.84375,366005.125,0,0.0,0.0
2022-09-28 00:00:00-04:00,355069.53125,382341.03125,338463.625,378020.78125,0,0.0,0.0
2022-09-29 00:00:00-04:00,360334.8125,363845.0,337113.53125,338868.625,0,0.0,0.0
2022-09-30 00:00:00-04:00,341838.8125,355744.5625,309167.0,309167.0,0,0.0,0.0
2022-10-03 00:00:00-04:00,324557.84375,351019.3125,271364.9375,272850.0,0,0.0,0.0
2022-10-04 00:00:00-04:00,274335.09375,297016.34375,259349.265625,259484.265625,0,0.0,0.0
2022-10-05 00:00:00-04:00,265964.625,648035.625,258674.234375,448224.65625,37,0.0,0.0
2022-10-06 00:00:00-04:00,390171.46875,405022.28125,324017.8125,332388.28125,2,0.0,0.0
2022-10-07 00:00:00-04:00,337383.5625,513028.21875,283515.59375,351019.3125,1,0.0,0.0
2022-10-10 00:00:00-04:00,499797.5,503847.71875,401917.09375,477926.28125,14,0.0,0.0
2022-10-11 00:00:00-04:00,378560.8125,418523.03125,349669.21875,393141.625,2,0.0,0.0
2022-10-12 00:00:00-04:00,396246.78125,405022.28125,324017.8125,378020.78125,1,0.0,0.0
2022-10-13 00:00:00-04:00,475226.125,540029.6875,391521.53125,403672.1875,11,0.0,0.0
2022-10-14 00:00:00-04:00,391521.53125,403672.1875,352369.375,363169.96875,1,0.0,0.0
2022-10-17 00:00:00-04:00,391521.53125,418523.03125,357904.6875,397056.84375,1,0.0,0.0
2022-10-18 00:00:00-04:00,389496.4375,456190.09375,379370.875,434318.875,1,0.0,0.0
2022-10-19 00:00:00-04:00,420683.125,634534.875,380045.90625,391521.53125,18,0.0,0.0
2022-10-20 00:00:00-04:00,391521.53125,425948.4375,344268.9375,351019.3125,1,0.0,0.0
2022-10-21 00:00:00-04:00,351019.3125,365330.09375,324692.84375,356824.625,0,0.0,0.0
2022-10-24 00:00:00-04:00,362494.9375,363575.0,324017.8125,330768.1875,0,0.0,0.0
2022-10-25 00:00:00-04:00,330768.1875,391521.53125,330768.1875,367760.21875,1,0.0,0.0
2022-10-26 00:00:00-04:00,367760.21875,378020.78125,353584.4375,365735.125,0,0.0,0.0
2022-10-27 00:00:00-04:00,358039.6875,378020.78125,337518.5625,352909.40625,0,0.0,0.0
2022-10-28 00:00:00-04:00,363710.0,363710.0,344268.9375,347374.09375,0,0.0,0.0
2022-10-31 00:00:00-04:00,364790.0625,368300.25,337518.5625,342918.875,0,0.0,0.0
2022-11-01 00:00:00-04:00,357769.6875,362494.9375,337518.5625,337788.59375,0,0.0,0.0
2022-11-02 00:00:00-04:00,345214.0,350749.28125,310517.09375,324017.8125,0,0.0,0.0
2022-11-03 00:00:00-04:00,321317.6875,364520.0625,298501.40625,324017.8125,0,0.0,0.0
2022-11-04 00:00:00-04:00,336033.46875,364520.0625,324017.8125,337248.5625,0,0.0,0.0
2022-11-07 00:00:00-05:00,356824.625,356824.625,297016.34375,337518.5625,0,0.0,0.0
2022-11-08 00:00:00-05:00,337518.5625,348994.1875,311462.125,320237.625,0,0.0,0.0
2022-11-09 00:00:00-05:00,307681.9375,335763.46875,244363.4375,282570.53125,1,0.0,0.0
2022-11-10 00:00:00-05:00,274065.0625,337518.5625,271364.9375,337383.5625,0,0.0,0.0
2022-11-11 00:00:00-05:00,337383.5625,350884.3125,302146.625,324017.8125,0,0.0,0.0
2022-11-14 00:00:00-05:00,314297.28125,323747.8125,296881.34375,319157.5625,0,0.0,0.0
2022-11-15 00:00:00-05:00,324017.8125,364385.03125,297016.34375,310247.0625,0,0.0,0.0
2022-11-16 00:00:00-05:00,310382.0625,313892.25,283515.59375,301471.59375,0,0.0,0.0
2022-11-17 00:00:00-05:00,303631.6875,303766.71875,277440.25,288240.84375,0,0.0,0.0
2022-11-18 00:00:00-05:00,297016.34375,297286.34375,271364.9375,280410.4375,0,0.0,0.0
2022-11-21 00:00:00-05:00,272039.96875,290130.96875,256919.125,269204.8125,0,0.0,0.0
2022-11-22 00:00:00-05:00,269879.84375,290265.96875,263264.46875,273390.03125,0,0.0,0.0
2022-11-23 00:00:00-05:00,273390.03125,292021.0625,272850.0,278250.3125,0,0.0,0.0
2022-11-25 00:00:00-05:00,286620.75,297016.34375,244903.46875,276765.21875,0,0.0,0.0
2022-11-28 00:00:00-05:00,272580.0,297016.34375,256514.109375,269879.84375,0,0.0,0.0
2022-11-29 00:00:00-05:00,270014.84375,278790.34375,256514.109375,257189.140625,0,0.0,0.0
2022-11-30 00:00:00-05:00,270014.84375,290941.0,268664.78125,276765.21875,2,0.0,0.0
2022-12-01 00:00:00-05:00,296206.28125,296206.28125,259484.265625,283245.59375,0,0.0,0.0
2022-12-02 00:00:00-05:00,283515.59375,283515.59375,245983.53125,259889.296875,0,0.0,0.0
2022-12-05 00:00:00-05:00,260969.359375,260969.359375,230862.703125,247063.59375,0,0.0,0.0
2022-12-06 00:00:00-05:00,206426.359375,250438.78125,175644.65625,215606.859375,0,0.0,0.0
2022-12-07 00:00:00-05:00,216011.875,216011.875,184960.171875,202511.140625,0,0.0,0.0
2022-12-08 00:00:00-05:00,219657.078125,219657.078125,189010.390625,198460.921875,0,0.0,0.0
2022-12-09 00:00:00-05:00,204266.234375,212366.6875,168759.28125,184150.125,0,0.0,0.0
2022-12-12 00:00:00-05:00,193465.640625,203051.171875,67503.7109375,155123.53125,0,0.0,0.0
2022-12-13 00:00:00-05:00,168759.28125,207911.4375,159308.765625,176859.734375,1,0.0,0.0
2022-12-14 00:00:00-05:00,373295.53125,529904.125,191440.53125,207236.390625,72,0.0,0.0
2022-12-15 00:00:00-05:00,261644.390625,398271.90625,216281.890625,247873.640625,31,0.0,0.0
2022-12-16 00:00:00-05:00,313757.25,320102.59375,230862.703125,276765.21875,11,0.0,0.0
2022-12-19 00:00:00-05:00,253138.921875,253813.953125,223032.265625,239503.171875,2,0.0,0.0
2022-12-20 00:00:00-05:00,202511.140625,220062.109375,182260.03125,216011.875,1,0.0,0.0
2022-12-21 00:00:00-05:00,211556.640625,226407.453125,200081.0,220062.109375,0,0.0,0.0
2022-12-22 00:00:00-05:00,210881.59375,240313.21875,204266.234375,219927.09375,0,0.0,0.0
2022-12-23 00:00:00-05:00,209261.515625,229512.625,207776.421875,221682.1875,0,0.0,0.0
2022-12-27 00:00:00-05:00,210746.59375,283515.59375,202511.140625,222762.25,1,0.0,0.0
2022-12-28 00:00:00-05:00,243013.359375,243013.359375,209261.515625,226137.4375,0,0.0,0.0
2022-12-29 00:00:00-05:00,225327.390625,247063.59375,211961.65625,247063.59375,0,0.0,0.0
2022-12-30 00:00:00-05:00,239638.1875,276765.21875,236263.0,255434.046875,0,0.0,0.0
2023-01-03 00:00:00-05:00,247738.625,256514.109375,243013.359375,249763.734375,0,0.0,0.0
2023-01-04 00:00:00-05:00,780072.875,810044.5625,389901.4375,400162.0,55,0.0,0.0
2023-01-05 00:00:00-05:00,374915.625,390846.5,316997.4375,325367.90625,7,0.0,0.0
2023-01-06 00:00:00-05:00,297961.375,431888.75,283515.59375,357769.6875,9,0.0,0.0
2023-01-09 00:00:00-05:00,392601.59375,392601.59375,326717.96875,340758.75,2,0.0,0.0
2023-01-10 00:00:00-05:00,351019.3125,395436.75,336168.5,367625.21875,2,0.0,0.0
2023-01-11 00:00:00-05:00,367895.21875,425273.375,357769.6875,384771.15625,1,0.0,0.0
2023-01-12 00:00:00-05:00,421898.21875,425273.375,352234.375,388821.375,2,0.0,0.0
2023-01-13 00:00:00-05:00,403672.1875,403672.1875,357769.6875,389496.4375,1,0.0,0.0
2023-01-17 00:00:00-05:00,367220.1875,378020.78125,357904.6875,371270.40625,0,0.0,0.0
2023-01-18 00:00:00-05:00,364520.0625,364520.0625,324017.8125,336708.53125,0,0.0,0.0
2023-01-19 00:00:00-05:00,283515.59375,356959.625,283515.59375,341298.78125,0,0.0,0.0
2023-01-20 00:00:00-05:00,337518.5625,377075.75,324152.84375,366005.125,0,0.0,0.0
2023-01-23 00:00:00-05:00,371000.40625,371000.40625,330903.1875,343458.875,0,0.0,0.0
2023-01-24 00:00:00-05:00,344268.9375,345078.96875,330768.1875,337518.5625,0,0.0,0.0
2023-01-25 00:00:00-05:00,351019.3125,351019.3125,322937.75,324287.84375,0,0.0,0.0
2023-01-26 00:00:00-05:00,325502.90625,358309.71875,318617.53125,357634.65625,1,0.0,0.0
2023-01-27 00:00:00-05:00,359794.78125,404347.25,337653.5625,387606.3125,1,0.0,0.0
2023-01-30 00:00:00-05:00,387471.3125,398271.90625,376535.71875,391386.53125,0,0.0,0.0
2023-01-31 00:00:00-05:00,382611.03125,397326.84375,351019.3125,351019.3125,0,0.0,0.0
2023-02-01 00:00:00-05:00,354529.5,391521.53125,352504.375,382071.0,0,0.0,0.0
2023-02-02 00:00:00-05:00,391656.53125,506007.84375,382071.0,432023.75,5,0.0,0.0
2023-02-03 00:00:00-05:00,555420.5625,560280.8125,450924.8125,462400.4375,13,0.0,0.0
2023-02-06 00:00:00-05:00,434723.90625,438774.125,394491.6875,407182.40625,2,0.0,0.0
2023-02-07 00:00:00-05:00,401917.09375,404212.21875,367220.1875,398271.90625,0,0.0,0.0
2023-02-08 00:00:00-05:00,378020.78125,391386.53125,353854.46875,364520.0625,0,0.0,0.0
2023-02-09 00:00:00-05:00,372620.5,372620.5,337518.5625,351019.3125,0,0.0,0.0
2023-02-10 00:00:00-05:00,349534.21875,432023.75,344403.9375,398271.90625,1,0.0,0.0
2023-02-13 00:00:00-05:00,396921.84375,396921.84375,352369.375,371270.40625,0,0.0,0.0
2023-02-14 00:00:00-05:00,378020.78125,383151.0625,363169.96875,376670.71875,0,0.0,0.0
2023-02-15 00:00:00-05:00,376670.71875,411907.65625,376535.71875,400972.0625,1,0.0,0.0
2023-02-16 00:00:00-05:00,400972.0625,400972.0625,355339.53125,400702.03125,0,0.0,0.0
2023-02-17 00:00:00-05:00,378020.78125,398271.90625,378020.78125,386391.25,0,0.0,0.0
2023-02-21 00:00:00-05:00,364520.0625,379370.875,363169.96875,370460.375,0,0.0,0.0
2023-02-22 00:00:00-05:00,359389.78125,383421.09375,359119.75,366275.15625,0,0.0,0.0
2023-02-23 00:00:00-05:00,371270.40625,371270.40625,342918.875,364520.0625,0,0.0,0.0
2023-02-24 00:00:00-05:00,353584.4375,378020.78125,353584.4375,371135.40625,0,0.0,0.0
2023-02-27 00:00:00-05:00,371405.4375,378020.78125,361279.875,361279.875,0,0.0,0.0
2023-02-28 00:00:00-05:00,363304.96875,373835.5625,325907.9375,345214.0,0,0.0,0.0
2023-03-01 00:00:00-05:00,337518.5625,364520.0625,330768.1875,334143.375,0,0.0,0.0
2023-03-02 00:00:00-05:00,337518.5625,360604.84375,326717.96875,356824.625,0,0.0,0.0
2023-03-03 00:00:00-05:00,346159.03125,355069.53125,338733.625,344538.9375,0,0.0,0.0
2023-03-06 00:00:00-05:00,359119.75,376670.71875,306466.84375,324017.8125,1,0.0,0.0
2023-03-07 00:00:00-05:00,310517.09375,337518.5625,310517.09375,319832.59375,0,0.0,0.0
2023-03-08 00:00:00-05:00,310517.09375,319562.5625,270824.90625,287025.78125,0,0.0,0.0
2023-03-09 00:00:00-05:00,287565.8125,287565.8125,244363.4375,256514.109375,0,0.0,0.0
2023-03-10 00:00:00-05:00,270014.84375,294316.1875,269339.8125,270014.84375,0,0.0,0.0
2023-03-13 00:00:00-04:00,262319.4375,283380.59375,236263.0,238558.125,0,0.0,0.0
2023-03-14 00:00:00-04:00,238963.140625,245713.515625,217361.953125,230322.671875,0,0.0,0.0
2023-03-15 00:00:00-04:00,222762.25,222762.25,205481.296875,218982.046875,0,0.0,0.0
2023-03-16 00:00:00-04:00,230052.65625,241258.265625,222762.25,240988.25,0,0.0,0.0
2023-03-17 00:00:00-04:00,229512.625,255164.03125,221142.15625,229512.625,0,0.0,0.0
2023-03-20 00:00:00-04:00,216011.875,243013.359375,216011.875,223437.28125,0,0.0,0.0
2023-03-21 00:00:00-04:00,223437.28125,242878.359375,216146.890625,220332.125,0,0.0,0.0
2023-03-22 00:00:00-04:00,229512.625,232752.796875,221412.171875,224112.328125,0,0.0,0.0
2023-03-23 00:00:00-04:00,224112.328125,224112.328125,202511.140625,211691.640625,0,0.0,0.0
2023-03-24 00:00:00-04:00,210611.578125,212704.203125,202916.15625,212501.6875,0,0.0,0.0
2023-03-27 00:00:00-04:00,292966.125,443634.40625,197245.84375,199946.0,44,0.0,0.0
2023-03-28 00:00:00-04:00,199810.984375,212231.671875,165519.109375,173349.53125,9,0.0,0.0
2023-03-29 00:00:00-04:00,175509.65625,212231.671875,170514.375,190360.46875,15,0.0,0.0
2023-03-30 00:00:00-04:00,217361.953125,270014.84375,191710.546875,229917.640625,17,0.0,0.0
2023-03-31 00:00:00-04:00,209261.515625,227960.03125,175509.65625,193735.65625,10,0.0,0.0
2023-04-03 00:00:00-04:00,168759.28125,182800.046875,162818.953125,164574.046875,3,0.0,0.0
2023-04-04 00:00:00-04:00,166059.140625,168624.28125,137707.578125,145808.015625,2,0.0,0.0
2023-04-05 00:00:00-04:00,141487.78125,216011.875,139057.640625,171729.4375,7,0.0,0.0
2023-04-06 00:00:00-04:00,160388.828125,170109.359375,151208.3125,156743.625,1,0.0,0.0
2023-04-10 00:00:00-04:00,157958.6875,160928.84375,148508.171875,155393.546875,0,0.0,0.0
2023-04-11 00:00:00-04:00,148508.171875,174159.578125,147833.125,161468.875,1,0.0,0.0
2023-04-12 00:00:00-04:00,162008.90625,166464.15625,148508.171875,155258.546875,0,0.0,0.0
2023-04-13 00:00:00-04:00,155258.546875,161198.859375,148508.171875,156878.625,1,0.0,0.0
2023-04-14 00:00:00-04:00,152153.375,160024.296875,148913.1875,154718.515625,0,0.0,0.0
2023-04-17 00:00:00-04:00,151613.34375,157823.6875,148643.171875,155663.5625,0,0.0,0.0
2023-04-18 00:00:00-04:00,156608.609375,173889.5625,143107.875,154043.46875,2,0.0,0.0
2023-04-19 00:00:00-04:00,149453.21875,149858.25,137707.578125,146348.046875,0,0.0,0.0
2023-04-20 00:00:00-04:00,141892.796875,145065.484375,130957.203125,134399.890625,1,0.0,0.0
2023-04-21 00:00:00-04:00,135007.421875,139867.6875,124341.8359375,131362.21875,0,0.0,0.0
2023-04-24 00:00:00-04:00,121506.6796875,129877.140625,95990.28125,113406.234375,1,0.0,0.0
2023-04-25 00:00:00-04:00,110031.0546875,122856.7578125,108545.96875,113811.2578125,0,0.0,0.0
2023-04-26 00:00:00-04:00,148508.171875,374915.625,135007.421875,205076.28125,209,0.0,0.0
2023-04-27 00:00:00-04:00,194950.71875,196165.796875,156743.625,190360.46875,15,0.0,0.0
2023-04-28 00:00:00-04:00,161603.890625,283515.59375,160793.84375,216011.875,20,0.0,0.0
2023-05-01 00:00:00-04:00,209936.546875,214661.8125,191710.546875,211421.625,3,0.0,0.0
2023-05-02 00:00:00-04:00,202511.140625,209261.515625,183610.09375,192115.5625,2,0.0,0.0
2023-05-03 00:00:00-04:00,189010.390625,206426.359375,186310.25,194950.71875,2,0.0,0.0
2023-05-04 00:00:00-04:00,188740.375,198325.90625,162143.921875,169434.3125,3,0.0,0.0
2023-05-05 00:00:00-04:00,167679.21875,172134.46875,136627.515625,148373.15625,6,0.0,0.0
2023-05-08 00:00:00-04:00,193735.65625,207911.4375,168759.28125,197380.859375,18,0.0,0.0
2023-05-09 00:00:00-04:00,198460.921875,233967.875,184960.171875,214661.8125,9,0.0,0.0
2023-05-10 00:00:00-04:00,253948.96875,265019.5625,222897.265625,232617.796875,10,0.0,0.0
2023-05-11 00:00:00-04:00,229917.640625,256514.109375,220062.109375,251518.828125,5,0.0,0.0
2023-05-12 00:00:00-04:00,259889.296875,269609.84375,232212.765625,262319.4375,4,0.0,0.0
2023-05-15 00:00:00-04:00,266234.65625,318617.53125,251113.8125,291616.03125,10,0.0,0.0
2023-05-16 00:00:00-04:00,234912.921875,255164.03125,222762.25,245983.53125,4,0.0,0.0
2023-05-17 00:00:00-04:00,270014.84375,282165.53125,252598.890625,271364.9375,4,0.0,0.0
2023-05-18 00:00:00-04:00,267314.6875,269879.84375,236263.0,248413.65625,2,0.0,0.0
2023-05-19 00:00:00-04:00,255164.03125,255164.03125,227892.53125,229512.625,2,0.0,0.0
2023-05-22 00:00:00-04:00,226812.46875,229242.609375,202511.140625,209261.515625,2,0.0,0.0
2023-05-23 00:00:00-04:00,208721.484375,222627.25,195882.28125,209261.515625,2,0.0,0.0
2023-05-24 00:00:00-04:00,202511.140625,214526.796875,195895.78125,211286.625,2,0.0,0.0
2023-05-25 00:00:00-04:00,211286.625,221412.171875,202511.140625,216011.875,2,0.0,0.0
2023-05-26 00:00:00-04:00,207236.390625,214661.8125,203861.21875,205886.328125,1,0.0,0.0
2023-05-30 00:00:00-04:00,205886.328125,214931.828125,197110.84375,209261.515625,1,0.0,0.0
2023-05-31 00:00:00-04:00,205886.328125,206966.390625,193060.625,198325.90625,1,0.0,0.0
2023-06-01 00:00:00-04:00,192385.578125,209126.5,189010.390625,200756.046875,1,0.0,0.0
2023-06-02 00:00:00-04:00,198460.921875,202241.125,189280.40625,199540.96875,1,0.0,0.0
2023-06-05 00:00:00-04:00,198460.921875,202241.125,189010.390625,201431.078125,0,0.0,0.0
2023-06-06 00:00:00-04:00,254489.0,263264.46875,190495.484375,201296.078125,22,0.0,0.0
2023-06-07 00:00:00-04:00,202511.140625,212636.6875,187660.328125,203861.21875,4,0.0,0.0
2023-06-08 00:00:00-04:00,193735.65625,200189.015625,178209.796875,190360.46875,3,0.0,0.0
2023-06-09 00:00:00-04:00,187930.34375,211961.65625,182260.03125,202241.125,4,0.0,0.0
2023-06-12 00:00:00-04:00,204401.234375,221277.171875,202511.140625,214391.796875,2,0.0,0.0
2023-06-13 00:00:00-04:00,256514.109375,256514.109375,220062.109375,227487.515625,16,0.0,0.0
2023-06-14 00:00:00-04:00,227487.515625,244363.4375,217361.953125,236263.0,4,0.0,0.0
2023-06-15 00:00:00-04:00,241528.28125,241528.28125,191035.5,202511.140625,8,0.0,0.0
2023-06-16 00:00:00-04:00,202511.140625,210611.578125,195760.765625,198190.90625,2,0.0,0.0
2023-06-20 00:00:00-04:00,195625.765625,203861.21875,186310.25,197110.84375,2,0.0,0.0
2023-06-21 00:00:00-04:00,197110.84375,198325.90625,189280.40625,196300.796875,1,0.0,0.0
2023-06-22 00:00:00-04:00,195220.734375,201026.0625,189010.390625,192385.578125,1,0.0,0.0
2023-06-23 00:00:00-04:00,192385.578125,196840.828125,186310.25,191710.546875,0,0.0,0.0
2023-06-26 00:00:00-04:00,186310.25,189010.390625,183610.09375,188200.34375,0,0.0,0.0
2023-06-27 00:00:00-04:00,182800.046875,194410.6875,182800.046875,189010.390625,0,0.0,0.0
2023-06-28 00:00:00-04:00,183880.109375,191440.53125,182800.046875,187660.328125,1,0.0,0.0
2023-06-29 00:00:00-04:00,189955.453125,191440.53125,183880.109375,188875.390625,0,0.0,0.0
2023-06-30 00:00:00-04:00,184960.171875,189010.390625,175509.65625,176994.734375,2,0.0,0.0
2023-07-03 00:00:00-04:00,168759.28125,169029.296875,157148.640625,165789.125,1,0.0,0.0
2023-07-05 00:00:00-04:00,173484.546875,173484.546875,153368.4375,166059.140625,1,0.0,0.0
2023-07-06 00:00:00-04:00,167814.234375,170784.390625,154313.484375,156608.609375,1,0.0,0.0
2023-07-07 00:00:00-04:00,152558.390625,159713.78125,151883.359375,159308.765625,1,0.0,0.0
2023-07-10 00:00:00-04:00,160658.84375,160658.84375,135007.421875,137707.578125,5,0.0,0.0
2023-07-11 00:00:00-04:00,158903.734375,167679.21875,137707.578125,146888.078125,40,0.0,0.0
2023-07-12 00:00:00-04:00,130687.1875,130957.203125,117726.4765625,124611.8515625,13,0.0,0.0
2023-07-13 00:00:00-04:00,126906.9765625,129337.1171875,116106.3828125,118131.5,9,0.0,0.0
2023-07-14 00:00:00-04:00,119481.5703125,120156.609375,97205.34375,108005.9375,6,0.0,0.0
2023-07-17 00:00:00-04:00,108005.9375,118266.5078125,105440.796875,118266.5078125,4,0.0,0.0
2023-07-18 00:00:00-04:00,115971.375,118941.5390625,113541.2421875,118806.53125,2,0.0,0.0
2023-07-19 00:00:00-04:00,118806.53125,118806.53125,110031.0546875,113271.2265625,2,0.0,0.0
2023-07-20 00:00:00-04:00,113406.234375,117996.4921875,112056.1640625,117456.4609375,1,0.0,0.0
2023-07-21 00:00:00-04:00,116106.3828125,128257.0546875,110976.1015625,113406.234375,1,0.0,0.0
2023-07-24 00:00:00-04:00,113406.234375,113406.234375,104360.7421875,107600.921875,2,0.0,0.0
2023-07-25 00:00:00-04:00,100445.5234375,105170.78125,94505.1953125,96800.3203125,4,0.0,0.0
2023-07-26 00:00:00-04:00,97070.3359375,98420.4140625,90454.9765625,94505.1953125,2,0.0,0.0
2023-07-27 00:00:00-04:00,94505.1953125,96395.3046875,87754.828125,93020.1171875,3,0.0,0.0
2023-07-28 00:00:00-04:00,93830.1640625,99230.4609375,93155.125,94505.1953125,2,0.0,0.0
2023-07-31 00:00:00-04:00,98555.421875,98555.421875,92750.1015625,94505.1953125,1,0.0,0.0
2023-08-01 00:00:00-04:00,97205.34375,97205.34375,89104.8984375,93155.125,2,0.0,0.0
2023-08-02 00:00:00-04:00,126771.96875,127987.0390625,78034.2890625,81544.484375,112,0.0,0.0
2023-08-03 00:00:00-04:00,78304.3046875,80329.421875,75064.125,77089.2421875,15,0.0,0.0
2023-08-04 00:00:00-04:00,81004.453125,81004.453125,71958.9609375,74929.125,9,0.0,0.0
2023-08-07 00:00:00-04:00,72769.0,73039.015625,69663.828125,70473.875,5,0.0,0.0
2023-08-08 00:00:00-04:00,70203.859375,77899.28125,70203.859375,73309.03125,6,0.0,0.0
2023-08-09 00:00:00-04:00,71553.9375,75334.140625,71553.9375,75334.140625,3,0.0,0.0
2023-08-10 00:00:00-04:00,71553.9375,77899.28125,70878.8984375,75064.125,5,0.0,0.0
2023-08-11 00:00:00-04:00,74254.0859375,83434.5859375,71148.9140625,78169.296875,13,0.0,0.0
2023-08-14 00:00:00-04:00,78304.3046875,82354.53125,56028.08203125,58863.23828125,24,0.0,0.0
2023-08-15 00:00:00-04:00,49950.05078125,55480.5546875,40950.0390625,48960.05078125,49,0.0,0.016666666666666666
2023-08-16 00:00:00-04:00,48150.046875,48150.046875,37575.0390625,40725.0390625,24,0.0,0.0
2023-08-17 00:00:00-04:00,40275.0390625,40500.0390625,35550.03515625,37237.5390625,31,0.0,0.0
2023-08-18 00:00:00-04:00,48150.046875,53100.0546875,35775.03515625,41400.04296875,1167,0.0,0.0
2023-08-21 00:00:00-04:00,39825.0390625,40050.0390625,36225.03515625,38025.0390625,37,0.0,0.0
2023-08-22 00:00:00-04:00,36675.03515625,41625.04296875,35606.28515625,38475.0390625,67,0.0,0.0
2023-08-23 00:00:00-04:00,36675.03515625,37125.0390625,30375.03125,31050.03125,39,0.0,0.0
2023-08-24 00:00:00-04:00,33300.03515625,33750.03515625,27450.02734375,28125.02734375,38,0.0,0.0
2023-08-25 00:00:00-04:00,42975.04296875,49275.05078125,29250.029296875,29925.029296875,1325,0.0,0.0
2023-08-28 00:00:00-04:00,29025.029296875,29025.029296875,25987.525390625,27225.02734375,58,0.0,0.0
2023-08-29 00:00:00-04:00,27675.02734375,28800.029296875,25200.025390625,27225.02734375,158,0.0,0.0
2023-08-30 00:00:00-04:00,29250.029296875,29250.029296875,26100.025390625,26775.02734375,94,0.0,0.0
2023-08-31 00:00:00-04:00,27450.02734375,30375.03125,26325.025390625,27675.02734375,101,0.0,0.0
2023-09-01 00:00:00-04:00,27000.02734375,30150.029296875,26325.025390625,26775.02734375,119,0.0,0.0
2023-09-05 00:00:00-04:00,30600.03125,31725.03125,27000.02734375,27225.02734375,585,0.0,0.0
2023-09-06 00:00:00-04:00,25875.025390625,26550.02734375,24300.0234375,24750.025390625,112,0.0,0.0
2023-09-07 00:00:00-04:00,24300.0234375,24975.025390625,19577.26953125,20250.01953125,107,0.0,0.0
2023-09-08 00:00:00-04:00,20027.26953125,20027.26953125,17642.267578125,17777.267578125,64,0.0,0.0
2023-09-11 00:00:00-04:00,18636.76953125,18697.51953125,16470.015625,18272.267578125,204,0.0,0.0
2023-09-12 00:00:00-04:00,17671.517578125,20250.01953125,17124.767578125,18450.017578125,59,0.0,0.0
2023-09-13 00:00:00-04:00,18276.767578125,18900.01953125,16967.267578125,17903.267578125,59,0.0,0.0
2023-09-14 00:00:00-04:00,17595.017578125,18180.017578125,16875.017578125,17293.517578125,36,0.0,0.0
2023-09-15 00:00:00-04:00,17336.267578125,19656.01953125,17223.767578125,18675.01953125,88,0.0,0.0
2023-09-18 00:00:00-04:00,19950.76953125,20475.01953125,18337.517578125,18771.76953125,135,0.0,0.0
2023-09-19 00:00:00-04:00,17500.517578125,17504.341796875,16560.015625,16920.017578125,51,0.0,0.0
2023-09-20 00:00:00-04:00,16830.017578125,16924.517578125,15975.015625,16177.5166015625,38,0.0,0.0
2023-09-21 00:00:00-04:00,15347.265625,15403.515625,13736.263671875,14152.513671875,56,0.0,0.0
2023-09-22 00:00:00-04:00,13725.013671875,14127.763671875,12836.2626953125,13205.263671875,29,0.0,0.0
2023-09-25 00:00:00-04:00,13092.7626953125,13725.013671875,12600.0126953125,13290.763671875,22,0.0,0.0
2023-09-26 00:00:00-04:00,13392.013671875,17437.517578125,13142.2626953125,16764.767578125,133,0.0,0.0
2023-09-27 00:00:00-04:00,15468.765625,15705.015625,12780.0126953125,13297.513671875,51,0.0,0.0
2023-09-28 00:00:00-04:00,11706.76171875,12372.7626953125,10575.0107421875,10842.7607421875,66,0.0,0.0
2023-09-29 00:00:00-04:00,10912.5107421875,11358.01171875,9900.009765625,10012.509765625,32,0.0,0.0
2023-10-02 00:00:00-04:00,10505.2607421875,11700.01171875,9495.009765625,10327.5107421875,330,0.0,0.0
2023-10-03 00:00:00-04:00,9675.009765625,10120.509765625,9249.7587890625,9607.509765625,67,0.0,0.0
2023-10-04 00:00:00-04:00,9627.759765625,9627.759765625,8365.5087890625,9558.009765625,67,0.0,0.0
2023-10-05 00:00:00-04:00,9526.509765625,10041.759765625,9216.0087890625,9672.759765625,75,0.0,0.0
2023-10-06 00:00:00-04:00,9054.0087890625,9508.2841796875,8390.2587890625,9000.0087890625,36,0.0,0.0
2023-10-09 00:00:00-04:00,8590.5087890625,9877.509765625,8325.0087890625,8439.7587890625,23,0.0,0.0
2023-10-10 00:00:00-04:00,8802.0087890625,9517.509765625,8336.2587890625,9000.0087890625,116,0.0,0.0
2023-10-11 00:00:00-04:00,9243.0087890625,9450.009765625,8797.5087890625,9022.5087890625,130,0.0,0.0
2023-10-12 00:00:00-04:00,8563.5087890625,8752.5087890625,8122.50830078125,8682.7587890625,65,0.0,0.0
2023-10-13 00:00:00-04:00,8437.5087890625,8550.0087890625,7062.7568359375,7872.7578125,77,0.0,0.0
2023-10-16 00:00:00-04:00,7537.50732421875,8437.5087890625,7202.25732421875,7582.5078125,41,0.0,0.0
2023-10-17 00:00:00-04:00,7492.50732421875,8100.00830078125,7440.75732421875,7872.7578125,28,0.0,0.0
2023-10-18 00:00:00-04:00,7861.5078125,7861.5078125,7310.25732421875,7515.00732421875,43,0.0,0.0
2023-10-19 00:00:00-04:00,7823.2578125,7863.7578125,5962.505859375,6178.50634765625,194,0.0,0.0
2023-10-20 00:00:00-04:00,6124.50634765625,6255.00634765625,5467.50537109375,6041.255859375,77,0.0,0.0
2023-10-23 00:00:00-04:00,5969.255859375,6030.005859375,5591.25537109375,5670.005859375,22,0.0,0.0
2023-10-24 00:00:00-04:00,5827.505859375,6975.0068359375,5467.50537109375,5625.005859375,101,0.0,0.0
2023-10-25 00:00:00-04:00,6531.75634765625,6950.03173828125,5467.50537109375,5805.005859375,205,0.0,0.0
2023-10-26 00:00:00-04:00,5492.25537109375,5625.005859375,5242.50537109375,5568.75537109375,51,0.0,0.0
2023-10-27 00:00:00-04:00,5510.25537109375,5602.50537109375,5341.50537109375,5602.50537109375,19,0.0,0.0
2023-10-30 00:00:00-04:00,5737.505859375,5737.505859375,5377.50537109375,5490.00537109375,35,0.0,0.0
2023-10-31 00:00:00-04:00,5535.00537109375,5737.505859375,5445.00537109375,5625.005859375,30,0.0,0.0
2023-11-01 00:00:00-04:00,5674.505859375,5674.505859375,5514.75537109375,5602.50537109375,11,0.0,0.0
2023-11-02 00:00:00-04:00,5703.755859375,6052.505859375,5557.50537109375,6025.505859375,36,0.0,0.0
2023-11-03 00:00:00-04:00,6072.755859375,6228.00634765625,5778.005859375,5960.255859375,37,0.0,0.0
2023-11-06 00:00:00-05:00,6030.005859375,6480.00634765625,5625.005859375,5647.505859375,41,0.0,0.0
2023-11-07 00:00:00-05:00,5625.005859375,5802.755859375,5310.00537109375,5343.75537109375,22,0.0,0.0
2023-11-08 00:00:00-05:00,5467.50537109375,5467.50537109375,5289.75537109375,5411.25537109375,13,0.0,0.0
2023-11-09 00:00:00-05:00,5424.75537109375,5487.75537109375,4950.0048828125,5091.7548828125,22,0.0,0.0
2023-11-10 00:00:00-05:00,5298.75537109375,5298.75537109375,4545.00439453125,4972.5048828125,37,0.0,0.0
2023-11-13 00:00:00-05:00,5175.00537109375,5467.2802734375,4702.5048828125,4882.5048828125,50,0.0,0.0
2023-11-14 00:00:00-05:00,5116.5048828125,5116.5048828125,4304.25439453125,4520.25439453125,77,0.0,0.0
2023-11-15 00:00:00-05:00,4455.00439453125,4497.75439453125,4243.50439453125,4329.00439453125,38,0.0,0.0
2023-11-16 00:00:00-05:00,4320.00439453125,4320.00439453125,3849.75390625,4250.25439453125,33,0.0,0.0
2023-11-17 00:00:00-05:00,4455.00439453125,4612.50439453125,4185.00439453125,4412.25439453125,40,0.0,0.0
2023-11-20 00:00:00-05:00,4275.00439453125,5283.00537109375,4275.00439453125,4844.2548828125,652,0.0,0.0
2023-11-21 00:00:00-05:00,4567.50439453125,4720.5048828125,3624.753662109375,3982.50390625,359,0.0,0.0
2023-11-22 00:00:00-05:00,3892.50390625,4016.25390625,3420.00341796875,3825.00390625,124,0.0,0.0
2023-11-24 00:00:00-05:00,3645.003662109375,4072.504150390625,3613.503662109375,3996.00390625,51,0.0,0.0
2023-11-27 00:00:00-05:00,4387.50439453125,4432.50439453125,3847.50390625,4029.754150390625,1229,0.0,0.0
2023-11-28 00:00:00-05:00,3935.25390625,4248.00439453125,3836.25390625,4027.50390625,406,0.0,0.0
2023-11-29 00:00:00-05:00,3973.50390625,4725.0048828125,3876.75390625,3937.50390625,816,0.0,0.0
2023-11-30 00:00:00-05:00,4097.25390625,4160.25439453125,3622.503662109375,3818.25390625,309,0.0,0.0
2023-12-01 00:00:00-05:00,3912.75390625,3912.75390625,3649.503662109375,3838.50390625,202,0.0,0.0
2023-12-04 00:00:00-05:00,4027.50390625,4275.00439453125,3939.75390625,4245.75439453125,279,0.0,0.0
2023-12-05 00:00:00-05:00,4097.25390625,4245.75439453125,3870.00390625,3960.00390625,164,0.0,0.0
2023-12-06 00:00:00-05:00,3933.00390625,3933.00390625,3658.503662109375,3735.003662109375,145,0.0,0.0
2023-12-07 00:00:00-05:00,3667.503662109375,3712.503662109375,3503.25341796875,3667.503662109375,104,0.0,0.0
2023-12-08 00:00:00-05:00,3683.253662109375,3708.003662109375,3107.253173828125,3244.503173828125,212,0.0,0.0
2023-12-11 00:00:00-05:00,3154.503173828125,3235.503173828125,2612.252685546875,2722.502685546875,208,0.0,0.0
2023-12-12 00:00:00-05:00,2713.502685546875,3035.2529296875,2616.752685546875,2871.0029296875,97,0.0,0.0
2023-12-13 00:00:00-05:00,3559.503662109375,3645.003662109375,2835.0029296875,3195.003173828125,496,0.0,0.0
2023-12-14 00:00:00-05:00,2927.2529296875,3330.00341796875,2927.2529296875,3249.003173828125,149,0.0,0.0
2023-12-15 00:00:00-05:00,3307.50341796875,3307.50341796875,2925.0029296875,3057.753173828125,69,0.0,0.0
2023-12-18 00:00:00-05:00,2938.5029296875,3102.753173828125,2925.0029296875,3069.003173828125,63,0.0,0.0
2023-12-19 00:00:00-05:00,3060.003173828125,3294.003173828125,2981.2529296875,3262.503173828125,59,0.0,0.0
2023-12-20 00:00:00-05:00,3285.003173828125,3667.503662109375,3062.253173828125,3411.00341796875,162,0.0,0.0
2023-12-21 00:00:00-05:00,3352.50341796875,3510.00341796875,3213.003173828125,3375.00341796875,56,0.0,0.0
2023-12-22 00:00:00-05:00,3375.00341796875,3397.50341796875,3150.003173828125,3217.503173828125,54,0.0,0.0
2023-12-26 00:00:00-05:00,3195.003173828125,3442.50341796875,3145.503173828125,3226.503173828125,56,0.0,0.0
2023-12-27 00:00:00-05:00,3287.253173828125,3558.378662109375,3233.253173828125,3372.75341796875,87,0.0,0.0
2023-12-28 00:00:00-05:00,3377.25341796875,3485.25341796875,3330.00341796875,3417.75341796875,44,0.0,0.0
2023-12-29 00:00:00-05:00,3408.75341796875,3475.12841796875,3197.253173828125,3318.75341796875,68,0.0,0.0
2024-01-02 00:00:00-05:00,3325.50341796875,3444.75341796875,3262.503173828125,3433.50341796875,30,0.0,0.0
2024-01-03 00:00:00-05:00,3341.25341796875,3397.50341796875,3264.753173828125,3330.00341796875,24,0.0,0.0
2024-01-04 00:00:00-05:00,3534.75341796875,3566.253662109375,2862.0029296875,3150.003173828125,230,0.0,0.0
2024-01-05 00:00:00-05:00,3048.7529296875,3242.253173828125,3030.7529296875,3057.753173828125,60,0.0,0.0
2024-01-08 00:00:00-05:00,3168.003173828125,3168.003173828125,2965.5029296875,3087.003173828125,78,0.0,0.0
2024-01-09 00:00:00-05:00,3060.003173828125,3071.253173828125,2965.5029296875,3051.0029296875,37,0.0,0.0
2024-01-10 00:00:00-05:00,3037.5029296875,3129.753173828125,2985.7529296875,3082.503173828125,39,0.0,0.0
2024-01-11 00:00:00-05:00,3082.503173828125,3082.503173828125,2868.7529296875,2891.2529296875,91,0.0,0.0
2024-01-12 00:00:00-05:00,2877.7529296875,3006.0029296875,2857.5029296875,2947.5029296875,99,0.0,0.0
2024-01-16 00:00:00-05:00,2925.0029296875,2934.0029296875,2814.7529296875,2893.5029296875,28,0.0,0.0
2024-01-17 00:00:00-05:00,2877.7529296875,2877.7529296875,2619.002685546875,2731.502685546875,98,0.0,0.0
2024-01-18 00:00:00-05:00,2700.002685546875,2776.502685546875,2587.502685546875,2700.002685546875,48,0.0,0.0
2024-01-19 00:00:00-05:00,2684.252685546875,2756.252685546875,2625.752685546875,2700.002685546875,39,0.0,0.0
2024-01-22 00:00:00-05:00,2745.002685546875,2745.002685546875,2299.502197265625,2443.50244140625,108,0.0,0.0
2024-01-23 00:00:00-05:00,2432.25244140625,2540.25244140625,2344.50244140625,2475.00244140625,49,0.0,0.0
2024-01-24 00:00:00-05:00,2398.50244140625,2490.75244140625,2387.25244140625,2391.75244140625,37,0.0,0.0
2024-01-25 00:00:00-05:00,2385.00244140625,2700.002685546875,2385.00244140625,2556.00244140625,214,0.0,0.0
2024-01-26 00:00:00-05:00,2715.752685546875,3352.50341796875,2691.002685546875,3260.253173828125,822,0.0,0.0
2024-01-29 00:00:00-05:00,3260.253173828125,3260.253173828125,2812.5029296875,3188.253173828125,229,0.0,0.0
2024-01-30 00:00:00-05:00,3105.003173828125,3127.503173828125,2731.502685546875,2857.5029296875,254,0.0,0.0
2024-01-31 00:00:00-05:00,2846.2529296875,3060.003173828125,2745.002685546875,2947.5029296875,105,0.0,0.0
2024-02-01 00:00:00-05:00,3017.2529296875,3030.7529296875,2826.0029296875,2992.5029296875,65,0.0,0.0
2024-02-02 00:00:00-05:00,3105.003173828125,3105.003173828125,2556.00244140625,2767.502685546875,114,0.0,0.0
2024-02-05 00:00:00-05:00,2700.002685546875,2765.252685546875,2589.752685546875,2675.252685546875,83,0.0,0.0
2024-02-06 00:00:00-05:00,2448.00244140625,2587.502685546875,2362.50244140625,2533.50244140625,66,0.0,0.0
2024-02-07 00:00:00-05:00,2475.00244140625,2605.502685546875,2432.25244140625,2547.00244140625,33,0.0,0.0
2024-02-08 00:00:00-05:00,2610.002685546875,2650.502685546875,2520.00244140625,2648.252685546875,22,0.0,0.0
2024-02-09 00:00:00-05:00,2646.002685546875,3037.5029296875,2621.252685546875,2853.0029296875,103,0.0,0.0
2024-02-12 00:00:00-05:00,2880.0029296875,2880.0029296875,2520.00244140625,2610.002685546875,123,0.0,0.0
2024-02-13 00:00:00-05:00,2700.002685546875,2700.002685546875,2207.252197265625,2272.502197265625,144,0.0,0.0
2024-02-14 00:00:00-05:00,2297.252197265625,2452.50244140625,2295.002197265625,2362.50244140625,46,0.0,0.0
2024-02-15 00:00:00-05:00,2313.002197265625,2430.00244140625,2252.252197265625,2353.50244140625,57,0.0,0.0
2024-02-16 00:00:00-05:00,2475.00244140625,2475.00244140625,2193.752197265625,2263.502197265625,96,0.0,0.0
2024-02-20 00:00:00-05:00,2364.75244140625,2364.75244140625,2193.752197265625,2292.752197265625,53,0.0,0.0
2024-02-21 00:00:00-05:00,2335.50244140625,2353.50244140625,2216.252197265625,2250.002197265625,284,0.0,0.0
2024-02-22 00:00:00-05:00,2207.252197265625,2333.25244140625,2207.252197265625,2295.002197265625,57,0.0,0.0
2024-02-23 00:00:00-05:00,2290.502197265625,2290.502197265625,2178.002197265625,2261.252197265625,48,0.0,0.0
2024-02-26 00:00:00-05:00,2247.752197265625,2283.752197265625,2196.002197265625,2272.502197265625,34,0.0,0.0
2024-02-27 00:00:00-05:00,2250.002197265625,2317.502197265625,2070.001953125,2250.002197265625,122,0.0,0.0
2024-02-28 00:00:00-05:00,2182.502197265625,2295.002197265625,2182.502197265625,2247.752197265625,43,0.0,0.0
2024-02-29 00:00:00-05:00,2295.002197265625,2295.002197265625,2160.002197265625,2225.252197265625,52,0.0,0.0
2024-03-01 00:00:00-05:00,2184.752197265625,2270.252197265625,2065.501953125,2115.002197265625,93,0.0,0.0
2024-03-04 00:00:00-05:00,2223.002197265625,2223.002197265625,1998.001953125,2047.5020751953125,113,0.0,0.0
2024-03-05 00:00:00-05:00,2029.5020751953125,2137.502197265625,1926.001953125,2002.501953125,204,0.0,0.0
2024-03-06 00:00:00-05:00,2081.252197265625,2090.252197265625,1795.5018310546875,1923.751953125,262,0.0,0.0
2024-03-07 00:00:00-05:00,1980.001953125,1980.001953125,1800.0018310546875,1912.501953125,84,0.0,0.0
2024-03-08 00:00:00-05:00,1980.001953125,1980.001953125,1822.5018310546875,1890.0018310546875,58,0.0,0.0
2024-03-11 00:00:00-04:00,1867.5018310546875,1912.501953125,1741.501708984375,1793.2518310546875,88,0.0,0.0
2024-03-12 00:00:00-04:00,1739.251708984375,1782.0018310546875,1440.00146484375,1496.25146484375,473,0.0,0.0
2024-03-13 00:00:00-04:00,1593.0015869140625,1613.2515869140625,1395.0013427734375,1482.75146484375,177,0.0,0.0
2024-03-14 00:00:00-04:00,1453.50146484375,1552.5015869140625,1433.25146484375,1487.25146484375,102,0.0,0.0
2024-03-15 00:00:00-04:00,1442.25146484375,1530.0015869140625,1386.0013427734375,1386.0013427734375,152,0.0,0.0
2024-03-18 00:00:00-04:00,1428.75146484375,1428.75146484375,1282.5013427734375,1341.0013427734375,153,0.0,0.0
2024-03-19 00:00:00-04:00,1345.5013427734375,1390.5013427734375,1293.7513427734375,1305.0013427734375,63,0.0,0.0
2024-03-20 00:00:00-04:00,1327.5013427734375,1395.0013427734375,1327.5013427734375,1383.7513427734375,97,0.0,0.0
2024-03-21 00:00:00-04:00,1242.001220703125,1404.00146484375,1242.001220703125,1345.5013427734375,76,0.0,0.0
2024-03-22 00:00:00-04:00,1347.7513427734375,1374.7513427734375,1305.0013427734375,1338.7513427734375,67,0.0,0.0
2024-03-25 00:00:00-04:00,1395.0013427734375,1395.0013427734375,1316.2513427734375,1350.0013427734375,66,0.0,0.0
2024-03-26 00:00:00-04:00,1350.0013427734375,1377.0013427734375,1309.5013427734375,1372.5013427734375,130,0.0,0.0
2024-03-27 00:00:00-04:00,1368.0013427734375,1368.0013427734375,1309.5013427734375,1316.2513427734375,120,0.0,0.0
2024-03-28 00:00:00-04:00,1298.2513427734375,1395.0013427734375,1298.2513427734375,1347.7513427734375,482,0.0,0.0
2024-04-01 00:00:00-04:00,1345.5013427734375,1406.25146484375,1260.001220703125,1293.7513427734375,513,0.0,0.0
2024-04-02 00:00:00-04:00,1293.7513427734375,1293.7513427734375,1037.2509765625,1102.5010986328125,370,0.0,0.0
2024-04-03 00:00:00-04:00,1125.0010986328125,1158.7510986328125,1102.5010986328125,1113.7510986328125,233,0.0,0.0
2024-04-04 00:00:00-04:00,1203.751220703125,1203.751220703125,1082.2510986328125,1100.2510986328125,120,0.0,0.0
2024-04-05 00:00:00-04:00,1125.0010986328125,1197.001220703125,1107.0010986328125,1197.001220703125,120,0.0,0.0
2024-04-08 00:00:00-04:00,1215.001220703125,1260.001220703125,1170.001220703125,1237.501220703125,100,0.0,0.0
2024-04-09 00:00:00-04:00,1305.0013427734375,1460.25146484375,1237.501220703125,1372.5013427734375,294,0.0,0.0
2024-04-10 00:00:00-04:00,1372.5013427734375,1372.5013427734375,1170.2261962890625,1203.751220703125,181,0.0,0.0
2024-04-11 00:00:00-04:00,1212.751220703125,1300.5013427734375,1181.251220703125,1237.501220703125,62,0.0,0.0
2024-04-12 00:00:00-04:00,1298.2513427734375,1298.2513427734375,1170.001220703125,1221.751220703125,117,0.0,0.0
2024-04-15 00:00:00-04:00,1237.501220703125,1260.001220703125,1095.7510986328125,1111.5010986328125,150,0.0,0.0
2024-04-16 00:00:00-04:00,1111.5010986328125,1111.5010986328125,1039.5010986328125,1080.0010986328125,92,0.0,0.0
2024-04-17 00:00:00-04:00,1057.5010986328125,1102.5010986328125,978.7509765625,1102.5010986328125,217,0.0,0.0
2024-04-18 00:00:00-04:00,1102.5010986328125,1305.0013427734375,1080.0010986328125,1170.001220703125,217,0.0,0.0
2024-04-19 00:00:00-04:00,1237.501220703125,1442.25146484375,1152.0010986328125,1248.751220703125,614,0.0,0.0
2024-04-22 00:00:00-04:00,1305.0013427734375,1305.0013427734375,1147.5010986328125,1158.7510986328125,163,0.0,0.0
2024-04-23 00:00:00-04:00,1206.001220703125,1206.001220703125,1080.0010986328125,1102.5010986328125,148,0.0,0.0
2024-04-24 00:00:00-04:00,1102.5010986328125,1113.7510986328125,1053.0010986328125,1077.7510986328125,96,0.0,0.0
2024-04-25 00:00:00-04:00,1170.001220703125,1170.001220703125,1035.0009765625,1125.0010986328125,147,0.0,0.0
2024-04-26 00:00:00-04:00,1125.0010986328125,1242.001220703125,1102.5010986328125,1145.2510986328125,212,0.0,0.0
2024-04-29 00:00:00-04:00,1327.5013427734375,1327.5013427734375,1098.0010986328125,1136.2510986328125,533,0.0,0.0
2024-04-30 00:00:00-04:00,1136.2510986328125,1163.251220703125,1104.7510986328125,1122.7510986328125,256,0.0,0.0
2024-05-01 00:00:00-04:00,1215.001220703125,1280.251220703125,1080.0010986328125,1098.0010986328125,469,0.0,0.0
2024-05-02 00:00:00-04:00,1125.0010986328125,1190.251220703125,996.7509765625,1057.5010986328125,856,0.0,0.0
2024-05-03 00:00:00-04:00,1057.5010986328125,1170.001220703125,1001.2509765625,1059.7510986328125,748,0.0,0.0
2024-05-06 00:00:00-04:00,1035.0009765625,1046.2510986328125,992.2509765625,1003.5009765625,323,0.0,0.0
2024-05-07 00:00:00-04:00,992.2509765625,1098.0010986328125,956.2509765625,1053.0010986328125,778,0.0,0.0
2024-05-08 00:00:00-04:00,1057.5010986328125,1057.5010986328125,958.5009765625,963.0009765625,550,0.0,0.0
2024-05-09 00:00:00-04:00,967.5009765625,1068.7510986328125,931.5009155273438,1057.5010986328125,507,0.0,0.0
2024-05-10 00:00:00-04:00,1046.2510986328125,1046.2510986328125,933.7509155273438,965.2509765625,695,0.0,0.0
2024-05-13 00:00:00-04:00,956.2509765625,1082.2510986328125,940.5009155273438,1030.5009765625,584,0.0,0.0
2024-05-14 00:00:00-04:00,1050.7510986328125,2362.50244140625,990.0009765625,1071.0010986328125,17333,0.0,0.0
2024-05-15 00:00:00-04:00,1296.0013427734375,1305.0013427734375,992.2509765625,1039.5010986328125,23271,0.0,0.0
2024-05-16 00:00:00-04:00,1631.2515869140625,11925.01171875,1462.50146484375,5400.00537109375,0,0.0,0.0
2024-05-17 00:00:00-04:00,9472.509765625,13500.013671875,3172.503173828125,3847.50390625,29397,0.0,0.0
2024-05-20 00:00:00-04:00,6300.00634765625,6300.00634765625,3397.50341796875,4477.50439453125,33413,0.0,0.0
2024-05-21 00:00:00-04:00,3899.25390625,4160.25439453125,2587.502685546875,2828.2529296875,14387,0.0,0.0
2024-05-22 00:00:00-04:00,2497.50244140625,4086.004150390625,2205.002197265625,2916.0029296875,23605,0.0,0.0
2024-05-23 00:00:00-04:00,3174.753173828125,3262.503173828125,2430.00244140625,2544.75244140625,7032,0.0,0.0
2024-05-24 00:00:00-04:00,2481.75244140625,2558.25244140625,2155.502197265625,2272.502197265625,4691,0.0,0.0
2024-05-28 00:00:00-04:00,2695.502685546875,3082.503173828125,2362.50244140625,2430.00244140625,10849,0.0,0.0
2024-05-29 00:00:00-04:00,2263.502197265625,2283.752197265625,1838.2518310546875,1980.001953125,5603,0.0,0.0
2024-05-30 00:00:00-04:00,2061.001953125,2616.752685546875,1946.251953125,2553.75244140625,12336,0.0,0.0
2024-05-31 00:00:00-04:00,2648.252685546875,2679.752685546875,2193.752197265625,2250.002197265625,6894,0.0,0.0
2024-06-03 00:00:00-04:00,2947.5029296875,3100.503173828125,2385.00244140625,2652.752685546875,13265,0.0,0.0
2024-06-04 00:00:00-04:00,2468.25244140625,2475.00244140625,2252.252197265625,2351.25244140625,4098,0.0,0.0
2024-06-05 00:00:00-04:00,1955.251953125,2292.752197265625,1878.7518310546875,2259.002197265625,5565,0.0,0.0
2024-06-06 00:00:00-04:00,1968.751953125,2108.252197265625,1923.751953125,1966.501953125,3588,0.0,0.0
2024-06-07 00:00:00-04:00,2081.252197265625,2310.752197265625,1955.251953125,2029.5020751953125,5315,0.0,0.0
2024-06-10 00:00:00-04:00,2063.251953125,2094.752197265625,1761.751708984375,1836.0018310546875,2774,0.0,0.0
2024-06-11 00:00:00-04:00,1811.2518310546875,1932.751953125,1764.001708984375,1899.001953125,5209,0.0,0.0
2024-06-12 00:00:00-04:00,2011.501953125,2049.751953125,1847.2518310546875,1919.251953125,4712,0.0,0.0
2024-06-13 00:00:00-04:00,1800.0018310546875,1856.2518310546875,1599.7515869140625,1665.001708984375,3323,0.0,0.0
2024-06-14 00:00:00-04:00,1680.751708984375,1766.251708984375,1233.001220703125,1314.0013427734375,6078,0.0,0.0
2024-06-17 00:00:00-04:00,1575.0015869140625,1635.7515869140625,1422.00146484375,1487.25146484375,5057,0.0,0.0
2024-06-18 00:00:00-04:00,1406.25146484375,1431.00146484375,1181.251220703125,1287.0013427734375,4106,0.0,0.0
2024-06-20 00:00:00-04:00,1320.7513427734375,1327.5013427734375,1053.0010986328125,1125.0010986328125,5196,0.0,0.0
2024-06-21 00:00:00-04:00,918.0009155273438,960.7509765625,855.0008544921875,924.7509155273438,7700,0.0,0.0
2024-06-24 00:00:00-04:00,927.0009155273438,938.2509155273438,810.0007934570312,861.7508544921875,6173,0.0,0.0
2024-06-25 00:00:00-04:00,693.0,736.5,562.5,597.0,7445,0.0,0.006666666666666667
2024-06-26 00:00:00-04:00,609.0,611.4149780273438,505.5,558.0,6926,0.0,0.0
2024-06-27 00:00:00-04:00,562.5,823.260009765625,525.0,754.5,19165,0.0,0.0
2024-06-28 00:00:00-04:00,727.5,861.0,639.0299682617188,669.0,11245,0.0,0.0
2024-07-01 00:00:00-04:00,667.5,727.5,579.0150146484375,723.0,3981,0.0,0.0
2024-07-02 00:00:00-04:00,672.0,678.75,600.0,603.0,2548,0.0,0.0
2024-07-03 00:00:00-04:00,606.0,635.9849853515625,588.0,618.0,2249,0.0,0.0
2024-07-05 00:00:00-04:00,607.5,617.9849853515625,558.0,561.0,2920,0.0,0.0
2024-07-08 00:00:00-04:00,676.5,682.5,562.5,570.0,22846,0.0,0.0
2024-07-09 00:00:00-04:00,571.5,615.0,540.0,555.0,5253,0.0,0.0
2024-07-10 00:00:00-04:00,562.5,578.4600219726562,547.5,561.0,2376,0.0,0.0
2024-07-11 00:00:00-04:00,562.5,604.2000122070312,562.5,573.0,3784,0.0,0.0
2024-07-12 00:00:00-04:00,571.5,589.5,547.5,583.5,3092,0.0,0.0
2024-07-15 00:00:00-04:00,585.0,592.5,555.0,574.5,7564,0.0,0.0
2024-07-16 00:00:00-04:00,579.0,630.0,558.0,628.5,4043,0.0,0.0
2024-07-17 00:00:00-04:00,598.5,608.9550170898438,556.5,556.5,3068,0.0,0.0
2024-07-18 00:00:00-04:00,558.0,598.5,558.0,595.5,2639,0.0,0.0
2024-07-19 00:00:00-04:00,574.5,584.969970703125,525.0,529.5,3347,0.0,0.0
2024-07-22 00:00:00-04:00,549.0,568.5,540.0,555.0,1776,0.0,0.0
2024-07-23 00:00:00-04:00,541.5,578.9849853515625,537.0,537.0,1956,0.0,0.0
2024-07-24 00:00:00-04:00,532.5,562.5,504.0,505.5,1962,0.0,0.0
2024-07-25 00:00:00-04:00,513.0,513.0,462.0,477.0,2039,0.0,0.0
2024-07-26 00:00:00-04:00,475.5,489.0,448.5,448.5,1631,0.0,0.0
2024-07-29 00:00:00-04:00,465.0,508.5,458.3399963378906,463.5,2867,0.0,0.0
2024-07-30 00:00:00-04:00,460.5,472.3800048828125,405.0,409.5,2265,0.0,0.0
2024-07-31 00:00:00-04:00,412.5,420.04498291015625,397.5,398.25,1246,0.0,0.0
2024-08-01 00:00:00-04:00,396.0,397.5,348.0,348.0,2390,0.0,0.0
2024-08-02 00:00:00-04:00,336.0,346.04998779296875,322.5,323.25,1847,0.0,0.0
2024-08-05 00:00:00-04:00,297.0,322.5,285.0,309.0,1450,0.0,0.0
2024-08-06 00:00:00-04:00,316.5,336.0,316.5,336.0,1346,0.0,0.0
2024-08-07 00:00:00-04:00,331.5,343.5,286.5,286.5,1223,0.0,0.0
2024-08-08 00:00:00-04:00,289.5,325.5,289.5,312.0,1483,0.0,0.0
2024-08-09 00:00:00-04:00,307.5,309.0,288.0,288.0,1807,0.0,0.0
2024-08-12 00:00:00-04:00,312.0,321.0,288.0,303.0,2112,0.0,0.0
2024-08-13 00:00:00-04:00,303.0,315.0,286.5,295.5,3303,0.0,0.0
2024-08-14 00:00:00-04:00,309.0,315.0,255.0,265.5,3898,0.0,0.0
2024-08-15 00:00:00-04:00,274.5,285.0,259.5,285.0,1810,0.0,0.0
2024-08-16 00:00:00-04:00,276.0,295.5,276.0,277.5,2062,0.0,0.0
2024-08-19 00:00:00-04:00,280.5,283.5,259.5,262.5,1660,0.0,0.0
2024-08-20 00:00:00-04:00,268.5,270.67498779296875,255.0,267.0,1107,0.0,0.0
2024-08-21 00:00:00-04:00,265.5,283.5,264.05999755859375,271.5,3009,0.0,0.0
2024-08-22 00:00:00-04:00,268.5,442.5,261.0,328.5,118135,0.0,0.0
2024-08-23 00:00:00-04:00,340.5,352.5,271.5,303.0,41692,0.0,0.0
2024-08-26 00:00:00-04:00,300.0,325.4849853515625,283.5149841308594,304.5,8566,0.0,0.0
2024-08-27 00:00:00-04:00,307.5,307.5,279.0,283.5,4910,0.0,0.0
2024-08-28 00:00:00-04:00,285.0,285.0,255.0,255.0,3849,0.0,0.0
2024-08-29 00:00:00-04:00,259.5,259.5,226.5,227.25,5086,0.0,0.0
2024-08-30 00:00:00-04:00,228.0,234.0,210.0,211.5,4255,0.0,0.0
2024-09-03 00:00:00-04:00,210.0,219.0,196.5,219.0,2909,0.0,0.0
2024-09-04 00:00:00-04:00,216.0,266.25,214.64999389648438,256.5,18253,0.0,0.0
2024-09-05 00:00:00-04:00,258.0,265.5,228.0,241.5,4723,0.0,0.0
2024-09-06 00:00:00-04:00,238.5,243.58499145507812,213.0,225.0,2194,0.0,0.0
2024-09-09 00:00:00-04:00,226.5,226.5,216.0,223.5,6901,0.0,0.0
2024-09-10 00:00:00-04:00,199.5,201.75,159.0,183.0,9578,0.0,0.0
2024-09-11 00:00:00-04:00,183.0,193.5,175.5,193.5,2525,0.0,0.0
2024-09-12 00:00:00-04:00,196.5,196.5,183.0,186.0,1402,0.0,0.0
2024-09-13 00:00:00-04:00,190.5,201.0,187.5,200.25,1524,0.0,0.0
2024-09-16 00:00:00-04:00,201.0,208.5,186.0,204.0,1575,0.0,0.0
2024-09-17 00:00:00-04:00,199.5,207.0,189.0,192.0,2689,0.0,0.0
2024-09-18 00:00:00-04:00,192.0,193.67550659179688,181.5,189.0,1976,0.0,0.0
2024-09-19 00:00:00-04:00,210.0,213.0,174.01499938964844,186.0,54607,0.0,0.0
2024-09-20 00:00:00-04:00,177.0,187.5,177.0,178.5,5451,0.0,0.0
2024-09-23 00:00:00-04:00,183.0,208.5,177.0,178.5,11822,0.0,0.0
2024-09-24 00:00:00-04:00,181.5,187.5,175.5,177.0,3337,0.0,0.0
2024-09-25 00:00:00-04:00,180.0,181.5,166.5,180.0,2610,0.0,0.0
2024-09-26 00:00:00-04:00,174.0,190.5,174.0,187.5,3430,0.0,0.0
2024-09-27 00:00:00-04:00,189.0,190.5,178.5,184.5,1429,0.0,0.0
2024-09-30 00:00:00-04:00,192.0,192.0,181.5,184.5,1827,0.0,0.0
2024-10-01 00:00:00-04:00,187.5,187.5,177.0,181.5,1219,0.0,0.0
2024-10-02 00:00:00-04:00,177.0,181.5,172.5,172.5,1922,0.0,0.0
2024-10-03 00:00:00-04:00,169.5,180.0,169.5,177.0,1380,0.0,0.0
2024-10-04 00:00:00-04:00,178.5,180.0,175.5,178.5,961,0.0,0.0
2024-10-07 00:00:00-04:00,178.5,181.5,171.0,171.0,1422,0.0,0.0
2024-10-08 00:00:00-04:00,172.5,175.5,172.5,174.0,862,0.0,0.0
2024-10-09 00:00:00-04:00,175.5,180.0,172.5,175.5,21071,0.0,0.0
2024-10-10 00:00:00-04:00,228.0,280.5,187.5,192.0,387117,0.0,0.0
2024-10-11 00:00:00-04:00,187.5,208.5,174.75,202.5,12658,0.0,0.0
2024-10-14 00:00:00-04:00,208.5,213.0,199.36500549316406,210.0,6255,0.0,0.0
2024-10-15 00:00:00-04:00,205.5,208.48500061035156,197.30999755859375,201.0,6254,0.0,0.0
2024-10-16 00:00:00-04:00,196.5,201.0,190.1999969482422,201.0,3714,0.0,0.0
2024-10-17 00:00:00-04:00,193.5,193.5,180.0,183.0,3998,0.0,0.0
2024-10-18 00:00:00-04:00,184.5,184.5,180.0,181.5,2231,0.0,0.0
2024-10-21 00:00:00-04:00,184.5,184.5,174.0,177.0,2012,0.0,0.0
2024-10-22 00:00:00-04:00,174.0,177.0,172.5,175.5,1609,0.0,0.0
2024-10-23 00:00:00-04:00,190.5,190.5,177.0,180.0,2701,0.0,0.0
2024-10-24 00:00:00-04:00,180.0,193.5,177.0,178.5,8409,0.0,0.0
2024-10-25 00:00:00-04:00,181.5,189.0,174.01499938964844,181.5,10426,0.0,0.0
2024-10-28 00:00:00-04:00,177.0,180.0,153.0,163.5,17842,0.0,0.0
2024-10-29 00:00:00-04:00,171.0,187.5,150.0,153.0,14791,0.0,0.0
2024-10-30 00:00:00-04:00,151.5,152.9250030517578,120.56999969482422,132.9449920654297,26998,0.0,0.0
2024-10-31 00:00:00-04:00,135.0,144.0,129.34500122070312,143.89500427246094,3867,0.0,0.0
2024-11-01 00:00:00-04:00,141.0,143.9250030517578,138.27000427246094,143.9250030517578,1184,0.0,0.0
2024-11-04 00:00:00-05:00,141.75,143.8199920654297,135.0,143.8199920654297,2859,0.0,0.0
2024-11-05 00:00:00-05:00,142.5,153.0,138.0,153.0,3542,0.0,0.0
2024-11-06 00:00:00-05:00,148.5,153.0,143.8199920654297,149.83499145507812,1614,0.0,0.0
2024-11-07 00:00:00-05:00,149.83499145507812,153.0,142.875,146.00999450683594,1714,0.0,0.0
2024-11-08 00:00:00-05:00,141.6300048828125,147.0749969482422,139.5,142.5,1739,0.0,0.0
2024-11-11 00:00:00-05:00,140.3249969482422,146.0699920654297,137.39999389648438,145.5,2159,0.0,0.0
2024-11-12 00:00:00-05:00,145.5,147.0,135.0,136.6949920654297,3663,0.0,0.0
2024-11-13 00:00:00-05:00,138.0,145.5,133.5,144.0,3647,0.0,0.0
2024-11-14 00:00:00-05:00,144.02999877929688,148.5,127.6500015258789,137.97000122070312,3540,0.0,0.0
2024-11-15 00:00:00-05:00,136.5,136.5,106.69499969482422,132.60000610351562,4317,0.0,0.0
2024-11-18 00:00:00-05:00,133.09500122070312,133.5,124.6500015258789,127.5,1295,0.0,0.0
2024-11-19 00:00:00-05:00,127.5,128.9250030517578,118.5,124.5,2525,0.0,0.0
2024-11-20 00:00:00-05:00,120.375,124.45500183105469,115.5,117.85199737548828,48238,0.0,0.0
2024-11-21 00:00:00-05:00,135.0,156.0,118.5,119.69999694824219,120037,0.0,0.0
2024-11-22 00:00:00-05:00,124.04999542236328,141.00149536132812,95.0250015258789,98.63999938964844,69732,0.0,0.0
2024-11-25 00:00:00-05:00,92.26499938964844,93.0,57.01499938964844,63.45000076293945,85036,0.0,0.0
2024-11-26 00:00:00-05:00,69.29999542236328,70.5,40.64999771118164,46.20000076293945,107579,0.0,0.0
2024-11-27 00:00:00-05:00,51.689998626708984,53.43000030517578,41.625,41.86499786376953,194226,0.0,0.0
2024-11-29 00:00:00-05:00,49.02000045776367,53.25,41.099998474121094,42.0,193373,0.0,0.0
2024-12-02 00:00:00-05:00,44.099998474121094,44.54999923706055,38.25,39.89999771118164,105807,0.0,0.0
2024-12-03 00:00:00-05:00,38.78999710083008,46.349998474121094,35.25,42.599998474121094,238911,0.0,0.0
2024-12-04 00:00:00-05:00,41.654998779296875,57.56999969482422,36.29999923706055,42.029998779296875,399168,0.0,0.0
2024-12-05 00:00:00-05:00,42.75,48.119998931884766,31.499998092651367,35.71500015258789,227684,0.0,0.0
2024-12-06 00:00:00-05:00,38.77499771118164,43.5,35.52000045776367,37.36499786376953,187663,0.0,0.0
2024-12-09 00:00:00-05:00,42.76499938964844,43.349998474121094,34.619998931884766,36.599998474121094,235602,0.0,0.0
2024-12-10 00:00:00-05:00,36.0,36.94499969482422,34.5,36.25499725341797,61168,0.0,0.0
2024-12-11 00:00:00-05:00,36.04499816894531,36.04499816894531,31.724998474121094,34.64999771118164,59805,0.0,0.0
2024-12-12 00:00:00-05:00,34.5,34.5,31.499998092651367,31.799999237060547,56073,0.0,0.0
2024-12-13 00:00:00-05:00,31.649999618530273,32.625,28.499998092651367,29.999998092651367,69549,0.0,0.0
2024-12-16 00:00:00-05:00,29.474998474121094,32.625,28.499998092651367,29.579999923706055,64182,0.0,0.0
2024-12-17 00:00:00-05:00,27.329999923706055,29.579999923706055,24.299999237060547,25.874998092651367,109954,0.0,0.0
2024-12-18 00:00:00-05:00,25.889999389648438,26.009998321533203,22.214998245239258,24.479999542236328,76628,0.0,0.0
2024-12-19 00:00:00-05:00,24.82499885559082,26.98499870300293,22.349998474121094,22.739999771118164,69252,0.0,0.0
2024-12-20 00:00:00-05:00,23.05499839782715,23.05499839782715,20.849998474121094,20.939998626708984,75089,0.0,0.0
2024-12-23 00:00:00-05:00,21.029998779296875,23.654998779296875,18.299999237060547,19.604999542236328,185135,0.0,0.0
2024-12-24 00:00:00-05:00,19.364999771118164,21.44999885559082,18.599998474121094,19.48499870300293,64696,0.0,0.0
2024-12-26 00:00:00-05:00,20.564998626708984,21.869998931884766,19.229999542236328,19.7549991607666,364482,0.0,0.0
2024-12-27 00:00:00-05:00,26.099998474121094,26.249998092651367,20.399999618530273,21.44999885559082,638057,0.0,0.0
2024-12-30 00:00:00-05:00,22.634998321533203,24.749998092651367,19.67999839782715,20.80499839782715,781523,0.0,0.0
2024-12-31 00:00:00-05:00,32.23500061035156,34.5,20.399999618530273,21.329999923706055,2680382,0.0,0.0
2025-01-02 00:00:00-05:00,21.389999389648438,21.53999900817871,19.439998626708984,20.549999237060547,681885,0.0,0.0
2025-01-03 00:00:00-05:00,19.904998779296875,20.099998474121094,18.749998092651367,19.709999084472656,340867,0.0,0.0
2025-01-06 00:00:00-05:00,19.94999885559082,20.15999984741211,18.73499870300293,19.94999885559082,551290,0.0,0.0
2025-01-07 00:00:00-05:00,22.3799991607666,22.3799991607666,18.524999618530273,19.499998092651367,872495,0.0,0.0
2025-01-08 00:00:00-05:00,18.224998474121094,18.899999618530273,16.67999839782715,18.17999839782715,337908,0.0,0.0
2025-01-10 00:00:00-05:00,17.05499839782715,17.05499839782715,14.09999942779541,15.464999198913574,370106,0.0,0.0
2025-01-13 00:00:00-05:00,16.514999389648438,16.514999389648438,12.629999160766602,13.664999008178711,380202,0.0,0.0
2025-01-14 00:00:00-05:00,13.679999351501465,13.679999351501465,12.13499927520752,13.289999008178711,327001,0.0,0.0
2025-01-15 00:00:00-05:00,9.749999046325684,12.239998817443848,9.749999046325684,11.264999389648438,435563,0.0,0.0
2025-01-16 00:00:00-05:00,10.94999885559082,13.424999237060547,10.589999198913574,11.954998970031738,406194,0.0,0.0
2025-01-17 00:00:00-05:00,11.879999160766602,23.204999923706055,11.879999160766602,18.749998092651367,5099081,0.0,0.0
2025-01-21 00:00:00-05:00,19.334999084472656,24.494998931884766,15.899998664855957,16.94999885559082,2651165,0.0,0.0
2025-01-22 00:00:00-05:00,15.164999008178711,17.249998092651367,13.649998664855957,15.749999046325684,565437,0.0,0.0
2025-01-23 00:00:00-05:00,14.864998817443848,15.374999046325684,13.649998664855957,14.594999313354492,280193,0.0,0.0
2025-01-24 00:00:00-05:00,14.32499885559082,15.44999885559082,14.00999927520752,15.344999313354492,245836,0.0,0.0
2025-01-27 00:00:00-05:00,14.264999389648438,14.459999084472656,13.124999046325684,13.499999046325684,183778,0.0,0.0
2025-01-28 00:00:00-05:00,11.219999313354492,11.249999046325684,10.049999237060547,10.394998550415039,483961,0.0,0.0
2025-01-29 00:00:00-05:00,9.374999046325684,11.383499145507812,8.999999046325684,9.13499927520752,319480,0.0,0.0
2025-01-30 00:00:00-05:00,7.510000228881836,7.550000190734863,6.210000038146973,6.630000114440918,1145727,0.0,0.006666666666666667
2025-01-31 00:00:00-05:00,6.239999771118164,6.309999942779541,5.690000057220459,6.110000133514404,624348,0.0,0.0
2025-02-03 00:00:00-05:00,5.820000171661377,7.5,5.5100998878479,6.960000038146973,791363,0.0,0.0
2025-02-04 00:00:00-05:00,6.369999885559082,7.379899978637695,6.21999979019165,6.510000228881836,452742,0.0,0.0
2025-02-05 00:00:00-05:00,6.5,6.789899826049805,6.010000228881836,6.630000114440918,251766,0.0,0.0
2025-02-06 00:00:00-05:00,6.650000095367432,7.339900016784668,6.260000228881836,6.550000190734863,503495,0.0,0.0
2025-02-07 00:00:00-05:00,6.550000190734863,6.550000190734863,6.0,6.050000190734863,166925,0.0,0.0
2025-02-10 00:00:00-05:00,6.079999923706055,6.151000022888184,5.550000190734863,5.789999961853027,188006,0.0,0.0
2025-02-11 00:00:00-05:00,5.829999923706055,5.840000152587891,5.420000076293945,5.650000095367432,156512,0.0,0.0
2025-02-12 00:00:00-05:00,5.53000020980835,5.60890007019043,5.230000019073486,5.329999923706055,122601,0.0,0.0
2025-02-13 00:00:00-05:00,5.28000020980835,5.320000171661377,4.71999979019165,5.019999980926514,186437,0.0,0.0
2025-02-14 00:00:00-05:00,4.960000038146973,4.979000091552734,4.615600109100342,4.690000057220459,153653,0.0,0.0
2025-02-18 00:00:00-05:00,4.630000114440918,4.6504998207092285,4.260000228881836,4.400000095367432,133136,0.0,0.0
2025-02-19 00:00:00-05:00,4.389999866485596,4.670000076293945,4.260000228881836,4.510000228881836,120625,0.0,0.0
2025-02-20 00:00:00-05:00,4.429999828338623,4.744999885559082,4.429999828338623,4.599999904632568,74011,0.0,0.0
2025-02-21 00:00:00-05:00,4.590000152587891,4.849999904632568,4.409999847412109,4.550000190734863,102153,0.0,0.0
2025-02-24 00:00:00-05:00,4.5,4.5,4.150000095367432,4.300000190734863,98521,0.0,0.0
2025-02-25 00:00:00-05:00,4.230000019073486,4.300000190734863,3.9788999557495117,4.130000114440918,64549,0.0,0.0
2025-02-26 00:00:00-05:00,4.050000190734863,4.28000020980835,4.0,4.28000020980835,62288,0.0,0.0
2025-02-27 00:00:00-05:00,4.309999942779541,4.320000171661377,4.000100135803223,4.099999904632568,43149,0.0,0.0
2025-02-28 00:00:00-05:00,4.03000020980835,4.077400207519531,3.909600019454956,3.9200000762939453,37657,0.0,0.0
2025-03-03 00:00:00-05:00,3.9000000953674316,3.9749999046325684,3.369999885559082,3.4200000762939453,109792,0.0,0.0
2025-03-04 00:00:00-05:00,3.3499999046325684,3.430000066757202,2.4200000762939453,2.8499999046325684,938609,0.0,0.0
2025-03-05 00:00:00-05:00,2.25,3.759999990463257,1.7999999523162842,3.640000104904175,256807,0.0,0.0
2025-03-06 00:00:00-05:00,3.200000047683716,3.490000009536743,2.809999942779541,3.109999895095825,68262,0.0,0.0
2025-03-07 00:00:00-05:00,3.109999895095825,3.9000000953674316,3.109999895095825,3.9000000953674316,39322,0.0,0.0
2025-03-10 00:00:00-04:00,3.5999999046325684,3.700000047683716,3.0399999618530273,3.700000047683716,23548,0.0,0.0
2025-03-11 00:00:00-04:00,3.25,3.940000057220459,3.25,3.700000047683716,20271,0.0,0.0
2025-03-12 00:00:00-04:00,3.700000047683716,3.930000066757202,3.430000066757202,3.930000066757202,24463,0.0,0.0
2025-03-13 00:00:00-04:00,3.509999990463257,4.099999904632568,3.509999990463257,3.759999990463257,33491,0.0,0.0
2025-03-14 00:00:00-04:00,3.759999990463257,4.050000190734863,3.549999952316284,4.03000020980835,11743,0.0,0.0
2025-03-17 00:00:00-04:00,3.759999990463257,4.050000190734863,3.5899999141693115,3.9800000190734863,21267,0.0,0.0
2025-03-18 00:00:00-04:00,4.050000190734863,4.050000190734863,3.75,4.050000190734863,10936,0.0,0.0
2025-03-19 00:00:00-04:00,3.6600000858306885,4.099999904632568,3.6600000858306885,4.0,20625,0.0,0.0
2025-03-20 00:00:00-04:00,3.859999895095825,4.0,3.5999999046325684,3.9100000858306885,17973,0.0,0.0
2025-03-21 00:00:00-04:00,3.799999952316284,3.822499990463257,3.4100000858306885,3.509999990463257,19228,0.0,0.0
2025-03-24 00:00:00-04:00,3.509999990463257,3.552500009536743,3.180000066757202,3.4000000953674316,11868,0.0,0.0
2025-03-25 00:00:00-04:00,3.4100000858306885,3.680000066757202,3.4100000858306885,3.5,12434,0.0,0.0
2025-03-26 00:00:00-04:00,3.509999990463257,3.9800000190734863,3.5,3.9000000953674316,49291,0.0,0.0
2025-03-27 00:00:00-04:00,3.6700000762939453,6.25,3.4700000286102295,3.5999999046325684,175779,0.0,0.0
2025-03-28 00:00:00-04:00,3.6500000953674316,3.75,3.25,3.25,7236,0.0,0.0
2025-03-31 00:00:00-04:00,3.180000066757202,3.180000066757202,2.75,2.75,6539,0.0,0.0
2025-04-01 00:00:00-04:00,2.75,3.0399999618530273,2.2899999618530273,2.4000000953674316,21520,0.0,0.0
2025-04-02 00:00:00-04:00,2.4000000953674316,2.6500000953674316,2.3499999046325684,2.4100000858306885,30119,0.0,0.0
2025-04-03 00:00:00-04:00,2.450000047683716,2.75,2.0,2.049999952316284,25031,0.0,0.0
2025-04-04 00:00:00-04:00,2.0999999046325684,2.1600000858306885,1.649999976158142,2.0899999141693115,22076,0.0,0.0
2025-04-07 00:00:00-04:00,2.0899999141693115,2.0899999141693115,1.7000000476837158,1.7000000476837158,9214,0.0,0.0
2025-04-08 00:00:00-04:00,2.299999952316284,2.299999952316284,1.649999976158142,1.7000000476837158,22653,0.0,0.0
2025-04-09 00:00:00-04:00,1.7999999523162842,2.0,1.7000000476837158,2.0,10465,0.0,0.0
2025-04-10 00:00:00-04:00,1.8799999952316284,1.9600000381469727,1.5499999523162842,1.7000000476837158,12567,0.0,0.0
2025-04-11 00:00:00-04:00,1.7000000476837158,2.0799999237060547,1.7000000476837158,1.7000000476837158,5712,0.0,0.0
2025-04-14 00:00:00-04:00,1.8300000429153442,1.9800000190734863,1.8300000429153442,1.8899999856948853,7670,0.0,0.0
2025-04-15 00:00:00-04:00,1.9800000190734863,2.2799999713897705,1.75,1.7899999618530273,10111,0.0,0.0
2025-04-16 00:00:00-04:00,1.75,1.909999966621399,1.75,1.7599999904632568,2567,0.0,0.0
2025-04-17 00:00:00-04:00,1.902500033378601,1.902500033378601,1.75,1.7999999523162842,5017,0.0,0.0
2025-04-21 00:00:00-04:00,1.9800000190734863,2.2899999618530273,1.7599999904632568,1.8200000524520874,10479,0.0,0.0
2025-04-22 00:00:00-04:00,1.8700000047683716,1.8700000047683716,1.75,1.75,3498,0.0,0.0
2025-04-23 00:00:00-04:00,1.7000000476837158,1.8200000524520874,1.7000000476837158,1.7799999713897705,5834,0.0,0.0
2025-04-24 00:00:00-04:00,1.837499976158142,1.9249999523162842,1.7100000381469727,1.7599999904632568,5076,0.0,0.0
2025-04-25 00:00:00-04:00,1.7899999618530273,1.7899999618530273,1.7000000476837158,1.7200000286102295,5515,0.0,0.0
2025-04-28 00:00:00-04:00,1.7200000286102295,1.75,1.6799999475479126,1.75,5526,0.0,0.0
2025-04-29 00:00:00-04:00,1.75,1.8025000095367432,1.7300000190734863,1.7999999523162842,3751,0.0,0.0
2025-04-30 00:00:00-04:00,1.7811000347137451,1.7811000347137451,1.5640000104904175,1.5640000104904175,18342,0.0,0.0
2025-05-01 00:00:00-04:00,1.7899999618530273,2.140000104904175,1.5499999523162842,1.7300000190734863,32861,0.0,0.0
2025-05-02 00:00:00-04:00,1.75,1.774999976158142,1.6299999952316284,1.774999976158142,2172,0.0,0.0
2025-05-05 00:00:00-04:00,1.840000033378601,1.8799999952316284,1.590000033378601,1.7200000286102295,3834,0.0,0.0
2025-05-06 00:00:00-04:00,1.7200000286102295,1.7799999713897705,1.649999976158142,1.649999976158142,3026,0.0,0.0
2025-05-07 00:00:00-04:00,1.6549999713897705,1.690000057220459,1.600000023841858,1.690000057220459,6017,0.0,0.0
2025-05-08 00:00:00-04:00,1.690000057220459,1.7699999809265137,1.5700000524520874,1.6399999856948853,6067,0.0,0.0
2025-05-09 00:00:00-04:00,1.75,1.809999942779541,1.5,1.5700000524520874,4228,0.0,0.0
2025-05-12 00:00:00-04:00,1.622499942779541,1.9800000190734863,1.622499942779541,1.7000000476837158,19758,0.0,0.0
2025-05-13 00:00:00-04:00,1.7424999475479126,1.909999966621399,1.7424999475479126,1.809999942779541,2987,0.0,0.0
2025-05-14 00:00:00-04:00,1.8070000410079956,1.809999942779541,1.5099999904632568,1.7400000095367432,18216,0.0,0.0
2025-05-15 00:00:00-04:00,1.6799999475479126,1.725000023841858,1.659999966621399,1.6735999584197998,6198,0.0,0.0
2025-05-16 00:00:00-04:00,1.7300000190734863,1.7300000190734863,1.5700000524520874,1.652500033378601,25550,0.0,0.0
2025-05-19 00:00:00-04:00,1.600000023841858,1.6200000047683716,1.600000023841858,1.6200000047683716,907,0.0,0.0
2025-05-20 00:00:00-04:00,1.600000023841858,1.659999966621399,1.5299999713897705,1.5410000085830688,9630,0.0,0.0
2025-05-21 00:00:00-04:00,1.559999942779541,1.5800000429153442,1.5099999904632568,1.5399999618530273,33245,0.0,0.0
2025-05-22 00:00:00-04:00,1.503999948501587,1.5399999618530273,1.4199999570846558,1.4700000286102295,13600,0.0,0.0
2025-05-23 00:00:00-04:00,1.4199999570846558,1.5,1.399999976158142,1.5,3078,0.0,0.0
2025-05-27 00:00:00-04:00,1.5,1.5,1.409999966621399,1.409999966621399,4935,0.0,0.0
2025-05-28 00:00:00-04:00,1.440000057220459,1.440000057220459,1.3200000524520874,1.3250000476837158,11225,0.0,0.0
2025-05-29 00:00:00-04:00,1.2999999523162842,1.3799999952316284,1.2699999809265137,1.3700000047683716,28153,0.0,0.0
2025-05-30 00:00:00-04:00,1.399999976158142,1.4800000190734863,1.399999976158142,1.399999976158142,3735,0.0,0.0
2025-06-02 00:00:00-04:00,1.440000057220459,1.4450000524520874,1.2999999523162842,1.309999942779541,4910,0.0,0.0
2025-06-03 00:00:00-04:00,1.2999999523162842,1.350000023841858,1.2799999713897705,1.350000023841858,13416,0.0,0.0
2025-06-04 00:00:00-04:00,1.2799999713897705,1.340000033378601,1.2699999809265137,1.2799999713897705,11353,0.0,0.0
2025-06-05 00:00:00-04:00,1.3899999856948853,1.3899999856948853,1.2000000476837158,1.2100000381469727,9438,0.0,0.0
2025-06-06 00:00:00-04:00,1.2000000476837158,1.2000000476837158,1.1299999952316284,1.2000000476837158,4524,0.0,0.0
2025-06-09 00:00:00-04:00,2.809999942779541,3.119999885559082,2.7899999618530273,3.059999942779541,407989,0.0,0.0
2025-06-10 00:00:00-04:00,3.059999942779541,3.0950000286102295,3.059999942779541,3.069999933242798,29597,0.0,0.0
2025-06-11 00:00:00-04:00,3.0799999237060547,3.0810000896453857,3.059999942779541,3.0810000896453857,26147,0.0,0.0
2025-06-12 00:00:00-04:00,3.059999942779541,3.0799999237060547,3.059999942779541,3.059999942779541,25842,0.0,0.0
2025-06-13 00:00:00-04:00,3.059999942779541,3.069999933242798,3.049999952316284,3.049999952316284,28005,0.0,0.0
2025-06-16 00:00:00-04:00,3.049999952316284,3.059999942779541,3.049999952316284,3.049999952316284,15474,0.0,0.0
2025-06-17 00:00:00-04:00,3.052999973297119,3.052999973297119,3.049999952316284,3.049999952316284,18730,0.0,0.0
2025-06-18 00:00:00-04:00,3.049999952316284,3.0799999237060547,3.049999952316284,3.0799999237060547,7555,0.0,0.0
2025-06-20 00:00:00-04:00,3.069999933242798,3.069999933242798,3.049999952316284,3.055999994277954,4845,0.0,0.0
2025-06-23 00:00:00-04:00,3.059999942779541,3.069999933242798,3.049999952316284,3.049999952316284,6783,0.0,0.0
2025-06-24 00:00:00-04:00,3.0299999713897705,3.1500000953674316,3.009999990463257,3.0999999046325684,37822,0.0,0.0
2025-06-25 00:00:00-04:00,3.0199999809265137,3.1500000953674316,3.0199999809265137,3.0199999809265137,5871,0.0,0.0
2025-06-26 00:00:00-04:00,3.0299999713897705,3.062999963760376,3.0299999713897705,3.0399999618530273,2862,0.0,0.0
2025-06-27 00:00:00-04:00,3.0399999618530273,3.069999933242798,3.0299999713897705,3.0399999618530273,6082,0.0,0.0
2025-06-30 00:00:00-04:00,3.049999952316284,3.049999952316284,2.9200000762939453,3.0,25592,0.0,0.0
2025-07-01 00:00:00-04:00,2.9100000858306885,3.009999990463257,2.9100000858306885,3.0,3166,0.0,0.0
2025-07-02 00:00:00-04:00,3.009999990463257,3.009999990463257,3.0,3.007499933242798,1158,0.0,0.0
2025-07-03 00:00:00-04:00,3.009999990463257,3.009999990463257,2.9200000762939453,2.9200000762939453,1192,0.0,0.0
2025-07-07 00:00:00-04:00,2.930000066757202,2.930000066757202,2.700000047683716,2.799999952316284,3619,0.0,0.0
2025-07-08 00:00:00-04:00,2.8499999046325684,2.9000000953674316,2.700000047683716,2.75,4517,0.0,0.0
2025-07-09 00:00:00-04:00,2.690000057220459,2.700000047683716,2.3299999237060547,2.6600000858306885,16742,0.0,0.0
2025-07-10 00:00:00-04:00,2.680000066757202,2.700000047683716,2.559999942779541,2.559999942779541,8152,0.0,0.0
2025-07-11 00:00:00-04:00,2.700000047683716,2.950000047683716,2.569999933242798,2.8499999046325684,7489,0.0,0.0
2025-07-14 00:00:00-04:00,2.799999952316284,2.9000000953674316,2.5999999046325684,2.799999952316284,6981,0.0,0.0
2025-07-15 00:00:00-04:00,2.930000066757202,2.9800000190734863,2.819999933242798,2.9000000953674316,4624,0.0,0.0
2025-07-16 00:00:00-04:00,2.5899999141693115,2.619999885559082,2.559999942779541,2.5999999046325684,2098,0.0,0.0
2025-07-17 00:00:00-04:00,2.559999942779541,2.700000047683716,2.559999942779541,2.6500000953674316,5194,0.0,0.0
2025-07-18 00:00:00-04:00,2.700000047683716,2.700000047683716,2.509999990463257,2.6050000190734863,2117,0.0,0.0
2025-07-21 00:00:00-04:00,1.7000000476837158,1.7999999523162842,0.7932000160217285,1.1299999952316284,298892,0.0,0.0
2025-07-22 00:00:00-04:00,1.059999942779541,1.1299999952316284,1.0099999904632568,1.1200000047683716,13297,0.0,0.0
2025-07-23 00:00:00-04:00,1.1699999570846558,1.2999999523162842,1.100000023841858,1.100000023841858,15857,0.0,0.0
2025-07-24 00:00:00-04:00,1.100000023841858,1.2109999656677246,1.100000023841858,1.159999966621399,13679,0.0,0.0
2025-07-25 00:00:00-04:00,1.159999966621399,1.159999966621399,1.0499999523162842,1.059999942779541,30654,0.0,0.0
2025-07-28 00:00:00-04:00,1.100000023841858,1.149999976158142,0.9800000190734863,0.9800000190734863,27120,0.0,0.0
2025-07-29 00:00:00-04:00,1.0,1.037500023841858,0.9399999976158142,0.9700000286102295,20567,0.0,0.0
2025-07-30 00:00:00-04:00,0.9350000023841858,0.9350000023841858,0.800000011920929,0.8375999927520752,18557,0.0,0.0
2025-07-31 00:00:00-04:00,0.8899999856948853,0.8999999761581421,0.6510000228881836,0.7576199769973755,14203,0.0,0.0
2025-08-01 00:00:00-04:00,0.7055500149726868,2.0,0.5799999833106995,0.7360699772834778,42742,0.0,0.0
2025-08-04 00:00:00-04:00,0.7360699772834778,0.8199999928474426,0.6664199829101562,0.8199999928474426,1303,0.0,0.0
2025-08-05 00:00:00-04:00,0.7900000214576721,0.8399999737739563,0.699999988079071,0.7900000214576721,1931,0.0,0.0
2025-08-06 00:00:00-04:00,0.7900000214576721,0.7900000214576721,0.75,0.7762500047683716,793,0.0,0.0
2025-08-07 00:00:00-04:00,0.7200000286102295,0.75,0.699999988079071,0.699999988079071,974,0.0,0.0
2025-08-08 00:00:00-04:00,0.7900000214576721,0.8999999761581421,0.7201499938964844,0.7900000214576721,4647,0.0,0.0
2025-08-11 00:00:00-04:00,0.8100000023841858,1.0049999952316284,0.7300000190734863,0.7300000190734863,19248,0.0,0.0
2025-08-12 00:00:00-04:00,0.7822499871253967,0.8098999857902527,0.7160000205039978,0.7164000272750854,9358,0.0,0.0
2025-08-13 00:00:00-04:00,0.699999988079071,0.7300999760627747,0.6047000288963318,0.6424000263214111,44471,0.0,0.0
2025-08-14 00:00:00-04:00,0.6424000263214111,0.7789999842643738,0.6424000263214111,0.7789999842643738,10654,0.0,0.0
2025-08-15 00:00:00-04:00,0.75,0.8461999893188477,0.5,0.5874999761581421,14814,0.0,0.0
2025-08-18 00:00:00-04:00,0.5,0.6499999761581421,0.5,0.6000000238418579,11137,0.0,0.0
2025-08-19 00:00:00-04:00,0.5525000095367432,0.5957000255584717,0.5525000095367432,0.5957000255584717,1796,0.0,0.0
2025-08-20 00:00:00-04:00,0.6010000109672546,0.6010000109672546,0.5899999737739563,0.5899999737739563,1312,0.0,0.0
2025-08-21 00:00:00-04:00,0.6000000238418579,0.6000000238418579,0.550000011920929,0.6000000238418579,1535,0.0,0.0
2025-08-22 00:00:00-04:00,0.6600000262260437,0.6600000262260437,0.550000011920929,0.6100000143051147,9284,0.0,0.0
2025-08-25 00:00:00-04:00,0.6599000096321106,0.6599000096321106,0.6599000096321106,0.6599000096321106,1536,0.0,0.0
2025-08-26 00:00:00-04:00,0.5999000072479248,0.5999000072479248,0.5501000285148621,0.5600000023841858,3603,0.0,0.0
2025-08-27 00:00:00-04:00,0.629859983921051,0.6498200297355652,0.6198999881744385,0.6398500204086304,2656,0.0,0.0
2025-08-28 00:00:00-04:00,0.550000011920929,0.6597999930381775,0.5299999713897705,0.5899999737739563,2073,0.0,0.0
2025-08-29 00:00:00-04:00,0.6059799790382385,0.6060000061988831,0.6000000238418579,0.6060000061988831,4496,0.0,0.0
2025-09-02 00:00:00-04:00,0.5519999861717224,0.5565000176429749,0.5504999756813049,0.5527499914169312,1068,0.0,0.0
2025-09-03 00:00:00-04:00,0.6600000262260437,0.6600000262260437,0.550000011920929,0.6000000238418579,3982,0.0,0.0
2025-09-04 00:00:00-04:00,0.6000000238418579,0.6000000238418579,0.6000000238418579,0.6000000238418579,0,0.0,0.0
2025-09-05 00:00:00-04:00,0.6499999761581421,0.9399999976158142,0.6499999761581421,0.6499999761581421,17868,0.0,0.0
2025-09-08 00:00:00-04:00,0.6499999761581421,0.6499999761581421,0.6499999761581421,0.6499999761581421,1788,0.0,0.0
2025-09-09 00:00:00-04:00,0.6499999761581421,0.6499999761581421,0.6499999761581421,0.6499999761581421,539,0.0,0.0
2025-09-10 00:00:00-04:00,0.6100000143051147,0.9196000099182129,0.550000011920929,0.6240000128746033,10762,0.0,0.0
2025-09-11 00:00:00-04:00,0.5799999833106995,0.6299999952316284,0.5799999833106995,0.6299999952316284,1236,0.0,0.0
2025-09-12 00:00:00-04:00,0.7300000190734863,0.7799999713897705,0.6299999952316284,0.7799999713897705,10122,0.0,0.0
2025-09-15 00:00:00-04:00,0.7526999711990356,0.7526999711990356,0.6299999952316284,0.6899999976158142,25329,0.0,0.0
2025-09-16 00:00:00-04:00,0.699999988079071,0.699999988079071,0.6510000228881836,0.6510000228881836,1967,0.0,0.0
2025-09-17 00:00:00-04:00,0.6510000228881836,0.699999988079071,0.5799999833106995,0.699999988079071,3748,0.0,0.0
2025-09-18 00:00:00-04:00,0.6000000238418579,0.6438199877738953,0.6000000238418579,0.6175000071525574,2778,0.0,0.0
2025-09-19 00:00:00-04:00,0.6945499777793884,0.6945499777793884,0.5849999785423279,0.6200000047683716,4945,0.0,0.0
2025-09-22 00:00:00-04:00,0.6702399849891663,0.6702399849891663,0.6000000238418579,0.6175600290298462,2193,0.0,0.0
2025-09-23 00:00:00-04:00,0.574999988079071,0.6877999901771545,0.574999988079071,0.6869999766349792,3230,0.0,0.0
2025-09-24 00:00:00-04:00,0.6863999962806702,0.6877999901771545,0.6651999950408936,0.6859999895095825,4508,0.0,0.0
2025-09-25 00:00:00-04:00,0.6600000262260437,0.739300012588501,0.6600000262260437,0.739300012588501,6195,0.0,0.0
2025-09-26 00:00:00-04:00,0.6938999891281128,0.739300012588501,0.6600000262260437,0.6600000262260437,3218,0.0,0.0
2025-09-29 00:00:00-04:00,0.6600000262260437,0.8823999762535095,0.6600000262260437,0.758899986743927,2480,0.0,0.0
2025-09-30 00:00:00-04:00,0.6610000133514404,0.8838000297546387,0.6610000133514404,0.6800000071525574,18778,0.0,0.0
2025-10-01 00:00:00-04:00,0.6800000071525574,0.6800000071525574,0.6200000047683716,0.6200000047683716,2757,0.0,0.0
2025-10-02 00:00:00-04:00,0.6399999856948853,0.8500000238418579,0.6399999856948853,0.6600499749183655,2709,0.0,0.0
2025-10-03 00:00:00-04:00,0.6299999952316284,0.7300000190734863,0.6299999952316284,0.6825000047683716,8757,0.0,0.0
2025-10-06 00:00:00-04:00,0.6600000262260437,0.6800000071525574,0.6600000262260437,0.6800000071525574,1335,0.0,0.0
2025-10-07 00:00:00-04:00,0.6766499876976013,0.8299000263214111,0.6503999829292297,0.6600000262260437,4989,0.0,0.0
2025-10-08 00:00:00-04:00,0.7799999713897705,0.800000011920929,0.6700000166893005,0.6700000166893005,3118,0.0,0.0
2025-10-09 00:00:00-04:00,0.6700000166893005,0.8499000072479248,0.6700000166893005,0.7150800228118896,4595,0.0,0.0
2025-10-10 00:00:00-04:00,0.6200000047683716,0.7100800275802612,0.6200000047683716,0.6200000047683716,2594,0.0,0.0
2025-10-13 00:00:00-04:00,0.6299999952316284,0.6800000071525574,0.5598000288009644,0.6800000071525574,4394,0.0,0.0
2025-10-14 00:00:00-04:00,0.6600000262260437,0.699999988079071,0.6600000262260437,0.6600000262260437,2742,0.0,0.0
2025-10-15 00:00:00-04:00,0.6200000047683716,0.6949999928474426,0.6000000238418579,0.675029993057251,4659,0.0,0.0
2025-10-16 00:00:00-04:00,0.675029993057251,0.675029993057251,0.675029993057251,0.675029993057251,0,0.0,0.0
2025-10-17 00:00:00-04:00,0.6700999736785889,0.6700999736785889,0.6700999736785889,0.6700999736785889,544,0.0,0.0
2025-10-20 00:00:00-04:00,0.550000011920929,0.5899999737739563,0.550000011920929,0.5799999833106995,3240,0.0,0.0
2025-10-21 00:00:00-04:00,0.5099999904632568,0.5099999904632568,0.5099999904632568,0.5099999904632568,999,0.0,0.0
2025-10-22 00:00:00-04:00,0.5099999904632568,0.5099999904632568,0.5099999904632568,0.5099999904632568,251,0.0,0.0
2025-10-23 00:00:00-04:00,0.5099999904632568,0.5099999904632568,0.5099999904632568,0.5099999904632568,0,0.0,0.0
2025-10-24 00:00:00-04:00,0.5099999904632568,0.5099999904632568,0.5099999904632568,0.5099999904632568,0,0.0,0.0
2025-10-27 00:00:00-04:00,0.5099999904632568,0.5099999904632568,0.5099999904632568,0.5099999904632568,0,0.0,0.0
2025-10-28 00:00:00-04:00,0.5,0.5,0.011500000022351742,0.011500000022351742,1954,0.0,0.0
2025-10-29 00:00:00-04:00,0.012500000186264515,0.05000000074505806,0.011099999770522118,0.03999999910593033,9834,0.0,0.0
2025-10-30 00:00:00-04:00,0.05000000074505806,0.05000000074505806,0.03999999910593033,0.03999999910593033,35584,0.0,0.0
2025-10-31 00:00:00-04:00,0.03999999910593033,0.03999999910593033,0.019999999552965164,0.029999999329447746,8987,0.0,0.0
2025-11-03 00:00:00-05:00,0.019999999552965164,0.019999999552965164,0.019999999552965164,0.019999999552965164,1399,0.0,0.0
2025-11-04 00:00:00-05:00,0.03999999910593033,0.03999999910593033,0.03999999910593033,0.03999999910593033,222,0.0,0.0
2025-11-05 00:00:00-05:00,0.029999999329447746,0.029999999329447746,0.019999999552965164,0.019999999552965164,34337,0.0,0.0
2025-11-06 00:00:00-05:00,0.019999999552965164,0.019999999552965164,0.019999999552965164,0.019999999552965164,2662,0.0,0.0
2025-11-07 00:00:00-05:00,0.019999999552965164,0.020500000566244125,0.019999999552965164,0.019999999552965164,1328,0.0,0.0
2025-11-10 00:00:00-05:00,0.020999999716877937,0.020999999716877937,0.019999999552965164,0.019999999552965164,13519,0.0,0.0
2025-11-11 00:00:00-05:00,0.02500000037252903,0.03999999910593033,0.02500000037252903,0.03999999910593033,514,0.0,0.0
2025-11-12 00:00:00-05:00,0.03999999910593033,0.05000000074505806,0.03999999910593033,0.05000000074505806,1020,0.0,0.0
2025-11-13 00:00:00-05:00,0.05000000074505806,0.05000000074505806,0.05000000074505806,0.05000000074505806,865,0.0,0.0
2025-11-14 00:00:00-05:00,0.05000000074505806,0.05000000074505806,0.05000000074505806,0.05000000074505806,1461,0.0,0.0
2025-11-17 00:00:00-05:00,0.05000000074505806,0.05000000074505806,0.05000000074505806,0.05000000074505806,1744,0.0,0.0
2025-11-18 00:00:00-05:00,0.05000000074505806,0.05000000074505806,0.05000000074505806,0.05000000074505806,847,0.0,0.0
2025-11-19 00:00:00-05:00,0.05000000074505806,0.05000000074505806,0.05000000074505806,0.05000000074505806,6884,0.0,0.0
2025-11-20 00:00:00-05:00,0.10100000351667404,0.10100000351667404,0.10100000351667404,0.10100000351667404,8944,0.0,0.0
2025-11-21 00:00:00-05:00,0.10100000351667404,0.10100000351667404,0.10100000351667404,0.10100000351667404,265,0.0,0.0
2025-11-24 00:00:00-05:00,0.10100000351667404,0.10100000351667404,0.10100000351667404,0.10100000351667404,112,0.0,0.0
2025-11-25 00:00:00-05:00,0.11110000312328339,0.11110000312328339,0.11110000312328339,0.11110000312328339,1523,0.0,0.0
2025-11-26 00:00:00-05:00,0.10100000351667404,0.10100000351667404,0.10100000351667404,0.10100000351667404,237,0.0,0.0
2025-11-28 00:00:00-05:00,0.09745000302791595,0.09745000302791595,0.09745000302791595,0.09745000302791595,305,0.0,0.0
2025-12-01 00:00:00-05:00,0.10100000351667404,0.10100000351667404,0.10100000351667404,0.10100000351667404,538,0.0,0.0
2025-12-02 00:00:00-05:00,0.10499999672174454,0.10499999672174454,0.10499999672174454,0.10499999672174454,229,0.0,0.0
2025-12-03 00:00:00-05:00,0.10100000351667404,0.10499999672174454,0.10100000351667404,0.10499999672174454,1482,0.0,0.0
2025-12-04 00:00:00-05:00,0.10100000351667404,0.10100000351667404,0.10100000351667404,0.10100000351667404,1025,0.0,0.0
2025-12-05 00:00:00-05:00,0.10100000351667404,0.10499999672174454,0.10100000351667404,0.10499999672174454,1624,0.0,0.0
2025-12-08 00:00:00-05:00,0.10499999672174454,0.10499999672174454,0.10100000351667404,0.10100000351667404,13985,0.0,0.0
2025-12-09 00:00:00-05:00,0.10100000351667404,0.10100000351667404,0.10100000351667404,0.10100000351667404,5299,0.0,0.0
2025-12-10 00:00:00-05:00,0.10100000351667404,0.10100000351667404,0.10100000351667404,0.10100000351667404,1500,0.0,0.0
2025-12-11 00:00:00-05:00,0.10000000149011612,0.1054999977350235,0.10000000149011612,0.10100000351667404,8402,0.0,0.0
2025-12-12 00:00:00-05:00,0.10100000351667404,0.10100000351667404,0.10100000351667404,0.10100000351667404,3521,0.0,0.0
2025-12-15 00:00:00-05:00,0.10100000351667404,0.10100000351667404,0.10100000351667404,0.10100000351667404,602,0.0,0.0
2025-12-16 00:00:00-05:00,0.10100000351667404,0.11100000143051147,0.10100000351667404,0.11100000143051147,3867,0.0,0.0
2025-12-17 00:00:00-05:00,0.10000000149011612,0.10000000149011612,0.050999999046325684,0.050999999046325684,2092,0.0,0.0
2025-12-18 00:00:00-05:00,0.11050000041723251,0.11050000041723251,0.10999999940395355,0.10999999940395355,630,0.0,0.0
2025-12-19 00:00:00-05:00,0.10999999940395355,0.10999999940395355,0.10999999940395355,0.10999999940395355,727,0.0,0.0
2025-12-22 00:00:00-05:00,0.11010000109672546,0.11749999970197678,0.11010000109672546,0.11749999970197678,4048,0.0,0.0
2025-12-23 00:00:00-05:00,0.10999999940395355,0.11999999731779099,0.10999999940395355,0.11999999731779099,2437,0.0,0.0
2025-12-24 00:00:00-05:00,0.10999999940395355,0.10999999940395355,0.10999999940395355,0.10999999940395355,681,0.0,0.0
2025-12-26 00:00:00-05:00,0.10999999940395355,0.11100000143051147,0.050999999046325684,0.11100000143051147,35043,0.0,0.0
2025-12-29 00:00:00-05:00,0.10999999940395355,0.11124999821186066,0.10999999940395355,0.11100000143051147,14098,0.0,0.0
2025-12-30 00:00:00-05:00,0.11100000143051147,0.11110000312328339,0.11100000143051147,0.11100000143051147,5620,0.0,0.0
2025-12-31 00:00:00-05:00,0.10999999940395355,0.1107499971985817,0.10999999940395355,0.1107499971985817,4543,0.0,0.0
2026-01-02 00:00:00-05:00,0.30000001192092896,0.30000001192092896,0.10999999940395355,0.10999999940395355,1300,0.0,0.0
2026-01-05 00:00:00-05:00,0.10999999940395355,0.10999999940395355,0.10999999940395355,0.10999999940395355,0,0.0,0.0
2026-01-06 00:00:00-05:00,0.10999999940395355,0.10999999940395355,0.10999999940395355,0.10999999940395355,0,0.0,0.0
2026-01-07 00:00:00-05:00,0.00019999999494757503,0.00019999999494757503,0.00019999999494757503,0.00019999999494757503,922,0.0,0.0
2026-01-08 00:00:00-05:00,0.12999999523162842,0.12999999523162842,0.0003000000142492354,0.0003000000142492354,1524,0.0,0.0
2026-01-09 00:00:00-05:00,0.10999999940395355,0.20000000298023224,0.10999999940395355,0.10999999940395355,15856,0.0,0.0
2026-01-12 00:00:00-05:00,0.10999999940395355,0.10999999940395355,0.10999999940395355,0.10999999940395355,0,0.0,0.0
2026-01-13 00:00:00-05:00,0.10999999940395355,0.10999999940395355,0.10999999940395355,0.10999999940395355,213,0.0,0.0
2026-01-14 00:00:00-05:00,0.10999999940395355,0.10999999940395355,0.10999999940395355,0.10999999940395355,0,0.0,0.0
2026-01-15 00:00:00-05:00,0.11620000004768372,0.11620000004768372,0.10999999940395355,0.10999999940395355,12878,0.0,0.0
2026-01-16 00:00:00-05:00,0.30000001192092896,0.30000001192092896,0.30000001192092896,0.30000001192092896,399,0.0,0.0
2026-01-20 00:00:00-05:00,0.30000001192092896,0.30000001192092896,0.30000001192092896,0.30000001192092896,0,0.0,0.0
2026-01-21 00:00:00-05:00,0.10999999940395355,0.20499999821186066,0.10999999940395355,0.20499999821186066,1042,0.0,0.0
2026-01-22 00:00:00-05:00,0.10999999940395355,0.10999999940395355,0.10999999940395355,0.10999999940395355,380,0.0,0.0
2026-01-23 00:00:00-05:00,0.10999999940395355,0.10999999940395355,0.10999999940395355,0.10999999940395355,558,0.0,0.0
2026-01-26 00:00:00-05:00,0.10999999940395355,0.10999999940395355,0.10999999940395355,0.10999999940395355,12535,0.0,0.0
2026-01-27 00:00:00-05:00,0.10999999940395355,0.10999999940395355,0.10999999940395355,0.10999999940395355,0,0.0,0.0
2026-01-28 00:00:00-05:00,0.10999999940395355,0.10999999940395355,0.10999999940395355,0.10999999940395355,0,0.0,0.0
2026-01-29 00:00:00-05:00,0.050999999046325684,0.050999999046325684,0.050999999046325684,0.050999999046325684,372,0.0,0.0
2026-01-30 00:00:00-05:00,0.050999999046325684,0.050999999046325684,0.050999999046325684,0.050999999046325684,221,0.0,0.0
2026-02-02 00:00:00-05:00,0.050999999046325684,0.20000000298023224,0.050999999046325684,0.20000000298023224,2175,0.0,0.0
2026-02-03 00:00:00-05:00,0.20000000298023224,0.20000000298023224,0.20000000298023224,0.20000000298023224,0,0.0,0.0
2026-02-04 00:00:00-05:00,0.20000000298023224,0.20000000298023224,0.20000000298023224,0.20000000298023224,0,0.0,0.0
2026-02-05 00:00:00-05:00,0.050999999046325684,0.24969999492168427,0.050999999046325684,0.24969999492168427,1429,0.0,0.0
2026-02-06 00:00:00-05:00,0.24969999492168427,0.24969999492168427,0.24969999492168427,0.24969999492168427,0,0.0,0.0
2026-02-09 00:00:00-05:00,0.24969999492168427,0.24969999492168427,0.24969999492168427,0.24969999492168427,0,0.0,0.0
2026-02-10 00:00:00-05:00,0.24969999492168427,0.24969999492168427,0.24969999492168427,0.24969999492168427,0,0.0,0.0
2026-02-11 00:00:00-05:00,0.24969999492168427,0.24969999492168427,0.24969999492168427,0.24969999492168427,0,0.0,0.0
2026-02-12 00:00:00-05:00,0.24969999492168427,0.24969999492168427,0.24969999492168427,0.24969999492168427,0,0.0,0.0
2026-02-13 00:00:00-05:00,0.24969999492168427,0.24969999492168427,0.24969999492168427,0.24969999492168427,0,0.0,0.0
2026-02-17 00:00:00-05:00,0.10000000149011612,0.10000000149011612,0.10000000149011612,0.10000000149011612,940,0.0,0.0
2026-02-18 00:00:00-05:00,0.10000000149011612,0.10000000149011612,0.10000000149011612,0.10000000149011612,0,0.0,0.0
2026-02-19 00:00:00-05:00,0.10000000149011612,0.10000000149011612,0.10000000149011612,0.10000000149011612,0,0.0,0.0
2026-02-20 00:00:00-05:00,0.10000000149011612,0.10000000149011612,0.10000000149011612,0.10000000149011612,0,0.0,0.0
2026-02-23 00:00:00-05:00,0.10000000149011612,0.10000000149011612,0.10000000149011612,0.10000000149011612,0,0.0,0.0
2026-02-24 00:00:00-05:00,0.10000000149011612,0.10000000149011612,0.10000000149011612,0.10000000149011612,0,0.0,0.0
2026-02-25 00:00:00-05:00,0.050999999046325684,0.050999999046325684,0.050999999046325684,0.050999999046325684,259,0.0,0.0
2026-02-26 00:00:00-05:00,0.050999999046325684,0.050999999046325684,0.050999999046325684,0.050999999046325684,2185,0.0,0.0
2026-02-27 00:00:00-05:00,0.050999999046325684,0.050999999046325684,0.050999999046325684,0.050999999046325684,0,0.0,0.0
2026-03-02 00:00:00-05:00,0.050999999046325684,0.050999999046325684,0.050999999046325684,0.050999999046325684,0,0.0,0.0
2026-03-03 00:00:00-05:00,0.050999999046325684,0.050999999046325684,0.050999999046325684,0.050999999046325684,0,0.0,0.0
2026-03-04 00:00:00-05:00,0.050999999046325684,0.050999999046325684,0.050999999046325684,0.050999999046325684,0,0.0,0.0
2026-03-05 00:00:00-05:00,0.04944999888539314,0.04944999888539314,0.04944999888539314,0.04944999888539314,235,0.0,0.0
2026-03-06 00:00:00-05:00,0.04944999888539314,0.04944999888539314,0.04944999888539314,0.04944999888539314,0,0.0,0.0
2026-03-09 00:00:00-04:00,0.03180000185966492,0.03180000185966492,0.03180000185966492,0.03180000185966492,229,0.0,0.0
2026-03-10 00:00:00-04:00,0.03044999949634075,0.03044999949634075,0.03044999949634075,0.03044999949634075,273,0.0,0.0
2026-03-11 00:00:00-04:00,0.03044999949634075,0.03044999949634075,0.03044999949634075,0.03044999949634075,0,0.0,0.0
2026-03-12 00:00:00-04:00,0.002199999988079071,0.002199999988079071,0.002199999988079071,0.002199999988079071,214,0.0,0.0
2026-03-13 00:00:00-04:00,0.002199999988079071,0.002199999988079071,0.002199999988079071,0.002199999988079071,0,0.0,0.0
2026-03-16 00:00:00-04:00,0.0031999999191612005,0.0031999999191612005,0.0031999999191612005,0.0031999999191612005,1058,0.0,0.0
2026-03-17 00:00:00-04:00,0.012000000104308128,0.012000000104308128,0.012000000104308128,0.012000000104308128,156,0.0,0.0
2026-03-18 00:00:00-04:00,0.014999999664723873,0.014999999664723873,0.014999999664723873,0.014999999664723873,141,0.0,0.0
2026-03-19 00:00:00-04:00,0.014999999664723873,0.014999999664723873,0.014999999664723873,0.014999999664723873,0,0.0,0.0
2026-03-20 00:00:00-04:00,0.0032999999821186066,0.012000000104308128,0.0032999999821186066,0.012000000104308128,766,0.0,0.0
2026-03-23 00:00:00-04:00,0.0032999999821186066,0.0032999999821186066,0.0032999999821186066,0.0032999999821186066,317,0.0,0.0
2026-03-24 00:00:00-04:00,0.0032999999821186066,0.0032999999821186066,0.0032999999821186066,0.0032999999821186066,0,0.0,0.0
2026-03-25 00:00:00-04:00,0.0032999999821186066,0.0032999999821186066,0.0032999999821186066,0.0032999999821186066,0,0.0,0.0
2026-03-26 00:00:00-04:00,0.010999999940395355,0.010999999940395355,0.010999999940395355,0.010999999940395355,216,0.0,0.0
2026-03-27 00:00:00-04:00,0.020999999716877937,0.020999999716877937,0.020999999716877937,0.020999999716877937,137,0.0,0.0
2026-03-30 00:00:00-04:00,0.015599999576807022,0.015599999576807022,0.015599999576807022,0.015599999576807022,220,0.0,0.0
2026-03-31 00:00:00-04:00,0.0035000001080334187,0.0035000001080334187,0.0035000001080334187,0.0035000001080334187,941,0.0,0.0
2026-04-01 00:00:00-04:00,0.010999999940395355,0.03290000185370445,0.010999999940395355,0.03290000185370445,522,0.0,0.0
2026-04-02 00:00:00-04:00,0.03290000185370445,0.03290000185370445,0.03290000185370445,0.03290000185370445,0,0.0,0.0
2026-04-06 00:00:00-04:00,0.03290000185370445,0.03290000185370445,0.03290000185370445,0.03290000185370445,0,0.0,0.0
2026-04-07 00:00:00-04:00,0.03290000185370445,0.03290000185370445,0.03290000185370445,0.03290000185370445,0,0.0,0.0
2026-04-08 00:00:00-04:00,0.03290000185370445,0.03290000185370445,0.03290000185370445,0.03290000185370445,0,0.0,0.0
2026-04-09 00:00:00-04:00,0.03290000185370445,0.03290000185370445,0.03290000185370445,0.03290000185370445,0,0.0,0.0
2026-04-10 00:00:00-04:00,0.30000001192092896,0.30000001192092896,0.25,0.25,214,0.0,0.0
2026-04-13 00:00:00-04:00,0.25,0.25,0.25,0.25,0,0.0,0.0
2026-04-14 00:00:00-04:00,0.25,0.25,0.25,0.25,0,0.0,0.0
2026-04-15 00:00:00-04:00,0.25,0.25,0.25,0.25,0,0.0,0.0
2026-04-16 00:00:00-04:00,0.25,0.25,0.25,0.25,503,0.0,0.0
2026-04-17 00:00:00-04:00,0.004999999888241291,0.004999999888241291,0.004999999888241291,0.004999999888241291,364,0.0,0.0
2026-04-20 00:00:00-04:00,0.06800000369548798,0.06800000369548798,0.06800000369548798,0.06800000369548798,259,0.0,0.0
2026-04-21 00:00:00-04:00,0.06800000369548798,0.06800000369548798,0.06800000369548798,0.06800000369548798,0,0.0,0.0
2026-04-22 00:00:00-04:00,0.06800000369548798,0.06800000369548798,0.06800000369548798,0.06800000369548798,0,0.0,0.0
2026-04-23 00:00:00-04:00,0.06800000369548798,0.06800000369548798,0.06800000369548798,0.06800000369548798,0,0.0,0.0
2026-04-24 00:00:00-04:00,0.06800000369548798,0.06800000369548798,0.06800000369548798,0.06800000369548798,0,0.0,0.0
2026-04-27 00:00:00-04:00,0.06800000369548798,0.06800000369548798,0.06800000369548798,0.06800000369548798,0,0.0,0.0
2026-04-28 00:00:00-04:00,0.06800000369548798,0.06800000369548798,0.06800000369548798,0.06800000369548798,0,0.0,0.0
2026-04-29 00:00:00-04:00,0.06800000369548798,0.06800000369548798,0.06800000369548798,0.06800000369548798,0,0.0,0.0
2026-04-30 00:00:00-04:00,0.06800000369548798,0.06800000369548798,0.06800000369548798,0.06800000369548798,0,0.0,0.0
2026-05-01 00:00:00-04:00,0.06800000369548798,0.06800000369548798,0.06800000369548798,0.06800000369548798,0,0.0,0.0
2026-05-04 00:00:00-04:00,0.06800000369548798,0.06800000369548798,0.06800000369548798,0.06800000369548798,0,0.0,0.0
2026-05-05 00:00:00-04:00,0.10559999942779541,0.3077000081539154,0.10559999942779541,0.3077000081539154,284,0.0,0.0
2026-05-06 00:00:00-04:00,0.1899999976158142,0.1899999976158142,0.1899999976158142,0.1899999976158142,584,0.0,0.0
2026-05-07 00:00:00-04:00,0.1899999976158142,0.1899999976158142,0.1899999976158142,0.1899999976158142,0,0.0,0.0
2026-05-08 00:00:00-04:00,0.1899999976158142,0.1899999976158142,0.1899999976158142,0.1899999976158142,0,0.0,0.0
2026-05-11 00:00:00-04:00,0.1899999976158142,0.1899999976158142,0.1899999976158142,0.1899999976158142,0,0.0,0.0
2026-05-12 00:00:00-04:00,0.009999999776482582,0.18979999423027039,0.009999999776482582,0.18979999423027039,2076,0.0,0.0
2026-05-13 00:00:00-04:00,0.18979999423027039,0.18979999423027039,0.18979999423027039,0.18979999423027039,0,0.0,0.0
2026-05-14 00:00:00-04:00,0.18979999423027039,0.18979999423027039,0.18979999423027039,0.18979999423027039,0,0.0,0.0
2026-05-15 00:00:00-04:00,0.18825000524520874,0.18934999406337738,0.009999999776482582,0.18934999406337738,533,0.0,0.0
2026-05-18 00:00:00-04:00,0.00430000014603138,0.20919999480247498,0.00430000014603138,0.19419999420642853,1100,0.0,0.0
2026-05-19 00:00:00-04:00,0.19419999420642853,0.19419999420642853,0.19419999420642853,0.19419999420642853,0,0.0,0.0
2026-05-20 00:00:00-04:00,0.19419999420642853,0.19419999420642853,0.19419999420642853,0.19419999420642853,0,0.0,0.0
2026-05-21 00:00:00-04:00,0.19419999420642853,0.19419999420642853,0.19419999420642853,0.19419999420642853,0,0.0,0.0
2026-05-22 00:00:00-04:00,0.009999999776482582,0.20000000298023224,0.009999999776482582,0.20000000298023224,289,0.0,0.0
2026-05-26 00:00:00-04:00,0.20000000298023224,0.20000000298023224,0.0044999998062849045,0.20000000298023224,3389,0.0,0.0
2026-05-27 00:00:00-04:00,0.02160000056028366,0.14499999582767487,0.02160000056028366,0.14499999582767487,1219,0.0,0.0
2026-05-28 00:00:00-04:00,0.05000000074505806,0.15000000596046448,0.05000000074505806,0.15000000596046448,1576,0.0,0.0
2026-05-29 00:00:00-04:00,0.15000000596046448,0.15000000596046448,0.15000000596046448,0.15000000596046448,0,0.0,0.0
2026-06-01 00:00:00-04:00,0.15000000596046448,0.15000000596046448,0.15000000596046448,0.15000000596046448,0,0.0,0.0
2026-06-02 00:00:00-04:00,0.018699999898672104,0.23999999463558197,0.018699999898672104,0.23999999463558197,368,0.0,0.0
2026-06-03 00:00:00-04:00,0.006500000134110451,0.006500000134110451,0.006500000134110451,0.006500000134110451,625,0.0,0.0
2026-06-04 00:00:00-04:00,0.006500000134110451,0.20000000298023224,0.006500000134110451,0.15000000596046448,6885,0.0,0.0
2026-06-05 00:00:00-04:00,0.15000000596046448,0.15000000596046448,0.15000000596046448,0.15000000596046448,0,0.0,0.0
2026-06-08 00:00:00-04:00,0.15000000596046448,0.15000000596046448,0.15000000596046448,0.15000000596046448,0,0.0,0.0
2026-06-09 00:00:00-04:00,0.15000000596046448,0.15000000596046448,0.15000000596046448,0.15000000596046448,0,0.0,0.0
2026-06-10 00:00:00-04:00,0.15000000596046448,0.15000000596046448,0.15000000596046448,0.15000000596046448,0,0.0,0.0
2026-06-11 00:00:00-04:00,0.15000000596046448,0.15000000596046448,0.15000000596046448,0.15000000596046448,0,0.0,0.0
2026-06-12 00:00:00-04:00,0.010999999940395355,0.1550000011920929,0.010999999940395355,0.1550000011920929,1261,0.0,0.0
2026-06-15 00:00:00-04:00,0.1550000011920929,0.1550000011920929,0.1550000011920929,0.1550000011920929,0,0.0,0.0
2026-06-16 00:00:00-04:00,0.01600000075995922,0.1599999964237213,0.010999999940395355,0.1599999964237213,1003,0.0,0.0
2026-06-17 00:00:00-04:00,0.1599999964237213,0.1599999964237213,0.1599999964237213,0.1599999964237213,0,0.0,0.0
2026-06-18 00:00:00-04:00,0.021050000563263893,0.15940000116825104,0.010999999940395355,0.15940000116825104,909,0.0,0.0
2026-06-22 00:00:00-04:00,0.15940000116825104,0.15940000116825104,0.15940000116825104,0.15940000116825104,0,0.0,0.0
2026-06-23 00:00:00-04:00,0.012000000104308128,0.08049999922513962,0.012000000104308128,0.08049999922513962,1483,0.0,0.0
2026-06-24 00:00:00-04:00,0.08049999922513962,0.08049999922513962,0.08049999922513962,0.08049999922513962,0,0.0,0.0
2026-06-25 00:00:00-04:00,0.0010999999940395355,0.0010999999940395355,0.0010999999940395355,0.0010999999940395355,863,0.0,0.0
2026-06-26 00:00:00-04:00,0.0010999999940395355,0.0010999999940395355,0.0010999999940395355,0.0010999999940395355,0,0.0,0.0
2026-06-29 00:00:00-04:00,0.0010999999940395355,0.0010999999940395355,0.0010999999940395355,0.0010999999940395355,0,0.0,0.0
2026-06-30 00:00:00-04:00,0.0010999999940395355,0.0010999999940395355,0.0010999999940395355,0.0010999999940395355,0,0.0,0.0
2026-07-01 00:00:00-04:00,0.004999999888241291,0.004999999888241291,0.004999999888241291,0.004999999888241291,215,0.0,0.0
2026-07-02 00:00:00-04:00,0.02645000070333481,0.02645000070333481,0.02645000070333481,0.02645000070333481,1030,0.0,0.0
2026-07-06 00:00:00-04:00,0.02645000070333481,0.02645000070333481,0.02645000070333481,0.02645000070333481,0,0.0,0.0
2026-07-07 00:00:00-04:00,0.02865000069141388,0.02865000069141388,0.02865000069141388,0.02865000069141388,447,0.0,0.0
2026-07-08 00:00:00-04:00,0.02865000069141388,0.02865000069141388,0.02865000069141388,0.02865000069141388,0,0.0,0.0
2026-07-09 00:00:00-04:00,0.010999999940395355,0.010999999940395355,0.010999999940395355,0.010999999940395355,111,0.0,0.0
2026-07-10 00:00:00-04:00,0.010999999940395355,0.010999999940395355,0.010999999940395355,0.010999999940395355,0,0.0,0.0
2026-07-13 00:00:00-04:00,0.010999999940395355,0.010999999940395355,0.010999999940395355,0.010999999940395355,0,0.0,0.0
2026-07-14 00:00:00-04:00,0.010999999940395355,0.010999999940395355,0.010999999940395355,0.010999999940395355,0,0.0,0.0
2026-07-15 00:00:00-04:00,0.010999999940395355,0.010999999940395355,0.010999999940395355,0.010999999940395355,0,0.0,0.0
2026-07-16 00:00:00-04:00,0.010999999940395355,0.010999999940395355,0.010999999940395355,0.010999999940395355,0,0.0,0.0
2026-07-17 00:00:00-04:00,0.010999999940395355,0.010999999940395355,0.010999999940395355,0.010999999940395355,0,0.0,0.0
2026-07-20 00:00:00-04:00,0.0215000007301569,0.0215000007301569,0.0215000007301569,0.0215000007301569,547,0.0,0.0
2026-07-21 00:00:00-04:00,0.06624999642372131,0.06624999642372131,0.06624999642372131,0.06624999642372131,139,0.0,0.0
2026-07-22 00:00:00-04:00,0.06624999642372131,0.06624999642372131,0.06624999642372131,0.06624999642372131,0,0.0,0.0
2026-07-31 00:00:00-04:00,0.0012000000569969416,0.0012000000569969416,0.0012000000569969416,0.0012000000569969416,0,0.0,0.0
2026-08-06 00:00:00-04:00,0.0012000000569969416,0.0012000000569969416,0.0012000000569969416,0.0012000000569969416,0,0.0,0.0
2026-08-11 00:00:00-04:00,0.00019999999494757503,0.004999999888241291,0.00019999999494757503,0.004999999888241291,3176,0.0,0.0
2026-08-12 00:00:00-04:00,0.004999999888241291,0.004999999888241291,0.004999999888241291,0.004999999888241291,0,0.0,0.0
2026-08-13 00:00:00-04:00,0.10000000149011612,0.10000000149011612,0.00019999999494757503,0.0003000000142492354,1838,0.0,0.0
2026-08-14 00:00:00-04:00,0.0003000000142492354,0.0003000000142492354,0.0003000000142492354,0.0003000000142492354,0,0.0,0.0
2026-08-17 00:00:00-04:00,0.0003000000142492354,0.0003000000142492354,0.0003000000142492354,0.0003000000142492354,0,0.0,0.0
2026-08-18 00:00:00-04:00,0.0003000000142492354,0.0003000000142492354,0.0003000000142492354,0.0003000000142492354,0,0.0,0.0
2026-08-19 00:00:00-04:00,0.0003000000142492354,0.0003000000142492354,0.0003000000142492354,0.0003000000142492354,0,0.0,0.0
2026-08-20 00:00:00-04:00,0.0003000000142492354,0.0003000000142492354,0.0003000000142492354,0.0003000000142492354,0,0.0,0.0
2026-08-21 00:00:00-04:00,0.0003000000142492354,0.0003000000142492354,0.0003000000142492354,0.0003000000142492354,0,0.0,0.0
2026-08-24 00:00:00-04:00,0.01785000041127205,0.01785000041127205,0.01785000041127205,0.01785000041127205,711,0.0,0.0
2026-08-25 00:00:00-04:00,0.01785000041127205,0.01785000041127205,0.01785000041127205,0.01785000041127205,0,0.0,0.0
2026-08-26 00:00:00-04:00,0.01785000041127205,0.01785000041127205,0.01785000041127205,0.01785000041127205,0,0.0,0.0
2026-08-27 00:00:00-04:00,0.01785000041127205,0.01785000041127205,0.01785000041127205,0.01785000041127205,0,0.0,0.0
2026-08-28 00:00:00-04:00,0.01205000001937151,0.01205000001937151,0.01205000001937151,0.01205000001937151,203,0.0,0.0
2026-08-31 00:00:00-04:00,0.01205000001937151,0.01205000001937151,0.01205000001937151,0.01205000001937151,0,0.0,0.0
2026-09-01 00:00:00-04:00,0.004000000189989805,0.004000000189989805,0.0035000001080334187,0.0035000001080334187,2501,0.0,0.0
2026-09-02 00:00:00-04:00,0.0035000001080334187,0.0035000001080334187,0.0035000001080334187,0.0035000001080334187,0,0.0,0.0
2026-09-03 00:00:00-04:00,0.0006000000284984708,0.000699999975040555,0.0006000000284984708,0.000699999975040555,785,0.0,0.0
2026-09-04 00:00:00-04:00,0.000699999975040555,0.000699999975040555,0.000699999975040555,0.000699999975040555,0,0.0,0.0
2026-09-08 00:00:00-04:00,0.000699999975040555,0.000699999975040555,0.000699999975040555,0.000699999975040555,0,0.0,0.0
2026-09-09 00:00:00-04:00,0.000699999975040555,0.000699999975040555,0.000699999975040555,0.000699999975040555,0,0.0,0.0
2026-09-10 00:00:00-04:00,0.0010999999940395355,0.0010999999940395355,0.0010999999940395355,0.0010999999940395355,159,0.0,0.0
2026-09-11 00:00:00-04:00,0.0010999999940395355,0.0010999999940395355,0.0010999999940395355,0.0010999999940395355,0,0.0,0.0
