Date,Open,High,Low,Close,Volume,Dividends,Stock Splits
2009-11-18 00:00:00-05:00,1.7000000476837158,1.75,1.6330000162124634,1.6619999408721924,136704000,0.0,0.0
2009-11-19 00:00:00-05:00,1.656999945640564,1.7120000123977661,1.6059999465942383,1.6890000104904175,22173000,0.0,0.0
2009-11-20 00:00:00-05:00,1.687999963760376,1.6959999799728394,1.6059999465942383,1.694000005722046,11390000,0.0,0.0
2009-11-23 00:00:00-05:00,1.7059999704360962,1.7170000076293945,1.659999966621399,1.690000057220459,11858000,0.0,0.0
2009-11-24 00:00:00-05:00,1.6799999475479126,1.7050000429153442,1.6729999780654907,1.7009999752044678,4677000,0.0,0.0
2009-11-25 00:00:00-05:00,1.715000033378601,1.7280000448226929,1.6950000524520874,1.7200000286102295,4280000,0.0,0.0
2009-11-27 00:00:00-05:00,1.6770000457763672,1.7680000066757202,1.6699999570846558,1.6890000104904175,1740000,0.0,0.0
2009-11-30 00:00:00-05:00,1.7050000429153442,1.7319999933242798,1.680999994277954,1.6990000009536743,4338000,0.0,0.0
2009-12-01 00:00:00-05:00,1.7000000476837158,1.7239999771118164,1.6629999876022339,1.6820000410079956,4125000,0.0,0.0
2009-12-02 00:00:00-05:00,1.690000057220459,1.690000057220459,1.6150000095367432,1.6619999408721924,9602000,0.0,0.0
2009-12-03 00:00:00-05:00,1.6619999408721924,1.6859999895095825,1.6519999504089355,1.6679999828338623,5699000,0.0,0.0
2009-12-04 00:00:00-05:00,1.684999942779541,1.7300000190734863,1.6360000371932983,1.7280000448226929,8127000,0.0,0.0
2009-12-07 00:00:00-05:00,1.7120000123977661,1.7610000371932983,1.684000015258789,1.6920000314712524,5232000,0.0,0.0
2009-12-08 00:00:00-05:00,1.6950000524520874,1.6950000524520874,1.6449999809265137,1.6549999713897705,2080000,0.0,0.0
2009-12-09 00:00:00-05:00,1.649999976158142,1.725000023841858,1.649999976158142,1.6990000009536743,4055000,0.0,0.0
2009-12-10 00:00:00-05:00,1.718000054359436,1.718000054359436,1.6770000457763672,1.6920000314712524,763000,0.0,0.0
2009-12-11 00:00:00-05:00,1.6829999685287476,1.6970000267028809,1.6660000085830688,1.694000005722046,1312000,0.0,0.0
2009-12-14 00:00:00-05:00,1.690000057220459,1.7209999561309814,1.680999994277954,1.7000000476837158,787000,0.0,0.0
2009-12-15 00:00:00-05:00,1.7100000381469727,1.7239999771118164,1.684999942779541,1.7000000476837158,2445000,0.0,0.0
2009-12-16 00:00:00-05:00,1.7000000476837158,1.8339999914169312,1.7000000476837158,1.8250000476837158,7823000,0.0,0.0
2009-12-17 00:00:00-05:00,1.8300000429153442,1.8459999561309814,1.781000018119812,1.7949999570846558,6717000,0.0,0.0
2009-12-18 00:00:00-05:00,1.8179999589920044,1.8370000123977661,1.7549999952316284,1.7580000162124634,19493000,0.0,0.0
2009-12-21 00:00:00-05:00,1.7649999856948853,1.7960000038146973,1.7200000286102295,1.7630000114440918,3028000,0.0,0.0
2009-12-22 00:00:00-05:00,1.7710000276565552,1.7769999504089355,1.7109999656677246,1.7230000495910645,2614000,0.0,0.0
2009-12-23 00:00:00-05:00,1.7300000190734863,1.8170000314712524,1.7209999561309814,1.7960000038146973,4023000,0.0,0.0
2009-12-24 00:00:00-05:00,1.7990000247955322,1.8550000190734863,1.7910000085830688,1.8359999656677246,2376000,0.0,0.0
2009-12-28 00:00:00-05:00,1.8669999837875366,1.878000020980835,1.75,1.7730000019073486,5537000,0.0,0.0
2009-12-29 00:00:00-05:00,1.7730000019073486,1.840000033378601,1.7730000019073486,1.8350000381469727,3317000,0.0,0.0
2009-12-30 00:00:00-05:00,1.8300000429153442,1.8329999446868896,1.7899999618530273,1.8020000457763672,1173000,0.0,0.0
2009-12-31 00:00:00-05:00,1.805999994277954,1.8240000009536743,1.753000020980835,1.7569999694824219,1518000,0.0,0.0
2010-01-04 00:00:00-05:00,1.7879999876022339,1.8200000524520874,1.7630000114440918,1.7999999523162842,3580000,0.0,0.0
2010-01-05 00:00:00-05:00,1.8029999732971191,1.8600000143051147,1.7999999523162842,1.8389999866485596,4114000,0.0,0.0
2010-01-06 00:00:00-05:00,1.8880000114440918,1.9850000143051147,1.8799999952316284,1.940999984741211,9367000,0.0,0.0
2010-01-07 00:00:00-05:00,1.9529999494552612,1.9609999656677246,1.899999976158142,1.9450000524520874,1376000,0.0,0.0
2010-01-08 00:00:00-05:00,1.9550000429153442,2.059000015258789,1.9220000505447388,2.010999917984009,4571000,0.0,0.0
2010-01-11 00:00:00-05:00,2.0250000953674316,2.0250000953674316,1.968999981880188,2.005000114440918,1879000,0.0,0.0
2010-01-12 00:00:00-05:00,1.9889999628067017,2.0239999294281006,1.968999981880188,1.9789999723434448,4737000,0.0,0.0
2010-01-13 00:00:00-05:00,1.9759999513626099,1.9880000352859497,1.840999960899353,1.944000005722046,3909000,0.0,0.0
2010-01-14 00:00:00-05:00,1.9459999799728394,2.006999969482422,1.9249999523162842,1.9900000095367432,3534000,0.0,0.0
2010-01-15 00:00:00-05:00,1.996000051498413,1.996000051498413,1.9149999618530273,1.9630000591278076,3255000,0.0,0.0
2010-01-19 00:00:00-05:00,1.965000033378601,2.0480000972747803,1.9620000123977661,1.9800000190734863,3086000,0.0,0.0
2010-01-20 00:00:00-05:00,1.972000002861023,2.0,1.8880000114440918,1.906000018119812,2316000,0.0,0.0
2010-01-21 00:00:00-05:00,1.9149999618530273,1.9149999618530273,1.8250000476837158,1.8389999866485596,3555000,0.0,0.0
2010-01-22 00:00:00-05:00,1.840000033378601,1.8839999437332153,1.7829999923706055,1.7879999876022339,4645000,0.0,0.0
2010-01-25 00:00:00-05:00,1.812999963760376,1.812999963760376,1.7699999809265137,1.8009999990463257,2456000,0.0,0.0
2010-01-26 00:00:00-05:00,1.7999999523162842,1.8700000047683716,1.7999999523162842,1.8309999704360962,3386000,0.0,0.0
2010-01-27 00:00:00-05:00,1.8389999866485596,1.88100004196167,1.7899999618530273,1.8650000095367432,3941000,0.0,0.0
2010-01-28 00:00:00-05:00,1.899999976158142,1.902999997138977,1.7259999513626099,1.7799999713897705,13545000,0.0,0.0
2010-01-29 00:00:00-05:00,1.7879999876022339,1.843000054359436,1.6119999885559082,1.7230000495910645,8798000,0.0,0.0
2010-02-01 00:00:00-05:00,1.7289999723434448,1.774999976158142,1.7000000476837158,1.7450000047683716,1807000,0.0,0.0
2010-02-02 00:00:00-05:00,1.75,1.7730000019073486,1.7009999752044678,1.7130000591278076,6500000,0.0,0.0
2010-02-03 00:00:00-05:00,1.715000033378601,1.722000002861023,1.6349999904632568,1.6440000534057617,4568000,0.0,0.0
2010-02-04 00:00:00-05:00,1.6380000114440918,1.6549999713897705,1.5520000457763672,1.5700000524520874,6020000,0.0,0.0
2010-02-05 00:00:00-05:00,1.5700000524520874,1.5889999866485596,1.5180000066757202,1.569000005722046,5304000,0.0,0.0
2010-02-08 00:00:00-05:00,1.5750000476837158,1.6080000400543213,1.5360000133514404,1.590000033378601,1886000,0.0,0.0
2010-02-09 00:00:00-05:00,1.6720000505447388,1.7139999866485596,1.6269999742507935,1.659000039100647,4390000,0.0,0.0
2010-02-10 00:00:00-05:00,1.6549999713897705,1.7000000476837158,1.6369999647140503,1.6859999895095825,2776000,0.0,0.0
2010-02-11 00:00:00-05:00,1.6859999895095825,1.687000036239624,1.6299999952316284,1.6670000553131104,3223000,0.0,0.0
2010-02-12 00:00:00-05:00,1.6449999809265137,1.6970000267028809,1.6419999599456787,1.6519999504089355,2054000,0.0,0.0
2010-02-16 00:00:00-05:00,1.6660000085830688,1.6779999732971191,1.6380000114440918,1.6510000228881836,809000,0.0,0.0
2010-02-17 00:00:00-05:00,1.6549999713897705,1.6920000314712524,1.6469999551773071,1.6920000314712524,1847000,0.0,0.0
2010-02-18 00:00:00-05:00,1.6950000524520874,1.7359999418258667,1.6859999895095825,1.7330000400543213,1409000,0.0,0.0
2010-02-19 00:00:00-05:00,1.7330000400543213,1.7480000257492065,1.725000023841858,1.7330000400543213,1663000,0.0,0.0
2010-02-22 00:00:00-05:00,1.7330000400543213,1.7359999418258667,1.690000057220459,1.6970000267028809,1734000,0.0,0.0
2010-02-23 00:00:00-05:00,1.690999984741211,1.7000000476837158,1.6519999504089355,1.6679999828338623,1278000,0.0,0.0
2010-02-24 00:00:00-05:00,1.6829999685287476,1.7070000171661377,1.6510000228881836,1.656999945640564,2555000,0.0,0.0
2010-02-25 00:00:00-05:00,1.6440000534057617,1.684000015258789,1.6030000448226929,1.6759999990463257,1933000,0.0,0.0
2010-02-26 00:00:00-05:00,1.680999994277954,1.7300000190734863,1.649999976158142,1.718000054359436,2109000,0.0,0.0
2010-03-01 00:00:00-05:00,1.7319999933242798,1.812000036239624,1.7029999494552612,1.7990000247955322,3470000,0.0,0.0
2010-03-02 00:00:00-05:00,1.7999999523162842,1.8250000476837158,1.7269999980926514,1.746000051498413,2792000,0.0,0.0
2010-03-03 00:00:00-05:00,1.75,1.7510000467300415,1.7029999494552612,1.7089999914169312,1564000,0.0,0.0
2010-03-04 00:00:00-05:00,1.718999981880188,1.7389999628067017,1.6699999570846558,1.687000036239624,2034000,0.0,0.0
2010-03-05 00:00:00-05:00,1.7020000219345093,1.7389999628067017,1.694000005722046,1.7050000429153442,3857000,0.0,0.0
2010-03-08 00:00:00-05:00,1.7100000381469727,1.7300000190734863,1.7100000381469727,1.7239999771118164,3159000,0.0,0.0
2010-03-09 00:00:00-05:00,1.7130000591278076,1.7640000581741333,1.7009999752044678,1.7009999752044678,3533000,0.0,0.0
2010-03-10 00:00:00-05:00,1.7070000171661377,1.7130000591278076,1.6469999551773071,1.6660000085830688,2836000,0.0,0.0
2010-03-11 00:00:00-05:00,1.659000039100647,1.659000039100647,1.621999979019165,1.6369999647140503,1946000,0.0,0.0
2010-03-12 00:00:00-05:00,1.649999976158142,1.649999976158142,1.6200000047683716,1.6339999437332153,1479000,0.0,0.0
2010-03-15 00:00:00-04:00,1.6360000371932983,1.687999963760376,1.6230000257492065,1.6330000162124634,1644000,0.0,0.0
2010-03-16 00:00:00-04:00,1.6330000162124634,1.6799999475479126,1.6039999723434448,1.6480000019073486,2364000,0.0,0.0
2010-03-17 00:00:00-04:00,1.6549999713897705,1.7020000219345093,1.6440000534057617,1.694000005722046,4712000,0.0,0.0
2010-03-18 00:00:00-04:00,1.7000000476837158,1.7549999952316284,1.7000000476837158,1.718000054359436,6276000,0.0,0.0
2010-03-19 00:00:00-04:00,1.7100000381469727,1.725000023841858,1.6720000505447388,1.7100000381469727,4524000,0.0,0.0
2010-03-22 00:00:00-04:00,1.6970000267028809,1.7330000400543213,1.6950000524520874,1.7130000591278076,5656000,0.0,0.0
2010-03-23 00:00:00-04:00,1.7100000381469727,1.7400000095367432,1.7050000429153442,1.7339999675750732,2566000,0.0,0.0
2010-03-24 00:00:00-04:00,1.7300000190734863,1.7640000581741333,1.715000033378601,1.7209999561309814,1864000,0.0,0.0
2010-03-25 00:00:00-04:00,1.7280000448226929,1.7580000162124634,1.7170000076293945,1.7200000286102295,1435000,0.0,0.0
2010-03-26 00:00:00-04:00,1.7209999561309814,1.7319999933242798,1.6890000104904175,1.7050000429153442,3375000,0.0,0.0
2010-03-29 00:00:00-04:00,1.7039999961853027,1.7400000095367432,1.6970000267028809,1.7400000095367432,2080000,0.0,0.0
2010-03-30 00:00:00-04:00,1.7369999885559082,1.7699999809265137,1.7269999980926514,1.7660000324249268,2360000,0.0,0.0
2010-03-31 00:00:00-04:00,1.7630000114440918,1.7899999618530273,1.7519999742507935,1.7580000162124634,2122000,0.0,0.0
2010-04-01 00:00:00-04:00,1.774999976158142,1.7949999570846558,1.7619999647140503,1.7690000534057617,3134000,0.0,0.0
2010-04-05 00:00:00-04:00,1.7790000438690186,1.781000018119812,1.715000033378601,1.7309999465942383,2824000,0.0,0.0
2010-04-06 00:00:00-04:00,1.715999960899353,1.7400000095367432,1.7020000219345093,1.7209999561309814,1174000,0.0,0.0
2010-04-07 00:00:00-04:00,1.725000023841858,1.7450000047683716,1.6890000104904175,1.7319999933242798,2007000,0.0,0.0
2010-04-08 00:00:00-04:00,1.7289999723434448,1.7369999885559082,1.6749999523162842,1.7009999752044678,2444000,0.0,0.0
2010-04-09 00:00:00-04:00,1.7009999752044678,1.7170000076293945,1.6319999694824219,1.6859999895095825,2302000,0.0,0.0
2010-04-12 00:00:00-04:00,1.680999994277954,1.7100000381469727,1.6699999570846558,1.7020000219345093,2076000,0.0,0.0
2010-04-13 00:00:00-04:00,1.6929999589920044,1.7070000171661377,1.6380000114440918,1.6440000534057617,3421000,0.0,0.0
2010-04-14 00:00:00-04:00,1.6640000343322754,1.7200000286102295,1.61899995803833,1.7050000429153442,5009000,0.0,0.0
2010-04-15 00:00:00-04:00,1.7009999752044678,1.7070000171661377,1.6399999856948853,1.6460000276565552,5674000,0.0,0.0
2010-04-16 00:00:00-04:00,1.6480000019073486,1.6490000486373901,1.5880000591278076,1.6200000047683716,6131000,0.0,0.0
2010-04-19 00:00:00-04:00,1.6180000305175781,1.6540000438690186,1.6180000305175781,1.625,2299000,0.0,0.0
2010-04-20 00:00:00-04:00,1.628000020980835,1.6679999828338623,1.6180000305175781,1.6660000085830688,3880000,0.0,0.0
2010-04-21 00:00:00-04:00,1.6679999828338623,1.684999942779541,1.6349999904632568,1.6419999599456787,1622000,0.0,0.0
2010-04-22 00:00:00-04:00,1.621000051498413,1.659999966621399,1.6100000143051147,1.6360000371932983,2030000,0.0,0.0
2010-04-23 00:00:00-04:00,1.6390000581741333,1.659999966621399,1.5859999656677246,1.6579999923706055,3118000,0.0,0.0
2010-04-26 00:00:00-04:00,1.659999966621399,1.6670000553131104,1.61899995803833,1.6260000467300415,2205000,0.0,0.0
2010-04-27 00:00:00-04:00,1.621999979019165,1.6660000085830688,1.6039999723434448,1.6430000066757202,2930000,0.0,0.0
2010-04-28 00:00:00-04:00,1.6649999618530273,1.687000036239624,1.621999979019165,1.6820000410079956,3958000,0.0,0.0
2010-04-29 00:00:00-04:00,1.7339999675750732,1.7999999523162842,1.694000005722046,1.7799999713897705,11761000,0.0,0.0
2010-04-30 00:00:00-04:00,1.7910000085830688,1.9210000038146973,1.753999948501587,1.777999997138977,7126000,0.0,0.0
2010-05-03 00:00:00-04:00,1.781000018119812,1.86899995803833,1.7760000228881836,1.8630000352859497,3818000,0.0,0.0
2010-05-04 00:00:00-04:00,1.8459999561309814,1.9140000343322754,1.75,1.7910000085830688,4426000,0.0,0.0
2010-05-05 00:00:00-04:00,1.784999966621399,1.7929999828338623,1.7309999465942383,1.7630000114440918,2658000,0.0,0.0
2010-05-06 00:00:00-04:00,1.746000051498413,1.7719999551773071,1.5609999895095825,1.718999981880188,5831000,0.0,0.0
2010-05-07 00:00:00-04:00,1.7130000591278076,1.7200000286102295,1.6160000562667847,1.6460000276565552,3039000,0.0,0.0
2010-05-10 00:00:00-04:00,1.7359999418258667,1.75,1.6710000038146973,1.690000057220459,3134000,0.0,0.0
2010-05-11 00:00:00-04:00,1.6619999408721924,1.7050000429153442,1.6460000276565552,1.6749999523162842,2587000,0.0,0.0
2010-05-12 00:00:00-04:00,1.687999963760376,1.7300000190734863,1.6660000085830688,1.7170000076293945,3102000,0.0,0.0
2010-05-13 00:00:00-04:00,1.7029999494552612,1.7120000123977661,1.659999966621399,1.6749999523162842,2852000,0.0,0.0
2010-05-14 00:00:00-04:00,1.6510000228881836,1.6699999570846558,1.6119999885559082,1.6139999628067017,4737000,0.0,0.0
2010-05-17 00:00:00-04:00,1.5199999809265137,1.6799999475479126,1.5099999904632568,1.6749999523162842,37874000,0.0,0.0
2010-05-18 00:00:00-04:00,1.6640000343322754,1.7079999446868896,1.6540000438690186,1.656999945640564,15171000,0.0,0.0
2010-05-19 00:00:00-04:00,1.6460000276565552,1.6959999799728394,1.6360000371932983,1.652999997138977,15633000,0.0,0.0
2010-05-20 00:00:00-04:00,1.6349999904632568,1.659000039100647,1.6009999513626099,1.621999979019165,7477000,0.0,0.0
2010-05-21 00:00:00-04:00,1.6069999933242798,1.6449999809265137,1.600000023841858,1.6260000467300415,9047000,0.0,0.0
2010-05-24 00:00:00-04:00,1.6260000467300415,1.6460000276565552,1.5989999771118164,1.6039999723434448,3399000,0.0,0.0
2010-05-25 00:00:00-04:00,1.562000036239624,1.5820000171661377,1.5490000247955322,1.5720000267028809,13869000,0.0,0.0
2010-05-26 00:00:00-04:00,1.5700000524520874,1.6369999647140503,1.5700000524520874,1.6200000047683716,9312000,0.0,0.0
2010-05-27 00:00:00-04:00,1.6440000534057617,1.6440000534057617,1.6019999980926514,1.6200000047683716,16165000,0.0,0.0
2010-05-28 00:00:00-04:00,1.6119999885559082,1.6399999856948853,1.597000002861023,1.6319999694824219,8984000,0.0,0.0
2010-06-01 00:00:00-04:00,1.6119999885559082,1.63100004196167,1.5700000524520874,1.5729999542236328,9361000,0.0,0.0
2010-06-02 00:00:00-04:00,1.5880000591278076,1.6030000448226929,1.5729999542236328,1.600000023841858,4271000,0.0,0.0
2010-06-03 00:00:00-04:00,1.5980000495910645,1.6109999418258667,1.5499999523162842,1.5779999494552612,10916000,0.0,0.0
2010-06-04 00:00:00-04:00,1.5570000410079956,1.5820000171661377,1.5160000324249268,1.5190000534057617,5524000,0.0,0.0
2010-06-07 00:00:00-04:00,1.5269999504089355,1.531999945640564,1.5,1.503999948501587,5678000,0.0,0.0
2010-06-08 00:00:00-04:00,1.5019999742507935,1.5210000276565552,1.4780000448226929,1.5,4358000,0.0,0.0
2010-06-09 00:00:00-04:00,1.5080000162124634,1.565000057220459,1.503000020980835,1.5099999904632568,10155000,0.0,0.0
2010-06-10 00:00:00-04:00,1.5240000486373901,1.5609999895095825,1.5130000114440918,1.5449999570846558,5876000,0.0,0.0
2010-06-11 00:00:00-04:00,1.5390000343322754,1.597000002861023,1.5390000343322754,1.5800000429153442,10352000,0.0,0.0
2010-06-14 00:00:00-04:00,1.5809999704360962,1.6349999904632568,1.5809999704360962,1.61899995803833,8637000,0.0,0.0
2010-06-15 00:00:00-04:00,1.621999979019165,1.6430000066757202,1.6160000562667847,1.6419999599456787,7338000,0.0,0.0
2010-06-16 00:00:00-04:00,1.628999948501587,1.6440000534057617,1.6169999837875366,1.625,6340000,0.0,0.0
2010-06-17 00:00:00-04:00,1.6260000467300415,1.6679999828338623,1.625,1.649999976158142,6861000,0.0,0.0
2010-06-18 00:00:00-04:00,1.659000039100647,1.715000033378601,1.6549999713897705,1.7139999866485596,12798000,0.0,0.0
2010-06-21 00:00:00-04:00,1.715000033378601,1.718000054359436,1.6959999799728394,1.7050000429153442,9569000,0.0,0.0
2010-06-22 00:00:00-04:00,1.6990000009536743,1.7269999980926514,1.6890000104904175,1.6979999542236328,9420000,0.0,0.0
2010-06-23 00:00:00-04:00,1.690999984741211,1.7130000591278076,1.6729999780654907,1.6779999732971191,3306000,0.0,0.0
2010-06-24 00:00:00-04:00,1.6690000295639038,1.715000033378601,1.6690000295639038,1.7089999914169312,7684000,0.0,0.0
2010-06-25 00:00:00-04:00,1.7120000123977661,1.7740000486373901,1.7050000429153442,1.7549999952316284,50871000,0.0,0.0
2010-06-28 00:00:00-04:00,1.7549999952316284,1.7599999904632568,1.7269999980926514,1.746999979019165,7486000,0.0,0.0
2010-06-29 00:00:00-04:00,1.725000023841858,1.725000023841858,1.684000015258789,1.7070000171661377,10252000,0.0,0.0
2010-06-30 00:00:00-04:00,1.7000000476837158,1.7359999418258667,1.6349999904632568,1.6440000534057617,9750000,0.0,0.0
2010-07-01 00:00:00-04:00,1.6549999713897705,1.6549999713897705,1.5889999866485596,1.6260000467300415,4913000,0.0,0.0
2010-07-02 00:00:00-04:00,1.6339999437332153,1.6670000553131104,1.5980000495910645,1.61899995803833,2276000,0.0,0.0
2010-07-06 00:00:00-04:00,1.63100004196167,1.6920000314712524,1.6150000095367432,1.6269999742507935,4205000,0.0,0.0
2010-07-07 00:00:00-04:00,1.6299999952316284,1.6729999780654907,1.6089999675750732,1.6699999570846558,3460000,0.0,0.0
2010-07-08 00:00:00-04:00,1.680999994277954,1.7009999752044678,1.6410000324249268,1.7009999752044678,5438000,0.0,0.0
2010-07-09 00:00:00-04:00,1.6959999799728394,1.715000033378601,1.6649999618530273,1.6970000267028809,4740000,0.0,0.0
2010-07-12 00:00:00-04:00,1.687000036239624,1.6990000009536743,1.6410000324249268,1.6660000085830688,4528000,0.0,0.0
2010-07-13 00:00:00-04:00,1.6799999475479126,1.7109999656677246,1.472000002861023,1.684999942779541,5181000,0.0,0.0
2010-07-14 00:00:00-04:00,1.6820000410079956,1.6990000009536743,1.6610000133514404,1.684999942779541,2992000,0.0,0.0
2010-07-15 00:00:00-04:00,1.6790000200271606,1.6890000104904175,1.6410000324249268,1.659999966621399,2656000,0.0,0.0
2010-07-16 00:00:00-04:00,1.6469999551773071,1.656999945640564,1.6150000095367432,1.628000020980835,3793000,0.0,0.0
2010-07-19 00:00:00-04:00,1.628000020980835,1.6419999599456787,1.5700000524520874,1.6139999628067017,5203000,0.0,0.0
2010-07-20 00:00:00-04:00,1.593999981880188,1.6330000162124634,1.5670000314712524,1.6119999885559082,4965000,0.0,0.0
2010-07-21 00:00:00-04:00,1.6200000047683716,1.6490000486373901,1.5709999799728394,1.600000023841858,4565000,0.0,0.0
2010-07-22 00:00:00-04:00,1.6239999532699585,1.7350000143051147,1.6160000562667847,1.7319999933242798,15781000,0.0,0.0
2010-07-23 00:00:00-04:00,1.7200000286102295,1.784999966621399,1.6679999828338623,1.781000018119812,25068000,0.0,0.0
2010-07-26 00:00:00-04:00,1.781000018119812,1.8170000314712524,1.777999997138977,1.8079999685287476,14357000,0.0,0.0
2010-07-27 00:00:00-04:00,1.7999999523162842,1.809000015258789,1.781000018119812,1.7940000295639038,8164000,0.0,0.0
2010-07-28 00:00:00-04:00,1.784999966621399,1.7940000295639038,1.7599999904632568,1.7719999551773071,3702000,0.0,0.0
2010-07-29 00:00:00-04:00,1.774999976158142,1.7899999618530273,1.7430000305175781,1.7799999713897705,4934000,0.0,0.0
2010-07-30 00:00:00-04:00,1.75600004196167,1.8009999990463257,1.75600004196167,1.8009999990463257,4525000,0.0,0.0
2010-08-02 00:00:00-04:00,1.809999942779541,1.8250000476837158,1.781000018119812,1.815999984741211,5970000,0.0,0.0
2010-08-03 00:00:00-04:00,1.815000057220459,1.840999960899353,1.812999963760376,1.819000005722046,5696000,0.0,0.0
2010-08-04 00:00:00-04:00,1.8229999542236328,1.8420000076293945,1.7949999570846558,1.840999960899353,2013000,0.0,0.0
2010-08-05 00:00:00-04:00,1.8289999961853027,1.8450000286102295,1.7929999828338623,1.7979999780654907,1912000,0.0,0.0
2010-08-06 00:00:00-04:00,1.7799999713897705,1.8229999542236328,1.7610000371932983,1.819000005722046,3242000,0.0,0.0
2010-08-09 00:00:00-04:00,1.815999984741211,1.8350000381469727,1.8040000200271606,1.8170000314712524,4920000,0.0,0.0
2010-08-10 00:00:00-04:00,1.7949999570846558,1.8040000200271606,1.753000020980835,1.7869999408721924,2356000,0.0,0.0
2010-08-11 00:00:00-04:00,1.7619999647140503,1.7790000438690186,1.7120000123977661,1.7209999561309814,4256000,0.0,0.0
2010-08-12 00:00:00-04:00,1.7050000429153442,1.7369999885559082,1.6859999895095825,1.7359999418258667,3125000,0.0,0.0
2010-08-13 00:00:00-04:00,1.7259999513626099,1.774999976158142,1.684000015258789,1.75600004196167,2731000,0.0,0.0
2010-08-16 00:00:00-04:00,1.7410000562667847,1.7899999618530273,1.7280000448226929,1.7699999809265137,1712000,0.0,0.0
2010-08-17 00:00:00-04:00,1.784999966621399,1.815000057220459,1.7400000095367432,1.8079999685287476,5442000,0.0,0.0
2010-08-18 00:00:00-04:00,1.7920000553131104,1.8279999494552612,1.781999945640564,1.8209999799728394,7449000,0.0,0.0
2010-08-19 00:00:00-04:00,1.8200000524520874,1.8289999961853027,1.7400000095367432,1.7799999713897705,6623000,0.0,0.0
2010-08-20 00:00:00-04:00,1.7710000276565552,1.840000033378601,1.753000020980835,1.8380000591278076,8106000,0.0,0.0
2010-08-23 00:00:00-04:00,1.840000033378601,1.8589999675750732,1.805999994277954,1.840999960899353,9454000,0.0,0.0
2010-08-24 00:00:00-04:00,1.812999963760376,1.8539999723434448,1.805999994277954,1.843000054359436,5218000,0.0,0.0
2010-08-25 00:00:00-04:00,1.8279999494552612,1.8600000143051147,1.7979999780654907,1.8600000143051147,6930000,0.0,0.0
2010-08-26 00:00:00-04:00,1.8600000143051147,1.9199999570846558,1.850000023841858,1.8830000162124634,14143000,0.0,0.0
2010-08-27 00:00:00-04:00,1.8969999551773071,2.1700000762939453,1.8919999599456787,1.9989999532699585,45748000,0.0,0.0
2010-08-30 00:00:00-04:00,2.0,2.0480000972747803,1.9800000190734863,2.003000020980835,15164000,0.0,0.0
2010-08-31 00:00:00-04:00,2.005000114440918,2.0420000553131104,1.968000054359436,2.0380001068115234,22279000,0.0,0.0
2010-09-01 00:00:00-04:00,2.052000045776367,2.1019999980926514,2.049999952316284,2.0980000495910645,21860000,0.0,0.0
2010-09-02 00:00:00-04:00,2.0940001010894775,2.193000078201294,2.075000047683716,2.183000087738037,8359000,0.0,0.0
2010-09-03 00:00:00-04:00,2.200000047683716,2.2090001106262207,2.0989999771118164,2.117000102996826,5314000,0.0,0.0
2010-09-07 00:00:00-04:00,2.118000030517578,2.1470000743865967,2.0350000858306885,2.046999931335449,7880000,0.0,0.0
2010-09-08 00:00:00-04:00,2.0439999103546143,2.1040000915527344,2.0380001068115234,2.0880000591278076,4012000,0.0,0.0
2010-09-09 00:00:00-04:00,2.1070001125335693,2.2149999141693115,2.1070001125335693,2.2009999752044678,12802000,0.0,0.0
2010-09-10 00:00:00-04:00,2.2109999656677246,2.2149999141693115,2.1389999389648438,2.1510000228881836,7335000,0.0,0.0
2010-09-13 00:00:00-04:00,2.2260000705718994,2.2960000038146973,2.184000015258789,2.190000057220459,18359000,0.0,0.0
2010-09-14 00:00:00-04:00,2.1730000972747803,2.315000057220459,2.13700008392334,2.2920000553131104,15832000,0.0,0.0
2010-09-15 00:00:00-04:00,2.2920000553131104,2.3429999351501465,2.2339999675750732,2.240000009536743,10802000,0.0,0.0
2010-09-16 00:00:00-04:00,2.236999988555908,2.308000087738037,2.236999988555908,2.2799999713897705,12123000,0.0,0.0
2010-09-17 00:00:00-04:00,2.305000066757202,2.5250000953674316,2.255000114440918,2.5,28567000,0.0,0.0
2010-09-20 00:00:00-04:00,2.5,2.5390000343322754,2.4609999656677246,2.510999917984009,12590000,0.0,0.0
2010-09-21 00:00:00-04:00,2.5,2.503999948501587,2.4600000381469727,2.4670000076293945,7603000,0.0,0.0
2010-09-22 00:00:00-04:00,2.4679999351501465,2.4730000495910645,2.3589999675750732,2.381999969482422,6024000,0.0,0.0
2010-09-23 00:00:00-04:00,2.3499999046325684,2.4059998989105225,2.325000047683716,2.367000102996826,11576000,0.0,0.0
2010-09-24 00:00:00-04:00,2.4059998989105225,2.450000047683716,2.375999927520752,2.4000000953674316,13423000,0.0,0.0
2010-09-27 00:00:00-04:00,2.3959999084472656,2.5139999389648438,2.369999885559082,2.4670000076293945,13205000,0.0,0.0
2010-09-28 00:00:00-04:00,2.4769999980926514,2.562999963760376,2.421999931335449,2.436000108718872,9128000,0.0,0.0
2010-09-29 00:00:00-04:00,2.440000057220459,2.5290000438690186,2.430000066757202,2.5209999084472656,11930000,0.0,0.0
2010-09-30 00:00:00-04:00,2.5399999618530273,2.559000015258789,2.486999988555908,2.5,8000000,0.0,0.0
2010-10-01 00:00:00-04:00,2.5230000019073486,2.5230000019073486,2.444999933242798,2.5,3787000,0.0,0.0
2010-10-04 00:00:00-04:00,2.505000114440918,2.562999963760376,2.4830000400543213,2.552999973297119,9856000,0.0,0.0
2010-10-05 00:00:00-04:00,2.561000108718872,2.5920000076293945,2.5220000743865967,2.552999973297119,6511000,0.0,0.0
2010-10-06 00:00:00-04:00,2.569999933242798,2.5950000286102295,2.380000114440918,2.4189999103546143,10829000,0.0,0.0
2010-10-07 00:00:00-04:00,2.4230000972747803,2.450000047683716,2.3559999465942383,2.4079999923706055,13857000,0.0,0.0
2010-10-08 00:00:00-04:00,2.4000000953674316,2.450000047683716,2.384999990463257,2.4189999103546143,5455000,0.0,0.0
2010-10-11 00:00:00-04:00,2.4170000553131104,2.5280001163482666,2.4170000553131104,2.5,6831000,0.0,0.0
2010-10-12 00:00:00-04:00,2.486999988555908,2.51200008392334,2.4679999351501465,2.499000072479248,7697000,0.0,0.0
2010-10-13 00:00:00-04:00,2.507999897003174,2.5350000858306885,2.489000082015991,2.502000093460083,4695000,0.0,0.0
2010-10-14 00:00:00-04:00,2.5,2.5350000858306885,2.492000102996826,2.5280001163482666,3382000,0.0,0.0
2010-10-15 00:00:00-04:00,2.552999973297119,2.6610000133514404,2.5350000858306885,2.6029999256134033,11926000,0.0,0.0
2010-10-18 00:00:00-04:00,2.5999999046325684,2.6559998989105225,2.565999984741211,2.611999988555908,4341000,0.0,0.0
2010-10-19 00:00:00-04:00,2.5829999446868896,2.5829999446868896,2.492000102996826,2.5179998874664307,5809000,0.0,0.0
2010-10-20 00:00:00-04:00,2.5250000953674316,2.5950000286102295,2.484999895095825,2.5160000324249268,6616000,0.0,0.0
2010-10-21 00:00:00-04:00,2.5369999408721924,2.5450000762939453,2.4260001182556152,2.4700000286102295,8109000,0.0,0.0
2010-10-22 00:00:00-04:00,2.700000047683716,2.9749999046325684,2.687000036239624,2.9630000591278076,35186000,0.0,0.0
2010-10-25 00:00:00-04:00,2.9639999866485596,3.0309998989105225,2.9170000553131104,3.0250000953674316,9480000,0.0,0.0
2010-10-26 00:00:00-04:00,2.996999979019165,3.1500000953674316,2.9860000610351562,3.13700008392334,13124000,0.0,0.0
2010-10-27 00:00:00-04:00,3.128999948501587,3.1649999618530273,3.0940001010894775,3.134000062942505,7842000,0.0,0.0
2010-10-28 00:00:00-04:00,3.056999921798706,3.075000047683716,2.874000072479248,3.0,13906000,0.0,0.0
2010-10-29 00:00:00-04:00,3.005000114440918,3.0290000438690186,2.9600000381469727,3.0,4942000,0.0,0.0
2010-11-01 00:00:00-04:00,3.671999931335449,3.677000045776367,3.1070001125335693,3.187999963760376,95306000,0.0,0.0
2010-11-02 00:00:00-04:00,3.234999895095825,3.2730000019073486,3.071000099182129,3.0989999771118164,25249000,0.0,0.0
2010-11-03 00:00:00-04:00,3.1080000400543213,3.1619999408721924,3.0769999027252197,3.0999999046325684,6793000,0.0,0.0
2010-11-04 00:00:00-04:00,3.1010000705718994,3.119999885559082,2.940999984741211,3.055999994277954,21342000,0.0,0.0
2010-11-05 00:00:00-04:00,3.0399999618530273,3.1549999713897705,3.0399999618530273,3.128999948501587,6521000,0.0,0.0
2010-11-08 00:00:00-05:00,3.0999999046325684,3.130000114440918,2.9100000858306885,3.0980000495910645,13083000,0.0,0.0
2010-11-09 00:00:00-05:00,3.0980000495910645,3.1760001182556152,3.0980000495910645,3.11899995803833,6161000,0.0,0.0
2010-11-10 00:00:00-05:00,3.114000082015991,3.140000104904175,3.068000078201294,3.0980000495910645,3832000,0.0,0.0
2010-11-11 00:00:00-05:00,3.055000066757202,3.1070001125335693,3.0,3.0429999828338623,3773000,0.0,0.0
2010-11-12 00:00:00-05:00,3.0190000534057617,3.0999999046325684,3.000999927520752,3.0320000648498535,3815000,0.0,0.0
2010-11-15 00:00:00-05:00,3.059999942779541,3.1449999809265137,3.0250000953674316,3.0999999046325684,4330000,0.0,0.0
2010-11-16 00:00:00-05:00,3.0920000076293945,3.177999973297119,2.993000030517578,3.138000011444092,13196000,0.0,0.0
2010-11-17 00:00:00-05:00,3.118000030517578,3.1589999198913574,3.055999994277954,3.128000020980835,6603000,0.0,0.0
2010-11-18 00:00:00-05:00,3.1559998989105225,3.2769999504089355,3.13700008392334,3.25600004196167,7006000,0.0,0.0
2010-11-19 00:00:00-05:00,3.259999990463257,3.2899999618530273,3.178999900817871,3.194000005722046,7081000,0.0,0.0
2010-11-22 00:00:00-05:00,3.1710000038146973,3.26200008392334,3.0759999752044678,3.1659998893737793,7189000,0.0,0.0
2010-11-23 00:00:00-05:00,3.138000011444092,3.177000045776367,3.1070001125335693,3.1440000534057617,6146000,0.0,0.0
2010-11-24 00:00:00-05:00,3.171999931335449,3.200000047683716,3.140000104904175,3.187000036239624,3884000,0.0,0.0
2010-11-26 00:00:00-05:00,3.186000108718872,3.2230000495910645,3.1610000133514404,3.1700000762939453,1173000,0.0,0.0
2010-11-29 00:00:00-05:00,3.1480000019073486,3.1689999103546143,3.0959999561309814,3.1519999504089355,2360000,0.0,0.0
2010-11-30 00:00:00-05:00,3.130000114440918,3.2090001106262207,3.114000082015991,3.187000036239624,10129000,0.0,0.0
2010-12-01 00:00:00-05:00,3.2300000190734863,3.253000020980835,3.1710000038146973,3.2200000286102295,7509000,0.0,0.0
2010-12-02 00:00:00-05:00,3.1700000762939453,3.2730000019073486,3.1089999675750732,3.24399995803833,7184000,0.0,0.0
2010-12-03 00:00:00-05:00,3.240999937057495,3.384999990463257,3.2019999027252197,3.3259999752044678,7146000,0.0,0.0
2010-12-06 00:00:00-05:00,3.3389999866485596,3.3929998874664307,3.2760000228881836,3.2909998893737793,5055000,0.0,0.0
2010-12-07 00:00:00-05:00,3.316999912261963,3.3299999237060547,3.260999917984009,3.2709999084472656,5273000,0.0,0.0
2010-12-08 00:00:00-05:00,3.2709999084472656,3.299999952316284,3.2100000381469727,3.2690000534057617,2752000,0.0,0.0
2010-12-09 00:00:00-05:00,3.2950000762939453,3.4000000953674316,3.252000093460083,3.3459999561309814,6618000,0.0,0.0
2010-12-10 00:00:00-05:00,3.3550000190734863,3.3910000324249268,3.305999994277954,3.3329999446868896,3223000,0.0,0.0
2010-12-13 00:00:00-05:00,3.3519999980926514,3.38700008392334,3.184999942779541,3.190999984741211,5678000,0.0,0.0
2010-12-14 00:00:00-05:00,3.197999954223633,3.2230000495910645,3.062000036239624,3.1080000400543213,7701000,0.0,0.0
2010-12-15 00:00:00-05:00,3.1110000610351562,3.1549999713897705,3.0850000381469727,3.1410000324249268,4418000,0.0,0.0
2010-12-16 00:00:00-05:00,3.1540000438690186,3.193000078201294,3.134000062942505,3.177999973297119,2811000,0.0,0.0
2010-12-17 00:00:00-05:00,3.174999952316284,3.2139999866485596,3.1449999809265137,3.2100000381469727,8687000,0.0,0.0
2010-12-20 00:00:00-05:00,3.200000047683716,3.263000011444092,3.1389999389648438,3.2019999027252197,4556000,0.0,0.0
2010-12-21 00:00:00-05:00,3.2100000381469727,3.2279999256134033,3.177999973297119,3.197999954223633,3124000,0.0,0.0
2010-12-22 00:00:00-05:00,3.180999994277954,3.2019999027252197,3.1559998989105225,3.1679999828338623,3127000,0.0,0.0
2010-12-23 00:00:00-05:00,3.1700000762939453,3.2049999237060547,3.131999969482422,3.134999990463257,2036000,0.0,0.0
2010-12-27 00:00:00-05:00,3.132999897003174,3.265000104904175,3.0999999046325684,3.250999927520752,3316000,0.0,0.0
2010-12-28 00:00:00-05:00,3.253000020980835,3.260999917984009,3.1410000324249268,3.1649999618530273,1762000,0.0,0.0
2010-12-29 00:00:00-05:00,3.178999900817871,3.249000072479248,3.1540000438690186,3.2179999351501465,3352000,0.0,0.0
2010-12-30 00:00:00-05:00,3.2119998931884766,3.265000104904175,3.2070000171661377,3.2179999351501465,2705000,0.0,0.0
2010-12-31 00:00:00-05:00,3.2249999046325684,3.25,3.180999994277954,3.234999895095825,1889000,0.0,0.0
2011-01-03 00:00:00-05:00,3.265000104904175,3.3389999866485596,3.246999979019165,3.309999942779541,5036000,0.0,0.0
2011-01-04 00:00:00-05:00,3.3380000591278076,3.5,3.315999984741211,3.496999979019165,11695000,0.0,0.0
2011-01-05 00:00:00-05:00,3.5,3.694999933242798,3.49399995803833,3.6500000953674316,14327000,0.0,0.0
2011-01-06 00:00:00-05:00,3.6480000019073486,3.691999912261963,3.5999999046325684,3.638000011444092,5714000,0.0,0.0
2011-01-07 00:00:00-05:00,3.6549999713897705,3.6659998893737793,3.5,3.5230000019073486,4276000,0.0,0.0
2011-01-10 00:00:00-05:00,3.5480000972747803,3.609999895095825,3.4779999256134033,3.6010000705718994,5599000,0.0,0.0
2011-01-11 00:00:00-05:00,3.6470000743865967,3.677999973297119,3.5929999351501465,3.6059999465942383,3229000,0.0,0.0
2011-01-12 00:00:00-05:00,3.640000104904175,3.680999994277954,3.5829999446868896,3.6579999923706055,3148000,0.0,0.0
2011-01-13 00:00:00-05:00,3.687000036239624,3.799999952316284,3.6549999713897705,3.678999900817871,8138000,0.0,0.0
2011-01-14 00:00:00-05:00,3.6989998817443848,3.746999979019165,3.5850000381469727,3.736999988555908,9042000,0.0,0.0
2011-01-18 00:00:00-05:00,3.740000009536743,3.740000009536743,3.5999999046325684,3.6670000553131104,10441000,0.0,0.0
2011-01-19 00:00:00-05:00,3.5820000171661377,3.635999917984009,3.549999952316284,3.559000015258789,10968000,0.0,0.0
2011-01-20 00:00:00-05:00,3.450000047683716,3.5429999828338623,3.3440001010894775,3.494999885559082,8739000,0.0,0.0
2011-01-21 00:00:00-05:00,3.5239999294281006,3.5309998989105225,3.437000036239624,3.509000062942505,6885000,0.0,0.0
2011-01-24 00:00:00-05:00,3.490000009536743,3.5290000438690186,3.375999927520752,3.4489998817443848,6869000,0.0,0.0
2011-01-25 00:00:00-05:00,3.4010000228881836,3.4119999408721924,3.2829999923706055,3.3919999599456787,15244000,0.0,0.0
2011-01-26 00:00:00-05:00,3.556999921798706,3.9749999046325684,3.5390000343322754,3.9649999141693115,41092000,0.0,0.0
2011-01-27 00:00:00-05:00,3.9739999771118164,3.9779999256134033,3.7690000534057617,3.7799999713897705,9572000,0.0,0.0
2011-01-28 00:00:00-05:00,3.805000066757202,3.8440001010894775,3.5950000286102295,3.694999933242798,10793000,0.0,0.0
2011-01-31 00:00:00-05:00,3.6410000324249268,3.884000062942505,3.630000114440918,3.8450000286102295,12926000,0.0,0.0
2011-02-01 00:00:00-05:00,3.8519999980926514,3.9730000495910645,3.819999933242798,3.946000099182129,11144000,0.0,0.0
2011-02-02 00:00:00-05:00,3.9260001182556152,3.9489998817443848,3.8919999599456787,3.9010000228881836,8052000,0.0,0.0
2011-02-03 00:00:00-05:00,3.9000000953674316,3.9149999618530273,3.818000078201294,3.888000011444092,5220000,0.0,0.0
2011-02-04 00:00:00-05:00,3.9000000953674316,4.099999904632568,3.882999897003174,4.086999893188477,18077000,0.0,0.0
2011-02-07 00:00:00-05:00,4.0879998207092285,4.196000099182129,3.937999963760376,3.9760000705718994,11234000,0.0,0.0
2011-02-08 00:00:00-05:00,3.9619998931884766,4.058000087738037,3.9619998931884766,4.046999931335449,6687000,0.0,0.0
2011-02-09 00:00:00-05:00,4.098999977111816,4.120999813079834,4.002999782562256,4.017000198364258,5759000,0.0,0.0
2011-02-10 00:00:00-05:00,3.9709999561309814,4.083000183105469,3.877000093460083,4.065999984741211,7372000,0.0,0.0
2011-02-11 00:00:00-05:00,4.0329999923706055,4.078000068664551,3.984999895095825,4.063000202178955,3755000,0.0,0.0
2011-02-14 00:00:00-05:00,4.063000202178955,4.175000190734863,4.0320000648498535,4.099999904632568,6689000,0.0,0.0
2011-02-15 00:00:00-05:00,4.072999954223633,4.11299991607666,3.9619998931884766,4.046000003814697,8649000,0.0,0.0
2011-02-16 00:00:00-05:00,4.052999973297119,4.142000198364258,4.019000053405762,4.125999927520752,6090000,0.0,0.0
2011-02-17 00:00:00-05:00,4.057000160217285,4.169000148773193,4.025000095367432,4.13100004196167,10896000,0.0,0.0
2011-02-18 00:00:00-05:00,4.1479997634887695,4.198999881744385,4.118000030517578,4.170000076293945,6633000,0.0,0.0
2011-02-22 00:00:00-05:00,4.111000061035156,4.11899995803833,3.941999912261963,3.9609999656677246,9537000,0.0,0.0
2011-02-23 00:00:00-05:00,3.950000047683716,4.025000095367432,3.803999900817871,3.98799991607666,11266000,0.0,0.0
2011-02-24 00:00:00-05:00,4.045000076293945,4.175000190734863,4.0279998779296875,4.078000068664551,9244000,0.0,0.0
2011-02-25 00:00:00-05:00,4.078000068664551,4.202000141143799,4.078000068664551,4.150000095367432,12636000,0.0,0.0
2011-02-28 00:00:00-05:00,4.196000099182129,4.196000099182129,4.0229997634887695,4.084000110626221,6251000,0.0,0.0
2011-03-01 00:00:00-05:00,4.099999904632568,4.119999885559082,3.9630000591278076,3.9670000076293945,7425000,0.0,0.0
2011-03-02 00:00:00-05:00,3.9600000381469727,4.043000221252441,3.871999979019165,4.0370001792907715,6684000,0.0,0.0
2011-03-03 00:00:00-05:00,4.072000026702881,4.25,4.063000202178955,4.2230000495910645,10792000,0.0,0.0
2011-03-04 00:00:00-05:00,4.239999771118164,4.341000080108643,4.228000164031982,4.324999809265137,7801000,0.0,0.0
2011-03-07 00:00:00-05:00,4.336999893188477,4.361999988555908,4.160999774932861,4.310999870300293,6980000,0.0,0.0
2011-03-08 00:00:00-05:00,4.389999866485596,4.39900016784668,4.290999889373779,4.328000068664551,5257000,0.0,0.0
2011-03-09 00:00:00-05:00,4.324999809265137,4.394999980926514,4.269999980926514,4.321000099182129,4670000,0.0,0.0
2011-03-10 00:00:00-05:00,4.298999786376953,4.3460001945495605,4.202000141143799,4.215000152587891,6669000,0.0,0.0
2011-03-11 00:00:00-05:00,4.198999881744385,4.321000099182129,4.169000148773193,4.300000190734863,6257000,0.0,0.0
2011-03-14 00:00:00-04:00,4.281000137329102,4.364999771118164,4.275000095367432,4.361999988555908,4586000,0.0,0.0
2011-03-15 00:00:00-04:00,4.142000198364258,4.296999931335449,4.074999809265137,4.223999977111816,10459000,0.0,0.0
2011-03-16 00:00:00-04:00,4.223999977111816,4.264999866485596,4.0920000076293945,4.103000164031982,9655000,0.0,0.0
2011-03-17 00:00:00-04:00,4.1539998054504395,4.2210001945495605,4.111000061035156,4.144999980926514,5380000,0.0,0.0
2011-03-18 00:00:00-04:00,4.190999984741211,4.244999885559082,4.169000148773193,4.230000019073486,9348000,0.0,0.0
2011-03-21 00:00:00-04:00,4.276000022888184,4.382999897003174,4.252999782562256,4.377999782562256,5878000,0.0,0.0
2011-03-22 00:00:00-04:00,4.394000053405762,4.394000053405762,4.190000057220459,4.230000019073486,6070000,0.0,0.0
2011-03-23 00:00:00-04:00,4.205999851226807,4.210000038146973,4.059999942779541,4.1020002365112305,9497000,0.0,0.0
2011-03-24 00:00:00-04:00,4.127999782562256,4.2129998207092285,4.0970001220703125,4.171000003814697,6983000,0.0,0.0
2011-03-25 00:00:00-04:00,4.203000068664551,4.320000171661377,4.203000068664551,4.304999828338623,5693000,0.0,0.0
2011-03-28 00:00:00-04:00,4.300000190734863,4.307000160217285,4.210999965667725,4.230999946594238,4669000,0.0,0.0
2011-03-29 00:00:00-04:00,4.229000091552734,4.360000133514404,4.184999942779541,4.340000152587891,6887000,0.0,0.0
2011-03-30 00:00:00-04:00,4.336999893188477,4.4039998054504395,4.296999931335449,4.300000190734863,4916000,0.0,0.0
2011-03-31 00:00:00-04:00,4.315000057220459,4.434999942779541,4.289999961853027,4.414999961853027,9745000,0.0,0.0
2011-04-01 00:00:00-04:00,4.453000068664551,4.489999771118164,3.9030001163482666,4.078000068664551,32046000,0.0,0.0
2011-04-04 00:00:00-04:00,4.178999900817871,4.35699987411499,4.1570000648498535,4.348999977111816,17966000,0.0,0.0
2011-04-05 00:00:00-04:00,4.331999778747559,4.449999809265137,4.289000034332275,4.448999881744385,8706000,0.0,0.0
2011-04-06 00:00:00-04:00,4.458000183105469,4.48799991607666,4.169000148773193,4.199999809265137,12354000,0.0,0.0
2011-04-07 00:00:00-04:00,4.175000190734863,4.198999881744385,3.927000045776367,3.9809999465942383,16743000,0.0,0.0
2011-04-08 00:00:00-04:00,4.006999969482422,4.021999835968018,3.9200000762939453,3.9560000896453857,7314000,0.0,0.0
2011-04-11 00:00:00-04:00,3.9730000495910645,4.010000228881836,3.8519999980926514,3.9059998989105225,6900000,0.0,0.0
2011-04-12 00:00:00-04:00,3.869999885559082,3.9100000858306885,3.757999897003174,3.7880001068115234,7981000,0.0,0.0
2011-04-13 00:00:00-04:00,3.8519999980926514,4.066999912261963,3.8519999980926514,4.0289998054504395,15217000,0.0,0.0
2011-04-14 00:00:00-04:00,3.990000009536743,4.061999797821045,3.9240000247955322,4.015999794006348,6038000,0.0,0.0
2011-04-15 00:00:00-04:00,3.99399995803833,4.060999870300293,3.9210000038146973,4.059999942779541,7932000,0.0,0.0
2011-04-18 00:00:00-04:00,3.996000051498413,3.996000051498413,3.881999969482422,3.9230000972747803,5424000,0.0,0.0
2011-04-19 00:00:00-04:00,3.930000066757202,3.947999954223633,3.8289999961853027,3.877000093460083,6341000,0.0,0.0
2011-04-20 00:00:00-04:00,3.9070000648498535,4.031000137329102,3.877000093460083,4.03000020980835,8916000,0.0,0.0
2011-04-21 00:00:00-04:00,4.067999839782715,4.0929999351501465,3.990999937057495,4.041999816894531,3635000,0.0,0.0
2011-04-25 00:00:00-04:00,4.013999938964844,4.0970001220703125,3.940999984741211,4.085999965667725,5824000,0.0,0.0
2011-04-26 00:00:00-04:00,4.0970001220703125,4.196000099182129,4.09499979019165,4.114999771118164,9428000,0.0,0.0
2011-04-27 00:00:00-04:00,4.103000164031982,4.175000190734863,3.9800000190734863,4.172999858856201,10225000,0.0,0.0
2011-04-28 00:00:00-04:00,4.491000175476074,4.849999904632568,4.466000080108643,4.7769999504089355,37000000,0.0,0.0
2011-04-29 00:00:00-04:00,4.7769999504089355,4.900000095367432,4.77400016784668,4.869999885559082,13000000,0.0,0.0
2011-05-02 00:00:00-04:00,4.870999813079834,4.921000003814697,4.623000144958496,4.625,11760000,0.0,0.0
2011-05-03 00:00:00-04:00,4.63700008392334,4.699999809265137,4.349999904632568,4.5229997634887695,17074000,0.0,0.0
2011-05-04 00:00:00-04:00,4.500999927520752,4.5279998779296875,4.409999847412109,4.416999816894531,10007000,0.0,0.0
2011-05-05 00:00:00-04:00,4.349999904632568,4.709000110626221,4.300000190734863,4.61899995803833,15544000,0.0,0.0
2011-05-06 00:00:00-04:00,4.659999847412109,4.75,4.60699987411499,4.651000022888184,8923000,0.0,0.0
2011-05-09 00:00:00-04:00,4.6539998054504395,4.7820000648498535,4.617000102996826,4.74399995803833,8111000,0.0,0.0
2011-05-10 00:00:00-04:00,4.771999835968018,4.785999774932861,4.684999942779541,4.7210001945495605,4682000,0.0,0.0
2011-05-11 00:00:00-04:00,4.73199987411499,4.73199987411499,4.543000221252441,4.60699987411499,3564000,0.0,0.0
2011-05-12 00:00:00-04:00,4.558000087738037,4.735000133514404,4.558000087738037,4.701000213623047,6030000,0.0,0.0
2011-05-13 00:00:00-04:00,4.723999977111816,4.791999816894531,4.677000045776367,4.696000099182129,5441000,0.0,0.0
2011-05-16 00:00:00-04:00,4.664000034332275,4.78000020980835,4.644999980926514,4.679999828338623,9256000,0.0,0.0
2011-05-17 00:00:00-04:00,4.650000095367432,4.769000053405762,4.625999927520752,4.664999961853027,7044000,0.0,0.0
2011-05-18 00:00:00-04:00,4.684999942779541,4.74399995803833,4.642000198364258,4.730999946594238,6975000,0.0,0.0
2011-05-19 00:00:00-04:00,4.771999835968018,4.946000099182129,4.7210001945495605,4.86299991607666,9422000,0.0,0.0
2011-05-20 00:00:00-04:00,4.860000133514404,4.875999927520752,4.771999835968018,4.853000164031982,4875000,0.0,0.0
2011-05-23 00:00:00-04:00,4.758999824523926,4.784999847412109,4.672999858856201,4.684000015258789,4698000,0.0,0.0
2011-05-24 00:00:00-04:00,4.697999954223633,4.72599983215332,4.631999969482422,4.6479997634887695,3555000,0.0,0.0
2011-05-25 00:00:00-04:00,4.629000186920166,4.797999858856201,4.585999965667725,4.791999816894531,6232000,0.0,0.0
2011-05-26 00:00:00-04:00,4.769000053405762,4.840000152587891,4.7129998207092285,4.730999946594238,5894000,0.0,0.0
2011-05-27 00:00:00-04:00,4.760000228881836,4.849999904632568,4.732999801635742,4.785999774932861,3355000,0.0,0.0
2011-05-31 00:00:00-04:00,4.848999977111816,4.883999824523926,4.724999904632568,4.848999977111816,8264000,0.0,0.0
2011-06-01 00:00:00-04:00,4.85699987411499,5.079999923706055,4.85699987411499,4.96999979019165,38671000,0.0,0.0
2011-06-02 00:00:00-04:00,5.0320000648498535,5.050000190734863,4.633999824523926,4.702000141143799,12707500,0.0,2.0
2011-06-03 00:00:00-04:00,4.659999847412109,4.785999774932861,4.624000072479248,4.688000202178955,8486000,0.0,0.0
2011-06-06 00:00:00-04:00,4.6620001792907715,4.8480000495910645,4.6620001792907715,4.739999771118164,10653000,0.0,0.0
2011-06-07 00:00:00-04:00,4.785999774932861,4.854000091552734,4.673999786376953,4.840000152587891,9972500,0.0,0.0
2011-06-08 00:00:00-04:00,4.8420000076293945,4.883999824523926,4.75,4.789999961853027,8148000,0.0,0.0
2011-06-09 00:00:00-04:00,4.796000003814697,4.8460001945495605,4.723999977111816,4.757999897003174,4436500,0.0,0.0
2011-06-10 00:00:00-04:00,4.75600004196167,4.7779998779296875,4.507999897003174,4.5320000648498535,7967500,0.0,0.0
2011-06-13 00:00:00-04:00,4.5320000648498535,4.659999847412109,4.5,4.550000190734863,6070000,0.0,0.0
2011-06-14 00:00:00-04:00,4.585999965667725,4.685999870300293,4.538000106811523,4.578000068664551,6006500,0.0,0.0
2011-06-15 00:00:00-04:00,4.541999816894531,4.584000110626221,4.455999851226807,4.461999893188477,5075500,0.0,0.0
2011-06-16 00:00:00-04:00,4.449999809265137,4.668000221252441,4.449999809265137,4.633999824523926,9379000,0.0,0.0
2011-06-17 00:00:00-04:00,4.673999786376953,4.711999893188477,4.52400016784668,4.5320000648498535,8910000,0.0,0.0
2011-06-20 00:00:00-04:00,4.5320000648498535,4.572000026702881,4.449999809265137,4.544000148773193,6044000,0.0,0.0
2011-06-21 00:00:00-04:00,4.573999881744385,5.0,4.546000003814697,4.927999973297119,14162000,0.0,0.0
2011-06-22 00:00:00-04:00,4.900000095367432,5.072000026702881,4.788000106811523,4.932000160217285,11993000,0.0,0.0
2011-06-23 00:00:00-04:00,4.835999965667725,5.035999774932861,4.760000228881836,5.02400016784668,10338000,0.0,0.0
2011-06-24 00:00:00-04:00,5.039999961853027,5.254000186920166,4.98199987411499,5.170000076293945,65763000,0.0,0.0
2011-06-27 00:00:00-04:00,5.185999870300293,5.271999835968018,5.127999782562256,5.202000141143799,13772000,0.0,0.0
2011-06-28 00:00:00-04:00,5.211999893188477,5.349999904632568,5.191999912261963,5.3420000076293945,14529500,0.0,0.0
2011-06-29 00:00:00-04:00,5.377999782562256,5.438000202178955,5.289999961853027,5.381999969482422,9843000,0.0,0.0
2011-06-30 00:00:00-04:00,5.381999969482422,5.4679999351501465,5.343999862670898,5.458000183105469,11037000,0.0,0.0
2011-07-01 00:00:00-04:00,5.426000118255615,5.5279998779296875,5.426000118255615,5.515999794006348,5848500,0.0,0.0
2011-07-05 00:00:00-04:00,5.559999942779541,5.633999824523926,5.538000106811523,5.579999923706055,9442000,0.0,0.0
2011-07-06 00:00:00-04:00,5.579999923706055,5.644000053405762,5.507999897003174,5.633999824523926,8302000,0.0,0.0
2011-07-07 00:00:00-04:00,5.696000099182129,5.711999893188477,5.446000099182129,5.51800012588501,11291500,0.0,0.0
2011-07-08 00:00:00-04:00,5.383999824523926,5.642000198364258,5.302000045776367,5.610000133514404,9888000,0.0,0.0
2011-07-11 00:00:00-04:00,5.521999835968018,5.573999881744385,5.423999786376953,5.46999979019165,5657500,0.0,0.0
2011-07-12 00:00:00-04:00,5.458000183105469,5.461999893188477,5.283999919891357,5.372000217437744,8072000,0.0,0.0
2011-07-13 00:00:00-04:00,5.4079999923706055,5.5920000076293945,5.4079999923706055,5.495999813079834,7792500,0.0,0.0
2011-07-14 00:00:00-04:00,5.5320000648498535,5.559999942779541,5.300000190734863,5.395999908447266,6955000,0.0,0.0
2011-07-15 00:00:00-04:00,5.443999767303467,5.486000061035156,5.335999965667725,5.369999885559082,6174000,0.0,0.0
2011-07-18 00:00:00-04:00,5.355999946594238,5.473999977111816,5.265999794006348,5.306000232696533,8997500,0.0,0.0
2011-07-19 00:00:00-04:00,5.308000087738037,5.4720001220703125,5.308000087738037,5.355999946594238,22172500,0.0,0.0
2011-07-20 00:00:00-04:00,4.46999979019165,4.478000164031982,3.9700000286102295,4.322000026702881,99581500,0.0,0.0
2011-07-21 00:00:00-04:00,4.322000026702881,4.400000095367432,4.127999782562256,4.139999866485596,27975000,0.0,0.0
2011-07-22 00:00:00-04:00,4.168000221252441,4.294000148773193,4.159999847412109,4.2179999351501465,19556000,0.0,0.0
2011-07-25 00:00:00-04:00,4.144000053405762,4.263999938964844,4.093999862670898,4.118000030517578,16996000,0.0,0.0
2011-07-26 00:00:00-04:00,4.0980000495910645,4.1579999923706055,4.001999855041504,4.138000011444092,15430000,0.0,0.0
2011-07-27 00:00:00-04:00,4.079999923706055,4.079999923706055,3.940000057220459,3.9619998931884766,14942000,0.0,0.0
2011-07-28 00:00:00-04:00,3.9639999866485596,4.065999984741211,3.890000104904175,3.9600000381469727,15010500,0.0,0.0
2011-07-29 00:00:00-04:00,3.9159998893737793,4.145999908447266,3.7799999713897705,4.064000129699707,18631000,0.0,0.0
2011-08-01 00:00:00-04:00,4.119999885559082,4.159999847412109,3.9820001125335693,4.047999858856201,11133000,0.0,0.0
2011-08-02 00:00:00-04:00,4.01200008392334,4.24399995803833,4.0,4.026000022888184,12021000,0.0,0.0
2011-08-03 00:00:00-04:00,4.046000003814697,4.2179999351501465,4.01200008392334,4.216000080108643,19788000,0.0,0.0
2011-08-04 00:00:00-04:00,4.159999847412109,4.285999774932861,4.111999988555908,4.159999847412109,20697500,0.0,0.0
2011-08-05 00:00:00-04:00,4.185999870300293,4.230000019073486,3.7939999103546143,3.9240000247955322,21984000,0.0,0.0
2011-08-08 00:00:00-04:00,3.700000047683716,3.875999927520752,3.5199999809265137,3.5999999046325684,23895000,0.0,0.0
2011-08-09 00:00:00-04:00,3.6640000343322754,3.8440001010894775,3.568000078201294,3.8380000591278076,19528000,0.0,0.0
2011-08-10 00:00:00-04:00,3.757999897003174,3.7780001163482666,3.611999988555908,3.634000062942505,12089500,0.0,0.0
2011-08-11 00:00:00-04:00,3.671999931335449,3.937999963760376,3.6600000858306885,3.8919999599456787,14206500,0.0,0.0
2011-08-12 00:00:00-04:00,3.9240000247955322,3.99399995803833,3.7780001163482666,3.941999912261963,9569000,0.0,0.0
2011-08-15 00:00:00-04:00,4.099999904632568,4.185999870300293,4.059999942779541,4.119999885559082,8260000,0.0,0.0
2011-08-16 00:00:00-04:00,4.078000068664551,4.118000030517578,4.010000228881836,4.064000129699707,7522000,0.0,0.0
2011-08-17 00:00:00-04:00,4.125999927520752,4.357999801635742,4.104000091552734,4.168000221252441,15648000,0.0,0.0
2011-08-18 00:00:00-04:00,4.0279998779296875,4.0279998779296875,3.7039999961853027,3.740000009536743,9048000,0.0,0.0
2011-08-19 00:00:00-04:00,3.700000047683716,3.802000045776367,3.4679999351501465,3.507999897003174,10207000,0.0,0.0
2011-08-22 00:00:00-04:00,3.572000026702881,3.6519999504089355,3.390000104904175,3.4519999027252197,11798500,0.0,0.0
2011-08-23 00:00:00-04:00,3.4860000610351562,3.7100000381469727,3.4200000762939453,3.696000099182129,7695500,0.0,0.0
2011-08-24 00:00:00-04:00,3.7060000896453857,3.7360000610351562,3.5179998874664307,3.568000078201294,11015000,0.0,0.0
2011-08-25 00:00:00-04:00,3.6419999599456787,3.6419999599456787,3.446000099182129,3.497999906539917,6553000,0.0,0.0
2011-08-26 00:00:00-04:00,3.4779999256134033,3.7219998836517334,3.4519999027252197,3.7219998836517334,5254500,0.0,0.0
2011-08-29 00:00:00-04:00,3.7780001163482666,3.8559999465942383,3.746000051498413,3.812000036239624,9665000,0.0,0.0
2011-08-30 00:00:00-04:00,3.7839999198913574,3.8580000400543213,3.759999990463257,3.7639999389648438,9504500,0.0,0.0
2011-08-31 00:00:00-04:00,3.7899999618530273,3.8919999599456787,3.7860000133514404,3.8259999752044678,12580000,0.0,0.0
2011-09-01 00:00:00-04:00,3.8239998817443848,3.9200000762939453,3.799999952316284,3.812000036239624,6377000,0.0,0.0
2011-09-02 00:00:00-04:00,3.752000093460083,3.799999952316284,3.6459999084472656,3.680000066757202,7659500,0.0,0.0
2011-09-06 00:00:00-04:00,3.549999952316284,3.6500000953674316,3.4820001125335693,3.640000104904175,12516000,0.0,0.0
2011-09-07 00:00:00-04:00,3.700000047683716,3.799999952316284,3.5940001010894775,3.7699999809265137,12215000,0.0,0.0
2011-09-08 00:00:00-04:00,3.759999990463257,3.7699999809265137,3.618000030517578,3.691999912261963,11076000,0.0,0.0
2011-09-09 00:00:00-04:00,3.6419999599456787,3.6679999828338623,3.496000051498413,3.5260000228881836,10395500,0.0,0.0
2011-09-12 00:00:00-04:00,3.4579999446868896,3.5360000133514404,3.380000114440918,3.490000009536743,13243500,0.0,0.0
2011-09-13 00:00:00-04:00,3.5,3.5199999809265137,3.4260001182556152,3.497999906539917,9640000,0.0,0.0
2011-09-14 00:00:00-04:00,3.509999990463257,3.799999952316284,3.5,3.7239999771118164,15236000,0.0,0.0
2011-09-15 00:00:00-04:00,3.76200008392334,3.7980000972747803,3.684000015258789,3.7820000648498535,8343000,0.0,0.0
2011-09-16 00:00:00-04:00,3.7760000228881836,3.7960000038146973,3.624000072479248,3.630000114440918,14489000,0.0,0.0
2011-09-19 00:00:00-04:00,3.572000026702881,3.7219998836517334,3.5399999618530273,3.6760001182556152,13723500,0.0,0.0
2011-09-20 00:00:00-04:00,3.7100000381469727,3.73799991607666,3.4779999256134033,3.4779999256134033,9891000,0.0,0.0
2011-09-21 00:00:00-04:00,3.5,3.630000114440918,3.5,3.503999948501587,9858500,0.0,0.0
2011-09-22 00:00:00-04:00,3.385999917984009,3.49399995803833,3.187999963760376,3.319999933242798,13797000,0.0,0.0
2011-09-23 00:00:00-04:00,3.2899999618530273,3.3380000591278076,3.1559998989105225,3.25,19400000,0.0,0.0
2011-09-26 00:00:00-04:00,3.2699999809265137,3.5199999809265137,3.25,3.50600004196167,15058000,0.0,0.0
2011-09-27 00:00:00-04:00,3.553999900817871,3.5980000495910645,3.4539999961853027,3.4700000286102295,7729000,0.0,0.0
2011-09-28 00:00:00-04:00,3.4760000705718994,3.5139999389648438,3.384000062942505,3.3919999599456787,7729000,0.0,0.0
2011-09-29 00:00:00-04:00,3.4560000896453857,3.496000051498413,3.2219998836517334,3.359999895095825,9284500,0.0,0.0
2011-09-30 00:00:00-04:00,3.315999984741211,3.4700000286102295,3.2720000743865967,3.359999895095825,15192500,0.0,0.0
2011-10-03 00:00:00-04:00,3.3239998817443848,3.4179999828338623,3.2820000648498535,3.305999994277954,12127000,0.0,0.0
2011-10-04 00:00:00-04:00,3.247999906539917,3.381999969482422,3.1600000858306885,3.3259999752044678,11964500,0.0,0.0
2011-10-05 00:00:00-04:00,3.322000026702881,3.450000047683716,3.23799991607666,3.4059998989105225,9814500,0.0,0.0
2011-10-06 00:00:00-04:00,3.4100000858306885,3.5959999561309814,3.3540000915527344,3.5739998817443848,11441500,0.0,0.0
2011-10-07 00:00:00-04:00,3.5759999752044678,3.6579999923706055,3.5139999389648438,3.5880000591278076,9633000,0.0,0.0
2011-10-10 00:00:00-04:00,3.624000072479248,3.7279999256134033,3.618000030517578,3.7119998931884766,8186500,0.0,0.0
2011-10-11 00:00:00-04:00,3.634000062942505,3.694000005722046,3.5980000495910645,3.6540000438690186,11753000,0.0,0.0
2011-10-12 00:00:00-04:00,3.6760001182556152,3.7100000381469727,3.5299999713897705,3.5439999103546143,10691500,0.0,0.0
2011-10-13 00:00:00-04:00,3.503999948501587,3.7200000286102295,3.502000093460083,3.7139999866485596,13315500,0.0,0.0
2011-10-14 00:00:00-04:00,3.7639999389648438,3.992000102996826,3.7239999771118164,3.9619998931884766,12969000,0.0,0.0
2011-10-17 00:00:00-04:00,3.9560000896453857,3.9560000896453857,3.799999952316284,3.8540000915527344,7886500,0.0,0.0
2011-10-18 00:00:00-04:00,3.874000072479248,3.9639999866485596,3.7799999713897705,3.930000066757202,6380000,0.0,0.0
2011-10-19 00:00:00-04:00,3.927999973297119,3.937999963760376,3.6579999923706055,3.700000047683716,11127000,0.0,0.0
2011-10-20 00:00:00-04:00,3.7219998836517334,3.752000093460083,3.5220000743865967,3.6440000534057617,14540000,0.0,0.0
2011-10-21 00:00:00-04:00,3.697999954223633,3.7079999446868896,3.507999897003174,3.5280001163482666,12687000,0.0,0.0
2011-10-24 00:00:00-04:00,3.615999937057495,3.868000030517578,3.553999900817871,3.8239998817443848,24787500,0.0,0.0
2011-10-25 00:00:00-04:00,4.044000148773193,4.300000190734863,3.9760000705718994,4.291999816894531,50093500,0.0,0.0
2011-10-26 00:00:00-04:00,4.124000072479248,4.21999979019165,4.052000045776367,4.156000137329102,34959500,0.0,0.0
2011-10-27 00:00:00-04:00,4.257999897003174,4.383999824523926,4.251999855041504,4.3460001945495605,21486500,0.0,0.0
2011-10-28 00:00:00-04:00,4.343999862670898,4.665999889373779,4.309999942779541,4.611999988555908,16150000,0.0,0.0
2011-10-31 00:00:00-04:00,4.584000110626221,4.664000034332275,4.460000038146973,4.611999988555908,15949000,0.0,0.0
2011-11-01 00:00:00-04:00,4.377999782562256,4.538000106811523,4.366000175476074,4.513999938964844,13793500,0.0,0.0
2011-11-02 00:00:00-04:00,4.550000190734863,4.599999904632568,4.480000019073486,4.5920000076293945,11800000,0.0,0.0
2011-11-03 00:00:00-04:00,4.745999813079834,5.065999984741211,4.702000141143799,5.0,25400000,0.0,0.0
2011-11-04 00:00:00-04:00,4.915999889373779,4.998000144958496,4.861999988555908,4.938000202178955,11934000,0.0,0.0
2011-11-07 00:00:00-05:00,4.932000160217285,4.958000183105469,4.673999786376953,4.791999816894531,14294000,0.0,0.0
2011-11-08 00:00:00-05:00,4.808000087738037,4.866000175476074,4.760000228881836,4.8420000076293945,8671500,0.0,0.0
2011-11-09 00:00:00-05:00,4.751999855041504,4.800000190734863,4.6539998054504395,4.6539998054504395,9056500,0.0,0.0
2011-11-10 00:00:00-05:00,4.728000164031982,5.093999862670898,4.690000057220459,4.99399995803833,19235500,0.0,0.0
2011-11-11 00:00:00-05:00,5.021999835968018,5.047999858856201,4.9019999504089355,4.9120001792907715,5801000,0.0,0.0
2011-11-14 00:00:00-05:00,4.947999954223633,5.019999980926514,4.861999988555908,4.9039998054504395,5836000,0.0,0.0
2011-11-15 00:00:00-05:00,4.978000164031982,5.196000099182129,4.953999996185303,5.1519999504089355,11408500,0.0,0.0
2011-11-16 00:00:00-05:00,5.124000072479248,5.239999771118164,5.078000068664551,5.107999801635742,7701000,0.0,0.0
2011-11-17 00:00:00-05:00,5.110000133514404,5.127999782562256,4.829999923706055,4.895999908447266,10404500,0.0,0.0
2011-11-18 00:00:00-05:00,4.943999767303467,4.960000038146973,4.823999881744385,4.855999946594238,5040500,0.0,0.0
2011-11-21 00:00:00-05:00,4.785999774932861,4.800000190734863,4.556000232696533,4.73799991607666,8232000,0.0,0.0
2011-11-22 00:00:00-05:00,4.703999996185303,4.75,4.630000114440918,4.71999979019165,5781500,0.0,0.0
2011-11-23 00:00:00-05:00,4.6539998054504395,4.690000057220459,4.51200008392334,4.564000129699707,5764500,0.0,0.0
2011-11-25 00:00:00-05:00,4.53000020980835,4.618000030517578,4.526000022888184,4.558000087738037,1537500,0.0,0.0
2011-11-28 00:00:00-05:00,4.690000057220459,4.8379998207092285,4.670000076293945,4.705999851226807,6594000,0.0,0.0
2011-11-29 00:00:00-05:00,4.659999847412109,4.734000205993652,4.564000129699707,4.625999927520752,5362000,0.0,0.0
2011-11-30 00:00:00-05:00,4.769999980926514,4.835999965667725,4.736000061035156,4.797999858856201,6485500,0.0,0.0
2011-12-01 00:00:00-05:00,4.760000228881836,4.835999965667725,4.685999870300293,4.803999900817871,7385500,0.0,0.0
2011-12-02 00:00:00-05:00,4.855999946594238,4.97599983215332,4.828000068664551,4.877999782562256,4267500,0.0,0.0
2011-12-05 00:00:00-05:00,4.953999996185303,5.320000171661377,4.915999889373779,5.119999885559082,14383500,0.0,0.0
2011-12-06 00:00:00-05:00,4.9720001220703125,5.035999774932861,4.875999927520752,4.914000034332275,12815500,0.0,0.0
2011-12-07 00:00:00-05:00,4.894000053405762,4.8979997634887695,4.659999847412109,4.734000205993652,11624500,0.0,0.0
2011-12-08 00:00:00-05:00,4.688000202178955,4.800000190734863,4.6620001792907715,4.690000057220459,10799000,0.0,0.0
2011-12-09 00:00:00-05:00,4.820000171661377,4.973999977111816,4.703999996185303,4.9079999923706055,12720500,0.0,0.0
2011-12-12 00:00:00-05:00,4.803999900817871,4.900000095367432,4.723999977111816,4.789999961853027,6636000,0.0,0.0
2011-12-13 00:00:00-05:00,4.829999923706055,4.8379998207092285,4.636000156402588,4.6620001792907715,6056000,0.0,0.0
2011-12-14 00:00:00-05:00,4.611999988555908,4.656000137329102,4.4120001792907715,4.432000160217285,9827000,0.0,0.0
2011-12-15 00:00:00-05:00,4.473999977111816,4.535999774932861,4.360000133514404,4.369999885559082,7116500,0.0,0.0
2011-12-16 00:00:00-05:00,4.381999969482422,4.535999774932861,4.360000133514404,4.434000015258789,8864500,0.0,0.0
2011-12-19 00:00:00-05:00,4.441999912261963,4.447999954223633,4.300000190734863,4.315999984741211,6164500,0.0,0.0
2011-12-20 00:00:00-05:00,4.414000034332275,4.414000034332275,4.188000202178955,4.271999835968018,15059000,0.0,0.0
2011-12-21 00:00:00-05:00,4.239999771118164,4.242000102996826,3.630000114440918,4.010000228881836,40481000,0.0,0.0
2011-12-22 00:00:00-05:00,4.01200008392334,4.138000011444092,4.010000228881836,4.124000072479248,8475000,0.0,0.0
2011-12-23 00:00:00-05:00,4.142000198364258,4.210000038146973,4.139999866485596,4.165999889373779,5415000,0.0,0.0
2011-12-27 00:00:00-05:00,4.1519999504089355,4.24399995803833,4.111999988555908,4.228000164031982,4469000,0.0,0.0
2011-12-28 00:00:00-05:00,4.236000061035156,4.320000171661377,4.203999996185303,4.26800012588501,8798000,0.0,0.0
2011-12-29 00:00:00-05:00,4.26800012588501,4.392000198364258,4.25600004196167,4.331999778747559,6038500,0.0,0.0
2011-12-30 00:00:00-05:00,4.3480000495910645,4.372000217437744,4.309999942779541,4.361999988555908,5205500,0.0,0.0
2012-01-03 00:00:00-05:00,4.441999912261963,4.447999954223633,4.142000198364258,4.1539998054504395,15670500,0.0,0.0
2012-01-04 00:00:00-05:00,4.110000133514404,4.119999885559082,3.944000005722046,4.021999835968018,17131000,0.0,0.0
2012-01-05 00:00:00-05:00,4.03000020980835,4.076000213623047,4.0,4.039999961853027,13351000,0.0,0.0
2012-01-06 00:00:00-05:00,4.033999919891357,4.122000217437744,3.9739999771118164,4.081999778747559,11413000,0.0,0.0
2012-01-09 00:00:00-05:00,4.0879998207092285,4.099999904632568,3.941999912261963,4.033999919891357,7252000,0.0,0.0
2012-01-10 00:00:00-05:00,4.104000091552734,4.104000091552734,3.921999931335449,3.9800000190734863,14319000,0.0,0.0
2012-01-11 00:00:00-05:00,4.035999774932861,4.257999897003174,4.0279998779296875,4.124000072479248,17058500,0.0,0.0
2012-01-12 00:00:00-05:00,4.25,4.26800012588501,4.150000095367432,4.211999893188477,13255500,0.0,0.0
2012-01-13 00:00:00-05:00,4.164000034332275,4.245999813079834,4.113999843597412,4.179999828338623,9933000,0.0,0.0
2012-01-17 00:00:00-05:00,4.22599983215332,4.415999889373779,4.159999847412109,4.323999881744385,17103500,0.0,0.0
2012-01-18 00:00:00-05:00,4.366000175476074,4.460000038146973,4.320000171661377,4.414000034332275,10962000,0.0,0.0
2012-01-19 00:00:00-05:00,4.546000003814697,4.5879998207092285,4.473999977111816,4.501999855041504,13491000,0.0,0.0
2012-01-20 00:00:00-05:00,4.510000228881836,4.638000011444092,4.449999809265137,4.550000190734863,11492500,0.0,0.0
2012-01-23 00:00:00-05:00,4.515999794006348,4.5960001945495605,4.394000053405762,4.4720001220703125,10629000,0.0,0.0
2012-01-24 00:00:00-05:00,4.473999977111816,4.590000152587891,4.438000202178955,4.464000225067139,12479500,0.0,0.0
2012-01-25 00:00:00-05:00,4.460000038146973,4.610000133514404,4.388000011444092,4.5920000076293945,7699000,0.0,0.0
2012-01-26 00:00:00-05:00,4.622000217437744,4.630000114440918,4.533999919891357,4.572000026702881,6966500,0.0,0.0
2012-01-27 00:00:00-05:00,4.515999794006348,4.633999824523926,4.513999938964844,4.556000232696533,5808000,0.0,0.0
2012-01-30 00:00:00-05:00,4.51200008392334,4.550000190734863,4.460000038146973,4.498000144958496,10910500,0.0,0.0
2012-01-31 00:00:00-05:00,4.533999919891357,4.625999927520752,4.421999931335449,4.561999797821045,18984000,0.0,0.0
2012-02-01 00:00:00-05:00,5.01800012588501,5.1519999504089355,4.909999847412109,5.007999897003174,73041500,0.0,0.0
2012-02-02 00:00:00-05:00,4.989999771118164,5.199999809265137,4.978000164031982,5.105999946594238,18337500,0.0,0.0
2012-02-03 00:00:00-05:00,5.131999969482422,5.193999767303467,5.070000171661377,5.076000213623047,9810000,0.0,0.0
2012-02-06 00:00:00-05:00,5.084000110626221,5.084000110626221,4.973999977111816,5.026000022888184,13036000,0.0,0.0
2012-02-07 00:00:00-05:00,4.909999847412109,5.019999980926514,4.906000137329102,4.96999979019165,13954000,0.0,0.0
2012-02-08 00:00:00-05:00,4.9720001220703125,5.067999839782715,4.96999979019165,5.053999900817871,7859000,0.0,0.0
2012-02-09 00:00:00-05:00,5.099999904632568,5.283999919891357,5.0980000495910645,5.24399995803833,14227500,0.0,0.0
2012-02-10 00:00:00-05:00,5.1579999923706055,5.191999912261963,5.046000003814697,5.116000175476074,6676500,0.0,0.0
2012-02-13 00:00:00-05:00,5.25,5.288000106811523,5.1519999504089355,5.276000022888184,11310000,0.0,0.0
2012-02-14 00:00:00-05:00,5.28000020980835,5.343999862670898,5.239999771118164,5.340000152587891,11841500,0.0,0.0
2012-02-15 00:00:00-05:00,5.357999801635742,5.360000133514404,5.139999866485596,5.164000034332275,11044500,0.0,0.0
2012-02-16 00:00:00-05:00,5.150000095367432,5.27400016784668,5.138000011444092,5.26200008392334,7116000,0.0,0.0
2012-02-17 00:00:00-05:00,5.276000022888184,5.276000022888184,5.116000175476074,5.191999912261963,5826500,0.0,0.0
2012-02-21 00:00:00-05:00,5.193999767303467,5.320000171661377,5.190000057220459,5.239999771118164,8576500,0.0,0.0
2012-02-22 00:00:00-05:00,5.300000190734863,5.329999923706055,5.2220001220703125,5.22599983215332,6119500,0.0,0.0
2012-02-23 00:00:00-05:00,5.216000080108643,5.306000232696533,5.184000015258789,5.25,6309500,0.0,0.0
2012-02-24 00:00:00-05:00,5.296000003814697,5.418000221252441,5.28000020980835,5.3979997634887695,9938500,0.0,0.0
2012-02-27 00:00:00-05:00,5.361999988555908,5.432000160217285,5.3480000495910645,5.375999927520752,5748000,0.0,0.0
2012-02-28 00:00:00-05:00,5.420000076293945,5.5320000648498535,5.366000175476074,5.480000019073486,11239000,0.0,0.0
2012-02-29 00:00:00-05:00,5.46999979019165,5.49399995803833,5.361999988555908,5.409999847412109,7528500,0.0,0.0
2012-03-01 00:00:00-05:00,5.423999786376953,5.576000213623047,5.368000030517578,5.565999984741211,7765500,0.0,0.0
2012-03-02 00:00:00-05:00,5.546000003814697,5.579999923706055,5.443999767303467,5.507999897003174,8742500,0.0,0.0
2012-03-05 00:00:00-05:00,5.363999843597412,5.423999786376953,5.1519999504089355,5.25,13758500,0.0,0.0
2012-03-06 00:00:00-05:00,5.1479997634887695,5.228000164031982,5.105999946594238,5.127999782562256,8889000,0.0,0.0
2012-03-07 00:00:00-05:00,5.1579999923706055,5.323999881744385,5.1479997634887695,5.214000225067139,9014000,0.0,0.0
2012-03-08 00:00:00-05:00,5.265999794006348,5.328000068664551,5.23799991607666,5.26200008392334,6639500,0.0,0.0
2012-03-09 00:00:00-05:00,5.27400016784668,5.368000030517578,5.26200008392334,5.317999839782715,6046000,0.0,0.0
2012-03-12 00:00:00-04:00,5.317999839782715,5.453999996185303,5.276000022888184,5.447999954223633,19205500,0.0,0.0
2012-03-13 00:00:00-04:00,5.461999893188477,5.561999797821045,5.374000072479248,5.561999797821045,14100000,0.0,0.0
2012-03-14 00:00:00-04:00,5.53000020980835,5.572000026702881,5.380000114440918,5.434000015258789,8470000,0.0,0.0
2012-03-15 00:00:00-04:00,5.464000225067139,5.581999778747559,5.380000114440918,5.486000061035156,7477500,0.0,0.0
2012-03-16 00:00:00-04:00,5.461999893188477,5.484000205993652,5.406000137329102,5.423999786376953,4332000,0.0,0.0
2012-03-19 00:00:00-04:00,5.441999912261963,5.561999797821045,5.372000217437744,5.49399995803833,5630500,0.0,0.0
2012-03-20 00:00:00-04:00,5.446000099182129,5.478000164031982,5.329999923706055,5.443999767303467,7697000,0.0,0.0
2012-03-21 00:00:00-04:00,5.480000019073486,5.51200008392334,5.409999847412109,5.434000015258789,7601500,0.0,0.0
2012-03-22 00:00:00-04:00,5.400000095367432,5.400000095367432,5.308000087738037,5.317999839782715,5630500,0.0,0.0
2012-03-23 00:00:00-04:00,5.340000152587891,5.406000137329102,5.27400016784668,5.406000137329102,5184500,0.0,0.0
2012-03-26 00:00:00-04:00,5.440000057220459,5.538000106811523,5.427999973297119,5.5320000648498535,5594000,0.0,0.0
2012-03-27 00:00:00-04:00,5.418000221252441,5.573999881744385,5.4079999923706055,5.423999786376953,8835000,0.0,0.0
2012-03-28 00:00:00-04:00,5.421999931335449,5.449999809265137,5.254000186920166,5.331999778747559,7400000,0.0,0.0
2012-03-29 00:00:00-04:00,5.320000171661377,5.49399995803833,5.260000228881836,5.455999851226807,9164500,0.0,0.0
2012-03-30 00:00:00-04:00,5.495999813079834,5.619999885559082,5.432000160217285,5.53000020980835,10387000,0.0,0.0
2012-04-02 00:00:00-04:00,5.5,5.763999938964844,5.4120001792907715,5.684000015258789,15399500,0.0,0.0
2012-04-03 00:00:00-04:00,5.684000015258789,5.736000061035156,5.611999988555908,5.684000015258789,9806500,0.0,0.0
2012-04-04 00:00:00-04:00,5.619999885559082,5.668000221252441,5.53000020980835,5.639999866485596,10925000,0.0,0.0
2012-04-05 00:00:00-04:00,5.599999904632568,5.703999996185303,5.539999961853027,5.688000202178955,7366000,0.0,0.0
2012-04-09 00:00:00-04:00,5.5960001945495605,5.619999885559082,5.521999835968018,5.576000213623047,9959000,0.0,0.0
2012-04-10 00:00:00-04:00,5.559999942779541,5.599999904632568,5.375999927520752,5.452000141143799,8729000,0.0,0.0
2012-04-11 00:00:00-04:00,5.489999771118164,5.5960001945495605,5.415999889373779,5.455999851226807,7764000,0.0,0.0
2012-04-12 00:00:00-04:00,5.498000144958496,5.561999797821045,5.455999851226807,5.558000087738037,4307000,0.0,0.0
2012-04-13 00:00:00-04:00,5.51800012588501,5.607999801635742,5.473999977111816,5.5,6529000,0.0,0.0
2012-04-16 00:00:00-04:00,5.546000003814697,5.570000171661377,5.360000133514404,5.409999847412109,4299500,0.0,0.0
2012-04-17 00:00:00-04:00,5.452000141143799,5.538000106811523,5.388000011444092,5.510000228881836,5133000,0.0,0.0
2012-04-18 00:00:00-04:00,5.5,5.558000087738037,5.452000141143799,5.5320000648498535,3497500,0.0,0.0
2012-04-19 00:00:00-04:00,5.547999858856201,5.613999843597412,5.441999912261963,5.495999813079834,4339000,0.0,0.0
2012-04-20 00:00:00-04:00,5.5,5.535999774932861,5.418000221252441,5.420000076293945,5396000,0.0,0.0
2012-04-23 00:00:00-04:00,5.296000003814697,5.300000190734863,5.139999866485596,5.283999919891357,14674500,0.0,0.0
2012-04-24 00:00:00-04:00,5.3979997634887695,5.443999767303467,5.1020002365112305,5.1479997634887695,25753500,0.0,0.0
2012-04-25 00:00:00-04:00,5.473999977111816,5.5,5.24399995803833,5.288000106811523,24682500,0.0,0.0
2012-04-26 00:00:00-04:00,5.296000003814697,5.323999881744385,5.150000095367432,5.196000099182129,14710500,0.0,0.0
2012-04-27 00:00:00-04:00,5.214000225067139,5.27400016784668,5.0960001945495605,5.24399995803833,9943000,0.0,0.0
2012-04-30 00:00:00-04:00,5.239999771118164,5.239999771118164,5.127999782562256,5.223999977111816,8253000,0.0,0.0
2012-05-01 00:00:00-04:00,5.228000164031982,5.395999908447266,5.185999870300293,5.2820000648498535,14128000,0.0,0.0
2012-05-02 00:00:00-04:00,5.223999977111816,5.3420000076293945,5.197999954223633,5.271999835968018,8049500,0.0,0.0
2012-05-03 00:00:00-04:00,5.257999897003174,5.2779998779296875,5.1020002365112305,5.208000183105469,9149000,0.0,0.0
2012-05-04 00:00:00-04:00,5.165999889373779,5.165999889373779,4.984000205993652,5.059999942779541,10236500,0.0,0.0
2012-05-07 00:00:00-04:00,5.033999919891357,5.090000152587891,4.980000019073486,5.041999816894531,8742500,0.0,0.0
2012-05-08 00:00:00-04:00,5.033999919891357,5.065999984741211,4.823999881744385,4.984000205993652,16691000,0.0,0.0
2012-05-09 00:00:00-04:00,4.9019999504089355,4.99399995803833,4.8520002365112305,4.940000057220459,8805000,0.0,0.0
2012-05-10 00:00:00-04:00,4.949999809265137,4.986000061035156,4.708000183105469,4.788000106811523,18341500,0.0,0.0
2012-05-11 00:00:00-04:00,4.74399995803833,4.868000030517578,4.728000164031982,4.8379998207092285,12832000,0.0,0.0
2012-05-14 00:00:00-04:00,4.745999813079834,4.8420000076293945,4.711999893188477,4.754000186920166,8074500,0.0,0.0
2012-05-15 00:00:00-04:00,4.76200008392334,4.860000133514404,4.75600004196167,4.803999900817871,10394000,0.0,0.0
2012-05-16 00:00:00-04:00,4.860000133514404,4.900000095367432,4.808000087738037,4.8460001945495605,9672500,0.0,0.0
2012-05-17 00:00:00-04:00,4.829999923706055,4.8460001945495605,4.650000095367432,4.6579999923706055,10705000,0.0,0.0
2012-05-18 00:00:00-04:00,4.6579999923706055,4.714000225067139,4.464000225067139,4.48799991607666,13000000,0.0,0.0
2012-05-21 00:00:00-04:00,4.48799991607666,4.618000030517578,4.328000068664551,4.611999988555908,14189000,0.0,0.0
2012-05-22 00:00:00-04:00,4.613999843597412,4.7220001220703125,4.572000026702881,4.6519999504089355,10242000,0.0,0.0
2012-05-23 00:00:00-04:00,4.599999904632568,4.6519999504089355,4.461999893188477,4.633999824523926,8376500,0.0,0.0
2012-05-24 00:00:00-04:00,4.644000053405762,4.645999908447266,4.245999813079834,4.285999774932861,23306000,0.0,0.0
2012-05-25 00:00:00-04:00,4.269999980926514,4.3979997634887695,4.211999893188477,4.368000030517578,14464000,0.0,0.0
2012-05-29 00:00:00-04:00,4.443999767303467,4.507999897003174,4.288000106811523,4.361999988555908,9869500,0.0,0.0
2012-05-30 00:00:00-04:00,4.309999942779541,4.366000175476074,4.242000102996826,4.311999797821045,8982000,0.0,0.0
2012-05-31 00:00:00-04:00,4.326000213623047,4.326000213623047,4.173999786376953,4.25,23236000,0.0,0.0
2012-06-01 00:00:00-04:00,4.156000137329102,4.1620001792907715,4.072000026702881,4.081999778747559,10806000,0.0,0.0
2012-06-04 00:00:00-04:00,4.0980000495910645,4.130000114440918,3.98799991607666,4.0980000495910645,10805500,0.0,0.0
2012-06-05 00:00:00-04:00,4.064000129699707,4.165999889373779,4.064000129699707,4.1539998054504395,13191500,0.0,0.0
2012-06-06 00:00:00-04:00,4.210000038146973,4.366000175476074,4.191999912261963,4.329999923706055,13416500,0.0,0.0
2012-06-07 00:00:00-04:00,4.388000011444092,4.400000095367432,4.28000020980835,4.323999881744385,11729000,0.0,0.0
2012-06-08 00:00:00-04:00,4.297999858856201,4.389999866485596,4.269999980926514,4.369999885559082,6326000,0.0,0.0
2012-06-11 00:00:00-04:00,4.389999866485596,4.441999912261963,4.184000015258789,4.193999767303467,5498000,0.0,0.0
2012-06-12 00:00:00-04:00,4.210000038146973,4.228000164031982,4.064000129699707,4.176000118255615,18360000,0.0,0.0
2012-06-13 00:00:00-04:00,4.3460001945495605,4.357999801635742,4.223999977111816,4.23799991607666,10745000,0.0,0.0
2012-06-14 00:00:00-04:00,4.211999893188477,4.263999938964844,4.1519999504089355,4.236000061035156,8163500,0.0,0.0
2012-06-15 00:00:00-04:00,4.230000019073486,4.434000015258789,4.208000183105469,4.426000118255615,11701500,0.0,0.0
2012-06-18 00:00:00-04:00,4.394000053405762,4.458000183105469,4.306000232696533,4.438000202178955,8279000,0.0,0.0
2012-06-19 00:00:00-04:00,4.464000225067139,4.6539998054504395,4.443999767303467,4.49399995803833,13322500,0.0,0.0
2012-06-20 00:00:00-04:00,4.504000186920166,4.572000026702881,4.458000183105469,4.5279998779296875,5147000,0.0,0.0
2012-06-21 00:00:00-04:00,4.513999938964844,4.547999858856201,4.366000175476074,4.388000011444092,7155000,0.0,0.0
2012-06-22 00:00:00-04:00,4.4019999504089355,4.519999980926514,4.394000053405762,4.513999938964844,9620500,0.0,0.0
2012-06-25 00:00:00-04:00,4.426000118255615,4.489999771118164,4.355999946594238,4.383999824523926,4451500,0.0,0.0
2012-06-26 00:00:00-04:00,4.389999866485596,4.461999893188477,4.369999885559082,4.400000095367432,4561500,0.0,0.0
2012-06-27 00:00:00-04:00,4.415999889373779,4.556000232696533,4.395999908447266,4.535999774932861,6072500,0.0,0.0
2012-06-28 00:00:00-04:00,4.46999979019165,4.519999980926514,4.329999923706055,4.3979997634887695,6858000,0.0,0.0
2012-06-29 00:00:00-04:00,4.473999977111816,4.659999847412109,4.473999977111816,4.644000053405762,9847000,0.0,0.0
2012-07-02 00:00:00-04:00,4.679999828338623,4.742000102996826,4.5960001945495605,4.7220001220703125,6336500,0.0,0.0
2012-07-03 00:00:00-04:00,4.734000205993652,4.849999904632568,4.682000160217285,4.840000152587891,3448000,0.0,0.0
2012-07-05 00:00:00-04:00,4.820000171661377,4.868000030517578,4.796000003814697,4.826000213623047,6254000,0.0,0.0
2012-07-06 00:00:00-04:00,4.763999938964844,4.763999938964844,4.3420000076293945,4.360000133514404,15505500,0.0,0.0
2012-07-09 00:00:00-04:00,4.361999988555908,4.406000137329102,4.23199987411499,4.23799991607666,10974000,0.0,0.0
2012-07-10 00:00:00-04:00,4.294000148773193,4.369999885559082,4.190000057220459,4.245999813079834,13807000,0.0,0.0
2012-07-11 00:00:00-04:00,4.1479997634887695,4.242000102996826,4.130000114440918,4.210000038146973,12460000,0.0,0.0
2012-07-12 00:00:00-04:00,4.1539998054504395,4.248000144958496,4.070000171661377,4.185999870300293,10401500,0.0,0.0
2012-07-13 00:00:00-04:00,4.182000160217285,4.3420000076293945,4.173999786376953,4.309999942779541,5951000,0.0,0.0
2012-07-16 00:00:00-04:00,4.300000190734863,4.326000213623047,4.234000205993652,4.25600004196167,5944500,0.0,0.0
2012-07-17 00:00:00-04:00,4.289999961853027,4.343999862670898,4.203999996185303,4.251999855041504,8228000,0.0,0.0
2012-07-18 00:00:00-04:00,4.300000190734863,4.7220001220703125,4.28000020980835,4.696000099182129,20121000,0.0,0.0
2012-07-19 00:00:00-04:00,4.71999979019165,4.840000152587891,4.691999912261963,4.808000087738037,16357000,0.0,0.0
2012-07-20 00:00:00-04:00,4.823999881744385,4.8520002365112305,4.644000053405762,4.693999767303467,6564000,0.0,0.0
2012-07-23 00:00:00-04:00,4.610000133514404,4.622000217437744,4.46999979019165,4.564000129699707,8604500,0.0,0.0
2012-07-24 00:00:00-04:00,4.552000045776367,4.610000133514404,4.394000053405762,4.447999954223633,7804500,0.0,0.0
2012-07-25 00:00:00-04:00,4.519999980926514,4.559999942779541,4.434000015258789,4.478000164031982,14213000,0.0,0.0
2012-07-26 00:00:00-04:00,5.001999855041504,5.3460001945495605,4.9019999504089355,5.010000228881836,31661000,0.0,0.0
2012-07-27 00:00:00-04:00,5.035999774932861,5.1479997634887695,4.99399995803833,5.085999965667725,12007000,0.0,0.0
2012-07-30 00:00:00-04:00,5.064000129699707,5.084000110626221,4.869999885559082,4.921999931335449,15505500,0.0,0.0
2012-07-31 00:00:00-04:00,4.927999973297119,4.98199987411499,4.794000148773193,4.802000045776367,13453000,0.0,0.0
2012-08-01 00:00:00-04:00,4.829999923706055,4.900000095367432,4.6620001792907715,4.676000118255615,16524000,0.0,0.0
2012-08-02 00:00:00-04:00,4.6479997634887695,4.794000148773193,4.604000091552734,4.685999870300293,12217000,0.0,0.0
2012-08-03 00:00:00-04:00,4.796000003814697,4.881999969482422,4.708000183105469,4.854000091552734,9030500,0.0,0.0
2012-08-06 00:00:00-04:00,4.8480000495910645,4.960000038146973,4.835999965667725,4.909999847412109,6497500,0.0,0.0
2012-08-07 00:00:00-04:00,4.927999973297119,5.067999839782715,4.9019999504089355,5.026000022888184,9346500,0.0,0.0
2012-08-08 00:00:00-04:00,4.98799991607666,5.046000003814697,4.949999809265137,4.978000164031982,6429000,0.0,0.0
2012-08-09 00:00:00-04:00,4.986000061035156,5.00600004196167,4.926000118255615,4.943999767303467,2872500,0.0,0.0
2012-08-10 00:00:00-04:00,4.9079999923706055,4.964000225067139,4.881999969482422,4.955999851226807,4444000,0.0,0.0
2012-08-13 00:00:00-04:00,4.946000099182129,4.946000099182129,4.855999946594238,4.877999782562256,3361000,0.0,0.0
2012-08-14 00:00:00-04:00,4.8979997634887695,4.927999973297119,4.751999855041504,4.77400016784668,6849000,0.0,0.0
2012-08-15 00:00:00-04:00,4.829999923706055,4.923999786376953,4.800000190734863,4.881999969482422,8015500,0.0,0.0
2012-08-16 00:00:00-04:00,4.909999847412109,5.02400016784668,4.9019999504089355,4.980000019073486,7768000,0.0,0.0
2012-08-17 00:00:00-04:00,5.001999855041504,5.113999843597412,4.98799991607666,5.072000026702881,9233000,0.0,0.0
2012-08-20 00:00:00-04:00,5.072000026702881,5.081999778747559,4.9679999351501465,5.041999816894531,6994000,0.0,0.0
2012-08-21 00:00:00-04:00,5.056000232696533,5.0980000495910645,5.026000022888184,5.073999881744385,10295000,0.0,0.0
2012-08-22 00:00:00-04:00,5.0960001945495605,5.179999828338623,5.067999839782715,5.1519999504089355,8836500,0.0,0.0
2012-08-23 00:00:00-04:00,5.1519999504089355,5.177999973297119,5.084000110626221,5.138000011444092,6756000,0.0,0.0
2012-08-24 00:00:00-04:00,5.124000072479248,5.159999847412109,5.079999923706055,5.122000217437744,4998000,0.0,0.0
2012-08-27 00:00:00-04:00,5.130000114440918,5.27400016784668,5.0879998207092285,5.257999897003174,10138000,0.0,0.0
2012-08-28 00:00:00-04:00,5.22599983215332,5.300000190734863,5.184000015258789,5.283999919891357,11059000,0.0,0.0
2012-08-29 00:00:00-04:00,5.309999942779541,5.326000213623047,5.26800012588501,5.302000045776367,6679000,0.0,0.0
2012-08-30 00:00:00-04:00,5.297999858856201,5.297999858856201,5.185999870300293,5.211999893188477,6869500,0.0,0.0
2012-08-31 00:00:00-04:00,5.26200008392334,5.315999984741211,5.208000183105469,5.302000045776367,7975000,0.0,0.0
2012-09-04 00:00:00-04:00,5.306000232696533,5.357999801635742,5.254000186920166,5.322000026702881,8595000,0.0,0.0
2012-09-05 00:00:00-04:00,5.331999778747559,5.3979997634887695,5.302000045776367,5.306000232696533,9417000,0.0,0.0
2012-09-06 00:00:00-04:00,5.331999778747559,5.556000232696533,5.311999797821045,5.480000019073486,12301000,0.0,0.0
2012-09-07 00:00:00-04:00,5.4679999351501465,5.544000148773193,5.455999851226807,5.47599983215332,5200500,0.0,0.0
2012-09-10 00:00:00-04:00,5.47599983215332,5.489999771118164,5.420000076293945,5.466000080108643,5909500,0.0,0.0
2012-09-11 00:00:00-04:00,5.460000038146973,5.484000205993652,5.389999866485596,5.440000057220459,6706000,0.0,0.0
2012-09-12 00:00:00-04:00,5.52400016784668,5.5320000648498535,5.464000225067139,5.498000144958496,6216500,0.0,0.0
2012-09-13 00:00:00-04:00,5.48799991607666,5.546000003814697,5.432000160217285,5.52400016784668,10026000,0.0,0.0
2012-09-14 00:00:00-04:00,5.556000232696533,5.645999908447266,5.51800012588501,5.535999774932861,13549000,0.0,0.0
2012-09-17 00:00:00-04:00,5.565999984741211,5.5920000076293945,5.455999851226807,5.46999979019165,5007500,0.0,0.0
2012-09-18 00:00:00-04:00,5.473999977111816,5.486000061035156,5.434000015258789,5.455999851226807,5108500,0.0,0.0
2012-09-19 00:00:00-04:00,5.447999954223633,5.552000045776367,5.426000118255615,5.507999897003174,4508500,0.0,0.0
2012-09-20 00:00:00-04:00,5.466000080108643,5.501999855041504,5.4079999923706055,5.47599983215332,3697000,0.0,0.0
2012-09-21 00:00:00-04:00,5.484000205993652,5.535999774932861,5.369999885559082,5.400000095367432,9957500,0.0,0.0
2012-09-24 00:00:00-04:00,5.383999824523926,5.386000156402588,5.1579999923706055,5.216000080108643,12476000,0.0,0.0
2012-09-25 00:00:00-04:00,5.254000186920166,5.2820000648498535,5.164000034332275,5.170000076293945,7295500,0.0,0.0
2012-09-26 00:00:00-04:00,4.800000190734863,5.03000020980835,4.763999938964844,5.004000186920166,50497500,0.0,0.0
2012-09-27 00:00:00-04:00,5.019999980926514,5.1579999923706055,4.900000095367432,4.938000202178955,22915500,0.0,0.0
2012-09-28 00:00:00-04:00,4.927999973297119,4.964000225067139,4.7820000648498535,4.823999881744385,24810000,0.0,0.0
2012-10-01 00:00:00-04:00,4.802000045776367,4.8480000495910645,4.630000114440918,4.679999828338623,23157000,0.0,0.0
2012-10-02 00:00:00-04:00,4.696000099182129,4.742000102996826,4.618000030517578,4.6519999504089355,15570500,0.0,0.0
2012-10-03 00:00:00-04:00,4.708000183105469,4.711999893188477,4.622000217437744,4.676000118255615,11741000,0.0,0.0
2012-10-04 00:00:00-04:00,4.665999889373779,4.797999858856201,4.546000003814697,4.789999961853027,14014000,0.0,0.0
2012-10-05 00:00:00-04:00,4.789999961853027,4.914000034332275,4.76800012588501,4.817999839782715,18526500,0.0,0.0
2012-10-08 00:00:00-04:00,4.785999774932861,4.861999988555908,4.73199987411499,4.76200008392334,7793000,0.0,0.0
2012-10-09 00:00:00-04:00,4.803999900817871,4.874000072479248,4.699999809265137,4.742000102996826,14237500,0.0,0.0
2012-10-10 00:00:00-04:00,4.72599983215332,4.7779998779296875,4.677999973297119,4.73199987411499,7799000,0.0,0.0
2012-10-11 00:00:00-04:00,4.748000144958496,4.826000213623047,4.699999809265137,4.7820000648498535,9451000,0.0,0.0
2012-10-12 00:00:00-04:00,4.754000186920166,4.875999927520752,4.751999855041504,4.8520002365112305,8273500,0.0,0.0
2012-10-15 00:00:00-04:00,4.860000133514404,4.960000038146973,4.802000045776367,4.949999809265137,15056000,0.0,0.0
2012-10-16 00:00:00-04:00,4.947999954223633,5.019999980926514,4.874000072479248,4.960000038146973,27578500,0.0,0.0
2012-10-17 00:00:00-04:00,4.133999824523926,4.1620001792907715,3.9000000953674316,4.0279998779296875,104205500,0.0,0.0
2012-10-18 00:00:00-04:00,4.0,4.01200008392334,3.8480000495910645,3.9059998989105225,50310500,0.0,0.0
2012-10-19 00:00:00-04:00,3.941999912261963,3.9600000381469727,3.8440001010894775,3.944000005722046,24729000,0.0,0.0
2012-10-22 00:00:00-04:00,3.921999931335449,3.9779999256134033,3.861999988555908,3.890000104904175,18129500,0.0,0.0
2012-10-23 00:00:00-04:00,3.828000068664551,3.9260001182556152,3.799999952316284,3.9100000858306885,14021500,0.0,0.0
2012-10-24 00:00:00-04:00,3.930000066757202,3.940000057220459,3.818000078201294,3.8499999046325684,18262500,0.0,0.0
2012-10-25 00:00:00-04:00,3.885999917984009,3.9179999828338623,3.8359999656677246,3.874000072479248,12229000,0.0,0.0
2012-10-26 00:00:00-04:00,3.881999969482422,3.937999963760376,3.8440001010894775,3.9079999923706055,11175500,0.0,0.0
2012-10-31 00:00:00-04:00,3.9040000438690186,3.9560000896453857,3.8340001106262207,3.874000072479248,14612000,0.0,0.0
2012-11-01 00:00:00-04:00,3.9000000953674316,4.0920000076293945,3.868000030517578,4.050000190734863,16947000,0.0,0.0
2012-11-02 00:00:00-04:00,4.070000171661377,4.076000213623047,3.990000009536743,4.004000186920166,10033000,0.0,0.0
2012-11-05 00:00:00-05:00,3.9779999256134033,3.997999906539917,3.875999927520752,3.9260001182556152,13275000,0.0,0.0
2012-11-06 00:00:00-05:00,3.9779999256134033,3.9860000610351562,3.9260001182556152,3.950000047683716,9515500,0.0,0.0
2012-11-07 00:00:00-05:00,3.9200000762939453,3.931999921798706,3.815999984741211,3.8259999752044678,16682000,0.0,0.0
2012-11-08 00:00:00-05:00,3.822000026702881,3.8540000915527344,3.7739999294281006,3.7760000228881836,8641000,0.0,0.0
2012-11-09 00:00:00-05:00,3.7739999294281006,3.9200000762939453,3.740000009536743,3.803999900817871,10443000,0.0,0.0
2012-11-12 00:00:00-05:00,3.813999891281128,3.818000078201294,3.6419999599456787,3.6740000247955322,16890000,0.0,0.0
2012-11-13 00:00:00-05:00,3.6640000343322754,3.681999921798706,3.5239999294281006,3.562000036239624,30609000,0.0,0.0
2012-11-14 00:00:00-05:00,3.625999927520752,3.7119998931884766,3.5940001010894775,3.609999895095825,21901000,0.0,0.0
2012-11-15 00:00:00-05:00,3.634000062942505,3.638000011444092,3.50600004196167,3.562000036239624,12372000,0.0,0.0
2012-11-16 00:00:00-05:00,3.5799999237060547,3.681999921798706,3.5739998817443848,3.6559998989105225,19306000,0.0,0.0
2012-11-19 00:00:00-05:00,3.7160000801086426,3.740000009536743,3.6480000019073486,3.7200000286102295,11606500,0.0,0.0
2012-11-20 00:00:00-05:00,3.7219998836517334,3.753999948501587,3.6419999599456787,3.6500000953674316,9858000,0.0,0.0
2012-11-21 00:00:00-05:00,3.6679999828338623,3.861999988555908,3.6519999504089355,3.740000009536743,9620500,0.0,0.0
2012-11-23 00:00:00-05:00,3.740000009536743,3.822000026702881,3.740000009536743,3.812000036239624,3977000,0.0,0.0
2012-11-26 00:00:00-05:00,3.799999952316284,3.881999969482422,3.7639999389648438,3.8459999561309814,8708500,0.0,0.0
2012-11-27 00:00:00-05:00,3.9179999828338623,3.9179999828338623,3.8259999752044678,3.8359999656677246,10802500,0.0,0.0
2012-11-28 00:00:00-05:00,3.9000000953674316,3.921999931335449,3.822000026702881,3.9040000438690186,11175000,0.0,0.0
2012-11-29 00:00:00-05:00,3.936000108718872,4.03000020980835,3.9179999828338623,3.9739999771118164,12010500,0.0,0.0
2012-11-30 00:00:00-05:00,3.992000102996826,4.01200008392334,3.931999921798706,3.996000051498413,10176500,0.0,0.0
2012-12-03 00:00:00-05:00,4.001999855041504,4.01800012588501,3.9240000247955322,3.936000108718872,6245000,0.0,0.0
2012-12-04 00:00:00-05:00,3.947999954223633,4.004000186920166,3.9140000343322754,3.9860000610351562,7189000,0.0,0.0
2012-12-05 00:00:00-05:00,3.9820001125335693,3.9820001125335693,3.74399995803833,3.7639999389648438,19192000,0.0,0.0
2012-12-06 00:00:00-05:00,3.75,3.8299999237060547,3.7060000896453857,3.819999933242798,12932000,0.0,0.0
2012-12-07 00:00:00-05:00,3.822000026702881,3.9539999961853027,3.815999984741211,3.940000057220459,17735500,0.0,0.0
2012-12-10 00:00:00-05:00,3.930000066757202,4.047999858856201,3.9059998989105225,4.019999980926514,9872000,0.0,0.0
2012-12-11 00:00:00-05:00,4.02400016784668,4.081999778747559,3.9860000610351562,4.050000190734863,7582000,0.0,0.0
2012-12-12 00:00:00-05:00,4.072000026702881,4.138000011444092,4.021999835968018,4.038000106811523,10629000,0.0,0.0
2012-12-13 00:00:00-05:00,4.035999774932861,4.130000114440918,4.033999919891357,4.107999801635742,12420000,0.0,0.0
2012-12-14 00:00:00-05:00,4.177999973297119,4.214000225067139,4.127999782562256,4.199999809265137,16681500,0.0,0.0
2012-12-17 00:00:00-05:00,4.2220001220703125,4.276000022888184,4.196000099182129,4.228000164031982,11464500,0.0,0.0
2012-12-18 00:00:00-05:00,4.25,4.297999858856201,4.236000061035156,4.26800012588501,7726500,0.0,0.0
2012-12-19 00:00:00-05:00,4.314000129699707,4.377999782562256,4.260000228881836,4.271999835968018,8637000,0.0,0.0
2012-12-20 00:00:00-05:00,4.271999835968018,4.28000020980835,4.216000080108643,4.260000228881836,9237500,0.0,0.0
2012-12-21 00:00:00-05:00,4.203999996185303,4.24399995803833,4.116000175476074,4.23199987411499,6808000,0.0,0.0
2012-12-24 00:00:00-05:00,4.211999893188477,4.228000164031982,4.164000034332275,4.223999977111816,2611500,0.0,0.0
2012-12-26 00:00:00-05:00,4.210000038146973,4.248000144958496,4.1539998054504395,4.159999847412109,4266500,0.0,0.0
2012-12-27 00:00:00-05:00,4.1579999923706055,4.184000015258789,4.099999904632568,4.156000137329102,9715500,0.0,0.0
2012-12-28 00:00:00-05:00,4.142000198364258,4.239999771118164,4.116000175476074,4.185999870300293,5113500,0.0,0.0
2012-12-31 00:00:00-05:00,4.182000160217285,4.234000205993652,4.1579999923706055,4.203999996185303,9411500,0.0,0.0
2013-01-02 00:00:00-05:00,4.260000228881836,4.380000114440918,4.205999851226807,4.23799991607666,10562000,0.0,0.0
2013-01-03 00:00:00-05:00,4.216000080108643,4.242000102996826,3.8440001010894775,3.865999937057495,36903500,0.0,0.0
2013-01-04 00:00:00-05:00,3.859999895095825,3.8940000534057617,3.7899999618530273,3.861999988555908,21015500,0.0,0.0
2013-01-07 00:00:00-05:00,3.859999895095825,3.9140000343322754,3.7960000038146973,3.812000036239624,11272500,0.0,0.0
2013-01-08 00:00:00-05:00,3.8320000171661377,3.885999917984009,3.759999990463257,3.818000078201294,12036500,0.0,0.0
2013-01-09 00:00:00-05:00,3.888000011444092,3.9539999961853027,3.809999942779541,3.8359999656677246,13228500,0.0,0.0
2013-01-10 00:00:00-05:00,3.868000030517578,3.9240000247955322,3.8519999980926514,3.9159998893737793,11437500,0.0,0.0
2013-01-11 00:00:00-05:00,3.936000108718872,3.936000108718872,3.8519999980926514,3.868000030517578,10466500,0.0,0.0
2013-01-14 00:00:00-05:00,3.8239998817443848,3.9600000381469727,3.822000026702881,3.888000011444092,11892500,0.0,0.0
2013-01-15 00:00:00-05:00,3.871999979019165,4.035999774932861,3.8519999980926514,4.01800012588501,14071000,0.0,0.0
2013-01-16 00:00:00-05:00,4.01800012588501,4.107999801635742,3.9679999351501465,3.9839999675750732,12489500,0.0,0.0
2013-01-17 00:00:00-05:00,4.007999897003174,4.059999942779541,3.930000066757202,3.9600000381469727,8866000,0.0,0.0
2013-01-18 00:00:00-05:00,3.946000099182129,3.9719998836517334,3.8980000019073486,3.950000047683716,6590000,0.0,0.0
2013-01-22 00:00:00-05:00,3.861999988555908,3.9260001182556152,3.8480000495910645,3.864000082015991,18036000,0.0,0.0
2013-01-23 00:00:00-05:00,3.874000072479248,3.9600000381469727,3.8519999980926514,3.941999912261963,14040000,0.0,0.0
2013-01-24 00:00:00-05:00,3.936000108718872,4.067999839782715,3.888000011444092,3.990000009536743,9496500,0.0,0.0
2013-01-25 00:00:00-05:00,4.004000186920166,4.185999870300293,3.9820001125335693,4.165999889373779,14633500,0.0,0.0
2013-01-28 00:00:00-05:00,4.164000034332275,4.230000019073486,4.164000034332275,4.210000038146973,11662000,0.0,0.0
2013-01-29 00:00:00-05:00,4.041999816894531,4.090000152587891,3.8940000534057617,3.941999912261963,23601500,0.0,0.0
2013-01-30 00:00:00-05:00,3.9560000896453857,3.9579999446868896,3.805999994277954,3.869999885559082,29676000,0.0,0.0
2013-01-31 00:00:00-05:00,4.656000137329102,4.8480000495910645,4.519999980926514,4.7179999351501465,74174000,0.0,0.0
2013-02-01 00:00:00-05:00,4.730000019073486,4.78000020980835,4.697999954223633,4.71999979019165,14806000,0.0,0.0
2013-02-04 00:00:00-05:00,4.708000183105469,4.716000080108643,4.572000026702881,4.578000068664551,12206500,0.0,0.0
2013-02-05 00:00:00-05:00,4.578000068664551,4.659999847412109,4.501999855041504,4.599999904632568,13106500,0.0,0.0
2013-02-06 00:00:00-05:00,4.573999881744385,4.723999977111816,4.561999797821045,4.682000160217285,15096000,0.0,0.0
2013-02-07 00:00:00-05:00,4.642000198364258,4.691999912261963,4.564000129699707,4.616000175476074,10361000,0.0,0.0
2013-02-08 00:00:00-05:00,4.611999988555908,4.7179999351501465,4.611999988555908,4.688000202178955,6198000,0.0,0.0
2013-02-11 00:00:00-05:00,4.677999973297119,4.699999809265137,4.605999946594238,4.622000217437744,7212500,0.0,0.0
2013-02-12 00:00:00-05:00,4.631999969482422,4.8379998207092285,4.622000217437744,4.769999980926514,18962500,0.0,0.0
2013-02-13 00:00:00-05:00,4.791999816894531,4.796000003814697,4.625999927520752,4.6620001792907715,10685000,0.0,0.0
2013-02-14 00:00:00-05:00,4.6539998054504395,4.802000045776367,4.6519999504089355,4.684000015258789,8807000,0.0,0.0
2013-02-15 00:00:00-05:00,4.697999954223633,4.76200008392334,4.624000072479248,4.702000141143799,9046500,0.0,0.0
2013-02-19 00:00:00-05:00,4.679999828338623,4.745999813079834,4.642000198364258,4.708000183105469,9363500,0.0,0.0
2013-02-20 00:00:00-05:00,4.703999996185303,4.77400016784668,4.697999954223633,4.7179999351501465,12912000,0.0,0.0
2013-02-21 00:00:00-05:00,4.696000099182129,4.697999954223633,4.5960001945495605,4.631999969482422,9324500,0.0,0.0
2013-02-22 00:00:00-05:00,4.7220001220703125,4.831999778747559,4.682000160217285,4.802000045776367,19427000,0.0,0.0
2013-02-25 00:00:00-05:00,4.880000114440918,4.9120001792907715,4.736000061035156,4.745999813079834,17037500,0.0,0.0
2013-02-26 00:00:00-05:00,4.7820000648498535,5.070000171661377,4.751999855041504,4.938000202178955,31231000,0.0,0.0
2013-02-27 00:00:00-05:00,4.926000118255615,5.007999897003174,4.8460001945495605,4.958000183105469,11939000,0.0,0.0
2013-02-28 00:00:00-05:00,4.952000141143799,5.026000022888184,4.817999839782715,4.835999965667725,17750500,0.0,0.0
2013-03-01 00:00:00-05:00,4.817999839782715,4.874000072479248,4.76800012588501,4.829999923706055,13643500,0.0,0.0
2013-03-04 00:00:00-05:00,4.820000171661377,4.874000072479248,4.800000190734863,4.828000068664551,5891500,0.0,0.0
2013-03-05 00:00:00-05:00,4.8379998207092285,4.921999931335449,4.811999797821045,4.9079999923706055,8843000,0.0,0.0
2013-03-06 00:00:00-05:00,4.9120001792907715,4.960000038146973,4.822000026702881,4.855999946594238,9046000,0.0,0.0
2013-03-07 00:00:00-05:00,4.866000175476074,4.888000011444092,4.771999835968018,4.789999961853027,14083500,0.0,0.0
2013-03-08 00:00:00-05:00,4.826000213623047,4.900000095367432,4.7820000648498535,4.868000030517578,4689500,0.0,0.0
2013-03-11 00:00:00-04:00,4.860000133514404,4.892000198364258,4.817999839782715,4.857999801635742,3455500,0.0,0.0
2013-03-12 00:00:00-04:00,4.8420000076293945,4.894000053405762,4.800000190734863,4.889999866485596,6103000,0.0,0.0
2013-03-13 00:00:00-04:00,4.892000198364258,4.9720001220703125,4.843999862670898,4.929999828338623,7707000,0.0,0.0
2013-03-14 00:00:00-04:00,4.920000076293945,5.035999774932861,4.7820000648498535,5.0,10898000,0.0,0.0
2013-03-15 00:00:00-04:00,4.98199987411499,5.004000186920166,4.889999866485596,4.955999851226807,8407500,0.0,0.0
2013-03-18 00:00:00-04:00,4.9019999504089355,4.9019999504089355,4.808000087738037,4.8379998207092285,8915000,0.0,0.0
2013-03-19 00:00:00-04:00,4.860000133514404,4.860000133514404,4.625999927520752,4.671999931335449,19467500,0.0,0.0
2013-03-20 00:00:00-04:00,4.769999980926514,4.811999797821045,4.682000160217285,4.72599983215332,9059500,0.0,0.0
2013-03-21 00:00:00-04:00,4.676000118255615,4.699999809265137,4.610000133514404,4.6579999923706055,7490500,0.0,0.0
2013-03-22 00:00:00-04:00,4.671999931335449,4.677999973297119,4.51800012588501,4.605999946594238,10493000,0.0,0.0
2013-03-25 00:00:00-04:00,4.610000133514404,4.6539998054504395,4.535999774932861,4.585999965667725,8907000,0.0,0.0
2013-03-26 00:00:00-04:00,4.619999885559082,4.664000034332275,4.561999797821045,4.5980000495910645,7517000,0.0,0.0
2013-03-27 00:00:00-04:00,4.565999984741211,4.659999847412109,4.546000003814697,4.6539998054504395,6448500,0.0,0.0
2013-03-28 00:00:00-04:00,4.633999824523926,4.748000144958496,4.570000171661377,4.736000061035156,9416000,0.0,0.0
2013-04-01 00:00:00-04:00,4.702000141143799,4.708000183105469,4.533999919891357,4.5960001945495605,8435000,0.0,0.0
2013-04-02 00:00:00-04:00,4.618000030517578,4.644000053405762,4.567999839782715,4.590000152587891,6233000,0.0,0.0
2013-04-03 00:00:00-04:00,4.599999904632568,4.613999843597412,4.381999969482422,4.441999912261963,14321500,0.0,0.0
2013-04-04 00:00:00-04:00,4.446000099182129,4.48799991607666,4.374000072479248,4.461999893188477,8059000,0.0,0.0
2013-04-05 00:00:00-04:00,4.360000133514404,4.429999828338623,4.053999900817871,4.394000053405762,13362500,0.0,0.0
2013-04-08 00:00:00-04:00,4.409999847412109,4.458000183105469,4.306000232696533,4.3460001945495605,11245000,0.0,0.0
2013-04-09 00:00:00-04:00,4.357999801635742,4.458000183105469,4.3420000076293945,4.423999786376953,6947000,0.0,0.0
2013-04-10 00:00:00-04:00,4.466000080108643,4.5279998779296875,4.363999843597412,4.369999885559082,23628000,0.0,0.0
2013-04-11 00:00:00-04:00,3.5139999389648438,3.8320000171661377,3.509999990463257,3.7980000972747803,125318000,0.0,0.0
2013-04-12 00:00:00-04:00,3.7760000228881836,3.7939999103546143,3.686000108718872,3.753999948501587,17778000,0.0,0.0
2013-04-15 00:00:00-04:00,3.7300000190734863,3.7360000610351562,3.5899999141693115,3.614000082015991,24086000,0.0,0.0
2013-04-16 00:00:00-04:00,3.6019999980926514,3.691999912261963,3.5799999237060547,3.625999927520752,19350000,0.0,0.0
2013-04-17 00:00:00-04:00,3.634000062942505,3.7679998874664307,3.5920000076293945,3.614000082015991,22698000,0.0,0.0
2013-04-18 00:00:00-04:00,3.609999895095825,3.6440000534057617,3.5260000228881836,3.5380001068115234,13713500,0.0,0.0
2013-04-19 00:00:00-04:00,3.5480000972747803,3.5940001010894775,3.4619998931884766,3.50600004196167,12585000,0.0,0.0
2013-04-22 00:00:00-04:00,3.5199999809265137,3.5759999752044678,3.4760000705718994,3.555999994277954,8369500,0.0,0.0
2013-04-23 00:00:00-04:00,3.5759999752044678,3.614000082015991,3.5299999713897705,3.559999942779541,15714500,0.0,0.0
2013-04-24 00:00:00-04:00,3.5360000133514404,3.5999999046325684,3.4779999256134033,3.50600004196167,12578000,0.0,0.0
2013-04-25 00:00:00-04:00,3.5320000648498535,3.569999933242798,3.50600004196167,3.5160000324249268,11488000,0.0,0.0
2013-04-26 00:00:00-04:00,3.502000093460083,3.5139999389648438,3.4519999027252197,3.4719998836517334,10035500,0.0,0.0
2013-04-29 00:00:00-04:00,3.5,3.5899999141693115,3.4800000190734863,3.569999933242798,10611500,0.0,0.0
2013-04-30 00:00:00-04:00,3.5380001068115234,3.624000072479248,3.4779999256134033,3.5920000076293945,20792500,0.0,0.0
2013-05-01 00:00:00-04:00,3.618000030517578,3.7920000553131104,3.5460000038146973,3.568000078201294,40056000,0.0,0.0
2013-05-02 00:00:00-04:00,3.5920000076293945,3.6459999084472656,3.553999900817871,3.614000082015991,13895500,0.0,0.0
2013-05-03 00:00:00-04:00,3.624000072479248,3.6740000247955322,3.5999999046325684,3.615999937057495,7414500,0.0,0.0
2013-05-06 00:00:00-04:00,3.609999895095825,3.684000015258789,3.609999895095825,3.635999917984009,7690500,0.0,0.0
2013-05-07 00:00:00-04:00,3.635999917984009,3.680000066757202,3.5880000591278076,3.621999979019165,9435500,0.0,0.0
2013-05-08 00:00:00-04:00,3.621999979019165,3.6480000019073486,3.563999891281128,3.6440000534057617,12222500,0.0,0.0
2013-05-09 00:00:00-04:00,3.634000062942505,3.687999963760376,3.609999895095825,3.619999885559082,9264500,0.0,0.0
2013-05-10 00:00:00-04:00,3.640000104904175,3.7780001163482666,3.630000114440918,3.75,9668500,0.0,0.0
2013-05-13 00:00:00-04:00,3.7279999256134033,3.74399995803833,3.6080000400543213,3.615999937057495,8396500,0.0,0.0
2013-05-14 00:00:00-04:00,3.615999937057495,3.677999973297119,3.6080000400543213,3.6519999504089355,7626500,0.0,0.0
2013-05-15 00:00:00-04:00,3.640000104904175,3.6459999084472656,3.6080000400543213,3.638000011444092,13834000,0.0,0.0
2013-05-16 00:00:00-04:00,3.6540000438690186,3.746000051498413,3.6500000953674316,3.700000047683716,15400500,0.0,0.0
2013-05-17 00:00:00-04:00,3.7300000190734863,3.815999984741211,3.694000005722046,3.7920000553131104,16071000,0.0,0.0
2013-05-20 00:00:00-04:00,3.808000087738037,3.884000062942505,3.805999994277954,3.8540000915527344,11488000,0.0,0.0
2013-05-21 00:00:00-04:00,3.865999937057495,3.9079999923706055,3.822000026702881,3.8399999141693115,9832000,0.0,0.0
2013-05-22 00:00:00-04:00,3.8420000076293945,3.861999988555908,3.696000099182129,3.742000102996826,14047500,0.0,0.0
2013-05-23 00:00:00-04:00,3.7039999961853027,3.7339999675750732,3.6619999408721924,3.680000066757202,10715000,0.0,0.0
2013-05-24 00:00:00-04:00,3.6659998893737793,3.700000047683716,3.609999895095825,3.6619999408721924,9728000,0.0,0.0
2013-05-28 00:00:00-04:00,3.700000047683716,3.753999948501587,3.700000047683716,3.7219998836517334,8230500,0.0,0.0
2013-05-29 00:00:00-04:00,3.7079999446868896,3.799999952316284,3.6559998989105225,3.7860000133514404,8294000,0.0,0.0
2013-05-30 00:00:00-04:00,3.7720000743865967,3.871999979019165,3.7720000743865967,3.8580000400543213,7765000,0.0,0.0
2013-05-31 00:00:00-04:00,3.805999994277954,3.8959999084472656,3.7799999713897705,3.8519999980926514,12179000,0.0,0.0
2013-06-03 00:00:00-04:00,3.859999895095825,3.864000082015991,3.6480000019073486,3.700000047683716,13706000,0.0,0.0
2013-06-04 00:00:00-04:00,3.677999973297119,3.696000099182129,3.624000072479248,3.6419999599456787,7121000,0.0,0.0
2013-06-05 00:00:00-04:00,3.6640000343322754,3.6640000343322754,3.5759999752044678,3.614000082015991,11446000,0.0,0.0
2013-06-06 00:00:00-04:00,3.635999917984009,3.687999963760376,3.5999999046325684,3.687999963760376,7043000,0.0,0.0
2013-06-07 00:00:00-04:00,3.700000047683716,3.74399995803833,3.6700000762939453,3.7300000190734863,6964500,0.0,0.0
2013-06-10 00:00:00-04:00,3.757999897003174,3.759999990463257,3.700000047683716,3.7260000705718994,6927000,0.0,0.0
2013-06-11 00:00:00-04:00,3.686000108718872,3.7179999351501465,3.640000104904175,3.6600000858306885,5990500,0.0,0.0
2013-06-12 00:00:00-04:00,3.677999973297119,3.7100000381469727,3.5999999046325684,3.631999969482422,7856000,0.0,0.0
2013-06-13 00:00:00-04:00,3.621999979019165,3.628000020980835,3.5360000133514404,3.614000082015991,10473500,0.0,0.0
2013-06-14 00:00:00-04:00,3.6019999980926514,3.625999927520752,3.51200008392334,3.5480000972747803,12664000,0.0,0.0
2013-06-17 00:00:00-04:00,3.563999891281128,3.624000072479248,3.5339999198913574,3.5999999046325684,10022000,0.0,0.0
2013-06-18 00:00:00-04:00,3.6080000400543213,3.618000030517578,3.5959999561309814,3.6040000915527344,7332000,0.0,0.0
2013-06-19 00:00:00-04:00,3.5999999046325684,3.618000030517578,3.5480000972747803,3.549999952316284,11886000,0.0,0.0
2013-06-20 00:00:00-04:00,3.5339999198913574,3.5820000171661377,3.5,3.5320000648498535,9395500,0.0,0.0
2013-06-21 00:00:00-04:00,3.5480000972747803,3.555999994277954,3.4119999408721924,3.4679999351501465,14820000,0.0,0.0
2013-06-24 00:00:00-04:00,3.430000066757202,3.437999963760376,3.299999952316284,3.305999994277954,12084000,0.0,0.0
2013-06-25 00:00:00-04:00,3.3239998817443848,3.374000072479248,3.2939999103546143,3.3459999561309814,15423500,0.0,0.0
2013-06-26 00:00:00-04:00,3.384000062942505,3.436000108718872,3.364000082015991,3.4179999828338623,4925500,0.0,0.0
2013-06-27 00:00:00-04:00,3.436000108718872,3.507999897003174,3.4260001182556152,3.4619998931884766,9991000,0.0,0.0
2013-06-28 00:00:00-04:00,3.4600000381469727,3.5339999198913574,3.305999994277954,3.5,22374500,0.0,0.0
2013-07-01 00:00:00-04:00,3.502000093460083,3.559999942779541,3.446000099182129,3.4560000896453857,6957000,0.0,0.0
2013-07-02 00:00:00-04:00,3.446000099182129,3.5160000324249268,3.4100000858306885,3.4679999351501465,9310500,0.0,0.0
2013-07-03 00:00:00-04:00,3.497999906539917,3.7239999771118164,3.497999906539917,3.5959999561309814,16244500,0.0,0.0
2013-07-05 00:00:00-04:00,3.619999885559082,3.6500000953674316,3.565999984741211,3.6480000019073486,6948000,0.0,0.0
2013-07-08 00:00:00-04:00,3.6600000858306885,3.694000005722046,3.638000011444092,3.671999931335449,6312500,0.0,0.0
2013-07-09 00:00:00-04:00,3.680000066757202,3.740000009536743,3.625999927520752,3.73799991607666,8098500,0.0,0.0
2013-07-10 00:00:00-04:00,3.859999895095825,3.9619998931884766,3.8320000171661377,3.931999921798706,17596500,0.0,0.0
2013-07-11 00:00:00-04:00,3.9600000381469727,4.013999938964844,3.946000099182129,3.9839999675750732,13464500,0.0,0.0
2013-07-12 00:00:00-04:00,3.990000009536743,4.056000232696533,3.9560000896453857,4.00600004196167,5578000,0.0,0.0
2013-07-15 00:00:00-04:00,4.001999855041504,4.019999980926514,3.9679999351501465,4.0,7845500,0.0,0.0
2013-07-16 00:00:00-04:00,4.0,4.038000106811523,3.9860000610351562,3.98799991607666,5025000,0.0,0.0
2013-07-17 00:00:00-04:00,4.0,4.093999862670898,4.0,4.084000110626221,13415500,0.0,0.0
2013-07-18 00:00:00-04:00,4.099999904632568,4.159999847412109,4.067999839782715,4.085999965667725,5775000,0.0,0.0
2013-07-19 00:00:00-04:00,4.058000087738037,4.104000091552734,4.03000020980835,4.090000152587891,5948000,0.0,0.0
2013-07-22 00:00:00-04:00,4.116000175476074,4.142000198364258,4.078000068664551,4.0879998207092285,7491000,0.0,0.0
2013-07-23 00:00:00-04:00,4.400000095367432,4.418000221252441,4.205999851226807,4.285999774932861,26727500,0.0,0.0
2013-07-24 00:00:00-04:00,4.334000110626221,4.357999801635742,4.23199987411499,4.269999980926514,11105000,0.0,0.0
2013-07-25 00:00:00-04:00,4.283999919891357,4.297999858856201,4.173999786376953,4.196000099182129,20778000,0.0,0.0
2013-07-26 00:00:00-04:00,4.170000076293945,4.205999851226807,4.136000156402588,4.145999908447266,9757000,0.0,0.0
2013-07-29 00:00:00-04:00,4.104000091552734,4.113999843597412,4.047999858856201,4.073999881744385,22854000,0.0,0.0
2013-07-30 00:00:00-04:00,4.107999801635742,4.164000034332275,4.0279998779296875,4.033999919891357,38375500,0.0,0.0
2013-07-31 00:00:00-04:00,4.260000228881836,4.335999965667725,4.190000057220459,4.25,41094500,0.0,0.0
2013-08-01 00:00:00-04:00,4.300000190734863,4.323999881744385,4.22599983215332,4.26800012588501,13380000,0.0,0.0
2013-08-02 00:00:00-04:00,4.269999980926514,4.311999797821045,4.21999979019165,4.26800012588501,8426500,0.0,0.0
2013-08-05 00:00:00-04:00,4.269999980926514,4.271999835968018,4.2179999351501465,4.2220001220703125,6385000,0.0,0.0
2013-08-06 00:00:00-04:00,4.203999996185303,4.205999851226807,4.144000053405762,4.177999973297119,5819500,0.0,0.0
2013-08-07 00:00:00-04:00,4.170000076293945,4.182000160217285,4.090000152587891,4.127999782562256,4909000,0.0,0.0
2013-08-08 00:00:00-04:00,4.164000034332275,4.170000076293945,4.124000072479248,4.165999889373779,4051000,0.0,0.0
2013-08-09 00:00:00-04:00,4.159999847412109,4.191999912261963,4.118000030517578,4.144000053405762,4192000,0.0,0.0
2013-08-12 00:00:00-04:00,4.133999824523926,4.199999809265137,4.116000175476074,4.168000221252441,3646500,0.0,0.0
2013-08-13 00:00:00-04:00,4.168000221252441,4.230000019073486,4.133999824523926,4.2220001220703125,4415000,0.0,0.0
2013-08-14 00:00:00-04:00,4.214000225067139,4.2179999351501465,4.150000095367432,4.211999893188477,5145500,0.0,0.0
2013-08-15 00:00:00-04:00,4.1620001792907715,4.1620001792907715,4.039999961853027,4.041999816894531,11654000,0.0,0.0
2013-08-16 00:00:00-04:00,4.021999835968018,4.039999961853027,3.9579999446868896,3.9779999256134033,9259500,0.0,0.0
2013-08-19 00:00:00-04:00,4.001999855041504,4.072000026702881,3.9779999256134033,4.010000228881836,6956000,0.0,0.0
2013-08-20 00:00:00-04:00,4.010000228881836,4.033999919891357,3.9820001125335693,3.997999906539917,3805000,0.0,0.0
2013-08-21 00:00:00-04:00,4.0,4.061999797821045,3.990000009536743,4.035999774932861,7385500,0.0,0.0
2013-08-22 00:00:00-04:00,4.046000003814697,4.110000133514404,4.038000106811523,4.067999839782715,3015500,0.0,0.0
2013-08-23 00:00:00-04:00,4.081999778747559,4.111999988555908,4.050000190734863,4.067999839782715,2761000,0.0,0.0
2013-08-26 00:00:00-04:00,4.078000068664551,4.105999946594238,4.033999919891357,4.039999961853027,3574000,0.0,0.0
2013-08-27 00:00:00-04:00,4.056000232696533,4.084000110626221,3.947999954223633,3.9600000381469727,8981500,0.0,0.0
2013-08-28 00:00:00-04:00,3.9719998836517334,4.0,3.937999963760376,3.941999912261963,4891000,0.0,0.0
2013-08-29 00:00:00-04:00,3.950000047683716,4.064000129699707,3.950000047683716,4.010000228881836,5042000,0.0,0.0
2013-08-30 00:00:00-04:00,4.02400016784668,4.052000045776367,3.940000057220459,3.9600000381469727,5590500,0.0,0.0
2013-09-03 00:00:00-04:00,4.010000228881836,4.019999980926514,3.885999917984009,3.9519999027252197,7952000,0.0,0.0
2013-09-04 00:00:00-04:00,3.9719998836517334,4.00600004196167,3.9019999504089355,3.9600000381469727,8131000,0.0,0.0
2013-09-05 00:00:00-04:00,3.9579999446868896,3.997999906539917,3.9260001182556152,3.9619998931884766,5632500,0.0,0.0
2013-09-06 00:00:00-04:00,3.9839999675750732,4.039999961853027,3.9539999961853027,4.00600004196167,6229000,0.0,0.0
2013-09-09 00:00:00-04:00,4.035999774932861,4.113999843597412,4.007999897003174,4.070000171661377,6804500,0.0,0.0
2013-09-10 00:00:00-04:00,4.139999866485596,4.177999973297119,4.065999984741211,4.118000030517578,12108000,0.0,0.0
2013-09-11 00:00:00-04:00,4.1020002365112305,4.139999866485596,4.067999839782715,4.110000133514404,6315500,0.0,0.0
2013-09-12 00:00:00-04:00,4.1020002365112305,4.170000076293945,4.085999965667725,4.118000030517578,7410000,0.0,0.0
2013-09-13 00:00:00-04:00,4.150000095367432,4.199999809265137,4.113999843597412,4.118000030517578,9114000,0.0,0.0
2013-09-16 00:00:00-04:00,4.168000221252441,4.171999931335449,4.072000026702881,4.104000091552734,10648000,0.0,0.0
2013-09-17 00:00:00-04:00,4.0960001945495605,4.176000118255615,4.0879998207092285,4.159999847412109,6114500,0.0,0.0
2013-09-18 00:00:00-04:00,4.1620001792907715,4.197999954223633,4.119999885559082,4.188000202178955,7402500,0.0,0.0
2013-09-19 00:00:00-04:00,4.190000057220459,4.251999855041504,4.1539998054504395,4.216000080108643,7218500,0.0,0.0
2013-09-20 00:00:00-04:00,4.21999979019165,4.288000106811523,4.190000057220459,4.25,17299500,0.0,0.0
2013-09-23 00:00:00-04:00,4.254000186920166,4.26200008392334,4.119999885559082,4.156000137329102,9477000,0.0,0.0
2013-09-24 00:00:00-04:00,4.142000198364258,4.1519999504089355,4.039999961853027,4.078000068664551,6563000,0.0,0.0
2013-09-25 00:00:00-04:00,4.078000068664551,4.105999946594238,4.059999942779541,4.076000213623047,5770000,0.0,0.0
2013-09-26 00:00:00-04:00,4.076000213623047,4.133999824523926,4.070000171661377,4.118000030517578,5362500,0.0,0.0
2013-09-27 00:00:00-04:00,4.0960001945495605,4.127999782562256,4.064000129699707,4.076000213623047,6053500,0.0,0.0
2013-09-30 00:00:00-04:00,4.03000020980835,4.070000171661377,3.9839999675750732,4.052000045776367,7332000,0.0,0.0
2013-10-01 00:00:00-04:00,4.061999797821045,4.210000038146973,4.061999797821045,4.170000076293945,16516000,0.0,0.0
2013-10-02 00:00:00-04:00,4.156000137329102,4.223999977111816,4.127999782562256,4.210000038146973,11432500,0.0,0.0
2013-10-03 00:00:00-04:00,4.199999809265137,4.228000164031982,4.105999946594238,4.105999946594238,7147500,0.0,0.0
2013-10-04 00:00:00-04:00,4.23799991607666,4.394000053405762,4.190000057220459,4.3379998207092285,24591000,0.0,0.0
2013-10-07 00:00:00-04:00,4.306000232696533,4.435999870300293,4.2820000648498535,4.395999908447266,16471500,0.0,0.0
2013-10-08 00:00:00-04:00,4.395999908447266,4.415999889373779,4.230000019073486,4.269999980926514,13623500,0.0,0.0
2013-10-09 00:00:00-04:00,4.265999794006348,4.27400016784668,4.138000011444092,4.156000137329102,12556500,0.0,0.0
2013-10-10 00:00:00-04:00,4.171999931335449,4.24399995803833,4.1539998054504395,4.23199987411499,9772000,0.0,0.0
2013-10-11 00:00:00-04:00,4.211999893188477,4.303999900817871,4.191999912261963,4.239999771118164,8240500,0.0,0.0
2013-10-14 00:00:00-04:00,4.202000141143799,4.26800012588501,4.182000160217285,4.257999897003174,3832000,0.0,0.0
2013-10-15 00:00:00-04:00,4.245999813079834,4.245999813079834,3.990000009536743,4.019999980926514,19444000,0.0,0.0
2013-10-16 00:00:00-04:00,4.059999942779541,4.116000175476074,4.035999774932861,4.070000171661377,7644000,0.0,0.0
2013-10-17 00:00:00-04:00,4.033999919891357,4.047999858856201,3.927999973297119,3.937999963760376,10708500,0.0,0.0
2013-10-18 00:00:00-04:00,3.9760000705718994,4.058000087738037,3.9579999446868896,4.039999961853027,11552000,0.0,0.0
2013-10-21 00:00:00-04:00,4.079999923706055,4.156000137329102,4.061999797821045,4.131999969482422,13151000,0.0,0.0
2013-10-22 00:00:00-04:00,4.1579999923706055,4.214000225067139,4.079999923706055,4.138000011444092,6482500,0.0,0.0
2013-10-23 00:00:00-04:00,4.118000030517578,4.133999824523926,4.038000106811523,4.111999988555908,14445500,0.0,0.0
2013-10-24 00:00:00-04:00,4.440000057220459,4.489999771118164,4.150000095367432,4.168000221252441,22690000,0.0,0.0
2013-10-25 00:00:00-04:00,4.165999889373779,4.203999996185303,3.996000051498413,4.013999938964844,12871500,0.0,0.0
2013-10-28 00:00:00-04:00,4.004000186920166,4.035999774932861,3.9719998836517334,4.015999794006348,10670500,0.0,0.0
2013-10-29 00:00:00-04:00,4.013999938964844,4.058000087738037,3.9719998836517334,4.0279998779296875,6523500,0.0,0.0
2013-10-30 00:00:00-04:00,4.026000022888184,4.033999919891357,3.930000066757202,3.9820001125335693,11700500,0.0,0.0
2013-10-31 00:00:00-04:00,3.9860000610351562,4.044000148773193,3.927999973297119,4.026000022888184,8899500,0.0,0.0
2013-11-01 00:00:00-04:00,4.044000148773193,4.058000087738037,3.927999973297119,3.950000047683716,8111500,0.0,0.0
2013-11-04 00:00:00-05:00,3.9619998931884766,4.021999835968018,3.940000057220459,4.015999794006348,4763500,0.0,0.0
2013-11-05 00:00:00-05:00,3.992000102996826,4.01200008392334,3.9539999961853027,4.004000186920166,5253500,0.0,0.0
2013-11-06 00:00:00-05:00,4.0279998779296875,4.050000190734863,3.9660000801086426,3.98799991607666,6470000,0.0,0.0
2013-11-07 00:00:00-05:00,3.996000051498413,4.0320000648498535,3.874000072479248,3.880000114440918,7615000,0.0,0.0
2013-11-08 00:00:00-05:00,3.888000011444092,3.9100000858306885,3.8420000076293945,3.888000011444092,6282000,0.0,0.0
2013-11-11 00:00:00-05:00,3.9059998989105225,3.9739999771118164,3.878000020980835,3.9539999961853027,4594500,0.0,0.0
2013-11-12 00:00:00-05:00,3.946000099182129,3.9800000190734863,3.9240000247955322,3.940000057220459,3588000,0.0,0.0
2013-11-13 00:00:00-05:00,3.921999931335449,4.004000186920166,3.9079999923706055,3.997999906539917,5377000,0.0,0.0
2013-11-14 00:00:00-05:00,3.9779999256134033,4.007999897003174,3.888000011444092,3.9839999675750732,7292500,0.0,0.0
2013-11-15 00:00:00-05:00,3.992000102996826,4.084000110626221,3.98799991607666,4.073999881744385,6516000,0.0,0.0
2013-11-18 00:00:00-05:00,4.099999904632568,4.1020002365112305,3.9159998893737793,3.9539999961853027,7229000,0.0,0.0
2013-11-19 00:00:00-05:00,3.944000005722046,3.9579999446868896,3.869999885559082,3.885999917984009,6107000,0.0,0.0
2013-11-20 00:00:00-05:00,3.888000011444092,3.947999954223633,3.868000030517578,3.878000020980835,3582500,0.0,0.0
2013-11-21 00:00:00-05:00,3.874000072479248,3.9179999828338623,3.8559999465942383,3.9019999504089355,5842000,0.0,0.0
2013-11-22 00:00:00-05:00,3.9100000858306885,3.9779999256134033,3.880000114440918,3.940000057220459,8239500,0.0,0.0
2013-11-25 00:00:00-05:00,3.946000099182129,3.9739999771118164,3.871999979019165,3.884000062942505,3752500,0.0,0.0
2013-11-26 00:00:00-05:00,3.921999931335449,3.944000005722046,3.865999937057495,3.9200000762939453,5695000,0.0,0.0
2013-11-27 00:00:00-05:00,3.9200000762939453,3.941999912261963,3.871999979019165,3.927999973297119,3802000,0.0,0.0
2013-11-29 00:00:00-05:00,3.568000078201294,3.5840001106262207,3.380000114440918,3.4200000762939453,65238500,0.0,0.0
2013-12-02 00:00:00-05:00,3.421999931335449,3.450000047683716,3.257999897003174,3.3519999980926514,42879500,0.0,0.0
2013-12-03 00:00:00-05:00,3.446000099182129,3.49399995803833,3.371999979019165,3.4119999408721924,26118000,0.0,0.0
2013-12-04 00:00:00-05:00,3.434000015258789,3.5260000228881836,3.4040000438690186,3.507999897003174,23636000,0.0,0.0
2013-12-05 00:00:00-05:00,3.5179998874664307,3.5799999237060547,3.5,3.5280001163482666,19341500,0.0,0.0
2013-12-06 00:00:00-05:00,3.565999984741211,3.5759999752044678,3.496000051498413,3.5399999618530273,14960000,0.0,0.0
2013-12-09 00:00:00-05:00,3.5859999656677246,3.6440000534057617,3.552000045776367,3.6080000400543213,16602000,0.0,0.0
2013-12-10 00:00:00-05:00,3.5980000495910645,3.6640000343322754,3.5859999656677246,3.619999885559082,12224500,0.0,0.0
2013-12-11 00:00:00-05:00,3.621999979019165,3.634000062942505,3.552000045776367,3.558000087738037,7097000,0.0,0.0
2013-12-12 00:00:00-05:00,3.5480000972747803,3.555999994277954,3.5,3.509999990463257,6781000,0.0,0.0
2013-12-13 00:00:00-05:00,3.5179998874664307,3.552000045776367,3.502000093460083,3.5360000133514404,6158500,0.0,0.0
2013-12-16 00:00:00-05:00,3.5380001068115234,3.5880000591278076,3.5160000324249268,3.568000078201294,9346000,0.0,0.0
2013-12-17 00:00:00-05:00,3.559999942779541,3.6040000915527344,3.5439999103546143,3.5759999752044678,9773500,0.0,0.0
2013-12-18 00:00:00-05:00,3.5840001106262207,3.638000011444092,3.5420000553131104,3.609999895095825,10175000,0.0,0.0
2013-12-19 00:00:00-05:00,3.6059999465942383,3.628000020980835,3.569999933242798,3.5759999752044678,8933500,0.0,0.0
2013-12-20 00:00:00-05:00,3.6500000953674316,3.7039999961853027,3.565999984741211,3.686000108718872,25792000,0.0,0.0
2013-12-23 00:00:00-05:00,3.7739999294281006,3.808000087738037,3.753999948501587,3.7939999103546143,16383500,0.0,0.0
2013-12-24 00:00:00-05:00,3.805999994277954,3.813999891281128,3.7660000324249268,3.7799999713897705,3254500,0.0,0.0
2013-12-26 00:00:00-05:00,3.7720000743865967,3.805999994277954,3.7339999675750732,3.7760000228881836,7408000,0.0,0.0
2013-12-27 00:00:00-05:00,3.7679998874664307,3.808000087738037,3.75600004196167,3.7820000648498535,6267500,0.0,0.0
2013-12-30 00:00:00-05:00,3.7839999198913574,3.803999900817871,3.7679998874664307,3.7799999713897705,8221000,0.0,0.0
2013-12-31 00:00:00-05:00,3.7820000648498535,3.8420000076293945,3.7699999809265137,3.8259999752044678,12047000,0.0,0.0
2014-01-02 00:00:00-05:00,3.8320000171661377,3.8459999561309814,3.7899999618530273,3.803999900817871,13465000,0.0,0.0
2014-01-03 00:00:00-05:00,3.8440001010894775,3.874000072479248,3.7860000133514404,3.8540000915527344,11757000,0.0,0.0
2014-01-06 00:00:00-05:00,3.884000062942505,3.944000005722046,3.8440001010894775,3.8480000495910645,24980500,0.0,0.0
2014-01-07 00:00:00-05:00,3.864000082015991,3.9779999256134033,3.8359999656677246,3.9660000801086426,13815500,0.0,0.0
2014-01-08 00:00:00-05:00,3.9820001125335693,4.010000228881836,3.931999921798706,3.9679999351501465,10703000,0.0,0.0
2014-01-09 00:00:00-05:00,3.990000009536743,4.004000186920166,3.885999917984009,3.8940000534057617,9371000,0.0,0.0
2014-01-10 00:00:00-05:00,3.9100000858306885,3.936000108718872,3.815999984741211,3.9119999408721924,30368000,0.0,0.0
2014-01-13 00:00:00-05:00,4.039999961853027,4.041999816894531,3.9140000343322754,3.927999973297119,31491000,0.0,0.0
2014-01-14 00:00:00-05:00,3.9839999675750732,4.2179999351501465,3.9800000190734863,4.179999828338623,34274500,0.0,0.0
2014-01-15 00:00:00-05:00,4.276000022888184,4.357999801635742,4.234000205993652,4.294000148773193,22436500,0.0,0.0
2014-01-16 00:00:00-05:00,4.294000148773193,4.3460001945495605,4.21999979019165,4.303999900817871,16459000,0.0,0.0
2014-01-17 00:00:00-05:00,4.308000087738037,4.329999923706055,4.25,4.296000003814697,10788000,0.0,0.0
2014-01-21 00:00:00-05:00,4.314000129699707,4.334000110626221,4.23799991607666,4.27400016784668,8855500,0.0,0.0
2014-01-22 00:00:00-05:00,4.288000106811523,4.296000003814697,4.205999851226807,4.269999980926514,10623500,0.0,0.0
2014-01-23 00:00:00-05:00,4.245999813079834,4.297999858856201,4.179999828338623,4.271999835968018,10281000,0.0,0.0
2014-01-24 00:00:00-05:00,4.452000141143799,4.452000141143799,4.320000171661377,4.335999965667725,40266500,0.0,0.0
2014-01-27 00:00:00-05:00,4.334000110626221,4.355999946594238,4.230000019073486,4.309999942779541,20671000,0.0,0.0
2014-01-28 00:00:00-05:00,4.409999847412109,4.414000034332275,4.3460001945495605,4.400000095367432,126557500,0.0,0.0
2014-01-29 00:00:00-05:00,4.355999946594238,4.368000030517578,4.245999813079834,4.2820000648498535,35240000,0.0,0.0
2014-01-30 00:00:00-05:00,4.478000164031982,4.539999961853027,4.372000217437744,4.427999973297119,43876500,0.0,0.0
2014-01-31 00:00:00-05:00,4.3379998207092285,4.372000217437744,4.202000141143799,4.239999771118164,22400500,0.0,0.0
2014-02-03 00:00:00-05:00,4.210000038146973,4.251999855041504,4.046000003814697,4.064000129699707,24362000,0.0,0.0
2014-02-04 00:00:00-05:00,4.1579999923706055,4.176000118255615,4.053999900817871,4.156000137329102,17759000,0.0,0.0
2014-02-05 00:00:00-05:00,4.122000217437744,4.133999824523926,4.01800012588501,4.044000148773193,11100500,0.0,0.0
2014-02-06 00:00:00-05:00,4.050000190734863,4.210000038146973,4.047999858856201,4.196000099182129,14230000,0.0,0.0
2014-02-07 00:00:00-05:00,4.21999979019165,4.317999839782715,4.202000141143799,4.302000045776367,14454000,0.0,0.0
2014-02-10 00:00:00-05:00,4.297999858856201,4.329999923706055,4.251999855041504,4.297999858856201,9702500,0.0,0.0
2014-02-11 00:00:00-05:00,4.317999839782715,4.3480000495910645,4.291999816894531,4.323999881744385,7697500,0.0,0.0
2014-02-12 00:00:00-05:00,4.320000171661377,4.3379998207092285,4.271999835968018,4.291999816894531,7326500,0.0,0.0
2014-02-13 00:00:00-05:00,4.308000087738037,4.440000057220459,4.289999961853027,4.438000202178955,9906500,0.0,0.0
2014-02-14 00:00:00-05:00,4.440000057220459,4.453999996185303,4.400000095367432,4.4120001792907715,4253500,0.0,0.0
2014-02-18 00:00:00-05:00,4.409999847412109,4.561999797821045,4.409999847412109,4.559999942779541,14215500,0.0,0.0
2014-02-19 00:00:00-05:00,4.52400016784668,4.535999774932861,4.420000076293945,4.423999786376953,10571500,0.0,0.0
2014-02-20 00:00:00-05:00,4.432000160217285,4.539999961853027,4.4019999504089355,4.533999919891357,8121500,0.0,0.0
2014-02-21 00:00:00-05:00,4.538000106811523,4.579999923706055,4.480000019073486,4.521999835968018,7746000,0.0,0.0
2014-02-24 00:00:00-05:00,4.5320000648498535,4.590000152587891,4.521999835968018,4.526000022888184,5471000,0.0,0.0
2014-02-25 00:00:00-05:00,4.519999980926514,4.642000198364258,4.507999897003174,4.611999988555908,10036500,0.0,0.0
2014-02-26 00:00:00-05:00,4.590000152587891,4.723999977111816,4.590000152587891,4.676000118255615,11673500,0.0,0.0
2014-02-27 00:00:00-05:00,4.685999870300293,4.785999774932861,4.684000015258789,4.771999835968018,10249000,0.0,0.0
2014-02-28 00:00:00-05:00,4.7820000648498535,4.7820000648498535,4.570000171661377,4.630000114440918,12038500,0.0,0.0
2014-03-03 00:00:00-05:00,4.579999923706055,4.6020002365112305,4.513999938964844,4.553999900817871,8725000,0.0,0.0
2014-03-04 00:00:00-05:00,4.730000019073486,4.75,4.6479997634887695,4.699999809265137,10407000,0.0,0.0
2014-03-05 00:00:00-05:00,4.705999851226807,4.748000144958496,4.670000076293945,4.671999931335449,9213500,0.0,0.0
2014-03-06 00:00:00-05:00,4.677999973297119,4.716000080108643,4.590000152587891,4.690000057220459,14563000,0.0,0.0
2014-03-07 00:00:00-05:00,4.710000038146973,4.7220001220703125,4.650000095367432,4.677999973297119,6029500,0.0,0.0
2014-03-10 00:00:00-04:00,4.659999847412109,4.685999870300293,4.581999778747559,4.625999927520752,6079500,0.0,0.0
2014-03-11 00:00:00-04:00,4.633999824523926,4.682000160217285,4.539999961853027,4.567999839782715,5921500,0.0,0.0
2014-03-12 00:00:00-04:00,4.561999797821045,4.631999969482422,4.519999980926514,4.624000072479248,5470000,0.0,0.0
2014-03-13 00:00:00-04:00,4.6620001792907715,4.671999931335449,4.47599983215332,4.519999980926514,7654500,0.0,0.0
2014-03-14 00:00:00-04:00,4.5,4.5879998207092285,4.5,4.570000171661377,6318500,0.0,0.0
2014-03-17 00:00:00-04:00,4.6539998054504395,4.659999847412109,4.578000068664551,4.633999824523926,8044000,0.0,0.0
2014-03-18 00:00:00-04:00,4.642000198364258,4.783999919891357,4.627999782562256,4.75600004196167,7984500,0.0,0.0
2014-03-19 00:00:00-04:00,4.751999855041504,4.76800012588501,4.693999767303467,4.73799991607666,6433500,0.0,0.0
2014-03-20 00:00:00-04:00,4.73199987411499,4.78000020980835,4.679999828338623,4.703999996185303,6019500,0.0,0.0
2014-03-21 00:00:00-04:00,4.714000225067139,4.75,4.561999797821045,4.604000091552734,16948500,0.0,0.0
2014-03-24 00:00:00-04:00,4.618000030517578,4.624000072479248,4.392000198364258,4.460000038146973,17979500,0.0,0.0
2014-03-25 00:00:00-04:00,4.498000144958496,4.533999919891357,4.395999908447266,4.432000160217285,8225500,0.0,0.0
2014-03-26 00:00:00-04:00,4.453999996185303,4.486000061035156,4.329999923706055,4.331999778747559,11162500,0.0,0.0
2014-03-27 00:00:00-04:00,4.3379998207092285,4.383999824523926,4.283999919891357,4.374000072479248,10781000,0.0,0.0
2014-03-28 00:00:00-04:00,4.400000095367432,4.421999931335449,4.326000213623047,4.361999988555908,7308000,0.0,0.0
2014-03-31 00:00:00-04:00,4.392000198364258,4.446000099182129,4.375999927520752,4.406000137329102,5687500,0.0,0.0
2014-04-01 00:00:00-04:00,4.426000118255615,4.547999858856201,4.414000034332275,4.539999961853027,7401500,0.0,0.0
2014-04-02 00:00:00-04:00,4.659999847412109,4.665999889373779,4.526000022888184,4.556000232696533,9189000,0.0,0.0
2014-04-03 00:00:00-04:00,4.552000045776367,4.5960001945495605,4.464000225067139,4.498000144958496,9110500,0.0,0.0
2014-04-04 00:00:00-04:00,4.550000190734863,4.564000129699707,4.309999942779541,4.4019999504089355,12775000,0.0,0.0
2014-04-07 00:00:00-04:00,4.400000095367432,4.544000148773193,4.380000114440918,4.458000183105469,16249000,0.0,0.0
2014-04-08 00:00:00-04:00,4.478000164031982,4.616000175476074,4.418000221252441,4.564000129699707,12160500,0.0,0.0
2014-04-09 00:00:00-04:00,4.572000026702881,4.665999889373779,4.53000020980835,4.659999847412109,6306500,0.0,0.0
2014-04-10 00:00:00-04:00,4.579999923706055,4.590000152587891,4.2779998779296875,4.334000110626221,23666500,0.0,0.0
2014-04-11 00:00:00-04:00,4.251999855041504,4.308000087738037,4.052000045776367,4.093999862670898,21740000,0.0,0.0
2014-04-14 00:00:00-04:00,4.159999847412109,4.203999996185303,4.053999900817871,4.1020002365112305,12386000,0.0,0.0
2014-04-15 00:00:00-04:00,4.118000030517578,4.168000221252441,4.007999897003174,4.1519999504089355,14668500,0.0,0.0
2014-04-16 00:00:00-04:00,4.168000221252441,4.3379998207092285,4.159999847412109,4.308000087738037,16659000,0.0,0.0
2014-04-17 00:00:00-04:00,4.296000003814697,4.354000091552734,4.248000144958496,4.328000068664551,8177000,0.0,0.0
2014-04-21 00:00:00-04:00,4.328000068664551,4.389999866485596,4.300000190734863,4.360000133514404,6926000,0.0,0.0
2014-04-22 00:00:00-04:00,4.354000091552734,4.438000202178955,4.340000152587891,4.406000137329102,23062500,0.0,0.0
2014-04-23 00:00:00-04:00,4.438000202178955,4.438000202178955,4.343999862670898,4.4079999923706055,17776000,0.0,0.0
2014-04-24 00:00:00-04:00,4.631999969482422,4.631999969482422,4.3480000495910645,4.585999965667725,32920500,0.0,0.0
2014-04-25 00:00:00-04:00,4.556000232696533,4.559999942779541,4.381999969482422,4.409999847412109,11179000,0.0,0.0
2014-04-28 00:00:00-04:00,4.4120001792907715,4.453999996185303,4.170000076293945,4.291999816894531,16012000,0.0,0.0
2014-04-29 00:00:00-04:00,4.271999835968018,4.374000072479248,4.199999809265137,4.320000171661377,11004000,0.0,0.0
2014-04-30 00:00:00-04:00,4.317999839782715,4.4079999923706055,4.27400016784668,4.395999908447266,7017000,0.0,0.0
2014-05-01 00:00:00-04:00,4.406000137329102,4.458000183105469,4.360000133514404,4.388000011444092,10866000,0.0,0.0
2014-05-02 00:00:00-04:00,4.395999908447266,4.449999809265137,4.360000133514404,4.392000198364258,9030000,0.0,0.0
2014-05-05 00:00:00-04:00,4.3480000495910645,4.4039998054504395,4.320000171661377,4.389999866485596,7016500,0.0,0.0
2014-05-06 00:00:00-04:00,4.366000175476074,4.394000053405762,4.260000228881836,4.269999980926514,8367500,0.0,0.0
2014-05-07 00:00:00-04:00,4.265999794006348,4.265999794006348,4.0980000495910645,4.1519999504089355,15104500,0.0,0.0
2014-05-08 00:00:00-04:00,4.130000114440918,4.236000061035156,4.104000091552734,4.136000156402588,10401000,0.0,0.0
2014-05-09 00:00:00-04:00,4.125999927520752,4.1539998054504395,4.058000087738037,4.072000026702881,16307500,0.0,0.0
2014-05-12 00:00:00-04:00,4.093999862670898,4.205999851226807,4.085999965667725,4.197999954223633,16925500,0.0,0.0
2014-05-13 00:00:00-04:00,4.202000141143799,4.23799991607666,4.111999988555908,4.116000175476074,10135500,0.0,0.0
2014-05-14 00:00:00-04:00,4.113999843597412,4.2179999351501465,4.0879998207092285,4.165999889373779,5573000,0.0,0.0
2014-05-15 00:00:00-04:00,4.144000053405762,4.22599983215332,4.053999900817871,4.211999893188477,9001000,0.0,0.0
2014-05-16 00:00:00-04:00,4.214000225067139,4.254000186920166,4.164000034332275,4.24399995803833,5327000,0.0,0.0
2014-05-19 00:00:00-04:00,4.2220001220703125,4.317999839782715,4.21999979019165,4.300000190734863,7128500,0.0,0.0
2014-05-20 00:00:00-04:00,4.288000106811523,4.320000171661377,4.230000019073486,4.251999855041504,5459500,0.0,0.0
2014-05-21 00:00:00-04:00,4.265999794006348,4.308000087738037,4.25,4.283999919891357,3417000,0.0,0.0
2014-05-22 00:00:00-04:00,4.291999816894531,4.388000011444092,4.285999774932861,4.3520002365112305,5040500,0.0,0.0
2014-05-23 00:00:00-04:00,4.360000133514404,4.400000095367432,4.294000148773193,4.386000156402588,4962500,0.0,0.0
2014-05-27 00:00:00-04:00,4.400000095367432,4.432000160217285,4.386000156402588,4.432000160217285,5656000,0.0,0.0
2014-05-28 00:00:00-04:00,4.434000015258789,4.466000080108643,4.368000030517578,4.458000183105469,6126500,0.0,0.0
2014-05-29 00:00:00-04:00,4.47599983215332,4.576000213623047,4.4720001220703125,4.533999919891357,10631000,0.0,0.0
2014-05-30 00:00:00-04:00,4.526000022888184,4.547999858856201,4.452000141143799,4.49399995803833,9721000,0.0,0.0
2014-06-02 00:00:00-04:00,4.50600004196167,4.52400016784668,4.394000053405762,4.426000118255615,6721500,0.0,0.0
2014-06-03 00:00:00-04:00,4.415999889373779,4.449999809265137,4.388000011444092,4.440000057220459,6795500,0.0,0.0
2014-06-04 00:00:00-04:00,4.426000118255615,4.521999835968018,4.4019999504089355,4.510000228881836,6017000,0.0,0.0
2014-06-05 00:00:00-04:00,4.51800012588501,4.5960001945495605,4.504000186920166,4.558000087738037,8006500,0.0,0.0
2014-06-06 00:00:00-04:00,4.572000026702881,4.624000072479248,4.539999961853027,4.605999946594238,4841000,0.0,0.0
2014-06-09 00:00:00-04:00,4.6020002365112305,4.668000221252441,4.584000110626221,4.636000156402588,4951000,0.0,0.0
2014-06-10 00:00:00-04:00,4.625999927520752,4.673999786376953,4.501999855041504,4.6579999923706055,4225500,0.0,0.0
2014-06-11 00:00:00-04:00,4.684000015258789,4.76800012588501,4.6539998054504395,4.75600004196167,10607500,0.0,0.0
2014-06-12 00:00:00-04:00,4.745999813079834,4.7779998779296875,4.682000160217285,4.685999870300293,6714000,0.0,0.0
2014-06-13 00:00:00-04:00,4.685999870300293,4.739999771118164,4.656000137329102,4.723999977111816,4783000,0.0,0.0
2014-06-16 00:00:00-04:00,4.710000038146973,4.843999862670898,4.699999809265137,4.834000110626221,8277000,0.0,0.0
2014-06-17 00:00:00-04:00,4.815999984741211,4.914000034332275,4.803999900817871,4.868000030517578,10263000,0.0,0.0
2014-06-18 00:00:00-04:00,4.886000156402588,4.8979997634887695,4.785999774932861,4.881999969482422,8792000,0.0,0.0
2014-06-19 00:00:00-04:00,4.9039998054504395,4.934000015258789,4.861999988555908,4.927999973297119,6637000,0.0,0.0
2014-06-20 00:00:00-04:00,4.915999889373779,4.915999889373779,4.829999923706055,4.866000175476074,8609500,0.0,0.0
2014-06-23 00:00:00-04:00,4.866000175476074,4.888000011444092,4.828000068664551,4.835999965667725,5041500,0.0,0.0
2014-06-24 00:00:00-04:00,4.8520002365112305,4.869999885559082,4.769999980926514,4.783999919891357,5891000,0.0,0.0
2014-06-25 00:00:00-04:00,4.763999938964844,4.906000137329102,4.757999897003174,4.9019999504089355,5660500,0.0,0.0
2014-06-26 00:00:00-04:00,4.894000053405762,4.934000015258789,4.857999801635742,4.880000114440918,3235000,0.0,0.0
2014-06-27 00:00:00-04:00,4.863999843597412,4.947999954223633,4.863999843597412,4.946000099182129,5439000,0.0,0.0
2014-06-30 00:00:00-04:00,4.932000160217285,5.026000022888184,4.932000160217285,5.026000022888184,8674500,0.0,0.0
2014-07-01 00:00:00-04:00,5.035999774932861,5.0920000076293945,5.007999897003174,5.03000020980835,9457500,0.0,0.0
2014-07-02 00:00:00-04:00,5.065999984741211,5.090000152587891,5.00600004196167,5.015999794006348,5373500,0.0,0.0
2014-07-03 00:00:00-04:00,5.033999919891357,5.084000110626221,5.013999938964844,5.056000232696533,5236500,0.0,0.0
2014-07-07 00:00:00-04:00,5.058000087738037,5.070000171661377,4.96999979019165,4.98199987411499,7551500,0.0,0.0
2014-07-08 00:00:00-04:00,4.960000038146973,4.960000038146973,4.613999843597412,4.76200008392334,28095500,0.0,0.0
2014-07-09 00:00:00-04:00,4.831999778747559,4.892000198364258,4.76200008392334,4.8480000495910645,14103000,0.0,0.0
2014-07-10 00:00:00-04:00,4.75,4.835999965667725,4.690000057220459,4.817999839782715,7930000,0.0,0.0
2014-07-11 00:00:00-04:00,4.823999881744385,4.877999782562256,4.808000087738037,4.849999904632568,5893000,0.0,0.0
2014-07-14 00:00:00-04:00,4.889999866485596,4.906000137329102,4.8379998207092285,4.8480000495910645,4036500,0.0,0.0
2014-07-15 00:00:00-04:00,4.855999946594238,4.880000114440918,4.769999980926514,4.809999942779541,5443500,0.0,0.0
2014-07-16 00:00:00-04:00,4.834000110626221,4.8979997634887695,4.806000232696533,4.8460001945495605,15790000,0.0,0.0
2014-07-17 00:00:00-04:00,4.829999923706055,4.881999969482422,4.734000205993652,4.73799991607666,7156000,0.0,0.0
2014-07-18 00:00:00-04:00,4.76200008392334,4.800000190734863,4.7220001220703125,4.796000003814697,7061500,0.0,0.0
2014-07-21 00:00:00-04:00,4.783999919891357,4.835999965667725,4.760000228881836,4.791999816894531,5081500,0.0,0.0
2014-07-22 00:00:00-04:00,4.823999881744385,4.923999786376953,4.806000232696533,4.861999988555908,7134500,0.0,0.0
2014-07-23 00:00:00-04:00,4.860000133514404,4.935999870300293,4.789999961853027,4.806000232696533,14076500,0.0,0.0
2014-07-24 00:00:00-04:00,5.216000080108643,5.245999813079834,5.0,5.190000057220459,30457000,0.0,0.0
2014-07-25 00:00:00-04:00,5.125999927520752,5.179999828338623,5.076000213623047,5.104000091552734,18934500,0.0,0.0
2014-07-28 00:00:00-04:00,5.0920000076293945,5.0960001945495605,4.995999813079834,5.056000232696533,9239500,0.0,0.0
2014-07-29 00:00:00-04:00,5.056000232696533,5.090000152587891,5.01800012588501,5.02400016784668,8065500,0.0,0.0
2014-07-30 00:00:00-04:00,5.067999839782715,5.118000030517578,5.0320000648498535,5.105999946594238,5209500,0.0,0.0
2014-07-31 00:00:00-04:00,5.046000003814697,5.061999797821045,4.9079999923706055,4.909999847412109,6724000,0.0,0.0
2014-08-01 00:00:00-04:00,4.8979997634887695,4.932000160217285,4.794000148773193,4.835999965667725,9398500,0.0,0.0
2014-08-04 00:00:00-04:00,4.828000068664551,4.9039998054504395,4.809999942779541,4.881999969482422,5833000,0.0,0.0
2014-08-05 00:00:00-04:00,4.854000091552734,4.920000076293945,4.822000026702881,4.892000198364258,7688000,0.0,0.0
2014-08-06 00:00:00-04:00,4.8520002365112305,4.935999870300293,4.8379998207092285,4.9019999504089355,4520000,0.0,0.0
2014-08-07 00:00:00-04:00,4.923999786376953,5.01200008392334,4.9120001792907715,4.938000202178955,7699500,0.0,0.0
2014-08-08 00:00:00-04:00,4.940000057220459,4.99399995803833,4.915999889373779,4.9679999351501465,5425500,0.0,0.0
2014-08-11 00:00:00-04:00,4.995999813079834,5.081999778747559,4.953999996185303,5.035999774932861,10447500,0.0,0.0
2014-08-12 00:00:00-04:00,5.021999835968018,5.061999797821045,4.964000225067139,4.96999979019165,4679500,0.0,0.0
2014-08-13 00:00:00-04:00,5.00600004196167,5.130000114440918,5.0,5.127999782562256,6039500,0.0,0.0
2014-08-14 00:00:00-04:00,5.113999843597412,5.139999866485596,5.078000068664551,5.081999778747559,4982000,0.0,0.0
2014-08-15 00:00:00-04:00,5.1020002365112305,5.111999988555908,4.986000061035156,5.021999835968018,4036500,0.0,0.0
2014-08-18 00:00:00-04:00,5.052000045776367,5.0920000076293945,5.0320000648498535,5.085999965667725,3122000,0.0,0.0
2014-08-19 00:00:00-04:00,5.107999801635742,5.1519999504089355,5.073999881744385,5.107999801635742,5168000,0.0,0.0
2014-08-20 00:00:00-04:00,5.064000129699707,5.0960001945495605,5.007999897003174,5.052000045776367,5464500,0.0,0.0
2014-08-21 00:00:00-04:00,5.047999858856201,5.107999801635742,5.021999835968018,5.0960001945495605,3621500,0.0,0.0
2014-08-22 00:00:00-04:00,5.0980000495910645,5.119999885559082,5.021999835968018,5.0879998207092285,4568500,0.0,0.0
2014-08-25 00:00:00-04:00,5.119999885559082,5.119999885559082,5.041999816894531,5.081999778747559,4231000,0.0,0.0
2014-08-26 00:00:00-04:00,5.0980000495910645,5.190000057220459,5.076000213623047,5.176000118255615,5286500,0.0,0.0
2014-08-27 00:00:00-04:00,5.173999786376953,5.269999980926514,5.110000133514404,5.118000030517578,7983000,0.0,0.0
2014-08-28 00:00:00-04:00,5.0879998207092285,5.0980000495910645,4.989999771118164,5.059999942779541,6430500,0.0,0.0
2014-08-29 00:00:00-04:00,5.090000152587891,5.1620001792907715,5.070000171661377,5.1620001792907715,4743000,0.0,0.0
2014-09-02 00:00:00-04:00,5.173999786376953,5.328000068664551,5.173999786376953,5.283999919891357,13913500,0.0,0.0
2014-09-03 00:00:00-04:00,5.349999904632568,5.360000133514404,5.228000164031982,5.294000148773193,6554000,0.0,0.0
2014-09-04 00:00:00-04:00,5.308000087738037,5.331999778747559,5.223999977111816,5.234000205993652,6593000,0.0,0.0
2014-09-05 00:00:00-04:00,5.2220001220703125,5.308000087738037,5.210000038146973,5.28000020980835,6388500,0.0,0.0
2014-09-08 00:00:00-04:00,5.288000106811523,5.355999946594238,5.24399995803833,5.289999961853027,7594000,0.0,0.0
2014-09-09 00:00:00-04:00,5.271999835968018,5.2779998779296875,5.197999954223633,5.202000141143799,4639500,0.0,0.0
2014-09-10 00:00:00-04:00,5.2220001220703125,5.343999862670898,5.199999809265137,5.26200008392334,11526000,0.0,0.0
2014-09-11 00:00:00-04:00,5.289999961853027,5.297999858856201,5.184000015258789,5.190000057220459,13664000,0.0,0.0
2014-09-12 00:00:00-04:00,5.193999767303467,5.288000106811523,5.131999969482422,5.283999919891357,9699500,0.0,0.0
2014-09-15 00:00:00-04:00,5.271999835968018,5.271999835968018,5.119999885559082,5.136000156402588,5682500,0.0,0.0
2014-09-16 00:00:00-04:00,5.124000072479248,5.223999977111816,5.0879998207092285,5.21999979019165,9267000,0.0,0.0
2014-09-17 00:00:00-04:00,5.257999897003174,5.3520002365112305,5.248000144958496,5.25600004196167,10281500,0.0,0.0
2014-09-18 00:00:00-04:00,5.28000020980835,5.361999988555908,5.28000020980835,5.355999946594238,6439000,0.0,0.0
2014-09-19 00:00:00-04:00,5.368000030517578,5.368000030517578,5.23799991607666,5.283999919891357,6106500,0.0,0.0
2014-09-22 00:00:00-04:00,5.26200008392334,5.27400016784668,5.197999954223633,5.216000080108643,5729500,0.0,0.0
2014-09-23 00:00:00-04:00,5.197999954223633,5.202000141143799,5.1020002365112305,5.1020002365112305,7587500,0.0,0.0
2014-09-24 00:00:00-04:00,5.133999824523926,5.197999954223633,5.119999885559082,5.168000221252441,5619000,0.0,0.0
2014-09-25 00:00:00-04:00,5.1519999504089355,5.165999889373779,5.00600004196167,5.007999897003174,7579000,0.0,0.0
2014-09-26 00:00:00-04:00,5.02400016784668,5.064000129699707,4.99399995803833,5.058000087738037,9066000,0.0,0.0
2014-09-29 00:00:00-04:00,5.010000228881836,5.113999843597412,4.961999893188477,5.110000133514404,7124000,0.0,0.0
2014-09-30 00:00:00-04:00,5.1020002365112305,5.139999866485596,5.052000045776367,5.053999900817871,6723500,0.0,0.0
2014-10-01 00:00:00-04:00,5.052000045776367,5.065999984741211,4.941999912261963,4.955999851226807,8215000,0.0,0.0
2014-10-02 00:00:00-04:00,4.952000141143799,5.021999835968018,4.872000217437744,4.998000144958496,6867500,0.0,0.0
2014-10-03 00:00:00-04:00,5.047999858856201,5.1479997634887695,5.02400016784668,5.110000133514404,8559000,0.0,0.0
2014-10-06 00:00:00-04:00,4.984000205993652,5.084000110626221,4.923999786376953,5.026000022888184,10799000,0.0,0.0
2014-10-07 00:00:00-04:00,4.986000061035156,5.035999774932861,4.866000175476074,4.869999885559082,7575000,0.0,0.0
2014-10-08 00:00:00-04:00,4.875999927520752,5.004000186920166,4.791999816894531,4.98799991607666,6819500,0.0,0.0
2014-10-09 00:00:00-04:00,4.980000019073486,5.0320000648498535,4.860000133514404,4.872000217437744,6720000,0.0,0.0
2014-10-10 00:00:00-04:00,4.843999862670898,4.889999866485596,4.627999782562256,4.716000080108643,15874500,0.0,0.0
2014-10-13 00:00:00-04:00,4.72599983215332,4.785999774932861,4.616000175476074,4.688000202178955,14620000,0.0,0.0
2014-10-14 00:00:00-04:00,4.75,4.866000175476074,4.730000019073486,4.806000232696533,14763000,0.0,0.0
2014-10-15 00:00:00-04:00,4.714000225067139,4.863999843597412,4.682000160217285,4.808000087738037,10303000,0.0,0.0
2014-10-16 00:00:00-04:00,4.716000080108643,4.820000171661377,4.699999809265137,4.754000186920166,15672000,0.0,0.0
2014-10-17 00:00:00-04:00,4.835999965667725,5.01200008392334,4.817999839782715,4.923999786376953,10983500,0.0,0.0
2014-10-20 00:00:00-04:00,4.9039998054504395,5.03000020980835,4.861999988555908,5.01200008392334,10905500,0.0,0.0
2014-10-21 00:00:00-04:00,5.0879998207092285,5.131999969482422,5.035999774932861,5.053999900817871,14436500,0.0,0.0
2014-10-22 00:00:00-04:00,5.079999923706055,5.130000114440918,4.984000205993652,5.033999919891357,17304500,0.0,0.0
2014-10-23 00:00:00-04:00,5.25,5.335999965667725,5.0,5.0879998207092285,32087500,0.0,0.0
2014-10-24 00:00:00-04:00,5.073999881744385,5.165999889373779,5.056000232696533,5.145999908447266,14228000,0.0,0.0
2014-10-27 00:00:00-04:00,5.105999946594238,5.125999927520752,5.038000106811523,5.085999965667725,5854500,0.0,0.0
2014-10-28 00:00:00-04:00,5.104000091552734,5.159999847412109,5.084000110626221,5.150000095367432,9296000,0.0,0.0
2014-10-29 00:00:00-04:00,5.1579999923706055,5.165999889373779,5.107999801635742,5.1479997634887695,14345000,0.0,0.0
2014-10-30 00:00:00-04:00,5.133999824523926,5.197999954223633,5.093999862670898,5.1479997634887695,10719500,0.0,0.0
2014-10-31 00:00:00-04:00,5.22599983215332,5.260000228881836,5.1579999923706055,5.210000038146973,9352000,0.0,0.0
2014-11-03 00:00:00-05:00,5.2179999351501465,5.289999961853027,5.197999954223633,5.263999938964844,7454500,0.0,0.0
2014-11-04 00:00:00-05:00,5.242000102996826,5.309999942779541,5.199999809265137,5.283999919891357,11029500,0.0,0.0
2014-11-05 00:00:00-05:00,5.303999900817871,5.323999881744385,5.236000061035156,5.297999858856201,9089000,0.0,0.0
2014-11-06 00:00:00-05:00,5.289999961853027,5.369999885559082,5.25,5.314000129699707,6673500,0.0,0.0
2014-11-07 00:00:00-05:00,5.302000045776367,5.440000057220459,5.302000045776367,5.420000076293945,10276500,0.0,0.0
2014-11-10 00:00:00-05:00,5.4120001792907715,5.449999809265137,5.368000030517578,5.423999786376953,7440500,0.0,0.0
2014-11-11 00:00:00-05:00,5.395999908447266,5.447999954223633,5.369999885559082,5.432000160217285,4703500,0.0,0.0
2014-11-12 00:00:00-05:00,5.394000053405762,5.460000038146973,5.363999843597412,5.432000160217285,6221000,0.0,0.0
2014-11-13 00:00:00-05:00,5.440000057220459,5.46999979019165,5.375999927520752,5.383999824523926,4041000,0.0,0.0
2014-11-14 00:00:00-05:00,5.375999927520752,5.449999809265137,5.314000129699707,5.427999973297119,8250500,0.0,0.0
2014-11-17 00:00:00-05:00,5.420000076293945,5.434000015258789,5.369999885559082,5.377999782562256,4183500,0.0,0.0
2014-11-18 00:00:00-05:00,5.388000011444092,5.438000202178955,5.377999782562256,5.389999866485596,5028500,0.0,0.0
2014-11-19 00:00:00-05:00,5.388000011444092,5.388000011444092,5.25600004196167,5.354000091552734,6080000,0.0,0.0
2014-11-20 00:00:00-05:00,5.308000087738037,5.423999786376953,5.302000045776367,5.409999847412109,8252000,0.0,0.0
2014-11-21 00:00:00-05:00,5.460000038146973,5.480000019073486,5.4019999504089355,5.421999931335449,5687000,0.0,0.0
2014-11-24 00:00:00-05:00,5.435999870300293,5.47599983215332,5.409999847412109,5.473999977111816,6413000,0.0,0.0
2014-11-25 00:00:00-05:00,5.47599983215332,5.5320000648498535,5.426000118255615,5.466000080108643,11694500,0.0,0.0
2014-11-26 00:00:00-05:00,5.484000205993652,5.519999980926514,5.464000225067139,5.504000186920166,3250500,0.0,0.0
2014-11-28 00:00:00-05:00,5.5,5.539999961853027,5.47599983215332,5.51200008392334,1812000,0.0,0.0
2014-12-01 00:00:00-05:00,5.486000061035156,5.504000186920166,5.414000034332275,5.460000038146973,4216500,0.0,0.0
2014-12-02 00:00:00-05:00,5.435999870300293,5.515999794006348,5.415999889373779,5.49399995803833,7836000,0.0,0.0
2014-12-03 00:00:00-05:00,5.492000102996826,5.507999897003174,5.421999931335449,5.489999771118164,3841000,0.0,0.0
2014-12-04 00:00:00-05:00,5.486000061035156,5.5279998779296875,5.421999931335449,5.526000022888184,7706000,0.0,0.0
2014-12-05 00:00:00-05:00,5.539999961853027,5.572000026702881,5.48199987411499,5.572000026702881,5105500,0.0,0.0
2014-12-08 00:00:00-05:00,5.547999858856201,5.624000072479248,5.538000106811523,5.553999900817871,8691500,0.0,0.0
2014-12-09 00:00:00-05:00,5.453999996185303,5.581999778747559,5.374000072479248,5.567999839782715,8218500,0.0,0.0
2014-12-10 00:00:00-05:00,5.559999942779541,5.638000011444092,5.52400016784668,5.535999774932861,6549000,0.0,0.0
2014-12-11 00:00:00-05:00,5.535999774932861,5.690000057220459,5.535999774932861,5.671999931335449,10150500,0.0,0.0
2014-12-12 00:00:00-05:00,5.6020002365112305,5.665999889373779,5.579999923706055,5.619999885559082,4891500,0.0,0.0
2014-12-15 00:00:00-05:00,5.664000034332275,5.699999809265137,5.559999942779541,5.631999969482422,7194500,0.0,0.0
2014-12-16 00:00:00-05:00,5.5960001945495605,5.664000034332275,5.573999881744385,5.5980000495910645,8184000,0.0,0.0
2014-12-17 00:00:00-05:00,5.630000114440918,5.699999809265137,5.5920000076293945,5.696000099182129,7644000,0.0,0.0
2014-12-18 00:00:00-05:00,5.710000038146973,5.926000118255615,5.697999954223633,5.926000118255615,11588000,0.0,0.0
2014-12-19 00:00:00-05:00,5.952000141143799,6.038000106811523,5.918000221252441,6.019999980926514,19622000,0.0,0.0
2014-12-22 00:00:00-05:00,6.035999774932861,6.179999828338623,6.007999897003174,6.125999927520752,8490000,0.0,0.0
2014-12-23 00:00:00-05:00,6.234000205993652,6.234000205993652,6.139999866485596,6.182000160217285,8000000,0.0,0.0
2014-12-24 00:00:00-05:00,6.179999828338623,6.294000148773193,6.1620001792907715,6.23799991607666,3637500,0.0,0.0
2014-12-26 00:00:00-05:00,6.26800012588501,6.297999858856201,6.24399995803833,6.26200008392334,3545000,0.0,0.0
2014-12-29 00:00:00-05:00,6.251999855041504,6.260000228881836,6.184000015258789,6.230000019073486,4427500,0.0,0.0
2014-12-30 00:00:00-05:00,6.182000160217285,6.23199987411499,6.173999786376953,6.199999809265137,4161000,0.0,0.0
2014-12-31 00:00:00-05:00,6.228000164031982,6.263999938964844,6.130000114440918,6.131999969482422,5505000,0.0,0.0
2015-01-02 00:00:00-05:00,6.179999828338623,6.23799991607666,6.1020002365112305,6.1579999923706055,6307500,0.0,0.0
2015-01-05 00:00:00-05:00,6.125999927520752,6.197999954223633,6.061999797821045,6.104000091552734,9120500,0.0,0.0
2015-01-06 00:00:00-05:00,6.107999801635742,6.1519999504089355,5.909999847412109,5.989999771118164,10918000,0.0,0.0
2015-01-07 00:00:00-05:00,6.050000190734863,6.131999969482422,5.99399995803833,6.076000213623047,7066000,0.0,0.0
2015-01-08 00:00:00-05:00,6.177999973297119,6.296000003814697,6.159999847412109,6.242000102996826,7181000,0.0,0.0
2015-01-09 00:00:00-05:00,6.26200008392334,6.2820000648498535,6.159999847412109,6.214000225067139,6755000,0.0,0.0
2015-01-12 00:00:00-05:00,6.242000102996826,6.27400016784668,6.159999847412109,6.168000221252441,6461000,0.0,0.0
2015-01-13 00:00:00-05:00,6.211999893188477,6.335999965667725,6.118000030517578,6.179999828338623,6494000,0.0,0.0
2015-01-14 00:00:00-05:00,6.0980000495910645,6.202000141143799,6.0879998207092285,6.184000015258789,5107500,0.0,0.0
2015-01-15 00:00:00-05:00,6.197999954223633,6.21999979019165,6.046000003814697,6.053999900817871,5757000,0.0,0.0
2015-01-16 00:00:00-05:00,6.070000171661377,6.193999767303467,6.039999961853027,6.184000015258789,6828000,0.0,0.0
2015-01-20 00:00:00-05:00,6.197999954223633,6.27400016784668,6.116000175476074,6.208000183105469,5806500,0.0,0.0
2015-01-21 00:00:00-05:00,6.202000141143799,6.276000022888184,6.164000034332275,6.23799991607666,4586000,0.0,0.0
2015-01-22 00:00:00-05:00,6.203999996185303,6.285999774932861,6.053999900817871,6.285999774932861,10682000,0.0,0.0
2015-01-23 00:00:00-05:00,6.306000232696533,6.426000118255615,6.245999813079834,6.386000156402588,9141500,0.0,0.0
2015-01-26 00:00:00-05:00,6.5279998779296875,6.565999984741211,6.418000221252441,6.489999771118164,13364000,0.0,0.0
2015-01-27 00:00:00-05:00,6.392000198364258,6.561999797821045,6.368000030517578,6.489999771118164,9778500,0.0,0.0
2015-01-28 00:00:00-05:00,6.593999862670898,6.593999862670898,6.254000186920166,6.28000020980835,13310000,0.0,0.0
2015-01-29 00:00:00-05:00,5.900000095367432,6.052000045776367,5.714000225067139,5.843999862670898,47756500,0.0,0.0
2015-01-30 00:00:00-05:00,5.783999919891357,6.044000148773193,5.776000022888184,5.980000019073486,24136000,0.0,0.0
2015-02-02 00:00:00-05:00,5.947999954223633,6.02400016784668,5.788000106811523,6.00600004196167,20502000,0.0,0.0
2015-02-03 00:00:00-05:00,6.021999835968018,6.130000114440918,5.980000019073486,6.104000091552734,13119500,0.0,0.0
2015-02-04 00:00:00-05:00,6.073999881744385,6.245999813079834,6.065999984741211,6.205999851226807,12593500,0.0,0.0
2015-02-05 00:00:00-05:00,6.251999855041504,6.368000030517578,6.251999855041504,6.3460001945495605,10286000,0.0,0.0
2015-02-06 00:00:00-05:00,6.3979997634887695,6.400000095367432,6.320000171661377,6.361999988555908,12192500,0.0,0.0
2015-02-09 00:00:00-05:00,6.320000171661377,6.334000110626221,6.248000144958496,6.297999858856201,8177000,0.0,0.0
2015-02-10 00:00:00-05:00,6.3480000495910645,6.464000225067139,6.294000148773193,6.447999954223633,9595000,0.0,0.0
2015-02-11 00:00:00-05:00,6.452000141143799,6.578000068664551,6.434000015258789,6.556000232696533,9860000,0.0,0.0
2015-02-12 00:00:00-05:00,6.5960001945495605,6.679999828338623,6.556000232696533,6.5960001945495605,15108500,0.0,0.0
2015-02-13 00:00:00-05:00,6.670000076293945,6.677999973297119,6.5879998207092285,6.645999908447266,14199000,0.0,0.0
2015-02-17 00:00:00-05:00,6.610000133514404,6.676000118255615,6.584000110626221,6.599999904632568,9218000,0.0,0.0
2015-02-18 00:00:00-05:00,6.630000114440918,6.676000118255615,6.604000091552734,6.6579999923706055,6745000,0.0,0.0
2015-02-19 00:00:00-05:00,6.656000137329102,6.789999961853027,6.622000217437744,6.699999809265137,7716000,0.0,0.0
2015-02-20 00:00:00-05:00,6.684000015258789,6.794000148773193,6.679999828338623,6.76800012588501,9236500,0.0,0.0
2015-02-23 00:00:00-05:00,6.751999855041504,6.769999980926514,6.616000175476074,6.664000034332275,6407000,0.0,0.0
2015-02-24 00:00:00-05:00,6.685999870300293,6.769999980926514,6.670000076293945,6.74399995803833,6661000,0.0,0.0
2015-02-25 00:00:00-05:00,6.75,6.8979997634887695,6.742000102996826,6.8480000495910645,10473000,0.0,0.0
2015-02-26 00:00:00-05:00,6.840000152587891,6.947999954223633,6.803999900817871,6.809999942779541,8398000,0.0,0.0
2015-02-27 00:00:00-05:00,6.800000190734863,6.820000171661377,6.702000141143799,6.7220001220703125,6543000,0.0,0.0
2015-03-02 00:00:00-05:00,6.716000080108643,6.826000213623047,6.665999889373779,6.820000171661377,6748500,0.0,0.0
2015-03-03 00:00:00-05:00,6.820000171661377,6.840000152587891,6.711999893188477,6.806000232696533,5745500,0.0,0.0
2015-03-04 00:00:00-05:00,6.785999774932861,6.796000003814697,6.696000099182129,6.73799991607666,5915500,0.0,0.0
2015-03-05 00:00:00-05:00,6.73199987411499,6.857999801635742,6.690000057220459,6.8480000495910645,7256000,0.0,0.0
2015-03-06 00:00:00-05:00,6.826000213623047,6.854000091552734,6.697999954223633,6.71999979019165,5450500,0.0,0.0
2015-03-09 00:00:00-04:00,6.739999771118164,6.771999835968018,6.656000137329102,6.745999813079834,4834500,0.0,0.0
2015-03-10 00:00:00-04:00,6.673999786376953,6.690000057220459,6.556000232696533,6.579999923706055,4695000,0.0,0.0
2015-03-11 00:00:00-04:00,6.610000133514404,6.682000160217285,6.5879998207092285,6.676000118255615,4542000,0.0,0.0
2015-03-12 00:00:00-04:00,6.677999973297119,6.794000148773193,6.599999904632568,6.789999961853027,5340000,0.0,0.0
2015-03-13 00:00:00-04:00,6.765999794006348,6.806000232696533,6.605999946594238,6.638000011444092,6611000,0.0,0.0
2015-03-16 00:00:00-04:00,6.679999828338623,6.828000068664551,6.668000221252441,6.820000171661377,4305000,0.0,0.0
2015-03-17 00:00:00-04:00,6.800000190734863,6.888000011444092,6.769999980926514,6.8520002365112305,5965000,0.0,0.0
2015-03-18 00:00:00-04:00,6.889999866485596,7.053999900817871,6.835999965667725,6.96999979019165,10920500,0.0,0.0
2015-03-19 00:00:00-04:00,6.958000183105469,7.099999904632568,6.9019999504089355,7.0960001945495605,7509000,0.0,0.0
2015-03-20 00:00:00-04:00,7.119999885559082,7.138000011444092,7.039999961853027,7.061999797821045,12219500,0.0,0.0
2015-03-23 00:00:00-04:00,7.03000020980835,7.033999919891357,6.880000114440918,6.918000221252441,6710500,0.0,0.0
2015-03-24 00:00:00-04:00,6.940000057220459,6.97599983215332,6.826000213623047,6.829999923706055,6007000,0.0,0.0
2015-03-25 00:00:00-04:00,6.868000030517578,6.888000011444092,6.593999862670898,6.619999885559082,7976500,0.0,0.0
2015-03-26 00:00:00-04:00,6.579999923706055,6.771999835968018,6.533999919891357,6.728000164031982,5358000,0.0,0.0
2015-03-27 00:00:00-04:00,6.75,6.932000160217285,6.75,6.915999889373779,6865500,0.0,0.0
2015-03-30 00:00:00-04:00,6.947999954223633,7.079999923706055,6.929999828338623,7.033999919891357,5450500,0.0,0.0
2015-03-31 00:00:00-04:00,7.01800012588501,7.0980000495910645,6.961999893188477,6.989999771118164,7396000,0.0,0.0
2015-04-01 00:00:00-04:00,6.99399995803833,6.99399995803833,6.73199987411499,6.811999797821045,8434500,0.0,0.0
2015-04-02 00:00:00-04:00,6.814000129699707,6.886000156402588,6.776000022888184,6.877999782562256,3740000,0.0,0.0
2015-04-06 00:00:00-04:00,6.8420000076293945,6.934000015258789,6.800000190734863,6.880000114440918,7296500,0.0,0.0
2015-04-07 00:00:00-04:00,6.883999824523926,7.015999794006348,6.860000133514404,6.909999847412109,7554000,0.0,0.0
2015-04-08 00:00:00-04:00,7.00600004196167,7.015999794006348,6.875999927520752,6.8979997634887695,10090000,0.0,0.0
2015-04-09 00:00:00-04:00,6.98199987411499,7.065999984741211,6.934000015258789,7.046000003814697,8876500,0.0,0.0
2015-04-10 00:00:00-04:00,7.072000026702881,7.171999931335449,7.033999919891357,7.124000072479248,7391500,0.0,0.0
2015-04-13 00:00:00-04:00,6.9120001792907715,7.159999847412109,6.849999904632568,6.8520002365112305,10483500,0.0,0.0
2015-04-14 00:00:00-04:00,6.8520002365112305,6.894000053405762,6.7779998779296875,6.834000110626221,8468000,0.0,0.0
2015-04-15 00:00:00-04:00,6.9120001792907715,6.984000205993652,6.8520002365112305,6.9679999351501465,7753000,0.0,0.0
2015-04-16 00:00:00-04:00,6.935999870300293,6.980000019073486,6.881999969482422,6.9120001792907715,7246000,0.0,0.0
2015-04-17 00:00:00-04:00,6.877999782562256,6.886000156402588,6.679999828338623,6.74399995803833,11279500,0.0,0.0
2015-04-20 00:00:00-04:00,6.849999904632568,6.964000225067139,6.811999797821045,6.926000118255615,18933000,0.0,0.0
2015-04-21 00:00:00-04:00,7.599999904632568,7.796000003814697,7.446000099182129,7.616000175476074,48711000,0.0,0.0
2015-04-22 00:00:00-04:00,7.6519999504089355,7.688000202178955,7.544000148773193,7.613999843597412,11475000,0.0,0.0
2015-04-23 00:00:00-04:00,7.599999904632568,7.78000020980835,7.578000068664551,7.74399995803833,11224500,0.0,0.0
2015-04-24 00:00:00-04:00,7.797999858856201,7.797999858856201,7.668000221252441,7.736000061035156,7949000,0.0,0.0
2015-04-27 00:00:00-04:00,7.74399995803833,7.754000186920166,7.5879998207092285,7.639999866485596,8117500,0.0,0.0
2015-04-28 00:00:00-04:00,7.659999847412109,7.736000061035156,7.550000190734863,7.711999893188477,7647000,0.0,0.0
2015-04-29 00:00:00-04:00,7.671999931335449,7.745999813079834,7.579999923706055,7.684000015258789,5355500,0.0,0.0
2015-04-30 00:00:00-04:00,7.670000076293945,7.73199987411499,7.515999794006348,7.547999858856201,7280000,0.0,0.0
2015-05-01 00:00:00-04:00,7.630000114440918,7.7179999351501465,7.619999885559082,7.676000118255615,7022500,0.0,0.0
2015-05-04 00:00:00-04:00,7.671999931335449,7.863999843597412,7.6539998054504395,7.745999813079834,6279500,0.0,0.0
2015-05-05 00:00:00-04:00,7.710000038146973,7.739999771118164,7.504000186920166,7.567999839782715,7526500,0.0,0.0
2015-05-06 00:00:00-04:00,7.611999988555908,7.656000137329102,7.486000061035156,7.5879998207092285,5007500,0.0,0.0
2015-05-07 00:00:00-04:00,7.5879998207092285,7.705999851226807,7.572000026702881,7.679999828338623,6055000,0.0,0.0
2015-05-08 00:00:00-04:00,7.734000205993652,7.8460001945495605,7.702000141143799,7.802000045776367,6347500,0.0,0.0
2015-05-11 00:00:00-04:00,7.78000020980835,7.874000072479248,7.748000144958496,7.794000148773193,7012000,0.0,0.0
2015-05-12 00:00:00-04:00,7.711999893188477,7.7820000648498535,7.659999847412109,7.730000019073486,6730000,0.0,0.0
2015-05-13 00:00:00-04:00,7.776000022888184,7.811999797821045,7.668000221252441,7.688000202178955,7269500,0.0,0.0
2015-05-14 00:00:00-04:00,7.7779998779296875,7.820000171661377,7.685999870300293,7.769999980926514,8900000,0.0,0.0
2015-05-15 00:00:00-04:00,7.771999835968018,7.796000003814697,7.711999893188477,7.728000164031982,4750500,0.0,0.0
2015-05-18 00:00:00-04:00,7.76800012588501,7.946000099182129,7.699999809265137,7.9079999923706055,8780000,0.0,0.0
2015-05-19 00:00:00-04:00,7.947999954223633,7.955999851226807,7.671999931335449,7.823999881744385,9791500,0.0,0.0
2015-05-20 00:00:00-04:00,7.868000030517578,7.894000053405762,7.696000099182129,7.757999897003174,9435500,0.0,0.0
2015-05-21 00:00:00-04:00,7.794000148773193,7.800000190734863,7.7179999351501465,7.757999897003174,5210500,0.0,0.0
2015-05-22 00:00:00-04:00,7.75,7.875999927520752,7.699999809265137,7.857999801635742,5690000,0.0,0.0
2015-05-26 00:00:00-04:00,7.966000080108643,7.99399995803833,7.794000148773193,7.857999801635742,5692000,0.0,0.0
2015-05-27 00:00:00-04:00,7.860000133514404,7.921999931335449,7.734000205993652,7.886000156402588,9818500,0.0,0.0
2015-05-28 00:00:00-04:00,7.881999969482422,8.052000045776367,7.872000217437744,8.03600025177002,7483500,0.0,0.0
2015-05-29 00:00:00-04:00,8.04800033569336,8.076000213623047,7.920000076293945,8.01200008392334,6142000,0.0,0.0
2015-06-01 00:00:00-04:00,8.050000190734863,8.0600004196167,7.886000156402588,7.9720001220703125,5792500,0.0,0.0
2015-06-02 00:00:00-04:00,7.909999847412109,8.026000022888184,7.883999824523926,7.946000099182129,4742000,0.0,0.0
2015-06-03 00:00:00-04:00,7.989999771118164,8.057999610900879,7.921999931335449,8.015999794006348,4253500,0.0,0.0
2015-06-04 00:00:00-04:00,8.015999794006348,8.034000396728516,7.861999988555908,7.900000095367432,4765500,0.0,0.0
2015-06-05 00:00:00-04:00,7.966000080108643,8.236000061035156,7.8460001945495605,8.208000183105469,9072500,0.0,0.0
2015-06-08 00:00:00-04:00,8.293999671936035,8.29800033569336,8.057999610900879,8.116000175476074,7735000,0.0,0.0
2015-06-09 00:00:00-04:00,8.17199993133545,8.17199993133545,7.973999977111816,8.152000427246094,6531000,0.0,0.0
2015-06-10 00:00:00-04:00,8.1899995803833,8.270000457763672,8.133999824523926,8.239999771118164,3665500,0.0,0.0
2015-06-11 00:00:00-04:00,8.239999771118164,8.333999633789062,8.168000221252441,8.199999809265137,7418500,0.0,0.0
2015-06-12 00:00:00-04:00,8.1899995803833,8.270000457763672,8.104000091552734,8.244000434875488,5143500,0.0,0.0
2015-06-15 00:00:00-04:00,8.163999557495117,8.236000061035156,8.02400016784668,8.21399974822998,7434500,0.0,0.0
2015-06-16 00:00:00-04:00,8.272000312805176,8.534000396728516,8.239999771118164,8.496000289916992,8579500,0.0,0.0
2015-06-17 00:00:00-04:00,8.496000289916992,8.618000030517578,8.494000434875488,8.57800006866455,6749000,0.0,0.0
2015-06-18 00:00:00-04:00,8.654000282287598,8.824000358581543,8.612000465393066,8.748000144958496,9791500,0.0,0.0
2015-06-19 00:00:00-04:00,8.777999877929688,8.788000106811523,8.592000007629395,8.62399959564209,12024500,0.0,0.0
2015-06-22 00:00:00-04:00,8.727999687194824,8.777999877929688,8.64799976348877,8.710000038146973,6470000,0.0,0.0
2015-06-23 00:00:00-04:00,8.73799991607666,8.751999855041504,8.600000381469727,8.642000198364258,6587000,0.0,0.0
2015-06-24 00:00:00-04:00,8.36400032043457,8.42199993133545,8.154000282287598,8.342000007629395,20402500,0.0,0.0
2015-06-25 00:00:00-04:00,8.371999740600586,8.425999641418457,8.345999717712402,8.394000053405762,6099500,0.0,0.0
2015-06-26 00:00:00-04:00,8.399999618530273,8.399999618530273,8.21399974822998,8.343999862670898,10575000,0.0,0.0
2015-06-29 00:00:00-04:00,8.142000198364258,8.324000358581543,8.109999656677246,8.119999885559082,7493500,0.0,0.0
2015-06-30 00:00:00-04:00,8.196000099182129,8.28600025177002,8.152000427246094,8.265999794006348,7349500,0.0,0.0
2015-07-01 00:00:00-04:00,8.368000030517578,8.380000114440918,8.206000328063965,8.255999565124512,5541500,0.0,0.0
2015-07-02 00:00:00-04:00,8.291999816894531,8.319999694824219,8.170000076293945,8.246000289916992,4407000,0.0,0.0
2015-07-06 00:00:00-04:00,7.946000099182129,8.097999572753906,7.808000087738037,7.99399995803833,9792000,0.0,0.0
2015-07-07 00:00:00-04:00,8.128000259399414,8.13599967956543,7.826000213623047,8.121999740600586,10025000,0.0,0.0
2015-07-08 00:00:00-04:00,8.008000373840332,8.152000427246094,7.97599983215332,8.11400032043457,7991000,0.0,0.0
2015-07-09 00:00:00-04:00,8.279999732971191,8.428000450134277,8.22599983215332,8.276000022888184,7693000,0.0,0.0
2015-07-10 00:00:00-04:00,8.345999717712402,8.345999717712402,8.21399974822998,8.289999961853027,4785000,0.0,0.0
2015-07-13 00:00:00-04:00,8.392000198364258,8.39799976348877,8.251999855041504,8.302000045776367,6394000,0.0,0.0
2015-07-14 00:00:00-04:00,8.336000442504883,8.552000045776367,8.303999900817871,8.522000312805176,7241000,0.0,0.0
2015-07-15 00:00:00-04:00,8.503999710083008,8.538000106811523,8.395999908447266,8.428000450134277,4104000,0.0,0.0
2015-07-16 00:00:00-04:00,8.5,8.555999755859375,8.449999809265137,8.552000045776367,5323000,0.0,0.0
2015-07-17 00:00:00-04:00,8.576000213623047,8.579999923706055,8.420000076293945,8.482000350952148,5427500,0.0,0.0
2015-07-20 00:00:00-04:00,8.482000350952148,8.553999900817871,8.416000366210938,8.479999542236328,4872500,0.0,0.0
2015-07-21 00:00:00-04:00,8.494000434875488,8.697999954223633,8.395999908447266,8.592000007629395,11190500,0.0,0.0
2015-07-22 00:00:00-04:00,8.612000465393066,8.711999893188477,8.42199993133545,8.460000038146973,17809000,0.0,0.0
2015-07-23 00:00:00-04:00,9.442000389099121,9.565999984741211,9.199999809265137,9.366000175476074,34909000,0.0,0.0
2015-07-24 00:00:00-04:00,9.460000038146973,9.65999984741211,9.449999809265137,9.597999572753906,15267500,0.0,0.0
2015-07-27 00:00:00-04:00,9.522000312805176,9.592000007629395,9.362000465393066,9.420000076293945,9529000,0.0,0.0
2015-07-28 00:00:00-04:00,9.486000061035156,9.510000228881836,9.248000144958496,9.423999786376953,8879500,0.0,0.0
2015-07-29 00:00:00-04:00,9.4399995803833,9.491999626159668,9.302000045776367,9.472000122070312,8236500,0.0,0.0
2015-07-30 00:00:00-04:00,9.461999893188477,9.539999961853027,9.342000007629395,9.515999794006348,7203500,0.0,0.0
2015-07-31 00:00:00-04:00,9.510000228881836,9.718000411987305,9.460000038146973,9.54800033569336,7298500,0.0,0.0
2015-08-03 00:00:00-04:00,9.527999877929688,9.597999572753906,9.392000198364258,9.529999732971191,7719000,0.0,0.0
2015-08-04 00:00:00-04:00,9.522000312805176,9.565999984741211,9.472000122070312,9.53600025177002,4904000,0.0,0.0
2015-08-05 00:00:00-04:00,9.571999549865723,9.842000007629395,9.562000274658203,9.765999794006348,10475500,0.0,0.0
2015-08-06 00:00:00-04:00,9.748000144958496,9.793999671936035,9.258000373840332,9.32800006866455,10342000,0.0,0.0
2015-08-07 00:00:00-04:00,9.315999984741211,9.380000114440918,9.206000328063965,9.380000114440918,7597500,0.0,0.0
2015-08-10 00:00:00-04:00,10.062000274658203,10.062000274658203,9.437999725341797,9.508000373840332,5223500,0.0,0.0
2015-08-11 00:00:00-04:00,9.42199993133545,9.539999961853027,9.300000190734863,9.38599967956543,5295000,0.0,0.0
2015-08-12 00:00:00-04:00,9.321999549865723,9.383999824523926,9.01200008392334,9.295999526977539,11439000,0.0,0.0
2015-08-13 00:00:00-04:00,9.307999610900879,9.395999908447266,9.232000350952148,9.300000190734863,4599500,0.0,0.0
2015-08-14 00:00:00-04:00,9.248000144958496,9.354000091552734,9.211999893188477,9.343999862670898,5554500,0.0,0.0
2015-08-17 00:00:00-04:00,9.300000190734863,9.57800006866455,9.239999771118164,9.569999694824219,6431000,0.0,0.0
2015-08-18 00:00:00-04:00,9.597999572753906,9.600000381469727,9.465999603271484,9.550000190734863,5464000,0.0,0.0
2015-08-19 00:00:00-04:00,9.442000389099121,9.619999885559082,9.347999572753906,9.468000411987305,4330500,0.0,0.0
2015-08-20 00:00:00-04:00,9.357999801635742,9.399999618530273,8.920000076293945,8.92199993133545,10337000,0.0,0.0
2015-08-21 00:00:00-04:00,8.767999649047852,8.805999755859375,8.564000129699707,8.571999549865723,16808500,0.0,0.0
2015-08-24 00:00:00-04:00,7.599999904632568,8.515999794006348,7.0,8.184000015258789,15501500,0.0,0.0
2015-08-25 00:00:00-04:00,8.562000274658203,8.59000015258789,8.119999885559082,8.128000259399414,8962500,0.0,0.0
2015-08-26 00:00:00-04:00,8.342000007629395,8.565999984741211,8.166000366210938,8.508000373840332,8147500,0.0,0.0
2015-08-27 00:00:00-04:00,8.631999969482422,8.711999893188477,8.40999984741211,8.531999588012695,8724500,0.0,0.0
2015-08-28 00:00:00-04:00,8.465999603271484,8.633999824523926,8.416000366210938,8.592000007629395,4783000,0.0,0.0
2015-08-31 00:00:00-04:00,8.562000274658203,8.652000427246094,8.371999740600586,8.428000450134277,6324500,0.0,0.0
2015-09-01 00:00:00-04:00,8.204000473022461,8.369999885559082,8.10200023651123,8.17199993133545,8699500,0.0,0.0
2015-09-02 00:00:00-04:00,8.3100004196167,8.381999969482422,8.140000343322754,8.381999969482422,5767000,0.0,0.0
2015-09-03 00:00:00-04:00,8.37399959564209,8.53600025177002,8.345999717712402,8.430000305175781,6612500,0.0,0.0
2015-09-04 00:00:00-04:00,8.295999526977539,8.444000244140625,8.26200008392334,8.350000381469727,4644500,0.0,0.0
2015-09-08 00:00:00-04:00,8.449999809265137,8.673999786376953,8.390000343322754,8.65999984741211,6009000,0.0,0.0
2015-09-09 00:00:00-04:00,8.682000160217285,8.793999671936035,8.579999923706055,8.60200023651123,7175500,0.0,0.0
2015-09-10 00:00:00-04:00,8.668000221252441,8.906000137329102,8.621999740600586,8.812000274658203,7303500,0.0,0.0
2015-09-11 00:00:00-04:00,8.79800033569336,8.883999824523926,8.739999771118164,8.866000175476074,5530500,0.0,0.0
2015-09-14 00:00:00-04:00,8.86400032043457,8.899999618530273,8.741999626159668,8.793999671936035,4278000,0.0,0.0
2015-09-15 00:00:00-04:00,8.805999755859375,8.98799991607666,8.772000312805176,8.946000099182129,5067000,0.0,0.0
2015-09-16 00:00:00-04:00,8.925999641418457,9.039999961853027,8.833999633789062,8.979999542236328,4843500,0.0,0.0
2015-09-17 00:00:00-04:00,8.956000328063965,9.185999870300293,8.92199993133545,9.03600025177002,7557500,0.0,0.0
2015-09-18 00:00:00-04:00,8.907999992370605,9.071999549865723,8.899999618530273,8.960000038146973,12443500,0.0,0.0
2015-09-21 00:00:00-04:00,9.029999732971191,9.232000350952148,8.97599983215332,9.119999885559082,6370500,0.0,0.0
2015-09-22 00:00:00-04:00,8.984000205993652,9.093999862670898,8.928000450134277,9.07800006866455,6456000,0.0,0.0
2015-09-23 00:00:00-04:00,8.996000289916992,9.248000144958496,8.902000427246094,9.197999954223633,7274500,0.0,0.0
2015-09-24 00:00:00-04:00,9.156000137329102,9.206000328063965,8.965999603271484,9.180000305175781,6573500,0.0,0.0
2015-09-25 00:00:00-04:00,9.29800033569336,9.300000190734863,8.92199993133545,9.022000312805176,6324000,0.0,0.0
2015-09-28 00:00:00-04:00,8.994000434875488,9.050000190734863,8.472000122070312,8.565999984741211,11095000,0.0,0.0
2015-09-29 00:00:00-04:00,8.621999740600586,8.67199993133545,8.366000175476074,8.447999954223633,9009500,0.0,0.0
2015-09-30 00:00:00-04:00,8.534000396728516,8.628000259399414,8.329999923706055,8.496000289916992,10062000,0.0,0.0
2015-10-01 00:00:00-04:00,8.498000144958496,8.628000259399414,8.407999992370605,8.607999801635742,5475000,0.0,0.0
2015-10-02 00:00:00-04:00,8.491999626159668,8.741999626159668,8.314000129699707,8.736000061035156,7294500,0.0,0.0
2015-10-05 00:00:00-04:00,8.802000045776367,8.868000030517578,8.736000061035156,8.838000297546387,5849000,0.0,0.0
2015-10-06 00:00:00-04:00,8.838000297546387,8.932000160217285,8.633999824523926,8.6899995803833,5377000,0.0,0.0
2015-10-07 00:00:00-04:00,8.723999977111816,8.79800033569336,8.36400032043457,8.609999656677246,13961500,0.0,0.0
2015-10-08 00:00:00-04:00,8.607999801635742,8.62600040435791,8.399999618530273,8.557999610900879,9750000,0.0,0.0
2015-10-09 00:00:00-04:00,8.541999816894531,8.63599967956543,8.484000205993652,8.600000381469727,5875500,0.0,0.0
2015-10-12 00:00:00-04:00,8.607999801635742,8.631999969482422,8.510000228881836,8.5600004196167,5242500,0.0,0.0
2015-10-13 00:00:00-04:00,8.510000228881836,8.633999824523926,8.315999984741211,8.319999694824219,7107500,0.0,0.0
2015-10-14 00:00:00-04:00,8.312000274658203,8.46399974822998,8.21399974822998,8.37399959564209,7501000,0.0,0.0
2015-10-15 00:00:00-04:00,8.378000259399414,8.678000450134277,8.378000259399414,8.64799976348877,7924500,0.0,0.0
2015-10-16 00:00:00-04:00,8.656000137329102,8.715999603271484,8.534000396728516,8.697999954223633,6664500,0.0,0.0
2015-10-19 00:00:00-04:00,8.722000122070312,8.895999908447266,8.654000282287598,8.736000061035156,9888500,0.0,0.0
2015-10-20 00:00:00-04:00,8.718000411987305,8.75,8.53600025177002,8.678000450134277,7171500,0.0,0.0
2015-10-21 00:00:00-04:00,8.699999809265137,8.699999809265137,8.175999641418457,8.381999969482422,12051500,0.0,0.0
2015-10-22 00:00:00-04:00,8.508000373840332,8.925999641418457,8.454000473022461,8.64799976348877,21147000,0.0,0.0
2015-10-23 00:00:00-04:00,7.300000190734863,7.366000175476074,6.581999778747559,6.98199987411499,77184000,0.0,0.0
2015-10-26 00:00:00-04:00,7.007999897003174,7.047999858856201,6.75,6.946000099182129,22479000,0.0,0.0
2015-10-27 00:00:00-04:00,6.909999847412109,7.070000171661377,6.690000057220459,6.763999938964844,19811000,0.0,0.0
2015-10-28 00:00:00-04:00,6.789999961853027,7.053999900817871,6.690000057220459,6.99399995803833,15151500,0.0,0.0
2015-10-29 00:00:00-04:00,6.941999912261963,7.021999835968018,6.806000232696533,6.811999797821045,15508500,0.0,0.0
2015-10-30 00:00:00-04:00,6.822000026702881,6.923999786376953,6.815999984741211,6.872000217437744,8100500,0.0,0.0
2015-11-02 00:00:00-05:00,6.892000198364258,6.978000164031982,6.829999923706055,6.953999996185303,6765500,0.0,0.0
2015-11-03 00:00:00-05:00,6.915999889373779,7.058000087738037,6.854000091552734,6.932000160217285,9482500,0.0,0.0
2015-11-04 00:00:00-05:00,6.934000015258789,7.03000020980835,6.860000133514404,7.019999980926514,10261000,0.0,0.0
2015-11-05 00:00:00-05:00,6.9079999923706055,6.98199987411499,6.656000137329102,6.6620001792907715,16904000,0.0,0.0
2015-11-06 00:00:00-05:00,6.630000114440918,6.840000152587891,6.622000217437744,6.809999942779541,11796000,0.0,0.0
2015-11-09 00:00:00-05:00,6.800000190734863,6.823999881744385,6.664000034332275,6.688000202178955,10757500,0.0,0.0
2015-11-10 00:00:00-05:00,6.639999866485596,6.690000057220459,6.455999851226807,6.676000118255615,14778500,0.0,0.0
2015-11-11 00:00:00-05:00,6.670000076293945,6.685999870300293,6.565999984741211,6.584000110626221,7277000,0.0,0.0
2015-11-12 00:00:00-05:00,6.547999858856201,6.765999794006348,6.50600004196167,6.6539998054504395,7464500,0.0,0.0
2015-11-13 00:00:00-05:00,6.618000030517578,6.710000038146973,6.539999961853027,6.633999824523926,9027500,0.0,0.0
2015-11-16 00:00:00-05:00,6.633999824523926,6.705999851226807,6.550000190734863,6.679999828338623,6735000,0.0,0.0
2015-11-17 00:00:00-05:00,6.703999996185303,6.820000171661377,6.624000072479248,6.682000160217285,7984500,0.0,0.0
2015-11-18 00:00:00-05:00,6.728000164031982,6.840000152587891,6.684000015258789,6.808000087738037,7319500,0.0,0.0
2015-11-19 00:00:00-05:00,6.668000221252441,6.906000137329102,6.668000221252441,6.883999824523926,7084500,0.0,0.0
2015-11-20 00:00:00-05:00,6.9019999504089355,7.001999855041504,6.880000114440918,6.949999809265137,5903500,0.0,0.0
2015-11-23 00:00:00-05:00,6.966000080108643,7.061999797821045,6.947999954223633,7.007999897003174,10797000,0.0,0.0
2015-11-24 00:00:00-05:00,6.98799991607666,7.1620001792907715,6.927999973297119,7.150000095367432,13503000,0.0,0.0
2015-11-25 00:00:00-05:00,7.179999828338623,7.432000160217285,7.138000011444092,7.3520002365112305,14175000,0.0,0.0
2015-11-27 00:00:00-05:00,7.3480000495910645,7.395999908447266,7.289999961853027,7.3379998207092285,4636500,0.0,0.0
2015-11-30 00:00:00-05:00,7.343999862670898,7.452000141143799,7.202000141143799,7.203999996185303,42240500,0.0,0.0
2015-12-01 00:00:00-05:00,7.25,7.25,7.122000217437744,7.21999979019165,8306500,0.0,0.0
2015-12-02 00:00:00-05:00,7.205999851226807,7.265999794006348,7.150000095367432,7.179999828338623,5312500,0.0,0.0
2015-12-03 00:00:00-05:00,7.190000057220459,7.2179999351501465,6.9120001792907715,6.940000057220459,7277000,0.0,0.0
2015-12-04 00:00:00-05:00,6.949999809265137,7.070000171661377,6.927999973297119,7.044000148773193,6264500,0.0,0.0
2015-12-07 00:00:00-05:00,7.053999900817871,7.053999900817871,6.872000217437744,6.8979997634887695,6653500,0.0,0.0
2015-12-08 00:00:00-05:00,6.809999942779541,6.978000164031982,6.760000228881836,6.9039998054504395,6977000,0.0,0.0
2015-12-09 00:00:00-05:00,6.9039998054504395,6.955999851226807,6.513999938964844,6.541999816894531,14831000,0.0,0.0
2015-12-10 00:00:00-05:00,6.5279998779296875,6.5279998779296875,6.314000129699707,6.360000133514404,17194500,0.0,0.0
2015-12-11 00:00:00-05:00,6.289999961853027,6.315999984741211,6.079999923706055,6.107999801635742,12421500,0.0,0.0
2015-12-14 00:00:00-05:00,6.073999881744385,6.190000057220459,5.966000080108643,6.084000110626221,14241500,0.0,0.0
2015-12-15 00:00:00-05:00,6.136000156402588,6.139999866485596,6.052000045776367,6.118000030517578,10586000,0.0,0.0
2015-12-16 00:00:00-05:00,6.190000057220459,6.426000118255615,6.093999862670898,6.389999866485596,15387000,0.0,0.0
2015-12-17 00:00:00-05:00,6.400000095367432,6.409999847412109,6.2820000648498535,6.283999919891357,9331000,0.0,0.0
2015-12-18 00:00:00-05:00,6.288000106811523,6.389999866485596,6.228000164031982,6.24399995803833,16041000,0.0,0.0
2015-12-21 00:00:00-05:00,6.300000190734863,6.355999946594238,6.239999771118164,6.331999778747559,7212500,0.0,0.0
2015-12-22 00:00:00-05:00,6.334000110626221,6.372000217437744,6.26200008392334,6.308000087738037,6568000,0.0,0.0
2015-12-23 00:00:00-05:00,6.329999923706055,6.389999866485596,6.289999961853027,6.377999782562256,4306500,0.0,0.0
2015-12-24 00:00:00-05:00,6.355999946594238,6.4079999923706055,6.343999862670898,6.354000091552734,1919000,0.0,0.0
2015-12-28 00:00:00-05:00,6.340000152587891,6.383999824523926,6.297999858856201,6.357999801635742,5069500,0.0,0.0
2015-12-29 00:00:00-05:00,6.381999969482422,6.400000095367432,6.303999900817871,6.355999946594238,4124500,0.0,0.0
2015-12-30 00:00:00-05:00,6.320000171661377,6.447999954223633,6.289999961853027,6.289999961853027,6233000,0.0,0.0
2015-12-31 00:00:00-05:00,6.28000020980835,6.329999923706055,6.228000164031982,6.234000205993652,7905500,0.0,0.0
2016-01-04 00:00:00-05:00,6.107999801635742,6.197999954223633,5.966000080108643,6.046000003814697,18332500,0.0,0.0
2016-01-05 00:00:00-05:00,6.041999816894531,6.061999797821045,5.941999912261963,5.9679999351501465,10243500,0.0,0.0
2016-01-06 00:00:00-05:00,5.875999927520752,5.915999889373779,5.765999794006348,5.900000095367432,17600000,0.0,0.0
2016-01-07 00:00:00-05:00,5.78000020980835,5.927999973297119,5.673999786376953,5.834000110626221,12501000,0.0,0.0
2016-01-08 00:00:00-05:00,5.8379998207092285,5.894000053405762,5.696000099182129,5.7220001220703125,15356500,0.0,0.0
2016-01-11 00:00:00-05:00,5.76200008392334,5.785999774932861,5.576000213623047,5.670000076293945,17013500,0.0,0.0
2016-01-12 00:00:00-05:00,5.708000183105469,5.828000068664551,5.622000217437744,5.745999813079834,13500500,0.0,0.0
2016-01-13 00:00:00-05:00,5.900000095367432,5.989999771118164,5.584000110626221,5.677999973297119,16367000,0.0,0.0
2016-01-14 00:00:00-05:00,5.75,5.932000160217285,5.585999965667725,5.857999801635742,17868000,0.0,0.0
2016-01-15 00:00:00-05:00,5.668000221252441,5.702000141143799,5.438000202178955,5.656000137329102,18577500,0.0,0.0
2016-01-19 00:00:00-05:00,5.696000099182129,5.739999771118164,5.288000106811523,5.291999816894531,25326500,0.0,0.0
2016-01-20 00:00:00-05:00,4.814000129699707,5.263999938964844,4.728000164031982,5.197999954223633,29559000,0.0,0.0
2016-01-21 00:00:00-05:00,5.25600004196167,5.435999870300293,5.205999851226807,5.3460001945495605,13043000,0.0,0.0
2016-01-22 00:00:00-05:00,5.421999931335449,5.573999881744385,5.26200008392334,5.550000190734863,12994500,0.0,0.0
2016-01-25 00:00:00-05:00,5.51800012588501,5.611999988555908,5.421999931335449,5.441999912261963,13649500,0.0,0.0
2016-01-26 00:00:00-05:00,5.303999900817871,5.429999828338623,5.131999969482422,5.374000072479248,22193500,0.0,0.0
2016-01-27 00:00:00-05:00,5.322000026702881,5.394000053405762,5.138000011444092,5.165999889373779,21002500,0.0,0.0
2016-01-28 00:00:00-05:00,5.263999938964844,5.294000148773193,5.105999946594238,5.271999835968018,19304500,0.0,0.0
2016-01-29 00:00:00-05:00,6.0,6.00600004196167,5.501999855041504,5.627999782562256,29896500,0.0,0.0
2016-02-01 00:00:00-05:00,5.5960001945495605,5.723999977111816,5.480000019073486,5.677999973297119,15658000,0.0,0.0
2016-02-02 00:00:00-05:00,5.638000011444092,5.7220001220703125,5.3979997634887695,5.4120001792907715,10049500,0.0,0.0
2016-02-03 00:00:00-05:00,5.429999828338623,5.446000099182129,5.205999851226807,5.2779998779296875,13588500,0.0,0.0
2016-02-04 00:00:00-05:00,5.276000022888184,5.3520002365112305,5.184000015258789,5.343999862670898,14213500,0.0,0.0
2016-02-05 00:00:00-05:00,5.303999900817871,5.314000129699707,4.868000030517578,5.021999835968018,26160000,0.0,0.0
2016-02-08 00:00:00-05:00,4.943999767303467,4.9720001220703125,4.682000160217285,4.8460001945495605,19990000,0.0,0.0
2016-02-09 00:00:00-05:00,4.739999771118164,5.0279998779296875,4.73199987411499,4.76800012588501,12807000,0.0,0.0
2016-02-10 00:00:00-05:00,4.809999942779541,4.961999893188477,4.771999835968018,4.7820000648498535,17337500,0.0,0.0
2016-02-11 00:00:00-05:00,4.697999954223633,4.808000087738037,4.631999969482422,4.765999794006348,14273500,0.0,0.0
2016-02-12 00:00:00-05:00,4.8460001945495605,4.849999904632568,4.702000141143799,4.822000026702881,10801000,0.0,0.0
2016-02-16 00:00:00-05:00,4.915999889373779,5.111999988555908,4.877999782562256,5.084000110626221,17455500,0.0,0.0
2016-02-17 00:00:00-05:00,5.093999862670898,5.297999858856201,5.059999942779541,5.236000061035156,14804000,0.0,0.0
2016-02-18 00:00:00-05:00,5.191999912261963,5.23199987411499,5.052000045776367,5.118000030517578,12274500,0.0,0.0
2016-02-19 00:00:00-05:00,5.099999904632568,5.234000205993652,5.073999881744385,5.2179999351501465,9390500,0.0,0.0
2016-02-22 00:00:00-05:00,5.242000102996826,5.423999786376953,5.197999954223633,5.314000129699707,19547000,0.0,0.0
2016-02-23 00:00:00-05:00,5.311999797821045,5.354000091552734,5.228000164031982,5.309999942779541,9859000,0.0,0.0
2016-02-24 00:00:00-05:00,5.242000102996826,5.48199987411499,5.214000225067139,5.460000038146973,13674000,0.0,0.0
2016-02-25 00:00:00-05:00,5.5,5.627999782562256,5.4019999504089355,5.611999988555908,12772000,0.0,0.0
2016-02-26 00:00:00-05:00,5.699999809265137,5.7220001220703125,5.572000026702881,5.622000217437744,8026500,0.0,0.0
2016-02-29 00:00:00-05:00,5.659999847412109,5.840000152587891,5.642000198364258,5.679999828338623,12313500,0.0,0.0
2016-03-01 00:00:00-05:00,5.75,5.973999977111816,5.703999996185303,5.921999931335449,11003000,0.0,0.0
2016-03-02 00:00:00-05:00,5.8979997634887695,5.920000076293945,5.783999919891357,5.869999885559082,12493500,0.0,0.0
2016-03-03 00:00:00-05:00,5.98199987411499,5.98199987411499,5.699999809265137,5.754000186920166,14997000,0.0,0.0
2016-03-04 00:00:00-05:00,5.75,5.797999858856201,5.659999847412109,5.702000141143799,7722500,0.0,0.0
2016-03-07 00:00:00-05:00,5.6519999504089355,5.736000061035156,5.604000091552734,5.684000015258789,7007000,0.0,0.0
2016-03-08 00:00:00-05:00,5.638000011444092,5.673999786376953,5.429999828338623,5.438000202178955,8336500,0.0,0.0
2016-03-09 00:00:00-05:00,5.4679999351501465,5.607999801635742,5.421999931335449,5.533999919891357,9260000,0.0,0.0
2016-03-10 00:00:00-05:00,5.561999797821045,5.611999988555908,5.415999889373779,5.5,6378500,0.0,0.0
2016-03-11 00:00:00-05:00,5.552000045776367,5.72599983215332,5.547999858856201,5.703999996185303,5318000,0.0,0.0
2016-03-14 00:00:00-04:00,5.659999847412109,5.73199987411499,5.564000129699707,5.6020002365112305,6870000,0.0,0.0
2016-03-15 00:00:00-04:00,5.590000152587891,5.627999782562256,5.484000205993652,5.519999980926514,7564000,0.0,0.0
2016-03-16 00:00:00-04:00,5.452000141143799,5.688000202178955,5.440000057220459,5.6579999923706055,6127500,0.0,0.0
2016-03-17 00:00:00-04:00,5.622000217437744,5.829999923706055,5.6020002365112305,5.797999858856201,8502500,0.0,0.0
2016-03-18 00:00:00-04:00,5.809999942779541,5.869999885559082,5.73799991607666,5.739999771118164,11270500,0.0,0.0
2016-03-21 00:00:00-04:00,5.909999847412109,5.992000102996826,5.834000110626221,5.932000160217285,11187000,0.0,0.0
2016-03-22 00:00:00-04:00,5.894000053405762,6.072000026702881,5.74399995803833,5.791999816894531,20444500,0.0,0.0
2016-03-23 00:00:00-04:00,5.78000020980835,5.78000020980835,5.590000152587891,5.685999870300293,15657500,0.0,0.0
2016-03-24 00:00:00-04:00,5.644000053405762,5.7220001220703125,5.590000152587891,5.705999851226807,7087500,0.0,0.0
2016-03-28 00:00:00-04:00,5.736000061035156,5.748000144958496,5.6020002365112305,5.728000164031982,7450000,0.0,0.0
2016-03-29 00:00:00-04:00,5.7179999351501465,5.822000026702881,5.656000137329102,5.815999984741211,6758500,0.0,0.0
2016-03-30 00:00:00-04:00,5.857999801635742,5.955999851226807,5.8460001945495605,5.880000114440918,7631500,0.0,0.0
2016-03-31 00:00:00-04:00,5.980000019073486,6.199999809265137,5.960000038146973,6.125999927520752,16876000,0.0,0.0
2016-04-01 00:00:00-04:00,6.050000190734863,6.210000038146973,6.039999961853027,6.199999809265137,14094000,0.0,0.0
2016-04-04 00:00:00-04:00,6.196000099182129,6.230000019073486,6.1519999504089355,6.199999809265137,9117500,0.0,0.0
2016-04-05 00:00:00-04:00,6.139999866485596,6.23799991607666,6.113999843597412,6.127999782562256,11240000,0.0,0.0
2016-04-06 00:00:00-04:00,6.1479997634887695,6.165999889373779,6.073999881744385,6.133999824523926,6017500,0.0,0.0
2016-04-07 00:00:00-04:00,6.099999904632568,6.144000053405762,6.026000022888184,6.070000171661377,8140500,0.0,0.0
2016-04-08 00:00:00-04:00,6.144000053405762,6.196000099182129,6.041999816894531,6.072000026702881,5992000,0.0,0.0
2016-04-11 00:00:00-04:00,6.090000152587891,6.156000137329102,5.984000205993652,5.98799991607666,5290000,0.0,0.0
2016-04-12 00:00:00-04:00,5.9079999923706055,5.927999973297119,5.616000175476074,5.757999897003174,20106000,0.0,0.0
2016-04-13 00:00:00-04:00,5.829999923706055,5.99399995803833,5.803999900817871,5.958000183105469,13094000,0.0,0.0
2016-04-14 00:00:00-04:00,5.932000160217285,5.9679999351501465,5.854000091552734,5.886000156402588,11587500,0.0,0.0
2016-04-15 00:00:00-04:00,5.874000072479248,5.960000038146973,5.861999988555908,5.927999973297119,8498500,0.0,0.0
2016-04-18 00:00:00-04:00,5.8979997634887695,6.110000133514404,5.866000175476074,6.053999900817871,7906000,0.0,0.0
2016-04-19 00:00:00-04:00,6.081999778747559,6.0920000076293945,5.9120001792907715,6.004000186920166,7638500,0.0,0.0
2016-04-20 00:00:00-04:00,5.952000141143799,6.205999851226807,5.9079999923706055,6.1579999923706055,12697500,0.0,0.0
2016-04-21 00:00:00-04:00,6.164000034332275,6.205999851226807,6.118000030517578,6.156000137329102,8868000,0.0,0.0
2016-04-22 00:00:00-04:00,6.0879998207092285,6.24399995803833,6.085999965667725,6.228000164031982,7496500,0.0,0.0
2016-04-25 00:00:00-04:00,6.210000038146973,6.317999839782715,6.164000034332275,6.257999897003174,10284500,0.0,0.0
2016-04-26 00:00:00-04:00,6.24399995803833,6.291999816894531,6.0960001945495605,6.190000057220459,16128000,0.0,0.0
2016-04-27 00:00:00-04:00,6.599999904632568,6.868000030517578,6.484000205993652,6.670000076293945,34472000,0.0,0.0
2016-04-28 00:00:00-04:00,6.6579999923706055,6.6579999923706055,6.446000099182129,6.466000080108643,11036000,0.0,0.0
2016-04-29 00:00:00-04:00,6.4720001220703125,6.53000020980835,6.26200008392334,6.501999855041504,10181500,0.0,0.0
2016-05-02 00:00:00-04:00,6.504000186920166,6.579999923706055,6.446000099182129,6.572000026702881,7436500,0.0,0.0
2016-05-03 00:00:00-04:00,6.48799991607666,6.526000022888184,6.394000053405762,6.429999828338623,6721500,0.0,0.0
2016-05-04 00:00:00-04:00,6.368000030517578,6.447999954223633,6.289999961853027,6.432000160217285,9286000,0.0,0.0
2016-05-05 00:00:00-04:00,6.443999767303467,6.473999977111816,6.381999969482422,6.4120001792907715,7492500,0.0,0.0
2016-05-06 00:00:00-04:00,6.320000171661377,6.4019999504089355,6.216000080108643,6.3979997634887695,13295500,0.0,0.0
2016-05-09 00:00:00-04:00,6.383999824523926,6.438000202178955,6.311999797821045,6.4120001792907715,6577500,0.0,0.0
2016-05-10 00:00:00-04:00,6.438000202178955,6.556000232696533,6.389999866485596,6.553999900817871,8065000,0.0,0.0
2016-05-11 00:00:00-04:00,6.519999980926514,6.610000133514404,6.489999771118164,6.495999813079834,9749000,0.0,0.0
2016-05-12 00:00:00-04:00,6.526000022888184,6.546000003814697,6.369999885559082,6.443999767303467,9993500,0.0,0.0
2016-05-13 00:00:00-04:00,6.441999912261963,6.539999961853027,6.420000076293945,6.466000080108643,8246500,0.0,0.0
2016-05-16 00:00:00-04:00,6.480000019073486,6.590000152587891,6.446000099182129,6.52400016784668,6705000,0.0,0.0
2016-05-17 00:00:00-04:00,6.513999938964844,6.619999885559082,6.5,6.546000003814697,6951000,0.0,0.0
2016-05-18 00:00:00-04:00,6.504000186920166,6.630000114440918,6.504000186920166,6.564000129699707,5625000,0.0,0.0
2016-05-19 00:00:00-04:00,6.572000026702881,6.710000038146973,6.570000171661377,6.664000034332275,6237000,0.0,0.0
2016-05-20 00:00:00-04:00,6.705999851226807,6.751999855041504,6.638000011444092,6.742000102996826,5870500,0.0,0.0
2016-05-23 00:00:00-04:00,6.748000144958496,6.834000110626221,6.665999889373779,6.734000205993652,5740000,0.0,0.0
2016-05-24 00:00:00-04:00,6.769999980926514,6.855999946594238,6.73799991607666,6.834000110626221,5162500,0.0,0.0
2016-05-25 00:00:00-04:00,6.8379998207092285,6.915999889373779,6.831999778747559,6.866000175476074,5373000,0.0,0.0
2016-05-26 00:00:00-04:00,6.854000091552734,6.927999973297119,6.814000129699707,6.9120001792907715,4875000,0.0,0.0
2016-05-27 00:00:00-04:00,6.791999816894531,6.808000087738037,6.665999889373779,6.794000148773193,12739500,0.0,0.0
2016-05-31 00:00:00-04:00,6.809999942779541,6.866000175476074,6.769999980926514,6.8420000076293945,10476000,0.0,0.0
2016-06-01 00:00:00-04:00,6.800000190734863,6.915999889373779,6.75600004196167,6.9019999504089355,5629500,0.0,0.0
2016-06-02 00:00:00-04:00,6.900000095367432,6.9679999351501465,6.892000198364258,6.934000015258789,6494000,0.0,0.0
2016-06-03 00:00:00-04:00,6.929999828338623,6.97599983215332,6.861999988555908,6.920000076293945,4911500,0.0,0.0
2016-06-06 00:00:00-04:00,6.955999851226807,6.9720001220703125,6.826000213623047,6.920000076293945,6604000,0.0,0.0
2016-06-07 00:00:00-04:00,6.920000076293945,6.949999809265137,6.877999782562256,6.894000053405762,5519000,0.0,0.0
2016-06-08 00:00:00-04:00,6.900000095367432,6.986000061035156,6.874000072479248,6.955999851226807,5746500,0.0,0.0
2016-06-09 00:00:00-04:00,6.929999828338623,6.986000061035156,6.877999782562256,6.892000198364258,5034500,0.0,0.0
2016-06-10 00:00:00-04:00,6.8520002365112305,6.8520002365112305,6.703999996185303,6.739999771118164,7418000,0.0,0.0
2016-06-13 00:00:00-04:00,6.684000015258789,6.866000175476074,6.670000076293945,6.789999961853027,7133500,0.0,0.0
2016-06-14 00:00:00-04:00,6.7820000648498535,6.796000003814697,6.684000015258789,6.75,6000000,0.0,0.0
2016-06-15 00:00:00-04:00,6.76200008392334,6.863999843597412,6.73799991607666,6.811999797821045,6677500,0.0,0.0
2016-06-16 00:00:00-04:00,6.73799991607666,6.78000020980835,6.567999839782715,6.673999786376953,8813500,0.0,0.0
2016-06-17 00:00:00-04:00,6.693999767303467,6.693999767303467,6.584000110626221,6.668000221252441,16676500,0.0,0.0
2016-06-20 00:00:00-04:00,6.751999855041504,6.800000190734863,6.703999996185303,6.708000183105469,6403500,0.0,0.0
2016-06-21 00:00:00-04:00,6.734000205993652,6.796000003814697,6.699999809265137,6.751999855041504,4695000,0.0,0.0
2016-06-22 00:00:00-04:00,6.742000102996826,6.765999794006348,6.6620001792907715,6.665999889373779,3717500,0.0,0.0
2016-06-23 00:00:00-04:00,6.7179999351501465,6.866000175476074,6.7179999351501465,6.863999843597412,5957500,0.0,0.0
2016-06-24 00:00:00-04:00,6.546000003814697,6.604000091552734,6.355999946594238,6.381999969482422,15701000,0.0,0.0
2016-06-27 00:00:00-04:00,6.300000190734863,6.302000045776367,5.97599983215332,5.99399995803833,15116500,0.0,0.0
2016-06-28 00:00:00-04:00,6.0879998207092285,6.111999988555908,5.980000019073486,6.026000022888184,11065000,0.0,0.0
2016-06-29 00:00:00-04:00,6.033999919891357,6.23799991607666,6.004000186920166,6.21999979019165,10593500,0.0,0.0
2016-06-30 00:00:00-04:00,6.248000144958496,6.328000068664551,6.156000137329102,6.317999839782715,8449500,0.0,0.0
2016-07-01 00:00:00-04:00,6.300000190734863,6.381999969482422,6.2820000648498535,6.335999965667725,5971000,0.0,0.0
2016-07-05 00:00:00-04:00,6.300000190734863,6.3420000076293945,6.27400016784668,6.314000129699707,5603000,0.0,0.0
2016-07-06 00:00:00-04:00,6.25600004196167,6.375999927520752,6.184000015258789,6.335999965667725,7111000,0.0,0.0
2016-07-07 00:00:00-04:00,6.363999843597412,6.452000141143799,6.314000129699707,6.420000076293945,7871000,0.0,0.0
2016-07-08 00:00:00-04:00,6.489999771118164,6.693999767303467,6.489999771118164,6.691999912261963,7655500,0.0,0.0
2016-07-11 00:00:00-04:00,6.75,6.791999816894531,6.697999954223633,6.7220001220703125,5288500,0.0,0.0
2016-07-12 00:00:00-04:00,6.696000099182129,6.843999862670898,6.613999843597412,6.77400016784668,6671000,0.0,0.0
2016-07-13 00:00:00-04:00,6.802000045776367,6.889999866485596,6.763999938964844,6.763999938964844,5447500,0.0,0.0
2016-07-14 00:00:00-04:00,6.8480000495910645,6.886000156402588,6.783999919891357,6.797999858856201,6084000,0.0,0.0
2016-07-15 00:00:00-04:00,6.796000003814697,6.880000114440918,6.796000003814697,6.823999881744385,5356000,0.0,0.0
2016-07-18 00:00:00-04:00,6.831999778747559,6.880000114440918,6.788000106811523,6.826000213623047,5287000,0.0,0.0
2016-07-19 00:00:00-04:00,6.806000232696533,6.877999782562256,6.776000022888184,6.7779998779296875,4207500,0.0,0.0
2016-07-20 00:00:00-04:00,6.800000190734863,7.013999938964844,6.776000022888184,6.984000205993652,6407000,0.0,0.0
2016-07-21 00:00:00-04:00,6.953999996185303,7.039999961853027,6.9079999923706055,6.941999912261963,5663000,0.0,0.0
2016-07-22 00:00:00-04:00,6.992000102996826,7.170000076293945,6.900000095367432,7.1519999504089355,7990000,0.0,0.0
2016-07-25 00:00:00-04:00,7.1519999504089355,7.317999839782715,7.073999881744385,7.314000129699707,12191500,0.0,0.0
2016-07-26 00:00:00-04:00,7.285999774932861,7.372000217437744,7.236000061035156,7.297999858856201,9799000,0.0,0.0
2016-07-27 00:00:00-04:00,7.320000171661377,7.420000076293945,7.28000020980835,7.329999923706055,7347500,0.0,0.0
2016-07-28 00:00:00-04:00,7.349999904632568,7.461999893188477,7.25600004196167,7.434000015258789,12234500,0.0,0.0
2016-07-29 00:00:00-04:00,6.75,6.940000057220459,6.5879998207092285,6.938000202178955,35136500,0.0,0.0
2016-08-01 00:00:00-04:00,6.961999893188477,7.039999961853027,6.915999889373779,6.96999979019165,9759500,0.0,0.0
2016-08-02 00:00:00-04:00,6.9679999351501465,6.9679999351501465,6.74399995803833,6.802000045776367,9690500,0.0,0.0
2016-08-03 00:00:00-04:00,6.789999961853027,6.854000091552734,6.73799991607666,6.834000110626221,7947000,0.0,0.0
2016-08-04 00:00:00-04:00,6.8480000495910645,6.9019999504089355,6.75,6.76200008392334,7684500,0.0,0.0
2016-08-05 00:00:00-04:00,6.73799991607666,6.76200008392334,6.668000221252441,6.691999912261963,13473000,0.0,0.0
2016-08-08 00:00:00-04:00,6.699999809265137,6.760000228881836,6.665999889373779,6.671999931335449,5263000,0.0,0.0
2016-08-09 00:00:00-04:00,6.664000034332275,6.688000202178955,6.607999801635742,6.638000011444092,4728500,0.0,0.0
2016-08-10 00:00:00-04:00,6.627999782562256,6.6620001792907715,6.578000068664551,6.584000110626221,5042000,0.0,0.0
2016-08-11 00:00:00-04:00,6.604000091552734,6.644000053405762,6.561999797821045,6.570000171661377,4996500,0.0,0.0
2016-08-12 00:00:00-04:00,6.572000026702881,6.572000026702881,6.486000061035156,6.526000022888184,5717000,0.0,0.0
2016-08-15 00:00:00-04:00,6.541999816894531,6.624000072479248,6.513999938964844,6.579999923706055,3088000,0.0,0.0
2016-08-16 00:00:00-04:00,6.544000148773193,7.03000020980835,6.544000148773193,6.9720001220703125,22626500,0.0,0.0
2016-08-17 00:00:00-04:00,6.946000099182129,7.004000186920166,6.860000133514404,6.892000198364258,10297000,0.0,0.0
2016-08-18 00:00:00-04:00,6.900000095367432,7.073999881744385,6.875999927520752,7.013999938964844,10057000,0.0,0.0
2016-08-19 00:00:00-04:00,7.01200008392334,7.021999835968018,6.938000202178955,6.980000019073486,4323000,0.0,0.0
2016-08-22 00:00:00-04:00,6.946000099182129,7.001999855041504,6.9039998054504395,6.986000061035156,3433000,0.0,0.0
2016-08-23 00:00:00-04:00,7.047999858856201,7.1620001792907715,7.019999980926514,7.1539998054504395,7018500,0.0,0.0
2016-08-24 00:00:00-04:00,7.105999946594238,7.177999973297119,7.058000087738037,7.081999778747559,6102000,0.0,0.0
2016-08-25 00:00:00-04:00,7.067999839782715,7.130000114440918,7.067999839782715,7.116000175476074,3304500,0.0,0.0
2016-08-26 00:00:00-04:00,7.118000030517578,7.173999786376953,7.058000087738037,7.139999866485596,4832000,0.0,0.0
2016-08-29 00:00:00-04:00,7.139999866485596,7.2179999351501465,7.124000072479248,7.133999824523926,6649000,0.0,0.0
2016-08-30 00:00:00-04:00,7.276000022888184,7.328000068664551,7.223999977111816,7.269999980926514,6478500,0.0,0.0
2016-08-31 00:00:00-04:00,7.179999828338623,7.248000144958496,7.118000030517578,7.228000164031982,5670000,0.0,0.0
2016-09-01 00:00:00-04:00,7.2220001220703125,7.394000053405762,7.173999786376953,7.328000068664551,8919000,0.0,0.0
2016-09-02 00:00:00-04:00,7.360000133514404,7.406000137329102,7.317999839782715,7.366000175476074,6551000,0.0,0.0
2016-09-06 00:00:00-04:00,7.363999843597412,7.443999767303467,7.3379998207092285,7.357999801635742,5574000,0.0,0.0
2016-09-07 00:00:00-04:00,7.357999801635742,7.460000038146973,7.3520002365112305,7.400000095367432,6963000,0.0,0.0
2016-09-08 00:00:00-04:00,7.395999908447266,7.4039998054504395,7.251999855041504,7.2779998779296875,4598000,0.0,0.0
2016-09-09 00:00:00-04:00,7.245999813079834,7.285999774932861,7.150000095367432,7.1519999504089355,4729500,0.0,0.0
2016-09-12 00:00:00-04:00,7.107999801635742,7.208000183105469,7.064000129699707,7.184000015258789,6855500,0.0,0.0
2016-09-13 00:00:00-04:00,7.1620001792907715,7.184000015258789,7.046000003814697,7.0879998207092285,5193500,0.0,0.0
2016-09-14 00:00:00-04:00,7.110000133514404,7.173999786376953,7.038000106811523,7.061999797821045,4906000,0.0,0.0
2016-09-15 00:00:00-04:00,7.0279998779296875,7.176000118255615,7.01200008392334,7.133999824523926,5535000,0.0,0.0
2016-09-16 00:00:00-04:00,7.136000156402588,7.1620001792907715,7.070000171661377,7.104000091552734,12518000,0.0,0.0
2016-09-19 00:00:00-04:00,7.176000118255615,7.205999851226807,7.122000217437744,7.1519999504089355,6651000,0.0,0.0
2016-09-20 00:00:00-04:00,7.1620001792907715,7.190000057220459,7.076000213623047,7.084000110626221,4262500,0.0,0.0
2016-09-21 00:00:00-04:00,7.0879998207092285,7.197999954223633,7.084000110626221,7.190000057220459,5203000,0.0,0.0
2016-09-22 00:00:00-04:00,7.260000228881836,7.366000175476074,7.223999977111816,7.2779998779296875,6119500,0.0,0.0
2016-09-23 00:00:00-04:00,7.421999931335449,7.455999851226807,7.248000144958496,7.265999794006348,7881000,0.0,0.0
2016-09-26 00:00:00-04:00,7.223999977111816,7.288000106811523,7.205999851226807,7.22599983215332,6013500,0.0,0.0
2016-09-27 00:00:00-04:00,7.23199987411499,7.26800012588501,7.190000057220459,7.2179999351501465,5266500,0.0,0.0
2016-09-28 00:00:00-04:00,7.245999813079834,7.271999835968018,7.191999912261963,7.260000228881836,4666000,0.0,0.0
2016-09-29 00:00:00-04:00,7.23199987411499,7.27400016784668,7.164000034332275,7.185999870300293,5225000,0.0,0.0
2016-09-30 00:00:00-04:00,7.21999979019165,7.406000137329102,7.216000080108643,7.386000156402588,10654500,0.0,0.0
2016-10-03 00:00:00-04:00,7.380000114440918,7.495999813079834,7.366000175476074,7.388000011444092,9015000,0.0,0.0
2016-10-04 00:00:00-04:00,7.386000156402588,7.49399995803833,7.331999778747559,7.361999988555908,6440000,0.0,0.0
2016-10-05 00:00:00-04:00,7.355999946594238,7.455999851226807,7.315999984741211,7.320000171661377,10912000,0.0,0.0
2016-10-06 00:00:00-04:00,7.349999904632568,7.349999904632568,7.130000114440918,7.138000011444092,8122500,0.0,0.0
2016-10-07 00:00:00-04:00,7.1539998054504395,7.164000034332275,6.995999813079834,6.998000144958496,9166500,0.0,0.0
2016-10-10 00:00:00-04:00,7.064000129699707,7.076000213623047,6.9720001220703125,6.998000144958496,9955000,0.0,0.0
2016-10-11 00:00:00-04:00,6.980000019073486,7.00600004196167,6.783999919891357,6.817999839782715,20989500,0.0,0.0
2016-10-12 00:00:00-04:00,5.815999984741211,6.214000225067139,5.800000190734863,6.131999969482422,106244000,0.0,0.0
2016-10-13 00:00:00-04:00,6.119999885559082,6.27400016784668,6.0,6.23799991607666,39068000,0.0,0.0
2016-10-14 00:00:00-04:00,6.294000148773193,6.311999797821045,6.107999801635742,6.202000141143799,19826000,0.0,0.0
2016-10-17 00:00:00-04:00,6.184000015258789,6.25600004196167,6.1519999504089355,6.191999912261963,12775000,0.0,0.0
2016-10-18 00:00:00-04:00,6.228000164031982,6.260000228881836,6.173999786376953,6.197999954223633,7669000,0.0,0.0
2016-10-19 00:00:00-04:00,6.182000160217285,6.271999835968018,6.159999847412109,6.2220001220703125,11484500,0.0,0.0
2016-10-20 00:00:00-04:00,6.223999977111816,6.291999816894531,6.191999912261963,6.265999794006348,9864500,0.0,0.0
2016-10-21 00:00:00-04:00,6.297999858856201,6.388000011444092,6.236000061035156,6.360000133514404,12560000,0.0,0.0
2016-10-24 00:00:00-04:00,6.368000030517578,6.400000095367432,6.242000102996826,6.248000144958496,9174000,0.0,0.0
2016-10-25 00:00:00-04:00,6.27400016784668,6.27400016784668,6.131999969482422,6.133999824523926,7998500,0.0,0.0
2016-10-26 00:00:00-04:00,6.127999782562256,6.145999908447266,6.026000022888184,6.035999774932861,13956000,0.0,0.0
2016-10-27 00:00:00-04:00,6.093999862670898,6.1539998054504395,5.943999767303467,5.98199987411499,20790500,0.0,0.0
2016-10-28 00:00:00-04:00,6.145999908447266,6.380000114440918,6.073999881744385,6.355999946594238,16542000,0.0,0.0
2016-10-31 00:00:00-04:00,6.392000198364258,6.435999870300293,6.357999801635742,6.4120001792907715,10798500,0.0,0.0
2016-11-01 00:00:00-04:00,6.400000095367432,6.434000015258789,6.311999797821045,6.3520002365112305,9317000,0.0,0.0
2016-11-02 00:00:00-04:00,6.406000137329102,6.406000137329102,6.214000225067139,6.21999979019165,9691000,0.0,0.0
2016-11-03 00:00:00-04:00,6.22599983215332,6.269999980926514,6.1539998054504395,6.159999847412109,5069500,0.0,0.0
2016-11-04 00:00:00-04:00,6.1620001792907715,6.308000087738037,6.159999847412109,6.176000118255615,8396000,0.0,0.0
2016-11-07 00:00:00-05:00,6.26200008392334,6.329999923706055,6.210000038146973,6.289999961853027,19618000,0.0,0.0
2016-11-08 00:00:00-05:00,6.297999858856201,6.3379998207092285,6.202000141143799,6.265999794006348,8826500,0.0,0.0
2016-11-09 00:00:00-05:00,6.185999870300293,6.377999782562256,6.1620001792907715,6.349999904632568,7744500,0.0,0.0
2016-11-10 00:00:00-05:00,6.354000091552734,6.480000019073486,6.24399995803833,6.2779998779296875,6901000,0.0,0.0
2016-11-11 00:00:00-05:00,6.24399995803833,6.418000221252441,6.216000080108643,6.372000217437744,6279500,0.0,0.0
2016-11-14 00:00:00-05:00,6.400000095367432,6.458000183105469,6.26200008392334,6.328000068664551,8137500,0.0,0.0
2016-11-15 00:00:00-05:00,6.699999809265137,6.699999809265137,6.323999881744385,6.432000160217285,35146000,0.0,0.0
2016-11-16 00:00:00-05:00,6.418000221252441,6.539999961853027,6.4079999923706055,6.507999897003174,13719500,0.0,0.0
2016-11-17 00:00:00-05:00,6.492000102996826,6.507999897003174,6.265999794006348,6.328000068664551,20063500,0.0,0.0
2016-11-18 00:00:00-05:00,6.357999801635742,6.374000072479248,6.177999973297119,6.191999912261963,17035000,0.0,0.0
2016-11-21 00:00:00-05:00,6.196000099182129,6.2220001220703125,6.061999797821045,6.133999824523926,21310500,0.0,0.0
2016-11-22 00:00:00-05:00,5.920000076293945,6.239999771118164,5.920000076293945,6.230000019073486,18096000,0.0,0.0
2016-11-23 00:00:00-05:00,6.197999954223633,6.236000061035156,6.131999969482422,6.168000221252441,7450000,0.0,0.0
2016-11-25 00:00:00-05:00,6.176000118255615,6.176000118255615,6.093999862670898,6.113999843597412,3506500,0.0,0.0
2016-11-28 00:00:00-05:00,6.125999927520752,6.176000118255615,6.035999774932861,6.047999858856201,7915000,0.0,0.0
2016-11-29 00:00:00-05:00,6.026000022888184,6.099999904632568,6.0,6.047999858856201,7717500,0.0,0.0
2016-11-30 00:00:00-05:00,6.0879998207092285,6.0879998207092285,6.013999938964844,6.019999980926514,5893000,0.0,0.0
2016-12-01 00:00:00-05:00,6.035999774932861,6.044000148773193,5.78000020980835,5.809999942779541,11817000,0.0,0.0
2016-12-02 00:00:00-05:00,5.776000022888184,5.926000118255615,5.77400016784668,5.914000034332275,10855500,0.0,0.0
2016-12-05 00:00:00-05:00,5.958000183105469,6.099999904632568,5.947999954223633,6.044000148773193,12821500,0.0,0.0
2016-12-06 00:00:00-05:00,6.0279998779296875,6.035999774932861,5.883999824523926,5.986000061035156,11969500,0.0,0.0
2016-12-07 00:00:00-05:00,6.0,6.176000118255615,5.986000061035156,6.1519999504089355,10802500,0.0,0.0
2016-12-08 00:00:00-05:00,6.138000011444092,6.188000202178955,6.079999923706055,6.111999988555908,10678500,0.0,0.0
2016-12-09 00:00:00-05:00,6.113999843597412,6.150000095367432,6.070000171661377,6.138000011444092,6799000,0.0,0.0
2016-12-12 00:00:00-05:00,6.138000011444092,6.142000198364258,5.96999979019165,5.99399995803833,5855500,0.0,0.0
2016-12-13 00:00:00-05:00,6.01800012588501,6.130000114440918,6.010000228881836,6.110000133514404,8626000,0.0,0.0
2016-12-14 00:00:00-05:00,6.093999862670898,6.145999908447266,5.935999870300293,5.943999767303467,12850500,0.0,0.0
2016-12-15 00:00:00-05:00,5.952000141143799,6.072000026702881,5.9079999923706055,5.992000102996826,9321000,0.0,0.0
2016-12-16 00:00:00-05:00,6.015999794006348,6.03000020980835,5.906000137329102,5.953999996185303,24813500,0.0,0.0
2016-12-19 00:00:00-05:00,5.98199987411499,6.050000190734863,5.938000202178955,5.958000183105469,11402500,0.0,0.0
2016-12-20 00:00:00-05:00,5.9720001220703125,6.019999980926514,5.800000190734863,5.935999870300293,21373000,0.0,0.0
2016-12-21 00:00:00-05:00,5.929999828338623,5.978000164031982,5.854000091552734,5.909999847412109,21796000,0.0,0.0
2016-12-22 00:00:00-05:00,5.888000011444092,5.892000198364258,5.702000141143799,5.7220001220703125,21592000,0.0,0.0
2016-12-23 00:00:00-05:00,5.71999979019165,5.840000152587891,5.71999979019165,5.834000110626221,9653500,0.0,0.0
2016-12-27 00:00:00-05:00,5.809999942779541,6.056000232696533,5.789999961853027,6.015999794006348,16999000,0.0,0.0
2016-12-28 00:00:00-05:00,6.046000003814697,6.104000091552734,5.960000038146973,6.070000171661377,22512500,0.0,0.0
2016-12-29 00:00:00-05:00,6.070000171661377,6.138000011444092,6.010000228881836,6.059999942779541,9223500,0.0,0.0
2016-12-30 00:00:00-05:00,6.067999839782715,6.067999839782715,6.00600004196167,6.02400016784668,9002000,0.0,0.0
2017-01-03 00:00:00-05:00,6.111999988555908,6.131999969482422,5.980000019073486,6.02400016784668,12206000,0.0,0.0
2017-01-04 00:00:00-05:00,6.03000020980835,6.107999801635742,6.015999794006348,6.084000110626221,11611000,0.0,0.0
2017-01-05 00:00:00-05:00,6.052000045776367,6.184000015258789,6.046000003814697,6.165999889373779,15568500,0.0,0.0
2017-01-06 00:00:00-05:00,6.159999847412109,6.24399995803833,6.104000091552734,6.202000141143799,9631000,0.0,0.0
2017-01-09 00:00:00-05:00,6.199999809265137,6.297999858856201,6.1620001792907715,6.26200008392334,10128500,0.0,0.0
2017-01-10 00:00:00-05:00,6.291999816894531,6.4120001792907715,6.289999961853027,6.392000198364258,9225500,0.0,0.0
2017-01-11 00:00:00-05:00,6.449999809265137,6.578000068664551,6.377999782562256,6.423999786376953,11804500,0.0,0.0
2017-01-12 00:00:00-05:00,6.409999847412109,6.434000015258789,6.288000106811523,6.369999885559082,6688000,0.0,0.0
2017-01-13 00:00:00-05:00,6.366000175476074,6.466000080108643,6.361999988555908,6.458000183105469,3716500,0.0,0.0
2017-01-17 00:00:00-05:00,6.458000183105469,6.49399995803833,6.283999919891357,6.340000152587891,38616500,0.0,0.0
2017-01-18 00:00:00-05:00,6.329999923706055,6.392000198364258,6.271999835968018,6.369999885559082,10609500,0.0,0.0
2017-01-19 00:00:00-05:00,6.466000080108643,6.547999858856201,6.443999767303467,6.46999979019165,27218500,0.0,0.0
2017-01-20 00:00:00-05:00,6.46999979019165,6.51800012588501,6.435999870300293,6.464000225067139,13260000,0.0,0.0
2017-01-23 00:00:00-05:00,6.460000038146973,6.492000102996826,6.372000217437744,6.438000202178955,13849500,0.0,0.0
2017-01-24 00:00:00-05:00,6.449999809265137,6.539999961853027,6.435999870300293,6.5320000648498535,7321000,0.0,0.0
2017-01-25 00:00:00-05:00,6.593999862670898,6.671999931335449,6.519999980926514,6.561999797821045,6715500,0.0,0.0
2017-01-26 00:00:00-05:00,6.593999862670898,6.625999927520752,6.46999979019165,6.513999938964844,7314000,0.0,0.0
2017-01-27 00:00:00-05:00,6.510000228881836,6.570000171661377,6.453999996185303,6.556000232696533,6039500,0.0,0.0
2017-01-30 00:00:00-05:00,6.546000003814697,6.567999839782715,6.409999847412109,6.561999797821045,7997500,0.0,0.0
2017-01-31 00:00:00-05:00,6.567999839782715,6.677999973297119,6.513999938964844,6.6519999504089355,11036500,0.0,0.0
2017-02-01 00:00:00-05:00,6.6519999504089355,6.685999870300293,6.544000148773193,6.619999885559082,8922500,0.0,0.0
2017-02-02 00:00:00-05:00,6.605999946594238,6.697999954223633,6.556000232696533,6.636000156402588,22172000,0.0,0.0
2017-02-03 00:00:00-05:00,7.429999828338623,7.6020002365112305,7.21999979019165,7.544000148773193,63531000,0.0,0.0
2017-02-06 00:00:00-05:00,7.5320000648498535,7.665999889373779,7.360000133514404,7.565999984741211,18814500,0.0,0.0
2017-02-07 00:00:00-05:00,7.599999904632568,7.6479997634887695,7.513999938964844,7.552000045776367,9670500,0.0,0.0
2017-02-08 00:00:00-05:00,7.539999961853027,7.572000026702881,7.441999912261963,7.484000205993652,13122500,0.0,0.0
2017-02-09 00:00:00-05:00,7.47599983215332,7.6479997634887695,7.455999851226807,7.5980000495910645,7756000,0.0,0.0
2017-02-10 00:00:00-05:00,7.550000190734863,7.625999927520752,7.51800012588501,7.535999774932861,7607500,0.0,0.0
2017-02-13 00:00:00-05:00,7.544000148773193,7.6020002365112305,7.510000228881836,7.559999942779541,6768500,0.0,0.0
2017-02-14 00:00:00-05:00,7.539999961853027,7.5920000076293945,7.48199987411499,7.553999900817871,14307500,0.0,0.0
2017-02-15 00:00:00-05:00,7.561999797821045,7.613999843597412,7.513999938964844,7.590000152587891,5842000,0.0,0.0
2017-02-16 00:00:00-05:00,7.584000110626221,7.618000030517578,7.406000137329102,7.447999954223633,7809500,0.0,0.0
2017-02-17 00:00:00-05:00,7.409999847412109,7.515999794006348,7.380000114440918,7.492000102996826,6249500,0.0,0.0
2017-02-21 00:00:00-05:00,7.452000141143799,7.552000045776367,7.441999912261963,7.47599983215332,6341500,0.0,0.0
2017-02-22 00:00:00-05:00,7.460000038146973,7.5279998779296875,7.440000057220459,7.447999954223633,5469000,0.0,0.0
2017-02-23 00:00:00-05:00,7.443999767303467,7.453999996185303,7.361999988555908,7.446000099182129,8102500,0.0,0.0
2017-02-24 00:00:00-05:00,7.386000156402588,7.441999912261963,7.311999797821045,7.429999828338623,5017500,0.0,0.0
2017-02-27 00:00:00-05:00,7.423999786376953,7.5,7.381999969482422,7.48799991607666,9721000,0.0,0.0
2017-02-28 00:00:00-05:00,7.453999996185303,7.480000019073486,7.409999847412109,7.46999979019165,13393000,0.0,0.0
2017-03-01 00:00:00-05:00,7.354000091552734,7.473999977111816,7.329999923706055,7.461999893188477,15953000,0.0,0.0
2017-03-02 00:00:00-05:00,7.429999828338623,7.4720001220703125,7.334000110626221,7.3480000495910645,9659500,0.0,0.0
2017-03-03 00:00:00-05:00,7.317999839782715,7.334000110626221,7.234000205993652,7.25600004196167,11702500,0.0,0.0
2017-03-06 00:00:00-05:00,7.23199987411499,7.322000026702881,7.199999809265137,7.26800012588501,9430500,0.0,0.0
2017-03-07 00:00:00-05:00,7.254000186920166,7.297999858856201,7.190000057220459,7.285999774932861,9047500,0.0,0.0
2017-03-08 00:00:00-05:00,7.300000190734863,7.52400016784668,7.300000190734863,7.447999954223633,17018500,0.0,0.0
2017-03-09 00:00:00-05:00,7.4079999923706055,7.455999851226807,7.291999816894531,7.334000110626221,7738000,0.0,0.0
2017-03-10 00:00:00-05:00,7.395999908447266,7.415999889373779,7.335999965667725,7.392000198364258,5717500,0.0,0.0
2017-03-13 00:00:00-04:00,7.372000217437744,7.434000015258789,7.357999801635742,7.386000156402588,4782000,0.0,0.0
2017-03-14 00:00:00-04:00,7.394000053405762,7.394000053405762,7.271999835968018,7.331999778747559,4585500,0.0,0.0
2017-03-15 00:00:00-04:00,7.315999984741211,7.394000053405762,7.276000022888184,7.374000072479248,4544500,0.0,0.0
2017-03-16 00:00:00-04:00,7.4120001792907715,7.4720001220703125,7.4120001792907715,7.458000183105469,5607000,0.0,0.0
2017-03-17 00:00:00-04:00,7.544000148773193,7.544000148773193,7.388000011444092,7.426000118255615,15445000,0.0,0.0
2017-03-20 00:00:00-04:00,7.432000160217285,7.486000061035156,7.388000011444092,7.395999908447266,4407000,0.0,0.0
2017-03-21 00:00:00-04:00,7.415999889373779,7.426000118255615,7.214000225067139,7.2220001220703125,6824500,0.0,0.0
2017-03-22 00:00:00-04:00,7.190000057220459,7.302000045776367,7.179999828338623,7.297999858856201,5082500,0.0,0.0
2017-03-23 00:00:00-04:00,7.297999858856201,7.349999904632568,7.245999813079834,7.276000022888184,4883000,0.0,0.0
2017-03-24 00:00:00-04:00,7.303999900817871,7.331999778747559,7.239999771118164,7.260000228881836,4603500,0.0,0.0
2017-03-27 00:00:00-04:00,7.190000057220459,7.314000129699707,7.165999889373779,7.26800012588501,6568000,0.0,0.0
2017-03-28 00:00:00-04:00,7.28000020980835,7.334000110626221,7.263999938964844,7.311999797821045,3626500,0.0,0.0
2017-03-29 00:00:00-04:00,7.498000144958496,7.705999851226807,7.455999851226807,7.6620001792907715,14887000,0.0,0.0
2017-03-30 00:00:00-04:00,7.6519999504089355,7.711999893188477,7.559999942779541,7.570000171661377,7238000,0.0,0.0
2017-03-31 00:00:00-04:00,7.553999900817871,7.697999954223633,7.553999900817871,7.670000076293945,6491500,0.0,0.0
2017-04-03 00:00:00-04:00,7.710000038146973,7.806000232696533,7.610000133514404,7.6519999504089355,8999000,0.0,0.0
2017-04-04 00:00:00-04:00,7.633999824523926,7.702000141143799,7.507999897003174,7.53000020980835,6097500,0.0,0.0
2017-04-05 00:00:00-04:00,7.567999839782715,7.619999885559082,7.473999977111816,7.48799991607666,6454000,0.0,0.0
2017-04-06 00:00:00-04:00,7.489999771118164,7.49399995803833,7.388000011444092,7.446000099182129,8485500,0.0,0.0
2017-04-07 00:00:00-04:00,7.435999870300293,7.501999855041504,7.414000034332275,7.484000205993652,4661000,0.0,0.0
2017-04-10 00:00:00-04:00,7.50600004196167,7.50600004196167,7.386000156402588,7.443999767303467,11816500,0.0,0.0
2017-04-11 00:00:00-04:00,7.426000118255615,7.52400016784668,7.4079999923706055,7.52400016784668,7002000,0.0,0.0
2017-04-12 00:00:00-04:00,7.526000022888184,7.581999778747559,7.480000019073486,7.49399995803833,4089500,0.0,0.0
2017-04-13 00:00:00-04:00,7.486000061035156,7.5279998779296875,7.458000183105469,7.464000225067139,4978000,0.0,0.0
2017-04-17 00:00:00-04:00,7.521999835968018,7.728000164031982,7.521999835968018,7.613999843597412,8359000,0.0,0.0
2017-04-18 00:00:00-04:00,7.610000133514404,7.711999893188477,7.576000213623047,7.703999996185303,7331500,0.0,0.0
2017-04-19 00:00:00-04:00,7.72599983215332,7.771999835968018,7.670000076293945,7.685999870300293,5680000,0.0,0.0
2017-04-20 00:00:00-04:00,7.703999996185303,7.710000038146973,7.5960001945495605,7.702000141143799,4321000,0.0,0.0
2017-04-21 00:00:00-04:00,7.829999923706055,7.927999973297119,7.760000228881836,7.906000137329102,16152500,0.0,0.0
2017-04-24 00:00:00-04:00,8.039999961853027,8.071999549865723,7.909999847412109,7.98199987411499,14649000,0.0,0.0
2017-04-25 00:00:00-04:00,8.03600025177002,8.128000259399414,8.001999855041504,8.053999900817871,7955000,0.0,0.0
2017-04-26 00:00:00-04:00,8.039999961853027,8.0600004196167,7.97599983215332,7.980000019073486,7780500,0.0,0.0
2017-04-27 00:00:00-04:00,8.031999588012695,8.121999740600586,7.966000080108643,8.083999633789062,15279500,0.0,0.0
2017-04-28 00:00:00-04:00,7.814000129699707,7.99399995803833,7.72599983215332,7.800000190734863,22948000,0.0,0.0
2017-05-01 00:00:00-04:00,7.860000133514404,7.868000030517578,7.72599983215332,7.829999923706055,10953000,0.0,0.0
2017-05-02 00:00:00-04:00,7.872000217437744,7.938000202178955,7.828000068664551,7.875999927520752,9259000,0.0,0.0
2017-05-03 00:00:00-04:00,7.895999908447266,7.955999851226807,7.802000045776367,7.843999862670898,7983000,0.0,0.0
2017-05-04 00:00:00-04:00,7.857999801635742,7.923999786376953,7.815999984741211,7.888000011444092,6400000,0.0,0.0
2017-05-05 00:00:00-04:00,7.9079999923706055,8.04800033569336,7.892000198364258,8.015999794006348,7843500,0.0,0.0
2017-05-08 00:00:00-04:00,8.022000312805176,8.039999961853027,7.929999828338623,7.955999851226807,4558000,0.0,0.0
2017-05-09 00:00:00-04:00,8.067999839782715,8.142000198364258,7.800000190734863,7.811999797821045,8570500,0.0,0.0
2017-05-10 00:00:00-04:00,7.800000190734863,7.883999824523926,7.794000148773193,7.849999904632568,4748500,0.0,0.0
2017-05-11 00:00:00-04:00,7.831999778747559,7.857999801635742,7.71999979019165,7.806000232696533,5395500,0.0,0.0
2017-05-12 00:00:00-04:00,7.806000232696533,7.840000152587891,7.708000183105469,7.823999881744385,6744500,0.0,0.0
2017-05-15 00:00:00-04:00,8.020000457763672,8.265999794006348,8.020000457763672,8.09000015258789,17694000,0.0,0.0
2017-05-16 00:00:00-04:00,8.161999702453613,8.197999954223633,8.092000007629395,8.194000244140625,8520500,0.0,0.0
2017-05-17 00:00:00-04:00,8.145999908447266,8.149999618530273,7.906000137329102,7.909999847412109,7081500,0.0,0.0
2017-05-18 00:00:00-04:00,7.868000030517578,7.953999996185303,7.77400016784668,7.934000015258789,7105500,0.0,0.0
2017-05-19 00:00:00-04:00,7.97599983215332,8.076000213623047,7.958000183105469,8.008000373840332,5797000,0.0,0.0
2017-05-22 00:00:00-04:00,8.005999565124512,8.11400032043457,7.980000019073486,8.097999572753906,7767500,0.0,0.0
2017-05-23 00:00:00-04:00,8.118000030517578,8.13599967956543,7.998000144958496,8.013999938964844,4794000,0.0,0.0
2017-05-24 00:00:00-04:00,8.045999526977539,8.088000297546387,7.943999767303467,7.960000038146973,4059500,0.0,0.0
2017-05-25 00:00:00-04:00,7.98799991607666,8.02400016784668,7.894000053405762,7.929999828338623,5165500,0.0,0.0
2017-05-26 00:00:00-04:00,7.923999786376953,7.934000015258789,7.863999843597412,7.8979997634887695,4325500,0.0,0.0
2017-05-30 00:00:00-04:00,7.874000072479248,7.894000053405762,7.797999858856201,7.829999923706055,10323500,0.0,0.0
2017-05-31 00:00:00-04:00,7.843999862670898,7.880000114440918,7.769999980926514,7.868000030517578,9315000,0.0,0.0
2017-06-01 00:00:00-04:00,7.961999893188477,7.973999977111816,7.796000003814697,7.8420000076293945,14670500,0.0,0.0
2017-06-02 00:00:00-04:00,7.909999847412109,7.926000118255615,7.788000106811523,7.809999942779541,11387500,0.0,0.0
2017-06-05 00:00:00-04:00,7.78000020980835,7.920000076293945,7.776000022888184,7.874000072479248,7558000,0.0,0.0
2017-06-06 00:00:00-04:00,7.829999923706055,7.888000011444092,7.7820000648498535,7.817999839782715,12499000,0.0,0.0
2017-06-07 00:00:00-04:00,7.800000190734863,7.843999862670898,7.710000038146973,7.840000152587891,15297000,0.0,0.0
2017-06-08 00:00:00-04:00,7.815999984741211,7.918000221252441,7.705999851226807,7.9039998054504395,11153000,0.0,0.0
2017-06-09 00:00:00-04:00,7.921999931335449,7.935999870300293,7.360000133514404,7.464000225067139,18236500,0.0,0.0
2017-06-12 00:00:00-04:00,7.375999927520752,7.495999813079834,7.1539998054504395,7.486000061035156,17843500,0.0,0.0
2017-06-13 00:00:00-04:00,7.5320000648498535,7.6020002365112305,7.486000061035156,7.5879998207092285,4930500,0.0,0.0
2017-06-14 00:00:00-04:00,7.622000217437744,7.673999786376953,7.49399995803833,7.570000171661377,7920500,0.0,0.0
2017-06-15 00:00:00-04:00,7.484000205993652,7.552000045776367,7.466000080108643,7.5279998779296875,4134500,0.0,0.0
2017-06-16 00:00:00-04:00,7.519999980926514,7.570000171661377,7.48199987411499,7.565999984741211,8594000,0.0,0.0
2017-06-19 00:00:00-04:00,7.607999801635742,7.6519999504089355,7.578000068664551,7.599999904632568,5748000,0.0,0.0
2017-06-20 00:00:00-04:00,7.604000091552734,7.639999866485596,7.489999771118164,7.49399995803833,5406500,0.0,0.0
2017-06-21 00:00:00-04:00,7.519999980926514,7.625999927520752,7.519999980926514,7.546000003814697,4812000,0.0,0.0
2017-06-22 00:00:00-04:00,7.561999797821045,7.604000091552734,7.51800012588501,7.558000087738037,3773000,0.0,0.0
2017-06-23 00:00:00-04:00,7.570000171661377,7.673999786376953,7.519999980926514,7.6579999923706055,6017000,0.0,0.0
2017-06-26 00:00:00-04:00,7.6579999923706055,7.699999809265137,7.513999938964844,7.565999984741211,5045000,0.0,0.0
2017-06-27 00:00:00-04:00,7.526000022888184,7.611999988555908,7.427999973297119,7.440000057220459,4866000,0.0,0.0
2017-06-28 00:00:00-04:00,7.498000144958496,7.607999801635742,7.441999912261963,7.546000003814697,5972500,0.0,0.0
2017-06-29 00:00:00-04:00,7.561999797821045,7.639999866485596,7.415999889373779,7.547999858856201,8339000,0.0,0.0
2017-06-30 00:00:00-04:00,7.553999900817871,7.605999946594238,7.484000205993652,7.48799991607666,6397000,0.0,0.0
2017-07-03 00:00:00-04:00,7.533999919891357,7.605999946594238,7.406000137329102,7.426000118255615,2502500,0.0,0.0
2017-07-05 00:00:00-04:00,7.539999961853027,7.840000152587891,7.526000022888184,7.72599983215332,12319000,0.0,0.0
2017-07-06 00:00:00-04:00,7.664000034332275,7.688000202178955,7.564000129699707,7.5960001945495605,7948500,0.0,0.0
2017-07-07 00:00:00-04:00,7.6539998054504395,7.78000020980835,7.5,7.697999954223633,6433500,0.0,0.0
2017-07-10 00:00:00-04:00,7.705999851226807,7.736000061035156,7.624000072479248,7.699999809265137,5425500,0.0,0.0
2017-07-11 00:00:00-04:00,7.702000141143799,7.78000020980835,7.659999847412109,7.776000022888184,8451000,0.0,0.0
2017-07-12 00:00:00-04:00,7.822000026702881,7.98799991607666,7.811999797821045,7.900000095367432,9575000,0.0,0.0
2017-07-13 00:00:00-04:00,7.920000076293945,8.020000457763672,7.855999946594238,8.013999938964844,8826500,0.0,0.0
2017-07-14 00:00:00-04:00,7.797999858856201,8.039999961853027,7.730000019073486,8.02400016784668,9790500,0.0,0.0
2017-07-17 00:00:00-04:00,8.038000106811523,8.097999572753906,7.961999893188477,8.045999526977539,10086000,0.0,0.0
2017-07-18 00:00:00-04:00,8.017999649047852,8.109999656677246,8.003999710083008,8.093999862670898,4492000,0.0,0.0
2017-07-19 00:00:00-04:00,8.12399959564209,8.312000274658203,8.100000381469727,8.220000267028809,7832000,0.0,0.0
2017-07-20 00:00:00-04:00,8.100000381469727,8.166000366210938,8.008000373840332,8.142000198364258,8722500,0.0,0.0
2017-07-21 00:00:00-04:00,8.130000114440918,8.14799976348877,8.067999839782715,8.074000358581543,3203500,0.0,0.0
2017-07-24 00:00:00-04:00,8.09000015258789,8.142000198364258,8.041999816894531,8.109999656677246,3914000,0.0,0.0
2017-07-25 00:00:00-04:00,8.12399959564209,8.1899995803833,8.09000015258789,8.142000198364258,9157500,0.0,0.0
2017-07-26 00:00:00-04:00,8.152000427246094,8.178000450134277,8.04800033569336,8.116000175476074,9700500,0.0,0.0
2017-07-27 00:00:00-04:00,7.909999847412109,8.15999984741211,7.636000156402588,7.684000015258789,31376500,0.0,0.0
2017-07-28 00:00:00-04:00,7.656000137329102,7.714000225067139,7.480000019073486,7.49399995803833,11531000,0.0,0.0
2017-07-31 00:00:00-04:00,7.519999980926514,7.550000190734863,7.360000133514404,7.381999969482422,11554000,0.0,0.0
2017-08-01 00:00:00-04:00,7.427999973297119,7.429999828338623,7.3420000076293945,7.360000133514404,7952500,0.0,0.0
2017-08-02 00:00:00-04:00,7.400000095367432,7.421999931335449,7.173999786376953,7.27400016784668,8933000,0.0,0.0
2017-08-03 00:00:00-04:00,7.27400016784668,7.323999881744385,7.205999851226807,7.28000020980835,7072000,0.0,0.0
2017-08-04 00:00:00-04:00,7.276000022888184,7.400000095367432,7.245999813079834,7.368000030517578,16033000,0.0,0.0
2017-08-07 00:00:00-04:00,7.363999843597412,7.415999889373779,7.285999774932861,7.366000175476074,10188000,0.0,0.0
2017-08-08 00:00:00-04:00,7.334000110626221,7.375999927520752,7.285999774932861,7.303999900817871,5792500,0.0,0.0
2017-08-09 00:00:00-04:00,7.25,7.343999862670898,7.234000205993652,7.340000152587891,6901500,0.0,0.0
2017-08-10 00:00:00-04:00,7.283999919891357,7.349999904632568,7.203999996185303,7.2220001220703125,8264500,0.0,0.0
2017-08-11 00:00:00-04:00,7.184000015258789,7.314000129699707,7.179999828338623,7.296000003814697,5988000,0.0,0.0
2017-08-14 00:00:00-04:00,7.357999801635742,7.440000057220459,7.3520002365112305,7.409999847412109,3534500,0.0,0.0
2017-08-15 00:00:00-04:00,7.440000057220459,7.440000057220459,7.340000152587891,7.361999988555908,2983500,0.0,0.0
2017-08-16 00:00:00-04:00,7.361999988555908,7.458000183105469,7.355999946594238,7.438000202178955,3691000,0.0,0.0
2017-08-17 00:00:00-04:00,7.409999847412109,7.473999977111816,7.300000190734863,7.303999900817871,3101000,0.0,0.0
2017-08-18 00:00:00-04:00,7.314000129699707,7.386000156402588,7.2820000648498535,7.329999923706055,3553000,0.0,0.0
2017-08-21 00:00:00-04:00,7.320000171661377,7.392000198364258,7.289999961853027,7.386000156402588,3393000,0.0,0.0
2017-08-22 00:00:00-04:00,7.406000137329102,7.533999919891357,7.4039998054504395,7.504000186920166,4115500,0.0,0.0
2017-08-23 00:00:00-04:00,7.452000141143799,7.48799991607666,7.4039998054504395,7.420000076293945,2953000,0.0,0.0
2017-08-24 00:00:00-04:00,7.434000015258789,7.504000186920166,7.421999931335449,7.446000099182129,3726000,0.0,0.0
2017-08-25 00:00:00-04:00,7.495999813079834,7.53000020980835,7.415999889373779,7.435999870300293,4454500,0.0,0.0
2017-08-28 00:00:00-04:00,7.441999912261963,7.464000225067139,7.4079999923706055,7.452000141143799,5381000,0.0,0.0
2017-08-29 00:00:00-04:00,7.400000095367432,7.498000144958496,7.389999866485596,7.4720001220703125,2648000,0.0,0.0
2017-08-30 00:00:00-04:00,7.478000164031982,7.579999923706055,7.46999979019165,7.567999839782715,2789000,0.0,0.0
2017-08-31 00:00:00-04:00,7.590000152587891,7.684000015258789,7.581999778747559,7.639999866485596,6633000,0.0,0.0
2017-09-01 00:00:00-04:00,7.682000160217285,7.7220001220703125,7.611999988555908,7.659999847412109,3582500,0.0,0.0
2017-09-05 00:00:00-04:00,7.579999923706055,7.665999889373779,7.331999778747559,7.3480000495910645,9034000,0.0,0.0
2017-09-06 00:00:00-04:00,7.369999885559082,7.484000205993652,7.326000213623047,7.480000019073486,5945500,0.0,0.0
2017-09-07 00:00:00-04:00,7.5,7.539999961853027,7.420000076293945,7.46999979019165,3912500,0.0,0.0
2017-09-08 00:00:00-04:00,7.51800012588501,7.690000057220459,7.504000186920166,7.51200008392334,5858000,0.0,0.0
2017-09-11 00:00:00-04:00,7.565999984741211,7.708000183105469,7.565999984741211,7.6479997634887695,5812000,0.0,0.0
2017-09-12 00:00:00-04:00,7.677999973297119,7.703999996185303,7.579999923706055,7.696000099182129,3846000,0.0,0.0
2017-09-13 00:00:00-04:00,7.659999847412109,7.693999767303467,7.585999965667725,7.5879998207092285,5369000,0.0,0.0
2017-09-14 00:00:00-04:00,7.561999797821045,7.624000072479248,7.478000164031982,7.610000133514404,4195000,0.0,0.0
2017-09-15 00:00:00-04:00,7.593999862670898,7.73199987411499,7.593999862670898,7.73199987411499,9414000,0.0,0.0
2017-09-18 00:00:00-04:00,7.760000228881836,7.814000129699707,7.7179999351501465,7.7179999351501465,6397000,0.0,0.0
2017-09-19 00:00:00-04:00,7.771999835968018,7.776000022888184,7.697999954223633,7.708000183105469,3591000,0.0,0.0
2017-09-20 00:00:00-04:00,7.702000141143799,7.728000164031982,7.570000171661377,7.6479997634887695,3537500,0.0,0.0
2017-09-21 00:00:00-04:00,7.6539998054504395,7.9019999504089355,7.605999946594238,7.664000034332275,3985500,0.0,0.0
2017-09-22 00:00:00-04:00,7.631999969482422,7.73199987411499,7.630000114440918,7.668000221252441,3059500,0.0,0.0
2017-09-25 00:00:00-04:00,7.659999847412109,7.673999786376953,7.478000164031982,7.510000228881836,4258000,0.0,0.0
2017-09-26 00:00:00-04:00,7.547999858856201,7.5879998207092285,7.438000202178955,7.492000102996826,4713500,0.0,0.0
2017-09-27 00:00:00-04:00,7.519999980926514,7.5980000495910645,7.515999794006348,7.539999961853027,12989000,0.0,0.0
2017-09-28 00:00:00-04:00,7.51800012588501,7.51800012588501,7.179999828338623,7.182000160217285,15988000,0.0,0.0
2017-09-29 00:00:00-04:00,7.171999931335449,7.239999771118164,7.0879998207092285,7.168000221252441,16533000,0.0,0.0
2017-10-02 00:00:00-04:00,7.182000160217285,7.388000011444092,7.182000160217285,7.269999980926514,11044500,0.0,0.0
2017-10-03 00:00:00-04:00,7.297999858856201,7.394000053405762,7.285999774932861,7.3460001945495605,7594500,0.0,0.0
2017-10-04 00:00:00-04:00,7.349999904632568,7.394000053405762,7.315999984741211,7.374000072479248,4873000,0.0,0.0
2017-10-05 00:00:00-04:00,7.388000011444092,7.665999889373779,7.369999885559082,7.6579999923706055,13491000,0.0,0.0
2017-10-06 00:00:00-04:00,7.636000156402588,7.829999923706055,7.624000072479248,7.806000232696533,9271500,0.0,0.0
2017-10-09 00:00:00-04:00,7.797999858856201,7.840000152587891,7.723999977111816,7.754000186920166,6179500,0.0,0.0
2017-10-10 00:00:00-04:00,7.763999938964844,7.785999774932861,7.677999973297119,7.690000057220459,4329500,0.0,0.0
2017-10-11 00:00:00-04:00,7.684000015258789,7.783999919891357,7.665999889373779,7.736000061035156,3127000,0.0,0.0
2017-10-12 00:00:00-04:00,7.714000225067139,7.751999855041504,7.693999767303467,7.702000141143799,5254000,0.0,0.0
2017-10-13 00:00:00-04:00,7.75,7.8480000495910645,7.730000019073486,7.815999984741211,4684500,0.0,0.0
2017-10-16 00:00:00-04:00,7.823999881744385,7.849999904632568,7.710000038146973,7.788000106811523,4188500,0.0,0.0
2017-10-17 00:00:00-04:00,7.820000171661377,7.932000160217285,7.797999858856201,7.8520002365112305,5606500,0.0,0.0
2017-10-18 00:00:00-04:00,7.998000144958496,8.079999923706055,7.860000133514404,8.057999610900879,11902000,0.0,0.0
2017-10-19 00:00:00-04:00,8.008000373840332,8.043999671936035,7.881999969482422,8.043999671936035,6376500,0.0,0.0
2017-10-20 00:00:00-04:00,8.067999839782715,8.112000465393066,8.020000457763672,8.064000129699707,5734500,0.0,0.0
2017-10-23 00:00:00-04:00,8.0600004196167,8.095999717712402,7.99399995803833,8.034000396728516,4641000,0.0,0.0
2017-10-24 00:00:00-04:00,8.031999588012695,8.07800006866455,7.96999979019165,8.0,5781500,0.0,0.0
2017-10-25 00:00:00-04:00,8.0,8.053999900817871,7.895999908447266,7.940000057220459,4512500,0.0,0.0
2017-10-26 00:00:00-04:00,7.955999851226807,8.053999900817871,7.9019999504089355,8.020000457763672,7654500,0.0,0.0
2017-10-27 00:00:00-04:00,7.453999996185303,8.069999694824219,7.429999828338623,7.748000144958496,25671000,0.0,0.0
2017-10-30 00:00:00-04:00,7.74399995803833,7.940000057220459,7.72599983215332,7.900000095367432,10529500,0.0,0.0
2017-10-31 00:00:00-04:00,7.927999973297119,7.978000164031982,7.860000133514404,7.881999969482422,7215000,0.0,0.0
2017-11-01 00:00:00-04:00,7.883999824523926,7.892000198364258,7.664000034332275,7.754000186920166,11772500,0.0,0.0
2017-11-02 00:00:00-04:00,7.691999912261963,7.806000232696533,7.624000072479248,7.7220001220703125,8098000,0.0,0.0
2017-11-03 00:00:00-04:00,7.702000141143799,7.815999984741211,7.699999809265137,7.802000045776367,6008000,0.0,0.0
2017-11-06 00:00:00-05:00,7.7779998779296875,7.857999801635742,7.723999977111816,7.849999904632568,7716500,0.0,0.0
2017-11-07 00:00:00-05:00,7.889999866485596,7.906000137329102,7.76800012588501,7.817999839782715,7150000,0.0,0.0
2017-11-08 00:00:00-05:00,7.828000068664551,8.020000457763672,7.800000190734863,7.98199987411499,9923500,0.0,0.0
2017-11-09 00:00:00-05:00,7.934000015258789,8.008000373840332,7.826000213623047,7.8979997634887695,7914000,0.0,0.0
2017-11-10 00:00:00-05:00,7.8979997634887695,8.017999649047852,7.843999862670898,7.98799991607666,8012000,0.0,0.0
2017-11-13 00:00:00-05:00,7.9679999351501465,8.076000213623047,7.935999870300293,8.069999694824219,8878000,0.0,0.0
2017-11-14 00:00:00-05:00,7.989999771118164,8.081999778747559,7.886000156402588,8.003999710083008,7195500,0.0,0.0
2017-11-15 00:00:00-05:00,7.926000118255615,8.04800033569336,7.880000114440918,7.980000019073486,7151500,0.0,0.0
2017-11-16 00:00:00-05:00,8.020000457763672,8.145999908447266,7.984000205993652,8.052000045776367,10672000,0.0,0.0
2017-11-17 00:00:00-05:00,8.052000045776367,8.10200023651123,7.995999813079834,8.062000274658203,6519000,0.0,0.0
2017-11-20 00:00:00-05:00,8.081999778747559,8.197999954223633,8.041999816894531,8.154000282287598,6824500,0.0,0.0
2017-11-21 00:00:00-05:00,8.199999809265137,8.303999900817871,8.168000221252441,8.263999938964844,9493000,0.0,0.0
2017-11-22 00:00:00-05:00,8.300000190734863,8.399999618530273,8.265999794006348,8.354000091552734,8206000,0.0,0.0
2017-11-24 00:00:00-05:00,8.368000030517578,8.416000366210938,8.329999923706055,8.381999969482422,2824000,0.0,0.0
2017-11-27 00:00:00-05:00,8.381999969482422,8.447999954223633,8.355999946594238,8.366000175476074,14213000,0.0,0.0
2017-11-28 00:00:00-05:00,8.416000366210938,8.461999893188477,8.326000213623047,8.432000160217285,5519500,0.0,0.0
2017-11-29 00:00:00-05:00,8.42199993133545,8.434000015258789,8.204000473022461,8.288000106811523,5679500,0.0,0.0
2017-11-30 00:00:00-05:00,8.354000091552734,8.435999870300293,8.265999794006348,8.411999702453613,6821500,0.0,0.0
2017-12-01 00:00:00-05:00,8.395999908447266,8.456000328063965,8.239999771118164,8.437999725341797,5935500,0.0,0.0
2017-12-04 00:00:00-05:00,8.484000205993652,8.498000144958496,8.302000045776367,8.307999610900879,6715500,0.0,0.0
2017-12-05 00:00:00-05:00,8.251999855041504,8.394000053405762,8.21399974822998,8.220000267028809,7798500,0.0,0.0
2017-12-06 00:00:00-05:00,8.1899995803833,8.284000396728516,8.100000381469727,8.258000373840332,6296500,0.0,0.0
2017-12-07 00:00:00-05:00,8.276000022888184,8.32800006866455,8.208000183105469,8.284000396728516,7613500,0.0,0.0
2017-12-08 00:00:00-05:00,8.324000358581543,8.406000137329102,8.314000129699707,8.390000343322754,4829500,0.0,0.0
2017-12-11 00:00:00-05:00,8.387999534606934,8.47599983215332,8.359999656677246,8.444000244140625,6013000,0.0,0.0
2017-12-12 00:00:00-05:00,8.305999755859375,8.517999649047852,8.291999816894531,8.435999870300293,6664500,0.0,0.0
2017-12-13 00:00:00-05:00,8.468000411987305,8.616000175476074,8.442000389099121,8.529999732971191,6183000,0.0,0.0
2017-12-14 00:00:00-05:00,8.5600004196167,8.609999656677246,8.51200008392334,8.541999816894531,7475000,0.0,0.0
2017-12-15 00:00:00-05:00,8.567999839782715,8.760000228881836,8.567999839782715,8.727999687194824,14326500,0.0,0.0
2017-12-18 00:00:00-05:00,8.777999877929688,8.9399995803833,8.73799991607666,8.854000091552734,9268500,0.0,0.0
2017-12-19 00:00:00-05:00,8.850000381469727,9.128000259399414,8.817999839782715,9.017999649047852,11030000,0.0,0.0
2017-12-20 00:00:00-05:00,9.100000381469727,9.100000381469727,8.739999771118164,8.973999977111816,8702500,0.0,0.0
2017-12-21 00:00:00-05:00,9.0,9.0,8.781999588012695,8.79800033569336,7797500,0.0,0.0
2017-12-22 00:00:00-05:00,8.8100004196167,8.847999572753906,8.722000122070312,8.784000396728516,7190000,0.0,0.0
2017-12-26 00:00:00-05:00,8.722000122070312,8.862000465393066,8.722000122070312,8.831999778747559,6491000,0.0,0.0
2017-12-27 00:00:00-05:00,8.84000015258789,8.857999801635742,8.784000396728516,8.812000274658203,2848500,0.0,0.0
2017-12-28 00:00:00-05:00,8.817999839782715,8.824000358581543,8.765999794006348,8.802000045776367,6961500,0.0,0.0
2017-12-29 00:00:00-05:00,8.821999549865723,8.838000297546387,8.73799991607666,8.73799991607666,4473000,0.0,0.0
2018-01-02 00:00:00-05:00,8.751999855041504,8.892000198364258,8.711999893188477,8.869999885559082,6443500,0.0,0.0
2018-01-03 00:00:00-05:00,8.859999656677246,9.027999877929688,8.833999633789062,9.005999565124512,7572500,0.0,0.0
2018-01-04 00:00:00-05:00,9.022000312805176,9.045999526977539,8.791999816894531,8.800000190734863,12654500,0.0,0.0
2018-01-05 00:00:00-05:00,8.86400032043457,8.907999992370605,8.784000396728516,8.819999694824219,7152000,0.0,0.0
2018-01-08 00:00:00-05:00,8.857999801635742,9.008000373840332,8.802000045776367,9.0,5955000,0.0,0.0
2018-01-09 00:00:00-05:00,8.937999725341797,8.968000411987305,8.793999671936035,8.86400032043457,6906500,0.0,0.0
2018-01-10 00:00:00-05:00,8.812000274658203,8.843999862670898,8.696000099182129,8.819999694824219,5894500,0.0,0.0
2018-01-11 00:00:00-05:00,8.817999839782715,8.92199993133545,8.779999732971191,8.85200023651123,6355000,0.0,0.0
2018-01-12 00:00:00-05:00,8.887999534606934,9.026000022888184,8.859999656677246,8.98799991607666,7310000,0.0,0.0
2018-01-16 00:00:00-05:00,9.005999565124512,9.157999992370605,8.829999923706055,8.868000030517578,7371000,0.0,0.0
2018-01-17 00:00:00-05:00,8.954000473022461,9.053999900817871,8.928000450134277,9.017999649047852,5543000,0.0,0.0
2018-01-18 00:00:00-05:00,8.97599983215332,9.180000305175781,8.970000267028809,9.142000198364258,9710000,0.0,0.0
2018-01-19 00:00:00-05:00,9.180000305175781,9.28600025177002,9.130000114440918,9.20199966430664,11593500,0.0,0.0
2018-01-22 00:00:00-05:00,9.15999984741211,9.182000160217285,9.041999816894531,9.170000076293945,6751500,0.0,0.0
2018-01-23 00:00:00-05:00,8.857999801635742,9.182000160217285,8.710000038146973,9.149999618530273,13508000,0.0,0.0
2018-01-24 00:00:00-05:00,9.1899995803833,9.246000289916992,9.010000228881836,9.050000190734863,6414000,0.0,0.0
2018-01-25 00:00:00-05:00,9.109999656677246,9.161999702453613,9.02400016784668,9.081999778747559,3783000,0.0,0.0
2018-01-26 00:00:00-05:00,9.022000312805176,9.208000183105469,9.017999649047852,9.17199993133545,6188500,0.0,0.0
2018-01-29 00:00:00-05:00,9.152000427246094,9.248000144958496,9.137999534606934,9.192000389099121,8337000,0.0,0.0
2018-01-30 00:00:00-05:00,9.130000114440918,9.199999809265137,9.12600040435791,9.14799976348877,6633500,0.0,0.0
2018-01-31 00:00:00-05:00,9.07800006866455,9.279999732971191,9.071999549865723,9.208000183105469,7181000,0.0,0.0
2018-02-01 00:00:00-05:00,9.149999618530273,9.253999710083008,9.093999862670898,9.173999786376953,7192500,0.0,0.0
2018-02-02 00:00:00-05:00,9.142000198364258,9.145999908447266,8.968000411987305,8.98799991607666,7533000,0.0,0.0
2018-02-05 00:00:00-05:00,8.854000091552734,9.140000343322754,8.734000205993652,8.765999794006348,14270000,0.0,0.0
2018-02-06 00:00:00-05:00,9.053999900817871,9.399999618530273,8.920000076293945,9.307999610900879,33522000,0.0,0.0
2018-02-07 00:00:00-05:00,9.336000442504883,9.359999656677246,9.100000381469727,9.10200023651123,12831000,0.0,0.0
2018-02-08 00:00:00-05:00,9.100000381469727,9.170000076293945,8.894000053405762,8.899999618530273,18568500,0.0,0.0
2018-02-09 00:00:00-05:00,9.045999526977539,9.37399959564209,8.907999992370605,9.307999610900879,21310500,0.0,0.0
2018-02-12 00:00:00-05:00,9.37399959564209,9.4399995803833,9.277999877929688,9.295999526977539,13406000,0.0,0.0
2018-02-13 00:00:00-05:00,9.28600025177002,9.631999969482422,9.260000228881836,9.62399959564209,12592000,0.0,0.0
2018-02-14 00:00:00-05:00,9.586000442504883,9.70199966430664,9.53600025177002,9.675999641418457,7830000,0.0,0.0
2018-02-15 00:00:00-05:00,9.699999809265137,9.911999702453613,9.640000343322754,9.855999946594238,8677500,0.0,0.0
2018-02-16 00:00:00-05:00,9.805999755859375,9.916000366210938,9.788000106811523,9.789999961853027,6526000,0.0,0.0
2018-02-20 00:00:00-05:00,9.685999870300293,9.923999786376953,9.684000015258789,9.812000274658203,5691000,0.0,0.0
2018-02-21 00:00:00-05:00,9.880000114440918,9.994000434875488,9.821999549865723,9.821999549865723,7984000,0.0,0.0
2018-02-22 00:00:00-05:00,9.850000381469727,9.965999603271484,9.803999900817871,9.84000015258789,8475500,0.0,0.0
2018-02-23 00:00:00-05:00,9.930000305175781,9.98799991607666,9.815999984741211,9.973999977111816,6277500,0.0,0.0
2018-02-26 00:00:00-05:00,9.998000144958496,10.07800006866455,9.958000183105469,10.064000129699707,5533000,0.0,0.0
2018-02-27 00:00:00-05:00,10.083999633789062,10.173999786376953,9.989999771118164,9.989999771118164,4289500,0.0,0.0
2018-02-28 00:00:00-05:00,9.96399974822998,10.199999809265137,9.916000366210938,10.093999862670898,8517000,0.0,0.0
2018-03-01 00:00:00-05:00,10.144000053405762,10.184000015258789,9.854000091552734,9.902000427246094,9498500,0.0,0.0
2018-03-02 00:00:00-05:00,9.878000259399414,10.112000465393066,9.850000381469727,10.092000007629395,9912500,0.0,0.0
2018-03-05 00:00:00-05:00,10.045999526977539,10.246000289916992,9.97599983215332,10.130000114440918,7842000,0.0,0.0
2018-03-06 00:00:00-05:00,10.178000450134277,10.38599967956543,10.093999862670898,10.369999885559082,9749000,0.0,0.0
2018-03-07 00:00:00-05:00,10.265999794006348,10.510000228881836,10.241999626159668,10.494000434875488,8776500,0.0,0.0
2018-03-08 00:00:00-05:00,10.569999694824219,10.826000213623047,10.526000022888184,10.817999839782715,12733000,0.0,0.0
2018-03-09 00:00:00-05:00,10.894000053405762,10.935999870300293,10.791999816894531,10.887999534606934,8948500,0.0,0.0
2018-03-12 00:00:00-04:00,10.887999534606934,10.96399974822998,10.82800006866455,10.935999870300293,6276500,0.0,0.0
2018-03-13 00:00:00-04:00,10.937999725341797,10.989999771118164,10.800000190734863,10.850000381469727,6265000,0.0,0.0
2018-03-14 00:00:00-04:00,10.845999717712402,10.925999641418457,10.779999732971191,10.907999992370605,3752000,0.0,0.0
2018-03-15 00:00:00-04:00,10.923999786376953,10.994000434875488,10.807999610900879,10.836000442504883,4811000,0.0,0.0
2018-03-16 00:00:00-04:00,10.817999839782715,10.946000099182129,10.800000190734863,10.800000190734863,11374500,0.0,0.0
2018-03-19 00:00:00-04:00,10.53600025177002,10.694000244140625,10.444000244140625,10.670000076293945,6928500,0.0,0.0
2018-03-20 00:00:00-04:00,10.644000053405762,10.82800006866455,10.564000129699707,10.755999565124512,3586000,0.0,0.0
2018-03-21 00:00:00-04:00,10.826000213623047,11.03600025177002,10.76200008392334,10.913999557495117,7636500,0.0,0.0
2018-03-22 00:00:00-04:00,10.791999816894531,10.928000450134277,10.699999809265137,10.722000122070312,4548000,0.0,0.0
2018-03-23 00:00:00-04:00,10.715999603271484,10.772000312805176,10.583999633789062,10.59000015258789,6039000,0.0,0.0
2018-03-26 00:00:00-04:00,10.772000312805176,10.920000076293945,10.6899995803833,10.916000366210938,4890500,0.0,0.0
2018-03-27 00:00:00-04:00,11.02400016784668,11.067999839782715,10.593999862670898,10.666000366210938,6692000,0.0,0.0
2018-03-28 00:00:00-04:00,10.666000366210938,10.720000267028809,10.394000053405762,10.456000328063965,10064000,0.0,0.0
2018-03-29 00:00:00-04:00,10.550000190734863,10.753999710083008,10.489999771118164,10.715999603271484,6760500,0.0,0.0
2018-04-02 00:00:00-04:00,10.621999740600586,10.706000328063965,10.406000137329102,10.486000061035156,4772000,0.0,0.0
2018-04-03 00:00:00-04:00,10.545999526977539,10.73799991607666,10.545999526977539,10.685999870300293,7500000,0.0,0.0
2018-04-04 00:00:00-04:00,10.484000205993652,10.895999908447266,10.447999954223633,10.862000465393066,6200500,0.0,0.0
2018-04-05 00:00:00-04:00,10.869999885559082,11.04800033569336,10.838000297546387,10.918000221252441,5035500,0.0,0.0
2018-04-06 00:00:00-04:00,10.845999717712402,10.994000434875488,10.802000045776367,10.866000175476074,6209000,0.0,0.0
2018-04-09 00:00:00-04:00,10.857999801635742,11.092000007629395,10.850000381469727,10.894000053405762,6168000,0.0,0.0
2018-04-10 00:00:00-04:00,11.034000396728516,11.305999755859375,10.9399995803833,11.246000289916992,7281500,0.0,0.0
2018-04-11 00:00:00-04:00,10.935999870300293,11.270000457763672,10.85200023651123,10.965999603271484,11506000,0.0,0.0
2018-04-12 00:00:00-04:00,11.081999778747559,11.291999816894531,11.081999778747559,11.218000411987305,6920500,0.0,0.0
2018-04-13 00:00:00-04:00,11.293999671936035,11.293999671936035,11.105999946594238,11.168000221252441,4083500,0.0,0.0
2018-04-16 00:00:00-04:00,11.289999961853027,11.465999603271484,11.220000267028809,11.35200023651123,5807000,0.0,0.0
2018-04-17 00:00:00-04:00,11.4399995803833,11.557999610900879,11.399999618530273,11.534000396728516,7274000,0.0,0.0
2018-04-18 00:00:00-04:00,11.595999717712402,11.595999717712402,11.47599983215332,11.498000144958496,4222000,0.0,0.0
2018-04-19 00:00:00-04:00,11.449999809265137,11.510000228881836,11.378000259399414,11.482000350952148,3822500,0.0,0.0
2018-04-20 00:00:00-04:00,11.456000328063965,11.531999588012695,11.37399959564209,11.430000305175781,3431000,0.0,0.0
2018-04-23 00:00:00-04:00,11.513999938964844,11.564000129699707,11.336000442504883,11.347999572753906,7771500,0.0,0.0
2018-04-24 00:00:00-04:00,11.5,11.541999816894531,11.104000091552734,11.21399974822998,6745000,0.0,0.0
2018-04-25 00:00:00-04:00,11.157999992370605,11.196000099182129,10.85200023651123,10.960000038146973,12190000,0.0,0.0
2018-04-26 00:00:00-04:00,11.034000396728516,11.194000244140625,10.996000289916992,11.083999633789062,8234500,0.0,0.0
2018-04-27 00:00:00-04:00,11.133999824523926,11.227999687194824,10.977999687194824,10.986000061035156,7503500,0.0,0.0
2018-04-30 00:00:00-04:00,11.03600025177002,11.255999565124512,10.994000434875488,11.071999549865723,7636500,0.0,0.0
2018-05-01 00:00:00-04:00,11.001999855041504,11.168000221252441,10.98799991607666,11.14799976348877,6190500,0.0,0.0
2018-05-02 00:00:00-04:00,11.184000015258789,11.288000106811523,11.128000259399414,11.187999725341797,6737000,0.0,0.0
2018-05-03 00:00:00-04:00,11.112000465393066,11.29800033569336,10.982000350952148,11.222000122070312,13995500,0.0,0.0
2018-05-04 00:00:00-04:00,11.154000282287598,11.220000267028809,10.680000305175781,10.947999954223633,17450000,0.0,0.0
2018-05-07 00:00:00-04:00,11.039999961853027,11.163999557495117,10.95199966430664,11.137999534606934,8016500,0.0,0.0
2018-05-08 00:00:00-04:00,11.076000213623047,11.394000053405762,11.057999610900879,11.387999534606934,10670000,0.0,0.0
2018-05-09 00:00:00-04:00,11.40999984741211,11.814000129699707,11.40999984741211,11.803999900817871,12710000,0.0,0.0
2018-05-10 00:00:00-04:00,11.781999588012695,12.055999755859375,11.767999649047852,12.031999588012695,7323500,0.0,0.0
2018-05-11 00:00:00-04:00,12.03600025177002,12.11400032043457,11.868000030517578,12.076000213623047,8567500,0.0,0.0
2018-05-14 00:00:00-04:00,12.076000213623047,12.161999702453613,11.831999778747559,11.90999984741211,6479000,0.0,0.0
2018-05-15 00:00:00-04:00,11.845999717712402,11.923999786376953,11.656000137329102,11.857999801635742,6401000,0.0,0.0
2018-05-16 00:00:00-04:00,11.887999534606934,11.89799976348877,11.694000244140625,11.722000122070312,6825000,0.0,0.0
2018-05-17 00:00:00-04:00,11.697999954223633,11.755999565124512,11.552000045776367,11.657999992370605,7761000,0.0,0.0
2018-05-18 00:00:00-04:00,11.663999557495117,11.803999900817871,11.642000198364258,11.704000473022461,7560000,0.0,0.0
2018-05-21 00:00:00-04:00,11.850000381469727,11.937999725341797,11.767999649047852,11.86400032043457,10821500,0.0,0.0
2018-05-22 00:00:00-04:00,11.881999969482422,11.942000389099121,11.746000289916992,11.753999710083008,6762500,0.0,0.0
2018-05-23 00:00:00-04:00,11.645999908447266,11.84000015258789,11.619999885559082,11.833999633789062,4842000,0.0,0.0
2018-05-24 00:00:00-04:00,11.86400032043457,12.163999557495117,11.855999946594238,12.128000259399414,12921000,0.0,0.0
2018-05-25 00:00:00-04:00,12.093999862670898,12.128000259399414,11.986000061035156,12.074000358581543,4194500,0.0,0.0
2018-05-29 00:00:00-04:00,12.039999961853027,12.1899995803833,11.961999893188477,11.986000061035156,7375500,0.0,0.0
2018-05-30 00:00:00-04:00,12.069999694824219,12.281999588012695,12.067999839782715,12.236000061035156,6564000,0.0,0.0
2018-05-31 00:00:00-04:00,12.232000350952148,12.425999641418457,12.199999809265137,12.236000061035156,10104500,0.0,0.0
2018-06-01 00:00:00-04:00,12.312000274658203,12.418000221252441,12.303999900817871,12.399999618530273,6277000,0.0,0.0
2018-06-04 00:00:00-04:00,12.496000289916992,12.529999732971191,12.312000274658203,12.494000434875488,5679000,0.0,0.0
2018-06-05 00:00:00-04:00,12.538000106811523,12.654000282287598,12.406000137329102,12.640000343322754,7323500,0.0,0.0
2018-06-06 00:00:00-04:00,12.65999984741211,12.71399974822998,12.550000190734863,12.657999992370605,6903500,0.0,0.0
2018-06-07 00:00:00-04:00,12.678000450134277,12.744000434875488,12.166000366210938,12.300000190734863,8728000,0.0,0.0
2018-06-08 00:00:00-04:00,12.300000190734863,12.534000396728516,12.17199993133545,12.505999565124512,6575500,0.0,0.0
2018-06-11 00:00:00-04:00,12.557999610900879,12.670000076293945,12.508000373840332,12.649999618530273,4543000,0.0,0.0
2018-06-12 00:00:00-04:00,12.666000366210938,12.829999923706055,12.583999633789062,12.821999549865723,6317000,0.0,0.0
2018-06-13 00:00:00-04:00,12.87600040435791,13.034000396728516,12.831999778747559,12.937999725341797,9365000,0.0,0.0
2018-06-14 00:00:00-04:00,13.017999649047852,13.253999710083008,13.017999649047852,13.14799976348877,8393000,0.0,0.0
2018-06-15 00:00:00-04:00,13.180000305175781,13.199999809265137,12.958000183105469,13.055999755859375,13102500,0.0,0.0
2018-06-18 00:00:00-04:00,12.996000289916992,13.263999938964844,12.946000099182129,13.234000205993652,12170000,0.0,0.0
2018-06-19 00:00:00-04:00,12.640000343322754,12.949999809265137,12.5600004196167,12.86400032043457,13469000,0.0,0.0
2018-06-20 00:00:00-04:00,12.869999885559082,13.109999656677246,12.869999885559082,13.015999794006348,6157500,0.0,0.0
2018-06-21 00:00:00-04:00,13.005999565124512,13.092000007629395,12.795999526977539,12.947999954223633,5191500,0.0,0.0
2018-06-22 00:00:00-04:00,12.965999603271484,12.965999603271484,12.656000137329102,12.78600025177002,11521000,0.0,0.0
2018-06-25 00:00:00-04:00,12.694000244140625,12.710000038146973,12.305999755859375,12.423999786376953,11576000,0.0,0.0
2018-06-26 00:00:00-04:00,12.494000434875488,12.657999992370605,12.434000015258789,12.574000358581543,7132000,0.0,0.0
2018-06-27 00:00:00-04:00,12.645999908447266,12.718000411987305,12.343999862670898,12.359999656677246,7116500,0.0,0.0
2018-06-28 00:00:00-04:00,12.312000274658203,12.527999877929688,12.215999603271484,12.489999771118164,4818500,0.0,0.0
2018-06-29 00:00:00-04:00,12.564000129699707,12.687999725341797,12.468000411987305,12.486000061035156,9346500,0.0,0.0
2018-07-02 00:00:00-04:00,12.434000015258789,12.793999671936035,12.380000114440918,12.78600025177002,4696000,0.0,0.0
2018-07-03 00:00:00-04:00,12.824000358581543,12.855999946594238,12.673999786376953,12.718000411987305,2998500,0.0,0.0
2018-07-05 00:00:00-04:00,12.824000358581543,12.880000114440918,12.65999984741211,12.866000175476074,8854500,0.0,0.0
2018-07-06 00:00:00-04:00,12.871999740600586,13.02400016784668,12.815999984741211,12.994000434875488,3594000,0.0,0.0
2018-07-09 00:00:00-04:00,13.057999610900879,13.194000244140625,12.881999969482422,12.954000473022461,5410500,0.0,0.0
2018-07-10 00:00:00-04:00,13.022000312805176,13.168000221252441,13.001999855041504,13.081999778747559,5001000,0.0,0.0
2018-07-11 00:00:00-04:00,13.005999565124512,13.166000366210938,12.958000183105469,13.131999969482422,3700000,0.0,0.0
2018-07-12 00:00:00-04:00,13.1899995803833,13.489999771118164,13.15999984741211,13.446000099182129,3989500,0.0,0.0
2018-07-13 00:00:00-04:00,13.416000366210938,13.460000038146973,13.246000289916992,13.312000274658203,4880500,0.0,0.0
2018-07-16 00:00:00-04:00,13.369999885559082,13.404000282287598,13.222000122070312,13.246000289916992,2719500,0.0,0.0
2018-07-17 00:00:00-04:00,13.199999809265137,13.444000244140625,13.001999855041504,13.387999534606934,6018000,0.0,0.0
2018-07-18 00:00:00-04:00,13.411999702453613,13.4399995803833,13.29800033569336,13.362000465393066,7046000,0.0,0.0
2018-07-19 00:00:00-04:00,13.406000137329102,13.609999656677246,13.368000030517578,13.489999771118164,8022000,0.0,0.0
2018-07-20 00:00:00-04:00,13.272000312805176,13.670000076293945,13.272000312805176,13.595999717712402,5075500,0.0,0.0
2018-07-23 00:00:00-04:00,13.581999778747559,13.661999702453613,13.380000114440918,13.644000053405762,5828500,0.0,0.0
2018-07-24 00:00:00-04:00,13.734000205993652,13.758000373840332,13.229999542236328,13.350000381469727,7223500,0.0,0.0
2018-07-25 00:00:00-04:00,13.378000259399414,13.734000205993652,13.378000259399414,13.685999870300293,5712000,0.0,0.0
2018-07-26 00:00:00-04:00,13.621999740600586,13.765999794006348,13.473999977111816,13.71399974822998,6090500,0.0,0.0
2018-07-27 00:00:00-04:00,13.673999786376953,13.710000038146973,13.005999565124512,13.161999702453613,6343000,0.0,0.0
2018-07-30 00:00:00-04:00,13.116000175476074,13.14799976348877,12.454000473022461,12.555999755859375,11980000,0.0,0.0
2018-07-31 00:00:00-04:00,12.619999885559082,12.748000144958496,12.473999977111816,12.581999778747559,9736000,0.0,0.0
2018-08-01 00:00:00-04:00,12.645999908447266,12.973999977111816,12.618000030517578,12.920000076293945,14783000,0.0,0.0
2018-08-02 00:00:00-04:00,14.100000381469727,14.77400016784668,14.0,14.751999855041504,20620000,0.0,0.0
2018-08-03 00:00:00-04:00,14.79800033569336,15.128000259399414,14.618000030517578,14.72599983215332,13137000,0.0,0.0
2018-08-06 00:00:00-04:00,14.697999954223633,14.85200023651123,14.564000129699707,14.72599983215332,7280500,0.0,0.0
2018-08-07 00:00:00-04:00,14.720000267028809,14.883999824523926,14.595999717712402,14.612000465393066,4659000,0.0,0.0
2018-08-08 00:00:00-04:00,14.605999946594238,14.668000221252441,14.430000305175781,14.609999656677246,6597500,0.0,0.0
2018-08-09 00:00:00-04:00,14.670000076293945,15.027999877929688,14.628000259399414,14.90999984741211,8613000,0.0,0.0
2018-08-10 00:00:00-04:00,14.802000045776367,15.156000137329102,14.770000457763672,15.057999610900879,6264500,0.0,0.0
2018-08-13 00:00:00-04:00,15.0,15.11400032043457,14.847999572753906,14.956000328063965,9093500,0.0,0.0
2018-08-14 00:00:00-04:00,15.057999610900879,15.291999816894531,14.84000015258789,15.270000457763672,4561000,0.0,0.0
2018-08-15 00:00:00-04:00,15.253999710083008,15.390000343322754,15.038000106811523,15.244000434875488,7611000,0.0,0.0
2018-08-16 00:00:00-04:00,15.300000190734863,15.477999687194824,15.27400016784668,15.317999839782715,5723500,0.0,0.0
2018-08-17 00:00:00-04:00,15.300000190734863,15.338000297546387,15.079999923706055,15.300000190734863,4740500,0.0,0.0
2018-08-20 00:00:00-04:00,15.380000114440918,15.473999977111816,15.208000183105469,15.336000442504883,6261000,0.0,0.0
2018-08-21 00:00:00-04:00,15.454000473022461,15.5,15.253999710083008,15.321999549865723,6180500,0.0,0.0
2018-08-22 00:00:00-04:00,15.29800033569336,15.60200023651123,15.29800033569336,15.543999671936035,4141000,0.0,0.0
2018-08-23 00:00:00-04:00,15.5,15.817999839782715,15.5,15.75,5853000,0.0,0.0
2018-08-24 00:00:00-04:00,15.791999816894531,16.139999389648438,15.789999961853027,16.077999114990234,4449500,0.0,0.0
2018-08-27 00:00:00-04:00,16.106000900268555,16.239999771118164,15.95199966430664,16.062000274658203,4756500,0.0,0.0
2018-08-28 00:00:00-04:00,16.128000259399414,16.22599983215332,16.016000747680664,16.18400001525879,4584000,0.0,0.0
2018-08-29 00:00:00-04:00,16.31599998474121,16.61199951171875,16.270000457763672,16.50200080871582,6126500,0.0,0.0
2018-08-30 00:00:00-04:00,16.489999771118164,16.72599983215332,16.420000076293945,16.610000610351562,5623000,0.0,0.0
2018-08-31 00:00:00-04:00,16.573999404907227,16.823999404907227,16.573999404907227,16.75200080871582,8661000,0.0,0.0
2018-09-04 00:00:00-04:00,17.020000457763672,17.23200035095215,16.761999130249023,17.215999603271484,9832500,0.0,0.0
2018-09-05 00:00:00-04:00,17.256000518798828,17.312000274658203,16.312000274658203,16.70400047302246,10462000,0.0,0.0
2018-09-06 00:00:00-04:00,16.757999420166016,17.15399932861328,16.70400047302246,17.0,8817500,0.0,0.0
2018-09-07 00:00:00-04:00,16.88800048828125,17.357999801635742,16.75200080871582,17.104000091552734,5359500,0.0,0.0
2018-09-10 00:00:00-04:00,17.22599983215332,17.597999572753906,17.115999221801758,17.56999969482422,7772000,0.0,0.0
2018-09-11 00:00:00-04:00,17.50200080871582,17.76799964904785,17.399999618530273,17.445999145507812,10715500,0.0,0.0
2018-09-12 00:00:00-04:00,17.468000411987305,17.79400062561035,17.270000457763672,17.746000289916992,8232500,0.0,0.0
2018-09-13 00:00:00-04:00,17.84600067138672,18.100000381469727,17.695999145507812,17.986000061035156,8775000,0.0,0.0
2018-09-14 00:00:00-04:00,18.00200080871582,18.253999710083008,18.00200080871582,18.06999969482422,7647500,0.0,0.0
2018-09-17 00:00:00-04:00,18.062000274658203,18.145999908447266,17.52400016784668,17.634000778198242,7094500,0.0,0.0
2018-09-18 00:00:00-04:00,17.31800079345703,17.88800048828125,17.055999755859375,17.68600082397461,9148000,0.0,0.0
2018-09-19 00:00:00-04:00,17.729999542236328,17.788000106811523,16.913999557495117,17.166000366210938,13020000,0.0,0.0
2018-09-20 00:00:00-04:00,16.799999237060547,17.288000106811523,16.554000854492188,17.142000198364258,13577500,0.0,0.0
2018-09-21 00:00:00-04:00,17.18000030517578,17.43199920654297,17.04199981689453,17.09600067138672,16007000,0.0,0.0
2018-09-24 00:00:00-04:00,17.09600067138672,17.54199981689453,16.832000732421875,17.450000762939453,10490000,0.0,0.0
2018-09-25 00:00:00-04:00,17.649999618530273,17.972000122070312,17.600000381469727,17.902000427246094,11664500,0.0,0.0
2018-09-26 00:00:00-04:00,18.0,18.09600067138672,17.746000289916992,17.90999984741211,9362500,0.0,0.0
2018-09-27 00:00:00-04:00,18.013999938964844,18.450000762939453,18.013999938964844,18.351999282836914,11569500,0.0,0.0
2018-09-28 00:00:00-04:00,18.239999771118164,18.47599983215332,17.95400047302246,18.45400047302246,11345000,0.0,0.0
2018-10-01 00:00:00-04:00,18.600000381469727,18.874000549316406,18.360000610351562,18.45800018310547,9299000,0.0,0.0
2018-10-02 00:00:00-04:00,18.469999313354492,18.493999481201172,18.016000747680664,18.236000061035156,10354500,0.0,0.0
2018-10-03 00:00:00-04:00,18.308000564575195,18.530000686645508,18.20199966430664,18.299999237060547,8188500,0.0,0.0
2018-10-04 00:00:00-04:00,18.290000915527344,18.34000015258789,17.700000762939453,17.857999801635742,8666000,0.0,0.0
2018-10-05 00:00:00-04:00,17.538000106811523,17.625999450683594,16.917999267578125,17.219999313354492,19749000,0.0,0.0
2018-10-08 00:00:00-04:00,17.239999771118164,17.384000778198242,16.365999221801758,16.739999771118164,18986500,0.0,0.0
2018-10-09 00:00:00-04:00,16.610000610351562,16.917999267578125,16.402000427246094,16.511999130249023,15981000,0.0,0.0
2018-10-10 00:00:00-04:00,16.621999740600586,16.68600082397461,15.680000305175781,15.913999557495117,166853000,0.0,0.0
2018-10-11 00:00:00-04:00,15.765999794006348,15.956000328063965,15.347999572753906,15.423999786376953,20363500,0.0,0.0
2018-10-12 00:00:00-04:00,15.928000450134277,16.195999145507812,15.710000038146973,15.989999771118164,18645500,0.0,0.0
2018-10-15 00:00:00-04:00,16.059999465942383,16.257999420166016,15.711999893188477,16.030000686645508,12905000,0.0,0.0
2018-10-16 00:00:00-04:00,16.290000915527344,16.597999572753906,16.134000778198242,16.54199981689453,11188500,0.0,0.0
2018-10-17 00:00:00-04:00,16.601999282836914,16.74799919128418,16.209999084472656,16.332000732421875,13539000,0.0,0.0
2018-10-18 00:00:00-04:00,16.190000534057617,16.50200080871582,16.139999389648438,16.341999053955078,14145500,0.0,0.0
2018-10-19 00:00:00-04:00,16.52199935913086,16.79199981689453,16.22800064086914,16.239999771118164,11393500,0.0,0.0
2018-10-22 00:00:00-04:00,16.299999237060547,16.694000244140625,16.167999267578125,16.58799934387207,10575500,0.0,0.0
2018-10-23 00:00:00-04:00,16.15999984741211,16.75,16.06800079345703,16.68000030517578,10476500,0.0,0.0
2018-10-24 00:00:00-04:00,16.610000610351562,16.790000915527344,15.777999877929688,15.819999694824219,8937000,0.0,0.0
2018-10-25 00:00:00-04:00,15.977999687194824,16.36199951171875,15.845999717712402,16.219999313354492,9034500,0.0,0.0
2018-10-26 00:00:00-04:00,15.770000457763672,15.986000061035156,15.432000160217285,15.637999534606934,9069500,0.0,0.0
2018-10-29 00:00:00-04:00,16.054000854492188,16.197999954223633,15.204000473022461,15.508000373840332,10465500,0.0,0.0
2018-10-30 00:00:00-04:00,15.456000328063965,15.892000198364258,15.378000259399414,15.789999961853027,9917500,0.0,0.0
2018-10-31 00:00:00-04:00,16.211999893188477,16.56800079345703,16.15399932861328,16.43600082397461,10595500,0.0,0.0
2018-11-01 00:00:00-04:00,16.440000534057617,16.799999237060547,15.935999870300293,16.738000869750977,11803000,0.0,0.0
2018-11-02 00:00:00-04:00,16.336000442504883,16.3439998626709,14.307999610900879,14.51200008392334,29632500,0.0,0.0
2018-11-05 00:00:00-05:00,14.60200023651123,15.043999671936035,14.338000297546387,14.973999977111816,14500000,0.0,0.0
2018-11-06 00:00:00-05:00,14.913999557495117,15.128000259399414,14.704000473022461,14.949999809265137,9645000,0.0,0.0
2018-11-07 00:00:00-05:00,15.182000160217285,15.736000061035156,15.12399959564209,15.571999549865723,14676000,0.0,0.0
2018-11-08 00:00:00-05:00,15.612000465393066,15.89799976348877,15.456000328063965,15.581999778747559,11460500,0.0,0.0
2018-11-09 00:00:00-05:00,15.378000259399414,15.444000244140625,14.791999816894531,14.946000099182129,11174500,0.0,0.0
2018-11-12 00:00:00-05:00,14.878000259399414,15.071999549865723,14.529999732971191,14.748000144958496,8576500,0.0,0.0
2018-11-13 00:00:00-05:00,14.763999938964844,15.008000373840332,14.5600004196167,14.696000099182129,6777000,0.0,0.0
2018-11-14 00:00:00-05:00,14.9399995803833,15.086000442504883,14.604000091552734,14.668000221252441,9375000,0.0,0.0
2018-11-15 00:00:00-05:00,14.501999855041504,14.630000114440918,14.319999694824219,14.550000190734863,8675500,0.0,0.0
2018-11-16 00:00:00-05:00,14.47599983215332,14.732000350952148,14.305999755859375,14.6899995803833,11099000,0.0,0.0
2018-11-19 00:00:00-05:00,14.62600040435791,14.670000076293945,13.505999565124512,13.555999755859375,14420500,0.0,0.0
2018-11-20 00:00:00-05:00,13.154000282287598,13.718000411987305,12.930000305175781,13.407999992370605,16924000,0.0,0.0
2018-11-21 00:00:00-05:00,13.527999877929688,13.855999946594238,13.508000373840332,13.708000183105469,17896500,0.0,0.0
2018-11-23 00:00:00-05:00,13.527999877929688,13.803999900817871,13.527999877929688,13.592000007629395,4263500,0.0,0.0
2018-11-26 00:00:00-05:00,13.842000007629395,14.21399974822998,13.72599983215332,14.168000221252441,9080500,0.0,0.0
2018-11-27 00:00:00-05:00,14.118000030517578,14.239999771118164,13.972000122070312,14.140000343322754,9286500,0.0,0.0
2018-11-28 00:00:00-05:00,14.25,14.758000373840332,14.25,14.704000473022461,8112500,0.0,0.0
2018-11-29 00:00:00-05:00,14.61400032043457,14.880000114440918,14.428000450134277,14.779999732971191,7416500,0.0,0.0
2018-11-30 00:00:00-05:00,14.789999961853027,15.013999938964844,14.531999588012695,14.767999649047852,15608000,0.0,0.0
2018-12-03 00:00:00-05:00,15.246000289916992,15.435999870300293,14.871999740600586,15.022000312805176,11311500,0.0,0.0
2018-12-04 00:00:00-05:00,15.095999717712402,15.277999877929688,14.48799991607666,14.675999641418457,11437000,0.0,0.0
2018-12-06 00:00:00-05:00,14.324000358581543,15.093999862670898,14.067999839782715,15.088000297546387,11368500,0.0,0.0
2018-12-07 00:00:00-05:00,14.961999893188477,15.100000381469727,14.23799991607666,14.321999549865723,9216000,0.0,0.0
2018-12-10 00:00:00-05:00,14.407999992370605,14.989999771118164,14.407999992370605,14.9399995803833,7206000,0.0,0.0
2018-12-11 00:00:00-05:00,15.194000244140625,15.255999565124512,14.800000190734863,14.887999534606934,17497000,0.0,0.0
2018-12-12 00:00:00-05:00,15.199999809265137,15.270000457763672,14.925999641418457,15.038000106811523,7198500,0.0,0.0
2018-12-13 00:00:00-05:00,15.187999725341797,15.270000457763672,14.72599983215332,14.902000427246094,5705000,0.0,0.0
2018-12-14 00:00:00-05:00,14.607999801635742,14.906000137329102,14.425999641418457,14.581999778747559,11192000,0.0,0.0
2018-12-17 00:00:00-05:00,14.468000411987305,14.5,13.571999549865723,13.64799976348877,14733000,0.0,0.0
2018-12-18 00:00:00-05:00,13.729999542236328,14.284000396728516,13.729999542236328,14.013999938964844,15791500,0.0,0.0
2018-12-19 00:00:00-05:00,14.144000053405762,14.491999626159668,13.892000198364258,14.003999710083008,12113000,0.0,0.0
2018-12-20 00:00:00-05:00,13.880000114440918,14.144000053405762,13.432000160217285,13.973999977111816,17435000,0.0,0.0
2018-12-21 00:00:00-05:00,14.041999816894531,14.163999557495117,13.020000457763672,13.168000221252441,20716000,0.0,0.0
2018-12-24 00:00:00-05:00,13.0,13.399999618530273,12.881999969482422,13.10200023651123,5471500,0.0,0.0
2018-12-26 00:00:00-05:00,13.206000328063965,13.732000350952148,13.192000389099121,13.71399974822998,13964000,0.0,0.0
2018-12-27 00:00:00-05:00,13.531999588012695,14.081999778747559,13.413999557495117,14.07800006866455,8030000,0.0,0.0
2018-12-28 00:00:00-05:00,14.149999618530273,14.331999778747559,13.829999923706055,14.067999839782715,5408000,0.0,0.0
2018-12-31 00:00:00-05:00,14.21399974822998,14.312000274658203,13.994000434875488,14.086000442504883,5545500,0.0,0.0
2019-01-02 00:00:00-05:00,13.715999603271484,14.13599967956543,13.607999801635742,13.935999870300293,7750000,0.0,0.0
2019-01-03 00:00:00-05:00,13.760000228881836,13.866000175476074,13.392000198364258,13.513999938964844,10292500,0.0,0.0
2019-01-04 00:00:00-05:00,13.157999992370605,13.576000213623047,13.01200008392334,13.381999969482422,21059500,0.0,0.0
2019-01-07 00:00:00-05:00,13.36400032043457,14.10200023651123,13.36400032043457,14.017999649047852,21051500,0.0,0.0
2019-01-08 00:00:00-05:00,14.157999992370605,14.371999740600586,14.062000274658203,14.3100004196167,12045500,0.0,0.0
2019-01-09 00:00:00-05:00,14.399999618530273,14.694000244140625,14.34000015258789,14.616000175476074,8688500,0.0,0.0
2019-01-10 00:00:00-05:00,14.45199966430664,14.654000282287598,14.038000106811523,14.642000198364258,7581500,0.0,0.0
2019-01-11 00:00:00-05:00,14.597999572753906,14.675999641418457,14.449999809265137,14.654000282287598,6497500,0.0,0.0
2019-01-14 00:00:00-05:00,14.52400016784668,14.567999839782715,14.380000114440918,14.45199966430664,5812000,0.0,0.0
2019-01-15 00:00:00-05:00,14.508000373840332,15.057999610900879,14.508000373840332,14.925999641418457,9792500,0.0,0.0
2019-01-16 00:00:00-05:00,14.920000076293945,15.0,14.343999862670898,14.468000411987305,7138500,0.0,0.0
2019-01-17 00:00:00-05:00,14.387999534606934,14.663999557495117,14.321999549865723,14.529999732971191,5422500,0.0,0.0
2019-01-18 00:00:00-05:00,14.472000122070312,14.5,13.972000122070312,14.100000381469727,18154500,0.0,0.0
2019-01-22 00:00:00-05:00,13.800000190734863,14.100000381469727,13.630000114440918,13.970000267028809,17794500,0.0,0.0
2019-01-23 00:00:00-05:00,14.057999610900879,14.53600025177002,13.843999862670898,14.295999526977539,14973000,0.0,0.0
2019-01-24 00:00:00-05:00,14.312000274658203,14.604000091552734,14.293999671936035,14.503999710083008,7827500,0.0,0.0
2019-01-25 00:00:00-05:00,14.628000259399414,14.78600025177002,14.600000381469727,14.718000411987305,7284500,0.0,0.0
2019-01-28 00:00:00-05:00,14.605999946594238,14.831999778747559,14.454000473022461,14.744000434875488,6214000,0.0,0.0
2019-01-29 00:00:00-05:00,14.789999961853027,14.899999618530273,14.555999755859375,14.642000198364258,7452000,0.0,0.0
2019-01-30 00:00:00-05:00,14.784000396728516,15.039999961853027,14.657999992370605,15.031999588012695,8802000,0.0,0.0
2019-01-31 00:00:00-05:00,15.050000190734863,15.513999938964844,15.050000190734863,15.314000129699707,11350500,0.0,0.0
2019-02-01 00:00:00-05:00,15.338000297546387,15.85200023651123,15.338000297546387,15.779999732971191,12447500,0.0,0.0
2019-02-04 00:00:00-05:00,15.906000137329102,16.11199951171875,15.791999816894531,16.027999877929688,13822000,0.0,0.0
2019-02-05 00:00:00-05:00,16.049999237060547,16.45199966430664,16.027999877929688,16.393999099731445,13872500,0.0,0.0
2019-02-06 00:00:00-05:00,16.399999618530273,16.459999084472656,16.007999420166016,16.243999481201172,13943500,0.0,0.0
2019-02-07 00:00:00-05:00,16.200000762939453,16.215999603271484,15.272000312805176,15.871999740600586,24798500,0.0,0.0
2019-02-08 00:00:00-05:00,15.727999687194824,16.327999114990234,15.680000305175781,16.20400047302246,11679000,0.0,0.0
2019-02-11 00:00:00-05:00,16.275999069213867,16.447999954223633,16.163999557495117,16.33799934387207,8930500,0.0,0.0
2019-02-12 00:00:00-05:00,16.43400001525879,16.658000946044922,16.395999908447266,16.625999450683594,10507500,0.0,0.0
2019-02-13 00:00:00-05:00,16.673999786376953,16.743999481201172,16.423999786376953,16.483999252319336,6404000,0.0,0.0
2019-02-14 00:00:00-05:00,16.420000076293945,16.72599983215332,16.38800048828125,16.63800048828125,5721500,0.0,0.0
2019-02-15 00:00:00-05:00,16.670000076293945,16.700000762939453,16.516000747680664,16.621999740600586,6986000,0.0,0.0
2019-02-19 00:00:00-05:00,16.604000091552734,16.851999282836914,16.59600067138672,16.785999298095703,7196500,0.0,0.0
2019-02-20 00:00:00-05:00,16.826000213623047,16.850000381469727,16.58799934387207,16.77400016784668,6357000,0.0,0.0
2019-02-21 00:00:00-05:00,16.738000869750977,16.959999084472656,16.6299991607666,16.898000717163086,7346000,0.0,0.0
2019-02-22 00:00:00-05:00,16.996000289916992,17.365999221801758,16.945999145507812,17.357999801635742,8405500,0.0,0.0
2019-02-25 00:00:00-05:00,17.492000579833984,17.719999313354492,17.3700008392334,17.41200065612793,7774500,0.0,0.0
2019-02-26 00:00:00-05:00,17.351999282836914,17.459999084472656,17.215999603271484,17.395999908447266,5795500,0.0,0.0
2019-02-27 00:00:00-05:00,17.496000289916992,17.67799949645996,17.423999786376953,17.579999923706055,6028000,0.0,0.0
2019-02-28 00:00:00-05:00,17.56599998474121,17.70800018310547,17.333999633789062,17.357999801635742,10333000,0.0,0.0
2019-03-01 00:00:00-05:00,17.48200035095215,17.579999923706055,17.134000778198242,17.38599967956543,7338000,0.0,0.0
2019-03-04 00:00:00-05:00,17.440000534057617,17.474000930786133,16.472000122070312,16.763999938964844,9218500,0.0,0.0
2019-03-05 00:00:00-05:00,16.70199966430664,16.854000091552734,16.639999389648438,16.724000930786133,6015500,0.0,0.0
2019-03-06 00:00:00-05:00,16.746000289916992,16.854000091552734,16.50200080871582,16.579999923706055,6131000,0.0,0.0
2019-03-07 00:00:00-05:00,16.582000732421875,16.781999588012695,16.47800064086914,16.496000289916992,10011000,0.0,0.0
2019-03-08 00:00:00-05:00,16.327999114990234,16.336000442504883,15.932000160217285,16.134000778198242,9240000,0.0,0.0
2019-03-11 00:00:00-04:00,16.261999130249023,16.525999069213867,16.229999542236328,16.511999130249023,7144000,0.0,0.0
2019-03-12 00:00:00-04:00,16.530000686645508,16.600000381469727,16.326000213623047,16.479999542236328,6425500,0.0,0.0
2019-03-13 00:00:00-04:00,16.531999588012695,16.88800048828125,16.531999588012695,16.73200035095215,7133500,0.0,0.0
2019-03-14 00:00:00-04:00,16.724000930786133,16.93199920654297,16.700000762939453,16.875999450683594,5087500,0.0,0.0
2019-03-15 00:00:00-04:00,16.895999908447266,16.93400001525879,16.645999908447266,16.652000427246094,18956500,0.0,0.0
2019-03-18 00:00:00-04:00,16.68199920654297,16.91200065612793,16.59600067138672,16.902000427246094,8351000,0.0,0.0
2019-03-19 00:00:00-04:00,16.989999771118164,17.079999923706055,16.733999252319336,17.06399917602539,9018500,0.0,0.0
2019-03-20 00:00:00-04:00,17.197999954223633,17.389999389648438,16.902000427246094,17.1200008392334,6941000,0.0,0.0
2019-03-21 00:00:00-04:00,17.106000900268555,17.667999267578125,17.091999053955078,17.65999984741211,7601500,0.0,0.0
2019-03-22 00:00:00-04:00,17.600000381469727,17.63599967956543,17.02400016784668,17.038000106811523,6605000,0.0,0.0
2019-03-25 00:00:00-04:00,16.916000366210938,17.115999221801758,16.70199966430664,17.003999710083008,4325000,0.0,0.0
2019-03-26 00:00:00-04:00,17.17799949645996,17.27199935913086,16.9060001373291,16.968000411987305,4902000,0.0,0.0
2019-03-27 00:00:00-04:00,16.95400047302246,16.97800064086914,16.166000366210938,16.365999221801758,9904500,0.0,0.0
2019-03-28 00:00:00-04:00,16.43400001525879,16.591999053955078,16.326000213623047,16.469999313354492,4585500,0.0,0.0
2019-03-29 00:00:00-04:00,16.583999633789062,16.805999755859375,16.45199966430664,16.79400062561035,6697500,0.0,0.0
2019-04-01 00:00:00-04:00,16.917999267578125,17.18600082397461,16.65399932861328,17.04400062561035,6107000,0.0,0.0
2019-04-02 00:00:00-04:00,17.076000213623047,17.18000030517578,16.854000091552734,17.125999450683594,9621500,0.0,0.0
2019-04-03 00:00:00-04:00,17.222000122070312,17.58799934387207,17.215999603271484,17.49799919128418,8164000,0.0,0.0
2019-04-04 00:00:00-04:00,17.562000274658203,17.56999969482422,16.488000869750977,16.700000762939453,16137000,0.0,0.0
2019-04-05 00:00:00-04:00,16.785999298095703,17.010000228881836,16.694000244140625,16.82200050354004,5693000,0.0,0.0
2019-04-08 00:00:00-04:00,16.81800079345703,17.3700008392334,16.66200065612793,17.215999603271484,8111000,0.0,0.0
2019-04-09 00:00:00-04:00,17.0939998626709,17.488000869750977,17.06800079345703,17.461999893188477,9002500,0.0,0.0
2019-04-10 00:00:00-04:00,17.520000457763672,17.993999481201172,17.47599983215332,17.923999786376953,13900500,0.0,0.0
2019-04-11 00:00:00-04:00,18.0,18.173999786376953,17.804000854492188,17.93600082397461,10151000,0.0,0.0
2019-04-12 00:00:00-04:00,18.059999465942383,18.582000732421875,18.003999710083008,18.54199981689453,12526500,0.0,0.0
2019-04-15 00:00:00-04:00,18.56999969482422,19.118000030517578,18.559999465942383,19.04400062561035,12616000,0.0,0.0
2019-04-16 00:00:00-04:00,19.190000534057617,19.392000198364258,18.687999725341797,18.809999465942383,10922000,0.0,0.0
2019-04-17 00:00:00-04:00,18.874000549316406,18.992000579833984,18.312000274658203,18.474000930786133,8888000,0.0,0.0
2019-04-18 00:00:00-04:00,17.972000122070312,18.224000930786133,17.642000198364258,18.215999603271484,11044500,0.0,0.0
2019-04-22 00:00:00-04:00,18.167999267578125,18.38800048828125,18.121999740600586,18.31399917602539,6222500,0.0,0.0
2019-04-23 00:00:00-04:00,18.360000610351562,18.426000595092773,18.055999755859375,18.398000717163086,8966000,0.0,0.0
2019-04-24 00:00:00-04:00,18.489999771118164,18.642000198364258,18.408000946044922,18.45199966430664,6925000,0.0,0.0
2019-04-25 00:00:00-04:00,18.56399917602539,18.676000595092773,18.270000457763672,18.579999923706055,7056000,0.0,0.0
2019-04-26 00:00:00-04:00,18.600000381469727,18.67799949645996,18.280000686645508,18.604000091552734,5955500,0.0,0.0
2019-04-29 00:00:00-04:00,18.700000762939453,18.83799934387207,18.549999237060547,18.606000900268555,6573000,0.0,0.0
2019-04-30 00:00:00-04:00,18.604000091552734,18.75200080871582,18.520000457763672,18.68400001525879,6330500,0.0,0.0
2019-05-01 00:00:00-04:00,18.72800064086914,18.72800064086914,18.357999801635742,18.378000259399414,7588000,0.0,0.0
2019-05-02 00:00:00-04:00,18.36400032043457,18.52400016784668,18.097999572753906,18.302000045776367,10797000,0.0,0.0
2019-05-03 00:00:00-04:00,17.209999084472656,17.336000442504883,16.559999465942383,17.191999435424805,21916000,0.0,0.0
2019-05-06 00:00:00-04:00,16.729999542236328,17.040000915527344,16.56999969482422,17.00200080871582,11781000,0.0,0.0
2019-05-07 00:00:00-04:00,16.799999237060547,16.829999923706055,16.145999908447266,16.356000900268555,15485000,0.0,0.0
2019-05-08 00:00:00-04:00,16.31800079345703,16.444000244140625,16.17799949645996,16.329999923706055,7461000,0.0,0.0
2019-05-09 00:00:00-04:00,16.049999237060547,16.45199966430664,15.949999809265137,16.36199951171875,7243500,0.0,0.0
2019-05-10 00:00:00-04:00,16.25200080871582,16.643999099731445,16.06800079345703,16.579999923706055,8692500,0.0,0.0
2019-05-13 00:00:00-04:00,16.149999618530273,16.351999282836914,15.883999824523926,15.89799976348877,9609000,0.0,0.0
2019-05-14 00:00:00-04:00,16.003999710083008,16.332000732421875,16.0,16.239999771118164,6942500,0.0,0.0
2019-05-15 00:00:00-04:00,16.15399932861328,16.450000762939453,16.100000381469727,16.209999084472656,5569500,0.0,0.0
2019-05-16 00:00:00-04:00,16.222000122070312,16.715999603271484,16.222000122070312,16.648000717163086,6355500,0.0,0.0
2019-05-17 00:00:00-04:00,16.472000122070312,16.81399917602539,16.356000900268555,16.52400016784668,6369500,0.0,0.0
2019-05-20 00:00:00-04:00,16.323999404907227,16.41200065612793,16.13800048828125,16.270000457763672,4413000,0.0,0.0
2019-05-21 00:00:00-04:00,16.488000869750977,16.5939998626709,16.389999389648438,16.511999130249023,4576500,0.0,0.0
2019-05-22 00:00:00-04:00,16.393999099731445,16.52400016784668,16.305999755859375,16.392000198364258,3689500,0.0,0.0
2019-05-23 00:00:00-04:00,16.1299991607666,16.143999099731445,15.343999862670898,15.498000144958496,13601000,0.0,0.0
2019-05-24 00:00:00-04:00,15.640000343322754,15.779999732971191,15.45199966430664,15.54800033569336,7613500,0.0,0.0
2019-05-28 00:00:00-04:00,15.574000358581543,15.859999656677246,15.407999992370605,15.447999954223633,8801500,0.0,0.0
2019-05-29 00:00:00-04:00,15.321999549865723,15.47599983215332,15.010000228881836,15.163999557495117,8648500,0.0,0.0
2019-05-30 00:00:00-04:00,15.15999984741211,15.28600025177002,15.022000312805176,15.210000038146973,7093000,0.0,0.0
2019-05-31 00:00:00-04:00,15.0,15.050000190734863,14.447999954223633,14.496000289916992,12717500,0.0,0.0
2019-06-03 00:00:00-04:00,14.46399974822998,14.569999694824219,13.77400016784668,13.930000305175781,13167500,0.0,0.0
2019-06-04 00:00:00-04:00,14.142000198364258,14.5,14.07800006866455,14.494000434875488,8477000,0.0,0.0
2019-06-05 00:00:00-04:00,14.696000099182129,14.75,14.319999694824219,14.630000114440918,6780000,0.0,0.0
2019-06-06 00:00:00-04:00,14.694000244140625,14.781999588012695,14.486000061035156,14.718000411987305,5963500,0.0,0.0
2019-06-07 00:00:00-04:00,14.75,14.92199993133545,14.697999954223633,14.763999938964844,5964000,0.0,0.0
2019-06-10 00:00:00-04:00,14.881999969482422,15.128000259399414,14.869999885559082,14.935999870300293,6743000,0.0,0.0
2019-06-11 00:00:00-04:00,15.03600025177002,15.232000350952148,14.9399995803833,15.196000099182129,10611000,0.0,0.0
2019-06-12 00:00:00-04:00,15.104000091552734,15.413999557495117,15.043999671936035,15.39799976348877,7035000,0.0,0.0
2019-06-13 00:00:00-04:00,15.449999809265137,15.46399974822998,15.222000122070312,15.321999549865723,6168000,0.0,0.0
2019-06-14 00:00:00-04:00,15.305999755859375,15.425999641418457,15.137999534606934,15.142000198364258,6107000,0.0,0.0
2019-06-17 00:00:00-04:00,15.107999801635742,15.338000297546387,14.887999534606934,14.906000137329102,5729500,0.0,0.0
2019-06-18 00:00:00-04:00,15.14799976348877,15.154000282287598,14.930000305175781,14.989999771118164,5840500,0.0,0.0
2019-06-19 00:00:00-04:00,15.064000129699707,15.425999641418457,14.899999618530273,15.392000198364258,5841000,0.0,0.0
2019-06-20 00:00:00-04:00,15.574000358581543,15.86400032043457,15.279999732971191,15.387999534606934,7947000,0.0,0.0
2019-06-21 00:00:00-04:00,15.38599967956543,15.477999687194824,14.996000289916992,15.22599983215332,13655500,0.0,0.0
2019-06-24 00:00:00-04:00,15.807999610900879,15.838000297546387,15.137999534606934,15.168000221252441,8427500,0.0,0.0
2019-06-25 00:00:00-04:00,15.220000267028809,15.295999526977539,14.934000015258789,14.973999977111816,7626500,0.0,0.0
2019-06-26 00:00:00-04:00,15.03600025177002,15.255999565124512,14.96399974822998,15.050000190734863,7058000,0.0,0.0
2019-06-27 00:00:00-04:00,15.157999992370605,15.42199993133545,14.973999977111816,15.350000381469727,4634500,0.0,0.0
2019-06-28 00:00:00-04:00,15.418000221252441,15.52400016784668,15.20199966430664,15.366000175476074,10282000,0.0,0.0
2019-07-01 00:00:00-04:00,15.621999740600586,15.72599983215332,15.37600040435791,15.437999725341797,6317000,0.0,0.0
2019-07-02 00:00:00-04:00,15.48799991607666,15.6899995803833,15.4399995803833,15.621999740600586,5835500,0.0,0.0
2019-07-03 00:00:00-04:00,15.696000099182129,15.890000343322754,15.607999801635742,15.767999649047852,5445500,0.0,0.0
2019-07-05 00:00:00-04:00,15.678000450134277,15.788000106811523,15.437999725341797,15.777999877929688,3176000,0.0,0.0
2019-07-08 00:00:00-04:00,15.593999862670898,15.895999908447266,15.574000358581543,15.710000038146973,4753500,0.0,0.0
2019-07-09 00:00:00-04:00,15.6899995803833,16.139999389648438,15.60200023651123,16.110000610351562,8592000,0.0,0.0
2019-07-10 00:00:00-04:00,16.195999145507812,16.29199981689453,16.082000732421875,16.209999084472656,8551000,0.0,0.0
2019-07-11 00:00:00-04:00,16.31800079345703,16.84000015258789,16.236000061035156,16.812000274658203,11708500,0.0,0.0
2019-07-12 00:00:00-04:00,16.860000610351562,16.95199966430664,16.606000900268555,16.941999435424805,8756000,0.0,0.0
2019-07-15 00:00:00-04:00,16.988000869750977,17.04599952697754,16.72800064086914,17.003999710083008,9098500,0.0,0.0
2019-07-16 00:00:00-04:00,17.003999710083008,17.128000259399414,16.790000915527344,16.95400047302246,6077500,0.0,0.0
2019-07-17 00:00:00-04:00,16.93600082397461,17.365999221801758,16.892000198364258,17.309999465942383,6460500,0.0,0.0
2019-07-18 00:00:00-04:00,17.20400047302246,17.34600067138672,17.077999114990234,17.290000915527344,6332500,0.0,0.0
2019-07-19 00:00:00-04:00,17.41200065612793,17.729999542236328,17.393999099731445,17.472000122070312,8843500,0.0,0.0
2019-07-22 00:00:00-04:00,17.511999130249023,17.6299991607666,17.374000549316406,17.510000228881836,4343000,0.0,0.0
2019-07-23 00:00:00-04:00,17.658000946044922,17.663999557495117,17.263999938964844,17.52199935913086,5121000,0.0,0.0
2019-07-24 00:00:00-04:00,17.42799949645996,17.447999954223633,17.23200035095215,17.31599998474121,8035500,0.0,0.0
2019-07-25 00:00:00-04:00,17.20800018310547,17.332000732421875,17.01799964904785,17.06800079345703,5062000,0.0,0.0
2019-07-26 00:00:00-04:00,17.163999557495117,17.238000869750977,17.052000045776367,17.07200050354004,5169500,0.0,0.0
2019-07-29 00:00:00-04:00,17.06800079345703,17.06800079345703,16.242000579833984,16.591999053955078,9623500,0.0,0.0
2019-07-30 00:00:00-04:00,16.426000595092773,16.672000885009766,16.420000076293945,16.488000869750977,5744000,0.0,0.0
2019-07-31 00:00:00-04:00,16.486000061035156,16.510000228881836,15.87600040435791,16.062000274658203,8791000,0.0,0.0
2019-08-01 00:00:00-04:00,16.08799934387207,16.281999588012695,15.770000457763672,15.803999900817871,9131000,0.0,0.0
2019-08-02 00:00:00-04:00,17.600000381469727,18.558000564575195,17.17799949645996,17.209999084472656,28300500,0.0,0.0
2019-08-05 00:00:00-04:00,16.673999786376953,16.676000595092773,15.765999794006348,16.172000885009766,14763000,0.0,0.0
2019-08-06 00:00:00-04:00,16.29199981689453,16.49799919128418,16.107999801635742,16.41200065612793,9881000,0.0,0.0
2019-08-07 00:00:00-04:00,16.097999572753906,16.36199951171875,15.8100004196167,16.29199981689453,9951000,0.0,0.0
2019-08-08 00:00:00-04:00,16.420000076293945,16.93199920654297,16.420000076293945,16.874000549316406,8510000,0.0,0.0
2019-08-09 00:00:00-04:00,16.850000381469727,17.059999465942383,16.615999221801758,16.70599937438965,7749500,0.0,0.0
2019-08-12 00:00:00-04:00,16.600000381469727,16.676000595092773,16.284000396728516,16.437999725341797,6133500,0.0,0.0
2019-08-13 00:00:00-04:00,16.308000564575195,16.889999389648438,16.29199981689453,16.781999588012695,8284000,0.0,0.0
2019-08-14 00:00:00-04:00,16.440000534057617,16.5,15.826000213623047,16.142000198364258,7817500,0.0,0.0
2019-08-15 00:00:00-04:00,16.15999984741211,16.332000732421875,15.958000183105469,16.020000457763672,7634000,0.0,0.0
2019-08-16 00:00:00-04:00,16.167999267578125,16.398000717163086,16.07200050354004,16.131999969482422,5360500,0.0,0.0
2019-08-19 00:00:00-04:00,16.38800048828125,16.42799949645996,16.215999603271484,16.23200035095215,3918500,0.0,0.0
2019-08-20 00:00:00-04:00,16.143999099731445,16.222000122070312,15.892000198364258,15.934000015258789,5335500,0.0,0.0
2019-08-21 00:00:00-04:00,16.134000778198242,16.507999420166016,15.84000015258789,16.393999099731445,6676000,0.0,0.0
2019-08-22 00:00:00-04:00,16.399999618530273,16.469999313354492,16.18000030517578,16.350000381469727,3754500,0.0,0.0
2019-08-23 00:00:00-04:00,16.350000381469727,16.56999969482422,16.010000228881836,16.06999969482422,8224000,0.0,0.0
2019-08-26 00:00:00-04:00,16.166000366210938,16.308000564575195,16.100000381469727,16.22599983215332,6649500,0.0,0.0
2019-08-27 00:00:00-04:00,16.304000854492188,16.365999221801758,16.079999923706055,16.172000885009766,6815000,0.0,0.0
2019-08-28 00:00:00-04:00,16.016000747680664,16.115999221801758,15.42199993133545,15.569999694824219,10252000,0.0,0.0
2019-08-29 00:00:00-04:00,15.78600025177002,15.838000297546387,15.434000015258789,15.593999862670898,9107000,0.0,0.0
2019-08-30 00:00:00-04:00,15.718000411987305,15.947999954223633,15.649999618530273,15.836000442504883,6294000,0.0,0.0
2019-09-03 00:00:00-04:00,15.70199966430664,15.859999656677246,15.465999603271484,15.605999946594238,6383000,0.0,0.0
2019-09-04 00:00:00-04:00,15.847999572753906,15.878000259399414,15.534000396728516,15.644000053405762,5613500,0.0,0.0
2019-09-05 00:00:00-04:00,15.913999557495117,16.121999740600586,15.76200008392334,16.077999114990234,7786500,0.0,0.0
2019-09-06 00:00:00-04:00,16.100000381469727,16.281999588012695,15.968000411987305,16.020000457763672,4901500,0.0,0.0
2019-09-09 00:00:00-04:00,16.118000030517578,16.20599937438965,15.652000427246094,15.802000045776367,6825000,0.0,0.0
2019-09-10 00:00:00-04:00,15.666000366210938,15.90999984741211,15.472000122070312,15.842000007629395,5434000,0.0,0.0
2019-09-11 00:00:00-04:00,15.956000328063965,16.176000595092773,15.765999794006348,15.970000267028809,5696000,0.0,0.0
2019-09-12 00:00:00-04:00,16.013999938964844,16.134000778198242,15.652000427246094,15.673999786376953,7292500,0.0,0.0
2019-09-13 00:00:00-04:00,15.739999771118164,15.84000015258789,15.553999900817871,15.621999740600586,5079000,0.0,0.0
2019-09-16 00:00:00-04:00,15.486000061035156,15.979999542236328,15.368000030517578,15.934000015258789,4845000,0.0,0.0
2019-09-17 00:00:00-04:00,15.979999542236328,16.049999237060547,15.720000267028809,15.890000343322754,5876000,0.0,0.0
2019-09-18 00:00:00-04:00,15.859999656677246,15.87399959564209,15.552000045776367,15.77400016784668,4288500,0.0,0.0
2019-09-19 00:00:00-04:00,15.800000190734863,15.920000076293945,15.57800006866455,15.684000015258789,5466000,0.0,0.0
2019-09-20 00:00:00-04:00,15.850000381469727,16.040000915527344,15.618000030517578,15.645999908447266,10534000,0.0,0.0
2019-09-23 00:00:00-04:00,15.649999618530273,15.996000289916992,15.609999656677246,15.85200023651123,5883000,0.0,0.0
2019-09-24 00:00:00-04:00,15.986000061035156,15.989999771118164,15.631999969482422,15.855999946594238,6742000,0.0,0.0
2019-09-25 00:00:00-04:00,15.802000045776367,15.920000076293945,15.468000411987305,15.857999801635742,5057500,0.0,0.0
2019-09-26 00:00:00-04:00,15.821999549865723,15.930000305175781,15.70199966430664,15.772000312805176,3878500,0.0,0.0
2019-09-27 00:00:00-04:00,15.826000213623047,15.883999824523926,15.17199993133545,15.244000434875488,5528000,0.0,0.0
2019-09-30 00:00:00-04:00,15.244000434875488,15.456000328063965,15.112000465393066,15.35200023651123,6157500,0.0,0.0
2019-10-01 00:00:00-04:00,15.515999794006348,15.618000030517578,15.357999801635742,15.40999984741211,4047000,0.0,0.0
2019-10-02 00:00:00-04:00,15.279999732971191,15.279999732971191,14.90999984741211,15.130000114440918,5289000,0.0,0.0
2019-10-03 00:00:00-04:00,15.116000175476074,15.562000274658203,15.088000297546387,15.473999977111816,6300000,0.0,0.0
2019-10-04 00:00:00-04:00,15.581999778747559,15.637999534606934,15.350000381469727,15.498000144958496,4285000,0.0,0.0
2019-10-07 00:00:00-04:00,15.498000144958496,15.67199993133545,15.399999618530273,15.562000274658203,6375000,0.0,0.0
2019-10-08 00:00:00-04:00,15.395999908447266,15.479999542236328,15.026000022888184,15.265999794006348,5060000,0.0,0.0
2019-10-09 00:00:00-04:00,15.446000099182129,15.697999954223633,15.359999656677246,15.57800006866455,4587500,0.0,0.0
2019-10-10 00:00:00-04:00,15.430000305175781,15.612000465393066,15.314000129699707,15.520000457763672,4405500,0.0,0.0
2019-10-11 00:00:00-04:00,15.649999618530273,16.0,15.631999969482422,15.831999778747559,6035500,0.0,0.0
2019-10-14 00:00:00-04:00,15.850000381469727,15.942000389099121,15.781999588012695,15.862000465393066,5512500,0.0,0.0
2019-10-15 00:00:00-04:00,15.958000183105469,15.991999626159668,15.72599983215332,15.736000061035156,4386000,0.0,0.0
2019-10-16 00:00:00-04:00,15.432000160217285,15.621999740600586,15.140000343322754,15.553999900817871,6352500,0.0,0.0
2019-10-17 00:00:00-04:00,15.574000358581543,15.817999839782715,15.513999938964844,15.781999588012695,3979500,0.0,0.0
2019-10-18 00:00:00-04:00,15.753999710083008,15.758000373840332,15.15999984741211,15.312000274658203,6813500,0.0,0.0
2019-10-21 00:00:00-04:00,15.399999618530273,15.437999725341797,15.206000328063965,15.255999565124512,4282500,0.0,0.0
2019-10-22 00:00:00-04:00,15.291999816894531,15.640000343322754,15.265999794006348,15.407999992370605,3796500,0.0,0.0
2019-10-23 00:00:00-04:00,15.32800006866455,15.732000350952148,15.239999771118164,15.612000465393066,5931000,0.0,0.0
2019-10-24 00:00:00-04:00,15.77400016784668,16.20800018310547,15.739999771118164,16.191999435424805,7086000,0.0,0.0
2019-10-25 00:00:00-04:00,16.1299991607666,16.1299991607666,15.87399959564209,16.09600067138672,5198000,0.0,0.0
2019-10-28 00:00:00-04:00,16.143999099731445,16.29199981689453,16.007999420166016,16.062000274658203,4466500,0.0,0.0
2019-10-29 00:00:00-04:00,16.04800033569336,16.25200080871582,15.90999984741211,16.149999618530273,4465500,0.0,0.0
2019-10-30 00:00:00-04:00,16.20800018310547,16.535999298095703,16.08799934387207,16.52400016784668,4383500,0.0,0.0
2019-10-31 00:00:00-04:00,16.441999435424805,16.694000244140625,16.18600082397461,16.312000274658203,15445000,0.0,0.0
2019-11-01 00:00:00-04:00,17.73200035095215,18.3799991607666,17.450000762939453,18.025999069213867,21634500,0.0,0.0
2019-11-04 00:00:00-05:00,18.149999618530273,18.54800033569336,18.100000381469727,18.378000259399414,10547500,0.0,0.0
2019-11-05 00:00:00-05:00,18.29800033569336,18.513999938964844,18.20400047302246,18.327999114990234,10033000,0.0,0.0
2019-11-06 00:00:00-05:00,18.327999114990234,18.715999603271484,18.149999618530273,18.621999740600586,9775500,0.0,0.0
2019-11-07 00:00:00-05:00,18.724000930786133,18.989999771118164,18.444000244140625,18.833999633789062,8661500,0.0,0.0
2019-11-08 00:00:00-05:00,18.884000778198242,19.31800079345703,18.82200050354004,19.246000289916992,9071000,0.0,0.0
2019-11-11 00:00:00-05:00,19.104000091552734,19.642000198364258,19.04400062561035,19.190000534057617,9937000,0.0,0.0
2019-11-12 00:00:00-05:00,19.41200065612793,20.016000747680664,19.354000091552734,19.99799919128418,12256000,0.0,0.0
2019-11-13 00:00:00-05:00,19.8439998626709,20.06599998474121,19.753999710083008,19.93400001525879,5280500,0.0,0.0
2019-11-14 00:00:00-05:00,19.865999221801758,20.170000076293945,19.81599998474121,20.02400016784668,5579000,0.0,0.0
2019-11-15 00:00:00-05:00,20.263999938964844,20.327999114990234,19.964000701904297,20.308000564575195,6584000,0.0,0.0
2019-11-18 00:00:00-05:00,20.209999084472656,20.8700008392334,20.1299991607666,20.76799964904785,9753000,0.0,0.0
2019-11-19 00:00:00-05:00,20.88599967956543,21.104000091552734,20.808000564575195,21.013999938964844,6828000,0.0,0.0
2019-11-20 00:00:00-05:00,20.989999771118164,21.200000762939453,20.416000366210938,20.489999771118164,10456000,0.0,0.0
2019-11-21 00:00:00-05:00,20.54400062561035,20.70400047302246,20.472000122070312,20.604000091552734,6671000,0.0,0.0
2019-11-22 00:00:00-05:00,20.672000885009766,20.865999221801758,20.582000732421875,20.761999130249023,7502000,0.0,0.0
2019-11-25 00:00:00-05:00,20.857999801635742,21.06399917602539,20.790000915527344,21.027999877929688,5101500,0.0,0.0
2019-11-26 00:00:00-05:00,20.81800079345703,21.076000213623047,20.804000854492188,20.874000549316406,8823000,0.0,0.0
2019-11-27 00:00:00-05:00,20.989999771118164,21.054000854492188,20.785999298095703,21.04599952697754,3253500,0.0,0.0
2019-11-29 00:00:00-05:00,20.972000122070312,21.100000381469727,20.881999969482422,21.02199935913086,2433000,0.0,0.0
2019-12-02 00:00:00-05:00,21.04400062561035,21.08799934387207,20.468000411987305,20.784000396728516,5967500,0.0,0.0
2019-12-03 00:00:00-05:00,20.389999389648438,20.812000274658203,19.95599937438965,20.760000228881836,8999000,0.0,0.0
2019-12-04 00:00:00-05:00,20.81800079345703,20.899999618530273,20.658000946044922,20.714000701904297,5535500,0.0,0.0
2019-12-05 00:00:00-05:00,20.733999252319336,20.993999481201172,20.610000610351562,20.98200035095215,6971500,0.0,0.0
2019-12-06 00:00:00-05:00,21.0939998626709,21.131999969482422,20.66200065612793,20.718000411987305,5175500,0.0,0.0
2019-12-09 00:00:00-05:00,20.70599937438965,20.91200065612793,20.61400032043457,20.770000457763672,4200000,0.0,0.0
2019-12-10 00:00:00-05:00,20.84000015258789,20.947999954223633,20.672000885009766,20.709999084472656,4088500,0.0,0.0
2019-12-11 00:00:00-05:00,20.757999420166016,20.874000549316406,20.639999389648438,20.827999114990234,3458000,0.0,0.0
2019-12-12 00:00:00-05:00,20.841999053955078,21.003999710083008,20.649999618530273,20.8799991607666,3606000,0.0,0.0
2019-12-13 00:00:00-05:00,20.86400032043457,21.329999923706055,20.802000045776367,21.128000259399414,5868000,0.0,0.0
2019-12-16 00:00:00-05:00,21.299999237060547,21.554000854492188,21.266000747680664,21.447999954223633,5788500,0.0,0.0
2019-12-17 00:00:00-05:00,21.45199966430664,21.493999481201172,21.007999420166016,21.270000457763672,8442500,0.0,0.0
2019-12-18 00:00:00-05:00,21.280000686645508,21.70800018310547,21.229999542236328,21.600000381469727,7347000,0.0,0.0
2019-12-19 00:00:00-05:00,21.600000381469727,21.95800018310547,21.555999755859375,21.9060001373291,6580500,0.0,0.0
2019-12-20 00:00:00-05:00,22.055999755859375,22.055999755859375,21.371999740600586,21.384000778198242,11211500,0.0,0.0
2019-12-23 00:00:00-05:00,21.461999893188477,21.658000946044922,21.420000076293945,21.56399917602539,5817500,0.0,0.0
2019-12-24 00:00:00-05:00,21.577999114990234,21.66200065612793,21.531999588012695,21.555999755859375,1553000,0.0,0.0
2019-12-26 00:00:00-05:00,21.525999069213867,21.889999389648438,21.525999069213867,21.648000717163086,2065000,0.0,0.0
2019-12-27 00:00:00-05:00,21.72599983215332,21.739999771118164,21.416000366210938,21.489999771118164,3641500,0.0,0.0
2019-12-30 00:00:00-05:00,21.489999771118164,21.577999114990234,21.04400062561035,21.389999389648438,2974500,0.0,0.0
2019-12-31 00:00:00-05:00,21.31599998474121,21.530000686645508,21.257999420166016,21.351999282836914,3648500,0.0,0.0
2020-01-02 00:00:00-05:00,21.520000457763672,22.058000564575195,21.47599983215332,21.93600082397461,5541000,0.0,0.0
2020-01-03 00:00:00-05:00,21.68400001525879,22.305999755859375,21.6200008392334,22.242000579833984,6641000,0.0,0.0
2020-01-06 00:00:00-05:00,22.121999740600586,22.472000122070312,21.9060001373291,22.399999618530273,7369000,0.0,0.0
2020-01-07 00:00:00-05:00,22.465999603271484,22.50200080871582,22.214000701904297,22.378000259399414,3796500,0.0,0.0
2020-01-08 00:00:00-05:00,22.389999389648438,22.8799991607666,22.360000610351562,22.733999252319336,6953000,0.0,0.0
2020-01-09 00:00:00-05:00,23.00200080871582,23.1560001373291,22.687999725341797,22.895999908447266,5476500,0.0,0.0
2020-01-10 00:00:00-05:00,22.969999313354492,23.059999465942383,22.77199935913086,22.86400032043457,3483000,0.0,0.0
2020-01-13 00:00:00-05:00,23.239999771118164,23.350000381469727,22.968000411987305,23.33799934387207,4216500,0.0,0.0
2020-01-14 00:00:00-05:00,23.503999710083008,23.534000396728516,23.263999938964844,23.3439998626709,3981000,0.0,0.0
2020-01-15 00:00:00-05:00,23.392000198364258,23.54800033569336,23.32200050354004,23.40999984741211,4255000,0.0,0.0
2020-01-16 00:00:00-05:00,23.479999542236328,23.84600067138672,23.417999267578125,23.81800079345703,4330500,0.0,0.0
2020-01-17 00:00:00-05:00,23.86199951171875,23.899999618530273,23.392000198364258,23.49799919128418,5606000,0.0,0.0
2020-01-21 00:00:00-05:00,23.554000854492188,23.66200065612793,23.399999618530273,23.527999877929688,4292000,0.0,0.0
2020-01-22 00:00:00-05:00,24.0,24.08799934387207,23.540000915527344,23.558000564575195,4996000,0.0,0.0
2020-01-23 00:00:00-05:00,23.549999237060547,23.90999984741211,23.447999954223633,23.81399917602539,7328000,0.0,0.0
2020-01-24 00:00:00-05:00,23.902000427246094,24.055999755859375,23.472000122070312,23.597999572753906,5451000,0.0,0.0
2020-01-27 00:00:00-05:00,22.97599983215332,23.15999984741211,22.41200065612793,22.88599967956543,6219500,0.0,0.0
2020-01-28 00:00:00-05:00,23.0,23.54400062561035,22.989999771118164,23.507999420166016,5360500,0.0,0.0
2020-01-29 00:00:00-05:00,23.600000381469727,23.76799964904785,23.417999267578125,23.45400047302246,4423500,0.0,0.0
2020-01-30 00:00:00-05:00,23.281999588012695,23.67799949645996,23.209999084472656,23.666000366210938,4012000,0.0,0.0
2020-01-31 00:00:00-05:00,23.70199966430664,23.743999481201172,22.913999557495117,23.07200050354004,14243500,0.0,0.0
2020-02-03 00:00:00-05:00,23.170000076293945,23.496000289916992,23.101999282836914,23.29800033569336,4328000,0.0,0.0
2020-02-04 00:00:00-05:00,23.91200065612793,24.06999969482422,23.444000244140625,24.016000747680664,5242000,0.0,0.0
2020-02-05 00:00:00-05:00,24.211999893188477,24.29599952697754,23.766000747680664,23.95599937438965,6418500,0.0,0.0
2020-02-06 00:00:00-05:00,23.988000869750977,24.36400032043457,23.756000518798828,24.266000747680664,9434000,0.0,0.0
2020-02-07 00:00:00-05:00,23.601999282836914,23.988000869750977,22.525999069213867,23.422000885009766,10635500,0.0,0.0
2020-02-10 00:00:00-05:00,23.29599952697754,23.79599952697754,23.0,23.746000289916992,6867000,0.0,0.0
2020-02-11 00:00:00-05:00,23.95199966430664,24.035999298095703,23.280000686645508,23.464000701904297,5488000,0.0,0.0
2020-02-12 00:00:00-05:00,23.5,23.70400047302246,23.1560001373291,23.479999542236328,4296000,0.0,0.0
2020-02-13 00:00:00-05:00,23.29400062561035,23.847999572753906,23.200000762939453,23.81999969482422,4130000,0.0,0.0
2020-02-14 00:00:00-05:00,23.868000030517578,23.923999786376953,23.59000015258789,23.83799934387207,4871500,0.0,0.0
2020-02-18 00:00:00-05:00,23.77400016784668,24.253999710083008,23.75,23.889999389648438,14138500,0.0,0.0
2020-02-19 00:00:00-05:00,24.0,24.173999786376953,23.81999969482422,23.84000015258789,3518000,0.0,0.0
2020-02-20 00:00:00-05:00,23.850000381469727,23.988000869750977,23.215999603271484,23.600000381469727,5855000,0.0,0.0
2020-02-21 00:00:00-05:00,23.552000045776367,23.562000274658203,22.75,22.895999908447266,4483500,0.0,0.0
2020-02-24 00:00:00-05:00,21.709999084472656,22.121999740600586,21.18000030517578,21.739999771118164,8519000,0.0,0.0
2020-02-25 00:00:00-05:00,21.799999237060547,21.947999954223633,20.83799934387207,21.010000228881836,13951500,0.0,0.0
2020-02-26 00:00:00-05:00,21.107999801635742,21.648000717163086,21.107999801635742,21.25200080871582,8879000,0.0,0.0
2020-02-27 00:00:00-05:00,20.672000885009766,21.305999755859375,20.25200080871582,20.527999877929688,17768000,0.0,0.0
2020-02-28 00:00:00-05:00,19.775999069213867,20.81399917602539,19.618000030517578,20.41200065612793,17831500,0.0,0.0
2020-03-02 00:00:00-05:00,20.724000930786133,22.038000106811523,20.694000244140625,22.020000457763672,14454000,0.0,0.0
2020-03-03 00:00:00-05:00,22.01799964904785,22.09600067138672,20.441999435424805,20.70599937438965,11405000,0.0,0.0
2020-03-04 00:00:00-05:00,21.0,21.43400001525879,20.757999420166016,21.40999984741211,7451000,0.0,0.0
2020-03-05 00:00:00-05:00,20.93199920654297,21.47800064086914,20.68600082397461,20.799999237060547,6514500,0.0,0.0
2020-03-06 00:00:00-05:00,20.20199966430664,20.57200050354004,19.535999298095703,19.899999618530273,17089500,0.0,0.0
2020-03-09 00:00:00-04:00,18.65399932861328,19.520000457763672,17.059999465942383,17.42799949645996,19401000,0.0,0.0
2020-03-10 00:00:00-04:00,18.091999053955078,18.672000885009766,17.52199935913086,18.143999099731445,17235500,0.0,0.0
2020-03-11 00:00:00-04:00,17.79400062561035,18.393999099731445,17.333999633789062,17.59000015258789,12738500,0.0,0.0
2020-03-12 00:00:00-04:00,16.440000534057617,17.058000564575195,15.161999702453613,15.161999702453613,14161000,0.0,0.0
2020-03-13 00:00:00-04:00,16.101999282836914,16.898000717163086,15.208000183105469,16.527999877929688,14018500,0.0,0.0
2020-03-16 00:00:00-04:00,14.508000373840332,16.347999572753906,14.039999961853027,15.140000343322754,15997500,0.0,0.0
2020-03-17 00:00:00-04:00,15.418000221252441,15.982000350952148,15.01200008392334,15.604000091552734,18099500,0.0,0.0
2020-03-18 00:00:00-04:00,14.565999984741211,16.420000076293945,14.404000282287598,15.303999900817871,17280500,0.0,0.0
2020-03-19 00:00:00-04:00,15.166000366210938,18.246000289916992,15.166000366210938,17.23200035095215,23454000,0.0,0.0
2020-03-20 00:00:00-04:00,17.535999298095703,18.784000396728516,16.923999786376953,16.98200035095215,20209500,0.0,0.0
2020-03-23 00:00:00-04:00,17.11199951171875,18.100000381469727,17.00200080871582,17.18000030517578,17894000,0.0,0.0
2020-03-24 00:00:00-04:00,18.101999282836914,20.15999984741211,18.101999282836914,19.95599937438965,26132500,0.0,0.0
2020-03-25 00:00:00-04:00,19.895999908447266,20.513999938964844,19.305999755859375,19.38800048828125,15102000,0.0,0.0
2020-03-26 00:00:00-04:00,19.393999099731445,20.29599952697754,19.393999099731445,19.88800048828125,13566000,0.0,0.0
2020-03-27 00:00:00-04:00,19.305999755859375,19.97800064086914,18.90999984741211,19.45599937438965,14443500,0.0,0.0
2020-03-30 00:00:00-04:00,19.865999221801758,20.3700008392334,19.600000381469727,20.190000534057617,10479500,0.0,0.0
2020-03-31 00:00:00-04:00,20.02199935913086,20.799999237060547,19.92799949645996,20.233999252319336,14822500,0.0,0.0
2020-04-01 00:00:00-04:00,19.38800048828125,20.48200035095215,19.20199966430664,20.0939998626709,15445500,0.0,0.0
2020-04-02 00:00:00-04:00,20.007999420166016,20.40399932861328,19.757999420166016,20.18400001525879,17292500,0.0,0.0
2020-04-03 00:00:00-04:00,20.16200065612793,20.469999313354492,19.922000885009766,20.288000106811523,9873500,0.0,0.0
2020-04-06 00:00:00-04:00,20.857999801635742,21.722000122070312,20.402000427246094,21.576000213623047,13536500,0.0,0.0
2020-04-07 00:00:00-04:00,22.18199920654297,22.398000717163086,21.079999923706055,21.33799934387207,19296500,0.0,0.0
2020-04-08 00:00:00-04:00,21.624000549316406,22.035999298095703,21.33799934387207,21.836000442504883,6059500,0.0,0.0
2020-04-09 00:00:00-04:00,21.95800018310547,21.95800018310547,20.1299991607666,20.38599967956543,12367500,0.0,0.0
2020-04-13 00:00:00-04:00,20.399999618530273,21.025999069213867,20.006000518798828,20.92799949645996,10787000,0.0,0.0
2020-04-14 00:00:00-04:00,21.479999542236328,21.969999313354492,21.010000228881836,21.8700008392334,8519500,0.0,0.0
2020-04-15 00:00:00-04:00,21.507999420166016,22.152000427246094,21.392000198364258,21.969999313354492,8699000,0.0,0.0
2020-04-16 00:00:00-04:00,22.253999710083008,22.347999572753906,21.639999389648438,22.049999237060547,7298000,0.0,0.0
2020-04-17 00:00:00-04:00,22.302000045776367,22.61199951171875,21.805999755859375,22.591999053955078,7935000,0.0,0.0
2020-04-20 00:00:00-04:00,22.59000015258789,22.996000289916992,22.357999801635742,22.469999313354492,7648000,0.0,0.0
2020-04-21 00:00:00-04:00,22.058000564575195,22.091999053955078,19.922000885009766,20.236000061035156,17925000,0.0,0.0
2020-04-22 00:00:00-04:00,20.760000228881836,21.04199981689453,20.5,20.86199951171875,6398000,0.0,0.0
2020-04-23 00:00:00-04:00,20.850000381469727,20.941999435424805,19.95199966430664,20.118000030517578,11861000,0.0,0.0
2020-04-24 00:00:00-04:00,20.200000762939453,20.70199966430664,19.968000411987305,20.65399932861328,6478000,0.0,0.0
2020-04-27 00:00:00-04:00,20.959999084472656,21.22599983215332,20.649999618530273,21.128000259399414,5659500,0.0,0.0
2020-04-28 00:00:00-04:00,21.503999710083008,21.573999404907227,20.947999954223633,21.08799934387207,11565500,0.0,0.0
2020-04-29 00:00:00-04:00,21.399999618530273,21.84600067138672,21.02400016784668,21.70400047302246,5541500,0.0,0.0
2020-04-30 00:00:00-04:00,21.600000381469727,21.833999633789062,21.444000244140625,21.54800033569336,4838500,0.0,0.0
2020-05-01 00:00:00-04:00,21.128000259399414,21.381999969482422,20.75200080871582,20.868000030517578,4027000,0.0,0.0
2020-05-04 00:00:00-04:00,20.84600067138672,21.31999969482422,20.805999755859375,21.139999389648438,4877500,0.0,0.0
2020-05-05 00:00:00-04:00,21.139999389648438,22.025999069213867,21.139999389648438,21.711999893188477,5820000,0.0,0.0
2020-05-06 00:00:00-04:00,21.97800064086914,22.440000534057617,21.809999465942383,22.29199981689453,8792000,0.0,0.0
2020-05-07 00:00:00-04:00,24.18600082397461,27.3700008392334,24.086000442504883,27.02400016784668,26798000,0.0,0.0
2020-05-08 00:00:00-04:00,26.84600067138672,27.416000366210938,25.729999542236328,27.368000030517578,12840500,0.0,0.0
2020-05-11 00:00:00-04:00,27.08799934387207,28.472000122070312,26.95800018310547,28.091999053955078,13084500,0.0,0.0
2020-05-12 00:00:00-04:00,28.381999969482422,28.68199920654297,27.67799949645996,27.67799949645996,9551000,0.0,0.0
2020-05-13 00:00:00-04:00,27.86199951171875,27.972000122070312,26.781999588012695,27.43199920654297,7621500,0.0,0.0
2020-05-14 00:00:00-04:00,27.020000457763672,27.687999725341797,26.95599937438965,27.61199951171875,7275000,0.0,0.0
2020-05-15 00:00:00-04:00,27.357999801635742,28.805999755859375,27.20199966430664,28.68600082397461,7153000,0.0,0.0
2020-05-18 00:00:00-04:00,29.770000457763672,29.770000457763672,28.809999465942383,28.93400001525879,12556000,0.0,0.0
2020-05-19 00:00:00-04:00,28.799999237060547,29.513999938964844,28.799999237060547,28.964000701904297,5377500,0.0,0.0
2020-05-20 00:00:00-04:00,29.52400016784668,29.937999725341797,28.697999954223633,29.124000549316406,10851500,0.0,0.0
2020-05-21 00:00:00-04:00,28.965999603271484,29.200000762939453,28.5,28.676000595092773,6170500,0.0,0.0
2020-05-22 00:00:00-04:00,28.673999786376953,28.902000427246094,28.246000289916992,28.527999877929688,8557000,0.0,0.0
2020-05-26 00:00:00-04:00,28.871999740600586,29.09600067138672,27.420000076293945,27.506000518798828,10103000,0.0,0.0
2020-05-27 00:00:00-04:00,27.450000762939453,27.672000885009766,25.66200065612793,26.229999542236328,16801000,0.0,0.0
2020-05-28 00:00:00-04:00,26.29199981689453,27.496000289916992,25.986000061035156,26.93400001525879,8906000,0.0,0.0
2020-05-29 00:00:00-04:00,27.1560001373291,27.898000717163086,27.058000564575195,27.84000015258789,8462500,0.0,0.0
2020-06-01 00:00:00-04:00,27.961999893188477,29.326000213623047,27.841999053955078,28.950000762939453,10319000,0.0,0.0
2020-06-02 00:00:00-04:00,29.06399917602539,29.167999267578125,27.989999771118164,28.788000106811523,6933500,0.0,0.0
2020-06-03 00:00:00-04:00,29.0,29.13800048828125,28.332000732421875,28.577999114990234,5040500,0.0,0.0
2020-06-04 00:00:00-04:00,28.381999969482422,28.658000946044922,27.576000213623047,27.916000366210938,5439500,0.0,0.0
2020-06-05 00:00:00-04:00,27.591999053955078,28.327999114990234,27.097999572753906,28.09600067138672,7622000,0.0,0.0
2020-06-08 00:00:00-04:00,27.615999221801758,27.84600067138672,27.07200050354004,27.50200080871582,7444500,0.0,0.0
2020-06-09 00:00:00-04:00,27.5,27.540000915527344,27.007999420166016,27.18400001525879,6403500,0.0,0.0
2020-06-10 00:00:00-04:00,27.469999313354492,27.99799919128418,27.469999313354492,27.527999877929688,5693000,0.0,0.0
2020-06-11 00:00:00-04:00,27.277999877929688,27.5939998626709,26.26799964904785,26.34600067138672,6201500,0.0,0.0
2020-06-12 00:00:00-04:00,26.77199935913086,27.15399932861328,25.649999618530273,26.06800079345703,5755500,0.0,0.0
2020-06-15 00:00:00-04:00,25.68000030517578,27.461999893188477,25.375999450683594,27.18199920654297,10210000,0.0,0.0
2020-06-16 00:00:00-04:00,27.86199951171875,28.0,27.07200050354004,27.34600067138672,6300500,0.0,0.0
2020-06-17 00:00:00-04:00,27.554000854492188,27.76799964904785,26.95800018310547,27.09600067138672,5972000,0.0,0.0
2020-06-18 00:00:00-04:00,27.04400062561035,27.395999908447266,26.908000946044922,27.128000259399414,5976000,0.0,0.0
2020-06-19 00:00:00-04:00,27.441999435424805,27.673999786376953,26.691999435424805,27.341999053955078,17582500,0.0,0.0
2020-06-22 00:00:00-04:00,27.531999588012695,28.847999572753906,27.31800079345703,28.573999404907227,12082000,0.0,0.0
2020-06-23 00:00:00-04:00,28.857999801635742,28.899999618530273,27.336000442504883,27.413999557495117,10051500,0.0,0.0
2020-06-24 00:00:00-04:00,27.54400062561035,28.163999557495117,26.600000381469727,26.865999221801758,9689500,0.0,0.0
2020-06-25 00:00:00-04:00,26.93000030517578,27.36199951171875,26.6560001373291,27.166000366210938,5632500,0.0,0.0
2020-06-26 00:00:00-04:00,27.200000762939453,27.29800033569336,26.621999740600586,26.90999984741211,6804000,0.0,0.0
2020-06-29 00:00:00-04:00,26.802000045776367,26.8799991607666,25.66200065612793,26.694000244140625,7454000,0.0,0.0
2020-06-30 00:00:00-04:00,26.823999404907227,27.531999588012695,26.738000869750977,27.45400047302246,6108500,0.0,0.0
2020-07-01 00:00:00-04:00,27.45400047302246,27.972000122070312,27.242000579833984,27.8439998626709,6196000,0.0,0.0
2020-07-02 00:00:00-04:00,28.06399917602539,28.187999725341797,27.558000564575195,27.687999725341797,4898000,0.0,0.0
2020-07-06 00:00:00-04:00,27.93400001525879,28.531999588012695,27.73200035095215,27.940000534057617,6178000,0.0,0.0
2020-07-07 00:00:00-04:00,27.398000717163086,28.152000427246094,27.214000701904297,27.591999053955078,7366500,0.0,0.0
2020-07-08 00:00:00-04:00,27.83799934387207,29.351999282836914,27.700000762939453,29.270000457763672,12585000,0.0,0.0
2020-07-09 00:00:00-04:00,29.738000869750977,30.389999389648438,29.083999633789062,29.920000076293945,13473000,0.0,0.0
2020-07-10 00:00:00-04:00,30.194000244140625,30.194000244140625,29.082000732421875,29.15999984741211,6971000,0.0,0.0
2020-07-13 00:00:00-04:00,29.17799949645996,29.323999404907227,26.08799934387207,26.224000930786133,16894500,0.0,0.0
2020-07-14 00:00:00-04:00,26.562000274658203,27.275999069213867,25.72599983215332,26.895999908447266,13998000,0.0,0.0
2020-07-15 00:00:00-04:00,26.280000686645508,26.309999465942383,24.847999572753906,25.86400032043457,14144500,0.0,0.0
2020-07-16 00:00:00-04:00,25.538000106811523,25.700000762939453,24.964000701904297,25.469999313354492,8189500,0.0,0.0
2020-07-17 00:00:00-04:00,25.52400016784668,25.93000030517578,25.083999633789062,25.823999404907227,6878500,0.0,0.0
2020-07-20 00:00:00-04:00,25.86199951171875,27.025999069213867,25.77400016784668,26.95800018310547,6508000,0.0,0.0
2020-07-21 00:00:00-04:00,27.200000762939453,27.239999771118164,26.309999465942383,26.73200035095215,6377000,0.0,0.0
2020-07-22 00:00:00-04:00,27.176000595092773,27.47800064086914,26.736000061035156,26.857999801635742,8564500,0.0,0.0
2020-07-23 00:00:00-04:00,26.878000259399414,27.67799949645996,26.75,27.031999588012695,7571500,0.0,0.0
2020-07-24 00:00:00-04:00,26.615999221801758,26.865999221801758,26.06999969482422,26.607999801635742,4574000,0.0,0.0
2020-07-27 00:00:00-04:00,26.917999267578125,27.395999908447266,26.729999542236328,27.329999923706055,3481000,0.0,0.0
2020-07-28 00:00:00-04:00,27.224000930786133,27.384000778198242,26.65399932861328,26.68400001525879,4692000,0.0,0.0
2020-07-29 00:00:00-04:00,26.972000122070312,27.57200050354004,26.836000442504883,27.368000030517578,3542500,0.0,0.0
2020-07-30 00:00:00-04:00,27.011999130249023,27.645999908447266,26.666000366210938,27.350000381469727,4560500,0.0,0.0
2020-07-31 00:00:00-04:00,27.68000030517578,27.70400047302246,27.082000732421875,27.65999984741211,4281500,0.0,0.0
2020-08-03 00:00:00-04:00,28.0,28.277999877929688,27.304000854492188,27.643999099731445,7660000,0.0,0.0
2020-08-04 00:00:00-04:00,27.464000701904297,27.77199935913086,27.239999771118164,27.766000747680664,5149000,0.0,0.0
2020-08-05 00:00:00-04:00,28.02400016784668,28.15999984741211,27.530000686645508,28.02400016784668,6705000,0.0,0.0
2020-08-06 00:00:00-04:00,28.0,28.158000946044922,27.447999954223633,27.902000427246094,8254500,0.0,0.0
2020-08-07 00:00:00-04:00,26.18600082397461,26.336000442504883,25.115999221801758,26.200000762939453,20981500,0.0,0.0
2020-08-10 00:00:00-04:00,26.233999252319336,26.56399917602539,25.142000198364258,25.375999450683594,8155500,0.0,0.0
2020-08-11 00:00:00-04:00,25.200000762939453,25.634000778198242,24.61199951171875,25.31800079345703,10844000,0.0,0.0
2020-08-12 00:00:00-04:00,25.461999893188477,25.649999618530273,25.1560001373291,25.34000015258789,5773000,0.0,0.0
2020-08-13 00:00:00-04:00,25.285999298095703,25.724000930786133,25.260000228881836,25.488000869750977,5002500,0.0,0.0
2020-08-14 00:00:00-04:00,25.5,25.68000030517578,25.139999389648438,25.520000457763672,4270500,0.0,0.0
2020-08-17 00:00:00-04:00,25.700000762939453,26.091999053955078,25.700000762939453,25.832000732421875,4416000,0.0,0.0
2020-08-18 00:00:00-04:00,26.020000457763672,26.27400016784668,25.642000198364258,25.983999252319336,4343500,0.0,0.0
2020-08-19 00:00:00-04:00,25.850000381469727,26.152000427246094,25.520000457763672,25.902000427246094,6679500,0.0,0.0
2020-08-20 00:00:00-04:00,26.086000442504883,26.788000106811523,25.75,26.718000411987305,4611000,0.0,0.0
2020-08-21 00:00:00-04:00,26.766000747680664,26.86199951171875,26.18400001525879,26.341999053955078,4003500,0.0,0.0
2020-08-24 00:00:00-04:00,26.663999557495117,26.9060001373291,25.832000732421875,26.61199951171875,5534000,0.0,0.0
2020-08-25 00:00:00-04:00,26.38800048828125,26.68199920654297,26.22800064086914,26.6560001373291,4493000,0.0,0.0
2020-08-26 00:00:00-04:00,26.799999237060547,27.733999252319336,26.763999938964844,27.444000244140625,6662000,0.0,0.0
2020-08-27 00:00:00-04:00,27.341999053955078,27.341999053955078,26.082000732421875,26.413999557495117,8440000,0.0,0.0
2020-08-28 00:00:00-04:00,26.63599967956543,26.847999572753906,26.011999130249023,26.148000717163086,6361000,0.0,0.0
2020-08-31 00:00:00-04:00,26.200000762939453,26.459999084472656,25.833999633789062,26.402000427246094,9813500,0.0,0.0
2020-09-01 00:00:00-04:00,26.54800033569336,26.8799991607666,25.969999313354492,26.104000091552734,6118000,0.0,0.0
2020-09-02 00:00:00-04:00,26.354000091552734,26.65999984741211,25.99799919128418,26.520000457763672,6367500,0.0,0.0
2020-09-03 00:00:00-04:00,26.04400062561035,26.09600067138672,23.808000564575195,24.139999389648438,12295000,0.0,0.0
2020-09-04 00:00:00-04:00,23.99799919128418,24.336000442504883,22.535999298095703,23.527999877929688,11186000,0.0,0.0
2020-09-08 00:00:00-04:00,22.799999237060547,23.628000259399414,22.777999877929688,23.083999633789062,7902500,0.0,0.0
2020-09-09 00:00:00-04:00,23.643999099731445,23.643999099731445,22.95400047302246,23.422000885009766,4936000,0.0,0.0
2020-09-10 00:00:00-04:00,23.552000045776367,24.118000030517578,23.260000228881836,23.351999282836914,6827000,0.0,0.0
2020-09-11 00:00:00-04:00,23.610000610351562,23.81399917602539,22.70400047302246,23.034000396728516,4985000,0.0,0.0
2020-09-14 00:00:00-04:00,23.243999481201172,23.724000930786133,23.22599983215332,23.601999282836914,4081000,0.0,0.0
2020-09-15 00:00:00-04:00,24.06399917602539,24.06399917602539,23.384000778198242,23.639999389648438,3726500,0.0,0.0
2020-09-16 00:00:00-04:00,23.884000778198242,24.16200065612793,23.351999282836914,23.38599967956543,5442500,0.0,0.0
2020-09-17 00:00:00-04:00,22.763999938964844,23.172000885009766,22.52199935913086,23.06999969482422,7408500,0.0,0.0
2020-09-18 00:00:00-04:00,23.233999252319336,23.54400062561035,22.86199951171875,23.45599937438965,7591000,0.0,0.0
2020-09-21 00:00:00-04:00,23.246000289916992,23.66200065612793,23.016000747680664,23.56800079345703,6095000,0.0,0.0
2020-09-22 00:00:00-04:00,23.695999145507812,23.770000457763672,23.0,23.736000061035156,5910000,0.0,0.0
2020-09-23 00:00:00-04:00,23.892000198364258,23.959999084472656,22.940000534057617,23.054000854492188,5407500,0.0,0.0
2020-09-24 00:00:00-04:00,22.959999084472656,23.36199951171875,22.700000762939453,23.100000381469727,5732000,0.0,0.0
2020-09-25 00:00:00-04:00,23.194000244140625,23.489999771118164,22.93199920654297,23.36199951171875,4492500,0.0,0.0
2020-09-28 00:00:00-04:00,23.65399932861328,23.700000762939453,23.281999588012695,23.461999893188477,4631000,0.0,0.0
2020-09-29 00:00:00-04:00,23.51799964904785,23.763999938964844,23.329999923706055,23.420000076293945,5166500,0.0,0.0
2020-09-30 00:00:00-04:00,23.413999557495117,23.729999542236328,23.233999252319336,23.562000274658203,6924000,0.0,0.0
2020-10-01 00:00:00-04:00,23.72800064086914,24.18600082397461,23.6560001373291,24.049999237060547,6308000,0.0,0.0
2020-10-02 00:00:00-04:00,23.628000259399414,24.354000091552734,23.260000228881836,23.275999069213867,5881000,0.0,0.0
2020-10-05 00:00:00-04:00,23.77400016784668,23.92799949645996,23.277999877929688,23.81800079345703,8842000,0.0,0.0
2020-10-06 00:00:00-04:00,23.945999145507812,24.261999130249023,23.583999633789062,23.65999984741211,5069500,0.0,0.0
2020-10-07 00:00:00-04:00,23.788000106811523,24.197999954223633,23.672000885009766,24.13800048828125,5077500,0.0,0.0
2020-10-08 00:00:00-04:00,24.33799934387207,24.586000442504883,24.166000366210938,24.327999114990234,3860500,0.0,0.0
2020-10-09 00:00:00-04:00,24.724000930786133,25.395999908447266,24.670000076293945,25.236000061035156,6475000,0.0,0.0
2020-10-12 00:00:00-04:00,25.540000915527344,26.11400032043457,25.40999984741211,25.775999069213867,6928000,0.0,0.0
2020-10-13 00:00:00-04:00,25.79400062561035,26.323999404907227,25.643999099731445,26.121999740600586,6506500,0.0,0.0
2020-10-14 00:00:00-04:00,26.263999938964844,26.562000274658203,25.81599998474121,26.027999877929688,6424000,0.0,0.0
2020-10-15 00:00:00-04:00,25.667999267578125,26.506000518798828,25.540000915527344,26.350000381469727,6687500,0.0,0.0
2020-10-16 00:00:00-04:00,26.43600082397461,26.576000213623047,26.277999877929688,26.308000564575195,5020000,0.0,0.0
2020-10-19 00:00:00-04:00,26.166000366210938,26.70199966430664,25.715999603271484,25.763999938964844,3249000,0.0,0.0
2020-10-20 00:00:00-04:00,26.597999572753906,26.988000869750977,26.399999618530273,26.503999710083008,7949000,0.0,0.0
2020-10-21 00:00:00-04:00,26.461999893188477,26.520000457763672,25.889999389648438,25.996000289916992,6566500,0.0,0.0
2020-10-22 00:00:00-04:00,26.06599998474121,26.1299991607666,25.354000091552734,25.631999969482422,3509500,0.0,0.0
2020-10-23 00:00:00-04:00,25.601999282836914,26.082000732421875,25.52400016784668,26.076000213623047,4755500,0.0,0.0
2020-10-26 00:00:00-04:00,25.832000732421875,26.143999099731445,24.43600082397461,24.63599967956543,7145500,0.0,0.0
2020-10-27 00:00:00-04:00,24.95599937438965,25.1200008392334,24.697999954223633,24.84600067138672,6607000,0.0,0.0
2020-10-28 00:00:00-04:00,24.607999801635742,24.631999969482422,23.766000747680664,23.790000915527344,7046500,0.0,0.0
2020-10-29 00:00:00-04:00,23.95400047302246,24.187999725341797,23.600000381469727,23.600000381469727,7171500,0.0,0.0
2020-10-30 00:00:00-04:00,23.615999221801758,23.615999221801758,21.350000381469727,22.073999404907227,21500500,0.0,0.0
2020-11-02 00:00:00-05:00,22.195999145507812,22.288000106811523,21.97599983215332,22.118000030517578,7638000,0.0,0.0
2020-11-03 00:00:00-05:00,22.08799934387207,22.77199935913086,21.854000091552734,22.48200035095215,6807500,0.0,0.0
2020-11-04 00:00:00-05:00,22.940000534057617,23.573999404907227,22.697999954223633,23.24799919128418,6221000,0.0,0.0
2020-11-05 00:00:00-05:00,23.600000381469727,23.97800064086914,23.559999465942383,23.902000427246094,5230000,0.0,0.0
2020-11-06 00:00:00-05:00,23.9060001373291,23.9060001373291,23.375999450683594,23.441999435424805,5631000,0.0,0.0
2020-11-09 00:00:00-05:00,23.57200050354004,24.591999053955078,23.31800079345703,23.422000885009766,8039000,0.0,0.0
2020-11-10 00:00:00-05:00,23.190000534057617,23.27199935913086,21.986000061035156,22.260000228881836,8156500,0.0,0.0
2020-11-11 00:00:00-05:00,22.676000595092773,23.059999465942383,22.474000930786133,22.917999267578125,4570000,0.0,0.0
2020-11-12 00:00:00-05:00,23.097999572753906,23.333999633789062,22.469999313354492,22.719999313354492,4701500,0.0,0.0
2020-11-13 00:00:00-05:00,23.007999420166016,23.229999542236328,22.790000915527344,23.18400001525879,4454000,0.0,0.0
2020-11-16 00:00:00-05:00,23.15999984741211,23.464000701904297,23.06399917602539,23.3439998626709,4475500,0.0,0.0
2020-11-17 00:00:00-05:00,23.479999542236328,23.93199920654297,23.371999740600586,23.68400001525879,4635000,0.0,0.0
2020-11-18 00:00:00-05:00,24.02400016784668,24.104000091552734,23.312000274658203,23.336000442504883,5245500,0.0,0.0
2020-11-19 00:00:00-05:00,23.246000289916992,23.57200050354004,23.034000396728516,23.4060001373291,4193000,0.0,0.0
2020-11-20 00:00:00-05:00,23.29400062561035,23.91200065612793,23.214000701904297,23.624000549316406,5416000,0.0,0.0
2020-11-23 00:00:00-05:00,23.700000762939453,23.799999237060547,23.18000030517578,23.416000366210938,4932000,0.0,0.0
2020-11-24 00:00:00-05:00,23.562000274658203,23.780000686645508,23.142000198364258,23.718000411987305,7229000,0.0,0.0
2020-11-25 00:00:00-05:00,23.871999740600586,24.288000106811523,23.799999237060547,23.972000122070312,4804500,0.0,0.0
2020-11-27 00:00:00-05:00,24.214000701904297,24.82200050354004,24.148000717163086,24.757999420166016,3675000,0.0,0.0
2020-11-30 00:00:00-05:00,24.729999542236328,24.81999969482422,24.027999877929688,24.645999908447266,8603000,0.0,0.0
2020-12-01 00:00:00-05:00,24.86199951171875,24.86199951171875,24.073999404907227,24.527999877929688,4694000,0.0,0.0
2020-12-02 00:00:00-05:00,24.43000030517578,24.648000717163086,24.13599967956543,24.576000213623047,3399000,0.0,0.0
2020-12-03 00:00:00-05:00,24.72800064086914,25.50200080871582,24.600000381469727,25.218000411987305,6235500,0.0,0.0
2020-12-04 00:00:00-05:00,25.3700008392334,25.711999893188477,25.187999725341797,25.559999465942383,3082500,0.0,0.0
2020-12-07 00:00:00-05:00,25.722000122070312,25.875999450683594,25.520000457763672,25.615999221801758,3370500,0.0,0.0
2020-12-08 00:00:00-05:00,25.365999221801758,26.3700008392334,25.365999221801758,26.332000732421875,5277500,0.0,0.0
2020-12-09 00:00:00-05:00,26.006000518798828,26.163999557495117,24.895999908447266,25.06800079345703,6565000,0.0,0.0
2020-12-10 00:00:00-05:00,24.97599983215332,25.601999282836914,24.832000732421875,25.511999130249023,5188000,0.0,0.0
2020-12-11 00:00:00-05:00,25.459999084472656,25.70599937438965,25.224000930786133,25.672000885009766,5363000,0.0,0.0
2020-12-14 00:00:00-05:00,25.63599967956543,26.441999435424805,25.56599998474121,26.13800048828125,5782500,0.0,0.0
2020-12-15 00:00:00-05:00,26.378000259399414,26.398000717163086,25.884000778198242,26.36400032043457,5198500,0.0,0.0
2020-12-16 00:00:00-05:00,26.402000427246094,26.97800064086914,26.25,26.666000366210938,4483000,0.0,0.0
2020-12-17 00:00:00-05:00,26.857999801635742,27.29599952697754,26.79199981689453,27.284000396728516,5362500,0.0,0.0
2020-12-18 00:00:00-05:00,27.31399917602539,29.290000915527344,27.284000396728516,29.170000076293945,15225000,0.0,0.0
2020-12-21 00:00:00-05:00,28.67799949645996,29.472000122070312,28.236000061035156,29.191999435424805,6782000,0.0,0.0
2020-12-22 00:00:00-05:00,29.149999618530273,30.666000366210938,29.082000732421875,30.43000030517578,7536000,0.0,0.0
2020-12-23 00:00:00-05:00,30.511999130249023,30.6299991607666,29.993999481201172,30.04800033569336,5029000,0.0,0.0
2020-12-24 00:00:00-05:00,29.993999481201172,30.299999237060547,29.70800018310547,29.95800018310547,2128000,0.0,0.0
2020-12-28 00:00:00-05:00,30.131999969482422,30.29800033569336,29.68199920654297,29.857999801635742,3542500,0.0,0.0
2020-12-29 00:00:00-05:00,30.0,30.167999267578125,29.29800033569336,29.506000518798828,3430500,0.0,0.0
2020-12-30 00:00:00-05:00,29.743999481201172,29.950000762939453,29.531999588012695,29.604000091552734,3064500,0.0,0.0
2020-12-31 00:00:00-05:00,29.72800064086914,29.799999237060547,29.450000762939453,29.70599937438965,2425500,0.0,0.0
2021-01-04 00:00:00-05:00,29.913999557495117,29.93199920654297,28.57200050354004,29.11199951171875,5391000,0.0,0.0
2021-01-05 00:00:00-05:00,28.312000274658203,28.535999298095703,27.965999603271484,28.347999572753906,6130000,0.0,0.0
2021-01-06 00:00:00-05:00,27.464000701904297,28.121999740600586,27.461999893188477,27.621999740600586,6531000,0.0,0.0
2021-01-07 00:00:00-05:00,27.826000213623047,28.724000930786133,27.82200050354004,28.649999618530273,6856000,0.0,0.0
2021-01-08 00:00:00-05:00,28.902000427246094,29.697999954223633,28.81800079345703,29.628000259399414,6301000,0.0,0.0
2021-01-11 00:00:00-05:00,29.384000778198242,30.107999801635742,28.8700008392334,29.634000778198242,6874500,0.0,0.0
2021-01-12 00:00:00-05:00,30.131999969482422,31.062000274658203,29.868000030517578,30.582000732421875,8461500,0.0,0.0
2021-01-13 00:00:00-05:00,30.729999542236328,30.738000869750977,29.408000946044922,29.579999923706055,6425000,0.0,0.0
2021-01-14 00:00:00-05:00,29.823999404907227,30.194000244140625,29.214000701904297,29.506000518798828,4193500,0.0,0.0
2021-01-15 00:00:00-05:00,29.5,29.827999114990234,29.166000366210938,29.305999755859375,4314000,0.0,0.0
2021-01-19 00:00:00-05:00,29.492000579833984,29.860000610351562,29.29199981689453,29.642000198364258,4119500,0.0,0.0
2021-01-20 00:00:00-05:00,30.0,30.426000595092773,29.827999114990234,30.058000564575195,3346000,0.0,0.0
2021-01-21 00:00:00-05:00,30.27199935913086,30.32200050354004,29.81399917602539,29.95199966430664,2597500,0.0,0.0
2021-01-22 00:00:00-05:00,30.597999572753906,30.597999572753906,30.11199951171875,30.246000289916992,4033000,0.0,0.0
2021-01-25 00:00:00-05:00,30.506000518798828,30.902000427246094,29.736000061035156,30.36400032043457,3263500,0.0,0.0
2021-01-26 00:00:00-05:00,30.437999725341797,30.729999542236328,29.90399932861328,29.93000030517578,3397000,0.0,0.0
2021-01-27 00:00:00-05:00,29.600000381469727,29.893999099731445,28.72599983215332,29.163999557495117,5509500,0.0,0.0
2021-01-28 00:00:00-05:00,29.402000427246094,29.968000411987305,29.290000915527344,29.70599937438965,2935000,0.0,0.0
2021-01-29 00:00:00-05:00,29.426000595092773,29.695999145507812,28.841999053955078,28.950000762939453,6455000,0.0,0.0
2021-02-01 00:00:00-05:00,29.275999069213867,29.742000579833984,29.106000900268555,29.67799949645996,3457000,0.0,0.0
2021-02-02 00:00:00-05:00,29.892000198364258,30.808000564575195,29.871999740600586,30.761999130249023,4579500,0.0,0.0
2021-02-03 00:00:00-05:00,30.82200050354004,30.90999984741211,29.8799991607666,30.18400001525879,5534000,0.0,0.0
2021-02-04 00:00:00-05:00,30.27400016784668,31.413999557495117,30.266000747680664,31.398000717163086,9949500,0.0,0.0
2021-02-05 00:00:00-05:00,31.483999252319336,31.666000366210938,30.399999618530273,31.09600067138672,9607000,0.0,0.0
2021-02-08 00:00:00-05:00,31.441999435424805,32.18600082397461,31.299999237060547,31.88599967956543,6622500,0.0,0.0
2021-02-09 00:00:00-05:00,31.908000946044922,32.099998474121094,31.525999069213867,31.992000579833984,5432000,0.0,0.0
2021-02-10 00:00:00-05:00,32.0,32.69599914550781,32.0,32.263999938964844,5681500,0.0,0.0
2021-02-11 00:00:00-05:00,32.512001037597656,32.63399887084961,31.974000930786133,32.60200119018555,3861500,0.0,0.0
2021-02-12 00:00:00-05:00,32.402000427246094,32.9739990234375,32.2599983215332,32.94599914550781,3905000,0.0,0.0
2021-02-16 00:00:00-05:00,33.082000732421875,33.20000076293945,32.69200134277344,32.97800064086914,4911500,0.0,0.0
2021-02-17 00:00:00-05:00,32.83599853515625,33.29800033569336,32.30799865722656,33.24599838256836,5200000,0.0,0.0
2021-02-18 00:00:00-05:00,32.821998596191406,33.630001068115234,32.65399932861328,33.53799819946289,5301000,0.0,0.0
2021-02-19 00:00:00-05:00,33.92599868774414,34.481998443603516,33.694000244140625,34.38600158691406,6758000,0.0,0.0
2021-02-22 00:00:00-05:00,33.736000061035156,34.12200164794922,33.54800033569336,34.06999969482422,8878000,0.0,0.0
2021-02-23 00:00:00-05:00,33.029998779296875,33.854000091552734,32.625999450683594,33.75400161743164,11826500,0.0,0.0
2021-02-24 00:00:00-05:00,33.694000244140625,34.03799819946289,33.237998962402344,33.970001220703125,6325000,0.0,0.0
2021-02-25 00:00:00-05:00,33.763999938964844,34.11600112915039,33.17399978637695,33.599998474121094,11302000,0.0,0.0
2021-02-26 00:00:00-05:00,33.63800048828125,34.11600112915039,33.04199981689453,33.77000045776367,8003000,0.0,0.0
2021-03-01 00:00:00-05:00,34.301998138427734,34.742000579833984,34.03799819946289,34.652000427246094,4593000,0.0,0.0
2021-03-02 00:00:00-05:00,34.80799865722656,34.95800018310547,34.20000076293945,34.66999816894531,7032500,0.0,0.0
2021-03-03 00:00:00-05:00,34.70399856567383,34.71799850463867,33.65399932861328,33.97600173950195,10943500,0.0,0.0
2021-03-04 00:00:00-05:00,33.566001892089844,33.74599838256836,32.327999114990234,32.7859992980957,16046000,0.0,0.0
2021-03-05 00:00:00-05:00,33.13999938964844,33.64400100708008,32.22600173950195,33.513999938964844,7239500,0.0,0.0
2021-03-08 00:00:00-05:00,33.59400177001953,34.15999984741211,33.215999603271484,33.242000579833984,5961500,0.0,0.0
2021-03-09 00:00:00-05:00,34.141998291015625,35.24399948120117,34.04600143432617,35.15399932861328,7247500,0.0,0.0
2021-03-10 00:00:00-05:00,35.90800094604492,36.25,35.27799987792969,36.09199905395508,10147500,0.0,0.0
2021-03-11 00:00:00-05:00,36.720001220703125,37.52199935913086,36.44200134277344,37.50600051879883,8290000,0.0,0.0
2021-03-12 00:00:00-05:00,36.86600112915039,37.784000396728516,36.66400146484375,37.66999816894531,5900000,0.0,0.0
2021-03-15 00:00:00-04:00,37.7760009765625,38.45000076293945,37.582000732421875,38.40599822998047,5467000,0.0,0.0
2021-03-16 00:00:00-04:00,38.619998931884766,38.768001556396484,37.417999267578125,37.90399932861328,9699500,0.0,0.0
2021-03-17 00:00:00-04:00,37.284000396728516,37.939998626708984,36.237998962402344,36.53200149536133,8151000,0.0,0.0
2021-03-18 00:00:00-04:00,36.040000915527344,36.040000915527344,34.61000061035156,34.61199951171875,8142500,0.0,0.0
2021-03-19 00:00:00-04:00,34.63199996948242,35.262001037597656,34.194000244140625,34.89799880981445,9314000,0.0,0.0
2021-03-22 00:00:00-04:00,35.36800003051758,35.91600036621094,34.95000076293945,35.82400131225586,6915000,0.0,0.0
2021-03-23 00:00:00-04:00,35.65599822998047,35.827999114990234,34.86800003051758,35.2140007019043,5284500,0.0,0.0
2021-03-24 00:00:00-04:00,35.209999084472656,35.49399948120117,34.09600067138672,34.2599983215332,4384500,0.0,0.0
2021-03-25 00:00:00-04:00,33.80799865722656,34.36000061035156,33.41600036621094,34.24599838256836,5007500,0.0,0.0
2021-03-26 00:00:00-04:00,34.305999755859375,36.624000549316406,34.07600021362305,36.55400085449219,9232500,0.0,0.0
2021-03-29 00:00:00-04:00,36.321998596191406,37.4119987487793,36.237998962402344,36.73400115966797,8117000,0.0,0.0
2021-03-30 00:00:00-04:00,36.349998474121094,36.77199935913086,35.900001525878906,36.26599884033203,5472500,0.0,0.0
2021-03-31 00:00:00-04:00,36.68000030517578,37.327999114990234,36.4739990234375,36.88399887084961,5023000,0.0,0.0
2021-04-01 00:00:00-04:00,37.354000091552734,38.04399871826172,37.09400177001953,37.27799987792969,4659500,0.0,0.0
2021-04-05 00:00:00-04:00,37.25400161743164,38.36000061035156,37.237998962402344,38.25400161743164,4967000,0.0,0.0
2021-04-06 00:00:00-04:00,37.902000427246094,39.10200119018555,37.50199890136719,38.93600082397461,6241500,0.0,0.0
2021-04-07 00:00:00-04:00,38.74599838256836,38.99599838256836,38.44599914550781,38.566001892089844,5352500,0.0,0.0
2021-04-08 00:00:00-04:00,38.970001220703125,39.577999114990234,38.7760009765625,39.316001892089844,3825500,0.0,0.0
2021-04-09 00:00:00-04:00,39.290000915527344,39.540000915527344,38.902000427246094,39.52399826049805,2917000,0.0,0.0
2021-04-12 00:00:00-04:00,39.40999984741211,39.66600036621094,39.08399963378906,39.417999267578125,4068500,0.0,0.0
2021-04-13 00:00:00-04:00,39.816001892089844,40.108001708984375,39.439998626708984,40.007999420166016,4163000,0.0,0.0
2021-04-14 00:00:00-04:00,39.928001403808594,40.763999938964844,39.74599838256836,39.86399841308594,4196500,0.0,0.0
2021-04-15 00:00:00-04:00,40.40599822998047,41.22999954223633,40.29600143432617,41.108001708984375,5682000,0.0,0.0
2021-04-16 00:00:00-04:00,41.439998626708984,41.87799835205078,40.98400115966797,41.20199966430664,6665500,0.0,0.0
2021-04-19 00:00:00-04:00,41.02799987792969,41.518001556396484,40.55799865722656,41.22800064086914,3888000,0.0,0.0
2021-04-20 00:00:00-04:00,41.29999923706055,41.34199905395508,40.231998443603516,40.560001373291016,2949000,0.0,0.0
2021-04-21 00:00:00-04:00,40.551998138427734,40.821998596191406,40.152000427246094,40.38399887084961,3696000,0.0,0.0
2021-04-22 00:00:00-04:00,39.88800048828125,40.72600173950195,39.81399917602539,40.231998443603516,5648000,0.0,0.0
2021-04-23 00:00:00-04:00,40.5,40.66999816894531,39.9379997253418,40.35200119018555,3746500,0.0,0.0
2021-04-26 00:00:00-04:00,40.948001861572266,41.01599884033203,40.45199966430664,40.779998779296875,6688500,0.0,0.0
2021-04-27 00:00:00-04:00,40.566001892089844,40.7760009765625,39.959999084472656,40.25,5493000,0.0,0.0
2021-04-28 00:00:00-04:00,40.70399856567383,40.72999954223633,39.560001373291016,39.60200119018555,4651500,0.0,0.0
2021-04-29 00:00:00-04:00,39.875999450683594,39.895999908447266,38.555999755859375,39.09400177001953,5871500,0.0,0.0
2021-04-30 00:00:00-04:00,39.63199996948242,41.0880012512207,38.902000427246094,40.84600067138672,13721500,0.0,0.0
2021-05-03 00:00:00-04:00,41.0620002746582,41.16400146484375,39.85599899291992,40.63600158691406,6163500,0.0,0.0
2021-05-04 00:00:00-04:00,40.62799835205078,41.54800033569336,40.4739990234375,41.35599899291992,8022500,0.0,0.0
2021-05-05 00:00:00-04:00,41.52799987792969,42.349998474121094,41.45399856567383,41.875999450683594,6135000,0.0,0.0
2021-05-06 00:00:00-04:00,41.72600173950195,41.81999969482422,40.645999908447266,41.301998138427734,5826500,0.0,0.0
2021-05-07 00:00:00-04:00,41.79999923706055,42.534000396728516,41.65800094604492,42.354000091552734,4040500,0.0,0.0
2021-05-10 00:00:00-04:00,42.20000076293945,42.25600051879883,40.847999572753906,40.858001708984375,4217500,0.0,0.0
2021-05-11 00:00:00-04:00,39.9900016784668,41.4119987487793,39.78200149536133,41.301998138427734,4089000,0.0,0.0
2021-05-12 00:00:00-04:00,40.69200134277344,40.80799865722656,39.19200134277344,39.40599822998047,5706500,0.0,0.0
2021-05-13 00:00:00-04:00,40.0,40.25199890136719,39.63399887084961,39.678001403808594,7267500,0.0,0.0
2021-05-14 00:00:00-04:00,39.939998626708984,41.27799987792969,39.801998138427734,41.172000885009766,6061000,0.0,0.0
2021-05-17 00:00:00-04:00,40.736000061035156,41.29999923706055,40.301998138427734,40.86800003051758,4222000,0.0,0.0
2021-05-18 00:00:00-04:00,40.847999572753906,41.59600067138672,40.784000396728516,40.849998474121094,4658000,0.0,0.0
2021-05-19 00:00:00-04:00,40.20800018310547,41.560001373291016,40.05400085449219,41.52000045776367,4393000,0.0,0.0
2021-05-20 00:00:00-04:00,41.65800094604492,42.63800048828125,41.65800094604492,42.4640007019043,4341500,0.0,0.0
2021-05-21 00:00:00-04:00,42.641998291015625,43.034000396728516,42.02399826049805,42.16600036621094,4089500,0.0,0.0
2021-05-24 00:00:00-04:00,42.305999755859375,42.96200180053711,42.305999755859375,42.61399841308594,4247000,0.0,0.0
2021-05-25 00:00:00-04:00,42.83399963378906,43.28200149536133,42.7400016784668,42.91400146484375,3583500,0.0,0.0
2021-05-26 00:00:00-04:00,43.15800094604492,43.736000061035156,42.82600021362305,43.141998291015625,4490500,0.0,0.0
2021-05-27 00:00:00-04:00,43.13399887084961,43.65599822998047,42.62200164794922,43.268001556396484,7908000,0.0,0.0
2021-05-28 00:00:00-04:00,43.30799865722656,44.20000076293945,43.231998443603516,43.70800018310547,4149500,0.0,0.0
2021-06-01 00:00:00-04:00,44.02399826049805,44.07600021362305,42.72600173950195,42.99800109863281,3630000,0.0,0.0
2021-06-02 00:00:00-04:00,42.97800064086914,43.33000183105469,42.7760009765625,43.27399826049805,3329000,0.0,0.0
2021-06-03 00:00:00-04:00,43.0,43.470001220703125,42.33399963378906,43.07600021362305,2832000,0.0,0.0
2021-06-04 00:00:00-04:00,43.47999954223633,44.470001220703125,43.47999954223633,44.35200119018555,3142500,0.0,0.0
2021-06-07 00:00:00-04:00,44.43199920654297,44.762001037597656,44.012001037597656,44.70800018310547,2838000,0.0,0.0
2021-06-08 00:00:00-04:00,44.7599983215332,45.555999755859375,44.74599838256836,45.47200012207031,4280000,0.0,0.0
2021-06-09 00:00:00-04:00,45.58599853515625,45.698001861572266,44.805999755859375,45.104000091552734,2932500,0.0,0.0
2021-06-10 00:00:00-04:00,45.06800079345703,45.90399932861328,44.880001068115234,45.790000915527344,3870500,0.0,0.0
2021-06-11 00:00:00-04:00,45.60200119018555,45.87799835205078,45.444000244140625,45.78799819946289,3273000,0.0,0.0
2021-06-14 00:00:00-04:00,45.81800079345703,46.29999923706055,45.60200119018555,46.29199981689453,3283500,0.0,0.0
2021-06-15 00:00:00-04:00,46.209999084472656,46.34199905395508,45.79999923706055,46.012001037597656,3165500,0.0,0.0
2021-06-16 00:00:00-04:00,46.055999755859375,46.51599884033203,45.422000885009766,46.05400085449219,3501000,0.0,0.0
2021-06-17 00:00:00-04:00,45.91600036621094,47.534000396728516,45.81999969482422,47.395999908447266,5871500,0.0,0.0
2021-06-18 00:00:00-04:00,47.400001525878906,47.79600143432617,46.689998626708984,46.731998443603516,9358500,0.0,0.0
2021-06-21 00:00:00-04:00,47.152000427246094,47.99399948120117,46.736000061035156,47.58399963378906,4077500,0.0,0.0
2021-06-22 00:00:00-04:00,47.599998474121094,48.4119987487793,47.59600067138672,48.380001068115234,4143000,0.0,0.0
2021-06-23 00:00:00-04:00,48.4640007019043,48.58399963378906,47.672000885009766,48.012001037597656,3905000,0.0,0.0
2021-06-24 00:00:00-04:00,48.4900016784668,48.78799819946289,47.986000061035156,47.99800109863281,3434500,0.0,0.0
2021-06-25 00:00:00-04:00,48.099998474121094,48.47200012207031,47.28799819946289,48.40599822998047,5296000,0.0,0.0
2021-06-28 00:00:00-04:00,48.63399887084961,49.465999603271484,48.551998138427734,49.40800094604492,3795500,0.0,0.0
2021-06-29 00:00:00-04:00,48.709999084472656,48.99399948120117,47.93000030517578,48.64799880981445,4774500,0.0,0.0
2021-06-30 00:00:00-04:00,48.56399917602539,48.56399917602539,47.566001892089844,47.63800048828125,5466500,0.0,0.0
2021-07-01 00:00:00-04:00,47.571998596191406,48.53200149536133,47.27199935913086,48.46799850463867,5718000,0.0,0.0
2021-07-02 00:00:00-04:00,48.694000244140625,49.74599838256836,48.69200134277344,49.608001708984375,3666500,0.0,0.0
2021-07-06 00:00:00-04:00,50.150001525878906,50.369998931884766,49.13600158691406,50.22999954223633,5034500,0.0,0.0
2021-07-07 00:00:00-04:00,50.54999923706055,50.757999420166016,49.347999572753906,50.66600036621094,5402500,0.0,0.0
2021-07-08 00:00:00-04:00,49.9640007019043,50.895999908447266,49.124000549316406,50.58599853515625,4513000,0.0,0.0
2021-07-09 00:00:00-04:00,50.922000885009766,51.486000061035156,50.50600051879883,51.36199951171875,4791000,0.0,0.0
2021-07-12 00:00:00-04:00,51.61600112915039,51.89400100708008,50.95399856567383,51.15800094604492,4102500,0.0,0.0
2021-07-13 00:00:00-04:00,51.18000030517578,51.689998626708984,50.79999923706055,51.40800094604492,2545500,0.0,0.0
2021-07-14 00:00:00-04:00,51.58000183105469,51.73400115966797,50.72600173950195,51.167999267578125,3674500,0.0,0.0
2021-07-15 00:00:00-04:00,51.55400085449219,52.380001068115234,50.86199951171875,51.2599983215332,6286000,0.0,0.0
2021-07-16 00:00:00-04:00,51.720001220703125,52.55400085449219,51.641998291015625,51.6879997253418,4327000,0.0,0.0
2021-07-19 00:00:00-04:00,51.02000045776367,51.66999816894531,50.4739990234375,51.32600021362305,4539000,0.0,0.0
2021-07-20 00:00:00-04:00,51.89799880981445,53.029998779296875,51.599998474121094,52.768001556396484,3952500,0.0,0.0
2021-07-21 00:00:00-04:00,52.84199905395508,53.20399856567383,52.40999984741211,52.93000030517578,4078500,0.0,0.0
2021-07-22 00:00:00-04:00,53.25400161743164,54.28799819946289,53.13800048828125,54.150001525878906,4041500,0.0,0.0
2021-07-23 00:00:00-04:00,54.1879997253418,55.21799850463867,53.7239990234375,55.141998291015625,4112500,0.0,0.0
2021-07-26 00:00:00-04:00,55.31999969482422,55.400001525878906,54.428001403808594,54.46799850463867,3356500,0.0,0.0
2021-07-27 00:00:00-04:00,54.47999954223633,54.683998107910156,53.33599853515625,54.22800064086914,3686500,0.0,0.0
2021-07-28 00:00:00-04:00,54.400001525878906,54.763999938964844,53.816001892089844,54.3380012512207,4005500,0.0,0.0
2021-07-29 00:00:00-04:00,54.45600128173828,55.34000015258789,54.433998107910156,54.84199905395508,4835000,0.0,0.0
2021-07-30 00:00:00-04:00,54.198001861572266,54.75600051879883,50.0,54.448001861572266,9331500,0.0,0.0
2021-08-02 00:00:00-04:00,54.854000091552734,57.70800018310547,54.02799987792969,56.92399978637695,10210500,0.0,0.0
2021-08-03 00:00:00-04:00,57.09400177001953,59.599998474121094,57.0,59.551998138427734,7555000,0.0,0.0
2021-08-04 00:00:00-04:00,59.470001220703125,61.119998931884766,58.689998626708984,60.80400085449219,6016000,0.0,0.0
2021-08-05 00:00:00-04:00,61.0,61.301998138427734,59.65399932861328,60.00400161743164,6621000,0.0,0.0
2021-08-06 00:00:00-04:00,59.709999084472656,60.75400161743164,59.20000076293945,60.736000061035156,3981500,0.0,0.0
2021-08-09 00:00:00-04:00,61.029998779296875,61.099998474121094,59.8380012512207,60.22200012207031,3624500,0.0,0.0
2021-08-10 00:00:00-04:00,60.305999755859375,60.87200164794922,59.624000549316406,60.08000183105469,3611000,0.0,0.0
2021-08-11 00:00:00-04:00,60.2859992980957,60.59600067138672,58.742000579833984,59.73400115966797,4897500,0.0,0.0
2021-08-12 00:00:00-04:00,59.86800003051758,61.95800018310547,59.65599822998047,61.13199996948242,5780500,0.0,0.0
2021-08-13 00:00:00-04:00,60.70000076293945,61.90599822998047,60.44200134277344,61.86600112915039,2991500,0.0,0.0
2021-08-16 00:00:00-04:00,61.79999923706055,61.79999923706055,59.73400115966797,60.487998962402344,3789000,0.0,0.0
2021-08-17 00:00:00-04:00,60.02799987792969,60.45399856567383,59.03799819946289,59.72600173950195,4477500,0.0,0.0
2021-08-18 00:00:00-04:00,59.63800048828125,59.779998779296875,58.51599884033203,58.54399871826172,4402000,0.0,0.0
2021-08-19 00:00:00-04:00,57.55799865722656,59.715999603271484,57.25199890136719,59.15599822998047,4093000,0.0,0.0
2021-08-20 00:00:00-04:00,59.540000915527344,59.917999267578125,59.066001892089844,59.5880012512207,3658000,0.0,0.0
2021-08-23 00:00:00-04:00,60.37799835205078,61.689998626708984,60.33399963378906,61.50400161743164,4704500,0.0,0.0
2021-08-24 00:00:00-04:00,61.599998474121094,61.60200119018555,59.82400131225586,59.96799850463867,5207500,0.0,0.0
2021-08-25 00:00:00-04:00,60.099998474121094,61.56800079345703,60.0359992980957,61.20600128173828,4008500,0.0,0.0
2021-08-26 00:00:00-04:00,61.060001373291016,62.31399917602539,61.05400085449219,62.0260009765625,3659000,0.0,0.0
2021-08-27 00:00:00-04:00,62.09600067138672,63.487998962402344,61.77399826049805,63.21200180053711,4456000,0.0,0.0
2021-08-30 00:00:00-04:00,63.82400131225586,64.37999725341797,63.599998474121094,63.87799835205078,3393000,0.0,0.0
2021-08-31 00:00:00-04:00,64.0,64.11599731445312,62.64400100708008,63.02799987792969,5856500,0.0,0.0
2021-09-01 00:00:00-04:00,63.507999420166016,63.5880012512207,60.88600158691406,61.694000244140625,8388000,0.0,0.0
2021-09-02 00:00:00-04:00,62.263999938964844,63.36000061035156,62.09199905395508,62.779998779296875,4073500,0.0,0.0
2021-09-03 00:00:00-04:00,62.76599884033203,64.28600311279297,62.76599884033203,64.03800201416016,3534500,0.0,0.0
2021-09-07 00:00:00-04:00,64.19999694824219,64.4000015258789,62.47999954223633,62.816001892089844,4063000,0.0,0.0
2021-09-08 00:00:00-04:00,62.61000061035156,63.14799880981445,61.61000061035156,61.84000015258789,5401000,0.0,0.0
2021-09-09 00:00:00-04:00,61.84000015258789,62.64799880981445,61.81999969482422,62.14799880981445,4065500,0.0,0.0
2021-09-10 00:00:00-04:00,62.645999908447266,62.9640007019043,61.715999603271484,62.097999572753906,3319500,0.0,0.0
2021-09-13 00:00:00-04:00,62.11199951171875,62.28799819946289,58.854000091552734,59.38399887084961,8885500,0.0,0.0
2021-09-14 00:00:00-04:00,59.599998474121094,61.13600158691406,59.263999938964844,60.11600112915039,6213000,0.0,0.0
2021-09-15 00:00:00-04:00,60.44599914550781,60.79800033569336,59.8380012512207,60.305999755859375,5027500,0.0,0.0
2021-09-16 00:00:00-04:00,60.178001403808594,60.875999450683594,59.7140007019043,60.8120002746582,3354000,0.0,0.0
2021-09-17 00:00:00-04:00,60.50600051879883,60.88199996948242,59.36199951171875,59.89799880981445,7779000,0.0,0.0
2021-09-20 00:00:00-04:00,58.402000427246094,59.54999923706055,56.827999114990234,59.41400146484375,5185500,0.0,0.0
2021-09-21 00:00:00-04:00,60.400001525878906,60.65800094604492,59.02399826049805,59.91999816894531,3565500,0.0,0.0
2021-09-22 00:00:00-04:00,60.20000076293945,60.63800048828125,59.470001220703125,60.32400131225586,3515000,0.0,0.0
2021-09-23 00:00:00-04:00,60.891998291015625,62.290000915527344,60.4739990234375,62.108001708984375,4887000,0.0,0.0
2021-09-24 00:00:00-04:00,61.63999938964844,62.566001892089844,61.42399978637695,62.380001068115234,3283000,0.0,0.0
2021-09-27 00:00:00-04:00,61.69200134277344,61.97600173950195,59.8380012512207,60.11399841308594,4127000,0.0,0.0
2021-09-28 00:00:00-04:00,59.57400131225586,60.189998626708984,57.41400146484375,57.57600021362305,7433000,0.0,0.0
2021-09-29 00:00:00-04:00,58.25,58.805999755859375,57.61600112915039,57.76599884033203,5604000,0.0,0.0
2021-09-30 00:00:00-04:00,57.678001403808594,59.02399826049805,57.678001403808594,58.40800094604492,4332000,0.0,0.0
2021-10-01 00:00:00-04:00,58.23400115966797,59.900001525878906,57.810001373291016,59.599998474121094,4479000,0.0,0.0
2021-10-04 00:00:00-04:00,58.507999420166016,58.86600112915039,56.95399856567383,57.77399826049805,5075500,0.0,0.0
2021-10-05 00:00:00-04:00,58.7239990234375,60.20000076293945,58.32400131225586,59.70399856567383,5241000,0.0,0.0
2021-10-06 00:00:00-04:00,58.88399887084961,60.94200134277344,58.577999114990234,60.36000061035156,4171000,0.0,0.0
2021-10-07 00:00:00-04:00,60.92599868774414,62.64799880981445,60.80400085449219,61.92399978637695,3705000,0.0,0.0
2021-10-08 00:00:00-04:00,62.0359992980957,62.448001861572266,61.06999969482422,61.433998107910156,2363000,0.0,0.0
2021-10-11 00:00:00-04:00,61.03200149536133,61.821998596191406,60.56999969482422,61.36000061035156,2524000,0.0,0.0
2021-10-12 00:00:00-04:00,62.172000885009766,62.172000885009766,61.145999908447266,61.316001892089844,2510500,0.0,0.0
2021-10-13 00:00:00-04:00,61.77799987792969,62.79999923706055,61.60200119018555,62.02000045776367,3788000,0.0,0.0
2021-10-14 00:00:00-04:00,62.97800064086914,63.7760009765625,62.220001220703125,62.762001037597656,4454000,0.0,0.0
2021-10-15 00:00:00-04:00,62.992000579833984,63.316001892089844,62.34600067138672,63.05799865722656,3697500,0.0,0.0
2021-10-18 00:00:00-04:00,63.09199905395508,65.37799835205078,63.09199905395508,65.3479995727539,4646500,0.0,0.0
2021-10-19 00:00:00-04:00,65.7699966430664,66.61799621582031,65.30000305175781,66.42400360107422,4547000,0.0,0.0
2021-10-20 00:00:00-04:00,66.84200286865234,67.3219985961914,65.7239990234375,66.69000244140625,3533000,0.0,0.0
2021-10-21 00:00:00-04:00,66.76799774169922,66.89199829101562,65.54000091552734,66.86799621582031,3108500,0.0,0.0
2021-10-22 00:00:00-04:00,66.97200012207031,67.76399993896484,66.26000213623047,67.05799865722656,2282500,0.0,0.0
2021-10-25 00:00:00-04:00,67.5199966430664,69.05000305175781,66.2040023803711,66.38200378417969,4970000,0.0,0.0
2021-10-26 00:00:00-04:00,66.79199981689453,66.81999969482422,64.0,64.5260009765625,7187000,0.0,0.0
2021-10-27 00:00:00-04:00,64.83999633789062,65.7040023803711,64.04399871826172,64.12200164794922,3491500,0.0,0.0
2021-10-28 00:00:00-04:00,64.13600158691406,65.52799987792969,64.13600158691406,65.47599792480469,2842500,0.0,0.0
2021-10-29 00:00:00-04:00,65.052001953125,67.58799743652344,65.01000213623047,67.26799774169922,4276500,0.0,0.0
2021-11-01 00:00:00-04:00,67.26799774169922,67.5979995727539,63.8120002746582,64.8219985961914,5875000,0.0,0.0
2021-11-02 00:00:00-04:00,64.99600219726562,66.39600372314453,64.94200134277344,65.68599700927734,3826500,0.0,0.0
2021-11-03 00:00:00-04:00,66.01200103759766,66.47200012207031,64.44400024414062,65.98400115966797,3431500,0.0,0.0
2021-11-04 00:00:00-04:00,65.73200225830078,67.70600128173828,65.71800231933594,67.68000030517578,5747500,0.0,0.0
2021-11-05 00:00:00-04:00,69.84600067138672,69.84600067138672,65.50199890136719,68.23799896240234,8395000,0.0,0.0
2021-11-08 00:00:00-05:00,69.0,71.06999969482422,68.27200317382812,70.23799896240234,6589000,0.0,0.0
2021-11-09 00:00:00-05:00,70.39399719238281,70.8280029296875,68.66200256347656,69.81199645996094,5009500,0.0,0.0
2021-11-10 00:00:00-05:00,69.13400268554688,69.19999694824219,65.87999725341797,66.63200378417969,5811500,0.0,0.0
2021-11-11 00:00:00-05:00,67.77799987792969,67.98200225830078,66.90799713134766,67.3759994506836,3304500,0.0,0.0
2021-11-12 00:00:00-05:00,67.86799621582031,68.74800109863281,67.8499984741211,68.43399810791016,2909000,0.0,0.0
2021-11-15 00:00:00-05:00,68.94999694824219,68.94999694824219,66.35800170898438,67.0260009765625,3757000,0.0,0.0
2021-11-16 00:00:00-05:00,66.4219970703125,68.49600219726562,66.4219970703125,68.2020034790039,3391000,0.0,0.0
2021-11-17 00:00:00-05:00,68.24600219726562,68.8280029296875,66.95800018310547,68.2699966430664,3756500,0.0,0.0
2021-11-18 00:00:00-05:00,68.19999694824219,69.27999877929688,67.61399841308594,68.7020034790039,3465000,0.0,0.0
2021-11-19 00:00:00-05:00,69.37200164794922,70.12799835205078,68.38400268554688,68.50199890136719,3608000,0.0,0.0
2021-11-22 00:00:00-05:00,68.73999786376953,68.90799713134766,65.06199645996094,66.16000366210938,5159500,0.0,0.0
2021-11-23 00:00:00-05:00,65.31400299072266,66.62999725341797,63.65399932861328,65.49600219726562,5327500,0.0,0.0
2021-11-24 00:00:00-05:00,65.37000274658203,66.6760025024414,63.99399948120117,66.64800262451172,2946000,0.0,0.0
2021-11-26 00:00:00-05:00,66.08999633789062,68.20800018310547,65.04199981689453,65.47799682617188,3236000,0.0,0.0
2021-11-29 00:00:00-05:00,66.5999984741211,69.0999984741211,66.36599731445312,68.66000366210938,5235500,0.0,0.0
2021-11-30 00:00:00-05:00,68.9280014038086,69.55400085449219,66.06600189208984,66.4219970703125,8660000,0.0,0.0
2021-12-01 00:00:00-05:00,67.5199966430664,67.61000061035156,60.902000427246094,61.051998138427734,11505500,0.0,0.0
2021-12-02 00:00:00-05:00,61.051998138427734,62.93199920654297,60.220001220703125,62.62200164794922,8490500,0.0,0.0
2021-12-03 00:00:00-05:00,62.17599868774414,62.650001525878906,59.33399963378906,60.56399917602539,10449000,0.0,0.0
2021-12-06 00:00:00-05:00,59.55799865722656,60.104000091552734,57.847999572753906,58.40800094604492,11292500,0.0,0.0
2021-12-07 00:00:00-05:00,60.63800048828125,63.540000915527344,60.597999572753906,63.448001861572266,6454000,0.0,0.0
2021-12-08 00:00:00-05:00,63.44599914550781,64.7760009765625,62.2859992980957,64.48799896240234,5147000,0.0,0.0
2021-12-09 00:00:00-05:00,64.57599639892578,64.89199829101562,62.96799850463867,63.284000396728516,4041500,0.0,0.0
2021-12-10 00:00:00-05:00,64.0199966430664,66.85600280761719,64.0199966430664,66.5260009765625,6902000,0.0,0.0
2021-12-13 00:00:00-05:00,66.91200256347656,67.8759994506836,65.75,66.31999969482422,7119500,0.0,0.0
2021-12-14 00:00:00-05:00,64.57599639892578,64.62999725341797,61.215999603271484,63.15999984741211,8491500,0.0,0.0
2021-12-15 00:00:00-05:00,63.20000076293945,67.52200317382812,63.183998107910156,67.35600280761719,8266000,0.0,0.0
2021-12-16 00:00:00-05:00,67.09600067138672,67.54000091552734,63.99599838256836,64.58399963378906,7288000,0.0,0.0
2021-12-17 00:00:00-05:00,63.27399826049805,67.43800354003906,63.02399826049805,66.76599884033203,48309500,0.0,0.0
2021-12-20 00:00:00-05:00,64.7300033569336,66.87200164794922,64.14600372314453,66.10600280761719,7360500,0.0,0.0
2021-12-21 00:00:00-05:00,66.95600128173828,67.95600128173828,64.63999938964844,67.8499984741211,5662000,0.0,0.0
2021-12-22 00:00:00-05:00,68.0,69.75800323486328,67.0,69.63200378417969,4233500,0.0,0.0
2021-12-23 00:00:00-05:00,69.5999984741211,70.96800231933594,69.21600341796875,69.80400085449219,3536000,0.0,0.0
2021-12-27 00:00:00-05:00,70.77799987792969,73.55799865722656,70.75199890136719,73.53399658203125,5094000,0.0,0.0
2021-12-28 00:00:00-05:00,74.0,74.0,72.30400085449219,73.19999694824219,3828500,0.0,0.0
2021-12-29 00:00:00-05:00,73.25,74.35399627685547,72.54199981689453,73.3479995727539,2975500,0.0,0.0
2021-12-30 00:00:00-05:00,73.44599914550781,74.05799865722656,71.76000213623047,71.95600128173828,3754000,0.0,0.0
2021-12-31 00:00:00-05:00,71.9520034790039,72.71199798583984,71.78600311279297,71.87999725341797,2640500,0.0,0.0
2022-01-03 00:00:00-05:00,72.42400360107422,72.42400360107422,66.48799896240234,66.6240005493164,9515000,0.0,0.0
2022-01-04 00:00:00-05:00,66.0999984741211,66.68399810791016,62.534000396728516,64.4280014038086,9829000,0.0,0.0
2022-01-05 00:00:00-05:00,63.17599868774414,63.939998626708984,60.582000732421875,60.698001861572266,12033000,0.0,0.0
2022-01-06 00:00:00-05:00,58.89799880981445,63.933998107910156,58.737998962402344,62.79999923706055,12004000,0.0,0.0
2022-01-07 00:00:00-05:00,61.88800048828125,63.965999603271484,61.816001892089844,62.93199920654297,8805000,0.0,0.0
2022-01-10 00:00:00-05:00,60.84400177001953,64.98200225830078,60.48400115966797,64.94200134277344,11657500,0.0,0.0
2022-01-11 00:00:00-05:00,63.54600143432617,64.80000305175781,62.79999923706055,64.71199798583984,7455500,0.0,0.0
2022-01-12 00:00:00-05:00,65.10800170898438,66.05000305175781,63.641998291015625,64.15799713134766,7013500,0.0,0.0
2022-01-13 00:00:00-05:00,64.10800170898438,64.55999755859375,61.45199966430664,61.57600021362305,6471000,0.0,0.0
2022-01-14 00:00:00-05:00,61.04999923706055,62.7760009765625,60.63199996948242,62.507999420166016,6412000,0.0,0.0
2022-01-18 00:00:00-05:00,60.816001892089844,63.52799987792969,60.61000061035156,61.694000244140625,7610000,0.0,0.0
2022-01-19 00:00:00-05:00,62.470001220703125,64.63200378417969,61.347999572753906,61.43199920654297,5922000,0.0,0.0
2022-01-20 00:00:00-05:00,61.99599838256836,63.5880012512207,60.93000030517578,60.99800109863281,5268000,0.0,0.0
2022-01-21 00:00:00-05:00,60.37200164794922,60.880001068115234,57.650001525878906,57.72999954223633,9746500,0.0,0.0
2022-01-24 00:00:00-05:00,56.53200149536133,58.150001525878906,52.56800079345703,58.07400131225586,16821500,0.0,0.0
2022-01-25 00:00:00-05:00,56.75600051879883,56.88600158691406,54.22600173950195,54.59000015258789,8703000,0.0,0.0
2022-01-26 00:00:00-05:00,56.36000061035156,57.301998138427734,53.6619987487793,54.22999954223633,8629000,0.0,0.0
2022-01-27 00:00:00-05:00,55.130001068115234,56.33399963378906,53.731998443603516,53.944000244140625,6165500,0.0,0.0
2022-01-28 00:00:00-05:00,54.75,56.512001037597656,53.040000915527344,56.43199920654297,7346500,0.0,0.0
2022-01-31 00:00:00-05:00,56.43199920654297,59.619998931884766,55.9119987487793,59.448001861572266,9103500,0.0,0.0
2022-02-01 00:00:00-05:00,59.56800079345703,60.625999450683594,58.358001708984375,60.43600082397461,6467000,0.0,0.0
2022-02-02 00:00:00-05:00,61.2239990234375,62.20000076293945,60.604000091552734,61.97600173950195,8535500,0.0,0.0
2022-02-03 00:00:00-05:00,59.895999908447266,62.10599899291992,59.07400131225586,59.400001525878906,8857500,0.0,0.0
2022-02-04 00:00:00-05:00,60.81399917602539,63.465999603271484,57.83599853515625,62.86600112915039,12722500,0.0,0.0
2022-02-07 00:00:00-05:00,62.284000396728516,63.380001068115234,61.15399932861328,61.444000244140625,5925000,0.0,0.0
2022-02-08 00:00:00-05:00,61.18600082397461,63.194000244140625,60.88999938964844,62.97200012207031,4988000,0.0,0.0
2022-02-09 00:00:00-05:00,64.0,66.052001953125,63.709999084472656,65.96800231933594,6909000,0.0,0.0
2022-02-10 00:00:00-05:00,64.25,66.47200012207031,64.10399627685547,65.0719985961914,5765000,0.0,0.0
2022-02-11 00:00:00-05:00,65.25800323486328,65.95600128173828,61.63800048828125,62.05400085449219,5881000,0.0,0.0
2022-02-14 00:00:00-05:00,62.2239990234375,63.35599899291992,61.290000915527344,62.06999969482422,5370000,0.0,0.0
2022-02-15 00:00:00-05:00,63.37200164794922,64.6719970703125,62.97999954223633,64.48400115966797,3830000,0.0,0.0
2022-02-16 00:00:00-05:00,63.492000579833984,64.30400085449219,62.06800079345703,64.0719985961914,4955500,0.0,0.0
2022-02-17 00:00:00-05:00,63.5260009765625,63.5260009765625,61.84600067138672,62.108001708984375,3957000,0.0,0.0
2022-02-18 00:00:00-05:00,62.2140007019043,62.86199951171875,60.78799819946289,60.970001220703125,4612000,0.0,0.0
2022-02-22 00:00:00-05:00,60.40599822998047,61.34000015258789,58.59000015258789,59.47999954223633,6688500,0.0,0.0
2022-02-23 00:00:00-05:00,60.09000015258789,60.7400016784668,56.683998107910156,56.902000427246094,6862000,0.0,0.0
2022-02-24 00:00:00-05:00,55.57600021362305,63.694000244140625,55.1879997253418,63.290000915527344,12905500,0.0,0.0
2022-02-25 00:00:00-05:00,63.391998291015625,65.11199951171875,62.0,64.99400329589844,6182500,0.0,0.0
2022-02-28 00:00:00-05:00,64.51000213623047,69.08999633789062,64.30400085449219,68.90399932861328,12006500,0.0,0.0
2022-03-01 00:00:00-05:00,69.20999908447266,70.30400085449219,66.84400177001953,67.56600189208984,8148000,0.0,0.0
2022-03-02 00:00:00-05:00,67.93000030517578,69.3740005493164,66.4739990234375,68.96199798583984,5867000,0.0,0.0
2022-03-03 00:00:00-05:00,69.22599792480469,69.65799713134766,66.30799865722656,67.2699966430664,5678000,0.0,0.0
2022-03-04 00:00:00-05:00,67.25599670410156,67.80999755859375,65.29199981689453,67.09200286865234,6077500,0.0,0.0
2022-03-07 00:00:00-05:00,66.74400329589844,67.59200286865234,58.167999267578125,58.27399826049805,12903000,0.0,0.0
2022-03-08 00:00:00-05:00,56.91400146484375,57.29999923706055,54.5,55.36600112915039,10565500,0.0,0.0
2022-03-09 00:00:00-05:00,57.02199935913086,57.86000061035156,54.805999755859375,57.486000061035156,10994500,0.0,0.0
2022-03-10 00:00:00-05:00,56.86000061035156,57.94599914550781,55.512001037597656,57.35200119018555,7338000,0.0,0.0
2022-03-11 00:00:00-05:00,58.4119987487793,58.4119987487793,55.70399856567383,55.82600021362305,6845000,0.0,0.0
2022-03-14 00:00:00-04:00,55.26599884033203,56.422000885009766,53.05400085449219,55.0880012512207,9983000,0.0,0.0
2022-03-15 00:00:00-04:00,55.689998626708984,56.79600143432617,54.75199890136719,56.66400146484375,6130000,0.0,0.0
2022-03-16 00:00:00-04:00,56.77000045776367,59.566001892089844,56.34000015258789,59.507999420166016,9152500,0.0,0.0
2022-03-17 00:00:00-04:00,58.742000579833984,60.70800018310547,57.84000015258789,60.69599914550781,8120000,0.0,0.0
2022-03-18 00:00:00-04:00,60.597999572753906,64.23200225830078,60.060001373291016,63.99399948120117,13095000,0.0,0.0
2022-03-21 00:00:00-04:00,63.06800079345703,63.77199935913086,61.1619987487793,62.90599822998047,7950500,0.0,0.0
2022-03-22 00:00:00-04:00,62.64400100708008,65.35600280761719,62.400001525878906,65.13800048828125,6457500,0.0,0.0
2022-03-23 00:00:00-04:00,64.75,65.91000366210938,63.63399887084961,64.28600311279297,3931500,0.0,0.0
2022-03-24 00:00:00-04:00,64.50399780273438,67.2699966430664,63.66600036621094,67.14199829101562,4998500,0.0,0.0
2022-03-25 00:00:00-04:00,66.5999984741211,67.2300033569336,64.40599822998047,66.5459976196289,4292500,0.0,0.0
2022-03-28 00:00:00-04:00,66.5999984741211,68.24600219726562,65.9219970703125,67.70600128173828,3872000,0.0,0.0
2022-03-29 00:00:00-04:00,68.91200256347656,69.71800231933594,67.27200317382812,69.49600219726562,6421000,0.0,0.0
2022-03-30 00:00:00-04:00,69.0,70.16000366210938,68.00199890136719,68.38600158691406,3578000,0.0,0.0
2022-03-31 00:00:00-04:00,68.25199890136719,70.59600067138672,68.25199890136719,68.3479995727539,6092500,0.0,0.0
2022-04-01 00:00:00-04:00,68.2020034790039,69.0199966430664,67.2040023803711,67.802001953125,3621500,0.0,0.0
2022-04-04 00:00:00-04:00,68.49600219726562,69.5260009765625,68.06999969482422,69.33799743652344,3355000,0.0,0.0
2022-04-05 00:00:00-04:00,69.24800109863281,69.39600372314453,67.7300033569336,68.37799835205078,4341500,0.0,0.0
2022-04-06 00:00:00-04:00,67.06199645996094,67.55799865722656,65.7040023803711,66.41400146484375,4918500,0.0,0.0
2022-04-07 00:00:00-04:00,66.25399780273438,68.90399932861328,66.25399780273438,67.6240005493164,5227500,0.0,0.0
2022-04-08 00:00:00-04:00,67.02400207519531,68.34200286865234,66.77999877929688,67.16600036621094,3617500,0.0,0.0
2022-04-11 00:00:00-04:00,66.13800048828125,66.76799774169922,64.93000030517578,65.61399841308594,4485000,0.0,0.0
2022-04-12 00:00:00-04:00,67.06199645996094,68.34400177001953,65.48999786376953,66.0199966430664,3894000,0.0,0.0
2022-04-13 00:00:00-04:00,66.39800262451172,68.54000091552734,66.10399627685547,68.1719970703125,3954500,0.0,0.0
2022-04-14 00:00:00-04:00,68.56999969482422,68.6780014038086,66.20999908447266,66.35199737548828,3645000,0.0,0.0
2022-04-18 00:00:00-04:00,65.88600158691406,66.84400177001953,64.6500015258789,66.08399963378906,3188000,0.0,0.0
2022-04-19 00:00:00-04:00,65.8740005493164,67.23200225830078,65.09200286865234,67.03800201416016,3805000,0.0,0.0
2022-04-20 00:00:00-04:00,67.5999984741211,69.7300033569336,67.34600067138672,68.11599731445312,5339000,0.0,0.0
2022-04-21 00:00:00-04:00,68.91600036621094,71.51599884033203,64.08599853515625,64.25199890136719,6071000,0.0,0.0
2022-04-22 00:00:00-04:00,64.18000030517578,64.76799774169922,60.72800064086914,60.858001708984375,5262000,0.0,0.0
2022-04-25 00:00:00-04:00,60.42599868774414,64.86199951171875,60.20199966430664,64.697998046875,6626000,0.0,0.0
2022-04-26 00:00:00-04:00,63.86600112915039,64.28800201416016,61.28799819946289,61.29999923706055,4976500,0.0,0.0
2022-04-27 00:00:00-04:00,61.316001892089844,63.14799880981445,59.928001403808594,60.06399917602539,5187000,0.0,0.0
2022-04-28 00:00:00-04:00,60.847999572753906,62.37799835205078,59.33399963378906,61.72999954223633,5961500,0.0,0.0
2022-04-29 00:00:00-04:00,61.24399948120117,61.97600173950195,57.52799987792969,57.801998138427734,6013000,0.0,0.0
2022-05-02 00:00:00-04:00,57.71200180053711,58.89799880981445,56.70600128173828,58.40399932861328,6456000,0.0,0.0
2022-05-03 00:00:00-04:00,58.40399932861328,58.79999923706055,56.72600173950195,57.305999755859375,5069500,0.0,0.0
2022-05-04 00:00:00-04:00,56.8380012512207,57.698001861572266,53.551998138427734,57.4739990234375,11359000,0.0,0.0
2022-05-05 00:00:00-04:00,60.599998474121094,61.27799987792969,55.15999984741211,56.90399932861328,13191000,0.0,0.0
2022-05-06 00:00:00-04:00,55.82400131225586,55.900001525878906,52.652000427246094,53.27399826049805,7995000,0.0,0.0
2022-05-09 00:00:00-04:00,51.95199966430664,52.380001068115234,48.72600173950195,49.04399871826172,10737000,0.0,0.0
2022-05-10 00:00:00-04:00,51.75600051879883,53.459999084472656,49.104000091552734,52.358001708984375,13170000,0.0,0.0
2022-05-11 00:00:00-04:00,52.31999969482422,55.74800109863281,51.875999450683594,52.19200134277344,15667500,0.0,0.0
2022-05-12 00:00:00-04:00,51.400001525878906,55.47999954223633,50.79999923706055,53.332000732421875,10798000,0.0,0.0
2022-05-13 00:00:00-04:00,54.512001037597656,56.698001861572266,54.46799850463867,56.310001373291016,8673500,0.0,0.0
2022-05-16 00:00:00-04:00,55.86000061035156,57.47600173950195,54.95600128173828,55.11399841308594,6360500,0.0,0.0
2022-05-17 00:00:00-04:00,56.68600082397461,57.400001525878906,55.034000396728516,56.5620002746582,7720500,0.0,0.0
2022-05-18 00:00:00-04:00,55.316001892089844,56.65599822998047,53.68600082397461,54.11600112915039,11199000,0.0,0.0
2022-05-19 00:00:00-04:00,53.518001556396484,56.321998596191406,53.14400100708008,55.03200149536133,8350500,0.0,0.0
2022-05-20 00:00:00-04:00,57.2599983215332,57.79999923706055,54.24599838256836,57.055999755859375,11468000,0.0,0.0
2022-05-23 00:00:00-04:00,57.290000915527344,58.50600051879883,56.71799850463867,57.27399826049805,7018000,0.0,0.0
2022-05-24 00:00:00-04:00,56.40800094604492,61.91999816894531,55.31399917602539,57.167999267578125,8979500,0.0,0.0
2022-05-25 00:00:00-04:00,56.189998626708984,58.14400100708008,56.0359992980957,57.4640007019043,6623500,0.0,0.0
2022-05-26 00:00:00-04:00,57.53799819946289,59.428001403808594,56.91600036621094,58.86000061035156,6211000,0.0,0.0
2022-05-27 00:00:00-04:00,59.43000030517578,59.928001403808594,58.45600128173828,59.57400131225586,9173000,0.0,0.0
2022-05-31 00:00:00-04:00,59.45399856567383,59.63199996948242,57.81399917602539,58.827999114990234,9866000,0.0,0.0
2022-06-01 00:00:00-04:00,59.25199890136719,59.849998474121094,57.444000244140625,57.8120002746582,5257000,0.0,0.0
2022-06-02 00:00:00-04:00,57.9119987487793,61.066001892089844,57.641998291015625,60.64400100708008,5513000,0.0,0.0
2022-06-03 00:00:00-04:00,59.624000549316406,59.928001403808594,58.395999908447266,59.327999114990234,4924500,0.0,0.0
2022-06-06 00:00:00-04:00,60.183998107910156,60.29800033569336,59.03200149536133,59.39400100708008,3275500,0.0,0.0
2022-06-07 00:00:00-04:00,58.74399948120117,61.29600143432617,58.54800033569336,61.07600021362305,4148000,0.0,0.0
2022-06-08 00:00:00-04:00,60.81999969482422,61.41600036621094,60.04199981689453,60.10599899291992,3418500,0.0,0.0
2022-06-09 00:00:00-04:00,60.512001037597656,62.40599822998047,59.534000396728516,60.70000076293945,5970000,0.0,0.0
2022-06-10 00:00:00-04:00,59.59199905395508,59.94200134277344,57.36399841308594,57.6619987487793,6866000,0.0,0.0
2022-06-13 00:00:00-04:00,55.597999572753906,55.83000183105469,53.0099983215332,53.29800033569336,6939000,0.0,0.0
2022-06-14 00:00:00-04:00,53.74800109863281,54.305999755859375,53.02399826049805,53.84600067138672,4913500,0.0,0.0
2022-06-15 00:00:00-04:00,54.4900016784668,56.5880012512207,54.13800048828125,55.50400161743164,5361000,0.0,0.0
2022-06-16 00:00:00-04:00,54.0880012512207,54.55400085449219,52.33599853515625,52.74599838256836,5731000,0.0,0.0
2022-06-17 00:00:00-04:00,52.624000549316406,54.29800033569336,52.599998474121094,53.79800033569336,11750500,0.0,0.0
2022-06-21 00:00:00-04:00,55.18000030517578,57.0,55.09400177001953,56.20199966430664,5768500,0.0,0.0
2022-06-22 00:00:00-04:00,55.198001861572266,56.9119987487793,55.099998474121094,55.6879997253418,4096500,0.0,0.0
2022-06-23 00:00:00-04:00,56.20000076293945,57.36000061035156,55.189998626708984,56.79999923706055,4602300,0.0,5.0
2022-06-24 00:00:00-04:00,57.5099983215332,59.380001068115234,56.380001068115234,59.130001068115234,7996900,0.0,0.0
2022-06-27 00:00:00-04:00,58.970001220703125,60.38999938964844,57.58000183105469,58.849998474121094,3179500,0.0,0.0
2022-06-28 00:00:00-04:00,59.61000061035156,60.59000015258789,57.060001373291016,57.290000915527344,4750500,0.0,0.0
2022-06-29 00:00:00-04:00,57.25,57.95000076293945,56.45000076293945,57.16999816894531,3357600,0.0,0.0
2022-06-30 00:00:00-04:00,56.75,57.36000061035156,55.849998474121094,56.58000183105469,4280000,0.0,0.0
2022-07-01 00:00:00-04:00,56.400001525878906,57.630001068115234,55.779998779296875,57.369998931884766,2661700,0.0,0.0
2022-07-05 00:00:00-04:00,56.130001068115234,59.20000076293945,56.040000915527344,59.0,3437600,0.0,0.0
2022-07-06 00:00:00-04:00,59.52000045776367,60.599998474121094,59.09000015258789,59.869998931884766,4152500,0.0,0.0
2022-07-07 00:00:00-04:00,60.25,61.91999816894531,59.810001373291016,61.619998931884766,5456500,0.0,0.0
2022-07-08 00:00:00-04:00,61.2599983215332,63.11000061035156,60.59000015258789,62.70000076293945,3691500,0.0,0.0
2022-07-11 00:00:00-04:00,62.22999954223633,62.63999938964844,61.36000061035156,62.279998779296875,3544000,0.0,0.0
2022-07-12 00:00:00-04:00,63.0,63.560001373291016,59.13999938964844,59.619998931884766,5614700,0.0,0.0
2022-07-13 00:00:00-04:00,58.099998474121094,59.90999984741211,57.439998626708984,58.90999984741211,3750900,0.0,0.0
2022-07-14 00:00:00-04:00,58.290000915527344,58.31999969482422,55.56999969482422,57.63999938964844,4630600,0.0,0.0
2022-07-15 00:00:00-04:00,58.08000183105469,60.58000183105469,58.08000183105469,60.220001220703125,4738200,0.0,0.0
2022-07-18 00:00:00-04:00,60.43000030517578,60.900001525878906,57.779998779296875,58.0,4819300,0.0,0.0
2022-07-19 00:00:00-04:00,59.31999969482422,59.59000015258789,58.34000015258789,59.20000076293945,7184900,0.0,0.0
2022-07-20 00:00:00-04:00,59.529998779296875,60.630001068115234,58.84000015258789,59.63999938964844,5244700,0.0,0.0
2022-07-21 00:00:00-04:00,59.970001220703125,61.93000030517578,59.02000045776367,61.86000061035156,3901200,0.0,0.0
2022-07-22 00:00:00-04:00,62.31999969482422,63.400001525878906,60.90999984741211,61.22999954223633,2397600,0.0,0.0
2022-07-25 00:00:00-04:00,61.18000030517578,61.2400016784668,59.95000076293945,61.0,3182800,0.0,0.0
2022-07-26 00:00:00-04:00,61.209999084472656,61.209999084472656,55.209999084472656,56.2599983215332,6507200,0.0,0.0
2022-07-27 00:00:00-04:00,57.310001373291016,58.540000915527344,56.349998474121094,57.93000030517578,4262400,0.0,0.0
2022-07-28 00:00:00-04:00,58.2599983215332,59.630001068115234,57.349998474121094,59.400001525878906,3886300,0.0,0.0
2022-07-29 00:00:00-04:00,59.459999084472656,59.93000030517578,58.529998779296875,59.650001525878906,4806100,0.0,0.0
2022-08-01 00:00:00-04:00,59.029998779296875,60.95000076293945,58.58000183105469,60.060001373291016,3960200,0.0,0.0
2022-08-02 00:00:00-04:00,59.54999923706055,61.029998779296875,59.400001525878906,60.369998931884766,4032500,0.0,0.0
2022-08-03 00:00:00-04:00,61.189998626708984,63.15999984741211,60.83000183105469,62.880001068115234,6500500,0.0,0.0
2022-08-04 00:00:00-04:00,56.83000183105469,56.959999084472656,52.0,52.61000061035156,19687500,0.0,0.0
2022-08-05 00:00:00-04:00,52.0,53.45000076293945,51.2400016784668,53.38999938964844,11779800,0.0,0.0
2022-08-08 00:00:00-04:00,53.52000045776367,54.369998931884766,53.16999816894531,53.31999969482422,6171000,0.0,0.0
2022-08-09 00:00:00-04:00,52.90999984741211,53.36000061035156,51.900001525878906,52.189998626708984,4391000,0.0,0.0
2022-08-10 00:00:00-04:00,54.040000915527344,54.31999969482422,53.34000015258789,53.88999938964844,6173500,0.0,0.0
2022-08-11 00:00:00-04:00,54.290000915527344,54.869998931884766,52.40999984741211,52.52000045776367,5496400,0.0,0.0
2022-08-12 00:00:00-04:00,53.06999969482422,54.40999984741211,52.790000915527344,54.290000915527344,5007700,0.0,0.0
2022-08-15 00:00:00-04:00,53.900001525878906,54.529998779296875,53.7599983215332,54.08000183105469,3109700,0.0,0.0
2022-08-16 00:00:00-04:00,53.84000015258789,54.27000045776367,52.31999969482422,52.939998626708984,4902300,0.0,0.0
2022-08-17 00:00:00-04:00,52.33000183105469,52.63999938964844,51.630001068115234,51.93000030517578,4814200,0.0,0.0
2022-08-18 00:00:00-04:00,52.06999969482422,52.560001373291016,51.81999969482422,52.27000045776367,3793700,0.0,0.0
2022-08-19 00:00:00-04:00,51.869998931884766,52.15999984741211,51.06999969482422,51.290000915527344,4369400,0.0,0.0
2022-08-22 00:00:00-04:00,50.279998779296875,50.790000915527344,49.709999084472656,50.31999969482422,6160800,0.0,0.0
2022-08-23 00:00:00-04:00,50.90999984741211,52.31999969482422,50.5099983215332,50.59000015258789,6809900,0.0,0.0
2022-08-24 00:00:00-04:00,50.7400016784668,50.900001525878906,49.97999954223633,50.15999984741211,3366000,0.0,0.0
2022-08-25 00:00:00-04:00,50.66999816894531,50.970001220703125,50.18000030517578,50.869998931884766,4258900,0.0,0.0
2022-08-26 00:00:00-04:00,51.220001220703125,51.220001220703125,49.41999816894531,49.56999969482422,7008600,0.0,0.0
2022-08-29 00:00:00-04:00,49.349998474121094,49.4900016784668,48.56999969482422,48.689998626708984,5837100,0.0,0.0
2022-08-30 00:00:00-04:00,49.189998626708984,49.36000061035156,48.310001373291016,49.040000915527344,6129900,0.0,0.0
2022-08-31 00:00:00-04:00,49.45000076293945,50.18000030517578,48.4900016784668,48.689998626708984,5860000,0.0,0.0
2022-09-01 00:00:00-04:00,48.040000915527344,48.599998474121094,47.369998931884766,48.54999923706055,5723800,0.0,0.0
2022-09-02 00:00:00-04:00,49.08000183105469,49.54999923706055,48.34000015258789,48.599998474121094,6405100,0.0,0.0
2022-09-06 00:00:00-04:00,48.68000030517578,49.939998626708984,48.029998779296875,49.650001525878906,7441800,0.0,0.0
2022-09-07 00:00:00-04:00,49.880001068115234,50.63999938964844,49.290000915527344,50.45000076293945,5120600,0.0,0.0
2022-09-08 00:00:00-04:00,50.209999084472656,51.84000015258789,49.97999954223633,51.709999084472656,4492200,0.0,0.0
2022-09-09 00:00:00-04:00,52.08000183105469,53.689998626708984,52.08000183105469,53.59000015258789,5488200,0.0,0.0
2022-09-12 00:00:00-04:00,53.779998779296875,55.939998626708984,53.75,55.84000015258789,7382400,0.0,0.0
2022-09-13 00:00:00-04:00,53.22999954223633,53.619998931884766,51.79999923706055,51.869998931884766,7693700,0.0,0.0
2022-09-14 00:00:00-04:00,52.25,52.31999969482422,51.04999923706055,51.939998626708984,4542200,0.0,0.0
2022-09-15 00:00:00-04:00,51.91999816894531,52.47999954223633,50.540000915527344,50.81999969482422,6011900,0.0,0.0
2022-09-16 00:00:00-04:00,50.189998626708984,50.63999938964844,49.599998474121094,50.41999816894531,10405500,0.0,0.0
2022-09-19 00:00:00-04:00,49.61000061035156,50.84000015258789,49.61000061035156,50.7400016784668,3593400,0.0,0.0
2022-09-20 00:00:00-04:00,50.33000183105469,51.099998474121094,50.16999816894531,50.77000045776367,3590100,0.0,0.0
2022-09-21 00:00:00-04:00,51.11000061035156,51.79999923706055,49.7599983215332,49.79999923706055,4367600,0.0,0.0
2022-09-22 00:00:00-04:00,49.5099983215332,50.16999816894531,48.63999938964844,48.7400016784668,4057600,0.0,0.0
2022-09-23 00:00:00-04:00,48.5,48.91999816894531,47.95000076293945,48.59000015258789,4248100,0.0,0.0
2022-09-26 00:00:00-04:00,48.77000045776367,49.540000915527344,48.209999084472656,48.290000915527344,3514600,0.0,0.0
2022-09-27 00:00:00-04:00,49.0099983215332,49.7400016784668,47.869998931884766,48.5,4214800,0.0,0.0
2022-09-28 00:00:00-04:00,48.939998626708984,50.22999954223633,48.400001525878906,49.970001220703125,3878500,0.0,0.0
2022-09-29 00:00:00-04:00,49.5,49.86000061035156,48.4900016784668,49.630001068115234,3470000,0.0,0.0
2022-09-30 00:00:00-04:00,49.59000015258789,50.59000015258789,49.060001373291016,49.130001068115234,4727200,0.0,0.0
2022-10-03 00:00:00-04:00,49.58000183105469,51.38999938964844,49.33000183105469,50.959999084472656,5040400,0.0,0.0
2022-10-04 00:00:00-04:00,52.27000045776367,53.08000183105469,52.11000061035156,52.68000030517578,3892400,0.0,0.0
2022-10-05 00:00:00-04:00,51.70000076293945,53.849998474121094,51.689998626708984,53.59000015258789,3368100,0.0,0.0
2022-10-06 00:00:00-04:00,53.790000915527344,54.75,53.560001373291016,53.7400016784668,4983300,0.0,0.0
2022-10-07 00:00:00-04:00,52.68000030517578,53.15999984741211,50.95000076293945,51.470001220703125,5489900,0.0,0.0
2022-10-10 00:00:00-04:00,53.310001373291016,53.84000015258789,50.83000183105469,51.22999954223633,6975000,0.0,0.0
2022-10-11 00:00:00-04:00,50.810001373291016,51.060001373291016,48.290000915527344,48.58000183105469,6377600,0.0,0.0
2022-10-12 00:00:00-04:00,48.810001373291016,48.95000076293945,47.400001525878906,48.209999084472656,4970400,0.0,0.0
2022-10-13 00:00:00-04:00,46.459999084472656,49.630001068115234,45.7400016784668,49.20000076293945,5114200,0.0,0.0
2022-10-14 00:00:00-04:00,50.060001373291016,50.27000045776367,48.06999969482422,48.130001068115234,4751700,0.0,0.0
2022-10-17 00:00:00-04:00,49.66999816894531,50.7400016784668,49.66999816894531,50.459999084472656,5594600,0.0,0.0
2022-10-18 00:00:00-04:00,52.189998626708984,52.75,50.65999984741211,51.560001373291016,5122000,0.0,0.0
2022-10-19 00:00:00-04:00,51.16999816894531,52.7400016784668,51.09000015258789,51.790000915527344,4373800,0.0,0.0
2022-10-20 00:00:00-04:00,52.02000045776367,53.130001068115234,51.29999923706055,51.59000015258789,4433500,0.0,0.0
2022-10-21 00:00:00-04:00,51.720001220703125,53.869998931884766,50.939998626708984,53.75,5512200,0.0,0.0
2022-10-24 00:00:00-04:00,54.34000015258789,55.5,52.83000183105469,54.900001525878906,5905900,0.0,0.0
2022-10-25 00:00:00-04:00,54.97999954223633,56.75,54.97999954223633,55.91999816894531,5524300,0.0,0.0
2022-10-26 00:00:00-04:00,55.09000015258789,57.25,54.79999923706055,55.4900016784668,5972700,0.0,0.0
2022-10-27 00:00:00-04:00,56.20000076293945,57.0,55.5099983215332,56.0099983215332,4246200,0.0,0.0
2022-10-28 00:00:00-04:00,56.36000061035156,57.15999984741211,55.27000045776367,57.099998474121094,3795400,0.0,0.0
2022-10-31 00:00:00-04:00,56.38999938964844,57.34000015258789,55.900001525878906,57.15999984741211,5405900,0.0,0.0
2022-11-01 00:00:00-04:00,57.86000061035156,58.290000915527344,56.38999938964844,56.41999816894531,4765900,0.0,0.0
2022-11-02 00:00:00-04:00,56.20000076293945,56.33000183105469,53.09000015258789,53.22999954223633,9976900,0.0,0.0
2022-11-03 00:00:00-04:00,45.54999923706055,47.34000015258789,42.61000061035156,45.93000030517578,16959800,0.0,0.0
2022-11-04 00:00:00-04:00,46.209999084472656,47.310001373291016,45.150001525878906,47.099998474121094,9579800,0.0,0.0
2022-11-07 00:00:00-05:00,47.220001220703125,48.27000045776367,45.939998626708984,47.86000061035156,6168100,0.0,0.0
2022-11-08 00:00:00-05:00,48.5099983215332,51.2400016784668,48.150001525878906,50.599998474121094,7081000,0.0,0.0
2022-11-09 00:00:00-05:00,50.25,50.52000045776367,49.59000015258789,49.880001068115234,4717300,0.0,0.0
2022-11-10 00:00:00-05:00,53.27000045776367,54.7400016784668,52.779998779296875,54.38999938964844,7428200,0.0,0.0
2022-11-11 00:00:00-05:00,54.0,56.22999954223633,53.7599983215332,56.130001068115234,6267100,0.0,0.0
2022-11-14 00:00:00-05:00,55.70000076293945,56.90999984741211,54.79999923706055,55.52000045776367,5687800,0.0,0.0
2022-11-15 00:00:00-05:00,56.900001525878906,57.38999938964844,55.65999984741211,56.20000076293945,4498100,0.0,0.0
2022-11-16 00:00:00-05:00,55.68000030517578,55.97999954223633,54.5099983215332,54.689998626708984,4280700,0.0,0.0
2022-11-17 00:00:00-05:00,53.459999084472656,54.540000915527344,52.68000030517578,54.13999938964844,5429300,0.0,0.0
2022-11-18 00:00:00-05:00,55.79999923706055,55.79999923706055,51.2599983215332,52.150001525878906,6357000,0.0,0.0
2022-11-21 00:00:00-05:00,51.560001373291016,52.59000015258789,51.400001525878906,52.31999969482422,3731600,0.0,0.0
2022-11-22 00:00:00-05:00,52.779998779296875,52.849998474121094,51.220001220703125,52.279998779296875,4935600,0.0,0.0
2022-11-23 00:00:00-05:00,52.25,53.58000183105469,51.84000015258789,53.349998474121094,2997200,0.0,0.0
2022-11-25 00:00:00-05:00,53.08000183105469,53.47999954223633,52.869998931884766,52.90999984741211,2117800,0.0,0.0
2022-11-28 00:00:00-05:00,52.970001220703125,53.2400016784668,51.88999938964844,52.08000183105469,3905800,0.0,0.0
2022-11-29 00:00:00-05:00,52.25,52.29999923706055,50.84000015258789,51.59000015258789,5729100,0.0,0.0
2022-11-30 00:00:00-05:00,51.22999954223633,53.189998626708984,50.47999954223633,53.15999984741211,11465700,0.0,0.0
2022-12-01 00:00:00-05:00,53.630001068115234,55.54999923706055,53.349998474121094,55.380001068115234,4410200,0.0,0.0
2022-12-02 00:00:00-05:00,54.11000061035156,54.36000061035156,52.959999084472656,53.61000061035156,4685400,0.0,0.0
2022-12-05 00:00:00-05:00,52.720001220703125,52.83000183105469,51.13999938964844,51.66999816894531,3644100,0.0,0.0
2022-12-06 00:00:00-05:00,51.77000045776367,51.88999938964844,50.630001068115234,50.849998474121094,3714300,0.0,0.0
2022-12-07 00:00:00-05:00,50.7400016784668,51.77000045776367,50.369998931884766,51.599998474121094,3172400,0.0,0.0
2022-12-08 00:00:00-05:00,51.91999816894531,53.38999938964844,51.16999816894531,52.90999984741211,4109000,0.0,0.0
2022-12-09 00:00:00-05:00,52.779998779296875,52.95000076293945,51.880001068115234,52.130001068115234,3784700,0.0,0.0
2022-12-12 00:00:00-05:00,52.459999084472656,54.060001373291016,52.29999923706055,53.63999938964844,3808500,0.0,0.0
2022-12-13 00:00:00-05:00,56.650001525878906,56.709999084472656,53.810001373291016,54.709999084472656,4640600,0.0,0.0
2022-12-14 00:00:00-05:00,55.0099983215332,55.79999923706055,53.68000030517578,54.27000045776367,3709400,0.0,0.0
2022-12-15 00:00:00-05:00,53.540000915527344,54.0,52.0099983215332,52.16999816894531,4501600,0.0,0.0
2022-12-16 00:00:00-05:00,51.540000915527344,52.5,51.369998931884766,51.91999816894531,14845300,0.0,0.0
2022-12-19 00:00:00-05:00,51.7400016784668,51.7400016784668,49.66999816894531,49.97999954223633,4871600,0.0,0.0
2022-12-20 00:00:00-05:00,49.52000045776367,50.72999954223633,49.2599983215332,50.470001220703125,4342100,0.0,0.0
2022-12-21 00:00:00-05:00,50.29999923706055,50.29999923706055,47.040000915527344,50.0099983215332,6803100,0.0,0.0
2022-12-22 00:00:00-05:00,49.63999938964844,49.9900016784668,48.45000076293945,49.150001525878906,4906400,0.0,0.0
2022-12-23 00:00:00-05:00,48.970001220703125,49.220001220703125,48.290000915527344,48.72999954223633,2958800,0.0,0.0
2022-12-27 00:00:00-05:00,48.439998626708984,49.22999954223633,47.900001525878906,48.54999923706055,2804500,0.0,0.0
2022-12-28 00:00:00-05:00,48.5,49.029998779296875,47.79999923706055,47.86000061035156,2633100,0.0,0.0
2022-12-29 00:00:00-05:00,48.099998474121094,49.369998931884766,48.0,49.209999084472656,2668100,0.0,0.0
2022-12-30 00:00:00-05:00,48.54999923706055,48.91999816894531,48.150001525878906,48.88999938964844,2338900,0.0,0.0
2023-01-03 00:00:00-05:00,49.529998779296875,50.25,48.02000045776367,48.52000045776367,4647500,0.0,0.0
2023-01-04 00:00:00-05:00,49.02000045776367,49.470001220703125,47.959999084472656,48.29999923706055,4674800,0.0,0.0
2023-01-05 00:00:00-05:00,47.77000045776367,48.18000030517578,46.54999923706055,47.45000076293945,6585100,0.0,0.0
2023-01-06 00:00:00-05:00,48.31999969482422,48.86000061035156,47.08000183105469,48.689998626708984,5223700,0.0,0.0
2023-01-09 00:00:00-05:00,49.40999984741211,50.66999816894531,49.29999923706055,49.40999984741211,4539700,0.0,0.0
2023-01-10 00:00:00-05:00,49.119998931884766,50.150001525878906,48.099998474121094,48.41999816894531,5314100,0.0,0.0
2023-01-11 00:00:00-05:00,48.84000015258789,49.060001373291016,48.150001525878906,48.79999923706055,4111100,0.0,0.0
2023-01-12 00:00:00-05:00,48.130001068115234,48.63999938964844,47.189998626708984,48.400001525878906,4932500,0.0,0.0
2023-01-13 00:00:00-05:00,46.25,49.040000915527344,45.880001068115234,48.869998931884766,6281700,0.0,0.0
2023-01-17 00:00:00-05:00,48.7599983215332,50.45000076293945,48.43000030517578,50.099998474121094,5436600,0.0,0.0
2023-01-18 00:00:00-05:00,50.68000030517578,51.52000045776367,48.310001373291016,48.380001068115234,4894800,0.0,0.0
2023-01-19 00:00:00-05:00,48.11000061035156,49.02000045776367,47.779998779296875,48.41999816894531,4631900,0.0,0.0
2023-01-20 00:00:00-05:00,48.54999923706055,49.36000061035156,48.5,49.27000045776367,5372900,0.0,0.0
2023-01-23 00:00:00-05:00,49.27000045776367,50.54999923706055,48.88999938964844,50.5099983215332,5771300,0.0,0.0
2023-01-24 00:00:00-05:00,50.470001220703125,51.45000076293945,50.099998474121094,51.09000015258789,4698000,0.0,0.0
2023-01-25 00:00:00-05:00,50.209999084472656,51.90999984741211,49.43000030517578,51.7599983215332,5872700,0.0,0.0
2023-01-26 00:00:00-05:00,53.33000183105469,54.56999969482422,51.939998626708984,53.209999084472656,6410600,0.0,0.0
2023-01-27 00:00:00-05:00,51.900001525878906,53.130001068115234,51.709999084472656,52.70000076293945,5257100,0.0,0.0
2023-01-30 00:00:00-05:00,52.34000015258789,52.40999984741211,50.91999816894531,51.04999923706055,5248800,0.0,0.0
2023-01-31 00:00:00-05:00,51.09000015258789,52.529998779296875,50.91999816894531,52.34000015258789,6031300,0.0,0.0
2023-02-01 00:00:00-05:00,52.150001525878906,53.59000015258789,51.41999816894531,53.09000015258789,9170600,0.0,0.0
2023-02-02 00:00:00-05:00,53.0099983215332,54.33000183105469,53.0,53.849998474121094,6790000,0.0,0.0
2023-02-03 00:00:00-05:00,52.869998931884766,53.7400016784668,52.540000915527344,53.0,5467600,0.0,0.0
2023-02-06 00:00:00-05:00,52.470001220703125,53.470001220703125,51.880001068115234,51.9900016784668,4853600,0.0,0.0
2023-02-07 00:00:00-05:00,52.54999923706055,54.189998626708984,51.790000915527344,53.779998779296875,9785500,0.0,0.0
2023-02-08 00:00:00-05:00,60.75,61.45000076293945,58.720001220703125,59.63999938964844,18344600,0.0,0.0
2023-02-09 00:00:00-05:00,60.7599983215332,60.83000183105469,57.650001525878906,57.81999969482422,9973100,0.0,0.0
2023-02-10 00:00:00-05:00,57.41999816894531,59.689998626708984,57.099998474121094,59.61000061035156,5564400,0.0,0.0
2023-02-13 00:00:00-05:00,59.7599983215332,60.459999084472656,59.33000183105469,60.150001525878906,4507500,0.0,0.0
2023-02-14 00:00:00-05:00,60.150001525878906,61.5,59.880001068115234,61.189998626708984,5190100,0.0,0.0
2023-02-15 00:00:00-05:00,60.9900016784668,63.02000045776367,60.709999084472656,62.810001373291016,5235100,0.0,0.0
2023-02-16 00:00:00-05:00,62.0,62.61000061035156,61.22999954223633,61.38999938964844,4033900,0.0,0.0
2023-02-17 00:00:00-05:00,60.869998931884766,61.29999923706055,60.290000915527344,60.63999938964844,3687200,0.0,0.0
2023-02-21 00:00:00-05:00,59.790000915527344,60.369998931884766,59.29999923706055,59.709999084472656,4515500,0.0,0.0
2023-02-22 00:00:00-05:00,60.599998474121094,61.25,59.77000045776367,60.209999084472656,5662900,0.0,0.0
2023-02-23 00:00:00-05:00,60.61000061035156,60.790000915527344,59.34000015258789,60.58000183105469,4123800,0.0,0.0
2023-02-24 00:00:00-05:00,59.38999938964844,59.849998474121094,58.56999969482422,58.86000061035156,3730400,0.0,0.0
2023-02-27 00:00:00-05:00,59.68000030517578,60.13999938964844,59.380001068115234,59.619998931884766,3597100,0.0,0.0
2023-02-28 00:00:00-05:00,59.630001068115234,60.09000015258789,59.08000183105469,59.439998626708984,3962300,0.0,0.0
2023-03-01 00:00:00-05:00,59.540000915527344,59.540000915527344,58.29999923706055,58.439998626708984,3353000,0.0,0.0
2023-03-02 00:00:00-05:00,58.40999984741211,60.040000915527344,58.15999984741211,59.63999938964844,3442100,0.0,0.0
2023-03-03 00:00:00-05:00,59.68000030517578,60.900001525878906,59.529998779296875,60.84000015258789,3870900,0.0,0.0
2023-03-06 00:00:00-05:00,61.11000061035156,61.7599983215332,60.65999984741211,61.310001373291016,2542900,0.0,0.0
2023-03-07 00:00:00-05:00,61.0,61.9900016784668,60.11000061035156,60.369998931884766,5258100,0.0,0.0
2023-03-08 00:00:00-05:00,60.65999984741211,61.9900016784668,59.75,61.790000915527344,5047400,0.0,0.0
2023-03-09 00:00:00-05:00,61.459999084472656,62.08000183105469,59.86000061035156,59.95000076293945,4940400,0.0,0.0
2023-03-10 00:00:00-05:00,60.02000045776367,60.470001220703125,58.599998474121094,58.7599983215332,4381600,0.0,0.0
2023-03-13 00:00:00-04:00,58.220001220703125,60.16999816894531,57.630001068115234,59.27000045776367,4772300,0.0,0.0
2023-03-14 00:00:00-04:00,60.349998474121094,61.09000015258789,59.88999938964844,60.88999938964844,3887400,0.0,0.0
2023-03-15 00:00:00-04:00,60.61000061035156,61.220001220703125,59.720001220703125,60.38999938964844,3450400,0.0,0.0
2023-03-16 00:00:00-04:00,60.34000015258789,61.970001220703125,59.900001525878906,61.880001068115234,3994000,0.0,0.0
2023-03-17 00:00:00-04:00,61.720001220703125,62.470001220703125,60.70000076293945,61.220001220703125,8197000,0.0,0.0
2023-03-20 00:00:00-04:00,60.90999984741211,61.58000183105469,60.7599983215332,61.540000915527344,4768300,0.0,0.0
2023-03-21 00:00:00-04:00,61.75,62.61000061035156,60.869998931884766,62.459999084472656,3661900,0.0,0.0
2023-03-22 00:00:00-04:00,62.29999923706055,63.20000076293945,61.16999816894531,61.209999084472656,2859400,0.0,0.0
2023-03-23 00:00:00-04:00,62.099998474121094,63.95000076293945,62.0,63.25,4429700,0.0,0.0
2023-03-24 00:00:00-04:00,62.91999816894531,63.25,62.02000045776367,62.9900016784668,3384500,0.0,0.0
2023-03-27 00:00:00-04:00,63.2599983215332,64.33000183105469,63.16999816894531,63.97999954223633,5029800,0.0,0.0
2023-03-28 00:00:00-04:00,63.72999954223633,64.5999984741211,63.5099983215332,64.2699966430664,3993200,0.0,0.0
2023-03-29 00:00:00-04:00,65.04000091552734,65.0999984741211,64.36000061035156,64.80999755859375,4280300,0.0,0.0
2023-03-30 00:00:00-04:00,65.19999694824219,65.87999725341797,65.08999633789062,65.80999755859375,3681600,0.0,0.0
2023-03-31 00:00:00-04:00,66.0199966430664,66.56999969482422,65.55000305175781,66.45999908447266,5714900,0.0,0.0
2023-04-03 00:00:00-04:00,65.81999969482422,66.37999725341797,65.6500015258789,66.30999755859375,3343000,0.0,0.0
2023-04-04 00:00:00-04:00,66.56999969482422,66.72000122070312,65.52999877929688,65.97000122070312,3401900,0.0,0.0
2023-04-05 00:00:00-04:00,65.68000030517578,66.26000213623047,64.70999908447266,65.1500015258789,3864900,0.0,0.0
2023-04-06 00:00:00-04:00,64.75,65.58000183105469,64.26000213623047,65.5199966430664,2772200,0.0,0.0
2023-04-10 00:00:00-04:00,64.80000305175781,67.44000244140625,64.6500015258789,66.91000366210938,5934700,0.0,0.0
2023-04-11 00:00:00-04:00,66.70999908447266,67.63999938964844,66.55000305175781,67.0,3107900,0.0,0.0
2023-04-12 00:00:00-04:00,67.56999969482422,68.18000030517578,66.95999908447266,67.19000244140625,3890200,0.0,0.0
2023-04-13 00:00:00-04:00,67.66999816894531,68.8499984741211,67.51000213623047,68.38999938964844,4195300,0.0,0.0
2023-04-14 00:00:00-04:00,68.2699966430664,69.06999969482422,67.41999816894531,68.06999969482422,4049500,0.0,0.0
2023-04-17 00:00:00-04:00,68.36000061035156,68.7699966430664,67.06999969482422,67.70999908447266,3342300,0.0,0.0
2023-04-18 00:00:00-04:00,68.51000213623047,68.69999694824219,67.55000305175781,67.81999969482422,3526700,0.0,0.0
2023-04-19 00:00:00-04:00,67.37000274658203,67.51000213623047,66.91999816894531,67.31999969482422,2458400,0.0,0.0
2023-04-20 00:00:00-04:00,66.83999633789062,67.62999725341797,66.52999877929688,66.9000015258789,2702500,0.0,0.0
2023-04-21 00:00:00-04:00,67.31999969482422,67.31999969482422,66.51000213623047,66.77999877929688,2876500,0.0,0.0
2023-04-24 00:00:00-04:00,67.08000183105469,67.20999908447266,65.69999694824219,66.25,2933600,0.0,0.0
2023-04-25 00:00:00-04:00,65.36000061035156,65.93000030517578,63.099998474121094,63.16999816894531,5726600,0.0,0.0
2023-04-26 00:00:00-04:00,63.27000045776367,64.12999725341797,63.09000015258789,63.400001525878906,3650200,0.0,0.0
2023-04-27 00:00:00-04:00,64.08000183105469,64.19999694824219,62.33000183105469,63.060001373291016,5012000,0.0,0.0
2023-04-28 00:00:00-04:00,62.66999816894531,63.08000183105469,61.72999954223633,63.04999923706055,5597600,0.0,0.0
2023-05-01 00:00:00-04:00,62.29999923706055,63.29999923706055,61.65999984741211,62.810001373291016,3827300,0.0,0.0
2023-05-02 00:00:00-04:00,62.599998474121094,62.83000183105469,61.0099983215332,61.439998626708984,5430000,0.0,0.0
2023-05-03 00:00:00-04:00,61.63999938964844,61.70000076293945,60.33000183105469,60.4900016784668,6497300,0.0,0.0
2023-05-04 00:00:00-04:00,61.290000915527344,61.61000061035156,60.369998931884766,61.18000030517578,5939300,0.0,0.0
2023-05-05 00:00:00-04:00,60.75,65.44999694824219,60.5,64.58999633789062,9353900,0.0,0.0
2023-05-08 00:00:00-04:00,65.73999786376953,66.4800033569336,64.5999984741211,66.08000183105469,5872800,0.0,0.0
2023-05-09 00:00:00-04:00,66.45999908447266,67.0,66.05999755859375,66.4000015258789,4814400,0.0,0.0
2023-05-10 00:00:00-04:00,66.97000122070312,67.80000305175781,66.54000091552734,67.01000213623047,4056000,0.0,0.0
2023-05-11 00:00:00-04:00,67.29000091552734,67.76000213623047,66.95999908447266,67.5,4397000,0.0,0.0
2023-05-12 00:00:00-04:00,67.68000030517578,68.18000030517578,66.95999908447266,67.7699966430664,3702900,0.0,0.0
2023-05-15 00:00:00-04:00,67.68000030517578,68.77999877929688,67.45999908447266,68.55999755859375,4580000,0.0,0.0
2023-05-16 00:00:00-04:00,68.48999786376953,68.97000122070312,68.22000122070312,68.30999755859375,3399100,0.0,0.0
2023-05-17 00:00:00-04:00,68.4000015258789,68.98999786376953,67.63999938964844,68.43000030517578,3466300,0.0,0.0
2023-05-18 00:00:00-04:00,68.68000030517578,68.76000213623047,67.75,68.13999938964844,4576200,0.0,0.0
2023-05-19 00:00:00-04:00,68.5,69.68000030517578,68.19000244140625,69.62999725341797,4745600,0.0,0.0
2023-05-22 00:00:00-04:00,69.75,71.29000091552734,69.47000122070312,69.5199966430664,4493100,0.0,0.0
2023-05-23 00:00:00-04:00,69.37000274658203,69.45999908447266,67.45999908447266,68.08999633789062,5495400,0.0,0.0
2023-05-24 00:00:00-04:00,68.5,69.45999908447266,66.01000213623047,66.58999633789062,9000600,0.0,0.0
2023-05-25 00:00:00-04:00,66.88999938964844,67.87999725341797,64.45999908447266,67.16999816894531,8565600,0.0,0.0
2023-05-26 00:00:00-04:00,67.36000061035156,68.81999969482422,67.30000305175781,67.7699966430664,5343700,0.0,0.0
2023-05-30 00:00:00-04:00,68.11000061035156,69.0999984741211,67.41000366210938,68.54000091552734,4419600,0.0,0.0
2023-05-31 00:00:00-04:00,68.33999633789062,69.2699966430664,67.86000061035156,68.33000183105469,6605100,0.0,0.0
2023-06-01 00:00:00-04:00,67.63999938964844,69.11000061035156,66.93000030517578,68.63999938964844,4694400,0.0,0.0
2023-06-02 00:00:00-04:00,68.63999938964844,69.37000274658203,67.8499984741211,68.12999725341797,4186200,0.0,0.0
2023-06-05 00:00:00-04:00,67.9800033569336,71.62999725341797,67.94999694824219,71.2699966430664,8966800,0.0,0.0
2023-06-06 00:00:00-04:00,71.3499984741211,71.37999725341797,68.83999633789062,69.54000091552734,5113000,0.0,0.0
2023-06-07 00:00:00-04:00,69.54000091552734,69.93000030517578,66.83999633789062,67.05999755859375,5446400,0.0,0.0
2023-06-08 00:00:00-04:00,67.06999969482422,69.3499984741211,67.0199966430664,69.0,4742700,0.0,0.0
2023-06-09 00:00:00-04:00,68.94999694824219,69.80000305175781,67.01000213623047,68.01000213623047,4212700,0.0,0.0
2023-06-12 00:00:00-04:00,68.19999694824219,69.9800033569336,68.12999725341797,69.83999633789062,5487200,0.0,0.0
2023-06-13 00:00:00-04:00,70.5,70.75,69.36000061035156,70.48999786376953,4761600,0.0,0.0
2023-06-14 00:00:00-04:00,70.06999969482422,71.58999633789062,69.69999694824219,71.4800033569336,4875400,0.0,0.0
2023-06-15 00:00:00-04:00,71.29000091552734,73.8499984741211,71.1500015258789,73.58999633789062,5438000,0.0,0.0
2023-06-16 00:00:00-04:00,74.45999908447266,74.7699966430664,72.37000274658203,72.77999877929688,10916000,0.0,0.0
2023-06-20 00:00:00-04:00,72.44999694824219,72.7699966430664,70.91999816894531,71.66000366210938,4286100,0.0,0.0
2023-06-21 00:00:00-04:00,71.66000366210938,71.83999633789062,70.58000183105469,71.11000061035156,7128100,0.0,0.0
2023-06-22 00:00:00-04:00,71.11000061035156,72.23999786376953,70.80999755859375,71.86000061035156,3234000,0.0,0.0
2023-06-23 00:00:00-04:00,71.11000061035156,71.76000213623047,70.1500015258789,71.58999633789062,14856000,0.0,0.0
2023-06-26 00:00:00-04:00,71.69000244140625,72.72000122070312,70.9000015258789,71.05999755859375,3416400,0.0,0.0
2023-06-27 00:00:00-04:00,71.63999938964844,73.88999938964844,71.55000305175781,73.66000366210938,4602500,0.0,0.0
2023-06-28 00:00:00-04:00,73.48999786376953,74.93000030517578,72.94999694824219,74.33000183105469,5834400,0.0,0.0
2023-06-29 00:00:00-04:00,74.54000091552734,75.30000305175781,73.9000015258789,75.08999633789062,6114400,0.0,0.0
2023-06-30 00:00:00-04:00,75.55000305175781,76.2699966430664,75.26000213623047,75.58999633789062,4578400,0.0,0.0
2023-07-03 00:00:00-04:00,75.30000305175781,75.36000061035156,73.6500015258789,74.66000366210938,2253900,0.0,0.0
2023-07-05 00:00:00-04:00,74.41999816894531,74.70999908447266,74.01000213623047,74.30999755859375,3763800,0.0,0.0
2023-07-06 00:00:00-04:00,73.83999633789062,74.7699966430664,72.44999694824219,74.6500015258789,4329100,0.0,0.0
2023-07-07 00:00:00-04:00,74.41000366210938,75.45999908447266,73.98999786376953,74.68000030517578,4011700,0.0,0.0
2023-07-10 00:00:00-04:00,74.79000091552734,78.66000366210938,74.79000091552734,77.86000061035156,8176700,0.0,0.0
2023-07-11 00:00:00-04:00,78.61000061035156,78.62999725341797,77.22000122070312,78.31999969482422,4294700,0.0,0.0
2023-07-12 00:00:00-04:00,78.87000274658203,79.02999877929688,75.51000213623047,76.72000122070312,6147900,0.0,0.0
2023-07-13 00:00:00-04:00,77.4000015258789,78.29000091552734,76.7300033569336,78.25,4709500,0.0,0.0
2023-07-14 00:00:00-04:00,78.55000305175781,80.02999877929688,78.33999633789062,78.91999816894531,4913700,0.0,0.0
2023-07-17 00:00:00-04:00,78.72000122070312,80.5999984741211,78.58000183105469,80.27999877929688,4185300,0.0,0.0
2023-07-18 00:00:00-04:00,79.95999908447266,80.44000244140625,79.16000366210938,80.23999786376953,4586200,0.0,0.0
2023-07-19 00:00:00-04:00,80.44999694824219,81.23999786376953,78.30000305175781,78.69000244140625,5985000,0.0,0.0
2023-07-20 00:00:00-04:00,78.66999816894531,79.37000274658203,77.52999877929688,77.69999694824219,3623900,0.0,0.0
2023-07-21 00:00:00-04:00,78.37000274658203,79.13999938964844,78.05999755859375,78.16000366210938,12134100,0.0,0.0
2023-07-24 00:00:00-04:00,78.69000244140625,78.81999969482422,76.31999969482422,77.2699966430664,3870200,0.0,0.0
2023-07-25 00:00:00-04:00,77.7300033569336,78.62000274658203,77.41000366210938,78.33999633789062,3679000,0.0,0.0
2023-07-26 00:00:00-04:00,77.55999755859375,78.75,76.86000061035156,77.26000213623047,3378500,0.0,0.0
2023-07-27 00:00:00-04:00,78.38999938964844,78.5199966430664,76.30999755859375,76.58000183105469,3957700,0.0,0.0
2023-07-28 00:00:00-04:00,77.23999786376953,77.62999725341797,76.1500015258789,76.80000305175781,3544400,0.0,0.0
2023-07-31 00:00:00-04:00,77.08999633789062,77.75,76.79000091552734,77.72000122070312,3543600,0.0,0.0
2023-08-01 00:00:00-04:00,77.63999938964844,78.58000183105469,76.91000366210938,78.02999877929688,2619600,0.0,0.0
2023-08-02 00:00:00-04:00,77.23999786376953,77.23999786376953,74.01000213623047,74.31999969482422,5674300,0.0,0.0
2023-08-03 00:00:00-04:00,74.19999694824219,76.0,74.1500015258789,75.76000213623047,6020300,0.0,0.0
2023-08-04 00:00:00-04:00,60.41999816894531,61.36000061035156,56.099998474121094,56.77000045776367,32831500,0.0,0.0
2023-08-07 00:00:00-04:00,57.58000183105469,58.18000030517578,56.86000061035156,57.70000076293945,14402400,0.0,0.0
2023-08-08 00:00:00-04:00,56.880001068115234,59.119998931884766,56.56999969482422,58.56999969482422,16011800,0.0,0.0
2023-08-09 00:00:00-04:00,58.84000015258789,60.349998474121094,58.459999084472656,59.779998779296875,13133500,0.0,0.0
2023-08-10 00:00:00-04:00,61.15999984741211,62.209999084472656,60.06999969482422,60.560001373291016,10993600,0.0,0.0
2023-08-11 00:00:00-04:00,60.04999923706055,61.209999084472656,59.349998474121094,59.68000030517578,7695700,0.0,0.0
2023-08-14 00:00:00-04:00,59.689998626708984,60.099998474121094,59.20000076293945,59.65999984741211,7340000,0.0,0.0
2023-08-15 00:00:00-04:00,59.56999969482422,60.22999954223633,59.0099983215332,59.16999816894531,7210700,0.0,0.0
2023-08-16 00:00:00-04:00,59.0,59.59000015258789,58.150001525878906,58.18000030517578,3596700,0.0,0.0
2023-08-17 00:00:00-04:00,58.599998474121094,58.83000183105469,57.34000015258789,57.40999984741211,5045600,0.0,0.0
2023-08-18 00:00:00-04:00,56.97999954223633,57.689998626708984,56.84000015258789,57.15999984741211,5390400,0.0,0.0
2023-08-21 00:00:00-04:00,58.06999969482422,58.720001220703125,57.790000915527344,58.38999938964844,6711700,0.0,0.0
2023-08-22 00:00:00-04:00,58.31999969482422,58.61000061035156,57.779998779296875,58.31999969482422,4841800,0.0,0.0
2023-08-23 00:00:00-04:00,58.810001373291016,59.5,58.13999938964844,59.189998626708984,4689700,0.0,0.0
2023-08-24 00:00:00-04:00,59.599998474121094,59.83000183105469,58.119998931884766,58.150001525878906,4833700,0.0,0.0
2023-08-25 00:00:00-04:00,58.20000076293945,58.959999084472656,57.959999084472656,58.810001373291016,4241100,0.0,0.0
2023-08-28 00:00:00-04:00,59.099998474121094,59.43000030517578,58.20000076293945,58.70000076293945,4840900,0.0,0.0
2023-08-29 00:00:00-04:00,58.70000076293945,60.93000030517578,58.5099983215332,60.630001068115234,5632200,0.0,0.0
2023-08-30 00:00:00-04:00,60.56999969482422,61.45000076293945,60.5,61.220001220703125,5045800,0.0,0.0
2023-08-31 00:00:00-04:00,61.5,61.83000183105469,60.16999816894531,60.209999084472656,6428600,0.0,0.0
2023-09-01 00:00:00-04:00,60.5,60.959999084472656,60.38999938964844,60.869998931884766,4957900,0.0,0.0
2023-09-05 00:00:00-04:00,60.91999816894531,61.970001220703125,60.560001373291016,61.90999984741211,4904800,0.0,0.0
2023-09-06 00:00:00-04:00,61.900001525878906,62.38999938964844,61.720001220703125,62.22999954223633,5225500,0.0,0.0
2023-09-07 00:00:00-04:00,61.880001068115234,63.33000183105469,61.619998931884766,63.16999816894531,5440700,0.0,0.0
2023-09-08 00:00:00-04:00,63.04999923706055,64.30000305175781,63.04999923706055,64.06999969482422,5817300,0.0,0.0
2023-09-11 00:00:00-04:00,64.81999969482422,65.45999908447266,64.5199966430664,65.06999969482422,4575500,0.0,0.0
2023-09-12 00:00:00-04:00,64.61000061035156,65.68000030517578,63.470001220703125,63.5,5316900,0.0,0.0
2023-09-13 00:00:00-04:00,63.27000045776367,63.880001068115234,62.56999969482422,62.619998931884766,3995900,0.0,0.0
2023-09-14 00:00:00-04:00,62.779998779296875,63.38999938964844,62.65999984741211,63.099998474121094,4289100,0.0,0.0
2023-09-15 00:00:00-04:00,62.5,62.66999816894531,60.68000030517578,61.02000045776367,10314000,0.0,0.0
2023-09-18 00:00:00-04:00,60.83000183105469,61.279998779296875,60.33000183105469,60.45000076293945,3429300,0.0,0.0
2023-09-19 00:00:00-04:00,59.95000076293945,60.5099983215332,58.45000076293945,60.439998626708984,4220100,0.0,0.0
2023-09-20 00:00:00-04:00,60.68000030517578,61.38999938964844,60.13999938964844,60.150001525878906,3451900,0.0,0.0
2023-09-21 00:00:00-04:00,59.65999984741211,60.150001525878906,58.66999816894531,58.779998779296875,4388800,0.0,0.0
2023-09-22 00:00:00-04:00,58.75,59.09000015258789,58.11000061035156,58.2400016784668,3458500,0.0,0.0
2023-09-25 00:00:00-04:00,57.84000015258789,58.150001525878906,57.630001068115234,58.11000061035156,3811300,0.0,0.0
2023-09-26 00:00:00-04:00,57.84000015258789,58.040000915527344,57.189998626708984,57.43000030517578,4347400,0.0,0.0
2023-09-27 00:00:00-04:00,57.939998626708984,58.34000015258789,57.5,58.13999938964844,3285600,0.0,0.0
2023-09-28 00:00:00-04:00,58.18000030517578,59.2400016784668,57.709999084472656,58.599998474121094,3545900,0.0,0.0
2023-09-29 00:00:00-04:00,59.63999938964844,59.66999816894531,58.349998474121094,58.68000030517578,4665100,0.0,0.0
2023-10-02 00:00:00-04:00,58.790000915527344,59.56999969482422,58.34000015258789,58.630001068115234,4098800,0.0,0.0
2023-10-03 00:00:00-04:00,58.029998779296875,58.369998931884766,57.08000183105469,57.61000061035156,6914100,0.0,0.0
2023-10-04 00:00:00-04:00,57.970001220703125,58.75,57.470001220703125,58.2599983215332,4875600,0.0,0.0
2023-10-05 00:00:00-04:00,58.11000061035156,58.310001373291016,56.63999938964844,58.02000045776367,7429100,0.0,0.0
2023-10-06 00:00:00-04:00,57.619998931884766,60.209999084472656,57.5,59.93000030517578,4752600,0.0,0.0
2023-10-09 00:00:00-04:00,59.720001220703125,60.599998474121094,58.45000076293945,59.5099983215332,4918300,0.0,0.0
2023-10-10 00:00:00-04:00,59.599998474121094,60.349998474121094,59.34000015258789,59.400001525878906,5051000,0.0,0.0
2023-10-11 00:00:00-04:00,59.43000030517578,59.470001220703125,57.0,58.970001220703125,9492400,0.0,0.0
2023-10-12 00:00:00-04:00,58.849998474121094,59.099998474121094,57.7599983215332,58.0,8388300,0.0,0.0
2023-10-13 00:00:00-04:00,56.61000061035156,58.04999923706055,56.06999969482422,57.7599983215332,11560900,0.0,0.0
2023-10-16 00:00:00-04:00,58.560001373291016,59.75,57.84000015258789,59.13999938964844,5498600,0.0,0.0
2023-10-17 00:00:00-04:00,58.41999816894531,59.369998931884766,57.709999084472656,58.650001525878906,4774700,0.0,0.0
2023-10-18 00:00:00-04:00,57.880001068115234,58.5,57.59000015258789,57.66999816894531,4671300,0.0,0.0
2023-10-19 00:00:00-04:00,57.630001068115234,58.45000076293945,57.459999084472656,57.77000045776367,7383300,0.0,0.0
2023-10-20 00:00:00-04:00,57.90999984741211,57.939998626708984,55.91999816894531,56.36000061035156,6500800,0.0,0.0
2023-10-23 00:00:00-04:00,56.0099983215332,56.56999969482422,55.52000045776367,56.099998474121094,4085000,0.0,0.0
2023-10-24 00:00:00-04:00,56.279998779296875,57.70000076293945,56.13999938964844,57.540000915527344,4714800,0.0,0.0
2023-10-25 00:00:00-04:00,57.08000183105469,57.45000076293945,55.900001525878906,55.939998626708984,4252300,0.0,0.0
2023-10-26 00:00:00-04:00,56.0,56.41999816894531,55.459999084472656,55.720001220703125,5490500,0.0,0.0
2023-10-27 00:00:00-04:00,55.790000915527344,56.56999969482422,55.58000183105469,56.2599983215332,5317800,0.0,0.0
2023-10-30 00:00:00-04:00,56.5099983215332,56.81999969482422,55.939998626708984,56.31999969482422,5594200,0.0,0.0
2023-10-31 00:00:00-04:00,56.4900016784668,57.400001525878906,56.08000183105469,57.16999816894531,4076500,0.0,0.0
2023-11-01 00:00:00-04:00,57.43000030517578,57.68000030517578,56.209999084472656,57.310001373291016,5825500,0.0,0.0
2023-11-02 00:00:00-04:00,57.34000015258789,58.189998626708984,57.150001525878906,57.59000015258789,9607500,0.0,0.0
2023-11-03 00:00:00-04:00,44.5,50.56999969482422,44.119998931884766,50.47999954223633,38074400,0.0,0.0
2023-11-06 00:00:00-05:00,50.09000015258789,50.79999923706055,48.290000915527344,50.099998474121094,16649700,0.0,0.0
2023-11-07 00:00:00-05:00,50.16999816894531,50.34000015258789,47.65999984741211,49.52000045776367,14908300,0.0,0.0
2023-11-08 00:00:00-05:00,49.81999969482422,51.34000015258789,49.439998626708984,50.2400016784668,13597000,0.0,0.0
2023-11-09 00:00:00-05:00,50.5099983215332,50.959999084472656,49.630001068115234,49.66999816894531,9651300,0.0,0.0
2023-11-10 00:00:00-05:00,50.0,50.83000183105469,49.900001525878906,50.81999969482422,6708900,0.0,0.0
2023-11-13 00:00:00-05:00,50.439998626708984,50.72999954223633,49.70000076293945,50.29999923706055,6038900,0.0,0.0
2023-11-14 00:00:00-05:00,51.0099983215332,51.97999954223633,50.90999984741211,51.31999969482422,6778100,0.0,0.0
2023-11-15 00:00:00-05:00,51.43000030517578,51.810001373291016,50.709999084472656,51.060001373291016,6946400,0.0,0.0
2023-11-16 00:00:00-05:00,50.709999084472656,51.2400016784668,49.970001220703125,50.41999816894531,8052100,0.0,0.0
2023-11-17 00:00:00-05:00,50.59000015258789,51.31999969482422,50.31999969482422,51.2599983215332,5021300,0.0,0.0
2023-11-20 00:00:00-05:00,51.59000015258789,52.08000183105469,51.27000045776367,51.90999984741211,4915200,0.0,0.0
2023-11-21 00:00:00-05:00,51.77000045776367,52.77000045776367,51.54999923706055,52.58000183105469,5441900,0.0,0.0
2023-11-22 00:00:00-05:00,52.900001525878906,53.709999084472656,52.7599983215332,52.970001220703125,5586800,0.0,0.0
2023-11-24 00:00:00-05:00,52.970001220703125,53.689998626708984,52.81999969482422,53.43000030517578,2847400,0.0,0.0
2023-11-27 00:00:00-05:00,53.31999969482422,53.95000076293945,53.209999084472656,53.7400016784668,7096000,0.0,0.0
2023-11-28 00:00:00-05:00,53.25,53.93000030517578,52.689998626708984,52.790000915527344,5731200,0.0,0.0
2023-11-29 00:00:00-05:00,53.47999954223633,53.93000030517578,52.84000015258789,53.599998474121094,7385000,0.0,0.0
2023-11-30 00:00:00-05:00,53.880001068115234,54.88999938964844,52.43000030517578,52.560001373291016,16805100,0.0,0.0
2023-12-01 00:00:00-05:00,52.04999923706055,52.70000076293945,51.689998626708984,52.4900016784668,7175500,0.0,0.0
2023-12-04 00:00:00-05:00,51.97999954223633,52.66999816894531,51.86000061035156,52.25,4726200,0.0,0.0
2023-12-05 00:00:00-05:00,52.06999969482422,52.970001220703125,51.83000183105469,52.52000045776367,4242000,0.0,0.0
2023-12-06 00:00:00-05:00,52.84000015258789,52.9900016784668,51.790000915527344,51.83000183105469,4055800,0.0,0.0
2023-12-07 00:00:00-05:00,51.90999984741211,51.90999984741211,50.650001525878906,51.31999969482422,6341100,0.0,0.0
2023-12-08 00:00:00-05:00,51.13999938964844,52.36000061035156,50.970001220703125,52.15999984741211,4620400,0.0,0.0
2023-12-11 00:00:00-05:00,52.38999938964844,53.75,52.20000076293945,53.63999938964844,5135300,0.0,0.0
2023-12-12 00:00:00-05:00,53.84000015258789,55.63999938964844,53.400001525878906,55.040000915527344,7815400,0.0,0.0
2023-12-13 00:00:00-05:00,55.099998474121094,55.529998779296875,54.66999816894531,55.349998474121094,5551300,0.0,0.0
2023-12-14 00:00:00-05:00,55.79999923706055,57.470001220703125,55.720001220703125,57.04999923706055,9119700,0.0,0.0
2023-12-15 00:00:00-05:00,57.04999923706055,58.0099983215332,56.380001068115234,57.83000183105469,16924000,0.0,0.0
2023-12-18 00:00:00-05:00,57.709999084472656,57.810001373291016,56.08000183105469,56.11000061035156,11621300,0.0,0.0
2023-12-19 00:00:00-05:00,56.29999923706055,57.810001373291016,55.79999923706055,57.7599983215332,6341800,0.0,0.0
2023-12-20 00:00:00-05:00,57.65999984741211,58.63999938964844,56.939998626708984,57.45000076293945,6049700,0.0,0.0
2023-12-21 00:00:00-05:00,57.77000045776367,58.65999984741211,57.540000915527344,58.5099983215332,4444300,0.0,0.0
2023-12-22 00:00:00-05:00,58.84000015258789,59.529998779296875,58.560001373291016,59.27000045776367,5057400,0.0,0.0
2023-12-26 00:00:00-05:00,59.459999084472656,59.869998931884766,59.130001068115234,59.79999923706055,3134400,0.0,0.0
2023-12-27 00:00:00-05:00,59.65999984741211,59.83000183105469,59.02000045776367,59.34000015258789,2878100,0.0,0.0
2023-12-28 00:00:00-05:00,59.5,59.58000183105469,59.060001373291016,59.400001525878906,2900100,0.0,0.0
2023-12-29 00:00:00-05:00,59.29999923706055,59.38999938964844,58.27000045776367,58.529998779296875,2880600,0.0,0.0
2024-01-02 00:00:00-05:00,58.099998474121094,58.77000045776367,57.349998474121094,57.779998779296875,6012300,0.0,0.0
2024-01-03 00:00:00-05:00,57.279998779296875,58.220001220703125,56.939998626708984,57.849998474121094,5329500,0.0,0.0
2024-01-04 00:00:00-05:00,58.0,58.72999954223633,57.779998779296875,58.38999938964844,5365400,0.0,0.0
2024-01-05 00:00:00-05:00,58.2599983215332,58.93000030517578,58.08000183105469,58.34000015258789,4914200,0.0,0.0
2024-01-08 00:00:00-05:00,58.54999923706055,61.29999923706055,58.45000076293945,61.2599983215332,6054500,0.0,0.0
2024-01-09 00:00:00-05:00,60.310001373291016,61.20000076293945,59.310001373291016,59.400001525878906,9085900,0.0,0.0
2024-01-10 00:00:00-05:00,59.380001068115234,61.599998474121094,59.130001068115234,61.369998931884766,6296100,0.0,0.0
2024-01-11 00:00:00-05:00,62.0,62.33000183105469,60.959999084472656,62.25,5072200,0.0,0.0
2024-01-12 00:00:00-05:00,62.630001068115234,63.040000915527344,61.7599983215332,62.439998626708984,4794000,0.0,0.0
2024-01-16 00:00:00-05:00,61.09000015258789,62.38999938964844,61.0099983215332,62.0,6578200,0.0,0.0
2024-01-17 00:00:00-05:00,61.20000076293945,61.619998931884766,59.72999954223633,60.619998931884766,5407700,0.0,0.0
2024-01-18 00:00:00-05:00,61.0,61.4900016784668,60.290000915527344,61.40999984741211,4429100,0.0,0.0
2024-01-19 00:00:00-05:00,61.54999923706055,62.099998474121094,60.08000183105469,60.900001525878906,9170500,0.0,0.0
2024-01-22 00:00:00-05:00,61.880001068115234,62.79999923706055,61.400001525878906,62.65999984741211,8398000,0.0,0.0
2024-01-23 00:00:00-05:00,64.26000213623047,64.77999877929688,63.77000045776367,64.41000366210938,8220600,0.0,0.0
2024-01-24 00:00:00-05:00,65.05999755859375,66.72000122070312,64.7699966430664,66.11000061035156,7735400,0.0,0.0
2024-01-25 00:00:00-05:00,67.2699966430664,67.36000061035156,65.0199966430664,65.55000305175781,6800400,0.0,0.0
2024-01-26 00:00:00-05:00,65.45999908447266,66.7699966430664,65.3499984741211,66.12000274658203,6691500,0.0,0.0
2024-01-29 00:00:00-05:00,65.80999755859375,66.63999938964844,65.66000366210938,66.44999694824219,4443400,0.0,0.0
2024-01-30 00:00:00-05:00,66.19000244140625,66.91999816894531,65.80000305175781,66.70999908447266,5830000,0.0,0.0
2024-01-31 00:00:00-05:00,64.87000274658203,65.27999877929688,63.59000015258789,64.48999786376953,9668100,0.0,0.0
2024-02-01 00:00:00-05:00,64.70999908447266,66.69000244140625,64.58999633789062,66.44999694824219,9622500,0.0,0.0
2024-02-02 00:00:00-05:00,66.33999633789062,66.98999786376953,65.9000015258789,66.44000244140625,8320000,0.0,0.0
2024-02-05 00:00:00-05:00,66.41000366210938,66.44000244140625,64.86000061035156,66.08999633789062,9137500,0.0,0.0
2024-02-06 00:00:00-05:00,66.5,67.55999755859375,65.88999938964844,67.4800033569336,13315800,0.0,0.0
2024-02-07 00:00:00-05:00,73.83000183105469,73.91000366210938,67.22000122070312,70.02999877929688,25551100,0.0,0.0
2024-02-08 00:00:00-05:00,69.79000091552734,70.63999938964844,67.76000213623047,67.8499984741211,8370900,0.0,0.0
2024-02-09 00:00:00-05:00,68.25,70.86000061035156,68.19999694824219,70.44000244140625,7522400,0.0,0.0
2024-02-12 00:00:00-05:00,70.66000366210938,71.08999633789062,70.12999725341797,70.26000213623047,4790800,0.0,0.0
2024-02-13 00:00:00-05:00,68.5199966430664,69.55999755859375,68.25,69.4000015258789,5427300,0.0,0.0
2024-02-14 00:00:00-05:00,70.08000183105469,70.94000244140625,69.93000030517578,70.87999725341797,3703400,0.0,0.0
2024-02-15 00:00:00-05:00,71.44999694824219,71.48999786376953,70.04000091552734,70.26000213623047,3186000,0.0,0.0
2024-02-16 00:00:00-05:00,70.08000183105469,70.08000183105469,67.9000015258789,68.4800033569336,4528400,0.0,0.0
2024-02-20 00:00:00-05:00,68.16000366210938,68.36000061035156,66.76000213623047,67.91000366210938,3271400,0.0,0.0
2024-02-21 00:00:00-05:00,62.029998779296875,65.5199966430664,61.0,65.33999633789062,12815400,0.0,0.0
2024-02-22 00:00:00-05:00,66.94999694824219,67.2300033569336,65.7699966430664,66.95999908447266,7627600,0.0,0.0
2024-02-23 00:00:00-05:00,67.5,67.88999938964844,67.19000244140625,67.63999938964844,3772600,0.0,0.0
2024-02-26 00:00:00-05:00,68.0,69.4800033569336,67.7699966430664,68.4000015258789,5205000,0.0,0.0
2024-02-27 00:00:00-05:00,69.31999969482422,70.27999877929688,68.87000274658203,69.94999694824219,4991500,0.0,0.0
2024-02-28 00:00:00-05:00,69.94999694824219,70.05000305175781,68.77999877929688,69.51000213623047,2744800,0.0,0.0
2024-02-29 00:00:00-05:00,70.05000305175781,70.1500015258789,68.1500015258789,69.11000061035156,5782100,0.0,0.0
2024-03-01 00:00:00-05:00,69.08999633789062,70.48999786376953,68.56999969482422,70.44000244140625,4840800,0.0,0.0
2024-03-04 00:00:00-05:00,70.69000244140625,71.69000244140625,70.5,71.38999938964844,4277700,0.0,0.0
2024-03-05 00:00:00-05:00,71.06999969482422,71.06999969482422,67.30999755859375,69.04000091552734,6840700,0.0,0.0
2024-03-06 00:00:00-05:00,70.97000122070312,71.7300033569336,69.11000061035156,71.31999969482422,7401200,0.0,0.0
2024-03-07 00:00:00-05:00,71.94999694824219,73.33000183105469,71.19000244140625,73.06999969482422,6314300,0.0,0.0
2024-03-08 00:00:00-05:00,73.26000213623047,73.5,71.08999633789062,71.3499984741211,5278900,0.0,0.0
2024-03-11 00:00:00-04:00,70.93000030517578,71.80000305175781,69.91000366210938,71.45999908447266,3139300,0.0,0.0
2024-03-12 00:00:00-04:00,71.68000030517578,71.94999694824219,70.73999786376953,71.33999633789062,3858500,0.0,0.0
2024-03-13 00:00:00-04:00,71.58999633789062,71.58999633789062,70.0,70.18000030517578,4078200,0.0,0.0
2024-03-14 00:00:00-04:00,69.29000091552734,69.75,67.62000274658203,68.04000091552734,6500100,0.0,0.0
2024-03-15 00:00:00-04:00,67.72000122070312,67.97000122070312,66.51000213623047,66.72000122070312,10118000,0.0,0.0
2024-03-18 00:00:00-04:00,66.98999786376953,68.18000030517578,66.80999755859375,67.55000305175781,3909000,0.0,0.0
2024-03-19 00:00:00-04:00,67.12999725341797,67.87999725341797,66.44999694824219,67.79000091552734,3059400,0.0,0.0
2024-03-20 00:00:00-04:00,67.79000091552734,68.05999755859375,67.0199966430664,67.87000274658203,4230300,0.0,0.0
2024-03-21 00:00:00-04:00,68.58000183105469,68.72000122070312,67.75,68.56999969482422,3716300,0.0,0.0
2024-03-22 00:00:00-04:00,68.91999816894531,68.93000030517578,67.52999877929688,68.30000305175781,2832800,0.0,0.0
2024-03-25 00:00:00-04:00,67.8499984741211,68.41000366210938,67.61000061035156,67.88999938964844,3296100,0.0,0.0
2024-03-26 00:00:00-04:00,67.95999908447266,68.16999816894531,67.04000091552734,67.44999694824219,3312400,0.0,0.0
2024-03-27 00:00:00-04:00,68.29000091552734,68.31999969482422,66.19000244140625,67.2699966430664,3535000,0.0,0.0
2024-03-28 00:00:00-04:00,67.20999908447266,68.5999984741211,67.0,68.30999755859375,3922200,0.0,0.0
2024-04-01 00:00:00-04:00,68.7300033569336,68.7300033569336,66.7300033569336,67.81999969482422,3003400,0.0,0.0
2024-04-02 00:00:00-04:00,66.97000122070312,68.93000030517578,66.5999984741211,68.8499984741211,4711600,0.0,0.0
2024-04-03 00:00:00-04:00,68.61000061035156,72.0199966430664,68.58000183105469,71.31999969482422,7868900,0.0,0.0
2024-04-04 00:00:00-04:00,72.02999877929688,73.62999725341797,69.20999908447266,69.2300033569336,6959700,0.0,0.0
2024-04-05 00:00:00-04:00,69.75,71.83000183105469,69.33999633789062,70.91000366210938,7475400,0.0,0.0
2024-04-08 00:00:00-04:00,70.04000091552734,70.23999786376953,68.2300033569336,68.38999938964844,5099900,0.0,0.0
2024-04-09 00:00:00-04:00,69.13999938964844,69.13999938964844,67.80000305175781,68.22000122070312,2799300,0.0,0.0
2024-04-10 00:00:00-04:00,67.08000183105469,68.5,67.08000183105469,68.12999725341797,3641300,0.0,0.0
2024-04-11 00:00:00-04:00,68.61000061035156,68.86000061035156,67.44000244140625,68.22000122070312,2917900,0.0,0.0
2024-04-12 00:00:00-04:00,67.47000122070312,67.72000122070312,65.93000030517578,66.44999694824219,5134700,0.0,0.0
2024-04-15 00:00:00-04:00,67.08000183105469,67.19000244140625,64.58000183105469,64.7300033569336,4911100,0.0,0.0
2024-04-16 00:00:00-04:00,64.62000274658203,65.56999969482422,64.26000213623047,64.4800033569336,3015000,0.0,0.0
2024-04-17 00:00:00-04:00,64.88999938964844,65.55000305175781,64.5,64.66000366210938,3278400,0.0,0.0
2024-04-18 00:00:00-04:00,64.7699966430664,65.01000213623047,63.529998779296875,64.02999877929688,3087300,0.0,0.0
2024-04-19 00:00:00-04:00,63.790000915527344,64.41000366210938,62.91999816894531,63.400001525878906,4836100,0.0,0.0
2024-04-22 00:00:00-04:00,63.970001220703125,64.2300033569336,62.61000061035156,63.689998626708984,3629200,0.0,0.0
2024-04-23 00:00:00-04:00,64.08000183105469,65.0999984741211,63.97999954223633,64.80000305175781,3544100,0.0,0.0
2024-04-24 00:00:00-04:00,64.88999938964844,65.80000305175781,64.58999633789062,65.44999694824219,3817100,0.0,0.0
2024-04-25 00:00:00-04:00,64.61000061035156,64.69000244140625,62.869998931884766,64.02999877929688,3670800,0.0,0.0
2024-04-26 00:00:00-04:00,64.41999816894531,65.1500015258789,63.900001525878906,64.18000030517578,4138200,0.0,0.0
2024-04-29 00:00:00-04:00,64.3499984741211,65.13999938964844,63.70000076293945,64.30000305175781,3824400,0.0,0.0
2024-04-30 00:00:00-04:00,63.790000915527344,64.44000244140625,63.15999984741211,63.18000030517578,5324400,0.0,0.0
2024-05-01 00:00:00-04:00,63.5099983215332,64.87000274658203,63.13999938964844,63.529998779296875,4337000,0.0,0.0
2024-05-02 00:00:00-04:00,63.150001525878906,65.26000213623047,63.0099983215332,65.19999694824219,8288900,0.0,0.0
2024-05-03 00:00:00-04:00,61.86000061035156,62.4900016784668,58.790000915527344,58.880001068115234,15896600,0.0,0.0
2024-05-06 00:00:00-04:00,59.25,60.349998474121094,58.43000030517578,58.810001373291016,14472600,0.0,0.0
2024-05-07 00:00:00-04:00,59.0,60.400001525878906,58.40999984741211,59.43000030517578,18440300,0.0,0.0
2024-05-08 00:00:00-04:00,59.41999816894531,59.79999923706055,57.84000015258789,59.630001068115234,10886900,0.0,0.0
2024-05-09 00:00:00-04:00,59.400001525878906,59.75,58.0099983215332,58.11000061035156,6929800,0.0,0.0
2024-05-10 00:00:00-04:00,58.25,59.400001525878906,58.06999969482422,58.15999984741211,3934500,0.0,0.0
2024-05-13 00:00:00-04:00,58.560001373291016,59.91999816894531,58.400001525878906,59.630001068115234,5492000,0.0,0.0
2024-05-14 00:00:00-04:00,59.79999923706055,60.5,59.22999954223633,60.20000076293945,4269800,0.0,0.0
2024-05-15 00:00:00-04:00,60.81999969482422,61.279998779296875,60.61000061035156,60.72999954223633,3551800,0.0,0.0
2024-05-16 00:00:00-04:00,60.61000061035156,61.349998474121094,59.58000183105469,61.2400016784668,4443100,0.0,0.0
2024-05-17 00:00:00-04:00,61.040000915527344,61.86000061035156,60.779998779296875,61.43000030517578,2799700,0.0,0.0
2024-05-20 00:00:00-04:00,61.16999816894531,62.40999984741211,60.86000061035156,62.34000015258789,2842400,0.0,0.0
2024-05-21 00:00:00-04:00,61.7400016784668,61.79999923706055,59.849998474121094,61.310001373291016,5127600,0.0,0.0
2024-05-22 00:00:00-04:00,61.43000030517578,61.689998626708984,60.75,61.56999969482422,3048400,0.0,0.0
2024-05-23 00:00:00-04:00,61.970001220703125,62.08000183105469,60.650001525878906,60.93000030517578,3714100,0.0,0.0
2024-05-24 00:00:00-04:00,61.11000061035156,61.7599983215332,60.68000030517578,61.349998474121094,2654000,0.0,0.0
2024-05-28 00:00:00-04:00,61.0,61.08000183105469,59.279998779296875,59.45000076293945,4875300,0.0,0.0
2024-05-29 00:00:00-04:00,58.93000030517578,60.29999923706055,58.70000076293945,59.72999954223633,4598000,0.0,0.0
2024-05-30 00:00:00-04:00,59.119998931884766,59.22999954223633,57.86000061035156,58.0,5437000,0.0,0.0
2024-05-31 00:00:00-04:00,58.869998931884766,59.40999984741211,57.709999084472656,59.31999969482422,16363000,0.0,0.0
2024-06-03 00:00:00-04:00,59.61000061035156,59.61000061035156,58.18000030517578,58.79999923706055,3565500,0.0,0.0
2024-06-04 00:00:00-04:00,58.65999984741211,59.47999954223633,58.61000061035156,58.63999938964844,3688000,0.0,0.0
2024-06-05 00:00:00-04:00,59.38999938964844,60.13999938964844,58.45000076293945,59.709999084472656,3614700,0.0,0.0
2024-06-06 00:00:00-04:00,59.84000015258789,60.060001373291016,59.209999084472656,59.75,3060300,0.0,0.0
2024-06-07 00:00:00-04:00,59.380001068115234,59.9900016784668,59.0099983215332,59.720001220703125,2613200,0.0,0.0
2024-06-10 00:00:00-04:00,59.11000061035156,60.25,58.939998626708984,60.09000015258789,3462500,0.0,0.0
2024-06-11 00:00:00-04:00,60.0,60.09000015258789,58.15999984741211,59.7400016784668,5133400,0.0,0.0
2024-06-12 00:00:00-04:00,59.689998626708984,60.75,59.04999923706055,60.619998931884766,5706000,0.0,0.0
2024-06-13 00:00:00-04:00,60.5099983215332,60.689998626708984,59.650001525878906,60.22999954223633,3574800,0.0,0.0
2024-06-14 00:00:00-04:00,60.45000076293945,60.88999938964844,60.130001068115234,60.779998779296875,3212900,0.0,0.0
2024-06-17 00:00:00-04:00,60.63999938964844,61.47999954223633,60.18000030517578,60.900001525878906,4979300,0.0,0.0
2024-06-18 00:00:00-04:00,60.880001068115234,61.25,59.0,59.150001525878906,5501800,0.0,0.0
2024-06-20 00:00:00-04:00,58.599998474121094,58.7599983215332,57.16999816894531,57.939998626708984,10407500,0.0,0.0
2024-06-21 00:00:00-04:00,58.279998779296875,58.650001525878906,57.77000045776367,58.560001373291016,16729000,0.0,0.0
2024-06-24 00:00:00-04:00,58.400001525878906,59.18000030517578,58.2599983215332,58.279998779296875,4147900,0.0,0.0
2024-06-25 00:00:00-04:00,58.439998626708984,59.08000183105469,57.900001525878906,58.689998626708984,5203700,0.0,0.0
2024-06-26 00:00:00-04:00,58.16999816894531,58.43000030517578,57.0,58.11000061035156,6374200,0.0,0.0
2024-06-27 00:00:00-04:00,58.310001373291016,60.18000030517578,57.93000030517578,60.040000915527344,5019500,0.0,0.0
2024-06-28 00:00:00-04:00,60.029998779296875,60.84000015258789,59.790000915527344,60.27000045776367,7987400,0.0,0.0
2024-07-01 00:00:00-04:00,60.43000030517578,60.43000030517578,59.58000183105469,59.849998474121094,4884500,0.0,0.0
2024-07-02 00:00:00-04:00,59.65999984741211,61.040000915527344,59.65999984741211,61.0099983215332,4604900,0.0,0.0
2024-07-03 00:00:00-04:00,61.13999938964844,61.47999954223633,60.65999984741211,60.72999954223633,3039800,0.0,0.0
2024-07-05 00:00:00-04:00,60.619998931884766,61.380001068115234,60.369998931884766,61.09000015258789,3120600,0.0,0.0
2024-07-08 00:00:00-04:00,60.97999954223633,61.04999923706055,59.52000045776367,60.11000061035156,4845400,0.0,0.0
2024-07-09 00:00:00-04:00,60.2599983215332,60.779998779296875,59.31999969482422,60.279998779296875,3563500,0.0,0.0
2024-07-10 00:00:00-04:00,60.5,60.54999923706055,58.97999954223633,59.59000015258789,3905200,0.0,0.0
2024-07-11 00:00:00-04:00,59.630001068115234,59.91999816894531,58.779998779296875,58.790000915527344,4377700,0.0,0.0
2024-07-12 00:00:00-04:00,58.93000030517578,59.900001525878906,58.77000045776367,59.54999923706055,4398900,0.0,0.0
2024-07-15 00:00:00-04:00,59.7400016784668,60.720001220703125,59.2599983215332,59.900001525878906,3879500,0.0,0.0
2024-07-16 00:00:00-04:00,60.150001525878906,60.27000045776367,59.40999984741211,59.47999954223633,4158800,0.0,0.0
2024-07-17 00:00:00-04:00,58.4900016784668,59.59000015258789,57.970001220703125,59.11000061035156,7022600,0.0,0.0
2024-07-18 00:00:00-04:00,60.47999954223633,60.5099983215332,58.06999969482422,58.130001068115234,5599000,0.0,0.0
2024-07-19 00:00:00-04:00,58.119998931884766,58.779998779296875,57.58000183105469,58.47999954223633,8563200,0.0,0.0
2024-07-22 00:00:00-04:00,59.0,59.0,58.040000915527344,58.45000076293945,4386500,0.0,0.0
2024-07-23 00:00:00-04:00,58.34000015258789,58.95000076293945,57.68000030517578,57.939998626708984,5989400,0.0,0.0
2024-07-24 00:00:00-04:00,57.83000183105469,58.70000076293945,56.52000045776367,56.63999938964844,5379100,0.0,0.0
2024-07-25 00:00:00-04:00,57.130001068115234,58.619998931884766,56.810001373291016,57.310001373291016,5262400,0.0,0.0
2024-07-26 00:00:00-04:00,57.65999984741211,57.810001373291016,56.84000015258789,57.0,4245000,0.0,0.0
2024-07-29 00:00:00-04:00,57.0,58.060001373291016,56.41999816894531,57.38999938964844,4001700,0.0,0.0
2024-07-30 00:00:00-04:00,57.4900016784668,58.45000076293945,56.93000030517578,57.5,4116100,0.0,0.0
2024-07-31 00:00:00-04:00,58.29999923706055,59.06999969482422,57.939998626708984,58.040000915527344,4676300,0.0,0.0
2024-08-01 00:00:00-04:00,58.029998779296875,58.29999923706055,56.470001220703125,57.20000076293945,4542900,0.0,0.0
2024-08-02 00:00:00-04:00,56.619998931884766,56.75,55.52000045776367,56.5099983215332,5940800,0.0,0.0
2024-08-05 00:00:00-04:00,54.90999984741211,56.36000061035156,54.56999969482422,55.38999938964844,7664700,0.0,0.0
2024-08-06 00:00:00-04:00,56.0,56.86000061035156,55.189998626708984,55.810001373291016,9433800,0.0,0.0
2024-08-07 00:00:00-04:00,65.68000030517578,71.81999969482422,65.0,69.93000030517578,23535600,0.0,0.0
2024-08-08 00:00:00-04:00,69.72000122070312,70.98999786376953,68.38999938964844,68.68000030517578,10955100,0.0,0.0
2024-08-09 00:00:00-04:00,68.98999786376953,69.9800033569336,67.97000122070312,69.69000244140625,6988600,0.0,0.0
2024-08-12 00:00:00-04:00,69.80000305175781,71.54000091552734,69.4000015258789,70.36000061035156,6173300,0.0,0.0
2024-08-13 00:00:00-04:00,70.31999969482422,71.58999633789062,69.6500015258789,71.5,5524300,0.0,0.0
2024-08-14 00:00:00-04:00,71.61000061035156,73.66999816894531,71.44000244140625,72.79000091552734,6099300,0.0,0.0
2024-08-15 00:00:00-04:00,73.27999877929688,73.83000183105469,72.52999877929688,73.4000015258789,4589800,0.0,0.0
2024-08-16 00:00:00-04:00,73.25,74.9000015258789,72.9000015258789,74.72000122070312,4798600,0.0,0.0
2024-08-19 00:00:00-04:00,74.69000244140625,75.19000244140625,74.36000061035156,74.7699966430664,5248300,0.0,0.0
2024-08-20 00:00:00-04:00,75.0,76.30999755859375,74.7699966430664,75.56999969482422,5733200,0.0,0.0
2024-08-21 00:00:00-04:00,75.30000305175781,75.80000305175781,74.63999938964844,75.41999816894531,3065800,0.0,0.0
2024-08-22 00:00:00-04:00,75.5999984741211,75.80999755859375,74.38999938964844,74.48999786376953,5006800,0.0,0.0
2024-08-23 00:00:00-04:00,74.87999725341797,75.0999984741211,73.75,74.7300033569336,3182500,0.0,0.0
2024-08-26 00:00:00-04:00,74.9800033569336,75.4000015258789,74.80000305175781,75.18000030517578,2751200,0.0,0.0
2024-08-27 00:00:00-04:00,74.8499984741211,75.98999786376953,74.61000061035156,75.97000122070312,2471100,0.0,0.0
2024-08-28 00:00:00-04:00,76.0,76.27999877929688,75.19000244140625,75.61000061035156,2635300,0.0,0.0
2024-08-29 00:00:00-04:00,76.0,77.18000030517578,75.54000091552734,76.2699966430664,3054500,0.0,0.0
2024-08-30 00:00:00-04:00,76.30999755859375,76.91000366210938,76.08000183105469,76.70999908447266,3585700,0.0,0.0
2024-09-03 00:00:00-04:00,76.62000274658203,78.08000183105469,76.08000183105469,77.12999725341797,5807900,0.0,0.0
2024-09-04 00:00:00-04:00,76.55000305175781,77.18000030517578,75.70999908447266,76.87000274658203,4181600,0.0,0.0
2024-09-05 00:00:00-04:00,76.44000244140625,76.66999816894531,75.25,75.80000305175781,4469100,0.0,0.0
2024-09-06 00:00:00-04:00,76.0199966430664,76.41999816894531,74.5999984741211,75.16000366210938,5364400,0.0,0.0
2024-09-09 00:00:00-04:00,75.2699966430664,75.91999816894531,74.91999816894531,75.0999984741211,4088900,0.0,0.0
2024-09-10 00:00:00-04:00,75.43000030517578,76.12999725341797,75.0199966430664,76.06999969482422,3853900,0.0,0.0
2024-09-11 00:00:00-04:00,75.77999877929688,76.83999633789062,74.70999908447266,76.63999938964844,4102300,0.0,0.0
2024-09-12 00:00:00-04:00,76.8499984741211,76.88999938964844,73.29000091552734,74.48999786376953,8617100,0.0,0.0
2024-09-13 00:00:00-04:00,74.66999816894531,75.5999984741211,74.12999725341797,75.01000213623047,4637500,0.0,0.0
2024-09-16 00:00:00-04:00,74.87000274658203,76.6500015258789,74.80000305175781,76.33999633789062,4401900,0.0,0.0
2024-09-17 00:00:00-04:00,76.0999984741211,76.47000122070312,75.37999725341797,75.61000061035156,2677900,0.0,0.0
2024-09-18 00:00:00-04:00,75.80999755859375,75.83999633789062,74.54000091552734,74.68000030517578,2876400,0.0,0.0
2024-09-19 00:00:00-04:00,76.08000183105469,76.19999694824219,74.8499984741211,75.66000366210938,3947400,0.0,0.0
2024-09-20 00:00:00-04:00,75.5199966430664,76.86000061035156,75.5199966430664,76.77999877929688,12542800,0.0,0.0
2024-09-23 00:00:00-04:00,77.19999694824219,77.81999969482422,76.97000122070312,77.44000244140625,3252200,0.0,0.0
2024-09-24 00:00:00-04:00,77.37000274658203,78.18000030517578,77.12999725341797,77.45999908447266,2943100,0.0,0.0
2024-09-25 00:00:00-04:00,77.41999816894531,77.83000183105469,75.94000244140625,76.61000061035156,4286300,0.0,0.0
2024-09-26 00:00:00-04:00,77.13999938964844,77.73999786376953,76.06999969482422,77.20999908447266,5170100,0.0,0.0
2024-09-27 00:00:00-04:00,77.19999694824219,77.77999877929688,76.43000030517578,77.44999694824219,2987900,0.0,0.0
2024-09-30 00:00:00-04:00,77.6500015258789,78.08000183105469,76.70999908447266,77.55000305175781,3453100,0.0,0.0
2024-10-01 00:00:00-04:00,78.20999908447266,78.5,76.18000030517578,76.48999786376953,3966200,0.0,0.0
2024-10-02 00:00:00-04:00,76.48999786376953,77.83000183105469,76.0,77.58999633789062,3000100,0.0,0.0
2024-10-03 00:00:00-04:00,77.30000305175781,77.61000061035156,76.77999877929688,76.9800033569336,3717000,0.0,0.0
2024-10-04 00:00:00-04:00,77.69000244140625,78.19999694824219,76.81999969482422,78.01000213623047,3144100,0.0,0.0
2024-10-07 00:00:00-04:00,78.0199966430664,79.08000183105469,77.33999633789062,77.4800033569336,4213000,0.0,0.0
2024-10-08 00:00:00-04:00,77.80999755859375,78.04000091552734,76.81999969482422,77.77999877929688,3879100,0.0,0.0
2024-10-09 00:00:00-04:00,78.06999969482422,80.37000274658203,78.0,80.33000183105469,4709400,0.0,0.0
2024-10-10 00:00:00-04:00,79.66000366210938,82.5,79.66000366210938,82.4800033569336,5288300,0.0,0.0
2024-10-11 00:00:00-04:00,82.44000244140625,83.04000091552734,81.91999816894531,82.87000274658203,2966200,0.0,0.0
2024-10-14 00:00:00-04:00,83.44999694824219,83.7699966430664,81.93000030517578,82.83000183105469,2777100,0.0,0.0
2024-10-15 00:00:00-04:00,82.66000366210938,82.98999786376953,82.18000030517578,82.63999938964844,5379000,0.0,0.0
2024-10-16 00:00:00-04:00,82.61000061035156,82.61000061035156,81.4000015258789,82.12000274658203,2696400,0.0,0.0
2024-10-17 00:00:00-04:00,80.0199966430664,81.72000122070312,79.55999755859375,80.86000061035156,4093100,0.0,0.0
2024-10-18 00:00:00-04:00,80.51000213623047,81.29000091552734,80.23999786376953,81.06999969482422,2955900,0.0,0.0
2024-10-21 00:00:00-04:00,82.66000366210938,83.22000122070312,81.7699966430664,82.05000305175781,3798900,0.0,0.0
2024-10-22 00:00:00-04:00,81.37999725341797,82.97000122070312,81.19999694824219,82.44000244140625,3046800,0.0,0.0
2024-10-23 00:00:00-04:00,82.02999877929688,82.88999938964844,80.23999786376953,80.37000274658203,4067900,0.0,0.0
2024-10-24 00:00:00-04:00,80.6500015258789,81.33999633789062,80.36000061035156,80.62000274658203,2828600,0.0,0.0
2024-10-25 00:00:00-04:00,80.79000091552734,81.80000305175781,80.22000122070312,80.33999633789062,3111700,0.0,0.0
2024-10-28 00:00:00-04:00,81.16000366210938,81.4800033569336,80.47000122070312,80.76000213623047,2492200,0.0,0.0
2024-10-29 00:00:00-04:00,79.7699966430664,80.38999938964844,78.51000213623047,79.37000274658203,3806000,0.0,0.0
2024-10-30 00:00:00-04:00,79.25,79.91999816894531,78.58999633789062,78.73999786376953,2595500,0.0,0.0
2024-10-31 00:00:00-04:00,78.98999786376953,79.51000213623047,78.1500015258789,78.66000366210938,4584900,0.0,0.0
2024-11-01 00:00:00-04:00,78.18000030517578,79.41999816894531,77.81999969482422,78.80000305175781,4055400,0.0,0.0
2024-11-04 00:00:00-05:00,78.62999725341797,79.37000274658203,77.80000305175781,78.83999633789062,3488000,0.0,0.0
2024-11-05 00:00:00-05:00,79.3499984741211,79.44999694824219,77.72000122070312,77.91999816894531,4408000,0.0,0.0
2024-11-06 00:00:00-05:00,80.20999908447266,81.08000183105469,79.77999877929688,80.87000274658203,5711300,0.0,0.0
2024-11-07 00:00:00-05:00,82.44999694824219,83.83000183105469,81.5,83.68000030517578,6375000,0.0,0.0
2024-11-08 00:00:00-05:00,84.5,92.52999877929688,84.26000213623047,92.04000091552734,13790400,0.0,0.0
2024-11-11 00:00:00-05:00,92.41999816894531,97.3499984741211,92.30000305175781,97.18000030517578,8393300,0.0,0.0
2024-11-12 00:00:00-05:00,97.16000366210938,99.51000213623047,96.91000366210938,99.1500015258789,7146000,0.0,0.0
2024-11-13 00:00:00-05:00,98.05000305175781,100.58999633789062,97.5999984741211,97.87999725341797,6571800,0.0,0.0
2024-11-14 00:00:00-05:00,96.54000091552734,97.05999755859375,94.11000061035156,94.45999908447266,7275800,0.0,0.0
2024-11-15 00:00:00-05:00,94.80000305175781,96.37999725341797,92.7300033569336,94.19999694824219,5915600,0.0,0.0
2024-11-18 00:00:00-05:00,94.56999969482422,96.73999786376953,90.95999908447266,91.87999725341797,8702100,0.0,0.0
2024-11-19 00:00:00-05:00,90.58999633789062,91.77999877929688,89.66999816894531,90.79000091552734,5706900,0.0,0.0
2024-11-20 00:00:00-05:00,91.30000305175781,92.48999786376953,90.61000061035156,92.44999694824219,5026800,0.0,0.0
2024-11-21 00:00:00-05:00,93.0,94.3499984741211,92.5199966430664,94.0199966430664,4379700,0.0,0.0
2024-11-22 00:00:00-05:00,94.31999969482422,94.5,92.33000183105469,92.7699966430664,4060500,0.0,0.0
2024-11-25 00:00:00-05:00,93.11000061035156,94.9000015258789,92.68000030517578,93.12000274658203,8804500,0.0,0.0
2024-11-26 00:00:00-05:00,93.97000122070312,96.69999694824219,93.97000122070312,96.44000244140625,4729300,0.0,0.0
2024-11-27 00:00:00-05:00,96.68000030517578,96.79000091552734,93.86000061035156,94.05999755859375,3834700,0.0,0.0
2024-11-29 00:00:00-05:00,94.33000183105469,95.47000122070312,94.11000061035156,95.05000305175781,2124100,0.0,0.0
2024-12-02 00:00:00-05:00,95.36000061035156,97.18000030517578,94.93000030517578,95.31999969482422,4379500,0.0,0.0
2024-12-03 00:00:00-05:00,95.0,95.79000091552734,93.37999725341797,95.29000091552734,3716700,0.0,0.0
2024-12-04 00:00:00-05:00,96.98999786376953,98.5,96.05000305175781,98.19000244140625,4979200,0.0,0.0
2024-12-05 00:00:00-05:00,98.30999755859375,99.73999786376953,97.69999694824219,98.45999908447266,3940700,0.0,0.0
2024-12-06 00:00:00-05:00,98.5199966430664,99.70999908447266,98.0999984741211,99.20999908447266,3219900,0.0,0.0
2024-12-09 00:00:00-05:00,99.70999908447266,100.4000015258789,96.19999694824219,97.04000091552734,4260800,0.0,0.0
2024-12-10 00:00:00-05:00,96.5199966430664,98.37000274658203,96.05999755859375,97.12999725341797,3915600,0.0,0.0
2024-12-11 00:00:00-05:00,98.0,98.68000030517578,97.02999877929688,98.04000091552734,3417400,0.0,0.0
2024-12-12 00:00:00-05:00,98.04000091552734,98.9000015258789,97.25,98.5999984741211,2859800,0.0,0.0
2024-12-13 00:00:00-05:00,98.29000091552734,99.19000244140625,96.86000061035156,97.94999694824219,3165900,0.0,0.0
2024-12-16 00:00:00-05:00,98.20999908447266,98.5,97.02999877929688,98.16000366210938,3822400,0.0,0.0
2024-12-17 00:00:00-05:00,98.16000366210938,99.37000274658203,97.01000213623047,97.62000274658203,4009800,0.0,0.0
2024-12-18 00:00:00-05:00,98.05000305175781,98.56999969482422,92.83000183105469,93.36000061035156,5751000,0.0,0.0
2024-12-19 00:00:00-05:00,95.94000244140625,96.87000274658203,94.2300033569336,94.8499984741211,4582600,0.0,0.0
2024-12-20 00:00:00-05:00,93.72000122070312,97.83000183105469,93.36000061035156,97.19000244140625,13324400,0.0,0.0
2024-12-23 00:00:00-05:00,96.93000030517578,97.06999969482422,95.33999633789062,96.41999816894531,3107900,0.0,0.0
2024-12-24 00:00:00-05:00,96.6500015258789,97.83000183105469,96.31999969482422,97.80999755859375,1764900,0.0,0.0
2024-12-26 00:00:00-05:00,97.16000366210938,97.5999984741211,96.7300033569336,97.29000091552734,1661500,0.0,0.0
2024-12-27 00:00:00-05:00,96.51000213623047,96.51000213623047,94.80000305175781,96.08000183105469,2774700,0.0,0.0
2024-12-30 00:00:00-05:00,94.87999725341797,95.7300033569336,94.0,95.12999725341797,2127900,0.0,0.0
2024-12-31 00:00:00-05:00,95.79000091552734,96.0,93.87000274658203,94.4800033569336,2183900,0.0,0.0
2025-01-02 00:00:00-05:00,95.36000061035156,96.16999816894531,93.20999908447266,94.75,2850700,0.0,0.0
2025-01-03 00:00:00-05:00,95.7300033569336,98.37999725341797,95.37000274658203,97.47000122070312,4270700,0.0,0.0
2025-01-06 00:00:00-05:00,100.87999725341797,101.0,97.12000274658203,97.94000244140625,4193200,0.0,0.0
2025-01-07 00:00:00-05:00,97.69000244140625,98.0,94.4000015258789,95.93000030517578,4006900,0.0,0.0
2025-01-08 00:00:00-05:00,95.19999694824219,96.2699966430664,93.33000183105469,96.04000091552734,4756100,0.0,0.0
2025-01-10 00:00:00-05:00,95.44000244140625,95.66999816894531,94.1500015258789,94.55999755859375,4019400,0.0,0.0
2025-01-13 00:00:00-05:00,93.97000122070312,94.3499984741211,92.63999938964844,93.83000183105469,4148800,0.0,0.0
2025-01-14 00:00:00-05:00,92.56999969482422,93.33000183105469,90.80000305175781,92.48999786376953,5432800,0.0,0.0
2025-01-15 00:00:00-05:00,93.87999725341797,94.16000366210938,92.76000213623047,93.05999755859375,4846800,0.0,0.0
2025-01-16 00:00:00-05:00,93.91999816894531,94.8499984741211,93.41000366210938,94.05000305175781,2907900,0.0,0.0
2025-01-17 00:00:00-05:00,96.08999633789062,96.08999633789062,93.87999725341797,94.2300033569336,4917000,0.0,0.0
2025-01-21 00:00:00-05:00,95.6500015258789,97.27999877929688,94.81999969482422,97.19999694824219,3850100,0.0,0.0
2025-01-22 00:00:00-05:00,98.0,98.33999633789062,96.58999633789062,98.23999786376953,3542100,0.0,0.0
2025-01-23 00:00:00-05:00,97.6500015258789,98.06999969482422,95.94000244140625,97.44999694824219,3704700,0.0,0.0
2025-01-24 00:00:00-05:00,97.56999969482422,97.56999969482422,96.11000061035156,96.9000015258789,4139600,0.0,0.0
2025-01-27 00:00:00-05:00,94.91000366210938,98.33000183105469,94.0999984741211,96.7699966430664,4245500,0.0,0.0
2025-01-28 00:00:00-05:00,96.52999877929688,100.37999725341797,95.55000305175781,99.83000183105469,4380100,0.0,0.0
2025-01-29 00:00:00-05:00,99.91999816894531,100.20999908447266,98.19999694824219,99.33000183105469,3124500,0.0,0.0
2025-01-30 00:00:00-05:00,100.41000366210938,102.16999816894531,100.0199966430664,100.93000030517578,4168500,0.0,0.0
2025-01-31 00:00:00-05:00,101.13999938964844,102.87000274658203,100.47000122070312,100.87999725341797,4089800,0.0,0.0
2025-02-03 00:00:00-05:00,98.87000274658203,101.41000366210938,98.12000274658203,100.9000015258789,4943900,0.0,0.0
2025-02-04 00:00:00-05:00,101.0,102.83000183105469,100.69999694824219,102.77999877929688,3900000,0.0,0.0
2025-02-05 00:00:00-05:00,103.1500015258789,105.12000274658203,101.8499984741211,105.06999969482422,4160000,0.0,0.0
2025-02-06 00:00:00-05:00,105.4000015258789,105.81999969482422,103.95999908447266,104.72000122070312,6937700,0.0,0.0
2025-02-07 00:00:00-05:00,109.48999786376953,110.52999877929688,102.37000274658203,107.66000366210938,11183600,0.0,0.0
2025-02-10 00:00:00-05:00,108.6500015258789,110.98999786376953,107.44999694824219,109.55000305175781,5111300,0.0,0.0
2025-02-11 00:00:00-05:00,109.5,110.33000183105469,107.80999755859375,108.33000183105469,4430100,0.0,0.0
2025-02-12 00:00:00-05:00,107.02999877929688,107.80000305175781,104.2699966430664,107.69999694824219,4412300,0.0,0.0
2025-02-13 00:00:00-05:00,108.98999786376953,110.02999877929688,107.61000061035156,109.9800033569336,3601400,0.0,0.0
2025-02-14 00:00:00-05:00,110.2699966430664,112.37000274658203,108.72000122070312,111.63999938964844,4981100,0.0,0.0
2025-02-18 00:00:00-05:00,112.69999694824219,114.81999969482422,112.45999908447266,114.26000213623047,6666600,0.0,0.0
2025-02-19 00:00:00-05:00,114.11000061035156,114.62999725341797,111.87999725341797,114.56999969482422,4912100,0.0,0.0
2025-02-20 00:00:00-05:00,113.80000305175781,114.52999877929688,110.83000183105469,114.20999908447266,6895600,0.0,0.0
2025-02-21 00:00:00-05:00,113.95999908447266,114.56999969482422,109.93000030517578,110.0199966430664,5172100,0.0,0.0
2025-02-24 00:00:00-05:00,109.31999969482422,110.0199966430664,107.33000183105469,108.69000244140625,5413900,0.0,0.0
2025-02-25 00:00:00-05:00,108.08000183105469,108.56999969482422,105.77999877929688,108.05999755859375,4429600,0.0,0.0
2025-02-26 00:00:00-05:00,108.45999908447266,110.29000091552734,107.83000183105469,109.0199966430664,3799700,0.0,0.0
2025-02-27 00:00:00-05:00,109.9800033569336,111.30999755859375,107.0,107.08999633789062,4305500,0.0,0.0
2025-02-28 00:00:00-05:00,106.9800033569336,108.26000213623047,105.9000015258789,108.01000213623047,5126300,0.0,0.0
2025-03-03 00:00:00-05:00,108.81999969482422,110.66999816894531,106.04000091552734,106.54000091552734,5292000,0.0,0.0
2025-03-04 00:00:00-05:00,106.80999755859375,107.70999908447266,103.93000030517578,106.4800033569336,5443000,0.0,0.0
2025-03-05 00:00:00-05:00,105.37999725341797,107.5,103.72000122070312,106.80000305175781,4953800,0.0,0.0
2025-03-06 00:00:00-05:00,105.6500015258789,106.68000030517578,101.5,101.72000122070312,4443100,0.0,0.0
2025-03-07 00:00:00-05:00,102.0,102.3499984741211,98.05000305175781,101.27999877929688,5560900,0.0,0.0
2025-03-10 00:00:00-04:00,99.31999969482422,99.54000091552734,95.72000122070312,96.04000091552734,5573600,0.0,0.0
2025-03-11 00:00:00-04:00,96.48999786376953,99.94000244140625,95.5,98.27999877929688,6312000,0.0,0.0
2025-03-12 00:00:00-04:00,99.52999877929688,100.8499984741211,97.61000061035156,97.93000030517578,4301600,0.0,0.0
2025-03-13 00:00:00-04:00,97.4000015258789,97.5,93.2699966430664,93.41999816894531,4261600,0.0,0.0
2025-03-14 00:00:00-04:00,94.63999938964844,96.69000244140625,94.0,96.25,3973000,0.0,0.0
2025-03-17 00:00:00-04:00,95.73999786376953,97.48999786376953,95.58000183105469,96.66999816894531,4146300,0.0,0.0
2025-03-18 00:00:00-04:00,96.08000183105469,97.29000091552734,94.80999755859375,96.91000366210938,3481400,0.0,0.0
2025-03-19 00:00:00-04:00,97.33000183105469,99.18000030517578,97.05999755859375,98.16999816894531,4320800,0.0,0.0
2025-03-20 00:00:00-04:00,97.13999938964844,99.58999633789062,97.11000061035156,98.44999694824219,4249100,0.0,0.0
2025-03-21 00:00:00-04:00,97.31999969482422,98.7300033569336,95.94000244140625,98.6500015258789,5778500,0.0,0.0
2025-03-24 00:00:00-04:00,100.0,100.29000091552734,98.80999755859375,99.79000091552734,4047000,0.0,0.0
2025-03-25 00:00:00-04:00,99.72000122070312,102.22000122070312,99.55000305175781,102.08999633789062,3423600,0.0,0.0
2025-03-26 00:00:00-04:00,101.62000274658203,102.33999633789062,100.41999816894531,101.01000213623047,2997300,0.0,0.0
2025-03-27 00:00:00-04:00,100.26000213623047,100.97000122070312,98.98999786376953,99.54000091552734,3358300,0.0,0.0
2025-03-28 00:00:00-04:00,99.06999969482422,99.4800033569336,95.37000274658203,96.5999984741211,4501200,0.0,0.0
2025-03-31 00:00:00-04:00,94.45999908447266,96.97000122070312,93.26000213623047,96.26000213623047,6285500,0.0,0.0
2025-04-01 00:00:00-04:00,95.22000122070312,96.83000183105469,94.54000091552734,96.66999816894531,4109000,0.0,0.0
2025-04-02 00:00:00-04:00,95.08000183105469,98.4000015258789,95.0,98.08000183105469,3438300,0.0,0.0
2025-04-03 00:00:00-04:00,92.76000213623047,93.4800033569336,89.33000183105469,89.44000244140625,8699100,0.0,0.0
2025-04-04 00:00:00-04:00,86.51000213623047,87.79000091552734,84.27999877929688,84.70999908447266,11174900,0.0,0.0
2025-04-07 00:00:00-04:00,82.31999969482422,91.37999725341797,81.69999694824219,88.0,11000400,0.0,0.0
2025-04-08 00:00:00-04:00,91.66000366210938,91.91999816894531,86.81999969482422,88.1500015258789,9188600,0.0,0.0
2025-04-09 00:00:00-04:00,88.80999755859375,100.5,87.83000183105469,99.93000030517578,9263400,0.0,0.0
2025-04-10 00:00:00-04:00,97.26000213623047,98.19000244140625,93.58000183105469,96.31999969482422,6807700,0.0,0.0
2025-04-11 00:00:00-04:00,96.01000213623047,98.18000030517578,94.97000122070312,97.7300033569336,5502900,0.0,0.0
2025-04-14 00:00:00-04:00,99.88999938964844,100.5,95.36000061035156,96.8499984741211,4615600,0.0,0.0
2025-04-15 00:00:00-04:00,97.38999938964844,99.23999786376953,97.19999694824219,99.19999694824219,3584000,0.0,0.0
2025-04-16 00:00:00-04:00,97.19999694824219,98.5999984741211,94.80000305175781,96.06999969482422,5678100,0.0,0.0
2025-04-17 00:00:00-04:00,96.83000183105469,97.3499984741211,95.80000305175781,96.12999725341797,2979100,0.0,0.0
2025-04-21 00:00:00-04:00,94.87000274658203,95.70999908447266,91.33000183105469,92.72000122070312,3071500,0.0,0.0
2025-04-22 00:00:00-04:00,93.51000213623047,95.05999755859375,91.23999786376953,94.37000274658203,4621000,0.0,0.0
2025-04-23 00:00:00-04:00,97.44999694824219,99.54000091552734,96.29000091552734,97.0,4330100,0.0,0.0
2025-04-24 00:00:00-04:00,96.98999786376953,101.19000244140625,96.75,100.72000122070312,4087900,0.0,0.0
2025-04-25 00:00:00-04:00,100.2699966430664,101.91999816894531,99.98999786376953,101.80000305175781,3350000,0.0,0.0
2025-04-28 00:00:00-04:00,102.38999938964844,103.08000183105469,100.94000244140625,102.63999938964844,3079100,0.0,0.0
2025-04-29 00:00:00-04:00,102.0199966430664,104.54000091552734,101.97000122070312,104.20999908447266,3128900,0.0,0.0
2025-04-30 00:00:00-04:00,101.86000061035156,103.9800033569336,100.33999633789062,103.76000213623047,5456900,0.0,0.0
2025-05-01 00:00:00-04:00,104.87999725341797,106.41000366210938,104.13999938964844,104.20999908447266,4088300,0.0,0.0
2025-05-02 00:00:00-04:00,105.70999908447266,106.6500015258789,104.62999725341797,106.18000030517578,3795600,0.0,0.0
2025-05-05 00:00:00-04:00,104.56999969482422,109.33000183105469,104.45999908447266,108.69000244140625,5447100,0.0,0.0
2025-05-06 00:00:00-04:00,105.98999786376953,108.51000213623047,105.43000030517578,107.13999938964844,4775200,0.0,0.0
2025-05-07 00:00:00-04:00,106.04000091552734,107.44000244140625,105.47000122070312,106.72000122070312,6859300,0.0,0.0
2025-05-08 00:00:00-04:00,97.5999984741211,99.2699966430664,93.25,97.73999786376953,15635100,0.0,0.0
2025-05-09 00:00:00-04:00,98.33000183105469,98.37999725341797,95.41999816894531,97.41999816894531,5721200,0.0,0.0
2025-05-12 00:00:00-04:00,99.8499984741211,102.12999725341797,99.19000244140625,102.04000091552734,6251500,0.0,0.0
2025-05-13 00:00:00-04:00,101.48999786376953,105.5,101.27999877929688,105.05000305175781,5890000,0.0,0.0
2025-05-14 00:00:00-04:00,105.0999984741211,105.97000122070312,102.68000030517578,103.2300033569336,4513500,0.0,0.0
2025-05-15 00:00:00-04:00,102.5,103.4000015258789,101.33999633789062,102.55999755859375,4680100,0.0,0.0
2025-05-16 00:00:00-04:00,103.2300033569336,105.11000061035156,102.69000244140625,104.58999633789062,4510500,0.0,0.0
2025-05-19 00:00:00-04:00,103.55999755859375,104.94999694824219,103.5,104.75,3562300,0.0,0.0
2025-05-20 00:00:00-04:00,104.88999938964844,104.88999938964844,103.19999694824219,104.79000091552734,3958300,0.0,0.0
2025-05-21 00:00:00-04:00,103.69999694824219,104.77999877929688,102.75,102.83999633789062,4423700,0.0,0.0
2025-05-22 00:00:00-04:00,103.33000183105469,104.69000244140625,103.08000183105469,103.62000274658203,3655100,0.0,0.0
2025-05-23 00:00:00-04:00,102.16000366210938,103.52999877929688,101.58000183105469,103.16000366210938,3768800,0.0,0.0
2025-05-27 00:00:00-04:00,104.19999694824219,106.05999755859375,104.16999816894531,104.73999786376953,4249100,0.0,0.0
2025-05-28 00:00:00-04:00,104.73999786376953,105.58000183105469,104.22000122070312,104.51000213623047,3740100,0.0,0.0
2025-05-29 00:00:00-04:00,105.22000122070312,105.5,100.9000015258789,102.04000091552734,4731600,0.0,0.0
2025-05-30 00:00:00-04:00,102.19999694824219,102.4800033569336,100.54000091552734,101.77999877929688,17093000,0.0,0.0
2025-06-02 00:00:00-04:00,101.0999984741211,102.5199966430664,99.8499984741211,102.47000122070312,5242600,0.0,0.0
2025-06-03 00:00:00-04:00,102.26000213623047,103.16999816894531,102.05999755859375,102.87999725341797,3789900,0.0,0.0
2025-06-04 00:00:00-04:00,102.5,102.83999633789062,101.31999969482422,101.62000274658203,3392800,0.0,0.0
2025-06-05 00:00:00-04:00,102.06999969482422,103.9800033569336,101.75,103.5,3368100,0.0,0.0
2025-06-06 00:00:00-04:00,104.31999969482422,105.19999694824219,103.7300033569336,104.94000244140625,3296600,0.0,0.0
2025-06-09 00:00:00-04:00,104.7300033569336,105.0,101.94000244140625,102.08000183105469,3904800,0.0,0.0
2025-06-10 00:00:00-04:00,102.33000183105469,102.9000015258789,101.06999969482422,101.62999725341797,3789300,0.0,0.0
2025-06-11 00:00:00-04:00,101.41999816894531,104.01000213623047,100.13999938964844,102.0199966430664,4220300,0.0,0.0
2025-06-12 00:00:00-04:00,101.83999633789062,102.79000091552734,101.47000122070312,101.66000366210938,2946600,0.0,0.0
2025-06-13 00:00:00-04:00,100.77999877929688,103.33999633789062,100.30999755859375,100.83000183105469,3425200,0.0,0.0
2025-06-16 00:00:00-04:00,101.0999984741211,103.2300033569336,101.0999984741211,101.94999694824219,3519800,0.0,0.0
2025-06-17 00:00:00-04:00,101.52999877929688,104.5,101.30000305175781,102.87999725341797,4096000,0.0,0.0
2025-06-18 00:00:00-04:00,103.26000213623047,103.4000015258789,99.83999633789062,100.81999969482422,4337300,0.0,0.0
2025-06-20 00:00:00-04:00,101.31999969482422,101.98999786376953,98.86000061035156,99.8499984741211,6944000,0.0,0.0
2025-06-23 00:00:00-04:00,99.77999877929688,103.45999908447266,98.5999984741211,103.1500015258789,4523500,0.0,0.0
2025-06-24 00:00:00-04:00,104.31999969482422,104.98999786376953,103.38999938964844,104.41999816894531,3540500,0.0,0.0
2025-06-25 00:00:00-04:00,104.87000274658203,105.79000091552734,103.5199966430664,103.69000244140625,2791900,0.0,0.0
2025-06-26 00:00:00-04:00,103.7300033569336,104.73999786376953,103.0999984741211,103.86000061035156,2816300,0.0,0.0
2025-06-27 00:00:00-04:00,103.91999816894531,104.47000122070312,102.94000244140625,103.11000061035156,5706100,0.0,0.0
2025-06-30 00:00:00-04:00,103.9000015258789,105.95999908447266,103.41000366210938,105.72000122070312,4095400,0.0,0.0
2025-07-01 00:00:00-04:00,105.36000061035156,105.8499984741211,100.91000366210938,102.43000030517578,6138000,0.0,0.0
2025-07-02 00:00:00-04:00,101.80999755859375,102.6500015258789,100.91000366210938,102.20999908447266,3749300,0.0,0.0
2025-07-03 00:00:00-04:00,102.68000030517578,106.12000274658203,102.62000274658203,105.66000366210938,2864100,0.0,0.0
2025-07-07 00:00:00-04:00,105.5999984741211,107.55999755859375,105.0199966430664,106.6500015258789,4762200,0.0,0.0
2025-07-08 00:00:00-04:00,106.97000122070312,107.83000183105469,103.36000061035156,107.54000091552734,5288500,0.0,0.0
2025-07-09 00:00:00-04:00,108.6500015258789,108.7699966430664,105.62000274658203,107.6500015258789,4442500,0.0,0.0
2025-07-10 00:00:00-04:00,107.70999908447266,108.08999633789062,99.91000366210938,100.19999694824219,5972600,0.0,0.0
2025-07-11 00:00:00-04:00,100.0,100.62000274658203,98.69999694824219,99.05999755859375,4132000,0.0,0.0
2025-07-14 00:00:00-04:00,99.36000061035156,103.55999755859375,99.25,102.97000122070312,6019600,0.0,0.0
2025-07-15 00:00:00-04:00,103.41000366210938,105.44000244140625,103.37999725341797,104.93000030517578,4172800,0.0,0.0
2025-07-16 00:00:00-04:00,104.93000030517578,105.19000244140625,101.55000305175781,103.44000244140625,3509300,0.0,0.0
2025-07-17 00:00:00-04:00,103.5,105.45999908447266,103.3499984741211,104.91999816894531,3480900,0.0,0.0
2025-07-18 00:00:00-04:00,105.70999908447266,106.56999969482422,104.72000122070312,105.41999816894531,3640800,0.0,0.0
2025-07-21 00:00:00-04:00,105.16000366210938,107.5199966430664,104.36000061035156,106.94000244140625,3533600,0.0,0.0
2025-07-22 00:00:00-04:00,106.93000030517578,107.4000015258789,104.63999938964844,104.80999755859375,2951400,0.0,0.0
2025-07-23 00:00:00-04:00,104.91000366210938,105.1500015258789,103.13999938964844,105.05999755859375,2582700,0.0,0.0
2025-07-24 00:00:00-04:00,105.30999755859375,106.19000244140625,104.02999877929688,104.7699966430664,2440000,0.0,0.0
2025-07-25 00:00:00-04:00,105.2300033569336,105.8499984741211,104.72000122070312,104.81999969482422,2087900,0.0,0.0
2025-07-28 00:00:00-04:00,104.9800033569336,106.20999908447266,104.12000274658203,104.87999725341797,2129000,0.0,0.0
2025-07-29 00:00:00-04:00,105.62999725341797,106.94999694824219,103.20999908447266,104.7699966430664,3246900,0.0,0.0
2025-07-30 00:00:00-04:00,104.87999725341797,104.87999725341797,99.77999877929688,101.70999908447266,5326200,0.0,0.0
2025-07-31 00:00:00-04:00,102.2699966430664,102.5999984741211,99.66999816894531,99.9000015258789,4311900,0.0,0.0
2025-08-01 00:00:00-04:00,99.37999725341797,99.37999725341797,96.83000183105469,97.36000061035156,4709400,0.0,0.0
2025-08-04 00:00:00-04:00,97.81999969482422,99.3499984741211,96.54000091552734,98.55000305175781,5383000,0.0,0.0
2025-08-05 00:00:00-04:00,98.44999694824219,99.4000015258789,96.12000274658203,96.20999908447266,4034200,0.0,0.0
2025-08-06 00:00:00-04:00,96.98999786376953,97.58999633789062,96.30000305175781,96.58000183105469,8765700,0.0,0.0
2025-08-07 00:00:00-04:00,74.30000305175781,75.3499984741211,70.12000274658203,75.30000305175781,47433000,0.0,0.0
2025-08-08 00:00:00-04:00,76.11000061035156,76.70999908447266,72.83000183105469,74.38999938964844,17024500,0.0,0.0
2025-08-11 00:00:00-04:00,74.0199966430664,76.9000015258789,73.80999755859375,74.56999969482422,13429600,0.0,0.0
2025-08-12 00:00:00-04:00,75.0,78.98999786376953,74.9800033569336,78.47000122070312,15463900,0.0,0.0
2025-08-13 00:00:00-04:00,79.87999725341797,80.0999984741211,78.05000305175781,79.33000183105469,14129000,0.0,0.0
2025-08-14 00:00:00-04:00,78.05000305175781,78.5999984741211,76.81999969482422,77.25,11823100,0.0,0.0
2025-08-15 00:00:00-04:00,77.68000030517578,79.81999969482422,77.04000091552734,79.11000061035156,10868800,0.0,0.0
2025-08-18 00:00:00-04:00,79.56999969482422,81.19999694824219,78.94000244140625,80.76000213623047,12268400,0.0,0.0
2025-08-19 00:00:00-04:00,81.27999877929688,81.27999877929688,77.0999984741211,78.08999633789062,15012600,0.0,0.0
2025-08-20 00:00:00-04:00,78.08999633789062,80.30000305175781,77.30000305175781,79.61000061035156,12247300,0.0,0.0
2025-08-21 00:00:00-04:00,78.91000366210938,79.11000061035156,76.86000061035156,77.75,9966800,0.0,0.0
2025-08-22 00:00:00-04:00,78.30999755859375,80.62000274658203,78.20999908447266,80.0199966430664,6175800,0.0,0.0
2025-08-25 00:00:00-04:00,79.9000015258789,79.98999786376953,77.61000061035156,77.63999938964844,7269000,0.0,0.0
2025-08-26 00:00:00-04:00,77.94999694824219,78.33000183105469,77.20999908447266,77.6500015258789,6114300,0.0,0.0
2025-08-27 00:00:00-04:00,78.04000091552734,78.33999633789062,77.51000213623047,78.12999725341797,5711000,0.0,0.0
2025-08-28 00:00:00-04:00,78.18000030517578,79.41000366210938,77.94000244140625,79.29000091552734,4929700,0.0,0.0
2025-08-29 00:00:00-04:00,79.16999816894531,79.5199966430664,78.31999969482422,78.7699966430664,4458200,0.0,0.0
2025-09-02 00:00:00-04:00,75.23999786376953,77.26000213623047,75.0,76.93000030517578,7353500,0.0,0.0
2025-09-03 00:00:00-04:00,76.7300033569336,77.12999725341797,76.0999984741211,76.58000183105469,4857800,0.0,0.0
2025-09-04 00:00:00-04:00,76.26000213623047,76.62999725341797,75.11000061035156,76.44000244140625,6127700,0.0,0.0
2025-09-05 00:00:00-04:00,76.91000366210938,79.48999786376953,76.87999725341797,78.83000183105469,10495900,0.0,0.0
2025-09-08 00:00:00-04:00,79.18000030517578,80.4000015258789,79.18000030517578,80.36000061035156,6728800,0.0,0.0
2025-09-09 00:00:00-04:00,80.4000015258789,80.4000015258789,79.25,79.83999633789062,4507700,0.0,0.0
2025-09-10 00:00:00-04:00,79.93000030517578,80.5999984741211,78.9000015258789,79.4800033569336,5899400,0.0,0.0
2025-09-11 00:00:00-04:00,80.04000091552734,81.22000122070312,79.68000030517578,80.88999938964844,6932300,0.0,0.0
2025-09-12 00:00:00-04:00,80.93000030517578,81.2699966430664,79.6500015258789,79.68000030517578,4428900,0.0,0.0
2025-09-15 00:00:00-04:00,80.25,81.05999755859375,79.61000061035156,81.0,6220500,0.0,0.0
2025-09-16 00:00:00-04:00,80.94000244140625,81.0,79.48999786376953,79.77999877929688,5585100,0.0,0.0
2025-09-17 00:00:00-04:00,79.8499984741211,80.87000274658203,79.72000122070312,80.29000091552734,4978200,0.0,0.0
2025-09-18 00:00:00-04:00,81.33000183105469,81.87000274658203,80.76000213623047,80.98999786376953,5119700,0.0,0.0
2025-09-19 00:00:00-04:00,82.45999908447266,84.69999694824219,82.16999816894531,84.20999908447266,22847000,0.0,0.0
2025-09-22 00:00:00-04:00,83.12999725341797,85.12000274658203,81.9000015258789,85.01000213623047,6172900,0.0,0.0
2025-09-23 00:00:00-04:00,85.12000274658203,86.05999755859375,84.13999938964844,85.2699966430664,5370400,0.0,0.0
2025-09-24 00:00:00-04:00,85.29000091552734,86.20999908447266,83.33999633789062,83.5999984741211,5658600,0.0,0.0
2025-09-25 00:00:00-04:00,82.95999908447266,83.4000015258789,81.76000213623047,83.20999908447266,4756400,0.0,0.0
2025-09-26 00:00:00-04:00,83.19999694824219,84.88999938964844,82.97000122070312,84.31999969482422,4171900,0.0,0.0
2025-09-29 00:00:00-04:00,84.87999725341797,85.16000366210938,83.5999984741211,84.6500015258789,4652000,0.0,0.0
2025-09-30 00:00:00-04:00,84.33000183105469,84.98999786376953,83.5,84.08000183105469,3967000,0.0,0.0
2025-10-01 00:00:00-04:00,83.91999816894531,85.33000183105469,83.66999816894531,85.18000030517578,4314900,0.0,0.0
2025-10-02 00:00:00-04:00,85.25,86.38999938964844,84.66000366210938,86.29000091552734,4639200,0.0,0.0
2025-10-03 00:00:00-04:00,86.80000305175781,87.23999786376953,85.54000091552734,85.79000091552734,4247400,0.0,0.0
2025-10-06 00:00:00-04:00,86.3499984741211,87.19000244140625,85.95999908447266,86.37999725341797,3844800,0.0,0.0
2025-10-07 00:00:00-04:00,86.36000061035156,87.05000305175781,84.66000366210938,84.91999816894531,4330300,0.0,0.0
2025-10-08 00:00:00-04:00,85.5999984741211,86.7300033569336,85.12999725341797,86.45999908447266,5614300,0.0,0.0
2025-10-09 00:00:00-04:00,85.69999694824219,86.5199966430664,84.1500015258789,86.19000244140625,3926700,0.0,0.0
2025-10-10 00:00:00-04:00,86.5,87.0999984741211,82.9800033569336,83.04000091552734,4604600,0.0,0.0
2025-10-13 00:00:00-04:00,84.69999694824219,85.19999694824219,83.58999633789062,84.19999694824219,4433600,0.0,0.0
2025-10-14 00:00:00-04:00,82.5,83.9000015258789,82.19999694824219,83.08000183105469,4915200,0.0,0.0
2025-10-15 00:00:00-04:00,83.72000122070312,84.77999877929688,83.06999969482422,83.58000183105469,4136100,0.0,0.0
2025-10-16 00:00:00-04:00,83.73999786376953,84.33999633789062,82.16999816894531,83.13999938964844,4020000,0.0,0.0
2025-10-17 00:00:00-04:00,82.58999633789062,83.7699966430664,82.30999755859375,83.44000244140625,4162000,0.0,0.0
2025-10-20 00:00:00-04:00,83.05000305175781,84.95999908447266,83.05000305175781,84.86000061035156,3968300,0.0,0.0
2025-10-21 00:00:00-04:00,83.41000366210938,85.12000274658203,81.0999984741211,84.77999877929688,4828900,0.0,0.0
2025-10-22 00:00:00-04:00,85.0,85.48999786376953,84.06999969482422,84.66000366210938,4101800,0.0,0.0
2025-10-23 00:00:00-04:00,84.66000366210938,85.47000122070312,84.33999633789062,84.93000030517578,2548700,0.0,0.0
2025-10-24 00:00:00-04:00,85.7699966430664,85.86000061035156,84.9800033569336,85.55999755859375,3367500,0.0,0.0
2025-10-27 00:00:00-04:00,86.12999725341797,86.55999755859375,85.13999938964844,85.29000091552734,4166100,0.0,0.0
2025-10-28 00:00:00-04:00,86.06999969482422,87.04000091552734,84.9800033569336,85.87000274658203,4895600,0.0,0.0
2025-10-29 00:00:00-04:00,84.8499984741211,85.0,83.55999755859375,84.22000122070312,5430700,0.0,0.0
2025-10-30 00:00:00-04:00,84.58000183105469,85.5999984741211,84.1500015258789,84.19999694824219,4575300,0.0,0.0
2025-10-31 00:00:00-04:00,84.20999908447266,86.83000183105469,84.0,86.43000030517578,4680400,0.0,0.0
2025-11-03 00:00:00-05:00,86.0199966430664,87.66000366210938,84.87999725341797,87.5199966430664,6239600,0.0,0.0
2025-11-04 00:00:00-05:00,86.5,86.83999633789062,84.41999816894531,85.22000122070312,5906500,0.0,0.0
2025-11-05 00:00:00-05:00,84.61000061035156,86.31999969482422,84.0,85.98999786376953,8713500,0.0,0.0
2025-11-06 00:00:00-05:00,76.05000305175781,81.69000244140625,75.30999755859375,80.54000091552734,13371800,0.0,0.0
2025-11-07 00:00:00-05:00,79.77999877929688,81.9800033569336,79.55000305175781,81.79000091552734,7152600,0.0,0.0
2025-11-10 00:00:00-05:00,82.30000305175781,82.62000274658203,80.2699966430664,82.27999877929688,6447900,0.0,0.0
2025-11-11 00:00:00-05:00,82.27999877929688,84.23999786376953,82.08999633789062,83.66000366210938,5108100,0.0,0.0
2025-11-12 00:00:00-05:00,83.3499984741211,84.02999877929688,81.76000213623047,82.13999938964844,4786400,0.0,0.0
2025-11-13 00:00:00-05:00,81.44999694824219,82.55000305175781,80.94999694824219,81.02999877929688,4735300,0.0,0.0
2025-11-14 00:00:00-05:00,80.13999938964844,83.26000213623047,79.75,82.30999755859375,5149800,0.0,0.0
2025-11-17 00:00:00-05:00,82.0999984741211,82.95999908447266,81.7699966430664,81.94000244140625,4479000,0.0,0.0
2025-11-18 00:00:00-05:00,81.5999984741211,82.26000213623047,79.13999938964844,80.1500015258789,6448400,0.0,0.0
2025-11-19 00:00:00-05:00,79.81999969482422,80.37000274658203,79.31999969482422,79.7300033569336,4190100,0.0,0.0
2025-11-20 00:00:00-05:00,80.5,81.20999908447266,77.79000091552734,78.04000091552734,5994200,0.0,0.0
2025-11-21 00:00:00-05:00,77.80000305175781,79.5,77.16999816894531,78.86000061035156,5531300,0.0,0.0
2025-11-24 00:00:00-05:00,78.88999938964844,80.01000213623047,78.69999694824219,79.7699966430664,8416900,0.0,0.0
2025-11-25 00:00:00-05:00,79.37999725341797,81.19000244140625,79.30000305175781,80.87000274658203,3816400,0.0,0.0
2025-11-26 00:00:00-05:00,80.80999755859375,80.86000061035156,78.62999725341797,80.55000305175781,4527000,0.0,0.0
2025-11-28 00:00:00-05:00,80.66999816894531,81.36000061035156,80.36000061035156,81.12999725341797,2199100,0.0,0.0
2025-12-01 00:00:00-05:00,80.48999786376953,82.0999984741211,80.43000030517578,81.81999969482422,4092800,0.0,0.0
2025-12-02 00:00:00-05:00,82.51000213623047,83.2699966430664,82.0,82.94000244140625,3869700,0.0,0.0
2025-12-03 00:00:00-05:00,82.20999908447266,82.95999908447266,81.41999816894531,82.76000213623047,5133700,0.0,0.0
2025-12-04 00:00:00-05:00,82.9800033569336,85.23999786376953,82.41000366210938,85.18000030517578,6709900,0.0,0.0
2025-12-05 00:00:00-05:00,85.54000091552734,86.94000244140625,85.19999694824219,86.91999816894531,6172200,0.0,0.0
2025-12-08 00:00:00-05:00,86.95999908447266,87.11000061035156,83.26000213623047,83.52999877929688,6075000,0.0,0.0
2025-12-09 00:00:00-05:00,83.08999633789062,84.16000366210938,82.1500015258789,83.5,3991200,0.0,0.0
2025-12-10 00:00:00-05:00,82.9000015258789,83.22000122070312,80.23999786376953,81.5999984741211,7383600,0.0,0.0
2025-12-11 00:00:00-05:00,81.5999984741211,83.22000122070312,81.44999694824219,82.47000122070312,4523600,0.0,0.0
2025-12-12 00:00:00-05:00,81.9800033569336,82.66000366210938,81.66000366210938,82.22000122070312,4283800,0.0,0.0
2025-12-15 00:00:00-05:00,82.0999984741211,82.83000183105469,80.79000091552734,81.5199966430664,5101400,0.0,0.0
2025-12-16 00:00:00-05:00,81.30999755859375,82.83000183105469,81.12999725341797,82.47000122070312,5264000,0.0,0.0
2025-12-17 00:00:00-05:00,80.08999633789062,81.44000244140625,79.37999725341797,79.37999725341797,9268900,0.0,0.0
2025-12-18 00:00:00-05:00,80.54000091552734,80.5999984741211,78.56999969482422,79.75,8070000,0.0,0.0
2025-12-19 00:00:00-05:00,79.7300033569336,80.44000244140625,79.0,80.23999786376953,20115500,0.0,0.0
2025-12-22 00:00:00-05:00,81.3499984741211,81.83000183105469,80.12999725341797,81.73999786376953,4714500,0.0,0.0
2025-12-23 00:00:00-05:00,81.61000061035156,81.70999908447266,80.0999984741211,80.66000366210938,3465700,0.0,0.0
2025-12-24 00:00:00-05:00,80.52999877929688,81.37999725341797,80.27999877929688,81.18000030517578,1241000,0.0,0.0
2025-12-26 00:00:00-05:00,80.91000366210938,81.6500015258789,80.58999633789062,81.55999755859375,2973900,0.0,0.0
2025-12-29 00:00:00-05:00,81.27999877929688,81.79000091552734,80.41999816894531,80.81999969482422,4864300,0.0,0.0
2025-12-30 00:00:00-05:00,80.61000061035156,80.87000274658203,80.27999877929688,80.30999755859375,2493900,0.0,0.0
2025-12-31 00:00:00-05:00,80.12000274658203,80.41000366210938,79.37000274658203,79.41000366210938,2867600,0.0,0.0
2026-01-02 00:00:00-05:00,79.97000122070312,79.97000122070312,77.18000030517578,77.87999725341797,7548800,0.0,0.0
2026-01-05 00:00:00-05:00,78.51000213623047,79.9000015258789,77.83000183105469,77.94000244140625,6068200,0.0,0.0
2026-01-06 00:00:00-05:00,77.7300033569336,79.19999694824219,77.5999984741211,78.44000244140625,6477800,0.0,0.0
2026-01-07 00:00:00-05:00,78.61000061035156,80.86000061035156,78.3499984741211,80.0199966430664,6870600,0.0,0.0
2026-01-08 00:00:00-05:00,79.54000091552734,79.54000091552734,77.76000213623047,78.05000305175781,6441700,0.0,0.0
2026-01-09 00:00:00-05:00,78.1500015258789,79.37000274658203,77.97000122070312,79.22000122070312,5003200,0.0,0.0
2026-01-12 00:00:00-05:00,78.91999816894531,79.08000183105469,77.98999786376953,78.66000366210938,3857900,0.0,0.0
2026-01-13 00:00:00-05:00,78.69999694824219,79.72000122070312,77.76000213623047,78.33000183105469,5748700,0.0,0.0
2026-01-14 00:00:00-05:00,76.44999694824219,78.30999755859375,75.80999755859375,76.38999938964844,10181100,0.0,0.0
2026-01-15 00:00:00-05:00,76.54000091552734,78.33000183105469,76.18000030517578,76.31999969482422,6345400,0.0,0.0
2026-01-16 00:00:00-05:00,76.54000091552734,76.61000061035156,75.1500015258789,75.37999725341797,7913700,0.0,0.0
2026-01-20 00:00:00-05:00,74.11000061035156,75.5999984741211,73.55000305175781,75.45999908447266,6870600,0.0,0.0
2026-01-21 00:00:00-05:00,75.80999755859375,76.0199966430664,74.70999908447266,75.75,6368300,0.0,0.0
2026-01-22 00:00:00-05:00,76.48999786376953,77.80999755859375,76.33000183105469,77.62000274658203,4853300,0.0,0.0
2026-01-23 00:00:00-05:00,83.5,85.05999755859375,81.0999984741211,81.63999938964844,10960100,0.0,0.0
2026-01-26 00:00:00-05:00,81.6500015258789,83.12999725341797,81.04000091552734,83.06999969482422,5708800,0.0,0.0
2026-01-27 00:00:00-05:00,83.20999908447266,83.55999755859375,81.26000213623047,81.70999908447266,4818400,0.0,0.0
2026-01-28 00:00:00-05:00,82.18000030517578,82.55000305175781,81.63999938964844,82.08000183105469,3918000,0.0,0.0
2026-01-29 00:00:00-05:00,81.5,82.11000061035156,79.73999786376953,81.51000213623047,6266300,0.0,0.0
2026-01-30 00:00:00-05:00,80.63999938964844,81.4800033569336,80.18000030517578,81.26000213623047,7499100,0.0,0.0
2026-02-02 00:00:00-05:00,80.86000061035156,82.36000061035156,80.1500015258789,81.29000091552734,7788200,0.0,0.0
2026-02-03 00:00:00-05:00,80.9800033569336,81.2300033569336,77.79000091552734,79.30000305175781,6663400,0.0,0.0
2026-02-04 00:00:00-05:00,78.87000274658203,81.44999694824219,77.79000091552734,81.12000274658203,7824800,0.0,0.0
2026-02-05 00:00:00-05:00,80.94999694824219,81.77999877929688,78.02999877929688,78.93000030517578,12691300,0.0,0.0
2026-02-06 00:00:00-05:00,81.80000305175781,83.5199966430664,77.2699966430664,82.76000213623047,15226300,0.0,0.0
2026-02-09 00:00:00-05:00,82.2699966430664,86.16999816894531,81.37000274658203,85.93000030517578,9897000,0.0,0.0
2026-02-10 00:00:00-05:00,86.3499984741211,87.48999786376953,85.16999816894531,85.52999877929688,7859100,0.0,0.0
2026-02-11 00:00:00-05:00,85.41000366210938,88.30000305175781,84.19999694824219,87.81999969482422,7987300,0.0,0.0
2026-02-12 00:00:00-05:00,87.55000305175781,88.5999984741211,82.97000122070312,84.26000213623047,7805800,0.0,0.0
2026-02-13 00:00:00-05:00,84.55000305175781,86.52999877929688,83.5999984741211,85.55999755859375,8091300,0.0,0.0
2026-02-17 00:00:00-05:00,85.16999816894531,85.41999816894531,81.05000305175781,81.69000244140625,6061100,0.0,0.0
2026-02-18 00:00:00-05:00,80.9000015258789,81.26000213623047,79.33999633789062,80.69000244140625,5853300,0.0,0.0
2026-02-19 00:00:00-05:00,81.01000213623047,81.7699966430664,80.23999786376953,81.66999816894531,4584100,0.0,0.0
2026-02-20 00:00:00-05:00,81.16999816894531,83.08000183105469,79.4000015258789,80.0,6703800,0.0,0.0
2026-02-23 00:00:00-05:00,78.41999816894531,79.4800033569336,74.66000366210938,75.5999984741211,8323500,0.0,0.0
2026-02-24 00:00:00-05:00,75.37000274658203,77.05000305175781,74.30999755859375,75.2300033569336,10049400,0.0,0.0
2026-02-25 00:00:00-05:00,74.48999786376953,77.5999984741211,74.3499984741211,77.3499984741211,5527400,0.0,0.0
2026-02-26 00:00:00-05:00,77.31999969482422,79.73999786376953,76.8499984741211,79.19999694824219,5872000,0.0,0.0
2026-02-27 00:00:00-05:00,77.30000305175781,79.12000274658203,76.63999938964844,79.02999877929688,7548200,0.0,0.0
2026-03-02 00:00:00-05:00,78.29000091552734,79.7699966430664,77.55999755859375,79.18000030517578,5247300,0.0,0.0
2026-03-03 00:00:00-05:00,77.26000213623047,81.9800033569336,77.19000244140625,81.0999984741211,7475200,0.0,0.0
2026-03-04 00:00:00-05:00,81.04000091552734,83.9800033569336,80.94999694824219,82.79000091552734,6280700,0.0,0.0
2026-03-05 00:00:00-05:00,82.27999877929688,84.7300033569336,82.25,84.41999816894531,5544100,0.0,0.0
2026-03-06 00:00:00-05:00,83.98999786376953,84.4800033569336,82.9000015258789,83.66999816894531,5658000,0.0,0.0
2026-03-09 00:00:00-04:00,83.05999755859375,84.5999984741211,82.18000030517578,83.80999755859375,6446500,0.0,0.0
2026-03-10 00:00:00-04:00,84.29000091552734,85.05000305175781,81.62000274658203,84.19999694824219,5829400,0.0,0.0
2026-03-11 00:00:00-04:00,84.30000305175781,85.37000274658203,82.3499984741211,83.4800033569336,5437700,0.0,0.0
2026-03-12 00:00:00-04:00,82.91999816894531,85.06999969482422,82.30999755859375,84.4000015258789,5220900,0.0,0.0
2026-03-13 00:00:00-04:00,84.4000015258789,85.0999984741211,82.80999755859375,83.44000244140625,3963600,0.0,0.0
2026-03-16 00:00:00-04:00,84.38999938964844,85.86000061035156,83.97000122070312,84.48999786376953,5725100,0.0,0.0
2026-03-17 00:00:00-04:00,84.58000183105469,86.41999816894531,83.05999755859375,83.16000366210938,3938200,0.0,0.0
2026-03-18 00:00:00-04:00,82.44000244140625,84.33000183105469,82.19999694824219,83.38999938964844,4343600,0.0,0.0
2026-03-19 00:00:00-04:00,83.5199966430664,84.94999694824219,82.29000091552734,83.12000274658203,4539100,0.0,0.0
2026-03-20 00:00:00-04:00,82.95999908447266,82.95999908447266,80.2699966430664,81.4000015258789,16257800,0.0,0.0
2026-03-23 00:00:00-04:00,82.01000213623047,83.72000122070312,81.22000122070312,82.7699966430664,5000000,0.0,0.0
2026-03-24 00:00:00-04:00,82.33000183105469,82.80000305175781,79.12000274658203,79.33999633789062,6174000,0.0,0.0
2026-03-25 00:00:00-04:00,80.12999725341797,81.5199966430664,78.45999908447266,78.88999938964844,6052900,0.0,0.0
2026-03-26 00:00:00-04:00,78.29000091552734,81.72000122070312,78.29000091552734,81.02999877929688,4489100,0.0,0.0
2026-03-27 00:00:00-04:00,79.69000244140625,79.69000244140625,76.41999816894531,78.19999694824219,8771200,0.0,0.0
2026-03-30 00:00:00-04:00,78.11000061035156,80.94000244140625,78.08000183105469,79.05000305175781,7015900,0.0,0.0
2026-03-31 00:00:00-04:00,79.75,81.83000183105469,79.55999755859375,81.72000122070312,6045200,0.0,0.0
2026-04-01 00:00:00-04:00,81.7699966430664,82.13999938964844,80.0,81.1500015258789,5255500,0.0,0.0
2026-04-02 00:00:00-04:00,80.8499984741211,82.55999755859375,80.0199966430664,82.52999877929688,4139300,0.0,0.0
2026-04-06 00:00:00-04:00,82.73999786376953,83.37999725341797,81.83000183105469,82.29000091552734,3459300,0.0,0.0
2026-04-07 00:00:00-04:00,81.86000061035156,83.94999694824219,81.62999725341797,83.72000122070312,5591500,0.0,0.0
2026-04-08 00:00:00-04:00,85.0999984741211,86.13999938964844,82.27999877929688,83.51000213623047,5954900,0.0,0.0
2026-04-09 00:00:00-04:00,83.2699966430664,83.70999908447266,79.55999755859375,80.66000366210938,6656500,0.0,0.0
2026-04-10 00:00:00-04:00,80.5199966430664,80.5199966430664,76.01000213623047,76.69999694824219,12401100,0.0,0.0
2026-04-13 00:00:00-04:00,76.94999694824219,78.80000305175781,76.0999984741211,78.73999786376953,6716300,0.0,0.0
2026-04-14 00:00:00-04:00,79.05999755859375,80.0199966430664,77.7300033569336,78.69999694824219,5838500,0.0,0.0
2026-04-15 00:00:00-04:00,78.81999969482422,80.06999969482422,77.41000366210938,79.63999938964844,6151400,0.0,0.0
2026-04-16 00:00:00-04:00,79.9800033569336,82.5,79.88999938964844,82.4000015258789,5517900,0.0,0.0
2026-04-17 00:00:00-04:00,83.94999694824219,84.25,81.0199966430664,81.83999633789062,4968300,0.0,0.0
2026-04-20 00:00:00-04:00,82.0999984741211,83.33000183105469,81.47000122070312,82.5999984741211,4049300,0.0,0.0
2026-04-21 00:00:00-04:00,82.2300033569336,85.68000030517578,82.0999984741211,85.26000213623047,5158100,0.0,0.0
2026-04-22 00:00:00-04:00,86.2699966430664,87.63999938964844,85.77999877929688,87.08999633789062,4443100,0.0,0.0
2026-04-23 00:00:00-04:00,85.05999755859375,85.3499984741211,81.80999755859375,82.76000213623047,5417700,0.0,0.0
2026-04-24 00:00:00-04:00,83.0999984741211,84.55999755859375,82.5,84.33999633789062,5778400,0.0,0.0
2026-04-27 00:00:00-04:00,84.0999984741211,86.76000213623047,83.77999877929688,85.66999816894531,5679500,0.0,0.0
2026-04-28 00:00:00-04:00,86.73999786376953,87.44000244140625,85.44000244140625,85.72000122070312,3890500,0.0,0.0
2026-04-29 00:00:00-04:00,85.41999816894531,86.38999938964844,84.43000030517578,86.11000061035156,3061400,0.0,0.0
2026-04-30 00:00:00-04:00,85.12000274658203,85.22000122070312,82.44000244140625,84.30999755859375,5810500,0.0,0.0
2026-05-01 00:00:00-04:00,86.12000274658203,86.75,84.97000122070312,86.29000091552734,4041100,0.0,0.0
2026-05-04 00:00:00-04:00,86.51000213623047,89.76000213623047,86.36000061035156,89.23999786376953,5451900,0.0,0.0
2026-05-05 00:00:00-04:00,89.69999694824219,90.29000091552734,88.55000305175781,89.91999816894531,3965300,0.0,0.0
2026-05-06 00:00:00-04:00,88.77999877929688,90.11000061035156,87.29000091552734,89.94999694824219,8050800,0.0,0.0
2026-05-07 00:00:00-04:00,105.26000213623047,112.38999938964844,104.51000213623047,107.97000122070312,18110100,0.0,0.0
2026-05-08 00:00:00-04:00,107.30000305175781,114.66000366210938,106.66999816894531,114.06999969482422,9904400,0.0,0.0
2026-05-11 00:00:00-04:00,112.0999984741211,115.48999786376953,112.0999984741211,115.44000244140625,6718100,0.0,0.0
2026-05-12 00:00:00-04:00,115.19000244140625,116.45999908447266,113.16000366210938,113.87000274658203,4910400,0.0,0.0
2026-05-13 00:00:00-04:00,113.20999908447266,117.83999633789062,112.70999908447266,117.69000244140625,5236600,0.0,0.0
2026-05-14 00:00:00-04:00,118.02999877929688,121.97000122070312,115.7699966430664,121.86000061035156,5784300,0.0,0.0
2026-05-15 00:00:00-04:00,121.16999816894531,123.33000183105469,119.48999786376953,122.77999877929688,5533800,0.0,0.0
2026-05-18 00:00:00-04:00,121.69000244140625,126.61000061035156,120.87000274658203,126.5,5624900,0.0,0.0
2026-05-19 00:00:00-04:00,127.80999755859375,128.1999969482422,123.76000213623047,127.63999938964844,7005900,0.0,0.0
2026-05-20 00:00:00-04:00,125.91000366210938,130.36000061035156,125.33000183105469,130.0,5981000,0.0,0.0
2026-05-21 00:00:00-04:00,128.91000366210938,129.7100067138672,127.4000015258789,129.4600067138672,4266200,0.0,0.0
2026-05-22 00:00:00-04:00,130.0,134.19000244140625,128.57000732421875,133.92999267578125,5819100,0.0,0.0
2026-05-26 00:00:00-04:00,132.97999572753906,134.91000366210938,130.60000610351562,133.9600067138672,4820100,0.0,0.0
2026-05-27 00:00:00-04:00,129.5500030517578,131.5,126.77999877929688,127.93000030517578,6861400,0.0,0.0
2026-05-28 00:00:00-04:00,128.5800018310547,129.94000244140625,126.61000061035156,129.6999969482422,5806200,0.0,0.0
2026-05-29 00:00:00-04:00,129.58999633789062,138.11000061035156,129.0,137.97000122070312,9627800,0.0,0.0
2026-06-01 00:00:00-04:00,141.16000366210938,147.49000549316406,140.25,147.13999938964844,7537400,0.0,0.0
2026-06-02 00:00:00-04:00,144.33999633789062,149.02999877929688,141.75,148.86000061035156,7275600,0.0,0.0
2026-06-03 00:00:00-04:00,145.3800048828125,148.47000122070312,143.38999938964844,146.47999572753906,7983400,0.0,0.0
2026-06-04 00:00:00-04:00,146.1999969482422,150.07000732421875,144.32000732421875,149.6699981689453,5393000,0.0,0.0
2026-06-05 00:00:00-04:00,148.4600067138672,149.0500030517578,143.4600067138672,144.67999267578125,7122700,0.0,0.0
2026-06-08 00:00:00-04:00,145.50999450683594,147.0,142.50999450683594,143.0399932861328,5333500,0.0,0.0
2026-06-09 00:00:00-04:00,143.1300048828125,144.3000030517578,133.0500030517578,138.38999938964844,7801500,0.0,0.0
2026-06-10 00:00:00-04:00,137.8000030517578,141.3000030517578,137.00999450683594,138.8800048828125,6267100,0.0,0.0
2026-06-11 00:00:00-04:00,141.00999450683594,146.30999755859375,139.39999389648438,145.05999755859375,7433800,0.0,0.0
2026-06-12 00:00:00-04:00,143.63999938964844,146.3800048828125,142.14999389648438,146.3000030517578,5083700,0.0,0.0
2026-06-15 00:00:00-04:00,146.32000732421875,149.5,143.97999572753906,149.49000549316406,5207300,0.0,0.0
2026-06-16 00:00:00-04:00,148.8800048828125,148.8800048828125,144.3300018310547,147.02000427246094,5194600,0.0,0.0
2026-06-17 00:00:00-04:00,145.80999755859375,148.0,141.69000244140625,144.13999938964844,7649100,0.0,0.0
2026-06-18 00:00:00-04:00,143.49000549316406,147.1999969482422,139.7899932861328,144.72999572753906,18432900,0.0,0.0
2026-06-22 00:00:00-04:00,146.36000061035156,149.19000244140625,143.58999633789062,145.38999938964844,5607500,0.0,0.0
2026-06-23 00:00:00-04:00,144.8300018310547,148.36000061035156,143.47000122070312,148.0,5921200,0.0,0.0
2026-06-24 00:00:00-04:00,147.6999969482422,148.82000732421875,144.57000732421875,145.27999877929688,4742300,0.0,0.0
2026-06-25 00:00:00-04:00,144.6199951171875,151.97000122070312,144.6199951171875,149.92999267578125,6546900,0.0,0.0
2026-06-26 00:00:00-04:00,150.80999755859375,152.77000427246094,147.5500030517578,151.35000610351562,9199700,0.0,0.0
2026-06-29 00:00:00-04:00,152.97000122070312,159.07000732421875,152.1300048828125,155.4199981689453,6780300,0.0,0.0
2026-06-30 00:00:00-04:00,151.0399932861328,154.47000122070312,150.72999572753906,153.6199951171875,6678700,0.0,0.0
2026-07-01 00:00:00-04:00,154.74000549316406,159.8000030517578,152.5399932861328,158.97999572753906,4734400,0.0,0.0
2026-07-02 00:00:00-04:00,158.63999938964844,158.9600067138672,156.1999969482422,156.25,4490600,0.0,0.0
2026-07-06 00:00:00-04:00,154.75,163.57000732421875,153.42999267578125,162.35000610351562,5163700,0.0,0.0
2026-07-07 00:00:00-04:00,162.38999938964844,163.30999755859375,155.67999267578125,158.6699981689453,5828000,0.0,0.0
2026-07-08 00:00:00-04:00,157.0,159.4499969482422,154.4199981689453,156.7100067138672,4770200,0.0,0.0
2026-07-09 00:00:00-04:00,153.27000427246094,164.00999450683594,152.25,163.72999572753906,4626500,0.0,0.0
2026-07-10 00:00:00-04:00,164.44000244140625,165.27999877929688,156.6199951171875,157.50999450683594,3519000,0.0,0.0
2026-07-13 00:00:00-04:00,157.6699981689453,161.9499969482422,155.72000122070312,160.6199951171875,4099000,0.0,0.0
2026-07-14 00:00:00-04:00,158.77999877929688,167.27000427246094,158.05999755859375,166.8300018310547,4685200,0.0,0.0
2026-07-15 00:00:00-04:00,169.38999938964844,170.35000610351562,163.02999877929688,164.50999450683594,5089000,0.0,0.0
2026-07-16 00:00:00-04:00,164.07000732421875,165.0,159.0800018310547,160.77999877929688,4145300,0.0,0.0
2026-07-17 00:00:00-04:00,160.5,163.8300018310547,158.92999267578125,161.61000061035156,5651600,0.0,0.0
2026-07-20 00:00:00-04:00,160.63999938964844,164.57000732421875,160.0,160.36000061035156,3775400,0.0,0.0
2026-07-21 00:00:00-04:00,163.3800048828125,163.5,156.02000427246094,158.10000610351562,5548700,0.0,0.0
2026-07-22 00:00:00-04:00,158.57000732421875,159.0,154.50999450683594,155.0500030517578,4570400,0.0,0.0
2026-07-23 00:00:00-04:00,155.2899932861328,156.49000549316406,150.9199981689453,151.5399932861328,4590500,0.0,0.0
2026-07-24 00:00:00-04:00,152.6999969482422,154.32000732421875,151.47999572753906,152.3699951171875,2817200,0.0,0.0
2026-07-27 00:00:00-04:00,157.1300048828125,157.1300048828125,151.67999267578125,152.3800048828125,4796100,0.0,0.0
2026-07-28 00:00:00-04:00,152.60000610351562,153.24000549316406,146.1199951171875,149.97999572753906,6016800,0.0,0.0
2026-07-29 00:00:00-04:00,148.27000427246094,154.99000549316406,143.77000427246094,153.22000122070312,12380400,0.0,0.0
2026-07-30 00:00:00-04:00,164.0,169.25999450683594,152.22999572753906,154.25,11018600,0.0,0.0
2026-07-31 00:00:00-04:00,154.00999450683594,162.57000732421875,153.61000061035156,161.9499969482422,6085500,0.0,0.0
2026-08-03 00:00:00-04:00,163.30999755859375,164.5,159.32000732421875,163.2100067138672,5916900,0.0,0.0
2026-08-04 00:00:00-04:00,164.11000061035156,169.11000061035156,162.77000427246094,168.2899932861328,6437400,0.0,0.0
2026-08-05 00:00:00-04:00,170.35000610351562,172.08999633789062,163.94000244140625,164.1300048828125,4578500,0.0,0.0
2026-08-06 00:00:00-04:00,160.07000732421875,162.72999572753906,158.27000427246094,160.11000061035156,4996300,0.0,0.0
2026-08-07 00:00:00-04:00,165.02000427246094,165.5,158.55999755859375,159.63999938964844,4826800,0.0,0.0
2026-08-10 00:00:00-04:00,159.89999389648438,167.19000244140625,159.63999938964844,164.2100067138672,5726200,0.0,0.0
2026-08-11 00:00:00-04:00,163.24000549316406,163.9199981689453,160.74000549316406,161.88999938964844,4156400,0.0,0.0
2026-08-12 00:00:00-04:00,161.47999572753906,165.11000061035156,160.0,160.83999633789062,3850500,0.0,0.0
2026-08-13 00:00:00-04:00,162.63999938964844,165.75,160.13999938964844,165.44000244140625,4262300,0.0,0.0
2026-08-14 00:00:00-04:00,165.75,165.75,159.10000610351562,160.00999450683594,2861500,0.0,0.0
2026-08-17 00:00:00-04:00,160.0500030517578,160.42999267578125,155.57000732421875,155.85000610351562,3834600,0.0,0.0
2026-08-18 00:00:00-04:00,156.0,159.97000122070312,155.6999969482422,158.00999450683594,4055100,0.0,0.0
2026-08-19 00:00:00-04:00,157.97000122070312,158.55999755859375,151.66000366210938,152.85000610351562,3812300,0.0,0.0
2026-08-20 00:00:00-04:00,152.0,154.44000244140625,150.16000366210938,150.7899932861328,5157700,0.0,0.0
2026-08-21 00:00:00-04:00,151.89999389648438,154.11000061035156,148.25,153.50999450683594,4054200,0.0,0.0
2026-08-24 00:00:00-04:00,152.42999267578125,153.85000610351562,150.39999389648438,151.99000549316406,3422500,0.0,0.0
2026-08-25 00:00:00-04:00,152.86000061035156,154.3300018310547,151.6699981689453,153.66000366210938,3459800,0.0,0.0
2026-08-26 00:00:00-04:00,151.5,158.44000244140625,149.5,157.5399932861328,2990700,0.0,0.0
2026-08-27 00:00:00-04:00,160.24000549316406,173.88999938964844,159.8800048828125,172.77999877929688,6902800,0.0,0.0
2026-08-28 00:00:00-04:00,172.5800018310547,173.0,162.67999267578125,166.0,5095000,0.0,0.0
2026-08-31 00:00:00-04:00,166.60000610351562,172.50999450683594,165.7100067138672,170.92999267578125,6596900,0.0,0.0
2026-09-01 00:00:00-04:00,167.4199981689453,169.92999267578125,160.60000610351562,161.85000610351562,5492000,0.0,0.0
2026-09-02 00:00:00-04:00,162.19000244140625,162.27999877929688,151.8000030517578,154.5399932861328,5173700,0.0,0.0
2026-09-03 00:00:00-04:00,157.5,158.69000244140625,154.47999572753906,156.36000061035156,3123000,0.0,0.0
2026-09-04 00:00:00-04:00,154.6999969482422,158.47000122070312,154.0,156.2899932861328,3060100,0.0,0.0
2026-09-08 00:00:00-04:00,153.44000244140625,157.75,152.0,157.47000122070312,3575300,0.0,0.0
2026-09-09 00:00:00-04:00,158.02000427246094,158.83999633789062,156.0399932861328,157.22000122070312,2822000,0.0,0.0
2026-09-10 00:00:00-04:00,155.42999267578125,161.97999572753906,154.0,158.85000610351562,3268400,0.0,0.0
2026-09-11 00:00:00-04:00,158.39999389648438,159.3000030517578,155.17999267578125,156.07000732421875,2591800,0.0,0.0
