Date,Open,High,Low,Close,Volume,Dividends,Stock Splits
2022-06-23 00:00:00-04:00,3.8501095197190796,3.869456785194042,3.356753788832343,3.366427421569824,69400,0.0,0.0
2022-06-24 00:00:00-04:00,3.5405531465991724,3.5405531465991724,2.9649714050363394,3.279364824295044,1563900,0.0,0.0
2022-06-27 00:00:00-04:00,3.2890382339952517,3.2890382339952517,3.018176066420274,3.0858917236328125,160300,0.0,0.0
2022-06-28 00:00:00-04:00,3.085891757659358,3.1149126550829065,2.95046067237854,2.95046067237854,71800,0.0,0.0
2022-06-29 00:00:00-04:00,2.998828894710265,3.0085025273781976,2.747314214706421,2.747314214706421,62200,0.0,0.0
2022-06-30 00:00:00-04:00,2.6795989308269124,2.776335262733527,2.0314648151397705,2.0314648151397705,327300,0.0,0.0
2022-07-01 00:00:00-04:00,2.582862480805722,2.776335135771426,2.515146820930128,2.679598808288574,592700,0.0,0.0
2022-07-05 00:00:00-04:00,2.5151466401709524,3.5695736871422055,2.4716154112509807,2.9214396476745605,1240900,0.0,0.0
2022-07-06 00:00:00-04:00,2.9407869665359514,3.0181760244013445,2.73764045900171,2.9698078632354736,2473600,0.0,0.0
2022-07-07 00:00:00-04:00,2.8924189139681826,3.0665445313405826,2.8247034857935356,2.9407870769500732,1262900,0.0,0.0
2022-07-08 00:00:00-04:00,2.9117662006988714,2.9117662006988714,2.7376405820384884,2.747314214706421,41000,0.0,0.0
2022-07-11 00:00:00-04:00,2.660251621701406,2.660251621701406,2.486125996429694,2.534494161605835,186400,0.0,0.0
2022-07-12 00:00:00-04:00,2.4957994133622745,2.602209598173699,2.3797158269908127,2.466778516769409,205600,0.0,0.0
2022-07-13 00:00:00-04:00,2.3710096181474096,2.447431385868291,2.3216741604398314,2.370042324066162,180700,0.0,0.0
2022-07-14 00:00:00-04:00,2.2539588008563722,2.428084443734854,2.1959169967760874,2.3506953716278076,217000,0.0,0.0
2022-07-15 00:00:00-04:00,2.3506950727868707,2.4764522989734616,2.3090984287537,2.428084135055542,817400,0.0,0.0
2022-07-18 00:00:00-04:00,2.3990630372498347,2.460974235790036,2.331347613394519,2.418410301208496,140200,0.0,0.0
2022-07-19 00:00:00-04:00,2.3990631316867916,2.6022096418869975,2.3990631316867916,2.582862377166748,240800,0.0,0.0
2022-07-20 00:00:00-04:00,2.6118834155590966,2.7763351745786276,2.6118834155590966,2.6699252128601074,539800,0.0,0.0
2022-07-21 00:00:00-04:00,2.679598649414882,2.9214396844208284,2.679598649414882,2.9117660522460938,190900,0.0,0.0
2022-07-22 00:00:00-04:00,2.921439833880393,2.9698079972285596,2.8343771398536934,2.8730716705322266,128800,0.0,0.0
2022-07-25 00:00:00-04:00,2.863397855356211,2.9311132797276187,2.7666613041880477,2.9214396476745605,188000,0.0,0.0
2022-07-26 00:00:00-04:00,2.776334899285345,2.853724185317264,2.727966739663882,2.805356025695801,124500,0.0,0.0
2022-07-27 00:00:00-04:00,2.8924189504946347,3.062674932468459,2.8247035214648544,3.056870937347412,451200,0.0,0.0
2022-07-28 00:00:00-04:00,3.0762181738751413,3.2503435611724854,2.9891552495888747,3.2503435611724854,436900,0.0,0.0
2022-07-29 00:00:00-04:00,3.1439335555924264,3.1826280855284725,2.931113410306582,3.0762181282043457,536900,0.0,0.0
2022-08-01 00:00:00-04:00,2.902092707430011,3.05687106818915,2.8150300092366494,2.960134506225586,225600,0.0,0.0
2022-08-02 00:00:00-04:00,2.9020927710687214,2.94078730444762,2.8295404056644813,2.8827455043792725,116900,0.0,0.0
2022-08-03 00:00:00-04:00,2.902092654468089,3.0762182783147036,2.8537244896878082,3.0375237464904785,743900,0.0,0.0
2022-08-04 00:00:00-04:00,3.1245863013594932,3.3761009774455086,3.1245863013594932,3.260017156600952,538900,0.0,0.0
2022-08-05 00:00:00-04:00,3.2116490306619645,3.347080118086382,3.2116490306619645,3.2503435611724854,519300,0.0,0.0
2022-08-08 00:00:00-04:00,3.3374065155399006,3.530879400473935,3.3374065155399006,3.492184638977051,179900,0.0,0.0
2022-08-09 00:00:00-04:00,3.492184750838138,3.492184750838138,3.1874651952417237,3.279364824295044,209300,0.0,0.0
2022-08-10 00:00:00-04:00,3.385774558720042,3.646962863370295,3.2309962101490224,3.3374063968658447,500700,0.0,0.0
2022-08-11 00:00:00-04:00,3.30838563508189,3.3470801661480363,2.9891552925109863,2.9891552925109863,511500,0.0,0.0
2022-08-12 00:00:00-04:00,3.0955655442268157,3.105239177182872,2.979481718116539,3.0375237464904785,229800,0.0,0.0
2022-08-15 00:00:00-04:00,3.037523610914832,3.405121877475332,3.0085024827043787,3.385774612426758,559400,0.0,0.0
2022-08-16 00:00:00-04:00,3.3470800270200605,4.256402391827117,3.3470800270200605,3.7146782875061035,2761500,0.0,0.0
2022-08-17 00:00:00-04:00,3.6566365880766627,4.101623919009459,3.5599002619255318,3.6276156902313232,715800,0.0,0.0
2022-08-18 00:00:00-04:00,3.724352236798841,3.821088799312675,3.443816643720176,3.5115323066711426,121100,0.0,0.0
2022-08-19 00:00:00-04:00,3.443816386379847,3.530879309200253,3.3374064292675176,3.4534900188446045,142000,0.0,0.0
2022-08-22 00:00:00-04:00,3.376101105593011,3.463163801552895,3.3403086869843746,3.4147956371307373,102100,0.0,0.0
2022-08-23 00:00:00-04:00,3.511532248759748,3.9081514335489307,3.511532248759748,3.8984780311584473,181100,0.0,0.0
2022-08-24 00:00:00-04:00,3.9565196514936867,4.3047704248520375,3.9178251211205364,4.256402492523193,826000,0.0,0.0
2022-08-25 00:00:00-04:00,4.033908695495477,4.208034081451868,4.01456143038921,4.072603225708008,189600,0.0,0.0
2022-08-26 00:00:00-04:00,4.072602681835294,4.227380782015693,4.004887032368808,4.024234294891357,856800,0.0,0.0
2022-08-29 00:00:00-04:00,3.97586649857284,4.266075445852706,3.743698879473808,4.120971202850342,130600,0.0,0.0
2022-08-30 00:00:00-04:00,4.203197432158931,4.212871295999389,3.8694569713417963,3.9710302352905273,111000,0.0,0.0
2022-08-31 00:00:00-04:00,3.9468457588455217,4.478896239423549,3.879130561834809,4.140318870544434,163800,0.0,0.0
2022-09-01 00:00:00-04:00,3.93717262943855,4.120971890698725,3.782394267750359,4.062929630279541,272700,0.0,0.0
2022-09-02 00:00:00-04:00,4.053256359382595,4.208034495460614,3.9661934272010932,4.0919508934021,134000,0.0,0.0
2022-09-06 00:00:00-04:00,3.7823938327415174,3.8791303841601783,3.637289120932316,3.743699073791504,1181000,0.0,0.0
2022-09-07 00:00:00-04:00,3.7040369386968646,4.024234294891357,3.646962445064074,4.024234294891357,17300,0.0,0.0
2022-09-08 00:00:00-04:00,3.782394110303545,4.02423493000316,3.768850839890288,3.859783172607422,143500,0.0,0.0
2022-09-09 00:00:00-04:00,3.8501095749750625,4.140319022539719,3.8404359420987473,3.9758670330047607,439000,0.0,0.0
2022-09-12 00:00:00-04:00,4.082276788454639,4.285423310711466,4.082276788454639,4.217708110809326,179500,0.0,0.0
2022-09-13 00:00:00-04:00,4.062929105366823,4.0919502318270125,3.917824856891345,4.014561176300049,144500,0.0,0.0
2022-09-14 00:00:00-04:00,4.0242349196052905,4.342497737336529,3.9758669864279392,4.23705530166626,148100,0.0,0.0
2022-09-15 00:00:00-04:00,4.266075715681341,4.266075715681341,3.9178249569186945,3.9855401515960693,289500,0.0,0.0
2022-09-16 00:00:00-04:00,4.024235029885978,4.024235029885978,3.6759840102372316,3.8984780311584473,330300,0.0,0.0
2022-09-19 00:00:00-04:00,3.8501096769748235,3.985540540831164,3.7630469787814613,3.9468460083007812,134600,0.0,0.0
2022-09-20 00:00:00-04:00,3.9371723699641477,4.304770406983196,3.879130574645351,4.072603225708008,326100,0.0,0.0
2022-09-21 00:00:00-04:00,4.043582495240103,4.169339961441109,3.9855406942108456,4.0919508934021,64300,0.0,0.0
2022-09-22 00:00:00-04:00,4.1112978872883925,4.285423278808594,4.026170010355779,4.285423278808594,119300,0.0,0.0
2022-09-23 00:00:00-04:00,4.120971694601042,4.164502695931171,3.811414985955009,4.053256034851074,640100,0.0,0.0
2022-09-26 00:00:00-04:00,3.9855405207638777,3.9855405207638777,3.5212059020996094,3.5212059020996094,123200,0.0,0.0
2022-09-27 00:00:00-04:00,3.5599001896090323,3.8307621279674513,3.3954482078552246,3.3954482078552246,134400,0.0,0.0
2022-09-28 00:00:00-04:00,3.376101154541905,3.4467186986858738,3.1729546303858926,3.279364824295044,317300,0.0,0.0
2022-09-29 00:00:00-04:00,3.2213224997604204,3.260017028306629,3.1149125462583473,3.2309961318969727,104200,0.0,0.0
2022-09-30 00:00:00-04:00,3.192301659274733,3.260017085416863,3.0568708069904744,3.153607130050659,2309900,0.0,0.0
2022-10-03 00:00:00-04:00,3.260017158973434,3.5115320658800817,3.1826280987791375,3.385774612426758,917000,0.0,0.0
2022-10-04 00:00:00-04:00,3.414795664779838,3.492184728481898,3.0955655463712373,3.221322774887085,940300,0.0,0.0
2022-10-05 00:00:00-04:00,3.1342598654386222,3.2793645806664866,3.105238968520567,3.153607130050659,195800,0.0,0.0
2022-10-06 00:00:00-04:00,3.1536074180823985,3.289038513373715,3.1052392521346452,3.2019755840301514,472300,0.0,0.0
2022-10-07 00:00:00-04:00,3.1536073810493948,3.1536073810493948,3.0278501510620117,3.0278501510620117,62700,0.0,0.0
2022-10-10 00:00:00-04:00,3.11491274911356,3.11491274911356,2.92143986314523,2.9891552925109863,256600,0.0,0.0
2022-10-11 00:00:00-04:00,3.037523919142741,3.0471975526486443,2.911766452928378,2.9311137199401855,135200,0.0,0.0
2022-10-12 00:00:00-04:00,2.9117661791609386,2.9407870769500732,2.8198665541765497,2.9407870769500732,30200,0.0,0.0
2022-10-13 00:00:00-04:00,2.824703450209829,3.0568708602358092,2.786008920311764,2.95046067237854,383200,0.0,0.0
2022-10-14 00:00:00-04:00,2.969807942333653,3.008502472296944,2.7908456259346384,2.8247034549713135,150900,0.0,0.0
2022-10-17 00:00:00-04:00,2.8827451194623275,2.9504605438337355,2.8440505912500944,2.9214396476745605,183000,0.0,0.0
2022-10-18 00:00:00-04:00,2.9988287040990267,3.0375234629488403,2.8343769591970362,2.9214396476745605,251500,0.0,0.0
2022-10-19 00:00:00-04:00,2.8343773073075766,2.844050940548724,2.708619844535048,2.7666616439819336,474900,0.0,0.0
2022-10-20 00:00:00-04:00,2.7666615176765164,2.844050810710281,2.708619720879392,2.737640619277954,325600,0.0,0.0
2022-10-21 00:00:00-04:00,2.7666613932118813,2.935950305544041,2.7569877608475513,2.8343770503997803,704100,0.0,0.0
2022-10-24 00:00:00-04:00,2.7473144429655885,2.7860092074898484,2.6409044747773134,2.68927264213562,76400,0.0,0.0
2022-10-25 00:00:00-04:00,2.6989458891711475,2.824703336934359,2.6989458891711475,2.727966785430908,119700,0.0,0.0
2022-10-26 00:00:00-04:00,2.708619715358182,2.7376406136975886,2.5248204619043433,2.5538415908813477,199900,0.0,0.0
2022-10-27 00:00:00-04:00,2.5828625655039277,2.7763352268140604,2.5828625655039277,2.7182934284210205,212000,0.0,0.0
2022-10-28 00:00:00-04:00,2.7279668965877875,2.7618247255892427,2.6892723666647482,2.698945999145508,120400,0.0,0.0
2022-10-31 00:00:00-04:00,2.6892722477635815,2.9214396476745605,2.650577719551349,2.9214396476745605,514000,0.0,0.0
2022-11-01 00:00:00-04:00,2.9311134665500265,2.960134364558926,2.7860089765055274,2.8730716705322266,493800,0.0,0.0
2022-11-02 00:00:00-04:00,2.834377200188124,2.993992257953542,2.7763351722972076,2.795682668685913,10100,0.0,0.0
2022-11-03 00:00:00-04:00,2.815029874514427,2.9020925685411267,2.7473142151893986,2.8730716705322266,78000,0.0,0.0
2022-11-04 00:00:00-04:00,2.9311134509610617,2.9311134509610617,2.786008961688293,2.8150298595428467,664200,0.0,0.0
2022-11-07 00:00:00-05:00,2.834377202517239,2.931113531352257,2.6505779470931037,2.6699252128601074,72400,0.0,0.0
2022-11-08 00:00:00-05:00,2.6312307932796117,2.8633982229995074,2.5344942296910493,2.640904426574707,268300,0.0,0.0
2022-11-09 00:00:00-05:00,2.6602515799766056,2.9020926327017516,2.5635152511415877,2.6699252128601074,1965200,0.0,0.0
2022-11-10 00:00:00-05:00,2.5731887843735186,2.5731887843735186,2.321674108505249,2.321674108505249,1301500,0.0,0.0
2022-11-11 00:00:00-05:00,2.3023269473842847,2.495799606292542,2.2249376531833795,2.2926530838012695,587100,0.0,0.0
2022-11-14 00:00:00-05:00,2.3216740166449377,2.4474312342845144,2.2539583611245058,2.4087367057800293,269600,0.0,0.0
2022-11-15 00:00:00-05:00,2.379715949143276,2.515146806861741,2.3574665708829112,2.4957995414733887,29400,0.0,0.0
2022-11-16 00:00:00-05:00,2.4377578633143324,2.4377578633143324,2.041138442378528,2.157222270965576,752000,0.0,0.0
2022-11-17 00:00:00-05:00,2.07983327908502,2.1378750801086426,1.9830967134080333,2.1378750801086426,546400,0.0,0.0
2022-11-18 00:00:00-05:00,2.2152637504735444,2.273305541077965,2.128201064566914,2.1765692234039307,56000,0.0,0.0
2022-11-21 00:00:00-05:00,2.14754854097734,2.2636321336929597,2.1282012755247366,2.2442848682403564,630900,0.0,0.0
2022-11-22 00:00:00-05:00,2.253958366710847,2.301359233437597,2.2249374702605555,2.24912166595459,192300,0.0,0.0
2022-11-23 00:00:00-05:00,2.215263917119323,2.215263917119323,2.0798330621877335,2.1707651615142822,1942400,0.0,0.0
2022-11-25 00:00:00-05:00,2.263632222164037,2.379716050054237,2.1920473833191254,2.2829794883728027,859700,0.0,0.0
2022-11-28 00:00:00-05:00,2.2636323654016253,2.321674398338298,2.1688308472348883,2.1862432956695557,54800,0.0,0.0
2022-11-29 00:00:00-05:00,2.1572221598148635,2.3893895743889435,2.15625486573974,2.3120005130767822,221900,0.0,0.0
2022-11-30 00:00:00-05:00,2.292653031626436,2.3990632222419603,2.255893319525464,2.370042324066162,632000,0.0,0.0
2022-12-01 00:00:00-05:00,2.350695019968669,2.3990631827997952,2.2152639334039224,2.2539584636688232,173800,0.0,0.0
2022-12-02 00:00:00-05:00,2.3410212993621826,2.389389460374297,2.253958378902792,2.3410212993621826,106300,0.0,0.0
2022-12-05 00:00:00-05:00,2.3603687423327346,2.3603687423327346,2.0991804224704143,2.108854055404663,135400,0.0,0.0
2022-12-06 00:00:00-05:00,2.0895068501610075,2.273305881244471,2.0895068501610075,2.215264081954956,2029500,0.0,0.0
2022-12-07 00:00:00-05:00,2.195916523764356,2.2539583153421394,2.1185274683273105,2.166895627975464,76000,0.0,0.0
2022-12-08 00:00:00-05:00,2.1185277444933317,2.2346113427812693,1.9637493828051402,2.0314648151397705,1092200,0.0,0.0
2022-12-09 00:00:00-05:00,1.9830965474908737,2.0701594723797427,1.9347283840179443,1.9347283840179443,20400,0.0,0.0
2022-12-12 00:00:00-05:00,1.9250547438371883,1.944402009151122,1.818644669291754,1.9057074785232544,69300,0.0,0.0
2022-12-13 00:00:00-05:00,1.9927701434405165,2.0314646735053667,1.7606028477326199,1.818644642829895,67700,0.0,0.0
2022-12-14 00:00:00-05:00,1.828318267228249,2.1088539549092022,1.6638663998640175,1.789623737335205,556100,0.0,0.0
2022-12-15 00:00:00-05:00,1.828318305279694,1.9540756453681767,1.6928873325166203,1.7799501419067383,451200,0.0,0.0
2022-12-16 00:00:00-05:00,1.7509291172027588,1.8379919260279447,1.6977241378377432,1.7509291172027588,363700,0.0,0.0
2022-12-19 00:00:00-05:00,1.7896237089784366,1.9202178606169773,1.6832136381398493,1.8283182382583618,519100,0.0,0.0
2022-12-20 00:00:00-05:00,1.8863601561651449,2.002443744538341,1.8573391437530518,1.8573391437530518,773900,0.0,0.0
2022-12-21 00:00:00-05:00,1.828318301948721,1.9250547438371883,1.828318301948721,1.9057074785232544,833100,0.0,0.0
2022-12-22 00:00:00-05:00,1.98309653977899,2.0314647030638247,1.8379919346056879,1.9057074785232544,532900,0.0,0.0
2022-12-23 00:00:00-05:00,1.9057072655716731,2.060485601425171,1.9057072655716731,2.060485601425171,367200,0.0,0.0
2022-12-27 00:00:00-05:00,2.041138423084153,2.041138423084153,1.876686660876967,1.9153811931610107,443900,0.0,0.0
2022-12-28 00:00:00-05:00,1.944402064884831,2.1959167518129026,1.944402064884831,2.108854055404663,551500,0.0,0.0
2022-12-29 00:00:00-05:00,2.0991801692647036,2.341021194087362,1.9734227256508852,2.1765692234039307,245300,0.0,0.0
2022-12-30 00:00:00-05:00,2.1668958555109024,2.3797160109475874,2.0691920013159106,2.2926530838012695,197100,0.0,0.0
2023-01-03 00:00:00-05:00,2.1475485294975956,2.1475485294975956,1.770276509232147,1.7799501419067383,406900,0.0,0.0
2023-01-04 00:00:00-05:00,1.7702765817770438,1.9250548262320217,1.7702765817770438,1.9153811931610107,1210500,0.0,0.0
2023-01-05 00:00:00-05:00,1.925054682484499,2.0972454766732405,1.925054682484499,2.0798330307006836,109200,0.0,0.0
2023-01-06 00:00:00-05:00,2.137874789253388,2.137874789253388,1.9540755470466296,1.9927700757980347,301900,0.0,0.0
2023-01-09 00:00:00-05:00,1.973422622400579,2.10885369069599,1.9444017286167543,2.0121171474456787,193500,0.0,0.0
2023-01-10 00:00:00-05:00,2.1185274683273105,2.26363194727177,2.1185274683273105,2.166895627975464,69400,0.0,0.0
2023-01-11 00:00:00-05:00,2.1475485271508434,2.408736839716984,2.0808003925778253,2.3120005130767822,123700,0.0,0.0
2023-01-12 00:00:00-05:00,2.1794713025564754,2.4184102111189185,2.157221926769081,2.345857858657837,242200,0.0,0.0
2023-01-13 00:00:00-05:00,2.3603686138100497,2.390356805082076,2.244284794282256,2.26363205909729,187200,0.0,0.0
2023-01-17 00:00:00-05:00,2.292652956319841,2.5151467323303223,2.234611161874739,2.5151467323303223,359400,0.0,0.0
2023-01-18 00:00:00-05:00,2.5151471498552813,2.6118837206267167,2.331348103601046,2.3506953716278076,625600,0.0,0.0
2023-01-19 00:00:00-05:00,2.3797158269908127,2.5248203099551403,2.360368562595569,2.466778516769409,701800,0.0,0.0
2023-01-20 00:00:00-05:00,2.5054729714493043,2.5054729714493043,2.4087366523344964,2.4861257076263428,671700,0.0,0.0
2023-01-23 00:00:00-05:00,2.4571048857912574,2.46677851799368,2.321674034957337,2.3410212993621826,254800,0.0,0.0
2023-01-24 00:00:00-05:00,2.3700421772755442,2.428083970032272,2.34102128089718,2.4087367057800293,417700,0.0,0.0
2023-01-25 00:00:00-05:00,2.536428853317831,2.5731887953915002,2.3893895462983377,2.5054731369018555,283600,0.0,0.0
2023-01-26 00:00:00-05:00,2.5731886435153686,2.650577699350015,2.370042141311842,2.418410301208496,535800,0.0,0.0
2023-01-27 00:00:00-05:00,2.428083970032272,2.495799394915121,2.3893894415277868,2.4087367057800293,455200,0.0,0.0
2023-01-30 00:00:00-05:00,2.5635151291795095,2.5828623940260456,2.360368617653292,2.3893895149230957,426000,0.0,0.0
2023-01-31 00:00:00-05:00,2.6022096221508146,2.679598680444863,2.544167828430279,2.6505777835845947,853100,0.0,0.0
2023-02-01 00:00:00-05:00,2.660251331329346,2.660251331329346,2.408736669229165,2.418410301208496,750400,0.0,0.0
2023-02-02 00:00:00-05:00,2.4764524146538207,2.5054733143602004,2.360368815828302,2.3990633487701416,210600,0.0,0.0
2023-02-03 00:00:00-05:00,2.399063343676028,2.399063343676028,2.205590448740037,2.215264081954956,880200,0.0,0.0
2023-02-06 00:00:00-05:00,2.1572222225654896,2.3023269473842847,2.1572222225654896,2.2926530838012695,235800,0.0,0.0
2023-02-07 00:00:00-05:00,2.234611182669595,2.3216741057850285,2.1668957551868293,2.1959166526794434,171800,0.0,0.0
2023-02-08 00:00:00-05:00,2.1668959158803602,2.271371292984052,2.1668959158803602,2.215264081954956,52700,0.0,0.0
2023-02-09 00:00:00-05:00,2.234611283549898,2.2733058152868932,2.0701595236676678,2.108854055404663,465200,0.0,0.0
2023-02-10 00:00:00-05:00,2.0798330113092427,2.1862429661524088,2.0604857467923035,2.1475484371185303,339000,0.0,0.0
2023-02-13 00:00:00-05:00,2.1862431188786537,2.1959167518129026,2.050812027161568,2.108854055404663,285400,0.0,0.0
2023-02-14 00:00:00-05:00,2.108854179596831,2.209459921910254,2.0604860120771455,2.1378750801086426,146100,0.0,0.0
2023-02-15 00:00:00-05:00,2.157222270965576,2.299424886027488,2.099180471990856,2.157222270965576,895400,0.0,0.0
2023-02-16 00:00:00-05:00,2.128201419481297,2.2249377532877874,2.09918051933935,2.2055904865264893,771700,0.0,0.0
2023-02-17 00:00:00-05:00,2.1959168036153898,2.302326999039985,2.1378750046406694,2.157222270965576,114200,0.0,0.0
2023-02-21 00:00:00-05:00,2.0991804184581566,2.177536775884526,1.9347284282526491,1.9540756940841675,227800,0.0,0.0
2023-02-22 00:00:00-05:00,2.0121173380696815,2.1523851199656403,1.9637491771810034,2.0895066261291504,222800,0.0,0.0
2023-02-23 00:00:00-05:00,2.128201371478216,2.1862431704529364,2.0508120755409815,2.157222270965576,271500,0.0,0.0
2023-02-24 00:00:00-05:00,2.0991804781120087,2.1668959104466388,2.0121175487584475,2.0314648151397705,322200,0.0,0.0
2023-02-27 00:00:00-05:00,2.0604855343896156,2.0798327969121653,1.9782595533499976,2.0121171474456787,81300,0.0,0.0
2023-02-28 00:00:00-05:00,1.992770187705913,2.0701594801922534,1.9347283913193556,1.9637492895126343,446800,0.0,0.0
2023-03-01 00:00:00-05:00,1.954075649407116,1.963749282101702,1.876686587850429,1.9347283840179443,317500,0.0,0.0
2023-03-02 00:00:00-05:00,1.8960338458662873,1.973422907122023,1.8766865805523534,1.9057074785232544,180400,0.0,0.0
2023-03-03 00:00:00-05:00,1.9153810833108162,2.0314646735053667,1.818644642829895,1.818644642829895,409400,0.0,0.0
2023-03-06 00:00:00-05:00,1.8379919346056879,1.973422907122023,1.818644669291754,1.9057074785232544,345700,0.0,0.0
2023-03-07 00:00:00-05:00,1.9927700862724784,1.9927700862724784,1.8670127518506112,1.896033763885498,245100,0.0,0.0
2023-03-08 00:00:00-05:00,1.9444019148587783,2.108853892689834,1.9347282826709271,1.9927700757980347,295000,0.0,0.0
2023-03-09 00:00:00-05:00,1.9927702187624459,1.9927702187624459,1.886360257062067,1.9250547885894775,191100,0.0,0.0
2023-03-10 00:00:00-05:00,1.8863601938746408,1.954075621779345,1.7644722621998588,1.847665548324585,458600,0.0,0.0
2023-03-13 00:00:00-04:00,1.7702765737737356,1.7992974728555668,1.6735401281821627,1.7315819263458252,302800,0.0,0.0
2023-03-14 00:00:00-04:00,1.7702764417832864,1.7702764417832864,1.5574563004132926,1.5768035650253296,1174000,0.0,0.0
2023-03-15 00:00:00-04:00,1.6348454016760114,1.6348454016760114,1.4800670610064373,1.499414324760437,1509500,0.0,0.0
2023-03-16 00:00:00-04:00,1.5187618069285753,1.5864772346641778,1.5090880590761218,1.5671299695968628,709100,0.0,0.0
2023-03-17 00:00:00-04:00,1.5477828003597667,1.625171865420533,1.4607199868476013,1.480067253112793,730500,0.0,0.0
2023-03-20 00:00:00-04:00,1.4897408734709268,1.4897408734709268,1.363983528506742,1.422025442123413,796800,0.0,0.0
2023-03-21 00:00:00-04:00,1.4413725961115915,1.4897407575977013,1.3833306870094666,1.4510462284088135,446900,0.0,0.0
2023-03-22 00:00:00-04:00,1.4413725597311637,1.5090879841025715,1.412351663571989,1.4607198238372803,420200,0.0,0.0
2023-03-23 00:00:00-04:00,1.4800671331353763,1.4800671331353763,1.325288900241696,1.3543097972869873,589000,0.0,0.0
2023-03-24 00:00:00-04:00,1.3543097312866508,1.518761703833225,1.3543097312866508,1.499414324760437,323600,0.0,0.0
2023-03-27 00:00:00-04:00,1.5284354394622328,1.6058244997314928,1.5284354394622328,1.5671299695968628,496600,0.0,0.0
2023-03-28 00:00:00-04:00,1.5477826409926216,1.6348454455403818,1.5477826409926216,1.6154980659484863,159000,0.0,0.0
2023-03-29 00:00:00-04:00,1.6251717805862427,1.6541927937879306,1.5768036174480915,1.6251717805862427,169300,0.0,0.0
2023-03-30 00:00:00-04:00,1.7315817704088807,1.7702764143521594,1.6541927131599066,1.7412554025650024,302000,0.0,0.0
2023-03-31 00:00:00-04:00,1.760602792525802,1.7702764247386809,1.6445190906524658,1.6445190906524658,255500,0.0,0.0
2023-04-03 00:00:00-04:00,1.6154980786950375,1.6735399872911019,1.6154980786950375,1.6445190906524658,149000,0.0,0.0
2023-04-04 00:00:00-04:00,1.644519135762229,1.6928872981533787,1.6251717554869736,1.663866400718689,115200,0.0,0.0
2023-04-05 00:00:00-04:00,1.6638664379851171,1.6832137033749073,1.625171791886739,1.6541928052902222,120000,0.0,0.0
2023-04-06 00:00:00-04:00,1.6735400047012992,1.741255430895908,1.6445191077607526,1.7025609016418457,210800,0.0,0.0
2023-04-10 00:00:00-04:00,1.7412554958895758,1.7799501419067383,1.6638664344928467,1.7799501419067383,125700,0.0,0.0
2023-04-11 00:00:00-04:00,1.8379918790241858,1.905707420894011,1.7702764524731547,1.8573391437530518,409500,0.0,0.0
2023-04-12 00:00:00-04:00,1.8960338720817653,1.9298915868492827,1.8476655928093697,1.867012858390808,518700,0.0,0.0
2023-04-13 00:00:00-04:00,1.8960338720817653,1.9105443212678441,1.8476655928093697,1.867012858390808,144500,0.0,0.0
2023-04-14 00:00:00-04:00,1.8670128054109576,1.8863601857621788,1.779950112765045,1.818644642829895,317900,0.0,0.0
2023-04-17 00:00:00-04:00,1.8186446527147822,1.843796143521159,1.6928873140016938,1.7219082117080688,276500,0.0,0.0
2023-04-18 00:00:00-04:00,1.7315818818368496,1.76060289549152,1.6512907067105123,1.712234616279602,599500,0.0,0.0
2023-04-19 00:00:00-04:00,1.683213849540444,1.683213849540444,1.5719669485699865,1.5864773988723755,860000,0.0,0.0
2023-04-20 00:00:00-04:00,1.5768035734469648,1.6203349190565468,1.557456308731595,1.6058244705200195,190100,0.0,0.0
2023-04-21 00:00:00-04:00,1.5864772058046497,1.7219081741310327,1.5864772058046497,1.6058244705200195,38200,0.0,0.0
2023-04-24 00:00:00-04:00,1.6251718357618576,1.6251718357618576,1.4607199601901009,1.5187618732452393,254400,0.0,0.0
2023-04-25 00:00:00-04:00,1.51876179913415,1.5671299615542074,1.4897407863633199,1.5381090641021729,168100,0.0,0.0
2023-04-26 00:00:00-04:00,1.5381091086401475,1.591314088842831,1.4994144622648515,1.557456374168396,154600,0.0,0.0
2023-04-27 00:00:00-04:00,1.5671299176306441,1.6832136195039804,1.5671299176306441,1.6445190906524658,185900,0.0,0.0
2023-04-28 00:00:00-04:00,1.6638664086405177,1.731581836310527,1.6251717632245735,1.692887306213379,195700,0.0,0.0
2023-05-01 00:00:00-04:00,1.6928872693283303,1.7219081662688769,1.6832136370148147,1.7025609016418457,39700,0.0,0.0
2023-05-02 00:00:00-04:00,1.7025608704962465,1.7025608704962465,1.6058244338119343,1.6154980659484863,120800,0.0,0.0
2023-05-03 00:00:00-04:00,1.605824446482159,1.6832136195039804,1.5961508142692802,1.6445190906524658,175200,0.0,0.0
2023-05-04 00:00:00-04:00,1.6638663550782231,1.6735399872911019,1.5961508142692802,1.6445190906524658,251400,0.0,0.0
2023-05-05 00:00:00-04:00,1.6928872693283303,1.8089709724093104,1.6735400047012992,1.7025609016418457,200600,0.0,0.0
2023-05-08 00:00:00-04:00,1.7896237452812576,1.8573391728947453,1.6251717618680526,1.818644642829895,389300,0.0,0.0
2023-05-09 00:00:00-04:00,1.7896238479190658,1.9444020923740437,1.7896238479190658,1.9153811931610107,570900,0.0,0.0
2023-05-10 00:00:00-04:00,1.9250546147691194,2.118527485574386,1.8960337187439664,2.099180221557617,571300,0.0,0.0
2023-05-11 00:00:00-04:00,2.07015943263698,2.3410213735229934,2.07015943263698,2.321674108505249,755300,0.0,0.0
2023-05-12 00:00:00-04:00,2.32167425142794,2.4184105824717683,2.2539585890596543,2.2829794883728027,393600,0.0,0.0
2023-05-15 00:00:00-04:00,2.273305817910444,2.350695112111349,2.2249376531833795,2.2926530838012695,275000,0.0,0.0
2023-05-16 00:00:00-04:00,2.312000684351241,2.331347951112539,2.181406518393673,2.2055904865264893,444100,0.0,0.0
2023-05-17 00:00:00-04:00,2.234611257267413,2.3120005504687873,2.176569460344581,2.3023269176483154,209900,0.0,0.0
2023-05-18 00:00:00-04:00,2.2539584797747745,2.4571049957547078,2.2539584797747745,2.437757730484009,210900,0.0,0.0
2023-05-19 00:00:00-04:00,2.4184104723810043,2.505473166357186,2.2346112211270253,2.3120005130767822,389900,0.0,0.0
2023-05-22 00:00:00-04:00,2.321674122269993,2.3942262511978862,2.2249375659701474,2.2539584636688232,166800,0.0,0.0
2023-05-23 00:00:00-04:00,2.2539585009666583,2.3506950588672715,2.224937602787753,2.2442848682403564,235700,0.0,0.0
2023-05-24 00:00:00-04:00,2.215264081954956,2.302327011526837,2.1765695490952797,2.215264081954956,186600,0.0,0.0
2023-05-25 00:00:00-04:00,2.331347756626363,2.457104980083855,2.3032941529714903,2.379715919494629,2079200,0.0,0.0
2023-05-26 00:00:00-04:00,2.4087367247791427,2.495799414600949,2.33134766715976,2.3410212993621826,1294100,0.0,0.0
2023-05-30 00:00:00-04:00,2.3797159567914283,2.4087368549672266,2.263632133450638,2.370042324066162,131600,0.0,0.0
2023-05-31 00:00:00-04:00,2.3893895673072616,2.4571049957547078,2.290718422171659,2.437757730484009,650600,0.0,0.0
2023-06-01 00:00:00-04:00,2.4280842058182164,2.756987960683047,2.4280842058182164,2.7182934284210205,409600,0.0,0.0
2023-06-02 00:00:00-04:00,2.902092476950091,2.998828800593392,2.82470341803545,2.8343770503997803,467600,0.0,0.0
2023-06-05 00:00:00-04:00,2.8440506270229524,2.98915510964397,2.805356098324014,2.9117660522460938,205100,0.0,0.0
2023-06-06 00:00:00-04:00,2.9601342187834345,3.163280725479126,2.8827451612374886,3.163280725479126,327000,0.0,0.0
2023-06-07 00:00:00-04:00,3.1536072793932894,3.2890383687286273,2.83437716753959,3.114912748336792,546900,0.0,0.0
2023-06-08 00:00:00-04:00,3.0858916318205165,3.201975216780966,2.8247033350219226,3.047197103500366,221600,0.0,0.0
2023-06-09 00:00:00-04:00,3.114912691060138,3.3567537363538977,2.8740389398337247,3.318059206008911,217500,0.0,0.0
2023-06-12 00:00:00-04:00,3.269690986713123,3.3374064136495374,3.105239004944241,3.1439335346221924,331800,0.0,0.0
2023-06-13 00:00:00-04:00,3.356753864677936,3.376101130590048,2.9891553510725952,3.0375237464904785,400400,0.0,0.0
2023-06-14 00:00:00-04:00,3.0181761181522435,3.1536072042610406,3.0085024856185862,3.1342599391937256,191800,0.0,0.0
2023-06-15 00:00:00-04:00,3.163280950190933,3.163280950190933,3.0278500898648484,3.105239152908325,174800,0.0,0.0
2023-06-16 00:00:00-04:00,3.124586328381314,3.13425996098222,2.998828873931944,3.066544532775879,78700,0.0,0.0
2023-06-20 00:00:00-04:00,3.056870753439035,3.2696908910807636,3.0181759942552437,3.2309961318969727,179000,0.0,0.0
2023-06-21 00:00:00-04:00,3.2890382350116476,3.3374063968658447,3.1245862540697886,3.3374063968658447,191500,0.0,0.0
2023-06-22 00:00:00-04:00,3.347080165313373,3.347080165313373,3.037523686223798,3.114912748336792,253700,0.0,0.0
2023-06-23 00:00:00-04:00,3.0858916679331805,3.221322518638585,3.0858916679331805,3.163280725479126,270900,0.0,0.0
2023-06-26 00:00:00-04:00,3.211648892964318,3.3277327101564462,3.1052389386226524,3.2890381813049316,129200,0.0,0.0
2023-06-27 00:00:00-04:00,3.289038212972505,3.347080006808616,3.105238968520567,3.153607130050659,147600,0.0,0.0
2023-06-28 00:00:00-04:00,3.2019752078508303,3.2019752078508303,2.9020923835684442,2.9214396476745605,174100,0.0,0.0
2023-06-29 00:00:00-04:00,2.9020928194224744,2.9311137199401855,2.776335353208112,2.9311137199401855,299100,0.0,0.0
2023-06-30 00:00:00-04:00,2.960134488892739,3.1149128487455844,2.9407872227408336,3.0278501510620117,77200,0.0,0.0
2023-07-03 00:00:00-04:00,2.989155239931964,2.989155239931964,2.863398016179048,2.9407870769500732,81100,0.0,0.0
2023-07-05 00:00:00-04:00,2.9020923835684442,3.0123719734833725,2.8053560630378613,2.9214396476745605,217800,0.0,0.0
2023-07-06 00:00:00-04:00,2.8537245737898718,2.931113639719053,2.756988010740786,2.7666616439819336,282000,0.0,0.0
2023-07-07 00:00:00-04:00,2.815029969915569,3.1458685413217538,2.815029969915569,3.0955655574798584,460400,0.0,0.0
2023-07-10 00:00:00-04:00,3.0955654458196564,3.1632808743593954,3.0278500172799174,3.124586343765259,342500,0.0,0.0
2023-07-11 00:00:00-04:00,3.182628043966984,3.211648941040039,2.9988287985333826,3.211648941040039,161900,0.0,0.0
2023-07-12 00:00:00-04:00,3.230996302899134,3.298711962076468,3.0762181805225883,3.124586343765259,104700,0.0,0.0
2023-07-13 00:00:00-04:00,3.1632808893657884,3.2987119777253375,3.1245863585880875,3.1826281547546387,120200,0.0,0.0
2023-07-14 00:00:00-04:00,3.240669745101116,3.240669745101116,2.969807816222485,3.047197103500366,166200,0.0,0.0
2023-07-17 00:00:00-04:00,2.950460586590191,3.164248019507175,2.950460586590191,3.163280725479126,74100,0.0,0.0
2023-07-18 00:00:00-04:00,3.1826279351635844,3.3170914895298225,3.12458614300173,3.2406697273254395,206300,0.0,0.0
2023-07-19 00:00:00-04:00,3.230996318383688,3.3180592432753393,3.2019754202990027,3.3083856105804443,149300,0.0,0.0
2023-07-20 00:00:00-04:00,3.318059257882418,3.366427421569824,3.240669965344971,3.366427421569824,105200,0.0,0.0
2023-07-21 00:00:00-04:00,3.385774784542867,3.7243521707421126,3.385774784542867,3.588921308517456,699500,0.0,0.0
2023-07-24 00:00:00-04:00,3.5889211966592285,3.7233847605826487,3.5308794003719735,3.6179420948028564,119000,0.0,0.0
2023-07-25 00:00:00-04:00,3.646962844196742,3.7311236529544076,3.6276155795567795,3.6566364765167236,161700,0.0,0.0
2023-07-26 00:00:00-04:00,3.724352054662824,3.7533731834440482,3.559900298515601,3.6179420948028564,177300,0.0,0.0
2023-07-27 00:00:00-04:00,3.646962992946484,3.7727204488731334,3.579247563944686,3.6179420948028564,301500,0.0,0.0
2023-07-28 00:00:00-04:00,3.6759838157246403,3.7727203715243576,3.6082683881111524,3.63728928565979,141000,0.0,0.0
2023-07-31 00:00:00-04:00,3.743699261335641,3.830762185037693,3.6856574659593346,3.8210885524749756,219900,0.0,0.0
2023-08-01 00:00:00-04:00,3.743699334470269,3.8404358926248254,3.6856575379600938,3.801741361618042,142900,0.0,0.0
2023-08-02 00:00:00-04:00,3.8210885731711794,3.8210885731711794,3.588921159770871,3.6276156902313232,119000,0.0,0.0
2023-08-03 00:00:00-04:00,3.6759839532502463,3.763046879790942,3.511532194322178,3.540553092956543,205300,0.0,0.0
2023-08-04 00:00:00-04:00,3.5889213126838566,3.5889213126838566,3.3857747884734337,3.4631638526916504,197000,0.0,0.0
2023-08-07 00:00:00-04:00,3.3954483048344994,3.4147955702242894,3.279364712495759,3.3083856105804443,195300,0.0,0.0
2023-08-08 00:00:00-04:00,3.2600173276080677,3.2890384573197298,3.1536073643365206,3.279364824295044,151400,0.0,0.0
2023-08-09 00:00:00-04:00,3.2696909658237368,3.2696909658237368,3.09556535274782,3.211648941040039,139100,0.0,0.0
2023-08-10 00:00:00-04:00,3.2890382350116476,3.4244690882033995,3.279364602640808,3.3374063968658447,149600,0.0,0.0
2023-08-11 00:00:00-04:00,3.3374065016602845,3.579247549162659,3.3180592363111026,3.5599002838134766,112300,0.0,0.0
2023-08-14 00:00:00-04:00,3.772720587895956,3.942009051319845,3.772720587895956,3.8307623863220215,667700,0.0,0.0
2023-08-15 00:00:00-04:00,3.763046793761674,3.8501094876743767,3.627615705926541,3.811414957046509,260800,0.0,0.0
2023-08-16 00:00:00-04:00,4.072603093330825,4.149992151240409,3.7630466310549022,3.792067527770996,669600,0.0,0.0
2023-08-17 00:00:00-04:00,3.908151169961414,3.9565195624772205,3.7920675814536913,3.840435743331909,197500,0.0,0.0
2023-08-18 00:00:00-04:00,3.8501097739284713,4.241892502258509,3.8501097739284713,4.227381706237793,292000,0.0,0.0
2023-08-21 00:00:00-04:00,4.256402610859494,4.382160068706128,4.217708079410561,4.285423278808594,183300,0.0,0.0
2023-08-22 00:00:00-04:00,4.275750032471206,4.469222696769588,4.275750032471206,4.430528163909912,214500,0.0,0.0
2023-08-23 00:00:00-04:00,4.420854990559275,4.469222928504198,4.266076389819895,4.372486591339111,381100,0.0,0.0
2023-08-24 00:00:00-04:00,4.353138832958104,4.391833363460161,4.126775414373401,4.188686847686768,124700,0.0,0.0
2023-08-25 00:00:00-04:00,4.169339813856744,4.314444541931152,4.140319145006991,4.314444541931152,65600,0.0,0.0
2023-08-28 00:00:00-04:00,4.324117779276991,4.449875236222624,4.295097111535812,4.420854568481445,191200,0.0,0.0
2023-08-29 00:00:00-04:00,4.401507570309942,4.480831225648696,4.362813036787346,4.4111809730529785,86600,0.0,0.0
2023-08-30 00:00:00-04:00,4.401507626406083,4.401507626406083,4.256402893209411,4.275750160217285,117100,0.0,0.0
2023-08-31 00:00:00-04:00,4.246728866048857,4.252533092055936,3.908151475770398,3.9468460083007812,232300,0.0,0.0
2023-09-01 00:00:00-04:00,4.0435821414788595,4.0967874670573226,3.8984778822380814,3.9371724128723145,191300,0.0,0.0
2023-09-05 00:00:00-04:00,3.9081513135630828,3.956519707856144,3.869456782638711,3.9274985790252686,143300,0.0,0.0
2023-09-06 00:00:00-04:00,3.9274986032336003,3.975866997824795,3.6759839200373006,3.734025716781616,184300,0.0,0.0
2023-09-07 00:00:00-04:00,3.7050047292069848,3.9274985086743195,3.6759838315335402,3.69533109664917,40200,0.0,0.0
2023-09-08 00:00:00-04:00,3.6953310057966484,3.753373030354123,3.6179419472367984,3.6566364765167236,150300,0.0,0.0
2023-09-11 00:00:00-04:00,3.79206774309153,3.8888040709713754,3.724352082938039,3.859783172607422,154300,0.0,0.0
2023-09-12 00:00:00-04:00,3.8984781694900947,4.159666501153931,3.839468844478582,4.043582439422607,282900,0.0,0.0
2023-09-13 00:00:00-04:00,4.140318841999837,4.34346489290661,4.140318841999837,4.208034038543701,389500,0.0,0.0
2023-09-14 00:00:00-04:00,4.217707962150043,4.266075894478887,4.179013431776893,4.256402492523193,53600,0.0,0.0
2023-09-15 00:00:00-04:00,4.246728446864867,4.2612392410878455,4.159665987902829,4.179013252258301,31800,0.0,0.0
2023-09-18 00:00:00-04:00,4.227381303452688,4.261239362999801,4.1161346455448085,4.208034038543701,131100,0.0,0.0
2023-09-19 00:00:00-04:00,4.208033892032202,4.208033892032202,3.9758667212077436,3.9952139854431152,115400,0.0,0.0
2023-09-20 00:00:00-04:00,4.082276972907974,4.130645370402294,4.004887905937241,4.043582439422607,40200,0.0,0.0
2023-09-21 00:00:00-04:00,3.869456738624283,3.9081512691085107,3.7920676776558278,3.8791306018829346,259900,0.0,0.0
2023-09-22 00:00:00-04:00,3.9178249569186945,4.0822764734745824,3.8888038297175567,3.9855401515960693,67900,0.0,0.0
2023-09-25 00:00:00-04:00,3.9178251323671622,3.93620464226326,3.853011586232246,3.8791306018829346,52400,0.0,0.0
2023-09-26 00:00:00-04:00,3.8404357600825794,3.8404357600825794,3.5792474541634003,3.646962881088257,221900,0.0,0.0
2023-09-27 00:00:00-04:00,3.7340256873773665,3.7920677143022186,3.559900298515601,3.6179420948028564,137500,0.0,0.0
2023-09-28 00:00:00-04:00,3.7533732483604285,4.024234969052302,3.7533732483604285,3.850109577178955,137100,0.0,0.0
2023-09-29 00:00:00-04:00,3.9565196929247577,4.014561489092273,3.854946203675212,3.8694567680358887,77200,0.0,0.0
2023-10-02 00:00:00-04:00,3.8210884952469057,3.8210884952469057,3.5985947189990735,3.646962881088257,215400,0.0,0.0
2023-10-03 00:00:00-04:00,3.6759838520558894,3.6759838520558894,3.4051219082873074,3.5018582344055176,234300,0.0,0.0
2023-10-04 00:00:00-04:00,3.6856573734766673,3.6856573734766673,3.501858128759436,3.6566364765167236,126000,0.0,0.0
2023-10-05 00:00:00-04:00,3.617941963861773,3.801741209423589,3.617941963861773,3.7146782875061035,243300,0.0,0.0
2023-10-06 00:00:00-04:00,3.617942288580791,3.9952144459299386,3.559900489184802,3.753373384475708,206000,0.0,0.0
2023-10-09 00:00:00-04:00,3.7727203167024044,3.92362925852755,3.714678291810954,3.840435743331909,256800,0.0,0.0
2023-10-10 00:00:00-04:00,3.869456711454625,4.111297755920539,3.869456711454625,4.072603225708008,187800,0.0,0.0
2023-10-11 00:00:00-04:00,4.072603499435052,4.285423429907987,4.024235102780868,4.246728897094727,185000,0.0,0.0
2023-10-12 00:00:00-04:00,4.1886868163456015,4.237055209748859,4.053255960601742,4.072603225708008,40800,0.0,0.0
2023-10-13 00:00:00-04:00,4.140318915196791,4.217707976200905,4.014561460427512,4.188686847686768,168700,0.0,0.0
2023-10-16 00:00:00-04:00,4.169339627615138,4.208034158536494,3.990377306785074,4.053256034851074,908400,0.0,0.0
2023-10-17 00:00:00-04:00,3.9178250295408983,4.043582019676458,3.898477764806568,3.9661929607391357,337500,0.0,0.0
2023-10-18 00:00:00-04:00,4.03390854317291,4.06292920909888,3.9178249569186945,3.9855401515960693,232400,0.0,0.0
2023-10-19 00:00:00-04:00,3.9274979822786085,4.062928819936458,3.879130056609796,4.024234294891357,313200,0.0,0.0
2023-10-20 00:00:00-04:00,3.995213631745095,4.111297206880394,3.946845244801158,4.024234294891357,345900,0.0,0.0
2023-10-23 00:00:00-04:00,4.004887341672388,4.2389895591679005,3.9855400776556196,4.198360443115234,500200,0.0,0.0
2023-10-24 00:00:00-04:00,4.2080340871470705,4.527264192470097,4.2080340871470705,4.5079169273376465,354300,0.0,0.0
2023-10-25 00:00:00-04:00,4.527263961312012,4.740084328177734,4.362812446720524,4.633674144744873,413400,0.0,0.0
2023-10-26 00:00:00-04:00,4.672368809584855,4.7400844667075255,4.498243427194644,4.662695407867432,312200,0.0,0.0
2023-10-27 00:00:00-04:00,4.662695725449295,4.749758191936743,4.440201935492114,4.5175909996032715,200600,0.0,0.0
2023-10-30 00:00:00-04:00,4.594980296484826,4.596914884803044,4.237055626201537,4.275750160217285,207600,0.0,0.0
2023-10-31 00:00:00-04:00,4.208034142725609,4.3628127271046715,4.169339611949641,4.304770469665527,193800,0.0,0.0
2023-11-01 00:00:00-04:00,4.420854761332602,4.512754161555529,4.3144445653308825,4.430528163909912,712800,0.0,0.0
2023-11-02 00:00:00-04:00,4.449874764481895,4.469222028016702,4.314443919738248,4.353138446807861,320400,0.0,0.0
2023-11-03 00:00:00-04:00,4.691716328003425,4.894862849081581,4.624001128494173,4.720737457275391,747100,0.0,0.0
2023-11-06 00:00:00-05:00,4.701390355202864,4.740084888062541,4.357976030116823,4.430528163909912,558800,0.0,0.0
2023-11-07 00:00:00-05:00,4.556285483326189,4.711063609906631,4.498243685858523,4.653021812438965,452100,0.0,0.0
2023-11-08 00:00:00-05:00,4.769104993757048,4.806832228030284,4.60465347916556,4.633674144744873,220700,0.0,0.0
2023-11-09 00:00:00-05:00,4.749758141551742,4.7884526731968515,4.594980014971299,4.653021812438965,320000,0.0,0.0
2023-11-10 00:00:00-05:00,4.885189103188293,5.088335609975936,4.80779958433215,4.933557033538818,851400,0.0,0.0
2023-11-13 00:00:00-05:00,4.88518916433134,5.0302934184742085,4.820375389584655,4.9819254875183105,219100,0.0,0.0
2023-11-14 00:00:00-05:00,5.214093189446137,5.281808853149414,5.068988459382099,5.281808853149414,357500,0.0,0.0
2023-11-15 00:00:00-05:00,5.281808408521897,5.688101433988995,5.272134545403547,5.397891998291016,245700,0.0,0.0
2023-11-16 00:00:00-05:00,5.43658645384481,5.610712297391733,5.359197395057367,5.417239189147949,352000,0.0,0.0
2023-11-17 00:00:00-05:00,5.455934020322236,5.455934020322236,5.252787499131098,5.339850425720215,128700,0.0,0.0
2023-11-20 00:00:00-05:00,5.291481655228897,5.5729849748873646,5.291481655228897,5.504302024841309,292400,0.0,0.0
2023-11-21 00:00:00-05:00,5.562343926420485,5.755816574133735,5.475281004311934,5.601038455963135,204800,0.0,0.0
2023-11-22 00:00:00-05:00,5.407565841659598,5.417239243467437,5.146377534995414,5.21409273147583,364300,0.0,0.0
2023-11-24 00:00:00-05:00,5.349523959240556,5.387250733075008,5.2237665088751415,5.3011555671691895,124300,0.0,0.0
2023-11-27 00:00:00-05:00,5.1173560819393575,5.19474513658662,4.962577972644831,5.175397872924805,226400,0.0,0.0
2023-11-28 00:00:00-05:00,5.175397983667596,5.3882183497766345,5.059314399212752,5.272134304046631,176100,0.0,0.0
2023-11-29 00:00:00-05:00,5.165725080997107,5.23344028116248,5.089303311328182,5.2044196128845215,163200,0.0,0.0
2023-11-30 00:00:00-05:00,5.223766851811273,5.223766851811273,5.069956019163019,5.088335990905762,91200,0.0,0.0
2023-12-01 00:00:00-05:00,4.856167940064544,4.96257812408946,4.769105020291869,4.817473411560059,432600,0.0,0.0
2023-12-04 00:00:00-05:00,4.7497578684249495,4.9142098490977375,4.565958623042138,4.662695407867432,300400,0.0,0.0
2023-12-05 00:00:00-05:00,4.672369078261521,4.701390207632954,4.556285483326189,4.653021812438965,435000,0.0,0.0
2023-12-06 00:00:00-05:00,4.701390207632954,4.749758141551742,4.63367454661641,4.653021812438965,215600,0.0,0.0
2023-12-07 00:00:00-05:00,4.798126340081783,4.885189263352378,4.740084544993114,4.827147006988525,260000,0.0,0.0
2023-12-08 00:00:00-05:00,4.875515130334316,4.904536256909887,4.793289143191214,4.836820602416992,161800,0.0,0.0
2023-12-11 00:00:00-05:00,4.788452741466474,4.885189533233643,4.720737540759707,4.885189533233643,141500,0.0,0.0
2023-12-12 00:00:00-05:00,4.875515065735504,4.875515065735504,4.691715829925913,4.7884521484375,109700,0.0,0.0
2023-12-13 00:00:00-05:00,4.807799573580309,5.039967207079197,4.759431643337951,5.001272678375244,228200,0.0,0.0
2023-12-14 00:00:00-05:00,5.06898830638863,5.185072363701315,5.058347609914079,5.136703968048096,261800,0.0,0.0
2023-12-15 00:00:00-05:00,5.18507184445421,5.20441910852297,4.991598742491458,5.020619869232178,577100,0.0,0.0
2023-12-18 00:00:00-05:00,4.9915992004123355,5.107683256749406,4.92872047110169,5.088335990905762,128900,0.0,0.0
2023-12-19 00:00:00-05:00,5.030293701059736,5.1947456903535505,5.001273033110945,5.156051158905029,213600,0.0,0.0
2023-12-20 00:00:00-05:00,5.223766623468285,5.291481820323451,5.127030298478632,5.1463775634765625,1147000,0.0,0.0
2023-12-21 00:00:00-05:00,5.175398305176303,5.243113964285875,5.107683107341921,5.127030372619629,295200,0.0,0.0
2023-12-22 00:00:00-05:00,5.175398652640785,5.175398652640785,5.039967786604311,5.0980095863342285,265600,0.0,0.0
2023-12-26 00:00:00-05:00,5.146378080737374,5.243114415449965,5.127030813794856,5.194746017456055,272500,0.0,0.0
2023-12-27 00:00:00-05:00,5.22376670111522,5.562344074249268,5.22376670111522,5.562344074249268,603600,0.0,0.0
2023-12-28 00:00:00-05:00,5.5623441195142584,5.581691384957214,5.426913261413574,5.426913261413574,286600,0.0,0.0
2023-12-29 00:00:00-05:00,5.455934352044531,5.523650016983775,5.359198017327918,5.37854528427124,320100,0.0,0.0
2024-01-02 00:00:00-05:00,5.320503208546765,5.368871604043636,5.146377815053399,5.2044196128845215,254800,0.0,0.0
2024-01-03 00:00:00-05:00,5.185072019053745,5.2334399502167805,5.146377489613247,5.165724754333496,162400,0.0,0.0
2024-01-04 00:00:00-05:00,5.088335720380925,5.088335720380925,4.972251670215543,5.0302934646606445,364100,0.0,0.0
2024-01-05 00:00:00-05:00,5.078661793936215,5.3011555671691895,5.078661793936215,5.3011555671691895,453600,0.0,0.0
2024-01-08 00:00:00-05:00,5.262461316966452,5.475281238555908,5.262461316966452,5.475281238555908,331800,0.0,0.0
2024-01-09 00:00:00-05:00,5.465607656293926,5.513975588060134,5.388218596447847,5.397891998291016,328700,0.0,0.0
2024-01-10 00:00:00-05:00,5.252787290327589,5.301155683460007,5.127030298478632,5.1463775634765625,303300,0.0,0.0
2024-01-11 00:00:00-05:00,5.117356685500236,5.214093015218772,5.039967621725407,5.2044196128845215,420100,0.0,0.0
2024-01-12 00:00:00-05:00,5.301155697336331,5.310829099223026,5.068988055478258,5.078661918640137,284600,0.0,0.0
2024-01-16 00:00:00-05:00,5.05931436857918,5.088335495154752,4.836820602416992,4.836820602416992,369900,0.0,0.0
2024-01-17 00:00:00-05:00,4.643348211570057,4.720737271550361,4.362812638503864,4.391833305358887,3307400,0.0,0.0
2024-01-18 00:00:00-05:00,4.2950972756062455,4.343465210780906,4.179013677656805,4.314444541931152,13650300,0.0,0.0
2024-01-19 00:00:00-05:00,4.3821598179650305,4.614326993374348,4.308639935653642,4.478896141052246,5690600,0.0,0.0
2024-01-22 00:00:00-05:00,4.55628553165885,4.594980063714429,4.469222603896195,4.5175909996032715,3741100,0.0,0.0
2024-01-23 00:00:00-05:00,4.624001160659395,4.633674562967205,4.4788964358406,4.585306167602539,2626700,0.0,0.0
2024-01-24 00:00:00-05:00,4.575632706197616,4.6675321026733,4.575632706197616,4.604653835296631,1059300,0.0,0.0
2024-01-25 00:00:00-05:00,4.594980260703624,4.7449219248034735,4.565959129780185,4.711063861846924,1715600,0.0,0.0
2024-01-26 00:00:00-05:00,4.7400849937716805,4.894863128662109,4.7400849937716805,4.894863128662109,2246200,0.0,0.0
2024-01-29 00:00:00-05:00,4.962578445961718,4.962578445961718,4.836820989527944,4.92388391494751,2388500,0.0,0.0
2024-01-30 00:00:00-05:00,4.933556997073514,4.981925388341703,4.749757756039627,4.817473411560059,1890400,0.0,0.0
2024-01-31 00:00:00-05:00,4.981925940762083,5.054478074434138,4.788452815511243,4.865842342376709,2706100,0.0,0.0
2024-02-01 00:00:00-05:00,4.865842514316722,4.948068053455482,4.846495247235502,4.943231582641602,938000,0.0,0.0
2024-02-02 00:00:00-05:00,4.943231076589251,5.0302935389042975,4.856168152999021,5.010946273803711,510600,0.0,0.0
2024-02-05 00:00:00-05:00,5.00127294627855,5.068988144500186,4.865842088560084,4.991599082946777,361500,0.0,0.0
2024-02-06 00:00:00-05:00,5.078661978787765,5.136703774620888,4.977088720761002,5.127030372619629,683300,0.0,0.0
2024-02-07 00:00:00-05:00,5.08833563426022,5.146377427722958,5.006109644869215,5.117356300354004,1751200,0.0,0.0
2024-02-08 00:00:00-05:00,5.175398305641528,5.330176889152293,5.059314713964847,5.310829162597656,2068500,0.0,0.0
2024-02-09 00:00:00-05:00,5.330177347550548,5.426913682267162,5.223767148724659,5.37854528427124,1908000,0.0,0.0
2024-02-12 00:00:00-05:00,5.426913276452742,5.465607807445883,5.243114023597726,5.359197616577148,788800,0.0,0.0
2024-02-13 00:00:00-05:00,4.94323129200687,5.426913401874758,4.933557428397414,5.2044196128845215,1117700,0.0,0.0
2024-02-14 00:00:00-05:00,5.175398378431374,5.344687297963905,5.098009316225141,5.291481971740723,803500,0.0,0.0
2024-02-15 00:00:00-05:00,5.330177115709242,5.354360852380078,5.2527875900268555,5.2527875900268555,778400,0.0,0.0
2024-02-16 00:00:00-05:00,5.194745674605443,5.301155866403889,5.117356611943009,5.223766803741455,1875900,0.0,0.0
2024-02-20 00:00:00-05:00,5.127030490956239,5.262461351026062,5.107683225231978,5.156051158905029,1108000,0.0,0.0
2024-02-21 00:00:00-05:00,5.223766699008167,5.272134631564842,5.001272917676934,5.127030372619629,717600,0.0,0.0
2024-02-22 00:00:00-05:00,5.175398600030031,5.3156663966035715,5.098009534510177,5.233440399169922,1900200,0.0,0.0
2024-02-23 00:00:00-05:00,5.243113902190609,5.262461167239183,5.054477722010623,5.078661918640137,2154400,0.0,0.0
2024-02-26 00:00:00-05:00,5.22376691305053,5.233440315448154,5.06898832321167,5.06898832321167,773300,0.0,0.0
2024-02-27 00:00:00-05:00,5.19474579956677,5.451097652396708,5.19474579956677,5.436586856842041,885800,0.0,0.0
2024-02-28 00:00:00-05:00,5.320502509418371,5.649406448517735,5.257623788044954,5.513975143432617,1254000,0.0,0.0
2024-02-29 00:00:00-05:00,5.52364943787218,5.542996702787092,5.455933780032394,5.465607643127441,398400,0.0,0.0
2024-03-01 00:00:00-05:00,5.4752812362506775,5.784837946980207,5.4752812362506775,5.7267961502075195,623600,0.0,0.0
2024-03-04 00:00:00-05:00,5.717122330136939,5.833206385837969,5.678427798661662,5.7751641273498535,1138000,0.0,0.0
2024-03-05 00:00:00-05:00,5.784837827936365,6.0557000019101395,5.784837827936365,5.8815741539001465,3502500,0.0,0.0
2024-03-06 00:00:00-05:00,5.978310540716265,6.036352336885333,5.88157421376782,5.929942607879639,753500,0.0,0.0
2024-03-07 00:00:00-05:00,5.910595312356137,5.929942577647188,5.746143326744603,5.813858985900879,1251100,0.0,0.0
2024-03-08 00:00:00-05:00,5.871900422145877,5.929942214464226,5.813858629827527,5.842879295349121,644600,0.0,0.0
2024-03-11 00:00:00-04:00,5.813859236929575,5.958963502240127,5.813859236929575,5.871901035308838,902700,0.0,0.0
2024-03-12 00:00:00-04:00,5.920268862613983,5.98314759170325,5.833206397261708,5.958963394165039,677400,0.0,0.0
2024-03-13 00:00:00-04:00,5.987984141496479,6.18145678691027,5.929942347872342,6.123414993286133,812700,0.0,0.0
2024-03-14 00:00:00-04:00,6.1814570579455985,6.229825452057417,5.900921479157509,5.929942607879639,1090100,0.0,0.0
2024-03-15 00:00:00-04:00,5.8622270093437905,5.929942669549524,5.721959218490997,5.7267961502075195,806000,0.0,0.0
2024-03-18 00:00:00-04:00,5.775163563466998,5.833205816287911,5.591364787543016,5.610712051391602,728600,0.0,0.0
2024-03-19 00:00:00-04:00,5.63973322441089,5.784837946980207,5.515910816884197,5.7267961502075195,1033100,0.0,0.0
2024-03-20 00:00:00-04:00,5.775163951135628,5.997657730967245,5.7558166859883215,5.949289798736572,995500,0.0,0.0
2024-03-21 00:00:00-04:00,5.958962954938471,5.958962954938471,5.804184840142719,5.8235321044921875,609100,0.0,0.0
2024-03-22 00:00:00-04:00,5.871900781774034,5.997657775528274,5.726796061453552,5.813858985900879,654300,0.0,0.0
2024-03-25 00:00:00-04:00,5.804185212571102,5.876737343218163,5.697775021183578,5.7267961502075195,577000,0.0,0.0
2024-03-26 00:00:00-04:00,5.755817011878722,5.881574473094108,5.7026121450300025,5.736469745635986,595500,0.0,0.0
2024-03-27 00:00:00-04:00,5.746142947231048,5.755816348600082,5.484954652414871,5.6590800285339355,1288200,0.0,0.0
2024-03-28 00:00:00-04:00,5.649407638611221,5.697775576666308,5.475281770042229,5.523650169372559,1212200,0.0,0.0
2024-04-01 00:00:00-04:00,5.591365412526047,5.6494072105595095,5.494628621195069,5.572018146514893,2194000,0.0,0.0
2024-04-02 00:00:00-04:00,5.5333235724734795,5.5333235724734795,5.407566564510059,5.523650169372559,1266300,0.0,0.0
2024-04-03 00:00:00-04:00,5.417239250202569,5.52364943787218,5.368871318552878,5.465607643127441,772500,0.0,0.0
2024-04-04 00:00:00-04:00,5.494628007024934,5.833205816287911,5.494628007024934,5.610712051391602,1327500,0.0,0.0
2024-04-05 00:00:00-04:00,5.572017643389906,5.678427366205391,5.547833447740871,5.639732837677002,887200,0.0,0.0
2024-04-08 00:00:00-04:00,5.639732993551386,5.876737102657019,5.639732993551386,5.852553367614746,520700,0.0,0.0
2024-04-09 00:00:00-04:00,5.891247760352913,5.900921161890064,5.750979978500471,5.8235321044921875,571400,0.0,0.0
2024-04-10 00:00:00-04:00,5.6397330601887825,5.688101453395192,5.542996735051147,5.581691265106201,1251800,0.0,0.0
2024-04-11 00:00:00-04:00,5.591365325437434,5.591365325437434,5.3930552753178835,5.407566070556641,761400,0.0,0.0
2024-04-12 00:00:00-04:00,5.349524338099929,5.4075661359310505,5.189908817470337,5.2044196128845215,723300,0.0,0.0
2024-04-15 00:00:00-04:00,5.2044193416146145,5.272514716157585,4.9028549066873826,4.961222171783447,1587500,0.03,0.0
2024-04-16 00:00:00-04:00,5.00986197789106,5.00986197789106,4.766664799001803,4.834759712219238,1644600,0.0,0.0
2024-04-17 00:00:00-04:00,4.850324109617865,4.980677613752805,4.795847720635267,4.9223103523254395,678700,0.0,0.0
2024-04-18 00:00:00-04:00,5.000133681847491,5.0341816010498714,4.873671506070244,4.961222171783447,642100,0.0,0.0
2024-04-19 00:00:00-04:00,5.000133351573586,5.165507490353205,4.990405706631011,5.068228721618652,542800,0.0,0.0
2024-04-22 00:00:00-04:00,5.009861460377921,5.09254852976773,4.9709499528841,5.068228721618652,394500,0.0,0.0
2024-04-23 00:00:00-04:00,5.019589259214871,5.1606435941699615,5.009861613974057,5.087684631347656,440100,0.0,0.0
2024-04-24 00:00:00-04:00,5.068229069606382,5.068229069606382,4.863943409306563,4.9320387840271,667200,0.0,0.0
2024-04-25 00:00:00-04:00,4.863943090898074,4.961221859943683,4.82503158327983,4.9223103523254395,317600,0.0,0.0
2024-04-26 00:00:00-04:00,5.009861460377921,5.131460037261552,5.009861460377921,5.068228721618652,421000,0.0,0.0
2024-04-29 00:00:00-04:00,5.0682290435207396,5.077956689081155,4.961222159185447,5.019589424133301,502200,0.0,0.0
2024-04-30 00:00:00-04:00,4.932038952904121,5.029317731648798,4.873671685657315,4.89312744140625,310900,0.0,0.0
2024-05-01 00:00:00-04:00,4.8833990106617655,5.077956555364714,4.863943256191471,4.912582874298096,202000,0.0,0.0
2024-05-02 00:00:00-04:00,5.000133514404297,5.039045023165282,4.93203860600346,5.000133514404297,436900,0.0,0.0
2024-05-03 00:00:00-04:00,5.068228836313503,5.32115364074707,5.068228836313503,5.32115364074707,710700,0.0,0.0
2024-05-06 00:00:00-04:00,5.301698207855225,5.467072360399349,5.277378861543745,5.301698207855225,438700,0.0,0.0
2024-05-07 00:00:00-04:00,5.291969939688667,5.379521060470431,5.194691174298787,5.253058433532715,756500,0.0,0.0
2024-05-08 00:00:00-04:00,5.184963524592642,5.360065781649154,5.184963524592642,5.311426162719727,464800,0.0,0.0
2024-05-09 00:00:00-04:00,5.369793381137174,5.710269319142368,5.272514607973087,5.5740790367126465,1451500,0.0,0.0
2024-05-10 00:00:00-04:00,5.6324459766319315,5.661629838833387,5.549758908233185,5.593534469604492,801800,0.0,0.0
2024-05-13 00:00:00-04:00,5.603262754250439,5.6519019076312675,5.467072011515878,5.496255874633789,568100,0.0,0.0
2024-05-14 00:00:00-04:00,5.496255975353431,5.836731910705566,5.496255975353431,5.836731910705566,914400,0.0,0.0
2024-05-15 00:00:00-04:00,5.885371506905691,6.041017542175338,5.8347864526707,5.953466415405273,1507400,0.0,0.0
2024-05-16 00:00:00-04:00,5.9437387510711215,6.138296294534262,5.856187624581821,6.128568649291992,1379100,0.0,0.0
2024-05-17 00:00:00-04:00,6.148024382593122,6.303670416830846,6.128568628313406,6.245303153991699,717700,0.0,0.0
2024-05-20 00:00:00-04:00,6.264758734008298,6.410677118978124,6.196663363992577,6.342581748962402,474500,0.0,0.0
2024-05-21 00:00:00-04:00,6.556595171339588,6.595507143457359,6.469044509694464,6.566323280334473,1017600,0.0,0.0
2024-05-22 00:00:00-04:00,6.4398608450069394,6.4982281091894505,6.274486697892265,6.3523101806640625,1317800,0.0,0.0
2024-05-23 00:00:00-04:00,6.381493423330918,6.439860686072941,6.250167198126808,6.303670406341553,444000,0.0,0.0
2024-05-24 00:00:00-04:00,6.313398207347273,6.478772354461947,6.313398207347273,6.3523101806640625,2693100,0.0,0.0
2024-05-28 00:00:00-04:00,6.420404933135065,6.430133042191605,6.2842146533759005,6.332854270935059,825700,0.0,0.0
2024-05-29 00:00:00-04:00,6.186935753050239,6.216119151887506,5.836731719970704,6.079928874969482,2185700,0.0,0.0
2024-05-30 00:00:00-04:00,6.1480247134233545,6.284215000709873,6.118840848502487,6.16748046875,576800,0.0,0.0
2024-05-31 00:00:00-04:00,6.079929221836256,6.079929221836256,5.749180923732592,5.914555072784424,1700600,0.0,0.0
2024-06-03 00:00:00-04:00,5.788091832509591,5.822139748041775,5.6519015619660715,5.719996929168701,1283900,0.0,0.0
2024-06-04 00:00:00-04:00,5.603262911658509,5.603262911658509,5.423296601122312,5.486527919769287,546900,0.0,0.0
2024-06-05 00:00:00-04:00,5.535167643022517,5.768636703491211,5.476800377905344,5.768636703491211,1221000,0.0,0.0
2024-06-06 00:00:00-04:00,6.128568658976279,6.2258474308615686,6.021561777971574,6.041017532348633,722000,0.0,0.0
2024-06-07 00:00:00-04:00,5.924283049175854,5.992377958059949,5.749180794646974,5.778364658355713,674500,0.0,0.0
2024-06-10 00:00:00-04:00,5.710269319869382,5.74918082913997,5.564350928173783,5.603262901306152,567400,0.0,0.0
2024-06-11 00:00:00-04:00,5.671357633305346,5.71999725030394,5.593534617197009,5.7005414962768555,578700,0.0,0.0
2024-06-12 00:00:00-04:00,5.768636096416298,5.778364204842963,5.487500164177698,5.515711307525635,441200,0.0,0.0
2024-06-13 00:00:00-04:00,5.5254391169037,5.544894870475617,5.369793088328365,5.476799964904785,425400,0.0,0.0
2024-06-14 00:00:00-04:00,5.428160633905889,5.6421743982898525,5.423296579292213,5.6324462890625,564400,0.0,0.0
2024-06-17 00:00:00-04:00,5.583806352824142,5.710268982410913,5.559487008863553,5.651901721954346,937800,0.0,0.0
2024-06-18 00:00:00-04:00,5.632446299886444,5.700541673023435,5.535167526734873,5.544895172119141,602800,0.0,0.0
2024-06-20 00:00:00-04:00,5.642174410576741,5.739453183753213,5.544895173538489,5.603262901306152,1801600,0.0,0.0
2024-06-21 00:00:00-04:00,5.603263055863206,5.671357967034136,5.5157119256585325,5.622718811035156,2511200,0.0,0.0
2024-06-24 00:00:00-04:00,5.739452838897705,5.86105141402748,5.710268976767389,5.739452838897705,540800,0.0,0.0
2024-06-25 00:00:00-04:00,5.90482759475708,5.982650616786531,5.83673221855041,5.90482759475708,1090200,0.0,0.0
2024-06-26 00:00:00-04:00,5.885371507938184,6.002106034410898,5.797820381152761,5.982650279998779,801300,0.0,0.0
2024-06-27 00:00:00-04:00,5.963194503171443,6.109112892644726,5.914554885393091,6.0702009201049805,702100,0.0,0.0
2024-06-28 00:00:00-04:00,6.070200942922427,6.070200942922427,5.885371507938184,5.982650279998779,637100,0.0,0.0
2024-07-01 00:00:00-04:00,5.982650300276399,6.021561809232524,5.783228700910815,5.8075480461120605,599100,0.0,0.0
2024-07-02 00:00:00-04:00,5.690813231363905,5.7880919988332,5.642174079560134,5.681085586547852,680500,0.0,0.0
2024-07-03 00:00:00-04:00,5.7880921381026935,5.8464598638504315,5.72972487621672,5.8172760009765625,247500,0.0,0.0
2024-07-05 00:00:00-04:00,5.9048274148639495,6.002106189437123,5.802684585596671,5.972922325134277,597800,0.0,0.0
2024-07-08 00:00:00-04:00,5.963194377944164,5.963194377944164,5.831867691017542,5.875643253326416,630000,0.0,0.0
2024-07-09 00:00:00-04:00,5.895099133274449,6.138296294534262,5.895099133274449,6.128568649291992,1623400,0.0,0.0
2024-07-10 00:00:00-04:00,6.167479999204807,6.235574905732938,6.079928874969482,6.079928874969482,1106300,0.0,0.0
2024-07-11 00:00:00-04:00,6.216118971748627,6.279350285879321,6.099384452058922,6.264758586883545,830300,0.0,0.0
2024-07-12 00:00:00-04:00,6.3231262704456315,6.576051543917111,6.264759006689547,6.556595325469971,932000,0.0,0.0
2024-07-15 00:00:00-04:00,6.546867647732405,6.780336701602185,6.449588875286663,6.760880947113037,1119200,0.0,0.0
2024-07-16 00:00:00-04:00,6.741424892021831,6.770608754385125,6.624690370292166,6.692785739898682,942000,0.0,0.0
2024-07-17 00:00:00-04:00,6.634418808463564,6.634418808463564,6.527411926300438,6.585779190063477,597300,0.0,0.0
2024-07-18 00:00:00-04:00,6.527411641409281,6.527411641409281,6.289078542146895,6.342581748962402,656700,0.0,0.0
2024-07-19 00:00:00-04:00,6.546867986949371,6.71710619544641,6.503092421115173,6.65387487411499,1266600,0.0,0.0
2024-07-22 00:00:00-04:00,6.731697547310203,6.916527446888001,6.702513683645592,6.760880947113037,1692100,0.0,0.0
2024-07-23 00:00:00-04:00,6.7997921358810345,6.828975998171342,6.731697230306573,6.809520244598389,2159300,0.0,0.0
2024-07-24 00:00:00-04:00,6.731697384238181,6.848431908345235,6.683057767262692,6.828976154327393,916900,0.0,0.0
2024-07-25 00:00:00-04:00,6.790065017866261,6.790065017866261,6.434996907782943,6.517683982849121,1277300,0.0,0.0
2024-07-26 00:00:00-04:00,6.585778727860019,6.639281933255728,6.410676948859907,6.469044208526611,1196700,0.0,0.0
2024-07-29 00:00:00-04:00,6.391221511695607,6.503091982290225,6.342581894303826,6.42040491104126,743600,0.0,0.0
2024-07-30 00:00:00-04:00,6.410677103489535,6.571187187410014,6.323125979946817,6.488500118255615,872000,0.0,0.0
2024-07-31 00:00:00-04:00,6.44958863555421,6.498227788038265,6.264758742846574,6.284214496612549,676600,0.0,0.0
2024-08-01 00:00:00-04:00,6.362037353291632,6.420404613136485,6.133431904336316,6.264758586883545,2588300,0.0,0.0
2024-08-02 00:00:00-04:00,6.235574896400911,6.2550306502172255,5.982650096788817,6.138296127319336,1901500,0.0,0.0
2024-08-05 00:00:00-04:00,5.846459987511199,6.109112903484439,5.749180751781888,6.011833667755127,1035400,0.0,0.0
2024-08-06 00:00:00-04:00,6.177208114482425,6.245303490056582,6.070201228254976,6.16748046875,983000,0.0,0.0
2024-08-07 00:00:00-04:00,6.381493455794075,6.48850033662969,6.055609222596984,6.128568649291992,1754500,0.0,0.0
2024-08-08 00:00:00-04:00,6.235574996296674,6.7706089306093755,6.225847351163558,6.566323280334473,2018900,0.0,0.0
2024-08-09 00:00:00-04:00,6.65387407700319,6.736561143926198,6.590642763246669,6.673329830169678,1664300,0.0,0.0
2024-08-12 00:00:00-04:00,6.702513539103759,6.751153156208589,6.444724681716397,6.68305778503418,1462000,0.0,0.0
2024-08-13 00:00:00-04:00,6.916527243077726,7.120812891124959,6.897071489161883,7.0916290283203125,5379400,0.0,0.0
2024-08-14 00:00:00-04:00,6.9748945219032015,7.0916290456840825,6.90679915110014,6.9457106590271,1791700,0.0,0.0
2024-08-15 00:00:00-04:00,6.945711122429537,7.140269138906581,6.801738626266611,7.004078388214111,2713200,0.0,0.0
2024-08-16 00:00:00-04:00,7.0721731050784795,7.286186393028724,7.013805844728413,7.2180914878845215,2847800,0.0,0.0
2024-08-19 00:00:00-04:00,7.257003296912336,7.388329522201998,7.179180279872274,7.315370559692383,2410100,0.0,0.0
2024-08-20 00:00:00-04:00,7.3834660649118256,7.505064647198981,7.3445545556888785,7.451560974121094,1715300,0.0,0.0
2024-08-21 00:00:00-04:00,7.461288927631085,7.539111944452714,7.393193555981275,7.43210506439209,1469900,0.0,0.0
2024-08-22 00:00:00-04:00,7.354281753948901,7.422377122879985,7.222955534271077,7.276458740234375,1425500,0.0,0.0
2024-08-23 00:00:00-04:00,7.334826141412781,7.529383679436291,7.2667307711736715,7.441833019256592,1314900,0.0,0.0
2024-08-26 00:00:00-04:00,7.412649606672906,7.587751865386963,7.3980579064006635,7.587751865386963,1706200,0.0,0.0
2024-08-27 00:00:00-04:00,7.432104901449567,7.621798848689738,7.432104901449567,7.500200271606445,2251800,0.0,0.0
2024-08-28 00:00:00-04:00,7.422377585664674,7.480744849589763,7.218091929995975,7.39319372177124,1701700,0.0,0.0
2024-08-29 00:00:00-04:00,7.315370601646903,7.344554465135184,6.945710804724794,7.052717685699463,3057000,0.0,0.0
2024-08-30 00:00:00-04:00,6.838704218425828,7.237547405107266,6.838704218425828,7.149996280670166,35205800,0.0,0.0
2024-09-03 00:00:00-04:00,7.062445612782385,7.325098521959975,7.062445612782385,7.237547397613525,2934800,0.0,0.0
2024-09-04 00:00:00-04:00,7.266731142939485,7.402921890385219,7.042989730834961,7.042989730834961,1628800,0.0,0.0
2024-09-05 00:00:00-04:00,7.1208131788461415,7.257003461759901,7.018670350695377,7.247275352478027,1119100,0.0,0.0
2024-09-06 00:00:00-04:00,7.257003349701296,7.276459104102837,6.9116633611776175,6.994350433349609,1635700,0.0,0.0
2024-09-09 00:00:00-04:00,7.042989587422573,7.179180332095133,6.906799306611789,6.994350433349609,1296200,0.0,0.0
2024-09-10 00:00:00-04:00,6.809520419998163,6.848431928146354,6.614962879257209,6.7122416496276855,1431400,0.0,0.0
2024-09-11 00:00:00-04:00,6.751153130381111,7.0235336863131845,6.741425021452654,6.916527271270752,1218400,0.0,0.0
2024-09-12 00:00:00-04:00,6.8678878185166,6.906799327437007,6.794928855256281,6.8484320640563965,1057900,0.0,0.0
2024-09-13 00:00:00-04:00,6.916527721468147,7.0138064977757715,6.916527721468147,7.004078388214111,909400,0.0,0.0
2024-09-16 00:00:00-04:00,7.042989575474492,7.047853630032069,6.965166558000352,7.023533821105957,620800,0.0,0.0
2024-09-17 00:00:00-04:00,6.994350258741098,7.101357137209115,6.974894504825254,7.0916290283203125,870400,0.0,0.0
2024-09-18 00:00:00-04:00,7.130540681772828,7.359146142848916,7.081901527920787,7.16945219039917,1651100,0.0,0.0
2024-09-19 00:00:00-04:00,7.227819432329025,7.334826312671306,7.130540661045938,7.286186695098877,1488200,0.0,0.0
2024-09-20 00:00:00-04:00,7.247275413344684,7.286186923075416,6.916527580633463,6.926255226135254,2118100,0.0,0.0
2024-09-23 00:00:00-04:00,6.848432085604722,6.906799349168982,6.692786049433362,6.702513694763184,1006400,0.0,0.0
2024-09-24 00:00:00-04:00,6.82897602174761,6.887343282667978,6.576051224426017,6.605234622955322,1175400,0.0,0.0
2024-09-25 00:00:00-04:00,6.624690698449625,6.68305796220571,6.488500416352094,6.556595325469971,1234800,0.0,0.0
2024-09-26 00:00:00-04:00,6.6441464530349865,6.69278607142928,6.492391288952099,6.556595325469971,1101900,0.0,0.0
2024-09-27 00:00:00-04:00,6.537139570884609,6.649010507646772,6.512820225549241,6.556595325469971,941400,0.0,0.0
2024-09-30 00:00:00-04:00,6.585779043167447,6.702513568089755,6.4593164092373945,6.478772163391113,1380700,0.0,0.0
2024-10-01 00:00:00-04:00,6.4982279382003325,6.556595200847015,6.33285425929895,6.362037658691406,1461400,0.0,0.0
2024-10-02 00:00:00-04:00,6.449588953130605,6.498228108009643,6.27448669675308,6.293942451477051,1359600,0.0,0.0
2024-10-03 00:00:00-04:00,6.099384647607407,6.099384647607407,5.914554753575454,5.963194370269775,2009900,0.0,0.0
2024-10-04 00:00:00-04:00,5.982650279998779,6.002106034410898,5.890235098644883,5.982650279998779,1231500,0.0,0.0
2024-10-07 00:00:00-04:00,5.963194705018235,5.963194705018235,5.841596120318165,5.885371685028076,1197400,0.0,0.0
2024-10-08 00:00:00-04:00,5.885371485815498,6.156779328423622,5.885371485815498,6.0702009201049805,1341200,0.0,0.0
2024-10-09 00:00:00-04:00,6.274486850527321,6.420405246464146,6.2307117492218875,6.371766090393066,1787900,0.0,0.0
2024-10-10 00:00:00-04:00,6.4204047729743685,6.439860526740342,6.220983180907693,6.284214496612549,1604700,0.0,0.0
2024-10-11 00:00:00-04:00,6.196663883634488,6.235575394374595,6.0069703847419165,6.1091132164001465,1671100,0.0,0.0
2024-10-14 00:00:00-04:00,6.109112863868141,6.362037669083576,6.109112863868141,6.303670406341553,1610300,0.0,0.0
2024-10-15 00:00:00-04:00,6.284214512872578,6.284214512872578,6.109112728525744,6.138296127319336,1320800,0.0,0.0
2024-10-16 00:00:00-04:00,6.060473087822893,6.362037502700929,6.023507016561166,6.342581748962402,1426500,0.0,0.0
2024-10-17 00:00:00-04:00,6.323125986465941,6.439860508735413,6.2647587253312045,6.400949001312256,876000,0.0,0.0
2024-10-18 00:00:00-04:00,6.498228097195193,6.527411961163474,6.362037814354043,6.410677433013916,1257600,0.0,0.0
2024-10-21 00:00:00-04:00,6.371766064383983,6.483636540366432,6.332854554141236,6.459316730499268,759700,0.0,0.0
2024-10-22 00:00:00-04:00,6.44958861962368,6.469044373341598,6.362037495962168,6.430132865905762,779400,0.0,0.0
2024-10-23 00:00:00-04:00,6.439860374195044,6.47877188080527,6.206391334533691,6.206391334533691,1566900,0.0,0.0
2024-10-24 00:00:00-04:00,6.109112865114118,6.332854270935059,6.070200892749728,6.332854270935059,981200,0.0,0.0
2024-10-25 00:00:00-04:00,6.264758896557264,6.313398050234719,6.206391633827256,6.274486541748047,1253500,0.0,0.0
2024-10-28 00:00:00-04:00,6.313397879736493,6.56632314193119,6.303670234808413,6.430132865905762,1545200,0.0,0.0
2024-10-29 00:00:00-04:00,6.478772341868844,6.546867715213638,6.38149356842041,6.38149356842041,1358200,0.0,0.0
2024-10-30 00:00:00-04:00,6.3912213652395975,6.439860517655034,6.293942132685208,6.342581748962402,1332100,0.0,0.0
2024-10-31 00:00:00-04:00,6.342582059041036,6.478772341868844,6.337718004403169,6.38149356842041,1589600,0.0,0.0
2024-11-01 00:00:00-04:00,6.391221410108546,6.391221410108546,6.021561622619629,6.021561622619629,1024500,0.0,0.0
2024-11-04 00:00:00-05:00,6.216118971748627,6.342581600010015,6.216118971748627,6.264758586883545,790700,0.0,0.0
2024-11-05 00:00:00-05:00,6.255030931619391,6.420405078428822,6.255030931619391,6.410677433013916,735000,0.0,0.0
2024-11-06 00:00:00-05:00,6.342581733638337,6.546867379330175,6.118840334254979,6.488500118255615,902100,0.0,0.0
2024-11-07 00:00:00-05:00,6.52741194864542,6.595507321866295,6.410677420719732,6.439860820770264,1138300,0.0,0.0
2024-11-08 00:00:00-05:00,6.2939424634097705,6.2939424634097705,6.089657270351656,6.235575199127197,996100,0.0,0.0
2024-11-11 00:00:00-05:00,6.07992903999329,6.182071866419649,6.002106022499261,6.011833667755127,1285400,0.0,0.0
2024-11-12 00:00:00-05:00,6.011833357644707,6.0312891110146225,5.919418645103049,6.002105712890625,868100,0.0,0.0
2024-11-13 00:00:00-05:00,6.031289118888816,6.031289118888816,5.8513232840167095,5.9437384605407715,1057800,0.0,0.0
2024-11-14 00:00:00-05:00,5.856187664238105,6.015725036502927,5.622718610501356,5.8075480461120605,3008700,0.0,0.0
2024-11-15 00:00:00-05:00,5.904827439688569,5.924283194684998,5.778364800280886,5.8270039558410645,902900,0.0,0.0
2024-11-18 00:00:00-05:00,5.807548047984293,5.885371529783407,5.783228702775206,5.865915775299072,1129700,0.0,0.0
2024-11-19 00:00:00-05:00,5.739453370010341,5.7832289353258055,5.4476165771484375,5.4476165771484375,2696700,0.0,0.0
2024-11-20 00:00:00-05:00,5.389248975767893,5.627582078909449,5.389248975767893,5.612990379333496,2006800,0.0,0.0
2024-11-21 00:00:00-05:00,5.5740787390333875,5.593534492627185,5.316289887950122,5.389248847961426,3534600,0.0,0.0
2024-11-22 00:00:00-05:00,5.389248687691684,5.467071699752514,5.350337181661269,5.457344055175781,1402600,0.0,0.0
2024-11-25 00:00:00-05:00,5.5351673828831585,5.54975908251123,5.418432858135049,5.496255874633789,4061600,0.0,0.0
2024-11-26 00:00:00-05:00,5.486527931558571,5.525439440984663,5.418433021993802,5.428160667419434,995100,0.0,0.0
2024-11-27 00:00:00-05:00,5.437888839114139,5.447616484651409,5.107140541334781,5.136324405670166,2326600,0.0,0.0
2024-11-29 00:00:00-05:00,4.289998012335141,4.552650942399296,4.2121749906660275,4.494283676147461,5667400,0.0,0.0
2024-12-02 00:00:00-05:00,4.474827453734175,4.523467069132207,4.343501234338289,4.435915946960449,2771100,0.0,0.0
2024-12-03 00:00:00-05:00,4.397004614463744,4.440780177284684,4.309453488821863,4.338637351989746,2642800,0.0,0.0
2024-12-04 00:00:00-05:00,4.270541677416794,4.367820441302718,4.153807160753686,4.241358280181885,2889500,0.0,0.0
2024-12-05 00:00:00-05:00,4.387277280503272,4.5526509706452645,4.35809341526539,4.40673303604126,1990300,0.0,0.0
2024-12-06 00:00:00-05:00,4.406732722015824,4.406732722015824,4.187854907983529,4.30945348739624,1867900,0.0,0.0
2024-12-09 00:00:00-05:00,4.289997925363979,4.382413109618866,4.178127449948029,4.1829915046691895,3229700,0.0,0.0
2024-12-10 00:00:00-05:00,4.406732703446389,4.494283364828611,4.333773277789144,4.455371856689453,2082900,0.0,0.0
2024-12-11 00:00:00-05:00,4.659657801027971,4.683977611118372,4.4699638389569945,4.611018180847168,3594300,0.0,0.0
2024-12-12 00:00:00-05:00,4.474827791225327,4.484555900583327,4.338637507245828,4.387277126312256,1974700,0.0,0.0
2024-12-13 00:00:00-05:00,4.533194551277339,4.591561809344143,4.455371540521602,4.504011154174805,1794200,0.0,0.0
2024-12-16 00:00:00-05:00,4.465099662838611,4.489419005879957,4.260814027031502,4.299725532531738,2247900,0.0,0.0
2024-12-17 00:00:00-05:00,4.241358744346715,4.367820919307286,4.182991479627578,4.270542144775391,1935100,0.0,0.0
2024-12-18 00:00:00-05:00,4.221902645378419,4.221902645378419,3.7744198551373076,3.842514991760254,2971400,0.0,0.0
2024-12-19 00:00:00-05:00,3.8522430909252092,3.9787057267460035,3.8522430909252092,3.9300661087036133,2241800,0.0,0.0
2024-12-20 00:00:00-05:00,4.0273445357711175,4.319181291290624,4.007888782993933,4.241358280181885,4289900,0.0,0.0
2024-12-23 00:00:00-05:00,4.144079524863055,4.1927186749757,4.032208598266669,4.095439910888672,2174000,0.0,0.0
2024-12-24 00:00:00-05:00,4.16353527768046,4.197582729145487,4.095439910888672,4.095439910888672,559100,0.0,0.0
2024-12-26 00:00:00-05:00,4.027345000624588,4.2121749052725725,3.9903793907844225,4.1829915046691895,1463300,0.0,0.0
2024-12-27 00:00:00-05:00,4.212174747523558,4.23746727449222,4.090576167219243,4.13435173034668,1348400,0.0,0.0
2024-12-30 00:00:00-05:00,4.095440232341321,4.124623631927178,4.040963841859671,4.075984477996826,1100100,0.0,0.0
2024-12-31 00:00:00-05:00,4.095440220539844,4.124623620041605,4.032208903137,4.105167865753174,1129200,0.0,0.0
2025-01-02 00:00:00-05:00,4.037073063937632,4.066256464207553,3.939794289934922,3.998161554336548,2013200,0.0,0.0
2025-01-03 00:00:00-05:00,4.017617161140095,4.027344806251136,3.8911545276641846,3.8911545276641846,1343300,0.0,0.0
2025-01-06 00:00:00-05:00,4.027344848599449,4.134351729116706,4.007889094311017,4.105167865753174,1855200,0.0,0.0
2025-01-07 00:00:00-05:00,4.260814499253094,4.35809327378499,4.251086389869012,4.270542144775391,2059200,0.0,0.0
2025-01-08 00:00:00-05:00,4.221902856601553,4.231630501817777,4.095440221758241,4.13435173034668,1299500,0.0,0.0
2025-01-10 00:00:00-05:00,4.202447429474988,4.212175075448526,4.080848839704018,4.14408016204834,1481600,0.0,0.0
2025-01-13 00:00:00-05:00,4.173263382498513,4.314317721949422,4.153807627535001,4.212174892425537,1659700,0.0,0.0
2025-01-14 00:00:00-05:00,4.241358601541348,4.289997755238736,4.212174738233499,4.221902847290039,1252300,0.0,0.0
2025-01-15 00:00:00-05:00,4.416460193573586,4.494283207121037,4.377548686799861,4.435915946960449,2916400,0.0,0.0
2025-01-16 00:00:00-05:00,4.474827448561997,4.542922817268184,4.435915941833247,4.523467063903809,1637900,0.0,0.0
2025-01-17 00:00:00-05:00,4.572106363062592,4.708297104873918,4.5429229640042825,4.601290225982666,3076600,0.0,0.0
2025-01-21 00:00:00-05:00,4.679113399657246,4.683977454284822,4.542923117117569,4.62074613571167,1605000,0.0,0.0
2025-01-22 00:00:00-05:00,4.69856942192256,4.863943577785144,4.669386020218461,4.834759712219238,2807700,0.0,0.0
2025-01-23 00:00:00-05:00,4.902854617038852,4.985541687005444,4.7472085859778606,4.805575847625732,1671500,0.0,0.0
2025-01-24 00:00:00-05:00,4.854215467975907,4.932038954864387,4.805576310515139,4.834759712219238,1340600,0.0,0.0
2025-01-27 00:00:00-05:00,4.863943577785144,4.873671687594381,4.747209043245134,4.834759712219238,1258100,0.0,0.0
2025-01-28 00:00:00-05:00,4.825031585178996,4.96608591631609,4.756936214889387,4.951494216918945,2305700,0.0,0.0
2025-01-29 00:00:00-05:00,4.9223103523254395,4.990405722588246,4.902854598516317,4.9223103523254395,1360500,0.0,0.0
2025-01-30 00:00:00-05:00,4.951494352054291,5.223874912922972,4.951494352054291,5.116868495941162,1954500,0.0,0.0
2025-01-31 00:00:00-05:00,5.155780003480442,5.194691512167242,5.068228877004256,5.087684631347656,1530100,0.0,0.0
2025-02-03 00:00:00-05:00,4.961221996184671,5.116868494793642,4.922310487497872,5.087684631347656,1997100,0.0,0.0
2025-02-04 00:00:00-05:00,5.039045319636653,5.170372017327891,5.0098619182798005,5.097412586212158,2110600,0.0,0.0
2025-02-05 00:00:00-05:00,5.048773276525798,5.20441931601642,4.970950256780488,5.136324405670166,1927100,0.0,0.0
2025-02-06 00:00:00-05:00,5.136324199514337,5.4281605118458645,5.082820527690564,5.40870475769043,3460800,0.0,0.0
2025-02-07 00:00:00-05:00,5.379521896110984,5.379521896110984,5.107140846846632,5.175236225128174,3259800,0.0,0.0
2025-02-10 00:00:00-05:00,5.233603295248887,5.4087050935199725,5.1946917845219795,5.360065937042236,2277200,0.0,0.0
2025-02-11 00:00:00-05:00,5.408704974505391,5.4524805390753635,5.097412431678094,5.10714054107666,2911000,0.0,0.0
2025-02-12 00:00:00-05:00,5.019589096615197,5.165507481394844,4.912582683123646,5.126595973968506,4321600,0.0,0.0
2025-02-13 00:00:00-05:00,5.155780135758296,5.243330800618928,5.097412407368828,5.223875045776367,1540800,0.0,0.0
2025-02-14 00:00:00-05:00,5.352249963126622,5.5003750541964145,5.278187182153383,5.40162467956543,2852500,0.08,0.0
2025-02-18 00:00:00-05:00,5.401625023166762,5.559625350100844,5.3621250591524205,5.451000213623047,2168700,0.0,0.0
2025-02-19 00:00:00-05:00,5.401624811096726,5.4115000371509625,5.253500187296734,5.283124923706055,1761900,0.0,0.0
2025-02-20 00:00:00-05:00,5.293000019435528,5.3423747358609175,5.223874851387962,5.332499980926514,1606000,0.0,0.0
2025-02-21 00:00:00-05:00,5.302874899276616,5.3176877383421575,5.075749879915288,5.1448750495910645,3011900,0.0,0.0
2025-02-24 00:00:00-05:00,5.184375006088023,5.243624949652397,5.055999892926866,5.07574987411499,3693000,0.0,0.0
2025-02-25 00:00:00-05:00,5.07574982225672,5.307812452003752,5.07574982225672,5.273250102996826,2680800,0.0,0.0
2025-02-26 00:00:00-05:00,5.2930002163961865,5.401624879100145,5.223875045776367,5.223875045776367,2617000,0.0,0.0
2025-02-27 00:00:00-05:00,5.431250228428349,5.470750192419509,5.238687550813909,5.243625164031982,2924400,0.0,0.0
2025-02-28 00:00:00-05:00,5.1744998613845,5.3226249580619,5.08562518007942,5.293000221252441,32727700,0.0,0.0
2025-03-03 00:00:00-05:00,5.342374779219214,5.411499947827794,4.957249916118124,4.9967498779296875,2237100,0.0,0.0
2025-03-04 00:00:00-05:00,4.888124754136072,5.13006260915574,4.838750037243027,5.065875053405762,1844000,0.0,0.0
2025-03-05 00:00:00-05:00,5.115249723239616,5.441125111943834,5.095499742488756,5.40162467956543,3128000,0.0,0.0
2025-03-06 00:00:00-05:00,5.372000146076828,5.4707500535480245,5.302874975408639,5.362124919891357,1265500,0.0,0.0
2025-03-07 00:00:00-05:00,5.3621250591524205,5.48062542207216,5.2930003575656785,5.451000213623047,2078300,0.0,0.0
2025-03-10 00:00:00-04:00,5.342375070857641,5.372000279271887,5.125125269034449,5.174499988555908,1660400,0.0,0.0
2025-03-11 00:00:00-04:00,5.164625163826837,5.218937495835992,5.006625310071688,5.0954999923706055,1713700,0.0,0.0
2025-03-12 00:00:00-04:00,5.164625304304199,5.41150031794995,5.120187726507688,5.391750335693359,2972900,0.0,0.0
2025-03-13 00:00:00-04:00,5.40162475756697,5.594187425826048,5.362124795494855,5.480625152587891,2042800,0.0,0.0
2025-03-14 00:00:00-04:00,5.5892498949860965,5.846000123104671,5.569499913659798,5.836124897003174,2339400,0.0,0.0
2025-03-17 00:00:00-04:00,5.826250351635662,5.9990625767461685,5.747250423484949,5.93487548828125,3501100,0.0,0.0
2025-03-18 00:00:00-04:00,5.954625393411663,5.954625393411663,5.712687527978972,5.717625141143799,1481900,0.0,0.0
2025-03-19 00:00:00-04:00,5.73737492588617,5.900312387715963,5.697874963677536,5.826250076293945,2355300,0.0,0.0
2025-03-20 00:00:00-04:00,5.806500298415434,5.855875017465983,5.742312739860684,5.786750316619873,2318800,0.0,0.0
2025-03-21 00:00:00-04:00,5.717625075774617,5.7373750573314135,5.5892499602170895,5.70775032043457,1461400,0.0,0.0
2025-03-24 00:00:00-04:00,5.688000121983613,5.688000121983613,5.45099988146262,5.539875030517578,2112800,0.0,0.0
2025-03-25 00:00:00-04:00,5.569499903980833,5.767000187777287,5.544812309646689,5.559625148773193,1363900,0.0,0.0
2025-03-26 00:00:00-04:00,5.608999729156494,5.668249671580926,5.539875031766332,5.608999729156494,1148200,0.0,0.0
2025-03-27 00:00:00-04:00,5.599124981299689,5.7571248279654474,5.574437387538993,5.678124904632568,1397100,0.0,0.0
2025-03-28 00:00:00-04:00,5.62874998603246,5.767000329346785,5.579375267028809,5.579375267028809,2769200,0.0,0.0
2025-03-31 00:00:00-04:00,5.47074992014979,5.520125108119779,5.29300009103587,5.411499977111816,2573100,0.0,0.0
2025-04-01 00:00:00-04:00,5.441125458057818,5.5201253860865025,5.372000285594362,5.451000213623047,1459400,0.0,0.0
2025-04-02 00:00:00-04:00,5.411500249608705,5.505312546423588,5.372000285594362,5.451000213623047,1222300,0.0,0.0
2025-04-03 00:00:00-04:00,5.470750195693637,5.653437646981265,5.470750195693637,5.589250087738037,3055500,0.0,0.0
2025-04-04 00:00:00-04:00,5.223875118824925,5.39175019919434,5.085625246528757,5.372000217437744,3212600,0.0,0.0
2025-04-07 00:00:00-04:00,5.115250042373056,5.391750261012251,4.977000168491815,5.036250114440918,3166000,0.0,0.0
2025-04-08 00:00:00-04:00,5.233750476676333,5.2386876190820315,4.912812676469955,4.9770002365112305,3632200,0.0,0.0
2025-04-09 00:00:00-04:00,4.927624790878457,5.258437329683113,4.794312535277144,5.214000225067139,2880800,0.0,0.0
2025-04-10 00:00:00-04:00,5.154749725175942,5.159687338121559,4.878249992494996,4.9967498779296875,2351600,0.0,0.0
2025-04-11 00:00:00-04:00,5.006625063187545,5.3423747358609175,4.976999856630964,5.332499980926514,3051300,0.0,0.0
2025-04-14 00:00:00-04:00,5.411500118525706,5.539875233901038,5.396687750098307,5.500375270843506,1326200,0.0,0.0
2025-04-15 00:00:00-04:00,5.53987529963576,5.599125244925104,5.441125390820188,5.510250091552734,1006400,0.0,0.0
2025-04-16 00:00:00-04:00,5.500375269585896,5.628749914055174,5.480625288061645,5.569499969482422,2134700,0.0,0.0
2025-04-17 00:00:00-04:00,5.569499908937738,5.747250211600416,5.569499908937738,5.697875022888184,1890300,0.0,0.0
2025-04-21 00:00:00-04:00,5.717624932003776,5.786750101152748,5.549749857553908,5.618875026702881,608400,0.0,0.0
2025-04-22 00:00:00-04:00,5.68800021465251,5.984249931534395,5.68800021465251,5.9644999504089355,1464400,0.0,0.0
2025-04-23 00:00:00-04:00,6.142249728184307,6.300250046717949,6.0533750493156155,6.2311248779296875,1853800,0.0,0.0
2025-04-24 00:00:00-04:00,6.290374972247435,6.616249901323974,6.196562678161677,6.596499919891357,2994200,0.0,0.0
2025-04-25 00:00:00-04:00,6.616249835598414,6.616249835598414,6.448375230527175,6.586625099182129,2242400,0.0,0.0
2025-04-28 00:00:00-04:00,6.497749877048373,6.566875046057477,6.403937584921515,6.507625102996826,1496700,0.0,0.0
2025-04-29 00:00:00-04:00,6.566875317738192,6.606375281412794,6.448375426714386,6.478000164031982,1192800,0.0,0.0
2025-04-30 00:00:00-04:00,6.32000024399729,6.557000023594795,6.255812685970456,6.53725004196167,1825200,0.0,0.0
2025-05-01 00:00:00-04:00,6.349625043077353,6.566875314042098,6.349625043077353,6.408874988555908,655200,0.0,0.0
2025-05-02 00:00:00-04:00,6.596500055055789,6.665625226924697,6.4434378135358825,6.478000164031982,1173600,0.0,0.0
2025-05-05 00:00:00-04:00,6.49775021408337,6.5866253687226,6.478000232038731,6.557000160217285,1948500,0.0,0.0
2025-05-06 00:00:00-04:00,6.537249845948298,6.744624882316519,6.517499864907357,6.645874977111816,2740900,0.0,0.0
2025-05-07 00:00:00-04:00,6.616249906310326,6.685375076814934,6.5372499805203175,6.665625095367432,4828900,0.0,0.0
2025-05-08 00:00:00-04:00,6.764375016173796,7.109999927636733,6.754500260868587,6.94212532043457,7185400,0.0,0.0
2025-05-09 00:00:00-04:00,6.922375408196418,7.080375261673946,6.853250236861647,7.021125316619873,4400400,0.0,0.0
2025-05-12 00:00:00-04:00,6.754500108275335,6.872999994520978,6.596499789071119,6.645874977111816,4228300,0.0,0.0
2025-05-13 00:00:00-04:00,6.754500127646882,6.99643751381144,6.675500203256552,6.991499900817871,4010900,0.0,0.0
2025-05-14 00:00:00-04:00,7.060625003756695,7.090249739686372,6.863124723759876,6.981625080108643,2308500,0.0,0.0
2025-05-15 00:00:00-04:00,7.011250010240926,7.075437567702054,6.784124988023359,6.803874969482422,2262500,0.0,0.0
2025-05-16 00:00:00-04:00,6.784124984052444,6.784124984052444,6.601437537943875,6.665625095367432,1813200,0.0,0.0
2025-05-19 00:00:00-04:00,6.61624997780689,6.947062523784906,6.606375222414781,6.882874965667725,2047200,0.0,0.0
2025-05-20 00:00:00-04:00,6.858187574897491,6.981625073194501,6.779187180450987,6.912499904632568,2506400,0.0,0.0
2025-05-21 00:00:00-04:00,6.912500173597464,7.001375326509978,6.882874965667725,6.882874965667725,2097500,0.0,0.0
2025-05-22 00:00:00-04:00,6.902624955635021,7.1791251700974,6.88287497395033,7.021125316619873,2135600,0.0,0.0
2025-05-23 00:00:00-04:00,6.83350019039303,7.1001251760470145,6.6952503199108495,7.0803751945495605,1468300,0.0,0.0
2025-05-27 00:00:00-04:00,7.109999721491037,7.169250135111203,6.981625080985178,7.050749778747559,1404100,0.0,0.0
2025-05-28 00:00:00-04:00,7.05074998571728,7.179125100868187,7.03100000422304,7.149499893188477,1637900,0.0,0.0
2025-05-29 00:00:00-04:00,7.258124960359201,7.287750167767537,7.105062722900103,7.139625072479248,2341700,0.0,0.0
2025-05-30 00:00:00-04:00,7.0902500829334985,7.0902500829334985,6.85818791370212,7.031000137329102,3190300,0.0,0.0
2025-06-02 00:00:00-04:00,7.070500166801598,7.090250148853351,6.803875173664575,6.90262508392334,1899300,0.0,0.0
2025-06-03 00:00:00-04:00,6.902624671773994,6.902624671773994,6.759437192729197,6.843374729156494,1387500,0.0,0.0
2025-06-04 00:00:00-04:00,6.902625015158036,7.001375395309746,6.7762252254613795,6.823625087738037,1555700,0.0,0.0
2025-06-05 00:00:00-04:00,6.8532503029387,7.110000067315189,6.8532503029387,6.9618754386901855,2168600,0.0,0.0
2025-06-06 00:00:00-04:00,6.952000136919313,6.9618753631881285,6.764375075702177,6.882874965667725,920200,0.0,0.0
2025-06-09 00:00:00-04:00,6.863124775097653,6.863124775097653,6.645874983440428,6.715000152587891,1422100,0.0,0.0
2025-06-10 00:00:00-04:00,6.744625227755875,6.858187977715143,6.690312894830747,6.76437520980835,1371300,0.0,0.0
2025-06-11 00:00:00-04:00,6.734750348937927,7.159375190734863,6.710062754104879,7.159375190734863,3644300,0.0,0.0
2025-06-12 00:00:00-04:00,7.169250481282739,7.208750445019004,6.972737620186604,7.031000137329102,1350400,0.0,0.0
2025-06-13 00:00:00-04:00,7.021125449987385,7.070500169698641,6.9026250867515975,6.971750259399414,847800,0.0,0.0
2025-06-16 00:00:00-04:00,7.060625162272255,7.426000052785744,7.060625162272255,7.416125297546387,2093600,0.0,0.0
2025-06-17 00:00:00-04:00,7.356875079152097,7.485250196830341,7.337125097269037,7.376625061035156,1933100,0.0,0.0
2025-06-18 00:00:00-04:00,7.396374709021163,7.500062226945604,7.366749972972289,7.4654998779296875,1592600,0.0,0.0
2025-06-20 00:00:00-04:00,7.504999832563968,7.504999832563968,7.317374777890282,7.327250003814697,3885500,0.0,0.0
2025-06-23 00:00:00-04:00,7.435875069178677,7.475375030775437,7.2531871581978065,7.386499881744385,3069600,0.0,0.0
2025-06-24 00:00:00-04:00,7.4457502365112305,7.663000508202175,7.440812623319002,7.4457502365112305,2691900,0.0,0.0
2025-06-25 00:00:00-04:00,7.426000183234444,7.44081255179203,7.208750384508586,7.2285003662109375,1545800,0.0,0.0
2025-06-26 00:00:00-04:00,7.327250341765862,7.426000251181161,7.2383751878537375,7.376625061035156,1459500,0.0,0.0
2025-06-27 00:00:00-04:00,7.386499939978527,7.450687495798479,7.184062517479972,7.258124828338623,2343700,0.0,0.0
2025-06-30 00:00:00-04:00,7.238374918779487,7.361812418679209,7.179124975332822,7.337124824523926,2171700,0.0,0.0
2025-07-01 00:00:00-04:00,7.327250056783637,7.38650000012838,7.0408750951790315,7.060625076293945,2987300,0.0,0.0
2025-07-02 00:00:00-04:00,6.932249878521087,6.937187491458384,6.774250031541087,6.843374729156494,3326000,0.0,0.0
2025-07-03 00:00:00-04:00,6.892750266688929,6.971750194189387,6.823625094687673,6.9618754386901855,2134400,0.0,0.0
2025-07-07 00:00:00-04:00,6.912500173597464,6.937187768392796,6.7545003203100675,6.882874965667725,2366300,0.0,0.0
2025-07-08 00:00:00-04:00,6.8828751046917525,7.00137546792754,6.808812789686511,6.971750259399414,2341400,0.0,0.0
2025-07-09 00:00:00-04:00,7.021125384315529,7.085312943128829,6.912500248564044,6.9618754386901855,2227200,0.0,0.0
2025-07-10 00:00:00-04:00,6.715000159149554,6.873000007781927,6.685374952092638,6.853250026702881,2183000,0.0,0.0
2025-07-11 00:00:00-04:00,6.803875173913299,6.91250031064027,6.754500454220469,6.76437520980835,2131600,0.0,0.0
2025-07-14 00:00:00-04:00,6.724875248823534,6.744625230885172,6.63106295174993,6.695250511169434,1262300,0.0,0.0
2025-07-15 00:00:00-04:00,6.744625167187214,6.971750194189387,6.719937572124143,6.9618754386901855,2341900,0.0,0.0
2025-07-16 00:00:00-04:00,6.82362483203828,7.08037505740886,6.8137500769191695,7.060625076293945,1853300,0.0,0.0
2025-07-17 00:00:00-04:00,7.030999945124532,7.228500229283554,7.0112499637963,7.208750247955322,1803800,0.0,0.0
2025-07-18 00:00:00-04:00,7.208750440225599,7.277875141279744,6.754500386683892,6.823625087738037,2493900,0.0,0.0
2025-07-21 00:00:00-04:00,6.823625018167284,6.91151274259583,6.715000354510631,6.744625091552734,3365400,0.0,0.0
2025-07-22 00:00:00-04:00,6.7150004903712395,6.7989380318166335,6.596500127175161,6.626125335693359,2151200,0.0,0.0
2025-07-23 00:00:00-04:00,6.636000027050039,6.833500316547369,6.596500063325915,6.754500389099121,1679500,0.0,0.0
2025-07-24 00:00:00-04:00,6.685374939193697,6.685374939193697,6.5866250339889945,6.645874977111816,1277200,0.0,0.0
2025-07-25 00:00:00-04:00,6.675500454546814,6.715000418228902,6.527375355300629,6.616250038146973,2096200,0.0,0.0
2025-07-28 00:00:00-04:00,6.5273752161851375,6.547125197605258,6.320000175835526,6.458250045776367,2302500,0.0,0.0
2025-07-29 00:00:00-04:00,6.458250249994093,6.645875314856515,6.428625512365492,6.557000160217285,1453700,0.0,0.0
2025-07-30 00:00:00-04:00,6.527375355300629,6.670562841367376,6.453312570239182,6.616250038146973,1603500,0.0,0.0
2025-07-31 00:00:00-04:00,6.626125123285738,6.640937491631653,6.443437677430452,6.458250045776367,1030400,0.0,0.0
2025-08-01 00:00:00-04:00,6.552062945391636,6.596500051343021,6.394062619905447,6.408874988555908,2474400,0.0,0.0
2025-08-04 00:00:00-04:00,6.458249908521132,6.532312219553383,6.3644376164885,6.438499927520752,990200,0.0,0.0
2025-08-05 00:00:00-04:00,6.448375225067139,6.537249905117437,6.349624848091948,6.448375225067139,1820500,0.0,0.0
2025-08-06 00:00:00-04:00,7.258125105492228,7.416125430034893,6.932250171867834,7.366750240325928,6974700,0.0,0.0
2025-08-07 00:00:00-04:00,7.465500019374908,7.776562579041784,7.455625264130421,7.623499870300293,3585400,0.0,0.0
2025-08-08 00:00:00-04:00,7.613625055390642,7.77162490507784,7.583999848135945,7.682750225067139,2330200,0.0,0.0
2025-08-11 00:00:00-04:00,7.672874861802026,7.71237482351741,7.574124957513566,7.663000106811523,1537800,0.0,0.0
2025-08-12 00:00:00-04:00,7.79137503978979,8.141937566347357,7.781500284428141,8.117250442504883,4541500,0.0,0.0
2025-08-13 00:00:00-04:00,8.097499716048723,8.196250091584213,7.9740622175060505,8.077750205993652,11856800,0.0,0.0
2025-08-14 00:00:00-04:00,8.01849972111797,8.260437103102817,7.90987506239621,8.067874908447266,3516000,0.0,0.0
2025-08-15 00:00:00-04:00,8.127124584475458,8.225874961620523,7.890124809431376,7.959250450134277,1995800,0.0,0.0
2025-08-18 00:00:00-04:00,7.9691247338347315,8.09749984741211,7.939499997394842,8.09749984741211,1942400,0.0,0.0
2025-08-19 00:00:00-04:00,7.761750279985397,7.84075020615291,7.4753753121898106,7.4951252937316895,2824500,0.0,0.0
2025-08-20 00:00:00-04:00,7.495125034082798,7.687687229726124,7.37168753600305,7.663000106811523,2720500,0.0,0.0
2025-08-21 00:00:00-04:00,7.74200009655308,7.806187652609522,7.643249720542129,7.672874927520752,1785000,0.0,0.0
2025-08-22 00:00:00-04:00,7.761750294194368,8.023437667822485,7.672875141654866,7.979000091552734,1505100,0.0,0.0
2025-08-25 00:00:00-04:00,7.998750820921936,8.186375416970412,7.919750891874848,8.156750679016113,2427600,0.0,0.0
2025-08-26 00:00:00-04:00,8.136999881659584,8.260437383293086,8.008624766950335,8.107375144958496,2120500,0.0,0.0
2025-08-27 00:00:00-04:00,8.048125005436138,8.290063345666727,8.023437880965309,8.285125732421875,3406700,0.0,0.0
2025-08-28 00:00:00-04:00,8.324625289689372,8.596187412607268,8.31573702123107,8.502374649047852,2198100,0.0,0.0
2025-08-29 00:00:00-04:00,8.472749781775118,8.571500156811144,8.40856269722906,8.482625007629395,1679700,0.0,0.0
2025-09-02 00:00:00-04:00,8.294999802968148,8.388812568691078,8.19625036588127,8.255499839782715,2118800,0.0,0.0
2025-09-03 00:00:00-04:00,8.265374733484707,8.35918749543336,8.186374810292168,8.344374656677246,1045800,0.0,0.0
2025-09-04 00:00:00-04:00,8.314749849379332,8.349312197759527,8.062937243212163,8.33449935913086,1739500,0.0,0.0
2025-09-05 00:00:00-04:00,8.51225002759402,8.675187492615267,8.428312488537411,8.660375595092773,2036600,0.0,0.0
2025-09-08 00:00:00-04:00,8.630749845341457,8.680125034100387,8.457937155561899,8.650500297546387,1902500,0.0,0.0
2025-09-09 00:00:00-04:00,8.650500297546387,8.679137134788782,8.575450085973085,8.650500297546387,2929900,0.0,0.0
2025-09-10 00:00:00-04:00,8.690000534057617,8.729500497958876,8.620874890915346,8.690000534057617,2026800,0.0,0.0
2025-09-11 00:00:00-04:00,8.768999782941368,8.941812464787299,8.759124557292262,8.867749214172363,1806000,0.0,0.0
2025-09-12 00:00:00-04:00,8.838124955342675,8.966500070440249,8.793687379279922,8.798624992370605,998800,0.0,0.0
2025-09-15 00:00:00-04:00,8.88750041956343,8.981313187683117,8.798625264687248,8.838125228881836,1255200,0.0,0.0
2025-09-16 00:00:00-04:00,8.838125228881836,8.936875610245025,8.729500562785073,8.838125228881836,2995300,0.0,0.0
2025-09-17 00:00:00-04:00,8.838125234193125,9.159062561186207,8.818375722960678,8.976375579833984,2513800,0.0,0.0
2025-09-18 00:00:00-04:00,8.917124808879382,8.95662477153071,8.739375447825106,8.788749694824219,2311100,0.0,0.0
2025-09-19 00:00:00-04:00,8.788749900911167,8.819362537490623,8.630750046600927,8.68012523651123,1536100,0.0,0.0
2025-09-22 00:00:00-04:00,8.620874362945566,8.926999770747292,8.571500117407899,8.887499809265137,3515500,0.0,0.0
2025-09-23 00:00:00-04:00,9.03562479607028,9.361499726961116,9.006000059194768,9.351625442504883,2844300,0.0,0.0
2025-09-24 00:00:00-04:00,9.282499781811978,9.341750197195262,8.99612481459181,9.075124740600586,2060500,0.0,0.0
2025-09-25 00:00:00-04:00,9.025750072394896,9.10474999472083,8.838124550555783,8.87762451171875,1267600,0.0,0.0
2025-09-26 00:00:00-04:00,8.877624598099848,9.045499670114255,8.847999862377707,9.025750160217285,1619800,0.0,0.0
2025-09-29 00:00:00-04:00,9.114624310568594,9.168937110515104,9.035624387966411,9.154125213623047,1147800,0.0,0.0
2025-09-30 00:00:00-04:00,9.183750620758834,9.203500131976961,9.007975167975015,9.114624977111816,1104800,0.0,0.0
2025-10-01 00:00:00-04:00,9.193625500310315,9.262750199595384,8.882562470020709,8.927000045776367,1382700,0.0,0.0
2025-10-02 00:00:00-04:00,8.966499826313761,8.991186949341634,8.664325070716929,8.694937705993652,1173100,0.0,0.0
2025-10-03 00:00:00-04:00,8.759124968866859,8.93687527188949,8.650500306882691,8.927000045776367,2295400,0.0,0.0
2025-10-06 00:00:00-04:00,8.926999770747292,8.966499732229446,8.840099478785204,8.887499809265137,1104800,0.0,0.0
2025-10-07 00:00:00-04:00,8.719624573787048,8.719624573787048,8.546811892390254,8.591249465942383,2329000,0.0,0.0
2025-10-08 00:00:00-04:00,8.620874680608054,8.67815023900736,8.457937215771064,8.522125244140625,1829400,0.0,0.0
2025-10-09 00:00:00-04:00,8.53200005059201,8.581374295520119,8.423374451542122,8.462874412536621,1398600,0.0,0.0
2025-10-10 00:00:00-04:00,8.46287440778524,8.502374368757561,8.186374680978982,8.324625015258789,2329700,0.0,0.0
2025-10-13 00:00:00-04:00,8.462874499469189,8.699875209624064,8.403625028245495,8.611000061035156,2358500,0.0,0.0
2025-10-14 00:00:00-04:00,8.47275039600335,8.665312605354606,8.44312565804626,8.571500778198242,2099500,0.0,0.0
2025-10-15 00:00:00-04:00,8.601125107668762,8.818375373127761,8.596187494618173,8.788749694824219,1753800,0.0,0.0
2025-10-16 00:00:00-04:00,8.808500361122176,8.882562675174366,8.71962520755818,8.818375587463379,1768500,0.0,0.0
2025-10-17 00:00:00-04:00,8.76900060158508,9.006000388768975,8.699875899094804,8.986250877380371,2618600,0.0,0.0
2025-10-20 00:00:00-04:00,9.104750428616304,9.247937441498262,9.055375239371234,9.213375091552734,2980800,0.0,0.0
2025-10-21 00:00:00-04:00,9.17387472339691,9.302249833063795,9.139312374977626,9.154125213623047,2122400,0.0,0.0
2025-10-22 00:00:00-04:00,9.183749877067674,9.25287457336361,9.045499542722446,9.14424991607666,2049400,0.0,0.0
2025-10-23 00:00:00-04:00,9.183749967782285,9.450374471666937,9.129437167725644,9.430624961853027,3098200,0.0,0.0
2025-10-24 00:00:00-04:00,9.43062506199677,9.470125023797404,8.838124693233885,8.897375106811523,4704400,0.0,0.0
2025-10-27 00:00:00-04:00,8.986250198669975,9.15116251458616,8.907250275575356,9.025750160217285,2390200,0.0,0.0
2025-10-28 00:00:00-04:00,9.006000040781256,9.114624703604974,8.941812954056651,9.075124740600586,3988300,0.0,0.0
2025-10-29 00:00:00-04:00,9.321999361739747,9.539249620212942,9.321999361739747,9.430624961853027,4339400,0.0,0.0
2025-10-30 00:00:00-04:00,9.321999610172362,9.351625288312801,9.040562260111908,9.055375099182129,2161100,0.0,0.0
2025-10-31 00:00:00-04:00,9.08499976375738,9.14425017781653,9.01587506548286,9.045499801635742,3208900,0.0,0.0
2025-11-03 00:00:00-05:00,9.243000101572411,9.26275055455552,9.144250661917166,9.252875328063965,2480800,0.0,0.0
2025-11-04 00:00:00-05:00,9.114624846628756,9.213375226565988,8.996124955756127,9.09487533569336,2289000,0.0,0.0
2025-11-05 00:00:00-05:00,9.154125624529172,9.50962529219649,9.084999982834361,9.489874839782715,1945000,0.0,0.0
2025-11-06 00:00:00-05:00,9.53924995887607,9.59850037392804,9.272625445525696,9.341750144958496,2310200,0.0,0.0
2025-11-07 00:00:00-05:00,9.272625445525696,9.351625371092725,9.134375104906695,9.341750144958496,2672700,0.0,0.0
2025-11-10 00:00:00-05:00,9.440500533084075,9.593562771317856,9.430625306939083,9.480000495910645,1970800,0.0,0.0
2025-11-11 00:00:00-05:00,9.707125064998323,9.94412484240388,9.647875591523633,9.894750595092773,3487200,0.0,0.0
2025-11-12 00:00:00-05:00,9.855249812338085,9.865125038623814,9.628125258286804,9.776249885559082,2337400,0.0,0.0
2025-11-13 00:00:00-05:00,9.588625426858718,10.092250673320958,9.046488115806898,9.104750633239746,5029000,0.0,0.0
2025-11-14 00:00:00-05:00,9.006000252530255,9.203500072195812,8.848000396797808,9.104750633239746,2634400,0.0,0.0
2025-11-17 00:00:00-05:00,8.976375089666327,9.015875051727702,8.709749639437009,8.769000053405762,2435300,0.0,0.0
2025-11-18 00:00:00-05:00,8.769000053405762,8.981312702643171,8.759124827452073,8.769000053405762,1614300,0.0,0.0
2025-11-19 00:00:00-05:00,8.541875098487711,8.734438249592406,8.487563235858616,8.571500778198242,2209000,0.0,0.0
2025-11-20 00:00:00-05:00,8.630750183780629,8.76900052937619,8.240688154971638,8.285125732421875,1296900,0.0,0.0
2025-11-21 00:00:00-05:00,8.275250644507956,8.374000085798341,8.058000366863595,8.1666259765625,3011400,0.0,0.0
2025-11-24 00:00:00-05:00,8.1863754793665,8.344375338664943,8.151813127864147,8.304875373840332,2373400,0.0,0.0
2025-11-25 00:00:00-05:00,8.24562529433985,8.388812303197865,8.053062155870967,8.354249954223633,2168600,0.0,0.0
2025-11-26 00:00:00-05:00,8.497436920745805,8.778875207605322,8.472749797816743,8.759124755859375,3012800,0.0,0.0
2025-11-28 00:00:00-05:00,8.828250007700184,8.976375579833984,8.78381337198882,8.976375579833984,902400,0.0,0.0
2025-12-01 00:00:00-05:00,8.996124745061437,9.084999896572754,8.872687243907587,8.927000045776367,1673200,0.0,0.0
2025-12-02 00:00:00-05:00,9.025750564051725,9.257812730806034,9.025750564051725,9.085000038146973,2038100,0.0,0.0
2025-12-03 00:00:00-05:00,9.15412588419198,9.193625848386569,8.788750038200241,8.838125228881836,2703200,0.0,0.0
2025-12-04 00:00:00-05:00,9.025750160217285,9.09981247039932,8.946750237122666,9.025750160217285,2010200,0.0,0.0
2025-12-05 00:00:00-05:00,9.025750761653454,9.025750761653454,8.077750679594113,8.146875381469727,2716300,0.0,0.0
2025-12-08 00:00:00-05:00,8.26537505987257,8.321662719264483,7.900000165240601,7.979000091552734,3519100,0.0,0.0
2025-12-09 00:00:00-05:00,7.840749908433214,8.225874769314684,7.806187559766463,8.206125259399414,3235300,0.0,0.0
2025-12-10 00:00:00-05:00,8.16662549932512,8.344374859961958,8.082687961168999,8.235750198364258,1468400,0.0,0.0
2025-12-11 00:00:00-05:00,8.285125791487278,8.448063262715264,8.275250564927173,8.295000076293945,1945300,0.0,0.0
2025-12-12 00:00:00-05:00,8.433250422875105,8.443125649435212,8.077750742492258,8.295000076293945,4174000,0.0,0.0
2025-12-15 00:00:00-05:00,8.383874632593367,8.596187279693465,8.34437467092963,8.482625007629395,2642900,0.0,0.0
2025-12-16 00:00:00-05:00,8.344375202366791,8.344375202366791,8.077750679594113,8.146875381469727,2222100,0.0,0.0
2025-12-17 00:00:00-05:00,7.909875388372158,7.998750540876876,7.840750217437744,7.840750217437744,2168200,0.0,0.0
2025-12-18 00:00:00-05:00,7.880250053638366,8.09749984741211,7.821000109881891,8.09749984741211,1859700,0.0,0.0
2025-12-19 00:00:00-05:00,8.107375275509341,8.181437589331367,8.028375348532057,8.127124786376953,3198600,0.0,0.0
2025-12-22 00:00:00-05:00,7.979000164861972,7.998750617498172,7.791375102708447,7.919750690460205,3014400,0.0,0.0
2025-12-23 00:00:00-05:00,8.018499524581829,8.206125043483716,8.00862429900734,8.176499366760254,1973600,0.0,0.0
2025-12-24 00:00:00-05:00,8.215999876597282,8.285125518486845,8.146875176461126,8.255499839782715,725300,0.0,0.0
2025-12-26 00:00:00-05:00,8.215999546051027,8.36906272127077,8.176499584454758,8.344374656677246,1741200,0.0,0.0
2025-12-29 00:00:00-05:00,8.255500052952762,8.319688083382408,8.16168822656087,8.285125732421875,1936100,0.0,0.0
2025-12-30 00:00:00-05:00,8.383874964489651,8.551750043644622,8.364125453752637,8.393750190734863,1637700,0.0,0.0
2025-12-31 00:00:00-05:00,8.39375004779618,8.433250010350967,8.329562961802173,8.37399959564209,887700,0.0,0.0
2026-01-02 00:00:00-05:00,8.532000180574554,8.541874464658594,8.344374656677246,8.344374656677246,1196000,0.0,0.0
2026-01-05 00:00:00-05:00,8.383874945616295,8.887500181947468,8.304875019339256,8.734437942504883,2652500,0.0,0.0
2026-01-06 00:00:00-05:00,8.82825014403827,9.075125159653755,8.82825014403827,8.85787582397461,2433300,0.0,0.0
2026-01-07 00:00:00-05:00,8.778875484039736,8.778875484039736,8.527062866869915,8.660375595092773,1897900,0.0,0.0
2026-01-08 00:00:00-05:00,8.630749715314257,8.793687176536602,8.615937818137104,8.769000053405762,1034300,0.0,0.0
2026-01-09 00:00:00-05:00,8.788750044793428,8.85787568850089,8.581374997177907,8.699875831604004,2589600,0.0,0.0
2026-01-12 00:00:00-05:00,8.561625278699722,8.704812292389002,8.492500578418927,8.532000541687012,2204200,0.0,0.0
2026-01-13 00:00:00-05:00,8.551749837131117,8.551749837131117,8.280187714219515,8.36412525177002,2171000,0.0,0.0
2026-01-14 00:00:00-05:00,8.393750181808434,8.443125371228577,8.215999876597282,8.255499839782715,2499900,0.0,0.0
2026-01-15 00:00:00-05:00,8.28512501995985,8.317712511170834,7.835812141727073,8.048124313354492,7698300,0.0,0.0
2026-01-16 00:00:00-05:00,7.978999759605205,8.077750134263798,7.855562262158648,8.067874908447266,3901800,0.0,0.0
2026-01-20 00:00:00-05:00,8.087624830584364,8.363137617688025,8.067875319697958,8.265375137329102,2921800,0.0,0.0
2026-01-21 00:00:00-05:00,8.403625629045628,8.744312467321999,8.403625629045628,8.699875831604004,2054300,0.0,0.0
2026-01-22 00:00:00-05:00,8.818375792686751,9.124500282360923,8.818375792686751,8.986250877380371,3633400,0.0,0.0
2026-01-23 00:00:00-05:00,8.917124770996264,9.21337496049934,8.887500034571973,9.193625450134277,3340300,0.0,0.0
2026-01-26 00:00:00-05:00,9.070188416315057,9.361500066023106,8.996125158813692,9.262750625610352,3066800,0.0,0.0
2026-01-27 00:00:00-05:00,9.549124936732587,9.87499985666217,9.509624974976074,9.855249404907227,3579100,0.0,0.0
2026-01-28 00:00:00-05:00,9.894750931704333,10.102125037673849,9.692312555477717,10.082375526428223,3805600,0.0,0.0
2026-01-29 00:00:00-05:00,10.121874701369794,10.230499359133773,9.618249490207662,9.697249412536621,4215600,0.0,0.0
2026-01-30 00:00:00-05:00,9.549125248315125,9.628125174405875,9.144250391661679,9.213375091552734,3943100,0.0,0.0
2026-02-02 00:00:00-05:00,9.218312501772758,9.460249887820213,9.18375015258789,9.18375015258789,3943300,0.0,0.0
2026-02-03 00:00:00-05:00,9.450374876708569,9.588625218344784,9.34668782679646,9.489874839782715,3777200,0.0,0.0
2026-02-04 00:00:00-05:00,9.401000894678806,9.401000894678806,8.976375573324642,9.114624977111816,4361800,0.0,0.0
2026-02-05 00:00:00-05:00,9.164000093991978,9.18375054680449,8.527063058843254,8.551750183105469,3826600,0.0,0.0
2026-02-06 00:00:00-05:00,8.660375322389756,8.778875207605322,8.492500249562692,8.759124755859375,2324100,0.0,0.0
2026-02-09 00:00:00-05:00,8.788749449180058,9.075124405836396,8.744311874720163,9.025750160217285,2226300,0.0,0.0
2026-02-10 00:00:00-05:00,9.01093739461719,9.336812315465817,8.97637504570194,9.173874855041504,4064100,0.0,0.0
2026-02-11 00:00:00-05:00,9.549124715906984,9.983624285180737,8.759124557292262,8.867749214172363,10045900,0.0,0.0
2026-02-12 00:00:00-05:00,9.183750200628047,9.465187550323748,8.788749635047955,8.91712474822998,4741600,0.0,0.0
2026-02-13 00:00:00-05:00,8.759124741644378,8.768999967501326,8.344374673186294,8.620874404907227,4049700,0.0,0.0
2026-02-17 00:00:00-05:00,8.581374295520119,8.680124668883044,8.33449930386616,8.462874412536621,1250500,0.0,0.0
2026-02-18 00:00:00-05:00,8.52212552171829,8.848000462006476,8.52212552171829,8.699875831604004,1626500,0.0,0.0
2026-02-19 00:00:00-05:00,8.699875495694911,8.976375234588586,8.561625155371376,8.927000045776367,2154000,0.0,0.0
2026-02-20 00:00:00-05:00,8.954999923706055,9.25,8.90999984741211,9.25,3156600,0.113,0.0
2026-02-23 00:00:00-05:00,9.100000381469727,9.100000381469727,8.46500015258789,8.510000228881836,4117200,0.0,0.0
2026-02-24 00:00:00-05:00,8.59000015258789,8.96500015258789,8.529999732971191,8.90999984741211,3090100,0.0,0.0
2026-02-25 00:00:00-05:00,9.0,9.100000381469727,8.890000343322754,9.039999961853027,1576500,0.0,0.0
2026-02-26 00:00:00-05:00,8.979999542236328,8.979999542236328,8.645000457763672,8.890000343322754,2413000,0.0,0.0
2026-02-27 00:00:00-05:00,8.779999732971191,8.854999542236328,8.545000076293945,8.710000038146973,4853100,0.0,0.0
2026-03-02 00:00:00-05:00,8.329999923706055,8.84000015258789,8.229999542236328,8.789999961853027,2673200,0.0,0.0
2026-03-03 00:00:00-05:00,8.359999656677246,8.425000190734863,7.90500020980835,8.279999732971191,4113000,0.0,0.0
2026-03-04 00:00:00-05:00,8.449999809265137,8.538000106811523,8.359999656677246,8.399999618530273,2339500,0.0,0.0
2026-03-05 00:00:00-05:00,8.239999771118164,8.350000381469727,8.005000114440918,8.239999771118164,4356400,0.0,0.0
2026-03-06 00:00:00-05:00,7.989999771118164,8.140000343322754,7.909999847412109,8.020000457763672,2868000,0.0,0.0
2026-03-09 00:00:00-04:00,8.010000228881836,8.270000457763672,7.90500020980835,8.229999542236328,2352200,0.0,0.0
2026-03-10 00:00:00-04:00,8.279999732971191,8.744999885559082,8.279999732971191,8.640000343322754,3144800,0.0,0.0
2026-03-11 00:00:00-04:00,8.619999885559082,8.789999961853027,8.385000228881836,8.579999923706055,2390500,0.0,0.0
2026-03-12 00:00:00-04:00,8.3100004196167,8.3100004196167,8.0649995803833,8.079999923706055,3920600,0.0,0.0
2026-03-13 00:00:00-04:00,8.180000305175781,8.244000434875488,7.769999980926514,7.800000190734863,2943700,0.0,0.0
2026-03-16 00:00:00-04:00,7.989999771118164,8.220000267028809,7.985000133514404,8.119999885559082,2084000,0.0,0.0
2026-03-17 00:00:00-04:00,8.199999809265137,8.364999771118164,8.09000015258789,8.100000381469727,2217700,0.0,0.0
2026-03-18 00:00:00-04:00,8.0600004196167,8.229999542236328,7.980000019073486,7.980000019073486,1347700,0.0,0.0
2026-03-19 00:00:00-04:00,7.739999771118164,8.125,7.670000076293945,8.100000381469727,2890200,0.0,0.0
2026-03-20 00:00:00-04:00,7.980000019073486,7.980000019073486,7.699999809265137,7.800000190734863,2276400,0.0,0.0
2026-03-23 00:00:00-04:00,8.069999694824219,8.454999923706055,8.0600004196167,8.420000076293945,3199300,0.0,0.0
2026-03-24 00:00:00-04:00,8.130000114440918,8.454999923706055,8.109999656677246,8.430000305175781,4601800,0.0,0.0
2026-03-25 00:00:00-04:00,8.649999618530273,8.744999885559082,8.510000228881836,8.539999961853027,2595700,0.0,0.0
2026-03-26 00:00:00-04:00,8.329999923706055,8.420000076293945,8.15999984741211,8.229999542236328,3427300,0.0,0.0
2026-03-27 00:00:00-04:00,8.100000381469727,8.15999984741211,7.679999828338623,7.710000038146973,3617300,0.0,0.0
2026-03-30 00:00:00-04:00,7.849999904632568,7.894999980926514,7.585000038146973,7.650000095367432,2984100,0.0,0.0
2026-03-31 00:00:00-04:00,7.860000133514404,8.024999618530273,7.730000019073486,7.960000038146973,6255100,0.0,0.0
2026-04-01 00:00:00-04:00,8.069999694824219,8.199999809265137,7.949999809265137,8.0,3327300,0.0,0.0
2026-04-02 00:00:00-04:00,7.670000076293945,7.994999885559082,7.619999885559082,7.829999923706055,2087500,0.0,0.0
2026-04-06 00:00:00-04:00,7.840000152587891,8.0600004196167,7.7870001792907715,7.909999847412109,2210500,0.0,0.0
2026-04-07 00:00:00-04:00,7.809999942779541,7.809999942779541,7.590000152587891,7.75,2546700,0.0,0.0
2026-04-08 00:00:00-04:00,8.479999542236328,8.5600004196167,7.885000228881836,8.149999618530273,7266000,0.0,0.0
2026-04-09 00:00:00-04:00,8.149999618530273,8.460000038146973,8.09000015258789,8.449999809265137,5354400,0.0,0.0
2026-04-10 00:00:00-04:00,8.489999771118164,8.59000015258789,8.09000015258789,8.210000038146973,4833100,0.0,0.0
2026-04-13 00:00:00-04:00,8.100000381469727,8.350000381469727,7.869999885559082,8.350000381469727,3315200,0.0,0.0
2026-04-14 00:00:00-04:00,8.470000267028809,8.576000213623047,8.3100004196167,8.399999618530273,3027800,0.0,0.0
2026-04-15 00:00:00-04:00,8.489999771118164,8.630000114440918,8.324999809265137,8.380000114440918,2552500,0.0,0.0
2026-04-16 00:00:00-04:00,8.40999984741211,8.489999771118164,8.260000228881836,8.460000038146973,2488400,0.0,0.0
2026-04-17 00:00:00-04:00,8.699999809265137,8.739999771118164,8.380000114440918,8.420000076293945,2700100,0.0,0.0
2026-04-20 00:00:00-04:00,8.420000076293945,8.520000457763672,8.180000305175781,8.229999542236328,4254600,0.0,0.0
2026-04-21 00:00:00-04:00,8.229999542236328,8.390000343322754,8.085000038146973,8.130000114440918,1937800,0.0,0.0
2026-04-22 00:00:00-04:00,8.199999809265137,8.229999542236328,8.0600004196167,8.119999885559082,3121400,0.0,0.0
2026-04-23 00:00:00-04:00,8.130000114440918,8.295000076293945,7.941999912261963,7.989999771118164,3452800,0.0,0.0
2026-04-24 00:00:00-04:00,7.920000076293945,8.0,7.824999809265137,8.0,2744800,0.0,0.0
2026-04-27 00:00:00-04:00,8.010000228881836,8.095000267028809,7.840000152587891,7.849999904632568,2930900,0.0,0.0
2026-04-28 00:00:00-04:00,7.710000038146973,7.84499979019165,7.650000095367432,7.800000190734863,2001400,0.0,0.0
2026-04-29 00:00:00-04:00,7.71999979019165,7.730000019073486,7.465000152587891,7.489999771118164,1860900,0.0,0.0
2026-04-30 00:00:00-04:00,7.53000020980835,7.630000114440918,7.425000190734863,7.590000152587891,2020300,0.0,0.0
2026-05-01 00:00:00-04:00,7.590000152587891,7.679999828338623,7.414999961853027,7.519999980926514,1291400,0.0,0.0
2026-05-04 00:00:00-04:00,7.53000020980835,7.610000133514404,7.170000076293945,7.210000038146973,2691700,0.0,0.0
2026-05-05 00:00:00-04:00,7.349999904632568,7.630000114440918,7.300000190734863,7.590000152587891,3912000,0.0,0.0
2026-05-06 00:00:00-04:00,7.797999858856201,7.889999866485596,7.639999866485596,7.840000152587891,4780200,0.0,0.0
2026-05-07 00:00:00-04:00,7.699999809265137,7.769999980926514,6.659999847412109,6.699999809265137,11920000,0.0,0.0
2026-05-08 00:00:00-04:00,6.764999866485596,6.920000076293945,6.465000152587891,6.480000019073486,8004000,0.0,0.0
2026-05-11 00:00:00-04:00,6.570000171661377,6.590000152587891,5.914999961853027,6.0,20399300,0.0,0.0
2026-05-12 00:00:00-04:00,6.085000038146973,6.460000038146973,6.010000228881836,6.400000095367432,15534200,0.0,0.0
2026-05-13 00:00:00-04:00,6.360000133514404,6.389999866485596,6.050000190734863,6.139999866485596,10890000,0.0,0.0
2026-05-14 00:00:00-04:00,6.159999847412109,6.21999979019165,5.96999979019165,6.059999942779541,10042700,0.0,0.0
2026-05-15 00:00:00-04:00,5.824999809265137,5.940000057220459,5.755000114440918,5.849999904632568,6564000,0.0,0.0
2026-05-18 00:00:00-04:00,5.75,5.849999904632568,5.639999866485596,5.820000171661377,9045000,0.0,0.0
2026-05-19 00:00:00-04:00,5.670000076293945,5.909999847412109,5.670000076293945,5.769999980926514,8784200,0.0,0.0
2026-05-20 00:00:00-04:00,5.909999847412109,6.190000057220459,5.900000095367432,6.179999828338623,7101500,0.0,0.0
2026-05-21 00:00:00-04:00,6.079999923706055,6.539999961853027,6.070000171661377,6.400000095367432,8401800,0.0,0.0
2026-05-22 00:00:00-04:00,6.389999866485596,6.400000095367432,6.139999866485596,6.159999847412109,6908800,0.0,0.0
2026-05-26 00:00:00-04:00,6.340000152587891,6.34499979019165,6.119999885559082,6.340000152587891,8573300,0.0,0.0
2026-05-27 00:00:00-04:00,6.300000190734863,6.510000228881836,6.260000228881836,6.409999847412109,12052200,0.0,0.0
2026-05-28 00:00:00-04:00,6.340000152587891,6.546999931335449,6.308000087738037,6.340000152587891,7101800,0.0,0.0
2026-05-29 00:00:00-04:00,6.289999961853027,6.300000190734863,6.0,6.170000076293945,16561100,0.0,0.0
2026-06-01 00:00:00-04:00,6.099999904632568,6.335000038146973,6.079999923706055,6.170000076293945,8866500,0.0,0.0
2026-06-02 00:00:00-04:00,6.110000133514404,6.119999885559082,5.889999866485596,6.0,8005600,0.0,0.0
2026-06-03 00:00:00-04:00,5.869999885559082,5.960000038146973,5.644999980926514,5.800000190734863,6916700,0.0,0.0
2026-06-04 00:00:00-04:00,5.860000133514404,5.940000057220459,5.699999809265137,5.760000228881836,3009600,0.0,0.0
2026-06-05 00:00:00-04:00,5.724999904632568,5.84499979019165,5.659999847412109,5.670000076293945,2620100,0.0,0.0
2026-06-08 00:00:00-04:00,5.659999847412109,5.699999809265137,5.53000020980835,5.570000171661377,4983100,0.0,0.0
2026-06-09 00:00:00-04:00,5.590000152587891,5.715000152587891,5.513999938964844,5.670000076293945,5313600,0.0,0.0
2026-06-10 00:00:00-04:00,5.610000133514404,5.730000019073486,5.550000190734863,5.559999942779541,5523800,0.0,0.0
2026-06-11 00:00:00-04:00,5.550000190734863,5.75,5.449999809265137,5.710000038146973,3939600,0.0,0.0
2026-06-12 00:00:00-04:00,5.800000190734863,5.929999828338623,5.755000114440918,5.769999980926514,2223700,0.0,0.0
2026-06-15 00:00:00-04:00,5.980000019073486,6.099999904632568,5.800000190734863,5.820000171661377,4850100,0.0,0.0
2026-06-16 00:00:00-04:00,5.769999980926514,5.889999866485596,5.710000038146973,5.769999980926514,4828200,0.0,0.0
2026-06-17 00:00:00-04:00,5.820000171661377,5.934999942779541,5.550000190734863,5.559999942779541,6020000,0.0,0.0
2026-06-18 00:00:00-04:00,5.590000152587891,5.619999885559082,5.420000076293945,5.440000057220459,3976700,0.0,0.0
2026-06-22 00:00:00-04:00,5.519999980926514,5.599999904632568,5.355000019073486,5.389999866485596,5442300,0.0,0.0
2026-06-23 00:00:00-04:00,5.25,5.340000152587891,5.159999847412109,5.329999923706055,7264700,0.0,0.0
2026-06-24 00:00:00-04:00,5.329999923706055,5.40500020980835,5.25,5.28000020980835,3349900,0.0,0.0
2026-06-25 00:00:00-04:00,5.369999885559082,5.375,5.199999809265137,5.239999771118164,7081100,0.0,0.0
2026-06-26 00:00:00-04:00,5.210000038146973,5.449999809265137,5.190000057220459,5.440000057220459,7557400,0.0,0.0
2026-06-29 00:00:00-04:00,5.420000076293945,5.480000019073486,5.309999942779541,5.380000114440918,3839900,0.0,0.0
2026-06-30 00:00:00-04:00,5.320000171661377,5.440000057220459,5.21999979019165,5.429999828338623,5421500,0.0,0.0
2026-07-01 00:00:00-04:00,5.389999866485596,5.71999979019165,5.334000110626221,5.489999771118164,8078800,0.0,0.0
2026-07-02 00:00:00-04:00,5.599999904632568,5.679999828338623,5.434999942779541,5.46999979019165,5082100,0.0,0.0
2026-07-06 00:00:00-04:00,5.485000133514404,5.710000038146973,5.420000076293945,5.690000057220459,7101500,0.0,0.0
2026-07-07 00:00:00-04:00,5.659999847412109,5.840000152587891,5.505000114440918,5.590000152587891,4833900,0.0,0.0
2026-07-08 00:00:00-04:00,5.46999979019165,5.574999809265137,5.460000038146973,5.570000171661377,3322100,0.0,0.0
2026-07-09 00:00:00-04:00,5.559999942779541,5.758999824523926,5.53000020980835,5.710000038146973,3071200,0.0,0.0
2026-07-10 00:00:00-04:00,5.880000114440918,5.929999828338623,5.78000020980835,5.820000171661377,4208800,0.0,0.0
2026-07-13 00:00:00-04:00,5.760000228881836,5.789999961853027,5.599999904632568,5.650000095367432,3977300,0.0,0.0
2026-07-14 00:00:00-04:00,5.710000038146973,5.809999942779541,5.605000019073486,5.699999809265137,5117400,0.0,0.0
2026-07-15 00:00:00-04:00,5.679999828338623,5.71999979019165,5.599999904632568,5.619999885559082,5087700,0.0,0.0
2026-07-16 00:00:00-04:00,5.559999942779541,5.570000171661377,5.409999847412109,5.539999961853027,4281200,0.0,0.0
2026-07-17 00:00:00-04:00,5.429999828338623,5.480000019073486,5.349999904632568,5.369999885559082,4485400,0.0,0.0
2026-07-20 00:00:00-04:00,5.409999847412109,5.639999866485596,5.389999866485596,5.619999885559082,5317100,0.0,0.0
2026-07-21 00:00:00-04:00,5.610000133514404,5.65500020980835,5.510000228881836,5.579999923706055,4449800,0.0,0.0
2026-07-22 00:00:00-04:00,5.610000133514404,5.704999923706055,5.445000171661377,5.690000057220459,5246200,0.0,0.0
2026-07-23 00:00:00-04:00,5.579999923706055,5.599999904632568,5.380000114440918,5.460000038146973,4235400,0.0,0.0
2026-07-24 00:00:00-04:00,5.449999809265137,5.514999866485596,5.28000020980835,5.289999961853027,3105600,0.0,0.0
2026-07-27 00:00:00-04:00,5.380000114440918,5.574999809265137,5.380000114440918,5.559999942779541,3037800,0.0,0.0
2026-07-28 00:00:00-04:00,5.570000171661377,5.664999961853027,5.5,5.590000152587891,2149800,0.0,0.0
2026-07-29 00:00:00-04:00,5.510000228881836,5.550000190734863,5.389999866485596,5.409999847412109,2730900,0.0,0.0
2026-07-30 00:00:00-04:00,5.46999979019165,5.650000095367432,5.449999809265137,5.639999866485596,4475500,0.0,0.0
2026-07-31 00:00:00-04:00,5.630000114440918,5.715000152587891,5.519999980926514,5.599999904632568,2337300,0.0,0.0
2026-08-03 00:00:00-04:00,5.630000114440918,5.710000038146973,5.510000228881836,5.630000114440918,4512700,0.0,0.0
2026-08-04 00:00:00-04:00,5.710000038146973,5.730000019073486,5.579999923706055,5.699999809265137,3837800,0.0,0.0
2026-08-05 00:00:00-04:00,5.829999923706055,5.840000152587891,5.679999828338623,5.710000038146973,8611200,0.0,0.0
2026-08-06 00:00:00-04:00,5.46999979019165,5.795000076293945,5.320000171661377,5.71999979019165,7771700,0.0,0.0
2026-08-07 00:00:00-04:00,5.809999942779541,5.860000133514404,5.21999979019165,5.269999980926514,10938700,0.0,0.0
2026-08-10 00:00:00-04:00,5.210000038146973,5.40500020980835,5.164999961853027,5.349999904632568,13328400,0.0,0.0
2026-08-11 00:00:00-04:00,5.340000152587891,5.389999866485596,5.039999961853027,5.199999809265137,11556100,0.0,0.0
2026-08-12 00:00:00-04:00,5.210000038146973,5.255000114440918,5.039999961853027,5.050000190734863,5625100,0.0,0.0
2026-08-13 00:00:00-04:00,5.070000171661377,5.295000076293945,5.054999828338623,5.21999979019165,4045700,0.0,0.0
2026-08-14 00:00:00-04:00,5.309999942779541,5.309999942779541,5.130000114440918,5.190000057220459,4406300,0.0,0.0
2026-08-17 00:00:00-04:00,5.255000114440918,5.300000190734863,5.139999866485596,5.289999961853027,4877500,0.0,0.0
2026-08-18 00:00:00-04:00,5.210000038146973,5.331999778747559,5.079999923706055,5.090000152587891,3034800,0.0,0.0
2026-08-19 00:00:00-04:00,5.21999979019165,5.414999961853027,5.21999979019165,5.320000171661377,6533600,0.0,0.0
2026-08-20 00:00:00-04:00,5.295000076293945,5.36899995803833,5.195000171661377,5.199999809265137,3215200,0.0,0.0
2026-08-21 00:00:00-04:00,5.300000190734863,5.539999961853027,5.265999794006348,5.389999866485596,5785200,0.0,0.0
2026-08-24 00:00:00-04:00,5.269999980926514,5.675000190734863,5.239999771118164,5.559999942779541,4951600,0.0,0.0
2026-08-25 00:00:00-04:00,5.53000020980835,5.65500020980835,5.420000076293945,5.639999866485596,4442800,0.0,0.0
2026-08-26 00:00:00-04:00,5.71999979019165,5.78000020980835,5.519999980926514,5.53000020980835,3796000,0.0,0.0
2026-08-27 00:00:00-04:00,5.570000171661377,5.579999923706055,5.369999885559082,5.380000114440918,2489200,0.0,0.0
2026-08-28 00:00:00-04:00,5.380000114440918,5.420000076293945,5.239999771118164,5.380000114440918,3086200,0.0,0.0
2026-08-31 00:00:00-04:00,5.449999809265137,5.5,5.320000171661377,5.409999847412109,3585400,0.0,0.0
2026-09-01 00:00:00-04:00,5.420000076293945,5.835000038146973,5.389999866485596,5.590000152587891,3254400,0.0,0.0
2026-09-02 00:00:00-04:00,5.715000152587891,5.949999809265137,5.688000202178955,5.880000114440918,3218300,0.0,0.0
2026-09-03 00:00:00-04:00,6.03000020980835,6.074999809265137,5.724999904632568,5.800000190734863,4264400,0.0,0.0
2026-09-04 00:00:00-04:00,5.710000038146973,5.800000190734863,5.639999866485596,5.659999847412109,3597400,0.0,0.0
2026-09-08 00:00:00-04:00,5.78000020980835,5.820000171661377,5.610000133514404,5.619999885559082,6340800,0.0,0.0
2026-09-09 00:00:00-04:00,5.519999980926514,5.599999904632568,5.460999965667725,5.480000019073486,3906000,0.0,0.0
2026-09-10 00:00:00-04:00,5.460000038146973,5.795000076293945,5.440000057220459,5.78000020980835,7869200,0.0,0.0
2026-09-11 00:00:00-04:00,5.78000020980835,5.809999942779541,5.635000228881836,5.710000038146973,3501500,0.0,0.0
