Date,Open,High,Low,Close,Volume,Dividends,Stock Splits
2019-05-21 00:00:00-04:00,33.47999954223633,33.7599983215332,31.0,31.239999771118164,643100,0.0,0.0
2019-05-22 00:00:00-04:00,32.0,32.599998474121094,30.15999984741211,30.440000534057617,391575,0.0,0.0
2019-05-23 00:00:00-04:00,30.0,30.360000610351562,28.600000381469727,28.8799991607666,329250,0.0,0.0
2019-05-24 00:00:00-04:00,29.520000457763672,30.440000534057617,29.332000732421875,29.959999084472656,260400,0.0,0.0
2019-05-28 00:00:00-04:00,31.079999923706055,31.559999465942383,30.600000381469727,31.399999618530273,299300,0.0,0.0
2019-05-29 00:00:00-04:00,31.040000915527344,31.520000457763672,30.003999710083008,30.760000228881836,215050,0.0,0.0
2019-05-30 00:00:00-04:00,30.84000015258789,31.356000900268555,29.799999237060547,30.200000762939453,177100,0.0,0.0
2019-05-31 00:00:00-04:00,29.600000381469727,29.799999237060547,28.68000030517578,28.959999084472656,261225,0.0,0.0
2019-06-03 00:00:00-04:00,29.200000762939453,29.639999389648438,27.079999923706055,27.440000534057617,373275,0.0,0.0
2019-06-04 00:00:00-04:00,27.959999084472656,29.84000015258789,27.799999237060547,29.719999313354492,240675,0.0,0.0
2019-06-05 00:00:00-04:00,30.399999618530273,30.600000381469727,28.884000778198242,29.31999969482422,187600,0.0,0.0
2019-06-06 00:00:00-04:00,29.559999465942383,29.559999465942383,28.399999618530273,28.84000015258789,132300,0.0,0.0
2019-06-07 00:00:00-04:00,28.8799991607666,29.959999084472656,28.84000015258789,29.040000915527344,161425,0.0,0.0
2019-06-10 00:00:00-04:00,29.8799991607666,29.8799991607666,29.079999923706055,29.559999465942383,145600,0.0,0.0
2019-06-11 00:00:00-04:00,29.639999389648438,29.760000228881836,28.600000381469727,29.0,180325,0.0,0.0
2019-06-12 00:00:00-04:00,28.799999237060547,29.0,28.0,28.040000915527344,183150,0.0,0.0
2019-06-13 00:00:00-04:00,28.040000915527344,28.280000686645508,26.959999084472656,27.200000762939453,269050,0.0,0.0
2019-06-14 00:00:00-04:00,27.0,27.0,24.959999084472656,25.079999923706055,386275,0.0,0.0
2019-06-17 00:00:00-04:00,25.760000228881836,26.079999923706055,24.600000381469727,24.8799991607666,211700,0.0,0.0
2019-06-18 00:00:00-04:00,25.0,26.440000534057617,24.8799991607666,25.760000228881836,177775,0.0,0.0
2019-06-19 00:00:00-04:00,25.760000228881836,26.0,24.84000015258789,25.0,177000,0.0,0.0
2019-06-20 00:00:00-04:00,25.68000030517578,25.959999084472656,25.31999969482422,25.559999465942383,175400,0.0,0.0
2019-06-21 00:00:00-04:00,24.799999237060547,25.600000381469727,24.399999618530273,25.440000534057617,204875,0.0,0.0
2019-06-24 00:00:00-04:00,25.8799991607666,25.920000076293945,24.600000381469727,25.15999984741211,193900,0.0,0.0
2019-06-25 00:00:00-04:00,25.200000762939453,25.280000686645508,24.079999923706055,24.200000762939453,155700,0.0,0.0
2019-06-26 00:00:00-04:00,24.760000228881836,25.280000686645508,24.280000686645508,24.84000015258789,141675,0.0,0.0
2019-06-27 00:00:00-04:00,24.799999237060547,26.1200008392334,24.600000381469727,25.639999389648438,149450,0.0,0.0
2019-06-28 00:00:00-04:00,25.639999389648438,26.3799991607666,25.639999389648438,25.760000228881836,123125,0.0,0.0
2019-07-01 00:00:00-04:00,26.239999771118164,26.799999237060547,26.0,26.31999969482422,113300,0.0,0.0
2019-07-02 00:00:00-04:00,26.479999542236328,26.719999313354492,25.0,25.15999984741211,143350,0.0,0.0
2019-07-03 00:00:00-04:00,25.68000030517578,26.399999618530273,25.479999542236328,26.079999923706055,223100,0.0,0.0
2019-07-05 00:00:00-04:00,26.040000915527344,26.360000610351562,25.559999465942383,26.239999771118164,111700,0.0,0.0
2019-07-08 00:00:00-04:00,26.31999969482422,28.760000228881836,26.040000915527344,28.31999969482422,457650,0.0,0.0
2019-07-09 00:00:00-04:00,29.15999984741211,29.239999771118164,27.079999923706055,27.68000030517578,596750,0.0,0.0
2019-07-10 00:00:00-04:00,27.84000015258789,28.040000915527344,26.239999771118164,26.520000457763672,372875,0.0,0.0
2019-07-11 00:00:00-04:00,26.719999313354492,26.799999237060547,24.84000015258789,25.1200008392334,450700,0.0,0.0
2019-07-12 00:00:00-04:00,25.200000762939453,25.263999938964844,23.079999923706055,23.31999969482422,780125,0.0,0.0
2019-07-15 00:00:00-04:00,22.399999618530273,25.079999923706055,21.600000381469727,24.399999618530273,632625,0.0,0.0
2019-07-16 00:00:00-04:00,24.600000381469727,26.479999542236328,24.15999984741211,26.440000534057617,415925,0.0,0.0
2019-07-17 00:00:00-04:00,26.799999237060547,27.799999237060547,26.288000106811523,27.399999618530273,396900,0.0,0.0
2019-07-18 00:00:00-04:00,27.1200008392334,27.1200008392334,25.360000610351562,25.719999313354492,335500,0.0,0.0
2019-07-19 00:00:00-04:00,25.959999084472656,26.1560001373291,25.079999923706055,25.31999969482422,185100,0.0,0.0
2019-07-22 00:00:00-04:00,25.559999465942383,25.559999465942383,24.360000610351562,25.079999923706055,232875,0.0,0.0
2019-07-23 00:00:00-04:00,25.079999923706055,25.440000534057617,24.1200008392334,24.280000686645508,250300,0.0,0.0
2019-07-24 00:00:00-04:00,24.15999984741211,24.280000686645508,23.360000610351562,23.760000228881836,294000,0.0,0.0
2019-07-25 00:00:00-04:00,23.760000228881836,24.360000610351562,23.15999984741211,23.31999969482422,202275,0.0,0.0
2019-07-26 00:00:00-04:00,23.760000228881836,24.0,23.31999969482422,23.600000381469727,161650,0.0,0.0
2019-07-29 00:00:00-04:00,23.639999389648438,23.959999084472656,22.299999237060547,23.719999313354492,394725,0.0,0.0
2019-07-30 00:00:00-04:00,23.84000015258789,24.200000762939453,23.040000915527344,23.8799991607666,256275,0.0,0.0
2019-07-31 00:00:00-04:00,24.079999923706055,24.239999771118164,23.68000030517578,23.959999084472656,189200,0.0,0.0
2019-08-01 00:00:00-04:00,24.0,24.079999923706055,22.520000457763672,22.600000381469727,269375,0.0,0.0
2019-08-02 00:00:00-04:00,23.040000915527344,23.239999771118164,22.559999465942383,23.079999923706055,263900,0.0,0.0
2019-08-05 00:00:00-04:00,23.0,23.079999923706055,22.0,22.31999969482422,241275,0.0,0.0
2019-08-06 00:00:00-04:00,22.600000381469727,23.31999969482422,22.15999984741211,22.639999389648438,246350,0.0,0.0
2019-08-07 00:00:00-04:00,22.600000381469727,22.639999389648438,21.799999237060547,22.280000686645508,195175,0.0,0.0
2019-08-08 00:00:00-04:00,22.559999465942383,22.8799991607666,22.280000686645508,22.719999313354492,147425,0.0,0.0
2019-08-09 00:00:00-04:00,22.799999237060547,23.0,22.079999923706055,22.639999389648438,137450,0.0,0.0
2019-08-12 00:00:00-04:00,22.399999618530273,22.399999618530273,21.8799991607666,21.8799991607666,160175,0.0,0.0
2019-08-13 00:00:00-04:00,22.0,22.384000778198242,21.479999542236328,22.280000686645508,228175,0.0,0.0
2019-08-14 00:00:00-04:00,21.760000228881836,22.280000686645508,21.1200008392334,21.479999542236328,227000,0.0,0.0
2019-08-15 00:00:00-04:00,21.1200008392334,21.280000686645508,19.600000381469727,20.0,420450,0.0,0.0
2019-08-16 00:00:00-04:00,20.0,20.959999084472656,20.0,20.600000381469727,216100,0.0,0.0
2019-08-19 00:00:00-04:00,20.68000030517578,21.139999389648438,20.040000915527344,20.079999923706055,207675,0.0,0.0
2019-08-20 00:00:00-04:00,20.15999984741211,20.8799991607666,20.1200008392334,20.520000457763672,146300,0.0,0.0
2019-08-21 00:00:00-04:00,20.719999313354492,20.959999084472656,20.200000762939453,20.360000610351562,158375,0.0,0.0
2019-08-22 00:00:00-04:00,20.360000610351562,20.760000228881836,19.600000381469727,19.760000228881836,170400,0.0,0.0
2019-08-23 00:00:00-04:00,19.68000030517578,19.760000228881836,18.360000610351562,18.600000381469727,373525,0.0,0.0
2019-08-26 00:00:00-04:00,18.600000381469727,18.719999313354492,17.68000030517578,17.959999084472656,246525,0.0,0.0
2019-08-27 00:00:00-04:00,17.959999084472656,18.0,16.280000686645508,16.520000457763672,472375,0.0,0.0
2019-08-28 00:00:00-04:00,16.31999969482422,17.3439998626709,15.880000114440918,17.040000915527344,325950,0.0,0.0
2019-08-29 00:00:00-04:00,17.31999969482422,17.760000228881836,16.959999084472656,17.040000915527344,184075,0.0,0.0
2019-08-30 00:00:00-04:00,17.200000762939453,17.479999542236328,16.639999389648438,16.84000015258789,116825,0.0,0.0
2019-09-03 00:00:00-04:00,16.760000228881836,17.399999618530273,16.440000534057617,17.200000762939453,162775,0.0,0.0
2019-09-04 00:00:00-04:00,17.600000381469727,17.920000076293945,17.040000915527344,17.239999771118164,149475,0.0,0.0
2019-09-05 00:00:00-04:00,17.440000534057617,19.200000762939453,17.360000610351562,19.079999923706055,329100,0.0,0.0
2019-09-06 00:00:00-04:00,19.079999923706055,20.719999313354492,18.520000457763672,19.760000228881836,369875,0.0,0.0
2019-09-09 00:00:00-04:00,20.280000686645508,20.559999465942383,18.68000030517578,18.84000015258789,271525,0.0,0.0
2019-09-10 00:00:00-04:00,18.799999237060547,19.280000686645508,18.239999771118164,19.0,147250,0.0,0.0
2019-09-11 00:00:00-04:00,19.079999923706055,19.799999237060547,18.799999237060547,18.920000076293945,159375,0.0,0.0
2019-09-12 00:00:00-04:00,18.479999542236328,18.827999114990234,18.1200008392334,18.15999984741211,192025,0.0,0.0
2019-09-13 00:00:00-04:00,18.239999771118164,18.399999618530273,17.719999313354492,18.0,181550,0.0,0.0
2019-09-16 00:00:00-04:00,17.799999237060547,18.079999923706055,17.15999984741211,17.360000610351562,198300,0.0,0.0
2019-09-17 00:00:00-04:00,17.15999984741211,17.552000045776367,16.600000381469727,16.760000228881836,235950,0.0,0.0
2019-09-18 00:00:00-04:00,16.719999313354492,17.200000762939453,16.600000381469727,16.8799991607666,160775,0.0,0.0
2019-09-19 00:00:00-04:00,16.8799991607666,17.360000610351562,16.459999084472656,16.639999389648438,246350,0.0,0.0
2019-09-20 00:00:00-04:00,16.479999542236328,17.1200008392334,16.239999771118164,16.760000228881836,298650,0.0,0.0
2019-09-23 00:00:00-04:00,16.600000381469727,17.0,16.520000457763672,16.719999313354492,211025,0.0,0.0
2019-09-24 00:00:00-04:00,17.0,17.399999618530273,15.600000381469727,15.680000305175781,496675,0.0,0.0
2019-09-25 00:00:00-04:00,15.600000381469727,15.600000381469727,14.399999618530273,15.199999809265137,557675,0.0,0.0
2019-09-26 00:00:00-04:00,15.399999618530273,15.555999755859375,14.479999542236328,14.760000228881836,359875,0.0,0.0
2019-09-27 00:00:00-04:00,14.920000076293945,15.02400016784668,14.239999771118164,14.680000305175781,368225,0.0,0.0
2019-09-30 00:00:00-04:00,14.800000190734863,14.800000190734863,13.640000343322754,13.760000228881836,350100,0.0,0.0
2019-10-01 00:00:00-04:00,13.800000190734863,14.324000358581543,13.319999694824219,14.15999984741211,299225,0.0,0.0
2019-10-02 00:00:00-04:00,14.039999961853027,15.0,13.119999885559082,14.319999694824219,376650,0.0,0.0
2019-10-03 00:00:00-04:00,14.359999656677246,14.399999618530273,13.4399995803833,14.239999771118164,637750,0.0,0.0
2019-10-04 00:00:00-04:00,14.359999656677246,14.760000228881836,13.571999549865723,13.680000305175781,417175,0.0,0.0
2019-10-07 00:00:00-04:00,13.399999618530273,13.5600004196167,12.800000190734863,12.880000114440918,460050,0.0,0.0
2019-10-08 00:00:00-04:00,12.760000228881836,12.960000038146973,12.371999740600586,12.600000381469727,426350,0.0,0.0
2019-10-09 00:00:00-04:00,12.760000228881836,13.15999984741211,12.399999618530273,12.600000381469727,250650,0.0,0.0
2019-10-10 00:00:00-04:00,12.319999694824219,12.319999694824219,10.84000015258789,10.880000114440918,817325,0.0,0.0
2019-10-11 00:00:00-04:00,11.039999961853027,13.319999694824219,11.0,12.640000343322754,1476000,0.0,0.0
2019-10-14 00:00:00-04:00,12.399999618530273,13.319999694824219,11.640000343322754,13.039999961853027,848825,0.0,0.0
2019-10-15 00:00:00-04:00,13.520000457763672,14.680000305175781,13.359999656677246,14.15999984741211,707675,0.0,0.0
2019-10-16 00:00:00-04:00,14.399999618530273,14.479999542236328,13.4399995803833,13.760000228881836,403125,0.0,0.0
2019-10-17 00:00:00-04:00,14.199999809265137,15.039999961853027,13.84000015258789,14.920000076293945,476975,0.0,0.0
2019-10-18 00:00:00-04:00,14.960000038146973,15.199999809265137,13.880000114440918,14.399999618530273,522175,0.0,0.0
2019-10-21 00:00:00-04:00,14.399999618530273,14.680000305175781,13.5600004196167,14.239999771118164,360075,0.0,0.0
2019-10-22 00:00:00-04:00,14.199999809265137,14.479999542236328,13.880000114440918,14.15999984741211,204125,0.0,0.0
2019-10-23 00:00:00-04:00,14.079999923706055,14.600000381469727,13.680000305175781,14.399999618530273,306400,0.0,0.0
2019-10-24 00:00:00-04:00,14.319999694824219,14.880000114440918,14.100000381469727,14.239999771118164,220525,0.0,0.0
2019-10-25 00:00:00-04:00,14.239999771118164,15.699999809265137,13.880000114440918,15.079999923706055,445025,0.0,0.0
2019-10-28 00:00:00-04:00,15.199999809265137,16.040000915527344,14.479999542236328,14.5600004196167,395825,0.0,0.0
2019-10-29 00:00:00-04:00,14.5600004196167,14.600000381469727,13.5600004196167,13.5600004196167,383275,0.0,0.0
2019-10-30 00:00:00-04:00,13.600000381469727,14.079999923706055,12.979999542236328,13.399999618530273,409075,0.0,0.0
2019-10-31 00:00:00-04:00,13.319999694824219,13.479999542236328,12.760000228881836,13.319999694824219,295725,0.0,0.0
2019-11-01 00:00:00-04:00,13.4399995803833,13.920000076293945,13.119999885559082,13.640000343322754,228925,0.0,0.0
2019-11-04 00:00:00-05:00,13.319999694824219,13.880000114440918,13.039999961853027,13.039999961853027,318675,0.0,0.0
2019-11-05 00:00:00-05:00,13.399999618530273,13.960000038146973,12.843999862670898,13.800000190734863,394675,0.0,0.0
2019-11-06 00:00:00-05:00,13.920000076293945,14.960000038146973,13.800000190734863,14.800000190734863,634925,0.0,0.0
2019-11-07 00:00:00-05:00,15.0,15.027999877929688,13.84000015258789,14.079999923706055,482025,0.0,0.0
2019-11-08 00:00:00-05:00,14.079999923706055,15.079999923706055,14.0600004196167,14.640000343322754,547900,0.0,0.0
2019-11-11 00:00:00-05:00,14.800000190734863,14.84000015258789,13.399999618530273,13.5600004196167,758175,0.0,0.0
2019-11-12 00:00:00-05:00,11.15999984741211,12.359999656677246,10.800000190734863,10.920000076293945,2181350,0.0,0.0
2019-11-13 00:00:00-05:00,11.0,11.359999656677246,9.720000267028809,10.039999961853027,1131075,0.0,0.0
2019-11-14 00:00:00-05:00,9.760000228881836,10.291999816894531,9.15999984741211,9.880000114440918,1071275,0.0,0.0
2019-11-15 00:00:00-05:00,9.960000038146973,10.079999923706055,9.0,9.15999984741211,861450,0.0,0.0
2019-11-18 00:00:00-05:00,9.199999809265137,9.260000228881836,8.079999923706055,8.239999771118164,1168425,0.0,0.0
2019-11-19 00:00:00-05:00,8.119999885559082,9.5600004196167,8.0,9.279999732971191,907575,0.0,0.0
2019-11-20 00:00:00-05:00,9.399999618530273,10.279999732971191,9.079999923706055,9.84000015258789,1547925,0.0,0.0
2019-11-21 00:00:00-05:00,10.359999656677246,12.600000381469727,10.079999923706055,11.4399995803833,2280175,0.0,0.0
2019-11-22 00:00:00-05:00,11.479999542236328,11.520000457763672,10.359999656677246,10.5600004196167,1169025,0.0,0.0
2019-11-25 00:00:00-05:00,10.15999984741211,11.4399995803833,9.800000190734863,10.119999885559082,1105325,0.0,0.0
2019-11-26 00:00:00-05:00,9.720000267028809,10.387999534606934,9.399999618530273,10.15999984741211,790425,0.0,0.0
2019-11-27 00:00:00-05:00,10.15999984741211,10.960000038146973,9.960000038146973,10.800000190734863,683400,0.0,0.0
2019-11-29 00:00:00-05:00,10.920000076293945,10.920000076293945,10.399999618530273,10.760000228881836,411050,0.0,0.0
2019-12-02 00:00:00-05:00,10.800000190734863,10.815999984741211,10.199999809265137,10.760000228881836,605300,0.0,0.0
2019-12-03 00:00:00-05:00,10.479999542236328,11.479999542236328,10.359999656677246,11.319999694824219,770975,0.0,0.0
2019-12-04 00:00:00-05:00,10.920000076293945,11.0600004196167,10.279999732971191,10.279999732971191,916350,0.0,0.0
2019-12-05 00:00:00-05:00,10.359999656677246,10.5600004196167,10.039999961853027,10.479999542236328,591000,0.0,0.0
2019-12-06 00:00:00-05:00,10.479999542236328,10.600000381469727,10.15999984741211,10.359999656677246,391225,0.0,0.0
2019-12-09 00:00:00-05:00,10.359999656677246,10.920000076293945,10.359999656677246,10.760000228881836,908875,0.0,0.0
2019-12-10 00:00:00-05:00,10.720000267028809,10.84000015258789,10.319999694824219,10.319999694824219,480125,0.0,0.0
2019-12-11 00:00:00-05:00,10.359999656677246,10.479999542236328,10.15999984741211,10.239999771118164,376775,0.0,0.0
2019-12-12 00:00:00-05:00,10.279999732971191,10.4399995803833,10.039999961853027,10.279999732971191,703875,0.0,0.0
2019-12-13 00:00:00-05:00,10.479999542236328,10.836000442504883,10.239999771118164,10.359999656677246,585475,0.0,0.0
2019-12-16 00:00:00-05:00,10.399999618530273,10.5600004196167,10.15999984741211,10.239999771118164,543700,0.0,0.0
2019-12-17 00:00:00-05:00,10.15999984741211,10.32800006866455,9.760000228881836,10.119999885559082,505525,0.0,0.0
2019-12-18 00:00:00-05:00,10.15999984741211,10.15999984741211,9.359999656677246,9.4399995803833,732950,0.0,0.0
2019-12-19 00:00:00-05:00,9.520000457763672,10.020000457763672,9.319999694824219,9.760000228881836,742150,0.0,0.0
2019-12-20 00:00:00-05:00,9.84000015258789,9.84000015258789,9.279999732971191,9.520000457763672,494350,0.0,0.0
2019-12-23 00:00:00-05:00,9.399999618530273,10.119999885559082,9.239999771118164,9.880000114440918,785225,0.0,0.0
2019-12-24 00:00:00-05:00,9.84000015258789,10.079999923706055,9.640000343322754,10.039999961853027,295425,0.0,0.0
2019-12-26 00:00:00-05:00,9.880000114440918,10.039999961853027,9.359999656677246,9.359999656677246,492850,0.0,0.0
2019-12-27 00:00:00-05:00,9.640000343322754,9.760000228881836,9.15999984741211,9.399999618530273,902575,0.0,0.0
2019-12-30 00:00:00-05:00,9.199999809265137,9.4399995803833,8.800000190734863,8.920000076293945,986900,0.0,0.0
2019-12-31 00:00:00-05:00,8.920000076293945,9.920000076293945,8.899999618530273,9.800000190734863,1283250,0.0,0.0
2020-01-02 00:00:00-05:00,10.0,10.0,9.199999809265137,9.319999694824219,527425,0.0,0.0
2020-01-03 00:00:00-05:00,9.359999656677246,9.555999755859375,9.039999961853027,9.079999923706055,346625,0.0,0.0
2020-01-06 00:00:00-05:00,9.119999885559082,9.15999984741211,8.479999542236328,8.720000267028809,680150,0.0,0.0
2020-01-07 00:00:00-05:00,8.720000267028809,8.880000114440918,8.119999885559082,8.239999771118164,571350,0.0,0.0
2020-01-08 00:00:00-05:00,8.239999771118164,9.0,7.920000076293945,8.520000457763672,714125,0.0,0.0
2020-01-09 00:00:00-05:00,8.359999656677246,8.755999565124512,8.199999809265137,8.399999618530273,555725,0.0,0.0
2020-01-10 00:00:00-05:00,8.399999618530273,8.4399995803833,8.0,8.079999923706055,481000,0.0,0.0
2020-01-13 00:00:00-05:00,7.800000190734863,9.079999923706055,7.559999942779541,8.920000076293945,918625,0.0,0.0
2020-01-14 00:00:00-05:00,8.800000190734863,9.039999961853027,8.199999809265137,8.640000343322754,1510100,0.0,0.0
2020-01-15 00:00:00-05:00,11.039999961853027,13.0,10.479999542236328,12.5600004196167,5832575,0.0,0.0
2020-01-16 00:00:00-05:00,13.4399995803833,14.5600004196167,12.600000381469727,13.600000381469727,4278275,0.0,0.0
2020-01-17 00:00:00-05:00,13.520000457763672,13.880000114440918,12.720000267028809,13.039999961853027,1940125,0.0,0.0
2020-01-21 00:00:00-05:00,13.399999618530273,13.399999618530273,11.920000076293945,12.039999961853027,2193700,0.0,0.0
2020-01-22 00:00:00-05:00,12.079999923706055,12.15999984741211,11.399999618530273,11.680000305175781,1653250,0.0,0.0
2020-01-23 00:00:00-05:00,11.800000190734863,11.920000076293945,11.319999694824219,11.5600004196167,1032025,0.0,0.0
2020-01-24 00:00:00-05:00,11.800000190734863,11.84000015258789,10.84000015258789,11.039999961853027,1081600,0.0,0.0
2020-01-27 00:00:00-05:00,10.359999656677246,10.800000190734863,9.84000015258789,10.4399995803833,760375,0.0,0.0
2020-01-28 00:00:00-05:00,10.640000343322754,11.239999771118164,10.479999542236328,10.880000114440918,863975,0.0,0.0
2020-01-29 00:00:00-05:00,11.319999694824219,11.319999694824219,10.680000305175781,10.880000114440918,580200,0.0,0.0
2020-01-30 00:00:00-05:00,10.760000228881836,10.960000038146973,10.279999732971191,10.520000457763672,554350,0.0,0.0
2020-01-31 00:00:00-05:00,10.4399995803833,10.520000457763672,10.039999961853027,10.359999656677246,548775,0.0,0.0
2020-02-03 00:00:00-05:00,10.4399995803833,10.468000411987305,9.960000038146973,10.119999885559082,654200,0.0,0.0
2020-02-04 00:00:00-05:00,10.279999732971191,10.520000457763672,10.079999923706055,10.4399995803833,689275,0.0,0.0
2020-02-05 00:00:00-05:00,10.600000381469727,10.640000343322754,10.079999923706055,10.119999885559082,767275,0.0,0.0
2020-02-06 00:00:00-05:00,10.079999923706055,10.15999984741211,9.399999618530273,9.399999618530273,879175,0.0,0.0
2020-02-07 00:00:00-05:00,9.239999771118164,9.359999656677246,8.84000015258789,9.079999923706055,740375,0.0,0.0
2020-02-10 00:00:00-05:00,9.119999885559082,9.359999656677246,8.9399995803833,9.239999771118164,561525,0.0,0.0
2020-02-11 00:00:00-05:00,9.15999984741211,9.479999542236328,8.920000076293945,9.279999732971191,918150,0.0,0.0
2020-02-12 00:00:00-05:00,9.399999618530273,9.428000450134277,8.800000190734863,8.84000015258789,697125,0.0,0.0
2020-02-13 00:00:00-05:00,8.760000228881836,9.600000381469727,8.720000267028809,9.600000381469727,1117725,0.0,0.0
2020-02-14 00:00:00-05:00,10.319999694824219,10.880000114440918,9.720000267028809,10.880000114440918,2298825,0.0,0.0
2020-02-18 00:00:00-05:00,10.800000190734863,11.399999618530273,10.319999694824219,10.720000267028809,1213350,0.0,0.0
2020-02-19 00:00:00-05:00,10.760000228881836,11.039999961853027,10.4399995803833,10.600000381469727,625825,0.0,0.0
2020-02-20 00:00:00-05:00,10.640000343322754,11.199999809265137,10.600000381469727,10.720000267028809,866150,0.0,0.0
2020-02-21 00:00:00-05:00,10.760000228881836,10.920000076293945,10.479999542236328,10.720000267028809,605750,0.0,0.0
2020-02-24 00:00:00-05:00,10.079999923706055,10.479999542236328,9.880000114440918,10.0,929275,0.0,0.0
2020-02-25 00:00:00-05:00,10.079999923706055,10.359999656677246,9.319999694824219,9.600000381469727,1000250,0.0,0.0
2020-02-26 00:00:00-05:00,9.399999618530273,9.920000076293945,9.319999694824219,9.399999618530273,1003425,0.0,0.0
2020-02-27 00:00:00-05:00,9.079999923706055,9.319999694824219,8.359999656677246,8.880000114440918,1094050,0.0,0.0
2020-02-28 00:00:00-05:00,8.279999732971191,8.880000114440918,8.0,8.800000190734863,1129950,0.0,0.0
2020-03-02 00:00:00-05:00,8.920000076293945,9.15999984741211,8.520000457763672,9.039999961853027,1055175,0.0,0.0
2020-03-03 00:00:00-05:00,9.119999885559082,9.279999732971191,8.359999656677246,8.520000457763672,959425,0.0,0.0
2020-03-04 00:00:00-05:00,8.800000190734863,9.119999885559082,8.5,8.720000267028809,1169075,0.0,0.0
2020-03-05 00:00:00-05:00,8.5600004196167,8.920000076293945,8.199999809265137,8.359999656677246,916950,0.0,0.0
2020-03-06 00:00:00-05:00,7.960000038146973,8.319999694824219,7.71999979019165,7.880000114440918,1603525,0.0,0.0
2020-03-09 00:00:00-04:00,7.480000019073486,7.679999828338623,6.800000190734863,7.079999923706055,974825,0.0,0.0
2020-03-10 00:00:00-04:00,7.679999828338623,7.760000228881836,7.0,7.440000057220459,1139850,0.0,0.0
2020-03-11 00:00:00-04:00,7.28000020980835,7.639999866485596,6.679999828338623,6.880000114440918,1293800,0.0,0.0
2020-03-12 00:00:00-04:00,6.039999961853027,6.260000228881836,5.639999866485596,5.760000228881836,1174950,0.0,0.0
2020-03-13 00:00:00-04:00,6.199999809265137,6.559999942779541,5.840000152587891,6.559999942779541,1065275,0.0,0.0
2020-03-16 00:00:00-04:00,5.960000038146973,6.880000114440918,5.639999866485596,6.400000095367432,930575,0.0,0.0
2020-03-17 00:00:00-04:00,6.639999866485596,6.960000038146973,6.0,6.800000190734863,751925,0.0,0.0
2020-03-18 00:00:00-04:00,6.360000133514404,6.71999979019165,5.840000152587891,6.159999847412109,855175,0.0,0.0
2020-03-19 00:00:00-04:00,5.920000076293945,6.559999942779541,5.920000076293945,6.119999885559082,748825,0.0,0.0
2020-03-20 00:00:00-04:00,6.320000171661377,6.71999979019165,6.159999847412109,6.28000020980835,878525,0.0,0.0
2020-03-23 00:00:00-04:00,6.599999904632568,6.679999828338623,5.880000114440918,6.0,932225,0.0,0.0
2020-03-24 00:00:00-04:00,6.360000133514404,6.599999904632568,6.127999782562256,6.519999980926514,983075,0.0,0.0
2020-03-25 00:00:00-04:00,6.559999942779541,7.800000190734863,6.559999942779541,7.079999923706055,1092200,0.0,0.0
2020-03-26 00:00:00-04:00,7.28000020980835,8.399999618530273,7.236000061035156,7.800000190734863,1431350,0.0,0.0
2020-03-27 00:00:00-04:00,8.0,8.600000381469727,7.8520002365112305,8.399999618530273,1164100,0.0,0.0
2020-03-30 00:00:00-04:00,8.5600004196167,8.640000343322754,7.639999866485596,8.119999885559082,1194575,0.0,0.0
2020-03-31 00:00:00-04:00,8.0,8.399999618530273,7.760000228881836,8.0,801275,0.0,0.0
2020-04-01 00:00:00-04:00,7.71999979019165,7.800000190734863,7.119999885559082,7.199999809265137,598700,0.0,0.0
2020-04-02 00:00:00-04:00,7.28000020980835,7.619999885559082,7.079999923706055,7.28000020980835,444200,0.0,0.0
2020-04-03 00:00:00-04:00,7.360000133514404,7.400000095367432,6.400000095367432,6.480000019073486,873375,0.0,0.0
2020-04-06 00:00:00-04:00,6.840000152587891,7.156000137329102,6.708000183105469,6.840000152587891,689925,0.0,0.0
2020-04-07 00:00:00-04:00,7.159999847412109,7.303999900817871,6.800000190734863,6.880000114440918,634950,0.0,0.0
2020-04-08 00:00:00-04:00,7.039999961853027,7.800000190734863,6.800000190734863,7.320000171661377,932025,0.0,0.0
2020-04-09 00:00:00-04:00,7.639999866485596,7.760000228881836,7.28000020980835,7.360000133514404,1057050,0.0,0.0
2020-04-13 00:00:00-04:00,7.440000057220459,7.599999904632568,6.840000152587891,7.239999771118164,955225,0.0,0.0
2020-04-14 00:00:00-04:00,6.480000019073486,6.920000076293945,6.239999771118164,6.380000114440918,1934475,0.0,0.0
2020-04-15 00:00:00-04:00,6.400000095367432,6.427999973297119,6.079999923706055,6.28000020980835,803250,0.0,0.0
2020-04-16 00:00:00-04:00,6.400000095367432,6.400000095367432,5.960000038146973,6.039999961853027,904025,0.0,0.0
2020-04-17 00:00:00-04:00,6.199999809265137,6.480000019073486,6.159999847412109,6.360000133514404,799450,0.0,0.0
2020-04-20 00:00:00-04:00,6.119999885559082,6.559999942779541,6.079999923706055,6.28000020980835,1013625,0.0,0.0
2020-04-21 00:00:00-04:00,6.199999809265137,6.320000171661377,6.0,6.199999809265137,693075,0.0,0.0
2020-04-22 00:00:00-04:00,6.159999847412109,6.355999946594238,5.960000038146973,6.079999923706055,816775,0.0,0.0
2020-04-23 00:00:00-04:00,6.199999809265137,6.239999771118164,5.960000038146973,6.079999923706055,675600,0.0,0.0
2020-04-24 00:00:00-04:00,6.079999923706055,6.360000133514404,5.960000038146973,6.320000171661377,743350,0.0,0.0
2020-04-27 00:00:00-04:00,6.440000057220459,6.840000152587891,6.320000171661377,6.760000228881836,1070850,0.0,0.0
2020-04-28 00:00:00-04:00,6.960000038146973,7.039999961853027,6.239999771118164,6.440000057220459,1088375,0.0,0.0
2020-04-29 00:00:00-04:00,6.480000019073486,6.679999828338623,6.28000020980835,6.519999980926514,1352250,0.0,0.0
2020-04-30 00:00:00-04:00,6.400000095367432,6.639999866485596,6.119999885559082,6.320000171661377,1091275,0.0,0.0
2020-05-01 00:00:00-04:00,6.239999771118164,6.239999771118164,5.880000114440918,6.0,1068225,0.0,0.0
2020-05-04 00:00:00-04:00,6.079999923706055,6.199999809265137,5.892000198364258,6.119999885559082,751700,0.0,0.0
2020-05-05 00:00:00-04:00,6.199999809265137,6.28000020980835,5.960000038146973,5.960000038146973,649775,0.0,0.0
2020-05-06 00:00:00-04:00,6.067999839782715,6.099999904632568,5.800000190734863,5.840000152587891,785000,0.0,0.0
2020-05-07 00:00:00-04:00,5.920000076293945,6.0,5.840000152587891,5.880000114440918,492500,0.0,0.0
2020-05-08 00:00:00-04:00,5.960000038146973,6.079999923706055,5.800000190734863,5.800000190734863,485350,0.0,0.0
2020-05-11 00:00:00-04:00,5.639999866485596,5.800000190734863,5.599999904632568,5.639999866485596,866800,0.0,0.0
2020-05-12 00:00:00-04:00,5.639999866485596,5.71999979019165,5.239999771118164,5.239999771118164,1088875,0.0,0.0
2020-05-13 00:00:00-04:00,5.199999809265137,5.239999771118164,4.519999980926514,4.679999828338623,1384225,0.0,0.0
2020-05-14 00:00:00-04:00,4.599999904632568,5.039999961853027,4.360000133514404,5.039999961853027,1253675,0.0,0.0
2020-05-15 00:00:00-04:00,5.239999771118164,5.840000152587891,5.119999885559082,5.800000190734863,1891825,0.0,0.0
2020-05-18 00:00:00-04:00,6.119999885559082,6.599999904632568,6.0,6.480000019073486,2200475,0.0,0.0
2020-05-19 00:00:00-04:00,6.679999828338623,6.800000190734863,5.920000076293945,6.239999771118164,2157150,0.0,0.0
2020-05-20 00:00:00-04:00,6.400000095367432,6.400000095367432,5.920000076293945,6.159999847412109,1828025,0.0,0.0
2020-05-21 00:00:00-04:00,6.320000171661377,6.559999942779541,6.0,6.320000171661377,2019850,0.0,0.0
2020-05-22 00:00:00-04:00,6.400000095367432,6.760000228881836,6.039999961853027,6.599999904632568,3198675,0.0,0.0
2020-05-26 00:00:00-04:00,7.159999847412109,7.199999809265137,6.599999904632568,6.880000114440918,2201600,0.0,0.0
2020-05-27 00:00:00-04:00,7.119999885559082,7.188000202178955,6.320000171661377,6.760000228881836,1877800,0.0,0.0
2020-05-28 00:00:00-04:00,6.840000152587891,7.920000076293945,6.71999979019165,7.480000019073486,3857675,0.0,0.0
2020-05-29 00:00:00-04:00,7.039999961853027,7.395999908447266,6.679999828338623,6.960000038146973,2493000,0.0,0.0
2020-06-01 00:00:00-04:00,7.0,7.360000133514404,6.760000228881836,7.28000020980835,1579175,0.0,0.0
2020-06-02 00:00:00-04:00,7.480000019073486,7.480000019073486,6.880000114440918,7.199999809265137,2608250,0.0,0.0
2020-06-03 00:00:00-04:00,7.159999847412109,7.679999828338623,7.039999961853027,7.199999809265137,2687225,0.0,0.0
2020-06-04 00:00:00-04:00,7.199999809265137,7.360000133514404,6.927999973297119,7.0,1783950,0.0,0.0
2020-06-05 00:00:00-04:00,7.159999847412109,7.239999771118164,7.0,7.039999961853027,1442750,0.0,0.0
2020-06-08 00:00:00-04:00,7.320000171661377,8.319999694824219,7.159999847412109,8.119999885559082,3898275,0.0,0.0
2020-06-09 00:00:00-04:00,8.199999809265137,8.920000076293945,7.992000102996826,8.5600004196167,3040400,0.0,0.0
2020-06-10 00:00:00-04:00,9.239999771118164,9.4399995803833,8.520000457763672,8.720000267028809,3089625,0.0,0.0
2020-06-11 00:00:00-04:00,8.15999984741211,8.359999656677246,7.239999771118164,7.28000020980835,2138275,0.0,0.0
2020-06-12 00:00:00-04:00,8.0,8.119999885559082,7.559999942779541,7.960000038146973,1374150,0.0,0.0
2020-06-15 00:00:00-04:00,7.440000057220459,8.0,7.199999809265137,7.880000114440918,1913075,0.0,0.0
2020-06-16 00:00:00-04:00,8.199999809265137,8.279999732971191,7.71999979019165,7.880000114440918,1797175,0.0,0.0
2020-06-17 00:00:00-04:00,7.920000076293945,7.920000076293945,7.480000019073486,7.639999866485596,1136150,0.0,0.0
2020-06-18 00:00:00-04:00,7.599999904632568,8.0,7.480000019073486,7.800000190734863,1407125,0.0,0.0
2020-06-19 00:00:00-04:00,7.840000152587891,7.920000076293945,7.400000095367432,7.559999942779541,1242050,0.0,0.0
2020-06-22 00:00:00-04:00,7.559999942779541,7.679999828338623,7.360000133514404,7.440000057220459,944475,0.0,0.0
2020-06-23 00:00:00-04:00,7.480000019073486,8.0,7.360000133514404,7.519999980926514,1784750,0.0,0.0
2020-06-24 00:00:00-04:00,7.480000019073486,7.519999980926514,6.840000152587891,7.199999809265137,1826525,0.0,0.0
2020-06-25 00:00:00-04:00,7.079999923706055,7.119999885559082,6.760000228881836,7.0,1385050,0.0,0.0
2020-06-26 00:00:00-04:00,6.960000038146973,7.0,6.559999942779541,6.679999828338623,1157475,0.0,0.0
2020-06-29 00:00:00-04:00,6.679999828338623,6.880000114440918,6.28000020980835,6.559999942779541,1156550,0.0,0.0
2020-06-30 00:00:00-04:00,6.599999904632568,6.679999828338623,6.239999771118164,6.239999771118164,1103025,0.0,0.0
2020-07-01 00:00:00-04:00,6.360000133514404,6.679999828338623,6.320000171661377,6.480000019073486,673475,0.0,0.0
2020-07-02 00:00:00-04:00,6.599999904632568,6.639999866485596,6.320000171661377,6.480000019073486,791475,0.0,0.0
2020-07-06 00:00:00-04:00,6.039999961853027,6.400000095367432,5.639999866485596,6.239999771118164,1534625,0.0,0.0
2020-07-07 00:00:00-04:00,6.239999771118164,6.559999942779541,6.199999809265137,6.360000133514404,720825,0.0,0.0
2020-07-08 00:00:00-04:00,6.519999980926514,6.559999942779541,6.119999885559082,6.159999847412109,908425,0.0,0.0
2020-07-09 00:00:00-04:00,6.159999847412109,6.28000020980835,5.880000114440918,5.960000038146973,606750,0.0,0.0
2020-07-10 00:00:00-04:00,6.0,6.199999809265137,5.880000114440918,6.119999885559082,689100,0.0,0.0
2020-07-13 00:00:00-04:00,6.239999771118164,6.519999980926514,6.0,6.039999961853027,1517325,0.0,0.0
2020-07-14 00:00:00-04:00,6.0,6.199999809265137,5.880000114440918,6.079999923706055,669450,0.0,0.0
2020-07-15 00:00:00-04:00,6.199999809265137,6.519999980926514,6.119999885559082,6.320000171661377,1167175,0.0,0.0
2020-07-16 00:00:00-04:00,6.360000133514404,6.400000095367432,6.039999961853027,6.199999809265137,728975,0.0,0.0
2020-07-17 00:00:00-04:00,6.28000020980835,6.360000133514404,6.079999923706055,6.239999771118164,864600,0.0,0.0
2020-07-20 00:00:00-04:00,6.320000171661377,6.320000171661377,5.960000038146973,6.079999923706055,870250,0.0,0.0
2020-07-21 00:00:00-04:00,5.679999828338623,5.840000152587891,5.440000057220459,5.519999980926514,2128450,0.0,0.0
2020-07-22 00:00:00-04:00,5.559999942779541,5.599999904632568,5.400000095367432,5.480000019073486,921250,0.0,0.0
2020-07-23 00:00:00-04:00,5.480000019073486,5.480000019073486,5.119999885559082,5.28000020980835,984400,0.0,0.0
2020-07-24 00:00:00-04:00,5.199999809265137,5.360000133514404,5.039999961853027,5.360000133514404,625250,0.0,0.0
2020-07-27 00:00:00-04:00,5.360000133514404,5.519999980926514,5.28000020980835,5.320000171661377,528200,0.0,0.0
2020-07-28 00:00:00-04:00,5.360000133514404,5.599999904632568,5.320000171661377,5.440000057220459,1283750,0.0,0.0
2020-07-29 00:00:00-04:00,5.480000019073486,5.519999980926514,5.199999809265137,5.239999771118164,835000,0.0,0.0
2020-07-30 00:00:00-04:00,5.239999771118164,5.239999771118164,5.079999923706055,5.119999885559082,726225,0.0,0.0
2020-07-31 00:00:00-04:00,5.159999847412109,5.239999771118164,4.840000152587891,4.920000076293945,1058300,0.0,0.0
2020-08-03 00:00:00-04:00,4.920000076293945,5.119999885559082,4.800000190734863,5.119999885559082,678150,0.0,0.0
2020-08-04 00:00:00-04:00,5.079999923706055,5.239999771118164,5.0,5.199999809265137,648200,0.0,0.0
2020-08-05 00:00:00-04:00,5.28000020980835,5.28000020980835,5.159999847412109,5.239999771118164,345925,0.0,0.0
2020-08-06 00:00:00-04:00,5.159999847412109,5.199999809265137,4.920000076293945,5.0,544275,0.0,0.0
2020-08-07 00:00:00-04:00,5.039999961853027,5.079999923706055,4.960000038146973,5.079999923706055,534025,0.0,0.0
2020-08-10 00:00:00-04:00,5.079999923706055,5.360000133514404,5.0,5.360000133514404,1041575,0.0,0.0
2020-08-11 00:00:00-04:00,5.400000095367432,5.579999923706055,5.28000020980835,5.320000171661377,747900,0.0,0.0
2020-08-12 00:00:00-04:00,5.320000171661377,5.599999904632568,5.320000171661377,5.400000095367432,584175,0.0,0.0
2020-08-13 00:00:00-04:00,5.360000133514404,5.679999828338623,5.320000171661377,5.559999942779541,636125,0.0,0.0
2020-08-14 00:00:00-04:00,5.639999866485596,5.920000076293945,5.440000057220459,5.880000114440918,1376050,0.0,0.0
2020-08-17 00:00:00-04:00,5.880000114440918,6.119999885559082,5.71999979019165,5.800000190734863,1138600,0.0,0.0
2020-08-18 00:00:00-04:00,5.760000228881836,5.880000114440918,5.679999828338623,5.840000152587891,611050,0.0,0.0
2020-08-19 00:00:00-04:00,5.800000190734863,5.920000076293945,5.480000019073486,5.480000019073486,576550,0.0,0.0
2020-08-20 00:00:00-04:00,5.519999980926514,5.559999942779541,5.199999809265137,5.320000171661377,630275,0.0,0.0
2020-08-21 00:00:00-04:00,5.239999771118164,5.28000020980835,5.079999923706055,5.159999847412109,462075,0.0,0.0
2020-08-24 00:00:00-04:00,5.159999847412109,5.199999809265137,5.0,5.119999885559082,586400,0.0,0.0
2020-08-25 00:00:00-04:00,5.079999923706055,5.260000228881836,5.0,5.159999847412109,404575,0.0,0.0
2020-08-26 00:00:00-04:00,5.159999847412109,5.199999809265137,5.0,5.079999923706055,245275,0.0,0.0
2020-08-27 00:00:00-04:00,5.079999923706055,5.1519999504089355,4.960000038146973,5.039999961853027,420800,0.0,0.0
2020-08-28 00:00:00-04:00,5.0,5.300000190734863,5.0,5.119999885559082,789025,0.0,0.0
2020-08-31 00:00:00-04:00,5.119999885559082,5.199999809265137,4.920000076293945,5.039999961853027,675350,0.0,0.0
2020-09-01 00:00:00-04:00,5.0,5.039999961853027,4.840000152587891,4.920000076293945,434350,0.0,0.0
2020-09-02 00:00:00-04:00,4.880000114440918,4.927999973297119,4.639999866485596,4.71999979019165,733950,0.0,0.0
2020-09-03 00:00:00-04:00,4.679999828338623,4.800000190734863,4.440000057220459,4.599999904632568,677925,0.0,0.0
2020-09-04 00:00:00-04:00,4.559999942779541,4.639999866485596,4.199999809265137,4.599999904632568,667100,0.0,0.0
2020-09-08 00:00:00-04:00,4.559999942779541,4.599999904632568,4.400000095367432,4.480000019073486,422425,0.0,0.0
2020-09-09 00:00:00-04:00,4.480000019073486,4.559999942779541,4.360000133514404,4.360000133514404,351325,0.0,0.0
2020-09-10 00:00:00-04:00,4.400000095367432,4.559999942779541,4.320000171661377,4.519999980926514,546975,0.0,0.0
2020-09-11 00:00:00-04:00,4.480000019073486,4.599999904632568,4.239999771118164,4.239999771118164,455000,0.0,0.0
2020-09-14 00:00:00-04:00,4.320000171661377,4.400000095367432,4.239999771118164,4.28000020980835,394250,0.0,0.0
2020-09-15 00:00:00-04:00,4.320000171661377,4.320000171661377,4.159999847412109,4.300000190734863,507375,0.0,0.0
2020-09-16 00:00:00-04:00,4.320000171661377,4.760000228881836,4.28000020980835,4.639999866485596,997950,0.0,0.0
2020-09-17 00:00:00-04:00,4.559999942779541,4.679999828338623,4.440000057220459,4.519999980926514,486950,0.0,0.0
2020-09-18 00:00:00-04:00,4.559999942779541,4.639999866485596,4.440000057220459,4.559999942779541,509250,0.0,0.0
2020-09-21 00:00:00-04:00,4.480000019073486,5.0,4.360000133514404,4.760000228881836,1072275,0.0,0.0
2020-09-22 00:00:00-04:00,4.800000190734863,4.960000038146973,4.559999942779541,4.760000228881836,957125,0.0,0.0
2020-09-23 00:00:00-04:00,4.71999979019165,4.783999919891357,4.360000133514404,4.440000057220459,634450,0.0,0.0
2020-09-24 00:00:00-04:00,4.400000095367432,4.440000057220459,4.199999809265137,4.320000171661377,434750,0.0,0.0
2020-09-25 00:00:00-04:00,4.320000171661377,4.320000171661377,4.159999847412109,4.199999809265137,479625,0.0,0.0
2020-09-28 00:00:00-04:00,4.28000020980835,4.28000020980835,4.039999961853027,4.039999961853027,619225,0.0,0.0
2020-09-29 00:00:00-04:00,4.039999961853027,4.360000133514404,4.039999961853027,4.199999809265137,548250,0.0,0.0
2020-09-30 00:00:00-04:00,4.159999847412109,4.380000114440918,4.159999847412109,4.199999809265137,459675,0.0,0.0
2020-10-01 00:00:00-04:00,4.199999809265137,4.28000020980835,4.159999847412109,4.199999809265137,439900,0.0,0.0
2020-10-02 00:00:00-04:00,4.079999923706055,4.21999979019165,4.079999923706055,4.119999885559082,290575,0.0,0.0
2020-10-05 00:00:00-04:00,4.119999885559082,4.360000133514404,4.079999923706055,4.28000020980835,844500,0.0,0.0
2020-10-06 00:00:00-04:00,4.320000171661377,4.480000019073486,4.199999809265137,4.239999771118164,674625,0.0,0.0
2020-10-07 00:00:00-04:00,4.239999771118164,4.639999866485596,4.199999809265137,4.519999980926514,1036575,0.0,0.0
2020-10-08 00:00:00-04:00,4.519999980926514,5.159999847412109,4.519999980926514,5.039999961853027,1470450,0.0,0.0
2020-10-09 00:00:00-04:00,5.28000020980835,5.400000095367432,4.679999828338623,4.840000152587891,1583100,0.0,0.0
2020-10-12 00:00:00-04:00,4.800000190734863,5.159999847412109,4.71999979019165,4.960000038146973,923950,0.0,0.0
2020-10-13 00:00:00-04:00,5.039999961853027,5.119999885559082,4.760000228881836,5.079999923706055,665350,0.0,0.0
2020-10-14 00:00:00-04:00,5.079999923706055,5.079999923706055,4.71999979019165,4.800000190734863,512350,0.0,0.0
2020-10-15 00:00:00-04:00,4.639999866485596,4.840000152587891,4.599999904632568,4.760000228881836,406250,0.0,0.0
2020-10-16 00:00:00-04:00,4.800000190734863,4.840000152587891,4.639999866485596,4.71999979019165,579050,0.0,0.0
2020-10-19 00:00:00-04:00,4.71999979019165,5.156000137329102,4.639999866485596,5.0,1163000,0.0,0.0
2020-10-20 00:00:00-04:00,5.079999923706055,5.079999923706055,4.800000190734863,4.880000114440918,749775,0.0,0.0
2020-10-21 00:00:00-04:00,4.880000114440918,5.119999885559082,4.800000190734863,4.960000038146973,845500,0.0,0.0
2020-10-22 00:00:00-04:00,5.0,5.199999809265137,4.880000114440918,5.0,843500,0.0,0.0
2020-10-23 00:00:00-04:00,5.079999923706055,5.119999885559082,4.920000076293945,5.039999961853027,636600,0.0,0.0
2020-10-26 00:00:00-04:00,4.960000038146973,5.039999961853027,4.800000190734863,4.880000114440918,643050,0.0,0.0
2020-10-27 00:00:00-04:00,4.840000152587891,5.0,4.800000190734863,4.880000114440918,419075,0.0,0.0
2020-10-28 00:00:00-04:00,4.800000190734863,5.0,4.71999979019165,4.760000228881836,532700,0.0,0.0
2020-10-29 00:00:00-04:00,4.760000228881836,4.920000076293945,4.679999828338623,4.880000114440918,549925,0.0,0.0
2020-10-30 00:00:00-04:00,4.800000190734863,4.920000076293945,4.599999904632568,4.800000190734863,684250,0.0,0.0
2020-11-02 00:00:00-05:00,4.880000114440918,5.400000095367432,4.800000190734863,5.28000020980835,1631750,0.0,0.0
2020-11-03 00:00:00-05:00,5.360000133514404,5.559999942779541,5.0,5.360000133514404,1474200,0.0,0.0
2020-11-04 00:00:00-05:00,5.199999809265137,5.360000133514404,4.880000114440918,4.960000038146973,1042275,0.0,0.0
2020-11-05 00:00:00-05:00,5.340000152587891,5.760000228881836,5.019999980926514,5.599999904632568,3222950,0.0,0.0
2020-11-06 00:00:00-05:00,6.0,7.880000114440918,5.960000038146973,6.599999904632568,7887400,0.0,0.0
2020-11-09 00:00:00-05:00,7.840000152587891,8.399999618530273,6.28000020980835,6.400000095367432,4841950,0.0,0.0
2020-11-10 00:00:00-05:00,5.420000076293945,5.440000057220459,4.880000114440918,4.920000076293945,4613200,0.0,0.0
2020-11-11 00:00:00-05:00,4.900000095367432,5.039999961853027,4.800000190734863,4.920000076293945,2320175,0.0,0.0
2020-11-12 00:00:00-05:00,4.880000114440918,4.960000038146973,4.519999980926514,4.599999904632568,3274525,0.0,0.0
2020-11-13 00:00:00-05:00,4.679999828338623,4.716000080108643,4.440000057220459,4.519999980926514,4184050,0.0,0.0
2020-11-16 00:00:00-05:00,4.639999866485596,4.71999979019165,4.440000057220459,4.519999980926514,1930450,0.0,0.0
2020-11-17 00:00:00-05:00,4.519999980926514,4.71999979019165,4.519999980926514,4.71999979019165,1443350,0.0,0.0
2020-11-18 00:00:00-05:00,4.679999828338623,4.760000228881836,4.519999980926514,4.519999980926514,1467100,0.0,0.0
2020-11-19 00:00:00-05:00,4.519999980926514,4.559999942779541,4.440000057220459,4.480000019073486,1680575,0.0,0.0
2020-11-20 00:00:00-05:00,4.480000019073486,4.495999813079834,4.320000171661377,4.480000019073486,2078475,0.0,0.0
2020-11-23 00:00:00-05:00,4.480000019073486,4.5279998779296875,4.28000020980835,4.480000019073486,2705225,0.0,0.0
2020-11-24 00:00:00-05:00,4.71999979019165,5.0,4.559999942779541,4.880000114440918,3984675,0.0,0.0
2020-11-25 00:00:00-05:00,4.800000190734863,4.920000076293945,4.599999904632568,4.880000114440918,1748175,0.0,0.0
2020-11-27 00:00:00-05:00,4.920000076293945,5.400000095367432,4.840000152587891,5.320000171661377,3276425,0.0,0.0
2020-11-30 00:00:00-05:00,5.360000133514404,5.71999979019165,4.880000114440918,5.639999866485596,8075800,0.0,0.0
2020-12-01 00:00:00-05:00,5.800000190734863,5.880000114440918,5.039999961853027,5.119999885559082,4705775,0.0,0.0
2020-12-02 00:00:00-05:00,5.199999809265137,5.599999904632568,5.119999885559082,5.599999904632568,3271900,0.0,0.0
2020-12-03 00:00:00-05:00,5.5920000076293945,6.079999923706055,5.400000095367432,6.0,4954475,0.0,0.0
2020-12-04 00:00:00-05:00,6.01200008392334,6.28000020980835,5.71999979019165,5.800000190734863,4916025,0.0,0.0
2020-12-07 00:00:00-05:00,5.71999979019165,6.119999885559082,5.519999980926514,5.840000152587891,3338000,0.0,0.0
2020-12-08 00:00:00-05:00,5.800000190734863,6.0,5.679999828338623,5.840000152587891,1595050,0.0,0.0
2020-12-09 00:00:00-05:00,5.920000076293945,5.920000076293945,5.320000171661377,5.480000019073486,2135500,0.0,0.0
2020-12-10 00:00:00-05:00,5.360000133514404,5.599999904632568,5.320000171661377,5.559999942779541,1352750,0.0,0.0
2020-12-11 00:00:00-05:00,5.519999980926514,5.599999904632568,5.360000133514404,5.480000019073486,1144800,0.0,0.0
2020-12-14 00:00:00-05:00,5.480000019073486,5.519999980926514,5.159999847412109,5.159999847412109,1570175,0.0,0.0
2020-12-15 00:00:00-05:00,5.239999771118164,5.679999828338623,5.119999885559082,5.679999828338623,2132350,0.0,0.0
2020-12-16 00:00:00-05:00,5.760000228881836,5.800000190734863,5.400000095367432,5.71999979019165,1939775,0.0,0.0
2020-12-17 00:00:00-05:00,5.599999904632568,5.800000190734863,5.440000057220459,5.679999828338623,1067125,0.0,0.0
2020-12-18 00:00:00-05:00,5.599999904632568,5.880000114440918,5.519999980926514,5.519999980926514,1364875,0.0,0.0
2020-12-21 00:00:00-05:00,5.440000057220459,5.519999980926514,5.239999771118164,5.360000133514404,1284150,0.0,0.0
2020-12-22 00:00:00-05:00,5.400000095367432,5.559999942779541,5.28000020980835,5.480000019073486,1054675,0.0,0.0
2020-12-23 00:00:00-05:00,5.519999980926514,6.079999923706055,5.360000133514404,5.840000152587891,3295925,0.0,0.0
2020-12-24 00:00:00-05:00,5.880000114440918,5.960000038146973,5.559999942779541,5.679999828338623,1101950,0.0,0.0
2020-12-28 00:00:00-05:00,5.679999828338623,5.880000114440918,5.559999942779541,5.599999904632568,1037350,0.0,0.0
2020-12-29 00:00:00-05:00,5.599999904632568,5.679999828338623,5.320000171661377,5.440000057220459,1457700,0.0,0.0
2020-12-30 00:00:00-05:00,5.440000057220459,5.599999904632568,5.360000133514404,5.480000019073486,1094575,0.0,0.0
2020-12-31 00:00:00-05:00,5.480000019073486,5.480000019073486,5.239999771118164,5.320000171661377,1228425,0.0,0.0
2021-01-04 00:00:00-05:00,5.440000057220459,5.840000152587891,5.320000171661377,5.840000152587891,2165250,0.0,0.0
2021-01-05 00:00:00-05:00,5.960000038146973,6.199999809265137,5.760000228881836,6.199999809265137,2255900,0.0,0.0
2021-01-06 00:00:00-05:00,6.71999979019165,7.400000095367432,6.559999942779541,6.800000190734863,6486000,0.0,0.0
2021-01-07 00:00:00-05:00,7.360000133514404,7.559999942779541,6.639999866485596,6.840000152587891,4774225,0.0,0.0
2021-01-08 00:00:00-05:00,6.960000038146973,7.0,6.360000133514404,6.800000190734863,2858600,0.0,0.0
2021-01-11 00:00:00-05:00,6.840000152587891,7.320000171661377,6.760000228881836,7.079999923706055,3578775,0.0,0.0
2021-01-12 00:00:00-05:00,6.239999771118164,6.639999866485596,6.039999961853027,6.320000171661377,5147925,0.0,0.0
2021-01-13 00:00:00-05:00,6.360000133514404,6.679999828338623,6.28000020980835,6.599999904632568,2957750,0.0,0.0
2021-01-14 00:00:00-05:00,6.71999979019165,7.28000020980835,6.679999828338623,7.199999809265137,4988775,0.0,0.0
2021-01-15 00:00:00-05:00,7.440000057220459,8.0,7.039999961853027,7.199999809265137,5295850,0.0,0.0
2021-01-19 00:00:00-05:00,7.400000095367432,7.480000019073486,6.800000190734863,7.320000171661377,3035350,0.0,0.0
2021-01-20 00:00:00-05:00,7.199999809265137,7.400000095367432,6.840000152587891,7.199999809265137,2554050,0.0,0.0
2021-01-21 00:00:00-05:00,7.159999847412109,7.239999771118164,6.800000190734863,6.960000038146973,2540175,0.0,0.0
2021-01-22 00:00:00-05:00,6.840000152587891,7.0,6.639999866485596,6.880000114440918,1579075,0.0,0.0
2021-01-25 00:00:00-05:00,7.0,7.159999847412109,6.440000057220459,6.519999980926514,3655575,0.0,0.0
2021-01-26 00:00:00-05:00,6.639999866485596,7.360000133514404,6.519999980926514,7.28000020980835,4927650,0.0,0.0
2021-01-27 00:00:00-05:00,6.840000152587891,7.579999923706055,6.800000190734863,7.079999923706055,3716700,0.0,0.0
2021-01-28 00:00:00-05:00,7.0,8.520000457763672,7.0,7.639999866485596,6874225,0.0,0.0
2021-01-29 00:00:00-05:00,7.607999801635742,8.0,7.079999923706055,7.320000171661377,5685375,0.0,0.0
2021-02-01 00:00:00-05:00,7.519999980926514,7.599999904632568,7.039999961853027,7.28000020980835,2834100,0.0,0.0
2021-02-02 00:00:00-05:00,7.320000171661377,7.840000152587891,7.159999847412109,7.800000190734863,4120475,0.0,0.0
2021-02-03 00:00:00-05:00,8.15999984741211,10.0,8.079999923706055,9.4399995803833,13528825,0.0,0.0
2021-02-04 00:00:00-05:00,9.600000381469727,10.319999694824219,8.960000038146973,9.640000343322754,5721375,0.0,0.0
2021-02-05 00:00:00-05:00,9.920000076293945,9.920000076293945,9.239999771118164,9.359999656677246,3302825,0.0,0.0
2021-02-08 00:00:00-05:00,10.15999984741211,13.479999542236328,9.920000076293945,13.199999809265137,13959900,0.0,0.0
2021-02-09 00:00:00-05:00,14.199999809265137,19.899999618530273,13.600000381469727,17.479999542236328,31794450,0.0,0.0
2021-02-10 00:00:00-05:00,23.600000381469727,25.239999771118164,18.959999084472656,24.0,35801250,0.0,0.0
2021-02-11 00:00:00-05:00,25.799999237060547,25.799999237060547,14.239999771118164,14.680000305175781,34377275,0.0,0.0
2021-02-12 00:00:00-05:00,13.600000381469727,18.399999618530273,12.5600004196167,15.0,24390350,0.0,0.0
2021-02-16 00:00:00-05:00,16.239999771118164,17.0,15.399999618530273,16.719999313354492,9012575,0.0,0.0
2021-02-17 00:00:00-05:00,15.680000305175781,16.0,14.600000381469727,14.920000076293945,6135600,0.0,0.0
2021-02-18 00:00:00-05:00,14.720000267028809,15.34000015258789,13.479999542236328,13.640000343322754,5010725,0.0,0.0
2021-02-19 00:00:00-05:00,13.920000076293945,14.760000228881836,13.539999961853027,14.079999923706055,4257575,0.0,0.0
2021-02-22 00:00:00-05:00,13.5600004196167,14.279999732971191,13.039999961853027,13.039999961853027,4111800,0.0,0.0
2021-02-23 00:00:00-05:00,12.0,12.279999732971191,10.359999656677246,12.15999984741211,5635700,0.0,0.0
2021-02-24 00:00:00-05:00,12.479999542236328,13.720000267028809,12.199999809265137,13.4399995803833,3180425,0.0,0.0
2021-02-25 00:00:00-05:00,13.720000267028809,13.720000267028809,12.15999984741211,12.319999694824219,3984900,0.0,0.0
2021-02-26 00:00:00-05:00,12.15999984741211,12.84000015258789,11.680000305175781,12.119999885559082,2787375,0.0,0.0
2021-03-01 00:00:00-05:00,12.640000343322754,12.920000076293945,12.15999984741211,12.600000381469727,2477650,0.0,0.0
2021-03-02 00:00:00-05:00,12.84000015258789,14.140000343322754,12.680000305175781,12.800000190734863,3526625,0.0,0.0
2021-03-03 00:00:00-05:00,13.079999923706055,13.199999809265137,11.880000114440918,12.239999771118164,2675750,0.0,0.0
2021-03-04 00:00:00-05:00,12.199999809265137,12.279999732971191,10.479999542236328,11.279999732971191,3812025,0.0,0.0
2021-03-05 00:00:00-05:00,11.520000457763672,11.520000457763672,9.520000457763672,10.720000267028809,3004325,0.0,0.0
2021-03-08 00:00:00-05:00,11.079999923706055,11.680000305175781,10.520000457763672,11.319999694824219,1900925,0.0,0.0
2021-03-09 00:00:00-05:00,11.680000305175781,12.760000228881836,11.520000457763672,12.359999656677246,2924975,0.0,0.0
2021-03-10 00:00:00-05:00,12.960000038146973,13.0,11.239999771118164,11.5600004196167,3644275,0.0,0.0
2021-03-11 00:00:00-05:00,15.920000076293945,16.15999984741211,14.239999771118164,16.15999984741211,24848350,0.0,0.0
2021-03-12 00:00:00-05:00,15.119999885559082,18.200000762939453,14.84000015258789,17.760000228881836,15328625,0.0,0.0
2021-03-15 00:00:00-04:00,17.520000457763672,18.719999313354492,16.639999389648438,17.600000381469727,10201525,0.0,0.0
2021-03-16 00:00:00-04:00,17.719999313354492,18.15999984741211,15.720000267028809,16.360000610351562,5275050,0.0,0.0
2021-03-17 00:00:00-04:00,15.680000305175781,16.799999237060547,15.600000381469727,16.600000381469727,2903750,0.0,0.0
2021-03-18 00:00:00-04:00,16.440000534057617,17.1200008392334,15.239999771118164,15.359999656677246,3995500,0.0,0.0
2021-03-19 00:00:00-04:00,15.640000343322754,16.139999389648438,15.15999984741211,15.960000038146973,2902000,0.0,0.0
2021-03-22 00:00:00-04:00,16.0,16.239999771118164,14.920000076293945,15.119999885559082,2756100,0.0,0.0
2021-03-23 00:00:00-04:00,14.84000015258789,15.279999732971191,14.199999809265137,14.600000381469727,3164575,0.0,0.0
2021-03-24 00:00:00-04:00,14.600000381469727,14.880000114440918,13.880000114440918,14.0,2991750,0.0,0.0
2021-03-25 00:00:00-04:00,13.319999694824219,14.739999771118164,13.239999771118164,14.640000343322754,2663275,0.0,0.0
2021-03-26 00:00:00-04:00,14.760000228881836,14.800000190734863,13.539999961853027,14.0,2321000,0.0,0.0
2021-03-29 00:00:00-04:00,14.119999885559082,14.720000267028809,13.199999809265137,13.239999771118164,2938350,0.0,0.0
2021-03-30 00:00:00-04:00,13.039999961853027,13.760000228881836,12.880000114440918,13.640000343322754,1823100,0.0,0.0
2021-03-31 00:00:00-04:00,14.119999885559082,14.319999694824219,13.720000267028809,13.880000114440918,2199275,0.0,0.0
2021-04-01 00:00:00-04:00,14.199999809265137,14.319999694824219,13.5600004196167,13.760000228881836,1841850,0.0,0.0
2021-04-05 00:00:00-04:00,14.052000045776367,14.119999885559082,13.4399995803833,13.960000038146973,1994725,0.0,0.0
2021-04-06 00:00:00-04:00,14.0,14.039999961853027,13.039999961853027,13.199999809265137,2840500,0.0,0.0
2021-04-07 00:00:00-04:00,13.15999984741211,13.199999809265137,12.5600004196167,12.640000343322754,1883525,0.0,0.0
2021-04-08 00:00:00-04:00,12.800000190734863,13.039999961853027,12.319999694824219,12.600000381469727,1902775,0.0,0.0
2021-04-09 00:00:00-04:00,12.600000381469727,13.039999961853027,12.199999809265137,12.199999809265137,2099150,0.0,0.0
2021-04-12 00:00:00-04:00,12.0,12.079999923706055,11.0,11.079999923706055,4431675,0.0,0.0
2021-04-13 00:00:00-04:00,9.880000114440918,11.680000305175781,9.760000228881836,11.65999984741211,4382125,0.0,0.0
2021-04-14 00:00:00-04:00,11.0,11.199999809265137,10.279999732971191,10.399999618530273,3161300,0.0,0.0
2021-04-15 00:00:00-04:00,10.600000381469727,10.800000190734863,9.800000190734863,9.920000076293945,2528875,0.0,0.0
2021-04-16 00:00:00-04:00,9.880000114440918,10.319999694824219,9.4399995803833,10.079999923706055,2602450,0.0,0.0
2021-04-19 00:00:00-04:00,9.920000076293945,10.880000114440918,9.760000228881836,10.399999618530273,2810600,0.0,0.0
2021-04-20 00:00:00-04:00,10.612000465393066,10.680000305175781,9.279999732971191,9.359999656677246,3071300,0.0,0.0
2021-04-21 00:00:00-04:00,9.199999809265137,10.199999809265137,9.039999961853027,10.199999809265137,1664850,0.0,0.0
2021-04-22 00:00:00-04:00,10.199999809265137,10.479999542236328,9.84000015258789,10.079999923706055,1870125,0.0,0.0
2021-04-23 00:00:00-04:00,10.079999923706055,10.600000381469727,9.960000038146973,10.5600004196167,1373350,0.0,0.0
2021-04-26 00:00:00-04:00,10.720000267028809,10.920000076293945,10.319999694824219,10.800000190734863,1445450,0.0,0.0
2021-04-27 00:00:00-04:00,10.960000038146973,11.128000259399414,10.399999618530273,10.479999542236328,1434450,0.0,0.0
2021-04-28 00:00:00-04:00,10.479999542236328,11.5600004196167,10.208000183105469,11.4399995803833,2358000,0.0,0.0
2021-04-29 00:00:00-04:00,11.4399995803833,11.479999542236328,10.5600004196167,10.920000076293945,2080450,0.0,0.0
2021-04-30 00:00:00-04:00,10.680000305175781,11.119999885559082,10.456000328063965,10.619999885559082,1487525,0.0,0.0
2021-05-03 00:00:00-04:00,10.600000381469727,10.600000381469727,10.0,10.119999885559082,1733425,0.0,0.0
2021-05-04 00:00:00-04:00,9.920000076293945,10.248000144958496,9.5600004196167,10.239999771118164,1493725,0.0,0.0
2021-05-05 00:00:00-04:00,10.119999885559082,10.479999542236328,9.920000076293945,10.399999618530273,1589250,0.0,0.0
2021-05-06 00:00:00-04:00,10.239999771118164,10.479999542236328,9.680000305175781,9.760000228881836,1786225,0.0,0.0
2021-05-07 00:00:00-04:00,9.84000015258789,11.199999809265137,9.800000190734863,11.0,3024925,0.0,0.0
2021-05-10 00:00:00-04:00,10.960000038146973,11.119999885559082,10.0,10.039999961853027,2703075,0.0,0.0
2021-05-11 00:00:00-04:00,9.800000190734863,10.680000305175781,9.600000381469727,10.5600004196167,1669900,0.0,0.0
2021-05-12 00:00:00-04:00,10.4399995803833,10.739999771118164,10.0,10.039999961853027,1564375,0.0,0.0
2021-05-13 00:00:00-04:00,10.187999725341797,10.5600004196167,9.48799991607666,9.720000267028809,1723250,0.0,0.0
2021-05-14 00:00:00-04:00,9.680000305175781,10.079999923706055,9.520000457763672,9.680000305175781,1610575,0.0,0.0
2021-05-17 00:00:00-04:00,9.720000267028809,10.479999542236328,9.640000343322754,10.319999694824219,1348000,0.0,0.0
2021-05-18 00:00:00-04:00,10.34000015258789,11.0,10.239999771118164,10.760000228881836,1231725,0.0,0.0
2021-05-19 00:00:00-04:00,10.4399995803833,10.640000343322754,10.199999809265137,10.5600004196167,1073075,0.0,0.0
2021-05-20 00:00:00-04:00,10.5600004196167,10.880000114440918,10.359999656677246,10.680000305175781,960000,0.0,0.0
2021-05-21 00:00:00-04:00,10.84000015258789,11.039999961853027,10.600000381469727,10.920000076293945,1000950,0.0,0.0
2021-05-24 00:00:00-04:00,10.760000228881836,10.880000114440918,10.4399995803833,10.760000228881836,983000,0.0,0.0
2021-05-25 00:00:00-04:00,10.760000228881836,11.319999694824219,10.760000228881836,10.920000076293945,1808400,0.0,0.0
2021-05-26 00:00:00-04:00,10.84000015258789,11.4399995803833,10.619999885559082,11.279999732971191,1512650,0.0,0.0
2021-05-27 00:00:00-04:00,11.520000457763672,11.600000381469727,11.079999923706055,11.600000381469727,1448625,0.0,0.0
2021-05-28 00:00:00-04:00,11.640000343322754,12.960000038146973,11.5600004196167,12.84000015258789,5533950,0.0,0.0
2021-06-01 00:00:00-04:00,12.680000305175781,12.800000190734863,11.680000305175781,11.760000228881836,3458500,0.0,0.0
2021-06-02 00:00:00-04:00,11.920000076293945,12.760000228881836,11.880000114440918,12.760000228881836,2413750,0.0,0.0
2021-06-03 00:00:00-04:00,12.880000114440918,13.800000190734863,12.84000015258789,12.960000038146973,3225200,0.0,0.0
2021-06-04 00:00:00-04:00,13.260000228881836,13.272000312805176,12.239999771118164,12.319999694824219,1670250,0.0,0.0
2021-06-07 00:00:00-04:00,12.4399995803833,13.119999885559082,12.239999771118164,12.960000038146973,1644025,0.0,0.0
2021-06-08 00:00:00-04:00,13.055999755859375,13.15999984741211,12.520000457763672,13.039999961853027,1673375,0.0,0.0
2021-06-09 00:00:00-04:00,13.0,14.079999923706055,12.847999572753906,13.079999923706055,3063525,0.0,0.0
2021-06-10 00:00:00-04:00,13.199999809265137,13.399999618530273,12.399999618530273,12.640000343322754,1588475,0.0,0.0
2021-06-11 00:00:00-04:00,12.680000305175781,13.0,12.600000381469727,12.720000267028809,1265450,0.0,0.0
2021-06-14 00:00:00-04:00,12.680000305175781,13.199999809265137,12.359999656677246,12.5600004196167,1452375,0.0,0.0
2021-06-15 00:00:00-04:00,12.4399995803833,12.84000015258789,12.199999809265137,12.319999694824219,1410475,0.0,0.0
2021-06-16 00:00:00-04:00,12.239999771118164,12.5600004196167,11.920000076293945,12.15999984741211,1366800,0.0,0.0
2021-06-17 00:00:00-04:00,12.052000045776367,12.699999809265137,12.039999961853027,12.15999984741211,1156875,0.0,0.0
2021-06-18 00:00:00-04:00,12.239999771118164,12.35200023651123,11.520000457763672,11.640000343322754,1306225,0.0,0.0
2021-06-21 00:00:00-04:00,11.772000312805176,11.772000312805176,11.199999809265137,11.680000305175781,1214450,0.0,0.0
2021-06-22 00:00:00-04:00,11.576000213623047,11.772000312805176,11.239999771118164,11.399999618530273,822800,0.0,0.0
2021-06-23 00:00:00-04:00,11.5600004196167,12.0,11.48799991607666,11.880000114440918,855650,0.0,0.0
2021-06-24 00:00:00-04:00,12.0,12.520000457763672,11.920000076293945,12.279999732971191,1222350,0.0,0.0
2021-06-25 00:00:00-04:00,12.199999809265137,12.35200023651123,11.760000228881836,11.760000228881836,1054750,0.0,0.0
2021-06-28 00:00:00-04:00,11.760000228881836,12.199999809265137,11.5600004196167,11.680000305175781,1248575,0.0,0.0
2021-06-29 00:00:00-04:00,11.795999526977539,12.15999984741211,11.319999694824219,11.4399995803833,1182625,0.0,0.0
2021-06-30 00:00:00-04:00,11.399999618530273,11.800000190734863,11.199999809265137,11.4399995803833,1021500,0.0,0.0
2021-07-01 00:00:00-04:00,11.444000244140625,11.51200008392334,10.84000015258789,11.319999694824219,1383550,0.0,0.0
2021-07-02 00:00:00-04:00,11.239999771118164,11.479999542236328,10.800000190734863,10.920000076293945,956375,0.0,0.0
2021-07-06 00:00:00-04:00,10.920000076293945,11.359999656677246,10.479999542236328,10.520000457763672,1542625,0.0,0.0
2021-07-07 00:00:00-04:00,10.531999588012695,10.680000305175781,10.079999923706055,10.399999618530273,1085925,0.0,0.0
2021-07-08 00:00:00-04:00,10.15999984741211,10.640000343322754,10.119999885559082,10.520000457763672,934175,0.0,0.0
2021-07-09 00:00:00-04:00,10.600000381469727,10.680000305175781,10.239999771118164,10.5600004196167,907900,0.0,0.0
2021-07-12 00:00:00-04:00,10.640000343322754,10.84000015258789,10.239999771118164,10.600000381469727,1060125,0.0,0.0
2021-07-13 00:00:00-04:00,11.5600004196167,12.520000457763672,11.359999656677246,11.760000228881836,6196050,0.0,0.0
2021-07-14 00:00:00-04:00,12.15999984741211,12.15999984741211,10.479999542236328,10.5600004196167,2804675,0.0,0.0
2021-07-15 00:00:00-04:00,10.699999809265137,11.0,10.359999656677246,10.680000305175781,1189400,0.0,0.0
2021-07-16 00:00:00-04:00,10.640000343322754,10.715999603271484,9.920000076293945,10.079999923706055,1653575,0.0,0.0
2021-07-19 00:00:00-04:00,9.800000190734863,10.399999618530273,9.640000343322754,10.079999923706055,1352100,0.0,0.0
2021-07-20 00:00:00-04:00,10.15999984741211,10.319999694824219,9.640000343322754,10.279999732971191,1197300,0.0,0.0
2021-07-21 00:00:00-04:00,10.211999893188477,10.720000267028809,10.119999885559082,10.479999542236328,1229975,0.0,0.0
2021-07-22 00:00:00-04:00,10.520000457763672,10.520000457763672,9.920000076293945,10.0,1303850,0.0,0.0
2021-07-23 00:00:00-04:00,10.079999923706055,10.079999923706055,9.720000267028809,9.84000015258789,1014725,0.0,0.0
2021-07-26 00:00:00-04:00,9.880000114440918,10.520000457763672,9.760000228881836,10.319999694824219,1213300,0.0,0.0
2021-07-27 00:00:00-04:00,10.239999771118164,10.319999694824219,9.640000343322754,9.84000015258789,1258975,0.0,0.0
2021-07-28 00:00:00-04:00,10.119999885559082,11.039999961853027,10.0,10.920000076293945,2340925,0.0,0.0
2021-07-29 00:00:00-04:00,10.880000114440918,11.0,10.399999618530273,10.600000381469727,1256450,0.0,0.0
2021-07-30 00:00:00-04:00,10.399999618530273,10.859999656677246,10.319999694824219,10.479999542236328,725900,0.0,0.0
2021-08-02 00:00:00-04:00,10.508000373840332,10.763999938964844,10.359999656677246,10.359999656677246,538175,0.0,0.0
2021-08-03 00:00:00-04:00,10.479999542236328,10.479999542236328,10.15999984741211,10.319999694824219,1054900,0.0,0.0
2021-08-04 00:00:00-04:00,10.199999809265137,10.479999542236328,9.880000114440918,9.960000038146973,1453150,0.0,0.0
2021-08-05 00:00:00-04:00,9.960000038146973,10.920000076293945,9.87600040435791,10.680000305175781,1514200,0.0,0.0
2021-08-06 00:00:00-04:00,10.760000228881836,10.880000114440918,10.359999656677246,10.760000228881836,900475,0.0,0.0
2021-08-09 00:00:00-04:00,10.607999801635742,11.0,10.34000015258789,10.960000038146973,1030975,0.0,0.0
2021-08-10 00:00:00-04:00,10.960000038146973,11.199999809265137,10.520000457763672,10.920000076293945,1383775,0.0,0.0
2021-08-11 00:00:00-04:00,10.920000076293945,10.960000038146973,10.600000381469727,10.760000228881836,867975,0.0,0.0
2021-08-12 00:00:00-04:00,10.760000228881836,10.760000228881836,10.479999542236328,10.720000267028809,705975,0.0,0.0
2021-08-13 00:00:00-04:00,10.699999809265137,11.680000305175781,10.399999618530273,11.600000381469727,2617125,0.0,0.0
2021-08-16 00:00:00-04:00,11.199999809265137,11.279999732971191,9.920000076293945,9.920000076293945,2402000,0.0,0.0
2021-08-17 00:00:00-04:00,9.960000038146973,10.119999885559082,9.760000228881836,9.84000015258789,1276750,0.0,0.0
2021-08-18 00:00:00-04:00,9.960000038146973,10.279999732971191,9.359999656677246,9.760000228881836,1749975,0.0,0.0
2021-08-19 00:00:00-04:00,9.640000343322754,9.760000228881836,9.239999771118164,9.399999618530273,1526775,0.0,0.0
2021-08-20 00:00:00-04:00,9.279999732971191,9.680000305175781,9.199999809265137,9.4399995803833,1093250,0.0,0.0
2021-08-23 00:00:00-04:00,9.5600004196167,10.199999809265137,9.479999542236328,10.15999984741211,1447825,0.0,0.0
2021-08-24 00:00:00-04:00,10.15999984741211,10.600000381469727,9.920000076293945,10.600000381469727,1588800,0.0,0.0
2021-08-25 00:00:00-04:00,10.395999908447266,10.84000015258789,10.119999885559082,10.359999656677246,1935050,0.0,0.0
2021-08-26 00:00:00-04:00,10.279999732971191,10.859999656677246,10.13599967956543,10.199999809265137,1810900,0.0,0.0
2021-08-27 00:00:00-04:00,10.239999771118164,10.680000305175781,10.079999923706055,10.479999542236328,1335550,0.0,0.0
2021-08-30 00:00:00-04:00,10.520000457763672,10.5600004196167,10.039999961853027,10.319999694824219,1118800,0.0,0.0
2021-08-31 00:00:00-04:00,10.295999526977539,11.0,10.248000144958496,10.680000305175781,1324050,0.0,0.0
2021-09-01 00:00:00-04:00,10.644000053405762,11.119999885559082,10.319999694824219,10.4399995803833,1151725,0.0,0.0
2021-09-02 00:00:00-04:00,10.600000381469727,11.079999923706055,10.399999618530273,10.960000038146973,1352775,0.0,0.0
2021-09-03 00:00:00-04:00,10.920000076293945,11.116000175476074,10.520000457763672,10.600000381469727,1056800,0.0,0.0
2021-09-07 00:00:00-04:00,10.520000457763672,10.920000076293945,10.4399995803833,10.4399995803833,1437750,0.0,0.0
2021-09-08 00:00:00-04:00,10.479999542236328,10.539999961853027,10.039999961853027,10.15999984741211,1334975,0.0,0.0
2021-09-09 00:00:00-04:00,10.15999984741211,10.479999542236328,10.079999923706055,10.199999809265137,1300700,0.0,0.0
2021-09-10 00:00:00-04:00,10.263999938964844,10.263999938964844,9.800000190734863,9.84000015258789,1334200,0.0,0.0
2021-09-13 00:00:00-04:00,9.880000114440918,10.039999961853027,9.520000457763672,9.880000114440918,938350,0.0,0.0
2021-09-14 00:00:00-04:00,9.880000114440918,10.0,9.479999542236328,9.600000381469727,839175,0.0,0.0
2021-09-15 00:00:00-04:00,9.552000045776367,9.9399995803833,9.479999542236328,9.680000305175781,1246375,0.0,0.0
2021-09-16 00:00:00-04:00,9.64799976348877,9.920000076293945,9.4399995803833,9.600000381469727,1069825,0.0,0.0
2021-09-17 00:00:00-04:00,9.600000381469727,9.84000015258789,9.399999618530273,9.600000381469727,1603200,0.0,0.0
2021-09-20 00:00:00-04:00,9.300000190734863,9.4399995803833,9.039999961853027,9.279999732971191,1508975,0.0,0.0
2021-09-21 00:00:00-04:00,9.319999694824219,9.5600004196167,9.092000007629395,9.279999732971191,1350000,0.0,0.0
2021-09-22 00:00:00-04:00,9.392000198364258,9.680000305175781,9.319999694824219,9.640000343322754,1361275,0.0,0.0
2021-09-23 00:00:00-04:00,9.720000267028809,10.15999984741211,9.720000267028809,10.0,1588600,0.0,0.0
2021-09-24 00:00:00-04:00,9.84000015258789,9.928000450134277,9.600000381469727,9.680000305175781,736150,0.0,0.0
2021-09-27 00:00:00-04:00,9.640000343322754,10.079999923706055,9.479999542236328,9.84000015258789,1348450,0.0,0.0
2021-09-28 00:00:00-04:00,9.760000228881836,9.96399974822998,9.479999542236328,9.520000457763672,1583050,0.0,0.0
2021-09-29 00:00:00-04:00,9.5600004196167,9.640000343322754,9.239999771118164,9.239999771118164,1246475,0.0,0.0
2021-09-30 00:00:00-04:00,9.319999694824219,9.399999618530273,9.119999885559082,9.199999809265137,1183950,0.0,0.0
2021-10-01 00:00:00-04:00,9.239999771118164,9.300000190734863,8.880000114440918,9.079999923706055,1411425,0.0,0.0
2021-10-04 00:00:00-04:00,8.920000076293945,9.0,8.680000305175781,8.800000190734863,1393450,0.0,0.0
2021-10-05 00:00:00-04:00,8.784000396728516,9.359999656677246,8.739999771118164,9.15999984741211,1144475,0.0,0.0
2021-10-06 00:00:00-04:00,9.0,9.319999694824219,8.855999946594238,9.199999809265137,913200,0.0,0.0
2021-10-07 00:00:00-04:00,9.239999771118164,9.520000457763672,8.960000038146973,9.119999885559082,1363100,0.0,0.0
2021-10-08 00:00:00-04:00,9.119999885559082,9.359999656677246,9.0,9.0,893950,0.0,0.0
2021-10-11 00:00:00-04:00,8.928000450134277,9.079999923706055,8.84000015258789,8.880000114440918,812000,0.0,0.0
2021-10-12 00:00:00-04:00,8.920000076293945,9.239999771118164,8.880000114440918,8.960000038146973,896875,0.0,0.0
2021-10-13 00:00:00-04:00,8.960000038146973,9.119999885559082,8.920000076293945,9.0,728775,0.0,0.0
2021-10-14 00:00:00-04:00,9.039999961853027,9.600000381469727,9.039999961853027,9.199999809265137,1432225,0.0,0.0
2021-10-15 00:00:00-04:00,9.239999771118164,9.279999732971191,8.880000114440918,8.960000038146973,952275,0.0,0.0
2021-10-18 00:00:00-04:00,8.880000114440918,9.079999923706055,8.800000190734863,8.84000015258789,1099750,0.0,0.0
2021-10-19 00:00:00-04:00,8.84000015258789,9.479999542236328,8.800000190734863,9.4399995803833,2264575,0.0,0.0
2021-10-20 00:00:00-04:00,9.399999618530273,9.720000267028809,9.039999961853027,9.520000457763672,1849125,0.0,0.0
2021-10-21 00:00:00-04:00,9.399999618530273,10.119999885559082,9.359999656677246,9.760000228881836,1886550,0.0,0.0
2021-10-22 00:00:00-04:00,9.600000381469727,9.680000305175781,9.15999984741211,9.359999656677246,1321150,0.0,0.0
2021-10-25 00:00:00-04:00,9.279999732971191,9.479999542236328,9.15999984741211,9.279999732971191,1572725,0.0,0.0
2021-10-26 00:00:00-04:00,9.239999771118164,9.399999618530273,9.0,9.079999923706055,1710725,0.0,0.0
2021-10-27 00:00:00-04:00,9.039999961853027,9.279999732971191,8.920000076293945,8.960000038146973,975825,0.0,0.0
2021-10-28 00:00:00-04:00,8.960000038146973,9.15999984741211,8.84000015258789,9.079999923706055,1252975,0.0,0.0
2021-10-29 00:00:00-04:00,9.0,9.15999984741211,8.800000190734863,8.84000015258789,1464750,0.0,0.0
2021-11-01 00:00:00-04:00,8.880000114440918,9.4399995803833,8.800000190734863,9.199999809265137,1504000,0.0,0.0
2021-11-02 00:00:00-04:00,9.199999809265137,9.300000190734863,8.960000038146973,9.079999923706055,1022200,0.0,0.0
2021-11-03 00:00:00-04:00,9.0,9.5600004196167,8.960000038146973,9.319999694824219,978050,0.0,0.0
2021-11-04 00:00:00-04:00,9.399999618530273,9.600000381469727,9.239999771118164,9.239999771118164,1088900,0.0,0.0
2021-11-05 00:00:00-04:00,9.199999809265137,9.279999732971191,8.84000015258789,9.119999885559082,1915675,0.0,0.0
2021-11-08 00:00:00-05:00,9.199999809265137,10.0,9.15999984741211,9.920000076293945,3433600,0.0,0.0
2021-11-09 00:00:00-05:00,9.760000228881836,9.800000190734863,9.199999809265137,9.359999656677246,3410250,0.0,0.0
2021-11-10 00:00:00-05:00,9.199999809265137,9.399999618530273,8.920000076293945,8.960000038146973,3111100,0.0,0.0
2021-11-11 00:00:00-05:00,9.039999961853027,9.15999984741211,8.84000015258789,8.84000015258789,3157850,0.0,0.0
2021-11-12 00:00:00-05:00,9.039999961853027,9.479999542236328,8.760000228881836,9.319999694824219,6977725,0.0,0.0
2021-11-15 00:00:00-05:00,9.404000282287598,10.199999809265137,9.279999732971191,9.520000457763672,4395400,0.0,0.0
2021-11-16 00:00:00-05:00,9.5600004196167,9.600000381469727,9.119999885559082,9.399999618530273,2241150,0.0,0.0
2021-11-17 00:00:00-05:00,9.279999732971191,9.520000457763672,8.880000114440918,8.880000114440918,2163900,0.0,0.0
2021-11-18 00:00:00-05:00,8.920000076293945,8.960000038146973,7.960000038146973,8.0600004196167,3196000,0.0,0.0
2021-11-19 00:00:00-05:00,8.199999809265137,8.279999732971191,7.960000038146973,8.0,1850100,0.0,0.0
2021-11-22 00:00:00-05:00,8.079999923706055,8.079999923706055,7.320000171661377,7.440000057220459,3538450,0.0,0.0
2021-11-23 00:00:00-05:00,7.760000228881836,8.5600004196167,7.760000228881836,8.119999885559082,3575875,0.0,0.0
2021-11-24 00:00:00-05:00,8.079999923706055,8.720000267028809,7.840000152587891,8.640000343322754,2014800,0.0,0.0
2021-11-26 00:00:00-05:00,8.239999771118164,8.760000228881836,8.239999771118164,8.640000343322754,1437800,0.0,0.0
2021-11-29 00:00:00-05:00,8.640000343322754,8.680000305175781,8.0,8.039999961853027,2228450,0.0,0.0
2021-11-30 00:00:00-05:00,8.0,8.359999656677246,7.71999979019165,8.15999984741211,2058525,0.0,0.0
2021-12-01 00:00:00-05:00,8.199999809265137,8.359999656677246,7.599999904632568,7.599999904632568,2062825,0.0,0.0
2021-12-02 00:00:00-05:00,7.639999866485596,7.920000076293945,7.480000019073486,7.800000190734863,1545575,0.0,0.0
2021-12-03 00:00:00-05:00,7.800000190734863,7.840000152587891,7.199999809265137,7.28000020980835,2110525,0.0,0.0
2021-12-06 00:00:00-05:00,7.159999847412109,7.579999923706055,6.840000152587891,7.480000019073486,2601875,0.0,0.0
2021-12-07 00:00:00-05:00,7.559999942779541,8.199999809265137,7.559999942779541,8.0,1968475,0.0,0.0
2021-12-08 00:00:00-05:00,7.920000076293945,8.520000457763672,7.860000133514404,8.279999732971191,1869100,0.0,0.0
2021-12-09 00:00:00-05:00,8.119999885559082,8.399999618530273,8.039999961853027,8.119999885559082,1001900,0.0,0.0
2021-12-10 00:00:00-05:00,8.0,8.319999694824219,7.71999979019165,7.71999979019165,940825,0.0,0.0
2021-12-13 00:00:00-05:00,7.71999979019165,7.760000228881836,7.360000133514404,7.559999942779541,1447650,0.0,0.0
2021-12-14 00:00:00-05:00,7.432000160217285,7.599999904632568,7.159999847412109,7.199999809265137,1848100,0.0,0.0
2021-12-15 00:00:00-05:00,7.199999809265137,7.400000095367432,6.880000114440918,7.28000020980835,1516825,0.0,0.0
2021-12-16 00:00:00-05:00,7.360000133514404,7.519999980926514,7.159999847412109,7.239999771118164,1675175,0.0,0.0
2021-12-17 00:00:00-05:00,7.159999847412109,7.679999828338623,7.019999980926514,7.599999904632568,1642900,0.0,0.0
2021-12-20 00:00:00-05:00,7.400000095367432,7.480000019073486,7.079999923706055,7.360000133514404,1959050,0.0,0.0
2021-12-21 00:00:00-05:00,7.440000057220459,7.960000038146973,7.360000133514404,7.840000152587891,2035625,0.0,0.0
2021-12-22 00:00:00-05:00,7.679999828338623,7.880000114440918,7.519999980926514,7.800000190734863,1678525,0.0,0.0
2021-12-23 00:00:00-05:00,7.71999979019165,8.119999885559082,7.679999828338623,8.0,1167750,0.0,0.0
2021-12-27 00:00:00-05:00,7.980000019073486,7.980000019073486,7.71999979019165,7.760000228881836,545550,0.0,0.0
2021-12-28 00:00:00-05:00,7.771999835968018,7.840000152587891,7.400000095367432,7.400000095367432,781225,0.0,0.0
2021-12-29 00:00:00-05:00,7.440000057220459,7.480000019073486,7.119999885559082,7.119999885559082,1660550,0.0,0.0
2021-12-30 00:00:00-05:00,7.159999847412109,7.519999980926514,7.119999885559082,7.119999885559082,1634425,0.0,0.0
2021-12-31 00:00:00-05:00,7.159999847412109,7.400000095367432,7.0,7.0,1082400,0.0,0.0
2022-01-03 00:00:00-05:00,7.039999961853027,7.420000076293945,6.900000095367432,7.320000171661377,1257525,0.0,0.0
2022-01-04 00:00:00-05:00,7.199999809265137,7.239999771118164,6.840000152587891,6.880000114440918,1509350,0.0,0.0
2022-01-05 00:00:00-05:00,6.920000076293945,7.119999885559082,6.480000019073486,6.559999942779541,1497150,0.0,0.0
2022-01-06 00:00:00-05:00,6.659999847412109,6.699999809265137,6.320000171661377,6.400000095367432,1796325,0.0,0.0
2022-01-07 00:00:00-05:00,6.400000095367432,6.920000076293945,6.383999824523926,6.480000019073486,1463300,0.0,0.0
2022-01-10 00:00:00-05:00,6.708000183105469,6.960000038146973,6.599999904632568,6.920000076293945,2479650,0.0,0.0
2022-01-11 00:00:00-05:00,6.920000076293945,7.199999809265137,6.559999942779541,6.960000038146973,2493075,0.0,0.0
2022-01-12 00:00:00-05:00,7.039999961853027,7.199999809265137,6.800000190734863,6.840000152587891,1529025,0.0,0.0
2022-01-13 00:00:00-05:00,6.840000152587891,7.0,6.599999904632568,6.639999866485596,1280450,0.0,0.0
2022-01-14 00:00:00-05:00,6.544000148773193,6.664000034332275,6.400000095367432,6.559999942779541,1158700,0.0,0.0
2022-01-18 00:00:00-05:00,6.519999980926514,6.584000110626221,6.199999809265137,6.199999809265137,1132575,0.0,0.0
2022-01-19 00:00:00-05:00,6.239999771118164,6.440000057220459,6.159999847412109,6.159999847412109,1199925,0.0,0.0
2022-01-20 00:00:00-05:00,6.28000020980835,6.519999980926514,6.079999923706055,6.079999923706055,1058350,0.0,0.0
2022-01-21 00:00:00-05:00,6.039999961853027,6.079999923706055,5.679999828338623,5.760000228881836,1708125,0.0,0.0
2022-01-24 00:00:00-05:00,5.480000019073486,5.840000152587891,5.199999809265137,5.840000152587891,1809700,0.0,0.0
2022-01-25 00:00:00-05:00,5.679999828338623,5.800000190734863,5.400000095367432,5.599999904632568,1166625,0.0,0.0
2022-01-26 00:00:00-05:00,5.748000144958496,5.800000190734863,5.360000133514404,5.480000019073486,1155400,0.0,0.0
2022-01-27 00:00:00-05:00,5.559999942779541,5.619999885559082,5.199999809265137,5.239999771118164,1055875,0.0,0.0
2022-01-28 00:00:00-05:00,5.320000171661377,5.599999904632568,5.199999809265137,5.599999904632568,1526200,0.0,0.0
2022-01-31 00:00:00-05:00,5.639999866485596,6.079999923706055,5.599999904632568,5.960000038146973,1519675,0.0,0.0
2022-02-01 00:00:00-05:00,6.119999885559082,6.440000057220459,5.940000057220459,6.440000057220459,1488350,0.0,0.0
2022-02-02 00:00:00-05:00,6.480000019073486,6.480000019073486,6.079999923706055,6.119999885559082,877125,0.0,0.0
2022-02-03 00:00:00-05:00,6.039999961853027,6.107999801635742,5.760000228881836,5.800000190734863,806625,0.0,0.0
2022-02-04 00:00:00-05:00,5.800000190734863,6.159999847412109,5.800000190734863,6.079999923706055,766850,0.0,0.0
2022-02-07 00:00:00-05:00,6.079999923706055,6.360000133514404,6.039999961853027,6.199999809265137,803350,0.0,0.0
2022-02-08 00:00:00-05:00,6.159999847412109,6.320000171661377,6.044000148773193,6.320000171661377,800075,0.0,0.0
2022-02-09 00:00:00-05:00,6.480000019073486,6.760000228881836,6.400000095367432,6.679999828338623,1362100,0.0,0.0
2022-02-10 00:00:00-05:00,6.599999904632568,6.880000114440918,6.447999954223633,6.639999866485596,1344675,0.0,0.0
2022-02-11 00:00:00-05:00,6.639999866485596,6.960000038146973,6.519999980926514,6.880000114440918,2458575,0.0,0.0
2022-02-14 00:00:00-05:00,6.679999828338623,6.900000095367432,6.360000133514404,6.400000095367432,1429775,0.0,0.0
2022-02-15 00:00:00-05:00,6.519999980926514,6.840000152587891,6.480000019073486,6.840000152587891,1540775,0.0,0.0
2022-02-16 00:00:00-05:00,6.760000228881836,6.960000038146973,6.599999904632568,6.71999979019165,1293750,0.0,0.0
2022-02-17 00:00:00-05:00,6.71999979019165,6.760000228881836,6.400000095367432,6.400000095367432,659075,0.0,0.0
2022-02-18 00:00:00-05:00,6.440000057220459,6.447999954223633,6.0920000076293945,6.119999885559082,865825,0.0,0.0
2022-02-22 00:00:00-05:00,6.079999923706055,6.119999885559082,5.760000228881836,5.840000152587891,1032675,0.0,0.0
2022-02-23 00:00:00-05:00,5.920000076293945,6.039999961853027,5.599999904632568,5.599999904632568,801250,0.0,0.0
2022-02-24 00:00:00-05:00,5.28000020980835,5.920000076293945,5.199999809265137,5.920000076293945,1037750,0.0,0.0
2022-02-25 00:00:00-05:00,5.920000076293945,6.0,5.71999979019165,5.960000038146973,618050,0.0,0.0
2022-02-28 00:00:00-05:00,5.8480000495910645,6.079999923706055,5.760000228881836,5.960000038146973,1031175,0.0,0.0
2022-03-01 00:00:00-05:00,6.079999923706055,6.079999923706055,5.71999979019165,5.880000114440918,645575,0.0,0.0
2022-03-02 00:00:00-05:00,5.880000114440918,6.0,5.688000202178955,5.880000114440918,661775,0.0,0.0
2022-03-03 00:00:00-05:00,5.920000076293945,5.920000076293945,5.599999904632568,5.639999866485596,785325,0.0,0.0
2022-03-04 00:00:00-05:00,5.599999904632568,5.668000221252441,5.400000095367432,5.519999980926514,666825,0.0,0.0
2022-03-07 00:00:00-05:00,5.440000057220459,5.639999866485596,5.236000061035156,5.239999771118164,899675,0.0,0.0
2022-03-08 00:00:00-05:00,5.320000171661377,5.624000072479248,5.079999923706055,5.440000057220459,955775,0.0,0.0
2022-03-09 00:00:00-05:00,5.599999904632568,5.800000190734863,5.559999942779541,5.71999979019165,744325,0.0,0.0
2022-03-10 00:00:00-05:00,5.599999904632568,5.679999828338623,5.440000057220459,5.599999904632568,601650,0.0,0.0
2022-03-11 00:00:00-05:00,5.599999904632568,5.639999866485596,5.360000133514404,5.360000133514404,490325,0.0,0.0
2022-03-14 00:00:00-04:00,5.320000171661377,5.440000057220459,5.119999885559082,5.199999809265137,1041875,0.0,0.0
2022-03-15 00:00:00-04:00,5.199999809265137,5.480000019073486,5.156000137329102,5.480000019073486,834250,0.0,0.0
2022-03-16 00:00:00-04:00,5.519999980926514,5.71999979019165,5.440000057220459,5.679999828338623,1424600,0.0,0.0
2022-03-17 00:00:00-04:00,5.559999942779541,6.0,5.559999942779541,5.960000038146973,1041950,0.0,0.0
2022-03-18 00:00:00-04:00,5.880000114440918,6.199999809265137,5.840000152587891,6.079999923706055,1174575,0.0,0.0
2022-03-21 00:00:00-04:00,6.039999961853027,6.199999809265137,5.860000133514404,5.960000038146973,1168250,0.0,0.0
2022-03-22 00:00:00-04:00,6.0,6.320000171661377,5.900000095367432,6.28000020980835,886575,0.0,0.0
2022-03-23 00:00:00-04:00,6.28000020980835,6.559999942779541,6.039999961853027,6.079999923706055,1806400,0.0,0.0
2022-03-24 00:00:00-04:00,6.119999885559082,6.71999979019165,5.992000102996826,6.679999828338623,2731250,0.0,0.0
2022-03-25 00:00:00-04:00,7.039999961853027,7.119999885559082,6.599999904632568,7.039999961853027,3352875,0.0,0.0
2022-03-28 00:00:00-04:00,6.760000228881836,6.880000114440918,6.400000095367432,6.800000190734863,1953775,0.0,0.0
2022-03-29 00:00:00-04:00,6.920000076293945,7.199999809265137,6.679999828338623,7.079999923706055,2053575,0.0,0.0
2022-03-30 00:00:00-04:00,7.079999923706055,7.480000019073486,6.840000152587891,6.920000076293945,2589450,0.0,0.0
2022-03-31 00:00:00-04:00,6.960000038146973,7.0,6.639999866485596,6.639999866485596,1512625,0.0,0.0
2022-04-01 00:00:00-04:00,6.760000228881836,7.079999923706055,6.639999866485596,6.71999979019165,2351900,0.0,0.0
2022-04-04 00:00:00-04:00,6.800000190734863,6.995999813079834,6.559999942779541,6.920000076293945,1640525,0.0,0.0
2022-04-05 00:00:00-04:00,6.8480000495910645,7.039999961853027,6.579999923706055,6.639999866485596,1244075,0.0,0.0
2022-04-06 00:00:00-04:00,6.71999979019165,6.760000228881836,6.320000171661377,6.440000057220459,2195750,0.0,0.0
2022-04-07 00:00:00-04:00,6.440000057220459,6.440000057220459,5.960000038146973,6.039999961853027,1231375,0.0,0.0
2022-04-08 00:00:00-04:00,6.039999961853027,6.079999923706055,5.840000152587891,5.920000076293945,869675,0.0,0.0
2022-04-11 00:00:00-04:00,5.880000114440918,6.039999961853027,5.760000228881836,5.960000038146973,1536300,0.0,0.0
2022-04-12 00:00:00-04:00,6.360000133514404,6.800000190734863,6.28000020980835,6.599999904632568,2305075,0.0,0.0
2022-04-13 00:00:00-04:00,6.559999942779541,7.28000020980835,6.519999980926514,7.239999771118164,1257375,0.0,0.0
2022-04-14 00:00:00-04:00,7.159999847412109,7.159999847412109,6.892000198364258,6.960000038146973,1258200,0.0,0.0
2022-04-18 00:00:00-04:00,6.960000038146973,6.960000038146973,6.480000019073486,6.519999980926514,1051650,0.0,0.0
2022-04-19 00:00:00-04:00,6.559999942779541,6.639999866485596,6.360000133514404,6.400000095367432,1005575,0.0,0.0
2022-04-20 00:00:00-04:00,6.400000095367432,6.440000057220459,6.199999809265137,6.320000171661377,979775,0.0,0.0
2022-04-21 00:00:00-04:00,6.320000171661377,6.440000057220459,6.0,6.079999923706055,1250875,0.0,0.0
2022-04-22 00:00:00-04:00,6.039999961853027,6.199999809265137,5.78000020980835,5.840000152587891,1224250,0.0,0.0
2022-04-25 00:00:00-04:00,5.71999979019165,5.880000114440918,5.639999866485596,5.71999979019165,1028050,0.0,0.0
2022-04-26 00:00:00-04:00,5.71999979019165,5.760000228881836,5.519999980926514,5.599999904632568,1823975,0.0,0.0
2022-04-27 00:00:00-04:00,5.639999866485596,5.71999979019165,5.460000038146973,5.599999904632568,1642300,0.0,0.0
2022-04-28 00:00:00-04:00,5.639999866485596,5.840000152587891,5.400000095367432,5.71999979019165,1421450,0.0,0.0
2022-04-29 00:00:00-04:00,5.639999866485596,5.960000038146973,5.599999904632568,5.639999866485596,854825,0.0,0.0
2022-05-02 00:00:00-04:00,5.599999904632568,5.960000038146973,5.519999980926514,5.960000038146973,2069975,0.0,0.0
2022-05-03 00:00:00-04:00,5.880000114440918,6.0279998779296875,5.679999828338623,5.760000228881836,1681700,0.0,0.0
2022-05-04 00:00:00-04:00,5.760000228881836,5.960000038146973,5.480000019073486,5.920000076293945,1753150,0.0,0.0
2022-05-05 00:00:00-04:00,5.840000152587891,5.880000114440918,5.440000057220459,5.480000019073486,1327950,0.0,0.0
2022-05-06 00:00:00-04:00,5.480000019073486,5.519999980926514,5.199999809265137,5.360000133514404,1654775,0.0,0.0
2022-05-09 00:00:00-04:00,5.28000020980835,5.320000171661377,4.880000114440918,4.920000076293945,1459325,0.0,0.0
2022-05-10 00:00:00-04:00,5.079999923706055,5.199999809265137,4.820000171661377,4.960000038146973,2579425,0.0,0.0
2022-05-11 00:00:00-04:00,4.880000114440918,5.039999961853027,4.559999942779541,4.559999942779541,1422675,0.0,0.0
2022-05-12 00:00:00-04:00,4.480000019073486,4.800000190734863,4.400000095367432,4.599999904632568,1947275,0.0,0.0
2022-05-13 00:00:00-04:00,4.760000228881836,5.039999961853027,4.688000202178955,4.920000076293945,2728125,0.0,0.0
2022-05-16 00:00:00-04:00,4.880000114440918,5.239999771118164,4.800000190734863,5.119999885559082,2254350,0.0,0.0
2022-05-17 00:00:00-04:00,5.28000020980835,5.400000095367432,5.159999847412109,5.320000171661377,1299425,0.0,0.0
2022-05-18 00:00:00-04:00,5.28000020980835,5.320000171661377,4.840000152587891,4.840000152587891,1324875,0.0,0.0
2022-05-19 00:00:00-04:00,4.840000152587891,5.079999923706055,4.71999979019165,5.0,872825,0.0,0.0
2022-05-20 00:00:00-04:00,5.039999961853027,5.119999885559082,4.71999979019165,4.840000152587891,1167075,0.0,0.0
2022-05-23 00:00:00-04:00,4.800000190734863,4.840000152587891,4.599999904632568,4.599999904632568,1264225,0.0,0.0
2022-05-24 00:00:00-04:00,4.599999904632568,4.760000228881836,4.440000057220459,4.559999942779541,1155300,0.0,0.0
2022-05-25 00:00:00-04:00,4.480000019073486,4.679999828338623,4.480000019073486,4.599999904632568,1362175,0.0,0.0
2022-05-26 00:00:00-04:00,4.559999942779541,4.880000114440918,4.559999942779541,4.840000152587891,915325,0.0,0.0
2022-05-27 00:00:00-04:00,4.71999979019165,4.800000190734863,4.519999980926514,4.639999866485596,1178825,0.0,0.0
2022-05-31 00:00:00-04:00,4.760000228881836,4.760000228881836,4.559999942779541,4.599999904632568,986700,0.0,0.0
2022-06-01 00:00:00-04:00,4.599999904632568,4.699999809265137,4.400000095367432,4.440000057220459,821675,0.0,0.0
2022-06-02 00:00:00-04:00,4.440000057220459,4.679999828338623,4.320000171661377,4.519999980926514,1175025,0.0,0.0
2022-06-03 00:00:00-04:00,4.559999942779541,4.599999904632568,4.440000057220459,4.480000019073486,832325,0.0,0.0
2022-06-06 00:00:00-04:00,4.519999980926514,4.539999961853027,4.28000020980835,4.320000171661377,862175,0.0,0.0
2022-06-07 00:00:00-04:00,4.28000020980835,4.559999942779541,4.28000020980835,4.559999942779541,595900,0.0,0.0
2022-06-08 00:00:00-04:00,4.519999980926514,4.71999979019165,4.480000019073486,4.559999942779541,655250,0.0,0.0
2022-06-09 00:00:00-04:00,4.480000019073486,4.599999904632568,4.28000020980835,4.320000171661377,733800,0.0,0.0
2022-06-10 00:00:00-04:00,4.28000020980835,4.320000171661377,4.119999885559082,4.199999809265137,784925,0.0,0.0
2022-06-13 00:00:00-04:00,3.9600000381469727,4.0,3.759999990463257,3.759999990463257,673650,0.0,0.0
2022-06-14 00:00:00-04:00,3.7320001125335693,3.8480000495910645,3.687999963760376,3.7320001125335693,512100,0.0,0.0
2022-06-15 00:00:00-04:00,3.75600004196167,3.9560000896453857,3.687999963760376,3.9079999923706055,501625,0.0,0.0
2022-06-16 00:00:00-04:00,3.799999952316284,3.871999979019165,3.640000104904175,3.6760001182556152,428875,0.0,0.0
2022-06-17 00:00:00-04:00,3.6440000534057617,3.871999979019165,3.6440000534057617,3.7639999389648438,216350,0.0,0.0
2022-06-21 00:00:00-04:00,3.880000114440918,3.880000114440918,3.759999990463257,3.759999990463257,298875,0.0,0.0
2022-06-22 00:00:00-04:00,3.752000093460083,3.859999895095825,3.7079999446868896,3.7200000286102295,242700,0.0,0.0
2022-06-23 00:00:00-04:00,3.7200000286102295,3.9760000705718994,3.7160000801086426,3.944000005722046,312275,0.0,0.0
2022-06-24 00:00:00-04:00,4.0,4.28000020980835,3.98799991607666,4.239999771118164,719700,0.0,0.0
2022-06-27 00:00:00-04:00,4.28000020980835,4.360000133514404,4.119999885559082,4.360000133514404,459750,0.0,0.0
2022-06-28 00:00:00-04:00,4.440000057220459,4.480000019073486,4.039999961853027,4.039999961853027,512775,0.0,0.0
2022-06-29 00:00:00-04:00,4.039999961853027,4.039999961853027,3.8399999141693115,3.880000114440918,403800,0.0,0.0
2022-06-30 00:00:00-04:00,3.799999952316284,3.803999900817871,3.640000104904175,3.6679999828338623,171775,0.0,0.0
2022-07-01 00:00:00-04:00,3.7039999961853027,3.808000087738037,3.684000015258789,3.759999990463257,101900,0.0,0.0
2022-07-05 00:00:00-04:00,3.680000066757202,3.8519999980926514,3.5999999046325684,3.819999933242798,202100,0.0,0.0
2022-07-06 00:00:00-04:00,3.7799999713897705,4.119999885559082,3.759999990463257,4.0,284300,0.0,0.0
2022-07-07 00:00:00-04:00,4.039999961853027,4.199999809265137,4.0,4.199999809265137,398200,0.0,0.0
2022-07-08 00:00:00-04:00,4.159999847412109,4.199999809265137,4.039999961853027,4.199999809265137,369925,0.0,0.0
2022-07-11 00:00:00-04:00,4.119999885559082,4.184000015258789,4.0,4.079999923706055,326600,0.0,0.0
2022-07-12 00:00:00-04:00,4.079999923706055,4.400000095367432,4.059999942779541,4.28000020980835,340950,0.0,0.0
2022-07-13 00:00:00-04:00,4.239999771118164,4.400000095367432,4.159999847412109,4.320000171661377,643500,0.0,0.0
2022-07-14 00:00:00-04:00,4.199999809265137,4.28000020980835,3.799999952316284,4.199999809265137,1520100,0.0,0.0
2022-07-15 00:00:00-04:00,4.239999771118164,4.28000020980835,4.0,4.059999942779541,446700,0.0,0.0
2022-07-18 00:00:00-04:00,4.039999961853027,4.400000095367432,4.039999961853027,4.239999771118164,1228375,0.0,0.0
2022-07-19 00:00:00-04:00,4.400000095367432,4.480000019073486,4.239999771118164,4.320000171661377,656525,0.0,0.0
2022-07-20 00:00:00-04:00,4.320000171661377,4.800000190734863,4.260000228881836,4.639999866485596,1530250,0.0,0.0
2022-07-21 00:00:00-04:00,4.71999979019165,4.71999979019165,4.400000095367432,4.440000057220459,540450,0.0,0.0
2022-07-22 00:00:00-04:00,4.440000057220459,4.519999980926514,4.119999885559082,4.199999809265137,835200,0.0,0.0
2022-07-25 00:00:00-04:00,4.199999809265137,4.239999771118164,4.039999961853027,4.159999847412109,833075,0.0,0.0
2022-07-26 00:00:00-04:00,4.119999885559082,4.159999847412109,4.0,4.039999961853027,171350,0.0,0.0
2022-07-27 00:00:00-04:00,4.039999961853027,4.119999885559082,4.0,4.079999923706055,158600,0.0,0.0
2022-07-28 00:00:00-04:00,4.079999923706055,4.28000020980835,4.039999961853027,4.239999771118164,359600,0.0,0.0
2022-07-29 00:00:00-04:00,4.159999847412109,4.320000171661377,4.079999923706055,4.28000020980835,389575,0.0,0.0
2022-08-01 00:00:00-04:00,4.28000020980835,4.320000171661377,4.199999809265137,4.28000020980835,293925,0.0,0.0
2022-08-02 00:00:00-04:00,4.239999771118164,4.559999942779541,4.199999809265137,4.519999980926514,525225,0.0,0.0
2022-08-03 00:00:00-04:00,4.519999980926514,4.639999866485596,4.440000057220459,4.519999980926514,234975,0.0,0.0
2022-08-04 00:00:00-04:00,4.559999942779541,4.599999904632568,4.320000171661377,4.400000095367432,326650,0.0,0.0
2022-08-05 00:00:00-04:00,4.320000171661377,4.480000019073486,4.248000144958496,4.440000057220459,249425,0.0,0.0
2022-08-08 00:00:00-04:00,4.480000019073486,4.800000190734863,4.360000133514404,4.760000228881836,855925,0.0,0.0
2022-08-09 00:00:00-04:00,4.679999828338623,4.71999979019165,4.320000171661377,4.360000133514404,351150,0.0,0.0
2022-08-10 00:00:00-04:00,4.480000019073486,4.559999942779541,4.320000171661377,4.519999980926514,353975,0.0,0.0
2022-08-11 00:00:00-04:00,4.559999942779541,4.800000190734863,4.440000057220459,4.440000057220459,516900,0.0,0.0
2022-08-12 00:00:00-04:00,4.519999980926514,4.71999979019165,4.4679999351501465,4.71999979019165,283850,0.0,0.0
2022-08-15 00:00:00-04:00,4.679999828338623,5.079999923706055,4.559999942779541,4.960000038146973,1127175,0.0,0.0
2022-08-16 00:00:00-04:00,4.960000038146973,4.960000038146973,4.679999828338623,4.760000228881836,729775,0.0,0.0
2022-08-17 00:00:00-04:00,4.679999828338623,4.880000114440918,4.559999942779541,4.559999942779541,704525,0.0,0.0
2022-08-18 00:00:00-04:00,4.559999942779541,4.599999904632568,4.360000133514404,4.400000095367432,491850,0.0,0.0
2022-08-19 00:00:00-04:00,4.360000133514404,4.400000095367432,4.039999961853027,4.119999885559082,1120850,0.0,0.0
2022-08-22 00:00:00-04:00,4.119999885559082,4.1479997634887695,4.0,4.119999885559082,523025,0.0,0.0
2022-08-23 00:00:00-04:00,4.079999923706055,4.239999771118164,4.039999961853027,4.119999885559082,510650,0.0,0.0
2022-08-24 00:00:00-04:00,4.119999885559082,4.400000095367432,4.079999923706055,4.360000133514404,510650,0.0,0.0
2022-08-25 00:00:00-04:00,4.440000057220459,4.679999828338623,4.360000133514404,4.559999942779541,640825,0.0,0.0
2022-08-26 00:00:00-04:00,4.599999904632568,4.679999828338623,4.320000171661377,4.360000133514404,431050,0.0,0.0
2022-08-29 00:00:00-04:00,4.239999771118164,4.440000057220459,4.211999893188477,4.440000057220459,226225,0.0,0.0
2022-08-30 00:00:00-04:00,4.400000095367432,4.440000057220459,4.159999847412109,4.199999809265137,248500,0.0,0.0
2022-08-31 00:00:00-04:00,4.239999771118164,4.340000152587891,4.199999809265137,4.28000020980835,208325,0.0,0.0
2022-09-01 00:00:00-04:00,4.199999809265137,4.239999771118164,4.039999961853027,4.159999847412109,243400,0.0,0.0
2022-09-02 00:00:00-04:00,4.199999809265137,4.320000171661377,4.099999904632568,4.119999885559082,244700,0.0,0.0
2022-09-06 00:00:00-04:00,4.079999923706055,4.159999847412109,4.039999961853027,4.039999961853027,224250,0.0,0.0
2022-09-07 00:00:00-04:00,4.079999923706055,4.079999923706055,4.0,4.039999961853027,272225,0.0,0.0
2022-09-08 00:00:00-04:00,4.0,4.159999847412109,4.0,4.159999847412109,193450,0.0,0.0
2022-09-09 00:00:00-04:00,4.159999847412109,4.400000095367432,4.159999847412109,4.239999771118164,300000,0.0,0.0
2022-09-12 00:00:00-04:00,4.239999771118164,4.440000057220459,4.239999771118164,4.400000095367432,206575,0.0,0.0
2022-09-13 00:00:00-04:00,4.239999771118164,4.320000171661377,4.079999923706055,4.119999885559082,156875,0.0,0.0
2022-09-14 00:00:00-04:00,4.199999809265137,4.199999809265137,4.035999774932861,4.119999885559082,314500,0.0,0.0
2022-09-15 00:00:00-04:00,4.119999885559082,4.239999771118164,4.039999961853027,4.119999885559082,240775,0.0,0.0
2022-09-16 00:00:00-04:00,4.119999885559082,4.119999885559082,4.0,4.0,274750,0.0,0.0
2022-09-19 00:00:00-04:00,3.9600000381469727,4.079999923706055,3.9000000953674316,4.0,410000,0.0,0.0
2022-09-20 00:00:00-04:00,3.9560000896453857,4.0,3.8399999141693115,3.8480000495910645,210075,0.0,0.0
2022-09-21 00:00:00-04:00,3.8399999141693115,3.9600000381469727,3.7880001068115234,3.7880001068115234,193100,0.0,0.0
2022-09-22 00:00:00-04:00,3.799999952316284,3.799999952316284,3.5999999046325684,3.5999999046325684,275225,0.0,0.0
2022-09-23 00:00:00-04:00,3.5999999046325684,3.635999917984009,3.4839999675750732,3.563999891281128,310075,0.0,0.0
2022-09-26 00:00:00-04:00,3.559999942779541,3.74399995803833,3.4839999675750732,3.5,205025,0.0,0.0
2022-09-27 00:00:00-04:00,3.563999891281128,3.640000104904175,3.51200008392334,3.5799999237060547,175950,0.0,0.0
2022-09-28 00:00:00-04:00,3.568000078201294,3.759999990463257,3.5439999103546143,3.7360000610351562,221850,0.0,0.0
2022-09-29 00:00:00-04:00,3.6640000343322754,3.691999912261963,3.5840001106262207,3.624000072479248,109800,0.0,0.0
2022-09-30 00:00:00-04:00,3.619999885559082,3.6760001182556152,3.48799991607666,3.48799991607666,134775,0.0,0.0
2022-10-03 00:00:00-04:00,3.5999999046325684,3.5999999046325684,3.51200008392334,3.5999999046325684,173075,0.0,0.0
2022-10-04 00:00:00-04:00,3.5999999046325684,3.7160000801086426,3.5999999046325684,3.7079999446868896,169675,0.0,0.0
2022-10-05 00:00:00-04:00,3.628000020980835,3.696000099182129,3.5280001163482666,3.619999885559082,98525,0.0,0.0
2022-10-06 00:00:00-04:00,3.5799999237060547,4.239999771118164,3.559999942779541,4.239999771118164,938500,0.0,0.0
2022-10-07 00:00:00-04:00,4.320000171661377,4.320000171661377,3.759999990463257,3.759999990463257,1092325,0.0,0.0
2022-10-10 00:00:00-04:00,3.759999990463257,3.7960000038146973,3.559999942779541,3.631999969482422,245200,0.0,0.0
2022-10-11 00:00:00-04:00,3.680000066757202,3.680000066757202,3.4079999923706055,3.5360000133514404,251025,0.0,0.0
2022-10-12 00:00:00-04:00,3.5880000591278076,3.5880000591278076,3.4200000762939453,3.5399999618530273,207750,0.0,0.0
2022-10-13 00:00:00-04:00,3.559999942779541,3.700000047683716,3.359999895095825,3.6519999504089355,356725,0.0,0.0
2022-10-14 00:00:00-04:00,3.5999999046325684,3.700000047683716,3.5320000648498535,3.615999937057495,171650,0.0,0.0
2022-10-17 00:00:00-04:00,3.640000104904175,3.752000093460083,3.5999999046325684,3.671999931335449,250400,0.0,0.0
2022-10-18 00:00:00-04:00,3.7200000286102295,3.759999990463257,3.6040000915527344,3.684000015258789,108500,0.0,0.0
2022-10-19 00:00:00-04:00,3.6040000915527344,3.7200000286102295,3.5199999809265137,3.5360000133514404,154825,0.0,0.0
2022-10-20 00:00:00-04:00,3.5199999809265137,3.671999931335449,3.51200008392334,3.5480000972747803,199825,0.0,0.0
2022-10-21 00:00:00-04:00,3.48799991607666,3.611999988555908,3.4800000190734863,3.5840001106262207,122850,0.0,0.0
2022-10-24 00:00:00-04:00,3.5959999561309814,3.640000104904175,3.447999954223633,3.4639999866485596,153675,0.0,0.0
2022-10-25 00:00:00-04:00,3.4600000381469727,3.7760000228881836,3.447999954223633,3.7200000286102295,290000,0.0,0.0
2022-10-26 00:00:00-04:00,3.759999990463257,3.9600000381469727,3.680000066757202,3.880000114440918,255525,0.0,0.0
2022-10-27 00:00:00-04:00,3.880000114440918,3.9200000762939453,3.7920000553131104,3.812000036239624,136625,0.0,0.0
2022-10-28 00:00:00-04:00,3.880000114440918,3.9159998893737793,3.759999990463257,3.8919999599456787,125325,0.0,0.0
2022-10-31 00:00:00-04:00,3.9040000438690186,4.199999809265137,3.8919999599456787,4.079999923706055,443550,0.0,0.0
2022-11-01 00:00:00-04:00,4.079999923706055,4.119999885559082,3.947999954223633,4.039999961853027,223550,0.0,0.0
2022-11-02 00:00:00-04:00,4.0,4.039999961853027,3.7639999389648438,3.7679998874664307,497850,0.0,0.0
2022-11-03 00:00:00-04:00,3.759999990463257,4.039999961853027,3.7200000286102295,3.8919999599456787,133025,0.0,0.0
2022-11-04 00:00:00-04:00,4.0,4.039999961853027,3.812000036239624,3.8959999084472656,118200,0.0,0.0
2022-11-07 00:00:00-05:00,3.871999979019165,3.9200000762939453,3.803999900817871,3.8519999980926514,108425,0.0,0.0
2022-11-08 00:00:00-05:00,3.8919999599456787,3.9079999923706055,3.7039999961853027,3.759999990463257,238275,0.0,0.0
2022-11-09 00:00:00-05:00,3.7279999256134033,3.8399999141693115,3.5999999046325684,3.6080000400543213,219050,0.0,0.0
2022-11-10 00:00:00-05:00,3.7200000286102295,3.859999895095825,3.7200000286102295,3.8399999141693115,226875,0.0,0.0
2022-11-11 00:00:00-05:00,3.8399999141693115,4.079999923706055,3.759999990463257,3.940000057220459,308875,0.0,0.0
2022-11-14 00:00:00-05:00,4.039999961853027,4.159999847412109,3.931999921798706,4.079999923706055,359600,0.0,0.0
2022-11-15 00:00:00-05:00,4.079999923706055,4.199999809265137,4.039999961853027,4.079999923706055,200625,0.0,0.0
2022-11-16 00:00:00-05:00,4.0,4.079999923706055,3.9760000705718994,4.0,113000,0.0,0.0
2022-11-17 00:00:00-05:00,4.079999923706055,4.199999809265137,4.0,4.079999923706055,330550,0.0,0.0
2022-11-18 00:00:00-05:00,4.119999885559082,4.239999771118164,4.039999961853027,4.239999771118164,308625,0.0,0.0
2022-11-21 00:00:00-05:00,4.119999885559082,4.199999809265137,4.039999961853027,4.119999885559082,188400,0.0,0.0
2022-11-22 00:00:00-05:00,4.119999885559082,4.119999885559082,4.0,4.0,139200,0.0,0.0
2022-11-23 00:00:00-05:00,3.996000051498413,4.079999923706055,3.8959999084472656,4.079999923706055,245825,0.0,0.0
2022-11-25 00:00:00-05:00,4.079999923706055,4.079999923706055,3.98799991607666,4.0,122375,0.0,0.0
2022-11-28 00:00:00-05:00,3.9600000381469727,4.039999961853027,3.8399999141693115,3.9600000381469727,381025,0.0,0.0
2022-11-29 00:00:00-05:00,4.039999961853027,4.199999809265137,4.0,4.0,472875,0.0,0.0
2022-11-30 00:00:00-05:00,4.119999885559082,4.159999847412109,4.0,4.119999885559082,233100,0.0,0.0
2022-12-01 00:00:00-05:00,4.079999923706055,4.400000095367432,4.079999923706055,4.400000095367432,762525,0.0,0.0
2022-12-02 00:00:00-05:00,4.360000133514404,4.800000190734863,4.28000020980835,4.760000228881836,941650,0.0,0.0
2022-12-05 00:00:00-05:00,4.840000152587891,5.079999923706055,4.519999980926514,4.599999904632568,673350,0.0,0.0
2022-12-06 00:00:00-05:00,4.559999942779541,4.639999866485596,4.039999961853027,4.039999961853027,700750,0.0,0.0
2022-12-07 00:00:00-05:00,4.079999923706055,4.119999885559082,3.9600000381469727,3.9600000381469727,350425,0.0,0.0
2022-12-08 00:00:00-05:00,4.0,4.0,3.803999900817871,3.8519999980926514,245750,0.0,0.0
2022-12-09 00:00:00-05:00,3.880000114440918,3.9200000762939453,3.7119998931884766,3.7200000286102295,479950,0.0,0.0
2022-12-12 00:00:00-05:00,3.799999952316284,3.875999927520752,3.7200000286102295,3.747999906539917,212575,0.0,0.0
2022-12-13 00:00:00-05:00,3.864000082015991,3.9200000762939453,3.7119998931884766,3.7119998931884766,215500,0.0,0.0
2022-12-14 00:00:00-05:00,3.7200000286102295,3.759999990463257,3.6480000019073486,3.696000099182129,242150,0.0,0.0
2022-12-15 00:00:00-05:00,3.680000066757202,3.7160000801086426,3.559999942779541,3.559999942779541,210025,0.0,0.0
2022-12-16 00:00:00-05:00,3.5999999046325684,3.635999917984009,3.4519999027252197,3.5799999237060547,402825,0.0,0.0
2022-12-19 00:00:00-05:00,3.555999994277954,3.5959999561309814,3.380000114440918,3.384000062942505,260475,0.0,0.0
2022-12-20 00:00:00-05:00,3.4800000190734863,3.4800000190734863,3.240000009536743,3.240000009536743,226100,0.0,0.0
2022-12-21 00:00:00-05:00,3.2679998874664307,3.3399999141693115,3.2079999446868896,3.3399999141693115,311925,0.0,0.0
2022-12-22 00:00:00-05:00,3.299999952316284,3.303999900817871,3.119999885559082,3.191999912261963,268325,0.0,0.0
2022-12-23 00:00:00-05:00,3.140000104904175,3.196000099182129,3.0480000972747803,3.119999885559082,221775,0.0,0.0
2022-12-27 00:00:00-05:00,2.9639999866485596,3.0480000972747803,2.799999952316284,2.803999900817871,685375,0.0,0.0
2022-12-28 00:00:00-05:00,2.799999952316284,2.9600000381469727,2.799999952316284,2.8399999141693115,376000,0.0,0.0
2022-12-29 00:00:00-05:00,2.888000011444092,3.0799999237060547,2.859999895095825,3.007999897003174,247775,0.0,0.0
2022-12-30 00:00:00-05:00,2.9639999866485596,3.200000047683716,2.9600000381469727,3.200000047683716,324425,0.0,0.0
2023-01-03 00:00:00-05:00,3.184000015258789,3.2880001068115234,3.0439999103546143,3.0959999561309814,238775,0.0,0.0
2023-01-04 00:00:00-05:00,2.996000051498413,3.252000093460083,2.996000051498413,3.2360000610351562,169600,0.0,0.0
2023-01-05 00:00:00-05:00,3.2360000610351562,3.319999933242798,3.1440000534057617,3.2839999198913574,111850,0.0,0.0
2023-01-06 00:00:00-05:00,3.3239998817443848,3.3519999980926514,3.2079999446868896,3.2799999713897705,193800,0.0,0.0
2023-01-09 00:00:00-05:00,3.359999895095825,3.359999895095825,3.240000009536743,3.2880001068115234,245500,0.0,0.0
2023-01-10 00:00:00-05:00,3.3440001010894775,3.3440001010894775,3.2079999446868896,3.240000009536743,182225,0.0,0.0
2023-01-11 00:00:00-05:00,3.240000009536743,3.3399999141693115,3.240000009536743,3.319999933242798,235300,0.0,0.0
2023-01-12 00:00:00-05:00,3.691999912261963,3.696000099182129,3.4000000953674316,3.5999999046325684,769200,0.0,0.0
2023-01-13 00:00:00-05:00,3.671999931335449,4.039999961853027,3.5199999809265137,3.9600000381469727,1180650,0.0,0.0
2023-01-17 00:00:00-05:00,4.039999961853027,4.119999885559082,3.828000068664551,3.9079999923706055,1005125,0.0,0.0
2023-01-18 00:00:00-05:00,3.9159998893737793,4.039999961853027,3.6480000019073486,3.7679998874664307,394300,0.0,0.0
2023-01-19 00:00:00-05:00,3.759999990463257,3.759999990463257,3.5999999046325684,3.687999963760376,251275,0.0,0.0
2023-01-20 00:00:00-05:00,3.680000066757202,3.859999895095825,3.6519999504089355,3.859999895095825,212725,0.0,0.0
2023-01-23 00:00:00-05:00,3.8399999141693115,3.947999954223633,3.799999952316284,3.8919999599456787,158150,0.0,0.0
2023-01-24 00:00:00-05:00,3.936000108718872,3.947999954223633,3.819999933242798,3.8559999465942383,166625,0.0,0.0
2023-01-25 00:00:00-05:00,3.8480000495910645,3.8480000495910645,3.7760000228881836,3.819999933242798,131450,0.0,0.0
2023-01-26 00:00:00-05:00,3.799999952316284,3.880000114440918,3.5999999046325684,3.611999988555908,340225,0.0,0.0
2023-01-27 00:00:00-05:00,3.5999999046325684,3.7200000286102295,3.5999999046325684,3.680000066757202,247975,0.0,0.0
2023-01-30 00:00:00-05:00,3.611999988555908,3.7360000610351562,3.5320000648498535,3.559999942779541,298675,0.0,0.0
2023-01-31 00:00:00-05:00,3.5320000648498535,3.640000104904175,3.5320000648498535,3.635999917984009,197050,0.0,0.0
2023-02-01 00:00:00-05:00,3.631999969482422,3.799999952316284,3.568000078201294,3.7920000553131104,250050,0.0,0.0
2023-02-02 00:00:00-05:00,3.799999952316284,3.9200000762939453,3.6600000858306885,3.6600000858306885,487650,0.0,0.0
2023-02-03 00:00:00-05:00,3.640000104904175,3.7960000038146973,3.6080000400543213,3.6080000400543213,146275,0.0,0.0
2023-02-06 00:00:00-05:00,3.640000104904175,3.7079999446868896,3.5399999618530273,3.559999942779541,120000,0.0,0.0
2023-02-07 00:00:00-05:00,3.559999942779541,3.615999937057495,3.4639999866485596,3.5360000133514404,221775,0.0,0.0
2023-02-08 00:00:00-05:00,3.496000051498413,3.563999891281128,3.4800000190734863,3.507999897003174,96350,0.0,0.0
2023-02-09 00:00:00-05:00,3.507999897003174,3.559999942779541,3.359999895095825,3.359999895095825,254525,0.0,0.0
2023-02-10 00:00:00-05:00,3.3959999084472656,3.4600000381469727,3.2799999713897705,3.368000030517578,309400,0.0,0.0
2023-02-13 00:00:00-05:00,3.3359999656677246,3.4000000953674316,3.312000036239624,3.3320000171661377,235300,0.0,0.0
2023-02-14 00:00:00-05:00,3.2799999713897705,3.388000011444092,3.240000009536743,3.3559999465942383,218075,0.0,0.0
2023-02-15 00:00:00-05:00,3.2799999713897705,3.384000062942505,3.252000093460083,3.368000030517578,217125,0.0,0.0
2023-02-16 00:00:00-05:00,3.303999900817871,3.364000082015991,3.2799999713897705,3.319999933242798,198325,0.0,0.0
2023-02-17 00:00:00-05:00,3.2799999713897705,3.2960000038146973,3.184000015258789,3.240000009536743,333825,0.0,0.0
2023-02-21 00:00:00-05:00,3.1600000858306885,3.200000047683716,3.059999942779541,3.0759999752044678,163575,0.0,0.0
2023-02-22 00:00:00-05:00,3.0799999237060547,3.1600000858306885,3.0,3.055999994277954,202000,0.0,0.0
2023-02-23 00:00:00-05:00,3.0799999237060547,3.119999885559082,2.9760000705718994,3.0759999752044678,145025,0.0,0.0
2023-02-24 00:00:00-05:00,3.0399999618530273,3.0399999618530273,2.9600000381469727,2.9839999675750732,108425,0.0,0.0
2023-02-27 00:00:00-05:00,3.0399999618530273,3.200000047683716,3.0,3.200000047683716,160975,0.0,0.0
2023-02-28 00:00:00-05:00,3.200000047683716,3.200000047683716,3.0199999809265137,3.1559998989105225,204950,0.0,0.0
2023-03-01 00:00:00-05:00,3.119999885559082,3.1600000858306885,2.9839999675750732,3.0239999294281006,190850,0.0,0.0
2023-03-02 00:00:00-05:00,3.0,3.0,2.9000000953674316,2.9079999923706055,228650,0.0,0.0
2023-03-03 00:00:00-05:00,2.9000000953674316,3.059999942779541,2.884000062942505,3.007999897003174,213475,0.0,0.0
2023-03-06 00:00:00-05:00,3.0759999752044678,3.0759999752044678,2.9200000762939453,2.996000051498413,204925,0.0,0.0
2023-03-07 00:00:00-05:00,2.98799991607666,3.0,2.884000062942505,2.9079999923706055,165675,0.0,0.0
2023-03-08 00:00:00-05:00,2.9200000762939453,2.98799991607666,2.8519999980926514,2.8519999980926514,207150,0.0,0.0
2023-03-09 00:00:00-05:00,2.8399999141693115,2.880000114440918,2.799999952316284,2.8320000171661377,366675,0.0,0.0
2023-03-10 00:00:00-05:00,2.799999952316284,2.808000087738037,2.619999885559082,2.619999885559082,470050,0.0,0.0
2023-03-13 00:00:00-04:00,2.640000104904175,2.691999912261963,2.559999942779541,2.619999885559082,181100,0.0,0.0
2023-03-14 00:00:00-04:00,2.640000104904175,2.700000047683716,2.6080000400543213,2.619999885559082,168600,0.0,0.0
2023-03-15 00:00:00-04:00,2.5999999046325684,2.6040000915527344,2.5160000324249268,2.559999942779541,205600,0.0,0.0
2023-03-16 00:00:00-04:00,2.559999942779541,2.6679999828338623,2.5160000324249268,2.5959999561309814,346525,0.0,0.0
2023-03-17 00:00:00-04:00,2.619999885559082,2.640000104904175,2.440000057220459,2.5199999809265137,194025,0.0,0.0
2023-03-20 00:00:00-04:00,2.5199999809265137,2.5199999809265137,2.388000011444092,2.3919999599456787,229875,0.0,0.0
2023-03-21 00:00:00-04:00,2.380000114440918,2.640000104904175,2.375999927520752,2.611999988555908,276450,0.0,0.0
2023-03-22 00:00:00-04:00,2.619999885559082,2.6559998989105225,2.5280001163482666,2.559999942779541,152300,0.0,0.0
2023-03-23 00:00:00-04:00,2.5999999046325684,2.680000066757202,2.5199999809265137,2.5799999237060547,171650,0.0,0.0
2023-03-24 00:00:00-04:00,2.5480000972747803,2.5799999237060547,2.4800000190734863,2.5320000648498535,66675,0.0,0.0
2023-03-27 00:00:00-04:00,2.5280001163482666,2.5999999046325684,2.5199999809265137,2.5759999752044678,66175,0.0,0.0
2023-03-28 00:00:00-04:00,2.5799999237060547,2.619999885559082,2.4839999675750732,2.5160000324249268,97100,0.0,0.0
2023-03-29 00:00:00-04:00,2.5840001106262207,2.5999999046325684,2.5199999809265137,2.5999999046325684,107125,0.0,0.0
2023-03-30 00:00:00-04:00,2.5999999046325684,2.640000104904175,2.5320000648498535,2.552000045776367,100325,0.0,0.0
2023-03-31 00:00:00-04:00,2.5199999809265137,2.640000104904175,2.5199999809265137,2.559999942779541,130800,0.0,0.0
2023-04-03 00:00:00-04:00,2.559999942779541,2.631999969482422,2.5239999294281006,2.5239999294281006,107250,0.0,0.0
2023-04-04 00:00:00-04:00,2.563999891281128,2.5999999046325684,2.5199999809265137,2.5759999752044678,113400,0.0,0.0
2023-04-05 00:00:00-04:00,2.568000078201294,2.5999999046325684,2.5160000324249268,2.5199999809265137,103900,0.0,0.0
2023-04-06 00:00:00-04:00,2.5480000972747803,2.555999994277954,2.440000057220459,2.4800000190734863,190625,0.0,0.0
2023-04-10 00:00:00-04:00,2.492000102996826,2.759999990463257,2.4760000705718994,2.75600004196167,418700,0.0,0.0
2023-04-11 00:00:00-04:00,2.828000068664551,2.9200000762939453,2.680000066757202,2.740000009536743,439350,0.0,0.0
2023-04-12 00:00:00-04:00,2.444000005722046,2.5280001163482666,2.3359999656677246,2.4000000953674316,973025,0.0,0.0
2023-04-13 00:00:00-04:00,2.4000000953674316,2.436000108718872,2.375999927520752,2.3919999599456787,200950,0.0,0.0
2023-04-14 00:00:00-04:00,2.380000114440918,2.440000057220459,2.200000047683716,2.2200000286102295,486075,0.0,0.0
2023-04-17 00:00:00-04:00,2.2200000286102295,2.247999906539917,2.200000047683716,2.2360000610351562,282850,0.0,0.0
2023-04-18 00:00:00-04:00,2.240000009536743,2.2799999713897705,2.124000072479248,2.1600000858306885,281900,0.0,0.0
2023-04-19 00:00:00-04:00,2.1600000858306885,2.200000047683716,2.119999885559082,2.196000099182129,128575,0.0,0.0
2023-04-20 00:00:00-04:00,2.196000099182129,2.196000099182129,2.063999891281128,2.063999891281128,179025,0.0,0.0
2023-04-21 00:00:00-04:00,2.068000078201294,2.111999988555908,1.9800000190734863,2.0,214825,0.0,0.0
2023-04-24 00:00:00-04:00,2.0399999618530273,2.052000045776367,1.972000002861023,2.0399999618530273,139200,0.0,0.0
2023-04-25 00:00:00-04:00,2.0239999294281006,2.0399999618530273,1.9800000190734863,2.0360000133514404,111525,0.0,0.0
2023-04-26 00:00:00-04:00,1.9320000410079956,2.0280001163482666,1.9199999570846558,2.0160000324249268,130200,0.0,0.0
2023-04-27 00:00:00-04:00,2.063999891281128,2.115999937057495,2.0399999618530273,2.0799999237060547,187925,0.0,0.0
2023-04-28 00:00:00-04:00,2.1080000400543213,2.119999885559082,2.0,2.0,105775,0.0,0.0
2023-05-01 00:00:00-04:00,2.0280001163482666,2.072000026702881,1.9600000381469727,1.9600000381469727,96450,0.0,0.0
2023-05-02 00:00:00-04:00,1.9279999732971191,2.0,1.871999979019165,1.9320000410079956,136650,0.0,0.0
2023-05-03 00:00:00-04:00,1.9759999513626099,2.0360000133514404,1.8799999952316284,1.9600000381469727,147100,0.0,0.0
2023-05-04 00:00:00-04:00,1.968000054359436,2.059999942779541,1.944000005722046,1.9520000219345093,153400,0.0,0.0
2023-05-05 00:00:00-04:00,1.968000054359436,2.0799999237060547,1.9600000381469727,2.0799999237060547,142825,0.0,0.0
2023-05-08 00:00:00-04:00,2.119999885559082,2.140000104904175,2.063999891281128,2.0959999561309814,103450,0.0,0.0
2023-05-09 00:00:00-04:00,2.0399999618530273,2.111999988555908,2.0160000324249268,2.0280001163482666,71925,0.0,0.0
2023-05-10 00:00:00-04:00,2.0399999618530273,2.0880000591278076,1.9800000190734863,2.0,155300,0.0,0.0
2023-05-11 00:00:00-04:00,2.0,2.003999948501587,1.9199999570846558,1.9800000190734863,164025,0.0,0.0
2023-05-12 00:00:00-04:00,1.9600000381469727,1.9600000381469727,1.8079999685287476,1.8799999952316284,418275,0.0,0.0
2023-05-15 00:00:00-04:00,1.8919999599456787,1.8919999599456787,1.7999999523162842,1.8799999952316284,203600,0.0,0.0
2023-05-16 00:00:00-04:00,1.8960000276565552,1.8960000276565552,1.7760000228881836,1.8040000200271606,250125,0.0,0.0
2023-05-17 00:00:00-04:00,1.7999999523162842,1.9600000381469727,1.7599999904632568,1.8960000276565552,253450,0.0,0.0
2023-05-18 00:00:00-04:00,1.9600000381469727,1.9600000381469727,1.843999981880188,1.9559999704360962,278225,0.0,0.0
2023-05-19 00:00:00-04:00,1.9240000247955322,1.9800000190734863,1.8799999952316284,1.9600000381469727,203225,0.0,0.0
2023-05-22 00:00:00-04:00,1.9600000381469727,2.1600000858306885,1.9320000410079956,2.1600000858306885,444400,0.0,0.0
2023-05-23 00:00:00-04:00,2.007999897003174,2.124000072479248,1.9639999866485596,1.9919999837875366,305575,0.0,0.0
2023-05-24 00:00:00-04:00,2.0,2.007999897003174,1.7280000448226929,1.7920000553131104,1012650,0.0,0.0
2023-05-25 00:00:00-04:00,1.7999999523162842,1.840000033378601,1.7280000448226929,1.7719999551773071,428150,0.0,0.0
2023-05-26 00:00:00-04:00,1.7719999551773071,1.7719999551773071,1.7200000286102295,1.7680000066757202,286800,0.0,0.0
2023-05-30 00:00:00-04:00,1.7599999904632568,1.7680000066757202,1.6399999856948853,1.6399999856948853,402425,0.0,0.0
2023-05-31 00:00:00-04:00,1.6399999856948853,1.6799999475479126,1.4839999675750732,1.4839999675750732,717675,0.0,0.0
2023-06-01 00:00:00-04:00,1.527999997138977,1.628000020980835,1.4839999675750732,1.559999942779541,465250,0.0,0.0
2023-06-02 00:00:00-04:00,1.600000023841858,1.628000020980835,1.5440000295639038,1.5720000267028809,501000,0.0,0.0
2023-06-05 00:00:00-04:00,1.5800000429153442,1.6399999856948853,1.5399999618530273,1.600000023841858,348325,0.0,0.0
2023-06-06 00:00:00-04:00,1.5800000429153442,1.7079999446868896,1.5720000267028809,1.6799999475479126,291175,0.0,0.0
2023-06-07 00:00:00-04:00,1.684000015258789,1.7200000286102295,1.6399999856948853,1.7120000123977661,199050,0.0,0.0
2023-06-08 00:00:00-04:00,1.7000000476837158,1.7120000123977661,1.6399999856948853,1.6799999475479126,129550,0.0,0.0
2023-06-09 00:00:00-04:00,1.6480000019073486,1.7000000476837158,1.6200000047683716,1.7000000476837158,279800,0.0,0.0
2023-06-12 00:00:00-04:00,1.7000000476837158,1.7000000476837158,1.6200000047683716,1.6799999475479126,162300,0.0,0.0
2023-06-13 00:00:00-04:00,1.6799999475479126,1.7200000286102295,1.6640000343322754,1.7200000286102295,177175,0.0,0.0
2023-06-14 00:00:00-04:00,1.6799999475479126,1.7200000286102295,1.6200000047683716,1.6200000047683716,229475,0.0,0.0
2023-06-15 00:00:00-04:00,1.6399999856948853,1.6799999475479126,1.6319999694824219,1.6519999504089355,162200,0.0,0.0
2023-06-16 00:00:00-04:00,1.6399999856948853,1.7599999904632568,1.6399999856948853,1.7599999904632568,288800,0.0,0.0
2023-06-20 00:00:00-04:00,1.7000000476837158,1.715999960899353,1.6119999885559082,1.6440000534057617,321725,0.0,0.0
2023-06-21 00:00:00-04:00,1.6160000562667847,1.659999966621399,1.5759999752044678,1.6399999856948853,284675,0.0,0.0
2023-06-22 00:00:00-04:00,1.628000020980835,1.7079999446868896,1.559999942779541,1.6799999475479126,324825,0.0,0.0
2023-06-23 00:00:00-04:00,1.600000023841858,1.6399999856948853,1.5800000429153442,1.600000023841858,201325,0.0,0.0
2023-06-26 00:00:00-04:00,1.6160000562667847,1.6160000562667847,1.527999997138977,1.5479999780654907,295375,0.0,0.0
2023-06-27 00:00:00-04:00,1.5839999914169312,1.600000023841858,1.5240000486373901,1.559999942779541,153000,0.0,0.0
2023-06-28 00:00:00-04:00,1.559999942779541,1.5800000429153442,1.4800000190734863,1.4919999837875366,463875,0.0,0.0
2023-06-29 00:00:00-04:00,1.5399999618530273,1.5440000295639038,1.4839999675750732,1.5399999618530273,228150,0.0,0.0
2023-06-30 00:00:00-04:00,1.559999942779541,1.559999942779541,1.4919999837875366,1.559999942779541,219025,0.0,0.0
2023-07-03 00:00:00-04:00,1.559999942779541,1.6920000314712524,1.559999942779541,1.6399999856948853,305800,0.0,0.0
2023-07-05 00:00:00-04:00,1.6799999475479126,1.6799999475479126,1.5720000267028809,1.628000020980835,333425,0.0,0.0
2023-07-06 00:00:00-04:00,1.600000023841858,1.600000023841858,1.5399999618530273,1.5640000104904175,180150,0.0,0.0
2023-07-07 00:00:00-04:00,1.5,1.6399999856948853,1.4600000381469727,1.600000023841858,677800,0.0,0.25
2023-07-10 00:00:00-04:00,1.6200000047683716,1.6200000047683716,1.5,1.590000033378601,413400,0.0,0.0
2023-07-11 00:00:00-04:00,1.600000023841858,1.7999999523162842,1.5980000495910645,1.690000057220459,1377600,0.0,0.0
2023-07-12 00:00:00-04:00,1.7699999809265137,1.8799999952316284,1.7400000095367432,1.840000033378601,878200,0.0,0.0
2023-07-13 00:00:00-04:00,1.840000033378601,1.9700000286102295,1.7799999713897705,1.940000057220459,865500,0.0,0.0
2023-07-14 00:00:00-04:00,1.600000023841858,1.6759999990463257,1.5099999904632568,1.559999942779541,1615300,0.0,0.0
2023-07-17 00:00:00-04:00,1.559999942779541,1.559999942779541,1.4800000190734863,1.4900000095367432,899500,0.0,0.0
2023-07-18 00:00:00-04:00,1.4900000095367432,1.4900000095367432,1.399999976158142,1.4299999475479126,1100100,0.0,0.0
2023-07-19 00:00:00-04:00,1.440000057220459,1.4900000095367432,1.399999976158142,1.409999966621399,1007000,0.0,0.0
2023-07-20 00:00:00-04:00,1.4199999570846558,1.4299999475479126,1.309999942779541,1.350000023841858,863400,0.0,0.0
2023-07-21 00:00:00-04:00,1.3600000143051147,1.3700000047683716,1.2999999523162842,1.350000023841858,403000,0.0,0.0
2023-07-24 00:00:00-04:00,1.350000023841858,1.3700000047683716,1.3200000524520874,1.3600000143051147,392600,0.0,0.0
2023-07-25 00:00:00-04:00,1.340000033378601,1.3600000143051147,1.3250000476837158,1.340000033378601,310600,0.0,0.0
2023-07-26 00:00:00-04:00,1.3600000143051147,1.409999966621399,1.340000033378601,1.3899999856948853,531300,0.0,0.0
2023-07-27 00:00:00-04:00,1.399999976158142,1.4800000190734863,1.3600000143051147,1.3600000143051147,843300,0.0,0.0
2023-07-28 00:00:00-04:00,1.3799999952316284,1.4800000190734863,1.3799999952316284,1.4600000381469727,913300,0.0,0.0
2023-07-31 00:00:00-04:00,1.4600000381469727,1.5399999618530273,1.4500000476837158,1.5199999809265137,755200,0.0,0.0
2023-08-01 00:00:00-04:00,1.5099999904632568,1.5399999618530273,1.440000057220459,1.4900000095367432,290000,0.0,0.0
2023-08-02 00:00:00-04:00,1.4700000286102295,1.4700000286102295,1.409999966621399,1.4199999570846558,382900,0.0,0.0
2023-08-03 00:00:00-04:00,1.4299999475479126,1.4500000476837158,1.3899999856948853,1.4299999475479126,365700,0.0,0.0
2023-08-04 00:00:00-04:00,1.4299999475479126,1.4500000476837158,1.3910000324249268,1.399999976158142,170800,0.0,0.0
2023-08-07 00:00:00-04:00,1.399999976158142,1.4299999475479126,1.3799999952316284,1.4199999570846558,172200,0.0,0.0
2023-08-08 00:00:00-04:00,1.3899999856948853,1.4700000286102295,1.3550000190734863,1.4600000381469727,597400,0.0,0.0
2023-08-09 00:00:00-04:00,1.4299999475479126,1.4299999475479126,1.3600000143051147,1.3700000047683716,290800,0.0,0.0
2023-08-10 00:00:00-04:00,1.409999966621399,1.4199999570846558,1.340000033378601,1.3600000143051147,383400,0.0,0.0
2023-08-11 00:00:00-04:00,1.340000033378601,1.350000023841858,1.3300000429153442,1.3300000429153442,236400,0.0,0.0
2023-08-14 00:00:00-04:00,1.3200000524520874,1.3700000047683716,1.2899999618530273,1.3600000143051147,407000,0.0,0.0
2023-08-15 00:00:00-04:00,1.3300000429153442,1.3600000143051147,1.3200000524520874,1.3200000524520874,180200,0.0,0.0
2023-08-16 00:00:00-04:00,1.3200000524520874,1.4600000381469727,1.309999942779541,1.4199999570846558,762000,0.0,0.0
2023-08-17 00:00:00-04:00,1.4299999475479126,1.5800000429153442,1.4199999570846558,1.5800000429153442,805500,0.0,0.0
2023-08-18 00:00:00-04:00,1.559999942779541,1.649999976158142,1.5099999904632568,1.5700000524520874,890100,0.0,0.0
2023-08-21 00:00:00-04:00,1.559999942779541,1.600000023841858,1.4700000286102295,1.4900000095367432,219000,0.0,0.0
2023-08-22 00:00:00-04:00,1.4800000190734863,1.5099999904632568,1.4199999570846558,1.4299999475479126,220700,0.0,0.0
2023-08-23 00:00:00-04:00,1.4199999570846558,1.4700000286102295,1.409999966621399,1.4500000476837158,180900,0.0,0.0
2023-08-24 00:00:00-04:00,1.440000057220459,1.440000057220459,1.340000033378601,1.340000033378601,221900,0.0,0.0
2023-08-25 00:00:00-04:00,1.3300000429153442,1.399999976158142,1.3300000429153442,1.3899999856948853,164400,0.0,0.0
2023-08-28 00:00:00-04:00,1.399999976158142,1.4299999475479126,1.3730000257492065,1.4299999475479126,176600,0.0,0.0
2023-08-29 00:00:00-04:00,1.4199999570846558,1.4900000095367432,1.399999976158142,1.4299999475479126,225000,0.0,0.0
2023-08-30 00:00:00-04:00,1.4500000476837158,1.5800000429153442,1.409999966621399,1.5299999713897705,746600,0.0,0.0
2023-08-31 00:00:00-04:00,1.559999942779541,1.7300000190734863,1.5199999809265137,1.6399999856948853,1380800,0.0,0.0
2023-09-01 00:00:00-04:00,1.6799999475479126,1.6950000524520874,1.5149999856948853,1.5399999618530273,817000,0.0,0.0
2023-09-05 00:00:00-04:00,1.5299999713897705,1.649999976158142,1.5099999904632568,1.6100000143051147,944400,0.0,0.0
2023-09-06 00:00:00-04:00,1.6399999856948853,1.6399999856948853,1.5,1.5299999713897705,482700,0.0,0.0
2023-09-07 00:00:00-04:00,1.5399999618530273,1.5499999523162842,1.4500000476837158,1.5199999809265137,556400,0.0,0.0
2023-09-08 00:00:00-04:00,1.5199999809265137,1.5800000429153442,1.4700000286102295,1.5700000524520874,484400,0.0,0.0
2023-09-11 00:00:00-04:00,1.590000033378601,1.909999966621399,1.590000033378601,1.850000023841858,2251000,0.0,0.0
2023-09-12 00:00:00-04:00,1.850000023841858,1.8899999856948853,1.690000057220459,1.7599999904632568,1119000,0.0,0.0
2023-09-13 00:00:00-04:00,1.7300000190734863,1.7799999713897705,1.659999966621399,1.75,482400,0.0,0.0
2023-09-14 00:00:00-04:00,1.75,1.8600000143051147,1.75,1.7699999809265137,677300,0.0,0.0
2023-09-15 00:00:00-04:00,1.840000033378601,2.0,1.7799999713897705,1.8200000524520874,1613700,0.0,0.0
2023-09-18 00:00:00-04:00,1.7799999713897705,1.7949999570846558,1.5800000429153442,1.625,1218300,0.0,0.0
2023-09-19 00:00:00-04:00,1.690000057220459,1.690000057220459,1.5700000524520874,1.590000033378601,431500,0.0,0.0
2023-09-20 00:00:00-04:00,1.600000023841858,1.6399999856948853,1.5199999809265137,1.5800000429153442,640500,0.0,0.0
2023-09-21 00:00:00-04:00,1.5499999523162842,1.5499999523162842,1.4800000190734863,1.4900000095367432,477000,0.0,0.0
2023-09-22 00:00:00-04:00,1.5,1.5299999713897705,1.4800000190734863,1.5,265200,0.0,0.0
2023-09-25 00:00:00-04:00,1.4800000190734863,1.5199999809265137,1.4550000429153442,1.4800000190734863,441500,0.0,0.0
2023-09-26 00:00:00-04:00,1.4700000286102295,1.5199999809265137,1.409999966621399,1.4299999475479126,428300,0.0,0.0
2023-09-27 00:00:00-04:00,1.4600000381469727,1.4700000286102295,1.2999999523162842,1.340000033378601,726000,0.0,0.0
2023-09-28 00:00:00-04:00,1.3200000524520874,1.340000033378601,1.25,1.2999999523162842,574200,0.0,0.0
2023-09-29 00:00:00-04:00,1.3200000524520874,1.340000033378601,1.2999999523162842,1.3200000524520874,183400,0.0,0.0
2023-10-02 00:00:00-04:00,1.3200000524520874,1.3300000429153442,1.2200000286102295,1.2699999809265137,460700,0.0,0.0
2023-10-03 00:00:00-04:00,1.2799999713897705,1.2799999713897705,1.2100000381469727,1.2400000095367432,167500,0.0,0.0
2023-10-04 00:00:00-04:00,1.2200000286102295,1.2300000190734863,1.1699999570846558,1.1799999475479126,417200,0.0,0.0
2023-10-05 00:00:00-04:00,1.2000000476837158,1.2120000123977661,1.1399999856948853,1.190000057220459,254500,0.0,0.0
2023-10-06 00:00:00-04:00,1.159999966621399,1.2300000190734863,1.1399999856948853,1.2100000381469727,300700,0.0,0.0
2023-10-09 00:00:00-04:00,1.2000000476837158,1.2300000190734863,1.1799999475479126,1.2200000286102295,190700,0.0,0.0
2023-10-10 00:00:00-04:00,1.2200000286102295,1.2649999856948853,1.2000000476837158,1.2100000381469727,291500,0.0,0.0
2023-10-11 00:00:00-04:00,1.2000000476837158,1.2300000190734863,1.1699999570846558,1.2000000476837158,216000,0.0,0.0
2023-10-12 00:00:00-04:00,1.190000057220459,1.190000057220459,1.1399999856948853,1.1699999570846558,214100,0.0,0.0
2023-10-13 00:00:00-04:00,1.149999976158142,1.1699999570846558,1.1200000047683716,1.149999976158142,269900,0.0,0.0
2023-10-16 00:00:00-04:00,1.159999966621399,1.184999942779541,1.1200000047683716,1.1799999475479126,230600,0.0,0.0
2023-10-17 00:00:00-04:00,1.149999976158142,1.2200000286102295,1.1399999856948853,1.2000000476837158,230500,0.0,0.0
2023-10-18 00:00:00-04:00,1.1799999475479126,1.2100000381469727,1.1299999952316284,1.1399999856948853,233300,0.0,0.0
2023-10-19 00:00:00-04:00,1.1399999856948853,1.159000039100647,1.090000033378601,1.1200000047683716,286100,0.0,0.0
2023-10-20 00:00:00-04:00,1.1399999856948853,1.1399999856948853,1.0499999523162842,1.0700000524520874,411500,0.0,0.0
2023-10-23 00:00:00-04:00,1.0499999523162842,1.0700000524520874,1.0099999904632568,1.0299999713897705,306600,0.0,0.0
2023-10-24 00:00:00-04:00,1.0299999713897705,1.100000023841858,1.0299999713897705,1.090000033378601,173500,0.0,0.0
2023-10-25 00:00:00-04:00,1.100000023841858,1.100000023841858,1.0299999713897705,1.059999942779541,125000,0.0,0.0
2023-10-26 00:00:00-04:00,1.0299999713897705,1.0399999618530273,0.9800000190734863,1.0,281000,0.0,0.0
2023-10-27 00:00:00-04:00,1.0,1.0499999523162842,0.9700000286102295,1.0,310500,0.0,0.0
2023-10-30 00:00:00-04:00,1.0,1.0399999618530273,0.9800000190734863,1.0399999618530273,132000,0.0,0.0
2023-10-31 00:00:00-04:00,1.0299999713897705,1.059999942779541,1.0299999713897705,1.0499999523162842,80300,0.0,0.0
2023-11-01 00:00:00-04:00,1.0299999713897705,1.0700000524520874,1.0199999809265137,1.0299999713897705,101000,0.0,0.0
2023-11-02 00:00:00-04:00,1.0399999618530273,1.1200000047683716,1.0299999713897705,1.1100000143051147,167900,0.0,0.0
2023-11-03 00:00:00-04:00,1.1299999952316284,1.2000000476837158,1.1200000047683716,1.159999966621399,202100,0.0,0.0
2023-11-06 00:00:00-05:00,1.5199999809265137,1.600000023841858,1.3300000429153442,1.3799999952316284,43449200,0.0,0.0
2023-11-07 00:00:00-05:00,1.3600000143051147,1.399999976158142,1.315000057220459,1.340000033378601,2536400,0.0,0.0
2023-11-08 00:00:00-05:00,1.309999942779541,1.340000033378601,1.25,1.2799999713897705,1438200,0.0,0.0
2023-11-09 00:00:00-05:00,1.25,1.2599999904632568,1.149999976158142,1.159999966621399,1494900,0.0,0.0
2023-11-10 00:00:00-05:00,1.1799999475479126,1.2400000095367432,1.1100000143051147,1.2300000190734863,1036700,0.0,0.0
2023-11-13 00:00:00-05:00,1.2000000476837158,1.2100000381469727,1.1399999856948853,1.159999966621399,722400,0.0,0.0
2023-11-14 00:00:00-05:00,1.1699999570846558,1.2200000286102295,1.159999966621399,1.2100000381469727,741800,0.0,0.0
2023-11-15 00:00:00-05:00,1.2000000476837158,1.2699999809265137,1.2000000476837158,1.25,699300,0.0,0.0
2023-11-16 00:00:00-05:00,1.25,1.25,1.1699999570846558,1.1799999475479126,433500,0.0,0.0
2023-11-17 00:00:00-05:00,1.190000057220459,1.3049999475479126,1.190000057220459,1.2599999904632568,1359700,0.0,0.0
2023-11-20 00:00:00-05:00,1.25,1.3300000429153442,1.2489999532699585,1.2699999809265137,894300,0.0,0.0
2023-11-21 00:00:00-05:00,1.2699999809265137,1.2899999618530273,1.2300000190734863,1.2300000190734863,396000,0.0,0.0
2023-11-22 00:00:00-05:00,1.2400000095367432,1.2799999713897705,1.2400000095367432,1.2599999904632568,250600,0.0,0.0
2023-11-24 00:00:00-05:00,1.2400000095367432,1.309999942779541,1.2400000095367432,1.2899999618530273,145000,0.0,0.0
2023-11-27 00:00:00-05:00,1.2799999713897705,1.2999999523162842,1.25,1.25,239900,0.0,0.0
2023-11-28 00:00:00-05:00,1.2599999904632568,1.2899999618530273,1.2400000095367432,1.2699999809265137,214300,0.0,0.0
2023-11-29 00:00:00-05:00,1.2699999809265137,1.3350000381469727,1.2599999904632568,1.309999942779541,447100,0.0,0.0
2023-11-30 00:00:00-05:00,1.2799999713897705,1.3049999475479126,1.2649999856948853,1.2799999713897705,222000,0.0,0.0
2023-12-01 00:00:00-05:00,1.2999999523162842,1.350000023841858,1.274999976158142,1.340000033378601,753300,0.0,0.0
2023-12-04 00:00:00-05:00,1.340000033378601,1.4450000524520874,1.3300000429153442,1.440000057220459,843600,0.0,0.0
2023-12-05 00:00:00-05:00,1.4199999570846558,1.440000057220459,1.350000023841858,1.350000023841858,405400,0.0,0.0
2023-12-06 00:00:00-05:00,1.3799999952316284,1.399999976158142,1.350000023841858,1.399999976158142,413300,0.0,0.0
2023-12-07 00:00:00-05:00,1.3799999952316284,1.3899999856948853,1.3300000429153442,1.340000033378601,545900,0.0,0.0
2023-12-08 00:00:00-05:00,1.3200000524520874,1.375,1.309999942779541,1.3300000429153442,541500,0.0,0.0
2023-12-11 00:00:00-05:00,1.3300000429153442,1.350000023841858,1.2999999523162842,1.3200000524520874,408400,0.0,0.0
2023-12-12 00:00:00-05:00,1.309999942779541,1.309999942779541,1.25,1.2599999904632568,703900,0.0,0.0
2023-12-13 00:00:00-05:00,1.25,1.340000033378601,1.2000000476837158,1.3300000429153442,653900,0.0,0.0
2023-12-14 00:00:00-05:00,1.350000023841858,1.409999966621399,1.340000033378601,1.3700000047683716,670900,0.0,0.0
2023-12-15 00:00:00-05:00,1.3600000143051147,1.3700000047683716,1.3200000524520874,1.3300000429153442,340800,0.0,0.0
2023-12-18 00:00:00-05:00,1.309999942779541,1.3350000381469727,1.284999966621399,1.309999942779541,551600,0.0,0.0
2023-12-19 00:00:00-05:00,1.3200000524520874,1.340000033378601,1.2300000190734863,1.2699999809265137,1089700,0.0,0.0
2023-12-20 00:00:00-05:00,1.2300000190734863,1.309999942779541,1.2200000286102295,1.2200000286102295,866200,0.0,0.0
2023-12-21 00:00:00-05:00,1.25,1.25,1.2120000123977661,1.2300000190734863,462100,0.0,0.0
2023-12-22 00:00:00-05:00,1.2200000286102295,1.2999999523162842,1.2200000286102295,1.2599999904632568,785100,0.0,0.0
2023-12-26 00:00:00-05:00,1.2999999523162842,1.399999976158142,1.2799999713897705,1.3799999952316284,1316300,0.0,0.0
2023-12-27 00:00:00-05:00,1.3700000047683716,1.399999976158142,1.309999942779541,1.350000023841858,877000,0.0,0.0
2023-12-28 00:00:00-05:00,1.350000023841858,1.4500000476837158,1.350000023841858,1.409999966621399,1009000,0.0,0.0
2023-12-29 00:00:00-05:00,1.4199999570846558,1.4500000476837158,1.2799999713897705,1.309999942779541,1138000,0.0,0.0
2024-01-02 00:00:00-05:00,1.3300000429153442,1.3600000143051147,1.2799999713897705,1.3049999475479126,633600,0.0,0.0
2024-01-03 00:00:00-05:00,1.2999999523162842,1.340000033378601,1.25,1.3200000524520874,478200,0.0,0.0
2024-01-04 00:00:00-05:00,1.309999942779541,1.3609999418258667,1.309999942779541,1.340000033378601,303200,0.0,0.0
2024-01-05 00:00:00-05:00,1.340000033378601,1.3899999856948853,1.309999942779541,1.3799999952316284,426200,0.0,0.0
2024-01-08 00:00:00-05:00,1.3700000047683716,1.4600000381469727,1.3600000143051147,1.4199999570846558,689100,0.0,0.0
2024-01-09 00:00:00-05:00,1.4299999475479126,1.4299999475479126,1.350000023841858,1.3700000047683716,421300,0.0,0.0
2024-01-10 00:00:00-05:00,1.399999976158142,1.4800000190734863,1.3700000047683716,1.434999942779541,928300,0.0,0.0
2024-01-11 00:00:00-05:00,1.440000057220459,1.7400000095367432,1.430999994277954,1.7000000476837158,3022900,0.0,0.0
2024-01-12 00:00:00-05:00,1.690000057220459,1.7300000190734863,1.590000033378601,1.690000057220459,1012500,0.0,0.0
2024-01-16 00:00:00-05:00,1.7300000190734863,1.9210000038146973,1.7000000476837158,1.899999976158142,1889100,0.0,0.0
2024-01-17 00:00:00-05:00,1.8799999952316284,1.8799999952316284,1.7300000190734863,1.7699999809265137,1252700,0.0,0.0
2024-01-18 00:00:00-05:00,1.7899999618530273,1.8380000591278076,1.6619999408721924,1.6799999475479126,1012400,0.0,0.0
2024-01-19 00:00:00-05:00,1.7100000381469727,1.8650000095367432,1.6399999856948853,1.8600000143051147,1076500,0.0,0.0
2024-01-22 00:00:00-05:00,1.850000023841858,1.9600000381469727,1.7799999713897705,1.8949999809265137,1128200,0.0,0.0
2024-01-23 00:00:00-05:00,1.7799999713897705,1.909999966621399,1.7799999713897705,1.8799999952316284,732900,0.0,0.0
2024-01-24 00:00:00-05:00,1.899999976158142,1.899999976158142,1.7000000476837158,1.7200000286102295,1109800,0.0,0.0
2024-01-25 00:00:00-05:00,1.7300000190734863,1.7300000190734863,1.5499999523162842,1.6200000047683716,1447100,0.0,0.0
2024-01-26 00:00:00-05:00,1.6200000047683716,1.690000057220459,1.590000033378601,1.6399999856948853,861800,0.0,0.0
2024-01-29 00:00:00-05:00,1.6200000047683716,1.690000057220459,1.5700000524520874,1.659999966621399,1173100,0.0,0.0
2024-01-30 00:00:00-05:00,1.659999966621399,1.6990000009536743,1.6200000047683716,1.6299999952316284,504500,0.0,0.0
2024-01-31 00:00:00-05:00,1.6200000047683716,1.7200000286102295,1.6200000047683716,1.659999966621399,624700,0.0,0.0
2024-02-01 00:00:00-05:00,1.6799999475479126,1.8799999952316284,1.6799999475479126,1.8300000429153442,1464200,0.0,0.0
2024-02-02 00:00:00-05:00,1.8300000429153442,1.8700000047683716,1.7599999904632568,1.8300000429153442,739800,0.0,0.0
2024-02-05 00:00:00-05:00,1.809999942779541,1.8700000047683716,1.690000057220459,1.7599999904632568,792600,0.0,0.0
2024-02-06 00:00:00-05:00,1.7599999904632568,2.140000104904175,1.7300000190734863,2.130000114440918,2278800,0.0,0.0
2024-02-07 00:00:00-05:00,2.119999885559082,2.130000114440918,1.9700000286102295,2.0299999713897705,868500,0.0,0.0
2024-02-08 00:00:00-05:00,2.049999952316284,2.2200000286102295,2.0199999809265137,2.1700000762939453,1141900,0.0,0.0
2024-02-09 00:00:00-05:00,2.190000057220459,2.319999933242798,2.1600000858306885,2.2799999713897705,1365500,0.0,0.0
2024-02-12 00:00:00-05:00,2.240000009536743,2.2799999713897705,2.049999952316284,2.140000104904175,1811100,0.0,0.0
2024-02-13 00:00:00-05:00,2.0199999809265137,2.0299999713897705,1.7999999523162842,1.850000023841858,2241400,0.0,0.0
2024-02-14 00:00:00-05:00,1.909999966621399,1.9390000104904175,1.774999976158142,1.8600000143051147,811500,0.0,0.0
2024-02-15 00:00:00-05:00,1.8799999952316284,2.0450000762939453,1.850000023841858,2.009999990463257,838200,0.0,0.0
2024-02-16 00:00:00-05:00,2.009999990463257,2.180000066757202,1.965000033378601,2.180000066757202,1512400,0.0,0.0
2024-02-20 00:00:00-05:00,2.140000104904175,2.1600000858306885,2.0299999713897705,2.069999933242798,811700,0.0,0.0
2024-02-21 00:00:00-05:00,2.0299999713897705,2.0399999618530273,1.909999966621399,2.009999990463257,778900,0.0,0.0
2024-02-22 00:00:00-05:00,2.0199999809265137,2.049999952316284,1.9700000286102295,1.9800000190734863,478100,0.0,0.0
2024-02-23 00:00:00-05:00,1.9900000095367432,2.059999942779541,1.9299999475479126,2.0199999809265137,506900,0.0,0.0
2024-02-26 00:00:00-05:00,1.9800000190734863,2.0999999046325684,1.9800000190734863,2.0399999618530273,671500,0.0,0.0
2024-02-27 00:00:00-05:00,2.0199999809265137,2.190000057220459,2.0199999809265137,2.1600000858306885,919700,0.0,0.0
2024-02-28 00:00:00-05:00,2.140000104904175,2.140000104904175,2.0199999809265137,2.049999952316284,695600,0.0,0.0
2024-02-29 00:00:00-05:00,2.0799999237060547,2.1500000953674316,2.0450000762939453,2.069999933242798,733100,0.0,0.0
2024-03-01 00:00:00-05:00,2.069999933242798,2.2190001010894775,2.0399999618530273,2.1600000858306885,944000,0.0,0.0
2024-03-04 00:00:00-05:00,2.140000104904175,2.140000104904175,2.0,2.0199999809265137,829100,0.0,0.0
2024-03-05 00:00:00-05:00,2.009999990463257,2.009999990463257,1.8899999856948853,1.9500000476837158,1188700,0.0,0.0
2024-03-06 00:00:00-05:00,1.940000057220459,1.9800000190734863,1.8899999856948853,1.9299999475479126,683200,0.0,0.0
2024-03-07 00:00:00-05:00,1.9299999475479126,2.0,1.9199999570846558,1.9900000095367432,457300,0.0,0.0
2024-03-08 00:00:00-05:00,2.0,2.0999999046325684,1.9600000381469727,2.0199999809265137,717600,0.0,0.0
2024-03-11 00:00:00-04:00,2.0299999713897705,2.049999952316284,1.940000057220459,1.9500000476837158,517900,0.0,0.0
2024-03-12 00:00:00-04:00,1.9500000476837158,1.9600000381469727,1.899999976158142,1.9299999475479126,374800,0.0,0.0
2024-03-13 00:00:00-04:00,1.909999966621399,1.9600000381469727,1.8899999856948853,1.9199999570846558,430200,0.0,0.0
2024-03-14 00:00:00-04:00,1.9199999570846558,1.9199999570846558,1.850000023841858,1.8600000143051147,443000,0.0,0.0
2024-03-15 00:00:00-04:00,1.8899999856948853,2.069999933242798,1.878000020980835,2.069999933242798,1166300,0.0,0.0
2024-03-18 00:00:00-04:00,2.0999999046325684,2.2699999809265137,2.059999942779541,2.2300000190734863,1817400,0.0,0.0
2024-03-19 00:00:00-04:00,2.190000057220459,2.3299999237060547,2.109999895095825,2.2200000286102295,895700,0.0,0.0
2024-03-20 00:00:00-04:00,2.2200000286102295,2.450000047683716,2.2100000381469727,2.4200000762939453,1295000,0.0,0.0
2024-03-21 00:00:00-04:00,2.4700000286102295,2.555000066757202,2.380000114440918,2.509999990463257,1293900,0.0,0.0
2024-03-22 00:00:00-04:00,2.509999990463257,2.7899999618530273,2.484999895095825,2.7200000286102295,2912300,0.0,0.0
2024-03-25 00:00:00-04:00,2.7200000286102295,2.740000009536743,2.440000057220459,2.5199999809265137,1342200,0.0,0.0
2024-03-26 00:00:00-04:00,2.5399999618530273,2.9100000858306885,2.490000009536743,2.680000066757202,2243600,0.0,0.0
2024-03-27 00:00:00-04:00,2.380000114440918,2.390000104904175,2.0299999713897705,2.2950000762939453,8628800,0.0,0.0
2024-03-28 00:00:00-04:00,2.309999942779541,2.309999942779541,2.140000104904175,2.1500000953674316,3351100,0.0,0.0
2024-04-01 00:00:00-04:00,2.180000066757202,2.180000066757202,2.0399999618530273,2.059999942779541,2349300,0.0,0.0
2024-04-02 00:00:00-04:00,2.0399999618530273,2.109999895095825,2.0250000953674316,2.0399999618530273,2910900,0.0,0.0
2024-04-03 00:00:00-04:00,2.0299999713897705,2.299999952316284,2.0,2.2899999618530273,5167000,0.0,0.0
2024-04-04 00:00:00-04:00,2.3550000190734863,2.369999885559082,2.075000047683716,2.0999999046325684,4398800,0.0,0.0
2024-04-05 00:00:00-04:00,2.0999999046325684,2.1449999809265137,2.0199999809265137,2.119999885559082,1794800,0.0,0.0
2024-04-08 00:00:00-04:00,2.180000066757202,2.2799999713897705,2.1050000190734863,2.180000066757202,1836000,0.0,0.0
2024-04-09 00:00:00-04:00,2.130000114440918,2.177999973297119,2.049999952316284,2.0899999141693115,1351400,0.0,0.0
2024-04-10 00:00:00-04:00,2.059999942779541,2.1549999713897705,2.0299999713897705,2.069999933242798,1012300,0.0,0.0
2024-04-11 00:00:00-04:00,2.0899999141693115,2.0999999046325684,2.0,2.049999952316284,992600,0.0,0.0
2024-04-12 00:00:00-04:00,2.0199999809265137,2.065000057220459,1.9199999570846558,1.940000057220459,2064500,0.0,0.0
2024-04-15 00:00:00-04:00,2.0,2.0199999809265137,1.8700000047683716,1.8799999952316284,2159500,0.0,0.0
2024-04-16 00:00:00-04:00,1.8700000047683716,1.9170000553131104,1.8350000381469727,1.8799999952316284,1052800,0.0,0.0
2024-04-17 00:00:00-04:00,1.909999966621399,1.909999966621399,1.7799999713897705,1.8300000429153442,1430500,0.0,0.0
2024-04-18 00:00:00-04:00,1.840000033378601,1.9500000476837158,1.7999999523162842,1.8700000047683716,1239000,0.0,0.0
2024-04-19 00:00:00-04:00,1.8600000143051147,1.9700000286102295,1.850000023841858,1.8899999856948853,1417200,0.0,0.0
2024-04-22 00:00:00-04:00,1.9500000476837158,1.9600000381469727,1.840000033378601,1.899999976158142,1036500,0.0,0.0
2024-04-23 00:00:00-04:00,1.899999976158142,1.9800000190734863,1.8550000190734863,1.9500000476837158,1107600,0.0,0.0
2024-04-24 00:00:00-04:00,1.9500000476837158,1.9800000190734863,1.9049999713897705,1.9299999475479126,777100,0.0,0.0
2024-04-25 00:00:00-04:00,1.899999976158142,1.909999966621399,1.840000033378601,1.8600000143051147,893400,0.0,0.0
2024-04-26 00:00:00-04:00,1.8799999952316284,1.940000057220459,1.840000033378601,1.8600000143051147,752400,0.0,0.0
2024-04-29 00:00:00-04:00,1.8899999856948853,1.9249999523162842,1.840000033378601,1.8700000047683716,807000,0.0,0.0
2024-04-30 00:00:00-04:00,1.840000033378601,2.1700000762939453,1.809999942779541,2.119999885559082,8256400,0.0,0.0
2024-05-01 00:00:00-04:00,2.0899999141693115,2.0999999046325684,1.8899999856948853,1.9149999618530273,3000200,0.0,0.0
2024-05-02 00:00:00-04:00,1.9500000476837158,2.0,1.8600000143051147,1.8799999952316284,1006500,0.0,0.0
2024-05-03 00:00:00-04:00,1.8899999856948853,1.940000057220459,1.840000033378601,1.8550000190734863,1339200,0.0,0.0
2024-05-06 00:00:00-04:00,1.8899999856948853,1.940000057220459,1.840000033378601,1.8799999952316284,1208300,0.0,0.0
2024-05-07 00:00:00-04:00,1.8700000047683716,1.9149999618530273,1.7999999523162842,1.7999999523162842,940500,0.0,0.0
2024-05-08 00:00:00-04:00,1.7899999618530273,1.809999942779541,1.7300000190734863,1.7599999904632568,1032800,0.0,0.0
2024-05-09 00:00:00-04:00,1.7599999904632568,1.8380000591278076,1.7599999904632568,1.7999999523162842,846300,0.0,0.0
2024-05-10 00:00:00-04:00,1.8300000429153442,1.8300000429153442,1.7400000095367432,1.7599999904632568,722800,0.0,0.0
2024-05-13 00:00:00-04:00,1.7799999713897705,1.8700000047683716,1.7599999904632568,1.840000033378601,1467200,0.0,0.0
2024-05-14 00:00:00-04:00,1.75,1.9199999570846558,1.75,1.8350000381469727,2130000,0.0,0.0
2024-05-15 00:00:00-04:00,1.850000023841858,1.9819999933242798,1.8200000524520874,1.9299999475479126,1335900,0.0,0.0
2024-05-16 00:00:00-04:00,1.909999966621399,2.1050000190734863,1.909999966621399,2.0299999713897705,2335900,0.0,0.0
2024-05-17 00:00:00-04:00,2.0899999141693115,2.109999895095825,1.9500000476837158,2.0199999809265137,1635300,0.0,0.0
2024-05-20 00:00:00-04:00,2.009999990463257,2.0299999713897705,1.9600000381469727,1.9900000095367432,535700,0.0,0.0
2024-05-21 00:00:00-04:00,1.9900000095367432,2.0,1.899999976158142,1.9199999570846558,833900,0.0,0.0
2024-05-22 00:00:00-04:00,1.909999966621399,1.9459999799728394,1.8700000047683716,1.8799999952316284,672500,0.0,0.0
2024-05-23 00:00:00-04:00,1.8799999952316284,1.8980000019073486,1.7799999713897705,1.7999999523162842,654400,0.0,0.0
2024-05-24 00:00:00-04:00,1.8600000143051147,1.875,1.7999999523162842,1.8200000524520874,670600,0.0,0.0
2024-05-28 00:00:00-04:00,1.8200000524520874,1.850000023841858,1.7400000095367432,1.7599999904632568,854400,0.0,0.0
2024-05-29 00:00:00-04:00,1.75,1.7599999904632568,1.7000000476837158,1.7300000190734863,917900,0.0,0.0
2024-05-30 00:00:00-04:00,1.7599999904632568,1.7799999713897705,1.7100000381469727,1.7100000381469727,656900,0.0,0.0
2024-05-31 00:00:00-04:00,1.7300000190734863,1.7400000095367432,1.7000000476837158,1.7100000381469727,600000,0.0,0.0
2024-06-03 00:00:00-04:00,1.7400000095367432,1.7400000095367432,1.649999976158142,1.6549999713897705,1141300,0.0,0.0
2024-06-04 00:00:00-04:00,1.649999976158142,1.690000057220459,1.6100000143051147,1.659999966621399,621000,0.0,0.0
2024-06-05 00:00:00-04:00,1.649999976158142,1.7000000476837158,1.649999976158142,1.6799999475479126,416600,0.0,0.0
2024-06-06 00:00:00-04:00,1.690000057220459,1.6990000009536743,1.6449999809265137,1.6699999570846558,536500,0.0,0.0
2024-06-07 00:00:00-04:00,1.659999966621399,1.6649999618530273,1.531000018119812,1.5800000429153442,2249600,0.0,0.0
2024-06-10 00:00:00-04:00,1.559999942779541,1.600000023841858,1.5499999523162842,1.590000033378601,723800,0.0,0.0
2024-06-11 00:00:00-04:00,1.590000033378601,1.600000023841858,1.5499999523162842,1.5850000381469727,440700,0.0,0.0
2024-06-12 00:00:00-04:00,1.6100000143051147,1.659999966621399,1.600000023841858,1.6100000143051147,794800,0.0,0.0
2024-06-13 00:00:00-04:00,1.6200000047683716,1.625,1.5499999523162842,1.559999942779541,447300,0.0,0.0
2024-06-14 00:00:00-04:00,1.5499999523162842,1.559999942779541,1.5199999809265137,1.524999976158142,568400,0.0,0.0
2024-06-17 00:00:00-04:00,1.5199999809265137,1.5299999713897705,1.4800000190734863,1.5099999904632568,779400,0.0,0.0
2024-06-18 00:00:00-04:00,1.5,1.559999942779541,1.5,1.5399999618530273,294500,0.0,0.0
2024-06-20 00:00:00-04:00,1.5199999809265137,1.559999942779541,1.5099999904632568,1.5399999618530273,385400,0.0,0.0
2024-06-21 00:00:00-04:00,1.5299999713897705,1.5399999618530273,1.5049999952316284,1.524999976158142,280200,0.0,0.0
2024-06-24 00:00:00-04:00,1.5399999618530273,1.590000033378601,1.531999945640564,1.5700000524520874,364500,0.0,0.0
2024-06-25 00:00:00-04:00,1.559999942779541,1.5800000429153442,1.4800000190734863,1.4900000095367432,1059600,0.0,0.0
2024-06-26 00:00:00-04:00,1.4900000095367432,1.5499999523162842,1.4800000190734863,1.524999976158142,539000,0.0,0.0
2024-06-27 00:00:00-04:00,1.5399999618530273,1.6299999952316284,1.5199999809265137,1.600000023841858,676300,0.0,0.0
2024-06-28 00:00:00-04:00,1.6200000047683716,1.6299999952316284,1.5399999618530273,1.5399999618530273,398400,0.0,0.0
2024-07-01 00:00:00-04:00,1.5399999618530273,1.5800000429153442,1.5299999713897705,1.5399999618530273,402600,0.0,0.0
2024-07-02 00:00:00-04:00,1.5399999618530273,1.5499999523162842,1.4800000190734863,1.4900000095367432,802500,0.0,0.0
2024-07-03 00:00:00-04:00,1.5099999904632568,1.6180000305175781,1.5099999904632568,1.590000033378601,424300,0.0,0.0
2024-07-05 00:00:00-04:00,1.600000023841858,1.6059999465942383,1.565000057220459,1.5850000381469727,260800,0.0,0.0
2024-07-08 00:00:00-04:00,1.5800000429153442,1.590000033378601,1.5399999618530273,1.5700000524520874,290200,0.0,0.0
2024-07-09 00:00:00-04:00,1.559999942779541,1.600000023841858,1.5499999523162842,1.5700000524520874,315100,0.0,0.0
2024-07-10 00:00:00-04:00,1.5700000524520874,1.6200000047683716,1.5700000524520874,1.5800000429153442,326600,0.0,0.0
2024-07-11 00:00:00-04:00,1.600000023841858,1.7000000476837158,1.5950000286102295,1.7000000476837158,724300,0.0,0.0
2024-07-12 00:00:00-04:00,1.7200000286102295,1.7200000286102295,1.6699999570846558,1.6950000524520874,356000,0.0,0.0
2024-07-15 00:00:00-04:00,1.6699999570846558,1.7300000190734863,1.6699999570846558,1.7100000381469727,584300,0.0,0.0
2024-07-16 00:00:00-04:00,1.7200000286102295,1.7599999904632568,1.7000000476837158,1.75,470500,0.0,0.0
2024-07-17 00:00:00-04:00,1.7300000190734863,1.784999966621399,1.6699999570846558,1.690000057220459,742200,0.0,0.0
2024-07-18 00:00:00-04:00,1.7000000476837158,1.7400000095367432,1.6100000143051147,1.6200000047683716,677400,0.0,0.0
2024-07-19 00:00:00-04:00,1.6299999952316284,1.6699999570846558,1.6100000143051147,1.649999976158142,358600,0.0,0.0
2024-07-22 00:00:00-04:00,1.6699999570846558,1.7799999713897705,1.659999966621399,1.774999976158142,1287200,0.0,0.0
2024-07-23 00:00:00-04:00,1.7699999809265137,1.7999999523162842,1.7410000562667847,1.7549999952316284,614000,0.0,0.0
2024-07-24 00:00:00-04:00,1.7300000190734863,1.75,1.6150000095367432,1.625,659200,0.0,0.0
2024-07-25 00:00:00-04:00,1.649999976158142,1.6699999570846558,1.6150000095367432,1.6200000047683716,346400,0.0,0.0
2024-07-26 00:00:00-04:00,1.6299999952316284,1.649999976158142,1.6100000143051147,1.6299999952316284,364300,0.0,0.0
2024-07-29 00:00:00-04:00,1.6399999856948853,1.659999966621399,1.600000023841858,1.6100000143051147,293500,0.0,0.0
2024-07-30 00:00:00-04:00,1.659999966621399,1.6799999475479126,1.6100000143051147,1.659999966621399,587400,0.0,0.0
2024-07-31 00:00:00-04:00,1.659999966621399,1.725000023841858,1.649999976158142,1.6799999475479126,423800,0.0,0.0
2024-08-01 00:00:00-04:00,1.6699999570846558,1.6950000524520874,1.559999942779541,1.5700000524520874,816200,0.0,0.0
2024-08-02 00:00:00-04:00,1.5199999809265137,1.559999942779541,1.4600000381469727,1.4900000095367432,554300,0.0,0.0
2024-08-05 00:00:00-04:00,1.350000023841858,1.440000057220459,1.309999942779541,1.4299999475479126,664700,0.0,0.0
2024-08-06 00:00:00-04:00,1.4800000190734863,1.559999942779541,1.4299999475479126,1.5299999713897705,401500,0.0,0.0
2024-08-07 00:00:00-04:00,1.559999942779541,1.559999942779541,1.4800000190734863,1.4900000095367432,430800,0.0,0.0
2024-08-08 00:00:00-04:00,1.5099999904632568,1.590000033378601,1.4800000190734863,1.5399999618530273,907300,0.0,0.0
2024-08-09 00:00:00-04:00,1.5499999523162842,1.5499999523162842,1.4600000381469727,1.4700000286102295,682700,0.0,0.0
2024-08-12 00:00:00-04:00,1.4700000286102295,1.5099999904632568,1.4299999475479126,1.440000057220459,761600,0.0,0.0
2024-08-13 00:00:00-04:00,1.6399999856948853,1.840000033378601,1.5499999523162842,1.809999942779541,3650600,0.0,0.0
2024-08-14 00:00:00-04:00,1.8200000524520874,1.9900000095367432,1.809999942779541,1.899999976158142,1890900,0.0,0.0
2024-08-15 00:00:00-04:00,1.8899999856948853,2.0199999809265137,1.840000033378601,1.9900000095367432,1335400,0.0,0.0
2024-08-16 00:00:00-04:00,1.9600000381469727,2.0799999237060547,1.9299999475479126,2.069999933242798,1478200,0.0,0.0
2024-08-19 00:00:00-04:00,2.0399999618530273,2.069999933242798,1.9700000286102295,1.9900000095367432,789400,0.0,0.0
2024-08-20 00:00:00-04:00,2.0,2.009999990463257,1.909999966621399,1.9199999570846558,547300,0.0,0.0
2024-08-21 00:00:00-04:00,1.9199999570846558,2.055000066757202,1.8899999856948853,2.0199999809265137,644400,0.0,0.0
2024-08-22 00:00:00-04:00,2.0199999809265137,2.0299999713897705,1.9299999475479126,1.940000057220459,326900,0.0,0.0
2024-08-23 00:00:00-04:00,1.940000057220459,2.049999952316284,1.934999942779541,2.0199999809265137,505100,0.0,0.0
2024-08-26 00:00:00-04:00,2.0199999809265137,2.0450000762939453,1.9800000190734863,1.9900000095367432,467700,0.0,0.0
2024-08-27 00:00:00-04:00,1.940000057220459,1.940000057220459,1.8250000476837158,1.8300000429153442,816400,0.0,0.0
2024-08-28 00:00:00-04:00,1.8300000429153442,1.8700000047683716,1.7999999523162842,1.840000033378601,339600,0.0,0.0
2024-08-29 00:00:00-04:00,1.850000023841858,1.9199999570846558,1.8200000524520874,1.840000033378601,473500,0.0,0.0
2024-08-30 00:00:00-04:00,1.8600000143051147,1.8890000581741333,1.8300000429153442,1.850000023841858,205300,0.0,0.0
2024-09-03 00:00:00-04:00,1.840000033378601,1.8600000143051147,1.7699999809265137,1.7899999618530273,534700,0.0,0.0
2024-09-04 00:00:00-04:00,1.7799999713897705,1.899999976158142,1.7699999809265137,1.7999999523162842,584500,0.0,0.0
2024-09-05 00:00:00-04:00,1.8200000524520874,1.8600000143051147,1.7999999523162842,1.8200000524520874,247800,0.0,0.0
2024-09-06 00:00:00-04:00,1.809999942779541,1.8300000429153442,1.7200000286102295,1.75,314000,0.0,0.0
2024-09-09 00:00:00-04:00,1.7699999809265137,1.8700000047683716,1.7699999809265137,1.8200000524520874,382100,0.0,0.0
2024-09-10 00:00:00-04:00,1.8200000524520874,1.840000033378601,1.7599999904632568,1.8300000429153442,298100,0.0,0.0
2024-09-11 00:00:00-04:00,1.8300000429153442,1.8849999904632568,1.809999942779541,1.8600000143051147,309200,0.0,0.0
2024-09-12 00:00:00-04:00,1.8700000047683716,1.8700000047683716,1.8200000524520874,1.840000033378601,267400,0.0,0.0
2024-09-13 00:00:00-04:00,1.850000023841858,1.899999976158142,1.8300000429153442,1.8600000143051147,321400,0.0,0.0
2024-09-16 00:00:00-04:00,1.8600000143051147,1.9199999570846558,1.8300000429153442,1.8899999856948853,356000,0.0,0.0
2024-09-17 00:00:00-04:00,1.899999976158142,2.0,1.8819999694824219,1.8899999856948853,449000,0.0,0.0
2024-09-18 00:00:00-04:00,1.8899999856948853,1.9450000524520874,1.850000023841858,1.8799999952316284,265300,0.0,0.0
2024-09-19 00:00:00-04:00,1.940000057220459,1.940000057220459,1.840000033378601,1.840000033378601,302800,0.0,0.0
2024-09-20 00:00:00-04:00,1.850000023841858,1.8700000047683716,1.7899999618530273,1.7999999523162842,451800,0.0,0.0
2024-09-23 00:00:00-04:00,1.7899999618530273,1.8209999799728394,1.7599999904632568,1.7899999618530273,293600,0.0,0.0
2024-09-24 00:00:00-04:00,1.7899999618530273,1.840000033378601,1.7699999809265137,1.7999999523162842,319500,0.0,0.0
2024-09-25 00:00:00-04:00,1.7999999523162842,1.8070000410079956,1.7200000286102295,1.7400000095367432,613700,0.0,0.0
2024-09-26 00:00:00-04:00,1.75,1.7999999523162842,1.7410000562667847,1.7699999809265137,302400,0.0,0.0
2024-09-27 00:00:00-04:00,1.7799999713897705,1.7999999523162842,1.7549999952316284,1.7599999904632568,246200,0.0,0.0
2024-09-30 00:00:00-04:00,1.75,1.8899999856948853,1.75,1.809999942779541,557500,0.0,0.0
2024-10-01 00:00:00-04:00,1.809999942779541,1.809999942779541,1.7350000143051147,1.7599999904632568,438800,0.0,0.0
2024-10-02 00:00:00-04:00,1.75,1.7699999809265137,1.725000023841858,1.7400000095367432,253400,0.0,0.0
2024-10-03 00:00:00-04:00,1.7300000190734863,1.7890000343322754,1.7200000286102295,1.7599999904632568,280000,0.0,0.0
2024-10-04 00:00:00-04:00,1.7799999713897705,1.7899999618530273,1.7450000047683716,1.7599999904632568,208200,0.0,0.0
2024-10-07 00:00:00-04:00,1.7799999713897705,1.7799999713897705,1.690000057220459,1.7200000286102295,402600,0.0,0.0
2024-10-08 00:00:00-04:00,1.7300000190734863,1.7400000095367432,1.6729999780654907,1.7000000476837158,344500,0.0,0.0
2024-10-09 00:00:00-04:00,1.6799999475479126,1.7000000476837158,1.659999966621399,1.6699999570846558,306300,0.0,0.0
2024-10-10 00:00:00-04:00,1.659999966621399,1.6820000410079956,1.6299999952316284,1.659999966621399,210400,0.0,0.0
2024-10-11 00:00:00-04:00,1.649999976158142,1.7300000190734863,1.649999976158142,1.7200000286102295,196000,0.0,0.0
2024-10-14 00:00:00-04:00,1.7300000190734863,1.7890000343322754,1.7200000286102295,1.7699999809265137,242900,0.0,0.0
2024-10-15 00:00:00-04:00,1.7799999713897705,1.7999999523162842,1.7000000476837158,1.7300000190734863,241900,0.0,0.0
2024-10-16 00:00:00-04:00,1.75,1.7599999904632568,1.7300000190734863,1.7400000095367432,168900,0.0,0.0
2024-10-17 00:00:00-04:00,1.75,1.7599999904632568,1.7100000381469727,1.7400000095367432,245500,0.0,0.0
2024-10-18 00:00:00-04:00,1.7300000190734863,1.7899999618530273,1.7300000190734863,1.7799999713897705,296500,0.0,0.0
2024-10-21 00:00:00-04:00,1.7699999809265137,1.7899999618530273,1.7309999465942383,1.7599999904632568,229300,0.0,0.0
2024-10-22 00:00:00-04:00,1.7599999904632568,1.8799999952316284,1.7300000190734863,1.8600000143051147,891300,0.0,0.0
2024-10-23 00:00:00-04:00,1.8700000047683716,1.9199999570846558,1.7890000343322754,1.8300000429153442,876600,0.0,0.0
2024-10-24 00:00:00-04:00,1.8300000429153442,1.8799999952316284,1.7799999713897705,1.7899999618530273,335600,0.0,0.0
2024-10-25 00:00:00-04:00,1.840000033378601,1.9299999475479126,1.8200000524520874,1.850000023841858,529900,0.0,0.0
2024-10-28 00:00:00-04:00,1.8600000143051147,1.899999976158142,1.8200000524520874,1.8799999952316284,378200,0.0,0.0
2024-10-29 00:00:00-04:00,1.850000023841858,1.940999984741211,1.809999942779541,1.8300000429153442,545900,0.0,0.0
2024-10-30 00:00:00-04:00,1.8200000524520874,1.8799999952316284,1.7699999809265137,1.7799999713897705,352700,0.0,0.0
2024-10-31 00:00:00-04:00,1.7599999904632568,1.7799999713897705,1.7000000476837158,1.7100000381469727,378300,0.0,0.0
2024-11-01 00:00:00-04:00,1.7300000190734863,1.7599999904632568,1.7050000429153442,1.7300000190734863,321300,0.0,0.0
2024-11-04 00:00:00-05:00,1.7100000381469727,1.850000023841858,1.7100000381469727,1.7999999523162842,465100,0.0,0.0
2024-11-05 00:00:00-05:00,1.7999999523162842,1.850000023841858,1.7649999856948853,1.850000023841858,321900,0.0,0.0
2024-11-06 00:00:00-05:00,1.7100000381469727,1.7300000190734863,1.6100000143051147,1.6799999475479126,1476200,0.0,0.0
2024-11-07 00:00:00-05:00,1.680999994277954,1.690000057220459,1.6299999952316284,1.649999976158142,670000,0.0,0.0
2024-11-08 00:00:00-05:00,1.6299999952316284,1.659999966621399,1.559999942779541,1.5800000429153442,902900,0.0,0.0
2024-11-11 00:00:00-05:00,1.590000033378601,1.6089999675750732,1.5199999809265137,1.559999942779541,789800,0.0,0.0
2024-11-12 00:00:00-05:00,1.5499999523162842,1.6399999856948853,1.5399999618530273,1.590000033378601,1063100,0.0,0.0
2024-11-13 00:00:00-05:00,1.590000033378601,1.625,1.5199999809265137,1.5800000429153442,1271200,0.0,0.0
2024-11-14 00:00:00-05:00,1.559999942779541,1.5800000429153442,1.4800000190734863,1.5,741600,0.0,0.0
2024-11-15 00:00:00-05:00,1.5,1.5,1.440000057220459,1.440000057220459,494500,0.0,0.0
2024-11-18 00:00:00-05:00,1.4600000381469727,1.5199999809265137,1.440000057220459,1.4800000190734863,452500,0.0,0.0
2024-11-19 00:00:00-05:00,1.4800000190734863,1.4800000190734863,1.4450000524520874,1.4500000476837158,324600,0.0,0.0
2024-11-20 00:00:00-05:00,1.4500000476837158,1.5,1.440000057220459,1.4800000190734863,595100,0.0,0.0
2024-11-21 00:00:00-05:00,1.4800000190734863,1.5499999523162842,1.4600000381469727,1.5099999904632568,864300,0.0,0.0
2024-11-22 00:00:00-05:00,1.5080000162124634,1.559999942779541,1.4900000095367432,1.5199999809265137,415000,0.0,0.0
2024-11-25 00:00:00-05:00,1.5399999618530273,1.6200000047683716,1.534999966621399,1.5800000429153442,718200,0.0,0.0
2024-11-26 00:00:00-05:00,1.5499999523162842,1.559999942779541,1.4500000476837158,1.4700000286102295,1037500,0.0,0.0
2024-11-27 00:00:00-05:00,1.4700000286102295,1.5149999856948853,1.4700000286102295,1.5,265500,0.0,0.0
2024-11-29 00:00:00-05:00,1.5199999809265137,1.590000033378601,1.5,1.5099999904632568,388500,0.0,0.0
2024-12-02 00:00:00-05:00,1.5299999713897705,1.559000015258789,1.4900000095367432,1.5199999809265137,545600,0.0,0.0
2024-12-03 00:00:00-05:00,1.5099999904632568,1.5449999570846558,1.4450000524520874,1.4700000286102295,586500,0.0,0.0
2024-12-04 00:00:00-05:00,1.4500000476837158,1.4700000286102295,1.4199999570846558,1.440000057220459,491200,0.0,0.0
2024-12-05 00:00:00-05:00,1.4299999475479126,1.4800000190734863,1.4299999475479126,1.4500000476837158,767600,0.0,0.0
2024-12-06 00:00:00-05:00,1.5800000429153442,1.6699999570846558,1.4600000381469727,1.600000023841858,2149600,0.0,0.0
2024-12-09 00:00:00-05:00,1.600000023841858,1.7300000190734863,1.565000057220459,1.5800000429153442,1182400,0.0,0.0
2024-12-10 00:00:00-05:00,1.559999942779541,1.5800000429153442,1.5199999809265137,1.5399999618530273,451300,0.0,0.0
2024-12-11 00:00:00-05:00,1.5399999618530273,1.5499999523162842,1.5,1.5199999809265137,437600,0.0,0.0
2024-12-12 00:00:00-05:00,1.5199999809265137,1.5499999523162842,1.5099999904632568,1.5099999904632568,414200,0.0,0.0
2024-12-13 00:00:00-05:00,1.5099999904632568,1.5099999904632568,1.4500000476837158,1.4800000190734863,556900,0.0,0.0
2024-12-16 00:00:00-05:00,1.4800000190734863,1.5750000476837158,1.4700000286102295,1.5299999713897705,1186200,0.0,0.0
2024-12-17 00:00:00-05:00,1.5499999523162842,1.6399999856948853,1.5199999809265137,1.6100000143051147,1730900,0.0,0.0
2024-12-18 00:00:00-05:00,1.7100000381469727,1.7100000381469727,1.4600000381469727,1.4700000286102295,2741000,0.0,0.0
2024-12-19 00:00:00-05:00,1.5199999809265137,1.5399999618530273,1.440000057220459,1.4600000381469727,1008100,0.0,0.0
2024-12-20 00:00:00-05:00,1.440000057220459,1.6100000143051147,1.440000057220459,1.559999942779541,1093900,0.0,0.0
2024-12-23 00:00:00-05:00,1.5700000524520874,1.6299999952316284,1.5299999713897705,1.5800000429153442,1106500,0.0,0.0
2024-12-24 00:00:00-05:00,1.590000033378601,1.625,1.559999942779541,1.559999942779541,301200,0.0,0.0
2024-12-26 00:00:00-05:00,1.5399999618530273,1.600000023841858,1.5399999618530273,1.590000033378601,445600,0.0,0.0
2024-12-27 00:00:00-05:00,1.5800000429153442,1.6549999713897705,1.559999942779541,1.6200000047683716,633400,0.0,0.0
2024-12-30 00:00:00-05:00,1.5800000429153442,1.6200000047683716,1.569000005722046,1.5700000524520874,448100,0.0,0.0
2024-12-31 00:00:00-05:00,1.559999942779541,1.625,1.559999942779541,1.6100000143051147,538000,0.0,0.0
2025-01-02 00:00:00-05:00,1.6100000143051147,1.7200000286102295,1.600000023841858,1.659999966621399,1043100,0.0,0.0
2025-01-03 00:00:00-05:00,1.6699999570846558,1.7000000476837158,1.6349999904632568,1.6799999475479126,467900,0.0,0.0
2025-01-06 00:00:00-05:00,1.7100000381469727,1.7699999809265137,1.6699999570846558,1.6799999475479126,816200,0.0,0.0
2025-01-07 00:00:00-05:00,1.690000057220459,1.7200000286102295,1.659999966621399,1.690000057220459,407300,0.0,0.0
2025-01-08 00:00:00-05:00,1.6799999475479126,1.6799999475479126,1.590000033378601,1.6399999856948853,497900,0.0,0.0
2025-01-10 00:00:00-05:00,1.600000023841858,1.6490000486373901,1.5299999713897705,1.5700000524520874,684900,0.0,0.0
2025-01-13 00:00:00-05:00,1.5700000524520874,1.5800000429153442,1.5140000581741333,1.5700000524520874,413000,0.0,0.0
2025-01-14 00:00:00-05:00,1.5700000524520874,1.590000033378601,1.5,1.5299999713897705,633000,0.0,0.0
2025-01-15 00:00:00-05:00,1.5499999523162842,1.590000033378601,1.5299999713897705,1.5399999618530273,237000,0.0,0.0
2025-01-16 00:00:00-05:00,1.5299999713897705,1.5800000429153442,1.5099999904632568,1.5700000524520874,431600,0.0,0.0
2025-01-17 00:00:00-05:00,1.600000023841858,1.600000023841858,1.5299999713897705,1.5499999523162842,254300,0.0,0.0
2025-01-21 00:00:00-05:00,1.5499999523162842,1.5750000476837158,1.5399999618530273,1.5399999618530273,246000,0.0,0.0
2025-01-22 00:00:00-05:00,1.5499999523162842,1.590000033378601,1.5299999713897705,1.5700000524520874,473700,0.0,0.0
2025-01-23 00:00:00-05:00,1.559999942779541,1.5800000429153442,1.5399999618530273,1.5499999523162842,232000,0.0,0.0
2025-01-24 00:00:00-05:00,1.5499999523162842,1.6200000047683716,1.5499999523162842,1.5800000429153442,368200,0.0,0.0
2025-01-27 00:00:00-05:00,1.5399999618530273,1.5750000476837158,1.5199999809265137,1.5299999713897705,366200,0.0,0.0
2025-01-28 00:00:00-05:00,1.5199999809265137,1.559999942779541,1.5099999904632568,1.5299999713897705,453200,0.0,0.0
2025-01-29 00:00:00-05:00,1.5199999809265137,1.5299999713897705,1.4900000095367432,1.5,369000,0.0,0.0
2025-01-30 00:00:00-05:00,1.5,1.5800000429153442,1.5,1.5499999523162842,369200,0.0,0.0
2025-01-31 00:00:00-05:00,1.5499999523162842,1.559999942779541,1.5,1.5,588800,0.0,0.0
2025-02-03 00:00:00-05:00,1.4600000381469727,1.4800000190734863,1.4299999475479126,1.4500000476837158,651500,0.0,0.0
2025-02-04 00:00:00-05:00,1.4800000190734863,1.5099999904632568,1.4500000476837158,1.5099999904632568,317700,0.0,0.0
2025-02-05 00:00:00-05:00,1.5800000429153442,1.7200000286102295,1.5449999570846558,1.6200000047683716,2767600,0.0,0.0
2025-02-06 00:00:00-05:00,1.6100000143051147,1.7400000095367432,1.6100000143051147,1.659999966621399,1976000,0.0,0.0
2025-02-07 00:00:00-05:00,1.6699999570846558,1.7300000190734863,1.6100000143051147,1.6799999475479126,1247800,0.0,0.0
2025-02-10 00:00:00-05:00,1.7000000476837158,1.7400000095367432,1.649999976158142,1.7300000190734863,865400,0.0,0.0
2025-02-11 00:00:00-05:00,1.5499999523162842,1.5499999523162842,1.4199999570846558,1.440000057220459,3203600,0.0,0.0
2025-02-12 00:00:00-05:00,1.440000057220459,1.4500000476837158,1.2899999618530273,1.350000023841858,3022600,0.0,0.0
2025-02-13 00:00:00-05:00,1.340000033378601,1.3799999952316284,1.3200000524520874,1.350000023841858,1172900,0.0,0.0
2025-02-14 00:00:00-05:00,1.340000033378601,1.3700000047683716,1.2699999809265137,1.2699999809265137,2055400,0.0,0.0
2025-02-18 00:00:00-05:00,1.2799999713897705,1.3799999952316284,1.2799999713897705,1.3600000143051147,1707100,0.0,0.0
2025-02-19 00:00:00-05:00,1.3600000143051147,1.3600000143051147,1.2999999523162842,1.3200000524520874,858600,0.0,0.0
2025-02-20 00:00:00-05:00,1.3200000524520874,1.3250000476837158,1.2799999713897705,1.2899999618530273,807200,0.0,0.0
2025-02-21 00:00:00-05:00,1.2899999618530273,1.3140000104904175,1.2400000095367432,1.309999942779541,3283400,0.0,0.0
2025-02-24 00:00:00-05:00,1.2999999523162842,1.309999942779541,1.2200000286102295,1.2200000286102295,1059000,0.0,0.0
2025-02-25 00:00:00-05:00,1.2200000286102295,1.2300000190734863,1.159999966621399,1.1699999570846558,910200,0.0,0.0
2025-02-26 00:00:00-05:00,1.1799999475479126,1.2000000476837158,1.149999976158142,1.159999966621399,878200,0.0,0.0
2025-02-27 00:00:00-05:00,1.159999966621399,1.159999966621399,1.1200000047683716,1.1399999856948853,1142800,0.0,0.0
2025-02-28 00:00:00-05:00,1.149999976158142,1.1699999570846558,1.1100000143051147,1.149999976158142,862600,0.0,0.0
2025-03-03 00:00:00-05:00,1.149999976158142,1.1799999475479126,1.0609999895095825,1.0700000524520874,1244100,0.0,0.0
2025-03-04 00:00:00-05:00,1.0700000524520874,1.1399999856948853,1.0210000276565552,1.100000023841858,1287000,0.0,0.0
2025-03-05 00:00:00-05:00,1.100000023841858,1.149999976158142,1.0700000524520874,1.1200000047683716,907000,0.0,0.0
2025-03-06 00:00:00-05:00,1.090000033378601,1.1200000047683716,1.0700000524520874,1.0800000429153442,976000,0.0,0.0
2025-03-07 00:00:00-05:00,1.0700000524520874,1.100000023841858,1.0299999713897705,1.059999942779541,1417400,0.0,0.0
2025-03-10 00:00:00-04:00,1.0700000524520874,1.0700000524520874,0.9819999933242798,1.0,1551200,0.0,0.0
2025-03-11 00:00:00-04:00,1.0099999904632568,1.0190000534057617,0.9599999785423279,0.9890000224113464,1264000,0.0,0.0
2025-03-12 00:00:00-04:00,1.0099999904632568,1.0299999713897705,0.9869999885559082,1.0199999809265137,439400,0.0,0.0
2025-03-13 00:00:00-04:00,1.0199999809265137,1.0299999713897705,0.9869999885559082,0.9869999885559082,680000,0.0,0.0
2025-03-14 00:00:00-04:00,0.9900000095367432,1.059999942779541,0.9879999756813049,1.0299999713897705,647200,0.0,0.0
2025-03-17 00:00:00-04:00,1.0399999618530273,1.0800000429153442,1.0299999713897705,1.0700000524520874,394500,0.0,0.0
2025-03-18 00:00:00-04:00,1.090000033378601,1.090000033378601,1.059999942779541,1.0700000524520874,260500,0.0,0.0
2025-03-19 00:00:00-04:00,1.0800000429153442,1.100000023841858,1.065000057220459,1.0800000429153442,461500,0.0,0.0
2025-03-20 00:00:00-04:00,1.0700000524520874,1.1100000143051147,1.0499999523162842,1.059999942779541,367200,0.0,0.0
2025-03-21 00:00:00-04:00,1.0700000524520874,1.1200000047683716,1.0399999618530273,1.1100000143051147,417900,0.0,0.0
2025-03-24 00:00:00-04:00,1.1299999952316284,1.159999966621399,1.100000023841858,1.1100000143051147,489700,0.0,0.0
2025-03-25 00:00:00-04:00,1.1200000047683716,1.1380000114440918,1.059999942779541,1.0700000524520874,612200,0.0,0.0
2025-03-26 00:00:00-04:00,1.0800000429153442,1.0800000429153442,1.0299999713897705,1.0499999523162842,438100,0.0,0.0
2025-03-27 00:00:00-04:00,1.0299999713897705,1.090000033378601,1.0299999713897705,1.059999942779541,456100,0.0,0.0
2025-03-28 00:00:00-04:00,1.0700000524520874,1.090000033378601,1.0099999904632568,1.0299999713897705,376800,0.0,0.0
2025-03-31 00:00:00-04:00,1.0,1.024999976158142,0.9599999785423279,1.0099999904632568,326200,0.0,0.0
2025-04-01 00:00:00-04:00,1.0,1.059999942779541,1.0,1.0399999618530273,660400,0.0,0.0
2025-04-02 00:00:00-04:00,1.0399999618530273,1.0499999523162842,1.0099999904632568,1.0299999713897705,388400,0.0,0.0
2025-04-03 00:00:00-04:00,1.0099999904632568,1.0399999618530273,0.949999988079071,0.9810000061988831,626600,0.0,0.0
2025-04-04 00:00:00-04:00,0.9509999752044678,0.9700000286102295,0.8999999761581421,0.9509999752044678,528600,0.0,0.0
2025-04-07 00:00:00-04:00,0.9160000085830688,0.9700000286102295,0.8700000047683716,0.925000011920929,837400,0.0,0.0
2025-04-08 00:00:00-04:00,0.9700000286102295,0.9700000286102295,0.8799999952316284,0.8799999952316284,553000,0.0,0.0
2025-04-09 00:00:00-04:00,0.8799999952316284,0.972000002861023,0.8500000238418579,0.9549999833106995,575000,0.0,0.0
2025-04-10 00:00:00-04:00,0.949999988079071,0.9739999771118164,0.902999997138977,0.9660000205039978,214800,0.0,0.0
2025-04-11 00:00:00-04:00,0.9700000286102295,1.0299999713897705,0.9679999947547913,1.0299999713897705,356300,0.0,0.0
2025-04-14 00:00:00-04:00,1.0499999523162842,1.059999942779541,1.0149999856948853,1.0399999618530273,354500,0.0,0.0
2025-04-15 00:00:00-04:00,1.0199999809265137,1.0700000524520874,1.0199999809265137,1.0399999618530273,399800,0.0,0.0
2025-04-16 00:00:00-04:00,1.0199999809265137,1.1100000143051147,1.0190000534057617,1.0399999618530273,662700,0.0,0.0
2025-04-17 00:00:00-04:00,1.0399999618530273,1.090000033378601,1.0299999713897705,1.0700000524520874,418600,0.0,0.0
2025-04-21 00:00:00-04:00,1.0399999618530273,1.059999942779541,1.0,1.0,313500,0.0,0.0
2025-04-22 00:00:00-04:00,1.0299999713897705,1.0679999589920044,1.0299999713897705,1.059999942779541,452000,0.0,0.0
2025-04-23 00:00:00-04:00,1.0800000429153442,1.1100000143051147,1.0700000524520874,1.0800000429153442,378200,0.0,0.0
2025-04-24 00:00:00-04:00,1.090000033378601,1.159999966621399,1.0829999446868896,1.159999966621399,466000,0.0,0.0
2025-04-25 00:00:00-04:00,1.149999976158142,1.190000057220459,1.1449999809265137,1.159999966621399,397700,0.0,0.0
2025-04-28 00:00:00-04:00,1.149999976158142,1.1699999570846558,1.100000023841858,1.1200000047683716,287200,0.0,0.0
2025-04-29 00:00:00-04:00,1.100000023841858,1.1740000247955322,1.100000023841858,1.1399999856948853,232300,0.0,0.0
2025-04-30 00:00:00-04:00,1.1200000047683716,1.2000000476837158,1.090000033378601,1.159999966621399,811400,0.0,0.0
2025-05-01 00:00:00-04:00,1.1799999475479126,1.184999942779541,1.1299999952316284,1.1399999856948853,221600,0.0,0.0
2025-05-02 00:00:00-04:00,1.149999976158142,1.159999966621399,1.1299999952316284,1.149999976158142,156200,0.0,0.0
2025-05-05 00:00:00-04:00,1.1399999856948853,1.159999966621399,1.1100000143051147,1.1100000143051147,354400,0.0,0.0
2025-05-06 00:00:00-04:00,1.1100000143051147,1.11899995803833,1.090000033378601,1.100000023841858,240400,0.0,0.0
2025-05-07 00:00:00-04:00,1.100000023841858,1.1299999952316284,1.100000023841858,1.1200000047683716,152500,0.0,0.0
2025-05-08 00:00:00-04:00,1.159999966621399,1.159999966621399,1.100000023841858,1.1100000143051147,588400,0.0,0.0
2025-05-09 00:00:00-04:00,1.1100000143051147,1.1799999475479126,1.1100000143051147,1.1799999475479126,671800,0.0,0.0
2025-05-12 00:00:00-04:00,1.25,1.3179999589920044,1.190000057220459,1.2799999713897705,1586500,0.0,0.0
2025-05-13 00:00:00-04:00,1.284999966621399,1.2899999618530273,1.2300000190734863,1.2400000095367432,769200,0.0,0.0
2025-05-14 00:00:00-04:00,1.2400000095367432,1.2489999532699585,1.1950000524520874,1.2200000286102295,425100,0.0,0.0
2025-05-15 00:00:00-04:00,1.2100000381469727,1.25,1.1799999475479126,1.2400000095367432,364000,0.0,0.0
2025-05-16 00:00:00-04:00,1.25,1.3600000143051147,1.2300000190734863,1.3600000143051147,1375700,0.0,0.0
2025-05-19 00:00:00-04:00,1.3300000429153442,1.350000023841858,1.2899999618530273,1.309999942779541,686600,0.0,0.0
2025-05-20 00:00:00-04:00,1.309999942779541,1.3700000047683716,1.309999942779541,1.350000023841858,849500,0.0,0.0
2025-05-21 00:00:00-04:00,1.3300000429153442,1.4249999523162842,1.2999999523162842,1.340000033378601,910500,0.0,0.0
2025-05-22 00:00:00-04:00,1.3300000429153442,1.3799999952316284,1.2999999523162842,1.3700000047683716,446300,0.0,0.0
2025-05-23 00:00:00-04:00,1.340000033378601,1.378999948501587,1.340000033378601,1.3700000047683716,303900,0.0,0.0
2025-05-27 00:00:00-04:00,1.3700000047683716,1.378999948501587,1.3200000524520874,1.3350000381469727,515700,0.0,0.0
2025-05-28 00:00:00-04:00,1.3300000429153442,1.3700000047683716,1.2999999523162842,1.350000023841858,596100,0.0,0.0
2025-05-29 00:00:00-04:00,1.3799999952316284,1.3799999952316284,1.340000033378601,1.3799999952316284,396400,0.0,0.0
2025-05-30 00:00:00-04:00,1.3700000047683716,1.3700000047683716,1.3200000524520874,1.350000023841858,458100,0.0,0.0
2025-06-02 00:00:00-04:00,1.340000033378601,1.350000023841858,1.2999999523162842,1.309999942779541,467500,0.0,0.0
2025-06-03 00:00:00-04:00,1.309999942779541,1.350000023841858,1.2799999713897705,1.3300000429153442,472500,0.0,0.0
2025-06-04 00:00:00-04:00,1.3200000524520874,1.350000023841858,1.3109999895095825,1.340000033378601,172000,0.0,0.0
2025-06-05 00:00:00-04:00,1.340000033378601,1.3450000286102295,1.2999999523162842,1.309999942779541,659200,0.0,0.0
2025-06-06 00:00:00-04:00,1.3200000524520874,1.3600000143051147,1.3200000524520874,1.350000023841858,667100,0.0,0.0
2025-06-09 00:00:00-04:00,1.3600000143051147,1.3899999856948853,1.3559999465942383,1.3799999952316284,344800,0.0,0.0
2025-06-10 00:00:00-04:00,1.3799999952316284,1.440000057220459,1.3799999952316284,1.4299999475479126,541500,0.0,0.0
2025-06-11 00:00:00-04:00,1.4800000190734863,1.5049999952316284,1.440999984741211,1.4700000286102295,1007900,0.0,0.0
2025-06-12 00:00:00-04:00,1.4900000095367432,1.4900000095367432,1.4600000381469727,1.4700000286102295,643900,0.0,0.0
2025-06-13 00:00:00-04:00,1.4700000286102295,1.4800000190734863,1.3899999856948853,1.399999976158142,855500,0.0,0.0
2025-06-16 00:00:00-04:00,1.399999976158142,1.4600000381469727,1.3899999856948853,1.4299999475479126,557400,0.0,0.0
2025-06-17 00:00:00-04:00,1.409999966621399,1.409999966621399,1.3700000047683716,1.3700000047683716,324100,0.0,0.0
2025-06-18 00:00:00-04:00,1.3600000143051147,1.3799999952316284,1.3200000524520874,1.3200000524520874,562800,0.0,0.0
2025-06-20 00:00:00-04:00,1.3300000429153442,1.3389999866485596,1.2799999713897705,1.2899999618530273,673500,0.0,0.0
2025-06-23 00:00:00-04:00,1.2799999713897705,1.2999999523162842,1.25,1.2799999713897705,512500,0.0,0.0
2025-06-24 00:00:00-04:00,1.3200000524520874,1.36899995803833,1.309999942779541,1.3600000143051147,633400,0.0,0.0
2025-06-25 00:00:00-04:00,1.350000023841858,1.3669999837875366,1.309999942779541,1.3200000524520874,548200,0.0,0.0
2025-06-26 00:00:00-04:00,1.3200000524520874,1.399999976158142,1.309999942779541,1.399999976158142,825800,0.0,0.0
2025-06-27 00:00:00-04:00,1.399999976158142,1.399999976158142,1.3420000076293945,1.350000023841858,540500,0.0,0.0
2025-06-30 00:00:00-04:00,1.350000023841858,1.3600000143051147,1.340000033378601,1.350000023841858,378500,0.0,0.0
2025-07-01 00:00:00-04:00,1.340000033378601,1.3600000143051147,1.3200000524520874,1.3200000524520874,389700,0.0,0.0
2025-07-02 00:00:00-04:00,1.3200000524520874,1.3899999856948853,1.3200000524520874,1.3799999952316284,430200,0.0,0.0
2025-07-03 00:00:00-04:00,1.399999976158142,1.440000057220459,1.3600000143051147,1.4299999475479126,546100,0.0,0.0
2025-07-07 00:00:00-04:00,1.409999966621399,1.4240000247955322,1.3799999952316284,1.3899999856948853,844000,0.0,0.0
2025-07-08 00:00:00-04:00,1.3600000143051147,1.4299999475479126,1.3600000143051147,1.4299999475479126,626400,0.0,0.0
2025-07-09 00:00:00-04:00,1.4199999570846558,1.4500000476837158,1.409999966621399,1.440000057220459,783400,0.0,0.0
2025-07-10 00:00:00-04:00,1.440000057220459,1.5,1.4249999523162842,1.4700000286102295,682400,0.0,0.0
2025-07-11 00:00:00-04:00,1.4700000286102295,1.4700000286102295,1.440000057220459,1.4500000476837158,770100,0.0,0.0
2025-07-14 00:00:00-04:00,1.440000057220459,1.4900000095367432,1.4199999570846558,1.4800000190734863,551100,0.0,0.0
2025-07-15 00:00:00-04:00,1.4900000095367432,1.4900000095367432,1.4199999570846558,1.4299999475479126,484900,0.0,0.0
2025-07-16 00:00:00-04:00,1.4299999475479126,1.4700000286102295,1.4199999570846558,1.4600000381469727,447700,0.0,0.0
2025-07-17 00:00:00-04:00,1.4500000476837158,1.4900000095367432,1.440000057220459,1.4600000381469727,487400,0.0,0.0
2025-07-18 00:00:00-04:00,1.4600000381469727,1.4800000190734863,1.4450000524520874,1.4500000476837158,493500,0.0,0.0
2025-07-21 00:00:00-04:00,1.4600000381469727,1.4700000286102295,1.4299999475479126,1.4600000381469727,516300,0.0,0.0
2025-07-22 00:00:00-04:00,1.4500000476837158,1.559999942779541,1.4500000476837158,1.5499999523162842,1169600,0.0,0.0
2025-07-23 00:00:00-04:00,1.5700000524520874,1.5850000381469727,1.5199999809265137,1.5499999523162842,566300,0.0,0.0
2025-07-24 00:00:00-04:00,1.5399999618530273,1.5499999523162842,1.4900000095367432,1.5099999904632568,813900,0.0,0.0
2025-07-25 00:00:00-04:00,1.5399999618530273,1.5399999618530273,1.4600000381469727,1.5299999713897705,749200,0.0,0.0
2025-07-28 00:00:00-04:00,1.5199999809265137,1.5210000276565552,1.4700000286102295,1.4800000190734863,275000,0.0,0.0
2025-07-29 00:00:00-04:00,1.4900000095367432,1.4900000095367432,1.399999976158142,1.409999966621399,480900,0.0,0.0
2025-07-30 00:00:00-04:00,1.399999976158142,1.4299999475479126,1.3700000047683716,1.3700000047683716,424500,0.0,0.0
2025-07-31 00:00:00-04:00,1.3899999856948853,1.399999976158142,1.340000033378601,1.340000033378601,477400,0.0,0.0
2025-08-01 00:00:00-04:00,1.3200000524520874,1.3799999952316284,1.2999999523162842,1.3300000429153442,722500,0.0,0.0
2025-08-04 00:00:00-04:00,1.340000033378601,1.3899999856948853,1.340000033378601,1.3799999952316284,299000,0.0,0.0
2025-08-05 00:00:00-04:00,1.3700000047683716,1.3899999856948853,1.350000023841858,1.3799999952316284,394900,0.0,0.0
2025-08-06 00:00:00-04:00,1.3799999952316284,1.3899999856948853,1.3700000047683716,1.3799999952316284,262900,0.0,0.0
2025-08-07 00:00:00-04:00,1.4199999570846558,1.440000057220459,1.3899999856948853,1.409999966621399,472900,0.0,0.0
2025-08-08 00:00:00-04:00,1.409999966621399,1.4889999628067017,1.4049999713897705,1.4450000524520874,601700,0.0,0.0
2025-08-11 00:00:00-04:00,1.5099999904632568,1.6399999856948853,1.4900000095367432,1.6399999856948853,2839300,0.0,0.0
2025-08-12 00:00:00-04:00,1.690000057220459,1.690000057220459,1.5800000429153442,1.590000033378601,2353700,0.0,0.0
2025-08-13 00:00:00-04:00,1.5499999523162842,1.6349999904632568,1.5099999904632568,1.600000023841858,2267400,0.0,0.0
2025-08-14 00:00:00-04:00,1.5399999618530273,1.6100000143051147,1.4700000286102295,1.559999942779541,2083200,0.0,0.0
2025-08-15 00:00:00-04:00,1.5399999618530273,1.5499999523162842,1.4299999475479126,1.4299999475479126,1073500,0.0,0.0
2025-08-18 00:00:00-04:00,1.4700000286102295,1.5399999618530273,1.4600000381469727,1.5299999713897705,868000,0.0,0.0
2025-08-19 00:00:00-04:00,1.5299999713897705,1.5449999570846558,1.4600000381469727,1.5199999809265137,712200,0.0,0.0
2025-08-20 00:00:00-04:00,1.5099999904632568,1.5199999809265137,1.4600000381469727,1.5,593800,0.0,0.0
2025-08-21 00:00:00-04:00,1.4900000095367432,1.5700000524520874,1.4900000095367432,1.5700000524520874,815200,0.0,0.0
2025-08-22 00:00:00-04:00,1.5499999523162842,1.6299999952316284,1.4500000476837158,1.600000023841858,900800,0.0,0.0
2025-08-25 00:00:00-04:00,1.5800000429153442,1.659999966621399,1.5800000429153442,1.6299999952316284,1137000,0.0,0.0
2025-08-26 00:00:00-04:00,1.6399999856948853,1.6699999570846558,1.6100000143051147,1.649999976158142,937100,0.0,0.0
2025-08-27 00:00:00-04:00,1.6399999856948853,1.690000057220459,1.621000051498413,1.6699999570846558,660000,0.0,0.0
2025-08-28 00:00:00-04:00,1.6699999570846558,1.7599999904632568,1.6440000534057617,1.7300000190734863,1418800,0.0,0.0
2025-08-29 00:00:00-04:00,1.7799999713897705,1.7799999713897705,1.6799999475479126,1.7300000190734863,831300,0.0,0.0
2025-09-02 00:00:00-04:00,1.690000057220459,1.7059999704360962,1.6100000143051147,1.6399999856948853,845400,0.0,0.0
2025-09-03 00:00:00-04:00,1.6299999952316284,1.6449999809265137,1.5800000429153442,1.6200000047683716,741100,0.0,0.0
2025-09-04 00:00:00-04:00,1.590000033378601,1.6200000047683716,1.559999942779541,1.6100000143051147,636600,0.0,0.0
2025-09-05 00:00:00-04:00,1.600000023841858,1.659999966621399,1.5870000123977661,1.649999976158142,483100,0.0,0.0
2025-09-08 00:00:00-04:00,1.6399999856948853,1.659999966621399,1.6100000143051147,1.6399999856948853,337500,0.0,0.0
2025-09-09 00:00:00-04:00,1.6299999952316284,1.6549999713897705,1.6200000047683716,1.6299999952316284,543400,0.0,0.0
2025-09-10 00:00:00-04:00,1.6200000047683716,1.649999976158142,1.6200000047683716,1.649999976158142,479500,0.0,0.0
2025-09-11 00:00:00-04:00,1.6200000047683716,1.6950000524520874,1.6200000047683716,1.659999966621399,832800,0.0,0.0
2025-09-12 00:00:00-04:00,1.649999976158142,1.6799999475479126,1.6299999952316284,1.659999966621399,408300,0.0,0.0
2025-09-15 00:00:00-04:00,1.649999976158142,1.7100000381469727,1.6399999856948853,1.7100000381469727,666800,0.0,0.0
2025-09-16 00:00:00-04:00,1.7000000476837158,1.7599999904632568,1.7000000476837158,1.7599999904632568,522700,0.0,0.0
2025-09-17 00:00:00-04:00,1.75,1.7999999523162842,1.7400000095367432,1.7699999809265137,506500,0.0,0.0
2025-09-18 00:00:00-04:00,1.75,1.8880000114440918,1.75,1.8799999952316284,941300,0.0,0.0
2025-09-19 00:00:00-04:00,1.899999976158142,1.899999976158142,1.7999999523162842,1.7999999523162842,487000,0.0,0.0
2025-09-22 00:00:00-04:00,1.809999942779541,1.8200000524520874,1.7699999809265137,1.7899999618530273,518000,0.0,0.0
2025-09-23 00:00:00-04:00,1.7899999618530273,1.8300000429153442,1.7699999809265137,1.7999999523162842,923700,0.0,0.0
2025-09-24 00:00:00-04:00,1.7999999523162842,1.8300000429153442,1.7790000438690186,1.809999942779541,382700,0.0,0.0
2025-09-25 00:00:00-04:00,1.809999942779541,1.815999984741211,1.7200000286102295,1.75,707900,0.0,0.0
2025-09-26 00:00:00-04:00,1.75,1.7599999904632568,1.690000057220459,1.690000057220459,471300,0.0,0.0
2025-09-29 00:00:00-04:00,1.8300000429153442,1.9700000286102295,1.7899999618530273,1.9700000286102295,3621500,0.0,0.0
2025-09-30 00:00:00-04:00,1.9700000286102295,2.0789999961853027,1.840999960899353,2.0299999713897705,2541400,0.0,0.0
2025-10-01 00:00:00-04:00,1.9800000190734863,2.0269999504089355,1.899999976158142,1.909999966621399,849600,0.0,0.0
2025-10-02 00:00:00-04:00,1.9199999570846558,1.9830000400543213,1.8539999723434448,1.8700000047683716,502100,0.0,0.0
2025-10-03 00:00:00-04:00,1.8700000047683716,1.9290000200271606,1.850000023841858,1.8799999952316284,577700,0.0,0.0
2025-10-06 00:00:00-04:00,1.8300000429153442,1.8600000143051147,1.809999942779541,1.850000023841858,760900,0.0,0.0
2025-10-07 00:00:00-04:00,1.8700000047683716,1.9600000381469727,1.8700000047683716,1.9600000381469727,874500,0.0,0.0
2025-10-08 00:00:00-04:00,1.9700000286102295,1.9859999418258667,1.909999966621399,1.940000057220459,524400,0.0,0.0
2025-10-09 00:00:00-04:00,1.9700000286102295,2.0789999961853027,1.965000033378601,2.0199999809265137,979400,0.0,0.0
2025-10-10 00:00:00-04:00,2.0,2.0399999618530273,1.899999976158142,1.909999966621399,835900,0.0,0.0
2025-10-13 00:00:00-04:00,1.940000057220459,1.9600000381469727,1.8899999856948853,1.9199999570846558,269500,0.0,0.0
2025-10-14 00:00:00-04:00,1.909999966621399,1.9500000476837158,1.8650000095367432,1.899999976158142,298700,0.0,0.0
2025-10-15 00:00:00-04:00,1.8899999856948853,2.0450000762939453,1.8899999856948853,1.9600000381469727,708700,0.0,0.0
2025-10-16 00:00:00-04:00,1.9800000190734863,1.9850000143051147,1.8700000047683716,1.8899999856948853,619200,0.0,0.0
2025-10-17 00:00:00-04:00,1.8600000143051147,1.8899999856948853,1.7999999523162842,1.8200000524520874,792700,0.0,0.0
2025-10-20 00:00:00-04:00,1.7899999618530273,1.8600000143051147,1.7599999904632568,1.8200000524520874,451500,0.0,0.0
2025-10-21 00:00:00-04:00,1.8200000524520874,1.8200000524520874,1.7200000286102295,1.7200000286102295,792500,0.0,0.0
2025-10-22 00:00:00-04:00,1.7300000190734863,1.7300000190734863,1.6720000505447388,1.690000057220459,506000,0.0,0.0
2025-10-23 00:00:00-04:00,1.690000057220459,1.774999976158142,1.690000057220459,1.7400000095367432,424100,0.0,0.0
2025-10-24 00:00:00-04:00,1.7599999904632568,1.7899999618530273,1.7300000190734863,1.75,334000,0.0,0.0
2025-10-27 00:00:00-04:00,1.75,1.7799999713897705,1.7050000429153442,1.7100000381469727,414400,0.0,0.0
2025-10-28 00:00:00-04:00,1.690000057220459,1.7000000476837158,1.6299999952316284,1.6399999856948853,272100,0.0,0.0
2025-10-29 00:00:00-04:00,1.6399999856948853,1.6699999570846558,1.600000023841858,1.600000023841858,385400,0.0,0.0
2025-10-30 00:00:00-04:00,1.600000023841858,1.6399999856948853,1.5800000429153442,1.590000033378601,385600,0.0,0.0
2025-10-31 00:00:00-04:00,1.5800000429153442,1.6399999856948853,1.5800000429153442,1.6200000047683716,335300,0.0,0.0
2025-11-03 00:00:00-05:00,1.6100000143051147,1.6100000143051147,1.5499999523162842,1.5700000524520874,412400,0.0,0.0
2025-11-04 00:00:00-05:00,1.5399999618530273,1.600000023841858,1.5099999904632568,1.5299999713897705,613800,0.0,0.0
2025-11-05 00:00:00-05:00,1.5299999713897705,1.600000023841858,1.524999976158142,1.5399999618530273,335000,0.0,0.0
2025-11-06 00:00:00-05:00,1.5299999713897705,1.5420000553131104,1.4800000190734863,1.4800000190734863,370000,0.0,0.0
2025-11-07 00:00:00-05:00,1.4700000286102295,1.5499999523162842,1.4700000286102295,1.5299999713897705,523500,0.0,0.0
2025-11-10 00:00:00-05:00,1.5299999713897705,1.75,1.5299999713897705,1.649999976158142,790600,0.0,0.0
2025-11-11 00:00:00-05:00,1.6399999856948853,1.7000000476837158,1.6299999952316284,1.6399999856948853,351100,0.0,0.0
2025-11-12 00:00:00-05:00,1.6299999952316284,1.6699999570846558,1.590000033378601,1.6100000143051147,373700,0.0,0.0
2025-11-13 00:00:00-05:00,1.590000033378601,1.600000023841858,1.5099999904632568,1.5399999618530273,1185800,0.0,0.0
2025-11-14 00:00:00-05:00,1.5299999713897705,1.5700000524520874,1.5,1.5099999904632568,483200,0.0,0.0
2025-11-17 00:00:00-05:00,1.5,1.5299999713897705,1.4550000429153442,1.4900000095367432,329200,0.0,0.0
2025-11-18 00:00:00-05:00,1.4700000286102295,1.6150000095367432,1.4700000286102295,1.5499999523162842,520800,0.0,0.0
2025-11-19 00:00:00-05:00,1.559999942779541,1.5700000524520874,1.4950000047683716,1.5099999904632568,588400,0.0,0.0
2025-11-20 00:00:00-05:00,1.5399999618530273,1.590000033378601,1.4600000381469727,1.4600000381469727,484300,0.0,0.0
2025-11-21 00:00:00-05:00,1.4500000476837158,1.5,1.4500000476837158,1.4800000190734863,534900,0.0,0.0
2025-11-24 00:00:00-05:00,1.4900000095367432,1.5700000524520874,1.4809999465942383,1.559999942779541,408900,0.0,0.0
2025-11-25 00:00:00-05:00,1.5700000524520874,1.659999966621399,1.559999942779541,1.6100000143051147,887700,0.0,0.0
2025-11-26 00:00:00-05:00,1.6200000047683716,1.6200000047683716,1.5950000286102295,1.6100000143051147,605400,0.0,0.0
2025-11-28 00:00:00-05:00,1.600000023841858,1.659999966621399,1.600000023841858,1.6399999856948853,398300,0.0,0.0
2025-12-01 00:00:00-05:00,1.590000033378601,1.625,1.5700000524520874,1.5700000524520874,397700,0.0,0.0
2025-12-02 00:00:00-05:00,1.5800000429153442,1.6299999952316284,1.5700000524520874,1.5700000524520874,469800,0.0,0.0
2025-12-03 00:00:00-05:00,1.5800000429153442,1.690000057220459,1.5750000476837158,1.6799999475479126,459200,0.0,0.0
2025-12-04 00:00:00-05:00,1.6699999570846558,1.7200000286102295,1.6399999856948853,1.6399999856948853,270700,0.0,0.0
2025-12-05 00:00:00-05:00,1.6299999952316284,1.6699999570846558,1.6299999952316284,1.649999976158142,453900,0.0,0.0
2025-12-08 00:00:00-05:00,1.649999976158142,1.690000057220459,1.6299999952316284,1.6299999952316284,389200,0.0,0.0
2025-12-09 00:00:00-05:00,1.649999976158142,1.6759999990463257,1.6200000047683716,1.6299999952316284,349000,0.0,0.0
2025-12-10 00:00:00-05:00,1.6200000047683716,1.6699999570846558,1.6100000143051147,1.6699999570846558,460800,0.0,0.0
2025-12-11 00:00:00-05:00,1.6799999475479126,1.6799999475479126,1.6349999904632568,1.6399999856948853,516800,0.0,0.0
2025-12-12 00:00:00-05:00,1.809999942779541,1.9299999475479126,1.6699999570846558,1.9199999570846558,3171200,0.0,0.0
2025-12-15 00:00:00-05:00,1.9800000190734863,1.9900000095367432,1.7649999856948853,1.7999999523162842,2236700,0.0,0.0
2025-12-16 00:00:00-05:00,1.7999999523162842,1.9800000190734863,1.4900000095367432,1.9600000381469727,4223700,0.0,0.0
2025-12-17 00:00:00-05:00,2.0199999809265137,2.140000104904175,1.9900000095367432,2.109999895095825,2975200,0.0,0.0
2025-12-18 00:00:00-05:00,2.1500000953674316,2.240000009536743,1.9700000286102295,2.0299999713897705,5489300,0.0,0.0
2025-12-19 00:00:00-05:00,2.069999933242798,2.1500000953674316,2.009999990463257,2.009999990463257,2111800,0.0,0.0
2025-12-22 00:00:00-05:00,2.0399999618530273,2.072000026702881,1.8849999904632568,1.9199999570846558,1809700,0.0,0.0
2025-12-23 00:00:00-05:00,1.899999976158142,1.940000057220459,1.600000023841858,1.7400000095367432,6584800,0.0,0.0
2025-12-24 00:00:00-05:00,1.7400000095367432,1.7799999713897705,1.7200000286102295,1.7599999904632568,527800,0.0,0.0
2025-12-26 00:00:00-05:00,1.7599999904632568,1.8550000190734863,1.7450000047683716,1.7899999618530273,1542100,0.0,0.0
2025-12-29 00:00:00-05:00,1.7599999904632568,1.7999999523162842,1.6799999475479126,1.690000057220459,1068100,0.0,0.0
2025-12-30 00:00:00-05:00,1.6799999475479126,1.7699999809265137,1.6799999475479126,1.7000000476837158,923800,0.0,0.0
2025-12-31 00:00:00-05:00,1.7000000476837158,1.7300000190734863,1.6699999570846558,1.6799999475479126,592100,0.0,0.0
2026-01-02 00:00:00-05:00,1.6799999475479126,1.75,1.6799999475479126,1.7300000190734863,833600,0.0,0.0
2026-01-05 00:00:00-05:00,1.7400000095367432,1.7549999952316284,1.6699999570846558,1.690000057220459,1162900,0.0,0.0
2026-01-06 00:00:00-05:00,1.6699999570846558,1.715000033378601,1.6610000133514404,1.6699999570846558,692500,0.0,0.0
2026-01-07 00:00:00-05:00,1.6699999570846558,1.7200000286102295,1.659999966621399,1.6799999475479126,536900,0.0,0.0
2026-01-08 00:00:00-05:00,1.6799999475479126,1.7400000095367432,1.6799999475479126,1.7300000190734863,1141300,0.0,0.0
2026-01-09 00:00:00-05:00,1.75,1.7699999809265137,1.7100000381469727,1.7200000286102295,848700,0.0,0.0
2026-01-12 00:00:00-05:00,1.7200000286102295,1.7599999904632568,1.659999966621399,1.7200000286102295,1581000,0.0,0.0
2026-01-13 00:00:00-05:00,1.7100000381469727,1.718999981880188,1.6749999523162842,1.690000057220459,727800,0.0,0.0
2026-01-14 00:00:00-05:00,1.6799999475479126,1.7109999656677246,1.6100000143051147,1.6100000143051147,1545900,0.0,0.0
2026-01-15 00:00:00-05:00,1.6150000095367432,1.6449999809265137,1.2799999713897705,1.590000033378601,1549300,0.0,0.0
2026-01-16 00:00:00-05:00,1.6200000047683716,1.6399999856948853,1.5750000476837158,1.6100000143051147,1210700,0.0,0.0
2026-01-20 00:00:00-05:00,1.5800000429153442,1.625,1.565000057220459,1.600000023841858,723200,0.0,0.0
2026-01-21 00:00:00-05:00,1.600000023841858,1.6399999856948853,1.5850000381469727,1.600000023841858,491900,0.0,0.0
2026-01-22 00:00:00-05:00,1.6100000143051147,1.6699999570846558,1.600000023841858,1.6200000047683716,555400,0.0,0.0
2026-01-23 00:00:00-05:00,1.6200000047683716,1.6699999570846558,1.600000023841858,1.659999966621399,754600,0.0,0.0
2026-01-26 00:00:00-05:00,1.6299999952316284,1.6549999713897705,1.600000023841858,1.600000023841858,294800,0.0,0.0
2026-01-27 00:00:00-05:00,1.6200000047683716,1.659999966621399,1.6100000143051147,1.649999976158142,530600,0.0,0.0
2026-01-28 00:00:00-05:00,1.649999976158142,1.649999976158142,1.600000023841858,1.600000023841858,634600,0.0,0.0
2026-01-29 00:00:00-05:00,1.6200000047683716,1.659999966621399,1.5700000524520874,1.5800000429153442,436000,0.0,0.0
2026-01-30 00:00:00-05:00,1.5700000524520874,1.5950000286102295,1.4900000095367432,1.5,1134800,0.0,0.0
2026-02-02 00:00:00-05:00,1.5,1.5369999408721924,1.4700000286102295,1.5099999904632568,523900,0.0,0.0
2026-02-03 00:00:00-05:00,1.4900000095367432,1.6399999856948853,1.4900000095367432,1.5700000524520874,1222400,0.0,0.0
2026-02-04 00:00:00-05:00,1.5499999523162842,1.5700000524520874,1.5099999904632568,1.5499999523162842,496800,0.0,0.0
2026-02-05 00:00:00-05:00,1.5,1.534999966621399,1.4620000123977661,1.4800000190734863,678200,0.0,0.0
2026-02-06 00:00:00-05:00,1.4900000095367432,1.559999942779541,1.4900000095367432,1.5299999713897705,409400,0.0,0.0
2026-02-09 00:00:00-05:00,1.5399999618530273,1.6100000143051147,1.5099999904632568,1.590000033378601,658400,0.0,0.0
2026-02-10 00:00:00-05:00,1.590000033378601,1.600000023841858,1.3899999856948853,1.3899999856948853,1866700,0.0,0.0
2026-02-11 00:00:00-05:00,1.409999966621399,1.4199999570846558,1.2899999618530273,1.309999942779541,1672500,0.0,0.0
2026-02-12 00:00:00-05:00,1.3600000143051147,1.3799999952316284,1.2699999809265137,1.2799999713897705,809900,0.0,0.0
2026-02-13 00:00:00-05:00,1.2999999523162842,1.319000005722046,1.2799999713897705,1.2899999618530273,531400,0.0,0.0
2026-02-17 00:00:00-05:00,1.2899999618530273,1.315000057220459,1.2699999809265137,1.2699999809265137,414300,0.0,0.0
2026-02-18 00:00:00-05:00,1.350000023841858,1.4210000038146973,1.309999942779541,1.3799999952316284,1196000,0.0,0.0
2026-02-19 00:00:00-05:00,1.4299999475479126,1.4700000286102295,1.3550000190734863,1.4500000476837158,1388900,0.0,0.0
2026-02-20 00:00:00-05:00,1.440000057220459,1.4589999914169312,1.409999966621399,1.440000057220459,748100,0.0,0.0
2026-02-23 00:00:00-05:00,1.4500000476837158,1.4700000286102295,1.3899999856948853,1.399999976158142,602200,0.0,0.0
2026-02-24 00:00:00-05:00,1.3899999856948853,1.4500000476837158,1.3830000162124634,1.4199999570846558,560000,0.0,0.0
2026-02-25 00:00:00-05:00,1.4199999570846558,1.4700000286102295,1.4149999618530273,1.4199999570846558,486300,0.0,0.0
2026-02-26 00:00:00-05:00,1.4199999570846558,1.4800000190734863,1.399999976158142,1.4600000381469727,474400,0.0,0.0
2026-02-27 00:00:00-05:00,1.440000057220459,1.4600000381469727,1.4199999570846558,1.4299999475479126,326500,0.0,0.0
2026-03-02 00:00:00-05:00,1.4199999570846558,1.440000057220459,1.399999976158142,1.4199999570846558,596200,0.0,0.0
2026-03-03 00:00:00-05:00,1.399999976158142,1.399999976158142,1.3200000524520874,1.3700000047683716,636000,0.0,0.0
2026-03-04 00:00:00-05:00,1.3799999952316284,1.4270000457763672,1.3799999952316284,1.3899999856948853,829000,0.0,0.0
2026-03-05 00:00:00-05:00,1.5,1.5199999809265137,1.4450000524520874,1.4600000381469727,1614700,0.0,0.0
2026-03-06 00:00:00-05:00,1.4600000381469727,1.4900000095367432,1.4249999523162842,1.4700000286102295,710300,0.0,0.0
2026-03-09 00:00:00-04:00,1.4600000381469727,1.4600000381469727,1.409999966621399,1.440000057220459,540700,0.0,0.0
2026-03-10 00:00:00-04:00,1.4299999475479126,1.4700000286102295,1.4299999475479126,1.440000057220459,284700,0.0,0.0
2026-03-11 00:00:00-04:00,1.4500000476837158,1.5199999809265137,1.4450000524520874,1.5099999904632568,603200,0.0,0.0
2026-03-12 00:00:00-04:00,1.4900000095367432,1.4989999532699585,1.440000057220459,1.440000057220459,270400,0.0,0.0
2026-03-13 00:00:00-04:00,1.4500000476837158,1.4600000381469727,1.409999966621399,1.409999966621399,565600,0.0,0.0
2026-03-16 00:00:00-04:00,1.4299999475479126,1.440000057220459,1.399999976158142,1.4199999570846558,191100,0.0,0.0
2026-03-17 00:00:00-04:00,1.409999966621399,1.4550000429153442,1.409999966621399,1.4299999475479126,335000,0.0,0.0
2026-03-18 00:00:00-04:00,1.4299999475479126,1.4299999475479126,1.3799999952316284,1.3899999856948853,336800,0.0,0.0
2026-03-19 00:00:00-04:00,1.3700000047683716,1.3899999856948853,1.3209999799728394,1.3799999952316284,701900,0.0,0.0
2026-03-20 00:00:00-04:00,1.3700000047683716,1.399999976158142,1.3350000381469727,1.3600000143051147,542800,0.0,0.0
2026-03-23 00:00:00-04:00,1.350000023841858,1.3799999952316284,1.3320000171661377,1.3600000143051147,345700,0.0,0.0
2026-03-24 00:00:00-04:00,1.3300000429153442,1.3700000047683716,1.3300000429153442,1.340000033378601,292800,0.0,0.0
2026-03-25 00:00:00-04:00,1.350000023841858,1.4149999618530273,1.350000023841858,1.3799999952316284,443800,0.0,0.0
2026-03-26 00:00:00-04:00,1.350000023841858,1.3899999856948853,1.309999942779541,1.309999942779541,250700,0.0,0.0
2026-03-27 00:00:00-04:00,1.309999942779541,1.340000033378601,1.2899999618530273,1.309999942779541,563900,0.0,0.0
2026-03-30 00:00:00-04:00,1.3300000429153442,1.3300000429153442,1.2400000095367432,1.25,445000,0.0,0.0
2026-03-31 00:00:00-04:00,1.2400000095367432,1.3550000190734863,1.2400000095367432,1.340000033378601,438800,0.0,0.0
2026-04-01 00:00:00-04:00,1.340000033378601,1.3799999952316284,1.3300000429153442,1.340000033378601,367500,0.0,0.0
2026-04-02 00:00:00-04:00,1.309999942779541,1.399999976158142,1.2999999523162842,1.3799999952316284,585400,0.0,0.0
2026-04-06 00:00:00-04:00,1.3799999952316284,1.4299999475479126,1.3799999952316284,1.3799999952316284,427300,0.0,0.0
2026-04-07 00:00:00-04:00,1.3700000047683716,1.3899999856948853,1.350000023841858,1.3700000047683716,431200,0.0,0.0
2026-04-08 00:00:00-04:00,1.399999976158142,1.440000057220459,1.375,1.3899999856948853,948100,0.0,0.0
2026-04-09 00:00:00-04:00,1.3899999856948853,1.4500000476837158,1.3799999952316284,1.440000057220459,441100,0.0,0.0
2026-04-10 00:00:00-04:00,1.4299999475479126,1.4450000524520874,1.3849999904632568,1.399999976158142,368200,0.0,0.0
2026-04-13 00:00:00-04:00,1.409999966621399,1.4450000524520874,1.3600000143051147,1.4199999570846558,239900,0.0,0.0
2026-04-14 00:00:00-04:00,1.409999966621399,1.4670000076293945,1.409999966621399,1.4299999475479126,315900,0.0,0.0
2026-04-15 00:00:00-04:00,1.440000057220459,1.5299999713897705,1.440000057220459,1.5199999809265137,505900,0.0,0.0
2026-04-16 00:00:00-04:00,1.5299999713897705,1.5399999618530273,1.503999948501587,1.5199999809265137,391400,0.0,0.0
2026-04-17 00:00:00-04:00,1.5499999523162842,1.5499999523162842,1.4600000381469727,1.4600000381469727,878100,0.0,0.0
2026-04-20 00:00:00-04:00,1.4600000381469727,1.5169999599456787,1.4600000381469727,1.5099999904632568,822900,0.0,0.0
2026-04-21 00:00:00-04:00,1.5099999904632568,1.5099999904632568,1.440000057220459,1.440000057220459,604400,0.0,0.0
2026-04-22 00:00:00-04:00,1.440000057220459,1.649999976158142,1.440000057220459,1.590000033378601,3251500,0.0,0.0
2026-04-23 00:00:00-04:00,1.649999976158142,1.6649999618530273,1.4299999475479126,1.434999942779541,1699700,0.0,0.0
2026-04-24 00:00:00-04:00,1.4600000381469727,1.4800000190734863,1.409999966621399,1.4450000524520874,910900,0.0,0.0
2026-04-27 00:00:00-04:00,1.4299999475479126,1.4600000381469727,1.4199999570846558,1.440000057220459,991300,0.0,0.0
2026-04-28 00:00:00-04:00,1.440000057220459,1.4500000476837158,1.399999976158142,1.399999976158142,1171500,0.0,0.0
2026-04-29 00:00:00-04:00,1.3799999952316284,1.399999976158142,1.350000023841858,1.3700000047683716,1130800,0.0,0.0
2026-04-30 00:00:00-04:00,1.3700000047683716,1.4199999570846558,1.3700000047683716,1.409999966621399,348400,0.0,0.0
2026-05-01 00:00:00-04:00,1.409999966621399,1.4500000476837158,1.409999966621399,1.4199999570846558,168100,0.0,0.0
2026-05-04 00:00:00-04:00,1.409999966621399,1.440000057220459,1.3899999856948853,1.3899999856948853,518900,0.0,0.0
2026-05-05 00:00:00-04:00,1.3899999856948853,1.4270000457763672,1.3849999904632568,1.3899999856948853,749300,0.0,0.0
2026-05-06 00:00:00-04:00,1.3799999952316284,1.4299999475479126,1.3799999952316284,1.3899999856948853,789900,0.0,0.0
2026-05-07 00:00:00-04:00,1.3899999856948853,1.4199999570846558,1.3799999952316284,1.3799999952316284,625200,0.0,0.0
2026-05-08 00:00:00-04:00,1.3799999952316284,1.3899999856948853,1.3600000143051147,1.3600000143051147,617800,0.0,0.0
2026-05-11 00:00:00-04:00,1.3799999952316284,1.399999976158142,1.309999942779541,1.309999942779541,820700,0.0,0.0
2026-05-12 00:00:00-04:00,1.0950000286102295,1.1799999475479126,1.0950000286102295,1.1100000143051147,3118400,0.0,0.0
2026-05-13 00:00:00-04:00,1.100000023841858,1.1299999952316284,1.090000033378601,1.1150000095367432,1063000,0.0,0.0
2026-05-14 00:00:00-04:00,1.1100000143051147,1.1200000047683716,1.090000033378601,1.090000033378601,703200,0.0,0.0
2026-05-15 00:00:00-04:00,1.090000033378601,1.100000023841858,1.059999942779541,1.0700000524520874,1263400,0.0,0.0
2026-05-18 00:00:00-04:00,1.059999942779541,1.0700000524520874,1.0399999618530273,1.0549999475479126,732600,0.0,0.0
2026-05-19 00:00:00-04:00,1.0399999618530273,1.0800000429153442,1.0399999618530273,1.0399999618530273,494400,0.0,0.0
2026-05-20 00:00:00-04:00,1.0399999618530273,1.0950000286102295,1.0399999618530273,1.0700000524520874,647000,0.0,0.0
2026-05-21 00:00:00-04:00,1.0800000429153442,1.1449999809265137,1.059999942779541,1.1299999952316284,488100,0.0,0.0
2026-05-22 00:00:00-04:00,1.149999976158142,1.149999976158142,1.1200000047683716,1.1200000047683716,705200,0.0,0.0
2026-05-26 00:00:00-04:00,1.1200000047683716,1.1449999809265137,1.1100000143051147,1.1100000143051147,331000,0.0,0.0
2026-05-27 00:00:00-04:00,1.100000023841858,1.149999976158142,1.100000023841858,1.1100000143051147,579400,0.0,0.0
2026-05-28 00:00:00-04:00,1.100000023841858,1.2050000429153442,1.100000023841858,1.1399999856948853,833600,0.0,0.0
2026-05-29 00:00:00-04:00,1.149999976158142,1.1699999570846558,1.1299999952316284,1.1399999856948853,379000,0.0,0.0
2026-06-01 00:00:00-04:00,1.1399999856948853,1.149999976158142,1.1150000095367432,1.1299999952316284,459700,0.0,0.0
2026-06-02 00:00:00-04:00,1.1299999952316284,1.1399999856948853,1.090000033378601,1.090000033378601,479200,0.0,0.0
2026-06-03 00:00:00-04:00,1.100000023841858,1.1100000143051147,1.059999942779541,1.059999942779541,297500,0.0,0.0
2026-06-04 00:00:00-04:00,1.059999942779541,1.1200000047683716,1.059999942779541,1.0800000429153442,494000,0.0,0.0
2026-06-05 00:00:00-04:00,1.0700000524520874,1.100000023841858,1.059999942779541,1.059999942779541,688700,0.0,0.0
2026-06-08 00:00:00-04:00,1.0800000429153442,1.100000023841858,1.0700000524520874,1.0700000524520874,179400,0.0,0.0
2026-06-09 00:00:00-04:00,1.0800000429153442,1.1100000143051147,1.059999942779541,1.0800000429153442,796400,0.0,0.0
2026-06-10 00:00:00-04:00,1.0700000524520874,1.100000023841858,1.059999942779541,1.059999942779541,239700,0.0,0.0
2026-06-11 00:00:00-04:00,1.059999942779541,1.090000033378601,1.0399999618530273,1.0800000429153442,379800,0.0,0.0
2026-06-12 00:00:00-04:00,1.0499999523162842,1.0800000429153442,1.0499999523162842,1.059999942779541,255400,0.0,0.0
2026-06-15 00:00:00-04:00,1.059999942779541,1.090000033378601,1.0199999809265137,1.0299999713897705,1073400,0.0,0.0
2026-06-16 00:00:00-04:00,1.0199999809265137,1.059999942779541,0.9700000286102295,1.0099999904632568,2305400,0.0,0.0
2026-06-17 00:00:00-04:00,1.0099999904632568,1.0299999713897705,0.9819999933242798,0.9869999885559082,493100,0.0,0.0
2026-06-18 00:00:00-04:00,0.9800000190734863,1.0,0.949999988079071,0.9649999737739563,708400,0.0,0.0
2026-06-22 00:00:00-04:00,0.9599999785423279,0.9990000128746033,0.9599999785423279,0.9599999785423279,390400,0.0,0.0
2026-06-23 00:00:00-04:00,0.9599999785423279,0.9850000143051147,0.9509999752044678,0.9509999752044678,289100,0.0,0.0
2026-06-24 00:00:00-04:00,0.972000002861023,0.9800000190734863,0.9399999976158142,0.9449999928474426,363300,0.0,0.0
2026-06-25 00:00:00-04:00,0.949999988079071,0.9599999785423279,0.921999990940094,0.9599999785423279,418100,0.0,0.0
2026-06-26 00:00:00-04:00,0.9490000009536743,1.034999966621399,0.9369999766349792,1.0299999713897705,817500,0.0,0.0
2026-06-29 00:00:00-04:00,1.0399999618530273,1.0399999618530273,1.0,1.0199999809265137,354100,0.0,0.0
2026-06-30 00:00:00-04:00,1.0199999809265137,1.0299999713897705,1.0,1.0199999809265137,403600,0.0,0.0
2026-07-01 00:00:00-04:00,1.0099999904632568,1.0299999713897705,1.0049999952316284,1.0199999809265137,325300,0.0,0.0
2026-07-02 00:00:00-04:00,1.0199999809265137,1.0700000524520874,1.0099999904632568,1.0299999713897705,569400,0.0,0.0
2026-07-06 00:00:00-04:00,1.0299999713897705,1.0299999713897705,0.9800000190734863,0.9890000224113464,295400,0.0,0.0
2026-07-07 00:00:00-04:00,0.984000027179718,1.0149999856948853,0.9599999785423279,0.9679999947547913,303000,0.0,0.0
2026-07-08 00:00:00-04:00,0.9649999737739563,0.9929999709129333,0.949999988079071,0.972000002861023,237000,0.0,0.0
2026-07-09 00:00:00-04:00,0.972000002861023,0.9990000128746033,0.9700000286102295,0.9810000061988831,220000,0.0,0.0
2026-07-10 00:00:00-04:00,0.9700000286102295,0.9919999837875366,0.949999988079071,0.9670000076293945,232200,0.0,0.0
2026-07-13 00:00:00-04:00,0.9639999866485596,0.968999981880188,0.8809999823570251,0.8960000276565552,1112200,0.0,0.0
2026-07-14 00:00:00-04:00,0.9200000166893005,0.9200000166893005,0.8550000190734863,0.8899999856948853,725500,0.0,0.0
2026-07-15 00:00:00-04:00,0.9100000262260437,0.9100000262260437,0.8600000143051147,0.8859999775886536,706300,0.0,0.0
2026-07-16 00:00:00-04:00,0.8700000047683716,0.875,0.8529999852180481,0.8709999918937683,375300,0.0,0.0
2026-07-17 00:00:00-04:00,0.8700000047683716,0.9100000262260437,0.8700000047683716,0.8999999761581421,547600,0.0,0.0
2026-07-20 00:00:00-04:00,0.9020000100135803,0.9340000152587891,0.8849999904632568,0.9290000200271606,249300,0.0,0.0
2026-07-21 00:00:00-04:00,0.9300000071525574,0.9490000009536743,0.9160000085830688,0.9449999928474426,178000,0.0,0.0
2026-07-22 00:00:00-04:00,0.9300000071525574,0.949999988079071,0.9020000100135803,0.9169999957084656,260700,0.0,0.0
2026-07-23 00:00:00-04:00,0.9210000038146973,0.9449999928474426,0.8999999761581421,0.9200000166893005,140300,0.0,0.0
2026-07-24 00:00:00-04:00,0.9100000262260437,0.9449999928474426,0.8949999809265137,0.9350000023841858,198000,0.0,0.0
2026-07-27 00:00:00-04:00,0.9229999780654907,0.9700000286102295,0.9229999780654907,0.9390000104904175,136000,0.0,0.0
2026-07-28 00:00:00-04:00,0.949999988079071,0.949999988079071,0.9150000214576721,0.9490000009536743,108600,0.0,0.0
2026-07-29 00:00:00-04:00,0.9300000071525574,0.9369999766349792,0.9049999713897705,0.9300000071525574,178900,0.0,0.0
2026-07-30 00:00:00-04:00,0.9300000071525574,0.9700000286102295,0.9100000262260437,0.9679999947547913,308600,0.0,0.0
2026-07-31 00:00:00-04:00,0.9639999866485596,0.968999981880188,0.9200000166893005,0.9390000104904175,203900,0.0,0.0
2026-08-03 00:00:00-04:00,0.9309999942779541,0.9700000286102295,0.9300000071525574,0.9639999866485596,131800,0.0,0.0
2026-08-04 00:00:00-04:00,0.9800000190734863,0.9929999709129333,0.949999988079071,0.9929999709129333,438800,0.0,0.0
2026-08-05 00:00:00-04:00,0.9900000095367432,0.9900000095367432,0.9430000185966492,0.9739999771118164,175100,0.0,0.0
2026-08-06 00:00:00-04:00,0.9800000190734863,0.9990000128746033,0.9599999785423279,0.9900000095367432,204500,0.0,0.0
2026-08-07 00:00:00-04:00,0.9850000143051147,1.0199999809265137,0.9700000286102295,0.9900000095367432,356400,0.0,0.0
2026-08-10 00:00:00-04:00,0.9829999804496765,1.0499999523162842,0.9800000190734863,1.0499999523162842,775300,0.0,0.0
2026-08-11 00:00:00-04:00,1.2000000476837158,1.2400000095367432,1.1200000047683716,1.2300000190734863,23868100,0.0,0.0
2026-08-12 00:00:00-04:00,1.149999976158142,1.3200000524520874,1.149999976158142,1.2899999618530273,2447200,0.0,0.0
2026-08-13 00:00:00-04:00,1.2899999618530273,1.3200000524520874,1.25,1.2599999904632568,979700,0.0,0.0
2026-08-14 00:00:00-04:00,1.25,1.2799999713897705,1.2000000476837158,1.2300000190734863,1007900,0.0,0.0
2026-08-17 00:00:00-04:00,1.2200000286102295,1.2599999904632568,1.2000000476837158,1.225000023841858,785800,0.0,0.0
2026-08-18 00:00:00-04:00,1.2200000286102295,1.2400000095367432,1.2000000476837158,1.2100000381469727,533600,0.0,0.0
2026-08-19 00:00:00-04:00,1.2100000381469727,1.25,1.2100000381469727,1.2400000095367432,547200,0.0,0.0
2026-08-20 00:00:00-04:00,1.2300000190734863,1.2400000095367432,1.1799999475479126,1.2000000476837158,825800,0.0,0.0
2026-08-21 00:00:00-04:00,1.2100000381469727,1.2649999856948853,1.2000000476837158,1.25,521600,0.0,0.0
2026-08-24 00:00:00-04:00,1.2400000095367432,1.2699999809265137,1.2000000476837158,1.2599999904632568,631500,0.0,0.0
2026-08-25 00:00:00-04:00,1.25,1.2899999618530273,1.25,1.2699999809265137,193600,0.0,0.0
2026-08-26 00:00:00-04:00,1.2599999904632568,1.274999976158142,1.25,1.2599999904632568,345400,0.0,0.0
2026-08-27 00:00:00-04:00,1.2400000095367432,1.25,1.2000000476837158,1.2300000190734863,912800,0.0,0.0
2026-08-28 00:00:00-04:00,1.2100000381469727,1.2300000190734863,1.1950000524520874,1.215000033378601,668400,0.0,0.0
2026-08-31 00:00:00-04:00,1.2100000381469727,1.2200000286102295,1.1799999475479126,1.2100000381469727,271700,0.0,0.0
2026-09-01 00:00:00-04:00,1.2000000476837158,1.2100000381469727,1.1699999570846558,1.1799999475479126,140000,0.0,0.0
2026-09-02 00:00:00-04:00,1.1799999475479126,1.2100000381469727,1.1699999570846558,1.190000057220459,298300,0.0,0.0
2026-09-03 00:00:00-04:00,1.190000057220459,1.2100000381469727,1.1299999952316284,1.1699999570846558,842100,0.0,0.0
2026-09-04 00:00:00-04:00,1.149999976158142,1.159999966621399,1.1299999952316284,1.1549999713897705,440700,0.0,0.0
2026-09-08 00:00:00-04:00,1.149999976158142,1.149999976158142,1.100000023841858,1.1200000047683716,1220200,0.0,0.0
2026-09-09 00:00:00-04:00,1.100000023841858,1.1150000095367432,1.0800000429153442,1.100000023841858,495500,0.0,0.0
2026-09-10 00:00:00-04:00,1.090000033378601,1.1100000143051147,1.065000057220459,1.0700000524520874,372800,0.0,0.0
2026-09-11 00:00:00-04:00,1.0700000524520874,1.0700000524520874,1.0399999618530273,1.0499999523162842,459700,0.0,0.0
