Date,Open,High,Low,Close,Volume,Dividends,Stock Splits
2021-04-22 00:00:00-04:00,9.899999618530273,9.991000175476074,9.899999618530273,9.899999618530273,11800,0.0,0.0
2021-04-23 00:00:00-04:00,9.920000076293945,9.920000076293945,9.899999618530273,9.90999984741211,11600,0.0,0.0
2021-04-26 00:00:00-04:00,9.90999984741211,9.90999984741211,9.90999984741211,9.90999984741211,100,0.0,0.0
2021-04-27 00:00:00-04:00,9.90999984741211,9.90999984741211,9.90999984741211,9.90999984741211,0,0.0,0.0
2021-04-28 00:00:00-04:00,9.90999984741211,9.90999984741211,9.899999618530273,9.90999984741211,12000,0.0,0.0
2021-04-29 00:00:00-04:00,9.930000305175781,9.930000305175781,9.930000305175781,9.930000305175781,1100,0.0,0.0
2021-04-30 00:00:00-04:00,9.90999984741211,9.930000305175781,9.899999618530273,9.930000305175781,2200,0.0,0.0
2021-05-03 00:00:00-04:00,9.930000305175781,9.930000305175781,9.930000305175781,9.930000305175781,300,0.0,0.0
2021-05-04 00:00:00-04:00,9.949999809265137,9.949999809265137,9.899999618530273,9.899999618530273,14000,0.0,0.0
2021-05-05 00:00:00-04:00,9.899999618530273,9.899999618530273,9.899999618530273,9.899999618530273,6300,0.0,0.0
2021-05-06 00:00:00-04:00,9.90999984741211,9.90999984741211,9.899999618530273,9.899999618530273,20000,0.0,0.0
2021-05-07 00:00:00-04:00,9.899999618530273,9.90999984741211,9.899999618530273,9.899999618530273,18100,0.0,0.0
2021-05-10 00:00:00-04:00,9.930000305175781,9.930000305175781,9.899999618530273,9.899999618530273,6900,0.0,0.0
2021-05-11 00:00:00-04:00,9.890000343322754,9.899999618530273,9.850000381469727,9.850000381469727,340000,0.0,0.0
2021-05-12 00:00:00-04:00,9.850000381469727,9.850000381469727,9.850000381469727,9.850000381469727,100,0.0,0.0
2021-05-13 00:00:00-04:00,9.850000381469727,9.850000381469727,9.850000381469727,9.850000381469727,0,0.0,0.0
2021-05-14 00:00:00-04:00,9.890000343322754,9.890000343322754,9.800000190734863,9.800000190734863,7000,0.0,0.0
2021-05-17 00:00:00-04:00,9.890000343322754,9.890000343322754,9.800000190734863,9.800000190734863,7000,0.0,0.0
2021-05-18 00:00:00-04:00,9.800000190734863,9.800000190734863,9.800000190734863,9.800000190734863,0,0.0,0.0
2021-05-19 00:00:00-04:00,9.850000381469727,9.850000381469727,9.800000190734863,9.800000190734863,1200,0.0,0.0
2021-05-20 00:00:00-04:00,9.850000381469727,9.850000381469727,9.779999732971191,9.779999732971191,1600,0.0,0.0
2021-05-21 00:00:00-04:00,9.949999809265137,10.039999961853027,9.789999961853027,9.800000190734863,9500,0.0,0.0
2021-05-24 00:00:00-04:00,9.800000190734863,9.800000190734863,9.800000190734863,9.800000190734863,0,0.0,0.0
2021-05-25 00:00:00-04:00,9.8100004196167,10.039999961853027,9.770000457763672,9.800000190734863,4600,0.0,0.0
2021-05-26 00:00:00-04:00,10.390000343322754,10.390000343322754,9.789999961853027,9.789999961853027,9600,0.0,0.0
2021-05-27 00:00:00-04:00,9.789999961853027,9.789999961853027,9.75,9.75,13300,0.0,0.0
2021-05-28 00:00:00-04:00,9.760000228881836,9.760000228881836,9.75,9.760000228881836,3500,0.0,0.0
2021-06-01 00:00:00-04:00,10.050000190734863,10.050000190734863,9.710000038146973,9.720000267028809,5400,0.0,0.0
2021-06-02 00:00:00-04:00,9.779999732971191,9.779999732971191,9.765999794006348,9.765999794006348,700,0.0,0.0
2021-06-03 00:00:00-04:00,9.8100004196167,9.8100004196167,9.8100004196167,9.8100004196167,100,0.0,0.0
2021-06-04 00:00:00-04:00,9.819000244140625,9.949999809265137,9.8100004196167,9.859999656677246,207800,0.0,0.0
2021-06-07 00:00:00-04:00,9.819999694824219,9.835000038146973,9.800000190734863,9.800000190734863,2600,0.0,0.0
2021-06-08 00:00:00-04:00,9.75,9.789999961853027,9.75,9.774999618530273,5400,0.0,0.0
2021-06-09 00:00:00-04:00,9.774999618530273,9.800000190734863,9.774999618530273,9.800000190734863,7600,0.0,0.0
2021-06-10 00:00:00-04:00,9.779999732971191,9.84000015258789,9.739999771118164,9.8100004196167,43200,0.0,0.0
2021-06-11 00:00:00-04:00,9.739999771118164,9.779999732971191,9.729999542236328,9.765000343322754,141100,0.0,0.0
2021-06-14 00:00:00-04:00,9.800000190734863,9.800000190734863,9.75,9.770000457763672,14400,0.0,0.0
2021-06-15 00:00:00-04:00,9.760000228881836,9.779999732971191,9.760000228881836,9.770000457763672,4400,0.0,0.0
2021-06-16 00:00:00-04:00,9.770000457763672,9.800000190734863,9.770000457763672,9.789999961853027,2600,0.0,0.0
2021-06-17 00:00:00-04:00,9.789999961853027,9.800000190734863,9.75,9.760000228881836,15200,0.0,0.0
2021-06-18 00:00:00-04:00,9.770000457763672,9.770000457763672,9.75,9.75,5100,0.0,0.0
2021-06-21 00:00:00-04:00,9.760000228881836,9.760000228881836,9.739999771118164,9.739999771118164,5400,0.0,0.0
2021-06-22 00:00:00-04:00,9.770000457763672,9.770000457763672,9.729999542236328,9.729999542236328,5300,0.0,0.0
2021-06-23 00:00:00-04:00,9.779999732971191,9.78499984741211,9.770000457763672,9.78499984741211,1600,0.0,0.0
2021-06-24 00:00:00-04:00,9.760000228881836,9.779999732971191,9.760000228881836,9.760000228881836,900,0.0,0.0
2021-06-25 00:00:00-04:00,9.779999732971191,9.779999732971191,9.729999542236328,9.739999771118164,33500,0.0,0.0
2021-06-28 00:00:00-04:00,9.720000267028809,9.729999542236328,9.720000267028809,9.729999542236328,188900,0.0,0.0
2021-06-29 00:00:00-04:00,9.729999542236328,9.75,9.729999542236328,9.75,16700,0.0,0.0
2021-06-30 00:00:00-04:00,9.739999771118164,9.739999771118164,9.699999809265137,9.710000038146973,12800,0.0,0.0
2021-07-01 00:00:00-04:00,9.699999809265137,9.713000297546387,9.699999809265137,9.713000297546387,900,0.0,0.0
2021-07-02 00:00:00-04:00,9.699999809265137,9.710000038146973,9.699999809265137,9.699999809265137,7800,0.0,0.0
2021-07-06 00:00:00-04:00,9.699999809265137,9.729999542236328,9.699999809265137,9.710000038146973,29400,0.0,0.0
2021-07-07 00:00:00-04:00,9.699999809265137,9.720000267028809,9.699999809265137,9.710000038146973,1300,0.0,0.0
2021-07-08 00:00:00-04:00,9.710000038146973,9.765000343322754,9.670000076293945,9.734999656677246,61000,0.0,0.0
2021-07-09 00:00:00-04:00,9.699999809265137,9.739999771118164,9.699999809265137,9.729999542236328,3100,0.0,0.0
2021-07-12 00:00:00-04:00,9.770000457763672,9.789999961853027,9.770000457763672,9.789999961853027,800,0.0,0.0
2021-07-13 00:00:00-04:00,9.789999961853027,9.789999961853027,9.789999961853027,9.789999961853027,100,0.0,0.0
2021-07-14 00:00:00-04:00,9.789999961853027,9.789999961853027,9.789999961853027,9.789999961853027,0,0.0,0.0
2021-07-15 00:00:00-04:00,9.779999732971191,9.84000015258789,9.760000228881836,9.800000190734863,10000,0.0,0.0
2021-07-16 00:00:00-04:00,9.800000190734863,9.800000190734863,9.800000190734863,9.800000190734863,0,0.0,0.0
2021-07-19 00:00:00-04:00,9.779999732971191,9.850000381469727,9.720000267028809,9.765000343322754,247800,0.0,0.0
2021-07-20 00:00:00-04:00,9.729999542236328,9.789999961853027,9.720000267028809,9.770000457763672,27200,0.0,0.0
2021-07-21 00:00:00-04:00,9.850000381469727,9.859999656677246,9.78499984741211,9.850000381469727,3300,0.0,0.0
2021-07-22 00:00:00-04:00,9.869999885559082,9.869999885559082,9.8100004196167,9.850000381469727,106500,0.0,0.0
2021-07-23 00:00:00-04:00,9.90999984741211,9.90999984741211,9.760000228881836,9.789999961853027,153300,0.0,0.0
2021-07-26 00:00:00-04:00,9.770000457763672,9.770000457763672,9.640000343322754,9.670000076293945,345400,0.0,0.0
2021-07-27 00:00:00-04:00,9.670000076293945,9.739999771118164,9.670000076293945,9.73900032043457,78800,0.0,0.0
2021-07-28 00:00:00-04:00,9.710000038146973,9.710000038146973,9.710000038146973,9.710000038146973,300,0.0,0.0
2021-07-29 00:00:00-04:00,9.710000038146973,9.73900032043457,9.710000038146973,9.73900032043457,500,0.0,0.0
2021-07-30 00:00:00-04:00,9.710000038146973,9.729999542236328,9.699999809265137,9.710000038146973,55400,0.0,0.0
2021-08-02 00:00:00-04:00,9.739999771118164,9.739999771118164,9.710000038146973,9.720000267028809,12400,0.0,0.0
2021-08-03 00:00:00-04:00,9.720000267028809,9.729999542236328,9.65999984741211,9.6899995803833,48500,0.0,0.0
2021-08-04 00:00:00-04:00,9.6850004196167,9.6899995803833,9.6850004196167,9.6899995803833,7300,0.0,0.0
2021-08-05 00:00:00-04:00,9.710000038146973,9.710000038146973,9.710000038146973,9.710000038146973,200,0.0,0.0
2021-08-06 00:00:00-04:00,9.710000038146973,9.710000038146973,9.710000038146973,9.710000038146973,100,0.0,0.0
2021-08-09 00:00:00-04:00,9.649999618530273,9.670000076293945,9.649999618530273,9.670000076293945,600,0.0,0.0
2021-08-10 00:00:00-04:00,9.670000076293945,9.699999809265137,9.670000076293945,9.680000305175781,5000,0.0,0.0
2021-08-11 00:00:00-04:00,9.680000305175781,9.699999809265137,9.680000305175781,9.6899995803833,2000,0.0,0.0
2021-08-12 00:00:00-04:00,9.670000076293945,9.729999542236328,9.670000076293945,9.729999542236328,8100,0.0,0.0
2021-08-13 00:00:00-04:00,9.699999809265137,9.729999542236328,9.675000190734863,9.704999923706055,282200,0.0,0.0
2021-08-16 00:00:00-04:00,9.65999984741211,9.729999542236328,9.65999984741211,9.699999809265137,70100,0.0,0.0
2021-08-17 00:00:00-04:00,9.670000076293945,9.680000305175781,9.630000114440918,9.680000305175781,24900,0.0,0.0
2021-08-18 00:00:00-04:00,9.630000114440918,9.710000038146973,9.630000114440918,9.6899995803833,3200,0.0,0.0
2021-08-19 00:00:00-04:00,9.6899995803833,9.6899995803833,9.6899995803833,9.6899995803833,300,0.0,0.0
2021-08-20 00:00:00-04:00,9.6899995803833,9.6899995803833,9.6899995803833,9.6899995803833,0,0.0,0.0
2021-08-23 00:00:00-04:00,9.649999618530273,9.675000190734863,9.619999885559082,9.635000228881836,11300,0.0,0.0
2021-08-24 00:00:00-04:00,9.619999885559082,9.699999809265137,9.619999885559082,9.699999809265137,43700,0.0,0.0
2021-08-25 00:00:00-04:00,9.640000343322754,9.6899995803833,9.640000343322754,9.6899995803833,1100,0.0,0.0
2021-08-26 00:00:00-04:00,9.649999618530273,9.680000305175781,9.649999618530273,9.680000305175781,300,0.0,0.0
2021-08-27 00:00:00-04:00,9.649999618530273,9.680000305175781,9.619999885559082,9.680000305175781,6000,0.0,0.0
2021-08-30 00:00:00-04:00,9.649999618530273,9.699999809265137,9.649999618530273,9.699999809265137,500,0.0,0.0
2021-08-31 00:00:00-04:00,9.699000358581543,9.699000358581543,9.6850004196167,9.6850004196167,200,0.0,0.0
2021-09-01 00:00:00-04:00,9.6850004196167,9.6850004196167,9.6850004196167,9.6850004196167,100,0.0,0.0
2021-09-02 00:00:00-04:00,9.6850004196167,9.6850004196167,9.6850004196167,9.6850004196167,0,0.0,0.0
2021-09-03 00:00:00-04:00,9.6899995803833,9.729999542236328,9.6899995803833,9.729999542236328,63500,0.0,0.0
2021-09-07 00:00:00-04:00,9.6899995803833,9.729999542236328,9.680000305175781,9.729999542236328,15600,0.0,0.0
2021-09-08 00:00:00-04:00,9.630000114440918,9.630000114440918,9.630000114440918,9.630000114440918,200,0.0,0.0
2021-09-09 00:00:00-04:00,9.630000114440918,9.720000267028809,9.630000114440918,9.704999923706055,5000,0.0,0.0
2021-09-10 00:00:00-04:00,9.710000038146973,9.739999771118164,9.710000038146973,9.739999771118164,113400,0.0,0.0
2021-09-13 00:00:00-04:00,9.739999771118164,9.739999771118164,9.739999771118164,9.739999771118164,100,0.0,0.0
2021-09-14 00:00:00-04:00,9.739999771118164,9.800000190734863,9.739999771118164,9.800000190734863,39000,0.0,0.0
2021-09-15 00:00:00-04:00,9.75,9.75,9.75,9.75,300,0.0,0.0
2021-09-16 00:00:00-04:00,9.729999542236328,9.770000457763672,9.729999542236328,9.770000457763672,700,0.0,0.0
2021-09-17 00:00:00-04:00,9.770000457763672,9.779999732971191,9.760000228881836,9.779999732971191,1202300,0.0,0.0
2021-09-20 00:00:00-04:00,9.789999961853027,9.789999961853027,9.699999809265137,9.699999809265137,3800,0.0,0.0
2021-09-21 00:00:00-04:00,9.737000465393066,9.75,9.710000038146973,9.710000038146973,2400,0.0,0.0
2021-09-22 00:00:00-04:00,9.789999961853027,9.789999961853027,9.75,9.760000228881836,126000,0.0,0.0
2021-09-23 00:00:00-04:00,9.699999809265137,9.75,9.699999809265137,9.75,100400,0.0,0.0
2021-09-24 00:00:00-04:00,9.710000038146973,9.770000457763672,9.710000038146973,9.770000457763672,62500,0.0,0.0
2021-09-27 00:00:00-04:00,9.770000457763672,9.770000457763672,9.770000457763672,9.770000457763672,100,0.0,0.0
2021-09-28 00:00:00-04:00,9.770000457763672,9.770000457763672,9.770000457763672,9.770000457763672,0,0.0,0.0
2021-09-29 00:00:00-04:00,9.770000457763672,9.770000457763672,9.770000457763672,9.770000457763672,0,0.0,0.0
2021-09-30 00:00:00-04:00,9.770000457763672,9.770000457763672,9.770000457763672,9.770000457763672,0,0.0,0.0
2021-10-01 00:00:00-04:00,9.75,9.770000457763672,9.75,9.770000457763672,15100,0.0,0.0
2021-10-04 00:00:00-04:00,9.720000267028809,9.779999732971191,9.720000267028809,9.75,1700,0.0,0.0
2021-10-05 00:00:00-04:00,9.75,9.75,9.75,9.75,300,0.0,0.0
2021-10-06 00:00:00-04:00,9.890000343322754,9.925000190734863,9.859999656677246,9.859999656677246,9511300,0.0,0.0
2021-10-07 00:00:00-04:00,9.890000343322754,9.899999618530273,9.850000381469727,9.850000381469727,1231300,0.0,0.0
2021-10-08 00:00:00-04:00,9.880000114440918,9.899999618530273,9.850000381469727,9.850000381469727,1066200,0.0,0.0
2021-10-11 00:00:00-04:00,9.890000343322754,9.90999984741211,9.859999656677246,9.864999771118164,295400,0.0,0.0
2021-10-12 00:00:00-04:00,9.899999618530273,9.899999618530273,9.859999656677246,9.890000343322754,380500,0.0,0.0
2021-10-13 00:00:00-04:00,9.899999618530273,9.899999618530273,9.850000381469727,9.850000381469727,447900,0.0,0.0
2021-10-14 00:00:00-04:00,9.890000343322754,9.890000343322754,9.850000381469727,9.869999885559082,604600,0.0,0.0
2021-10-15 00:00:00-04:00,9.890000343322754,9.894000053405762,9.850000381469727,9.850000381469727,523700,0.0,0.0
2021-10-18 00:00:00-04:00,9.869999885559082,9.899999618530273,9.859999656677246,9.890000343322754,345700,0.0,0.0
2021-10-19 00:00:00-04:00,9.989999771118164,10.100000381469727,9.90999984741211,10.020000457763672,4377400,0.0,0.0
2021-10-20 00:00:00-04:00,10.079999923706055,10.079999923706055,9.979999542236328,10.020000457763672,1700900,0.0,0.0
2021-10-21 00:00:00-04:00,10.050000190734863,10.079999923706055,10.029999732971191,10.069999694824219,1675800,0.0,0.0
2021-10-22 00:00:00-04:00,10.100000381469727,10.100000381469727,10.050000190734863,10.074999809265137,613200,0.0,0.0
2021-10-25 00:00:00-04:00,10.09000015258789,10.100000381469727,10.039999961853027,10.050000190734863,698900,0.0,0.0
2021-10-26 00:00:00-04:00,10.079999923706055,10.149999618530273,10.0600004196167,10.130000114440918,1320800,0.0,0.0
2021-10-27 00:00:00-04:00,10.149999618530273,10.319999694824219,10.114999771118164,10.300000190734863,1601800,0.0,0.0
2021-10-28 00:00:00-04:00,10.34000015258789,10.489999771118164,10.199999809265137,10.300000190734863,804800,0.0,0.0
2021-10-29 00:00:00-04:00,10.380000114440918,10.739999771118164,10.319999694824219,10.520000457763672,1579300,0.0,0.0
2021-11-01 00:00:00-04:00,10.670000076293945,10.699999809265137,10.40999984741211,10.520000457763672,1185000,0.0,0.0
2021-11-02 00:00:00-04:00,10.640000343322754,10.739999771118164,10.230999946594238,10.3100004196167,692300,0.0,0.0
2021-11-03 00:00:00-04:00,10.329999923706055,10.399999618530273,10.220000267028809,10.380000114440918,470700,0.0,0.0
2021-11-04 00:00:00-04:00,10.399999618530273,10.46500015258789,10.270000457763672,10.329999923706055,589500,0.0,0.0
2021-11-05 00:00:00-04:00,10.460000038146973,10.829999923706055,10.350000381469727,10.75,2495500,0.0,0.0
2021-11-08 00:00:00-05:00,11.600000381469727,11.619999885559082,10.75,10.970000267028809,3292600,0.0,0.0
2021-11-09 00:00:00-05:00,11.100000381469727,11.1899995803833,10.640000343322754,10.84000015258789,1155300,0.0,0.0
2021-11-10 00:00:00-05:00,10.789999961853027,10.800000190734863,10.359999656677246,10.460000038146973,1247500,0.0,0.0
2021-11-11 00:00:00-05:00,10.59000015258789,10.59000015258789,10.34000015258789,10.40999984741211,558100,0.0,0.0
2021-11-12 00:00:00-05:00,10.399999618530273,10.550000190734863,10.359999656677246,10.550000190734863,724400,0.0,0.0
2021-11-15 00:00:00-05:00,10.640000343322754,10.6899995803833,10.4399995803833,10.4399995803833,969000,0.0,0.0
2021-11-16 00:00:00-05:00,10.550000190734863,11.479999542236328,10.470000267028809,11.220000267028809,4087400,0.0,0.0
2021-11-17 00:00:00-05:00,11.220000267028809,12.1899995803833,10.819999694824219,11.880000114440918,5352400,0.0,0.0
2021-11-18 00:00:00-05:00,12.380000114440918,12.75,11.600000381469727,12.050000190734863,5507300,0.0,0.0
2021-11-19 00:00:00-05:00,12.050000190734863,12.09000015258789,11.609999656677246,11.880000114440918,1246600,0.0,0.0
2021-11-22 00:00:00-05:00,11.829999923706055,12.0,11.25,11.619999885559082,1220900,0.0,0.0
2021-11-23 00:00:00-05:00,11.449999809265137,11.5,10.649999618530273,11.0600004196167,2080900,0.0,0.0
2021-11-24 00:00:00-05:00,10.920000076293945,11.170000076293945,10.819999694824219,10.949999809265137,441200,0.0,0.0
2021-11-26 00:00:00-05:00,10.75,10.890000343322754,10.470000267028809,10.489999771118164,821100,0.0,0.0
2021-11-29 00:00:00-05:00,10.600000381469727,10.75,10.40999984741211,10.670000076293945,640300,0.0,0.0
2021-11-30 00:00:00-05:00,10.600000381469727,10.800000190734863,10.550000190734863,10.800000190734863,529400,0.0,0.0
2021-12-01 00:00:00-05:00,10.880000114440918,11.010000228881836,10.350000381469727,10.470000267028809,755700,0.0,0.0
2021-12-02 00:00:00-05:00,10.470000267028809,10.5600004196167,10.300000190734863,10.390000343322754,867400,0.0,0.0
2021-12-03 00:00:00-05:00,10.5,10.5,10.184000015258789,10.3100004196167,999400,0.0,0.0
2021-12-06 00:00:00-05:00,10.390000343322754,10.470000267028809,10.244999885559082,10.390000343322754,399200,0.0,0.0
2021-12-07 00:00:00-05:00,10.5,11.020000457763672,10.390000343322754,10.779999732971191,916100,0.0,0.0
2021-12-08 00:00:00-05:00,10.859999656677246,11.020000457763672,10.720000267028809,11.0,862600,0.0,0.0
2021-12-09 00:00:00-05:00,10.899999618530273,10.989999771118164,10.5,10.609999656677246,277900,0.0,0.0
2021-12-10 00:00:00-05:00,10.699999809265137,10.779999732971191,10.510000228881836,10.729999542236328,317600,0.0,0.0
2021-12-13 00:00:00-05:00,10.850000381469727,10.850000381469727,10.300000190734863,10.359999656677246,819600,0.0,0.0
2021-12-14 00:00:00-05:00,10.40999984741211,10.630000114440918,10.25,10.460000038146973,431400,0.0,0.0
2021-12-15 00:00:00-05:00,10.4399995803833,10.640000343322754,10.300000190734863,10.529999732971191,322200,0.0,0.0
2021-12-16 00:00:00-05:00,10.680000305175781,10.699999809265137,10.350000381469727,10.369999885559082,296500,0.0,0.0
2021-12-17 00:00:00-05:00,10.350000381469727,10.510000228881836,10.25,10.34000015258789,304300,0.0,0.0
2021-12-20 00:00:00-05:00,10.25,10.5600004196167,10.210000038146973,10.229999542236328,1028800,0.0,0.0
2021-12-21 00:00:00-05:00,10.300000190734863,10.380000114440918,10.210000038146973,10.329999923706055,268700,0.0,0.0
2021-12-22 00:00:00-05:00,10.319999694824219,10.460000038146973,10.260000228881836,10.3100004196167,750500,0.0,0.0
2021-12-23 00:00:00-05:00,10.319999694824219,10.388999938964844,10.270000457763672,10.350000381469727,485300,0.0,0.0
2021-12-27 00:00:00-05:00,10.350000381469727,10.470000267028809,10.199999809265137,10.3100004196167,563000,0.0,0.0
2021-12-28 00:00:00-05:00,10.359999656677246,10.359999656677246,10.229999542236328,10.300000190734863,377900,0.0,0.0
2021-12-29 00:00:00-05:00,10.350000381469727,10.489999771118164,10.270000457763672,10.270000457763672,479300,0.0,0.0
2021-12-30 00:00:00-05:00,10.3100004196167,10.34000015258789,10.270000457763672,10.300000190734863,238000,0.0,0.0
2021-12-31 00:00:00-05:00,10.3100004196167,10.3100004196167,10.15999984741211,10.289999961853027,592400,0.0,0.0
2022-01-03 00:00:00-05:00,10.329999923706055,10.329999923706055,10.229999542236328,10.270000457763672,300000,0.0,0.0
2022-01-04 00:00:00-05:00,10.319999694824219,10.319999694824219,10.25,10.260000228881836,431200,0.0,0.0
2022-01-05 00:00:00-05:00,10.260000228881836,10.539999961853027,10.1899995803833,10.199999809265137,802200,0.0,0.0
2022-01-06 00:00:00-05:00,10.140000343322754,10.239999771118164,10.140000343322754,10.220000267028809,407000,0.0,0.0
2022-01-07 00:00:00-05:00,10.210000038146973,10.25,10.1850004196167,10.25,222000,0.0,0.0
2022-01-10 00:00:00-05:00,10.199999809265137,10.199999809265137,10.0600004196167,10.15999984741211,437800,0.0,0.0
2022-01-11 00:00:00-05:00,10.15999984741211,10.15999984741211,10.079999923706055,10.109999656677246,662200,0.0,0.0
2022-01-12 00:00:00-05:00,10.100000381469727,10.109999656677246,10.0600004196167,10.100000381469727,428500,0.0,0.0
2022-01-13 00:00:00-05:00,10.140000343322754,10.140000343322754,9.949999809265137,9.989999771118164,1064100,0.0,0.0
2022-01-14 00:00:00-05:00,10.020000457763672,10.029999732971191,9.979999542236328,9.979999542236328,259200,0.0,0.0
2022-01-18 00:00:00-05:00,9.970000267028809,10.0,9.960000038146973,9.989999771118164,371800,0.0,0.0
2022-01-19 00:00:00-05:00,9.989999771118164,9.989999771118164,9.960000038146973,9.970000267028809,286000,0.0,0.0
2022-01-20 00:00:00-05:00,9.960000038146973,9.989999771118164,9.949999809265137,9.960000038146973,138100,0.0,0.0
2022-01-21 00:00:00-05:00,9.949999809265137,9.970000267028809,9.899999618530273,9.899999618530273,300100,0.0,0.0
2022-01-24 00:00:00-05:00,9.899999618530273,9.899999618530273,9.850000381469727,9.890000343322754,468400,0.0,0.0
2022-01-25 00:00:00-05:00,9.84000015258789,9.949999809265137,9.84000015258789,9.920000076293945,378500,0.0,0.0
2022-01-26 00:00:00-05:00,9.9399995803833,9.9399995803833,9.890000343322754,9.920000076293945,322400,0.0,0.0
2022-01-27 00:00:00-05:00,9.960000038146973,9.960000038146973,9.899999618530273,9.90999984741211,317100,0.0,0.0
2022-01-28 00:00:00-05:00,9.899999618530273,9.960000038146973,9.899999618530273,9.949999809265137,1534100,0.0,0.0
2022-01-31 00:00:00-05:00,9.899999618530273,9.96500015258789,9.899999618530273,9.949999809265137,191100,0.0,0.0
2022-02-01 00:00:00-05:00,9.979999542236328,9.989999771118164,9.930000305175781,9.979999542236328,110200,0.0,0.0
2022-02-02 00:00:00-05:00,9.979999542236328,9.989999771118164,9.930000305175781,9.949999809265137,240400,0.0,0.0
2022-02-03 00:00:00-05:00,9.899999618530273,9.949999809265137,9.890000343322754,9.899999618530273,448800,0.0,0.0
2022-02-04 00:00:00-05:00,9.90999984741211,9.979999542236328,9.90999984741211,9.930000305175781,126300,0.0,0.0
2022-02-07 00:00:00-05:00,9.930000305175781,9.970000267028809,9.920000076293945,9.9399995803833,188600,0.0,0.0
2022-02-08 00:00:00-05:00,9.960000038146973,9.970000267028809,9.90999984741211,9.949999809265137,313500,0.0,0.0
2022-02-09 00:00:00-05:00,9.930000305175781,9.979999542236328,9.930000305175781,9.979999542236328,475300,0.0,0.0
2022-02-10 00:00:00-05:00,9.979999542236328,9.989999771118164,9.960000038146973,9.970000267028809,1165800,0.0,0.0
2022-02-11 00:00:00-05:00,9.979999542236328,9.979999542236328,9.960000038146973,9.970000267028809,272300,0.0,0.0
2022-02-14 00:00:00-05:00,9.960000038146973,9.979999542236328,9.960000038146973,9.979999542236328,394600,0.0,0.0
2022-02-15 00:00:00-05:00,9.979999542236328,9.989999771118164,9.970000267028809,9.970000267028809,283700,0.0,0.0
2022-02-16 00:00:00-05:00,9.970000267028809,9.979999542236328,9.960000038146973,9.979999542236328,425800,0.0,0.0
2022-02-17 00:00:00-05:00,9.979999542236328,9.979999542236328,9.960000038146973,9.970000267028809,1646900,0.0,0.0
2022-02-18 00:00:00-05:00,9.970000267028809,9.979999542236328,9.960000038146973,9.970000267028809,1622700,0.0,0.0
2022-02-22 00:00:00-05:00,9.960000038146973,9.970000267028809,9.930000305175781,9.970000267028809,3335700,0.0,0.0
2022-02-23 00:00:00-05:00,9.880000114440918,9.899999618530273,8.300000190734863,8.399999618530273,2288000,0.0,0.0
2022-02-24 00:00:00-05:00,8.0,9.260000228881836,7.900000095367432,9.050000190734863,1387800,0.0,0.0
2022-02-25 00:00:00-05:00,9.140000343322754,9.899999618530273,9.109999656677246,9.3100004196167,590100,0.0,0.0
2022-02-28 00:00:00-05:00,9.40999984741211,10.899999618530273,9.399999618530273,9.90999984741211,430700,0.0,0.0
2022-03-01 00:00:00-05:00,10.020000457763672,10.270000457763672,9.90999984741211,10.239999771118164,637900,0.0,0.0
2022-03-02 00:00:00-05:00,9.75,11.368000030517578,8.84000015258789,9.430000305175781,373800,0.0,0.0
2022-03-03 00:00:00-05:00,10.0,10.0,8.244999885559082,8.270000457763672,571800,0.0,0.0
2022-03-04 00:00:00-05:00,8.4399995803833,8.75,7.429999828338623,7.449999809265137,573600,0.0,0.0
2022-03-07 00:00:00-05:00,7.5,7.5,6.690000057220459,6.869999885559082,496000,0.0,0.0
2022-03-08 00:00:00-05:00,6.940000057220459,7.639999866485596,6.710000038146973,6.820000171661377,487800,0.0,0.0
2022-03-09 00:00:00-05:00,7.599999904632568,7.877999782562256,7.300000190734863,7.619999885559082,582600,0.0,0.0
2022-03-10 00:00:00-05:00,7.800000190734863,8.239999771118164,7.25,7.389999866485596,456100,0.0,0.0
2022-03-11 00:00:00-05:00,7.559999942779541,7.75,6.53000020980835,6.940000057220459,541100,0.0,0.0
2022-03-14 00:00:00-04:00,7.0,7.150000095367432,6.25,6.349999904632568,231200,0.0,0.0
2022-03-15 00:00:00-04:00,6.460000038146973,6.690000057220459,5.909999847412109,5.920000076293945,569400,0.0,0.0
2022-03-16 00:00:00-04:00,6.0,6.314000129699707,6.0,6.28000020980835,398600,0.0,0.0
2022-03-17 00:00:00-04:00,6.239999771118164,6.71999979019165,6.130000114440918,6.630000114440918,296400,0.0,0.0
2022-03-18 00:00:00-04:00,6.739999771118164,6.860000133514404,6.5,6.829999923706055,435900,0.0,0.0
2022-03-21 00:00:00-04:00,7.070000171661377,7.099999904632568,6.119999885559082,6.369999885559082,430900,0.0,0.0
2022-03-22 00:00:00-04:00,6.519999980926514,6.900000095367432,6.510000228881836,6.75,343600,0.0,0.0
2022-03-23 00:00:00-04:00,6.679999828338623,7.855999946594238,6.619999885559082,7.139999866485596,676100,0.0,0.0
2022-03-24 00:00:00-04:00,7.230000019073486,8.005000114440918,7.190000057220459,7.630000114440918,502600,0.0,0.0
2022-03-25 00:00:00-04:00,7.769999980926514,7.849999904632568,7.03000020980835,7.309999942779541,358100,0.0,0.0
2022-03-28 00:00:00-04:00,7.289999961853027,7.360000133514404,6.849999904632568,6.929999828338623,362400,0.0,0.0
2022-03-29 00:00:00-04:00,7.059999942779541,7.059999942779541,6.570000171661377,6.789999961853027,287400,0.0,0.0
2022-03-30 00:00:00-04:00,6.800000190734863,6.980000019073486,6.610000133514404,6.670000076293945,195900,0.0,0.0
2022-03-31 00:00:00-04:00,6.829999923706055,6.860000133514404,6.25,6.300000190734863,234400,0.0,0.0
2022-04-01 00:00:00-04:00,6.420000076293945,6.442999839782715,6.150000095367432,6.21999979019165,285900,0.0,0.0
2022-04-04 00:00:00-04:00,6.300000190734863,6.53000020980835,6.21999979019165,6.519999980926514,187300,0.0,0.0
2022-04-05 00:00:00-04:00,6.429999828338623,6.429999828338623,5.940000057220459,5.960000038146973,392400,0.0,0.0
2022-04-06 00:00:00-04:00,5.900000095367432,5.989999771118164,5.610000133514404,5.829999923706055,415200,0.0,0.0
2022-04-07 00:00:00-04:00,6.0,6.510000228881836,5.96999979019165,6.21999979019165,381100,0.0,0.0
2022-04-08 00:00:00-04:00,6.159999847412109,6.230000019073486,5.920000076293945,6.150000095367432,221000,0.0,0.0
2022-04-11 00:00:00-04:00,6.050000190734863,6.099999904632568,5.730000019073486,5.849999904632568,229500,0.0,0.0
2022-04-12 00:00:00-04:00,6.019999980926514,6.159999847412109,5.900000095367432,6.150000095367432,198700,0.0,0.0
2022-04-13 00:00:00-04:00,6.170000076293945,6.449999809265137,6.079999923706055,6.420000076293945,158700,0.0,0.0
2022-04-14 00:00:00-04:00,6.420000076293945,6.420000076293945,6.123000144958496,6.340000152587891,200300,0.0,0.0
2022-04-18 00:00:00-04:00,6.25,6.28000020980835,6.004000186920166,6.170000076293945,153900,0.0,0.0
2022-04-19 00:00:00-04:00,6.110000133514404,6.179999828338623,5.78000020980835,5.829999923706055,225700,0.0,0.0
2022-04-20 00:00:00-04:00,5.829999923706055,6.010000228881836,5.761000156402588,5.900000095367432,277600,0.0,0.0
2022-04-21 00:00:00-04:00,5.96999979019165,6.179999828338623,5.699999809265137,5.78000020980835,286800,0.0,0.0
2022-04-22 00:00:00-04:00,5.940000057220459,5.940000057220459,5.546000003814697,5.630000114440918,120600,0.0,0.0
2022-04-25 00:00:00-04:00,5.579999923706055,5.929999828338623,5.421000003814697,5.900000095367432,200700,0.0,0.0
2022-04-26 00:00:00-04:00,5.809999942779541,6.320000171661377,5.760000228881836,6.0,332200,0.0,0.0
2022-04-27 00:00:00-04:00,6.0,6.732999801635742,5.829999923706055,6.46999979019165,385800,0.0,0.0
2022-04-28 00:00:00-04:00,6.460000038146973,6.849999904632568,6.420000076293945,6.739999771118164,302900,0.0,0.0
2022-04-29 00:00:00-04:00,6.650000095367432,7.099999904632568,6.320000171661377,6.949999809265137,326600,0.0,0.0
2022-05-02 00:00:00-04:00,6.909999847412109,7.079999923706055,6.71999979019165,7.039999961853027,226200,0.0,0.0
2022-05-03 00:00:00-04:00,7.039999961853027,7.190000057220459,6.78000020980835,7.150000095367432,264000,0.0,0.0
2022-05-04 00:00:00-04:00,7.090000152587891,7.099999904632568,6.440000057220459,6.78000020980835,438100,0.0,0.0
2022-05-05 00:00:00-04:00,6.800000190734863,7.150000095367432,6.550000190734863,6.989999771118164,305300,0.0,0.0
2022-05-06 00:00:00-04:00,7.019999980926514,7.5,6.71999979019165,7.420000076293945,368900,0.0,0.0
2022-05-09 00:00:00-04:00,7.369999885559082,7.610000133514404,6.375,6.420000076293945,597200,0.0,0.0
2022-05-10 00:00:00-04:00,6.440000057220459,6.5,5.409999847412109,5.679999828338623,512300,0.0,0.0
2022-05-11 00:00:00-04:00,5.820000171661377,6.861000061035156,5.699999809265137,6.070000171661377,448900,0.0,0.0
2022-05-12 00:00:00-04:00,6.079999923706055,7.269999980926514,5.760000228881836,6.849999904632568,684200,0.0,0.0
2022-05-13 00:00:00-04:00,6.860000133514404,8.529999732971191,6.860000133514404,7.760000228881836,790600,0.0,0.0
2022-05-16 00:00:00-04:00,8.069999694824219,8.34000015258789,7.389999866485596,7.460000038146973,419700,0.0,0.0
2022-05-17 00:00:00-04:00,7.239999771118164,7.699999809265137,7.019999980926514,7.679999828338623,439800,0.0,0.0
2022-05-18 00:00:00-04:00,7.559999942779541,7.849999904632568,7.170000076293945,7.300000190734863,405800,0.0,0.0
2022-05-19 00:00:00-04:00,7.179999828338623,8.119999885559082,7.150000095367432,7.980000019073486,375700,0.0,0.0
2022-05-20 00:00:00-04:00,8.239999771118164,8.739999771118164,8.085000038146973,8.649999618530273,472700,0.0,0.0
2022-05-23 00:00:00-04:00,8.739999771118164,9.520000457763672,8.729999542236328,8.869999885559082,560800,0.0,0.0
2022-05-24 00:00:00-04:00,8.649999618530273,8.65999984741211,7.949999809265137,8.15999984741211,322400,0.0,0.0
2022-05-25 00:00:00-04:00,8.039999961853027,8.520000457763672,8.039999961853027,8.510000228881836,291100,0.0,0.0
2022-05-26 00:00:00-04:00,8.630000114440918,8.675000190734863,8.199999809265137,8.34000015258789,297500,0.0,0.0
2022-05-27 00:00:00-04:00,8.489999771118164,9.199999809265137,8.470000267028809,8.8100004196167,511900,0.0,0.0
2022-05-31 00:00:00-04:00,8.899999618530273,9.220000267028809,8.71500015258789,8.979999542236328,538900,0.0,0.0
2022-06-01 00:00:00-04:00,8.970000267028809,9.25,8.970000267028809,9.15999984741211,653900,0.0,0.0
2022-06-02 00:00:00-04:00,8.050000190734863,8.489999771118164,7.880000114440918,8.229999542236328,811000,0.0,0.0
2022-06-03 00:00:00-04:00,8.029999732971191,8.329999923706055,8.0,8.220000267028809,568700,0.0,0.0
2022-06-06 00:00:00-04:00,8.300000190734863,8.479999542236328,6.5,7.25,1177500,0.0,0.0
2022-06-07 00:00:00-04:00,7.099999904632568,7.179999828338623,6.5,6.730000019073486,1123500,0.0,0.0
2022-06-08 00:00:00-04:00,6.840000152587891,7.099999904632568,6.550000190734863,6.570000171661377,576300,0.0,0.0
2022-06-09 00:00:00-04:00,6.590000152587891,6.78000020980835,5.860000133514404,5.860000133514404,631800,0.0,0.0
2022-06-10 00:00:00-04:00,5.710000038146973,5.820000171661377,5.099999904632568,5.190000057220459,857800,0.0,0.0
2022-06-13 00:00:00-04:00,5.150000095367432,5.159999847412109,4.599999904632568,4.619999885559082,816800,0.0,0.0
2022-06-14 00:00:00-04:00,4.699999809265137,4.71999979019165,4.25,4.320000171661377,752700,0.0,0.0
2022-06-15 00:00:00-04:00,4.360000133514404,4.619999885559082,4.230000019073486,4.5,1016900,0.0,0.0
2022-06-16 00:00:00-04:00,4.349999904632568,4.900000095367432,4.309999942779541,4.699999809265137,991600,0.0,0.0
2022-06-17 00:00:00-04:00,4.630000114440918,4.960000038146973,4.510000228881836,4.960000038146973,5458500,0.0,0.0
2022-06-21 00:00:00-04:00,5.175000190734863,5.186999797821045,4.659999847412109,4.71999979019165,679700,0.0,0.0
2022-06-22 00:00:00-04:00,4.590000152587891,4.670000076293945,4.244999885559082,4.329999923706055,615000,0.0,0.0
2022-06-23 00:00:00-04:00,4.449999809265137,4.460000038146973,4.050000190734863,4.340000152587891,543000,0.0,0.0
2022-06-24 00:00:00-04:00,4.340000152587891,4.340000152587891,3.9800000190734863,3.990000009536743,3893700,0.0,0.0
2022-06-27 00:00:00-04:00,4.25,4.25,3.700000047683716,3.7100000381469727,912900,0.0,0.0
2022-06-28 00:00:00-04:00,3.75,3.950000047683716,3.549999952316284,3.5999999046325684,786500,0.0,0.0
2022-06-29 00:00:00-04:00,3.740000009536743,3.740000009536743,3.2899999618530273,3.380000114440918,720800,0.0,0.0
2022-06-30 00:00:00-04:00,3.390000104904175,3.6700000762939453,3.25,3.6700000762939453,1324600,0.0,0.0
2022-07-01 00:00:00-04:00,3.690000057220459,3.7699999809265137,3.509999990463257,3.740000009536743,601500,0.0,0.0
2022-07-05 00:00:00-04:00,3.7300000190734863,4.269999980926514,3.6600000858306885,4.269999980926514,690500,0.0,0.0
2022-07-06 00:00:00-04:00,4.150000095367432,4.670000076293945,4.079999923706055,4.619999885559082,661200,0.0,0.0
2022-07-07 00:00:00-04:00,4.679999828338623,5.179999828338623,4.679999828338623,5.179999828338623,683500,0.0,0.0
2022-07-08 00:00:00-04:00,5.039999961853027,5.639999866485596,5.039999961853027,5.300000190734863,629600,0.0,0.0
2022-07-11 00:00:00-04:00,5.300000190734863,5.300000190734863,4.659999847412109,4.664999961853027,491700,0.0,0.0
2022-07-12 00:00:00-04:00,4.809999942779541,4.815000057220459,4.409999847412109,4.539999961853027,482500,0.0,0.0
2022-07-13 00:00:00-04:00,4.539999961853027,4.610000133514404,4.329999923706055,4.46999979019165,436600,0.0,0.0
2022-07-14 00:00:00-04:00,4.400000095367432,4.579999923706055,4.25,4.300000190734863,287400,0.0,0.0
2022-07-15 00:00:00-04:00,4.389999866485596,4.429999828338623,4.210000038146973,4.400000095367432,288400,0.0,0.0
2022-07-18 00:00:00-04:00,4.599999904632568,4.679999828338623,4.340000152587891,4.460000038146973,358600,0.0,0.0
2022-07-19 00:00:00-04:00,4.46999979019165,4.690000057220459,4.46999979019165,4.519999980926514,438700,0.0,0.0
2022-07-20 00:00:00-04:00,4.489999771118164,4.75,4.449999809265137,4.53000020980835,526400,0.0,0.0
2022-07-21 00:00:00-04:00,4.550000190734863,4.550000190734863,4.0,4.239999771118164,676500,0.0,0.0
2022-07-22 00:00:00-04:00,4.190000057220459,4.239999771118164,4.0,4.03000020980835,405800,0.0,0.0
2022-07-25 00:00:00-04:00,4.099999904632568,4.199999809265137,3.940000057220459,4.179999828338623,242100,0.0,0.0
2022-07-26 00:00:00-04:00,4.119999885559082,4.173999786376953,3.819999933242798,3.9000000953674316,252400,0.0,0.0
2022-07-27 00:00:00-04:00,4.0,4.199999809265137,3.9000000953674316,4.190000057220459,322000,0.0,0.0
2022-07-28 00:00:00-04:00,4.070000171661377,4.409999847412109,4.050000190734863,4.409999847412109,325400,0.0,0.0
2022-07-29 00:00:00-04:00,4.409999847412109,4.570000171661377,4.260000228881836,4.429999828338623,312800,0.0,0.0
2022-08-01 00:00:00-04:00,4.449999809265137,4.46999979019165,4.085000038146973,4.110000133514404,385900,0.0,0.0
2022-08-02 00:00:00-04:00,4.010000228881836,4.199999809265137,3.950000047683716,4.059999942779541,500200,0.0,0.0
2022-08-03 00:00:00-04:00,4.110000133514404,4.340000152587891,4.03000020980835,4.309999942779541,542200,0.0,0.0
2022-08-04 00:00:00-04:00,4.329999923706055,4.590000152587891,4.110000133514404,4.269999980926514,325700,0.0,0.0
2022-08-05 00:00:00-04:00,4.369999885559082,4.46999979019165,4.199999809265137,4.449999809265137,402900,0.0,0.0
2022-08-08 00:00:00-04:00,4.550000190734863,4.619999885559082,4.389999866485596,4.550000190734863,337600,0.0,0.0
2022-08-09 00:00:00-04:00,4.579999923706055,4.579999923706055,4.179999828338623,4.349999904632568,440500,0.0,0.0
2022-08-10 00:00:00-04:00,4.5,4.599999904632568,4.429999828338623,4.46999979019165,330800,0.0,0.0
2022-08-11 00:00:00-04:00,4.5,4.559999942779541,4.179999828338623,4.340000152587891,488400,0.0,0.0
2022-08-12 00:00:00-04:00,4.329999923706055,4.949999809265137,4.059999942779541,4.840000152587891,775000,0.0,0.0
2022-08-15 00:00:00-04:00,4.75,5.0,4.710000038146973,4.96999979019165,459800,0.0,0.0
2022-08-16 00:00:00-04:00,4.980000019073486,5.46999979019165,4.869999885559082,5.389999866485596,777200,0.0,0.0
2022-08-17 00:00:00-04:00,5.260000228881836,5.28000020980835,4.860000133514404,5.230000019073486,448800,0.0,0.0
2022-08-18 00:00:00-04:00,5.159999847412109,5.900000095367432,5.130000114440918,5.670000076293945,673700,0.0,0.0
2022-08-19 00:00:00-04:00,5.445000171661377,5.610000133514404,4.960000038146973,5.019999980926514,480400,0.0,0.0
2022-08-22 00:00:00-04:00,4.809999942779541,4.829999923706055,4.5,4.579999923706055,454600,0.0,0.0
2022-08-23 00:00:00-04:00,4.579999923706055,4.760000228881836,4.510000228881836,4.53000020980835,346500,0.0,0.0
2022-08-24 00:00:00-04:00,4.5,4.739999771118164,4.409999847412109,4.440000057220459,380400,0.0,0.0
2022-08-25 00:00:00-04:00,4.46999979019165,4.550000190734863,4.21999979019165,4.25,783400,0.0,0.0
2022-08-26 00:00:00-04:00,4.320000171661377,4.320000171661377,3.799999952316284,3.990000009536743,929800,0.0,0.0
2022-08-29 00:00:00-04:00,4.0,4.159999847412109,3.8499999046325684,4.039999961853027,764100,0.0,0.0
2022-08-30 00:00:00-04:00,4.050000190734863,4.110000133514404,3.934999942779541,3.950000047683716,562400,0.0,0.0
2022-08-31 00:00:00-04:00,3.990000009536743,4.440000057220459,3.9600000381469727,3.9800000190734863,459200,0.0,0.0
2022-09-01 00:00:00-04:00,3.9600000381469727,4.0,3.4149999618530273,3.509999990463257,736400,0.0,0.0
2022-09-02 00:00:00-04:00,3.6600000858306885,3.700000047683716,3.5,3.640000104904175,785500,0.0,0.0
2022-09-06 00:00:00-04:00,3.5299999713897705,3.559999942779541,2.234999895095825,2.2899999618530273,7211500,0.0,0.0
2022-09-07 00:00:00-04:00,2.4000000953674316,2.5199999809265137,2.130000114440918,2.359999895095825,4837700,0.0,0.0
2022-09-08 00:00:00-04:00,2.440000057220459,2.5,2.259999990463257,2.4000000953674316,2764100,0.0,0.0
2022-09-09 00:00:00-04:00,2.4700000286102295,2.509999990463257,2.3399999141693115,2.4200000762939453,1914500,0.0,0.0
2022-09-12 00:00:00-04:00,2.450000047683716,2.5,2.390000104904175,2.450000047683716,1398000,0.0,0.0
2022-09-13 00:00:00-04:00,2.4000000953674316,2.434999942779541,2.259999990463257,2.4100000858306885,1366000,0.0,0.0
2022-09-14 00:00:00-04:00,2.4100000858306885,2.4600000381469727,2.2890000343322754,2.450000047683716,1298000,0.0,0.0
2022-09-15 00:00:00-04:00,2.4700000286102295,2.4800000190734863,2.265000104904175,2.2799999713897705,1226300,0.0,0.0
2022-09-16 00:00:00-04:00,2.25,2.4100000858306885,2.0899999141693115,2.2899999618530273,1912000,0.0,0.0
2022-09-19 00:00:00-04:00,2.3299999237060547,2.3399999141693115,2.069999933242798,2.0899999141693115,1136000,0.0,0.0
2022-09-20 00:00:00-04:00,2.059999942779541,2.109999895095825,1.9700000286102295,2.0,1265100,0.0,0.0
2022-09-21 00:00:00-04:00,2.0,2.109999895095825,1.9800000190734863,2.0,906000,0.0,0.0
2022-09-22 00:00:00-04:00,2.0299999713897705,2.059999942779541,1.8899999856948853,1.9199999570846558,1274400,0.0,0.0
2022-09-23 00:00:00-04:00,1.899999976158142,1.909999966621399,1.7599999904632568,1.8300000429153442,1085100,0.0,0.0
2022-09-26 00:00:00-04:00,1.850000023841858,1.8899999856948853,1.725000023841858,1.7699999809265137,1406700,0.0,0.0
2022-09-27 00:00:00-04:00,1.7999999523162842,1.850000023841858,1.7599999904632568,1.8200000524520874,428700,0.0,0.0
2022-09-28 00:00:00-04:00,1.809999942779541,1.8880000114440918,1.7799999713897705,1.8700000047683716,1001800,0.0,0.0
2022-09-29 00:00:00-04:00,1.809999942779541,1.850000023841858,1.6699999570846558,1.7300000190734863,938300,0.0,0.0
2022-09-30 00:00:00-04:00,1.7300000190734863,1.9500000476837158,1.7200000286102295,1.8799999952316284,1098600,0.0,0.0
2022-10-03 00:00:00-04:00,1.9199999570846558,2.009999990463257,1.7999999523162842,1.9299999475479126,1183000,0.0,0.0
2022-10-04 00:00:00-04:00,1.9700000286102295,2.0899999141693115,1.9700000286102295,2.0799999237060547,809800,0.0,0.0
2022-10-05 00:00:00-04:00,2.0899999141693115,2.0899999141693115,1.940000057220459,1.9600000381469727,524700,0.0,0.0
2022-10-06 00:00:00-04:00,1.940000057220459,2.0250000953674316,1.9199999570846558,1.9600000381469727,420200,0.0,0.0
2022-10-07 00:00:00-04:00,1.9500000476837158,1.9700000286102295,1.8700000047683716,1.8899999856948853,765600,0.0,0.0
2022-10-10 00:00:00-04:00,1.8899999856948853,1.9800000190734863,1.8200000524520874,1.940000057220459,791100,0.0,0.0
2022-10-11 00:00:00-04:00,1.9900000095367432,1.9900000095367432,1.850000023841858,1.899999976158142,1296000,0.0,0.0
2022-10-12 00:00:00-04:00,1.8799999952316284,1.899999976158142,1.840000033378601,1.8899999856948853,852400,0.0,0.0
2022-10-13 00:00:00-04:00,1.8200000524520874,1.8600000143051147,1.7549999952316284,1.7899999618530273,1199500,0.0,0.0
2022-10-14 00:00:00-04:00,1.7899999618530273,1.8049999475479126,1.600000023841858,1.6100000143051147,722400,0.0,0.0
2022-10-17 00:00:00-04:00,1.690000057220459,1.9299999475479126,1.649999976158142,1.9199999570846558,1171600,0.0,0.0
2022-10-18 00:00:00-04:00,1.9500000476837158,2.0199999809265137,1.812000036239624,1.8899999856948853,546300,0.0,0.0
2022-10-19 00:00:00-04:00,1.8600000143051147,1.9299999475479126,1.809999942779541,1.8700000047683716,519700,0.0,0.0
2022-10-20 00:00:00-04:00,1.8799999952316284,2.069999933242798,1.8700000047683716,1.9800000190734863,472800,0.0,0.0
2022-10-21 00:00:00-04:00,1.9800000190734863,2.0850000381469727,1.940000057220459,2.049999952316284,320500,0.0,0.0
2022-10-24 00:00:00-04:00,2.0399999618530273,2.109999895095825,1.9700000286102295,2.0899999141693115,486700,0.0,0.0
2022-10-25 00:00:00-04:00,2.0799999237060547,2.2799999713897705,2.0799999237060547,2.2699999809265137,685000,0.0,0.0
2022-10-26 00:00:00-04:00,2.190000057220459,2.25,2.0399999618530273,2.0999999046325684,735300,0.0,0.0
2022-10-27 00:00:00-04:00,2.130000114440918,2.25,2.109999895095825,2.130000114440918,359500,0.0,0.0
2022-10-28 00:00:00-04:00,2.119999885559082,2.140000104904175,2.0199999809265137,2.0899999141693115,421900,0.0,0.0
2022-10-31 00:00:00-04:00,2.0799999237060547,2.2149999141693115,2.0399999618530273,2.0999999046325684,988400,0.0,0.0
2022-11-01 00:00:00-04:00,2.0799999237060547,2.0999999046325684,1.8600000143051147,1.8799999952316284,865000,0.0,0.0
2022-11-02 00:00:00-04:00,1.8899999856948853,1.9450000524520874,1.809999942779541,1.8200000524520874,411400,0.0,0.0
2022-11-03 00:00:00-04:00,1.840000033378601,1.8600000143051147,1.7599999904632568,1.7999999523162842,458800,0.0,0.0
2022-11-04 00:00:00-04:00,1.8899999856948853,1.8899999856948853,1.7000000476837158,1.7899999618530273,505100,0.0,0.0
2022-11-07 00:00:00-05:00,1.8200000524520874,1.8300000429153442,1.6449999809265137,1.690000057220459,741300,0.0,0.0
2022-11-08 00:00:00-05:00,1.75,1.7899999618530273,1.559999942779541,1.5700000524520874,798700,0.0,0.0
2022-11-09 00:00:00-05:00,1.5399999618530273,1.600000023841858,0.9810000061988831,1.1100000143051147,2934700,0.0,0.0
2022-11-10 00:00:00-05:00,1.100000023841858,1.2300000190734863,1.0700000524520874,1.190000057220459,1168100,0.0,0.0
2022-11-11 00:00:00-05:00,1.2000000476837158,1.25,1.149999976158142,1.1799999475479126,865300,0.0,0.0
2022-11-14 00:00:00-05:00,1.2300000190734863,1.2899999618530273,1.1699999570846558,1.2000000476837158,939600,0.0,0.0
2022-11-15 00:00:00-05:00,1.2699999809265137,1.3200000524520874,1.159999966621399,1.25,980300,0.0,0.0
2022-11-16 00:00:00-05:00,1.25,1.25,1.1200000047683716,1.1399999856948853,708500,0.0,0.0
2022-11-17 00:00:00-05:00,1.1100000143051147,1.2300000190734863,1.1100000143051147,1.2200000286102295,608100,0.0,0.0
2022-11-18 00:00:00-05:00,1.2300000190734863,1.25,1.1699999570846558,1.2400000095367432,498700,0.0,0.0
2022-11-21 00:00:00-05:00,1.3200000524520874,1.5199999809265137,1.2699999809265137,1.3899999856948853,1853600,0.0,0.0
2022-11-22 00:00:00-05:00,1.3600000143051147,1.409999966621399,1.2999999523162842,1.3200000524520874,576100,0.0,0.0
2022-11-23 00:00:00-05:00,1.3799999952316284,1.4500000476837158,1.3300000429153442,1.440000057220459,396300,0.0,0.0
2022-11-25 00:00:00-05:00,1.4600000381469727,1.4600000381469727,1.3799999952316284,1.399999976158142,173100,0.0,0.0
2022-11-28 00:00:00-05:00,1.4199999570846558,1.5499999523162842,1.2599999904632568,1.2799999713897705,755800,0.0,0.0
2022-11-29 00:00:00-05:00,1.2599999904632568,1.3799999952316284,1.2599999904632568,1.309999942779541,286400,0.0,0.0
2022-11-30 00:00:00-05:00,1.340000033378601,1.3600000143051147,1.2400000095367432,1.2999999523162842,660400,0.0,0.0
2022-12-01 00:00:00-05:00,1.350000023841858,1.350000023841858,1.149999976158142,1.159999966621399,552400,0.0,0.0
2022-12-02 00:00:00-05:00,1.1699999570846558,1.2200000286102295,1.149999976158142,1.1799999475479126,816900,0.0,0.0
2022-12-05 00:00:00-05:00,1.159999966621399,1.2200000286102295,1.0800000429153442,1.1100000143051147,1226500,0.0,0.0
2022-12-06 00:00:00-05:00,1.1200000047683716,1.149999976158142,1.0399999618530273,1.0499999523162842,862000,0.0,0.0
2022-12-07 00:00:00-05:00,1.0499999523162842,1.0750000476837158,0.9950000047683716,1.0,1124600,0.0,0.0
2022-12-08 00:00:00-05:00,1.0700000524520874,1.0800000429153442,1.0,1.0199999809265137,815800,0.0,0.0
2022-12-09 00:00:00-05:00,1.0199999809265137,1.0399999618530273,0.9900000095367432,0.9909999966621399,669900,0.0,0.0
2022-12-12 00:00:00-05:00,1.0,1.0099999904632568,0.949999988079071,0.9639999866485596,1228600,0.0,0.0
2022-12-13 00:00:00-05:00,0.9900000095367432,1.0199999809265137,0.9300000071525574,0.968999981880188,1688700,0.0,0.0
2022-12-14 00:00:00-05:00,0.9850000143051147,1.0199999809265137,0.9300000071525574,0.9890000224113464,1357900,0.0,0.0
2022-12-15 00:00:00-05:00,0.9150000214576721,1.0399999618530273,0.9150000214576721,0.9950000047683716,2108000,0.0,0.0
2022-12-16 00:00:00-05:00,0.9700000286102295,1.0,0.8949999809265137,0.8949999809265137,6983000,0.0,0.0
2022-12-19 00:00:00-05:00,0.9100000262260437,0.9279999732971191,0.800000011920929,0.800000011920929,1711500,0.0,0.0
2022-12-20 00:00:00-05:00,0.8090000152587891,0.8399999737739563,0.7699999809265137,0.7860000133514404,1450400,0.0,0.0
2022-12-21 00:00:00-05:00,0.7699999809265137,0.8600000143051147,0.7699999809265137,0.8100000023841858,984500,0.0,0.0
2022-12-22 00:00:00-05:00,0.800000011920929,0.8500000238418579,0.7739999890327454,0.7770000100135803,1104700,0.0,0.0
2022-12-23 00:00:00-05:00,0.7799999713897705,0.8500000238418579,0.7799999713897705,0.8270000219345093,903400,0.0,0.0
2022-12-27 00:00:00-05:00,0.8399999737739563,0.8450000286102295,0.6669999957084656,0.6800000071525574,891500,0.0,0.0
2022-12-28 00:00:00-05:00,0.699999988079071,0.7279999852180481,0.6800000071525574,0.6800000071525574,645600,0.0,0.0
2022-12-29 00:00:00-05:00,0.6899999976158142,0.7200000286102295,0.6869999766349792,0.7179999947547913,771000,0.0,0.0
2022-12-30 00:00:00-05:00,0.7179999947547913,0.7450000047683716,0.7099999785423279,0.7289999723434448,708300,0.0,0.0
2023-01-03 00:00:00-05:00,0.75,0.8880000114440918,0.699999988079071,0.7279999852180481,893100,0.0,0.0
2023-01-04 00:00:00-05:00,0.7490000128746033,0.8429999947547913,0.7300000190734863,0.8140000104904175,576300,0.0,0.0
2023-01-05 00:00:00-05:00,0.8240000009536743,0.8349999785423279,0.7519999742507935,0.7630000114440918,539300,0.0,0.0
2023-01-06 00:00:00-05:00,0.7789999842643738,0.7950000166893005,0.7400000095367432,0.75,555100,0.0,0.0
2023-01-09 00:00:00-05:00,0.7599999904632568,0.8100000023841858,0.75,0.7599999904632568,567600,0.0,0.0
2023-01-10 00:00:00-05:00,0.7699999809265137,0.7900000214576721,0.75,0.7749999761581421,412300,0.0,0.0
2023-01-11 00:00:00-05:00,0.800000011920929,0.8100000023841858,0.7699999809265137,0.7990000247955322,713600,0.0,0.0
2023-01-12 00:00:00-05:00,0.8149999976158142,0.8489999771118164,0.8100000023841858,0.8479999899864197,812000,0.0,0.0
2023-01-13 00:00:00-05:00,0.8650000095367432,0.9700000286102295,0.8650000095367432,0.9200000166893005,1213600,0.0,0.0
2023-01-17 00:00:00-05:00,0.9599999785423279,1.0199999809265137,0.9100000262260437,1.0,891500,0.0,0.0
2023-01-18 00:00:00-05:00,1.0099999904632568,1.0499999523162842,0.9399999976158142,0.9459999799728394,835400,0.0,0.0
2023-01-19 00:00:00-05:00,0.9480000138282776,0.9679999947547913,0.8320000171661377,0.8709999918937683,634900,0.0,0.0
2023-01-20 00:00:00-05:00,0.9160000085830688,0.9160000085830688,0.8579999804496765,0.8930000066757202,502900,0.0,0.0
2023-01-23 00:00:00-05:00,0.8949999809265137,0.9089999794960022,0.8600000143051147,0.8989999890327454,585400,0.0,0.0
2023-01-24 00:00:00-05:00,0.9039999842643738,0.9200000166893005,0.8600000143051147,0.8700000047683716,286300,0.0,0.0
2023-01-25 00:00:00-05:00,0.8600000143051147,0.8700000047683716,0.7900000214576721,0.8500000238418579,887400,0.0,0.0
2023-01-26 00:00:00-05:00,0.8880000114440918,0.8899999856948853,0.7799999713897705,0.8090000152587891,502600,0.0,0.0
2023-01-27 00:00:00-05:00,0.8059999942779541,0.8130000233650208,0.781000018119812,0.8040000200271606,618700,0.0,0.0
2023-01-30 00:00:00-05:00,0.8240000009536743,0.8240000009536743,0.7699999809265137,0.7720000147819519,374800,0.0,0.0
2023-01-31 00:00:00-05:00,0.7879999876022339,0.8100000023841858,0.7699999809265137,0.781000018119812,417900,0.0,0.0
2023-02-01 00:00:00-05:00,0.7900000214576721,0.8700000047683716,0.7699999809265137,0.800000011920929,1442200,0.0,0.0
2023-02-02 00:00:00-05:00,0.8500000238418579,0.9200000166893005,0.8199999928474426,0.8619999885559082,1369800,0.0,0.0
2023-02-03 00:00:00-05:00,0.8700000047683716,1.1699999570846558,0.8399999737739563,1.0499999523162842,7254900,0.0,0.0
2023-02-06 00:00:00-05:00,1.2200000286102295,1.2799999713897705,1.0399999618530273,1.159999966621399,5784500,0.0,0.0
2023-02-07 00:00:00-05:00,1.2000000476837158,1.2100000381469727,1.0299999713897705,1.1200000047683716,2057700,0.0,0.0
2023-02-08 00:00:00-05:00,1.1200000047683716,1.4199999570846558,1.090000033378601,1.3899999856948853,8534500,0.0,0.0
2023-02-09 00:00:00-05:00,1.3700000047683716,1.5499999523162842,1.0399999618530273,1.059999942779541,6483000,0.0,0.0
2023-02-10 00:00:00-05:00,1.0800000429153442,1.3899999856948853,1.059999942779541,1.190000057220459,6771300,0.0,0.0
2023-02-13 00:00:00-05:00,1.2000000476837158,1.2300000190734863,1.0,1.0299999713897705,2633900,0.0,0.0
2023-02-14 00:00:00-05:00,1.0499999523162842,1.0499999523162842,0.949999988079071,0.9769999980926514,1477800,0.0,0.0
2023-02-15 00:00:00-05:00,0.9750000238418579,1.1200000047683716,0.9100000262260437,1.1200000047683716,1754600,0.0,0.0
2023-02-16 00:00:00-05:00,1.1100000143051147,1.1699999570846558,1.0299999713897705,1.1200000047683716,1561200,0.0,0.0
2023-02-17 00:00:00-05:00,1.1100000143051147,1.1200000047683716,1.059999942779541,1.0700000524520874,563900,0.0,0.0
2023-02-21 00:00:00-05:00,1.059999942779541,1.059999942779541,1.0,1.0099999904632568,740300,0.0,0.0
2023-02-22 00:00:00-05:00,1.0199999809265137,1.0399999618530273,0.9900000095367432,1.0,727500,0.0,0.0
2023-02-23 00:00:00-05:00,1.0,1.0399999618530273,0.9440000057220459,1.0099999904632568,949300,0.0,0.0
2023-02-24 00:00:00-05:00,0.9909999966621399,1.0,0.8130000233650208,0.8370000123977661,2286600,0.0,0.0
2023-02-27 00:00:00-05:00,0.8370000123977661,0.8809999823570251,0.75,0.765999972820282,1622300,0.0,0.0
2023-02-28 00:00:00-05:00,0.7799999713897705,0.7829999923706055,0.734000027179718,0.75,1127000,0.0,0.0
2023-03-01 00:00:00-05:00,0.7549999952316284,0.7979999780654907,0.7400000095367432,0.7599999904632568,797900,0.0,0.0
2023-03-02 00:00:00-05:00,0.7599999904632568,0.7689999938011169,0.7300000190734863,0.75,558900,0.0,0.0
2023-03-03 00:00:00-05:00,0.7599999904632568,0.8050000071525574,0.7599999904632568,0.7990000247955322,736400,0.0,0.0
2023-03-06 00:00:00-05:00,0.8199999928474426,0.8500000238418579,0.7710000276565552,0.7960000038146973,624000,0.0,0.0
2023-03-07 00:00:00-05:00,0.7900000214576721,0.8169999718666077,0.7509999871253967,0.7559999823570251,377200,0.0,0.0
2023-03-08 00:00:00-05:00,0.7699999809265137,0.7900000214576721,0.7269999980926514,0.7269999980926514,636700,0.0,0.0
2023-03-09 00:00:00-05:00,0.7250000238418579,0.7490000128746033,0.6819999814033508,0.6890000104904175,845000,0.0,0.0
2023-03-10 00:00:00-05:00,0.6899999976158142,0.699999988079071,0.6000000238418579,0.609000027179718,1418700,0.0,0.0
2023-03-13 00:00:00-04:00,0.6010000109672546,0.6100000143051147,0.5799999833106995,0.5950000286102295,992300,0.0,0.0
2023-03-14 00:00:00-04:00,0.5899999737739563,0.6000000238418579,0.5809999704360962,0.5979999899864197,937300,0.0,0.0
2023-03-15 00:00:00-04:00,0.5950000286102295,0.6100000143051147,0.5220000147819519,0.5339999794960022,1219700,0.0,0.0
2023-03-16 00:00:00-04:00,0.5450000166893005,0.5600000023841858,0.5,0.5049999952316284,1133200,0.0,0.0
2023-03-17 00:00:00-04:00,0.5040000081062317,0.5189999938011169,0.46399998664855957,0.49900001287460327,1393400,0.0,0.0
2023-03-20 00:00:00-04:00,0.5,0.5299999713897705,0.49000000953674316,0.5139999985694885,866700,0.0,0.0
2023-03-21 00:00:00-04:00,0.5299999713897705,0.6449999809265137,0.5,0.5839999914169312,2113500,0.0,0.0
2023-03-22 00:00:00-04:00,0.6129999756813049,0.6169999837875366,0.5600000023841858,0.5730000138282776,629200,0.0,0.0
2023-03-23 00:00:00-04:00,0.5740000009536743,0.6100000143051147,0.5659999847412109,0.5960000157356262,479100,0.0,0.0
2023-03-24 00:00:00-04:00,0.5870000123977661,0.5899999737739563,0.550000011920929,0.5600000023841858,611100,0.0,0.0
2023-03-27 00:00:00-04:00,0.5799999833106995,0.6399999856948853,0.5299999713897705,0.5509999990463257,1459300,0.0,0.0
2023-03-28 00:00:00-04:00,0.6119999885559082,0.6299999952316284,0.5400000214576721,0.550000011920929,965300,0.0,0.0
2023-03-29 00:00:00-04:00,0.5490000247955322,0.5740000009536743,0.5410000085830688,0.550000011920929,1045400,0.0,0.0
2023-03-30 00:00:00-04:00,0.5600000023841858,0.6000000238418579,0.5440000295639038,0.6000000238418579,603300,0.0,0.0
2023-03-31 00:00:00-04:00,0.6050000190734863,0.7400000095367432,0.5849999785423279,0.7229999899864197,1914100,0.0,0.0
2023-04-03 00:00:00-04:00,0.7099999785423279,0.7099999785423279,0.6349999904632568,0.6710000038146973,946000,0.0,0.0
2023-04-04 00:00:00-04:00,0.6800000071525574,0.7300000190734863,0.6510000228881836,0.6679999828338623,1189100,0.0,0.0
2023-04-05 00:00:00-04:00,0.6899999976158142,0.699999988079071,0.5580000281333923,0.5870000123977661,1193800,0.0,0.0
2023-04-06 00:00:00-04:00,0.6000000238418579,0.6320000290870667,0.5920000076293945,0.6039999723434448,468600,0.0,0.0
2023-04-10 00:00:00-04:00,0.6110000014305115,0.6150000095367432,0.5410000085830688,0.5759999752044678,983600,0.0,0.0
2023-04-11 00:00:00-04:00,0.5799999833106995,0.5979999899864197,0.550000011920929,0.550000011920929,546300,0.0,0.0
2023-04-12 00:00:00-04:00,0.5699999928474426,0.5789999961853027,0.5120000243186951,0.5239999890327454,674800,0.0,0.0
2023-04-13 00:00:00-04:00,0.5299999713897705,0.5350000262260437,0.5099999904632568,0.5149999856948853,913200,0.0,0.0
2023-04-14 00:00:00-04:00,0.5139999985694885,0.5149999856948853,0.4909999966621399,0.5,1168100,0.0,0.0
2023-04-17 00:00:00-04:00,0.5,0.5,0.4699999988079071,0.4909999966621399,926800,0.0,0.0
2023-04-18 00:00:00-04:00,0.5199999809265137,0.5680000185966492,0.503000020980835,0.5569999814033508,861800,0.0,0.0
2023-04-19 00:00:00-04:00,0.550000011920929,0.5699999928474426,0.5139999985694885,0.5490000247955322,781100,0.0,0.0
2023-04-20 00:00:00-04:00,0.5529999732971191,0.5529999732971191,0.5049999952316284,0.5120000243186951,409300,0.0,0.0
2023-04-21 00:00:00-04:00,0.5120000243186951,0.5130000114440918,0.47999998927116394,0.4950000047683716,494400,0.0,0.0
2023-04-24 00:00:00-04:00,0.5,0.5009999871253967,0.4699999988079071,0.47699999809265137,498200,0.0,0.0
2023-04-25 00:00:00-04:00,0.47999998927116394,0.47999998927116394,0.46799999475479126,0.4690000116825104,320600,0.0,0.0
2023-04-26 00:00:00-04:00,0.47699999809265137,0.47699999809265137,0.44999998807907104,0.4519999921321869,473900,0.0,0.0
2023-04-27 00:00:00-04:00,0.44999998807907104,0.4650000035762787,0.4410000145435333,0.4480000138282776,457700,0.0,0.0
2023-04-28 00:00:00-04:00,0.44999998807907104,0.49000000953674316,0.4410000145435333,0.4699999988079071,715800,0.0,0.0
2023-05-01 00:00:00-04:00,0.49799999594688416,0.49799999594688416,0.41999998688697815,0.41999998688697815,762400,0.0,0.0
2023-05-02 00:00:00-04:00,0.4180000126361847,0.4189999997615814,0.4000000059604645,0.40299999713897705,644000,0.0,0.0
2023-05-03 00:00:00-04:00,0.4000000059604645,0.4099999964237213,0.36800000071525574,0.375,1327100,0.0,0.0
2023-05-04 00:00:00-04:00,0.36899998784065247,0.39500001072883606,0.36000001430511475,0.3889999985694885,632200,0.0,0.0
2023-05-05 00:00:00-04:00,0.382999986410141,0.42500001192092896,0.382999986410141,0.4090000092983246,473300,0.0,0.0
2023-05-08 00:00:00-04:00,0.4300000071525574,0.47200000286102295,0.41999998688697815,0.4519999921321869,750600,0.0,0.0
2023-05-09 00:00:00-04:00,0.4519999921321869,0.4659999907016754,0.4020000100135803,0.43799999356269836,600900,0.0,0.0
2023-05-10 00:00:00-04:00,0.44999998807907104,0.5189999938011169,0.4399999976158142,0.4869999885559082,1003500,0.0,0.0
2023-05-11 00:00:00-04:00,0.5199999809265137,0.5289999842643738,0.4699999988079071,0.5,974300,0.0,0.0
2023-05-12 00:00:00-04:00,0.49000000953674316,0.49000000953674316,0.4399999976158142,0.460999995470047,659100,0.0,0.0
2023-05-15 00:00:00-04:00,0.4650000035762787,0.5199999809265137,0.4650000035762787,0.5149999856948853,874600,0.0,0.0
2023-05-16 00:00:00-04:00,0.5149999856948853,0.5350000262260437,0.47999998927116394,0.5139999985694885,756900,0.0,0.0
2023-05-17 00:00:00-04:00,0.5210000276565552,0.5699999928474426,0.5,0.5329999923706055,1451800,0.0,0.0
2023-05-18 00:00:00-04:00,0.5400000214576721,0.6150000095367432,0.5270000100135803,0.5789999961853027,1491200,0.0,0.0
2023-05-19 00:00:00-04:00,0.6000000238418579,0.6000000238418579,0.5009999871253967,0.5070000290870667,1086200,0.0,0.0
2023-05-22 00:00:00-04:00,0.5210000276565552,0.75,0.5180000066757202,0.734000027179718,8676100,0.0,0.0
2023-05-23 00:00:00-04:00,0.7799999713897705,0.800000011920929,0.6710000038146973,0.7379999756813049,4386600,0.0,0.0
2023-05-24 00:00:00-04:00,0.7390000224113464,0.8379999995231628,0.6570000052452087,0.7699999809265137,5825800,0.0,0.0
2023-05-25 00:00:00-04:00,0.875,0.8849999904632568,0.7599999904632568,0.796999990940094,3130700,0.0,0.0
2023-05-26 00:00:00-04:00,0.8100000023841858,1.1100000143051147,0.7599999904632568,1.0700000524520874,5773500,0.0,0.0
2023-05-30 00:00:00-04:00,1.1200000047683716,1.159999966621399,0.8999999761581421,1.0299999713897705,5661500,0.0,0.0
2023-05-31 00:00:00-04:00,0.9829999804496765,1.0299999713897705,0.8999999761581421,0.9390000104904175,2400700,0.0,0.0
2023-06-01 00:00:00-04:00,0.906000018119812,1.0800000429153442,0.8500000238418579,0.9539999961853027,4862200,0.0,0.0
2023-06-02 00:00:00-04:00,1.0099999904632568,1.0099999904632568,0.8299999833106995,0.878000020980835,3409200,0.0,0.0
2023-06-05 00:00:00-04:00,0.8759999871253967,0.9490000009536743,0.7950000166893005,0.9120000004768372,2754900,0.0,0.0
2023-06-06 00:00:00-04:00,0.9139999747276306,1.2400000095367432,0.8740000128746033,1.100000023841858,7573500,0.0,0.0
2023-06-07 00:00:00-04:00,1.159999966621399,1.1799999475479126,0.9610000252723694,1.034999966621399,5831900,0.0,0.0
2023-06-08 00:00:00-04:00,1.0399999618530273,1.4900000095367432,1.0399999618530273,1.3799999952316284,15840900,0.0,0.0
2023-06-09 00:00:00-04:00,1.6100000143051147,1.649999976158142,1.2300000190734863,1.3300000429153442,12006700,0.0,0.0
2023-06-12 00:00:00-04:00,1.4600000381469727,1.4600000381469727,1.2200000286102295,1.25,6056500,0.0,0.0
2023-06-13 00:00:00-04:00,1.2699999809265137,1.350000023841858,1.1200000047683716,1.309999942779541,5988400,0.0,0.0
2023-06-14 00:00:00-04:00,1.2899999618530273,1.3300000429153442,1.149999976158142,1.215000033378601,3798600,0.0,0.0
2023-06-15 00:00:00-04:00,1.1799999475479126,1.2549999952316284,1.1699999570846558,1.2300000190734863,2528500,0.0,0.0
2023-06-16 00:00:00-04:00,1.2400000095367432,1.2400000095367432,1.090999960899353,1.1100000143051147,2874600,0.0,0.0
2023-06-20 00:00:00-04:00,1.1100000143051147,1.1799999475479126,1.0499999523162842,1.0850000381469727,2591600,0.0,0.0
2023-06-21 00:00:00-04:00,1.090000033378601,1.090000033378601,0.9610000252723694,0.9750000238418579,3886300,0.0,0.0
2023-06-22 00:00:00-04:00,0.9940000176429749,0.9990000128746033,0.8700000047683716,0.9800000190734863,3212200,0.0,0.0
2023-06-23 00:00:00-04:00,0.9610000252723694,1.0399999618530273,0.9100000262260437,0.9129999876022339,9441500,0.0,0.0
2023-06-26 00:00:00-04:00,0.9100000262260437,1.1299999952316284,0.9100000262260437,0.9950000047683716,4813400,0.0,0.0
2023-06-27 00:00:00-04:00,1.0399999618530273,1.1299999952316284,0.9900000095367432,1.0800000429153442,2649800,0.0,0.0
2023-06-28 00:00:00-04:00,1.1100000143051147,1.2699999809265137,1.0499999523162842,1.2400000095367432,7154700,0.0,0.0
2023-06-29 00:00:00-04:00,1.2999999523162842,1.3600000143051147,1.090000033378601,1.159999966621399,5595900,0.0,0.0
2023-06-30 00:00:00-04:00,1.2100000381469727,1.3200000524520874,1.1200000047683716,1.1749999523162842,4672700,0.0,0.0
2023-07-03 00:00:00-04:00,1.2300000190734863,1.3799999952316284,1.2100000381469727,1.340000033378601,3590300,0.0,0.0
2023-07-05 00:00:00-04:00,1.340000033378601,1.6679999828338623,1.309999942779541,1.590000033378601,9866800,0.0,0.0
2023-07-06 00:00:00-04:00,1.5800000429153442,1.6799999475479126,1.409999966621399,1.4700000286102295,7652500,0.0,0.0
2023-07-07 00:00:00-04:00,1.5099999904632568,1.600000023841858,1.309999942779541,1.3700000047683716,4993600,0.0,0.0
2023-07-10 00:00:00-04:00,1.399999976158142,1.4900000095367432,1.3600000143051147,1.4800000190734863,2783800,0.0,0.0
2023-07-11 00:00:00-04:00,1.5199999809265137,1.7730000019073486,1.4600000381469727,1.5299999713897705,6869100,0.0,0.0
2023-07-12 00:00:00-04:00,1.6399999856948853,1.75,1.5499999523162842,1.7400000095367432,5636300,0.0,0.0
2023-07-13 00:00:00-04:00,1.7699999809265137,2.0799999237060547,1.6799999475479126,2.0,9014900,0.0,0.0
2023-07-14 00:00:00-04:00,2.0,2.0399999618530273,1.75,1.7599999904632568,6191100,0.0,0.0
2023-07-17 00:00:00-04:00,1.7999999523162842,2.1500000953674316,1.7549999952316284,2.0999999046325684,6671100,0.0,0.0
2023-07-18 00:00:00-04:00,2.0999999046325684,2.4000000953674316,1.9450000524520874,2.2100000381469727,11052200,0.0,0.0
2023-07-19 00:00:00-04:00,2.3399999141693115,2.369999885559082,2.009999990463257,2.059999942779541,8016700,0.0,0.0
2023-07-20 00:00:00-04:00,1.9950000047683716,2.0450000762939453,1.8600000143051147,1.8899999856948853,5998800,0.0,0.0
2023-07-21 00:00:00-04:00,1.9800000190734863,2.049999952316284,1.6200000047683716,1.6399999856948853,6328400,0.0,0.0
2023-07-24 00:00:00-04:00,1.6699999570846558,1.7699999809265137,1.5800000429153442,1.7200000286102295,3714600,0.0,0.0
2023-07-25 00:00:00-04:00,1.7400000095367432,2.190000057220459,1.7300000190734863,2.109999895095825,10815700,0.0,0.0
2023-07-26 00:00:00-04:00,2.0799999237060547,2.119999885559082,1.9199999570846558,1.9700000286102295,7289700,0.0,0.0
2023-07-27 00:00:00-04:00,2.049999952316284,2.1500000953674316,1.8200000524520874,1.840000033378601,6909000,0.0,0.0
2023-07-28 00:00:00-04:00,1.9299999475479126,2.2899999618530273,1.8799999952316284,2.200000047683716,9226000,0.0,0.0
2023-07-31 00:00:00-04:00,2.299999952316284,2.5799999237060547,2.2200000286102295,2.490000009536743,11693800,0.0,0.0
2023-08-01 00:00:00-04:00,2.869999885559082,3.430000066757202,2.4200000762939453,3.25,27409000,0.0,0.0
2023-08-02 00:00:00-04:00,3.049999952316284,3.25,2.7799999713897705,2.990000009536743,12437500,0.0,0.0
2023-08-03 00:00:00-04:00,2.8499999046325684,3.25,2.680000066757202,2.7300000190734863,10065500,0.0,0.0
2023-08-04 00:00:00-04:00,2.7899999618530273,2.950000047683716,2.5,2.740000009536743,6998800,0.0,0.0
2023-08-07 00:00:00-04:00,2.7699999809265137,2.8450000286102295,2.190000057220459,2.319999933242798,8297000,0.0,0.0
2023-08-08 00:00:00-04:00,1.9800000190734863,2.069999933242798,1.7999999523162842,1.8700000047683716,9890700,0.0,0.0
2023-08-09 00:00:00-04:00,1.909999966621399,1.909999966621399,1.600000023841858,1.649999976158142,6794500,0.0,0.0
2023-08-10 00:00:00-04:00,1.7300000190734863,1.940000057220459,1.590000033378601,1.6399999856948853,7494800,0.0,0.0
2023-08-11 00:00:00-04:00,1.909999966621399,2.75,1.8700000047683716,2.2799999713897705,79866400,0.0,0.0
2023-08-14 00:00:00-04:00,2.319999933242798,2.859999895095825,2.2899999618530273,2.6700000762939453,26596100,0.0,0.0
2023-08-15 00:00:00-04:00,2.5999999046325684,2.5999999046325684,2.119999885559082,2.240000009536743,16936600,0.0,0.0
2023-08-16 00:00:00-04:00,2.2899999618530273,2.5,2.0199999809265137,2.0899999141693115,11280300,0.0,0.0
2023-08-17 00:00:00-04:00,2.049999952316284,2.0899999141693115,1.7999999523162842,1.9700000286102295,8882800,0.0,0.0
2023-08-18 00:00:00-04:00,1.8700000047683716,2.0899999141693115,1.809999942779541,2.059999942779541,6842200,0.0,0.0
2023-08-21 00:00:00-04:00,2.0399999618530273,2.075000047683716,1.8799999952316284,2.0199999809265137,6960200,0.0,0.0
2023-08-22 00:00:00-04:00,2.1500000953674316,2.1500000953674316,1.8700000047683716,1.9700000286102295,5735800,0.0,0.0
2023-08-23 00:00:00-04:00,1.909999966621399,2.0399999618530273,1.8899999856948853,1.9700000286102295,5855600,0.0,0.0
2023-08-24 00:00:00-04:00,2.069999933242798,2.0799999237060547,1.7400000095367432,1.809999942779541,6979200,0.0,0.0
2023-08-25 00:00:00-04:00,1.809999942779541,1.8300000429153442,1.6799999475479126,1.7400000095367432,4559700,0.0,0.0
2023-08-28 00:00:00-04:00,1.7599999904632568,1.9299999475479126,1.7100000381469727,1.8899999856948853,4775900,0.0,0.0
2023-08-29 00:00:00-04:00,1.8600000143051147,1.9600000381469727,1.7699999809265137,1.8600000143051147,6693800,0.0,0.0
2023-08-30 00:00:00-04:00,1.840000033378601,1.850000023841858,1.7510000467300415,1.7599999904632568,4106600,0.0,0.0
2023-08-31 00:00:00-04:00,1.75,1.8300000429153442,1.75,1.7999999523162842,3141800,0.0,0.0
2023-09-01 00:00:00-04:00,1.7999999523162842,1.8600000143051147,1.7599999904632568,1.840000033378601,2565400,0.0,0.0
2023-09-05 00:00:00-04:00,1.8200000524520874,2.130000114440918,1.7799999713897705,2.0299999713897705,8714700,0.0,0.0
2023-09-06 00:00:00-04:00,2.0399999618530273,2.2899999618530273,2.009999990463257,2.0799999237060547,9094300,0.0,0.0
2023-09-07 00:00:00-04:00,2.009999990463257,2.009999990463257,1.7699999809265137,1.9299999475479126,5686300,0.0,0.0
2023-09-08 00:00:00-04:00,1.940000057220459,2.0299999713897705,1.840000033378601,1.9800000190734863,4617900,0.0,0.0
2023-09-11 00:00:00-04:00,1.9800000190734863,2.128999948501587,1.9299999475479126,2.0299999713897705,5617400,0.0,0.0
2023-09-12 00:00:00-04:00,1.9900000095367432,2.200000047683716,1.8799999952316284,1.9500000476837158,6762900,0.0,0.0
2023-09-13 00:00:00-04:00,2.0,2.109999895095825,1.9450000524520874,2.0,3925000,0.0,0.0
2023-09-14 00:00:00-04:00,2.0399999618530273,2.069999933242798,1.899999976158142,1.9299999475479126,4078100,0.0,0.0
2023-09-15 00:00:00-04:00,1.9299999475479126,1.9600000381469727,1.8300000429153442,1.8600000143051147,4400700,0.0,0.0
2023-09-18 00:00:00-04:00,1.850000023841858,1.850000023841858,1.7000000476837158,1.7799999713897705,4928400,0.0,0.0
2023-09-19 00:00:00-04:00,1.8600000143051147,1.8799999952316284,1.7699999809265137,1.7899999618530273,3660800,0.0,0.0
2023-09-20 00:00:00-04:00,1.809999942779541,1.8799999952316284,1.7300000190734863,1.7400000095367432,2279600,0.0,0.0
2023-09-21 00:00:00-04:00,1.6399999856948853,1.6699999570846558,1.5499999523162842,1.600000023841858,3467200,0.0,0.0
2023-09-22 00:00:00-04:00,1.600000023841858,1.7050000429153442,1.5299999713897705,1.5700000524520874,2406900,0.0,0.0
2023-09-25 00:00:00-04:00,1.5,1.5299999713897705,1.3899999856948853,1.4600000381469727,3870200,0.0,0.0
2023-09-26 00:00:00-04:00,1.399999976158142,1.4900000095367432,1.3600000143051147,1.3799999952316284,3198900,0.0,0.0
2023-09-27 00:00:00-04:00,1.3899999856948853,1.4700000286102295,1.3799999952316284,1.4199999570846558,4020800,0.0,0.0
2023-09-28 00:00:00-04:00,1.399999976158142,1.4199999570846558,1.2699999809265137,1.309999942779541,5114400,0.0,0.0
2023-09-29 00:00:00-04:00,1.3200000524520874,1.3799999952316284,1.2899999618530273,1.3300000429153442,2682400,0.0,0.0
2023-10-02 00:00:00-04:00,1.309999942779541,1.3799999952316284,1.25,1.2899999618530273,2383500,0.0,0.0
2023-10-03 00:00:00-04:00,1.2799999713897705,1.2799999713897705,1.1699999570846558,1.190000057220459,3570000,0.0,0.0
2023-10-04 00:00:00-04:00,1.1699999570846558,1.2799999713897705,1.1699999570846558,1.2599999904632568,2970500,0.0,0.0
2023-10-05 00:00:00-04:00,1.25,1.2649999856948853,1.2000000476837158,1.2100000381469727,1410800,0.0,0.0
2023-10-06 00:00:00-04:00,1.2100000381469727,1.4299999475479126,1.1699999570846558,1.399999976158142,3479000,0.0,0.0
2023-10-09 00:00:00-04:00,1.350000023841858,1.3799999952316284,1.2949999570846558,1.3600000143051147,1739300,0.0,0.0
2023-10-10 00:00:00-04:00,1.340000033378601,1.600000023841858,1.340000033378601,1.5299999713897705,3955400,0.0,0.0
2023-10-11 00:00:00-04:00,1.6399999856948853,1.6549999713897705,1.4800000190734863,1.5099999904632568,3581700,0.0,0.0
2023-10-12 00:00:00-04:00,1.5199999809265137,1.590000033378601,1.4500000476837158,1.4800000190734863,2632200,0.0,0.0
2023-10-13 00:00:00-04:00,1.5099999904632568,1.5099999904632568,1.3700000047683716,1.399999976158142,2497400,0.0,0.0
2023-10-16 00:00:00-04:00,1.409999966621399,1.440000057220459,1.3200000524520874,1.409999966621399,1510100,0.0,0.0
2023-10-17 00:00:00-04:00,1.340000033378601,1.4600000381469727,1.309999942779541,1.4299999475479126,1440500,0.0,0.0
2023-10-18 00:00:00-04:00,1.409999966621399,1.409999966621399,1.309999942779541,1.350000023841858,1586600,0.0,0.0
2023-10-19 00:00:00-04:00,1.3600000143051147,1.3700000047683716,1.2300000190734863,1.2599999904632568,2184600,0.0,0.0
2023-10-20 00:00:00-04:00,1.2599999904632568,1.2799999713897705,1.1799999475479126,1.2000000476837158,1330400,0.0,0.0
2023-10-23 00:00:00-04:00,1.1799999475479126,1.2000000476837158,1.090000033378601,1.159999966621399,1936600,0.0,0.0
2023-10-24 00:00:00-04:00,1.2000000476837158,1.3300000429153442,1.190000057220459,1.2999999523162842,3026100,0.0,0.0
2023-10-25 00:00:00-04:00,1.309999942779541,1.309999942779541,1.159999966621399,1.190000057220459,1684500,0.0,0.0
2023-10-26 00:00:00-04:00,1.159999966621399,1.2200000286102295,1.1299999952316284,1.1699999570846558,1500900,0.0,0.0
2023-10-27 00:00:00-04:00,1.190000057220459,1.2000000476837158,1.100000023841858,1.1200000047683716,1699600,0.0,0.0
2023-10-30 00:00:00-04:00,1.1399999856948853,1.149999976158142,1.059999942779541,1.0800000429153442,1616800,0.0,0.0
2023-10-31 00:00:00-04:00,1.059999942779541,1.090000033378601,1.0399999618530273,1.059999942779541,1363500,0.0,0.0
2023-11-01 00:00:00-04:00,1.059999942779541,1.100000023841858,0.9900000095367432,1.0499999523162842,2634300,0.0,0.0
2023-11-02 00:00:00-04:00,1.0800000429153442,1.1699999570846558,1.0499999523162842,1.1399999856948853,3539400,0.0,0.0
2023-11-03 00:00:00-04:00,1.159999966621399,1.2300000190734863,1.1200000047683716,1.1699999570846558,3067100,0.0,0.0
2023-11-06 00:00:00-05:00,1.1699999570846558,1.190000057220459,1.0199999809265137,1.0399999618530273,3137600,0.0,0.0
2023-11-07 00:00:00-05:00,1.0499999523162842,1.100000023841858,1.0299999713897705,1.0399999618530273,1228300,0.0,0.0
2023-11-08 00:00:00-05:00,1.0700000524520874,1.0700000524520874,1.0099999904632568,1.0499999523162842,1496400,0.0,0.0
2023-11-09 00:00:00-05:00,1.0199999809265137,1.1399999856948853,1.0199999809265137,1.0499999523162842,2902600,0.0,0.0
2023-11-10 00:00:00-05:00,0.9399999976158142,1.0199999809265137,0.9079999923706055,0.9700000286102295,2692800,0.0,0.0
2023-11-13 00:00:00-05:00,0.9760000109672546,1.059999942779541,0.921999990940094,1.059999942779541,1416100,0.0,0.0
2023-11-14 00:00:00-05:00,1.149999976158142,1.2000000476837158,1.059999942779541,1.190000057220459,3786300,0.0,0.0
2023-11-15 00:00:00-05:00,1.2200000286102295,1.2400000095367432,1.090000033378601,1.1699999570846558,2803300,0.0,0.0
2023-11-16 00:00:00-05:00,1.159999966621399,1.159999966621399,1.0499999523162842,1.0800000429153442,2108900,0.0,0.0
2023-11-17 00:00:00-05:00,1.090000033378601,1.1200000047683716,1.0499999523162842,1.100000023841858,1050200,0.0,0.0
2023-11-20 00:00:00-05:00,1.1100000143051147,1.1699999570846558,1.0299999713897705,1.0499999523162842,2499500,0.0,0.0
2023-11-21 00:00:00-05:00,1.0499999523162842,1.0499999523162842,0.9800000190734863,1.0199999809265137,1938700,0.0,0.0
2023-11-22 00:00:00-05:00,1.0299999713897705,1.100000023841858,1.0299999713897705,1.0499999523162842,1673800,0.0,0.0
2023-11-24 00:00:00-05:00,1.0399999618530273,1.090000033378601,1.0399999618530273,1.0499999523162842,518500,0.0,0.0
2023-11-27 00:00:00-05:00,1.0700000524520874,1.159999966621399,1.0149999856948853,1.0499999523162842,4256900,0.0,0.0
2023-11-28 00:00:00-05:00,1.100000023841858,1.100000023841858,1.0199999809265137,1.0800000429153442,1615600,0.0,0.0
2023-11-29 00:00:00-05:00,1.090000033378601,1.1799999475479126,1.0499999523162842,1.059999942779541,2690300,0.0,0.0
2023-11-30 00:00:00-05:00,1.0800000429153442,1.090000033378601,1.0499999523162842,1.059999942779541,1285500,0.0,0.0
2023-12-01 00:00:00-05:00,1.0800000429153442,1.2000000476837158,1.034999966621399,1.2000000476837158,4364200,0.0,0.0
2023-12-04 00:00:00-05:00,1.2100000381469727,1.2200000286102295,1.100000023841858,1.159999966621399,3436400,0.0,0.0
2023-12-05 00:00:00-05:00,1.149999976158142,1.1699999570846558,1.0399999618530273,1.059999942779541,2677800,0.0,0.0
2023-12-06 00:00:00-05:00,1.090000033378601,1.090000033378601,1.0499999523162842,1.059999942779541,2428300,0.0,0.0
2023-12-07 00:00:00-05:00,1.090000033378601,1.100000023841858,1.0299999713897705,1.0499999523162842,1787600,0.0,0.0
2023-12-08 00:00:00-05:00,1.0399999618530273,1.0800000429153442,1.0099999904632568,1.0399999618530273,2255800,0.0,0.0
2023-12-11 00:00:00-05:00,1.059999942779541,1.090000033378601,1.0099999904632568,1.0199999809265137,2267500,0.0,0.0
2023-12-12 00:00:00-05:00,1.0099999904632568,1.0399999618530273,0.9599999785423279,0.9959999918937683,2635700,0.0,0.0
2023-12-13 00:00:00-05:00,1.0,1.0199999809265137,0.9200000166893005,0.9819999933242798,2758000,0.0,0.0
2023-12-14 00:00:00-05:00,1.0099999904632568,1.0800000429153442,1.0,1.0099999904632568,3346500,0.0,0.0
2023-12-15 00:00:00-05:00,1.0299999713897705,1.0700000524520874,1.024999976158142,1.0700000524520874,2815700,0.0,0.0
2023-12-18 00:00:00-05:00,1.0700000524520874,1.149999976158142,1.034999966621399,1.100000023841858,3363900,0.0,0.0
2023-12-19 00:00:00-05:00,1.1299999952316284,1.149999976158142,1.0499999523162842,1.059999942779541,2808500,0.0,0.0
2023-12-20 00:00:00-05:00,1.059999942779541,1.090000033378601,1.0,1.0199999809265137,2372500,0.0,0.0
2023-12-21 00:00:00-05:00,1.0299999713897705,1.0399999618530273,0.9850000143051147,1.0199999809265137,1913400,0.0,0.0
2023-12-22 00:00:00-05:00,1.0099999904632568,1.0299999713897705,0.9919999837875366,0.9940000176429749,1397700,0.0,0.0
2023-12-26 00:00:00-05:00,1.0499999523162842,1.090000033378601,1.0099999904632568,1.0499999523162842,2499400,0.0,0.0
2023-12-27 00:00:00-05:00,1.059999942779541,1.0889999866485596,1.0099999904632568,1.0199999809265137,1597400,0.0,0.0
2023-12-28 00:00:00-05:00,1.0,1.0499999523162842,1.0,1.0199999809265137,1356200,0.0,0.0
2023-12-29 00:00:00-05:00,1.0299999713897705,1.0399999618530273,0.9750000238418579,0.9850000143051147,2201100,0.0,0.0
2024-01-02 00:00:00-05:00,1.0,1.0,0.9129999876022339,0.9240000247955322,2911100,0.0,0.0
2024-01-03 00:00:00-05:00,0.9369999766349792,0.9750000238418579,0.9039999842643738,0.968999981880188,2896000,0.0,0.0
2024-01-04 00:00:00-05:00,0.9900000095367432,1.0499999523162842,0.9700000286102295,1.0199999809265137,2152800,0.0,0.0
2024-01-05 00:00:00-05:00,1.0299999713897705,1.0399999618530273,0.9909999966621399,1.0099999904632568,1040300,0.0,0.0
2024-01-08 00:00:00-05:00,1.0299999713897705,1.2000000476837158,1.0199999809265137,1.1399999856948853,4404000,0.0,0.0
2024-01-09 00:00:00-05:00,1.1200000047683716,1.2300000190734863,1.0700000524520874,1.1799999475479126,5220000,0.0,0.0
2024-01-10 00:00:00-05:00,1.1799999475479126,1.1799999475479126,1.100000023841858,1.1299999952316284,1967000,0.0,0.0
2024-01-11 00:00:00-05:00,1.100000023841858,1.1490000486373901,1.0499999523162842,1.0700000524520874,2424000,0.0,0.0
2024-01-12 00:00:00-05:00,1.059999942779541,1.1200000047683716,1.0,1.0199999809265137,2024300,0.0,0.0
2024-01-16 00:00:00-05:00,1.0199999809265137,1.0390000343322754,0.9850000143051147,1.0099999904632568,1479700,0.0,0.0
2024-01-17 00:00:00-05:00,0.9850000143051147,0.9990000128746033,0.949999988079071,0.9660000205039978,1478800,0.0,0.0
2024-01-18 00:00:00-05:00,0.9900000095367432,1.0199999809265137,0.9549999833106995,0.9670000076293945,1132500,0.0,0.0
2024-01-19 00:00:00-05:00,0.9800000190734863,1.0399999618530273,0.9559999704360962,1.0099999904632568,1367300,0.0,0.0
2024-01-22 00:00:00-05:00,1.0299999713897705,1.100000023841858,1.0099999904632568,1.100000023841858,2507300,0.0,0.0
2024-01-23 00:00:00-05:00,1.100000023841858,1.1399999856948853,1.0800000429153442,1.1100000143051147,1826700,0.0,0.0
2024-01-24 00:00:00-05:00,1.1200000047683716,1.149999976158142,1.0750000476837158,1.090000033378601,1670400,0.0,0.0
2024-01-25 00:00:00-05:00,1.090000033378601,1.149999976158142,1.0230000019073486,1.0399999618530273,2772800,0.0,0.0
2024-01-26 00:00:00-05:00,1.0299999713897705,1.1100000143051147,1.0199999809265137,1.090000033378601,1939700,0.0,0.0
2024-01-29 00:00:00-05:00,1.100000023841858,1.1399999856948853,1.0399999618530273,1.1100000143051147,2507300,0.0,0.0
2024-01-30 00:00:00-05:00,1.1200000047683716,1.309999942779541,1.100000023841858,1.2400000095367432,10066500,0.0,0.0
2024-01-31 00:00:00-05:00,1.190000057220459,1.399999976158142,1.190000057220459,1.2400000095367432,8211100,0.0,0.0
2024-02-01 00:00:00-05:00,1.2799999713897705,1.3700000047683716,1.2000000476837158,1.3200000524520874,5762800,0.0,0.0
2024-02-02 00:00:00-05:00,1.3200000524520874,1.3300000429153442,1.2200000286102295,1.2699999809265137,3007600,0.0,0.0
2024-02-05 00:00:00-05:00,1.2899999618530273,1.2999999523162842,1.1399999856948853,1.1799999475479126,4145200,0.0,0.0
2024-02-06 00:00:00-05:00,1.2100000381469727,1.25,1.190000057220459,1.2400000095367432,2133600,0.0,0.0
2024-02-07 00:00:00-05:00,1.2699999809265137,1.2699999809265137,1.1100000143051147,1.1349999904632568,3464200,0.0,0.0
2024-02-08 00:00:00-05:00,1.149999976158142,1.1799999475479126,1.1299999952316284,1.159999966621399,2012000,0.0,0.0
2024-02-09 00:00:00-05:00,1.1799999475479126,1.2699999809265137,1.1610000133514404,1.25,5831900,0.0,0.0
2024-02-12 00:00:00-05:00,1.2999999523162842,1.5299999713897705,1.2649999856948853,1.3899999856948853,14996400,0.0,0.0
2024-02-13 00:00:00-05:00,1.340000033378601,1.340000033378601,1.184999942779541,1.2100000381469727,8930600,0.0,0.0
2024-02-14 00:00:00-05:00,1.2799999713897705,1.399999976158142,1.2400000095367432,1.2999999523162842,14044600,0.0,0.0
2024-02-15 00:00:00-05:00,1.4700000286102295,1.5149999856948853,1.2000000476837158,1.5,22036000,0.0,0.0
2024-02-16 00:00:00-05:00,1.5499999523162842,1.7400000095367432,1.4800000190734863,1.690000057220459,19247600,0.0,0.0
2024-02-20 00:00:00-05:00,1.8300000429153442,1.8300000429153442,1.5199999809265137,1.6399999856948853,12448900,0.0,0.0
2024-02-21 00:00:00-05:00,1.5399999618530273,1.5700000524520874,1.4500000476837158,1.5199999809265137,5955900,0.0,0.0
2024-02-22 00:00:00-05:00,1.6299999952316284,1.7000000476837158,1.5800000429153442,1.600000023841858,7239700,0.0,0.0
2024-02-23 00:00:00-05:00,1.6200000047683716,1.6299999952316284,1.4700000286102295,1.5800000429153442,6235000,0.0,0.0
2024-02-26 00:00:00-05:00,1.5700000524520874,1.8899999856948853,1.555999994277954,1.8600000143051147,10862500,0.0,0.0
2024-02-27 00:00:00-05:00,1.8899999856948853,1.9700000286102295,1.75,1.8300000429153442,6968700,0.0,0.0
2024-02-28 00:00:00-05:00,1.8200000524520874,2.190000057220459,1.7799999713897705,2.009999990463257,13669800,0.0,0.0
2024-02-29 00:00:00-05:00,2.069999933242798,2.2100000381469727,1.8250000476837158,1.8799999952316284,10642300,0.0,0.0
2024-03-01 00:00:00-05:00,1.9800000190734863,1.9900000095367432,1.7200000286102295,1.8600000143051147,9230500,0.0,0.0
2024-03-04 00:00:00-05:00,1.9199999570846558,1.9800000190734863,1.659999966621399,1.690000057220459,9336900,0.0,0.0
2024-03-05 00:00:00-05:00,1.600000023841858,1.659999966621399,1.5199999809265137,1.5700000524520874,5677600,0.0,0.0
2024-03-06 00:00:00-05:00,1.6399999856948853,1.840000033378601,1.6299999952316284,1.7799999713897705,6735900,0.0,0.0
2024-03-07 00:00:00-05:00,1.8300000429153442,2.119999885559082,1.7899999618530273,2.0799999237060547,13293200,0.0,0.0
2024-03-08 00:00:00-05:00,2.0799999237060547,2.359999895095825,1.909999966621399,1.9800000190734863,16560100,0.0,0.0
2024-03-11 00:00:00-04:00,2.049999952316284,2.130000114440918,1.850000023841858,1.8600000143051147,8240000,0.0,0.0
2024-03-12 00:00:00-04:00,1.9600000381469727,2.2200000286102295,1.8600000143051147,2.2100000381469727,15306000,0.0,0.0
2024-03-13 00:00:00-04:00,2.2200000286102295,2.2699999809265137,2.0,2.0399999618530273,11703200,0.0,0.0
2024-03-14 00:00:00-04:00,2.0999999046325684,2.130000114440918,1.940000057220459,1.9800000190734863,10442600,0.0,0.0
2024-03-15 00:00:00-04:00,1.7999999523162842,2.049999952316284,1.7799999713897705,1.965000033378601,6923300,0.0,0.0
2024-03-18 00:00:00-04:00,2.0399999618530273,2.059999942779541,1.940000057220459,2.0299999713897705,6489900,0.0,0.0
2024-03-19 00:00:00-04:00,1.9700000286102295,1.9800000190734863,1.7200000286102295,1.75,12160500,0.0,0.0
2024-03-20 00:00:00-04:00,1.7899999618530273,1.7999999523162842,1.6399999856948853,1.7100000381469727,8733600,0.0,0.0
2024-03-21 00:00:00-04:00,1.7999999523162842,1.8200000524520874,1.6699999570846558,1.690000057220459,6144500,0.0,0.0
2024-03-22 00:00:00-04:00,1.7000000476837158,1.7300000190734863,1.6100000143051147,1.6299999952316284,5514800,0.0,0.0
2024-03-25 00:00:00-04:00,1.6100000143051147,1.7200000286102295,1.590000033378601,1.6399999856948853,6336800,0.0,0.0
2024-03-26 00:00:00-04:00,1.6699999570846558,1.6799999475479126,1.5099999904632568,1.5099999904632568,7307100,0.0,0.0
2024-03-27 00:00:00-04:00,1.5199999809265137,1.5800000429153442,1.440000057220459,1.5399999618530273,7469900,0.0,0.0
2024-03-28 00:00:00-04:00,1.5199999809265137,1.5750000476837158,1.4900000095367432,1.5299999713897705,4152600,0.0,0.0
2024-04-01 00:00:00-04:00,1.590000033378601,1.590000033378601,1.440000057220459,1.4600000381469727,6086600,0.0,0.0
2024-04-02 00:00:00-04:00,1.3899999856948853,1.5,1.3300000429153442,1.3700000047683716,6587300,0.0,0.0
2024-04-03 00:00:00-04:00,1.3849999904632568,1.4299999475479126,1.350000023841858,1.399999976158142,4651900,0.0,0.0
2024-04-04 00:00:00-04:00,1.4500000476837158,1.4900000095367432,1.3600000143051147,1.3899999856948853,5435900,0.0,0.0
2024-04-05 00:00:00-04:00,1.350000023841858,1.3799999952316284,1.309999942779541,1.340000033378601,4262900,0.0,0.0
2024-04-08 00:00:00-04:00,1.3600000143051147,1.4199999570846558,1.2999999523162842,1.3600000143051147,4445400,0.0,0.0
2024-04-09 00:00:00-04:00,1.3600000143051147,1.4199999570846558,1.309999942779541,1.350000023841858,2452500,0.0,0.0
2024-04-10 00:00:00-04:00,1.2999999523162842,1.3350000381469727,1.25,1.2599999904632568,4409000,0.0,0.0
2024-04-11 00:00:00-04:00,1.25,1.2899999618530273,1.1399999856948853,1.25,5766700,0.0,0.0
2024-04-12 00:00:00-04:00,1.25,1.25,1.159999966621399,1.1799999475479126,3459900,0.0,0.0
2024-04-15 00:00:00-04:00,1.1799999475479126,1.1799999475479126,1.059999942779541,1.0800000429153442,4825200,0.0,0.0
2024-04-16 00:00:00-04:00,1.100000023841858,1.2899999618530273,1.090000033378601,1.2100000381469727,7033900,0.0,0.0
2024-04-17 00:00:00-04:00,1.2400000095367432,1.315000057220459,1.159999966621399,1.1799999475479126,5570100,0.0,0.0
2024-04-18 00:00:00-04:00,1.190000057220459,1.2549999952316284,1.159999966621399,1.1699999570846558,2605600,0.0,0.0
2024-04-19 00:00:00-04:00,1.059999942779541,1.1549999713897705,1.059999942779541,1.100000023841858,3651200,0.0,0.0
2024-04-22 00:00:00-04:00,1.2000000476837158,1.2000000476837158,1.0800000429153442,1.1299999952316284,5062000,0.0,0.0
2024-04-23 00:00:00-04:00,1.1299999952316284,1.2699999809265137,1.1299999952316284,1.190000057220459,5933700,0.0,0.0
2024-04-24 00:00:00-04:00,1.2200000286102295,1.2599999904632568,1.125,1.149999976158142,3044700,0.0,0.0
2024-04-25 00:00:00-04:00,1.1399999856948853,1.1699999570846558,1.100000023841858,1.1699999570846558,2653300,0.0,0.0
2024-04-26 00:00:00-04:00,1.1799999475479126,1.274999976158142,1.1799999475479126,1.2699999809265137,3714900,0.0,0.0
2024-04-29 00:00:00-04:00,1.2999999523162842,1.399999976158142,1.2899999618530273,1.340000033378601,5159200,0.0,0.0
2024-04-30 00:00:00-04:00,1.3200000524520874,1.3600000143051147,1.2599999904632568,1.2799999713897705,2937300,0.0,0.0
2024-05-01 00:00:00-04:00,1.2400000095367432,1.399999976158142,1.225000023841858,1.309999942779541,3823700,0.0,0.0
2024-05-02 00:00:00-04:00,1.350000023841858,1.3700000047683716,1.2799999713897705,1.309999942779541,1990800,0.0,0.0
2024-05-03 00:00:00-04:00,1.3799999952316284,1.4299999475479126,1.340000033378601,1.399999976158142,2991900,0.0,0.0
2024-05-06 00:00:00-04:00,1.4199999570846558,1.4500000476837158,1.3200000524520874,1.3899999856948853,4095500,0.0,0.0
2024-05-07 00:00:00-04:00,1.3799999952316284,1.3799999952316284,1.2799999713897705,1.2899999618530273,2497200,0.0,0.0
2024-05-08 00:00:00-04:00,1.309999942779541,1.3200000524520874,1.2400000095367432,1.25,2648800,0.0,0.0
2024-05-09 00:00:00-04:00,1.2999999523162842,1.340000033378601,1.2599999904632568,1.2799999713897705,3050200,0.0,0.0
2024-05-10 00:00:00-04:00,1.2200000286102295,1.2549999952316284,1.149999976158142,1.159999966621399,3729000,0.0,0.0
2024-05-13 00:00:00-04:00,1.2000000476837158,1.350000023841858,1.190000057220459,1.2699999809265137,5054800,0.0,0.0
2024-05-14 00:00:00-04:00,1.2699999809265137,1.350000023841858,1.25,1.3200000524520874,3392200,0.0,0.0
2024-05-15 00:00:00-04:00,1.350000023841858,1.350000023841858,1.2100000381469727,1.2200000286102295,4197900,0.0,0.0
2024-05-16 00:00:00-04:00,1.2200000286102295,1.2300000190734863,1.1399999856948853,1.149999976158142,4537500,0.0,0.0
2024-05-17 00:00:00-04:00,1.159999966621399,1.1799999475479126,1.1100000143051147,1.149999976158142,3139900,0.0,0.0
2024-05-20 00:00:00-04:00,1.149999976158142,1.1699999570846558,1.100000023841858,1.1299999952316284,2712800,0.0,0.0
2024-05-21 00:00:00-04:00,1.1150000095367432,1.1299999952316284,1.059999942779541,1.100000023841858,3587000,0.0,0.0
2024-05-22 00:00:00-04:00,1.1299999952316284,1.1299999952316284,1.059999942779541,1.0700000524520874,2871100,0.0,0.0
2024-05-23 00:00:00-04:00,1.1699999570846558,1.2400000095367432,1.0499999523162842,1.059999942779541,4459900,0.0,0.0
2024-05-24 00:00:00-04:00,1.0800000429153442,1.1100000143051147,1.0399999618530273,1.0700000524520874,3143300,0.0,0.0
2024-05-28 00:00:00-04:00,1.0800000429153442,1.090000033378601,1.0099999904632568,1.0499999523162842,4305200,0.0,0.0
2024-05-29 00:00:00-04:00,1.0700000524520874,1.1200000047683716,1.0399999618530273,1.059999942779541,6412700,0.0,0.0
2024-05-30 00:00:00-04:00,1.100000023841858,1.1200000047683716,1.0399999618530273,1.0499999523162842,3534800,0.0,0.0
2024-05-31 00:00:00-04:00,1.059999942779541,1.1100000143051147,1.0299999713897705,1.0499999523162842,4421600,0.0,0.0
2024-06-03 00:00:00-04:00,1.0700000524520874,1.090000033378601,1.0099999904632568,1.0299999713897705,2940100,0.0,0.0
2024-06-04 00:00:00-04:00,1.0299999713897705,1.0399999618530273,1.0,1.0199999809265137,3349300,0.0,0.0
2024-06-05 00:00:00-04:00,1.0199999809265137,1.0700000524520874,0.9800000190734863,1.0499999523162842,4473600,0.0,0.0
2024-06-06 00:00:00-04:00,1.0299999713897705,1.059999942779541,1.0199999809265137,1.0499999523162842,1761200,0.0,0.0
2024-06-07 00:00:00-04:00,1.0399999618530273,1.0700000524520874,1.0,1.0199999809265137,2053400,0.0,0.0
2024-06-10 00:00:00-04:00,1.0,1.059999942779541,1.0,1.0299999713897705,2085200,0.0,0.0
2024-06-11 00:00:00-04:00,1.0399999618530273,1.0549999475479126,1.0199999809265137,1.0499999523162842,1507200,0.0,0.0
2024-06-12 00:00:00-04:00,1.059999942779541,1.0800000429153442,1.0,1.0199999809265137,3429700,0.0,0.0
2024-06-13 00:00:00-04:00,1.0199999809265137,1.0399999618530273,1.0,1.0199999809265137,2058300,0.0,0.0
2024-06-14 00:00:00-04:00,1.0099999904632568,1.0199999809265137,0.9800000190734863,0.9860000014305115,2537200,0.0,0.0
2024-06-17 00:00:00-04:00,1.0,1.059999942779541,0.9810000061988831,1.0399999618530273,4237900,0.0,0.0
2024-06-18 00:00:00-04:00,1.0199999809265137,1.0399999618530273,0.9800000190734863,0.9800000190734863,2263900,0.0,0.0
2024-06-20 00:00:00-04:00,0.9660000205039978,0.9819999933242798,0.8799999952316284,0.8799999952316284,8833000,0.0,0.0
2024-06-21 00:00:00-04:00,0.8949999809265137,0.9750000238418579,0.8889999985694885,0.953000009059906,6602000,0.0,0.0
2024-06-24 00:00:00-04:00,0.949999988079071,1.0099999904632568,0.949999988079071,0.9639999866485596,3222800,0.0,0.0
2024-06-25 00:00:00-04:00,0.9789999723434448,0.9789999723434448,0.890999972820282,0.8970000147819519,4062300,0.0,0.0
2024-06-26 00:00:00-04:00,0.902999997138977,0.9369999766349792,0.890999972820282,0.906000018119812,3979600,0.0,0.0
2024-06-27 00:00:00-04:00,0.9169999957084656,1.059999942779541,0.9070000052452087,1.0499999523162842,7436700,0.0,0.0
2024-06-28 00:00:00-04:00,1.0700000524520874,1.100000023841858,1.0099999904632568,1.0700000524520874,22248500,0.0,0.0
2024-07-01 00:00:00-04:00,1.0800000429153442,1.0800000429153442,0.9729999899864197,0.9990000128746033,4637500,0.0,0.0
2024-07-02 00:00:00-04:00,0.9869999885559082,1.0199999809265137,0.9240000247955322,0.9490000009536743,3565600,0.0,0.0
2024-07-03 00:00:00-04:00,0.949999988079071,0.9760000109672546,0.9300000071525574,0.9599999785423279,2026100,0.0,0.0
2024-07-05 00:00:00-04:00,0.9599999785423279,1.0199999809265137,0.9459999799728394,0.9919999837875366,3065800,0.0,0.0
2024-07-08 00:00:00-04:00,1.0,1.059999942779541,1.0,1.0399999618530273,4371300,0.0,0.0
2024-07-09 00:00:00-04:00,1.059999942779541,1.059999942779541,0.9950000047683716,1.0399999618530273,2925800,0.0,0.0
2024-07-10 00:00:00-04:00,1.0399999618530273,1.399999976158142,1.0099999904632568,1.0800000429153442,34629500,0.0,0.0
2024-07-11 00:00:00-04:00,1.1449999809265137,1.149999976158142,0.9919999837875366,1.0199999809265137,14938800,0.0,0.0
2024-07-12 00:00:00-04:00,1.0299999713897705,1.1100000143051147,1.0299999713897705,1.0800000429153442,8317700,0.0,0.0
2024-07-15 00:00:00-04:00,1.090000033378601,1.2300000190734863,1.090000033378601,1.190000057220459,10114000,0.0,0.0
2024-07-16 00:00:00-04:00,1.190000057220459,1.2899999618530273,1.1299999952316284,1.2799999713897705,7465800,0.0,0.0
2024-07-17 00:00:00-04:00,1.25,1.2799999713897705,1.1399999856948853,1.1699999570846558,7611500,0.0,0.0
2024-07-18 00:00:00-04:00,1.2000000476837158,1.2100000381469727,1.0700000524520874,1.090000033378601,4618900,0.0,0.0
2024-07-19 00:00:00-04:00,1.090000033378601,1.090000033378601,1.0299999713897705,1.0399999618530273,3794800,0.0,0.0
2024-07-22 00:00:00-04:00,1.0700000524520874,1.0800000429153442,1.0099999904632568,1.0499999523162842,3791500,0.0,0.0
2024-07-23 00:00:00-04:00,1.0399999618530273,1.1200000047683716,1.034999966621399,1.1200000047683716,3220500,0.0,0.0
2024-07-24 00:00:00-04:00,1.100000023841858,1.125,1.0199999809265137,1.0199999809265137,3054000,0.0,0.0
2024-07-25 00:00:00-04:00,1.0399999618530273,1.100000023841858,1.0099999904632568,1.0399999618530273,4099100,0.0,0.0
2024-07-26 00:00:00-04:00,1.059999942779541,1.0700000524520874,1.0099999904632568,1.0700000524520874,3081800,0.0,0.0
2024-07-29 00:00:00-04:00,1.0700000524520874,1.100000023841858,1.0199999809265137,1.0299999713897705,2232600,0.0,0.0
2024-07-30 00:00:00-04:00,1.0199999809265137,1.0499999523162842,0.984000027179718,0.9900000095367432,6757700,0.0,0.0
2024-07-31 00:00:00-04:00,1.0,1.059999942779541,0.9950000047683716,1.0299999713897705,2118900,0.0,0.0
2024-08-01 00:00:00-04:00,1.0299999713897705,1.0399999618530273,0.9350000023841858,0.9480000138282776,10585800,0.0,0.0
2024-08-02 00:00:00-04:00,0.9100000262260437,0.9259999990463257,0.8899999856948853,0.8970000147819519,6838200,0.0,0.0
2024-08-05 00:00:00-04:00,0.765999972820282,0.8370000123977661,0.75,0.7960000038146973,7642900,0.0,0.0
2024-08-06 00:00:00-04:00,0.8600000143051147,0.8960000276565552,0.8109999895095825,0.8460000157356262,3900400,0.0,0.0
2024-08-07 00:00:00-04:00,0.8700000047683716,0.8999999761581421,0.777999997138977,0.777999997138977,3424700,0.0,0.0
2024-08-08 00:00:00-04:00,0.7979999780654907,0.8420000076293945,0.777999997138977,0.8309999704360962,3394500,0.0,0.0
2024-08-09 00:00:00-04:00,0.8199999928474426,0.8199999928474426,0.7559999823570251,0.7900000214576721,3497200,0.0,0.0
2024-08-12 00:00:00-04:00,0.8199999928474426,0.9169999957084656,0.8180000185966492,0.8539999723434448,4892600,0.0,0.0
2024-08-13 00:00:00-04:00,0.8799999952316284,0.9470000267028809,0.8700000047683716,0.8970000147819519,3106900,0.0,0.0
2024-08-14 00:00:00-04:00,0.9129999876022339,0.9200000166893005,0.8299999833106995,0.8410000205039978,2713900,0.0,0.0
2024-08-15 00:00:00-04:00,0.8579999804496765,0.9160000085830688,0.8560000061988831,0.8859999775886536,2738400,0.0,0.0
2024-08-16 00:00:00-04:00,0.8899999856948853,0.9160000085830688,0.8799999952316284,0.8980000019073486,3117200,0.0,0.0
2024-08-19 00:00:00-04:00,0.8999999761581421,0.9160000085830688,0.8600000143051147,0.8700000047683716,3309300,0.0,0.0
2024-08-20 00:00:00-04:00,0.8600000143051147,0.8730000257492065,0.8349999785423279,0.8360000252723694,2582200,0.0,0.0
2024-08-21 00:00:00-04:00,0.8450000286102295,0.9419999718666077,0.8420000076293945,0.9279999732971191,4491600,0.0,0.0
2024-08-22 00:00:00-04:00,0.9300000071525574,0.9449999928474426,0.8920000195503235,0.9070000052452087,1960600,0.0,0.0
2024-08-23 00:00:00-04:00,0.9089999794960022,0.9829999804496765,0.9079999923706055,0.9660000205039978,2763300,0.0,0.0
2024-08-26 00:00:00-04:00,0.949999988079071,0.9599999785423279,0.9380000233650208,0.9459999799728394,1432200,0.0,0.0
2024-08-27 00:00:00-04:00,0.9350000023841858,0.9399999976158142,0.8989999890327454,0.9100000262260437,1945500,0.0,0.0
2024-08-28 00:00:00-04:00,0.8999999761581421,0.9129999876022339,0.8429999947547913,0.8600000143051147,2836700,0.0,0.0
2024-08-29 00:00:00-04:00,0.8709999918937683,0.9169999957084656,0.8709999918937683,0.8809999823570251,2500400,0.0,0.0
2024-08-30 00:00:00-04:00,0.8920000195503235,0.9169999957084656,0.8619999885559082,0.9160000085830688,1854500,0.0,0.0
2024-09-03 00:00:00-04:00,0.9200000166893005,0.9200000166893005,0.8159999847412109,0.8309999704360962,2286600,0.0,0.0
2024-09-04 00:00:00-04:00,0.8240000009536743,0.8740000128746033,0.8199999928474426,0.8349999785423279,1558100,0.0,0.0
2024-09-05 00:00:00-04:00,0.8600000143051147,0.8600000143051147,0.800000011920929,0.800000011920929,2351300,0.0,0.0
2024-09-06 00:00:00-04:00,0.8100000023841858,0.8199999928474426,0.7400000095367432,0.7540000081062317,3834800,0.0,0.0
2024-09-09 00:00:00-04:00,0.7990000247955322,0.7990000247955322,0.6600000262260437,0.6880000233650208,7880200,0.0,0.0
2024-09-10 00:00:00-04:00,0.7120000123977661,0.7350000143051147,0.6729999780654907,0.734000027179718,4820300,0.0,0.0
2024-09-11 00:00:00-04:00,0.7200000286102295,0.8100000023841858,0.7200000286102295,0.8040000200271606,3269500,0.0,0.0
2024-09-12 00:00:00-04:00,0.8100000023841858,0.8349999785423279,0.7720000147819519,0.8199999928474426,1932600,0.0,0.0
2024-09-13 00:00:00-04:00,0.828000009059906,0.8619999885559082,0.824999988079071,0.8529999852180481,2703400,0.0,0.0
2024-09-16 00:00:00-04:00,0.8349999785423279,0.8399999737739563,0.7950000166893005,0.8220000267028809,3285900,0.0,0.0
2024-09-17 00:00:00-04:00,0.8299999833106995,0.8600000143051147,0.8109999895095825,0.8399999737739563,2036900,0.0,0.0
2024-09-18 00:00:00-04:00,0.843999981880188,0.8799999952316284,0.8199999928474426,0.8199999928474426,3923800,0.0,0.0
2024-09-19 00:00:00-04:00,0.8489999771118164,0.8560000061988831,0.8130000233650208,0.8149999976158142,2007900,0.0,0.0
2024-09-20 00:00:00-04:00,0.8109999895095825,0.8299999833106995,0.7940000295639038,0.7940000295639038,3690600,0.0,0.0
2024-09-23 00:00:00-04:00,0.7900000214576721,0.8059999942779541,0.7570000290870667,0.7649999856948853,2741900,0.0,0.0
2024-09-24 00:00:00-04:00,0.7720000147819519,0.7870000004768372,0.75,0.7599999904632568,2465900,0.0,0.0
2024-09-25 00:00:00-04:00,0.7670000195503235,0.7730000019073486,0.7099999785423279,0.7400000095367432,3637600,0.0,0.0
2024-09-26 00:00:00-04:00,0.746999979019165,0.7900000214576721,0.7350000143051147,0.777999997138977,2518600,0.0,0.0
2024-09-27 00:00:00-04:00,0.7889999747276306,0.847000002861023,0.75,0.8100000023841858,4479100,0.0,0.0
2024-09-30 00:00:00-04:00,0.8040000200271606,0.8299999833106995,0.7799999713897705,0.7829999923706055,1942900,0.0,0.0
2024-10-01 00:00:00-04:00,0.7889999747276306,0.7960000038146973,0.7450000047683716,0.753000020980835,1912600,0.0,0.0
2024-10-02 00:00:00-04:00,0.7599999904632568,0.7839999794960022,0.7319999933242798,0.7639999985694885,1559300,0.0,0.0
2024-10-03 00:00:00-04:00,0.75,0.765999972820282,0.7429999709129333,0.7480000257492065,1467000,0.0,0.0
2024-10-04 00:00:00-04:00,0.765999972820282,0.8100000023841858,0.7400000095367432,0.7850000262260437,1983500,0.0,0.0
2024-10-07 00:00:00-04:00,0.7799999713897705,0.8100000023841858,0.7699999809265137,0.7850000262260437,1600400,0.0,0.0
2024-10-08 00:00:00-04:00,0.7850000262260437,0.800000011920929,0.7710000276565552,0.7789999842643738,1798900,0.0,0.0
2024-10-09 00:00:00-04:00,0.7900000214576721,0.7910000085830688,0.75,0.765999972820282,2675200,0.0,0.0
2024-10-10 00:00:00-04:00,0.7570000290870667,0.7630000114440918,0.7250000238418579,0.7559999823570251,2077900,0.0,0.0
2024-10-11 00:00:00-04:00,0.7400000095367432,0.828000009059906,0.7400000095367432,0.8159999847412109,3076400,0.0,0.0
2024-10-14 00:00:00-04:00,0.8199999928474426,0.8489999771118164,0.8029999732971191,0.8420000076293945,2723800,0.0,0.0
2024-10-15 00:00:00-04:00,0.8389999866485596,0.8389999866485596,0.7910000085830688,0.8109999895095825,1576900,0.0,0.0
2024-10-16 00:00:00-04:00,0.8190000057220459,0.9599999785423279,0.8040000200271606,0.9200000166893005,8326200,0.0,0.0
2024-10-17 00:00:00-04:00,0.9399999976158142,0.9879999756813049,0.9100000262260437,0.9509999752044678,4990700,0.0,0.0
2024-10-18 00:00:00-04:00,0.9800000190734863,1.184999942779541,0.9760000109672546,1.1100000143051147,11659800,0.0,0.0
2024-10-21 00:00:00-04:00,1.1699999570846558,1.2999999523162842,1.090000033378601,1.2799999713897705,13311300,0.0,0.0
2024-10-22 00:00:00-04:00,1.2699999809265137,1.3300000429153442,1.149999976158142,1.2300000190734863,7908100,0.0,0.0
2024-10-23 00:00:00-04:00,1.190000057220459,1.3799999952316284,1.149999976158142,1.2100000381469727,10591500,0.0,0.0
2024-10-24 00:00:00-04:00,1.2999999523162842,1.3300000429153442,1.1799999475479126,1.2000000476837158,6136400,0.0,0.0
2024-10-25 00:00:00-04:00,1.2300000190734863,1.309999942779541,1.2000000476837158,1.2200000286102295,7768800,0.0,0.0
2024-10-28 00:00:00-04:00,1.2699999809265137,1.5399999618530273,1.25,1.5,15633300,0.0,0.0
2024-10-29 00:00:00-04:00,1.600000023841858,1.7300000190734863,1.399999976158142,1.4600000381469727,18426200,0.0,0.0
2024-10-30 00:00:00-04:00,1.3700000047683716,1.5049999952316284,1.3200000524520874,1.409999966621399,9146500,0.0,0.0
2024-10-31 00:00:00-04:00,1.409999966621399,1.4299999475479126,1.2400000095367432,1.3200000524520874,5494600,0.0,0.0
2024-11-01 00:00:00-04:00,1.2999999523162842,1.3489999771118164,1.2200000286102295,1.2300000190734863,4703500,0.0,0.0
2024-11-04 00:00:00-05:00,1.2100000381469727,1.2200000286102295,1.1200000047683716,1.1299999952316284,5250100,0.0,0.0
2024-11-05 00:00:00-05:00,1.1100000143051147,1.159999966621399,1.059999942779541,1.1200000047683716,4917400,0.0,0.0
2024-11-06 00:00:00-05:00,1.1799999475479126,1.25,1.1299999952316284,1.2000000476837158,6098200,0.0,0.0
2024-11-07 00:00:00-05:00,1.2200000286102295,1.4700000286102295,1.2100000381469727,1.4299999475479126,12541000,0.0,0.0
2024-11-08 00:00:00-05:00,1.399999976158142,1.6200000047683716,1.399999976158142,1.5099999904632568,16527400,0.0,0.0
2024-11-11 00:00:00-05:00,1.6649999618530273,1.690000057220459,1.399999976158142,1.5199999809265137,17031300,0.0,0.0
2024-11-12 00:00:00-05:00,1.309999942779541,1.5,1.25,1.4900000095367432,11405600,0.0,0.0
2024-11-13 00:00:00-05:00,1.5099999904632568,1.8899999856948853,1.4800000190734863,1.7000000476837158,23091500,0.0,0.0
2024-11-14 00:00:00-05:00,1.840000033378601,1.850000023841858,1.5299999713897705,1.5499999523162842,32824300,0.0,0.0
2024-11-15 00:00:00-05:00,1.600000023841858,1.6050000190734863,1.3799999952316284,1.409999966621399,15605200,0.0,0.0
2024-11-18 00:00:00-05:00,1.4900000095367432,1.4900000095367432,1.2799999713897705,1.2999999523162842,12727100,0.0,0.0
2024-11-19 00:00:00-05:00,1.3300000429153442,1.375,1.2899999618530273,1.309999942779541,11740300,0.0,0.0
2024-11-20 00:00:00-05:00,1.3799999952316284,1.4900000095367432,1.3200000524520874,1.350000023841858,15851400,0.0,0.0
2024-11-21 00:00:00-05:00,1.4800000190734863,1.5499999523162842,1.3700000047683716,1.4800000190734863,34339100,0.0,0.0
2024-11-22 00:00:00-05:00,1.690000057220459,1.850000023841858,1.5399999618530273,1.7400000095367432,96688100,0.0,0.0
2024-11-25 00:00:00-05:00,2.630000114440918,3.369999885559082,2.369999885559082,2.75,274215800,0.0,0.0
2024-11-26 00:00:00-05:00,2.380000114440918,2.680000066757202,2.0999999046325684,2.200000047683716,126719200,0.0,0.0
2024-11-27 00:00:00-05:00,2.450000047683716,2.5199999809265137,2.299999952316284,2.4000000953674316,62233600,0.0,0.0
2024-11-29 00:00:00-05:00,2.5199999809265137,3.109999895095825,2.4200000762939453,3.049999952316284,116979800,0.0,0.0
2024-12-02 00:00:00-05:00,3.5199999809265137,3.6600000858306885,2.8399999141693115,3.0199999809265137,134814900,0.0,0.0
2024-12-03 00:00:00-05:00,2.930000066757202,3.25,2.759999990463257,3.140000104904175,78645700,0.0,0.0
2024-12-04 00:00:00-05:00,3.0299999713897705,3.2899999618530273,2.950000047683716,3.109999895095825,52146000,0.0,0.0
2024-12-05 00:00:00-05:00,3.0799999237060547,3.549999952316284,2.880000114440918,3.180000066757202,91533000,0.0,0.0
2024-12-06 00:00:00-05:00,3.3299999237060547,4.389999866485596,3.309999942779541,4.380000114440918,133405400,0.0,0.0
2024-12-09 00:00:00-05:00,5.059999942779541,5.090000152587891,4.28000020980835,4.46999979019165,132073300,0.0,0.0
2024-12-10 00:00:00-05:00,4.329999923706055,6.889999866485596,4.28000020980835,6.489999771118164,248708800,0.0,0.0
2024-12-11 00:00:00-05:00,7.949999809265137,7.960000038146973,5.78000020980835,7.380000114440918,313253200,0.0,0.0
2024-12-12 00:00:00-05:00,6.650000095367432,7.889999866485596,5.849999904632568,5.96999979019165,158723700,0.0,0.0
2024-12-13 00:00:00-05:00,6.340000152587891,7.199999809265137,6.050000190734863,7.159999847412109,124453900,0.0,0.0
2024-12-16 00:00:00-05:00,7.170000076293945,9.850000381469727,6.710000038146973,8.430000305175781,229180900,0.0,0.0
2024-12-17 00:00:00-05:00,9.25,11.199999809265137,8.404999732971191,11.130000114440918,222464200,0.0,0.0
2024-12-18 00:00:00-05:00,11.130000114440918,12.75,9.90999984741211,10.6899995803833,280366600,0.0,0.0
2024-12-19 00:00:00-05:00,10.104999542236328,10.180000305175781,6.75,7.46999979019165,176118500,0.0,0.0
2024-12-20 00:00:00-05:00,7.260000228881836,10.079999923706055,6.929999828338623,9.369999885559082,216130100,0.0,0.0
2024-12-23 00:00:00-05:00,12.140000343322754,12.300000190734863,10.4399995803833,10.960000038146973,229354200,0.0,0.0
2024-12-24 00:00:00-05:00,11.050000190734863,12.279999732971191,10.34000015258789,11.350000381469727,108378100,0.0,0.0
2024-12-26 00:00:00-05:00,11.199999809265137,15.5,10.760000228881836,15.4399995803833,202734100,0.0,0.0
2024-12-27 00:00:00-05:00,16.860000610351562,19.350000381469727,15.4399995803833,17.079999923706055,305773000,0.0,0.0
2024-12-30 00:00:00-05:00,15.6899995803833,18.239999771118164,14.399999618530273,17.0,161110600,0.0,0.0
2024-12-31 00:00:00-05:00,17.469999313354492,18.0,15.020000457763672,15.260000228881836,141937400,0.0,0.0
2025-01-02 00:00:00-05:00,16.139999389648438,20.0,15.300000190734863,20.0,187558200,0.0,0.0
2025-01-03 00:00:00-05:00,18.950000762939453,20.3700008392334,17.700000762939453,19.020000457763672,162779200,0.0,0.0
2025-01-06 00:00:00-05:00,18.540000915527344,21.420000076293945,18.530000686645508,19.510000228881836,132015700,0.0,0.0
2025-01-07 00:00:00-05:00,19.799999237060547,20.100000381469727,17.549999237060547,18.389999389648438,98000800,0.0,0.0
2025-01-08 00:00:00-05:00,12.649999618530273,12.920000076293945,9.0,10.039999961853027,305157000,0.0,0.0
2025-01-10 00:00:00-05:00,9.875,10.739999771118164,8.430000305175781,8.930000305175781,178876100,0.0,0.0
2025-01-13 00:00:00-05:00,7.329999923706055,8.369999885559082,5.949999809265137,6.050000190734863,192206700,0.0,0.0
2025-01-14 00:00:00-05:00,6.570000171661377,8.970000267028809,6.559999942779541,8.949999809265137,354957200,0.0,0.0
2025-01-15 00:00:00-05:00,10.359999656677246,11.5600004196167,9.729999542236328,10.9399995803833,390256100,0.0,0.0
2025-01-16 00:00:00-05:00,10.350000381469727,11.739999771118164,10.010000228881836,11.239999771118164,256646600,0.0,0.0
2025-01-17 00:00:00-05:00,10.529999732971191,11.15999984741211,9.770000457763672,9.829999923706055,155069700,0.0,0.0
2025-01-21 00:00:00-05:00,10.380000114440918,14.069999694824219,10.380000114440918,13.979999542236328,228136700,0.0,0.0
2025-01-22 00:00:00-05:00,14.069999694824219,14.460000038146973,12.755000114440918,13.90999984741211,168713500,0.0,0.0
2025-01-23 00:00:00-05:00,13.109999656677246,14.630000114440918,12.989999771118164,13.470000267028809,133393900,0.0,0.0
2025-01-24 00:00:00-05:00,13.9399995803833,16.200000762939453,13.149999618530273,13.199999809265137,213843700,0.0,0.0
2025-01-27 00:00:00-05:00,12.029999732971191,13.569999694824219,11.800000190734863,12.449999809265137,125456200,0.0,0.0
2025-01-28 00:00:00-05:00,13.444999694824219,13.5,12.100000381469727,13.079999923706055,103472600,0.0,0.0
2025-01-29 00:00:00-05:00,12.819999694824219,13.9350004196167,12.369999885559082,12.65999984741211,107512500,0.0,0.0
2025-01-30 00:00:00-05:00,13.130000114440918,13.369999885559082,12.119999885559082,12.300000190734863,95255300,0.0,0.0
2025-01-31 00:00:00-05:00,12.300000190734863,14.579999923706055,12.270000457763672,13.170000076293945,200497800,0.0,0.0
2025-02-03 00:00:00-05:00,12.4399995803833,13.829999923706055,11.869999885559082,13.470000267028809,133071300,0.0,0.0
2025-02-04 00:00:00-05:00,14.095000267028809,15.149999618530273,13.279999732971191,13.720000267028809,159643000,0.0,0.0
2025-02-05 00:00:00-05:00,14.010000228881836,14.390000343322754,13.329999923706055,13.829999923706055,117981500,0.0,0.0
2025-02-06 00:00:00-05:00,13.970000267028809,14.489999771118164,13.069999694824219,13.289999961853027,78500900,0.0,0.0
2025-02-07 00:00:00-05:00,13.680000305175781,13.850000381469727,12.437000274658203,12.850000381469727,96825300,0.0,0.0
2025-02-10 00:00:00-05:00,12.710000038146973,12.989999771118164,12.220000267028809,12.350000381469727,64329300,0.0,0.0
2025-02-11 00:00:00-05:00,12.489999771118164,12.5,11.0,11.020000457763672,71972000,0.0,0.0
2025-02-12 00:00:00-05:00,10.9350004196167,12.229999542236328,10.850000381469727,11.75,77186700,0.0,0.0
2025-02-13 00:00:00-05:00,12.050000190734863,12.25,11.369999885559082,12.25,64527500,0.0,0.0
2025-02-14 00:00:00-05:00,12.1899995803833,12.229999542236328,11.430000305175781,11.8100004196167,48241800,0.0,0.0
2025-02-18 00:00:00-05:00,11.369999885559082,11.430000305175781,10.345000267028809,10.520000457763672,60244200,0.0,0.0
2025-02-19 00:00:00-05:00,10.6899995803833,11.5600004196167,10.239999771118164,11.029999732971191,102200400,0.0,0.0
2025-02-20 00:00:00-05:00,12.079999923706055,12.149999618530273,10.949999809265137,11.470000267028809,97801500,0.0,0.0
2025-02-21 00:00:00-05:00,11.585000038146973,12.34000015258789,10.470000267028809,10.75,84942100,0.0,0.0
2025-02-24 00:00:00-05:00,10.595000267028809,10.710000038146973,9.989999771118164,10.119999885559082,63186700,0.0,0.0
2025-02-25 00:00:00-05:00,9.914999961853027,10.079999923706055,8.90999984741211,9.029999732971191,58449100,0.0,0.0
2025-02-26 00:00:00-05:00,9.4350004196167,9.869999885559082,9.130000114440918,9.279999732971191,51139800,0.0,0.0
2025-02-27 00:00:00-05:00,9.199999809265137,9.420000076293945,8.029999732971191,8.029999732971191,44607900,0.0,0.0
2025-02-28 00:00:00-05:00,7.96999979019165,8.75,7.770999908447266,8.460000038146973,59214800,0.0,0.0
2025-03-03 00:00:00-05:00,8.539999961853027,8.739999771118164,7.519999980926514,7.699999809265137,45174200,0.0,0.0
2025-03-04 00:00:00-05:00,7.065000057220459,8.239999771118164,7.025000095367432,7.860000133514404,50542800,0.0,0.0
2025-03-05 00:00:00-05:00,7.829999923706055,8.239999771118164,7.610000133514404,8.180000305175781,45733100,0.0,0.0
2025-03-06 00:00:00-05:00,7.320000171661377,9.119999885559082,7.199999809265137,8.510000228881836,88578200,0.0,0.0
2025-03-07 00:00:00-05:00,8.550999641418457,9.5,8.260000228881836,9.350000381469727,74601800,0.0,0.0
2025-03-10 00:00:00-04:00,9.029999732971191,9.119999885559082,7.53000020980835,7.909999847412109,62320100,0.0,0.0
2025-03-11 00:00:00-04:00,7.835000038146973,8.270000457763672,7.570000171661377,8.050000190734863,46694200,0.0,0.0
2025-03-12 00:00:00-04:00,8.369999885559082,9.100000381469727,8.039999961853027,8.949999809265137,71054000,0.0,0.0
2025-03-13 00:00:00-04:00,8.880000114440918,9.399999618530273,8.359999656677246,8.75,67308400,0.0,0.0
2025-03-14 00:00:00-04:00,9.039999961853027,11.300000190734863,9.020000457763672,11.220000267028809,125741600,0.0,0.0
2025-03-17 00:00:00-04:00,11.289999961853027,11.399999618530273,10.649999618530273,11.15999984741211,92212100,0.0,0.0
2025-03-18 00:00:00-04:00,10.369999885559082,11.180000305175781,9.899999618530273,10.260000228881836,67931000,0.0,0.0
2025-03-19 00:00:00-04:00,10.625,10.819999694824219,9.649999618530273,9.904999732971191,49112000,0.0,0.0
2025-03-20 00:00:00-04:00,9.720000267028809,9.835000038146973,8.680000305175781,8.989999771118164,65312200,0.0,0.0
2025-03-21 00:00:00-04:00,8.5,9.140000343322754,8.449999809265137,9.069999694824219,58440000,0.0,0.0
2025-03-24 00:00:00-04:00,9.430000305175781,9.829999923706055,9.279999732971191,9.779999732971191,46779800,0.0,0.0
2025-03-25 00:00:00-04:00,9.5600004196167,10.020000457763672,9.470000267028809,9.819999694824219,36323100,0.0,0.0
2025-03-26 00:00:00-04:00,9.890000343322754,10.3100004196167,9.09000015258789,9.180000305175781,41834000,0.0,0.0
2025-03-27 00:00:00-04:00,9.020000457763672,9.1899995803833,8.40999984741211,8.470000267028809,28869400,0.0,0.0
2025-03-28 00:00:00-04:00,8.399999618530273,8.418999671936035,7.7820000648498535,8.149999618530273,28049000,0.0,0.0
2025-03-31 00:00:00-04:00,7.769999980926514,8.295000076293945,7.679999828338623,7.920000076293945,34826600,0.0,0.0
2025-04-01 00:00:00-04:00,8.104999542236328,8.126999855041504,7.510000228881836,7.809999942779541,31044000,0.0,0.0
2025-04-02 00:00:00-04:00,7.590000152587891,8.920000076293945,7.550000190734863,8.489999771118164,44091200,0.0,0.0
2025-04-03 00:00:00-04:00,7.980000019073486,8.3100004196167,7.909999847412109,8.149999618530273,29717500,0.0,0.0
2025-04-04 00:00:00-04:00,7.769999980926514,7.7829999923706055,6.980000019073486,7.5,36000000,0.0,0.0
2025-04-07 00:00:00-04:00,6.920000076293945,8.779999732971191,6.860000133514404,8.329999923706055,49612500,0.0,0.0
2025-04-08 00:00:00-04:00,8.9399995803833,8.960000038146973,7.519999980926514,7.71999979019165,42356600,0.0,0.0
2025-04-09 00:00:00-04:00,7.980000019073486,9.460000038146973,7.699999809265137,9.390000343322754,56004100,0.0,0.0
2025-04-10 00:00:00-04:00,9.0649995803833,9.739999771118164,8.850000381469727,9.420000076293945,41070600,0.0,0.0
2025-04-11 00:00:00-04:00,9.449999809265137,9.539999961853027,8.6899995803833,9.100000381469727,27496000,0.0,0.0
2025-04-14 00:00:00-04:00,9.399999618530273,9.699999809265137,8.779999732971191,8.859999656677246,23235600,0.0,0.0
2025-04-15 00:00:00-04:00,8.869999885559082,8.960000038146973,8.449999809265137,8.619999885559082,15826800,0.0,0.0
2025-04-16 00:00:00-04:00,8.279999732971191,8.420000076293945,7.980000019073486,8.25,15132500,0.0,0.0
2025-04-17 00:00:00-04:00,8.289999961853027,8.475000381469727,8.074999809265137,8.319999694824219,11981100,0.0,0.0
2025-04-21 00:00:00-04:00,8.170000076293945,8.204999923706055,7.809999942779541,8.109999656677246,12028800,0.0,0.0
2025-04-22 00:00:00-04:00,8.229999542236328,8.579999923706055,8.125,8.569999694824219,14606400,0.0,0.0
2025-04-23 00:00:00-04:00,9.0600004196167,9.350000381469727,8.869999885559082,9.109999656677246,25910600,0.0,0.0
2025-04-24 00:00:00-04:00,9.227999687194824,9.729999542236328,9.140000343322754,9.300000190734863,27748000,0.0,0.0
2025-04-25 00:00:00-04:00,9.229999542236328,9.800000190734863,8.970000267028809,9.369999885559082,36524400,0.0,0.0
2025-04-28 00:00:00-04:00,9.489999771118164,10.050000190734863,9.010000228881836,9.220000267028809,31008400,0.0,0.0
2025-04-29 00:00:00-04:00,9.329999923706055,9.4399995803833,8.829999923706055,8.859999656677246,19429100,0.0,0.0
2025-04-30 00:00:00-04:00,8.59000015258789,8.890000343322754,8.350000381469727,8.869999885559082,13712600,0.0,0.0
2025-05-01 00:00:00-04:00,9.109999656677246,9.274999618530273,8.9350004196167,9.140000343322754,16256400,0.0,0.0
2025-05-02 00:00:00-04:00,9.220999717712402,10.920000076293945,9.220999717712402,10.630000114440918,69215600,0.0,0.0
2025-05-05 00:00:00-04:00,10.380000114440918,10.380000114440918,9.510000228881836,9.694999694824219,34754600,0.0,0.0
2025-05-06 00:00:00-04:00,9.470000267028809,9.84000015258789,9.199999809265137,9.78499984741211,16962500,0.0,0.0
2025-05-07 00:00:00-04:00,9.6899995803833,9.800000190734863,9.140000343322754,9.25,21805900,0.0,0.0
2025-05-08 00:00:00-04:00,9.9350004196167,10.430000305175781,9.300000190734863,10.3100004196167,71091600,0.0,0.0
2025-05-09 00:00:00-04:00,10.3100004196167,10.640000343322754,10.039999961853027,10.579999923706055,58545500,0.0,0.0
2025-05-12 00:00:00-04:00,11.779999732971191,11.979999542236328,11.079999923706055,11.550000190734863,87924800,0.0,0.0
2025-05-13 00:00:00-04:00,10.25,10.795000076293945,9.850000381469727,9.864999771118164,74248700,0.0,0.0
2025-05-14 00:00:00-04:00,10.220000267028809,12.390000343322754,10.180000305175781,11.640000343322754,132878300,0.0,0.0
2025-05-15 00:00:00-04:00,11.395000457763672,11.925000190734863,11.180000305175781,11.539999961853027,52940100,0.0,0.0
2025-05-16 00:00:00-04:00,12.050000190734863,12.520000457763672,11.520000457763672,11.850000381469727,67589800,0.0,0.0
2025-05-19 00:00:00-04:00,11.489999771118164,12.225000381469727,11.149999618530273,12.050000190734863,60550800,0.0,0.0
2025-05-20 00:00:00-04:00,12.529999732971191,12.6899995803833,11.510000228881836,11.920000076293945,92681100,0.0,0.0
2025-05-21 00:00:00-04:00,11.845000267028809,12.069999694824219,10.774999618530273,10.960000038146973,66748600,0.0,0.0
2025-05-22 00:00:00-04:00,11.031999588012695,14.4399995803833,10.9399995803833,13.859999656677246,165197100,0.0,0.0
2025-05-23 00:00:00-04:00,13.039999961853027,14.6899995803833,12.770000457763672,14.020000457763672,107968800,0.0,0.0
2025-05-27 00:00:00-04:00,14.970000267028809,15.300000190734863,13.75,14.1899995803833,77321600,0.0,0.0
2025-05-28 00:00:00-04:00,13.854999542236328,14.489999771118164,13.800000190734863,14.15999984741211,52811600,0.0,0.0
2025-05-29 00:00:00-04:00,14.40999984741211,14.75,13.050000190734863,13.149999618530273,47543200,0.0,0.0
2025-05-30 00:00:00-04:00,12.5,12.75,11.751999855041504,12.109999656677246,53928500,0.0,0.0
2025-06-02 00:00:00-04:00,12.265000343322754,12.5,11.822999954223633,12.260000228881836,29878800,0.0,0.0
2025-06-03 00:00:00-04:00,12.569999694824219,12.829999923706055,11.819999694824219,12.039999961853027,42259500,0.0,0.0
2025-06-04 00:00:00-04:00,12.119999885559082,12.175000190734863,11.649999618530273,11.819999694824219,29530600,0.0,0.0
2025-06-05 00:00:00-04:00,11.8100004196167,11.819999694824219,10.710000038146973,10.890000343322754,35304700,0.0,0.0
2025-06-06 00:00:00-04:00,11.220000267028809,11.755000114440918,10.979999542236328,11.279999732971191,38279600,0.0,0.0
2025-06-09 00:00:00-04:00,11.829999923706055,11.829999923706055,11.100000381469727,11.319999694824219,43412700,0.0,0.0
2025-06-10 00:00:00-04:00,11.529999732971191,12.119999885559082,11.079999923706055,11.239999771118164,61400200,0.0,0.0
2025-06-11 00:00:00-04:00,12.1899995803833,13.5600004196167,11.859999656677246,12.520000457763672,178367000,0.0,0.0
2025-06-12 00:00:00-04:00,12.609999656677246,13.385000228881836,12.100000381469727,12.100000381469727,93622200,0.0,0.0
2025-06-13 00:00:00-04:00,11.649999618530273,11.920000076293945,11.3100004196167,11.399999618530273,45368100,0.0,0.0
2025-06-16 00:00:00-04:00,11.640000343322754,12.279999732971191,11.5,12.15999984741211,47085400,0.0,0.0
2025-06-17 00:00:00-04:00,12.010000228881836,12.220000267028809,11.380000114440918,11.479999542236328,33958800,0.0,0.0
2025-06-18 00:00:00-04:00,11.619999885559082,11.770000457763672,11.140000343322754,11.350000381469727,30230000,0.0,0.0
2025-06-20 00:00:00-04:00,11.510000228881836,11.579999923706055,11.010000228881836,11.0600004196167,27759500,0.0,0.0
2025-06-23 00:00:00-04:00,10.800000190734863,11.0,10.300000190734863,10.789999961853027,33264900,0.0,0.0
2025-06-24 00:00:00-04:00,11.300000190734863,11.619999885559082,11.164999961853027,11.5,30463000,0.0,0.0
2025-06-25 00:00:00-04:00,11.789999961853027,12.029999732971191,11.029999732971191,11.09000015258789,29108700,0.0,0.0
2025-06-26 00:00:00-04:00,11.239999771118164,11.520000457763672,11.069999694824219,11.109999656677246,27523000,0.0,0.0
2025-06-27 00:00:00-04:00,11.319999694824219,11.40999984741211,10.800000190734863,11.069999694824219,52444700,0.0,0.0
2025-06-30 00:00:00-04:00,11.1899995803833,12.09000015258789,11.140000343322754,11.859999656677246,48094800,0.0,0.0
2025-07-01 00:00:00-04:00,11.635000228881836,11.75,11.229999542236328,11.329999923706055,28156600,0.0,0.0
2025-07-02 00:00:00-04:00,11.510000228881836,13.100000381469727,11.430000305175781,13.079999923706055,65581800,0.0,0.0
2025-07-03 00:00:00-04:00,12.914999961853027,13.470000267028809,12.859999656677246,13.449999809265137,35342500,0.0,0.0
2025-07-07 00:00:00-04:00,13.21500015258789,13.845000267028809,12.420000076293945,13.75,50496100,0.0,0.0
2025-07-08 00:00:00-04:00,13.84000015258789,14.239999771118164,13.25,13.380000114440918,37275400,0.0,0.0
2025-07-09 00:00:00-04:00,13.635000228881836,13.890000343322754,12.829999923706055,13.510000228881836,31627700,0.0,0.0
2025-07-10 00:00:00-04:00,13.489999771118164,13.6850004196167,13.029999732971191,13.029999732971191,25768100,0.0,0.0
2025-07-11 00:00:00-04:00,12.949999809265137,13.074999809265137,12.079999923706055,12.180000305175781,30496900,0.0,0.0
2025-07-14 00:00:00-04:00,12.300000190734863,12.899999618530273,12.164999961853027,12.770000457763672,26361100,0.0,0.0
2025-07-15 00:00:00-04:00,12.989999771118164,13.020000457763672,12.479999542236328,12.720000267028809,22620300,0.0,0.0
2025-07-16 00:00:00-04:00,13.800000190734863,16.84000015258789,13.779999732971191,16.559999465942383,192877500,0.0,0.0
2025-07-17 00:00:00-04:00,16.100000381469727,17.170000076293945,15.729999542236328,17.139999389648438,83133000,0.0,0.0
2025-07-18 00:00:00-04:00,16.709999084472656,17.389999389648438,15.960000038146973,17.15999984741211,56511300,0.0,0.0
2025-07-21 00:00:00-04:00,17.149999618530273,17.385000228881836,16.030000686645508,16.079999923706055,44336600,0.0,0.0
2025-07-22 00:00:00-04:00,16.100000381469727,16.136999130249023,14.75,15.430000305175781,40588200,0.0,0.0
2025-07-23 00:00:00-04:00,15.5600004196167,16.30500030517578,15.350000381469727,16.139999389648438,32975100,0.0,0.0
2025-07-24 00:00:00-04:00,16.149999618530273,16.3700008392334,15.869999885559082,15.949999809265137,34835400,0.0,0.0
2025-07-25 00:00:00-04:00,15.9399995803833,15.9399995803833,15.270000457763672,15.4399995803833,21368400,0.0,0.0
2025-07-28 00:00:00-04:00,15.859999656677246,16.316999435424805,15.210000038146973,15.569999694824219,33355400,0.0,0.0
2025-07-29 00:00:00-04:00,15.460000038146973,16.06999969482422,14.359999656677246,14.470000267028809,31378200,0.0,0.0
2025-07-30 00:00:00-04:00,14.649999618530273,14.930000305175781,14.020000457763672,14.170000076293945,24466200,0.0,0.0
2025-07-31 00:00:00-04:00,14.680000305175781,15.949999809265137,14.470000267028809,14.5,50653500,0.0,0.0
2025-08-01 00:00:00-04:00,14.039999961853027,14.369999885559082,13.609999656677246,14.119999885559082,31989500,0.0,0.0
2025-08-04 00:00:00-04:00,14.479999542236328,15.880000114440918,14.300000190734863,15.760000228881836,50062600,0.0,0.0
2025-08-05 00:00:00-04:00,15.739999771118164,16.854999542236328,15.59000015258789,16.469999313354492,45290400,0.0,0.0
2025-08-06 00:00:00-04:00,16.302000045776367,16.34000015258789,15.699999809265137,15.989999771118164,24349400,0.0,0.0
2025-08-07 00:00:00-04:00,15.640000343322754,16.05500030517578,15.255000114440918,15.65999984741211,27526400,0.0,0.0
2025-08-08 00:00:00-04:00,15.8100004196167,16.15999984741211,15.180000305175781,15.4399995803833,20793300,0.0,0.0
2025-08-11 00:00:00-04:00,15.420000076293945,16.170000076293945,15.21500015258789,15.979999542236328,28439100,0.0,0.0
2025-08-12 00:00:00-04:00,15.649999618530273,16.3700008392334,15.479999542236328,16.200000762939453,35648500,0.0,0.0
2025-08-13 00:00:00-04:00,16.219999313354492,18.155000686645508,15.65999984741211,17.239999771118164,92447800,0.0,0.0
2025-08-14 00:00:00-04:00,16.75,18.100000381469727,16.100000381469727,17.979999542236328,63512100,0.0,0.0
2025-08-15 00:00:00-04:00,17.795000076293945,17.829999923706055,16.15999984741211,16.649999618530273,48381500,0.0,0.0
2025-08-18 00:00:00-04:00,16.56999969482422,17.040000915527344,16.110000610351562,16.6299991607666,26820400,0.0,0.0
2025-08-19 00:00:00-04:00,16.46500015258789,16.905000686645508,14.949999809265137,15.15999984741211,37661200,0.0,0.0
2025-08-20 00:00:00-04:00,14.899999618530273,15.029999732971191,13.970000267028809,14.760000228881836,26581600,0.0,0.0
2025-08-21 00:00:00-04:00,14.640000343322754,14.850000381469727,14.175000190734863,14.270000457763672,22675600,0.0,0.0
2025-08-22 00:00:00-04:00,14.1850004196167,14.970000267028809,13.819999694824219,14.819999694824219,29793400,0.0,0.0
2025-08-25 00:00:00-04:00,14.819999694824219,14.899999618530273,14.119999885559082,14.470000267028809,23401600,0.0,0.0
2025-08-26 00:00:00-04:00,14.399999618530273,15.350000381469727,14.369999885559082,15.300000190734863,39223700,0.0,0.0
2025-08-27 00:00:00-04:00,15.289999961853027,16.09000015258789,15.069999694824219,15.390000343322754,43923400,0.0,0.0
2025-08-28 00:00:00-04:00,15.71500015258789,17.26799964904785,15.680000305175781,16.579999923706055,75480500,0.0,0.0
2025-08-29 00:00:00-04:00,16.600000381469727,16.790000915527344,16.1200008392334,16.229999542236328,42451100,0.0,0.0
2025-09-02 00:00:00-04:00,15.835000038146973,16.030000686645508,14.765000343322754,15.520000457763672,64148900,0.0,0.0
2025-09-03 00:00:00-04:00,15.595000267028809,15.8100004196167,14.9350004196167,15.039999961853027,27360100,0.0,0.0
2025-09-04 00:00:00-04:00,15.229999542236328,15.670000076293945,14.890000343322754,15.119999885559082,29216800,0.0,0.0
2025-09-05 00:00:00-04:00,15.390000343322754,15.654999732971191,14.470000267028809,15.100000381469727,33450100,0.0,0.0
2025-09-08 00:00:00-04:00,15.210000038146973,15.489999771118164,14.979999542236328,15.149999618530273,24957100,0.0,0.0
2025-09-09 00:00:00-04:00,15.25,16.690000534057617,15.09000015258789,16.5,45080700,0.0,0.0
2025-09-10 00:00:00-04:00,16.385000228881836,16.6200008392334,16.100000381469727,16.190000534057617,32877300,0.0,0.0
2025-09-11 00:00:00-04:00,16.149999618530273,17.0,16.040000915527344,16.690000534057617,38165200,0.0,0.0
2025-09-12 00:00:00-04:00,16.780000686645508,20.125,16.65999984741211,19.09000015258789,112179000,0.0,0.0
2025-09-15 00:00:00-04:00,19.075000762939453,19.719999313354492,18.665000915527344,19.209999084472656,43217000,0.0,0.0
2025-09-16 00:00:00-04:00,19.399999618530273,20.299999237060547,18.920000076293945,20.0,43946800,0.0,0.0
2025-09-17 00:00:00-04:00,20.06999969482422,22.1299991607666,19.81999969482422,21.989999771118164,77851300,0.0,0.0
2025-09-18 00:00:00-04:00,22.875,26.209999084472656,22.399999618530273,24.739999771118164,113908000,0.0,0.0
2025-09-19 00:00:00-04:00,24.780000686645508,29.09000015258789,24.725000381469727,28.520000457763672,127847900,0.0,0.0
2025-09-22 00:00:00-04:00,26.329999923706055,29.59000015258789,25.5,28.3700008392334,87217900,0.0,0.0
2025-09-23 00:00:00-04:00,29.389999389648438,32.400001525878906,28.840999603271484,31.459999084472656,103564700,0.0,0.0
2025-09-24 00:00:00-04:00,32.68000030517578,34.400001525878906,29.709999084472656,31.639999389648438,141839200,0.0,0.0
2025-09-25 00:00:00-04:00,29.815000534057617,32.83000183105469,28.780000686645508,32.099998474121094,129306900,0.0,0.0
2025-09-26 00:00:00-04:00,32.154998779296875,33.97999954223633,30.739999771118164,31.18000030517578,100109900,0.0,0.0
2025-09-29 00:00:00-04:00,31.829999923706055,32.53499984741211,28.450000762939453,29.649999618530273,95487600,0.0,0.0
2025-09-30 00:00:00-04:00,29.219999313354492,30.624000549316406,28.969999313354492,29.790000915527344,72038300,0.0,0.0
2025-10-01 00:00:00-04:00,29.100000381469727,31.389999389648438,28.649999618530273,29.850000381469727,84797300,0.0,0.0
2025-10-02 00:00:00-04:00,30.670000076293945,35.810001373291016,30.459999084472656,35.400001525878906,146006200,0.0,0.0
2025-10-03 00:00:00-04:00,36.9900016784668,40.630001068115234,35.75,40.060001373291016,155531200,0.0,0.0
2025-10-06 00:00:00-04:00,38.80500030517578,43.11000061035156,38.367000579833984,41.709999084472656,110767900,0.0,0.0
2025-10-07 00:00:00-04:00,43.650001525878906,46.18000030517578,40.709999084472656,43.90999984741211,174843700,0.0,0.0
2025-10-08 00:00:00-04:00,44.2599983215332,48.22999954223633,41.459999084472656,43.22999954223633,166627500,0.0,0.0
2025-10-09 00:00:00-04:00,43.34000015258789,48.220001220703125,42.88999938964844,47.11000061035156,155458400,0.0,0.0
2025-10-10 00:00:00-04:00,47.83000183105469,49.130001068115234,43.88999938964844,43.91999816894531,138979700,0.0,0.0
2025-10-13 00:00:00-04:00,46.459999084472656,55.22999954223633,46.369998931884766,54.90999984741211,181160700,0.0,0.0
2025-10-14 00:00:00-04:00,54.845001220703125,58.150001525878906,50.0,56.119998931884766,148012800,0.0,0.0
2025-10-15 00:00:00-04:00,57.880001068115234,57.970001220703125,50.5,56.34000015258789,136181800,0.0,0.0
2025-10-16 00:00:00-04:00,54.69499969482422,55.15999984741211,46.869998931884766,47.970001220703125,138635900,0.0,0.0
2025-10-17 00:00:00-04:00,44.65999984741211,48.25,43.650001525878906,46.380001068115234,112310500,0.0,0.0
2025-10-20 00:00:00-04:00,47.47999954223633,47.779998779296875,42.18000030517578,43.310001373291016,87195200,0.0,0.0
2025-10-21 00:00:00-04:00,42.52000045776367,43.599998474121094,39.04999923706055,40.0,82535100,0.0,0.0
2025-10-22 00:00:00-04:00,38.52000045776367,39.720001220703125,34.13999938964844,36.060001373291016,114958400,0.0,0.0
2025-10-23 00:00:00-04:00,40.380001068115234,41.959999084472656,37.65999984741211,39.595001220703125,164337700,0.0,0.0
2025-10-24 00:00:00-04:00,41.25,43.459999084472656,38.69499969482422,38.84000015258789,87712800,0.0,0.0
2025-10-27 00:00:00-04:00,39.564998626708984,42.61000061035156,39.13999938964844,40.2400016784668,71650800,0.0,0.0
2025-10-28 00:00:00-04:00,40.04499816894531,42.93000030517578,36.99100112915039,37.06999969482422,93119800,0.0,0.0
2025-10-29 00:00:00-04:00,37.689998626708984,40.07500076293945,36.900001525878906,39.40999984741211,64001300,0.0,0.0
2025-10-30 00:00:00-04:00,38.08000183105469,42.88999938964844,37.68000030517578,42.52000045776367,64904700,0.0,0.0
2025-10-31 00:00:00-04:00,42.22999954223633,44.52000045776367,41.68000030517578,44.27000045776367,67133200,0.0,0.0
2025-11-03 00:00:00-05:00,44.310001373291016,44.380001068115234,39.0,39.119998931884766,59342400,0.0,0.0
2025-11-04 00:00:00-05:00,37.029998779296875,38.619998931884766,34.64500045776367,35.18000030517578,55462800,0.0,0.0
2025-11-05 00:00:00-05:00,36.279998779296875,38.0,35.0,37.290000915527344,41383300,0.0,0.0
2025-11-06 00:00:00-05:00,37.11000061035156,37.13999938964844,34.20000076293945,34.36000061035156,46667000,0.0,0.0
2025-11-07 00:00:00-05:00,32.81999969482422,33.810001373291016,30.6200008392334,33.77000045776367,57796500,0.0,0.0
2025-11-10 00:00:00-05:00,34.099998474121094,34.709999084472656,32.599998474121094,33.08000183105469,38866000,0.0,0.0
2025-11-11 00:00:00-05:00,31.079999923706055,32.18000030517578,30.239999771118164,31.399999618530273,51004200,0.0,0.0
2025-11-12 00:00:00-05:00,31.1200008392334,31.649999618530273,28.049999237060547,28.299999237060547,50651600,0.0,0.0
2025-11-13 00:00:00-05:00,26.989999771118164,27.40999984741211,24.75,25.200000762939453,65493200,0.0,0.0
2025-11-14 00:00:00-05:00,23.600000381469727,26.829999923706055,23.3700008392334,25.479999542236328,68287500,0.0,0.0
2025-11-17 00:00:00-05:00,24.979999542236328,25.989999771118164,24.190000534057617,24.690000534057617,43085200,0.0,0.0
2025-11-18 00:00:00-05:00,24.350000381469727,25.90999984741211,24.239999771118164,25.709999084472656,43847100,0.0,0.0
2025-11-19 00:00:00-05:00,25.790000915527344,27.18000030517578,25.309999465942383,25.459999084472656,40792200,0.0,0.0
2025-11-20 00:00:00-05:00,26.31999969482422,26.8799991607666,22.649999618530273,22.799999237060547,54124700,0.0,0.0
2025-11-21 00:00:00-05:00,23.110000610351562,23.68000030517578,21.0,23.59000015258789,52393900,0.0,0.0
2025-11-24 00:00:00-05:00,23.719999313354492,26.760000228881836,23.635000228881836,26.56999969482422,42765900,0.0,0.0
2025-11-25 00:00:00-05:00,25.48900032043457,26.78499984741211,24.610000610351562,26.079999923706055,40036100,0.0,0.0
2025-11-26 00:00:00-05:00,26.364999771118164,26.524999618530273,25.290000915527344,25.56999969482422,28827600,0.0,0.0
2025-11-28 00:00:00-05:00,25.709999084472656,26.09000015258789,25.27199935913086,25.56999969482422,13998400,0.0,0.0
2025-12-01 00:00:00-05:00,24.915000915527344,24.979999542236328,23.399999618530273,23.450000762939453,29818000,0.0,0.0
2025-12-02 00:00:00-05:00,23.959999084472656,24.940000534057617,23.549999237060547,23.8799991607666,29149900,0.0,0.0
2025-12-03 00:00:00-05:00,23.899999618530273,26.25,23.530000686645508,26.040000915527344,34325300,0.0,0.0
2025-12-04 00:00:00-05:00,25.81999969482422,30.204999923706055,25.530000686645508,30.059999465942383,76980500,0.0,0.0
2025-12-05 00:00:00-05:00,29.545000076293945,29.600000381469727,27.329999923706055,28.110000610351562,51097800,0.0,0.0
2025-12-08 00:00:00-05:00,28.75,29.450000762939453,27.020000457763672,28.260000228881836,33282500,0.0,0.0
2025-12-09 00:00:00-05:00,27.760000228881836,28.459999084472656,26.780000686645508,28.219999313354492,31275800,0.0,0.0
2025-12-10 00:00:00-05:00,27.729999542236328,27.75,26.09000015258789,26.1200008392334,45188000,0.0,0.0
2025-12-11 00:00:00-05:00,25.979999542236328,27.084999084472656,24.729999542236328,26.8799991607666,38780300,0.0,0.0
2025-12-12 00:00:00-05:00,26.295000076293945,26.8799991607666,25.059999465942383,25.84000015258789,31266500,0.0,0.0
2025-12-15 00:00:00-05:00,26.06999969482422,26.084999084472656,23.5049991607666,23.530000686645508,33711200,0.0,0.0
2025-12-16 00:00:00-05:00,23.100000381469727,24.3700008392334,23.06999969482422,23.959999084472656,27084200,0.0,0.0
2025-12-17 00:00:00-05:00,24.190000534057617,25.219999313354492,22.40999984741211,22.469999313354492,33844400,0.0,0.0
2025-12-18 00:00:00-05:00,23.600000381469727,23.959999084472656,22.25,22.81999969482422,34275800,0.0,0.0
2025-12-19 00:00:00-05:00,22.94499969482422,24.030000686645508,22.81999969482422,23.760000228881836,32120000,0.0,0.0
2025-12-22 00:00:00-05:00,24.56999969482422,27.670000076293945,24.36199951171875,26.8799991607666,59955600,0.0,0.0
2025-12-23 00:00:00-05:00,25.899999618530273,26.729999542236328,24.90999984741211,25.110000610351562,34499800,0.0,0.0
2025-12-24 00:00:00-05:00,25.204999923706055,25.219999313354492,24.040000915527344,24.510000228881836,18157100,0.0,0.0
2025-12-26 00:00:00-05:00,24.360000610351562,24.3700008392334,22.329999923706055,22.3799991607666,28311100,0.0,0.0
2025-12-29 00:00:00-05:00,21.954999923706055,22.768999099731445,21.530000686645508,22.270000457763672,33581400,0.0,0.0
2025-12-30 00:00:00-05:00,22.56999969482422,22.959999084472656,22.06999969482422,22.40999984741211,24875600,0.0,0.0
2025-12-31 00:00:00-05:00,22.450000762939453,22.670000076293945,21.93000030517578,22.149999618530273,23242500,0.0,0.0
2026-01-02 00:00:00-05:00,22.559999465942383,24.0049991607666,21.6200008392334,23.600000381469727,37387200,0.0,0.0
2026-01-05 00:00:00-05:00,23.690000534057617,25.847999572753906,23.549999237060547,25.010000228881836,39538400,0.0,0.0
2026-01-06 00:00:00-05:00,24.90999984741211,25.655000686645508,23.829999923706055,25.3799991607666,30380200,0.0,0.0
2026-01-07 00:00:00-05:00,25.1299991607666,26.440000534057617,24.834999084472656,25.209999084472656,30159600,0.0,0.0
2026-01-08 00:00:00-05:00,24.799999237060547,26.3799991607666,24.510000228881836,25.25,32389000,0.0,0.0
2026-01-09 00:00:00-05:00,25.440000534057617,26.700000762939453,24.709999084472656,24.719999313354492,36676100,0.0,0.0
2026-01-12 00:00:00-05:00,24.399999618530273,25.635000228881836,23.93000030517578,25.530000686645508,25656800,0.0,0.0
2026-01-13 00:00:00-05:00,25.81999969482422,26.25,24.30500030517578,24.469999313354492,27646200,0.0,0.0
2026-01-14 00:00:00-05:00,24.194000244140625,25.729999542236328,23.760000228881836,25.719999313354492,29380700,0.0,0.0
2026-01-15 00:00:00-05:00,26.290000915527344,26.489999771118164,24.649999618530273,24.700000762939453,33388600,0.0,0.0
2026-01-16 00:00:00-05:00,25.114999771118164,26.18000030517578,24.559999465942383,25.6200008392334,33778200,0.0,0.0
2026-01-20 00:00:00-05:00,24.565000534057617,26.5,23.709999084472656,24.989999771118164,45908900,0.0,0.0
2026-01-21 00:00:00-05:00,25.485000610351562,26.270000457763672,22.40999984741211,23.670000076293945,48217900,0.0,0.0
2026-01-22 00:00:00-05:00,24.46500015258789,25.5,24.25,24.959999084472656,33981500,0.0,0.0
2026-01-23 00:00:00-05:00,24.954999923706055,25.209999084472656,23.2549991607666,23.450000762939453,30257000,0.0,0.0
2026-01-26 00:00:00-05:00,23.43000030517578,23.780000686645508,21.40999984741211,21.760000228881836,30100500,0.0,0.0
2026-01-27 00:00:00-05:00,22.145000457763672,22.579999923706055,21.399999618530273,22.309999465942383,27344500,0.0,0.0
2026-01-28 00:00:00-05:00,22.34000015258789,22.520000457763672,21.665000915527344,22.010000228881836,25838300,0.0,0.0
2026-01-29 00:00:00-05:00,21.489999771118164,21.579999923706055,19.270000457763672,19.850000381469727,33989300,0.0,0.0
2026-01-30 00:00:00-05:00,19.635000228881836,19.639999389648438,17.625,18.170000076293945,34008900,0.0,0.0
2026-02-02 00:00:00-05:00,18.3700008392334,18.3799991607666,17.229999542236328,17.709999084472656,25196700,0.0,0.0
2026-02-03 00:00:00-05:00,18.239999771118164,18.299999237060547,17.139999389648438,18.209999084472656,30609000,0.0,0.0
2026-02-04 00:00:00-05:00,17.940000534057617,18.084999084472656,16.235000610351562,17.190000534057617,35971700,0.0,0.0
2026-02-05 00:00:00-05:00,16.520000457763672,16.645000457763672,14.829999923706055,14.975000381469727,36616000,0.0,0.0
2026-02-06 00:00:00-05:00,15.479999542236328,17.739999771118164,15.34000015258789,17.709999084472656,37179200,0.0,0.0
2026-02-09 00:00:00-05:00,17.139999389648438,17.969999313354492,16.790000915527344,17.59000015258789,24971400,0.0,0.0
2026-02-10 00:00:00-05:00,17.219999313354492,17.75,16.790000915527344,16.969999313354492,23728000,0.0,0.0
2026-02-11 00:00:00-05:00,17.03499984741211,17.09000015258789,15.75,16.43000030517578,32726600,0.0,0.0
2026-02-12 00:00:00-05:00,16.065000534057617,16.09000015258789,14.78499984741211,14.989999771118164,35116500,0.0,0.0
2026-02-13 00:00:00-05:00,15.5,16.235000610351562,14.84000015258789,16.09000015258789,28503300,0.0,0.0
2026-02-17 00:00:00-05:00,15.53499984741211,16.364999771118164,15.154999732971191,15.59000015258789,29060100,0.0,0.0
2026-02-18 00:00:00-05:00,15.5600004196167,16.690000534057617,15.255000114440918,16.18000030517578,28856700,0.0,0.0
2026-02-19 00:00:00-05:00,15.880000114440918,16.739999771118164,15.640000343322754,16.600000381469727,28121900,0.0,0.0
2026-02-20 00:00:00-05:00,16.299999237060547,16.549999237060547,15.5,15.920000076293945,28409300,0.0,0.0
2026-02-23 00:00:00-05:00,15.489999771118164,16.31999969482422,15.329999923706055,16.020000457763672,21337300,0.0,0.0
2026-02-24 00:00:00-05:00,15.914999961853027,16.729999542236328,15.654999732971191,16.479999542236328,24675800,0.0,0.0
2026-02-25 00:00:00-05:00,16.790000915527344,17.790000915527344,16.479999542236328,17.6299991607666,31507200,0.0,0.0
2026-02-26 00:00:00-05:00,18.295000076293945,19.209999084472656,18.06999969482422,18.639999389648438,53658800,0.0,0.0
2026-02-27 00:00:00-05:00,18.114999771118164,18.170000076293945,16.625,17.420000076293945,26199900,0.0,0.0
2026-03-02 00:00:00-05:00,16.690000534057617,17.775999069213867,16.65999984741211,17.690000534057617,19302300,0.0,0.0
2026-03-03 00:00:00-05:00,16.940000534057617,17.610000610351562,16.239999771118164,16.959999084472656,29009900,0.0,0.0
2026-03-04 00:00:00-05:00,17.040000915527344,17.957000732421875,16.8799991607666,17.760000228881836,27203800,0.0,0.0
2026-03-05 00:00:00-05:00,16.989999771118164,17.030000686645508,15.9399995803833,16.969999313354492,41786500,0.0,0.0
2026-03-06 00:00:00-05:00,16.6200008392334,17.549999237060547,16.540000915527344,17.010000228881836,26839400,0.0,0.0
2026-03-09 00:00:00-04:00,16.565000534057617,17.690000534057617,16.1200008392334,17.600000381469727,26103300,0.0,0.0
2026-03-10 00:00:00-04:00,17.520000457763672,17.924999237060547,16.959999084472656,16.989999771118164,23912100,0.0,0.0
2026-03-11 00:00:00-04:00,16.989999771118164,17.479999542236328,16.575000762939453,16.940000534057617,23368600,0.0,0.0
2026-03-12 00:00:00-04:00,16.635000228881836,16.729999542236328,15.84000015258789,16.06999969482422,24804300,0.0,0.0
2026-03-13 00:00:00-04:00,16.43000030517578,17.250999450683594,15.899999618530273,16.170000076293945,26888600,0.0,0.0
2026-03-16 00:00:00-04:00,16.540000915527344,17.0,15.5649995803833,16.139999389648438,28842600,0.0,0.0
2026-03-17 00:00:00-04:00,16.165000915527344,16.479999542236328,15.75,16.219999313354492,21122600,0.0,0.0
2026-03-18 00:00:00-04:00,15.960000038146973,16.204999923706055,15.609999656677246,15.670000076293945,25721600,0.0,0.0
2026-03-19 00:00:00-04:00,15.1899995803833,15.595000267028809,14.730999946594238,15.40999984741211,23808200,0.0,0.0
2026-03-20 00:00:00-04:00,15.109999656677246,15.225000381469727,14.369999885559082,14.880000114440918,24794800,0.0,0.0
2026-03-23 00:00:00-04:00,15.069999694824219,15.890000343322754,14.960000038146973,15.880000114440918,25794400,0.0,0.0
2026-03-24 00:00:00-04:00,15.479999542236328,16.09000015258789,15.069999694824219,15.600000381469727,23511900,0.0,0.0
2026-03-25 00:00:00-04:00,16.0,16.299999237060547,14.781999588012695,15.140000343322754,27814300,0.0,0.0
2026-03-26 00:00:00-04:00,14.770000457763672,14.899999618530273,14.239999771118164,14.40999984741211,20765700,0.0,0.0
2026-03-27 00:00:00-04:00,14.25,14.34000015258789,13.210000038146973,13.319999694824219,26114700,0.0,0.0
2026-03-30 00:00:00-04:00,13.399999618530273,13.569999694824219,12.529999732971191,12.899999618530273,26504600,0.0,0.0
2026-03-31 00:00:00-04:00,13.229999542236328,14.149999618530273,13.0600004196167,14.039999961853027,26696000,0.0,0.0
2026-04-01 00:00:00-04:00,14.300000190734863,14.520000457763672,13.4399995803833,13.5,22742200,0.0,0.0
2026-04-02 00:00:00-04:00,12.890000343322754,14.244999885559082,12.8100004196167,14.1899995803833,25642900,0.0,0.0
2026-04-06 00:00:00-04:00,14.0600004196167,14.555000305175781,13.859999656677246,14.199999809265137,16002400,0.0,0.0
2026-04-07 00:00:00-04:00,14.100000381469727,14.130000114440918,13.28499984741211,13.84000015258789,20967000,0.0,0.0
2026-04-08 00:00:00-04:00,15.138999938964844,15.40999984741211,14.140000343322754,14.529999732971191,24859100,0.0,0.0
2026-04-09 00:00:00-04:00,14.329999923706055,14.6899995803833,14.029999732971191,14.3100004196167,20875900,0.0,0.0
2026-04-10 00:00:00-04:00,14.420000076293945,15.050000190734863,14.3100004196167,14.680000305175781,17339900,0.0,0.0
2026-04-13 00:00:00-04:00,14.420000076293945,15.239999771118164,14.170000076293945,15.130000114440918,16907500,0.0,0.0
2026-04-14 00:00:00-04:00,15.720000267028809,17.389999389648438,15.710000038146973,16.8700008392334,56976100,0.0,0.0
2026-04-15 00:00:00-04:00,17.875,19.510000228881836,17.180999755859375,19.110000610351562,77175300,0.0,0.0
2026-04-16 00:00:00-04:00,19.549999237060547,20.09000015258789,18.114999771118164,19.450000762939453,62582300,0.0,0.0
2026-04-17 00:00:00-04:00,19.90999984741211,20.170000076293945,19.149999618530273,19.809999465942383,40352800,0.0,0.0
2026-04-20 00:00:00-04:00,19.260000228881836,19.885000228881836,18.790000915527344,19.639999389648438,37783100,0.0,0.0
2026-04-21 00:00:00-04:00,19.65999984741211,19.8799991607666,18.158000946044922,18.25,35942000,0.0,0.0
2026-04-22 00:00:00-04:00,18.78499984741211,19.229999542236328,17.920000076293945,18.3799991607666,34076000,0.0,0.0
2026-04-23 00:00:00-04:00,18.010000228881836,18.266000747680664,16.5,16.860000610351562,27598800,0.0,0.0
2026-04-24 00:00:00-04:00,17.1200008392334,17.149999618530273,16.100000381469727,16.610000610351562,19593900,0.0,0.0
2026-04-27 00:00:00-04:00,16.25,16.948999404907227,16.110000610351562,16.90999984741211,18203500,0.0,0.0
2026-04-28 00:00:00-04:00,16.469999313354492,16.6299991607666,16.049999237060547,16.389999389648438,17554300,0.0,0.0
2026-04-29 00:00:00-04:00,16.229999542236328,16.2450008392334,15.300000190734863,16.079999923706055,21490000,0.0,0.0
2026-04-30 00:00:00-04:00,16.1200008392334,17.510000228881836,16.059999465942383,17.450000762939453,25523300,0.0,0.0
2026-05-01 00:00:00-04:00,17.15999984741211,17.635000228881836,16.80500030517578,17.5,16601500,0.0,0.0
2026-05-04 00:00:00-04:00,17.510000228881836,18.64900016784668,17.32900047302246,17.700000762939453,27828800,0.0,0.0
2026-05-05 00:00:00-04:00,17.889999389648438,18.469999313354492,17.079999923706055,18.270000457763672,24574700,0.0,0.0
2026-05-06 00:00:00-04:00,18.709999084472656,20.1200008392334,18.489999771118164,20.09000015258789,35257900,0.0,0.0
2026-05-07 00:00:00-04:00,19.274999618530273,19.639999389648438,18.065000534057617,18.34000015258789,25537300,0.0,0.0
2026-05-08 00:00:00-04:00,18.834999084472656,19.0,17.75,18.940000534057617,18261100,0.0,0.0
2026-05-11 00:00:00-04:00,18.665000915527344,20.850000381469727,18.332000732421875,20.510000228881836,44620300,0.0,0.0
2026-05-12 00:00:00-04:00,20.5,21.020000457763672,18.229999542236328,19.06999969482422,49520600,0.0,0.0
2026-05-13 00:00:00-04:00,19.149999618530273,19.170000076293945,17.889999389648438,18.415000915527344,27158600,0.0,0.0
2026-05-14 00:00:00-04:00,18.15999984741211,19.834999084472656,17.825000762939453,19.270000457763672,33827800,0.0,0.0
2026-05-15 00:00:00-04:00,18.440000534057617,18.469999313354492,17.549999237060547,17.850000381469727,27061900,0.0,0.0
2026-05-18 00:00:00-04:00,17.905000686645508,17.93000030517578,16.020000457763672,16.6200008392334,31095700,0.0,0.0
2026-05-19 00:00:00-04:00,16.274999618530273,16.760000228881836,15.460000038146973,15.960000038146973,20581400,0.0,0.0
2026-05-20 00:00:00-04:00,16.094999313354492,17.209999084472656,15.850000381469727,16.8799991607666,27194100,0.0,0.0
2026-05-21 00:00:00-04:00,18.684999465942383,22.100000381469727,18.399999618530273,22.040000915527344,148238500,0.0,0.0
2026-05-22 00:00:00-04:00,22.959999084472656,27.78499984741211,22.65999984741211,26.420000076293945,204233200,0.0,0.0
2026-05-26 00:00:00-04:00,26.010000228881836,26.56999969482422,23.719999313354492,25.065000534057617,89078700,0.0,0.0
2026-05-27 00:00:00-04:00,24.625,25.851999282836914,23.6200008392334,24.6200008392334,56481100,0.0,0.0
2026-05-28 00:00:00-04:00,24.889999389648438,27.579999923706055,24.149999618530273,27.030000686645508,86061200,0.0,0.0
2026-05-29 00:00:00-04:00,26.44499969482422,26.559999465942383,24.434999465942383,25.540000915527344,61186100,0.0,0.0
2026-06-01 00:00:00-04:00,24.739999771118164,26.479999542236328,24.049999237060547,25.6299991607666,70028400,0.0,0.0
2026-06-02 00:00:00-04:00,25.459999084472656,27.239999771118164,25.43000030517578,26.8799991607666,74159600,0.0,0.0
2026-06-03 00:00:00-04:00,26.559999465942383,28.059999465942383,23.780000686645508,24.094999313354492,78372500,0.0,0.0
2026-06-04 00:00:00-04:00,23.3799991607666,25.020000457763672,22.950000762939453,24.15999984741211,48003300,0.0,0.0
2026-06-05 00:00:00-04:00,23.165000915527344,23.190000534057617,20.100000381469727,20.68000030517578,50337900,0.0,0.0
2026-06-08 00:00:00-04:00,21.34000015258789,22.790000915527344,20.725000381469727,21.764999389648438,35468700,0.0,0.0
2026-06-09 00:00:00-04:00,21.674999237060547,22.6299991607666,18.469999313354492,19.690000534057617,49060800,0.0,0.0
2026-06-10 00:00:00-04:00,19.594999313354492,20.84000015258789,19.375,19.44499969482422,32632200,0.0,0.0
2026-06-11 00:00:00-04:00,19.270000457763672,21.231000900268555,19.15999984741211,20.6299991607666,46720800,0.0,0.0
2026-06-12 00:00:00-04:00,20.65999984741211,21.94499969482422,20.280000686645508,20.979999542236328,34662800,0.0,0.0
2026-06-15 00:00:00-04:00,22.469999313354492,23.565000534057617,22.139999389648438,22.700000762939453,44900900,0.0,0.0
2026-06-16 00:00:00-04:00,22.049999237060547,22.440000534057617,20.424999237060547,20.639999389648438,33373900,0.0,0.0
2026-06-17 00:00:00-04:00,20.950000762939453,21.420000076293945,20.170000076293945,20.2450008392334,25801800,0.0,0.0
2026-06-18 00:00:00-04:00,20.780000686645508,21.479999542236328,19.530000686645508,21.360000610351562,35772800,0.0,0.0
2026-06-22 00:00:00-04:00,20.8700008392334,22.475000381469727,20.405000686645508,21.3799991607666,38322300,0.0,0.0
2026-06-23 00:00:00-04:00,20.674999237060547,22.56999969482422,20.239999771118164,21.280000686645508,46627100,0.0,0.0
2026-06-24 00:00:00-04:00,20.809999465942383,20.96500015258789,19.014999389648438,19.530000686645508,35175100,0.0,0.0
2026-06-25 00:00:00-04:00,19.989999771118164,20.40999984741211,18.280000686645508,18.40999984741211,28023900,0.0,0.0
2026-06-26 00:00:00-04:00,17.93000030517578,18.950000762939453,17.709999084472656,18.360000610351562,33347700,0.0,0.0
2026-06-29 00:00:00-04:00,18.700000762939453,19.798999786376953,18.229999542236328,19.440000534057617,29713300,0.0,0.0
2026-06-30 00:00:00-04:00,19.024999618530273,19.704999923706055,18.780000686645508,19.31999969482422,20927200,0.0,0.0
2026-07-01 00:00:00-04:00,19.165000915527344,19.739999771118164,18.645000457763672,18.68000030517578,24518000,0.0,0.0
2026-07-02 00:00:00-04:00,18.729999542236328,19.674999237060547,17.549999237060547,17.940000534057617,25280900,0.0,0.0
2026-07-06 00:00:00-04:00,17.8799991607666,18.709999084472656,17.760000228881836,17.959999084472656,19619100,0.0,0.0
2026-07-07 00:00:00-04:00,17.479999542236328,17.545000076293945,16.239999771118164,16.549999237060547,26927400,0.0,0.0
2026-07-08 00:00:00-04:00,16.2549991607666,17.059999465942383,16.200000762939453,16.920000076293945,19333700,0.0,0.0
2026-07-09 00:00:00-04:00,16.979999542236328,17.327999114990234,16.700000762939453,16.989999771118164,17339500,0.0,0.0
2026-07-10 00:00:00-04:00,17.15999984741211,17.309999465942383,16.3700008392334,16.540000915527344,17719600,0.0,0.0
2026-07-13 00:00:00-04:00,16.170000076293945,16.299999237060547,15.149999618530273,15.359999656677246,26371100,0.0,0.0
2026-07-14 00:00:00-04:00,15.845000267028809,16.270000457763672,15.57800006866455,16.110000610351562,20989800,0.0,0.0
2026-07-15 00:00:00-04:00,16.15999984741211,16.3799991607666,14.90999984741211,15.25,22313000,0.0,0.0
2026-07-16 00:00:00-04:00,14.829999923706055,14.96500015258789,13.930000305175781,14.100000381469727,25689700,0.0,0.0
2026-07-17 00:00:00-04:00,13.680000305175781,14.579999923706055,13.40999984741211,14.109999656677246,22517800,0.0,0.0
2026-07-20 00:00:00-04:00,14.34000015258789,14.680000305175781,14.140000343322754,14.25,15847500,0.0,0.0
2026-07-21 00:00:00-04:00,14.739999771118164,15.395000457763672,14.675999641418457,15.279999732971191,19092900,0.0,0.0
2026-07-22 00:00:00-04:00,15.03499984741211,15.555000305175781,15.0,15.229999542236328,32631600,0.0,0.0
2026-07-23 00:00:00-04:00,14.795000076293945,15.600000381469727,14.664999961853027,14.850000381469727,18547600,0.0,0.0
2026-07-24 00:00:00-04:00,14.850000381469727,14.899999618530273,14.140000343322754,14.149999618530273,16004300,0.0,0.0
2026-07-27 00:00:00-04:00,15.09000015258789,16.1200008392334,14.880000114440918,15.640000343322754,30443400,0.0,0.0
2026-07-28 00:00:00-04:00,15.041999816894531,15.109999656677246,14.050000190734863,14.520000457763672,18022000,0.0,0.0
2026-07-29 00:00:00-04:00,14.319999694824219,14.430000305175781,13.130000114440918,13.220000267028809,20248900,0.0,0.0
2026-07-30 00:00:00-04:00,13.600000381469727,15.0,13.489999771118164,14.859999656677246,23909700,0.0,0.0
2026-07-31 00:00:00-04:00,15.194999694824219,15.625,14.765000343322754,14.949999809265137,16116300,0.0,0.0
2026-08-03 00:00:00-04:00,14.930000305175781,16.299999237060547,14.710000038146973,16.020000457763672,23184800,0.0,0.0
2026-08-04 00:00:00-04:00,16.5049991607666,17.719999313354492,16.479999542236328,17.450000762939453,24193000,0.0,0.0
2026-08-05 00:00:00-04:00,17.239999771118164,17.459999084472656,16.690000534057617,16.780000686645508,19241400,0.0,0.0
2026-08-06 00:00:00-04:00,16.149999618530273,17.139999389648438,16.059999465942383,16.530000686645508,22638400,0.0,0.0
2026-08-07 00:00:00-04:00,16.774999618530273,17.950000762939453,16.405000686645508,17.940000534057617,30022300,0.0,0.0
2026-08-10 00:00:00-04:00,17.90999984741211,18.28499984741211,17.485000610351562,17.649999618530273,18189000,0.0,0.0
2026-08-11 00:00:00-04:00,17.940000534057617,18.239999771118164,17.5,18.09000015258789,16414200,0.0,0.0
2026-08-12 00:00:00-04:00,18.56999969482422,18.670000076293945,17.729999542236328,18.420000076293945,16914900,0.0,0.0
2026-08-13 00:00:00-04:00,18.31999969482422,19.364999771118164,18.309999465942383,18.6200008392334,19326400,0.0,0.0
2026-08-14 00:00:00-04:00,18.434999465942383,19.25,18.399999618530273,18.81999969482422,16960700,0.0,0.0
2026-08-17 00:00:00-04:00,18.780000686645508,18.954999923706055,18.209999084472656,18.670000076293945,10477100,0.0,0.0
2026-08-18 00:00:00-04:00,17.610000610351562,18.635000228881836,17.520000457763672,17.709999084472656,13748000,0.0,0.0
2026-08-19 00:00:00-04:00,17.375,17.815000534057617,16.670000076293945,17.0,19255500,0.0,0.0
2026-08-20 00:00:00-04:00,16.899999618530273,16.969999313354492,15.664999961853027,16.065000534057617,20174500,0.0,0.0
2026-08-21 00:00:00-04:00,16.315000534057617,18.05500030517578,16.299999237060547,17.90999984741211,23134900,0.0,0.0
2026-08-24 00:00:00-04:00,17.4950008392334,17.5,16.309999465942383,16.3700008392334,21717600,0.0,0.0
2026-08-25 00:00:00-04:00,16.81999969482422,17.239999771118164,16.34000015258789,16.940000534057617,13573100,0.0,0.0
2026-08-26 00:00:00-04:00,16.700000762939453,16.940000534057617,15.930000305175781,15.9399995803833,15413300,0.0,0.0
2026-08-27 00:00:00-04:00,16.28499984741211,16.68000030517578,16.010000228881836,16.440000534057617,15148600,0.0,0.0
2026-08-28 00:00:00-04:00,16.25,16.360000610351562,15.4399995803833,15.59000015258789,14609700,0.0,0.0
2026-08-31 00:00:00-04:00,15.470000267028809,15.890000343322754,15.449999809265137,15.65999984741211,9813400,0.0,0.0
2026-09-01 00:00:00-04:00,15.017999649047852,15.289999961853027,14.8100004196167,14.989999771118164,13159900,0.0,0.0
2026-09-02 00:00:00-04:00,14.819999694824219,15.050000190734863,14.595000267028809,14.869999885559082,11959900,0.0,0.0
2026-09-03 00:00:00-04:00,14.84000015258789,15.319999694824219,14.829999923706055,15.180000305175781,14141400,0.0,0.0
2026-09-04 00:00:00-04:00,15.220000267028809,15.460000038146973,15.010000228881836,15.199999809265137,10658500,0.0,0.0
2026-09-08 00:00:00-04:00,16.385000228881836,17.049999237060547,15.369999885559082,15.8100004196167,42273500,0.0,0.0
2026-09-09 00:00:00-04:00,15.630000114440918,15.9399995803833,15.154999732971191,15.239999771118164,18622300,0.0,0.0
2026-09-10 00:00:00-04:00,14.890000343322754,15.430000305175781,14.84000015258789,15.15999984741211,14724000,0.0,0.0
2026-09-11 00:00:00-04:00,15.34000015258789,15.779999732971191,15.079999923706055,15.270000457763672,14344700,0.0,0.0
