Date,Open,High,Low,Close,Volume,Dividends,Stock Splits
1978-10-31 00:00:00-05:00,0.6793220639228821,0.8302829352542004,0.6793220639228821,0.6793220639228821,17993,0.0,0.0
1978-11-01 00:00:00-05:00,0.7170619964599609,0.8680228528399375,0.7170619964599609,0.7170619964599609,36515,0.0,0.0
1978-11-02 00:00:00-05:00,0.792542040348053,0.9435029437042192,0.792542040348053,0.792542040348053,30429,0.0,0.0
1978-11-03 00:00:00-05:00,0.792542040348053,0.9435029437042192,0.792542040348053,0.792542040348053,9790,0.0,0.0
1978-11-06 00:00:00-05:00,0.9435028433799744,1.0944629211931838,0.9435028433799744,0.9435028433799744,14288,0.0,0.0
1978-11-07 00:00:00-05:00,0.9435028470289519,1.056722929635295,0.9057628512382507,0.9057628512382507,2381,0.0,0.0
1978-11-08 00:00:00-05:00,0.9435028433799744,1.0944629211931838,0.9435028433799744,0.9435028433799744,1058,0.0,0.0
1978-11-09 00:00:00-05:00,0.9435028433799744,1.0944629211931838,0.9435028433799744,0.9435028433799744,6615,0.0,0.0
1978-11-10 00:00:00-05:00,0.9435028433799744,1.0944629211931838,0.9435028433799744,0.9435028433799744,2646,0.0,0.0
1978-11-13 00:00:00-05:00,0.9435028470289519,1.056722929635295,0.9057628512382507,0.9057628512382507,13230,0.0,0.0
1978-11-14 00:00:00-05:00,0.9057628980682966,0.9812428935521901,0.8302828073501587,0.8302828073501587,2381,0.0,0.0
1978-11-15 00:00:00-05:00,0.8302828530220048,0.8680228528399375,0.7170619964599609,0.7170619964599609,21168,0.0,0.0
1978-11-16 00:00:00-05:00,0.7170619964599609,0.8680228528399375,0.7170619964599609,0.7170619964599609,11113,0.0,0.0
1978-11-17 00:00:00-05:00,0.717062067478629,0.8302829352542004,0.6793220639228821,0.6793220639228821,20639,0.0,0.0
1978-11-20 00:00:00-05:00,0.792542040348053,0.9435029437042192,0.792542040348053,0.792542040348053,84937,0.0,0.0
1978-11-21 00:00:00-05:00,0.792542043712951,0.8680228528399375,0.7170619964599609,0.7170619964599609,20374,0.0,0.0
1978-11-22 00:00:00-05:00,0.7170619964599609,0.8680228528399375,0.7170619964599609,0.7170619964599609,5027,0.0,0.0
1978-11-24 00:00:00-05:00,0.717062067478629,0.8302829352542004,0.6793220639228821,0.6793220639228821,3175,0.0,0.0
1978-11-27 00:00:00-05:00,0.6793220639228821,0.8302829352542004,0.6793220639228821,0.6793220639228821,1323,0.0,0.0
1978-11-28 00:00:00-05:00,0.6793220639228821,0.8302829352542004,0.6793220639228821,0.6793220639228821,6086,0.0,0.0
1978-11-29 00:00:00-05:00,0.6793218739832729,0.7925419006111213,0.6415818333625793,0.6415818333625793,16670,0.0,0.0
1978-11-30 00:00:00-05:00,0.6415818333625793,0.7925419006111213,0.6415818333625793,0.6415818333625793,7409,0.0,0.0
1978-12-01 00:00:00-05:00,0.6415818333625793,0.7925419006111213,0.6415818333625793,0.6415818333625793,5027,0.0,0.0
1978-12-04 00:00:00-05:00,0.6415818333625793,0.7925419006111213,0.6415818333625793,0.6415818333625793,3969,0.0,0.0
1978-12-05 00:00:00-05:00,0.6415818333625793,0.7925419006111213,0.6415818333625793,0.6415818333625793,3969,0.0,0.0
1978-12-06 00:00:00-05:00,0.6415820242680679,0.7548021322021622,0.60384202003479,0.60384202003479,26460,0.0,0.0
1978-12-07 00:00:00-05:00,0.60384202003479,0.7548021322021622,0.60384202003479,0.60384202003479,9526,0.0,0.0
1978-12-08 00:00:00-05:00,0.60384202003479,0.7548021322021622,0.60384202003479,0.60384202003479,4234,0.0,0.0
1978-12-11 00:00:00-05:00,0.60384202003479,0.7548021322021622,0.60384202003479,0.60384202003479,794,0.0,0.0
1978-12-12 00:00:00-05:00,0.60384202003479,0.7548021322021622,0.60384202003479,0.60384202003479,7673,0.0,0.0
1978-12-13 00:00:00-05:00,0.603841892989207,0.7170619294851911,0.5661018490791321,0.5661018490791321,57154,0.0,0.0
1978-12-14 00:00:00-05:00,0.5661021089752947,0.6793222450675005,0.5283620953559875,0.5283620953559875,29900,0.0,0.0
1978-12-15 00:00:00-05:00,0.5283617894242713,0.6038418205756267,0.45288094878196716,0.45288094878196716,52391,0.0,0.0
1978-12-18 00:00:00-05:00,0.452881045908162,0.566101902599263,0.4151410460472107,0.4151410460472107,23285,0.0,0.0
1978-12-19 00:00:00-05:00,0.45288094878196716,0.6038418205756267,0.45288094878196716,0.45288094878196716,10584,0.0,0.0
1978-12-20 00:00:00-05:00,0.45288094878196716,0.45288094878196716,0.45288094878196716,0.45288094878196716,0,0.0,0.0
1978-12-21 00:00:00-05:00,0.49062189459800715,0.6415819391114531,0.49062189459800715,0.4906218945980072,11642,0.0,0.0
1978-12-22 00:00:00-05:00,0.60384202003479,0.7548021322021622,0.60384202003479,0.60384202003479,10319,0.0,0.0
1978-12-26 00:00:00-05:00,0.60384202003479,0.7548021322021622,0.60384202003479,0.60384202003479,6880,0.0,0.0
1978-12-27 00:00:00-05:00,0.603841892989207,0.7170619294851911,0.5661018490791321,0.5661018490791321,9790,0.0,0.0
1978-12-28 00:00:00-05:00,0.5661018490791321,0.7170619294851911,0.5661018490791321,0.5661018490791321,3175,0.0,0.0
1978-12-29 00:00:00-05:00,0.5661018490791321,0.7170619294851911,0.5661018490791321,0.5661018490791321,13495,0.0,0.0
1979-01-02 00:00:00-05:00,0.5661018490791321,0.7170619294851911,0.5661018490791321,0.5661018490791321,3440,0.0,0.0
1979-01-03 00:00:00-05:00,0.5661018490791321,0.7170619294851911,0.5661018490791321,0.5661018490791321,3704,0.0,0.0
1979-01-04 00:00:00-05:00,0.60384202003479,0.7548021322021622,0.60384202003479,0.60384202003479,15082,0.0,0.0
1979-01-05 00:00:00-05:00,0.603841892989207,0.7170619294851911,0.5661018490791321,0.5661018490791321,10319,0.0,0.0
1979-01-08 00:00:00-05:00,0.5661018490791321,0.7170619294851911,0.5661018490791321,0.5661018490791321,39955,0.0,0.0
1979-01-09 00:00:00-05:00,0.5661018490791321,0.7170619294851911,0.5661018490791321,0.5661018490791321,21697,0.0,0.0
1979-01-10 00:00:00-05:00,0.5661018490791321,0.7170619294851911,0.5661018490791321,0.5661018490791321,17993,0.0,0.0
1979-01-11 00:00:00-05:00,0.5661018490791321,0.7170619294851911,0.5661018490791321,0.5661018490791321,30694,0.0,0.0
1979-01-12 00:00:00-05:00,0.6793220639228821,0.8302829352542004,0.6793220639228821,0.6793220639228821,57418,0.0,0.0
1979-01-15 00:00:00-05:00,0.6793220639228821,0.8302829352542004,0.6793220639228821,0.6793220639228821,16670,0.0,0.0
1979-01-16 00:00:00-05:00,0.6793218739832729,0.7925419006111213,0.6415818333625793,0.6415818333625793,18787,0.0,0.0
1979-01-17 00:00:00-05:00,0.6415820242680679,0.7548021322021622,0.60384202003479,0.60384202003479,7938,0.0,0.0
1979-01-18 00:00:00-05:00,0.60384202003479,0.7548021322021622,0.60384202003479,0.60384202003479,3969,0.0,0.0
1979-01-19 00:00:00-05:00,0.6415818333625793,0.7925419006111213,0.6415818333625793,0.6415818333625793,18257,0.0,0.0
1979-01-22 00:00:00-05:00,0.6793220639228821,0.8302829352542004,0.6793220639228821,0.6793220639228821,17993,0.0,0.0
1979-01-23 00:00:00-05:00,0.7548019289970398,0.90576281001447,0.7548019289970398,0.7548019289970398,31752,0.0,0.0
1979-01-24 00:00:00-05:00,0.8302828073501587,0.9812428935521901,0.8302828073501587,0.8302828073501587,69854,0.0,0.0
1979-01-25 00:00:00-05:00,0.9435028433799744,1.0944629211931838,0.9435028433799744,0.9435028433799744,31752,0.0,0.0
1979-01-26 00:00:00-05:00,0.9435029545106921,1.0189829546906068,0.8680228590965271,0.8680228590965271,71177,0.0,0.0
1979-01-29 00:00:00-05:00,0.9057628512382507,1.056722929635295,0.9057628512382507,0.9057628512382507,54243,0.0,0.0
1979-01-30 00:00:00-05:00,0.9057629544207347,1.0189829546906068,0.8680228590965271,0.8680228590965271,24343,0.0,0.0
1979-01-31 00:00:00-05:00,0.8680228590965271,1.0189829546906068,0.8680228590965271,0.8680228590965271,16934,0.0,0.0
1979-02-01 00:00:00-05:00,0.8680228590965271,1.0189829546906068,0.8680228590965271,0.8680228590965271,20374,0.0,0.0
1979-02-02 00:00:00-05:00,0.8680228590965271,1.0189829546906068,0.8680228590965271,0.8680228590965271,46834,0.0,0.0
1979-02-05 00:00:00-05:00,0.8680228491545704,0.9435029437042192,0.792542040348053,0.792542040348053,67473,0.0,0.0
1979-02-06 00:00:00-05:00,0.8302828073501587,0.9812428935521901,0.8302828073501587,0.8302828073501587,8732,0.0,0.0
1979-02-07 00:00:00-05:00,0.8302828073501587,0.9812428935521901,0.8302828073501587,0.8302828073501587,15611,0.0,0.0
1979-02-08 00:00:00-05:00,0.8302828073501587,0.9812428935521901,0.8302828073501587,0.8302828073501587,10319,0.0,0.0
1979-02-09 00:00:00-05:00,0.8302828073501587,0.9812428935521901,0.8302828073501587,0.8302828073501587,25402,0.0,0.0
1979-02-12 00:00:00-05:00,0.8302828073501587,0.9812428935521901,0.8302828073501587,0.8302828073501587,2911,0.0,0.0
1979-02-13 00:00:00-05:00,0.8302828494968706,0.9435029437042192,0.792542040348053,0.792542040348053,16934,0.0,0.0
1979-02-14 00:00:00-05:00,0.792542040348053,0.9435029437042192,0.792542040348053,0.792542040348053,6880,0.0,0.0
1979-02-15 00:00:00-05:00,0.792542040348053,0.9435029437042192,0.792542040348053,0.792542040348053,105840,0.0,0.0
1979-02-16 00:00:00-05:00,0.792542040348053,0.9435029437042192,0.792542040348053,0.792542040348053,44453,0.0,0.0
1979-02-20 00:00:00-05:00,0.7925419230700891,0.90576281001447,0.7548019289970398,0.7548019289970398,18787,0.0,0.0
1979-02-21 00:00:00-05:00,0.7548019289970398,0.90576281001447,0.7548019289970398,0.7548019289970398,45776,0.0,0.0
1979-02-22 00:00:00-05:00,0.7548020438950184,0.8680228528399375,0.7170619964599609,0.7170619964599609,25931,0.0,0.0
1979-02-23 00:00:00-05:00,0.7548019289970398,0.90576281001447,0.7548019289970398,0.7548019289970398,28577,0.0,0.0
1979-02-26 00:00:00-05:00,0.7548020438950184,0.8680228528399375,0.7170619964599609,0.7170619964599609,23549,0.0,0.0
1979-02-27 00:00:00-05:00,0.717062067478629,0.8302829352542004,0.6793220639228821,0.6793220639228821,18522,0.0,0.0
1979-02-28 00:00:00-05:00,0.6793220639228821,0.8302829352542004,0.6793220639228821,0.6793220639228821,4763,0.0,0.0
1979-03-01 00:00:00-05:00,0.6793218739832729,0.7925419006111213,0.6415818333625793,0.6415818333625793,21168,0.0,0.0
1979-03-02 00:00:00-05:00,0.7548019289970398,0.90576281001447,0.7548019289970398,0.7548019289970398,82555,0.0,0.0
1979-03-05 00:00:00-05:00,0.7548019289970398,0.90576281001447,0.7548019289970398,0.7548019289970398,41807,0.0,0.0
1979-03-06 00:00:00-05:00,0.7548020438950184,0.8680228528399375,0.7170619964599609,0.7170619964599609,15876,0.0,0.0
1979-03-07 00:00:00-05:00,0.717062067478629,0.8302829352542004,0.6793220639228821,0.6793220639228821,23285,0.0,0.0
1979-03-08 00:00:00-05:00,0.6793220639228821,0.8302829352542004,0.6793220639228821,0.6793220639228821,13230,0.0,0.0
1979-03-09 00:00:00-05:00,0.6793220639228821,0.8302829352542004,0.6793220639228821,0.6793220639228821,16141,0.0,0.0
1979-03-12 00:00:00-05:00,0.7170619964599609,0.8680228528399375,0.7170619964599609,0.7170619964599609,18787,0.0,0.0
1979-03-13 00:00:00-05:00,0.717062067478629,0.8302829352542004,0.6793220639228821,0.6793220639228821,20110,0.0,0.0
1979-03-14 00:00:00-05:00,0.6793220639228821,0.8302829352542004,0.6793220639228821,0.6793220639228821,10319,0.0,0.0
1979-03-15 00:00:00-05:00,0.6793218739832729,0.7925419006111213,0.6415818333625793,0.6415818333625793,13230,0.0,0.0
1979-03-16 00:00:00-05:00,0.6415818333625793,0.7925419006111213,0.6415818333625793,0.6415818333625793,10055,0.0,0.0
1979-03-19 00:00:00-05:00,0.6415818333625793,0.7925419006111213,0.6415818333625793,0.6415818333625793,12172,0.0,0.0
1979-03-20 00:00:00-05:00,0.6793220639228821,0.8302829352542004,0.6793220639228821,0.6793220639228821,10849,0.0,0.0
1979-03-21 00:00:00-05:00,0.7548019289970398,0.90576281001447,0.7548019289970398,0.7548019289970398,29900,0.0,0.0
1979-03-22 00:00:00-05:00,0.7548019289970398,0.90576281001447,0.7548019289970398,0.7548019289970398,48157,0.0,0.0
1979-03-23 00:00:00-05:00,0.8302828073501587,0.9812428935521901,0.8302828073501587,0.8302828073501587,77792,0.0,0.0
1979-03-26 00:00:00-05:00,0.9435028433799744,1.0944629211931838,0.9435028433799744,0.9435028433799744,38896,0.0,0.0
1979-03-27 00:00:00-05:00,1.0567232370376587,1.2076841212233642,1.0567232370376587,1.0567232370376587,89170,0.0,0.0
1979-03-28 00:00:00-05:00,1.056722929635295,1.056722929635295,0.9057628512382507,0.9057628512382507,42071,0.0,0.0
1979-03-29 00:00:00-05:00,0.9812430143356323,1.132203880993736,0.9812430143356323,0.9812430143356323,36515,0.0,0.0
1979-03-30 00:00:00-05:00,1.0189824104309082,1.1699432825018987,1.0189824104309082,1.0189824104309082,16405,0.0,0.0
1979-04-02 00:00:00-05:00,1.0189830167230822,1.132203880993736,0.9812430143356323,0.9812430143356323,35721,0.0,0.0
1979-04-03 00:00:00-05:00,1.0189824104309082,1.1699432825018987,1.0189824104309082,1.0189824104309082,28048,0.0,0.0
1979-04-04 00:00:00-05:00,1.0567232370376587,1.2076841212233642,1.0567232370376587,1.0567232370376587,19316,0.0,0.0
1979-04-05 00:00:00-05:00,1.056723114344788,1.132203880993736,0.9812430143356323,0.9812430143356323,13230,0.0,0.0
1979-04-06 00:00:00-05:00,1.0189824104309082,1.1699432825018987,1.0189824104309082,1.0189824104309082,10584,0.0,0.0
1979-04-09 00:00:00-05:00,1.0189830167230822,1.132203880993736,0.9812430143356323,0.9812430143356323,11907,0.0,0.0
1979-04-10 00:00:00-05:00,0.9812430143356323,1.132203880993736,0.9812430143356323,0.9812430143356323,21962,0.0,0.0
1979-04-11 00:00:00-05:00,0.9812428390247169,1.0944629211931838,0.9435028433799744,0.9435028433799744,28577,0.0,0.0
1979-04-12 00:00:00-05:00,0.9435028470289519,1.056722929635295,0.9057628512382507,0.9057628512382507,16405,0.0,0.0
1979-04-16 00:00:00-05:00,0.9057629544207347,1.0189829546906068,0.8680228590965271,0.8680228590965271,20110,0.0,0.0
1979-04-17 00:00:00-05:00,0.8680228050921054,0.9812428935521901,0.8302828073501587,0.8302828073501587,25666,0.0,0.0
1979-04-18 00:00:00-05:00,0.8302828073501587,0.9812428935521901,0.8302828073501587,0.8302828073501587,6350,0.0,0.0
1979-04-19 00:00:00-05:00,0.8680228590965271,1.0189829546906068,0.8680228590965271,0.8680228590965271,11907,0.0,0.0
1979-04-20 00:00:00-05:00,0.9057628512382507,1.056722929635295,0.9057628512382507,0.9057628512382507,7409,0.0,0.0
1979-04-23 00:00:00-05:00,0.9057628512382507,1.056722929635295,0.9057628512382507,0.9057628512382507,35986,0.0,0.0
1979-04-24 00:00:00-05:00,0.9057628512382507,1.056722929635295,0.9057628512382507,0.9057628512382507,62446,0.0,0.0
1979-04-25 00:00:00-05:00,0.9435028433799744,1.0944629211931838,0.9435028433799744,0.9435028433799744,11642,0.0,0.0
1979-04-26 00:00:00-05:00,0.9435028433799744,1.0944629211931838,0.9435028433799744,0.9435028433799744,11378,0.0,0.0
1979-04-27 00:00:00-05:00,0.9435028433799744,1.0944629211931838,0.9435028433799744,0.9435028433799744,14288,0.0,0.0
1979-04-30 00:00:00-04:00,0.9435028433799744,1.0944629211931838,0.9435028433799744,0.9435028433799744,11642,0.0,0.0
1979-05-01 00:00:00-04:00,0.9435028470289519,1.056722929635295,0.9057628512382507,0.9057628512382507,7938,0.0,0.0
1979-05-02 00:00:00-04:00,0.9057628512382507,1.056722929635295,0.9057628512382507,0.9057628512382507,8732,0.0,0.0
1979-05-03 00:00:00-04:00,0.9057628512382507,1.056722929635295,0.9057628512382507,0.9057628512382507,15347,0.0,0.0
1979-05-04 00:00:00-04:00,0.9057628512382507,1.056722929635295,0.9057628512382507,0.9057628512382507,25402,0.0,0.0
1979-05-07 00:00:00-04:00,0.9057629544207347,1.0189829546906068,0.8680228590965271,0.8680228590965271,12965,0.0,0.0
1979-05-08 00:00:00-04:00,0.8680228590965271,1.0189829546906068,0.8680228590965271,0.8680228590965271,10849,0.0,0.0
1979-05-09 00:00:00-04:00,0.9057628512382507,1.056722929635295,0.9057628512382507,0.9057628512382507,14288,0.0,0.0
1979-05-10 00:00:00-04:00,0.9057629544207347,1.0189829546906068,0.8680228590965271,0.8680228590965271,15347,0.0,0.0
1979-05-11 00:00:00-04:00,0.9057628512382507,1.056722929635295,0.9057628512382507,0.9057628512382507,12701,0.0,0.0
1979-05-14 00:00:00-04:00,0.9057629544207347,1.0189829546906068,0.8680228590965271,0.8680228590965271,26725,0.0,0.0
1979-05-15 00:00:00-04:00,0.8680228590965271,1.0189829546906068,0.8680228590965271,0.8680228590965271,12436,0.0,0.0
1979-05-16 00:00:00-04:00,0.8680228590965271,1.0189829546906068,0.8680228590965271,0.8680228590965271,25931,0.0,0.0
1979-05-17 00:00:00-04:00,0.8680228590965271,1.0189829546906068,0.8680228590965271,0.8680228590965271,68796,0.0,0.0
1979-05-18 00:00:00-04:00,0.8680228590965271,1.0189829546906068,0.8680228590965271,0.8680228590965271,9790,0.0,0.0
1979-05-21 00:00:00-04:00,0.8680228590965271,1.0189829546906068,0.8680228590965271,0.8680228590965271,11642,0.0,0.0
1979-05-22 00:00:00-04:00,0.8680228590965271,1.0189829546906068,0.8680228590965271,0.8680228590965271,5557,0.0,0.0
1979-05-23 00:00:00-04:00,0.8680228590965271,1.0189829546906068,0.8680228590965271,0.8680228590965271,5027,0.0,0.0
1979-05-24 00:00:00-04:00,0.8680228590965271,1.0189829546906068,0.8680228590965271,0.8680228590965271,13759,0.0,0.0
1979-05-25 00:00:00-04:00,0.9057628512382507,1.056722929635295,0.9057628512382507,0.9057628512382507,38102,0.0,0.0
1979-05-29 00:00:00-04:00,0.9057628512382507,1.056722929635295,0.9057628512382507,0.9057628512382507,8203,0.0,0.0
1979-05-30 00:00:00-04:00,0.9057628512382507,1.056722929635295,0.9057628512382507,0.9057628512382507,14024,0.0,0.0
1979-05-31 00:00:00-04:00,0.9057628512382507,1.056722929635295,0.9057628512382507,0.9057628512382507,6615,0.0,0.0
1979-06-01 00:00:00-04:00,0.9057628512382507,1.056722929635295,0.9057628512382507,0.9057628512382507,12701,0.0,0.0
1979-06-04 00:00:00-04:00,0.9057628512382507,1.056722929635295,0.9057628512382507,0.9057628512382507,28048,0.0,0.0
1979-06-05 00:00:00-04:00,0.9057629544207347,1.0189829546906068,0.8680228590965271,0.8680228590965271,30429,0.0,0.0
1979-06-06 00:00:00-04:00,0.8680228050921054,0.9812428935521901,0.8302828073501587,0.8302828073501587,4234,0.0,0.0
1979-06-07 00:00:00-04:00,0.8302828073501587,0.9812428935521901,0.8302828073501587,0.8302828073501587,17993,0.0,0.0
1979-06-08 00:00:00-04:00,0.8302828073501587,0.9812428935521901,0.8302828073501587,0.8302828073501587,6350,0.0,0.0
1979-06-11 00:00:00-04:00,0.8680228590965271,1.0189829546906068,0.8680228590965271,0.8680228590965271,8467,0.0,0.0
1979-06-12 00:00:00-04:00,0.8680228590965271,1.0189829546906068,0.8680228590965271,0.8680228590965271,27783,0.0,0.0
1979-06-13 00:00:00-04:00,0.8680228491545704,0.9435029437042192,0.792542040348053,0.792542040348053,20374,0.0,0.0
1979-06-14 00:00:00-04:00,0.792542040348053,0.9435029437042192,0.792542040348053,0.792542040348053,11378,0.0,0.0
1979-06-15 00:00:00-04:00,0.792542040348053,0.9435029437042192,0.792542040348053,0.792542040348053,5292,0.0,0.0
1979-06-18 00:00:00-04:00,0.792542040348053,0.9435029437042192,0.792542040348053,0.792542040348053,12701,0.0,0.0
1979-06-19 00:00:00-04:00,0.792542040348053,0.9435029437042192,0.792542040348053,0.792542040348053,6350,0.0,0.0
1979-06-20 00:00:00-04:00,0.792542040348053,0.9435029437042192,0.792542040348053,0.792542040348053,17993,0.0,0.0
1979-06-21 00:00:00-04:00,0.7925419230700891,0.90576281001447,0.7548019289970398,0.7548019289970398,6615,0.0,0.0
1979-06-22 00:00:00-04:00,0.792542040348053,0.9435029437042192,0.792542040348053,0.792542040348053,23549,0.0,0.0
1979-06-25 00:00:00-04:00,0.792542040348053,0.9435029437042192,0.792542040348053,0.792542040348053,29635,0.0,0.0
1979-06-26 00:00:00-04:00,0.792542040348053,0.9435029437042192,0.792542040348053,0.792542040348053,2911,0.0,0.0
1979-06-27 00:00:00-04:00,0.792542040348053,0.9435029437042192,0.792542040348053,0.792542040348053,265,0.0,0.0
1979-06-28 00:00:00-04:00,0.792542040348053,0.9435029437042192,0.792542040348053,0.792542040348053,4763,0.0,0.0
1979-06-29 00:00:00-04:00,0.792542040348053,0.9435029437042192,0.792542040348053,0.792542040348053,3704,0.0,0.0
1979-07-02 00:00:00-04:00,0.792542040348053,0.9435029437042192,0.792542040348053,0.792542040348053,11907,0.0,0.0
1979-07-03 00:00:00-04:00,0.7925419230700891,0.90576281001447,0.7548019289970398,0.7548019289970398,10055,0.0,0.0
1979-07-05 00:00:00-04:00,0.7548019289970398,0.90576281001447,0.7548019289970398,0.7548019289970398,3969,0.0,0.0
1979-07-06 00:00:00-04:00,0.792542040348053,0.9435029437042192,0.792542040348053,0.792542040348053,3969,0.0,0.0
1979-07-09 00:00:00-04:00,0.792542040348053,0.9435029437042192,0.792542040348053,0.792542040348053,5292,0.0,0.0
1979-07-10 00:00:00-04:00,0.792542040348053,0.9435029437042192,0.792542040348053,0.792542040348053,7673,0.0,0.0
1979-07-11 00:00:00-04:00,0.792542040348053,0.9435029437042192,0.792542040348053,0.792542040348053,8203,0.0,0.0
1979-07-12 00:00:00-04:00,0.792542040348053,0.9435029437042192,0.792542040348053,0.792542040348053,2911,0.0,0.0
1979-07-13 00:00:00-04:00,0.7925419230700891,0.90576281001447,0.7548019289970398,0.7548019289970398,5027,0.0,0.0
1979-07-16 00:00:00-04:00,0.7548019289970398,0.90576281001447,0.7548019289970398,0.7548019289970398,13495,0.0,0.0
1979-07-17 00:00:00-04:00,0.7548020438950184,0.8680228528399375,0.7170619964599609,0.7170619964599609,42336,0.0,0.0
1979-07-18 00:00:00-04:00,0.717062067478629,0.8302829352542004,0.6793220639228821,0.6793220639228821,26989,0.0,0.0
1979-07-19 00:00:00-04:00,0.6793220639228821,0.8302829352542004,0.6793220639228821,0.6793220639228821,7938,0.0,0.0
1979-07-20 00:00:00-04:00,0.6793220639228821,0.8302829352542004,0.6793220639228821,0.6793220639228821,2911,0.0,0.0
1979-07-23 00:00:00-04:00,0.6793220639228821,0.6793220639228821,0.6793220639228821,0.6793220639228821,0,0.0,0.0
1979-07-24 00:00:00-04:00,0.6793220639228821,0.8302829352542004,0.6793220639228821,0.6793220639228821,7673,0.0,0.0
1979-07-25 00:00:00-04:00,0.6793220639228821,0.8302829352542004,0.6793220639228821,0.6793220639228821,8467,0.0,0.0
1979-07-26 00:00:00-04:00,0.6793218739832729,0.7925419006111213,0.6415818333625793,0.6415818333625793,8732,0.0,0.0
1979-07-27 00:00:00-04:00,0.6415818333625793,0.7925419006111213,0.6415818333625793,0.6415818333625793,3175,0.0,0.0
1979-07-30 00:00:00-04:00,0.6415818333625793,0.7925419006111213,0.6415818333625793,0.6415818333625793,3440,0.0,0.0
1979-07-31 00:00:00-04:00,0.6793220639228821,0.8302829352542004,0.6793220639228821,0.6793220639228821,7673,0.0,0.0
1979-08-01 00:00:00-04:00,0.6793220639228821,0.8302829352542004,0.6793220639228821,0.6793220639228821,8732,0.0,0.0
1979-08-02 00:00:00-04:00,0.7170619964599609,0.8680228528399375,0.7170619964599609,0.7170619964599609,3440,0.0,0.0
1979-08-03 00:00:00-04:00,0.7170619964599609,0.8680228528399375,0.7170619964599609,0.7170619964599609,64827,0.0,0.0
1979-08-06 00:00:00-04:00,0.7170619964599609,0.8680228528399375,0.7170619964599609,0.7170619964599609,10055,0.0,0.0
1979-08-07 00:00:00-04:00,0.7170619964599609,0.8680228528399375,0.7170619964599609,0.7170619964599609,6880,0.0,0.0
1979-08-08 00:00:00-04:00,0.7170619964599609,0.8680228528399375,0.7170619964599609,0.7170619964599609,46305,0.0,0.0
1979-08-09 00:00:00-04:00,0.7170619964599609,0.8680228528399375,0.7170619964599609,0.7170619964599609,7938,0.0,0.0
1979-08-10 00:00:00-04:00,0.7170619964599609,0.8680228528399375,0.7170619964599609,0.7170619964599609,2381,0.0,0.0
1979-08-13 00:00:00-04:00,0.7170619964599609,0.8680228528399375,0.7170619964599609,0.7170619964599609,8467,0.0,0.0
1979-08-14 00:00:00-04:00,0.7170619964599609,0.8680228528399375,0.7170619964599609,0.7170619964599609,7409,0.0,0.0
1979-08-15 00:00:00-04:00,0.7170619964599609,0.8680228528399375,0.7170619964599609,0.7170619964599609,2381,0.0,0.0
1979-08-16 00:00:00-04:00,0.7170619964599609,0.8680228528399375,0.7170619964599609,0.7170619964599609,1323,0.0,0.0
1979-08-17 00:00:00-04:00,0.7170619964599609,0.8680228528399375,0.7170619964599609,0.7170619964599609,4498,0.0,0.0
1979-08-20 00:00:00-04:00,0.717062067478629,0.8302829352542004,0.6793220639228821,0.6793220639228821,1852,0.0,0.0
1979-08-21 00:00:00-04:00,0.7170619964599609,0.8680228528399375,0.7170619964599609,0.7170619964599609,11907,0.0,0.0
1979-08-22 00:00:00-04:00,0.7548019289970398,0.90576281001447,0.7548019289970398,0.7548019289970398,6880,0.0,0.0
1979-08-23 00:00:00-04:00,0.792542040348053,0.9435029437042192,0.792542040348053,0.792542040348053,16141,0.0,0.0
1979-08-24 00:00:00-04:00,0.792542040348053,0.9435029437042192,0.792542040348053,0.792542040348053,44982,0.0,0.0
1979-08-27 00:00:00-04:00,0.8302828073501587,0.9812428935521901,0.8302828073501587,0.8302828073501587,20110,0.0,0.0
1979-08-28 00:00:00-04:00,0.8302828073501587,0.9812428935521901,0.8302828073501587,0.8302828073501587,8996,0.0,0.0
1979-08-29 00:00:00-04:00,0.8302828073501587,0.9812428935521901,0.8302828073501587,0.8302828073501587,26989,0.0,0.0
1979-08-30 00:00:00-04:00,0.8680228590965271,1.0189829546906068,0.8680228590965271,0.8680228590965271,29106,0.0,0.0
1979-08-31 00:00:00-04:00,0.8680228590965271,1.0189829546906068,0.8680228590965271,0.8680228590965271,24343,0.0,0.0
1979-09-04 00:00:00-04:00,0.8680228050921054,0.9812428935521901,0.8302828073501587,0.8302828073501587,4498,0.0,0.0
1979-09-05 00:00:00-04:00,0.8302828073501587,0.9812428935521901,0.8302828073501587,0.8302828073501587,15876,0.0,0.0
1979-09-06 00:00:00-04:00,0.8680228590965271,1.0189829546906068,0.8680228590965271,0.8680228590965271,43394,0.0,0.0
1979-09-07 00:00:00-04:00,0.9057628512382507,1.056722929635295,0.9057628512382507,0.9057628512382507,186808,0.0,0.0
1979-09-10 00:00:00-04:00,0.9057629544207347,1.0189829546906068,0.8680228590965271,0.8680228590965271,106898,0.0,0.0
1979-09-11 00:00:00-04:00,0.8680228590965271,1.0189829546906068,0.8680228590965271,0.8680228590965271,53185,0.0,0.0
1979-09-12 00:00:00-04:00,0.9812430143356323,1.132203880993736,0.9812430143356323,0.9812430143356323,113249,0.0,0.0
1979-09-13 00:00:00-04:00,0.9812428428196531,1.056722929635295,0.9057628512382507,0.9057628512382507,40219,0.0,0.0
1979-09-14 00:00:00-04:00,0.9057628512382507,1.056722929635295,0.9057628512382507,0.9057628512382507,31487,0.0,0.0
1979-09-17 00:00:00-04:00,0.9057628512382507,1.056722929635295,0.9057628512382507,0.9057628512382507,33869,0.0,0.0
1979-09-18 00:00:00-04:00,0.9057628512382507,1.056722929635295,0.9057628512382507,0.9057628512382507,32017,0.0,0.0
1979-09-19 00:00:00-04:00,0.9435028433799744,1.0944629211931838,0.9435028433799744,0.9435028433799744,61123,0.0,0.0
1979-09-20 00:00:00-04:00,0.9812430143356323,1.132203880993736,0.9812430143356323,0.9812430143356323,202154,0.0,0.0
1979-09-21 00:00:00-04:00,0.9812428390247169,1.0944629211931838,0.9435028433799744,0.9435028433799744,89170,0.0,0.0
1979-09-24 00:00:00-04:00,0.9435029545106921,1.0189829546906068,0.8680228590965271,0.8680228590965271,42865,0.0,0.0
1979-09-25 00:00:00-04:00,0.9057628512382507,1.056722929635295,0.9057628512382507,0.9057628512382507,35192,0.0,0.0
1979-09-26 00:00:00-04:00,0.9435028433799744,1.0944629211931838,0.9435028433799744,0.9435028433799744,64298,0.0,0.0
1979-09-27 00:00:00-04:00,0.9435028470289519,1.056722929635295,0.9057628512382507,0.9057628512382507,23549,0.0,0.0
1979-09-28 00:00:00-04:00,0.9057628980682966,0.9812428935521901,0.8302828073501587,0.8302828073501587,37044,0.0,0.0
1979-10-01 00:00:00-04:00,0.8302828073501587,0.9812428935521901,0.8302828073501587,0.8302828073501587,9790,0.0,0.0
1979-10-02 00:00:00-04:00,0.8302828073501587,0.9812428935521901,0.8302828073501587,0.8302828073501587,8732,0.0,0.0
1979-10-03 00:00:00-04:00,0.8302828073501587,0.9812428935521901,0.8302828073501587,0.8302828073501587,38896,0.0,0.0
1979-10-04 00:00:00-04:00,0.8302828073501587,0.9812428935521901,0.8302828073501587,0.8302828073501587,10319,0.0,0.0
1979-10-05 00:00:00-04:00,0.9057628512382507,1.056722929635295,0.9057628512382507,0.9057628512382507,44188,0.0,0.0
1979-10-08 00:00:00-04:00,0.9057629544207347,1.0189829546906068,0.8680228590965271,0.8680228590965271,6086,0.0,0.0
1979-10-09 00:00:00-04:00,0.8680228491545704,0.9435029437042192,0.792542040348053,0.792542040348053,22756,0.0,0.0
1979-10-10 00:00:00-04:00,0.792542043712951,0.8680228528399375,0.7170619964599609,0.7170619964599609,34927,0.0,0.0
1979-10-11 00:00:00-04:00,0.7170619964599609,0.8680228528399375,0.7170619964599609,0.7170619964599609,12436,0.0,0.0
1979-10-12 00:00:00-04:00,0.7170619964599609,0.8680228528399375,0.7170619964599609,0.7170619964599609,14024,0.0,0.0
1979-10-15 00:00:00-04:00,0.7548019289970398,0.90576281001447,0.7548019289970398,0.7548019289970398,10055,0.0,0.0
1979-10-16 00:00:00-04:00,0.7548019289970398,0.90576281001447,0.7548019289970398,0.7548019289970398,21962,0.0,0.0
1979-10-17 00:00:00-04:00,0.7548019289970398,0.90576281001447,0.7548019289970398,0.7548019289970398,10319,0.0,0.0
1979-10-18 00:00:00-04:00,0.7548019289970398,0.90576281001447,0.7548019289970398,0.7548019289970398,11642,0.0,0.0
1979-10-19 00:00:00-04:00,0.7548019289970398,0.90576281001447,0.7548019289970398,0.7548019289970398,16405,0.0,0.0
1979-10-22 00:00:00-04:00,0.7548019289970398,0.90576281001447,0.7548019289970398,0.7548019289970398,61652,0.0,0.0
1979-10-23 00:00:00-04:00,0.8302828073501587,0.9812428935521901,0.8302828073501587,0.8302828073501587,20903,0.0,0.0
1979-10-24 00:00:00-04:00,0.8302828073501587,0.9812428935521901,0.8302828073501587,0.8302828073501587,66415,0.0,0.0
1979-10-25 00:00:00-04:00,0.8302828494968706,0.9435029437042192,0.792542040348053,0.792542040348053,43924,0.0,0.0
1979-10-26 00:00:00-04:00,0.792542040348053,0.9435029437042192,0.792542040348053,0.792542040348053,21697,0.0,0.0
1979-10-29 00:00:00-05:00,0.792542040348053,0.9435029437042192,0.792542040348053,0.792542040348053,5557,0.0,0.0
1979-10-30 00:00:00-05:00,0.8302828073501587,0.9812428935521901,0.8302828073501587,0.8302828073501587,32810,0.0,0.0
1979-10-31 00:00:00-05:00,0.8302828494968706,0.9435029437042192,0.792542040348053,0.792542040348053,34398,0.0,0.0
1979-11-01 00:00:00-05:00,0.9057628512382507,1.056722929635295,0.9057628512382507,0.9057628512382507,58212,0.0,0.0
1979-11-02 00:00:00-05:00,0.9057628980682966,0.9812428935521901,0.8302828073501587,0.8302828073501587,39690,0.0,0.0
1979-11-05 00:00:00-05:00,0.8302828073501587,0.9812428935521901,0.8302828073501587,0.8302828073501587,6880,0.0,0.0
1979-11-06 00:00:00-05:00,0.8302828073501587,0.9812428935521901,0.8302828073501587,0.8302828073501587,51597,0.0,0.0
1979-11-07 00:00:00-05:00,0.8302828073501587,0.9812428935521901,0.8302828073501587,0.8302828073501587,31223,0.0,0.0
1979-11-08 00:00:00-05:00,0.8302828073501587,0.9812428935521901,0.8302828073501587,0.8302828073501587,2911,0.0,0.0
1979-11-09 00:00:00-05:00,0.8302828073501587,0.9812428935521901,0.8302828073501587,0.8302828073501587,14288,0.0,0.0
1979-11-12 00:00:00-05:00,0.8302828073501587,0.9812428935521901,0.8302828073501587,0.8302828073501587,7409,0.0,0.0
1979-11-13 00:00:00-05:00,0.8680228590965271,1.0189829546906068,0.8680228590965271,0.8680228590965271,32281,0.0,0.0
1979-11-14 00:00:00-05:00,0.8680228590965271,1.0189829546906068,0.8680228590965271,0.8680228590965271,62181,0.0,0.0
1979-11-15 00:00:00-05:00,0.8680228590965271,1.0189829546906068,0.8680228590965271,0.8680228590965271,108221,0.0,0.0
1979-11-16 00:00:00-05:00,0.8680228590965271,1.0189829546906068,0.8680228590965271,0.8680228590965271,73030,0.0,0.0
1979-11-19 00:00:00-05:00,0.8680228590965271,1.0189829546906068,0.8680228590965271,0.8680228590965271,54508,0.0,0.0
1979-11-20 00:00:00-05:00,0.8680228590965271,1.0189829546906068,0.8680228590965271,0.8680228590965271,19580,0.0,0.0
1979-11-21 00:00:00-05:00,0.8680228050921054,0.9812428935521901,0.8302828073501587,0.8302828073501587,72765,0.0,0.0
1979-11-23 00:00:00-05:00,0.8302828073501587,0.9812428935521901,0.8302828073501587,0.8302828073501587,42071,0.0,0.0
1979-11-26 00:00:00-05:00,0.8680228590965271,1.0189829546906068,0.8680228590965271,0.8680228590965271,111926,0.0,0.0
1979-11-27 00:00:00-05:00,0.9057628512382507,1.056722929635295,0.9057628512382507,0.9057628512382507,59270,0.0,0.0
1979-11-28 00:00:00-05:00,0.9057629544207347,1.0189829546906068,0.8680228590965271,0.8680228590965271,31223,0.0,0.0
1979-11-29 00:00:00-05:00,0.8680228590965271,1.0189829546906068,0.8680228590965271,0.8680228590965271,8996,0.0,0.0
1979-11-30 00:00:00-05:00,0.8680228050921054,0.9812428935521901,0.8302828073501587,0.8302828073501587,53185,0.0,0.0
1979-12-03 00:00:00-05:00,0.9057628512382507,1.056722929635295,0.9057628512382507,0.9057628512382507,108751,0.0,0.0
1979-12-04 00:00:00-05:00,0.9057628512382507,1.056722929635295,0.9057628512382507,0.9057628512382507,947797,0.0,0.0
1979-12-05 00:00:00-05:00,0.9812430143356323,1.132203880993736,0.9812430143356323,0.9812430143356323,578945,0.0,0.0
1979-12-06 00:00:00-05:00,1.0189824104309082,1.1699432825018987,1.0189824104309082,1.0189824104309082,256397,0.0,0.0
1979-12-07 00:00:00-05:00,1.0189824104309082,1.1699432825018987,1.0189824104309082,1.0189824104309082,102400,0.0,0.0
1979-12-10 00:00:00-05:00,1.0189828346694596,1.0944629211931838,0.9435028433799744,0.9435028433799744,319637,0.0,0.0
1979-12-11 00:00:00-05:00,0.9435028433799744,1.0944629211931838,0.9435028433799744,0.9435028433799744,58741,0.0,0.0
1979-12-12 00:00:00-05:00,0.9435028433799744,1.0944629211931838,0.9435028433799744,0.9435028433799744,116689,0.0,0.0
1979-12-13 00:00:00-05:00,0.9812430143356323,1.132203880993736,0.9812430143356323,0.9812430143356323,123304,0.0,0.0
1979-12-14 00:00:00-05:00,0.9812430143356323,1.132203880993736,0.9812430143356323,0.9812430143356323,98960,0.0,0.0
1979-12-17 00:00:00-05:00,0.9812430143356323,1.132203880993736,0.9812430143356323,0.9812430143356323,46570,0.0,0.0
1979-12-18 00:00:00-05:00,0.9812428428196531,1.056722929635295,0.9057628512382507,0.9057628512382507,62710,0.0,0.0
1979-12-19 00:00:00-05:00,0.9057628512382507,1.056722929635295,0.9057628512382507,0.9057628512382507,40484,0.0,0.0
1979-12-20 00:00:00-05:00,0.9057629544207347,1.0189829546906068,0.8680228590965271,0.8680228590965271,28577,0.0,0.0
1979-12-21 00:00:00-05:00,0.9057628512382507,1.056722929635295,0.9057628512382507,0.9057628512382507,33075,0.0,0.0
1979-12-24 00:00:00-05:00,0.9057628512382507,1.056722929635295,0.9057628512382507,0.9057628512382507,17464,0.0,0.0
1979-12-26 00:00:00-05:00,0.9057628512382507,1.056722929635295,0.9057628512382507,0.9057628512382507,20639,0.0,0.0
1979-12-27 00:00:00-05:00,0.9057629544207347,1.0189829546906068,0.8680228590965271,0.8680228590965271,19316,0.0,0.0
1979-12-28 00:00:00-05:00,0.8680228590965271,1.0189829546906068,0.8680228590965271,0.8680228590965271,84672,0.0,0.0
1979-12-31 00:00:00-05:00,0.9057628512382507,1.056722929635295,0.9057628512382507,0.9057628512382507,13759,0.0,0.0
1980-01-02 00:00:00-05:00,0.9057628980682966,0.9812428935521901,0.8302828073501587,0.8302828073501587,27783,0.0,0.0
1980-01-03 00:00:00-05:00,0.8302828073501587,0.9812428935521901,0.8302828073501587,0.8302828073501587,21962,0.0,0.0
1980-01-04 00:00:00-05:00,0.8302828073501587,0.9812428935521901,0.8302828073501587,0.8302828073501587,42071,0.0,0.0
1980-01-07 00:00:00-05:00,0.9435028433799744,1.0944629211931838,0.9435028433799744,0.9435028433799744,327839,0.0,0.0
1980-01-08 00:00:00-05:00,1.1322036981582642,1.2831637785643233,1.1322036981582642,1.1322036981582642,484747,0.0,0.0
1980-01-09 00:00:00-05:00,1.1322036981582642,1.2831637785643233,1.1322036981582642,1.1322036981582642,276772,0.0,0.0
1980-01-10 00:00:00-05:00,1.1699436902999878,1.3209037578821496,1.1699436902999878,1.1699436902999878,283651,0.0,0.0
1980-01-11 00:00:00-05:00,1.1699436902999878,1.3209037578821496,1.1699436902999878,1.1699436902999878,431563,0.0,0.0
1980-01-14 00:00:00-05:00,1.20768404006958,1.3586441522369521,1.20768404006958,1.20768404006958,221206,0.0,0.0
1980-01-15 00:00:00-05:00,1.245423674583435,1.3963837419364438,1.245423674583435,1.245423674583435,169344,0.0,0.0
1980-01-16 00:00:00-05:00,1.2831636667251587,1.434124591081792,1.2831636667251587,1.2831636667251587,316462,0.0,0.0
1980-01-17 00:00:00-05:00,1.54734468460083,1.698304763020886,1.54734468460083,1.54734468460083,410659,0.0,0.0
1980-01-18 00:00:00-05:00,1.6605647802352907,1.8115257169463106,1.6605647802352907,1.6605647802352905,349272,0.0,0.0
1980-01-21 00:00:00-05:00,1.7360447645187378,1.8870057005427239,1.7360447645187378,1.7360447645187378,275184,0.0,0.0
1980-01-22 00:00:00-05:00,1.698304763020886,1.698304763020886,1.54734468460083,1.54734468460083,218560,0.0,0.0
1980-01-23 00:00:00-05:00,1.5850845575332642,1.736044519947883,1.5850845575332642,1.5850845575332642,121981,0.0,0.0
1980-01-24 00:00:00-05:00,1.5850847756315236,1.698304763020886,1.54734468460083,1.54734468460083,248989,0.0,0.0
1980-01-25 00:00:00-05:00,1.54734468460083,1.698304763020886,1.54734468460083,1.54734468460083,66415,0.0,0.0
1980-01-28 00:00:00-05:00,1.5850845575332642,1.736044519947883,1.5850845575332642,1.5850845575332642,106105,0.0,0.0
1980-01-29 00:00:00-05:00,1.5850845575332642,1.736044519947883,1.5850845575332642,1.5850845575332642,190247,0.0,0.0
1980-01-30 00:00:00-05:00,1.5850847756315236,1.698304763020886,1.54734468460083,1.54734468460083,37309,0.0,0.0
1980-01-31 00:00:00-05:00,1.5473445661574166,1.660564640114447,1.509604573249817,1.509604573249817,70119,0.0,0.0
1980-02-01 00:00:00-05:00,1.509604574862187,1.5850846559922362,1.4341245889663696,1.4341245889663696,95521,0.0,0.0
1980-02-04 00:00:00-05:00,1.4341245889663696,1.5850846559922362,1.4341245889663696,1.4341245889663696,83349,0.0,0.0
1980-02-05 00:00:00-05:00,1.4341245889663696,1.5850846559922362,1.4341245889663696,1.4341245889663696,51068,0.0,0.0
1980-02-06 00:00:00-05:00,1.4718647003173828,1.6228247794871251,1.4718647003173828,1.4718647003173828,124362,0.0,0.0
1980-02-07 00:00:00-05:00,1.509604573249817,1.660564640114447,1.509604573249817,1.509604573249817,225704,0.0,0.0
1980-02-08 00:00:00-05:00,1.5096046963012586,1.6228247794871251,1.4718647003173828,1.4718647003173828,260896,0.0,0.0
1980-02-11 00:00:00-05:00,1.4718647322841536,1.547344725891221,1.3963838815689087,1.3963838815689087,46305,0.0,0.0
1980-02-12 00:00:00-05:00,1.3963838815689087,1.547344725891221,1.3963838815689087,1.3963838815689087,45511,0.0,0.0
1980-02-13 00:00:00-05:00,1.4341245889663696,1.5850846559922362,1.4341245889663696,1.4341245889663696,135211,0.0,0.0
1980-02-14 00:00:00-05:00,1.43412473548062,1.547344725891221,1.3963838815689087,1.3963838815689087,61123,0.0,0.0
1980-02-15 00:00:00-05:00,1.396384131401511,1.5096049991770824,1.3586441278457642,1.3586441278457642,75940,0.0,0.0
1980-02-19 00:00:00-05:00,1.3586435265096066,1.4718643441735997,1.3209035396575928,1.3209035396575928,29900,0.0,0.0
1980-02-20 00:00:00-05:00,1.3209035396575928,1.4718643441735997,1.3209035396575928,1.3209035396575928,19580,0.0,0.0
1980-02-21 00:00:00-05:00,1.3209037549629683,1.434124591081792,1.2831636667251587,1.2831636667251587,50803,0.0,0.0
1980-02-22 00:00:00-05:00,1.2831640485361357,1.3586441522369521,1.20768404006958,1.20768404006958,60329,0.0,0.0
1980-02-25 00:00:00-05:00,1.20768404006958,1.3586441522369521,1.20768404006958,1.20768404006958,30429,0.0,0.0
1980-02-26 00:00:00-05:00,1.245423674583435,1.3963837419364438,1.245423674583435,1.245423674583435,31223,0.0,0.0
1980-02-27 00:00:00-05:00,1.2831636667251587,1.434124591081792,1.2831636667251587,1.2831636667251587,61123,0.0,0.0
1980-02-28 00:00:00-05:00,1.2831636667251587,1.434124591081792,1.2831636667251587,1.2831636667251587,29635,0.0,0.0
1980-02-29 00:00:00-05:00,1.3209035396575928,1.4718643441735997,1.3209035396575928,1.3209035396575928,95785,0.0,0.0
1980-03-03 00:00:00-05:00,1.3209035396575928,1.4718643441735997,1.3209035396575928,1.3209035396575928,54243,0.0,0.0
1980-03-04 00:00:00-05:00,1.3209035396575928,1.4718643441735997,1.3209035396575928,1.3209035396575928,28577,0.0,0.0
1980-03-05 00:00:00-05:00,1.3209037549629683,1.434124591081792,1.2831636667251587,1.2831636667251587,25666,0.0,0.0
1980-03-06 00:00:00-05:00,1.2831640485361357,1.3586441522369521,1.20768404006958,1.20768404006958,58212,0.0,0.0
1980-03-07 00:00:00-05:00,1.20768404006958,1.3586441522369521,1.20768404006958,1.20768404006958,61652,0.0,0.0
1980-03-10 00:00:00-05:00,1.2076836833869702,1.3209037578821496,1.1699436902999878,1.1699436902999878,36779,0.0,0.0
1980-03-11 00:00:00-05:00,1.1699436902999878,1.3209037578821496,1.1699436902999878,1.1699436902999878,55566,0.0,0.0
1980-03-12 00:00:00-05:00,1.245423674583435,1.3963837419364438,1.245423674583435,1.245423674583435,139973,0.0,0.0
1980-03-13 00:00:00-05:00,1.3586441278457642,1.5096049991770824,1.3586441278457642,1.3586441278457642,351653,0.0,0.0
1980-03-14 00:00:00-05:00,1.3963838815689087,1.547344725891221,1.3963838815689087,1.3963838815689087,102400,0.0,0.0
1980-03-17 00:00:00-05:00,1.3963835133616205,1.4718643441735997,1.3209035396575928,1.3209035396575928,87847,0.0,0.0
1980-03-18 00:00:00-05:00,1.3209035396575928,1.4718643441735997,1.3209035396575928,1.3209035396575928,98431,0.0,0.0
1980-03-19 00:00:00-05:00,1.3209037549629683,1.434124591081792,1.2831636667251587,1.2831636667251587,45247,0.0,0.0
1980-03-20 00:00:00-05:00,1.3209035396575928,1.4718643441735997,1.3209035396575928,1.3209035396575928,46570,0.0,0.0
1980-03-21 00:00:00-05:00,1.3209037549629683,1.434124591081792,1.2831636667251587,1.2831636667251587,29900,0.0,0.0
1980-03-24 00:00:00-05:00,1.2831640485361357,1.3586441522369521,1.20768404006958,1.20768404006958,70119,0.0,0.0
1980-03-25 00:00:00-05:00,1.2076836833869702,1.3209037578821496,1.1699436902999878,1.1699436902999878,109809,0.0,0.0
1980-03-26 00:00:00-05:00,1.1699436902999878,1.3209037578821496,1.1699436902999878,1.1699436902999878,30164,0.0,0.0
1980-03-27 00:00:00-05:00,1.1699441144540388,1.2076841212233642,1.0567232370376587,1.0567232370376587,130977,0.0,0.0
1980-03-28 00:00:00-05:00,1.1699436902999878,1.3209037578821496,1.1699436902999878,1.1699436902999878,66150,0.0,0.0
1980-03-31 00:00:00-05:00,1.1699436902999878,1.3209037578821496,1.1699436902999878,1.1699436902999878,40748,0.0,0.0
1980-04-01 00:00:00-05:00,1.1699437896854594,1.2831637785643233,1.1322036981582642,1.1322036981582642,19316,0.0,0.0
1980-04-02 00:00:00-05:00,1.1322036981582642,1.2831637785643233,1.1322036981582642,1.1322036981582642,25931,0.0,0.0
1980-04-03 00:00:00-05:00,1.20768404006958,1.3586441522369521,1.20768404006958,1.20768404006958,32810,0.0,0.0
1980-04-07 00:00:00-05:00,1.2076836833869702,1.3209037578821496,1.1699436902999878,1.1699436902999878,28841,0.0,0.0
1980-04-08 00:00:00-05:00,1.1699437896854594,1.2831637785643233,1.1322036981582642,1.1322036981582642,18522,0.0,0.0
1980-04-09 00:00:00-05:00,1.1699436902999878,1.3209037578821496,1.1699436902999878,1.1699436902999878,36779,0.0,0.0
1980-04-10 00:00:00-05:00,1.20768404006958,1.3586441522369521,1.20768404006958,1.20768404006958,38632,0.0,0.0
1980-04-11 00:00:00-05:00,1.2076836833869702,1.3209037578821496,1.1699436902999878,1.1699436902999878,141032,0.0,0.0
1980-04-14 00:00:00-05:00,1.1699436902999878,1.3209037578821496,1.1699436902999878,1.1699436902999878,26725,0.0,0.0
1980-04-15 00:00:00-05:00,1.1699436902999878,1.3209037578821496,1.1699436902999878,1.1699436902999878,19580,0.0,0.0
1980-04-16 00:00:00-05:00,1.1699437896854594,1.2831637785643233,1.1322036981582642,1.1322036981582642,100019,0.0,0.0
1980-04-17 00:00:00-05:00,1.1322038739984095,1.2454239756954841,1.0944631099700928,1.0944631099700928,262748,0.0,0.0
1980-04-18 00:00:00-05:00,1.1322036981582642,1.2831637785643233,1.1322036981582642,1.1322036981582642,64298,0.0,0.0
1980-04-21 00:00:00-05:00,1.1322040124504462,1.2076841212233642,1.0567232370376587,1.0567232370376587,56095,0.0,0.0
1980-04-22 00:00:00-05:00,1.0944631099700928,1.2454239756954841,1.0944631099700928,1.0944631099700928,25402,0.0,0.0
1980-04-23 00:00:00-05:00,1.0944631099700928,1.2454239756954841,1.0944631099700928,1.0944631099700928,11907,0.0,0.0
1980-04-24 00:00:00-05:00,1.0944631099700928,1.2454239756954841,1.0944631099700928,1.0944631099700928,39955,0.0,0.0
1980-04-25 00:00:00-05:00,1.0944631099700928,1.2454239756954841,1.0944631099700928,1.0944631099700928,13495,0.0,0.0
1980-04-28 00:00:00-04:00,1.1322036981582642,1.2831637785643233,1.1322036981582642,1.1322036981582642,30694,0.0,0.0
1980-04-29 00:00:00-04:00,1.1322036981582642,1.2831637785643233,1.1322036981582642,1.1322036981582642,47628,0.0,0.0
1980-04-30 00:00:00-04:00,1.1322036981582642,1.2831637785643233,1.1322036981582642,1.1322036981582642,77528,0.0,0.0
1980-05-01 00:00:00-04:00,1.1322036981582642,1.2831637785643233,1.1322036981582642,1.1322036981582642,20110,0.0,0.0
1980-05-02 00:00:00-04:00,1.1322036981582642,1.2831637785643233,1.1322036981582642,1.1322036981582642,14818,0.0,0.0
1980-05-05 00:00:00-04:00,1.1699436902999878,1.3209037578821496,1.1699436902999878,1.1699436902999878,62975,0.0,0.0
1980-05-06 00:00:00-04:00,1.169943971386938,1.2454239756954841,1.0944631099700928,1.0944631099700928,38632,0.0,0.0
1980-05-07 00:00:00-04:00,1.0944631099700928,1.2454239756954841,1.0944631099700928,1.0944631099700928,33604,0.0,0.0
1980-05-08 00:00:00-04:00,1.0944631099700928,1.2454239756954841,1.0944631099700928,1.0944631099700928,12172,0.0,0.0
1980-05-09 00:00:00-04:00,1.0944632438069841,1.2076841212233642,1.0567232370376587,1.0567232370376587,24872,0.0,0.0
1980-05-12 00:00:00-04:00,1.0567232370376587,1.2076841212233642,1.0567232370376587,1.0567232370376587,28312,0.0,0.0
1980-05-13 00:00:00-04:00,1.0567232370376587,1.2076841212233642,1.0567232370376587,1.0567232370376587,19051,0.0,0.0
1980-05-14 00:00:00-04:00,1.0567232370376587,1.2076841212233642,1.0567232370376587,1.0567232370376587,15876,0.0,0.0
1980-05-15 00:00:00-04:00,1.0944631099700928,1.2454239756954841,1.0944631099700928,1.0944631099700928,21962,0.0,0.0
1980-05-16 00:00:00-04:00,1.1322036981582642,1.2831637785643233,1.1322036981582642,1.1322036981582642,63504,0.0,0.0
1980-05-19 00:00:00-04:00,1.20768404006958,1.3586441522369521,1.20768404006958,1.20768404006958,138386,0.0,0.0
1980-05-20 00:00:00-04:00,1.20768404006958,1.3586441522369521,1.20768404006958,1.20768404006958,121187,0.0,0.0
1980-05-21 00:00:00-04:00,1.2076836833869702,1.3209037578821496,1.1699436902999878,1.1699436902999878,56360,0.0,0.0
1980-05-22 00:00:00-04:00,1.2831636667251587,1.434124591081792,1.2831636667251587,1.2831636667251587,99754,0.0,0.0
1980-05-23 00:00:00-04:00,1.3209035396575928,1.4718643441735997,1.3209035396575928,1.3209035396575928,41542,0.0,0.0
1980-05-27 00:00:00-04:00,1.3209035396575928,1.4718643441735997,1.3209035396575928,1.3209035396575928,49745,0.0,0.0
1980-05-28 00:00:00-04:00,1.3963838815689087,1.547344725891221,1.3963838815689087,1.3963838815689087,92081,0.0,0.0
1980-05-29 00:00:00-04:00,1.396384131401511,1.5096049991770824,1.3586441278457642,1.3586441278457642,169079,0.0,0.0
1980-05-30 00:00:00-04:00,1.3586435265096066,1.4718643441735997,1.3209035396575928,1.3209035396575928,41542,0.0,0.0
1980-06-02 00:00:00-04:00,1.3209035396575928,1.4718643441735997,1.3209035396575928,1.3209035396575928,32281,0.0,0.0
1980-06-03 00:00:00-04:00,1.3209037549629683,1.434124591081792,1.2831636667251587,1.2831636667251587,79909,0.0,0.0
1980-06-04 00:00:00-04:00,1.283163667613129,1.3963837419364438,1.245423674583435,1.245423674583435,37044,0.0,0.0
1980-06-05 00:00:00-04:00,1.245423674583435,1.3963837419364438,1.245423674583435,1.245423674583435,24343,0.0,0.0
1980-06-06 00:00:00-04:00,1.245423674583435,1.3963837419364438,1.245423674583435,1.245423674583435,61652,0.0,0.0
1980-06-09 00:00:00-04:00,1.245424044302858,1.3586441522369521,1.20768404006958,1.20768404006958,30694,0.0,0.0
1980-06-10 00:00:00-04:00,1.20768404006958,1.3586441522369521,1.20768404006958,1.20768404006958,47363,0.0,0.0
1980-06-11 00:00:00-04:00,1.20768404006958,1.3586441522369521,1.20768404006958,1.20768404006958,41013,0.0,0.0
1980-06-12 00:00:00-04:00,1.245423674583435,1.3963837419364438,1.245423674583435,1.245423674583435,30164,0.0,0.0
1980-06-13 00:00:00-04:00,1.245424044302858,1.3586441522369521,1.20768404006958,1.20768404006958,39425,0.0,0.0
1980-06-16 00:00:00-04:00,1.20768404006958,1.3586441522369521,1.20768404006958,1.20768404006958,25666,0.0,0.0
1980-06-17 00:00:00-04:00,1.20768404006958,1.3586441522369521,1.20768404006958,1.20768404006958,26195,0.0,0.0
1980-06-18 00:00:00-04:00,1.2076836833869702,1.3209037578821496,1.1699436902999878,1.1699436902999878,38102,0.0,0.0
1980-06-19 00:00:00-04:00,1.1699436902999878,1.3209037578821496,1.1699436902999878,1.1699436902999878,61652,0.0,0.0
1980-06-20 00:00:00-04:00,1.1699437896854594,1.2831637785643233,1.1322036981582642,1.1322036981582642,6880,0.0,0.0
1980-06-23 00:00:00-04:00,1.1699436902999878,1.3209037578821496,1.1699436902999878,1.1699436902999878,28048,0.0,0.0
1980-06-24 00:00:00-04:00,1.1699437896854594,1.2831637785643233,1.1322036981582642,1.1322036981582642,113513,0.0,0.0
1980-06-25 00:00:00-04:00,1.20768404006958,1.3586441522369521,1.20768404006958,1.20768404006958,227821,0.0,0.0
1980-06-26 00:00:00-04:00,1.20768404006958,1.3586441522369521,1.20768404006958,1.20768404006958,136269,0.0,0.0
1980-06-27 00:00:00-04:00,1.2831636667251587,1.434124591081792,1.2831636667251587,1.2831636667251587,26989,0.0,0.0
1980-06-30 00:00:00-04:00,1.2831636667251587,1.434124591081792,1.2831636667251587,1.2831636667251587,49480,0.0,0.0
1980-07-01 00:00:00-04:00,1.2831640485361357,1.3586441522369521,1.20768404006958,1.20768404006958,78322,0.0,0.0
1980-07-02 00:00:00-04:00,1.20768404006958,1.3586441522369521,1.20768404006958,1.20768404006958,107692,0.0,0.0
1980-07-03 00:00:00-04:00,1.3209035396575928,1.4718643441735997,1.3209035396575928,1.3209035396575928,143149,0.0,0.0
1980-07-07 00:00:00-04:00,1.3586441278457642,1.396384131401511,1.3586441278457642,1.3586441278457642,136004,0.0,0.0
1980-07-08 00:00:00-04:00,1.3586435265096066,1.3963835133616205,1.3209035396575928,1.3209035396575928,62446,0.0,0.0
1980-07-09 00:00:00-04:00,1.3586441278457642,1.396384131401511,1.3586441278457642,1.3586441278457642,92875,0.0,0.0
1980-07-10 00:00:00-04:00,1.4341245889663696,1.4718645819142782,1.4341245889663696,1.4341245889663696,483953,0.0,0.0
1980-07-11 00:00:00-04:00,1.509604573249817,1.585084654299248,1.509604573249817,1.509604573249817,390020,0.0,0.0
1980-07-14 00:00:00-04:00,1.5850845575332642,1.6605645387405734,1.5850845575332642,1.5850845575332642,412247,0.0,0.0
1980-07-15 00:00:00-04:00,1.5850845575332642,1.6228245481369188,1.5850845575332642,1.5850845575332642,336307,0.0,0.0
1980-07-16 00:00:00-04:00,1.5850845575332642,1.6228245481369188,1.5850845575332642,1.5850845575332642,572859,0.0,0.0
1980-07-17 00:00:00-04:00,1.6228243112564087,1.660564296351231,1.6228243112564087,1.6228243112564087,991456,0.0,0.0
1980-07-18 00:00:00-04:00,1.6983046531677246,1.7360446465230046,1.6983046531677246,1.6983046531677246,626837,0.0,0.0
1980-07-21 00:00:00-04:00,1.7737854719161987,1.8492654535074387,1.7737854719161987,1.7737854719161987,595879,0.0,0.0
1980-07-22 00:00:00-04:00,1.7737854719161987,1.8115254627118187,1.7737854719161987,1.7737854719161987,729238,0.0,0.0
1980-07-23 00:00:00-04:00,1.7737854719161987,1.8115254627118187,1.7737854719161987,1.7737854719161987,284974,0.0,0.0
1980-07-24 00:00:00-04:00,1.6983047763274453,1.6983047763274453,1.6605647802352907,1.6605647802352905,175430,0.0,0.0
1980-07-25 00:00:00-04:00,1.6983046531677246,1.7360446465230046,1.6983046531677246,1.6983046531677246,117747,0.0,0.0
1980-07-28 00:00:00-04:00,1.6983046531677246,1.8115255855758967,1.6983046531677246,1.6983046531677246,98431,0.0,0.0
1980-07-29 00:00:00-04:00,1.7737854719161987,1.8115254627118187,1.7737854719161987,1.7737854719161987,98696,0.0,0.0
1980-07-30 00:00:00-04:00,1.8115257024765015,1.8492656982672027,1.8115257024765015,1.8115257024765015,151087,0.0,0.0
1980-07-31 00:00:00-04:00,1.8115254627118187,1.8115254627118187,1.7737854719161987,1.7737854719161987,121716,0.0,0.0
1980-08-01 00:00:00-04:00,1.8115257024765015,1.8492656982672027,1.8115257024765015,1.8115257024765015,144207,0.0,0.0
1980-08-04 00:00:00-04:00,1.8115257024765015,1.8492656982672027,1.8115257024765015,1.8115257024765015,92875,0.0,0.0
1980-08-05 00:00:00-04:00,1.8492658138275146,1.9247458101256494,1.8492658138275146,1.8492658138275146,156114,0.0,0.0
1980-08-06 00:00:00-04:00,1.9624860286712646,2.0002260310587143,1.9624860286712646,1.9624860286712646,236552,0.0,0.0
1980-08-07 00:00:00-04:00,2.0379648208618164,2.0757057531360594,2.0379648208618164,2.0379648208618164,532640,0.0,0.0
1980-08-08 00:00:00-04:00,2.188927173614502,2.2644071845368297,2.188927173614502,2.188927173614502,409601,0.0,0.0
1980-08-11 00:00:00-04:00,2.188927173614502,2.226667179075666,2.188927173614502,2.188927173614502,499565,0.0,0.0
1980-08-12 00:00:00-04:00,2.1134469606235595,2.1134469606235595,2.075706958770752,2.075706958770752,529200,0.0,0.0
1980-08-13 00:00:00-04:00,2.3021469116210938,2.377627103884842,2.3021469116210938,2.3021469116210938,547987,0.0,0.0
1980-08-14 00:00:00-04:00,2.377626419067383,2.4153671709687172,2.377626419067383,2.377626419067383,516235,0.0,0.0
1980-08-15 00:00:00-04:00,2.377626419067383,2.4153671709687172,2.377626419067383,2.377626419067383,324929,0.0,0.0
1980-08-18 00:00:00-04:00,2.7550289630889893,2.792768965849775,2.7550289630889893,2.7550289630889893,1730484,0.0,0.0
1980-08-19 00:00:00-04:00,2.604067763345488,2.604067763345488,2.528587579727173,2.528587579727173,1118464,0.0,0.0
1980-08-20 00:00:00-04:00,2.7172892093658447,2.7927692218051057,2.7172892093658447,2.7172892093658447,620752,0.0,0.0
1980-08-21 00:00:00-04:00,2.83050799369812,2.8682481739285617,2.83050799369812,2.83050799369812,420185,0.0,0.0
1980-08-22 00:00:00-04:00,2.86824893951416,2.9059889393496166,2.86824893951416,2.86824893951416,522585,0.0,0.0
1980-08-25 00:00:00-04:00,2.86824893951416,2.9059889393496166,2.86824893951416,2.86824893951416,574711,0.0,0.0
1980-08-26 00:00:00-04:00,2.9059882164001465,2.9437282068466777,2.9059882164001465,2.9059882164001465,301379,0.0,0.0
1980-08-27 00:00:00-04:00,2.9059889393496166,2.9059889393496166,2.86824893951416,2.86824893951416,225968,0.0,0.0
1980-08-28 00:00:00-04:00,2.86824893951416,2.9059889393496166,2.86824893951416,2.86824893951416,241315,0.0,0.0
1980-08-29 00:00:00-04:00,2.86824893951416,2.9059889393496166,2.86824893951416,2.86824893951416,127008,0.0,0.0
1980-09-02 00:00:00-04:00,2.86824893951416,2.9059889393496166,2.86824893951416,2.86824893951416,92875,0.0,0.0
1980-09-03 00:00:00-04:00,2.9437286853790283,2.981468681960571,2.9437286853790283,2.9437286853790283,223587,0.0,0.0
1980-09-04 00:00:00-04:00,3.1701691150665283,3.20790891520173,3.1701691150665283,3.1701691150665283,530523,0.0,0.0
1980-09-05 00:00:00-04:00,3.283389091491699,3.321129274806141,3.283389091491699,3.283389091491699,209299,0.0,0.0
1980-09-08 00:00:00-04:00,3.3211295604705815,3.3588705089051376,3.3211295604705815,3.321129560470581,353770,0.0,0.0
1980-09-09 00:00:00-04:00,3.3211295604705815,3.3588705089051376,3.3211295604705815,3.321129560470581,108221,0.0,0.0
1980-09-10 00:00:00-04:00,3.547569990158081,3.585310173434248,3.547569990158081,3.547569990158081,276507,0.0,0.0
1980-09-11 00:00:00-04:00,3.6985316276550293,3.736271435335606,3.6985316276550293,3.6985316276550293,343451,0.0,0.0
1980-09-12 00:00:00-04:00,3.849491596221924,3.924971592048896,3.849491596221924,3.849491596221924,242374,0.0,0.0
1980-09-15 00:00:00-04:00,3.849491596221924,3.924971592048896,3.849491596221924,3.849491596221924,409865,0.0,0.0
1980-09-16 00:00:00-04:00,3.660791016476879,3.660791016476879,3.6230504512786865,3.6230504512786865,627102,0.0,0.0
1980-09-17 00:00:00-04:00,3.7740113735198975,3.811751178696162,3.7740113735198975,3.7740113735198975,931392,0.0,0.0
1980-09-18 00:00:00-04:00,3.8872311115264893,3.924970912436807,3.8872311115264893,3.8872311115264893,366206,0.0,0.0
1980-09-19 00:00:00-04:00,4.340114116668701,4.415594507925812,4.340114116668701,4.340114116668701,569948,0.0,0.0
1980-09-22 00:00:00-04:00,4.226892426531247,4.226892426531247,4.189152240753174,4.189152240753174,464108,0.0,0.0
1980-09-23 00:00:00-04:00,4.000452823991477,4.000452823991477,3.9249720573425293,3.9249720573425293,432356,0.0,0.0
1980-09-24 00:00:00-04:00,3.8872317846038995,3.8872317846038995,3.849491596221924,3.849491596221924,334190,0.0,0.0
1980-09-25 00:00:00-04:00,3.7740106061432974,3.7740106061432974,3.7362704277038574,3.7362704277038574,225968,0.0,0.0
1980-09-26 00:00:00-04:00,3.5098306711854597,3.5098306711854597,3.472090482711792,3.472090482711792,278624,0.0,0.0
1980-09-29 00:00:00-04:00,3.2456490962738376,3.2456490962738376,3.1701691150665283,3.1701691150665283,435796,0.0,0.0
1980-09-30 00:00:00-04:00,3.4343504905700684,3.472090296078146,3.4343504905700684,3.4343504905700684,393989,0.0,0.0
1980-10-01 00:00:00-04:00,3.5098304748535156,3.5475702802791247,3.5098304748535156,3.5098304748535156,414893,0.0,0.0
1980-10-02 00:00:00-04:00,3.5098304748535156,3.585310466641692,3.5098304748535156,3.5098304748535156,236288,0.0,0.0
1980-10-03 00:00:00-04:00,3.8872311115264893,3.9627110942840376,3.8872311115264893,3.8872311115264893,616783,0.0,0.0
1980-10-06 00:00:00-04:00,4.113673210144043,4.151413404729565,4.113673210144043,4.113673210144043,428917,0.0,0.0
1980-10-07 00:00:00-04:00,4.075931545805251,4.075931545805251,4.000451564788818,4.000451564788818,235494,0.0,0.0
1980-10-08 00:00:00-04:00,4.075930118560791,4.113670286322207,4.075930118560791,4.075930118560791,100813,0.0,0.0
1980-10-09 00:00:00-04:00,4.113673210144043,4.151413404729565,4.113673210144043,4.113673210144043,131506,0.0,0.0
1980-10-10 00:00:00-04:00,4.1514129638671875,4.226892964085535,4.1514129638671875,4.1514129638671875,120658,0.0,0.0
1980-10-13 00:00:00-04:00,4.1514129638671875,4.226892964085535,4.1514129638671875,4.1514129638671875,119864,0.0,0.0
1980-10-14 00:00:00-04:00,4.1514129638671875,4.226892964085535,4.1514129638671875,4.1514129638671875,155056,0.0,0.0
1980-10-15 00:00:00-04:00,4.264631748199463,4.3023726915754805,4.264631748199463,4.264631748199463,172255,0.0,0.0
1980-10-16 00:00:00-04:00,4.264632773726209,4.264632773726209,4.1514129638671875,4.1514129638671875,178605,0.0,0.0
1980-10-17 00:00:00-04:00,4.151410454083623,4.151410454083623,4.075930118560791,4.075930118560791,93404,0.0,0.0
1980-10-20 00:00:00-04:00,4.0759311145587365,4.113671291542374,4.038191318511963,4.038191318511963,102400,0.0,0.0
1980-10-21 00:00:00-04:00,3.924971592048896,3.924971592048896,3.849491596221924,3.849491596221924,71707,0.0,0.0
1980-10-22 00:00:00-04:00,4.075930118560791,4.151410454083623,4.075930118560791,4.075930118560791,120658,0.0,0.0
1980-10-23 00:00:00-04:00,4.1514129638671875,4.189152773507861,4.1514129638671875,4.1514129638671875,119864,0.0,0.0
1980-10-24 00:00:00-04:00,4.415594100952148,4.453333912165273,4.415594100952148,4.415594100952148,236817,0.0,0.0
1980-10-27 00:00:00-05:00,4.151411468526012,4.151411468526012,4.038191318511963,4.038191318511963,145530,0.0,0.0
1980-10-28 00:00:00-05:00,4.038191745765487,4.038191745765487,4.000451564788818,4.000451564788818,260366,0.0,0.0
1980-10-29 00:00:00-05:00,3.811751178696162,3.811751178696162,3.7740113735198975,3.7740113735198975,908372,0.0,0.0
1980-10-30 00:00:00-05:00,3.698531200738134,3.698531200738134,3.6230504512786865,3.6230504512786865,190777,0.0,0.0
1980-10-31 00:00:00-05:00,3.6230504512786865,3.698531200738134,3.6230504512786865,3.6230504512786865,229937,0.0,0.0
1980-11-03 00:00:00-05:00,3.6985316276550293,3.736271435335606,3.6985316276550293,3.6985316276550293,182309,0.0,0.0
1980-11-05 00:00:00-05:00,3.811750650405884,3.8872310121711107,3.811750650405884,3.811750650405884,703042,0.0,0.0
1980-11-06 00:00:00-05:00,3.811751178696162,3.8494913648093827,3.7740113735198975,3.7740113735198975,447174,0.0,0.0
1980-11-07 00:00:00-05:00,3.7740113735198975,3.811751178696162,3.7740113735198975,3.7740113735198975,149764,0.0,0.0
1980-11-10 00:00:00-05:00,3.774011623953164,3.774011623953164,3.6985316276550293,3.6985316276550293,67208,0.0,0.0
1980-11-11 00:00:00-05:00,3.849491596221924,3.8872317846038995,3.849491596221924,3.849491596221924,331015,0.0,0.0
1980-11-12 00:00:00-05:00,3.9627130031585693,4.000453584122691,3.9627130031585693,3.9627130031585693,344509,0.0,0.0
1980-11-13 00:00:00-05:00,4.113673210144043,4.151413404729565,4.113673210144043,4.113673210144043,279153,0.0,0.0
1980-11-14 00:00:00-05:00,4.189152240753174,4.226892426531247,4.189152240753174,4.189152240753174,205330,0.0,0.0
1980-11-17 00:00:00-05:00,4.151413404729565,4.151413404729565,4.113673210144043,4.113673210144043,159025,0.0,0.0
1980-11-18 00:00:00-05:00,4.113670286322207,4.113670286322207,4.075930118560791,4.075930118560791,278359,0.0,0.0
1980-11-19 00:00:00-05:00,4.000453584122691,4.000453584122691,3.9627130031585693,3.9627130031585693,224645,0.0,0.0
1980-11-20 00:00:00-05:00,4.000451564788818,4.075931545805251,4.000451564788818,4.000451564788818,182574,0.0,0.0
1980-11-21 00:00:00-05:00,3.9627110942840376,3.9627110942840376,3.8872311115264893,3.8872311115264893,142090,0.0,0.0
1980-11-24 00:00:00-05:00,3.811750650405884,3.811750650405884,3.811750650405884,3.811750650405884,110074,0.0,0.0
1980-11-25 00:00:00-05:00,3.849491596221924,3.8872317846038995,3.849491596221924,3.849491596221924,150822,0.0,0.0
1980-11-26 00:00:00-05:00,3.8494908312884974,3.8872310121711107,3.811750650405884,3.811750650405884,138915,0.0,0.0
1980-11-28 00:00:00-05:00,3.811750650405884,3.8494908312884974,3.811750650405884,3.811750650405884,59535,0.0,0.0
1980-12-01 00:00:00-05:00,3.660791699516967,3.660791699516967,3.585310935974121,3.585310935974121,106898,0.0,0.0
1980-12-02 00:00:00-05:00,3.585310935974121,3.62305112727704,3.585310935974121,3.585310935974121,170932,0.0,0.0
1980-12-03 00:00:00-05:00,3.6230504512786865,3.660791016476879,3.6230504512786865,3.6230504512786865,121716,0.0,0.0
1980-12-04 00:00:00-05:00,3.62305112727704,3.660791699516967,3.585310935974121,3.585310935974121,184955,0.0,0.0
1980-12-05 00:00:00-05:00,3.585310935974121,3.660791699516967,3.585310935974121,3.585310935974121,89435,0.0,0.0
1980-12-08 00:00:00-05:00,3.585310466641692,3.585310466641692,3.5098304748535156,3.5098304748535156,81497,0.0,0.0
1980-12-09 00:00:00-05:00,3.434350445964632,3.434350445964632,3.3966102600097656,3.3966102600097656,135211,0.0,0.0
1980-12-10 00:00:00-05:00,3.321128592702462,3.321128592702462,3.2456486225128174,3.2456486225128174,273067,0.0,0.0
1980-12-11 00:00:00-05:00,3.1701695512630472,3.1701695512630472,3.09468936920166,3.09468936920166,224645,0.0,0.0
1980-12-12 00:00:00-05:00,3.1701691150665283,3.2456490962738376,3.1701691150665283,3.1701691150665283,266452,0.0,0.0
1980-12-15 00:00:00-05:00,3.2456486225128174,3.283388417139215,3.2456486225128174,3.2456486225128174,65885,0.0,0.0
1980-12-16 00:00:00-05:00,3.2456486225128174,3.283388417139215,3.2456486225128174,3.2456486225128174,141032,0.0,0.0
1980-12-17 00:00:00-05:00,3.358870029449463,3.434350010859522,3.358870029449463,3.358870029449463,156643,0.0,0.0
1980-12-18 00:00:00-05:00,3.3966102600097656,3.434350445964632,3.3966102600097656,3.3966102600097656,91287,0.0,0.0
1980-12-19 00:00:00-05:00,3.396610314528812,3.396610314528812,3.3211295604705815,3.321129560470581,68267,0.0,0.0
1980-12-22 00:00:00-05:00,3.0946886488154837,3.0946886488154837,3.056948661804199,3.056948661804199,255339,0.0,0.0
1980-12-23 00:00:00-05:00,3.019208678542114,3.019208678542114,2.9437286853790283,2.9437286853790283,187072,0.0,0.0
1980-12-24 00:00:00-05:00,2.9437286853790283,3.019208678542114,2.9437286853790283,2.9437286853790283,75676,0.0,0.0
1980-12-26 00:00:00-05:00,3.0192086696624756,3.0946894244774996,3.0192086696624756,3.0192086696624756,52655,0.0,0.0
1980-12-29 00:00:00-05:00,3.0192086696624756,3.056949428006952,3.0192086696624756,3.0192086696624756,206388,0.0,0.0
1980-12-30 00:00:00-05:00,2.905988163690555,2.905988163690555,2.83050799369812,2.83050799369812,212738,0.0,0.0
1980-12-31 00:00:00-05:00,2.981468915939331,3.019208915482621,2.981468915939331,2.981468915939331,599848,0.0,0.0
1981-01-02 00:00:00-05:00,3.283389091491699,3.358870219994438,3.283389091491699,3.283389091491699,263542,0.0,0.0
1981-01-05 00:00:00-05:00,3.547569990158081,3.585310173434248,3.547569990158081,3.547569990158081,257191,0.0,0.0
1981-01-06 00:00:00-05:00,3.547569990158081,3.623050356710415,3.547569990158081,3.547569990158081,255604,0.0,0.0
1981-01-07 00:00:00-05:00,3.321129274806141,3.321129274806141,3.283389091491699,3.283389091491699,463315,0.0,0.0
1981-01-08 00:00:00-05:00,3.2456490962738376,3.2456490962738376,3.1701691150665283,3.1701691150665283,165904,0.0,0.0
1981-01-09 00:00:00-05:00,3.2456486225128174,3.321128592702462,3.2456486225128174,3.2456486225128174,138915,0.0,0.0
1981-01-12 00:00:00-05:00,3.2456486225128174,3.283388417139215,3.2456486225128174,3.2456486225128174,194481,0.0,0.0
1981-01-13 00:00:00-05:00,3.283389091491699,3.321129274806141,3.283389091491699,3.283389091491699,197656,0.0,0.0
1981-01-14 00:00:00-05:00,3.3966102600097656,3.434350445964632,3.3966102600097656,3.3966102600097656,139180,0.0,0.0
1981-01-15 00:00:00-05:00,3.6607906818389893,3.6985308626503626,3.6607906818389893,3.6607906818389893,188131,0.0,0.0
1981-01-16 00:00:00-05:00,3.660791699516967,3.660791699516967,3.585310935974121,3.585310935974121,213532,0.0,0.0
1981-01-19 00:00:00-05:00,3.585310935974121,3.62305112727704,3.585310935974121,3.585310935974121,133358,0.0,0.0
1981-01-20 00:00:00-05:00,3.585310466641692,3.585310466641692,3.5098304748535156,3.5098304748535156,208505,0.0,0.0
1981-01-21 00:00:00-05:00,3.5098306711854597,3.5098306711854597,3.472090482711792,3.472090482711792,207446,0.0,0.0
1981-01-22 00:00:00-05:00,3.5098304748535156,3.5475702802791247,3.5098304748535156,3.5098304748535156,116953,0.0,0.0
1981-01-23 00:00:00-05:00,3.6230504512786865,3.660791016476879,3.6230504512786865,3.6230504512786865,101871,0.0,0.0
1981-01-26 00:00:00-05:00,3.585310173434248,3.585310173434248,3.547569990158081,3.547569990158081,203213,0.0,0.0
1981-01-27 00:00:00-05:00,3.472090296078146,3.472090296078146,3.4343504905700684,3.4343504905700684,165375,0.0,0.0
1981-01-28 00:00:00-05:00,3.396609829686039,3.396609829686039,3.358870029449463,3.358870029449463,278888,0.0,0.0
1981-01-29 00:00:00-05:00,3.358870219994438,3.358870219994438,3.283389091491699,3.283389091491699,90758,0.0,0.0
1981-01-30 00:00:00-05:00,3.1324288262952025,3.1324288262952025,3.056948661804199,3.056948661804199,266188,0.0,0.0
1981-02-02 00:00:00-05:00,2.9437289391850734,2.9437289391850734,2.86824893951416,2.86824893951416,304819,0.0,0.0
1981-02-03 00:00:00-05:00,3.0192086696624756,3.0946894244774996,3.0192086696624756,3.0192086696624756,226762,0.0,0.0
1981-02-04 00:00:00-05:00,3.1701691150665283,3.2456490962738376,3.1701691150665283,3.1701691150665283,204271,0.0,0.0
1981-02-05 00:00:00-05:00,3.1701695512630472,3.1701695512630472,3.09468936920166,3.09468936920166,67738,0.0,0.0
1981-02-06 00:00:00-05:00,3.1701691150665283,3.2456490962738376,3.1701691150665283,3.1701691150665283,61652,0.0,0.0
1981-02-09 00:00:00-05:00,3.0946894244774996,3.0946894244774996,3.0192086696624756,3.0192086696624756,98696,0.0,0.0
1981-02-10 00:00:00-05:00,3.056948661804199,3.1324288262952025,3.056948661804199,3.056948661804199,96579,0.0,0.0
1981-02-11 00:00:00-05:00,3.0569496768999027,3.0569496768999027,2.981468915939331,2.981468915939331,127008,0.0,0.0
1981-02-12 00:00:00-05:00,2.981468681960571,3.019208678542114,2.9437286853790283,2.9437286853790283,84407,0.0,0.0
1981-02-13 00:00:00-05:00,2.9437282068466777,2.9437282068466777,2.9059882164001465,2.9059882164001465,62710,0.0,0.0
1981-02-17 00:00:00-05:00,2.9059882164001465,2.981468197293209,2.9059882164001465,2.9059882164001465,119864,0.0,0.0
1981-02-18 00:00:00-05:00,3.0192086696624756,3.056949428006952,3.0192086696624756,3.0192086696624756,127008,0.0,0.0
1981-02-19 00:00:00-05:00,2.981468681960571,2.981468681960571,2.9437286853790283,2.9437286853790283,75146,0.0,0.0
1981-02-20 00:00:00-05:00,2.9437286853790283,2.981468681960571,2.9437286853790283,2.9437286853790283,74088,0.0,0.0
1981-02-23 00:00:00-05:00,2.981468915939331,3.019208915482621,2.981468915939331,2.981468915939331,201890,0.0,0.0
1981-02-24 00:00:00-05:00,3.056948661804199,3.0946886488154837,3.056948661804199,3.056948661804199,229673,0.0,0.0
1981-02-25 00:00:00-05:00,2.9059889393496166,2.9059889393496166,2.86824893951416,2.86824893951416,392666,0.0,0.0
1981-02-26 00:00:00-05:00,2.792768965849775,2.792768965849775,2.7550289630889893,2.7550289630889893,227291,0.0,0.0
1981-02-27 00:00:00-05:00,2.7927684783935547,2.8305084745671145,2.7927684783935547,2.7927684783935547,192629,0.0,0.0
1981-03-02 00:00:00-05:00,2.717288303810452,2.717288303810452,2.6795475482940674,2.6795475482940674,355093,0.0,0.0
1981-03-03 00:00:00-05:00,2.7927684783935547,2.8305084745671145,2.7927684783935547,2.7927684783935547,453524,0.0,0.0
1981-03-04 00:00:00-05:00,2.9059882164001465,2.9437282068466777,2.9059882164001465,2.9059882164001465,171196,0.0,0.0
1981-03-05 00:00:00-05:00,3.0192086696624756,3.0946894244774996,3.0192086696624756,3.0192086696624756,249782,0.0,0.0
1981-03-06 00:00:00-05:00,3.056948661804199,3.0946886488154837,3.056948661804199,3.056948661804199,83084,0.0,0.0
1981-03-09 00:00:00-05:00,3.056949428006952,3.0946894244774996,3.0192086696624756,3.0192086696624756,110867,0.0,0.0
1981-03-10 00:00:00-05:00,2.981468681960571,2.981468681960571,2.9437286853790283,2.9437286853790283,87318,0.0,0.0
1981-03-11 00:00:00-05:00,2.9059889393496166,2.9059889393496166,2.86824893951416,2.86824893951416,93139,0.0,0.0
1981-03-12 00:00:00-05:00,3.056948661804199,3.0946886488154837,3.056948661804199,3.056948661804199,224910,0.0,0.0
1981-03-13 00:00:00-05:00,3.056949428006952,3.056949428006952,3.0192086696624756,3.0192086696624756,57418,0.0,0.0
1981-03-16 00:00:00-05:00,3.056948661804199,3.0946886488154837,3.056948661804199,3.056948661804199,164317,0.0,0.0
1981-03-17 00:00:00-05:00,3.056949428006952,3.0946894244774996,3.0192086696624756,3.0192086696624756,43924,0.0,0.0
1981-03-18 00:00:00-05:00,3.0192086696624756,3.056949428006952,3.0192086696624756,3.0192086696624756,114572,0.0,0.0
1981-03-19 00:00:00-05:00,2.981468681960571,2.981468681960571,2.9437286853790283,2.9437286853790283,73823,0.0,0.0
1981-03-20 00:00:00-05:00,2.9059889393496166,2.9059889393496166,2.86824893951416,2.86824893951416,101606,0.0,0.0
1981-03-23 00:00:00-05:00,2.8682481739285617,2.8682481739285617,2.83050799369812,2.83050799369812,64298,0.0,0.0
1981-03-24 00:00:00-05:00,2.9059882164001465,2.9437282068466777,2.9059882164001465,2.9059882164001465,283387,0.0,0.0
1981-03-25 00:00:00-05:00,2.981468915939331,3.019208915482621,2.981468915939331,2.981468915939331,115630,0.0,0.0
1981-03-26 00:00:00-05:00,2.981468915939331,3.0569496768999027,2.981468915939331,2.981468915939331,66150,0.0,0.0
1981-03-27 00:00:00-05:00,2.981468915939331,3.0569496768999027,2.981468915939331,2.981468915939331,69061,0.0,0.0
1981-03-30 00:00:00-05:00,2.981468915939331,3.019208915482621,2.981468915939331,2.981468915939331,40748,0.0,0.0
1981-03-31 00:00:00-05:00,3.207909345626831,3.283389336961759,3.207909345626831,3.207909345626831,255604,0.0,0.0
1981-04-01 00:00:00-05:00,3.472090482711792,3.5475704787221476,3.472090482711792,3.472090482711792,395312,0.0,0.0
1981-04-02 00:00:00-05:00,3.6607906818389893,3.6985308626503626,3.6607906818389893,3.6607906818389893,726062,0.0,0.0
1981-04-03 00:00:00-05:00,3.6607906818389893,3.736270662524834,3.6607906818389893,3.6607906818389893,283916,0.0,0.0
1981-04-06 00:00:00-05:00,3.623050356710415,3.623050356710415,3.547569990158081,3.547569990158081,459610,0.0,0.0
1981-04-07 00:00:00-05:00,3.6230504512786865,3.698531200738134,3.6230504512786865,3.6230504512786865,439501,0.0,0.0
1981-04-08 00:00:00-05:00,3.6607906818389893,3.6985308626503626,3.6607906818389893,3.6607906818389893,220941,0.0,0.0
1981-04-09 00:00:00-05:00,3.811750650405884,3.8872310121711107,3.811750650405884,3.811750650405884,274390,0.0,0.0
1981-04-10 00:00:00-05:00,4.000451564788818,4.075931545805251,4.000451564788818,4.000451564788818,601436,0.0,0.0
1981-04-13 00:00:00-05:00,4.038191318511963,4.0759311145587365,4.038191318511963,4.038191318511963,293706,0.0,0.0
1981-04-14 00:00:00-05:00,3.887231550922603,3.887231550922603,3.7740113735198975,3.7740113735198975,224381,0.0,0.0
1981-04-15 00:00:00-05:00,3.7740113735198975,3.811751178696162,3.7740113735198975,3.7740113735198975,210886,0.0,0.0
1981-04-16 00:00:00-05:00,3.7740113735198975,3.8494913648093827,3.7740113735198975,3.7740113735198975,138121,0.0,0.0
1981-04-20 00:00:00-05:00,3.7740113735198975,3.8494913648093827,3.7740113735198975,3.7740113735198975,73559,0.0,0.0
1981-04-21 00:00:00-05:00,3.7740113735198975,3.811751178696162,3.7740113735198975,3.7740113735198975,128860,0.0,0.0
1981-04-22 00:00:00-05:00,3.660791699516967,3.660791699516967,3.585310935974121,3.585310935974121,62446,0.0,0.0
1981-04-23 00:00:00-05:00,3.5098306711854597,3.5098306711854597,3.472090482711792,3.472090482711792,85201,0.0,0.0
1981-04-24 00:00:00-05:00,3.472090250982544,3.472090250982544,3.3966102600097656,3.3966102600097656,35192,0.0,0.0
1981-04-27 00:00:00-04:00,3.3966102600097656,3.472090250982544,3.3966102600097656,3.3966102600097656,37838,0.0,0.0
1981-04-28 00:00:00-04:00,3.3966100223719513,3.3966100223719513,3.283389091491699,3.283389091491699,85466,0.0,0.0
1981-04-29 00:00:00-04:00,3.20790891520173,3.20790891520173,3.1701691150665283,3.1701691150665283,180986,0.0,0.0
1981-04-30 00:00:00-04:00,3.2456486225128174,3.321128592702462,3.2456486225128174,3.2456486225128174,115366,0.0,0.0
1981-05-01 00:00:00-04:00,3.3211295604705815,3.396610314528812,3.3211295604705815,3.321129560470581,147647,0.0,0.0
1981-05-04 00:00:00-04:00,3.3966102600097656,3.434350445964632,3.3966102600097656,3.3966102600097656,106369,0.0,0.0
1981-05-05 00:00:00-04:00,3.396609829686039,3.396609829686039,3.358870029449463,3.358870029449463,108221,0.0,0.0
1981-05-06 00:00:00-04:00,3.3588705089051376,3.396610314528812,3.3211295604705815,3.321129560470581,232054,0.0,0.0
1981-05-07 00:00:00-04:00,3.3211295604705815,3.396610314528812,3.3211295604705815,3.321129560470581,171461,0.0,0.0
1981-05-08 00:00:00-04:00,3.245649531762773,3.245649531762773,3.207909345626831,3.207909345626831,106369,0.0,0.0
1981-05-11 00:00:00-04:00,3.1324288262952025,3.1324288262952025,3.056948661804199,3.056948661804199,59270,0.0,0.0
1981-05-12 00:00:00-04:00,3.09468936920166,3.1701695512630472,3.09468936920166,3.09468936920166,57683,0.0,0.0
1981-05-13 00:00:00-04:00,3.09468936920166,3.1701695512630472,3.09468936920166,3.09468936920166,47893,0.0,0.0
1981-05-14 00:00:00-04:00,3.132429599761963,3.170169596092095,3.132429599761963,3.132429599761963,50274,0.0,0.0
1981-05-15 00:00:00-04:00,3.1701691150665283,3.2456490962738376,3.1701691150665283,3.1701691150665283,76205,0.0,0.0
1981-05-18 00:00:00-04:00,3.3211295604705815,3.3588705089051376,3.3211295604705815,3.321129560470581,64298,0.0,0.0
1981-05-19 00:00:00-04:00,3.3211295604705815,3.396610314528812,3.3211295604705815,3.321129560470581,105840,0.0,0.0
1981-05-20 00:00:00-04:00,3.472090482711792,3.5098306711854597,3.472090482711792,3.472090482711792,159025,0.0,0.0
1981-05-21 00:00:00-04:00,3.472090482711792,3.5475704787221476,3.472090482711792,3.472090482711792,107428,0.0,0.0
1981-05-22 00:00:00-04:00,3.472090482711792,3.5098306711854597,3.472090482711792,3.472090482711792,121981,0.0,0.0
1981-05-26 00:00:00-04:00,3.472090296078146,3.509830482523183,3.4343504905700684,3.4343504905700684,66944,0.0,0.0
1981-05-27 00:00:00-04:00,3.4343504905700684,3.472090296078146,3.4343504905700684,3.4343504905700684,82026,0.0,0.0
1981-05-28 00:00:00-04:00,3.434350445964632,3.434350445964632,3.3966102600097656,3.3966102600097656,59270,0.0,0.0
1981-05-29 00:00:00-04:00,3.3966102600097656,3.434350445964632,3.3966102600097656,3.3966102600097656,62446,0.0,0.0
1981-06-01 00:00:00-04:00,3.3966102600097656,3.434350445964632,3.3966102600097656,3.3966102600097656,88112,0.0,0.0
1981-06-02 00:00:00-04:00,3.472090482711792,3.5475704787221476,3.472090482711792,3.472090482711792,80968,0.0,0.0
1981-06-03 00:00:00-04:00,3.5098304748535156,3.585310466641692,3.5098304748535156,3.5098304748535156,56095,0.0,0.0
1981-06-04 00:00:00-04:00,3.6230504512786865,3.698531200738134,3.6230504512786865,3.6230504512786865,93668,0.0,0.0
1981-06-05 00:00:00-04:00,4.038191318511963,4.113671291542374,4.038191318511963,4.038191318511963,212474,0.0,0.0
1981-06-08 00:00:00-04:00,4.038191318511963,4.0759311145587365,4.038191318511963,4.038191318511963,316726,0.0,0.0
1981-06-09 00:00:00-04:00,3.9627110942840376,3.9627110942840376,3.8872311115264893,3.8872311115264893,278359,0.0,0.0
1981-06-10 00:00:00-04:00,3.8872310121711107,3.8872310121711107,3.811750650405884,3.811750650405884,126743,0.0,0.0
1981-06-11 00:00:00-04:00,3.811750650405884,3.8872310121711107,3.811750650405884,3.811750650405884,34663,0.0,0.0
1981-06-12 00:00:00-04:00,3.774011623953164,3.774011623953164,3.6985316276550293,3.6985316276550293,124097,0.0,0.0
1981-06-15 00:00:00-04:00,3.7362704277038574,3.7740106061432974,3.7362704277038574,3.7362704277038574,122245,0.0,0.0
1981-06-16 00:00:00-04:00,3.547570288031261,3.547570288031261,3.4343504905700684,3.4343504905700684,142884,0.0,0.0
1981-06-17 00:00:00-04:00,3.472090482711792,3.5098306711854597,3.472090482711792,3.472090482711792,144472,0.0,0.0
1981-06-18 00:00:00-04:00,3.472090296078146,3.472090296078146,3.4343504905700684,3.4343504905700684,89699,0.0,0.0
1981-06-19 00:00:00-04:00,3.472090482711792,3.5475704787221476,3.472090482711792,3.472090482711792,68531,0.0,0.0
1981-06-22 00:00:00-04:00,3.396610314528812,3.396610314528812,3.3211295604705815,3.321129560470581,87053,0.0,0.0
1981-06-23 00:00:00-04:00,3.321129274806141,3.321129274806141,3.283389091491699,3.283389091491699,120922,0.0,0.0
1981-06-24 00:00:00-04:00,3.3966102600097656,3.434350445964632,3.3966102600097656,3.3966102600097656,177547,0.0,0.0
1981-06-25 00:00:00-04:00,3.3966102600097656,3.472090250982544,3.3966102600097656,3.3966102600097656,29635,0.0,0.0
1981-06-26 00:00:00-04:00,3.3966102600097656,3.434350445964632,3.3966102600097656,3.3966102600097656,37573,0.0,0.0
1981-06-29 00:00:00-04:00,3.3588705089051376,3.3588705089051376,3.3211295604705815,3.321129560470581,37044,0.0,0.0
1981-06-30 00:00:00-04:00,3.207909401953745,3.207909401953745,3.132429599761963,3.132429599761963,90758,0.0,0.0
1981-07-01 00:00:00-04:00,3.132429555466593,3.132429555466593,3.09468936920166,3.09468936920166,69590,0.0,0.0
1981-07-02 00:00:00-04:00,3.09468936920166,3.132429555466593,3.09468936920166,3.09468936920166,61387,0.0,0.0
1981-07-06 00:00:00-04:00,2.9059889393496166,2.9059889393496166,2.86824893951416,2.86824893951416,82026,0.0,0.0
1981-07-07 00:00:00-04:00,2.8682481739285617,2.905988163690555,2.83050799369812,2.83050799369812,168550,0.0,0.0
1981-07-08 00:00:00-04:00,2.86824893951416,2.9437289391850734,2.86824893951416,2.86824893951416,105046,0.0,0.0
1981-07-09 00:00:00-04:00,3.056948661804199,3.0946886488154837,3.056948661804199,3.056948661804199,152674,0.0,0.0
1981-07-10 00:00:00-04:00,3.019208915482621,3.019208915482621,2.981468915939331,2.981468915939331,196862,0.0,0.0
1981-07-13 00:00:00-04:00,2.981468681960571,3.019208678542114,2.9437286853790283,2.9437286853790283,14553,0.0,0.0
1981-07-14 00:00:00-04:00,2.9059889393496166,2.9059889393496166,2.86824893951416,2.86824893951416,112720,0.0,0.0
1981-07-15 00:00:00-04:00,2.9059882164001465,2.9437282068466777,2.9059882164001465,2.9059882164001465,153733,0.0,0.0
1981-07-16 00:00:00-04:00,2.9437286853790283,3.019208678542114,2.9437286853790283,2.9437286853790283,37838,0.0,0.0
1981-07-17 00:00:00-04:00,2.9437286853790283,2.981468681960571,2.9437286853790283,2.9437286853790283,89435,0.0,0.0
1981-07-20 00:00:00-04:00,2.9059889393496166,2.9059889393496166,2.86824893951416,2.86824893951416,73030,0.0,0.0
1981-07-21 00:00:00-04:00,2.86824893951416,2.9059889393496166,2.86824893951416,2.86824893951416,70913,0.0,0.0
1981-07-22 00:00:00-04:00,2.86824893951416,2.9059889393496166,2.86824893951416,2.86824893951416,20903,0.0,0.0
1981-07-23 00:00:00-04:00,2.86824893951416,2.9437289391850734,2.86824893951416,2.86824893951416,55037,0.0,0.0
1981-07-24 00:00:00-04:00,2.9059882164001465,2.981468197293209,2.9059882164001465,2.9059882164001465,42071,0.0,0.0
1981-07-27 00:00:00-04:00,2.9059889393496166,2.9437289391850734,2.86824893951416,2.86824893951416,48422,0.0,0.0
1981-07-28 00:00:00-04:00,2.86824893951416,2.9059889393496166,2.86824893951416,2.86824893951416,56360,0.0,0.0
1981-07-29 00:00:00-04:00,2.8682481739285617,2.8682481739285617,2.83050799369812,2.83050799369812,95785,0.0,0.0
1981-07-30 00:00:00-04:00,2.8305084745671145,2.8305084745671145,2.7927684783935547,2.7927684783935547,129125,0.0,0.0
1981-07-31 00:00:00-04:00,2.7927684783935547,2.8305084745671145,2.7927684783935547,2.7927684783935547,111132,0.0,0.0
1981-08-03 00:00:00-04:00,2.7927692218051057,2.7927692218051057,2.7172892093658447,2.7172892093658447,103988,0.0,0.0
1981-08-04 00:00:00-04:00,2.7172892093658447,2.755029215585475,2.7172892093658447,2.7172892093658447,142355,0.0,0.0
1981-08-05 00:00:00-04:00,2.7172892093658447,2.755029215585475,2.7172892093658447,2.7172892093658447,29106,0.0,0.0
1981-08-06 00:00:00-04:00,2.679547066167199,2.679547066167199,2.6418070793151855,2.6418070793151855,135211,0.0,0.0
1981-08-07 00:00:00-04:00,2.6418073158227235,2.6795473060534065,2.604067325592041,2.604067325592041,100283,0.0,0.0
1981-08-10 00:00:00-04:00,2.604067325592041,2.604067325592041,2.604067325592041,2.604067325592041,0,0.0,0.0
1981-08-11 00:00:00-04:00,2.6418070793151855,2.717287814892948,2.6418070793151855,2.6418070793151855,25931,0.0,0.0
1981-08-12 00:00:00-04:00,2.6418070793151855,2.717287814892948,2.6418070793151855,2.6418070793151855,141296,0.0,0.0
1981-08-13 00:00:00-04:00,2.7550289630889893,2.792768965849775,2.7550289630889893,2.7550289630889893,65885,0.0,0.0
1981-08-14 00:00:00-04:00,2.7550289630889893,2.8305089686105602,2.7550289630889893,2.7550289630889893,128596,0.0,0.0
1981-08-17 00:00:00-04:00,2.755029215585475,2.755029215585475,2.7172892093658447,2.7172892093658447,119864,0.0,0.0
1981-08-18 00:00:00-04:00,2.6795473060534065,2.6795473060534065,2.604067325592041,2.604067325592041,93933,0.0,0.0
1981-08-19 00:00:00-04:00,2.6418070793151855,2.717287814892948,2.6418070793151855,2.6418070793151855,47893,0.0,0.0
1981-08-20 00:00:00-04:00,2.7927684783935547,2.8305084745671145,2.7927684783935547,2.7927684783935547,66150,0.0,0.0
1981-08-21 00:00:00-04:00,2.7927684783935547,2.8305084745671145,2.7927684783935547,2.7927684783935547,36779,0.0,0.0
1981-08-24 00:00:00-04:00,2.7550282974529647,2.7550282974529647,2.6795475482940674,2.6795475482940674,119864,0.0,0.0
1981-08-25 00:00:00-04:00,2.6418073158227235,2.6418073158227235,2.604067325592041,2.604067325592041,109015,0.0,0.0
1981-08-26 00:00:00-04:00,2.528587342196564,2.528587342196564,2.49084734916687,2.49084734916687,91816,0.0,0.0
1981-08-27 00:00:00-04:00,2.377627103884842,2.377627103884842,2.3021469116210938,2.3021469116210938,238405,0.0,0.0
1981-08-28 00:00:00-04:00,2.3398866653442383,2.4153674148958846,2.3398866653442383,2.3398866653442383,78057,0.0,0.0
1981-08-31 00:00:00-04:00,2.377626419067383,2.453107160996253,2.377626419067383,2.377626419067383,110074,0.0,0.0
1981-09-01 00:00:00-04:00,2.41536808013916,2.4531080843724378,2.41536808013916,2.41536808013916,51597,0.0,0.0
1981-09-02 00:00:00-04:00,2.41536808013916,2.4531080843724378,2.41536808013916,2.41536808013916,84672,0.0,0.0
1981-09-03 00:00:00-04:00,2.302146920522923,2.302146920522923,2.26440691947937,2.26440691947937,85995,0.0,0.0
1981-09-04 00:00:00-04:00,2.2644059586938394,2.2644059586938394,2.22666597366333,2.22666597366333,75676,0.0,0.0
1981-09-08 00:00:00-04:00,2.226666452510104,2.226666452510104,2.151186466217041,2.151186466217041,68267,0.0,0.0
1981-09-09 00:00:00-04:00,2.151187437943951,2.188927448138269,2.113447427749634,2.113447427749634,58741,0.0,0.0
1981-09-10 00:00:00-04:00,2.113447427749634,2.188927448138269,2.113447427749634,2.113447427749634,92081,0.0,0.0
1981-09-11 00:00:00-04:00,2.188927173614502,2.226667179075666,2.188927173614502,2.188927173614502,104252,0.0,0.0
1981-09-14 00:00:00-04:00,2.188927173614502,2.2644071845368297,2.188927173614502,2.188927173614502,74353,0.0,0.0
1981-09-15 00:00:00-04:00,2.1889264593635724,2.1889264593635724,2.151186466217041,2.151186466217041,916310,0.0,0.0
1981-09-16 00:00:00-04:00,2.151186962476367,2.151186962476367,2.075706958770752,2.075706958770752,51332,0.0,0.0
1981-09-17 00:00:00-04:00,2.075706958770752,2.1134469606235595,2.075706958770752,2.075706958770752,91552,0.0,0.0
1981-09-18 00:00:00-04:00,2.075706958770752,2.1134469606235595,2.075706958770752,2.075706958770752,47628,0.0,0.0
1981-09-21 00:00:00-04:00,2.0757057531360594,2.0757057531360594,2.0379648208618164,2.0379648208618164,160348,0.0,0.0
1981-09-22 00:00:00-04:00,2.000225793937934,2.000225793937934,1.924745798110962,1.924745798110962,213003,0.0,0.0
1981-09-23 00:00:00-04:00,1.887005811976582,1.887005811976582,1.8492658138275146,1.8492658138275146,167492,0.0,0.0
1981-09-24 00:00:00-04:00,2.075706958770752,2.151186962476367,2.075706958770752,2.075706958770752,183103,0.0,0.0
1981-09-25 00:00:00-04:00,2.151186466217041,2.226666452510104,2.151186466217041,2.151186466217041,283651,0.0,0.0
1981-09-28 00:00:00-04:00,2.22666597366333,2.3021459437243483,2.22666597366333,2.22666597366333,122774,0.0,0.0
1981-09-29 00:00:00-04:00,2.3021469116210938,2.377627103884842,2.3021469116210938,2.3021469116210938,254016,0.0,0.0
1981-09-30 00:00:00-04:00,2.49084734916687,2.528587342196564,2.49084734916687,2.49084734916687,115366,0.0,0.0
1981-10-01 00:00:00-04:00,2.6795475482940674,2.717288303810452,2.6795475482940674,2.6795475482940674,167227,0.0,0.0
1981-10-02 00:00:00-04:00,2.6795473060534065,2.6795473060534065,2.604067325592041,2.604067325592041,143413,0.0,0.0
1981-10-05 00:00:00-04:00,2.566327576302089,2.566327576302089,2.528587579727173,2.528587579727173,181251,0.0,0.0
1981-10-06 00:00:00-04:00,2.528587579727173,2.604067763345488,2.528587579727173,2.528587579727173,70648,0.0,0.0
1981-10-07 00:00:00-04:00,2.604067325592041,2.6418073158227235,2.604067325592041,2.604067325592041,131242,0.0,0.0
1981-10-08 00:00:00-04:00,2.6795475482940674,2.717288303810452,2.6795475482940674,2.6795475482940674,87053,0.0,0.0
1981-10-09 00:00:00-04:00,2.604067763345488,2.604067763345488,2.528587579727173,2.528587579727173,112455,0.0,0.0
1981-10-12 00:00:00-04:00,2.528587342196564,2.566327335226258,2.49084734916687,2.49084734916687,109015,0.0,0.0
1981-10-13 00:00:00-04:00,2.604067325592041,2.6795473060534065,2.604067325592041,2.604067325592041,106105,0.0,0.0
1981-10-14 00:00:00-04:00,2.604067325592041,2.6795473060534065,2.604067325592041,2.604067325592041,98960,0.0,0.0
1981-10-15 00:00:00-04:00,2.604067325592041,2.6418073158227235,2.604067325592041,2.604067325592041,41542,0.0,0.0
1981-10-16 00:00:00-04:00,2.604067763345488,2.604067763345488,2.528587579727173,2.528587579727173,28841,0.0,0.0
1981-10-19 00:00:00-04:00,2.5663273334503174,2.6040675169223593,2.5663273334503174,2.5663273334503174,50539,0.0,0.0
1981-10-20 00:00:00-04:00,2.6795475482940674,2.7550282974529647,2.6795475482940674,2.6795475482940674,92610,0.0,0.0
1981-10-21 00:00:00-04:00,2.7927684783935547,2.8305084745671145,2.7927684783935547,2.7927684783935547,159025,0.0,0.0
1981-10-22 00:00:00-04:00,2.755029215585475,2.755029215585475,2.7172892093658447,2.7172892093658447,185220,0.0,0.0
1981-10-23 00:00:00-04:00,2.6795473060534065,2.6795473060534065,2.604067325592041,2.604067325592041,88376,0.0,0.0
1981-10-26 00:00:00-05:00,2.6040675169223593,2.6418075099259366,2.5663273334503174,2.5663273334503174,42336,0.0,0.0
1981-10-27 00:00:00-05:00,2.604067325592041,2.6418073158227235,2.604067325592041,2.604067325592041,47363,0.0,0.0
1981-10-28 00:00:00-05:00,2.604067763345488,2.604067763345488,2.528587579727173,2.528587579727173,31752,0.0,0.0
1981-10-29 00:00:00-05:00,2.528587579727173,2.604067763345488,2.528587579727173,2.528587579727173,20639,0.0,0.0
1981-10-30 00:00:00-05:00,2.528587342196564,2.566327335226258,2.49084734916687,2.49084734916687,47099,0.0,0.0
1981-11-02 00:00:00-05:00,2.528587579727173,2.566327576302089,2.528587579727173,2.528587579727173,92610,0.0,0.0
1981-11-03 00:00:00-05:00,2.528587579727173,2.566327576302089,2.528587579727173,2.528587579727173,90758,0.0,0.0
1981-11-04 00:00:00-05:00,2.528587579727173,2.566327576302089,2.528587579727173,2.528587579727173,247930,0.0,0.0
1981-11-05 00:00:00-05:00,2.4153671709687172,2.4153671709687172,2.377626419067383,2.377626419067383,104517,0.0,0.0
1981-11-06 00:00:00-05:00,2.3776266591831234,2.3776266591831234,2.3398866653442383,2.3398866653442383,58477,0.0,0.0
1981-11-09 00:00:00-05:00,2.3398866653442383,2.3776266591831234,2.3398866653442383,2.3398866653442383,86260,0.0,0.0
1981-11-10 00:00:00-05:00,2.3398866653442383,2.3776266591831234,2.3398866653442383,2.3398866653442383,57418,0.0,0.0
1981-11-11 00:00:00-05:00,2.3398866653442383,2.3776266591831234,2.3398866653442383,2.3398866653442383,116159,0.0,0.0
1981-11-12 00:00:00-05:00,2.3398866653442383,2.3776266591831234,2.3398866653442383,2.3398866653442383,72765,0.0,0.0
1981-11-13 00:00:00-05:00,2.3398866653442383,2.3776266591831234,2.3398866653442383,2.3398866653442383,89435,0.0,0.0
1981-11-16 00:00:00-05:00,2.3398866653442383,2.3776266591831234,2.3398866653442383,2.3398866653442383,101871,0.0,0.0
1981-11-17 00:00:00-05:00,2.41536808013916,2.490848088605716,2.41536808013916,2.41536808013916,125685,0.0,0.0
1981-11-18 00:00:00-05:00,2.49084734916687,2.528587342196564,2.49084734916687,2.49084734916687,151616,0.0,0.0
1981-11-19 00:00:00-05:00,2.4908473500685018,2.4908473500685018,2.4531073570251465,2.4531073570251465,148176,0.0,0.0
1981-11-20 00:00:00-05:00,2.4531080843724378,2.4531080843724378,2.41536808013916,2.41536808013916,81497,0.0,0.0
1981-11-23 00:00:00-05:00,2.3776266591831234,2.3776266591831234,2.3398866653442383,2.3398866653442383,68267,0.0,0.0
1981-11-24 00:00:00-05:00,2.33988710298722,2.33988710298722,2.3021469116210938,2.3021469116210938,57683,0.0,0.0
1981-11-25 00:00:00-05:00,2.2644059586938394,2.2644059586938394,2.22666597366333,2.22666597366333,71177,0.0,0.0
1981-11-27 00:00:00-05:00,2.22666597366333,2.2644059586938394,2.22666597366333,2.22666597366333,24343,0.0,0.0
1981-11-30 00:00:00-05:00,2.226667179075666,2.2644071845368297,2.188927173614502,2.188927173614502,47363,0.0,0.0
1981-12-01 00:00:00-05:00,2.188927173614502,2.2644071845368297,2.188927173614502,2.188927173614502,80174,0.0,0.0
1981-12-02 00:00:00-05:00,2.22666597366333,2.3021459437243483,2.22666597366333,2.22666597366333,78057,0.0,0.0
1981-12-03 00:00:00-05:00,2.377626419067383,2.4153671709687172,2.377626419067383,2.377626419067383,90229,0.0,0.0
1981-12-04 00:00:00-05:00,2.41536808013916,2.4531080843724378,2.41536808013916,2.41536808013916,93139,0.0,0.0
1981-12-07 00:00:00-05:00,2.33988710298722,2.33988710298722,2.3021469116210938,2.3021469116210938,75411,0.0,0.0
1981-12-08 00:00:00-05:00,2.2644071845368297,2.2644071845368297,2.188927173614502,2.188927173614502,75411,0.0,0.0
1981-12-09 00:00:00-05:00,2.188927173614502,2.226667179075666,2.188927173614502,2.188927173614502,36779,0.0,0.0
1981-12-10 00:00:00-05:00,2.188927173614502,2.226667179075666,2.188927173614502,2.188927173614502,70384,0.0,0.0
1981-12-11 00:00:00-05:00,2.188927173614502,2.226667179075666,2.188927173614502,2.188927173614502,75411,0.0,0.0
1981-12-14 00:00:00-05:00,2.151187437943951,2.151187437943951,2.113447427749634,2.113447427749634,63239,0.0,0.0
1981-12-15 00:00:00-05:00,2.113447427749634,2.151187437943951,2.113447427749634,2.113447427749634,87053,0.0,0.0
1981-12-16 00:00:00-05:00,2.113447427749634,2.151187437943951,2.113447427749634,2.113447427749634,128596,0.0,0.0
1981-12-17 00:00:00-05:00,2.113447427749634,2.151187437943951,2.113447427749634,2.113447427749634,143149,0.0,0.0
1981-12-18 00:00:00-05:00,2.188927173614502,2.2644071845368297,2.188927173614502,2.188927173614502,181251,0.0,0.0
1981-12-21 00:00:00-05:00,2.188927173614502,2.226667179075666,2.188927173614502,2.188927173614502,129389,0.0,0.0
1981-12-22 00:00:00-05:00,2.188927448138269,2.188927448138269,2.113447427749634,2.113447427749634,119599,0.0,0.0
1981-12-23 00:00:00-05:00,2.113447427749634,2.151187437943951,2.113447427749634,2.113447427749634,68002,0.0,0.0
1981-12-24 00:00:00-05:00,2.113447427749634,2.151187437943951,2.113447427749634,2.113447427749634,45776,0.0,0.0
1981-12-28 00:00:00-05:00,2.1134469606235595,2.1134469606235595,2.075706958770752,2.075706958770752,196069,0.0,0.0
1981-12-29 00:00:00-05:00,2.0379660334461644,2.0379660334461644,1.9624860286712646,1.9624860286712646,135740,0.0,0.0
1981-12-30 00:00:00-05:00,2.000225305557251,2.0379652942560345,2.000225305557251,2.000225305557251,214855,0.0,0.0
1981-12-31 00:00:00-05:00,2.000225305557251,2.0379652942560345,2.000225305557251,2.000225305557251,193687,0.0,0.0
1982-01-04 00:00:00-05:00,2.000225305557251,2.0379652942560345,2.000225305557251,2.000225305557251,56095,0.0,0.0
1982-01-05 00:00:00-05:00,2.0379648208618164,2.0757057531360594,2.0379648208618164,2.0379648208618164,78851,0.0,0.0
1982-01-06 00:00:00-05:00,2.188927173614502,2.226667179075666,2.188927173614502,2.188927173614502,156114,0.0,0.0
1982-01-07 00:00:00-05:00,2.1889264593635724,2.226666452510104,2.151186466217041,2.151186466217041,159554,0.0,0.0
1982-01-08 00:00:00-05:00,2.3021469116210938,2.33988710298722,2.3021469116210938,2.3021469116210938,181251,0.0,0.0
1982-01-11 00:00:00-05:00,2.2644071845368297,2.2644071845368297,2.188927173614502,2.188927173614502,161406,0.0,0.0
1982-01-12 00:00:00-05:00,2.1889264593635724,2.226666452510104,2.151186466217041,2.151186466217041,55566,0.0,0.0
1982-01-13 00:00:00-05:00,2.151186466217041,2.1889264593635724,2.151186466217041,2.151186466217041,58212,0.0,0.0
1982-01-14 00:00:00-05:00,2.151186466217041,2.1889264593635724,2.151186466217041,2.151186466217041,250576,0.0,0.0
1982-01-15 00:00:00-05:00,2.188927173614502,2.2644071845368297,2.188927173614502,2.188927173614502,75146,0.0,0.0
1982-01-18 00:00:00-05:00,2.188927173614502,2.226667179075666,2.188927173614502,2.188927173614502,63239,0.0,0.0
1982-01-19 00:00:00-05:00,2.151186962476367,2.151186962476367,2.075706958770752,2.075706958770752,64033,0.0,0.0
1982-01-20 00:00:00-05:00,2.075706958770752,2.1134469606235595,2.075706958770752,2.075706958770752,96314,0.0,0.0
1982-01-21 00:00:00-05:00,2.075706958770752,2.1134469606235595,2.075706958770752,2.075706958770752,39425,0.0,0.0
1982-01-22 00:00:00-05:00,2.188927173614502,2.226667179075666,2.188927173614502,2.188927173614502,111132,0.0,0.0
1982-01-25 00:00:00-05:00,2.188927173614502,2.226667179075666,2.188927173614502,2.188927173614502,51597,0.0,0.0
1982-01-26 00:00:00-05:00,2.1889264593635724,2.1889264593635724,2.151186466217041,2.151186466217041,71177,0.0,0.0
1982-01-27 00:00:00-05:00,2.22666597366333,2.3021459437243483,2.22666597366333,2.22666597366333,54508,0.0,0.0
1982-01-28 00:00:00-05:00,2.3398866653442383,2.4153674148958846,2.3398866653442383,2.3398866653442383,89170,0.0,0.0
1982-01-29 00:00:00-05:00,2.3398866653442383,2.4153674148958846,2.3398866653442383,2.3398866653442383,70119,0.0,0.0
1982-02-01 00:00:00-05:00,2.33988710298722,2.377627103884842,2.3021469116210938,2.3021469116210938,82555,0.0,0.0
1982-02-02 00:00:00-05:00,2.3021469116210938,2.33988710298722,2.3021469116210938,2.3021469116210938,71442,0.0,0.0
1982-02-03 00:00:00-05:00,2.3398866653442383,2.4153674148958846,2.3398866653442383,2.3398866653442383,42601,0.0,0.0
1982-02-04 00:00:00-05:00,2.49084734916687,2.528587342196564,2.49084734916687,2.49084734916687,139180,0.0,0.0
1982-02-05 00:00:00-05:00,2.528587579727173,2.604067763345488,2.528587579727173,2.528587579727173,137592,0.0,0.0
1982-02-08 00:00:00-05:00,2.4153671709687172,2.4153671709687172,2.377626419067383,2.377626419067383,162994,0.0,0.0
1982-02-09 00:00:00-05:00,2.33988710298722,2.33988710298722,2.3021469116210938,2.3021469116210938,90758,0.0,0.0
1982-02-10 00:00:00-05:00,2.3021469116210938,2.377627103884842,2.3021469116210938,2.3021469116210938,30164,0.0,0.0
1982-02-11 00:00:00-05:00,2.3398866653442383,2.4153674148958846,2.3398866653442383,2.3398866653442383,108221,0.0,0.0
1982-02-12 00:00:00-05:00,2.41536808013916,2.4531080843724378,2.41536808013916,2.41536808013916,50803,0.0,0.0
1982-02-16 00:00:00-05:00,2.41536808013916,2.490848088605716,2.41536808013916,2.41536808013916,56624,0.0,0.0
1982-02-17 00:00:00-05:00,2.41536808013916,2.4531080843724378,2.41536808013916,2.41536808013916,85730,0.0,0.0
1982-02-18 00:00:00-05:00,2.4531073570251465,2.4908473500685018,2.4531073570251465,2.4531073570251465,75411,0.0,0.0
1982-02-19 00:00:00-05:00,2.4531073570251465,2.4908473500685018,2.4531073570251465,2.4531073570251465,125685,0.0,0.0
1982-02-22 00:00:00-05:00,2.3398871120349813,2.3398871120349813,2.26440691947937,2.26440691947937,96844,0.0,0.0
1982-02-23 00:00:00-05:00,2.2644059586938394,2.3021459437243483,2.22666597366333,2.22666597366333,83349,0.0,0.0
1982-02-24 00:00:00-05:00,2.3398866653442383,2.3776266591831234,2.3398866653442383,2.3398866653442383,107428,0.0,0.0
1982-02-25 00:00:00-05:00,2.3398866653442383,2.4153674148958846,2.3398866653442383,2.3398866653442383,44982,0.0,0.0
1982-02-26 00:00:00-05:00,2.3398866653442383,2.3776266591831234,2.3398866653442383,2.3398866653442383,45247,0.0,0.0
1982-03-01 00:00:00-05:00,2.377626419067383,2.453107160996253,2.377626419067383,2.377626419067383,95521,0.0,0.0
1982-03-02 00:00:00-05:00,2.49084734916687,2.528587342196564,2.49084734916687,2.49084734916687,260366,0.0,0.0
1982-03-03 00:00:00-05:00,2.49084734916687,2.528587342196564,2.49084734916687,2.49084734916687,147647,0.0,0.0
1982-03-04 00:00:00-05:00,2.4908473500685018,2.4908473500685018,2.4531073570251465,2.4531073570251465,93668,0.0,0.0
1982-03-05 00:00:00-05:00,2.4153674148958846,2.4153674148958846,2.3398866653442383,2.3398866653442383,197392,0.0,0.0
1982-03-08 00:00:00-05:00,2.377626419067383,2.4153671709687172,2.377626419067383,2.377626419067383,92345,0.0,0.0
1982-03-09 00:00:00-05:00,2.3776266591831234,2.3776266591831234,2.3398866653442383,2.3398866653442383,147382,0.0,0.0
1982-03-10 00:00:00-05:00,2.33988710298722,2.377627103884842,2.3021469116210938,2.3021469116210938,64827,0.0,0.0
1982-03-11 00:00:00-05:00,2.3398866653442383,2.3776266591831234,2.3398866653442383,2.3398866653442383,16670,0.0,0.0
1982-03-12 00:00:00-05:00,2.33988710298722,2.33988710298722,2.3021469116210938,2.3021469116210938,76999,0.0,0.0
1982-03-15 00:00:00-05:00,2.3398866653442383,2.4153674148958846,2.3398866653442383,2.3398866653442383,87318,0.0,0.0
1982-03-16 00:00:00-05:00,2.3398866653442383,2.3776266591831234,2.3398866653442383,2.3398866653442383,57947,0.0,0.0
1982-03-17 00:00:00-05:00,2.3398866653442383,2.3776266591831234,2.3398866653442383,2.3398866653442383,44982,0.0,0.0
1982-03-18 00:00:00-05:00,2.3398866653442383,2.3776266591831234,2.3398866653442383,2.3398866653442383,33604,0.0,0.0
1982-03-19 00:00:00-05:00,2.4531073570251465,2.528587343111857,2.4531073570251465,2.4531073570251465,152939,0.0,0.0
1982-03-22 00:00:00-05:00,2.528587579727173,2.566327576302089,2.528587579727173,2.528587579727173,94727,0.0,0.0
1982-03-23 00:00:00-05:00,2.528587579727173,2.566327576302089,2.528587579727173,2.528587579727173,137592,0.0,0.0
1982-03-24 00:00:00-05:00,2.151187437943951,2.151187437943951,2.113447427749634,2.113447427749634,338953,0.0,0.0
1982-03-25 00:00:00-05:00,2.1134469606235595,2.1134469606235595,2.075706958770752,2.075706958770752,221999,0.0,0.0
1982-03-26 00:00:00-05:00,2.0757057531360594,2.1134457330683087,2.0379648208618164,2.0379648208618164,134681,0.0,0.0
1982-03-29 00:00:00-05:00,2.0379648208618164,2.0757057531360594,2.0379648208618164,2.0379648208618164,42071,0.0,0.0
1982-03-30 00:00:00-05:00,2.0379652942560345,2.0757062352970324,2.000225305557251,2.000225305557251,97902,0.0,0.0
1982-03-31 00:00:00-05:00,2.0379648208618164,2.0757057531360594,2.0379648208618164,2.0379648208618164,50803,0.0,0.0
1982-04-01 00:00:00-05:00,2.0379648208618164,2.0757057531360594,2.0379648208618164,2.0379648208618164,43394,0.0,0.0
1982-04-02 00:00:00-05:00,2.075706958770752,2.1134469606235595,2.075706958770752,2.075706958770752,89435,0.0,0.0
1982-04-05 00:00:00-05:00,2.075706958770752,2.151186962476367,2.075706958770752,2.075706958770752,37044,0.0,0.0
1982-04-06 00:00:00-05:00,2.0757057531360594,2.1134457330683087,2.0379648208618164,2.0379648208618164,43130,0.0,0.0
1982-04-07 00:00:00-05:00,2.151186466217041,2.1889264593635724,2.151186466217041,2.151186466217041,97373,0.0,0.0
1982-04-08 00:00:00-05:00,2.151187437943951,2.151187437943951,2.113447427749634,2.113447427749634,52126,0.0,0.0
1982-04-12 00:00:00-05:00,2.1134457330683087,2.1134457330683087,2.0379648208618164,2.0379648208618164,52920,0.0,0.0
1982-04-13 00:00:00-05:00,2.075706958770752,2.1134469606235595,2.075706958770752,2.075706958770752,42865,0.0,0.0
1982-04-14 00:00:00-05:00,2.075706958770752,2.1134469606235595,2.075706958770752,2.075706958770752,28841,0.0,0.0
1982-04-15 00:00:00-05:00,2.113447427749634,2.151187437943951,2.113447427749634,2.113447427749634,101342,0.0,0.0
1982-04-16 00:00:00-05:00,2.188927173614502,2.226667179075666,2.188927173614502,2.188927173614502,140503,0.0,0.0
1982-04-19 00:00:00-05:00,2.26440691947937,2.302146920522923,2.26440691947937,2.26440691947937,87583,0.0,0.0
1982-04-20 00:00:00-05:00,2.226667179075666,2.226667179075666,2.188927173614502,2.188927173614502,55831,0.0,0.0
1982-04-21 00:00:00-05:00,2.188927173614502,2.226667179075666,2.188927173614502,2.188927173614502,34663,0.0,0.0
1982-04-22 00:00:00-05:00,2.22666597366333,2.2644059586938394,2.22666597366333,2.22666597366333,100813,0.0,0.0
1982-04-23 00:00:00-05:00,2.226667179075666,2.2644071845368297,2.188927173614502,2.188927173614502,41807,0.0,0.0
1982-04-26 00:00:00-04:00,2.1134457330683087,2.1134457330683087,2.0379648208618164,2.0379648208618164,168286,0.0,0.0
1982-04-27 00:00:00-04:00,1.887005811976582,1.887005811976582,1.8492658138275146,1.8492658138275146,329956,0.0,0.0
1982-04-28 00:00:00-04:00,1.8492656982672027,1.8492656982672027,1.8115257024765015,1.8115257024765015,125156,0.0,0.0
1982-04-29 00:00:00-04:00,1.6983047763274453,1.6983047763274453,1.6605647802352907,1.6605647802352905,223322,0.0,0.0
1982-04-30 00:00:00-04:00,1.7360447645187378,1.7737857127815322,1.7360447645187378,1.7360447645187378,702513,0.0,0.0
1982-05-03 00:00:00-04:00,1.924745798110962,1.962485796024448,1.924745798110962,1.924745798110962,207711,0.0,0.0
1982-05-04 00:00:00-04:00,1.9624860286712646,2.0002260310587143,1.9624860286712646,1.9624860286712646,168021,0.0,0.0
1982-05-05 00:00:00-04:00,1.9624860286712646,2.0002260310587143,1.9624860286712646,1.9624860286712646,221470,0.0,0.0
1982-05-06 00:00:00-04:00,1.962485796024448,1.962485796024448,1.924745798110962,1.924745798110962,57683,0.0,0.0
1982-05-07 00:00:00-04:00,1.924745798110962,1.962485796024448,1.924745798110962,1.924745798110962,53185,0.0,0.0
1982-05-10 00:00:00-04:00,1.887005811976582,1.887005811976582,1.8492658138275146,1.8492658138275146,62446,0.0,0.0
1982-05-11 00:00:00-04:00,1.8492654535074387,1.8492654535074387,1.7737854719161987,1.7737854719161987,78586,0.0,0.0
1982-05-12 00:00:00-04:00,1.7737854719161987,1.8115254627118187,1.7737854719161987,1.7737854719161987,74088,0.0,0.0
1982-05-13 00:00:00-04:00,1.7737857127815322,1.8115257087019294,1.7360447645187378,1.7360447645187378,61916,0.0,0.0
1982-05-14 00:00:00-04:00,1.7360447645187378,1.8115257087019294,1.7360447645187378,1.7360447645187378,20903,0.0,0.0
1982-05-17 00:00:00-04:00,1.660564296351231,1.660564296351231,1.6228243112564087,1.6228243112564087,297410,0.0,0.0
1982-05-18 00:00:00-04:00,1.6605647802352907,1.6983047763274453,1.6605647802352907,1.6605647802352905,250312,0.0,0.0
1982-05-19 00:00:00-04:00,1.6605647802352907,1.6983047763274453,1.6605647802352907,1.6605647802352905,229408,0.0,0.0
1982-05-20 00:00:00-04:00,1.6605647802352907,1.6983047763274453,1.6605647802352907,1.6605647802352905,359856,0.0,0.0
1982-05-21 00:00:00-04:00,1.660564296351231,1.660564296351231,1.6228243112564087,1.6228243112564087,103988,0.0,0.0
1982-05-24 00:00:00-04:00,1.6228243112564087,1.660564296351231,1.6228243112564087,1.6228243112564087,72236,0.0,0.0
1982-05-25 00:00:00-04:00,1.6228243112564087,1.660564296351231,1.6228243112564087,1.6228243112564087,125156,0.0,0.0
1982-05-26 00:00:00-04:00,1.6605647802352907,1.6983047763274453,1.6605647802352907,1.6605647802352905,589000,0.0,0.0
1982-05-27 00:00:00-04:00,1.7737854719161987,1.8115254627118187,1.7737854719161987,1.7737854719161987,132829,0.0,0.0
1982-05-28 00:00:00-04:00,1.8115257024765015,1.8492656982672027,1.8115257024765015,1.8115257024765015,58741,0.0,0.0
1982-06-01 00:00:00-04:00,1.924745798110962,1.962485796024448,1.924745798110962,1.924745798110962,171990,0.0,0.0
1982-06-02 00:00:00-04:00,1.924745798110962,1.962485796024448,1.924745798110962,1.924745798110962,205065,0.0,0.0
1982-06-03 00:00:00-04:00,1.924745798110962,1.962485796024448,1.924745798110962,1.924745798110962,96579,0.0,0.0
1982-06-04 00:00:00-04:00,1.924745798110962,1.962485796024448,1.924745798110962,1.924745798110962,100019,0.0,0.0
1982-06-07 00:00:00-04:00,1.9247456824046913,1.9247456824046913,1.8870056867599487,1.8870056867599487,77263,0.0,0.0
1982-06-08 00:00:00-04:00,1.8870056867599487,1.9247456824046913,1.8870056867599487,1.8870056867599487,65356,0.0,0.0
1982-06-09 00:00:00-04:00,1.8492656982672027,1.8492656982672027,1.8115257024765015,1.8115257024765015,67738,0.0,0.0
1982-06-10 00:00:00-04:00,1.8115254627118187,1.8115254627118187,1.7737854719161987,1.7737854719161987,78586,0.0,0.0
1982-06-11 00:00:00-04:00,1.8115257024765015,1.8492656982672027,1.8115257024765015,1.8115257024765015,67473,0.0,0.0
1982-06-14 00:00:00-04:00,1.6983042814460536,1.6983042814460536,1.6228243112564087,1.6228243112564087,93139,0.0,0.0
1982-06-15 00:00:00-04:00,1.5850847756315236,1.5850847756315236,1.54734468460083,1.54734468460083,111926,0.0,0.0
1982-06-16 00:00:00-04:00,1.6228243112564087,1.660564296351231,1.6228243112564087,1.6228243112564087,166169,0.0,0.0
1982-06-17 00:00:00-04:00,1.6228247714279778,1.6228247714279778,1.54734468460083,1.54734468460083,53978,0.0,0.0
1982-06-18 00:00:00-04:00,1.5473445661574166,1.5473445661574166,1.509604573249817,1.509604573249817,76734,0.0,0.0
1982-06-21 00:00:00-04:00,1.509604573249817,1.5473445661574166,1.509604573249817,1.509604573249817,92875,0.0,0.0
1982-06-22 00:00:00-04:00,1.6228243112564087,1.6983042814460536,1.6228243112564087,1.6228243112564087,96050,0.0,0.0
1982-06-23 00:00:00-04:00,1.6983046531677246,1.7360446465230046,1.6983046531677246,1.6983046531677246,77792,0.0,0.0
1982-06-24 00:00:00-04:00,1.6983047763274453,1.6983047763274453,1.6605647802352907,1.6605647802352905,44982,0.0,0.0
1982-06-25 00:00:00-04:00,1.6605647802352907,1.7360447724195998,1.6605647802352907,1.6605647802352905,185220,0.0,0.0
1982-06-28 00:00:00-04:00,1.6605647802352907,1.6983047763274453,1.6605647802352907,1.6605647802352905,32017,0.0,0.0
1982-06-29 00:00:00-04:00,1.6605647802352907,1.6983047763274453,1.6605647802352907,1.6605647802352905,48686,0.0,0.0
1982-06-30 00:00:00-04:00,1.6605647802352907,1.6983047763274453,1.6605647802352907,1.6605647802352905,54772,0.0,0.0
1982-07-01 00:00:00-04:00,1.660564296351231,1.660564296351231,1.6228243112564087,1.6228243112564087,78322,0.0,0.0
1982-07-02 00:00:00-04:00,1.6228245481369188,1.6228245481369188,1.5850845575332642,1.5850845575332642,28312,0.0,0.0
1982-07-06 00:00:00-04:00,1.5473445661574166,1.5473445661574166,1.509604573249817,1.509604573249817,28312,0.0,0.0
1982-07-07 00:00:00-04:00,1.509604573249817,1.5473445661574166,1.509604573249817,1.509604573249817,32281,0.0,0.0
1982-07-08 00:00:00-04:00,1.509604573249817,1.5473445661574166,1.509604573249817,1.509604573249817,35986,0.0,0.0
1982-07-09 00:00:00-04:00,1.509604573249817,1.5473445661574166,1.509604573249817,1.509604573249817,147382,0.0,0.0
1982-07-12 00:00:00-04:00,1.509604573249817,1.5473445661574166,1.509604573249817,1.509604573249817,46834,0.0,0.0
1982-07-13 00:00:00-04:00,1.509604573249817,1.5473445661574166,1.509604573249817,1.509604573249817,279947,0.0,0.0
1982-07-14 00:00:00-04:00,1.509604573249817,1.5473445661574166,1.509604573249817,1.509604573249817,102665,0.0,0.0
1982-07-15 00:00:00-04:00,1.509604573249817,1.5473445661574166,1.509604573249817,1.509604573249817,76205,0.0,0.0
1982-07-16 00:00:00-04:00,1.509604573249817,1.5473445661574166,1.509604573249817,1.509604573249817,93139,0.0,0.0
1982-07-19 00:00:00-04:00,1.43412473548062,1.43412473548062,1.3963838815689087,1.3963838815689087,68531,0.0,0.0
1982-07-20 00:00:00-04:00,1.3209037549629683,1.3209037549629683,1.2831636667251587,1.2831636667251587,194216,0.0,0.0
1982-07-21 00:00:00-04:00,1.2831636667251587,1.3209037549629683,1.2831636667251587,1.2831636667251587,59006,0.0,0.0
1982-07-22 00:00:00-04:00,1.2831636667251587,1.3209037549629683,1.2831636667251587,1.2831636667251587,34927,0.0,0.0
1982-07-23 00:00:00-04:00,1.283163667613129,1.283163667613129,1.245423674583435,1.245423674583435,62710,0.0,0.0
1982-07-26 00:00:00-04:00,1.245424044302858,1.2831640485361357,1.20768404006958,1.20768404006958,73823,0.0,0.0
1982-07-27 00:00:00-04:00,1.20768404006958,1.245424044302858,1.20768404006958,1.20768404006958,35192,0.0,0.0
1982-07-28 00:00:00-04:00,1.20768404006958,1.245424044302858,1.20768404006958,1.20768404006958,120658,0.0,0.0
1982-07-29 00:00:00-04:00,1.20768404006958,1.245424044302858,1.20768404006958,1.20768404006958,66679,0.0,0.0
1982-07-30 00:00:00-04:00,1.20768404006958,1.245424044302858,1.20768404006958,1.20768404006958,62446,0.0,0.0
1982-08-02 00:00:00-04:00,1.207683785978414,1.207683785978414,1.1322036981582642,1.1322036981582642,277301,0.0,0.0
1982-08-03 00:00:00-04:00,1.3209035396575928,1.3963835133616205,1.3209035396575928,1.3209035396575928,228879,0.0,0.0
1982-08-04 00:00:00-04:00,1.4341245889663696,1.4718645819142782,1.4341245889663696,1.4341245889663696,89964,0.0,0.0
1982-08-05 00:00:00-04:00,1.43412473548062,1.43412473548062,1.3963838815689087,1.3963838815689087,177282,0.0,0.0
1982-08-06 00:00:00-04:00,1.3209037549629683,1.3209037549629683,1.2831636667251587,1.2831636667251587,101606,0.0,0.0
1982-08-09 00:00:00-04:00,1.245424044302858,1.245424044302858,1.20768404006958,1.20768404006958,129389,0.0,0.0
1982-08-10 00:00:00-04:00,1.245423674583435,1.283163667613129,1.245423674583435,1.245423674583435,83878,0.0,0.0
1982-08-11 00:00:00-04:00,1.245423674583435,1.283163667613129,1.245423674583435,1.245423674583435,23285,0.0,0.0
1982-08-12 00:00:00-04:00,1.245424044302858,1.245424044302858,1.20768404006958,1.20768404006958,50539,0.0,0.0
1982-08-13 00:00:00-04:00,1.20768404006958,1.245424044302858,1.20768404006958,1.20768404006958,71177,0.0,0.0
1982-08-16 00:00:00-04:00,1.20768404006958,1.245424044302858,1.20768404006958,1.20768404006958,30164,0.0,0.0
1982-08-17 00:00:00-04:00,1.20768404006958,1.245424044302858,1.20768404006958,1.20768404006958,51068,0.0,0.0
1982-08-18 00:00:00-04:00,1.20768404006958,1.245424044302858,1.20768404006958,1.20768404006958,104782,0.0,0.0
1982-08-19 00:00:00-04:00,1.2076836833869702,1.2076836833869702,1.1699436902999878,1.1699436902999878,80174,0.0,0.0
1982-08-20 00:00:00-04:00,1.1699437896854594,1.1699437896854594,1.1322036981582642,1.1322036981582642,81232,0.0,0.0
1982-08-23 00:00:00-04:00,1.20768404006958,1.245424044302858,1.20768404006958,1.20768404006958,86789,0.0,0.0
1982-08-24 00:00:00-04:00,1.20768404006958,1.245424044302858,1.20768404006958,1.20768404006958,115101,0.0,0.0
1982-08-25 00:00:00-04:00,1.245423674583435,1.283163667613129,1.245423674583435,1.245423674583435,114043,0.0,0.0
1982-08-26 00:00:00-04:00,1.4341245889663696,1.509604574862187,1.4341245889663696,1.4341245889663696,270950,0.0,0.0
1982-08-27 00:00:00-04:00,1.43412473548062,1.4718647322841536,1.3963838815689087,1.3963838815689087,180193,0.0,0.0
1982-08-30 00:00:00-04:00,1.396384131401511,1.396384131401511,1.3586441278457642,1.3586441278457642,155849,0.0,0.0
1982-08-31 00:00:00-04:00,1.3963838815689087,1.43412473548062,1.3963838815689087,1.3963838815689087,181251,0.0,0.0
1982-09-01 00:00:00-04:00,1.3586437479665459,1.3586437479665459,1.2831636667251587,1.2831636667251587,805178,0.0,0.0
1982-09-02 00:00:00-04:00,1.3586441278457642,1.396384131401511,1.3586441278457642,1.3586441278457642,81232,0.0,0.0
1982-09-03 00:00:00-04:00,1.283163667613129,1.283163667613129,1.245423674583435,1.245423674583435,143942,0.0,0.0
1982-09-07 00:00:00-04:00,1.207683785978414,1.207683785978414,1.1322036981582642,1.1322036981582642,84937,0.0,0.0
1982-09-08 00:00:00-04:00,1.245423674583435,1.283163667613129,1.245423674583435,1.245423674583435,196069,0.0,0.0
1982-09-09 00:00:00-04:00,1.3963838815689087,1.43412473548062,1.3963838815689087,1.3963838815689087,248459,0.0,0.0
1982-09-10 00:00:00-04:00,1.3963838815689087,1.43412473548062,1.3963838815689087,1.3963838815689087,44188,0.0,0.0
1982-09-13 00:00:00-04:00,1.3963838815689087,1.43412473548062,1.3963838815689087,1.3963838815689087,37309,0.0,0.0
1982-09-14 00:00:00-04:00,1.4341245889663696,1.4718645819142782,1.4341245889663696,1.4341245889663696,103459,0.0,0.0
1982-09-15 00:00:00-04:00,1.4341249920655887,1.4341249920655887,1.3586441278457642,1.3586441278457642,61916,0.0,0.0
1982-09-16 00:00:00-04:00,1.3586435265096066,1.3963835133616205,1.3209035396575928,1.3209035396575928,45776,0.0,0.0
1982-09-17 00:00:00-04:00,1.3209035396575928,1.3586435265096066,1.3209035396575928,1.3209035396575928,37309,0.0,0.0
1982-09-20 00:00:00-04:00,1.283163667613129,1.283163667613129,1.245423674583435,1.245423674583435,408807,0.0,0.0
1982-09-21 00:00:00-04:00,1.245424044302858,1.245424044302858,1.20768404006958,1.20768404006958,59006,0.0,0.0
1982-09-22 00:00:00-04:00,1.2076836833869702,1.2076836833869702,1.1699436902999878,1.1699436902999878,132035,0.0,0.0
1982-09-23 00:00:00-04:00,1.1699437896854594,1.1699437896854594,1.1322036981582642,1.1322036981582642,73294,0.0,0.0
1982-09-24 00:00:00-04:00,1.1322036981582642,1.1699437896854594,1.1322036981582642,1.1322036981582642,89964,0.0,0.0
1982-09-27 00:00:00-04:00,1.1322040124504462,1.1322040124504462,1.0567232370376587,1.0567232370376587,80438,0.0,0.0
1982-09-28 00:00:00-04:00,1.0944631099700928,1.1322038739984095,1.0944631099700928,1.0944631099700928,128066,0.0,0.0
1982-09-29 00:00:00-04:00,1.1322036981582642,1.1699437896854594,1.1322036981582642,1.1322036981582642,310905,0.0,0.0
1982-09-30 00:00:00-04:00,1.1322036981582642,1.1699437896854594,1.1322036981582642,1.1322036981582642,127802,0.0,0.0
1982-10-01 00:00:00-04:00,1.1322036981582642,1.1699437896854594,1.1322036981582642,1.1322036981582642,135211,0.0,0.0
1982-10-04 00:00:00-04:00,1.1322036981582642,1.1699437896854594,1.1322036981582642,1.1322036981582642,110867,0.0,0.0
1982-10-05 00:00:00-04:00,1.1699436902999878,1.2076836833869702,1.1699436902999878,1.1699436902999878,141826,0.0,0.0
1982-10-06 00:00:00-04:00,1.1699436902999878,1.2076836833869702,1.1699436902999878,1.1699436902999878,35721,0.0,0.0
1982-10-07 00:00:00-04:00,1.1699436902999878,1.2076836833869702,1.1699436902999878,1.1699436902999878,147911,0.0,0.0
1982-10-08 00:00:00-04:00,1.1699436902999878,1.2076836833869702,1.1699436902999878,1.1699436902999878,127273,0.0,0.0
1982-10-11 00:00:00-04:00,1.1699436902999878,1.2076836833869702,1.1699436902999878,1.1699436902999878,58477,0.0,0.0
1982-10-12 00:00:00-04:00,1.1322038739984095,1.1322038739984095,1.0944631099700928,1.0944631099700928,103988,0.0,0.0
1982-10-13 00:00:00-04:00,1.245423674583435,1.283163667613129,1.245423674583435,1.245423674583435,166698,0.0,0.0
1982-10-14 00:00:00-04:00,1.245424044302858,1.245424044302858,1.20768404006958,1.20768404006958,219618,0.0,0.0
1982-10-15 00:00:00-04:00,1.245423674583435,1.283163667613129,1.245423674583435,1.245423674583435,224116,0.0,0.0
1982-10-18 00:00:00-04:00,1.4341245889663696,1.4718645819142782,1.4341245889663696,1.4341245889663696,227291,0.0,0.0
1982-10-19 00:00:00-04:00,1.43412473548062,1.43412473548062,1.3963838815689087,1.3963838815689087,256397,0.0,0.0
1982-10-20 00:00:00-04:00,1.509604573249817,1.5473445661574166,1.509604573249817,1.509604573249817,305348,0.0,0.0
1982-10-21 00:00:00-04:00,1.5096046963012586,1.5096046963012586,1.4718647003173828,1.4718647003173828,305348,0.0,0.0
1982-10-22 00:00:00-04:00,1.4718645819142782,1.509604574862187,1.4341245889663696,1.4341245889663696,166698,0.0,0.0
1982-10-25 00:00:00-04:00,1.43412473548062,1.4718647322841536,1.3963838815689087,1.3963838815689087,139180,0.0,0.0
1982-10-26 00:00:00-04:00,1.3963838815689087,1.43412473548062,1.3963838815689087,1.3963838815689087,52920,0.0,0.0
1982-10-27 00:00:00-04:00,1.4341245889663696,1.4718645819142782,1.4341245889663696,1.4341245889663696,78322,0.0,0.0
1982-10-28 00:00:00-04:00,1.4341249920655887,1.4341249920655887,1.3586441278457642,1.3586441278457642,69061,0.0,0.0
1982-10-29 00:00:00-04:00,1.3963838815689087,1.43412473548062,1.3963838815689087,1.3963838815689087,28577,0.0,0.0
1982-11-01 00:00:00-05:00,1.396384131401511,1.396384131401511,1.3586441278457642,1.3586441278457642,119070,0.0,0.0
1982-11-02 00:00:00-05:00,1.3963838815689087,1.43412473548062,1.3963838815689087,1.3963838815689087,68531,0.0,0.0
1982-11-03 00:00:00-05:00,1.4341245889663696,1.4718645819142782,1.4341245889663696,1.4341245889663696,328369,0.0,0.0
1982-11-04 00:00:00-05:00,1.5850845575332642,1.6228245481369188,1.5850845575332642,1.5850845575332642,482895,0.0,0.0
1982-11-05 00:00:00-05:00,1.6983046531677246,1.773785592220617,1.6983046531677246,1.6983046531677246,385522,0.0,0.0
1982-11-08 00:00:00-05:00,1.6983046531677246,1.7360446465230046,1.6983046531677246,1.6983046531677246,428123,0.0,0.0
1982-11-09 00:00:00-05:00,1.8115257024765015,1.8492656982672027,1.8115257024765015,1.8115257024765015,523114,0.0,0.0
1982-11-10 00:00:00-05:00,1.8492658138275146,1.887005811976582,1.8492658138275146,1.8492658138275146,337894,0.0,0.0
1982-11-11 00:00:00-05:00,1.8492656982672027,1.8492656982672027,1.8115257024765015,1.8115257024765015,205859,0.0,0.0
1982-11-12 00:00:00-05:00,1.8492658138275146,1.887005811976582,1.8492658138275146,1.8492658138275146,253751,0.0,0.0
1982-11-15 00:00:00-05:00,1.8492656982672027,1.8492656982672027,1.8115257024765015,1.8115257024765015,178076,0.0,0.0
1982-11-16 00:00:00-05:00,1.660564296351231,1.660564296351231,1.6228243112564087,1.6228243112564087,265923,0.0,0.0
1982-11-17 00:00:00-05:00,1.6605647802352907,1.6983047763274453,1.6605647802352907,1.6605647802352905,164846,0.0,0.0
1982-11-18 00:00:00-05:00,1.6228245481369188,1.6228245481369188,1.5850845575332642,1.5850845575332642,217766,0.0,0.0
1982-11-19 00:00:00-05:00,1.5096046963012586,1.5096046963012586,1.4718647003173828,1.4718647003173828,205330,0.0,0.0
1982-11-22 00:00:00-05:00,1.4718645819142782,1.509604574862187,1.4341245889663696,1.4341245889663696,108221,0.0,0.0
1982-11-23 00:00:00-05:00,1.4718647003173828,1.5096046963012586,1.4718647003173828,1.4718647003173828,79380,0.0,0.0
1982-11-24 00:00:00-05:00,1.509604573249817,1.5473445661574166,1.509604573249817,1.509604573249817,144207,0.0,0.0
1982-11-26 00:00:00-05:00,1.509604573249817,1.5473445661574166,1.509604573249817,1.509604573249817,51597,0.0,0.0
1982-11-29 00:00:00-05:00,1.5096046963012586,1.5096046963012586,1.4718647003173828,1.4718647003173828,116953,0.0,0.0
1982-11-30 00:00:00-05:00,1.509604573249817,1.5473445661574166,1.509604573249817,1.509604573249817,241844,0.0,0.0
1982-12-01 00:00:00-05:00,1.54734468460083,1.5850847756315236,1.54734468460083,1.54734468460083,105311,0.0,0.0
1982-12-02 00:00:00-05:00,1.54734468460083,1.5850847756315236,1.54734468460083,1.54734468460083,130448,0.0,0.0
1982-12-03 00:00:00-05:00,1.5473445661574166,1.5473445661574166,1.509604573249817,1.509604573249817,105311,0.0,0.0
1982-12-06 00:00:00-05:00,1.5096046963012586,1.5473446922851342,1.4718647003173828,1.4718647003173828,206653,0.0,0.0
1982-12-07 00:00:00-05:00,1.43412473548062,1.43412473548062,1.3963838815689087,1.3963838815689087,125950,0.0,0.0
1982-12-08 00:00:00-05:00,1.3586435265096066,1.3586435265096066,1.3209035396575928,1.3209035396575928,156114,0.0,0.0
1982-12-09 00:00:00-05:00,1.3209037549629683,1.3586437479665459,1.2831636667251587,1.2831636667251587,238140,0.0,0.0
1982-12-10 00:00:00-05:00,1.283163667613129,1.283163667613129,1.245423674583435,1.245423674583435,171725,0.0,0.0
1982-12-13 00:00:00-05:00,1.245424044302858,1.245424044302858,1.20768404006958,1.20768404006958,156114,0.0,0.0
1982-12-14 00:00:00-05:00,1.2076836833869702,1.2076836833869702,1.1699436902999878,1.1699436902999878,272273,0.0,0.0
1982-12-15 00:00:00-05:00,1.1699437896854594,1.1699437896854594,1.1322036981582642,1.1322036981582642,243167,0.0,0.0
1982-12-16 00:00:00-05:00,1.1322036981582642,1.1699437896854594,1.1322036981582642,1.1322036981582642,150293,0.0,0.0
1982-12-17 00:00:00-05:00,1.2831636667251587,1.3586437479665459,1.2831636667251587,1.2831636667251587,224645,0.0,0.0
1982-12-20 00:00:00-05:00,1.2831636667251587,1.3586437479665459,1.2831636667251587,1.2831636667251587,128860,0.0,0.0
1982-12-21 00:00:00-05:00,1.3209035396575928,1.3586435265096066,1.3209035396575928,1.3209035396575928,133623,0.0,0.0
1982-12-22 00:00:00-05:00,1.4718647003173828,1.5096046963012586,1.4718647003173828,1.4718647003173828,156908,0.0,0.0
1982-12-23 00:00:00-05:00,1.4718645819142782,1.509604574862187,1.4341245889663696,1.4341245889663696,228614,0.0,0.0
1982-12-27 00:00:00-05:00,1.509604573249817,1.5473445661574166,1.509604573249817,1.509604573249817,86260,0.0,0.0
1982-12-28 00:00:00-05:00,1.4718645819142782,1.4718645819142782,1.4341245889663696,1.4341245889663696,122245,0.0,0.0
1982-12-29 00:00:00-05:00,1.4341245889663696,1.4718645819142782,1.4341245889663696,1.4341245889663696,79115,0.0,0.0
1982-12-30 00:00:00-05:00,1.4341245889663696,1.4718645819142782,1.4341245889663696,1.4341245889663696,118541,0.0,0.0
1982-12-31 00:00:00-05:00,1.43412473548062,1.43412473548062,1.3963838815689087,1.3963838815689087,165640,0.0,0.0
1983-01-03 00:00:00-05:00,1.4341245889663696,1.4718645819142782,1.4341245889663696,1.4341245889663696,73294,0.0,0.0
1983-01-04 00:00:00-05:00,1.54734468460083,1.5850847756315236,1.54734468460083,1.54734468460083,180722,0.0,0.0
1983-01-05 00:00:00-05:00,1.5850845575332642,1.6228245481369188,1.5850845575332642,1.5850845575332642,137063,0.0,0.0
1983-01-06 00:00:00-05:00,1.7360447645187378,1.8115257087019294,1.7360447645187378,1.7360447645187378,316726,0.0,0.0
1983-01-07 00:00:00-05:00,1.924745798110962,1.962485796024448,1.924745798110962,1.924745798110962,1147041,0.0,0.0
1983-01-10 00:00:00-05:00,1.9624860286712646,2.0379660334461644,1.9624860286712646,1.9624860286712646,648270,0.0,0.0
1983-01-11 00:00:00-05:00,1.9624860286712646,2.0002260310587143,1.9624860286712646,1.9624860286712646,406426,0.0,0.0
1983-01-12 00:00:00-05:00,2.075706958770752,2.1134469606235595,2.075706958770752,2.075706958770752,841693,0.0,0.0
1983-01-13 00:00:00-05:00,2.075706958770752,2.1134469606235595,2.075706958770752,2.075706958770752,517028,0.0,0.0
1983-01-14 00:00:00-05:00,2.113447427749634,2.151187437943951,2.113447427749634,2.113447427749634,436855,0.0,0.0
1983-01-17 00:00:00-05:00,2.151186466217041,2.1889264593635724,2.151186466217041,2.151186466217041,711774,0.0,0.0
1983-01-18 00:00:00-05:00,2.22666597366333,2.2644059586938394,2.22666597366333,2.22666597366333,445057,0.0,0.0
1983-01-19 00:00:00-05:00,2.226667179075666,2.226667179075666,2.188927173614502,2.188927173614502,597996,0.0,0.0
1983-01-20 00:00:00-05:00,2.1889264593635724,2.1889264593635724,2.151186466217041,2.151186466217041,659912,0.0,0.0
1983-01-21 00:00:00-05:00,2.1134469606235595,2.1134469606235595,2.075706958770752,2.075706958770752,351389,0.0,0.0
1983-01-24 00:00:00-05:00,1.962485796024448,1.962485796024448,1.924745798110962,1.924745798110962,377849,0.0,0.0
1983-01-25 00:00:00-05:00,2.0379648208618164,2.0757057531360594,2.0379648208618164,2.0379648208618164,358004,0.0,0.0
1983-01-26 00:00:00-05:00,2.26440691947937,2.3398871120349813,2.26440691947937,2.26440691947937,1412170,0.0,0.0
1983-01-27 00:00:00-05:00,2.377626419067383,2.4153671709687172,2.377626419067383,2.377626419067383,615195,0.0,0.0
1983-01-28 00:00:00-05:00,2.377626419067383,2.4153671709687172,2.377626419067383,2.377626419067383,616783,0.0,0.0
1983-01-31 00:00:00-05:00,2.5663273334503174,2.6040675169223593,2.5663273334503174,2.5663273334503174,392402,0.0,0.0
1983-02-01 00:00:00-05:00,2.4908473500685018,2.4908473500685018,2.4531073570251465,2.4531073570251465,548780,0.0,0.0
1983-02-02 00:00:00-05:00,2.4531073570251465,2.4908473500685018,2.4531073570251465,2.4531073570251465,282328,0.0,0.0
1983-02-03 00:00:00-05:00,2.604067325592041,2.6418073158227235,2.604067325592041,2.604067325592041,416745,0.0,0.0
1983-02-04 00:00:00-05:00,2.7172892093658447,2.755029215585475,2.7172892093658447,2.7172892093658447,522850,0.0,0.0
1983-02-07 00:00:00-05:00,2.6418073158227235,2.6418073158227235,2.604067325592041,2.604067325592041,600642,0.0,0.0
1983-02-08 00:00:00-05:00,2.528587342196564,2.528587342196564,2.49084734916687,2.49084734916687,556189,0.0,0.0
1983-02-09 00:00:00-05:00,2.49084734916687,2.528587342196564,2.49084734916687,2.49084734916687,255074,0.0,0.0
1983-02-10 00:00:00-05:00,2.6795475482940674,2.717288303810452,2.6795475482940674,2.6795475482940674,618899,0.0,0.0
1983-02-11 00:00:00-05:00,2.7172892093658447,2.755029215585475,2.7172892093658447,2.7172892093658447,431827,0.0,0.0
1983-02-14 00:00:00-05:00,2.86824893951416,2.9059889393496166,2.86824893951416,2.86824893951416,651445,0.0,0.0
1983-02-15 00:00:00-05:00,2.86824893951416,2.9059889393496166,2.86824893951416,2.86824893951416,532375,0.0,0.0
1983-02-16 00:00:00-05:00,2.717288303810452,2.717288303810452,2.6795475482940674,2.6795475482940674,386581,0.0,0.0
1983-02-17 00:00:00-05:00,2.83050799369812,2.8682481739285617,2.83050799369812,2.83050799369812,497448,0.0,0.0
1983-02-18 00:00:00-05:00,2.83050799369812,2.8682481739285617,2.83050799369812,2.83050799369812,281799,0.0,0.0
1983-02-22 00:00:00-05:00,2.717287814892948,2.717287814892948,2.6418070793151855,2.6418070793151855,332338,0.0,0.0
1983-02-23 00:00:00-05:00,2.7172892093658447,2.755029215585475,2.7172892093658447,2.7172892093658447,282064,0.0,0.0
1983-02-24 00:00:00-05:00,2.7927684783935547,2.8682486612091553,2.7927684783935547,2.7927684783935547,323606,0.0,0.0
1983-02-25 00:00:00-05:00,2.792768965849775,2.792768965849775,2.7550289630889893,2.7550289630889893,392402,0.0,0.0
1983-02-28 00:00:00-05:00,2.86824893951416,2.9437289391850734,2.86824893951416,2.86824893951416,859156,0.0,0.0
1983-03-01 00:00:00-05:00,2.9437286853790283,2.981468681960571,2.9437286853790283,2.9437286853790283,515970,0.0,0.0
1983-03-02 00:00:00-05:00,2.9437282068466777,2.9437282068466777,2.9059882164001465,2.9059882164001465,492950,0.0,0.0
1983-03-03 00:00:00-05:00,2.9059882164001465,2.9437282068466777,2.9059882164001465,2.9059882164001465,304555,0.0,0.0
1983-03-04 00:00:00-05:00,2.8682481739285617,2.8682481739285617,2.83050799369812,2.83050799369812,331544,0.0,0.0
1983-03-07 00:00:00-05:00,2.717288303810452,2.717288303810452,2.6795475482940674,2.6795475482940674,294764,0.0,0.0
1983-03-08 00:00:00-05:00,2.6418073158227235,2.6418073158227235,2.604067325592041,2.604067325592041,174901,0.0,0.0
1983-03-09 00:00:00-05:00,2.604067325592041,2.6418073158227235,2.604067325592041,2.604067325592041,110603,0.0,0.0
1983-03-10 00:00:00-05:00,2.604067325592041,2.6418073158227235,2.604067325592041,2.604067325592041,267511,0.0,0.0
1983-03-11 00:00:00-05:00,2.604067325592041,2.6418073158227235,2.604067325592041,2.604067325592041,170138,0.0,0.0
1983-03-14 00:00:00-05:00,2.566327576302089,2.566327576302089,2.528587579727173,2.528587579727173,129389,0.0,0.0
1983-03-15 00:00:00-05:00,2.4908473500685018,2.4908473500685018,2.4531073570251465,2.4531073570251465,260366,0.0,0.0
1983-03-16 00:00:00-05:00,2.3776266591831234,2.3776266591831234,2.3398866653442383,2.3398866653442383,136798,0.0,0.0
1983-03-17 00:00:00-05:00,2.49084734916687,2.566327335226258,2.49084734916687,2.49084734916687,286297,0.0,0.0
1983-03-18 00:00:00-05:00,2.5663273334503174,2.6040675169223593,2.5663273334503174,2.5663273334503174,339482,0.0,0.0
1983-03-21 00:00:00-05:00,2.6795475482940674,2.717288303810452,2.6795475482940674,2.6795475482940674,495596,0.0,0.0
1983-03-22 00:00:00-05:00,2.6795473060534065,2.6795473060534065,2.604067325592041,2.604067325592041,127537,0.0,0.0
1983-03-23 00:00:00-05:00,2.6795475482940674,2.717288303810452,2.6795475482940674,2.6795475482940674,162200,0.0,0.0
1983-03-24 00:00:00-05:00,2.6795475482940674,2.717288303810452,2.6795475482940674,2.6795475482940674,394783,0.0,0.0
1983-03-25 00:00:00-05:00,2.6795475482940674,2.717288303810452,2.6795475482940674,2.6795475482940674,118805,0.0,0.0
1983-03-28 00:00:00-05:00,2.6040675169223593,2.6040675169223593,2.5663273334503174,2.5663273334503174,134417,0.0,0.0
1983-03-29 00:00:00-05:00,2.5663273334503174,2.6040675169223593,2.5663273334503174,2.5663273334503174,221999,0.0,0.0
1983-03-30 00:00:00-05:00,2.6418070793151855,2.679547066167199,2.6418070793151855,2.6418070793151855,282328,0.0,0.0
1983-03-31 00:00:00-05:00,2.6418070793151855,2.679547066167199,2.6418070793151855,2.6418070793151855,123568,0.0,0.0
1983-04-04 00:00:00-05:00,2.6040675169223593,2.6040675169223593,2.5663273334503174,2.5663273334503174,112984,0.0,0.0
1983-04-05 00:00:00-05:00,2.5663273334503174,2.6418075099259366,2.5663273334503174,2.5663273334503174,73823,0.0,0.0
1983-04-06 00:00:00-05:00,2.566327576302089,2.566327576302089,2.528587579727173,2.528587579727173,136534,0.0,0.0
1983-04-07 00:00:00-05:00,2.528587579727173,2.566327576302089,2.528587579727173,2.528587579727173,254016,0.0,0.0
1983-04-08 00:00:00-05:00,2.604067325592041,2.6418073158227235,2.604067325592041,2.604067325592041,230731,0.0,0.0
1983-04-11 00:00:00-05:00,2.6418070793151855,2.717287814892948,2.6418070793151855,2.6418070793151855,140767,0.0,0.0
1983-04-12 00:00:00-05:00,2.7172892093658447,2.755029215585475,2.7172892093658447,2.7172892093658447,178340,0.0,0.0
1983-04-13 00:00:00-05:00,2.83050799369812,2.8682481739285617,2.83050799369812,2.83050799369812,408542,0.0,0.0
1983-04-14 00:00:00-05:00,2.9437286853790283,2.981468681960571,2.9437286853790283,2.9437286853790283,445851,0.0,0.0
1983-04-15 00:00:00-05:00,3.0192086696624756,3.056949428006952,3.0192086696624756,3.0192086696624756,690077,0.0,0.0
1983-04-18 00:00:00-05:00,3.019208915482621,3.019208915482621,2.981468915939331,2.981468915939331,362502,0.0,0.0
1983-04-19 00:00:00-05:00,2.9059889393496166,2.9059889393496166,2.86824893951416,2.86824893951416,214855,0.0,0.0
1983-04-20 00:00:00-05:00,2.86824893951416,2.9059889393496166,2.86824893951416,2.86824893951416,283651,0.0,0.0
1983-04-21 00:00:00-05:00,3.09468936920166,3.1701695512630472,3.09468936920166,3.09468936920166,784274,0.0,0.0
1983-04-22 00:00:00-05:00,3.3211295604705815,3.396610314528812,3.3211295604705815,3.321129560470581,581855,0.0,0.0
1983-04-25 00:00:00-04:00,3.321129274806141,3.321129274806141,3.283389091491699,3.283389091491699,694310,0.0,0.0
1983-04-26 00:00:00-04:00,3.358870029449463,3.396609829686039,3.358870029449463,3.358870029449463,326252,0.0,0.0
1983-04-27 00:00:00-04:00,3.283388417139215,3.283388417139215,3.2456486225128174,3.2456486225128174,423625,0.0,0.0
1983-04-28 00:00:00-04:00,3.2456486225128174,3.283388417139215,3.2456486225128174,3.2456486225128174,263542,0.0,0.0
1983-04-29 00:00:00-04:00,3.358870029449463,3.396609829686039,3.358870029449463,3.358870029449463,472046,0.0,0.0
1983-05-02 00:00:00-04:00,3.321129274806141,3.321129274806141,3.283389091491699,3.283389091491699,509620,0.0,0.0
1983-05-03 00:00:00-04:00,3.245649531762773,3.245649531762773,3.207909345626831,3.207909345626831,400075,0.0,0.0
1983-05-04 00:00:00-04:00,3.283389091491699,3.321129274806141,3.283389091491699,3.283389091491699,308524,0.0,0.0
1983-05-05 00:00:00-04:00,3.358870029449463,3.396609829686039,3.358870029449463,3.358870029449463,215384,0.0,0.0
1983-05-06 00:00:00-04:00,3.358870029449463,3.396609829686039,3.358870029449463,3.358870029449463,285503,0.0,0.0
1983-05-09 00:00:00-04:00,3.585310935974121,3.62305112727704,3.585310935974121,3.585310935974121,423360,0.0,0.0
1983-05-10 00:00:00-04:00,3.6230504512786865,3.660791016476879,3.6230504512786865,3.6230504512786865,478397,0.0,0.0
1983-05-11 00:00:00-04:00,3.5475702802791247,3.5475702802791247,3.5098304748535156,3.5098304748535156,282857,0.0,0.0
1983-05-12 00:00:00-04:00,3.5098306711854597,3.5098306711854597,3.472090482711792,3.472090482711792,161671,0.0,0.0
1983-05-13 00:00:00-04:00,3.472090482711792,3.5098306711854597,3.472090482711792,3.472090482711792,155056,0.0,0.0
1983-05-16 00:00:00-04:00,3.283388417139215,3.283388417139215,3.2456486225128174,3.2456486225128174,280211,0.0,0.0
1983-05-17 00:00:00-04:00,3.283389091491699,3.358870219994438,3.283389091491699,3.283389091491699,139709,0.0,0.0
1983-05-18 00:00:00-04:00,3.472090482711792,3.5098306711854597,3.472090482711792,3.472090482711792,224381,0.0,0.0
1983-05-19 00:00:00-04:00,3.434350010859522,3.434350010859522,3.358870029449463,3.358870029449463,186543,0.0,0.0
1983-05-20 00:00:00-04:00,3.321129274806141,3.321129274806141,3.283389091491699,3.283389091491699,128596,0.0,0.0
1983-05-23 00:00:00-04:00,3.358870029449463,3.396609829686039,3.358870029449463,3.358870029449463,200567,0.0,0.0
1983-05-24 00:00:00-04:00,3.358870029449463,3.396609829686039,3.358870029449463,3.358870029449463,194216,0.0,0.0
1983-05-25 00:00:00-04:00,3.283388417139215,3.283388417139215,3.2456486225128174,3.2456486225128174,245549,0.0,0.0
1983-05-26 00:00:00-04:00,3.2456486225128174,3.283388417139215,3.2456486225128174,3.2456486225128174,147647,0.0,0.0
1983-05-27 00:00:00-04:00,3.283389091491699,3.321129274806141,3.283389091491699,3.283389091491699,156114,0.0,0.0
1983-05-31 00:00:00-04:00,3.3211295604705815,3.3588705089051376,3.3211295604705815,3.321129560470581,202154,0.0,0.0
1983-06-01 00:00:00-04:00,3.3211295604705815,3.3588705089051376,3.3211295604705815,3.321129560470581,149499,0.0,0.0
1983-06-02 00:00:00-04:00,3.358870029449463,3.396609829686039,3.358870029449463,3.358870029449463,241315,0.0,0.0
1983-06-03 00:00:00-04:00,3.358870029449463,3.434350010859522,3.358870029449463,3.358870029449463,192364,0.0,0.0
1983-06-06 00:00:00-04:00,3.6230504512786865,3.660791016476879,3.6230504512786865,3.6230504512786865,323606,0.0,0.0
1983-06-07 00:00:00-04:00,3.6230504512786865,3.660791016476879,3.6230504512786865,3.6230504512786865,595350,0.0,0.0
1983-06-08 00:00:00-04:00,3.5475702802791247,3.5475702802791247,3.5098304748535156,3.5098304748535156,279947,0.0,0.0
1983-06-09 00:00:00-04:00,3.6230504512786865,3.698531200738134,3.6230504512786865,3.6230504512786865,190247,0.0,0.0
1983-06-10 00:00:00-04:00,3.7362704277038574,3.7740106061432974,3.7362704277038574,3.7362704277038574,471253,0.0,0.0
1983-06-13 00:00:00-04:00,3.8872311115264893,3.924970912436807,3.8872311115264893,3.8872311115264893,589529,0.0,0.0
1983-06-14 00:00:00-04:00,4.226893901824951,4.3023746806627665,4.226893901824951,4.226893901824951,703307,0.0,0.0
1983-06-15 00:00:00-04:00,4.226892426531247,4.226892426531247,4.189152240753174,4.189152240753174,405367,0.0,0.0
1983-06-16 00:00:00-04:00,4.189152240753174,4.264632231372367,4.189152240753174,4.189152240753174,373351,0.0,0.0
1983-06-17 00:00:00-04:00,4.151410454083623,4.151410454083623,4.075930118560791,4.075930118560791,314345,0.0,0.0
1983-06-20 00:00:00-04:00,3.9627122501984915,3.9627122501984915,3.9249720573425293,3.9249720573425293,261689,0.0,0.0
1983-06-21 00:00:00-04:00,3.9627130031585693,4.000453584122691,3.9627130031585693,3.9627130031585693,268304,0.0,0.0
1983-06-22 00:00:00-04:00,4.264631748199463,4.3023726915754805,4.264631748199463,4.264631748199463,342657,0.0,0.0
1983-06-23 00:00:00-04:00,4.340114116668701,4.377854312297257,4.340114116668701,4.340114116668701,543488,0.0,0.0
1983-06-24 00:00:00-04:00,4.26463371983823,4.26463371983823,4.226893901824951,4.226893901824951,206123,0.0,0.0
1983-06-27 00:00:00-04:00,4.151410454083623,4.151410454083623,4.075930118560791,4.075930118560791,147911,0.0,0.0
1983-06-28 00:00:00-04:00,3.736271435335606,3.736271435335606,3.6985316276550293,3.6985316276550293,250047,0.0,0.0
1983-06-29 00:00:00-04:00,3.811750650405884,3.8494908312884974,3.811750650405884,3.811750650405884,406161,0.0,0.0
1983-06-30 00:00:00-04:00,4.038191318511963,4.113671291542374,4.038191318511963,4.038191318511963,401927,0.0,0.0
1983-07-01 00:00:00-04:00,4.113673210144043,4.151413404729565,4.113673210144043,4.113673210144043,98696,0.0,0.0
1983-07-05 00:00:00-04:00,3.9627110942840376,3.9627110942840376,3.8872311115264893,3.8872311115264893,203213,0.0,0.0
1983-07-06 00:00:00-04:00,3.9627130031585693,4.0381937841497155,3.9627130031585693,3.9627130031585693,142355,0.0,0.0
1983-07-07 00:00:00-04:00,4.113673210144043,4.1891532183780456,4.113673210144043,4.113673210144043,205859,0.0,0.0
1983-07-08 00:00:00-04:00,4.1514129638671875,4.189152773507861,4.1514129638671875,4.1514129638671875,116424,0.0,0.0
1983-07-11 00:00:00-04:00,4.151413404729565,4.151413404729565,4.113673210144043,4.113673210144043,192100,0.0,0.0
1983-07-12 00:00:00-04:00,3.8872317846038995,3.8872317846038995,3.849491596221924,3.849491596221924,320431,0.0,0.0
1983-07-13 00:00:00-04:00,3.8494913648093827,3.8494913648093827,3.7740113735198975,3.7740113735198975,140503,0.0,0.0
1983-07-14 00:00:00-04:00,3.849491596221924,3.924971592048896,3.849491596221924,3.849491596221924,188395,0.0,0.0
1983-07-15 00:00:00-04:00,3.849491596221924,3.8872317846038995,3.849491596221924,3.849491596221924,76734,0.0,0.0
1983-07-18 00:00:00-04:00,3.774011623953164,3.774011623953164,3.6985316276550293,3.6985316276550293,166963,0.0,0.0
1983-07-19 00:00:00-04:00,3.7362704277038574,3.7740106061432974,3.7362704277038574,3.7362704277038574,190247,0.0,0.0
1983-07-20 00:00:00-04:00,3.8872311115264893,3.9627110942840376,3.8872311115264893,3.8872311115264893,242374,0.0,0.0
1983-07-21 00:00:00-04:00,4.075930118560791,4.113670286322207,4.075930118560791,4.075930118560791,547457,0.0,0.0
1983-07-22 00:00:00-04:00,3.9627110942840376,3.9627110942840376,3.8872311115264893,3.8872311115264893,134681,0.0,0.0
1983-07-25 00:00:00-04:00,3.8872310121711107,3.8872310121711107,3.811750650405884,3.811750650405884,114572,0.0,0.0
1983-07-26 00:00:00-04:00,3.849491596221924,3.8872317846038995,3.849491596221924,3.849491596221924,219089,0.0,0.0
1983-07-27 00:00:00-04:00,3.698531200738134,3.698531200738134,3.6230504512786865,3.6230504512786865,123039,0.0,0.0
1983-07-28 00:00:00-04:00,3.6230504512786865,3.6230504512786865,3.6230504512786865,3.6230504512786865,0,0.0,0.0
1983-07-29 00:00:00-04:00,3.509830482523183,3.509830482523183,3.4343504905700684,3.4343504905700684,184691,0.0,0.0
1983-08-01 00:00:00-04:00,3.321129274806141,3.321129274806141,3.283389091491699,3.283389091491699,133888,0.0,0.0
1983-08-02 00:00:00-04:00,3.283389091491699,3.321129274806141,3.283389091491699,3.283389091491699,143678,0.0,0.0
1983-08-03 00:00:00-04:00,3.5098304748535156,3.5475702802791247,3.5098304748535156,3.5098304748535156,222264,0.0,0.0
1983-08-04 00:00:00-04:00,3.3588705089051376,3.3588705089051376,3.3211295604705815,3.321129560470581,228085,0.0,0.0
1983-08-05 00:00:00-04:00,3.358870029449463,3.396609829686039,3.358870029449463,3.358870029449463,151880,0.0,0.0
1983-08-08 00:00:00-04:00,3.283388417139215,3.283388417139215,3.2456486225128174,3.2456486225128174,113249,0.0,0.0
1983-08-09 00:00:00-04:00,3.245649531762773,3.283389336961759,3.170169540427845,3.207909345626831,92875,0.0,0.0
1983-08-10 00:00:00-04:00,3.207909345626831,3.358870471107556,3.132429544760381,3.207909345626831,91552,0.0,0.0
1983-08-11 00:00:00-04:00,3.20790891520173,3.2456490962738376,3.094688943390766,3.1701691150665283,147911,0.0,0.0
1983-08-12 00:00:00-04:00,3.1701695512630472,3.1701695512630472,3.0192086157348363,3.09468936920166,119864,0.0,0.0
1983-08-15 00:00:00-04:00,3.094689358624439,3.47209026764147,3.094689358624439,3.207909345626831,148970,0.0,0.0
1983-08-16 00:00:00-04:00,3.20790891520173,3.2456490962738376,3.1324291244628735,3.1701691150665283,61387,0.0,0.0
1983-08-17 00:00:00-04:00,3.170169303422231,3.283389091491699,3.056949134415835,3.283389091491699,746966,0.0,0.0
1983-08-18 00:00:00-04:00,3.283388417139215,3.283388417139215,3.2079084469495704,3.2456486225128174,132565,0.0,0.0
1983-08-19 00:00:00-04:00,3.2456491049921086,3.358870029449463,3.207908923818626,3.358870029449463,93139,0.0,0.0
1983-08-22 00:00:00-04:00,3.3588704986169535,3.472090296078146,3.3588704986169535,3.4343504905700684,100019,0.0,0.0
1983-08-23 00:00:00-04:00,3.434350445964632,3.547570241955323,3.3211295071630778,3.3966102600097656,183368,0.0,0.0
1983-08-24 00:00:00-04:00,3.396609829686039,3.547569792506158,3.3211290864021676,3.358870029449463,213268,0.0,0.0
1983-08-25 00:00:00-04:00,3.3588695301394087,3.3588695301394087,3.2456486225128174,3.2456486225128174,48157,0.0,0.0
1983-08-26 00:00:00-04:00,3.2456492891141857,3.321129274806141,3.2456492891141857,3.283389091491699,28048,0.0,0.0
1983-08-29 00:00:00-04:00,3.2833888964090394,3.2833888964090394,3.1701691150665283,3.1701691150665283,63239,0.0,0.0
1983-08-30 00:00:00-04:00,3.2456486225128174,3.321128592702462,3.2456486225128174,3.2456486225128174,57947,0.0,0.0
1983-08-31 00:00:00-04:00,3.2456495512525025,3.5098304748535156,3.2456495512525025,3.5098304748535156,483953,0.0,0.0
1983-09-01 00:00:00-04:00,3.5098304748535156,3.585310466641692,3.4720902884909486,3.5098304748535156,225439,0.0,0.0
1983-09-02 00:00:00-04:00,3.5098301878188414,3.585310173434248,3.4720900045426744,3.547569990158081,124097,0.0,0.0
1983-09-06 00:00:00-04:00,3.547569990158081,3.736270906538916,3.547569990158081,3.547569990158081,275184,0.0,0.0
1983-09-07 00:00:00-04:00,3.585310267017431,3.660791016476879,3.585310267017431,3.6230504512786865,132035,0.0,0.0
1983-09-08 00:00:00-04:00,3.62305112727704,3.660791699516967,3.5475707446712024,3.585310935974121,113249,0.0,0.0
1983-09-09 00:00:00-04:00,3.585310935974121,3.660791699516967,3.585310935974121,3.585310935974121,125420,0.0,0.0
1983-09-12 00:00:00-04:00,3.5853099392793397,3.736270662524834,3.5853099392793397,3.6607906818389893,367000,0.0,0.0
1983-09-13 00:00:00-04:00,3.660791016476879,3.660791016476879,3.547570082756176,3.6230504512786865,56889,0.0,0.0
1983-09-14 00:00:00-04:00,3.6230506530042597,3.6230506530042597,3.5098304748535156,3.5098304748535156,97902,0.0,0.0
1983-09-15 00:00:00-04:00,3.509829992269581,3.547569792506158,3.358870029449463,3.358870029449463,117482,0.0,0.0
1983-09-16 00:00:00-04:00,3.358870454991853,3.472090250982544,3.3211295071630778,3.3966102600097656,57418,0.0,0.0
1983-09-19 00:00:00-04:00,3.3966104867014364,3.472090482711792,3.3966104867014364,3.472090482711792,63239,0.0,0.0
1983-09-20 00:00:00-04:00,3.472090482711792,3.5475704787221476,3.434350675175104,3.472090482711792,144207,0.0,0.0
1983-09-21 00:00:00-04:00,3.472090296078146,3.509830482523183,3.4343504905700684,3.4343504905700684,43924,0.0,0.0
1983-09-22 00:00:00-04:00,3.4343504905700684,3.472090296078146,3.3588704986169535,3.4343504905700684,62975,0.0,0.0
1983-09-23 00:00:00-04:00,3.4343495003290534,3.4343495003290534,3.1701686523231727,3.2456486225128174,199773,0.0,0.0
1983-09-26 00:00:00-04:00,3.245649531762773,3.321129523097701,3.207909345626831,3.207909345626831,150028,0.0,0.0
1983-09-27 00:00:00-04:00,3.207909345626831,3.207909345626831,3.0569493629569746,3.207909345626831,142355,0.0,0.0
1983-09-28 00:00:00-04:00,3.207909345626831,3.283389336961759,3.170169540427845,3.207909345626831,74353,0.0,0.0
1983-09-29 00:00:00-04:00,3.2079084469495704,3.2456486225128174,3.2079084469495704,3.2456486225128174,68531,0.0,0.0
1983-09-30 00:00:00-04:00,3.2456496008281723,3.2456496008281723,2.981468673191928,3.0192086696624756,182839,0.0,0.0
1983-10-03 00:00:00-04:00,3.0192086696624756,3.056949428006952,2.981468673191928,3.0192086696624756,101871,0.0,0.0
1983-10-04 00:00:00-04:00,3.0192086696624756,3.056949428006952,2.981468673191928,3.0192086696624756,73030,0.0,0.0
1983-10-05 00:00:00-04:00,3.0192086696624756,3.0192086696624756,2.981468673191928,3.0192086696624756,90493,0.0,0.0
1983-10-06 00:00:00-04:00,3.0192086157348363,3.09468936920166,3.0192086157348363,3.09468936920166,130448,0.0,0.0
1983-10-07 00:00:00-04:00,3.0946893839701732,3.4343504905700684,3.056949387993616,3.4343504905700684,213003,0.0,0.0
1983-10-10 00:00:00-04:00,3.434350932636463,3.585310935974121,3.3966107413335442,3.585310935974121,288943,0.0,0.0
1983-10-11 00:00:00-04:00,3.585310173434248,3.6985311041996765,3.5098301878188414,3.547569990158081,172255,0.0,0.0
1983-10-12 00:00:00-04:00,3.5475699937558614,3.5475699937558614,3.283389091491699,3.283389091491699,124627,0.0,0.0
1983-10-13 00:00:00-04:00,3.2833893739099462,3.396610314528812,3.2833893739099462,3.321129560470581,201361,0.0,0.0
1983-10-14 00:00:00-04:00,3.3211295604705815,3.3211295604705815,3.2833893739099462,3.321129560470581,110338,0.0,0.0
1983-10-17 00:00:00-04:00,3.321129077481147,3.321129077481147,3.1324291244628735,3.1701691150665283,120393,0.0,0.0
1983-10-18 00:00:00-04:00,3.170169607887077,3.170169607887077,3.0192086696624756,3.0192086696624756,183897,0.0,0.0
1983-10-19 00:00:00-04:00,3.0192082003096465,3.1701691150665283,2.9814682097059917,3.1701691150665283,447968,0.0,0.0
1983-10-20 00:00:00-04:00,3.1701686523231727,3.283388417139215,3.1324286672283503,3.2456486225128174,223852,0.0,0.0
1983-10-21 00:00:00-04:00,3.2456495428559555,3.2456495428559555,3.056949373405206,3.09468936920166,118805,0.0,0.0
1983-10-24 00:00:00-04:00,3.09468941296335,3.207909401953745,2.981468662099029,3.132429599761963,178076,0.0,0.0
1983-10-25 00:00:00-04:00,3.1324288262952025,3.245648787329056,2.9814679259078924,3.056948661804199,129389,0.0,0.0
1983-10-26 00:00:00-04:00,3.0569499375178437,3.0569499375178437,2.7550289630889893,2.7550289630889893,185749,0.0,0.0
1983-10-27 00:00:00-04:00,2.7550282537143125,2.8305082398010226,2.4531073570251465,2.4531073570251465,528142,0.0,0.0
1983-10-28 00:00:00-04:00,2.453106954586682,2.717287814892948,2.4153669677346685,2.6418070793151855,284974,0.0,0.0
1983-10-31 00:00:00-05:00,2.6795481956933624,2.8305089686105602,2.6795481956933624,2.7550289630889893,116689,0.0,0.0
1983-11-01 00:00:00-05:00,2.755028064145569,2.9437282068466777,2.717288073699038,2.9059882164001465,138386,0.0,0.0
1983-11-02 00:00:00-05:00,2.9059879518853236,3.056948661804199,2.868247964874039,3.056948661804199,159818,0.0,0.0
1983-11-03 00:00:00-05:00,3.056948661804199,3.1324288262952025,3.019207912919177,3.056948661804199,141561,0.0,0.0
1983-11-04 00:00:00-05:00,3.056949428006952,3.170169607887077,3.0192086696624756,3.0192086696624756,46834,0.0,0.0
1983-11-07 00:00:00-05:00,3.019208678542114,3.056949436997588,2.9437286853790283,2.9437286853790283,81761,0.0,0.0
1983-11-08 00:00:00-05:00,2.9437282068466777,2.981468197293209,2.8682482259536153,2.9059882164001465,84937,0.0,0.0
1983-11-09 00:00:00-05:00,2.9059886887974855,2.981468681960571,2.8682486922159427,2.9437286853790283,71177,0.0,0.0
1983-11-10 00:00:00-05:00,2.981468673191928,3.056949428006952,2.981468673191928,3.0192086696624756,93668,0.0,0.0
1983-11-11 00:00:00-05:00,3.0192086157348363,3.132429555466593,3.0192086157348363,3.09468936920166,66679,0.0,0.0
1983-11-14 00:00:00-05:00,3.094689358624439,3.207909345626831,3.094689358624439,3.207909345626831,134681,0.0,0.0
1983-11-15 00:00:00-05:00,3.2079094138891424,3.2079094138891424,2.981468673191928,3.0192086696624756,127537,0.0,0.0
1983-11-16 00:00:00-05:00,3.019208915482621,3.0569496768999027,2.981468915939331,2.981468915939331,39955,0.0,0.0
1983-11-17 00:00:00-05:00,2.981468681960571,3.019208678542114,2.9437286853790283,2.9437286853790283,40748,0.0,0.0
1983-11-18 00:00:00-05:00,2.9437289163960405,2.981468915939331,2.9059889168527504,2.981468915939331,92345,0.0,0.0
1983-11-21 00:00:00-05:00,2.9814679259078924,3.056948661804199,2.9814679259078924,3.056948661804199,96050,0.0,0.0
1983-11-22 00:00:00-05:00,3.0569496768999027,3.0569496768999027,2.981468915939331,2.981468915939331,68267,0.0,0.0
1983-11-23 00:00:00-05:00,2.981468197293209,3.0192081877397405,2.9059882164001465,2.9059882164001465,57418,0.0,0.0
1983-11-25 00:00:00-05:00,2.905988657382715,2.9437286535562754,2.7550284822199944,2.7927684783935547,85466,0.0,0.0
1983-11-28 00:00:00-05:00,2.792768965849775,2.8305089686105602,2.6795481956933624,2.7550289630889893,117747,0.0,0.0
1983-11-29 00:00:00-05:00,2.7550289630889893,2.792768965849775,2.6795481956933624,2.7550289630889893,272273,0.0,0.0
1983-11-30 00:00:00-05:00,2.7550287495392913,2.9437289391850734,2.7550287495392913,2.86824893951416,1453712,0.0,0.0
1983-12-01 00:00:00-05:00,2.8682482259536153,2.9437282068466777,2.7927680545921008,2.9059882164001465,237875,0.0,0.0
1983-12-02 00:00:00-05:00,2.9059882164001465,2.981468197293209,2.8682482259536153,2.9059882164001465,292648,0.0,0.0
1983-12-05 00:00:00-05:00,2.9059889393496166,2.9059889393496166,2.86824893951416,2.86824893951416,142355,0.0,0.0
1983-12-06 00:00:00-05:00,2.86824916183986,2.9059891646006455,2.7550289630889893,2.7550289630889893,340011,0.0,0.0
1983-12-07 00:00:00-05:00,2.7550289630889893,2.86824916183986,2.7172889603282036,2.7550289630889893,105840,0.0,0.0
1983-12-08 00:00:00-05:00,2.755029215585475,2.7927692218051057,2.7172892093658447,2.7172892093658447,233113,0.0,0.0
1983-12-09 00:00:00-05:00,2.7172892093658447,2.755029215585475,2.5285882259250347,2.7172892093658447,78322,0.0,0.0
1983-12-12 00:00:00-05:00,2.7172892093658447,2.755029215585475,2.6418084350524578,2.7172892093658447,71177,0.0,0.0
1983-12-13 00:00:00-05:00,2.7172892093658447,2.755029215585475,2.7172892093658447,2.7172892093658447,121187,0.0,0.0
1983-12-14 00:00:00-05:00,2.717287814892948,2.717287814892948,2.6418070793151855,2.6418070793151855,122510,0.0,0.0
1983-12-15 00:00:00-05:00,2.6418075546515545,2.6795475482940674,2.6418075546515545,2.6795475482940674,80968,0.0,0.0
1983-12-16 00:00:00-05:00,2.679547066167199,2.679547066167199,2.6418070793151855,2.6418070793151855,79115,0.0,0.0
1983-12-19 00:00:00-05:00,2.6418075099259366,2.6795475029295144,2.52858734044674,2.5663273334503174,587412,0.0,0.0
1983-12-20 00:00:00-05:00,2.5663271448929073,2.6418073158227235,2.5663271448929073,2.604067325592041,235759,0.0,0.0
1983-12-21 00:00:00-05:00,2.604067325592041,2.6418073158227235,2.604067325592041,2.604067325592041,186808,0.0,0.0
1983-12-22 00:00:00-05:00,2.604067325592041,2.6418073158227235,2.5663271448929073,2.604067325592041,258514,0.0,0.0
1983-12-23 00:00:00-05:00,2.6040675187244173,2.6040675187244173,2.4153673631074817,2.49084734916687,203742,0.0,0.0
1983-12-27 00:00:00-05:00,2.4908473500685018,2.566327336155212,2.377626609064577,2.4531073570251465,215384,0.0,0.0
1983-12-28 00:00:00-05:00,2.4531075865773406,2.566327576302089,2.4531075865773406,2.528587579727173,268569,0.0,0.0
1983-12-29 00:00:00-05:00,2.5285869282907103,2.679547066167199,2.4908469414386962,2.6418070793151855,389756,0.0,0.0
1983-12-30 00:00:00-05:00,2.6418084350524578,2.755029215585475,2.6040684288328273,2.7172892093658447,557777,0.0,0.0
1984-01-03 00:00:00-05:00,2.717288303810452,2.7550282974529647,2.6795475482940674,2.6795475482940674,161141,0.0,0.0
1984-01-04 00:00:00-05:00,2.6795477279989517,2.8305084745671145,2.6795477279989517,2.7927684783935547,114572,0.0,0.0
1984-01-05 00:00:00-05:00,2.830508045038632,3.056948940060079,2.830508045038632,2.9059882164001465,594292,0.0,0.0
1984-01-06 00:00:00-05:00,2.905988680250833,3.056949428006952,2.905988680250833,3.0192086696624756,350595,0.0,0.0
1984-01-09 00:00:00-05:00,3.0192086696624756,3.056949428006952,2.981468673191928,3.0192086696624756,179663,0.0,0.0
1984-01-10 00:00:00-05:00,3.019207912919177,3.207908609849337,3.019207912919177,3.056948661804199,503534,0.0,0.0
1984-01-11 00:00:00-05:00,3.0569494166332185,3.207909401953745,3.0569494166332185,3.132429599761963,185220,0.0,0.0
1984-01-12 00:00:00-05:00,3.132429555466593,3.1701695512630472,3.09468936920166,3.09468936920166,490833,0.0,0.0
1984-01-13 00:00:00-05:00,3.094688491665103,3.2456486225128174,3.094688491665103,3.2456486225128174,725269,0.0,0.0
1984-01-16 00:00:00-05:00,3.2456486225128174,3.2456486225128174,3.094688491665103,3.2456486225128174,288943,0.0,0.0
1984-01-17 00:00:00-05:00,3.2456497328067657,3.5853106671958153,3.207909544333098,3.472090482711792,1571989,0.0,0.0
1984-01-18 00:00:00-05:00,3.472090306713121,3.5475702988974303,3.245649568286272,3.321129560470581,912341,0.0,0.0
1984-01-19 00:00:00-05:00,3.321129077481147,3.3588700204270645,3.1324291244628735,3.1701691150665283,659119,0.0,0.0
1984-01-20 00:00:00-05:00,3.1701695512630472,3.2456495428559555,3.09468936920166,3.09468936920166,279418,0.0,0.0
1984-01-23 00:00:00-05:00,3.0946886488154837,3.1324288262952025,3.019207912919177,3.056948661804199,89964,0.0,0.0
1984-01-24 00:00:00-05:00,3.056948661804199,3.170168813306487,2.9059879518853236,3.056948661804199,360121,0.0,0.0
1984-01-25 00:00:00-05:00,3.056949373405206,3.2456495428559555,3.056949373405206,3.09468936920166,372557,0.0,0.0
1984-01-26 00:00:00-05:00,3.0946886488154837,3.170168813306487,3.056948661804199,3.056948661804199,191835,0.0,0.0
1984-01-27 00:00:00-05:00,3.019208915482621,3.019208915482621,2.9059889168527504,2.981468915939331,88641,0.0,0.0
1984-01-30 00:00:00-05:00,2.9814686497298353,2.9814686497298353,2.528587552836231,2.7927684783935547,193687,0.0,0.0
1984-01-31 00:00:00-05:00,2.7927687493747477,2.86824893951416,2.7172887497038345,2.86824893951416,227556,0.0,0.0
1984-02-01 00:00:00-05:00,2.8682486612091553,2.8682486612091553,2.7172884860464346,2.7927684783935547,159025,0.0,0.0
1984-02-02 00:00:00-05:00,2.7927684783935547,2.7927684783935547,2.7172884860464346,2.7927684783935547,85201,0.0,0.0
1984-02-03 00:00:00-05:00,2.7927692218051057,2.7927692218051057,2.7172892093658447,2.7172892093658447,107163,0.0,0.0
1984-02-06 00:00:00-05:00,2.7172882596873587,2.7172882596873587,2.453107356137176,2.49084734916687,258779,0.0,0.0
1984-02-07 00:00:00-05:00,2.4908473500685018,2.566327336155212,2.377626609064577,2.4531073570251465,452201,0.0,0.0
1984-02-08 00:00:00-05:00,2.4531080843724378,2.5285880928389934,2.3776273140317965,2.41536808013916,286297,0.0,0.0
1984-02-09 00:00:00-05:00,2.41536808013916,2.4531080843724378,2.3776273140317965,2.41536808013916,184691,0.0,0.0
1984-02-10 00:00:00-05:00,2.4153671839701762,2.6418073158227235,2.4153671839701762,2.604067325592041,242903,0.0,0.0
1984-02-13 00:00:00-05:00,2.6040675169223593,2.6418075099259366,2.5663273334503174,2.5663273334503174,119599,0.0,0.0
1984-02-14 00:00:00-05:00,2.5663271130219254,2.8682481739285617,2.5663271130219254,2.83050799369812,184955,0.0,0.0
1984-02-15 00:00:00-05:00,2.8305084745671145,2.8682486612091553,2.7172884860464346,2.7927684783935547,348743,0.0,0.0
1984-02-16 00:00:00-05:00,2.7927692218051057,2.7927692218051057,2.6795484412720882,2.7172892093658447,56095,0.0,0.0
1984-02-17 00:00:00-05:00,2.717287814892948,2.7550278017449616,2.6418070793151855,2.6418070793151855,101871,0.0,0.0
1984-02-21 00:00:00-05:00,2.6418073158227235,2.717288058157892,2.5663271448929073,2.604067325592041,77792,0.0,0.0
1984-02-22 00:00:00-05:00,2.6040675169223593,2.6040675169223593,2.52858734044674,2.5663273334503174,83878,0.0,0.0
1984-02-23 00:00:00-05:00,2.566327576302089,2.566327576302089,2.4908475831522567,2.528587579727173,107428,0.0,0.0
1984-02-24 00:00:00-05:00,2.528587994181706,2.7550289630889893,2.528587994181706,2.7550289630889893,180193,0.0,0.0
1984-02-27 00:00:00-05:00,2.7550284822199944,2.7927684783935547,2.6418077318253914,2.7927684783935547,122510,0.0,0.0
1984-02-28 00:00:00-05:00,2.7927677885969757,2.8305077754489893,2.566326915142724,2.6418070793151855,89699,0.0,0.0
1984-02-29 00:00:00-05:00,2.6418075099259366,2.6418075099259366,2.52858734044674,2.5663273334503174,102665,0.0,0.0
1984-03-01 00:00:00-05:00,2.5663271448929073,2.6795473060534065,2.5663271448929073,2.604067325592041,86789,0.0,0.0
1984-03-02 00:00:00-05:00,2.6040675610090416,2.6795475482940674,2.6040675610090416,2.6795475482940674,37044,0.0,0.0
1984-03-05 00:00:00-05:00,2.679547066167199,2.679547066167199,2.6040670924631715,2.6418070793151855,101342,0.0,0.0
1984-03-06 00:00:00-05:00,2.6418073158227235,2.6418073158227235,2.604067325592041,2.604067325592041,100019,0.0,0.0
1984-03-07 00:00:00-05:00,2.6040675169223593,2.6418075099259366,2.5663273334503174,2.5663273334503174,57947,0.0,0.0
1984-03-08 00:00:00-05:00,2.5663271448929073,2.6418073158227235,2.5663271448929073,2.604067325592041,83084,0.0,0.0
1984-03-09 00:00:00-05:00,2.604067325592041,2.6418073158227235,2.5663271448929073,2.604067325592041,58212,0.0,0.0
1984-03-12 00:00:00-05:00,2.6040675610090416,2.717288303810452,2.6040675610090416,2.6795475482940674,122510,0.0,0.0
1984-03-13 00:00:00-05:00,2.7172884860464346,2.8682486612091553,2.7172884860464346,2.7927684783935547,231525,0.0,0.0
1984-03-14 00:00:00-05:00,2.7927687493747477,2.9059889393496166,2.7927687493747477,2.86824893951416,396900,0.0,0.0
1984-03-15 00:00:00-05:00,2.8682481739285617,2.905988163690555,2.7927680039361267,2.83050799369812,385258,0.0,0.0
1984-03-16 00:00:00-05:00,2.8682482259536153,2.981468197293209,2.8682482259536153,2.9059882164001465,512266,0.0,0.0
1984-03-19 00:00:00-05:00,2.9059894309325287,2.9059894309325287,2.6795484412720882,2.7172892093658447,161141,0.0,0.0
1984-03-20 00:00:00-05:00,2.7172889603282036,2.8305089686105602,2.6418081929325767,2.7550289630889893,163523,0.0,0.0
1984-03-21 00:00:00-05:00,2.7550284822199944,2.7927684783935547,2.6418077318253914,2.7927684783935547,232319,0.0,0.0
1984-03-22 00:00:00-05:00,2.7927692218051057,2.7927692218051057,2.6418084350524578,2.7172892093658447,145530,0.0,0.0
1984-03-23 00:00:00-05:00,2.7172892093658447,2.7927692218051057,2.6418084350524578,2.7172892093658447,470723,0.0,0.0
1984-03-26 00:00:00-05:00,2.7172892093658447,2.755029215585475,2.6418084350524578,2.7172892093658447,254281,0.0,0.0
1984-03-27 00:00:00-05:00,2.67954775649532,2.67954775649532,2.528587579727173,2.528587579727173,235229,0.0,0.0
1984-03-28 00:00:00-05:00,2.52858734044674,2.6418075099259366,2.4908473474431623,2.5663273334503174,186808,0.0,0.0
1984-03-29 00:00:00-05:00,2.566326915142724,2.7927677885969757,2.566326915142724,2.6418070793151855,155849,0.0,0.0
1984-03-30 00:00:00-05:00,2.6418070793151855,2.717287814892948,2.6040670924631715,2.6418070793151855,82291,0.0,0.0
1984-04-02 00:00:00-05:00,2.6418070793151855,2.717287814892948,2.6040670924631715,2.6418070793151855,75146,0.0,0.0
1984-04-03 00:00:00-05:00,2.6418070793151855,2.679547066167199,2.6040670924631715,2.6418070793151855,91022,0.0,0.0
1984-04-04 00:00:00-05:00,2.6418070793151855,2.679547066167199,2.6040670924631715,2.6418070793151855,61916,0.0,0.0
1984-04-05 00:00:00-05:00,2.641807511754111,2.6795475047838053,2.453107356137176,2.49084734916687,443470,0.0,0.0
1984-04-06 00:00:00-05:00,2.49084734916687,2.528587342196564,2.4153673631074817,2.49084734916687,119599,0.0,0.0
1984-04-09 00:00:00-05:00,2.4908471510237886,2.5285871410513243,2.377626419067383,2.377626419067383,216178,0.0,0.0
1984-04-10 00:00:00-05:00,2.377626609064577,2.4908473500685018,2.377626609064577,2.4531073570251465,177017,0.0,0.0
1984-04-11 00:00:00-05:00,2.453107160996253,2.453107160996253,2.302146248543862,2.377626419067383,151616,0.0,0.0
1984-04-12 00:00:00-05:00,2.3776261042537916,2.3776261042537916,2.037965096168661,2.22666597366333,455377,0.0,0.0
1984-04-13 00:00:00-05:00,2.2266664933591134,2.3398866653442383,2.188926499520228,2.3398866653442383,314345,0.0,0.0
1984-04-16 00:00:00-05:00,2.3398866160212215,2.4531073570251465,2.2644064394660464,2.4531073570251465,146853,0.0,0.0
1984-04-17 00:00:00-05:00,2.49084734916687,2.566327335226258,2.49084734916687,2.49084734916687,124362,0.0,0.0
1984-04-18 00:00:00-05:00,2.4908473500685018,2.604067519667032,2.377626609064577,2.4531073570251465,469400,0.0,0.0
1984-04-19 00:00:00-05:00,2.415367866656482,2.415367866656482,2.1511869080306067,2.3021469116210938,547722,0.0,0.0
1984-04-23 00:00:00-05:00,2.3021469116210938,2.377627103884842,2.264406910723472,2.3021469116210938,139180,0.0,0.0
1984-04-24 00:00:00-05:00,2.302146248543862,2.453107160996253,2.302146248543862,2.377626419067383,179134,0.0,0.0
1984-04-25 00:00:00-05:00,2.377626419067383,2.4153671709687172,2.339886429039847,2.377626419067383,102665,0.0,0.0
1984-04-26 00:00:00-05:00,2.3776268315535773,2.528587579727173,2.3776268315535773,2.528587579727173,249518,0.0,0.0
1984-04-27 00:00:00-05:00,2.528587343111857,2.528587343111857,2.4153673639817916,2.4531073570251465,392931,0.0,0.0
1984-04-30 00:00:00-04:00,2.453107356137176,2.566327335226258,2.453107356137176,2.49084734916687,292912,0.0,0.0
1984-05-01 00:00:00-04:00,2.5285871546622247,2.6418073158227235,2.5285871546622247,2.604067325592041,324135,0.0,0.0
1984-05-02 00:00:00-04:00,2.6040670924631715,2.679547066167199,2.6040670924631715,2.6418070793151855,410130,0.0,0.0
1984-05-03 00:00:00-04:00,2.6418073158227235,2.6418073158227235,2.5663271448929073,2.604067325592041,78586,0.0,0.0
1984-05-04 00:00:00-04:00,2.6040670924631715,2.717287814892948,2.566326915142724,2.6418070793151855,522056,0.0,0.0
1984-05-07 00:00:00-04:00,2.6418073158227235,2.6418073158227235,2.4908471644315417,2.604067325592041,131506,0.0,0.0
1984-05-08 00:00:00-04:00,2.604067325592041,2.6795473060534065,2.604067325592041,2.604067325592041,121451,0.0,0.0
1984-05-09 00:00:00-04:00,2.6040675169223593,2.6418075099259366,2.5663273334503174,2.5663273334503174,51597,0.0,0.0
1984-05-10 00:00:00-04:00,2.5663273768980606,2.6795475482940674,2.5663273768980606,2.6795475482940674,211945,0.0,0.0
1984-05-11 00:00:00-04:00,2.6795475482940674,2.717288303810452,2.6040675610090416,2.6795475482940674,272009,0.0,0.0
1984-05-14 00:00:00-04:00,2.6795475482940674,2.7550282974529647,2.6418075546515545,2.6795475482940674,117218,0.0,0.0
1984-05-15 00:00:00-04:00,2.6795477279989517,2.7927684783935547,2.6418077318253914,2.7927684783935547,333396,0.0,0.0
1984-05-16 00:00:00-04:00,2.7927680039361267,2.8682481739285617,2.7927680039361267,2.83050799369812,181780,0.0,0.0
1984-05-17 00:00:00-04:00,2.8305084745671145,2.8682486612091553,2.7927684783935547,2.7927684783935547,90229,0.0,0.0
1984-05-18 00:00:00-04:00,2.7927692218051057,2.830509228024736,2.7172892093658447,2.7172892093658447,97373,0.0,0.0
1984-05-21 00:00:00-04:00,2.7172892093658447,2.7927692218051057,2.6795484412720882,2.7172892093658447,33075,0.0,0.0
1984-05-22 00:00:00-04:00,2.6795473060534065,2.6795473060534065,2.604067325592041,2.604067325592041,34927,0.0,0.0
1984-05-23 00:00:00-04:00,2.6040670924631715,2.679547066167199,2.6040670924631715,2.6418070793151855,86524,0.0,0.0
1984-05-24 00:00:00-04:00,2.6418073158227235,2.6795473060534065,2.5285871546622247,2.604067325592041,82555,0.0,0.0
1984-05-25 00:00:00-04:00,2.6040675169223593,2.6040675169223593,2.4908473474431623,2.5663273334503174,50274,0.0,0.0
1984-05-29 00:00:00-04:00,2.5663273334503174,2.5663273334503174,2.52858734044674,2.5663273334503174,20110,0.0,0.0
1984-05-30 00:00:00-04:00,2.5663273768980606,2.717288303810452,2.5663273768980606,2.6795475482940674,172255,0.0,0.0
1984-05-31 00:00:00-04:00,2.67954775649532,2.67954775649532,2.4908475831522567,2.528587579727173,223058,0.0,0.0
1984-06-01 00:00:00-04:00,2.5285869282907103,2.6418070793151855,2.4908469414386962,2.6418070793151855,130183,0.0,0.0
1984-06-04 00:00:00-04:00,2.6418070793151855,2.717287814892948,2.6418070793151855,2.6418070793151855,37838,0.0,0.0
1984-06-05 00:00:00-04:00,2.6418073158227235,2.717288058157892,2.604067325592041,2.604067325592041,46570,0.0,0.0
1984-06-06 00:00:00-04:00,2.566327576302089,2.566327576302089,2.4908475831522567,2.528587579727173,38367,0.0,0.0
1984-06-07 00:00:00-04:00,2.5285880928389934,2.5285880928389934,2.41536808013916,2.41536808013916,50539,0.0,0.0
1984-06-08 00:00:00-04:00,2.4153671709687172,2.453107160996253,2.377626419067383,2.377626419067383,39161,0.0,0.0
1984-06-11 00:00:00-04:00,2.377626419067383,2.377626419067383,2.2266662684887906,2.377626419067383,128860,0.0,0.0
1984-06-12 00:00:00-04:00,2.3776266591831234,2.3776266591831234,2.264406487197999,2.3398866653442383,44188,0.0,0.0
1984-06-13 00:00:00-04:00,2.3021459437243483,2.3021459437243483,2.1511860036023114,2.22666597366333,151351,0.0,0.0
1984-06-14 00:00:00-04:00,2.226666452510104,2.3021464388031663,2.1134464730705096,2.151186466217041,458816,0.0,0.0
1984-06-15 00:00:00-04:00,2.1511860036023114,2.2644059586938394,2.113446018571802,2.22666597366333,582120,0.0,0.0
1984-06-18 00:00:00-04:00,2.2266669098258505,2.377627103884842,2.1511869080306067,2.3021469116210938,83349,0.0,0.0
1984-06-19 00:00:00-04:00,2.302146481036884,2.3398866653442383,2.302146481036884,2.3398866653442383,64298,0.0,0.0
1984-06-20 00:00:00-04:00,2.3398866653442383,2.3398866653442383,2.188926499520228,2.3398866653442383,88112,0.0,0.0
1984-06-21 00:00:00-04:00,2.339887309798519,2.41536808013916,2.264407110863442,2.41536808013916,64562,0.0,0.0
1984-06-22 00:00:00-04:00,2.4153674148958846,2.4531074087347697,2.3398866653442383,2.3398866653442383,177017,0.0,0.0
1984-06-25 00:00:00-04:00,2.339886429039847,2.453107160996253,2.339886429039847,2.377626419067383,197392,0.0,0.0
1984-06-26 00:00:00-04:00,2.377627103884842,2.377627103884842,2.3021469116210938,2.3021469116210938,62181,0.0,0.0
1984-06-27 00:00:00-04:00,2.3021459437243483,2.3021459437243483,2.22666597366333,2.22666597366333,109015,0.0,0.0
1984-06-28 00:00:00-04:00,2.226666918435817,2.3398871120349813,2.226666918435817,2.26440691947937,27518,0.0,0.0
1984-06-29 00:00:00-04:00,2.264406487197999,2.3398866653442383,2.264406487197999,2.3398866653442383,54508,0.0,0.0
1984-07-02 00:00:00-04:00,2.3398871120349813,2.3398871120349813,2.188926917392264,2.26440691947937,37044,0.0,0.0
1984-07-03 00:00:00-04:00,2.226667179075666,2.226667179075666,2.151187168153338,2.188927173614502,32810,0.0,0.0
1984-07-05 00:00:00-04:00,2.226666918435817,2.302146920522923,2.226666918435817,2.26440691947937,33075,0.0,0.0
1984-07-06 00:00:00-04:00,2.26440691947937,2.26440691947937,2.151186916348711,2.26440691947937,32017,0.0,0.0
1984-07-09 00:00:00-04:00,2.26440691947937,2.302146920522923,2.151186916348711,2.26440691947937,45247,0.0,0.0
1984-07-10 00:00:00-04:00,2.26440691947937,2.302146920522923,2.151186916348711,2.26440691947937,263012,0.0,0.0
1984-07-11 00:00:00-04:00,2.2644071845368297,2.2644071845368297,2.188927173614502,2.188927173614502,37573,0.0,0.0
1984-07-12 00:00:00-04:00,2.1889259886328207,2.3021459437243483,2.1511860036023114,2.22666597366333,28048,0.0,0.0
1984-07-13 00:00:00-04:00,2.226666452510104,2.226666452510104,2.151186466217041,2.151186466217041,66415,0.0,0.0
1984-07-16 00:00:00-04:00,2.151187437943951,2.2266674583325865,2.113447427749634,2.113447427749634,45511,0.0,0.0
1984-07-17 00:00:00-04:00,2.1134457330683087,2.1511857130005576,1.9624848609973182,2.0379648208618164,82291,0.0,0.0
1984-07-18 00:00:00-04:00,2.0379660045753973,2.1134469606235595,2.0379660045753973,2.075706958770752,76469,0.0,0.0
1984-07-19 00:00:00-04:00,2.0757069881761745,2.113446990563624,1.8115260191214655,1.9624860286712646,109280,0.0,0.0
1984-07-20 00:00:00-04:00,1.9624853168584675,2.0379652942560345,1.9247453281596842,2.000225305557251,128331,0.0,0.0
1984-07-23 00:00:00-04:00,2.000225305557251,2.000225305557251,1.7737853733645508,2.000225305557251,106105,0.0,0.0
1984-07-24 00:00:00-04:00,2.000225305557251,2.0757062352970324,1.9624853168584675,2.000225305557251,71442,0.0,0.0
1984-07-25 00:00:00-04:00,2.000226444823924,2.113447427749634,1.8492664040466538,2.113447427749634,108751,0.0,0.0
1984-07-26 00:00:00-04:00,2.113447427749634,2.151187437943951,2.0379664550182413,2.113447427749634,99754,0.0,0.0
1984-07-27 00:00:00-04:00,2.113447427749634,2.188927448138269,2.0379664550182413,2.113447427749634,217501,0.0,0.0
1984-07-30 00:00:00-04:00,2.151187168153338,2.226667179075666,2.151187168153338,2.188927173614502,78851,0.0,0.0
1984-07-31 00:00:00-04:00,2.188927448138269,2.188927448138269,2.0379664550182413,2.113447427749634,103723,0.0,0.0
1984-08-01 00:00:00-04:00,2.113446018571802,2.22666597366333,2.037965096168661,2.22666597366333,217237,0.0,0.0
1984-08-02 00:00:00-04:00,2.2266669098258505,2.33988710298722,2.1889269089282286,2.3021469116210938,107428,0.0,0.0
1984-08-03 00:00:00-04:00,2.339886441635008,2.604067325592041,2.339886441635008,2.604067325592041,323606,0.0,0.0
1984-08-06 00:00:00-04:00,2.6795484412720882,2.9059894309325287,2.6795484412720882,2.7172892093658447,637421,0.0,0.0
1984-08-07 00:00:00-04:00,2.7172892093658447,2.755029215585475,2.6040684288328273,2.7172892093658447,136798,0.0,0.0
1984-08-08 00:00:00-04:00,2.717287814892948,2.7550278017449616,2.566326915142724,2.6418070793151855,97902,0.0,0.0
1984-08-09 00:00:00-04:00,2.6418081929325767,2.7550289630889893,2.5663279969424915,2.7550289630889893,116953,0.0,0.0
1984-08-10 00:00:00-04:00,2.7550278017449616,2.905987939621451,2.566326915142724,2.6418070793151855,465696,0.0,0.0
1984-08-13 00:00:00-04:00,2.6418077318253914,2.8305084745671145,2.6040677356518316,2.7927684783935547,158495,0.0,0.0
1984-08-14 00:00:00-04:00,2.792768965849775,2.8305089686105602,2.7172889603282036,2.7550289630889893,81497,0.0,0.0
1984-08-15 00:00:00-04:00,2.7550287495392913,2.9059889393496166,2.7172887497038345,2.86824893951416,434738,0.0,0.0
1984-08-16 00:00:00-04:00,2.8682486325490197,3.09468936920166,2.8682486325490197,3.09468936920166,994631,0.0,0.0
1984-08-17 00:00:00-04:00,3.094689127261812,3.358870219994438,3.094689127261812,3.283389091491699,1146776,0.0,0.0
1984-08-20 00:00:00-04:00,3.2833893946140082,3.321129581412621,3.019208658429161,3.132429599761963,314345,0.0,0.0
1984-08-21 00:00:00-04:00,3.1324293105762533,3.283389091491699,3.094689127261812,3.283389091491699,359062,0.0,0.0
1984-08-22 00:00:00-04:00,3.2833893739099462,3.3211295604705815,3.245649568286272,3.321129560470581,372028,0.0,0.0
1984-08-23 00:00:00-04:00,3.283389091491699,3.283389091491699,3.2079091057997444,3.283389091491699,401398,0.0,0.0
1984-08-24 00:00:00-04:00,3.2833893946140082,3.2833893946140082,3.09468941296335,3.132429599761963,215914,0.0,0.0
1984-08-27 00:00:00-04:00,3.132429599761963,3.132429599761963,2.981468662099029,3.132429599761963,132035,0.0,0.0
1984-08-28 00:00:00-04:00,3.1324291244628735,3.1701691150665283,3.0569489527871117,3.1701691150665283,53978,0.0,0.0
1984-08-29 00:00:00-04:00,3.170169596092095,3.170169596092095,3.0569494166332185,3.132429599761963,161935,0.0,0.0
1984-08-30 00:00:00-04:00,3.132429555466593,3.132429555466593,3.056949373405206,3.09468936920166,58477,0.0,0.0
1984-08-31 00:00:00-04:00,3.094688491665103,3.321128592702462,3.0569485065702806,3.2456486225128174,301115,0.0,0.0
1984-09-04 00:00:00-04:00,3.170169596092095,3.170169596092095,3.0569494166332185,3.132429599761963,101871,0.0,0.0
1984-09-05 00:00:00-04:00,3.0946886488154837,3.0946886488154837,2.943727938896608,3.056948661804199,119864,0.0,0.0
1984-09-06 00:00:00-04:00,3.056948661804199,3.1324288262952025,2.943727938896608,3.056948661804199,93933,0.0,0.0
1984-09-07 00:00:00-04:00,3.056948661804199,3.1324288262952025,2.943727938896608,3.056948661804199,214591,0.0,0.0
1984-09-10 00:00:00-04:00,3.056948661804199,3.056948661804199,2.9814679259078924,3.056948661804199,107692,0.0,0.0
1984-09-11 00:00:00-04:00,3.056948661804199,3.056948661804199,2.9814679259078924,3.056948661804199,95256,0.0,0.0
1984-09-12 00:00:00-04:00,2.981468197293209,2.981468197293209,2.717288073699038,2.9059882164001465,554337,0.0,0.0
1984-09-13 00:00:00-04:00,2.9059889168527504,3.019208915482621,2.9059889168527504,2.981468915939331,217766,0.0,0.0
1984-09-14 00:00:00-04:00,3.019207912919177,3.170168813306487,3.019207912919177,3.056948661804199,286826,0.0,0.0
1984-09-17 00:00:00-04:00,3.056948661804199,3.056948661804199,2.9814679259078924,3.056948661804199,107428,0.0,0.0
1984-09-18 00:00:00-04:00,3.056949428006952,3.0946894244774996,3.0192086696624756,3.0192086696624756,101342,0.0,0.0
1984-09-19 00:00:00-04:00,3.0192086696624756,3.056949428006952,2.981468673191928,3.0192086696624756,1527800,0.0,0.0
1984-09-20 00:00:00-04:00,3.0192086696624756,3.0192086696624756,2.905988680250833,3.0192086696624756,161141,0.0,0.0
1984-09-21 00:00:00-04:00,3.0192086696624756,3.056949428006952,2.981468673191928,3.0192086696624756,287620,0.0,0.0
1984-09-24 00:00:00-04:00,2.981468915939331,2.981468915939331,2.9437289163960405,2.981468915939331,85201,0.0,0.0
1984-09-25 00:00:00-04:00,2.981468681960571,2.981468681960571,2.7927685085843743,2.9437286853790283,370969,0.0,0.0
1984-09-26 00:00:00-04:00,2.9437289163960405,2.981468915939331,2.9059889168527504,2.981468915939331,260631,0.0,0.0
1984-09-27 00:00:00-04:00,2.9059882164001465,2.9059882164001465,2.830508045038632,2.9059882164001465,161671,0.0,0.0
1984-09-28 00:00:00-04:00,2.9059889168527504,2.981468915939331,2.86824891730946,2.981468915939331,476280,0.0,0.0
1984-10-01 00:00:00-04:00,2.905988163690555,2.905988163690555,2.7550280141741337,2.83050799369812,132035,0.0,0.0
1984-10-02 00:00:00-04:00,2.83050799369812,2.8682481739285617,2.7927680039361267,2.83050799369812,160877,0.0,0.0
1984-10-03 00:00:00-04:00,2.8305084745671145,2.8305084745671145,2.7172884860464346,2.7927684783935547,85730,0.0,0.0
1984-10-04 00:00:00-04:00,2.7927692218051057,2.830509228024736,2.7172892093658447,2.7172892093658447,59800,0.0,0.0
1984-10-05 00:00:00-04:00,2.717287814892948,2.7927677885969757,2.6040670924631715,2.6418070793151855,142884,0.0,0.0
1984-10-08 00:00:00-04:00,2.641807511754111,2.641807511754111,2.453107356137176,2.49084734916687,64033,0.0,0.0
1984-10-09 00:00:00-04:00,2.4908475831522567,2.566327576302089,2.4908475831522567,2.528587579727173,62710,0.0,0.0
1984-10-10 00:00:00-04:00,2.5285871546622247,2.6418073158227235,2.4153671839701762,2.604067325592041,175694,0.0,0.0
1984-10-11 00:00:00-04:00,2.604067325592041,2.717288058157892,2.604067325592041,2.604067325592041,135211,0.0,0.0
1984-10-12 00:00:00-04:00,2.6040675169223593,2.6418075099259366,2.52858734044674,2.5663273334503174,62975,0.0,0.0
1984-10-15 00:00:00-04:00,2.566326915142724,2.679547066167199,2.566326915142724,2.6418070793151855,38102,0.0,0.0
1984-10-16 00:00:00-04:00,2.6418075546515545,2.717288303810452,2.6418075546515545,2.6795475482940674,56360,0.0,0.0
1984-10-17 00:00:00-04:00,2.6795475482940674,2.7550282974529647,2.6795475482940674,2.6795475482940674,116953,0.0,0.0
1984-10-18 00:00:00-04:00,2.6795477279989517,2.7927684783935547,2.6795477279989517,2.7927684783935547,123833,0.0,0.0
1984-10-19 00:00:00-04:00,2.7927680545921008,2.981468197293209,2.7927680545921008,2.9059882164001465,546399,0.0,0.0
1984-10-22 00:00:00-04:00,2.9059889393496166,2.98146893902053,2.86824893951416,2.86824893951416,160083,0.0,0.0
1984-10-23 00:00:00-04:00,2.86824893951416,2.9437289391850734,2.830508749210204,2.86824893951416,248989,0.0,0.0
1984-10-24 00:00:00-04:00,2.86824916183986,2.86824916183986,2.6795481956933624,2.7550289630889893,52126,0.0,0.0
1984-10-25 00:00:00-04:00,2.7172882578069504,2.7172882578069504,2.453107354439585,2.5663273334503174,170932,0.0,0.0
1984-10-26 00:00:00-04:00,2.5663271448929073,2.604067325592041,2.453107174200859,2.604067325592041,122774,0.0,0.0
1984-10-29 00:00:00-05:00,2.566327576302089,2.566327576302089,2.4908475831522567,2.528587579727173,50539,0.0,0.0
1984-10-30 00:00:00-05:00,2.528587342196564,2.566327335226258,2.49084734916687,2.49084734916687,55301,0.0,0.0
1984-10-31 00:00:00-05:00,2.49084734916687,2.566327335226258,2.4153673631074817,2.49084734916687,68267,0.0,0.0
1984-11-01 00:00:00-05:00,2.49084734916687,2.49084734916687,2.4153673631074817,2.49084734916687,125420,0.0,0.0
1984-11-02 00:00:00-05:00,2.490848088605716,2.5285880928389934,2.3776273140317965,2.41536808013916,86789,0.0,0.0
1984-11-05 00:00:00-05:00,2.4153673631074817,2.49084734916687,2.3776266082039283,2.49084734916687,52391,0.0,0.0
1984-11-06 00:00:00-05:00,2.4908475831522567,2.528587579727173,2.4531075865773406,2.528587579727173,131242,0.0,0.0
1984-11-07 00:00:00-05:00,2.5285880928389934,2.5285880928389934,2.3776273140317965,2.41536808013916,318049,0.0,0.0
1984-11-08 00:00:00-05:00,2.4153678759961084,2.4153678759961084,2.26440691947937,2.26440691947937,250576,0.0,0.0
1984-11-09 00:00:00-05:00,2.2644059586938394,2.2644059586938394,2.1511860036023114,2.22666597366333,450878,0.0,0.0
1984-11-12 00:00:00-05:00,2.302146248543862,2.4153671709687172,2.302146248543862,2.377626419067383,68002,0.0,0.0
1984-11-13 00:00:00-05:00,2.4153673639817916,2.4908473500685018,2.4153673639817916,2.4531073570251465,44453,0.0,0.0
1984-11-14 00:00:00-05:00,2.4531075865773406,2.528587579727173,2.4153675900024245,2.528587579727173,73030,0.0,0.0
1984-11-15 00:00:00-05:00,2.528587342196564,2.566327335226258,2.49084734916687,2.49084734916687,51597,0.0,0.0
1984-11-16 00:00:00-05:00,2.490848088605716,2.490848088605716,2.41536808013916,2.41536808013916,112455,0.0,0.0
1984-11-19 00:00:00-05:00,2.415367866656482,2.453107867554104,2.264406910723472,2.3021469116210938,88112,0.0,0.0
1984-11-20 00:00:00-05:00,2.302146248543862,2.377626419067383,2.2266662684887906,2.377626419067383,261954,0.0,0.0
1984-11-21 00:00:00-05:00,2.377627103884842,2.415367866656482,2.3021469116210938,2.3021469116210938,41542,0.0,0.0
1984-11-23 00:00:00-05:00,2.302146920522923,2.3398871120349813,2.226666918435817,2.26440691947937,31752,0.0,0.0
1984-11-26 00:00:00-05:00,2.2644059586938394,2.3021459437243483,2.1511860036023114,2.22666597366333,101342,0.0,0.0
1984-11-27 00:00:00-05:00,2.2266662684887906,2.377626419067383,2.2266662684887906,2.377626419067383,46570,0.0,0.0
1984-11-28 00:00:00-05:00,2.377627103884842,2.377627103884842,2.264406910723472,2.3021469116210938,46570,0.0,0.0
1984-11-29 00:00:00-05:00,2.2644071845368297,2.2644071845368297,2.113447162692174,2.188927173614502,143942,0.0,0.0
1984-11-30 00:00:00-05:00,2.188926917392264,2.26440691947937,2.0379659608755256,2.26440691947937,386051,0.0,0.0
1984-12-03 00:00:00-05:00,2.264406487197999,2.3398866653442383,2.2266664933591134,2.3398866653442383,85466,0.0,0.0
1984-12-04 00:00:00-05:00,2.339886429039847,2.4153671709687172,2.339886429039847,2.377626419067383,190247,0.0,0.0
1984-12-05 00:00:00-05:00,2.3776271130785345,2.3776271130785345,2.26440691947937,2.26440691947937,111397,0.0,0.0
1984-12-06 00:00:00-05:00,2.264406487197999,2.3398866653442383,2.188926499520228,2.3398866653442383,609109,0.0,0.0
1984-12-07 00:00:00-05:00,2.33988710298722,2.377627103884842,2.3021469116210938,2.3021469116210938,100813,0.0,0.0
1984-12-10 00:00:00-05:00,2.3021459437243483,2.3398861192232823,2.1889259886328207,2.22666597366333,257720,0.0,0.0
1984-12-11 00:00:00-05:00,2.22666597366333,2.22666597366333,2.1889259886328207,2.22666597366333,57683,0.0,0.0
1984-12-12 00:00:00-05:00,2.226667179075666,2.226667179075666,2.188927173614502,2.188927173614502,109809,0.0,0.0
1984-12-13 00:00:00-05:00,2.188927173614502,2.2644071845368297,2.188927173614502,2.188927173614502,116689,0.0,0.0
1984-12-14 00:00:00-05:00,2.1889259886328207,2.22666597366333,2.1511860036023114,2.22666597366333,212474,0.0,0.0
1984-12-17 00:00:00-05:00,2.22666597366333,2.22666597366333,2.1889259886328207,2.22666597366333,87847,0.0,0.0
1984-12-18 00:00:00-05:00,2.2266662684887906,2.377626419067383,2.1889262784612553,2.377626419067383,302702,0.0,0.0
1984-12-19 00:00:00-05:00,2.377626419067383,2.5285871410513243,2.377626419067383,2.377626419067383,398223,0.0,0.0
1984-12-20 00:00:00-05:00,2.3776266591831234,2.4908474025736553,2.302146481036884,2.3398866653442383,380230,0.0,0.0
1984-12-21 00:00:00-05:00,2.3776266082039283,2.49084734916687,2.3776266082039283,2.49084734916687,246607,0.0,0.0
1984-12-24 00:00:00-05:00,2.49084734916687,2.566327335226258,2.49084734916687,2.49084734916687,22756,0.0,0.0
1984-12-26 00:00:00-05:00,2.5285871546622247,2.6418073158227235,2.5285871546622247,2.604067325592041,88906,0.0,0.0
1984-12-27 00:00:00-05:00,2.6040675187244173,2.6040675187244173,2.453107356137176,2.49084734916687,66150,0.0,0.0
1984-12-28 00:00:00-05:00,2.4908473474431623,2.5663273334503174,2.4153673614360076,2.5663273334503174,92345,0.0,0.0
1984-12-31 00:00:00-05:00,2.5663271448929073,2.6418073158227235,2.4153671839701762,2.604067325592041,172784,0.0,0.0
1985-01-02 00:00:00-05:00,2.604067763345488,2.641807759920404,2.528587579727173,2.528587579727173,16934,0.0,0.0
1985-01-03 00:00:00-05:00,2.5285869282907103,2.717287814892948,2.4908469414386962,2.6418070793151855,131771,0.0,0.0
1985-01-04 00:00:00-05:00,2.6418084350524578,2.7927692218051057,2.6418084350524578,2.7172892093658447,339482,0.0,0.0
1985-01-07 00:00:00-05:00,2.7172887497038345,2.86824893951416,2.641807988158925,2.86824893951416,246872,0.0,0.0
1985-01-08 00:00:00-05:00,2.8682482259536153,2.9437282068466777,2.717288073699038,2.9059882164001465,554072,0.0,0.0
1985-01-09 00:00:00-05:00,2.9059889168527504,3.0569496768999027,2.9059889168527504,2.981468915939331,965790,0.0,0.0
1985-01-10 00:00:00-05:00,2.981468673191928,3.056949428006952,2.981468673191928,3.0192086696624756,278624,0.0,0.0
1985-01-11 00:00:00-05:00,3.0192086696624756,3.056949428006952,2.981468673191928,3.0192086696624756,704630,0.0,0.0
1985-01-14 00:00:00-05:00,3.019207912919177,3.1324288262952025,3.019207912919177,3.056948661804199,238140,0.0,0.0
1985-01-15 00:00:00-05:00,3.0569489527871117,3.2456490962738376,3.0569489527871117,3.1701691150665283,488452,0.0,0.0
1985-01-16 00:00:00-05:00,3.170169540427845,3.358870471107556,3.170169540427845,3.207909345626831,518616,0.0,0.0
1985-01-17 00:00:00-05:00,3.207908923818626,3.358870029449463,3.207908923818626,3.358870029449463,309582,0.0,0.0
1985-01-18 00:00:00-05:00,3.3588704986169535,3.472090296078146,3.3211295502979974,3.4343504905700684,486070,0.0,0.0
1985-01-21 00:00:00-05:00,3.4343504830653395,3.5475702802791247,3.396610296702772,3.5098304748535156,390285,0.0,0.0
1985-01-22 00:00:00-05:00,3.5098301878188414,3.547569990158081,3.358870216588028,3.547569990158081,502475,0.0,0.0
1985-01-23 00:00:00-05:00,3.547570082756176,3.660791016476879,3.509830279431858,3.6230504512786865,834813,0.0,0.0
1985-01-24 00:00:00-05:00,3.6230508694829315,4.03819256333909,3.6230508694829315,3.6985316276550293,610697,0.0,0.0
1985-01-25 00:00:00-05:00,3.6985308626503626,3.736270662524834,3.623050120090713,3.6607906818389893,300321,0.0,0.0
1985-01-28 00:00:00-05:00,3.6607911961171915,3.887231550922603,3.6607911961171915,3.7740113735198975,282857,0.0,0.0
1985-01-29 00:00:00-05:00,3.7740113735198975,3.811751178696162,3.6985313822304122,3.7740113735198975,227027,0.0,0.0
1985-01-30 00:00:00-05:00,3.774010850460174,3.8872310121711107,3.774010850460174,3.811750650405884,572065,0.0,0.0
1985-01-31 00:00:00-05:00,3.811751178696162,3.8494913648093827,3.6985313822304122,3.7740113735198975,242109,0.0,0.0
1985-02-01 00:00:00-05:00,3.7740106061432974,3.7740106061432974,3.623049892385538,3.7362704277038574,298204,0.0,0.0
1985-02-04 00:00:00-05:00,3.7362711874066767,3.8494913648093827,3.7362711874066767,3.7740113735198975,108221,0.0,0.0
1985-02-05 00:00:00-05:00,3.8117507478320283,3.9627110942840376,3.8117507478320283,3.8872311115264893,440294,0.0,0.0
1985-02-06 00:00:00-05:00,3.8872310218588115,4.038191745765487,3.8872310218588115,4.000451564788818,252958,0.0,0.0
1985-02-07 00:00:00-05:00,4.03819320191004,4.226893412963568,4.03819320191004,4.113673210144043,1026913,0.0,0.0
1985-02-08 00:00:00-05:00,4.1136722501339795,4.189152240753174,4.1136722501339795,4.189152240753174,752787,0.0,0.0
1985-02-11 00:00:00-05:00,4.189151264572786,4.226891441556424,3.9249704066241855,4.038191318511963,343715,0.0,0.0
1985-02-12 00:00:00-05:00,4.038191745765487,4.038191745765487,3.924970821898576,4.000451564788818,693517,0.0,0.0
1985-02-13 00:00:00-05:00,4.000451564788818,4.000451564788818,3.8494908408821424,4.000451564788818,442411,0.0,0.0
1985-02-14 00:00:00-05:00,4.000453584122691,4.075933603239644,3.9627130031585693,3.9627130031585693,263806,0.0,0.0
1985-02-15 00:00:00-05:00,3.924970912436807,3.924970912436807,3.8494909296792588,3.8872311115264893,105046,0.0,0.0
1985-02-19 00:00:00-05:00,3.8117506432106785,3.8117506432106785,3.623050120090713,3.6607906818389893,197656,0.0,0.0
1985-02-20 00:00:00-05:00,3.660790688749237,3.8872310121711107,3.585309946047107,3.811750650405884,456700,0.0,0.0
1985-02-21 00:00:00-05:00,3.7740113735198975,3.7740113735198975,3.6607911961171915,3.7740113735198975,255604,0.0,0.0
1985-02-22 00:00:00-05:00,3.774010850460174,3.8872310121711107,3.7362706695775603,3.811750650405884,220412,0.0,0.0
1985-02-25 00:00:00-05:00,3.774011623953164,3.774011623953164,3.5853106808653736,3.6985316276550293,296087,0.0,0.0
1985-02-26 00:00:00-05:00,3.6985308696318504,3.811750650405884,3.62305012692972,3.811750650405884,527348,0.0,0.0
1985-02-27 00:00:00-05:00,3.8117504036458585,3.8494905820852985,3.7362704277038574,3.7362704277038574,67473,0.0,0.0
1985-02-28 00:00:00-05:00,3.811751407839948,3.8872317846038995,3.811751407839948,3.849491596221924,66944,0.0,0.0
1985-03-01 00:00:00-05:00,3.84949205256763,3.9249720573425293,3.84949205256763,3.9249720573425293,331279,0.0,0.0
1985-03-04 00:00:00-05:00,3.9249708121168205,3.962710992999434,3.774010850460174,3.811750650405884,90758,0.0,0.0
1985-03-05 00:00:00-05:00,3.8117504036458585,3.8494905820852985,3.7362704277038574,3.7362704277038574,124627,0.0,0.0
1985-03-06 00:00:00-05:00,3.736270662524834,3.774010843336207,3.5853099392793397,3.6607906818389893,133888,0.0,0.0
1985-03-07 00:00:00-05:00,3.62305112727704,3.62305112727704,3.3588709309676337,3.585310935974121,593233,0.0,0.0
1985-03-08 00:00:00-05:00,3.5853106671958153,3.5853106671958153,3.472090482711792,3.472090482711792,171990,0.0,0.0
1985-03-11 00:00:00-05:00,3.472090250982544,3.547570241955323,3.245649516190299,3.3966102600097656,412511,0.0,0.0
1985-03-12 00:00:00-05:00,3.3966103041250313,3.472090296078146,3.2833893638529603,3.4343504905700684,227291,0.0,0.0
1985-03-13 00:00:00-05:00,3.434350010859522,3.434350010859522,3.170169123582049,3.358870029449463,657531,0.0,0.0
1985-03-14 00:00:00-05:00,3.3588704912771634,3.5475702802791247,3.2456495512525025,3.5098304748535156,246872,0.0,0.0
1985-03-15 00:00:00-05:00,3.5098306711854597,3.5098306711854597,3.472090482711792,3.472090482711792,37838,0.0,0.0
1985-03-18 00:00:00-05:00,3.4720900045426744,3.547569990158081,3.4343502022034347,3.547569990158081,128066,0.0,0.0
1985-03-19 00:00:00-05:00,3.5475707446712024,3.660791699516967,3.434350932636463,3.585310935974121,612284,0.0,0.0
1985-03-20 00:00:00-05:00,3.585310466641692,3.6607912203037856,3.4720902884909486,3.5098304748535156,74882,0.0,0.0
1985-03-21 00:00:00-05:00,3.509830482523183,3.547570288031261,3.4343504905700684,3.4343504905700684,115895,0.0,0.0
1985-03-22 00:00:00-05:00,3.434350445964632,3.472090250982544,3.358870454991853,3.3966102600097656,35456,0.0,0.0
1985-03-25 00:00:00-05:00,3.396609829686039,3.4720898110960987,3.3211290864021676,3.358870029449463,83614,0.0,0.0
1985-03-26 00:00:00-05:00,3.3588705089051376,3.396610314528812,3.3211295604705815,3.321129560470581,191835,0.0,0.0
1985-03-27 00:00:00-05:00,3.3211297288171213,3.5475704787221476,3.3211297288171213,3.472090482711792,162994,0.0,0.0
1985-03-28 00:00:00-05:00,3.4720902655510884,3.7740113735198975,3.4720902655510884,3.7740113735198975,363825,0.0,0.0
1985-03-29 00:00:00-05:00,3.7740113735198975,3.7740113735198975,3.6607911961171915,3.7740113735198975,194481,0.0,0.0
1985-04-01 00:00:00-05:00,3.7362704277038574,3.7362704277038574,3.6607904517618564,3.7362704277038574,47893,0.0,0.0
1985-04-02 00:00:00-05:00,3.7362704277038574,3.8117504036458585,3.6607904517618564,3.7362704277038574,295294,0.0,0.0
1985-04-03 00:00:00-05:00,3.736270662524834,3.774010843336207,3.623050120090713,3.6607906818389893,259837,0.0,0.0
1985-04-04 00:00:00-05:00,3.6230506530042597,3.6230506530042597,3.4720902884909486,3.5098304748535156,290795,0.0,0.0
1985-04-08 00:00:00-05:00,3.5098306711854597,3.5853106671958153,3.472090482711792,3.472090482711792,59535,0.0,0.0
1985-04-09 00:00:00-05:00,3.472090250982544,3.472090250982544,3.3966102600097656,3.3966102600097656,89964,0.0,0.0
1985-04-10 00:00:00-05:00,3.4343502022034347,3.585310173434248,3.4343502022034347,3.547569990158081,329162,0.0,0.0
1985-04-11 00:00:00-05:00,3.547570082756176,3.660791016476879,3.509830279431858,3.6230504512786865,122774,0.0,0.0
1985-04-12 00:00:00-05:00,3.623050120090713,3.6985308626503626,3.623050120090713,3.6607906818389893,69325,0.0,0.0
1985-04-15 00:00:00-05:00,3.6985308696318504,3.811750650405884,3.6985308696318504,3.811750650405884,260102,0.0,0.0
1985-04-16 00:00:00-05:00,3.811751407839948,3.8872317846038995,3.7740116003949518,3.849491596221924,220941,0.0,0.0
1985-04-17 00:00:00-05:00,3.8494909296792588,3.8872311115264893,3.8117507478320283,3.8872311115264893,166963,0.0,0.0
1985-04-18 00:00:00-05:00,3.887231550922603,3.887231550922603,3.6607911961171915,3.7740113735198975,368852,0.0,0.0
1985-04-19 00:00:00-05:00,3.6985308626503626,3.6985308626503626,3.6607906818389893,3.6607906818389893,33604,0.0,0.0
1985-04-22 00:00:00-05:00,3.623050855669483,3.623050855669483,3.3588706791647485,3.472090482711792,140767,0.0,0.0
1985-04-23 00:00:00-05:00,3.4720900045426744,3.623050356710415,3.4343502022034347,3.547569990158081,162994,0.0,0.0
1985-04-24 00:00:00-05:00,3.5475702802791247,3.585310466641692,3.5098304748535156,3.5098304748535156,223587,0.0,0.0
1985-04-25 00:00:00-05:00,3.5098304748535156,3.5475702802791247,3.4720902884909486,3.5098304748535156,32546,0.0,0.0
1985-04-26 00:00:00-05:00,3.5098304369374107,3.547570241955323,3.358870454991853,3.3966102600097656,1072688,0.0,0.0
1985-04-29 00:00:00-04:00,3.396609829686039,3.434350010859522,3.3211290864021676,3.358870029449463,105840,0.0,0.0
1985-04-30 00:00:00-04:00,3.358870454991853,3.3966102600097656,3.3211295071630778,3.3966102600097656,110603,0.0,0.0
1985-05-01 00:00:00-04:00,3.396609829686039,3.4720898110960987,3.283388905228685,3.358870029449463,100283,0.0,0.0
1985-05-02 00:00:00-04:00,3.358870454991853,3.3966102600097656,3.3211295071630778,3.3966102600097656,78057,0.0,0.0
1985-05-03 00:00:00-04:00,3.4343504830653395,3.5098304748535156,3.4343504830653395,3.5098304748535156,486070,0.0,0.0
1985-05-06 00:00:00-04:00,3.509829958593495,3.6985308626503626,3.4720897777821214,3.6607906818389893,386581,0.0,0.0
1985-05-07 00:00:00-04:00,3.6607904517618564,3.7362704277038574,3.6607904517618564,3.7362704277038574,235759,0.0,0.0
1985-05-08 00:00:00-04:00,3.736270662524834,3.736270662524834,3.623050120090713,3.6607906818389893,474163,0.0,0.0
1985-05-09 00:00:00-04:00,3.6985316045679797,3.8872317846038995,3.6985316045679797,3.849491596221924,445322,0.0,0.0
1985-05-10 00:00:00-04:00,3.9249718204011397,4.189152773507861,3.9249718204011397,4.1514129638671875,874238,0.0,0.0
1985-05-13 00:00:00-04:00,4.151413404729565,4.1891532183780456,4.000453007324518,4.113673210144043,287091,0.0,0.0
1985-05-14 00:00:00-04:00,4.113673021622339,4.151413214478301,3.8872322454235917,3.9249720573425293,228614,0.0,0.0
1985-05-15 00:00:00-04:00,3.924972237216432,4.226893412963568,3.887232423567952,4.113673210144043,378378,0.0,0.0
1985-05-16 00:00:00-04:00,4.113671726781921,4.189151707798354,4.000451564788818,4.000451564788818,202948,0.0,0.0
1985-05-17 00:00:00-04:00,4.000451141528325,4.0759311145587365,4.000451141528325,4.038191318511963,157966,0.0,0.0
1985-05-20 00:00:00-04:00,4.151411965566688,4.3401124921407686,4.151411965566688,4.264631748199463,445322,0.0,0.0
1985-05-21 00:00:00-04:00,4.26463371983823,4.3023746806627665,4.226893901824951,4.226893901824951,522056,0.0,0.0
1985-05-22 00:00:00-04:00,4.226893412963568,4.226893412963568,4.075933015558521,4.113673210144043,239728,0.0,0.0
1985-05-23 00:00:00-04:00,4.113670286322207,4.151410454083623,4.075930118560791,4.075930118560791,95521,0.0,0.0
1985-05-24 00:00:00-04:00,4.075930118560791,4.113670286322207,4.075930118560791,4.075930118560791,700396,0.0,0.0
1985-05-28 00:00:00-04:00,4.075933015558521,4.151413404729565,4.075933015558521,4.113673210144043,78586,0.0,0.0
1985-05-29 00:00:00-04:00,4.113673210144043,4.1891532183780456,4.075933015558521,4.113673210144043,314609,0.0,0.0
1985-05-30 00:00:00-04:00,4.113673021622339,4.113673021622339,3.9249720573425293,3.9249720573425293,95521,0.0,0.0
1985-05-31 00:00:00-04:00,3.924970912436807,4.000451657068181,3.8117507478320283,3.8872311115264893,206388,0.0,0.0
1985-06-03 00:00:00-04:00,3.8494913648093827,3.8494913648093827,3.7362711874066767,3.7740113735198975,100019,0.0,0.0
1985-06-04 00:00:00-04:00,3.736270662524834,3.736270662524834,3.623050120090713,3.6607906818389893,250047,0.0,0.0
1985-06-05 00:00:00-04:00,3.660791016476879,3.660791016476879,3.509830279431858,3.6230504512786865,204007,0.0,0.0
1985-06-06 00:00:00-04:00,3.62305112727704,3.62305112727704,3.5475707446712024,3.585310935974121,52391,0.0,0.0
1985-06-07 00:00:00-04:00,3.5853104429537943,3.7740113735198975,3.509830451664309,3.7740113735198975,151616,0.0,0.0
1985-06-10 00:00:00-04:00,3.7740113735198975,3.7740113735198975,3.6607911961171915,3.7740113735198975,481572,0.0,0.0
1985-06-11 00:00:00-04:00,3.77401204779273,3.9627122501984915,3.77401204779273,3.9249720573425293,223587,0.0,0.0
1985-06-12 00:00:00-04:00,3.9249716165494335,3.9249716165494335,3.6985316276550293,3.6985316276550293,721564,0.0,0.0
1985-06-13 00:00:00-04:00,3.660791699516967,3.660791699516967,3.509830934305292,3.585310935974121,685579,0.0,0.0
1985-06-14 00:00:00-04:00,3.5853106808653736,3.6985316276550293,3.5853106808653736,3.6985316276550293,59270,0.0,0.0
1985-06-17 00:00:00-04:00,3.6985306302012964,3.7362704277038574,3.6607904517618564,3.7362704277038574,53449,0.0,0.0
1985-06-18 00:00:00-04:00,3.7362704277038574,3.7740106061432974,3.6985306302012964,3.7362704277038574,87318,0.0,0.0
1985-06-19 00:00:00-04:00,3.736271701185796,3.7740118924887147,3.5475707446712024,3.585310935974121,124097,0.0,0.0
1985-06-20 00:00:00-04:00,3.585310267017431,3.660791016476879,3.547570082756176,3.6230504512786865,379966,0.0,0.0
1985-06-21 00:00:00-04:00,3.6230504512786865,3.660791016476879,3.585310267017431,3.6230504512786865,93668,0.0,0.0
1985-06-24 00:00:00-04:00,3.623050629067015,3.811751178696162,3.5475702568405736,3.7740113735198975,480249,0.0,0.0
1985-06-25 00:00:00-04:00,3.8117518597116677,3.9627122501984915,3.8117518597116677,3.9249720573425293,1091210,0.0,0.0
1985-06-26 00:00:00-04:00,3.9249718204011397,4.264632773726209,3.887232010760466,4.1514129638671875,599319,0.0,0.0
1985-06-27 00:00:00-04:00,4.151412435912053,4.226892426531247,4.1136722501339795,4.189152240753174,242109,0.0,0.0
1985-06-28 00:00:00-04:00,4.151413404729565,4.151413404729565,4.000453007324518,4.113673210144043,150557,0.0,0.0
1985-07-01 00:00:00-04:00,4.113673685910943,4.26463371983823,4.0759334869605786,4.226893901824951,110867,0.0,0.0
1985-07-02 00:00:00-04:00,4.302372059952494,4.56655214887338,4.302372059952494,4.491072177886963,676318,0.0,0.0
1985-07-03 00:00:00-04:00,4.491073088635204,4.52881289131327,4.302372932434082,4.302372932434082,311699,0.0,0.0
1985-07-05 00:00:00-04:00,4.302372007204623,4.45333194732666,4.302372007204623,4.45333194732666,143149,0.0,0.0
1985-07-08 00:00:00-04:00,4.453334358151332,4.453334358151332,4.340114151299312,4.377854347229004,115895,0.0,0.0
1985-07-09 00:00:00-04:00,4.377853726396234,4.377853726396234,4.113672773289513,4.1514129638671875,171990,0.0,0.0
1985-07-10 00:00:00-04:00,4.15141190775859,4.15141190775859,3.774010859865709,4.000451564788818,688754,0.0,0.0
1985-07-11 00:00:00-04:00,4.000452823991477,4.03819301684744,3.84949205256763,3.9249720573425293,145530,0.0,0.0
1985-07-12 00:00:00-04:00,3.9249720573425293,3.9627122501984915,3.77401204779273,3.9249720573425293,775278,0.0,0.0
1985-07-15 00:00:00-04:00,3.924971592048896,3.9627117804308716,3.849491596221924,3.849491596221924,105311,0.0,0.0
1985-07-16 00:00:00-04:00,3.8872296606904793,4.151410454083623,3.8872296606904793,4.075930118560791,461462,0.0,0.0
1985-07-17 00:00:00-04:00,4.1514129638671875,4.264632773726209,4.1514129638671875,4.1514129638671875,914722,0.0,0.0
1985-07-18 00:00:00-04:00,4.151413404729565,4.1891532183780456,4.075933015558521,4.113673210144043,108751,0.0,0.0
1985-07-19 00:00:00-04:00,4.1136722501339795,4.189152240753174,4.1136722501339795,4.189152240753174,123304,0.0,0.0
1985-07-22 00:00:00-04:00,4.189152240753174,4.189152240753174,4.1136722501339795,4.189152240753174,136534,0.0,0.0
1985-07-23 00:00:00-04:00,4.189152240753174,4.302373179024347,4.151412435912053,4.189152240753174,364090,0.0,0.0
1985-07-24 00:00:00-04:00,4.189152773507861,4.189152773507861,4.075932582711838,4.1514129638671875,54243,0.0,0.0
1985-07-25 00:00:00-04:00,4.151413404729565,4.151413404729565,4.075933015558521,4.113673210144043,60858,0.0,0.0
1985-07-26 00:00:00-04:00,4.113673685910943,4.226893901824951,4.113673685910943,4.226893901824951,76469,0.0,0.0
1985-07-29 00:00:00-04:00,4.226893901824951,4.226893901824951,4.0759334869605786,4.226893901824951,163258,0.0,0.0
1985-07-30 00:00:00-04:00,4.1891532183780456,4.1891532183780456,4.075933015558521,4.113673210144043,192893,0.0,0.0
1985-07-31 00:00:00-04:00,4.113673685910943,4.26463371983823,4.113673685910943,4.226893901824951,219618,0.0,0.0
1985-08-01 00:00:00-04:00,4.226891947634175,4.3023726915754805,4.189151766131976,4.264631748199463,255868,0.0,0.0
1985-08-02 00:00:00-04:00,4.264631986945224,4.302372932434082,4.226892184267157,4.302372932434082,151880,0.0,0.0
1985-08-05 00:00:00-04:00,4.3023746806627665,4.3023746806627665,4.189153702874586,4.226893901824951,409336,0.0,0.0
1985-08-06 00:00:00-04:00,4.226890408669686,4.30237112512929,4.075930118560791,4.075930118560791,64827,0.0,0.0
1985-08-07 00:00:00-04:00,4.075931639825729,4.075931639825729,3.8872311115264893,3.8872311115264893,72500,0.0,0.0
1985-08-08 00:00:00-04:00,3.8872322454235917,3.9627122501984915,3.8117518597116677,3.9249720573425293,152145,0.0,0.0
1985-08-09 00:00:00-04:00,3.9249720573425293,3.9249720573425293,3.8872322454235917,3.9249720573425293,20903,0.0,0.0
1985-08-12 00:00:00-04:00,3.924970912436807,3.924970912436807,3.8117507478320283,3.8872311115264893,70913,0.0,0.0
1985-08-13 00:00:00-04:00,3.8872310121711107,3.8872310121711107,3.774010850460174,3.811750650405884,90229,0.0,0.0
1985-08-14 00:00:00-04:00,3.811750659905474,4.000451564788818,3.774010859865709,4.000451564788818,247930,0.0,0.0
1985-08-15 00:00:00-04:00,4.000451141528325,4.113671291542374,4.000451141528325,4.038191318511963,162729,0.0,0.0
1985-08-16 00:00:00-04:00,4.000453584122691,4.000453584122691,3.9627130031585693,3.9627130031585693,227821,0.0,0.0
1985-08-19 00:00:00-04:00,3.9627130031585693,4.000453584122691,3.9249728031315447,3.9627130031585693,15082,0.0,0.0
1985-08-20 00:00:00-04:00,3.9627130031585693,4.000453584122691,3.9249728031315447,3.9627130031585693,50009,0.0,0.0
1985-08-21 00:00:00-04:00,3.9627130031585693,4.000453584122691,3.9627130031585693,3.9627130031585693,47363,0.0,0.0
1985-08-22 00:00:00-04:00,3.9627130031585693,4.000453584122691,3.9249728031315447,3.9627130031585693,70119,0.0,0.0
1985-08-23 00:00:00-04:00,3.962711002875245,4.000451564788818,3.962711002875245,4.000451564788818,79115,0.0,0.0
1985-08-26 00:00:00-04:00,4.000452823991477,4.000452823991477,3.9249720573425293,3.9249720573425293,53449,0.0,0.0
1985-08-27 00:00:00-04:00,3.9249720573425293,3.9627122501984915,3.9249720573425293,3.9249720573425293,36250,0.0,0.0
1985-08-28 00:00:00-04:00,3.924971592048896,3.9627117804308716,3.7740116003949518,3.849491596221924,488716,0.0,0.0
1985-08-29 00:00:00-04:00,3.8117517028546253,3.8117517028546253,3.5475707446712024,3.585310935974121,345303,0.0,0.0
1985-08-30 00:00:00-04:00,3.585310466641692,3.6607912203037856,3.5098304748535156,3.5098304748535156,571536,0.0,0.0
1985-09-03 00:00:00-04:00,3.509830191378348,3.509830191378348,3.2079091057997444,3.283389091491699,362502,0.0,0.0
1985-09-04 00:00:00-04:00,3.283388882739267,3.32112906365425,2.830508045038632,2.9059882164001465,1115024,0.0,0.0
1985-09-05 00:00:00-04:00,2.9059889168527504,3.019208915482621,2.9059889168527504,2.981468915939331,1067926,0.0,0.0
1985-09-06 00:00:00-04:00,2.717288303810452,2.717288303810452,2.4153674023280094,2.6795475482940674,3271514,0.0,0.0
1985-09-09 00:00:00-04:00,2.679547066167199,2.679547066167199,2.5285869282907103,2.6418070793151855,939595,0.0,0.0
1985-09-10 00:00:00-04:00,2.6418075546515545,2.6795475482940674,2.6040675610090416,2.6795475482940674,382347,0.0,0.0
1985-09-11 00:00:00-04:00,2.679547066167199,2.679547066167199,2.6040670924631715,2.6418070793151855,219883,0.0,0.0
1985-09-12 00:00:00-04:00,2.6418070793151855,2.6418070793151855,2.6040670924631715,2.6418070793151855,132565,0.0,0.0
1985-09-13 00:00:00-04:00,2.6418075099259366,2.6418075099259366,2.52858734044674,2.5663273334503174,217766,0.0,0.0
1985-09-16 00:00:00-04:00,2.566327576302089,2.604067763345488,2.528587579727173,2.528587579727173,44453,0.0,0.0
1985-09-17 00:00:00-04:00,2.528587343111857,2.6418075127103875,2.2644064394660464,2.4531073570251465,472840,0.0,0.0
1985-09-18 00:00:00-04:00,2.453107356137176,2.528587342196564,2.339886615174234,2.49084734916687,423095,0.0,0.0
1985-09-19 00:00:00-04:00,2.5285869282907103,2.6418070793151855,2.5285869282907103,2.6418070793151855,677376,0.0,0.0
1985-09-20 00:00:00-04:00,2.6418080727259317,2.9059890323733293,2.151186916348711,2.26440691947937,2944998,0.0,0.0
1985-09-23 00:00:00-04:00,2.339887309798519,2.5663280970722715,2.339887309798519,2.41536808013916,918956,0.0,0.0
1985-09-24 00:00:00-04:00,2.4153673631074817,2.566327335226258,2.3776266082039283,2.49084734916687,672084,0.0,0.0
1985-09-25 00:00:00-04:00,2.49084734916687,2.566327335226258,2.4153673631074817,2.49084734916687,441882,0.0,0.0
1985-09-26 00:00:00-04:00,2.4908473500685018,2.4908473500685018,2.4531073570251465,2.4531073570251465,407749,0.0,0.0
1985-09-30 00:00:00-04:00,2.4531080843724378,2.5285880928389934,2.339887309798519,2.41536808013916,1056812,0.0,0.0
1985-10-01 00:00:00-04:00,2.41536808013916,2.41536808013916,2.264407110863442,2.41536808013916,1228009,0.0,0.0
1985-10-02 00:00:00-04:00,2.3776266591831234,2.3776266591831234,2.302146481036884,2.3398866653442383,180457,0.0,0.0
1985-10-03 00:00:00-04:00,2.3021464388031663,2.3021464388031663,2.1134464730705096,2.151186466217041,296617,0.0,0.0
1985-10-04 00:00:00-04:00,2.151187437943951,2.188927448138269,2.0379664550182413,2.113447427749634,547457,0.0,0.0
1985-10-07 00:00:00-04:00,2.1134464730705096,2.151186466217041,2.075706479923978,2.151186466217041,271480,0.0,0.0
1985-10-08 00:00:00-04:00,2.1511862126945993,2.188926201393383,1.8870053394609008,2.000225305557251,386581,0.0,0.0
1985-10-09 00:00:00-04:00,2.0002248409295675,2.1134457330683087,1.924744881065069,2.0379648208618164,656737,0.0,0.0
1985-10-10 00:00:00-04:00,2.0379652942560345,2.0379652942560345,1.9624853168584675,2.000225305557251,231525,0.0,0.0
1985-10-11 00:00:00-04:00,2.000226444823924,2.151187437943951,2.000226444823924,2.113447427749634,354564,0.0,0.0
1985-10-14 00:00:00-04:00,2.113447162692174,2.188927173614502,2.113447162692174,2.188927173614502,89699,0.0,0.0
1985-10-15 00:00:00-04:00,2.188926917392264,2.26440691947937,2.151186916348711,2.26440691947937,247930,0.0,0.0
1985-10-16 00:00:00-04:00,2.264406487197999,2.3398866653442383,2.264406487197999,2.3398866653442383,122774,0.0,0.0
1985-10-17 00:00:00-04:00,2.3776273140317965,2.490848088605716,2.3776273140317965,2.41536808013916,370440,0.0,0.0
1985-10-18 00:00:00-04:00,2.41536808013916,2.490848088605716,2.3776273140317965,2.41536808013916,192629,0.0,0.0
1985-10-21 00:00:00-04:00,2.4153675900024245,2.528587579727173,2.3776268315535773,2.528587579727173,566244,0.0,0.0
1985-10-22 00:00:00-04:00,2.528587579727173,2.604067763345488,2.4908475831522567,2.528587579727173,142090,0.0,0.0
1985-10-23 00:00:00-04:00,2.528587342196564,2.566327335226258,2.453107356137176,2.49084734916687,356416,0.0,0.0
1985-10-24 00:00:00-04:00,2.490848088605716,2.5285880928389934,2.41536808013916,2.41536808013916,384728,0.0,0.0
1985-10-25 00:00:00-04:00,2.4153671709687172,2.453107160996253,2.339886429039847,2.377626419067383,87318,0.0,0.0
1985-10-28 00:00:00-05:00,2.377627103884842,2.377627103884842,2.264406910723472,2.3021469116210938,66944,0.0,0.0
1985-10-29 00:00:00-05:00,2.339887309798519,2.4531080843724378,2.339887309798519,2.41536808013916,104252,0.0,0.0
1985-10-30 00:00:00-05:00,2.4153674148958846,2.4153674148958846,2.264406487197999,2.3398866653442383,237346,0.0,0.0
1985-10-31 00:00:00-05:00,2.3398871120349813,2.3776271130785345,2.26440691947937,2.26440691947937,84937,0.0,0.0
1985-11-01 00:00:00-05:00,2.2644071845368297,2.3021471899979935,2.188927173614502,2.188927173614502,63769,0.0,0.0
1985-11-04 00:00:00-05:00,2.22666597366333,2.2644059586938394,2.22666597366333,2.22666597366333,45511,0.0,0.0
1985-11-05 00:00:00-05:00,2.226666918435817,2.26440691947937,2.188926917392264,2.26440691947937,82291,0.0,0.0
1985-11-06 00:00:00-05:00,2.2644059586938394,2.3398861192232823,2.22666597366333,2.22666597366333,281270,0.0,0.0
1985-11-07 00:00:00-05:00,2.2266669098258505,2.33988710298722,2.2266669098258505,2.3021469116210938,115630,0.0,0.0
1985-11-08 00:00:00-05:00,2.302146248543862,2.377626419067383,2.2644062585163263,2.377626419067383,496390,0.0,0.0
1985-11-11 00:00:00-05:00,2.3776273140317965,2.41536808013916,2.3776273140317965,2.41536808013916,59006,0.0,0.0
1985-11-12 00:00:00-05:00,2.41536808013916,2.490848088605716,2.41536808013916,2.41536808013916,288679,0.0,0.0
1985-11-13 00:00:00-05:00,2.415367866656482,2.453107867554104,2.3021469116210938,2.3021469116210938,251899,0.0,0.0
1985-11-14 00:00:00-05:00,2.302146920522923,2.302146920522923,2.151186916348711,2.26440691947937,397165,0.0,0.0
1985-11-15 00:00:00-05:00,2.264406910723472,2.3021469116210938,2.1889269089282286,2.3021469116210938,289472,0.0,0.0
1985-11-18 00:00:00-05:00,2.302146248543862,2.377626419067383,2.302146248543862,2.377626419067383,123568,0.0,0.0
1985-11-19 00:00:00-05:00,2.377626419067383,2.453107160996253,2.377626419067383,2.377626419067383,121716,0.0,0.0
1985-11-20 00:00:00-05:00,2.377626609064577,2.4908473500685018,2.377626609064577,2.4531073570251465,144472,0.0,0.0
1985-11-21 00:00:00-05:00,2.4531073570251465,2.4908473500685018,2.4153673639817916,2.4531073570251465,140767,0.0,0.0
1985-11-22 00:00:00-05:00,2.4531073959705223,2.717288303810452,2.4153674023280094,2.6795475482940674,872386,0.0,0.0
1985-11-25 00:00:00-05:00,2.6795473060534065,2.717288058157892,2.604067325592041,2.604067325592041,113249,0.0,0.0
1985-11-26 00:00:00-05:00,2.604068190171791,2.9059891646006455,2.604068190171791,2.7550289630889893,592439,0.0,0.0
1985-11-27 00:00:00-05:00,2.7927687493747477,2.9437289391850734,2.7927687493747477,2.86824893951416,401927,0.0,0.0
1985-11-29 00:00:00-05:00,2.86824916183986,2.86824916183986,2.7550289630889893,2.7550289630889893,79909,0.0,0.0
1985-12-02 00:00:00-05:00,2.755029215585475,2.830509228024736,2.6418084350524578,2.7172892093658447,271480,0.0,0.0
1985-12-03 00:00:00-05:00,2.7172892093658447,2.7172892093658447,2.6795484412720882,2.7172892093658447,55037,0.0,0.0
1985-12-04 00:00:00-05:00,2.717288073699038,2.9059882164001465,2.6795473213786996,2.9059882164001465,592704,0.0,0.0
1985-12-05 00:00:00-05:00,2.9059889393496166,2.9437289391850734,2.7550287495392913,2.86824893951416,1541824,0.0,0.0
1985-12-06 00:00:00-05:00,2.8682481739285617,2.8682481739285617,2.7927680039361267,2.83050799369812,149764,0.0,0.0
1985-12-09 00:00:00-05:00,2.8682482259536153,2.9437282068466777,2.8682482259536153,2.9059882164001465,152410,0.0,0.0
1985-12-10 00:00:00-05:00,2.9059889393496166,2.98146893902053,2.86824893951416,2.86824893951416,81232,0.0,0.0
1985-12-11 00:00:00-05:00,2.8682486612091553,2.8682486612091553,2.7927684783935547,2.7927684783935547,60064,0.0,0.0
1985-12-12 00:00:00-05:00,2.83050799369812,2.8682481739285617,2.83050799369812,2.83050799369812,78586,0.0,0.0
1985-12-13 00:00:00-05:00,2.8305084745671145,2.8682486612091553,2.7927684783935547,2.7927684783935547,56624,0.0,0.0
1985-12-16 00:00:00-05:00,2.830508727297672,3.019208915482621,2.830508727297672,2.981468915939331,375203,0.0,0.0
1985-12-17 00:00:00-05:00,2.9814686199383824,3.1701695512630472,2.9814686199383824,3.09468936920166,698544,0.0,0.0
1985-12-18 00:00:00-05:00,3.0946886488154837,3.207908609849337,3.019207912919177,3.056948661804199,284180,0.0,0.0
1985-12-19 00:00:00-05:00,3.056949373405206,3.09468936920166,3.0192086157348363,3.09468936920166,148441,0.0,0.0
1985-12-20 00:00:00-05:00,3.09468941296335,3.207909401953745,3.0569494166332185,3.132429599761963,180986,0.0,0.0
1985-12-23 00:00:00-05:00,3.132429599761963,3.170169596092095,3.0569494166332185,3.132429599761963,110074,0.0,0.0
1985-12-24 00:00:00-05:00,3.0946886488154837,3.0946886488154837,3.019207912919177,3.056948661804199,71177,0.0,0.0
1985-12-26 00:00:00-05:00,3.056949373405206,3.132429555466593,3.056949373405206,3.09468936920166,84672,0.0,0.0
1985-12-27 00:00:00-05:00,3.094689127261812,3.283389091491699,3.094689127261812,3.283389091491699,148970,0.0,0.0
1985-12-30 00:00:00-05:00,3.283389091491699,3.283389091491699,3.2079091057997444,3.283389091491699,46570,0.0,0.0
1985-12-31 00:00:00-05:00,3.2456490962738376,3.2456490962738376,3.1701691150665283,3.1701691150665283,59270,0.0,0.0
1986-01-02 00:00:00-05:00,3.170169540427845,3.245649531762773,3.170169540427845,3.207909345626831,127008,0.0,0.0
1986-01-03 00:00:00-05:00,3.2079084469495704,3.2456486225128174,3.1701686523231727,3.2456486225128174,58212,0.0,0.0
1986-01-06 00:00:00-05:00,3.20790891520173,3.20790891520173,3.1324291244628735,3.1701691150665283,57947,0.0,0.0
1986-01-07 00:00:00-05:00,3.1701695252175206,3.434350445964632,3.1701695252175206,3.3966102600097656,813116,0.0,0.0
1986-01-08 00:00:00-05:00,3.396610276306542,3.5475702589763984,3.207909345626831,3.207909345626831,654620,0.0,0.0
1986-01-09 00:00:00-05:00,3.245649516190299,3.3966102600097656,3.245649516190299,3.3966102600097656,259308,0.0,0.0
1986-01-10 00:00:00-05:00,3.3966100223719513,3.4343502056863926,3.2456492891141857,3.283389091491699,84143,0.0,0.0
1986-01-13 00:00:00-05:00,3.2833893638529603,3.4343504905700684,3.2833893638529603,3.4343504905700684,178340,0.0,0.0
1986-01-14 00:00:00-05:00,3.4720900045426744,3.623050356710415,3.4720900045426744,3.547569990158081,301115,0.0,0.0
1986-01-15 00:00:00-05:00,3.5475702802791247,3.5475702802791247,3.4343504830653395,3.5098304748535156,141032,0.0,0.0
1986-01-16 00:00:00-05:00,3.509830934305292,3.585310935974121,3.3966107413335442,3.585310935974121,650651,0.0,0.0
1986-01-17 00:00:00-05:00,3.585310267017431,3.6230504512786865,3.509830279431858,3.6230504512786865,592439,0.0,0.0
1986-01-20 00:00:00-05:00,3.623050629067015,3.8494913648093827,3.5853104429537943,3.7740113735198975,738499,0.0,0.0
1986-01-21 00:00:00-05:00,3.774010843336207,3.8117506432106785,3.547569758467966,3.6607906818389893,294235,0.0,0.0
1986-01-22 00:00:00-05:00,3.660791016476879,3.698531200738134,3.509830279431858,3.6230504512786865,913928,0.0,0.0
1986-01-23 00:00:00-05:00,3.623050356710415,3.6985311041996765,3.5098301878188414,3.547569990158081,725798,0.0,0.0
1986-01-24 00:00:00-05:00,3.5475704922478153,3.6985316276550293,3.5475704922478153,3.6985316276550293,799092,0.0,0.0
1986-01-27 00:00:00-05:00,3.7362711874066767,3.887231550922603,3.7362711874066767,3.7740113735198975,435532,0.0,0.0
1986-01-28 00:00:00-05:00,3.774010843336207,3.774010843336207,3.623050120090713,3.6607906818389893,376790,0.0,0.0
1986-01-29 00:00:00-05:00,3.7362711874066767,3.887231550922603,3.7362711874066767,3.7740113735198975,747230,0.0,0.0
1986-01-30 00:00:00-05:00,3.7740113735198975,3.7740113735198975,3.7362711874066767,3.7740113735198975,311699,0.0,0.0
1986-01-31 00:00:00-05:00,3.736270662524834,3.736270662524834,3.6607906818389893,3.6607906818389893,59535,0.0,0.0
1986-02-03 00:00:00-05:00,3.660791016476879,3.698531200738134,3.6230504512786865,3.6230504512786865,112190,0.0,0.0
1986-02-04 00:00:00-05:00,3.623050660921335,3.623050660921335,3.3966103041250313,3.4343504905700684,140238,0.0,0.0
1986-02-05 00:00:00-05:00,3.434350675175104,3.472090482711792,3.3966104867014364,3.472090482711792,100283,0.0,0.0
1986-02-06 00:00:00-05:00,3.472090095170603,3.811750991648025,3.472090095170603,3.6230504512786865,604611,0.0,0.0
1986-02-07 00:00:00-05:00,3.62305112727704,3.660791699516967,3.472090743002373,3.585310935974121,252428,0.0,0.0
1986-02-10 00:00:00-05:00,3.585310466641692,3.6230506530042597,3.4720902884909486,3.5098304748535156,49216,0.0,0.0
1986-02-11 00:00:00-05:00,3.5098304748535156,3.585310466641692,3.5098304748535156,3.5098304748535156,54243,0.0,0.0
1986-02-12 00:00:00-05:00,3.5098301878188414,3.6607909209235094,3.5098301878188414,3.547569990158081,195539,0.0,0.0
1986-02-13 00:00:00-05:00,3.547569990158081,3.623050356710415,3.5098301878188414,3.547569990158081,110867,0.0,0.0
1986-02-14 00:00:00-05:00,3.5475707446712024,3.62305112727704,3.509830934305292,3.585310935974121,65885,0.0,0.0
1986-02-18 00:00:00-05:00,3.5853106808653736,3.6985316276550293,3.509830684567239,3.6985316276550293,278359,0.0,0.0
1986-02-19 00:00:00-05:00,3.6985306302012964,3.8117504036458585,3.6607904517618564,3.7362704277038574,164317,0.0,0.0
1986-02-20 00:00:00-05:00,3.736271004062452,3.736271004062452,3.585310267017431,3.6230504512786865,325458,0.0,0.0
1986-02-21 00:00:00-05:00,3.623050356710415,3.623050356710415,3.4720900045426744,3.547569990158081,109280,0.0,0.0
1986-02-24 00:00:00-05:00,3.472090250982544,3.472090250982544,3.3211295071630778,3.3966102600097656,231790,0.0,0.0
1986-02-25 00:00:00-05:00,3.396610314528812,3.396610314528812,3.3211295604705815,3.321129560470581,82026,0.0,0.0
1986-02-26 00:00:00-05:00,3.321128592702462,3.3966093247658065,3.2456486225128174,3.2456486225128174,133094,0.0,0.0
1986-02-27 00:00:00-05:00,3.3211295502979974,3.509830482523183,3.3211295502979974,3.4343504905700684,291325,0.0,0.0
1986-02-28 00:00:00-05:00,3.472090482711792,3.5853106671958153,3.472090482711792,3.472090482711792,333661,0.0,0.0
1986-03-03 00:00:00-05:00,3.472090482711792,3.5098306711854597,3.472090482711792,3.472090482711792,119335,0.0,0.0
1986-03-04 00:00:00-05:00,3.4720902884909486,3.6230506530042597,3.4343504830653395,3.5098304748535156,182574,0.0,0.0
1986-03-05 00:00:00-05:00,3.5098306711854597,3.5475704787221476,3.472090482711792,3.472090482711792,181780,0.0,0.0
1986-03-06 00:00:00-05:00,3.472090743002373,3.585310935974121,3.472090743002373,3.585310935974121,87053,0.0,0.0
1986-03-07 00:00:00-05:00,3.547570241955323,3.547570241955323,3.3966102600097656,3.3966102600097656,87053,0.0,0.0
1986-03-10 00:00:00-05:00,3.3966102600097656,3.472090250982544,3.358870454991853,3.3966102600097656,387904,0.0,0.0
1986-03-11 00:00:00-05:00,3.396609829686039,3.434350010859522,3.358870029449463,3.358870029449463,56360,0.0,0.0
1986-03-12 00:00:00-05:00,3.358870029449463,3.396609829686039,3.170169123582049,3.358870029449463,215120,0.0,0.0
1986-03-13 00:00:00-05:00,3.358870029449463,3.509829992269581,3.358870029449463,3.358870029449463,197392,0.0,0.0
1986-03-14 00:00:00-05:00,3.3588706791647485,3.472090482711792,3.3588706791647485,3.472090482711792,1094386,0.0,0.0
1986-03-17 00:00:00-05:00,3.4720900045426744,3.585310173434248,3.4720900045426744,3.547569990158081,254016,0.0,0.0
1986-03-18 00:00:00-05:00,3.5475707446712024,3.62305112727704,3.509830934305292,3.585310935974121,189983,0.0,0.0
1986-03-19 00:00:00-05:00,3.5475702802791247,3.5475702802791247,3.5098304748535156,3.5098304748535156,52391,0.0,0.0
1986-03-20 00:00:00-05:00,3.5098301878188414,3.585310173434248,3.5098301878188414,3.547569990158081,137327,0.0,0.0
1986-03-21 00:00:00-05:00,3.5475704787221476,3.5475704787221476,3.472090482711792,3.472090482711792,186543,0.0,0.0
1986-03-24 00:00:00-05:00,3.5098301878188414,3.585310173434248,3.5098301878188414,3.547569990158081,76469,0.0,0.0
1986-03-25 00:00:00-05:00,3.547569990158081,3.585310173434248,3.547569990158081,3.547569990158081,97637,0.0,0.0
1986-03-26 00:00:00-05:00,3.5475704787221476,3.5853106671958153,3.472090482711792,3.472090482711792,65621,0.0,0.0
1986-03-27 00:00:00-05:00,3.4720902884909486,3.585310466641692,3.4720902884909486,3.5098304748535156,79115,0.0,0.0
1986-03-31 00:00:00-05:00,3.509830279431858,3.660791016476879,3.509830279431858,3.6230504512786865,332338,0.0,0.0
1986-04-01 00:00:00-05:00,3.6230506530042597,3.6607912203037856,3.4720902884909486,3.5098304748535156,124891,0.0,0.0
1986-04-02 00:00:00-05:00,3.4720898110960987,3.4720898110960987,3.283388905228685,3.358870029449463,476015,0.0,0.0
1986-04-03 00:00:00-05:00,3.358870219994438,3.358870219994438,3.2456492891141857,3.283389091491699,265394,0.0,0.0
1986-04-04 00:00:00-05:00,3.2456495887523578,3.2456495887523578,3.132429599761963,3.132429599761963,157702,0.0,0.0
1986-04-07 00:00:00-05:00,3.1324291244628735,3.1701691150665283,2.9814682097059917,3.1701691150665283,137592,0.0,0.0
1986-04-08 00:00:00-05:00,3.2456495583448826,3.547570288031261,3.2456495583448826,3.4343504905700684,411453,0.0,0.0
1986-04-09 00:00:00-05:00,3.434350675175104,3.5098306711854597,3.3966104867014364,3.472090482711792,54508,0.0,0.0
1986-04-10 00:00:00-05:00,3.472090095170603,3.6230504512786865,3.39661010758503,3.6230504512786865,262219,0.0,0.0
1986-04-11 00:00:00-05:00,3.623050613865056,3.7740113576845222,3.3966102600097656,3.3966102600097656,408013,0.0,0.0
1986-04-14 00:00:00-05:00,3.547569758467966,3.6607906818389893,3.547569758467966,3.6607906818389893,154791,0.0,0.0
1986-04-15 00:00:00-05:00,3.6230504512786865,3.6230504512786865,3.547570082756176,3.6230504512786865,77792,0.0,0.0
1986-04-16 00:00:00-05:00,3.774012764897639,3.9627130031585693,3.774012764897639,3.9627130031585693,806765,0.0,0.0
1986-04-17 00:00:00-05:00,4.038190331736145,4.189150240908269,4.038190331736145,4.075930118560791,1098884,0.0,0.0
1986-04-18 00:00:00-05:00,4.075932064355906,4.226892426531247,4.000452073736713,4.189152240753174,782951,0.0,0.0
1986-04-21 00:00:00-05:00,4.1891532183780456,4.264633226612049,4.113673210144043,4.113673210144043,163523,0.0,0.0
1986-04-22 00:00:00-05:00,4.113670286322207,4.189150240908269,4.075930118560791,4.075930118560791,165375,0.0,0.0
1986-04-23 00:00:00-05:00,4.075930118560791,4.151410454083623,4.000450163974729,4.075930118560791,223852,0.0,0.0
1986-04-24 00:00:00-05:00,4.075932582711838,4.226892964085535,4.038192773071165,4.1514129638671875,248989,0.0,0.0
1986-04-25 00:00:00-05:00,4.226892184267157,4.453332905020208,4.226892184267157,4.302372932434082,340805,0.0,0.0
1986-04-28 00:00:00-04:00,4.41559360297999,4.566553592681885,4.41559360297999,4.566553592681885,520733,0.0,0.0
1986-04-29 00:00:00-04:00,4.566554030470798,4.642034794431925,4.415594026296587,4.52881383895874,378907,0.0,0.0
1986-04-30 00:00:00-04:00,4.491072837212651,4.491072837212651,4.189151766131976,4.264631748199463,196069,0.0,0.0
1986-05-01 00:00:00-04:00,4.264632773726209,4.302373726177886,4.113672773289513,4.1514129638671875,113778,0.0,0.0
1986-05-02 00:00:00-04:00,4.151412197974095,4.491073088635204,4.151412197974095,4.302372932434082,107163,0.0,0.0
1986-05-05 00:00:00-04:00,4.302372059952494,4.528811972911745,4.302372059952494,4.491072177886963,76469,0.0,0.0
1986-05-06 00:00:00-04:00,4.491074104315413,4.491074104315413,4.415594100952148,4.415594100952148,67473,0.0,0.0
1986-05-07 00:00:00-04:00,4.415593102342141,4.453332905020208,4.302372932434082,4.302372932434082,47628,0.0,0.0
1986-05-08 00:00:00-04:00,4.3023746806627665,4.340114498676045,4.151413884861308,4.226893901824951,161935,0.0,0.0
1986-05-09 00:00:00-04:00,4.264631748199463,4.415592855145165,4.264631748199463,4.264631748199463,87583,0.0,0.0
1986-05-12 00:00:00-04:00,4.264631986945224,4.415593102342141,4.264631986945224,4.302372932434082,100548,0.0,0.0
1986-05-13 00:00:00-04:00,4.302373726177886,4.377853726396234,4.1514129638671875,4.1514129638671875,134417,0.0,0.0
1986-05-14 00:00:00-04:00,4.189153367580546,4.377854347229004,4.189153367580546,4.377854347229004,453524,0.0,0.0
1986-05-15 00:00:00-04:00,4.377852918727145,4.377852918727145,4.226892184267157,4.302372932434082,336307,0.0,0.0
1986-05-16 00:00:00-04:00,4.26463371983823,4.26463371983823,4.113673685910943,4.226893901824951,46834,0.0,0.0
1986-05-19 00:00:00-04:00,4.226891947634175,4.3023726915754805,4.226891947634175,4.264631748199463,66679,0.0,0.0
1986-05-20 00:00:00-04:00,4.226892426531247,4.226892426531247,4.151412435912053,4.189152240753174,24872,0.0,0.0
1986-05-21 00:00:00-04:00,4.189152773507861,4.226892964085535,4.113672773289513,4.1514129638671875,44982,0.0,0.0
1986-05-22 00:00:00-04:00,4.151413884861308,4.26463371983823,4.113673685910943,4.226893901824951,65356,0.0,0.0
1986-05-23 00:00:00-04:00,4.226892964085535,4.226892964085535,4.1514129638671875,4.1514129638671875,45511,0.0,0.0
1986-05-27 00:00:00-04:00,4.151413884861308,4.26463371983823,4.151413884861308,4.226893901824951,44453,0.0,0.0
1986-05-28 00:00:00-04:00,4.226893412963568,4.264633226612049,4.113673210144043,4.113673210144043,283916,0.0,0.0
1986-05-29 00:00:00-04:00,4.113673210144043,4.1891532183780456,4.075933015558521,4.113673210144043,198185,0.0,0.0
1986-05-30 00:00:00-04:00,4.113670286322207,4.151410454083623,3.9627096152765415,4.075930118560791,116159,0.0,0.0
1986-06-02 00:00:00-04:00,4.113672773289513,4.189152773507861,4.113672773289513,4.1514129638671875,232054,0.0,0.0
1986-06-03 00:00:00-04:00,4.151413214478301,4.151413214478301,3.9249720573425293,3.9249720573425293,256662,0.0,0.0
1986-06-04 00:00:00-04:00,3.9249720573425293,4.000452823991477,3.8872322454235917,3.9249720573425293,129919,0.0,0.0
1986-06-05 00:00:00-04:00,3.9249704066241855,4.038191318511963,3.9249704066241855,4.038191318511963,32546,0.0,0.0
1986-06-06 00:00:00-04:00,4.0381937841497155,4.075933603239644,3.9627130031585693,3.9627130031585693,84407,0.0,0.0
1986-06-09 00:00:00-04:00,3.9249710610458965,3.9249710610458965,3.4720900045426744,3.547569990158081,484483,0.0,0.0
1986-06-10 00:00:00-04:00,3.623050120090713,3.774010843336207,3.623050120090713,3.6607906818389893,422566,0.0,0.0
1986-06-11 00:00:00-04:00,3.6607906818389893,3.6985308626503626,3.6607906818389893,3.6607906818389893,145795,0.0,0.0
1986-06-12 00:00:00-04:00,3.6607904517618564,3.7362704277038574,3.623049892385538,3.7362704277038574,166433,0.0,0.0
1986-06-13 00:00:00-04:00,3.7362711874066767,3.811751178696162,3.7362711874066767,3.7740113735198975,63239,0.0,0.0
1986-06-16 00:00:00-04:00,3.736271435335606,3.736271435335606,3.5475704922478153,3.6985316276550293,153997,0.0,0.0
1986-06-17 00:00:00-04:00,3.698531200738134,3.774011188323707,3.6230504512786865,3.6230504512786865,59535,0.0,0.0
1986-06-18 00:00:00-04:00,3.623050356710415,3.623050356710415,3.3966100189272677,3.547569990158081,194746,0.0,0.0
1986-06-19 00:00:00-04:00,3.547569990158081,3.547569990158081,3.4720900045426744,3.547569990158081,59535,0.0,0.0
1986-06-20 00:00:00-04:00,3.547570082756176,3.6230504512786865,3.472090095170603,3.6230504512786865,38632,0.0,0.0
1986-06-23 00:00:00-04:00,3.62305012692972,3.8872310121711107,3.585309946047107,3.811750650405884,106105,0.0,0.0
1986-06-24 00:00:00-04:00,3.8494909296792588,4.000451657068181,3.8494909296792588,3.8872311115264893,125950,0.0,0.0
1986-06-25 00:00:00-04:00,3.8872306105774115,4.189151264572786,3.8872306105774115,4.038191318511963,337894,0.0,0.0
1986-06-26 00:00:00-04:00,4.0381937841497155,4.075933603239644,3.9249728031315447,3.9627130031585693,65356,0.0,0.0
1986-06-27 00:00:00-04:00,3.9627130031585693,4.0381937841497155,3.9627130031585693,3.9627130031585693,123039,0.0,0.0
1986-06-30 00:00:00-04:00,3.962711002875245,4.000451564788818,3.8872310218588115,4.000451564788818,109280,0.0,0.0
1986-07-01 00:00:00-04:00,4.000453584122691,4.0381937841497155,3.9249728031315447,3.9627130031585693,364090,0.0,0.0
1986-07-02 00:00:00-04:00,4.00045258249349,4.1514129638671875,4.00045258249349,4.1514129638671875,177811,0.0,0.0
1986-07-03 00:00:00-04:00,4.1514129638671875,4.1514129638671875,4.075932582711838,4.1514129638671875,50009,0.0,0.0
1986-07-07 00:00:00-04:00,4.075931639825729,4.075931639825729,3.8872311115264893,3.8872311115264893,85201,0.0,0.0
1986-07-08 00:00:00-04:00,3.8872317846038995,4.038192538131802,3.849491596221924,3.849491596221924,147647,0.0,0.0
1986-07-09 00:00:00-04:00,3.8872296606904793,4.113670286322207,3.8872296606904793,4.075930118560791,181516,0.0,0.0
1986-07-10 00:00:00-04:00,4.0759311145587365,4.151411468526012,3.9627105836078234,4.038191318511963,518881,0.0,0.0
1986-07-11 00:00:00-04:00,4.038191745765487,4.113671726781921,4.000451564788818,4.000451564788818,241051,0.0,0.0
1986-07-14 00:00:00-04:00,4.000452823991477,4.03819301684744,3.8872322454235917,3.9249720573425293,87053,0.0,0.0
1986-07-15 00:00:00-04:00,3.924970912436807,3.924970912436807,3.8872311115264893,3.8872311115264893,87847,0.0,0.0
1986-07-16 00:00:00-04:00,3.887231360170535,3.962711347756108,3.6230504512786865,3.6230504512786865,152674,0.0,0.0
1986-07-17 00:00:00-04:00,3.6230504512786865,3.736271004062452,3.585310267017431,3.6230504512786865,220412,0.0,0.0
1986-07-18 00:00:00-04:00,3.6230504512786865,3.6230504512786865,3.509830279431858,3.6230504512786865,130448,0.0,0.0
1986-07-21 00:00:00-04:00,3.6230506530042597,3.6230506530042597,3.4720902884909486,3.5098304748535156,54508,0.0,0.0
1986-07-22 00:00:00-04:00,3.509830934305292,3.660791699516967,3.472090743002373,3.585310935974121,109809,0.0,0.0
1986-07-23 00:00:00-04:00,3.585310173434248,3.623050356710415,3.547569990158081,3.547569990158081,38632,0.0,0.0
1986-07-24 00:00:00-04:00,3.5475704787221476,3.5853106671958153,3.472090482711792,3.472090482711792,96314,0.0,0.0
1986-07-25 00:00:00-04:00,3.4720900045426744,3.547569990158081,3.4720900045426744,3.547569990158081,171461,0.0,0.0
1986-07-28 00:00:00-04:00,3.5098304748535156,3.5098304748535156,3.4343504830653395,3.5098304748535156,54772,0.0,0.0
1986-07-29 00:00:00-04:00,3.5098306711854597,3.5098306711854597,3.472090482711792,3.472090482711792,69325,0.0,0.0
1986-07-30 00:00:00-04:00,3.4720904959496806,3.6985316276550293,3.4720904959496806,3.6985316276550293,193952,0.0,0.0
1986-07-31 00:00:00-04:00,3.7362704277038574,3.9627107364667395,3.7362704277038574,3.7362704277038574,284180,0.0,0.0
1986-08-01 00:00:00-04:00,3.73627076507448,3.8872311115264893,3.660790782316932,3.8872311115264893,498771,0.0,0.0
1986-08-04 00:00:00-04:00,3.8872311115264893,3.924970912436807,3.7740109469217105,3.8872311115264893,248195,0.0,0.0
1986-08-05 00:00:00-04:00,3.8872317846038995,3.924971592048896,3.849491596221924,3.849491596221924,18522,0.0,0.0
1986-08-06 00:00:00-04:00,3.8494908312884974,3.8872310121711107,3.811750650405884,3.811750650405884,61652,0.0,0.0
1986-08-07 00:00:00-04:00,3.811751407839948,3.849491596221924,3.736271412012976,3.849491596221924,94198,0.0,0.0
1986-08-08 00:00:00-04:00,3.8494927840145916,4.0381937841497155,3.811752583987567,3.9627130031585693,310640,0.0,0.0
1986-08-11 00:00:00-04:00,4.075933015558521,4.151413404729565,4.075933015558521,4.113673210144043,330221,0.0,0.0
1986-08-12 00:00:00-04:00,4.113670286322207,4.113670286322207,4.038190331736145,4.075930118560791,192100,0.0,0.0
1986-08-13 00:00:00-04:00,4.075930118560791,4.075930118560791,3.8872296606904793,4.075930118560791,368059,0.0,0.0
1986-08-14 00:00:00-04:00,4.0381937841497155,4.0381937841497155,3.9249728031315447,3.9627130031585693,82555,0.0,0.0
1986-08-15 00:00:00-04:00,3.9627117804308716,3.9627117804308716,3.849491596221924,3.849491596221924,34133,0.0,0.0
1986-08-18 00:00:00-04:00,3.8494909296792588,3.9627110942840376,3.8494909296792588,3.8872311115264893,30164,0.0,0.0
1986-08-19 00:00:00-04:00,3.9249728031315447,3.9627130031585693,3.9249728031315447,3.9627130031585693,70384,0.0,0.0
1986-08-20 00:00:00-04:00,3.9627105836078234,4.0759311145587365,3.8872306105774115,4.038191318511963,154262,0.0,0.0
1986-08-21 00:00:00-04:00,4.038192773071165,4.1514129638671875,4.038192773071165,4.1514129638671875,213532,0.0,0.0
1986-08-22 00:00:00-04:00,4.151412435912053,4.264632231372367,4.1136722501339795,4.189152240753174,255868,0.0,0.0
1986-08-25 00:00:00-04:00,4.189152240753174,4.302373179024347,4.189152240753174,4.189152240753174,168286,0.0,0.0
1986-08-26 00:00:00-04:00,4.189151766131976,4.264631748199463,4.151411965566688,4.264631748199463,509884,0.0,0.0
1986-08-27 00:00:00-04:00,4.264632773726209,4.302373726177886,4.075932582711838,4.1514129638671875,143678,0.0,0.0
1986-08-28 00:00:00-04:00,4.151412435912053,4.189152240753174,4.1136722501339795,4.189152240753174,180193,0.0,0.0
1986-08-29 00:00:00-04:00,4.189152773507861,4.226892964085535,4.1514129638671875,4.1514129638671875,93933,0.0,0.0
1986-09-02 00:00:00-04:00,4.189151766131976,4.377852673642967,4.189151766131976,4.264631748199463,424683,0.0,0.0
1986-09-03 00:00:00-04:00,4.264631748199463,4.3023726915754805,4.151411965566688,4.264631748199463,136269,0.0,0.0
1986-09-04 00:00:00-04:00,4.264631986945224,4.377852918727145,4.189152000652161,4.302372932434082,388168,0.0,0.0
1986-09-05 00:00:00-04:00,4.3023746806627665,4.3023746806627665,4.189153702874586,4.226893901824951,81497,0.0,0.0
1986-09-08 00:00:00-04:00,4.226892184267157,4.302372932434082,4.075931830744102,4.302372932434082,147382,0.0,0.0
1986-09-09 00:00:00-04:00,4.302374301977198,4.4910745182458705,4.264633344474539,4.340114116668701,230731,0.0,0.0
1986-09-10 00:00:00-04:00,4.34011353581856,4.34011353581856,4.1514129638671875,4.1514129638671875,85730,0.0,0.0
1986-09-11 00:00:00-04:00,4.151413214478301,4.151413214478301,3.9249720573425293,3.9249720573425293,149499,0.0,0.0
1986-09-12 00:00:00-04:00,3.924970912436807,4.000451657068181,3.7740109469217105,3.8872311115264893,218295,0.0,0.0
1986-09-15 00:00:00-04:00,3.8872322454235917,4.03819301684744,3.84949205256763,3.9249720573425293,87318,0.0,0.0
1986-09-16 00:00:00-04:00,3.8494913648093827,3.8494913648093827,3.7740113735198975,3.7740113735198975,167756,0.0,0.0
1986-09-17 00:00:00-04:00,3.8117518597116677,3.9249720573425293,3.8117518597116677,3.9249720573425293,343715,0.0,0.0
1986-09-18 00:00:00-04:00,3.924970912436807,4.038191838915412,3.8872311115264893,3.8872311115264893,124891,0.0,0.0
1986-09-19 00:00:00-04:00,3.8872306105774115,4.038191318511963,3.8872306105774115,4.038191318511963,273596,0.0,0.0
1986-09-22 00:00:00-04:00,4.075932582711838,4.189152773507861,4.075932582711838,4.1514129638671875,118276,0.0,0.0
1986-09-23 00:00:00-04:00,4.151413884861308,4.3023746806627665,4.151413884861308,4.226893901824951,121451,0.0,0.0
1986-09-24 00:00:00-04:00,4.226893529783036,4.377854312297257,4.113673323834423,4.340114116668701,402986,0.0,0.0
1986-09-25 00:00:00-04:00,4.3023746806627665,4.3023746806627665,4.151413884861308,4.226893901824951,173313,0.0,0.0
1986-09-26 00:00:00-04:00,4.226893901824951,4.3023746806627665,4.189153702874586,4.226893901824951,65356,0.0,0.0
1986-09-29 00:00:00-04:00,4.189151264572786,4.189151264572786,4.038191318511963,4.038191318511963,65621,0.0,0.0
1986-09-30 00:00:00-04:00,4.075933015558521,4.1891532183780456,4.075933015558521,4.113673210144043,72500,0.0,0.0
1986-10-01 00:00:00-04:00,4.113671291542374,4.113671291542374,3.9627105836078234,4.038191318511963,246607,0.0,0.0
1986-10-02 00:00:00-04:00,4.000452823991477,4.000452823991477,3.8872322454235917,3.9249720573425293,159025,0.0,0.0
1986-10-03 00:00:00-04:00,3.924970912436807,3.924970912436807,3.7740109469217105,3.8872311115264893,203213,0.0,0.0
1986-10-06 00:00:00-04:00,3.9249728031315447,4.0381937841497155,3.9249728031315447,3.9627130031585693,43394,0.0,0.0
1986-10-07 00:00:00-04:00,4.000451033196265,4.491072177886963,4.000451033196265,4.491072177886963,503269,0.0,0.0
1986-10-08 00:00:00-04:00,4.4910733550921185,4.755254275134109,4.340112992612532,4.679774284362793,572330,0.0,0.0
1986-10-09 00:00:00-04:00,4.6797749859439834,4.75525498803109,4.453333836871634,4.52881383895874,269363,0.0,0.0
1986-10-10 00:00:00-04:00,4.528814369073659,4.528814369073659,4.377854347229004,4.377854347229004,79909,0.0,0.0
1986-10-13 00:00:00-04:00,4.377854312297257,4.377854312297257,4.264633344474539,4.340114116668701,121187,0.0,0.0
1986-10-14 00:00:00-04:00,4.340112735112148,4.415593102342141,4.264631986945224,4.302372932434082,87318,0.0,0.0
1986-10-15 00:00:00-04:00,4.3023738160612135,4.6042938232421875,4.3023738160612135,4.6042938232421875,405632,0.0,0.0
1986-10-16 00:00:00-04:00,4.604291943898161,4.642032881733504,4.453332001925328,4.491072177886963,200038,0.0,0.0
1986-10-17 00:00:00-04:00,4.4910742142533335,4.717514991760254,4.453334021179343,4.717514991760254,334719,0.0,0.0
1986-10-20 00:00:00-04:00,4.717514778277576,4.717514778277576,4.6042938232421875,4.6042938232421875,179399,0.0,0.0
1986-10-21 00:00:00-04:00,4.604294525318965,4.7175154976186295,4.604294525318965,4.642035484313965,131506,0.0,0.0
1986-10-22 00:00:00-04:00,4.642034986549298,4.755255184834245,4.604294031601254,4.717514991760254,106105,0.0,0.0
1986-10-23 00:00:00-04:00,4.7175154976186295,4.755255694739495,4.642035484313965,4.642035484313965,117747,0.0,0.0
1986-10-24 00:00:00-04:00,4.64203312800601,4.90621323094237,4.64203312800601,4.868473052978516,329427,0.0,0.0
1986-10-27 00:00:00-05:00,4.8684730877995275,4.98169400343776,4.717513136738138,4.755253314971924,221999,0.0,0.0
1986-10-28 00:00:00-05:00,4.7552540252557485,4.943954944610596,4.7552540252557485,4.943954944610596,260102,0.0,0.0
1986-10-29 00:00:00-05:00,4.94395536019808,5.170395339647577,4.94395536019808,5.057175159454346,395577,0.0,0.0
1986-10-30 00:00:00-05:00,5.057174729343877,5.2458748866380756,5.057174729343877,5.09491491317749,686372,0.0,0.0
1986-10-31 00:00:00-05:00,5.0949148643655215,5.170394850372676,5.019434878358367,5.132654666900635,126214,0.0,0.0
1986-11-03 00:00:00-05:00,5.132655152604178,5.170395339647577,4.9816951663045135,5.057175159454346,389491,0.0,0.0
1986-11-04 00:00:00-05:00,5.057173770964379,5.057173770964379,4.943954002793562,5.019433975219727,265923,0.0,0.0
1986-11-05 00:00:00-05:00,5.019433975219727,5.0949139476458924,5.019433975219727,5.019433975219727,228879,0.0,0.0
1986-11-06 00:00:00-05:00,5.019433975219727,5.057173770964379,4.8684728875568135,5.019433975219727,482366,0.0,0.0
1986-11-07 00:00:00-05:00,5.019434931415601,5.019434931415601,4.906213998865759,4.943954944610596,130448,0.0,0.0
1986-11-10 00:00:00-05:00,4.943954892351212,5.132654666900635,4.943954892351212,5.132654666900635,324664,0.0,0.0
1986-11-11 00:00:00-05:00,5.132655660358361,5.283616804402936,5.094915850518471,5.170395851135254,180193,0.0,0.0
1986-11-12 00:00:00-05:00,5.1703939200720574,5.208134096753571,4.943954002793562,5.019433975219727,180722,0.0,0.0
1986-11-13 00:00:00-05:00,5.0194361726207894,5.0194361726207894,4.830735206604004,4.830735206604004,125950,0.0,0.0
1986-11-14 00:00:00-05:00,4.830733777240034,4.943954704286235,4.830733777240034,4.906213760375977,70384,0.0,0.0
1986-11-17 00:00:00-05:00,4.906213998865759,4.981694747544632,4.86847381499479,4.943954944610596,102136,0.0,0.0
1986-11-18 00:00:00-05:00,4.943954170779972,4.981693967806953,4.79299307798768,4.868473052978516,210886,0.0,0.0
1986-11-19 00:00:00-05:00,4.868473052978516,4.90621323094237,4.79299307798768,4.868473052978516,448497,0.0,0.0
1986-11-20 00:00:00-05:00,4.8684728875568135,5.057173770964379,4.830733091812161,5.019433975219727,208769,0.0,0.0
1986-11-21 00:00:00-05:00,5.05717468089348,5.170394850372676,5.05717468089348,5.132654666900635,189718,0.0,0.0
1986-11-24 00:00:00-05:00,5.170394195296444,5.321354910058261,5.170394195296444,5.2836151123046875,409601,0.0,0.0
1986-11-25 00:00:00-05:00,5.2836151123046875,5.321354910058261,5.170394195296444,5.2836151123046875,141296,0.0,0.0
1986-11-26 00:00:00-05:00,5.283616963821127,5.510056972503662,5.245876010031502,5.510056972503662,370705,0.0,0.0
1986-11-28 00:00:00-05:00,5.51005531513778,5.774236198147149,5.472315515510927,5.698756217956543,357210,0.0,0.0
1986-12-01 00:00:00-05:00,5.698756270992247,5.887457175567163,5.5100553664173315,5.811976432800293,287091,0.0,0.0
1986-12-02 00:00:00-05:00,5.81197756693636,6.038418315676487,5.774237378656842,5.887458324432373,576563,0.0,0.0
1986-12-03 00:00:00-05:00,5.887459758311467,6.038419786321595,5.736498968427197,6.000679969787598,610432,0.0,0.0
1986-12-04 00:00:00-05:00,6.000678508333947,6.000678508333947,5.774237378656842,5.887458324432373,473899,0.0,0.0
1986-12-05 00:00:00-05:00,5.849718114765315,5.849718114765315,5.6610179113550725,5.774238109588623,358268,0.0,0.0
1986-12-08 00:00:00-05:00,5.774236251885309,5.811976432800293,5.736496451907231,5.811976432800293,190777,0.0,0.0
1986-12-09 00:00:00-05:00,5.811976432800293,5.8497162327783725,5.661016090077264,5.811976432800293,331808,0.0,0.0
1986-12-10 00:00:00-05:00,5.774237688395278,5.774237688395278,5.698757688724364,5.73649787902832,128066,0.0,0.0
1986-12-11 00:00:00-05:00,5.736496398520296,5.774236198147149,5.623276237765938,5.698756217956543,97108,0.0,0.0
1986-12-12 00:00:00-05:00,5.661016949134229,5.661016949134229,5.547796389208107,5.585536956787109,81761,0.0,0.0
1986-12-15 00:00:00-05:00,5.585536007872253,5.66101598739624,5.434575286950487,5.66101598739624,314080,0.0,0.0
1986-12-16 00:00:00-05:00,5.661017498420408,5.811977878699233,5.661017498420408,5.73649787902832,347949,0.0,0.0
1986-12-17 00:00:00-05:00,5.736498297468791,5.774238109588623,5.6610179113550725,5.774238109588623,365677,0.0,0.0
1986-12-18 00:00:00-05:00,5.774238109588623,5.849718114765315,5.736498297468791,5.774238109588623,277830,0.0,0.0
1986-12-19 00:00:00-05:00,5.849717792105316,5.925198554992676,5.849717792105316,5.925198554992676,237082,0.0,0.0
1986-12-22 00:00:00-05:00,5.925198554992676,5.925198554992676,5.811977982067144,5.925198554992676,294235,0.0,0.0
1986-12-23 00:00:00-05:00,5.925198881816059,5.925198881816059,5.698758104411931,5.774238109588623,356681,0.0,0.0
1986-12-24 00:00:00-05:00,5.774237688395278,5.811977878699233,5.661017498420408,5.73649787902832,137592,0.0,0.0
1986-12-26 00:00:00-05:00,5.774236251885309,5.811976432800293,5.774236251885309,5.811976432800293,82026,0.0,0.0
1986-12-29 00:00:00-05:00,5.811977878699233,5.887458640244144,5.73649787902832,5.73649787902832,159025,0.0,0.0
1986-12-30 00:00:00-05:00,5.736496398520296,5.811976378710901,5.698756217956543,5.698756217956543,303232,0.0,0.0
1986-12-31 00:00:00-05:00,5.69875713577627,5.736497322418311,5.547796389208107,5.585536956787109,355093,0.0,0.0
1987-01-02 00:00:00-05:00,5.698756217956543,5.736496398520296,5.5855360572021855,5.698756217956543,50803,0.0,0.0
1987-01-05 00:00:00-05:00,5.774238784961193,6.038419786321595,5.774238784961193,6.000679969787598,243432,0.0,0.0
1987-01-06 00:00:00-05:00,6.0384180787322475,6.302599005385576,6.0384180787322475,6.264859199523926,319637,0.0,0.0
1987-01-07 00:00:00-05:00,6.264858891178107,6.717739967660529,6.264858891178107,6.64225959777832,585031,0.0,0.0
1987-01-08 00:00:00-05:00,6.642260219508202,7.019661342370919,6.566780604434826,6.944180965423584,1021621,0.0,0.0
1987-01-09 00:00:00-05:00,6.944180258955717,6.944180258955717,6.642259543756312,6.755479335784912,376261,0.0,0.0
1987-01-12 00:00:00-05:00,6.755479335784912,6.830959705053234,6.717739913024634,6.755479335784912,441617,0.0,0.0
1987-01-13 00:00:00-05:00,6.755479335784912,6.830959705053234,6.717739913024634,6.755479335784912,131242,0.0,0.0
1987-01-14 00:00:00-05:00,6.755479659931106,6.868700981140137,6.680000048914951,6.868700981140137,224910,0.0,0.0
1987-01-15 00:00:00-05:00,6.868700264025667,7.20836114469539,6.642259168996625,6.679999351501465,1429634,0.0,0.0
1987-01-16 00:00:00-05:00,6.680002630299282,6.680002630299282,6.302601381881919,6.604522228240967,1129842,0.0,0.0
1987-01-19 00:00:00-05:00,6.604517142777497,6.830957412719727,6.529037560712505,6.830957412719727,549045,0.0,0.0
1987-01-20 00:00:00-05:00,6.830960017894195,7.246102067882436,6.830960017894195,7.019660949707031,817614,0.0,0.0
1987-01-21 00:00:00-05:00,6.981921153897252,6.981921153897252,6.755480023055245,6.944180965423584,560158,0.0,0.0
1987-01-22 00:00:00-05:00,6.944180151283227,7.208361439626109,6.7177398088631985,7.057400703430176,874768,0.0,0.0
1987-01-23 00:00:00-05:00,7.05740086057036,7.246101785016894,6.679999773551182,6.793219566345215,951766,0.0,0.0
1987-01-26 00:00:00-05:00,6.793218482707937,6.944179198184287,6.679998707974441,6.906439781188965,420449,0.0,0.0
1987-01-27 00:00:00-05:00,6.906443836474228,6.944183275629173,6.566782789086022,6.604522228240967,373880,0.0,0.0
1987-01-28 00:00:00-05:00,6.642259862469913,6.906441167585173,6.642259862469913,6.868700981140137,687960,0.0,0.0
1987-01-29 00:00:00-05:00,6.906440729108114,7.208361439626109,6.906440729108114,7.057400703430176,1055225,0.0,0.0
1987-01-30 00:00:00-05:00,7.1328806997943675,7.548022747039795,7.1328806997943675,7.548022747039795,1703495,0.0,0.0
1987-02-02 00:00:00-05:00,7.548021893843421,7.8122024049002095,7.472540768275134,7.7744622230529785,671819,0.0,0.0
1987-02-03 00:00:00-05:00,7.774461106986011,7.84994145984485,7.623500401268335,7.661240577697754,269363,0.0,0.0
1987-02-04 00:00:00-05:00,7.661241317129582,8.151862896191112,7.585761718859476,8.00090217590332,1073218,0.0,0.0
1987-02-05 00:00:00-05:00,8.000906359644816,8.755709593902965,7.774465922679304,8.453788757324219,2192476,0.0,0.0
1987-02-06 00:00:00-05:00,8.453785614936399,9.019886115985782,8.302824871824106,8.378304481506348,1021885,0.0,0.0
1987-02-09 00:00:00-05:00,8.378303089639676,8.378303089639676,8.114123356828497,8.265083312988281,386316,0.0,0.0
1987-02-10 00:00:00-05:00,8.265087012034428,8.453787994029653,7.623504435124775,7.925426006317139,831902,0.0,0.0
1987-02-11 00:00:00-05:00,7.925421740873833,8.265082563786468,7.887681564786462,8.07638168334961,2131618,0.0,0.0
1987-02-12 00:00:00-05:00,8.076379901598749,8.26508074040583,8.076379901598749,8.151860237121582,1075334,0.0,0.0
1987-02-13 00:00:00-05:00,8.151863479782513,8.717964697641298,8.114124058882592,8.604744911193848,1457946,0.0,0.0
1987-02-17 00:00:00-05:00,8.642483533992916,9.095364883658831,8.642483533992916,8.982144355773926,1510337,0.0,0.0
1987-02-18 00:00:00-05:00,8.982147652888816,9.435029168795865,8.831187655502458,8.94440746307373,1673860,0.0,0.0
1987-02-19 00:00:00-05:00,8.94440962592481,9.019889261932754,8.604748597329458,8.680228233337402,648535,0.0,0.0
1987-02-20 00:00:00-05:00,8.680224417602904,8.75570554417849,8.378303720669745,8.529264450073242,460933,0.0,0.0
1987-02-23 00:00:00-05:00,8.680228432415543,8.680228432415543,8.227347558484517,8.453788757324219,419391,0.0,0.0
1987-02-24 00:00:00-05:00,8.453788563439396,8.755709393093689,8.416047602624168,8.680228233337402,810205,0.0,0.0
1987-02-25 00:00:00-05:00,8.680228045606805,8.982149630605495,8.604748411231286,8.793449401855469,805178,0.0,0.0
1987-02-26 00:00:00-05:00,8.793444237839458,9.05762394582349,8.642483533992916,8.982144355773926,404838,0.0,0.0
1987-02-27 00:00:00-05:00,8.982147543040458,9.170848489808147,8.944407353686922,9.01988697052002,680816,0.0,0.0
1987-03-02 00:00:00-05:00,9.019889066856177,9.20859005748036,8.71796824373164,8.793449401855469,558041,0.0,0.0
1987-03-03 00:00:00-05:00,8.7934488903877,8.7934488903877,8.529267518879859,8.755708694458008,251899,0.0,0.0
1987-03-04 00:00:00-05:00,8.86892382788902,9.05762394582349,8.86892382788902,8.982144355773926,1035909,0.0,0.0
1987-03-05 00:00:00-05:00,8.982148208630827,9.019887638906935,8.529266664703167,8.831188201904297,636098,0.0,0.0
1987-03-06 00:00:00-05:00,8.831189790975806,8.868929228042692,8.491528762380455,8.680228233337402,733736,0.0,0.0
1987-03-09 00:00:00-05:00,8.6802249414093,8.831186441796374,8.340564041628497,8.717965126037598,309317,0.0,0.0
1987-03-10 00:00:00-05:00,8.717967736654206,8.868928520372972,8.604747910739242,8.755708694458008,305348,0.0,0.0
1987-03-11 00:00:00-05:00,8.755704131429201,8.755704131429201,8.453783483211506,8.56700325012207,270950,0.0,0.0
1987-03-12 00:00:00-05:00,8.56700859486988,8.56700859486988,8.227347558484517,8.453788757324219,667586,0.0,0.0
1987-03-13 00:00:00-05:00,8.416046223758578,8.416046223758578,7.849944856139793,8.114126205444336,588206,0.0,0.0
1987-03-16 00:00:00-05:00,7.698981662576995,7.698981662576995,7.397060977389894,7.623501300811768,865507,0.0,0.0
1987-03-17 00:00:00-05:00,7.623502815679896,7.736723380825823,7.132881128588172,7.698983192443848,1379095,0.0,0.0
1987-03-18 00:00:00-05:00,7.698980966557888,7.736721144028636,7.472539901733398,7.472539901733398,449291,0.0,0.0
1987-03-19 00:00:00-05:00,7.472540418938882,7.472540418938882,7.13287956006655,7.359320640563965,906520,0.0,0.0
1987-03-20 00:00:00-05:00,7.283840896696997,7.283840896696997,6.755479092704514,7.095139980316162,1535209,0.0,0.0
1987-03-23 00:00:00-05:00,7.019660949707031,7.019660949707031,6.680000034317842,7.019660949707031,864713,0.0,0.0
1987-03-24 00:00:00-05:00,7.019661187119856,7.397062301635742,6.981920999480873,7.397062301635742,910489,0.0,0.0
1987-03-25 00:00:00-05:00,7.4725420621519945,7.774463569207799,7.4725420621519945,7.698983192443848,881383,0.0,0.0
1987-03-26 00:00:00-05:00,7.698981322866945,7.925422398171133,7.585761547088623,7.585761547088623,516764,0.0,0.0
1987-03-27 00:00:00-05:00,7.510283295135911,7.510283295135911,7.057401779377234,7.1706223487854,520733,0.0,0.0
1987-03-30 00:00:00-05:00,6.830957412719727,6.830957412719727,6.113895669050101,6.830957412719727,1030352,0.0,0.0
1987-03-31 00:00:00-05:00,6.830957412719727,7.095137854631266,6.717737658685425,6.830957412719727,1152598,0.0,0.0
1987-04-01 00:00:00-05:00,6.8309604000025805,7.095140957444295,6.68000040798187,6.944180965423584,1138574,0.0,0.0
1987-04-02 00:00:00-05:00,7.170620837244941,7.7744622230529785,7.170620837244941,7.7744622230529785,1599507,0.0,0.0
1987-04-03 00:00:00-05:00,7.774461321499384,7.812201498970133,7.321579953724143,7.472539901733398,962879,0.0,0.0
1987-04-06 00:00:00-04:00,7.472541958178955,7.548023095766619,7.019661227644553,7.434802532196045,1166357,0.0,0.0
1987-04-07 00:00:00-04:00,7.434802188700133,7.849943474071647,7.434802188700133,7.548022747039795,1564844,0.0,0.0
1987-04-08 00:00:00-04:00,7.585761560395029,7.81220187422265,7.585761560395029,7.736721515655518,965261,0.0,0.0
1987-04-09 00:00:00-04:00,7.736723852373067,7.849944424419698,7.397062898107177,7.510283470153809,1148364,0.0,0.0
1987-04-10 00:00:00-04:00,7.510282391179318,7.510282391179318,6.944180374149948,7.2461018562316895,902021,0.0,0.0
1987-04-13 00:00:00-04:00,7.246101475294685,7.397061446525498,7.05740055891385,7.095139980316162,456700,0.0,0.0
1987-04-14 00:00:00-04:00,6.906439781188965,6.906439781188965,6.793218482707937,6.906439781188965,1188319,0.0,0.0
1987-04-15 00:00:00-04:00,6.944180009085349,7.246101475294685,6.944180009085349,7.095139980316162,749347,0.0,0.0
1987-04-16 00:00:00-04:00,7.170621485711254,7.397061835398665,7.170621485711254,7.2461018562316895,683197,0.0,0.0
1987-04-20 00:00:00-04:00,7.246103945359711,7.321583575767823,7.132882595062256,7.132882595062256,223587,0.0,0.0
1987-04-21 00:00:00-04:00,7.132879893523885,7.8122024049002095,7.095139711676654,7.7744622230529785,584501,0.0,0.0
1987-04-22 00:00:00-04:00,7.774463101845206,8.07638382887706,7.472541612939441,7.548022747039795,751729,0.0,0.0
1987-04-23 00:00:00-04:00,7.548021367871259,7.698981322866945,7.434800830219165,7.585761547088623,509355,0.0,0.0
1987-04-24 00:00:00-04:00,7.585762075690652,7.8499425867474395,7.548021893843421,7.7744622230529785,360121,0.0,0.0
1987-04-27 00:00:00-04:00,7.774465922679304,8.491528957130836,7.585765685520408,8.453788757324219,961292,0.0,0.0
1987-04-28 00:00:00-04:00,8.453788757324219,8.529268395063264,8.302827958097751,8.453788757324219,670761,0.0,0.0
1987-04-29 00:00:00-04:00,8.453788757324219,8.56700859486988,8.378307595836796,8.453788757324219,438971,0.0,0.0
1987-04-30 00:00:00-04:00,8.453787888894585,8.755708694458008,8.378306735161091,8.755708694458008,1420108,0.0,0.0
1987-05-01 00:00:00-04:00,8.755709203730632,9.170850621229677,8.680228045606805,8.793449401855469,1117670,0.0,0.0
1987-05-04 00:00:00-04:00,8.7934488903877,8.83118908631739,8.491528084824276,8.755708694458008,533169,0.0,0.0
1987-05-05 00:00:00-04:00,8.755703954531283,8.944404070152254,8.71796301715865,8.90666389465332,1298657,0.0,0.0
1987-05-06 00:00:00-04:00,8.906668716302663,8.906668716302663,8.642488106668933,8.755708694458008,593498,0.0,0.0
1987-05-07 00:00:00-04:00,8.755708694458008,8.83118908631739,8.56700771480955,8.755708694458008,439501,0.0,0.0
1987-05-08 00:00:00-04:00,8.831188202384814,9.208588600158691,8.831188202384814,9.208588600158691,1138309,0.0,0.0
1987-05-11 00:00:00-04:00,9.359549597372526,9.736950766238383,9.359549597372526,9.435029983520508,1349460,0.0,0.0
1987-05-12 00:00:00-04:00,9.435030015861921,9.736950799614723,9.397289822658564,9.661470413208008,647476,0.0,0.0
1987-05-13 00:00:00-04:00,9.661466581005238,9.661466581005238,9.397286095242492,9.510506629943848,488716,0.0,0.0
1987-05-14 00:00:00-04:00,9.585986664820412,9.85016792459071,9.585986664820412,9.623726844787598,633452,0.0,0.0
1987-05-15 00:00:00-04:00,9.51051036966849,9.51051036966849,9.246329018150552,9.435029983520508,699073,0.0,0.0
1987-05-18 00:00:00-04:00,9.435024796546017,9.510505141198124,9.133104179811228,9.47276496887207,968436,0.0,0.0
1987-05-19 00:00:00-04:00,9.4727676395182,9.812428524339232,9.208586358755515,9.321806907653809,636628,0.0,0.0
1987-05-20 00:00:00-04:00,9.170849014327676,9.170849014327676,8.831188052593173,9.05762767791748,493214,0.0,0.0
1987-05-21 00:00:00-04:00,9.133107602671052,9.472768519028293,9.133107602671052,9.24632740020752,552485,0.0,0.0
1987-05-22 00:00:00-04:00,9.208587754537174,9.208587754537174,9.05762699979107,9.133108139038086,460404,0.0,0.0
1987-05-26 00:00:00-04:00,9.133107602671052,9.24632740020752,8.944406670320408,9.24632740020752,452731,0.0,0.0
1987-05-27 00:00:00-04:00,9.246327943223699,9.246327943223699,9.05762699979107,9.133108139038086,784010,0.0,0.0
1987-05-28 00:00:00-04:00,9.133107602671052,9.284067586677649,9.095367416200922,9.24632740020752,451408,0.0,0.0
1987-05-29 00:00:00-04:00,9.246324825631666,9.435025705439841,8.982144355773926,8.982144355773926,473634,0.0,0.0
1987-06-01 00:00:00-04:00,8.982144355773926,9.05762394582349,8.680222948080845,8.982144355773926,539255,0.0,0.0
1987-06-02 00:00:00-04:00,8.906665611510125,8.906665611510125,8.416043997325023,8.604744911193848,386316,0.0,0.0
1987-06-03 00:00:00-04:00,8.604748597329458,8.793449592034747,8.604748597329458,8.680228233337402,153733,0.0,0.0
1987-06-04 00:00:00-04:00,8.680228233337402,8.755709393093689,8.5670083983884,8.680228233337402,362237,0.0,0.0
1987-06-05 00:00:00-04:00,8.6802249414093,8.793446257168076,8.378304226256796,8.717965126037598,315139,0.0,0.0
1987-06-08 00:00:00-04:00,8.71796824373164,8.831189599980304,8.642488609356123,8.793449401855469,395312,0.0,0.0
1987-06-09 00:00:00-04:00,8.982144355773926,9.133105059620467,8.982144355773926,8.982144355773926,573388,0.0,0.0
1987-06-10 00:00:00-04:00,8.982147543040458,9.01988697052002,8.982147543040458,9.01988697052002,1344168,0.0,0.0
1987-06-11 00:00:00-04:00,8.378304758326278,8.604745880476353,8.038643836975098,8.038643836975098,897523,0.0,0.0
1987-06-12 00:00:00-04:00,8.038644298776578,8.227345244742072,7.849944114685059,7.849944114685059,1161065,0.0,0.0
1987-06-15 00:00:00-04:00,7.849943474071647,8.038643642763839,7.434802188700133,7.548022747039795,1097296,0.0,0.0
1987-06-16 00:00:00-04:00,7.5480247715106055,7.887685775756836,7.434804182803823,7.887685775756836,501152,0.0,0.0
1987-06-17 00:00:00-04:00,7.887683009851351,8.151863528988498,7.887683009851351,7.963163375854492,576828,0.0,0.0
1987-06-18 00:00:00-04:00,8.000901331174866,8.227342387699096,8.000901331174866,8.07638168334961,446645,0.0,0.0
1987-06-19 00:00:00-04:00,8.114124288252398,8.416044235229492,8.114124288252398,8.416044235229492,376261,0.0,0.0
1987-06-22 00:00:00-04:00,8.49152660369873,8.60474640986545,8.378305273784056,8.49152660369873,311699,0.0,0.0
1987-06-23 00:00:00-04:00,8.491528957130836,8.491528957130836,8.302827958097751,8.453788757324219,219089,0.0,0.0
1987-06-24 00:00:00-04:00,8.3783078634249,8.491529228335027,8.038646816191374,8.189607620239258,227291,0.0,0.0
1987-06-25 00:00:00-04:00,8.151862832913286,8.151862832913286,7.774461796997128,7.812201976776123,461462,0.0,0.0
1987-06-26 00:00:00-04:00,7.736721144028636,7.736721144028636,7.359320131194892,7.472539901733398,989075,0.0,0.0
1987-06-29 00:00:00-04:00,7.472540768275134,7.7744622230529785,7.472540768275134,7.7744622230529785,174107,0.0,0.0
1987-06-30 00:00:00-04:00,7.774461694939084,7.774461694939084,7.585761560395029,7.736721515655518,303761,0.0,0.0
1987-07-01 00:00:00-04:00,7.736722915731986,7.736722915731986,7.510282560926574,7.548022747039795,307465,0.0,0.0
1987-07-02 00:00:00-04:00,7.5480247715106055,7.887685775756836,7.5480247715106055,7.887685775756836,211680,0.0,0.0
1987-07-06 00:00:00-04:00,8.340565050447394,8.378305239640493,7.774463736298861,7.849944114685059,799357,0.0,0.0
1987-07-07 00:00:00-04:00,7.698982729618765,7.849943474071647,7.472541612939441,7.548022747039795,817349,0.0,0.0
1987-07-08 00:00:00-04:00,7.397061251402095,7.434801433682733,7.208361101872742,7.32158088684082,776601,0.0,0.0
1987-07-09 00:00:00-04:00,7.283839776253395,7.548021018548632,7.246100360656384,7.472539901733398,571801,0.0,0.0
1987-07-10 00:00:00-04:00,7.58576172106138,7.58576172106138,7.321580460481063,7.359320640563965,347420,0.0,0.0
1987-07-13 00:00:00-04:00,7.359322258880026,7.736723380825823,7.283841882116075,7.698983192443848,382347,0.0,0.0
1987-07-14 00:00:00-04:00,7.887682397561267,8.038642355975268,7.812202037417372,8.00090217590332,565715,0.0,0.0
1987-07-15 00:00:00-04:00,8.00090217590332,8.227343256335006,7.925422577633215,8.00090217590332,366206,0.0,0.0
1987-07-16 00:00:00-04:00,8.302827958097751,8.453788757324219,8.265087758291134,8.453788757324219,1000188,0.0,0.0
1987-07-17 00:00:00-04:00,8.68022602668527,8.717966216032169,8.416045463130956,8.49152660369873,1037761,0.0,0.0
1987-07-20 00:00:00-04:00,8.45378758780122,8.45378758780122,8.189606225702564,8.227346420288086,204800,0.0,0.0
1987-07-21 00:00:00-04:00,8.151866031117041,8.45378758780122,8.114126598405603,8.227346420288086,774749,0.0,0.0
1987-07-22 00:00:00-04:00,8.189604314489886,8.416044667284421,8.189604314489886,8.378304481506348,185485,0.0,0.0
1987-07-23 00:00:00-04:00,8.45378758780122,8.45378758780122,8.189606225702564,8.227346420288086,637686,0.0,0.0
1987-07-24 00:00:00-04:00,8.2650857371567,8.340565356438047,8.189605356001351,8.302825927734375,229408,0.0,0.0
1987-07-27 00:00:00-04:00,8.227340572644414,8.26508074040583,7.963160160188041,8.151860237121582,292118,0.0,0.0
1987-07-28 00:00:00-04:00,8.151862896191112,8.265083436406954,7.84994221748932,8.00090217590332,623398,0.0,0.0
1987-07-29 00:00:00-04:00,7.925422577633215,8.114123477992955,7.925422577633215,8.00090217590332,621810,0.0,0.0
1987-07-30 00:00:00-04:00,8.114123477992955,8.114123477992955,7.698981497201529,8.00090217590332,659119,0.0,0.0
1987-07-31 00:00:00-04:00,8.038645833640155,8.0763860300392,7.774465220720956,7.925426006317139,210886,0.0,0.0
1987-08-03 00:00:00-04:00,7.849939656903792,8.227340572644414,7.736719153619542,8.151860237121582,652768,0.0,0.0
1987-08-04 00:00:00-04:00,8.22734407790034,8.491525364784565,8.151863710219134,8.416044235229492,379172,0.0,0.0
1987-08-05 00:00:00-04:00,8.416044667284421,8.453785614936399,8.340564295728274,8.378304481506348,581326,0.0,0.0
1987-08-06 00:00:00-04:00,8.717965126037598,8.717965126037598,8.340564041628497,8.717965126037598,830579,0.0,0.0
1987-08-07 00:00:00-04:00,8.71796824373164,8.906669234355823,8.71796824373164,8.793449401855469,865242,0.0,0.0
1987-08-10 00:00:00-04:00,8.793446358850119,8.831186543914823,8.604745433526606,8.642485618591309,364090,0.0,0.0
1987-08-11 00:00:00-04:00,8.642483602644923,8.717963193294063,8.227342425642949,8.56700325012207,352976,0.0,0.0
1987-08-12 00:00:00-04:00,8.189604314489886,8.567005410396714,8.114124704807645,8.378304481506348,828727,0.0,0.0
1987-08-13 00:00:00-04:00,8.453781579212913,8.453781579212913,8.151860237121582,8.151860237121582,414628,0.0,0.0
1987-08-14 00:00:00-04:00,8.1896073586779,8.529268395063264,8.151867158871283,8.453788757324219,578945,0.0,0.0
1987-08-17 00:00:00-04:00,8.453785614936399,8.453785614936399,8.340564295728274,8.378304481506348,159025,0.0,0.0
1987-08-18 00:00:00-04:00,8.340562910131284,8.378303089639676,8.114123356828497,8.265083312988281,437119,0.0,0.0
1987-08-19 00:00:00-04:00,8.1896029539715,8.416043269148068,8.000902056429544,8.265083312988281,288414,0.0,0.0
1987-08-20 00:00:00-04:00,8.453785086236145,8.453785086236145,8.227343985729346,8.340563774108887,857833,0.0,0.0
1987-08-21 00:00:00-04:00,8.416043997325023,8.604744911193848,8.378303814551257,8.604744911193848,1085918,0.0,0.0
1987-08-24 00:00:00-04:00,8.642484997125866,8.868925329357277,8.491525029596204,8.529264450073242,741409,0.0,0.0
1987-08-25 00:00:00-04:00,8.680225205857028,8.7179653916351,8.302824871824106,8.378304481506348,338159,0.0,0.0
1987-08-26 00:00:00-04:00,8.378307595836796,8.8311899935162,8.378307595836796,8.453788757324219,547987,0.0,0.0
1987-08-27 00:00:00-04:00,8.453786414351832,8.642486599212349,8.453786414351832,8.49152660369873,243697,0.0,0.0
1987-08-28 00:00:00-04:00,8.453785180943962,8.529264786751302,8.340563867548285,8.416044235229492,258779,0.0,0.0
1987-08-31 00:00:00-04:00,8.378303957526686,8.453785086236145,8.340563774108887,8.340563774108887,89170,0.0,0.0
1987-09-01 00:00:00-04:00,8.340564295728274,8.604745596174787,8.340564295728274,8.378304481506348,439501,0.0,0.0
1987-09-02 00:00:00-04:00,8.302824260994782,8.302824260994782,7.849942826849779,7.963163375854492,1021356,0.0,0.0
1987-09-03 00:00:00-04:00,7.887682910563723,7.887682910563723,6.868700267969482,7.2083611488342285,3466260,0.0,0.0
1987-09-04 00:00:00-04:00,7.321583575767823,7.359323771908937,6.9441823762308035,7.132882595062256,1678358,0.0,0.0
1987-09-08 00:00:00-04:00,7.019660744670383,7.321581464878229,6.981920559410165,7.2461018562316895,698544,0.0,0.0
1987-09-09 00:00:00-04:00,7.246101331360738,7.246101331360738,7.05740041872819,7.2083611488342285,419126,0.0,0.0
1987-09-10 00:00:00-04:00,7.397061686621116,7.472541293749531,7.246101710490408,7.283841133117676,763371,0.0,0.0
1987-09-11 00:00:00-04:00,7.2461016236750915,7.321581229899188,6.906440729108114,7.057400703430176,1533092,0.0,0.0
1987-09-14 00:00:00-04:00,7.0951402835857795,7.132880468475086,6.34033887142131,6.793219566345215,2205441,0.0,0.0
1987-09-15 00:00:00-04:00,6.830958883638667,6.906440005704358,6.642258745032709,6.717739105224609,735059,0.0,0.0
1987-09-16 00:00:00-04:00,6.68000040798187,7.095140957444295,6.604520031034534,6.944180965423584,805442,0.0,0.0
1987-09-17 00:00:00-04:00,7.05740041872819,7.246101331360738,6.868700267969482,7.2083611488342285,670761,0.0,0.0
1987-09-18 00:00:00-04:00,7.283841279618012,7.397061835398665,7.132880538577141,7.2461018562316895,593762,0.0,0.0
1987-09-21 00:00:00-04:00,7.132883518900748,7.132883518900748,6.566782789086022,6.604522228240967,894613,0.0,0.0
1987-09-22 00:00:00-04:00,6.642259588661876,6.868700697997715,6.491298849104649,6.793219566345215,1282516,0.0,0.0
1987-09-23 00:00:00-04:00,6.830961787807463,7.170623553077484,6.830961787807463,7.132882595062256,1305007,0.0,0.0
1987-09-24 00:00:00-04:00,7.05739916342539,7.2838394564335704,6.944178635984448,6.981918811798096,775807,0.0,0.0
1987-09-25 00:00:00-04:00,7.057402964654144,7.208363749218598,6.9441823762308035,7.132882595062256,425477,0.0,0.0
1987-09-28 00:00:00-04:00,7.208362284739258,7.359322276759969,6.868701350350208,6.944180965423584,836136,0.0,0.0
1987-09-29 00:00:00-04:00,6.944177928627655,6.981918100596964,6.755477068781108,6.830957412719727,787714,0.0,0.0
1987-09-30 00:00:00-04:00,6.830961787807463,7.170623553077484,6.755481395525236,7.132882595062256,585824,0.0,0.0
1987-10-01 00:00:00-04:00,7.208360682106146,7.3970608206468675,7.170620502023243,7.359320640563965,567038,0.0,0.0
1987-10-02 00:00:00-04:00,7.3593199281361175,7.698980754127173,7.3593199281361175,7.661240577697754,1022150,0.0,0.0
1987-10-05 00:00:00-04:00,7.84994221748932,8.114123477992955,7.736721677273477,8.00090217590332,1293100,0.0,0.0
1987-10-06 00:00:00-04:00,8.000902008766705,8.000902008766705,7.736721515655518,7.736721515655518,924248,0.0,0.0
1987-10-07 00:00:00-04:00,7.698983661690857,7.849944424419698,7.472542517597593,7.510283470153809,623927,0.0,0.0
1987-10-08 00:00:00-04:00,7.321580886840819,7.4725408540895355,7.132879975437632,7.32158088684082,713626,0.0,0.0
1987-10-09 00:00:00-04:00,7.283839776253395,7.585761196019381,7.283839776253395,7.472539901733398,255074,0.0,0.0
1987-10-12 00:00:00-04:00,7.4725419150397645,7.4725419150397645,7.246102312953753,7.397062301635742,209563,0.0,0.0
1987-10-13 00:00:00-04:00,7.472542517597593,7.661243471008646,7.434803088789387,7.510283470153809,373615,0.0,0.0
1987-10-14 00:00:00-04:00,7.472539901733398,7.585761196019381,7.321579953724143,7.472539901733398,353241,0.0,0.0
1987-10-15 00:00:00-04:00,7.3593216501384475,7.510282391179318,7.208361670971471,7.2461018562316895,691400,0.0,0.0
1987-10-16 00:00:00-04:00,7.170620504502215,7.283840282916273,6.491298024648911,6.717739105224609,1112114,0.0,0.0
1987-10-19 00:00:00-04:00,6.264857732956764,6.264857732956764,4.5665523911414265,4.868473052978516,1101530,0.0,0.0
1987-10-20 00:00:00-04:00,5.585536546669343,6.113897597115181,4.113672042260068,4.943954944610596,1627025,0.0,0.0
1987-10-21 00:00:00-04:00,5.585538246482227,6.076159643301856,5.359097455281995,5.434577465057373,1502663,0.0,0.0
1987-10-22 00:00:00-04:00,5.245875167490048,5.245875167490048,4.4910733550921185,4.679774284362793,897788,0.0,0.0
1987-10-23 00:00:00-04:00,4.679775179623289,4.830735190045201,4.604294031601254,4.717514991760254,694310,0.0,0.0
1987-10-26 00:00:00-05:00,4.41559418353301,4.453333995451947,3.6985320430178303,3.9249720573425293,798827,0.0,0.0
1987-10-27 00:00:00-05:00,4.453332593698132,4.528812574714566,3.924970821898576,4.000451564788818,878207,0.0,0.0
1987-10-28 00:00:00-05:00,3.8494894929290626,4.151410454083623,3.6607894159955223,4.075930118560791,591910,0.0,0.0
1987-10-29 00:00:00-05:00,4.226891327092369,4.642032881733504,4.226891327092369,4.491072177886963,628954,0.0,0.0
1987-10-30 00:00:00-05:00,5.434575757500858,5.434575757500858,4.8684737669023335,4.98169469833374,1131959,0.0,0.0
1987-11-02 00:00:00-05:00,5.057175159454346,5.094915346497745,4.868474224237351,5.057175159454346,508032,0.0,0.0
1987-11-03 00:00:00-05:00,4.943954170779972,4.943954170779972,4.6797733059698645,4.868473052978516,373880,0.0,0.0
1987-11-04 00:00:00-05:00,4.755253314971924,4.830733290502619,4.566552423802997,4.755253314971924,484218,0.0,0.0
1987-11-05 00:00:00-05:00,4.679774228043446,4.868474012232327,4.679774228043446,4.792994022369385,360121,0.0,0.0
1987-11-06 00:00:00-05:00,4.717514778277576,4.79299478007282,4.566554012813071,4.6042938232421875,371763,0.0,0.0
1987-11-09 00:00:00-05:00,4.453332905020208,4.491073088635204,4.226892184267157,4.302372932434082,341599,0.0,0.0
1987-11-10 00:00:00-05:00,4.189151707798354,4.189151707798354,4.000451564788818,4.000451564788818,838253,0.0,0.0
1987-11-11 00:00:00-05:00,4.11367182167296,4.226891986277739,3.8494909296792588,3.8872311115264893,506180,0.0,0.0
1987-11-12 00:00:00-05:00,4.226893412963568,4.264633226612049,4.03819320191004,4.113673210144043,608580,0.0,0.0
1987-11-13 00:00:00-05:00,4.151413404729565,4.151413404729565,4.075933015558521,4.113673210144043,243697,0.0,0.0
1987-11-16 00:00:00-05:00,4.189153702874586,4.3023746806627665,4.151413884861308,4.226893901824951,214326,0.0,0.0
1987-11-17 00:00:00-05:00,4.113673210144043,4.1891532183780456,4.03819320191004,4.113673210144043,239992,0.0,0.0
1987-11-18 00:00:00-05:00,4.113673210144043,4.1891532183780456,3.924972237216432,4.113673210144043,403250,0.0,0.0
1987-11-19 00:00:00-05:00,4.075931639825729,4.075931639825729,3.8872311115264893,3.8872311115264893,241580,0.0,0.0
1987-11-20 00:00:00-05:00,3.9249704066241855,4.038191318511963,3.774010460563362,4.038191318511963,522056,0.0,0.0
1987-11-23 00:00:00-05:00,4.000452823991477,4.000452823991477,3.84949205256763,3.9249720573425293,168021,0.0,0.0
1987-11-24 00:00:00-05:00,4.038191745765487,4.189151707798354,3.962711002875245,4.000451564788818,347949,0.0,0.0
1987-11-25 00:00:00-05:00,4.0759311145587365,4.151411468526012,3.9627105836078234,4.038191318511963,249518,0.0,0.0
1987-11-27 00:00:00-05:00,4.000451564788818,4.075931545805251,3.962711002875245,4.000451564788818,75676,0.0,0.0
1987-11-30 00:00:00-05:00,3.8494913648093827,3.9249713560988675,3.6985313822304122,3.7740113735198975,520997,0.0,0.0
1987-12-01 00:00:00-05:00,3.849491596221924,3.8872317846038995,3.736271412012976,3.849491596221924,253751,0.0,0.0
1987-12-02 00:00:00-05:00,3.8872329840416167,4.0381937841497155,3.811752583987567,3.9627130031585693,317785,0.0,0.0
1987-12-03 00:00:00-05:00,4.000452109262265,4.038192295375485,3.7362711874066767,3.7740113735198975,601436,0.0,0.0
1987-12-04 00:00:00-05:00,3.698531200738134,3.84949117590928,3.509830279431858,3.6230504512786865,923983,0.0,0.0
1987-12-07 00:00:00-05:00,3.5475704922478153,3.887231808868857,3.5475704922478153,3.6985316276550293,552485,0.0,0.0
1987-12-08 00:00:00-05:00,3.6985306302012964,3.8117504036458585,3.547569535506658,3.7362704277038574,453789,0.0,0.0
1987-12-09 00:00:00-05:00,3.660792545753661,4.151414003293693,3.62305196478954,3.9627130031585693,1149952,0.0,0.0
1987-12-10 00:00:00-05:00,3.6985295837569385,4.151410454083623,3.6985295837569385,4.075930118560791,618106,0.0,0.0
1987-12-11 00:00:00-05:00,4.075932064355906,4.226892426531247,4.075932064355906,4.189152240753174,657266,0.0,0.0
1987-12-14 00:00:00-05:00,4.226893140201442,4.415594100952148,4.226893140201442,4.415594100952148,838782,0.0,0.0
1987-12-15 00:00:00-05:00,4.491072177886963,4.528811972911745,4.415592206900546,4.491072177886963,833755,0.0,0.0
1987-12-16 00:00:00-05:00,4.491073074731533,5.019434881831899,4.491073074731533,4.98169469833374,1053637,0.0,0.0
1987-12-17 00:00:00-05:00,5.0571749392320555,5.094915124632002,4.717514032506442,4.792994022369385,1048345,0.0,0.0
1987-12-18 00:00:00-05:00,4.717513136738138,4.830733290502619,4.67977333944123,4.755253314971924,336571,0.0,0.0
1987-12-21 00:00:00-05:00,4.792993828189784,5.094914918220606,4.792993828189784,4.943954944610596,717595,0.0,0.0
1987-12-22 00:00:00-05:00,4.94395536019808,5.057175159454346,4.868474224237351,5.057175159454346,458287,0.0,0.0
1987-12-23 00:00:00-05:00,5.0949139476458924,5.208134096753571,4.981693798538214,5.019433975219727,707540,0.0,0.0
1987-12-24 00:00:00-05:00,4.9816951663045135,5.057175159454346,4.868474224237351,5.057175159454346,171725,0.0,0.0
1987-12-28 00:00:00-05:00,4.906213266033313,4.906213266033313,4.67977333944123,4.755253314971924,318578,0.0,0.0
1987-12-29 00:00:00-05:00,4.79299307798768,4.90621323094237,4.717513102996845,4.868473052978516,283122,0.0,0.0
1987-12-30 00:00:00-05:00,4.86847381499479,5.094914918220606,4.830734012060754,4.943954944610596,463050,0.0,0.0
1987-12-31 00:00:00-05:00,4.868473578339548,4.981694505385749,4.830733777240034,4.906213760375977,308259,0.0,0.0
1988-01-04 00:00:00-05:00,5.05717468089348,5.170394850372676,4.9816946948863245,5.132654666900635,272273,0.0,0.0
1988-01-05 00:00:00-05:00,5.283616281714739,5.3968360809710045,5.019435353347912,5.057175159454346,720506,0.0,0.0
1988-01-06 00:00:00-05:00,5.132655152604178,5.170395339647577,4.9816951663045135,5.057175159454346,692194,0.0,0.0
1988-01-07 00:00:00-05:00,4.226892184267157,4.340112735112148,4.151412197974095,4.302372932434082,5929686,0.0,0.0
1988-01-08 00:00:00-05:00,4.302372176460564,4.377852149490975,4.038191318511963,4.038191318511963,2729614,0.0,0.0
1988-01-11 00:00:00-05:00,4.075932064355906,4.264632231372367,4.000452073736713,4.189152240753174,631600,0.0,0.0
1988-01-12 00:00:00-05:00,4.226894022410646,4.226894022410646,3.9249728031315447,3.9627130031585693,510413,0.0,0.0
1988-01-13 00:00:00-05:00,3.9249720573425293,3.9249720573425293,3.6230512763688827,3.9249720573425293,1153921,0.0,0.0
1988-01-14 00:00:00-05:00,3.811750650405884,3.9249708121168205,3.774010850460174,3.811750650405884,138650,0.0,0.0
1988-01-15 00:00:00-05:00,3.9627107364667395,4.1891514261665,3.7362704277038574,3.7362704277038574,808882,0.0,0.0
1988-01-18 00:00:00-05:00,3.660791416186004,3.8872317846038995,3.660791416186004,3.849491596221924,411982,0.0,0.0
1988-01-19 00:00:00-05:00,3.8117506432106785,3.849490824022052,3.623050120090713,3.6607906818389893,624191,0.0,0.0
1988-01-20 00:00:00-05:00,3.660791016476879,3.811750991648025,3.585310267017431,3.6230504512786865,620222,0.0,0.0
1988-01-21 00:00:00-05:00,3.6230508694829315,3.774011623953164,3.5475704922478153,3.6985316276550293,859950,0.0,0.0
1988-01-22 00:00:00-05:00,3.6985313822304122,3.8494913648093827,3.6985313822304122,3.7740113735198975,308524,0.0,0.0
1988-01-25 00:00:00-05:00,3.8494908312884974,3.8494908312884974,3.7362706695775603,3.811750650405884,291060,0.0,0.0
1988-01-26 00:00:00-05:00,3.698531200738134,3.698531200738134,3.547570082756176,3.6230504512786865,1789754,0.0,0.0
1988-01-27 00:00:00-05:00,3.660791699516967,3.698531890819886,3.585310935974121,3.585310935974121,590852,0.0,0.0
1988-01-28 00:00:00-05:00,3.585310267017431,3.660791016476879,3.547570082756176,3.6230504512786865,561746,0.0,0.0
1988-01-29 00:00:00-05:00,3.6607909209235094,3.6985311041996765,3.5098301878188414,3.547569990158081,423360,0.0,0.0
1988-02-01 00:00:00-05:00,3.5475702802791247,3.585310466641692,3.5098304748535156,3.5098304748535156,378113,0.0,0.0
1988-02-02 00:00:00-05:00,3.5475702802791247,3.585310466641692,3.4720902884909486,3.5098304748535156,501946,0.0,0.0
1988-02-03 00:00:00-05:00,3.5098304369374107,3.5853104279101893,3.358870454991853,3.3966102600097656,412247,0.0,0.0
1988-02-04 00:00:00-05:00,3.434350675175104,3.472090482711792,3.3211297288171213,3.472090482711792,220941,0.0,0.0
1988-02-05 00:00:00-05:00,3.4720900045426744,3.547569990158081,3.3966100189272677,3.547569990158081,109015,0.0,0.0
1988-02-08 00:00:00-05:00,3.5098304748535156,3.585310466641692,3.4720902884909486,3.5098304748535156,123833,0.0,0.0
1988-02-09 00:00:00-05:00,3.585310474476298,3.585310474476298,3.4343504905700684,3.4343504905700684,228879,0.0,0.0
1988-02-10 00:00:00-05:00,3.434350932636463,3.585310935974121,3.3966107413335442,3.585310935974121,357475,0.0,0.0
1988-02-11 00:00:00-05:00,3.623050120090713,3.736270662524834,3.547569758467966,3.6607906818389893,301644,0.0,0.0
1988-02-12 00:00:00-05:00,3.6607904517618564,3.8494905820852985,3.6607904517618564,3.7362704277038574,268040,0.0,0.0
1988-02-16 00:00:00-05:00,3.6607904517618564,3.7362704277038574,3.623049892385538,3.7362704277038574,339217,0.0,0.0
1988-02-17 00:00:00-05:00,3.8494905820852985,3.8494905820852985,3.6985306302012964,3.7362704277038574,271215,0.0,0.0
1988-02-18 00:00:00-05:00,3.774010850460174,3.9249708121168205,3.7362706695775603,3.811750650405884,528671,0.0,0.0
1988-02-19 00:00:00-05:00,3.811751407839948,3.849491596221924,3.811751407839948,3.849491596221924,243167,0.0,0.0
1988-02-22 00:00:00-05:00,3.8117493251676464,4.113670286322207,3.8117493251676464,4.075930118560791,524173,0.0,0.0
1988-02-23 00:00:00-05:00,4.151413884861308,4.3023746806627665,4.0759334869605786,4.226893901824951,779512,0.0,0.0
1988-02-24 00:00:00-05:00,4.302372059952494,4.491072177886963,4.264631122117152,4.491072177886963,1175618,0.0,0.0
1988-02-25 00:00:00-05:00,4.52881289131327,4.717513809388254,4.264631986945224,4.302372932434082,1468001,0.0,0.0
1988-02-26 00:00:00-05:00,4.3023746806627665,4.340114498676045,4.151413884861308,4.226893901824951,370440,0.0,0.0
1988-02-29 00:00:00-05:00,4.226893563510237,4.377854347229004,4.226893563510237,4.377854347229004,433679,0.0,0.0
1988-03-01 00:00:00-05:00,4.491072122825593,4.491072122825593,4.415592152764575,4.45333194732666,551426,0.0,0.0
1988-03-02 00:00:00-05:00,4.491072177886963,4.56655214887338,4.453332001925328,4.491072177886963,491362,0.0,0.0
1988-03-03 00:00:00-05:00,4.528814369073659,4.604294379995987,4.340114151299312,4.377854347229004,627631,0.0,0.0
1988-03-04 00:00:00-05:00,4.415594507925812,4.415594507925812,4.302374301977198,4.340114116668701,232583,0.0,0.0
1988-03-07 00:00:00-05:00,4.340111854977276,4.528811972911745,4.264631122117152,4.491072177886963,409072,0.0,0.0
1988-03-08 00:00:00-05:00,4.566554030470798,4.604293841045846,4.491074028383692,4.52881383895874,526289,0.0,0.0
1988-03-09 00:00:00-05:00,4.604293150780616,4.717514089279974,4.5288131600093,4.679774284362793,635305,0.0,0.0
1988-03-10 00:00:00-05:00,4.792994798606137,4.868474800693243,4.453333836871634,4.52881383895874,840105,0.0,0.0
1988-03-11 00:00:00-05:00,4.453332001925328,4.56655214887338,4.340111854977276,4.491072177886963,545076,0.0,0.0
1988-03-14 00:00:00-05:00,4.52881383895874,4.642034794431925,4.491074028383692,4.52881383895874,448497,0.0,0.0
1988-03-15 00:00:00-05:00,4.453333836871634,4.566554030470798,4.453333836871634,4.52881383895874,217766,0.0,0.0
1988-03-16 00:00:00-05:00,4.491074229647847,4.830735206604004,4.491074229647847,4.830735206604004,771838,0.0,0.0
1988-03-17 00:00:00-05:00,4.8684728875568135,5.057173770964379,4.830733091812161,5.019433975219727,1260554,0.0,0.0
1988-03-18 00:00:00-05:00,5.057175659741578,5.321356614242825,4.981695659124795,5.170395851135254,1508220,0.0,0.0
1988-03-21 00:00:00-05:00,5.132655152604178,5.132655152604178,4.94395536019808,5.057175159454346,666792,0.0,0.0
1988-03-22 00:00:00-05:00,5.132654666900635,5.245874836379832,5.05717468089348,5.132654666900635,346361,0.0,0.0
1988-03-23 00:00:00-05:00,5.132655152604178,5.170395339647577,5.019435353347912,5.057175159454346,275978,0.0,0.0
1988-03-24 00:00:00-05:00,5.019435928269577,5.019435928269577,4.6042938232421875,4.6042938232421875,1002569,0.0,0.0
1988-03-25 00:00:00-05:00,4.604293841045846,4.6797749859439834,4.52881383895874,4.52881383895874,299792,0.0,0.0
1988-03-28 00:00:00-05:00,4.604293918891804,4.604293918891804,4.377853908802007,4.415594100952148,369911,0.0,0.0
1988-03-29 00:00:00-05:00,4.491074028383692,4.566554030470798,4.491074028383692,4.52881383895874,367265,0.0,0.0
1988-03-30 00:00:00-05:00,4.52881383895874,4.6797749859439834,4.453333836871634,4.52881383895874,292912,0.0,0.0
1988-03-31 00:00:00-05:00,4.528811972911745,4.528811972911745,4.377852030938911,4.491072177886963,243167,0.0,0.0
1988-04-04 00:00:00-04:00,4.491072122825593,4.528811917387679,4.415592152764575,4.45333194732666,205330,0.0,0.0
1988-04-05 00:00:00-04:00,4.45333194732666,4.528811917387679,4.415592152764575,4.45333194732666,104252,0.0,0.0
1988-04-06 00:00:00-04:00,4.491074554081023,4.528814369073659,4.340114151299312,4.377854347229004,410130,0.0,0.0
1988-04-07 00:00:00-04:00,4.453333912165273,4.528813915528538,4.377853908802007,4.415594100952148,393196,0.0,0.0
1988-04-08 00:00:00-04:00,4.453333912165273,4.453333912165273,4.415594100952148,4.415594100952148,220147,0.0,0.0
1988-04-11 00:00:00-04:00,4.453334498709635,4.642035484313965,4.453334498709635,4.642035484313965,510678,0.0,0.0
1988-04-12 00:00:00-04:00,4.604293150780616,4.755254275134109,4.604293150780616,4.679774284362793,579474,0.0,0.0
1988-04-13 00:00:00-04:00,4.717514089279974,4.755254275134109,4.642034098508658,4.679774284362793,361444,0.0,0.0
1988-04-14 00:00:00-04:00,4.528813915528538,4.604293918891804,4.3401137166518655,4.415594100952148,397429,0.0,0.0
1988-04-15 00:00:00-04:00,4.415594543158695,4.453334358151332,4.264633378502874,4.377854347229004,275449,0.0,0.0
1988-04-18 00:00:00-04:00,4.340112735112148,4.415593102342141,4.302372932434082,4.302372932434082,162994,0.0,0.0
1988-04-19 00:00:00-04:00,4.340114116668701,4.4910745182458705,4.340114116668701,4.340114116668701,179134,0.0,0.0
1988-04-20 00:00:00-04:00,4.340114151299312,4.377854347229004,4.302374336306676,4.377854347229004,114572,0.0,0.0
1988-04-21 00:00:00-04:00,4.340114151299312,4.415594543158695,4.302374336306676,4.377854347229004,260896,0.0,0.0
1988-04-22 00:00:00-04:00,4.340114116668701,4.415594507925812,4.302374301977198,4.340114116668701,120128,0.0,0.0
1988-04-25 00:00:00-04:00,4.264632231372367,4.264632231372367,4.1136722501339795,4.189152240753174,491627,0.0,0.0
1988-04-26 00:00:00-04:00,4.1891529480513015,4.453333912165273,4.1891529480513015,4.415594100952148,398752,0.0,0.0
1988-04-27 00:00:00-04:00,4.453333169237983,4.679774284362793,4.453333169237983,4.679774284362793,718389,0.0,0.0
1988-04-28 00:00:00-04:00,4.6042938232421875,4.642034776482332,4.528813821446944,4.6042938232421875,238669,0.0,0.0
1988-04-29 00:00:00-04:00,4.642034776482332,4.642034776482332,4.566554012813071,4.6042938232421875,187337,0.0,0.0
1988-05-02 00:00:00-04:00,4.6042938232421875,4.679774967848458,4.566554012813071,4.6042938232421875,207711,0.0,0.0
1988-05-03 00:00:00-04:00,4.6042938232421875,4.642034776482332,4.566554012813071,4.6042938232421875,167756,0.0,0.0
1988-05-04 00:00:00-04:00,4.566554235117533,4.868475018870334,4.566554235117533,4.830735206604004,589000,0.0,0.0
1988-05-05 00:00:00-04:00,4.868475002182166,4.868475002182166,4.679775179623289,4.717514991760254,330485,0.0,0.0
1988-05-06 00:00:00-04:00,4.717514032506442,4.83073420776933,4.717514032506442,4.792994022369385,183103,0.0,0.0
1988-05-09 00:00:00-04:00,4.717514032506442,4.792994022369385,4.717514032506442,4.792994022369385,221470,0.0,0.0
1988-05-10 00:00:00-04:00,4.792994022369385,4.83073420776933,4.755254217906388,4.792994022369385,263806,0.0,0.0
1988-05-11 00:00:00-04:00,4.755255694739495,4.792995510923294,4.604294525318965,4.642035484313965,171990,0.0,0.0
1988-05-12 00:00:00-04:00,4.6042938232421875,4.642034776482332,4.6042938232421875,4.6042938232421875,69854,0.0,0.0
1988-05-13 00:00:00-04:00,4.642034042643499,4.792994022369385,4.642034042643499,4.792994022369385,221999,0.0,0.0
1988-05-16 00:00:00-04:00,4.755255201134318,4.906215212073691,4.6042940473838625,4.830735206604004,227291,0.0,0.0
1988-05-17 00:00:00-04:00,4.906214197632273,4.981694949369113,4.792994022369385,4.792994022369385,400340,0.0,0.0
1988-05-18 00:00:00-04:00,4.755255201134318,4.981695979417432,4.7175150079309605,4.830735206604004,260366,0.0,0.0
1988-05-19 00:00:00-04:00,4.755254275134109,4.755254275134109,4.566553345863435,4.679774284362793,613078,0.0,0.0
1988-05-20 00:00:00-04:00,4.679774967848458,4.679774967848458,4.6042938232421875,4.6042938232421875,199508,0.0,0.0
1988-05-23 00:00:00-04:00,4.566554107678679,4.604293918891804,4.415594100952148,4.415594100952148,255868,0.0,0.0
1988-05-24 00:00:00-04:00,4.45333194732666,4.491072122825593,4.415592152764575,4.45333194732666,257720,0.0,0.0
1988-05-25 00:00:00-04:00,4.453333912165273,4.528813915528538,4.415594100952148,4.415594100952148,188924,0.0,0.0
1988-05-26 00:00:00-04:00,4.453332001925328,4.491072177886963,4.377852030938911,4.491072177886963,113249,0.0,0.0
1988-05-27 00:00:00-04:00,4.491074104315413,4.528813915528538,4.377853908802007,4.415594100952148,253751,0.0,0.0
1988-05-31 00:00:00-04:00,4.34011362649033,4.6042938232421875,4.34011362649033,4.6042938232421875,137592,0.0,0.0
1988-06-01 00:00:00-04:00,4.566554709135166,4.642035484313965,4.5288145120143,4.642035484313965,201625,0.0,0.0
1988-06-02 00:00:00-04:00,4.566553592681885,4.642034349406781,4.5288134047879245,4.566553592681885,189718,0.0,0.0
1988-06-03 00:00:00-04:00,4.528814369073659,4.566554565003351,4.377854347229004,4.377854347229004,438971,0.0,0.0
1988-06-06 00:00:00-04:00,4.377853817856457,4.6042938232421875,4.34011362649033,4.6042938232421875,370440,0.0,0.0
1988-06-07 00:00:00-04:00,4.52881383895874,4.604293841045846,4.52881383895874,4.52881383895874,130712,0.0,0.0
1988-06-08 00:00:00-04:00,4.528814041914176,4.830735206604004,4.453334036444489,4.830735206604004,568361,0.0,0.0
1988-06-09 00:00:00-04:00,4.755255184834245,4.79299499697121,4.679775179623289,4.717514991760254,171990,0.0,0.0
1988-06-10 00:00:00-04:00,4.679774537300742,4.7175143442577285,4.566553592681885,4.566553592681885,175959,0.0,0.0
1988-06-13 00:00:00-04:00,4.604293150780616,4.679774284362793,4.566553345863435,4.679774284362793,502211,0.0,0.0
1988-06-14 00:00:00-04:00,4.79299408005129,4.868474070822606,4.679774284362793,4.679774284362793,305348,0.0,0.0
1988-06-15 00:00:00-04:00,4.755255184834245,4.755255184834245,4.679775179623289,4.717514991760254,132565,0.0,0.0
1988-06-16 00:00:00-04:00,4.679774537300742,4.679774537300742,4.566553592681885,4.566553592681885,121451,0.0,0.0
1988-06-17 00:00:00-04:00,4.566554030470798,4.642034794431925,4.491074028383692,4.52881383895874,102665,0.0,0.0
1988-06-20 00:00:00-04:00,4.566552092886612,4.566552092886612,4.45333194732666,4.45333194732666,188395,0.0,0.0
1988-06-21 00:00:00-04:00,4.528813821446944,4.642034776482332,4.491074011017827,4.6042938232421875,149499,0.0,0.0
1988-06-22 00:00:00-04:00,4.679774537300742,4.679774537300742,4.566553592681885,4.566553592681885,199773,0.0,0.0
1988-06-23 00:00:00-04:00,4.528811972911745,4.604291943898161,4.453332001925328,4.491072177886963,140503,0.0,0.0
1988-06-24 00:00:00-04:00,4.528811917387679,4.528811917387679,4.415592152764575,4.45333194732666,76734,0.0,0.0
1988-06-27 00:00:00-04:00,4.453332001925328,4.528811972911745,4.453332001925328,4.491072177886963,87053,0.0,0.0
1988-06-28 00:00:00-04:00,4.5288140263902985,4.755255184834245,4.4910742142533335,4.717514991760254,219353,0.0,0.0
1988-06-29 00:00:00-04:00,4.755254969643702,4.9062149732341895,4.566554012813071,4.6042938232421875,1192552,0.0,0.0
1988-06-30 00:00:00-04:00,4.679775681434831,4.679775681434831,4.566554709135166,4.642035484313965,207976,0.0,0.0
1988-07-01 00:00:00-04:00,4.679773057695139,4.679773057695139,4.453332001925328,4.491072177886963,273596,0.0,0.0
1988-07-05 00:00:00-04:00,4.491072177886963,4.604291943898161,4.453332001925328,4.491072177886963,133623,0.0,0.0
1988-07-06 00:00:00-04:00,4.5288134047879245,4.679774537300742,4.5288134047879245,4.566553592681885,490568,0.0,0.0
1988-07-07 00:00:00-04:00,4.604294525318965,4.679775681434831,4.566554709135166,4.642035484313965,162994,0.0,0.0
1988-07-08 00:00:00-04:00,4.6042938232421875,4.755254969643702,4.6042938232421875,4.6042938232421875,840105,0.0,0.0
1988-07-11 00:00:00-04:00,4.6042933996388715,4.642034349406781,4.566553592681885,4.566553592681885,119070,0.0,0.0
1988-07-12 00:00:00-04:00,4.604291887448697,4.642032824821329,4.45333194732666,4.45333194732666,382082,0.0,0.0
1988-07-13 00:00:00-04:00,4.491074554081023,4.491074554081023,4.189153367580546,4.377854347229004,525231,0.0,0.0
1988-07-14 00:00:00-04:00,4.377852918727145,4.377852918727145,4.302372932434082,4.302372932434082,328104,0.0,0.0
1988-07-15 00:00:00-04:00,4.264631986945224,4.302372932434082,4.264631986945224,4.302372932434082,367529,0.0,0.0
1988-07-18 00:00:00-04:00,4.302372932434082,4.302372932434082,4.226892184267157,4.302372932434082,187601,0.0,0.0
1988-07-19 00:00:00-04:00,4.226893901824951,4.226893901824951,4.113673685910943,4.226893901824951,430504,0.0,0.0
1988-07-20 00:00:00-04:00,4.189153702874586,4.226893901824951,4.189153702874586,4.226893901824951,119599,0.0,0.0
1988-07-21 00:00:00-04:00,4.189150240908269,4.189150240908269,4.000450163974729,4.075930118560791,430769,0.0,0.0
1988-07-22 00:00:00-04:00,4.000451564788818,4.038191745765487,3.924970821898576,4.000451564788818,415422,0.0,0.0
1988-07-25 00:00:00-04:00,4.000451564788818,4.038191745765487,3.962711002875245,4.000451564788818,254545,0.0,0.0
1988-07-26 00:00:00-04:00,3.9627096152765415,4.151410454083623,3.9627096152765415,4.075930118560791,609374,0.0,0.0
1988-07-27 00:00:00-04:00,4.075933603239644,4.075933603239644,3.9627130031585693,3.9627130031585693,91287,0.0,0.0
1988-07-28 00:00:00-04:00,4.038193313514364,4.340114116668701,4.000453117885809,4.340114116668701,753316,0.0,0.0
1988-07-29 00:00:00-04:00,4.340113227192068,4.566553592681885,4.340113227192068,4.566553592681885,1087241,0.0,0.0
1988-08-01 00:00:00-04:00,4.566554030470798,4.642034794431925,4.453333836871634,4.52881383895874,345568,0.0,0.0
1988-08-02 00:00:00-04:00,4.453334358151332,4.491074554081023,4.340114151299312,4.377854347229004,273596,0.0,0.0
1988-08-03 00:00:00-04:00,4.3401137166518655,4.453333912165273,4.3401137166518655,4.415594100952148,161406,0.0,0.0
1988-08-04 00:00:00-04:00,4.415594507925812,4.453334322617315,4.302374301977198,4.340114116668701,169873,0.0,0.0
1988-08-05 00:00:00-04:00,4.302374336306676,4.377854347229004,4.302374336306676,4.377854347229004,118012,0.0,0.0
1988-08-08 00:00:00-04:00,4.415592152764575,4.528811917387679,4.415592152764575,4.45333194732666,143678,0.0,0.0
1988-08-09 00:00:00-04:00,4.415592855145165,4.415592855145165,4.264631748199463,4.264631748199463,127008,0.0,0.0
1988-08-10 00:00:00-04:00,4.264633344474539,4.377854312297257,4.226893529783036,4.340114116668701,164052,0.0,0.0
1988-08-11 00:00:00-04:00,4.3778519772656415,4.491072122825593,4.3401118017667075,4.45333194732666,237082,0.0,0.0
1988-08-12 00:00:00-04:00,4.45333194732666,4.45333194732666,4.3778519772656415,4.45333194732666,69590,0.0,0.0
1988-08-15 00:00:00-04:00,4.415594896576774,4.453334714590053,4.113673685910943,4.226893901824951,305613,0.0,0.0
1988-08-16 00:00:00-04:00,4.113672773289513,4.226892964085535,4.075932582711838,4.1514129638671875,215914,0.0,0.0
1988-08-17 00:00:00-04:00,4.189153702874586,4.226893901824951,4.113673685910943,4.226893901824951,123304,0.0,0.0
1988-08-18 00:00:00-04:00,4.189152773507861,4.226892964085535,4.1514129638671875,4.1514129638671875,114836,0.0,0.0
1988-08-19 00:00:00-04:00,4.189150240908269,4.226890408669686,4.075930118560791,4.075930118560791,196862,0.0,0.0
1988-08-22 00:00:00-04:00,4.075930118560791,4.151410454083623,4.038190331736145,4.075930118560791,156114,0.0,0.0
1988-08-23 00:00:00-04:00,4.113671726781921,4.113671726781921,3.962711002875245,4.000451564788818,112190,0.0,0.0
1988-08-24 00:00:00-04:00,4.0759311145587365,4.0759311145587365,4.000451141528325,4.038191318511963,111132,0.0,0.0
1988-08-25 00:00:00-04:00,4.0759311145587365,4.113671291542374,4.038191318511963,4.038191318511963,72765,0.0,0.0
1988-08-26 00:00:00-04:00,3.962711002875245,4.075931545805251,3.962711002875245,4.000451564788818,132565,0.0,0.0
1988-08-29 00:00:00-04:00,4.038191318511963,4.113671291542374,4.038191318511963,4.038191318511963,87053,0.0,0.0
1988-08-30 00:00:00-04:00,4.038192773071165,4.189152773507861,4.00045258249349,4.1514129638671875,206123,0.0,0.0
1988-08-31 00:00:00-04:00,4.151413404729565,4.226893412963568,4.075933015558521,4.113673210144043,262219,0.0,0.0
1988-09-01 00:00:00-04:00,4.113673210144043,4.151413404729565,4.075933015558521,4.113673210144043,117482,0.0,0.0
1988-09-02 00:00:00-04:00,4.189151766131976,4.264631748199463,4.151411965566688,4.264631748199463,211680,0.0,0.0
1988-09-06 00:00:00-04:00,4.226893529783036,4.377854312297257,4.226893529783036,4.340114116668701,210886,0.0,0.0
1988-09-07 00:00:00-04:00,4.340112735112148,4.340112735112148,4.302372932434082,4.302372932434082,114836,0.0,0.0
1988-09-08 00:00:00-04:00,4.302372932434082,4.340112735112148,4.264631986945224,4.302372932434082,126479,0.0,0.0
1988-09-09 00:00:00-04:00,4.264632951414566,4.415594100952148,4.264632951414566,4.415594100952148,354564,0.0,0.0
1988-09-12 00:00:00-04:00,4.415594100952148,4.453333912165273,4.3401137166518655,4.415594100952148,94991,0.0,0.0
1988-09-13 00:00:00-04:00,4.377854347229004,4.377854347229004,4.302374336306676,4.377854347229004,119335,0.0,0.0
1988-09-14 00:00:00-04:00,4.377854347229004,4.415594543158695,4.302374336306676,4.377854347229004,136534,0.0,0.0
1988-09-15 00:00:00-04:00,4.340114498676045,4.415594896576774,4.226893901824951,4.226893901824951,107163,0.0,0.0
1988-09-16 00:00:00-04:00,4.226893901824951,4.26463371983823,4.226893901824951,4.226893901824951,245020,0.0,0.0
1988-09-19 00:00:00-04:00,4.226893901824951,4.26463371983823,4.189153702874586,4.226893901824951,108751,0.0,0.0
1988-09-20 00:00:00-04:00,4.264633378502874,4.377854347229004,4.264633378502874,4.377854347229004,108486,0.0,0.0
1988-09-21 00:00:00-04:00,4.3401137166518655,4.453333912165273,4.3401137166518655,4.415594100952148,114307,0.0,0.0
1988-09-22 00:00:00-04:00,4.453332001925328,4.491072177886963,4.453332001925328,4.491072177886963,241315,0.0,0.0
1988-09-23 00:00:00-04:00,4.491074554081023,4.528814369073659,4.377854347229004,4.377854347229004,267511,0.0,0.0
1988-09-26 00:00:00-04:00,4.340112735112148,4.415593102342141,4.302372932434082,4.302372932434082,165640,0.0,0.0
1988-09-27 00:00:00-04:00,4.340114498676045,4.340114498676045,4.189153702874586,4.226893901824951,89170,0.0,0.0
1988-09-28 00:00:00-04:00,4.264631748199463,4.3023726915754805,4.226891947634175,4.264631748199463,78851,0.0,0.0
1988-09-29 00:00:00-04:00,4.189153702874586,4.3023746806627665,4.151413884861308,4.226893901824951,177811,0.0,0.0
1988-09-30 00:00:00-04:00,4.189152240753174,4.264632231372367,4.189152240753174,4.189152240753174,276507,0.0,0.0
1988-10-03 00:00:00-04:00,4.226893563510237,4.377854347229004,4.226893563510237,4.377854347229004,226498,0.0,0.0
1988-10-04 00:00:00-04:00,4.377852673642967,4.415592855145165,4.264631748199463,4.264631748199463,174371,0.0,0.0
1988-10-05 00:00:00-04:00,4.3023746806627665,4.3023746806627665,4.189153702874586,4.226893901824951,130448,0.0,0.0
1988-10-06 00:00:00-04:00,4.151410454083623,4.151410454083623,4.075930118560791,4.075930118560791,243697,0.0,0.0
1988-10-07 00:00:00-04:00,4.113671291542374,4.151411468526012,4.038191318511963,4.038191318511963,246872,0.0,0.0
1988-10-10 00:00:00-04:00,4.038191318511963,4.038191318511963,4.000451141528325,4.038191318511963,89435,0.0,0.0
1988-10-11 00:00:00-04:00,4.0381937841497155,4.075933603239644,3.9249728031315447,3.9627130031585693,210357,0.0,0.0
1988-10-12 00:00:00-04:00,3.924971592048896,3.9627117804308716,3.7740116003949518,3.849491596221924,333131,0.0,0.0
1988-10-13 00:00:00-04:00,3.8494916202512988,3.8494916202512988,3.5475704922478153,3.6985316276550293,1031940,0.0,0.0
1988-10-14 00:00:00-04:00,3.736271435335606,3.774011623953164,3.6230508694829315,3.6985316276550293,347684,0.0,0.0
1988-10-17 00:00:00-04:00,3.6230508694829315,3.774011623953164,3.6230508694829315,3.6985316276550293,690871,0.0,0.0
1988-10-18 00:00:00-04:00,3.6985316276550293,3.774011623953164,3.660791439037471,3.6985316276550293,134946,0.0,0.0
1988-10-19 00:00:00-04:00,3.736270906538916,3.736270906538916,3.4720900045426744,3.547569990158081,780570,0.0,0.0
1988-10-20 00:00:00-04:00,3.6607911961171915,3.8494913648093827,3.6607911961171915,3.7740113735198975,733736,0.0,0.0
1988-10-21 00:00:00-04:00,3.6985313822304122,3.7740113735198975,3.6607911961171915,3.7740113735198975,405896,0.0,0.0
1988-10-24 00:00:00-04:00,3.7740106061432974,3.7740106061432974,3.6607904517618564,3.7362704277038574,281534,0.0,0.0
1988-10-25 00:00:00-04:00,3.774011623953164,3.774011623953164,3.660791439037471,3.6985316276550293,57154,0.0,0.0
1988-10-26 00:00:00-04:00,3.7362704277038574,3.7740106061432974,3.6607904517618564,3.7362704277038574,720241,0.0,0.0
1988-10-27 00:00:00-04:00,3.774011623953164,3.774011623953164,3.6230508694829315,3.6985316276550293,242638,0.0,0.0
1988-10-28 00:00:00-04:00,3.7362704277038574,3.7740106061432974,3.6607904517618564,3.7362704277038574,328369,0.0,0.0
1988-10-31 00:00:00-05:00,3.660791439037471,3.6985316276550293,3.6230508694829315,3.6985316276550293,212209,0.0,0.0
1988-11-01 00:00:00-05:00,3.6985316276550293,3.6985316276550293,3.660791439037471,3.6985316276550293,239463,0.0,0.0
1988-11-02 00:00:00-05:00,3.7362704277038574,3.7362704277038574,3.6607904517618564,3.7362704277038574,187337,0.0,0.0
1988-11-03 00:00:00-05:00,3.6985308626503626,3.736270662524834,3.6607906818389893,3.6607906818389893,142090,0.0,0.0
1988-11-04 00:00:00-05:00,3.6230504512786865,3.6230504512786865,3.585310267017431,3.6230504512786865,288149,0.0,0.0
1988-11-07 00:00:00-05:00,3.62305112727704,3.62305112727704,3.585310935974121,3.585310935974121,242903,0.0,0.0
1988-11-08 00:00:00-05:00,3.660791439037471,3.774011623953164,3.6230508694829315,3.6985316276550293,228350,0.0,0.0
1988-11-09 00:00:00-05:00,3.6607906818389893,3.736270662524834,3.623050120090713,3.6607906818389893,286562,0.0,0.0
1988-11-10 00:00:00-05:00,3.6985316276550293,3.736271435335606,3.6985316276550293,3.6985316276550293,60064,0.0,0.0
1988-11-11 00:00:00-05:00,3.7362704277038574,3.7362704277038574,3.6985306302012964,3.7362704277038574,141032,0.0,0.0
1988-11-14 00:00:00-05:00,3.6985308626503626,3.736270662524834,3.6607906818389893,3.6607906818389893,206123,0.0,0.0
1988-11-15 00:00:00-05:00,3.660791439037471,3.6985316276550293,3.660791439037471,3.6985316276550293,53449,0.0,0.0
1988-11-16 00:00:00-05:00,3.6607909209235094,3.6985311041996765,3.547569990158081,3.547569990158081,166963,0.0,0.0
1988-11-17 00:00:00-05:00,3.5475707446712024,3.62305112727704,3.5475707446712024,3.585310935974121,57418,0.0,0.0
1988-11-18 00:00:00-05:00,3.585310267017431,3.660791016476879,3.585310267017431,3.6230504512786865,354299,0.0,0.0
1988-11-21 00:00:00-05:00,3.623050356710415,3.6607909209235094,3.547569990158081,3.547569990158081,276772,0.0,0.0
1988-11-22 00:00:00-05:00,3.5475702802791247,3.6607912203037856,3.5098304748535156,3.5098304748535156,156379,0.0,0.0
1988-11-23 00:00:00-05:00,3.585310173434248,3.585310173434248,3.5098301878188414,3.547569990158081,93668,0.0,0.0
1988-11-25 00:00:00-05:00,3.509830934305292,3.585310935974121,3.509830934305292,3.585310935974121,90229,0.0,0.0
1988-11-28 00:00:00-05:00,3.5475702802791247,3.5475702802791247,3.5098304748535156,3.5098304748535156,102400,0.0,0.0
1988-11-29 00:00:00-05:00,3.5098304748535156,3.5475702802791247,3.5098304748535156,3.5098304748535156,211151,0.0,0.0
1988-11-30 00:00:00-05:00,3.509830934305292,3.62305112727704,3.472090743002373,3.585310935974121,434473,0.0,0.0
1988-12-01 00:00:00-05:00,3.6230508468670495,3.924971592048896,3.5853106584850742,3.849491596221924,314874,0.0,0.0
1988-12-02 00:00:00-05:00,3.8494913648093827,3.8494913648093827,3.7362711874066767,3.7740113735198975,171196,0.0,0.0
1988-12-05 00:00:00-05:00,3.7740113735198975,4.000452109262265,3.7740113735198975,3.7740113735198975,531052,0.0,0.0
1988-12-06 00:00:00-05:00,3.7740113735198975,3.7740113735198975,3.6985313822304122,3.7740113735198975,279153,0.0,0.0
1988-12-07 00:00:00-05:00,3.811750650405884,3.8872310121711107,3.774010850460174,3.811750650405884,195804,0.0,0.0
1988-12-08 00:00:00-05:00,3.811751178696162,3.8494913648093827,3.7740113735198975,3.7740113735198975,50274,0.0,0.0
1988-12-09 00:00:00-05:00,3.6985316045679797,3.8872317846038995,3.6985316045679797,3.849491596221924,197921,0.0,0.0
1988-12-12 00:00:00-05:00,3.8494913648093827,3.887231550922603,3.7740113735198975,3.7740113735198975,170402,0.0,0.0
1988-12-13 00:00:00-05:00,3.849491596221924,3.8872317846038995,3.811751407839948,3.849491596221924,223058,0.0,0.0
1988-12-14 00:00:00-05:00,3.8494908312884974,3.8872310121711107,3.811750650405884,3.811750650405884,239463,0.0,0.0
1988-12-15 00:00:00-05:00,3.8494927840145916,4.000453584122691,3.8494927840145916,3.9627130031585693,360914,0.0,0.0
1988-12-16 00:00:00-05:00,3.9249720573425293,3.9627122501984915,3.8872322454235917,3.9249720573425293,329162,0.0,0.0
1988-12-19 00:00:00-05:00,3.9249704066241855,4.038191318511963,3.9249704066241855,4.038191318511963,225968,0.0,0.0
1988-12-20 00:00:00-05:00,4.038191318511963,4.151411468526012,3.9627105836078234,4.038191318511963,501152,0.0,0.0
1988-12-21 00:00:00-05:00,4.000450163974729,4.075930118560791,4.000450163974729,4.075930118560791,236023,0.0,0.0
1988-12-22 00:00:00-05:00,4.000450163974729,4.075930118560791,4.000450163974729,4.075930118560791,188660,0.0,0.0
1988-12-23 00:00:00-05:00,4.151412435912053,4.226892426531247,4.1136722501339795,4.189152240753174,273596,0.0,0.0
1988-12-27 00:00:00-05:00,4.151413404729565,4.1891532183780456,4.113673210144043,4.113673210144043,132300,0.0,0.0
1988-12-28 00:00:00-05:00,4.151413136838177,4.491074104315413,4.113672944688036,4.415594100952148,541901,0.0,0.0
1988-12-29 00:00:00-05:00,4.415592152764575,4.566552092886612,4.302372007204623,4.45333194732666,688225,0.0,0.0
1988-12-30 00:00:00-05:00,4.491072122825593,4.491072122825593,4.415592152764575,4.45333194732666,383141,0.0,0.0
1989-01-03 00:00:00-05:00,4.453333912165273,4.491074104315413,4.377853908802007,4.415594100952148,250576,0.0,0.0
1989-01-04 00:00:00-05:00,4.41559360297999,4.566553592681885,4.377853415086029,4.566553592681885,378907,0.0,0.0
1989-01-05 00:00:00-05:00,4.491072122825593,4.604291887448697,4.3778519772656415,4.45333194732666,349007,0.0,0.0
1989-01-06 00:00:00-05:00,4.377854697626409,4.453334714590053,4.189153702874586,4.226893901824951,363825,0.0,0.0
1989-01-09 00:00:00-05:00,4.189153702874586,4.377854697626409,4.151413884861308,4.226893901824951,508032,0.0,0.0
1989-01-10 00:00:00-05:00,4.189151707798354,4.189151707798354,3.962711002875245,4.000451564788818,667850,0.0,0.0
1989-01-11 00:00:00-05:00,4.038190331736145,4.113670286322207,4.000450163974729,4.075930118560791,622868,0.0,0.0
1989-01-12 00:00:00-05:00,4.075931545805251,4.113671726781921,3.962711002875245,4.000451564788818,504063,0.0,0.0
1989-01-13 00:00:00-05:00,4.000453584122691,4.0381937841497155,3.9249728031315447,3.9627130031585693,351389,0.0,0.0
1989-01-16 00:00:00-05:00,3.9627096152765415,4.075930118560791,3.9627096152765415,4.075930118560791,91816,0.0,0.0
1989-01-17 00:00:00-05:00,4.075932828766377,4.075932828766377,3.8872322454235917,3.9249720573425293,123039,0.0,0.0
1989-01-18 00:00:00-05:00,3.924970821898576,4.038191745765487,3.8872310218588115,4.000451564788818,184162,0.0,0.0
1989-01-19 00:00:00-05:00,3.9627096152765415,4.113670286322207,3.9627096152765415,4.075930118560791,436590,0.0,0.0
1989-01-20 00:00:00-05:00,4.113672773289513,4.226892964085535,4.075932582711838,4.1514129638671875,310376,0.0,0.0
1989-01-23 00:00:00-05:00,4.226892964085535,4.264632773726209,4.075932582711838,4.1514129638671875,224116,0.0,0.0
1989-01-24 00:00:00-05:00,4.075933015558521,4.226893412963568,4.075933015558521,4.113673210144043,307465,0.0,0.0
1989-01-25 00:00:00-05:00,4.113672773289513,4.189152773507861,4.075932582711838,4.1514129638671875,188924,0.0,0.0
1989-01-26 00:00:00-05:00,4.151412435912053,4.226892426531247,4.038192259514786,4.189152240753174,449820,0.0,0.0
1989-01-27 00:00:00-05:00,4.151410454083623,4.189150240908269,4.075930118560791,4.075930118560791,275184,0.0,0.0
1989-01-30 00:00:00-05:00,4.151411965566688,4.264631748199463,4.075931602562291,4.264631748199463,259837,0.0,0.0
1989-01-31 00:00:00-05:00,4.226893563510237,4.377854347229004,4.226893563510237,4.377854347229004,270686,0.0,0.0
1989-02-01 00:00:00-05:00,4.377854697626409,4.377854697626409,4.226893901824951,4.226893901824951,172255,0.0,0.0
1989-02-02 00:00:00-05:00,4.189151766131976,4.264631748199463,4.151411965566688,4.264631748199463,150028,0.0,0.0
1989-02-03 00:00:00-05:00,4.226892426531247,4.264632231372367,4.189152240753174,4.189152240753174,167492,0.0,0.0
1989-02-06 00:00:00-05:00,4.189152773507861,4.226892964085535,4.1514129638671875,4.1514129638671875,82291,0.0,0.0
1989-02-07 00:00:00-05:00,4.189152773507861,4.264632773726209,4.1514129638671875,4.1514129638671875,325458,0.0,0.0
1989-02-08 00:00:00-05:00,4.151413404729565,4.151413404729565,4.075933015558521,4.113673210144043,123833,0.0,0.0
1989-02-09 00:00:00-05:00,4.075930118560791,4.113670286322207,4.038190331736145,4.075930118560791,585031,0.0,0.0
1989-02-10 00:00:00-05:00,4.038191318511963,4.038191318511963,3.9627105836078234,4.038191318511963,392666,0.0,0.0
1989-02-13 00:00:00-05:00,4.000453584122691,4.000453584122691,3.8872329840416167,3.9627130031585693,168021,0.0,0.0
1989-02-14 00:00:00-05:00,3.9627130031585693,4.000453584122691,3.9249728031315447,3.9627130031585693,135211,0.0,0.0
1989-02-15 00:00:00-05:00,3.9249720573425293,3.9627122501984915,3.8872322454235917,3.9249720573425293,132300,0.0,0.0
1989-02-16 00:00:00-05:00,3.9249728031315447,4.0381937841497155,3.9249728031315447,3.9627130031585693,247136,0.0,0.0
1989-02-17 00:00:00-05:00,4.000451564788818,4.000451564788818,3.962711002875245,4.000451564788818,146324,0.0,0.0
1989-02-21 00:00:00-05:00,3.9627122501984915,4.000452823991477,3.8872322454235917,3.9249720573425293,132035,0.0,0.0
1989-02-22 00:00:00-05:00,3.9249708121168205,3.9249708121168205,3.811750650405884,3.811750650405884,178340,0.0,0.0
1989-02-23 00:00:00-05:00,3.774010850460174,3.8494908312884974,3.774010850460174,3.811750650405884,131506,0.0,0.0
1989-02-24 00:00:00-05:00,3.811751431633741,3.8494916202512988,3.6985316276550293,3.6985316276550293,107957,0.0,0.0
1989-02-27 00:00:00-05:00,3.6985316276550293,3.774011623953164,3.660791439037471,3.6985316276550293,203213,0.0,0.0
1989-02-28 00:00:00-05:00,3.6985308626503626,3.8117506432106785,3.6607906818389893,3.6607906818389893,177017,0.0,0.0
1989-03-01 00:00:00-05:00,3.7362704277038574,3.7740106061432974,3.6985306302012964,3.7362704277038574,150822,0.0,0.0
1989-03-02 00:00:00-05:00,3.6985306302012964,3.7362704277038574,3.6607904517618564,3.7362704277038574,71971,0.0,0.0
1989-03-03 00:00:00-05:00,3.7362711874066767,3.7740113735198975,3.6607911961171915,3.7740113735198975,103723,0.0,0.0
1989-03-06 00:00:00-05:00,3.7740118924887147,3.7740118924887147,3.5475707446712024,3.585310935974121,737705,0.0,0.0
1989-03-07 00:00:00-05:00,3.5853106671958153,3.5853106671958153,3.434350675175104,3.472090482711792,558835,0.0,0.0
1989-03-08 00:00:00-05:00,3.4720900045426744,3.623050356710415,3.4343502022034347,3.547569990158081,415422,0.0,0.0
1989-03-09 00:00:00-05:00,3.585310466641692,3.6230506530042597,3.5098304748535156,3.5098304748535156,709922,0.0,0.0
1989-03-10 00:00:00-05:00,3.472090296078146,3.472090296078146,3.3588704986169535,3.4343504905700684,618899,0.0,0.0
1989-03-13 00:00:00-05:00,3.4343504830653395,3.5098304748535156,3.3588704912771634,3.5098304748535156,476809,0.0,0.0
1989-03-14 00:00:00-05:00,3.472090008063906,3.509830191378348,3.283389091491699,3.283389091491699,1176147,0.0,0.0
1989-03-15 00:00:00-05:00,3.3211295604705815,3.3211295604705815,3.245649568286272,3.321129560470581,416480,0.0,0.0
1989-03-16 00:00:00-05:00,3.245649568286272,3.3588705089051376,3.207909381725637,3.321129560470581,462521,0.0,0.0
1989-03-17 00:00:00-05:00,3.3211297288171213,3.5475704787221476,3.207909544333098,3.472090482711792,454318,0.0,0.0
1989-03-20 00:00:00-05:00,3.472089873080779,3.8872311115264893,3.4343500721704614,3.8872311115264893,805707,0.0,0.0
1989-03-21 00:00:00-05:00,3.9249713560988675,4.07593210055175,3.7362711874066767,3.7740113735198975,1293894,0.0,0.0
1989-03-22 00:00:00-05:00,3.7740118924887147,3.7740118924887147,3.5475707446712024,3.585310935974121,410924,0.0,0.0
1989-03-23 00:00:00-05:00,3.62305112727704,3.660791699516967,3.5475707446712024,3.585310935974121,359327,0.0,0.0
1989-03-27 00:00:00-05:00,3.547569990158081,3.623050356710415,3.5098301878188414,3.547569990158081,134681,0.0,0.0
1989-03-28 00:00:00-05:00,3.623050356710415,3.623050356710415,3.4720900045426744,3.547569990158081,147118,0.0,0.0
1989-03-29 00:00:00-05:00,3.509830482523183,3.547570288031261,3.3588704986169535,3.4343504905700684,439765,0.0,0.0
1989-03-30 00:00:00-05:00,3.434350010859522,3.434350010859522,3.358870029449463,3.358870029449463,309582,0.0,0.0
1989-03-31 00:00:00-05:00,3.3588704912771634,3.5098304748535156,3.3588704912771634,3.5098304748535156,354564,0.0,0.0
1989-04-03 00:00:00-04:00,3.5475704787221476,3.5475704787221476,3.3966104867014364,3.472090482711792,281534,0.0,0.0
1989-04-04 00:00:00-04:00,3.547569758467966,3.736270662524834,3.509829958593495,3.6607906818389893,1199961,0.0,0.0
1989-04-05 00:00:00-04:00,3.585310267017431,3.698531200738134,3.509830279431858,3.6230504512786865,299527,0.0,0.0
1989-04-06 00:00:00-04:00,3.6230488672973347,4.075930118560791,3.5853086995359185,4.075930118560791,1649252,0.0,0.0
1989-04-07 00:00:00-04:00,4.03819320191004,4.226893412963568,3.9627124318019544,4.113673210144043,1501340,0.0,0.0
1989-04-10 00:00:00-04:00,4.189152773507861,4.377853726396234,4.038192773071165,4.1514129638671875,1183820,0.0,0.0
1989-04-11 00:00:00-04:00,4.075932582711838,4.264632773726209,4.075932582711838,4.1514129638671875,678170,0.0,0.0
1989-04-12 00:00:00-04:00,4.075932828766377,4.113673021622339,3.84949205256763,3.9249720573425293,690871,0.0,0.0
1989-04-13 00:00:00-04:00,3.9249720573425293,4.000452823991477,3.8872322454235917,3.9249720573425293,308259,0.0,0.0
1989-04-14 00:00:00-04:00,3.9627122501984915,3.9627122501984915,3.84949205256763,3.9249720573425293,311699,0.0,0.0
1989-04-17 00:00:00-04:00,3.8872310121711107,3.8872310121711107,3.811750650405884,3.811750650405884,350595,0.0,0.0
1989-04-18 00:00:00-04:00,3.849491596221924,3.8872317846038995,3.811751407839948,3.849491596221924,285503,0.0,0.0
1989-04-19 00:00:00-04:00,3.774010859865709,4.000451564788818,3.774010859865709,4.000451564788818,542959,0.0,0.0
1989-04-20 00:00:00-04:00,3.887231808868857,3.887231808868857,3.6230508694829315,3.6985316276550293,1240180,0.0,0.0
1989-04-21 00:00:00-04:00,3.698531890819886,3.698531890819886,3.509830934305292,3.585310935974121,951502,0.0,0.0
1989-04-24 00:00:00-04:00,3.547569535506658,3.7362704277038574,3.509829738004097,3.7362704277038574,859950,0.0,0.0
1989-04-25 00:00:00-04:00,3.774011188323707,3.811750991648025,3.6230504512786865,3.6230504512786865,575770,0.0,0.0
1989-04-26 00:00:00-04:00,3.62305112727704,3.698531890819886,3.509830934305292,3.585310935974121,648799,0.0,0.0
1989-04-27 00:00:00-04:00,3.6230506530042597,3.6230506530042597,3.4720902884909486,3.5098304748535156,445586,0.0,0.0
1989-04-28 00:00:00-04:00,3.5098304748535156,3.5098304748535156,3.4343504830653395,3.5098304748535156,732413,0.0,0.0
1989-05-01 00:00:00-04:00,3.509830279431858,3.6230504512786865,3.472090095170603,3.6230504512786865,338423,0.0,0.0
1989-05-02 00:00:00-04:00,3.623050356710415,3.623050356710415,3.5098301878188414,3.547569990158081,126743,0.0,0.0
1989-05-03 00:00:00-04:00,3.5098304748535156,3.5475702802791247,3.4720902884909486,3.5098304748535156,234171,0.0,0.0
1989-05-04 00:00:00-04:00,3.472090482711792,3.472090482711792,3.3966104867014364,3.472090482711792,380759,0.0,0.0
1989-05-05 00:00:00-04:00,3.4720900045426744,3.623050356710415,3.4343502022034347,3.547569990158081,753316,0.0,0.0
1989-05-08 00:00:00-04:00,3.547570288031261,3.547570288031261,3.4343504905700684,3.4343504905700684,296087,0.0,0.0
1989-05-09 00:00:00-04:00,3.4343504830653395,3.5098304748535156,3.396610296702772,3.5098304748535156,1316914,0.0,0.0
1989-05-10 00:00:00-04:00,3.5098306711854597,3.5098306711854597,3.472090482711792,3.472090482711792,431298,0.0,0.0
1989-05-11 00:00:00-04:00,3.5098306711854597,3.5098306711854597,3.472090482711792,3.472090482711792,181780,0.0,0.0
1989-05-12 00:00:00-04:00,3.5098304748535156,3.6230506530042597,3.4343504830653395,3.5098304748535156,620752,0.0,0.0
1989-05-15 00:00:00-04:00,3.4720902884909486,3.5098304748535156,3.396610296702772,3.5098304748535156,430504,0.0,0.0
1989-05-16 00:00:00-04:00,3.5098304748535156,3.585310466641692,3.4720902884909486,3.5098304748535156,306407,0.0,0.0
1989-05-17 00:00:00-04:00,3.472090296078146,3.509830482523183,3.4343504905700684,3.4343504905700684,189454,0.0,0.0
1989-05-18 00:00:00-04:00,3.434350675175104,3.5475704787221476,3.434350675175104,3.472090482711792,247930,0.0,0.0
1989-05-19 00:00:00-04:00,3.472090296078146,3.472090296078146,3.3966103041250313,3.4343504905700684,315403,0.0,0.0
1989-05-22 00:00:00-04:00,3.5098306711854597,3.5098306711854597,3.3588706791647485,3.472090482711792,431827,0.0,0.0
1989-05-23 00:00:00-04:00,3.434350675175104,3.5475704787221476,3.3966104867014364,3.472090482711792,802003,0.0,0.0
1989-05-24 00:00:00-04:00,3.4343504905700684,3.472090296078146,3.3588704986169535,3.4343504905700684,346361,0.0,0.0
1989-05-25 00:00:00-04:00,3.4343505010894466,3.4343505010894466,3.3211295604705815,3.321129560470581,414628,0.0,0.0
1989-05-26 00:00:00-04:00,3.3211295502979974,3.472090296078146,3.3211295502979974,3.4343504905700684,668115,0.0,0.0
1989-05-30 00:00:00-04:00,3.396609829686039,3.434350010859522,3.3211290864021676,3.358870029449463,279418,0.0,0.0
1989-05-31 00:00:00-04:00,3.3588704986169535,3.4343504905700684,3.3211295502979974,3.4343504905700684,286826,0.0,0.0
1989-06-01 00:00:00-04:00,3.3966103041250313,3.472090296078146,3.3966103041250313,3.4343504905700684,300850,0.0,0.0
1989-06-02 00:00:00-04:00,3.396609829686039,3.434350010859522,3.358870029449463,3.358870029449463,382876,0.0,0.0
1989-06-05 00:00:00-04:00,3.3588705089051376,3.396610314528812,3.245649568286272,3.321129560470581,518351,0.0,0.0
1989-06-06 00:00:00-04:00,3.358870029449463,3.358870029449463,3.283388905228685,3.358870029449463,296881,0.0,0.0
1989-06-07 00:00:00-04:00,3.358870029449463,3.358870029449463,3.283388905228685,3.358870029449463,166698,0.0,0.0
1989-06-08 00:00:00-04:00,3.3211290864021676,3.358870029449463,3.283388905228685,3.358870029449463,226498,0.0,0.0
1989-06-09 00:00:00-04:00,3.3211295071630778,3.3966102600097656,3.2833893212082113,3.3966102600097656,297146,0.0,0.0
1989-06-12 00:00:00-04:00,3.3966102600097656,3.3966102600097656,3.3211295071630778,3.3966102600097656,115101,0.0,0.0
1989-06-13 00:00:00-04:00,3.396609829686039,3.396609829686039,3.3211290864021676,3.358870029449463,182309,0.0,0.0
1989-06-14 00:00:00-04:00,3.321128592702462,3.3588695301394087,3.2456486225128174,3.2456486225128174,323606,0.0,0.0
1989-06-15 00:00:00-04:00,3.283389091491699,3.321129274806141,3.2456492891141857,3.283389091491699,274919,0.0,0.0
1989-06-16 00:00:00-04:00,3.283389336961759,3.283389336961759,3.207909345626831,3.207909345626831,158760,0.0,0.0
1989-06-19 00:00:00-04:00,3.2079084469495704,3.2456486225128174,3.2079084469495704,3.2456486225128174,122510,0.0,0.0
1989-06-20 00:00:00-04:00,3.2456496103737846,3.2456496103737846,2.9059886887974855,2.9437286853790283,748553,0.0,0.0
1989-06-21 00:00:00-04:00,2.943729437152159,3.0192094495914206,2.6040684288328273,2.7172892093658447,1213191,0.0,0.0
1989-06-22 00:00:00-04:00,2.717288073699038,2.9437282068466777,2.717288073699038,2.9059882164001465,1108939,0.0,0.0
1989-06-23 00:00:00-04:00,2.9437289391850734,2.98146893902053,2.86824893951416,2.86824893951416,523379,0.0,0.0
1989-06-26 00:00:00-04:00,2.8682486612091553,2.8682486612091553,2.7927684783935547,2.7927684783935547,273332,0.0,0.0
1989-06-27 00:00:00-04:00,2.7927687493747477,2.9437289391850734,2.7927687493747477,2.86824893951416,270686,0.0,0.0
1989-06-28 00:00:00-04:00,2.9437286853790283,3.056949436997588,2.9437286853790283,2.9437286853790283,375203,0.0,0.0
1989-06-29 00:00:00-04:00,2.9437286853790283,3.056949436997588,2.9437286853790283,2.9437286853790283,306671,0.0,0.0
1989-06-30 00:00:00-04:00,2.943727938896608,3.056948661804199,2.943727938896608,3.056948661804199,356681,0.0,0.0
1989-07-03 00:00:00-04:00,3.0192086696624756,3.056949428006952,2.981468673191928,3.0192086696624756,125420,0.0,0.0
1989-07-05 00:00:00-04:00,2.981468197293209,2.981468197293209,2.8682482259536153,2.9059882164001465,568890,0.0,0.0
1989-07-06 00:00:00-04:00,2.8682486922159427,2.9437286853790283,2.8682486922159427,2.9437286853790283,195539,0.0,0.0
1989-07-07 00:00:00-04:00,2.9437286853790283,2.9437286853790283,2.8682486922159427,2.9437286853790283,234965,0.0,0.0
1989-07-10 00:00:00-04:00,2.9059882164001465,2.9437282068466777,2.9059882164001465,2.9059882164001465,47628,0.0,0.0
1989-07-11 00:00:00-04:00,2.9437289391850734,2.9437289391850734,2.830508749210204,2.86824893951416,179399,0.0,0.0
1989-07-12 00:00:00-04:00,2.86824893951416,2.9059889393496166,2.830508749210204,2.86824893951416,198450,0.0,0.0
1989-07-13 00:00:00-04:00,2.8682481739285617,2.8682481739285617,2.7550280141741337,2.83050799369812,269627,0.0,0.0
1989-07-14 00:00:00-04:00,2.8305089686105602,2.86824916183986,2.7550289630889893,2.7550289630889893,161406,0.0,0.0
1989-07-17 00:00:00-04:00,2.755029215585475,2.7927692218051057,2.6795484412720882,2.7172892093658447,374144,0.0,0.0
1989-07-18 00:00:00-04:00,2.717288303810452,2.717288303810452,2.6795475482940674,2.6795475482940674,152410,0.0,0.0
1989-07-19 00:00:00-04:00,2.7172889603282036,2.7550289630889893,2.6795481956933624,2.7550289630889893,322283,0.0,0.0
1989-07-20 00:00:00-04:00,2.755029215585475,2.755029215585475,2.6795484412720882,2.7172892093658447,214591,0.0,0.0
1989-07-21 00:00:00-04:00,2.717287814892948,2.7550278017449616,2.6418070793151855,2.6418070793151855,384993,0.0,0.0
1989-07-24 00:00:00-04:00,2.6418084350524578,2.7172892093658447,2.6040684288328273,2.7172892093658447,273596,0.0,0.0
1989-07-25 00:00:00-04:00,2.6795481956933624,2.7550289630889893,2.6795481956933624,2.7550289630889893,104782,0.0,0.0
1989-07-26 00:00:00-04:00,2.7927682910954776,2.8305082847379905,2.6795475482940674,2.6795475482940674,285768,0.0,0.0
1989-07-27 00:00:00-04:00,2.6418070793151855,2.679547066167199,2.5285869282907103,2.6418070793151855,415687,0.0,0.0
1989-07-28 00:00:00-04:00,2.6418084350524578,2.7172892093658447,2.6040684288328273,2.7172892093658447,186014,0.0,0.0
1989-07-31 00:00:00-04:00,2.6418070793151855,2.679547066167199,2.453106954586682,2.6418070793151855,682933,0.0,0.0
1989-08-01 00:00:00-04:00,2.6040684288328273,2.7927692218051057,2.566328232144665,2.7172892093658447,689283,0.0,0.0
1989-08-02 00:00:00-04:00,2.717288303810452,2.717288303810452,2.6418075546515545,2.6795475482940674,121451,0.0,0.0
1989-08-03 00:00:00-04:00,2.7172892093658447,2.755029215585475,2.6795484412720882,2.7172892093658447,452995,0.0,0.0
1989-08-04 00:00:00-04:00,2.7172889603282036,2.792768965849775,2.6795481956933624,2.7550289630889893,294235,0.0,0.0
1989-08-07 00:00:00-04:00,2.755028064145569,2.9059882164001465,2.717288073699038,2.9059882164001465,397165,0.0,0.0
1989-08-08 00:00:00-04:00,2.8305084745671145,2.905988657382715,2.7550284822199944,2.7927684783935547,407484,0.0,0.0
1989-08-09 00:00:00-04:00,2.7550284822199944,2.8682486612091553,2.7550284822199944,2.7927684783935547,615460,0.0,0.0
1989-08-10 00:00:00-04:00,2.86824893951416,2.9437289391850734,2.86824893951416,2.86824893951416,473369,0.0,0.0
1989-08-11 00:00:00-04:00,2.9437286767213804,3.1324296114165295,2.9437286767213804,3.0192086696624756,1100736,0.0,0.0
1989-08-14 00:00:00-04:00,2.9437286767213804,3.056949428006952,2.9437286767213804,3.0192086696624756,298998,0.0,0.0
1989-08-15 00:00:00-04:00,3.056949428006952,3.0946894244774996,3.0192086696624756,3.0192086696624756,248195,0.0,0.0
1989-08-16 00:00:00-04:00,3.0946886488154837,3.0946886488154837,3.019207912919177,3.056948661804199,275449,0.0,0.0
1989-08-17 00:00:00-04:00,3.0192086696624756,3.056949428006952,2.9437286767213804,3.0192086696624756,191835,0.0,0.0
1989-08-18 00:00:00-04:00,2.981468915939331,3.019208915482621,2.981468915939331,2.981468915939331,155585,0.0,0.0
1989-08-21 00:00:00-04:00,2.98146893902053,3.019208938855986,2.86824893951416,2.86824893951416,135475,0.0,0.0
1989-08-22 00:00:00-04:00,2.83050799369812,2.905988163690555,2.7927680039361267,2.83050799369812,196598,0.0,0.0
1989-08-23 00:00:00-04:00,2.86824893951416,2.86824893951416,2.7927687493747477,2.86824893951416,155056,0.0,0.0
1989-08-24 00:00:00-04:00,2.8682486612091553,2.8682486612091553,2.7927684783935547,2.7927684783935547,112455,0.0,0.0
1989-08-25 00:00:00-04:00,2.7550284822199944,2.8305084745671145,2.7550284822199944,2.7927684783935547,272273,0.0,0.0
1989-08-28 00:00:00-04:00,2.755029215585475,2.7927692218051057,2.7172892093658447,2.7172892093658447,170667,0.0,0.0
1989-08-29 00:00:00-04:00,2.7172892093658447,2.755029215585475,2.6418084350524578,2.7172892093658447,200038,0.0,0.0
1989-08-30 00:00:00-04:00,2.6795484412720882,2.7172892093658447,2.6795484412720882,2.7172892093658447,119335,0.0,0.0
1989-08-31 00:00:00-04:00,2.6795481956933624,2.7550289630889893,2.6418081929325767,2.7550289630889893,219089,0.0,0.0
1989-09-01 00:00:00-04:00,2.7172884860464346,2.7927684783935547,2.6795477279989517,2.7927684783935547,101342,0.0,0.0
1989-09-05 00:00:00-04:00,2.717288058157892,2.7550280483885747,2.604067325592041,2.604067325592041,229408,0.0,0.0
1989-09-06 00:00:00-04:00,2.6418073158227235,2.6418073158227235,2.604067325592041,2.604067325592041,163523,0.0,0.0
1989-09-07 00:00:00-04:00,2.6040675610090416,2.6795475482940674,2.5663273768980606,2.6795475482940674,408013,0.0,0.0
1989-09-08 00:00:00-04:00,2.6795484412720882,2.7172892093658447,2.6418084350524578,2.7172892093658447,127273,0.0,0.0
1989-09-11 00:00:00-04:00,2.755029215585475,2.755029215585475,2.6795484412720882,2.7172892093658447,337630,0.0,0.0
1989-09-12 00:00:00-04:00,2.717287814892948,2.717287814892948,2.6418070793151855,2.6418070793151855,497448,0.0,0.0
1989-09-13 00:00:00-04:00,2.6795475482940674,2.717288303810452,2.6418075546515545,2.6795475482940674,288943,0.0,0.0
1989-09-14 00:00:00-04:00,2.6795473060534065,2.6795473060534065,2.5285871546622247,2.604067325592041,336042,0.0,0.0
1989-09-15 00:00:00-04:00,2.6040675169223593,2.6040675169223593,2.52858734044674,2.5663273334503174,346891,0.0,0.0
1989-09-18 00:00:00-04:00,2.566327576302089,2.566327576302089,2.4908475831522567,2.528587579727173,135211,0.0,0.0
1989-09-19 00:00:00-04:00,2.4908475831522567,2.528587579727173,2.4908475831522567,2.528587579727173,276772,0.0,0.0
1989-09-20 00:00:00-04:00,2.4908473500685018,2.528587343111857,2.377626609064577,2.4531073570251465,426535,0.0,0.0
1989-09-21 00:00:00-04:00,2.4153673639817916,2.4531073570251465,2.377626609064577,2.4531073570251465,209299,0.0,0.0
1989-09-22 00:00:00-04:00,2.41536808013916,2.4531080843724378,2.3776273140317965,2.41536808013916,194746,0.0,0.0
1989-09-25 00:00:00-04:00,2.4531073570251465,2.4531073570251465,2.3398866160212215,2.4531073570251465,287356,0.0,0.0
1989-09-26 00:00:00-04:00,2.4531075865773406,2.566327576302089,2.4153675900024245,2.528587579727173,301379,0.0,0.0
1989-09-27 00:00:00-04:00,2.528587342196564,2.528587342196564,2.4153673631074817,2.49084734916687,220412,0.0,0.0
1989-09-28 00:00:00-04:00,2.4531073570251465,2.4908473500685018,2.377626609064577,2.4531073570251465,140503,0.0,0.0
1989-09-29 00:00:00-04:00,2.377626606558571,2.5663273334503174,2.377626606558571,2.5663273334503174,532375,0.0,0.0
1989-10-02 00:00:00-04:00,2.528587342196564,2.528587342196564,2.453107356137176,2.49084734916687,142619,0.0,0.0
1989-10-03 00:00:00-04:00,2.4908473500685018,2.528587343111857,2.4153673639817916,2.4531073570251465,250576,0.0,0.0
1989-10-04 00:00:00-04:00,2.4908474025736553,2.4908474025736553,2.3398866653442383,2.3398866653442383,198715,0.0,0.0
1989-10-05 00:00:00-04:00,2.3776266591831234,2.4153674148958846,2.264406487197999,2.3398866653442383,835607,0.0,0.0
1989-10-06 00:00:00-04:00,2.3021471150967194,2.41536808013916,2.264407110863442,2.41536808013916,379701,0.0,0.0
1989-10-09 00:00:00-04:00,2.3776273140317965,2.41536808013916,2.339887309798519,2.41536808013916,127273,0.0,0.0
1989-10-10 00:00:00-04:00,2.3776273140317965,2.4531080843724378,2.3776273140317965,2.41536808013916,186543,0.0,0.0
1989-10-11 00:00:00-04:00,2.4531080843724378,2.4531080843724378,2.339887309798519,2.41536808013916,101606,0.0,0.0
1989-10-12 00:00:00-04:00,2.4153674148958846,2.4153674148958846,2.3398866653442383,2.3398866653442383,265394,0.0,0.0
1989-10-13 00:00:00-04:00,2.339886622418163,2.339886622418163,2.1134464730705096,2.151186466217041,426800,0.0,0.0
1989-10-16 00:00:00-04:00,1.924745554995526,2.226666452510104,1.7360446369205422,2.151186466217041,574976,0.0,0.0
1989-10-17 00:00:00-04:00,2.151187168153338,2.226667179075666,2.151187168153338,2.188927173614502,305613,0.0,0.0
1989-10-18 00:00:00-04:00,2.22666597366333,2.22666597366333,2.1511860036023114,2.22666597366333,332338,0.0,0.0
1989-10-19 00:00:00-04:00,2.1889269089282286,2.3021469116210938,2.1511869080306067,2.3021469116210938,253222,0.0,0.0
1989-10-20 00:00:00-04:00,2.26440691947937,2.302146920522923,2.26440691947937,2.26440691947937,318578,0.0,0.0
1989-10-23 00:00:00-04:00,2.3021469116210938,2.3021469116210938,2.264406910723472,2.3021469116210938,211151,0.0,0.0
1989-10-24 00:00:00-04:00,2.3021459437243483,2.3021459437243483,2.1511860036023114,2.22666597366333,231260,0.0,0.0
1989-10-25 00:00:00-04:00,2.2644059586938394,2.2644059586938394,2.1889259886328207,2.22666597366333,104252,0.0,0.0
1989-10-26 00:00:00-04:00,2.22666597366333,2.2644059586938394,2.1511860036023114,2.22666597366333,117747,0.0,0.0
1989-10-27 00:00:00-04:00,2.188927173614502,2.226667179075666,2.151187168153338,2.188927173614502,92081,0.0,0.0
1989-10-30 00:00:00-05:00,2.1889269643291747,2.1889269643291747,2.075706958770752,2.075706958770752,256662,0.0,0.0
1989-10-31 00:00:00-05:00,2.075707417555316,2.113447427749634,2.0379664550182413,2.113447427749634,213003,0.0,0.0
1989-11-01 00:00:00-05:00,2.075707417555316,2.151187437943951,2.075707417555316,2.113447427749634,305348,0.0,0.0
1989-11-02 00:00:00-05:00,2.075707417555316,2.113447427749634,2.0379664550182413,2.113447427749634,170402,0.0,0.0
1989-11-03 00:00:00-05:00,2.1134469606235595,2.151186962476367,2.075706958770752,2.075706958770752,193687,0.0,0.0
1989-11-06 00:00:00-05:00,2.075707417555316,2.113447427749634,2.0379664550182413,2.113447427749634,74353,0.0,0.0
1989-11-07 00:00:00-05:00,2.1134469606235595,2.1134469606235595,2.075706958770752,2.075706958770752,201890,0.0,0.0
1989-11-08 00:00:00-05:00,2.1134457330683087,2.1134457330683087,2.0379648208618164,2.0379648208618164,179928,0.0,0.0
1989-11-09 00:00:00-05:00,2.0379660045753973,2.075706958770752,2.0379660045753973,2.075706958770752,117218,0.0,0.0
1989-11-10 00:00:00-05:00,2.0757057531360594,2.0757057531360594,2.0002248409295675,2.0379648208618164,142884,0.0,0.0
1989-11-13 00:00:00-05:00,2.0757069881761745,2.0757069881761745,1.9624860286712646,1.9624860286712646,284710,0.0,0.0
1989-11-14 00:00:00-05:00,1.9624860008697824,2.075706958770752,1.9247459990169749,2.075706958770752,319108,0.0,0.0
1989-11-15 00:00:00-05:00,2.0379660045753973,2.075706958770752,2.0379660045753973,2.075706958770752,152939,0.0,0.0
1989-11-16 00:00:00-05:00,2.0002260027225898,2.075706958770752,1.9624860008697824,2.075706958770752,160612,0.0,0.0
1989-11-17 00:00:00-05:00,2.0757057531360594,2.0757057531360594,2.0002248409295675,2.0379648208618164,185485,0.0,0.0
1989-11-20 00:00:00-05:00,2.0002248409295675,2.0379648208618164,2.0002248409295675,2.0379648208618164,140238,0.0,0.0
1989-11-21 00:00:00-05:00,2.0379652942560345,2.0379652942560345,2.000225305557251,2.000225305557251,210622,0.0,0.0
1989-11-22 00:00:00-05:00,2.0379659529952185,2.33988710298722,2.0002259520975967,2.3021469116210938,582649,0.0,0.0
1989-11-24 00:00:00-05:00,2.2644062585163263,2.453107160996253,2.2644062585163263,2.377626419067383,337365,0.0,0.0
1989-11-27 00:00:00-05:00,2.3776266591831234,2.3776266591831234,2.264406487197999,2.3398866653442383,362237,0.0,0.0
1989-11-28 00:00:00-05:00,2.302146248543862,2.377626419067383,2.2644062585163263,2.377626419067383,281005,0.0,0.0
1989-11-29 00:00:00-05:00,2.4153673631074817,2.6040675187244173,2.3776266082039283,2.49084734916687,574976,0.0,0.0
1989-11-30 00:00:00-05:00,2.528587342196564,2.566327335226258,2.453107356137176,2.49084734916687,189189,0.0,0.0
1989-12-01 00:00:00-05:00,2.4908475831522567,2.604067763345488,2.4531075865773406,2.528587579727173,611226,0.0,0.0
1989-12-04 00:00:00-05:00,2.49084734916687,2.528587342196564,2.453107356137176,2.49084734916687,134417,0.0,0.0
1989-12-05 00:00:00-05:00,2.49084734916687,2.528587342196564,2.4153673631074817,2.49084734916687,297940,0.0,0.0
1989-12-06 00:00:00-05:00,2.41536808013916,2.490848088605716,2.3776273140317965,2.41536808013916,323606,0.0,0.0
1989-12-07 00:00:00-05:00,2.4153674148958846,2.4153674148958846,2.302146481036884,2.3398866653442383,173313,0.0,0.0
1989-12-08 00:00:00-05:00,2.377627103884842,2.415367866656482,2.3021469116210938,2.3021469116210938,205594,0.0,0.0
1989-12-11 00:00:00-05:00,2.3021469116210938,2.33988710298722,2.2266669098258505,2.3021469116210938,204536,0.0,0.0
1989-12-12 00:00:00-05:00,2.302146481036884,2.3776266591831234,2.264406487197999,2.3398866653442383,192100,0.0,0.0
1989-12-13 00:00:00-05:00,2.4153671709687172,2.4153671709687172,2.339886429039847,2.377626419067383,904138,0.0,0.0
1989-12-14 00:00:00-05:00,2.339887309798519,2.4531080843724378,2.339887309798519,2.41536808013916,369911,0.0,0.0
1989-12-15 00:00:00-05:00,2.4153671709687172,2.4153671709687172,2.339886429039847,2.377626419067383,105311,0.0,0.0
1989-12-18 00:00:00-05:00,2.3776266591831234,2.3776266591831234,2.302146481036884,2.3398866653442383,387374,0.0,0.0
1989-12-19 00:00:00-05:00,2.3021469116210938,2.33988710298722,2.264406910723472,2.3021469116210938,116424,0.0,0.0
1989-12-20 00:00:00-05:00,2.3021469116210938,2.3021469116210938,2.2266669098258505,2.3021469116210938,331279,0.0,0.0
1989-12-21 00:00:00-05:00,2.264406487197999,2.4153674148958846,2.264406487197999,2.3398866653442383,328898,0.0,0.0
1989-12-22 00:00:00-05:00,2.3776266082039283,2.49084734916687,2.339886615174234,2.49084734916687,481043,0.0,0.0
1989-12-26 00:00:00-05:00,2.4908475831522567,2.566327576302089,2.4531075865773406,2.528587579727173,314609,0.0,0.0
1989-12-27 00:00:00-05:00,2.528587342196564,2.528587342196564,2.4153673631074817,2.49084734916687,320431,0.0,0.0
1989-12-28 00:00:00-05:00,2.4531073570251465,2.6418075127103875,2.377626609064577,2.4531073570251465,441882,0.0,0.0
1989-12-29 00:00:00-05:00,2.4153675900024245,2.566327576302089,2.3776268315535773,2.528587579727173,527083,0.0,0.0
1990-01-02 00:00:00-05:00,2.5285871546622247,2.6795473060534065,2.5285871546622247,2.604067325592041,692194,0.0,0.0
1990-01-03 00:00:00-05:00,2.604068190171791,2.792768965849775,2.604068190171791,2.7550289630889893,670232,0.0,0.0
1990-01-04 00:00:00-05:00,2.7927684783935547,2.8682486612091553,2.7172884860464346,2.7927684783935547,818143,0.0,0.0
1990-01-05 00:00:00-05:00,2.7927687493747477,2.86824893951416,2.7927687493747477,2.86824893951416,456700,0.0,0.0
1990-01-08 00:00:00-05:00,2.7927687493747477,2.9059889393496166,2.7927687493747477,2.86824893951416,236552,0.0,0.0
1990-01-09 00:00:00-05:00,2.8682486612091553,2.905988657382715,2.7550284822199944,2.7927684783935547,213003,0.0,0.0
1990-01-10 00:00:00-05:00,2.755029215585475,2.755029215585475,2.6418084350524578,2.7172892093658447,277565,0.0,0.0
1990-01-11 00:00:00-05:00,2.7172880244121402,2.8682481739285617,2.7172880244121402,2.83050799369812,325193,0.0,0.0
1990-01-12 00:00:00-05:00,2.7172889603282036,2.792768965849775,2.6795481956933624,2.7550289630889893,346097,0.0,0.0
1990-01-15 00:00:00-05:00,2.6795475482940674,2.7550282974529647,2.6418075546515545,2.6795475482940674,167492,0.0,0.0
1990-01-16 00:00:00-05:00,2.604067968163939,2.981468915939331,2.5663277781521505,2.981468915939331,528406,0.0,0.0
1990-01-17 00:00:00-05:00,3.019208915482621,3.0569496768999027,2.981468915939331,2.981468915939331,1281193,0.0,0.0
1990-01-18 00:00:00-05:00,2.905988680250833,3.0192086696624756,2.905988680250833,3.0192086696624756,395842,0.0,0.0
1990-01-19 00:00:00-05:00,3.0192086696624756,3.0192086696624756,2.9437286767213804,3.0192086696624756,364354,0.0,0.0
1990-01-22 00:00:00-05:00,3.019208678542114,3.170169617210699,2.830508505165917,2.9437286853790283,739292,0.0,0.0
1990-01-23 00:00:00-05:00,2.981468681960571,3.056949436997588,2.830508505165917,2.9437286853790283,528142,0.0,0.0
1990-01-24 00:00:00-05:00,2.7927680039361267,2.8682481739285617,2.7550280141741337,2.83050799369812,546134,0.0,0.0
1990-01-25 00:00:00-05:00,2.8305084745671145,2.905988657382715,2.7550284822199944,2.7927684783935547,643772,0.0,0.0
1990-01-26 00:00:00-05:00,2.792768965849775,2.792768965849775,2.7172889603282036,2.7550289630889893,438178,0.0,0.0
1990-01-29 00:00:00-05:00,2.830509228024736,2.830509228024736,2.6795484412720882,2.7172892093658447,772897,0.0,0.0
1990-01-30 00:00:00-05:00,2.7172882578069504,2.7172882578069504,2.5663273334503174,2.5663273334503174,316197,0.0,0.0
1990-01-31 00:00:00-05:00,2.566326915142724,2.679547066167199,2.566326915142724,2.6418070793151855,204271,0.0,0.0
1990-02-01 00:00:00-05:00,2.6418077318253914,2.7927684783935547,2.6418077318253914,2.7927684783935547,407749,0.0,0.0
1990-02-02 00:00:00-05:00,2.7550284822199944,2.8305084745671145,2.7172884860464346,2.7927684783935547,345568,0.0,0.0
1990-02-05 00:00:00-05:00,2.7550284822199944,2.7927684783935547,2.7172884860464346,2.7927684783935547,152939,0.0,0.0
1990-02-06 00:00:00-05:00,2.7550284822199944,2.7927684783935547,2.7172884860464346,2.7927684783935547,169344,0.0,0.0
1990-02-07 00:00:00-05:00,2.717288073699038,2.9059882164001465,2.717288073699038,2.9059882164001465,509090,0.0,0.0
1990-02-08 00:00:00-05:00,2.9437289391850734,2.98146893902053,2.830508749210204,2.86824893951416,603553,0.0,0.0
1990-02-09 00:00:00-05:00,2.86824916183986,2.86824916183986,2.7172889603282036,2.7550289630889893,119070,0.0,0.0
1990-02-12 00:00:00-05:00,2.755029215585475,2.755029215585475,2.6795484412720882,2.7172892093658447,205594,0.0,0.0
1990-02-13 00:00:00-05:00,2.7172884860464346,2.7927684783935547,2.6795477279989517,2.7927684783935547,140238,0.0,0.0
1990-02-14 00:00:00-05:00,2.7927680039361267,2.905988163690555,2.7927680039361267,2.83050799369812,220676,0.0,0.0
1990-02-15 00:00:00-05:00,2.830508749210204,2.9059889393496166,2.830508749210204,2.86824893951416,187072,0.0,0.0
1990-02-16 00:00:00-05:00,2.8682486612091553,2.8682486612091553,2.7172884860464346,2.7927684783935547,311170,0.0,0.0
1990-02-20 00:00:00-05:00,2.7172892093658447,2.7172892093658447,2.6418084350524578,2.7172892093658447,80703,0.0,0.0
1990-02-21 00:00:00-05:00,2.6418084350524578,2.7172892093658447,2.6418084350524578,2.7172892093658447,192364,0.0,0.0
1990-02-22 00:00:00-05:00,2.7172892093658447,2.7172892093658447,2.6795484412720882,2.7172892093658447,120658,0.0,0.0
1990-02-23 00:00:00-05:00,2.6418084350524578,2.7172892093658447,2.6418084350524578,2.7172892093658447,196862,0.0,0.0
1990-02-26 00:00:00-05:00,2.679547066167199,2.679547066167199,2.6418070793151855,2.6418070793151855,179663,0.0,0.0
1990-02-27 00:00:00-05:00,2.7172889603282036,2.792768965849775,2.7172889603282036,2.7550289630889893,516764,0.0,0.0
1990-02-28 00:00:00-05:00,2.7927687493747477,2.86824893951416,2.7927687493747477,2.86824893951416,547722,0.0,0.0
1990-03-01 00:00:00-05:00,2.830508446284087,3.09468936920166,2.830508446284087,3.09468936920166,1502399,0.0,0.0
1990-03-02 00:00:00-05:00,3.0569489527871117,3.2456490962738376,3.0569489527871117,3.1701691150665283,1396294,0.0,0.0
1990-03-05 00:00:00-05:00,3.1324291244628735,3.20790891520173,3.094688943390766,3.1701691150665283,751993,0.0,0.0
1990-03-06 00:00:00-05:00,3.1324293105762533,3.283389091491699,3.1324293105762533,3.283389091491699,565186,0.0,0.0
1990-03-07 00:00:00-05:00,3.283388417139215,3.321128592702462,3.1701686523231727,3.2456486225128174,306407,0.0,0.0
1990-03-08 00:00:00-05:00,3.2079084469495704,3.2456486225128174,3.1324286672283503,3.2456486225128174,294235,0.0,0.0
1990-03-09 00:00:00-05:00,3.245649568286272,3.3211295604705815,3.170169576101963,3.321129560470581,464902,0.0,0.0
1990-03-12 00:00:00-05:00,3.2456492891141857,3.283389091491699,3.2079091057997444,3.283389091491699,357475,0.0,0.0
1990-03-13 00:00:00-05:00,3.434350675175104,3.5475704787221476,3.3966104867014364,3.472090482711792,1258967,0.0,0.0
1990-03-14 00:00:00-05:00,3.4720902884909486,3.5098304748535156,3.4343504830653395,3.5098304748535156,697750,0.0,0.0
1990-03-15 00:00:00-05:00,3.434350932636463,3.585310935974121,3.434350932636463,3.585310935974121,728708,0.0,0.0
1990-03-16 00:00:00-05:00,3.623050120090713,3.774010843336207,3.623050120090713,3.6607906818389893,1347079,0.0,0.0
1990-03-19 00:00:00-05:00,3.6230504512786865,3.6230504512786865,3.547570082756176,3.6230504512786865,941976,0.0,0.0
1990-03-20 00:00:00-05:00,3.6230504512786865,3.774011188323707,3.547570082756176,3.6230504512786865,1153127,0.0,0.0
1990-03-21 00:00:00-05:00,3.6230508468670495,3.849491596221924,3.5475704701030986,3.849491596221924,1305801,0.0,0.0
1990-03-22 00:00:00-05:00,3.8117504036458585,3.8494905820852985,3.6607904517618564,3.7362704277038574,783745,0.0,0.0
1990-03-23 00:00:00-05:00,3.6985306302012964,3.8117504036458585,3.6607904517618564,3.7362704277038574,975316,0.0,0.0
1990-03-26 00:00:00-05:00,3.774011623953164,3.811751431633741,3.660791439037471,3.6985316276550293,404309,0.0,0.0
1990-03-27 00:00:00-05:00,3.660791439037471,3.6985316276550293,3.6230508694829315,3.6985316276550293,695369,0.0,0.0
1990-03-28 00:00:00-05:00,3.660791016476879,3.660791016476879,3.547570082756176,3.6230504512786865,404573,0.0,0.0
1990-03-29 00:00:00-05:00,3.585310466641692,3.585310466641692,3.4720902884909486,3.5098304748535156,427594,0.0,0.0
1990-03-30 00:00:00-05:00,3.5098304369374107,3.5098304369374107,3.358870454991853,3.3966102600097656,616783,0.0,0.0
1990-04-02 00:00:00-04:00,3.2456495583448826,3.472090296078146,3.2456495583448826,3.4343504905700684,1012889,0.0,0.0
1990-04-03 00:00:00-04:00,3.472090095170603,3.660791016476879,3.472090095170603,3.6230504512786865,1244414,0.0,0.0
1990-04-04 00:00:00-04:00,3.623050356710415,3.6607909209235094,3.5098301878188414,3.547569990158081,356681,0.0,0.0
1990-04-05 00:00:00-04:00,3.472090743002373,3.585310935974121,3.472090743002373,3.585310935974121,293971,0.0,0.0
1990-04-06 00:00:00-04:00,3.585310935974121,3.585310935974121,3.509830934305292,3.585310935974121,151616,0.0,0.0
1990-04-09 00:00:00-04:00,3.547569990158081,3.6607909209235094,3.5098301878188414,3.547569990158081,297940,0.0,0.0
1990-04-10 00:00:00-04:00,3.547570082756176,3.6230504512786865,3.509830279431858,3.6230504512786865,309847,0.0,0.0
1990-04-11 00:00:00-04:00,3.6985306302012964,3.8872307605247385,3.6985306302012964,3.7362704277038574,1618558,0.0,0.0
1990-04-12 00:00:00-04:00,3.7362706695775603,3.811750650405884,3.6985308696318504,3.811750650405884,805178,0.0,0.0
1990-04-16 00:00:00-04:00,3.8494908312884974,3.962710992999434,3.811750650405884,3.811750650405884,649064,0.0,0.0
1990-04-17 00:00:00-04:00,3.8117507478320283,3.8872311115264893,3.7740109469217105,3.8872311115264893,506709,0.0,0.0
1990-04-18 00:00:00-04:00,3.8872310121711107,3.8872310121711107,3.811750650405884,3.811750650405884,442676,0.0,0.0
1990-04-19 00:00:00-04:00,3.7740106061432974,3.8494905820852985,3.7362704277038574,3.7362704277038574,402192,0.0,0.0
1990-04-20 00:00:00-04:00,3.8872311115264893,4.038191838915412,3.8494909296792588,3.8872311115264893,1418521,0.0,0.0
1990-04-23 00:00:00-04:00,3.8872307605247385,3.9249705580272995,3.623049892385538,3.7362704277038574,849895,0.0,0.0
1990-04-24 00:00:00-04:00,3.6985316276550293,3.811751431633741,3.6985316276550293,3.6985316276550293,417539,0.0,0.0
1990-04-25 00:00:00-04:00,3.774011188323707,3.774011188323707,3.6230504512786865,3.6230504512786865,612549,0.0,0.0
1990-04-26 00:00:00-04:00,3.6230508694829315,3.6985316276550293,3.6230508694829315,3.6985316276550293,284180,0.0,0.0
1990-04-27 00:00:00-04:00,3.6607912203037856,3.6607912203037856,3.5098304748535156,3.5098304748535156,90758,0.0,0.0
1990-04-30 00:00:00-04:00,3.5098304748535156,3.5098304748535156,3.3211295430406786,3.5098304748535156,467813,0.0,0.0
1990-05-01 00:00:00-04:00,3.434350445964632,3.434350445964632,3.2833893212082113,3.3966102600097656,537932,0.0,0.0
1990-05-02 00:00:00-04:00,3.4343504830653395,3.5098304748535156,3.3588704912771634,3.5098304748535156,988281,0.0,0.0
1990-05-03 00:00:00-04:00,3.509829992269581,3.509829992269581,3.358870029449463,3.358870029449463,145265,0.0,0.0
1990-05-04 00:00:00-04:00,3.396610296702772,3.5475702802791247,3.3588704912771634,3.5098304748535156,429446,0.0,0.0
1990-05-07 00:00:00-04:00,3.472090095170603,3.660791016476879,3.472090095170603,3.6230504512786865,456700,0.0,0.0
1990-05-08 00:00:00-04:00,3.6230504512786865,3.6230504512786865,3.547570082756176,3.6230504512786865,238669,0.0,0.0
1990-05-09 00:00:00-04:00,3.585310267017431,3.660791016476879,3.547570082756176,3.6230504512786865,265129,0.0,0.0
1990-05-10 00:00:00-04:00,3.5475704922478153,3.6985316276550293,3.5475704922478153,3.6985316276550293,550897,0.0,0.0
1990-05-11 00:00:00-04:00,3.774011623953164,3.774011623953164,3.6985316276550293,3.6985316276550293,1502399,0.0,0.0
1990-05-14 00:00:00-04:00,3.6985313822304122,3.811751178696162,3.6985313822304122,3.7740113735198975,623927,0.0,0.0
1990-05-15 00:00:00-04:00,3.6985306302012964,3.8117504036458585,3.6607904517618564,3.7362704277038574,647741,0.0,0.0
1990-05-16 00:00:00-04:00,3.7362711874066767,3.811751178696162,3.6985313822304122,3.7740113735198975,504857,0.0,0.0
1990-05-17 00:00:00-04:00,3.774010850460174,3.8872310121711107,3.774010850460174,3.811750650405884,514382,0.0,0.0
1990-05-18 00:00:00-04:00,3.7740116003949518,3.8872317846038995,3.7740116003949518,3.849491596221924,328898,0.0,0.0
1990-05-21 00:00:00-04:00,3.8117507478320283,3.924970912436807,3.8117507478320283,3.8872311115264893,789831,0.0,0.0
1990-05-22 00:00:00-04:00,3.924971592048896,3.9627117804308716,3.811751407839948,3.849491596221924,806501,0.0,0.0
1990-05-23 00:00:00-04:00,3.8117518597116677,3.9249720573425293,3.8117518597116677,3.9249720573425293,413041,0.0,0.0
1990-05-24 00:00:00-04:00,3.924970912436807,4.038191838915412,3.8872311115264893,3.8872311115264893,474163,0.0,0.0
1990-05-25 00:00:00-04:00,3.8117507478320283,4.000451657068181,3.73627076507448,3.8872311115264893,397429,0.0,0.0
1990-05-29 00:00:00-04:00,3.8494927840145916,4.000453584122691,3.8494927840145916,3.9627130031585693,206123,0.0,0.0
1990-05-30 00:00:00-04:00,3.9627122501984915,4.000452823991477,3.84949205256763,3.9249720573425293,261425,0.0,0.0
1990-05-31 00:00:00-04:00,3.8494913648093827,3.887231550922603,3.7740113735198975,3.7740113735198975,177017,0.0,0.0
1990-06-01 00:00:00-04:00,3.774010850460174,3.8494908312884974,3.7362706695775603,3.811750650405884,275449,0.0,0.0
1990-06-04 00:00:00-04:00,3.7740109469217105,3.8872311115264893,3.73627076507448,3.8872311115264893,169609,0.0,0.0
1990-06-05 00:00:00-04:00,3.9249720573425293,4.03819301684744,3.8872322454235917,3.9249720573425293,1443922,0.0,0.0
1990-06-06 00:00:00-04:00,3.8872329840416167,4.000453584122691,3.8872329840416167,3.9627130031585693,423360,0.0,0.0
1990-06-07 00:00:00-04:00,3.924972237216432,4.151413404729565,3.924972237216432,4.113673210144043,872122,0.0,0.0
1990-06-08 00:00:00-04:00,4.113672773289513,4.264632773726209,4.038192773071165,4.1514129638671875,1512189,0.0,0.0
1990-06-11 00:00:00-04:00,4.113673356658218,4.377854347229004,4.113673356658218,4.377854347229004,1077451,0.0,0.0
1990-06-12 00:00:00-04:00,4.377854347229004,4.453334358151332,4.302374336306676,4.377854347229004,723416,0.0,0.0
1990-06-13 00:00:00-04:00,4.3401137166518655,4.491074104315413,4.302373905438742,4.415594100952148,957852,0.0,0.0
1990-06-14 00:00:00-04:00,4.3401118017667075,4.45333194732666,4.302372007204623,4.45333194732666,383935,0.0,0.0
1990-06-15 00:00:00-04:00,4.415593102342141,4.453332905020208,4.189152000652161,4.302372932434082,582914,0.0,0.0
1990-06-18 00:00:00-04:00,4.226892964085535,4.264632773726209,4.1514129638671875,4.1514129638671875,563069,0.0,0.0
1990-06-19 00:00:00-04:00,4.151413884861308,4.26463371983823,4.151413884861308,4.226893901824951,513853,0.0,0.0
1990-06-20 00:00:00-04:00,4.226892964085535,4.226892964085535,4.113672773289513,4.1514129638671875,289208,0.0,0.0
1990-06-21 00:00:00-04:00,4.189152240753174,4.189152240753174,4.1136722501339795,4.189152240753174,130183,0.0,0.0
1990-06-22 00:00:00-04:00,4.15141190775859,4.15141190775859,4.000451564788818,4.000451564788818,490304,0.0,0.0
1990-06-25 00:00:00-04:00,4.038191318511963,4.0759311145587365,3.9627105836078234,4.038191318511963,128331,0.0,0.0
1990-06-26 00:00:00-04:00,4.038191745765487,4.075931545805251,4.000451564788818,4.000451564788818,106105,0.0,0.0
1990-06-27 00:00:00-04:00,4.038191745765487,4.038191745765487,3.962711002875245,4.000451564788818,99225,0.0,0.0
1990-06-28 00:00:00-04:00,3.9627096152765415,4.075930118560791,3.9627096152765415,4.075930118560791,175959,0.0,0.0
1990-06-29 00:00:00-04:00,4.075931545805251,4.15141190775859,3.962711002875245,4.000451564788818,358533,0.0,0.0
1990-07-02 00:00:00-04:00,4.000453007324518,4.113673210144043,3.9627124318019544,4.113673210144043,197921,0.0,0.0
1990-07-03 00:00:00-04:00,4.113670286322207,4.113670286322207,4.075930118560791,4.075930118560791,104517,0.0,0.0
1990-07-05 00:00:00-04:00,4.113671726781921,4.113671726781921,3.962711002875245,4.000451564788818,147911,0.0,0.0
1990-07-06 00:00:00-04:00,3.9627130031585693,4.0381937841497155,3.9627130031585693,3.9627130031585693,123304,0.0,0.0
1990-07-09 00:00:00-04:00,3.9627122501984915,4.000452823991477,3.9249720573425293,3.9249720573425293,376790,0.0,0.0
1990-07-10 00:00:00-04:00,3.962711002875245,4.038191745765487,3.924970821898576,4.000451564788818,278095,0.0,0.0
1990-07-11 00:00:00-04:00,4.00045258249349,4.1514129638671875,4.00045258249349,4.1514129638671875,243961,0.0,0.0
1990-07-12 00:00:00-04:00,4.151412197974095,4.302372932434082,4.151412197974095,4.302372932434082,556983,0.0,0.0
1990-07-13 00:00:00-04:00,4.264631748199463,4.3023726915754805,4.226891947634175,4.264631748199463,322812,0.0,0.0
1990-07-16 00:00:00-04:00,4.264632773726209,4.264632773726209,4.113672773289513,4.1514129638671875,878207,0.0,0.0
1990-07-17 00:00:00-04:00,4.1891532183780456,4.1891532183780456,4.075933015558521,4.113673210144043,287620,0.0,0.0
1990-07-18 00:00:00-04:00,4.0759311145587365,4.113671291542374,4.038191318511963,4.038191318511963,214061,0.0,0.0
1990-07-19 00:00:00-04:00,4.000451564788818,4.038191745765487,3.811750659905474,4.000451564788818,439765,0.0,0.0
1990-07-20 00:00:00-04:00,3.96271098551927,3.96271098551927,3.6607906818389893,3.6607906818389893,256662,0.0,0.0
1990-07-23 00:00:00-04:00,3.623050356710415,3.623050356710415,3.3966100189272677,3.547569990158081,1000453,0.0,0.0
1990-07-24 00:00:00-04:00,3.509830684567239,3.6985316276550293,3.509830684567239,3.6985316276550293,801473,0.0,0.0
1990-07-25 00:00:00-04:00,3.6985316276550293,3.774011623953164,3.660791439037471,3.6985316276550293,536873,0.0,0.0
1990-07-26 00:00:00-04:00,3.6985306302012964,3.8494905820852985,3.6985306302012964,3.7362704277038574,467548,0.0,0.0
1990-07-27 00:00:00-04:00,3.9249705580272995,3.9249705580272995,3.7362704277038574,3.7362704277038574,790096,0.0,0.0
1990-07-30 00:00:00-04:00,3.736271004062452,3.736271004062452,3.6230504512786865,3.6230504512786865,413041,0.0,0.0
1990-07-31 00:00:00-04:00,3.6607906818389893,3.736270662524834,3.623050120090713,3.6607906818389893,157437,0.0,0.0
1990-08-01 00:00:00-04:00,3.623050120090713,3.6607906818389893,3.5853099392793397,3.6607906818389893,229673,0.0,0.0
1990-08-02 00:00:00-04:00,3.585310466641692,3.585310466641692,3.4720902884909486,3.5098304748535156,164581,0.0,0.0
1990-08-03 00:00:00-04:00,3.4720898110960987,3.4720898110960987,3.056948960998507,3.358870029449463,1253410,0.0,0.0
1990-08-06 00:00:00-04:00,3.2833888964090394,3.2833888964090394,3.0569489527871117,3.1701691150665283,279418,0.0,0.0
1990-08-07 00:00:00-04:00,3.170168813306487,3.283388583871906,3.056948661804199,3.056948661804199,219353,0.0,0.0
1990-08-08 00:00:00-04:00,2.981468915939331,3.094689676443193,2.9437289163960405,2.981468915939331,1275372,0.0,0.0
1990-08-09 00:00:00-04:00,2.905988628345474,3.09468936920166,2.905988628345474,3.09468936920166,555925,0.0,0.0
1990-08-10 00:00:00-04:00,3.170168813306487,3.170168813306487,3.019207912919177,3.056948661804199,186278,0.0,0.0
1990-08-13 00:00:00-04:00,2.981468662099029,3.132429599761963,2.981468662099029,3.132429599761963,135475,0.0,0.0
1990-08-14 00:00:00-04:00,3.094689358624439,3.245649531762773,3.0569493629569746,3.207909345626831,291060,0.0,0.0
1990-08-15 00:00:00-04:00,3.2833893739099462,3.3588705089051376,3.2833893739099462,3.321129560470581,313551,0.0,0.0
1990-08-16 00:00:00-04:00,3.321129274806141,3.358870219994438,3.2456492891141857,3.283389091491699,218560,0.0,0.0
1990-08-17 00:00:00-04:00,3.245648787329056,3.245648787329056,3.019207912919177,3.056948661804199,265394,0.0,0.0
1990-08-20 00:00:00-04:00,3.056949428006952,3.0946894244774996,3.0192086696624756,3.0192086696624756,287091,0.0,0.0
1990-08-21 00:00:00-04:00,3.056949373405206,3.132429555466593,2.943728624141928,3.09468936920166,370969,0.0,0.0
1990-08-22 00:00:00-04:00,3.0946894335791306,3.0946894335791306,2.9437286853790283,2.9437286853790283,120128,0.0,0.0
1990-08-23 00:00:00-04:00,2.7927684783935547,2.8682486612091553,2.6795477279989517,2.7927684783935547,305878,0.0,0.0
1990-08-24 00:00:00-04:00,2.83050799369812,2.8682481739285617,2.6795472727763534,2.83050799369812,379701,0.0,0.0
1990-08-27 00:00:00-04:00,2.905988680250833,3.1324296114165295,2.8682486837802847,3.0192086696624756,456700,0.0,0.0
1990-08-28 00:00:00-04:00,3.019208915482621,3.019208915482621,2.9059889168527504,2.981468915939331,75940,0.0,0.0
1990-08-29 00:00:00-04:00,2.9437282068466777,2.981468197293209,2.9059882164001465,2.9059882164001465,183897,0.0,0.0
1990-08-30 00:00:00-04:00,2.86824893951416,2.9059889393496166,2.830508749210204,2.86824893951416,75411,0.0,0.0
1990-08-31 00:00:00-04:00,2.830508045038632,2.9437282068466777,2.830508045038632,2.9059882164001465,42071,0.0,0.0
1990-09-04 00:00:00-04:00,2.86824893951416,2.86824893951416,2.830508749210204,2.86824893951416,180193,0.0,0.0
1990-09-05 00:00:00-04:00,2.8305084745671145,2.8682486612091553,2.7927684783935547,2.7927684783935547,105840,0.0,0.0
1990-09-06 00:00:00-04:00,2.7927677885969757,2.7927677885969757,2.566326915142724,2.6418070793151855,259043,0.0,0.0
1990-09-07 00:00:00-04:00,2.6418075546515545,2.717288303810452,2.6418075546515545,2.6795475482940674,111926,0.0,0.0
1990-09-10 00:00:00-04:00,2.6795475482940674,2.6795475482940674,2.6418075546515545,2.6795475482940674,620222,0.0,0.0
1990-09-11 00:00:00-04:00,2.6795475482940674,2.6795475482940674,2.6040675610090416,2.6795475482940674,329692,0.0,0.0
1990-09-12 00:00:00-04:00,2.6795473060534065,2.6795473060534065,2.604067325592041,2.604067325592041,248459,0.0,0.0
1990-09-13 00:00:00-04:00,2.604067325592041,2.6418073158227235,2.5663271448929073,2.604067325592041,155056,0.0,0.0
1990-09-14 00:00:00-04:00,2.566327576302089,2.604067763345488,2.4908475831522567,2.528587579727173,203742,0.0,0.0
1990-09-17 00:00:00-04:00,2.528587343111857,2.528587343111857,2.4531073570251465,2.4531073570251465,126214,0.0,0.0
1990-09-18 00:00:00-04:00,2.41536808013916,2.4531080843724378,2.339887309798519,2.41536808013916,435002,0.0,0.0
1990-09-19 00:00:00-04:00,2.453107867554104,2.604068061613096,2.3021469116210938,2.3021469116210938,239198,0.0,0.0
1990-09-20 00:00:00-04:00,2.3021471899979935,2.3021471899979935,2.188927173614502,2.188927173614502,161406,0.0,0.0
1990-09-21 00:00:00-04:00,2.1889269643291747,2.1889269643291747,2.075706958770752,2.075706958770752,286826,0.0,0.0
1990-09-24 00:00:00-04:00,2.0002260310587143,2.0379660334461644,1.8492660215089152,1.9624860286712646,485541,0.0,0.0
1990-09-25 00:00:00-04:00,1.8870058001974759,1.962485796024448,1.8492658022839898,1.924745798110962,409865,0.0,0.0
1990-09-26 00:00:00-04:00,1.887005811976582,1.9247458101256494,1.7737858175293797,1.8492658138275146,866300,0.0,0.0
1990-09-27 00:00:00-04:00,1.8492657046223266,1.8870057005427239,1.6983047685983406,1.7360447645187378,740351,0.0,0.0
1990-09-28 00:00:00-04:00,1.6983047561938456,1.9624856780494337,1.6228247649043603,1.8870056867599487,800680,0.0,0.0
1990-10-01 00:00:00-04:00,2.0379652942560345,2.0757062352970324,1.9247453281596842,2.000225305557251,475751,0.0,0.0
1990-10-02 00:00:00-04:00,2.0002256736941764,2.037965669338919,1.8870056867599487,1.8870056867599487,449291,0.0,0.0
1990-10-03 00:00:00-04:00,1.8492656911152061,1.9247456824046913,1.8492656911152061,1.8870056867599487,514647,0.0,0.0
1990-10-04 00:00:00-04:00,1.8492653507621175,2.000225305557251,1.8492653507621175,2.000225305557251,150028,0.0,0.0
1990-10-05 00:00:00-04:00,1.9624860286712646,2.0002260310587143,1.887006023896365,1.9624860286712646,280476,0.0,0.0
1990-10-08 00:00:00-04:00,1.9247458101256494,2.000225806423784,1.7737858175293797,1.8492658138275146,598261,0.0,0.0
1990-10-09 00:00:00-04:00,1.8115255855758967,1.8115255855758967,1.6983046531677246,1.6983046531677246,296087,0.0,0.0
1990-10-10 00:00:00-04:00,1.698304529344228,1.698304529344228,1.5096044810917284,1.5850845575332642,567302,0.0,0.0
1990-10-11 00:00:00-04:00,1.5850843261615863,1.6228243112564087,1.5473442458325515,1.6228243112564087,242638,0.0,0.0
1990-10-12 00:00:00-04:00,1.6605647726779433,1.7360447645187378,1.622824776757546,1.7360447645187378,297410,0.0,0.0
1990-10-15 00:00:00-04:00,1.736044519947883,1.736044519947883,1.5850845575332642,1.5850845575332642,270157,0.0,0.0
1990-10-16 00:00:00-04:00,1.6228245481369188,1.6228245481369188,1.547344471695383,1.5850845575332642,358268,0.0,0.0
1990-10-17 00:00:00-04:00,1.6228245481369188,1.6228245481369188,1.547344471695383,1.5850845575332642,895671,0.0,0.0
1990-10-18 00:00:00-04:00,1.622824556391451,1.8115254627118187,1.622824556391451,1.7737854719161987,519939,0.0,0.0
1990-10-19 00:00:00-04:00,1.8492656982672027,1.924745689848605,1.8115257024765015,1.8115257024765015,502211,0.0,0.0
1990-10-22 00:00:00-04:00,1.8115256954704635,1.9624856780494337,1.8115256954704635,1.8870056867599487,397694,0.0,0.0
1990-10-23 00:00:00-04:00,1.887005811976582,1.9247458101256494,1.8115258156784473,1.8492658138275146,208240,0.0,0.0
1990-10-24 00:00:00-04:00,1.8492656982672027,1.8492656982672027,1.8115257024765015,1.8115257024765015,137592,0.0,0.0
1990-10-25 00:00:00-04:00,1.8115257087019294,1.8492657046223266,1.7360447645187378,1.7360447645187378,105046,0.0,0.0
1990-10-26 00:00:00-04:00,1.773785592220617,1.773785592220617,1.6605646598124446,1.6983046531677246,460933,0.0,0.0
1990-10-29 00:00:00-05:00,1.6983047685983406,1.7737857127815322,1.6983047685983406,1.7360447645187378,96579,0.0,0.0
1990-10-30 00:00:00-05:00,1.6983047685983406,1.7360447645187378,1.6983047685983406,1.7360447645187378,74088,0.0,0.0
1990-10-31 00:00:00-05:00,1.6983046531677246,1.7360446465230046,1.6605646598124446,1.6983046531677246,153203,0.0,0.0
1990-11-01 00:00:00-05:00,1.6983046531677246,1.7360446465230046,1.6983046531677246,1.6983046531677246,210886,0.0,0.0
1990-11-02 00:00:00-05:00,1.7360446465230046,1.7360446465230046,1.6605646598124446,1.6983046531677246,179134,0.0,0.0
1990-11-05 00:00:00-05:00,1.7360447645187378,1.8115257087019294,1.6983047685983406,1.7360447645187378,265658,0.0,0.0
1990-11-06 00:00:00-05:00,1.7737854719161987,1.8115254627118187,1.7360445287783108,1.7737854719161987,169609,0.0,0.0
1990-11-07 00:00:00-05:00,1.7737857069561884,1.7737857069561884,1.54734468460083,1.54734468460083,786920,0.0,0.0
1990-11-08 00:00:00-05:00,1.547344725891221,1.5850848179289967,1.358643884765375,1.3963838815689087,1122169,0.0,0.0
1990-11-09 00:00:00-05:00,1.3963838815689087,1.43412473548062,1.3209038879618413,1.3963838815689087,1028500,0.0,0.0
1990-11-12 00:00:00-05:00,1.4718647003173828,1.5473446922851342,1.3963838512414728,1.4718647003173828,288679,0.0,0.0
1990-11-13 00:00:00-05:00,1.4718647003173828,1.4718647003173828,1.3963838512414728,1.4718647003173828,318578,0.0,0.0
1990-11-14 00:00:00-05:00,1.4718644904880738,1.5850845575332642,1.4341244998844191,1.5850845575332642,1754563,0.0,0.0
1990-11-15 00:00:00-05:00,1.5850845575332642,1.5850845575332642,1.5096044810917284,1.5850845575332642,601171,0.0,0.0
1990-11-16 00:00:00-05:00,1.5850845575332642,1.6228245481369188,1.5096044810917284,1.5850845575332642,233642,0.0,0.0
1990-11-19 00:00:00-05:00,1.5850845575332642,1.6228245481369188,1.547344471695383,1.5850845575332642,175694,0.0,0.0
1990-11-20 00:00:00-05:00,1.5473445661574166,1.585084654299248,1.509604573249817,1.509604573249817,341863,0.0,0.0
1990-11-21 00:00:00-05:00,1.509604573249817,1.509604573249817,1.434124587434618,1.509604573249817,148176,0.0,0.0
1990-11-23 00:00:00-05:00,1.509604688804376,1.6228247714279778,1.509604688804376,1.54734468460083,114043,0.0,0.0
1990-11-26 00:00:00-05:00,1.509604688804376,1.54734468460083,1.4718646930079218,1.54734468460083,121716,0.0,0.0
1990-11-27 00:00:00-05:00,1.509604688804376,1.54734468460083,1.4718646930079218,1.54734468460083,270686,0.0,0.0
1990-11-28 00:00:00-05:00,1.5473445661574166,1.5473445661574166,1.509604573249817,1.509604573249817,129389,0.0,0.0
1990-11-29 00:00:00-05:00,1.509604573249817,1.509604573249817,1.4718645803422175,1.509604573249817,397958,0.0,0.0
1990-11-30 00:00:00-05:00,1.4341247043335072,1.4718647003173828,1.4341247043335072,1.4718647003173828,174901,0.0,0.0
1990-12-03 00:00:00-05:00,1.4718647322841536,1.4718647322841536,1.3963838815689087,1.3963838815689087,606463,0.0,0.0
1990-12-04 00:00:00-05:00,1.396383738910371,1.4718645819142782,1.3586437459624625,1.4341245889663696,932450,0.0,0.0
1990-12-05 00:00:00-05:00,1.4341244998844191,1.5850845575332642,1.4341244998844191,1.5850845575332642,1025854,0.0,0.0
1990-12-06 00:00:00-05:00,1.660564767224432,1.698304763020886,1.54734468460083,1.54734468460083,3375767,0.0,0.0
1990-12-07 00:00:00-05:00,1.5850847835032496,1.5850847835032496,1.4718647003173828,1.4718647003173828,248724,0.0,0.0
1990-12-10 00:00:00-05:00,1.509604574862187,1.509604574862187,1.4341245889663696,1.4341245889663696,364883,0.0,0.0
1990-12-11 00:00:00-05:00,1.4341247043335072,1.5096046963012586,1.3963838512414728,1.4718647003173828,311963,0.0,0.0
1990-12-12 00:00:00-05:00,1.4718647003173828,1.5850847835032496,1.4341247043335072,1.4718647003173828,545341,0.0,0.0
1990-12-13 00:00:00-05:00,1.4341245889663696,1.4341245889663696,1.3586437459624625,1.4341245889663696,1116347,0.0,0.0
1990-12-14 00:00:00-05:00,1.4341247043335072,1.4718647003173828,1.3963838512414728,1.4718647003173828,241315,0.0,0.0
1990-12-17 00:00:00-05:00,1.43412473548062,1.4718647322841536,1.3963838815689087,1.3963838815689087,258250,0.0,0.0
1990-12-18 00:00:00-05:00,1.4341249920655887,1.4341249920655887,1.3209041242900172,1.3586441278457642,649858,0.0,0.0
1990-12-19 00:00:00-05:00,1.3586441278457642,1.396384131401511,1.3209041242900172,1.3586441278457642,555395,0.0,0.0
1990-12-20 00:00:00-05:00,1.3586441278457642,1.396384131401511,1.2076840183885178,1.3586441278457642,980872,0.0,0.0
1990-12-21 00:00:00-05:00,1.3586441278457642,1.396384131401511,1.3586441278457642,1.3586441278457642,652768,0.0,0.0
1990-12-24 00:00:00-05:00,1.3586441278457642,1.396384131401511,1.3209041242900172,1.3586441278457642,361444,0.0,0.0
1990-12-26 00:00:00-05:00,1.358643884765375,1.3963838815689087,1.3209038879618413,1.3963838815689087,613607,0.0,0.0
1990-12-27 00:00:00-05:00,1.3963838815689087,1.5096047290876873,1.358643884765375,1.3963838815689087,672084,0.0,0.0
1990-12-28 00:00:00-05:00,1.3963838815689087,1.43412473548062,1.358643884765375,1.3963838815689087,680816,0.0,0.0
1990-12-31 00:00:00-05:00,1.3963838512414728,1.4718647003173828,1.358643855257597,1.4718647003173828,873180,0.0,0.0
1991-01-02 00:00:00-05:00,1.434124587434618,1.5473445661574166,1.434124587434618,1.509604573249817,531846,0.0,0.0
1991-01-03 00:00:00-05:00,1.509604573249817,1.509604573249817,1.4718645803422175,1.509604573249817,168550,0.0,0.0
1991-01-04 00:00:00-05:00,1.4718647003173828,1.5096046963012586,1.4718647003173828,1.4718647003173828,192893,0.0,0.0
1991-01-07 00:00:00-05:00,1.4718647322841536,1.4718647322841536,1.3963838815689087,1.3963838815689087,166169,0.0,0.0
1991-01-08 00:00:00-05:00,1.396384131401511,1.396384131401511,1.3209041242900172,1.3586441278457642,458816,0.0,0.0
1991-01-09 00:00:00-05:00,1.3586435265096066,1.3963835133616205,1.3209035396575928,1.3209035396575928,392931,0.0,0.0
1991-01-10 00:00:00-05:00,1.3209041242900172,1.3586441278457642,1.3209041242900172,1.3586441278457642,228614,0.0,0.0
1991-01-11 00:00:00-05:00,1.3586437489067498,1.3586437489067498,1.245423674583435,1.245423674583435,628425,0.0,0.0
1991-01-14 00:00:00-05:00,1.2076836807180038,1.3209037549629683,1.2076836807180038,1.2831636667251587,757021,0.0,0.0
1991-01-15 00:00:00-05:00,1.2454236737215811,1.2831636667251587,1.2454236737215811,1.2831636667251587,468342,0.0,0.0
1991-01-16 00:00:00-05:00,1.2831636667251587,1.3209037549629683,1.2454236737215811,1.2831636667251587,182574,0.0,0.0
1991-01-17 00:00:00-05:00,1.396384131401511,1.396384131401511,1.3209041242900172,1.3586441278457642,534492,0.0,0.0
1991-01-18 00:00:00-05:00,1.3586441278457642,1.3586441278457642,1.3209041242900172,1.3586441278457642,286297,0.0,0.0
1991-01-21 00:00:00-05:00,1.3209038879618413,1.43412473548062,1.3209038879618413,1.3963838815689087,309847,0.0,0.0
1991-01-22 00:00:00-05:00,1.3963838512414728,1.5473446922851342,1.3963838512414728,1.4718647003173828,570213,0.0,0.0
1991-01-23 00:00:00-05:00,1.5096042607377291,1.6228243112564087,1.5096042607377291,1.6228243112564087,600642,0.0,0.0
1991-01-24 00:00:00-05:00,1.698304529344228,1.698304529344228,1.547344471695383,1.5850845575332642,837459,0.0,0.0
1991-01-25 00:00:00-05:00,1.5850847756315236,1.5850847756315236,1.54734468460083,1.54734468460083,450878,0.0,0.0
1991-01-28 00:00:00-05:00,1.5850845575332642,1.6228245481369188,1.547344471695383,1.5850845575332642,292912,0.0,0.0
1991-01-29 00:00:00-05:00,1.5850843261615863,1.660564296351231,1.5473442458325515,1.6228243112564087,735588,0.0,0.0
1991-01-30 00:00:00-05:00,1.6228243112564087,1.660564296351231,1.5850843261615863,1.6228243112564087,583972,0.0,0.0
1991-01-31 00:00:00-05:00,1.660564296351231,1.660564296351231,1.5850843261615863,1.6228243112564087,379172,0.0,0.0
1991-02-01 00:00:00-05:00,1.5850845575332642,1.6228245481369188,1.5850845575332642,1.5850845575332642,423889,0.0,0.0
1991-02-04 00:00:00-05:00,1.622824556391451,1.8115254627118187,1.585084565595831,1.7737854719161987,2601283,0.0,0.0
1991-02-05 00:00:00-05:00,1.8870056940579039,1.924745689848605,1.7737857066858,1.8115257024765015,1705347,0.0,0.0
1991-02-06 00:00:00-05:00,1.7737860167340156,2.0002260310587143,1.7360450620040055,1.9624860286712646,1360838,0.0,0.0
1991-02-07 00:00:00-05:00,1.924745798110962,2.0379657918514202,1.8870058001974759,1.924745798110962,1402115,0.0,0.0
1991-02-08 00:00:00-05:00,1.7737860716441594,1.7737860716441594,1.3209041242900172,1.3586441278457642,8294152,0.0,0.0
1991-02-11 00:00:00-05:00,1.3963838815689087,1.547344725891221,1.358643884765375,1.3963838815689087,3100054,0.0,0.0
1991-02-12 00:00:00-05:00,1.3963837419364438,1.4341245920742298,1.2076836815537408,1.245423674583435,2866941,0.0,0.0
1991-02-13 00:00:00-05:00,1.2831637959240656,1.43412473548062,1.2831637959240656,1.3963838815689087,1101001,0.0,0.0
1991-02-14 00:00:00-05:00,1.3963835133616205,1.4718643441735997,1.3209035396575928,1.3209035396575928,1021091,0.0,0.0
1991-02-15 00:00:00-05:00,1.3586441278457642,1.3586441278457642,1.2831640255000114,1.3586441278457642,1253410,0.0,0.0
1991-02-19 00:00:00-05:00,1.3963835133616205,1.3963835133616205,1.3209035396575928,1.3209035396575928,600113,0.0,0.0
1991-02-20 00:00:00-05:00,1.3586441278457642,1.3586441278457642,1.3209041242900172,1.3586441278457642,284974,0.0,0.0
1991-02-21 00:00:00-05:00,1.3586437479665459,1.3586437479665459,1.2831636667251587,1.2831636667251587,335513,0.0,0.0
1991-02-22 00:00:00-05:00,1.3209035396575928,1.3963835133616205,1.3209035396575928,1.3209035396575928,590852,0.0,0.0
1991-02-25 00:00:00-05:00,1.3586441278457642,1.396384131401511,1.3209041242900172,1.3586441278457642,254016,0.0,0.0
1991-02-26 00:00:00-05:00,1.3586441278457642,1.3586441278457642,1.3209041242900172,1.3586441278457642,225704,0.0,0.0
1991-02-27 00:00:00-05:00,1.3586435265096066,1.3586435265096066,1.3209035396575928,1.3209035396575928,504063,0.0,0.0
1991-02-28 00:00:00-05:00,1.3209041242900172,1.3586441278457642,1.3209041242900172,1.3586441278457642,360385,0.0,0.0
1991-03-01 00:00:00-05:00,1.3586435265096066,1.3586435265096066,1.283163457571362,1.3209035396575928,510413,0.0,0.0
1991-03-04 00:00:00-05:00,1.3209035396575928,1.3586435265096066,1.283163457571362,1.3209035396575928,341863,0.0,0.0
1991-03-05 00:00:00-05:00,1.3209035396575928,1.3586435265096066,1.283163457571362,1.3209035396575928,776072,0.0,0.0
1991-03-06 00:00:00-05:00,1.3586438485104047,1.5850847756315236,1.3209038527139505,1.54734468460083,2254921,0.0,0.0
1991-03-07 00:00:00-05:00,1.5850845575332642,1.5850845575332642,1.5096044810917284,1.5850845575332642,959969,0.0,0.0
1991-03-08 00:00:00-05:00,1.585084654299248,1.6228246472068475,1.509604573249817,1.509604573249817,1026383,0.0,0.0
1991-03-11 00:00:00-05:00,1.5096044810917284,1.5850845575332642,1.5096044810917284,1.5850845575332642,646682,0.0,0.0
1991-03-12 00:00:00-05:00,1.5850847835032496,1.5850847835032496,1.4341247043335072,1.4718647003173828,711245,0.0,0.0
1991-03-13 00:00:00-05:00,1.4718645803422175,1.5473445661574166,1.4718645803422175,1.509604573249817,511736,0.0,0.0
1991-03-14 00:00:00-05:00,1.5850847835032496,1.5850847835032496,1.4718647003173828,1.4718647003173828,565450,0.0,0.0
1991-03-15 00:00:00-05:00,1.5096046963012586,1.5096046963012586,1.4718647003173828,1.4718647003173828,489510,0.0,0.0
1991-03-18 00:00:00-05:00,1.4718645819142782,1.4718645819142782,1.396383738910371,1.4341245889663696,493744,0.0,0.0
1991-03-19 00:00:00-05:00,1.43412473548062,1.43412473548062,1.3209038879618413,1.3963838815689087,1571989,0.0,0.0
1991-03-20 00:00:00-05:00,1.396383738910371,1.4341245889663696,1.3586437459624625,1.4341245889663696,245813,0.0,0.0
1991-03-21 00:00:00-05:00,1.43412473548062,1.43412473548062,1.358643884765375,1.3963838815689087,340276,0.0,0.0
1991-03-22 00:00:00-05:00,1.358643884765375,1.43412473548062,1.358643884765375,1.3963838815689087,1088564,0.0,0.0
1991-03-25 00:00:00-05:00,1.434124587434618,1.5473445661574166,1.3963837374189296,1.509604573249817,954677,0.0,0.0
1991-03-26 00:00:00-05:00,1.5473442458325515,1.660564296351231,1.5473442458325515,1.6228243112564087,3323376,0.0,0.0
1991-03-27 00:00:00-05:00,1.660564767224432,1.698304763020886,1.509604688804376,1.54734468460083,1766470,0.0,0.0
1991-03-28 00:00:00-05:00,1.6228243112564087,1.6983042814460536,1.5850843261615863,1.6228243112564087,1627025,0.0,0.0
1991-04-01 00:00:00-05:00,1.6228247714279778,1.660564767224432,1.509604688804376,1.54734468460083,587677,0.0,0.0
1991-04-02 00:00:00-05:00,1.5096044810917284,1.5850845575332642,1.5096044810917284,1.5850845575332642,1050991,0.0,0.0
1991-04-03 00:00:00-05:00,1.5850847756315236,1.6228247714279778,1.54734468460083,1.54734468460083,870534,0.0,0.0
1991-04-04 00:00:00-05:00,1.509604573249817,1.5473445661574166,1.4718645803422175,1.509604573249817,765752,0.0,0.0
1991-04-05 00:00:00-05:00,1.54734468460083,1.54734468460083,1.509604688804376,1.54734468460083,198979,0.0,0.0
1991-04-08 00:00:00-04:00,1.509604573249817,1.5473445661574166,1.4718645803422175,1.509604573249817,461462,0.0,0.0
1991-04-09 00:00:00-04:00,1.509604573249817,1.5473445661574166,1.434124587434618,1.509604573249817,586354,0.0,0.0
1991-04-10 00:00:00-04:00,1.4718645819142782,1.4718645819142782,1.4341245889663696,1.4341245889663696,483424,0.0,0.0
1991-04-11 00:00:00-04:00,1.4718644904880738,1.5850845575332642,1.4718644904880738,1.5850845575332642,562540,0.0,0.0
1991-04-12 00:00:00-04:00,1.5850847835032496,1.5850847835032496,1.4718647003173828,1.4718647003173828,606992,0.0,0.0
1991-04-15 00:00:00-04:00,1.4718645819142782,1.4718645819142782,1.396383738910371,1.4341245889663696,1062104,0.0,0.0
1991-04-16 00:00:00-04:00,1.3963837374189296,1.509604573249817,1.3963837374189296,1.509604573249817,753581,0.0,0.0
1991-04-17 00:00:00-04:00,1.5096046937621148,1.7360447645187378,1.5096046937621148,1.7360447645187378,3938042,0.0,0.0
1991-04-18 00:00:00-04:00,1.7360446465230046,1.773785592220617,1.6605646598124446,1.6983046531677246,1713814,0.0,0.0
1991-04-19 00:00:00-04:00,1.6605647726779433,1.7360447645187378,1.6605647726779433,1.7360447645187378,1122169,0.0,0.0
1991-04-22 00:00:00-04:00,1.736044867037859,1.887005811976582,1.736044867037859,1.8492658138275146,1564580,0.0,0.0
1991-04-23 00:00:00-04:00,1.8870054443030586,1.8870054443030586,1.6983045379826909,1.7737854719161987,843280,0.0,0.0
1991-04-24 00:00:00-04:00,1.773785592220617,1.773785592220617,1.6983046531677246,1.6983046531677246,774484,0.0,0.0
1991-04-25 00:00:00-04:00,1.7360446465230046,1.8115255855758967,1.6605646598124446,1.6983046531677246,1452654,0.0,0.0
1991-04-26 00:00:00-04:00,1.6983047763274453,1.6983047763274453,1.622824784143136,1.6605647802352905,834548,0.0,0.0
1991-04-29 00:00:00-04:00,1.6605647802352907,1.6983047763274453,1.5850847880509815,1.6605647802352905,447703,0.0,0.0
1991-04-30 00:00:00-04:00,1.6228247714279778,1.660564767224432,1.54734468460083,1.54734468460083,840634,0.0,0.0
1991-05-01 00:00:00-04:00,1.54734468460083,1.5850847756315236,1.509604688804376,1.54734468460083,1114760,0.0,0.0
1991-05-02 00:00:00-04:00,1.5473445661574166,1.5473445661574166,1.509604573249817,1.509604573249817,741938,0.0,0.0
1991-05-03 00:00:00-04:00,1.509604688804376,1.54734468460083,1.4718646930079218,1.54734468460083,297940,0.0,0.0
1991-05-06 00:00:00-04:00,1.509604573249817,1.5473445661574166,1.509604573249817,1.509604573249817,219618,0.0,0.0
1991-05-07 00:00:00-04:00,1.509604688804376,1.54734468460083,1.4718646930079218,1.54734468460083,392931,0.0,0.0
1991-05-08 00:00:00-04:00,1.509604573249817,1.509604573249817,1.4718645803422175,1.509604573249817,581591,0.0,0.0
1991-05-09 00:00:00-04:00,1.5096044810917284,1.5850845575332642,1.5096044810917284,1.5850845575332642,178340,0.0,0.0
1991-05-10 00:00:00-04:00,1.5850847756315236,1.5850847756315236,1.509604688804376,1.54734468460083,245813,0.0,0.0
1991-05-13 00:00:00-04:00,1.54734468460083,1.5850847756315236,1.509604688804376,1.54734468460083,152674,0.0,0.0
1991-05-14 00:00:00-04:00,1.5473445661574166,1.5473445661574166,1.509604573249817,1.509604573249817,318843,0.0,0.0
1991-05-15 00:00:00-04:00,1.509604574862187,1.5473445678100954,1.4341245889663696,1.4341245889663696,419920,0.0,0.0
1991-05-16 00:00:00-04:00,1.509604573249817,1.509604573249817,1.4718645803422175,1.509604573249817,193158,0.0,0.0
1991-05-17 00:00:00-04:00,1.5096046963012586,1.5096046963012586,1.4718647003173828,1.4718647003173828,237611,0.0,0.0
1991-05-20 00:00:00-04:00,1.4718645803422175,1.509604573249817,1.4718645803422175,1.509604573249817,121981,0.0,0.0
1991-05-21 00:00:00-04:00,1.5096046963012586,1.5096046963012586,1.4718647003173828,1.4718647003173828,136798,0.0,0.0
1991-05-22 00:00:00-04:00,1.5096046963012586,1.5096046963012586,1.4718647003173828,1.4718647003173828,176753,0.0,0.0
1991-05-23 00:00:00-04:00,1.4718647003173828,1.4718647003173828,1.3963838512414728,1.4718647003173828,770515,0.0,0.0
1991-05-24 00:00:00-04:00,1.4718645819142782,1.4718645819142782,1.396383738910371,1.4341245889663696,965525,0.0,0.0
1991-05-28 00:00:00-04:00,1.4341245889663696,1.4341245889663696,1.396383738910371,1.4341245889663696,283651,0.0,0.0
1991-05-29 00:00:00-04:00,1.396383738910371,1.4341245889663696,1.396383738910371,1.4341245889663696,1556906,0.0,0.0
1991-05-30 00:00:00-04:00,1.3586435265096066,1.3963835133616205,1.283163457571362,1.3209035396575928,1359250,0.0,0.0
1991-05-31 00:00:00-04:00,1.358643884765375,1.43412473548062,1.3209038879618413,1.3963838815689087,629219,0.0,0.0
1991-06-03 00:00:00-04:00,1.3963838815689087,1.43412473548062,1.358643884765375,1.3963838815689087,255868,0.0,0.0
1991-06-04 00:00:00-04:00,1.3963838815689087,1.43412473548062,1.358643884765375,1.3963838815689087,285768,0.0,0.0
1991-06-05 00:00:00-04:00,1.3963838815689087,1.3963838815689087,1.358643884765375,1.3963838815689087,215914,0.0,0.0
1991-06-06 00:00:00-04:00,1.396384131401511,1.396384131401511,1.3586441278457642,1.3586441278457642,231790,0.0,0.0
1991-06-07 00:00:00-04:00,1.358643884765375,1.3963838815689087,1.358643884765375,1.3963838815689087,177282,0.0,0.0
1991-06-10 00:00:00-04:00,1.3586441278457642,1.396384131401511,1.3209041242900172,1.3586441278457642,142090,0.0,0.0
1991-06-11 00:00:00-04:00,1.3209041242900172,1.396384131401511,1.3209041242900172,1.3586441278457642,189983,0.0,0.0
1991-06-12 00:00:00-04:00,1.3586435265096066,1.3586435265096066,1.3209035396575928,1.3209035396575928,376526,0.0,0.0
1991-06-13 00:00:00-04:00,1.3209035396575928,1.3209035396575928,1.283163457571362,1.3209035396575928,262748,0.0,0.0
1991-06-14 00:00:00-04:00,1.2831636667251587,1.3209037549629683,1.2831636667251587,1.2831636667251587,150028,0.0,0.0
1991-06-17 00:00:00-04:00,1.283163457571362,1.3209035396575928,1.283163457571362,1.3209035396575928,204800,0.0,0.0
1991-06-18 00:00:00-04:00,1.3209041242900172,1.396384131401511,1.3209041242900172,1.3586441278457642,321754,0.0,0.0
1991-06-19 00:00:00-04:00,1.396384131401511,1.396384131401511,1.3586441278457642,1.3586441278457642,140503,0.0,0.0
1991-06-20 00:00:00-04:00,1.3586435265096066,1.3586435265096066,1.3209035396575928,1.3209035396575928,51597,0.0,0.0
1991-06-21 00:00:00-04:00,1.3209041242900172,1.3586441278457642,1.3209041242900172,1.3586441278457642,196333,0.0,0.0
1991-06-24 00:00:00-04:00,1.3209037549629683,1.3209037549629683,1.2831636667251587,1.2831636667251587,437913,0.0,0.0
1991-06-25 00:00:00-04:00,1.2831636667251587,1.3209037549629683,1.2454236737215811,1.2831636667251587,248195,0.0,0.0
1991-06-26 00:00:00-04:00,1.2454237822713685,1.2454237822713685,1.0944629399913843,1.1322036981582642,1579927,0.0,0.0
1991-06-27 00:00:00-04:00,1.1322036981582642,1.1322036981582642,1.0567229436984298,1.1322036981582642,1056283,0.0,0.0
1991-06-28 00:00:00-04:00,1.1322039363687635,1.20768404006958,1.0567231660281222,1.20768404006958,670496,0.0,0.0
1991-07-01 00:00:00-04:00,1.207683785978414,1.2454237822713685,1.0944629399913843,1.1322036981582642,449026,0.0,0.0
1991-07-02 00:00:00-04:00,1.132203601978773,1.1699436902999878,1.09446284701793,1.1699436902999878,219883,0.0,0.0
1991-07-03 00:00:00-04:00,1.1699437896854594,1.1699437896854594,1.0944629399913843,1.1322036981582642,153203,0.0,0.0
1991-07-05 00:00:00-04:00,1.1322036981582642,1.1322036981582642,1.0944629399913843,1.1322036981582642,327839,0.0,0.0
1991-07-08 00:00:00-04:00,1.1322036981582642,1.1322036981582642,1.0567229436984298,1.1322036981582642,369382,0.0,0.0
1991-07-09 00:00:00-04:00,1.1322038739984095,1.1322038739984095,1.0567231078158197,1.0944631099700928,688754,0.0,0.0
1991-07-10 00:00:00-04:00,1.1322036981582642,1.1699437896854594,1.1322036981582642,1.1322036981582642,272803,0.0,0.0
1991-07-11 00:00:00-04:00,1.132203601978773,1.1699436902999878,1.132203601978773,1.1699436902999878,169873,0.0,0.0
1991-07-12 00:00:00-04:00,1.1699436885240468,1.245423674583435,1.1699436885240468,1.245423674583435,340276,0.0,0.0
1991-07-15 00:00:00-04:00,1.245424044302858,1.245424044302858,1.1699440358363022,1.20768404006958,341599,0.0,0.0
1991-07-16 00:00:00-04:00,1.2076836833869702,1.2076836833869702,1.132203601978773,1.1699436902999878,129654,0.0,0.0
1991-07-17 00:00:00-04:00,1.1322038739984095,1.1322038739984095,1.0944631099700928,1.0944631099700928,313286,0.0,0.0
1991-07-18 00:00:00-04:00,1.1322038739984095,1.1322038739984095,1.0944631099700928,1.0944631099700928,116159,0.0,0.0
1991-07-19 00:00:00-04:00,1.0944629399913843,1.1699437896854594,1.0944629399913843,1.1322036981582642,335513,0.0,0.0
1991-07-22 00:00:00-04:00,1.1322036981582642,1.1322036981582642,1.0944629399913843,1.1322036981582642,175430,0.0,0.0
1991-07-23 00:00:00-04:00,1.1322036981582642,1.1699437896854594,1.0944629399913843,1.1322036981582642,539519,0.0,0.0
1991-07-24 00:00:00-04:00,1.1322038739984095,1.1322038739984095,1.0944631099700928,1.0944631099700928,107163,0.0,0.0
1991-07-25 00:00:00-04:00,1.0944629399913843,1.1322036981582642,1.0944629399913843,1.1322036981582642,247401,0.0,0.0
1991-07-26 00:00:00-04:00,1.0944629399913843,1.1322036981582642,1.0567229436984298,1.1322036981582642,339482,0.0,0.0
1991-07-29 00:00:00-04:00,1.1322040124504462,1.1322040124504462,1.0567232370376587,1.0567232370376587,65621,0.0,0.0
1991-07-30 00:00:00-04:00,1.0944632438069841,1.0944632438069841,1.0189831350340661,1.0567232370376587,623927,0.0,0.0
1991-07-31 00:00:00-04:00,1.0189830167230822,1.0189830167230822,0.9435030119481825,0.9812430143356323,520733,0.0,0.0
1991-08-01 00:00:00-04:00,0.9435024505664099,1.0189824104309082,0.9435024505664099,1.0189824104309082,455641,0.0,0.0
1991-08-02 00:00:00-04:00,1.0189824104309082,1.0567224855973567,0.9812424304986591,1.0189824104309082,297146,0.0,0.0
1991-08-05 00:00:00-04:00,1.0189824104309082,1.0567224855973567,1.0189824104309082,1.0189824104309082,371498,0.0,0.0
1991-08-06 00:00:00-04:00,1.0189824104309082,1.0567224855973567,0.9812424304986591,1.0189824104309082,196069,0.0,0.0
1991-08-07 00:00:00-04:00,1.0189831350340661,1.0567232370376587,1.0189831350340661,1.0567232370376587,272538,0.0,0.0
1991-08-08 00:00:00-04:00,1.0567232370376587,1.0567232370376587,1.0189831350340661,1.0567232370376587,153203,0.0,0.0
1991-08-09 00:00:00-04:00,1.0189824104309082,1.0567224855973567,0.9812424304986591,1.0189824104309082,349007,0.0,0.0
1991-08-12 00:00:00-04:00,1.0567224855973567,1.0567224855973567,0.9812424304986591,1.0189824104309082,116689,0.0,0.0
1991-08-13 00:00:00-04:00,1.0567228539309477,1.1699436902999878,1.0567228539309477,1.1699436902999878,2014135,0.0,0.0
1991-08-14 00:00:00-04:00,1.1699436902999878,1.2076836833869702,1.132203601978773,1.1699436902999878,940653,0.0,0.0
1991-08-15 00:00:00-04:00,1.1322039363687635,1.245424044302858,1.0944631702614003,1.20768404006958,1399469,0.0,0.0
1991-08-16 00:00:00-04:00,1.1699437896854594,1.207683785978414,1.1322036981582642,1.1322036981582642,370175,0.0,0.0
1991-08-19 00:00:00-04:00,1.0567231078158197,1.0944631099700928,1.0189830104272912,1.0944631099700928,223852,0.0,0.0
1991-08-20 00:00:00-04:00,1.0944629399913843,1.1322036981582642,1.0944629399913843,1.1322036981582642,81232,0.0,0.0
1991-08-21 00:00:00-04:00,1.1322036981582642,1.1699437896854594,1.0944629399913843,1.1322036981582642,141561,0.0,0.0
1991-08-22 00:00:00-04:00,1.1322036981582642,1.1322036981582642,1.0944629399913843,1.1322036981582642,56095,0.0,0.0
1991-08-23 00:00:00-04:00,1.0944629399913843,1.1322036981582642,1.0944629399913843,1.1322036981582642,118541,0.0,0.0
1991-08-26 00:00:00-04:00,1.1322038739984095,1.1322038739984095,1.0944631099700928,1.0944631099700928,114307,0.0,0.0
1991-08-27 00:00:00-04:00,1.0944631099700928,1.0944631099700928,1.0567231078158197,1.0944631099700928,136798,0.0,0.0
1991-08-28 00:00:00-04:00,1.0567232370376587,1.0944632438069841,1.0189831350340661,1.0567232370376587,177547,0.0,0.0
1991-08-29 00:00:00-04:00,1.0567231078158197,1.0944631099700928,1.0189830104272912,1.0944631099700928,413834,0.0,0.0
1991-08-30 00:00:00-04:00,1.0944632438069841,1.0944632438069841,1.0567232370376587,1.0567232370376587,555131,0.0,0.0
1991-09-03 00:00:00-04:00,1.0567232370376587,1.0567232370376587,1.0189831350340661,1.0567232370376587,86524,0.0,0.0
1991-09-04 00:00:00-04:00,1.0189830167230822,1.0189830167230822,0.9812430143356323,0.9812430143356323,391343,0.0,0.0
1991-09-05 00:00:00-04:00,1.0189830167230822,1.0189830167230822,0.9812430143356323,0.9812430143356323,360385,0.0,0.0
1991-09-06 00:00:00-04:00,0.9812430143356323,0.9812430143356323,0.9435030119481825,0.9812430143356323,284974,0.0,0.0
1991-09-09 00:00:00-04:00,0.9812430143356323,0.9812430143356323,0.9435030119481825,0.9812430143356323,168286,0.0,0.0
1991-09-10 00:00:00-04:00,0.9812424304986591,1.0189824104309082,0.9435024505664099,1.0189824104309082,513324,0.0,0.0
1991-09-11 00:00:00-04:00,1.0189828346694596,1.0189828346694596,0.9435028433799744,0.9435028433799744,282593,0.0,0.0
1991-09-12 00:00:00-04:00,0.9812430143356323,0.9812430143356323,0.9435030119481825,0.9812430143356323,246343,0.0,0.0
1991-09-13 00:00:00-04:00,0.9812430143356323,0.9812430143356323,0.9435030119481825,0.9812430143356323,248724,0.0,0.0
1991-09-16 00:00:00-04:00,0.9812428428196531,0.9812428428196531,0.9057628512382507,0.9057628512382507,429181,0.0,0.0
1991-09-17 00:00:00-04:00,0.9057629544207347,0.9057629544207347,0.8302828590065697,0.8680228590965271,895142,0.0,0.0
1991-09-18 00:00:00-04:00,0.8680228590965271,0.8680228590965271,0.754802049335528,0.8680228590965271,698544,0.0,0.0
1991-09-19 00:00:00-04:00,0.8680227568562502,0.9435028433799744,0.8680227568562502,0.9435028433799744,465696,0.0,0.0
1991-09-20 00:00:00-04:00,0.9435028433799744,0.9435028433799744,0.9057628477352317,0.9435028433799744,167227,0.0,0.0
1991-09-23 00:00:00-04:00,0.9057629544207347,0.9057629544207347,0.8680228590965271,0.8680228590965271,373615,0.0,0.0
1991-09-24 00:00:00-04:00,0.86802276021331,0.9057628512382507,0.86802276021331,0.9057628512382507,128066,0.0,0.0
1991-09-25 00:00:00-04:00,0.8680227568562502,0.9812428390247169,0.8680227568562502,0.9435028433799744,270421,0.0,0.0
1991-09-26 00:00:00-04:00,0.9435030119481825,0.9812430143356323,0.9435030119481825,0.9812430143356323,105575,0.0,0.0
1991-09-27 00:00:00-04:00,0.9435028433799744,0.9812428390247169,0.9057628477352317,0.9435028433799744,151616,0.0,0.0
1991-09-30 00:00:00-04:00,0.9435028470289519,0.9435028470289519,0.9057628512382507,0.9057628512382507,68002,0.0,0.0
1991-10-01 00:00:00-04:00,0.9435028470289519,0.9435028470289519,0.9057628512382507,0.9057628512382507,87583,0.0,0.0
1991-10-02 00:00:00-04:00,0.9057628512382507,0.9435028470289519,0.9057628512382507,0.9057628512382507,73294,0.0,0.0
1991-10-03 00:00:00-04:00,0.9435028433799744,0.9435028433799744,0.9057628477352317,0.9435028433799744,138121,0.0,0.0
1991-10-04 00:00:00-04:00,0.9057628512382507,0.9435028470289519,0.9057628512382507,0.9057628512382507,94198,0.0,0.0
1991-10-07 00:00:00-04:00,0.9435028433799744,0.9435028433799744,0.9057628477352317,0.9435028433799744,63769,0.0,0.0
1991-10-08 00:00:00-04:00,0.9435028433799744,0.9812428390247169,0.9057628477352317,0.9435028433799744,214855,0.0,0.0
1991-10-09 00:00:00-04:00,0.9435028433799744,0.9812428390247169,0.9057628477352317,0.9435028433799744,66679,0.0,0.0
1991-10-10 00:00:00-04:00,0.9435030119481825,0.9812430143356323,0.9435030119481825,0.9812430143356323,230731,0.0,0.0
1991-10-11 00:00:00-04:00,0.9812430143356323,0.9812430143356323,0.9435030119481825,0.9812430143356323,88906,0.0,0.0
1991-10-14 00:00:00-04:00,0.9812430143356323,1.0189830167230822,0.9435030119481825,0.9812430143356323,245549,0.0,0.0
1991-10-15 00:00:00-04:00,0.9812428390247169,1.0189828346694596,0.9435028433799744,0.9435028433799744,97373,0.0,0.0
1991-10-16 00:00:00-04:00,0.9812430143356323,0.9812430143356323,0.9435030119481825,0.9812430143356323,70648,0.0,0.0
1991-10-17 00:00:00-04:00,0.9057630095607327,0.9812430143356323,0.9057630095607327,0.9812430143356323,169609,0.0,0.0
1991-10-18 00:00:00-04:00,0.9435028470289519,0.9812428428196531,0.9057628512382507,0.9057628512382507,313551,0.0,0.0
1991-10-21 00:00:00-04:00,0.9435028433799744,0.9435028433799744,0.9057628477352317,0.9435028433799744,335248,0.0,0.0
1991-10-22 00:00:00-04:00,0.9435030119481825,0.9812430143356323,0.9057630095607327,0.9812430143356323,143413,0.0,0.0
1991-10-23 00:00:00-04:00,0.9435028470289519,0.9435028470289519,0.9057628512382507,0.9057628512382507,76999,0.0,0.0
1991-10-24 00:00:00-04:00,0.9057628477352317,0.9435028433799744,0.9057628477352317,0.9435028433799744,93668,0.0,0.0
1991-10-25 00:00:00-04:00,0.9435028470289519,0.9435028470289519,0.9057628512382507,0.9057628512382507,62181,0.0,0.0
1991-10-28 00:00:00-05:00,0.9435029437042192,0.9435029437042192,0.792542040348053,0.792542040348053,1002834,0.0,0.0
1991-10-29 00:00:00-05:00,0.8302828073501587,0.8680228050921054,0.7548020023751885,0.8302828073501587,993573,0.0,0.0
1991-10-30 00:00:00-05:00,0.8302828073501587,0.8680228050921054,0.8302828073501587,0.8302828073501587,137327,0.0,0.0
1991-10-31 00:00:00-05:00,0.8302828494968706,0.8680228491545704,0.792542040348053,0.792542040348053,217501,0.0,0.0
1991-11-01 00:00:00-05:00,0.8302828494968706,0.8680228491545704,0.792542040348053,0.792542040348053,446645,0.0,0.0
1991-11-04 00:00:00-05:00,0.8302828494968706,0.8302828494968706,0.792542040348053,0.792542040348053,324664,0.0,0.0
1991-11-05 00:00:00-05:00,0.792542043712951,0.792542043712951,0.7170619964599609,0.7170619964599609,735853,0.0,0.0
1991-11-06 00:00:00-05:00,0.7170618873068729,0.7548019289970398,0.6415818515436568,0.7548019289970398,615195,0.0,0.0
1991-11-07 00:00:00-05:00,0.7170619570161195,0.9057628980682966,0.7170619570161195,0.8302828073501587,733471,0.0,0.0
1991-11-08 00:00:00-05:00,0.8302827644226088,0.9057628512382507,0.8302827644226088,0.9057628512382507,493479,0.0,0.0
1991-11-11 00:00:00-05:00,0.9057628512382507,0.9057628512382507,0.8302827644226088,0.9057628512382507,104517,0.0,0.0
1991-11-12 00:00:00-05:00,0.8680228590965271,0.9057629544207347,0.8680228590965271,0.8680228590965271,116159,0.0,0.0
1991-11-13 00:00:00-05:00,0.8680228590965271,0.8680228590965271,0.8302828590065697,0.8680228590965271,57418,0.0,0.0
1991-11-14 00:00:00-05:00,0.8680228050921054,0.9057628980682966,0.8302828073501587,0.8302828073501587,137857,0.0,0.0
1991-11-15 00:00:00-05:00,0.8680228050921054,0.8680228050921054,0.8302828073501587,0.8302828073501587,304290,0.0,0.0
1991-11-18 00:00:00-05:00,0.7925420001171352,0.8680228050921054,0.7925420001171352,0.8302828073501587,161141,0.0,0.0
1991-11-19 00:00:00-05:00,0.8680228491545704,0.8680228491545704,0.7548020406903532,0.792542040348053,260896,0.0,0.0
1991-11-20 00:00:00-05:00,0.792542040348053,0.8302828494968706,0.7548020406903532,0.792542040348053,177017,0.0,0.0
1991-11-21 00:00:00-05:00,0.7548019289970398,0.7925419230700891,0.7548019289970398,0.7548019289970398,134417,0.0,0.0
1991-11-22 00:00:00-05:00,0.7548020438950184,0.792542043712951,0.7170619964599609,0.7170619964599609,149499,0.0,0.0
1991-11-25 00:00:00-05:00,0.7548020438950184,0.7548020438950184,0.7170619964599609,0.7170619964599609,113778,0.0,0.0
1991-11-26 00:00:00-05:00,0.7170619964599609,0.7548020438950184,0.7170619964599609,0.7170619964599609,204007,0.0,0.0
1991-11-27 00:00:00-05:00,0.7548021186515053,0.7548021186515053,0.6793220639228821,0.6793220639228821,198715,0.0,0.0
1991-11-29 00:00:00-05:00,0.7170619964599609,0.7548020438950184,0.6793219966420283,0.7170619964599609,77263,0.0,0.0
1991-12-02 00:00:00-05:00,0.7170619964599609,0.7548020438950184,0.6793219966420283,0.7170619964599609,173048,0.0,0.0
1991-12-03 00:00:00-05:00,0.717062067478629,0.717062067478629,0.6793220639228821,0.6793220639228821,217237,0.0,0.0
1991-12-04 00:00:00-05:00,0.6793219966420283,0.7170619964599609,0.6793219966420283,0.7170619964599609,139444,0.0,0.0
1991-12-05 00:00:00-05:00,0.7170619964599609,0.7548020438950184,0.6793219966420283,0.7170619964599609,214591,0.0,0.0
1991-12-06 00:00:00-05:00,0.6793220639228821,0.717062067478629,0.6793220639228821,0.6793220639228821,243432,0.0,0.0
1991-12-09 00:00:00-05:00,0.6793218739832729,0.7170618669868503,0.6415818333625793,0.6415818333625793,229144,0.0,0.0
1991-12-10 00:00:00-05:00,0.6415818333625793,0.6793218739832729,0.6415818333625793,0.6415818333625793,209563,0.0,0.0
1991-12-11 00:00:00-05:00,0.6415818333625793,0.6793218739832729,0.6415818333625793,0.6415818333625793,420979,0.0,0.0
1991-12-12 00:00:00-05:00,0.6793220761184761,0.6793220761184761,0.60384202003479,0.60384202003479,450614,0.0,0.0
1991-12-13 00:00:00-05:00,0.6415820242680679,0.6793220761184761,0.60384202003479,0.60384202003479,223322,0.0,0.0
1991-12-16 00:00:00-05:00,0.6038418403590019,0.6793218739832729,0.6038418403590019,0.6415818333625793,208769,0.0,0.0
1991-12-17 00:00:00-05:00,0.6793218739832729,0.6793218739832729,0.6415818333625793,0.6415818333625793,258514,0.0,0.0
1991-12-18 00:00:00-05:00,0.6415818333625793,0.6793218739832729,0.6415818333625793,0.6415818333625793,214061,0.0,0.0
1991-12-19 00:00:00-05:00,0.6415818333625793,0.6793218739832729,0.6415818333625793,0.6415818333625793,332867,0.0,0.0
1991-12-20 00:00:00-05:00,0.6415820127500057,0.717062067478629,0.6415820127500057,0.6793220639228821,360385,0.0,0.0
1991-12-23 00:00:00-05:00,0.6415818333625793,0.6793218739832729,0.6415818333625793,0.6415818333625793,265129,0.0,0.0
1991-12-24 00:00:00-05:00,0.6415820127500057,0.717062067478629,0.6415820127500057,0.6793220639228821,381289,0.0,0.0
1991-12-26 00:00:00-05:00,0.6793219937578289,0.8302828494968706,0.6793219937578289,0.792542040348053,798034,0.0,0.0
1991-12-27 00:00:00-05:00,0.792542040348053,0.792542040348053,0.7548020406903532,0.792542040348053,330485,0.0,0.0
1991-12-30 00:00:00-05:00,0.7548019289970398,0.7925419230700891,0.7170618873068729,0.7548019289970398,748289,0.0,0.0
1991-12-31 00:00:00-05:00,0.7548020406903532,0.792542040348053,0.7170619934155288,0.792542040348053,1163711,0.0,0.0
1992-01-02 00:00:00-05:00,0.7925420001171352,0.8302828073501587,0.7548020023751885,0.8302828073501587,224645,0.0,0.0
1992-01-03 00:00:00-05:00,0.8302827612115076,0.9812428390247169,0.7925419560757333,0.9435028433799744,856246,0.0,0.0
1992-01-06 00:00:00-05:00,0.9435028470289519,0.9812428428196531,0.9057628512382507,0.9057628512382507,858892,0.0,0.0
1992-01-07 00:00:00-05:00,0.9057628512382507,0.9435028470289519,0.7925419591408728,0.9057628512382507,571801,0.0,0.0
1992-01-08 00:00:00-05:00,0.9057628477352317,1.0189828346694596,0.8680227568562502,0.9435028433799744,870269,0.0,0.0
1992-01-09 00:00:00-05:00,0.9435028433799744,0.9812428390247169,0.9435028433799744,0.9435028433799744,282064,0.0,0.0
1992-01-10 00:00:00-05:00,0.9435028433799744,0.9812428390247169,0.9435028433799744,0.9435028433799744,305348,0.0,0.0
1992-01-13 00:00:00-05:00,0.9812428390247169,0.9812428390247169,0.9057628477352317,0.9435028433799744,151351,0.0,0.0
1992-01-14 00:00:00-05:00,0.9435030119481825,1.0189830167230822,0.9057630095607327,0.9812430143356323,556718,0.0,0.0
1992-01-15 00:00:00-05:00,0.9435031214954154,1.0944632438069841,0.9435031214954154,1.0567232370376587,760196,0.0,0.0
1992-01-16 00:00:00-05:00,1.0944629399913843,1.207683785978414,1.0944629399913843,1.1322036981582642,948062,0.0,0.0
1992-01-17 00:00:00-05:00,1.20768404006958,1.39638415647023,1.1699440358363022,1.20768404006958,2559740,0.0,0.0
1992-01-20 00:00:00-05:00,1.20768404006958,1.20768404006958,1.1699440358363022,1.20768404006958,606199,0.0,0.0
1992-01-21 00:00:00-05:00,1.1699436902999878,1.2076836833869702,1.132203601978773,1.1699436902999878,731884,0.0,0.0
1992-01-22 00:00:00-05:00,1.1322039363687635,1.2831640485361357,1.1322039363687635,1.20768404006958,796181,0.0,0.0
1992-01-23 00:00:00-05:00,1.2454236764739524,1.2454236764739524,1.1699436902999878,1.1699436902999878,213003,0.0,0.0
1992-01-24 00:00:00-05:00,1.1699436902999878,1.2076836833869702,1.1699436902999878,1.1699436902999878,373351,0.0,0.0
1992-01-27 00:00:00-05:00,1.1699440358363022,1.20768404006958,1.1322039363687635,1.20768404006958,178605,0.0,0.0
1992-01-28 00:00:00-05:00,1.2076836833869702,1.2076836833869702,1.132203601978773,1.1699436902999878,171196,0.0,0.0
1992-01-29 00:00:00-05:00,1.1699437896854594,1.1699437896854594,1.1322036981582642,1.1322036981582642,228350,0.0,0.0
1992-01-30 00:00:00-05:00,1.1322039363687635,1.20768404006958,1.1322039363687635,1.20768404006958,428652,0.0,0.0
1992-01-31 00:00:00-05:00,1.2076836807180038,1.2831636667251587,1.2076836807180038,1.2831636667251587,1356869,0.0,0.0
1992-02-03 00:00:00-05:00,1.2831640485361357,1.2831640485361357,1.20768404006958,1.20768404006958,331015,0.0,0.0
1992-02-04 00:00:00-05:00,1.207683785978414,1.2454237822713685,1.1322036981582642,1.1322036981582642,507767,0.0,0.0
1992-02-05 00:00:00-05:00,1.207683785978414,1.207683785978414,1.1322036981582642,1.1322036981582642,216178,0.0,0.0
1992-02-06 00:00:00-05:00,1.1699437896854594,1.1699437896854594,1.1322036981582642,1.1322036981582642,331808,0.0,0.0
1992-02-07 00:00:00-05:00,1.1699436885240468,1.245423674583435,1.1699436885240468,1.245423674583435,485541,0.0,0.0
1992-02-10 00:00:00-05:00,1.245423674583435,1.283163667613129,1.2076836815537408,1.245423674583435,304819,0.0,0.0
1992-02-11 00:00:00-05:00,1.245423674583435,1.245423674583435,1.2076836815537408,1.245423674583435,182045,0.0,0.0
1992-02-12 00:00:00-05:00,1.245423799120532,1.3963838815689087,1.2076838023169982,1.3963838815689087,1339934,0.0,0.0
1992-02-13 00:00:00-05:00,1.396384131401511,1.4341249920655887,1.2831640255000114,1.3586441278457642,700396,0.0,0.0
1992-02-14 00:00:00-05:00,1.3586435265096066,1.3586435265096066,1.3209035396575928,1.3209035396575928,301909,0.0,0.0
1992-02-18 00:00:00-05:00,1.3586441278457642,1.396384131401511,1.3209041242900172,1.3586441278457642,580797,0.0,0.0
1992-02-19 00:00:00-05:00,1.3586435265096066,1.3963835133616205,1.3209035396575928,1.3209035396575928,262748,0.0,0.0
1992-02-20 00:00:00-05:00,1.3209041242900172,1.3586441278457642,1.2831640255000114,1.3586441278457642,176224,0.0,0.0
1992-02-21 00:00:00-05:00,1.3586437479665459,1.3586437479665459,1.2831636667251587,1.2831636667251587,257191,0.0,0.0
1992-02-24 00:00:00-05:00,1.283163457571362,1.3586435265096066,1.283163457571362,1.3209035396575928,146588,0.0,0.0
1992-02-25 00:00:00-05:00,1.283163667613129,1.3209037558770556,1.2076836815537408,1.245423674583435,423889,0.0,0.0
1992-02-26 00:00:00-05:00,1.2831636667251587,1.3209037549629683,1.2454236737215811,1.2831636667251587,462521,0.0,0.0
1992-02-27 00:00:00-05:00,1.3209035396575928,1.3586435265096066,1.283163457571362,1.3209035396575928,519939,0.0,0.0
1992-02-28 00:00:00-05:00,1.3586441278457642,1.396384131401511,1.2831640255000114,1.3586441278457642,1043847,0.0,0.0
1992-03-02 00:00:00-05:00,1.3586441278457642,1.3586441278457642,1.3209041242900172,1.3586441278457642,221999,0.0,0.0
1992-03-03 00:00:00-05:00,1.3586441278457642,1.3586441278457642,1.3209041242900172,1.3586441278457642,105840,0.0,0.0
1992-03-04 00:00:00-05:00,1.3586437479665459,1.3586437479665459,1.2831636667251587,1.2831636667251587,190777,0.0,0.0
1992-03-05 00:00:00-05:00,1.3209037558770556,1.3209037558770556,1.2076836815537408,1.245423674583435,841693,0.0,0.0
1992-03-06 00:00:00-05:00,1.2831640485361357,1.2831640485361357,1.1699440358363022,1.20768404006958,245284,0.0,0.0
1992-03-09 00:00:00-05:00,1.20768404006958,1.245424044302858,1.1699440358363022,1.20768404006958,384464,0.0,0.0
1992-03-10 00:00:00-05:00,1.207683785978414,1.207683785978414,1.1322036981582642,1.1322036981582642,350595,0.0,0.0
1992-03-11 00:00:00-05:00,1.169943971386938,1.169943971386938,1.0944631099700928,1.0944631099700928,678964,0.0,0.0
1992-03-12 00:00:00-05:00,1.0944629399913843,1.1322036981582642,1.0567229436984298,1.1322036981582642,433415,0.0,0.0
1992-03-13 00:00:00-05:00,1.1322039363687635,1.20768404006958,1.1322039363687635,1.20768404006958,111661,0.0,0.0
1992-03-16 00:00:00-05:00,1.2076836833869702,1.2076836833869702,1.1699436902999878,1.1699436902999878,106898,0.0,0.0
1992-03-17 00:00:00-05:00,1.1322039363687635,1.20768404006958,1.1322039363687635,1.20768404006958,270950,0.0,0.0
1992-03-18 00:00:00-05:00,1.20768404006958,1.2831640485361357,1.20768404006958,1.20768404006958,184691,0.0,0.0
1992-03-19 00:00:00-05:00,1.2076836815537408,1.245423674583435,1.1699436885240468,1.245423674583435,152674,0.0,0.0
1992-03-20 00:00:00-05:00,1.245424044302858,1.245424044302858,1.1699440358363022,1.20768404006958,64033,0.0,0.0
1992-03-23 00:00:00-05:00,1.2076836833869702,1.2076836833869702,1.132203601978773,1.1699436902999878,230467,0.0,0.0
1992-03-24 00:00:00-05:00,1.1322039363687635,1.20768404006958,1.1322039363687635,1.20768404006958,190247,0.0,0.0
1992-03-25 00:00:00-05:00,1.2076836833869702,1.2076836833869702,1.1699436902999878,1.1699436902999878,123039,0.0,0.0
1992-03-26 00:00:00-05:00,1.2076836833869702,1.2076836833869702,1.132203601978773,1.1699436902999878,106634,0.0,0.0
1992-03-27 00:00:00-05:00,1.1322036981582642,1.1699437896854594,1.0944629399913843,1.1322036981582642,354035,0.0,0.0
1992-03-30 00:00:00-05:00,1.1322038739984095,1.1322038739984095,1.0944631099700928,1.0944631099700928,84937,0.0,0.0
1992-03-31 00:00:00-05:00,1.132203601978773,1.1699436902999878,1.09446284701793,1.1699436902999878,354564,0.0,0.0
1992-04-01 00:00:00-05:00,1.132203601978773,1.1699436902999878,1.132203601978773,1.1699436902999878,73559,0.0,0.0
1992-04-02 00:00:00-05:00,1.169943971386938,1.169943971386938,1.0944631099700928,1.0944631099700928,142619,0.0,0.0
1992-04-03 00:00:00-05:00,1.1322036981582642,1.1322036981582642,1.0944629399913843,1.1322036981582642,283916,0.0,0.0
1992-04-06 00:00:00-04:00,1.0944631099700928,1.1322038739984095,1.0944631099700928,1.0944631099700928,139973,0.0,0.0
1992-04-07 00:00:00-04:00,1.1322036981582642,1.1322036981582642,1.0944629399913843,1.1322036981582642,133358,0.0,0.0
1992-04-08 00:00:00-04:00,1.0944629399913843,1.1322036981582642,1.0567229436984298,1.1322036981582642,118805,0.0,0.0
1992-04-09 00:00:00-04:00,1.1322036981582642,1.1699437896854594,1.0944629399913843,1.1322036981582642,93668,0.0,0.0
1992-04-10 00:00:00-04:00,1.169943971386938,1.169943971386938,1.0944631099700928,1.0944631099700928,157437,0.0,0.0
1992-04-13 00:00:00-04:00,1.0944629399913843,1.1322036981582642,1.0944629399913843,1.1322036981582642,74617,0.0,0.0
1992-04-14 00:00:00-04:00,1.1322036981582642,1.1322036981582642,1.0944629399913843,1.1322036981582642,135740,0.0,0.0
1992-04-15 00:00:00-04:00,1.1322036981582642,1.207683785978414,1.0944629399913843,1.1322036981582642,580797,0.0,0.0
1992-04-16 00:00:00-04:00,1.1322036981582642,1.1322036981582642,1.0944629399913843,1.1322036981582642,84672,0.0,0.0
1992-04-20 00:00:00-04:00,1.1322038739984095,1.1322038739984095,1.0567231078158197,1.0944631099700928,182574,0.0,0.0
1992-04-21 00:00:00-04:00,1.0944631099700928,1.0944631099700928,1.0567231078158197,1.0944631099700928,133623,0.0,0.0
1992-04-22 00:00:00-04:00,1.09446284701793,1.1699436902999878,1.0567228539309477,1.1699436902999878,411188,0.0,0.0
1992-04-23 00:00:00-04:00,1.20768404006958,1.2831640485361357,1.1699440358363022,1.20768404006958,938272,0.0,0.0
1992-04-24 00:00:00-04:00,1.2076836815537408,1.245423674583435,1.2076836815537408,1.245423674583435,475486,0.0,0.0
1992-04-27 00:00:00-04:00,1.2076836807180038,1.2831636667251587,1.2076836807180038,1.2831636667251587,632923,0.0,0.0
1992-04-28 00:00:00-04:00,1.245424044302858,1.245424044302858,1.1322039363687635,1.20768404006958,640861,0.0,0.0
1992-04-29 00:00:00-04:00,1.1699436902999878,1.2076836833869702,1.132203601978773,1.1699436902999878,419126,0.0,0.0
1992-04-30 00:00:00-04:00,1.1699436877144265,1.2831636667251587,1.1322035994766166,1.2831636667251587,452995,0.0,0.0
1992-05-01 00:00:00-04:00,1.2454234707193481,1.3586435265096066,1.2076834838673343,1.3209035396575928,605934,0.0,0.0
1992-05-04 00:00:00-04:00,1.3209037558770556,1.3209037558770556,1.245423674583435,1.245423674583435,348214,0.0,0.0
1992-05-05 00:00:00-04:00,1.2454236737215811,1.2831636667251587,1.2454236737215811,1.2831636667251587,126743,0.0,0.0
1992-05-06 00:00:00-04:00,1.2831636667251587,1.3209037549629683,1.2454236737215811,1.2831636667251587,265658,0.0,0.0
1992-05-07 00:00:00-04:00,1.2831636667251587,1.3209037549629683,1.2454236737215811,1.2831636667251587,168021,0.0,0.0
1992-05-08 00:00:00-04:00,1.2454236737215811,1.2831636667251587,1.2454236737215811,1.2831636667251587,55301,0.0,0.0
1992-05-11 00:00:00-04:00,1.2454236737215811,1.2831636667251587,1.2454236737215811,1.2831636667251587,81497,0.0,0.0
1992-05-12 00:00:00-04:00,1.2831640255000114,1.3586441278457642,1.2454240219442647,1.3586441278457642,895671,0.0,0.0
1992-05-13 00:00:00-04:00,1.3586437459624625,1.4718645819142782,1.3586437459624625,1.4341245889663696,1212133,0.0,0.0
1992-05-14 00:00:00-04:00,1.4341249920655887,1.4341249920655887,1.3209041242900172,1.3586441278457642,436590,0.0,0.0
1992-05-15 00:00:00-04:00,1.3586441278457642,1.3586441278457642,1.3209041242900172,1.3586441278457642,88906,0.0,0.0
1992-05-18 00:00:00-04:00,1.3963838815689087,1.3963838815689087,1.358643884765375,1.3963838815689087,269098,0.0,0.0
1992-05-19 00:00:00-04:00,1.358643884765375,1.3963838815689087,1.358643884765375,1.3963838815689087,422302,0.0,0.0
1992-05-20 00:00:00-04:00,1.3963838443068588,1.54734468460083,1.3963838443068588,1.54734468460083,2160459,0.0,0.0
1992-05-21 00:00:00-04:00,1.4718645803422175,1.5473445661574166,1.434124587434618,1.509604573249817,805707,0.0,0.0
1992-05-22 00:00:00-04:00,1.5473445661574166,1.5473445661574166,1.4718645803422175,1.509604573249817,410924,0.0,0.0
1992-05-26 00:00:00-04:00,1.5096042607377291,1.6228243112564087,1.4341242905480842,1.6228243112564087,2860591,0.0,0.0
1992-05-27 00:00:00-04:00,1.6228243112564087,1.6983042814460536,1.6228243112564087,1.6228243112564087,2237987,0.0,0.0
1992-05-28 00:00:00-04:00,1.6228245481369188,1.6605645387405734,1.547344471695383,1.5850845575332642,633452,0.0,0.0
1992-05-29 00:00:00-04:00,1.5850847880509815,1.6605647802352907,1.5850847880509815,1.6605647802352905,979285,0.0,0.0
1992-06-01 00:00:00-04:00,1.660564296351231,1.660564296351231,1.5850843261615863,1.6228243112564087,262483,0.0,0.0
1992-06-02 00:00:00-04:00,1.5850845575332642,1.6228245481369188,1.5850845575332642,1.5850845575332642,313286,0.0,0.0
1992-06-03 00:00:00-04:00,1.6228245481369188,1.6228245481369188,1.547344471695383,1.5850845575332642,437119,0.0,0.0
1992-06-04 00:00:00-04:00,1.547344471695383,1.5850845575332642,1.547344471695383,1.5850845575332642,279682,0.0,0.0
1992-06-05 00:00:00-04:00,1.5850845575332642,1.5850845575332642,1.547344471695383,1.5850845575332642,219618,0.0,0.0
1992-06-08 00:00:00-04:00,1.5850845575332642,1.5850845575332642,1.547344471695383,1.5850845575332642,404309,0.0,0.0
1992-06-09 00:00:00-04:00,1.5850847756315236,1.5850847756315236,1.509604688804376,1.54734468460083,234965,0.0,0.0
1992-06-10 00:00:00-04:00,1.5473446922851342,1.5473446922851342,1.4718647003173828,1.4718647003173828,500359,0.0,0.0
1992-06-11 00:00:00-04:00,1.4718645803422175,1.509604573249817,1.434124587434618,1.509604573249817,403515,0.0,0.0
1992-06-12 00:00:00-04:00,1.509604573249817,1.509604573249817,1.4718645803422175,1.509604573249817,99225,0.0,0.0
1992-06-15 00:00:00-04:00,1.509604573249817,1.509604573249817,1.4718645803422175,1.509604573249817,230202,0.0,0.0
1992-06-16 00:00:00-04:00,1.5096046963012586,1.5096046963012586,1.4341247043335072,1.4718647003173828,143413,0.0,0.0
1992-06-17 00:00:00-04:00,1.4718645819142782,1.509604574862187,1.4341245889663696,1.4341245889663696,169344,0.0,0.0
1992-06-18 00:00:00-04:00,1.43412473548062,1.43412473548062,1.358643884765375,1.3963838815689087,423625,0.0,0.0
1992-06-19 00:00:00-04:00,1.358643884765375,1.43412473548062,1.358643884765375,1.3963838815689087,152145,0.0,0.0
1992-06-22 00:00:00-04:00,1.396384131401511,1.396384131401511,1.3209041242900172,1.3586441278457642,191570,0.0,0.0
1992-06-23 00:00:00-04:00,1.3209041242900172,1.3586441278457642,1.3209041242900172,1.3586441278457642,197127,0.0,0.0
1992-06-24 00:00:00-04:00,1.3586441278457642,1.3586441278457642,1.3209041242900172,1.3586441278457642,152674,0.0,0.0
1992-06-25 00:00:00-04:00,1.3209035396575928,1.3586435265096066,1.3209035396575928,1.3209035396575928,158231,0.0,0.0
1992-06-26 00:00:00-04:00,1.3209037549629683,1.3209037549629683,1.2831636667251587,1.2831636667251587,85466,0.0,0.0
1992-06-29 00:00:00-04:00,1.2831637959240656,1.3963838815689087,1.2831637959240656,1.3963838815689087,260102,0.0,0.0
1992-06-30 00:00:00-04:00,1.3963838512414728,1.4718647003173828,1.3963838512414728,1.4718647003173828,418068,0.0,0.0
1992-07-01 00:00:00-04:00,1.4341247043335072,1.5096046963012586,1.4341247043335072,1.4718647003173828,356152,0.0,0.0
1992-07-02 00:00:00-04:00,1.4718645819142782,1.4718645819142782,1.396383738910371,1.4341245889663696,467548,0.0,0.0
1992-07-06 00:00:00-04:00,1.4341247043335072,1.5473446922851342,1.4341247043335072,1.4718647003173828,671290,0.0,0.0
1992-07-07 00:00:00-04:00,1.5096046963012586,1.5096046963012586,1.4341247043335072,1.4718647003173828,180722,0.0,0.0
1992-07-08 00:00:00-04:00,1.4718647003173828,1.4718647003173828,1.4341247043335072,1.4718647003173828,130183,0.0,0.0
1992-07-09 00:00:00-04:00,1.4341247043335072,1.4718647003173828,1.4341247043335072,1.4718647003173828,192100,0.0,0.0
1992-07-10 00:00:00-04:00,1.4718645819142782,1.4718645819142782,1.396383738910371,1.4341245889663696,502475,0.0,0.0
1992-07-13 00:00:00-04:00,1.4341245889663696,1.4718645819142782,1.396383738910371,1.4341245889663696,164846,0.0,0.0
1992-07-14 00:00:00-04:00,1.3963838512414728,1.4718647003173828,1.3963838512414728,1.4718647003173828,238669,0.0,0.0
1992-07-15 00:00:00-04:00,1.4718647003173828,1.4718647003173828,1.4341247043335072,1.4718647003173828,205330,0.0,0.0
1992-07-16 00:00:00-04:00,1.4341247043335072,1.4718647003173828,1.3963838512414728,1.4718647003173828,60064,0.0,0.0
1992-07-17 00:00:00-04:00,1.43412473548062,1.4718647322841536,1.3963838815689087,1.3963838815689087,124362,0.0,0.0
1992-07-20 00:00:00-04:00,1.3963837374189296,1.5473445661574166,1.3963837374189296,1.509604573249817,517028,0.0,0.0
1992-07-21 00:00:00-04:00,1.509604573249817,1.509604573249817,1.4718645803422175,1.509604573249817,400340,0.0,0.0
1992-07-22 00:00:00-04:00,1.509604573249817,1.509604573249817,1.4718645803422175,1.509604573249817,180722,0.0,0.0
1992-07-23 00:00:00-04:00,1.4341247043335072,1.4718647003173828,1.3963838512414728,1.4718647003173828,346626,0.0,0.0
1992-07-24 00:00:00-04:00,1.4718647003173828,1.4718647003173828,1.3963838512414728,1.4718647003173828,289472,0.0,0.0
1992-07-27 00:00:00-04:00,1.509604573249817,1.5473445661574166,1.4718645803422175,1.509604573249817,575240,0.0,0.0
1992-07-28 00:00:00-04:00,1.5473446922851342,1.5850847835032496,1.3963838512414728,1.4718647003173828,1821506,0.0,0.0
1992-07-29 00:00:00-04:00,1.4718649956213357,1.4718649956213357,1.3586441278457642,1.3586441278457642,555131,0.0,0.0
1992-07-30 00:00:00-04:00,1.3963838815689087,1.43412473548062,1.3963838815689087,1.3963838815689087,146853,0.0,0.0
1992-07-31 00:00:00-04:00,1.3963838815689087,1.43412473548062,1.358643884765375,1.3963838815689087,337100,0.0,0.0
1992-08-03 00:00:00-04:00,1.3963838815689087,1.43412473548062,1.358643884765375,1.3963838815689087,261160,0.0,0.0
1992-08-04 00:00:00-04:00,1.3586435265096066,1.3963835133616205,1.3209035396575928,1.3209035396575928,271480,0.0,0.0
1992-08-05 00:00:00-04:00,1.3209038879618413,1.3963838815689087,1.3209038879618413,1.3963838815689087,159818,0.0,0.0
1992-08-06 00:00:00-04:00,1.3586441278457642,1.396384131401511,1.3586441278457642,1.3586441278457642,56360,0.0,0.0
1992-08-07 00:00:00-04:00,1.3586441278457642,1.396384131401511,1.3586441278457642,1.3586441278457642,304025,0.0,0.0
1992-08-10 00:00:00-04:00,1.396384131401511,1.396384131401511,1.3209041242900172,1.3586441278457642,151351,0.0,0.0
1992-08-11 00:00:00-04:00,1.3586441278457642,1.4341249920655887,1.3586441278457642,1.3586441278457642,609109,0.0,0.0
1992-08-12 00:00:00-04:00,1.3963838815689087,1.43412473548062,1.358643884765375,1.3963838815689087,331015,0.0,0.0
1992-08-13 00:00:00-04:00,1.396383738910371,1.4341245889663696,1.396383738910371,1.4341245889663696,268834,0.0,0.0
1992-08-14 00:00:00-04:00,1.4341245889663696,1.4341245889663696,1.396383738910371,1.4341245889663696,313551,0.0,0.0
1992-08-17 00:00:00-04:00,1.396383738910371,1.4341245889663696,1.396383738910371,1.4341245889663696,98696,0.0,0.0
1992-08-18 00:00:00-04:00,1.396383738910371,1.4341245889663696,1.396383738910371,1.4341245889663696,71707,0.0,0.0
1992-08-19 00:00:00-04:00,1.43412473548062,1.43412473548062,1.3963838815689087,1.3963838815689087,273067,0.0,0.0
1992-08-20 00:00:00-04:00,1.3963838815689087,1.3963838815689087,1.358643884765375,1.3963838815689087,73294,0.0,0.0
1992-08-21 00:00:00-04:00,1.396384131401511,1.396384131401511,1.3209041242900172,1.3586441278457642,281270,0.0,0.0
1992-08-24 00:00:00-04:00,1.3209037549629683,1.3209037549629683,1.2831636667251587,1.2831636667251587,260366,0.0,0.0
1992-08-25 00:00:00-04:00,1.2454234707193481,1.3209035396575928,1.2454234707193481,1.3209035396575928,103988,0.0,0.0
1992-08-26 00:00:00-04:00,1.283163457571362,1.3209035396575928,1.283163457571362,1.3209035396575928,217237,0.0,0.0
1992-08-27 00:00:00-04:00,1.3209037549629683,1.3209037549629683,1.2831636667251587,1.2831636667251587,129389,0.0,0.0
1992-08-28 00:00:00-04:00,1.2831636667251587,1.3209037549629683,1.2831636667251587,1.2831636667251587,253222,0.0,0.0
1992-08-31 00:00:00-04:00,1.283163457571362,1.3586435265096066,1.283163457571362,1.3209035396575928,287356,0.0,0.0
1992-09-01 00:00:00-04:00,1.3209041242900172,1.3586441278457642,1.2831640255000114,1.3586441278457642,128066,0.0,0.0
1992-09-02 00:00:00-04:00,1.396384131401511,1.396384131401511,1.3209041242900172,1.3586441278457642,126743,0.0,0.0
1992-09-03 00:00:00-04:00,1.358643884765375,1.3963838815689087,1.3209038879618413,1.3963838815689087,279682,0.0,0.0
1992-09-04 00:00:00-04:00,1.358643884765375,1.3963838815689087,1.358643884765375,1.3963838815689087,74882,0.0,0.0
1992-09-08 00:00:00-04:00,1.3586435265096066,1.3963835133616205,1.3209035396575928,1.3209035396575928,216443,0.0,0.0
1992-09-09 00:00:00-04:00,1.358643884765375,1.3963838815689087,1.3209038879618413,1.3963838815689087,251635,0.0,0.0
1992-09-10 00:00:00-04:00,1.3586441278457642,1.3586441278457642,1.3209041242900172,1.3586441278457642,124627,0.0,0.0
1992-09-11 00:00:00-04:00,1.3586435265096066,1.3963835133616205,1.3209035396575928,1.3209035396575928,78851,0.0,0.0
1992-09-14 00:00:00-04:00,1.358643884765375,1.3963838815689087,1.358643884765375,1.3963838815689087,419920,0.0,0.0
1992-09-15 00:00:00-04:00,1.3963838815689087,1.3963838815689087,1.358643884765375,1.3963838815689087,132300,0.0,0.0
1992-09-16 00:00:00-04:00,1.3586435265096066,1.3963835133616205,1.3209035396575928,1.3209035396575928,276507,0.0,0.0
1992-09-17 00:00:00-04:00,1.3209041242900172,1.3586441278457642,1.3209041242900172,1.3586441278457642,198185,0.0,0.0
1992-09-18 00:00:00-04:00,1.358643884765375,1.3963838815689087,1.358643884765375,1.3963838815689087,215384,0.0,0.0
1992-09-21 00:00:00-04:00,1.3963838815689087,1.3963838815689087,1.358643884765375,1.3963838815689087,73823,0.0,0.0
1992-09-22 00:00:00-04:00,1.396384131401511,1.396384131401511,1.3586441278457642,1.3586441278457642,206388,0.0,0.0
1992-09-23 00:00:00-04:00,1.358643884765375,1.3963838815689087,1.3209038879618413,1.3963838815689087,114836,0.0,0.0
1992-09-24 00:00:00-04:00,1.358643884765375,1.3963838815689087,1.358643884765375,1.3963838815689087,212738,0.0,0.0
1992-09-25 00:00:00-04:00,1.3586441278457642,1.396384131401511,1.3209041242900172,1.3586441278457642,78057,0.0,0.0
1992-09-28 00:00:00-04:00,1.3586437459624625,1.4341245889663696,1.320903753014554,1.4341245889663696,319637,0.0,0.0
1992-09-29 00:00:00-04:00,1.4341246972114676,1.54734468460083,1.3963838443068588,1.54734468460083,1275901,0.0,0.0
1992-09-30 00:00:00-04:00,1.5473442458325515,1.660564296351231,1.5473442458325515,1.6228243112564087,1713285,0.0,0.0
1992-10-01 00:00:00-04:00,1.6228245481369188,1.6228245481369188,1.547344471695383,1.5850845575332642,596673,0.0,0.0
1992-10-02 00:00:00-04:00,1.585084654299248,1.585084654299248,1.4718645803422175,1.509604573249817,272803,0.0,0.0
1992-10-05 00:00:00-04:00,1.4341246972114676,1.54734468460083,1.3963838443068588,1.54734468460083,705688,0.0,0.0
1992-10-06 00:00:00-04:00,1.5473445661574166,1.585084654299248,1.4718645803422175,1.509604573249817,305348,0.0,0.0
1992-10-07 00:00:00-04:00,1.5473446967245867,1.6983047763274453,1.509604700632432,1.6605647802352905,1687619,0.0,0.0
1992-10-08 00:00:00-04:00,1.660564547187071,1.7737854719161987,1.585084565595831,1.7737854719161987,2675371,0.0,0.0
1992-10-09 00:00:00-04:00,1.7737857066858,1.8492656982672027,1.736044758552705,1.8115257024765015,2263918,0.0,0.0
1992-10-12 00:00:00-04:00,1.7737857066858,1.8492656982672027,1.7737857066858,1.8115257024765015,593233,0.0,0.0
1992-10-13 00:00:00-04:00,1.8115254627118187,1.8115254627118187,1.7360445287783108,1.7737854719161987,681080,0.0,0.0
1992-10-14 00:00:00-04:00,1.7360445287783108,1.7737854719161987,1.7360445287783108,1.7737854719161987,762577,0.0,0.0
1992-10-15 00:00:00-04:00,1.7737856998257209,1.8870056867599487,1.7737856998257209,1.8870056867599487,1632582,0.0,0.0
1992-10-16 00:00:00-04:00,1.8870058001974759,2.0379657918514202,1.8870058001974759,1.924745798110962,4188353,0.0,0.0
1992-10-19 00:00:00-04:00,2.0002260310587143,2.0379660334461644,1.924746026283815,1.9624860286712646,2204118,0.0,0.0
1992-10-20 00:00:00-04:00,2.0002256736941764,2.0002256736941764,1.8492656911152061,1.8870056867599487,1046228,0.0,0.0
1992-10-21 00:00:00-04:00,1.8870049011328198,2.0379648208618164,1.8115249412683214,2.0379648208618164,1896917,0.0,0.0
1992-10-22 00:00:00-04:00,2.188926201393383,2.188926201393383,1.9624853168584675,2.000225305557251,3899939,0.0,0.0
1992-10-23 00:00:00-04:00,2.0002260310587143,2.0002260310587143,1.887006023896365,1.9624860286712646,810205,0.0,0.0
1992-10-26 00:00:00-05:00,1.962485796024448,1.962485796024448,1.8870058001974759,1.924745798110962,58741,0.0,0.0
1992-10-27 00:00:00-05:00,1.9624848609973182,2.1134457330683087,1.924744881065069,2.0379648208618164,1827328,0.0,0.0
1992-10-28 00:00:00-05:00,2.075707417555316,2.151187437943951,2.0379664550182413,2.113447427749634,1014476,0.0,0.0
1992-10-29 00:00:00-05:00,2.113447427749634,2.151187437943951,2.113447427749634,2.113447427749634,537932,0.0,0.0
1992-10-30 00:00:00-05:00,2.1134469606235595,2.151186962476367,2.0379660045753973,2.075706958770752,825552,0.0,0.0
1992-11-02 00:00:00-05:00,2.03796553443512,2.151186466217041,2.03796553443512,2.151186466217041,1176412,0.0,0.0
1992-11-03 00:00:00-05:00,2.1134464730705096,2.151186466217041,2.075706479923978,2.151186466217041,730561,0.0,0.0
1992-11-04 00:00:00-05:00,2.1134469606235595,2.151186962476367,2.0379660045753973,2.075706958770752,524702,0.0,0.0
1992-11-05 00:00:00-05:00,2.075706958770752,2.1134469606235595,2.0379660045753973,2.075706958770752,283122,0.0,0.0
1992-11-06 00:00:00-05:00,2.075707417555316,2.113447427749634,2.075707417555316,2.113447427749634,239198,0.0,0.0
1992-11-09 00:00:00-05:00,2.0379664550182413,2.113447427749634,2.0379664550182413,2.113447427749634,648270,0.0,0.0
1992-11-10 00:00:00-05:00,2.07570715723101,2.226667179075666,2.07570715723101,2.188927173614502,1873633,0.0,0.0
1992-11-11 00:00:00-05:00,2.1889269089282286,2.33988710298722,2.1511869080306067,2.3021469116210938,1717783,0.0,0.0
1992-11-12 00:00:00-05:00,2.302146481036884,2.3398866653442383,2.302146481036884,2.3398866653442383,610961,0.0,0.0
1992-11-13 00:00:00-05:00,2.3021469116210938,2.33988710298722,2.264406910723472,2.3021469116210938,632129,0.0,0.0
1992-11-16 00:00:00-05:00,2.3021469116210938,2.377627103884842,2.264406910723472,2.3021469116210938,703571,0.0,0.0
1992-11-17 00:00:00-05:00,2.339886429039847,2.4153671709687172,2.302146248543862,2.377626419067383,1013683,0.0,0.0
1992-11-18 00:00:00-05:00,2.377626419067383,2.377626419067383,2.339886429039847,2.377626419067383,311434,0.0,0.0
1992-11-19 00:00:00-05:00,2.3776271130785345,2.3776271130785345,2.188926917392264,2.26440691947937,1511660,0.0,0.0
1992-11-20 00:00:00-05:00,2.2644071845368297,2.2644071845368297,2.151187168153338,2.188927173614502,1346285,0.0,0.0
1992-11-23 00:00:00-05:00,2.188926917392264,2.302146920522923,2.188926917392264,2.26440691947937,925835,0.0,0.0
1992-11-24 00:00:00-05:00,2.226666918435817,2.302146920522923,2.226666918435817,2.26440691947937,597467,0.0,0.0
1992-11-25 00:00:00-05:00,2.26440691947937,2.302146920522923,2.226666918435817,2.26440691947937,332602,0.0,0.0
1992-11-27 00:00:00-05:00,2.264406910723472,2.3021469116210938,2.2266669098258505,2.3021469116210938,112190,0.0,0.0
1992-11-30 00:00:00-05:00,2.3021471899979935,2.3021471899979935,2.188927173614502,2.188927173614502,722623,0.0,0.0
1992-12-01 00:00:00-05:00,2.188926917392264,2.26440691947937,2.188926917392264,2.26440691947937,586354,0.0,0.0
1992-12-02 00:00:00-05:00,2.226666918435817,2.26440691947937,2.226666918435817,2.26440691947937,301379,0.0,0.0
1992-12-03 00:00:00-05:00,2.2266669098258505,2.3021469116210938,2.1889269089282286,2.3021469116210938,1254204,0.0,0.0
1992-12-04 00:00:00-05:00,2.302146248543862,2.377626419067383,2.2644062585163263,2.377626419067383,1044641,0.0,0.0
1992-12-07 00:00:00-05:00,2.3398866653442383,2.3776266591831234,2.302146481036884,2.3398866653442383,483424,0.0,0.0
1992-12-08 00:00:00-05:00,2.3776266591831234,2.3776266591831234,2.302146481036884,2.3398866653442383,751993,0.0,0.0
1992-12-09 00:00:00-05:00,2.3398866653442383,2.3398866653442383,2.264406487197999,2.3398866653442383,297675,0.0,0.0
1992-12-10 00:00:00-05:00,2.33988710298722,2.33988710298722,2.264406910723472,2.3021469116210938,97637,0.0,0.0
1992-12-11 00:00:00-05:00,2.264406487197999,2.3398866653442383,2.264406487197999,2.3398866653442383,393989,0.0,0.0
1992-12-14 00:00:00-05:00,2.33988710298722,2.377627103884842,2.3021469116210938,2.3021469116210938,294764,0.0,0.0
1992-12-15 00:00:00-05:00,2.3021459437243483,2.3398861192232823,2.1889259886328207,2.22666597366333,582120,0.0,0.0
1992-12-16 00:00:00-05:00,2.188927173614502,2.226667179075666,2.151187168153338,2.188927173614502,709922,0.0,0.0
1992-12-17 00:00:00-05:00,2.188927173614502,2.188927173614502,2.07570715723101,2.188927173614502,697486,0.0,0.0
1992-12-18 00:00:00-05:00,2.1889259886328207,2.22666597366333,2.113446018571802,2.22666597366333,945945,0.0,0.0
1992-12-21 00:00:00-05:00,2.1889269089282286,2.3021469116210938,2.1889269089282286,2.3021469116210938,487658,0.0,0.0
1992-12-22 00:00:00-05:00,2.339886429039847,2.377626419067383,2.339886429039847,2.377626419067383,441353,0.0,0.0
1992-12-23 00:00:00-05:00,2.3398866653442383,2.3776266591831234,2.3398866653442383,2.3398866653442383,532375,0.0,0.0
1992-12-24 00:00:00-05:00,2.3776268315535773,2.528587579727173,2.3398868349786612,2.528587579727173,1207370,0.0,0.0
1992-12-28 00:00:00-05:00,2.4908473474431623,2.5663273334503174,2.453107354439585,2.5663273334503174,771838,0.0,0.0
1992-12-29 00:00:00-05:00,2.5663273334503174,2.6418075099259366,2.5663273334503174,2.5663273334503174,959175,0.0,0.0
1992-12-30 00:00:00-05:00,2.604067763345488,2.604067763345488,2.528587579727173,2.528587579727173,398223,0.0,0.0
1992-12-31 00:00:00-05:00,2.604067325592041,2.604067325592041,2.5663271448929073,2.604067325592041,407484,0.0,0.0
1993-01-04 00:00:00-05:00,2.5663273334503174,2.5663273334503174,2.4908473474431623,2.5663273334503174,233377,0.0,0.0
1993-01-05 00:00:00-05:00,2.5663273334503174,2.6040675169223593,2.52858734044674,2.5663273334503174,512001,0.0,0.0
1993-01-06 00:00:00-05:00,2.5663271448929073,2.604067325592041,2.4908471644315417,2.604067325592041,978491,0.0,0.0
1993-01-07 00:00:00-05:00,2.6040670924631715,2.7550278017449616,2.6040670924631715,2.6418070793151855,1313210,0.0,0.0
1993-01-08 00:00:00-05:00,2.6418084350524578,2.7927692218051057,2.6418084350524578,2.7172892093658447,989339,0.0,0.0
1993-01-11 00:00:00-05:00,2.7550287495392913,2.9059889393496166,2.7172887497038345,2.86824893951416,930598,0.0,0.0
1993-01-12 00:00:00-05:00,2.8305082387764413,2.8305082387764413,2.453107356137176,2.49084734916687,3421807,0.0,0.0
1993-01-13 00:00:00-05:00,2.4908474025736553,2.4908474025736553,2.113446511842458,2.3398866653442383,4597954,0.0,0.0
1993-01-14 00:00:00-05:00,2.339887309798519,2.41536808013916,2.339887309798519,2.41536808013916,863919,0.0,0.0
1993-01-15 00:00:00-05:00,2.4153674148958846,2.4153674148958846,2.264406487197999,2.3398866653442383,651710,0.0,0.0
1993-01-18 00:00:00-05:00,2.3398866160212215,2.4908473500685018,2.2644064394660464,2.4531073570251465,2246983,0.0,0.0
1993-01-19 00:00:00-05:00,2.490848088605716,2.5285880928389934,2.339887309798519,2.41536808013916,1164240,0.0,0.0
1993-01-20 00:00:00-05:00,2.453107356137176,2.528587342196564,2.453107356137176,2.49084734916687,807559,0.0,0.0
1993-01-21 00:00:00-05:00,2.4531075865773406,2.528587579727173,2.4531075865773406,2.528587579727173,316197,0.0,0.0
1993-01-22 00:00:00-05:00,2.528587579727173,2.566327576302089,2.4908475831522567,2.528587579727173,361444,0.0,0.0
1993-01-25 00:00:00-05:00,2.566327335226258,2.566327335226258,2.49084734916687,2.49084734916687,375203,0.0,0.0
1993-01-26 00:00:00-05:00,2.49084734916687,2.528587342196564,2.453107356137176,2.49084734916687,614930,0.0,0.0
1993-01-27 00:00:00-05:00,2.528587343111857,2.528587343111857,2.4153673639817916,2.4531073570251465,758344,0.0,0.0
1993-01-28 00:00:00-05:00,2.4908471644315417,2.6418073158227235,2.4908471644315417,2.604067325592041,8166614,0.0,0.0
1993-01-29 00:00:00-05:00,2.6418084350524578,2.755029215585475,2.6418084350524578,2.7172892093658447,2053561,0.0,0.0
1993-02-01 00:00:00-05:00,2.7172892093658447,2.755029215585475,2.6795484412720882,2.7172892093658447,1150481,0.0,0.0
1993-02-02 00:00:00-05:00,2.7172884860464346,2.8682486612091553,2.7172884860464346,2.7927684783935547,1520656,0.0,0.0
1993-02-03 00:00:00-05:00,2.7927680039361267,2.83050799369812,2.7927680039361267,2.83050799369812,808353,0.0,0.0
1993-02-04 00:00:00-05:00,2.8305089686105602,2.8305089686105602,2.7550289630889893,2.7550289630889893,1459004,0.0,0.0
1993-02-05 00:00:00-05:00,2.7550278017449616,2.7927677885969757,2.566326915142724,2.6418070793151855,1293365,0.0,0.0
1993-02-08 00:00:00-05:00,2.6418075546515545,2.717288303810452,2.6418075546515545,2.6795475482940674,505651,0.0,0.0
1993-02-09 00:00:00-05:00,2.6418070793151855,2.6418070793151855,2.566326915142724,2.6418070793151855,304025,0.0,0.0
1993-02-10 00:00:00-05:00,2.6418070793151855,2.679547066167199,2.6040670924631715,2.6418070793151855,275184,0.0,0.0
1993-02-11 00:00:00-05:00,2.6418081929325767,2.7550289630889893,2.6418081929325767,2.7550289630889893,1229067,0.0,0.0
1993-02-12 00:00:00-05:00,2.7550289630889893,2.9059891646006455,2.7550289630889893,2.7550289630889893,3200866,0.0,0.0
1993-02-16 00:00:00-05:00,2.7550282508105277,2.7550282508105277,2.5663273334503174,2.5663273334503174,1225627,0.0,0.0
1993-02-17 00:00:00-05:00,2.5663273768980606,2.717288303810452,2.5663273768980606,2.6795475482940674,840899,0.0,0.0
1993-02-18 00:00:00-05:00,2.7550284822199944,2.8305084745671145,2.7172884860464346,2.7927684783935547,1263730,0.0,0.0
1993-02-19 00:00:00-05:00,2.7927687493747477,2.86824893951416,2.7550287495392913,2.86824893951416,1052314,0.0,0.0
1993-02-22 00:00:00-05:00,2.9059889393496166,2.9059889393496166,2.830508749210204,2.86824893951416,919750,0.0,0.0
1993-02-23 00:00:00-05:00,2.8305089686105602,2.8305089686105602,2.7172889603282036,2.7550289630889893,291589,0.0,0.0
1993-02-24 00:00:00-05:00,2.717288303810452,2.717288303810452,2.5285873832555477,2.6795475482940674,2548627,0.0,0.0
1993-02-25 00:00:00-05:00,2.6418070793151855,2.679547066167199,2.6040670924631715,2.6418070793151855,937478,0.0,0.0
1993-02-26 00:00:00-05:00,2.4908473500685018,2.528587343111857,2.4153673639817916,2.4531073570251465,1598449,0.0,0.0
1993-03-01 00:00:00-05:00,2.4908473500685018,2.528587343111857,2.4531073570251465,2.4531073570251465,964732,0.0,0.0
1993-03-02 00:00:00-05:00,2.4908475831522567,2.566327576302089,2.4531075865773406,2.528587579727173,527083,0.0,0.0
1993-03-03 00:00:00-05:00,2.52858734044674,2.6418075099259366,2.52858734044674,2.5663273334503174,344509,0.0,0.0
1993-03-04 00:00:00-05:00,2.52858734044674,2.6040675169223593,2.52858734044674,2.5663273334503174,552220,0.0,0.0
1993-03-05 00:00:00-05:00,2.5663271448929073,2.604067325592041,2.5285871546622247,2.604067325592041,228879,0.0,0.0
1993-03-08 00:00:00-05:00,2.52858734044674,2.5663273334503174,2.4908473474431623,2.5663273334503174,532904,0.0,0.0
1993-03-09 00:00:00-05:00,2.5285869282907103,2.679547066167199,2.5285869282907103,2.6418070793151855,588206,0.0,0.0
1993-03-10 00:00:00-05:00,2.6418075546515545,2.6795475482940674,2.5663273768980606,2.6795475482940674,825287,0.0,0.0
1993-03-11 00:00:00-05:00,2.679547066167199,2.679547066167199,2.6040670924631715,2.6418070793151855,745643,0.0,0.0
1993-03-12 00:00:00-05:00,2.566327336155212,2.566327336155212,2.4153673639817916,2.4531073570251465,663617,0.0,0.0
1993-03-15 00:00:00-05:00,2.4531073570251465,2.528587343111857,2.4531073570251465,2.4531073570251465,511207,0.0,0.0
1993-03-16 00:00:00-05:00,2.4908473500685018,2.4908473500685018,2.4531073570251465,2.4531073570251465,316197,0.0,0.0
1993-03-17 00:00:00-05:00,2.4153670859282976,2.4153670859282976,1.8492653507621175,2.000225305557251,8284626,0.0,0.0
1993-03-18 00:00:00-05:00,1.8115254627118187,1.8492654535074387,1.660564547187071,1.7737854719161987,7199766,0.0,0.0
1993-03-19 00:00:00-05:00,1.773785592220617,1.8115255855758967,1.5850846731018848,1.6983046531677246,3657566,0.0,0.0
1993-03-22 00:00:00-05:00,1.6605646598124446,1.6983046531677246,1.6228246664571648,1.6983046531677246,853070,0.0,0.0
1993-03-23 00:00:00-05:00,1.660564296351231,1.6983042814460536,1.5473442458325515,1.6228243112564087,1283839,0.0,0.0
1993-03-24 00:00:00-05:00,1.5850845575332642,1.6605645387405734,1.5850845575332642,1.5850845575332642,1098090,0.0,0.0
1993-03-25 00:00:00-05:00,1.6228243112564087,1.660564296351231,1.5850843261615863,1.6228243112564087,740086,0.0,0.0
1993-03-26 00:00:00-05:00,1.6228243112564087,1.6983042814460536,1.6228243112564087,1.6228243112564087,646153,0.0,0.0
1993-03-29 00:00:00-05:00,1.660564547187071,1.7737854719161987,1.622824556391451,1.7737854719161987,1348402,0.0,0.0
1993-03-30 00:00:00-05:00,1.8115257024765015,1.8492656982672027,1.7737857066858,1.8115257024765015,1206311,0.0,0.0
1993-03-31 00:00:00-05:00,1.8115255855758967,1.8115255855758967,1.6605646598124446,1.6983046531677246,1497371,0.0,0.0
1993-04-01 00:00:00-05:00,1.698304529344228,1.698304529344228,1.547344471695383,1.5850845575332642,1268228,0.0,0.0
1993-04-02 00:00:00-05:00,1.54734468460083,1.54734468460083,1.4341246972114676,1.54734468460083,1692911,0.0,0.0
1993-04-05 00:00:00-04:00,1.54734468460083,1.54734468460083,1.509604688804376,1.54734468460083,563333,0.0,0.0
1993-04-06 00:00:00-04:00,1.54734468460083,1.5850847756315236,1.509604688804376,1.54734468460083,456964,0.0,0.0
1993-04-07 00:00:00-04:00,1.5096046963012586,1.5473446922851342,1.4718647003173828,1.4718647003173828,534227,0.0,0.0
1993-04-08 00:00:00-04:00,1.4718647003173828,1.5096046963012586,1.3963838512414728,1.4718647003173828,431563,0.0,0.0
1993-04-12 00:00:00-04:00,1.3963838815689087,1.4718647322841536,1.3963838815689087,1.3963838815689087,544018,0.0,0.0
1993-04-13 00:00:00-04:00,1.396383738910371,1.4341245889663696,1.3586437459624625,1.4341245889663696,642449,0.0,0.0
1993-04-14 00:00:00-04:00,1.4341247043335072,1.5096046963012586,1.3963838512414728,1.4718647003173828,305348,0.0,0.0
1993-04-15 00:00:00-04:00,1.509604688804376,1.54734468460083,1.4718646930079218,1.54734468460083,452201,0.0,0.0
1993-04-16 00:00:00-04:00,1.5473445661574166,1.5473445661574166,1.4718645803422175,1.509604573249817,272803,0.0,0.0
1993-04-19 00:00:00-04:00,1.509604574862187,1.509604574862187,1.4341245889663696,1.4341245889663696,368059,0.0,0.0
1993-04-20 00:00:00-04:00,1.4718647003173828,1.4718647003173828,1.4341247043335072,1.4718647003173828,434473,0.0,0.0
1993-04-21 00:00:00-04:00,1.4718645803422175,1.509604573249817,1.434124587434618,1.509604573249817,327839,0.0,0.0
1993-04-22 00:00:00-04:00,1.4341246972114676,1.54734468460083,1.4341246972114676,1.54734468460083,1108409,0.0,0.0
1993-04-23 00:00:00-04:00,1.5096046963012586,1.5096046963012586,1.4341247043335072,1.4718647003173828,390814,0.0,0.0
1993-04-26 00:00:00-04:00,1.4718645819142782,1.4718645819142782,1.4341245889663696,1.4341245889663696,504328,0.0,0.0
1993-04-27 00:00:00-04:00,1.4341245889663696,1.4718645819142782,1.4341245889663696,1.4341245889663696,196862,0.0,0.0
1993-04-28 00:00:00-04:00,1.4718645819142782,1.4718645819142782,1.396383738910371,1.4341245889663696,437913,0.0,0.0
1993-04-29 00:00:00-04:00,1.4341247043335072,1.4718647003173828,1.3963838512414728,1.4718647003173828,261689,0.0,0.0
1993-04-30 00:00:00-04:00,1.4718647003173828,1.5096046963012586,1.4341247043335072,1.4718647003173828,298733,0.0,0.0
1993-05-03 00:00:00-04:00,1.434124587434618,1.509604573249817,1.434124587434618,1.509604573249817,607257,0.0,0.0
1993-05-04 00:00:00-04:00,1.5096044810917284,1.5850845575332642,1.4718644904880738,1.5850845575332642,442676,0.0,0.0
1993-05-05 00:00:00-04:00,1.5473442458325515,1.6228243112564087,1.5096042607377291,1.6228243112564087,474428,0.0,0.0
1993-05-06 00:00:00-04:00,1.6228245481369188,1.6605645387405734,1.5850845575332642,1.5850845575332642,572594,0.0,0.0
1993-05-07 00:00:00-04:00,1.6228247714279778,1.6228247714279778,1.54734468460083,1.54734468460083,191041,0.0,0.0
1993-05-10 00:00:00-04:00,1.5473442458325515,1.6228243112564087,1.5473442458325515,1.6228243112564087,494273,0.0,0.0
1993-05-11 00:00:00-04:00,1.6228245481369188,1.6228245481369188,1.5850845575332642,1.5850845575332642,360914,0.0,0.0
1993-05-12 00:00:00-04:00,1.5850847756315236,1.6228247714279778,1.54734468460083,1.54734468460083,243167,0.0,0.0
1993-05-13 00:00:00-04:00,1.54734468460083,1.5850847756315236,1.54734468460083,1.54734468460083,401134,0.0,0.0
1993-05-14 00:00:00-04:00,1.5850847756315236,1.5850847756315236,1.54734468460083,1.54734468460083,187866,0.0,0.0
1993-05-17 00:00:00-04:00,1.5473445661574166,1.585084654299248,1.509604573249817,1.509604573249817,342392,0.0,0.0
1993-05-18 00:00:00-04:00,1.509604573249817,1.5473445661574166,1.4718645803422175,1.509604573249817,327046,0.0,0.0
1993-05-19 00:00:00-04:00,1.5096044810917284,1.6228245481369188,1.5096044810917284,1.5850845575332642,791154,0.0,0.0
1993-05-20 00:00:00-04:00,1.6228245481369188,1.6228245481369188,1.547344471695383,1.5850845575332642,495860,0.0,0.0
1993-05-21 00:00:00-04:00,1.547344471695383,1.5850845575332642,1.5096044810917284,1.5850845575332642,264865,0.0,0.0
1993-05-24 00:00:00-04:00,1.509604573249817,1.5473445661574166,1.509604573249817,1.509604573249817,525231,0.0,0.0
1993-05-25 00:00:00-04:00,1.54734468460083,1.54734468460083,1.4718646930079218,1.54734468460083,577357,0.0,0.0
1993-05-26 00:00:00-04:00,1.5096046963012586,1.5473446922851342,1.4718647003173828,1.4718647003173828,287620,0.0,0.0
1993-05-27 00:00:00-04:00,1.509604573249817,1.5473445661574166,1.4718645803422175,1.509604573249817,669173,0.0,0.0
1993-05-28 00:00:00-04:00,1.509604688804376,1.54734468460083,1.509604688804376,1.54734468460083,191570,0.0,0.0
1993-06-01 00:00:00-04:00,1.509604688804376,1.54734468460083,1.509604688804376,1.54734468460083,224116,0.0,0.0
1993-06-02 00:00:00-04:00,1.509604573249817,1.5473445661574166,1.4718645803422175,1.509604573249817,220676,0.0,0.0
1993-06-03 00:00:00-04:00,1.5096046963012586,1.5096046963012586,1.4341247043335072,1.4718647003173828,337100,0.0,0.0
1993-06-04 00:00:00-04:00,1.4718645819142782,1.509604574862187,1.4341245889663696,1.4341245889663696,250841,0.0,0.0
1993-06-07 00:00:00-04:00,1.4341245889663696,1.4718645819142782,1.4341245889663696,1.4341245889663696,113778,0.0,0.0
1993-06-08 00:00:00-04:00,1.396384131401511,1.396384131401511,1.2831640255000114,1.3586441278457642,1938989,0.0,0.0
1993-06-09 00:00:00-04:00,1.3586441278457642,1.396384131401511,1.3586441278457642,1.3586441278457642,298469,0.0,0.0
1993-06-10 00:00:00-04:00,1.358643884765375,1.3963838815689087,1.358643884765375,1.3963838815689087,281799,0.0,0.0
1993-06-11 00:00:00-04:00,1.358643884765375,1.3963838815689087,1.358643884765375,1.3963838815689087,309317,0.0,0.0
1993-06-14 00:00:00-04:00,1.396384131401511,1.396384131401511,1.3586441278457642,1.3586441278457642,772897,0.0,0.0
1993-06-15 00:00:00-04:00,1.3209035396575928,1.3586435265096066,1.283163457571362,1.3209035396575928,736646,0.0,0.0
1993-06-16 00:00:00-04:00,1.2831636667251587,1.3209037549629683,1.2454236737215811,1.2831636667251587,1654279,0.0,0.0
1993-06-17 00:00:00-04:00,1.2831636667251587,1.3209037549629683,1.2831636667251587,1.2831636667251587,550368,0.0,0.0
1993-06-18 00:00:00-04:00,1.2831640485361357,1.3209041480036743,1.20768404006958,1.20768404006958,916310,0.0,0.0
1993-06-21 00:00:00-04:00,1.20768404006958,1.245424044302858,1.1699440358363022,1.20768404006958,1260025,0.0,0.0
1993-06-22 00:00:00-04:00,1.2076836833869702,1.2831636695609347,1.1699436902999878,1.1699436902999878,1113437,0.0,0.0
1993-06-23 00:00:00-04:00,1.1699440358363022,1.20768404006958,1.1699440358363022,1.20768404006958,195275,0.0,0.0
1993-06-24 00:00:00-04:00,1.1699437896854594,1.207683785978414,1.1322036981582642,1.1322036981582642,731619,0.0,0.0
1993-06-25 00:00:00-04:00,1.132203601978773,1.1699436902999878,1.09446284701793,1.1699436902999878,859421,0.0,0.0
1993-06-28 00:00:00-04:00,1.1699437896854594,1.1699437896854594,1.0944629399913843,1.1322036981582642,1006009,0.0,0.0
1993-06-29 00:00:00-04:00,1.132203601978773,1.2076836833869702,1.132203601978773,1.1699436902999878,184162,0.0,0.0
1993-06-30 00:00:00-04:00,1.1699436885240468,1.245423674583435,1.1699436885240468,1.245423674583435,353770,0.0,0.0
1993-07-01 00:00:00-04:00,1.2454236764739524,1.2454236764739524,1.1699436902999878,1.1699436902999878,349801,0.0,0.0
1993-07-02 00:00:00-04:00,1.2076836833869702,1.2076836833869702,1.1699436902999878,1.1699436902999878,383141,0.0,0.0
1993-07-06 00:00:00-04:00,1.1699436902999878,1.2076836833869702,1.132203601978773,1.1699436902999878,828992,0.0,0.0
1993-07-07 00:00:00-04:00,1.1699436902999878,1.1699436902999878,1.09446284701793,1.1699436902999878,571536,0.0,0.0
1993-07-08 00:00:00-04:00,1.132203601978773,1.1699436902999878,1.132203601978773,1.1699436902999878,382876,0.0,0.0
1993-07-09 00:00:00-04:00,1.1699440358363022,1.20768404006958,1.1322039363687635,1.20768404006958,342392,0.0,0.0
1993-07-12 00:00:00-04:00,1.1699440358363022,1.20768404006958,1.1699440358363022,1.20768404006958,343186,0.0,0.0
1993-07-13 00:00:00-04:00,1.1699436902999878,1.2076836833869702,1.1699436902999878,1.1699436902999878,234171,0.0,0.0
1993-07-14 00:00:00-04:00,1.1699440358363022,1.20768404006958,1.1699440358363022,1.20768404006958,148441,0.0,0.0
1993-07-15 00:00:00-04:00,1.1699440358363022,1.20768404006958,1.1699440358363022,1.20768404006958,165110,0.0,0.0
1993-07-16 00:00:00-04:00,1.1699437896854594,1.207683785978414,1.1322036981582642,1.1322036981582642,310905,0.0,0.0
1993-07-19 00:00:00-04:00,1.1322036981582642,1.1699437896854594,1.1322036981582642,1.1322036981582642,187072,0.0,0.0
1993-07-20 00:00:00-04:00,1.132203601978773,1.1699436902999878,1.09446284701793,1.1699436902999878,874768,0.0,0.0
1993-07-21 00:00:00-04:00,1.132203601978773,1.1699436902999878,1.132203601978773,1.1699436902999878,204536,0.0,0.0
1993-07-22 00:00:00-04:00,1.1699436902999878,1.1699436902999878,1.132203601978773,1.1699436902999878,280741,0.0,0.0
1993-07-23 00:00:00-04:00,1.1699436902999878,1.2076836833869702,1.132203601978773,1.1699436902999878,178076,0.0,0.0
1993-07-26 00:00:00-04:00,1.132203601978773,1.2076836833869702,1.132203601978773,1.1699436902999878,241580,0.0,0.0
1993-07-27 00:00:00-04:00,1.132203601978773,1.1699436902999878,1.132203601978773,1.1699436902999878,220941,0.0,0.0
1993-07-28 00:00:00-04:00,1.1699434970153204,1.3209035396575928,1.1322034149290896,1.3209035396575928,2087694,0.0,0.0
1993-07-29 00:00:00-04:00,1.3209037549629683,1.3586437479665459,1.2831636667251587,1.2831636667251587,676053,0.0,0.0
1993-07-30 00:00:00-04:00,1.2831636667251587,1.2831636667251587,1.2454236737215811,1.2831636667251587,528671,0.0,0.0
1993-08-02 00:00:00-04:00,1.2454236737215811,1.2831636667251587,1.2454236737215811,1.2831636667251587,167492,0.0,0.0
1993-08-03 00:00:00-04:00,1.283163457571362,1.3209035396575928,1.2454234707193481,1.3209035396575928,599054,0.0,0.0
1993-08-04 00:00:00-04:00,1.3209035396575928,1.3586435265096066,1.283163457571362,1.3209035396575928,556454,0.0,0.0
1993-08-05 00:00:00-04:00,1.3209041242900172,1.3586441278457642,1.3209041242900172,1.3586441278457642,341599,0.0,0.0
1993-08-06 00:00:00-04:00,1.35864374451133,1.509604573249817,1.35864374451133,1.509604573249817,977697,0.0,0.0
1993-08-09 00:00:00-04:00,1.5096046937621148,1.7360447645187378,1.4718646978417176,1.7360447645187378,2812698,0.0,0.0
1993-08-10 00:00:00-04:00,1.8115255855758967,1.8492655789311767,1.6605646598124446,1.6983046531677246,2937060,0.0,0.0
1993-08-11 00:00:00-04:00,1.660564296351231,1.736044266540876,1.5850843261615863,1.6228243112564087,938536,0.0,0.0
1993-08-12 00:00:00-04:00,1.6228247714279778,1.6228247714279778,1.509604688804376,1.54734468460083,1298128,0.0,0.0
1993-08-13 00:00:00-04:00,1.5850843261615863,1.6228243112564087,1.5473442458325515,1.6228243112564087,568890,0.0,0.0
1993-08-16 00:00:00-04:00,1.6983047685983406,1.7737857127815322,1.6983047685983406,1.7360447645187378,832961,0.0,0.0
1993-08-17 00:00:00-04:00,1.7360445287783108,1.8115254627118187,1.6983045379826909,1.7737854719161987,927952,0.0,0.0
1993-08-18 00:00:00-04:00,1.8115258156784473,1.887005811976582,1.7737858175293797,1.8492658138275146,2119181,0.0,0.0
1993-08-19 00:00:00-04:00,1.8492656982672027,1.8870056940579039,1.8115257024765015,1.8115257024765015,974257,0.0,0.0
1993-08-20 00:00:00-04:00,1.8115257087019294,1.8115257087019294,1.6983047685983406,1.7360447645187378,785597,0.0,0.0
1993-08-23 00:00:00-04:00,1.7360447645187378,1.7737857127815322,1.5850847808371489,1.7360447645187378,589264,0.0,0.0
1993-08-24 00:00:00-04:00,1.6983047763274453,1.7360447724195998,1.6605647802352907,1.6605647802352905,232583,0.0,0.0
1993-08-25 00:00:00-04:00,1.736044758552705,1.8115257024765015,1.736044758552705,1.8115257024765015,1062104,0.0,0.0
1993-08-26 00:00:00-04:00,1.8115257087019294,1.8115257087019294,1.6983047685983406,1.7360447645187378,249253,0.0,0.0
1993-08-27 00:00:00-04:00,1.6983047685983406,1.7360447645187378,1.6983047685983406,1.7360447645187378,119335,0.0,0.0
1993-08-30 00:00:00-04:00,1.7737854719161987,1.7737854719161987,1.7360445287783108,1.7737854719161987,338423,0.0,0.0
1993-08-31 00:00:00-04:00,1.773785592220617,1.773785592220617,1.6605646598124446,1.6983046531677246,577622,0.0,0.0
1993-09-01 00:00:00-04:00,1.6983047763274453,1.7360447724195998,1.6605647802352907,1.6605647802352905,400340,0.0,0.0
1993-09-02 00:00:00-04:00,1.698304529344228,1.698304529344228,1.5850845575332642,1.5850845575332642,629483,0.0,0.0
1993-09-03 00:00:00-04:00,1.5850845575332642,1.6605645387405734,1.547344471695383,1.5850845575332642,440559,0.0,0.0
1993-09-07 00:00:00-04:00,1.5850847756315236,1.5850847756315236,1.54734468460083,1.54734468460083,255868,0.0,0.0
1993-09-08 00:00:00-04:00,1.5473445661574166,1.5473445661574166,1.434124587434618,1.509604573249817,825287,0.0,0.0
1993-09-09 00:00:00-04:00,1.509604573249817,1.5473445661574166,1.4718645803422175,1.509604573249817,569155,0.0,0.0
1993-09-10 00:00:00-04:00,1.5096046963012586,1.5096046963012586,1.4341247043335072,1.4718647003173828,218824,0.0,0.0
1993-09-13 00:00:00-04:00,1.5096047290876873,1.5096047290876873,1.3963838815689087,1.3963838815689087,254545,0.0,0.0
1993-09-14 00:00:00-04:00,1.4341247043335072,1.4718647003173828,1.4341247043335072,1.4718647003173828,361444,0.0,0.0
1993-09-15 00:00:00-04:00,1.43412473548062,1.4718647322841536,1.3963838815689087,1.3963838815689087,150822,0.0,0.0
1993-09-16 00:00:00-04:00,1.43412473548062,1.43412473548062,1.3963838815689087,1.3963838815689087,128860,0.0,0.0
1993-09-17 00:00:00-04:00,1.4341245889663696,1.4718645819142782,1.4341245889663696,1.4341245889663696,158495,0.0,0.0
1993-09-20 00:00:00-04:00,1.4718647003173828,1.5473446922851342,1.4718647003173828,1.4718647003173828,1107086,0.0,0.0
1993-09-21 00:00:00-04:00,1.5096046963012586,1.5096046963012586,1.3963838512414728,1.4718647003173828,593233,0.0,0.0
1993-09-22 00:00:00-04:00,1.4718647003173828,1.4718647003173828,1.3963838512414728,1.4718647003173828,329692,0.0,0.0
1993-09-23 00:00:00-04:00,1.4718645803422175,1.509604573249817,1.4718645803422175,1.509604573249817,418862,0.0,0.0
1993-09-24 00:00:00-04:00,1.509604573249817,1.509604573249817,1.4718645803422175,1.509604573249817,147118,0.0,0.0
1993-09-27 00:00:00-04:00,1.509604573249817,1.509604573249817,1.4718645803422175,1.509604573249817,130183,0.0,0.0
1993-09-28 00:00:00-04:00,1.5473446922851342,1.5473446922851342,1.4718647003173828,1.4718647003173828,467548,0.0,0.0
1993-09-29 00:00:00-04:00,1.5096046963012586,1.5096046963012586,1.4718647003173828,1.4718647003173828,169079,0.0,0.0
1993-09-30 00:00:00-04:00,1.4718645803422175,1.509604573249817,1.434124587434618,1.509604573249817,463050,0.0,0.0
1993-10-01 00:00:00-04:00,1.5096044810917284,1.5850845575332642,1.4718644904880738,1.5850845575332642,383405,0.0,0.0
1993-10-04 00:00:00-04:00,1.585084654299248,1.585084654299248,1.509604573249817,1.509604573249817,152410,0.0,0.0
1993-10-05 00:00:00-04:00,1.4718645803422175,1.509604573249817,1.4718645803422175,1.509604573249817,160612,0.0,0.0
1993-10-06 00:00:00-04:00,1.5096046963012586,1.5473446922851342,1.4718647003173828,1.4718647003173828,312493,0.0,0.0
1993-10-07 00:00:00-04:00,1.509604688804376,1.54734468460083,1.4718646930079218,1.54734468460083,1004951,0.0,0.0
1993-10-08 00:00:00-04:00,1.54734468460083,1.54734468460083,1.4718646930079218,1.54734468460083,1903797,0.0,0.0
1993-10-11 00:00:00-04:00,1.5473445661574166,1.5473445661574166,1.509604573249817,1.509604573249817,637421,0.0,0.0
1993-10-12 00:00:00-04:00,1.509604591157092,1.7360446465230046,1.509604591157092,1.6983046531677246,1622527,0.0,0.0
1993-10-13 00:00:00-04:00,1.7737856998257209,2.0002256736941764,1.5850847692596177,1.8870056867599487,5574328,0.0,0.0
1993-10-14 00:00:00-04:00,1.9247453281596842,2.0379652942560345,1.8870053394609008,2.000225305557251,2683309,0.0,0.0
1993-10-15 00:00:00-04:00,2.000225305557251,2.0379652942560345,1.9247453281596842,2.000225305557251,1062369,0.0,0.0
1993-10-18 00:00:00-04:00,1.9624853168584675,2.0379652942560345,1.9247453281596842,2.000225305557251,1384652,0.0,0.0
1993-10-19 00:00:00-04:00,2.000225793937934,2.0379657918514202,1.8870058001974759,1.924745798110962,1485464,0.0,0.0
1993-10-20 00:00:00-04:00,1.924746026283815,1.9624860286712646,1.924746026283815,1.9624860286712646,546399,0.0,0.0
1993-10-21 00:00:00-04:00,1.924744881065069,2.0757057531360594,1.8870049011328198,2.0379648208618164,1079039,0.0,0.0
1993-10-22 00:00:00-04:00,2.075706906235363,2.377627103884842,2.075706906235363,2.3021469116210938,6068336,0.0,0.0
1993-10-25 00:00:00-04:00,2.339887309798519,2.4531080843724378,2.3021471150967194,2.41536808013916,2114948,0.0,0.0
1993-10-26 00:00:00-04:00,2.453107867554104,2.453107867554104,2.264406910723472,2.3021469116210938,1236211,0.0,0.0
1993-10-27 00:00:00-04:00,2.302146248543862,2.377626419067383,2.2644062585163263,2.377626419067383,683991,0.0,0.0
1993-10-28 00:00:00-04:00,2.3776266591831234,2.4153674148958846,2.302146481036884,2.3398866653442383,1399999,0.0,0.0
1993-10-29 00:00:00-04:00,2.302146248543862,2.377626419067383,2.302146248543862,2.377626419067383,375997,0.0,0.0
1993-11-01 00:00:00-05:00,2.3776266591831234,2.4153674148958846,2.302146481036884,2.3398866653442383,2657378,0.0,0.0
1993-11-02 00:00:00-05:00,2.3398866653442383,2.3776266591831234,2.302146481036884,2.3398866653442383,710716,0.0,0.0
1993-11-03 00:00:00-05:00,2.339886429039847,2.4153671709687172,2.302146248543862,2.377626419067383,1024002,0.0,0.0
1993-11-04 00:00:00-05:00,2.3398866653442383,2.3776266591831234,2.3398866653442383,2.3398866653442383,711774,0.0,0.0
1993-11-05 00:00:00-05:00,2.264406487197999,2.3398866653442383,2.2266664933591134,2.3398866653442383,758079,0.0,0.0
1993-11-08 00:00:00-05:00,2.339886615174234,2.528587342196564,2.339886615174234,2.49084734916687,1570401,0.0,0.0
1993-11-09 00:00:00-05:00,2.5285869282907103,2.679547066167199,2.5285869282907103,2.6418070793151855,2443846,0.0,0.0
1993-11-10 00:00:00-05:00,2.6418070793151855,2.717287814892948,2.6418070793151855,2.6418070793151855,1110791,0.0,0.0
1993-11-11 00:00:00-05:00,2.6795472727763534,2.83050799369812,2.6795472727763534,2.83050799369812,2479037,0.0,0.0
1993-11-12 00:00:00-05:00,2.868247964874039,3.0946886488154837,2.868247964874039,3.056948661804199,3878242,0.0,0.0
1993-11-15 00:00:00-05:00,3.05694970056544,3.05694970056544,2.86824893951416,2.86824893951416,1500547,0.0,0.0
1993-11-16 00:00:00-05:00,2.905988163690555,2.905988163690555,2.6795472727763534,2.83050799369812,1560346,0.0,0.0
1993-11-17 00:00:00-05:00,2.86824893951416,2.9059889393496166,2.830508749210204,2.86824893951416,1719106,0.0,0.0
1993-11-18 00:00:00-05:00,2.8682482259536153,2.9059882164001465,2.8682482259536153,2.9059882164001465,378378,0.0,0.0
1993-11-19 00:00:00-05:00,2.86824891730946,2.981468915939331,2.86824891730946,2.981468915939331,1761707,0.0,0.0
1993-11-22 00:00:00-05:00,2.9437286535562754,2.9437286535562754,2.7550284822199944,2.7927684783935547,487393,0.0,0.0
1993-11-23 00:00:00-05:00,2.8305084745671145,2.8682486612091553,2.6795477279989517,2.7927684783935547,425741,0.0,0.0
1993-11-24 00:00:00-05:00,2.7927680039361267,2.83050799369812,2.7550280141741337,2.83050799369812,177547,0.0,0.0
1993-11-26 00:00:00-05:00,2.830508749210204,2.9059889393496166,2.830508749210204,2.86824893951416,161406,0.0,0.0
1993-11-29 00:00:00-05:00,2.905988628345474,3.09468936920166,2.905988628345474,3.09468936920166,1755356,0.0,0.0
1993-11-30 00:00:00-05:00,3.094689676443193,3.094689676443193,2.9437289163960405,2.981468915939331,2264182,0.0,0.0
1993-12-01 00:00:00-05:00,3.0192086696624756,3.0946894244774996,2.981468673191928,3.0192086696624756,1138045,0.0,0.0
1993-12-02 00:00:00-05:00,3.0192086696624756,3.1324296114165295,2.981468673191928,3.0192086696624756,1127990,0.0,0.0
1993-12-03 00:00:00-05:00,3.019208678542114,3.019208678542114,2.9437286853790283,2.9437286853790283,193687,0.0,0.0
1993-12-06 00:00:00-05:00,2.943728153452548,2.943728153452548,2.7927680039361267,2.83050799369812,712303,0.0,0.0
1993-12-07 00:00:00-05:00,2.8682482259536153,2.9437282068466777,2.8682482259536153,2.9059882164001465,207446,0.0,0.0
1993-12-08 00:00:00-05:00,2.9059889393496166,2.9059889393496166,2.830508749210204,2.86824893951416,333661,0.0,0.0
1993-12-09 00:00:00-05:00,2.86824893951416,2.98146893902053,2.86824893951416,2.86824893951416,435532,0.0,0.0
1993-12-10 00:00:00-05:00,2.8682482259536153,2.9059882164001465,2.830508045038632,2.9059882164001465,741674,0.0,0.0
1993-12-13 00:00:00-05:00,2.8682486325490197,3.09468936920166,2.8682486325490197,3.09468936920166,1039084,0.0,0.0
1993-12-14 00:00:00-05:00,3.056949436997588,3.170169617210699,2.9437286853790283,2.9437286853790283,721829,0.0,0.0
1993-12-15 00:00:00-05:00,2.981468681960571,3.019208678542114,2.9059886887974855,2.9437286853790283,761254,0.0,0.0
1993-12-16 00:00:00-05:00,3.019208915482621,3.0569496768999027,2.9437289163960405,2.981468915939331,1570401,0.0,0.0
1993-12-17 00:00:00-05:00,2.981468915939331,3.019208915482621,2.9059889168527504,2.981468915939331,836930,0.0,0.0
1993-12-20 00:00:00-05:00,2.9437286767213804,3.0192086696624756,2.9437286767213804,3.0192086696624756,859156,0.0,0.0
1993-12-21 00:00:00-05:00,2.981468915939331,3.019208915482621,2.9437289163960405,2.981468915939331,207182,0.0,0.0
1993-12-22 00:00:00-05:00,2.9437289163960405,2.981468915939331,2.9437289163960405,2.981468915939331,195804,0.0,0.0
1993-12-23 00:00:00-05:00,2.9437289391850734,3.019208938855986,2.6795479879943813,2.86824893951416,1736570,0.0,0.0
1993-12-27 00:00:00-05:00,2.8305089686105602,2.86824916183986,2.7550289630889893,2.7550289630889893,824494,0.0,0.0
1993-12-28 00:00:00-05:00,2.717288303810452,2.7550282974529647,2.6040675610090416,2.6795475482940674,791154,0.0,0.0
1993-12-29 00:00:00-05:00,2.7172889603282036,2.792768965849775,2.6795481956933624,2.7550289630889893,509620,0.0,0.0
1993-12-30 00:00:00-05:00,2.755029215585475,2.755029215585475,2.7172892093658447,2.7172892093658447,273332,0.0,0.0
1993-12-31 00:00:00-05:00,2.7550289630889893,2.7550289630889893,2.7172889603282036,2.7550289630889893,194481,0.0,0.0
1994-01-03 00:00:00-05:00,2.7550278017449616,2.7927677885969757,2.6040670924631715,2.6418070793151855,1227215,0.0,0.0
1994-01-04 00:00:00-05:00,2.6418075546515545,2.717288303810452,2.6418075546515545,2.6795475482940674,1188848,0.0,0.0
1994-01-05 00:00:00-05:00,2.717288515421289,2.981468681960571,2.679547756965815,2.9437286853790283,1944016,0.0,0.0
1994-01-06 00:00:00-05:00,3.0192086696624756,3.056949428006952,2.905988680250833,3.0192086696624756,2163899,0.0,0.0
1994-01-07 00:00:00-05:00,3.0569493813135824,3.5098304748535156,3.0192086235455773,3.5098304748535156,4960456,0.0,0.0
1994-01-10 00:00:00-05:00,3.4343502022034347,3.6607909209235094,3.3966100189272677,3.547569990158081,2484065,0.0,0.0
1994-01-11 00:00:00-05:00,3.3966107413335442,3.585310935974121,3.3966107413335442,3.585310935974121,1289660,0.0,0.0
1994-01-12 00:00:00-05:00,3.623050120090713,3.6985308626503626,3.5853099392793397,3.6607906818389893,2576675,0.0,0.0
1994-01-13 00:00:00-05:00,3.660791416186004,3.9627117804308716,3.509830662658102,3.849491596221924,1184879,0.0,0.0
1994-01-14 00:00:00-05:00,3.849491596221924,3.8872317846038995,3.6985316045679797,3.849491596221924,6577691,0.0,0.0
1994-01-17 00:00:00-05:00,3.8494909296792588,3.8872311115264893,3.8117507478320283,3.8872311115264893,1360044,0.0,0.0
1994-01-18 00:00:00-05:00,3.8872311115264893,3.924970912436807,3.8494909296792588,3.8872311115264893,2046946,0.0,0.0
1994-01-19 00:00:00-05:00,3.8872307605247385,3.8872307605247385,3.6985306302012964,3.7362704277038574,2352559,0.0,0.0
1994-01-20 00:00:00-05:00,3.7740106061432974,3.8872307605247385,3.7362704277038574,3.7362704277038574,1030352,0.0,0.0
1994-01-21 00:00:00-05:00,3.736271004062452,3.774011188323707,3.509830279431858,3.6230504512786865,1119523,0.0,0.0
1994-01-24 00:00:00-05:00,3.585310173434248,3.623050356710415,3.5098301878188414,3.547569990158081,683726,0.0,0.0
1994-01-25 00:00:00-05:00,3.4343505010894466,3.5098304932737556,3.245649568286272,3.321129560470581,1245208,0.0,0.0
1994-01-26 00:00:00-05:00,3.321129274806141,3.358870219994438,3.2456492891141857,3.283389091491699,809411,0.0,0.0
1994-01-27 00:00:00-05:00,3.283389356678111,3.5475702802791247,3.283389356678111,3.5098304748535156,1190435,0.0,0.0
1994-01-28 00:00:00-05:00,3.5098304748535156,3.585310466641692,3.4343504830653395,3.5098304748535156,497183,0.0,0.0
1994-01-31 00:00:00-05:00,3.6230504512786865,3.811750991648025,3.547570082756176,3.6230504512786865,1734982,0.0,0.0
1994-02-01 00:00:00-05:00,3.6230508694829315,3.6985316276550293,3.5853106808653736,3.6985316276550293,7469129,0.0,0.0
1994-02-02 00:00:00-05:00,3.6985308626503626,3.6985308626503626,3.623050120090713,3.6607906818389893,1363748,0.0,0.0
1994-02-03 00:00:00-05:00,3.6607904517618564,3.7740106061432974,3.6607904517618564,3.7362704277038574,1775731,0.0,0.0
1994-02-04 00:00:00-05:00,3.774011609564154,3.8117514171008415,3.434350675175104,3.472090482711792,2309693,0.0,0.0
1994-02-07 00:00:00-05:00,3.434350291846285,3.660791016476879,3.434350291846285,3.6230504512786865,1523567,0.0,0.0
1994-02-08 00:00:00-05:00,3.6985316276550293,3.6985316276550293,3.509830684567239,3.6985316276550293,1367982,0.0,0.0
1994-02-09 00:00:00-05:00,3.6607911961171915,3.7740113735198975,3.6607911961171915,3.7740113735198975,1024002,0.0,0.0
1994-02-10 00:00:00-05:00,3.774011623953164,3.811751431633741,3.6985316276550293,3.6985316276550293,941447,0.0,0.0
1994-02-11 00:00:00-05:00,3.6985306302012964,3.7362704277038574,3.6607904517618564,3.7362704277038574,1020562,0.0,0.0
1994-02-14 00:00:00-05:00,3.7362704277038574,3.7740106061432974,3.623049892385538,3.7362704277038574,961821,0.0,0.0
1994-02-15 00:00:00-05:00,3.7740116003949518,3.8872317846038995,3.736271412012976,3.849491596221924,2094838,0.0,0.0
1994-02-16 00:00:00-05:00,3.9249704066241855,4.0759311145587365,3.8872306105774115,4.038191318511963,2230049,0.0,0.0
1994-02-17 00:00:00-05:00,4.000452349749826,4.113672533958773,3.811751407839948,3.849491596221924,1722546,0.0,0.0
1994-02-18 00:00:00-05:00,3.8872329840416167,4.000453584122691,3.698532745780686,3.9627130031585693,1027706,0.0,0.0
1994-02-22 00:00:00-05:00,3.962712010978814,4.1514129638671875,3.887232010760466,4.1514129638671875,1722281,0.0,0.0
1994-02-23 00:00:00-05:00,4.189152000652161,4.415593102342141,4.189152000652161,4.302372932434082,3185519,0.0,0.0
1994-02-24 00:00:00-05:00,4.3401124921407686,4.453332655710454,4.226891947634175,4.264631748199463,3322582,0.0,0.0
1994-02-25 00:00:00-05:00,4.3401118017667075,4.45333194732666,4.3401118017667075,4.45333194732666,2678810,0.0,0.0
1994-02-28 00:00:00-05:00,4.453333409936977,4.6042933996388715,4.453333409936977,4.566553592681885,2052238,0.0,0.0
1994-03-01 00:00:00-05:00,4.5288122455692115,4.755253314971924,4.453332270038517,4.755253314971924,2285615,0.0,0.0
1994-03-02 00:00:00-05:00,4.604294310031822,5.434577465057373,4.528814300256444,5.434577465057373,8984758,0.0,0.0
1994-03-03 00:00:00-05:00,5.510056972503662,5.774237934975823,5.434576969609484,5.510056972503662,10140530,0.0,0.0
1994-03-04 00:00:00-05:00,5.2836150685865295,5.434575020225497,5.132653974136927,5.321354866027832,3537173,0.0,0.0
1994-03-07 00:00:00-05:00,5.359095044406013,5.510054996044982,5.321354866027832,5.321354866027832,1129842,0.0,0.0
1994-03-08 00:00:00-05:00,5.321356614242825,5.3590968050197185,5.094915850518471,5.170395851135254,2398334,0.0,0.0
1994-03-09 00:00:00-05:00,5.359095526313448,5.472315690692241,5.321355344541546,5.3968353271484375,1636816,0.0,0.0
1994-03-10 00:00:00-05:00,5.510057474832751,5.510057474832751,5.245876488276305,5.434577465057373,1861726,0.0,0.0
1994-03-11 00:00:00-05:00,5.359095573425293,5.472315738799406,5.245874646177349,5.359095573425293,1442599,0.0,0.0
1994-03-14 00:00:00-05:00,5.396836023576905,5.623277143429149,5.396836023576905,5.585536956787109,1734718,0.0,0.0
1994-03-15 00:00:00-05:00,5.58553674185464,5.962937831878662,5.58553674185464,5.962937831878662,3612319,0.0,0.0
1994-03-16 00:00:00-05:00,5.925197641626416,6.151637990697803,5.887457837405816,6.038417816162109,2529047,0.0,0.0
1994-03-17 00:00:00-05:00,6.038417816162109,6.113897805540256,5.962937826783962,6.038417816162109,1548968,0.0,0.0
1994-03-18 00:00:00-05:00,6.000678011941509,6.038417816162109,5.887457837405816,6.038417816162109,1102059,0.0,0.0
1994-03-21 00:00:00-05:00,6.000678017068453,6.07615800651109,5.92519764668887,5.962937831878662,1151275,0.0,0.0
1994-03-22 00:00:00-05:00,6.038417816162109,6.151637990697803,6.000678011941509,6.038417816162109,3036814,0.0,0.0
1994-03-23 00:00:00-05:00,6.03841786128286,6.076158046722412,5.962937871340706,6.076158046722412,1359250,0.0,0.0
1994-03-24 00:00:00-05:00,5.962939074872918,6.000679267929777,5.736498297468791,5.774238109588623,2478773,0.0,0.0
1994-03-25 00:00:00-05:00,5.661015709557707,5.698755887935888,5.321354866027832,5.321354866027832,3369681,0.0,0.0
1994-03-28 00:00:00-05:00,5.359096966715305,5.510056972503662,5.057175812327548,5.510056972503662,3111167,0.0,0.0
1994-03-29 00:00:00-05:00,5.434576805636501,5.434576805636501,5.094915850518471,5.170395851135254,2299639,0.0,0.0
1994-03-30 00:00:00-05:00,4.981694742613584,5.2081350837413956,4.679774033818546,5.09491491317749,3346661,0.0,0.0
1994-03-31 00:00:00-05:00,5.09491491317749,5.13265471607417,4.8307340072791325,5.09491491317749,1327234,0.0,0.0
1994-04-04 00:00:00-04:00,4.6797733059698645,4.981693967806953,4.64203312800601,4.868473052978516,2295934,0.0,0.0
1994-04-05 00:00:00-04:00,5.20813619905292,5.510056972503662,5.170396007137323,5.510056972503662,3281040,0.0,0.0
1994-04-06 00:00:00-04:00,5.58553773727187,5.58553773727187,5.359096966715305,5.510056972503662,2938912,0.0,0.0
1994-04-07 00:00:00-04:00,5.547796629916715,5.887458324432373,5.43457644601514,5.887458324432373,2840481,0.0,0.0
1994-04-08 00:00:00-04:00,5.58553577995456,5.58553577995456,5.208134373986898,5.2836151123046875,4351876,0.0,0.0
1994-04-11 00:00:00-04:00,5.283616281714739,5.283616281714739,5.019435353347912,5.057175159454346,2001964,0.0,0.0
1994-04-12 00:00:00-04:00,4.981694505385749,4.981694505385749,4.679773810968148,4.906213760375977,3322053,0.0,0.0
1994-04-13 00:00:00-04:00,4.9439559264743345,5.057175738698695,4.3023738160612135,4.6042938232421875,5904814,0.0,0.0
1994-04-14 00:00:00-04:00,4.453333836871634,4.717514796519032,4.377853834784528,4.52881383895874,2664522,0.0,0.0
1994-04-15 00:00:00-04:00,4.528811972911745,4.528811972911745,4.302372059952494,4.491072177886963,1741333,0.0,0.0
1994-04-18 00:00:00-04:00,4.566554107678679,4.566554107678679,4.3401137166518655,4.415594100952148,918956,0.0,0.0
1994-04-19 00:00:00-04:00,4.453332655710454,4.52881263777794,4.11367178406449,4.264631748199463,1234359,0.0,0.0
1994-04-20 00:00:00-04:00,4.2268932192532,4.302373985902149,3.77401204779273,3.9249720573425293,3817913,0.0,0.0
1994-04-21 00:00:00-04:00,4.07593095421102,4.604291887448697,4.038191159648935,4.45333194732666,4190999,0.0,0.0
1994-04-22 00:00:00-04:00,4.5288134047879245,4.7175143442577285,4.453333409936977,4.566553592681885,1831561,0.0,0.0
1994-04-25 00:00:00-04:00,4.717513136738138,4.8684730877995275,4.642033161207444,4.755253314971924,2283763,0.0,0.0
1994-04-26 00:00:00-04:00,4.98169400343776,4.98169400343776,4.67977333944123,4.755253314971924,3042635,0.0,0.0
1994-04-28 00:00:00-04:00,4.830734265905425,4.830734265905425,4.642034098508658,4.679774284362793,1588394,0.0,0.0
1994-04-29 00:00:00-04:00,4.642033161207444,4.755253314971924,4.566552423802997,4.755253314971924,932186,0.0,0.0
1994-05-02 00:00:00-04:00,4.755253974991001,5.170394850372676,4.717513791518959,5.132654666900635,2823811,0.0,0.0
1994-05-03 00:00:00-04:00,5.132653743390544,5.208134096753571,4.943954002793562,5.019433975219727,1459798,0.0,0.0
1994-05-04 00:00:00-04:00,5.057174488521692,5.057174488521692,4.792993595203605,4.906213760375977,976639,0.0,0.0
1994-05-05 00:00:00-04:00,4.981694505385749,5.057174488521692,4.868473578339548,4.906213760375977,1164240,0.0,0.0
1994-05-06 00:00:00-04:00,4.868473052978516,4.90621323094237,4.7552532809607,4.868473052978516,1291777,0.0,0.0
1994-05-09 00:00:00-04:00,4.830733290502619,4.8684730877995275,4.67977333944123,4.755253314971924,908107,0.0,0.0
1994-05-10 00:00:00-04:00,4.755255068429386,4.792994879642509,4.377853908802007,4.415594100952148,2572177,0.0,0.0
1994-05-11 00:00:00-04:00,3.9249728031315447,4.000453584122691,3.698532745780686,3.9627130031585693,8224826,0.0,0.0
1994-05-12 00:00:00-04:00,3.9627110942840376,4.075931639825729,3.8494909296792588,3.8872311115264893,2546775,0.0,0.0
1994-05-13 00:00:00-04:00,3.9249720573425293,4.03819301684744,3.84949205256763,3.9249720573425293,1611414,0.0,0.0
1994-05-16 00:00:00-04:00,3.962710992999434,3.962710992999434,3.811750650405884,3.811750650405884,879266,0.0,0.0
1994-05-17 00:00:00-04:00,3.7740116003949518,3.8872317846038995,3.4720904742761265,3.849491596221924,3569189,0.0,0.0
1994-05-18 00:00:00-04:00,3.8494894929290626,4.151410454083623,3.8117493251676464,4.075930118560791,1545529,0.0,0.0
1994-05-19 00:00:00-04:00,4.151412435912053,4.302373179024347,4.075932064355906,4.189152240753174,1728367,0.0,0.0
1994-05-20 00:00:00-04:00,4.151410454083623,4.151410454083623,3.9627096152765415,4.075930118560791,1453183,0.0,0.0
1994-05-23 00:00:00-04:00,4.1514129638671875,4.226892964085535,4.113672773289513,4.1514129638671875,865771,0.0,0.0
1994-05-24 00:00:00-04:00,4.226892964085535,4.264632773726209,4.1514129638671875,4.1514129638671875,668644,0.0,0.0
1994-05-25 00:00:00-04:00,4.151413884861308,4.3023746806627665,4.113673685910943,4.226893901824951,1417727,0.0,0.0
1994-05-26 00:00:00-04:00,4.226893901824951,4.3023746806627665,4.189153702874586,4.226893901824951,1018710,0.0,0.0
1994-05-27 00:00:00-04:00,4.264632773726209,4.264632773726209,4.075932582711838,4.1514129638671875,863390,0.0,0.0
1994-05-31 00:00:00-04:00,4.189153702874586,4.3023746806627665,4.151413884861308,4.226893901824951,498242,0.0,0.0
1994-06-01 00:00:00-04:00,4.226891275269906,4.45333194732666,4.189151099770973,4.45333194732666,1265053,0.0,0.0
1994-06-02 00:00:00-04:00,4.604291887448697,4.604291887448697,4.415592152764575,4.45333194732666,1917027,0.0,0.0
1994-06-03 00:00:00-04:00,4.491074104315413,4.642034872915978,4.415594100952148,4.415594100952148,3563633,0.0,0.0
1994-06-06 00:00:00-04:00,4.453334358151332,4.491074554081023,4.302374336306676,4.377854347229004,1070307,0.0,0.0
1994-06-07 00:00:00-04:00,4.377853726396234,4.377853726396234,4.075932582711838,4.1514129638671875,1549233,0.0,0.0
1994-06-08 00:00:00-04:00,4.226891441556424,4.264631237603197,3.9627105836078234,4.038191318511963,2579850,0.0,0.0
1994-06-09 00:00:00-04:00,4.038191745765487,4.075931545805251,3.962711002875245,4.000451564788818,1182497,0.0,0.0
1994-06-10 00:00:00-04:00,4.038192773071165,4.208023249733699,4.038192773071165,4.1514129638671875,1105499,0.0,0.0
1994-06-13 00:00:00-04:00,4.1514129638671875,4.1514129638671875,4.113672773289513,4.1514129638671875,445851,0.0,0.0
1994-06-14 00:00:00-04:00,4.189152240753174,4.189152240753174,4.1136722501339795,4.189152240753174,2385369,0.0,0.0
1994-06-15 00:00:00-04:00,4.189151707798354,4.189151707798354,4.000451564788818,4.000451564788818,1031411,0.0,0.0
1994-06-16 00:00:00-04:00,3.9627105836078234,4.113671291542374,3.9249704066241855,4.038191318511963,963673,0.0,0.0
1994-06-17 00:00:00-04:00,4.038192538131802,4.038192538131802,3.7740116003949518,3.849491596221924,2131618,0.0,0.0
1994-06-20 00:00:00-04:00,3.8494905820852985,3.8494905820852985,3.6985306302012964,3.7362704277038574,1879983,0.0,0.0
1994-06-21 00:00:00-04:00,3.736271435335606,3.774011623953164,3.6230508694829315,3.6985316276550293,2150933,0.0,0.0
1994-06-22 00:00:00-04:00,3.736271412012976,3.8872317846038995,3.736271412012976,3.849491596221924,1866753,0.0,0.0
1994-06-23 00:00:00-04:00,3.7740118924887147,3.7740118924887147,3.509830934305292,3.585310935974121,4638173,0.0,0.0
1994-06-24 00:00:00-04:00,3.585310935974121,3.736271701185796,3.5475707446712024,3.585310935974121,1823623,0.0,0.0
1994-06-27 00:00:00-04:00,3.5853117647625155,4.000453584122691,3.5475715647354904,3.9627130031585693,2447021,0.0,0.0
1994-06-28 00:00:00-04:00,4.0381937841497155,4.113673803266669,3.8494927840145916,3.9627130031585693,1369040,0.0,0.0
1994-06-29 00:00:00-04:00,4.000453584122691,4.0381937841497155,3.9249728031315447,3.9627130031585693,675524,0.0,0.0
1994-06-30 00:00:00-04:00,3.924971592048896,3.9627117804308716,3.811751407839948,3.849491596221924,1163975,0.0,0.0
1994-07-01 00:00:00-04:00,3.8872322454235917,3.9627122501984915,3.84949205256763,3.9249720573425293,558571,0.0,0.0
1994-07-05 00:00:00-04:00,3.9249720573425293,3.9627122501984915,3.8872322454235917,3.9249720573425293,622604,0.0,0.0
1994-07-06 00:00:00-04:00,3.924970912436807,3.924970912436807,3.8494909296792588,3.8872311115264893,215120,0.0,0.0
1994-07-07 00:00:00-04:00,3.9249713212436137,4.189152240753174,3.887231516402493,4.189152240753174,1159742,0.0,0.0
1994-07-08 00:00:00-04:00,4.151413884861308,4.3023746806627665,4.113673685910943,4.226893901824951,1685767,0.0,0.0
1994-07-11 00:00:00-04:00,4.226892184267157,4.340112735112148,4.226892184267157,4.302372932434082,1369570,0.0,0.0
1994-07-12 00:00:00-04:00,4.302372007204623,4.45333194732666,4.264631069831991,4.45333194732666,845397,0.0,0.0
1994-07-13 00:00:00-04:00,4.415592206900546,4.604291943898161,4.415592206900546,4.491072177886963,1719635,0.0,0.0
1994-07-14 00:00:00-04:00,4.604293841045846,4.75525498803109,4.52881383895874,4.52881383895874,2451519,0.0,0.0
1994-07-15 00:00:00-04:00,4.491072122825593,4.528811917387679,4.3778519772656415,4.45333194732666,1741862,0.0,0.0
1994-07-18 00:00:00-04:00,4.415594682525836,4.679775681434831,4.415594682525836,4.642035484313965,1407407,0.0,0.0
1994-07-19 00:00:00-04:00,4.755255544651809,4.792995359644445,4.340114151299312,4.377854347229004,1962803,0.0,0.0
1994-07-20 00:00:00-04:00,4.491074913540418,4.60429474851734,4.113673685910943,4.226893901824951,3180492,0.0,0.0
1994-07-21 00:00:00-04:00,4.189153702874586,4.226893901824951,4.0381936689473,4.226893901824951,1747948,0.0,0.0
1994-07-22 00:00:00-04:00,4.377852673642967,4.377852673642967,4.189151766131976,4.264631748199463,2665845,0.0,0.0
1994-07-25 00:00:00-04:00,4.26463371983823,4.3023746806627665,4.113673685910943,4.226893901824951,1070042,0.0,0.0
1994-07-26 00:00:00-04:00,4.1514129638671875,4.189152773507861,4.113672773289513,4.1514129638671875,645624,0.0,0.0
1994-07-27 00:00:00-04:00,4.151413404729565,4.1891532183780456,4.03819320191004,4.113673210144043,1313739,0.0,0.0
1994-07-28 00:00:00-04:00,4.1136722501339795,4.264632231372367,4.038192259514786,4.189152240753174,830315,0.0,0.0
1994-07-29 00:00:00-04:00,4.226893052391952,4.642034776482332,4.226893052391952,4.6042938232421875,4803019,0.0,0.0
1994-08-01 00:00:00-04:00,4.6042922210999055,4.830733290502619,4.566552423802997,4.755253314971924,3648305,0.0,0.0
1994-08-02 00:00:00-04:00,4.792994022369385,4.868474012232327,4.717514032506442,4.792994022369385,2358380,0.0,0.0
1994-08-03 00:00:00-04:00,4.79299478007282,4.79299478007282,4.566554012813071,4.6042938232421875,1521450,0.0,0.0
1994-08-04 00:00:00-04:00,4.6042933996388715,4.642034349406781,4.566553592681885,4.566553592681885,193687,0.0,0.0
1994-08-05 00:00:00-04:00,4.528813821446944,4.679774967848458,4.491074011017827,4.6042938232421875,891967,0.0,0.0
1994-08-08 00:00:00-04:00,4.6042922210999055,4.755253314971924,4.6042922210999055,4.755253314971924,654620,0.0,0.0
1994-08-09 00:00:00-04:00,4.717514991760254,4.868475002182166,4.717514991760254,4.717514991760254,809147,0.0,0.0
1994-08-10 00:00:00-04:00,4.7175150079309605,4.906215212073691,4.7175150079309605,4.830735206604004,1489433,0.0,0.0
1994-08-11 00:00:00-04:00,4.830733290502619,4.943954206140851,4.717513136738138,4.755253314971924,980343,0.0,0.0
1994-08-12 00:00:00-04:00,4.792993112268833,4.792993112268833,4.717513136738138,4.755253314971924,315668,0.0,0.0
1994-08-15 00:00:00-04:00,4.79299499697121,4.79299499697121,4.717514991760254,4.717514991760254,417274,0.0,0.0
1994-08-16 00:00:00-04:00,4.755254217906388,4.792994022369385,4.604293095369656,4.792994022369385,837459,0.0,0.0
1994-08-17 00:00:00-04:00,4.792994022369385,4.906214197632273,4.755254217906388,4.792994022369385,1121110,0.0,0.0
1994-08-18 00:00:00-04:00,4.755253314971924,4.792993112268833,4.67977333944123,4.755253314971924,563863,0.0,0.0
1994-08-19 00:00:00-04:00,4.755253314971924,4.830733290502619,4.717513136738138,4.755253314971924,1150745,0.0,0.0
1994-08-22 00:00:00-04:00,4.717514089279974,4.755254275134109,4.642034098508658,4.679774284362793,378113,0.0,0.0
1994-08-23 00:00:00-04:00,4.52881383895874,4.566554030470798,4.377853834784528,4.52881383895874,1863049,0.0,0.0
1994-08-24 00:00:00-04:00,4.45333194732666,4.528811917387679,4.415592152764575,4.45333194732666,1044112,0.0,0.0
1994-08-25 00:00:00-04:00,4.453333819651701,4.642034776482332,4.453333819651701,4.6042938232421875,621545,0.0,0.0
1994-08-26 00:00:00-04:00,4.642035484313965,4.7175154976186295,4.604294525318965,4.642035484313965,785333,0.0,0.0
1994-08-29 00:00:00-04:00,4.642034776482332,4.717514778277576,4.6042938232421875,4.6042938232421875,459346,0.0,0.0
1994-08-30 00:00:00-04:00,4.604294525318965,4.642035484313965,4.5288145120143,4.642035484313965,456700,0.0,0.0
1994-08-31 00:00:00-04:00,4.604293841045846,4.604293841045846,4.491074028383692,4.52881383895874,434209,0.0,0.0
1994-09-01 00:00:00-04:00,4.415594100952148,4.453333912165273,4.3401137166518655,4.415594100952148,2095367,0.0,0.0
1994-09-02 00:00:00-04:00,4.415594543158695,4.491074554081023,4.377854347229004,4.377854347229004,1340199,0.0,0.0
1994-09-06 00:00:00-04:00,4.3778519772656415,4.45333194732666,4.3401118017667075,4.45333194732666,569684,0.0,0.0
1994-09-07 00:00:00-04:00,4.415594682525836,4.679775681434831,4.415594682525836,4.642035484313965,1870193,0.0,0.0
1994-09-08 00:00:00-04:00,4.6042933996388715,4.679774537300742,4.5288134047879245,4.566553592681885,529729,0.0,0.0
1994-09-09 00:00:00-04:00,4.491074104315413,4.491074104315413,4.415594100952148,4.415594100952148,332338,0.0,0.0
1994-09-12 00:00:00-04:00,4.415592206900546,4.56655214887338,4.415592206900546,4.491072177886963,399811,0.0,0.0
1994-09-13 00:00:00-04:00,4.5288134047879245,4.566553592681885,4.5288134047879245,4.566553592681885,449291,0.0,0.0
1994-09-14 00:00:00-04:00,4.566554235117533,4.830735206604004,4.528814041914176,4.830735206604004,2221582,0.0,0.0
1994-09-15 00:00:00-04:00,4.830733255951535,4.981693967806953,4.830733255951535,4.868473052978516,1972328,0.0,0.0
1994-09-16 00:00:00-04:00,4.83073420776933,4.868474012232327,4.792994022369385,4.792994022369385,906520,0.0,0.0
1994-09-19 00:00:00-04:00,4.792995510923294,4.943956680343825,4.642035484313965,4.642035484313965,1040672,0.0,0.0
1994-09-20 00:00:00-04:00,4.566554030470798,4.604293841045846,4.52881383895874,4.52881383895874,550368,0.0,0.0
1994-09-21 00:00:00-04:00,4.5288134047879245,4.566553592681885,4.377853415086029,4.566553592681885,870534,0.0,0.0
1994-09-22 00:00:00-04:00,4.56655214887338,4.56655214887338,4.491072177886963,4.491072177886963,275713,0.0,0.0
1994-09-23 00:00:00-04:00,4.491072177886963,4.528811972911745,4.453332001925328,4.491072177886963,335248,0.0,0.0
1994-09-26 00:00:00-04:00,4.491072177886963,4.56655214887338,4.491072177886963,4.491072177886963,336836,0.0,0.0
1994-09-27 00:00:00-04:00,4.491072177886963,4.528811972911745,4.491072177886963,4.491072177886963,263012,0.0,0.0
1994-09-28 00:00:00-04:00,4.52881383895874,4.604293841045846,4.52881383895874,4.52881383895874,704894,0.0,0.0
1994-09-29 00:00:00-04:00,4.528811917387679,4.528811917387679,4.415592152764575,4.45333194732666,1149158,0.0,0.0
1994-09-30 00:00:00-04:00,4.453332001925328,4.491072177886963,4.415592206900546,4.491072177886963,281534,0.0,0.0
1994-10-03 00:00:00-04:00,4.491072177886963,4.528811972911745,4.453332001925328,4.491072177886963,619693,0.0,0.0
1994-10-04 00:00:00-04:00,4.491074554081023,4.491074554081023,4.377854347229004,4.377854347229004,458552,0.0,0.0
1994-10-05 00:00:00-04:00,4.415593102342141,4.415593102342141,4.151412197974095,4.302372932434082,1742920,0.0,0.0
1994-10-06 00:00:00-04:00,4.3023726915754805,4.3023726915754805,4.226891947634175,4.264631748199463,442147,0.0,0.0
1994-10-07 00:00:00-04:00,4.302372932434082,4.377852918727145,4.264631986945224,4.302372932434082,884293,0.0,0.0
1994-10-10 00:00:00-04:00,4.302372059952494,4.528811972911745,4.302372059952494,4.491072177886963,1668038,0.0,0.0
1994-10-11 00:00:00-04:00,4.6042922210999055,4.830733290502619,4.6042922210999055,4.755253314971924,2628801,0.0,0.0
1994-10-12 00:00:00-04:00,4.830734418130918,5.057175159454346,4.830734418130918,5.057175159454346,2871704,0.0,0.0
1994-10-13 00:00:00-04:00,5.132654721154642,5.245874891830618,4.906213998865759,4.943954944610596,3224680,0.0,0.0
1994-10-14 00:00:00-04:00,4.90621323094237,4.90621323094237,4.830733255951535,4.868473052978516,696163,0.0,0.0
1994-10-17 00:00:00-04:00,4.868475018870334,4.868475018870334,4.755255201134318,4.830735206604004,622075,0.0,0.0
1994-10-18 00:00:00-04:00,4.792993112268833,4.792993112268833,4.717513136738138,4.755253314971924,401134,0.0,0.0
1994-10-19 00:00:00-04:00,4.755254217906388,4.83073420776933,4.642034042643499,4.792994022369385,590323,0.0,0.0
1994-10-20 00:00:00-04:00,4.830735206604004,4.868475018870334,4.792995013400647,4.830735206604004,601171,0.0,0.0
1994-10-21 00:00:00-04:00,4.792994022369385,4.83073420776933,4.755254217906388,4.792994022369385,387110,0.0,0.0
1994-10-24 00:00:00-04:00,4.755255184834245,4.830735190045201,4.679775179623289,4.717514991760254,496125,0.0,0.0
1994-10-25 00:00:00-04:00,4.642034986549298,4.755255184834245,4.642034986549298,4.717514991760254,402721,0.0,0.0
1994-10-26 00:00:00-04:00,4.717514089279974,4.755254275134109,4.679774284362793,4.679774284362793,486070,0.0,0.0
1994-10-27 00:00:00-04:00,4.717513136738138,4.792993112268833,4.67977333944123,4.755253314971924,456435,0.0,0.0
1994-10-28 00:00:00-04:00,4.755254424981086,5.094915346497745,4.755254424981086,5.057175159454346,1385975,0.0,0.0
1994-10-31 00:00:00-05:00,5.019435849901688,5.208136041912146,5.019435849901688,5.170395851135254,1378831,0.0,0.0
1994-11-01 00:00:00-05:00,5.170396478500927,5.585538246482227,5.0949164687255495,5.434577465057373,3832466,0.0,0.0
1994-11-02 00:00:00-05:00,5.472317660413586,5.6232784418384405,5.396837269701159,5.434577465057373,3215684,0.0,0.0
1994-11-03 00:00:00-05:00,5.4345750651927425,5.51005504163677,5.2836151123046875,5.2836151123046875,841693,0.0,0.0
1994-11-04 00:00:00-05:00,5.283614386613504,5.321354179183611,5.208133658662803,5.24587345123291,664411,0.0,0.0
1994-11-07 00:00:00-05:00,5.283615781725732,5.283615781725732,5.0949148643655215,5.132654666900635,798563,0.0,0.0
1994-11-08 00:00:00-05:00,5.132655660358361,5.208136041912146,5.057175659741578,5.170395851135254,1026383,0.0,0.0
1994-11-09 00:00:00-05:00,5.245875851752037,5.283616804402936,5.132655660358361,5.170395851135254,1015799,0.0,0.0
1994-11-10 00:00:00-05:00,5.2081350338447185,5.2081350338447185,5.0949148643655215,5.132654666900635,348743,0.0,0.0
1994-11-11 00:00:00-05:00,5.170395339647577,5.170395339647577,5.057175159454346,5.057175159454346,717066,0.0,0.0
1994-11-14 00:00:00-05:00,5.132653974136927,5.359095044406013,5.094914176695624,5.321354866027832,951766,0.0,0.0
1994-11-15 00:00:00-05:00,5.359095573425293,5.472315738799406,5.283615590154856,5.359095573425293,660177,0.0,0.0
1994-11-16 00:00:00-05:00,5.359095088748715,5.472315243883197,5.2836151123046875,5.2836151123046875,1197844,0.0,0.0
1994-11-17 00:00:00-05:00,5.2836150685865295,5.321354866027832,5.208134330893289,5.321354866027832,621281,0.0,0.0
1994-11-18 00:00:00-05:00,5.283615590154856,5.359095573425293,5.245874646177349,5.359095573425293,452466,0.0,0.0
1994-11-21 00:00:00-05:00,5.359095044406013,5.472315198603678,5.2836150685865295,5.321354866027832,652768,0.0,0.0
1994-11-22 00:00:00-05:00,5.283616804402936,5.3590968050197185,5.170395851135254,5.170395851135254,863390,0.0,0.0
1994-11-23 00:00:00-05:00,5.170394152515108,5.321354866027832,5.094914176695624,5.321354866027832,1624909,0.0,0.0
1994-11-25 00:00:00-05:00,5.321355344541546,5.434575508920339,5.321355344541546,5.3968353271484375,623927,0.0,0.0
1994-11-28 00:00:00-05:00,5.359096555814574,5.472316741943359,5.32135636679265,5.472316741943359,1443658,0.0,0.0
1994-11-29 00:00:00-05:00,5.472316729294412,5.547796726226807,5.434576540359722,5.547796726226807,770515,0.0,0.0
1994-11-30 00:00:00-05:00,5.585536956787109,5.69875713577627,5.510056202566066,5.585536956787109,1872574,0.0,0.0
1994-12-01 00:00:00-05:00,5.58553773727187,5.58553773727187,5.472317161525081,5.510056972503662,1022150,0.0,0.0
1994-12-02 00:00:00-05:00,5.510056972503662,5.547797164419259,5.359096966715305,5.510056972503662,830050,0.0,0.0
1994-12-05 00:00:00-05:00,5.547796389208107,5.585536956787109,5.510056202566066,5.585536956787109,890644,0.0,0.0
1994-12-06 00:00:00-05:00,5.510055266474474,5.736496347857123,5.472315467180929,5.66101598739624,766546,0.0,0.0
1994-12-07 00:00:00-05:00,5.623276188102695,5.66101598739624,5.585536007872253,5.66101598739624,953354,0.0,0.0
1994-12-08 00:00:00-05:00,5.698756450484547,5.736496632588223,5.359095573425293,5.359095573425293,1706405,0.0,0.0
1994-12-09 00:00:00-05:00,5.359095573425293,5.434575556695729,5.283615590154856,5.359095573425293,1281458,0.0,0.0
1994-12-12 00:00:00-05:00,5.396834145260654,5.396834145260654,5.01943355300178,5.24587345123291,2274237,0.0,0.0
1994-12-13 00:00:00-05:00,5.283614386613504,5.321354179183611,5.170393485155866,5.24587345123291,573124,0.0,0.0
1994-12-14 00:00:00-05:00,5.283615590154856,5.359095573425293,5.283615590154856,5.359095573425293,613607,0.0,0.0
1994-12-15 00:00:00-05:00,5.3213553913216165,5.359095573425293,5.3213553913216165,5.359095573425293,426535,0.0,0.0
1994-12-16 00:00:00-05:00,5.359095373980615,5.359095373980615,5.170394470484948,5.208134651184082,524966,0.0,0.0
1994-12-19 00:00:00-05:00,5.132654670452516,5.170394853950675,4.8684737669023335,4.98169469833374,1748212,0.0,0.0
1994-12-20 00:00:00-05:00,4.98169469833374,5.057174684393128,4.943954895772511,4.98169469833374,746437,0.0,0.0
1994-12-21 00:00:00-05:00,5.019435353347912,5.132655152604178,4.9816951663045135,5.057175159454346,714420,0.0,0.0
1994-12-22 00:00:00-05:00,5.057173770964379,5.132653743390544,4.981693798538214,5.019433975219727,518087,0.0,0.0
1994-12-23 00:00:00-05:00,4.981694747544632,4.981694747544632,4.86847381499479,4.943954944610596,779247,0.0,0.0
1994-12-27 00:00:00-05:00,4.9816946948863245,5.2081350338447185,4.9816946948863245,5.132654666900635,644566,0.0,0.0
1994-12-28 00:00:00-05:00,5.1703939200720574,5.1703939200720574,4.981693798538214,5.019433975219727,393725,0.0,0.0
1994-12-29 00:00:00-05:00,5.019434878358367,5.132654666900635,5.019434878358367,5.132654666900635,687695,0.0,0.0
1994-12-30 00:00:00-05:00,5.132655152604178,5.170395339647577,5.019435353347912,5.057175159454346,461198,0.0,0.0
1995-01-03 00:00:00-05:00,5.057174729343877,5.283615832345554,5.019434926447198,5.09491491317749,911812,0.0,0.0
1995-01-04 00:00:00-05:00,5.132654666900635,5.2081350338447185,4.943954892351212,5.132654666900635,1288602,0.0,0.0
1995-01-05 00:00:00-05:00,5.13265471607417,5.170394899907783,5.019434926447198,5.09491491317749,742203,0.0,0.0
1995-01-06 00:00:00-05:00,5.057175659741578,5.208136041912146,5.057175659741578,5.170395851135254,1113437,0.0,0.0
1995-01-09 00:00:00-05:00,5.20813578768857,5.547796726226807,5.20813578768857,5.547796726226807,1799809,0.0,0.0
1995-01-10 00:00:00-05:00,5.585536956787109,5.736497322418311,5.585536956787109,5.585536956787109,4159247,0.0,0.0
1995-01-11 00:00:00-05:00,5.698756270992247,5.8497162327783725,5.396835204609285,5.811976432800293,2867470,0.0,0.0
1995-01-12 00:00:00-05:00,4.906213950400493,5.245874840010064,4.906213950400493,4.98169469833374,8985816,0.0,0.0
1995-01-13 00:00:00-05:00,5.019434687422178,5.132654471657635,4.830733777240034,4.906213760375977,2633035,0.0,0.0
1995-01-16 00:00:00-05:00,4.943954002793562,5.057173770964379,4.906213064238327,5.019433975219727,3832996,0.0,0.0
1995-01-17 00:00:00-05:00,5.09491491317749,5.170394899907783,5.019434926447198,5.09491491317749,2277941,0.0,0.0
1995-01-18 00:00:00-05:00,5.057173770964379,5.0949139476458924,4.981693798538214,5.019433975219727,879795,0.0,0.0
1995-01-19 00:00:00-05:00,4.981694747544632,5.019434931415601,4.906213998865759,4.943954944610596,1103911,0.0,0.0
1995-01-20 00:00:00-05:00,4.943954170779972,4.981693967806953,4.7552532809607,4.868473052978516,2211262,0.0,0.0
1995-01-23 00:00:00-05:00,4.830733290502619,4.830733290502619,4.6042922210999055,4.755253314971924,1742391,0.0,0.0
1995-01-24 00:00:00-05:00,4.79299499697121,4.868475002182166,4.679775179623289,4.717514991760254,1328821,0.0,0.0
1995-01-25 00:00:00-05:00,4.642034986549298,4.755255184834245,4.5288140263902985,4.717514991760254,1504780,0.0,0.0
1995-01-26 00:00:00-05:00,4.717514089279974,4.79299408005129,4.642034098508658,4.679774284362793,788243,0.0,0.0
1995-01-27 00:00:00-05:00,4.755253314971924,4.830733290502619,4.67977333944123,4.755253314971924,673936,0.0,0.0
1995-01-30 00:00:00-05:00,4.75525453215169,4.7929943391086764,4.5288134047879245,4.566553592681885,894348,0.0,0.0
1995-01-31 00:00:00-05:00,4.566554709135166,4.679775681434831,4.5288145120143,4.642035484313965,968171,0.0,0.0
1995-02-01 00:00:00-05:00,4.642034098508658,4.79299408005129,4.642034098508658,4.679774284362793,665469,0.0,0.0
1995-02-02 00:00:00-05:00,4.717514991760254,4.79299499697121,4.679775179623289,4.717514991760254,429181,0.0,0.0
1995-02-03 00:00:00-05:00,4.7175154976186295,4.792995510923294,4.642035484313965,4.642035484313965,1327234,0.0,0.0
1995-02-06 00:00:00-05:00,4.642034042643499,4.792994022369385,4.642034042643499,4.792994022369385,950708,0.0,0.0
1995-02-07 00:00:00-05:00,4.755254275134109,4.79299408005129,4.679774284362793,4.679774284362793,509355,0.0,0.0
1995-02-08 00:00:00-05:00,4.717514032506442,4.792994022369385,4.679774228043446,4.792994022369385,689812,0.0,0.0
1995-02-09 00:00:00-05:00,4.755253978281716,5.019434881831899,4.679773992222327,4.98169469833374,1891625,0.0,0.0
1995-02-10 00:00:00-05:00,4.98169469833374,5.057174684393128,4.943954895772511,4.98169469833374,883499,0.0,0.0
1995-02-13 00:00:00-05:00,4.943954704286235,4.981694505385749,4.868473578339548,4.906213760375977,782951,0.0,0.0
1995-02-14 00:00:00-05:00,4.868475018870334,4.906215212073691,4.7175150079309605,4.830735206604004,679757,0.0,0.0
1995-02-15 00:00:00-05:00,4.830733255951535,4.868473052978516,4.830733255951535,4.868473052978516,1016064,0.0,0.0
1995-02-16 00:00:00-05:00,4.868474070822606,4.868474070822606,4.679774284362793,4.679774284362793,1209751,0.0,0.0
1995-02-17 00:00:00-05:00,4.67977333944123,4.792993112268833,4.6042922210999055,4.755253314971924,1258438,0.0,0.0
1995-02-21 00:00:00-05:00,4.79299478007282,4.79299478007282,4.566554012813071,4.6042938232421875,980872,0.0,0.0
1995-02-22 00:00:00-05:00,4.604293841045846,4.6797749859439834,4.52881383895874,4.52881383895874,2421090,0.0,0.0
1995-02-23 00:00:00-05:00,4.528814369073659,4.528814369073659,4.377854347229004,4.377854347229004,3429216,0.0,0.0
1995-02-24 00:00:00-05:00,4.34011353581856,4.34011353581856,4.075932582711838,4.1514129638671875,4121145,0.0,0.0
1995-02-27 00:00:00-05:00,4.07593095421102,4.45333194732666,4.000450984150001,4.45333194732666,3593003,0.0,0.0
1995-02-28 00:00:00-05:00,4.415594026296587,4.566554030470798,4.415594026296587,4.52881383895874,1224833,0.0,0.0
1995-03-01 00:00:00-05:00,4.491074104315413,4.566554107678679,4.3401137166518655,4.415594100952148,1552408,0.0,0.0
1995-03-02 00:00:00-05:00,4.453334358151332,4.491074554081023,4.377854347229004,4.377854347229004,917104,0.0,0.0
1995-03-03 00:00:00-05:00,4.415594543158695,4.415594543158695,4.340114151299312,4.377854347229004,441088,0.0,0.0
1995-03-06 00:00:00-05:00,4.189151099770973,4.45333194732666,4.189151099770973,4.45333194732666,1101001,0.0,0.0
1995-03-07 00:00:00-05:00,4.377854312297257,4.415594507925812,4.302374301977198,4.340114116668701,1159213,0.0,0.0
1995-03-08 00:00:00-05:00,4.340114151299312,4.453334358151332,4.340114151299312,4.377854347229004,987487,0.0,0.0
1995-03-09 00:00:00-05:00,4.45333194732666,4.566552092886612,4.415592152764575,4.45333194732666,883235,0.0,0.0
1995-03-10 00:00:00-05:00,4.453334322617315,4.453334322617315,4.340114116668701,4.340114116668701,623927,0.0,0.0
1995-03-13 00:00:00-05:00,4.3401137166518655,4.453333912165273,4.3401137166518655,4.415594100952148,337894,0.0,0.0
1995-03-14 00:00:00-05:00,4.415594543158695,4.453334358151332,4.340114151299312,4.377854347229004,888791,0.0,0.0
1995-03-15 00:00:00-05:00,4.377854347229004,4.415594543158695,4.340114151299312,4.377854347229004,711245,0.0,0.0
1995-03-16 00:00:00-05:00,4.377854347229004,4.453334358151332,4.340114151299312,4.377854347229004,767605,0.0,0.0
1995-03-17 00:00:00-05:00,4.34011353581856,4.377853726396234,4.113672773289513,4.1514129638671875,2683309,0.0,0.0
1995-03-20 00:00:00-05:00,4.226892964085535,4.226892964085535,4.038192773071165,4.1514129638671875,2173160,0.0,0.0
1995-03-21 00:00:00-05:00,4.0759311145587365,4.113671291542374,3.9627105836078234,4.038191318511963,3632958,0.0,0.0
1995-03-22 00:00:00-05:00,4.000453007324518,4.151413404729565,4.000453007324518,4.113673210144043,1325117,0.0,0.0
1995-03-23 00:00:00-05:00,4.075932582711838,4.1514129638671875,4.038192773071165,4.1514129638671875,1290454,0.0,0.0
1995-03-24 00:00:00-05:00,4.151413404729565,4.1891532183780456,4.03819320191004,4.113673210144043,1328292,0.0,0.0
1995-03-27 00:00:00-05:00,4.1514129638671875,4.189152773507861,4.075932582711838,4.1514129638671875,1985294,0.0,0.0
1995-03-28 00:00:00-05:00,4.1891532183780456,4.226893412963568,4.075933015558521,4.113673210144043,1175089,0.0,0.0
1995-03-29 00:00:00-05:00,4.11367178406449,4.377852673642967,4.11367178406449,4.264631748199463,3376296,0.0,0.0
1995-03-30 00:00:00-05:00,4.340114498676045,4.377854697626409,4.189153702874586,4.226893901824951,2148552,0.0,0.0
1995-03-31 00:00:00-05:00,4.189152773507861,4.226892964085535,4.113672773289513,4.1514129638671875,572859,0.0,0.0
1995-04-03 00:00:00-04:00,4.189152240753174,4.226892426531247,4.151412435912053,4.189152240753174,181780,0.0,0.0
1995-04-04 00:00:00-04:00,4.226892964085535,4.264632773726209,4.1514129638671875,4.1514129638671875,318843,0.0,0.0
1995-04-05 00:00:00-04:00,4.151413404729565,4.1891532183780456,4.075933015558521,4.113673210144043,707540,0.0,0.0
1995-04-06 00:00:00-04:00,4.113673210144043,4.151413404729565,4.03819320191004,4.113673210144043,1481760,0.0,0.0
1995-04-07 00:00:00-04:00,4.113670286322207,4.151410454083623,4.038190331736145,4.075930118560791,561746,0.0,0.0
1995-04-10 00:00:00-04:00,4.075931602562291,4.3023726915754805,4.075931602562291,4.264631748199463,2070760,0.0,0.0
1995-04-11 00:00:00-04:00,4.302374336306676,4.453334358151332,4.302374336306676,4.377854347229004,2360497,0.0,0.0
1995-04-12 00:00:00-04:00,4.453333115643771,4.83073420776933,4.453333115643771,4.792994022369385,6984117,0.0,0.0
1995-04-13 00:00:00-04:00,4.9062142566767415,4.943955204404783,4.604293150780616,4.679774284362793,3468906,0.0,0.0
1995-04-17 00:00:00-04:00,4.4910745182458705,4.604294343257432,4.264633344474539,4.340114116668701,5621162,0.0,0.0
1995-04-18 00:00:00-04:00,4.415594026296587,4.566554030470798,4.302373832697422,4.52881383895874,2157813,0.0,0.0
1995-04-19 00:00:00-04:00,4.528811917387679,4.528811917387679,4.3401118017667075,4.45333194732666,939065,0.0,0.0
1995-04-20 00:00:00-04:00,4.491074104315413,4.491074104315413,4.415594100952148,4.415594100952148,378907,0.0,0.0
1995-04-21 00:00:00-04:00,4.491074028383692,4.566554030470798,4.415594026296587,4.52881383895874,1621204,0.0,0.0
1995-04-24 00:00:00-04:00,4.491072416150591,4.868473052978516,4.453332238186737,4.868473052978516,3672648,0.0,0.0
1995-04-25 00:00:00-04:00,4.79299499697121,4.981695962341165,4.717514991760254,4.717514991760254,2193534,0.0,0.0
1995-04-26 00:00:00-04:00,4.755255184834245,4.79299499697121,4.717514991760254,4.717514991760254,553808,0.0,0.0
1995-04-27 00:00:00-04:00,4.755253794104091,4.943954704286235,4.755253794104091,4.906213760375977,1518804,0.0,0.0
1995-04-28 00:00:00-04:00,4.943956167151103,4.943956167151103,4.792995013400647,4.830735206604004,837459,0.0,0.0
1995-05-01 00:00:00-04:00,4.830733255951535,4.868473052978516,4.7552532809607,4.868473052978516,965525,0.0,0.0
1995-05-02 00:00:00-04:00,4.868475018870334,4.981695979417432,4.830735206604004,4.830735206604004,2008843,0.0,0.0
1995-05-03 00:00:00-04:00,5.057173345571887,5.321354179183611,5.01943355300178,5.24587345123291,5339099,0.0,0.0
1995-05-04 00:00:00-04:00,5.245874836379832,5.359095767732887,4.9816946948863245,5.132654666900635,2444639,0.0,0.0
1995-05-05 00:00:00-04:00,5.170394899907783,5.2081350837413956,5.057174729343877,5.09491491317749,770780,0.0,0.0
1995-05-08 00:00:00-04:00,5.0571740401619625,5.321354910058261,5.0571740401619625,5.2836151123046875,1699790,0.0,0.0
1995-05-09 00:00:00-04:00,5.2836150685865295,5.321354866027832,5.208134330893289,5.321354866027832,1238593,0.0,0.0
1995-05-10 00:00:00-04:00,5.396836614859608,5.396836614859608,5.094915850518471,5.170395851135254,1588129,0.0,0.0
1995-05-11 00:00:00-04:00,5.208136041912146,5.208136041912146,5.132655660358361,5.170395851135254,875032,0.0,0.0
1995-05-12 00:00:00-04:00,5.170394470484948,5.28361539351925,5.1326542897858145,5.208134651184082,1073747,0.0,0.0
1995-05-15 00:00:00-04:00,5.2836165587077115,5.472316741943359,5.245875607811817,5.472316741943359,3543259,0.0,0.0
1995-05-16 00:00:00-04:00,5.434575556695729,5.434575556695729,5.3213553913216165,5.359095573425293,1575958,0.0,0.0
1995-05-17 00:00:00-04:00,5.434577133950945,5.774238109588623,5.396836940894087,5.774238109588623,5534638,0.0,0.0
1995-05-18 00:00:00-04:00,5.698756213808764,5.9251969160895674,5.585536053136813,5.623276233673096,3770550,0.0,0.0
1995-05-19 00:00:00-04:00,5.547795495701533,5.736496398520296,5.51005531513778,5.698756217956543,1956452,0.0,0.0
1995-05-22 00:00:00-04:00,5.698756213808764,5.811976374480715,5.623276233673096,5.623276233673096,953618,0.0,0.0
1995-05-23 00:00:00-04:00,5.698756213808764,5.774236193944432,5.585536053136813,5.623276233673096,2721411,0.0,0.0
1995-05-24 00:00:00-04:00,5.585538246482227,5.736498646970032,5.434577465057373,5.434577465057373,3619463,0.0,0.0
1995-05-25 00:00:00-04:00,5.434575556695729,5.510055539966166,5.094914679636475,5.359095573425293,2093780,0.0,0.0
1995-05-26 00:00:00-04:00,5.359095373980615,5.359095373980615,5.170394470484948,5.208134651184082,517558,0.0,0.0
1995-05-30 00:00:00-04:00,5.547795174423163,5.547795174423163,5.2836150685865295,5.321354866027832,1829444,0.0,0.0
1995-05-31 00:00:00-04:00,5.321354866027832,5.359095044406013,5.208134330893289,5.321354866027832,728708,0.0,0.0
1995-06-01 00:00:00-04:00,5.3213567747997095,5.58553773727187,5.283616963821127,5.510056972503662,1859344,0.0,0.0
1995-06-02 00:00:00-04:00,5.434575508920339,5.472315690692241,5.3968353271484375,5.3968353271484375,1189906,0.0,0.0
1995-06-05 00:00:00-04:00,5.585536007872253,5.88745706877889,5.472315467180929,5.66101598739624,2780417,0.0,0.0
1995-06-06 00:00:00-04:00,5.66101598739624,5.925196868072435,5.623276188102695,5.66101598739624,2464220,0.0,0.0
1995-06-07 00:00:00-04:00,5.661016949134229,5.661016949134229,5.585536956787109,5.585536956787109,817349,0.0,0.0
1995-06-08 00:00:00-04:00,5.623278756951065,6.038419786321595,5.623278756951065,6.000679969787598,5003321,0.0,0.0
1995-06-09 00:00:00-04:00,6.000678272870597,6.302599005385576,5.9629380860719845,6.264859199523926,4569113,0.0,0.0
1995-06-12 00:00:00-04:00,6.264858973920171,6.378078768364928,6.03841786128286,6.076158046722412,2783327,0.0,0.0
1995-06-13 00:00:00-04:00,6.189377784729004,6.264858916793727,6.113897795475118,6.189377784729004,1203665,0.0,0.0
1995-06-14 00:00:00-04:00,6.189377794918403,6.189377794918403,5.962937826783962,6.038417816162109,2089282,0.0,0.0
1995-06-15 00:00:00-04:00,6.03841786128286,6.151638036664567,6.03841786128286,6.076158046722412,956264,0.0,0.0
1995-06-16 00:00:00-04:00,6.076157991316648,6.227118731698312,6.000678002062762,6.189377784729004,1575164,0.0,0.0
1995-06-19 00:00:00-04:00,6.227119012725313,6.566780312975868,6.189378064052774,6.264859199523926,2483006,0.0,0.0
1995-06-20 00:00:00-04:00,6.34033908085569,6.529040011535401,6.34033908085569,6.415818691253662,2068643,0.0,0.0
1995-06-21 00:00:00-04:00,6.415818267532984,6.415818267532984,6.151637743902608,6.227118492126465,1577281,0.0,0.0
1995-06-22 00:00:00-04:00,6.264858673715755,6.453558449060402,6.227118490084668,6.302598476409912,1498165,0.0,0.0
1995-06-23 00:00:00-04:00,6.302598731327989,6.415818524926736,6.000678011941509,6.038417816162109,1765676,0.0,0.0
1995-06-26 00:00:00-04:00,6.038417137353288,6.076157318268271,5.774236251885309,5.811976432800293,2555242,0.0,0.0
1995-06-27 00:00:00-04:00,5.849717489351641,5.849717489351641,5.434576552921436,5.472316741943359,6161211,0.0,0.0
1995-06-28 00:00:00-04:00,5.434577465057373,5.6232784418384405,5.283617445506617,5.434577465057373,4059229,0.0,0.0
1995-06-29 00:00:00-04:00,5.396834145260654,5.472314492274527,5.170393485155866,5.24587345123291,6811069,0.0,0.0
1995-06-30 00:00:00-04:00,5.208134373986898,5.359095088748715,5.13265401660599,5.2836151123046875,3423924,0.0,0.0
1995-07-03 00:00:00-04:00,5.3213553913216165,5.396835374592054,5.208134845010588,5.359095573425293,536344,0.0,0.0
1995-07-05 00:00:00-04:00,5.396835173742848,5.472315535141115,5.208134651184082,5.208134651184082,2429822,0.0,0.0
1995-07-06 00:00:00-04:00,5.283615590154856,5.359095573425293,5.170394662906912,5.359095573425293,2639385,0.0,0.0
1995-07-07 00:00:00-04:00,5.3213563544926386,5.547796726226807,5.283616546494933,5.547796726226807,2316044,0.0,0.0
1995-07-10 00:00:00-04:00,5.585538246482227,5.698758451613818,5.434577465057373,5.434577465057373,2074993,0.0,0.0
1995-07-11 00:00:00-04:00,5.359096543427328,5.547796726226807,5.3213563544926386,5.547796726226807,1781023,0.0,0.0
1995-07-12 00:00:00-04:00,5.6232776890534515,5.774237688395278,5.5855374987494955,5.73649787902832,5024225,0.0,0.0
1995-07-13 00:00:00-04:00,5.736496347857123,5.849716126674655,5.66101598739624,5.66101598739624,2692040,0.0,0.0
1995-07-14 00:00:00-04:00,5.623276233673096,5.698756213808764,5.547795491663629,5.623276233673096,710980,0.0,0.0
1995-07-17 00:00:00-04:00,5.434576210218946,5.69875713577627,5.283616225524706,5.585536956787109,4267998,0.0,0.0
1995-07-18 00:00:00-04:00,5.547795722069843,5.547795722069843,5.245874646177349,5.359095573425293,2990245,0.0,0.0
1995-07-19 00:00:00-04:00,5.245875332797409,5.283616281714739,5.019435353347912,5.057175159454346,3329197,0.0,0.0
1995-07-20 00:00:00-04:00,5.245874128334592,5.359095044406013,5.208134330893289,5.321354866027832,1207370,0.0,0.0
1995-07-21 00:00:00-04:00,5.283616804402936,5.396836614859608,5.132655660358361,5.170395851135254,1721488,0.0,0.0
1995-07-24 00:00:00-04:00,5.170396007137323,5.510056972503662,5.132655815221726,5.510056972503662,1612208,0.0,0.0
1995-07-25 00:00:00-04:00,5.547795722069843,5.585536285110434,5.3213553913216165,5.359095573425293,1688148,0.0,0.0
1995-07-26 00:00:00-04:00,5.359097455281995,5.472317660413586,5.359097455281995,5.434577465057373,2108597,0.0,0.0
1995-07-27 00:00:00-04:00,5.472315515510927,5.774236198147149,5.472315515510927,5.698756217956543,2735435,0.0,0.0
1995-07-28 00:00:00-04:00,5.6987569542007925,6.076158046722412,5.623276964258638,6.076158046722412,4537096,0.0,0.0
1995-07-31 00:00:00-04:00,5.962938081442657,6.000678268211971,5.774237147596089,5.849717140197754,4511959,0.0,0.0
1995-08-01 00:00:00-04:00,5.8119773343654035,5.849717140197754,5.661016968225112,5.849717140197754,2582761,0.0,0.0
1995-08-02 00:00:00-04:00,5.88745706877889,5.88745706877889,5.585536007872253,5.66101598739624,2343827,0.0,0.0
1995-08-03 00:00:00-04:00,5.510055311127345,5.66101603327248,5.4723155115279605,5.623276233673096,1186731,0.0,0.0
1995-08-04 00:00:00-04:00,5.623276188102695,5.698756167626682,5.585536007872253,5.66101598739624,2750517,0.0,0.0
1995-08-07 00:00:00-04:00,5.698756167626682,5.736496347857123,5.623276188102695,5.66101598739624,1168209,0.0,0.0
1995-08-08 00:00:00-04:00,5.73649787902832,5.887458640244144,5.73649787902832,5.73649787902832,2003816,0.0,0.0
1995-08-09 00:00:00-04:00,5.8497162327783725,5.887457175567163,5.811976432800293,5.811976432800293,1314797,0.0,0.0
1995-08-10 00:00:00-04:00,5.849717140197754,6.000678268211971,5.8119773343654035,5.849717140197754,1167680,0.0,0.0
1995-08-11 00:00:00-04:00,5.962936891688184,6.1893768243127685,5.925196712448976,6.11389684677124,3138156,0.0,0.0
1995-08-14 00:00:00-04:00,6.11389594995394,6.264857025703919,6.038415983484196,6.151636123657227,1837382,0.0,0.0
1995-08-15 00:00:00-04:00,6.076158200667498,6.453558921813965,6.000678208812989,6.453558921813965,5046980,0.0,0.0
1995-08-16 00:00:00-04:00,6.453558877389604,6.529040011535401,6.34033908085569,6.415818691253662,2983365,0.0,0.0
1995-08-17 00:00:00-04:00,6.415816893899141,6.679998122841871,6.340337304646345,6.491297245025635,4934525,0.0,0.0
1995-08-18 00:00:00-04:00,6.529038482522854,6.642258252542228,6.227117445078098,6.566778659820557,1805630,0.0,0.0
1995-08-21 00:00:00-04:00,6.529039891060084,6.604519500065289,6.03841786128286,6.076158046722412,3325228,0.0,0.0
1995-08-22 00:00:00-04:00,6.1893775425983275,6.378078460693359,6.113897556297245,6.378078460693359,1846114,0.0,0.0
1995-08-23 00:00:00-04:00,6.453556370757826,6.566777647063185,6.37807640874014,6.5290374755859375,1521185,0.0,0.0
1995-08-24 00:00:00-04:00,6.491299063525546,6.529040011535401,6.189377955374965,6.415818691253662,1531769,0.0,0.0
1995-08-25 00:00:00-04:00,6.41581880390749,6.41581880390749,6.227119012725313,6.264859199523926,1092269,0.0,0.0
1995-08-28 00:00:00-04:00,6.302596818470375,6.302596818470375,6.11389594995394,6.151636123657227,869740,0.0,0.0
1995-08-29 00:00:00-04:00,6.18937754660914,6.227118492126465,5.7364968666353136,6.227118492126465,2517934,0.0,0.0
1995-08-30 00:00:00-04:00,6.227118741949842,6.2648589271073885,6.000678011941509,6.038417816162109,625250,0.0,0.0
1995-08-31 00:00:00-04:00,6.076157757552615,6.302598478476459,6.076157757552615,6.227118492126465,807030,0.0,0.0
1995-09-01 00:00:00-04:00,6.227118788480619,6.227118788480619,6.000678056780258,6.076158046722412,382612,0.0,0.0
1995-09-05 00:00:00-04:00,6.113897795475118,6.302598720952198,6.076157991316648,6.189377784729004,3776900,0.0,0.0
1995-09-06 00:00:00-04:00,6.264859199523926,6.34033919218419,6.151638258191124,6.264859199523926,1792930,0.0,0.0
1995-09-07 00:00:00-04:00,6.264859199523926,6.378078998045839,6.189378064052774,6.264859199523926,1153656,0.0,0.0
1995-09-08 00:00:00-04:00,6.264858675769927,6.302598478476459,6.076157757552615,6.227118492126465,3447473,0.0,0.0
1995-09-11 00:00:00-04:00,5.396837269701159,5.472317660413586,5.283617445506617,5.434577465057373,10102428,0.0,0.0
1995-09-12 00:00:00-04:00,5.396835374592054,5.434575556695729,5.283615590154856,5.359095573425293,5313168,0.0,0.0
1995-09-13 00:00:00-04:00,5.359096555814574,5.547796739050222,5.32135636679265,5.472316741943359,4445545,0.0,0.0
1995-09-14 00:00:00-04:00,5.510055539966166,5.547795722069843,5.283615590154856,5.359095573425293,2681456,0.0,0.0
1995-09-15 00:00:00-04:00,5.28361539351925,5.321355193281482,5.170394470484948,5.208134651184082,1624909,0.0,0.0
1995-09-18 00:00:00-04:00,5.170394152515108,5.321354866027832,5.057173998317443,5.321354866027832,2654996,0.0,0.0
1995-09-19 00:00:00-04:00,5.321354866027832,5.434575020225497,5.2836150685865295,5.321354866027832,1656925,0.0,0.0
1995-09-20 00:00:00-04:00,5.472316396860987,5.736497322418311,5.245875277008742,5.585536956787109,7822634,0.0,0.0
1995-09-21 00:00:00-04:00,5.585538246482227,5.661018256257605,5.359097455281995,5.434577465057373,2523755,0.0,0.0
1995-09-22 00:00:00-04:00,5.396835374592054,5.510055539966166,5.359095573425293,5.359095573425293,2174483,0.0,0.0
1995-09-25 00:00:00-04:00,5.0571759848871185,5.170396183560162,4.792995013400647,4.830735206604004,8654537,0.0,0.0
1995-09-26 00:00:00-04:00,4.868474012232327,4.943955144906116,4.792994022369385,4.792994022369385,2973575,0.0,0.0
1995-09-27 00:00:00-04:00,4.755254275134109,4.830734265905425,4.566553345863435,4.679774284362793,2073670,0.0,0.0
1995-09-28 00:00:00-04:00,4.717513102996845,4.90621323094237,4.717513102996845,4.868473052978516,1430692,0.0,0.0
1995-09-29 00:00:00-04:00,4.906214197632273,4.906214197632273,4.755254217906388,4.792994022369385,1578074,0.0,0.0
1995-10-02 00:00:00-04:00,4.755254275134109,4.79299408005129,4.679774284362793,4.679774284362793,976903,0.0,0.0
1995-10-03 00:00:00-04:00,4.679774284362793,4.717514089279974,4.604293150780616,4.679774284362793,1057871,0.0,0.0
1995-10-04 00:00:00-04:00,4.642034776482332,4.642034776482332,4.566554012813071,4.6042938232421875,735059,0.0,0.0
1995-10-05 00:00:00-04:00,4.642034042643499,4.792994022369385,4.604293095369656,4.792994022369385,559629,0.0,0.0
1995-10-06 00:00:00-04:00,4.792995013400647,4.868475018870334,4.642035002461275,4.830735206604004,1433603,0.0,0.0
1995-10-09 00:00:00-04:00,4.755254969643702,4.755254969643702,4.6042938232421875,4.6042938232421875,1152068,0.0,0.0
1995-10-10 00:00:00-04:00,4.377853817856457,4.6042938232421875,4.377853817856457,4.6042938232421875,1853523,0.0,0.0
1995-10-11 00:00:00-04:00,4.679775681434831,4.679775681434831,4.453334498709635,4.642035484313965,1331996,0.0,0.0
1995-10-12 00:00:00-04:00,4.642033161207444,4.830733290502619,4.642033161207444,4.755253314971924,1139368,0.0,0.0
1995-10-13 00:00:00-04:00,4.755254217906388,4.868474012232327,4.679774228043446,4.792994022369385,875826,0.0,0.0
1995-10-16 00:00:00-04:00,4.86847381499479,5.019434931415601,4.86847381499479,4.943954944610596,1170855,0.0,0.0
1995-10-17 00:00:00-04:00,4.943954944610596,4.943954944610596,4.830734012060754,4.943954944610596,1639462,0.0,0.0
1995-10-18 00:00:00-04:00,4.981694747544632,5.019434931415601,4.943954944610596,4.943954944610596,1291248,0.0,0.0
1995-10-19 00:00:00-04:00,4.943954895772511,5.019434881831899,4.943954895772511,4.98169469833374,770251,0.0,0.0
1995-10-20 00:00:00-04:00,4.9816951663045135,5.094915346497745,4.94395536019808,5.057175159454346,1034321,0.0,0.0
1995-10-23 00:00:00-04:00,5.057174684393128,5.057174684393128,4.830733964341104,4.98169469833374,847514,0.0,0.0
1995-10-24 00:00:00-04:00,4.98169469833374,4.98169469833374,4.906213950400493,4.98169469833374,765223,0.0,0.0
1995-10-25 00:00:00-04:00,4.981693798538214,5.019433975219727,4.8684728875568135,5.019433975219727,772632,0.0,0.0
1995-10-26 00:00:00-04:00,4.79299408005129,4.943955204404783,4.604293150780616,4.679774284362793,2495707,0.0,0.0
1995-10-27 00:00:00-04:00,4.642034098508658,4.79299408005129,4.642034098508658,4.679774284362793,616518,0.0,0.0
1995-10-30 00:00:00-05:00,4.717513136738138,4.792993112268833,4.67977333944123,4.755253314971924,383935,0.0,0.0
1995-10-31 00:00:00-05:00,4.79299408005129,4.79299408005129,4.679774284362793,4.679774284362793,616253,0.0,0.0
1995-11-01 00:00:00-05:00,4.679774284362793,4.717514089279974,4.604293150780616,4.679774284362793,803590,0.0,0.0
1995-11-02 00:00:00-05:00,4.642034042643499,4.868474012232327,4.642034042643499,4.792994022369385,929011,0.0,0.0
1995-11-03 00:00:00-05:00,4.792995013400647,4.868475018870334,4.755255201134318,4.830735206604004,725004,0.0,0.0
1995-11-06 00:00:00-05:00,4.906213950400493,5.094914867891287,4.906213950400493,4.98169469833374,1067132,0.0,0.0
1995-11-07 00:00:00-05:00,5.019435134769059,5.094915124632002,4.717514032506442,4.792994022369385,1952748,0.0,0.0
1995-11-08 00:00:00-05:00,4.79299408005129,4.830734265905425,4.679774284362793,4.679774284362793,1000717,0.0,0.0
1995-11-09 00:00:00-05:00,4.7552532809607,4.868473052978516,4.7552532809607,4.868473052978516,555131,0.0,0.0
1995-11-10 00:00:00-05:00,4.830734012060754,5.057174734349637,4.7552540252557485,4.943954944610596,1059458,0.0,0.0
1995-11-13 00:00:00-05:00,4.943956167151103,4.943956167151103,4.830735206604004,4.830735206604004,365677,0.0,0.0
1995-11-14 00:00:00-05:00,4.830735190045201,4.868475002182166,4.679775179623289,4.717514991760254,785068,0.0,0.0
1995-11-15 00:00:00-05:00,4.7175154976186295,4.755255694739495,4.604294525318965,4.642035484313965,1030617,0.0,0.0
1995-11-16 00:00:00-05:00,4.642034986549298,4.755255184834245,4.642034986549298,4.717514991760254,805178,0.0,0.0
1995-11-17 00:00:00-05:00,4.7175154976186295,4.7175154976186295,4.642035484313965,4.642035484313965,914987,0.0,0.0
1995-11-20 00:00:00-05:00,4.604293841045846,4.642034794431925,4.52881383895874,4.52881383895874,894348,0.0,0.0
1995-11-21 00:00:00-05:00,4.528814369073659,4.566554565003351,4.340114151299312,4.377854347229004,2286673,0.0,0.0
1995-11-22 00:00:00-05:00,4.415594543158695,4.415594543158695,4.377854347229004,4.377854347229004,1527536,0.0,0.0
1995-11-24 00:00:00-05:00,4.377852030938911,4.491072177886963,4.377852030938911,4.491072177886963,323606,0.0,0.0
1995-11-27 00:00:00-05:00,4.453334358151332,4.491074554081023,4.340114151299312,4.377854347229004,1393384,0.0,0.0
1995-11-28 00:00:00-05:00,4.377853817856457,4.642034776482332,4.34011362649033,4.6042938232421875,2661082,0.0,0.0
1995-11-29 00:00:00-05:00,4.6042933996388715,4.642034349406781,4.5288134047879245,4.566553592681885,1125344,0.0,0.0
1995-11-30 00:00:00-05:00,4.566554012813071,4.679774967848458,4.491074011017827,4.6042938232421875,1250764,0.0,0.0
1995-12-01 00:00:00-05:00,4.642033808724169,5.019434881831899,4.642033808724169,4.98169469833374,3346661,0.0,0.0
1995-12-04 00:00:00-05:00,5.132655660358361,5.245875851752037,5.094915850518471,5.170395851135254,2902662,0.0,0.0
1995-12-05 00:00:00-05:00,5.132655660358361,5.283616804402936,5.132655660358361,5.170395851135254,1538384,0.0,0.0
1995-12-06 00:00:00-05:00,5.208134651184082,5.28361539351925,5.170394470484948,5.208134651184082,1556642,0.0,0.0
1995-12-07 00:00:00-05:00,5.2081347992258396,5.472315690692241,5.2081347992258396,5.3968353271484375,1778377,0.0,0.0
1995-12-08 00:00:00-05:00,5.434575556695729,5.510055539966166,5.3213553913216165,5.359095573425293,976374,0.0,0.0
1995-12-11 00:00:00-05:00,5.359095088748715,5.359095088748715,5.2836151123046875,5.2836151123046875,768663,0.0,0.0
1995-12-12 00:00:00-05:00,5.321355170319725,5.623276233673096,5.208134628710874,5.623276233673096,1272726,0.0,0.0
1995-12-13 00:00:00-05:00,5.6232784418384405,5.698758451613818,5.396837269701159,5.434577465057373,2571912,0.0,0.0
1995-12-14 00:00:00-05:00,5.510055491527231,5.547795673299133,5.3968353271484375,5.3968353271484375,1228538,0.0,0.0
1995-12-15 00:00:00-05:00,5.396835570268,5.434575753740042,5.0949148643655215,5.132654666900635,2076052,0.0,0.0
1995-12-18 00:00:00-05:00,5.057173942797788,5.057173942797788,4.7552532809607,4.868473052978516,1374862,0.0,0.0
1995-12-19 00:00:00-05:00,4.906213994009425,5.13265471607417,4.906213994009425,5.09491491317749,1305801,0.0,0.0
1995-12-20 00:00:00-05:00,5.170394653694064,5.208134835730493,4.868473578339548,4.906213760375977,1259496,0.0,0.0
1995-12-21 00:00:00-05:00,4.943954939716904,5.170394899907783,4.906213994009425,5.09491491317749,921602,0.0,0.0
1995-12-22 00:00:00-05:00,5.170394470484948,5.245874450946314,5.1326542897858145,5.208134651184082,1061311,0.0,0.0
1995-12-26 00:00:00-05:00,5.245874171740471,5.359095088748715,5.208134373986898,5.2836151123046875,655679,0.0,0.0
1995-12-27 00:00:00-05:00,5.321354910058261,5.321354910058261,5.245874171740471,5.2836151123046875,447703,0.0,0.0
1995-12-28 00:00:00-05:00,5.283615543706556,5.434575508920339,5.2081347992258396,5.3968353271484375,700396,0.0,0.0
1995-12-29 00:00:00-05:00,5.359095526313448,5.3968353271484375,5.321355344541546,5.3968353271484375,423625,0.0,0.0
1996-01-02 00:00:00-05:00,5.396836363899512,5.547796739050222,5.396836363899512,5.472316741943359,1029559,0.0,0.0
1996-01-03 00:00:00-05:00,5.510056537292117,5.58553729609848,5.472316729294412,5.547796726226807,1004686,0.0,0.0
1996-01-04 00:00:00-05:00,5.585538246482227,5.661018256257605,5.283617445506617,5.434577465057373,1740274,0.0,0.0
1996-01-05 00:00:00-05:00,5.359095088748715,5.396834886502289,5.245874171740471,5.2836151123046875,1562728,0.0,0.0
1996-01-08 00:00:00-05:00,5.2836151123046875,5.2836151123046875,5.208134373986898,5.2836151123046875,303761,0.0,0.0
1996-01-09 00:00:00-05:00,5.283616281714739,5.283616281714739,4.90621441128075,5.057175159454346,775278,0.0,0.0
1996-01-10 00:00:00-05:00,4.8684738101758125,5.09491491317749,4.8684738101758125,5.09491491317749,1181968,0.0,0.0
1996-01-11 00:00:00-05:00,5.132655660358361,5.321356614242825,5.094915850518471,5.170395851135254,737705,0.0,0.0
1996-01-12 00:00:00-05:00,5.245874450946314,5.321355193281482,5.1326542897858145,5.208134651184082,546134,0.0,0.0
1996-01-15 00:00:00-05:00,5.208135526690976,5.245875332797409,5.019435353347912,5.057175159454346,497977,0.0,0.0
1996-01-16 00:00:00-05:00,5.132654480803236,5.359095573425293,4.906213769118095,5.359095573425293,1356869,0.0,0.0
1996-01-17 00:00:00-05:00,5.359094803479623,5.434574775905789,4.981693798538214,5.019433975219727,4065314,0.0,0.0
1996-01-18 00:00:00-05:00,5.057175159454346,5.132655152604178,4.90621441128075,5.057175159454346,2265505,0.0,0.0
1996-01-19 00:00:00-05:00,5.13265401660599,5.2836151123046875,5.0571740401619625,5.2836151123046875,1266376,0.0,0.0
1996-01-22 00:00:00-05:00,5.245874428310258,5.623276233673096,5.132654267638306,5.623276233673096,2793647,0.0,0.0
1996-01-23 00:00:00-05:00,5.6610179113550725,6.000679267929777,5.547797332184496,5.774238109588623,4936378,0.0,0.0
1996-01-24 00:00:00-05:00,5.774237791091966,5.925198554992676,5.698757790078617,5.925198554992676,4198144,0.0,0.0
1996-01-25 00:00:00-05:00,5.88745706877889,5.88745706877889,5.66101598739624,5.66101598739624,996219,0.0,0.0
1996-01-26 00:00:00-05:00,5.623276237765938,5.736496398520296,5.623276237765938,5.698756217956543,452466,0.0,0.0
1996-01-29 00:00:00-05:00,5.736496398520296,5.774236198147149,5.679885746737767,5.698756217956543,4658018,0.0,0.0
1996-01-30 00:00:00-05:00,5.698756217956543,5.774236198147149,5.66101603739279,5.698756217956543,1997465,0.0,0.0
1996-01-31 00:00:00-05:00,5.661016949134229,5.69875713577627,5.585536956787109,5.585536956787109,520733,0.0,0.0
1996-02-01 00:00:00-05:00,5.547796389208107,5.661016949134229,5.510056202566066,5.585536956787109,781628,0.0,0.0
1996-02-02 00:00:00-05:00,5.585536053136813,5.66101603327248,5.585536053136813,5.623276233673096,625514,0.0,0.0
1996-02-05 00:00:00-05:00,5.66101603739279,5.774236198147149,5.623276237765938,5.698756217956543,1691852,0.0,0.0
1996-02-06 00:00:00-05:00,5.698757383034785,6.000678508333947,5.698757383034785,5.887458324432373,3176523,0.0,0.0
1996-02-07 00:00:00-05:00,5.887458088840993,6.000678268211971,5.849717140197754,5.849717140197754,1949308,0.0,0.0
1996-02-08 00:00:00-05:00,5.849717792105316,5.925198554992676,5.849717792105316,5.925198554992676,449820,0.0,0.0
1996-02-09 00:00:00-05:00,5.849717140197754,5.887458088840993,5.8119773343654035,5.849717140197754,509355,0.0,0.0
1996-02-12 00:00:00-05:00,5.8497162327783725,5.887457175567163,5.811976432800293,5.811976432800293,554866,0.0,0.0
1996-02-13 00:00:00-05:00,5.66101603739279,5.736496398520296,5.66101603739279,5.698756217956543,830050,0.0,0.0
1996-02-14 00:00:00-05:00,5.698757688724364,5.774237688395278,5.698757688724364,5.73649787902832,569684,0.0,0.0
1996-02-15 00:00:00-05:00,5.736497981053795,6.0006789369430305,5.585537598090091,5.925198554992676,1548175,0.0,0.0
1996-02-16 00:00:00-05:00,5.96293977231653,6.076159983792662,5.887459758311467,6.000679969787598,1000717,0.0,0.0
1996-02-20 00:00:00-05:00,5.9629383200544295,6.038418315676487,5.8497173742788995,5.887458324432373,1092269,0.0,0.0
1996-02-21 00:00:00-05:00,5.849717792105316,5.944068269543259,5.849717792105316,5.925198554992676,749876,0.0,0.0
1996-02-22 00:00:00-05:00,5.925199574845463,6.000679969787598,5.925199574845463,6.000679969787598,619164,0.0,0.0
1996-02-23 00:00:00-05:00,6.000678268211971,6.000678268211971,5.8119773343654035,5.849717140197754,550897,0.0,0.0
1996-02-26 00:00:00-05:00,5.849717792105316,5.962938745967853,5.811977982067144,5.925198554992676,519145,0.0,0.0
1996-02-27 00:00:00-05:00,5.962937826783962,6.076158001319656,5.962937826783962,6.038417816162109,1124021,0.0,0.0
1996-02-28 00:00:00-05:00,6.302599005385576,6.41581880390749,6.227119012725313,6.264859199523926,3278394,0.0,0.0
1996-02-29 00:00:00-05:00,6.189377544579718,6.453558449060402,6.189377544579718,6.302598476409912,1852994,0.0,0.0
1996-03-01 00:00:00-05:00,6.3403398938456155,6.3403398938456155,5.887458744954504,5.925198554992676,1914381,0.0,0.0
1996-03-04 00:00:00-05:00,5.774237688395278,5.887458640244144,5.698757688724364,5.73649787902832,1293894,0.0,0.0
1996-03-05 00:00:00-05:00,5.7364976709002535,5.774237478897959,5.472316729294412,5.547796726226807,4374103,0.0,0.0
1996-03-06 00:00:00-05:00,5.547797670188964,5.6232784418384405,5.396837269701159,5.434577465057373,1506632,0.0,0.0
1996-03-07 00:00:00-05:00,5.472315198603678,5.510054996044982,5.321354866027832,5.321354866027832,1823094,0.0,0.0
1996-03-08 00:00:00-05:00,5.20813667385714,5.434577465057373,5.170396478500927,5.434577465057373,1142278,0.0,0.0
1996-03-11 00:00:00-05:00,5.3968367776938875,5.58553773727187,5.3213567747997095,5.510056972503662,655943,0.0,0.0
1996-03-12 00:00:00-05:00,5.510057474832751,5.510057474832751,5.359097455281995,5.434577465057373,364619,0.0,0.0
1996-03-13 00:00:00-05:00,5.510056202566066,5.585536956787109,5.472316396860987,5.585536956787109,663088,0.0,0.0
1996-03-14 00:00:00-05:00,5.58553729609848,5.58553729609848,5.510056537292117,5.547796726226807,462256,0.0,0.0
1996-03-15 00:00:00-05:00,5.5855360572021855,5.698756217956543,5.51005531513778,5.698756217956543,486070,0.0,0.0
1996-03-18 00:00:00-05:00,5.66101603327248,5.698756213808764,5.623276233673096,5.623276233673096,329162,0.0,0.0
1996-03-19 00:00:00-05:00,5.62327748503317,5.661017293030874,5.547796726226807,5.547796726226807,572065,0.0,0.0
1996-03-20 00:00:00-05:00,5.510056550028298,5.547796739050222,5.396836363899512,5.472316741943359,560158,0.0,0.0
1996-03-21 00:00:00-05:00,5.472315690692241,5.472315690692241,5.3968353271484375,5.3968353271484375,419391,0.0,0.0
1996-03-22 00:00:00-05:00,5.396836363899512,5.510056550028298,5.396836363899512,5.472316741943359,314080,0.0,0.0
1996-03-25 00:00:00-05:00,5.472317660413586,5.510057474832751,5.396837269701159,5.434577465057373,491098,0.0,0.0
1996-03-26 00:00:00-05:00,5.3968367776938875,5.547797164419259,5.3968367776938875,5.510056972503662,561217,0.0,0.0
1996-03-27 00:00:00-05:00,5.510056972503662,5.623277929187466,5.472317161525081,5.510056972503662,631865,0.0,0.0
1996-03-28 00:00:00-05:00,5.547795491663629,5.66101603327248,5.510055311127345,5.623276233673096,849101,0.0,0.0
1996-03-29 00:00:00-05:00,5.661016090077264,5.887457175567163,5.623276290099184,5.811976432800293,1194404,0.0,0.0
1996-04-01 00:00:00-05:00,5.811977982067144,5.925198554992676,5.774237791091966,5.925198554992676,637686,0.0,0.0
1996-04-02 00:00:00-05:00,5.9251969755452425,5.9251969755452425,5.811976432800293,5.811976432800293,535021,0.0,0.0
1996-04-03 00:00:00-05:00,5.774237378656842,5.887458324432373,5.774237378656842,5.887458324432373,234965,0.0,0.0
1996-04-04 00:00:00-05:00,5.887458324432373,5.9629383200544295,5.81197756693636,5.887458324432373,478661,0.0,0.0
1996-04-08 00:00:00-04:00,5.736496451907231,5.811976432800293,5.698756270992247,5.811976432800293,802532,0.0,0.0
1996-04-09 00:00:00-04:00,5.849717140197754,5.849717140197754,5.774237147596089,5.849717140197754,489775,0.0,0.0
1996-04-10 00:00:00-04:00,5.811977878699233,5.9251984496111,5.73649787902832,5.73649787902832,892231,0.0,0.0
1996-04-11 00:00:00-04:00,5.774238109588623,5.811978302645482,5.736498297468791,5.774238109588623,248459,0.0,0.0
1996-04-12 00:00:00-04:00,5.736498297468791,5.849718114765315,5.736498297468791,5.774238109588623,174901,0.0,0.0
1996-04-15 00:00:00-04:00,5.811978302645482,5.925198881816059,5.774238109588623,5.774238109588623,505651,0.0,0.0
1996-04-16 00:00:00-04:00,5.81197756693636,6.000678508333947,5.81197756693636,5.887458324432373,1075334,0.0,0.0
1996-04-17 00:00:00-04:00,5.849717688066191,5.887458640244144,5.73649787902832,5.73649787902832,612284,0.0,0.0
1996-04-18 00:00:00-04:00,5.7364975713143025,5.9629383200544295,5.7364975713143025,5.887458324432373,1192552,0.0,0.0
1996-04-19 00:00:00-04:00,5.962937156460225,5.962937156460225,5.736496451907231,5.811976432800293,2169985,0.0,0.0
1996-04-22 00:00:00-04:00,5.849717140197754,5.925197894673344,5.849717140197754,5.849717140197754,805972,0.0,0.0
1996-04-23 00:00:00-04:00,5.887456050544709,6.151636123657227,5.887456050544709,6.151636123657227,2033186,0.0,0.0
1996-04-24 00:00:00-04:00,6.151637739916252,6.378078460693359,6.113897556297245,6.378078460693359,3278129,0.0,0.0
1996-04-25 00:00:00-04:00,6.4535573660537136,6.604518075244525,6.302597418736636,6.566778659820557,1874956,0.0,0.0
1996-04-26 00:00:00-04:00,6.717739534006306,6.868700264025667,6.642259168996625,6.679999351501465,3803096,0.0,0.0
1996-04-29 00:00:00-04:00,6.642259168996625,6.717739534006306,6.5667795658607835,6.679999351501465,1274578,0.0,0.0
1996-04-30 00:00:00-04:00,6.793219275980681,7.170621108742351,6.755479092704514,7.095139980316162,4175123,0.0,0.0
1996-05-01 00:00:00-04:00,7.095138888899654,7.548021018548632,7.095138888899654,7.472539901733398,6145600,0.0,0.0
1996-05-02 00:00:00-04:00,7.62350097780482,8.000902008766705,7.585761560395029,7.736721515655518,7314602,0.0,0.0
1996-05-03 00:00:00-04:00,7.623502665595697,7.698983040873663,7.359322113996759,7.397062301635742,2427970,0.0,0.0
1996-05-06 00:00:00-04:00,7.434800486136388,7.5102808410778845,7.359320131194892,7.472539901733398,2244866,0.0,0.0
1996-05-07 00:00:00-04:00,7.510282560926574,7.585762933153015,7.434802188700133,7.548022747039795,2286144,0.0,0.0
1996-05-08 00:00:00-04:00,7.510281711996191,7.7744622230529785,7.359320984607268,7.7744622230529785,2385634,0.0,0.0
1996-05-09 00:00:00-04:00,7.736720930556592,8.03864158011823,7.661240577697754,7.661240577697754,1288337,0.0,0.0
1996-05-10 00:00:00-04:00,7.736720930556592,7.736720930556592,7.548020810283213,7.661240577697754,1743714,0.0,0.0
1996-05-13 00:00:00-04:00,7.698983357912663,7.887684303878157,7.6235029795264655,7.849944114685059,1375391,0.0,0.0
1996-05-14 00:00:00-04:00,7.887682232789781,7.925422412073347,7.736721515655518,7.736721515655518,1571459,0.0,0.0
1996-05-15 00:00:00-04:00,7.925424037773991,8.114124972899052,7.925424037773991,8.038643836975098,2313133,0.0,0.0
1996-05-16 00:00:00-04:00,8.000904403112978,8.340565356438047,7.963164974409305,8.302825927734375,2326892,0.0,0.0
1996-05-17 00:00:00-04:00,8.378307595836796,8.529268395063264,8.34056739603018,8.453788757324219,2236664,0.0,0.0
1996-05-20 00:00:00-04:00,8.453786414351832,8.529266031171652,8.340565084437157,8.49152660369873,1525419,0.0,0.0
1996-05-21 00:00:00-04:00,8.529266031171652,8.60474640986545,8.453786414351832,8.49152660369873,2135851,0.0,0.0
1996-05-22 00:00:00-04:00,8.491525542015573,8.755706072539777,8.340564041628497,8.717965126037598,1611943,0.0,0.0
1996-05-23 00:00:00-04:00,8.717963943341417,8.717963943341417,8.265083312988281,8.265083312988281,1206841,0.0,0.0
1996-05-24 00:00:00-04:00,8.491526569093763,8.491526569093763,7.81220392549196,7.849944114685059,1292306,0.0,0.0
1996-05-28 00:00:00-04:00,7.887684593253956,8.302825927734375,7.887684593253956,8.302825927734375,1276960,0.0,0.0
1996-05-29 00:00:00-04:00,8.227340572644414,8.302820908167247,8.114120831233707,8.151860237121582,1541030,0.0,0.0
1996-05-30 00:00:00-04:00,7.849942039736404,7.849942039736404,7.32158029256707,7.585761547088623,5931803,0.0,0.0
1996-05-31 00:00:00-04:00,7.661243168719564,7.963164682264355,7.472542222754071,7.849944114685059,1399999,0.0,0.0
1996-06-03 00:00:00-04:00,7.623501300811768,7.698981662576995,7.585761881802961,7.623501300811768,1342845,0.0,0.0
1996-06-04 00:00:00-04:00,7.698983192443848,7.774463569207799,7.661243004061872,7.698983192443848,503269,0.0,0.0
1996-06-05 00:00:00-04:00,7.698981662576995,7.736721843459608,7.510281520037735,7.623501300811768,657266,0.0,0.0
1996-06-06 00:00:00-04:00,7.623502709606388,7.623502709606388,7.321581968625471,7.434802532196045,1145718,0.0,0.0
1996-06-07 00:00:00-04:00,7.434801871122263,7.434801871122263,7.246101710490408,7.283841133117676,1249441,0.0,0.0
1996-06-10 00:00:00-04:00,7.359322707424966,7.510283470153809,7.3215825167427555,7.510283470153809,836930,0.0,0.0
1996-06-11 00:00:00-04:00,7.359322276759969,7.3970624652336365,6.868701350350208,6.944180965423584,4887162,0.0,0.0
1996-06-12 00:00:00-04:00,6.981920778601329,7.019660965046366,6.830960032821181,6.868700981140137,2297257,0.0,0.0
1996-06-13 00:00:00-04:00,6.566779834541136,7.095140125605289,6.491298704569299,7.057400703430176,4167450,0.0,0.0
1996-06-14 00:00:00-04:00,7.019660949707031,7.095140560558249,6.793219831531627,7.019660949707031,1734982,0.0,0.0
1996-06-17 00:00:00-04:00,6.981922572371917,7.246103945359711,6.9441823762308035,7.132882595062256,955471,0.0,0.0
1996-06-18 00:00:00-04:00,7.132880395113087,7.359321502119969,7.132880395113087,7.283841133117676,1330938,0.0,0.0
1996-06-19 00:00:00-04:00,7.4725402475627565,7.623500964432215,7.4725402475627565,7.585761547088623,1871516,0.0,0.0
1996-06-20 00:00:00-04:00,7.548021700920348,7.661241481694381,7.472540577281315,7.623501300811768,1020827,0.0,0.0
1996-06-21 00:00:00-04:00,7.661243471008646,7.661243471008646,7.397062898107177,7.510283470153809,1004157,0.0,0.0
1996-06-24 00:00:00-04:00,7.510282240124558,7.548022424625705,7.283841133117676,7.283841133117676,1796634,0.0,0.0
1996-06-25 00:00:00-04:00,7.321581229899188,7.321581229899188,6.944180151283227,7.057400703430176,2248042,0.0,0.0
1996-06-26 00:00:00-04:00,7.019659555922461,7.1706202713988105,6.75547830383885,6.906439781188965,3651215,0.0,0.0
1996-06-27 00:00:00-04:00,6.944179421525829,7.3970608206468675,6.906440003316717,7.359320640563965,2302285,0.0,0.0
1996-06-28 00:00:00-04:00,7.397063986568229,7.887685775756836,7.283843397861447,7.887685775756836,1619352,0.0,0.0
1996-07-01 00:00:00-04:00,7.812201283415431,7.812201283415431,7.661240577697754,7.661240577697754,610432,0.0,0.0
1996-07-02 00:00:00-04:00,7.774462024342221,7.849942386107448,7.623501300811768,7.623501300811768,799092,0.0,0.0
1996-07-03 00:00:00-04:00,7.472539901733398,7.623500611616391,7.170620005714888,7.472539901733398,1895594,0.0,0.0
1996-07-05 00:00:00-04:00,7.397061686621116,7.397061686621116,7.246101710490408,7.283841133117676,750406,0.0,0.0
1996-07-08 00:00:00-04:00,7.283841279618012,7.434802020658883,7.2461018562316895,7.2461018562316895,1437836,0.0,0.0
1996-07-09 00:00:00-04:00,7.321580460481063,7.43480100072977,7.28384028039816,7.359320640563965,382612,0.0,0.0
1996-07-10 00:00:00-04:00,7.283841492371087,7.359321865096221,6.944180576981897,7.019660949707031,1225892,0.0,0.0
1996-07-11 00:00:00-04:00,7.019660628224038,7.019660628224038,6.642259543756312,6.755479335784912,955206,0.0,0.0
1996-07-12 00:00:00-04:00,6.755479390727746,6.793219575668851,6.604519412837216,6.64225959777832,991192,0.0,0.0
1996-07-15 00:00:00-04:00,6.642259853792636,6.680000040188371,6.41581873541823,6.453558921813965,992515,0.0,0.0
1996-07-16 00:00:00-04:00,6.415818386985688,6.529039701897945,6.000677882926044,6.283728122711182,4141255,0.0,0.0
1996-07-17 00:00:00-04:00,6.415818743799691,7.095140576062522,6.415818743799691,6.868700981140137,1400528,0.0,0.0
1996-07-18 00:00:00-04:00,6.8687027458226915,7.132882595062256,6.830961787807463,7.132882595062256,730561,0.0,0.0
1996-07-19 00:00:00-04:00,7.095139980316162,7.283840896696997,7.05740055891385,7.095139980316162,1307389,0.0,0.0
1996-07-22 00:00:00-04:00,7.019660628224038,7.019660628224038,6.755479335784912,6.755479335784912,490833,0.0,0.0
1996-07-23 00:00:00-04:00,6.830957412719727,7.057398444535583,6.755477068781108,6.830957412719727,2209145,0.0,0.0
1996-07-24 00:00:00-04:00,6.717740833026724,7.1706223487854,6.566780835689823,7.1706223487854,2428234,0.0,0.0
1996-07-25 00:00:00-04:00,7.925421740873833,8.378302330174872,7.887681564786462,8.07638168334961,4424377,0.0,0.0
1996-07-26 00:00:00-04:00,8.000905252774952,8.30282680945913,7.963165820063514,8.227346420288086,1722281,0.0,0.0
1996-07-29 00:00:00-04:00,8.189604314489886,8.680225205857028,8.151864128711813,8.378304481506348,2757397,0.0,0.0
1996-07-30 00:00:00-04:00,8.453788563439396,8.717968432278461,8.416047602624168,8.680228233337402,1026648,0.0,0.0
1996-07-31 00:00:00-04:00,8.755707168793212,9.095368111101072,8.680226028212159,9.01988697052002,2875408,0.0,0.0
1996-08-01 00:00:00-04:00,8.982145930235214,9.095366477966309,8.831185961800928,9.095366477966309,2981248,0.0,0.0
1996-08-02 00:00:00-04:00,9.133106708239717,9.88790883997452,9.133106708239717,9.81242847442627,3604910,0.0,0.0
1996-08-05 00:00:00-04:00,9.774688971738499,9.774688971738499,9.548247859338824,9.58598804473877,1021091,0.0,0.0
1996-08-06 00:00:00-04:00,9.623726006942809,10.038867950439453,9.359545532045939,10.038867950439453,1537326,0.0,0.0
1996-08-07 00:00:00-04:00,10.114349611285055,10.303049771426211,9.812428897934875,9.92564868927002,1927082,0.0,0.0
1996-08-08 00:00:00-04:00,9.963388209521144,10.15208911895752,9.81242824384587,10.15208911895752,1251823,0.0,0.0
1996-08-09 00:00:00-04:00,10.152089545259,10.303049517273312,10.11434936178696,10.26530933380127,898846,0.0,0.0
1996-08-12 00:00:00-04:00,10.227572081514138,10.37853284742172,10.152091698560348,10.340792655944824,808618,0.0,0.0
1996-08-13 00:00:00-04:00,10.26530943214834,10.303049615981953,10.152089642521368,10.18982982635498,1031940,0.0,0.0
1996-08-14 00:00:00-04:00,10.265308803576508,10.265308803576508,10.03886923818805,10.076608657836914,1665657,0.0,0.0
1996-08-15 00:00:00-04:00,10.001127011884218,10.076607365247245,9.963386835202705,10.038867950439453,1331467,0.0,0.0
1996-08-16 00:00:00-04:00,10.001129583051531,10.152090328587732,9.96338939666748,9.96338939666748,998336,0.0,0.0
1996-08-19 00:00:00-04:00,9.963388113268866,10.114348839359597,9.963388113268866,10.076608657836914,478132,0.0,0.0
1996-08-20 00:00:00-04:00,10.038870706695825,10.18983069299549,10.038870706695825,10.114350318908691,1016858,0.0,0.0
1996-08-21 00:00:00-04:00,10.114348304297723,10.604969114390492,10.114348304297723,10.529489517211914,1328557,0.0,0.0
1996-08-22 00:00:00-04:00,10.529489517211914,10.604969114390492,10.454009158159556,10.529489517211914,812851,0.0,0.0
1996-08-23 00:00:00-04:00,10.529489920476157,11.020111511232804,10.529489920476157,10.98237133026123,1878660,0.0,0.0
1996-08-26 00:00:00-04:00,10.869149933104918,10.869149933104918,10.491748914924155,10.567229270935059,1855375,0.0,0.0
1996-08-27 00:00:00-04:00,10.567229270935059,10.642708865072212,10.529489092929607,10.567229270935059,1489169,0.0,0.0
1996-08-28 00:00:00-04:00,10.567231507886168,10.680452065869902,10.567231507886168,10.604970932006836,1199432,0.0,0.0
1996-08-29 00:00:00-04:00,10.604969838665726,10.755931328954262,10.567230418435882,10.718191146850586,624456,0.0,0.0
1996-08-30 00:00:00-04:00,10.680452065869902,10.680452065869902,10.567231507886168,10.604970932006836,275713,0.0,0.0
1996-09-03 00:00:00-04:00,10.52949132189159,10.642711118001413,10.491751135897013,10.604970932006836,667850,0.0,0.0
1996-09-04 00:00:00-04:00,10.604969114390492,10.604969114390492,10.378529560980976,10.529489517211914,631336,0.0,0.0
1996-09-05 00:00:00-04:00,10.529491614512148,10.529491614512148,10.076610131865293,10.114350318908691,1134076,0.0,0.0
1996-09-06 00:00:00-04:00,10.11434809022165,10.265308043257432,10.076607911494264,10.227568626403809,1503722,0.0,0.0
1996-09-09 00:00:00-04:00,10.227573408104574,10.529494217207036,10.152093015360428,10.45401382446289,1445245,0.0,0.0
1996-09-10 00:00:00-04:00,10.491751977497604,11.020113861930566,10.45401178847568,10.944633483886719,3155355,0.0,0.0
1996-09-11 00:00:00-04:00,10.869154728242808,11.435256886197742,10.83141453358754,11.359776496887207,2387486,0.0,0.0
1996-09-12 00:00:00-04:00,11.472995957696346,11.472995957696346,11.171074430011013,11.20881462097168,1339934,0.0,0.0
1996-09-13 00:00:00-04:00,11.24655200389777,11.774913783551936,11.24655200389777,11.623953819274902,1619881,0.0,0.0
1996-09-16 00:00:00-04:00,11.661690860493477,11.925871315503063,11.623951448526679,11.888131141662598,1509543,0.0,0.0
1996-09-17 00:00:00-04:00,12.00135682117906,12.039096246969889,11.73717550752566,11.77491569519043,1583896,0.0,0.0
1996-09-18 00:00:00-04:00,11.812655796233901,11.85039522174799,11.397514496839557,11.699435234069824,1029029,0.0,0.0
1996-09-19 00:00:00-04:00,11.699435888653072,12.076837021774978,11.661695699153483,12.03909683227539,914987,0.0,0.0
1996-09-20 00:00:00-04:00,12.03909683227539,12.114577211274566,12.03909683227539,12.03909683227539,1253675,0.0,0.0
1996-09-23 00:00:00-04:00,12.001352568529372,12.378752787698364,11.888131283780798,12.30327320098877,1028500,0.0,0.0
1996-09-24 00:00:00-04:00,12.227792090531828,12.416492961989999,12.227792090531828,12.30327320098877,1138045,0.0,0.0
1996-09-25 00:00:00-04:00,12.378752787698364,12.454233136281632,12.265533026697137,12.30327320098877,786920,0.0,0.0
1996-09-26 00:00:00-04:00,12.34101772736601,12.34101772736601,11.925875663757324,11.925875663757324,708863,0.0,0.0
1996-09-27 00:00:00-04:00,11.963613962615575,12.265534634655461,11.963613962615575,12.22779369354248,1193611,0.0,0.0
1996-09-30 00:00:00-04:00,12.265537086859542,12.416497072123477,12.11457633972168,12.11457633972168,834284,0.0,0.0
1996-10-01 00:00:00-04:00,12.152316363545024,12.152316363545024,11.586214331243331,11.812655448913574,1621204,0.0,0.0
1996-10-02 00:00:00-04:00,11.88813479536796,12.190055517010478,11.88813479536796,12.152316093444824,625514,0.0,0.0
1996-10-03 00:00:00-04:00,12.227796312765708,12.303277449286137,12.039096138023416,12.26553726196289,1059723,0.0,0.0
1996-10-04 00:00:00-04:00,12.265536876089929,12.831637382507324,12.265536876089929,12.831637382507324,1532299,0.0,0.0
1996-10-07 00:00:00-04:00,12.756162806006255,13.24678465751109,12.756162806006255,13.209044456481934,1522244,0.0,0.0
1996-10-08 00:00:00-04:00,13.209037471527994,13.209037471527994,12.567455917049791,12.680676460266113,1198638,0.0,0.0
1996-10-09 00:00:00-04:00,12.98259480464078,12.98259480464078,12.60519456361068,12.86937427520752,2452313,0.0,0.0
1996-10-10 00:00:00-04:00,12.869376330440007,13.35999870300293,12.831636147935166,13.35999870300293,2360497,0.0,0.0
1996-10-11 00:00:00-04:00,13.586437389207125,14.11479832685078,13.548697213393478,13.963837623596191,2715854,0.0,0.0
1996-10-14 00:00:00-04:00,13.96384116727876,14.001581352669948,13.624181022505876,13.73740005493164,1249970,0.0,0.0
1996-10-15 00:00:00-04:00,14.039322070078507,14.039322070078507,13.586441351970235,13.775140762329102,1511395,0.0,0.0
1996-10-16 00:00:00-04:00,13.77513996400895,13.77513996400895,13.510958671569824,13.510958671569824,809147,0.0,0.0
1996-10-17 00:00:00-04:00,13.586442095487884,13.624182284374557,13.20904020662114,13.246780395507812,993838,0.0,0.0
1996-10-18 00:00:00-04:00,13.322259738354996,13.586441040039062,13.284519552400129,13.586441040039062,975580,0.0,0.0
1996-10-21 00:00:00-04:00,13.586439560813183,13.850619309986817,13.548699378967285,13.548699378967285,1141484,0.0,0.0
1996-10-22 00:00:00-04:00,13.624179644138628,13.850619209828913,13.28451800998174,13.47321891784668,1102853,0.0,0.0
1996-10-23 00:00:00-04:00,13.473220234185291,14.492203712463379,13.473220234185291,14.492203712463379,1943222,0.0,0.0
1996-10-24 00:00:00-04:00,14.492203420980816,15.171525218253704,14.45446171273191,14.567682266235352,5115247,0.0,0.0
1996-10-25 00:00:00-04:00,14.605425268755821,15.020567378367337,14.567685076972955,14.982827186584473,2696274,0.0,0.0
1996-10-28 00:00:00-05:00,14.945082361625346,14.945082361625346,14.71864128112793,14.71864128112793,1181968,0.0,0.0
1996-10-29 00:00:00-05:00,14.718641935199154,14.756382116959164,14.114800550786619,14.19028091430664,1541824,0.0,0.0
1996-10-30 00:00:00-05:00,14.228022373425826,14.416721775419234,14.11480181798111,14.378981590270996,1777847,0.0,0.0
1996-10-31 00:00:00-05:00,14.416720679997814,14.79412250280419,14.190281110061658,14.64316177368164,1181704,0.0,0.0
1996-11-01 00:00:00-05:00,14.718645844104417,15.397967772447936,14.643165460538686,14.982827186584473,3678469,0.0,0.0
1996-11-04 00:00:00-05:00,14.982825451824315,15.209266576303419,14.718644139932028,15.13378620147705,1393119,0.0,0.0
1996-11-05 00:00:00-05:00,15.39796287487828,15.66214413333124,15.322482515320292,15.624403953552246,1667509,0.0,0.0
1996-11-06 00:00:00-05:00,15.548927208368589,15.964067758690078,15.548927208368589,15.888588905334473,1660630,0.0,0.0
1996-11-07 00:00:00-05:00,15.926323687943148,16.567905151800367,15.813103160718802,16.11502456665039,1829444,0.0,0.0
1996-11-08 00:00:00-05:00,16.152767884088675,16.907570093181644,16.152767884088675,16.756610870361328,1486523,0.0,0.0
1996-11-11 00:00:00-05:00,16.79435068795941,17.28497157977705,16.79435068795941,17.171751022338867,1108409,0.0,0.0
1996-11-12 00:00:00-05:00,17.360447557812698,17.398187734074124,17.020785971459862,17.13400650024414,1974181,0.0,0.0
1996-11-13 00:00:00-05:00,17.13401065634521,17.13401065634521,16.9075695438501,17.020790100097656,1845585,0.0,0.0
1996-11-14 00:00:00-05:00,16.945315065982392,18.002039066680542,16.945315065982392,17.586896896362305,2412887,0.0,0.0
1996-11-15 00:00:00-05:00,17.58689116933427,17.737851909381764,16.79435033158048,16.869829177856445,1638668,0.0,0.0
1996-11-18 00:00:00-05:00,16.945308873504267,17.247230341583627,16.530168378642866,17.096269607543945,3168850,0.0,0.0
1996-11-19 00:00:00-05:00,17.13401121303389,17.28497195960205,16.605650123793165,16.756610870361328,2707916,0.0,0.0
1996-11-20 00:00:00-05:00,16.6811289733294,17.28497195960205,16.64338878668736,16.756610870361328,2170514,0.0,0.0
1996-11-21 00:00:00-05:00,16.832087946165544,16.8698281288306,16.416947460597623,16.492427825927734,1251558,0.0,0.0
1996-11-22 00:00:00-05:00,16.60565644655034,16.75661725059823,16.303734838454574,16.379215240478516,1504251,0.0,0.0
1996-11-25 00:00:00-05:00,16.37920442322345,16.37920442322345,15.926323833922408,16.15276336669922,1909089,0.0,0.0
1996-11-26 00:00:00-05:00,16.152767523954545,16.643388415614588,16.039546966552734,16.039546966552734,1897976,0.0,0.0
1996-11-27 00:00:00-05:00,16.077291259825312,16.416951462868518,15.813109916765441,16.22825050354004,1157360,0.0,0.0
1996-11-29 00:00:00-05:00,16.265990695405733,16.30373088727143,16.152770119808647,16.22825050354004,230731,0.0,0.0
1996-12-02 00:00:00-05:00,16.454686581707126,17.737849662041814,16.41694640147684,17.700109481811523,3248230,0.0,0.0
1996-12-03 00:00:00-05:00,17.737850658714553,18.152992664574175,17.058528900146484,17.058528900146484,3860779,0.0,0.0
1996-12-04 00:00:00-05:00,17.284970048259773,17.85107126154404,17.284970048259773,17.775590896606445,1865165,0.0,0.0
1996-12-05 00:00:00-05:00,17.66237446201851,18.039774818280698,17.51141371001447,17.549152374267578,1251558,0.0,0.0
1996-12-06 00:00:00-05:00,17.284966856068962,17.92654831580344,16.94530527657856,17.81332778930664,1878395,0.0,0.0
1996-12-09 00:00:00-05:00,17.96429204845426,18.341693878173828,17.96429204845426,18.341693878173828,2190359,0.0,0.0
1996-12-10 00:00:00-05:00,18.417175157137365,19.134237204730965,17.926554237335814,18.379436492919922,4610390,0.0,0.0
1996-12-11 00:00:00-05:00,18.19073521019933,18.605875746244827,17.435932988868345,18.0775146484375,2629066,0.0,0.0
1996-12-12 00:00:00-05:00,18.1152588554977,18.190739246754813,17.284976075417696,17.360456466674805,1228273,0.0,0.0
1996-12-13 00:00:00-05:00,17.209492431015537,17.737853546189932,16.983051300048828,16.983051300048828,1382270,0.0,0.0
1996-12-16 00:00:00-05:00,16.983052276338313,17.284973801650214,16.15276960547859,16.190509796142578,1491021,0.0,0.0
1996-12-17 00:00:00-05:00,16.001813230358806,16.75661725059823,15.92633435208329,16.379215240478516,3855751,0.0,0.0
1996-12-18 00:00:00-05:00,16.45468868950694,17.737851934211267,16.45468868950694,17.284971237182617,1980796,0.0,0.0
1996-12-19 00:00:00-05:00,17.511407909062566,18.077509017799176,17.36044720706683,17.81332778930664,1485729,0.0,0.0
1996-12-20 00:00:00-05:00,17.813328149202388,17.851068325463814,17.058526147721288,17.13400650024414,1295746,0.0,0.0
1996-12-23 00:00:00-05:00,17.20949086292076,17.20949086292076,16.530169055667017,16.567909240722656,757285,0.0,0.0
1996-12-24 00:00:00-05:00,16.756610502146685,17.209491208151594,16.68112860677342,17.171751022338867,967907,0.0,0.0
1996-12-26 00:00:00-05:00,17.24723587978914,17.549155921069374,17.209495684160586,17.360456466674805,945416,0.0,0.0
1996-12-27 00:00:00-05:00,17.322714729020454,17.662376459441592,17.058533383137345,17.247234344482422,781099,0.0,0.0
1996-12-30 00:00:00-05:00,17.284971237182617,17.586891193952457,17.284971237182617,17.284971237182617,558835,0.0,0.0
1996-12-31 00:00:00-05:00,17.28497157977705,17.28497157977705,17.096270650713414,17.171751022338867,463844,0.0,0.0
1997-01-02 00:00:00-05:00,17.134010492809477,17.171750677865116,16.530169055667017,16.567909240722656,1306066,0.0,0.0
1997-01-03 00:00:00-05:00,16.90756938653559,17.586891193952457,16.90756938653559,17.284971237182617,2506556,0.0,0.0
1997-01-06 00:00:00-05:00,17.28497356901564,18.719097747449602,17.28497356901564,18.039775848388672,3047134,0.0,0.0
1997-01-07 00:00:00-05:00,17.96428871154785,18.077509239432757,17.775587831739674,17.96428871154785,1945868,0.0,0.0
1997-01-08 00:00:00-05:00,17.964294384104516,18.94553774520527,17.85107382046813,18.68135643005371,3736417,0.0,0.0
1997-01-09 00:00:00-05:00,18.907797034640396,19.436158126589635,18.794576474133873,19.058757781982422,5245166,0.0,0.0
1997-01-10 00:00:00-05:00,18.945534554443267,20.19095749719651,18.945534554443267,20.153217315673828,4128025,0.0,0.0
1997-01-13 00:00:00-05:00,20.379665874902198,21.738309860229492,20.341925679545984,21.738309860229492,3007708,0.0,0.0
1997-01-14 00:00:00-05:00,21.20994014832335,22.908245211198054,20.90801870647982,22.64406394958496,6998141,0.0,0.0
1997-01-15 00:00:00-05:00,22.60632763092089,22.60632763092089,20.832543428338727,21.209943771362305,2711356,0.0,0.0
1997-01-16 00:00:00-05:00,21.28541925389192,21.813780222220736,21.058978185859214,21.134458541870117,2965901,0.0,0.0
1997-01-17 00:00:00-05:00,21.172200620883906,21.247680983672034,20.83254051208496,20.83254051208496,1285162,0.0,0.0
1997-01-20 00:00:00-05:00,20.983508041669925,21.20994921990236,20.870287452553708,20.90802764892578,2573764,0.0,0.0
1997-01-21 00:00:00-05:00,20.90801747383741,21.625079332193483,20.90801747383741,21.134458541870117,2453636,0.0,0.0
1997-01-22 00:00:00-05:00,21.096719213950006,21.209939752528545,20.83253948101431,21.058979034423828,1182762,0.0,0.0
1997-01-23 00:00:00-05:00,21.511866381873347,21.58734523539934,20.379662246512463,20.568363189697266,2817461,0.0,0.0
1997-01-24 00:00:00-05:00,20.643838583383417,21.172199573002363,20.568358224331057,21.058979034423828,2424794,0.0,0.0
1997-01-27 00:00:00-05:00,21.134460034591413,21.28542075727553,20.53061866760254,20.53061866760254,920279,0.0,0.0
1997-01-28 00:00:00-05:00,20.832548779929873,21.17220902353029,20.719326667065417,20.90802764892578,1548968,0.0,0.0
1997-01-29 00:00:00-05:00,20.983498675371468,21.32316029110708,20.757057598214395,21.058979034423828,1482818,0.0,0.0
1997-01-30 00:00:00-05:00,21.13446189300449,22.34214473317721,21.13446189300449,22.228925704956055,2750782,0.0,0.0
1997-01-31 00:00:00-05:00,22.191188479948828,22.342147712288583,21.700566022663818,21.889266967773438,1254998,0.0,0.0
1997-02-03 00:00:00-05:00,21.889265607803026,21.889265607803026,21.09672321133088,21.209943771362305,1037761,0.0,0.0
1997-02-04 00:00:00-05:00,21.13446569386373,21.13446569386373,20.379663402073884,20.681583404541016,1808276,0.0,0.0
1997-02-05 00:00:00-05:00,20.757058193394275,20.794798374002603,18.68135283117913,19.134233474731445,3958416,0.0,0.0
1997-02-06 00:00:00-05:00,19.322935163848705,20.341918557979145,18.98327504830367,20.039997100830078,6591715,0.0,0.0
1997-02-07 00:00:00-05:00,20.153213403696526,21.24767693165835,20.153213403696526,20.983495712280273,4276730,0.0,0.0
1997-02-10 00:00:00-05:00,21.20994921990236,21.51187079087894,20.832548779929873,20.90802764892578,4186237,0.0,0.0
1997-02-11 00:00:00-05:00,21.436385390726393,21.62508634192067,19.47390006954986,20.492883682250977,5617987,0.0,0.0
1997-02-12 00:00:00-05:00,20.455146816209147,21.058988434414072,20.304186030720857,20.90802764892578,2552861,0.0,0.0
1997-02-13 00:00:00-05:00,20.98350489174699,21.28542641740085,20.68158336609313,21.096725463867188,2200414,0.0,0.0
1997-02-14 00:00:00-05:00,21.285421508394627,21.5873414406694,20.83254084810864,21.021240234375,3317819,0.0,0.0
1997-02-18 00:00:00-05:00,21.058986599229282,21.738308550978857,20.832546964478162,21.47412872314453,2174218,0.0,0.0
1997-02-19 00:00:00-05:00,21.549601672454305,23.323385563980448,21.549601672454305,23.21016502380371,3688789,0.0,0.0
1997-02-20 00:00:00-05:00,23.134685782764915,23.134685782764915,22.191184283147884,22.30440330505371,2298051,0.0,0.0
1997-02-21 00:00:00-05:00,22.342149959489873,22.493110730761394,21.285427608085442,21.32316780090332,2616365,0.0,0.0
1997-02-24 00:00:00-05:00,21.24768884434691,21.964751032366774,20.83254821917676,21.738309860229492,3170966,0.0,0.0
1997-02-25 00:00:00-05:00,21.738301057065602,21.738301057065602,20.3796576219359,20.64383888244629,3935660,0.0,0.0
1997-02-26 00:00:00-05:00,20.79479907870196,21.096720533800163,20.07773714659139,20.30417823791504,2824340,0.0,0.0
1997-02-27 00:00:00-05:00,20.37965662880896,20.37965662880896,18.039770149556784,19.021013259887695,4826569,0.0,0.0
1997-02-28 00:00:00-05:00,18.794570828531523,18.794570828531523,17.586886736313037,17.81332778930664,8210538,0.0,0.0
1997-03-03 00:00:00-05:00,17.586892562268588,18.115255194282717,17.13401183000438,17.549152374267578,4633411,0.0,0.0
1997-03-04 00:00:00-05:00,17.662373087829646,18.49265411175754,17.096270311859104,17.284971237182617,6654161,0.0,0.0
1997-03-05 00:00:00-05:00,17.28497141758941,17.662373272175458,16.34146830487209,17.435932159423828,7594020,0.0,0.0
1997-03-06 00:00:00-05:00,17.511408262858403,17.511408262858403,17.058526147721288,17.13400650024414,4560381,0.0,0.0
1997-03-07 00:00:00-05:00,17.209496447094,18.115259658585515,17.17175624979234,17.586896896362305,5358679,0.0,0.0
1997-03-10 00:00:00-05:00,17.549151167049317,18.454914093017578,17.398191949177768,18.454914093017578,4000752,0.0,0.0
1997-03-11 00:00:00-05:00,18.417179713250505,18.568140502457137,17.549156699060646,17.586896896362305,3774519,0.0,0.0
1997-03-12 00:00:00-05:00,18.15299091200333,19.473894119262695,18.15299091200333,19.473894119262695,7242102,0.0,0.0
1997-03-13 00:00:00-05:00,19.624859060767168,20.039999592209888,19.021017595146915,19.058757781982422,4108973,0.0,0.0
1997-03-14 00:00:00-05:00,19.058754446354378,19.3984145446794,17.549148760890365,17.700109481811523,8103375,0.0,0.0
1997-03-17 00:00:00-05:00,17.66237446201851,18.002034630279688,17.09627164200337,17.549152374267578,4850912,0.0,0.0
1997-03-18 00:00:00-05:00,17.66237803170325,17.851077486097815,17.284976075417696,17.360456466674805,2130824,0.0,0.0
1997-03-19 00:00:00-05:00,17.322714543897163,17.360454735762858,16.03954954421156,16.22825050354004,4020862,0.0,0.0
1997-03-20 00:00:00-05:00,16.303732642914106,17.737857040745943,16.228252251054723,17.511417388916016,3988580,0.0,0.0
1997-03-21 00:00:00-05:00,17.58689116933427,17.775592094393637,16.7566101465686,16.869829177856445,1982648,0.0,0.0
1997-03-24 00:00:00-05:00,16.83208509015273,17.13400650024414,15.850843554850501,17.13400650024414,2262065,0.0,0.0
1997-03-25 00:00:00-05:00,17.17174972979087,18.417172720370043,16.98304881493109,18.341693878173828,3200602,0.0,0.0
1997-03-26 00:00:00-05:00,18.341700278575573,19.02102228537493,18.341700278575573,18.9832820892334,3705988,0.0,0.0
1997-03-27 00:00:00-05:00,19.247456745753087,19.285195404977344,18.11525278034209,18.341693878173828,3768433,0.0,0.0
1997-03-31 00:00:00-05:00,18.115253038564067,18.115253038564067,17.096269607543945,17.096269607543945,4172742,0.0,0.0
1997-04-01 00:00:00-05:00,17.020787761413892,17.775589842272105,16.794348203779737,17.700109481811523,2718500,0.0,0.0
1997-04-02 00:00:00-05:00,17.775592301370626,18.34169508314037,17.624631559565362,18.15299415588379,4059758,0.0,0.0
1997-04-03 00:00:00-05:00,18.41717271751103,18.794574547172008,17.888811679733355,18.643613815307617,4078280,0.0,0.0
1997-04-04 00:00:00-05:00,18.568137302511786,19.96452283827835,18.45491673011871,19.511640548706055,4735546,0.0,0.0
1997-04-07 00:00:00-04:00,19.77582204425618,20.115482240434893,19.51164070653538,19.662601470947266,3165145,0.0,0.0
1997-04-08 00:00:00-04:00,19.738075380734806,20.908017873788726,19.70033520200742,20.455137252807617,4261118,0.0,0.0
1997-04-09 00:00:00-04:00,20.79479807899036,21.285420419938227,20.568358522300464,20.64383888244629,6721369,0.0,0.0
1997-04-10 00:00:00-04:00,20.568359847262556,20.79479941853912,19.77581753842538,19.8890380859375,6075216,0.0,0.0
1997-04-11 00:00:00-04:00,19.62485458788076,20.37965662880896,18.530390942848488,19.021013259887695,11757501,0.0,0.0
1997-04-14 00:00:00-04:00,18.90779700162868,19.926780520660433,18.341695723832306,19.36067771911621,5058887,0.0,0.0
1997-04-15 00:00:00-04:00,19.775824789077035,20.00226444337593,17.96429841219644,18.568140029907227,6418931,0.0,0.0
1997-04-16 00:00:00-04:00,18.53039293638764,19.171974511637195,18.30395336637158,18.756834030151367,3055865,0.0,0.0
1997-04-17 00:00:00-04:00,18.75683642182348,19.624859201517793,18.75683642182348,19.09649658203125,3871363,0.0,0.0
1997-04-18 00:00:00-04:00,19.624857051724955,19.624857051724955,18.30395369520187,18.341693878173828,3160382,0.0,0.0
1997-04-21 00:00:00-04:00,18.341700842395465,18.341700842395465,17.473677828205606,17.586896896362305,3192134,0.0,0.0
1997-04-22 00:00:00-04:00,17.586896257027178,17.66237817263478,16.605654210351638,17.511417388916016,4772855,0.0,0.0
1997-04-23 00:00:00-04:00,17.586892214136245,18.266214060959342,17.47367317612229,18.0775146484375,3580303,0.0,0.0
1997-04-24 00:00:00-04:00,18.41717904373217,18.68136041524001,17.511417388916016,17.511417388916016,4786614,0.0,0.0
1997-04-25 00:00:00-04:00,17.36044831365856,17.36044831365856,16.64338493347168,16.64338493347168,2767187,0.0,0.0
1997-04-28 00:00:00-04:00,16.681127588934825,17.247230341583627,16.605648745662705,17.096269607543945,3458322,0.0,0.0
1997-04-29 00:00:00-04:00,17.813331316566437,18.417172720370043,17.54915003576274,18.341693878173828,5116306,0.0,0.0
1997-04-30 00:00:00-04:00,18.417174086402742,19.624858507333634,18.15299430975209,18.60587501525879,5914339,0.0,0.0
1997-05-01 00:00:00-04:00,18.68135638239384,19.54937917764372,18.60587600682882,19.398418426513672,5379053,0.0,0.0
1997-05-02 00:00:00-04:00,19.47389394945366,21.36089982086769,19.436153771075478,21.285419464111328,5990015,0.0,0.0
1997-05-05 00:00:00-04:00,21.32316923505934,22.0402314230792,21.058987867565843,21.738309860229492,6137926,0.0,0.0
1997-05-06 00:00:00-04:00,21.738306211685742,22.266667334244733,21.474126412280217,21.889266967773438,3621316,0.0,0.0
1997-05-07 00:00:00-04:00,21.813783457802085,22.417624871708018,21.625082539785318,21.662822723388672,2246454,0.0,0.0
1997-05-08 00:00:00-04:00,21.662820717912734,22.228923419555024,20.832539802999204,20.945758819580078,4606686,0.0,0.0
1997-05-09 00:00:00-04:00,21.24767928573315,21.587339367389266,20.794797145194973,21.285419464111328,3732712,0.0,0.0
1997-05-12 00:00:00-04:00,21.436382293701172,21.776043956778196,21.398642108914835,21.436382293701172,1288337,0.0,0.0
1997-05-13 00:00:00-04:00,21.360905451882903,21.398644116461977,20.228701325821103,20.417402267456055,2948173,0.0,0.0
1997-05-14 00:00:00-04:00,20.455136461145894,20.568356992946153,19.058752949770973,19.285192489624023,7733464,0.0,0.0
1997-05-15 00:00:00-04:00,19.58712189451109,21.05898636058007,19.54938170185557,20.757064819335938,6920348,0.0,0.0
1997-05-16 00:00:00-04:00,20.379659471565148,20.64384075605226,19.662597508847846,19.92677879333496,5824640,0.0,0.0
1997-05-19 00:00:00-04:00,19.926778512407246,19.926778512407246,18.56813344937542,18.643613815307617,8034314,0.0,0.0
1997-05-20 00:00:00-04:00,18.643615860504937,19.36067789177452,18.22847380233694,19.09649658203125,8892941,0.0,0.0
1997-05-21 00:00:00-04:00,19.05875205702406,19.05875205702406,17.586886736313037,17.81332778930664,12124766,0.0,0.0
1997-05-22 00:00:00-04:00,18.077517050652688,18.266216488249693,17.171753959944393,17.247234344482422,7506437,0.0,0.0
1997-05-23 00:00:00-04:00,16.907568611370607,16.945308794705028,15.888586708836685,15.964065551757812,14980329,0.0,0.0
1997-05-27 00:00:00-04:00,16.30372827239396,17.247231393964324,16.22824790076851,17.171751022338867,7317778,0.0,0.0
1997-05-28 00:00:00-04:00,17.81333454651729,18.039775685407804,17.360453792484225,17.88881492614746,6456769,0.0,0.0
1997-05-29 00:00:00-04:00,17.926552656474147,17.926552656474147,16.303727764569828,16.416948318481445,8247847,0.0,0.0
1997-05-30 00:00:00-04:00,16.077290904903993,17.322714161481954,16.001808999090876,16.34147071838379,9672188,0.0,0.0
1997-06-02 00:00:00-04:00,16.75660339431989,17.73784476173157,16.605642715103578,17.624624252319336,6891242,0.0,0.0
1997-06-03 00:00:00-04:00,17.20949158631797,17.24723177296001,16.64338878668736,16.756610870361328,8892677,0.0,0.0
1997-06-04 00:00:00-04:00,16.907575607299805,17.586897664658025,16.303733947842314,16.907575607299805,5209974,0.0,2.0
1997-06-05 00:00:00-04:00,17.511412530341037,17.662373272175458,17.05853030483778,17.435932159423828,3224283,0.0,0.0
1997-06-06 00:00:00-04:00,17.511418025507265,17.81333808017225,17.209496447094,17.586896896362305,3361478,0.0,0.0
1997-06-09 00:00:00-04:00,17.662378814713897,17.88881847477557,17.360457236300633,17.586896896362305,2380342,0.0,0.0
1997-06-10 00:00:00-04:00,17.737853546189932,17.888814300167738,16.75661169283004,16.983051300048828,2910071,0.0,0.0
1997-06-11 00:00:00-04:00,16.983048725745107,17.511411284577818,16.303726959565026,17.209489822387695,2343562,0.0,0.0
1997-06-12 00:00:00-04:00,17.209489822387695,17.284970187935226,16.756609152850206,17.209489822387695,1199961,0.0,0.0
1997-06-13 00:00:00-04:00,17.058533329406334,17.888816032961373,16.983052945106053,17.662376403808594,2986011,0.0,0.0
1997-06-16 00:00:00-04:00,17.737851941750964,18.87005597042552,17.51141235501428,18.71909523010254,3988977,0.0,0.0
1997-06-17 00:00:00-04:00,18.945534554443267,20.228697678719193,18.8700541913979,20.153217315673828,6697158,0.0,0.0
1997-06-18 00:00:00-04:00,19.322940826416016,19.624862372042873,18.568138486096988,19.322940826416016,4806327,0.0,0.0
1997-06-19 00:00:00-04:00,19.247457984025225,19.77581905587667,19.096495718677648,19.17197608947754,2133602,0.0,0.0
1997-06-20 00:00:00-04:00,19.17197371173753,19.398414796053604,18.719093066852984,19.247455596923828,2082402,0.0,0.0
1997-06-23 00:00:00-04:00,19.021016383124273,19.775818547990422,19.021016383124273,19.54937744140625,1738819,0.0,0.0
1997-06-24 00:00:00-04:00,20.077739547854577,20.49288159826488,19.624858834791173,20.341920852661133,3779546,0.0,0.0
1997-06-25 00:00:00-04:00,20.304179591376123,20.34191977577913,19.096495214227655,19.85129737854004,4256885,0.0,0.0
1997-06-26 00:00:00-04:00,19.39841811600409,19.624859239074528,18.719096270540646,18.79457664489746,2556301,0.0,0.0
1997-06-27 00:00:00-04:00,18.945534095437413,19.58711564203136,18.79457337300411,19.134233474731445,2173424,0.0,0.0
1997-06-30 00:00:00-04:00,19.473898453093067,19.54937882730543,18.75683642182348,19.09649658203125,1865959,0.0,0.0
1997-07-01 00:00:00-04:00,18.870057369447682,19.02101812096286,18.49265549065974,18.68135643005371,1429766,0.0,0.0
1997-07-02 00:00:00-04:00,18.719096570176355,19.511638989861204,18.719096570176355,19.398418426513672,1855904,0.0,0.0
1997-07-03 00:00:00-04:00,19.47389777056083,19.851298104647437,19.47389777056083,19.738079071044922,969362,0.0,0.0
1997-07-07 00:00:00-04:00,19.8890390866908,20.22869922257011,19.738078349078773,19.85129737854004,1335833,0.0,0.0
1997-07-08 00:00:00-04:00,20.002256782816836,20.34191841980231,19.889037760902664,20.30417823791504,1513909,0.0,0.0
1997-07-09 00:00:00-04:00,20.45513869814432,21.247680983672034,20.45513869814432,20.83254051208496,3205100,0.0,0.0
1997-07-10 00:00:00-04:00,20.983498979354923,21.2099400597924,20.00225582120677,20.64383888244629,3137098,0.0,0.0
1997-07-11 00:00:00-04:00,20.794800024259263,21.738303090595377,20.681579473449204,21.662822723388672,2401774,0.0,0.0
1997-07-14 00:00:00-04:00,21.738303481048195,22.9082476700184,21.738303481048195,22.681806564331055,3380265,0.0,0.0
1997-07-15 00:00:00-04:00,22.945992646447245,24.380116901147435,22.87051226212112,24.342376708984375,4980963,0.0,0.0
1997-07-16 00:00:00-04:00,25.36135601714744,26.870960396858806,24.75751304626465,24.75751304626465,7495986,0.0,0.0
1997-07-17 00:00:00-04:00,24.60655269356921,24.757513438682704,22.342146088110265,23.62531089782715,8514034,0.0,0.0
1997-07-18 00:00:00-04:00,23.549827178521035,23.58756735943602,22.417623274819157,23.247905731201172,3699373,0.0,0.0
1997-07-21 00:00:00-04:00,23.096945905626256,23.13468456177134,22.342142307773123,22.49310302734375,1813833,0.0,0.0
1997-07-22 00:00:00-04:00,22.417625794896868,24.153671264648438,22.417625794896868,24.153671264648438,2103702,0.0,0.0
1997-07-23 00:00:00-04:00,24.606548490010763,24.90846992866025,24.11592767595292,24.455589294433594,2230578,0.0,0.0
1997-07-24 00:00:00-04:00,24.191412879540312,24.191412879540312,23.247909718587547,23.39887046813965,2976750,0.0,0.0
1997-07-25 00:00:00-04:00,23.512093670432996,23.6253142453104,23.021471179297574,23.17243194580078,1024664,0.0,0.0
1997-07-28 00:00:00-04:00,23.247910117735948,23.361130681843935,22.455367692727954,22.568588256835938,1312945,0.0,0.0
1997-07-29 00:00:00-04:00,22.342147712288583,22.644069224463973,21.776046400707667,21.889266967773438,2288922,0.0,0.0
1997-07-30 00:00:00-04:00,22.266662551159225,23.398866454861103,22.04022298941694,23.247905731201172,3151518,0.0,0.0
1997-07-31 00:00:00-04:00,23.70078790218097,23.814008444925918,23.096946531288854,23.247905731201172,1503060,0.0,0.0
1997-08-01 00:00:00-04:00,23.32339309742272,24.00271503415615,23.059213275427986,23.927234649658203,1845585,0.0,0.0
1997-08-04 00:00:00-04:00,23.889490998383174,24.455593800150154,23.323389720364045,24.22915267944336,2445830,0.0,0.0
1997-08-05 00:00:00-04:00,24.115931228786643,27.62576085142803,24.078191043395456,27.47480010986328,7733067,0.0,0.0
1997-08-06 00:00:00-04:00,27.172873176206657,28.90891830847744,26.569033378565717,27.625755310058594,7368978,0.0,0.0
1997-08-07 00:00:00-04:00,28.229607117508937,29.21084900488376,27.852205219481718,28.6824893951416,6052328,0.0,0.0
1997-08-08 00:00:00-04:00,28.3428260619523,30.192092208766695,27.77672324736756,29.58824920654297,5823185,0.0,0.0
1997-08-11 00:00:00-04:00,29.475027452007986,30.60722998790896,29.475027452007986,30.19209098815918,4957281,0.0,0.0
1997-08-12 00:00:00-04:00,30.267577260211233,30.946897695168254,28.53153140810469,28.607011795043945,4621636,0.0,0.0
1997-08-13 00:00:00-04:00,29.059890121314083,30.116615503995565,28.720231438662605,29.852434158325195,2887977,0.0,0.0
1997-08-14 00:00:00-04:00,29.890170707654832,30.494010662382788,28.908925829041277,29.58824920654297,2257567,0.0,0.0
1997-08-15 00:00:00-04:00,29.55050656198332,30.267570067505115,29.135364532470703,29.135364532470703,1562595,0.0,0.0
1997-08-18 00:00:00-04:00,29.475022213670375,29.852424007730264,28.531520776015757,29.3995418548584,2389603,0.0,0.0
1997-08-19 00:00:00-04:00,29.890178590279287,31.399783446455146,29.663737404728423,31.211082458496094,3823735,0.0,0.0
1997-08-20 00:00:00-04:00,31.399758627615167,33.06032296162332,31.399758627615167,32.60744094848633,3119634,0.0,0.0
1997-08-21 00:00:00-04:00,32.456498708651104,32.4942388978442,31.097854945195444,31.399776458740234,2748268,0.0,0.0
1997-08-22 00:00:00-04:00,30.19208687892567,32.00361251831055,30.078866335995667,32.00361251831055,3567337,0.0,0.0
1997-08-25 00:00:00-04:00,32.15457534790039,32.909379088400634,32.00361764729606,32.15457534790039,2436305,0.0,0.0
1997-08-26 00:00:00-04:00,32.00361217219844,32.230050208114335,31.022367477416992,31.022367477416992,1766205,0.0,0.0
1997-08-27 00:00:00-04:00,31.39977389628659,31.588474826852693,29.62598819646087,30.19209098815918,3012471,0.0,0.0
1997-08-28 00:00:00-04:00,30.192089506589657,30.456270796418444,28.984403610229492,28.984403610229492,2798145,0.0,0.0
1997-08-29 00:00:00-04:00,29.022148649147464,29.286329983166972,28.418308647456026,29.05988883972168,2475862,0.0,0.0
1997-09-02 00:00:00-04:00,29.210842779838238,30.003386596798478,27.7767189204531,28.38056182861328,3696330,0.0,0.0
1997-09-03 00:00:00-04:00,28.07863658415901,28.07863658415901,27.17287234418911,27.701234817504883,4537625,0.0,0.0
1997-09-04 00:00:00-04:00,27.62575677116547,28.229599648238214,27.248358020490148,28.003158569335938,3046340,0.0,0.0
1997-09-05 00:00:00-04:00,28.22960167491276,29.13536300805363,28.078640944806722,28.833444595336914,3426967,0.0,0.0
1997-09-08 00:00:00-04:00,29.28632561188171,29.28632561188171,25.738757369904533,26.56903839111328,10360281,0.0,0.0
1997-09-09 00:00:00-04:00,25.965198146602184,26.60678135767565,25.361358171911267,26.493560791015625,6252895,0.0,0.0
1997-09-10 00:00:00-04:00,27.021918866044583,27.62575873862667,26.5690366759865,26.71999740600586,5956808,0.0,0.0
1997-09-11 00:00:00-04:00,26.72000466095399,27.77672701051274,26.68226446820203,27.58802604675293,2858871,0.0,0.0
1997-09-12 00:00:00-04:00,27.852204238641672,28.19186593490468,27.021923139716822,27.776723861694336,3389394,0.0,0.0
1997-09-15 00:00:00-04:00,27.625760521968658,27.776721261733076,26.493558021231074,26.56903839111328,1846379,0.0,0.0
1997-09-16 00:00:00-04:00,26.71998883191523,27.625749873889315,26.71998883191523,27.32383155822754,2872895,0.0,0.0
1997-09-17 00:00:00-04:00,27.474802397662593,29.588249908058117,27.474802397662593,29.36180877685547,5214075,0.0,0.0
1997-09-18 00:00:00-04:00,29.437289153923018,29.776950850726987,28.908926514450176,29.36180877685547,2168794,0.0,0.0
1997-09-19 00:00:00-04:00,29.437280548087994,29.437280548087994,28.833440755572852,29.022138595581055,1356207,0.0,0.0
1997-09-22 00:00:00-04:00,29.05988540476256,30.26757136038562,28.98440503253612,30.19209098815918,2685558,0.0,0.0
1997-09-23 00:00:00-04:00,30.64496041145797,30.64496041145797,29.89015997714596,30.456262588500977,1873103,0.0,0.0
1997-09-24 00:00:00-04:00,30.34304560372579,30.720447426532168,29.13536281824073,29.28632354736328,2193137,0.0,0.0
1997-09-25 00:00:00-04:00,28.682485880054948,29.776948202709747,28.682485880054948,29.173105239868164,1413493,0.0,0.0
1997-09-26 00:00:00-04:00,29.43728427648583,29.58824500560838,29.022142271398817,29.28632354736328,960498,0.0,0.0
1997-09-29 00:00:00-04:00,29.173105628358222,29.927909341961712,24.75751304626465,24.75751304626465,1209090,0.0,0.0
1997-09-30 00:00:00-04:00,25.05943418468177,25.05943418468177,24.00271052401825,24.153671264648438,11578367,0.0,0.0
1997-10-01 00:00:00-04:00,24.15367734317826,24.15367734317826,22.342151047221734,22.719552993774414,6179601,0.0,0.0
1997-10-02 00:00:00-04:00,22.870505445798955,23.323386093031136,22.644064360309056,23.247905731201172,4535509,0.0,0.0
1997-10-03 00:00:00-04:00,23.814004365123186,23.9272233647239,23.36112227173091,23.776264190673828,4988372,0.0,0.0
1997-10-06 00:00:00-04:00,24.15366854941315,24.22914891124312,23.096946531288854,23.247905731201172,2423339,0.0,0.0
1997-10-07 00:00:00-04:00,22.983730832189078,23.096952930048595,22.342149102638736,23.02147102355957,3017366,0.0,0.0
1997-10-08 00:00:00-04:00,23.096952438354492,23.549833201411325,22.719550532683794,23.096952438354492,3254977,0.0,0.0
1997-10-09 00:00:00-04:00,23.096946675368677,24.380109786987305,23.021464789320238,24.380109786987305,2916818,0.0,0.0
1997-10-10 00:00:00-04:00,24.56881162436178,25.62553680218073,24.417852408421133,25.13491439819336,5986840,0.0,0.0
1997-10-13 00:00:00-04:00,25.738764207507916,25.81424154994542,24.568818163532928,24.644298553466797,2343959,0.0,0.0
1997-10-14 00:00:00-04:00,24.757517355387524,24.87073793213444,23.70079501991244,23.927234649658203,1654676,0.0,0.0
1997-10-15 00:00:00-04:00,23.927227463923252,23.927227463923252,23.096946531288854,23.247905731201172,2347664,0.0,0.0
1997-10-16 00:00:00-04:00,23.625307111828857,23.625307111828857,22.64406394958496,22.64406394958496,2040595,0.0,0.0
1997-10-17 00:00:00-04:00,22.493101827822056,22.493101827822056,21.134458471635874,21.700559616088867,3750440,0.0,0.0
1997-10-20 00:00:00-04:00,22.191182031525432,22.266660863888326,21.776040072918274,22.11570167541504,1724531,0.0,0.0
1997-10-21 00:00:00-04:00,22.64406533207072,22.64406533207072,22.153444482868743,22.606325149536133,1917556,0.0,0.0
1997-10-22 00:00:00-04:00,23.096947124628073,23.096947124628073,21.92700300995643,22.30440330505371,1891890,0.0,0.0
1997-10-23 00:00:00-04:00,21.13446339800802,21.738304861094456,20.87028209126802,21.209943771362305,3420352,0.0,0.0
1997-10-24 00:00:00-04:00,21.436379317029193,22.040222189760485,19.926776706443643,20.077735900878906,3671987,0.0,0.0
1997-10-27 00:00:00-05:00,19.473895761891665,19.700336853235655,17.813330806197726,18.303953170776367,4010410,0.0,0.0
1997-10-28 00:00:00-05:00,16.907571200345274,19.92678175817288,16.907571200345274,19.587120056152344,5001602,0.0,0.0
1997-10-29 00:00:00-05:00,20.530624913344152,20.681584158204863,18.115257186847895,18.417177200317383,4306894,0.0,0.0
1997-10-30 00:00:00-05:00,18.11525253882561,19.09649423551896,17.73785071413765,17.775590896606445,4473592,0.0,0.0
1997-10-31 00:00:00-05:00,18.115257263183594,18.719098816415162,17.964296493938683,18.115257263183594,2326231,0.0,0.0
1997-11-03 00:00:00-05:00,18.643616242174918,18.870057369447682,18.34169626289246,18.68135643005371,1400396,0.0,0.0
1997-11-04 00:00:00-05:00,18.568135486292572,19.171976956243615,18.417174737867846,19.09649658203125,1668171,0.0,0.0
1997-11-05 00:00:00-05:00,19.13423716085135,19.58711941539688,18.454915302780947,18.68135643005371,2274105,0.0,0.0
1997-11-06 00:00:00-05:00,18.71909662545507,19.096496980646783,18.152995330793555,18.26621437072754,1557700,0.0,0.0
1997-11-07 00:00:00-05:00,15.850852330525717,15.850852330525717,13.888365125913833,14.265767097473145,12419530,0.0,0.0
1997-11-10 00:00:00-05:00,14.643161539197672,14.643161539197672,12.982596592935929,13.133557319641113,6933446,0.0,0.0
1997-11-11 00:00:00-05:00,13.284519616138631,13.4354803606824,12.68067816171138,12.831637382507324,4216401,0.0,0.0
1997-11-12 00:00:00-05:00,12.227797130000184,12.529717886890833,11.850395993418376,11.963617324829102,5582399,0.0,0.0
1997-11-13 00:00:00-05:00,12.190054106328718,12.680676460266113,11.925873600697777,12.680676460266113,3878375,0.0,0.0
1997-11-14 00:00:00-05:00,13.284518881530465,14.34124251115425,13.020337593187582,14.114801406860352,5648549,0.0,0.0
1997-11-17 00:00:00-05:00,14.794122442383586,14.945083170889598,13.888359595095176,13.92609977722168,4500317,0.0,0.0
1997-11-18 00:00:00-05:00,13.73739989110212,13.73739989110212,13.209038825674432,13.28451919555664,3149666,0.0,0.0
1997-11-19 00:00:00-05:00,13.24678465751109,13.586446466773511,12.680683165822153,13.209044456481934,2695348,0.0,0.0
1997-11-20 00:00:00-05:00,13.66191577911377,14.114796300100812,13.397734586352135,13.66191577911377,2986673,0.0,0.0
1997-11-21 00:00:00-05:00,13.69966113839997,13.850621893946668,13.171300017734465,13.246780395507812,1641578,0.0,0.0
1997-11-24 00:00:00-05:00,12.756159265566671,13.058080028128378,12.680679646331745,12.718419075012207,2047607,0.0,0.0
1997-11-25 00:00:00-05:00,12.793896784881536,13.058078079336273,12.378756274486152,12.56745719909668,1889906,0.0,0.0
1997-11-26 00:00:00-05:00,12.68067584441297,12.907116919848216,12.114573917698632,12.22779369354248,2385634,0.0,0.0
1997-11-28 00:00:00-05:00,12.341015423919526,12.378754842602323,12.11457434057994,12.190053939819336,884426,0.0,0.0
1997-12-01 00:00:00-05:00,12.341016425325371,12.869376710369876,12.341016425325371,12.756156921386719,2074464,0.0,0.0
1997-12-02 00:00:00-05:00,12.152316720852195,12.152316720852195,11.397514496839557,11.699435234069824,4613036,0.0,0.0
1997-12-03 00:00:00-05:00,11.510735589648787,11.850396552406979,11.397515776645406,11.58621597290039,3116459,0.0,0.0
1997-12-04 00:00:00-05:00,11.472993721077485,11.510733142806975,10.567230838344722,10.831411361694336,6633919,0.0,0.0
1997-12-05 00:00:00-05:00,10.567232355541451,11.133333667122367,10.34079198328388,10.944633483886719,4459039,0.0,0.0
1997-12-08 00:00:00-05:00,10.94463296371749,11.32203407412589,10.906892776489258,10.906892776489258,2862972,0.0,0.0
1997-12-09 00:00:00-05:00,10.831415026309497,10.869155222681568,10.265312842602526,10.45401382446289,3906422,0.0,0.0
1997-12-10 00:00:00-05:00,10.340789893254351,10.41627025604248,9.850168297005334,10.41627025604248,3157207,0.0,0.0
1997-12-11 00:00:00-05:00,9.963389500905047,10.038870636336753,9.057626541959523,9.887909889221191,3579773,0.0,0.0
1997-12-12 00:00:00-05:00,9.963387245001767,10.18982831440448,9.359545917008706,9.510506629943848,2616497,0.0,0.0
1997-12-15 00:00:00-05:00,9.58598804473877,9.736948786338552,8.944406416687487,9.58598804473877,4063595,0.0,0.0
1997-12-16 00:00:00-05:00,9.510507774107118,10.114349174745422,9.510507774107118,9.81242847442627,3077298,0.0,0.0
1997-12-17 00:00:00-05:00,9.623724896302647,9.850165930258965,9.397284624219964,9.47276496887207,3089734,0.0,0.0
1997-12-18 00:00:00-05:00,9.472769945224055,9.585989759806605,9.057627831549913,9.208588600158691,2012548,0.0,0.0
1997-12-19 00:00:00-05:00,9.057625626891124,9.435027456552103,8.755705686910037,9.321806907653809,2133867,0.0,0.0
1997-12-22 00:00:00-05:00,9.321810651854868,9.472771444354214,8.793449401855469,8.793449401855469,2284292,0.0,0.0
1997-12-23 00:00:00-05:00,8.868927632662974,9.435029753071861,8.755707818080424,9.208588600158691,3414266,0.0,0.0
1997-12-24 00:00:00-05:00,9.284065001593302,9.397285529478207,8.906664003850656,8.982144355773926,1172046,0.0,0.0
1997-12-26 00:00:00-05:00,9.057627831057076,9.170849169381533,8.831188201904297,8.831188201904297,1041730,0.0,0.0
1997-12-29 00:00:00-05:00,8.94440746307373,9.208588029905346,8.906667273258645,8.94440746307373,2352162,0.0,0.0
1997-12-30 00:00:00-05:00,8.944408016967364,9.397289560919665,8.944408016967364,9.208588600158691,3588902,0.0,0.0
1997-12-31 00:00:00-05:00,9.20858885664178,9.850171379224793,9.20858885664178,9.661470413208008,4131597,0.0,0.0
1998-01-02 00:00:00-05:00,9.96338807931371,10.567230219744921,9.81242811561127,10.41627025604248,4407707,0.0,0.0
1998-01-05 00:00:00-05:00,10.71819491056399,11.0201157115396,10.567234129139136,10.869154930114746,5524319,0.0,0.0
1998-01-06 00:00:00-05:00,10.642708865072212,10.793669577094015,10.265307846891451,10.567229270935059,2842730,0.0,0.0
1998-01-07 00:00:00-05:00,10.41627025604248,10.567230219744921,10.038869203975656,10.41627025604248,2367112,0.0,0.0
1998-01-08 00:00:00-05:00,10.001129687683937,10.152090434799499,9.736949142105628,9.887909889221191,2306783,0.0,0.0
1998-01-09 00:00:00-05:00,10.03886679188923,10.03886679188923,9.057623073285487,9.47276496887207,2382988,0.0,0.0
1998-01-12 00:00:00-05:00,9.019885350938404,9.510507724439817,8.982145930235214,9.095366477966309,1817405,0.0,0.0
1998-01-13 00:00:00-05:00,9.321807262569664,10.114349611285055,9.321807262569664,9.92564868927002,2854108,0.0,0.0
1998-01-14 00:00:00-05:00,9.96338770261848,10.076608242520036,9.472766886792645,9.623726844787598,1889376,0.0,0.0
1998-01-15 00:00:00-05:00,9.661468160322848,10.416271086509111,9.435027815778684,9.92564868927002,4698767,0.0,0.0
1998-01-16 00:00:00-05:00,10.189830249264004,10.22757043466395,9.548247859338824,9.58598804473877,2243676,0.0,0.0
1998-01-20 00:00:00-05:00,9.736950838215789,10.755934534997964,9.66147045150984,10.378533363342285,3766581,0.0,0.0
1998-01-21 00:00:00-05:00,10.227572509683394,11.548476219177246,10.227572509683394,11.548476219177246,6223260,0.0,0.0
1998-01-22 00:00:00-05:00,11.322034316453964,11.397514692525954,10.831412633859978,11.284294128417969,3896632,0.0,0.0
1998-01-23 00:00:00-05:00,11.397511678330536,11.586211806732768,10.982370481597128,11.05785083770752,2443184,0.0,0.0
1998-01-26 00:00:00-05:00,11.24655085967618,11.322031215072252,10.491748829462946,10.642708778381348,1765147,0.0,0.0
1998-01-27 00:00:00-05:00,10.303049084632793,10.416270392168446,10.03886933516952,10.15208911895752,2528915,0.0,0.0
1998-01-28 00:00:00-05:00,10.114350849152338,10.982373672908643,10.114350849152338,10.944633483886719,3654126,0.0,0.0
1998-01-29 00:00:00-05:00,10.869155222681568,10.982375811797787,10.189833211732502,10.45401382446289,4915474,0.0,0.0
1998-01-30 00:00:00-05:00,10.982371211585608,11.548472396294297,10.86915066989435,11.397512435913086,7906645,0.0,0.0
1998-02-02 00:00:00-05:00,11.623955191828685,11.850394784045255,10.755932437713005,11.171072959899902,4702604,0.0,0.0
1998-02-03 00:00:00-05:00,10.982374706109193,11.586216263520278,10.982374706109193,11.02011489868164,3174935,0.0,0.0
1998-02-04 00:00:00-05:00,11.020113574039954,11.397514692525954,11.020113574039954,11.284294128417969,2495575,0.0,0.0
1998-02-05 00:00:00-05:00,11.472996447676975,11.586216263520278,10.944634513536744,11.02011489868164,3893854,0.0,0.0
1998-02-06 00:00:00-05:00,11.095593349785682,11.246553331888032,10.869152233821291,11.171072959899902,1820051,0.0,0.0
1998-02-09 00:00:00-05:00,10.982375516183387,11.095596102252028,10.793674539402318,10.869154930114746,1988072,0.0,0.0
1998-02-10 00:00:00-05:00,10.982375312208612,11.510736513634194,10.755934906151088,11.359776496887207,4219576,0.0,0.0
1998-02-11 00:00:00-05:00,11.133334045321039,11.699436138006378,10.982374045979212,11.47299575805664,6226964,0.0,0.0
1998-02-12 00:00:00-05:00,11.623956926400215,11.8126571226552,11.171074626890595,11.58621597290039,6322088,0.0,0.0
1998-02-13 00:00:00-05:00,11.699435300026527,12.076836414160482,11.472994936295732,11.925875663757324,6237416,0.0,0.0
1998-02-17 00:00:00-05:00,12.114576622299431,12.34101774828806,11.77491569519043,11.77491569519043,5405381,0.0,0.0
1998-02-18 00:00:00-05:00,11.774917485056347,12.001358645465542,11.623957473324277,11.850397109985352,1916101,0.0,0.0
1998-02-19 00:00:00-05:00,11.92587693565858,11.92587693565858,11.58621597290039,11.58621597290039,2064674,0.0,0.0
1998-02-20 00:00:00-05:00,11.623955820741925,11.699435434939964,11.246553940381974,11.284294128417969,1968889,0.0,0.0
1998-02-23 00:00:00-05:00,11.397512233242502,11.472992593027815,11.208811333779218,11.246551513671875,1774011,0.0,0.0
1998-02-24 00:00:00-05:00,11.171075731090356,11.208815926446569,10.793674539402318,10.869154930114746,2858871,0.0,0.0
1998-02-25 00:00:00-05:00,10.982373672908643,11.020113861930566,10.793672727799024,10.944633483886719,2245793,0.0,0.0
1998-02-26 00:00:00-05:00,10.869152655834945,11.322034143473724,10.680452480411917,11.133333206176758,3732051,0.0,0.0
1998-02-27 00:00:00-05:00,11.20881509966984,11.246555292242288,10.982374706109193,11.02011489868164,2703021,0.0,0.0
1998-03-02 00:00:00-05:00,11.0201157115396,11.246556121802783,10.755935105920203,10.869154930114746,2082402,0.0,0.0
1998-03-03 00:00:00-05:00,10.71819225186448,10.86915223396888,10.454010949902436,10.604970932006836,2632505,0.0,0.0
1998-03-04 00:00:00-05:00,10.567229696738092,10.642709293916672,10.378529560980976,10.529489517211914,1483745,0.0,0.0
1998-03-05 00:00:00-05:00,10.265310233262245,10.831412273071678,9.887909889221191,9.887909889221191,2443978,0.0,0.0
1998-03-06 00:00:00-05:00,10.038870097015874,10.152089889396082,9.887909358010415,10.001129150390625,2002625,0.0,0.0
1998-03-09 00:00:00-05:00,9.925647066767981,9.925647066767981,9.472766451710063,9.510506629943848,2089282,0.0,0.0
1998-03-10 00:00:00-05:00,9.736949142105628,9.925649314126156,9.623728581768956,9.887909889221191,2968547,0.0,0.0
1998-03-11 00:00:00-05:00,10.038868302606241,10.642708865072212,10.001127362727042,10.567229270935059,4281890,0.0,0.0
1998-03-12 00:00:00-05:00,10.529494217207036,10.831415026309497,10.3030530389746,10.45401382446289,2334434,0.0,0.0
1998-03-13 00:00:00-05:00,10.604972999712011,10.642713193064985,10.265312021409304,10.378533363342285,1649120,0.0,0.0
1998-03-16 00:00:00-05:00,10.30305004119873,10.340790988463814,10.114349876116695,10.30305004119873,1339538,0.0,0.0
1998-03-17 00:00:00-05:00,10.265308902745518,10.303049084632793,10.001128391408418,10.15208911895752,1067000,0.0,0.0
1998-03-18 00:00:00-05:00,10.076609519893355,10.189830074147448,9.96338896563926,10.001129150390625,1100604,0.0,0.0
1998-03-19 00:00:00-05:00,10.001131429812547,10.529493374880122,10.001131429812547,10.378533363342285,3206952,0.0,0.0
1998-03-20 00:00:00-05:00,10.378530110018374,10.454009711189919,10.001128294791549,10.076608657836914,1111320,0.0,0.0
1998-03-23 00:00:00-05:00,10.001129583051531,10.114350142203682,9.850169599389247,9.96338939666748,1009714,0.0,0.0
1998-03-24 00:00:00-05:00,10.114349876116695,10.52949115354585,9.925648949160761,10.30305004119873,3404741,0.0,0.0
1998-03-25 00:00:00-05:00,10.567233042932177,10.86915381287332,10.265311511117014,10.340792655944824,2753692,0.0,0.0
1998-03-26 00:00:00-05:00,10.3407899967817,11.020111744928286,10.189829269694092,10.793670654296875,4345129,0.0,0.0
1998-03-27 00:00:00-05:00,10.982371222303431,11.095591764105183,10.718190719973146,10.75593090057373,2037552,0.0,0.0
1998-03-30 00:00:00-05:00,10.755934312548547,11.02011489868164,10.529493157113858,11.02011489868164,1292174,0.0,0.0
1998-03-31 00:00:00-05:00,11.020112977947191,11.208813146046168,10.52949132189159,10.604970932006836,2012680,0.0,0.0
1998-04-01 00:00:00-05:00,10.56723197553957,11.77491569519043,10.378531799089656,11.77491569519043,7273589,0.0,0.0
1998-04-02 00:00:00-05:00,11.774913479676812,11.88813325949427,11.284291894221829,11.397512435913086,6734335,0.0,0.0
1998-04-03 00:00:00-05:00,11.43525426185836,11.472994447852424,11.095593349785682,11.171072959899902,2247909,0.0,0.0
1998-04-06 00:00:00-04:00,11.095595283826537,11.322035677387182,10.8314139358194,11.02011489868164,2412358,0.0,0.0
1998-04-07 00:00:00-04:00,10.944629962048497,11.020110315803757,10.604968370149823,10.680449485778809,2196974,0.0,0.0
1998-04-08 00:00:00-04:00,10.793670116833782,11.397512233242502,10.755930698814911,11.246551513671875,3046075,0.0,0.0
1998-04-09 00:00:00-04:00,11.397516062532079,11.510735878375382,10.906894320964296,11.02011489868164,1468001,0.0,0.0
1998-04-13 00:00:00-04:00,10.906890861102264,11.133331182831965,10.642709596898179,10.75593090057373,1826137,0.0,0.0
1998-04-14 00:00:00-04:00,10.869150573900974,11.32203197479248,10.869150573900974,11.32203197479248,2263521,0.0,0.0
1998-04-15 00:00:00-04:00,11.850396552406979,11.88813674403278,11.359775585019603,11.58621597290039,4817705,0.0,0.0
1998-04-16 00:00:00-04:00,11.548474057966644,11.548474057966644,11.171072959899902,11.171072959899902,956132,0.0,0.0
1998-04-17 00:00:00-04:00,11.246553331888032,11.43525426185836,11.133332773905838,11.171072959899902,1262142,0.0,0.0
1998-04-20 00:00:00-04:00,11.284293998291783,11.925875663757324,11.284293998291783,11.925875663757324,3735755,0.0,0.0
1998-04-21 00:00:00-04:00,12.076836414160482,12.529717141622074,11.850395288555744,11.925875663757324,4691887,0.0,0.0
1998-04-22 00:00:00-04:00,12.001355887557626,12.982597643012177,11.963615702828776,12.907118797302246,6531519,0.0,0.0
1998-04-23 00:00:00-04:00,12.907118863395628,12.982597709492062,12.416496459408258,12.56745719909668,3847416,0.0,0.0
1998-04-24 00:00:00-04:00,12.567457205423429,13.322259380497746,12.567457205423429,13.28451919555664,3997180,0.0,0.0
1998-04-27 00:00:00-04:00,12.831637382507324,12.944859464662976,12.076835945410217,12.831637382507324,3077695,0.0,0.0
1998-04-28 00:00:00-04:00,12.454235527483133,12.6429364351717,11.322032366973197,11.623953819274902,5832049,0.0,0.0
1998-04-29 00:00:00-04:00,11.586215894520771,11.774916851373236,11.397515699542325,11.510735511779785,2049327,0.0,0.0
1998-04-30 00:00:00-04:00,11.699435300026527,12.001356800832845,11.095593822161778,11.925875663757324,4856204,0.0,0.0
1998-05-01 00:00:00-04:00,11.774917485056347,12.152318657197611,11.699437098253282,11.850397109985352,3035624,0.0,0.0
1998-05-04 00:00:00-04:00,12.341020954940662,12.341020954940662,11.92587878275892,12.001359939575195,4383761,0.0,0.0
1998-05-05 00:00:00-04:00,12.001359939575195,12.152319967585324,11.737178557277725,12.001359939575195,1725457,0.0,0.0
1998-05-06 00:00:00-04:00,12.227799600653318,12.303280757469594,11.888138585287852,12.001359939575195,2037288,0.0,0.0
1998-05-07 00:00:00-04:00,12.076837021774978,12.190056828399763,11.963617215150194,12.03909683227539,1624247,0.0,0.0
1998-05-08 00:00:00-04:00,12.152312503822234,12.454233136281632,12.152312503822234,12.30327320098877,2348590,0.0,0.0
1998-05-11 00:00:00-04:00,12.303273053907704,12.49197316123636,11.77491138201487,11.888131141662598,1535209,0.0,0.0
1998-05-12 00:00:00-04:00,11.85039452137894,12.114575817481766,11.737174727780193,12.076835632324219,2001567,0.0,0.0
1998-05-13 00:00:00-04:00,12.076835990988275,12.190055787949483,11.7749152626352,11.812655448913574,1484671,0.0,0.0
1998-05-14 00:00:00-04:00,11.699431034333942,12.001352425057656,11.661690860493477,11.888131141662598,1519730,0.0,0.0
1998-05-15 00:00:00-04:00,11.888137194814924,11.925877387871783,11.472996594937582,11.548476219177246,1586542,0.0,0.0
1998-05-18 00:00:00-04:00,11.47299575805664,11.77491651861429,11.397515377448729,11.47299575805664,1308315,0.0,0.0
1998-05-19 00:00:00-04:00,11.47299708085301,11.623957859474082,11.28429610757667,11.359776496887207,1197580,0.0,0.0
1998-05-20 00:00:00-04:00,11.397516691542474,11.47299708085301,11.208815718266134,11.359776496887207,1029294,0.0,0.0
1998-05-21 00:00:00-04:00,11.35977586995963,11.35977586995963,10.906894320964296,11.02011489868164,1385313,0.0,0.0
1998-05-22 00:00:00-04:00,10.944630730126104,10.982370909652284,10.454009158159556,10.529489517211914,1619352,0.0,0.0
1998-05-26 00:00:00-04:00,10.793668487841408,10.869148836235144,10.491747856140137,10.491747856140137,1482686,0.0,0.0
1998-05-27 00:00:00-04:00,10.340790462619212,10.416270829563297,9.96338862789879,10.26530933380127,1984368,0.0,0.0
1998-05-28 00:00:00-04:00,10.189827224438865,10.491747856140137,10.11434687604513,10.491747856140137,1725060,0.0,0.0
1998-05-29 00:00:00-04:00,10.340790988463814,10.454010782763477,10.189830246899069,10.30305004119873,1229199,0.0,0.0
1998-06-01 00:00:00-04:00,10.114351969774237,10.114351969774237,9.661470413208008,9.661470413208008,1510734,0.0,0.0
1998-06-02 00:00:00-04:00,9.774689413652714,9.812429600758897,9.548248291015625,9.548248291015625,1179455,0.0,0.0
1998-06-03 00:00:00-04:00,9.623728148742591,9.661468333823336,9.35954761505127,9.35954761505127,1531769,0.0,0.0
1998-06-04 00:00:00-04:00,9.359548135270323,9.435028509627136,9.246327573735105,9.39728832244873,1570533,0.0,0.0
1998-06-05 00:00:00-04:00,9.472768170293504,9.548247778581102,9.321807429970525,9.35954761505127,980343,0.0,0.0
1998-06-08 00:00:00-04:00,9.359549368767471,9.472769945224055,9.170849169880531,9.208588600158691,1772291,0.0,0.0
1998-06-09 00:00:00-04:00,9.321807429970525,9.585987963661847,9.321807429970525,9.35954761505127,3197823,0.0,0.0
1998-06-10 00:00:00-04:00,7.77446279715949,7.77446279715949,6.679999728390473,6.755479335784912,16136631,0.0,0.0
1998-06-11 00:00:00-04:00,6.793217887657914,6.944178589910902,6.189376221456507,6.491297245025635,8418381,0.0,0.0
1998-06-12 00:00:00-04:00,6.453558673072797,6.755479390727746,6.227118706237001,6.64225959777832,3427893,0.0,0.0
1998-06-15 00:00:00-04:00,6.793219575668851,6.9819205003743745,6.56677998977,6.64225959777832,2660024,0.0,0.0
1998-06-16 00:00:00-04:00,6.717740235359988,6.981920778601329,6.717740235359988,6.868700981140137,2094309,0.0,0.0
1998-06-17 00:00:00-04:00,6.944178635984448,7.170619690866332,6.906439222044505,6.981918811798096,1923245,0.0,0.0
1998-06-18 00:00:00-04:00,7.019658987611743,7.05739916342539,6.906439222044505,6.981918811798096,1160006,0.0,0.0
1998-06-19 00:00:00-04:00,6.944180592156292,7.019660965046366,6.415818743799691,6.868700981140137,813910,0.0,0.0
1998-06-22 00:00:00-04:00,6.981920490791747,7.132880468475086,6.755479381455908,6.793219566345215,1522641,0.0,0.0
1998-06-23 00:00:00-04:00,6.830959751234521,6.981920490791747,6.679999773551182,6.793219566345215,1746492,0.0,0.0
1998-06-24 00:00:00-04:00,6.7177391052246085,6.944179423926516,6.7177391052246085,6.717739105224609,1170723,0.0,0.0
1998-06-25 00:00:00-04:00,6.906438518531972,6.981918100596964,6.793217240750417,6.830957412719727,2056339,0.0,0.0
1998-06-26 00:00:00-04:00,6.868700697997715,6.868700697997715,6.717739958440489,6.793219566345215,734927,0.0,0.0
1998-06-29 00:00:00-04:00,6.868700966130679,7.019660949707031,6.793219831531627,7.019660949707031,1245869,0.0,0.0
1998-06-30 00:00:00-04:00,6.9441823762308035,7.28384337962671,6.8687027458226915,7.132882595062256,1398411,0.0,0.0
1998-07-01 00:00:00-04:00,7.2461016236750915,7.283841045850204,7.019660519381193,7.057400703430176,913399,0.0,0.0
1998-07-02 00:00:00-04:00,7.057399964214365,7.095139382436525,6.7177391052246085,6.717739105224609,891437,0.0,0.0
1998-07-06 00:00:00-04:00,6.793219520419073,6.944180258955717,6.717739913024634,6.755479335784912,784274,0.0,0.0
1998-07-07 00:00:00-04:00,6.793217240750417,6.868698346562662,6.642257314746806,6.830957412719727,821186,0.0,0.0
1998-07-08 00:00:00-04:00,6.830959972762515,7.698982729618765,6.7554796005360735,7.548022747039795,3639176,0.0,0.0
1998-07-09 00:00:00-04:00,7.548021018548632,7.736721144028636,7.359320131194892,7.472539901733398,1984103,0.0,0.0
1998-07-10 00:00:00-04:00,7.397061251402095,7.4725408540895355,7.246101284153379,7.32158088684082,600245,0.0,0.0
1998-07-13 00:00:00-04:00,7.359320471784435,7.623500964432215,7.246100696006114,7.585761547088623,1187393,0.0,0.0
1998-07-14 00:00:00-04:00,7.585763239830657,7.736723228512646,7.397062301635742,7.397062301635742,954280,0.0,0.0
1998-07-15 00:00:00-04:00,7.548021367871259,7.66124114364958,7.4725402475627565,7.585761547088623,1455829,0.0,0.0
1998-07-16 00:00:00-04:00,7.661241157088386,7.774461694939084,7.472540260670557,7.736721515655518,862464,0.0,0.0
1998-07-17 00:00:00-04:00,7.736722915731986,7.736722915731986,7.510282560926574,7.548022747039795,707408,0.0,0.0
1998-07-20 00:00:00-04:00,7.548021540978477,7.548021540978477,7.359320640563965,7.359320640563965,815100,0.0,0.0
1998-07-21 00:00:00-04:00,7.359322156482328,7.548023095766619,7.283841780768612,7.434802532196045,696163,0.0,0.0
1998-07-22 00:00:00-04:00,7.35932141394817,7.35932141394817,6.8309595991362775,7.057400703430176,1291513,0.0,0.0
1998-07-23 00:00:00-04:00,7.057402964654144,7.359323771908937,6.981922572371917,7.132882595062256,983254,0.0,0.0
1998-07-24 00:00:00-04:00,7.132879330655958,7.132879330655958,6.793218482707937,6.906439781188965,603553,0.0,0.0
1998-07-27 00:00:00-04:00,6.7177391052246085,6.793218703542718,6.340338066138902,6.717739105224609,1599242,0.0,0.0
1998-07-28 00:00:00-04:00,6.793217932729858,7.170619690866332,6.6422579913489725,6.981918811798096,1782743,0.0,0.0
1998-07-29 00:00:00-04:00,6.981920490791747,7.019660675681054,6.755479381455908,6.793219566345215,555263,0.0,0.0
1998-07-30 00:00:00-04:00,6.868701350350208,6.981921153897252,6.868701350350208,6.944180965423584,680022,0.0,0.0
1998-07-31 00:00:00-04:00,7.019659784118416,7.359320643108173,6.7177391052246085,6.717739105224609,953486,0.0,0.0
1998-08-03 00:00:00-04:00,6.717739967660529,6.793219575668851,6.56677998977,6.64225959777832,470062,0.0,0.0
1998-08-04 00:00:00-04:00,6.680002630299282,6.793222471512542,6.529042588056865,6.604522228240967,766282,0.0,0.0
1998-08-05 00:00:00-04:00,6.6422593650894735,6.679999548708479,6.2648586717102015,6.378078460693359,668909,0.0,0.0
1998-08-06 00:00:00-04:00,6.227119151386071,7.548023052191674,6.227119151386071,7.397062301635742,3754277,0.0,0.0
1998-08-07 00:00:00-04:00,7.62350203175412,7.774462769758708,7.246101710490408,7.283841133117676,2997521,0.0,0.0
1998-08-10 00:00:00-04:00,7.321581464878229,7.510282391179318,7.208361670971471,7.2461018562316895,996219,0.0,0.0
1998-08-11 00:00:00-04:00,6.868700545059131,7.095140125605289,6.868700545059131,7.057400703430176,802796,0.0,0.0
1998-08-12 00:00:00-04:00,7.397061251402095,7.4725408540895355,7.208361101872742,7.32158088684082,1016196,0.0,0.0
1998-08-13 00:00:00-04:00,7.246102897252339,7.5480236608360185,7.0951413726494925,7.510283470153809,1730484,0.0,0.0
1998-08-14 00:00:00-04:00,7.736722277845066,8.038642979983784,7.698982094843496,7.963163375854492,2915892,0.0,0.0
1998-08-17 00:00:00-04:00,7.92542597199243,8.151866387531879,7.887685775756836,7.887685775756836,1218880,0.0,0.0
1998-08-18 00:00:00-04:00,7.925422516113105,8.151862832913286,7.812201976776123,7.812201976776123,886807,0.0,0.0
1998-08-19 00:00:00-04:00,7.698980966557888,7.812201498970133,7.321579953724143,7.472539901733398,1070704,0.0,0.0
1998-08-20 00:00:00-04:00,7.321580934539917,7.359321117066427,7.2083611488342285,7.2083611488342285,875032,0.0,0.0
1998-08-21 00:00:00-04:00,6.944180965423584,7.095140957444295,6.68000040798187,6.944180965423584,1023605,0.0,0.0
1998-08-24 00:00:00-04:00,7.019660965046366,7.095140576062522,6.793219846376143,6.868700981140137,613740,0.0,0.0
1998-08-25 00:00:00-04:00,6.944180258955717,7.057400812858199,6.717739913024634,6.755479335784912,829521,0.0,0.0
1998-08-26 00:00:00-04:00,6.6045177717153765,6.642257947278623,6.491297245025635,6.491297245025635,996351,0.0,0.0
1998-08-27 00:00:00-04:00,6.491298900787957,6.491298900787957,5.962937831878662,5.962937831878662,1957246,0.0,0.0
1998-08-28 00:00:00-04:00,6.000678830219012,6.151638829560838,5.73649787902832,5.73649787902832,1262804,0.0,0.0
1998-08-31 00:00:00-04:00,5.887457350512385,5.925197151611899,4.830733777240034,4.906213760375977,1683518,0.0,0.0
1998-09-01 00:00:00-04:00,4.981694022497958,5.321354866027832,4.906213284804718,5.321354866027832,1807350,0.0,0.0
1998-09-02 00:00:00-04:00,5.434575330991677,5.66101603327248,5.434575330991677,5.623276233673096,1127196,0.0,0.0
1998-09-03 00:00:00-04:00,5.547795220327224,5.661015756398587,5.2836151123046875,5.2836151123046875,1191229,0.0,0.0
1998-09-04 00:00:00-04:00,5.434575508920339,5.585536236007948,5.24587460006083,5.3968353271484375,547590,0.0,0.0
1998-09-08 00:00:00-04:00,5.623276233673096,5.962937096625851,5.4723155115279605,5.623276233673096,847249,0.0,0.0
1998-09-09 00:00:00-04:00,5.88745782771346,6.340338906047614,5.774236891490266,6.189377784729004,2233092,0.0,0.0
1998-09-10 00:00:00-04:00,6.038417806221232,6.378078710206084,5.811977076585682,6.189377784729004,1392854,0.0,0.0
1998-09-11 00:00:00-04:00,6.340337922206485,6.453557698050334,6.11389684677124,6.11389684677124,1259364,0.0,0.0
1998-09-14 00:00:00-04:00,6.264858916793727,6.378078710206084,6.189377784729004,6.189377784729004,660971,0.0,0.0
1998-09-15 00:00:00-04:00,6.151638938969729,6.151638938969729,5.887458744954504,5.925198554992676,763900,0.0,0.0
1998-09-16 00:00:00-04:00,5.92519764668887,6.07615800651109,5.849716895372341,5.962937831878662,2831352,0.0,0.0
1998-09-17 00:00:00-04:00,5.736496197189825,6.264857944664957,5.62327604040909,6.11389684677124,599319,0.0,0.0
1998-09-18 00:00:00-04:00,6.189377124907722,6.3780780302682585,6.038417162493103,6.340338230133057,941182,0.0,0.0
1998-09-21 00:00:00-04:00,6.189376964818208,6.7177391052246085,6.0384170063082,6.717739105224609,1157757,0.0,0.0
1998-09-22 00:00:00-04:00,6.868699000658107,6.981918765474149,6.378077099272743,6.491297245025635,1051917,0.0,0.0
1998-09-23 00:00:00-04:00,6.566777732681814,6.906438518531972,6.566777732681814,6.830957412719727,1180645,0.0,0.0
1998-09-24 00:00:00-04:00,6.793217887657914,6.906439176221355,6.415816893899141,6.491297245025635,1014080,0.0,0.0
1998-09-25 00:00:00-04:00,6.453561424124336,6.604522228240967,6.22712136076071,6.604522228240967,427726,0.0,0.0
1998-09-28 00:00:00-04:00,6.604519621933373,6.642259808069316,6.415818691253662,6.415818691253662,657399,0.0,0.0
1998-09-29 00:00:00-04:00,6.3403386600410006,6.453558449060402,6.189377544579718,6.302598476409912,1056019,0.0,0.0
1998-09-30 00:00:00-04:00,6.151636426830109,6.491297245025635,6.113896251266862,6.491297245025635,886542,0.0,0.0
1998-10-01 00:00:00-04:00,6.227118041928204,6.264858222843187,5.774236251885309,5.811976432800293,510413,0.0,0.0
1998-10-02 00:00:00-04:00,5.887458324432373,6.038418315676487,5.623277387412728,5.887458324432373,436193,0.0,0.0
1998-10-05 00:00:00-04:00,5.81197632738111,5.88745706877889,5.434575286950487,5.66101598739624,510413,0.0,0.0
1998-10-06 00:00:00-04:00,5.81197865674541,5.925199242814051,5.321357259925781,5.434577465057373,611491,0.0,0.0
1998-10-07 00:00:00-04:00,5.35909577144147,5.547795927058406,4.98169469833374,4.98169469833374,883499,0.0,0.0
1998-10-08 00:00:00-04:00,4.830733255951535,5.132653917788623,4.5665523911414265,4.868473052978516,1109336,0.0,0.0
1998-10-09 00:00:00-04:00,4.981693967806953,5.094914120761643,4.7552532809607,4.868473052978516,835078,0.0,0.0
1998-10-12 00:00:00-04:00,5.170395339647577,5.245875332797409,5.019435353347912,5.057175159454346,930069,0.0,0.0
1998-10-13 00:00:00-04:00,5.094914120761643,5.094914120761643,4.7552532809607,4.868473052978516,633717,0.0,0.0
1998-10-14 00:00:00-04:00,4.830735190045201,4.830735190045201,4.679775179623289,4.717514991760254,526951,0.0,0.0
1998-10-15 00:00:00-04:00,4.868475018870334,4.906215212073691,4.302374025505117,4.830735206604004,991985,0.0,0.0
1998-10-16 00:00:00-04:00,4.755254275134109,4.79299408005129,4.415593364320802,4.679774284362793,1343771,0.0,0.0
1998-10-19 00:00:00-04:00,4.377852735613631,5.132654471657635,4.377852735613631,4.906213760375977,1740671,0.0,0.0
1998-10-20 00:00:00-04:00,4.906214197632273,5.20813529989489,4.604293095369656,4.792994022369385,2060969,0.0,0.0
1998-10-21 00:00:00-04:00,4.755254217906388,4.83073420776933,4.528813105506713,4.792994022369385,1181307,0.0,0.0
1998-10-22 00:00:00-04:00,4.792993112268833,4.830733290502619,4.642033161207444,4.755253314971924,1109732,0.0,0.0
1998-10-23 00:00:00-04:00,4.717515277037513,5.585538246482227,4.717515277037513,5.434577465057373,3622109,0.0,0.0
1998-10-26 00:00:00-05:00,5.661015709557707,5.661015709557707,5.245874128334592,5.321354866027832,1229993,0.0,0.0
1998-10-27 00:00:00-05:00,5.434575020225497,5.585535733738222,5.245874128334592,5.321354866027832,1418653,0.0,0.0
1998-10-28 00:00:00-05:00,5.359095350856009,5.774236193944432,5.321355170319725,5.623276233673096,2334434,0.0,0.0
1998-10-29 00:00:00-05:00,5.623276290099184,5.9251969755452425,5.5855361091842015,5.811976432800293,2402700,0.0,0.0
1998-10-30 00:00:00-05:00,5.962937181285794,6.5667793165657,5.811976456997365,6.340338230133057,3858662,0.0,0.0
1998-11-02 00:00:00-05:00,6.453558011475568,6.5667793165657,6.189377124907722,6.340338230133057,1695292,0.0,0.0
1998-11-03 00:00:00-05:00,6.264858217469817,7.736721843459608,6.189377093830783,7.623501300811768,4340631,0.0,0.0
1998-11-04 00:00:00-05:00,7.849942779466237,9.05762558073134,7.698982048371176,8.604744911193848,8430421,0.0,0.0
1998-11-05 00:00:00-05:00,8.30282680945913,8.604747604269225,8.151866031117041,8.227346420288086,2969077,0.0,0.0
1998-11-06 00:00:00-05:00,8.151860237121582,8.302820908167247,7.548019076686002,8.151860237121582,2354411,0.0,0.0
1998-11-09 00:00:00-05:00,8.378302330174872,8.453783444223324,7.736720860436975,8.07638168334961,2286673,0.0,0.0
1998-11-10 00:00:00-05:00,8.038642979983784,8.453784993001065,7.812202643848209,7.963163375854492,2715722,0.0,0.0
1998-11-11 00:00:00-05:00,8.529263935036798,8.567004115108746,7.925422577633215,8.00090217590332,3087088,0.0,0.0
1998-11-12 00:00:00-05:00,7.8122019207613675,8.302823492496673,7.6989813822361945,8.265083312988281,1932242,0.0,0.0
1998-11-13 00:00:00-05:00,8.18960307626306,8.265083436406954,7.84994221748932,8.00090217590332,1235947,0.0,0.0
1998-11-16 00:00:00-05:00,8.189606583767473,8.189606583767473,7.774465187050054,7.887685775756836,1218880,0.0,0.0
1998-11-17 00:00:00-05:00,7.8499425867474395,8.038642734109766,7.661241677511287,7.7744622230529785,1269286,0.0,0.0
1998-11-18 00:00:00-05:00,7.812201976776123,7.8876823363341115,7.39706076108097,7.812201976776123,1737761,0.0,0.0
1998-11-19 00:00:00-05:00,7.887684433873277,9.170848601964247,7.849944244058191,8.94440746307373,6461267,0.0,0.0
1998-11-20 00:00:00-05:00,9.019885841190101,9.019885841190101,8.453785357387273,8.717965126037598,1412170,0.0,0.0
1998-11-23 00:00:00-05:00,8.604744814774993,8.906665511708152,8.45378484724533,8.529264450073242,1284633,0.0,0.0
1998-11-24 00:00:00-05:00,8.529264545646319,8.906665611510125,8.453784941972632,8.604744911193848,941976,0.0,0.0
1998-11-25 00:00:00-05:00,8.642484997125866,8.75570554417849,8.302824117841832,8.529264450073242,1550291,0.0,0.0
1998-11-27 00:00:00-05:00,8.529264545646319,8.680224514867534,8.453784941972632,8.604744911193848,528803,0.0,0.0
1998-11-30 00:00:00-05:00,8.529267588013703,8.529267588013703,7.8499455795212425,7.887685775756836,1201416,0.0,0.0
1998-12-01 00:00:00-05:00,7.88768275285102,10.793670654296875,7.849942571079118,10.793670654296875,9203979,0.0,0.0
1998-12-02 00:00:00-05:00,10.265307486781088,10.491748546870168,9.661466183624322,10.038867950439453,5054918,0.0,0.0
1998-12-03 00:00:00-05:00,10.076607636658293,11.208810681978145,10.076607636658293,10.642708778381348,6324337,0.0,0.0
1998-12-04 00:00:00-05:00,11.095594239974414,11.171073856144291,10.567232355541451,10.944633483886719,2409183,0.0,0.0
1998-12-07 00:00:00-05:00,11.020110315803757,11.208810438318183,10.680449485778809,10.680449485778809,2304931,0.0,0.0
1998-12-08 00:00:00-05:00,10.793669254537974,10.869149608293236,10.303047717002505,10.680449485778809,1433867,0.0,0.0
1998-12-09 00:00:00-05:00,10.755932265892971,10.755932265892971,10.30305004119873,10.30305004119873,1342977,0.0,0.0
1998-12-10 00:00:00-05:00,10.18983235618095,10.18983235618095,9.47277020906528,9.661470413208008,2042580,0.0,0.0
1998-12-11 00:00:00-05:00,9.58598999394242,9.887911538534349,9.20858882507656,9.435029983520508,1911206,0.0,0.0
1998-12-14 00:00:00-05:00,9.548249800868428,10.07661174203025,9.359549597372526,9.435029983520508,1896653,0.0,0.0
1998-12-15 00:00:00-05:00,9.623728665227988,9.96338958730969,9.472768678677195,9.548248291015625,2765467,0.0,0.0
1998-12-16 00:00:00-05:00,9.774690720567579,9.812430912719773,9.208588600158691,9.208588600158691,1291777,0.0,0.0
1998-12-17 00:00:00-05:00,9.208586358755515,9.623727609508743,9.208586358755515,9.321806907653809,1459401,0.0,0.0
1998-12-18 00:00:00-05:00,9.472767591332994,9.81242847442627,9.435027408558868,9.81242847442627,1828518,0.0,0.0
1998-12-21 00:00:00-05:00,9.963388974302383,10.416271191712537,9.81242899703955,9.85016918182373,1672934,0.0,0.0
1998-12-22 00:00:00-05:00,9.81242729394038,9.925647066767981,9.359545917008706,9.510506629943848,887733,0.0,0.0
1998-12-23 00:00:00-05:00,9.585989759806605,9.661470144110995,9.208588600158691,9.208588600158691,1229861,0.0,0.0
1998-12-24 00:00:00-05:00,9.284065986956717,9.887908104557896,9.246325806989532,9.623726844787598,1150084,0.0,0.0
1998-12-28 00:00:00-05:00,9.585987963661847,9.585987963661847,9.208586874728292,9.35954761505127,1149819,0.0,0.0
1998-12-29 00:00:00-05:00,9.20859005748036,9.284070453730031,8.755709203730632,8.793449401855469,1735511,0.0,0.0
1998-12-30 00:00:00-05:00,8.79344668631381,9.435028332558163,8.755706499843683,9.24632740020752,1740539,0.0,0.0
1998-12-31 00:00:00-05:00,9.208586263823564,9.208586263823564,8.944405747658182,9.095366477966309,1135134,0.0,0.0
1999-01-04 00:00:00-05:00,9.13310666054334,9.510507724439817,9.057625533515436,9.095366477966309,911415,0.0,0.0
1999-01-05 00:00:00-05:00,8.94440626297407,10.114349704644718,8.94440626297407,10.001129150390625,3133526,0.0,0.0
1999-01-06 00:00:00-05:00,10.340791260507986,10.52949143055432,9.96338939666748,9.96338939666748,1806292,0.0,0.0
1999-01-07 00:00:00-05:00,10.076612351382458,11.057855906895814,9.963391765313817,10.869154930114746,4463802,0.0,0.0
1999-01-08 00:00:00-05:00,11.435252740046304,11.435252740046304,10.718190825334025,10.98237133026123,4037796,0.0,0.0
1999-01-11 00:00:00-05:00,11.133334045321039,11.548475376790556,11.020114236283169,11.47299575805664,3264899,0.0,0.0
1999-01-12 00:00:00-05:00,11.397514580416658,12.076836434634659,11.057853653307657,11.77491569519043,2258626,0.0,0.0
1999-01-13 00:00:00-05:00,11.1710694959871,12.944855402072873,10.869148863527702,12.30327320098877,10216735,0.0,0.0
1999-01-14 00:00:00-05:00,12.454236722025792,12.491976907183338,11.925874891694033,12.076835632324219,3301150,0.0,0.0
1999-01-15 00:00:00-05:00,12.114579770114258,12.341020954940662,11.81265895221986,12.001359939575195,1536003,0.0,0.0
1999-01-19 00:00:00-05:00,12.07683447397982,12.491975709020847,11.35977254851091,11.623953819274902,4018348,0.0,0.0
1999-01-20 00:00:00-05:00,11.322033820871546,11.322033820871546,9.661468667468993,9.96338939666748,5545619,0.0,0.0
1999-01-21 00:00:00-05:00,10.038870004352919,10.378530902106103,9.88790926674089,9.92564868927002,2903191,0.0,0.0
1999-01-22 00:00:00-05:00,9.661468689505018,9.736949062445277,9.24632740020752,9.24632740020752,2456017,0.0,0.0
1999-01-25 00:00:00-05:00,9.359549210013947,9.585989597212274,8.982148056767384,9.05762767791748,2576807,0.0,0.0
1999-01-26 00:00:00-05:00,9.057627831057076,9.246328791807782,8.755707817604014,8.831188201904297,8059187,0.0,0.0
1999-01-27 00:00:00-05:00,8.906662068602827,8.944402236364244,8.151860237121582,8.151860237121582,6374876,0.0,0.0
1999-01-28 00:00:00-05:00,8.11412547210372,8.49152660369873,7.887684336022326,8.49152660369873,4136889,0.0,0.0
1999-01-29 00:00:00-05:00,8.45378758780122,8.567007409683702,8.189606225702564,8.227346420288086,2241427,0.0,0.0
1999-02-01 00:00:00-05:00,8.37830740368311,8.755709393093689,8.302827767675165,8.680228233337402,2801188,0.0,0.0
1999-02-02 00:00:00-05:00,8.529264336249938,8.6047446999444,7.7744622230529785,7.7744622230529785,2979661,0.0,0.0
1999-02-03 00:00:00-05:00,7.7744618573454245,8.340563034677059,7.698981497201529,8.00090217590332,2018369,0.0,0.0
1999-02-04 00:00:00-05:00,8.076382709529321,8.189603252177161,7.585761881802961,7.623501300811768,1640520,0.0,0.0
1999-02-05 00:00:00-05:00,7.6989818593585175,7.7744622230529785,7.019660109856019,7.7744622230529785,3419558,0.0,0.0
1999-02-08 00:00:00-05:00,8.076381817413228,8.151862170840905,7.774461165576245,7.86881160736084,2003419,0.0,0.0
1999-02-09 00:00:00-05:00,8.000902178225726,8.076382538391531,7.28384028039816,7.359320640563965,2623377,0.0,0.0
1999-02-10 00:00:00-05:00,7.283841133117676,7.510282240124558,7.170621341488114,7.283841133117676,1784462,0.0,0.0
1999-02-11 00:00:00-05:00,7.2838417387187935,7.434802489274725,6.717740447881935,7.397062301635742,2193269,0.0,0.0
1999-02-12 00:00:00-05:00,7.208361292018518,7.283840896696997,6.868700404406869,7.095139980316162,1178528,0.0,0.0
1999-02-16 00:00:00-05:00,7.208361551394843,7.246101736029003,6.642259543756312,6.755479335784912,2004213,0.0,0.0
1999-02-17 00:00:00-05:00,6.56677899764173,6.717738952724787,6.038416869229712,6.11389684677124,2715854,0.0,0.0
1999-02-18 00:00:00-05:00,6.264861561789868,6.680002630299282,6.038420355614922,6.604522228240967,3234338,0.0,0.0
1999-02-19 00:00:00-05:00,6.642259853792636,6.642259853792636,6.340339124500679,6.453558921813965,1280929,0.0,0.0
1999-02-22 00:00:00-05:00,6.717739967660529,6.868700707424948,6.56677998977,6.64225959777832,2288790,0.0,0.0
1999-02-23 00:00:00-05:00,6.717739967660529,6.793219575668851,6.453558673072797,6.64225959777832,1360176,0.0,0.0
1999-02-24 00:00:00-05:00,6.717740298296395,6.717740298296395,6.227119012725313,6.264859199523926,1511263,0.0,0.0
1999-02-25 00:00:00-05:00,6.189378064052774,6.264859199523926,5.9629380860719845,6.264859199523926,1417859,0.0,0.0
1999-02-26 00:00:00-05:00,6.189378638927796,6.264859781409704,5.73649787902832,5.73649787902832,2592419,0.0,0.0
1999-03-01 00:00:00-05:00,5.7742359954921465,6.227117765425749,5.7742359954921465,6.11389684677124,1420637,0.0,0.0
1999-03-02 00:00:00-05:00,6.264859445353592,6.264859445353592,5.8497173742788995,5.887458324432373,1012624,0.0,0.0
1999-03-03 00:00:00-05:00,5.962938639915056,5.962938639915056,5.698757688724364,5.73649787902832,936816,0.0,0.0
1999-03-04 00:00:00-05:00,5.774238109588623,6.000679267929777,5.6610179113550725,5.774238109588623,1527139,0.0,0.0
1999-03-05 00:00:00-05:00,5.9629370483028765,5.9629370483028765,5.66101598739624,5.66101598739624,735323,0.0,0.0
1999-03-08 00:00:00-05:00,5.736498297468791,5.849718114765315,5.585537906178382,5.774238109588623,1298657,0.0,0.0
1999-03-09 00:00:00-05:00,5.81197756693636,6.264859445353592,5.7364975713143025,5.887458324432373,1420505,0.0,0.0
1999-03-10 00:00:00-05:00,5.962938639915056,6.000678830219012,5.698757688724364,5.73649787902832,1031411,0.0,0.0
1999-03-11 00:00:00-05:00,5.811978302645482,5.962939074872918,5.698758104411931,5.774238109588623,954148,0.0,0.0
1999-03-12 00:00:00-05:00,5.698756167626682,5.88745706877889,5.66101598739624,5.66101598739624,560291,0.0,0.0
1999-03-15 00:00:00-05:00,5.73649787902832,5.962938639915056,5.661017498420408,5.73649787902832,678170,0.0,0.0
1999-03-16 00:00:00-05:00,5.774237688395278,5.849717688066191,5.698757688724364,5.73649787902832,465167,0.0,0.0
1999-03-17 00:00:00-05:00,5.774237378656842,6.227119257074074,5.774237378656842,5.887458324432373,1615251,0.0,0.0
1999-03-18 00:00:00-05:00,5.9251969755452425,5.9251969755452425,5.736496451907231,5.811976432800293,936023,0.0,0.0
1999-03-19 00:00:00-05:00,5.811976374480715,5.887457116490183,5.510055311127345,5.623276233673096,1355149,0.0,0.0
1999-03-22 00:00:00-05:00,5.585536077238515,5.585536077238515,5.208134651184082,5.208134651184082,1248780,0.0,0.0
1999-03-23 00:00:00-05:00,5.208133658662803,5.396834145260654,5.132653311648931,5.24587345123291,1014080,0.0,0.0
1999-03-24 00:00:00-05:00,5.321356614242825,5.321356614242825,5.132655660358361,5.170395851135254,676979,0.0,0.0
1999-03-25 00:00:00-05:00,5.245875851752037,5.321356614242825,5.132655660358361,5.170395851135254,931392,0.0,0.0
1999-03-26 00:00:00-05:00,5.208136041912146,5.3590968050197185,5.132655660358361,5.170395851135254,812057,0.0,0.0
1999-03-29 00:00:00-05:00,5.170395339647577,5.283616281714739,5.057175159454346,5.057175159454346,958381,0.0,0.0
1999-03-30 00:00:00-05:00,5.094916178090475,5.094916178090475,4.792995013400647,4.830735206604004,1709581,0.0,0.0
1999-03-31 00:00:00-05:00,4.906213266033313,4.943954206140851,4.67977333944123,4.755253314971924,1634831,0.0,0.0
1999-04-01 00:00:00-05:00,4.830735206604004,5.094916178090475,4.792995013400647,4.830735206604004,833093,0.0,0.0
1999-04-05 00:00:00-04:00,5.057175000093281,5.057175000093281,4.642034098508658,4.679774284362793,1001511,0.0,0.0
1999-04-06 00:00:00-04:00,4.717514778277576,5.170395931860065,4.566554012813071,4.6042938232421875,1023605,0.0,0.0
1999-04-07 00:00:00-04:00,4.679773057695139,4.717512852719921,4.415592206900546,4.491072177886963,1651633,0.0,0.0
1999-04-08 00:00:00-04:00,4.528811917387679,4.566552092886612,4.3401118017667075,4.45333194732666,844471,0.0,0.0
1999-04-09 00:00:00-04:00,4.415594543158695,4.528814369073659,4.340114151299312,4.377854347229004,755168,0.0,0.0
1999-04-12 00:00:00-04:00,4.453333912165273,4.566554107678679,4.264632951414566,4.415594100952148,892760,0.0,0.0
1999-04-13 00:00:00-04:00,4.491074913540418,4.717515726305519,4.226893901824951,4.226893901824951,2506820,0.0,0.0
1999-04-14 00:00:00-04:00,4.37785316964354,4.415593355421613,4.151412435912053,4.189152240753174,2093912,0.0,0.0
1999-04-15 00:00:00-04:00,4.302372932434082,4.302372932434082,4.189152000652161,4.302372932434082,899508,0.0,0.0
1999-04-16 00:00:00-04:00,4.3023726915754805,4.415592855145165,4.264631748199463,4.264631748199463,812984,0.0,0.0
1999-04-19 00:00:00-04:00,4.264632231372367,4.340112983865467,4.1136722501339795,4.189152240753174,1301832,0.0,0.0
1999-04-20 00:00:00-04:00,4.226893901824951,4.3023746806627665,4.189153702874586,4.226893901824951,569419,0.0,0.0
1999-04-21 00:00:00-04:00,4.226891888775023,4.3401124317050295,4.000451564788818,4.000451564788818,1712756,0.0,0.0
1999-04-22 00:00:00-04:00,4.189151151130734,4.642032881733504,4.038191209157901,4.491072177886963,2972913,0.0,0.0
1999-04-23 00:00:00-04:00,4.830734971438946,4.830734971438946,4.528813821446944,4.6042938232421875,1480702,0.0,0.0
1999-04-26 00:00:00-04:00,4.67977506506612,4.792994879642509,4.415594100952148,4.415594100952148,1140161,0.0,0.0
1999-04-27 00:00:00-04:00,4.491072908788404,5.359095573425293,4.415592925517967,5.359095573425293,3033242,0.0,0.0
1999-04-28 00:00:00-04:00,5.283615837575454,5.3213556405094895,4.906213998865759,4.943954944610596,2120372,0.0,0.0
1999-04-29 00:00:00-04:00,4.943954002793562,5.283614831053458,4.906213064238327,5.019433975219727,1107219,0.0,0.0
1999-04-30 00:00:00-04:00,5.019434145770807,5.2081342737163325,4.7552532809607,4.868473052978516,914590,0.0,0.0
1999-05-03 00:00:00-04:00,4.830733290502619,4.830733290502619,4.67977333944123,4.755253314971924,766282,0.0,0.0
1999-05-04 00:00:00-04:00,4.755254969643702,4.755254969643702,4.528813821446944,4.6042938232421875,1187922,0.0,0.0
1999-05-05 00:00:00-04:00,4.604294525318965,4.7175154976186295,4.5288145120143,4.642035484313965,483292,0.0,0.0
1999-05-06 00:00:00-04:00,4.679774537300742,4.75525453215169,4.5288134047879245,4.566553592681885,2067188,0.0,0.0
1999-05-07 00:00:00-04:00,4.6042933996388715,4.679774537300742,4.566553592681885,4.566553592681885,566509,0.0,0.0
1999-05-10 00:00:00-04:00,4.642034244787855,5.208135526690976,4.604293295870525,5.057175159454346,2247909,0.0,0.0
1999-05-11 00:00:00-04:00,5.208135526690976,5.283616281714739,5.019435353347912,5.057175159454346,1617632,0.0,0.0
1999-05-12 00:00:00-04:00,5.208133658662803,5.396834145260654,4.830732685467099,5.24587345123291,3062745,0.0,0.0
1999-05-13 00:00:00-04:00,5.396837269701159,5.962939438170264,5.359097455281995,5.434577465057373,2757397,0.0,0.0
1999-05-14 00:00:00-04:00,5.8874594283948865,5.8874594283948865,5.396837269701159,5.434577465057373,1498165,0.0,0.0
1999-05-17 00:00:00-04:00,5.434575508920339,5.698756400386741,5.170394617453938,5.3968353271484375,1172046,0.0,0.0
1999-05-18 00:00:00-04:00,5.359095573425293,5.510055539966166,5.283615590154856,5.359095573425293,543356,0.0,0.0
1999-05-19 00:00:00-04:00,5.434575020225497,5.585535733738222,5.170394152515108,5.321354866027832,861405,0.0,0.0
1999-05-20 00:00:00-04:00,5.547795491663629,5.623276233673096,5.396835150455393,5.623276233673096,1201946,0.0,0.0
1999-05-21 00:00:00-04:00,5.510055539966166,5.547795722069843,5.283615590154856,5.359095573425293,788905,0.0,0.0
1999-05-24 00:00:00-04:00,5.359095373980615,5.472315535141115,5.170394470484948,5.208134651184082,976374,0.0,0.0
1999-05-25 00:00:00-04:00,5.208135037448835,5.245874840010064,4.98169469833374,4.98169469833374,580532,0.0,0.0
1999-05-26 00:00:00-04:00,4.981695962341165,5.057175967552121,4.717514991760254,4.717514991760254,1313871,0.0,0.0
1999-05-27 00:00:00-04:00,4.755254275134109,4.755254275134109,4.604293150780616,4.679774284362793,613872,0.0,0.0
1999-05-28 00:00:00-04:00,4.755255201134318,4.830735206604004,4.6042940473838625,4.830735206604004,1321016,0.0,0.0
1999-06-01 00:00:00-04:00,4.755254217906388,4.906214197632273,4.679774228043446,4.792994022369385,508826,0.0,0.0
1999-06-02 00:00:00-04:00,4.755255694739495,4.868475524227959,4.604294525318965,4.642035484313965,1045170,0.0,0.0
1999-06-03 00:00:00-04:00,4.642034098508658,4.79299408005129,4.604293150780616,4.679774284362793,699735,0.0,0.0
1999-06-04 00:00:00-04:00,4.566553592681885,4.6042933996388715,4.453333409936977,4.566553592681885,1518672,0.0,0.0
1999-06-07 00:00:00-04:00,4.604294031601254,4.830735190045201,4.604294031601254,4.717514991760254,899111,0.0,0.0
1999-06-08 00:00:00-04:00,4.755253028681556,4.755253028681556,4.491072177886963,4.491072177886963,694443,0.0,0.0
1999-06-09 00:00:00-04:00,4.5288145120143,4.792995510923294,4.491074695830501,4.642035484313965,946474,0.0,0.0
1999-06-10 00:00:00-04:00,4.604293841045846,4.717514796519032,4.52881383895874,4.52881383895874,807559,0.0,0.0
1999-06-11 00:00:00-04:00,4.604291943898161,4.679773057695139,4.491072177886963,4.491072177886963,531978,0.0,0.0
1999-06-14 00:00:00-04:00,4.52881289131327,4.52881289131327,4.302372932434082,4.302372932434082,545738,0.0,0.0
1999-06-15 00:00:00-04:00,4.34011353581856,4.34011353581856,4.1514129638671875,4.1514129638671875,1133017,0.0,0.0
1999-06-16 00:00:00-04:00,4.226892964085535,4.377853726396234,4.1514129638671875,4.1514129638671875,1553202,0.0,0.0
1999-06-17 00:00:00-04:00,4.03819301684744,4.075932828766377,3.84949205256763,3.9249720573425293,3395083,0.0,0.0
1999-06-18 00:00:00-04:00,3.8872306105774115,4.0759311145587365,3.849490433593774,4.038191318511963,2074993,0.0,0.0
1999-06-21 00:00:00-04:00,4.075931545805251,4.075931545805251,3.924970821898576,4.000451564788818,1077716,0.0,0.0
1999-06-22 00:00:00-04:00,4.000453584122691,4.0381937841497155,3.9627130031585693,3.9627130031585693,705291,0.0,0.0
1999-06-23 00:00:00-04:00,4.000453584122691,4.000453584122691,3.9249728031315447,3.9627130031585693,775940,0.0,0.0
1999-06-24 00:00:00-04:00,3.9627110942840376,3.9627110942840376,3.8494909296792588,3.8872311115264893,707540,0.0,0.0
1999-06-25 00:00:00-04:00,3.9249713560988675,3.9249713560988675,3.7740113735198975,3.7740113735198975,845397,0.0,0.0
1999-06-28 00:00:00-04:00,3.8494909296792588,3.9627110942840376,3.8494909296792588,3.8872311115264893,1145453,0.0,0.0
1999-06-29 00:00:00-04:00,3.8872310121711107,3.8872310121711107,3.774010850460174,3.811750650405884,2479699,0.0,0.0
1999-06-30 00:00:00-04:00,3.8117518597116677,3.9627122501984915,3.8117518597116677,3.9249720573425293,1596200,0.0,0.0
1999-07-01 00:00:00-04:00,3.9249720573425293,3.9249720573425293,3.84949205256763,3.9249720573425293,896862,0.0,0.0
1999-07-02 00:00:00-04:00,3.8872317846038995,3.924971592048896,3.811751407839948,3.849491596221924,967245,0.0,0.0
1999-07-06 00:00:00-04:00,3.924971592048896,3.9627117804308716,3.811751407839948,3.849491596221924,1199300,0.0,0.0
1999-07-07 00:00:00-04:00,3.849491596221924,3.8872317846038995,3.811751407839948,3.849491596221924,611623,0.0,0.0
1999-07-08 00:00:00-04:00,3.887231550922603,3.887231550922603,3.7362711874066767,3.7740113735198975,1184879,0.0,0.0
1999-07-09 00:00:00-04:00,3.7740106061432974,3.7740106061432974,3.6985306302012964,3.7362704277038574,889718,0.0,0.0
1999-07-12 00:00:00-04:00,3.736271004062452,3.774011188323707,3.6230504512786865,3.6230504512786865,963541,0.0,0.0
1999-07-13 00:00:00-04:00,3.698531406666353,3.698531406666353,3.5098304748535156,3.5098304748535156,2703286,0.0,0.0
1999-07-14 00:00:00-04:00,3.547570225336786,4.264632231372367,3.472090234717592,4.189152240753174,7226623,0.0,0.0
1999-07-15 00:00:00-04:00,4.264632773726209,4.377853726396234,3.9249718204011397,4.1514129638671875,3822809,0.0,0.0
1999-07-16 00:00:00-04:00,4.0004512958430585,4.0004512958430585,3.7362704277038574,3.7362704277038574,2225551,0.0,0.0
1999-07-19 00:00:00-04:00,3.774010843336207,3.8872310048334255,3.623050120090713,3.6607906818389893,1981589,0.0,0.0
1999-07-20 00:00:00-04:00,3.660791699516967,3.660791699516967,3.585310935974121,3.585310935974121,941976,0.0,0.0
1999-07-21 00:00:00-04:00,3.623050120090713,3.8117506432106785,3.5853099392793397,3.6607906818389893,1058929,0.0,0.0
1999-07-22 00:00:00-04:00,3.6607912283033315,3.6985314147483686,3.4343504905700684,3.4343504905700684,1737364,0.0,0.0
1999-07-23 00:00:00-04:00,3.472089471270501,3.472089471270501,3.019207912919177,3.056948661804199,5760607,0.0,0.0
1999-07-26 00:00:00-04:00,3.132429620629156,3.170169617210699,2.8682486922159427,2.9437286853790283,3952727,0.0,0.0
1999-07-27 00:00:00-04:00,2.981468673191928,3.0946894244774996,2.9437286767213804,3.0192086696624756,1919276,0.0,0.0
1999-07-28 00:00:00-04:00,3.094689676443193,3.094689676443193,2.9437289163960405,2.981468915939331,2527724,0.0,0.0
1999-07-29 00:00:00-04:00,2.9437289163960405,2.981468915939331,2.9059889168527504,2.981468915939331,1866356,0.0,0.0
1999-07-30 00:00:00-04:00,2.9437286853790283,2.981468681960571,2.8682486922159427,2.9437286853790283,1169267,0.0,0.0
1999-08-02 00:00:00-04:00,2.981469170122217,2.981469170122217,2.7172889603282036,2.7550289630889893,1207105,0.0,0.0
1999-08-03 00:00:00-04:00,2.7172882596873587,2.755028252717053,2.4153673631074817,2.49084734916687,3322185,0.0,0.0
1999-08-04 00:00:00-04:00,2.4531080843724378,2.5285880928389934,2.339887309798519,2.41536808013916,2333375,0.0,0.0
1999-08-05 00:00:00-04:00,2.4153675900024245,2.566327576302089,2.3398868349786612,2.528587579727173,2264844,0.0,0.0
1999-08-06 00:00:00-04:00,2.490848088605716,2.5285880928389934,2.3776273140317965,2.41536808013916,1234888,0.0,0.0
1999-08-09 00:00:00-04:00,2.4153674148958846,2.4153674148958846,2.3398866653442383,2.3398866653442383,1064750,0.0,0.0
1999-08-10 00:00:00-04:00,2.377627103884842,2.415367866656482,2.3021469116210938,2.3021469116210938,1496181,0.0,0.0
1999-08-11 00:00:00-04:00,2.3398861192232823,2.3776261042537916,2.1889259886328207,2.22666597366333,1486523,0.0,0.0
1999-08-12 00:00:00-04:00,2.226666452510104,2.226666452510104,2.1134464730705096,2.151186466217041,2835189,0.0,0.0
1999-08-13 00:00:00-04:00,2.151186916348711,2.26440691947937,2.113446915305158,2.26440691947937,2037023,0.0,0.0
1999-08-16 00:00:00-04:00,2.4153669677346685,2.8305077754489893,2.339886232156906,2.6418070793151855,7541497,0.0,0.0
1999-08-17 00:00:00-04:00,2.7172880244121402,2.8682481739285617,2.6795472727763534,2.83050799369812,4464596,0.0,0.0
1999-08-18 00:00:00-04:00,2.8305084597918726,3.509830482523183,2.755028467838758,3.4343504905700684,9530627,0.0,0.0
1999-08-19 00:00:00-04:00,3.472090676280047,4.189152773507861,3.434350866639374,4.1514129638671875,18230808,0.0,0.0
1999-08-20 00:00:00-04:00,4.226893045312715,4.566554005164966,3.5475707446712024,3.585310935974121,17696713,0.0,0.0
1999-08-23 00:00:00-04:00,3.472090250982544,3.547570241955323,3.1701695252175206,3.3966102600097656,6417212,0.0,0.0
1999-08-24 00:00:00-04:00,3.4343502022034347,3.774011089815083,3.358870216588028,3.547569990158081,4560381,0.0,0.0
1999-08-25 00:00:00-04:00,3.585310466641692,3.585310466641692,3.3211295430406786,3.5098304748535156,1781684,0.0,0.0
1999-08-26 00:00:00-04:00,3.509830482523183,3.547570288031261,3.3588704986169535,3.4343504905700684,3163822,0.0,0.0
1999-08-27 00:00:00-04:00,3.3966100223719513,3.4343502056863926,3.2456492891141857,3.283389091491699,2461442,0.0,0.0
1999-08-30 00:00:00-04:00,3.3966102600097656,3.623050613865056,3.3211295071630778,3.3966102600097656,2682118,0.0,0.0
1999-08-31 00:00:00-04:00,3.5475704922478153,3.8494916202512988,3.4720904959496806,3.6985316276550293,3779017,0.0,0.0
1999-09-01 00:00:00-04:00,3.6985316045679797,4.000452349749826,3.6985316045679797,3.849491596221924,3120163,0.0,0.0
1999-09-02 00:00:00-04:00,3.811751431633741,3.887231808868857,3.6230508694829315,3.6985316276550293,2307180,0.0,0.0
1999-09-03 00:00:00-04:00,3.736271004062452,3.811750991648025,3.6230504512786865,3.6230504512786865,2194196,0.0,0.0
1999-09-07 00:00:00-04:00,3.6607912203037856,3.8494913902427053,3.4720902884909486,3.5098304748535156,2486049,0.0,0.0
1999-09-08 00:00:00-04:00,3.5098304369374107,3.7362711717296557,3.358870454991853,3.3966102600097656,4606686,0.0,0.0
1999-09-09 00:00:00-04:00,3.4343505010894466,3.472090306713121,3.245649568286272,3.321129560470581,3079812,0.0,0.0
1999-09-10 00:00:00-04:00,3.3588695301394087,3.3966093247658065,3.2079084469495704,3.2456486225128174,1816214,0.0,0.0
1999-09-13 00:00:00-04:00,3.2456486225128174,3.283388417139215,3.1324286672283503,3.2456486225128174,1717916,0.0,0.0
1999-09-14 00:00:00-04:00,3.1701695512630472,3.1701695512630472,3.09468936920166,3.09468936920166,1118200,0.0,0.0
1999-09-15 00:00:00-04:00,3.1701698659982713,3.245649865084852,2.9437289163960405,2.981468915939331,2740330,0.0,0.0
1999-09-16 00:00:00-04:00,3.0569494039508784,3.0569494039508784,2.7927684783935547,2.7927684783935547,1965581,0.0,0.0
1999-09-17 00:00:00-04:00,2.8682482259536153,2.981468197293209,2.830508045038632,2.9059882164001465,2062292,0.0,0.0
1999-09-20 00:00:00-04:00,2.8682486612091553,2.8682486612091553,2.7550284822199944,2.7927684783935547,2029879,0.0,0.0
1999-09-21 00:00:00-04:00,2.7172882578069504,2.7550282508105277,2.52858734044674,2.5663273334503174,3467186,0.0,0.0
1999-09-22 00:00:00-04:00,2.566326915142724,2.679547066167199,2.566326915142724,2.6418070793151855,1602947,0.0,0.0
1999-09-23 00:00:00-04:00,2.6795484412720882,2.7927692218051057,2.6795484412720882,2.7172892093658447,1633640,0.0,0.0
1999-09-24 00:00:00-04:00,2.6795473060534065,2.717288058157892,2.5663271448929073,2.604067325592041,1283575,0.0,0.0
1999-09-27 00:00:00-04:00,2.641807759920404,2.641807759920404,2.4908475831522567,2.528587579727173,989207,0.0,0.0
1999-09-28 00:00:00-04:00,2.4531080843724378,2.490848088605716,2.41536808013916,2.41536808013916,2073538,0.0,0.0
1999-09-29 00:00:00-04:00,2.415367866656482,2.415367866656482,2.1889269089282286,2.3021469116210938,4225530,0.0,0.0
1999-09-30 00:00:00-04:00,2.2644059586938394,2.3021459437243483,2.113446018571802,2.22666597366333,3255242,0.0,0.0
1999-10-01 00:00:00-04:00,2.2644066513603462,2.641807759920404,2.22666665478543,2.528587579727173,3442314,0.0,0.0
1999-10-04 00:00:00-04:00,2.604067311574845,2.641807301602381,2.302146248543862,2.377626419067383,2279132,0.0,0.0
1999-10-05 00:00:00-04:00,2.4153674148958846,2.4153674148958846,2.2266664933591134,2.3398866653442383,2896709,0.0,0.0
1999-10-06 00:00:00-04:00,2.339887309798519,2.41536808013916,2.1889271023968857,2.41536808013916,1933697,0.0,0.0
1999-10-07 00:00:00-04:00,2.415367866656482,2.415367866656482,2.3021469116210938,2.3021469116210938,1314004,0.0,0.0
1999-10-08 00:00:00-04:00,2.339887385927685,2.3776273913888493,2.113447162692174,2.188927173614502,6317457,0.0,0.0
1999-10-11 00:00:00-04:00,2.1889259886328207,2.22666597366333,2.1511860036023114,2.22666597366333,2313398,0.0,0.0
1999-10-12 00:00:00-04:00,2.1889264593635724,2.226666452510104,2.151186466217041,2.151186466217041,1687619,0.0,0.0
1999-10-13 00:00:00-04:00,2.151187437943951,2.188927448138269,2.113447427749634,2.113447427749634,1370760,0.0,0.0
1999-10-14 00:00:00-04:00,2.151187168153338,2.226667179075666,2.113447162692174,2.188927173614502,2162576,0.0,0.0
1999-10-15 00:00:00-04:00,2.151187437943951,2.188927448138269,2.113447427749634,2.113447427749634,1699658,0.0,0.0
1999-10-18 00:00:00-04:00,2.1511862126945993,2.1511862126945993,2.000225305557251,2.000225305557251,1949176,0.0,0.0
1999-10-19 00:00:00-04:00,2.0379660045753973,2.151186962476367,2.0379660045753973,2.075706958770752,1081817,0.0,0.0
1999-10-20 00:00:00-04:00,2.113446223995816,2.113446223995816,2.000225305557251,2.000225305557251,1683914,0.0,0.0
1999-10-21 00:00:00-04:00,2.0379648208618164,2.0757057531360594,1.9624848609973182,2.0379648208618164,1184879,0.0,0.0
1999-10-22 00:00:00-04:00,2.0379660045753973,2.075706958770752,2.0002260027225898,2.075706958770752,913267,0.0,0.0
1999-10-25 00:00:00-04:00,2.0379658045728517,2.0379658045728517,1.8115258156784473,1.8492658138275146,3381588,0.0,0.0
1999-10-26 00:00:00-04:00,1.887005811976582,1.9624858082747167,1.8492658138275146,1.8492658138275146,1122566,0.0,0.0
1999-10-27 00:00:00-04:00,1.924746026283815,2.0002260310587143,1.887006023896365,1.9624860286712646,724739,0.0,0.0
1999-10-28 00:00:00-04:00,2.0379657918514202,2.0757067421073536,1.8870058001974759,1.924745798110962,1516555,0.0,0.0
1999-10-29 00:00:00-04:00,1.9624860286712646,2.0002260310587143,1.887006023896365,1.9624860286712646,1252087,0.0,0.0
1999-11-01 00:00:00-05:00,1.9624856780494337,2.0002256736941764,1.8115256954704635,1.8870056867599487,2159798,0.0,0.0
1999-11-02 00:00:00-05:00,1.8870056867599487,1.9624856780494337,1.8115256954704635,1.8870056867599487,1922319,0.0,0.0
1999-11-03 00:00:00-05:00,1.8870054443030586,1.8870054443030586,1.7737854719161987,1.7737854719161987,2448212,0.0,0.0
1999-11-04 00:00:00-05:00,1.8870055722864567,1.8870055722864567,1.6983046531677246,1.6983046531677246,4085953,0.0,0.0
1999-11-05 00:00:00-05:00,1.7360446465230046,1.773785592220617,1.6605646598124446,1.6983046531677246,4509710,0.0,0.0
1999-11-08 00:00:00-05:00,1.7360445287783108,1.9247454350986786,1.7360445287783108,1.7737854719161987,4919576,0.0,0.0
1999-11-09 00:00:00-05:00,1.8115260191214655,1.9624860286712646,1.7737860167340156,1.9624860286712646,2931107,0.0,0.0
1999-11-10 00:00:00-05:00,1.9624855407084316,2.7172882578069504,1.9624855407084316,2.5663273334503174,23573611,0.0,0.0
1999-11-11 00:00:00-05:00,2.5663273902514256,2.755028311788197,2.264406487197999,2.3398866653442383,7958110,0.0,0.0
1999-11-12 00:00:00-05:00,2.3398871120349813,2.3776271130785345,2.075706914261605,2.26440691947937,4926058,0.0,0.0
1999-11-15 00:00:00-05:00,2.302146920522923,2.3398871120349813,2.113446915305158,2.26440691947937,2993949,0.0,0.0
1999-11-16 00:00:00-05:00,2.2644059586938394,2.3398861192232823,2.1889259886328207,2.22666597366333,2588317,0.0,0.0
1999-11-17 00:00:00-05:00,2.2266662684887906,2.604067311574845,2.1889262784612553,2.377626419067383,4665030,0.0,0.0
1999-11-18 00:00:00-05:00,2.4153671709687172,2.4908471510237886,2.339886429039847,2.377626419067383,3163028,0.0,0.0
1999-11-19 00:00:00-05:00,2.4153674148958846,2.4531074087347697,2.2266664933591134,2.3398866653442383,3228914,0.0,0.0
1999-11-22 00:00:00-05:00,2.3776266591831234,2.4153674148958846,2.302146481036884,2.3398866653442383,2145906,0.0,0.0
1999-11-23 00:00:00-05:00,2.3776261042537916,2.3776261042537916,2.1889259886328207,2.22666597366333,2787429,0.0,0.0
1999-11-24 00:00:00-05:00,2.2644059586938394,2.2644059586938394,2.113446018571802,2.22666597366333,2825399,0.0,0.0
1999-11-26 00:00:00-05:00,2.2644059586938394,2.2644059586938394,2.1889259886328207,2.22666597366333,732148,0.0,0.0
1999-11-29 00:00:00-05:00,2.2644066513603462,2.528587579727173,2.22666665478543,2.528587579727173,5389770,0.0,0.0
1999-11-30 00:00:00-05:00,2.4531074087347697,2.7172883179493117,2.3398866653442383,2.3398866653442383,5913281,0.0,0.0
1999-12-01 00:00:00-05:00,2.264406910723472,2.5285878693493475,2.264406910723472,2.3021469116210938,3066846,0.0,0.0
1999-12-02 00:00:00-05:00,2.377627103884842,2.377627103884842,2.264406910723472,2.3021469116210938,2039272,0.0,0.0
1999-12-03 00:00:00-05:00,2.3776271130785345,2.3776271130785345,2.26440691947937,2.26440691947937,2225154,0.0,0.0
1999-12-06 00:00:00-05:00,2.302146920522923,2.302146920522923,2.188926917392264,2.26440691947937,2210336,0.0,0.0
1999-12-07 00:00:00-05:00,2.2644059586938394,2.2644059586938394,2.113446018571802,2.22666597366333,1929860,0.0,0.0
1999-12-08 00:00:00-05:00,2.1889264593635724,2.1889264593635724,2.1134464730705096,2.151186466217041,2602076,0.0,0.0
1999-12-09 00:00:00-05:00,2.151187437943951,2.2644074685269038,2.113447427749634,2.113447427749634,2930445,0.0,0.0
1999-12-10 00:00:00-05:00,2.226667179075666,2.2644071845368297,2.113447162692174,2.188927173614502,3478167,0.0,0.0
1999-12-13 00:00:00-05:00,2.1889269643291747,2.226666966181982,2.075706958770752,2.075706958770752,2559740,0.0,0.0
1999-12-14 00:00:00-05:00,2.151187168153338,2.226667179075666,2.151187168153338,2.188927173614502,2343827,0.0,0.0
1999-12-15 00:00:00-05:00,2.2266674583325865,2.2644074685269038,2.113447427749634,2.113447427749634,2166809,0.0,0.0
1999-12-16 00:00:00-05:00,2.1889271023968857,2.490848088605716,2.151187098163608,2.41536808013916,1532960,0.0,0.0
1999-12-17 00:00:00-05:00,2.4531075865773406,2.7172885149441672,2.3776268315535773,2.528587579727173,10470487,0.0,0.0
1999-12-20 00:00:00-05:00,2.56632713107886,2.641807301602381,2.339886429039847,2.377626419067383,3103229,0.0,0.0
1999-12-21 00:00:00-05:00,2.3398866653442383,2.4531074087347697,2.302146481036884,2.3398866653442383,1965449,0.0,0.0
1999-12-22 00:00:00-05:00,2.3398866653442383,2.3776266591831234,2.264406487197999,2.3398866653442383,1915704,0.0,0.0
1999-12-23 00:00:00-05:00,2.302146920522923,2.3776271130785345,2.188926917392264,2.26440691947937,2750120,0.0,0.0
1999-12-27 00:00:00-05:00,2.3398861192232823,2.3398861192232823,2.1889259886328207,2.22666597366333,2839820,0.0,0.0
1999-12-28 00:00:00-05:00,2.264406445656635,2.3776266155646946,2.1134464730705096,2.151186466217041,3777694,0.0,0.0
1999-12-29 00:00:00-05:00,2.1511860036023114,2.22666597366333,2.113446018571802,2.22666597366333,3071874,0.0,0.0
1999-12-30 00:00:00-05:00,2.1889269089282286,2.3021469116210938,2.1889269089282286,2.3021469116210938,4388788,0.0,0.0
1999-12-31 00:00:00-05:00,2.3398868349786612,2.528587579727173,2.3021466479352624,2.528587579727173,5575519,0.0,0.0
2000-01-03 00:00:00-05:00,2.56632713107886,2.56632713107886,2.377626419067383,2.377626419067383,3257094,0.0,0.0
2000-01-04 00:00:00-05:00,2.3776264023381657,3.019208132976535,2.3398864125761722,2.83050799369812,10134577,0.0,0.0
2000-01-05 00:00:00-05:00,2.868247952769437,2.868247952769437,2.4908469414386962,2.6418070793151855,5218706,0.0,0.0
2000-01-06 00:00:00-05:00,2.7172889603282036,2.8305089686105602,2.604068190171791,2.7550289630889893,3265693,0.0,0.0
2000-01-07 00:00:00-05:00,2.7927684275427636,3.3966102600097656,2.7927684275427636,3.3966102600097656,12942909,0.0,0.0
2000-01-10 00:00:00-05:00,3.3211295937692675,3.3588705425822263,3.0192086696624756,3.0192086696624756,6563800,0.0,0.0
2000-01-11 00:00:00-05:00,2.9437286767213804,3.170169607887077,2.717288507429612,3.0192086696624756,5812733,0.0,0.0
2000-01-12 00:00:00-05:00,2.981469170122217,3.019209172883002,2.415367985899349,2.7550289630889893,5016551,0.0,0.0
2000-01-13 00:00:00-05:00,2.8682482095490736,2.9437281900104395,2.5663271448929073,2.604067325592041,3861837,0.0,0.0
2000-01-14 00:00:00-05:00,2.6418084350524578,2.8682494247128982,2.6040684288328273,2.7172892093658447,3905761,0.0,0.0
2000-01-18 00:00:00-05:00,2.943728624141928,3.1701695512630472,2.7550284546911787,3.09468936920166,5984591,0.0,0.0
2000-01-19 00:00:00-05:00,3.0569486216217006,4.038191318511963,3.0192078732327667,4.038191318511963,10122935,0.0,0.0
2000-01-20 00:00:00-05:00,3.8494908609571135,3.8494908609571135,3.207908923818626,3.358870029449463,11738582,0.0,0.0
2000-01-21 00:00:00-05:00,3.321129534448864,3.358870482587712,3.0192086157348363,3.09468936920166,4560778,0.0,0.0
2000-01-24 00:00:00-05:00,3.207909699907266,3.2456498902112214,2.86824893951416,2.86824893951416,4409956,0.0,0.0
2000-01-25 00:00:00-05:00,2.9437286472066337,3.3211295604705815,2.8682486550223243,3.321129560470581,4471475,0.0,0.0
2000-01-26 00:00:00-05:00,3.17016973679641,3.472090482711792,2.9814687944280713,3.472090482711792,3638912,0.0,0.0
2000-01-27 00:00:00-05:00,3.0946894001244383,3.245649575287159,2.7927684783935547,2.7927684783935547,4885574,0.0,0.0
2000-01-28 00:00:00-05:00,2.8682486837802847,3.0946894244774996,2.8305084968412553,3.0192086696624756,2849213,0.0,0.0
2000-01-31 00:00:00-05:00,2.98146893902053,2.98146893902053,2.7927687493747477,2.86824893951416,1684708,0.0,0.0
2000-02-01 00:00:00-05:00,2.8682481739285617,2.905988163690555,2.7550280141741337,2.83050799369812,2208087,0.0,0.0
2000-02-02 00:00:00-05:00,2.7927687493747477,2.86824893951416,2.7550287495392913,2.86824893951416,1715931,0.0,0.0
2000-02-03 00:00:00-05:00,2.8305077873943203,3.1324288262952025,2.792767800383036,3.056948661804199,4035018,0.0,0.0
2000-02-04 00:00:00-05:00,3.1324288262952025,3.170168813306487,2.943727938896608,3.056948661804199,2687013,0.0,0.0
2000-02-07 00:00:00-05:00,3.0569489527871117,3.321129077481147,3.0192082003096465,3.1701691150665283,3958548,0.0,0.0
2000-02-08 00:00:00-05:00,3.1701695512630472,3.358870482587712,3.0192086157348363,3.09468936920166,4029858,0.0,0.0
2000-02-09 00:00:00-05:00,3.0946894244774996,3.1324296114165295,2.9437286767213804,3.0192086696624756,2308238,0.0,0.0
2000-02-10 00:00:00-05:00,3.0192081877397405,3.0192081877397405,2.8682482259536153,2.9059882164001465,3250082,0.0,0.0
2000-02-11 00:00:00-05:00,2.9059889168527504,2.981468915939331,2.5663277781521505,2.981468915939331,3543788,0.0,0.0
2000-02-14 00:00:00-05:00,2.83050799369812,2.8682481739285617,2.7927680039361267,2.83050799369812,1948911,0.0,0.0
2000-02-15 00:00:00-05:00,2.7927692218051057,2.830509228024736,2.7172892093658447,2.7172892093658447,2244734,0.0,0.0
2000-02-16 00:00:00-05:00,2.7927692218051057,2.7927692218051057,2.7172892093658447,2.7172892093658447,1789490,0.0,0.0
2000-02-17 00:00:00-05:00,2.755029215585475,2.830509228024736,2.7172892093658447,2.7172892093658447,2305195,0.0,0.0
2000-02-18 00:00:00-05:00,2.7550280483885747,2.7550280483885747,2.604067325592041,2.604067325592041,2331523,0.0,0.0
2000-02-22 00:00:00-05:00,2.6040675169223593,2.7172882578069504,2.5663273334503174,2.5663273334503174,2160856,0.0,0.0
2000-02-23 00:00:00-05:00,2.604067325592041,2.604067325592041,2.4908471644315417,2.604067325592041,2369493,0.0,0.0
2000-02-24 00:00:00-05:00,2.52858734044674,2.6418075099259366,2.52858734044674,2.5663273334503174,2340519,0.0,0.0
2000-02-25 00:00:00-05:00,2.4908471510237886,2.56632713107886,2.377626419067383,2.377626419067383,3639176,0.0,0.0
2000-02-28 00:00:00-05:00,2.4153671709687172,2.4908471510237886,2.377626419067383,2.377626419067383,2523358,0.0,0.0
2000-02-29 00:00:00-05:00,2.453108213485774,2.8682494247128982,2.453108213485774,2.7172892093658447,4045469,0.0,0.0
2000-03-01 00:00:00-05:00,2.7172880244121402,2.83050799369812,2.604067293252367,2.83050799369812,3248759,0.0,0.0
2000-03-02 00:00:00-05:00,2.7550287495392913,2.86824893951416,2.7172887497038345,2.86824893951416,2663596,0.0,0.0
2000-03-03 00:00:00-05:00,2.943729437152159,2.943729437152159,2.6418084350524578,2.7172892093658447,2593874,0.0,0.0
2000-03-06 00:00:00-05:00,2.7927680545921008,3.09468893050661,2.717288073699038,2.9059882164001465,5920425,0.0,0.0
2000-03-07 00:00:00-05:00,2.86824916183986,2.943729167361431,2.6795481956933624,2.7550289630889893,2764409,0.0,0.0
2000-03-08 00:00:00-05:00,2.7550289630889893,2.8305089686105602,2.6795481956933624,2.7550289630889893,1728235,0.0,0.0
2000-03-09 00:00:00-05:00,2.755028308422973,3.6230504512786865,2.7172883146301867,3.6230504512786865,11335993,0.0,0.0
2000-03-10 00:00:00-05:00,3.3966103359468103,3.4720903286070737,3.132429599761963,3.132429599761963,6201563,0.0,0.0
2000-03-13 00:00:00-05:00,3.3211303849458615,4.377854347229004,3.245650374023534,4.377854347229004,24891716,0.0,0.0
2000-03-14 00:00:00-05:00,4.377853990677048,4.679775152587719,3.9249720573425293,3.9249720573425293,13904730,0.0,0.0
2000-03-15 00:00:00-05:00,4.189153026397238,4.189153026397238,3.84949205256763,3.9249720573425293,6341007,0.0,0.0
2000-03-16 00:00:00-05:00,4.491074011017827,4.642034776482332,4.226893052391952,4.6042938232421875,11648486,0.0,0.0
2000-03-17 00:00:00-05:00,4.52881383895874,4.792994798606137,3.6230511473543943,4.52881383895874,4903038,0.0,0.0
2000-03-20 00:00:00-05:00,4.528813150881928,4.566553336660001,4.075932064355906,4.189152240753174,3527647,0.0,0.0
2000-03-21 00:00:00-05:00,4.113672014359098,4.302372932434082,3.962711279899111,4.302372932434082,2766393,0.0,0.0
2000-03-22 00:00:00-05:00,4.377854030974803,5.132655990356805,4.302374025505117,4.830735206604004,8940702,0.0,0.0
2000-03-23 00:00:00-05:00,4.830733348956118,5.321354910058261,4.830733348956118,5.2836151123046875,8078238,0.0,0.0
2000-03-24 00:00:00-05:00,4.9816943288630835,5.321355193281482,4.9816943288630835,5.208134651184082,4497935,0.0,0.0
2000-03-27 00:00:00-05:00,5.208135037448835,5.245874840010064,4.906213950400493,4.98169469833374,2175541,0.0,0.0
2000-03-28 00:00:00-05:00,4.906215721348825,4.943956680343825,4.566554709135166,4.642035484313965,2876334,0.0,0.0
2000-03-29 00:00:00-05:00,4.642034098508658,4.679774284362793,4.226892435050128,4.679774284362793,3646585,0.0,0.0
2000-03-30 00:00:00-05:00,4.491073917192257,4.604293727051279,4.00045258249349,4.1514129638671875,4507064,0.0,0.0
2000-03-31 00:00:00-05:00,4.264631122117152,4.528811972911745,3.9249703003361414,4.491072177886963,5836547,0.0,0.0
2000-04-03 00:00:00-04:00,4.491073088635204,4.52881289131327,4.189152000652161,4.302372932434082,2472422,0.0,0.0
2000-04-04 00:00:00-04:00,4.264631787188056,4.377852713666661,3.5098300549280097,3.8872311115264893,5000808,0.0,0.0
2000-04-05 00:00:00-04:00,4.189153499800641,4.755255694739495,3.9249725008916463,4.642035484313965,7324790,0.0,0.0
2000-04-06 00:00:00-04:00,4.717514089279974,4.717514089279974,4.264632239967309,4.679774284362793,4509049,0.0,0.0
2000-04-07 00:00:00-04:00,4.75525453215169,4.75525453215169,4.5288134047879245,4.566553592681885,1943619,0.0,0.0
2000-04-10 00:00:00-04:00,4.52881263777794,4.604292619845427,4.226891947634175,4.264631748199463,2041918,0.0,0.0
2000-04-11 00:00:00-04:00,4.226891441556424,4.226891441556424,4.000451141528325,4.038191318511963,2144451,0.0,0.0
2000-04-12 00:00:00-04:00,4.038192295375485,4.113672286664971,3.7740113735198975,3.7740113735198975,2273708,0.0,0.0
2000-04-13 00:00:00-04:00,3.924969447515125,4.189150240908269,3.8117493251676464,4.075930118560791,2929387,0.0,0.0
2000-04-14 00:00:00-04:00,3.962711347756108,4.000451912954301,3.509830279431858,3.6230504512786865,3754674,0.0,0.0
2000-04-17 00:00:00-04:00,3.3211295071630778,3.623050613865056,3.3211295071630778,3.3966102600097656,2872365,0.0,0.0
2000-04-18 00:00:00-04:00,3.4343497620620953,3.8117504036458585,3.4343497620620953,3.7362704277038574,2105555,0.0,0.0
2000-04-19 00:00:00-04:00,3.774012657231833,4.226893901824951,3.6985326402681893,4.226893901824951,1704553,0.0,0.0
2000-04-20 00:00:00-04:00,3.8494905820852985,3.8872307605247385,3.7362704277038574,3.7362704277038574,1507823,0.0,0.0
2000-04-24 00:00:00-04:00,3.623050120090713,3.736270662524834,3.509829958593495,3.6607906818389893,1870325,0.0,0.0
2000-04-25 00:00:00-04:00,3.811752475245112,4.377854697626409,3.774012657231833,4.226893901824951,4703927,0.0,0.0
2000-04-26 00:00:00-04:00,4.302374183071654,4.302374183071654,4.075933015558521,4.113673210144043,2048930,0.0,0.0
2000-04-27 00:00:00-04:00,4.03819226765336,4.679774284362793,4.000452081799225,4.679774284362793,2559344,0.0,0.0
2000-04-28 00:00:00-04:00,4.491073917192257,4.52881372683293,4.075932582711838,4.1514129638671875,3991491,0.0,0.0
2000-05-01 00:00:00-04:00,4.18915333415448,4.340114116668701,4.113673323834423,4.340114116668701,1855243,0.0,0.0
2000-05-02 00:00:00-04:00,4.189151264572786,4.226891441556424,4.000451141528325,4.038191318511963,1528727,0.0,0.0
2000-05-03 00:00:00-04:00,4.000451141528325,4.0759311145587365,3.8872306105774115,4.038191318511963,1861990,0.0,0.0
2000-05-04 00:00:00-04:00,4.0381937841497155,4.075933603239644,3.9249728031315447,3.9627130031585693,808882,0.0,0.0
2000-05-05 00:00:00-04:00,3.9249728031315447,4.0381937841497155,3.9249728031315447,3.9627130031585693,637289,0.0,0.0
2000-05-08 00:00:00-04:00,3.8872322454235917,4.000452823991477,3.8872322454235917,3.9249720573425293,938404,0.0,0.0
2000-05-09 00:00:00-04:00,3.9249710610458965,3.9627112443220636,3.547569990158081,3.547569990158081,1913720,0.0,0.0
2000-05-10 00:00:00-04:00,3.5475706764983954,4.1514129638671875,3.2456499137510004,4.1514129638671875,1860932,0.0,0.0
2000-05-11 00:00:00-04:00,3.585310173434248,3.6985311041996765,3.5098301878188414,3.547569990158081,791816,0.0,0.0
2000-05-12 00:00:00-04:00,3.623050855669483,3.660791425080131,3.3966104867014364,3.472090482711792,1428840,0.0,0.0
2000-05-15 00:00:00-04:00,3.3966107413335442,3.585310935974121,3.3588709309676337,3.585310935974121,1605990,0.0,0.0
2000-05-16 00:00:00-04:00,3.547570241955323,3.6985313667117437,3.2833893212082113,3.3966102600097656,1717122,0.0,0.0
2000-05-17 00:00:00-04:00,3.321129581412621,3.3588705300851602,3.1135591254256934,3.132429599761963,2760836,0.0,0.0
2000-05-18 00:00:00-04:00,3.20790891520173,3.2456490962738376,3.094688943390766,3.1701691150665283,1682459,0.0,0.0
2000-05-19 00:00:00-04:00,3.09468941296335,3.2833893946140082,3.0569494166332185,3.132429599761963,939859,0.0,0.0
2000-05-22 00:00:00-04:00,3.1324296114165295,3.1324296114165295,2.7550285039001596,3.0192086696624756,2051708,0.0,0.0
2000-05-23 00:00:00-04:00,3.0192086696624756,3.056949428006952,2.7927685003707072,3.0192086696624756,1796899,0.0,0.0
2000-05-24 00:00:00-04:00,3.019208132976535,3.0569488846123214,2.7550280141741337,2.83050799369812,1552937,0.0,0.0
2000-05-25 00:00:00-04:00,2.9059881997797565,2.9437281900104395,2.604067325592041,2.604067325592041,1317708,0.0,0.0
2000-05-26 00:00:00-04:00,2.6795477279989517,2.7927684783935547,2.6040677356518316,2.7927684783935547,1244282,0.0,0.0
2000-05-30 00:00:00-04:00,2.86824893951416,2.9437289391850734,2.7550287495392913,2.86824893951416,1275504,0.0,0.0
2000-05-31 00:00:00-04:00,2.83050799369812,2.905988163690555,2.83050799369812,2.83050799369812,801473,0.0,0.0
2000-06-01 00:00:00-04:00,2.7927680386192577,2.8305080288499402,2.5663271448929073,2.604067325592041,2514758,0.0,0.0
2000-06-02 00:00:00-04:00,2.6795484412720882,2.8682494247128982,2.6795484412720882,2.7172892093658447,2700905,0.0,0.0
2000-06-05 00:00:00-04:00,2.7550289630889893,2.8305089686105602,2.7172889603282036,2.7550289630889893,2002228,0.0,0.0
2000-06-06 00:00:00-04:00,2.755029215585475,2.830509228024736,2.6040684288328273,2.7172892093658447,2225815,0.0,0.0
2000-06-07 00:00:00-04:00,2.679547066167199,2.717287814892948,2.5285869282907103,2.6418070793151855,2343827,0.0,0.0
2000-06-08 00:00:00-04:00,2.6795473060534065,2.6795473060534065,2.5663271448929073,2.604067325592041,1268889,0.0,0.0
2000-06-09 00:00:00-04:00,2.6418073158227235,2.717288058157892,2.5663271448929073,2.604067325592041,1692911,0.0,0.0
2000-06-12 00:00:00-04:00,2.604067325592041,2.7927680386192577,2.5663271448929073,2.604067325592041,1966375,0.0,0.0
2000-06-13 00:00:00-04:00,2.6795473060534065,2.6795473060534065,2.5663271448929073,2.604067325592041,1175486,0.0,0.0
2000-06-14 00:00:00-04:00,2.6418075099259366,2.6795475029295144,2.5663273334503174,2.5663273334503174,1724795,0.0,0.0
2000-06-15 00:00:00-04:00,2.566327336155212,2.604067519667032,2.4531073570251465,2.4531073570251465,1568284,0.0,0.0
2000-06-16 00:00:00-04:00,2.528587342196564,2.566327335226258,2.3776266082039283,2.49084734916687,2722073,0.0,0.0
2000-06-19 00:00:00-04:00,2.5663277980195125,2.9437289391850734,2.5663277980195125,2.86824893951416,4622165,0.0,0.0
2000-06-20 00:00:00-04:00,2.9059886887974855,3.170169617210699,2.8682486922159427,2.9437286853790283,4205817,0.0,0.0
2000-06-21 00:00:00-04:00,2.905988669438766,3.2456495887523578,2.868248673108634,3.132429599761963,3008105,0.0,0.0
2000-06-22 00:00:00-04:00,3.1324288262952025,3.245648787329056,3.019207912919177,3.056948661804199,1788431,0.0,0.0
2000-06-23 00:00:00-04:00,3.019208938855986,3.132429890704852,2.86824893951416,2.86824893951416,1036306,0.0,0.0
2000-06-26 00:00:00-04:00,3.0192081877397405,3.056948940060079,2.830508045038632,2.9059882164001465,1131694,0.0,0.0
2000-06-27 00:00:00-04:00,2.86824891730946,3.0569496768999027,2.86824891730946,2.981468915939331,1354752,0.0,0.0
2000-06-28 00:00:00-04:00,2.981468197293209,2.981468197293209,2.8682482259536153,2.9059882164001465,624721,0.0,0.0
2000-06-29 00:00:00-04:00,2.9059889393496166,2.9059889393496166,2.7927687493747477,2.86824893951416,662029,0.0,0.0
2000-06-30 00:00:00-04:00,2.8682486837802847,3.0192086696624756,2.7927685003707072,3.0192086696624756,1199696,0.0,0.0
2000-07-03 00:00:00-04:00,3.019208915482621,3.019208915482621,2.9059889168527504,2.981468915939331,290663,0.0,0.0
2000-07-05 00:00:00-04:00,2.9814681432145416,2.9814681432145416,2.7550280141741337,2.83050799369812,802796,0.0,0.0
2000-07-06 00:00:00-04:00,2.8305089686105602,2.86824916183986,2.7172889603282036,2.7550289630889893,650916,0.0,0.0
2000-07-07 00:00:00-04:00,2.755029215585475,2.830509228024736,2.6418084350524578,2.7172892093658447,914325,0.0,0.0
2000-07-10 00:00:00-04:00,2.7550278017449616,2.7927677885969757,2.6418070793151855,2.6418070793151855,560820,0.0,0.0
2000-07-11 00:00:00-04:00,2.830508505165917,3.132429620629156,2.7550285120028315,2.9437286853790283,2655129,0.0,0.0
2000-07-12 00:00:00-04:00,3.019207759601759,3.4343495003290534,2.9814677745069367,3.2456486225128174,4285065,0.0,0.0
2000-07-13 00:00:00-04:00,3.3211295071630778,3.472090250982544,3.2079093302354327,3.3966102600097656,2423207,0.0,0.0
2000-07-14 00:00:00-04:00,3.4343500016343738,3.4343500016343738,3.094688943390766,3.1701691150665283,1765676,0.0,0.0
2000-07-17 00:00:00-04:00,3.1324288262952025,3.170168813306487,2.943727938896608,3.056948661804199,2470967,0.0,0.0
2000-07-18 00:00:00-04:00,3.0192086696624756,3.056949428006952,2.9437286767213804,3.0192086696624756,1039349,0.0,0.0
2000-07-19 00:00:00-04:00,2.9437282068466777,2.981468197293209,2.9059882164001465,2.9059882164001465,640729,0.0,0.0
2000-07-20 00:00:00-04:00,2.8682481739285617,3.1324290546047564,2.83050799369812,2.83050799369812,4156072,0.0,0.0
2000-07-21 00:00:00-04:00,2.830508749210204,2.9059889393496166,2.7550287495392913,2.86824893951416,1888847,0.0,0.0
2000-07-24 00:00:00-04:00,2.9814681432145416,3.1324290546047564,2.7927680039361267,2.83050799369812,1458078,0.0,0.0
2000-07-25 00:00:00-04:00,2.830509228024736,2.8682494247128982,2.6418084350524578,2.7172892093658447,1963067,0.0,0.0
2000-07-26 00:00:00-04:00,2.6795473060534065,2.6795473060534065,2.4153671839701762,2.604067325592041,3513623,0.0,0.0
2000-07-27 00:00:00-04:00,2.5285880928389934,2.5663280970722715,2.41536808013916,2.41536808013916,1750594,0.0,0.0
2000-07-28 00:00:00-04:00,2.4153671709687172,2.4908471510237886,2.1511862884337196,2.377626419067383,4232542,0.0,0.0
2000-07-31 00:00:00-04:00,2.49084734916687,2.49084734916687,2.264406438646381,2.49084734916687,1485068,0.0,0.0
2000-08-01 00:00:00-04:00,2.4908473500685018,2.4908473500685018,2.3398866160212215,2.4531073570251465,1344433,0.0,0.0
2000-08-02 00:00:00-04:00,2.3776273140317965,2.41536808013916,2.3021471150967194,2.41536808013916,1200887,0.0,0.0
2000-08-03 00:00:00-04:00,2.26440691947937,2.302146920522923,2.188926917392264,2.26440691947937,2000508,0.0,0.0
2000-08-04 00:00:00-04:00,2.264406910723472,2.377627103884842,2.264406910723472,2.3021469116210938,1442467,0.0,0.0
2000-08-07 00:00:00-04:00,2.302146248543862,2.4908471510237886,2.302146248543862,2.377626419067383,1444848,0.0,0.0
2000-08-08 00:00:00-04:00,2.3398871120349813,2.4153678759961084,2.226666918435817,2.26440691947937,1829709,0.0,0.0
2000-08-09 00:00:00-04:00,2.3021464388031663,2.3021464388031663,2.151186466217041,2.151186466217041,1529785,0.0,0.0
2000-08-10 00:00:00-04:00,2.151187168153338,2.2644071845368297,2.151187168153338,2.188927173614502,827933,0.0,0.0
2000-08-11 00:00:00-04:00,2.22666597366333,2.2644059586938394,2.1511860036023114,2.22666597366333,948988,0.0,0.0
2000-08-14 00:00:00-04:00,2.226666918435817,2.302146920522923,2.226666918435817,2.26440691947937,695237,0.0,0.0
2000-08-15 00:00:00-04:00,2.3021464316760754,2.6040675187244173,2.264406438646381,2.49084734916687,2543468,0.0,0.0
2000-08-16 00:00:00-04:00,2.4153671839701762,2.604067325592041,2.4153671839701762,2.604067325592041,1161594,0.0,0.0
2000-08-17 00:00:00-04:00,2.566326915142724,2.679547066167199,2.566326915142724,2.6418070793151855,3171496,0.0,0.0
2000-08-18 00:00:00-04:00,2.6418076837232976,3.472090250982544,2.6418076837232976,3.3966102600097656,9325562,0.0,0.0
2000-08-21 00:00:00-04:00,3.321129274806141,3.3966100223719513,3.1324293105762533,3.283389091491699,4152103,0.0,0.0
2000-08-22 00:00:00-04:00,3.1701691150665283,3.2456490962738376,3.1701691150665283,3.1701691150665283,1917159,0.0,0.0
2000-08-23 00:00:00-04:00,3.094689676443193,3.132429866454981,2.830508727297672,2.981468915939331,1692117,0.0,0.0
2000-08-24 00:00:00-04:00,2.9814686432987885,3.396610314528812,2.9437286472066337,3.321129560470581,3970852,0.0,0.0
2000-08-25 00:00:00-04:00,3.2456492891141857,3.358870219994438,3.2079091057997444,3.283389091491699,1327763,0.0,0.0
2000-08-28 00:00:00-04:00,3.094688922010642,3.6985308626503626,3.094688922010642,3.6607906818389893,5279961,0.0,0.0
2000-08-29 00:00:00-04:00,3.585310267017431,3.887231360170535,3.509830279431858,3.6230504512786865,4537890,0.0,0.0
2000-08-30 00:00:00-04:00,3.6230506530042597,3.698531406666353,3.4720902884909486,3.5098304748535156,3552387,0.0,0.0
2000-08-31 00:00:00-04:00,3.547569990158081,3.774011089815083,3.4720900045426744,3.547569990158081,5694721,0.0,0.0
2000-09-01 00:00:00-04:00,3.5098306711854597,3.5853106671958153,3.3588706791647485,3.472090482711792,2129898,0.0,0.0
2000-09-05 00:00:00-04:00,3.509830279431858,3.774011188323707,3.39661010758503,3.6230504512786865,2660950,0.0,0.0
2000-09-06 00:00:00-04:00,3.585310173434248,3.623050356710415,3.3966100189272677,3.547569990158081,1665392,0.0,0.0
2000-09-07 00:00:00-04:00,3.5475702802791247,3.7362712120919617,3.4720902884909486,3.5098304748535156,2826722,0.0,0.0
2000-09-08 00:00:00-04:00,3.5098304748535156,3.6230506530042597,3.396610296702772,3.5098304748535156,2437892,0.0,0.0
2000-09-11 00:00:00-04:00,3.472090296078146,3.585310474476298,3.3966103041250313,3.4343504905700684,2716516,0.0,0.0
2000-09-12 00:00:00-04:00,3.47209026764147,3.47209026764147,3.170169540427845,3.207909345626831,1622395,0.0,0.0
2000-09-13 00:00:00-04:00,3.019207912919177,3.283388583871906,2.9814679259078924,3.056948661804199,3952992,0.0,0.0
2000-09-14 00:00:00-04:00,3.0569489527871117,3.321129077481147,3.0569489527871117,3.1701691150665283,1951954,0.0,0.0
2000-09-15 00:00:00-04:00,3.1701686523231727,3.3966093247658065,3.0569485065702806,3.2456486225128174,3068699,0.0,0.0
2000-09-18 00:00:00-04:00,3.245649568286272,3.5098304932737556,3.207909381725637,3.321129560470581,3422469,0.0,0.0
2000-09-19 00:00:00-04:00,3.283388905228685,3.396609829686039,3.2456491049921086,3.358870029449463,1827592,0.0,0.0
2000-09-20 00:00:00-04:00,3.39661010758503,3.6230504512786865,3.358870304260712,3.6230504512786865,5047245,0.0,0.0
2000-09-21 00:00:00-04:00,3.547570082756176,3.811750991648025,3.434350291846285,3.6230504512786865,10184851,0.0,0.0
2000-09-22 00:00:00-04:00,3.358870454991853,3.5853104279101893,3.3211295071630778,3.3966102600097656,2722602,0.0,0.0
2000-09-25 00:00:00-04:00,3.396609829686039,3.509829992269581,3.2456491049921086,3.358870029449463,3457264,0.0,0.0
2000-09-26 00:00:00-04:00,3.358870482587712,3.358870482587712,3.09468936920166,3.09468936920166,2420825,0.0,0.0
2000-09-27 00:00:00-04:00,3.170168813306487,3.283388583871906,2.9814679259078924,3.056948661804199,2095235,0.0,0.0
2000-09-28 00:00:00-04:00,3.0192083796960016,3.3966100223719513,2.9437283940040464,3.283389091491699,2137439,0.0,0.0
2000-09-29 00:00:00-04:00,3.3966100189272677,3.547569990158081,3.283389088161839,3.547569990158081,3510977,0.0,0.0
2000-10-02 00:00:00-04:00,3.5475702802791247,3.7362712120919617,3.4343504830653395,3.5098304748535156,5248209,0.0,0.0
2000-10-03 00:00:00-04:00,3.509829992269581,3.547569792506158,3.3211290864021676,3.358870029449463,2016517,0.0,0.0
2000-10-04 00:00:00-04:00,3.396610499651546,3.774011623953164,3.1701697488831786,3.6985316276550293,7051193,0.0,0.0
2000-10-05 00:00:00-04:00,3.6985308788492754,4.113671726781921,3.5853099549823644,4.000451564788818,10347051,0.0,0.0
2000-10-06 00:00:00-04:00,4.000452374721531,4.113672559637224,3.660791439037471,3.6985316276550293,5314756,0.0,0.0
2000-10-09 00:00:00-04:00,3.7362704277038574,3.8494905820852985,3.623049892385538,3.7362704277038574,2345679,0.0,0.0
2000-10-10 00:00:00-04:00,3.887231360170535,4.000451912954301,3.547570082756176,3.6230504512786865,5341480,0.0,0.0
2000-10-11 00:00:00-04:00,3.472090306713121,3.5475702988974303,3.170169576101963,3.321129560470581,3432259,0.0,0.0
2000-10-12 00:00:00-04:00,3.321129077481147,3.472089801769576,3.094688943390766,3.1701691150665283,2827780,0.0,0.0
2000-10-13 00:00:00-04:00,3.170169123582049,3.434350010859522,3.170169123582049,3.358870029449463,2257170,0.0,0.0
2000-10-16 00:00:00-04:00,3.358870454991853,3.5098304369374107,3.2833893212082113,3.3966102600097656,1686825,0.0,0.0
2000-10-17 00:00:00-04:00,3.396610276306542,3.47209026764147,3.132429544760381,3.207909345626831,1330409,0.0,0.0
2000-10-18 00:00:00-04:00,3.1324296114165295,3.283389406830238,2.8682486837802847,3.0192086696624756,2644677,0.0,0.0
2000-10-19 00:00:00-04:00,3.09468941296335,3.2456495887523578,3.019208658429161,3.132429599761963,2579850,0.0,0.0
2000-10-20 00:00:00-04:00,3.094688943390766,3.1701691150665283,2.9814682097059917,3.1701691150665283,3692228,0.0,0.0
2000-10-23 00:00:00-04:00,3.2456491049921086,3.396609829686039,3.207908923818626,3.358870029449463,3926796,0.0,0.0
2000-10-24 00:00:00-04:00,3.3588704986169535,3.585310474476298,3.3211295502979974,3.4343504905700684,3357509,0.0,0.0
2000-10-25 00:00:00-04:00,3.358870691970969,3.736271435335606,3.358870691970969,3.6985316276550293,5264217,0.0,0.0
2000-10-26 00:00:00-04:00,3.660791016476879,3.698531200738134,3.358870304260712,3.6230504512786865,3836171,0.0,0.0
2000-10-27 00:00:00-04:00,3.6230504512786865,3.84949117590928,3.509830279431858,3.6230504512786865,3902453,0.0,0.0
2000-10-30 00:00:00-05:00,3.547569990158081,3.547569990158081,3.4343502022034347,3.547569990158081,1411376,0.0,0.0
2000-10-31 00:00:00-05:00,3.547570082756176,3.660791016476879,3.39661010758503,3.6230504512786865,1768586,0.0,0.0
2000-11-01 00:00:00-05:00,3.5098306711854597,3.5475704787221476,3.434350675175104,3.472090482711792,1286353,0.0,0.0
2000-11-02 00:00:00-05:00,3.623050120090713,3.774010843336207,3.547569758467966,3.6607906818389893,4307556,0.0,0.0
2000-11-03 00:00:00-05:00,3.62305112727704,3.660791699516967,3.509830934305292,3.585310935974121,1485597,0.0,0.0
2000-11-06 00:00:00-05:00,3.5475707446712024,3.736271701185796,3.509830934305292,3.585310935974121,2335227,0.0,0.0
2000-11-07 00:00:00-05:00,3.5475702802791247,3.585310466641692,3.396610296702772,3.5098304748535156,1565241,0.0,0.0
2000-11-08 00:00:00-05:00,3.585310267017431,3.6230504512786865,3.434350291846285,3.6230504512786865,1633640,0.0,0.0
2000-11-09 00:00:00-05:00,3.5475704787221476,3.623050855669483,3.3588706791647485,3.472090482711792,2739801,0.0,0.0
2000-11-10 00:00:00-05:00,3.396609829686039,3.4720898110960987,3.3211290864021676,3.358870029449463,1214249,0.0,0.0
2000-11-13 00:00:00-05:00,3.2833893946140082,3.2833893946140082,3.0569494166332185,3.132429599761963,2202001,0.0,0.0
2000-11-14 00:00:00-05:00,3.2079084469495704,3.321128592702462,3.1701686523231727,3.2456486225128174,1565903,0.0,0.0
2000-11-15 00:00:00-05:00,3.2833893212082113,3.3966102600097656,3.245649516190299,3.3966102600097656,2515288,0.0,0.0
2000-11-16 00:00:00-05:00,3.3211290864021676,3.358870029449463,3.2456491049921086,3.358870029449463,1133811,0.0,0.0
2000-11-17 00:00:00-05:00,3.3211290864021676,3.358870029449463,3.207908923818626,3.358870029449463,1628878,0.0,0.0
2000-11-20 00:00:00-05:00,3.3211295502979974,3.509830482523183,3.2833893638529603,3.4343504905700684,2699317,0.0,0.0
2000-11-21 00:00:00-05:00,3.358870029449463,3.434350010859522,3.283388905228685,3.358870029449463,2659098,0.0,0.0
2000-11-22 00:00:00-05:00,3.321128592702462,3.321128592702462,3.0569485065702806,3.2456486225128174,1657190,0.0,0.0
2000-11-24 00:00:00-05:00,3.2456486225128174,3.2456486225128174,3.1701686523231727,3.2456486225128174,319901,0.0,0.0
2000-11-27 00:00:00-05:00,3.245648787329056,3.283388583871906,2.868247964874039,3.056948661804199,1783536,0.0,0.0
2000-11-28 00:00:00-05:00,2.981468399300457,3.0192083923040345,2.4153673614360076,2.5663273334503174,2467924,0.0,0.0
2000-11-29 00:00:00-05:00,2.4908484820355663,2.5663285024242013,1.9624864346296063,2.113447427749634,4290886,0.0,0.0
2000-11-30 00:00:00-05:00,2.0757069881761745,2.188926995338524,1.8492660215089152,1.9624860286712646,2985482,0.0,0.0
2000-12-01 00:00:00-05:00,2.000225305557251,2.188926201393383,1.8870053394609008,2.000225305557251,4011733,0.0,0.0
2000-12-04 00:00:00-05:00,2.037966096534387,2.075707052432724,1.3586441278457642,1.3586441278457642,9472151,0.0,0.0
2000-12-05 00:00:00-05:00,1.434124587434618,1.585084654299248,1.3963837374189296,1.509604573249817,7529325,0.0,0.0
2000-12-06 00:00:00-05:00,1.5096046963012586,1.5850847835032496,1.3963838512414728,1.4718647003173828,3788940,0.0,0.0
2000-12-07 00:00:00-05:00,1.5096046963012586,1.5473446922851342,1.3963838512414728,1.4718647003173828,2155829,0.0,0.0
2000-12-08 00:00:00-05:00,1.5850847756315236,1.5850847756315236,1.3963838443068588,1.54734468460083,2955847,0.0,0.0
2000-12-11 00:00:00-05:00,1.5850850524542062,2.0002260310587143,1.5473449548325002,1.9624860286712646,3379604,0.0,0.0
2000-12-12 00:00:00-05:00,1.9624860008697824,2.302146969887597,1.8492659953113597,2.075706958770752,3026495,0.0,0.0
2000-12-13 00:00:00-05:00,2.0379654074855384,2.113446341419046,1.7737854719161987,1.7737854719161987,2315515,0.0,0.0
2000-12-14 00:00:00-05:00,1.773785592220617,1.773785592220617,1.6983046531677246,1.6983046531677246,1299054,0.0,0.0
2000-12-15 00:00:00-05:00,1.6983047763274453,1.7360447724195998,1.622824784143136,1.6605647802352905,2182024,0.0,0.0
2000-12-18 00:00:00-05:00,1.698304529344228,1.736044519947883,1.547344471695383,1.5850845575332642,1742391,0.0,0.0
2000-12-19 00:00:00-05:00,1.5096046963012586,1.6228247794871251,1.3963838512414728,1.4718647003173828,2366053,0.0,0.0
2000-12-20 00:00:00-05:00,1.43412473548062,1.43412473548062,1.3209038879618413,1.3963838815689087,3202851,0.0,0.0
2000-12-21 00:00:00-05:00,1.4718644904880738,1.6228245481369188,1.4341244998844191,1.5850845575332642,2966431,0.0,0.0
2000-12-22 00:00:00-05:00,1.6228246664571648,1.773785592220617,1.5473445845123717,1.6983046531677246,3424718,0.0,0.0
2000-12-26 00:00:00-05:00,1.660564640114447,1.736044625929646,1.434124587434618,1.509604573249817,1946265,0.0,0.0
2000-12-27 00:00:00-05:00,1.509604574862187,1.5473445678100954,1.396383738910371,1.4341245889663696,1928273,0.0,0.0
2000-12-28 00:00:00-05:00,1.434124587434618,1.5473445661574166,1.434124587434618,1.509604573249817,2904382,0.0,0.0
2000-12-29 00:00:00-05:00,1.5096046963012586,1.5850847835032496,1.4341247043335072,1.4718647003173828,3260666,0.0,0.0
2001-01-02 00:00:00-05:00,1.547344725891221,1.547344725891221,1.3963838815689087,1.3963838815689087,930069,0.0,0.0
2001-01-03 00:00:00-05:00,1.4341246044465321,1.6983046531677246,1.396383753983153,1.6983046531677246,2229387,0.0,0.0
2001-01-04 00:00:00-05:00,1.8492660215089152,2.0379660334461644,1.7737860167340156,1.9624860286712646,4418026,0.0,0.0
2001-01-05 00:00:00-05:00,1.9624860286712646,2.0002260310587143,1.8115260191214655,1.9624860286712646,1588791,0.0,0.0
2001-01-08 00:00:00-05:00,1.9624860286712646,2.0002260310587143,1.887006023896365,1.9624860286712646,1123492,0.0,0.0
2001-01-09 00:00:00-05:00,1.9624855481420573,2.1889264593635724,1.924745554995526,2.151186466217041,1914513,0.0,0.0
2001-01-10 00:00:00-05:00,2.1511869080306067,2.3021469116210938,2.0379659529952185,2.3021469116210938,1941635,0.0,0.0
2001-01-11 00:00:00-05:00,2.2266662684887906,2.377626419067383,2.1511862884337196,2.377626419067383,2072612,0.0,0.0
2001-01-12 00:00:00-05:00,2.3021469116210938,2.377627103884842,2.1889269089282286,2.3021469116210938,970421,0.0,0.0
2001-01-16 00:00:00-05:00,2.2266669098258505,2.33988710298722,2.2266669098258505,2.3021469116210938,505254,0.0,0.0
2001-01-17 00:00:00-05:00,2.3021469116210938,2.377627103884842,2.264406910723472,2.3021469116210938,1068323,0.0,0.0
2001-01-18 00:00:00-05:00,2.3398866653442383,2.3776266591831234,2.2266664933591134,2.3398866653442383,1929728,0.0,0.0
2001-01-19 00:00:00-05:00,2.453106836188508,2.453106836188508,2.1511860036023114,2.22666597366333,6153935,0.0,0.0
2001-01-22 00:00:00-05:00,2.226666081132431,2.6418070793151855,2.151186107428403,2.6418070793151855,3799656,0.0,0.0
2001-01-23 00:00:00-05:00,2.6040677638027296,2.981468681960571,2.4908475835896184,2.9437286853790283,3253257,0.0,0.0
2001-01-24 00:00:00-05:00,2.9437286657688975,3.2833893946140082,2.868248673108634,3.132429599761963,5411202,0.0,0.0
2001-01-25 00:00:00-05:00,3.1324291114215934,3.1324291114215934,2.830508045038632,2.9059882164001465,4696385,0.0,0.0
2001-01-26 00:00:00-05:00,2.8682484222746,2.9059884153042943,2.453107356137176,2.49084734916687,4706573,0.0,0.0
2001-01-29 00:00:00-05:00,2.487829293482519,2.7414427143027718,2.463675026671466,2.7172892093658447,2487769,0.0,0.0
2001-01-30 00:00:00-05:00,2.777672006918881,2.9286327464130086,2.6629419896593824,2.886363983154297,2587788,0.0,0.0
2001-01-31 00:00:00-05:00,2.9467479669040686,3.254706700393212,2.9286325120024963,3.1882846355438232,5709936,0.0,0.0
2001-02-01 00:00:00-05:00,3.1279001166957294,3.5868199418653095,2.9829780064942466,3.073554515838623,1808541,0.0,0.0
2001-02-02 00:00:00-05:00,3.019208356513162,3.1701692790802456,2.7776718708418326,2.8380560874938965,1839896,0.0,0.0
2001-02-05 00:00:00-05:00,2.7655951275339405,3.0010937714626653,2.6629419555128035,2.8984405994415283,999923,0.0,0.0
2001-02-06 00:00:00-05:00,2.9527867899290037,2.9890177093332886,2.747480214812628,2.7655956745147705,887865,0.0,0.0
2001-02-07 00:00:00-05:00,2.7655953252696213,2.7655953252696213,2.505943356178746,2.6327500343322754,2582893,0.0,0.0
2001-02-08 00:00:00-05:00,2.6327504831116126,2.6991735208397403,2.5663280167890314,2.5904815196990967,1007200,0.0,0.0
2001-02-09 00:00:00-05:00,2.560288933586263,2.5663275462923365,2.4455589110719904,2.53613543510437,1430692,0.0,0.0
2001-02-12 00:00:00-05:00,2.505943326727316,2.982978493563794,2.505943326727316,2.934670925140381,2179775,0.0,0.0
2001-02-13 00:00:00-05:00,3.049400456326528,3.1399769715202335,2.98901700171688,3.0312857627868652,3455279,0.0,0.0
2001-02-14 00:00:00-05:00,3.0192085704459797,3.0192085704459797,2.7837106802215867,2.95882511138916,987620,0.0,0.0
2001-02-15 00:00:00-05:00,2.92863266139034,3.176207954604928,2.92863266139034,3.158092498779297,2802908,0.0,0.0
2001-02-16 00:00:00-05:00,2.9890180686254064,3.0192094257698945,2.928633640119661,3.0071327686309814,1121772,0.0,0.0
2001-02-20 00:00:00-05:00,2.8682494247128982,3.0071327923572224,2.687097090109021,2.7172892093658447,1602021,0.0,0.0
2001-02-21 00:00:00-05:00,2.6569042256708713,2.7716342548932773,2.5180201251488703,2.6025586128234863,2053164,0.0,0.0
2001-02-22 00:00:00-05:00,2.5421745896913763,2.7172888587881543,2.505943670320547,2.6267123222351074,1101927,0.0,0.0
2001-02-23 00:00:00-05:00,2.5663271729506825,2.6870959810704216,2.51198157118686,2.5965194702148438,816820,0.0,0.0
2001-02-26 00:00:00-05:00,2.632750325196273,2.7172888183561374,2.5844433222736516,2.7052114009857178,807692,0.0,0.0
2001-02-27 00:00:00-05:00,2.6569045574272243,2.6629425998348384,2.5904815196990967,2.5904815196990967,358665,0.0,0.0
2001-02-28 00:00:00-05:00,2.5904811519490205,2.6448275257412495,2.4153676616878474,2.4878287315368652,1802323,0.0,0.0
2001-03-01 00:00:00-05:00,2.457635169322122,2.457635169322122,1.9624846269784095,2.3247897624969482,4059229,0.0,0.0
2001-03-02 00:00:00-05:00,2.2040223486357546,2.5059432626675577,2.095331131952606,2.35498309135437,2886125,0.0,0.0
2001-03-05 00:00:00-05:00,2.4032893421229717,2.451597088633217,2.264406047036364,2.294598340988159,658060,0.0,0.0
2001-03-06 00:00:00-05:00,2.4455589748627276,2.5421743045898064,2.4153676247611626,2.4999053478240967,1747551,0.0,0.0
2001-03-07 00:00:00-05:00,2.50594392230889,2.6689815521240234,2.475751613442844,2.6689815521240234,1354884,0.0,0.0
2001-03-08 00:00:00-05:00,2.6327499130766294,2.6569039821624756,2.505943240763391,2.6569039821624756,1021356,0.0,0.0
2001-03-09 00:00:00-05:00,2.53613543510437,2.5663275462923365,2.475751022259957,2.53613543510437,1347608,0.0,0.0
2001-03-12 00:00:00-05:00,2.536136066285059,2.536136066285059,2.403290553527609,2.4757516384124756,1849554,0.0,0.0
2001-03-13 00:00:00-05:00,2.44555828699968,2.4636737395581303,2.264406047036364,2.294598340988159,2308635,0.0,0.0
2001-03-14 00:00:00-05:00,2.173828908427472,2.433480922215758,2.173828908427472,2.3247897624969482,1093195,0.0,0.0
2001-03-15 00:00:00-05:00,2.3549828899593925,2.560288652056681,2.3549828899593925,2.493866205215454,1708390,0.0,0.0
2001-03-16 00:00:00-05:00,2.524059280890193,2.536135937288215,2.41536804002837,2.4274446964263916,1261481,0.0,0.0
2001-03-19 00:00:00-05:00,2.3851752527520667,2.596519632602723,2.36102099439952,2.5663273334503174,1385975,0.0,0.0
2001-03-20 00:00:00-05:00,2.554250829856078,2.596519784486117,2.35498309135437,2.35498309135437,905594,0.0,0.0
2001-03-21 00:00:00-05:00,2.3549831275450903,2.4455588888816897,2.3368676705282048,2.397252082824707,1206444,0.0,0.0
2001-03-22 00:00:00-05:00,2.3972526190699974,2.4455594359328097,2.3549836543351685,2.41536808013916,1451331,0.0,0.0
2001-03-23 00:00:00-05:00,2.4455591036860533,2.5542510934603557,2.4455591036860533,2.5482122898101807,753449,0.0,0.0
2001-03-26 00:00:00-05:00,2.5663275462923365,2.5965198479487834,2.475751022259957,2.53613543510437,615857,0.0,0.0
2001-03-27 00:00:00-05:00,2.560288566912036,2.675018382526685,2.5059429650253358,2.650865077972412,937081,0.0,0.0
2001-03-28 00:00:00-05:00,2.6267118827663007,2.6267118827663007,2.5240587077118093,2.6146352291107178,866697,0.0,0.0
2001-03-29 00:00:00-05:00,2.6508656349045827,2.8561720047133377,2.6206733312289194,2.75351881980896,1527271,0.0,0.0
2001-03-30 00:00:00-05:00,2.693134089360406,2.8742871284484863,2.6569039386671207,2.8742871284484863,1175353,0.0,0.0
2001-04-02 00:00:00-04:00,2.838056190137096,2.8984405994415283,2.6267118051481644,2.8984405994415283,1256056,0.0,0.0
2001-04-03 00:00:00-04:00,2.868248627376703,2.868248627376703,2.415367535825061,2.560288906097412,1387959,0.0,0.0
2001-04-04 00:00:00-04:00,2.5361340439460105,2.5542494911903133,2.2644053827754824,2.3247897624969482,2910865,0.0,0.0
2001-04-05 00:00:00-04:00,2.3851755492507567,2.493866582618818,2.3610212878956185,2.4878287315368652,1553467,0.0,0.0
2001-04-06 00:00:00-04:00,2.4455594359328097,2.469713701472562,2.373099115404331,2.41536808013916,812454,0.0,0.0
2001-04-09 00:00:00-04:00,2.415366867499943,2.4757503106457133,2.4093280660611445,2.4395203590393066,588470,0.0,0.0
2001-04-10 00:00:00-04:00,2.5965199810181194,2.874287418182744,2.5965199810181194,2.8199410438537598,3577524,0.0,0.0
2001-04-11 00:00:00-04:00,2.8380563246111192,2.9286328476252694,2.777672102914005,2.892401933670044,3061290,0.0,0.0
2001-04-12 00:00:00-04:00,2.8984406635424924,3.0373239889997667,2.8380562529026183,3.02524733543396,3990036,0.0,0.0
2001-04-16 00:00:00-04:00,3.001093184873139,3.1822454250363226,2.982977732294702,3.1641299724578857,3204571,0.0,0.0
2001-04-17 00:00:00-04:00,3.115823779978352,3.200361305214442,3.0252472614673525,3.049400568008423,2348590,0.0,0.0
2001-04-18 00:00:00-04:00,3.0856316782167967,3.3694373338312786,3.0494007637373284,3.224515199661255,4745998,0.0,0.0
2001-04-19 00:00:00-04:00,3.2003613377354623,3.2486683322454204,3.1097850087725254,3.2426304817199707,2103702,0.0,0.0
2001-04-20 00:00:00-04:00,3.23659149567758,3.2728224082813453,3.0494006058674663,3.0916695594787598,1030352,0.0,0.0
2001-04-23 00:00:00-04:00,3.0916695587399676,3.1037469740314365,3.0192084954236376,3.0373239517211914,1624379,0.0,0.0
2001-04-24 00:00:00-04:00,3.0554394455908787,3.1097850532779323,2.9588250742513327,3.0795929431915283,1473822,0.0,0.0
2001-04-25 00:00:00-04:00,3.079593471622501,3.1701700078923185,3.0494011658868914,3.15205454826355,771838,0.0,0.0
2001-04-26 00:00:00-04:00,3.133939067257646,3.158093140243582,3.0312864474552232,3.0554399490356445,908372,0.0,0.0
2001-04-27 00:00:00-04:00,3.079592867824402,3.152053930258426,3.0192084586609127,3.049400568008423,1179719,0.0,0.0
2001-04-30 00:00:00-04:00,3.0494003014262017,3.212437868118286,3.0494003014262017,3.212437868118286,1026780,0.0,0.0
2001-05-01 00:00:00-04:00,3.1882849373863884,3.315091609954834,3.1037470286951083,3.315091609954834,2384708,0.0,0.0
2001-05-02 00:00:00-04:00,3.2607460277925324,3.3211294868904297,3.2003614258837785,3.2365915775299072,1208693,0.0,0.0
2001-05-03 00:00:00-04:00,3.206399720284049,3.278860786868779,3.1701695679286437,3.254707098007202,606860,0.0,0.0
2001-05-04 00:00:00-04:00,3.224515003730052,3.224515003730052,3.1097849878167896,3.2184767723083496,537403,0.0,0.0
2001-05-07 00:00:00-04:00,3.188284853325961,3.2607459160080214,3.139977097267648,3.2184767723083496,946077,0.0,0.0
2001-05-08 00:00:00-04:00,3.20639891738123,3.218476139724764,3.1218610275345413,3.1641299724578857,397562,0.0,0.0
2001-05-09 00:00:00-04:00,3.1218612783194346,3.1399767323531194,3.0252469202417296,3.0856311321258545,508297,0.0,0.0
2001-05-10 00:00:00-04:00,3.091669521094937,3.1037469362393475,2.9950549616513737,3.049400568008423,1158948,0.0,0.0
2001-05-11 00:00:00-04:00,3.0494009118571554,3.0494009118571554,2.989017448227205,3.001094102859497,819995,0.0,0.0
2001-05-14 00:00:00-04:00,2.995055337794643,3.0192088378375743,2.958825373432986,2.9890174865722656,717860,0.0,0.0
2001-05-15 00:00:00-04:00,2.9648629142936427,3.0192085217869575,2.9648629142936427,3.0131704807281494,356549,0.0,0.0
2001-05-16 00:00:00-04:00,3.001093507656607,3.1701691150665283,2.9890168554194614,3.1701691150665283,1209884,0.0,0.0
2001-05-17 00:00:00-04:00,3.0795925561601187,3.1520536112608606,3.0494002593996936,3.073554515838623,1120184,0.0,0.0
2001-05-18 00:00:00-04:00,3.0614780614970747,3.079592755036738,3.01920834808478,3.0312857627868652,412247,0.0,0.0
2001-05-21 00:00:00-04:00,3.031285947990229,3.0795929431915283,2.9588250742513327,3.0795929431915283,701455,0.0,0.0
2001-05-22 00:00:00-04:00,3.049401131928325,3.0916700928315572,2.9588255490097017,2.97090220451355,1092269,0.0,0.0
2001-05-23 00:00:00-04:00,2.9709018931469324,2.9829785473850814,2.9346709780900646,2.9407095909118652,571536,0.0,0.0
2001-05-24 00:00:00-04:00,2.95882511138916,2.95882511138916,2.8682485895245993,2.95882511138916,409998,0.0,0.0
2001-05-25 00:00:00-04:00,2.9709018931469324,2.9829785473850814,2.898440824907133,2.9407095909118652,307730,0.0,0.0
2001-05-29 00:00:00-04:00,2.8984415439697213,2.9588259729518995,2.687097090109021,2.7172892093658447,700264,0.0,0.0
2001-05-30 00:00:00-04:00,2.6870965836188985,2.6870965836188985,2.524058979894436,2.5482122898101807,1526345,0.0,0.0
2001-05-31 00:00:00-04:00,2.566327696342585,2.662942267324541,2.548212238102135,2.6025586128234863,655150,0.0,0.0
2001-06-01 00:00:00-04:00,2.632749886870104,2.7172883659551683,2.5965197359443426,2.6810574531555176,572198,0.0,0.0
2001-06-04 00:00:00-04:00,2.6870962177501725,2.777671974709863,2.566327398993102,2.6387884616851807,695237,0.0,0.0
2001-06-05 00:00:00-04:00,2.5965194760857115,2.675018382526685,2.5059429650253358,2.650865077972412,1554525,0.0,0.0
2001-06-06 00:00:00-04:00,2.687095973021124,2.705210665638927,2.445558547973633,2.445558547973633,5436472,0.0,0.0
2001-06-07 00:00:00-04:00,2.4757515536005448,2.51198247573887,2.379137158000835,2.41536808013916,7129912,0.0,0.0
2001-06-08 00:00:00-04:00,2.4153671608477256,2.4697127614971315,2.3247906518495194,2.403289556503296,1496181,0.0,0.0
2001-06-11 00:00:00-04:00,2.41536786196181,2.41536786196181,2.1798691749572754,2.1798691749572754,2091928,0.0,0.0
2001-06-12 00:00:00-04:00,2.204023223653734,2.2462920045964014,2.0892931583947116,2.113447427749634,2233621,0.0,0.0
2001-06-13 00:00:00-04:00,2.1738297744042754,2.2040220715267385,1.9504087565699493,1.9866389036178589,2332317,0.0,0.0
2001-06-14 00:00:00-04:00,1.9322930232784559,1.9926772278730136,1.799448344575702,1.9443696737289429,3533601,0.0,0.0
2001-06-15 00:00:00-04:00,1.9322940401788873,2.1134471302341007,1.9021017315240019,2.0953316688537598,721167,0.0,0.0
2001-06-18 00:00:00-04:00,2.0349471178994745,2.077216080782362,1.8719094991683958,1.871909499168396,814703,0.0,0.0
2001-06-19 00:00:00-04:00,1.9322939223267481,2.0168316576240097,1.8719094991683958,1.871909499168396,598393,0.0,0.0
2001-06-20 00:00:00-04:00,1.8598319947939521,2.0107928885994215,1.8598319947939521,1.9383318424224854,1113305,0.0,0.0
2001-06-21 00:00:00-04:00,1.95644788696477,2.1134466774283447,1.95644788696477,2.0711777210235596,589793,0.0,0.0
2001-06-22 00:00:00-04:00,2.0772154942878767,2.107407602108161,2.022869890679824,2.040985345840454,452995,0.0,0.0
2001-06-25 00:00:00-04:00,2.0590994447990334,2.0832535050204717,1.9202161698492217,1.9322928190231323,1312945,0.0,0.0
2001-06-26 00:00:00-04:00,1.992677557088439,2.0832540694130808,1.9806009046427369,2.0530619621276855,934038,0.0,0.0
2001-06-27 00:00:00-04:00,2.0892921394978203,2.137599702306486,2.004754428370917,2.083254098892212,555395,0.0,0.0
2001-06-28 00:00:00-04:00,2.0953309612831554,2.2342142771039715,2.0892921587480724,2.204022169113159,798960,0.0,0.0
2001-06-29 00:00:00-04:00,2.1617538934851686,2.415368060800637,2.107408272586882,2.385175943374634,1658777,0.0,0.0
2001-07-02 00:00:00-04:00,2.3851760034428224,2.3851760034428224,2.0953316688537598,2.0953316688537598,1384520,0.0,0.0
2001-07-03 00:00:00-04:00,2.1255234758990995,2.167792435172537,2.107408017170558,2.131561517715454,255604,0.0,0.0
2001-07-05 00:00:00-04:00,2.09533164734699,2.17383058242023,2.0892928428346513,2.1376004219055176,725136,0.0,0.0
2001-07-06 00:00:00-04:00,2.125523347167735,2.125523347167735,1.974562406539917,1.974562406539917,467019,0.0,0.0
2001-07-09 00:00:00-04:00,1.9745618407486478,2.047022888637254,1.9685239914965558,2.02286958694458,552617,0.0,0.0
2001-07-10 00:00:00-04:00,2.0047539458322925,2.113445888372831,1.8839861154556274,1.8839861154556274,971082,0.0,0.0
2001-07-11 00:00:00-04:00,1.9141789042486967,1.9866392095012488,1.8779479897484956,1.8960634469985962,808618,0.0,0.0
2001-07-12 00:00:00-04:00,1.9322926685028081,2.0047537007121803,1.8839858851017284,1.9262546300888062,1431221,0.0,0.0
2001-07-13 00:00:00-04:00,1.9322926685028081,1.974561413489886,1.9141779818556335,1.9262546300888062,422169,0.0,0.0
2001-07-16 00:00:00-04:00,1.9624856720866113,1.9685244751645952,1.9021012602078435,1.9081400632858276,724607,0.0,0.0
2001-07-17 00:00:00-04:00,1.9322931307477471,1.9504085836020748,1.8839863357906714,1.890024185180664,474296,0.0,0.0
2001-07-18 00:00:00-04:00,1.8960629869128316,1.9383319324799146,1.817563135637093,1.890024185180664,1126799,0.0,0.0
2001-07-19 00:00:00-04:00,1.8960633915463059,1.9806011102529901,1.8779479348260102,1.9141788482666016,1121772,0.0,0.0
2001-07-20 00:00:00-04:00,1.9202161698492217,1.9745615673028298,1.9202161698492217,1.9322928190231323,848969,0.0,0.0
2001-07-23 00:00:00-04:00,1.9504093826022129,1.9926781550165873,1.8719094991683958,1.871909499168396,1178396,0.0,0.0
2001-07-24 00:00:00-04:00,1.8719090848763333,1.9021011945391169,1.7813333272933958,1.781333327293396,1262274,0.0,0.0
2001-07-25 00:00:00-04:00,1.7813334010943744,1.8719091624298827,1.7813334010943744,1.8115257024765015,873312,0.0,0.0
2001-07-26 00:00:00-04:00,1.8417173481599254,2.047022888637254,1.8417173481599254,2.02286958694458,1584160,0.0,0.0
2001-07-27 00:00:00-04:00,2.0530622635244535,2.1315613730535152,2.0530622635244535,2.0711777210235596,1287544,0.0,0.0
2001-07-30 00:00:00-04:00,2.053061794048678,2.1375994970584395,1.9926773939529505,2.0289084911346436,1608107,0.0,0.0
2001-07-31 00:00:00-04:00,2.173830032553547,2.3247909646875997,2.113446573948604,2.1194844245910645,2280720,0.0,0.0
2001-08-01 00:00:00-04:00,2.1677919448265186,2.294598603495167,2.16175314250213,2.2704451084136963,5121598,0.0,0.0
2001-08-02 00:00:00-04:00,2.294598806018274,2.324790915620459,2.1798687895299724,2.2281763553619385,1236079,0.0,0.0
2001-08-03 00:00:00-04:00,2.258368331814707,2.3489440762365983,2.173829675168862,2.288559675216675,1216631,0.0,0.0
2001-08-06 00:00:00-04:00,2.264406311031854,2.451597374452351,2.2342142040285484,2.421405076980591,2609882,0.0,0.0
2001-08-07 00:00:00-04:00,2.4153670822665556,2.4395205759535696,2.342906029800186,2.373098134994507,1011434,0.0,0.0
2001-08-08 00:00:00-04:00,2.3549826415427684,2.379136134820896,2.143638289697186,2.246290683746338,1038820,0.0,0.0
2001-08-09 00:00:00-04:00,2.2342140761887856,2.3549826877601894,2.1919451288027494,2.288559675216675,1004951,0.0,0.0
2001-08-10 00:00:00-04:00,2.3127142622480554,2.318752112763081,2.143638638944292,2.2281763553619385,572594,0.0,0.0
2001-08-13 00:00:00-04:00,2.2040219276582853,2.2583682874933793,2.2040219276582853,2.246290683746338,405632,0.0,0.0
2001-08-14 00:00:00-04:00,2.258368563986791,2.2764832576091907,2.1859075038756393,2.2342143058776855,632262,0.0,0.0
2001-08-15 00:00:00-04:00,2.2281764795847474,2.2281764795847474,2.1134466471686264,2.14967679977417,601171,0.0,0.0
2001-08-16 00:00:00-04:00,2.1436385245369154,2.216098821841024,2.0832541180868303,2.204022169113159,827537,0.0,0.0
2001-08-17 00:00:00-04:00,2.17383043140581,2.2040227376533594,2.113446961721767,2.1979846954345703,466622,0.0,0.0
2001-08-20 00:00:00-04:00,2.2160989501755357,2.2160989501755357,2.1496766896861494,2.1859076023101807,678434,0.0,0.0
2001-08-21 00:00:00-04:00,2.1798697161730174,2.1798697161730174,2.1013698169007937,2.113447427749634,531317,0.0,0.0
2001-08-22 00:00:00-04:00,2.1496766799277878,2.252329852575216,2.0892922702549477,2.2281763553619385,521394,0.0,0.0
2001-08-23 00:00:00-04:00,2.185907537608695,2.1979841906784587,2.1617532791268395,2.1677920818328857,609903,0.0,0.0
2001-08-24 00:00:00-04:00,2.167792480661277,2.191945791244507,2.155715634901161,2.191945791244507,617047,0.0,0.0
2001-08-27 00:00:00-04:00,2.149676976443996,2.167792435172537,2.1194846722087575,2.131561517715454,278888,0.0,0.0
2001-08-28 00:00:00-04:00,2.113446372293894,2.1557151321275305,2.0832540744668,2.107407569885254,655414,0.0,0.0
2001-08-29 00:00:00-04:00,2.077215633857448,2.083254246295703,2.0228700265978765,2.0349466800689697,376261,0.0,0.0
2001-08-30 00:00:00-04:00,1.9745617941056748,2.0107928885994215,1.920216390409825,1.9383318424224854,904271,0.0,0.0
2001-08-31 00:00:00-04:00,1.9624859264065835,1.9806013856457434,1.902101506702555,1.9202171564102173,685579,0.0,0.0
2001-09-04 00:00:00-04:00,1.9141790593607235,1.9987167873901603,1.811525872613233,1.847756028175354,734794,0.0,0.0
2001-09-05 00:00:00-04:00,1.8477557184975997,2.155715227127075,1.7934101133255689,2.155715227127075,1461121,0.0,0.0
2001-09-06 00:00:00-04:00,1.9926770172347064,1.9926770172347064,1.902100529448941,1.9322928190231323,2338138,0.0,0.0
2001-09-07 00:00:00-04:00,1.9202169859881824,2.0470234751915237,1.8960634869061321,1.974562406539917,797504,0.0,0.0
2001-09-10 00:00:00-04:00,1.974562406539917,1.9806012098645214,1.9021013378883103,1.974562406539917,540578,0.0,0.0
2001-09-17 00:00:00-04:00,1.8115256565846496,1.8598324614172816,1.6967956380192717,1.7330257892608643,1405952,0.0,0.0
2001-09-18 00:00:00-04:00,1.7511413041682065,1.8115257169463106,1.6605647802352907,1.6605647802352905,706217,0.0,0.0
2001-09-19 00:00:00-04:00,1.6847191848664227,1.7209493404184706,1.4975281749072922,1.6907570362091064,1176412,0.0,0.0
2001-09-20 00:00:00-04:00,1.630372985870357,1.6484884465516518,1.5096049939564669,1.5337584018707275,965393,0.0,0.0
2001-09-21 00:00:00-04:00,1.268068401290257,1.4492207307383242,1.237876282892737,1.3344907760620117,1718048,0.0,0.0
2001-09-24 00:00:00-04:00,1.3948746427888163,1.479412450867474,1.3586437318606535,1.4190280437469482,1690529,0.0,0.0
2001-09-25 00:00:00-04:00,1.479412437842506,2.0409853620598306,1.3888359231933973,1.4311047792434692,676979,0.0,0.0
2001-09-26 00:00:00-04:00,1.449220494280186,1.479412702985739,1.2620294859923398,1.2680681943893433,1232242,0.0,0.0
2001-09-27 00:00:00-04:00,1.2197609518086514,1.2680685368784983,1.1774919815325136,1.2378764152526855,1243885,0.0,0.0
2001-09-28 00:00:00-04:00,1.2378758864910644,1.346567001744957,1.2378758864910644,1.310336947441101,1299451,0.0,0.0
2001-10-01 00:00:00-04:00,1.3042981302097243,1.4733736515045166,1.2982594228285484,1.4733736515045166,876620,0.0,0.0
2001-10-02 00:00:00-04:00,1.4733737149175288,1.5035659198436206,1.3707204467309815,1.4371435642242432,649858,0.0,0.0
2001-10-03 00:00:00-04:00,1.5096048299351426,1.7149105367333037,1.5096048299351426,1.6907570362091064,2975427,0.0,0.0
2001-10-04 00:00:00-04:00,1.7813333873420292,1.7813333873420292,1.5699889935150813,1.6303726434707642,1649384,0.0,0.0
2001-10-05 00:00:00-04:00,1.6001802682876587,1.690756786607188,1.5337580088004845,1.6001802682876587,1163843,0.0,0.0
2001-10-08 00:00:00-04:00,1.569988649102908,1.6243342459375103,1.5397965450456648,1.5639499425888062,455641,0.0,0.0
2001-10-09 00:00:00-04:00,1.5699889241607168,1.6001802716336604,1.479412500886025,1.4975279569625854,506444,0.0,0.0
2001-10-10 00:00:00-04:00,1.497527920275418,1.5639501782742373,1.4552589682253967,1.509604573249817,490304,0.0,0.0
2001-10-11 00:00:00-04:00,1.4914892200429157,1.6605647541513218,1.4914892200429157,1.6303726434707642,1994423,0.0,0.0
2001-10-12 00:00:00-04:00,1.6605645989496087,1.6605645989496087,1.5337579364115035,1.5699888467788696,592836,0.0,0.0
2001-10-15 00:00:00-04:00,1.5397972062120213,1.557911905019247,1.5096049939564669,1.5337584018707275,364090,0.0,0.0
2001-10-16 00:00:00-04:00,1.5397968292236328,1.5881036332252016,1.5096046243600343,1.5397968292236328,1302494,0.0,0.0
2001-10-17 00:00:00-04:00,1.539796811594159,1.6303725680398142,1.5277193012410444,1.6001802682876587,1232904,0.0,0.0
2001-10-18 00:00:00-04:00,1.6122579737930325,1.6907568913901025,1.5699890181762959,1.6605647802352905,1437572,0.0,0.0
2001-10-19 00:00:00-04:00,1.6907571820359046,1.9021016155133155,1.6907571820359046,1.871909499168396,3324964,0.0,0.0
2001-10-22 00:00:00-04:00,1.877947534058504,1.9443697818699073,1.8417173902235884,1.890024185180664,1732733,0.0,0.0
2001-10-23 00:00:00-04:00,1.8839871177460152,2.0168316685064105,1.877948313507421,1.9564481973648071,1412038,0.0,0.0
2001-10-24 00:00:00-04:00,1.9926785570661911,2.161754252242515,1.9624864346296063,2.113447427749634,2415930,0.0,0.0
2001-10-25 00:00:00-04:00,2.113446374187259,2.113446374187259,1.9322933489362317,2.0107932090759277,1711565,0.0,0.0
2001-10-26 00:00:00-04:00,2.0711774219918015,2.1677919750709855,2.022869859749525,2.107407569885254,2257964,0.0,0.0
2001-10-29 00:00:00-05:00,2.1315613886183984,2.1376000014745173,1.9624857522331345,1.974562406539917,796843,0.0,0.0
2001-10-30 00:00:00-05:00,1.9624854498030437,2.10136876237895,1.9021010447637974,2.0530619621276855,2308106,0.0,0.0
2001-10-31 00:00:00-05:00,2.077215182392604,2.155714841407025,2.02286958694458,2.02286958694458,1735379,0.0,0.0
2001-11-01 00:00:00-05:00,2.0832540694130808,2.1315610601328014,2.034946507287992,2.0530619621276855,1024796,0.0,0.0
2001-11-02 00:00:00-05:00,2.0832538749647918,2.4093282222747803,2.0409851191790067,2.4093282222747803,3220314,0.0,0.0
2001-11-05 00:00:00-05:00,2.4093292080270468,2.4093292080270468,2.234214930470488,2.3127148151397705,1439689,0.0,0.0
2001-11-06 00:00:00-05:00,2.2945994189996983,2.41536808013916,2.282522571932604,2.41536808013916,1190171,0.0,0.0
2001-11-07 00:00:00-05:00,2.385175943374634,2.409329256378397,2.3368681745559883,2.385175943374634,654753,0.0,0.0
2001-11-08 00:00:00-05:00,2.36102099439952,2.6569038499706044,2.36102099439952,2.5663273334503174,4400695,0.0,0.0
2001-11-09 00:00:00-05:00,2.5904806236945896,2.5904806236945896,2.445558513549273,2.4576361179351807,1337553,0.0,0.0
2001-11-12 00:00:00-05:00,2.4878289224777124,2.5844433087545795,2.4093290431794343,2.554251194000244,1034983,0.0,0.0
2001-11-13 00:00:00-05:00,2.5663268700262143,2.6327493066679386,2.548211417618651,2.5784037113189697,1270874,0.0,0.0
2001-11-14 00:00:00-05:00,2.5965197984273507,2.7052110156940845,2.5965197984273507,2.644827365875244,1440218,0.0,0.0
2001-11-15 00:00:00-05:00,2.644827387921502,2.644827387921502,2.5240587539978026,2.560288906097412,2265638,0.0,0.0
2001-11-16 00:00:00-05:00,2.5844431832157113,2.596520028530815,2.4817899980373315,2.5180201530456543,1384387,0.0,0.0
2001-11-19 00:00:00-05:00,2.5663279010435733,2.650865824055811,2.5663279010435733,2.6267123222351074,1524890,0.0,0.0
2001-11-20 00:00:00-05:00,2.596520057562855,2.596520057562855,2.3549833390286232,2.3670601844787598,1660233,0.0,0.0
2001-11-21 00:00:00-05:00,2.427444357694551,2.644827570958057,2.427444357694551,2.6025586128234863,3191738,0.0,0.0
2001-11-23 00:00:00-05:00,2.6387882350169805,2.7474794387817383,2.596519475879231,2.7474794387817383,1054034,0.0,0.0
2001-11-26 00:00:00-05:00,2.7233268262773094,2.9829788208007812,2.7233268262773094,2.9829788208007812,3435170,0.0,0.0
2001-11-27 00:00:00-05:00,2.922594113470226,2.9890173303095837,2.7535186696663305,2.801826238632202,1960289,0.0,0.0
2001-11-28 00:00:00-05:00,2.777672797418043,2.789749454308525,2.650866090616985,2.6689815521240234,1958040,0.0,0.0
2001-11-29 00:00:00-05:00,2.6569034929819586,2.747479235458388,2.614634736972249,2.7354025840759277,1458872,0.0,0.0
2001-11-30 00:00:00-05:00,2.7595579698154564,2.862210405732594,2.723327048481526,2.8440957069396973,2501396,0.0,0.0
2001-12-03 00:00:00-05:00,2.717288516730255,2.80786428000741,2.717288516730255,2.801826238632202,1147173,0.0,0.0
2001-12-04 00:00:00-05:00,2.8018271716261935,2.8622108434499323,2.735404123136786,2.856172800064087,2185464,0.0,0.0
2001-12-05 00:00:00-05:00,2.8561718169005768,2.976939690382466,2.8440951628803246,2.934670925140381,1919673,0.0,0.0
2001-12-06 00:00:00-05:00,2.9467479059498682,3.188284569593378,2.9346704918389124,3.1701691150665283,4910579,0.0,0.0
2001-12-07 00:00:00-05:00,3.1762078000350664,3.4720898817309545,3.0795926752283536,3.393590211868286,4462347,0.0,0.0
2001-12-10 00:00:00-05:00,3.2003612650323463,3.5928581102165817,3.188284802381906,3.2667837142944336,5006100,0.0,0.0
2001-12-11 00:00:00-05:00,3.2607459013688365,3.7136269696930864,3.2607459013688365,3.6230504512786865,7548906,0.0,0.0
2001-12-12 00:00:00-05:00,3.6230508986351504,3.780049505523241,3.544551595191105,3.7075884342193604,4091510,0.0,0.0
2001-12-13 00:00:00-05:00,3.683434408849988,3.7257031684272026,3.6230501944990317,3.6532421112060547,3024775,0.0,0.0
2001-12-14 00:00:00-05:00,3.6532427118887014,3.6532427118887014,3.411706195707261,3.453974962234497,3249950,0.0,0.0
2001-12-17 00:00:00-05:00,3.4660517519950726,3.623050732626431,3.3875528330848437,3.6170125007629395,2112302,0.0,0.0
2001-12-18 00:00:00-05:00,3.701548850106399,3.7679712772369385,3.5928569130985952,3.7679712772369385,2960213,0.0,0.0
2001-12-19 00:00:00-05:00,3.653242910556656,3.6834352148068397,3.3211298494265975,3.5747439861297607,3106272,0.0,0.0
2001-12-20 00:00:00-05:00,3.5143594144471786,3.641166089445105,3.3271681368616273,3.333207130432129,2524152,0.0,0.0
2001-12-21 00:00:00-05:00,3.6230498017469186,3.8947781654644897,3.598896118624885,3.683434009552002,7477067,0.0,0.0
2001-12-24 00:00:00-05:00,3.6955108511130184,3.7619336701670445,3.635127024244804,3.683434009552002,809411,0.0,0.0
2001-12-26 00:00:00-05:00,3.7075885285769945,3.9189338966641682,3.6834352184646533,3.8947794437408447,1772291,0.0,0.0
2001-12-27 00:00:00-05:00,3.9189340429482695,4.094048500061035,3.8223188942075303,4.094048500061035,2616894,0.0,0.0
2001-12-28 00:00:00-05:00,4.075932828766377,4.100086521719231,3.8223190527614133,3.9249720573425293,1783801,0.0,0.0
2001-12-31 00:00:00-05:00,3.8645874202576738,3.9189330225281447,3.7015498515724437,3.78608775138855,2386824,0.0,0.0
2002-01-02 00:00:00-05:00,3.8464727256239417,3.8947793446192267,3.653242821209942,3.7075884342193604,2752634,0.0,0.0
2002-01-03 00:00:00-05:00,3.731742886527956,3.8042039578318367,3.6592818152240754,3.7075884342193604,3294005,0.0,0.0
2002-01-04 00:00:00-05:00,3.713627522744819,3.931010742188836,3.713627522744819,3.8947794437408447,3328668,0.0,0.0
2002-01-07 00:00:00-05:00,3.918933894530731,4.190662728219327,3.918933894530731,4.142354965209961,3241615,0.0,0.0
2002-01-08 00:00:00-05:00,4.154432811265152,4.311431459874298,4.051780171044397,4.226893901824951,4143901,0.0,0.0
2002-01-09 00:00:00-05:00,4.287277298968186,4.6797749859439834,4.257084993383735,4.52881383895874,9733046,0.0,0.0
2002-01-10 00:00:00-05:00,4.528813432905032,4.649582263477684,4.317469217448066,4.43823766708374,3843050,0.0,0.0
2002-01-11 00:00:00-05:00,4.438237074781113,4.559005127362774,4.420121619284862,4.468428611755371,2257567,0.0,0.0
2002-01-14 00:00:00-05:00,4.468427279850876,4.589196058308828,3.985354070703128,4.124237537384033,4227117,0.0,0.0
2002-01-15 00:00:00-05:00,4.124238627226139,4.220853751710692,4.124238627226139,4.214815139770508,2290510,0.0,0.0
2002-01-16 00:00:00-05:00,4.136316296139935,4.317468562161991,4.088008542680623,4.232930660247803,4390243,0.0,0.0
2002-01-17 00:00:00-05:00,4.257085284161083,4.293316205711957,4.154432276223728,4.1967010498046875,2153447,0.0,0.0
2002-01-18 00:00:00-05:00,3.924971417591287,3.97931778928255,3.7740114326472307,3.900818109512329,7021955,0.0,0.0
2002-01-22 00:00:00-05:00,4.214814241214863,4.311428583228393,4.045738856988562,4.220852851867676,4269056,0.0,0.0
2002-01-23 00:00:00-05:00,4.2268929228908885,4.299353996668949,4.178585921309179,4.257084846496582,3733241,0.0,0.0
2002-01-24 00:00:00-05:00,4.359737381422095,4.492582657649498,4.269160866253132,4.2933149337768555,3682306,0.0,0.0
2002-01-25 00:00:00-05:00,4.257085358238802,4.299354513492324,3.864588780434972,4.160470962524414,3823867,0.0,0.0
2002-01-28 00:00:00-05:00,4.142353535906887,4.257083338273199,4.088007940295703,4.1000847816467285,2507614,0.0,0.0
2002-01-29 00:00:00-05:00,4.160469125160449,4.196699269467583,4.075931232924429,4.136315822601318,2068775,0.0,0.0
2002-01-30 00:00:00-05:00,4.136316834641207,4.136316834641207,3.840433948952513,3.918933629989624,3913169,0.0,0.0
2002-01-31 00:00:00-05:00,3.9189335053449255,3.973279114310833,3.7740113735198975,3.7740113735198975,1696086,0.0,0.0
2002-02-01 00:00:00-05:00,3.7438192387765925,3.767972928488434,3.4418984983155494,3.453974962234497,6909897,0.0,0.0
2002-02-04 00:00:00-05:00,3.496244061929779,3.496244061929779,3.2003615574708304,3.339245080947876,4130538,0.0,0.0
2002-02-05 00:00:00-05:00,3.351321451893706,3.4237825097960553,3.2607457009211407,3.393590211868286,3571968,0.0,0.0
2002-02-06 00:00:00-05:00,3.4539744661285474,3.6834344854329273,3.4479366159732834,3.5324745178222656,5229025,0.0,0.0
2002-02-07 00:00:00-05:00,3.713626541185123,3.713626541185123,3.5264352945613546,3.586819887161255,2178055,0.0,0.0
2002-02-08 00:00:00-05:00,3.647204620351378,3.647204620351378,3.4660515785217285,3.4660515785217285,2134131,0.0,0.0
2002-02-11 00:00:00-05:00,3.490205722497695,3.8223183698579506,3.4660516529232344,3.7740113735198975,2047475,0.0,0.0
2002-02-12 00:00:00-05:00,3.761934934070189,3.8162805488849103,3.701550705977722,3.74381947517395,2168529,0.0,0.0
2002-02-13 00:00:00-05:00,3.743818888539928,3.774011188323707,3.5868203010372515,3.6230504512786865,1475145,0.0,0.0
2002-02-14 00:00:00-05:00,3.6230505680663514,3.7377803966943346,3.5626667284262177,3.701550245285034,1649384,0.0,0.0
2002-02-15 00:00:00-05:00,3.683435145115096,3.74985836558355,3.5928586150152753,3.610974073410034,1637874,0.0,0.0
2002-02-19 00:00:00-05:00,3.550589154832597,3.5807810716888944,3.212437933732273,3.230553388595581,3421146,0.0,0.0
2002-02-20 00:00:00-05:00,3.2607460613783563,3.7800492242738395,3.2607460613783563,3.7740113735198975,2605913,0.0,0.0
2002-02-21 00:00:00-05:00,3.7136268085258757,3.7136268085258757,3.502282242959287,3.5083200931549072,2267093,0.0,0.0
2002-02-22 00:00:00-05:00,3.3815146803469074,3.4962449236569033,3.139978107933516,3.441899299621582,3086427,0.0,0.0
2002-02-25 00:00:00-05:00,3.4720905485312428,3.5928586206245745,3.4720905485312428,3.556628465652466,1383593,0.0,0.0
2002-02-26 00:00:00-05:00,3.5505897357622387,3.677397178679167,3.538512890856385,3.647204875946045,2114948,0.0,0.0
2002-02-27 00:00:00-05:00,3.6230496478403476,3.912893832992213,3.6230496478403476,3.755894899368286,2774066,0.0,0.0
2002-02-28 00:00:00-05:00,3.7438187260624223,3.8042033230093573,3.5083200931549072,3.5083200931549072,1531637,0.0,0.0
2002-03-01 00:00:00-05:00,3.5687042828492612,3.7619337520303895,3.5687042828492612,3.7136263847351074,1498562,0.0,0.0
2002-03-04 00:00:00-05:00,3.7740099464463506,4.136315139009771,3.755894496349774,4.124237537384033,3453956,0.0,0.0
2002-03-05 00:00:00-05:00,4.1061250847019,4.25104724062876,3.955164315142911,3.9913952350616455,5199390,0.0,0.0
2002-03-06 00:00:00-05:00,3.991395414867015,4.287277591807799,3.924972185669425,4.1967010498046875,3695271,0.0,0.0
2002-03-07 00:00:00-05:00,4.166508932160875,4.2812391521593325,3.9551639504529748,4.009509563446045,1916498,0.0,0.0
2002-03-08 00:00:00-05:00,4.045739820377545,4.10612403660047,3.973278760910034,3.973278760910034,2699185,0.0,0.0
2002-03-11 00:00:00-05:00,3.985353639746037,4.2148135702235034,3.9551617340989664,4.075930118560791,1944016,0.0,0.0
2002-03-12 00:00:00-05:00,3.9249708483522503,4.106123870635965,3.8706252464166613,4.0034708976745605,1805234,0.0,0.0
2002-03-13 00:00:00-05:00,3.9853564177117855,3.9853564177117855,3.7317433954362533,3.749858856201172,2454165,0.0,0.0
2002-03-14 00:00:00-05:00,3.749857881808396,3.774011188323707,3.5687048449795964,3.6230504512786865,4001678,0.0,0.0
2002-03-15 00:00:00-05:00,3.562665963882294,3.6411652433181745,3.562665963882294,3.6290884017944336,2937325,0.0,0.0
2002-03-18 00:00:00-05:00,3.6351280310401908,3.7075883386013655,3.6290894181187765,3.647204875946045,1091475,0.0,0.0
2002-03-19 00:00:00-05:00,3.6713574025525713,3.695511087217774,3.562666202496052,3.586819887161255,1405158,0.0,0.0
2002-03-20 00:00:00-05:00,3.5868209920071896,3.62305114922805,3.5143599156914473,3.5988974571228027,1546058,0.0,0.0
2002-03-21 00:00:00-05:00,3.5928582571320073,3.671357934128328,3.5687049499065417,3.6351277828216553,731884,0.0,0.0
2002-03-22 00:00:00-05:00,3.6532421112060547,3.683434408849988,3.586820046825368,3.6532421112060547,1340067,0.0,0.0
2002-03-25 00:00:00-05:00,3.683433998182833,3.725702753047491,3.6170115602706927,3.6290884017944336,943299,0.0,0.0
2002-03-26 00:00:00-05:00,3.629089632266762,3.761934934070189,3.629089632266762,3.74381947517395,1212133,0.0,0.0
2002-03-27 00:00:00-05:00,3.7196667194366455,3.7740123423537204,3.7136281052586075,3.7196667194366455,946474,0.0,0.0
2002-03-28 00:00:00-05:00,3.7015505319786848,3.7860884473342584,3.7015505319786848,3.761934757232666,810073,0.0,0.0
2002-04-01 00:00:00-05:00,3.7740117425672857,3.798165052629702,3.6532429066332446,3.695512056350708,1845056,0.0,0.0
2002-04-02 00:00:00-05:00,3.665319498481775,3.6713581112822338,3.5626668902436447,3.6170125007629395,1743053,0.0,0.0
2002-04-03 00:00:00-05:00,3.647204519667872,3.7377802762083974,3.6230504512786865,3.6230504512786865,1115157,0.0,0.0
2002-04-04 00:00:00-05:00,3.9249709238351413,4.226891998552868,3.9008176187946373,3.9853551387786865,8407930,0.0,0.0
2002-04-05 00:00:00-05:00,4.1363170095951665,4.148393473871862,3.937048492163962,4.009509563446045,1665392,0.0,0.0
2002-04-08 00:00:00-04:00,3.8645877852321147,4.118201127694949,3.8162800284094973,4.08197021484375,1679416,0.0,0.0
2002-04-09 00:00:00-04:00,4.0638563130250756,4.1544320890738335,3.9612029287750397,3.9913952350616455,1182894,0.0,0.0
2002-04-10 00:00:00-04:00,3.985356240492497,4.075932778415294,3.9310110034254535,3.9913952350616455,1214382,0.0,0.0
2002-04-11 00:00:00-04:00,3.979318124287506,3.997432821169016,3.8585496690408303,3.8947794437408447,1687751,0.0,0.0
2002-04-12 00:00:00-04:00,3.924969447515125,4.075930118560791,3.91893159969719,4.075930118560791,2469909,0.0,0.0
2002-04-15 00:00:00-04:00,4.045739272336379,4.287275723572313,4.045739272336379,4.269160270690918,6809878,0.0,0.0
2002-04-16 00:00:00-04:00,4.329545560961986,4.450314388173043,4.275199950607127,4.347661018371582,4015305,0.0,0.0
2002-04-17 00:00:00-04:00,4.438237210736681,4.516736504459952,4.383890842583148,4.408045291900635,3162632,0.0,0.0
2002-04-18 00:00:00-04:00,4.4080453468679135,4.522775173187256,4.166508469419886,4.522775173187256,2246983,0.0,0.0
2002-04-19 00:00:00-04:00,4.522776005125595,4.559006162470184,4.257085010123509,4.486545085906982,3733506,0.0,0.0
2002-04-22 00:00:00-04:00,4.468428952980142,4.486544409859753,4.2631233621945475,4.311429977416992,1542089,0.0,0.0
2002-04-23 00:00:00-04:00,4.3416229170249725,4.408046141705711,4.257084994674688,4.263123989105225,1311755,0.0,0.0
2002-04-24 00:00:00-04:00,4.2268932192532,4.287277451635335,3.79816535980856,3.9249720573425293,7026850,0.0,0.0
2002-04-25 00:00:00-04:00,3.9310092921538042,4.118200138268394,3.924970300213588,4.015546798706055,2926344,0.0,0.0
2002-04-26 00:00:00-04:00,4.015547397311795,4.021586390152256,3.562666361084985,3.6532421112060547,5049891,0.0,0.0
2002-04-29 00:00:00-04:00,3.774011004497285,3.7800488546608464,3.6230502748053355,3.7377800941467285,1595670,0.0,0.0
2002-04-30 00:00:00-04:00,3.7377800941467285,3.7438187061841277,3.6834344904947316,3.7377800941467285,1060385,0.0,0.0
2002-05-01 00:00:00-04:00,3.7136272552810223,3.737780563653788,3.6351279554928766,3.671358108520508,1116877,0.0,0.0
2002-05-02 00:00:00-04:00,3.671358971232934,3.683435818725672,3.60493688142846,3.6773979663848877,2538969,0.0,0.0
2002-05-03 00:00:00-04:00,3.677397474363655,3.677397474363655,3.5505900212506583,3.5928587913513184,1604931,0.0,0.0
2002-05-06 00:00:00-04:00,3.5324747849560625,3.5324747849560625,3.0252473355044747,3.0795929431915283,3185519,0.0,0.0
2002-05-07 00:00:00-04:00,3.1097843319752396,3.1399764350586996,2.487827960798108,2.5240581035614014,7116814,0.0,0.0
2002-05-08 00:00:00-04:00,2.656904121242953,3.0131706591516645,2.6448274670048035,2.9407095909118652,7201221,0.0,0.0
2002-05-09 00:00:00-04:00,2.8863643018987144,3.1097853677239065,2.8320186887165035,2.9890174865722656,5476162,0.0,0.0
2002-05-10 00:00:00-04:00,2.9890169693454394,3.0433625731235536,2.850132701532148,2.9467480182647705,1761839,0.0,0.0
2002-05-13 00:00:00-04:00,2.940709362158233,3.0131704247613884,2.8078640807191144,2.8984405994415283,1256321,0.0,0.0
2002-05-14 00:00:00-04:00,3.0192082003096465,3.1701691150665283,2.9950547053669028,3.1701691150665283,2537514,0.0,0.0
2002-05-15 00:00:00-04:00,3.1339383724879495,3.339244709389011,3.019208360690298,3.2486681938171387,2536985,0.0,0.0
2002-05-16 00:00:00-04:00,3.2788611529569645,3.4418987614444005,3.2486688480405124,3.423783302307129,3680454,0.0,0.0
2002-05-17 00:00:00-04:00,3.423782993784285,3.466051759734006,3.3271682362569606,3.339245080947876,1864107,0.0,0.0
2002-05-20 00:00:00-04:00,3.3211291461795134,3.3271677581256753,3.139976882785268,3.1882846355438232,5388182,0.0,0.0
2002-05-21 00:00:00-04:00,3.152054447991603,3.2003618308822332,2.92863318305944,2.952786684036255,3028612,0.0,0.0
2002-05-22 00:00:00-04:00,2.952786684036255,2.952786684036255,2.78371103438755,2.952786684036255,2228197,0.0,0.0
2002-05-23 00:00:00-04:00,2.958825315910646,2.9709019704630837,2.735403302086523,2.9165563583374023,1823491,0.0,0.0
2002-05-24 00:00:00-04:00,2.9105172978175164,2.9105172978175164,2.6689807996697548,2.6810574531555176,2241030,0.0,0.0
2002-05-28 00:00:00-04:00,2.7776724065972664,2.886364398472338,2.7655955609374807,2.86824893951416,1293894,0.0,0.0
2002-05-29 00:00:00-04:00,2.8380565407140543,2.8380565407140543,2.7233267012219473,2.8078644275665283,561614,0.0,0.0
2002-05-30 00:00:00-04:00,2.717288233502935,2.8018259465933806,2.5784041538620874,2.7957873344421387,1170723,0.0,0.0
2002-05-31 00:00:00-04:00,2.8259793767657873,2.886363782649852,2.7776718139648438,2.7776718139648438,1322868,0.0,0.0
2002-06-03 00:00:00-04:00,2.8078638368478965,2.8078638368478965,2.5965194702148438,2.5965194702148438,956132,0.0,0.0
2002-06-04 00:00:00-04:00,2.596519833806537,2.687096357345581,2.542174224432678,2.687096357345581,838914,0.0,0.0
2002-06-05 00:00:00-04:00,2.711250404577417,2.7172892093658447,2.54821277012204,2.7172892093658447,948459,0.0,0.0
2002-06-06 00:00:00-04:00,2.711250404577417,2.7474805667485422,2.6629428232979686,2.7172892093658447,895539,0.0,0.0
2002-06-07 00:00:00-04:00,2.626711845829931,2.7052109505955158,2.5723662385043444,2.6810574531555176,745907,0.0,0.0
2002-06-10 00:00:00-04:00,2.6629422217980387,2.6991731376595243,2.4817899281124705,2.4878287315368652,777924,0.0,0.0
2002-06-11 00:00:00-04:00,2.4817898430541407,2.5965198663829465,2.294598942828256,2.330828905105591,1069116,0.0,0.0
2002-06-12 00:00:00-04:00,2.35498363548011,2.4697136816989236,2.35498363548011,2.385175943374634,1521979,0.0,0.0
2002-06-13 00:00:00-04:00,2.433482738922625,2.554251398056543,2.391213774889735,2.4274446964263916,1805366,0.0,0.0
2002-06-14 00:00:00-04:00,2.3851745678148975,2.475750105982793,2.3610203163985912,2.469712257385254,2282175,0.0,0.0
2002-06-17 00:00:00-04:00,2.499905255775237,2.5663275187386514,2.469713144911432,2.560288906097412,1623453,0.0,0.0
2002-06-18 00:00:00-04:00,2.560288906097412,2.620673127825022,2.5240587539978026,2.560288906097412,1112378,0.0,0.0
2002-06-19 00:00:00-04:00,2.5300982139502377,2.5602895707781537,2.457637129065371,2.4757516384124756,1643960,0.0,0.0
2002-06-20 00:00:00-04:00,2.475750961749054,2.5300975224330076,2.35498309135437,2.35498309135437,758741,0.0,0.0
2002-06-21 00:00:00-04:00,2.294599122524353,2.3489447368359904,2.077215903403817,2.131561517715454,6468412,0.0,0.0
2002-06-24 00:00:00-04:00,2.179869077200699,2.6870965854546816,2.0047548183987285,2.300637722015381,5659926,0.0,0.0
2002-06-25 00:00:00-04:00,2.324790737227787,2.354982844513182,1.9685242521970345,2.0530619621276855,2349780,0.0,0.0
2002-06-26 00:00:00-04:00,1.9021012602078435,2.0409855408569433,1.8839867556586665,1.9081400632858276,3273631,0.0,0.0
2002-06-27 00:00:00-04:00,1.9685237188868852,2.010792657634987,1.8537937422848947,1.9322928190231323,3247436,0.0,0.0
2002-06-28 00:00:00-04:00,1.9322939124801977,1.9624860286712646,1.877948293804789,1.9624860286712646,2733450,0.0,0.0
2002-07-01 00:00:00-04:00,1.9806018985601088,2.113447427749634,1.8900253407818026,2.113447427749634,1253146,0.0,0.0
2002-07-02 00:00:00-04:00,2.095331082623988,2.240253209372342,1.992677719042099,2.1859076023101807,1502267,0.0,0.0
2002-07-03 00:00:00-04:00,2.167793057666935,2.204023223653734,1.9624864346296063,2.113447427749634,1968756,0.0,0.0
2002-07-05 00:00:00-04:00,2.1134462968085033,2.4757506198295474,2.1134462968085033,2.4576361179351807,2440406,0.0,0.0
2002-07-08 00:00:00-04:00,2.469713367631546,2.5059435229984106,2.294599108829576,2.300637722015381,1776524,0.0,0.0
2002-07-09 00:00:00-04:00,2.324790980904342,2.3851753922728736,2.324790980904342,2.35498309135437,681610,0.0,0.0
2002-07-10 00:00:00-04:00,2.3549827992631895,2.4757506546788997,2.3549827992631895,2.445558547973633,1761971,0.0,0.0
2002-07-11 00:00:00-04:00,2.3851760441805037,2.4878292477673987,2.173830641860725,2.4757516384124756,3031125,0.0,0.0
2002-07-12 00:00:00-04:00,2.475751107394903,2.6327500909711343,2.475751107394903,2.5844430923461914,3208143,0.0,0.0
2002-07-15 00:00:00-04:00,2.572366552068403,2.572366552068403,2.4455591036860533,2.5482122898101807,2192608,0.0,0.0
2002-07-16 00:00:00-04:00,2.5300975571075206,2.6569040417985454,2.5119819096522806,2.560288906097412,1506368,0.0,0.0
2002-07-17 00:00:00-04:00,2.596518959789124,2.7112487525906905,2.5542500185843933,2.608595609664917,3119369,0.0,0.0
2002-07-18 00:00:00-04:00,2.5844431440798643,2.6448275602094835,2.3066757060386753,2.348944664001465,2869455,0.0,0.0
2002-07-19 00:00:00-04:00,2.373098797672324,2.433482453517518,2.3670601844787598,2.3670601844787598,1314533,0.0,0.0
2002-07-22 00:00:00-04:00,2.3247914348107024,2.415367974313974,1.8719094991683958,1.871909499168396,4947755,0.0,0.0
2002-07-23 00:00:00-04:00,1.9322938117888204,2.083254575346138,1.8658715405667459,1.9202171564102173,3899278,0.0,0.0
2002-07-24 00:00:00-04:00,1.8719088252140597,1.9081397327205627,1.8054865741066561,1.8417174816131592,1907501,0.0,0.0
2002-07-25 00:00:00-04:00,1.8900251010193823,2.059100774747318,1.7994493166054306,1.865871787071228,2141672,0.0,0.0
2002-07-26 00:00:00-04:00,2.0530625396951767,2.29459927545899,1.9987169217614136,2.1979846954345703,3013133,0.0,0.0
2002-07-29 00:00:00-04:00,2.3549833017591117,2.8380565407140543,2.3489446886611134,2.8078644275665283,3955109,0.0,0.0
2002-07-30 00:00:00-04:00,2.747480214812628,2.771634478529663,2.6387889803478295,2.7655956745147705,2832146,0.0,0.0
2002-07-31 00:00:00-04:00,2.747479713966867,2.801826083166343,2.5723662385043444,2.6810574531555176,1636683,0.0,0.0
2002-08-01 00:00:00-04:00,2.7052109775233224,2.717288393003194,2.608596415396206,2.6569039821624756,1358324,0.0,0.0
2002-08-02 00:00:00-04:00,2.6569036838062603,2.6931338310242046,2.58444262749656,2.5965194702148438,928349,0.0,0.0
2002-08-05 00:00:00-04:00,2.596519821447767,2.6025584340922086,2.4757509969915503,2.5059432983398438,630013,0.0,0.0
2002-08-06 00:00:00-04:00,2.5663277754101474,2.777672382125954,2.5663277754101474,2.771634340286255,1814891,0.0,0.0
2002-08-07 00:00:00-04:00,2.777671672448311,2.825979232788086,2.7052106176413218,2.825979232788086,1584293,0.0,0.0
2002-08-08 00:00:00-04:00,2.844095272355337,3.133938789367676,2.8078643565575745,3.133938789367676,2732392,0.0,0.0
2002-08-09 00:00:00-04:00,3.133938255627571,3.1399768675444224,2.8803249357318523,2.9286324977874756,2122357,0.0,0.0
2002-08-12 00:00:00-04:00,2.928632763256063,3.0494006317657285,2.868248543298521,3.0131704807281494,1179322,0.0,0.0
2002-08-13 00:00:00-04:00,3.0131704247613884,3.0373239218273045,2.8984405994415283,2.8984405994415283,725798,0.0,0.0
2002-08-14 00:00:00-04:00,2.892401463628208,3.0856311321258545,2.838055863400943,3.0856311321258545,1464164,0.0,0.0
2002-08-15 00:00:00-04:00,3.1339383661721483,3.1520538216247846,3.0795927616880876,3.139976978302002,1224833,0.0,0.0
2002-08-16 00:00:00-04:00,3.1279001655969347,3.1822457673036735,3.049400307073642,3.1701691150665283,1125476,0.0,0.0
2002-08-19 00:00:00-04:00,3.139976880971916,3.315091294192696,3.1339382690292417,3.2848989963531494,2044829,0.0,0.0
2002-08-20 00:00:00-04:00,3.284898991311681,3.284898991311681,3.049400363710149,3.230553388595581,1912926,0.0,0.0
2002-08-21 00:00:00-04:00,3.2305533285945187,3.2607456258269667,3.103746670654191,3.1701691150665283,1413493,0.0,0.0
2002-08-22 00:00:00-04:00,3.1701695898159774,3.2305538123868205,3.1218618308223403,3.224515199661255,963409,0.0,0.0
2002-08-23 00:00:00-04:00,3.212438227571706,3.224515071606268,3.0795929431915283,3.0795929431915283,934038,0.0,0.0
2002-08-26 00:00:00-04:00,3.085631695806,3.085631695806,2.8380563818542752,3.0192086696624756,2253863,0.0,0.0
2002-08-27 00:00:00-04:00,2.9588246788368875,2.989016784888448,2.675018310546875,2.675018310546875,3852179,0.0,0.0
2002-08-28 00:00:00-04:00,2.626711935302718,2.626711935302718,2.3549831275450903,2.397252082824707,5401015,0.0,0.0
2002-08-29 00:00:00-04:00,2.4093292356580633,2.6085970184874547,2.3670604620936917,2.4274446964263916,2182289,0.0,0.0
2002-08-30 00:00:00-04:00,2.4878282592348153,2.6025580742463768,2.4274438553558295,2.445558547973633,1259231,0.0,0.0
2002-09-03 00:00:00-04:00,2.4455580059689477,2.524057846941765,2.4153666678287427,2.469712257385254,1035248,0.0,0.0
2002-09-04 00:00:00-04:00,2.4395211238730825,2.5723664165653135,2.4395211238730825,2.4999053478240967,1378566,0.0,0.0
2002-09-05 00:00:00-04:00,2.560289000369654,2.560289000369654,2.4395211238730825,2.4999053478240967,1396691,0.0,0.0
2002-09-06 00:00:00-04:00,2.560288561123088,2.7112492855700827,2.560288561123088,2.5965194702148438,1147173,0.0,0.0
2002-09-09 00:00:00-04:00,2.644827302229756,2.699172909555343,2.614635192344168,2.6810574531555176,1377640,0.0,0.0
2002-09-10 00:00:00-04:00,2.656904242765882,2.8078644275665283,2.656904242765882,2.8078644275665283,767208,0.0,0.0
2002-09-11 00:00:00-04:00,2.807865215012039,2.8622108434499323,2.7535195865741455,2.856172800064087,765885,0.0,0.0
2002-09-12 00:00:00-04:00,2.868248379480393,2.868248379480393,2.602558207778874,2.7293648719787598,2068775,0.0,0.0
2002-09-13 00:00:00-04:00,2.7112497134811155,2.80786428000741,2.632750032954376,2.801826238632202,1831958,0.0,0.0
2002-09-16 00:00:00-04:00,2.783711411566073,2.8259803773226007,2.6689815521240234,2.6689815521240234,724343,0.0,0.0
2002-09-17 00:00:00-04:00,2.693134206557037,2.789748771306865,2.687096355761331,2.7414419651031494,914325,0.0,0.0
2002-09-18 00:00:00-04:00,2.7172892093658447,2.7474805667485422,2.59652054187002,2.7172892093658447,586883,0.0,0.0
2002-09-19 00:00:00-04:00,2.687095452839104,2.7414410439196275,2.566326668460187,2.608595609664917,791816,0.0,0.0
2002-09-20 00:00:00-04:00,2.6629420844464025,2.6810575414427698,2.4697131462210233,2.5059432983398438,2058059,0.0,0.0
2002-09-23 00:00:00-04:00,2.4757496642245447,2.4757496642245447,2.2945976678704034,2.3247897624969482,925439,0.0,0.0
2002-09-24 00:00:00-04:00,2.3006380330017664,2.4455594359328097,2.2945994189996983,2.41536808013916,1494725,0.0,0.0
2002-09-25 00:00:00-04:00,2.475751107394903,2.620673246080655,2.475751107394903,2.5844430923461914,2023925,0.0,0.0
2002-09-26 00:00:00-04:00,2.614635051080621,2.7293648719787598,2.596519595659538,2.7293648719787598,1193611,0.0,0.0
2002-09-27 00:00:00-04:00,2.548212015022975,2.6810574908560856,2.4878285562765856,2.6146352291107178,780702,0.0,0.0
2002-09-30 00:00:00-04:00,2.590480799220436,2.8380560874938965,2.487828392785778,2.8380560874938965,1504648,0.0,0.0
2002-10-01 00:00:00-04:00,2.789748332998299,2.9890168057336255,2.7293646918794114,2.9769392013549805,1693043,0.0,0.0
2002-10-02 00:00:00-04:00,3.0071314980855477,3.043362406536988,2.7776716809619013,2.9769392013549805,1217425,0.0,0.0
2002-10-03 00:00:00-04:00,2.9769396535775257,3.0494007196140633,2.8440951277177873,2.892401933670044,786656,0.0,0.0
2002-10-04 00:00:00-04:00,2.8984406366078774,2.995055007047354,2.825979573075563,2.886363983154297,997410,0.0,0.0
2002-10-07 00:00:00-04:00,2.856172093854374,2.982978782813627,2.7837110198956587,2.86824893951416,874768,0.0,0.0
2002-10-08 00:00:00-04:00,2.8803251694499155,2.928632735425357,2.7172883485193045,2.8742871284484863,1165828,0.0,0.0
2002-10-09 00:00:00-04:00,2.741441856089667,2.8924018337099078,2.6569039486353,2.886363983154297,1398808,0.0,0.0
2002-10-10 00:00:00-04:00,2.8984409566859335,3.0675164093289147,2.8682488435466538,2.9890174865722656,2422281,0.0,0.0
2002-10-11 00:00:00-04:00,3.019208532550247,3.1279005097982484,2.989017184337737,3.0795929431915283,1701510,0.0,0.0
2002-10-14 00:00:00-04:00,3.0312862544987644,3.0554397545416956,2.904478807908311,2.9890174865722656,1537988,0.0,0.0
2002-10-15 00:00:00-04:00,3.019208532550247,3.133938550878582,2.9950550349495972,3.0795929431915283,1471308,0.0,0.0
2002-10-16 00:00:00-04:00,2.958825373432986,3.073555212893756,2.958825373432986,2.9890174865722656,1025325,0.0,0.0
2002-10-17 00:00:00-04:00,3.321130442009294,3.5626677762968084,3.266784817973973,3.441899299621582,6743728,0.0,0.0
2002-10-18 00:00:00-04:00,3.5807815858341203,3.6472048028912996,3.447937056404597,3.6170125007629395,4050894,0.0,0.0
2002-10-21 00:00:00-04:00,3.6230494059499065,3.9249700310553877,3.617011176297474,3.864586591720581,3422866,0.0,0.0
2002-10-22 00:00:00-04:00,3.7740113620529296,3.931010337719684,3.689473452078523,3.8162801265716553,4015702,0.0,0.0
2002-10-23 00:00:00-04:00,3.62304921197048,3.852508783340454,3.4418969989808805,3.852508783340454,3011413,0.0,0.0
2002-10-24 00:00:00-04:00,3.8162805488849103,3.9430872374105914,3.74381947517395,3.74381947517395,2549686,0.0,0.0
2002-10-25 00:00:00-04:00,3.683434408849988,3.7740109208448787,3.60493550159911,3.6532421112060547,2190094,0.0,0.0
2002-10-28 00:00:00-05:00,3.743817607921417,3.9430852707720607,3.743817607921417,3.852508783340454,3689053,0.0,0.0
2002-10-29 00:00:00-05:00,3.852510213985335,3.894778977796432,3.5687049495136365,3.7981646060943604,2291436,0.0,0.0
2002-10-30 00:00:00-05:00,3.858549283751164,3.858549283751164,3.71966576455399,3.7740113735198975,2928461,0.0,0.0
2002-10-31 00:00:00-05:00,3.7438187061841277,3.7981643098361246,3.67739664033117,3.7377800941467285,1646738,0.0,0.0
2002-11-01 00:00:00-05:00,3.7196670297805263,4.226893901824951,3.7196670297805263,4.226893901824951,5569169,0.0,0.0
2002-11-04 00:00:00-05:00,4.347661379187657,4.534852676916145,4.2268929228908885,4.257084846496582,9211520,0.0,0.0
2002-11-05 00:00:00-05:00,4.13631811003083,4.269162680849624,4.0819717207053525,4.226893901824951,4920634,0.0,0.0
2002-11-06 00:00:00-05:00,4.2691618562173765,4.546929316376318,4.263124004575961,4.486545085906982,5109955,0.0,0.0
2002-11-07 00:00:00-05:00,4.492583153900492,4.504659998527901,4.275199950607127,4.347661018371582,2974898,0.0,0.0
2002-11-08 00:00:00-05:00,4.377852468271367,4.528812425324584,4.317468256887945,4.498620510101318,3635604,0.0,0.0
2002-11-11 00:00:00-05:00,4.438237147873998,4.6797740188890184,4.420121692079406,4.444275379180908,4757376,0.0,0.0
2002-11-12 00:00:00-05:00,4.44427639340382,4.619390474383815,4.426160933475121,4.4623918533325195,3793173,0.0,0.0
2002-11-13 00:00:00-05:00,4.438237339041667,4.66769737638944,4.377853118686989,4.661658763885498,3842124,0.0,0.0
2002-11-14 00:00:00-05:00,4.703928049544443,4.806581426004787,4.691851204133637,4.776389122009277,4377013,0.0,0.0
2002-11-15 00:00:00-05:00,4.764312214627335,4.8669655897524295,4.709966601454097,4.758273601531982,5097784,0.0,0.0
2002-11-18 00:00:00-05:00,4.830733692772945,4.848849147445918,4.716003876612778,4.7461957931518555,3092909,0.0,0.0
2002-11-19 00:00:00-05:00,4.746193846862088,4.746193846862088,4.583156345410369,4.6495795249938965,4094156,0.0,0.0
2002-11-20 00:00:00-05:00,4.29935393275261,4.7341203689575195,4.2450083186954926,4.7341203689575195,9457598,0.0,0.0
2002-11-21 00:00:00-05:00,4.830732973126183,4.933385931190862,4.77034876810671,4.879040718078613,5431709,0.0,0.0
2002-11-22 00:00:00-05:00,4.7824255946985135,4.945462363368047,4.734118234676361,4.939424514770508,4790848,0.0,0.0
2002-11-25 00:00:00-05:00,4.909234041199164,5.138694086227708,4.909234041199164,5.07227087020874,4601526,0.0,0.0
2002-11-26 00:00:00-05:00,4.987733112229545,5.1024633287396615,4.885080121502889,4.969618797302246,2802379,0.0,0.0
2002-11-27 00:00:00-05:00,4.975655777183955,5.247384548187256,4.975655777183955,5.247384548187256,2895650,0.0,0.0
2002-11-29 00:00:00-05:00,5.27757730233697,5.3681538276745595,5.102463245391846,5.102463245391846,1423283,0.0,0.0
2002-12-02 00:00:00-05:00,5.392307217452912,5.410422673888979,5.2171927892976955,5.374191761016846,6793076,0.0,0.0
2002-12-03 00:00:00-05:00,5.253422508090331,5.374190539487313,5.023962524656035,5.048116207122803,3664313,0.0,0.0
2002-12-04 00:00:00-05:00,4.782427182819522,4.830734177946365,4.6495818986441035,4.691850662231445,5667864,0.0,0.0
2002-12-05 00:00:00-05:00,4.7522351475036375,4.830734060289971,4.323507385847993,4.408045291900635,9813353,0.0,0.0
2002-12-06 00:00:00-05:00,4.347661622949473,4.559006242849848,4.317469697650998,4.4623918533325195,4832522,0.0,0.0
2002-12-09 00:00:00-05:00,4.462391704981432,4.468429556528574,3.973279636285216,3.9974329471588135,6241120,0.0,0.0
2002-12-10 00:00:00-05:00,4.347661622949473,4.504660624937787,4.226893159881539,4.4623918533325195,6154199,0.0,0.0
2002-12-11 00:00:00-05:00,4.408046166848576,4.432199478149414,4.190662936707924,4.432199478149414,4146547,0.0,0.0
2002-12-12 00:00:00-05:00,4.414082449889162,4.5167357958890575,4.329544557098551,4.341621398925781,2505365,0.0,0.0
2002-12-13 00:00:00-05:00,4.28727618703083,4.28727618703083,4.07593162650152,4.106123924255371,3016308,0.0,0.0
2002-12-16 00:00:00-05:00,4.100086234247781,4.257084846496582,4.051779232666072,4.257084846496582,4326210,0.0,0.0
2002-12-17 00:00:00-05:00,4.196701520160858,4.269162609509797,4.136318040910901,4.184624671936035,2205970,0.0,0.0
2002-12-18 00:00:00-05:00,4.015548441681615,4.021587436092706,3.774011902395515,3.912895441055298,5266466,0.0,0.0
2002-12-19 00:00:00-05:00,3.8162788524292326,4.051777427771846,3.8162788524292326,3.906855344772339,3632561,0.0,0.0
2002-12-20 00:00:00-05:00,3.9249712328631565,4.100085660455325,3.9128947698605354,4.0698933601379395,2878848,0.0,0.0
2002-12-23 00:00:00-05:00,4.009509666693684,4.063856042960179,3.840434210285332,3.8947794437408447,2681456,0.0,0.0
2002-12-24 00:00:00-05:00,3.85250841683803,4.0940459476352205,3.85250841683803,4.075930118560791,931657,0.0,0.0
2002-12-26 00:00:00-05:00,4.057816118673243,4.112161720608832,3.9974319048909734,4.0034708976745605,1318766,0.0,0.0
2002-12-27 00:00:00-05:00,3.943086874821708,4.0155479418694675,3.870625807773948,3.900818109512329,1503590,0.0,0.0
2002-12-30 00:00:00-05:00,3.943086801064787,3.9853555655835127,3.7438190608793067,3.8162801265716553,2806612,0.0,0.0
2002-12-31 00:00:00-05:00,3.876665292824396,3.997432991338115,3.665319915740335,3.8585498332977295,3455808,0.0,0.0
2003-01-02 00:00:00-05:00,3.9551641002444935,4.148393630981445,3.8887416395221654,4.148393630981445,4666221,0.0,0.0
2003-01-03 00:00:00-05:00,4.088008223148054,4.347660139692184,3.9853548740932427,4.281238079071045,3979849,0.0,0.0
2003-01-06 00:00:00-05:00,4.347660798245423,4.770349957866629,4.341622185768976,4.691850662231445,6368525,0.0,0.0
2003-01-07 00:00:00-05:00,4.770350154743732,4.921310901641846,4.709966313108841,4.921310901641846,5185895,0.0,0.0
2003-01-08 00:00:00-05:00,4.891117348466477,4.891117348466477,4.528812105733273,4.643542289733887,3617479,0.0,0.0
2003-01-09 00:00:00-05:00,4.685812101150371,5.01792512476316,4.685812101150371,4.915271759033203,4820218,0.0,0.0
2003-01-10 00:00:00-05:00,4.722041937303117,4.824695279614985,4.4805054903730746,4.589196681976318,6008669,0.0,0.0
2003-01-13 00:00:00-05:00,4.679773525188475,4.7703492708582695,4.414082614164529,4.498620510101318,5190526,0.0,0.0
2003-01-14 00:00:00-05:00,4.498618861392796,4.703925104853301,4.4382350530764585,4.6495795249938965,4560778,0.0,0.0
2003-01-15 00:00:00-05:00,4.649582680359533,4.6797749859439834,4.522775987341067,4.52881383895874,2443713,0.0,0.0
2003-01-16 00:00:00-05:00,4.61938948054783,4.649581780287617,4.5288129622654045,4.613350868225098,2093383,0.0,0.0
2003-01-17 00:00:00-05:00,4.498621187709622,4.498621187709622,4.232930998539668,4.238968849182129,3856545,0.0,0.0
2003-01-21 00:00:00-05:00,4.263123446942797,4.347660977605015,4.232931145188894,4.29935359954834,2113360,0.0,0.0
2003-01-22 00:00:00-05:00,4.28727666980577,4.3899300366039995,4.238968911772461,4.311429977416992,2945130,0.0,0.0
2003-01-23 00:00:00-05:00,4.408045156869929,4.951502345829717,4.371814245877427,4.468428611755371,4215343,0.0,0.0
2003-01-24 00:00:00-05:00,5.180962868232332,5.428538371245412,4.86092629813303,4.921310901641846,15618941,0.0,0.0
2003-01-27 00:00:00-05:00,4.824694633483887,4.89111668084664,4.7160026945631195,4.824694633483887,4002472,0.0,0.0
2003-01-28 00:00:00-05:00,4.897158096052637,5.048118096566991,4.830734873002398,5.0239644050598145,4031843,0.0,0.0
2003-01-29 00:00:00-05:00,4.9213114836377425,5.1386947106042244,4.860926872987823,5.0662336349487305,4311260,0.0,0.0
2003-01-30 00:00:00-05:00,5.180962285358107,5.180962285358107,4.860925751263901,4.891118049621582,3835509,0.0,0.0
2003-01-31 00:00:00-05:00,4.89111791250637,4.915271217203726,4.728080344006631,4.800541400909424,3173216,0.0,0.0
2003-02-03 00:00:00-05:00,4.697889436370545,4.830734735889409,4.6375055902535065,4.776389122009277,2443052,0.0,0.0
2003-02-04 00:00:00-05:00,4.661659220439225,4.764312214627335,4.552967994092749,4.758273601531982,3022923,0.0,0.0
2003-02-05 00:00:00-05:00,4.7824266359371,4.830733625539918,4.685811513920757,4.7280802726745605,2461309,0.0,0.0
2003-02-06 00:00:00-05:00,4.740158505542018,4.9394262449649835,4.679774284362793,4.679774284362793,3366770,0.0,0.0
2003-02-07 00:00:00-05:00,4.728080106154207,4.764311013719868,4.468428189116457,4.474466800689697,4057112,0.0,0.0
2003-02-10 00:00:00-05:00,4.438237074781113,4.480506216981081,4.148392834336505,4.468428611755371,4923809,0.0,0.0
2003-02-11 00:00:00-05:00,4.528813908096473,4.667698211155573,4.4623918252328965,4.559006214141846,2134925,0.0,0.0
2003-02-12 00:00:00-05:00,4.565045292390772,4.631467762952349,4.377854347229004,4.377854347229004,2166545,0.0,0.0
2003-02-13 00:00:00-05:00,4.3174689072100465,4.3174689072100465,4.202738697831773,4.238968849182129,4507461,0.0,0.0
2003-02-14 00:00:00-05:00,4.257084916639526,4.323508140102684,4.196700687496206,4.2872772216796875,4228043,0.0,0.0
2003-02-18 00:00:00-05:00,4.395967922154839,4.577120175368212,4.359737014387895,4.498620510101318,2759513,0.0,0.0
2003-02-19 00:00:00-05:00,4.504659660738146,4.510698273067518,4.408045291900635,4.408045291900635,4919443,0.0,0.0
2003-02-20 00:00:00-05:00,4.456353261538603,4.468430108936902,4.35973886328927,4.420123100280762,4694004,0.0,0.0
2003-02-21 00:00:00-05:00,4.4563515025465925,4.559004855381763,4.377852596847986,4.534851551055908,4112016,0.0,0.0
2003-02-24 00:00:00-05:00,4.468428857319294,4.67977419899676,4.43823731868585,4.637505054473877,4631691,0.0,0.0
2003-02-25 00:00:00-05:00,4.474466700612187,4.752234446157005,4.474466700612187,4.740157604217529,4659341,0.0,0.0
2003-02-26 00:00:00-05:00,4.67977373461192,4.860925614995085,4.637504594283502,4.800541400909424,6387444,0.0,0.0
2003-02-27 00:00:00-05:00,4.891118527745787,4.891118527745787,4.7461963957108715,4.836772918701172,3702416,0.0,0.0
2003-02-28 00:00:00-05:00,4.8850804515115325,4.921311369435524,4.818657990837209,4.909234523773193,2750385,0.0,0.0
2003-03-03 00:00:00-05:00,4.909233010433305,4.951501766753029,4.703926697462221,4.740157604217529,4485632,0.0,0.0
2003-03-04 00:00:00-05:00,4.740158353416153,4.740158353416153,4.57108215860353,4.619389533996582,2980851,0.0,0.0
2003-03-05 00:00:00-05:00,4.722043379859287,4.758273534170557,4.589198083949041,4.673735618591309,3192267,0.0,0.0
2003-03-06 00:00:00-05:00,4.655619884039523,4.818657473443666,4.589197811434134,4.794504165649414,3008105,0.0,0.0
2003-03-07 00:00:00-05:00,4.679772786621206,4.800540428454574,4.63750365485533,4.703926086425781,3116591,0.0,0.0
2003-03-10 00:00:00-05:00,4.619390025111954,4.770350398796284,4.619390025111954,4.69788932800293,1475939,0.0,0.0
2003-03-11 00:00:00-05:00,4.697889308756808,4.709966534776537,4.595236696958906,4.673735618591309,1873765,0.0,0.0
2003-03-12 00:00:00-05:00,4.637504347738168,4.673734493326539,4.226891713785221,4.323506832122803,5928892,0.0,0.0
2003-03-13 00:00:00-05:00,4.29935416192055,4.498621932000849,4.208778387622066,4.486545085906982,8555576,0.0,0.0
2003-03-14 00:00:00-05:00,4.486544409859753,4.510698479344884,4.28727666980577,4.311429977416992,4200657,0.0,0.0
2003-03-17 00:00:00-05:00,4.2933156458488515,4.613351474798423,4.245008264663184,4.595236778259277,4748909,0.0,0.0
2003-03-18 00:00:00-05:00,4.673734423794438,4.836771981201009,4.613350213817354,4.806580066680908,5110088,0.0,0.0
2003-03-19 00:00:00-05:00,4.824696415192933,4.824696415192933,4.6556198340171955,4.679774284362793,4397784,0.0,0.0
2003-03-20 00:00:00-05:00,4.67977414592608,4.7582730597314935,4.55900532620325,4.685811996459961,3888826,0.0,0.0
2003-03-21 00:00:00-05:00,4.770350154743732,4.9394263588818825,4.709966313108841,4.921310901641846,5128874,0.0,0.0
2003-03-24 00:00:00-05:00,4.7703499687684525,4.86092610862658,4.728080824147566,4.812618732452393,4922883,0.0,0.0
2003-03-25 00:00:00-05:00,4.806581188514374,5.1326552366210185,4.806581188514374,5.011887550354004,7187991,0.0,0.0
2003-03-26 00:00:00-05:00,4.981695237923197,5.2051162951332985,4.879042247676426,5.174924373626709,6900107,0.0,0.0
2003-03-27 00:00:00-05:00,5.138694481966866,5.621767536302642,5.0662334095354025,5.579498767852783,13474490,0.0,0.0
2003-03-28 00:00:00-05:00,5.555345526125898,5.784805210703291,5.507037762975348,5.54326868057251,14083997,0.0,0.0
2003-03-31 00:00:00-05:00,5.434575214066379,5.5976127752378835,5.313807172260264,5.470806121826172,6111599,0.0,0.0
2003-04-01 00:00:00-05:00,5.5191127312971595,5.760649179273459,5.404382547094974,5.6942267417907715,7652100,0.0,0.0
2003-04-02 00:00:00-05:00,5.857266012978866,6.020302848999599,5.8270740909610215,5.99614953994751,10510706,0.0,0.0
2003-04-03 00:00:00-05:00,6.038419327232238,6.135033722575832,5.893497162811285,6.014266014099121,11186097,0.0,0.0
2003-04-04 00:00:00-05:00,6.201456166887552,6.201456166887552,5.507037740828796,5.639883041381836,11525579,0.0,0.0
2003-04-07 00:00:00-04:00,5.645921165880042,5.694228546977097,5.374192337677596,5.440615177154541,10949942,0.0,0.0
2003-04-08 00:00:00-04:00,5.5191153319540325,5.5191153319540325,5.138695218563711,5.18096399307251,6512335,0.0,0.0
2003-04-09 00:00:00-04:00,5.259461003974887,5.368152969376343,5.138693338665865,5.1930389404296875,5996762,0.0,0.0
2003-04-10 00:00:00-04:00,5.132655210255829,5.422499484305271,5.048117677928379,5.271538734436035,4855542,0.0,0.0
2003-04-11 00:00:00-04:00,5.404383680494363,5.428538130325046,5.283616002584292,5.374191761016846,2924756,0.0,0.0
2003-04-14 00:00:00-04:00,5.398343678308523,5.59157272401118,5.356074931699539,5.525150299072266,6710918,0.0,0.0
2003-04-15 00:00:00-04:00,5.543267729458628,5.657997552061982,5.482883512052409,5.597613334655762,4334280,0.0,0.0
2003-04-16 00:00:00-04:00,5.73649780542041,5.7485742699882385,5.482884430756147,5.639883041381836,6676784,0.0,0.0
2003-04-17 00:00:00-04:00,5.676113269792392,5.73649787902832,5.561383426492926,5.73649787902832,2882817,0.0,0.0
2003-04-21 00:00:00-04:00,5.736497855886119,5.857266311996774,5.6821522411048235,5.8331122398376465,2926476,0.0,0.0
2003-04-22 00:00:00-04:00,5.7968817963741355,5.887458324432373,5.730458577402852,5.887458324432373,2838629,0.0,0.0
2003-04-23 00:00:00-04:00,5.88745624878431,5.88745624878431,5.537227866911807,5.700265407562256,10002806,0.0,0.0
2003-04-24 00:00:00-04:00,5.682152144265852,5.78480513974193,5.549306463871178,5.579498767852783,6896799,0.0,0.0
2003-04-25 00:00:00-04:00,5.615728496601603,5.736497322418311,5.5553450360356535,5.585536956787109,7894076,0.0,0.0
2003-04-28 00:00:00-04:00,5.5553450360356535,5.615728496601603,5.4708071246198315,5.585536956787109,4867582,0.0,0.0
2003-04-29 00:00:00-04:00,5.573460087195012,5.670075230204082,5.561383241936002,5.615728855133057,5492699,0.0,0.0
2003-04-30 00:00:00-04:00,5.6036506488161955,5.645919787424571,5.573458733470407,5.633842945098877,5582795,0.0,0.0
2003-05-01 00:00:00-04:00,5.633843065244274,5.682150816514137,5.615727610900962,5.657997131347656,6553084,0.0,0.0
2003-05-02 00:00:00-04:00,5.645920533721627,5.790842279849314,5.645920533721627,5.772727966308594,4537493,0.0,0.0
2003-05-05 00:00:00-04:00,5.84518738940231,6.020301801832245,5.796880779700551,5.953879356384277,6523184,0.0,0.0
2003-05-06 00:00:00-04:00,5.953880874062444,6.038418795868907,5.923688949600067,5.9418044090271,5747906,0.0,0.0
2003-05-07 00:00:00-04:00,5.92368723469489,5.92368723469489,5.712342681831402,5.845187187194824,6197064,0.0,0.0
2003-05-08 00:00:00-04:00,5.814996444692926,5.9055721982656335,5.676112174987793,5.676112174987793,3657566,0.0,0.0
2003-05-09 00:00:00-04:00,5.712343077788323,5.7546122198530885,5.6036511070323325,5.718380928039551,4043485,0.0,0.0
2003-05-12 00:00:00-04:00,5.857264450391595,6.3342987480711255,5.802918091009124,6.328260898590088,14242492,0.0,0.0
2003-05-13 00:00:00-04:00,6.267877453031024,7.1072171061067015,6.219569699120405,6.7388739585876465,19662691,0.0,0.0
2003-05-14 00:00:00-04:00,6.811336064254475,6.865681295791809,6.587915001339525,6.660376071929932,6262421,0.0,0.0
2003-05-15 00:00:00-04:00,6.726798266741394,6.883797645606577,6.702645336626462,6.817375183105469,4393286,0.0,0.0
2003-05-16 00:00:00-04:00,6.7509500112288165,6.913987956526857,6.684527567889132,6.853603363037109,3864218,0.0,0.0
2003-05-19 00:00:00-04:00,6.793219917961911,6.799258530706491,6.4369531941405755,6.473184108734131,4750628,0.0,0.0
2003-05-20 00:00:00-04:00,6.473184146715519,6.5818753673860755,6.2195704096313,6.346377849578857,5074367,0.0,0.0
2003-05-21 00:00:00-04:00,6.346377169564446,6.455068378588738,6.261838504387428,6.334299564361572,4282154,0.0,0.0
2003-05-22 00:00:00-04:00,6.3101456819145865,6.557721138000488,6.2256077863378945,6.557721138000488,4375955,0.0,0.0
2003-05-23 00:00:00-04:00,6.497336925043954,6.72075794784176,6.455068165257755,6.461106777191162,3965693,0.0,0.0
2003-05-27 00:00:00-04:00,6.4852608274720085,7.18571699489263,6.436952691164039,7.064948558807373,7304680,0.0,0.0
2003-05-28 00:00:00-04:00,7.083063721556853,7.342715671890462,7.077025871083142,7.161563396453857,7482756,0.0,0.0
2003-05-29 00:00:00-04:00,7.101179448018549,7.789559150581479,7.101179448018549,7.505753517150879,11654704,0.0,0.0
2003-05-30 00:00:00-04:00,7.5178289382259615,7.759365776165683,7.306484395497145,7.560097694396973,8989388,0.0,0.0
2003-06-02 00:00:00-04:00,7.729175577733681,7.8439054164106405,7.578215584474089,7.620484352111816,6603490,0.0,0.0
2003-06-03 00:00:00-04:00,7.578213941601463,7.656712846804132,7.391023072466173,7.638597011566162,6666729,0.0,0.0
2003-06-04 00:00:00-04:00,7.578214470328552,7.668789843468786,7.348754064835828,7.49367618560791,6800882,0.0,0.0
2003-06-05 00:00:00-04:00,7.306484486324628,7.795596017827429,7.276292190738401,7.741250038146973,5430915,0.0,0.0
2003-06-06 00:00:00-04:00,7.729174672154019,7.880135409600441,7.095140184378151,7.161563396453857,7516889,0.0,0.0
2003-06-09 00:00:00-04:00,7.161563425875612,7.161563425875612,6.9441802373342885,7.034757137298584,3775048,0.0,0.0
2003-06-10 00:00:00-04:00,7.095138549156009,7.19779188791089,6.750949152777285,6.841526031494141,5507781,0.0,0.0
2003-06-11 00:00:00-04:00,6.853604936561301,7.1434492233605384,6.702644941925511,6.913989543914795,6851685,0.0,0.0
2003-06-12 00:00:00-04:00,7.09514021352702,7.09514021352702,6.889835011604368,7.034757137298584,4101962,0.0,0.0
2003-06-13 00:00:00-04:00,7.095138549156009,7.101177921985574,6.835486658664575,6.841526031494141,2028291,0.0,0.0
2003-06-16 00:00:00-04:00,6.841527123843284,7.185716575176852,6.805296976070834,7.179677963256836,3471023,0.0,0.0
2003-06-17 00:00:00-04:00,7.179678132152185,7.45744514452126,7.179678132152185,7.306485176086426,5780981,0.0,0.0
2003-06-18 00:00:00-04:00,7.246099351248578,7.668787603916735,7.209868450699311,7.535943508148193,5428931,0.0,0.0
2003-06-19 00:00:00-04:00,7.535945944093516,7.572176094480312,7.022679131331596,7.1192946434021,4656299,0.0,0.0
2003-06-20 00:00:00-04:00,7.336676127554252,7.336676127554252,6.738873389803657,6.835487365722656,5318460,0.0,0.0
2003-06-23 00:00:00-04:00,6.85360416691766,6.85360416691766,6.533567612381028,6.793219566345215,3481078,0.0,0.0
2003-06-24 00:00:00-04:00,6.732834825754637,6.811333720477336,6.400721128423322,6.491297245025635,5834827,0.0,0.0
2003-06-25 00:00:00-04:00,6.509414294448903,6.714721033813885,6.400723073865154,6.455069065093994,4360740,0.0,0.0
2003-06-26 00:00:00-04:00,6.455069151216064,6.630183590915368,6.219570487644063,6.618106365203857,7442801,0.0,0.0
2003-06-27 00:00:00-04:00,6.660375749725905,6.781143432993667,6.4007230212658355,6.44903039932251,3876787,0.0,0.0
2003-06-30 00:00:00-04:00,6.642261232478694,6.642261232478694,6.201456891455351,6.219571590423584,10066442,0.0,0.0
2003-07-01 00:00:00-04:00,6.225608135784139,7.185716575176852,6.159186071222343,7.179677963256836,10967802,0.0,0.0
2003-07-02 00:00:00-04:00,7.179677504664142,7.819749756708823,7.179677504664142,7.747288703918457,14105826,0.0,0.0
2003-07-03 00:00:00-04:00,7.548025007134453,7.698985034915175,7.49367900095884,7.668792724609375,3271514,0.0,0.0
2003-07-07 00:00:00-04:00,7.75936891933518,7.9707127858015285,7.644639065307419,7.940521240234375,6000467,0.0,0.0
2003-07-08 00:00:00-04:00,7.698983826131783,7.789560742828103,7.457446905356302,7.717099666595459,7057279,0.0,0.0
2003-07-09 00:00:00-04:00,7.717098084468861,7.74728962197054,7.48763767583814,7.656713485717773,4143636,0.0,0.0
2003-07-10 00:00:00-04:00,7.523869034968576,7.620484560874967,7.270255660320509,7.457446575164795,3625682,0.0,0.0
2003-07-11 00:00:00-04:00,7.457446575164795,7.578215792079288,7.378947650793957,7.457446575164795,2170646,0.0,0.0
2003-07-14 00:00:00-04:00,7.602368216867914,7.849943723745145,7.548022987110471,7.837867259979248,4395668,0.0,0.0
2003-07-15 00:00:00-04:00,7.898249515192849,8.1337477491006,7.602366688969696,7.650674819946289,7958110,0.0,0.0
2003-07-16 00:00:00-04:00,7.650674042193787,7.7714416908000254,7.397059999249052,7.511789798736572,4209786,0.0,0.0
2003-07-17 00:00:00-04:00,7.397060997259065,7.566136032868851,7.3125227175803635,7.475560665130615,3112490,0.0,0.0
2003-07-18 00:00:00-04:00,7.433292479335872,7.463484778825654,7.046833483863051,7.064948558807373,7008857,0.0,0.0
2003-07-21 00:00:00-04:00,7.113255104862157,7.1555238621010915,6.660374474625324,6.684527397155762,5916191,0.0,0.0
2003-07-22 00:00:00-04:00,6.68452868454712,7.234024920103556,6.68452868454712,7.1374101638793945,5401280,0.0,0.0
2003-07-23 00:00:00-04:00,7.276291427668763,7.451405047582308,7.252137746107548,7.4091362953186035,6500693,0.0,0.0
2003-07-24 00:00:00-04:00,7.348754193139259,7.421215254790413,6.9562573472675755,7.064948558807373,7276368,0.0,0.0
2003-07-25 00:00:00-04:00,6.6422602341864945,6.6422602341864945,5.7364976135017836,6.002188205718994,23114927,0.0,0.0
2003-07-28 00:00:00-04:00,6.020302162626964,6.092763224332902,5.7787656712107704,5.875380039215088,8353025,0.0,0.0
2003-07-29 00:00:00-04:00,5.839149819744622,5.881418581434459,5.736496840685786,5.748573303222656,8544596,0.0,0.0
2003-07-30 00:00:00-04:00,5.8512263836580996,6.455068147560783,5.585536220865589,5.857264995574951,7290788,0.0,0.0
2003-07-31 00:00:00-04:00,5.881420315776206,6.092764948421575,5.845189393733926,6.014266014099121,7103849,0.0,0.0
2003-08-01 00:00:00-04:00,5.996148922035829,6.116917359535803,5.875380103598918,5.893495559692383,3637324,0.0,0.0
2003-08-04 00:00:00-04:00,5.89953503201228,5.935765187606611,5.6459212762930076,5.706305503845215,5940667,0.0,0.0
2003-08-05 00:00:00-04:00,5.893495437732358,5.893495437732358,5.531190132729985,5.555344581604004,4553369,0.0,0.0
2003-08-06 00:00:00-04:00,5.58553691715727,5.609690605961847,5.350038260844167,5.482883930206299,6129988,0.0,0.0
2003-08-07 00:00:00-04:00,5.4647666368545265,5.4647666368545265,5.193037919578248,5.217191219329834,5906798,0.0,0.0
2003-08-08 00:00:00-04:00,5.229269093620686,5.313807373682137,5.096424204504735,5.247384548187256,5493625,0.0,0.0
2003-08-11 00:00:00-04:00,5.2655011111462064,5.555345397728542,5.2655011111462064,5.440615177154541,6025471,0.0,0.0
2003-08-12 00:00:00-04:00,5.494959363009715,5.567420415832291,5.440613763861228,5.549304962158203,4021788,0.0,0.0
2003-08-13 00:00:00-04:00,5.6096901080759105,5.772727683504944,5.5493055104869216,5.676112174987793,3073064,0.0,0.0
2003-08-14 00:00:00-04:00,5.736495548888085,5.754611000487843,5.585535229928704,5.700265407562256,2845905,0.0,0.0
2003-08-15 00:00:00-04:00,5.724420477930336,5.736497322418311,5.585536956787109,5.585536956787109,1704553,0.0,0.0
2003-08-18 00:00:00-04:00,5.670074909988759,5.917649271474342,5.555345076975975,5.8633036613464355,4772855,0.0,0.0
2003-08-19 00:00:00-04:00,5.947842260607763,6.098803025730668,5.899535257655363,5.9418044090271,4749041,0.0,0.0
2003-08-20 00:00:00-04:00,5.941803793332093,6.086725929983356,5.772728348175922,5.947841644287109,3691038,0.0,0.0
2003-08-21 00:00:00-04:00,6.038417258089918,6.056532712903562,5.833110928844456,5.857264995574951,4090716,0.0,0.0
2003-08-22 00:00:00-04:00,5.905572764312994,5.905572764312994,5.537229578835211,5.585536956787109,6387576,0.0,0.0
2003-08-25 00:00:00-04:00,5.579498514364719,5.585537127261489,5.325885153313762,5.386268615722656,5119481,0.0,0.0
2003-08-26 00:00:00-04:00,5.374189619041798,5.525150299072266,5.199076022554985,5.525150299072266,8871773,0.0,0.0
2003-08-27 00:00:00-04:00,5.591575731110889,5.73649787902832,5.549306580833139,5.73649787902832,8719364,0.0,0.0
2003-08-28 00:00:00-04:00,6.696605835509867,7.034757478532368,6.642259845269915,6.932104110717773,26930856,0.0,0.0
2003-08-29 00:00:00-04:00,6.714720777403866,7.004565037057706,6.70868216485927,6.938141822814941,7844993,0.0,0.0
2003-09-02 00:00:00-04:00,7.064949006099513,7.0770262314096,6.732836738180884,6.974372863769531,6499767,0.0,0.0
2003-09-03 00:00:00-04:00,7.089102031710026,7.089102031710026,6.678489361433603,6.7388739585876465,7551949,0.0,0.0
2003-09-04 00:00:00-04:00,6.793220329207807,6.932104621371255,6.763028025531059,6.913989543914795,5113263,0.0,0.0
2003-09-05 00:00:00-04:00,6.944180965423584,7.04079572601634,6.811336050545525,6.944180965423584,6156051,0.0,0.0
2003-09-08 00:00:00-04:00,6.98644973336484,7.2400623094769845,6.944180208805606,7.161563396453857,4927646,0.0,0.0
2003-09-09 00:00:00-04:00,7.16759989628673,7.294406922321547,7.1253311415663685,7.191754341125488,5553822,0.0,0.0
2003-09-10 00:00:00-04:00,7.004565460373274,7.010603311408863,6.642260113910328,6.690567493438721,5624205,0.0,0.0
2003-09-11 00:00:00-04:00,6.7449106402944,6.877755497015143,6.461105095767118,6.799255847930908,3007311,0.0,0.0
2003-09-12 00:00:00-04:00,6.80529809734791,6.847566864004802,6.660375958632322,6.7569899559021,3377884,0.0,0.0
2003-09-15 00:00:00-04:00,6.817374112971885,6.817374112971885,6.545644930281439,6.630183219909668,4289166,0.0,0.0
2003-09-16 00:00:00-04:00,6.642259845269915,6.944180574174475,6.612067543817283,6.932104110717773,4416571,0.0,0.0
2003-09-17 00:00:00-04:00,6.938141918474322,7.578215048305154,6.8536043891800125,7.548022747039795,11255423,0.0,0.0
2003-09-18 00:00:00-04:00,7.535946816836361,7.753329268080092,7.3668702225375196,7.620484352111816,8750190,0.0,0.0
2003-09-19 00:00:00-04:00,7.608409327243234,7.988829069824991,7.560101175537454,7.95863676071167,7820518,0.0,0.0
2003-09-22 00:00:00-04:00,7.729176249353358,7.982789639091191,7.729176249353358,7.9525980949401855,7137056,0.0,0.0
2003-09-23 00:00:00-04:00,7.952597796821485,8.260556411611116,7.940520570114596,8.194134712219238,6966653,0.0,0.0
2003-09-24 00:00:00-04:00,8.260557075594631,8.453787385318687,7.88013735560754,7.892213821411133,9254782,0.0,0.0
2003-09-25 00:00:00-04:00,7.801637226281207,7.970712309347728,7.608408451080322,7.608408451080322,5123847,0.0,0.0
2003-09-26 00:00:00-04:00,7.608407787795755,7.759367779069644,7.499715801729642,7.674829483032227,5004777,0.0,0.0
2003-09-29 00:00:00-04:00,7.698982850238518,8.000903582000555,7.692944999389981,7.801636219024658,4859776,0.0,0.0
2003-09-30 00:00:00-04:00,7.80163844924207,7.958637091789044,7.698985051110888,7.783522605895996,4324226,0.0,0.0
2003-10-01 00:00:00-04:00,7.783518322846451,8.09147834777832,7.783518322846451,8.09147834777832,3859323,0.0,0.0
2003-10-02 00:00:00-04:00,8.091476393453144,8.296782265280036,7.982784466935611,8.127706527709961,4028932,0.0,0.0
2003-10-03 00:00:00-04:00,8.3028250760328,8.435669984689738,8.242440472553156,8.423593521118164,5326266,0.0,0.0
2003-10-06 00:00:00-04:00,8.36320724191607,8.755704800267877,8.302823412409362,8.725512504577637,5017081,0.0,0.0
2003-10-07 00:00:00-04:00,8.363204883402364,9.027430630026213,8.363204883402364,8.954970359802246,5073837,0.0,0.0
2003-10-08 00:00:00-04:00,8.97309118686424,9.01535996250578,8.695324076220857,8.755708694458008,5799238,0.0,0.0
2003-10-09 00:00:00-04:00,8.876474472891934,8.991204308292554,8.816090629687269,8.93082046508789,3158398,0.0,0.0
2003-10-10 00:00:00-04:00,8.936857814843314,8.948934277027792,8.604744819473346,8.659090042114258,4615418,0.0,0.0
2003-10-13 00:00:00-04:00,8.634938113576148,8.779860247746171,8.574553510068343,8.59870719909668,3764332,0.0,0.0
2003-10-14 00:00:00-04:00,8.671167441696928,8.761743576472417,8.502091634574883,8.74362850189209,2713076,0.0,0.0
2003-10-15 00:00:00-04:00,8.852324383508034,8.954977787931968,8.290750728460024,8.453788757324219,7144994,0.0,0.0
2003-10-16 00:00:00-04:00,8.333016722454483,8.68928344954347,8.1941339611728,8.610784530639648,4667412,0.0,0.0
2003-10-17 00:00:00-04:00,8.290746682538206,8.502091241193648,8.272631608796042,8.333015441894531,4562498,0.0,0.0
2003-10-20 00:00:00-04:00,8.24244321472253,8.333019388201759,8.09148317954854,8.121675491333008,3853105,0.0,0.0
2003-10-21 00:00:00-04:00,8.182055698192428,8.683244497692643,8.182055698192428,8.6168212890625,3050044,0.0,0.0
2003-10-22 00:00:00-04:00,8.04317055967443,8.127708833378051,7.2038310052610965,7.427252769470215,21737684,0.0,0.0
2003-10-23 00:00:00-04:00,7.4091392633591955,7.596330179977343,7.366870494162967,7.4876389503479,7039154,0.0,0.0
2003-10-24 00:00:00-04:00,7.505751752440837,7.8499411418615,7.4936745307732595,7.753326416015625,9735825,0.0,0.0
2003-10-27 00:00:00-05:00,7.753328906197893,7.952597032723548,7.705021527759792,7.765406131744385,4200393,0.0,0.0
2003-10-28 00:00:00-05:00,7.849940375863528,8.055246267315399,7.7593642696898675,8.025053977966309,3928119,0.0,0.0
2003-10-29 00:00:00-05:00,8.025059186084366,8.647016636197252,7.958636715908277,8.592671394348145,6494872,0.0,0.0
2003-10-30 00:00:00-05:00,8.634939949165979,8.785899966278274,8.242442228551019,8.320941925048828,5853746,0.0,0.0
2003-10-31 00:00:00-05:00,8.296789223559738,8.435672791144446,8.000906244195132,8.121675491333008,5078468,0.0,0.0
2003-11-03 00:00:00-05:00,8.115630737049713,8.453783033591682,8.115630737049713,8.411514282226562,3800582,0.0,0.0
2003-11-04 00:00:00-05:00,8.53832512358853,8.59870897771262,8.393402959441811,8.471901893615723,3100318,0.0,0.0
2003-11-05 00:00:00-05:00,8.411516992611135,8.526246824088055,8.163941491628899,8.459823608398438,2709901,0.0,0.0
2003-11-06 00:00:00-05:00,8.447747050188717,8.453785662797133,8.266594766927502,8.405477523803711,2386957,0.0,0.0
2003-11-07 00:00:00-05:00,8.333016221213693,8.411516659143489,7.868058301062754,7.9224042892456055,7825413,0.0,0.0
2003-11-10 00:00:00-05:00,7.970712164097386,8.000904469183652,7.608408312432246,7.680868625640869,5632937,0.0,0.0
2003-11-11 00:00:00-05:00,7.698981677265483,7.771442733273489,7.433291900443271,7.517829418182373,5289751,0.0,0.0
2003-11-12 00:00:00-05:00,7.457447512983411,8.182058334350586,7.457447512983411,8.182058334350586,5573667,0.0,0.0
2003-11-13 00:00:00-05:00,8.260557108739496,8.272634336465611,7.819752772343556,7.940521240234375,5777012,0.0,0.0
2003-11-14 00:00:00-05:00,7.9103307918265156,7.9948691201547595,7.554063918289644,7.614448547363281,4598483,0.0,0.0
2003-11-17 00:00:00-05:00,7.064947514755599,7.63859654904488,7.064947514755599,7.427252769470215,3174803,0.0,0.0
2003-11-18 00:00:00-05:00,7.529907653566291,7.614445953092008,7.143449359034687,7.1494879722595215,5673421,0.0,0.0
2003-11-19 00:00:00-05:00,7.167601620905244,7.246102061771974,6.9260654950119775,7.04079532623291,5864065,0.0,0.0
2003-11-20 00:00:00-05:00,6.992488826336362,7.324601898232677,6.992488826336362,7.010603904724121,4325945,0.0,0.0
2003-11-21 00:00:00-05:00,7.155524654817802,7.227985716057969,6.926065008494209,7.125332355499268,3059834,0.0,0.0
2003-11-24 00:00:00-05:00,7.294409420452007,7.511792641584887,7.221948346741048,7.4876389503479,3739989,0.0,0.0
2003-11-25 00:00:00-05:00,7.457445642404562,7.602367770326641,7.372908115386963,7.372908115386963,2177261,0.0,0.0
2003-11-26 00:00:00-05:00,7.487638879393418,7.535947023283607,7.403101341802058,7.457446575164795,1618823,0.0,0.0
2003-11-28 00:00:00-05:00,7.469521045537018,7.529904869840137,7.433290903329888,7.511789798736572,603950,0.0,0.0
2003-12-01 00:00:00-05:00,7.705023325759706,7.723139168306852,7.578216999174341,7.68690824508667,3126778,0.0,0.0
2003-12-02 00:00:00-05:00,7.590293308593935,7.638599935431022,7.3366791369231965,7.354794979095459,3563368,0.0,0.0
2003-12-03 00:00:00-05:00,7.378946871115766,7.487638088230638,6.841527874376059,6.877758026123047,8260415,0.0,0.0
2003-12-04 00:00:00-05:00,7.246104029268843,7.276295577032058,6.8536062896058265,6.883798599243164,7498103,0.0,0.0
2003-12-05 00:00:00-05:00,6.847566079102559,7.016641126349903,6.823411630211383,6.950218677520752,3275483,0.0,0.0
2003-12-08 00:00:00-05:00,6.944180511539062,6.99248788867798,6.642259785357779,6.85964298248291,4564615,0.0,0.0
2003-12-09 00:00:00-05:00,6.901910395062759,6.944179151311219,6.575836044183557,6.581873893737793,4697708,0.0,0.0
2003-12-10 00:00:00-05:00,6.5818746621381035,6.636220647587175,6.219569743204306,6.334299564361572,5660059,0.0,0.0
2003-12-11 00:00:00-05:00,6.346375308258544,6.823409527505009,6.346375308258544,6.799255847930908,7261418,0.0,0.0
2003-12-12 00:00:00-05:00,6.932104376054781,7.004565445190305,6.763027786197946,6.907949924468994,4458775,0.0,0.0
2003-12-15 00:00:00-05:00,7.2461014224266345,7.397061392556034,6.1591862852500245,6.279953956604004,9642024,0.0,0.0
2003-12-16 00:00:00-05:00,6.400722181604743,6.491298313110547,6.237684992519532,6.461106777191162,8716453,0.0,0.0
2003-12-17 00:00:00-05:00,6.461108030838131,6.473184495174312,6.346378191211525,6.4188385009765625,4905816,0.0,0.0
2003-12-18 00:00:00-05:00,6.418837255531139,6.587913818423582,6.4127994054715565,6.461106777191162,3772931,0.0,0.0
2003-12-19 00:00:00-05:00,6.473184442610655,6.509414597198977,6.249762997339767,6.292031764984131,4716098,0.0,0.0
2003-12-22 00:00:00-05:00,6.4127984864105585,6.473182311469143,6.316183756817851,6.442990779876709,2978205,0.0,0.0
2003-12-23 00:00:00-05:00,6.461106477826567,6.59998997461704,6.436952031212096,6.587913513183594,3039989,0.0,0.0
2003-12-24 00:00:00-05:00,6.599991745903638,6.612068210578131,6.521492058960456,6.5939531326293945,934832,0.0,0.0
2003-12-26 00:00:00-05:00,6.581875626447872,6.6966062262881545,6.581875626447872,6.660376071929932,1185408,0.0,0.0
2003-12-29 00:00:00-05:00,6.756987099144637,6.86567827629128,6.732834181444162,6.799255847930908,4299882,0.0,0.0
2003-12-30 00:00:00-05:00,6.847566569257123,7.125332847028196,6.829450731291994,6.974372863769531,6602828,0.0,0.0
2003-12-31 00:00:00-05:00,7.070987268303787,7.149486943307014,6.956257442913764,7.1192946434021,5690223,0.0,0.0
2004-01-02 00:00:00-05:00,7.240062523606519,7.415176953748536,7.185717296492569,7.403100490570068,7175555,0.0,0.0
2004-01-05 00:00:00-05:00,7.566139751276239,7.6084100547002,7.415179715024231,7.481602191925049,4898275,0.0,0.0
2004-01-06 00:00:00-05:00,7.578213766292075,7.6989814271753145,7.493675489425266,7.650674819946289,7799614,0.0,0.0
2004-01-07 00:00:00-05:00,7.698984058520532,7.789560977950857,7.457447130454419,7.711060523986816,5421125,0.0,0.0
2004-01-08 00:00:00-05:00,7.795596236285909,8.031094472335637,7.723135943846414,8.00090217590332,7806097,0.0,0.0
2004-01-09 00:00:00-05:00,7.855981965931734,8.182057170085148,7.789560269100485,7.849944114685059,6500428,0.0,0.0
2004-01-12 00:00:00-05:00,7.928443128290231,7.9948663496278956,7.849944204321326,7.904290199279785,4097993,0.0,0.0
2004-01-13 00:00:00-05:00,8.031095883738935,8.097518338064233,7.765406066437741,7.801636219024658,5692737,0.0,0.0
2004-01-14 00:00:00-05:00,7.849942052506586,7.849942052506586,7.65067472873841,7.747288703918457,4176976,0.0,0.0
2004-01-15 00:00:00-05:00,7.698986113817278,7.783523680271274,7.5359495961914975,7.614448547363281,4124320,0.0,0.0
2004-01-16 00:00:00-05:00,7.632560395913219,7.849943597056498,7.584253017881379,7.801636219024658,4219179,0.0,0.0
2004-01-20 00:00:00-05:00,7.849945582431445,7.940521748680803,7.741253573432921,7.8318305015563965,3462159,0.0,0.0
2004-01-21 00:00:00-05:00,7.00456654646467,7.052873171609288,6.5758386771423725,6.744914531707764,20027839,0.0,0.0
2004-01-22 00:00:00-05:00,6.630181487272708,6.672450240103961,6.340337304646345,6.491297245025635,12389101,0.0,0.0
2004-01-23 00:00:00-05:00,6.7267975406594145,6.799258608804909,6.587914779056304,6.678490161895752,8164233,0.0,0.0
2004-01-26 00:00:00-05:00,6.684527889916708,6.775104784514879,6.684527889916708,6.750950336456299,4974612,0.0,0.0
2004-01-27 00:00:00-05:00,6.7932199214126285,6.89587329062693,6.612067633974615,6.6482977867126465,8543008,0.0,0.0
2004-01-28 00:00:00-05:00,6.71472104159592,6.726797505286363,6.491299225520367,6.521491527557373,4770870,0.0,0.0
2004-01-29 00:00:00-05:00,6.533569229298913,6.575838764909981,6.08068804135971,6.219571590423584,9030004,0.0,0.0
2004-01-30 00:00:00-05:00,6.430915630626012,6.430915630626012,6.110879426160916,6.17730188369751,3627931,0.0,0.0
2004-02-02 00:00:00-05:00,6.279954876509604,6.364492792152437,6.1048408131465095,6.17730188369751,6990335,0.0,0.0
2004-02-03 00:00:00-05:00,6.225607874295325,6.24976155908706,6.04445561929421,6.086724758148193,5952442,0.0,0.0
2004-02-04 00:00:00-05:00,5.9478405387102145,6.074647194240928,5.8210338831795,5.845187187194824,9878312,0.0,0.0
2004-02-05 00:00:00-05:00,5.9780336696650505,6.116917567991449,5.875380303823326,6.068610191345215,7312618,0.0,0.0
2004-02-06 00:00:00-05:00,6.098802843495315,6.5939531326293945,6.098802843495315,6.5939531326293945,9657371,0.0,0.0
2004-02-09 00:00:00-05:00,6.63018239278542,6.636220242676143,6.370530086585705,6.37656831741333,5065370,0.0,0.0
2004-02-10 00:00:00-05:00,6.340339636000367,6.521491935815014,6.279955028146166,6.3705315589904785,4303058,0.0,0.0
2004-02-11 00:00:00-05:00,6.388644668417406,6.5396046087966955,6.370529216534833,6.491297245025635,3983685,0.0,0.0
2004-02-12 00:00:00-05:00,6.442991327329136,6.587913434032037,6.412799031297586,6.557721138000488,3804022,0.0,0.0
2004-02-13 00:00:00-05:00,6.702644725289215,6.823412412344923,6.648297970928434,6.7569899559021,7006343,0.0,0.0
2004-02-17 00:00:00-05:00,6.799257203375064,6.847565334027206,6.702643227692116,6.7267961502075195,5723563,0.0,0.0
2004-02-18 00:00:00-05:00,6.714721801683928,6.823413034697193,6.684529496229237,6.817375183105469,3545640,0.0,0.0
2004-02-19 00:00:00-05:00,6.859644325151482,7.004566484934493,6.587915846963882,6.871720790863037,6625319,0.0,0.0
2004-02-20 00:00:00-05:00,6.84756577870502,6.883795926704672,6.551682935254603,6.636220455169678,4115324,0.0,0.0
2004-02-23 00:00:00-05:00,6.64225938825341,6.696605374754121,6.382607442123373,6.467144966125488,3772535,0.0,0.0
2004-02-24 00:00:00-05:00,6.406761005272641,6.418837467664741,6.195416437483183,6.334299564361572,5754918,0.0,0.0
2004-02-25 00:00:00-05:00,6.382606877881826,6.7388735410185925,6.346376731333448,6.702643394470215,6355692,0.0,0.0
2004-02-26 00:00:00-05:00,6.702644436779585,7.016641628607001,6.636221221321944,6.974372863769531,7857826,0.0,0.0
2004-02-27 00:00:00-05:00,6.974372779946892,7.00456508098532,6.744913120552213,6.877758026123047,4894703,0.0,0.0
2004-03-01 00:00:00-05:00,6.877759585844833,7.0106045215419215,6.823413584025988,7.004566669464111,3826248,0.0,0.0
2004-03-02 00:00:00-05:00,6.992487681610842,7.0347572067611095,6.756989415500857,6.793219566345215,5975197,0.0,0.0
2004-03-03 00:00:00-05:00,6.85360416691766,6.926065230480262,6.702644189234321,6.793219566345215,5198861,0.0,0.0
2004-03-04 00:00:00-05:00,6.787183245259977,6.889836632241458,6.720760017287219,6.871720790863037,2759513,0.0,0.0
2004-03-05 00:00:00-05:00,6.763027489242882,6.8958731577619155,6.702644410425535,6.7751054763793945,3404741,0.0,0.0
2004-03-08 00:00:00-05:00,6.769067672500034,6.811336442221479,6.509414917070581,6.515454292297363,4456790,0.0,0.0
2004-03-09 00:00:00-05:00,6.521491370734727,6.569798748082713,6.3463776992537095,6.394684314727783,3716175,0.0,0.0
2004-03-10 00:00:00-05:00,6.4369525589396375,6.551683142269298,6.219569759388469,6.249762058258057,4537625,0.0,0.0
2004-03-11 00:00:00-05:00,6.1471089557880845,6.267877775370043,6.062571048736572,6.062571048736572,4649022,0.0,0.0
2004-03-12 00:00:00-05:00,6.110878607528012,6.388646007429569,6.110878607528012,6.364491939544678,3495895,0.0,0.0
2004-03-15 00:00:00-05:00,6.3644928949296276,6.442992960699676,6.189378447801712,6.243724822998047,5111940,0.0,0.0
2004-03-16 00:00:00-05:00,6.267877618745989,6.581874789502873,6.267877618745989,6.467144966125488,5495742,0.0,0.0
2004-03-17 00:00:00-05:00,6.551682865022329,6.606028086439242,6.497336881731597,6.5637593269348145,3038402,0.0,0.0
2004-03-18 00:00:00-05:00,6.563758290682226,6.563758290682226,6.364490605595026,6.491297245025635,2102776,0.0,0.0
2004-03-19 00:00:00-05:00,6.4912990813379166,6.527529995352362,6.292031339880213,6.352415561676025,1606387,0.0,0.0
2004-03-22 00:00:00-05:00,6.267877994114334,6.310146758646768,6.038417952680816,6.141071319580078,5107706,0.0,0.0
2004-03-23 00:00:00-05:00,6.195416928398486,6.255801149828359,6.0867257107616695,6.141071319580078,3536379,0.0,0.0
2004-03-24 00:00:00-05:00,6.159186213608107,6.201454974277727,6.098801616759644,6.153147220611572,2719162,0.0,0.0
2004-03-25 00:00:00-05:00,6.219570744437781,6.551684179918399,6.201456047933507,6.4188385009765625,4947226,0.0,0.0
2004-03-26 00:00:00-05:00,6.40072246996662,6.455068456067998,6.340338633533646,6.364491939544678,2054354,0.0,0.0
2004-03-29 00:00:00-05:00,6.606028226539168,6.756988955826619,6.557721615990926,6.708681583404541,4178828,0.0,0.0
2004-03-30 00:00:00-05:00,6.702644725289215,6.80529809734791,6.648297970928434,6.7569899559021,2554316,0.0,0.0
2004-03-31 00:00:00-05:00,6.853603289083779,6.9260643433653115,6.76302639982652,6.781142234802246,2868132,0.0,0.0
2004-04-01 00:00:00-05:00,6.805298317302068,6.9260660082611105,6.7751060136253205,6.913989543914795,2472555,0.0,0.0
2004-04-02 00:00:00-05:00,7.016641954693889,7.046834257498326,6.835488899741219,7.022679805755615,5024357,0.0,0.0
2004-04-05 00:00:00-04:00,7.00456516517083,7.058911155318386,6.9019117975307624,6.974372863769531,3617876,0.0,0.0
2004-04-06 00:00:00-04:00,6.853605253460004,7.010603868465279,6.805298631967157,6.8958740234375,4993531,0.0,0.0
2004-04-07 00:00:00-04:00,6.461106922815019,6.889834666020953,6.40072232586762,6.86568021774292,6229875,0.0,0.0
2004-04-08 00:00:00-04:00,6.90795048834221,6.99248879017121,6.793220643314431,6.8958740234375,2568737,0.0,0.0
2004-04-12 00:00:00-04:00,6.889835281576513,6.992487886560191,6.811335603281068,6.968334197998047,2420032,0.0,0.0
2004-04-13 00:00:00-04:00,7.010602336168067,7.064948321045958,6.83548791926922,6.86568021774292,3593003,0.0,0.0
2004-04-14 00:00:00-04:00,6.702643809794296,6.883796077508737,6.642259212640252,6.7388739585876465,2522564,0.0,0.0
2004-04-15 00:00:00-04:00,6.73283787917835,6.787183116661744,6.551684801944904,6.6120686531066895,3134055,0.0,0.0
2004-04-16 00:00:00-04:00,6.569798914117868,6.569798914117868,6.346377859642459,6.358454704284668,3769756,0.0,0.0
2004-04-19 00:00:00-04:00,6.364492540024916,6.479222754320819,6.358454689123658,6.455069065093994,2905176,0.0,0.0
2004-04-20 00:00:00-04:00,6.51545367430167,6.702644575490587,6.346377849578857,6.346377849578857,2705403,0.0,0.0
2004-04-21 00:00:00-04:00,6.310146605596502,6.418837820597054,6.1108788701795635,6.189377784729004,5335394,0.0,0.0
2004-04-22 00:00:00-04:00,6.0686101473286564,6.0686101473286564,5.229269674656673,5.422499179840088,24408424,0.0,0.0
2004-04-23 00:00:00-04:00,5.603651404458797,5.603651404458797,5.3379615993395095,5.362114906311035,10283679,0.0,0.0
2004-04-26 00:00:00-04:00,5.404383116594287,5.422498571140165,5.132654345901365,5.1930389404296875,6084212,0.0,0.0
2004-04-27 00:00:00-04:00,5.313809131377998,5.313809131377998,5.042079508618464,5.060194969177246,8259224,0.0,0.0
2004-04-28 00:00:00-04:00,5.078309061738006,5.253423482573327,4.9816946948863245,5.132654666900635,3877581,0.0,0.0
2004-04-29 00:00:00-04:00,5.138694100743461,5.223231631371607,4.8971575914944,4.975656509399414,5157583,0.0,0.0
2004-04-30 00:00:00-04:00,5.017923818218124,5.072269412267224,4.879040718078613,4.879040718078613,3170305,0.0,0.0
2004-05-03 00:00:00-04:00,4.879042488950783,5.005848794111364,4.752235802853212,4.764312267303467,4394874,0.0,0.0
2004-05-04 00:00:00-04:00,4.770350010189238,4.9937718174032915,4.770350010189238,4.915271759033203,4492908,0.0,0.0
2004-05-05 00:00:00-04:00,5.253424610343544,5.253424610343544,4.921311533992836,5.138694763183594,5765105,0.0,0.0
2004-05-06 00:00:00-04:00,5.162847807211789,5.283616642560786,4.981695506530774,5.042078971862793,4570833,0.0,0.0
2004-05-07 00:00:00-04:00,5.017923912785596,5.223230213720995,5.011886063575138,5.0903849601745605,2740198,0.0,0.0
2004-05-10 00:00:00-04:00,5.072270886666035,5.072270886666035,4.903195444401809,4.921310901641846,2889300,0.0,0.0
2004-05-11 00:00:00-04:00,4.975657022045461,5.0903868662360505,4.945464717192988,5.0239644050598145,2630124,0.0,0.0
2004-05-12 00:00:00-04:00,5.042078506649607,5.084348414136206,4.891118523968585,4.999809741973877,2412094,0.0,0.0
2004-05-13 00:00:00-04:00,4.951502280956606,5.023963340118394,4.921310363440988,4.957540512084961,2110582,0.0,0.0
2004-05-14 00:00:00-04:00,4.963578962911313,5.0420778697145465,4.830733692096767,4.842810153961182,2521109,0.0,0.0
2004-05-17 00:00:00-04:00,4.758271443310695,4.860924390938246,4.752233594827917,4.824694633483887,1974445,0.0,0.0
2004-05-18 00:00:00-04:00,4.830734231370342,4.969618510495102,4.830734231370342,4.860926151275635,3064068,0.0,0.0
2004-05-19 00:00:00-04:00,4.963578637538537,5.048116531606161,4.897156577890729,4.903194427490234,2600224,0.0,0.0
2004-05-20 00:00:00-04:00,4.921310901641846,5.011887425968107,4.891118599887438,4.921310901641846,1503854,0.0,0.0
2004-05-21 00:00:00-04:00,4.909233637442138,5.017924847842611,4.909233637442138,4.98169469833374,2579321,0.0,0.0
2004-05-24 00:00:00-04:00,4.981694780489965,5.30776917894274,4.981694780489965,5.229269504547119,4615682,0.0,0.0
2004-05-25 00:00:00-04:00,5.138694902271013,5.452692527552858,5.138694902271013,5.410423755645752,4218253,0.0,0.0
2004-05-26 00:00:00-04:00,5.404381526485815,5.59157272401118,5.374189619041798,5.525150299072266,2780946,0.0,0.0
2004-05-27 00:00:00-04:00,5.585538246482227,5.6459221019277095,5.34400092001505,5.434577465057373,4277524,0.0,0.0
2004-05-28 00:00:00-04:00,5.434576107666019,5.531190480809697,5.356077191380937,5.519114017486572,1737628,0.0,0.0
2004-06-01 00:00:00-04:00,5.458730888197449,5.555346430222095,5.434577574096872,5.537230968475342,1399866,0.0,0.0
2004-06-02 00:00:00-04:00,5.53722736930931,5.53722736930931,5.39230529328203,5.40438175201416,1881438,0.0,0.0
2004-06-03 00:00:00-04:00,5.404383734047517,5.531190406608758,5.325884818815498,5.38023042678833,2275957,0.0,0.0
2004-06-04 00:00:00-04:00,5.452691974114398,5.5251530451179285,5.434576515895023,5.5009989738464355,1697806,0.0,0.0
2004-06-07 00:00:00-04:00,5.531191973310348,5.579499744322671,5.482885345109196,5.537230968475342,1420637,0.0,0.0
2004-06-08 00:00:00-04:00,5.5070376287389475,5.621767468231054,5.494960783479937,5.615728855133057,2013606,0.0,0.0
2004-06-09 00:00:00-04:00,5.591575148889936,5.6761126787689955,5.464768473134387,5.482883930206299,1758399,0.0,0.0
2004-06-10 00:00:00-04:00,5.494960741731299,5.609690961288716,5.464768819281653,5.5009989738464355,1459798,0.0,0.0
2004-06-14 00:00:00-04:00,5.500999110211686,5.54326864075038,5.392307881949005,5.428538799285889,1242959,0.0,0.0
2004-06-15 00:00:00-04:00,5.4708065411075495,5.579497748969433,5.4406142426394215,5.561382293701172,1518010,0.0,0.0
2004-06-16 00:00:00-04:00,5.561382772237554,5.567421384825549,5.440614710784159,5.452691555023193,1691588,0.0,0.0
2004-06-17 00:00:00-04:00,5.4224997187746515,5.458729873660457,5.380230950783221,5.440615177154541,1458211,0.0,0.0
2004-06-18 00:00:00-04:00,5.452691221384867,5.567421044167153,5.4406143778847875,5.555344581604004,1722811,0.0,0.0
2004-06-21 00:00:00-04:00,5.513076680393286,5.549306838115382,5.3500390659587715,5.368154525756836,1845320,0.0,0.0
2004-06-22 00:00:00-04:00,5.368153923496421,5.434576379784261,5.253424087749434,5.331923007965088,2656319,0.0,0.0
2004-06-23 00:00:00-04:00,5.392307406720656,5.4949603936716285,5.362115105246456,5.482883930206299,2117329,0.0,0.0
2004-06-24 00:00:00-04:00,5.416460524472759,5.494960200800807,5.343999460602382,5.374191761016846,1813172,0.0,0.0
2004-06-25 00:00:00-04:00,5.3439993290491055,5.4526913031159445,5.229269504547119,5.229269504547119,3916609,0.0,0.0
2004-06-28 00:00:00-04:00,5.301731657722355,5.3440004288365905,5.1870014286721196,5.1990790367126465,1648590,0.0,0.0
2004-06-29 00:00:00-04:00,5.199078966916819,5.301731586548452,5.193040353446129,5.23530912399292,1593024,0.0,0.0
2004-06-30 00:00:00-04:00,5.253423572846256,5.277576879271521,5.150770211088434,5.229269504547119,2096426,0.0,0.0
2004-07-01 00:00:00-04:00,5.199079454245599,5.241348228754397,5.15680991786271,5.18096399307251,1612340,0.0,0.0
2004-07-02 00:00:00-04:00,5.187000702254532,5.187000702254532,4.891118584017903,5.07227087020874,3906687,0.0,0.0
2004-07-06 00:00:00-04:00,4.981695959445371,4.98773381130942,4.860927113116586,4.873003959655762,2280720,0.0,0.0
2004-07-07 00:00:00-04:00,4.873001323334819,4.963577813844764,4.873001323334819,4.939424514770508,2071289,0.0,0.0
2004-07-08 00:00:00-04:00,4.891118049621582,4.927348198151728,4.866964744247124,4.891118049621582,1530711,0.0,0.0
2004-07-09 00:00:00-04:00,4.903195295821744,4.933387215724292,4.891118451673335,4.915271759033203,1182101,0.0,0.0
2004-07-12 00:00:00-04:00,4.891117495271086,4.921309790206827,4.812617833187662,4.8186564445495605,1262936,0.0,0.0
2004-07-13 00:00:00-04:00,4.830734230931286,4.963579516563792,4.812618774240197,4.915271759033203,1362690,0.0,0.0
2004-07-14 00:00:00-04:00,4.854888258010227,4.9635794734652015,4.782427193748947,4.812618732452393,2712812,0.0,0.0
2004-07-15 00:00:00-04:00,4.84281178411217,4.9515037868480665,4.836773932084455,4.854889392852783,1111320,0.0,0.0
2004-07-16 00:00:00-04:00,4.90923399665418,4.9213108410197846,4.794504165649414,4.794504165649414,1386239,0.0,0.0
2004-07-19 00:00:00-04:00,4.788465466880329,4.933387215724292,4.679774250481592,4.915271759033203,3190944,0.0,0.0
2004-07-20 00:00:00-04:00,4.903194502585585,5.1628464193015695,4.848848903178219,5.114538669586182,2522167,0.0,0.0
2004-07-21 00:00:00-04:00,5.090386777737786,5.162847850999555,4.667697945584792,4.782427787780762,5158642,0.0,0.0
2004-07-22 00:00:00-04:00,4.7582719271028155,4.897156170052881,4.528811948028818,4.879040718078613,4177240,0.0,0.0
2004-07-23 00:00:00-04:00,4.836773286149642,4.842811137371022,4.679774678788295,4.758273601531982,2132676,0.0,0.0
2004-07-26 00:00:00-04:00,4.740156988474722,4.788463969020703,4.649580495226033,4.703926086425781,1087241,0.0,0.0
2004-07-27 00:00:00-04:00,4.655619366415573,4.963579053967209,4.637504673286641,4.885079383850098,3478432,0.0,0.0
2004-07-28 00:00:00-04:00,4.830734735889409,4.885080349769539,4.728081359429064,4.776389122009277,1555187,0.0,0.0
2004-07-29 00:00:00-04:00,4.770350285929745,5.030002259660737,4.770350285929745,4.969618797302246,3216213,0.0,0.0
2004-07-30 00:00:00-04:00,4.589197342131992,4.589197342131992,4.196699749919089,4.232930660247803,13947463,0.0,0.0
2004-08-02 00:00:00-04:00,4.22689204499371,4.359737319329081,4.196699746721758,4.329545021057129,4750364,0.0,0.0
2004-08-03 00:00:00-04:00,4.299354582241369,4.31747004362171,4.184624342664673,4.1906633377075195,3311337,0.0,0.0
2004-08-04 00:00:00-04:00,4.1846229181990475,4.263122970167367,4.13631630741877,4.245007514953613,3142390,0.0,0.0
2004-08-05 00:00:00-04:00,4.245007842635436,4.299353450597919,4.172546778060827,4.238968849182129,1534945,0.0,0.0
2004-08-06 00:00:00-04:00,4.160469526900626,4.22689197246004,4.100085312329836,4.106123924255371,2799997,0.0,0.0
2004-08-09 00:00:00-04:00,4.10612403660047,4.196699789529474,3.912894544687109,3.973278760910034,3514946,0.0,0.0
2004-08-10 00:00:00-04:00,3.973279517680743,4.166509046397568,3.9672405235028503,4.1544318199157715,2303740,0.0,0.0
2004-08-11 00:00:00-04:00,4.136316233852745,4.154430926870482,3.9672396706965904,4.118200778961182,1936211,0.0,0.0
2004-08-12 00:00:00-04:00,4.075932059415837,4.075932059415837,3.906856621596636,3.9491257667541504,2252143,0.0,0.0
2004-08-13 00:00:00-04:00,3.9913952927113936,4.039701916844026,3.8585499811930197,3.93704891204834,2315647,0.0,0.0
2004-08-16 00:00:00-04:00,3.937048972028631,3.9672408982742633,3.888741966223025,3.9551644325256348,2376902,0.0,0.0
2004-08-17 00:00:00-04:00,3.9430870245609464,4.045740397245362,3.937048411609168,3.967240333557129,2644809,0.0,0.0
2004-08-18 00:00:00-04:00,3.924971283629102,4.311429913756738,3.9189334329866417,4.238968849182129,2744167,0.0,0.0
2004-08-19 00:00:00-04:00,4.263122955294821,4.359737319329081,4.2208538139014715,4.329545021057129,2503910,0.0,0.0
2004-08-20 00:00:00-04:00,4.3295452391368086,4.5891975697940275,4.299353320281004,4.5167365074157715,5026739,0.0,0.0
2004-08-23 00:00:00-04:00,4.5469293679111,4.5650448277257265,4.480507285047524,4.559006214141846,2034642,0.0,0.0
2004-08-24 00:00:00-04:00,4.5288138661638015,4.5831594832304585,4.3838917127367,4.432199478149414,2010431,0.0,0.0
2004-08-25 00:00:00-04:00,4.383890510366861,4.5710817643377535,4.383890510366861,4.552967071533203,1301567,0.0,0.0
2004-08-26 00:00:00-04:00,4.48050581809163,4.64354261742153,4.47446682554795,4.498620510101318,959704,0.0,0.0
2004-08-27 00:00:00-04:00,4.492582873037781,4.589197624016993,4.48654426063311,4.522775173187256,740351,0.0,0.0
2004-08-30 00:00:00-04:00,4.522774684211011,4.552966981096268,4.474466933007218,4.510697841644287,488452,0.0,0.0
2004-08-31 00:00:00-04:00,4.528813438567477,4.528813438567477,4.3959689056760896,4.504660129547119,1299054,0.0,0.0
2004-09-01 00:00:00-04:00,4.619390146712728,4.776389137564501,4.504660305404928,4.7341203689575195,3718424,0.0,0.0
2004-09-02 00:00:00-04:00,4.740157942492212,4.873002451432941,4.697888421282221,4.842810153961182,2671005,0.0,0.0
2004-09-03 00:00:00-04:00,4.722043087975342,4.842810769463858,4.7160044753387425,4.836772918701172,2365656,0.0,0.0
2004-09-07 00:00:00-04:00,4.981694973254882,5.114539497013486,4.915271759033203,4.915271759033203,4999220,0.0,0.0
2004-09-08 00:00:00-04:00,4.939426356808473,5.03604073194592,4.92131089957604,4.975656509399414,1861196,0.0,0.0
2004-09-09 00:00:00-04:00,4.975657022045461,5.036041250813403,4.903195947523929,5.0239644050598145,1524890,0.0,0.0
2004-09-10 00:00:00-04:00,5.0420791559986045,5.168886609167682,5.0420791559986045,5.162847995758057,3506082,0.0,0.0
2004-09-13 00:00:00-04:00,5.180963454460778,5.253424529746005,5.0541567631801305,5.096425533294678,3280114,0.0,0.0
2004-09-14 00:00:00-04:00,5.096425111660201,5.223231792449951,5.02396404236978,5.223231792449951,3998768,0.0,0.0
2004-09-15 00:00:00-04:00,5.162847807211789,5.187001117157199,5.017925661917384,5.042078971862793,2128178,0.0,0.0
2004-09-16 00:00:00-04:00,5.187000876867767,5.259461946158188,5.132655265368438,5.223231792449951,6151421,0.0,0.0
2004-09-17 00:00:00-04:00,5.223231391305801,5.368153518756625,5.193039471888685,5.362114906311035,5090375,0.0,0.0
2004-09-20 00:00:00-04:00,5.337962600676083,5.428539137792372,5.295693448438611,5.368154525756836,3043429,0.0,0.0
2004-09-21 00:00:00-04:00,5.398343903584904,5.40438175201416,5.301728805296575,5.40438175201416,2550479,0.0,0.0
2004-09-22 00:00:00-04:00,5.331922072340346,5.398345278846449,5.289653313199235,5.301730155944824,2131353,0.0,0.0
2004-09-23 00:00:00-04:00,5.283616331062571,5.30776963958401,5.14473204527127,5.259461879730225,2283895,0.0,0.0
2004-09-24 00:00:00-04:00,5.211155839580513,5.301731613671145,5.102463844048123,5.138694763183594,1346549,0.0,0.0
2004-09-27 00:00:00-04:00,5.102463711989639,5.120579171088522,5.01792579171452,5.0239644050598145,1386504,0.0,0.0
2004-09-28 00:00:00-04:00,5.023963456575377,5.138693660042817,4.963579239207496,5.132654666900635,1406481,0.0,0.0
2004-09-29 00:00:00-04:00,5.114538482928357,5.29569149017334,5.114538482928357,5.29569149017334,1862916,0.0,0.0
2004-09-30 00:00:00-04:00,5.259461069306206,5.35607657412641,5.20511546686732,5.307768821716309,1482289,0.0,0.0
2004-10-01 00:00:00-04:00,5.362115496223505,5.513076252727847,5.3560776449875505,5.50703763961792,3464937,0.0,0.0
2004-10-04 00:00:00-04:00,5.555344159858562,5.73649641767027,5.5372287055152505,5.657997131347656,5058623,0.0,0.0
2004-10-05 00:00:00-04:00,5.615727562358491,5.664035313210782,5.494959518506908,5.609689712524414,2250158,0.0,0.0
2004-10-06 00:00:00-04:00,5.706304541532821,5.766688758901822,5.639882092895385,5.748573303222656,3805477,0.0,0.0
2004-10-07 00:00:00-04:00,5.796882107327249,5.887458640244144,5.651959959409819,5.73649787902832,2394895,0.0,0.0
2004-10-08 00:00:00-04:00,5.736495548888085,5.736495548888085,5.633842212008757,5.700265407562256,1712359,0.0,0.0
2004-10-11 00:00:00-04:00,5.71838060109431,5.736496436433778,5.657997149854402,5.724419593811035,1166092,0.0,0.0
2004-10-12 00:00:00-04:00,5.688189926687119,5.688189926687119,5.5372299323549665,5.615728855133057,2464881,0.0,0.0
2004-10-13 00:00:00-04:00,5.633843337180279,5.718380858406544,5.398345466845359,5.494959831237793,2909674,0.0,0.0
2004-10-14 00:00:00-04:00,5.440613771745494,5.476843917272397,5.36211410727217,5.4647674560546875,1322735,0.0,0.0
2004-10-15 00:00:00-04:00,5.464769773717164,5.470808387823942,5.356078529165655,5.434577465057373,1470118,0.0,0.0
2004-10-18 00:00:00-04:00,5.3741915481658875,5.555344581604004,5.3741915481658875,5.555344581604004,1453845,0.0,0.0
2004-10-19 00:00:00-04:00,5.639882526499089,5.694228135840907,5.464768473134387,5.482883930206299,2175806,0.0,0.0
2004-10-20 00:00:00-04:00,5.579496117682195,5.5855347279850704,5.223229537916869,5.40438175201416,3755732,0.0,0.0
2004-10-21 00:00:00-04:00,5.3258842469509835,5.3258842469509835,4.830733692096767,4.842810153961182,8425526,0.0,0.0
2004-10-22 00:00:00-04:00,4.879041579961011,4.9937713992966,4.873002586986998,4.93338680267334,2794044,0.0,0.0
2004-10-25 00:00:00-04:00,4.921310825254354,5.06019396360846,4.891118523968585,4.999809741973877,3153371,0.0,0.0
2004-10-26 00:00:00-04:00,5.307768434293802,5.313807045755638,4.842809827333947,4.848848819732666,4804739,0.0,0.0
2004-10-27 00:00:00-04:00,5.132655589619293,5.132655589619293,4.8005425248590745,4.963580131530762,5340554,0.0,0.0
2004-10-28 00:00:00-04:00,4.987733112229545,5.011887563796465,4.939426494717541,4.969618797302246,2281249,0.0,0.0
2004-10-29 00:00:00-04:00,4.969619598734981,5.072271844142052,4.969619598734981,5.030003070831299,1730484,0.0,0.0
2004-11-01 00:00:00-05:00,5.036039766726455,5.1447309655411875,5.011886463274095,5.114538669586182,1822036,0.0,0.0
2004-11-02 00:00:00-05:00,5.114539768739587,5.2413472104403604,5.096425072959998,5.174924373626709,1934491,0.0,0.0
2004-11-03 00:00:00-05:00,5.277576458520765,5.313807367612521,5.090385586855826,5.1930389404296875,1173369,0.0,0.0
2004-11-04 00:00:00-05:00,5.168885260897202,5.271537852714506,5.066232288142992,5.247384548187256,1361102,0.0,0.0
2004-11-05 00:00:00-05:00,5.271537508487455,5.3802294669155675,5.253422816977572,5.2836151123046875,2368302,0.0,0.0
2004-11-08 00:00:00-05:00,5.343998969384292,5.380229878926096,5.265500062145721,5.307768821716309,1374200,0.0,0.0
2004-11-09 00:00:00-05:00,5.283616983155922,5.386269223680868,5.283616983155922,5.368154525756836,1046096,0.0,0.0
2004-11-10 00:00:00-05:00,5.368153933381925,5.404384087106029,5.289654251147767,5.343999862670898,1004554,0.0,0.0
2004-11-11 00:00:00-05:00,5.343998038963229,5.428536686196467,5.295691056837473,5.416459083557129,2003287,0.0,0.0
2004-11-12 00:00:00-05:00,5.416461191945274,5.488922264745056,5.3802310364823756,5.428538799285889,3822544,0.0,0.0
2004-11-15 00:00:00-05:00,5.428538359380401,5.621767109314072,5.410422902179958,5.585536956787109,4353596,0.0,0.0
2004-11-16 00:00:00-05:00,5.57345913690104,5.57345913690104,5.476844391302102,5.561382293701172,1962803,0.0,0.0
2004-11-17 00:00:00-05:00,5.6398816890623635,5.8512262442524765,5.609689773008163,5.670073986053467,4239950,0.0,0.0
2004-11-18 00:00:00-05:00,5.645920196100242,5.664035651368503,5.549305450501305,5.561382293701172,1411641,0.0,0.0
2004-11-19 00:00:00-05:00,5.488919731056507,5.555342921867478,5.422497302119168,5.446650981903076,1960421,0.0,0.0
2004-11-22 00:00:00-05:00,5.398345933877266,5.633843824586024,5.3923073213032975,5.603651523590088,1384255,0.0,0.0
2004-11-23 00:00:00-05:00,5.585534979749538,5.615726508877539,5.494958487681406,5.567419528961182,986297,0.0,0.0
2004-11-24 00:00:00-05:00,5.609691190069068,5.784805261667464,5.591575731110889,5.73649787902832,1735247,0.0,0.0
2004-11-26 00:00:00-05:00,5.71838249486886,5.784805722696886,5.6700758702538385,5.778767108917236,373615,0.0,0.0
2004-11-29 00:00:00-05:00,5.778765188598111,5.821033947261373,5.651958531671425,5.670073986053467,1384255,0.0,0.0
2004-11-30 00:00:00-05:00,5.676111964818255,5.905571979599875,5.645920048078603,5.899533748626709,2924624,0.0,0.0
2004-12-01 00:00:00-05:00,6.219570770180067,6.30410868744214,6.05653392972298,6.267878532409668,8425790,0.0,0.0
2004-12-02 00:00:00-05:00,6.273916737297245,6.491299177094997,6.171263368261583,6.406761646270752,7223845,0.0,0.0
2004-12-03 00:00:00-05:00,6.461105851206913,6.485259533605089,6.37052935174532,6.442990779876709,3223225,0.0,0.0
2004-12-06 00:00:00-05:00,6.449030009853236,6.654335973258321,6.430914934644469,6.545644760131836,3178243,0.0,0.0
2004-12-07 00:00:00-05:00,6.5637606714214405,6.5818757489376765,6.26183953834261,6.267878532409668,3707178,0.0,0.0
2004-12-08 00:00:00-05:00,6.400722389831833,6.424876076477399,6.1048399188921145,6.279953956604004,3729802,0.0,0.0
2004-12-09 00:00:00-05:00,6.231647841126322,6.304108144955852,6.080686716172055,6.1954169273376465,2346605,0.0,0.0
2004-12-10 00:00:00-05:00,6.080686768297835,6.2920313546094455,6.06861030484736,6.201455593109131,3140537,0.0,0.0
2004-12-13 00:00:00-05:00,6.207492975249019,6.213531968392246,6.0867253023662204,6.159186363220215,2907425,0.0,0.0
2004-12-14 00:00:00-05:00,6.15918581026174,6.298068926357874,6.141070356206144,6.225607872009277,4260457,0.0,0.0
2004-12-15 00:00:00-05:00,6.25580171831627,6.394684868820374,6.219570801228954,6.3705315589904785,3245584,0.0,0.0
2004-12-16 00:00:00-05:00,6.358454089213082,6.40072246996662,6.322223177854211,6.364491939544678,1884481,0.0,0.0
2004-12-17 00:00:00-05:00,6.346376841954308,6.370530146428599,6.189377124907722,6.340338230133057,1923377,0.0,0.0
2004-12-20 00:00:00-05:00,6.310146605596502,6.340338906047614,6.122955714172619,6.189377784729004,2464088,0.0,0.0
2004-12-21 00:00:00-05:00,6.159187286927037,6.334300591243992,6.159187286927037,6.243724822998047,2347002,0.0,0.0
2004-12-22 00:00:00-05:00,6.2195702623098095,6.394684314727783,6.213532411546746,6.394684314727783,3332505,0.0,0.0
2004-12-23 00:00:00-05:00,6.4007223931396675,6.4007223931396675,6.304107646507474,6.334299564361572,1656925,0.0,0.0
2004-12-27 00:00:00-05:00,6.346376782338303,6.424875687781937,6.292030419268268,6.37656831741333,1593289,0.0,0.0
2004-12-28 00:00:00-05:00,6.3524146562734956,6.4188371003132945,6.340338194572535,6.400722026824951,1417198,0.0,0.0
2004-12-29 00:00:00-05:00,6.382606192944408,6.461105851206913,6.340337439216028,6.442990779876709,1497371,0.0,0.0
2004-12-30 00:00:00-05:00,6.400723041420948,6.521491486942919,6.400723041420948,6.473184108734131,1607577,0.0,0.0
2004-12-31 00:00:00-05:00,6.455068622214118,6.581874910549371,6.4429921593662325,6.545644760131836,1788167,0.0,0.0
2005-01-03 00:00:00-05:00,6.587914326733074,6.6362209403060906,6.4007226754709245,6.485260963439941,2658965,0.0,0.0
2005-01-04 00:00:00-05:00,6.509414180145518,6.521491405483823,6.207493451048803,6.322223663330078,3177978,0.0,0.0
2005-01-05 00:00:00-05:00,6.153148193513843,6.2980703346158435,6.153148193513843,6.17730188369751,3247568,0.0,0.0
2005-01-06 00:00:00-05:00,6.1833409829850305,6.27995537038071,6.056534290016881,6.1229567527771,2361687,0.0,0.0
2005-01-07 00:00:00-05:00,6.122955299203153,6.1833395150760255,6.06257070239336,6.098801612854004,2151992,0.0,0.0
2005-01-10 00:00:00-05:00,6.068611127454173,6.219571131354448,6.068611127454173,6.110879898071289,2788884,0.0,0.0
2005-01-11 00:00:00-05:00,6.1048401918815784,6.135032111070162,5.941803371138897,6.008225440979004,3060099,0.0,0.0
2005-01-12 00:00:00-05:00,6.008226056863914,6.098802585588272,5.965957289479666,6.002188205718994,2397805,0.0,0.0
2005-01-13 00:00:00-05:00,6.032378272064224,6.219569134887062,6.014263580247818,6.104839324951172,3501849,0.0,0.0
2005-01-14 00:00:00-05:00,6.183339665830887,6.322223175256127,6.165224210158896,6.310146331787109,4312054,0.0,0.0
2005-01-18 00:00:00-05:00,6.340340180067587,6.6120686531066895,6.334301185452173,6.6120686531066895,5319783,0.0,0.0
2005-01-19 00:00:00-05:00,6.606028348796152,6.606028348796152,6.328261714102448,6.334299564361572,4667809,0.0,0.0
2005-01-20 00:00:00-05:00,6.292031225144949,6.364492289978595,6.147109095477655,6.165224552154541,2869984,0.0,0.0
2005-01-21 00:00:00-05:00,6.21353141055474,6.340338065196336,6.15918581026174,6.225607872009277,2959022,0.0,0.0
2005-01-24 00:00:00-05:00,6.237685118893151,6.267877417298047,6.068609695386028,6.098801612854004,1958702,0.0,0.0
2005-01-25 00:00:00-05:00,6.1289941303334965,6.304107791218704,6.1289941303334965,6.231647491455078,2169191,0.0,0.0
2005-01-26 00:00:00-05:00,6.249763445745249,6.267878905276134,6.050495676527582,6.1229567527771,1932638,0.0,0.0
2005-01-27 00:00:00-05:00,6.086725747648364,6.3705310186832484,6.056533446281978,6.352415561676025,2692173,0.0,0.0
2005-01-28 00:00:00-05:00,6.581873813943074,6.606027497488477,6.195415639090369,6.328260898590088,4440914,0.0,0.0
2005-01-31 00:00:00-05:00,6.346376953253692,6.563759363892985,6.346376953253692,6.50337553024292,3894912,0.0,0.0
2005-02-01 00:00:00-05:00,6.5214902297699044,6.8717182733318385,6.497336545321709,6.835487365722656,7187198,0.0,0.0
2005-02-02 00:00:00-05:00,6.787180136746148,7.034755570121626,6.763025692637604,6.9985246658325195,9314846,0.0,0.0
2005-02-03 00:00:00-05:00,6.968332850626977,7.040793902302607,6.853603042609003,6.95625638961792,4554957,0.0,0.0
2005-02-04 00:00:00-05:00,6.932104539480633,7.052872229013018,6.865681319801669,6.992488384246826,2952671,0.0,0.0
2005-02-07 00:00:00-05:00,6.956256714845402,6.968333176419073,6.793218769547361,6.853603363037109,2839423,0.0,0.0
2005-02-08 00:00:00-05:00,6.8536042421459475,6.962296219619847,6.787181790286284,6.82341194152832,2597975,0.0,0.0
2005-02-09 00:00:00-05:00,6.811334531221332,6.913987881921951,6.702643330735928,6.781142234802246,2237458,0.0,0.0
2005-02-10 00:00:00-05:00,6.793219181777672,6.823411480354694,6.6603750489107725,6.7388739585876465,1992570,0.0,0.0
2005-02-11 00:00:00-05:00,6.6422604517469415,6.769067519927082,6.521491996783472,6.763028144836426,2871836,0.0,0.0
2005-02-14 00:00:00-05:00,6.726797758254101,6.8234125189066654,6.726797758254101,6.769067287445068,2330200,0.0,0.0
2005-02-15 00:00:00-05:00,6.76906630289184,6.853603825229965,6.73887400411086,6.787181377410889,3019218,0.0,0.0
2005-02-16 00:00:00-05:00,6.702643847106177,6.9019111903265635,6.491298517764366,6.8294501304626465,4869963,0.0,0.0
2005-02-17 00:00:00-05:00,6.781141975340926,6.944179150767769,6.7449118305233,6.805296421051025,4266278,0.0,0.0
2005-02-18 00:00:00-05:00,6.805296421051025,6.938140539340244,6.781141975340926,6.805296421051025,1949308,0.0,0.0
2005-02-22 00:00:00-05:00,6.726797146166341,6.756989446591486,6.630183156178879,6.666413307189941,2232695,0.0,0.0
2005-02-23 00:00:00-05:00,6.660374487383488,6.708681094410675,6.430914104167004,6.557721138000488,3608879,0.0,0.0
2005-02-24 00:00:00-05:00,6.509414017048227,6.654336146233279,6.473183865688913,6.630183219909668,1722678,0.0,0.0
2005-02-25 00:00:00-05:00,6.587916402794452,6.895875065973625,6.557724093157114,6.883798599243164,2875937,0.0,0.0
2005-02-28 00:00:00-05:00,6.805295220166466,6.913986397313108,6.799255847930907,6.799255847930908,2465807,0.0,0.0
2005-03-01 00:00:00-05:00,6.8596453530798716,7.010605387403222,6.84756888555864,6.92606782913208,2656055,0.0,0.0
2005-03-02 00:00:00-05:00,6.883795022819232,7.21590797066079,6.853602728868074,7.143446922302246,4544637,0.0,0.0
2005-03-03 00:00:00-05:00,7.179679835635175,7.234025833340487,7.0589121369829595,7.1977949142456055,4127099,0.0,0.0
2005-03-04 00:00:00-05:00,7.203833035713888,7.276294107080492,7.161564267885195,7.240063190460205,2561328,0.0,0.0
2005-03-07 00:00:00-05:00,7.161563933542175,7.366869911892369,7.161563933542175,7.234025001525879,2733847,0.0,0.0
2005-03-08 00:00:00-05:00,7.318562228048089,7.3427151519805065,7.119294129678145,7.179677963256836,1595538,0.0,0.0
2005-03-09 00:00:00-05:00,7.143448784572345,7.276293693591643,7.125332946354683,7.203832626342773,2451784,0.0,0.0
2005-03-10 00:00:00-05:00,7.209871239081994,7.258178617247907,7.149487397311566,7.203832626342773,2255980,0.0,0.0
2005-03-11 00:00:00-05:00,7.209871231047515,7.209871231047515,7.064949096711273,7.1374101638793945,2316838,0.0,0.0
2005-03-14 00:00:00-05:00,7.101180149406217,7.161563992284297,6.998526778452147,7.131372451782227,1668303,0.0,0.0
2005-03-15 00:00:00-05:00,7.125332844104795,7.179678834230054,7.004565162296978,7.083064079284668,2078301,0.0,0.0
2005-03-16 00:00:00-05:00,7.02267992569294,7.155525603176906,6.986450533081982,6.992488384246826,2433526,0.0,0.0
2005-03-17 00:00:00-05:00,6.992486845612515,7.040794215545448,6.956256699099712,6.980409622192383,3022394,0.0,0.0
2005-03-18 00:00:00-05:00,7.016639737040218,7.034755570121626,6.950217301362851,6.9985246658325195,1389679,0.0,0.0
2005-03-21 00:00:00-05:00,6.986449329341069,7.366868933383638,6.974372105344316,7.27629280090332,5324149,0.0,0.0
2005-03-22 00:00:00-05:00,7.258176778810875,7.391022416055382,7.16759989628673,7.191754341125488,3152709,0.0,0.0
2005-03-23 00:00:00-05:00,7.197793539895892,7.366869352349219,7.197793539895892,7.312523365020752,1988072,0.0,0.0
2005-03-24 00:00:00-05:00,7.31252337466963,7.457445499820849,7.2340244616181275,7.270254611968994,3200205,0.0,0.0
2005-03-28 00:00:00-05:00,7.264216561606124,7.264216561606124,6.817373735622427,6.90191125869751,5178222,0.0,0.0
2005-03-29 00:00:00-05:00,6.889834955398408,6.992487555522314,6.418837669797573,6.6060285568237305,6067675,0.0,0.0
2005-03-30 00:00:00-05:00,6.648298995796332,6.805299146418151,6.587915904834077,6.744914531707764,2762424,0.0,0.0
2005-03-31 00:00:00-05:00,7.572176890879409,7.819751642891378,7.5480232007899035,7.698983192443848,15054020,0.0,0.0
2005-04-01 00:00:00-05:00,7.753329875535116,7.922405721206683,7.674830185290525,7.789560794830322,5761400,0.0,0.0
2005-04-04 00:00:00-04:00,7.80767534658846,7.868059192173034,7.698983357912663,7.849944114685059,3710089,0.0,0.0
2005-04-05 00:00:00-04:00,7.849945841083315,7.934484157742564,7.7472924429521335,7.783522605895996,2778432,0.0,0.0
2005-04-06 00:00:00-04:00,7.843902752192921,7.904287338486029,7.825787681054472,7.862018585205078,2445698,0.0,0.0
2005-04-07 00:00:00-04:00,7.892214988394893,8.163944270706759,7.8257925119684035,8.121675491333008,5641537,0.0,0.0
2005-04-08 00:00:00-04:00,8.133750985755203,8.44170963398903,8.133750985755203,8.320941925048828,8370356,0.0,0.0
2005-04-11 00:00:00-04:00,8.320941024959035,8.45378670942166,8.26055641514675,8.393402099609375,5584912,0.0,0.0
2005-04-12 00:00:00-04:00,7.970712113133812,8.194134712219238,7.910328265221376,8.194134712219238,7297139,0.0,0.0
2005-04-13 00:00:00-04:00,8.194132667605704,8.194132667605704,7.994864571655761,8.006941795349121,3914492,0.0,0.0
2005-04-14 00:00:00-04:00,7.994864253398468,8.091478991604086,7.596328077363399,7.650674819946289,5106912,0.0,0.0
2005-04-15 00:00:00-04:00,7.566137630672937,7.566137630672937,7.02871935131674,7.240063190460205,7082813,0.0,0.0
2005-04-18 00:00:00-04:00,7.258178776823778,7.469523370477716,7.185717707981803,7.397062301635742,6357544,0.0,0.0
2005-04-19 00:00:00-04:00,7.457445376462597,7.7231366967187425,7.457445376462597,7.656713485717773,4910579,0.0,0.0
2005-04-20 00:00:00-04:00,7.765405463441133,7.849942987495411,7.481599068136668,7.505753517150879,4645582,0.0,0.0
2005-04-21 00:00:00-04:00,7.650677254925755,7.7955986464845015,7.535947407259984,7.789560794830322,3916080,0.0,0.0
2005-04-22 00:00:00-04:00,7.644635755944257,7.644635755944257,7.312522041610994,7.366868019104004,7308384,0.0,0.0
2005-04-25 00:00:00-04:00,7.421214383188895,7.650674765738316,7.421214383188895,7.644636154174805,6528476,0.0,0.0
2005-04-26 00:00:00-04:00,7.560097694396973,7.723135631411605,7.5359447724767605,7.560097694396973,2496633,0.0,0.0
2005-04-27 00:00:00-04:00,7.481597798152835,7.729173239784492,7.45744411511252,7.692943096160889,2140085,0.0,0.0
2005-04-28 00:00:00-04:00,7.6687890474816856,7.75332732342762,7.6084059795716,7.662751197814941,4499920,0.0,0.0
2005-04-29 00:00:00-04:00,7.711057804517766,7.75332732342762,7.535944926706702,7.662751197814941,4139535,0.0,0.0
2005-05-02 00:00:00-04:00,7.7774809452252,7.8318269249056565,7.686904820340286,7.741250038146973,3242673,0.0,0.0
2005-05-03 00:00:00-04:00,7.741253573432921,7.922406667805755,7.717100640182268,7.8318305015563965,3883402,0.0,0.0
2005-05-04 00:00:00-04:00,7.819750925316639,7.934481514119078,7.78352001257011,7.9224042892456055,2309429,0.0,0.0
2005-05-05 00:00:00-04:00,7.93448027277457,7.9405181223928,7.711057742560745,7.741250038146973,3372592,0.0,0.0
2005-05-06 00:00:00-04:00,7.8439059774911595,8.019020435497199,7.777483514755772,7.982789516448975,3071212,0.0,0.0
2005-05-09 00:00:00-04:00,7.9405174794174425,8.13374693652471,7.922402408282063,8.115631103515625,3471420,0.0,0.0
2005-05-10 00:00:00-04:00,8.115634441919749,8.169980439555074,7.93448289417471,7.982789516448975,2561990,0.0,0.0
2005-05-11 00:00:00-04:00,7.988823920749709,8.06128495879355,7.880132744620758,8.012977600097656,2359174,0.0,0.0
2005-05-12 00:00:00-04:00,8.01297852627573,8.260553196802825,7.994863455139347,8.03109359741211,2911658,0.0,0.0
2005-05-13 00:00:00-04:00,8.091477488951046,8.284706167604368,8.03109290784955,8.248476028442383,4023375,0.0,0.0
2005-05-16 00:00:00-04:00,8.15186342861603,8.453784888911091,8.15186342861603,8.447746276855469,5428137,0.0,0.0
2005-05-17 00:00:00-04:00,8.423592643378852,8.604744911193848,8.24243961369001,8.604744911193848,6094135,0.0,0.0
2005-05-18 00:00:00-04:00,8.60474588742907,8.810052626910856,8.574553585409879,8.8040132522583,5860229,0.0,0.0
2005-05-19 00:00:00-04:00,8.761741718780057,8.767780329651124,8.483974761195228,8.665127754211426,5179280,0.0,0.0
2005-05-20 00:00:00-04:00,8.586629973645548,8.628899500850583,8.369246772390513,8.59870719909668,3287787,0.0,0.0
2005-05-23 00:00:00-04:00,8.598708240067035,8.791937775686343,8.574554548114621,8.719476699829102,2581967,0.0,0.0
2005-05-24 00:00:00-04:00,8.73759264417288,8.84628311644109,8.66513156745338,8.79797649383545,3526589,0.0,0.0
2005-05-25 00:00:00-04:00,8.749665424574557,8.876471684025738,8.695319449453361,8.810050010681152,2341842,0.0,0.0
2005-05-26 00:00:00-04:00,8.791935115643158,8.985164592799936,8.785896504013563,8.936857223510742,3363463,0.0,0.0
2005-05-27 00:00:00-04:00,8.967049510624769,9.051587025857609,8.876472621894717,9.021394729614258,1878263,0.0,0.0
2005-05-31 00:00:00-04:00,8.967050449617403,9.093856735745296,8.967050449617403,9.063664436340332,3850062,0.0,0.0
2005-06-01 00:00:00-04:00,9.009319370926228,9.136125659295793,9.003280758563712,9.081780433654785,2484197,0.0,0.0
2005-06-02 00:00:00-04:00,9.063663507403954,9.148201784698738,9.027433361330322,9.087817192077637,2632902,0.0,0.0
2005-06-03 00:00:00-04:00,9.045551407858936,9.136127564691376,8.918744331169096,8.924783706665039,2141805,0.0,0.0
2005-06-06 00:00:00-04:00,8.882514863764419,9.05158994882841,8.333017789810318,9.027436256408691,2537779,0.0,0.0
2005-06-07 00:00:00-04:00,9.34746955897904,9.721851308392445,9.287085725343319,9.631275177001953,10953646,0.0,0.0
2005-06-08 00:00:00-04:00,9.64938696671896,9.697694318121433,9.190467128395479,9.299159049987793,6976444,0.0,0.0
2005-06-09 00:00:00-04:00,9.27500841094997,9.43200774824311,9.268970560957017,9.341431617736816,4253180,0.0,0.0
2005-06-10 00:00:00-04:00,9.311241210710644,9.468240579878904,9.178396293913474,9.450124740600586,7254935,0.0,0.0
2005-06-13 00:00:00-04:00,9.450124740600586,9.510509347780369,9.268972442809178,9.450124740600586,25700466,0.0,0.0
2005-06-14 00:00:00-04:00,9.371627511331004,9.377665363640837,8.610786504125786,8.640978813171387,13716599,0.0,0.0
2005-06-15 00:00:00-04:00,8.640977686122975,8.743630304490397,8.345094772191322,8.731553077697754,6313091,0.0,0.0
2005-06-16 00:00:00-04:00,8.731552189688426,8.822129095799443,8.610784505288265,8.695322036743164,2740859,0.0,0.0
2005-06-17 00:00:00-04:00,8.665130139681311,8.67116799034088,7.916365803621995,8.067326545715332,16989834,0.0,0.0
2005-06-20 00:00:00-04:00,8.067326596121736,8.363208707749775,8.03109568256844,8.29074764251709,7893812,0.0,0.0
2005-06-21 00:00:00-04:00,8.302822336574916,8.508128244543832,8.296783725844564,8.411514282226562,4459833,0.0,0.0
2005-06-22 00:00:00-04:00,8.399440142342497,8.544362294942983,8.085442906915466,8.52624797821045,8039739,0.0,0.0
2005-06-23 00:00:00-04:00,8.526244739992135,8.659088853278124,8.320938054178724,8.357168197631836,5994116,0.0,0.0
2005-06-24 00:00:00-04:00,8.314900077927554,8.357168835808523,7.940518344912478,8.00090217590332,4659341,0.0,0.0
2005-06-27 00:00:00-04:00,8.05524855941525,8.05524855941525,7.849942609544111,7.970710277557373,2915098,0.0,0.0
2005-06-28 00:00:00-04:00,7.8982495870315095,8.019018010886985,7.765404701727383,8.00090217590332,5609917,0.0,0.0
2005-06-29 00:00:00-04:00,8.157903550654716,8.302825695570915,8.121673395362656,8.188095092773438,5098181,0.0,0.0
2005-06-30 00:00:00-04:00,8.272632449476527,8.29678613754523,8.085441557412553,8.103556632995605,2689262,0.0,0.0
2005-07-01 00:00:00-04:00,8.115634298454552,8.326978909898722,8.115634298454552,8.30886459350586,3584272,0.0,0.0
2005-07-05 00:00:00-04:00,8.296788252197222,8.423595337346466,8.224327169522525,8.27867317199707,2426382,0.0,0.0
2005-07-06 00:00:00-04:00,8.296786411022417,8.447747156896225,8.248479033292712,8.41755485534668,4312054,0.0,0.0
2005-07-07 00:00:00-04:00,8.296787333408922,8.47793963909777,8.272633641858809,8.393402099609375,3432391,0.0,0.0
2005-07-08 00:00:00-04:00,8.4417068731833,8.755705556483294,8.423592560827933,8.6168212890625,5710200,0.0,0.0
2005-07-11 00:00:00-04:00,8.671169367582424,8.846283063875141,8.647015675486116,8.791937828063965,3030596,0.0,0.0
2005-07-12 00:00:00-04:00,8.767782180380552,8.882512763653747,8.58059129885417,8.785897254943848,2689791,0.0,0.0
2005-07-13 00:00:00-04:00,8.695321195536298,8.900627153403482,8.634937359177899,8.816089630126953,4247227,0.0,0.0
2005-07-14 00:00:00-04:00,8.785900241702473,8.967053334539814,8.659093152903745,8.755708694458008,2708049,0.0,0.0
2005-07-15 00:00:00-04:00,8.683245512158848,8.755706579415147,8.532284764906407,8.6228609085083,2187845,0.0,0.0
2005-07-18 00:00:00-04:00,8.622859004204148,8.665128522174143,8.508129196854178,8.58059024810791,2307047,0.0,0.0
2005-07-19 00:00:00-04:00,8.683245627125268,8.924782521177558,8.532284877874105,8.876474380493164,3356054,0.0,0.0
2005-07-20 00:00:00-04:00,8.75570765356505,8.840245194798166,8.29678750464151,8.767784118652344,4882267,0.0,0.0
2005-07-21 00:00:00-04:00,8.70739818310757,8.73155110749493,8.43566902220065,8.465861320495605,4250799,0.0,0.0
2005-07-22 00:00:00-04:00,8.369244946863397,8.556436567407605,8.248477289937872,8.538321495056152,4878695,0.0,0.0
2005-07-25 00:00:00-04:00,8.580594017656995,8.79193865285796,8.435671851483631,8.508132934570312,4201054,0.0,0.0
2005-07-26 00:00:00-04:00,8.54436045354737,8.882512831947286,8.54436045354737,8.858358383178711,5148455,0.0,0.0
2005-07-27 00:00:00-04:00,8.91874115703421,8.936856991452595,8.634936322171818,8.76174259185791,5287634,0.0,0.0
2005-07-28 00:00:00-04:00,8.695321360152999,9.09989543322248,8.677206285089918,9.05158805847168,9756860,0.0,0.0
2005-07-29 00:00:00-04:00,9.05158805847168,9.142164957534835,8.90666593421928,9.05158805847168,5476294,0.0,0.0
2005-08-01 00:00:00-04:00,9.039511670864929,9.087818284143422,8.967050608136372,9.081780433654785,3250876,0.0,0.0
2005-08-02 00:00:00-04:00,9.057625057309364,9.226701614914404,9.027433522334135,9.10593318939209,4069945,0.0,0.0
2005-08-03 00:00:00-04:00,8.99724278010876,9.118010454398151,8.936858181090196,9.045549392700195,3107066,0.0,0.0
2005-08-04 00:00:00-04:00,8.936858181090196,9.111972603995389,8.936858181090196,9.045549392700195,2644677,0.0,0.0
2005-08-05 00:00:00-04:00,8.997241973876953,9.021394897071424,8.906665083465592,8.997241973876953,2488034,0.0,0.0
2005-08-08 00:00:00-04:00,9.003282585000187,9.003282585000187,8.810053807065534,8.852322578430176,1949441,0.0,0.0
2005-08-09 00:00:00-04:00,8.858359416681893,8.888551719291286,8.653053435060702,8.779860496520996,3345867,0.0,0.0
2005-08-10 00:00:00-04:00,8.79797455540682,8.87647346648535,8.71947488245443,8.816089630126953,2746813,0.0,0.0
2005-08-11 00:00:00-04:00,8.840243335949719,8.991203308105469,8.773820887251281,8.991203308105469,2873027,0.0,0.0
2005-08-12 00:00:00-04:00,8.791935943208822,8.870435616161211,8.791935943208822,8.816089630126953,3077695,0.0,0.0
2005-08-15 00:00:00-04:00,8.834204589271598,8.882512724349716,8.70135969389678,8.846281051635742,2693893,0.0,0.0
2005-08-16 00:00:00-04:00,8.852321423898951,8.876474351350948,8.574553615713786,8.610784530639648,1913058,0.0,0.0
2005-08-17 00:00:00-04:00,8.586628277773977,8.797973586436367,8.586628277773977,8.7073974609375,1907501,0.0,0.0
2005-08-18 00:00:00-04:00,8.647013524300307,8.713435970572213,8.477937721688473,8.502091407775879,2510922,0.0,0.0
2005-08-19 00:00:00-04:00,8.496052738944842,8.574551639759058,8.471898293311227,8.538321495056152,1713285,0.0,0.0
2005-08-22 00:00:00-04:00,8.604747860801021,8.725516334700325,8.574555551857669,8.592671394348145,1826666,0.0,0.0
2005-08-23 00:00:00-04:00,8.634939089594965,8.725515243220693,8.56247801431958,8.689284324645996,2141805,0.0,0.0
2005-08-24 00:00:00-04:00,8.68928152135508,8.81005070305947,8.6470127648828,8.653051376342773,2619937,0.0,0.0
2005-08-25 00:00:00-04:00,8.647013672100835,8.743628418101858,8.544360314006287,8.604744911193848,1527800,0.0,0.0
2005-08-26 00:00:00-04:00,8.453786690045073,8.483978233008012,8.212249013223554,8.302825927734375,5684005,0.0,0.0
2005-08-29 00:00:00-04:00,8.302825946764951,8.47793963909777,8.290748720052893,8.393402099609375,2203060,0.0,0.0
2005-08-30 00:00:00-04:00,8.320941884644107,8.320941884644107,7.880137539717971,8.182058334350586,7357203,0.0,0.0
2005-08-31 00:00:00-04:00,8.109594496709718,8.375285040933827,8.067325736960703,8.363207817077637,3914492,0.0,0.0
2005-09-01 00:00:00-04:00,8.387361444326066,8.47189896323356,8.151863199513688,8.206209182739258,3282231,0.0,0.0
2005-09-02 00:00:00-04:00,8.206209182739258,8.363207758656237,8.163940423285512,8.206209182739258,3256168,0.0,0.0
2005-09-06 00:00:00-04:00,8.206210932293448,8.302825695570915,8.145826324308041,8.188095092773438,4417100,0.0,0.0
2005-09-07 00:00:00-04:00,8.22432375195424,8.967049350266214,8.22432375195424,8.683243751525879,8351967,0.0,0.0
2005-09-08 00:00:00-04:00,8.671168143441845,8.671168143441845,8.302824962379018,8.345093727111816,5307082,0.0,0.0
2005-09-09 00:00:00-04:00,8.339054029442071,8.447745223521576,8.212246239580782,8.266592979431152,2116800,0.0,0.0
2005-09-12 00:00:00-04:00,8.278672236239624,8.381325615560819,8.248479931402683,8.302825927734375,2130162,0.0,0.0
2005-09-13 00:00:00-04:00,8.272632678702728,8.520208178735471,8.230363913879748,8.477938652038574,3109447,0.0,0.0
2005-09-14 00:00:00-04:00,8.453783528439281,8.514166591782672,8.145823505648764,8.169977188110352,3240292,0.0,0.0
2005-09-15 00:00:00-04:00,8.230364719043356,8.266595636631692,7.910328121488007,7.934482574462891,5995704,0.0,0.0
2005-09-16 00:00:00-04:00,7.934483392687245,8.043173871038727,7.837868618320503,7.874098777770996,4902244,0.0,0.0
2005-09-19 00:00:00-04:00,7.892214618475869,7.892214618475869,7.735215975928893,7.783522605895996,5050685,0.0,0.0
2005-09-20 00:00:00-04:00,7.8318295657797075,7.994866797923069,7.771444954245706,7.789560794830322,3273234,0.0,0.0
2005-09-21 00:00:00-04:00,7.7593679653712115,7.9224051865109315,7.602368595478167,7.849944114685059,3659153,0.0,0.0
2005-09-22 00:00:00-04:00,7.83786836356408,7.868059908166811,7.644638821111189,7.711060523986816,4486690,0.0,0.0
2005-09-23 00:00:00-04:00,7.717098972761659,7.747290513738598,7.6265220642089835,7.626522064208984,3666298,0.0,0.0
2005-09-26 00:00:00-04:00,7.686904484932376,7.880133949254892,7.656712190663549,7.692943096160889,2950158,0.0,0.0
2005-09-27 00:00:00-04:00,7.729171950927921,7.789556529396313,7.463482243662545,7.469520092010498,4033562,0.0,0.0
2005-09-28 00:00:00-04:00,7.487635580564453,7.548020162418053,7.397059469657704,7.421213150024414,4324358,0.0,0.0
2005-09-29 00:00:00-04:00,7.403099534084352,7.668789308422312,7.342714940372051,7.638597011566162,2935076,0.0,0.0
2005-09-30 00:00:00-04:00,7.620483984119382,7.970711334418944,7.596329533065421,7.807674884796143,4374764,0.0,0.0
2005-10-03 00:00:00-04:00,7.837869374060074,7.934484157742564,7.69294719853634,7.783522605895996,4223016,0.0,0.0
2005-10-04 00:00:00-04:00,8.0009005570567,8.0009005570567,7.650673341549049,7.729172229766846,3515343,0.0,0.0
2005-10-05 00:00:00-04:00,7.7291712155873205,7.7291712155873205,7.566133326357984,7.578211307525635,4540801,0.0,0.0
2005-10-06 00:00:00-04:00,7.535945748808257,7.5782145104554655,7.318562566499082,7.433292388916016,4704985,0.0,0.0
2005-10-07 00:00:00-04:00,7.433292320786741,7.529906305720342,7.348754036393295,7.360831260681152,2221185,0.0,0.0
2005-10-10 00:00:00-04:00,7.397062261780201,7.457446104552859,7.318563342363141,7.3487548828125,2898561,0.0,0.0
2005-10-11 00:00:00-04:00,7.3849864827459895,7.517832181867276,7.324602628144741,7.439332485198975,2380474,0.0,0.0
2005-10-12 00:00:00-04:00,7.439330207995172,7.439330207995172,7.010602457376815,7.095139980316162,6070850,0.0,0.0
2005-10-13 00:00:00-04:00,7.095141618477,7.246103148310256,6.88983637590067,7.185718536376953,5099636,0.0,0.0
2005-10-14 00:00:00-04:00,7.185717991904523,7.24006322427784,7.03475799725779,7.221948146820068,3858530,0.0,0.0
2005-10-17 00:00:00-04:00,7.1494879722595215,7.348755351813164,7.077026899183473,7.1494879722595215,3204041,0.0,0.0
2005-10-18 00:00:00-04:00,7.155524277450595,7.2762927064818,7.10117905579192,7.179677963256836,3307368,0.0,0.0
2005-10-19 00:00:00-04:00,7.185718071854591,7.1917566850323595,6.835489173779737,7.077026844024658,5415568,0.0,0.0
2005-10-20 00:00:00-04:00,7.0951395693657515,7.2521389055509315,6.998525589548317,7.016640663146973,3770682,0.0,0.0
2005-10-21 00:00:00-04:00,7.0166405464613515,7.095139451374706,6.811334604718565,6.853603363037109,3138950,0.0,0.0
2005-10-24 00:00:00-04:00,6.883798235604201,6.986451625823975,6.853605927561782,6.986451625823975,2327025,0.0,0.0
2005-10-25 00:00:00-04:00,6.986450693854051,7.155525767839728,6.913989621342769,7.077026844024658,2367376,0.0,0.0
2005-10-26 00:00:00-04:00,7.052872008480237,7.2098713713363365,7.034757693678147,7.131372451782227,2802511,0.0,0.0
2005-10-27 00:00:00-04:00,7.095139451374706,7.119293898269644,6.853603363037109,6.853603363037109,3268736,0.0,0.0
2005-10-28 00:00:00-04:00,6.859643120671893,7.167601703794,6.7932199043623385,7.1374101638793945,4666486,0.0,0.0
2005-10-31 00:00:00-05:00,7.1555244457777505,7.391023459333867,7.149486595589523,7.306485176086426,3688656,0.0,0.0
2005-11-01 00:00:00-05:00,7.1555233827584726,7.2400608915732425,7.064947262778726,7.143446922302246,3603720,0.0,0.0
2005-11-02 00:00:00-05:00,7.070988326467979,7.397062776241267,7.070988326467979,7.3306403160095215,2462500,0.0,0.0
2005-11-03 00:00:00-05:00,7.366868625482212,7.747288975498782,7.354792163864032,7.638597011566162,4745469,0.0,0.0
2005-11-04 00:00:00-05:00,7.632560447772432,7.819751348449194,7.596329533065421,7.807674884796143,3058908,0.0,0.0
2005-11-07 00:00:00-05:00,7.705018768987436,7.813709950619459,7.505751475683118,7.554058074951172,3867261,0.0,0.0
2005-11-08 00:00:00-05:00,7.53594328070045,7.560096197839477,7.397059054972593,7.469520092010498,3356451,0.0,0.0
2005-11-09 00:00:00-05:00,7.4755635409186585,7.56613894350051,7.4031024569790755,7.4997172355651855,2253201,0.0,0.0
2005-11-10 00:00:00-05:00,7.493676555322028,7.493676555322028,7.288370588369363,7.372908115386963,4753142,0.0,0.0
2005-11-11 00:00:00-05:00,7.366867706160639,7.572174384913397,7.336675413072227,7.511789798736572,2281249,0.0,0.0
2005-11-14 00:00:00-05:00,7.481600457631505,7.5178313760078215,7.348755534624362,7.391025066375732,1658910,0.0,0.0
2005-11-15 00:00:00-05:00,7.391024049374572,7.535946179190611,7.2883706836197355,7.318562984466553,2682779,0.0,0.0
2005-11-16 00:00:00-05:00,7.3064854033326085,7.6748285605935544,7.294408178832845,7.656713485717773,3014323,0.0,0.0
2005-11-17 00:00:00-05:00,7.705022302326796,8.417555824981086,7.674829997299341,8.30886459350586,9409308,0.0,0.0
2005-11-18 00:00:00-05:00,8.326977962622122,8.441707794425982,8.188094441918821,8.375286102294922,5335924,0.0,0.0
2005-11-21 00:00:00-05:00,8.254518654613221,8.333018350729851,8.097520024254042,8.182058334350586,2382723,0.0,0.0
2005-11-22 00:00:00-05:00,8.272631349519326,8.967049598693848,8.212246756439562,8.967049598693848,7588463,0.0,0.0
2005-11-23 00:00:00-05:00,8.936857223510742,9.033471962089132,8.816088800287755,8.936857223510742,3647908,0.0,0.0
2005-11-25 00:00:00-05:00,8.924779727441871,8.954972020215758,8.888548823738468,8.90666389465332,778321,0.0,0.0
2005-11-28 00:00:00-05:00,8.906668716302663,8.95497686801685,8.701362690419394,8.755708694458008,3480813,0.0,0.0
2005-11-29 00:00:00-05:00,8.967051380509846,9.01535799794921,8.773821863256611,8.93082046508789,4349098,0.0,0.0
2005-11-30 00:00:00-05:00,8.948935653263925,9.160280249922115,8.906666886307077,9.009320259094238,5442954,0.0,0.0
2005-12-01 00:00:00-05:00,9.045548576786857,9.178394225520625,8.91874153978503,9.039510726928711,3599486,0.0,0.0
2005-12-02 00:00:00-05:00,9.05158805847168,9.118010508285561,8.936858233907,9.05158805847168,3021600,0.0,0.0
2005-12-05 00:00:00-05:00,8.961011060034838,9.118009631948786,8.906665078194942,9.039510726928711,3194119,0.0,0.0
2005-12-06 00:00:00-05:00,9.057625940417086,9.166317914921407,9.009319327372124,9.033473014831543,2061631,0.0,0.0
2005-12-07 00:00:00-05:00,9.033471952861113,9.130085929467022,8.979125971997838,9.021394729614258,2156490,0.0,0.0
2005-12-08 00:00:00-05:00,9.069706716994341,9.238781819347533,9.045552260230618,9.136128425598145,2769568,0.0,0.0
2005-12-09 00:00:00-05:00,9.160280371396272,9.23878005526708,9.1240502169168,9.220664978027344,2105290,0.0,0.0
2005-12-12 00:00:00-05:00,9.232743174645437,9.268974097797182,9.105936848299597,9.244819641113281,2428102,0.0,0.0
2005-12-13 00:00:00-05:00,9.214628855880724,9.244819641113281,9.105936848299597,9.244819641113281,2030144,0.0,0.0
2005-12-14 00:00:00-05:00,9.238780906255254,9.29312690485426,9.15424336343372,9.208588600158691,2622186,0.0,0.0
2005-12-15 00:00:00-05:00,9.184433751921377,9.238778977299663,8.91270457753445,9.033473014831543,3274160,0.0,0.0
2005-12-16 00:00:00-05:00,9.057628696805901,9.287089178436,9.057628696805901,9.244819641113281,3410694,0.0,0.0
2005-12-19 00:00:00-05:00,9.232743205156602,9.45012645916313,9.130089811407213,9.136128425598145,3700166,0.0,0.0
2005-12-20 00:00:00-05:00,9.17839639286257,9.395779609680176,9.17839639286257,9.395779609680176,2543600,0.0,0.0
2005-12-21 00:00:00-05:00,10.476655296506115,11.563570512667456,10.265309951593832,11.140880584716797,34818979,0.0,0.0
2005-12-22 00:00:00-05:00,11.098613917220199,11.551496231698275,10.971807600565425,11.430727005004883,14254002,0.0,0.0
2005-12-23 00:00:00-05:00,11.279764127566658,11.533377458270426,11.231456753920812,11.382416725158691,5548133,0.0,0.0
2005-12-27 00:00:00-05:00,11.261645093063034,11.352220434458292,11.026146157941012,11.050300598144531,4387068,0.0,0.0
2005-12-28 00:00:00-05:00,11.050303317641797,11.255609253035539,10.977842264819222,11.098609924316406,3112093,0.0,0.0
2005-12-29 00:00:00-05:00,11.098608156345648,11.322029890760037,11.086531697069178,11.134839057922363,3550932,0.0,0.0
2005-12-30 00:00:00-05:00,11.158995558866607,11.382416587878641,11.140879722562513,11.237494468688965,2744299,0.0,0.0
2006-01-03 00:00:00-05:00,11.255611516440709,11.50318625863096,10.995958786873922,11.485071182250977,6028117,0.0,0.0
2006-01-04 00:00:00-05:00,11.479032537527756,11.919836762283978,11.479032537527756,11.871528625488281,6733409,0.0,0.0
2006-01-05 00:00:00-05:00,11.919836705187256,11.943989630658598,11.660184756694678,11.75679874420166,6010257,0.0,0.0
2006-01-06 00:00:00-05:00,11.895683205203675,12.040605331557536,11.85341444215227,12.016450881958008,4111487,0.0,0.0
2006-01-09 00:00:00-05:00,12.076837922714184,12.952408708299979,12.07079930909401,12.765217781066895,11066498,0.0,0.0
2006-01-10 00:00:00-05:00,12.644449537617708,12.922217388355016,12.590103537840445,12.879948616027832,7037037,0.0,0.0
2006-01-11 00:00:00-05:00,13.006751879178022,13.175826928789931,12.982597429949038,13.121480941772461,4903700,0.0,0.0
2006-01-12 00:00:00-05:00,13.103369470575796,13.199984240950927,12.916178543442488,13.03090763092041,6275121,0.0,0.0
2006-01-13 00:00:00-05:00,13.036943605762653,13.224134495007128,12.867868553702262,13.01279067993164,3852576,0.0,0.0
2006-01-17 00:00:00-05:00,13.012791213934667,13.012791213934667,12.64444727085088,12.747099876403809,3984082,0.0,0.0
2006-01-18 00:00:00-05:00,12.741060292857197,12.801444125448283,12.209679975684692,12.680676460266113,6139646,0.0,0.0
2006-01-19 00:00:00-05:00,13.133560301852787,13.417365983952578,12.99467676744744,13.103368759155273,8115282,0.0,0.0
2006-01-20 00:00:00-05:00,13.10336634957988,13.121480662368153,12.421025267732919,12.46329402923584,5179545,0.0,0.0
2006-01-23 00:00:00-05:00,12.517640217382631,12.771254329682273,12.336487933060528,12.638408660888672,2870381,0.0,0.0
2006-01-24 00:00:00-05:00,12.656521664340918,12.86182759138514,12.421023442713393,12.578022003173828,3002284,0.0,0.0
2006-01-25 00:00:00-05:00,12.602175702506122,12.656522445609808,12.23987195451072,12.451215744018555,3929045,0.0,0.0
2006-01-26 00:00:00-05:00,12.559907498087178,13.181864718185562,12.499524426279773,12.964482307434082,4055657,0.0,0.0
2006-01-27 00:00:00-05:00,13.568323608341002,14.087627469928076,13.091288506258353,13.127518653869629,7960359,0.0,0.0
2006-01-30 00:00:00-05:00,12.988636276301058,13.34490374261401,12.873905687891522,13.278480529785156,4812545,0.0,0.0
2006-01-31 00:00:00-05:00,13.272442950263622,13.278481563149619,13.09129065867528,13.199982643127441,4270909,0.0,0.0
2006-02-01 00:00:00-05:00,13.157711033320878,13.224132713217482,12.861828208334009,13.115442276000977,2772611,0.0,0.0
2006-02-02 00:00:00-05:00,13.13959720508227,13.417364237742829,13.079212603798037,13.38717269897461,5899522,0.0,0.0
2006-02-03 00:00:00-05:00,13.38717288570765,13.785707602747905,13.284519519216918,13.713247299194336,4656299,0.0,0.0
2006-02-06 00:00:00-05:00,13.785708690966072,13.88232345249596,13.71928699475673,13.815901756286621,4593588,0.0,0.0
2006-02-07 00:00:00-05:00,13.81589618975513,13.81589618975513,13.206016324728495,13.266399383544922,4392625,0.0,0.0
2006-02-08 00:00:00-05:00,13.520019586841947,13.840055430241856,13.206022356831397,13.791748046875,4704191,0.0,0.0
2006-02-09 00:00:00-05:00,13.797783042318711,14.11178018999541,13.77363011884248,13.942705154418945,4604040,0.0,0.0
2006-02-10 00:00:00-05:00,13.942706000895438,14.02120491164346,13.65890037127079,13.930628776550293,4461818,0.0,0.0
2006-02-13 00:00:00-05:00,14.069511723175545,14.347280253278006,13.948744055792098,14.19028091430664,5638097,0.0,0.0
2006-02-14 00:00:00-05:00,14.129896292291294,14.401624686206137,14.093666144518844,14.359355926513672,3213832,0.0,0.0
2006-02-15 00:00:00-05:00,14.401626048840624,14.63108722852151,14.329165746439768,14.492203712463379,3656772,0.0,0.0
2006-02-16 00:00:00-05:00,14.5223931770842,14.673353896564862,14.26877910740679,14.474085807800293,3927987,0.0,0.0
2006-02-17 00:00:00-05:00,14.570701484289339,14.751853749827939,14.492202575555325,14.600893020629883,3474595,0.0,0.0
2006-02-21 00:00:00-05:00,14.794129951863829,14.914897681721577,14.238595651771005,14.292940139770508,4570700,0.0,0.0
2006-02-22 00:00:00-05:00,14.643164383106523,14.643164383106523,13.92459228153132,13.954785346984863,7336697,0.0,0.0
2006-02-23 00:00:00-05:00,13.827975559865413,13.827975559865413,13.236209911025222,13.369054794311523,7888123,0.0,0.0
2006-02-24 00:00:00-05:00,13.465669519394961,13.664937606012717,13.435477985323127,13.495861053466797,4796140,0.0,0.0
2006-02-27 00:00:00-05:00,13.670977600893117,13.882321408276187,13.610593002891793,13.628708839416504,3397861,0.0,0.0
2006-02-28 00:00:00-05:00,13.628707688740867,13.658899223318596,13.326786247973269,13.435478210449219,4042691,0.0,0.0
2006-03-01 00:00:00-05:00,13.616632789587124,14.069513504291596,13.544172484733545,14.003091812133789,3582155,0.0,0.0
2006-03-02 00:00:00-05:00,14.160091099548714,14.160091099548714,13.737400402959713,13.864208221435547,3166865,0.0,0.0
2006-03-03 00:00:00-05:00,13.719287537679238,13.761556307052802,13.532096620275738,13.592479705810547,5331955,0.0,0.0
2006-03-06 00:00:00-05:00,13.598515471768877,13.719284665047057,13.35093999692152,13.507939338684082,5180603,0.0,0.0
2006-03-07 00:00:00-05:00,12.910138706318037,13.006753467536885,12.318373674789571,12.493487358093262,15916484,0.0,0.0
2006-03-08 00:00:00-05:00,11.805107170746323,12.22779556685966,11.774914870354696,11.91983699798584,9134389,0.0,0.0
2006-03-09 00:00:00-05:00,11.968143269225404,12.143256919211622,11.61187583360958,11.623953819274902,6605474,0.0,0.0
2006-03-10 00:00:00-05:00,11.32203281305494,11.720568262021635,11.134841931902006,11.352224349975586,10167123,0.0,0.0
2006-03-13 00:00:00-05:00,11.503185357030292,11.811144678848382,11.17107234797404,11.491108894348145,5777541,0.0,0.0
2006-03-14 00:00:00-05:00,11.334114076921058,11.962109392052875,11.24957576254089,11.829263687133789,8252477,0.0,0.0
2006-03-15 00:00:00-05:00,11.89568255721955,12.29421800204662,11.883605333077659,12.179488182067871,7462646,0.0,0.0
2006-03-16 00:00:00-05:00,12.324410922838037,12.427064285732131,11.642069056834538,11.750761032104492,6111202,0.0,0.0
2006-03-17 00:00:00-05:00,11.750761773720749,11.895683908644454,11.521302107695183,11.726607322692871,4060816,0.0,0.0
2006-03-20 00:00:00-05:00,11.762837645448487,12.040605437678462,11.762837645448487,11.91983699798584,2656849,0.0,0.0
2006-03-21 00:00:00-05:00,11.799067234121214,12.046642714161067,11.40053254493903,11.466954231262207,6034600,0.0,0.0
2006-03-22 00:00:00-05:00,11.291842334962327,11.587724452896706,11.068419760057205,11.539416313171387,5485026,0.0,0.0
2006-03-23 00:00:00-05:00,11.587724522949733,11.623955437494274,11.340149019496126,11.394495010375977,3389923,0.0,0.0
2006-03-24 00:00:00-05:00,11.750760931631659,11.786991081829276,11.45487807023099,11.587723731994629,4785688,0.0,0.0
2006-03-27 00:00:00-05:00,11.581686226183718,11.883607748615365,11.47299575805664,11.47299575805664,5760739,0.0,0.0
2006-03-28 00:00:00-05:00,11.430726026886056,11.5213029391555,11.183151266596727,11.273727416992188,6119140,0.0,0.0
2006-03-29 00:00:00-05:00,11.442802439717154,11.774915475470767,11.442802439717154,11.684338569641113,6680489,0.0,0.0
2006-03-30 00:00:00-05:00,11.823222077626621,12.052681728833445,11.76887609007147,11.943989753723145,4164275,0.0,0.0
2006-03-31 00:00:00-05:00,11.974180156922287,12.022488286332111,11.71452824688438,11.732644081115723,3458190,0.0,0.0
2006-04-03 00:00:00-04:00,11.865490914987028,12.197603931023504,11.732646013321991,11.97418212890625,4521220,0.0,0.0
2006-04-04 00:00:00-04:00,11.956067357763054,12.559908804898038,11.943990132645924,12.378756523132324,6901826,0.0,0.0
2006-04-05 00:00:00-04:00,12.378756749830526,12.698793316934697,12.257988305817056,12.644447326660156,4755391,0.0,0.0
2006-04-06 00:00:00-04:00,12.68067638914507,12.85579003598874,12.541792889278089,12.801444053649902,3092380,0.0,0.0
2006-04-07 00:00:00-04:00,12.831637316131063,12.94032929543998,12.300256930408707,12.366680145263672,3146888,0.0,0.0
2006-04-10 00:00:00-04:00,12.366680839306895,12.366680839306895,11.93191442141907,11.986260414123535,3262783,0.0,0.0
2006-04-11 00:00:00-04:00,12.034568925664892,12.113067853760397,11.786993390616237,12.094953536987305,2824076,0.0,0.0
2006-04-12 00:00:00-04:00,12.052683794907011,12.23987547725498,11.956069027968965,12.004376411437988,3298107,0.0,0.0
2006-04-13 00:00:00-04:00,12.040606260713131,12.119105180473705,11.895684123175846,11.925875663757324,3254183,0.0,0.0
2006-04-17 00:00:00-04:00,11.931913525255919,12.191565481524467,11.823222309884345,12.10098934173584,2670079,0.0,0.0
2006-04-18 00:00:00-04:00,12.119105388703113,12.360642288748656,12.107028924637813,12.300257682800293,5052537,0.0,0.0
2006-04-19 00:00:00-04:00,11.998336732525967,12.143258870063253,11.714531070317268,11.925875663757324,7096175,0.0,0.0
2006-04-20 00:00:00-04:00,11.998338594314292,11.998338594314292,11.654148273786564,11.696417808532715,4071665,0.0,0.0
2006-04-21 00:00:00-04:00,11.696414773413212,11.696414773413212,11.364302528545604,11.611876487731934,5178487,0.0,0.0
2006-04-24 00:00:00-04:00,11.50318440801906,11.563569002069675,11.309954926055175,11.44883918762207,3370343,0.0,0.0
2006-04-25 00:00:00-04:00,11.454879059029956,11.702454566955566,11.454879059029956,11.702454566955566,3620125,0.0,0.0
2006-04-26 00:00:00-04:00,11.73868519915081,11.871529345431277,11.466955246394289,11.539416313171387,3163161,0.0,0.0
2006-04-27 00:00:00-04:00,11.545455243190434,11.925875663757324,11.346187875482121,11.925875663757324,6262156,0.0,0.0
2006-04-28 00:00:00-04:00,12.861830480958123,12.970522461127542,12.56594760369016,12.70483112335205,7993831,0.0,0.0
2006-05-01 00:00:00-04:00,12.922213290446345,13.091288326137784,12.753137492881097,12.849751472473145,6492490,0.0,0.0
2006-05-02 00:00:00-04:00,13.14563457035159,13.344902669059906,12.934289247782733,12.964482307434082,6805115,0.0,0.0
2006-05-03 00:00:00-04:00,12.964482300743413,13.079211356116389,12.831635885841328,13.00675106048584,2976353,0.0,0.0
2006-05-04 00:00:00-04:00,13.212057967130466,13.24828811548352,13.05505862593701,13.15771198272705,3430142,0.0,0.0
2006-05-05 00:00:00-04:00,13.14563457718013,13.254326544486155,12.789367139342673,12.922213554382324,3925076,0.0,0.0
2006-05-08 00:00:00-04:00,12.94032884506729,13.12148112177882,12.94032884506729,13.055059432983398,2231107,0.0,0.0
2006-05-09 00:00:00-04:00,13.006752780209501,13.091290310871718,12.825600493433933,12.89806079864502,2418841,0.0,0.0
2006-05-10 00:00:00-04:00,12.898059595980577,12.898059595980577,12.517639219724598,12.632369041442871,4612640,0.0,0.0
2006-05-11 00:00:00-04:00,12.632368826007543,12.63840743806706,12.143257248537214,12.15533447265625,4860041,0.0,0.0
2006-05-12 00:00:00-04:00,12.161375026775307,12.324413017388764,11.895685179569693,12.004376411437988,4766901,0.0,0.0
2006-05-15 00:00:00-04:00,12.004375392279304,12.191566296860955,11.660185885689348,11.86549186706543,3696859,0.0,0.0
2006-05-16 00:00:00-04:00,11.859452053324706,12.004374176753673,11.454877982553969,11.491108894348145,4402415,0.0,0.0
2006-05-17 00:00:00-04:00,11.472994818863281,11.65414634611979,11.328072682809353,11.605839729309082,4183723,0.0,0.0
2006-05-18 00:00:00-04:00,11.629993491650222,11.793030705265753,11.521302269864512,11.636032104492188,3105346,0.0,0.0
2006-05-19 00:00:00-04:00,12.475372785812672,13.187906297706704,12.137221869732958,13.103368759155273,13060921,0.0,0.0
2006-05-22 00:00:00-04:00,12.952405668503744,12.958444280706717,12.294218270847667,12.620292663574219,5929025,0.0,0.0
2006-05-23 00:00:00-04:00,12.60217767945914,13.218096357106893,12.167412808911875,12.282142639160156,6977237,0.0,0.0
2006-05-24 00:00:00-04:00,12.282142361481094,12.43914095271233,11.59376263368063,12.076835632324219,7680147,0.0,0.0
2006-05-25 00:00:00-04:00,12.227794868802896,12.408947898937162,12.028527526091205,12.360640525817871,3411885,0.0,0.0
2006-05-26 00:00:00-04:00,12.390833822405225,12.439141199415042,12.155335549950841,12.40894889831543,2193269,0.0,0.0
2006-05-30 00:00:00-04:00,12.414986579394498,12.45725534323204,12.082874319332458,12.107028007507324,3254712,0.0,0.0
2006-05-31 00:00:00-04:00,12.107028069948496,12.427064630384516,11.925875026765766,12.288180351257324,10072396,0.0,0.0
2006-06-01 00:00:00-04:00,12.25798620175814,12.330447255728426,11.95606552448551,12.294217109680176,4239818,0.0,0.0
2006-06-02 00:00:00-04:00,12.414984909152375,12.620291611954881,12.288178634699554,12.523676872253418,3055336,0.0,0.0
2006-06-05 00:00:00-04:00,12.535759464234001,12.680681635850757,11.780957058468992,11.829263687133789,4046131,0.0,0.0
2006-06-06 00:00:00-04:00,11.799066543579102,11.943988655822228,11.58168337521441,11.799066543579102,2948570,0.0,0.0
2006-06-07 00:00:00-04:00,11.835296236134033,11.968141872973138,11.279762291507485,11.388453483581543,5983135,0.0,0.0
2006-06-08 00:00:00-04:00,11.412609325604844,11.9258746127438,11.225418438251252,11.871528625488281,5658603,0.0,0.0
2006-06-09 00:00:00-04:00,12.11910334463635,12.318371444032888,11.931912469142064,11.980219841003418,4194572,0.0,0.0
2006-06-12 00:00:00-04:00,11.937951630162893,12.01645054164267,11.53337756268469,11.545454025268555,2524284,0.0,0.0
2006-06-13 00:00:00-04:00,11.261650630975748,11.267688482122152,10.470617467148612,10.688000679016113,9424523,0.0,0.0
2006-06-14 00:00:00-04:00,10.573270758946366,10.953690424419838,10.392117702858952,10.52496337890625,5325207,0.0,0.0
2006-06-15 00:00:00-04:00,10.59138511775255,11.189188714741263,10.59138511775255,10.965766906738281,4047851,0.0,0.0
2006-06-16 00:00:00-04:00,10.9718043042102,11.008034451834039,10.645729928100375,10.700075149536133,3378281,0.0,0.0
2006-06-19 00:00:00-04:00,10.75442507145646,10.917462319220771,10.645733826904952,10.869154930114746,2866015,0.0,0.0
2006-06-20 00:00:00-04:00,10.790654052866477,10.869152974635382,10.482693931315382,10.688000679016113,6619234,0.0,0.0
2006-06-21 00:00:00-04:00,10.675926171920706,11.140883460369901,10.669886795919263,11.008038520812988,4719538,0.0,0.0
2006-06-22 00:00:00-04:00,10.947652547175112,10.947652547175112,10.730269337513743,10.85103702545166,2562386,0.0,0.0
2006-06-23 00:00:00-04:00,10.826884423033396,11.225419938463451,10.66384643947776,11.086536407470703,2521638,0.0,0.0
2006-06-26 00:00:00-04:00,11.158995396032296,11.255610140748924,10.808766565497598,10.917458534240723,4641878,0.0,0.0
2006-06-27 00:00:00-04:00,10.88122503250632,11.189185029350607,10.88122503250632,11.134839057922363,5747509,0.0,0.0
2006-06-28 00:00:00-04:00,11.171072885686252,11.195226574087036,10.935575376120996,11.140880584716797,3244261,0.0,0.0
2006-06-29 00:00:00-04:00,11.201266643755677,11.587725708440155,11.026152189602021,11.551495552062988,2570192,0.0,0.0
2006-06-30 00:00:00-04:00,11.648107808109048,12.016450977446738,11.648107808109048,11.962105751037598,4811222,0.0,0.0
2006-07-03 00:00:00-04:00,12.01041315941079,12.143258062380438,11.907759795014496,12.052681922912598,1282119,0.0,0.0
2006-07-05 00:00:00-04:00,11.919836781571673,12.028527994384712,11.599800231728276,11.786991119384766,3792380,0.0,0.0
2006-07-06 00:00:00-04:00,11.744724415760494,12.04060732997676,11.744724415760494,12.004376411437988,3201528,0.0,0.0
2006-07-07 00:00:00-04:00,11.956068085889859,12.034567768310136,11.829261023806943,11.895684242248535,3299297,0.0,0.0
2006-07-10 00:00:00-04:00,11.895682965118882,12.022490013587696,11.322033083681015,11.491108894348145,3707443,0.0,0.0
2006-07-11 00:00:00-04:00,11.448839407414866,11.684336890737132,11.424684959831861,11.623953819274902,3324434,0.0,0.0
2006-07-12 00:00:00-04:00,11.56356876335805,11.617913982633167,11.231455788557025,11.358262062072754,4267469,0.0,0.0
2006-07-13 00:00:00-04:00,11.261648933068807,11.44280120137594,11.074458052651744,11.15295696258545,4621636,0.0,0.0
2006-07-14 00:00:00-04:00,11.177111542006221,11.24957260749221,11.020112947723533,11.080496788024902,3568396,0.0,0.0
2006-07-17 00:00:00-04:00,11.038228211086336,11.32203386525779,10.947652068159092,11.189188957214355,2798939,0.0,0.0
2006-07-18 00:00:00-04:00,11.515261483870946,11.660183593484925,11.056341470093349,11.303916931152344,5594835,0.0,0.0
2006-07-19 00:00:00-04:00,11.249572108072115,11.690376332137129,11.213341196000624,11.587723731994629,3756526,0.0,0.0
2006-07-20 00:00:00-04:00,11.774914247476955,11.835298083192093,11.267686827599622,11.352224349975586,4486028,0.0,0.0
2006-07-21 00:00:00-04:00,10.869151807519223,10.92953640749093,10.458539879956689,10.579307556152344,6830120,0.0,0.0
2006-07-24 00:00:00-04:00,10.591384910062427,10.814805951810364,10.506846621445835,10.72422981262207,3612452,0.0,0.0
2006-07-25 00:00:00-04:00,10.59138683015073,10.736308222000133,10.452503289967616,10.573271751403809,4660135,0.0,0.0
2006-07-26 00:00:00-04:00,10.537038663471414,10.58534603810404,10.162656891005494,10.174734115600586,9355991,0.0,0.0
2006-07-27 00:00:00-04:00,10.271350576704375,10.488733798780606,9.969429053994835,10.084158897399902,6732615,0.0,0.0
2006-07-28 00:00:00-04:00,10.537039760774517,11.23145815296519,10.500809606964058,10.778575897216797,12038639,0.0,0.0
2006-07-31 00:00:00-04:00,10.772535225717911,10.772535225717911,10.494768246315688,10.59138298034668,4615550,0.0,0.0
2006-08-01 00:00:00-04:00,10.549112231461235,10.555150842101755,10.295498965169683,10.434382438659668,2812830,0.0,0.0
2006-08-02 00:00:00-04:00,10.45249928412402,10.567229088050539,10.301538574714856,10.355884552001953,3181154,0.0,0.0
2006-08-03 00:00:00-04:00,10.265307669232214,10.537036793793959,10.223038914397243,10.355884552001953,4513547,0.0,0.0
2006-08-04 00:00:00-04:00,10.494769914265596,10.573269588610287,10.156618291414173,10.241156578063965,3281172,0.0,0.0
2006-08-07 00:00:00-04:00,10.235118041023911,10.349847866295141,10.114349603403177,10.27134895324707,4479413,0.0,0.0
2006-08-08 00:00:00-04:00,10.265308293540023,10.265308293540023,10.0177343606995,10.041887283325195,3533204,0.0,0.0
2006-08-09 00:00:00-04:00,10.047925155295523,10.247194005199711,9.782235387086693,9.830543518066406,5523393,0.0,0.0
2006-08-10 00:00:00-04:00,9.764121101425298,9.836582160926756,9.667506355423354,9.81242847442627,2619540,0.0,0.0
2006-08-11 00:00:00-04:00,9.758086938836279,9.933199898861654,9.70374017132996,9.709778785705566,1591701,0.0,0.0
2006-08-14 00:00:00-04:00,9.782239872590438,9.99962313324505,9.70374017132996,9.709778785705566,2543335,0.0,0.0
2006-08-15 00:00:00-04:00,9.945274388475076,10.34984769548527,9.854697490348963,10.295501708984375,3044488,0.0,0.0
2006-08-16 00:00:00-04:00,10.386082712049163,10.983885752335961,10.180775909400937,10.959732055664062,5719594,0.0,0.0
2006-08-17 00:00:00-04:00,10.965766659222176,11.00803542246831,10.70007609301607,10.742344856262207,3643807,0.0,0.0
2006-08-18 00:00:00-04:00,10.77253744248005,10.911420960760475,10.506846869221283,10.905383110046387,3029405,0.0,0.0
2006-08-21 00:00:00-04:00,10.863114197196543,10.869152047828102,10.585346402558436,10.844998359680176,2461574,0.0,0.0
2006-08-22 00:00:00-04:00,10.802728874673724,10.977843292523609,10.724229202965313,10.935574531555176,4226456,0.0,0.0
2006-08-23 00:00:00-04:00,10.911418015468524,10.977841212259197,10.627612442926614,10.7061128616333,3045414,0.0,0.0
2006-08-24 00:00:00-04:00,10.669884515307132,10.675923890017701,10.32569501172823,10.410232543945312,3406196,0.0,0.0
2006-08-25 00:00:00-04:00,10.349846971767619,10.633653347052636,10.301539600894486,10.386077880859375,3134716,0.0,0.0
2006-08-28 00:00:00-04:00,10.446460853692365,10.62761309861953,10.446460853692365,10.567229270935059,3476183,0.0,0.0
2006-08-29 00:00:00-04:00,10.567231348007569,10.772537316737779,10.50080889593667,10.76046085357666,2965372,0.0,0.0
2006-08-30 00:00:00-04:00,10.754422366589974,10.989920638782678,10.748384515875888,10.905383110046387,3475521,0.0,0.0
2006-08-31 00:00:00-04:00,10.941608664723047,11.15899176969243,10.881224087961424,11.050300598144531,3121751,0.0,0.0
2006-09-01 00:00:00-04:00,11.171072439751272,11.581684364299578,11.062381227223515,11.436763763427734,4584592,0.0,0.0
2006-09-05 00:00:00-04:00,11.285802650851027,11.37034094070929,10.941613164505387,11.068419456481934,3988448,0.0,0.0
2006-09-06 00:00:00-04:00,10.718191712689467,10.718191712689467,10.210964278412334,10.241156578063965,6789768,0.0,0.0
2006-09-07 00:00:00-04:00,10.180771629541603,10.223040390479666,9.752043884315306,9.921119689941406,5906798,0.0,0.0
2006-09-08 00:00:00-04:00,9.969425201403078,10.120385142546784,9.866771862401345,9.8848876953125,3593533,0.0,0.0
2006-09-11 00:00:00-04:00,9.890926357615227,10.053964295977957,9.842619751501612,9.933195114135742,2476788,0.0,0.0
2006-09-12 00:00:00-04:00,9.927158478414992,10.289463782622281,9.903004791467838,10.26530933380127,4366958,0.0,0.0
2006-09-13 00:00:00-04:00,10.247196870698824,10.42834917456612,10.174735796777105,10.192850112915039,2252804,0.0,0.0
2006-09-14 00:00:00-04:00,10.041889323643389,10.229080226079473,9.927159489428428,10.144542694091797,3716307,0.0,0.0
2006-09-15 00:00:00-04:00,10.247197735332298,10.271351428677567,9.625240322160138,9.691662788391113,9103828,0.0,0.0
2006-09-18 00:00:00-04:00,9.691660968951018,10.102273678735223,9.601084826378862,9.96338939666748,6130385,0.0,0.0
2006-09-19 00:00:00-04:00,10.259271793673832,10.476654982771102,10.120387518122943,10.343810081481934,5235905,0.0,0.0
2006-09-20 00:00:00-04:00,10.46457686540316,10.52496146038319,10.223040009230676,10.41627025604248,4534583,0.0,0.0
2006-09-21 00:00:00-04:00,10.440423314144034,10.724228933330552,10.434384702193558,10.603461265563965,5801355,0.0,0.0
2006-09-22 00:00:00-04:00,10.537036793793959,10.537036793793959,10.27738489168434,10.355884552001953,4228970,0.0,0.0
2006-09-25 00:00:00-04:00,10.349847866295141,10.3860787785183,10.102273140578042,10.27134895324707,4723242,0.0,0.0
2006-09-26 00:00:00-04:00,10.235118019162234,10.404193831470126,10.114349581799454,10.24719524383545,5878089,0.0,0.0
2006-09-27 00:00:00-04:00,10.349849048160024,11.243534826730913,10.319656744838667,10.911421775817871,11178689,0.0,0.0
2006-09-28 00:00:00-04:00,10.905382907394488,10.947651670977164,10.718192015636443,10.838959693908691,5798444,0.0,0.0
2006-09-29 00:00:00-04:00,10.80876572868963,11.14691807089212,10.760459121945019,10.929534912109375,5640214,0.0,0.0
2006-10-02 00:00:00-04:00,10.86915202646948,10.929536627657587,10.675923283539671,10.712153434753418,4995648,0.0,0.0
2006-10-03 00:00:00-04:00,10.549117228271257,10.657809223790203,10.35588845311073,10.476656913757324,6832237,0.0,0.0
2006-10-04 00:00:00-04:00,10.41023375705943,10.651770679931813,10.41023375705943,10.573271751403809,4874726,0.0,0.0
2006-10-05 00:00:00-04:00,10.537038822946684,10.65176864896711,10.34984793388064,10.45250129699707,4043485,0.0,0.0
2006-10-06 00:00:00-04:00,10.313618488251556,10.446463398645136,10.265310347711969,10.33777141571045,3262253,0.0,0.0
2006-10-09 00:00:00-04:00,10.349846820955642,10.386077729519462,10.210963322187567,10.283424377441406,4016893,0.0,0.0
2006-10-10 00:00:00-04:00,10.247195096607191,10.355886307735117,10.144541735855249,10.295501708984375,4111355,0.0,0.0
2006-10-11 00:00:00-04:00,10.180771810423165,10.416270829563297,10.11434936178696,10.26530933380127,3842918,0.0,0.0
2006-10-12 00:00:00-04:00,10.289466670927863,10.398157911763304,10.053968347556014,10.223043441772461,3623697,0.0,0.0
2006-10-13 00:00:00-04:00,10.367963958488795,10.790653912561,10.241157657953691,10.694038391113281,5247812,0.0,0.0
2006-10-16 00:00:00-04:00,10.688000837535393,11.056344047257385,10.657808533859729,11.01407527923584,6086991,0.0,0.0
2006-10-17 00:00:00-04:00,10.929534814479961,10.935573425971763,10.68799797354558,10.790651321411133,4301999,0.0,0.0
2006-10-18 00:00:00-04:00,10.863114001582625,10.995958141193231,10.500808685887815,10.627614974975586,3995592,0.0,0.0
2006-10-19 00:00:00-04:00,10.561194348709234,10.875191558696644,10.440425136119364,10.772538185119629,4098919,0.0,0.0
2006-10-20 00:00:00-04:00,10.875189739909993,10.881227590030537,10.561192582436044,10.63365364074707,4024037,0.0,0.0
2006-10-23 00:00:00-04:00,10.555153723180691,10.657807084594598,10.331732687234252,10.367962837219238,6752327,0.0,0.0
2006-10-24 00:00:00-04:00,10.380038210218046,10.43438342550149,10.174732285886325,10.289462089538574,4446074,0.0,0.0
2006-10-25 00:00:00-04:00,10.416272322264167,11.056343975278205,10.404195096122939,10.983882904052734,6691999,0.0,0.0
2006-10-26 00:00:00-04:00,11.0804966815505,11.171072822069148,10.851036262112839,11.068419456481934,3776371,0.0,0.0
2006-10-27 00:00:00-04:00,10.95972906976059,11.195227357683162,10.820846304077538,10.923498153686523,3498409,0.0,0.0
2006-10-30 00:00:00-05:00,10.814806005879463,11.06841934924941,10.748384316141452,10.838959693908691,3666165,0.0,0.0
2006-10-31 00:00:00-05:00,10.953689744215637,11.104650487935103,10.923497443096963,11.038228034973145,4521617,0.0,0.0
2006-11-01 00:00:00-05:00,11.128799945723635,11.17106869409652,10.748380448494048,10.80876350402832,5418876,0.0,0.0
2006-11-02 00:00:00-05:00,10.796693846455707,11.02615356377228,10.78461738011625,10.869154930114746,8375119,0.0,0.0
2006-11-03 00:00:00-05:00,11.472993913645695,11.623954650592907,11.291841638808142,11.436763763427734,14290914,0.0,0.0
2006-11-06 00:00:00-05:00,11.472994690327546,11.50318623026175,11.370341321304256,11.394495010375977,6271946,0.0,0.0
2006-11-07 00:00:00-05:00,11.39449394950708,11.533377458270426,11.285801977866997,11.382416725158691,6432161,0.0,0.0
2006-11-08 00:00:00-05:00,11.322032221161518,11.738683484747515,11.267686238547297,11.714529037475586,5764443,0.0,0.0
2006-11-09 00:00:00-05:00,11.859448432922363,12.004370512110132,11.702449894739098,11.859448432922363,4484044,0.0,0.0
2006-11-10 00:00:00-05:00,11.829260010874705,11.86549092345623,11.642069121179505,11.823222160339355,3455808,0.0,0.0
2006-11-13 00:00:00-05:00,11.774913631907786,11.986258188672872,11.690375352077467,11.714529037475586,4011733,0.0,0.0
2006-11-14 00:00:00-05:00,11.79303196946322,12.251952119043498,11.714532279724406,12.2459135055542,6313488,0.0,0.0
2006-11-15 00:00:00-05:00,12.31233293995802,12.61425361711736,12.155333608811087,12.336485862731934,5028591,0.0,0.0
2006-11-16 00:00:00-05:00,12.336485148846938,12.578021981346724,12.264024099097002,12.469330787658691,3927590,0.0,0.0
2006-11-17 00:00:00-05:00,12.384797928390702,12.390835780065434,12.173452549176316,12.348567008972168,2976882,0.0,0.0
2006-11-20 00:00:00-05:00,12.294217323332477,12.571984320775458,12.25798641478081,12.553869247436523,3762347,0.0,0.0
2006-11-21 00:00:00-05:00,12.505562689660872,12.565946525337862,12.360640569787478,12.559907913208008,4105004,0.0,0.0
2006-11-22 00:00:00-05:00,12.493487875801966,12.95844662390326,12.463296333075464,12.928255081176758,4516854,0.0,0.0
2006-11-24 00:00:00-05:00,12.819558361753144,12.970519067210178,12.728982243228408,12.885981559753418,1156831,0.0,0.0
2006-11-27 00:00:00-05:00,12.87994809494433,12.922216865561445,12.161375185083251,12.221759796142578,6976047,0.0,0.0
2006-11-28 00:00:00-05:00,12.239874771387658,12.584064287349703,12.100990480518098,12.517641067504883,12974000,0.0,0.0
2006-11-29 00:00:00-05:00,12.608214297757131,12.662559513758584,12.427062054004804,12.578022003173828,4906213,0.0,0.0
2006-11-30 00:00:00-05:00,12.584063363217801,12.632369978479518,12.342525715665756,12.390833854675293,4585518,0.0,0.0
2006-12-01 00:00:00-05:00,12.445179264075149,12.783331670830801,12.31233511782535,12.71690845489502,5232333,0.0,0.0
2006-12-04 00:00:00-05:00,12.668599319463024,12.873904503989959,12.52971505603513,12.861828804016113,4185046,0.0,0.0
2006-12-05 00:00:00-05:00,12.928253249662953,13.097328302975708,12.72898513415308,13.067136764526367,4267998,0.0,0.0
2006-12-06 00:00:00-05:00,13.067138324270891,13.10336847948423,12.698794349607404,12.741063117980957,2952407,0.0,0.0
2006-12-07 00:00:00-05:00,12.80748447908098,12.940329385972495,12.698793260885552,12.747099876403809,3523017,0.0,0.0
2006-12-08 00:00:00-05:00,12.67463989696654,12.825601416602044,12.596140973379649,12.741063117980957,3400507,0.0,0.0
2006-12-11 00:00:00-05:00,12.765215726084822,12.807484490873412,12.56594760369016,12.70483112335205,3271911,0.0,0.0
2006-12-12 00:00:00-05:00,12.741061858714877,12.747099709404361,12.384795907457438,12.445178985595703,3615362,0.0,0.0
2006-12-13 00:00:00-05:00,12.451220600686515,12.614258607970083,12.354606585744008,12.439144134521484,5605948,0.0,0.0
2006-12-14 00:00:00-05:00,12.463295047915391,12.620293644275787,12.414986908411517,12.427064895629883,3460571,0.0,0.0
2006-12-15 00:00:00-05:00,12.445178933160548,12.571985987087906,12.324411253645037,12.330449104309082,3986331,0.0,0.0
2006-12-18 00:00:00-05:00,12.378755794193863,12.638407738309281,12.378755794193863,12.620292663574219,4600336,0.0,0.0
2006-12-19 00:00:00-05:00,12.559911031277075,12.765217799669877,12.390835944658116,12.722949028015137,3293873,0.0,0.0
2006-12-20 00:00:00-05:00,12.741061012872496,12.867868058915773,12.5236778318871,12.632369041442871,2971061,0.0,0.0
2006-12-21 00:00:00-05:00,12.680679029360254,12.680679029360254,12.37875751961437,12.493487358093262,3032978,0.0,0.0
2006-12-22 00:00:00-05:00,12.463294920378734,12.535755986082174,12.348565090150098,12.390833854675293,1611943,0.0,0.0
2006-12-26 00:00:00-05:00,12.31233484231849,12.51764005073465,12.306295467881199,12.445178985595703,1290719,0.0,0.0
2006-12-27 00:00:00-05:00,12.547832571449382,12.692754704265544,12.499525955717912,12.644447326660156,1777847,0.0,0.0
2006-12-28 00:00:00-05:00,12.584064200609944,12.66860173528579,12.493487291047876,12.529717445373535,2160194,0.0,0.0
2006-12-29 00:00:00-05:00,12.505564715655376,12.668601936457726,12.354604721069336,12.354604721069336,2135984,0.0,0.0
2007-01-03 00:00:00-05:00,12.408946778274776,12.505561515788001,12.082872420104533,12.342523574829102,4502169,0.0,0.0
2007-01-04 00:00:00-05:00,12.282142637057088,12.396872467285725,12.016451300937229,12.390833854675293,5313962,0.0,0.0
2007-01-05 00:00:00-05:00,12.113065632860582,12.137220082460109,11.805107066700982,12.016450881958008,8470508,0.0,0.0
2007-01-08 00:00:00-05:00,12.010413276357756,12.137220329971804,11.84737607135335,12.022490501403809,3979055,0.0,0.0
2007-01-09 00:00:00-05:00,12.02852630249296,12.215717163819816,11.956065250185102,12.070795059204102,5683079,0.0,0.0
2007-01-10 00:00:00-05:00,12.070797259246707,12.535755953434677,12.028528494831592,12.40894889831543,5695780,0.0,0.0
2007-01-11 00:00:00-05:00,12.523677165392716,12.910136133244336,12.43913964711208,12.771252632141113,7010048,0.0,0.0
2007-01-12 00:00:00-05:00,12.801445878225351,12.807484490873412,12.56594760369016,12.70483112335205,2437363,0.0,0.0
2007-01-16 00:00:00-05:00,12.680676229950686,12.765213746417539,12.523676896692539,12.547830581665039,2252011,0.0,0.0
2007-01-17 00:00:00-05:00,12.505562121170009,12.892020328057193,12.45121613821954,12.753137588500977,3311734,0.0,0.0
2007-01-18 00:00:00-05:00,12.68067584441297,12.68067584441297,12.167410625757785,12.22779369354248,7006740,0.0,0.0
2007-01-19 00:00:00-05:00,12.173451562733323,12.342526633405841,12.082875414337625,12.167413711547852,5784421,0.0,0.0
2007-01-22 00:00:00-05:00,12.270065158215763,12.294218846284323,11.986259513878654,12.10098934173584,3835774,0.0,0.0
2007-01-23 00:00:00-05:00,12.100989169934703,12.191565308437395,11.859452292678267,12.016450881958008,5372968,0.0,0.0
2007-01-24 00:00:00-05:00,12.31837009825441,12.728982714216597,12.264024120379215,12.578022003173828,6084609,0.0,0.0
2007-01-25 00:00:00-05:00,12.614254660502842,12.722945869470964,12.372717032173336,12.559907913208008,6587085,0.0,0.0
2007-01-26 00:00:00-05:00,12.076836082236683,12.076836082236683,11.352225414465694,11.539416313171387,14882162,0.0,0.0
2007-01-29 00:00:00-05:00,11.59980035806263,11.895683223628518,11.59376250752728,11.823222160339355,8770829,0.0,0.0
2007-01-30 00:00:00-05:00,11.726606529287789,11.805106966069316,11.605838853562929,11.744722366333008,6276312,0.0,0.0
2007-01-31 00:00:00-05:00,11.551493661374556,11.883605913386868,11.49110906146404,11.835298538208008,5551043,0.0,0.0
2007-02-01 00:00:00-05:00,11.847376830923642,11.956068053937127,11.67226238964608,11.738685607910156,4485499,0.0,0.0
2007-02-02 00:00:00-05:00,11.73868650820731,11.823224047937623,11.623956663484453,11.66622543334961,4201451,0.0,0.0
2007-02-05 00:00:00-05:00,11.666223406587967,11.684337719812902,11.45487807023099,11.587723731994629,3436096,0.0,0.0
2007-02-06 00:00:00-05:00,11.636029991879871,11.6541443033691,11.358262232193635,11.527338027954102,2786106,0.0,0.0
2007-02-07 00:00:00-05:00,11.563572831614122,11.654148228938572,11.491111751880505,11.557534217834473,2752502,0.0,0.0
2007-02-08 00:00:00-05:00,11.611877379948485,11.636031830748106,11.485071084494004,11.539416313171387,2723396,0.0,0.0
2007-02-09 00:00:00-05:00,11.539418350779204,11.59980296469301,11.231459714940206,11.376381874084473,3252199,0.0,0.0
2007-02-12 00:00:00-05:00,11.37638079377317,11.430726026886056,11.237496499709614,11.273727416992188,2087959,0.0,0.0
2007-02-13 00:00:00-05:00,11.273724634514316,11.364301524428399,11.158994821538366,11.303916931152344,2693760,0.0,0.0
2007-02-14 00:00:00-05:00,11.30995674558066,11.605839627907415,11.303918894703283,11.485071182250977,4228176,0.0,0.0
2007-02-15 00:00:00-05:00,11.533379462794846,11.599801922633779,11.352226399201228,11.41261100769043,4163613,0.0,0.0
2007-02-16 00:00:00-05:00,11.41260902415581,11.442801323152928,11.32203288903831,11.382416725158691,2152521,0.0,0.0
2007-02-20 00:00:00-05:00,11.27372564352857,11.472993752551014,11.207303194479042,11.418647766113281,2308238,0.0,0.0
2007-02-21 00:00:00-05:00,11.485070415964191,11.756798829155944,11.376379203062267,11.744722366333008,4692152,0.0,0.0
2007-02-22 00:00:00-05:00,11.774912649567392,11.84133508840237,11.593760405131315,11.64810562133789,2692967,0.0,0.0
2007-02-23 00:00:00-05:00,11.980222039823053,12.197605253097105,11.956068349459269,12.167413711547852,5804266,0.0,0.0
2007-02-26 00:00:00-05:00,12.30629446431467,12.31837168845656,12.094950660570007,12.179488182067871,5027797,0.0,0.0
2007-02-27 00:00:00-05:00,11.780953145147025,12.040605092575651,11.448840135979674,11.599800109863281,4384157,0.0,0.0
2007-02-28 00:00:00-05:00,11.865490646851553,11.865490646851553,11.472993801257099,11.57564640045166,4444089,0.0,0.0
2007-03-01 00:00:00-05:00,11.472992807865015,11.66018367698851,11.41260821415652,11.527338027954102,6138985,0.0,0.0
2007-03-02 00:00:00-05:00,11.521300864981292,11.569607476204803,11.104649581548124,11.195225715637207,6183173,0.0,0.0
2007-03-05 00:00:00-05:00,11.080500539023557,11.249576415726853,10.94161697362868,10.959732055664062,4913622,0.0,0.0
2007-03-06 00:00:00-05:00,11.050303404980715,11.140878769382601,10.971803740000706,11.044264793395996,3855222,0.0,0.0
2007-03-07 00:00:00-05:00,10.98387741133203,11.17710683797148,10.941608664723047,11.050300598144531,3029670,0.0,0.0
2007-03-08 00:00:00-05:00,11.116728509465151,11.177112354154113,10.899345297211752,10.953690528869629,3351159,0.0,0.0
2007-03-09 00:00:00-05:00,11.014073433446937,11.05634219438489,10.832921165499231,10.977843284606934,3766184,0.0,0.0
2007-03-12 00:00:00-04:00,10.983883894741108,10.989922508356374,10.82084742212123,10.899346351623535,4246962,0.0,0.0
2007-03-13 00:00:00-04:00,10.8389596501901,10.869151950573329,10.561193381785179,10.681961059570312,3389394,0.0,0.0
2007-03-14 00:00:00-04:00,10.688000679016113,10.778576064951785,10.440425163920747,10.688000679016113,3971117,0.0,0.0
2007-03-15 00:00:00-04:00,10.736305597468439,10.929535850404486,10.736305597468439,10.863113403320312,3195971,0.0,0.0
2007-03-16 00:00:00-04:00,10.844998186484732,10.844998186484732,10.615538533680864,10.651768684387207,2985879,0.0,0.0
2007-03-19 00:00:00-04:00,10.760462551721286,10.85707731975293,10.651770556748676,10.736308097839355,2255450,0.0,0.0
2007-03-20 00:00:00-04:00,10.706115368467703,10.826883044663356,10.524962330426463,10.579307556152344,5341348,0.0,0.0
2007-03-21 00:00:00-04:00,10.567231348007569,10.796691004933916,10.537039047293925,10.76046085357666,4849986,0.0,0.0
2007-03-22 00:00:00-04:00,10.92953638492007,10.92953638492007,10.500808621127073,10.555153846740723,5577503,0.0,0.0
2007-03-23 00:00:00-04:00,10.639692359802494,10.724229887132552,10.549115458110995,10.645730972290039,5036264,0.0,0.0
2007-03-26 00:00:00-04:00,10.64573081216574,10.69403742571783,10.331732871896904,10.627614974975586,5182059,0.0,0.0
2007-03-27 00:00:00-04:00,10.627616794507563,10.627616794507563,10.47665679186126,10.506848335266113,2353088,0.0,0.0
2007-03-28 00:00:00-04:00,10.49476887104545,10.50080748275029,10.283424318240234,10.31965446472168,3779811,0.0,0.0
2007-03-29 00:00:00-04:00,10.410229740833769,10.410229740833769,10.174732284229721,10.331730842590332,6067410,0.0,0.0
2007-03-30 00:00:00-04:00,10.265310238834543,10.307579766124116,10.053966411756313,10.150580406188965,4531143,0.0,0.0
2007-04-02 00:00:00-04:00,10.247196064540205,10.319656370887392,10.072081625870675,10.144542694091797,3219521,0.0,0.0
2007-04-03 00:00:00-04:00,10.19888871951561,10.361925933084803,10.144542727701232,10.301541328430176,6097178,0.0,0.0
2007-04-04 00:00:00-04:00,10.26530831441759,10.325692906725983,10.05396452695956,10.108309745788574,5484100,0.0,0.0
2007-04-05 00:00:00-04:00,10.084158122446361,10.253233948845741,10.066043045800626,10.12642765045166,4314435,0.0,0.0
2007-04-09 00:00:00-04:00,10.156620114285163,10.355888261126383,10.060006109433004,10.277388572692871,4055657,0.0,0.0
2007-04-10 00:00:00-04:00,9.993581698149503,10.023773999631528,9.78827572419436,9.96338939666748,9311936,0.0,0.0
2007-04-11 00:00:00-04:00,10.204924483982978,10.22907816853158,10.041887303748368,10.108309745788574,9120101,0.0,0.0
2007-04-12 00:00:00-04:00,10.108312623283863,10.144543541357375,10.011697857586498,10.066043853759766,4393418,0.0,0.0
2007-04-13 00:00:00-04:00,10.07208084322086,10.39211663159036,10.029812080511512,10.380040168762207,7490297,0.0,0.0
2007-04-16 00:00:00-04:00,10.464579565000108,10.712155096913586,10.464579565000108,10.506848335266113,7682000,0.0,0.0
2007-04-17 00:00:00-04:00,10.53703877893228,10.621576304528771,10.380040190592847,10.404193878173828,4503889,0.0,0.0
2007-04-18 00:00:00-04:00,10.174734267739613,10.380040232061203,10.00565769212341,10.343810081481934,6608650,0.0,0.0
2007-04-19 00:00:00-04:00,10.530997923286998,10.561190214615936,10.204922853056534,10.434382438659668,3684290,0.0,0.0
2007-04-20 00:00:00-04:00,10.537038952033315,10.567231252474006,10.422309124607365,10.48873233795166,3672516,0.0,0.0
2007-04-23 00:00:00-04:00,10.494770083383221,10.712153273005008,10.458539932716532,10.585346221923828,3265164,0.0,0.0
2007-04-24 00:00:00-04:00,10.627615029505314,10.869151907874501,10.609499954096098,10.742344856262207,4781719,0.0,0.0
2007-04-25 00:00:00-04:00,10.796689010847981,10.796689010847981,10.5672293963015,10.730266571044922,4532730,0.0,0.0
2007-04-26 00:00:00-04:00,10.663845481973741,11.038228034973145,10.663845481973741,11.038228034973145,8472227,0.0,0.0
2007-04-27 00:00:00-04:00,11.056341924373235,11.122764370207006,10.597422653613487,10.603461265563965,7137850,0.0,0.0
2007-04-30 00:00:00-04:00,10.633657433208091,10.83896269550007,10.627618057185957,10.675926208496094,3914757,0.0,0.0
2007-05-01 00:00:00-04:00,10.651766860045724,10.718190061420776,10.573267959668623,10.639690399169922,3588241,0.0,0.0
2007-05-02 00:00:00-04:00,10.609500196072702,10.851036318076847,10.60346234538118,10.748384475708008,3344015,0.0,0.0
2007-05-03 00:00:00-04:00,10.778578004135374,10.935578161541105,10.742347843242904,10.869154930114746,3969662,0.0,0.0
2007-05-04 00:00:00-04:00,10.971809284937095,11.03219314567976,10.86311803085063,10.959732055664062,3438080,0.0,0.0
2007-05-07 00:00:00-04:00,10.905384108240854,11.086536407470703,10.881229655677965,11.086536407470703,2995404,0.0,0.0
2007-05-08 00:00:00-04:00,11.03219239922924,11.110692098570077,10.953692699888403,11.074461936950684,2789413,0.0,0.0
2007-05-09 00:00:00-04:00,10.995959368319996,11.032190284869714,10.869153065080898,10.983882904052734,4091245,0.0,0.0
2007-05-10 00:00:00-04:00,10.923495538689858,11.122763624709151,10.887265393162954,10.929534912109375,4270115,0.0,0.0
2007-05-11 00:00:00-04:00,10.94161240345129,11.110688209533691,10.94161240345129,11.110688209533691,2234415,0.0,0.0
2007-05-14 00:00:00-04:00,11.231452804682222,11.30995168784931,10.971800953103857,11.050300598144531,3866864,0.0,0.0
2007-05-15 00:00:00-04:00,11.032190227229338,11.12880498835851,10.875191621331412,10.911421775817871,3248627,0.0,0.0
2007-05-16 00:00:00-04:00,10.911420886396515,10.977844100663948,10.772537369062615,10.875190734863281,2998712,0.0,0.0
2007-05-17 00:00:00-04:00,10.875190552518484,10.899344240426954,10.69403751226801,10.72422981262207,3164351,0.0,0.0
2007-05-18 00:00:00-04:00,10.724228936244097,10.808766456078441,10.6215755805534,10.75442123413086,3890149,0.0,0.0
2007-05-21 00:00:00-04:00,10.706115487798831,10.838959628345188,10.633654424149455,10.657807350158691,5175841,0.0,0.0
2007-05-22 00:00:00-04:00,10.669884802528951,10.92953754275428,10.639693261280948,10.881229400634766,3655449,0.0,0.0
2007-05-23 00:00:00-04:00,10.881227715765093,10.92349647646649,10.81480526868092,10.863113403320312,3088147,0.0,0.0
2007-05-24 00:00:00-04:00,10.808767217604453,10.808767217604453,10.51892372784177,10.537038803100586,6683664,0.0,0.0
2007-05-25 00:00:00-04:00,10.555153793298139,10.639692080281138,10.452501193076184,10.549115180969238,4047057,0.0,0.0
2007-05-29 00:00:00-04:00,10.591386049325264,10.887268186625185,10.567232358818702,10.857076644897461,4606686,0.0,0.0
2007-05-30 00:00:00-04:00,11.074457154947932,11.219379262595682,10.91745782405931,11.201263427734375,7796836,0.0,0.0
2007-05-31 00:00:00-04:00,11.213339953591529,11.364301435601709,11.062379995328929,11.358262062072754,5631746,0.0,0.0
2007-06-01 00:00:00-04:00,11.352225720279609,11.599801228905866,11.352225720279609,11.509225845336914,5316343,0.0,0.0
2007-06-04 00:00:00-04:00,11.521303160518165,11.6783017734285,11.472995777795909,11.56357192993164,3689053,0.0,0.0
2007-06-05 00:00:00-04:00,11.454880815019623,11.563572815404717,11.454880815019623,11.533380508422852,4805004,0.0,0.0
2007-06-06 00:00:00-04:00,11.472992807865015,11.599799083280015,11.340147158830607,11.527338027954102,5372571,0.0,0.0
2007-06-07 00:00:00-04:00,11.515262563388617,11.76887589805159,11.491108876188626,11.57564640045166,6321691,0.0,0.0
2007-06-08 00:00:00-04:00,11.581684394697872,11.817183419228227,11.551493618602162,11.786991119384766,4663310,0.0,0.0
2007-06-11 00:00:00-04:00,12.113065708332012,12.257987835588823,11.96814434294909,12.046643257141113,5789713,0.0,0.0
2007-06-12 00:00:00-04:00,12.046644277481077,12.191566417012663,11.986260433613225,12.010414123535156,3308426,0.0,0.0
2007-06-13 00:00:00-04:00,12.010415164193777,12.270067162883944,12.010415164193777,12.131183624267578,4791509,0.0,0.0
2007-06-14 00:00:00-04:00,12.161374147944532,12.221758753854175,11.950030312882642,11.99229907989502,4163481,0.0,0.0
2007-06-15 00:00:00-04:00,12.070796804060537,12.137220016349668,11.859452228080803,11.943989753723145,5305759,0.0,0.0
2007-06-18 00:00:00-04:00,11.684337498631864,11.684337498631864,11.322032956018505,11.454877853393555,9295001,0.0,0.0
2007-06-19 00:00:00-04:00,11.436766513485834,11.666226218371929,11.412612058367237,11.557534217834473,6001922,0.0,0.0
2007-06-20 00:00:00-04:00,11.563570051064472,11.648107576155631,11.41864792644488,11.436763763427734,3137362,0.0,0.0
2007-06-21 00:00:00-04:00,11.412611067043805,11.64207075199855,11.358265071495685,11.61791706085205,5395856,0.0,0.0
2007-06-22 00:00:00-04:00,11.575646572833664,11.696415010632077,11.575646572833664,11.660184860229492,5267260,0.0,0.0
2007-06-25 00:00:00-04:00,11.623953819274902,11.774913783551936,11.557530612169282,11.623953819274902,3650025,0.0,0.0
2007-06-26 00:00:00-04:00,11.684338648266175,11.71453095041256,11.563570963428504,11.605839729309082,3472875,0.0,0.0
2007-06-27 00:00:00-04:00,11.60583714479922,11.925872885910604,11.539413942494203,11.913796424865723,3472478,0.0,0.0
2007-06-28 00:00:00-04:00,11.925873721653964,11.980219704848803,11.726605624522099,11.793028831481934,4017554,0.0,0.0
2007-06-29 00:00:00-04:00,11.793030551887126,11.907760385022641,11.593763187559317,11.684338569641113,10221763,0.0,0.0
2007-07-02 00:00:00-04:00,11.774914923235704,12.034566879272461,11.744722622708483,12.034566879272461,4011071,0.0,0.0
2007-07-03 00:00:00-04:00,12.046640949847196,12.481407248346809,12.016448655316287,12.469330787658691,3480548,0.0,0.0
2007-07-05 00:00:00-04:00,12.481409899102129,12.674638644265416,12.396872370710309,12.445178985595703,4420540,0.0,0.0
2007-07-06 00:00:00-04:00,12.45725561205078,12.78936864115348,12.414986847301108,12.747099876403809,4020862,0.0,0.0
2007-07-09 00:00:00-04:00,12.747102077274814,12.855794076110547,12.632372226628023,12.825602531433105,3787881,0.0,0.0
2007-07-10 00:00:00-04:00,12.704829275594456,12.855789998597128,12.632368219978028,12.668599128723145,3883534,0.0,0.0
2007-07-11 00:00:00-04:00,12.644445551212414,12.771252590089645,12.584061718621328,12.680676460266113,4116118,0.0,0.0
2007-07-12 00:00:00-04:00,12.753140227851906,12.837677001953125,12.680679156212896,12.837677001953125,2574955,0.0,0.0
2007-07-13 00:00:00-04:00,12.928251902256413,12.928251902256413,12.6987915103381,12.849751472473145,2039272,0.0,0.0
2007-07-16 00:00:00-04:00,12.849753445216487,12.922215274314306,12.795407454330087,12.813523292541504,2390132,0.0,0.0
2007-07-17 00:00:00-04:00,12.849753541076199,13.091290433624383,12.801446162566563,13.042983055114746,2505762,0.0,0.0
2007-07-18 00:00:00-04:00,12.90409968942506,13.18790535115492,12.79540770551851,13.0610990524292,3998635,0.0,0.0
2007-07-19 00:00:00-04:00,13.042981188367532,13.2845180463463,13.018826740695832,13.133557319641113,5977446,0.0,0.0
2007-07-20 00:00:00-04:00,13.405289856360945,14.069516040144459,13.375098311188282,13.785710334777832,11172867,0.0,0.0
2007-07-23 00:00:00-04:00,13.785707409765548,14.009129977381683,13.670978343453823,13.821937561035156,4572156,0.0,0.0
2007-07-24 00:00:00-04:00,13.755515914204272,13.815900515675146,13.447555818075832,13.652862548828125,5874252,0.0,0.0
2007-07-25 00:00:00-04:00,13.76155466482856,14.027244475970228,13.677015612421837,13.755516052246094,3297048,0.0,0.0
2007-07-26 00:00:00-04:00,13.61663044596913,13.773629777793829,13.43547819126625,13.60455322265625,4758170,0.0,0.0
2007-07-27 00:00:00-04:00,13.544170523247926,13.604553593965202,12.620291865801217,12.680676460266113,7166162,0.0,0.0
2007-07-30 00:00:00-04:00,12.807482855742975,13.067135547720566,12.741060410716209,12.994673728942871,5320048,0.0,0.0
2007-07-31 00:00:00-04:00,13.097331776291627,13.157716392951642,12.892024993896484,12.892024993896484,4564218,0.0,0.0
2007-08-01 00:00:00-04:00,12.807486545833447,13.193945627333973,12.680680231121615,13.03090763092041,4418026,0.0,0.0
2007-08-02 00:00:00-04:00,13.103365730044658,13.181864637160361,13.006750987249498,13.127518653869629,3432656,0.0,0.0
2007-08-03 00:00:00-04:00,13.11544672391382,13.133561041052664,12.69879533537328,12.722949028015137,3100847,0.0,0.0
2007-08-06 00:00:00-04:00,12.759179186040903,12.831639502092436,12.48141210159657,12.722949028015137,3988316,0.0,0.0
2007-08-07 00:00:00-04:00,12.644447828371892,12.644447828371892,11.817184525460565,12.088912963867188,8045295,0.0,0.0
2007-08-08 00:00:00-04:00,12.306295144942727,12.306295144942727,11.358263472324927,11.97418212890625,9169845,0.0,0.0
2007-08-09 00:00:00-04:00,11.642070943005908,11.986261237959024,11.074460334561584,11.551495552062988,12098967,0.0,0.0
2007-08-10 00:00:00-04:00,11.376378765606276,12.378755616320573,11.171072048646145,12.276103019714355,6644635,0.0,0.0
2007-08-13 00:00:00-04:00,12.402912209293534,12.722948822086664,12.336489746072024,12.433104515075684,3793173,0.0,0.0
2007-08-14 00:00:00-04:00,12.511600977886415,12.529715290059327,11.732645175138162,11.877567291259766,3878375,0.0,0.0
2007-08-15 00:00:00-04:00,11.817181891764593,12.523676588414038,11.799066057075803,12.064757347106934,6790959,0.0,0.0
2007-08-16 00:00:00-04:00,11.684338133344205,12.40291016914273,11.563570453828694,12.330449104309082,6841762,0.0,0.0
2007-08-17 00:00:00-04:00,12.831639331644373,12.982600099119214,12.125145164534288,12.348567008972168,4845091,0.0,0.0
2007-08-20 00:00:00-04:00,12.37875478685754,12.674636856365316,12.282140808841337,12.547830581665039,2741256,0.0,0.0
2007-08-21 00:00:00-04:00,12.439141124970165,12.68067800857372,12.197604241366609,12.378756523132324,2197106,0.0,0.0
2007-08-22 00:00:00-04:00,12.48140859697247,13.042981221807512,12.469332134979481,12.922213554382324,3607953,0.0,0.0
2007-08-23 00:00:00-04:00,12.988636954439043,13.05506017073586,12.759177289387631,12.855792045593262,2546114,0.0,0.0
2007-08-24 00:00:00-04:00,12.91617779466839,13.290559627231419,12.831638732679977,13.230175018310547,2733980,0.0,0.0
2007-08-27 00:00:00-04:00,13.284516968540489,13.441516294425854,13.073173187298192,13.163747787475586,2360364,0.0,0.0
2007-08-28 00:00:00-04:00,13.073174966501531,13.115443728502589,12.873905333500439,12.934289932250977,2559608,0.0,0.0
2007-08-29 00:00:00-04:00,13.399251038625772,13.918554995874855,13.375096586603624,13.888361930847168,8561927,0.0,0.0
2007-08-30 00:00:00-04:00,13.779669138787792,14.401626433280235,13.737400373967665,14.166128158569336,6836338,0.0,0.0
2007-08-31 00:00:00-04:00,14.31708817522548,14.419741537600707,13.978936550120865,14.105744361877441,2910468,0.0,0.0
2007-09-04 00:00:00-04:00,14.123860716707771,14.48012670659733,14.063476108273822,14.3412446975708,2883214,0.0,0.0
2007-09-05 00:00:00-04:00,14.220475158919594,14.449936361026722,13.876286403254781,14.172167778015137,4157395,0.0,0.0
2007-09-06 00:00:00-04:00,14.172167760942093,14.353320058178593,13.797785940320546,13.906477928161621,5084686,0.0,0.0
2007-09-07 00:00:00-04:00,13.75551481353144,13.797783574054499,13.36905583303755,13.507939338684082,3887503,0.0,0.0
2007-09-10 00:00:00-04:00,13.52001868314719,13.755516970851112,13.242251628291072,13.532095909118652,3217668,0.0,0.0
2007-09-11 00:00:00-04:00,14.23858909102841,14.462010126380735,13.991013606585168,14.129897117614746,9780807,0.0,0.0
2007-09-12 00:00:00-04:00,14.202359834484728,14.443895198100362,13.966860036025999,14.166128158569336,6678636,0.0,0.0
2007-09-13 00:00:00-04:00,14.226516647978066,14.250669581438988,13.640789345634687,13.767597198486328,5499182,0.0,0.0
2007-09-14 00:00:00-04:00,13.580401159400525,13.616631307884907,13.28451831199143,13.507939338684082,5419934,0.0,0.0
2007-09-17 00:00:00-04:00,13.441522206555165,13.646828990419278,13.26640696936299,13.350944519042969,3075314,0.0,0.0
2007-09-18 00:00:00-04:00,13.31471453539355,13.918556073997502,13.290560081500413,13.858171463012695,4058964,0.0,0.0
2007-09-19 00:00:00-04:00,13.942707144225718,14.105745115011489,13.900438379299295,14.039321899414062,4134375,0.0,0.0
2007-09-20 00:00:00-04:00,14.081588855202485,14.455970602521516,14.003089948102572,14.437854766845703,6126813,0.0,0.0
2007-09-21 00:00:00-04:00,14.359358009337615,14.794124416912792,14.359358009337615,14.685432434082031,7392924,0.0,0.0
2007-09-24 00:00:00-04:00,14.70354930635119,14.993393598448403,14.70354930635119,14.91489315032959,5407498,0.0,0.0
2007-09-25 00:00:00-04:00,14.806201442752167,15.39796568004613,14.703548074102233,15.295313835144043,6290204,0.0,0.0
2007-09-26 00:00:00-04:00,15.37381482469387,15.75423528698639,15.144355129362328,15.579121589660645,5710465,0.0,0.0
2007-09-27 00:00:00-04:00,15.705929407327677,15.79650557143295,15.10208628162826,15.216816902160645,5322032,0.0,0.0
2007-09-28 00:00:00-04:00,15.301348007729075,15.428154279320141,14.957159338589388,15.28927230834961,3747530,0.0,0.0
2007-10-01 00:00:00-04:00,15.271159148957757,15.512696035074388,15.234928996977217,15.355696678161621,3967016,0.0,0.0
2007-10-02 00:00:00-04:00,15.397964468383938,15.440233230311113,15.005468386560818,15.180582046508789,3359891,0.0,0.0
2007-10-03 00:00:00-04:00,15.120197394523306,15.210773530297397,14.896776361197062,15.174543380737305,2945924,0.0,0.0
2007-10-04 00:00:00-04:00,15.180581992955274,15.289273965383272,14.975275272535217,15.174543380737305,4960059,0.0,0.0
2007-10-05 00:00:00-04:00,15.289279963619567,15.548931248371376,15.20474088314965,15.337587356567383,3426967,0.0,0.0
2007-10-08 00:00:00-04:00,15.21681424101854,15.60931189933287,15.21681424101854,15.591196060180664,2315779,0.0,0.0
2007-10-09 00:00:00-04:00,15.675730322463268,15.96557454589446,15.60930864026921,15.911230087280273,3713000,0.0,0.0
2007-10-10 00:00:00-04:00,15.911233787163972,16.140693469800333,15.724042873138417,16.074270248413086,3558870,0.0,0.0
2007-10-11 00:00:00-04:00,16.182967993347244,16.20712093096491,15.277204643337349,15.476472854614258,4085292,0.0,0.0
2007-10-12 00:00:00-04:00,15.548930206469542,15.675736533054907,15.289278939116429,15.37381649017334,3237381,0.0,0.0
2007-10-15 00:00:00-04:00,15.349657094217491,15.42815600583257,14.963199624633642,15.180582046508789,4528232,0.0,0.0
2007-10-16 00:00:00-04:00,15.168510461602445,15.391931578783657,15.041704128674994,15.126241683959961,3426967,0.0,0.0
2007-10-17 00:00:00-04:00,15.585158328047678,15.609312781615898,15.19869926094031,15.361737251281738,3429481,0.0,0.0
2007-10-18 00:00:00-04:00,15.337576821987291,15.488535987983473,15.2469991891434,15.458344459533691,2180304,0.0,0.0
2007-10-19 00:00:00-04:00,15.422113837224442,15.428150923727342,15.065848022444854,15.071885108947754,3818310,0.0,0.0
2007-10-22 00:00:00-04:00,15.041696484774446,15.307386244579723,14.739775056475027,15.162464141845703,3402491,0.0,0.0
2007-10-23 00:00:00-04:00,15.216814170663648,15.36173631196745,14.993393107559093,15.319467544555664,1964523,0.0,0.0
2007-10-24 00:00:00-04:00,15.162469557986107,15.21077694281985,14.449937536373477,14.727703094482422,3623432,0.0,0.0
2007-10-25 00:00:00-04:00,14.661279448578474,14.751855592662748,14.202360115385103,14.329166412353516,4022052,0.0,0.0
2007-10-26 00:00:00-04:00,14.44993503207772,14.951123110525137,14.407664744394438,14.806200981140137,4177769,0.0,0.0
2007-10-29 00:00:00-04:00,14.872623754356777,15.319467400100287,14.824316374377693,15.259082794189453,3737078,0.0,0.0
2007-10-30 00:00:00-04:00,15.47647148270668,15.47647148270668,14.794129342077392,14.926974296569824,3580832,0.0,0.0
2007-10-31 00:00:00-04:00,15.065856065959686,15.838772686925596,15.059815928737565,15.651581764221191,7739418,0.0,0.0
2007-11-01 00:00:00-04:00,15.627418912061188,15.862917092252154,15.18057699259485,15.711957931518555,5769868,0.0,0.0
2007-11-02 00:00:00-04:00,16.702260089693596,17.78313803139876,16.666029944251715,17.457063674926758,17163014,0.0,0.0
2007-11-05 00:00:00-05:00,17.30006575270437,17.30006575270437,16.587532390268986,16.798877716064453,6841101,0.0,0.0
2007-11-06 00:00:00-05:00,16.90756989052771,17.02230048319375,16.48488071945191,16.690187454223633,5734676,0.0,0.0
2007-11-07 00:00:00-05:00,16.617723557360144,17.02833697578164,16.33995655298539,16.370149612426758,4786217,0.0,0.0
2007-11-08 00:00:00-05:00,16.448648251613115,16.666030657312703,15.385886099032074,15.911230087280273,6118610,0.0,0.0
2007-11-09 00:00:00-05:00,15.760272866598172,16.195037774626684,15.548927501968018,15.923309326171875,6509292,0.0,0.0
2007-11-12 00:00:00-05:00,15.742155578415732,16.056154289896917,15.096043841472243,15.168505668640137,6749020,0.0,0.0
2007-11-13 00:00:00-05:00,15.349659334596364,16.116538820951103,15.27719902464452,16.00784683227539,6202621,0.0,0.0
2007-11-14 00:00:00-05:00,16.1225699175871,16.39429823884629,15.971609231194027,16.025955200195312,5206005,0.0,0.0
2007-11-15 00:00:00-05:00,15.971613999256284,16.364111596302518,15.76630880631868,15.941422462463379,5069736,0.0,0.0
2007-11-16 00:00:00-05:00,15.959537486420567,16.158805599879923,15.790462434847635,16.04407501220703,5220823,0.0,0.0
2007-11-19 00:00:00-05:00,15.899157678830882,16.472807742613426,15.699891029054939,15.91727352142334,5084554,0.0,0.0
2007-11-20 00:00:00-05:00,15.947463174068128,16.188998547705086,15.090007569288874,15.240966796875,5783098,0.0,0.0
2007-11-21 00:00:00-05:00,15.108123892686399,15.434198333679868,15.041700672369162,15.253046035766602,4430595,0.0,0.0
2007-11-23 00:00:00-05:00,15.313428084358081,15.494580370029082,15.120198573309588,15.331543922424316,835078,0.0,0.0
2007-11-26 00:00:00-05:00,15.29531393185659,16.038038920464494,15.271159480846068,15.524773597717285,3982362,0.0,0.0
2007-11-27 00:00:00-05:00,15.567039881487279,15.941421622482334,15.283232746098408,15.911230087280273,4926720,0.0,0.0
2007-11-28 00:00:00-05:00,16.062189724846593,17.24571957424306,16.01992096491254,16.94983673095703,8355274,0.0,0.0
2007-11-29 00:00:00-05:00,16.91360873867545,17.330260826660517,16.85322565892943,17.022300720214844,3873744,0.0,0.0
2007-11-30 00:00:00-05:00,17.22761110205809,17.493300975636807,16.484884436091292,16.684152603149414,6766748,0.0,0.0
2007-12-03 00:00:00-05:00,16.63583548868514,16.973987008832673,16.400337299050804,16.70225715637207,6525301,0.0,0.0
2007-12-04 00:00:00-05:00,16.702261351533558,17.20948952103065,16.545263534841865,17.046451568603516,5666541,0.0,0.0
2007-12-05 00:00:00-05:00,18.13336922845425,18.68286466541587,17.867677904719116,18.368865966796875,11768217,0.0,0.0
2007-12-06 00:00:00-05:00,18.531902069304422,18.531902069304422,17.897867647091918,18.29036521911621,4703265,0.0,0.0
2007-12-07 00:00:00-05:00,18.29640810421255,19.00290298461914,18.26621503854478,19.00290298461914,4632617,0.0,0.0
2007-12-10 00:00:00-05:00,19.06932270333853,19.105554378381175,18.71909536790861,19.03913116455078,5392813,0.0,0.0
2007-12-11 00:00:00-05:00,19.081402748215904,19.141785829892953,17.95221717888537,18.22394561767578,8473286,0.0,0.0
2007-12-12 00:00:00-05:00,18.60436933627728,18.82175180325381,17.849565505981445,17.849565505981445,5059549,0.0,0.0
2007-12-13 00:00:00-05:00,17.879750761996036,17.879750761996036,17.342331157216876,17.620098114013672,5812336,0.0,0.0
2007-12-14 00:00:00-05:00,17.72879050114642,18.072980662116947,17.481215068737885,17.96428871154785,4951328,0.0,0.0
2007-12-17 00:00:00-05:00,17.843524772323747,18.29640545426822,17.783140173481907,17.825408935546875,3833128,0.0,0.0
2007-12-18 00:00:00-05:00,18.018640227121764,18.187715292217973,17.040416942462507,17.547643661499023,5120010,0.0,0.0
2007-12-19 00:00:00-05:00,17.541608907786767,18.332641462795877,17.36045657711655,18.18168067932129,5462006,0.0,0.0
2007-12-20 00:00:00-05:00,18.28433056459687,18.501714538687597,17.87371859228362,18.350753784179688,2645206,0.0,0.0
2007-12-21 00:00:00-05:00,18.580210949104938,18.628518323067865,17.831447414553377,17.94013786315918,5163008,0.0,0.0
2007-12-24 00:00:00-05:00,17.940141966707717,18.44133165761842,17.940141966707717,18.284332275390625,1020298,0.0,0.0
2007-12-26 00:00:00-05:00,18.23602341607096,18.507753387140838,18.133371564497835,18.465484619140625,2271856,0.0,0.0
2007-12-27 00:00:00-05:00,18.229982404258806,18.459443577135914,17.934101067189435,18.10317611694336,2469644,0.0,0.0
2007-12-28 00:00:00-05:00,18.284326300812793,18.447364243361466,17.86163720100771,18.085058212280273,2343562,0.0,0.0
2007-12-31 00:00:00-05:00,17.84352500703768,18.399059057196467,17.8314477823609,18.2420597076416,2930842,0.0,0.0
2008-01-02 00:00:00-05:00,17.885793203036524,18.46548168418433,17.11891384031987,17.269874572753906,5800429,0.0,0.0
2008-01-03 00:00:00-05:00,17.263831702094656,17.420829484201047,16.551298500716406,17.13702392578125,7612542,0.0,0.0
2008-01-04 00:00:00-05:00,16.8713472860556,16.907577454356353,15.21682001367042,15.476472854614258,8566954,0.0,0.0
2008-01-07 00:00:00-05:00,15.518734617146794,15.627425072874452,14.667317666667135,15.265120506286621,7180847,0.0,0.0
2008-01-08 00:00:00-05:00,15.289276249276668,15.289276249276668,14.148014939545638,14.226513862609863,7968958,0.0,0.0
2008-01-09 00:00:00-05:00,14.172169190295914,15.023586292176665,14.172169190295914,14.981317520141602,9086232,0.0,0.0
2008-01-10 00:00:00-05:00,15.029621224558316,15.548925112897342,14.79412296733187,15.343618392944336,7782812,0.0,0.0
2008-01-11 00:00:00-05:00,15.24700586241514,15.259083088579892,14.419743297592529,14.48012638092041,5131388,0.0,0.0
2008-01-14 00:00:00-05:00,14.606932117220884,15.313426890507426,14.606932117220884,15.174543380737305,5874914,0.0,0.0
2008-01-15 00:00:00-05:00,14.981315740246695,15.428157862242294,14.76393329221477,15.259082794189453,6977370,0.0,0.0
2008-01-16 00:00:00-05:00,14.836393553792488,15.373813344843304,14.75185602003112,14.902816772460938,6213337,0.0,0.0
2008-01-17 00:00:00-05:00,14.939046395862935,15.24096636625255,14.250665876828823,14.274820327758789,6890184,0.0,0.0
2008-01-18 00:00:00-05:00,14.703549921060981,15.096046083072192,13.749479467291257,14.256706237792969,8603469,0.0,0.0
2008-01-22 00:00:00-05:00,13.664942286675483,14.727703239752554,13.230175818883376,14.522397994995117,6347754,0.0,0.0
2008-01-23 00:00:00-05:00,14.365394098768158,15.277195519578814,13.912513456104229,15.05981159210205,13373016,0.0,0.0
2008-01-24 00:00:00-05:00,16.29768748212992,16.623761851633216,15.681768890013116,16.249380111694336,14457347,0.0,0.0
2008-01-25 00:00:00-05:00,16.478842515088793,16.59357311059738,15.699887368931085,15.754233360290527,6693322,0.0,0.0
2008-01-28 00:00:00-05:00,15.705923383735428,16.321841977680887,15.488539454256081,16.297687530517578,5498785,0.0,0.0
2008-01-29 00:00:00-05:00,16.45468901774493,16.545265158957474,15.899153421560776,16.27957534790039,5176502,0.0,0.0
2008-01-30 00:00:00-05:00,16.158805911101442,16.56941937068321,16.001806557511483,16.122575759887695,7930062,0.0,0.0
2008-01-31 00:00:00-05:00,15.862924755858712,16.086345823529804,15.47042861508473,15.971616744995117,9930041,0.0,0.0
2008-02-01 00:00:00-05:00,16.068235715999705,16.992113294372473,16.03200555138179,16.877384185791016,6885024,0.0,0.0
2008-02-04 00:00:00-05:00,17.028343391690143,17.28799465823101,16.883421223010977,17.18534278869629,7603810,0.0,0.0
2008-02-05 00:00:00-05:00,16.913606582977508,17.601987013326735,16.81095322724581,16.94983673095703,8875081,0.0,0.0
2008-02-06 00:00:00-05:00,17.372529441554047,17.372529441554047,16.804916611623163,16.961915969848633,8121236,0.0,0.0
2008-02-07 00:00:00-05:00,16.605655337235355,16.726423058156907,15.887083055069397,16.430540084838867,9869712,0.0,0.0
2008-02-08 00:00:00-05:00,16.418461146702896,17.05853283668379,16.273538995882085,17.02834129333496,5701072,0.0,0.0
2008-02-11 00:00:00-05:00,17.076648573620773,17.275915196514216,16.853227497195995,17.14910888671875,6898254,0.0,0.0
2008-02-12 00:00:00-05:00,17.42687028548057,17.934098406999997,17.330257074057485,17.505369186401367,7720631,0.0,0.0
2008-02-13 00:00:00-05:00,17.686525371720467,17.970331004552783,17.49329587500504,17.81937026977539,5239874,0.0,0.0
2008-02-14 00:00:00-05:00,17.94013546391437,17.94013546391437,17.088720206835845,17.16118049621582,6197064,0.0,0.0
2008-02-15 00:00:00-05:00,16.99210791072556,17.475183222153476,16.829071459725967,17.444990158081055,5115776,0.0,0.0
2008-02-19 00:00:00-05:00,17.922019683347845,18.386977486014736,17.40875451714099,17.807289123535156,11812406,0.0,0.0
2008-02-20 00:00:00-05:00,17.752951370281405,18.61644570296461,17.53556889555782,18.50171661376953,9364326,0.0,0.0
2008-02-21 00:00:00-05:00,18.719097183409765,19.56447558893496,18.531906272525582,18.900249481201172,11981088,0.0,0.0
2008-02-22 00:00:00-05:00,18.797594219680917,18.95459357309345,18.236021543385196,18.85797882080078,7565443,0.0,0.0
2008-02-25 00:00:00-05:00,19.256506967801563,20.162269580887898,19.111584888757857,20.035463333129883,11435218,0.0,0.0
2008-02-26 00:00:00-05:00,19.926777248172492,20.63930905367078,19.564471209934563,20.524580001831055,9704205,0.0,0.0
2008-02-27 00:00:00-05:00,20.67554293646786,21.013696112593365,20.077740074785538,20.51250648498535,16368950,0.0,0.0
2008-02-28 00:00:00-05:00,20.041507485694776,20.041507485694776,19.268591040805457,19.540319442749023,11829340,0.0,0.0
2008-02-29 00:00:00-05:00,19.316893781445064,19.534277687014647,18.45339981778827,18.64059066772461,13215712,0.0,0.0
2008-03-03 00:00:00-05:00,18.193752676843946,19.171975895464747,17.54160386443008,18.845901489257812,13767667,0.0,0.0
2008-03-04 00:00:00-05:00,18.610405568263484,19.27463168931105,18.495676488445,19.208209991455078,8960282,0.0,0.0
2008-03-05 00:00:00-05:00,19.09346997353906,19.727504239644517,18.93647220238221,19.298776626586914,6956731,0.0,0.0
2008-03-06 00:00:00-05:00,19.232358701631032,19.31085913244225,18.942514473438006,18.94855308532715,6190714,0.0,0.0
2008-03-07 00:00:00-05:00,18.74325167113579,19.232364134856343,18.097141348935512,18.284332275390625,8836052,0.0,0.0
2008-03-10 00:00:00-04:00,17.553678533064573,18.344710745450524,17.553678533064573,17.89786720275879,6854595,0.0,0.0
2008-03-11 00:00:00-04:00,18.284328971540035,18.900247638220794,18.072985152641035,18.646635055541992,7579335,0.0,0.0
2008-03-12 00:00:00-04:00,18.67078970092451,18.83986477161131,18.350753874982818,18.405099868774414,4489865,0.0,0.0
2008-03-13 00:00:00-04:00,18.01863911260058,19.117631538992754,18.01863911260058,18.85797882080078,5939476,0.0,0.0
2008-03-14 00:00:00-04:00,19.05120045568724,19.54634971383932,18.568126893772654,18.882123947143555,9763608,0.0,0.0
2008-03-17 00:00:00-04:00,18.441327723831133,18.441327723831133,17.571794979088498,17.928062438964844,8939246,0.0,0.0
2008-03-18 00:00:00-04:00,18.272253651678334,19.20217112303463,18.085062739529953,19.00290298461914,6468412,0.0,0.0
2008-03-19 00:00:00-04:00,19.057246056386923,19.322935851028486,17.722755423476222,17.765024185180664,7425999,0.0,0.0
2008-03-20 00:00:00-04:00,17.783143806390978,17.783143806390978,17.094763200709185,17.58387565612793,9392109,0.0,0.0
2008-03-24 00:00:00-04:00,17.710680803188286,19.40747775180414,17.668412035268766,19.03309440612793,10792902,0.0,0.0
2008-03-25 00:00:00-04:00,19.075357130253355,19.21424061619908,18.39301692288891,18.447362899780273,7746694,0.0,0.0
2008-03-26 00:00:00-04:00,18.320561591499224,18.320561591499224,16.937763445460757,17.795217514038086,14559086,0.0,0.0
2008-03-27 00:00:00-04:00,17.668406149734246,17.74690657007655,16.261455479625834,16.339954376220703,16945116,0.0,0.0
2008-03-28 00:00:00-04:00,16.364116460093047,16.635844943236208,15.832735197864448,16.116540908813477,11533517,0.0,0.0
2008-03-31 00:00:00-04:00,16.152767572681622,16.47884198663363,15.784424394305079,16.327882766723633,10012596,0.0,0.0
2008-04-01 00:00:00-04:00,16.62980103021456,16.94983679885302,16.442610153864923,16.871337890625,9069165,0.0,0.0
2008-04-02 00:00:00-04:00,16.967952561071296,17.30006555222432,16.3943027105572,16.647916793823242,7513185,0.0,0.0
2008-04-03 00:00:00-04:00,16.967952919130035,17.535564169669417,16.611686996396788,17.420833587646484,8881167,0.0,0.0
2008-04-04 00:00:00-04:00,17.457065370192947,17.54764150446732,17.01022178719137,17.130990982055664,6037378,0.0,0.0
2008-04-07 00:00:00-04:00,17.209487927847018,17.44498615483076,16.91360511032327,17.04041290283203,4652197,0.0,0.0
2008-04-08 00:00:00-04:00,17.08872021292911,17.523484996859015,16.931720887553162,17.076642990112305,5031104,0.0,0.0
2008-04-09 00:00:00-04:00,17.130991072798025,17.233642908104418,16.9136071303899,17.22760581970215,5593776,0.0,0.0
2008-04-10 00:00:00-04:00,17.167219725035412,18.278289217551894,17.13098957904242,18.042789459228516,8903393,0.0,0.0
2008-04-11 00:00:00-04:00,17.722750327285716,17.722750327285716,16.605643960077195,16.70225715637207,12632930,0.0,0.0
2008-04-14 00:00:00-04:00,16.70225500015687,16.70225500015687,16.176914241963402,16.303720474243164,7513449,0.0,0.0
2008-04-15 00:00:00-04:00,16.41242021962377,16.635841265904666,16.025961205247427,16.406381607055664,7796571,0.0,0.0
2008-04-16 00:00:00-04:00,16.666033027680193,17.022300507724072,16.424497664215515,16.998146057128906,9792714,0.0,0.0
2008-04-17 00:00:00-04:00,16.96191422366378,17.088722029223135,16.575455242430845,16.980030059814453,6879468,0.0,0.0
2008-04-18 00:00:00-04:00,17.185336970248194,17.85560005924128,17.179296834381503,17.692562103271484,6058414,0.0,0.0
2008-04-21 00:00:00-04:00,17.885786559638913,18.67681855337966,17.75897879914629,18.562088012695312,9457598,0.0,0.0
2008-04-22 00:00:00-04:00,18.51982465604244,18.53794049102623,17.614061858057003,18.012598037719727,8215433,0.0,0.0
2008-04-23 00:00:00-04:00,18.2722494973811,18.936476982332913,18.085058627791604,18.260173797607422,7951362,0.0,0.0
2008-04-24 00:00:00-04:00,18.302448560306825,19.03913505681371,18.139410560527637,18.870059967041016,9218135,0.0,0.0
2008-04-25 00:00:00-04:00,18.37490784209921,18.37490784209921,17.040418469110072,17.155147552490234,14537389,0.0,0.0
2008-04-28 00:00:00-04:00,17.28195414137411,17.674451828802507,16.496960290265363,17.541606903076172,8945200,0.0,0.0
2008-04-29 00:00:00-04:00,17.100801831406557,17.571798446821415,17.100801831406557,17.541606903076172,4676540,0.0,0.0
2008-04-30 00:00:00-04:00,17.547639466317584,17.98240425083778,17.432908896897175,17.505369186401367,4996045,0.0,0.0
2008-05-01 00:00:00-04:00,17.451025342189666,18.012597938626783,17.39667936128485,17.915983200073242,5082437,0.0,0.0
2008-05-02 00:00:00-04:00,18.07901957801618,18.115251247702222,17.420832244519044,17.783138275146484,4953312,0.0,0.0
2008-05-05 00:00:00-04:00,17.668409588057184,18.127328882260613,17.63217943825117,17.825408935546875,3681512,0.0,0.0
2008-05-06 00:00:00-04:00,17.801256325097174,18.036754608781067,17.55972095227852,17.86164093017578,4264955,0.0,0.0
2008-05-07 00:00:00-04:00,17.849567830467493,18.453409449592275,17.559725011336262,17.988452911376953,5706099,0.0,0.0
2008-05-08 00:00:00-04:00,18.09109545537795,18.519823134373276,18.09109545537795,18.356786727905273,4660532,0.0,0.0
2008-05-09 00:00:00-04:00,18.26621472550667,18.779481595583142,17.99448628164119,18.350753784179688,6038437,0.0,0.0
2008-05-12 00:00:00-04:00,18.344713031759944,18.568134069077093,18.085060320487788,18.411134719848633,4806591,0.0,0.0
2008-05-13 00:00:00-04:00,18.38698610519317,18.912328739484188,18.296409946565213,18.870059967041016,5740100,0.0,0.0
2008-05-14 00:00:00-04:00,18.954594522798153,20.80838922295428,18.936480208178043,20.45212173461914,19629748,0.0,0.0
2008-05-15 00:00:00-04:00,20.50646422057423,20.548732979126168,19.95696883565145,20.53061866760254,8531630,0.0,0.0
2008-05-16 00:00:00-04:00,20.784230056220274,21.484686124642852,20.572886275283405,21.382034301757812,10504355,0.0,0.0
2008-05-19 00:00:00-04:00,21.68395410213761,21.70206993630824,21.001613871256513,21.285419464111328,9678274,0.0,0.0
2008-05-20 00:00:00-04:00,21.092193453205567,21.11030776659898,20.506466337280738,21.031808853149414,6132370,0.0,0.0
2008-05-21 00:00:00-04:00,21.098232095449124,21.39411343627277,20.778194781321957,20.90500259399414,5295175,0.0,0.0
2008-05-22 00:00:00-04:00,20.90500296659683,21.6296120862204,20.90500296659683,21.59942054748535,7179921,0.0,0.0
2008-05-23 00:00:00-04:00,21.53300059416891,21.581306450541778,21.11634848828475,21.273347854614258,4872741,0.0,0.0
2008-05-27 00:00:00-04:00,21.31561515412806,21.73226570757707,21.140501484652635,21.67188262939453,5049362,0.0,0.0
2008-05-28 00:00:00-04:00,21.786613867289415,22.559531973001842,21.78057525412004,22.185150146484375,7837717,0.0,0.0
2008-05-29 00:00:00-04:00,22.191188781401223,22.4327241659251,21.931536033603507,22.275726318359375,5004644,0.0,0.0
2008-05-30 00:00:00-04:00,22.493103389707365,22.67425564661145,21.919453560346035,22.662179946899414,7168014,0.0,0.0
2008-06-02 00:00:00-04:00,22.601794839016996,22.601794839016996,21.955683207348546,22.348180770874023,7229401,0.0,0.0
2008-06-03 00:00:00-04:00,22.372341529009297,23.658523496120967,22.11872738931579,23.253950119018555,10333027,0.0,0.0
2008-06-04 00:00:00-04:00,23.205633438590194,23.519630537938756,22.855404673982374,23.278095245361328,7135601,0.0,0.0
2008-06-05 00:00:00-04:00,23.429056818317818,24.153667341396396,23.37471083861848,24.141590118408203,7484740,0.0,0.0
2008-06-06 00:00:00-04:00,23.91213404635218,24.129517997385857,23.398868754463628,23.50756072998047,7728437,0.0,0.0
2008-06-09 00:00:00-04:00,23.555866038244385,23.70078815163352,23.078830938806927,23.447174072265625,5878486,0.0,0.0
2008-06-10 00:00:00-04:00,23.259985306586884,23.869865350939463,23.187523481454626,23.68871307373047,5386727,0.0,0.0
2008-06-11 00:00:00-04:00,23.71890782682921,23.71890782682921,22.517263412475586,22.517263412475586,9348450,0.0,0.0
2008-06-12 00:00:00-04:00,22.680292082420436,22.927867520852796,22.112680919244877,22.42064094543457,5408424,0.0,0.0
2008-06-13 00:00:00-04:00,22.559533774753326,22.80710931573083,22.05834407914666,22.61387825012207,4928704,0.0,0.0
2008-06-16 00:00:00-04:00,22.342143016680197,23.416980875181206,22.330067316779544,23.25998306274414,5625528,0.0,0.0
2008-06-17 00:00:00-04:00,23.59814063079999,24.014791238381342,23.54983324772905,23.676639556884766,7666124,0.0,0.0
2008-06-18 00:00:00-04:00,23.670597386061786,23.990633179402856,23.266024065988777,23.74909782409668,5348492,0.0,0.0
2008-06-19 00:00:00-04:00,23.5437948426642,23.85175346012339,23.018452237588626,23.700794219970703,4532598,0.0,0.0
2008-06-20 00:00:00-04:00,23.604178806976922,23.604178806976922,22.571607941554433,22.656147003173828,8337943,0.0,0.0
2008-06-23 00:00:00-04:00,22.909760376212905,22.945990530699362,21.46657757231437,21.822843551635742,10761547,0.0,0.0
2008-06-24 00:00:00-04:00,21.762460626369638,22.239494298683734,21.30957835889087,21.840959548950195,9930306,0.0,0.0
2008-06-25 00:00:00-04:00,21.955688747454996,22.173072724643905,21.436384780695196,22.11872673034668,6106968,0.0,0.0
2008-06-26 00:00:00-04:00,21.88926459707314,21.88926459707314,21.255230099672627,21.315614700317383,6476747,0.0,0.0
2008-06-27 00:00:00-04:00,21.23711387073516,21.34580583734328,20.78423169236642,21.05596160888672,8115282,0.0,0.0
2008-06-30 00:00:00-04:00,20.911044935005407,21.279388166427378,20.820467256768296,20.85066032409668,7239985,0.0,0.0
2008-07-01 00:00:00-04:00,20.76612304144794,21.164657821408877,19.9267831867404,21.01369857788086,7065878,0.0,0.0
2008-07-02 00:00:00-04:00,21.18276927951908,21.351844328689516,20.68761983284298,20.69365692138672,5295572,0.0,0.0
2008-07-03 00:00:00-04:00,20.760083755749626,20.83254559214516,19.806013322153134,20.095857620239258,4711600,0.0,0.0
2008-07-07 00:00:00-04:00,20.16831980688468,20.983506780528863,19.932821483276193,20.403818130493164,5397046,0.0,0.0
2008-07-08 00:00:00-04:00,20.93519091988551,21.70810880710856,20.488348909145333,21.52695655822754,10270449,0.0,0.0
2008-07-09 00:00:00-04:00,21.617533572364707,21.828877363508173,20.452118082103635,20.470233917236328,9415791,0.0,0.0
2008-07-10 00:00:00-04:00,20.500430741900654,20.711774571869846,19.715435455234854,20.289085388183594,7384192,0.0,0.0
2008-07-11 00:00:00-04:00,20.16831985725037,20.603086345862874,19.455786270739136,19.963014602661133,8819515,0.0,0.0
2008-07-14 00:00:00-04:00,20.13812858861345,20.560817855201773,19.769785324318345,20.397781372070312,6584836,0.0,0.0
2008-07-15 00:00:00-04:00,19.769777710502964,20.83253984355727,19.57050962008683,20.45815658569336,7047224,0.0,0.0
2008-07-16 00:00:00-04:00,19.353134031506187,19.763746056501695,18.435293684385968,19.383325576782227,13683657,0.0,0.0
2008-07-17 00:00:00-04:00,19.53428081494418,19.902623962671207,19.13574460674924,19.62485694885254,9166670,0.0,0.0
2008-07-18 00:00:00-04:00,19.62485695672513,19.73354740321015,19.18405198744597,19.58258819580078,4982418,0.0,0.0
2008-07-21 00:00:00-04:00,19.68524379405683,20.530623745425537,19.624860709046764,20.05962562561035,6802205,0.0,0.0
2008-07-22 00:00:00-04:00,19.775816322181946,20.45815658569336,19.594664066802768,20.45815658569336,6863592,0.0,0.0
2008-07-23 00:00:00-04:00,20.45816089312053,21.412231264326014,20.45816089312053,21.12842559814453,9025109,0.0,0.0
2008-07-24 00:00:00-04:00,21.13446386580555,21.339769084025484,20.113971816313985,20.301162719726562,11868633,0.0,0.0
2008-07-25 00:00:00-04:00,18.260174118528376,18.96666885072606,17.66840844055644,18.682863235473633,21871175,0.0,0.0
2008-07-28 00:00:00-04:00,18.477561749225426,18.882135144913157,17.795219747899896,18.054872512817383,11060412,0.0,0.0
2008-07-29 00:00:00-04:00,18.13336513759922,18.30244014967585,17.601984133755316,17.740867614746094,16567135,0.0,0.0
2008-07-30 00:00:00-04:00,17.807296772530975,17.915988768120606,17.203455230779333,17.499338150024414,11170751,0.0,0.0
2008-07-31 00:00:00-04:00,17.294031161164927,17.75295054408398,17.294031161164927,17.384607315063477,8070565,0.0,0.0
2008-08-01 00:00:00-04:00,17.324217066750418,17.716714621746164,17.052488693482992,17.26383399963379,5786802,0.0,0.0
2008-08-04 00:00:00-04:00,17.233648505687267,17.463108223177397,16.93776708046873,16.943805694580078,7545731,0.0,0.0
2008-08-05 00:00:00-04:00,17.06456987015573,17.547643661499023,16.714342514242755,17.547643661499023,7537263,0.0,0.0
2008-08-06 00:00:00-04:00,17.541604824080814,17.656335419461584,17.02833949875456,17.565757751464844,6988748,0.0,0.0
2008-08-07 00:00:00-04:00,17.469141220876054,17.74690976195303,17.257797413668005,17.493295669555664,6156713,0.0,0.0
2008-08-08 00:00:00-04:00,17.644258193895634,17.783141716660438,17.34233669723414,17.565757751464844,4453747,0.0,0.0
2008-08-11 00:00:00-04:00,17.505373147382972,17.801256031261495,17.30006793150119,17.565757751464844,5241594,0.0,0.0
2008-08-12 00:00:00-04:00,17.469143426417233,17.994485990300323,17.426874659639044,17.746912002563477,4986387,0.0,0.0
2008-08-13 00:00:00-04:00,17.662375860733434,17.662375860733434,17.173263412156082,17.378568649291992,5502886,0.0,0.0
2008-08-14 00:00:00-04:00,17.209493707047287,17.50537510018482,17.088726009159235,17.438953399658203,5345978,0.0,0.0
2008-08-15 00:00:00-04:00,17.4872611266974,18.072988358505047,17.4872611266974,17.789182662963867,5299012,0.0,0.0
2008-08-18 00:00:00-04:00,17.873717911205482,17.873717911205482,16.980032168019992,17.221569061279297,5268980,0.0,0.0
2008-08-19 00:00:00-04:00,17.10079931032449,17.30006743141095,16.64791860217146,16.810955047607422,5111940,0.0,0.0
2008-08-20 00:00:00-04:00,16.907568518239927,17.25175874455433,16.756609309481476,17.22760581970215,4771267,0.0,0.0
2008-08-21 00:00:00-04:00,17.07060645069979,17.390642227957873,16.94380016697437,17.354412078857422,3401565,0.0,0.0
2008-08-22 00:00:00-04:00,17.493299397019637,17.61406709490769,17.30006986140033,17.438953399658203,2485652,0.0,0.0
2008-08-25 00:00:00-04:00,17.10683784587192,17.378566269539686,16.75661050614399,16.889453887939453,6020047,0.0,0.0
2008-08-26 00:00:00-04:00,16.702261253900286,16.94379963700902,16.43657147047693,16.647916793823242,4713452,0.0,0.0
2008-08-27 00:00:00-04:00,16.720377187496904,17.161182148876055,16.448648790532673,17.046451568603516,4294061,0.0,0.0
2008-08-28 00:00:00-04:00,17.100803418471376,17.197418195920285,16.877382317026342,17.016265869140625,3528706,0.0,0.0
2008-08-29 00:00:00-04:00,16.81699169661717,16.91964505147852,16.382226877053736,16.460725784301758,6200372,0.0,0.0
2008-09-02 00:00:00-04:00,16.617724766512605,16.89549331484622,15.844808292283862,15.899152755737305,7343841,0.0,0.0
2008-09-03 00:00:00-04:00,15.86896468050007,15.99577098363116,15.017546141983528,15.639503479003906,7738492,0.0,0.0
2008-09-04 00:00:00-04:00,15.446274273419164,15.971616859686984,15.240967519964531,15.80858039855957,8614185,0.0,0.0
2008-09-05 00:00:00-04:00,15.669692222172852,15.669692222172852,15.096042368374977,15.561001777648926,5228893,0.0,0.0
2008-09-08 00:00:00-04:00,16.038038682846043,16.261459732643914,15.15642866148521,15.36777400970459,6822579,0.0,0.0
2008-09-09 00:00:00-04:00,15.168504155988394,15.26511890007898,14.244626998901367,14.244626998901367,6315605,0.0,0.0
2008-09-10 00:00:00-04:00,14.443894895803739,14.872622671432556,14.25066538995707,14.806200981140137,6301184,0.0,0.0
2008-09-11 00:00:00-04:00,14.41370191004617,14.5525854129636,14.069511696838779,14.359355926513672,4840592,0.0,0.0
2008-09-12 00:00:00-04:00,14.13593530383431,14.788084077165246,14.13593530383431,14.53447151184082,3918991,0.0,0.0
2008-09-15 00:00:00-04:00,14.111781840713448,14.462010700193748,13.70720851611781,13.73740005493164,4780264,0.0,0.0
2008-09-16 00:00:00-04:00,13.344906785133883,13.77363465069011,12.928256147163273,13.743441581726074,9147090,0.0,0.0
2008-09-17 00:00:00-04:00,13.49586435230537,13.761555707322044,12.535756877665177,12.602178573608398,7650512,0.0,0.0
2008-09-18 00:00:00-04:00,12.656526907101613,13.755518809311688,12.584065827210107,13.743441581726074,7850947,0.0,0.0
2008-09-19 00:00:00-04:00,14.462010500494097,15.766309643955388,13.93062936797283,14.431818962097168,6887273,0.0,0.0
2008-09-22 00:00:00-04:00,14.395586304981338,14.43181797708206,13.103365998323637,13.15771198272705,4726550,0.0,0.0
2008-09-23 00:00:00-04:00,13.12751941101837,13.483786867029131,12.72294610457156,12.759176254272461,4513018,0.0,0.0
2008-09-24 00:00:00-04:00,12.81351975068517,13.338862152377091,12.469330347916435,12.885981559753418,5903491,0.0,0.0
2008-09-25 00:00:00-04:00,13.199983475724105,13.54417376570069,12.98863810637505,13.230175018310547,4484970,0.0,0.0
2008-09-26 00:00:00-04:00,12.813522660809458,13.26036474384904,12.704830684395386,13.067136764526367,4668867,0.0,0.0
2008-09-29 00:00:00-04:00,12.7833317825892,12.7833317825892,11.068419854267784,11.485071182250977,7186801,0.0,0.0
2008-09-30 00:00:00-04:00,11.696414662602933,12.964482840817706,11.521301004411185,12.873905181884766,8505435,0.0,0.0
2008-10-01 00:00:00-04:00,12.753142159175415,12.819564627768301,12.143261190052144,12.439144134521484,8677557,0.0,0.0
2008-10-02 00:00:00-04:00,12.396873079726344,12.52971723060133,12.034567733310231,12.088912963867188,6082360,0.0,0.0
2008-10-03 00:00:00-04:00,12.336486890935758,12.517639159955023,11.303917738527785,11.352224349975586,8670545,0.0,0.0
2008-10-06 00:00:00-04:00,10.881231614775505,11.322036739680836,10.192851687140019,11.074461936950684,7615453,0.0,0.0
2008-10-07 00:00:00-04:00,11.183148382016288,11.183148382016288,9.86677294860955,10.156617164611816,7886668,0.0,0.0
2008-10-08 00:00:00-04:00,9.752045356986242,10.241157773306094,9.299164618725579,9.347471237182617,12020513,0.0,0.0
2008-10-09 00:00:00-04:00,9.40785672413648,9.649393648400043,8.785899334626315,8.894591331481934,7965651,0.0,0.0
2008-10-10 00:00:00-04:00,8.459821079584648,9.160277084417787,8.10355446629701,8.665127754211426,6588540,0.0,0.0
2008-10-13 00:00:00-04:00,9.353507459055027,9.613160133361816,9.0213944946495,9.613160133361816,4622297,0.0,0.0
2008-10-14 00:00:00-04:00,10.69403440611313,10.83895649147035,9.281045216690732,9.498428344726562,7499293,0.0,0.0
2008-10-15 00:00:00-04:00,9.335393395797436,9.383700769001706,8.822128126907455,8.846281051635742,5452612,0.0,0.0
2008-10-16 00:00:00-04:00,8.900626669892992,9.643352311809824,8.453784628992244,9.492391586303711,9006190,0.0,0.0
2008-10-17 00:00:00-04:00,9.31727877871828,9.534661986584696,8.942896968329755,8.979127883911133,6226435,0.0,0.0
2008-10-20 00:00:00-04:00,9.136123074042327,9.438044464246735,8.961009460072379,9.407852172851562,3336077,0.0,0.0
2008-10-21 00:00:00-04:00,9.19651095558093,9.311240789787284,8.791936848511831,8.876474380493164,2962594,0.0,0.0
2008-10-22 00:00:00-04:00,8.677205683778425,8.876473019411277,8.073363541238374,8.314900398254395,5592321,0.0,0.0
2008-10-23 00:00:00-04:00,8.04317051709874,8.357168402855958,7.246100484693303,7.880134105682373,6550702,0.0,0.0
2008-10-24 00:00:00-04:00,7.415177314287719,9.281048487562265,7.3849850120627,8.876474380493164,8092659,0.0,0.0
2008-10-27 00:00:00-04:00,8.67720468358616,9.021394093755065,8.381322639252229,8.441705703735352,5109955,0.0,0.0
2008-10-28 00:00:00-04:00,8.785899162229734,8.948936392440022,8.13375024138859,8.719476699829102,6881320,0.0,0.0
2008-10-29 00:00:00-04:00,8.773821253021207,9.824505537197728,8.550399448768065,9.35954761505127,7743916,0.0,0.0
2008-10-30 00:00:00-04:00,9.667507257202013,9.94527505880452,9.413893906226948,9.655430793762207,6250778,0.0,0.0
2008-10-31 00:00:00-04:00,9.468241040327728,10.144543645262278,9.341433968582622,9.945276260375977,5898860,0.0,0.0
2008-11-03 00:00:00-05:00,9.969426471341436,10.434384337814889,9.88488895448219,10.283424377441406,5274536,0.0,0.0
2008-11-04 00:00:00-05:00,10.609499909659581,10.78461433621227,10.265309668956617,10.585346221923828,5265937,0.0,0.0
2008-11-05 00:00:00-05:00,10.452502655718103,10.60346341382167,9.468240707079906,9.552778244018555,6054180,0.0,0.0
2008-11-06 00:00:00-05:00,9.498432998370063,9.570894076550111,9.111974676617182,9.262934684753418,4590149,0.0,0.0
2008-11-07 00:00:00-05:00,9.38370152369798,9.758084077078193,9.232740779824962,9.558815956115723,2961139,0.0,0.0
2008-11-10 00:00:00-05:00,9.903004967049124,10.023773403926123,8.8643971717808,9.05158805847168,2733847,0.0,0.0
2008-11-11 00:00:00-05:00,8.954972889109108,8.954972889109108,8.296784804518182,8.683243751525879,4203833,0.0,0.0
2008-11-12 00:00:00-05:00,8.471901339701446,8.490017180440889,7.837868246293882,7.9525980949401855,3860646,0.0,0.0
2008-11-13 00:00:00-05:00,7.976751767913317,8.737592697143555,7.397063150643029,8.737592697143555,6911749,0.0,0.0
2008-11-14 00:00:00-05:00,8.459826488197185,8.767785935151071,8.067329482495799,8.121675491333008,4124056,0.0,0.0
2008-11-17 00:00:00-05:00,7.855979655082016,8.151862468471727,7.6144435819179925,7.964671611785889,3924018,0.0,0.0
2008-11-18 00:00:00-05:00,7.862020675439368,8.01298065755966,7.312523689200295,7.6325602531433105,5281019,0.0,0.0
2008-11-19 00:00:00-05:00,7.529906314719387,7.831827779790427,6.738874026630322,6.81133508682251,5333278,0.0,0.0
2008-11-20 00:00:00-05:00,6.696606168693463,6.8354889337881515,5.9780340819872215,5.99614953994751,8277614,0.0,0.0
2008-11-21 00:00:00-05:00,6.352416068734753,6.352416068734753,5.7244208738047595,6.267878532409668,7509613,0.0,0.0
2008-11-24 00:00:00-05:00,6.442991967565467,7.125332287816268,6.189377493760088,7.052871227264404,5288825,0.0,0.0
2008-11-25 00:00:00-05:00,7.167601611865666,7.167601611865666,6.642259833976986,6.974372863769531,4102094,0.0,0.0
2008-11-26 00:00:00-05:00,6.859642156692544,7.602367038448916,6.636220373852952,7.5721755027771,4137418,0.0,0.0
2008-11-28 00:00:00-05:00,7.493675045963113,7.56009748408027,7.203830848498713,7.366868019104004,1313342,0.0,0.0
2008-12-01 00:00:00-05:00,7.125332881047647,7.125332881047647,6.497337732520576,6.509414196014404,4288901,0.0,0.0
2008-12-02 00:00:00-05:00,6.6362217219429604,7.2279867599306495,6.430915733048937,7.221948146820068,5324546,0.0,0.0
2008-12-03 00:00:00-05:00,6.986450424512957,7.650676515988859,6.829451059187482,7.626522064208984,7012694,0.0,0.0
2008-12-04 00:00:00-05:00,7.4332919271589235,7.548021742448825,6.823411179764481,7.016640663146973,5024489,0.0,0.0
2008-12-05 00:00:00-05:00,6.944178923971609,7.276291875406044,6.563758606442212,7.258176803588867,4743087,0.0,0.0
2008-12-08 00:00:00-05:00,7.46348455391051,7.988826282707655,7.433292255330586,7.946557521820068,4734091,0.0,0.0
2008-12-09 00:00:00-05:00,7.729173668568849,8.145824152723113,7.499714047893205,7.644636154174805,5448908,0.0,0.0
2008-12-10 00:00:00-05:00,7.686908567917339,8.115635717263833,7.49367900095884,7.668792724609375,5793682,0.0,0.0
2008-12-11 00:00:00-05:00,7.469522765117879,7.680867341643613,7.0226791625360505,7.101179599761963,4465787,0.0,0.0
2008-12-12 00:00:00-05:00,6.8415265538685,7.608405823858677,6.8415265538685,7.560097694396973,5188277,0.0,0.0
2008-12-15 00:00:00-05:00,7.566137192281703,7.566137192281703,6.944180651431072,7.1374101638793945,4177505,0.0,0.0
2008-12-16 00:00:00-05:00,7.221947569496525,7.554060597793737,6.956257756357886,7.548022747039795,5558320,0.0,0.0
2008-12-17 00:00:00-05:00,7.3970629387023985,7.837868002590241,7.20987201854077,7.680868625640869,6937944,0.0,0.0
2008-12-18 00:00:00-05:00,7.783519447542634,7.783519447542634,7.046833163703337,7.27629280090332,5480660,0.0,0.0
2008-12-19 00:00:00-05:00,7.397064632573859,7.717101311276613,7.252142449222521,7.481602191925049,5204947,0.0,0.0
2008-12-22 00:00:00-05:00,7.49367792398951,7.499716537557646,7.0226805412814555,7.185718536376953,4128289,0.0,0.0
2008-12-23 00:00:00-05:00,7.240062649637316,7.240062649637316,6.672452109142948,6.7751054763793945,4106857,0.0,0.0
2008-12-24 00:00:00-05:00,6.8475653507574235,6.88983410807332,6.642258652010878,6.835487365722656,1566564,0.0,0.0
2008-12-26 00:00:00-05:00,6.883796756983758,6.883796756983758,6.708682322200724,6.847566604614258,887336,0.0,0.0
2008-12-29 00:00:00-05:00,6.8536036287890765,6.8536036287890765,6.527529249296892,6.636220455169678,2065071,0.0,0.0
2008-12-30 00:00:00-05:00,6.666412422658267,6.799257307904182,6.62414366479582,6.781142234802246,2336153,0.0,0.0
2008-12-31 00:00:00-05:00,6.781143864861492,6.992488466850776,6.690567715705224,6.913989543914795,3419690,0.0,0.0
2009-01-02 00:00:00-05:00,7.004564108247035,7.481598436663143,6.938140902812039,7.44536828994751,3380265,0.0,0.0
2009-01-05 00:00:00-05:00,7.366867996365666,7.650674343578873,7.173639293859551,7.258176803588867,4385348,0.0,0.0
2009-01-06 00:00:00-05:00,7.3729076548568555,8.725513335768587,7.3004465954219135,8.647013664245605,10933934,0.0,0.0
2009-01-07 00:00:00-05:00,8.363208742166307,8.53228456173836,8.067326629320643,8.163941383361816,9477972,0.0,0.0
2009-01-08 00:00:00-05:00,8.03109484685691,8.272631705831664,7.849942583562756,8.236401557922363,5174385,0.0,0.0
2009-01-09 00:00:00-05:00,8.212251021437359,8.604748794676498,7.862023551930266,8.453788757324219,6689485,0.0,0.0
2009-01-12 00:00:00-05:00,8.477939340220027,8.477939340220027,7.910327989739698,8.073365211486816,6787916,0.0,0.0
2009-01-13 00:00:00-05:00,7.988825300584534,8.248477207953796,7.753327076735059,7.880134105682373,8116340,0.0,0.0
2009-01-14 00:00:00-05:00,7.849943262661998,7.849943262661998,7.312523514482484,7.372908115386963,6328438,0.0,0.0
2009-01-15 00:00:00-05:00,7.5419837823030305,7.934481394806616,7.32460059471435,7.843904495239258,8575421,0.0,0.0
2009-01-16 00:00:00-05:00,8.097518970525696,8.236403264620318,7.711059916086366,8.037135124206543,5204285,0.0,0.0
2009-01-20 00:00:00-05:00,7.910326950449938,7.946557862674681,7.2581781491433315,7.270254611968994,4634998,0.0,0.0
2009-01-21 00:00:00-05:00,7.493677874436573,7.807675873540912,7.354794334532006,7.789560794830322,5744334,0.0,0.0
2009-01-22 00:00:00-05:00,7.6989834852458054,7.705022098466328,7.300447964549131,7.457446575164795,5307876,0.0,0.0
2009-01-23 00:00:00-05:00,7.282332766319376,8.139787640114575,7.252140462590102,7.849944114685059,5708613,0.0,0.0
2009-01-26 00:00:00-05:00,7.831828647159331,8.21224830295718,7.632560519093563,7.837867259979248,5889467,0.0,0.0
2009-01-27 00:00:00-05:00,7.831830151626826,8.21224988050199,7.7654076834700225,8.182058334350586,5537946,0.0,0.0
2009-01-28 00:00:00-05:00,8.363208999957894,8.85232139783645,8.308863770540002,8.695322036743164,6806306,0.0,0.0
2009-01-29 00:00:00-05:00,9.057624491138423,10.023771834925325,8.755704589015647,9.510506629943848,15556628,0.0,0.0
2009-01-30 00:00:00-05:00,9.595047575088278,9.63127773250804,8.779861414403365,8.864398956298828,8430421,0.0,0.0
2009-02-02 00:00:00-05:00,8.671167987300482,9.498431238509236,8.634937835860168,9.371624946594238,7255597,0.0,0.0
2009-02-03 00:00:00-05:00,9.377662668213787,9.389739131236418,8.997243035829523,9.226702690124512,6328571,0.0,0.0
2009-02-04 00:00:00-05:00,9.20254801065051,10.488732050712658,9.20254801065051,10.174734115600586,14376909,0.0,0.0
2009-02-05 00:00:00-05:00,9.96942824970543,10.748384923104304,9.96942824970543,10.253233909606934,9275156,0.0,0.0
2009-02-06 00:00:00-05:00,10.259271922797087,10.929536573814485,10.229079622351772,10.81480598449707,5958395,0.0,0.0
2009-02-09 00:00:00-05:00,10.64572966761308,10.681959814350414,10.271347929249563,10.392115592956543,6983059,0.0,0.0
2009-02-10 00:00:00-05:00,10.754423620346383,10.887268541525945,9.903006573641202,9.993582725524902,10250604,0.0,0.0
2009-02-11 00:00:00-05:00,9.993582693309214,10.331734370334015,9.782238085637212,10.078120231628418,7478390,0.0,0.0
2009-02-12 00:00:00-05:00,9.818464007913176,10.422306027944726,9.697696365780532,10.313614845275879,7051458,0.0,0.0
2009-02-13 00:00:00-05:00,10.295503594964297,10.31965728651441,9.981506366686826,10.07208251953125,4293797,0.0,0.0
2009-02-17 00:00:00-05:00,9.709773924499748,10.18077037250961,9.299162066266087,9.444084167480469,6983720,0.0,0.0
2009-02-18 00:00:00-05:00,9.546735566594855,9.82450251185506,9.359544732887008,9.462197303771973,6314018,0.0,0.0
2009-02-19 00:00:00-05:00,9.564854269373644,9.631276725615152,8.695322201589484,8.779860496520996,8185004,0.0,0.0
2009-02-20 00:00:00-05:00,8.598706373417468,8.924781524926054,8.532283925436147,8.785897254943848,7407080,0.0,0.0
2009-02-23 00:00:00-05:00,8.852321020076872,8.888551171476067,8.29074757839817,8.326977729797363,6772305,0.0,0.0
2009-02-24 00:00:00-05:00,8.417552327234555,8.725511577301031,8.163939051260307,8.665127754211426,8638661,0.0,0.0
2009-02-25 00:00:00-05:00,8.622860060126479,9.003280435324955,8.242439684928003,8.785897254943848,7779372,0.0,0.0
2009-02-26 00:00:00-05:00,8.876475011521714,9.003282080382364,8.091481192857474,8.133749961853027,8059848,0.0,0.0
2009-02-27 00:00:00-05:00,7.8680557578733366,8.532281578747948,7.819748397741596,8.248476028442383,7290921,0.0,0.0
2009-03-02 00:00:00-05:00,8.019021695658724,8.1941361811834,7.632562561741726,7.668792724609375,8127586,0.0,0.0
2009-03-03 00:00:00-05:00,7.843905655444467,8.441708557393019,7.807675499757763,8.242441177368164,10620912,0.0,0.0
2009-03-04 00:00:00-05:00,8.393400678093888,9.226702514506892,8.326977466175082,9.033473014831543,13172714,0.0,0.0
2009-03-05 00:00:00-05:00,8.804015322423973,9.148205665503045,8.653055300579318,8.755708694458008,8530307,0.0,0.0
2009-03-06 00:00:00-05:00,8.65909020925307,9.287086063687383,8.622860060126479,8.785897254943848,12181258,0.0,0.0
2009-03-09 00:00:00-04:00,8.701359050970625,9.293123948061673,8.701359050970625,9.093855857849121,9368163,0.0,0.0
2009-03-10 00:00:00-04:00,9.323318601066038,9.788276579917325,9.268972606022075,9.667508125305176,7934031,0.0,0.0
2009-03-11 00:00:00-04:00,9.721853423621708,10.132466933928537,9.546739734666135,10.005659103393555,5701865,0.0,0.0
2009-03-12 00:00:00-04:00,9.800352429911724,10.440424006650723,9.800352429911724,10.380040168762207,5752669,0.0,0.0
2009-03-13 00:00:00-04:00,10.386077743082854,10.64572966761308,10.259270705754584,10.392115592956543,5730707,0.0,0.0
2009-03-16 00:00:00-04:00,10.531000632245966,10.53703848256598,9.896966160609715,10.090195655822754,6051931,0.0,0.0
2009-03-17 00:00:00-04:00,10.053966518392153,10.33777141571045,9.78223732292937,10.33777141571045,4603775,0.0,0.0
2009-03-18 00:00:00-04:00,10.325692512040256,10.796688961797878,10.13246380491114,10.639690399169922,7034126,0.0,0.0
2009-03-19 00:00:00-04:00,10.645731883273392,10.869152945692358,10.44646374912365,10.772538185119629,5034015,0.0,0.0
2009-03-20 00:00:00-04:00,10.851033907610251,10.98387954516958,10.156616473062279,10.440422058105469,7392395,0.0,0.0
2009-03-23 00:00:00-04:00,10.615539109218464,11.418648699447695,10.603462645619567,11.394495010375977,6629156,0.0,0.0
2009-03-24 00:00:00-04:00,11.165035603425862,11.986260288988785,11.11672822416487,11.77491569519043,6373023,0.0,0.0
2009-03-25 00:00:00-04:00,11.980221428505407,12.227796170695658,11.092574305273,11.485071182250977,11068747,0.0,0.0
2009-03-26 00:00:00-04:00,11.913801048570113,11.913801048570113,11.485073182298205,11.696417808532715,8868995,0.0,0.0
2009-03-27 00:00:00-04:00,11.479033568622311,12.076836434634659,11.479033568622311,11.77491569519043,5761665,0.0,0.0
2009-03-30 00:00:00-04:00,11.563569002069675,11.65414436939799,10.953688259152715,11.44883918762207,7467409,0.0,0.0
2009-03-31 00:00:00-04:00,11.617918150426227,11.962108472011861,11.370343364361569,11.678302764892578,7353896,0.0,0.0
2009-04-01 00:00:00-04:00,11.436764133517773,12.070797115966318,11.231457402726086,12.022490501403809,8437168,0.0,0.0
2009-04-02 00:00:00-04:00,12.107029932252818,12.602179475744371,12.076837626765863,12.131183624267578,8144520,0.0,0.0
2009-04-03 00:00:00-04:00,12.125141775094368,12.885983251459065,12.125141775094368,12.861828804016113,6822446,0.0,0.0
2009-04-06 00:00:00-04:00,12.596137053315772,12.620290736565751,12.137217833439921,12.469330787658691,5746186,0.0,0.0
2009-04-07 00:00:00-04:00,12.276101823892537,12.529714365582366,12.14929479117385,12.22779369354248,4202245,0.0,0.0
2009-04-08 00:00:00-04:00,12.578024794471705,12.855791833033283,12.469333576474451,12.831637382507324,6170207,0.0,0.0
2009-04-09 00:00:00-04:00,12.940332475062933,13.465675139143077,12.87390924388684,13.350944519042969,5964481,0.0,0.0
2009-04-13 00:00:00-04:00,13.212055891191948,13.260361732240872,12.602174458295835,12.885981559753418,7395702,0.0,0.0
2009-04-14 00:00:00-04:00,12.656524507789316,12.964483848479482,12.505563762831304,12.70483112335205,6787255,0.0,0.0
2009-04-15 00:00:00-04:00,12.584064394027552,12.904100222361029,12.469334554400946,12.837677001953125,6315473,0.0,0.0
2009-04-16 00:00:00-04:00,13.067138661888201,13.447557587079114,12.84975467749568,13.375097274780273,7164839,0.0,0.0
2009-04-17 00:00:00-04:00,13.42944258821902,13.646826561561252,13.199982912606158,13.538134574890137,5332484,0.0,0.0
2009-04-20 00:00:00-04:00,13.175825942772597,13.37509403900844,12.39083230528754,12.753137588500977,6757223,0.0,0.0
2009-04-21 00:00:00-04:00,12.69879266866227,13.181865658181389,12.553870543244372,13.091289520263672,5400486,0.0,0.0
2009-04-22 00:00:00-04:00,12.86183353946698,13.652866080755112,12.86183353946698,13.350944519042969,5306950,0.0,0.0
2009-04-23 00:00:00-04:00,13.37509439659304,13.50793928971935,12.825598988037445,13.15771198272705,5771720,0.0,0.0
2009-04-24 00:00:00-04:00,13.435479460027322,13.580401582224663,11.774914428858446,12.777291297912598,14199098,0.0,0.0
2009-04-27 00:00:00-04:00,12.481409623370194,13.526056051306867,12.312334570321662,13.151674270629883,8644482,0.0,0.0
2009-04-28 00:00:00-04:00,12.952405751007573,13.181865397443588,12.390833097526553,12.759176254272461,7259301,0.0,0.0
2009-04-29 00:00:00-04:00,12.855793525097285,13.544174123221389,12.84371782199274,13.314714431762695,5649739,0.0,0.0
2009-04-30 00:00:00-04:00,13.447555507916562,14.733738804218733,13.32678783150804,14.202359199523926,10361207,0.0,0.0
2009-05-01 00:00:00-04:00,14.226514694412462,14.353321006102988,13.66494192639266,14.123861312866211,5933655,0.0,0.0
2009-05-04 00:00:00-04:00,14.341246559940865,14.902819377183533,14.099709618586786,14.649205207824707,6271549,0.0,0.0
2009-05-05 00:00:00-04:00,14.588816877921394,14.800162219213178,14.305012758290248,14.745816230773926,6468809,0.0,0.0
2009-05-06 00:00:00-04:00,14.90885320864654,14.99339073006504,14.365394883996204,14.872621536254883,5502357,0.0,0.0
2009-05-07 00:00:00-04:00,15.017544170499049,15.065853068680886,13.882321633171504,14.129897117614746,7162061,0.0,0.0
2009-05-08 00:00:00-04:00,14.329164397307547,14.637122939137683,13.737398713843252,14.317087173461914,5734147,0.0,0.0
2009-05-11 00:00:00-04:00,14.172164723672811,14.244626541286715,13.743437001012353,13.978935241699219,4540801,0.0,0.0
2009-05-12 00:00:00-04:00,14.111781078600183,14.17820428890075,13.224134038434261,13.50190258026123,5578826,0.0,0.0
2009-05-13 00:00:00-04:00,13.332826929472446,13.68909440678621,13.193943410858013,13.586441040039062,7439361,0.0,0.0
2009-05-14 00:00:00-04:00,13.63474427490333,13.984973072355512,13.405284658812946,13.870244026184082,4516193,0.0,0.0
2009-05-15 00:00:00-04:00,13.870247692000076,14.08763014265754,13.755517091758572,13.984976768493652,4820880,0.0,0.0
2009-05-18 00:00:00-04:00,14.099702830744159,14.32312382253236,13.779665585178904,14.311046600341797,4777221,0.0,0.0
2009-05-19 00:00:00-04:00,14.23254984930473,15.005467806067184,14.009128823833459,14.769968032836914,4597028,0.0,0.0
2009-05-20 00:00:00-04:00,14.872620617913187,15.162464836663293,14.51031610634935,14.576739311218262,4872212,0.0,0.0
2009-05-21 00:00:00-04:00,14.52843763146104,14.926972445517132,14.311053620386641,14.709589958190918,4534186,0.0,0.0
2009-05-22 00:00:00-04:00,15.06585542792537,15.247006205735975,14.70354930106024,14.782048225402832,8093585,0.0,0.0
2009-05-26 00:00:00-04:00,14.721663327047672,15.144352486526229,14.576741198905214,15.096043586730957,8134598,0.0,0.0
2009-05-27 00:00:00-04:00,15.114162449930099,15.506660149360373,14.926971520739924,14.981317520141602,6514320,0.0,0.0
2009-05-28 00:00:00-04:00,15.40399879716959,15.40399879716959,14.480120332674531,14.842426300048828,7228872,0.0,0.0
2009-05-29 00:00:00-04:00,14.890740622765227,15.2349309193812,14.763934312958506,15.005471229553223,6614339,0.0,0.0
2009-06-01 00:00:00-04:00,15.023583889896896,15.699887181812798,15.023583889896896,15.645541191101074,8153517,0.0,0.0
2009-06-02 00:00:00-04:00,15.542887183525439,15.542887183525439,14.4740878226193,14.703547477722168,10679918,0.0,0.0
2009-06-03 00:00:00-04:00,14.600893637410314,14.715624223096707,13.882321633171504,14.129897117614746,6765161,0.0,0.0
2009-06-04 00:00:00-04:00,14.154050057699738,14.63712222679125,14.154050057699738,14.474085807800293,8384777,0.0,0.0
2009-06-05 00:00:00-04:00,14.61297277395025,14.733740463963157,13.936669443383753,14.29897403717041,5836811,0.0,0.0
2009-06-08 00:00:00-04:00,14.06951278817972,14.462010403444763,13.93666788687782,14.377472877502441,4357830,0.0,0.0
2009-06-09 00:00:00-04:00,14.510319233701741,15.168506717564668,14.407665860301483,15.047739028930664,5995175,0.0,0.0
2009-06-10 00:00:00-04:00,15.337583918347132,15.367775460765872,14.474089653442643,14.830355644226074,4409559,0.0,0.0
2009-06-11 00:00:00-04:00,14.87866341739753,15.44627479127447,14.86658619061342,15.361737251281738,6213337,0.0,0.0
2009-06-12 00:00:00-04:00,15.301349720051045,15.301349720051045,14.794123053177215,15.180582046508789,4102755,0.0,0.0
2009-06-15 00:00:00-04:00,15.035654854963362,15.16246109799406,14.866578340508552,15.017539024353027,3176788,0.0,0.0
2009-06-16 00:00:00-04:00,15.047736778328087,15.12019707592144,14.504278451387183,14.53447151184082,5903358,0.0,0.0
2009-06-17 00:00:00-04:00,14.564664057024881,15.035660595237216,14.341243012936413,14.757893562316895,5828212,0.0,0.0
2009-06-18 00:00:00-04:00,14.727704191083696,14.975279747259217,14.534476161109337,14.87866497039795,5062195,0.0,0.0
2009-06-19 00:00:00-04:00,15.005470216434947,15.410043572073173,14.866585165490518,15.349658966064453,6364159,0.0,0.0
2009-06-22 00:00:00-04:00,15.156432000906033,15.464392172093307,14.691473960876465,14.691473960876465,4993531,0.0,0.0
2009-06-23 00:00:00-04:00,14.757893478146341,15.204735563774747,14.498240760485684,15.096043586730957,4700222,0.0,0.0
2009-06-24 00:00:00-04:00,15.240962563276355,15.59119134813564,15.150387966133014,15.554961204528809,6454520,0.0,0.0
2009-06-25 00:00:00-04:00,15.512697023028728,15.808579917833919,15.283235823793406,15.446273803710938,8487442,0.0,0.0
2009-06-26 00:00:00-04:00,15.343615393233598,16.273532539677777,15.295309552539079,16.15276336669922,7669299,0.0,0.0
2009-06-29 00:00:00-04:00,16.358069184714207,16.358069184714207,15.868958478786627,15.99576473236084,7515566,0.0,0.0
2009-06-30 00:00:00-04:00,16.098420614638602,16.1950338299754,15.669691376672533,16.00180435180664,65696343,0.0,0.0
2009-07-01 00:00:00-04:00,16.05615043315687,16.605645760636648,16.038034599779426,16.18295669555664,7801466,0.0,0.0
2009-07-02 00:00:00-04:00,15.983695836675613,16.30373170454063,15.45231457901882,15.832735061645508,6392075,0.0,0.0
2009-07-06 00:00:00-04:00,16.056158600469082,16.068234305115833,15.41608530426241,15.91727352142334,8494718,0.0,0.0
2009-07-07 00:00:00-04:00,15.923306934218282,16.03803751899694,15.029621276131982,15.090005874633789,7879523,0.0,0.0
2009-07-08 00:00:00-04:00,15.174541581927352,15.331540909740474,14.902813206816115,15.18661880493164,8357523,0.0,0.0
2009-07-09 00:00:00-04:00,15.253040319496359,15.615344779544703,15.16850129157069,15.50665283203125,4331899,0.0,0.0
2009-07-10 00:00:00-04:00,15.083969255405478,15.50665845327125,15.077930642382663,15.319467544555664,6489050,0.0,0.0
2009-07-13 00:00:00-04:00,15.397963207564807,16.001804573327668,15.216810950210707,15.98369026184082,7010577,0.0,0.0
2009-07-14 00:00:00-04:00,15.766311771278483,16.146730691901094,15.675734096370647,15.868965148925781,4518177,0.0,0.0
2009-07-15 00:00:00-04:00,16.358081773942782,16.76265528884854,16.237314038130894,16.720386505126953,7810066,0.0,0.0
2009-07-16 00:00:00-04:00,16.629803230804775,17.451028664871476,16.611688916219247,17.432912826538086,6925773,0.0,0.0
2009-07-17 00:00:00-04:00,17.444990473353492,17.680488758635043,17.05249282330161,17.656335830688477,6595684,0.0,0.0
2009-07-20 00:00:00-04:00,17.831450906335,17.831450906335,17.336299845316805,17.463106155395508,6456240,0.0,0.0
2009-07-21 00:00:00-04:00,17.444994162816688,17.620107879644987,17.197418599327843,17.601993560791016,5101356,0.0,0.0
2009-07-22 00:00:00-04:00,17.71671550037325,18.320558391466243,17.330258061420576,18.260173797607422,8024657,0.0,0.0
2009-07-23 00:00:00-04:00,18.18167685100269,18.767404019004502,18.169601148916016,18.22394561767578,7879920,0.0,0.0
2009-07-24 00:00:00-04:00,17.90390460424953,18.356786727905273,17.83748140518083,18.356786727905273,5540459,0.0,0.0
2009-07-27 00:00:00-04:00,18.393022866853517,19.07536329472589,18.356792711800143,19.00290298461914,9068239,0.0,0.0
2009-07-28 00:00:00-04:00,19.002897117836003,19.06931879430277,18.513784842501728,18.60436248779297,10701086,0.0,0.0
2009-07-29 00:00:00-04:00,18.04278960679344,18.32659521293023,17.608023280079035,18.187711715698242,9606832,0.0,0.0
2009-07-30 00:00:00-04:00,18.356792435452327,18.7794816347063,18.326599370239087,18.39906120300293,6574516,0.0,0.0
2009-07-31 00:00:00-04:00,18.4111365093906,18.531905720150437,18.193754063269957,18.26621437072754,4233865,0.0,0.0
2009-08-03 00:00:00-04:00,18.489635732350475,19.051208411174997,18.45340405726673,18.954593658447266,5329706,0.0,0.0
2009-08-04 00:00:00-04:00,18.90024565392324,19.232358640537637,18.719093392814955,18.984783172607422,5327589,0.0,0.0
2009-08-05 00:00:00-04:00,18.82777950470693,19.014970319480437,18.59831841998713,18.882123947143555,3690905,0.0,0.0
2009-08-06 00:00:00-04:00,18.79155930570688,19.190094062226105,18.592291165573286,19.15386390686035,6039098,0.0,0.0
2009-08-07 00:00:00-04:00,19.298784362210693,19.498052484895762,18.876095189960946,19.310861587524414,5514132,0.0,0.0
2009-08-10 00:00:00-04:00,19.24444014698997,19.58259182072756,19.045172005926105,19.208209991455078,3812092,0.0,0.0
2009-08-11 00:00:00-04:00,18.996858798035937,19.401432045555598,18.936475731911962,19.274625778198242,4280831,0.0,0.0
2009-08-12 00:00:00-04:00,19.23235905066315,19.655048176845433,19.226320438664416,19.504087448120117,3636927,0.0,0.0
2009-08-13 00:00:00-04:00,19.630899101485046,19.630899101485046,19.05121052092341,19.328977584838867,5230745,0.0,0.0
2009-08-14 00:00:00-04:00,19.353131602340284,19.401437459219448,18.61040505379325,18.83986473083496,6240591,0.0,0.0
2009-08-17 00:00:00-04:00,18.393024440447103,18.586253982260562,18.145448899530095,18.525869369506836,4391037,0.0,0.0
2009-08-18 00:00:00-04:00,18.550018420676007,19.06328367020354,18.519825361220033,18.90628433227539,4806194,0.0,0.0
2009-08-19 00:00:00-04:00,18.556061389238252,19.383325576782227,18.453408002052342,19.383325576782227,5318989,0.0,0.0
2009-08-20 00:00:00-04:00,19.419552476432887,19.956972253631648,19.3168991064766,19.884511947631836,5844749,0.0,0.0
2009-08-21 00:00:00-04:00,20.107928705569233,20.222657752845294,19.570509043204677,19.836198806762695,5414907,0.0,0.0
2009-08-24 00:00:00-04:00,19.842239210130245,20.06566176085278,19.516164825863573,19.564472198486328,3872421,0.0,0.0
2009-08-25 00:00:00-04:00,19.763738612633507,20.077735745983208,19.57050913864983,19.975082397460938,4426229,0.0,0.0
2009-08-26 00:00:00-04:00,20.03546784078997,20.615156287385425,19.926777399864033,20.584964752197266,5724489,0.0,0.0
2009-08-27 00:00:00-04:00,20.62119682025506,21.02577013395616,20.07170138140407,21.019731521606445,5921219,0.0,0.0
2009-08-28 00:00:00-04:00,21.188804040125564,21.599415887575727,20.67553732612853,20.741960525512695,6489315,0.0,0.0
2009-08-31 00:00:00-04:00,20.63327427675621,20.735927647939956,20.19850938806301,20.699697494506836,3635472,0.0,0.0
2009-09-01 00:00:00-04:00,20.57288290005203,21.134455384941155,19.999233194305774,20.035463333129883,5766428,0.0,0.0
2009-09-02 00:00:00-04:00,19.932815312926746,20.2045437121099,19.73354721069336,19.73354721069336,7592300,0.0,0.0
2009-09-03 00:00:00-04:00,19.84223756889808,20.041505654953127,19.697315463016917,19.981121063232422,6363498,0.0,0.0
2009-09-04 00:00:00-04:00,20.04754870251865,20.488353729248047,19.89054933880382,20.488353729248047,4382967,0.0,0.0
2009-09-08 00:00:00-04:00,20.723852244198714,21.158618662896544,20.45212228017013,21.12842559814453,4618858,0.0,0.0
2009-09-09 00:00:00-04:00,21.134464222289385,21.4303471145284,20.850658555957576,21.26127052307129,5117364,0.0,0.0
2009-09-10 00:00:00-04:00,21.261266930433294,21.671880351911213,21.086153279360445,21.58734130859375,3413075,0.0,0.0
2009-09-11 00:00:00-04:00,21.617532263832814,21.617532263832814,21.043882470992248,21.18276596069336,4261648,0.0,0.0
2009-09-14 00:00:00-04:00,21.074077778820342,21.339767583122928,20.88688688857357,21.26730728149414,4532863,0.0,0.0
2009-09-15 00:00:00-04:00,21.557154142819023,22.070419499969766,21.345810301050108,22.003997802734375,5640346,0.0,0.0
2009-09-16 00:00:00-04:00,22.142883470148476,22.342150104825087,21.94361531172376,22.251575469970703,4107254,0.0,0.0
2009-09-17 00:00:00-04:00,22.106639422633645,22.342136068047374,21.97983166126053,22.10059928894043,3641028,0.0,0.0
2009-09-18 00:00:00-04:00,22.191184449084485,22.287797669783757,21.810762559545466,21.87114715576172,5139590,0.0,0.0
2009-09-21 00:00:00-04:00,21.8651140839179,21.93757439368951,21.442423356507703,21.762460708618164,4423054,0.0,0.0
2009-09-22 00:00:00-04:00,21.853036812961815,21.92549712258506,21.38807884226015,21.889266967773438,5741026,0.0,0.0
2009-09-23 00:00:00-04:00,22.04022020415433,22.7648306719031,21.64168406595565,22.203256607055664,5916588,0.0,0.0
2009-09-24 00:00:00-04:00,22.37234063100865,22.37234063100865,21.557153772480483,21.828882217407227,4391434,0.0,0.0
2009-09-25 00:00:00-04:00,21.70207544706583,21.834920360140924,21.194848722711885,21.24919319152832,6126945,0.0,0.0
2009-09-28 00:00:00-04:00,21.424309222789322,22.330072245110294,21.376001841282232,22.31195640563965,4434961,0.0,0.0
2009-09-29 00:00:00-04:00,22.317994745012232,22.402532280675597,21.780574941870107,21.840959548950195,4533524,0.0,0.0
2009-09-30 00:00:00-04:00,21.925495167668615,22.414607547133187,21.66584244654921,22.058340072631836,6939400,0.0,0.0
2009-10-01 00:00:00-04:00,21.93153341525787,22.07645554291912,21.249191540384352,21.321653366088867,7818401,0.0,0.0
2009-10-02 00:00:00-04:00,21.20691909092936,21.62356956413108,20.84461459662309,21.33372688293457,4318140,0.0,0.0
2009-10-05 00:00:00-04:00,21.430349626290838,22.052305500937923,21.31561901422113,22.04022979736328,4130406,0.0,0.0
2009-10-06 00:00:00-04:00,22.221368440367474,22.22740705031354,21.804718067813177,22.10059928894043,5006100,0.0,0.0
2009-10-07 00:00:00-04:00,22.082492480644767,22.27572196953864,21.792648247303955,21.87114715576172,4193249,0.0,0.0
2009-10-08 00:00:00-04:00,21.997953306458882,22.09456804364265,21.61753296926624,21.985876083374023,5259057,0.0,0.0
2009-10-09 00:00:00-04:00,22.058346331108297,22.481037139892578,21.88323261232503,22.481037139892578,4404135,0.0,0.0
2009-10-12 00:00:00-04:00,22.547456975110872,23.139222839220327,22.511226816261832,22.752763748168945,4664369,0.0,0.0
2009-10-13 00:00:00-04:00,22.72860540483597,23.09695011532277,22.613874810401946,22.83125877380371,4491453,0.0,0.0
2009-10-14 00:00:00-04:00,23.2780964585632,23.2780964585632,22.487062772467286,22.776906967163086,6636830,0.0,0.0
2009-10-15 00:00:00-04:00,22.257606133549466,22.547450366890274,21.611495982402868,21.87114715576172,9353345,0.0,0.0
2009-10-16 00:00:00-04:00,21.768493727244948,21.768493727244948,21.30957445451527,21.64772605895996,5512147,0.0,0.0
2009-10-19 00:00:00-04:00,21.78661381561819,22.191188707022995,21.677923350071133,22.17911148071289,3946641,0.0,0.0
2009-10-20 00:00:00-04:00,22.191182936237094,22.49310284924013,21.967760402592727,22.088529586791992,3976012,0.0,0.0
2009-10-21 00:00:00-04:00,21.973802429580655,22.09457163255116,21.60545925564144,21.653766632080078,5822523,0.0,0.0
2009-10-22 00:00:00-04:00,21.6598020584579,22.517257483175598,21.545071484887508,22.408565521240234,6119801,0.0,0.0
2009-10-23 00:00:00-04:00,22.44479663450181,22.49310400591614,21.285421244305503,21.400150299072266,10238036,0.0,0.0
2009-10-26 00:00:00-04:00,21.47864932101593,22.003993321233864,21.32769011781847,21.369958877563477,5282078,0.0,0.0
2009-10-27 00:00:00-04:00,21.321654702508248,21.68395928249636,20.808389372942468,20.862733840942383,5214472,0.0,0.0
2009-10-28 00:00:00-04:00,20.820464922649784,21.16465518537097,20.252855129233666,20.277008056640625,5992396,0.0,0.0
2009-10-29 00:00:00-04:00,20.452124227613588,21.16465776738967,20.23474175943955,21.140504837036133,5519424,0.0,0.0
2009-10-30 00:00:00-04:00,21.11031330547851,21.20692808141883,20.301166461663524,20.3373966217041,5402206,0.0,0.0
2009-11-02 00:00:00-05:00,20.421930366644343,20.971425850132615,20.162277633252955,20.60308265686035,5259454,0.0,0.0
2009-11-03 00:00:00-05:00,20.440044338522068,20.8023488858674,20.07170117888795,20.735925674438477,5166447,0.0,0.0
2009-11-04 00:00:00-05:00,20.850656841005435,21.3941136771557,20.54269827193651,21.062002182006836,5402338,0.0,0.0
2009-11-05 00:00:00-05:00,21.37600707902164,21.92550272596464,21.261276448424496,21.919464111328125,4895762,0.0,0.0
2009-11-06 00:00:00-05:00,21.696037674195153,22.18515010246429,21.599422911172805,22.003997802734375,3962120,0.0,0.0
2009-11-09 00:00:00-05:00,22.221372867523826,22.607831791089012,22.148912581229077,22.5897159576416,4480736,0.0,0.0
2009-11-10 00:00:00-05:00,22.55952836985727,22.891641374892924,22.396490411568035,22.734642028808594,3867658,0.0,0.0
2009-11-11 00:00:00-05:00,22.897684227825767,23.537755907620888,22.831261005017744,23.266027450561523,5630820,0.0,0.0
2009-11-12 00:00:00-05:00,23.266023484689775,23.453214370811175,23.07279398627443,23.205638885498047,3502510,0.0,0.0
2009-11-13 00:00:00-05:00,23.18148404893918,23.507558419695872,22.994293178250196,23.247905731201172,3029405,0.0,0.0
2009-11-16 00:00:00-05:00,23.453214818574274,23.779289222438567,23.368677292340525,23.64644432067871,3381191,0.0,0.0
2009-11-17 00:00:00-05:00,23.586052106852435,23.64039807724512,23.247900587323606,23.604167938232422,2709504,0.0,0.0
2009-11-18 00:00:00-05:00,22.958063505943876,23.302253742050226,22.945987805048095,23.217716217041016,6869678,0.0,0.0
2009-11-19 00:00:00-05:00,22.93391196049911,23.139218696802864,22.269685897602315,22.505184173583984,7159282,0.0,0.0
2009-11-20 00:00:00-05:00,22.317991355564864,22.565566835620643,22.1187232490871,22.372337341308594,4228837,0.0,0.0
2009-11-23 00:00:00-05:00,22.613871329665855,23.10298364828761,22.613871329665855,23.036561965942383,4232542,0.0,0.0
2009-11-24 00:00:00-05:00,23.09090618084868,23.10902201606842,22.61991122635911,22.795024871826172,3936454,0.0,0.0
2009-11-25 00:00:00-05:00,22.831255395863327,23.247905899075107,22.740679265762836,23.223752975463867,2606442,0.0,0.0
2009-11-27 00:00:00-05:00,22.867484963250526,23.01240707248571,22.420642935919396,22.64406394958496,1981325,0.0,0.0
2009-11-30 00:00:00-05:00,22.644065381337228,22.6863341420683,22.022108147012528,22.245529174804688,5046187,0.0,0.0
2009-12-01 00:00:00-05:00,22.372337928578695,23.29017652690634,22.372337928578695,23.175447463989258,6767674,0.0,0.0
2009-12-02 00:00:00-05:00,23.223754931822672,23.682674232823995,23.139217406440494,23.489444732666016,4417100,0.0,0.0
2009-12-03 00:00:00-05:00,23.44114095078717,23.73098524545274,23.27810448738028,23.332448959350586,5374026,0.0,0.0
2009-12-04 00:00:00-05:00,23.70079048079364,24.183862715816343,23.115063357815956,23.83967399597168,5106780,0.0,0.0
2009-12-07 00:00:00-05:00,23.936286485915254,23.9725166334626,23.501520144104177,23.586057662963867,3072800,0.0,0.0
2009-12-08 00:00:00-05:00,23.459253062674946,23.531713362952605,23.145254364811112,23.34452247619629,3406725,0.0,0.0
2009-12-09 00:00:00-05:00,23.27809573532928,23.91212855824836,23.000327247898614,23.88193702697754,3417044,0.0,0.0
2009-12-10 00:00:00-05:00,23.887977666993017,24.087247288507644,23.59813496194279,23.809478759765625,3792909,0.0,0.0
2009-12-11 00:00:00-05:00,23.821559827318485,24.032903659242894,23.410947865473993,23.54983139038086,2581041,0.0,0.0
2009-12-14 00:00:00-05:00,23.749099806854055,24.03894256216932,23.688715201112252,24.020828247070312,2505762,0.0,0.0
2009-12-15 00:00:00-05:00,24.02082806263196,24.129520047383057,23.71286947083437,23.91213607788086,2792192,0.0,0.0
2009-12-16 00:00:00-05:00,24.008749550308476,25.07755045434375,24.008749550308476,24.854127883911133,5875708,0.0,0.0
2009-12-17 00:00:00-05:00,24.739397467817493,25.53042976884426,24.60655104581494,25.34927749633789,6941649,0.0,0.0
2009-12-18 00:00:00-05:00,25.451929447251214,25.838388442993164,25.05339475070313,25.838388442993164,8281319,0.0,0.0
2009-12-21 00:00:00-05:00,25.922926347070987,26.339579934048125,25.717622669134506,26.098041534423828,6446318,0.0,0.0
2009-12-22 00:00:00-05:00,26.17049631417799,26.61130121012545,26.013498520790552,26.24899673461914,4827627,0.0,0.0
2009-12-23 00:00:00-05:00,26.224847812719474,26.65961266538148,26.224847812719474,26.61734390258789,3894515,0.0,0.0
2009-12-24 00:00:00-05:00,26.64149714814771,27.01587890775694,26.617342699787017,26.955495834350586,1282516,0.0,0.0
2009-12-28 00:00:00-05:00,27.033994178860087,27.148723228465208,26.369765185238233,26.550920486450195,3389394,0.0,0.0
2009-12-29 00:00:00-05:00,26.56904062924015,26.647541073829135,26.255041898380018,26.563003540039062,2199752,0.0,0.0
2009-12-30 00:00:00-05:00,26.508651466794007,26.991722106933594,26.36372783675604,26.991722106933594,2236532,0.0,0.0
2009-12-31 00:00:00-05:00,26.991721807032736,27.1426855707048,26.659608840942383,26.659608840942383,2053561,0.0,0.0
2010-01-04 00:00:00-05:00,26.810572446185947,27.65595376687211,26.810572446185947,27.329877853393555,4125379,0.0,0.0
2010-01-05 00:00:00-05:00,27.384222267355742,28.64625099256484,27.203070008318253,28.054485321044922,9325695,0.0,0.0
2010-01-06 00:00:00-05:00,28.10279824949913,28.320179163051158,27.80691384751851,28.078643798828125,5286840,0.0,0.0
2010-01-07 00:00:00-05:00,28.01825621345359,28.078639282923984,27.221183849469437,27.529142379760742,4797860,0.0,0.0
2010-01-08 00:00:00-05:00,27.468759402541316,27.68010319389266,27.26345269915922,27.668025970458984,3336209,0.0,0.0
2010-01-11 00:00:00-05:00,27.722372606607347,28.048448504528704,27.498951586548014,27.69822120666504,3688392,0.0,0.0
2010-01-12 00:00:00-05:00,27.52914405668283,27.794833845030166,26.599228273719486,26.985687255859375,5518762,0.0,0.0
2010-01-13 00:00:00-05:00,27.05211113794077,27.492916115880814,26.59319184710449,27.450647354125977,3719218,0.0,0.0
2010-01-14 00:00:00-05:00,27.438575554602654,27.8733404825381,27.426498327785552,27.637842178344727,2775257,0.0,0.0
2010-01-15 00:00:00-05:00,27.631800547177455,27.680106399010366,26.18257927975696,26.556961059570312,6449493,0.0,0.0
2010-01-19 00:00:00-05:00,26.59319147856708,27.197031359195883,26.59319147856708,27.148725509643555,3790527,0.0,0.0
2010-01-20 00:00:00-05:00,26.913232326564334,26.96153818521899,26.134277118601226,26.72603988647461,4905552,0.0,0.0
2010-01-21 00:00:00-05:00,28.042411434230175,28.38056459283375,26.949457614405322,27.347993850708008,12422573,0.0,0.0
2010-01-22 00:00:00-05:00,27.14269261416373,27.14269261416373,24.576362820694065,24.60051727294922,14541490,0.0,0.0
2010-01-25 00:00:00-05:00,25.005088847665185,25.45193094497553,24.811859338423577,25.053396224975586,7133616,0.0,0.0
2010-01-26 00:00:00-05:00,25.0473534565663,25.180198341191748,24.534088229208045,24.672971725463867,6051667,0.0,0.0
2010-01-27 00:00:00-05:00,24.636751113258658,24.842057893149768,24.129524301246214,24.540136337280273,5001072,0.0,0.0
2010-01-28 00:00:00-05:00,24.65485924968062,24.65485924968062,23.573982666774025,23.83967399597168,6026794,0.0,0.0
2010-01-29 00:00:00-05:00,24.03289929023152,24.093283884267237,22.722563199266354,22.9399471282959,8183152,0.0,0.0
2010-02-01 00:00:00-05:00,23.115065218349724,24.020828208012386,23.060719225645258,23.97252082824707,6229081,0.0,0.0
2010-02-02 00:00:00-05:00,24.081207403728765,24.52201081177982,23.700787064008164,24.43747329711914,4634072,0.0,0.0
2010-02-03 00:00:00-05:00,24.292555088264105,24.70920564058653,24.18990172238442,24.449554443359375,3381985,0.0,0.0
2010-02-04 00:00:00-05:00,24.081208293108347,24.081208293108347,23.205637008756632,23.38075065612793,4819954,0.0,0.0
2010-02-05 00:00:00-05:00,23.36867532841472,23.918170726501735,23.04259942820639,23.809478759765625,7366199,0.0,0.0
2010-02-08 00:00:00-05:00,24.02686694081233,24.377094303047077,23.8396760337564,23.94232940673828,4868772,0.0,0.0
2010-02-09 00:00:00-05:00,24.401244955960472,24.67297335478579,24.038938900445707,24.383129119873047,5938153,0.0,0.0
2010-02-10 00:00:00-05:00,24.22009294384167,24.53409164991534,23.851749773012738,24.195940017700195,3630312,0.0,0.0
2010-02-11 00:00:00-05:00,24.250286027912153,24.473707070848892,23.90005869418664,24.328784942626953,4839799,0.0,0.0
2010-02-12 00:00:00-05:00,24.14762879171485,24.262359362901304,23.45924993583876,24.063091278076172,6392736,0.0,0.0
2010-02-16 00:00:00-05:00,24.346901802592864,25.723661316649192,24.274441497312566,25.711584091186523,9595454,0.0,0.0
2010-02-17 00:00:00-05:00,25.88669769147228,25.92896645423501,25.31304627862668,25.747814178466797,5439779,0.0,0.0
2010-02-18 00:00:00-05:00,25.627048927532762,26.24296615054917,25.331166018854766,26.206737518310547,5228496,0.0,0.0
2010-02-19 00:00:00-05:00,26.170501845114046,26.442231782919265,25.935003581514696,26.05577278137207,5080055,0.0,0.0
2010-02-22 00:00:00-05:00,26.128236641525522,26.255042947276575,25.530433744415724,25.584779739379883,5557658,0.0,0.0
2010-02-23 00:00:00-05:00,25.596854598951154,25.596854598951154,24.449554768842418,24.660900115966797,6806703,0.0,0.0
2010-02-24 00:00:00-05:00,24.793742437352208,25.03527931354693,23.447176066782852,23.543790817260742,14987209,0.0,0.0
2010-02-25 00:00:00-05:00,23.235829052150393,23.70682554580891,22.51725861153501,23.610212326049805,14052641,0.0,0.0
2010-02-26 00:00:00-05:00,23.64644224220643,23.64644224220643,23.163368529406497,23.326406478881836,6176822,0.0,0.0
2010-03-01 00:00:00-05:00,23.465296207114665,24.5461729739616,23.40491159605534,24.443519592285156,9812030,0.0,0.0
2010-03-02 00:00:00-05:00,24.594478057768477,24.642785437348202,23.84571291240881,23.918174743652344,7187065,0.0,0.0
2010-03-03 00:00:00-05:00,23.815522783793202,23.821561397067235,22.976182966166647,23.332448959350586,11646369,0.0,0.0
2010-03-04 00:00:00-05:00,23.362636716512977,23.839671819274347,23.03656234005229,23.809478759765625,7356674,0.0,0.0
2010-03-05 00:00:00-05:00,23.900062367369717,23.960445453931584,23.51964038904104,23.700794219970703,5953368,0.0,0.0
2010-03-08 00:00:00-05:00,23.71286947083437,24.044982514242378,23.404909355288886,23.91213607788086,6665009,0.0,0.0
2010-03-09 00:00:00-05:00,23.857793488068843,24.01479134090867,23.2056430519529,23.42302703857422,9133066,0.0,0.0
2010-03-10 00:00:00-05:00,23.525678567365212,23.64040917245738,22.921837046677783,22.98826026916504,9746409,0.0,0.0
2010-03-11 00:00:00-05:00,22.541409567635764,23.51359552976751,21.871145033541303,23.465288162231445,19193952,0.0,0.0
2010-03-12 00:00:00-05:00,23.45925310074147,23.49548325093909,22.782949852896444,23.175447463989258,8806153,0.0,0.0
2010-03-15 00:00:00-04:00,23.21168152057982,23.326412126553155,22.746723530842004,23.096952438354492,5578033,0.0,0.0
2010-03-16 00:00:00-04:00,23.0909045529829,23.3505572207561,22.84936924289979,23.29621124267578,5875046,0.0,0.0
2010-03-17 00:00:00-04:00,23.561905270697192,24.123479463530565,23.471330655801978,23.64644432067871,8600294,0.0,0.0
2010-03-18 00:00:00-04:00,23.767215813012744,23.803445969536472,23.44114135680315,23.555871963500977,3621845,0.0,0.0
2010-03-19 00:00:00-04:00,23.030527114868164,23.646445810699667,22.80106744759727,23.030527114868164,7149095,0.0,0.0
2010-03-22 00:00:00-04:00,22.99430144537426,24.654865431412006,22.91580098754922,24.540136337280273,12539262,0.0,0.0
2010-03-23 00:00:00-04:00,24.636743942471533,25.48816083656153,24.485783208475514,25.373430252075195,11364702,0.0,0.0
2010-03-24 00:00:00-04:00,25.367393713470577,25.60289199015541,25.06547374454644,25.174165725708008,6352120,0.0,0.0
2010-03-25 00:00:00-04:00,25.445893371017384,25.602891201472477,24.552207669685146,24.56428337097168,7590316,0.0,0.0
2010-03-26 00:00:00-04:00,24.328779003773235,24.413318034076873,23.561899786268764,23.88193702697754,12288686,0.0,0.0
2010-03-29 00:00:00-04:00,24.171788852155508,24.47370883152766,24.014789487683334,24.135557174682617,5802149,0.0,0.0
2010-03-30 00:00:00-04:00,24.262364785471735,24.262364785471735,23.435100727479774,23.76117515563965,7855842,0.0,0.0
2010-03-31 00:00:00-04:00,23.465291903902866,23.978557194411245,23.247907953453733,23.543790817260742,5853349,0.0,0.0
2010-04-01 00:00:00-04:00,23.81552319629372,24.032905659184113,23.27810489057236,23.555871963500977,5264085,0.0,0.0
2010-04-05 00:00:00-04:00,23.755134987945503,24.61862756369107,23.670595942621006,24.534090042114258,6215719,0.0,0.0
2010-04-06 00:00:00-04:00,24.31671169908323,24.896398746811546,24.23217263959865,24.787708282470703,5172401,0.0,0.0
2010-04-07 00:00:00-04:00,24.739396406901196,24.739396406901196,24.12347779254375,24.322744369506836,6535223,0.0,0.0
2010-04-08 00:00:00-04:00,24.208015633605164,24.552205855415252,23.900057084220744,24.358976364135742,4176182,0.0,0.0
2010-04-09 00:00:00-04:00,24.56428744324354,24.99301528930664,24.383135132688327,24.99301528930664,4810560,0.0,0.0
2010-04-12 00:00:00-04:00,25.20435670464714,25.50627819060098,24.606552345308266,24.80582046508789,6407024,0.0,0.0
2010-04-13 00:00:00-04:00,24.751474123867546,25.101702981645495,24.18386283544149,24.244247436523438,9806208,0.0,0.0
2010-04-14 00:00:00-04:00,24.4374721254452,25.506272801866952,24.40728059272753,25.029237747192383,12245027,0.0,0.0
2010-04-15 00:00:00-04:00,24.878277221370908,25.554580400184086,24.82393276349542,25.22246742248535,5731104,0.0,0.0
2010-04-16 00:00:00-04:00,24.980929888273202,25.41569620559489,24.15366753442632,24.419357299804688,8866614,0.0,0.0
2010-04-19 00:00:00-04:00,24.2442494031534,24.304634009133586,23.332447795469413,23.900060653686523,11611045,0.0,0.0
2010-04-20 00:00:00-04:00,24.11139873544435,24.497857683502634,23.85778619359176,24.28651237487793,6122844,0.0,0.0
2010-04-21 00:00:00-04:00,24.81185870336675,24.81185870336675,23.97251899642372,24.328784942626953,8100068,0.0,0.0
2010-04-22 00:00:00-04:00,24.12951850721379,24.68505257381938,23.52567554047088,24.56428337097168,11765307,0.0,0.0
2010-04-23 00:00:00-04:00,25.51835005908692,27.076263107909575,25.409658096669624,26.99776268005371,21374653,0.0,0.0
2010-04-26 00:00:00-04:00,26.93134508138374,27.227229495663664,26.569040496241108,26.63546371459961,7428116,0.0,0.0
2010-04-27 00:00:00-04:00,26.478458505557626,26.587150472863648,25.711580693724997,25.84442710876465,7116152,0.0,0.0
2010-04-28 00:00:00-04:00,26.15842638580367,26.206735288005184,25.500240449525986,25.820276260375977,7003697,0.0,0.0
2010-04-29 00:00:00-04:00,26.10408014296345,26.188617673505536,25.59081482324611,25.922927856445312,5141840,0.0,0.0
2010-04-30 00:00:00-04:00,25.977271268507288,25.977271268507288,24.757511238200404,24.811857223510742,6287690,0.0,0.0
2010-05-03 00:00:00-04:00,25.05339640158912,25.415700972097277,24.92055149398598,25.204357147216797,3875596,0.0,0.0
2010-05-04 00:00:00-04:00,24.836011759676193,24.896396361022042,24.159710014844286,24.47370719909668,6276312,0.0,0.0
2010-05-05 00:00:00-04:00,24.165747053973263,24.878278903722126,23.90005726334649,24.55220603942871,5223998,0.0,0.0
2010-05-06 00:00:00-04:00,24.371056659106635,24.515978795826907,21.29750024756962,23.39887046813965,9944330,0.0,0.0
2010-05-07 00:00:00-04:00,23.25394616197175,23.743058518240037,22.191185448919875,23.15129280090332,10389651,0.0,0.0
2010-05-10 00:00:00-04:00,24.455592864639335,24.878280502459525,23.881942961708262,24.12347984313965,7890240,0.0,0.0
2010-05-11 00:00:00-04:00,23.7430612737438,24.47370906305968,23.64040790076192,23.94232940673828,4962308,0.0,0.0
2010-05-12 00:00:00-04:00,24.141592235565923,24.61258873593534,24.123477923242593,24.50993537902832,3180757,0.0,0.0
2010-05-13 00:00:00-04:00,24.36501296900338,24.739396243739606,23.80947895447165,23.960439682006836,3642351,0.0,0.0
2010-05-14 00:00:00-04:00,23.743058936182912,23.743058936182912,22.722565443551343,23.28413963317871,6108820,0.0,0.0
2010-05-17 00:00:00-04:00,23.543789011063787,23.85174755224421,22.92183179304522,23.598134994506836,5913545,0.0,0.0
2010-05-18 00:00:00-04:00,23.8275995408635,23.92421430384841,22.040227949390573,22.17911148071289,12134556,0.0,0.0
2010-05-19 00:00:00-04:00,22.08853099809763,22.53537304644139,21.49676530995611,21.774532318115234,9086099,0.0,0.0
2010-05-20 00:00:00-04:00,21.19484893332346,21.834920577112843,20.868774498445184,21.273347854614258,8842138,0.0,0.0
2010-05-21 00:00:00-04:00,20.98953693513326,22.20325822370621,20.832539131833695,21.744338989257812,8633898,0.0,0.0
2010-05-24 00:00:00-04:00,21.774530323921518,22.06437452947671,21.442417362191303,21.466571807861328,5151365,0.0,0.0
2010-05-25 00:00:00-04:00,20.868770762690115,21.28542127024103,20.34342828838761,21.231075286865234,12046973,0.0,0.0
2010-05-26 00:00:00-04:00,21.520926938174398,21.871154359336156,20.542703471268158,20.748008728027344,12938543,0.0,0.0
2010-05-27 00:00:00-04:00,21.285423549943342,21.997956974549464,21.200886021748065,21.925495147705078,7345428,0.0,0.0
2010-05-28 00:00:00-04:00,21.919455810506616,21.93757164755576,20.7238501827047,21.019731521606445,8363080,0.0,0.0
2010-06-01 00:00:00-04:00,20.675544624847483,21.33977075817918,20.2588955428688,20.26493263244629,8883813,0.0,0.0
2010-06-02 00:00:00-04:00,20.440041244700815,21.309572331466228,20.409848187826924,21.279380798339844,9011350,0.0,0.0
2010-06-03 00:00:00-04:00,21.46054290584207,22.118730515668958,21.345813808245094,22.070423126220703,9992222,0.0,0.0
2010-06-04 00:00:00-04:00,21.502803127650274,21.6537638500947,20.651386298711127,20.784231185913086,10493904,0.0,0.0
2010-06-07 00:00:00-04:00,20.80234653234917,20.947268639640775,20.095851830707925,20.21661949157715,8208554,0.0,0.0
2010-06-08 00:00:00-04:00,19.926778733556755,20.36758218604572,19.6188186542859,20.222660064697266,8590107,0.0,0.0
2010-06-09 00:00:00-04:00,20.458158356268154,21.031808230447798,19.88451000583623,20.053585052490234,8104169,0.0,0.0
2010-06-10 00:00:00-04:00,20.597042030218596,20.681579554221,20.18039149870871,20.59100341796875,6550570,0.0,0.0
2010-06-11 00:00:00-04:00,20.289079923453507,20.989535965720535,20.192465191847884,20.741960525512695,6385592,0.0,0.0
2010-06-14 00:00:00-04:00,21.03180472032956,21.29145738292497,20.72988482687259,20.741960525512695,6488124,0.0,0.0
2010-06-15 00:00:00-04:00,20.965387783050463,21.484691739603562,20.886888861579525,21.454500198364258,5846999,0.0,0.0
2010-06-16 00:00:00-04:00,21.206924530236787,21.448461429641295,21.086156842408485,21.26127052307129,5599465,0.0,0.0
2010-06-17 00:00:00-04:00,21.30957790295219,21.376001121693896,20.83254424084468,21.26127052307129,4791377,0.0,0.0
2010-06-18 00:00:00-04:00,21.291465603926905,21.382041759311758,21.025774227549693,21.140504837036133,4640423,0.0,0.0
2010-06-21 00:00:00-04:00,21.496768282085394,21.50884550769627,20.49439055508763,20.63327407836914,5648284,0.0,0.0
2010-06-22 00:00:00-04:00,20.560815610346914,20.917083131483277,20.05962594016749,20.095857620239258,6701657,0.0,0.0
2010-06-23 00:00:00-04:00,20.101892400620603,20.37965941905242,19.932815830435338,20.180391311645508,5299409,0.0,0.0
2010-06-24 00:00:00-04:00,20.089810178450247,20.089810178450247,18.864011825479174,18.996856689453125,10342685,0.0,0.0
2010-06-25 00:00:00-04:00,19.1236722968304,19.54032289142823,18.912326931075405,19.190093994140625,10077688,0.0,0.0
2010-06-28 00:00:00-04:00,19.220283583632693,19.30482263559518,18.960632386437922,19.14178466796875,8336091,0.0,0.0
2010-06-29 00:00:00-04:00,18.749290403056037,19.135749485595326,18.35679423063164,18.51983070373535,10666952,0.0,0.0
2010-06-30 00:00:00-04:00,18.399057247875316,18.700977168870402,18.12732733810786,18.21186637878418,8181961,0.0,0.0
2010-07-01 00:00:00-04:00,18.175634583508597,18.948550912999202,17.849558721363188,18.707014083862305,10574210,0.0,0.0
2010-07-02 00:00:00-04:00,18.888173791153616,18.894212404737495,18.15148731388918,18.236024856567383,6028382,0.0,0.0
2010-07-06 00:00:00-04:00,18.743249459181428,18.870057282216884,17.813333550243467,18.036754608154297,6425414,0.0,0.0
2010-07-07 00:00:00-04:00,18.05486550536381,18.888166427612305,18.000519528043696,18.888166427612305,7008857,0.0,0.0
2010-07-08 00:00:00-04:00,19.2021712138608,19.316900292697145,18.773443393082122,19.057249069213867,6455843,0.0,0.0
2010-07-09 00:00:00-04:00,19.117631539238957,19.62485822690811,18.81571005738353,19.075361251831055,4730519,0.0,0.0
2010-07-12 00:00:00-04:00,19.051210555263893,19.43766960966826,18.731174722240766,18.936481475830078,5957337,0.0,0.0
2010-07-13 00:00:00-04:00,19.262554145387945,19.44974504213123,18.85194067608177,19.347091674804688,8016586,0.0,0.0
2010-07-14 00:00:00-04:00,19.552393122984597,20.228694699211516,19.522200067965038,19.73958396911621,7925432,0.0,0.0
2010-07-15 00:00:00-04:00,19.6852439052946,19.83620466616878,19.365208067440058,19.763744354248047,5926908,0.0,0.0
2010-07-16 00:00:00-04:00,19.618823577182727,19.649015121967476,18.93044294710721,18.990827560424805,5502754,0.0,0.0
2010-07-19 00:00:00-04:00,19.14782529367473,19.286708825700092,18.815712234701394,19.15386390686035,3460571,0.0,0.0
2010-07-20 00:00:00-04:00,18.731170900904054,19.28670491640213,18.4292494453085,19.232358932495117,6280413,0.0,0.0
2010-07-21 00:00:00-04:00,19.335015348254462,19.407477179513975,18.085062091821932,18.22394561767578,10876780,0.0,0.0
2010-07-22 00:00:00-04:00,17.668408802018476,18.417172308854198,16.85926222277499,17.004182815551758,20911470,0.0,0.0
2010-07-23 00:00:00-04:00,17.143068267074582,17.16722271777911,16.37618883717118,16.919647216796875,17393878,0.0,0.0
2010-07-26 00:00:00-04:00,16.967953136096963,17.463102571756508,16.84718394044986,17.402719497680664,8988859,0.0,0.0
2010-07-27 00:00:00-04:00,17.481218362582844,17.601987557914608,17.209489958707927,17.354412078857422,9838490,0.0,0.0
2010-07-28 00:00:00-04:00,17.26383941686499,17.39064572609758,16.726419589406465,16.78680419921875,7586479,0.0,0.0
2010-07-29 00:00:00-04:00,17.046449304678507,17.046449304678507,16.201071166120876,16.28561019897461,11228963,0.0,0.0
2010-07-30 00:00:00-04:00,16.02596088960825,16.27353638128545,15.862922924723913,15.935384750366211,10753212,0.0,0.0
2010-08-02 00:00:00-04:00,16.176923725268715,16.60565155097046,15.971616970391038,16.394306182861328,8325639,0.0,0.0
2010-08-03 00:00:00-04:00,16.39429830930831,16.39429830930831,16.0380324897369,16.15880012512207,5885233,0.0,0.0
2010-08-04 00:00:00-04:00,16.152765573025594,16.466764246661377,16.001804848056196,16.35807228088379,7094191,0.0,0.0
2010-08-05 00:00:00-04:00,16.255424572156816,16.545268899056097,16.182964252306075,16.219194412231445,4493966,0.0,0.0
2010-08-06 00:00:00-04:00,16.031998231916262,16.20107327210696,15.699885239757975,15.814614295959473,8231177,0.0,0.0
2010-08-09 00:00:00-04:00,15.826694533659914,15.94142513545636,15.645542235032218,15.699888229370117,6718856,0.0,0.0
2010-08-10 00:00:00-04:00,15.500616347102298,15.518732182088245,14.71562273475346,14.739775657653809,13406621,0.0,0.0
2010-08-11 00:00:00-04:00,14.558619092545277,15.265113591618034,14.202353299945369,15.156421661376953,21059646,0.0,0.0
2010-08-12 00:00:00-04:00,14.9873529137316,15.669693257120429,14.594855298631025,14.637124061584473,12368462,0.0,0.0
2010-08-13 00:00:00-04:00,14.619008827685956,14.914890149729874,14.588815767657632,14.769968032836914,5561363,0.0,0.0
2010-08-16 00:00:00-04:00,14.673360046663145,15.077933481643967,14.53447649222959,14.963204383850098,7135071,0.0,0.0
2010-08-17 00:00:00-04:00,15.07792906225381,15.138313662405887,14.570702382720542,14.594855308532715,8469846,0.0,0.0
2010-08-18 00:00:00-04:00,14.588817676843103,14.878661948559888,14.570703362203222,14.685432434082031,6544749,0.0,0.0
2010-08-19 00:00:00-04:00,14.67335383715903,14.757891352126721,14.371432399420053,14.510315895080566,8345616,0.0,0.0
2010-08-20 00:00:00-04:00,14.588815135187005,15.029620078761281,14.552584988471372,14.89073657989502,10374172,0.0,0.0
2010-08-23 00:00:00-04:00,14.981314628381908,14.999430465935031,14.637124381107132,14.673356056213379,7625375,0.0,0.0
2010-08-24 00:00:00-04:00,14.49220058305798,14.570699480999371,14.292930985115873,14.335201263427734,7730421,0.0,0.0
2010-08-25 00:00:00-04:00,14.25670358598532,14.649201198738341,13.954783634731097,14.540509223937988,5668129,0.0,0.0
2010-08-26 00:00:00-04:00,14.564664879828792,14.625047960832932,14.202360298812433,14.262744903564453,5039969,0.0,0.0
2010-08-27 00:00:00-04:00,14.383512127715328,15.289275074935754,13.924591279575003,15.234929084777832,12119474,0.0,0.0
2010-08-30 00:00:00-04:00,15.210768501507932,15.34361335514062,14.926962963577873,14.939040184020996,11682752,0.0,0.0
2010-08-31 00:00:00-04:00,14.818278786424205,14.872623253792195,14.52239590354229,14.588817596435547,8791732,0.0,0.0
2010-09-01 00:00:00-04:00,15.071888314163331,15.90519080218943,15.071888314163331,15.494577407836914,8976158,0.0,0.0
2010-09-02 00:00:00-04:00,15.609304500126795,15.748187963215626,15.174538280295462,15.742149353027344,7078976,0.0,0.0
2010-09-03 00:00:00-04:00,15.989729137209492,16.219188768557643,15.802538265024348,16.05615234375,5313036,0.0,0.0
2010-09-07 00:00:00-04:00,16.04406930413025,16.140685544045414,15.67572627014516,15.711957931518555,5211297,0.0,0.0
2010-09-08 00:00:00-04:00,15.464392861332437,15.887082145993624,15.13227974311663,15.802544593811035,10479615,0.0,0.0
2010-09-09 00:00:00-04:00,15.93538528477329,16.001806976446144,15.609310867817205,15.669693946838379,4930160,0.0,0.0
2010-09-10 00:00:00-04:00,15.687808758897253,15.687808758897253,15.253043913885584,15.488540649414062,4856998,0.0,0.0
2010-09-13 00:00:00-04:00,15.615349336606933,16.339958468167918,15.548926121798194,16.327882766723633,7869204,0.0,0.0
2010-09-14 00:00:00-04:00,16.255424457336524,16.52715446422783,15.97765736029043,16.116540908813477,7987613,0.0,0.0
2010-09-15 00:00:00-04:00,16.11653530214695,16.56941747358375,15.935383043071278,16.472801208496094,8246524,0.0,0.0
2010-09-16 00:00:00-04:00,16.285606103756503,16.46675829878767,16.038030726131936,16.255413055419922,5586103,0.0,0.0
2010-09-17 00:00:00-04:00,16.376188200528595,16.418458487618217,15.844808590660978,16.019922256469727,7549964,0.0,0.0
2010-09-20 00:00:00-04:00,16.031996086242177,16.581491417066797,15.947458577461076,16.533184051513672,6197726,0.0,0.0
2010-09-21 00:00:00-04:00,16.394304442898765,17.02833895618675,15.97161527528938,16.587533950805664,17637310,0.0,0.0
2010-09-22 00:00:00-04:00,16.515075228003944,16.557343996435982,15.911233719870314,16.11050033569336,8587461,0.0,0.0
2010-09-23 00:00:00-04:00,15.94746228935766,16.545265124878686,15.808578771534636,16.406381607055664,7714942,0.0,0.0
2010-09-24 00:00:00-04:00,16.666035154408924,17.034378383006306,16.521113003588116,17.02834129333496,7614923,0.0,0.0
2010-09-27 00:00:00-04:00,17.028337088074128,17.028337088074128,16.581493519123942,16.726415634155273,5227967,0.0,0.0
2010-09-28 00:00:00-04:00,16.78680241017582,16.78680241017582,16.20711387475304,16.756610870361328,8900218,0.0,0.0
2010-09-29 00:00:00-04:00,16.666029743360355,17.48121638658792,16.666029743360355,17.348371505737305,9374117,0.0,0.0
2010-09-30 00:00:00-04:00,17.4932952372146,17.4932952372146,16.925683992244586,17.14306640625,8335032,0.0,0.0
2010-10-01 00:00:00-04:00,17.221566853601704,17.221566853601704,16.925684006820568,17.058528900146484,5585309,0.0,0.0
2010-10-04 00:00:00-04:00,16.98607016549107,17.118915071034348,16.653957139758973,16.889453887939453,5181662,0.0,0.0
2010-10-05 00:00:00-04:00,17.09476296159857,17.420837419400797,16.86530327083019,17.378568649291992,6504662,0.0,0.0
2010-10-06 00:00:00-04:00,17.287990139880876,17.457066721024532,16.73245606701132,16.847185134887695,9518853,0.0,0.0
2010-10-07 00:00:00-04:00,16.91360693477894,17.209489784219308,16.55130239995249,17.118913650512695,8042649,0.0,0.0
2010-10-08 00:00:00-04:00,17.4087562523132,17.692560327182107,17.269872758761377,17.451025009155273,9626148,0.0,0.0
2010-10-11 00:00:00-04:00,17.547637831261195,17.80728895549618,17.41479296371673,17.620098114013672,5129403,0.0,0.0
2010-10-12 00:00:00-04:00,17.608024839030076,17.988446741865502,17.4268725677974,17.765024185180664,6032086,0.0,0.0
2010-10-13 00:00:00-04:00,17.843522908031872,18.109212677180324,17.686523576945476,17.915983200073242,5286179,0.0,0.0
2010-10-14 00:00:00-04:00,17.897865239704167,18.109210526596787,17.75898175999519,17.807289123535156,6763044,0.0,0.0
2010-10-15 00:00:00-04:00,19.256511688232422,19.630894960346613,18.7915553324763,19.256511688232422,18794803,0.0,0.0
2010-10-18 00:00:00-04:00,19.443706505889097,19.479938184690422,18.50775346889515,19.00290298461914,10200727,0.0,0.0
2010-10-19 00:00:00-04:00,18.610406708783483,18.815713475643175,18.1333729968856,18.236024856567383,9079484,0.0,0.0
2010-10-20 00:00:00-04:00,17.62614472320491,18.779483349728068,17.62614472320491,18.417177200317383,14546914,0.0,0.0
2010-10-21 00:00:00-04:00,18.332632334815454,18.459440122144457,17.84955867772273,18.447362899780273,9097080,0.0,0.0
2010-10-22 00:00:00-04:00,18.48359468867906,18.49567191211845,18.23601922690951,18.374902725219727,5090904,0.0,0.0
2010-10-25 00:00:00-04:00,18.429252585865996,18.87005762045434,18.308483373548242,18.380945205688477,4686463,0.0,0.0
2010-10-26 00:00:00-04:00,18.296404318753996,18.86401555089602,18.199789576102262,18.688901901245117,5058623,0.0,0.0
2010-10-27 00:00:00-04:00,18.562095951675058,19.10555431426527,18.543981637962318,19.075361251831055,8405813,0.0,0.0
2010-10-28 00:00:00-04:00,19.72146932225945,19.72146932225945,18.90024408004058,19.021013259887695,13731417,0.0,0.0
2010-10-29 00:00:00-04:00,18.966672983861827,19.45578389043124,18.743250391094552,19.328977584838867,8138435,0.0,0.0
2010-11-01 00:00:00-04:00,19.437671594115002,19.806014846543874,19.32897959303011,19.697322845458984,7548244,0.0,0.0
2010-11-02 00:00:00-04:00,19.890550597347342,20.313239812172682,19.745628450228825,19.932819366455078,5956940,0.0,0.0
2010-11-03 00:00:00-04:00,20.053588850570197,20.289087152296673,19.642975333074187,20.095857620239258,5999408,0.0,0.0
2010-11-04 00:00:00-04:00,20.319276822413702,20.47627618367646,20.095855767970907,20.277008056640625,4206479,0.0,0.0
2010-11-05 00:00:00-04:00,20.421926965278264,21.007652504504875,20.367580982515463,20.989538192749023,7685572,0.0,0.0
2010-11-08 00:00:00-05:00,20.850656364760393,21.116346164310034,20.796310377637113,21.007654190063477,4693607,0.0,0.0
2010-11-09 00:00:00-05:00,21.02577230920351,21.17673306232095,20.741966641891974,20.874813079833984,7225565,0.0,0.0
2010-11-10 00:00:00-05:00,20.77216109268715,20.826505565587226,19.938858350329838,20.240779876708984,7913921,0.0,0.0
2010-11-11 00:00:00-05:00,19.86639984800796,20.089820944593207,19.504093678581217,19.920745849609375,6286367,0.0,0.0
2010-11-12 00:00:00-05:00,19.793932038585655,19.969047218464357,19.401434441570103,19.67316436767578,5036661,0.0,0.0
2010-11-15 00:00:00-05:00,19.896590848858178,19.920745303907417,19.280672053827953,19.322940826416016,4406384,0.0,0.0
2010-11-16 00:00:00-05:00,19.196134397668246,19.588630576216186,19.021020694566115,19.08744239807129,5435678,0.0,0.0
2010-11-17 00:00:00-05:00,19.08743658753452,19.322934832472896,18.80966958311978,18.94855308532715,3933147,0.0,0.0
2010-11-18 00:00:00-05:00,19.371244502552074,19.7093961422378,19.286706973567593,19.510128021240234,6765954,0.0,0.0
2010-11-19 00:00:00-05:00,19.703356488426376,20.675541067869307,19.703356488426376,20.518543243408203,8662872,0.0,0.0
2010-11-22 00:00:00-05:00,20.440042506594942,20.512502800070703,20.047544932983044,20.355504989624023,4792435,0.0,0.0
2010-11-23 00:00:00-05:00,20.083778324300212,20.2709692237259,19.81204989424638,19.902626037597656,3602264,0.0,0.0
2010-11-24 00:00:00-05:00,20.089817157242546,20.47627618577644,19.99320240010907,20.45212173461914,4395403,0.0,0.0
2010-11-26 00:00:00-05:00,20.28908736613174,20.633276140457056,20.2166255289725,20.38570213317871,2283630,0.0,0.0
2010-11-29 00:00:00-05:00,20.246810801341194,20.434001649960923,20.059618428974034,20.361539840698242,4743881,0.0,0.0
2010-11-30 00:00:00-05:00,20.126047268109424,20.500430594028998,20.005279583819263,20.228700637817383,7290259,0.0,0.0
2010-12-01 00:00:00-05:00,20.530618710427657,20.94726920880665,20.47023411647853,20.62119483947754,4338911,0.0,0.0
2010-12-02 00:00:00-05:00,20.554775395921133,21.055965027061216,20.554775395921133,20.923118591308594,5608859,0.0,0.0
2010-12-03 00:00:00-05:00,20.7902756785098,21.12842736578739,20.772161361891023,20.935197830200195,3257358,0.0,0.0
2010-12-06 00:00:00-05:00,20.93519783005168,20.977466600492576,20.735929681010298,20.802352905273438,2377431,0.0,0.0
2010-12-07 00:00:00-05:00,21.134458593677863,21.41826418442546,21.086151226662366,21.18276596069336,5738645,0.0,0.0
2010-12-08 00:00:00-05:00,21.194850887382092,21.22504243133562,20.75404581267149,21.146543502807617,4325152,0.0,0.0
2010-12-09 00:00:00-05:00,21.2673034720336,21.273342083378974,20.977459269940628,21.18276596069336,2587391,0.0,0.0
2010-12-10 00:00:00-05:00,21.1767331669612,21.641691130811985,21.13446439967912,21.545076370239258,3327345,0.0,0.0
2010-12-13 00:00:00-05:00,21.65980491198216,21.689996450387248,21.430345258359285,21.442420959472656,2653012,0.0,0.0
2010-12-14 00:00:00-05:00,21.42430649821747,21.436382199247582,20.81442645565559,20.90500259399414,3450781,0.0,0.0
2010-12-15 00:00:00-05:00,20.808387197727086,20.862731660046077,19.92677876749973,20.053585052490234,7820782,0.0,0.0
2010-12-16 00:00:00-05:00,20.04150768394945,20.15623826745933,19.769779279317895,19.950931549072266,3771212,0.0,0.0
2010-12-17 00:00:00-05:00,19.854320614606014,19.969051220147286,19.564476317841955,19.908666610717773,5837208,0.0,0.0
2010-12-20 00:00:00-05:00,19.90262216061879,20.059619965846053,19.5644705802294,19.981121063232422,4509181,0.0,0.0
2010-12-21 00:00:00-05:00,20.120008655332736,20.307199556418592,20.077739889643787,20.228700637817383,3201263,0.0,0.0
2010-12-22 00:00:00-05:00,20.2709694585699,20.530622189933457,20.144163161158602,20.409852981567383,3607027,0.0,0.0
2010-12-23 00:00:00-05:00,20.33739093488492,20.560811970367503,20.26492911131765,20.427967071533203,1785124,0.0,0.0
2010-12-27 00:00:00-05:00,20.325313603816618,20.55477325037296,20.234737467643004,20.415889739990234,1600962,0.0,0.0
2010-12-28 00:00:00-05:00,20.41589371174384,20.578931702822764,20.31927894452997,20.434009552001953,1511528,0.0,0.0
2010-12-29 00:00:00-05:00,20.44607926842862,20.53061830779853,20.20454242111654,20.319272994995117,1608503,0.0,0.0
2010-12-30 00:00:00-05:00,20.325311606646366,20.367580364457535,20.174350886607872,20.319272994995117,1458740,0.0,0.0
2010-12-31 00:00:00-05:00,20.313234583995758,20.51250267546502,20.005276052973112,20.470233917236328,2643354,0.0,0.0
2011-01-03 00:00:00-05:00,20.578926026930528,21.013692359479663,20.578926026930528,20.615156173706055,4053540,0.0,0.0
2011-01-04 00:00:00-05:00,20.693662528640235,20.748008530241652,19.20217364843178,19.920745849609375,16758441,0.0,0.0
2011-01-05 00:00:00-05:00,19.866390008692957,19.920735983378204,19.401430680273577,19.79996681213379,7692319,0.0,0.0
2011-01-06 00:00:00-05:00,19.78789721933656,19.932819366455078,19.54032321795525,19.932819366455078,4463405,0.0,0.0
2011-01-07 00:00:00-05:00,19.926784287471694,20.083782153212894,19.679208737363005,19.94489860534668,5992793,0.0,0.0
2011-01-10 00:00:00-05:00,19.787893287630595,20.07773752427775,19.68523993001627,19.830162048339844,5702792,0.0,0.0
2011-01-11 00:00:00-05:00,19.975084197782564,20.06566185515513,19.64297119990876,19.661087036132812,4999485,0.0,0.0
2011-01-12 00:00:00-05:00,19.745626625393918,20.041509505551396,19.53428279938704,19.896587371826172,4972363,0.0,0.0
2011-01-13 00:00:00-05:00,19.932817614544458,20.077739748925655,19.636936256795547,19.775819778442383,4577448,0.0,0.0
2011-01-14 00:00:00-05:00,19.836197440701092,20.222656360169385,19.667122425307433,20.19246482849121,4241141,0.0,0.0
2011-01-18 00:00:00-05:00,20.17435279870653,20.603080552851278,20.06566234992524,20.494388580322266,6865312,0.0,0.0
2011-01-19 00:00:00-05:00,20.349470145433614,20.603084286039167,19.612783700635966,19.908666610717773,13160939,0.0,0.0
2011-01-20 00:00:00-05:00,19.80601267385221,19.812051286999846,18.94855703435112,19.18405532836914,9911519,0.0,0.0
2011-01-21 00:00:00-05:00,19.328975314186053,19.37728269022466,18.930439080930597,19.027053833007812,8091468,0.0,0.0
2011-01-24 00:00:00-05:00,19.008940286128425,19.600704523661424,18.99082444797776,19.594667434692383,6182114,0.0,0.0
2011-01-25 00:00:00-05:00,19.558433432361046,19.558433432361046,19.190090290419686,19.504087448120117,5857847,0.0,0.0
2011-01-26 00:00:00-05:00,20.04150792690668,20.578927654274306,19.47389666212989,20.367582321166992,9171565,0.0,0.0
2011-01-27 00:00:00-05:00,20.476269172921924,21.10426487920919,20.373615838156553,20.983495712280273,7830440,0.0,0.0
2011-01-28 00:00:00-05:00,20.965385096284354,21.20692196648898,20.017353452136593,20.494388580322266,8459659,0.0,0.0
2011-01-31 00:00:00-05:00,20.51854345709612,20.645349745192483,20.12604584436026,20.54269790649414,5692604,0.0,0.0
2011-02-01 00:00:00-05:00,20.711774628074895,21.043887667854474,20.50043079753219,20.820465087890625,5037852,0.0,0.0
2011-02-02 00:00:00-05:00,20.69969106709615,22.094566016756925,20.65138370293583,21.973796844482422,10707436,0.0,0.0
2011-02-03 00:00:00-05:00,21.87718562698742,22.08249233855301,21.48468803972884,21.726224899291992,4383496,0.0,0.0
2011-02-04 00:00:00-05:00,21.702078121599193,21.961730890572937,21.587347509407707,21.865116119384766,3265429,0.0,0.0
2011-02-07 00:00:00-05:00,21.883226542834475,22.215339569230565,21.865112228802428,21.94361114501953,3950875,0.0,0.0
2011-02-08 00:00:00-05:00,21.967761885850123,22.03418509401935,21.581302908314974,21.955684661865234,3420617,0.0,0.0
2011-02-09 00:00:00-05:00,21.895299384980866,22.022105652812147,21.351841121601428,21.581300735473633,4280963,0.0,0.0
2011-02-10 00:00:00-05:00,21.496765068093968,21.551111051469764,20.96538398188886,21.231075286865234,6980545,0.0,0.0
2011-02-11 00:00:00-05:00,21.17069014777158,21.24315196499385,20.51854141150917,20.784231185913086,8020291,0.0,0.0
2011-02-14 00:00:00-05:00,20.754041686866255,21.2552297498501,20.748003074526384,20.929155349731445,4842312,0.0,0.0
2011-02-15 00:00:00-05:00,20.868766498564376,20.965379698022097,20.35550135294281,20.627229690551758,4590281,0.0,0.0
2011-02-16 00:00:00-05:00,20.741968027703443,20.772161094592935,20.30116448859699,20.373624801635742,4624017,0.0,0.0
2011-02-17 00:00:00-05:00,20.355504664902615,20.41588773391995,20.24681270267528,20.319272994995117,4003663,0.0,0.0
2011-02-18 00:00:00-05:00,20.27096763531447,20.277006247564422,19.67316483128966,20.071701049804688,6329100,0.0,0.0
2011-02-22 00:00:00-05:00,19.860360829882772,19.926784057987806,19.292749417205982,19.383325576782227,9076574,0.0,0.0
2011-02-23 00:00:00-05:00,19.377288437613938,19.377288437613938,18.411140630278094,18.568140029907227,10941607,0.0,0.0
2011-02-24 00:00:00-05:00,18.61040888088322,18.78552260026177,18.344718994671055,18.531909942626953,7251098,0.0,0.0
2011-02-25 00:00:00-05:00,18.725134086813522,19.021016958856286,18.610403496022148,18.833826065063477,5660323,0.0,0.0
2011-02-28 00:00:00-05:00,17.807295599213983,18.809673376249226,17.59595175921291,18.465484619140625,8308837,0.0,0.0
2011-03-01 00:00:00-05:00,18.50171212976869,18.56209520471165,17.752947067748266,17.777101516723633,8525412,0.0,0.0
2011-03-02 00:00:00-05:00,17.777097865427418,18.25413289723383,17.765020643420314,17.96428871154785,5885233,0.0,0.0
2011-03-03 00:00:00-05:00,18.127332926594878,18.700982934208348,18.127332926594878,18.332639694213867,5882720,0.0,0.0
2011-03-04 00:00:00-05:00,18.26620887084067,18.34470929132275,17.970327593438405,18.121288299560547,5131785,0.0,0.0
2011-03-07 00:00:00-05:00,20.440048339132836,21.605462645275036,19.96301311242872,20.94123649597168,34849011,0.0,0.0
2011-03-08 00:00:00-05:00,21.062002402047924,21.997956867694544,20.959349036703237,21.91341781616211,14891820,0.0,0.0
2011-03-09 00:00:00-05:00,21.774533922737366,21.9858792622904,21.152576652657125,21.436382293701172,8801522,0.0,0.0
2011-03-10 00:00:00-05:00,21.104276466617407,21.12842939901607,20.63931689952426,20.72385597229004,6304227,0.0,0.0
2011-03-11 00:00:00-05:00,20.307196364722575,20.90500065068296,20.307196364722575,20.77215576171875,4296575,0.0,0.0
2011-03-14 00:00:00-04:00,20.603086629485787,20.85066218493345,19.969053491477393,20.397781372070312,6157507,0.0,0.0
2011-03-15 00:00:00-04:00,19.72751277102127,20.48231499703496,19.46786003730363,20.34343147277832,5277050,0.0,0.0
2011-03-16 00:00:00-04:00,20.252852812562907,20.892924362479523,19.745624633810756,19.842239379882812,6158565,0.0,0.0
2011-03-17 00:00:00-04:00,20.216619590556213,20.9533073538322,19.848276470792005,20.313234329223633,5626587,0.0,0.0
2011-03-18 00:00:00-04:00,20.60912120261273,20.760081951883947,20.17435479326086,20.46419906616211,6504000,0.0,0.0
2011-03-21 00:00:00-04:00,20.729888799517095,21.0740775135429,20.591003762939266,20.760080337524414,4719935,0.0,0.0
2011-03-22 00:00:00-04:00,20.80838949189573,20.90500425027792,20.518545216749168,20.657428741455078,2453636,0.0,0.0
2011-03-23 00:00:00-04:00,20.61515642544416,20.911039262510556,20.476272924652353,20.77215576171875,3593533,0.0,0.0
2011-03-24 00:00:00-04:00,20.892925904962798,21.88322636343947,20.790272539214083,21.79265022277832,7186404,0.0,0.0
2011-03-25 00:00:00-04:00,21.738299107883897,22.71048502324196,21.49676228182436,22.577638626098633,10993204,0.0,0.0
2011-03-28 00:00:00-04:00,23.01844952761428,23.048641067340746,22.36630068903899,22.37837791442871,6124696,0.0,0.0
2011-03-29 00:00:00-04:00,22.33610719206201,22.39045165405803,21.967762516187346,22.372337341308594,4719670,0.0,0.0
2011-03-30 00:00:00-04:00,22.565572590876734,22.92183860953644,22.396495978357546,22.770877838134766,4634337,0.0,0.0
2011-03-31 00:00:00-04:00,22.6440697189594,22.825222020721416,22.499147572800194,22.517263412475586,4581152,0.0,0.0
2011-04-01 00:00:00-04:00,22.638025935858014,23.441135407677614,22.233452655898983,23.054677963256836,5821729,0.0,0.0
2011-04-04 00:00:00-04:00,23.0727936902767,23.181485662677872,22.42668199183387,22.523298263549805,4100242,0.0,0.0
2011-04-05 00:00:00-04:00,22.432726048500033,22.650110046061734,22.251575256778764,22.360265731811523,4611052,0.0,0.0
2011-04-06 00:00:00-04:00,22.523298326456455,22.825218271889586,22.426682054470675,22.746719360351562,4439723,0.0,0.0
2011-04-07 00:00:00-04:00,22.650108326884947,22.945991232359262,22.499147567535932,22.82522201538086,3785235,0.0,0.0
2011-04-08 00:00:00-04:00,23.62228755813612,24.365012431786003,23.356597780630626,23.429058074951172,8658374,0.0,0.0
2011-04-11 00:00:00-04:00,23.398874230868316,23.652488391848976,23.018453751271387,23.39283561706543,4156734,0.0,0.0
2011-04-12 00:00:00-04:00,23.26602534139126,23.416984565795993,22.94598953050639,23.02448844909668,4536302,0.0,0.0
2011-04-13 00:00:00-04:00,23.12110101994066,23.350560664988397,22.686334654917086,22.734642028808594,5571947,0.0,0.0
2011-04-14 00:00:00-04:00,22.571604516539466,23.537752013460935,22.402529466452084,23.175447463989258,6630479,0.0,0.0
2011-04-15 00:00:00-04:00,23.145260069887655,23.398874230868316,22.807109886910936,23.39283561706543,4345129,0.0,0.0
2011-04-18 00:00:00-04:00,23.21771813848688,23.54983117743463,22.680298358599405,23.350563049316406,5992661,0.0,0.0
2011-04-19 00:00:00-04:00,23.465288619245552,23.960438003323194,22.722562257507764,23.857786178588867,9745086,0.0,0.0
2011-04-20 00:00:00-04:00,24.268404130934965,24.745439323730913,24.177826459061013,24.546171188354492,7828588,0.0,0.0
2011-04-21 00:00:00-04:00,24.159706633306236,25.282851832898793,24.08724634083143,24.90243148803711,10171621,0.0,0.0
2011-04-25 00:00:00-04:00,24.88432455612646,24.88432455612646,24.304635949433646,24.431442260742188,4793758,0.0,0.0
2011-04-26 00:00:00-04:00,24.467672383372292,24.908477451227927,24.04498467960392,24.64882469177246,5820671,0.0,0.0
2011-04-27 00:00:00-04:00,24.39520816624245,24.419361092415556,23.628328761218732,24.069133758544922,4533127,0.0,0.0
2011-04-28 00:00:00-04:00,23.96648049947707,24.38916966122503,23.737020842956497,24.298593521118164,4871021,0.0,0.0
2011-04-29 00:00:00-04:00,24.177823890269877,24.29859309077198,23.507560770099506,24.032901763916016,4865068,0.0,0.0
2011-05-02 00:00:00-04:00,24.208013181688525,24.27443638399354,23.761169647426428,23.827592849731445,3303002,0.0,0.0
2011-05-03 00:00:00-04:00,23.71286739805687,23.85174938768532,23.24790795893015,23.28413963317871,3893192,0.0,0.0
2011-05-04 00:00:00-04:00,23.332449053478435,23.386795049415973,22.583685384445708,22.94599151611328,5932332,0.0,0.0
2011-05-05 00:00:00-04:00,22.79502673447059,23.078832366951413,22.613872938713442,22.746719360351562,3618802,0.0,0.0
2011-05-06 00:00:00-04:00,22.952026357844275,23.441137193413493,22.945987745538172,22.994295120239258,4000620,0.0,0.0
2011-05-09 00:00:00-04:00,22.97617917641828,23.21167743652189,22.825218440711307,22.98221778869629,3752160,0.0,0.0
2011-05-10 00:00:00-04:00,23.145254495041147,23.531713495357103,23.102985732350056,23.489444732666016,4242596,0.0,0.0
2011-05-11 00:00:00-04:00,23.404908973356733,23.658521568640204,23.042602871347977,23.211679458618164,2670343,0.0,0.0
2011-05-12 00:00:00-04:00,23.374714042415906,23.46529170349463,23.096948541848967,23.217716217041016,3108918,0.0,0.0
2011-05-13 00:00:00-04:00,23.151298317096693,23.151298317096693,22.6199185958343,22.638032913208008,3672383,0.0,0.0
2011-05-16 00:00:00-04:00,22.487069770951024,22.692376520360174,21.943612879570946,21.96776580810547,5116570,0.0,0.0
2011-05-17 00:00:00-04:00,21.822841781861754,21.973802524352067,21.4544986063339,21.925495147705078,4707234,0.0,0.0
2011-05-18 00:00:00-04:00,21.88926352466998,22.426681720460913,21.750380016614688,22.23345375061035,3396935,0.0,0.0
2011-05-19 00:00:00-04:00,22.28175744182796,22.348180645223337,21.532995512288817,21.94964599609375,3739724,0.0,0.0
2011-05-20 00:00:00-04:00,21.907382610434713,22.197225370074307,21.80472923626648,21.822843551635742,2438686,0.0,0.0
2011-05-23 00:00:00-04:00,21.587341462943638,21.75641802703981,21.38807488646079,21.64772605895996,3437419,0.0,0.0
2011-05-24 00:00:00-04:00,21.696037450509518,22.112688040342256,21.55111530747014,21.714153289794922,2768907,0.0,0.0
2011-05-25 00:00:00-04:00,21.587335863355126,21.91341015926586,21.442413784756216,21.617528915405273,3759040,0.0,0.0
2011-05-26 00:00:00-04:00,21.647722353319754,21.73829846996566,21.394108312462773,21.53299331665039,4022714,0.0,0.0
2011-05-27 00:00:00-04:00,21.659803351063577,21.77453240773315,21.46053525020609,21.56922721862793,2813492,0.0,0.0
2011-05-31 00:00:00-04:00,21.605454031226415,22.130796432495117,21.599415420163307,22.130796432495117,3594194,0.0,0.0
2011-06-01 00:00:00-04:00,22.010032450633357,22.215339180218745,21.188808579787384,21.291461944580078,4843238,0.0,0.0
2011-06-02 00:00:00-04:00,21.357885097531394,21.382039549136234,20.97746467473832,21.152578353881836,3485444,0.0,0.0
2011-06-03 00:00:00-04:00,20.79631051702298,21.36996040620014,20.79631051702298,21.110307693481445,4325813,0.0,0.0
2011-06-06 00:00:00-04:00,20.965391391269407,21.08012201047056,20.675547059996347,20.72385597229004,4510901,0.0,0.0
2011-06-07 00:00:00-04:00,20.874804888513864,20.923110725858297,20.61515225124048,20.645343780517578,3002284,0.0,0.0
2011-06-08 00:00:00-04:00,20.5185428937534,20.597041804646256,20.228698651421393,20.34946632385254,4378733,0.0,0.0
2011-06-09 00:00:00-04:00,20.355508698473997,20.54269960176546,20.12000889239983,20.34343147277832,3375370,0.0,0.0
2011-06-10 00:00:00-04:00,20.228700772129145,20.711774559992953,20.19850923179311,20.506467819213867,5599068,0.0,0.0
2011-06-13 00:00:00-04:00,20.53061836739686,20.699693399132332,20.25285137311853,20.283042907714844,3039328,0.0,0.0
2011-06-14 00:00:00-04:00,20.65139413727937,21.4786568332294,20.639316909200286,21.351850509643555,6162402,0.0,0.0
2011-06-15 00:00:00-04:00,21.037841502299546,21.587336788186175,20.60307524787683,20.627229690551758,5382758,0.0,0.0
2011-06-16 00:00:00-04:00,20.67554479116695,21.007657860504402,20.530624165181454,20.681583404541016,4645979,0.0,0.0
2011-06-17 00:00:00-04:00,20.874818538301565,20.880855629106712,20.059629953557618,20.21059226989746,4066770,0.0,0.0
2011-06-20 00:00:00-04:00,20.210586323235184,20.482314755698937,20.101894340750537,20.228700637817383,3088411,0.0,0.0
2011-06-21 00:00:00-04:00,20.560812220505667,21.249191172156834,20.45212024570631,21.019731521606445,2905440,0.0,0.0
2011-06-22 00:00:00-04:00,20.874813079833984,21.309577976515044,20.832544312760767,20.874813079833984,3411752,0.0,0.0
2011-06-23 00:00:00-04:00,20.627232845699936,22.39648813986566,20.627232845699936,22.348180770874023,9037148,0.0,0.0
2011-06-24 00:00:00-04:00,22.34818403881106,22.34818403881106,21.164654087324216,21.243154525756836,8985551,0.0,0.0
2011-06-27 00:00:00-04:00,21.255229882537083,21.315614482564975,20.923116868005323,21.074077606201172,4671645,0.0,0.0
2011-06-28 00:00:00-04:00,21.21899845638007,21.514881302606376,21.170691084011445,21.4907283782959,3502643,0.0,0.0
2011-06-29 00:00:00-04:00,21.563190480929038,21.726226923985447,21.38807681283207,21.696035385131836,3574614,0.0,0.0
2011-06-30 00:00:00-04:00,21.768497671766934,22.311956086894945,21.768497671766934,21.96776580810547,4169699,0.0,0.0
2011-07-01 00:00:00-04:00,21.877189876507337,22.191188616805736,21.78057511391521,22.124765396118164,2828309,0.0,0.0
2011-07-05 00:00:00-04:00,22.040225936961185,22.257608371954696,21.937572570194202,22.209300994873047,3057188,0.0,0.0
2011-07-06 00:00:00-04:00,22.221372760002968,22.7829453091861,22.1851426170309,22.577638626098633,4634072,0.0,0.0
2011-07-07 00:00:00-04:00,23.24791150572252,23.561908730880393,22.90372121408447,23.253950119018555,5158642,0.0,0.0
2011-07-08 00:00:00-04:00,23.14525248558079,23.362636416259217,23.006368984868516,23.25998306274414,4565276,0.0,0.0
2011-07-11 00:00:00-04:00,22.90371857239214,23.00637193908881,22.37233894860577,22.468952178955078,4360343,0.0,0.0
2011-07-12 00:00:00-04:00,22.553491373389324,22.650106128093842,22.239492658725723,22.354223251342773,2936002,0.0,0.0
2011-07-13 00:00:00-04:00,22.53537576640519,22.861450185937386,22.4508382361094,22.51122283935547,2211924,0.0,0.0
2011-07-14 00:00:00-04:00,22.60783757809425,22.819181403675206,22.21533994291097,22.37837791442871,3102170,0.0,0.0
2011-07-15 00:00:00-04:00,22.535375713261896,22.656144919469227,22.378377878439345,22.505184173583984,3232486,0.0,0.0
2011-07-18 00:00:00-04:00,22.48707013871732,22.577646288762,21.99795923322564,22.185150146484375,2665713,0.0,0.0
2011-07-19 00:00:00-04:00,22.372341276563922,22.93995263501048,22.366302663336025,22.7829532623291,3359097,0.0,0.0
2011-07-20 00:00:00-04:00,22.933910520925966,23.175447394431394,22.589720285712264,22.994295120239258,4957413,0.0,0.0
2011-07-21 00:00:00-04:00,21.73830566901995,21.7564215078475,20.953311890207303,21.212963104248047,14642303,0.0,0.0
2011-07-22 00:00:00-04:00,21.442422098353465,23.109025886538376,21.376000405584833,22.970142364501953,13546065,0.0,0.0
2011-07-25 00:00:00-04:00,22.88560414132708,22.88560414132708,22.233455316379835,22.281761169433594,5852952,0.0,0.0
2011-07-26 00:00:00-04:00,22.348184289998102,22.462914880824968,21.943610963328034,22.010032653808594,6320765,0.0,0.0
2011-07-27 00:00:00-04:00,21.883225953174463,21.943610553732412,21.309576057243387,21.442420959472656,5003321,0.0,0.0
2011-07-28 00:00:00-04:00,21.526963717094375,21.762462023704988,21.27334957007216,21.339771270751953,3243467,0.0,0.0
2011-07-29 00:00:00-04:00,21.140500770117665,21.38807625829118,20.748003156458267,20.808387756347656,6021767,0.0,0.0
2011-08-01 00:00:00-04:00,21.134463799681342,21.357884855757483,20.62723708294841,20.862733840942383,4420011,0.0,0.0
2011-08-02 00:00:00-04:00,20.615163260218797,20.7842383524563,19.79393768310547,19.79393768310547,6599653,0.0,0.0
2011-08-03 00:00:00-04:00,19.806013027358954,20.03547271232484,19.22028582655942,20.017356872558594,7504850,0.0,0.0
2011-08-04 00:00:00-04:00,19.71543428773686,19.71543428773686,18.682865079074404,18.71909523010254,5818422,0.0,0.0
2011-08-05 00:00:00-04:00,19.081403129349024,19.14178621223217,17.922025996022494,18.441329956054688,9078558,0.0,0.0
2011-08-08 00:00:00-04:00,17.626150112176607,18.079031032717467,16.93777080820479,17.577842712402344,13287947,0.0,0.0
2011-08-09 00:00:00-04:00,17.704639476536833,18.36886390183558,17.31214190926012,18.30847930908203,11976325,0.0,0.0
2011-08-10 00:00:00-04:00,17.837494033846163,18.187723063146688,17.396690344186,17.577842712402344,9935730,0.0,0.0
2011-08-11 00:00:00-04:00,17.728794598446736,18.70097919600431,17.722755986047602,18.393020629882812,7314735,0.0,0.0
2011-08-12 00:00:00-04:00,18.56814397708742,18.91233439708668,18.42926039072782,18.537952423095703,5695647,0.0,0.0
2011-08-15 00:00:00-04:00,18.67078992850931,19.00290298461914,18.604368231536117,19.00290298461914,4097596,0.0,0.0
2011-08-16 00:00:00-04:00,18.845899539959284,19.05724485894961,18.54397961479148,18.75532341003418,5044864,0.0,0.0
2011-08-17 00:00:00-04:00,18.93044267435958,18.936482811727217,17.84956588266309,18.115257263183594,5457904,0.0,0.0
2011-08-18 00:00:00-04:00,17.197415962055658,17.348376722678996,16.152769387989647,16.80491828918457,7469129,0.0,0.0
2011-08-19 00:00:00-04:00,16.54526095195973,16.786797775026375,15.84480492694016,15.947458267211914,8515754,0.0,0.0
2011-08-22 00:00:00-04:00,16.345998500795872,16.49695925756815,15.941425135444193,16.00784683227539,6213602,0.0,0.0
2011-08-23 00:00:00-04:00,16.086342643466455,16.659992493980553,16.00180512362699,16.647916793823242,5491112,0.0,0.0
2011-08-24 00:00:00-04:00,16.605642687017053,16.877370994898513,16.32787576912749,16.85321807861328,4263103,0.0,0.0
2011-08-25 00:00:00-04:00,16.877384370551653,17.10080549918105,16.593578617732454,16.67207908630371,5280358,0.0,0.0
2011-08-26 00:00:00-04:00,16.569420145839867,17.137029938070143,16.352036180892068,17.082685470581055,3620919,0.0,0.0
2011-08-29 00:00:00-04:00,17.32422848265034,17.577842712402344,17.197422129648608,17.577842712402344,2438157,0.0,0.0
2011-08-30 00:00:00-04:00,17.457064116786288,18.012598106781493,17.281948949180993,17.891830444335938,4703662,0.0,0.0
2011-08-31 00:00:00-04:00,17.96428843597689,18.133364970240464,17.58990674947901,17.807289123535156,5084421,0.0,0.0
2011-09-01 00:00:00-04:00,17.777097475408052,18.066941654735015,17.30610106493858,17.33025550842285,4135566,0.0,0.0
2011-09-02 00:00:00-04:00,16.955879309966402,17.076648529817266,16.424499618616252,16.569421768188477,3976938,0.0,0.0
2011-09-06 00:00:00-04:00,16.001808872886247,16.593574697909844,15.868965473796722,16.569421768188477,4866523,0.0,0.0
2011-09-07 00:00:00-04:00,16.780762025117525,17.312143126465145,16.738493264342424,17.20345115661621,5804133,0.0,0.0
2011-09-08 00:00:00-04:00,17.16118411048584,17.487258528864402,16.883417069783658,17.09476089477539,4750099,0.0,0.0
2011-09-09 00:00:00-04:00,16.919651384243718,17.57783899558934,16.71434612142606,17.18534278869629,8661152,0.0,0.0
2011-09-12 00:00:00-04:00,16.919647450200593,17.64425812511479,16.895494522910717,17.4268741607666,5027797,0.0,0.0
2011-09-13 00:00:00-04:00,17.444990277256732,17.789180543798587,17.294029527106943,17.58991241455078,4032239,0.0,0.0
2011-09-14 00:00:00-04:00,17.722753727524303,18.11525129346746,17.451025346677923,17.873714447021484,6182644,0.0,0.0
2011-09-15 00:00:00-04:00,18.091097035241102,18.242057756309478,17.861637409666105,18.15148162841797,3322185,0.0,0.0
2011-09-16 00:00:00-04:00,18.236021114524384,18.38094323955522,17.89786948945243,18.157522201538086,3572100,0.0,0.0
2011-09-19 00:00:00-04:00,17.879752803442535,17.879752803442535,17.366487583476324,17.67444610595703,4237040,0.0,0.0
2011-09-20 00:00:00-04:00,17.771068201633135,17.825414204279294,17.082689056860875,17.10080337524414,4008425,0.0,0.0
2011-09-21 00:00:00-04:00,17.245719616895872,17.414796180797907,16.690185600677022,16.696224212646484,5768280,0.0,0.0
2011-09-22 00:00:00-04:00,16.110499011273863,16.213152379204676,15.343619581876677,15.675732612609863,7171851,0.0,0.0
2011-09-23 00:00:00-04:00,15.536851189050424,16.06219380119452,15.428159193779772,15.96557903289795,4215475,0.0,0.0
2011-09-26 00:00:00-04:00,16.05011435156906,16.81095516560481,15.917269444494911,16.780763626098633,5990147,0.0,0.0
2011-09-27 00:00:00-04:00,17.100799490058453,17.487258511076334,16.859264125670116,16.961915969848633,4131332,0.0,0.0
2011-09-28 00:00:00-04:00,17.05853034403069,17.100799108041794,16.279575230472048,16.30976676940918,5988030,0.0,0.0
2011-09-29 00:00:00-04:00,16.659995778913597,16.684150231486182,15.778387211225324,16.146730422973633,5295043,0.0,0.0
2011-09-30 00:00:00-04:00,15.814616006985693,15.9836925892169,15.482504502643017,15.530810356140137,4689638,0.0,0.0
2011-10-03 00:00:00-04:00,15.434193946483814,15.506654235552983,14.842428316179731,14.85450553894043,6818874,0.0,0.0
2011-10-04 00:00:00-04:00,14.600891866980907,15.33757961871092,14.492201430494223,15.325502395629883,5159700,0.0,0.0
2011-10-05 00:00:00-04:00,15.373815965568934,16.412424047037142,15.331547191482825,16.273540496826172,6358735,0.0,0.0
2011-10-06 00:00:00-04:00,16.243345618528057,16.86530298011912,16.213154075755906,16.59357452392578,5309596,0.0,0.0
2011-10-07 00:00:00-04:00,16.70226484015974,16.74453513290327,16.092386234474766,16.267499923706055,6308196,0.0,0.0
2011-10-10 00:00:00-04:00,16.60564805308275,16.998144116718628,16.60564805308275,16.865299224853516,6206987,0.0,0.0
2011-10-11 00:00:00-04:00,16.756612935282053,17.80125801707039,16.726419867999017,17.438953399658203,9635541,0.0,0.0
2011-10-12 00:00:00-04:00,17.595948281559956,17.668408577025613,16.521108883420727,16.635839462280273,10846219,0.0,0.0
2011-10-13 00:00:00-04:00,16.35203261696047,17.463100555654716,16.3459940055005,17.306102752685547,6735658,0.0,0.0
2011-10-14 00:00:00-04:00,17.656331341102646,17.66236995249079,16.8411447074113,17.112873077392578,5330632,0.0,0.0
2011-10-17 00:00:00-04:00,16.1527720600784,16.352040236115432,15.760275846026216,15.850852012634277,8727831,0.0,0.0
2011-10-18 00:00:00-04:00,15.790464714508838,16.496959608431048,14.96923921635014,16.267499923706055,12101216,0.0,0.0
2011-10-19 00:00:00-04:00,16.074268424307892,16.16484456444505,14.44993499060012,14.757893562316895,18955150,0.0,0.0
2011-10-20 00:00:00-04:00,13.670978726614289,15.923308113428675,13.670978726614289,15.675732612609863,19429843,0.0,0.0
2011-10-21 00:00:00-04:00,15.283236889528235,16.152769795560395,15.216815189326628,15.68177318572998,12102407,0.0,0.0
2011-10-24 00:00:00-04:00,15.70592908659736,16.521114546897937,15.693851858630433,16.454692840576172,8636941,0.0,0.0
2011-10-25 00:00:00-04:00,16.243348021850053,16.400347419740033,15.862927517394185,15.91727352142334,4990356,0.0,0.0
2011-10-26 00:00:00-04:00,16.267491192793667,17.094753336454247,16.031993021213637,16.85321807861328,9789803,0.0,0.0
2011-10-27 00:00:00-04:00,17.36649471959122,17.48726242884163,16.164848622371007,16.55734634399414,12355100,0.0,0.0
2011-10-28 00:00:00-04:00,16.557344189857716,16.71434356283074,16.27957712334635,16.484882354736328,7654084,0.0,0.0
2011-10-31 00:00:00-04:00,16.26749756522322,16.714341167139075,16.08634376525879,16.08634376525879,5856392,0.0,0.0
2011-11-01 00:00:00-04:00,15.512693568471102,16.219188276620287,15.446270363945247,16.00180435180664,8806285,0.0,0.0
2011-11-02 00:00:00-04:00,16.303728218792862,16.666032782405654,15.95350088029991,16.49091911315918,8888443,0.0,0.0
2011-11-03 00:00:00-04:00,16.629801405967488,17.263835869339463,16.533186659620288,17.173259735107422,7523107,0.0,0.0
2011-11-04 00:00:00-04:00,16.931730194592067,17.143074091320194,16.714347683136225,16.877384185791016,6702583,0.0,0.0
2011-11-07 00:00:00-05:00,16.82302873546613,16.949835002336016,16.466762856463724,16.714338302612305,7611219,0.0,0.0
2011-11-08 00:00:00-05:00,16.84114822885882,16.955877297980564,16.460727821840944,16.780763626098633,7737566,0.0,0.0
2011-11-09 00:00:00-05:00,16.37014903214219,16.49091669438381,15.645538487449736,15.705923080444336,6130253,0.0,0.0
2011-11-10 00:00:00-05:00,15.923308950016358,15.953502014963387,15.108123623909012,15.573080062866211,7208233,0.0,0.0
2011-11-11 00:00:00-05:00,15.754234415361003,16.18899932785728,15.687811193973756,16.074270248413086,3616421,0.0,0.0
2011-11-14 00:00:00-05:00,15.971617891762197,16.146731590584544,15.778388352200407,15.905196189880371,2416460,0.0,0.0
2011-11-15 00:00:00-05:00,15.416086036721245,15.55496959861749,15.108127364255063,15.126241683959961,9748261,0.0,0.0
2011-11-16 00:00:00-05:00,15.554966179615517,16.64188150169077,15.3677752667372,16.195037841796875,13946801,0.0,0.0
2011-11-17 00:00:00-05:00,16.16484613842977,16.18296197772027,15.090008053395895,15.253046035766602,9257428,0.0,0.0
2011-11-18 00:00:00-05:00,15.43419298470014,16.09238025167802,15.43419298470014,15.724037170410156,7456957,0.0,0.0
2011-11-21 00:00:00-05:00,15.687813095565577,16.019926195262833,15.19266351485681,15.766313552856445,6863856,0.0,0.0
2011-11-22 00:00:00-05:00,15.663659986017544,15.730081690955027,15.355699821768049,15.567045211791992,4822600,0.0,0.0
2011-11-23 00:00:00-05:00,15.579116449542855,15.989728320252542,15.355693917706695,15.452308654785156,5375217,0.0,0.0
2011-11-25 00:00:00-05:00,15.361734916866022,15.542887196107149,15.071890660581106,15.096043586730957,2111376,0.0,0.0
2011-11-28 00:00:00-05:00,15.561004954251114,16.231268165425426,15.561004954251114,16.038040161132812,5014302,0.0,0.0
2011-11-29 00:00:00-05:00,16.406381878174482,16.9015328794636,16.243343907384798,16.6116886138916,8061039,0.0,0.0
2011-11-30 00:00:00-05:00,17.179297128371182,17.64425655576145,17.137028366562564,17.553680419921875,9519117,0.0,0.0
2011-12-01 00:00:00-05:00,17.438953795830606,17.728798105844156,17.2094940980069,17.662376403808594,6115832,0.0,0.0
2011-12-02 00:00:00-05:00,19.624856222104007,20.16831300542886,18.773439375896967,18.984783172607422,17653318,0.0,0.0
2011-12-05 00:00:00-05:00,19.371246353369656,19.68524357263323,19.190094052881136,19.328977584838867,10944121,0.0,0.0
2011-12-06 00:00:00-05:00,19.377284762922752,19.467860912215176,18.912326790222185,19.129709243774414,5891319,0.0,0.0
2011-12-07 00:00:00-05:00,19.01497447329136,19.347087429189138,18.67682290608212,19.21424102783203,5603831,0.0,0.0
2011-12-08 00:00:00-05:00,19.014978238270142,19.42559017502335,18.815710120526752,19.03913116455078,6460341,0.0,0.0
2011-12-09 00:00:00-05:00,19.063280709839283,19.793928255248325,18.990818902145282,19.552392959594727,4210844,0.0,0.0
2011-12-12 00:00:00-05:00,19.43163289872446,19.528247671783603,18.864021487939013,19.286710739135742,5053463,0.0,0.0
2011-12-13 00:00:00-05:00,19.37124200777346,19.443702302214497,18.634555744716582,18.75532341003418,4427684,0.0,0.0
2011-12-14 00:00:00-05:00,18.767400346744413,18.767400346744413,18.133367446962783,18.42321014404297,4418952,0.0,0.0
2011-12-15 00:00:00-05:00,18.68890731422033,18.803636402006635,18.41113870583416,18.51983070373535,3206687,0.0,0.0
2011-12-16 00:00:00-05:00,18.68286328936093,19.123668243177917,18.604364382361762,18.688901901245117,5224130,0.0,0.0
2011-12-19 00:00:00-05:00,18.803636632899618,18.93044294950937,18.39302461453369,18.50171661376953,2949496,0.0,0.0
2011-12-20 00:00:00-05:00,18.767400884840963,19.443702562415698,18.719093513317937,19.256511688232422,3996651,0.0,0.0
2011-12-21 00:00:00-05:00,19.141780754011762,19.141780754011762,18.495670675663774,18.960628509521484,3321656,0.0,0.0
2011-12-22 00:00:00-05:00,19.002897417537838,19.383317743520365,18.996858806173353,19.14781951904297,2932430,0.0,0.0
2011-12-23 00:00:00-05:00,19.25651604811449,19.40747833251953,18.942518823996295,19.40747833251953,2103041,0.0,0.0
2011-12-27 00:00:00-05:00,19.28670659363103,19.35916689597664,18.803632832167683,18.85797882080078,3310940,0.0,0.0
2011-12-28 00:00:00-05:00,18.924397941181176,19.129703102586067,18.362825386350007,18.574169158935547,3233677,0.0,0.0
2011-12-29 00:00:00-05:00,18.61644390471225,18.81571204281365,18.43529160598295,18.779481887817383,1915704,0.0,0.0
2011-12-30 00:00:00-05:00,18.773439420128476,18.918361534106076,18.68286328936093,18.688901901245117,2090869,0.0,0.0
2012-01-03 00:00:00-05:00,18.948550912999202,19.11762745526876,18.682861162822345,18.707014083862305,3653332,0.0,0.0
2012-01-04 00:00:00-05:00,18.63455964760683,18.936481159757808,18.411137058166016,18.900249481201172,5781113,0.0,0.0
2012-01-05 00:00:00-05:00,19.58862174128726,20.216617476970466,19.485969925464186,19.78185272216797,9372264,0.0,0.0
2012-01-06 00:00:00-05:00,19.84223968662604,20.548734456794357,19.673164640260037,20.222660064697266,5972816,0.0,0.0
2012-01-09 00:00:00-05:00,20.150200005450596,20.548734701085998,19.96300912028524,20.37965965270996,5857979,0.0,0.0
2012-01-10 00:00:00-05:00,20.639314699291432,20.91708329662801,20.228702702301558,20.24681854248047,6697688,0.0,0.0
2012-01-11 00:00:00-05:00,20.16227935538258,20.210588262230814,19.793936130648856,20.1441650390625,4561969,0.0,0.0
2012-01-12 00:00:00-05:00,20.15020546866614,20.48231856694686,20.107936695112027,20.446086883544922,4710145,0.0,0.0
2012-01-13 00:00:00-05:00,20.22266008184845,20.446081114378075,19.896585689474808,20.13812255859375,3181947,0.0,0.0
2012-01-17 00:00:00-05:00,20.337388478262287,20.506463506583202,19.854314791991733,19.981121063232422,4656299,0.0,0.0
2012-01-18 00:00:00-05:00,19.99923542021448,20.421924483533626,19.920736523400794,20.32530975341797,3951272,0.0,0.0
2012-01-19 00:00:00-05:00,20.361547905687587,20.741968364691658,20.31324052162758,20.50043296813965,5613886,0.0,0.0
2012-01-20 00:00:00-05:00,20.488353701792708,20.935195817058446,20.488353701792708,20.923118591308594,6188333,0.0,0.0
2012-01-23 00:00:00-05:00,20.953306252573814,21.1284198857996,20.45211675067261,20.9593448638916,6756296,0.0,0.0
2012-01-24 00:00:00-05:00,21.756412978184887,22.85540353291069,21.689989785606517,22.269678115844727,17369799,0.0,0.0
2012-01-25 00:00:00-05:00,22.215341707601226,22.619916600311907,21.798691112289426,22.58368492126465,6932520,0.0,0.0
2012-01-26 00:00:00-05:00,22.638024984823833,22.698409577000266,22.160989906499886,22.348180770874023,4248550,0.0,0.0
2012-01-27 00:00:00-05:00,22.378375953474308,22.474990700630332,22.040224338428217,22.372337341308594,3677279,0.0,0.0
2012-01-30 00:00:00-05:00,22.18515006340444,22.30591775509577,21.883228548554182,22.263648986816406,2815476,0.0,0.0
2012-01-31 00:00:00-05:00,22.426679547988055,22.456872605780294,21.762455132772075,21.94964599609375,4620578,0.0,0.0
2012-02-01 00:00:00-05:00,22.84333601522679,23.247909354899356,22.79502863707575,22.96410369873047,9685154,0.0,0.0
2012-02-02 00:00:00-05:00,22.994290822858556,22.994290822858556,22.5957546751197,22.686330795288086,4493437,0.0,0.0
2012-02-03 00:00:00-05:00,22.89767660966591,23.38678736489382,22.837292020271388,23.29621124267578,3081929,0.0,0.0
2012-02-06 00:00:00-05:00,23.223752844173365,23.392827879739084,22.879562637488736,23.38075065612793,3161573,0.0,0.0
2012-02-07 00:00:00-05:00,23.187525036006267,23.68871466188316,23.145256270073546,23.47736930847168,3973498,0.0,0.0
2012-02-08 00:00:00-05:00,23.785324241110036,24.503896153023007,23.724939649889,24.01478385925293,6231859,0.0,0.0
2012-02-09 00:00:00-05:00,24.014793067568394,24.069139068131193,23.356605494498737,23.66456413269043,3970058,0.0,0.0
2012-02-10 00:00:00-05:00,23.278096878051624,23.435094676863798,23.060712966238626,23.290172576904297,3737607,0.0,0.0
2012-02-13 00:00:00-05:00,23.471333848340713,23.598140154939358,22.83729926785155,23.048643112182617,3961194,0.0,0.0
2012-02-14 00:00:00-05:00,22.95202479390779,23.77324858412083,22.927870346329243,23.63436508178711,4049703,0.0,0.0
2012-02-15 00:00:00-05:00,23.70683092878236,23.85175307694913,23.08487356670181,23.12714385986328,3473140,0.0,0.0
2012-02-16 00:00:00-05:00,23.193560622803425,24.576358587541,23.139216162085752,24.50993537902832,6050344,0.0,0.0
2012-02-17 00:00:00-05:00,24.546163232416976,24.57635476409062,24.014782218227804,24.42539405822754,3666827,0.0,0.0
2012-02-21 00:00:00-05:00,24.425399812518215,24.594476391466078,24.12347985341127,24.298593521118164,2406405,0.0,0.0
2012-02-22 00:00:00-05:00,24.177823758575254,24.322745884139735,23.88797950744629,23.88797950744629,2650763,0.0,0.0
2012-02-23 00:00:00-05:00,23.821560076011977,24.081212813656002,23.47133271552438,23.97252082824707,2841804,0.0,0.0
2012-02-24 00:00:00-05:00,24.0027124082234,24.28047946138863,23.912136261484648,24.020828247070312,1823226,0.0,0.0
2012-02-27 00:00:00-05:00,23.791370264657214,24.020829954286818,23.072798128877658,23.42302703857422,5651856,0.0,0.0
2012-02-28 00:00:00-05:00,23.543792868613924,23.96044344494687,23.19960259957893,23.7792911529541,6853537,0.0,0.0
2012-02-29 00:00:00-05:00,24.189905144611533,24.70920913628132,23.52567900244683,23.700794219970703,8377236,0.0,0.0
2012-03-01 00:00:00-05:00,23.78532811446117,24.208017274346687,23.628328761218732,24.069133758544922,5312374,0.0,0.0
2012-03-02 00:00:00-05:00,24.153670923196398,24.630706064495257,23.22375509015698,23.50756072998047,8317833,0.0,0.0
2012-03-05 00:00:00-05:00,23.4049068252374,23.586059097741554,22.915794470477994,23.22979164123535,5922542,0.0,0.0
2012-03-06 00:00:00-05:00,22.788988013122953,22.903717073763993,22.317991498654507,22.474990844726562,4054995,0.0,0.0
2012-03-07 00:00:00-05:00,22.577642710035683,22.92787155210971,22.571604097823478,22.86748695373535,3358965,0.0,0.0
2012-03-08 00:00:00-05:00,23.066751886550815,23.57397848133035,23.024483130631477,23.537748336791992,3827704,0.0,0.0
2012-03-09 00:00:00-05:00,23.592095058800165,24.461626173855013,23.33848099154591,24.34689712524414,8997458,0.0,0.0
2012-03-12 00:00:00-04:00,24.244243484849775,24.34689683283284,23.845707315914954,23.930246353149414,5327192,0.0,0.0
2012-03-13 00:00:00-04:00,24.18386283544149,24.352939413721387,23.912134416194412,24.244247436523438,4208595,0.0,0.0
2012-03-14 00:00:00-04:00,24.29255085309195,24.455588792314614,23.646440755195083,23.930246353149414,4821541,0.0,0.0
2012-03-15 00:00:00-04:00,23.960441486349726,24.1536709883463,23.441137580670876,23.471330642700195,8129438,0.0,0.0
2012-03-16 00:00:00-04:00,23.453218099269478,23.54379425058248,22.976182889688737,23.102989196777344,6985308,0.0,0.0
2012-03-19 00:00:00-04:00,23.19356536416017,23.33848751111098,22.982221518866055,23.060720443725586,3561251,0.0,0.0
2012-03-20 00:00:00-04:00,22.843332885709504,23.700788349482856,22.795025514176533,23.598134994506836,5706628,0.0,0.0
2012-03-21 00:00:00-04:00,23.58002112089384,23.960441512902705,23.555868194991383,23.821557998657227,4464596,0.0,0.0
2012-03-22 00:00:00-04:00,24.371054353325015,25.602890113279717,24.14159318241667,25.397584915161133,14406015,0.0,0.0
2012-03-23 00:00:00-04:00,25.3855096943367,25.826313186669342,25.137934190853255,25.627046585083008,7980468,0.0,0.0
2012-03-26 00:00:00-04:00,25.82027235030877,25.85046388586483,25.379467398203584,25.723657608032227,5898199,0.0,0.0
2012-03-27 00:00:00-04:00,25.81423414761259,26.025581007320707,25.566658661522595,25.639122009277344,4205023,0.0,0.0
2012-03-28 00:00:00-04:00,25.60892853727079,25.844426780948297,25.131891914311332,25.464006423950195,4583004,0.0,0.0
2012-03-29 00:00:00-04:00,25.608937681224162,25.675357864122258,24.962825790563127,25.367399215698242,4233071,0.0,0.0
2012-03-30 00:00:00-04:00,25.415704521851495,25.578744039348067,24.811862978751424,24.99301528930664,5361325,0.0,0.0
2012-04-02 00:00:00-04:00,24.974895735657753,25.379469042815217,24.576359517004605,25.307008743286133,5142633,0.0,0.0
2012-04-03 00:00:00-04:00,25.30097554019471,25.464013534613056,24.842056148403014,25.137937545776367,3994005,0.0,0.0
2012-04-04 00:00:00-04:00,24.8480891476445,24.97489543215326,24.588436442700605,24.92658805847168,3620522,0.0,0.0
2012-04-05 00:00:00-04:00,24.61862894674508,24.61862894674508,23.74909771007339,23.996671676635742,8628606,0.0,0.0
2012-04-09 00:00:00-04:00,23.76118109101711,24.346908399692378,23.555875821260997,23.966487884521484,4851970,0.0,0.0
2012-04-10 00:00:00-04:00,23.875901455639603,24.051015102049593,23.054677682046293,23.10902214050293,5152424,0.0,0.0
2012-04-11 00:00:00-04:00,23.338483812808533,23.435098562132477,22.927871890055645,23.078832626342773,3394818,0.0,0.0
2012-04-12 00:00:00-04:00,23.096954243057517,23.7370259746902,23.078838401620544,23.66456413269043,3662329,0.0,0.0
2012-04-13 00:00:00-04:00,23.652484482900988,24.026866286822504,23.54379249990833,23.561906814575195,3627137,0.0,0.0
2012-04-16 00:00:00-04:00,23.809482930230416,24.322748270558073,23.634369249397523,23.89402198791504,5736793,0.0,0.0
2012-04-17 00:00:00-04:00,24.105360108753917,24.461625998928895,23.857786178588867,23.857786178588867,6848245,0.0,0.0
2012-04-18 00:00:00-04:00,24.32274324421008,25.4036212181348,24.135552376141657,25.095661163330078,10033764,0.0,0.0
2012-04-19 00:00:00-04:00,25.011123988988842,25.78404039493392,24.81789450656567,25.391544342041016,9030401,0.0,0.0
2012-04-20 00:00:00-04:00,25.397580401453467,25.397580401453467,24.89639091038107,25.023197174072266,7130970,0.0,0.0
2012-04-23 00:00:00-04:00,24.727323706267384,25.180204450957213,24.654861872868246,25.01112937927246,3481210,0.0,0.0
2012-04-24 00:00:00-04:00,24.926583966317637,25.150004961510923,24.606546715874792,25.023197174072266,4370531,0.0,0.0
2012-04-25 00:00:00-04:00,25.19227711502069,26.387884197733708,25.119816818491497,26.049734115600586,7700654,0.0,0.0
2012-04-26 00:00:00-04:00,26.36977229771868,26.834731804414762,26.15239136312339,26.629425048828125,7407874,0.0,0.0
2012-04-27 00:00:00-04:00,23.4290575897276,23.827593771479645,22.583679380175326,22.903715133666992,26929930,0.0,0.0
2012-04-30 00:00:00-04:00,23.109022368034257,23.694749430755575,23.078830832622458,23.435096740722656,10939226,0.0,0.0
2012-05-01 00:00:00-04:00,23.35660199960575,24.36501683291421,23.34452477378824,24.177825927734375,8724524,0.0,0.0
2012-05-02 00:00:00-04:00,24.03290219964322,24.600515014297745,23.93025035822741,24.47370719909668,7595078,0.0,0.0
2012-05-03 00:00:00-04:00,24.491824646775534,24.582400792875102,23.332447538704415,23.694753646850586,8388085,0.0,0.0
2012-05-04 00:00:00-04:00,23.489446534094707,23.682676049071645,23.139219181009903,23.47736930847168,7529987,0.0,0.0
2012-05-07 00:00:00-04:00,22.98825499391856,23.80947878600318,22.909756086604663,23.640403747558594,8847827,0.0,0.0
2012-05-08 00:00:00-04:00,23.489442967558755,23.694749676985836,23.115061220072416,23.63436508178711,8199557,0.0,0.0
2012-05-09 00:00:00-04:00,23.33848459755069,24.328785049545484,23.072794789850057,24.12347984313965,7923050,0.0,0.0
2012-05-10 00:00:00-04:00,24.27444283374017,24.811861111442152,24.105366239197892,24.60051727294922,8864497,0.0,0.0
2012-05-11 00:00:00-04:00,24.371057193532558,24.564285189648956,24.117443067773678,24.33482551574707,5187218,0.0,0.0
2012-05-14 00:00:00-04:00,24.129514531466018,24.358974150571918,23.72493974945893,24.111398696899414,4164275,0.0,0.0
2012-05-15 00:00:00-04:00,24.032898432954546,24.479741974883346,23.9604381416945,24.129514694213867,4724830,0.0,0.0
2012-05-16 00:00:00-04:00,24.280475156977158,24.322743916378695,23.241868960078758,23.326406478881836,4943654,0.0,0.0
2012-05-17 00:00:00-04:00,23.374717133212553,23.507563574361924,22.30591765713298,22.384416580200195,5682417,0.0,0.0
2012-05-18 00:00:00-04:00,22.438761198518353,22.49310566208167,20.86273213774064,20.929155349731445,10562171,0.0,0.0
2012-05-21 00:00:00-04:00,21.176733485555395,21.816806664916307,20.832544729116318,21.714153289794922,6748358,0.0,0.0
2012-05-22 00:00:00-04:00,21.182771353280888,21.182771353280888,20.162277774818758,20.838581085205078,10811688,0.0,0.0
2012-05-23 00:00:00-04:00,20.50042880546423,20.772157214220975,20.18039149870871,20.59100341796875,8373135,0.0,0.0
2012-05-24 00:00:00-04:00,20.645349494739538,20.699695481478056,20.240776185960385,20.427967071533203,7789956,0.0,0.0
2012-05-25 00:00:00-04:00,20.349468627706397,20.790273653293614,20.331354312852167,20.657428741455078,5326266,0.0,0.0
2012-05-29 00:00:00-04:00,20.047544700689542,20.421926434720692,19.926777038380095,20.029430389404297,9903449,0.0,0.0
2012-05-30 00:00:00-04:00,19.981124524169758,19.993201749355308,19.359167235835432,19.461820602416992,9670336,0.0,0.0
2012-05-31 00:00:00-04:00,18.990823809783215,19.3108611305362,18.72513400165585,18.954593658447266,11594243,0.0,0.0
2012-06-01 00:00:00-04:00,18.411140399753442,19.014983533651787,18.085065899797414,18.18168067932129,6687633,0.0,0.0
2012-06-04 00:00:00-04:00,18.217910508056,18.441331591532865,17.69256636464759,18.054872512817383,5334071,0.0,0.0
2012-06-05 00:00:00-04:00,17.964294616486598,18.278293349399476,17.9280644623037,18.072986602783203,4983476,0.0,0.0
2012-06-06 00:00:00-04:00,18.260174118528376,18.755323530379616,18.236019671061296,18.682863235473633,4237304,0.0,0.0
2012-06-07 00:00:00-04:00,18.791556861676924,18.900247313637905,18.47755815935115,18.610403060913086,8818589,0.0,0.0
2012-06-08 00:00:00-04:00,18.51982718777644,18.95459357309345,18.51982718777644,18.85797882080078,3596576,0.0,0.0
2012-06-11 00:00:00-04:00,19.15386132597207,19.159899938344015,18.483596685154627,18.5137882232666,6297348,0.0,0.0
2012-06-12 00:00:00-04:00,18.41717550390309,18.48963733660996,17.915987382984596,18.441329956054688,5789713,0.0,0.0
2012-06-13 00:00:00-04:00,18.399059369558504,18.833825751573816,18.229982792456436,18.320560455322266,4377675,0.0,0.0
2012-06-14 00:00:00-04:00,18.260179310902906,18.41113855550767,18.060911157627096,18.236024856567383,3096085,0.0,0.0
2012-06-15 00:00:00-04:00,18.302450218398583,18.5560628760334,18.211874051564973,18.531909942626953,3931559,0.0,0.0
2012-06-18 00:00:00-04:00,18.429247066233998,18.62851514025318,18.19978746005182,18.447362899780273,2994081,0.0,0.0
2012-06-19 00:00:00-04:00,18.592290863483072,18.72513578016433,18.211870428953866,18.634559631347656,4239554,0.0,0.0
2012-06-20 00:00:00-04:00,18.62851888812461,18.84590131567777,18.453403699854913,18.652671813964844,3070154,0.0,0.0
2012-06-21 00:00:00-04:00,18.417175072085833,18.57417443614637,17.692564380746298,17.734834671020508,6562477,0.0,0.0
2012-06-22 00:00:00-04:00,17.74086971853052,18.066944083165104,17.722753883482316,17.934099197387695,7581848,0.0,0.0
2012-06-25 00:00:00-04:00,17.66840525242898,17.95221081647088,17.275907741893093,17.46913719177246,3895309,0.0,0.0
2012-06-26 00:00:00-04:00,17.57179657598357,17.915986842525424,17.51141349492196,17.58991241455078,4444222,0.0,0.0
2012-06-27 00:00:00-04:00,17.66840767987169,18.036750797905224,17.493294038265105,17.994482040405273,3973895,0.0,0.0
2012-06-28 00:00:00-04:00,17.294029316467054,17.6382195788167,17.09476118964632,17.390644073486328,10733102,0.0,0.0
2012-06-29 00:00:00-04:00,17.807295460814792,18.489637404117815,17.656336229307836,18.405099868774414,9730533,0.0,0.0
2012-07-02 00:00:00-04:00,18.47152125254606,18.47152125254606,17.861641152528826,18.018640518188477,4287314,0.0,0.0
2012-07-03 00:00:00-04:00,18.054865407066416,18.737207139846582,17.994480818845325,18.707014083862305,3086427,0.0,0.0
2012-07-05 00:00:00-04:00,18.65871429856657,18.755329069473298,18.423215984949923,18.525869369506836,4852235,0.0,0.0
2012-07-06 00:00:00-04:00,18.199789569893614,18.785515113740754,18.1454435867021,18.731170654296875,7599047,0.0,0.0
2012-07-09 00:00:00-04:00,18.634557840304687,19.135745917168922,18.568134626474293,19.03913116455078,6563403,0.0,0.0
2012-07-10 00:00:00-04:00,19.17801682651578,19.763744020260095,19.117633742184914,19.328977584838867,9106209,0.0,0.0
2012-07-11 00:00:00-04:00,19.298780240289553,19.492009709046933,18.90024408004058,19.021013259887695,5063518,0.0,0.0
2012-07-12 00:00:00-04:00,18.894208844433088,19.093476960160082,18.53794290010112,18.930438995361328,3389658,0.0,0.0
2012-07-13 00:00:00-04:00,19.021024343863353,19.15990791499484,18.83987046853027,19.0693302154541,3434508,0.0,0.0
2012-07-16 00:00:00-04:00,18.948555119491324,19.226322153724894,18.845901753851134,19.093477249145508,2632638,0.0,0.0
2012-07-17 00:00:00-04:00,19.256514020630963,19.407476289141457,19.02101727014833,19.30482292175293,5477749,0.0,0.0
2012-07-18 00:00:00-04:00,19.341055199622538,20.440047774737586,19.28067059033103,20.168317794799805,8659961,0.0,0.0
2012-07-19 00:00:00-04:00,20.349467960915604,20.361545186254613,19.624858820540343,19.751665115356445,6019385,0.0,0.0
2012-07-20 00:00:00-04:00,19.649017218823055,19.854324011763442,19.33501993880975,19.365211486816406,4913093,0.0,0.0
2012-07-23 00:00:00-04:00,19.008943874897806,19.6007082241522,18.815714326468257,19.49201774597168,4769150,0.0,0.0
2012-07-24 00:00:00-04:00,19.467861003820293,19.479938230115565,18.966672873794028,19.18405532836914,5780187,0.0,0.0
2012-07-25 00:00:00-04:00,19.15990448939904,19.781861902722305,18.97271355639624,19.606746673583984,9327679,0.0,0.0
2012-07-26 00:00:00-04:00,23.00033094884834,24.685050358791948,22.945986488565865,23.712865829467773,27534673,0.0,0.0
2012-07-27 00:00:00-04:00,23.68871329952357,24.195939985293034,23.368677505154018,24.105363845825195,9340512,0.0,0.0
2012-07-30 00:00:00-04:00,24.22009309300937,24.60655210363539,23.85174991991187,24.256324768066406,7777785,0.0,0.0
2012-07-31 00:00:00-04:00,23.767208406619464,24.419357115814538,23.598133379697604,24.01478385925293,7154387,0.0,0.0
2012-08-01 00:00:00-04:00,24.292554365992853,24.340861741220667,23.6464441746632,23.803442001342773,4765578,0.0,0.0
2012-08-02 00:00:00-04:00,23.6645587449493,24.437476756985625,23.50152230412775,24.093286514282227,5058094,0.0,0.0
2012-08-03 00:00:00-04:00,24.570322151940367,24.8662050248232,24.30463234185036,24.75751304626465,5021314,0.0,0.0
2012-08-06 00:00:00-04:00,24.811857314417686,25.053394181266533,24.55220613489749,24.908472061157227,3486899,0.0,0.0
2012-08-07 00:00:00-04:00,25.162086531541767,25.361354640164002,25.035278722192494,25.21039390563965,4701281,0.0,0.0
2012-08-08 00:00:00-04:00,25.137933802213876,25.657237728352893,24.94470429260421,25.276817321777344,5679771,0.0,0.0
2012-08-09 00:00:00-04:00,25.470045790543313,26.03765859463685,25.37343103968668,25.983312606811523,5292662,0.0,0.0
2012-08-10 00:00:00-04:00,25.904814537321748,26.665655388928204,25.723662243843624,26.563003540039062,6573193,0.0,0.0
2012-08-13 00:00:00-04:00,26.56300336647967,26.852847643650026,26.38185107418517,26.762269973754883,5498256,0.0,0.0
2012-08-14 00:00:00-04:00,26.81057374623902,27.02192061040654,26.448269189802637,26.56903839111328,5463461,0.0,0.0
2012-08-15 00:00:00-04:00,26.593196400890783,26.75623133986566,26.32750351294009,26.671693801879883,4626928,0.0,0.0
2012-08-16 00:00:00-04:00,26.726034585947055,27.456683790347128,26.67772873687281,27.420452117919922,5352329,0.0,0.0
2012-08-17 00:00:00-04:00,27.227225666494643,27.740490931178325,27.215148442355627,27.46272087097168,4509049,0.0,0.0
2012-08-20 00:00:00-04:00,27.43856440995212,27.480833162895767,27.033991189635863,27.366104125976562,3380662,0.0,0.0
2012-08-21 00:00:00-04:00,27.40837813650192,27.40837813650192,26.689806151125882,26.967573165893555,4209786,0.0,0.0
2012-08-22 00:00:00-04:00,26.73811001176224,27.00983991795211,26.363728278509065,26.870956420898438,4261912,0.0,0.0
2012-08-23 00:00:00-04:00,26.71999670978324,26.71999670978324,25.87461847219941,26.255037307739258,6987557,0.0,0.0
2012-08-24 00:00:00-04:00,26.236923418629797,26.412038595110374,25.941042097330513,26.34561538696289,4399372,0.0,0.0
2012-08-27 00:00:00-04:00,26.514688608679933,26.774341287718407,26.049732278536272,26.442228317260742,2826590,0.0,0.0
2012-08-28 00:00:00-04:00,26.23088601526997,26.42411550165298,25.88669580218177,26.267114639282227,3825984,0.0,0.0
2012-08-29 00:00:00-04:00,26.26107755111195,26.387883830145434,25.91084720235818,26.267114639282227,2031731,0.0,0.0
2012-08-30 00:00:00-04:00,26.104081912655595,26.11012204952991,25.258705026175672,25.421741485595703,5798841,0.0,0.0
2012-08-31 00:00:00-04:00,25.560623146724506,25.953119257499,24.974897525031196,25.25266456604004,4847075,0.0,0.0
2012-09-04 00:00:00-04:00,25.409660473627856,25.771965017247346,25.186239439979015,25.554582595825195,3313454,0.0,0.0
2012-09-05 00:00:00-04:00,25.470044801419988,25.560620936362106,25.059432888099206,25.264738082885742,4046660,0.0,0.0
2012-09-06 00:00:00-04:00,24.908467321901167,26.08595837140945,24.733353698159462,26.031612396240234,6314811,0.0,0.0
2012-09-07 00:00:00-04:00,25.7840440226288,25.814235562099878,25.216434242835195,25.276817321777344,4743749,0.0,0.0
2012-09-10 00:00:00-04:00,25.143976110099878,25.464013484767033,24.842056099774478,24.866209030151367,6343388,0.0,0.0
2012-09-11 00:00:00-04:00,24.93262687753213,25.699504726874345,24.793741843765915,25.512313842773438,7993831,0.0,0.0
2012-09-12 00:00:00-04:00,25.391543945161747,25.947077936571358,24.932624693453594,25.047353744506836,6073496,0.0,0.0
2012-09-13 00:00:00-04:00,24.920551727095322,25.820276072854824,24.3529404153242,25.711584091186523,7361040,0.0,0.0
2012-09-14 00:00:00-04:00,26.23692985560498,26.750195239495117,24.491826940879303,24.793746948242188,14321607,0.0,0.0
2012-09-17 00:00:00-04:00,24.87828029170655,24.890359040360536,23.73702063176448,23.83967399597168,9416320,0.0,0.0
2012-09-18 00:00:00-04:00,23.82760033858393,24.09329018381345,23.561908969606403,23.767215728759766,6677049,0.0,0.0
2012-09-19 00:00:00-04:00,23.912132093005276,24.002708223954357,23.368675307310795,23.59209632873535,5680962,0.0,0.0
2012-09-20 00:00:00-04:00,23.48944297399369,23.749095666795988,23.278099176361714,23.59209632873535,4031578,0.0,0.0
2012-09-21 00:00:00-04:00,23.809481103799307,24.45559283217602,23.73098218884373,24.250286102294922,9099462,0.0,0.0
2012-09-24 00:00:00-04:00,23.972515306937176,24.371051479147802,23.761169997735166,24.16574478149414,7467938,0.0,0.0
2012-09-25 00:00:00-04:00,24.413325980862734,24.624669816047856,23.82759880781785,23.94232940673828,6160550,0.0,0.0
2012-09-26 00:00:00-04:00,23.88155539843243,23.960552389425484,23.255651797765054,23.462261199951172,5036264,0.188964,0.0
2012-09-27 00:00:00-04:00,23.541261570222158,24.088168258403304,23.498724604857074,24.051708221435547,3535188,0.0,0.0
2012-09-28 00:00:00-04:00,23.924096013937824,23.99701608855003,23.41972628644125,23.535184860229492,5268318,0.0,0.0
2012-10-01 00:00:00-04:00,23.5291123275904,23.91194662436784,23.14627803081296,23.164508819580078,3874009,0.0,0.0
2012-10-02 00:00:00-04:00,23.395417738924518,23.52302862329248,22.976123518787446,23.19488525390625,3854164,0.0,0.0
2012-10-03 00:00:00-04:00,23.29211304790609,23.377186970874348,22.751284870882106,22.848512649536133,3839081,0.0,0.0
2012-10-04 00:00:00-04:00,22.921432084874137,23.279960083807264,22.641902612304456,23.08550453186035,3966883,0.0,0.0
2012-10-05 00:00:00-04:00,23.176655380158465,23.279960083807264,23.018659860847595,23.08550453186035,4568054,0.0,0.0
2012-10-08 00:00:00-04:00,23.036892361530263,23.498723565130827,22.915356865793612,23.29819107055664,3396538,0.0,0.0
2012-10-09 00:00:00-04:00,23.20096657836963,23.316423621308306,22.5142951156614,22.599369049072266,3879830,0.0,0.0
2012-10-10 00:00:00-04:00,22.56290927749005,22.739134074982324,22.052462604162482,22.101078033447266,3897293,0.0,0.0
2012-10-11 00:00:00-04:00,22.23476791381836,22.73913617157275,22.216537126155654,22.23476791381836,2460912,0.0,0.0
2012-10-12 00:00:00-04:00,21.627090880284086,21.979540441831144,21.42655838717428,21.888389587402344,5859170,0.0,0.0
2012-10-15 00:00:00-04:00,21.876234234771797,21.943078905707875,21.353635322867984,21.724315643310547,3429481,0.0,0.0
2012-10-16 00:00:00-04:00,21.83977611150572,22.222610320754058,21.827622255106434,22.08892250061035,3384631,0.0,0.0
2012-10-17 00:00:00-04:00,22.02815448855176,22.167919235223387,21.76685424617325,22.022077560424805,3058115,0.0,0.0
2012-10-18 00:00:00-04:00,21.949148085430025,22.02206966338796,21.566315551459294,21.60277557373047,3353408,0.0,0.0
2012-10-19 00:00:00-04:00,21.51163392884884,21.602784790122247,21.116645841053252,21.19564437866211,3914360,0.0,0.0
2012-10-22 00:00:00-04:00,21.3597126386735,21.59062822718763,21.074106233566226,21.438711166381836,4723904,0.0,0.0
2012-10-23 00:00:00-04:00,19.749377269542148,21.35971086073763,19.597458687965684,20.92218589782715,15289911,0.0,0.0
2012-10-24 00:00:00-04:00,20.837115445793586,20.934343231487702,20.35705344560591,20.51504898071289,5964481,0.0,0.0
2012-10-25 00:00:00-04:00,20.691274814637573,20.952573543532253,20.545433128713942,20.903961181640625,4389979,0.0,0.0
2012-10-26 00:00:00-04:00,20.861426688199685,21.104494660140325,20.618357182842615,20.733814239501953,4879356,0.0,0.0
2012-10-31 00:00:00-04:00,20.70342947793741,21.074109869061864,20.630509398844463,20.800657272338867,4855410,0.0,0.0
2012-11-01 00:00:00-04:00,20.843192167175392,21.60886058856206,20.843192167175392,21.517709732055664,4088335,0.0,0.0
2012-11-02 00:00:00-04:00,21.602784938486813,21.71216658613261,21.3475616051187,21.390098571777344,4680774,0.0,0.0
2012-11-05 00:00:00-05:00,21.238189044594,21.833708323037325,21.232112113850516,21.608869552612305,3505685,0.0,0.0
2012-11-06 00:00:00-05:00,21.72431949182544,22.581140376781477,21.669630199953783,22.50821876525879,5995968,0.0,0.0
2012-11-07 00:00:00-05:00,22.344142107947572,22.35021903555526,21.43263210169842,21.450862884521484,5096196,0.0,0.0
2012-11-08 00:00:00-05:00,21.456945507914256,21.651401109314854,21.147032851567307,21.17133903503418,4180812,0.0,0.0
2012-11-09 00:00:00-05:00,21.15310401716182,21.65139677945608,21.12272091055016,21.335407257080078,3126249,0.0,0.0
2012-11-12 00:00:00-05:00,21.371869261485724,21.493403232549927,20.903961096093372,21.11056900024414,2770230,0.0,0.0
2012-11-13 00:00:00-05:00,20.928266444255193,21.34148376953206,20.697350835029408,21.074108123779297,3613510,0.0,0.0
2012-11-14 00:00:00-05:00,21.15310745159815,21.256412177632974,20.515051375245275,20.56974220275879,4120484,0.0,0.0
2012-11-15 00:00:00-05:00,20.64266228383258,20.87357791845471,20.45428361873955,20.56974220275879,3557150,0.0,0.0
2012-11-16 00:00:00-05:00,20.60012454832825,21.055878871633972,20.423899747772207,21.013341903686523,3874538,0.0,0.0
2012-11-19 00:00:00-05:00,21.213871498943487,21.47517019942327,21.116643718900754,21.26856231689453,2773934,0.0,0.0
2012-11-20 00:00:00-05:00,21.201719298679876,21.3354086567402,20.49681860503397,20.7155818939209,4505741,0.0,0.0
2012-11-21 00:00:00-05:00,20.80065669311623,20.95257377589891,20.67304579154893,20.891807556152344,3333431,0.0,0.0
2012-11-23 00:00:00-05:00,21.055880230401335,21.44479142920793,20.891809276790045,21.323257446289062,1848231,0.0,0.0
2012-11-26 00:00:00-05:00,21.298945333229724,21.772931908999528,21.128797485581135,21.76077651977539,3705326,0.0,0.0
2012-11-27 00:00:00-05:00,21.69393083369565,21.809389383490057,21.07410419463532,21.080181121826172,4445677,0.0,0.0
2012-11-28 00:00:00-05:00,20.934340827703274,21.031568602233214,20.375281890864102,20.600120544433594,5751610,0.0,0.0
2012-11-29 00:00:00-05:00,20.660891880339342,20.776348924289657,20.29020996708764,20.61227798461914,5648813,0.0,0.0
2012-11-30 00:00:00-05:00,20.600122490490318,20.806730380822327,20.29628528302729,20.314516067504883,5502225,0.0,0.0
2012-12-03 00:00:00-05:00,20.411742165668777,20.74596245291257,20.205132758981918,20.30236053466797,4558000,0.0,0.0
2012-12-04 00:00:00-05:00,20.296288392876438,20.521127102136397,20.174754411319164,20.411746978759766,5398766,0.0,0.0
2012-12-05 00:00:00-05:00,21.06803208849395,22.39276111701165,20.739888679009315,21.894468307495117,13636293,0.0,0.0
2012-12-06 00:00:00-05:00,21.937004823134558,22.629751665933743,21.870160143529137,22.544677734375,6840175,0.0,0.0
2012-12-07 00:00:00-05:00,22.635826308699425,22.909280394548915,22.398833789907236,22.848512649536133,5759945,0.0,0.0
2012-12-10 00:00:00-05:00,22.897129742874608,23.699258262304724,22.812055808001894,23.36503791809082,5725283,0.0,0.0
2012-12-11 00:00:00-05:00,23.577721496788964,23.589875353526704,22.8910515923494,23.188810348510742,6242311,0.0,0.0
2012-12-12 00:00:00-05:00,22.968606988297015,23.360082859628676,22.815688076645518,23.158227920532227,5328250,0.188964,0.0
2012-12-13 00:00:00-05:00,23.078705026943624,23.445712806057593,23.023653551370895,23.139873504638672,3980510,0.0,0.0
2012-12-14 00:00:00-05:00,23.097056708237595,23.194925657998272,22.901318808716244,23.109289169311523,3939233,0.0,0.0
2012-12-17 00:00:00-05:00,23.24998015460333,23.445716536016324,23.084825701610864,23.268329620361328,3744355,0.0,0.0
2012-12-18 00:00:00-05:00,23.506881431248285,24.27759900704608,23.36619501213664,24.22254753112793,7454973,0.0,0.0
2012-12-19 00:00:00-05:00,24.467226680644252,25.348045908856168,24.467226680644252,25.201242446899414,11454931,0.0,0.0
2012-12-20 00:00:00-05:00,24.987152860212788,25.8924400252519,24.925984370492607,25.788454055786133,9521631,0.0,0.0
2012-12-21 00:00:00-05:00,25.47038576505428,25.757875717462575,25.10949484517224,25.745641708374023,15176133,0.0,0.0
2012-12-24 00:00:00-05:00,25.629413277089924,25.684464753032387,25.280754958473107,25.57436180114746,1922716,0.0,0.0
2012-12-26 00:00:00-05:00,25.7517587129183,26.14935011653722,25.708941224637147,25.745641708374023,3136304,0.0,0.0
2012-12-27 00:00:00-05:00,25.702819142866154,25.83127312586413,25.341928294272968,25.7334041595459,3832996,0.0,0.0
2012-12-28 00:00:00-05:00,25.562135952280954,25.67835594340864,25.360280990600586,25.360280990600586,2046813,0.0,0.0
2012-12-31 00:00:00-05:00,25.341924304760344,26.08205843896566,25.231821349103434,25.990304946899414,3458057,0.0,0.0
2013-01-02 00:00:00-05:00,26.626449983531867,27.04850923013852,26.222743286468994,26.571401596069336,5855995,0.0,0.0
2013-01-03 00:00:00-05:00,26.430718503199987,26.846659256562155,26.228862042236443,26.314496994018555,3940291,0.0,0.0
2013-01-04 00:00:00-05:00,26.387903670804555,26.455186077475982,26.00254326212363,26.228864669799805,3619067,0.0,0.0
2013-01-07 00:00:00-05:00,26.069828484988392,26.583638241815216,25.996427532164123,26.241098403930664,4324226,0.0,0.0
2013-01-08 00:00:00-05:00,26.0575980809112,26.302268986504497,25.458150194680172,25.678356170654297,5028194,0.0,0.0
2013-01-09 00:00:00-05:00,26.057593145609918,26.889477771537244,25.99030765602197,26.791608810424805,7628021,0.0,0.0
2013-01-10 00:00:00-05:00,26.76714326386061,27.066865599720046,26.70597323517532,27.01181411743164,5721314,0.0,0.0
2013-01-11 00:00:00-05:00,27.03016676975159,27.219789250450123,26.852781383289756,26.901714324951172,3670664,0.0,0.0
2013-01-14 00:00:00-05:00,26.9017104570593,27.48280564867128,26.62645305273663,27.342119216918945,5782304,0.0,0.0
2013-01-15 00:00:00-05:00,27.01181906225309,27.482811390538426,26.791613092788253,27.427762985229492,4401489,0.0,0.0
2013-01-16 00:00:00-05:00,27.244255835026365,27.91710149813794,27.232021828488783,27.715248107910156,4507196,0.0,0.0
2013-01-17 00:00:00-05:00,27.715245878434843,27.92321779873015,27.562325439601725,27.660194396972656,3542994,0.0,0.0
2013-01-18 00:00:00-05:00,27.703013551894905,27.703013551894905,27.066866833956862,27.409406661987305,5659662,0.0,0.0
2013-01-22 00:00:00-05:00,27.599024608098535,29.10375774298074,27.501155660827482,28.969186782836914,12622346,0.0,0.0
2013-01-23 00:00:00-05:00,29.04258889912256,29.21997423203757,28.455375254103718,28.791799545288086,8151400,0.0,0.0
2013-01-24 00:00:00-05:00,28.90190627744804,30.22925106738723,28.388093498953054,29.23221206665039,9353875,0.0,0.0
2013-01-25 00:00:00-05:00,29.262794336194805,29.715440157740026,29.18939339572081,29.40959930419922,4470549,0.0,0.0
2013-01-28 00:00:00-05:00,29.330078884700146,30.278184883099236,29.122110074483558,29.752138137817383,5983003,0.0,0.0
2013-01-29 00:00:00-05:00,28.98754736080004,29.030364844148252,27.47669526181906,28.2045955657959,13633515,0.0,0.0
2013-01-30 00:00:00-05:00,28.24741076686335,28.77345761927567,28.20459328697462,28.657236099243164,5174915,0.0,0.0
2013-01-31 00:00:00-05:00,28.320807468854753,28.98142212158852,28.16788703876143,28.748985290527344,5115115,0.0,0.0
2013-02-01 00:00:00-05:00,28.99367005306601,29.293395598321908,28.241304633124024,28.608312606811523,4559323,0.0,0.0
2013-02-04 00:00:00-05:00,28.51654523057577,28.87743756728328,28.339156791656247,28.36974334716797,3951404,0.0,0.0
2013-02-05 00:00:00-05:00,28.36362414487775,28.74898448225439,28.149536783588726,28.522663116455078,4201716,0.0,0.0
2013-02-06 00:00:00-05:00,28.473734364014106,29.3606705902923,28.455384896094667,29.354555130004883,4696253,0.0,0.0
2013-02-07 00:00:00-05:00,29.177168083258138,29.25668759324408,28.424802816914948,29.11600112915039,4177505,0.0,0.0
2013-02-08 00:00:00-05:00,29.213865424075433,30.088567545449788,29.13434592683891,29.66039276123047,3855354,0.0,0.0
2013-02-11 00:00:00-05:00,29.71544047953204,29.850008357348884,29.45853255450634,29.72767448425293,3120560,0.0,0.0
2013-02-12 00:00:00-05:00,29.64816601538861,29.788852491378126,29.29950755596729,29.47077751159668,2175541,0.0,0.0
2013-02-13 00:00:00-05:00,29.580864955709334,29.911173771097307,29.513579483642605,29.74601936340332,2104232,0.0,0.0
2013-02-14 00:00:00-05:00,29.703202562297378,30.10691231668405,29.58086561825922,29.856122970581055,2689130,0.0,0.0
2013-02-15 00:00:00-05:00,29.905071119877093,30.11304310449841,29.385142701852605,29.721567153930664,3026627,0.0,0.0
2013-02-19 00:00:00-05:00,29.721555980446215,30.11915032974037,29.6114530248588,29.709321975708008,2779358,0.0,0.0
2013-02-20 00:00:00-05:00,29.776612546805993,29.79496201352084,28.455383028083215,28.46761703491211,2956244,0.0,0.0
2013-02-21 00:00:00-05:00,28.40644046757971,28.57771343673623,27.629607452592875,27.9782657623291,4215210,0.0,0.0
2013-02-22 00:00:00-05:00,28.19236170775291,28.492087179838453,27.868171307236533,28.076143264770508,2183215,0.0,0.0
2013-02-25 00:00:00-05:00,28.253525312825335,28.35139736318472,27.403291202368266,27.409406661987305,2816667,0.0,0.0
2013-02-26 00:00:00-05:00,27.519504296834885,28.16788489537706,27.18307999364048,28.057785034179688,4243523,0.0,0.0
2013-02-27 00:00:00-05:00,28.027203845109337,28.938607984800427,27.745830962188386,28.755104064941406,3358965,0.0,0.0
2013-02-28 00:00:00-05:00,28.693942317547393,29.20163669067644,28.60830734524062,28.84686279296875,2070363,0.0,0.0
2013-03-01 00:00:00-05:00,28.748995661276695,29.5258290097715,28.40645266296031,29.47077751159668,3523281,0.0,0.0
2013-03-04 00:00:00-05:00,29.470774863644994,29.501358340536942,28.89579500208145,29.24445343017578,3114607,0.0,0.0
2013-03-05 00:00:00-05:00,29.45241748245614,29.721556328680727,29.13434261670536,29.58698844909668,3256035,0.0,0.0
2013-03-06 00:00:00-05:00,29.74601976177546,30.32711483837558,29.721551755776968,29.868356704711914,4141652,0.0,0.0
2013-03-07 00:00:00-05:00,29.819422286362183,29.850005751966773,28.596062052785353,28.91413688659668,5414907,0.0,0.0
2013-03-08 00:00:00-05:00,29.09765201705689,29.250572491258353,28.76122759122515,29.152700424194336,4151574,0.0,0.0
2013-03-11 00:00:00-04:00,28.999775336286604,29.40960061653167,28.852970361731373,29.366783142089844,2356528,0.0,0.0
2013-03-12 00:00:00-04:00,29.452421718019863,30.58403183115069,29.10987879324476,30.577913284301758,5163669,0.0,0.0
2013-03-13 00:00:00-04:00,30.58403444204689,31.10396278985828,30.302661526456184,30.822589874267578,4563159,0.0,0.0
2013-03-14 00:00:00-04:00,30.847046609598067,31.097835982894356,30.70024473047927,31.02443504333496,2561460,0.0,0.0
2013-03-15 00:00:00-04:00,30.88986695062365,31.195707828759858,30.467807650136084,30.68189811706543,3629254,0.0,0.0
2013-03-18 00:00:00-04:00,30.35158947442166,30.71859729634475,30.002931117477722,30.33935546875,2126855,0.0,0.0
2013-03-19 00:00:00-04:00,30.357708359818,30.51062571477981,29.586990690349534,29.8867130279541,3218330,0.0,0.0
2013-03-20 00:00:00-04:00,30.26595546720729,30.33935641647343,29.90506309331834,30.17420196533203,2875937,0.0,0.0
2013-03-21 00:00:00-04:00,29.97235637563126,30.00293985518885,29.01813452591196,29.421844482421875,3534527,0.0,0.0
2013-03-22 00:00:00-04:00,29.599224159946296,29.617573624797956,28.944724926928227,29.317848205566406,2656319,0.0,0.0
2013-03-25 00:00:00-04:00,29.482998764329462,29.513582230736663,28.71839975592444,29.07317352294922,2584348,0.0,0.0
2013-03-26 00:00:00-04:00,29.417527584068225,30.727296651546105,29.2576507624676,29.934057235717773,5275066,0.188964,0.0
2013-03-27 00:00:00-04:00,29.95865353906555,30.905621946623928,29.866414885428547,30.831832885742188,4309673,0.0,0.0
2013-03-28 00:00:00-04:00,30.739598038885543,30.967116148418203,30.40139477263317,30.924072265625,3421675,0.0,0.0
2013-04-01 00:00:00-04:00,30.997861561744266,31.299168713328775,30.807236453225585,30.991710662841797,2868132,0.0,0.0
2013-04-02 00:00:00-04:00,31.083952954421807,31.145443330358184,30.15543089885319,30.788793563842773,3226797,0.0,0.0
2013-04-03 00:00:00-04:00,30.899470203178964,31.63121920341938,30.85642632689304,31.11469268798828,3863557,0.0,0.0
2013-04-04 00:00:00-04:00,31.11469099518567,31.336061263115116,30.67810135753566,31.22537612915039,2188374,0.0,0.0
2013-04-05 00:00:00-04:00,30.788788484398815,30.788788484398815,30.112382047169273,30.622760772705078,3133922,0.0,0.0
2013-04-08 00:00:00-04:00,30.592011489304152,30.94251025139322,30.499772849600134,30.887170791625977,2205573,0.0,0.0
2013-04-09 00:00:00-04:00,30.942521125443793,31.907939319201894,30.942521125443793,31.711166381835938,2918141,0.0,0.0
2013-04-10 00:00:00-04:00,31.821839365302587,33.051668201358616,31.77879549569269,32.7196159362793,4915077,0.0,0.0
2013-04-11 00:00:00-04:00,32.203098184801995,32.34452853719895,31.64352457167478,32.215396881103516,8686553,0.0,0.0
2013-04-12 00:00:00-04:00,32.22768677431334,32.55359127545057,31.9202287608995,32.17234420776367,2265770,0.0,0.0
2013-04-15 00:00:00-04:00,32.110854488457605,33.002483452033076,31.409853736029667,31.45904541015625,3379339,0.0,0.0
2013-04-16 00:00:00-04:00,31.778797287156838,32.362965008616456,31.618920491504383,31.994016647338867,3026892,0.0,0.0
2013-04-17 00:00:00-04:00,31.784964348189273,32.104721236694395,30.856441984234625,31.096261978149414,2981910,0.0,0.0
2013-04-18 00:00:00-04:00,31.348362611595288,31.403705188744308,30.05704305267175,30.284561157226562,4688315,0.0,0.0
2013-04-19 00:00:00-04:00,30.155421126582805,30.825676558576816,29.99554123555108,30.702695846557617,4208331,0.0,0.0
2013-04-22 00:00:00-04:00,30.745743243031722,31.23152455933769,30.33374787969727,31.059349060058594,2138365,0.0,0.0
2013-04-23 00:00:00-04:00,31.329919492233934,32.79956563607334,31.213086529402965,32.738075256347656,4601262,0.0,0.0
2013-04-24 00:00:00-04:00,32.95327874748934,33.53129858878483,32.21538213421984,32.528987884521484,4860834,0.0,0.0
2013-04-25 00:00:00-04:00,33.86336907316763,35.640473257577455,31.981727522980584,32.34452819824219,9969070,0.0,0.0
2013-04-26 00:00:00-04:00,32.08626356748915,33.26689800750102,31.8464467604489,32.76881790161133,4813603,0.0,0.0
2013-04-29 00:00:00-04:00,32.70117385121076,33.80187133102703,32.37526930555264,33.27919387817383,4600997,0.0,0.0
2013-04-30 00:00:00-04:00,33.31608253138571,33.99863665533394,33.26073996961918,33.992488861083984,4785953,0.0,0.0
2013-05-01 00:00:00-04:00,33.94330653655658,34.140082575378095,33.51286767989178,33.69734191894531,4142313,0.0,0.0
2013-05-02 00:00:00-04:00,34.22001203611258,34.921015854734264,33.83876494418107,34.8410758972168,4526248,0.0,0.0
2013-05-03 00:00:00-04:00,35.23463059071175,35.652773869528716,34.921024683289275,35.14239501953125,3965560,0.0,0.0
2013-05-06 00:00:00-04:00,35.27153513242556,36.064774889515704,35.15469903620315,35.745018005371094,3692758,0.0,0.0
2013-05-07 00:00:00-04:00,35.52978424943976,36.452155328741014,35.52978424943976,36.175445556640625,4370001,0.0,0.0
2013-05-08 00:00:00-04:00,36.003275909835295,36.61818902857065,36.003275909835295,36.286136627197266,4984667,0.0,0.0
2013-05-09 00:00:00-04:00,35.66506130205792,35.96022062269851,34.89026847329882,35.46828842163086,5892245,0.0,0.0
2013-05-10 00:00:00-04:00,35.591274227631665,35.96022575866195,35.320712254246736,35.95407485961914,2855960,0.0,0.0
2013-05-13 00:00:00-04:00,35.85568286874721,36.0217105665669,35.37604936618773,35.609718322753906,2854902,0.0,0.0
2013-05-14 00:00:00-04:00,35.73885918175183,36.439860025921796,35.455998484210554,36.409114837646484,3096614,0.0,0.0
2013-05-15 00:00:00-04:00,36.464453994813475,36.76576425973881,36.14469723933066,36.6304817199707,4074046,0.0,0.0
2013-05-16 00:00:00-04:00,36.65508032231,37.14086171564139,36.29227967460373,36.310726165771484,3659286,0.0,0.0
2013-05-17 00:00:00-04:00,36.54439463953832,37.19005595824409,36.35992042039096,37.177757263183594,3433582,0.0,0.0
2013-05-20 00:00:00-04:00,37.00558630534684,37.25769872336591,36.48290876937095,36.556697845458984,2926741,0.0,0.0
2013-05-21 00:00:00-04:00,36.82724496324412,37.47290610044741,36.6612172816697,37.337623596191406,2205573,0.0,0.0
2013-05-22 00:00:00-04:00,37.31918793613754,38.216961649808184,36.937940799361776,37.14086151123047,4290224,0.0,0.0
2013-05-23 00:00:00-04:00,36.80265844556261,38.50597342635252,36.80265844556261,38.284603118896484,4242861,0.0,0.0
2013-05-24 00:00:00-04:00,38.020180454613175,38.4875152142926,37.53439610601096,38.30918884277344,2669549,0.0,0.0
2013-05-28 00:00:00-04:00,38.671988049850654,39.18236666049831,38.48751389062112,38.653541564941406,2395027,0.0,0.0
2013-05-29 00:00:00-04:00,38.32764918325954,39.434497680193914,38.32764918325954,39.18852996826172,2379680,0.0,0.0
2013-05-30 00:00:00-04:00,39.329963804557124,39.39145728968406,38.99791139839374,39.22542953491211,2787693,0.0,0.0
2013-05-31 00:00:00-04:00,38.930261912372565,39.51443282937882,38.7642341925889,38.9364128112793,4203436,0.0,0.0
2013-06-03 00:00:00-04:00,38.75194141141838,39.26232019883039,38.19236784270491,39.23157501220703,3172289,0.0,0.0
2013-06-04 00:00:00-04:00,39.32381029318153,39.74195351775788,38.78268632298396,38.99790573120117,3524472,0.0,0.0
2013-06-05 00:00:00-04:00,38.73963495015711,39.30535620143597,38.30304531883806,38.622798919677734,2706726,0.0,0.0
2013-06-06 00:00:00-04:00,38.73963792150535,39.2869096237806,38.41373339754895,39.268463134765625,2311413,0.0,0.0
2013-06-07 00:00:00-04:00,39.39760163344652,39.582075865897785,38.95486409623954,39.44679641723633,1724266,0.0,0.0
2013-06-10 00:00:00-04:00,39.231572346541526,39.741951099274864,38.82572784190084,39.729652404785156,2280323,0.0,0.0
2013-06-11 00:00:00-04:00,39.34225323537562,39.97561581103501,39.26846417398322,39.686607360839844,3239101,0.0,0.0
2013-06-12 00:00:00-04:00,39.88338050077554,40.12934507469418,39.21312183868604,39.29920959472656,2134131,0.0,0.0
2013-06-13 00:00:00-04:00,39.44678592702579,39.66200529042158,38.9364072495246,39.514427185058594,2470173,0.0,0.0
2013-06-14 00:00:00-04:00,39.6497178193507,39.76040298138861,39.14548679379146,39.28076934814453,1940180,0.0,0.0
2013-06-17 00:00:00-04:00,39.680461213842314,39.96947280202658,39.416050120241174,39.75425338745117,2446227,0.0,0.0
2013-06-18 00:00:00-04:00,39.88954348631215,40.12321255838998,39.7235157064185,39.76655960083008,3025172,0.0,0.0
2013-06-19 00:00:00-04:00,39.748098164141524,39.84033681942874,39.053245213595865,39.09014129638672,5361590,0.0,0.0
2013-06-20 00:00:00-04:00,38.64124680282385,38.647394597292354,37.49135476010851,37.81111145019531,4454409,0.0,0.0
2013-06-21 00:00:00-04:00,37.71887412215103,37.909499204619145,36.8887387406333,37.011722564697266,5345052,0.0,0.0
2013-06-24 00:00:00-04:00,36.65507603520417,36.771908971235504,35.689658054003935,35.99711608886719,3167791,0.0,0.0
2013-06-25 00:00:00-04:00,36.482907867480044,37.06092797207787,36.26153754130801,36.931793212890625,2906763,0.0,0.0
2013-06-26 00:00:00-04:00,37.36402803989969,37.91359042291609,37.259056850492804,37.487525939941406,3251273,0.188964,0.0
2013-06-27 00:00:00-04:00,38.21615504512559,38.9818363766671,37.925938578721855,38.66691970825195,3464540,0.0,0.0
2013-06-28 00:00:00-04:00,38.48167833128574,38.82129523617922,38.06796392918957,38.339656829833984,5811278,0.0,0.0
2013-07-01 00:00:00-04:00,38.33966549701192,39.21032141411002,38.33966549701192,38.93862533569336,2389338,0.0,0.0
2013-07-02 00:00:00-04:00,38.75337916391362,39.247367773626785,38.54343361524147,39.01272201538086,2853711,0.0,0.0
2013-07-03 00:00:00-04:00,38.83364316353294,39.4017291375239,38.62987116219816,39.0312385559082,1259364,0.0,0.0
2013-07-05 00:00:00-04:00,39.395550083002895,39.969809468527075,39.10533052802145,39.833961486816406,2456811,0.0,0.0
2013-07-08 00:00:00-04:00,39.895712983694416,40.34647761495619,39.883362883561745,40.272377014160156,3128498,0.0,0.0
2013-07-09 00:00:00-04:00,40.772550316997524,40.93927202808254,40.0006922747624,40.87752151489258,2759646,0.0,0.0
2013-07-10 00:00:00-04:00,40.89605494177453,41.53823856992723,40.76020690680356,41.5135383605957,3296122,0.0,0.0
2013-07-11 00:00:00-04:00,42.03222557035816,42.38419263266377,41.180093311767166,41.38386535644531,3315835,0.0,0.0
2013-07-12 00:00:00-04:00,41.53205978681507,41.94577736424247,41.371514667263355,41.90255355834961,3041842,0.0,0.0
2013-07-15 00:00:00-04:00,41.933422868357944,42.4027111901951,41.8901990669921,42.13719177246094,2495972,0.0,0.0
2013-07-16 00:00:00-04:00,42.26685664164351,42.32860714572737,41.853142287863164,41.92106628417969,1743317,0.0,0.0
2013-07-17 00:00:00-04:00,42.25450124155076,42.40269931641458,41.809913249661456,42.3286018371582,1450670,0.0,0.0
2013-07-18 00:00:00-04:00,42.5138583129501,43.21778922618074,42.35331009644945,43.00784683227539,2304666,0.0,0.0
2013-07-19 00:00:00-04:00,42.939923890821724,43.37833851781707,42.61883056621399,43.094295501708984,2311016,0.0,0.0
2013-07-22 00:00:00-04:00,43.38451221567448,43.60063122539515,42.964624299124594,43.279541015625,2424662,0.0,0.0
2013-07-23 00:00:00-04:00,43.48331257596162,43.532712990542066,41.75435415998505,41.88402557373047,3699108,0.0,0.0
2013-07-24 00:00:00-04:00,40.920744721049935,41.86549795377843,40.735499416876955,41.69877624511719,4351876,0.0,0.0
2013-07-25 00:00:00-04:00,39.210312464398086,39.617850256297956,37.96916614447081,39.22883605957031,7033333,0.0,0.0
2013-07-26 00:00:00-04:00,39.031231606362624,39.037405097871314,38.10500220088771,38.67308807373047,4477694,0.0,0.0
2013-07-29 00:00:00-04:00,38.8521669264365,38.90156733292068,38.358178443353054,38.654571533203125,2880700,0.0,0.0
2013-07-30 00:00:00-04:00,38.852167977605305,40.321783364995945,38.8151207880915,40.19211196899414,4475974,0.0,0.0
2013-07-31 00:00:00-04:00,40.37118745837817,40.537909188335526,39.53758192494364,39.75370407104492,3350233,0.0,0.0
2013-08-01 00:00:00-04:00,40.290910971502015,41.1245163914502,39.88954355220735,41.025718688964844,2820901,0.0,0.0
2013-08-02 00:00:00-04:00,40.76020623278281,40.82195363873812,40.136546213765534,40.23534393310547,2161385,0.0,0.0
2013-08-05 00:00:00-04:00,40.229157620326845,40.55025090982922,39.84631693976124,40.013038635253906,1703892,0.0,0.0
2013-08-06 00:00:00-04:00,39.85867449482739,40.025396221497076,39.35233582109823,39.8031005859375,2122489,0.0,0.0
2013-08-07 00:00:00-04:00,39.76604695756075,39.79692065387101,39.01271256256157,39.28440856933594,2488166,0.0,0.0
2013-08-08 00:00:00-04:00,39.642556582617914,41.278893961258404,39.63638308872442,41.1986198425293,3397199,0.0,0.0
2013-08-09 00:00:00-04:00,41.05659216592573,41.80374998172595,41.02571846838102,41.68025207519531,3481078,0.0,0.0
2013-08-12 00:00:00-04:00,41.41472610458552,42.2853816889583,41.41472610458552,42.09395980834961,2222772,0.0,0.0
2013-08-13 00:00:00-04:00,42.33478570449972,42.50150741095188,41.84697380378988,42.242164611816406,2560270,0.0,0.0
2013-08-14 00:00:00-04:00,42.205113528587326,42.43975611881704,41.94577073422234,42.291561126708984,2086636,0.0,0.0
2013-08-15 00:00:00-04:00,41.785227310975905,41.82845111498883,40.73550279483097,40.76637649536133,2958096,0.0,0.0
2013-08-16 00:00:00-04:00,40.6675692168327,40.75401680452182,39.871014218589174,39.8895378112793,3070418,0.0,0.0
2013-08-19 00:00:00-04:00,39.57461980004912,40.346477687086434,39.54374610783788,39.64254379272461,2407860,0.0,0.0
2013-08-20 00:00:00-04:00,39.66725492052266,40.204467285312894,39.339988083496166,40.13654327392578,2055545,0.0,0.0
2013-08-21 00:00:00-04:00,40.04391836203902,41.51971052443338,39.951297261493956,40.98249816894531,3766581,0.0,0.0
2013-08-22 00:00:00-04:00,41.1430406539124,41.72965026898275,40.945445245737815,41.55675506591797,1553864,0.0,0.0
2013-08-23 00:00:00-04:00,41.748183021423145,41.760533125764944,40.29709094837047,40.40206527709961,3673045,0.0,0.0
2013-08-26 00:00:00-04:00,40.45145321431707,40.63052501129272,39.96364134567364,40.013038635253906,2533280,0.0,0.0
2013-08-27 00:00:00-04:00,39.4758218674593,39.7289911281649,37.83948814336993,37.93828582763672,4217063,0.0,0.0
2013-08-28 00:00:00-04:00,38.06795713675776,38.96948327729429,37.90740895238795,38.568119049072266,2143525,0.0,0.0
2013-08-29 00:00:00-04:00,38.29642197502306,38.29642197502306,36.65391182669127,37.493690490722656,5199655,0.0,0.0
2013-08-30 00:00:00-04:00,37.62337033260412,38.401401794881025,37.23435615964147,38.284080505371094,3814341,0.0,0.0
2013-09-03 00:00:00-04:00,38.70397421293742,39.64872432074406,38.59899990116879,39.06211471557617,3695404,0.0,0.0
2013-09-04 00:00:00-04:00,39.130027209545695,40.11182733557847,38.43227000486898,40.04390335083008,2784915,0.0,0.0
2013-09-05 00:00:00-04:00,39.889537174028746,40.45762620974824,39.79073948734075,40.198280334472656,1979737,0.0,0.0
2013-09-06 00:00:00-04:00,40.25384606797947,40.383517421155354,39.272046008489966,40.130348205566406,2112963,0.0,0.0
2013-09-09 00:00:00-04:00,40.13653697973675,40.59965176691208,39.74751968593102,40.38352966308594,2422148,0.0,0.0
2013-09-10 00:00:00-04:00,40.599655316880614,41.02571983644971,40.266211893034225,40.809600830078125,3477638,0.0,0.0
2013-09-11 00:00:00-04:00,40.821949379439545,41.18626651580934,40.500859162351084,40.65522766113281,3066582,0.0,0.0
2013-09-12 00:00:00-04:00,40.51938282859014,40.649054237600936,39.77222495798273,39.81544876098633,2255715,0.0,0.0
2013-09-13 00:00:00-04:00,40.173586264100386,40.173586264100386,39.54992635602936,39.74134826660156,1756283,0.0,0.0
2013-09-16 00:00:00-04:00,40.729335329850834,40.87135686639362,39.87720611059416,40.14889907836914,2279000,0.0,0.0
2013-09-17 00:00:00-04:00,40.13036145921822,40.46380486295294,39.87719527636807,40.19211196899414,1931712,0.0,0.0
2013-09-18 00:00:00-04:00,40.13653600275903,40.4761528818172,39.45730224464268,39.69194793701172,4252122,0.0,0.0
2013-09-19 00:00:00-04:00,39.87101641679762,40.013037906738575,39.395554658293875,39.75986862182617,3294270,0.0,0.0
2013-09-20 00:00:00-04:00,39.75986765490154,39.95746303752288,39.29057940026374,39.32145309448242,3960533,0.0,0.0
2013-09-23 00:00:00-04:00,39.049763301030694,39.42025389356618,38.673096099353636,39.06828689575195,1391135,0.0,0.0
2013-09-24 00:00:00-04:00,39.24736182154777,40.09331738215976,38.95096870066952,39.93894577026367,2656452,0.0,0.0
2013-09-25 00:00:00-04:00,40.06244519858093,40.525560087812934,39.58080982736474,40.40206527709961,3984082,0.0,0.0
2013-09-26 00:00:00-04:00,40.73057166133578,40.74296913020958,38.988782029887126,39.249122619628906,2912188,0.188964,0.0
2013-09-27 00:00:00-04:00,39.07556118369971,39.64582598207042,38.88960540720074,39.249122619628906,1809070,0.0,0.0
2013-09-30 00:00:00-04:00,38.76564499672299,39.35450455610323,38.43092265277939,39.2987174987793,2615703,0.0,0.0
2013-10-01 00:00:00-04:00,39.39788941757576,39.92476468488439,39.156146574262294,39.69541931152344,2215364,0.0,0.0
2013-10-02 00:00:00-04:00,39.44128802864703,40.05494259782001,39.01978959527737,40.00535583496094,2714928,0.0,0.0
2013-10-03 00:00:00-04:00,39.73881589556897,40.07973543028023,39.34830647230814,39.76361083984375,2262727,0.0,0.0
2013-10-04 00:00:00-04:00,39.782202890734155,40.40205768736996,39.36070450706209,40.309078216552734,1827592,0.0,0.0
2013-10-07 00:00:00-04:00,39.819398636238006,40.259494827877255,39.701624212908555,39.918575286865234,1990057,0.0,0.0
2013-10-08 00:00:00-04:00,39.99916252452585,40.48264840634291,39.26773652847425,39.28633117675781,2365524,0.0,0.0
2013-10-09 00:00:00-04:00,39.37310410675622,39.48467823531121,38.678867517762484,39.12516403198242,1736967,0.0,0.0
2013-10-10 00:00:00-04:00,39.64582784770105,40.64999159069207,39.45987206245148,40.61899948120117,2367376,0.0,0.0
2013-10-11 00:00:00-04:00,40.538429556786014,41.59218036286325,40.22850524134956,41.36283493041992,2365921,0.0,0.0
2013-10-14 00:00:00-04:00,41.15208195151124,42.714113431856106,41.02811348326209,42.707916259765625,2771420,0.0,0.0
2013-10-15 00:00:00-04:00,42.3670023924293,43.01164914994105,42.26162855463698,42.34840774536133,2590434,0.0,0.0
2013-10-16 00:00:00-04:00,42.63972065871768,43.28436716254135,42.373182890209144,42.96824264526367,2898296,0.0,0.0
2013-10-17 00:00:00-04:00,42.757507519809025,43.96002493779612,42.60874409093705,43.67489242553711,2750385,0.0,0.0
2013-10-18 00:00:00-04:00,43.72446622367224,44.524079583685115,43.34015716338327,44.480690002441406,2533148,0.0,0.0
2013-10-21 00:00:00-04:00,44.542674240189264,44.846401309000804,44.139770538742724,44.82160949707031,2376902,0.0,0.0
2013-10-22 00:00:00-04:00,45.13154336226017,45.54684459361117,44.51788570877929,44.77202606201172,2783857,0.0,0.0
2013-10-23 00:00:00-04:00,44.579878326623124,44.579878326623124,43.26578681795469,43.457942962646484,2846831,0.0,0.0
2013-10-24 00:00:00-04:00,43.507516519252015,43.93521514310755,43.11701030419861,43.724464416503906,3101906,0.0,0.0
2013-10-25 00:00:00-04:00,44.90839581964409,46.07372065682507,44.313335928959575,45.01996994018555,4299221,0.0,0.0
2013-10-28 00:00:00-04:00,45.03855849640647,45.16253007228498,44.474490798048464,44.895992279052734,2476259,0.0,0.0
2013-10-29 00:00:00-04:00,44.77201855001448,45.78237949331901,44.57366528946977,45.0881462097168,2306254,0.0,0.0
2013-10-30 00:00:00-04:00,45.199727423289225,45.49106020936033,44.85880787499824,45.379486083984375,1934491,0.0,0.0
2013-10-31 00:00:00-04:00,44.54887795248281,44.945584541273696,42.94345695356496,43.16040802001953,5634789,0.0,0.0
2013-11-01 00:00:00-04:00,42.676912812186316,43.32775961091744,42.23681673315237,43.2967643737793,10400500,0.0,0.0
2013-11-04 00:00:00-05:00,43.395941446177794,44.94557505858367,43.395941446177794,44.6728401184082,4101035,0.0,0.0
2013-11-05 00:00:00-05:00,44.42490647781786,44.60466198796721,43.42693977337897,44.127376556396484,2821694,0.0,0.0
2013-11-06 00:00:00-05:00,44.51168378986794,44.92078780578985,43.79265239435959,44.238948822021484,1835133,0.0,0.0
2013-11-07 00:00:00-05:00,44.45590002282754,44.72243783924013,43.26578029882179,43.532318115234375,2970532,0.0,0.0
2013-11-08 00:00:00-05:00,43.60050616846223,44.654256919484155,43.532321633872705,44.42491149902344,2042183,0.0,0.0
2013-11-11 00:00:00-05:00,44.170767967859504,44.61706130429668,43.482731755788706,44.35672378540039,1588658,0.0,0.0
2013-11-12 00:00:00-05:00,44.31333824630458,44.93939028581086,44.31333824630458,44.710044860839844,2161782,0.0,0.0
2013-11-13 00:00:00-05:00,44.189352539885974,44.92078130004361,44.03438887253569,44.902183532714844,1953410,0.0,0.0
2013-11-14 00:00:00-05:00,44.89600064437843,47.164666202637406,44.63565997369469,47.015899658203125,4727873,0.0,0.0
2013-11-15 00:00:00-05:00,47.07168367770634,47.17086032481483,45.57163962745708,46.82994079589844,3430010,0.0,0.0
2013-11-18 00:00:00-05:00,46.94771230168397,47.009699661601076,45.89396159444617,46.030330657958984,2948835,0.0,0.0
2013-11-19 00:00:00-05:00,45.596437842144425,46.290674469335094,45.25551826538236,45.6274299621582,2648911,0.0,0.0
2013-11-20 00:00:00-05:00,45.918760842649,46.06752426378489,45.664620463928834,45.83198165893555,1809864,0.0,0.0
2013-11-21 00:00:00-05:00,46.092315146230575,46.58199808662595,45.72040349787627,46.38364791870117,2323320,0.0,0.0
2013-11-22 00:00:00-05:00,46.5138120970277,46.66257549038101,45.931149737835646,46.56959915161133,2271062,0.0,0.0
2013-11-25 00:00:00-05:00,46.705973224894926,47.09028237447952,46.35265619364206,46.371253967285156,1892684,0.0,0.0
2013-11-26 00:00:00-05:00,46.544799330925365,46.650173129479505,45.99932944140239,46.4022331237793,1907237,0.0,0.0
2013-11-27 00:00:00-05:00,46.77414900644845,47.38780347078254,46.42703234082252,47.22664260864258,1775201,0.0,0.0
2013-11-29 00:00:00-05:00,47.40020248183056,47.63574817566308,46.37124679388311,46.51381301879883,1156567,0.0,0.0
2013-12-02 00:00:00-05:00,46.14807977446161,47.10885367261391,46.104690207521415,46.76173400878906,2123415,0.0,0.0
2013-12-03 00:00:00-05:00,46.581985934753334,46.82373188425453,46.12329522999562,46.81753158569336,2534074,0.0,0.0
2013-12-04 00:00:00-05:00,47.55517491167226,48.83827117156362,47.313432002056274,48.08205032348633,3910523,0.0,0.0
2013-12-05 00:00:00-05:00,47.95187877171181,48.15642924943621,47.313429264962494,47.59236145019531,2380342,0.0,0.0
2013-12-06 00:00:00-05:00,48.224619216616524,49.06761929604256,47.927089224765226,48.91265869140625,2397276,0.0,0.0
2013-12-09 00:00:00-05:00,48.86925829097021,49.52010207145068,48.360977609571954,48.84446334838867,3569322,0.0,0.0
2013-12-10 00:00:00-05:00,48.66470439872717,49.31555130338768,47.64814617067752,49.1729850769043,2192476,0.0,0.0
2013-12-11 00:00:00-05:00,49.321744180969986,49.321744180969986,48.21220657957571,48.25559616088867,2786370,0.0,0.0
2013-12-12 00:00:00-05:00,48.55931972175341,49.22256082093525,48.193605351880564,48.88164138793945,2728158,0.0,0.0
2013-12-13 00:00:00-05:00,49.37132789564078,49.46430421756941,48.58411210279783,48.99941635131836,2850536,0.0,0.0
2013-12-16 00:00:00-05:00,49.46431364725112,50.728815015989284,49.30934995285778,50.61724090576172,4184120,0.0,0.0
2013-12-17 00:00:00-05:00,51.07594142243145,52.50160384124215,50.64824269678823,51.69579315185547,5184572,0.0,0.0
2013-12-18 00:00:00-05:00,51.62140222490668,51.63379969524358,49.953997209920765,50.889976501464844,5664954,0.0,0.0
2013-12-19 00:00:00-05:00,50.92096861315489,50.97675566551874,50.33210597782639,50.889976501464844,2918406,0.0,0.0
2013-12-20 00:00:00-05:00,51.32387052167464,51.77016692493265,50.790798085710605,51.249488830566406,5225718,0.0,0.0
2013-12-23 00:00:00-05:00,51.72679427964348,51.75778640039329,50.889991377871944,51.21851348876953,1967963,0.0,0.0
2013-12-24 00:00:00-05:00,50.857674495376074,51.60421126960519,50.8265694505548,51.36158752441406,706085,0.226757,0.0
2013-12-26 00:00:00-05:00,51.64776430955828,51.85306013840455,51.174959416075936,51.685089111328125,973199,0.0,0.0
2013-12-27 00:00:00-05:00,51.69130933627628,52.15167155883518,51.36159019257567,51.523338317871094,1131827,0.0,0.0
2013-12-30 00:00:00-05:00,51.64153778917796,52.25120861887473,51.4735699136025,52.00236511230469,1061972,0.0,0.0
2013-12-31 00:00:00-05:00,51.96503223276024,52.36318431718016,51.59798519124121,52.195213317871094,1658910,0.0,0.0
2014-01-02 00:00:00-05:00,52.12678059390564,52.151665884229146,51.37402410939632,51.43623733520508,2107010,0.0,0.0
2014-01-03 00:00:00-05:00,51.40514496793494,52.08324574868382,51.15007852848213,51.80951690673828,2085313,0.0,0.0
2014-01-06 00:00:00-05:00,51.92770725683845,52.33830200975941,51.510892750864265,51.5668830871582,2499147,0.0,0.0
2014-01-07 00:00:00-05:00,51.89038339828564,53.59496939046454,51.66020229589058,53.283912658691406,3123338,0.0,0.0
2014-01-08 00:00:00-05:00,53.48299335416909,54.652564506480566,53.40834375089036,53.7567253112793,5144750,0.0,0.0
2014-01-09 00:00:00-05:00,54.042903389122074,54.217094190632565,52.72402658945187,52.82978439331055,3043165,0.0,0.0
2014-01-10 00:00:00-05:00,53.06618071281521,53.49544106473683,52.885767032723635,53.16572189331055,2647985,0.0,0.0
2014-01-13 00:00:00-05:00,53.10971041883838,53.9371226536439,52.437829656019424,52.636905670166016,2542145,0.0,0.0
2014-01-14 00:00:00-05:00,52.70534263018395,54.72721122343282,52.70534263018395,54.67744064331055,2633167,0.0,0.0
2014-01-15 00:00:00-05:00,55.18136568906475,55.492422481346466,54.4659400903438,55.35555648803711,2426250,0.0,0.0
2014-01-16 00:00:00-05:00,55.610596311565445,56.01496490160502,55.04447023846141,55.33686447143555,3738798,0.0,0.0
2014-01-17 00:00:00-05:00,55.03826210307507,55.41152885565957,54.65254956707414,55.25600051879883,3881550,0.0,0.0
2014-01-21 00:00:00-05:00,55.99011179510002,56.263837482433686,54.640126921683134,55.28090286254883,4045337,0.0,0.0
2014-01-22 00:00:00-05:00,55.03827040723773,55.54840317793342,54.689888889515984,54.79564666748047,3358832,0.0,0.0
2014-01-23 00:00:00-05:00,54.04289221940212,55.12536789035201,52.59958923166642,54.15487289428711,5735867,0.0,0.0
2014-01-24 00:00:00-05:00,53.55141333843159,54.360156947131415,52.87331278315081,52.87953567504883,3387938,0.0,0.0
2014-01-27 00:00:00-05:00,52.87954310194834,53.45188597238079,52.568483235347756,52.624473571777344,3025040,0.0,0.0
2014-01-28 00:00:00-05:00,52.052130998373705,52.62447387207216,51.34292215935444,51.86549758911133,5903888,0.0,0.0
2014-01-29 00:00:00-05:00,51.60422377262264,52.86711024833215,51.45491512571982,52.38186264038086,3338061,0.0,0.0
2014-01-30 00:00:00-05:00,52.798647772323335,54.217064997340586,52.61823731348889,54.086421966552734,3878375,0.0,0.0
2014-01-31 00:00:00-05:00,53.17193106103833,54.0802159485196,53.1034980788836,53.60741424560547,2706329,0.0,0.0
2014-02-03 00:00:00-05:00,53.31502398932892,53.89980640956866,51.77218288546779,51.94637680053711,3349836,0.0,0.0
2014-02-04 00:00:00-05:00,52.26987305772881,52.356971585115446,51.224725265832646,51.94637680053711,2470438,0.0,0.0
2014-02-05 00:00:00-05:00,51.66642495247014,52.20143992383413,50.2915580140044,51.47357177734375,2996463,0.0,0.0
2014-02-06 00:00:00-05:00,51.840622842280354,52.20766998236301,51.55445134722048,51.853065490722656,1602682,0.0,0.0
2014-02-07 00:00:00-05:00,52.23876655390287,53.134608838990836,51.51089528596338,52.68046951293945,2549289,0.0,0.0
2014-02-10 00:00:00-05:00,52.5560367777952,53.12216299380384,52.00235948613144,52.68667984008789,1880248,0.0,0.0
2014-02-11 00:00:00-05:00,52.59336068711977,53.066165460054016,52.226313678507736,52.79865646362305,1691323,0.0,0.0
2014-02-12 00:00:00-05:00,52.89197742369407,54.005554870955145,52.82354444813186,53.54519271850586,2120372,0.0,0.0
2014-02-13 00:00:00-05:00,53.05995035694913,53.96823524389258,52.904421993854555,53.91846466064453,1922584,0.0,0.0
2014-02-14 00:00:00-05:00,54.173535991224554,54.248191868578544,53.3958941498991,53.94335174560547,1602021,0.0,0.0
2014-02-18 00:00:00-05:00,54.19219366746704,54.7396512154585,53.6633985173356,53.71316909790039,1870325,0.0,0.0
2014-02-19 00:00:00-05:00,53.458099602668206,53.993117645428256,53.053730903792875,53.159488677978516,1971138,0.0,0.0
2014-02-20 00:00:00-05:00,53.22170631481158,53.71939963244721,52.51249741879599,53.65096664428711,2171043,0.0,0.0
2014-02-21 00:00:00-05:00,53.85626399008047,54.84542153823781,53.81271629197433,54.75210952758789,2702228,0.0,0.0
2014-02-24 00:00:00-05:00,54.8143143967427,55.56084808714943,54.54680533978884,55.11914825439453,2355469,0.0,0.0
2014-02-25 00:00:00-05:00,55.056930330241855,55.36798703690943,54.40993162684445,54.615230560302734,1734056,0.0,0.0
2014-02-26 00:00:00-05:00,54.83297030196512,55.85945871423974,54.7458749243813,55.542179107666016,2999506,0.0,0.0
2014-02-27 00:00:00-05:00,55.30578122588409,55.49241149666454,54.45348352315672,55.007164001464844,2262992,0.0,0.0
2014-02-28 00:00:00-05:00,54.67123816789757,54.82676657930644,53.594985077417476,54.117557525634766,3577392,0.0,0.0
2014-03-03 00:00:00-05:00,53.66339693999682,55.013381512138636,53.17192660003132,54.68366241455078,2232563,0.0,0.0
2014-03-04 00:00:00-05:00,55.14403689420696,55.75370464650603,54.93873791909453,55.218692779541016,2142599,0.0,0.0
2014-03-05 00:00:00-05:00,55.14403650558529,55.343112585664834,54.783209148126026,54.9511833190918,1491286,0.0,0.0
2014-03-06 00:00:00-05:00,55.00716777677372,55.26845394144373,53.607418671925,53.94957733154297,2517140,0.0,0.0
2014-03-07 00:00:00-05:00,54.32283724613006,54.32283724613006,52.195213980322414,52.4129524230957,2752502,0.0,0.0
2014-03-10 00:00:00-04:00,52.55604211729749,53.89980395126288,52.31341836561752,52.94797134399414,2928328,0.0,0.0
2014-03-11 00:00:00-04:00,53.04751243409754,53.327460984260156,51.573107526776575,51.765960693359375,2543600,0.0,0.0
2014-03-12 00:00:00-04:00,51.39890870417001,52.48138428185484,51.2744885336433,52.356964111328125,1733659,0.0,0.0
2014-03-13 00:00:00-04:00,52.537386090049615,52.87955105284661,51.89661014100105,52.38808059692383,2691908,0.0,0.0
2014-03-14 00:00:00-04:00,52.13923026103532,52.95419694140732,52.12056786063107,52.89198684692383,2230049,0.0,0.0
2014-03-17 00:00:00-04:00,53.097283549086505,53.49543567211543,52.44406502601069,52.96664047241211,3797804,0.0,0.0
2014-03-18 00:00:00-04:00,52.935533295104925,53.7816081425093,52.57470910412594,53.70072937011719,1768057,0.0,0.0
2014-03-19 00:00:00-04:00,53.65095293728729,53.68827772878126,52.85464885604021,53.42076873779297,2336947,0.0,0.0
2014-03-20 00:00:00-04:00,53.29013124572624,54.839191886558474,52.99773693677971,54.73965072631836,2617159,0.0,0.0
2014-03-21 00:00:00-04:00,55.33067033178489,55.49241532172878,54.540582664857325,55.131587982177734,4250005,0.0,0.0
2014-03-24 00:00:00-04:00,54.82676004075403,55.30579100723411,53.93714366182256,54.73344802856445,3070683,0.0,0.0
2014-03-25 00:00:00-04:00,54.73344506861442,56.19540434715372,54.584133298368535,55.896793365478516,2725248,0.0,0.0
2014-03-26 00:00:00-04:00,56.33996833132198,56.86429763435541,55.734501902269095,55.759464263916016,2898958,0.226757,0.0
2014-03-27 00:00:00-04:00,55.56596284234644,56.38365971708209,55.41615717608103,55.99041748046875,2706593,0.0,0.0
2014-03-28 00:00:00-04:00,56.08403995229184,56.75816849935285,55.53474839160864,55.809391021728516,2060837,0.0,0.0
2014-03-31 00:00:00-04:00,56.00913558760716,57.71943511237304,55.59716848038257,57.31370544433594,3416251,0.0,0.0
2014-04-01 00:00:00-04:00,57.77562779863154,58.61205605237561,57.4760164095632,58.38734436035156,2828309,0.0,0.0
2014-04-02 00:00:00-04:00,58.50591681203071,59.01775852815096,57.73815738807202,58.7618408203125,2310884,0.0,0.0
2014-04-03 00:00:00-04:00,58.44976200278323,59.02402240696904,58.0814883632876,58.337406158447266,2142731,0.0,0.0
2014-04-04 00:00:00-04:00,58.87419300250614,59.29864754343922,56.18390386390486,56.48976516723633,3344147,0.0,0.0
2014-04-07 00:00:00-04:00,56.42111060962153,57.27001350644074,55.47232677717755,55.92799377441406,3248759,0.0,0.0
2014-04-08 00:00:00-04:00,56.00289478949481,56.97039715476928,55.89053898509174,56.78937911987305,2740330,0.0,0.0
2014-04-09 00:00:00-04:00,56.770660764411986,57.113965656115646,55.59717157201967,56.957916259765625,2625097,0.0,0.0
2014-04-10 00:00:00-04:00,57.09524498059299,57.36989395472613,55.035396575927734,55.035396575927734,2988922,0.0,0.0
2014-04-11 00:00:00-04:00,54.67335519208824,55.57844545162817,54.42992494352157,55.060359954833984,2977808,0.0,0.0
2014-04-14 00:00:00-04:00,55.42240612346172,56.53971443570041,55.25386922019009,56.39615249633789,2568208,0.0,0.0
2014-04-15 00:00:00-04:00,56.27755219326438,56.49602012019814,54.93553222762344,55.7844352722168,2408389,0.0,0.0
2014-04-16 00:00:00-04:00,56.17767700418633,56.58964414477478,55.53475448297863,56.35245132446289,1822565,0.0,0.0
2014-04-17 00:00:00-04:00,56.08404946030656,57.17639532785154,55.77819438151843,56.83308410644531,2204647,0.0,0.0
2014-04-21 00:00:00-04:00,57.27626102788271,57.62580967320724,56.60836983745522,57.58835983276367,1787108,0.0,0.0
2014-04-22 00:00:00-04:00,57.469766546512666,57.894221219519345,57.251298619327954,57.48225402832031,1799545,0.0,0.0
2014-04-23 00:00:00-04:00,57.25752802851112,57.41981484783039,56.19639476182152,56.45231246948242,1985294,0.0,0.0
2014-04-24 00:00:00-04:00,56.89550292855829,57.0515523390807,55.59093288080431,56.05283737182617,2272385,0.0,0.0
2014-04-25 00:00:00-04:00,55.67830825761703,55.834357635098335,54.67334976260199,54.78570556640625,1987278,0.0,0.0
2014-04-28 00:00:00-04:00,55.129030763412715,55.62838511831786,53.71210482705779,54.63591384887695,2606972,0.0,0.0
2014-04-29 00:00:00-04:00,55.11654239698668,55.23514196832847,54.31757670205338,54.585975646972656,2932033,0.0,0.0
2014-04-30 00:00:00-04:00,53.980498910927494,56.102765506064415,53.643431483354995,54.97921371459961,3021335,0.0,0.0
2014-05-01 00:00:00-04:00,53.387522073948304,53.62471490783283,50.69723227479584,51.358882904052734,6696894,0.0,0.0
2014-05-02 00:00:00-04:00,51.48371225594663,52.46994273758022,50.89072710918641,52.232749938964844,3840404,0.0,0.0
2014-05-05 00:00:00-04:00,51.90816699122616,52.713379431381654,51.73963327578288,52.37007141113281,2606707,0.0,0.0
2014-05-06 00:00:00-04:00,52.17658445097157,53.050459330606174,52.01429128674716,52.68842315673828,2664919,0.0,0.0
2014-05-07 00:00:00-04:00,52.42626137740935,53.01924666234173,51.42754633415454,52.02677536010742,3307632,0.0,0.0
2014-05-08 00:00:00-04:00,52.37007393948735,53.069174342683006,51.78332935201159,52.17657470703125,3092116,0.0,0.0
2014-05-09 00:00:00-04:00,52.05797318268109,52.17657273380127,50.422579627370645,51.152889251708984,3983288,0.0,0.0
2014-05-12 00:00:00-04:00,51.608554025344134,51.80829699376345,51.10295601475482,51.471229553222656,2922507,0.0,0.0
2014-05-13 00:00:00-04:00,51.50867866025469,51.80204935101697,51.08422409678836,51.55861282348633,2356660,0.0,0.0
2014-05-14 00:00:00-04:00,52.257709509214585,53.90558718427343,52.132872534746596,53.262664794921875,3838949,0.0,0.0
2014-05-15 00:00:00-04:00,53.094140428554596,53.64343200076146,52.70713883217663,53.24394607543945,2734244,0.0,0.0
2014-05-16 00:00:00-04:00,53.10662457883907,53.774515738274985,52.707141781385936,53.62471008300781,2266034,0.0,0.0
2014-05-19 00:00:00-04:00,53.531080949999044,53.57477453007712,52.782046348533626,53.25019454956055,2926079,0.0,0.0
2014-05-20 00:00:00-04:00,53.362549819808606,53.399999659362635,51.98307389105438,52.33262252807617,2603003,0.0,0.0
2014-05-21 00:00:00-04:00,52.4449767305754,53.26891727847471,52.101668693987676,52.22026824951172,2103305,0.0,0.0
2014-05-22 00:00:00-04:00,52.214030965186716,52.42001770273998,51.908175879405746,52.20779037475586,2470835,0.0,0.0
2014-05-23 00:00:00-04:00,52.42000567989318,53.08164987381686,52.1828097441433,52.95056915283203,1414287,0.0,0.0
2014-05-27 00:00:00-04:00,53.09415236963915,54.59846551728375,52.98179653409534,54.56725311279297,2377696,0.0,0.0
2014-05-28 00:00:00-04:00,54.55475335640444,54.92927058055279,54.31756058454715,54.42991638183594,1892948,0.0,0.0
2014-05-29 00:00:00-04:00,54.186485001292084,54.760751586599895,54.117829061106455,54.386234283447266,1431354,0.0,0.0
2014-05-30 00:00:00-04:00,54.47985901379517,54.89806989830531,53.99298588849152,54.83565139770508,3566543,0.0,0.0
2014-06-02 00:00:00-04:00,54.79820351274257,55.072846185272205,54.49858587854865,54.71706008911133,1798619,0.0,0.0
2014-06-03 00:00:00-04:00,54.46113263761455,54.97297440956279,54.27387714082023,54.860618591308594,1335833,0.0,0.0
2014-06-04 00:00:00-04:00,54.79195700837561,55.846852964590106,54.64839508915884,55.64710998535156,2314059,0.0,0.0
2014-06-05 00:00:00-04:00,56.05906951097352,57.494720010405786,55.50353422851707,57.39485168457031,5727135,0.0,0.0
2014-06-06 00:00:00-04:00,57.357391652032085,57.61955937797768,56.84554997824164,57.52592849731445,2194989,0.0,0.0
2014-06-09 00:00:00-04:00,57.407334046690224,57.613320742306236,56.85804249215757,57.20134735107422,2321204,0.0,0.0
2014-06-10 00:00:00-04:00,56.84555871643218,57.20135107728991,56.15270521408296,56.664546966552734,2453107,0.0,0.0
2014-06-11 00:00:00-04:00,56.53970659933523,56.81435555892952,56.240095280181556,56.6146125793457,1156964,0.0,0.0
2014-06-12 00:00:00-04:00,56.37741312143176,56.74568663711909,55.75321559617725,56.015377044677734,1640255,0.0,0.0
2014-06-13 00:00:00-04:00,57.232559929449096,58.306174384842116,57.076510547506444,57.5009651184082,3087221,0.0,0.0
2014-06-16 00:00:00-04:00,57.351156996479176,57.64452452947614,57.01408959000184,57.0889892578125,1769116,0.0,0.0
2014-06-17 00:00:00-04:00,56.920471464672985,57.80683060237742,56.73320965228156,57.62581253051758,1511924,0.0,0.0
2014-06-18 00:00:00-04:00,57.401091519978905,58.13764486798553,57.145173805230336,58.04401397705078,1326837,0.0,0.0
2014-06-19 00:00:00-04:00,57.80056771057654,58.17508491082474,56.66453493334872,56.976627349853516,2334963,0.0,0.0
2014-06-20 00:00:00-04:00,57.21383253823547,57.56962486166548,56.45231057920626,57.0889892578125,3451178,0.0,0.0
2014-06-23 00:00:00-04:00,56.895490394587085,57.22631406394363,56.28378036834677,57.17013931274414,1179058,0.0,0.0
2014-06-24 00:00:00-04:00,57.08275603880042,57.55714163814593,56.48977088939674,56.56467056274414,2019692,0.0,0.0
2014-06-25 00:00:00-04:00,56.771570289622886,57.862487635337885,56.60229252136851,57.64305114746094,1817141,0.302343,0.0
2014-06-26 00:00:00-04:00,57.66186832238433,57.74337150854435,57.1477571848384,57.61170959472656,1064486,0.0,0.0
2014-06-27 00:00:00-04:00,57.54273102518897,58.364053125108924,57.39853262346938,58.24493408203125,1997598,0.0,0.0
2014-06-30 00:00:00-04:00,58.094470895155254,58.307635975397396,57.67439950038642,57.8687629699707,1382932,0.0,0.0
2014-07-01 00:00:00-04:00,58.40796767604982,60.03179819242888,58.37034546041868,59.223018646240234,2991038,0.0,0.0
2014-07-02 00:00:00-04:00,59.103880693243354,60.38289020063442,58.95341084777913,60.13837432861328,2229387,0.0,0.0
2014-07-03 00:00:00-04:00,60.44557355600409,60.60858621475555,59.530205489499004,60.527076721191406,1650443,0.0,0.0
2014-07-07 00:00:00-04:00,60.20105046164651,60.42675832238946,59.122669866624875,60.019229888916016,3461100,0.0,0.0
2014-07-08 00:00:00-04:00,58.96594156652034,60.21987158830324,58.80920031379748,59.16030502319336,2447550,0.0,0.0
2014-07-09 00:00:00-04:00,58.627376327005585,59.82487600887038,58.627376327005585,59.12267303466797,1899299,0.0,0.0
2014-07-10 00:00:00-04:00,58.8091970276188,60.338993593791756,58.40794627771727,59.81861114501953,2199488,0.0,0.0
2014-07-11 00:00:00-04:00,59.59918511222388,62.0004565809467,59.592913689420826,61.29825973510742,4199996,0.0,0.0
2014-07-14 00:00:00-04:00,61.730851699300395,62.22615479906032,61.22928350609416,61.71204376220703,3220711,0.0,0.0
2014-07-15 00:00:00-04:00,61.536501537280834,62.68384278512306,61.49261423630739,61.88759994506836,2966563,0.0,0.0
2014-07-16 00:00:00-04:00,63.51145857483495,64.01929842453099,62.75910277318303,63.46757125854492,4654314,0.0,0.0
2014-07-17 00:00:00-04:00,62.552162816227444,63.266902270440866,61.18538545826321,61.53648376464844,4289431,0.0,0.0
2014-07-18 00:00:00-04:00,61.555300641416444,62.55844332566884,61.36720861945417,62.35781478881836,3759172,0.0,0.0
2014-07-21 00:00:00-04:00,62.35154628402611,62.47694308065943,61.743395551769446,62.08822250366211,1474616,0.0,0.0
2014-07-22 00:00:00-04:00,62.307652629113306,63.0725508612019,62.295116114917924,62.79668426513672,1689074,0.0,0.0
2014-07-23 00:00:00-04:00,62.91583008512741,63.116458676125795,62.32648083040397,62.44560623168945,1344168,0.0,0.0
2014-07-24 00:00:00-04:00,62.58980466951834,62.815512625438856,62.09450777953697,62.44560623168945,2105555,0.0,0.0
2014-07-25 00:00:00-04:00,62.23244406166705,62.66504572396428,61.92522657314497,62.29513931274414,1285824,0.0,0.0
2014-07-28 00:00:00-04:00,62.35156948541673,63.31709670107381,61.8625376175184,63.20424270629883,2203589,0.0,0.0
2014-07-29 00:00:00-04:00,62.840567335014164,63.49261158202558,62.63993882273191,63.19166564941406,2267754,0.0,0.0
2014-07-30 00:00:00-04:00,63.392294185010506,64.3703573916992,63.28571167215366,63.42991638183594,3445489,0.0,0.0
2014-07-31 00:00:00-04:00,62.48320996520172,64.50830342300881,61.42364339144875,62.62741470336914,2928593,0.0,0.0
2014-08-01 00:00:00-04:00,61.89387190159526,63.01613379736679,61.83117666086057,62.88447189331055,3313454,0.0,0.0
2014-08-04 00:00:00-04:00,62.884467253195,64.27005918321703,62.765348203102036,64.01300048828125,3067111,0.0,0.0
2014-08-05 00:00:00-04:00,63.56786422514875,64.28887535366921,63.461281677278144,63.73087692260742,2535265,0.0,0.0
2014-08-06 00:00:00-04:00,63.448751177739524,64.10706079618356,63.33589719623784,63.87508773803711,1999185,0.0,0.0
2014-08-07 00:00:00-04:00,63.98791940891617,64.42679233485735,63.342146534298415,63.69951629638672,2178981,0.0,0.0
2014-08-08 00:00:00-04:00,63.768488845924495,63.88761423225653,63.17914599355819,63.511436462402344,1773349,0.0,0.0
2014-08-11 00:00:00-04:00,63.57412778997694,64.02554361737074,63.204221465426635,63.28572463989258,1410715,0.0,0.0
2014-08-12 00:00:00-04:00,63.3421401685566,63.3421401685566,61.71203275668425,62.389156341552734,3315570,0.0,0.0
2014-08-13 00:00:00-04:00,62.04432978381932,62.95342642015713,62.04432978381932,62.9471549987793,2611337,0.0,0.0
2014-08-14 00:00:00-04:00,63.160321561027544,63.18540091625248,62.27003292823557,62.92207717895508,1940841,0.0,0.0
2014-08-15 00:00:00-04:00,63.323315900732695,63.51767928487085,62.37033222430965,63.0850715637207,2100395,0.0,0.0
2014-08-18 00:00:00-04:00,63.14151929542148,63.59292874486812,62.86565269155671,63.2230224609375,1324058,0.0,0.0
2014-08-19 00:00:00-04:00,63.29197806625882,63.59918906707247,62.47692756820975,62.70262908935547,2064542,0.0,0.0
2014-08-20 00:00:00-04:00,62.58353895645514,63.20423266491682,62.55218816851743,62.84686279296875,1467339,0.0,0.0
2014-08-21 00:00:00-04:00,62.78413276388543,63.1415024378554,62.677543940973216,63.135231018066406,1734056,0.0,0.0
2014-08-22 00:00:00-04:00,63.41740267111757,63.66819000885677,62.99106609547467,63.32335662841797,1344830,0.0,0.0
2014-08-25 00:00:00-04:00,63.592948142418756,64.35157520607157,63.592948142418756,63.89389419555664,1087374,0.0,0.0
2014-08-26 00:00:00-04:00,63.755951700252446,64.1258580439194,63.53024377489103,63.91896438598633,1415345,0.0,0.0
2014-08-27 00:00:00-04:00,64.1760102965826,64.89702130054972,63.91895794151304,64.39544677734375,1803514,0.0,0.0
2014-08-28 00:00:00-04:00,63.75593439470458,64.32646914734366,63.737126460759235,63.994178771972656,1791342,0.0,0.0
2014-08-29 00:00:00-04:00,64.43308726060494,64.890768289132,63.881353862868366,64.58355712890625,1741862,0.0,0.0
2014-09-02 00:00:00-04:00,64.62117368073389,64.73402766521922,63.649381457801624,63.950321197509766,1890038,0.0,0.0
2014-09-03 00:00:00-04:00,64.21991319875971,64.21991319875971,63.48009407785558,63.78731155395508,1801265,0.0,0.0
2014-09-04 00:00:00-04:00,63.787295282881814,64.08823493047004,63.10390016147449,63.2919921875,1654412,0.0,0.0
2014-09-05 00:00:00-04:00,63.461263779952844,63.611733589121684,62.93461628367364,63.27317810058594,1776128,0.0,0.0
2014-09-08 00:00:00-04:00,63.42994689743594,63.76850253310726,62.54592293657389,62.972259521484375,2630256,0.0,0.0
2014-09-09 00:00:00-04:00,63.08507410857402,63.09761694850831,62.332718877278175,62.60231399536133,2077639,0.0,0.0
2014-09-10 00:00:00-04:00,62.54590520112679,62.8531226154014,62.08195286122826,62.62741470336914,1822433,0.0,0.0
2014-09-11 00:00:00-04:00,62.47694877778994,63.12271544373393,62.00045356388745,62.73400115966797,1478056,0.0,0.0
2014-09-12 00:00:00-04:00,62.42678615138241,62.878201975446935,62.25750205316946,62.62741470336914,2235870,0.0,0.0
2014-09-15 00:00:00-04:00,62.5020224948521,62.87193517222741,61.066278071694235,61.16032409667969,2130824,0.0,0.0
2014-09-16 00:00:00-04:00,61.00357403163751,61.71204217136195,60.75278677731071,61.50514221191406,2015061,0.0,0.0
2014-09-17 00:00:00-04:00,61.517681856810086,61.63053579897079,60.47065192743821,61.32958984375,3105743,0.0,0.0
2014-09-18 00:00:00-04:00,61.41737030112836,62.658757455209816,61.02865605192464,62.43305587768555,3046604,0.0,0.0
2014-09-19 00:00:00-04:00,62.19479954896158,62.79041371321065,61.52394731336849,61.768463134765625,8066463,0.0,0.0
2014-09-22 00:00:00-04:00,61.762200203823056,61.906398601809315,61.33586377470272,61.56783676147461,2206764,0.0,0.0
2014-09-23 00:00:00-04:00,61.60547607689753,61.71205863169242,60.81549822999091,60.828041076660156,1830635,0.0,0.0
2014-09-24 00:00:00-04:00,60.80294257344966,61.86878044267442,60.67754578812062,61.66188049316406,2068775,0.0,0.0
2014-09-25 00:00:00-04:00,61.824897640234546,61.8813214514481,59.912658226754324,60.30764389038086,2102909,0.0,0.0
2014-09-26 00:00:00-04:00,60.30136760852795,61.21047056350882,60.226135866306564,60.99729919433594,1623321,0.0,0.0
2014-09-29 00:00:00-04:00,60.20732983086891,60.75278529269507,59.831145794382984,60.34525680541992,2103835,0.0,0.0
2014-09-30 00:00:00-04:00,60.33273578508372,61.27318346106505,60.19480244673256,61.0161247253418,2267225,0.0,0.0
2014-10-01 00:00:00-04:00,60.73910834822649,60.92797028891159,59.44852951281306,59.5429573059082,2529841,0.302343,0.0
2014-10-02 00:00:00-04:00,59.59962751864901,60.027723532084785,58.74973279690764,59.87663269042969,2008843,0.0,0.0
2014-10-03 00:00:00-04:00,60.21658844135,60.60691335209076,59.845155446923975,60.059200286865234,1794914,0.0,0.0
2014-10-06 00:00:00-04:00,60.38027290727493,60.58172948751916,59.58703484247136,59.61851501464844,2154241,0.0,0.0
2014-10-07 00:00:00-04:00,59.32891906038865,59.59962692433973,58.71825204023186,58.74343490600586,2010828,0.0,0.0
2014-10-08 00:00:00-04:00,58.77492166103789,60.30472850359504,58.37200847250908,60.2228889465332,2238648,0.0,0.0
2014-10-09 00:00:00-04:00,60.23546625703555,60.23546625703555,58.78120828454487,58.79379653930664,2177129,0.0,0.0
2014-10-10 00:00:00-04:00,59.02045700189339,59.64371245643699,56.94923400878906,56.94923400878906,2967224,0.0,0.0
2014-10-13 00:00:00-04:00,56.73517129618314,57.18215290388929,54.31140128010537,54.43730926513672,4421069,0.0,0.0
2014-10-14 00:00:00-04:00,54.940960637858204,55.092051509285334,53.707038086460145,54.05958557128906,3811563,0.0,0.0
2014-10-15 00:00:00-04:00,53.12783294398225,53.700725622371365,52.158324457110496,53.5748176574707,4539875,0.0,0.0
2014-10-16 00:00:00-04:00,52.66826274866672,54.4058263297788,52.359780611634534,53.87699890136719,2174483,0.0,0.0
2014-10-17 00:00:00-04:00,54.38693603584211,55.27460817784578,54.311393797030014,54.67023849487305,3011545,0.0,0.0
2014-10-20 00:00:00-04:00,54.78356719400749,55.50754765868923,54.67653841397524,55.29350280761719,2605649,0.0,0.0
2014-10-21 00:00:00-04:00,55.91044839189423,57.14437054980772,55.72158645146058,57.08770751953125,3060628,0.0,0.0
2014-10-22 00:00:00-04:00,57.11290684485327,57.28288963018411,56.10562380871426,56.20005798339844,2298713,0.0,0.0
2014-10-23 00:00:00-04:00,56.97439877008136,57.333237121339984,56.40780019402371,57.03105545043945,2409315,0.0,0.0
2014-10-24 00:00:00-04:00,57.333242292081565,57.80540675563038,56.7603527139802,57.71726989746094,1968756,0.0,0.0
2014-10-27 00:00:00-04:00,57.76763661951078,59.05821569590885,57.0499471310075,58.51679992675781,3032184,0.0,0.0
2014-10-28 00:00:00-04:00,58.724556060060266,59.284857412735775,57.717273086401846,58.59864807128906,3574085,0.0,0.0
2014-10-29 00:00:00-04:00,58.54826461039968,61.38124433612943,58.277556797442934,60.304710388183594,5676067,0.0,0.0
2014-10-30 00:00:00-04:00,59.93960419646084,60.22919770864417,59.24709741910962,59.92700958251953,2753295,0.0,0.0
2014-10-31 00:00:00-04:00,61.17980071524927,62.06746657007027,60.53765986417636,61.92897033691406,3526986,0.0,0.0
2014-11-03 00:00:00-05:00,62.1493113117842,63.88057456156155,62.010808726723084,63.42729568481445,3684687,0.0,0.0
2014-11-04 00:00:00-05:00,63.099909758573254,63.71057657426346,62.70329405304459,62.955116271972656,2778432,0.0,0.0
2014-11-05 00:00:00-05:00,63.433588745279074,63.83020455864566,62.97401894868694,63.76095962524414,1618029,0.0,0.0
2014-11-06 00:00:00-05:00,62.95512988382331,63.628750811269214,61.41901973527592,61.61418533325195,4287049,0.0,0.0
2014-11-07 00:00:00-05:00,61.664561074086485,62.30670835938699,61.280539789500374,61.507179260253906,6690676,0.0,0.0
2014-11-10 00:00:00-05:00,61.45680642780298,61.6960341284321,61.10425900487675,61.46939468383789,2459060,0.0,0.0
2014-11-11 00:00:00-05:00,61.469371397457195,61.651942345022455,60.682430944758636,61.03498458862305,1926156,0.0,0.0
2014-11-12 00:00:00-05:00,61.05389378329559,61.765285940373886,60.7517057364728,61.463104248046875,2088885,0.0,0.0
2014-11-13 00:00:00-05:00,61.36237269980262,61.796759676260294,61.12314499748542,61.589012145996094,1680342,0.0,0.0
2014-11-14 00:00:00-05:00,61.70232125455373,62.205959439291426,61.55752138431366,61.95414352416992,1476336,0.0,0.0
2014-11-17 00:00:00-05:00,61.87861113270351,62.26892971599849,61.23647021388175,62.0359992980957,2428499,0.0,0.0
2014-11-18 00:00:00-05:00,61.9352545333596,63.71059240389009,61.78416370625987,63.20065689086914,2675106,0.0,0.0
2014-11-19 00:00:00-05:00,63.10622952813829,63.2258465544753,62.54592822765811,62.898475646972656,1562198,0.0,0.0
2014-11-20 00:00:00-05:00,62.96144342017115,64.09464087963356,62.375965479695466,64.0694580078125,1587071,0.0,0.0
2014-11-21 00:00:00-05:00,64.60455452769531,65.14596384647697,63.47765475910783,64.0253677368164,3450913,0.0,0.0
2014-11-24 00:00:00-05:00,63.9183657887598,64.82492382741344,63.87429734824178,64.69271850585938,1627422,0.0,0.0
2014-11-25 00:00:00-05:00,64.84378419937472,65.47333673616382,64.5667790497491,64.61084747314453,3087088,0.0,0.0
2014-11-26 00:00:00-05:00,64.214213058088,65.2781585704478,63.94350529151984,65.26556396484375,1939386,0.0,0.0
2014-11-28 00:00:00-05:00,65.18374617860849,65.47333959563973,64.82490147114636,65.01376342773438,1140955,0.0,0.0
2014-12-01 00:00:00-05:00,64.90674245143549,65.07672520606651,63.79243718400253,64.30867004394531,2419370,0.0,0.0
2014-12-02 00:00:00-05:00,64.32755944068299,64.98859222900944,64.05056061081412,64.66751861572266,1705744,0.0,0.0
2014-12-03 00:00:00-05:00,64.81231986356671,65.0830213936589,64.28349235098922,64.93193054199219,1428840,0.0,0.0
2014-12-04 00:00:00-05:00,64.86895457926548,65.60552938047506,64.79340600177198,65.29705047607422,1929331,0.0,0.0
2014-12-05 00:00:00-05:00,65.47334399201924,66.23510188341379,65.22781898382165,66.14696502685547,2845508,0.0,0.0
2014-12-08 00:00:00-05:00,65.81956982119529,66.6253958434664,65.56145665210536,66.13434600830078,2217480,0.0,0.0
2014-12-09 00:00:00-05:00,65.23410032309404,68.41333004089721,65.23410032309404,67.8656234741211,4760816,0.0,0.0
2014-12-10 00:00:00-05:00,68.23077051939975,69.02400852191724,67.36199027678224,67.50679016113281,3886048,0.0,0.0
2014-12-11 00:00:00-05:00,68.11115778456306,68.67774998607624,67.50678810965262,68.0167236328125,2525607,0.0,0.0
2014-12-12 00:00:00-05:00,67.26128503531251,67.77122072456234,66.48693871863661,66.49952697753906,2117462,0.0,0.0
2014-12-15 00:00:00-05:00,66.68206902415129,67.43123214258291,65.98956257787655,66.35469818115234,1952616,0.0,0.0
2014-12-16 00:00:00-05:00,66.12177370178821,68.03560778894867,65.75033440709608,65.78181457519531,3133922,0.0,0.0
2014-12-17 00:00:00-05:00,66.0021649928754,68.53296366994623,66.0021649928754,67.96006774902344,3089470,0.0,0.0
2014-12-18 00:00:00-05:00,68.94215812792739,70.81822742486136,68.77218174428829,70.73638153076172,4236378,0.0,0.0
2014-12-19 00:00:00-05:00,70.9567309731964,72.20324152734487,70.9567309731964,71.69330596923828,4980434,0.0,0.0
2014-12-22 00:00:00-05:00,71.50445270461393,72.07104501387307,71.31558436519666,71.94513702392578,2851594,0.0,0.0
2014-12-23 00:00:00-05:00,72.01437234253821,72.12139474569149,70.60417647920985,71.32816314697266,2783857,0.0,0.0
2014-12-24 00:00:00-05:00,71.53591402888813,71.6114626223574,70.9126587848761,71.20854949951172,1035909,0.0,0.0
2014-12-26 00:00:00-05:00,71.63662220948989,71.76253013653137,71.17704620225152,71.19593811035156,845529,0.0,0.0
2014-12-29 00:00:00-05:00,71.00079667236804,71.69960052007562,70.88118600741032,71.16448211669922,1313210,0.0,0.0
2014-12-30 00:00:00-05:00,70.92442457090621,71.27822402076094,70.63380268323084,70.95601654052734,1928802,0.302343,0.0
2014-12-31 00:00:00-05:00,70.86755867865065,70.93705590857584,69.8819708754393,69.93883514404297,1442599,0.0,0.0
2015-01-02 00:00:00-05:00,70.63374907209045,70.70956591539831,69.02901342706771,69.76820373535156,1278547,0.0,0.0
2015-01-05 00:00:00-05:00,69.63556813858553,70.27366968071497,68.5867965807653,68.84583282470703,2199752,0.0,0.0
2015-01-06 00:00:00-05:00,68.47938421280492,69.0795804137952,67.05154756312973,67.31057739257812,2665713,0.0,0.0
2015-01-07 00:00:00-05:00,67.92343254926543,68.5173092546365,67.17160238125369,68.32145690917969,2054222,0.0,0.0
2015-01-08 00:00:00-05:00,69.01641803868921,70.40634974485499,69.01641803868921,69.73665618896484,3351291,0.0,0.0
2015-01-09 00:00:00-05:00,70.09045899257798,71.94791234417838,69.9514645398124,70.8991470336914,2896576,0.0,0.0
2015-01-12 00:00:00-05:00,70.41265644840334,70.62114807905748,69.30070746197555,69.69873809814453,2008579,0.0,0.0
2015-01-13 00:00:00-05:00,70.12835759738118,71.12025845784648,68.70051445301657,69.1048583984375,2121563,0.0,0.0
2015-01-14 00:00:00-05:00,69.06064123042269,69.28808552238418,67.96133140398351,68.71947479248047,1760781,0.0,0.0
2015-01-15 00:00:00-05:00,69.04167927483782,69.1111764867183,66.12282188410218,66.1480941772461,2874482,0.0,0.0
2015-01-16 00:00:00-05:00,66.08490110619293,67.33583787201027,65.14353869879669,67.20316314697266,2483271,0.0,0.0
2015-01-20 00:00:00-05:00,67.68965805278759,67.68965805278759,66.46399319548388,67.34217834472656,1854052,0.0,0.0
2015-01-21 00:00:00-05:00,67.00100061974594,67.78441612473117,66.77987604701548,67.36743927001953,1373142,0.0,0.0
2015-01-22 00:00:00-05:00,67.31058644117445,67.39903628527263,65.98383240264025,66.5208511352539,4391566,0.0,0.0
2015-01-23 00:00:00-05:00,66.5271824266996,67.62649237903176,66.50191012724726,67.0326156616211,2977015,0.0,0.0
2015-01-26 00:00:00-05:00,64.10742984686988,64.43596332155508,61.093808953222265,63.797855377197266,7663081,0.0,0.0
2015-01-27 00:00:00-05:00,62.603777356180544,63.24188531389599,61.42865700508075,61.681373596191406,4372515,0.0,0.0
2015-01-28 00:00:00-05:00,65.85117589671802,66.30606457939662,62.95127648730027,63.071311950683594,6723354,0.0,0.0
2015-01-29 00:00:00-05:00,63.33666878836794,64.13271761673505,62.43321108059533,63.84841537475586,3352085,0.0,0.0
2015-01-30 00:00:00-05:00,63.096567824145446,63.83575855250189,61.2580673169208,61.428653717041016,3150063,0.0,0.0
2015-02-02 00:00:00-05:00,61.447602315463676,62.231017915251755,60.360925567046614,62.18047332763672,3066449,0.0,0.0
2015-02-03 00:00:00-05:00,62.205740004577564,63.652529272195494,61.52972693171609,63.6146240234375,2946321,0.0,0.0
2015-02-04 00:00:00-05:00,63.61463544745366,66.48926825160228,63.58936315138966,65.73112487792969,6003509,0.0,0.0
2015-02-05 00:00:00-05:00,65.61107812511767,66.2870912684722,65.20673417266607,65.77534484863281,2120901,0.0,0.0
2015-02-06 00:00:00-05:00,65.86379329983632,67.07050546392205,65.14987491883592,65.32677459716797,2311810,0.0,0.0
2015-02-09 00:00:00-05:00,65.21939615637294,65.40892886280476,64.61288001707666,64.82136535644531,1274843,0.0,0.0
2015-02-10 00:00:00-05:00,65.18779030960576,65.78798665116292,64.21483555039161,65.75640106201172,1721223,0.0,0.0
2015-02-11 00:00:00-05:00,65.70584143460607,67.10209251009498,65.53526143644096,67.02627563476562,2477450,0.0,0.0
2015-02-12 00:00:00-05:00,67.22213137221628,68.17613333319547,67.0389120302361,67.72124481201172,2273179,0.0,0.0
2015-02-13 00:00:00-05:00,68.20771209535809,68.77632268997162,67.63278821090363,67.98658752441406,1649516,0.0,0.0
2015-02-17 00:00:00-05:00,66.6535488934804,67.7465392581744,66.6535488934804,67.45591735839844,1723604,0.0,0.0
2015-02-18 00:00:00-05:00,67.49382024544995,68.8963914693359,66.41978255030892,68.86479949951172,3675426,0.0,0.0
2015-02-19 00:00:00-05:00,68.97850040869054,69.4207495875815,68.69419189906552,69.39547729492188,3693948,0.0,0.0
2015-02-20 00:00:00-05:00,69.3133362000873,70.46319026100291,68.34038178284179,70.3241958618164,3000696,0.0,0.0
2015-02-23 00:00:00-05:00,70.53901051797375,70.65905231154143,69.63555955227463,70.18521118164062,2328745,0.0,0.0
2015-02-24 00:00:00-05:00,69.8756453782624,70.02095310486152,68.22036424169252,68.84583282470703,2184935,0.0,0.0
2015-02-25 00:00:00-05:00,68.3909478470063,68.3909478470063,66.82411647332994,67.06419372558594,3111828,0.0,0.0
2015-02-26 00:00:00-05:00,67.44325119634843,68.5362475034101,67.1084044966711,67.81600952148438,2930974,0.0,0.0
2015-02-27 00:00:00-05:00,67.86654444830889,68.22666342187412,67.36111777819751,67.58856201171875,2148287,0.0,0.0
2015-03-02 00:00:00-05:00,67.86655938805029,69.49657462808757,67.37376556596035,68.72579193115234,2409315,0.0,0.0
2015-03-03 00:00:00-05:00,68.34038779166696,68.58047136666569,66.21758550391854,66.69774627685547,2370155,0.0,0.0
2015-03-04 00:00:00-05:00,66.09121485287565,66.67245827538005,65.29516019688805,66.56505584716797,2182289,0.0,0.0
2015-03-05 00:00:00-05:00,66.76725203016342,66.76725203016342,66.11651118168365,66.57771301269531,1166489,0.0,0.0
2015-03-06 00:00:00-05:00,66.12912551377882,66.647191454933,64.58756702235345,64.777099609375,1997465,0.0,0.0
2015-03-09 00:00:00-04:00,64.87187046247134,65.23198940018882,64.28430731387334,64.8086929321289,2225683,0.0,0.0
2015-03-10 00:00:00-04:00,64.07583340611536,64.51808257359646,62.78698477609227,62.793304443359375,3146888,0.0,0.0
2015-03-11 00:00:00-04:00,62.45213119724759,62.565853310242225,60.885300281610476,61.84561538696289,4356904,0.0,0.0
2015-03-12 00:00:00-04:00,60.24090270951776,62.43320291271216,60.0640029930237,62.26893615722656,3894515,0.0,0.0
2015-03-13 00:00:00-04:00,62.02884993420015,62.26892717523173,60.70209587481,61.40338134765625,2924227,0.0,0.0
2015-03-16 00:00:00-04:00,61.889838405609545,62.8059285710549,61.656080897259166,62.041465759277344,2005933,0.0,0.0
2015-03-17 00:00:00-04:00,61.61817492722341,62.022518825461006,60.796854173892264,61.043251037597656,1984500,0.0,0.0
2015-03-18 00:00:00-04:00,61.68767849447414,62.224697191854624,60.75895519237576,61.83930587768555,3402756,0.0,0.0
2015-03-19 00:00:00-04:00,62.129922888150304,62.9386107055775,62.01620076525832,62.7364387512207,2569663,0.0,0.0
2015-03-20 00:00:00-04:00,63.222915147599856,63.86101655124484,62.60375998998463,63.45667266845703,3198882,0.0,0.0
2015-03-23 00:00:00-04:00,63.425104644379886,64.03793392784264,62.869133245924814,62.951263427734375,2361423,0.0,0.0
2015-03-24 00:00:00-04:00,62.824899995344694,63.2292439775107,61.63714034486478,61.87722396850586,2327951,0.0,0.0
2015-03-25 00:00:00-04:00,62.256286464152836,62.256286464152836,59.760725719776296,59.77967834472656,2845244,0.0,0.0
2015-03-26 00:00:00-04:00,58.59191567284547,59.754402792272,57.877997368658114,59.160526275634766,4691358,0.0,0.0
2015-03-27 00:00:00-04:00,59.55225214389582,59.64070199571219,58.358172767312695,58.58561706542969,2665051,0.0,0.0
2015-03-30 00:00:00-04:00,58.96468787448026,59.12894823846636,58.206544476978465,58.711971282958984,2364598,0.0,0.0
2015-03-31 00:00:00-04:00,58.39435869954573,58.476933151970655,57.346274175203845,57.80997085571289,3186975,0.377929,0.0
2015-04-01 00:00:00-04:00,57.52413141370551,58.66749811040373,57.05408087433706,58.6611442565918,3773064,0.0,0.0
2015-04-02 00:00:00-04:00,58.30542594911397,59.27093594743602,58.248260504459715,59.07402420043945,2753428,0.0,0.0
2015-04-06 00:00:00-04:00,58.54046775168319,59.42339709363039,58.330848250375205,59.19472885131836,2268548,0.0,0.0
2015-04-07 00:00:00-04:00,59.32175691382656,60.23644895488928,59.20106575367316,59.77910614013672,2670740,0.0,0.0
2015-04-08 00:00:00-04:00,59.97602590561772,60.09036322746281,59.37893029025351,59.652069091796875,2706329,0.0,0.0
2015-04-09 00:00:00-04:00,59.38528099366631,60.1030613356557,59.105794764086774,59.72193908691406,2700375,0.0,0.0
2015-04-10 00:00:00-04:00,60.109409826539505,61.29089318031255,59.995072520962836,60.90977096557617,2798542,0.0,0.0
2015-04-13 00:00:00-04:00,61.69742265553046,61.69742265553046,60.63027663746521,60.66203308105469,2343298,0.0,0.0
2015-04-14 00:00:00-04:00,61.37347752814404,61.59579832163298,60.50324950626471,61.08128356933594,2195651,0.0,0.0
2015-04-15 00:00:00-04:00,61.80539602588394,63.228255014091765,61.80539602588394,62.91065216064453,3358436,0.0,0.0
2015-04-16 00:00:00-04:00,62.173823400585405,62.64388033781999,61.84987303898033,62.142066955566406,3222034,0.0,0.0
2015-04-17 00:00:00-04:00,61.96422064922996,63.704683142436046,61.95151293986334,63.16475296020508,3951801,0.0,0.0
2015-04-20 00:00:00-04:00,63.15838356264141,64.83531974921327,63.15838356264141,64.5240707397461,3408313,0.0,0.0
2015-04-21 00:00:00-04:00,64.36527263221922,64.83532309692795,62.726446652762974,63.31718826293945,2554448,0.0,0.0
2015-04-22 00:00:00-04:00,63.4061314251532,63.81266269183966,62.91067184460146,63.71738052368164,1685237,0.0,0.0
2015-04-23 00:00:00-04:00,63.495043836672345,64.07943158472932,63.03134082060225,63.69195556640625,1558759,0.0,0.0
2015-04-24 00:00:00-04:00,63.863478504140836,63.958760678583964,62.93608500167449,63.361671447753906,1272991,0.0,0.0
2015-04-27 00:00:00-04:00,63.24098709218546,63.47601562630608,62.40251540738792,62.821754455566406,1952748,0.0,0.0
2015-04-28 00:00:00-04:00,62.54224812135977,62.6375302853142,61.4878096985227,62.1865348815918,3279849,0.0,0.0
2015-04-29 00:00:00-04:00,59.98237147624785,61.58308734945576,59.607596701907354,60.87165451049805,6072041,0.0,0.0
2015-04-30 00:00:00-04:00,60.73826379070318,62.22464240032348,60.73826379070318,62.084896087646484,4812016,0.0,0.0
2015-05-01 00:00:00-04:00,62.31991188729357,63.4632783364467,62.14840916396536,63.09486389160156,3259872,0.0,0.0
2015-05-04 00:00:00-04:00,63.12663239405248,63.47599817146479,62.56129970809995,63.20921325683594,2584216,0.0,0.0
2015-05-05 00:00:00-04:00,62.802676232180985,63.037704703964856,61.25277832382312,61.48145294189453,2860061,0.0,0.0
2015-05-06 00:00:00-04:00,61.564042254160476,61.84988236019784,59.74099891311824,60.26186752319336,3266884,0.0,0.0
2015-05-07 00:00:00-04:00,59.995083305663194,60.78909073391019,59.74099964631242,60.24281311035156,2036229,0.0,0.0
2015-05-08 00:00:00-04:00,60.916129630404946,61.513225270817465,60.82720131096803,61.316307067871094,1541295,0.0,0.0
2015-05-11 00:00:00-04:00,61.449707740984316,62.192897179932,60.88437494606935,61.01141357421875,1566564,0.0,0.0
2015-05-12 00:00:00-04:00,60.64933725399736,61.214669963367825,60.27456886957426,60.95423889160156,2033451,0.0,0.0
2015-05-13 00:00:00-04:00,61.233725113550975,61.748239814727754,60.85260287521418,60.95423889160156,1861196,0.0,0.0
2015-05-14 00:00:00-04:00,61.58309062419169,62.53589300990337,61.189260679826084,62.51049041748047,1716196,0.0,0.0
2015-05-15 00:00:00-04:00,62.64386982500924,62.662924971134366,61.818099808172555,62.04042053222656,2882817,0.0,0.0
2015-05-18 00:00:00-04:00,61.74822635111097,62.50412322061264,61.72281735255432,62.16746520996094,1457946,0.0,0.0
2015-05-19 00:00:00-04:00,62.11029248721687,62.148409190294295,60.211035590259996,60.71919631958008,3572629,0.0,0.0
2015-05-20 00:00:00-04:00,60.83989574403554,61.049508787504976,60.16022578719265,60.236446380615234,1826798,0.0,0.0
2015-05-21 00:00:00-04:00,60.40796033178041,60.77002741393655,59.950611088728884,60.50324249267578,1293894,0.0,0.0
2015-05-22 00:00:00-04:00,60.382556085319386,60.846252807153675,60.344445782581865,60.49053955078125,1172443,0.0,0.0
2015-05-26 00:00:00-04:00,60.49688182086698,60.97963360163048,58.762773616548145,59.2010612487793,2616233,0.0,0.0
2015-05-27 00:00:00-04:00,59.51866566565888,60.1284624660989,59.162952468291515,59.944252014160156,1779038,0.0,0.0
2015-05-28 00:00:00-04:00,61.97692584050682,63.368022586902,61.91976037944196,63.03136444091797,5204947,0.0,0.0
2015-05-29 00:00:00-04:00,62.80267734881762,62.847141502479985,61.379824431621955,61.84352111816406,3936983,0.0,0.0
2015-06-01 00:00:00-04:00,61.995967202921676,62.154768663743475,61.22736890193111,61.697425842285156,1893875,0.0,0.0
2015-06-02 00:00:00-04:00,61.608504556550514,61.80541633870634,61.30995675034109,61.58309555053711,1358721,0.0,0.0
2015-06-03 00:00:00-04:00,62.05314155209531,62.37074448647957,61.51956528831961,62.33898162841797,1884481,0.0,0.0
2015-06-04 00:00:00-04:00,61.80539522251612,62.211926356719836,60.09669625303856,60.59850311279297,2443846,0.0,0.0
2015-06-05 00:00:00-04:00,60.598525642788935,60.7128629675156,59.88074524462401,60.26186752319336,1389944,0.0,0.0
2015-06-08 00:00:00-04:00,60.12210666443474,60.52863785155341,58.68019877348604,58.81993865966797,2322659,0.0,0.0
2015-06-09 00:00:00-04:00,58.7881940218915,58.97875194761554,58.06405979871175,58.464237213134766,2073538,0.0,0.0
2015-06-10 00:00:00-04:00,59.08673346517781,59.766403508789786,58.50869944118092,59.45515441894531,2415666,0.0,0.0
2015-06-11 00:00:00-04:00,59.42337875637421,60.25550265011674,59.42337875637421,60.00141906738281,1713550,0.0,0.0
2015-06-12 00:00:00-04:00,59.41067218209958,59.63934674508016,58.52138933890421,59.08036804199219,1995084,0.0,0.0
2015-06-15 00:00:00-04:00,58.5849194636798,58.68020161780733,58.013232950472045,58.2800178527832,1715931,0.0,0.0
2015-06-16 00:00:00-04:00,58.10852699515353,58.59763274947475,57.79727787876731,57.83538818359375,1868473,0.0,0.0
2015-06-17 00:00:00-04:00,58.102160882779465,59.31540064220004,57.96876843246981,58.4515266418457,2347796,0.0,0.0
2015-06-18 00:00:00-04:00,58.50868519820647,58.95968049945527,57.867132023904766,58.705596923828125,2466072,0.0,0.0
2015-06-19 00:00:00-04:00,58.6547976285315,58.75007337924384,57.74009912922963,57.81632614135742,3427232,0.0,0.0
2015-06-22 00:00:00-04:00,58.254620172245794,58.381665206291835,57.60035908447421,58.18475341796875,1472631,0.0,0.0
2015-06-23 00:00:00-04:00,57.860779756171866,58.01322734110113,56.234655086108354,56.29182052612305,3895309,0.0,0.0
2015-06-24 00:00:00-04:00,56.24100073738372,56.41250344397479,55.5422757958312,55.72648620605469,2556565,0.0,0.0
2015-06-25 00:00:00-04:00,55.993290831049464,55.993290831049464,54.341756818777014,54.59584045410156,3477902,0.0,0.0
2015-06-26 00:00:00-04:00,53.960627343301915,54.525959990102216,53.27460674906762,53.64302444458008,3857868,0.0,0.0
2015-06-29 00:00:00-04:00,52.918889083081034,53.02687252074921,51.731055239839435,52.06135940551758,4464464,0.0,0.0
2015-06-30 00:00:00-04:00,52.27866766340589,52.64934673937938,50.06097638492154,50.11849594116211,5698955,0.377929,0.0
2015-07-01 00:00:00-04:00,50.585036393449634,50.776767151109205,50.022626601042305,50.7703742980957,4896026,0.0,0.0
2015-07-02 00:00:00-04:00,51.12827547426014,52.37452704581564,50.98128178185759,51.684295654296875,4366826,0.0,0.0
2015-07-06 00:00:00-04:00,51.01323699951172,51.128276103757166,50.07375528211485,51.01323699951172,4480869,0.0,0.0
2015-07-07 00:00:00-04:00,51.026019480589625,51.21136061803571,49.377131028831066,51.01323699951172,4439062,0.0,0.0
2015-07-08 00:00:00-04:00,50.68729964471281,50.955722095466655,49.97150321724653,50.048194885253906,3080738,0.0,0.0
2015-07-09 00:00:00-04:00,50.955721214733124,50.962114068472594,49.42826460755635,49.434654235839844,2787032,0.0,0.0
2015-07-10 00:00:00-04:00,50.124887062345934,50.284660018096204,48.9233725020041,49.274879455566406,2593874,0.0,0.0
2015-07-13 00:00:00-04:00,48.827501205780216,49.85006738532082,48.52073135191804,49.66472625732422,4031313,0.0,0.0
2015-07-14 00:00:00-04:00,49.81812158761021,50.31662228491695,49.428267154913954,50.08015441894531,4237569,0.0,0.0
2015-07-15 00:00:00-04:00,50.51474297114792,50.738431581082075,49.722254844320595,50.29105758666992,4420540,0.0,0.0
2015-07-16 00:00:00-04:00,50.46361754067246,50.872644097170635,50.0098539061483,50.418880462646484,3570380,0.0,0.0
2015-07-17 00:00:00-04:00,50.067374008855886,50.597829322097645,49.80534116667366,50.44444274902344,2967092,0.0,0.0
2015-07-20 00:00:00-04:00,50.4061040938042,50.470013291463104,49.626398335447796,50.09294128417969,2170778,0.0,0.0
2015-07-21 00:00:00-04:00,49.690300250174616,50.700084132833204,49.690300250174616,50.29105758666992,2243411,0.0,0.0
2015-07-22 00:00:00-04:00,50.291053045285565,50.33579011814132,49.2812692538125,50.182403564453125,3175332,0.0,0.0
2015-07-23 00:00:00-04:00,49.26209712293287,50.41887461407036,48.90419731478513,49.78615951538086,4821806,0.0,0.0
2015-07-24 00:00:00-04:00,50.054588446229786,50.092932668047155,49.10232414743867,49.37713623046875,2230843,0.0,0.0
2015-07-27 00:00:00-04:00,49.06397714375981,49.300445007110454,48.571869305976485,48.88502883911133,2588317,0.0,0.0
2015-07-28 00:00:00-04:00,49.09592417227563,50.009844116687916,48.616598890890764,49.68389892578125,4042823,0.0,0.0
2015-07-29 00:00:00-04:00,49.32600871166484,50.61699748428926,49.21736245103504,50.329402923583984,5661514,0.0,0.0
2015-07-30 00:00:00-04:00,54.60500155077719,56.53509503305717,54.33657910737813,55.24410629272461,10101237,0.0,0.0
2015-07-31 00:00:00-04:00,55.21853608650331,55.231321792639044,54.41326883275799,55.001243591308594,5200713,0.0,0.0
2015-08-03 00:00:00-04:00,55.09072410093471,55.474185663855955,54.33018737798728,54.86703872680664,3171363,0.0,0.0
2015-08-04 00:00:00-04:00,54.29823354880152,55.014026713556035,53.518524750698155,53.93394088745117,3650157,0.0,0.0
2015-08-05 00:00:00-04:00,53.81250808609481,54.751992994786065,53.59521236658308,54.125667572021484,3226665,0.0,0.0
2015-08-06 00:00:00-04:00,54.39409339298626,54.6561294237722,53.21814703390167,53.806121826171875,2653144,0.0,0.0
2015-08-07 00:00:00-04:00,53.99785470110709,54.202367960777146,53.25010370021143,53.37153244018555,2306651,0.0,0.0
2015-08-10 00:00:00-04:00,53.90198578342741,54.38770717696965,53.33957595205491,54.29823303222656,2157548,0.0,0.0
2015-08-11 00:00:00-04:00,53.74861178701804,54.234326813963364,52.604616590774754,53.16702651977539,3312263,0.0,0.0
2015-08-12 00:00:00-04:00,52.687701127292506,53.320416368036796,51.498968778018764,53.147857666015625,3866864,0.0,0.0
2015-08-13 00:00:00-04:00,52.79633836478525,53.1925823891391,52.11888942402799,52.13167190551758,2453900,0.0,0.0
2015-08-14 00:00:00-04:00,52.138061278863354,52.80912058832591,52.02941502491631,52.726036071777344,1627290,0.0,0.0
2015-08-17 00:00:00-04:00,52.4192629158202,53.5952124281094,52.03580139880899,53.429046630859375,2141937,0.0,0.0
2015-08-18 00:00:00-04:00,52.89859604815947,53.56326252070716,52.19558213037683,53.24371337890625,2242617,0.0,0.0
2015-08-19 00:00:00-04:00,52.419269856905835,53.16063125329549,52.18280199761894,52.22114944458008,3266487,0.0,0.0
2015-08-20 00:00:00-04:00,51.46699999846905,51.812117307418355,50.680901611721644,50.99406433105469,2623112,0.0,0.0
2015-08-21 00:00:00-04:00,50.406088116361445,52.272268996127224,50.38691600823217,50.7703742980957,4955826,0.0,0.0
2015-08-24 00:00:00-04:00,49.74142542658828,50.03541284442349,47.69629598409847,49.15984344482422,5202565,0.0,0.0
2015-08-25 00:00:00-04:00,50.46360907145864,50.57225532115746,47.932758484238164,48.03501510620117,3758114,0.0,0.0
2015-08-26 00:00:00-04:00,49.26848955126027,50.55308870585265,47.57486708982498,50.252708435058594,5160097,0.0,0.0
2015-08-27 00:00:00-04:00,50.91098187075358,52.35535711857435,50.802335616585815,52.029415130615234,3460174,0.0,0.0
2015-08-28 00:00:00-04:00,51.60760655208244,52.71325411376755,51.46061285239437,51.94633102416992,2325966,0.0,0.0
2015-08-31 00:00:00-04:00,51.901591301660005,52.54708562172246,51.30083405202487,52.380916595458984,2528650,0.0,0.0
2015-09-01 00:00:00-04:00,50.96211091204245,52.687687820058535,50.917373840460925,51.41587448120117,4061875,0.0,0.0
2015-09-02 00:00:00-04:00,52.547084855826945,52.547084855826945,50.82150479202573,51.863243103027344,3335151,0.0,0.0
2015-09-03 00:00:00-04:00,51.12827955529275,53.14145433912505,50.63616851512292,52.27866744995117,2688865,0.0,0.0
2015-09-04 00:00:00-04:00,51.27527109200983,51.96550250944625,50.78316329809748,51.14105987548828,2211924,0.0,0.0
2015-09-08 00:00:00-04:00,52.233928964434384,53.665521835140034,52.125282702348215,53.620784759521484,3071345,0.0,0.0
2015-09-09 00:00:00-04:00,53.59522065916444,54.18319873106525,52.54069971270442,52.655738830566406,2556565,0.0,0.0
2015-09-10 00:00:00-04:00,51.86964203439673,52.43205189903544,50.853465340290306,51.92076873779297,2992758,0.0,0.0
2015-09-11 00:00:00-04:00,51.441441718153776,52.310624731163344,50.949333878142525,51.46700668334961,2816270,0.0,0.0
2015-09-14 00:00:00-04:00,51.83128748410374,51.844069964564916,51.11549115646659,51.53730010986328,2377431,0.0,0.0
2015-09-15 00:00:00-04:00,51.74182708890508,51.79295379887343,51.16663466811487,51.60122299194336,3009957,0.0,0.0
2015-09-16 00:00:00-04:00,51.75460123961522,52.11889068176408,51.39670142563743,51.8696403503418,2764673,0.0,0.0
2015-09-17 00:00:00-04:00,51.620387483110605,52.668518749994945,51.268883743519645,51.594825744628906,2472687,0.0,0.0
2015-09-18 00:00:00-04:00,51.0452054682332,51.096335406446634,48.3993182530167,48.488792419433594,8703488,0.0,0.0
2015-09-21 00:00:00-04:00,48.69967441341262,49.49216231135262,48.277868731782306,48.73802185058594,2955979,0.0,0.0
2015-09-22 00:00:00-04:00,48.21396655511254,48.24592114680191,45.65116120996872,46.04740524291992,5468091,0.0,0.0
2015-09-23 00:00:00-04:00,46.015455063127135,46.31583534981026,44.999281532513955,45.65755844116211,3690641,0.0,0.0
2015-09-24 00:00:00-04:00,45.274084372690936,45.89401366146823,44.35377488003509,45.631980895996094,4100374,0.0,0.0
2015-09-25 00:00:00-04:00,46.01545363589404,46.0410186010861,44.8714585362947,45.03762435913086,3273367,0.0,0.0
2015-09-28 00:00:00-04:00,44.57107287394639,44.76919325227079,43.37594807484246,43.61880874633789,3602926,0.0,0.0
2015-09-29 00:00:00-04:00,44.08534826091694,44.71167038793245,43.407899442642645,44.334598541259766,4640687,0.0,0.0
2015-09-30 00:00:00-04:00,50.72054494537149,51.97584451047381,49.13693701298235,51.13897705078125,15468516,0.377929,0.0
2015-10-01 00:00:00-04:00,51.37715861353525,51.628218495695414,49.38155158965518,50.141170501708984,6048359,0.0,0.0
2015-10-02 00:00:00-04:00,49.426619528699476,51.13897705078125,48.69919035735122,51.13897705078125,3183932,0.0,0.0
2015-10-05 00:00:00-04:00,51.66040543753824,53.237577169578394,51.33209710831546,52.877079010009766,3820427,0.0,0.0
2015-10-06 00:00:00-04:00,52.64534278836736,53.80407941524575,52.47153131967363,53.44358444213867,3227855,0.0,0.0
2015-10-07 00:00:00-04:00,53.97788885275534,54.95637795625972,53.07664820502802,54.38988494873047,4473460,0.0,0.0
2015-10-08 00:00:00-04:00,54.35769571009359,55.03362697512008,53.9392603680485,54.89200210571289,2586465,0.0,0.0
2015-10-09 00:00:00-04:00,54.975685346887964,55.413431979937506,54.718192678531786,55.36193084716797,2960742,0.0,0.0
2015-10-12 00:00:00-04:00,55.47781205720568,55.490690590875055,53.62383277516,54.724632263183594,2854505,0.0,0.0
2015-10-13 00:00:00-04:00,54.293318964864426,55.23962467951138,54.15813336244998,54.3126335144043,1808012,0.0,0.0
2015-10-14 00:00:00-04:00,55.26537350446537,55.61298990100588,53.417827249746715,53.55301284790039,3479093,0.0,0.0
2015-10-15 00:00:00-04:00,51.66684567130289,53.00583291108165,51.325662031869086,52.22046661376953,9332442,0.0,0.0
2015-10-16 00:00:00-04:00,52.1432210644237,52.46509342108722,50.862170904271835,51.19047927856445,5446659,0.0,0.0
2015-10-19 00:00:00-04:00,52.93502553886155,53.25689790839013,50.9007955422691,51.808475494384766,7583436,0.0,0.0
2015-10-20 00:00:00-04:00,51.49947649963072,51.49947649963072,47.33445689937202,48.190635681152344,10655045,0.0,0.0
2015-10-21 00:00:00-04:00,46.832332343322335,50.707665781576225,45.853843333823505,45.98902893066406,20400792,0.0,0.0
2015-10-22 00:00:00-04:00,46.34952981620679,47.17352203496126,44.69510936087086,45.036293029785156,9823407,0.0,0.0
2015-10-23 00:00:00-04:00,45.5383978191243,45.82164423841269,44.46334602987035,44.63715744018555,8395493,0.0,0.0
2015-10-26 00:00:00-04:00,44.79166712226891,45.042727018950075,42.853997132112816,43.23380661010742,5687180,0.0,0.0
2015-10-27 00:00:00-04:00,43.60716849994846,43.703731479723196,42.776740519149016,43.240234375,5373629,0.0,0.0
2015-10-28 00:00:00-04:00,43.51705116461471,44.01273491897407,42.834683936926595,43.465553283691406,6436660,0.0,0.0
2015-10-29 00:00:00-04:00,43.56855241893305,44.60497854587642,43.13724507558598,43.65867614746094,6334789,0.0,0.0
2015-10-30 00:00:00-04:00,43.56212007832422,43.742367564033934,42.53856907115274,43.01493835449219,5756373,0.0,0.0
2015-11-02 00:00:00-05:00,43.034252913327514,44.00630278254033,42.57719168339641,43.67155838012695,4611978,0.0,0.0
2015-11-03 00:00:00-05:00,43.426935114600425,44.42473881652758,42.86687809784586,44.11574172973633,6284912,0.0,0.0
2015-11-04 00:00:00-05:00,44.08354683999742,44.22516844755901,42.789621579692565,44.12860870361328,6114641,0.0,0.0
2015-11-05 00:00:00-05:00,44.14791932181859,44.27666889396675,43.18230565288892,43.67798614501953,5084686,0.0,0.0
2015-11-06 00:00:00-05:00,43.658681111569436,44.07067720246921,43.2338097367199,43.70374298095703,3771344,0.0,0.0
2015-11-09 00:00:00-05:00,43.71018135693777,43.838930954509074,42.81537993844394,42.87975311279297,4336133,0.0,0.0
2015-11-10 00:00:00-05:00,42.53856132498845,42.73812007672129,40.74895558056016,40.929203033447266,8278805,0.0,0.0
2015-11-11 00:00:00-05:00,41.096585360394265,41.32189798105754,39.590225705216206,40.298343658447266,7166294,0.0,0.0
2015-11-12 00:00:00-05:00,40.20177601319391,40.98714227586381,40.08590171644588,40.169586181640625,5872268,0.0,0.0
2015-11-13 00:00:00-05:00,39.944282668991356,40.37559008721882,38.70185830432014,38.77267074584961,4807385,0.0,0.0
2015-11-16 00:00:00-05:00,38.8949735320231,40.14383692122028,38.77266322420985,39.6867790222168,4688580,0.0,0.0
2015-11-17 00:00:00-05:00,39.641720829110106,41.19957814041272,39.641720829110106,40.208213806152344,4866788,0.0,0.0
2015-11-18 00:00:00-05:00,40.5236557351055,41.495705654313554,40.291907099305064,41.35408401489258,5034677,0.0,0.0
2015-11-19 00:00:00-05:00,41.32189321872659,41.71457475732204,39.73828203383961,39.91852951049805,5842765,0.0,0.0
2015-11-20 00:00:00-05:00,39.97646655967127,40.671709145599436,39.59022103958596,39.725406646728516,4121939,0.0,0.0
2015-11-23 00:00:00-05:00,39.90566450539085,40.45284629813896,39.435731180694255,39.4743537902832,3223754,0.0,0.0
2015-11-24 00:00:00-05:00,39.26191240726311,39.86059198469052,38.99154119480384,39.80265808105469,3330785,0.0,0.0
2015-11-25 00:00:00-05:00,39.60309579782971,40.06659301487902,39.28122345240614,39.67390823364258,2346737,0.0,0.0
2015-11-27 00:00:00-05:00,39.757595799884605,39.96359059137881,39.46791004034543,39.73828125,1000585,0.0,0.0
2015-11-30 00:00:00-05:00,39.93140530609882,40.53008814566986,39.64815880359536,40.176029205322266,3714984,0.0,0.0
2015-12-01 00:00:00-05:00,40.18890431649847,41.206019263424004,40.176029032502825,41.154518127441406,3623432,0.0,0.0
2015-12-02 00:00:00-05:00,41.057954707084576,41.48926206252341,39.931401571157586,40.169586181640625,5611108,0.0,0.0
2015-12-03 00:00:00-05:00,40.17602954427387,41.000021739507005,39.525848811886426,40.954959869384766,6700069,0.0,0.0
2015-12-04 00:00:00-05:00,41.006452272914856,41.66950820078433,40.58158094796126,41.57294845581055,4273952,0.0,0.0
2015-12-07 00:00:00-05:00,40.935635571338615,41.077260414498795,40.317641572067124,40.79401397705078,2912188,0.0,0.0
2015-12-08 00:00:00-05:00,40.253282337535865,41.276833425345636,40.00222239155434,41.1995849609375,3135378,0.0,0.0
2015-12-09 00:00:00-05:00,40.92276036643227,41.560065613499006,40.07945388670702,40.52363967895508,4224339,0.0,0.0
2015-12-10 00:00:00-05:00,40.54295858418209,41.03863909210303,40.253272849838694,40.78114318847656,2934679,0.0,0.0
2015-12-11 00:00:00-05:00,39.91208321179962,40.20176890243099,38.94646965781539,39.96358108520508,6670963,0.0,0.0
2015-12-14 00:00:00-05:00,39.982898180523,40.54939106847388,38.01948112147217,38.22547912597656,5635980,0.0,0.0
2015-12-15 00:00:00-05:00,38.56667091168236,40.143842859838266,38.48298318928643,39.19110107421875,4477694,0.0,0.0
2015-12-16 00:00:00-05:00,39.59021913914554,39.91209147339021,38.94647771952908,39.24259948730469,3892001,0.0,0.0
2015-12-17 00:00:00-05:00,39.29409496697501,39.48721770593011,38.23191827828562,38.23835754394531,4035547,0.0,0.0
2015-12-18 00:00:00-05:00,38.032352829945275,38.67609409689147,37.74266714805262,37.89072799682617,5959189,0.0,0.0
2015-12-21 00:00:00-05:00,38.122495962770614,38.379991950948735,37.74912239393275,38.01949691772461,3456470,0.0,0.0
2015-12-22 00:00:00-05:00,37.99373762653467,38.618167772467515,37.298495044216864,38.425045013427734,5372571,0.0,0.0
2015-12-23 00:00:00-05:00,38.611723643199284,39.39065378204486,38.45078750299785,38.830596923828125,3880359,0.0,0.0
2015-12-24 00:00:00-05:00,38.94647917512968,39.8992176813643,38.91428934140383,39.40997314453125,1958172,0.0,0.0
2015-12-28 00:00:00-05:00,39.21040317603731,39.416397910066436,38.12891214136997,38.817718505859375,2957170,0.0,0.0
2015-12-29 00:00:00-05:00,39.2331698165239,39.895276650216715,39.031939213476086,39.63562774658203,2554581,0.377929,0.0
2015-12-30 00:00:00-05:00,39.43439839918541,40.08352559299756,39.43439839918541,39.65510177612305,2080285,0.0,0.0
2015-12-31 00:00:00-05:00,39.60317229018374,39.69404957082466,38.967028049659774,38.980010986328125,1984235,0.0,0.0
2016-01-04 00:00:00-05:00,38.50614728637454,39.28509725281335,38.20754958083717,39.20720291137695,4001281,0.0,0.0
2016-01-05 00:00:00-05:00,39.4343940529669,39.57720306819807,38.81123607787454,39.038429260253906,2068114,0.0,0.0
2016-01-06 00:00:00-05:00,38.77228665118918,38.84369115766299,37.727194752918074,38.16859817504883,3851121,0.0,0.0
2016-01-07 00:00:00-05:00,37.27280985513102,38.3243949927123,37.01965077349457,37.5389518737793,4009748,0.0,0.0
2016-01-08 00:00:00-05:00,37.623347078945045,37.68825850134208,35.56561502129202,35.95509338378906,5066296,0.0,0.0
2016-01-11 00:00:00-05:00,36.27314818030899,36.50034133602776,33.916822637764874,34.273841857910156,7249379,0.0,0.0
2016-01-12 00:00:00-05:00,34.527024851171475,35.20211495798601,33.43000056106362,33.988250732421875,6902091,0.0,0.0
2016-01-13 00:00:00-05:00,34.001223769096,34.455610263591886,32.112263434994816,32.44981002807617,9727887,0.0,0.0
2016-01-14 00:00:00-05:00,32.67049977016868,32.73541116334706,31.24891274085305,31.969444274902344,7948319,0.0,0.0
2016-01-15 00:00:00-05:00,31.054182181472342,31.30085142719418,29.794879907523452,30.66470718383789,9490937,0.0,0.0
2016-01-19 00:00:00-05:00,31.242429991286087,31.32681744236908,29.56119373226268,30.151899337768555,6141498,0.0,0.0
2016-01-20 00:00:00-05:00,29.587158585081347,29.892246122869334,27.983816726044697,29.723474502563477,8444048,0.0,0.0
2016-01-21 00:00:00-05:00,29.918214071095658,29.918214071095658,28.003294711275238,28.522592544555664,9651550,0.0,0.0
2016-01-22 00:00:00-05:00,29.35996627347587,29.781896974965996,28.522591424803306,29.048385620117188,7327965,0.0,0.0
2016-01-25 00:00:00-05:00,29.041890339556886,29.041890339556886,27.445041658162783,27.568374633789062,7232973,0.0,0.0
2016-01-26 00:00:00-05:00,27.711184271276814,30.184353325237876,27.568375250801626,29.431365966796875,10445085,0.0,0.0
2016-01-27 00:00:00-05:00,29.613124916730115,29.801369306440332,28.236976232168036,28.347326278686523,7972530,0.0,0.0
2016-01-28 00:00:00-05:00,28.68487285598279,29.892246643918224,28.53557399956127,29.6585636138916,8553857,0.0,0.0
2016-01-29 00:00:00-05:00,29.957158669817627,33.16383888334659,29.86628139797209,31.14505958557129,14638863,0.0,0.0
2016-02-01 00:00:00-05:00,30.904876762609476,32.36540917688964,30.508908784624456,31.930492401123047,8492602,0.0,0.0
2016-02-02 00:00:00-05:00,31.70979853579058,31.969450712866095,30.249265686862557,30.43751335144043,4844032,0.0,0.0
2016-02-03 00:00:00-05:00,30.67119967250462,31.248919050939243,30.164881530569527,31.18400764465332,5388447,0.0,0.0
2016-02-04 00:00:00-05:00,31.10611729063256,33.20928447081215,31.086644521457288,31.89805030822754,8439946,0.0,0.0
2016-02-05 00:00:00-05:00,31.735766283145693,32.00840141278164,29.723476534125222,29.7689151763916,6925244,0.0,0.0
2016-02-08 00:00:00-05:00,29.4508360998618,29.50276455759188,26.575208071553824,27.20486068725586,9787157,0.0,0.0
2016-02-09 00:00:00-05:00,27.139957539141907,27.21785353013399,25.71188020513688,26.08188247680664,8664724,0.0,0.0
2016-02-10 00:00:00-05:00,26.27661781335585,26.633637117184513,25.77029964705475,26.114336013793945,5965275,0.0,0.0
2016-02-11 00:00:00-05:00,25.815737286647455,26.594688911493357,25.082224301831886,26.029949188232422,6486801,0.0,0.0
2016-02-12 00:00:00-05:00,26.296089690555878,26.808899308037397,25.413279482703675,26.666091918945312,5051743,0.0,0.0
2016-02-16 00:00:00-05:00,27.0101323813969,27.88645453022176,26.990659611479707,27.769611358642578,5553160,0.0,0.0
2016-02-17 00:00:00-05:00,27.96434440444589,28.684872812330426,27.71118533194085,28.10066032409668,5980225,0.0,0.0
2016-02-18 00:00:00-05:00,28.211011013454886,29.106807447069205,27.600832638231033,28.827682495117188,6093738,0.0,0.0
2016-02-19 00:00:00-05:00,28.710839329024438,28.788733673994255,27.672237142635034,28.639434814453125,5237096,0.0,0.0
2016-02-22 00:00:00-05:00,29.03540590194281,30.086991133100504,28.996457087441453,29.92470932006836,5627513,0.0,0.0
2016-02-23 00:00:00-05:00,28.1136405391321,29.53522445048986,27.652761078620518,27.763111114501953,11152625,0.0,0.0
2016-02-24 00:00:00-05:00,27.633301858766878,28.542078289959644,26.99066590329501,28.50962257385254,7297800,0.0,0.0
2016-02-25 00:00:00-05:00,28.353815506781093,28.730307510742982,27.380126521951816,28.55504608154297,6358603,0.0,0.0
2016-02-26 00:00:00-05:00,28.769258211218983,29.1717161112318,28.353817375588044,28.49013328552246,4481266,0.0,0.0
2016-02-29 00:00:00-05:00,27.957847261751567,28.645923142992814,27.665742697825923,28.256444931030273,7216568,0.0,0.0
2016-03-01 00:00:00-05:00,28.65242069214543,29.94418208930009,28.061715023749933,29.92470932006836,9217076,0.0,0.0
2016-03-02 00:00:00-05:00,29.976635344246688,30.8205000477679,29.41838870495928,30.736112594604492,7605001,0.0,0.0
2016-03-03 00:00:00-05:00,30.72961779484409,31.813658469414836,30.684179160343344,31.586462020874023,5828080,0.0,0.0
2016-03-04 00:00:00-05:00,31.56049946721277,32.294014077860155,30.956814220262864,31.716291427612305,6640666,0.0,0.0
2016-03-07 00:00:00-05:00,31.294361873500534,33.280685689410895,31.268395999818683,32.50173568725586,8159867,0.0,0.0
2016-03-08 00:00:00-05:00,32.45629743559653,32.50173607706596,30.086988420593993,30.14540672302246,9064270,0.0,0.0
2016-03-09 00:00:00-05:00,30.359615383949695,31.33979584710817,30.125929107690173,30.79452896118164,6340478,0.0,0.0
2016-03-10 00:00:00-05:00,31.080148205232266,31.398221966467418,29.989617551374348,31.086641311645508,6141366,0.0,0.0
2016-03-11 00:00:00-05:00,31.722774414863263,32.41085023781051,31.61891422234639,32.37839126586914,6858035,0.0,0.0
2016-03-14 00:00:00-04:00,32.086289725895696,32.32646582928408,30.76207296653609,31.281373977661133,5765634,0.0,0.0
2016-03-15 00:00:00-04:00,31.08664716268864,31.2229631105732,29.561199305417063,29.606637954711914,7076992,0.0,0.0
2016-03-16 00:00:00-04:00,29.54820953859894,30.184353757773767,29.041891405713088,29.944177627563477,6602961,0.0,0.0
2016-03-17 00:00:00-04:00,29.742945749626895,30.50242291626138,29.6650514116217,29.85978889465332,5590866,0.0,0.0
2016-03-18 00:00:00-04:00,30.04803876324676,31.86559092290441,29.859791096154268,31.820152282714844,15581897,0.0,0.0
2016-03-21 00:00:00-04:00,31.9045450677061,32.255071311204816,31.482611022777977,31.99542236328125,5422845,0.0,0.0
2016-03-22 00:00:00-04:00,31.502076770579148,33.54682180464358,31.489093836021542,33.32611846923828,9186118,0.0,0.0
2016-03-23 00:00:00-04:00,33.23525359270721,33.33262400016818,31.560506827061133,31.62542152404785,8703752,0.0,0.0
2016-03-24 00:00:00-04:00,31.566988580605244,31.61242721413325,30.320666159202233,31.23593521118164,7849227,0.0,0.0
2016-03-28 00:00:00-04:00,30.904877297092938,31.573473766966085,30.781541073336477,31.209964752197266,5632143,0.0,0.0
2016-03-29 00:00:00-04:00,31.158034696981833,31.534529940858086,30.36610196075245,31.365755081176758,6417344,0.0,0.0
2016-03-30 00:00:00-04:00,31.62813240368032,31.706841209457114,29.450500041910967,30.263832092285156,12943306,0.377929,0.0
2016-03-31 00:00:00-04:00,30.24415537955789,31.09028248033475,29.903079477957593,30.985336303710938,6882378,0.0,0.0
2016-04-01 00:00:00-04:00,30.749202375350848,30.82791116101302,30.040816683809574,30.56554412841797,5302452,0.0,0.0
2016-04-04 00:00:00-04:00,30.44092185994838,30.827911415561513,30.152320769943504,30.34909439086914,4701545,0.0,0.0
2016-04-05 00:00:00-04:00,30.008019109767574,30.10640757714626,28.74210757859352,28.94544219970703,8019497,0.0,0.0
2016-04-06 00:00:00-04:00,28.879855830197275,29.371791666521094,27.817278660911263,29.332435607910156,8641439,0.0,0.0
2016-04-07 00:00:00-04:00,28.945447877706826,29.155340226349402,27.82383501896839,28.368242263793945,10014713,0.0,0.0
2016-04-08 00:00:00-04:00,28.46662531002958,29.070064869476806,28.05995937604163,28.269851684570312,6325792,0.0,0.0
2016-04-11 00:00:00-04:00,28.728992475205114,29.837486569040085,28.54533751085861,29.011035919189453,6638814,0.0,0.0
2016-04-12 00:00:00-04:00,29.476732621803908,29.476732621803908,28.223939690030623,28.840497970581055,5546016,0.0,0.0
2016-04-13 00:00:00-04:00,28.755226036619124,29.542320528326712,28.755226036619124,29.384902954101562,6214528,0.0,0.0
2016-04-14 00:00:00-04:00,27.777916109898154,27.777916109898154,26.702218850680303,27.430282592773438,19425344,0.0,0.0
2016-04-15 00:00:00-04:00,27.31877931244338,27.351574367801852,26.125017118443488,26.557920455932617,10729133,0.0,0.0
2016-04-18 00:00:00-04:00,26.564481529068775,27.102329409782218,26.302116103667437,26.9121150970459,5895420,0.0,0.0
2016-04-19 00:00:00-04:00,27.135122401800974,27.72544497780612,26.91867239057317,27.102327346801758,7130838,0.0,0.0
2016-04-20 00:00:00-04:00,27.226953183428282,28.81426274102243,27.10888833005028,28.387920379638672,8599765,0.0,0.0
2016-04-21 00:00:00-04:00,28.90608823936415,28.90608823936415,28.007486526186263,28.4338321685791,5947150,0.0,0.0
2016-04-22 00:00:00-04:00,28.44038952582706,29.411142334341022,28.34200436277044,28.637163162231445,5873988,0.0,0.0
2016-04-25 00:00:00-04:00,28.630599760095183,28.95199586299573,28.10586906433578,28.427265167236328,5181000,0.0,0.0
2016-04-26 00:00:00-04:00,28.70931438812127,29.358667722002217,28.59780723050777,29.21436882019043,5388447,0.0,0.0
2016-04-27 00:00:00-04:00,29.194686890447272,30.349094567475333,28.827377011992883,30.224472045898438,8220990,0.0,0.0
2016-04-28 00:00:00-04:00,30.447486816638612,31.208344033767954,30.01458347018016,30.21135711669922,9574022,0.0,0.0
2016-04-29 00:00:00-04:00,27.91566540846964,28.8601810755072,25.580615269901287,26.807172775268555,25640269,0.0,0.0
2016-05-02 00:00:00-04:00,26.636627169296467,27.213831022460397,26.32178870393432,26.79404640197754,11102351,0.0,0.0
2016-05-03 00:00:00-04:00,26.59071370958347,26.59071370958347,25.626521933860545,25.816736221313477,11898401,0.0,0.0
2016-05-04 00:00:00-04:00,25.783941138789263,26.157812026758126,25.20017793863756,25.97415542602539,13391803,0.0,0.0
2016-05-05 00:00:00-04:00,26.17749274296408,26.197170771178047,24.754161712902427,25.009967803955078,9641098,0.0,0.0
2016-05-06 00:00:00-04:00,24.68856635285257,25.003404827648072,24.052331716622337,24.445878982543945,11076288,0.0,0.0
2016-05-09 00:00:00-04:00,24.56394417659072,24.819751906518942,24.006418285925758,24.2425479888916,5947547,0.0,0.0
2016-05-10 00:00:00-04:00,24.242545802759608,25.305124404848193,23.75061172451828,25.167383193969727,14236538,0.0,0.0
2016-05-11 00:00:00-04:00,25.14770754590802,25.370718565202168,24.006418390331376,24.098247528076172,10132196,0.0,0.0
2016-05-12 00:00:00-04:00,24.275343032905067,24.478676024162706,23.40953798448075,23.8489990234375,10011141,0.0,0.0
2016-05-13 00:00:00-04:00,23.23243694390706,23.8030797306823,22.95039356576794,23.245553970336914,11661716,0.0,0.0
2016-05-16 00:00:00-04:00,23.23900402982991,23.514488178616027,22.95040284930804,23.33083152770996,8760377,0.0,0.0
2016-05-17 00:00:00-04:00,23.298032617252645,24.537708599299954,23.088140282399404,24.104806900024414,8978275,0.0,0.0
2016-05-18 00:00:00-04:00,24.157279687377816,25.541257968841265,23.947388995864447,25.22641944885254,9803165,0.0,0.0
2016-05-19 00:00:00-04:00,25.23297330097155,25.331361771765344,24.688566144041445,25.167383193969727,6784873,0.0,0.0
2016-05-20 00:00:00-04:00,25.587174913715906,26.479215843465163,25.351045166611815,25.947925567626953,8039210,0.0,0.0
2016-05-23 00:00:00-04:00,25.915126359505546,26.800607747507325,25.90856536228124,26.53824234008789,6596081,0.0,0.0
2016-05-24 00:00:00-04:00,27.15480027691136,27.882864066040025,26.87931784410012,27.732004165649414,9475194,0.0,0.0
2016-05-25 00:00:00-04:00,28.637164758627858,29.43082034553335,28.63060707150831,28.958560943603516,11191654,0.0,0.0
2016-05-26 00:00:00-04:00,28.866731997652735,29.575121064607966,28.348562191592325,29.10942268371582,10772131,0.0,0.0
2016-05-27 00:00:00-04:00,28.643722417933127,30.08673468109091,28.210822380306247,29.50952911376953,10619324,0.0,0.0
2016-05-31 00:00:00-04:00,29.86372907686449,30.532758936470525,29.443944337389365,30.526201248168945,10449451,0.0,0.0
2016-06-01 00:00:00-04:00,30.782002941736756,31.378881592759733,30.106412180658737,31.241140365600586,8710235,0.0,0.0
2016-06-02 00:00:00-04:00,31.142757004928768,32.1266253349303,31.142757004928768,31.733078002929688,10050963,0.0,0.0
2016-06-03 00:00:00-04:00,31.81833811334289,31.81833811334289,30.873822818068604,31.33296012878418,6538134,0.0,0.0
2016-06-06 00:00:00-04:00,31.260818519151048,31.62157410172987,31.18867071292692,31.4969482421875,7649586,0.0,0.0
2016-06-07 00:00:00-04:00,31.975768577243933,32.835014442849,31.942973514714847,32.6251220703125,9189161,0.0,0.0
2016-06-08 00:00:00-04:00,32.585761775604254,32.82844915448633,32.26436229252432,32.31027603149414,6743331,0.0,0.0
2016-06-09 00:00:00-04:00,32.14630516758963,32.22501397229589,31.496948425460936,31.5953369140625,7712693,0.0,0.0
2016-06-10 00:00:00-04:00,31.280498591640463,31.326412337213476,30.454047861034592,30.729530334472656,7774874,0.0,0.0
2016-06-13 00:00:00-04:00,30.59833918269694,31.149303933066726,30.33597217846233,30.35565185546875,6073893,0.0,0.0
2016-06-14 00:00:00-04:00,30.335981556317815,31.109960816752963,29.817811693721286,30.434370040893555,7230327,0.0,0.0
2016-06-15 00:00:00-04:00,30.434371542571263,30.84103756565289,30.178565442402313,30.342540740966797,4634469,0.0,0.0
2016-06-16 00:00:00-04:00,30.053940038716263,30.506519814345715,29.562007514948785,30.447490692138672,4349363,0.0,0.0
2016-06-17 00:00:00-04:00,30.539312200953383,30.965654520758484,30.368772624798474,30.558988571166992,6628627,0.0,0.0
2016-06-20 00:00:00-04:00,31.510061732952067,32.03479252524877,31.221460624761654,31.2280216217041,6177219,0.0,0.0
2016-06-21 00:00:00-04:00,31.313292965902388,32.11350630715369,31.08372424306218,32.054473876953125,7663081,0.0,0.0
2016-06-22 00:00:00-04:00,32.10694719746411,32.5660846228093,31.615011404344443,31.71339988708496,5669849,0.0,0.0
2016-06-23 00:00:00-04:00,32.3758730094081,33.62866609358545,32.34963563845895,33.32694625854492,9399121,0.0,0.0
2016-06-24 00:00:00-04:00,31.608451554376327,32.4742549159156,31.260814700024866,31.37887954711914,9897098,0.0,0.0
2016-06-27 00:00:00-04:00,31.149310395668838,31.1558713927957,27.31221947254628,27.666412353515625,14296470,0.0,0.0
2016-06-28 00:00:00-04:00,28.709316251100535,29.365230624617073,28.243617840373723,28.932327270507812,13516297,0.0,0.0
2016-06-29 00:00:00-04:00,29.569223091659616,30.6307171180222,29.17116366883483,30.252559661865234,9781601,0.377929,0.0
2016-06-30 00:00:00-04:00,30.332161088578584,31.36711659324029,29.754974107267735,31.35384750366211,8257505,0.0,0.0
2016-07-01 00:00:00-04:00,31.028783632634084,31.101761991421974,30.61081879936875,30.829753875732422,6305153,0.0,0.0
2016-07-05 00:00:00-04:00,30.763400562664266,30.770036783544665,29.25077412549246,29.66873550415039,7578409,0.0,0.0
2016-07-06 00:00:00-04:00,29.44316991865319,30.226019622484902,28.87261565884395,30.159677505493164,5647358,0.0,0.0
2016-07-07 00:00:00-04:00,32.03056214593526,32.03056214593526,31.360494652289777,31.619230270385742,10361471,0.0,0.0
2016-07-08 00:00:00-04:00,31.851444717894875,32.78688435398543,31.51972730006995,32.74044418334961,9614506,0.0,0.0
2016-07-11 00:00:00-04:00,32.839948323218564,33.4967466869989,32.34237238473573,32.82667922973633,7337623,0.0,0.0
2016-07-12 00:00:00-04:00,34.28623417107787,34.86342134802868,33.66923971189968,34.39238357543945,10648562,0.0,0.0
2016-07-13 00:00:00-04:00,34.44545585218133,34.783809373122075,33.994323404668194,34.505165100097656,5299012,0.0,0.0
2016-07-14 00:00:00-04:00,35.06244880868213,35.06244880868213,34.266326653026674,34.332672119140625,4791774,0.0,0.0
2016-07-15 00:00:00-04:00,34.5250744068376,34.558245471016555,33.85500685674026,34.27296829223633,4149325,0.0,0.0
2016-07-18 00:00:00-04:00,34.27296495555875,34.604682261543886,33.93461477668161,34.57814407348633,3907481,0.0,0.0
2016-07-19 00:00:00-04:00,34.59140830919072,34.62457936548144,33.87490076998279,33.96778106689453,5050023,0.0,0.0
2016-07-20 00:00:00-04:00,34.21325514042544,34.61795078274997,33.57635872705144,34.41228485107422,5524583,0.0,0.0
2016-07-21 00:00:00-04:00,34.17344659930083,34.55824026084969,34.027493269269016,34.266326904296875,4157263,0.0,0.0
2016-07-22 00:00:00-04:00,34.40565620237685,34.777177481668765,33.78866167984407,34.76390838623047,4396726,0.0,0.0
2016-07-25 00:00:00-04:00,34.76389929825323,35.13542382866634,34.5051603754587,34.54496765136719,3894383,0.0,0.0
2016-07-26 00:00:00-04:00,34.74400009835904,35.67944269654819,34.56487236488734,35.65290451049805,6722957,0.0,0.0
2016-07-27 00:00:00-04:00,36.03770040423774,36.19692619698798,35.095624787554314,35.453880310058594,4796801,0.0,0.0
2016-07-28 00:00:00-04:00,35.36099763707299,35.91164663098462,34.79707954896237,35.62636947631836,6684061,0.0,0.0
2016-07-29 00:00:00-04:00,33.68251436289355,33.83510394757215,31.21454281550608,31.51972198486328,23362857,0.0,0.0
2016-08-01 00:00:00-04:00,31.639130261416103,31.639130261416103,30.48475609073747,30.564367294311523,10556349,0.0,0.0
2016-08-02 00:00:00-04:00,30.783305868993935,31.340587707058468,29.449803824028038,29.887670516967773,11383357,0.0,0.0
2016-08-03 00:00:00-04:00,29.19106960251757,29.90757733062327,29.02521092909322,29.708547592163086,7550890,0.0,0.0
2016-08-04 00:00:00-04:00,29.602397400344593,29.80142713359575,29.390098571777344,29.390098571777344,5555674,0.0,0.0
2016-08-05 00:00:00-04:00,29.409996726611524,30.245922837157867,29.409996726611524,30.133140563964844,5627777,0.0,0.0
2016-08-08 00:00:00-04:00,30.504667622542108,30.736868434232708,30.060167969235728,30.086706161499023,5586764,0.0,0.0
2016-08-09 00:00:00-04:00,30.11986961601857,30.365339461807363,29.894301735275107,30.040258407592773,3949817,0.0,0.0
2016-08-10 00:00:00-04:00,30.133141631821285,30.25256013016623,28.587340722736922,28.640417098999023,7986422,0.0,0.0
2016-08-11 00:00:00-04:00,28.786370461372698,29.37019385952154,28.72002833923421,29.118087768554688,5014302,0.0,0.0
2016-08-12 00:00:00-04:00,29.111452824778176,29.47634116707286,28.925688869164237,29.396726608276367,3629651,0.0,0.0
2016-08-15 00:00:00-04:00,29.502878362928175,30.683787433165215,29.502878362928175,30.411779403686523,5733485,0.0,0.0
2016-08-16 00:00:00-04:00,30.57100655527144,30.697057919155515,30.226020174476258,30.371976852416992,4296972,0.0,0.0
2016-08-17 00:00:00-04:00,29.85448596424225,30.119861047829655,29.47633199473198,29.67536163330078,6257922,0.0,0.0
2016-08-18 00:00:00-04:00,29.841231057175204,30.45822215626063,29.774885588070248,30.39188003540039,4897614,0.0,0.0
2016-08-19 00:00:00-04:00,30.279092547401138,31.373757563651857,30.25255770963794,30.91598892211914,5169358,0.0,0.0
2016-08-22 00:00:00-04:00,30.80983710172926,30.909353617304397,30.13976972135534,30.610807418823242,3892928,0.0,0.0
2016-08-23 00:00:00-04:00,30.637350619691137,31.01550808361015,30.405149842984653,30.84964942932129,4194836,0.0,0.0
2016-08-24 00:00:00-04:00,30.929261921713145,31.18136802414021,30.020360744471084,30.126506805419922,3648569,0.0,0.0
2016-08-25 00:00:00-04:00,30.099971617987624,31.221174948962073,30.09333539660159,30.809843063354492,5455787,0.0,0.0
2016-08-26 00:00:00-04:00,31.028772638302236,31.53298140034803,30.80983763951314,31.13492202758789,4449646,0.0,0.0
2016-08-29 00:00:00-04:00,31.115021350586062,31.440105787090758,31.068581195120366,31.234439849853516,3714323,0.0,0.0
2016-08-30 00:00:00-04:00,31.380396869129907,31.579426587264358,31.002239400200995,31.247709274291992,3267413,0.0,0.0
2016-08-31 00:00:00-04:00,31.04867073897384,31.2211655677516,30.544462039668467,30.96242332458496,4414190,0.0,0.0
2016-09-01 00:00:00-04:00,30.962431103601634,31.23443915740395,30.318901814310145,30.7302303314209,3988977,0.0,0.0
2016-09-02 00:00:00-04:00,31.101749730759224,31.645762399436865,30.690417933969226,31.16145896911621,3731654,0.0,0.0
2016-09-06 00:00:00-04:00,31.247712642883375,31.645772122064212,31.068584872778438,31.5462589263916,5972154,0.0,0.0
2016-09-07 00:00:00-04:00,32.87975983239181,35.944824034021146,32.87975983239181,35.36100387573242,24617193,0.0,0.0
2016-09-08 00:00:00-04:00,35.221671692944795,35.75905490841726,35.049180175274714,35.473777770996094,9421612,0.0,0.0
2016-09-09 00:00:00-04:00,35.1287965162421,36.097410341430425,34.03413130774683,34.22652816772461,7983379,0.0,0.0
2016-09-12 00:00:00-04:00,33.835103413090685,34.850157452992086,33.238014180073215,34.704200744628906,8645144,0.0,0.0
2016-09-13 00:00:00-04:00,34.84352747987011,35.45388585975627,34.18009271134399,34.74401092529297,7321482,0.0,0.0
2016-09-14 00:00:00-04:00,34.76391333701178,34.94967735135779,34.35922093561382,34.491905212402344,5099239,0.0,0.0
2016-09-15 00:00:00-04:00,34.57150436449336,35.38752502582433,34.48525694448308,35.347721099853516,5261968,0.0,0.0
2016-09-16 00:00:00-04:00,36.30970374262431,37.119091651058454,36.02442660619637,36.44902420043945,12578952,0.0,0.0
2016-09-19 00:00:00-04:00,36.72766592943736,37.45080976947372,36.04433271857925,36.24336242675781,6276180,0.0,0.0
2016-09-20 00:00:00-04:00,36.43575938116758,36.65469442476882,35.898379452773604,36.104042053222656,4040574,0.0,0.0
2016-09-21 00:00:00-04:00,36.09078685065278,37.278332686976476,36.08415062713789,37.238525390625,5553160,0.0,0.0
2016-09-22 00:00:00-04:00,37.49725769352046,37.73609473212589,37.026219838629395,37.19871139526367,6037775,0.0,0.0
2016-09-23 00:00:00-04:00,37.11245973781488,37.68301067717415,37.032848523897606,37.1058235168457,5269112,0.0,0.0
2016-09-26 00:00:00-04:00,36.88688747384042,38.28009861952765,36.82054201322789,37.82232666015625,7807685,0.0,0.0
2016-09-27 00:00:00-04:00,37.676372982268425,39.35485787365064,37.59012555842074,39.049678802490234,10494698,0.0,0.0
2016-09-28 00:00:00-04:00,39.47792006589858,39.65858249466476,38.15306900880845,38.815494537353516,6453462,0.377929,0.0
2016-09-29 00:00:00-04:00,39.096518822585175,40.05335860321752,38.52107971584255,38.98945999145508,7100012,0.0,0.0
2016-09-30 00:00:00-04:00,39.09652164697897,39.57828811033326,38.60137578358116,39.123287200927734,5816966,0.0,0.0
2016-10-03 00:00:00-04:00,39.49129802554891,40.46151718388407,39.30394591943131,39.384239196777344,6831840,0.0,0.0
2016-10-04 00:00:00-04:00,39.712103431182896,39.84592780480436,38.96938474259796,39.27048873901367,6087388,0.0,0.0
2016-10-05 00:00:00-04:00,39.136661383476614,39.939600810166816,38.93592652680406,39.63850021362305,5876766,0.0,0.0
2016-10-06 00:00:00-04:00,39.611750571819925,39.65189553311675,38.32035457045321,38.84226608276367,6568166,0.0,0.0
2016-10-07 00:00:00-04:00,38.7485744376944,39.55151386425048,38.72180888962784,39.257102966308594,4652991,0.0,0.0
2016-10-10 00:00:00-04:00,39.70542091092464,39.96637662935601,39.297258017201315,39.65188980102539,4976332,0.0,0.0
2016-10-11 00:00:00-04:00,39.65189102636641,39.71211183839854,37.50402440236987,37.88542175292969,8451059,0.0,0.0
2016-10-12 00:00:00-04:00,37.97241469598081,38.71513367041037,37.45050315261634,37.758296966552734,5678978,0.0,0.0
2016-10-13 00:00:00-04:00,37.21629664414107,37.222986342848635,35.951663303204704,36.98879623413086,6585894,0.0,0.0
2016-10-14 00:00:00-04:00,37.21630458412403,37.78505404202537,36.60740679462118,36.694393157958984,5070927,0.0,0.0
2016-10-17 00:00:00-04:00,36.68100240414324,37.28320698562556,35.081813218870444,35.583648681640625,8723201,0.0,0.0
2016-10-18 00:00:00-04:00,36.17917623751621,36.37322146730166,35.463222889172904,36.125648498535156,4145885,0.0,0.0
2016-10-19 00:00:00-04:00,35.26247701839648,36.11225797426123,34.86100724288539,35.86468505859375,4902244,0.0,0.0
2016-10-20 00:00:00-04:00,35.85798812009385,36.33306142456606,35.66394632975623,36.03865051269531,2930710,0.0,0.0
2016-10-21 00:00:00-04:00,35.81784928101722,35.89144948883819,35.20895150297603,35.51005554199219,3656640,0.0,0.0
2016-10-24 00:00:00-04:00,35.677329029744534,35.965050269378345,35.570270199434084,35.811153411865234,4177108,0.0,0.0
2016-10-25 00:00:00-04:00,36.16578232211814,36.42673798950746,35.53681216541234,35.8847541809082,4412470,0.0,0.0
2016-10-26 00:00:00-04:00,35.811152178540425,37.918873460862585,35.556889575891454,37.818504333496094,11676798,0.0,0.0
2016-10-27 00:00:00-04:00,39.17682520253656,41.46520617534955,39.14336656574766,39.86601638793945,19958117,0.0,0.0
2016-10-28 00:00:00-04:00,39.93291020226197,40.81614287612221,39.5448232717899,39.61842346191406,6297745,0.0,0.0
2016-10-31 00:00:00-04:00,39.64519428431249,40.113577919489295,39.09651737299781,39.10321044921875,4449514,0.0,0.0
2016-11-01 00:00:00-04:00,39.15005495388659,39.41101067721743,37.671303603724425,38.30027389526367,5055315,0.0,0.0
2016-11-02 00:00:00-04:00,38.213288577058925,38.56122726901236,36.89512726299578,36.935272216796875,5578033,0.0,0.0
2016-11-03 00:00:00-04:00,37.089164326051176,37.45717882460702,36.71446012836394,36.89512252807617,4223810,0.0,0.0
2016-11-04 00:00:00-04:00,36.614100108534515,37.45049843913584,36.30630971026797,36.81483840942383,3579509,0.0,0.0
2016-11-07 00:00:00-05:00,37.744916868501534,38.78205032729216,37.67131326060567,38.58800506591797,5957469,0.0,0.0
2016-11-08 00:00:00-05:00,38.36718696303049,38.65490823565771,37.90549633754845,38.313655853271484,3935793,0.0,0.0
2016-11-09 00:00:00-05:00,37.52410094381641,38.83556930075371,36.83490982001505,38.46086502075195,7698934,0.0,0.0
2016-11-10 00:00:00-05:00,38.79542566139453,39.80578998699334,37.91218929005144,38.032630920410156,6424885,0.0,0.0
2016-11-11 00:00:00-05:00,37.95233726569088,39.47123365548754,37.64454349188644,39.404319763183594,8229060,0.0,0.0
2016-11-14 00:00:00-05:00,39.250418187121625,40.508358688977644,39.24372848715605,39.799095153808594,5841839,0.0,0.0
2016-11-15 00:00:00-05:00,39.805788119664335,40.140347437870425,39.283876663880775,39.95299530029297,5355107,0.0,0.0
2016-11-16 00:00:00-05:00,39.825864162979386,40.03328878000995,39.38424599594091,39.83255386352539,3917668,0.0,0.0
2016-11-17 00:00:00-05:00,39.95298720879722,40.314312009745805,38.55453278377218,39.34408950805664,8752968,0.0,0.0
2016-11-18 00:00:00-05:00,39.45784190665726,40.769309997558594,39.00953412632994,40.769309997558594,6399748,0.0,0.0
2016-11-21 00:00:00-05:00,40.88306309617767,41.71276818094398,40.729166239760225,40.929901123046875,5142766,0.0,0.0
2016-11-22 00:00:00-05:00,41.117260071058844,41.41167105706403,40.361158438991446,40.94329071044922,3567205,0.0,0.0
2016-11-23 00:00:00-05:00,40.68233182587735,41.1373293591677,40.347772531710625,40.842918395996094,2912717,0.0,0.0
2016-11-25 00:00:00-05:00,40.789402725493545,41.297931517138544,40.58866776502662,41.21094512939453,1740274,0.0,0.0
2016-11-28 00:00:00-05:00,40.836234063544666,42.23468885512315,40.836234063544666,41.66593933105469,6253424,0.0,0.0
2016-11-29 00:00:00-05:00,41.67931586371773,43.01754963880471,41.67931586371773,41.93357849121094,6685119,0.0,0.0
2016-11-30 00:00:00-05:00,42.32836666018063,43.0710855846007,41.98711760717311,42.596012115478516,7121709,0.0,0.0
2016-12-01 00:00:00-05:00,42.73653007349666,44.155057418139336,41.06373329623844,41.22432327270508,7287613,0.0,0.0
2016-12-02 00:00:00-05:00,41.157412765072856,42.58932288960672,41.157412765072856,42.388587951660156,4626399,0.0,0.0
2016-12-05 00:00:00-05:00,42.91717531285658,43.41232110815776,40.66894338283524,41.54548645019531,9083189,0.0,0.0
2016-12-06 00:00:00-05:00,41.53210696677782,43.00416507114903,41.38489980556844,42.72313690185547,6680489,0.0,0.0
2016-12-07 00:00:00-05:00,45.44643959726092,46.57055895974276,44.36916163706874,46.26945495605469,20473425,0.0,0.0
2016-12-08 00:00:00-05:00,46.32298782952611,46.503650251819934,45.21225449589301,45.66725540161133,6312165,0.0,0.0
2016-12-09 00:00:00-05:00,45.76762940958106,46.43674811186114,45.21226264269295,45.305938720703125,4102226,0.0,0.0
2016-12-12 00:00:00-05:00,45.29254549617493,45.29254549617493,43.54614892259584,44.35578155517578,4812677,0.0,0.0
2016-12-13 00:00:00-05:00,44.55652029472515,46.035268226136516,44.55652029472515,45.43306350708008,4696915,0.0,0.0
2016-12-14 00:00:00-05:00,45.13196228465248,45.69401866479962,44.65688889080569,44.94460678100586,3384499,0.0,0.0
2016-12-15 00:00:00-05:00,45.031596208239094,46.06203635221877,44.69703688666529,45.42637634277344,3709824,0.0,0.0
2016-12-16 00:00:00-05:00,46.02190173766283,46.02859143974803,44.770650539315795,44.95131301879883,6418931,0.0,0.0
2016-12-19 00:00:00-05:00,45.05836193840516,45.78769802039825,44.84424424192568,45.74085998535156,3372989,0.0,0.0
2016-12-20 00:00:00-05:00,46.3096123782864,47.95564353921583,45.98843581349028,46.135643005371094,5669849,0.0,0.0
2016-12-21 00:00:00-05:00,46.175777736561024,46.69768907845639,45.680631944745,46.31629180908203,3619728,0.0,0.0
2016-12-22 00:00:00-05:00,47.7682869965216,48.18313962846175,46.71108462555419,46.96534729003906,7221728,0.0,0.0
2016-12-23 00:00:00-05:00,46.931881246058104,47.299895756442176,46.63077723686004,47.07239532470703,2986143,0.0,0.0
2016-12-27 00:00:00-05:00,46.63747426807711,47.15938567699242,46.53710513085611,46.95195770263672,2781608,0.0,0.0
2016-12-28 00:00:00-05:00,47.08000226921338,47.956094976011556,46.25108033159747,46.64195251464844,4163481,0.377929,0.0
2016-12-29 00:00:00-05:00,46.51391199642385,46.79695703781809,45.69846882345538,46.11629867553711,4324226,0.0,0.0
2016-12-30 00:00:00-05:00,46.19716673688553,46.76999787051571,45.56368261489261,45.79281234741211,3736284,0.0,0.0
2017-01-03 00:00:00-05:00,46.46673685505858,47.376528356209505,46.21738717123809,46.790218353271484,5925717,0.0,0.0
2017-01-04 00:00:00-05:00,46.89130566263166,48.239143476227234,46.871085731617455,47.538265228271484,4833184,0.0,0.0
2017-01-05 00:00:00-05:00,47.88871533450264,48.60981027767445,47.26196875381437,47.54501724243164,4813471,0.0,0.0
2017-01-06 00:00:00-05:00,47.49783351223673,47.97631634073299,47.14739437834532,47.430442810058594,4331899,0.0,0.0
2017-01-09 00:00:00-05:00,47.780881969711835,48.72436887370405,47.46414156535827,48.4278450012207,5172401,0.0,0.0
2017-01-10 00:00:00-05:00,48.40088256999536,48.65697335340504,47.70000772244307,47.74044418334961,4830538,0.0,0.0
2017-01-11 00:00:00-05:00,47.962842143655145,48.89959136052951,47.55849108927519,48.15153884887695,5782436,0.0,0.0
2017-01-12 00:00:00-05:00,47.80110030101236,47.868491005765726,46.56782727609641,47.67979431152344,4565541,0.0,0.0
2017-01-13 00:00:00-05:00,47.571970693678,48.40088934844056,47.571970693678,47.8482780456543,2749723,0.0,0.0
2017-01-17 00:00:00-05:00,47.67305827713693,48.75133007501435,47.66632056641052,48.266109466552734,5961041,0.0,0.0
2017-01-18 00:00:00-05:00,48.515455496004556,49.51285428238636,48.23914815621874,49.357852935791016,5838531,0.0,0.0
2017-01-19 00:00:00-05:00,48.56263322492501,49.27024930287689,48.272847042336814,48.2998046875,5452480,0.0,0.0
2017-01-20 00:00:00-05:00,48.78501963391576,49.465677987725385,48.710887818901966,48.94676208496094,4647699,0.0,0.0
2017-01-23 00:00:00-05:00,49.16241450191754,49.19610985256464,47.91566271981351,48.960235595703125,6227626,0.0,0.0
2017-01-24 00:00:00-05:00,49.87677888116332,51.56831509660266,49.82286358762742,51.22461700439453,8611672,0.0,0.0
2017-01-25 00:00:00-05:00,53.765286193682094,54.762688408040894,53.30702325295834,53.92702865600586,17673825,0.0,0.0
2017-01-26 00:00:00-05:00,53.80571657889815,55.03898953522374,52.808317878423,52.8824462890625,13200629,0.0,0.0
2017-01-27 00:00:00-05:00,53.1452812930017,53.940507987847546,52.66006070377629,53.59006881713867,6938077,0.0,0.0
2017-01-30 00:00:00-05:00,53.42833014330686,53.819202381948955,52.90941079450928,53.38789367675781,5088126,0.0,0.0
2017-01-31 00:00:00-05:00,53.31376418443166,53.85290008947361,52.430930202789995,53.73159408569336,4786349,0.0,0.0
2017-02-01 00:00:00-05:00,54.23029524116145,54.38529319531301,52.875716109194705,53.34745788574219,5156789,0.0,0.0
2017-02-02 00:00:00-05:00,53.36092364098743,53.86636405022928,53.10483628247742,53.39461898803711,3946112,0.0,0.0
2017-02-03 00:00:00-05:00,53.495720163601185,53.812460576737706,53.22615392691406,53.327239990234375,3472743,0.0,0.0
2017-02-06 00:00:00-05:00,53.23962129116487,53.67767103609634,52.93635974592931,53.199188232421875,3052690,0.0,0.0
2017-02-07 00:00:00-05:00,53.468768942870796,53.6372491364774,53.00376483293658,53.27333450317383,3478432,0.0,0.0
2017-02-08 00:00:00-05:00,52.39722678728058,52.49157513100549,51.31221743327815,51.945701599121094,5952442,0.0,0.0
2017-02-09 00:00:00-05:00,52.39048295840783,52.956576392555164,52.12765447133331,52.59939956665039,3816723,0.0,0.0
2017-02-10 00:00:00-05:00,52.70048903370204,52.8689657808369,51.78395648275999,52.134395599365234,3807859,0.0,0.0
2017-02-13 00:00:00-05:00,52.565705912938384,53.01723109223905,52.43092110976183,52.8824462890625,3175068,0.0,0.0
2017-02-14 00:00:00-05:00,52.12765528545045,52.20852820671011,51.204388412144766,51.494171142578125,7131499,0.0,0.0
2017-02-15 00:00:00-05:00,51.55483627321869,51.89179665431815,51.08983217172142,51.22461700439453,4448058,0.0,0.0
2017-02-16 00:00:00-05:00,51.55483311495122,52.36353866028167,51.0696125086861,51.18417739868164,3898087,0.0,0.0
2017-02-17 00:00:00-05:00,51.04938118892442,51.089814243721285,50.045241510265434,50.4832878112793,6338096,0.0,0.0
2017-02-21 00:00:00-05:00,50.503512926028655,50.914605060799694,50.30133741417114,50.476558685302734,4547813,0.0,0.0
2017-02-22 00:00:00-05:00,50.35525537655729,50.86069588367055,50.0452526818077,50.18677520751953,3719482,0.0,0.0
2017-02-23 00:00:00-05:00,50.483285818383244,50.80676724981552,50.07219376974056,50.26763153076172,3820956,0.0,0.0
2017-02-24 00:00:00-05:00,49.27698874267247,50.31482410620767,49.027639019079594,50.30808639526367,5407763,0.0,0.0
2017-02-27 00:00:00-05:00,50.267644344971224,51.35939487950949,49.89698865620716,51.28526306152344,5312507,0.0,0.0
2017-02-28 00:00:00-05:00,51.15047509202622,52.30961626168985,51.01569368709196,51.810916900634766,6718326,0.0,0.0
2017-03-01 00:00:00-05:00,52.65332073834443,52.90267043332075,51.622223204086936,52.78136444091797,6175499,0.0,0.0
2017-03-02 00:00:00-05:00,52.85549003078224,53.34071054205476,51.271778007146736,51.40656280517578,6439173,0.0,0.0
2017-03-03 00:00:00-05:00,51.66940053680216,52.71397355524521,51.662659425053235,52.25571060180664,4264161,0.0,0.0
2017-03-06 00:00:00-05:00,51.87157247901509,52.296140047820586,50.83373724299108,51.75700759887695,5100165,0.0,0.0
2017-03-07 00:00:00-05:00,51.75700759887695,52.14787981476923,51.18417299468783,51.75700759887695,2808994,0.0,0.0
2017-03-08 00:00:00-05:00,51.676138593649945,51.99288241764627,51.39309352629132,51.52113723754883,2180966,0.0,0.0
2017-03-09 00:00:00-05:00,51.25830300815312,51.265044119198244,49.24328560271843,50.045249938964844,6647810,0.0,0.0
2017-03-10 00:00:00-05:00,50.550679206640794,50.86742294650513,50.227197757938406,50.543941497802734,3634546,0.0,0.0
2017-03-13 00:00:00-04:00,50.45633790989008,51.22460688280616,50.3619895660114,51.01569366455078,2783857,0.0,0.0
2017-03-14 00:00:00-04:00,50.72590752197143,51.08308436698814,50.1867716989747,51.01569366455078,3115665,0.0,0.0
2017-03-15 00:00:00-04:00,50.92134661667391,51.85809583325844,50.47656249769335,51.703094482421875,4241273,0.0,0.0
2017-03-16 00:00:00-04:00,51.92548439439034,52.47809906622798,51.527874468144894,51.98613739013672,3328668,0.0,0.0
2017-03-17 00:00:00-04:00,52.09395522007197,52.309609521578814,51.65590890814611,51.80417251586914,4490659,0.0,0.0
2017-03-20 00:00:00-04:00,51.817655918333195,52.296138760958605,51.22460819838876,51.50091552734375,4650213,0.0,0.0
2017-03-21 00:00:00-04:00,51.78396016293162,51.89852844052438,49.2904599129729,49.3443717956543,6803660,0.0,0.0
2017-03-22 00:00:00-04:00,49.18263401763904,50.57090839743378,48.104362324481365,50.49677658081055,4741500,0.0,0.0
2017-03-23 00:00:00-04:00,50.30807401060757,51.413299816168575,49.90371962201305,51.345909118652344,4730651,0.0,0.0
2017-03-24 00:00:00-04:00,53.697897012040364,54.6548627877394,52.27592717083261,52.68701934814453,11486154,0.0,0.0
2017-03-27 00:00:00-04:00,52.04679053289146,53.32050004599699,51.770483196192195,52.94984436035156,4675482,0.0,0.0
2017-03-28 00:00:00-04:00,53.05092115919778,54.58745891934947,52.96331053568361,54.290931701660156,5292529,0.0,0.0
2017-03-29 00:00:00-04:00,54.25024883622805,55.26065978026712,53.9450899052606,55.192848205566406,5951383,0.377929,0.0
2017-03-30 00:00:00-04:00,54.97585557058328,57.152647155393225,54.860571768856154,56.79323959350586,8869392,0.0,0.0
2017-03-31 00:00:00-04:00,56.69830102973145,56.962767576419466,55.870981908021,55.965919494628906,5497197,0.0,0.0
2017-04-03 00:00:00-04:00,56.013385278845064,56.23716965446259,54.59609792289702,55.701446533203125,5360135,0.0,0.0
2017-04-04 00:00:00-04:00,55.51834674518141,56.56266341676761,55.26743982626852,56.27784729003906,3839875,0.0,0.0
2017-04-05 00:00:00-04:00,56.53554860435223,57.45780189299813,55.64720110782291,56.08120346069336,5415568,0.0,0.0
2017-04-06 00:00:00-04:00,56.14900788322171,57.18654483961712,55.9455697340628,57.0237922668457,4180680,0.0,0.0
2017-04-07 00:00:00-04:00,57.003459263011806,57.89180679871445,56.325329701146465,57.75618362426758,5602773,0.0,0.0
2017-04-10 00:00:00-04:00,57.912146588724546,58.49533852928625,57.030582310881734,57.4917106628418,7109273,0.0,0.0
2017-04-11 00:00:00-04:00,58.69200057553017,59.67528571269614,57.45102182145118,58.352935791015625,10331307,0.0,0.0
2017-04-12 00:00:00-04:00,58.48855708589995,58.64452989347941,56.75255105776428,57.10517883300781,7625640,0.0,0.0
2017-04-13 00:00:00-04:00,56.827133509019845,57.4713571233938,56.29819367227827,56.623695373535156,6675461,0.0,0.0
2017-04-17 00:00:00-04:00,56.67794944148984,57.26792111832242,56.332104919872734,57.071266174316406,5117761,0.0,0.0
2017-04-18 00:00:00-04:00,56.84071120773965,57.08483498001193,55.97948623646613,56.19648742675781,5026077,0.0,0.0
2017-04-19 00:00:00-04:00,56.583019704548036,56.84748968520978,56.03373695160679,56.149017333984375,3473140,0.0,0.0
2017-04-20 00:00:00-04:00,56.54233760770468,57.362870181638264,56.44061679852835,57.240806579589844,3699637,0.0,0.0
2017-04-21 00:00:00-04:00,57.40354680128374,57.51883058829756,56.359230041503906,56.359230041503906,3533072,0.0,0.0
2017-04-24 00:00:00-04:00,57.342515775067895,58.63773949215344,57.07126604288103,58.16305160522461,5304436,0.0,0.0
2017-04-25 00:00:00-04:00,58.99715409324029,59.31587607477738,57.701930220713884,58.9157829284668,5235905,0.0,0.0
2017-04-26 00:00:00-04:00,57.301828091732425,57.89179978076159,56.58979624497942,57.37642288208008,10564023,0.0,0.0
2017-04-27 00:00:00-04:00,57.72905412418726,58.31224605965701,56.82036042942433,58.12236404418945,7966577,0.0,0.0
2017-04-28 00:00:00-04:00,61.458750990000766,61.70965449668495,58.59705056483044,60.40087127685547,23047454,0.0,0.0
2017-05-01 00:00:00-04:00,59.675273843562,59.96686977404007,58.40717618237827,59.471832275390625,11071393,0.0,0.0
2017-05-02 00:00:00-04:00,59.53965747663749,59.74987543482944,58.40718283536181,59.193809509277344,6415624,0.0,0.0
2017-05-03 00:00:00-04:00,59.0174845938218,60.577178116680734,58.64451752837928,60.50259017944336,5797518,0.0,0.0
2017-05-04 00:00:00-04:00,60.59076783712592,61.26889750212839,60.041484998815214,60.46870422363281,4415909,0.0,0.0
2017-05-05 00:00:00-04:00,60.305944778649135,61.533357073507354,60.08894359649494,61.51979064941406,4044411,0.0,0.0
2017-05-08 00:00:00-04:00,61.26209757584738,61.47231552430671,60.73315767661766,60.96371841430664,5161420,0.0,0.0
2017-05-09 00:00:00-04:00,60.305942905771,61.37738235917376,59.9668781413842,60.27203369140625,5082569,0.0,0.0
2017-05-10 00:00:00-04:00,60.29237091840767,60.89590559573767,60.18387376311974,60.71959686279297,3144374,0.0,0.0
2017-05-11 00:00:00-04:00,60.36696072270073,60.963712139546196,60.07536480252095,60.81452941894531,2810184,0.0,0.0
2017-05-12 00:00:00-04:00,60.86200484728175,61.09934879779732,60.407659735607,60.794193267822266,2621128,0.0,0.0
2017-05-15 00:00:00-04:00,60.71959356925247,60.88234271576382,60.02112135212647,60.36696243286133,3998635,0.0,0.0
2017-05-16 00:00:00-04:00,60.36019171378942,60.753501617586515,60.17030970614536,60.3262825012207,2906896,0.0,0.0
2017-05-17 00:00:00-04:00,59.85160343783368,59.919415028176154,57.735843488179974,57.79008865356445,5245960,0.0,0.0
2017-05-18 00:00:00-04:00,58.13592517763808,58.66486506055779,57.05091941205735,58.393611907958984,4451498,0.0,0.0
2017-05-19 00:00:00-04:00,58.69198770519283,59.3226483398874,58.59705013393249,58.76658248901367,4003795,0.0,0.0
2017-05-22 00:00:00-04:00,60.09570808015736,60.21099528289144,58.854736451415995,59.661712646484375,4280567,0.0,0.0
2017-05-23 00:00:00-04:00,59.743086463209806,59.89227603650364,58.53601714447148,59.69561767578125,3522355,0.0,0.0
2017-05-24 00:00:00-04:00,60.136416747298036,61.58083032893957,60.04825551875165,60.82810592651367,8097025,0.0,0.0
2017-05-25 00:00:00-04:00,61.234963571983805,61.282432355587154,60.048237137086396,60.53649139404297,4375029,0.0,0.0
2017-05-26 00:00:00-04:00,60.36697607840545,61.085791245726874,59.878721683690635,61.03832244873047,3889223,0.0,0.0
2017-05-30 00:00:00-04:00,61.08577527598053,62.57088086418209,60.92302613522858,61.90631103515625,4433770,0.0,0.0
2017-05-31 00:00:00-04:00,62.258946388733094,62.28606554335587,60.81453312120136,61.07221984863281,7318439,0.0,0.0
2017-06-01 00:00:00-04:00,60.99084151201837,62.23182004410954,60.862001571424486,62.10975646972656,4657357,0.0,0.0
2017-06-02 00:00:00-04:00,62.59123778151047,62.72686095528583,61.44519663729147,62.06229782104492,4221825,0.0,0.0
2017-06-05 00:00:00-04:00,62.00804421660739,62.048729798729056,60.509378752280924,60.63822555541992,5670510,0.0,0.0
2017-06-06 00:00:00-04:00,60.52293625201334,61.153590061169616,60.475467464932294,60.990840911865234,4797463,0.0,0.0
2017-06-07 00:00:00-04:00,61.01119279716519,61.90632351903162,60.82810083249912,60.984073638916016,3886974,0.0,0.0
2017-06-08 00:00:00-04:00,61.30279706156591,61.79783470598954,60.631450640611114,61.72323989868164,3505024,0.0,0.0
2017-06-09 00:00:00-04:00,61.77747760047611,62.34710307542921,57.091609897892866,58.325801849365234,7973986,0.0,0.0
2017-06-12 00:00:00-04:00,57.518828970625506,58.80726942317246,55.70144180835528,58.75301742553711,7825677,0.0,0.0
2017-06-13 00:00:00-04:00,60.041459260564345,61.32311638560323,59.4650506613673,61.0654296875,6666068,0.0,0.0
2017-06-14 00:00:00-04:00,61.20106139504984,61.3502509734598,58.94967867567711,59.53965377807617,5591130,0.0,0.0
2017-06-15 00:00:00-04:00,58.5360168964982,59.48539948586175,58.047769447079006,59.20736312866211,3598825,0.0,0.0
2017-06-16 00:00:00-04:00,59.51253554197599,60.00078307390403,58.85474877579741,59.07853317260742,5682285,0.0,0.0
2017-06-19 00:00:00-04:00,59.770214895756524,60.29915479001264,59.44471658151335,60.10927963256836,3334225,0.0,0.0
2017-06-20 00:00:00-04:00,60.143191014926096,60.753502087363685,59.79055984281807,59.83124542236328,5915927,0.0,0.0
2017-06-21 00:00:00-04:00,59.715965274253925,62.28607005824627,59.58712532360626,61.730010986328125,5754256,0.0,0.0
2017-06-22 00:00:00-04:00,61.89276099668984,61.913103786817,60.86878352016468,61.20106506347656,3023452,0.0,0.0
2017-06-23 00:00:00-04:00,61.66219723962054,64.42218424287726,61.44519605674097,63.296485900878906,11010271,0.0,0.0
2017-06-26 00:00:00-04:00,63.74404401341276,64.3611382431547,62.75397585456386,62.83535385131836,4918782,0.0,0.0
2017-06-27 00:00:00-04:00,61.879187855135896,62.99810279398321,60.902686121346775,62.28606414794922,7086517,0.0,0.0
2017-06-28 00:00:00-04:00,62.34062782098252,63.888404577737,61.95197854674685,63.867950439453125,4884781,0.377929,0.0
2017-06-29 00:00:00-04:00,63.547469325519394,63.567930341384766,61.91105605127089,62.49061965942383,7505776,0.0,0.0
2017-06-30 00:00:00-04:00,62.9474660991681,63.00201505616289,60.19283324058088,60.4110221862793,8751513,0.0,0.0
2017-07-03 00:00:00-04:00,60.68374751505394,60.85420780863203,58.13366345016384,58.154117584228516,6035923,0.0,0.0
2017-07-05 00:00:00-04:00,58.604143306152146,59.1496121836536,57.58820175789606,58.917789459228516,6773495,0.0,0.0
2017-07-06 00:00:00-04:00,58.75414180845751,59.03369310917138,57.77910866076711,58.72004699707031,5482247,0.0,0.0
2017-07-07 00:00:00-04:00,59.006414093243876,60.356455650849036,58.692768005292386,59.279151916503906,4546886,0.0,0.0
2017-07-10 00:00:00-04:00,59.231419124567516,61.031472113309285,58.84959032837486,60.86783218383789,6495269,0.0,0.0
2017-07-11 00:00:00-04:00,60.942836955415764,62.83835407846601,60.86783388517032,62.55879592895508,6788048,0.0,0.0
2017-07-12 00:00:00-04:00,63.34291884903375,65.12251787721759,63.14518409428468,64.18157958984375,7349530,0.0,0.0
2017-07-13 00:00:00-04:00,63.75885239566778,64.5156898403378,63.145193903238074,63.27474594116211,5478146,0.0,0.0
2017-07-14 00:00:00-04:00,63.65658381162263,65.10890337998121,63.54748589434527,64.3929672241211,4592398,0.0,0.0
2017-07-17 00:00:00-04:00,64.19522624914713,64.73387473884247,63.99067113695632,64.48159790039062,3382911,0.0,0.0
2017-07-18 00:00:00-04:00,64.20203549681794,64.65205396122283,63.820206653525844,64.27703857421875,2926344,0.0,0.0
2017-07-19 00:00:00-04:00,64.37931878224747,64.50887080897694,63.71793173546138,64.42022705078125,3774651,0.0,0.0
2017-07-20 00:00:00-04:00,64.77477986707355,65.1566086763121,64.24975837209207,64.7815933227539,4443825,0.0,0.0
2017-07-21 00:00:00-04:00,64.57023041720217,65.29980017406218,64.43386493980516,64.65205383300781,2888506,0.0,0.0
2017-07-24 00:00:00-04:00,64.73385963339322,65.24524041226154,64.42021358156066,64.51567077636719,2983233,0.0,0.0
2017-07-25 00:00:00-04:00,62.07470773316674,64.80888633966964,61.876972933999824,63.9224967956543,6647678,0.0,0.0
2017-07-26 00:00:00-04:00,64.27023891015565,64.4270585548984,63.09065043430731,63.38384246826172,3312527,0.0,0.0
2017-07-27 00:00:00-04:00,63.417919775781385,64.26340082632537,62.19742336130168,62.661075592041016,6934769,0.0,0.0
2017-07-28 00:00:00-04:00,60.001898088182855,60.001898088182855,57.342723379926355,57.93592071533203,14823421,0.0,0.0
2017-07-31 00:00:00-04:00,58.720053062449246,59.13597676939472,57.54728846972853,58.038211822509766,6738833,0.0,0.0
2017-08-01 00:00:00-04:00,58.15411541069098,58.87687170839867,57.86774377993008,58.4132194519043,5305230,0.0,0.0
2017-08-02 00:00:00-04:00,58.972335001667254,59.01324327248736,57.30864366572627,57.526832580566406,4971173,0.0,0.0
2017-08-03 00:00:00-04:00,57.61546359701115,57.96320106928673,57.144994442487835,57.622283935546875,4645185,0.0,0.0
2017-08-04 00:00:00-04:00,57.81319740831684,57.833658424806366,54.31536151911289,55.344940185546875,14161789,0.0,0.0
2017-08-07 00:00:00-04:00,55.33812441670834,55.65858743747694,54.813106285106485,55.20857238769531,6313356,0.0,0.0
2017-08-08 00:00:00-04:00,55.085848832581796,56.41543651945187,55.00402540482053,55.46085739135742,4750364,0.0,0.0
2017-08-09 00:00:00-04:00,55.03811583547372,55.65177084795385,54.90174690787599,55.22220993041992,3626608,0.0,0.0
2017-08-10 00:00:00-04:00,54.89492641057005,54.95629225575508,53.490335751441194,53.99489974975586,5676464,0.0,0.0
2017-08-11 00:00:00-04:00,53.89944406527739,54.704013532262216,53.394880052619264,54.479007720947266,4549400,0.0,0.0
2017-08-14 00:00:00-04:00,55.18130650292303,56.72908312737948,55.079028937965255,56.476802825927734,5159171,0.0,0.0
2017-08-15 00:00:00-04:00,56.61316196364785,57.30182004141795,56.1154183151329,57.151817321777344,4178960,0.0,0.0
2017-08-16 00:00:00-04:00,57.41091420381455,58.59731592413216,57.31545698966712,58.535953521728516,5515190,0.0,0.0
2017-08-17 00:00:00-04:00,58.28367170565062,58.36549512713115,56.23133465240614,56.23815155029297,3927193,0.0,0.0
2017-08-18 00:00:00-04:00,56.224512401418636,57.267728298992175,55.604040510366104,56.72907638549805,3972837,0.0,0.0
2017-08-21 00:00:00-04:00,56.57907837851575,57.27455344968692,55.67904817226349,57.17909622192383,4664633,0.0,0.0
2017-08-22 00:00:00-04:00,57.60183095198069,59.313247419035214,57.438190990034514,59.081424713134766,5851894,0.0,0.0
2017-08-23 00:00:00-04:00,58.92461096739576,60.68375621890301,58.67914755885423,60.21328353881836,6380829,0.0,0.0
2017-08-24 00:00:00-04:00,60.68376708208041,61.48833332020725,60.24056879941553,60.99059295654297,4674027,0.0,0.0
2017-08-25 00:00:00-04:00,60.78603177341178,61.84970192035101,60.411016333257535,61.536048889160156,4318669,0.0,0.0
2017-08-28 00:00:00-04:00,62.06789540603733,62.824732916936476,61.40650824422438,61.74742889404297,5702792,0.0,0.0
2017-08-29 00:00:00-04:00,60.97694839873326,61.617874516220596,60.05646405546462,61.413326263427734,4805268,0.0,0.0
2017-08-30 00:00:00-04:00,60.513294829629174,61.84970287343046,59.62008498130876,61.57014465332031,4830670,0.0,0.0
2017-08-31 00:00:00-04:00,61.570149023012675,61.67924693585605,59.64736369081435,60.186012268066406,6085668,0.0,0.0
2017-09-01 00:00:00-04:00,60.458747336882766,61.84970436681964,60.39056458568867,61.64514923095703,4587767,0.0,0.0
2017-09-05 00:00:00-04:00,61.365597915021254,62.1633505571532,60.25419911142581,61.02467727661133,4210183,0.0,0.0
2017-09-06 00:00:00-04:00,61.331499808504375,62.03379518479351,60.370107238542346,61.065582275390625,5577107,0.0,0.0
2017-09-07 00:00:00-04:00,61.36558735611788,61.36558735611788,60.26100220010984,60.28827667236328,3399581,0.0,0.0
2017-09-08 00:00:00-04:00,60.27466293558274,60.56785500702673,58.815522919265604,59.32008361816406,5290148,0.0,0.0
2017-09-11 00:00:00-04:00,59.790545699036855,60.20646253876382,59.197341321187224,59.57917022705078,4322109,0.0,0.0
2017-09-12 00:00:00-04:00,59.69508021194965,60.956478118227714,59.395067894698236,60.53374099731445,5307611,0.0,0.0
2017-09-13 00:00:00-04:00,58.97915481535475,58.97915481535475,56.81090611172076,58.460960388183594,11535502,0.0,0.0
2017-09-14 00:00:00-04:00,58.19503544284588,58.9382390539386,58.03820893725294,58.49504089355469,3894383,0.0,0.0
2017-09-15 00:00:00-04:00,58.69959683884635,60.73830014672335,58.69959683884635,60.35646438598633,7966048,0.0,0.0
2017-09-18 00:00:00-04:00,60.69057286495542,60.92921591921326,59.78372237649578,60.80648422241211,4129877,0.0,0.0
2017-09-19 00:00:00-04:00,60.47919917348707,62.01334198725945,59.11552355463613,61.3110466003418,10564817,0.0,0.0
2017-09-20 00:00:00-04:00,58.781412662409224,59.2177904845412,57.35637128364799,58.89051055908203,10344140,0.0,0.0
2017-09-21 00:00:00-04:00,58.733688135943765,58.8427860402003,57.383649746729866,58.290496826171875,5696970,0.0,0.0
2017-09-22 00:00:00-04:00,58.24275433710514,59.0745946886121,58.140476796802616,58.96550369262695,4170493,0.0,0.0
2017-09-25 00:00:00-04:00,58.71322256987272,59.42233816265769,58.29729893485193,58.699588775634766,3687995,0.0,0.0
2017-09-26 00:00:00-04:00,59.3473493906426,59.879184492827434,58.699602921526285,58.82915496826172,4942596,0.0,0.0
2017-09-27 00:00:00-04:00,59.313247682005986,60.82693626298808,59.08142497507773,60.492835998535156,5260116,0.0,0.0
2017-09-28 00:00:00-04:00,59.827694565787105,60.22540546577273,58.49743043877556,59.45741271972656,6298274,0.377929,0.0
2017-09-29 00:00:00-04:00,59.31341551832686,59.66998629891365,58.83342437671241,59.24484634399414,4939024,0.0,0.0
2017-10-02 00:00:00-04:00,58.175159662655304,58.284875900904005,56.60489618204995,57.18088912963867,9925543,0.0,0.0
2017-10-03 00:00:00-04:00,57.06431649656032,57.32488563718605,56.44718342957519,56.9134635925293,6054710,0.0,0.0
2017-10-04 00:00:00-04:00,56.80374313771121,58.17515092139131,56.65974578761159,57.83915710449219,4517119,0.0,0.0
2017-10-05 00:00:00-04:00,56.913457384257605,57.935156849984295,56.3306089744653,57.31116485595703,7251892,0.0,0.0
2017-10-06 00:00:00-04:00,57.24258965250902,58.744283600380186,56.92030692819006,57.496299743652344,4617138,0.0,0.0
2017-10-09 00:00:00-04:00,57.83915987131822,57.955728171553325,57.379738743601486,57.7843017578125,2704609,0.0,0.0
2017-10-10 00:00:00-04:00,58.696281323570595,59.50540720564526,58.28485938926411,58.9774169921875,5027135,0.0,0.0
2017-10-11 00:00:00-04:00,58.963727976247185,59.64257476776988,58.63458615294948,58.71001434326172,3863028,0.0,0.0
2017-10-12 00:00:00-04:00,58.69628664533306,59.135137671220185,58.42200302383224,58.80599594116211,2857945,0.0,0.0
2017-10-13 00:00:00-04:00,59.361420612780016,60.51340638999546,59.0391447688204,60.20484161376953,7045504,0.0,0.0
2017-10-16 00:00:00-04:00,60.16369959766214,60.2185577157552,59.333996516329485,59.539710998535156,3563368,0.0,0.0
2017-10-17 00:00:00-04:00,59.29285343335818,59.59456614654659,58.44258033043832,58.81972122192383,3955902,0.0,0.0
2017-10-18 00:00:00-04:00,58.77170577386519,59.16256459227837,58.11343618005514,58.627708435058594,4581681,0.0,0.0
2017-10-19 00:00:00-04:00,58.66885652064231,58.771706820703834,57.74315537109122,58.61399841308594,2773934,0.0,0.0
2017-10-20 00:00:00-04:00,59.224287554559446,60.1499888874312,58.97057394783122,59.25171661376953,3657566,0.0,0.0
2017-10-23 00:00:00-04:00,61.713387561366524,61.93966515367457,60.30768828498996,60.33511734008789,6350797,0.0,0.0
2017-10-24 00:00:00-04:00,60.56826467529342,61.23339334862884,60.067696500373415,60.26655197143555,3416648,0.0,0.0
2017-10-25 00:00:00-04:00,59.99912659761178,60.4722657100123,59.327138937825836,59.85512924194336,3720144,0.0,0.0
2017-10-26 00:00:00-04:00,60.122549407478004,61.48024261469123,60.012833189654245,61.288246154785156,5714831,0.0,0.0
2017-10-27 00:00:00-04:00,60.588832942983274,60.77397041950304,57.818584801154664,59.7317008972168,10299423,0.0,0.0
2017-10-30 00:00:00-04:00,59.6288425218305,60.40368738465353,58.641431130552874,58.826568603515625,6802866,0.0,0.0
2017-10-31 00:00:00-04:00,59.14199396676069,61.823099428189515,58.81971812886753,61.21282196044922,7489503,0.0,0.0
2017-11-01 00:00:00-04:00,61.720239574686445,62.55680152986728,60.959112711916475,61.1922492980957,5000940,0.0,0.0
2017-11-02 00:00:00-04:00,61.096259377766486,61.137399505327764,60.143128999828384,60.7534065246582,3447209,0.0,0.0
2017-11-03 00:00:00-04:00,61.08254991561213,61.12369004425548,59.32028648113566,59.66313934326172,3893192,0.0,0.0
2017-11-06 00:00:00-05:00,59.42999509094969,60.46541266021305,59.33399684439936,60.23912811279297,4080529,0.0,0.0
2017-11-07 00:00:00-05:00,60.23912849705215,60.2871276206335,58.943145239069054,59.032291412353516,4813339,0.0,0.0
2017-11-08 00:00:00-05:00,59.14884476929374,59.94425960486602,58.64828359582752,59.73855209350586,3674897,0.0,0.0
2017-11-09 00:00:00-05:00,59.31341582621069,60.5065416139066,59.00485107946904,60.088260650634766,3763935,0.0,0.0
2017-11-10 00:00:00-05:00,60.513406780683844,61.28139268959504,60.06769671781295,60.97282791137695,4268527,0.0,0.0
2017-11-13 00:00:00-05:00,60.4311337647091,61.089410521372706,60.4311337647091,60.643707275390625,2837306,0.0,0.0
2017-11-14 00:00:00-05:00,61.541955185738395,63.28364118451024,61.034535018882465,62.796791076660156,6941913,0.0,0.0
2017-11-15 00:00:00-05:00,62.261952115622904,62.52251777476935,61.377390983636474,61.96023941040039,4726947,0.0,0.0
2017-11-16 00:00:00-05:00,62.11795772044242,62.89280266156568,62.008241487387906,62.5430908203125,3107595,0.0,0.0
2017-11-17 00:00:00-05:00,62.515661939202836,62.8379377661391,62.07681089690056,62.604801177978516,2108730,0.0,0.0
2017-11-20 00:00:00-05:00,62.05623355094106,62.488225548384065,61.528236410559145,62.31679916381836,3527383,0.0,0.0
2017-11-21 00:00:00-05:00,62.80365585942244,63.98306369518561,62.57737134692887,63.32478713989258,4071136,0.0,0.0
2017-11-22 00:00:00-05:00,63.37963598307228,63.921344166526815,62.8859269084664,63.708770751953125,2955714,0.0,0.0
2017-11-24 00:00:00-05:00,63.74305999191448,63.880205249258466,63.25620990123401,63.619632720947266,1239783,0.0,0.0
2017-11-27 00:00:00-05:00,60.554550519718646,60.56826850964577,58.51115140864696,59.347713470458984,14640847,0.0,0.0
2017-11-28 00:00:00-05:00,59.7248498809145,59.96484550153046,58.92943483526062,59.58085250854492,5881264,0.0,0.0
2017-11-29 00:00:00-05:00,59.203710732670835,59.306567962646334,55.26776576845295,55.542049407958984,9462493,0.0,0.0
2017-11-30 00:00:00-05:00,56.1728993079157,56.29632660484543,53.89636023063304,54.074642181396484,9487762,0.0,0.0
2017-12-01 00:00:00-05:00,54.35578207826606,55.10320140361988,52.87466141700037,54.41749572753906,8541553,0.0,0.0
2017-12-04 00:00:00-05:00,54.417502627503026,54.808354635576414,52.51810070928708,52.87466812133789,7555521,0.0,0.0
2017-12-05 00:00:00-05:00,52.97751789902244,54.19121742297915,52.6415240385347,53.868934631347656,6083286,0.0,0.0
2017-12-06 00:00:00-05:00,53.48493332001749,54.122636348271634,53.14893951184594,53.38893508911133,4654049,0.0,0.0
2017-12-07 00:00:00-05:00,53.48494562119932,54.0746496696284,53.272375589129716,53.72494125366211,3534791,0.0,0.0
2017-12-08 00:00:00-05:00,54.938625286755425,56.008323824760225,54.458634127723954,55.86432647705078,6694645,0.0,0.0
2017-12-11 00:00:00-05:00,55.672336055186534,56.18661531908255,54.91806118572965,55.67919158935547,3322450,0.0,0.0
2017-12-12 00:00:00-05:00,55.94661436048258,56.742032789977635,55.6311905865166,56.07004165649414,3445224,0.0,0.0
2017-12-13 00:00:00-05:00,58.05857835066516,58.71685486890323,56.99573540672279,57.34544372558594,8494718,0.0,0.0
2017-12-14 00:00:00-05:00,57.5100283576129,57.660881266266145,56.52261334379575,56.66661071777344,4285991,0.0,0.0
2017-12-15 00:00:00-05:00,56.15232727849509,56.282613573522006,54.80834842641937,55.96718978881836,9473606,0.0,0.0
2017-12-18 00:00:00-05:00,56.57745496942584,57.48258605540474,56.43345762862071,57.33858871459961,5132182,0.0,0.0
2017-12-19 00:00:00-05:00,57.276882715449744,58.37401040220287,56.42660962337685,57.76373291015625,5209313,0.0,0.0
2017-12-20 00:00:00-05:00,58.39457345821999,58.463142632673396,56.31003456415219,56.755741119384766,6279620,0.0,0.0
2017-12-21 00:00:00-05:00,56.831167988831815,57.098592607988095,55.37061761334096,55.425472259521484,6511541,0.0,0.0
2017-12-22 00:00:00-05:00,55.459762566460974,55.78890085942154,55.171767857861596,55.32262420654297,2811375,0.0,0.0
2017-12-26 00:00:00-05:00,55.48719368348093,55.54205179799993,54.321496817026386,54.856346130371094,5165257,0.0,0.0
2017-12-27 00:00:00-05:00,54.91805123616528,55.54204315821742,54.60262750867576,55.51461410522461,3483724,0.0,0.0
2017-12-28 00:00:00-05:00,56.17699369981002,56.37018331174446,55.42492966201684,55.63882064819336,3046869,0.377929,0.0
2017-12-29 00:00:00-05:00,55.618121539661495,55.714716343516066,54.845359626676256,54.87295913696289,3690641,0.0,0.0
2018-01-02 00:00:00-05:00,55.549120996498885,56.432277440382,54.90745503671719,56.149391174316406,5151762,0.0,0.0
2018-01-03 00:00:00-05:00,56.57717165504848,57.191241609424054,56.44607920391562,57.03944778442383,4304116,0.0,0.0
2018-01-04 00:00:00-05:00,56.57716565685908,57.26713245058596,54.983348074073184,56.694461822509766,6844011,0.0,0.0
2018-01-05 00:00:00-05:00,56.846263789754225,57.24644628349291,56.308090694732286,57.053253173828125,3608350,0.0,0.0
2018-01-08 00:00:00-05:00,57.267126497396205,57.267126497396205,55.61811007110406,56.19078063964844,6450022,0.0,0.0
2018-01-09 00:00:00-05:00,56.245983298033295,56.64616571896373,55.49392281856102,55.62501525878906,5041556,0.0,0.0
2018-01-10 00:00:00-05:00,54.645265142607144,55.852703600955714,54.369280502639754,55.82510757446289,6537075,0.0,0.0
2018-01-11 00:00:00-05:00,55.83200641628338,57.20503846168671,55.81820666178831,56.74966049194336,5056638,0.0,0.0
2018-01-12 00:00:00-05:00,57.04635325063756,57.48103338108825,56.887661278410874,57.349937438964844,3956564,0.0,0.0
2018-01-16 00:00:00-05:00,57.750099993384914,58.633256276780145,57.47411539589786,57.87429428100586,7374799,0.0,0.0
2018-01-17 00:00:00-05:00,58.32967929146175,58.97824683094067,58.09509043979519,58.7574577331543,5818554,0.0,0.0
2018-01-18 00:00:00-05:00,58.764358961448785,59.73030690517264,58.69536367465374,59.613014221191406,6091092,0.0,0.0
2018-01-19 00:00:00-05:00,59.41982244233272,60.075288089171224,58.909248981712324,59.06104278564453,5210636,0.0,0.0
2018-01-22 00:00:00-05:00,59.29563168231797,59.60611396212234,58.716062902870654,59.50262451171875,5999144,0.0,0.0
2018-01-23 00:00:00-05:00,59.633712107909,60.40647742714725,59.34392772480589,60.2615852355957,4076692,0.0,0.0
2018-01-24 00:00:00-05:00,60.509958412095166,60.641054313671596,59.4612120923707,60.00628662109375,6213602,0.0,0.0
2018-01-25 00:00:00-05:00,60.841163689810294,61.98650513296084,60.47548234371827,60.71006774902344,9636732,0.0,0.0
2018-01-26 00:00:00-05:00,59.85450353887792,61.841605483188616,59.82690403022538,61.82090759277344,10833386,0.0,0.0
2018-01-29 00:00:00-05:00,61.227532821003734,61.95889539245014,60.15118685332085,60.33747482299805,6621218,0.0,0.0
2018-01-30 00:00:00-05:00,59.33702566121907,60.20638576829617,58.72295577408033,60.082191467285156,6258981,0.0,0.0
2018-01-31 00:00:00-05:00,61.5311173421405,62.91794551093506,61.17923234568242,61.39311981201172,11277649,0.0,0.0
2018-02-01 00:00:00-05:00,60.3236929106073,61.48973233172343,59.75101866510689,60.475486755371094,4703530,0.0,0.0
2018-02-02 00:00:00-05:00,60.02009827068547,60.11670004059259,58.65396775460725,58.81956481933594,6628759,0.0,0.0
2018-02-05 00:00:00-05:00,58.0950944068935,59.26803526317373,56.19079092005951,56.197689056396484,6886480,0.0,0.0
2018-02-06 00:00:00-05:00,55.59741603083449,58.371079554634875,55.36972879327553,58.12958908081055,6397763,0.0,0.0
2018-02-07 00:00:00-05:00,57.922605329376296,58.867862461598804,57.33613487456126,57.757015228271484,4944977,0.0,0.0
2018-02-08 00:00:00-05:00,57.715602753395466,58.23997592975339,55.25932693481445,55.25932693481445,5016287,0.0,0.0
2018-02-09 00:00:00-05:00,55.74920890398831,56.563370008123044,53.748307269436374,55.60431671142578,6123902,0.0,0.0
2018-02-12 00:00:00-05:00,56.05968087543657,57.30851832773017,56.05968087543657,56.811744689941406,4361666,0.0,0.0
2018-02-13 00:00:00-05:00,56.48056957730814,57.584515029284574,56.28737999374932,57.24643325805664,3894118,0.0,0.0
2018-02-14 00:00:00-05:00,56.50817033035846,57.67421295735838,56.50817033035846,57.49481964111328,4330576,0.0,0.0
2018-02-15 00:00:00-05:00,57.86740529448274,58.384876931848716,57.239535622091154,58.329681396484375,4144562,0.0,0.0
2018-02-16 00:00:00-05:00,58.15718631985603,59.55781429907481,58.115790541268716,58.584964752197266,3965693,0.0,0.0
2018-02-20 00:00:00-05:00,58.046793937385175,60.268481221239696,58.03299418329219,59.65441131591797,4976729,0.0,0.0
2018-02-21 00:00:00-05:00,59.537119454491126,60.39957798114286,59.07484335563705,59.109344482421875,3421675,0.0,0.0
2018-02-22 00:00:00-05:00,59.29563532192032,60.20639129145229,58.833359200753485,59.012752532958984,3004004,0.0,0.0
2018-02-23 00:00:00-05:00,60.01320003668873,61.62771908926358,59.68201289128267,61.50352478027344,5635848,0.0,0.0
2018-02-26 00:00:00-05:00,61.50352443173599,61.76570932065294,60.86875661796002,61.55872344970703,3647643,0.0,0.0
2018-02-27 00:00:00-05:00,61.696714648997244,62.04859968671988,60.01320029837517,60.1580924987793,4513150,0.0,0.0
2018-02-28 00:00:00-05:00,60.81355421235247,61.12403648362432,60.03389424305645,60.05459213256836,4103020,0.0,0.0
2018-03-01 00:00:00-05:00,60.31678062197509,61.28273558336616,59.55092384264968,60.21329116821289,4702604,0.0,0.0
2018-03-02 00:00:00-05:00,59.53022509326281,60.9929503045059,59.35773338708437,60.88945388793945,3314644,0.0,0.0
2018-03-05 00:00:00-05:00,60.71695323486409,62.31077413652163,60.7100516176308,62.06238555908203,4512224,0.0,0.0
2018-03-06 00:00:00-05:00,62.87654745917194,64.95334231058325,62.57295986816867,64.71875,8723333,0.0,0.0
2018-03-07 00:00:00-05:00,63.99429604751856,66.88525223563896,63.99429604751856,65.7330093383789,7944615,0.0,0.0
2018-03-08 00:00:00-05:00,65.89170884181151,67.5545324695328,65.80891726818085,67.07845306396484,5445203,0.0,0.0
2018-03-09 00:00:00-05:00,67.54760339654202,68.99653195345938,67.3061164644383,68.68604278564453,6007346,0.0,0.0
2018-03-12 00:00:00-04:00,68.99654251037516,71.14233269049798,68.83094547648514,70.96984100341797,7623258,0.0,0.0
2018-03-13 00:00:00-04:00,68.99654895127533,71.14233933170992,68.99654895127533,71.00434875488281,9119439,0.0,0.0
2018-03-14 00:00:00-04:00,71.3769289693466,72.17039224424722,69.94870482454155,71.20443725585938,5260645,0.0,0.0
2018-03-15 00:00:00-04:00,71.14924141902365,71.34932566745334,70.1487923196878,70.53517150878906,3567470,0.0,0.0
2018-03-16 00:00:00-04:00,71.67360873882203,73.79870117062214,71.36312646736552,73.44682312011719,9644538,0.0,0.0
2018-03-19 00:00:00-04:00,73.12944255805107,73.40543068095666,70.66626127096058,71.17684173583984,5866314,0.0,0.0
2018-03-20 00:00:00-04:00,71.43903148418775,72.10139884566198,71.14924706934855,71.52872467041016,3306442,0.0,0.0
2018-03-21 00:00:00-04:00,71.542517420538,72.17038356065157,70.90084804499982,70.95604705810547,3150989,0.0,0.0
2018-03-22 00:00:00-04:00,70.08668896002956,70.88704681552441,69.2656332151085,69.5692138671875,4279640,0.0,0.0
2018-03-23 00:00:00-04:00,67.89948942422309,68.38246329618288,63.69759584528732,63.71139907836914,11330701,0.0,0.0
2018-03-26 00:00:00-04:00,65.00164163792591,65.20862748534641,63.207729472133956,65.04303741455078,5795269,0.0,0.0
2018-03-27 00:00:00-04:00,65.49842184297201,66.02969320330746,63.18703450531598,63.60101318359375,4400827,0.0,0.0
2018-03-28 00:00:00-04:00,63.69812925887797,64.42654818219111,62.58816323472072,62.99052810668945,3715249,0.377929,0.0
2018-03-29 00:00:00-04:00,63.32350997452954,64.69709764721685,62.830969806930014,64.01030731201172,4462479,0.0,0.0
2018-04-02 00:00:00-04:00,64.17681135732884,64.80116249417158,61.67245354766724,62.42861557006836,4504418,0.0,0.0
2018-04-03 00:00:00-04:00,62.8379085821682,63.67732063503432,61.94993573293057,63.27495574951172,3092645,0.0,0.0
2018-04-04 00:00:00-04:00,61.11052758889656,64.36411515845302,61.11052758889656,64.17681121826172,3062877,0.0,0.0
2018-04-05 00:00:00-04:00,64.57222899480504,64.78728293736086,62.484107869713924,62.80322265625,3069889,0.0,0.0
2018-04-06 00:00:00-04:00,62.07481151009387,62.8656628195575,60.45842660702279,60.88853454589844,4882796,0.0,0.0
2018-04-09 00:00:00-04:00,61.478202199030406,63.122344100967005,61.318648290071216,61.436580657958984,3125984,0.0,0.0
2018-04-10 00:00:00-04:00,62.79627733638424,64.0311148266236,62.52572336952401,62.935020446777344,3940556,0.0,0.0
2018-04-11 00:00:00-04:00,62.36617126570068,63.01827938131128,62.03318495299401,62.17886734008789,3494969,0.0,0.0
2018-04-12 00:00:00-04:00,62.70611028208173,63.28190063245135,62.40086696216647,62.78242111206055,3072403,0.0,0.0
2018-04-13 00:00:00-04:00,63.274959305059575,63.76057429834006,62.07481084060606,62.386993408203125,3795158,0.0,0.0
2018-04-16 00:00:00-04:00,62.8240528291946,62.85180286297904,61.769586556783416,62.796302795410156,3340707,0.0,0.0
2018-04-17 00:00:00-04:00,63.31658043415555,63.739756063449846,62.9905263916884,63.38595199584961,2845905,0.0,0.0
2018-04-18 00:00:00-04:00,62.5743002643274,63.86463112947497,61.81813821418681,63.61489486694336,3996122,0.0,0.0
2018-04-19 00:00:00-04:00,62.86566356399773,63.51083248222939,61.492082642780865,62.09562301635742,3149005,0.0,0.0
2018-04-20 00:00:00-04:00,61.85976743261953,63.47615259416593,61.59615262140322,62.13032150268555,4707896,0.0,0.0
2018-04-23 00:00:00-04:00,62.49104455803502,62.53267309994709,60.10461924543205,60.35436248779297,4448852,0.0,0.0
2018-04-24 00:00:00-04:00,61.0966469606434,62.28292374428127,59.5704446313762,59.95893096923828,4569774,0.0,0.0
2018-04-25 00:00:00-04:00,59.965877040432936,60.31968113963624,58.176056277694016,59.605140686035156,3451972,0.0,0.0
2018-04-26 00:00:00-04:00,60.56249246402202,61.31865454949196,60.03525588009178,60.98566818237305,5735073,0.0,0.0
2018-04-27 00:00:00-04:00,59.80631188782045,60.500041522048626,55.914498583034415,56.108741760253906,12079387,0.0,0.0
2018-04-30 00:00:00-04:00,55.98387943292302,56.88572740679552,53.20896743796977,54.65885925292969,10008892,0.0,0.0
2018-05-01 00:00:00-04:00,54.26342575482947,55.79656743955217,54.26342575482947,55.35258102416992,5987501,0.0,0.0
2018-05-02 00:00:00-04:00,55.137521713157874,55.33870414494969,53.202022218828596,53.25751876831055,7173174,0.0,0.0
2018-05-03 00:00:00-04:00,53.15346612512233,53.75007071521602,52.69560467157102,53.40320587158203,5989750,0.0,0.0
2018-05-04 00:00:00-04:00,53.16733408560023,53.94431030310939,52.75803695855191,53.61132049560547,6321426,0.0,0.0
2018-05-07 00:00:00-04:00,53.92349483599156,54.92246417146498,53.72231241738073,54.47153854370117,5981283,0.0,0.0
2018-05-08 00:00:00-04:00,54.45766845741091,54.735158196175256,53.43788832821565,53.92349624633789,3674103,0.0,0.0
2018-05-09 00:00:00-04:00,54.152438361165096,54.58948556549229,53.51420519591303,54.42298889160156,4594911,0.0,0.0
2018-05-10 00:00:00-04:00,54.83228302001953,54.96409039113613,54.180178419192835,54.83228302001953,4341821,0.0,0.0
2018-05-11 00:00:00-04:00,54.80453368662605,55.38033097532713,54.513168914853566,54.66579055786133,4009219,0.0,0.0
2018-05-14 00:00:00-04:00,56.15037022992388,57.55864035309848,55.93531276976159,56.27524185180664,8304339,0.0,0.0
2018-05-15 00:00:00-04:00,57.10078880671246,57.78757934500445,56.19894077097149,57.56558609008789,7810992,0.0,0.0
2018-05-16 00:00:00-04:00,57.926315015612325,60.45148343482282,57.82225416536265,60.36824035644531,9424787,0.0,0.0
2018-05-17 00:00:00-04:00,60.18786690288838,60.86078577868779,59.45251572015216,60.0213737487793,5325737,0.0,0.0
2018-05-18 00:00:00-04:00,59.52883115921476,60.153182286127304,58.55067242424208,58.793479919433594,4541727,0.0,0.0
2018-05-21 00:00:00-04:00,60.09769889533763,60.6734893160235,59.62596234434971,60.0283203125,5340686,0.0,0.0
2018-05-22 00:00:00-04:00,61.152147987711864,61.47819502518868,60.52778993310583,60.95790481567383,5621295,0.0,0.0
2018-05-23 00:00:00-04:00,60.32661768206258,61.41577308240935,59.94507053041002,61.394962310791016,5850968,0.0,0.0
2018-05-24 00:00:00-04:00,61.08277747967144,61.47819608508217,60.264176238914565,60.6734733581543,6356089,0.0,0.0
2018-05-25 00:00:00-04:00,60.423740318403716,60.9925984289122,59.716139059879914,59.90345001220703,3726362,0.0,0.0
2018-05-29 00:00:00-04:00,59.473324289330215,60.53472948621739,59.39701347104497,60.00056076049805,3921769,0.0,0.0
2018-05-30 00:00:00-04:00,60.458435315608746,60.52780689616713,59.695333924908084,60.0283203125,4036870,0.0,0.0
2018-05-31 00:00:00-04:00,59.86875352104099,60.291929174536065,57.87775387494482,57.933250427246094,6477540,0.0,0.0
2018-06-01 00:00:00-04:00,58.418862226125924,59.64676065245102,57.99568657019813,59.57044982910156,4959530,0.0,0.0
2018-06-04 00:00:00-04:00,59.25827582858615,59.299897368853856,58.113620450722365,58.862850189208984,5607271,0.0,0.0
2018-06-05 00:00:00-04:00,59.31377713440042,59.73002060410528,59.05016233889576,59.591270446777344,3772005,0.0,0.0
2018-06-06 00:00:00-04:00,60.00749698512101,60.4653619251246,58.66860195268882,58.77265930175781,6355692,0.0,0.0
2018-06-07 00:00:00-04:00,58.75184779741442,58.84896938911976,55.94225039174424,57.30195617675781,11674284,0.0,0.0
2018-06-08 00:00:00-04:00,56.7053506641717,57.4753876288638,56.29605003373629,57.31583023071289,3802037,0.0,0.0
2018-06-11 00:00:00-04:00,57.18403065800904,57.91938194098775,57.1007840696064,57.5794563293457,5181662,0.0,0.0
2018-06-12 00:00:00-04:00,57.80836820295846,57.80836820295846,56.448662657923826,56.96895980834961,5297557,0.0,0.0
2018-06-13 00:00:00-04:00,57.19095823810814,57.89856289121008,57.03834009804685,57.48232650756836,5577636,0.0,0.0
2018-06-14 00:00:00-04:00,57.648823577001146,58.01649919090104,57.156276339297705,57.26727294921875,5440308,0.0,0.0
2018-06-15 00:00:00-04:00,56.88572062270724,56.88572062270724,55.512139804164256,55.91450119018555,7303357,0.0,0.0
2018-06-18 00:00:00-04:00,55.53295192715048,55.85206674127856,54.70741486421763,55.68557357788086,5183382,0.0,0.0
2018-06-19 00:00:00-04:00,55.06122229234609,56.11569196217591,54.735171681439475,55.852073669433594,4127892,0.0,0.0
2018-06-20 00:00:00-04:00,56.19199455616087,56.3099269191395,55.52601491535015,55.65088653564453,3787881,0.0,0.0
2018-06-21 00:00:00-04:00,57.41295842743933,58.12056316662488,56.004691708090945,56.11568832397461,5005306,0.0,0.0
2018-06-22 00:00:00-04:00,56.3723667678151,56.45561335359552,55.179154034498616,55.276275634765625,4732503,0.0,0.0
2018-06-25 00:00:00-04:00,54.85309754324657,55.130590818540405,53.42402012969766,54.20099639892578,6042538,0.0,0.0
2018-06-26 00:00:00-04:00,54.32586441608924,54.672729258963635,53.91656726259089,54.4646110534668,4646905,0.0,0.0
2018-06-27 00:00:00-04:00,54.45072767365656,54.74903167278742,53.61131572314342,53.62519073486328,4475444,0.0,0.0
2018-06-28 00:00:00-04:00,53.722953520362005,54.16983047757692,53.34589976623714,53.71596908569336,4199996,0.377929,0.0
2018-06-29 00:00:00-04:00,54.18379388678284,54.8541093422473,53.9114784532462,54.05112838745117,3453692,0.0,0.0
2018-07-02 00:00:00-04:00,53.41572756793709,54.58179700831197,53.10850051438555,54.491024017333984,3289640,0.0,0.0
2018-07-03 00:00:00-04:00,54.81221471904424,55.02866876099455,53.499514550268046,53.674076080322266,2466469,0.0,0.0
2018-07-05 00:00:00-04:00,53.91846719623423,54.26759029767537,53.45064393179101,54.08604431152344,3423395,0.0,0.0
2018-07-06 00:00:00-04:00,53.974322826276016,54.48404211041321,53.40874568066515,54.41421890258789,2959683,0.0,0.0
2018-07-09 00:00:00-04:00,54.742392564547934,55.65011189185275,54.54688476221757,55.636146545410156,3588241,0.0,0.0
2018-07-10 00:00:00-04:00,55.77579729259468,55.94337440446354,55.252112651121685,55.91544723510742,3684423,0.0,0.0
2018-07-11 00:00:00-04:00,55.335902887260985,55.398745187103195,54.386291001993264,54.59576416015625,4233997,0.0,0.0
2018-07-12 00:00:00-04:00,55.01471025168994,55.112464156837696,54.69351784222357,55.05660629272461,2710827,0.0,0.0
2018-07-13 00:00:00-04:00,55.02867536220851,55.90148311718122,55.007729103747764,55.52442932128906,2237590,0.0,0.0
2018-07-16 00:00:00-04:00,55.63614028262362,55.63614028262362,54.623686256867614,54.763336181640625,2877128,0.0,0.0
2018-07-17 00:00:00-04:00,54.35136564231709,55.23813500333977,54.22568107443798,55.15434646606445,2173028,0.0,0.0
2018-07-18 00:00:00-04:00,55.16132886773893,55.34287481466645,54.82617118564084,55.00771713256836,3307500,0.0,0.0
2018-07-19 00:00:00-04:00,54.74937890904822,55.049625058202245,53.897517413873246,54.08604431152344,3449723,0.0,0.0
2018-07-20 00:00:00-04:00,54.183796629532125,54.23267358038806,53.41572723842485,53.51348114013672,4372515,0.0,0.0
2018-07-23 00:00:00-04:00,53.23417817828474,53.43667039181794,52.23568950327233,53.331932067871094,5045790,0.0,0.0
2018-07-24 00:00:00-04:00,53.41572173259108,53.75087944274235,52.347409835170765,52.44516372680664,4323961,0.0,0.0
2018-07-25 00:00:00-04:00,52.48705805108168,53.16435792928588,52.40326950163287,52.808250427246094,3978790,0.0,0.0
2018-07-26 00:00:00-04:00,52.73842838586841,54.141901596786845,52.633690053799086,53.82769012451172,7130705,0.0,0.0
2018-07-27 00:00:00-04:00,52.01225715190704,52.368361152130596,48.84920661738887,49.66615295410156,14851733,0.0,0.0
2018-07-30 00:00:00-04:00,49.61029037511651,50.203798160366425,48.54895586267882,48.89807891845703,8544728,0.0,0.0
2018-07-31 00:00:00-04:00,49.603307530029646,50.07811518301682,48.960922778301565,48.98187255859375,6554804,0.0,0.0
2018-08-01 00:00:00-04:00,49.01679279472759,49.17738901094837,48.31156562576393,48.33949279785156,6217439,0.0,0.0
2018-08-02 00:00:00-04:00,48.17888481038144,48.29060404323645,47.766923002423766,47.843727111816406,6260568,0.0,0.0
2018-08-03 00:00:00-04:00,47.997343849058886,48.074151484737364,47.01281697813023,47.45271301269531,6208839,0.0,0.0
2018-08-06 00:00:00-04:00,47.222297458404995,47.80183994235773,47.215313023359215,47.690120697021484,4739515,0.0,0.0
2018-08-07 00:00:00-04:00,47.85769544363979,48.5629224843192,47.28513389902763,47.30608367919922,5377598,0.0,0.0
2018-08-08 00:00:00-04:00,47.271175575549954,47.30608717984239,46.796367890160354,46.81731414794922,4167847,0.0,0.0
2018-08-09 00:00:00-04:00,46.642753572514245,46.7824035165211,45.595387802295505,46.16096496582031,7814829,0.0,0.0
2018-08-10 00:00:00-04:00,45.74201553123976,46.06320791374869,45.16247306053302,45.239280700683594,6163592,0.0,0.0
2018-08-13 00:00:00-04:00,45.36496265706758,45.65123989640062,44.715593494842295,44.841278076171875,4743087,0.0,0.0
2018-08-14 00:00:00-04:00,45.18342133556403,45.937525377048765,44.939036582289575,45.378929138183594,4310202,0.0,0.0
2018-08-15 00:00:00-04:00,44.1709633690475,44.82033254172065,42.969982440477985,44.65275192260742,13458482,0.0,0.0
2018-08-16 00:00:00-04:00,44.966964256861644,45.728049158524584,44.93903356580995,45.42780303955078,5596158,0.0,0.0
2018-08-17 00:00:00-04:00,45.18342133848613,45.34401753692444,44.44328264341678,45.1275634765625,4500581,0.0,0.0
2018-08-20 00:00:00-04:00,45.28117595920767,45.28117595920767,44.20587950371375,44.70163345336914,4629309,0.0,0.0
2018-08-21 00:00:00-04:00,45.001881664722966,45.55349350253109,44.9390393637153,45.30910873413086,4072856,0.0,0.0
2018-08-22 00:00:00-04:00,45.26721413645469,45.28816039451721,44.64577559055807,44.70163345336914,3680454,0.0,0.0
2018-08-23 00:00:00-04:00,44.57595293081123,45.00188370989425,44.11511054378918,44.23381423950195,4166656,0.0,0.0
2018-08-24 00:00:00-04:00,44.49216562892427,44.86223502665459,44.317604060344536,44.55500793457031,3462291,0.0,0.0
2018-08-27 00:00:00-04:00,44.72258480122216,45.53953124583221,44.687673192500384,45.01585006713867,4185840,0.0,0.0
2018-08-28 00:00:00-04:00,45.21834051662544,45.33704068630274,44.80637509280032,45.155494689941406,2821827,0.0,0.0
2018-08-29 00:00:00-04:00,45.23229587354991,45.288157256423304,44.2407880429424,44.26173782348633,4781851,0.0,0.0
2018-08-30 00:00:00-04:00,44.2198404953532,44.33854416852727,43.912613470317304,44.18492889404297,4271702,0.0,0.0
2018-08-31 00:00:00-04:00,44.11510545630603,44.21984379197779,43.710124507836724,44.15700149536133,4394345,0.0,0.0
2018-09-04 00:00:00-04:00,43.11662531650507,43.11662531650507,41.14059360419949,42.06227493286133,11718869,0.0,0.0
2018-09-05 00:00:00-04:00,41.97847618834146,42.49517636209257,41.40591463151843,41.901668548583984,7534485,0.0,0.0
2018-09-06 00:00:00-04:00,41.79693166606503,41.79693166606503,40.17002006189524,40.3515625,7901750,0.0,0.0
2018-09-07 00:00:00-04:00,40.14908039655811,40.74258827802179,39.527641820360486,40.28174591064453,6333730,0.0,0.0
2018-09-10 00:00:00-04:00,40.49820013307248,40.54009264774809,39.737111670581356,39.83486557006836,4799844,0.0,0.0
2018-09-11 00:00:00-04:00,38.878265296606386,39.01791522029092,37.78900364451869,38.389495849609375,9754744,0.0,0.0
2018-09-12 00:00:00-04:00,37.60048632202849,40.26777950038518,37.43290568198141,39.49971008300781,9539756,0.0,0.0
2018-09-13 00:00:00-04:00,39.82788135354722,40.30268546537454,39.206442880725916,39.869773864746094,6790562,0.0,0.0
2018-09-14 00:00:00-04:00,40.04434152222334,40.46328784194381,39.22041422996418,39.77202606201172,4007235,0.0,0.0
2018-09-17 00:00:00-04:00,39.68823246740079,40.57500194750226,39.590478573464104,39.925636291503906,4632352,0.0,0.0
2018-09-18 00:00:00-04:00,40.12114669511959,41.273250765256705,39.98149675584853,40.568023681640625,6529534,0.0,0.0
2018-09-19 00:00:00-04:00,40.87525025217662,41.15455012746137,40.48423465549748,40.77051544189453,4700222,0.0,0.0
2018-09-20 00:00:00-04:00,41.39195356668458,42.36251524450981,41.29419966013142,41.929603576660156,8575951,0.0,0.0
2018-09-21 00:00:00-04:00,42.00640720175899,42.65577287938255,41.27324944888548,42.397422790527344,13125748,0.0,0.0
2018-09-24 00:00:00-04:00,42.08321732184089,42.32760207922138,41.55953267836865,41.838829040527344,7802922,0.0,0.0
2018-09-25 00:00:00-04:00,41.83882649194922,42.19493400122085,41.17549546977043,41.67124938964844,5922277,0.0,0.0
2018-09-26 00:00:00-04:00,41.25229871690982,41.50366434359248,40.4562987559169,41.154544830322266,6615529,0.0,0.0
2018-09-27 00:00:00-04:00,41.35172954043769,41.68975480997257,40.901029181057844,41.041873931884766,3887900,0.377929,0.0
2018-09-28 00:00:00-04:00,40.92920476507335,41.710886314821494,40.5841352533151,41.2249755859375,5709671,0.0,0.0
2018-10-01 00:00:00-04:00,40.85172782600364,41.94326470484552,40.39398689817469,40.858768463134766,5862478,0.0,0.0
2018-10-02 00:00:00-04:00,40.9080710150569,41.74609179814503,40.612300228349206,40.64751052856445,5579620,0.0,0.0
2018-10-03 00:00:00-04:00,40.788353774953116,41.71792414748718,40.6756786859818,41.098209381103516,5652914,0.0,0.0
2018-10-04 00:00:00-04:00,40.668643850191906,40.76723412284772,39.47851283100142,39.8658332824707,7193151,0.0,0.0
2018-10-05 00:00:00-04:00,40.00667440083201,40.415120286567124,39.44329892701649,39.54188919067383,5238419,0.0,0.0
2018-10-08 00:00:00-04:00,39.36582859248924,39.76018959161481,38.96442340176069,39.18977355957031,3351291,0.0,0.0
2018-10-09 00:00:00-04:00,39.119355301661415,39.18273525945639,37.73204397627774,38.323585510253906,5345978,0.0,0.0
2018-10-10 00:00:00-04:00,38.04191135246562,38.98556326547527,37.9926162093706,38.133460998535156,7184816,0.0,0.0
2018-10-11 00:00:00-04:00,38.422180661724425,39.372872953682396,37.85176102165019,38.11936569213867,6004171,0.0,0.0
2018-10-12 00:00:00-04:00,38.851760933185304,39.19683047350384,37.95036000937416,38.31655502319336,5847131,0.0,0.0
2018-10-15 00:00:00-04:00,38.04190707998342,39.06302369005628,37.89402166730736,38.37993240356445,3877713,0.0,0.0
2018-10-16 00:00:00-04:00,38.94329467474172,39.60526026362669,38.57709981043868,39.47850036621094,4274216,0.0,0.0
2018-10-17 00:00:00-04:00,39.58413483514454,40.04187934556358,38.98554914067279,39.26723861694336,3979584,0.0,0.0
2018-10-18 00:00:00-04:00,39.027813393021646,40.04893000329809,39.0066879209447,39.31654357910156,6484817,0.0,0.0
2018-10-19 00:00:00-04:00,39.5137209552067,40.68976707713058,39.48555129197803,39.81653594970703,8306720,0.0,0.0
2018-10-22 00:00:00-04:00,39.95033444730172,40.22497976433169,38.91513314111821,38.98555374145508,5899257,0.0,0.0
2018-10-23 00:00:00-04:00,37.88696923991124,39.47146104492789,37.74612805125744,39.19681930541992,5163801,0.0,0.0
2018-10-24 00:00:00-04:00,39.07006558297623,39.23907645777345,36.79543808762945,36.85881805419922,7693907,0.0,0.0
2018-10-25 00:00:00-04:00,37.24613310903321,38.61935959608873,37.06303387470398,38.03485870361328,9612124,0.0,0.0
2018-10-26 00:00:00-04:00,33.37997513926346,33.4996944348907,29.577194870931738,31.11943244934082,39381476,0.0,0.0
2018-10-29 00:00:00-04:00,31.44336972133411,31.640550242179742,28.950436441310536,29.260292053222656,18153545,0.0,0.0
2018-10-30 00:00:00-04:00,29.267335820998266,29.999723946774374,28.577202189105783,29.133533477783203,13557310,0.0,0.0
2018-10-31 00:00:00-04:00,29.8236694764854,31.119431332210112,29.66874166030635,30.330705642700195,10184322,0.0,0.0
2018-11-01 00:00:00-04:00,30.485632827097994,33.379971303464366,30.457463166177675,33.15462112426758,12809418,0.0,0.0
2018-11-02 00:00:00-04:00,32.26731018598654,33.79546654513078,32.098299302713336,33.61941146850586,10257351,0.0,0.0
2018-11-05 00:00:00-05:00,33.6334919366071,34.66165259769522,33.07716066776923,34.05602264404297,7873570,0.0,0.0
2018-11-06 00:00:00-05:00,33.851797704425344,34.640523344986036,33.710956505601715,34.436302185058594,4852367,0.0,0.0
2018-11-07 00:00:00-05:00,34.788410162002755,34.91517008940563,33.45039739384219,34.175743103027344,5260248,0.0,0.0
2018-11-08 00:00:00-05:00,34.175739970499414,34.45038171592136,33.32363441201487,33.492645263671875,5290677,0.0,0.0
2018-11-09 00:00:00-05:00,33.09124591483354,33.28138582221795,31.59125923560667,32.20392990112305,7575895,0.0,0.0
2018-11-12 00:00:00-05:00,31.894075666529524,31.91520469323373,30.415217947329026,30.60535430908203,6698746,0.0,0.0
2018-11-13 00:00:00-05:00,30.76027585245189,31.577171079920785,30.605346282973827,31.47153663635254,8349982,0.0,0.0
2018-11-14 00:00:00-05:00,32.168713751119114,32.71096370976791,31.429283281719027,31.72505760192871,5790506,0.0,0.0
2018-11-15 00:00:00-05:00,31.60533994198055,33.18279121687992,31.246189199864194,32.908145904541016,6785535,0.0,0.0
2018-11-16 00:00:00-05:00,32.422235934738325,33.14054098842979,32.10533612368576,32.81659698486328,5143824,0.0,0.0
2018-11-19 00:00:00-05:00,32.48561225464897,32.94335321566234,31.710971518113965,31.76730728149414,5879941,0.0,0.0
2018-11-20 00:00:00-05:00,30.380003300903333,32.802516059561924,29.999723523564615,32.16871643066406,11210705,0.0,0.0
2018-11-21 00:00:00-05:00,32.78139067717759,33.591241899522814,32.51378951888096,33.02786636352539,8193736,0.0,0.0
2018-11-23 00:00:00-05:00,32.98560887918126,33.865880536203,32.75321451748996,33.33771896362305,4311657,0.0,0.0
2018-11-26 00:00:00-05:00,34.133486627567216,34.154612096213555,33.20391624996806,33.74616622924805,5551837,0.0,0.0
2018-11-27 00:00:00-05:00,33.450395504612686,34.46447131247907,33.309550753888296,34.2813720703125,4615153,0.0,0.0
2018-11-28 00:00:00-05:00,34.59122170455507,34.774320915099445,31.372943340967527,33.90813064575195,13915843,0.0,0.0
2018-11-29 00:00:00-05:00,33.570113098233,33.8025039288729,31.85182054941638,32.0560417175293,9852249,0.0,0.0
2018-11-30 00:00:00-05:00,31.98562208304169,32.18984681141665,30.570140924272994,31.964496612548828,12463322,0.0,0.0
2018-12-03 00:00:00-05:00,32.5771563444818,32.77434038959534,31.62646418356988,32.65462112426758,9976611,0.0,0.0
2018-12-04 00:00:00-05:00,32.365895672658205,32.65462581345057,29.94338301019249,30.30957794189453,13386511,0.0,0.0
2018-12-06 00:00:00-05:00,30.309582159001984,30.746197750052236,29.66874360492286,30.703943252563477,8935277,0.0,0.0
2018-12-07 00:00:00-05:00,30.563102753617553,30.823663275709645,29.41522441904616,29.59832191467285,6260304,0.0,0.0
2018-12-10 00:00:00-05:00,29.225083918531325,29.605361934789833,28.68987808484033,29.337759017944336,6538001,0.0,0.0
2018-12-11 00:00:00-05:00,29.7180343119054,30.04197652582452,28.901140804512774,29.295503616333008,5688900,0.0,0.0
2018-12-12 00:00:00-05:00,29.746206990564538,29.774374877174434,28.802553467946396,28.851848602294922,8066728,0.0,0.0
2018-12-13 00:00:00-05:00,29.02086038308207,29.027902798783828,27.985657261671797,28.140586853027344,6514849,0.0,0.0
2018-12-14 00:00:00-05:00,27.654674103252844,28.161710225599602,27.295521591462347,27.30960464477539,7560680,0.0,0.0
2018-12-17 00:00:00-05:00,27.27439820130535,28.253263839604596,26.72510751025014,26.93637466430664,8369960,0.0,0.0
2018-12-18 00:00:00-05:00,26.936370085943416,28.03494950428708,26.90115801106481,27.267351150512695,6907912,0.0,0.0
2018-12-19 00:00:00-05:00,27.05608820685568,27.584253383463306,25.44342834575839,25.760326385498047,10515336,0.0,0.0
2018-12-20 00:00:00-05:00,25.718070125284687,27.013833634675812,25.45750965119983,25.837787628173828,12195811,0.0,0.0
2018-12-21 00:00:00-05:00,25.99976118446783,26.485671863304507,25.253288238843854,25.281457901000977,14356138,0.0,0.0
2018-12-24 00:00:00-05:00,25.12653028473068,25.598357946551477,24.471606912688372,24.68991470336914,4942596,0.0,0.0
2018-12-26 00:00:00-05:00,25.161740180250508,26.05609673654533,23.82372388798618,26.00680160522461,9869051,0.0,0.0
2018-12-27 00:00:00-05:00,25.642721408192898,26.349466162818384,25.26436317799668,26.335189819335938,5839325,0.377929,0.0
2018-12-28 00:00:00-05:00,26.61360475676604,26.82063065321461,25.842610148019116,26.228107452392578,6998405,0.0,0.0
2018-12-31 00:00:00-05:00,27.15615319503328,27.191846752028223,25.571329720986913,26.392297744750977,9208742,0.0,0.0
2019-01-02 00:00:00-05:00,25.80691572946571,27.748682268762206,25.714111386580235,27.31321144104004,8447620,0.0,0.0
2019-01-03 00:00:00-05:00,26.413714451640416,26.527937802765365,25.364305089724063,25.44997215270996,10233934,0.0,0.0
2019-01-04 00:00:00-05:00,26.128159723136463,26.71354559653509,25.89257936084793,26.527936935424805,8378427,0.0,0.0
2019-01-07 00:00:00-05:00,26.64215905354861,27.64159676901753,26.52793929884458,27.470264434814453,7895135,0.0,0.0
2019-01-08 00:00:00-05:00,28.027095422525086,28.14845605695177,26.520799704227002,27.20612907409668,10188555,0.0,0.0
2019-01-09 00:00:00-05:00,27.38459600603102,29.690442278338264,27.377456934418067,28.40545082092285,12517829,0.0,0.0
2019-01-10 00:00:00-05:00,28.212701453203003,28.733837471052198,27.75581527880712,28.419727325439453,6408480,0.0,0.0
2019-01-11 00:00:00-05:00,28.241258648487502,28.933727048186118,27.720124382060135,28.576786041259766,6663157,0.0,0.0
2019-01-14 00:00:00-05:00,27.049074319856135,27.248961147900477,25.814054385554087,27.170434951782227,17789852,0.0,0.0
2019-01-15 00:00:00-05:00,27.170432296886844,27.298930187460304,26.38515960384705,26.89915657043457,8318495,0.0,0.0
2019-01-16 00:00:00-05:00,26.9991036791586,27.65587677030761,26.884882115356035,27.006242752075195,6493019,0.0,0.0
2019-01-17 00:00:00-05:00,26.59219002823051,26.692133449564754,25.00022895574503,26.03536033630371,13073357,0.0,0.0
2019-01-18 00:00:00-05:00,26.09246944962787,27.998540611830446,25.885443547056717,27.984262466430664,12372696,0.0,0.0
2019-01-22 00:00:00-05:00,27.82006466756956,27.82006466756956,26.720683679471108,26.813488006591797,8664062,0.0,0.0
2019-01-23 00:00:00-05:00,27.07762919866944,27.37746124648259,26.54935583041702,26.856325149536133,6226832,0.0,0.0
2019-01-24 00:00:00-05:00,27.60590220163914,29.51197322425067,27.52023693837698,28.655311584472656,20798751,0.0,0.0
2019-01-25 00:00:00-05:00,32.48173401920334,34.230751076106486,29.64761568626167,30.81124496459961,49852228,0.0,0.0
2019-01-28 00:00:00-05:00,30.004555447166275,31.517988432486895,29.69758612701793,31.410907745361328,15724384,0.0,0.0
2019-01-29 00:00:00-05:00,31.410901692575816,31.7892598659975,30.31152072780792,30.375770568847656,8760377,0.0,0.0
2019-01-30 00:00:00-05:00,30.818382605062478,31.403768520766654,30.325802828051685,31.289546966552734,8902864,0.0,0.0
2019-01-31 00:00:00-05:00,31.275263691323033,32.17475783284104,31.05395789008558,32.117645263671875,9827906,0.0,0.0
2019-02-01 00:00:00-05:00,31.93204173085918,33.752445717289035,31.93204173085918,33.55255889892578,12145272,0.0,0.0
2019-02-04 00:00:00-05:00,33.595392103823286,34.18791526638247,32.91006280633466,34.159358978271484,8037622,0.0,0.0
2019-02-05 00:00:00-05:00,33.8666722239872,34.444917348208946,33.65250722972496,33.84525680541992,7871982,0.0,0.0
2019-02-06 00:00:00-05:00,33.85238202141861,34.751876118127036,33.845244752059045,34.26643371582031,6947867,0.0,0.0
2019-02-07 00:00:00-05:00,33.75958060771255,33.90949931377664,32.446034633530935,32.73872756958008,9321329,0.0,0.0
2019-02-08 00:00:00-05:00,31.73215152672412,33.35980579198007,31.446595871362714,33.34552764892578,9419363,0.0,0.0
2019-02-11 00:00:00-05:00,33.39550140520126,33.466892124870085,32.56025700654444,32.788700103759766,5521805,0.0,0.0
2019-02-12 00:00:00-05:00,33.16705905321159,34.14508131031863,33.08853466410522,33.73816680908203,6130782,0.0,0.0
2019-02-13 00:00:00-05:00,34.75188406399593,34.80185576952434,33.93805502783317,34.04513931274414,8083795,0.0,0.0
2019-02-14 00:00:00-05:00,33.95232913299108,34.559130400988145,33.88807929026156,34.25216293334961,7003433,0.0,0.0
2019-02-15 00:00:00-05:00,34.59482725375853,34.59482725375853,33.823829147835696,34.016578674316406,5873194,0.0,0.0
2019-02-19 00:00:00-05:00,34.56626748329769,34.97317830547795,34.02371251466695,34.26643371582031,6351988,0.0,0.0
2019-02-20 00:00:00-05:00,34.23074966975033,35.11596587071708,34.20219698152063,34.59483337402344,6255409,0.0,0.0
2019-02-21 00:00:00-05:00,34.53771681563227,34.623382076184775,33.58825087044735,33.688194274902344,5007687,0.0,0.0
2019-02-22 00:00:00-05:00,34.30927833167673,35.37296596822814,33.86667022264219,35.33013153076172,6380432,0.0,0.0
2019-02-25 00:00:00-05:00,36.336705961130875,37.29330919420008,36.236762554861706,36.66509246826172,10260130,0.0,0.0
2019-02-26 00:00:00-05:00,36.54373659862778,36.836429570425,36.05115319528561,36.386680603027344,5315153,0.0,0.0
2019-02-27 00:00:00-05:00,36.286742665254046,36.672238235484336,34.62339072654484,34.651947021484375,9120630,0.0,0.0
2019-02-28 00:00:00-05:00,34.37352298155621,36.0654271609135,33.30983550606991,35.90837478637695,14631454,0.0,0.0
2019-03-01 00:00:00-05:00,36.42237100318545,37.08628488694807,36.11539991272047,36.87925720214844,10237506,0.0,0.0
2019-03-04 00:00:00-05:00,37.314724096036855,38.12141213072412,36.82214078681031,37.55744171142578,11006169,0.0,0.0
2019-03-05 00:00:00-05:00,37.12198276175203,37.29331330485193,36.03687971448494,36.22248840332031,8393906,0.0,0.0
2019-03-06 00:00:00-05:00,35.95121006119158,35.95121006119158,34.33783367098011,34.35211181640625,10472603,0.0,0.0
2019-03-07 00:00:00-05:00,34.16650113992166,34.16650113992166,32.41748408711472,33.5454216003418,11745197,0.0,0.0
2019-03-08 00:00:00-05:00,32.867227782478516,33.952330682536456,32.645921957896185,33.89522171020508,7039551,0.0,0.0
2019-03-11 00:00:00-04:00,34.08797081518174,35.69420973064575,34.023717367471804,35.45148849487305,8347998,0.0,0.0
2019-03-12 00:00:00-04:00,35.47290931279089,36.093988839023865,34.8018580777152,35.0874137878418,6387973,0.0,0.0
2019-03-13 00:00:00-04:00,35.08026312566068,35.31584345835163,34.31640595749057,34.97317886352539,7951495,0.0,0.0
2019-03-14 00:00:00-04:00,34.69477759204808,34.7804428644433,33.65964264034682,33.96661376953125,10354063,0.0,0.0
2019-03-15 00:00:00-04:00,34.016576584085236,35.073126676905105,34.00943931444477,34.337825775146484,15912779,0.0,0.0
2019-03-18 00:00:00-04:00,34.40208166011735,34.74474632319122,34.14508226209628,34.47346878051758,6486801,0.0,0.0
2019-03-19 00:00:00-04:00,34.780442611550235,34.866107883322584,34.06655694010053,34.18077850341797,6284382,0.0,0.0
2019-03-20 00:00:00-04:00,34.152221335964384,34.38780533087492,33.238452455723426,33.673919677734375,7164707,0.0,0.0
2019-03-21 00:00:00-04:00,34.173634932919974,37.31472554373758,34.173634932919974,36.96492004394531,19324003,0.0,0.0
2019-03-22 00:00:00-04:00,36.58655906942225,36.729336887074304,34.530575068397816,34.54485321044922,11471468,0.0,0.0
2019-03-25 00:00:00-04:00,34.44491159043965,34.87324150736504,33.61680804514726,34.18791580200195,5856260,0.0,0.0
2019-03-26 00:00:00-04:00,34.40208235736042,34.93035570589925,33.45975361409298,33.60966873168945,8443254,0.0,0.0
2019-03-27 00:00:00-04:00,33.71674770992215,33.873800073836414,32.08195261291284,32.396060943603516,11806981,0.0,0.0
2019-03-28 00:00:00-04:00,32.42493873568426,33.40664019311648,32.30944466086879,33.02406311035156,7555124,0.377929,0.0
2019-03-29 00:00:00-04:00,33.406644501134885,35.08130698041782,33.406644501134885,34.69151306152344,11015695,0.0,0.0
2019-04-01 00:00:00-04:00,35.31950742637919,35.78870051196149,34.90084277089035,35.593807220458984,8704679,0.0,0.0
2019-04-02 00:00:00-04:00,35.536063949580644,36.698221667482194,35.25454732536217,36.36617660522461,8611407,0.0,0.0
2019-04-03 00:00:00-04:00,37.174634113776705,38.56777997502005,37.102451673940934,37.54277038574219,10901785,0.0,0.0
2019-04-04 00:00:00-04:00,37.109668111177726,37.4417131600977,36.63325454094415,37.10245132446289,5648152,0.0,0.0
2019-04-05 00:00:00-04:00,37.36952947131336,37.788194161820705,37.02304721754813,37.56442642211914,5579620,0.0,0.0
2019-04-08 00:00:00-04:00,37.116886452296335,37.36230818881694,36.35173588249121,37.23959732055664,5791962,0.0,0.0
2019-04-09 00:00:00-04:00,37.448927471773466,37.448927471773466,36.0918730649328,36.17127227783203,6262156,0.0,0.0
2019-04-10 00:00:00-04:00,36.149620624825914,36.74874501123706,35.80313839358786,36.589942932128906,5790639,0.0,0.0
2019-04-11 00:00:00-04:00,36.73430607739497,37.24681443576777,36.40226107670372,36.69099807739258,4461421,0.0,0.0
2019-04-12 00:00:00-04:00,37.26846930676346,37.7376623900966,37.00860672867055,37.41283416748047,5447320,0.0,0.0
2019-04-15 00:00:00-04:00,37.89646648152179,38.0697057641453,37.16019042286872,37.43449020385742,6155787,0.0,0.0
2019-04-16 00:00:00-04:00,38.372881462309785,39.46285666051224,38.16355093806017,39.188560485839844,11122593,0.0,0.0
2019-04-17 00:00:00-04:00,39.70106494614537,40.09085520260148,38.502812459035596,39.304054260253906,8806417,0.0,0.0
2019-04-18 00:00:00-04:00,39.31849576261975,40.01867712908872,38.90704781600328,39.98258590698242,7477728,0.0,0.0
2019-04-22 00:00:00-04:00,39.67219669931097,39.85987324886334,38.63274978170848,39.13081741333008,6044787,0.0,0.0
2019-04-23 00:00:00-04:00,39.2463053967779,39.52060521228546,38.5605613225116,39.304054260253906,5036793,0.0,0.0
2019-04-24 00:00:00-04:00,39.34735711919346,39.34735711919346,38.113017218335045,38.935909271240234,5033486,0.0,0.0
2019-04-25 00:00:00-04:00,39.340147908208586,39.448421569410854,37.918127594804744,38.22129821777344,5190923,0.0,0.0
2019-04-26 00:00:00-04:00,36.05578502285418,36.79927800862352,35.22567237927724,36.7559700012207,13543154,0.0,0.0
2019-04-29 00:00:00-04:00,36.53219012140437,37.203500510268846,36.315639205674145,36.43113327026367,12548258,0.0,0.0
2019-04-30 00:00:00-04:00,35.58658693096296,37.20350398628912,34.51104903704539,36.900333404541016,25146923,0.0,0.0
2019-05-01 00:00:00-04:00,37.239599512730926,38.28626309821739,36.546634980228994,36.66934585571289,9857805,0.0,0.0
2019-05-02 00:00:00-04:00,36.77040269277927,37.00860763318537,35.7814844290905,35.91863250732422,7601561,0.0,0.0
2019-05-03 00:00:00-04:00,36.17127828103998,36.77040637099607,35.86089087746252,36.66934585571289,5044996,0.0,0.0
2019-05-06 00:00:00-04:00,35.25454750396833,35.99804050431222,34.85031999760756,35.774269104003906,6040818,0.0,0.0
2019-05-07 00:00:00-04:00,35.16070034278638,35.71651669524691,33.67371828416726,34.077945709228516,8920592,0.0,0.0
2019-05-08 00:00:00-04:00,33.88305146217728,34.61210715646926,33.65206330301536,33.70981216430664,6498179,0.0,0.0
2019-05-09 00:00:00-04:00,33.182873603191524,33.623195965210286,32.17230121392086,33.5077018737793,8133407,0.0,0.0
2019-05-10 00:00:00-04:00,33.218960108974606,33.29836296862673,31.91965085403485,33.10346603393555,6152876,0.0,0.0
2019-05-13 00:00:00-04:00,31.782505225770407,31.890782523270534,30.923518204208857,31.031795501708984,9649301,0.0,0.0
2019-05-14 00:00:00-04:00,31.28443724428629,32.56208893651548,31.28443724428629,32.215606689453125,6989541,0.0,0.0
2019-05-15 00:00:00-04:00,31.833028446666784,33.168428801133906,31.753629236904803,32.83638381958008,5767486,0.0,0.0
2019-05-16 00:00:00-04:00,32.352760056029226,32.77142475964975,32.01349457811121,32.54765701293945,4439856,0.0,0.0
2019-05-17 00:00:00-04:00,32.013492956083844,33.067376912940375,31.349402893298087,32.215606689453125,5909973,0.0,0.0
2019-05-20 00:00:00-04:00,31.45768270931729,31.876347425263553,30.071753610044443,30.281085968017578,12102407,0.0,0.0
2019-05-21 00:00:00-04:00,30.71418725615365,31.55873705014865,30.71418725615365,31.363840103149414,5753066,0.0,0.0
2019-05-22 00:00:00-04:00,31.01735791943545,31.118414786307532,30.223336557153374,30.45432472229004,4201054,0.0,0.0
2019-05-23 00:00:00-04:00,29.80467086431043,30.02844041401859,29.03952213784007,29.949037551879883,5707687,0.0,0.0
2019-05-24 00:00:00-04:00,30.122279469237668,30.39657745794939,29.429314978912785,29.580902099609375,5008217,0.0,0.0
2019-05-28 00:00:00-04:00,29.768576494354427,30.006783248611658,28.555888722727147,28.570327758789062,6509028,0.0,0.0
2019-05-29 00:00:00-04:00,28.202191363573046,28.837408804857326,27.971203203106036,28.628074645996094,6945353,0.0,0.0
2019-05-30 00:00:00-04:00,28.815754376697296,29.530374715799088,28.209411336869238,28.48370933532715,5166977,0.0,0.0
2019-05-31 00:00:00-04:00,27.92789142081487,28.635291246534972,26.830697735503307,26.866790771484375,9421480,0.0,0.0
2019-06-03 00:00:00-04:00,26.95341205287736,27.408169761870376,26.585273992501687,26.76573371887207,7521255,0.0,0.0
2019-06-04 00:00:00-04:00,27.083341851065924,28.28159057924552,27.011157600205483,28.252717971801758,7154784,0.0,0.0
2019-06-05 00:00:00-04:00,28.476488968996144,28.86628102921084,27.285456965534266,27.357641220092773,6689882,0.0,0.0
2019-06-06 00:00:00-04:00,27.559757326160984,27.76908784346431,26.982285099509948,27.422607421875,6533239,0.0,0.0
2019-06-07 00:00:00-04:00,27.263802880708955,27.55975668414164,26.570838410671676,26.664676666259766,7702109,0.0,0.0
2019-06-10 00:00:00-04:00,27.047251932181528,27.956767404745776,27.047251932181528,27.415390014648438,6291527,0.0,0.0
2019-06-11 00:00:00-04:00,28.158880365949113,28.216627403660507,27.487571735616914,27.72577667236328,5784685,0.0,0.0
2019-06-12 00:00:00-04:00,27.22049214496893,27.328767619343438,25.96449627792446,26.159391403198242,10526185,0.0,0.0
2019-06-13 00:00:00-04:00,26.296537827828516,26.9678464086853,26.02945665965922,26.95340919494629,9752627,0.0,0.0
2019-06-14 00:00:00-04:00,26.34706838131838,26.541963496525803,25.91396650619011,26.224355697631836,7290656,0.0,0.0
2019-06-17 00:00:00-04:00,26.137733805386542,26.46256018382284,25.704630145970885,26.18104362487793,5436869,0.0,0.0
2019-06-18 00:00:00-04:00,26.6285867291633,28.06504234833492,26.527529861136298,27.509227752685547,9340248,0.0,0.0
2019-06-19 00:00:00-04:00,27.78352499807722,28.43317779373026,27.660812317609235,28.03616714477539,7069318,0.0,0.0
2019-06-20 00:00:00-04:00,28.808533037105704,29.46540444951175,28.34655855911174,28.613637924194336,7200428,0.0,0.0
2019-06-21 00:00:00-04:00,28.36821548238062,29.0900526139588,28.007296005841074,28.902374267578125,12180464,0.0,0.0
2019-06-24 00:00:00-04:00,29.090049108010625,30.122277156448288,29.053957893306766,29.61699104309082,9264837,0.0,0.0
2019-06-25 00:00:00-04:00,29.826326341052173,30.2738654626071,29.51593530624747,29.667522430419922,7594682,0.0,0.0
2019-06-26 00:00:00-04:00,31.62370588199654,32.74255195726474,31.327752038544382,31.833036422729492,17958402,0.0,0.0
2019-06-27 00:00:00-04:00,31.986361198880925,32.928209232563106,31.70161618743426,32.52664566040039,10490067,0.377929,0.0
2019-06-28 00:00:00-04:00,33.13263952515852,34.7534965324917,33.08153163709905,34.71699142456055,19590984,0.0,0.0
2019-07-01 00:00:00-04:00,36.797816511798224,37.27969347877388,35.439802284706076,36.25022888183594,14372014,0.0,0.0
2019-07-02 00:00:00-04:00,35.27917671780283,35.88517548627766,34.607470968667386,35.28647994995117,10244651,0.0,0.0
2019-07-03 00:00:00-04:00,35.4836126822149,35.5493196642383,34.81920646666866,35.00173568725586,5298880,0.0,0.0
2019-07-05 00:00:00-04:00,34.68778498920443,35.48361253505528,34.519858549134135,35.425201416015625,6196535,0.0,0.0
2019-07-08 00:00:00-04:00,34.89952383237608,36.44006753191477,34.892220599256135,36.41086196899414,8965310,0.0,0.0
2019-07-09 00:00:00-04:00,36.155317379804195,37.63015019608057,36.11880858893932,37.586341857910156,13339941,0.0,0.0
2019-07-10 00:00:00-04:00,38.221544294852464,39.55765629700524,38.19233873469697,39.455440521240234,12454987,0.0,0.0
2019-07-11 00:00:00-04:00,39.57225382988229,39.76938580762374,38.52818651338799,39.61606216430664,9342100,0.0,0.0
2019-07-12 00:00:00-04:00,39.76209071553073,40.65283088626521,39.26561458098566,40.375389099121094,8702297,0.0,0.0
2019-07-15 00:00:00-04:00,40.40459147123548,40.57981746140946,39.47004303089634,39.89350891113281,7170263,0.0,0.0
2019-07-16 00:00:00-04:00,39.87160296253611,39.87160296253611,36.87812914322536,37.59364318847656,15011420,0.0,0.0
2019-07-17 00:00:00-04:00,37.75426638408553,38.31645678066409,37.235884323461526,37.59364318847656,8325374,0.0,0.0
2019-07-18 00:00:00-04:00,37.498734510812795,38.63771462689713,37.45492616604817,38.6085090637207,6659056,0.0,0.0
2019-07-19 00:00:00-04:00,38.900552542224354,38.900552542224354,37.87839111976393,38.301856994628906,5711788,0.0,0.0
2019-07-22 00:00:00-04:00,38.659613799980114,40.45570051696904,38.56470125457663,40.382686614990234,9924352,0.0,0.0
2019-07-23 00:00:00-04:00,40.49950252513438,40.91566884247307,39.92271300350402,40.87186050415039,5782568,0.0,0.0
2019-07-24 00:00:00-04:00,40.616319550122576,42.06924999017337,40.616319550122576,41.87942123413086,7074346,0.0,0.0
2019-07-25 00:00:00-04:00,41.82101083620328,42.244476692231906,41.17120743062793,41.59467697143555,5120936,0.0,0.0
2019-07-26 00:00:00-04:00,41.514360887806795,41.894018382256625,41.025184399141104,41.25151824951172,3798201,0.0,0.0
2019-07-29 00:00:00-04:00,40.725839490860494,40.89376592483582,39.94461475312447,40.73313903808594,5729119,0.0,0.0
2019-07-30 00:00:00-04:00,40.30237214803882,41.485160482450745,40.0906410495923,41.31723403930664,4999749,0.0,0.0
2019-07-31 00:00:00-04:00,40.7842483059227,40.93757196586706,38.937057469559186,39.34592056274414,11326071,0.0,0.0
2019-08-01 00:00:00-04:00,41.331832623434565,42.71174913618029,39.15608863106107,40.52870559692383,17693273,0.0,0.0
2019-08-02 00:00:00-04:00,39.528446442997236,40.40458735903502,38.506285111602175,39.710975646972656,8102184,0.0,0.0
2019-08-05 00:00:00-04:00,38.36756385300872,38.75452458237306,37.78347114318175,38.513587951660156,7743122,0.0,0.0
2019-08-06 00:00:00-04:00,39.14878868667582,39.791288827449165,38.33835843673208,39.11958312988281,8092130,0.0,0.0
2019-08-07 00:00:00-04:00,38.40407595650363,39.7912959345981,37.54984090357372,38.57200241088867,10845557,0.0,0.0
2019-08-08 00:00:00-04:00,39.0027650874599,40.353476046716004,38.66691223437148,40.3023681640625,6341668,0.0,0.0
2019-08-09 00:00:00-04:00,40.02492521315225,40.1125381972222,39.083077343648085,39.61606216430664,4883590,0.0,0.0
2019-08-12 00:00:00-04:00,39.287518799948,39.6598768399614,38.54279903514154,39.550357818603516,5484100,0.0,0.0
2019-08-13 00:00:00-04:00,39.62336781142765,41.412151295086936,39.29481446460761,40.59442138671875,6066617,0.0,0.0
2019-08-14 00:00:00-04:00,39.58686112313101,40.00302376612369,38.89324934858488,39.74018478393555,5638229,0.0,0.0
2019-08-15 00:00:00-04:00,39.82779839647245,39.9373174043359,39.0246712880712,39.47004318237305,3764067,0.0,0.0
2019-08-16 00:00:00-04:00,39.92271645171327,40.762348706242356,39.92271645171327,40.295074462890625,4711600,0.0,0.0
2019-08-19 00:00:00-04:00,41.353742299243024,42.105761576903404,41.04709494963454,41.79911422729492,6741743,0.0,0.0
2019-08-20 00:00:00-04:00,41.704193748915586,41.82101230137258,40.6382276819272,41.02518844604492,4712129,0.0,0.0
2019-08-21 00:00:00-04:00,41.550865148299025,42.00353652463882,41.03248311371807,41.14200210571289,3116459,0.0,0.0
2019-08-22 00:00:00-04:00,41.33912852980296,41.82830867124752,40.97407015266884,41.55816650390625,3246642,0.0,0.0
2019-08-23 00:00:00-04:00,40.9740759500942,41.57277147852136,39.76938903074596,39.886207580566406,4907933,0.0,0.0
2019-08-26 00:00:00-04:00,40.514106793899415,40.711238796429555,39.67447458102573,39.89350891113281,2863369,0.0,0.0
2019-08-27 00:00:00-04:00,40.258573455756206,40.37539202849761,38.40407907408386,38.4478874206543,4627722,0.0,0.0
2019-08-28 00:00:00-04:00,38.440578895742625,39.156093015889184,37.849186564736804,39.017372131347656,4387200,0.0,0.0
2019-08-29 00:00:00-04:00,39.71828372131005,40.696636836517584,39.67447538049419,40.214759826660156,4237569,0.0,0.0
2019-08-30 00:00:00-04:00,40.587120105940436,41.91592884731471,40.587120105940436,41.81371307373047,6337038,0.0,0.0
2019-09-03 00:00:00-04:00,41.346437435296224,42.229877944859254,40.96677622879779,41.95973205566406,5977843,0.0,0.0
2019-09-04 00:00:00-04:00,42.974592930399766,44.77797901486484,42.974592930399766,43.3177490234375,8333842,0.0,0.0
2019-09-05 00:00:00-04:00,44.17928490181774,45.42048061808582,43.9821529071121,45.23065185546875,7726320,0.0,0.0
2019-09-06 00:00:00-04:00,45.340170977532345,45.88045912147214,45.03352363878389,45.44239044189453,5891848,0.0,0.0
2019-09-09 00:00:00-04:00,45.35477217979467,46.12139418476649,45.27445873155186,45.81474685668945,4724830,0.0,0.0
2019-09-10 00:00:00-04:00,45.53729701295463,45.90235542628945,45.062723286486694,45.46428680419922,4847604,0.0,0.0
2019-09-11 00:00:00-04:00,45.93156065474799,47.369884602557605,45.778233321813524,46.94641876220703,6622673,0.0,0.0
2019-09-12 00:00:00-04:00,47.10705064825513,47.57432487407111,46.75659497889315,47.23847198486328,4555221,0.0,0.0
2019-09-13 00:00:00-04:00,46.9610233258571,47.68383694308225,46.95372377866792,47.16545486450195,3885783,0.0,0.0
2019-09-16 00:00:00-04:00,46.515656486621026,46.52295603402104,45.676020611885086,45.98997116088867,6074951,0.0,0.0
2019-09-17 00:00:00-04:00,45.9534599208172,46.74198411939051,45.74172517234916,46.66167068481445,3725303,0.0,0.0
2019-09-18 00:00:00-04:00,46.68358099002992,46.72008609507541,45.34746908886788,46.40613555908203,4264558,0.0,0.0
2019-09-19 00:00:00-04:00,46.50104438413883,46.63976523516006,45.31825632315499,45.741722106933594,5435016,0.0,0.0
2019-09-20 00:00:00-04:00,46.282021694666426,46.282021694666426,44.23769509272001,44.30340576171875,11409155,0.0,0.0
2019-09-23 00:00:00-04:00,44.595450043053525,45.070023779482895,44.27419995909615,44.52973937988281,4131994,0.0,0.0
2019-09-24 00:00:00-04:00,44.68306695905432,44.843693857538206,43.34695493687246,43.500282287597656,5199655,0.0,0.0
2019-09-25 00:00:00-04:00,43.58059533591689,45.3036682690684,43.412668877020835,44.57355499267578,8315717,0.0,0.0
2019-09-26 00:00:00-04:00,44.80718893481857,45.6322221417798,44.44943368337546,45.12113952636719,5873591,0.0,0.0
2019-09-27 00:00:00-04:00,44.85829608490971,45.63221763763787,43.938350415794204,44.1646842956543,7619819,0.0,0.0
2019-09-30 00:00:00-04:00,44.05516902184372,44.12817923773046,42.95269412719023,43.54408645629883,5026606,0.0,0.0
2019-10-01 00:00:00-04:00,43.85073127866439,44.617353240779224,42.61683880288827,42.777462005615234,4203303,0.0,0.0
2019-10-02 00:00:00-04:00,42.20797449393308,42.30289072251011,40.99598427416133,41.48516082763672,7396496,0.0,0.0
2019-10-03 00:00:00-04:00,41.669305324378264,42.590053676123794,40.866416330448224,42.56058883666992,5401941,0.377929,0.0
2019-10-04 00:00:00-04:00,42.833139723430705,43.2677331998324,42.700551631139156,43.14250946044922,3195442,0.0,0.0
2019-10-07 00:00:00-04:00,42.93625751205768,43.27509205263023,42.671081361177535,42.71527862548828,3251008,0.0,0.0
2019-10-08 00:00:00-04:00,42.05970977910706,42.207030288107966,40.80749474633054,40.89588928222656,5826889,0.0,0.0
2019-10-09 00:00:00-04:00,41.448332751238105,41.963952649934335,41.197889012870924,41.63984680175781,2967224,0.0,0.0
2019-10-10 00:00:00-04:00,41.54408689405097,42.590055276542515,41.34520479650148,42.236488342285156,3124397,0.0,0.0
2019-10-11 00:00:00-04:00,43.12040208732004,43.665483028348376,42.7300059767869,42.98044967651367,3463349,0.0,0.0
2019-10-14 00:00:00-04:00,43.908572415677426,44.36526266047635,43.31192601058262,43.66549301147461,4954767,0.0,0.0
2019-10-15 00:00:00-04:00,43.687587885107085,44.888241176141825,43.65075497345608,44.79984664916992,4728005,0.0,0.0
2019-10-16 00:00:00-04:00,44.88823845747322,44.99872603325825,43.70968201081501,43.798072814941406,3594062,0.0,0.0
2019-10-17 00:00:00-04:00,44.262130465057105,44.262130465057105,43.245623219636784,43.91592788696289,4083704,0.0,0.0
2019-10-18 00:00:00-04:00,43.518170900195635,43.61392606213136,42.1775614581743,42.81840133666992,4398181,0.0,0.0
2019-10-21 00:00:00-04:00,43.15723611759516,43.50343872537784,42.92889288054031,43.16460418701172,2894195,0.0,0.0
2019-10-22 00:00:00-04:00,43.24562214474806,44.12217323638996,43.24562214474806,43.35611343383789,4090848,0.0,0.0
2019-10-23 00:00:00-04:00,42.8183992463519,42.8183992463519,41.897654561388805,42.4648323059082,4409427,0.0,0.0
2019-10-24 00:00:00-04:00,43.33401812893617,44.3652540861955,42.89942474396855,43.84226989746094,4954106,0.0,0.0
2019-10-25 00:00:00-04:00,43.84964120754635,45.16815027440817,43.66549150193796,45.10185623168945,4491056,0.0,0.0
2019-10-28 00:00:00-04:00,45.779519911874836,46.3025078388123,45.34493022718872,46.206748962402344,4103946,0.0,0.0
2019-10-29 00:00:00-04:00,46.2951433106821,46.50138978257857,45.83845310112893,46.250946044921875,3739460,0.0,0.0
2019-10-30 00:00:00-04:00,46.354069596137066,46.47192524535519,45.175513103955836,45.786888122558594,6281869,0.0,0.0
2019-10-31 00:00:00-04:00,42.214391398828894,42.722646929975866,37.971591548867224,38.045249938964844,29478425,0.0,0.0
2019-11-01 00:00:00-04:00,38.16310540068692,40.05616003314997,37.942122818052916,39.651031494140625,12718131,0.0,0.0
2019-11-04 00:00:00-05:00,40.210846505874606,40.56441344801083,39.65103311019857,40.4833869934082,6922862,0.0,0.0
2019-11-05 00:00:00-05:00,40.52758336281922,40.64543900760279,39.687861429049825,39.87937545776367,6002451,0.0,0.0
2019-11-06 00:00:00-05:00,39.73205651867023,39.746788939528,38.870237779680586,39.57000732421875,7696949,0.0,0.0
2019-11-07 00:00:00-05:00,40.18875609705129,40.26977884699082,39.098590256811974,39.21644592285156,5115776,0.0,0.0
2019-11-08 00:00:00-05:00,39.047029400700566,39.113323446490675,37.99369273842025,38.31779861450195,7623258,0.0,0.0
2019-11-11 00:00:00-05:00,37.780072531350214,38.4577415270257,37.54436125307251,38.29568862915039,5790639,0.0,0.0
2019-11-12 00:00:00-05:00,38.40617986941991,38.91443161554362,38.12627133275431,38.7008171081543,5561231,0.0,0.0
2019-11-13 00:00:00-05:00,38.236772031582944,38.280969301142235,37.279194264405774,37.581199645996094,6902753,0.0,0.0
2019-11-14 00:00:00-05:00,37.43387768834062,37.47807495619586,36.42474205515762,37.10977554321289,6120727,0.0,0.0
2019-11-15 00:00:00-05:00,37.55909778151012,37.88319989522489,36.94035467896947,37.0803108215332,7113903,0.0,0.0
2019-11-18 00:00:00-05:00,37.01401411752088,37.124505420838254,36.04170774879213,36.46893310546875,7579599,0.0,0.0
2019-11-19 00:00:00-05:00,36.60888288272624,36.60888288272624,34.81158352157401,35.00309753417969,11011594,0.0,0.0
2019-11-20 00:00:00-05:00,34.988369204199444,36.03433379260764,34.973636784997694,35.7249641418457,14662809,0.0,0.0
2019-11-21 00:00:00-05:00,35.63657568502067,36.085897771476866,35.0767623060392,35.23881149291992,5635319,0.0,0.0
2019-11-22 00:00:00-05:00,35.51872171667901,35.99750866605998,35.327207680425026,35.69550704956055,3891208,0.0,0.0
2019-11-25 00:00:00-05:00,35.857559035111805,36.77830752961843,35.791264994807634,36.65308380126953,5065899,0.0,0.0
2019-11-26 00:00:00-05:00,36.63098900351782,36.68991497724975,35.70287610667304,35.87965774536133,5089581,0.0,0.0
2019-11-27 00:00:00-05:00,36.218489952579844,37.190800054357084,36.15219963051946,37.131874084472656,5065899,0.0,0.0
2019-11-29 00:00:00-05:00,37.11714572618174,37.36022141949164,36.82250469202578,37.07294845581055,2470438,0.0,0.0
2019-12-02 00:00:00-05:00,37.080305815999026,37.374943047559206,35.688134952587134,35.7249641418457,6823637,0.0,0.0
2019-12-03 00:00:00-05:00,34.98837013267243,35.1946165719868,34.36226274618711,35.1430549621582,5628042,0.0,0.0
2019-12-04 00:00:00-05:00,35.49662089622157,35.857552155019555,34.89261029711787,34.94417190551758,6323940,0.0,0.0
2019-12-05 00:00:00-05:00,35.2093578312524,35.48926272131157,34.7968611315704,34.907352447509766,5001205,0.0,0.0
2019-12-06 00:00:00-05:00,35.489258411362925,36.57942414510085,35.364038404831945,36.152198791503906,5326001,0.0,0.0
2019-12-09 00:00:00-05:00,35.88702636695737,36.15220254655706,35.062036699585896,35.40087127685547,5731633,0.0,0.0
2019-12-10 00:00:00-05:00,35.7323409741864,36.81513873492023,35.49662964412921,36.270057678222656,6864386,0.0,0.0
2019-12-11 00:00:00-05:00,36.6088874055942,37.92739632189092,36.46156691443204,37.61802291870117,6146526,0.0,0.0
2019-12-12 00:00:00-05:00,37.74324836171537,39.72469400253158,37.728515940176855,39.57737350463867,9660943,0.0,0.0
2019-12-13 00:00:00-05:00,39.82045272172415,40.807491503357525,39.59210576504487,39.99723434448242,8974174,0.0,0.0
2019-12-16 00:00:00-05:00,41.48516018596313,42.973086413535654,41.28627807416075,41.61774826049805,12236559,0.0,0.0
2019-12-17 00:00:00-05:00,41.83136387536655,42.42064215659777,41.49252932834512,42.1628303527832,6364688,0.0,0.0
2019-12-18 00:00:00-05:00,42.111263098430406,42.50902727907565,41.84609069549198,42.155460357666016,5093021,0.0,0.0
2019-12-19 00:00:00-05:00,43.38558432218246,43.753883713842114,42.383809382069444,43.289825439453125,7564517,0.0,0.0
2019-12-20 00:00:00-05:00,43.91592826294724,45.13131389609118,43.57709375073682,45.013458251953125,12851754,0.0,0.0
2019-12-23 00:00:00-05:00,44.95453598416393,46.45719464107873,44.85877710371361,46.18465042114258,7085723,0.0,0.0
2019-12-24 00:00:00-05:00,46.214111273216524,46.24357611350179,45.54381032042361,45.83844757080078,2557227,0.0,0.0
2019-12-26 00:00:00-05:00,45.75742854387721,46.5529533382274,45.68377014870324,46.25831604003906,3073726,0.0,0.0
2019-12-27 00:00:00-05:00,46.47928780066655,46.84758715492541,45.588004255558154,45.76478958129883,4205420,0.0,0.0
2019-12-30 00:00:00-05:00,45.669027929300526,46.0225948417752,44.630423962190015,45.948936462402344,4299882,0.0,0.0
2019-12-31 00:00:00-05:00,45.60273938044409,46.781295896973766,45.448054534679336,46.7518310546875,5093947,0.0,0.0
2020-01-02 00:00:00-05:00,47.6650408296357,48.986596298579464,47.6650408296357,48.71931457519531,8823749,0.377929,0.0
2020-01-03 00:00:00-05:00,47.434888371471835,48.48916228675379,47.18245600841675,47.969451904296875,5236434,0.0,0.0
2020-01-06 00:00:00-05:00,46.744405713752364,47.924893690648,46.588492631559724,47.04880905151367,5405646,0.0,0.0
2020-01-07 00:00:00-05:00,48.41491589173143,50.47149255129494,47.91005119821094,50.233909606933594,14672467,0.0,0.0
2020-01-08 00:00:00-05:00,49.89980177341415,51.228780047096635,49.46918414062033,50.96150207519531,8731932,0.0,0.0
2020-01-09 00:00:00-05:00,51.51833276420192,51.726220622288835,49.959198184114655,50.946651458740234,6867296,0.0,0.0
2020-01-10 00:00:00-05:00,51.14711750888232,51.25105957410583,50.2339074039768,50.44179153442383,5932729,0.0,0.0
2020-01-13 00:00:00-05:00,50.90210729461952,51.7336475518856,50.657101536706314,51.32530212402344,5505003,0.0,0.0
2020-01-14 00:00:00-05:00,51.37727031889608,52.34245138973099,51.15453680208957,51.38469314575195,5926246,0.0,0.0
2020-01-15 00:00:00-05:00,50.77589734787054,50.91696105407522,49.03114684903306,49.4988899230957,7727775,0.0,0.0
2020-01-16 00:00:00-05:00,50.516040627414334,51.15454624121856,50.233913202672106,50.98378372192383,6918629,0.0,0.0
2020-01-17 00:00:00-05:00,51.793038462249775,51.822737263642395,50.38239410723087,50.67937088012695,5579223,0.0,0.0
2020-01-21 00:00:00-05:00,50.167088601867874,51.22136243716313,50.092841590713725,51.072872161865234,6673477,0.0,0.0
2020-01-22 00:00:00-05:00,51.25848831844051,51.83017349017195,50.694229721945334,50.98378372192383,4003927,0.0,0.0
2020-01-23 00:00:00-05:00,52.238510203987786,53.45611986639485,50.9615029377018,52.661705017089844,9186251,0.0,0.0
2020-01-24 00:00:00-05:00,53.24081168924017,53.27793331730142,51.14711364708369,51.61485290527344,5880206,0.0,0.0
2020-01-27 00:00:00-05:00,49.2019011391887,50.11511115699162,48.49657897901461,49.491455078125,6056562,0.0,0.0
2020-01-28 00:00:00-05:00,50.10026066035608,51.102563311204506,49.3132686890857,50.79073715209961,4539081,0.0,0.0
2020-01-29 00:00:00-05:00,50.619978094335536,50.946653675529355,49.46175853863181,49.565704345703125,4125776,0.0,0.0
2020-01-30 00:00:00-05:00,48.54854906233758,49.72161419559649,47.89519419551688,49.71418762207031,11573207,0.0,0.0
2020-01-31 00:00:00-05:00,51.3475727918417,51.60000511635684,48.3852128230816,48.63022232055664,18592384,0.0,0.0
2020-02-03 00:00:00-05:00,48.70446380402472,51.265904838038225,48.02883668759336,49.92207717895508,7644956,0.0,0.0
2020-02-04 00:00:00-05:00,51.228782595546754,51.882137524608794,50.746193909736434,50.80558776855469,6277635,0.0,0.0
2020-02-05 00:00:00-05:00,51.55546184014059,52.327608288568854,50.04829807007338,50.56800842285156,6443936,0.0,0.0
2020-02-06 00:00:00-05:00,51.065447716905354,51.3253028801887,50.21905804562784,51.00605010986328,4935055,0.0,0.0
2020-02-07 00:00:00-05:00,50.52345985669377,50.664523548554655,49.66222081020536,49.76616287231445,5346905,0.0,0.0
2020-02-10 00:00:00-05:00,49.29842229930012,50.501182556152344,49.19448023991833,50.501182556152344,4081058,0.0,0.0
2020-02-11 00:00:00-05:00,51.33272373645605,51.82273898769607,50.66452316495247,51.16938781738281,5121333,0.0,0.0
2020-02-12 00:00:00-05:00,51.74849803233485,52.93641271033902,51.74849803233485,52.23108673095703,5267789,0.0,0.0
2020-02-13 00:00:00-05:00,51.347574813484975,52.7804952374906,51.25848215044547,51.65940475463867,4856072,0.0,0.0
2020-02-14 00:00:00-05:00,52.075175997198734,52.171695240111035,50.73877473400472,51.414398193359375,4239421,0.0,0.0
2020-02-18 00:00:00-05:00,50.27844750020144,50.80558435496516,49.75131439244766,50.71649169921875,3508331,0.0,0.0
2020-02-19 00:00:00-05:00,51.21393652365916,52.17911770503928,51.08029564886694,51.64455795288086,3531616,0.0,0.0
2020-02-20 00:00:00-05:00,51.674257130442264,51.74850039607991,50.06314754061942,51.27333450317383,3140802,0.0,0.0
2020-02-21 00:00:00-05:00,50.84271344599206,51.058020400866376,49.112812497668905,49.729042053222656,5426152,0.0,0.0
2020-02-24 00:00:00-05:00,47.2195791764162,48.21445543162342,46.878054156239635,47.18988037109375,6706816,0.0,0.0
2020-02-25 00:00:00-05:00,47.24184870530293,47.59822310776087,43.87856973168081,44.197818756103516,7797630,0.0,0.0
2020-02-26 00:00:00-05:00,44.45024888632921,45.83119822217307,44.04933004534751,44.2646369934082,6383872,0.0,0.0
2020-02-27 00:00:00-05:00,42.39367089471321,43.35142912723169,40.789988094092,40.960750579833984,8459791,0.0,0.0
2020-02-28 00:00:00-05:00,38.79281349499163,41.36167763311578,38.4438619119379,41.250308990478516,10411349,0.0,0.0
2020-03-02 00:00:00-05:00,42.579282982057116,44.59873776641849,41.85911140783335,44.57646179199219,9993016,0.0,0.0
2020-03-03 00:00:00-05:00,44.249785428575606,45.25951467621309,41.8294118589333,42.2674560546875,7171586,0.0,0.0
2020-03-04 00:00:00-05:00,43.31430306812835,44.01220240061561,42.1338150871268,43.908260345458984,6804454,0.0,0.0
2020-03-05 00:00:00-05:00,42.23033196194018,44.220084046337234,42.15608496453078,42.846561431884766,5936830,0.0,0.0
2020-03-06 00:00:00-05:00,40.87165808039182,42.37882165676401,39.624349647013105,40.63407516479492,7950172,0.0,0.0
2020-03-09 00:00:00-04:00,36.79562693099521,37.60489490914995,35.132550266849606,35.19194412231445,8923900,0.0,0.0
2020-03-10 00:00:00-04:00,37.10003159108642,37.4935276068939,34.47177376965155,37.085182189941406,9852381,0.0,0.0
2020-03-11 00:00:00-04:00,35.5037750528817,35.607717113164256,32.80869307152086,33.51401901245117,10134974,0.0,0.0
2020-03-12 00:00:00-04:00,30.173011013199456,31.962307659996604,27.329442473468387,29.037067413330078,12741152,0.0,0.0
2020-03-13 00:00:00-04:00,31.78411805560892,32.02170097775594,28.495082521581782,31.049097061157227,11080125,0.0,0.0
2020-03-16 00:00:00-04:00,26.238043773856962,28.04218972358595,24.597239355591405,24.701181411743164,11738714,0.0,0.0
2020-03-17 00:00:00-04:00,25.41393338504597,27.47050816310319,23.015831720669087,25.280292510986328,13591841,0.0,0.0
2020-03-18 00:00:00-04:00,23.05295217541499,23.75827626852586,20.743945169529383,21.6720027923584,11728660,0.0,0.0
2020-03-19 00:00:00-04:00,21.679425702356387,24.151770300911,20.343022760933767,23.268260955810547,9052495,0.0,0.0
2020-03-20 00:00:00-04:00,24.018132924345288,25.859398739453805,23.015830182876822,23.05295181274414,12262887,0.0,0.0
2020-03-23 00:00:00-04:00,23.82509456011576,25.98561297644672,22.421871200843956,25.517871856689453,13896527,0.0,0.0
2020-03-24 00:00:00-04:00,27.908550426483156,30.700147939195556,27.180954119246774,30.046794891357422,13713292,0.0,0.0
2020-03-25 00:00:00-04:00,30.291803800262407,33.71447853021354,28.910854386753932,30.90803337097168,12476287,0.0,0.0
2020-03-26 00:00:00-04:00,32.28898110894513,34.293582700277135,31.702446659514457,32.882938385009766,11572281,0.0,0.0
2020-03-27 00:00:00-04:00,31.450020783825995,32.43004756283723,30.121040562480243,31.368349075317383,8651362,0.0,0.0
2020-03-30 00:00:00-04:00,31.73957074164993,33.098247881548645,31.049097930888422,32.3038330078125,7611351,0.0,0.0
2020-03-31 00:00:00-04:00,31.99942808422484,32.76414786479288,30.492260750636166,30.900606155395508,8992828,0.0,0.0
2020-04-01 00:00:00-04:00,29.47511181223867,30.64817704876973,28.14613348205016,28.710391998291016,8753762,0.0,0.0
2020-04-02 00:00:00-04:00,29.00374178708325,30.605866003899717,28.153786942272088,28.883392333984375,7177407,0.377929,0.0
2020-04-03 00:00:00-04:00,29.041349306671187,29.62052119602144,28.206438391666318,28.740480422973633,4528497,0.0,0.0
2020-04-06 00:00:00-04:00,30.56825849512211,32.854860172268616,30.56825849512211,32.57655715942383,8554253,0.0,0.0
2020-04-07 00:00:00-04:00,34.2614197940933,35.48746315950861,32.08764746957522,32.23807907104492,9600482,0.0,0.0
2020-04-08 00:00:00-04:00,32.91503442010359,34.53972446549867,32.726991133838276,34.10346221923828,6580999,0.0,0.0
2020-04-09 00:00:00-04:00,35.13393745543004,36.22458545065663,32.77964210162304,33.88533401489258,8593943,0.0,0.0
2020-04-13 00:00:00-04:00,33.298638031993754,33.704808608436316,32.200466250924485,32.91503143310547,7526018,0.0,0.0
2020-04-14 00:00:00-04:00,33.66720072227535,34.52467742267076,33.24598622865972,33.67472457885742,7647602,0.0,0.0
2020-04-15 00:00:00-04:00,32.45620664120472,32.787161442601764,31.44077446239808,32.08012008666992,6699804,0.0,0.0
2020-04-16 00:00:00-04:00,32.185423161494136,32.343378600622074,30.38773386517729,30.89920997619629,8037622,0.0,0.0
2020-04-17 00:00:00-04:00,32.448685065290164,32.4637251862072,31.335469371376988,31.83190155029297,7748414,0.0,0.0
2020-04-20 00:00:00-04:00,31.275296564758648,31.275296564758648,29.703256537984622,29.748388290405273,10294792,0.0,0.0
2020-04-21 00:00:00-04:00,29.00373868470296,29.327171518030237,28.349347263313206,28.454652786254883,8160396,0.0,0.0
2020-04-22 00:00:00-04:00,29.492650058945348,30.350124906724584,29.259476924177132,30.03421401977539,6120330,0.0,0.0
2020-04-23 00:00:00-04:00,30.131996399091655,30.56073478209654,29.34221726508165,29.628042221069336,6836603,0.0,0.0
2020-04-24 00:00:00-04:00,29.83864844320442,30.771342869745435,29.364780220108518,30.605863571166992,5560966,0.0,0.0
2020-04-27 00:00:00-04:00,31.05716852162059,32.53142314026239,30.996994747509902,32.411075592041016,6436130,0.0,0.0
2020-04-28 00:00:00-04:00,33.33624726502665,33.87780932072419,32.576554097236325,33.6220703125,7991317,0.0,0.0
2020-04-29 00:00:00-04:00,34.59989454659405,36.72854246262234,34.06585255239222,35.901153564453125,11623349,0.0,0.0
2020-04-30 00:00:00-04:00,35.46488959601221,35.51754140715475,34.005679004839074,34.66006851196289,12249128,0.0,0.0
2020-05-01 00:00:00-04:00,30.46295041103005,31.169989830228136,28.8984324037396,30.447906494140625,33259029,0.0,0.0
2020-05-04 00:00:00-04:00,30.04925891260194,30.56073505429089,29.221869975667232,29.83864974975586,11762528,0.0,0.0
2020-05-05 00:00:00-04:00,30.47799516081696,31.553601149951703,30.192170204539533,30.342605590820312,8210406,0.0,0.0
2020-05-06 00:00:00-04:00,30.673559382095274,31.395644656879856,30.304994785834815,30.560733795166016,5199655,0.0,0.0
2020-05-07 00:00:00-04:00,31.162471229400502,31.651381468787353,30.88416634609716,31.478382110595703,5864198,0.0,0.0
2020-05-08 00:00:00-04:00,32.08011940346657,33.32120272934436,32.05755542542487,33.24598693847656,6423694,0.0,0.0
2020-05-11 00:00:00-04:00,32.591601051204705,32.591601051204705,31.478385204664537,31.884559631347656,6846525,0.0,0.0
2020-05-12 00:00:00-04:00,32.298252116751655,32.380991768474345,30.816473631140017,30.82399559020996,6825225,0.0,0.0
2020-05-13 00:00:00-04:00,30.688601178756546,30.816470674584313,29.214344793656135,29.522735595703125,8413089,0.0,0.0
2020-05-14 00:00:00-04:00,29.04134842031111,30.387735447485863,28.319263121475473,30.342605590820312,7599180,0.0,0.0
2020-05-15 00:00:00-04:00,29.36478337499353,29.943955288103055,29.033828538372898,29.492652893066406,7305209,0.0,0.0
2020-05-18 00:00:00-04:00,30.696125539516174,31.98233686266701,30.613385889256023,31.877033233642578,8042252,0.0,0.0
2020-05-19 00:00:00-04:00,31.816859625457408,32.30576984731472,31.22264388226405,31.39564323425293,5539004,0.0,0.0
2020-05-20 00:00:00-04:00,32.41859448807534,33.283591172266455,31.884552561823504,32.328330993652344,7591242,0.0,0.0
2020-05-21 00:00:00-04:00,32.12524670461447,32.606636810094294,31.55359500533401,32.11020278930664,5684534,0.0,0.0
2020-05-22 00:00:00-04:00,32.253118459501,32.26063852008059,31.523513147367836,31.907119750976562,4538287,0.0,0.0
2020-05-26 00:00:00-04:00,33.366337153144116,34.44194126992391,32.99777063775734,33.9003791809082,7425470,0.0,0.0
2020-05-27 00:00:00-04:00,34.223807654231315,34.83306923064833,32.463726247879755,34.607418060302734,11777478,0.0,0.0
2020-05-28 00:00:00-04:00,34.19372148598045,34.268937272714,32.70441929913072,32.80972671508789,5707819,0.0,0.0
2020-05-29 00:00:00-04:00,32.88494910144493,33.50173082393851,32.16286373795397,33.37385940551758,7095646,0.0,0.0
2020-06-01 00:00:00-04:00,32.64425192977517,32.9300749956448,32.17790563632525,32.40355682373047,6162137,0.0,0.0
2020-06-02 00:00:00-04:00,32.46372874851442,33.13316225041225,32.25312147944819,33.09555435180664,5859302,0.0,0.0
2020-06-03 00:00:00-04:00,33.88533729462234,34.45698725511691,33.61455433582722,34.17868423461914,6487992,0.0,0.0
2020-06-04 00:00:00-04:00,33.84772112969524,35.11137223986598,33.449074398016805,34.5848503112793,9225279,0.0,0.0
2020-06-05 00:00:00-04:00,36.24715767917299,37.51832525490663,35.66046378388244,36.45024490356445,10197949,0.0,0.0
2020-06-08 00:00:00-04:00,37.194888980676616,37.24754079477088,35.773282407945054,36.502891540527344,7113374,0.0,0.0
2020-06-09 00:00:00-04:00,35.64541694293116,36.19450289154411,35.261810303467755,35.97637176513672,5456052,0.0,0.0
2020-06-10 00:00:00-04:00,36.01397579202782,36.10423549818162,34.85563214079016,35.23923873901367,6475424,0.0,0.0
2020-06-11 00:00:00-04:00,33.56189893704024,33.599506833730956,31.839425381421453,31.854469299316406,10800840,0.0,0.0
2020-06-12 00:00:00-04:00,33.050420117289356,33.59950602481579,31.418208210289464,32.30577087402344,7492678,0.0,0.0
2020-06-15 00:00:00-04:00,31.185033874985468,32.47876897575708,30.666035822591024,32.29072570800781,7642706,0.0,0.0
2020-06-16 00:00:00-04:00,33.96807185387671,34.68263324818771,32.817248247875064,33.449073791503906,7494663,0.0,0.0
2020-06-17 00:00:00-04:00,33.74994301875569,33.74994301875569,32.72699074242535,32.87742233276367,5275595,0.0,0.0
2020-06-18 00:00:00-04:00,32.55399126545272,32.7345106916794,31.944729660727518,32.20798873901367,5260116,0.0,0.0
2020-06-19 00:00:00-04:00,32.659291656381185,33.862767032130776,32.49381236868073,33.38889694213867,18907258,0.0,0.0
2020-06-22 00:00:00-04:00,34.231336499947766,34.253900481442855,32.90751332384957,33.93046569824219,7841024,0.0,0.0
2020-06-23 00:00:00-04:00,34.11850469092086,34.21628825853861,32.5690305072979,32.72698974609375,7491884,0.0,0.0
2020-06-24 00:00:00-04:00,32.63672789301743,32.65929566889937,31.538559799306498,31.779253005981445,7571926,0.0,0.0
2020-06-25 00:00:00-04:00,31.508469052675263,32.11020675891456,31.117338594596433,32.01994705200195,5563480,0.0,0.0
2020-06-26 00:00:00-04:00,31.869514539929416,31.944730336432617,30.62090916180597,30.741256713867188,7595740,0.0,0.0
2020-06-29 00:00:00-04:00,30.906733299160212,31.756686202133498,30.538170591593165,31.583688735961914,4933599,0.0,0.0
2020-06-30 00:00:00-04:00,32.50885656507872,33.32872156204787,32.20798582050627,33.2083740234375,9161510,0.0,0.0
2020-07-01 00:00:00-04:00,33.103075223339225,33.19333873751426,31.62882050769742,31.9296875,8000975,0.0,0.0
2020-07-02 00:00:00-04:00,32.35842141658847,32.63672438978228,31.734119742008502,31.922163009643555,5159965,0.0,0.0
2020-07-06 00:00:00-04:00,32.54646596236123,32.907508594867934,32.004903911647816,32.30577087402344,5746980,0.0,0.0
2020-07-07 00:00:00-04:00,31.892076083756375,32.223030877623145,31.215122578652554,31.380599975585938,6197726,0.0,0.0
2020-07-08 00:00:00-04:00,31.538557849446438,32.19294738769531,31.28281884197892,32.19294738769531,4927778,0.0,0.0
2020-07-09 00:00:00-04:00,32.207986189220854,32.3433776462191,31.147426102889767,31.83190155029297,4916533,0.0,0.0
2020-07-10 00:00:00-04:00,31.681469360676463,31.95977234643126,31.18503526355748,31.824382781982422,4312715,0.0,0.0
2020-07-13 00:00:00-04:00,32.11772772982976,32.441162467868615,31.463340091048288,31.478382110595703,5993587,0.0,0.0
2020-07-14 00:00:00-04:00,31.124860563701034,31.72659827014373,30.515602796718564,31.628816604614258,5131256,0.0,0.0
2020-07-15 00:00:00-04:00,32.33585980189642,33.23094445464663,32.102684766398106,33.1482048034668,6404246,0.0,0.0
2020-07-16 00:00:00-04:00,32.7194667696359,33.29111668074446,32.486295527779376,32.94511795043945,4327533,0.0,0.0
2020-07-17 00:00:00-04:00,33.20837754700679,33.20837754700679,32.37346854461184,32.651771545410156,3023187,0.0,0.0
2020-07-20 00:00:00-04:00,32.41860511933556,32.9977751866374,32.170386122411315,32.77964782714844,4091642,0.0,0.0
2020-07-21 00:00:00-04:00,33.06546375085545,33.817636844474706,32.95264006446849,33.223419189453125,5447585,0.0,0.0
2020-07-22 00:00:00-04:00,33.1707676463636,33.27607127295182,32.704421387432994,33.06546401977539,4306233,0.0,0.0
2020-07-23 00:00:00-04:00,33.05042349009071,35.64541791330804,33.03538336711634,34.720245361328125,14633438,0.0,0.0
2020-07-24 00:00:00-04:00,34.118505585194974,34.18620131899804,32.12525285680866,32.23055648803711,10627394,0.0,0.0
2020-07-27 00:00:00-04:00,32.52390100198505,32.91503145774633,32.004902945196335,32.89246368408203,5236699,0.0,0.0
2020-07-28 00:00:00-04:00,32.64425095190321,32.967685702729696,32.17038081528176,32.23055648803711,4142313,0.0,0.0
2020-07-29 00:00:00-04:00,31.658902708499195,32.30577027183763,31.470859436984625,31.907119750976562,7129250,0.0,0.0
2020-07-30 00:00:00-04:00,31.508467568214943,32.20046494876473,31.132381045022328,32.16285705566406,4654711,0.0,0.0
2020-07-31 00:00:00-04:00,32.27567905945794,32.448682191707356,31.613769546187193,32.41859436035156,5138929,0.0,0.0
2020-08-03 00:00:00-04:00,32.45620632482001,33.08803188212314,31.89960035534657,33.02033615112305,5376804,0.0,0.0
2020-08-04 00:00:00-04:00,32.66681373957632,33.6822459134897,32.62168198665604,33.66720199584961,4902244,0.0,0.0
2020-08-05 00:00:00-04:00,33.862768229287425,34.11850343409386,33.14068297830966,33.449073791503906,8596854,0.0,0.0
2020-08-06 00:00:00-04:00,29.409912534072742,29.492650286893202,27.755132803056753,28.05600357055664,44770849,0.0,0.0
2020-08-07 00:00:00-04:00,28.12369909704778,28.507307640442377,27.454267483038578,27.822832107543945,13560750,0.0,0.0
2020-08-10 00:00:00-04:00,27.980785799118543,28.417044235050188,27.619743156801313,28.101133346557617,10399971,0.0,0.0
2020-08-11 00:00:00-04:00,28.213958145151366,28.68030440391035,27.740089927632194,27.8153076171875,8132084,0.0,0.0
2020-08-12 00:00:00-04:00,28.063523030715924,28.071044989547058,27.461787202738194,27.657350540161133,8305662,0.0,0.0
2020-08-13 00:00:00-04:00,27.37904824679207,27.521961672108457,26.79987638259833,26.882614135742188,11044933,0.0,0.0
2020-08-14 00:00:00-04:00,26.852528197702608,27.13083119126713,26.641920937285498,26.882614135742188,6497782,0.0,0.0
2020-08-17 00:00:00-04:00,27.01048254573393,27.1157861716646,26.67200579179394,26.77730941772461,4385613,0.0,0.0
2020-08-18 00:00:00-04:00,26.822442988579123,26.822442988579123,26.00257600560163,26.107879638671875,8252345,0.0,0.0
2020-08-19 00:00:00-04:00,26.25079022602303,26.5290932171447,25.82957381083943,25.91231346130371,6811333,0.0,0.0
2020-08-20 00:00:00-04:00,25.423400497027597,25.85213885739668,25.272967016888355,25.649051666259766,6456769,0.0,0.0
2020-08-21 00:00:00-04:00,25.3557071685791,25.521184569434716,25.220315705130574,25.3557071685791,6711314,0.0,0.0
2020-08-24 00:00:00-04:00,25.543748747813847,26.047704811233356,25.37074938674138,25.980009078979492,7479581,0.0,0.0
2020-08-25 00:00:00-04:00,26.175573328278798,26.656961598704815,25.731791054950637,25.807008743286133,6444862,0.0,0.0
2020-08-26 00:00:00-04:00,26.03265928023343,26.03265928023343,25.60392093455752,25.79948616027832,5559643,0.0,0.0
2020-08-27 00:00:00-04:00,26.017618585882992,26.581746559503653,25.483576551766937,26.50653076171875,8901012,0.0,0.0
2020-08-28 00:00:00-04:00,26.672006114589493,28.477217388830116,26.59678842456587,28.462175369262695,15537709,0.0,0.0
2020-08-31 00:00:00-04:00,28.34182771617542,28.981173333817317,27.950699146030644,28.898433685302734,12248069,0.0,0.0
2020-09-01 00:00:00-04:00,28.62012821769975,28.838257411159137,27.702477797061544,28.08608627319336,7882831,0.0,0.0
2020-09-02 00:00:00-04:00,28.34935032195828,29.53025999523321,28.341830260551504,29.229393005371094,9814279,0.0,0.0
2020-09-03 00:00:00-04:00,29.003738834307846,29.1917802091419,27.604698174747455,28.364391326904297,9743498,0.0,0.0
2020-09-04 00:00:00-04:00,28.349346845252498,28.86834679952553,27.898044517759324,28.70286750793457,9928983,0.0,0.0
2020-09-08 00:00:00-04:00,27.85291683663852,28.2214814451241,27.386570555716656,27.416656494140625,7567957,0.0,0.0
2020-09-09 00:00:00-04:00,27.589658267112497,27.717527778380187,26.79987721978347,27.49187469482422,7921463,0.0,0.0
2020-09-10 00:00:00-04:00,27.679914513718742,27.97326139773281,27.108264662318632,27.266220092773438,6854463,0.0,0.0
2020-09-11 00:00:00-04:00,27.454268226037453,28.439612673153036,27.273746888621602,28.108657836914062,8401315,0.0,0.0
2020-09-14 00:00:00-04:00,28.58252278459273,29.334693987281497,28.58252278459273,29.28956413269043,8000446,0.0,0.0
2020-09-15 00:00:00-04:00,29.402389923296983,29.402389923296983,28.266610203544584,28.417043685913086,6597140,0.0,0.0
2020-09-16 00:00:00-04:00,28.65021805701444,29.628042377883542,28.5900461799007,29.16921615600586,7950965,0.0,0.0
2020-09-17 00:00:00-04:00,28.42456627233039,29.11656372298819,28.131219361895308,28.79313087463379,5401015,0.0,0.0
2020-09-18 00:00:00-04:00,28.838260842209525,28.875870637312666,27.5971774627864,27.988306045532227,8890825,0.0,0.0
2020-09-21 00:00:00-04:00,27.394091069033415,27.431698964590193,26.754743558241938,27.1458740234375,6400145,0.0,0.0
2020-09-22 00:00:00-04:00,27.371525979359784,27.54452534076647,27.070657112120628,27.431699752807617,4433902,0.0,0.0
2020-09-23 00:00:00-04:00,29.086475699510434,30.9292966808468,29.00373795262976,29.274518966674805,18030638,0.0,0.0
2020-09-24 00:00:00-04:00,28.920997472611578,29.063908984936436,28.13873849077965,28.229000091552734,7120386,0.0,0.0
2020-09-25 00:00:00-04:00,28.116177670641854,28.96613253134204,27.792744796672395,28.936044692993164,5095667,0.0,0.0
2020-09-28 00:00:00-04:00,29.221867531808833,29.51521442498741,28.88338888733619,29.04886817932129,6911087,0.0,0.0
2020-09-29 00:00:00-04:00,28.921000309930598,30.1244738866164,28.921000309930598,29.575389862060547,8805888,0.0,0.0
2020-09-30 00:00:00-04:00,28.417045314630734,28.59756664264746,27.431700918818642,27.49187469482422,18704574,0.0,0.0
2020-10-01 00:00:00-04:00,27.687437661088968,27.852915056964328,27.145873721640577,27.32639503479004,10313447,0.0,0.0
2020-10-02 00:00:00-04:00,26.702093166442634,27.514440076906414,26.544137719041178,27.048093795776367,7100012,0.0,0.0
2020-10-05 00:00:00-04:00,27.25117893709059,27.785220949073434,27.228614957908988,27.50691795349121,6880129,0.0,0.0
2020-10-06 00:00:00-04:00,27.55204950316438,27.920614132263946,27.206050752679943,27.273746490478516,6271417,0.0,0.0
2020-10-07 00:00:00-04:00,27.822832612744588,28.447134379468825,27.612223438611558,28.244047164916992,6958451,0.0,0.0
2020-10-08 00:00:00-04:00,28.56747916642969,29.199302831465936,28.49978343481033,29.10904312133789,6102999,0.0,0.0
2020-10-09 00:00:00-04:00,29.590433410484902,29.74838885280351,28.559957310857836,28.67278289794922,6250381,0.0,0.0
2020-10-12 00:00:00-04:00,28.642697973973295,28.92852293125488,28.281655323287072,28.823219299316406,6957392,0.0,0.0
2020-10-13 00:00:00-04:00,28.928520317645887,29.32717082999414,28.3869563905453,28.469694137573242,5628042,0.0,0.0
2020-10-14 00:00:00-04:00,28.65773948612212,28.838260808264636,28.30421880084887,28.379436492919922,4606421,0.0,0.0
2020-10-15 00:00:00-04:00,27.950697809937328,28.605085415808283,27.710000834677622,28.582521438598633,4861760,0.0,0.0
2020-10-16 00:00:00-04:00,28.650215345041286,29.266996956564313,28.26660875098402,28.537391662597656,23054201,0.0,0.0
2020-10-19 00:00:00-04:00,28.770567262182308,31.5611229773338,28.612609917442136,30.77886390686035,22682967,0.0,0.0
2020-10-20 00:00:00-04:00,30.763820001604977,31.470859437879735,30.68860231338769,31.14742660522461,9838357,0.0,0.0
2020-10-21 00:00:00-04:00,31.425731931837998,31.982337931306215,31.358038095236594,31.636341094970703,9090730,0.0,0.0
2020-10-22 00:00:00-04:00,31.658908304637993,32.922557718223835,31.327953454865163,32.298255920410156,8076650,0.0,0.0
2020-10-23 00:00:00-04:00,31.97481573124637,32.147815086864895,31.072209159728004,31.380599975585938,8858808,0.0,0.0
2020-10-26 00:00:00-04:00,31.094778574327073,31.192560252268176,29.966520706046552,30.455432891845703,6465369,0.0,0.0
2020-10-27 00:00:00-04:00,30.33508238361392,30.65851522413107,30.086865335095816,30.327560424804688,5298086,0.0,0.0
2020-10-28 00:00:00-04:00,29.056392427270612,29.785997789406057,29.03382654984558,29.191781997680664,7450739,0.0,0.0
2020-10-29 00:00:00-04:00,28.620130460696792,29.124084612195936,28.11617441115104,28.665260314941406,8518003,0.0,0.0
2020-10-30 00:00:00-04:00,28.567479774074208,28.763043116193582,27.80778658849197,28.379436492919922,6705361,0.0,0.0
2020-11-02 00:00:00-05:00,28.650217807938837,28.650217807938837,27.521961906047355,27.852916717529297,7145523,0.0,0.0
2020-11-03 00:00:00-05:00,28.304218486389317,28.65021720880675,28.063523392873417,28.19139289855957,5710597,0.0,0.0
2020-11-04 00:00:00-05:00,28.43960799300973,28.52986769784071,27.604697182113757,28.213956832885742,5530008,0.0,0.0
2020-11-05 00:00:00-05:00,28.394479248664553,29.515215032656435,28.379435331256804,29.447519302368164,6015284,0.0,0.0
2020-11-06 00:00:00-05:00,29.560345939196818,30.139517799547964,29.409912453903623,29.943952560424805,4033166,0.0,0.0
2020-11-09 00:00:00-05:00,31.215122881749764,32.313294695605286,30.959383876158032,31.2000789642334,7881905,0.0,0.0
2020-11-10 00:00:00-05:00,31.139909289883057,31.51599588900132,30.771346548559652,31.04212760925293,5241329,0.0,0.0
2020-11-11 00:00:00-05:00,31.34299484586287,31.538560094793198,30.357650437955886,30.538171768188477,4818895,0.0,0.0
2020-11-12 00:00:00-05:00,30.297472609420012,30.432864071981626,29.30460631274367,29.567867279052734,5381170,0.0,0.0
2020-11-13 00:00:00-05:00,29.936430983266202,31.267775981203492,29.823607291392346,31.19255828857422,6594097,0.0,0.0
2020-11-16 00:00:00-05:00,32.07260633219331,32.78716788943673,31.73412760733935,32.77964782714844,7356277,0.0,0.0
2020-11-17 00:00:00-05:00,32.35842938523736,32.47125689204074,31.711561675945543,32.13277816772461,4844826,0.0,0.0
2020-11-18 00:00:00-05:00,32.20798918082389,32.66681540592516,31.944730098926495,31.959774017333984,5168961,0.0,0.0
2020-11-19 00:00:00-05:00,31.69651477487783,32.09516532432979,31.4407757554329,32.05003356933594,3456602,0.0,0.0
2020-11-20 00:00:00-05:00,32.02746729290216,32.463725708847505,31.892075833724213,31.907119750976562,3419029,0.0,0.0
2020-11-23 00:00:00-05:00,32.17790140079912,33.65215588419901,32.05003000724177,33.45659255981445,7659641,0.0,0.0
2020-11-24 00:00:00-05:00,33.9154195828906,34.56228523891804,33.58446100026532,34.47954559326172,5992793,0.0,0.0
2020-11-25 00:00:00-05:00,34.231332464444584,34.3215921758781,33.434031387277415,34.04328918457031,4243787,0.0,0.0
2020-11-27 00:00:00-05:00,34.06585367117632,34.76537498642285,34.06585367117632,34.4870719909668,2802776,0.0,0.0
2020-11-30 00:00:00-05:00,34.57733038079913,35.00606874521184,33.65215792095626,33.75746154785156,6395514,0.0,0.0
2020-12-01 00:00:00-05:00,34.20124213586914,36.19449847960335,34.11850249137994,35.555152893066406,8898366,0.0,0.0
2020-12-02 00:00:00-05:00,35.47242022656429,36.04407019788932,35.29942084318837,35.89363479614258,5974536,0.0,0.0
2020-12-03 00:00:00-05:00,36.194499503265035,36.863932942384416,35.833456877540875,36.46527862548828,6224186,0.0,0.0
2020-12-04 00:00:00-05:00,36.85641241881512,38.977536613233084,36.78871668311397,38.92488479614258,8539171,0.0,0.0
2020-12-07 00:00:00-05:00,39.06779843482381,39.48149293259025,38.323149098062956,38.466060638427734,6245618,0.0,0.0
2020-12-08 00:00:00-05:00,38.21784129981902,39.45892465807922,38.18775346424957,39.428836822509766,4765181,0.0,0.0
2020-12-09 00:00:00-05:00,39.56422611746393,40.02305229841745,38.0598837706763,38.435970306396484,6173515,0.0,0.0
2020-12-10 00:00:00-05:00,37.601060665618604,39.08283915622738,37.54088878894952,38.819580078125,4948682,0.0,0.0
2020-12-11 00:00:00-05:00,38.120056905721775,38.89479398023035,38.02979719706379,38.42844772338867,4147076,0.0,0.0
2020-12-14 00:00:00-05:00,38.96249479496621,39.406277131575884,38.39084483741337,38.466060638427734,4758037,0.0,0.0
2020-12-15 00:00:00-05:00,39.248317194737595,40.308877330093246,39.0226660213408,40.30135726928711,6471719,0.0,0.0
2020-12-16 00:00:00-05:00,40.3916164075915,40.57213582531596,39.75979464946264,39.8801383972168,3949420,0.0,0.0
2020-12-17 00:00:00-05:00,40.128358049060154,40.248705595028945,39.759795350321546,40.21109390258789,3965693,0.0,0.0
2020-12-18 00:00:00-05:00,40.34648573053643,41.06105095196759,39.83501150262178,40.00801086425781,9231894,0.0,0.0
2020-12-21 00:00:00-05:00,38.82709936142501,39.458924932308,38.699231753506155,39.27088165283203,5050420,0.0,0.0
2020-12-22 00:00:00-05:00,39.27088503952098,39.40627651610719,37.36789189795482,37.397979736328125,5440970,0.0,0.0
2020-12-23 00:00:00-05:00,37.57096739653376,38.05988138070588,37.1647968484922,37.55592727661133,3552917,0.0,0.0
2020-12-24 00:00:00-05:00,37.84175926461449,37.894411085104935,37.11967390123652,37.54841232299805,1620014,0.0,0.0
2020-12-28 00:00:00-05:00,38.05236377993131,38.33819063902218,37.33028226514695,37.65371322631836,3655978,0.0,0.0
2020-12-29 00:00:00-05:00,38.08997392914701,38.08997392914701,36.277236868191935,36.32236862182617,6115435,0.0,0.0
2020-12-30 00:00:00-05:00,36.31484947891779,37.826712016622224,36.31484947891779,37.255062103271484,5246224,0.0,0.0
2020-12-31 00:00:00-05:00,37.53336736050188,42.08400675803014,37.465671622310346,41.66279220581055,20479775,0.0,0.0
2021-01-04 00:00:00-05:00,41.33183116984515,41.61013414238176,39.14301148767874,39.28592300415039,9920119,0.0,0.0
2021-01-05 00:00:00-05:00,39.60935796291217,40.62479009334379,39.60183410636767,39.91022491455078,5120010,0.0,0.0
2021-01-06 00:00:00-05:00,39.90270567900151,41.068569411307585,39.59431486444308,40.173484802246094,5981415,0.0,0.0
2021-01-07 00:00:00-05:00,40.69248372180589,41.66278793778659,40.549572198527784,41.17387390136719,5827154,0.0,0.0
2021-01-08 00:00:00-05:00,41.66278513613072,41.707913089871624,38.56383701262011,38.97753143310547,9981241,0.0,0.0
2021-01-11 00:00:00-05:00,38.24792521883348,39.26335729853001,38.06740201999549,38.78196716308594,4683023,0.0,0.0
2021-01-12 00:00:00-05:00,38.729318724904104,38.90983814335984,37.420539654773634,37.533363342285156,6517892,0.0,0.0
2021-01-13 00:00:00-05:00,37.22496670573003,37.42053380727234,36.57057727292264,37.209922790527344,8513770,0.0,0.0
2021-01-14 00:00:00-05:00,37.27762500721254,38.45853649353924,36.811282535123595,37.88688659667969,6094664,0.0,0.0
2021-01-15 00:00:00-05:00,37.7514940607782,39.20318463845744,37.59353862224583,38.518707275390625,7761776,0.0,0.0
2021-01-19 00:00:00-05:00,38.72178971055779,39.2332676548785,38.13509598458105,39.10539627075195,4772458,0.0,0.0
2021-01-20 00:00:00-05:00,39.54918128387001,39.80492027407618,38.64657665593578,38.97753143310547,3886313,0.0,0.0
2021-01-21 00:00:00-05:00,39.015136089387816,40.4969143014913,38.98504825866168,40.24869918823242,5755712,0.0,0.0
2021-01-22 00:00:00-05:00,39.17310008111282,39.383711146203474,37.72893323935145,38.14262771606445,6928948,0.0,0.0
2021-01-25 00:00:00-05:00,38.135099322296014,38.63153339451659,37.736448811660836,38.57135772705078,4314303,0.0,0.0
2021-01-26 00:00:00-05:00,38.95497474448806,39.56423260272303,38.729323545286455,39.158058166503906,4837814,0.0,0.0
2021-01-27 00:00:00-05:00,38.360753102172104,41.700396583930896,38.19527759752952,40.00801086425781,11497135,0.0,0.0
2021-01-28 00:00:00-05:00,40.27878681872222,40.52700575023334,39.16557494340106,39.60183334350586,8917417,0.0,0.0
2021-01-29 00:00:00-05:00,44.12238725819656,45.64177360285055,41.45970112463514,42.445045471191406,20501737,0.0,0.0
2021-02-01 00:00:00-05:00,42.86625979675149,43.59586506575572,42.445041526864664,43.317562103271484,6086197,0.0,0.0
2021-02-02 00:00:00-05:00,44.07725995942728,44.38565078790243,43.24234718582317,43.55826187133789,5325075,0.0,0.0
2021-02-03 00:00:00-05:00,43.61091396260904,44.15999609405623,43.03926405599348,43.400306701660156,4019936,0.0,0.0
2021-02-04 00:00:00-05:00,43.80647904188313,44.68651981381131,43.67108756987979,44.573692321777344,4364974,0.0,0.0
2021-02-05 00:00:00-05:00,44.76173497236831,45.348428762192945,44.55864778448444,44.934730529785156,3974689,0.0,0.0
2021-02-08 00:00:00-05:00,45.00995336497466,46.88285855441528,44.97986552842876,46.72490310668945,6090166,0.0,0.0
2021-02-09 00:00:00-05:00,46.90542819882696,47.093471490591305,46.16829895064196,46.40147399902344,2681192,0.0,0.0
2021-02-10 00:00:00-05:00,46.89790350831843,47.19877428823459,44.987390379052954,45.423648834228516,4796272,0.0,0.0
2021-02-11 00:00:00-05:00,47.206293432807726,48.69559199658263,46.68729533342879,48.1088981628418,9520573,0.0,0.0
2021-02-12 00:00:00-05:00,48.477463859234184,50.65123979132508,48.01863764469969,49.31989669799805,7345296,0.0,0.0
2021-02-16 00:00:00-05:00,51.1476711508291,51.35827840016443,49.154414750536226,50.1397590637207,8385042,0.0,0.0
2021-02-17 00:00:00-05:00,49.49289509876395,51.73436672047895,49.41015544908454,50.621150970458984,7955331,0.0,0.0
2021-02-18 00:00:00-05:00,50.00437126971135,52.50158199854943,49.9517194535183,51.68171691894531,8333445,0.0,0.0
2021-02-19 00:00:00-05:00,52.99049322127657,53.42675164581502,50.95962888579128,51.8095817565918,5975991,0.0,0.0
2021-02-22 00:00:00-05:00,50.95962638342389,52.26840538886502,50.95962638342389,51.04236602783203,4815852,0.0,0.0
2021-02-23 00:00:00-05:00,49.41767197601317,50.718930910943484,47.311591968728195,50.508323669433594,5838928,0.0,0.0
2021-02-24 00:00:00-05:00,51.23793352535558,53.464361268707734,50.628675723466344,53.05066680908203,8155369,0.0,0.0
2021-02-25 00:00:00-05:00,52.83253279897425,53.298879048140584,50.44814974095086,50.989715576171875,4993002,0.0,0.0
2021-02-26 00:00:00-05:00,51.29810292743595,52.89270881299019,50.7264530501557,51.546321868896484,6378183,0.0,0.0
2021-03-01 00:00:00-05:00,53.088276298285955,54.893489575181704,52.65953790776737,54.31431579589844,8703091,0.0,0.0
2021-03-02 00:00:00-05:00,54.126264323980166,54.682874039410805,52.26087945131855,52.30601119995117,5975991,0.0,0.0
2021-03-03 00:00:00-05:00,52.44892510425813,54.26165825098458,51.64410022483782,52.4037971496582,8525147,0.0,0.0
2021-03-04 00:00:00-05:00,52.238322068264864,52.366189678056614,47.13107700010861,47.75537872314453,12236692,0.0,0.0
2021-03-05 00:00:00-05:00,50.86184635073415,52.1405376112643,48.58276681973229,51.20032501220703,12171468,0.0,0.0
2021-03-08 00:00:00-05:00,52.621929338791674,53.53957798598073,51.74188858929101,51.79454040527344,9178313,0.0,0.0
2021-03-09 00:00:00-05:00,52.712193520464886,53.201103788832796,51.77197708580336,52.14806365966797,6501751,0.0,0.0
2021-03-10 00:00:00-05:00,52.28344962755533,52.57679651692249,50.01189030103777,50.079586029052734,6799955,0.0,0.0
2021-03-11 00:00:00-05:00,51.463584554192096,52.193189902145626,50.869370672063624,51.66667175292969,5747509,0.0,0.0
2021-03-12 00:00:00-05:00,51.14767520315031,52.27593112547405,50.77910869151955,51.50119400024414,3884196,0.0,0.0
2021-03-15 00:00:00-04:00,51.478624781351,51.61401623746898,50.07206220511764,51.59897232055664,4560646,0.0,0.0
2021-03-16 00:00:00-04:00,52.45645137200464,54.036009573563945,52.1480605516594,52.4790153503418,7431291,0.0,0.0
2021-03-17 00:00:00-04:00,52.0427550353473,53.810356448463274,51.93745141213901,53.62983703613281,4375558,0.0,0.0
2021-03-18 00:00:00-04:00,53.050662132271604,54.3067893184464,51.77197096908071,52.0277099609375,5975330,0.0,0.0
2021-03-19 00:00:00-04:00,52.56927780788539,54.55501049987884,52.17062725725849,53.08827590942383,9086893,0.0,0.0
2021-03-22 00:00:00-04:00,53.404192216897016,53.75018716561782,52.47901967954021,52.90023422241211,4327401,0.0,0.0
2021-03-23 00:00:00-04:00,52.65201514891364,53.02057784660543,48.66550602160185,49.23715591430664,9298441,0.0,0.0
2021-03-24 00:00:00-04:00,49.87650393287182,50.32028624044136,47.80050772213055,47.88324737548828,6382020,0.0,0.0
2021-03-25 00:00:00-04:00,46.91294640231181,48.43985665621775,46.42403614074309,48.17659378051758,4654049,0.0,0.0
2021-03-26 00:00:00-04:00,49.24467493505945,50.64371369989001,48.77832868011593,50.60610580444336,4659209,0.0,0.0
2021-03-29 00:00:00-04:00,50.45567803964098,51.095023698880304,48.928767759468826,49.1544189453125,4810428,0.0,0.0
2021-03-30 00:00:00-04:00,49.05663269781954,49.55306679804246,48.454898765777976,49.23715591430664,3513227,0.0,0.0
2021-03-31 00:00:00-04:00,49.109282889319736,50.61362905800345,48.60532874493541,50.207454681396484,6718326,0.0,0.0
2021-04-01 00:00:00-04:00,52.96040602796318,53.84796680534438,52.11044935076948,53.682491302490234,9422671,0.0,0.0
2021-04-05 00:00:00-04:00,53.9231880653362,54.58509768945509,53.125883177441985,54.18644714355469,6208442,0.0,0.0
2021-04-06 00:00:00-04:00,53.31392175568219,54.91604765503756,53.1785302999489,54.773136138916016,5832975,0.0,0.0
2021-04-07 00:00:00-04:00,54.90853220562302,56.15713565362773,54.04353538368078,54.32183837890625,4767034,0.0,0.0
2021-04-08 00:00:00-04:00,55.06648670276916,55.47265730098369,54.00592275947197,54.863399505615234,3732448,0.0,0.0
2021-04-09 00:00:00-04:00,54.863400798372034,55.05896414315058,54.28423082510373,54.85588073730469,3113019,0.0,0.0
2021-04-12 00:00:00-04:00,54.667835557081034,54.712967310199666,53.53957589395489,53.72761917114258,3661138,0.0,0.0
2021-04-13 00:00:00-04:00,53.54710318011092,53.72762261195967,52.41884344472892,52.501583099365234,4753142,0.0,0.0
2021-04-14 00:00:00-04:00,52.18566984119684,52.97545086111412,51.598976020017155,51.66667175292969,3934602,0.0,0.0
2021-04-15 00:00:00-04:00,52.35867171311868,52.35867171311868,51.35828338557377,51.69675827026367,4556412,0.0,0.0
2021-04-16 00:00:00-04:00,52.14054294963432,53.02810762121659,51.787024130206404,51.81711196899414,4046792,0.0,0.0
2021-04-19 00:00:00-04:00,51.93745003295372,52.52414000549487,50.786626472604226,51.38084030151367,4654976,0.0,0.0
2021-04-20 00:00:00-04:00,51.40340848941779,51.749403390640474,50.7189311551223,51.132625579833984,3566147,0.0,0.0
2021-04-21 00:00:00-04:00,50.54593248927112,52.26088208225142,50.32028132693405,52.2458381652832,3889752,0.0,0.0
2021-04-22 00:00:00-04:00,52.26840879353258,52.29849283301902,49.598198797929506,49.83889389038086,6610237,0.0,0.0
2021-04-23 00:00:00-04:00,50.335328206324476,51.47110414529201,49.650850822498576,51.20032501220703,4113339,0.0,0.0
2021-04-26 00:00:00-04:00,51.87728052743681,54.148840084623956,51.82462871097778,53.712581634521484,7288804,0.0,0.0
2021-04-27 00:00:00-04:00,54.171400167154076,54.63022635994084,53.32896736832037,54.494834899902344,4610920,0.0,0.0
2021-04-28 00:00:00-04:00,54.47979207049701,54.77313897440739,52.79492643918342,53.10331726074219,6775877,0.0,0.0
2021-04-29 00:00:00-04:00,53.81035537207283,54.036006531018664,52.411316668171395,53.5019645690918,7638605,0.0,0.0
2021-04-30 00:00:00-04:00,54.97622217532392,56.187217599079126,52.456447768248125,53.125877380371094,14572845,0.0,0.0
2021-05-03 00:00:00-04:00,53.59222812434326,54.02096649597544,52.125493587755955,52.74227523803711,6270094,0.0,0.0
2021-05-04 00:00:00-04:00,52.20071169934563,52.25336351218959,49.575633525613675,50.60610580444336,8663930,0.0,0.0
2021-05-05 00:00:00-04:00,51.44853570170153,51.95248982364282,50.952101639987774,51.583927154541016,4445545,0.0,0.0
2021-05-06 00:00:00-04:00,51.58392841968716,52.41131727747162,51.0423663911399,52.358665466308594,4300941,0.0,0.0
2021-05-07 00:00:00-04:00,52.65202106134748,54.02849603176813,52.08789116610593,53.893104553222656,5564141,0.0,0.0
2021-05-10 00:00:00-04:00,53.96079265982964,54.01344447225051,51.58392965201943,51.614017486572266,5824640,0.0,0.0
2021-05-11 00:00:00-04:00,50.35789707151842,51.561372655652676,49.816334956704864,51.260501861572266,6354898,0.0,0.0
2021-05-12 00:00:00-04:00,50.38045317350428,50.673800064004986,48.20667740040691,48.424808502197266,5688106,0.0,0.0
2021-05-13 00:00:00-04:00,48.85355065157114,50.68132786510964,48.77081099989418,49.921634674072266,4267733,0.0,0.0
2021-05-14 00:00:00-04:00,51.04236973360457,54.32183754566142,50.410544162180656,54.05857467651367,9531554,0.0,0.0
2021-05-17 00:00:00-04:00,53.55462333722926,58.323393720300416,53.55462333722926,57.480960845947266,22438080,0.0,0.0
2021-05-18 00:00:00-04:00,58.08269104943183,58.27073431451042,54.998786816673295,55.06648254394531,9614638,0.0,0.0
2021-05-19 00:00:00-04:00,52.764849083650304,54.11123243256011,51.01980756070051,53.59975814819336,9475988,0.0,0.0
2021-05-20 00:00:00-04:00,54.97622953721829,55.179312947682384,53.31392778247222,54.87092590332031,6912940,0.0,0.0
2021-05-21 00:00:00-04:00,54.40457786991065,55.47265809325928,54.16387897658827,54.4120979309082,6400806,0.0,0.0
2021-05-24 00:00:00-04:00,54.77313730321342,56.18721996589723,54.50987824263217,55.59300231933594,4697841,0.0,0.0
2021-05-25 00:00:00-04:00,56.0443121518944,56.0443121518944,54.49483792816174,54.94614028930664,5375614,0.0,0.0
2021-05-26 00:00:00-04:00,55.36735637971666,56.45800821209971,54.99127359885695,56.232357025146484,4872344,0.0,0.0
2021-05-27 00:00:00-04:00,56.217309145166205,57.67651979823378,56.104481661593255,57.05973815917969,5577239,0.0,0.0
2021-05-28 00:00:00-04:00,56.9770031237561,57.24778225524586,56.3301336403284,56.585872650146484,3261460,0.0,0.0
2021-06-01 00:00:00-04:00,57.08982384579022,57.45839032164394,56.48808614693089,56.82656478881836,2687410,0.0,0.0
2021-06-02 00:00:00-04:00,57.255309422345775,58.57160864780949,56.90931068202746,57.61635208129883,5036000,0.0,0.0
2021-06-03 00:00:00-04:00,56.92435058939668,58.41364908007375,56.91682673256273,57.75173568725586,3883931,0.0,0.0
2021-06-04 00:00:00-04:00,58.20304134607322,58.812299124307216,57.81191088063894,58.04508590698242,3456205,0.0,0.0
2021-06-07 00:00:00-04:00,57.87208658691828,58.02251816933201,56.99204588620638,57.26282501220703,2806480,0.0,0.0
2021-06-08 00:00:00-04:00,58.03004000482028,58.2707350836103,56.209782996959156,56.93939208984375,5472457,0.0,0.0
2021-06-09 00:00:00-04:00,56.93939699642555,57.119916423027234,55.848745191372274,56.30757141113281,2949099,0.0,0.0
2021-06-10 00:00:00-04:00,56.42039423857352,56.67613325241554,55.23196647346695,55.32974624633789,3688127,0.0,0.0
2021-06-11 00:00:00-04:00,56.89426405176317,57.42830605542248,55.89387577702767,56.24739456176758,4291812,0.0,0.0
2021-06-14 00:00:00-04:00,56.57835069534252,56.796478005399656,55.75095802252543,56.194740295410156,3382779,0.0,0.0
2021-06-15 00:00:00-04:00,56.19474385128916,56.95443704645513,55.97661652742941,56.35270309448242,2598504,0.0,0.0
2021-06-16 00:00:00-04:00,56.0217427807985,56.262437872698726,54.61518392183234,55.11161422729492,4411676,0.0,0.0
2021-06-17 00:00:00-04:00,54.68288033962158,55.254530241032015,52.80997139502352,53.23118591308594,6506382,0.0,0.0
2021-06-18 00:00:00-04:00,52.61441104055912,52.70467075725412,51.43349947779756,52.25336837768555,6488257,0.0,0.0
2021-06-21 00:00:00-04:00,52.27593654722342,52.50911161314016,51.42598353771768,52.05028533935547,4157528,0.0,0.0
2021-06-22 00:00:00-04:00,51.553847111124654,51.77197823989109,50.80167394662818,51.493675231933594,4409162,0.0,0.0
2021-06-23 00:00:00-04:00,51.591450197541995,53.05066463395204,51.591450197541995,52.08036422729492,3871627,0.0,0.0
2021-06-24 00:00:00-04:00,52.78740742608992,52.937842809466254,51.84719102510455,52.49406051635742,4227647,0.0,0.0
2021-06-25 00:00:00-04:00,52.62192689912264,53.57718719580553,52.46397145849852,53.21614456176758,3852576,0.0,0.0
2021-06-28 00:00:00-04:00,53.772756702080954,53.817888460048934,52.1330226412226,52.64449691772461,3927458,0.0,0.0
2021-06-29 00:00:00-04:00,52.91527518343106,53.62231655236845,52.21575767153501,53.140926361083984,4003530,0.0,0.0
2021-06-30 00:00:00-04:00,53.40418729698645,54.261660222564984,52.870145310133786,53.53205490112305,4038325,0.0,0.0
2021-07-01 00:00:00-04:00,53.81788341238763,54.096186403520164,53.1033181900967,53.29888153076172,3852973,0.0,0.0
2021-07-02 00:00:00-04:00,53.652407554877826,53.652407554877826,52.23080087605939,52.809974670410156,3576863,0.0,0.0
2021-07-06 00:00:00-04:00,52.809965788665394,52.99048898873716,51.33571133586188,52.012664794921875,4018613,0.0,0.0
2021-07-07 00:00:00-04:00,52.28345512994671,52.77988545951077,51.34323869528517,52.14806365966797,3381720,0.0,0.0
2021-07-08 00:00:00-04:00,50.22250228783957,51.583933241006164,49.83889565692739,51.01228332519531,3735623,0.0,0.0
2021-07-09 00:00:00-04:00,51.328189976728346,52.922795837884976,51.305625999156504,52.77988052368164,4008425,0.0,0.0
2021-07-12 00:00:00-04:00,52.92280252782337,53.48692861108212,52.441412304817675,53.32145309448242,4005383,0.0,0.0
2021-07-13 00:00:00-04:00,52.877664216792446,53.38914221436265,52.26840645210819,52.712188720703125,3337003,0.0,0.0
2021-07-14 00:00:00-04:00,53.69001053625073,54.26918427755168,52.36618755334373,52.6595344543457,4292474,0.0,0.0
2021-07-15 00:00:00-04:00,52.433880769965484,52.591836201994006,50.139757485148074,50.32780075073242,6231462,0.0,0.0
2021-07-16 00:00:00-04:00,50.27514978117023,50.621148484571734,48.08633008108574,48.2894172668457,5320312,0.0,0.0
2021-07-19 00:00:00-04:00,47.31159961111595,47.61999046289634,46.717385684285986,47.379295349121094,5393077,0.0,0.0
2021-07-20 00:00:00-04:00,47.23638164425489,48.770811975144596,46.9054268270225,48.62037658691406,4712791,0.0,0.0
2021-07-21 00:00:00-04:00,48.47746658325195,49.02655254091316,46.25855877229439,48.47746658325195,8825601,0.0,0.0
2021-07-22 00:00:00-04:00,48.43985540849334,48.43985540849334,46.83772940056579,47.42442321777344,5594041,0.0,0.0
2021-07-23 00:00:00-04:00,47.72529180934511,48.03368264631949,46.99568644153359,47.95094299316406,3585065,0.0,0.0
2021-07-26 00:00:00-04:00,47.928377080207646,49.22963231427488,47.800505677009305,48.342071533203125,2915627,0.0,0.0
2021-07-27 00:00:00-04:00,47.537247812192525,47.86820641986218,45.799730306300475,46.905426025390625,5195024,0.0,0.0
2021-07-28 00:00:00-04:00,47.00320555015821,48.266856709248394,47.00320555015821,47.7779426574707,3537834,0.0,0.0
2021-07-29 00:00:00-04:00,48.116418848814156,49.04159129338872,47.77042013869876,48.484981536865234,3454750,0.0,0.0
2021-07-30 00:00:00-04:00,47.898284674868385,49.17697580829802,47.82306888917004,48.8385009765625,3211583,0.0,0.0
2021-08-02 00:00:00-04:00,49.349983102828915,50.22249995631596,48.5677221629036,48.657981872558594,3493249,0.0,0.0
2021-08-03 00:00:00-04:00,48.891157575991585,49.82385011284275,48.06376866787265,49.74863052368164,3899807,0.0,0.0
2021-08-04 00:00:00-04:00,49.04159068623569,49.79375997034724,48.7708077699871,48.84602355957031,6621615,0.0,0.0
2021-08-05 00:00:00-04:00,48.79337654711778,50.606109900780524,48.60533325857006,50.44815444946289,8582301,0.0,0.0
2021-08-06 00:00:00-04:00,50.8317613884059,51.779497898009566,50.27515537682561,51.71932601928711,5919499,0.0,0.0
2021-08-09 00:00:00-04:00,51.73436891153929,51.741888972695314,50.22250256295322,50.85432815551758,5243049,0.0,0.0
2021-08-10 00:00:00-04:00,50.643713414573874,50.756540896371384,49.11680705460834,49.267242431640625,9484984,0.0,0.0
2021-08-11 00:00:00-04:00,49.3875897064772,50.32780226662547,48.94380743448752,50.18489074707031,6695703,0.0,0.0
2021-08-12 00:00:00-04:00,49.13185110172529,49.13185110172529,45.65681628004835,46.920467376708984,15553188,0.0,0.0
2021-08-13 00:00:00-04:00,46.882859734212076,48.20668281851761,46.83773177435102,47.49964141845703,6567372,0.0,0.0
2021-08-16 00:00:00-04:00,46.8226831898266,47.79298357936481,46.39394483730914,46.521812438964844,4653123,0.0,0.0
2021-08-17 00:00:00-04:00,45.96520612166678,46.89789860900229,45.39355625485725,45.98777389526367,4881341,0.0,0.0
2021-08-18 00:00:00-04:00,46.13821074412753,47.13107901302006,45.859907737446896,45.88999557495117,4032107,0.0,0.0
2021-08-19 00:00:00-04:00,45.63425461581264,45.844861877236546,44.61130234882982,44.80686569213867,5944239,0.0,0.0
2021-08-20 00:00:00-04:00,44.97986190459382,45.3032966311709,44.40069197626037,45.16038131713867,4054466,0.0,0.0
2021-08-23 00:00:00-04:00,45.67938540570517,47.01824853655574,45.318342766847046,46.84524917602539,3496557,0.0,0.0
2021-08-24 00:00:00-04:00,46.60455478594624,46.70233835505675,44.56617032530334,45.70195007324219,7857826,0.0,0.0
2021-08-25 00:00:00-04:00,45.90503510094211,52.6444898835585,45.78468755853491,49.267242431640625,23522940,0.0,0.0
2021-08-26 00:00:00-04:00,49.786239023223615,49.86145481146737,46.75498657482278,47.063377380371094,9548753,0.0,0.0
2021-08-27 00:00:00-04:00,46.627120650247676,48.25933064562969,46.581988898024626,47.56733322143555,4500317,0.0,0.0
2021-08-30 00:00:00-04:00,47.8757216465604,48.00358924399861,46.46163903399335,46.68729019165039,3865012,0.0,0.0
2021-08-31 00:00:00-04:00,46.84524550156201,48.296936003978374,46.49172674737867,47.5372428894043,5120407,0.0,0.0
2021-09-01 00:00:00-04:00,47.83812037013491,47.84564043145671,45.87495161048126,45.912559509277344,6910161,0.0,0.0
2021-09-02 00:00:00-04:00,45.920082571345965,46.61960010589925,45.243125220367325,46.363861083984375,5805986,0.0,0.0
2021-09-03 00:00:00-04:00,46.65720317371384,47.048333625331466,45.739554610392766,46.19085693359375,3486370,0.0,0.0
2021-09-07 00:00:00-04:00,45.664342640142735,46.44659981269382,45.33338782852856,45.43116760253906,3559928,0.0,0.0
2021-09-08 00:00:00-04:00,45.07764537932903,45.07764537932903,43.114476842252245,43.686126708984375,6976179,0.0,0.0
2021-09-09 00:00:00-04:00,43.40030661572279,44.72412585111926,43.046784031749986,44.18256378173828,6355824,0.0,0.0
2021-09-10 00:00:00-04:00,44.67900151577765,44.94978067437711,43.52065389674308,43.6033935546875,3282760,0.0,0.0
2021-09-13 00:00:00-04:00,43.919307542697965,44.498477546567536,43.60339283540276,44.00956726074219,3216742,0.0,0.0
2021-09-14 00:00:00-04:00,44.01708217225026,44.15247363152273,43.12199756580953,43.27995300292969,3502113,0.0,0.0
2021-09-15 00:00:00-04:00,43.06934487312645,44.24273243471367,43.06934487312645,43.82151794433594,5131256,0.0,0.0
2021-09-16 00:00:00-04:00,43.66356375457518,44.22768977796317,43.46047656403077,43.83656311035156,3080870,0.0,0.0
2021-09-17 00:00:00-04:00,43.52817274384652,43.851607480710854,43.1972179462591,43.56578063964844,4798124,0.0,0.0
2021-09-20 00:00:00-04:00,42.43752769602462,42.91139404860034,41.820746015068124,42.58795928955078,4528761,0.0,0.0
2021-09-21 00:00:00-04:00,42.76096141316225,43.06182838897716,41.72296142578125,41.72296142578125,3714984,0.0,0.0
2021-09-22 00:00:00-04:00,42.26452586737864,42.91139155174554,41.92604720945258,42.5578727722168,2922110,0.0,0.0
2021-09-23 00:00:00-04:00,42.67069404299826,43.467995063055035,41.91852477347213,43.24234390258789,3145829,0.0,0.0
2021-09-24 00:00:00-04:00,42.9414764117018,43.73125736140945,42.58795386057552,43.5808219909668,2435775,0.0,0.0
2021-09-27 00:00:00-04:00,43.4755232483429,45.009953569957204,43.332611718239185,44.42325973510742,3348778,0.0,0.0
2021-09-28 00:00:00-04:00,44.152476500670986,44.445823416126096,43.37021932482184,43.86665344238281,3642219,0.0,0.0
2021-09-29 00:00:00-04:00,43.663568403663255,43.964435395098846,42.57291654398691,42.648136138916016,4843371,0.0,0.0
2021-09-30 00:00:00-04:00,43.0693458873345,43.24986909895675,42.430000280188196,42.45256805419922,3698314,0.0,0.0
2021-10-01 00:00:00-04:00,42.89635078753958,43.11448191602692,41.783138757133955,42.94148254394531,2837570,0.0,0.0
2021-10-04 00:00:00-04:00,42.81361384634186,43.51313137834521,42.54283090693749,42.836177825927734,3460571,0.0,0.0
2021-10-05 00:00:00-04:00,43.03173604325524,43.34012684390286,42.28708684475899,42.843692779541016,3075446,0.0,0.0
2021-10-06 00:00:00-04:00,42.001263183566735,42.7007844809428,41.452181063801255,42.445045471191406,4751819,0.0,0.0
2021-10-07 00:00:00-04:00,42.67821928572433,43.573300100198274,42.67821928572433,43.16712951660156,2589773,0.0,0.0
2021-10-08 00:00:00-04:00,43.47552395906056,43.535695837316624,42.51274353821549,42.56539535522461,2109127,0.0,0.0
2021-10-11 00:00:00-04:00,42.56538823568973,43.03925830560528,42.21938955433235,42.24947738647461,2019163,0.0,0.0
2021-10-12 00:00:00-04:00,42.26453034278897,42.38487790100709,40.32392549201017,40.76770782470703,6024545,0.0,0.0
2021-10-13 00:00:00-04:00,41.07609353422183,41.8658745233468,40.662399091927156,40.77522277832031,3894251,0.0,0.0
2021-10-14 00:00:00-04:00,41.25661747531394,42.918919283538536,41.00840230115379,42.535308837890625,4547680,0.0,0.0
2021-10-15 00:00:00-04:00,41.926048717809095,42.33974318300503,41.48226641613877,41.677833557128906,4496083,0.0,0.0
2021-10-18 00:00:00-04:00,41.48978774377015,42.04639370414438,41.03848540854277,41.67030715942383,2087165,0.0,0.0
2021-10-19 00:00:00-04:00,41.42961050537967,41.956132407265514,41.0685678916533,41.85834884643555,5134828,0.0,0.0
2021-10-20 00:00:00-04:00,41.27165663258478,42.70830328533467,41.038485404381326,42.43000030517578,4802622,0.0,0.0
2021-10-21 00:00:00-04:00,41.94108959131312,42.783522378785385,41.700394509178196,42.72334671020508,2604722,0.0,0.0
2021-10-22 00:00:00-04:00,43.21978303919261,44.317954883053474,42.53530565200884,42.91139221191406,4688977,0.0,0.0
2021-10-25 00:00:00-04:00,43.385256168375946,43.47551586700685,42.59547526414675,42.745906829833984,2713738,0.0,0.0
2021-10-26 00:00:00-04:00,42.8888304727789,43.02422194510256,42.34726458348424,42.362308502197266,2656319,0.0,0.0
2021-10-27 00:00:00-04:00,42.43000150934501,42.43752536626438,41.30926570019698,41.73048400878906,3218991,0.0,0.0
2021-10-28 00:00:00-04:00,42.01630479533468,43.129520483716355,42.00126087839928,43.084388732910156,5440970,0.0,0.0
2021-10-29 00:00:00-04:00,37.548409222287994,40.24118329495982,37.2324983254329,39.331058502197266,24132314,0.0,0.0
2021-11-01 00:00:00-04:00,39.22575234874355,41.21900895800818,39.2107084299148,40.752662658691406,5580017,0.0,0.0
2021-11-02 00:00:00-04:00,40.910619500625096,41.647748771687866,40.59470858278121,41.39200973510742,3961856,0.0,0.0
2021-11-03 00:00:00-04:00,41.48226593753584,42.084003679614035,41.01591966193691,41.948612213134766,5419008,0.0,0.0
2021-11-04 00:00:00-04:00,42.114093790120585,42.114093790120585,40.83540244268348,41.399532318115234,4452160,0.0,0.0
2021-11-05 00:00:00-04:00,41.730489390353675,42.64813812241838,41.49731432936923,42.25700759887695,3710486,0.0,0.0
2021-11-08 00:00:00-05:00,42.550348663097935,43.43791322924585,41.79817555931788,41.95613479614258,4404532,0.0,0.0
2021-11-09 00:00:00-05:00,41.956131670049565,42.79856062451563,41.85834811093776,42.30965042114258,3585595,0.0,0.0
2021-11-10 00:00:00-05:00,42.10656833462117,42.5127427405795,41.27917940049283,41.565006256103516,4840328,0.0,0.0
2021-11-11 00:00:00-05:00,41.67030309052572,44.33299268211797,41.67030309052572,44.24272918701172,7061777,0.0,0.0
2021-11-12 00:00:00-05:00,44.91969566731438,46.95055639562079,44.49847732504885,45.551517486572266,11352002,0.0,0.0
2021-11-15 00:00:00-05:00,45.4462134899611,45.656820761378434,44.182566065363545,44.325477600097656,4317214,0.0,0.0
2021-11-16 00:00:00-05:00,44.310430456675434,44.63386519772541,43.67108483148917,43.98699951171875,3323773,0.0,0.0
2021-11-17 00:00:00-05:00,43.81400409185689,43.9268277908683,41.918531024403656,42.49018096923828,6936621,0.0,0.0
2021-11-18 00:00:00-05:00,42.57291144347418,42.715826758670495,41.22652451062565,41.895957946777344,5370454,0.0,0.0
2021-11-19 00:00:00-05:00,41.89595881242421,43.29499758627497,41.399528515578595,42.136653900146484,5893436,0.0,0.0
2021-11-22 00:00:00-05:00,42.29460694707297,43.3476469472637,41.64774130797109,42.821128845214844,5070927,0.0,0.0
2021-11-23 00:00:00-05:00,44.678996858038786,46.04794781587655,44.43077791008208,45.52894973754883,11069541,0.0,0.0
2021-11-24 00:00:00-05:00,45.20551584216852,45.4311670197423,44.46086657656574,45.03251647949219,3137891,0.0,0.0
2021-11-26 00:00:00-05:00,43.776385535378644,43.97195265676529,42.7684772793592,43.445430755615234,3115004,0.0,0.0
2021-11-29 00:00:00-05:00,43.986995076835846,44.45334129520163,43.43038536116604,44.370601654052734,4632088,0.0,0.0
2021-11-30 00:00:00-05:00,43.693650910158816,44.39317223990366,42.640610782997356,43.505611419677734,6341139,0.0,0.0
2021-12-01 00:00:00-05:00,44.190085181486225,45.69442768298036,43.37022009355072,43.415348052978516,6610502,0.0,0.0
2021-12-02 00:00:00-05:00,43.31004417379192,43.41534780665064,42.34726376354834,42.836177825927734,4851838,0.0,0.0
2021-12-03 00:00:00-05:00,42.83617708503163,43.71621782678117,42.31717899087883,43.264915466308594,5397708,0.0,0.0
2021-12-06 00:00:00-05:00,43.48304082194088,43.896735266337885,42.046394153685334,42.918914794921875,4081852,0.0,0.0
2021-12-07 00:00:00-05:00,43.9870024052516,45.05508267369994,43.550740150544485,44.50600051879883,4994193,0.0,0.0
2021-12-08 00:00:00-05:00,44.49847177754822,44.70155896388862,43.701170745352314,44.37812423706055,3550006,0.0,0.0
2021-12-09 00:00:00-05:00,43.806479069692394,44.09982599385467,42.88883039853486,43.12200164794922,3218727,0.0,0.0
2021-12-10 00:00:00-05:00,42.84369794342878,43.595871088944016,42.74591437160563,43.528175354003906,3062613,0.0,0.0
2021-12-13 00:00:00-05:00,43.55073566589002,43.79143074849671,41.85835002710253,41.91852569580078,5400486,0.0,0.0
2021-12-14 00:00:00-05:00,41.56500829773311,42.56539664736837,41.40705284191074,41.84331130981445,4146017,0.0,0.0
2021-12-15 00:00:00-05:00,41.80569870098965,42.53530401783137,40.91813794611868,42.38487243652344,4380056,0.0,0.0
2021-12-16 00:00:00-05:00,42.745914622311595,43.75382679505718,42.39991968050123,42.65565490722656,3775313,0.0,0.0
2021-12-17 00:00:00-05:00,42.557872432111495,43.279953903094366,41.895959039245085,42.76095962524414,6754841,0.0,0.0
2021-12-20 00:00:00-05:00,42.091526100795804,42.5277845253851,41.50483229679552,42.04639434814453,4986255,0.0,0.0
2021-12-21 00:00:00-05:00,43.64099630484355,44.41573338127331,43.06934642046778,44.39316940307617,4208066,0.0,0.0
2021-12-22 00:00:00-05:00,44.41573367813089,45.1904707597387,44.167518528023635,44.97234344482422,3862102,0.0,0.0
2021-12-23 00:00:00-05:00,45.13030459213962,46.51429963289337,45.07765277194111,46.03290939331055,4840857,0.0,0.0
2021-12-27 00:00:00-05:00,46.30368862407269,47.04081784359747,46.2209489715384,46.70233917236328,2455753,0.0,0.0
2021-12-28 00:00:00-05:00,46.79259791816903,47.34168384188384,46.53685890475866,47.2664680480957,3029009,0.0,0.0
2021-12-29 00:00:00-05:00,48.43232891265914,50.57602066342102,48.36463318389333,49.74110794067383,11905280,0.0,0.0
2021-12-30 00:00:00-05:00,49.1619326255957,50.1021489413209,49.034065028781725,49.169456481933594,2979528,0.0,0.0
2021-12-31 00:00:00-05:00,49.1393777621353,49.718551575566494,49.01903020324659,49.04911804199219,2457473,0.0,0.0
2022-01-03 00:00:00-05:00,49.45529148923684,49.921637796106715,48.92124944458798,49.59067916870117,3899013,0.0,0.0
2022-01-04 00:00:00-05:00,49.79376290902704,51.07245418396504,49.58315564889011,50.861846923828125,4965219,0.0,0.0
2022-01-05 00:00:00-05:00,50.85432632135897,52.17062547929194,50.44063186645508,50.44063186645508,7826736,0.0,0.0
2022-01-06 00:00:00-05:00,50.62867162990799,51.50871229307866,48.53011166538831,48.695587158203125,9940096,0.0,0.0
2022-01-07 00:00:00-05:00,48.63541646876642,49.816327904810095,48.53011284457295,49.51545715332031,5082172,0.0,0.0
2022-01-10 00:00:00-05:00,49.161941286667506,49.613247475379964,47.90581768577957,49.297332763671875,4073385,0.0,0.0
2022-01-11 00:00:00-05:00,49.26724429116368,49.733590561081485,48.3195078334477,49.65837097167969,4810163,0.0,0.0
2022-01-12 00:00:00-05:00,50.05701957232129,50.73397687027722,49.3499820319552,50.04949951171875,2850668,0.0,0.0
2022-01-13 00:00:00-05:00,50.35789420989661,50.967152028952086,49.75615645202364,50.026939392089844,3471817,0.0,0.0
2022-01-14 00:00:00-05:00,49.726070955513414,50.718939251757504,49.61324725590465,50.12472152709961,2859003,0.0,0.0
2022-01-18 00:00:00-05:00,49.530507184933455,49.56059502301534,48.0111207110154,48.229248046875,4074311,0.0,0.0
2022-01-19 00:00:00-05:00,48.74823993512248,49.71854411843242,46.536856244779756,46.589508056640625,4983609,0.0,0.0
2022-01-20 00:00:00-05:00,46.988162357526555,47.07842206410793,44.957298080933285,45.07012176513672,5059152,0.0,0.0
2022-01-21 00:00:00-05:00,44.63386737044758,44.96482218842844,43.26491634312487,43.4830436706543,6729440,0.0,0.0
2022-01-24 00:00:00-05:00,43.13704343341444,43.22730314497925,40.5270090823998,42.88882827758789,6436263,0.0,0.0
2022-01-25 00:00:00-05:00,41.79065638872309,42.174263009540894,40.60222483340493,41.437137603759766,6899445,0.0,0.0
2022-01-26 00:00:00-05:00,42.52025845083423,42.52778230726364,40.730093093195435,41.053524017333984,6058414,0.0,0.0
2022-01-27 00:00:00-05:00,42.55787377881495,43.2348273145854,40.188530709478314,40.49692153930664,13506904,0.0,0.0
2022-01-28 00:00:00-05:00,36.92410555988048,39.14301317129952,36.57058298760589,37.533363342285156,26371227,0.0,0.0
2022-01-31 00:00:00-05:00,37.24001664399793,39.18814134230005,37.13471301664033,38.917362213134766,8642365,0.0,0.0
2022-02-01 00:00:00-05:00,38.64657576187006,39.69961573546288,38.022274115455296,39.54166030883789,5964878,0.0,0.0
2022-02-02 00:00:00-05:00,39.541670532527164,40.31640774579377,39.11293209449672,40.19606018066406,5569962,0.0,0.0
2022-02-03 00:00:00-05:00,39.53414190955071,40.30887902944211,39.293446808301084,39.331058502197266,6753254,0.0,0.0
2022-02-04 00:00:00-05:00,39.10540798249926,39.48901845367433,38.25545497007973,38.97002029418945,4457319,0.0,0.0
2022-02-07 00:00:00-05:00,39.0828388334473,39.37618574550821,38.6164925577631,39.000099182128906,4182929,0.0,0.0
2022-02-08 00:00:00-05:00,38.834625522406185,39.60183880762341,38.80453768484257,39.391231536865234,3655581,0.0,0.0
2022-02-09 00:00:00-05:00,39.797398187722486,41.01591752650204,39.72970625410051,40.978309631347656,4169038,0.0,0.0
2022-02-10 00:00:00-05:00,40.27127255834258,42.821135191261426,40.196056760072416,40.684967041015625,8255652,0.0,0.0
2022-02-11 00:00:00-05:00,40.57966005345466,41.768091585311325,40.22613747937707,40.414180755615234,5903358,0.0,0.0
2022-02-14 00:00:00-05:00,40.4442736199568,41.00087966102122,39.504060917947655,39.75979995727539,4687786,0.0,0.0
2022-02-15 00:00:00-05:00,40.00048613670875,42.07648222725329,39.947834323273824,42.02383041381836,4309276,0.0,0.0
2022-02-16 00:00:00-05:00,41.41456693372485,42.95652096230894,41.324307228564415,42.414955139160156,3507405,0.0,0.0
2022-02-17 00:00:00-05:00,41.98622429622268,43.294999626790926,41.850832828486176,42.46009063720703,5015890,0.0,0.0
2022-02-18 00:00:00-05:00,42.279563485342464,42.39239096333436,41.08361195831234,41.768089294433594,4592133,0.0,0.0
2022-02-22 00:00:00-05:00,41.20396347667194,41.52739822899094,39.541665552489015,40.18101119995117,4559455,0.0,0.0
2022-02-23 00:00:00-05:00,40.65487949923694,40.745139217036936,38.93992967666254,39.09788513183594,3819633,0.0,0.0
2022-02-24 00:00:00-05:00,37.43558365018373,39.03770962570673,37.006845285343125,38.98505401611328,5718403,0.0,0.0
2022-02-25 00:00:00-05:00,39.26336189881292,39.86509963862047,38.49614485702327,39.82748794555664,4116911,0.0,0.0
2022-02-28 00:00:00-05:00,39.15052929185769,39.39874821236974,37.668751013130155,38.31562042236328,6280413,0.0,0.0
2022-03-01 00:00:00-05:00,38.24793169501054,38.661626175449136,36.34493480733686,37.2249755859375,5661514,0.0,0.0
2022-03-02 00:00:00-05:00,37.804148808109616,39.27088341703916,37.61610552018598,38.99258041381836,4612904,0.0,0.0
2022-03-03 00:00:00-05:00,39.38370683141967,40.01552856919019,38.6240136971291,39.127967834472656,5935110,0.0,0.0
2022-03-04 00:00:00-05:00,38.496145822566255,38.849664618267475,37.555933190349144,37.81167221069336,4976068,0.0,0.0
2022-03-07 00:00:00-05:00,37.35283891582617,37.79661734173672,34.95341220764947,35.0587158203125,6277503,0.0,0.0
2022-03-08 00:00:00-05:00,35.26932795629298,36.64580276447045,34.38928724557032,34.42689514160156,6948925,0.0,0.0
2022-03-09 00:00:00-05:00,35.43480222153623,36.615709728884376,35.3595826440635,35.93123245239258,4514076,0.0,0.0
2022-03-10 00:00:00-05:00,35.1640296615953,35.29942114471449,34.44946814035872,35.04368209838867,3655978,0.0,0.0
2022-03-11 00:00:00-05:00,35.57019821215091,35.57772206970935,33.95303196050919,34.07337951660156,3843712,0.0,0.0
2022-03-14 00:00:00-04:00,34.073375478465984,34.14859126857456,32.98272374533257,33.449073791503906,4327665,0.0,0.0
2022-03-15 00:00:00-04:00,33.6295951165061,34.62245954592959,33.5468554650308,34.55476760864258,3154694,0.0,0.0
2022-03-16 00:00:00-04:00,34.998550555717664,36.29980977723932,34.953422591793945,36.29228591918945,4614889,0.0,0.0
2022-03-17 00:00:00-04:00,35.85602163700939,36.77367024052756,35.585238712790066,36.75110626220703,3251008,0.0,0.0
2022-03-18 00:00:00-04:00,36.33741250787225,37.12719352117283,36.17193320745169,37.082061767578125,5599994,0.0,0.0
2022-03-21 00:00:00-04:00,37.20241234505846,37.337803820778745,36.35997944864951,36.81880569458008,2557227,0.0,0.0
2022-03-22 00:00:00-04:00,36.89401669181509,37.54088614803914,36.89401669181509,37.405494689941406,2714664,0.0,0.0
2022-03-23 00:00:00-04:00,36.89401801354072,37.360364276976895,36.45023952465808,36.61571502685547,2259419,0.0,0.0
2022-03-24 00:00:00-04:00,36.70597370780624,38.02979666874081,36.645801834901256,37.98466491699219,2696142,0.0,0.0
2022-03-25 00:00:00-04:00,37.90945127122372,38.2328860201513,37.15727814275836,38.21784210205078,3601735,0.0,0.0
2022-03-28 00:00:00-04:00,37.99218979478745,38.14262517523296,37.39797592597228,38.135101318359375,2997124,0.0,0.0
2022-03-29 00:00:00-04:00,39.11292152520157,39.331052614334,38.150141264331374,39.030181884765625,3774387,0.0,0.0
2022-03-30 00:00:00-04:00,38.962492933101245,39.2031880401578,37.826713133933985,38.07493209838867,3858662,0.0,0.0
2022-03-31 00:00:00-04:00,37.70636430363302,38.120058767622545,37.34532165527344,37.34532165527344,3867526,0.0,0.0
2022-04-01 00:00:00-04:00,37.70636207484779,37.99218891143922,35.81841308872145,36.397586822509766,4776956,0.0,0.0
2022-04-04 00:00:00-04:00,36.630761879925814,37.142239937362994,36.35997893233042,37.112152099609375,3721996,0.0,0.0
2022-04-05 00:00:00-04:00,36.70597418211002,36.969237043239005,36.08919634346812,36.19449996948242,7859546,0.0,0.0
2022-04-06 00:00:00-04:00,35.52507310922579,36.15689498247161,34.7127279892712,35.998939514160156,6190449,0.0,0.0
2022-04-07 00:00:00-04:00,35.97636931244761,36.1418486103156,35.021112809554936,35.9237174987793,4827892,0.0,0.0
2022-04-08 00:00:00-04:00,35.720637429751726,36.217071626281715,35.44233438826671,35.50251007080078,3300224,0.0,0.0
2022-04-11 00:00:00-04:00,35.27684770107631,36.329891557078106,35.171544074694786,35.36711120605469,3183403,0.0,0.0
2022-04-12 00:00:00-04:00,35.87858863973224,36.42015453382243,35.675505225542,35.72815704345703,3934734,0.0,0.0
2022-04-13 00:00:00-04:00,35.79585228514803,36.427677954487784,35.79585228514803,35.998939514160156,3072403,0.0,0.0
2022-04-14 00:00:00-04:00,34.930852395407804,35.788329203720224,34.79546092082231,34.85563659667969,6276709,0.0,0.0
2022-04-18 00:00:00-04:00,34.69767866799461,35.64541512643256,34.61493901763627,35.56267547607422,4253577,0.0,0.0
2022-04-19 00:00:00-04:00,35.562678309511874,36.89402149393862,35.42728683379159,36.81880569458008,4112810,0.0,0.0
2022-04-20 00:00:00-04:00,37.187362604042406,38.105011156146,37.15727477057199,37.23249435424805,4672175,0.0,0.0
2022-04-21 00:00:00-04:00,37.548405569140655,38.39083834155266,37.52584159187299,37.789100646972656,5981415,0.0,0.0
2022-04-22 00:00:00-04:00,37.37540335891331,37.84174956201231,37.09710040823568,37.2024040222168,5632805,0.0,0.0
2022-04-25 00:00:00-04:00,36.81128418602752,38.443494299819776,36.73606459353223,38.36827850341797,7217097,0.0,0.0
2022-04-26 00:00:00-04:00,37.796621532854196,38.42844707498574,37.13471195240642,37.292667388916016,8092394,0.0,0.0
2022-04-27 00:00:00-04:00,36.88649748514834,38.195276548931396,36.88649748514834,37.64619064331055,6498179,0.0,0.0
2022-04-28 00:00:00-04:00,38.09749963431227,39.65449411810733,37.706369099814935,39.571754455566406,7674855,0.0,0.0
2022-04-29 00:00:00-04:00,39.97792318797688,41.106179073562735,39.8049238256506,39.91775131225586,10828755,0.0,0.0
2022-05-02 00:00:00-04:00,39.93278909784567,40.609746385685106,39.02266438169377,40.55709457397461,7452856,0.0,0.0
2022-05-03 00:00:00-04:00,45.16038299939397,47.0934675742882,44.53608129662207,46.424034118652344,29063003,0.0,0.0
2022-05-04 00:00:00-04:00,46.67977545964272,47.5823801932989,45.709471195259525,47.28151321411133,8517871,0.0,0.0
2022-05-05 00:00:00-04:00,46.431553581780136,46.86781579890339,45.37851352668104,46.02538299560547,5920425,0.0,0.0
2022-05-06 00:00:00-04:00,45.72451449262429,46.25855650520623,44.37812747156598,44.71660614013672,6130782,0.0,0.0
2022-05-09 00:00:00-04:00,43.6635634043538,45.483816655728425,42.27204471256539,42.520259857177734,6629156,0.0,0.0
2022-05-10 00:00:00-04:00,43.3551728329528,44.498472590424356,42.332220618167376,43.14456558227539,7257581,0.0,0.0
2022-05-11 00:00:00-04:00,43.12200250065282,44.603781069452225,41.81322710212793,41.933570861816406,5589278,0.0,0.0
2022-05-12 00:00:00-04:00,41.15882897679023,42.24195685430433,40.805310207626235,41.78313446044922,5617987,0.0,0.0
2022-05-13 00:00:00-04:00,42.46008565345225,44.12990723271806,42.46008565345225,43.96442794799805,4296972,0.0,0.0
2022-05-16 00:00:00-04:00,43.708688377042215,44.408209603534985,43.14456239667922,43.543212890625,3836303,0.0,0.0
2022-05-17 00:00:00-04:00,44.415733180054836,46.37890176882984,44.40069305872037,46.02538299560547,6561286,0.0,0.0
2022-05-18 00:00:00-04:00,45.13030365394395,46.10060417464088,44.24273899462919,44.45335006713867,3620390,0.0,0.0
2022-05-19 00:00:00-04:00,44.07725853725927,44.821907778922316,43.57330058732268,43.63347625732422,3192134,0.0,0.0
2022-05-20 00:00:00-04:00,44.14495585052115,44.257779541678815,41.55748546174756,42.730873107910156,4163746,0.0,0.0
2022-05-23 00:00:00-04:00,42.971564982824766,43.67108244462163,42.87378142094416,43.129520416259766,4132258,0.0,0.0
2022-05-24 00:00:00-04:00,42.67821772631551,42.91138894621189,41.78313314845365,42.57291030883789,2947379,0.0,0.0
2022-05-25 00:00:00-04:00,42.12913857673753,44.70908530501865,42.121614719097735,44.45335006713867,4970511,0.0,0.0
2022-05-26 00:00:00-04:00,44.002039346842864,46.032903694136934,43.98699922529999,45.64177322387695,3601735,0.0,0.0
2022-05-27 00:00:00-04:00,46.09308365769574,46.822689056396484,45.92760434437901,46.822689056396484,3372856,0.0,0.0
2022-05-31 00:00:00-04:00,46.48420474169294,46.79259555439502,44.844470910416106,45.649295806884766,4809502,0.0,0.0
2022-06-01 00:00:00-04:00,45.79972662084503,46.22846496801386,44.70155864335105,45.340904235839844,2666903,0.0,0.0
2022-06-02 00:00:00-04:00,45.57407718231583,46.89038010753852,45.49886139074041,46.58198928833008,3114077,0.0,0.0
2022-06-03 00:00:00-04:00,45.664337921757955,46.01785667606272,45.11525204745284,45.190467834472656,2347002,0.0,0.0
2022-06-06 00:00:00-04:00,45.77716595340908,45.95768917394561,44.799341648744125,44.91969299316406,3264503,0.0,0.0
2022-06-07 00:00:00-04:00,44.27281901145398,45.491338289306235,44.09229960530187,45.37099075317383,3185123,0.0,0.0
2022-06-08 00:00:00-04:00,47.281516268348014,47.38681990767062,43.40031034838196,43.490570068359375,9526526,0.0,0.0
2022-06-09 00:00:00-04:00,43.15208664269446,43.70869261697884,42.48265318373696,42.5578727722168,5799371,0.0,0.0
2022-06-10 00:00:00-04:00,41.57252405846394,42.091525925465305,40.48187610348713,40.63983154296875,6189259,0.0,0.0
2022-06-13 00:00:00-04:00,39.06779166645317,39.47396603218724,37.78158043381472,37.87936019897461,6113583,0.0,0.0
2022-06-14 00:00:00-04:00,38.07493006925395,38.18023369846753,36.668367400584906,37.03693389892578,5513206,0.0,0.0
2022-06-15 00:00:00-04:00,37.2099297980474,37.999710820321006,36.52545620202453,37.57097244262695,6010786,0.0,0.0
2022-06-16 00:00:00-04:00,36.46528144746284,36.46528144746284,34.637504199565385,34.8631591796875,8005208,0.0,0.0
2022-06-17 00:00:00-04:00,34.97598287365509,35.37463342530881,34.050810361872216,34.8631591796875,8229986,0.0,0.0
2022-06-21 00:00:00-04:00,35.367113154186896,35.97637096783795,34.818027217742646,34.975982666015625,6648737,0.0,0.0
2022-06-22 00:00:00-04:00,34.22380953626041,35.11137414504266,33.93046261907014,34.238853454589844,5204021,0.0,0.0
2022-06-23 00:00:00-04:00,34.23884790231806,34.71271796652388,33.968068804578984,34.53971862792969,5422977,0.0,0.0
2022-06-24 00:00:00-04:00,34.82554279320448,35.90115054811,34.66758736527672,35.40471649169922,3788014,0.0,0.0
2022-06-27 00:00:00-04:00,35.76576228488183,36.29980428181909,35.37463181222412,35.788326263427734,5578033,0.0,0.0
2022-06-28 00:00:00-04:00,35.96885057553235,36.45024077312806,35.08128597518023,35.15650177001953,2719823,0.0,0.0
2022-06-29 00:00:00-04:00,34.953414957816996,35.171542260027415,33.900374952239794,34.148590087890625,3432524,0.0,0.0
2022-06-30 00:00:00-04:00,33.47163730670749,34.24637435927229,32.95263925150775,33.719852447509766,5510692,0.0,0.0
2022-07-01 00:00:00-04:00,32.5539904995809,33.16324829387917,31.312905238120234,32.65929412841797,7969355,0.0,0.0
2022-07-05 00:00:00-04:00,31.839427275315153,33.065466797701916,31.568646227332557,32.937599182128906,4641481,0.0,0.0
2022-07-06 00:00:00-04:00,32.8548582821705,33.155725258287994,32.29825228850175,32.92255401611328,3574614,0.0,0.0
2022-07-07 00:00:00-04:00,33.41146537310703,33.983115303769246,33.238466002036965,33.7424201965332,3308955,0.0,0.0
2022-07-08 00:00:00-04:00,33.41146613243065,34.42689840190402,33.30616249513339,34.02824783325195,4165862,0.0,0.0
2022-07-11 00:00:00-04:00,33.71232986450195,34.223804024867675,33.14068004050919,33.71232986450195,4806856,0.0,0.0
2022-07-12 00:00:00-04:00,33.71233835162335,35.23172489150679,33.68977057403533,34.62246322631836,4675614,0.0,0.0
2022-07-13 00:00:00-04:00,33.734893352481365,34.96845647806913,33.72737329268315,34.833065032958984,3230501,0.0,0.0
2022-07-14 00:00:00-04:00,34.23885157173345,34.8631570656526,33.742417478535856,34.607418060302734,2587523,0.0,0.0
2022-07-15 00:00:00-04:00,35.46488668866685,35.72062566300553,34.38928278057869,35.66045379638672,3010487,0.0,0.0
2022-07-18 00:00:00-04:00,35.80337364105348,36.20954427459699,35.11889619678061,35.276851654052734,3903776,0.0,0.0
2022-07-19 00:00:00-04:00,35.96885325564197,36.698458667446424,35.79585008165263,36.52545928955078,3180095,0.0,0.0
2022-07-20 00:00:00-04:00,36.26219759362239,37.33028162308021,36.08167437096112,37.300193786621094,4770870,0.0,0.0
2022-07-21 00:00:00-04:00,37.39798002332006,37.9470621993314,36.69845865428772,37.9320182800293,3372592,0.0,0.0
2022-07-22 00:00:00-04:00,36.29227699317415,36.63075561982326,35.374628467261246,35.517539978027344,5489127,0.0,0.0
2022-07-25 00:00:00-04:00,35.63037050058875,36.21706430624582,34.89324131509587,35.231719970703125,6179468,0.0,0.0
2022-07-26 00:00:00-04:00,35.47241620005671,36.10423798270546,35.254285082088906,35.31446075439453,3079812,0.0,0.0
2022-07-27 00:00:00-04:00,35.57772415071435,36.66085221889976,35.118897879995366,36.427677154541016,2846567,0.0,0.0
2022-07-28 00:00:00-04:00,36.45023821368319,36.660845461319646,35.216674969938566,36.64580154418945,3539554,0.0,0.0
2022-07-29 00:00:00-04:00,36.6457985377683,36.97675329920165,36.16440841346785,36.93162155151367,3395876,0.0,0.0
2022-08-01 00:00:00-04:00,36.89402252668029,37.932018808133336,36.24715676424623,36.94667434692383,3840934,0.0,0.0
2022-08-02 00:00:00-04:00,36.70597116970163,36.99179798549249,36.05910554925923,36.45775604248047,3148211,0.0,0.0
2022-08-03 00:00:00-04:00,36.71349895289173,37.42054031379961,36.17193309580032,37.149757385253906,3624094,0.0,0.0
2022-08-04 00:00:00-04:00,37.14223540997785,37.646189548501255,36.63075741488635,37.54088592529297,4256223,0.0,0.0
2022-08-05 00:00:00-04:00,34.39680938055336,36.17945868399026,33.87781127340156,35.41976547241211,8000578,0.0,0.0
2022-08-08 00:00:00-04:00,35.179068473941925,36.615715165834956,35.03615694966236,35.788326263427734,7067334,0.0,0.0
2022-08-09 00:00:00-04:00,35.22419165650743,35.37462701730679,34.00567624270166,34.833065032958984,4784894,0.0,0.0
2022-08-10 00:00:00-04:00,35.66797733730449,36.359974749468634,35.44232617229849,35.86354446411133,3481475,0.0,0.0
2022-08-11 00:00:00-04:00,36.32989276024556,37.80414737450437,36.20954141628862,36.90154266357422,4768489,0.0,0.0
2022-08-12 00:00:00-04:00,37.112145411117346,38.32314080346766,36.961710045554874,38.11253356933594,3129689,0.0,0.0
2022-08-15 00:00:00-04:00,37.6386660712992,37.683797822883264,36.878972927572974,37.31523513793945,3089205,0.0,0.0
2022-08-16 00:00:00-04:00,37.02188998102479,37.48823625158209,36.91658635181121,37.03693389892578,2355337,0.0,0.0
2022-08-17 00:00:00-04:00,36.35997280775958,36.48784419862667,35.502499944965145,36.254669189453125,3178772,0.0,0.0
2022-08-18 00:00:00-04:00,36.33741073325329,37.029408144683444,36.10423571187498,36.64580154418945,2555507,0.0,0.0
2022-08-19 00:00:00-04:00,36.30732422714584,36.329892001713255,35.66045854344338,35.856021881103516,2418841,0.0,0.0
2022-08-22 00:00:00-04:00,35.02111372299507,35.12641735307828,34.53972353056132,34.64502716064453,5402471,0.0,0.0
2022-08-23 00:00:00-04:00,34.70519931384132,35.397200568061855,34.4043323392139,34.4870719909668,2576013,0.0,0.0
2022-08-24 00:00:00-04:00,34.171153077604046,35.1489772674206,34.13354518493667,34.75784683227539,3035491,0.0,0.0
2022-08-25 00:00:00-04:00,35.103852199927715,36.32237169004948,35.073768157723634,36.03654861450195,3325890,0.0,0.0
2022-08-26 00:00:00-04:00,36.00645484814563,36.03654268148974,34.216285705566406,34.216285705566406,3380530,0.0,0.0
2022-08-29 00:00:00-04:00,33.84020135457076,34.35167936996079,33.59198620374242,33.66720199584961,2842730,0.0,0.0
2022-08-30 00:00:00-04:00,33.59950679938728,33.62207077815998,32.44116308359323,32.61416244506836,5499446,0.0,0.0
2022-08-31 00:00:00-04:00,31.9071231437116,32.34338160604501,31.553602438970564,31.786775588989258,5684005,0.0,0.0
2022-09-01 00:00:00-04:00,30.68108211957521,31.719080202931593,30.372691288387248,31.583688735961914,9374910,0.0,0.0
2022-09-02 00:00:00-04:00,32.14781648357449,32.20046829861144,31.192558057804092,31.32794952392578,3772138,0.0,0.0
2022-09-06 00:00:00-04:00,31.2000815567671,31.50095044186165,30.477996232540175,30.81647491455078,4556015,0.0,0.0
2022-09-07 00:00:00-04:00,30.763820583950984,31.320426552374073,30.184646841174946,31.177515029907227,5406969,0.0,0.0
2022-09-08 00:00:00-04:00,30.96690654593542,31.944728940158036,30.568256008924813,31.899600982666016,5418876,0.0,0.0
2022-09-09 00:00:00-04:00,32.25312048982944,33.1406850909377,32.185424755979035,32.94511795043945,4663575,0.0,0.0
2022-09-12 00:00:00-04:00,33.163252369151714,33.46411937478782,32.41107916092077,32.546470642089844,6082228,0.0,0.0
2022-09-13 00:00:00-04:00,31.35051334022094,31.45581886779504,29.357260644032788,29.575389862060547,10977063,0.0,0.0
2022-09-14 00:00:00-04:00,29.5753892130442,29.733344653869086,28.38695768233705,28.830738067626953,7892224,0.0,0.0
2022-09-15 00:00:00-04:00,28.71039382357537,29.154176157932735,28.07857008958959,28.409526824951172,6765557,0.0,0.0
2022-09-16 00:00:00-04:00,27.883003046073693,28.296697515239515,27.318875087232446,27.995830535888672,9608684,0.0,0.0
2022-09-19 00:00:00-04:00,27.499395291228485,27.913089743508547,27.221092302762745,27.544525146484375,5172269,0.0,0.0
2022-09-20 00:00:00-04:00,27.002962564105527,27.138352127249856,26.280877301815966,26.732179641723633,7064688,0.0,0.0
2022-09-21 00:00:00-04:00,26.393705146334252,27.318875781566646,26.14548807891675,26.160531997680664,5717477,0.0,0.0
2022-09-22 00:00:00-04:00,25.995053943010497,26.17557526957599,25.22031682042276,25.438446044921875,6076671,0.0,0.0
2022-09-23 00:00:00-04:00,24.972097240615476,25.521183124130783,24.844227743271833,25.453487396240234,9895775,0.0,0.0
2022-09-26 00:00:00-04:00,25.14510039721259,25.40836139019198,24.332755335639504,24.370363235473633,6174573,0.0,0.0
2022-09-27 00:00:00-04:00,24.671231057445034,24.81414448709593,24.302666442489976,24.61105728149414,5065238,0.0,0.0
2022-09-28 00:00:00-04:00,24.611057343584612,25.21279510461164,24.46814391357316,24.934490203857422,4941670,0.0,0.0
2022-09-29 00:00:00-04:00,24.407970771032424,24.468142645971103,23.738537309314836,24.204883575439453,6012109,0.0,0.0
2022-09-30 00:00:00-04:00,24.15975387619658,25.543748765748035,24.15975387619658,24.483186721801758,8630723,0.0,0.0
2022-10-03 00:00:00-04:00,25.039796440568118,25.807011632966848,24.79157936990007,25.611446380615234,5490185,0.0,0.0
2022-10-04 00:00:00-04:00,26.31096333537081,27.454265004862368,26.28087739835487,27.424177169799805,13472374,0.0,0.0
2022-10-05 00:00:00-04:00,27.063134893990142,28.424565793440898,26.942787348247094,27.958219528198242,9325827,0.0,0.0
2022-10-06 00:00:00-04:00,27.77017892823487,28.09361178021846,26.48396378523631,27.8754825592041,11980823,0.0,0.0
2022-10-07 00:00:00-04:00,27.44674397993948,29.297085161750818,26.58926912218122,26.882614135742188,12858766,0.0,0.0
2022-10-10 00:00:00-04:00,26.762264113075208,27.06313295588636,25.867181441014356,26.070266723632812,4845884,0.0,0.0
2022-10-11 00:00:00-04:00,26.040183121803537,27.31887439479799,25.58888076616942,26.190616607666016,7628815,0.0,0.0
2022-10-12 00:00:00-04:00,26.13044161114883,26.190615382287813,25.02474975274915,25.784442901611328,9953987,0.0,0.0
2022-10-13 00:00:00-04:00,24.97961772152875,26.920220248071086,24.656183018081816,26.401222229003906,7766804,0.0,0.0
2022-10-14 00:00:00-04:00,26.596791268879397,26.641923026548035,25.310577932353674,25.363229751586914,4063462,0.0,0.0
2022-10-17 00:00:00-04:00,25.995054496422306,26.19061784749658,25.04731798628867,25.491098403930664,5063783,0.0,0.0
2022-10-18 00:00:00-04:00,26.28840115185855,26.431312684022583,24.949536055241037,25.28049087524414,4769283,0.0,0.0
2022-10-19 00:00:00-04:00,24.9796197903955,25.581355601124802,24.874316165871367,25.092445373535156,5132446,0.0,0.0
2022-10-20 00:00:00-04:00,25.272967827551213,25.84461772768199,24.836707494474563,25.175186157226562,5390431,0.0,0.0
2022-10-21 00:00:00-04:00,25.06235938321009,26.243269011808916,24.889360016463215,26.220705032348633,8243348,0.0,0.0
2022-10-24 00:00:00-04:00,26.145487258110006,26.506529908828817,25.61896720032342,26.26583480834961,6040157,0.0,0.0
2022-10-25 00:00:00-04:00,26.280878873372156,26.709615362703577,26.16053132246063,26.544137954711914,7577615,0.0,0.0
2022-10-26 00:00:00-04:00,25.94992345645701,27.258700669753612,25.69418444218058,26.536617279052734,10236845,0.0,0.0
2022-10-27 00:00:00-04:00,27.747611389631224,27.8679589315465,25.634009345534917,25.829572677612305,8978540,0.0,0.0
2022-10-28 00:00:00-04:00,25.76187492411232,26.935262416578755,25.709223115916668,26.702089309692383,6388899,0.0,0.0
2022-10-31 00:00:00-04:00,26.529092018130015,26.5667018112079,25.491095894018926,25.85213851928711,5863933,0.0,0.0
2022-11-01 00:00:00-04:00,26.371135562631327,27.018003100070153,26.265831942174277,26.85252571105957,11588289,0.0,0.0
2022-11-02 00:00:00-04:00,26.732180892385717,27.085701581331914,25.980009658000487,26.010095596313477,5488598,0.0,0.0
2022-11-03 00:00:00-04:00,25.626488197429502,25.769401619741462,24.84422915023874,25.3557071685791,4247624,0.0,0.0
2022-11-04 00:00:00-04:00,26.122921332442264,26.739703000793156,25.934878048284226,26.656963348388672,4626134,0.0,0.0
2022-11-07 00:00:00-05:00,26.905179519878217,27.574612982019403,26.46139913010978,27.544525146484375,5127683,0.0,0.0
2022-11-08 00:00:00-05:00,27.747611827147207,27.875481329704222,26.965352792363475,27.46930694580078,3425115,0.0,0.0
2022-11-09 00:00:00-05:00,26.87509529321125,26.99544284691917,25.776923391114792,25.83709716796875,6918496,0.0,0.0
2022-11-10 00:00:00-05:00,27.11578842971338,28.43208955760067,26.822443403641238,28.394481658935547,5934184,0.0,0.0
2022-11-11 00:00:00-05:00,28.58252179256687,30.079342187220664,28.47721627144709,29.898820877075195,5188012,0.0,0.0
2022-11-14 00:00:00-05:00,29.628040047792133,30.335081375810695,29.297083361414284,29.785995483398438,4831464,0.0,0.0
2022-11-15 00:00:00-05:00,30.508083524788148,30.8164743637539,29.492651292999167,29.680694580078125,4674821,0.0,0.0
2022-11-16 00:00:00-05:00,29.116560204632,29.124082162714565,27.14587172057821,27.394088745117188,9066122,0.0,0.0
2022-11-17 00:00:00-05:00,26.724656456776884,27.4993934966386,26.483961380390852,27.47682762145996,5857847,0.0,0.0
2022-11-18 00:00:00-05:00,27.935651490220597,28.1763484611306,27.236134044524977,27.72504425048828,2962726,0.0,0.0
2022-11-21 00:00:00-05:00,27.32639616253944,27.35648399832936,26.687050530517023,27.040571212768555,4485499,0.0,0.0
2022-11-22 00:00:00-05:00,27.07065741906472,27.597177468191592,26.972875747870784,27.251178741455078,3709692,0.0,0.0
2022-11-23 00:00:00-05:00,27.100747375580212,27.913092440873292,27.093225415969574,27.830352783203125,4301735,0.0,0.0
2022-11-25 00:00:00-05:00,27.55204432868697,28.183867932734508,27.49939251985355,28.08608627319336,1615912,0.0,0.0
2022-11-28 00:00:00-05:00,27.64982944635263,27.725047138970517,27.002963743197594,27.160919189453125,3572894,0.0,0.0
2022-11-29 00:00:00-05:00,27.416655126337776,27.484350856972792,26.860049159866076,27.100744247436523,2632770,0.0,0.0
2022-11-30 00:00:00-05:00,26.641920906908755,27.73256890090528,25.919835618221942,27.642309188842773,8743839,0.0,0.0
2022-12-01 00:00:00-05:00,27.537006109591356,28.168827902760952,26.85252870423085,26.95783233642578,8108667,0.0,0.0
2022-12-02 00:00:00-05:00,26.401224957335724,26.777309609502566,26.122920075037246,26.66448402404785,5784421,0.0,0.0
2022-12-05 00:00:00-05:00,26.55918124624569,26.837484239392644,26.010095320915376,26.16805076599121,4030387,0.0,0.0
2022-12-06 00:00:00-05:00,26.107880090671856,26.19061784749658,25.242881337362945,25.491098403930664,7444521,0.0,0.0
2022-12-07 00:00:00-05:00,25.22783774211204,25.716747987329363,24.836707268282197,25.679140090942383,5136018,0.0,0.0
2022-12-08 00:00:00-05:00,25.934878320319566,26.611833770779867,25.837096646672293,26.499008178710938,11956745,0.0,0.0
2022-12-09 00:00:00-05:00,26.48396363799206,27.356484313291904,26.288400295292686,26.860050201416016,7117079,0.0,0.0
2022-12-12 00:00:00-05:00,26.724659348449972,27.2887892065374,26.58174591961474,27.23613739013672,5366353,0.0,0.0
2022-12-13 00:00:00-05:00,28.319263321881518,28.620132198525514,26.987918305475986,27.303831100463867,7813109,0.0,0.0
2022-12-14 00:00:00-05:00,27.206046850811095,27.657349174013767,26.762264588021463,26.95030975341797,5108235,0.0,0.0
2022-12-15 00:00:00-05:00,25.393317079876827,25.445968898052282,24.159755587366792,24.22745132446289,14330736,0.0,0.0
2022-12-16 00:00:00-05:00,24.03188452306222,24.55840456891363,23.888971098624737,24.024362564086914,12789176,0.0,0.0
2022-12-19 00:00:00-05:00,24.077013589224695,24.174797154650047,23.339886308426614,23.738536834716797,6167297,0.0,0.0
2022-12-20 00:00:00-05:00,24.024361748768616,24.57344765291154,23.843840433627655,24.12966537475586,7377710,0.0,0.0
2022-12-21 00:00:00-05:00,24.50575416501686,24.513276124425232,23.565539607718787,23.603147506713867,6256599,0.0,0.0
2022-12-22 00:00:00-05:00,23.001409452514523,23.08414720207128,22.3620619438672,23.046539306640625,7199237,0.0,0.0
2022-12-23 00:00:00-05:00,23.039018041987017,23.159365588646455,22.738149175338425,23.008930206298828,3384499,0.0,0.0
2022-12-27 00:00:00-05:00,22.873538673863127,23.527926267276765,22.407192445151892,23.445188522338867,4513282,0.0,0.0
2022-12-28 00:00:00-05:00,23.407581836809154,23.58057929388693,22.693018540320672,22.72310447692871,3969397,0.0,0.0
2022-12-29 00:00:00-05:00,22.986364342721842,23.791189273236128,22.888582672772444,23.74605941772461,5727664,0.0,0.0
2022-12-30 00:00:00-05:00,23.40005756658939,23.746058168770457,23.21201619550723,23.731014251708984,3482004,0.0,0.0
2023-01-03 00:00:00-05:00,24.01684195069148,24.287624896786852,23.287236563816236,23.625713348388672,4598616,0.0,0.0
2023-01-04 00:00:00-05:00,24.400447690628468,25.235360478161024,24.31770993641975,24.85927391052246,8398933,0.0,0.0
2023-01-05 00:00:00-05:00,25.167663155422822,26.60431181156904,25.0172296653465,26.499008178710938,13285831,0.0,0.0
2023-01-06 00:00:00-05:00,27.002963019165264,28.168826784225256,26.453877104456772,27.958219528198242,11097324,0.0,0.0
2023-01-09 00:00:00-05:00,28.06352262481666,28.567478674840544,27.53700449471898,28.274131774902344,10223086,0.0,0.0
2023-01-10 00:00:00-05:00,28.16130608669503,28.755519945064,28.071044480405188,28.710390090942383,8665915,0.0,0.0
2023-01-11 00:00:00-05:00,28.823217893613073,28.92099956163761,28.447131342978253,28.898433685302734,4026286,0.0,0.0
2023-01-12 00:00:00-05:00,28.89843363619838,29.056390974180847,28.274131937173884,28.55243492126465,5413584,0.0,0.0
2023-01-13 00:00:00-05:00,28.259089617332343,28.386959127482154,27.815309209450128,27.995830535888672,5469017,0.0,0.0
2023-01-17 00:00:00-05:00,28.04096088997401,28.259090118185767,27.702482210623465,28.071046829223633,8843594,0.0,0.0
2023-01-18 00:00:00-05:00,28.49226306276513,28.853305719477984,28.071046629933466,28.18387222290039,3679660,0.0,0.0
2023-01-19 00:00:00-05:00,27.732570995817053,28.680307534298617,27.544527700427615,28.244047164916992,5621162,0.0,0.0
2023-01-20 00:00:00-05:00,28.364392272536033,28.936042170870277,27.980785653351564,28.92852210998535,6769791,0.0,0.0
2023-01-23 00:00:00-05:00,30.350124429949666,31.583687714818748,30.101909279259313,31.433252334594727,10954043,0.0,0.0
2023-01-24 00:00:00-05:00,30.936819121257724,31.531034904226644,30.643474107335372,30.914255142211914,6340610,0.0,0.0
2023-01-25 00:00:00-05:00,30.560732308801622,31.23016573699682,30.335081145917965,31.072208404541016,4067564,0.0,0.0
2023-01-26 00:00:00-05:00,31.94472725296792,32.96768324479419,31.455817030702182,32.91503143310547,9100520,0.0,0.0
2023-01-27 00:00:00-05:00,32.57655376844415,33.95302856639548,32.53894587269232,33.825157165527344,7135204,0.0,0.0
2023-01-30 00:00:00-05:00,33.02785829058341,33.704811847097545,32.982726535045074,33.27607345581055,9002618,0.0,0.0
2023-01-31 00:00:00-05:00,32.313299708194606,33.11812094946847,31.824387497443354,33.05794906616211,8343632,0.0,0.0
2023-02-01 00:00:00-05:00,32.97520255966152,33.37385306660293,30.869122547548017,32.58407211303711,20475145,0.0,0.0
2023-02-02 00:00:00-05:00,33.12564016583518,34.02824486161337,32.58407431149363,33.53181076049805,7125810,0.0,0.0
2023-02-03 00:00:00-05:00,32.79468457043175,33.71233706406709,32.39603400009216,32.53142547607422,7671680,0.0,0.0
2023-02-06 00:00:00-05:00,31.8770346805071,32.102685866672005,31.628819514553758,31.779253005981445,4684478,0.0,0.0
2023-02-07 00:00:00-05:00,31.77925318065948,32.55399221403179,31.50095017606283,32.40355682373047,5168696,0.0,0.0
2023-02-08 00:00:00-05:00,32.06507605526649,32.78716132635067,32.04251207682425,32.1478157043457,3823735,0.0,0.0
2023-02-09 00:00:00-05:00,32.380991721615175,32.64425079844878,31.478383207181775,31.583688735961914,4379130,0.0,0.0
2023-02-10 00:00:00-05:00,32.00490006924135,32.7269852475635,31.82437877466082,32.35089874267578,4002737,0.0,0.0
2023-02-13 00:00:00-05:00,32.18542321733687,32.59159760102192,31.929684212360346,32.37346649169922,3679660,0.0,0.0
2023-02-14 00:00:00-05:00,32.04251467211649,32.90751153688426,31.726601865918052,32.824771881103516,2869190,0.0,0.0
2023-02-15 00:00:00-05:00,32.456205340255934,32.86237971393514,32.37346569419982,32.84733200073242,4279244,0.0,0.0
2023-02-16 00:00:00-05:00,32.343377984779885,32.531421255235486,31.869511676418842,32.01994705200195,2652218,0.0,0.0
2023-02-17 00:00:00-05:00,31.854469018296566,31.967296503466688,31.154949618912404,31.275297164916992,3883402,0.0,0.0
2023-02-21 00:00:00-05:00,30.77134305622045,30.936818559708392,30.064299798669612,30.124473571777344,3610335,0.0,0.0
2023-02-22 00:00:00-05:00,30.056782295374987,30.508084683061288,29.582914029085646,29.76343536376953,3308955,0.0,0.0
2023-02-23 00:00:00-05:00,30.267387982112332,30.425343429905734,29.409913110888077,29.928911209106445,6968770,0.0,0.0
2023-02-24 00:00:00-05:00,29.282043216440723,29.635563903075905,29.048870078364185,29.41743278503418,3481607,0.0,0.0
2023-02-27 00:00:00-05:00,29.801042113776365,29.883779869368823,28.875871495490514,28.96613121032715,3178904,0.0,0.0
2023-02-28 00:00:00-05:00,29.20682635033953,29.20682635033953,28.785609918468083,28.943565368652344,4828156,0.0,0.0
2023-03-01 00:00:00-05:00,29.048869453618266,29.214346854815854,28.575001228615793,28.67278289794922,4805004,0.0,0.0
2023-03-02 00:00:00-05:00,28.462176568944226,28.973652706961033,27.965742451128865,28.868349075317383,3427232,0.0,0.0
2023-03-03 00:00:00-05:00,28.88338892114115,29.184257773220875,28.740477402682387,29.026302337646484,2991568,0.0,0.0
2023-03-06 00:00:00-05:00,29.154172874244654,29.2218686056268,28.326783976101314,28.417043685913086,8188444,0.0,0.0
2023-03-07 00:00:00-05:00,28.311739381988787,28.409522946336242,27.867959006265462,28.063522338867188,5459889,0.0,0.0
2023-03-08 00:00:00-05:00,28.16130642937662,28.52986912357575,28.00335098900556,28.507305145263672,3259078,0.0,0.0
2023-03-09 00:00:00-05:00,28.507306243066175,28.83826105412567,27.860438641052294,27.8754825592041,3523546,0.0,0.0
2023-03-10 00:00:00-05:00,27.80778554770194,27.86043736076702,26.897657012041897,27.123308181762695,7101599,0.0,0.0
2023-03-13 00:00:00-04:00,26.52909209585002,26.94278653459262,25.95744221985731,26.566701889038086,10970581,0.0,0.0
2023-03-14 00:00:00-04:00,27.168439688786247,27.356484872388076,26.28840083255997,26.544137954711914,5285782,0.0,0.0
2023-03-15 00:00:00-04:00,25.837093944257816,26.288398163376378,25.48357328660565,25.8671817779541,5865653,0.0,0.0
2023-03-16 00:00:00-04:00,25.468531280317222,26.6870506754952,25.38579352753881,26.581745147705078,6524110,0.0,0.0
2023-03-17 00:00:00-04:00,26.58174613379913,26.99544250522467,26.310965090407105,26.38618278503418,8356068,0.0,0.0
2023-03-20 00:00:00-04:00,26.423790520535576,26.65696366420093,26.18309541764918,26.476442337036133,7186404,0.0,0.0
2023-03-21 00:00:00-04:00,26.8750944330916,27.386570570957417,26.310964581372794,26.679529190063477,5236037,0.0,0.0
2023-03-22 00:00:00-04:00,26.514051516878766,27.00296367050888,26.07779117852543,26.100357055664062,3008767,0.0,0.0
2023-03-23 00:00:00-04:00,26.265835608158607,27.025528830411655,26.04770637847469,26.529094696044922,3347058,0.0,0.0
2023-03-24 00:00:00-04:00,26.280878918152567,26.619355693900445,26.23574906099553,26.521574020385742,2796822,0.0,0.0
2023-03-27 00:00:00-04:00,26.867571526096206,26.867571526096206,26.303441694279595,26.483963012695312,5246092,0.0,0.0
2023-03-28 00:00:00-04:00,26.348574261547547,26.416270000177494,25.746838369602454,26.032663345336914,4015702,0.0,0.0
2023-03-29 00:00:00-04:00,26.51404974204319,27.642307460562602,26.51404974204319,27.52947998046875,4900657,0.0,0.0
2023-03-30 00:00:00-04:00,27.740091435362213,28.131220025824515,27.740091435362213,28.04096031188965,2940103,0.0,0.0
2023-03-31 00:00:00-04:00,27.852916523179346,28.55995789572271,27.717526954725102,28.334306716918945,3393627,0.0,0.0
2023-04-03 00:00:00-04:00,28.31926213008547,28.34934806746036,27.687438464746286,27.980785369873047,3243731,0.0,0.0
2023-04-04 00:00:00-04:00,27.905567376826184,28.003350942839408,26.81491941750604,27.033048629760742,4776295,0.0,0.0
2023-04-05 00:00:00-04:00,26.76226619609295,26.76226619609295,26.13044252603534,26.371137619018555,8114885,0.0,0.0
2023-04-06 00:00:00-04:00,26.21318206251132,26.634398473408055,26.077790598782848,26.438833236694336,6178013,0.0,0.0
2023-04-10 00:00:00-04:00,27.454266126961695,28.90595677689768,27.44674416788862,28.61260986328125,12160619,0.0,0.0
2023-04-11 00:00:00-04:00,28.80817277375693,29.06390987131261,28.53739175927252,28.860824584960938,4242067,0.0,0.0
2023-04-12 00:00:00-04:00,29.191779192003754,29.244431002888316,28.259086716825987,28.582521438598633,3994534,0.0,0.0
2023-04-13 00:00:00-04:00,28.61260814591025,28.725433729141017,27.303829102777442,27.740089416503906,10243989,0.0,0.0
2023-04-14 00:00:00-04:00,27.762654591325898,27.83035032379242,26.58926885474399,26.672006607055664,6904737,0.0,0.0
2023-04-17 00:00:00-04:00,26.52157366074859,27.15339734651967,26.476441906156815,27.093223571777344,4891131,0.0,0.0
2023-04-18 00:00:00-04:00,27.191003711811263,27.273743359187275,26.641919709018108,26.867570877075195,3596046,0.0,0.0
2023-04-19 00:00:00-04:00,26.491484451809228,26.491484451809228,25.76940109035972,26.04018211364746,4858850,0.0,0.0
2023-04-20 00:00:00-04:00,25.40836141414668,25.829575966435893,24.8818394276915,25.062360763549805,6015946,0.0,0.0
2023-04-21 00:00:00-04:00,25.024752706879447,25.288013698457487,24.67875395649737,25.15262222290039,4690564,0.0,0.0
2023-04-24 00:00:00-04:00,24.9194459631228,25.009705670211623,24.57344725587134,24.74644660949707,4124188,0.0,0.0
2023-04-25 00:00:00-04:00,24.505752556298237,24.603534226094485,24.046928246882004,24.137187957763672,3847549,0.0,0.0
2023-04-26 00:00:00-04:00,24.265057964157222,24.814143893837365,24.265057964157222,24.580968856811523,4889940,0.0,0.0
2023-04-27 00:00:00-04:00,24.648663859628346,24.701315673509747,24.18231759549595,24.641143798828125,3575672,0.0,0.0
2023-04-28 00:00:00-04:00,24.889358710553253,25.987528628720337,24.70883739410908,25.9047908782959,5177561,0.0,0.0
2023-05-01 00:00:00-04:00,25.889746166259172,26.055225458123175,25.4835736912358,25.61896514892578,3611658,0.0,0.0
2023-05-02 00:00:00-04:00,25.64905248898602,25.731792139446878,24.994664836441054,25.175186157226562,3010883,0.0,0.0
2023-05-03 00:00:00-04:00,25.310576273251367,25.42340186393359,24.814144053858914,24.85927391052246,2741521,0.0,0.0
2023-05-04 00:00:00-04:00,24.829187356342747,24.926970931884924,24.550884344823515,24.85175323486328,3234735,0.0,0.0
2023-05-05 00:00:00-04:00,25.18270687796981,25.348184285180682,24.836708145243428,25.16014289855957,4011601,0.0,0.0
2023-05-08 00:00:00-04:00,25.077402926054702,25.776922341737027,24.799099931202385,25.709226608276367,5344259,0.0,0.0
2023-05-09 00:00:00-04:00,24.979621377822046,25.41587982087335,24.295143978824246,25.272968292236328,7824222,0.0,0.0
2023-05-10 00:00:00-04:00,25.543748328446352,25.94992271530112,24.310186944424363,24.731403350830078,5423109,0.0,0.0
2023-05-11 00:00:00-04:00,24.59601230962186,24.63362210425967,24.077014226040063,24.483186721801758,4871286,0.0,0.0
2023-05-12 00:00:00-04:00,24.61857757447551,24.85175070324743,24.347794652000623,24.844228744506836,4480075,0.0,0.0
2023-05-15 00:00:00-04:00,26.882614105091008,27.83035057198078,25.995053310305156,27.642309188842773,13815163,0.0,0.0
2023-05-16 00:00:00-04:00,27.64230809675336,27.898045202857958,26.95783073212707,27.537004470825195,5815247,0.0,0.0
2023-05-17 00:00:00-04:00,27.762653905866152,28.183870310110596,27.431699108697398,27.8153076171875,5151233,0.0,0.0
2023-05-18 00:00:00-04:00,27.84539444744228,29.236913207644587,27.762654796472553,29.139129638671875,7903999,0.0,0.0
2023-05-19 00:00:00-04:00,29.124086276841542,29.236913765971867,28.50730650545428,28.823219299316406,4145356,0.0,0.0
2023-05-22 00:00:00-04:00,28.77056487948165,29.1090416220988,28.266608846741565,28.860824584960938,4343409,0.0,0.0
2023-05-23 00:00:00-04:00,28.838261360008733,29.1316082768469,28.394480954196997,28.43208885192871,3347984,0.0,0.0
2023-05-24 00:00:00-04:00,28.108652924777722,28.4696936384688,27.928131618908925,28.00334930419922,3760628,0.0,0.0
2023-05-25 00:00:00-04:00,28.49978197143544,28.67278132200342,27.770176674882322,28.469694137573242,4402812,0.0,0.0
2023-05-26 00:00:00-04:00,28.605087039972155,30.07934352258614,28.57500110263553,29.868736267089844,7025130,0.0,0.0
2023-05-30 00:00:00-04:00,30.229780513565963,30.60586518956204,29.740868346919644,30.049259185791016,7266181,0.0,0.0
2023-05-31 00:00:00-04:00,29.221870576960235,29.507695541375035,28.88339189721542,29.131608963012695,10079276,0.0,0.0
2023-06-01 00:00:00-04:00,28.966129352259436,29.680692658058778,28.966129352259436,29.3121280670166,4052349,0.0,0.0
2023-06-02 00:00:00-04:00,29.846172853684156,30.365170974457364,29.53026004632156,30.26738929748535,4638570,0.0,0.0
2023-06-05 00:00:00-04:00,30.1846448144454,30.229776564027702,29.289562149806965,29.334692001342773,2942484,0.0,0.0
2023-06-06 00:00:00-04:00,29.033824453240978,29.928909055763622,28.98117264109807,29.695735931396484,3236720,0.0,0.0
2023-06-07 00:00:00-04:00,30.124471707342273,30.643471654554165,29.7333431553727,30.10190773010254,5704247,0.0,0.0
2023-06-08 00:00:00-04:00,30.086864982953823,30.274908256843815,29.327171826719272,30.16208267211914,4791641,0.0,0.0
2023-06-09 00:00:00-04:00,30.48551656934624,30.61338607596148,29.71077946871863,29.921388626098633,2986011,0.0,0.0
2023-06-12 00:00:00-04:00,29.958995214666352,30.372689654330916,29.861213548252643,30.320037841796875,4615153,0.0,0.0
2023-06-13 00:00:00-04:00,30.696124047827876,30.8239935474494,30.2974716318204,30.52312469482422,5651062,0.0,0.0
2023-06-14 00:00:00-04:00,30.477993089071475,30.816471736171746,30.192168152223033,30.432863235473633,3357113,0.0,0.0
2023-06-15 00:00:00-04:00,30.237300384776386,30.96690570669301,30.177126613006703,30.89920997619629,3802302,0.0,0.0
2023-06-16 00:00:00-04:00,31.15494912428313,31.19255702004499,30.026691372914502,30.440385818481445,7331008,0.0,0.0
2023-06-20 00:00:00-04:00,30.101910817551133,30.28243214421712,29.19930418422119,29.424955368041992,5792491,0.0,0.0
2023-06-21 00:00:00-04:00,29.199302546201267,29.409911697853552,28.83825991312303,28.898433685302734,3940556,0.0,0.0
2023-06-22 00:00:00-04:00,28.770567438402153,28.921000926929718,28.59004611334105,28.845783233642578,3069889,0.0,0.0
2023-06-23 00:00:00-04:00,28.432086866844553,28.687825868095707,28.229001576007,28.477216720581055,6414036,0.0,0.0
2023-06-26 00:00:00-04:00,28.46969322218007,28.78560597734276,28.229000049254314,28.251564025878906,2463691,0.0,0.0
2023-06-27 00:00:00-04:00,28.31174202644877,28.860827976452654,27.822831751231167,28.740480422973633,8564441,0.0,0.0
2023-06-28 00:00:00-04:00,28.59756363539448,28.732955091681262,28.123695436437284,28.469694137573242,3496028,0.0,0.0
2023-06-29 00:00:00-04:00,28.612609160718897,28.725434747951272,28.191392749296266,28.281654357910156,3394289,0.0,0.0
2023-06-30 00:00:00-04:00,28.477217266214,28.778086126966407,28.311739867311836,28.529869079589844,4305174,0.0,0.0
2023-07-03 00:00:00-04:00,28.48474100307378,28.9811751288155,28.454655064143815,28.96613121032715,1759590,0.0,0.0
2023-07-05 00:00:00-04:00,28.6426988447258,28.72543660174413,28.146264710428714,28.326786041259766,2706726,0.0,0.0
2023-07-06 00:00:00-04:00,27.890524189515897,28.1161753664525,27.416655958730367,28.101133346557617,3467715,0.0,0.0
2023-07-07 00:00:00-04:00,28.244045106569427,28.80065299259251,28.19891525041801,28.334306716918945,5243975,0.0,0.0
2023-07-10 00:00:00-04:00,28.206438207105794,28.672784499273913,28.0936126137133,28.4847412109375,5937095,0.0,0.0
2023-07-11 00:00:00-04:00,28.657738674673162,29.16921479057107,28.439609461694833,28.853303909301758,3853370,0.0,0.0
2023-07-12 00:00:00-04:00,29.25195435960268,29.40238973907526,28.492261197601373,28.898433685302734,3851650,0.0,0.0
2023-07-13 00:00:00-04:00,28.898433136864334,29.628040347952517,28.898433136864334,29.6054744720459,2617952,0.0,0.0
2023-07-14 00:00:00-04:00,29.485126554846136,30.816471459373492,28.83825899893206,29.831125259399414,10417302,0.0,0.0
2023-07-17 00:00:00-04:00,29.72582357967994,29.83112721003029,29.093999899531156,29.439998626708984,4079867,0.0,0.0
2023-07-18 00:00:00-04:00,29.154173285746413,29.25947691469535,28.454653881668456,28.92852210998535,5213943,0.0,0.0
2023-07-19 00:00:00-04:00,29.28204345703125,29.838649450153213,29.21434772315497,29.28204345703125,4267204,0.0,0.0
2023-07-20 00:00:00-04:00,28.988694216226058,29.2369131688055,28.650217449888657,28.79313087463379,5369660,0.0,0.0
2023-07-21 00:00:00-04:00,29.003741288760672,29.139130862332994,28.514829117505904,28.808176040649414,3608350,0.0,0.0
2023-07-24 00:00:00-04:00,28.860824538131805,29.342214694697702,28.687825187871756,29.274518966674805,4673762,0.0,0.0
2023-07-25 00:00:00-04:00,29.36478030254834,29.439997993200013,28.875870058429065,29.06391143798828,3518915,0.0,0.0
2023-07-26 00:00:00-04:00,28.905957577308794,29.447521563145898,28.905957577308794,29.244434356689453,3324302,0.0,0.0
2023-07-27 00:00:00-04:00,30.312515436724766,31.62129446628664,30.312515436724766,31.35051155090332,7570868,0.0,0.0
2023-07-28 00:00:00-04:00,31.824384416667705,32.13277335545846,31.493427702239646,31.6137752532959,5230084,0.0,0.0
2023-07-31 00:00:00-04:00,31.816861130220765,32.17790376832852,31.69651358418485,32.01242446899414,7875025,0.0,0.0
2023-08-01 00:00:00-04:00,31.591212066028756,32.35842535069491,30.981952336271,32.245601654052734,7294890,0.0,0.0
2023-08-02 00:00:00-04:00,31.816860043555657,32.3734660014266,31.726598438088164,31.907119750976562,5032031,0.0,0.0
2023-08-03 00:00:00-04:00,31.613775540174125,32.847335102624506,31.403168272937897,32.53894805908203,5044996,0.0,0.0
2023-08-04 00:00:00-04:00,32.433642908835864,33.29863971317478,32.23055571231456,32.68185806274414,5168167,0.0,0.0
2023-08-07 00:00:00-04:00,32.945114505597445,33.08802981550099,32.4938121911799,32.71946334838867,2818916,0.0,0.0
2023-08-08 00:00:00-04:00,32.39603031341394,32.67433709131324,31.779250578218296,32.46372604370117,4616079,0.0,0.0
2023-08-09 00:00:00-04:00,32.30576878645189,32.43364017917085,31.92968226071482,32.0274658203125,3628989,0.0,0.0
2023-08-10 00:00:00-04:00,32.41860199716561,32.471253816394984,31.37308187804845,31.704036712646484,3856413,0.0,0.0
2023-08-11 00:00:00-04:00,31.50846991105924,31.83190275069502,31.440774180007267,31.500947952270508,2463955,0.0,0.0
2023-08-14 00:00:00-04:00,31.673946404499695,32.14029454973875,31.65890248735243,32.042510986328125,2667830,0.0,0.0
2023-08-15 00:00:00-04:00,31.77173262359915,31.79429660315951,30.86160403081402,30.87664794921875,3952595,0.0,0.0
2023-08-16 00:00:00-04:00,30.65851573906428,30.74125538930887,30.16208353173675,30.40277862548828,3131144,0.0,0.0
2023-08-17 00:00:00-04:00,30.568257473486213,31.049647683753935,30.184648937911586,30.304996490478516,2981777,0.0,0.0
2023-08-18 00:00:00-04:00,29.71830274040441,30.049257540851496,29.50769358717265,29.891300201416016,3182873,0.0,0.0
2023-08-21 00:00:00-04:00,29.85369335323089,30.425343264268296,29.7483897219419,30.38773536682129,1934491,0.0,0.0
2023-08-22 00:00:00-04:00,30.65851573906428,30.7337334303733,30.214735346239067,30.40277862548828,2429293,0.0,0.0
2023-08-23 00:00:00-04:00,30.335083969069093,31.012037520721115,30.22225837712709,30.87664794921875,1981854,0.0,0.0
2023-08-24 00:00:00-04:00,31.034604337756907,31.05717021604708,29.95147824271771,29.989084243774414,2543864,0.0,0.0
2023-08-25 00:00:00-04:00,30.034215230610798,30.101910965699556,29.214348246401936,29.703258514404297,3518651,0.0,0.0
2023-08-28 00:00:00-04:00,30.199690187045224,31.230166252068283,30.101908520995362,31.14742660522461,5647226,0.0,0.0
2023-08-29 00:00:00-04:00,31.10229783959146,31.380600828270964,30.80895093313289,31.252731323242188,3056924,0.0,0.0
2023-08-30 00:00:00-04:00,31.35051238828518,32.37346651074652,31.33547036884277,31.982336044311523,4642142,0.0,0.0
2023-08-31 00:00:00-04:00,32.9526439892239,34.32159508287632,32.922556150833216,33.84772491455078,9219326,0.0,0.0
2023-09-01 00:00:00-04:00,34.08089492616364,34.83306799809579,33.98311136390638,34.56980514526367,4268395,0.0,0.0
2023-09-05 00:00:00-04:00,34.1485933934103,34.848110914007194,33.90037823373271,34.44194030761719,5823846,0.0,0.0
2023-09-06 00:00:00-04:00,34.163640315120105,34.5171591370193,33.855249455624275,34.17868423461914,4494893,0.0,0.0
2023-09-07 00:00:00-04:00,33.35129025317926,33.35129025317926,32.43364166955641,32.666812896728516,5799635,0.0,0.0
2023-09-08 00:00:00-04:00,32.64424760384834,32.99776635870155,32.46372440019049,32.6968994140625,3584007,0.0,0.0
2023-09-11 00:00:00-04:00,33.08051062820547,33.13316244578249,32.177905871974524,32.268165588378906,3136965,0.0,0.0
2023-09-12 00:00:00-04:00,32.11772908259662,32.749554667692145,31.756686433412515,31.816862106323242,4603908,0.0,0.0
2023-09-13 00:00:00-04:00,32.14029880912252,32.91503597027278,32.10268711322332,32.50886154174805,4254107,0.0,0.0
2023-09-14 00:00:00-04:00,32.83229314606566,32.99024858766891,32.44868653130159,32.86238098144531,3298636,0.0,0.0
2023-09-15 00:00:00-04:00,32.81725695836394,32.975212437173035,32.55399782701544,32.7946891784668,5930612,0.0,0.0
2023-09-18 00:00:00-04:00,32.809730484717406,33.16324927829376,32.40355607906616,32.83229446411133,2921052,0.0,0.0
2023-09-19 00:00:00-04:00,32.79467863617757,33.30615660931392,32.66681104093996,33.035377502441406,4179357,0.0,0.0
2023-09-20 00:00:00-04:00,34.411847558953994,35.26932419995145,34.216284242763976,34.336631774902344,11214410,0.0,0.0
2023-09-21 00:00:00-04:00,33.96807187916354,34.2087631669088,33.38889814739819,33.42650604248047,5099768,0.0,0.0
2023-09-22 00:00:00-04:00,33.72737845487833,34.98350195211863,33.71985459783575,33.95302963256836,6718723,0.0,0.0
2023-09-25 00:00:00-04:00,33.68976487947771,33.975591713164654,33.38889792473269,33.56189727783203,3553446,0.0,0.0
2023-09-26 00:00:00-04:00,33.27606961692433,33.80259151975557,32.8999868818655,33.29863739013672,4724565,0.0,0.0
2023-09-27 00:00:00-04:00,33.591989003649736,34.01320354830764,33.30616213685074,33.51676940917969,3370739,0.0,0.0
2023-09-28 00:00:00-04:00,33.5619020401108,34.59989830599375,33.53933805922882,34.449466705322266,4342086,0.0,0.0
2023-09-29 00:00:00-04:00,34.63750514532848,34.727768658279324,34.253898501614906,34.32159423828125,3323376,0.0,0.0
2023-10-02 00:00:00-04:00,34.494591261123816,34.991025364165885,34.02824499368268,34.20124435424805,3414002,0.0,0.0
2023-10-03 00:00:00-04:00,34.02824071026544,34.675110113792016,33.584458477340895,33.71232986450195,2839423,0.0,0.0
2023-10-04 00:00:00-04:00,33.82516181240357,34.10346483451213,33.509250889376624,34.06585693359375,3235264,0.0,0.0
2023-10-05 00:00:00-04:00,34.98349939586019,35.45736949164874,34.31406976874815,34.68263244628906,5315549,0.0,0.0
2023-10-06 00:00:00-04:00,34.48707756518912,35.036163583825214,34.23885856981025,34.90077209472656,4228308,0.0,0.0
2023-10-09 00:00:00-04:00,34.509632700896496,34.607416261531334,33.712331687376754,34.148590087890625,2872630,0.0,0.0
2023-10-10 00:00:00-04:00,34.148592698875575,34.62245902937504,33.99815731626432,34.110984802246094,2900942,0.0,0.0
2023-10-11 00:00:00-04:00,34.110984727429425,34.90076573928961,34.110984727429425,34.89324188232422,3309749,0.0,0.0
2023-10-12 00:00:00-04:00,34.97598125837635,35.07376482550715,34.13354843873145,34.31407165527344,3966883,0.0,0.0
2023-10-13 00:00:00-04:00,34.65254768691161,35.088809927221014,34.291505037738354,34.374244689941406,4115985,0.0,0.0
2023-10-16 00:00:00-04:00,34.441937809756716,34.59237318451748,34.11850308265369,34.41184997558594,2965637,0.0,0.0
2023-10-17 00:00:00-04:00,33.93046447408243,34.60742185544948,32.77964451794575,33.20085906982422,10392430,0.0,0.0
2023-10-18 00:00:00-04:00,32.975202453121064,33.82515527475594,32.96768239282835,33.43402862548828,5039969,0.0,0.0
2023-10-19 00:00:00-04:00,33.3888960093954,33.524287459896605,32.21550849984225,32.38850784301758,4507593,0.0,0.0
2023-10-20 00:00:00-04:00,32.35090656824091,32.659297425003736,32.08012361184551,32.23807907104492,4985726,0.0,0.0
2023-10-23 00:00:00-04:00,31.929685801515344,32.10268516700778,31.327949950872426,31.44829750061035,5377201,0.0,0.0
2023-10-24 00:00:00-04:00,31.81685938239255,32.34337749481761,31.741641695740448,32.31329345703125,5707819,0.0,0.0
2023-10-25 00:00:00-04:00,32.298252459942354,32.711946926858204,31.613775055818035,31.726600646972656,3657301,0.0,0.0
2023-10-26 00:00:00-04:00,31.66642483180673,31.846944247587327,26.79235315456559,28.778085708618164,23644921,0.0,0.0
2023-10-27 00:00:00-04:00,29.086476896352938,29.643084762297043,28.64269651378729,29.3121280670166,8643556,0.0,0.0
2023-10-30 00:00:00-04:00,32.45620711111077,33.2234203529075,30.696125654654725,31.44077491760254,22438212,0.0,0.0
2023-10-31 00:00:00-04:00,29.33469495571484,31.2527318705988,28.905956577829084,30.199691772460938,25795325,0.0,0.0
2023-11-01 00:00:00-04:00,29.951474648169846,31.48590294048775,29.906342897005874,31.39564323425293,27729948,0.0,0.0
2023-11-02 00:00:00-04:00,31.500948225234037,32.29072733224191,31.463340329011114,31.71155548095703,10131005,0.0,0.0
2023-11-03 00:00:00-04:00,31.869508623794353,32.87741681264435,31.809334858934175,32.35089874267578,5926643,0.0,0.0
2023-11-06 00:00:00-05:00,32.1327737634833,32.86990299757466,31.42573236656143,32.47125244140625,5855598,0.0,0.0
2023-11-07 00:00:00-05:00,32.20798839264994,32.53142314026239,31.922165338182534,32.411075592041016,7568089,0.0,0.0
2023-11-08 00:00:00-05:00,32.41860050693369,32.68937965219734,32.08012183023726,32.53894805908203,4127495,0.0,0.0
2023-11-09 00:00:00-05:00,32.869902930145535,34.0658545961974,32.779643214915744,33.2309455871582,8198499,0.0,0.0
2023-11-10 00:00:00-05:00,33.366338480768064,33.99064024885973,33.12564336582987,33.84772491455078,5324149,0.0,0.0
2023-11-13 00:00:00-05:00,33.60702581210203,33.99063237640974,33.19333141637217,33.98310852050781,4574934,0.0,0.0
2023-11-14 00:00:00-05:00,34.72776450549148,34.960935729164326,34.37424194560926,34.502113342285156,5627777,0.0,0.0
2023-11-15 00:00:00-05:00,34.24638041834136,34.79546260865966,34.02072921511765,34.62246322631836,4796669,0.0,0.0
2023-11-16 00:00:00-05:00,34.366722972455,34.85563320885491,34.020724258185545,34.607418060302734,4679848,0.0,0.0
2023-11-17 00:00:00-05:00,34.82554711811446,35.20915374730586,34.68263558882617,35.06624221801758,4590545,0.0,0.0
2023-11-20 00:00:00-05:00,35.12641945971061,35.66798156063093,35.05119986507334,35.61532974243164,4970511,0.0,0.0
2023-11-21 00:00:00-05:00,35.0587213873827,35.38215613254551,34.68263482752764,34.780418395996094,5769074,0.0,0.0
2023-11-22 00:00:00-05:00,34.908283885336175,35.53258556283275,34.908283885336175,35.28437042236328,4556544,0.0,0.0
2023-11-24 00:00:00-05:00,35.02111301265507,35.19411237229614,34.63750260102608,35.05119705200195,2992758,0.0,0.0
2023-11-27 00:00:00-05:00,34.90828351605756,35.750716287180495,34.81802381103194,35.5100212097168,5640875,0.0,0.0
2023-11-28 00:00:00-05:00,35.29941308930666,35.44984845800872,34.91580650540476,35.269325256347656,5568242,0.0,0.0
2023-11-29 00:00:00-05:00,35.81841700012181,36.27723944558116,35.44985427225029,35.59276580810547,6305153,0.0,0.0
2023-11-30 00:00:00-05:00,35.780804031436126,36.4276696779445,35.32197785488892,36.33740997314453,22154429,0.0,0.0
2023-12-01 00:00:00-05:00,35.99141244357876,36.751105592829845,35.81841308872145,36.397586822509766,15168327,0.0,0.0
2023-12-04 00:00:00-05:00,35.863548544393026,36.126807634169445,35.27685089331566,35.705589294433594,5085612,0.0,0.0
2023-12-05 00:00:00-05:00,35.50250811934769,35.728159324259124,34.953422128828805,35.179073333740234,4084895,0.0,0.0
2023-12-06 00:00:00-05:00,35.94628010747296,36.59314956057028,35.179066910085055,35.2166748046875,4536699,0.0,0.0
2023-12-07 00:00:00-05:00,35.6378912249093,35.901154093547184,35.1640248943291,35.58523941040039,5037058,0.0,0.0
2023-12-08 00:00:00-05:00,35.44985730415193,36.18698282293873,35.374637702984145,35.998939514160156,11186627,0.0,0.0
2023-12-11 00:00:00-05:00,36.42767230635577,37.36788870446752,36.397588266647126,37.03693389892578,8014469,0.0,0.0
2023-12-12 00:00:00-05:00,37.059494854690776,37.71388435149016,36.96171129435748,37.32275390625,6465633,0.0,0.0
2023-12-13 00:00:00-05:00,37.277628668903255,38.12006157716501,37.277628668903255,37.9320182800293,9104754,0.0,0.0
2023-12-14 00:00:00-05:00,38.35323566614382,39.28592827063129,38.285539929036375,38.47358322143555,10736145,0.0,0.0
2023-12-15 00:00:00-05:00,38.36075507352069,38.60145018000037,37.80414906332151,38.120059967041016,9642156,0.0,0.0
2023-12-18 00:00:00-05:00,38.037325593887275,38.285540771346426,37.81919445884273,37.99971389770508,4167979,0.0,0.0
2023-12-19 00:00:00-05:00,37.99970577772002,38.43596795458622,37.82670643740535,38.31562042236328,5025812,0.0,0.0
2023-12-20 00:00:00-05:00,38.24040664852782,38.26297442406012,37.12719465350695,37.16480255126953,6881981,0.0,0.0
2023-12-21 00:00:00-05:00,38.54878994599844,39.4288305251498,38.247923026636684,39.398746490478516,9720081,0.0,0.0
2023-12-22 00:00:00-05:00,39.48901599904059,39.77483907404264,39.28592878505894,39.6093635559082,3884990,0.0,0.0
2023-12-26 00:00:00-05:00,39.66953021005906,40.02305277257404,39.62440225473759,39.684574127197266,2660288,0.0,0.0
2023-12-27 00:00:00-05:00,39.76731548243284,40.00048671786283,39.323533194109984,39.428836822509766,2867206,0.0,0.0
2023-12-28 00:00:00-05:00,39.489011857311844,39.827486715687336,39.37618437379118,39.81244659423828,5556600,0.0,0.0
2023-12-29 00:00:00-05:00,39.72971021922199,39.87262175350882,39.2182321650148,39.391231536865234,4601526,0.0,0.0
2024-01-02 00:00:00-05:00,38.932400879444955,39.075316193596834,38.12005593012676,38.25544738769531,9513164,0.0,0.0
2024-01-03 00:00:00-05:00,37.67627938346852,38.293057238430514,37.60858365122618,37.864322662353516,7829514,0.0,0.0
2024-01-04 00:00:00-05:00,37.83423394306301,38.20279663525768,37.56345102041773,37.62362289428711,6140043,0.0,0.0
2024-01-05 00:00:00-05:00,37.37540772084696,37.871841813332466,37.3603638033664,37.64619064331055,6305286,0.0,0.0
2024-01-08 00:00:00-05:00,37.71388746458575,38.10501414601846,37.64619173201214,37.751495361328125,4485235,0.0,0.0
2024-01-09 00:00:00-05:00,37.247539632324,37.62362238007738,37.11214817285178,37.17984390258789,6349077,0.0,0.0
2024-01-10 00:00:00-05:00,37.14223467459394,38.11253503786857,36.82632001513079,37.9921875,5691414,0.0,0.0
2024-01-11 00:00:00-05:00,37.962107166953224,38.4434974135392,37.36789321662643,38.05989074707031,4105137,0.0,0.0
2024-01-12 00:00:00-05:00,38.278009859924936,38.49614095477299,37.60858025108484,37.6161003112793,3729934,0.0,0.0
2024-01-16 00:00:00-05:00,38.81957676442278,39.50405410515429,38.278010940162915,39.28592300415039,10667084,0.0,0.0
2024-01-17 00:00:00-05:00,39.24079114339073,39.69209346494634,38.92488027752043,39.35361862182617,7151212,0.0,0.0
2024-01-18 00:00:00-05:00,39.850051151709465,40.32392127340901,39.684575649029796,40.27878952026367,7468070,0.0,0.0
2024-01-19 00:00:00-05:00,40.61726414361762,41.21147795582106,40.35400509998906,41.19643783569336,6346960,0.0,0.0
2024-01-22 00:00:00-05:00,43.498084809520755,44.17503832069045,42.49769656222469,42.873783111572266,21794308,0.0,0.0
2024-01-23 00:00:00-05:00,43.87416913923709,44.49095074527615,43.024216313898535,43.42286682128906,14448351,0.0,0.0
2024-01-24 00:00:00-05:00,44.37812676837202,44.42325852216412,43.407826328635345,43.648521423339844,12864587,0.0,0.0
2024-01-25 00:00:00-05:00,44.37812882883315,45.543996459706406,44.333000869039125,45.378517150878906,31551830,0.0,0.0
2024-01-26 00:00:00-05:00,44.27282029334515,44.678994663087416,43.031737002812356,43.7989501953125,25991393,0.0,0.0
2024-01-29 00:00:00-05:00,44.6789940597151,45.46877121894871,44.408211150210406,44.94225311279297,12410137,0.0,0.0
2024-01-30 00:00:00-05:00,44.82190503194703,44.9422525684812,43.483038213492705,43.71621322631836,12855723,0.0,0.0
2024-01-31 00:00:00-05:00,43.39278342722959,43.76134993493245,43.03174077671501,43.06182861328125,7670754,0.0,0.0
2024-02-01 00:00:00-05:00,43.05430074594994,43.38525932516573,42.565390529706825,43.17464828491211,9621914,0.0,0.0
2024-02-02 00:00:00-05:00,43.06182617513241,43.81399927013997,42.873782901380515,43.746299743652344,7315396,0.0,0.0
2024-02-05 00:00:00-05:00,43.67860616499324,44.017081008129594,43.08438853124526,43.97947311401367,6400939,0.0,0.0
2024-02-06 00:00:00-05:00,44.41573025675249,44.55864556486267,43.82151643598083,43.96442794799805,6862666,0.0,0.0
2024-02-07 00:00:00-05:00,43.979472495960756,44.16751575999082,43.370214750002894,43.5808219909668,6544749,0.0,0.0
2024-02-08 00:00:00-05:00,43.302525160719476,43.61091600559574,42.88883068043574,42.964046478271484,9880693,0.0,0.0
2024-02-09 00:00:00-05:00,42.497696787052355,43.137042405888295,42.29460959379907,42.7383918762207,8623711,0.0,0.0
2024-02-12 00:00:00-05:00,42.550349229595774,43.67860890028703,42.505221272267846,43.114479064941406,5900448,0.0,0.0
2024-02-13 00:00:00-05:00,42.0614338549152,42.07647777088804,41.21147727705322,41.62517547607422,8694888,0.0,0.0
2024-02-14 00:00:00-05:00,42.06895429602666,42.54282436713973,42.03134640380023,42.18178176879883,5244637,0.0,0.0
2024-02-15 00:00:00-05:00,42.25700656659557,42.55035350306213,42.00126753037714,42.1291389465332,5802281,0.0,0.0
2024-02-16 00:00:00-05:00,42.15169784483885,42.34726118020442,40.5570957347198,40.61726760864258,7983776,0.0,0.0
2024-02-20 00:00:00-05:00,40.58718215012498,40.722573619495314,40.08322796665254,40.71505355834961,6802072,0.0,0.0
2024-02-21 00:00:00-05:00,40.5270099582639,40.61726967177939,39.782360678597634,40.158443450927734,5616267,0.0,0.0
2024-02-22 00:00:00-05:00,41.113700825889424,42.12160911234295,40.94070147241935,41.895957946777344,6748888,0.0,0.0
2024-02-23 00:00:00-05:00,41.73800584452745,42.27956792592633,41.58757045676919,42.166744232177734,4185443,0.0,0.0
2024-02-26 00:00:00-05:00,42.678220930019464,43.39278235622379,42.46008981443821,42.933956146240234,8156295,0.0,0.0
2024-02-27 00:00:00-05:00,43.81400273344275,43.92682642895616,43.09191741622021,43.23482894897461,8340589,0.0,0.0
2024-02-28 00:00:00-05:00,42.75343373002106,43.47551896266977,42.595478297146606,43.21977996826172,5469150,0.0,0.0
2024-02-29 00:00:00-05:00,43.708698938325604,44.867046603600954,43.40031186728445,44.73165512084961,10187497,0.0,0.0
2024-03-01 00:00:00-05:00,45.882465132911285,48.54515485585713,45.611686022513155,48.36463165283203,22594591,0.0,0.0
2024-03-04 00:00:00-05:00,48.89115481185268,48.921242645816065,47.57485193493244,48.379676818847656,8242952,0.0,0.0
2024-03-05 00:00:00-05:00,47.61246719524315,48.3571164670627,46.76251429274959,47.75537872314453,9441193,0.0,0.0
2024-03-06 00:00:00-05:00,48.83850763784031,49.58315692453566,47.830595473107365,48.66550827026367,12297550,0.0,0.0
2024-03-07 00:00:00-05:00,48.76329625298026,48.9362918401125,47.73282001546258,48.34960174560547,9030137,0.0,0.0
2024-03-08 00:00:00-05:00,48.79336902523961,49.440238445498764,47.24389499596977,47.386810302734375,8636015,0.0,0.0
2024-03-11 00:00:00-04:00,46.86028828466411,47.258938779056585,45.935115905770886,46.672245025634766,9612124,0.0,0.0
2024-03-12 00:00:00-04:00,47.12355128035489,47.65759326971735,46.40146981228818,47.3642463684082,7548377,0.0,0.0
2024-03-13 00:00:00-04:00,47.12354936222809,47.3868122138846,46.64968306221393,46.99568176269531,4572156,0.0,0.0
2024-03-14 00:00:00-04:00,46.88285642726116,46.92798818003231,45.243122555215166,45.73203659057617,4570436,0.0,0.0
2024-03-15 00:00:00-04:00,45.30329824366498,45.528949415424286,44.82942812570516,44.97234344482422,7619157,0.0,0.0
2024-03-18 00:00:00-04:00,45.152863482544085,45.48381828592007,44.3706063294651,44.61130142211914,5113263,0.0,0.0
2024-03-19 00:00:00-04:00,44.31043503797761,45.32586732322317,43.97948020188946,44.98739242553711,5728855,0.0,0.0
2024-03-20 00:00:00-04:00,45.280736860359646,45.74707935210751,44.68651916366731,45.6718635559082,5604493,0.0,0.0
2024-03-21 00:00:00-04:00,48.740717592648416,49.650846064881954,47.92837267904691,47.943416595458984,15355003,0.0,0.0
2024-03-22 00:00:00-04:00,47.845637859842206,48.4473755965179,47.45451117807301,48.09385681152344,7196326,0.0,0.0
2024-03-25 00:00:00-04:00,47.52220674628844,49.28981219462233,47.409383047342196,48.87611770629883,8280657,0.0,0.0
2024-03-26 00:00:00-04:00,49.492900181701216,52.11045483207609,49.297333026720835,51.260501861572266,15120435,0.0,0.0
2024-03-27 00:00:00-04:00,51.88480045727601,51.91488829406029,49.96676349782021,50.87689208984375,8312674,0.0,0.0
2024-03-28 00:00:00-04:00,51.44102115270266,52.04275889862808,51.18528213617268,51.32819366455078,10498799,0.0,0.0
2024-04-01 00:00:00-04:00,51.839675810713096,54.41962256771915,51.8171118297298,53.29136657714844,16538426,0.0,0.0
2024-04-02 00:00:00-04:00,52.2759306518159,52.44140995710097,50.952107597815626,51.771976470947266,8794113,0.0,0.0
2024-04-03 00:00:00-04:00,51.84719242138235,54.24661957862817,51.22289068828376,53.87053680419922,14459199,0.0,0.0
2024-04-04 00:00:00-04:00,55.01383809205733,56.30757334750464,52.90023393935805,53.058189392089844,12830851,0.0,0.0
2024-04-05 00:00:00-04:00,55.02887987002073,55.254531050301004,53.24623061088509,54.99127197265625,10933007,0.0,0.0
2024-04-08 00:00:00-04:00,56.41287630950469,57.857046939122945,53.83292589072375,54.87092590332031,9989179,0.0,0.0
2024-04-09 00:00:00-04:00,56.92435077899605,56.97700259263603,53.80283846833255,54.645267486572266,11014372,0.0,0.0
2024-04-10 00:00:00-04:00,53.82540422049518,54.976227893826774,53.4117097585081,54.34440231323242,10162360,0.0,0.0
2024-04-11 00:00:00-04:00,54.51740331198454,55.803618490869795,54.11122889883335,55.585487365722656,7843406,0.0,0.0
2024-04-12 00:00:00-04:00,55.09657311451983,55.14922492767004,53.95326955051358,54.20148849487305,7049870,0.0,0.0
2024-04-15 00:00:00-04:00,54.94614120442691,55.17179238875755,52.69714562619756,52.9754524230957,7445050,0.0,0.0
2024-04-16 00:00:00-04:00,52.64449674038398,53.59223328576949,52.04276274606673,53.44932174682617,5910767,0.0,0.0
2024-04-17 00:00:00-04:00,54.31431071652252,55.05895993732456,52.58431719384172,52.77988052368164,8631781,0.0,0.0
2024-04-18 00:00:00-04:00,52.621930074239955,53.19357999693578,51.32067477869342,51.388370513916016,5751346,0.0,0.0
2024-04-19 00:00:00-04:00,50.76407054054964,51.45606803926047,49.349987705072635,49.68094253540039,9300425,0.0,0.0
2024-04-22 00:00:00-04:00,49.90659112541124,51.29810611171603,49.52298070044966,50.433109283447266,9039662,0.0,0.0
2024-04-23 00:00:00-04:00,50.54593438205552,52.83253392498847,50.54593438205552,52.59183883666992,10201124,0.0,0.0
2024-04-24 00:00:00-04:00,53.44179728532116,54.25414228647133,51.268021357221755,52.31353759765625,9790729,0.0,0.0
2024-04-25 00:00:00-04:00,50.19993625317256,52.72723091392916,49.064156529165494,52.230796813964844,11395264,0.0,0.0
2024-04-26 00:00:00-04:00,53.40418578672526,53.99087956999471,50.3879772248209,53.674964904785156,18348819,0.0,0.0
2024-04-29 00:00:00-04:00,53.47188351282405,54.48731575482634,51.89232520000433,52.546714782714844,11905148,0.0,0.0
2024-04-30 00:00:00-04:00,52.418837094107516,54.276701985276475,52.328577389118244,53.27631378173828,10297306,0.0,0.0
2024-05-01 00:00:00-04:00,52.779886430984824,54.14884128136171,51.80206587625111,53.03562545776367,11433498,0.0,0.0
2024-05-02 00:00:00-04:00,53.14092759280704,53.26127514341762,51.07997911018256,52.441410064697266,8434787,0.0,0.0
2024-05-03 00:00:00-04:00,53.404192658568164,53.88557908464861,52.712195163216364,53.366580963134766,7942763,0.0,0.0
2024-05-06 00:00:00-04:00,54.156359834985096,55.532834708375546,54.09618795770302,54.607662200927734,8665782,0.0,0.0
2024-05-07 00:00:00-04:00,54.36696472460341,54.73553121769413,53.607271556031876,53.77275085449219,5202962,0.0,0.0
2024-05-08 00:00:00-04:00,53.03562346435184,54.3218386112366,52.78740830433062,54.18644714355469,5599068,0.0,0.0
2024-05-09 00:00:00-04:00,54.051053072403704,54.73553043889607,53.524531145234214,54.22405242919922,6042406,0.0,0.0
2024-05-10 00:00:00-04:00,54.77314026765565,55.10409507545453,53.84044772018,53.855491638183594,4896555,0.0,0.0
2024-05-13 00:00:00-04:00,54.21653510166821,54.60766179130137,53.0657114198817,53.381622314453125,5064973,0.0,0.0
2024-05-14 00:00:00-04:00,53.4267520492466,55.40496458629588,53.07322947441648,55.314701080322266,9372000,0.0,0.0
2024-05-15 00:00:00-04:00,55.6907899223696,56.99204899465537,55.57044237221871,56.9318733215332,10549999,0.0,0.0
2024-05-16 00:00:00-04:00,56.7889600346019,57.052219106130906,55.69830825980845,55.73591995239258,6574252,0.0,0.0
2024-05-17 00:00:00-04:00,55.254523305872745,55.41999879030222,54.141307682569796,54.2315673828125,8196250,0.0,0.0
2024-05-20 00:00:00-04:00,54.45723003074857,55.84122495055117,54.434662255425934,54.94614028930664,7413034,0.0,0.0
2024-05-21 00:00:00-04:00,53.930706866866686,56.172178500135026,53.55462030899876,55.6682243347168,6326586,0.0,0.0
2024-05-22 00:00:00-04:00,55.8863509710221,55.93900658088668,54.607659726755294,55.314701080322266,4560249,0.0,0.0
2024-05-23 00:00:00-04:00,56.92434751544183,57.83447221276752,55.54787278676528,55.781044006347656,7134939,0.0,0.0
2024-05-24 00:00:00-04:00,56.2248305570586,56.77391647838291,55.6607007178235,56.269962310791016,3629783,0.0,0.0
2024-05-28 00:00:00-04:00,56.977004496659816,57.556174466053974,56.61596184988057,57.27035140991211,6322749,0.0,0.0
2024-05-29 00:00:00-04:00,56.59339243697165,58.41364953632167,56.48808880921993,58.24065017700195,9954914,0.0,0.0
2024-05-30 00:00:00-04:00,57.67651896469943,57.72917077731436,55.99165716492864,56.796478271484375,8315055,0.0,0.0
2024-05-31 00:00:00-04:00,56.7964836623637,57.27035381696895,54.72049120319971,56.63100814819336,10188158,0.0,0.0
2024-06-03 00:00:00-04:00,56.99956485484352,57.315475727171744,55.750957690516096,56.3978271484375,5505929,0.0,0.0
2024-06-04 00:00:00-04:00,56.224827835745124,56.33765531656857,55.10409206852123,55.615570068359375,5059284,0.0,0.0
2024-06-05 00:00:00-04:00,56.39782852337288,58.03756238976978,56.22482916581938,57.84199905395508,7278220,0.0,0.0
2024-06-06 00:00:00-04:00,57.69156581528956,57.83447734306863,56.48809032848315,56.60091781616211,5129933,0.0,0.0
2024-06-07 00:00:00-04:00,56.32261135867168,57.02212883255463,56.0066966902503,56.3978271484375,7462117,0.0,0.0
2024-06-10 00:00:00-04:00,56.00669535865087,58.13534315621949,55.923959510312834,57.992431640625,8044105,0.0,0.0
2024-06-11 00:00:00-04:00,57.96986585750116,58.270736611926424,57.074781247030465,57.55617141723633,5197273,0.0,0.0
2024-06-12 00:00:00-04:00,58.413656058816635,60.05339012504766,58.21809269916865,59.56447982788086,7434731,0.0,0.0
2024-06-13 00:00:00-04:00,59.39899619701863,60.52725590313169,59.225996830945846,59.85782241821289,8985155,0.0,0.0
2024-06-14 00:00:00-04:00,58.789739020966174,59.42156081897227,57.84952258903785,58.75965118408203,4170625,0.0,0.0
2024-06-17 00:00:00-04:00,58.669389230941505,60.22638348302538,58.12030331117743,60.06842803955078,6181718,0.0,0.0
2024-06-18 00:00:00-04:00,60.45203290449152,61.33959746029568,59.89542693999325,60.34672927856445,7228343,0.0,0.0
2024-06-20 00:00:00-04:00,60.44451140562957,60.52725105148737,57.21769558592051,57.38317108154297,7808478,0.0,0.0
2024-06-21 00:00:00-04:00,57.03717813057801,57.76678730372858,56.18722520088624,56.99205017089844,8997988,0.0,0.0
2024-06-24 00:00:00-04:00,56.64604939807186,57.496006150304126,56.29253058651001,56.713748931884766,6777200,0.0,0.0
2024-06-25 00:00:00-04:00,56.969483467022364,57.96235174396604,56.52570114656318,57.81191635131836,3725568,0.0,0.0
2024-06-26 00:00:00-04:00,57.7968717513909,58.015002878355,56.420396845704325,56.76639938354492,4846678,0.0,0.0
2024-06-27 00:00:00-04:00,56.17217894317415,58.473822469886265,55.517789390228806,57.63139343261719,5748303,0.0,0.0
2024-06-28 00:00:00-04:00,57.54113232095666,58.804783521667936,56.79648302530858,56.99205017089844,11355044,0.0,0.0
2024-07-01 00:00:00-04:00,57.322999098480814,57.62386605108997,55.94652434398675,57.45086669921875,4769415,0.0,0.0
2024-07-02 00:00:00-04:00,56.99205093155826,58.75212869270376,56.75887588442546,58.707000732421875,3574085,0.0,0.0
2024-07-03 00:00:00-04:00,58.699475954116224,59.150782122510044,58.27074135769638,58.511436462402344,2591757,0.0,0.0
2024-07-05 00:00:00-04:00,58.67690766334562,58.67690766334562,57.80439081996029,58.04508590698242,3061290,0.0,0.0
2024-07-08 00:00:00-04:00,58.4512535643106,59.511817424627615,58.16543053535497,59.04547119140625,4901450,0.0,0.0
2024-07-09 00:00:00-04:00,59.015388533420456,59.985688978649456,58.77469343735352,58.99282455444336,4124320,0.0,0.0
2024-07-10 00:00:00-04:00,59.54190687732923,60.45955930662993,59.23351984332714,60.35425567626953,5859038,0.0,0.0
2024-07-11 00:00:00-04:00,60.294075352854435,60.32416318666308,58.13534350480661,58.54903793334961,5464784,0.0,0.0
2024-07-12 00:00:00-04:00,58.32339313536555,59.63217229181226,57.81191508918602,59.24856185913086,6024810,0.0,0.0
2024-07-15 00:00:00-04:00,59.797649034786566,60.24143135469415,58.66187302018436,59.28617477416992,7151344,0.0,0.0
2024-07-16 00:00:00-04:00,58.84991361295657,59.50430321685471,57.902177076141804,57.96235275268555,5632011,0.0,0.0
2024-07-17 00:00:00-04:00,56.78143528776292,56.84161095807979,53.90814193246365,53.9984016418457,14155968,0.0,0.0
2024-07-18 00:00:00-04:00,54.5625321891896,54.600140085587654,51.76445458874226,52.83253479003906,11545689,0.0,0.0
2024-07-19 00:00:00-04:00,53.140926166439776,53.89309928659004,52.057798240017,52.516624450683594,5709936,0.0,0.0
2024-07-22 00:00:00-04:00,53.56966045174678,55.02135097040931,53.171009943249864,54.95365524291992,7172115,0.0,0.0
2024-07-23 00:00:00-04:00,54.4271385262047,55.24700354127379,54.4196146695731,54.878440856933594,3690244,0.0,0.0
2024-07-24 00:00:00-04:00,54.84083287089519,55.93900465764503,54.02848791771489,54.163875579833984,8449869,0.0,0.0
2024-07-25 00:00:00-04:00,51.50871662418883,51.960018982312356,49.94419849274635,50.01189422607422,17994123,0.0,0.0
2024-07-26 00:00:00-04:00,50.99723630377148,51.37332285068456,50.42558642274461,51.34323501586914,5917911,0.0,0.0
2024-07-29 00:00:00-04:00,51.899843383622446,52.027714789464696,49.680939487017724,49.96676254272461,8406474,0.0,0.0
2024-07-30 00:00:00-04:00,50.041983904578515,50.12471976294222,47.45451341305658,47.5222053527832,12242381,0.0,0.0
2024-07-31 00:00:00-04:00,49.92163504365419,50.861847667044266,48.64293995393794,50.433109283447266,17911965,0.0,0.0
2024-08-01 00:00:00-04:00,45.38603821351191,47.52972625843887,43.70869263690613,45.52894973754883,35572692,0.0,0.0
2024-08-02 00:00:00-04:00,43.93434423149585,43.964432067189975,41.79065616601563,43.046783447265625,17530808,0.0,0.0
2024-08-05 00:00:00-04:00,40.639832815060714,43.37021851245667,39.69209635241209,42.86626434326172,14409190,0.0,0.0
2024-08-06 00:00:00-04:00,42.587957038565754,44.2276909308622,42.587957038565754,43.15960693359375,12626315,0.0,0.0
2024-08-07 00:00:00-04:00,44.11486345805482,44.77677300687615,41.91852377688133,42.30965042114258,10845293,0.0,0.0
2024-08-08 00:00:00-04:00,43.317570376408725,44.709085454592596,42.467613614168464,44.36308670043945,8026641,0.0,0.0
2024-08-09 00:00:00-04:00,44.37812466016051,45.07012207553882,43.72373513977568,44.88960266113281,7058205,0.0,0.0
2024-08-12 00:00:00-04:00,44.88960934411015,46.25104039977348,44.39317518644683,45.408607482910156,9080543,0.0,0.0
2024-08-13 00:00:00-04:00,45.8749433494344,46.604548602192274,45.73955190127462,46.3187255859375,6753518,0.0,0.0
2024-08-14 00:00:00-04:00,46.822684923759944,47.198771478217765,45.58912163251321,46.26607894897461,5970038,0.0,0.0
2024-08-15 00:00:00-04:00,47.161163548830224,47.95094461698868,46.56694963040614,47.76290512084961,7490032,0.0,0.0
2024-08-16 00:00:00-04:00,47.51468415290823,48.462420635585914,47.341684786867596,48.17659378051758,5949266,0.0,0.0
2024-08-19 00:00:00-04:00,47.98855294786042,49.06415701161516,47.52972673960579,48.966373443603516,6809613,0.0,0.0
2024-08-20 00:00:00-04:00,48.92876901250488,48.996464749600975,48.31198731722646,48.45490264892578,4900789,0.0,0.0
2024-08-21 00:00:00-04:00,48.80841555363214,48.966370989053075,48.063766331737376,48.913719177246094,5700146,0.0,0.0
2024-08-22 00:00:00-04:00,48.73320488029904,49.25972305364342,48.02616347888406,48.16907501220703,4203833,0.0,0.0
2024-08-23 00:00:00-04:00,48.32702498300071,48.92124262105776,47.72528728450318,48.402244567871094,4029064,0.0,0.0
2024-08-26 00:00:00-04:00,48.05624546045699,48.35711622898147,46.958077404794764,47.15364074707031,4296046,0.0,0.0
2024-08-27 00:00:00-04:00,46.5067735932467,47.46203009182821,46.00281564114734,47.27398681640625,6675461,0.0,0.0
2024-08-28 00:00:00-04:00,46.792600979276685,47.168687565007154,45.96521200910708,46.95808029174805,6182511,0.0,0.0
2024-08-29 00:00:00-04:00,47.5898974694877,48.30446267189385,46.78507635430985,47.40937805175781,5716948,0.0,0.0
2024-08-30 00:00:00-04:00,48.22924239615053,49.41015383961492,47.72528824974549,49.334938049316406,8489030,0.0,0.0
2024-09-03 00:00:00-04:00,48.53011379722045,48.53011379722045,46.78507631104134,47.431941986083984,7794587,0.0,0.0
2024-09-04 00:00:00-04:00,46.60455575265733,47.99607454368462,46.23599303974659,47.34920883178711,4870228,0.0,0.0
2024-09-05 00:00:00-04:00,46.92798841417576,47.838116962235425,46.92798841417576,47.093467712402344,3064994,0.0,0.0
2024-09-06 00:00:00-04:00,46.747468892350284,47.02577569701334,45.13030265887648,45.70947265625,5491905,0.0,0.0
2024-09-09 00:00:00-04:00,46.56694577848498,47.22133531841868,46.190859225128754,47.093467712402344,5518233,0.0,0.0
2024-09-10 00:00:00-04:00,47.055859575669636,47.63503336713101,46.672252932542534,47.228858947753906,4349230,0.0,0.0
2024-09-11 00:00:00-04:00,47.597419695675775,47.72528729584616,45.844858411129366,47.6199836730957,4786085,0.0,0.0
2024-09-12 00:00:00-04:00,47.61997992242709,48.2141975138233,46.890374681081695,47.57484817504883,5268715,0.0,0.0
2024-09-13 00:00:00-04:00,47.83059630538475,48.99646393957087,47.83059630538475,48.90620422363281,4738325,0.0,0.0
2024-09-16 00:00:00-04:00,48.19916405106797,48.38720734511948,47.58990241174735,48.20668411254883,5943445,0.0,0.0
2024-09-17 00:00:00-04:00,48.642936462372745,49.83136795732631,48.46241704860182,49.56058883666992,6882775,0.0,0.0
2024-09-18 00:00:00-04:00,49.19202810338216,49.680942181975496,48.221727599796196,48.45490264892578,5873326,0.0,0.0
2024-09-19 00:00:00-04:00,49.93667658986571,50.079591919202564,49.16193945286775,49.620765686035156,6377125,0.0,0.0
2024-09-20 00:00:00-04:00,49.079198850976866,50.30523824526701,48.87611166267339,50.207454681396484,10165403,0.0,0.0
2024-09-23 00:00:00-04:00,50.418063801971144,50.651238833366996,49.85393776386543,49.86145782470703,3847549,0.0,0.0
2024-09-24 00:00:00-04:00,49.86145888597276,50.29019726540194,48.28190063112636,49.98933029174805,8797950,0.0,0.0
2024-09-25 00:00:00-04:00,49.57563387104436,49.8990648110137,49.08671983855165,49.64332580566406,5016022,0.0,0.0
2024-09-26 00:00:00-04:00,52.89271272456378,53.72762172626449,51.53128176247909,52.998016357421875,11688573,0.0,0.0
2024-09-27 00:00:00-04:00,52.998016464191345,52.998016464191345,51.77197696933809,52.21575927734375,5413451,0.0,0.0
2024-09-30 00:00:00-04:00,51.81710508376264,52.3210592340723,51.132627720807406,51.36579895019531,7047621,0.0,0.0
2024-10-01 00:00:00-04:00,51.21536935793085,51.35076082365111,50.00437002348485,50.21498107910156,4617402,0.0,0.0
2024-10-02 00:00:00-04:00,50.11719399073204,51.222885821674225,49.95923855718217,50.034454345703125,5065502,0.0,0.0
2024-10-03 00:00:00-04:00,49.64332382715782,50.9069748860418,49.507936167220976,50.079586029052734,5244769,0.0,0.0
2024-10-04 00:00:00-04:00,51.03484147784184,51.11758112112559,49.56058699971189,49.906585693359375,6039230,0.0,0.0
2024-10-07 00:00:00-04:00,49.84641372315024,50.606106893456264,49.54554675700936,49.97428512573242,4314832,0.0,0.0
2024-10-08 00:00:00-04:00,50.04949742619606,50.207452857106176,49.402631785884225,49.77119445800781,5125831,0.0,0.0
2024-10-09 00:00:00-04:00,49.46280706750062,49.52297894224271,48.25933161172592,48.50002670288086,5869754,0.0,0.0
2024-10-10 00:00:00-04:00,47.845638966712905,48.81594322485219,47.72529141659362,48.17659378051758,4646111,0.0,0.0
2024-10-11 00:00:00-04:00,47.935898857516584,49.16946219982356,47.898290959732776,48.80089569091797,5353255,0.0,0.0
2024-10-14 00:00:00-04:00,49.222115261703394,50.31276330550432,49.19202742427748,50.267635345458984,5856656,0.0,0.0
2024-10-15 00:00:00-04:00,50.395498978527826,51.689234128592744,50.28267529123537,50.35789108276367,7904396,0.0,0.0
2024-10-16 00:00:00-04:00,50.39549792875917,51.192798968286596,50.03445530397621,50.989715576171875,5876105,0.0,0.0
2024-10-17 00:00:00-04:00,51.74940807204212,51.869759417049416,50.508328481728455,50.65876007080078,4825907,0.0,0.0
2024-10-18 00:00:00-04:00,51.087497584161454,51.298104842163646,50.13976112705827,50.41806411743164,3901659,0.0,0.0
2024-10-21 00:00:00-04:00,50.1472821685795,50.891931386761684,49.695976046078584,50.591060638427734,6713696,0.0,0.0
2024-10-22 00:00:00-04:00,50.252590195101384,51.27554247766915,49.613244543984855,50.9671516418457,8320744,0.0,0.0
2024-10-23 00:00:00-04:00,50.485768089452606,50.989726134041796,49.59068330076553,50.1021614074707,7245145,0.0,0.0
2024-10-24 00:00:00-04:00,50.62867480979578,50.80167037383871,49.79376204854763,49.8840217590332,11646501,0.0,0.0
2024-10-25 00:00:00-04:00,54.5926186274436,55.28461989516623,52.140539639863725,52.23832321166992,23343541,0.0,0.0
2024-10-28 00:00:00-04:00,52.35866406581479,53.4944436997855,51.35075582417189,52.43387985229492,10454346,0.0,0.0
2024-10-29 00:00:00-04:00,52.546716903633474,52.6520205423322,50.9671547309651,51.373329162597656,8270205,0.0,0.0
2024-10-30 00:00:00-04:00,50.98219140444065,52.06531927209559,50.372933639675495,50.41054153442383,6203812,0.0,0.0
2024-10-31 00:00:00-04:00,50.02693710690714,50.74149852643822,48.8911573780591,49.12432861328125,6048888,0.0,0.0
2024-11-01 00:00:00-04:00,49.4552902908985,50.478242598192125,49.342462798636205,49.553070068359375,5059681,0.0,0.0
2024-11-04 00:00:00-05:00,49.38007157805668,50.011897194588386,48.97390095007413,49.056636810302734,3578583,0.0,0.0
2024-11-05 00:00:00-05:00,49.26724701784227,50.49328653396629,49.26724701784227,50.267635345458984,5521276,0.0,0.0
2024-11-06 00:00:00-05:00,51.79453905314721,52.79492732679106,51.343236700481214,52.584320068359375,7572984,0.0,0.0
2024-11-07 00:00:00-05:00,53.028099127661804,53.577185015168766,52.426361428756444,52.982967376708984,4984535,0.0,0.0
2024-11-08 00:00:00-05:00,52.65201235595775,52.98296713985292,52.0352307428254,52.358665466308594,4653520,0.0,0.0
2024-11-11 00:00:00-05:00,52.704668375078455,52.75732019044521,50.60610822923356,50.68132781982422,5891451,0.0,0.0
2024-11-12 00:00:00-05:00,49.793763868592606,50.02693890830436,47.42442455420645,48.1088981628418,11215071,0.0,0.0
2024-11-13 00:00:00-05:00,47.950940490121475,47.950940490121475,46.86029252591284,47.1837272644043,5995836,0.0,0.0
2024-11-14 00:00:00-05:00,47.19877307828576,47.90581445804203,47.17620530290979,47.55229187011719,4804210,0.0,0.0
2024-11-15 00:00:00-05:00,46.97312244906092,47.47707663291487,46.860294959135736,47.23638153076172,4633014,0.0,0.0
2024-11-18 00:00:00-05:00,47.2739896304148,48.650464514470464,47.078426282615986,48.57524871826172,4801299,0.0,0.0
2024-11-19 00:00:00-05:00,48.13146298182369,49.19954695159924,47.90581181317607,49.109283447265625,3792512,0.0,0.0
2024-11-20 00:00:00-05:00,49.38006956768107,49.40263734327337,47.25142534694471,48.018638610839844,5063915,0.0,0.0
2024-11-21 00:00:00-05:00,48.49250986234283,50.026940221330044,48.06377146549578,49.553070068359375,5344259,0.0,0.0
2024-11-22 00:00:00-05:00,49.95171862462003,50.26010945553048,49.52298024496631,49.96676254272461,6854331,0.0,0.0
2024-11-25 00:00:00-05:00,50.47071663274373,52.59936460936226,50.440632592678064,52.2232780456543,11667537,0.0,0.0
2024-11-26 00:00:00-05:00,52.17814307225209,55.08904803676209,52.170623011722974,54.9235725402832,14193276,0.0,0.0
2024-11-27 00:00:00-05:00,54.938620988860336,55.269575805208945,53.10331988641055,53.7802734375,13606394,0.0,0.0
2024-11-29 00:00:00-05:00,54.1563555665362,55.39743887310653,53.90814042365939,54.901004791259766,3646585,0.0,0.0
2024-12-02 00:00:00-05:00,55.04392083848919,55.600526800280235,54.66031043608559,55.231964111328125,7134410,0.0,0.0
2024-12-03 00:00:00-05:00,54.99127126699028,55.743440592907994,52.794927572842774,53.923187255859375,7114697,0.0,0.0
2024-12-04 00:00:00-05:00,54.60014121287419,54.60014121287419,53.09579875323965,54.4120979309082,5517042,0.0,0.0
2024-12-05 00:00:00-05:00,54.41961701685549,55.532832770617176,54.11122619180051,54.239097595214844,4122600,0.0,0.0
2024-12-06 00:00:00-05:00,54.46474884555831,54.6678360422546,53.15596975052889,53.45684051513672,4975009,0.0,0.0
2024-12-09 00:00:00-05:00,53.38161751402199,54.00591918595466,53.13340237576466,53.2086181640625,4133846,0.0,0.0
2024-12-10 00:00:00-05:00,53.25375630302325,53.39666783637006,51.3808472664578,51.76445770263672,4366165,0.0,0.0
2024-12-11 00:00:00-05:00,52.42636210964816,52.95288023047035,52.0201877340769,52.57679748535156,3414398,0.0,0.0
2024-12-12 00:00:00-05:00,52.5767999813107,52.68210361047418,48.88363391922199,49.635807037353516,13066345,0.0,0.0
2024-12-13 00:00:00-05:00,49.81632751752671,49.84641155556728,48.66550392479741,48.981414794921875,10579502,0.0,0.0
2024-12-16 00:00:00-05:00,48.537632308238415,50.09463026645092,48.176589688546414,49.11680603027344,7134807,0.0,0.0
2024-12-17 00:00:00-05:00,49.041594914740855,49.650852732738976,48.5677247704474,48.62037658691406,5183646,0.0,0.0
2024-12-18 00:00:00-05:00,49.97428767461221,50.545937596701535,47.46203300502341,47.79298782348633,7343047,0.0,0.0
2024-12-19 00:00:00-05:00,46.574464518863785,46.867815210883364,44.68651554091409,44.8444709777832,17911965,0.0,0.0
2024-12-20 00:00:00-05:00,44.53608439638862,46.220950141939674,44.37060888322331,45.310821533203125,16844965,0.0,0.0
2024-12-23 00:00:00-05:00,45.137820459397744,46.34129594652151,45.137820459397744,46.303688049316406,5439118,0.0,0.0
2024-12-24 00:00:00-05:00,46.15325374581631,46.44660066542028,45.9727343165647,46.408992767333984,2000508,0.0,0.0
2024-12-26 00:00:00-05:00,46.26607614515523,46.78507419226109,46.2359883115596,46.416507720947266,2839158,0.0,0.0
2024-12-27 00:00:00-05:00,46.160772562063194,46.34129578253966,45.431167211367026,45.65681838989258,5506061,0.0,0.0
2024-12-30 00:00:00-05:00,44.874558812261085,45.23560143771614,44.24273326869144,44.8444709777832,5834562,0.0,0.0
2024-12-31 00:00:00-05:00,44.882085232833305,45.47630296555559,44.65643403445972,44.85200119018555,5206137,0.0,0.0
2025-01-02 00:00:00-05:00,45.02499513784917,47.27398678867091,45.02499513784917,46.53685760498047,6975650,0.0,0.0
2025-01-03 00:00:00-05:00,46.67224881604609,48.22924302747749,46.67224881604609,48.19163513183594,5484232,0.0,0.0
2025-01-06 00:00:00-05:00,49.11681065065511,50.74902075521621,49.09424667108088,49.380069732666016,8775194,0.0,0.0
2025-01-07 00:00:00-05:00,49.53802235226005,50.1171960956951,48.73320123378474,48.793373107910156,5982209,0.0,0.0
2025-01-08 00:00:00-05:00,48.21420801636222,48.778334102964145,47.68016597180623,48.184120178222656,6107762,0.0,0.0
2025-01-10 00:00:00-05:00,47.46955402904878,47.97351202230263,46.10060297196557,47.251426696777344,6156316,0.0,0.0
2025-01-13 00:00:00-05:00,46.45412536943368,47.32664228687601,46.153254587072254,46.649688720703125,5228231,0.0,0.0
2025-01-14 00:00:00-05:00,46.98817023726822,47.53725242543832,46.56695187576314,47.191253662109375,5924923,0.0,0.0
2025-01-15 00:00:00-05:00,48.18411563715121,49.46280688054371,48.138983884195255,48.61285400390625,6624129,0.0,0.0
2025-01-16 00:00:00-05:00,48.39472591750407,48.936288006365,47.695204581469085,48.327030181884766,7025527,0.0,0.0
2025-01-17 00:00:00-05:00,49.13937289401317,49.899066072469566,47.98855303498676,48.92124557495117,9473342,0.0,0.0
2025-01-21 00:00:00-05:00,49.36502230157946,51.29058298405554,49.10928329892645,50.71893310546875,9321329,0.0,0.0
2025-01-22 00:00:00-05:00,51.52375269308059,53.02057497344819,51.35827719936884,51.62153625488281,12357482,0.0,0.0
2025-01-23 00:00:00-05:00,50.854324252991894,51.884796521804105,50.741496771655555,51.65914535522461,9339719,0.0,0.0
2025-01-24 00:00:00-05:00,51.832151550660676,52.2308021241044,50.66628766880283,50.703895568847656,7999520,0.0,0.0
2025-01-27 00:00:00-05:00,49.34998219710468,49.34998219710468,47.341681866603295,48.43985366821289,10044348,0.0,0.0
2025-01-28 00:00:00-05:00,48.567719334328274,48.65797903872656,46.49924721303027,47.28902816772461,9649036,0.0,0.0
2025-01-29 00:00:00-05:00,47.93589906158006,48.25181375571449,46.927990693872154,47.23638153076172,14111912,0.0,0.0
2025-01-30 00:00:00-05:00,49.9818060374906,50.83928278953533,47.91333374726458,49.47785186767578,21901207,0.0,0.0
2025-01-31 00:00:00-05:00,49.041593007045485,51.1175853402791,48.76329001710562,48.98894119262695,10873605,0.0,0.0
2025-02-03 00:00:00-05:00,48.16155192411362,49.8539415554225,47.79298919688543,48.45490264892578,8414015,0.0,0.0
2025-02-04 00:00:00-05:00,48.01111859489154,49.08672269602148,47.61998810534727,47.99607467651367,6841233,0.0,0.0
2025-02-05 00:00:00-05:00,47.996072248528684,49.0867202128637,47.69520148837837,48.68054962158203,7064291,0.0,0.0
2025-02-06 00:00:00-05:00,48.8234614433878,49.2446759548623,48.25933161172592,48.50002670288086,4065844,0.0,0.0
2025-02-07 00:00:00-05:00,48.695588787180135,49.30485035628235,47.81555189066332,48.484981536865234,5050420,0.0,0.0
2025-02-10 00:00:00-05:00,49.34246121972497,52.170626740061905,49.259721567526014,51.929931640625,13865305,0.0,0.0
2025-02-11 00:00:00-05:00,51.74940857898335,53.17853526182405,51.200326440522396,51.83967208862305,12215656,0.0,0.0
2025-02-12 00:00:00-05:00,51.31314714555729,51.914884860983314,49.868980424628035,50.60610580444336,10940549,0.0,0.0
2025-02-13 00:00:00-05:00,50.66628747417795,51.35828497984425,50.147289344928225,50.81672286987305,7400465,0.0,0.0
2025-02-14 00:00:00-05:00,51.049886697431795,51.80205977034706,50.74901594982845,51.441017150878906,7511862,0.0,0.0
2025-02-18 00:00:00-05:00,52.80996980721295,54.224052498325065,52.56927471953032,54.17892074584961,12388043,0.0,0.0
2025-02-19 00:00:00-05:00,53.900620988544354,54.35192715203079,53.53957833541129,53.7802734375,6930271,0.0,0.0
2025-02-20 00:00:00-05:00,53.78027371762319,53.96831700436529,52.58432205819317,53.622318267822266,6119404,0.0,0.0
2025-02-21 00:00:00-05:00,53.9006208523705,53.9006208523705,50.97467553285767,51.68171691894531,11982940,0.0,0.0
2025-02-24 00:00:00-05:00,52.35342535570179,52.41313031044273,47.99478524322959,48.78093338012695,18354400,0.0,1.323
2025-02-25 00:00:00-05:00,48.47244735264003,50.88064733108742,48.47244735264003,48.830692291259766,11679700,0.0,0.0
2025-02-26 00:00:00-05:00,49.527273567550715,50.462687847436975,48.532150539380744,49.91537094116211,8546700,0.0,0.0
2025-02-27 00:00:00-05:00,50.24376816617545,51.22893793243947,47.875374069792784,47.964935302734375,9392100,0.0,0.0
2025-02-28 00:00:00-05:00,48.09429959662742,49.83576496193633,47.7659071627587,48.69137191772461,9268600,0.0,0.0
2025-03-03 00:00:00-05:00,49.298395007037065,49.58698159205645,46.27322013449385,46.780731201171875,8841500,0.0,0.0
2025-03-04 00:00:00-05:00,45.98464634056477,46.123962993852516,44.0342056023482,44.412353515625,11765400,0.0,0.0
2025-03-05 00:00:00-05:00,44.442199399109434,44.47205187863914,43.03907591981023,43.98444366455078,7615500,0.0,0.0
2025-03-06 00:00:00-05:00,42.71068461814044,42.909710011283984,41.15829490302681,41.24785614013672,11790200,0.0,0.0
2025-03-07 00:00:00-05:00,41.28766048998455,42.27283026659462,40.21292568339885,41.49663543701172,12084700,0.0,0.0
2025-03-10 00:00:00-04:00,40.48161324497712,40.6905882119301,39.227755851071514,40.3422966003418,10563700,0.0,0.0
2025-03-11 00:00:00-04:00,40.20297185350729,42.63107067546751,40.11341062913495,41.59614181518555,9283700,0.0,0.0
2025-03-12 00:00:00-04:00,42.40219670803679,43.48688105959236,42.053901338730135,42.75048828125,5998300,0.0,0.0
2025-03-13 00:00:00-04:00,42.36238718497646,42.83009622494759,41.50658076974977,41.82501983642578,5495100,0.0,0.0
2025-03-14 00:00:00-04:00,42.97936302926736,44.63126713528724,42.74053562382215,44.312828063964844,7882100,0.0,0.0
2025-03-17 00:00:00-04:00,44.342681539646875,45.218387032498725,44.203361133149926,44.53175354003906,5734100,0.0,0.0
2025-03-18 00:00:00-04:00,44.322785610805596,44.34268852915664,43.457025744956006,44.12376022338867,5205800,0.0,0.0
2025-03-19 00:00:00-04:00,44.153608660952315,45.20844046043497,43.93468417131869,44.681026458740234,3603100,0.0,0.0
2025-03-20 00:00:00-04:00,44.04414981065872,45.30795669142253,44.03420024924518,44.292930603027344,4910100,0.0,0.0
2025-03-21 00:00:00-04:00,43.67595275021832,43.89488104946743,42.9694162522151,43.44707489013672,7712800,0.0,0.0
2025-03-24 00:00:00-04:00,44.481999960120916,44.641219492217786,43.23809617933506,44.093902587890625,5619600,0.0,0.0
2025-03-25 00:00:00-04:00,43.874977428942856,44.06404945047918,42.332537390259425,43.17839050292969,8749500,0.0,0.0
2025-03-26 00:00:00-04:00,43.287853062010676,43.417220122573355,42.00414340497144,42.41214370727539,7243700,0.0,0.0
2025-03-27 00:00:00-04:00,41.994194973822005,42.70073145357403,41.655852972855875,41.70560836791992,4909700,0.0,0.0
2025-03-28 00:00:00-04:00,41.19809646120228,41.785219222133726,40.29253462275818,40.421897888183594,4640100,0.0,0.0
2025-03-31 00:00:00-04:00,39.5959480721747,40.31243410495545,38.909310720806005,40.232826232910156,8212200,0.0,0.0
2025-04-01 00:00:00-04:00,39.90443412839317,40.77019394419238,39.65565335752764,40.690582275390625,5292700,0.0,0.0
2025-04-02 00:00:00-04:00,40.123361772267565,42.02404667908143,40.0636530216324,41.57624053955078,5017500,0.0,0.0
2025-04-03 00:00:00-04:00,38.57096566764585,38.71028607585078,33.84413143505679,33.98345184326172,21307200,0.0,0.0
2025-04-04 00:00:00-04:00,32.550477187029976,32.93857460650478,29.61486504584053,30.391061782836914,22939100,0.0,0.0
2025-04-07 00:00:00-04:00,29.47554525891859,33.247060590844534,28.689397146816916,31.008033752441406,14472100,0.0,0.0
2025-04-08 00:00:00-04:00,32.49077112365428,34.61038061892374,30.570181315853677,31.396133422851562,17547200,0.0,0.0
2025-04-09 00:00:00-04:00,31.187157238663403,37.18774815006297,30.420912017438173,36.12296676635742,20134800,0.0,0.0
2025-04-10 00:00:00-04:00,35.625404468962515,35.943843541616346,33.54559714038977,34.6999397277832,15245500,0.0,0.0
2025-04-11 00:00:00-04:00,34.19242531090968,34.898961697272014,33.257007304538256,34.23223114013672,8654100,0.0,0.0
2025-04-14 00:00:00-04:00,36.28218763040479,36.44140717594544,35.10794205850746,35.64530944824219,9947400,0.0,0.0
2025-04-15 00:00:00-04:00,35.63535087694669,36.15281521813496,35.30695851200141,35.754764556884766,6199500,0.0,0.0
2025-04-16 00:00:00-04:00,35.61545432297288,36.0732100078725,34.829306214497585,35.44628143310547,7265300,0.0,0.0
2025-04-17 00:00:00-04:00,36.003554855689345,36.52101933463242,35.33682039001702,36.33194351196289,7393300,0.0,0.0
2025-04-21 00:00:00-04:00,35.913993073861604,36.10306509754738,35.33681984983125,35.78462600708008,6676600,0.0,0.0
2025-04-22 00:00:00-04:00,36.18267481829522,36.819552964907906,35.804526995208995,36.50111389160156,5086900,0.0,0.0
2025-04-23 00:00:00-04:00,38.1430685725461,38.90930998538415,37.28726213669839,37.51613998413086,5526000,0.0,0.0
2025-04-24 00:00:00-04:00,38.04355688135604,40.16317021545159,38.003751045013054,39.97409439086914,5943900,0.0,0.0
2025-04-25 00:00:00-04:00,40.00394634243889,40.86970231081147,39.70541019432004,40.58111572265625,4158500,0.0,0.0
2025-04-28 00:00:00-04:00,40.39204448084537,40.92941183530908,39.98404418492141,40.71048355102539,5916400,0.0,0.0
2025-04-29 00:00:00-04:00,40.51145911598986,41.04882648282743,40.39204541094592,40.421897888183594,6871700,0.0,0.0
2025-04-30 00:00:00-04:00,42.77038971336961,43.85507402724456,41.62600044392844,43.64609909057617,15906000,0.0,0.0
2025-05-01 00:00:00-04:00,44.48200675007266,44.92981293872952,43.64610312994441,43.73566436767578,9378300,0.0,0.0
2025-05-02 00:00:00-04:00,44.77058583796373,45.158683204036194,44.26307097764356,44.4720458984375,8263300,0.0,0.0
2025-05-05 00:00:00-04:00,43.735659534496634,45.387563673141216,43.735659534496634,44.81039047241211,7522000,0.0,0.0
2025-05-06 00:00:00-04:00,44.362587911201416,44.690976547582764,43.8948788574685,44.07400131225586,4952400,0.0,0.0
2025-05-07 00:00:00-04:00,44.19341418482217,44.442194945555485,43.3873631534527,44.08395004272461,7564600,0.0,0.0
2025-05-08 00:00:00-04:00,44.73078153906848,44.909903990483926,43.9545829842372,44.08395004272461,5320500,0.0,0.0
2025-05-09 00:00:00-04:00,44.44219612774504,45.00941597361794,43.66600134835966,43.884925842285156,4960100,0.0,0.0
2025-05-12 00:00:00-04:00,46.65136976187725,47.258395431248154,46.17371115223125,46.34288024902344,6957400,0.0,0.0
2025-05-13 00:00:00-04:00,46.82054049504855,49.62678729735542,46.45234601567883,48.77098083496094,8113500,0.0,0.0
2025-05-14 00:00:00-04:00,48.59186182816472,49.59693446888306,48.34308105811537,48.96005630493164,8649600,0.0,0.0
2025-05-15 00:00:00-04:00,48.93020059453001,49.527276727178744,48.57195947025277,49.50737380981445,8249400,0.0,0.0
2025-05-16 00:00:00-04:00,49.75615775218723,50.02484145958027,49.29840201192957,49.74620819091797,4955600,0.0,0.0
2025-05-19 00:00:00-04:00,48.82073692324146,50.552248859161246,48.78093109121977,50.47264099121094,5283200,0.0,0.0
2025-05-20 00:00:00-04:00,50.472644573865374,51.338400603278444,50.10444629566884,50.38308334350586,4930400,0.0,0.0
2025-05-21 00:00:00-04:00,49.88552398357829,51.01001039661796,49.08942623219381,49.2486457824707,7278800,0.0,0.0
2025-05-22 00:00:00-04:00,49.318302019998285,50.84083914261139,49.03966497168641,49.5969352722168,5802900,0.0,0.0
2025-05-23 00:00:00-04:00,48.97995879391773,50.144250965446496,48.76103050343817,49.93527603149414,5763200,0.0,0.0
2025-05-27 00:00:00-04:00,50.82093747508099,51.7364527201768,50.3731313115066,51.56727981567383,6374500,0.0,0.0
2025-05-28 00:00:00-04:00,51.517522812135375,52.53254881921644,51.38815574756112,52.09469223022461,6782100,0.0,0.0
2025-05-29 00:00:00-04:00,52.96045085976521,53.08981412533516,51.73644994244092,52.29371643066406,4570900,0.0,0.0
2025-05-30 00:00:00-04:00,51.77625406449891,52.15440190822601,51.0000592554584,51.2985954284668,7402800,0.0,0.0
2025-06-02 00:00:00-04:00,51.17918249294661,52.15440269744794,50.920448355288904,51.93547439575195,4214600,0.0,0.0
2025-06-03 00:00:00-04:00,52.08474417515958,53.657036728451956,51.626988451702985,53.50777053833008,5635300,0.0,0.0
2025-06-04 00:00:00-04:00,53.83677188727223,54.594472929329505,53.30837515798448,54.265472412109375,4739600,0.1,0.0
2025-06-05 00:00:00-04:00,54.7141140160993,55.441906971789024,54.05610916553281,54.88359832763672,10981500,0.0,0.0
2025-06-06 00:00:00-04:00,55.740995381341044,56.578456385696505,55.2524748774811,55.282386779785156,5952100,0.0,0.0
2025-06-09 00:00:00-04:00,56.359124266656146,57.286313438763926,55.91048753442106,56.8476448059082,6549900,0.0,0.0
2025-06-10 00:00:00-04:00,57.02710158325112,57.216525898661814,55.4020275403773,55.780879974365234,7168100,0.0,0.0
2025-06-11 00:00:00-04:00,56.23948911560219,56.66818965713832,55.01320749789413,55.50172424316406,4411400,0.0,0.0
2025-06-12 00:00:00-04:00,55.11290432128712,55.88057730415936,54.96336000711717,55.611392974853516,3608800,0.0,0.0
2025-06-13 00:00:00-04:00,54.684202314099835,56.0999120300549,54.434957993975104,55.53163528442383,10554500,0.0,0.0
2025-06-16 00:00:00-04:00,56.31924442907305,57.51561404199794,56.09990822522591,57.2364616394043,5552500,0.0,0.0
2025-06-17 00:00:00-04:00,57.90444285220172,60.40685417772323,57.70504663348755,58.39295959472656,9616500,0.0,0.0
2025-06-18 00:00:00-04:00,58.512593073621375,59.74884652941403,58.35307686672875,59.01108169555664,6647400,0.0,0.0
2025-06-20 00:00:00-04:00,59.698999358470694,59.75881556000889,58.791750204532526,59.110782623291016,9426300,0.0,0.0
2025-06-23 00:00:00-04:00,58.82165721995254,60.327091180493724,58.4826848058804,60.197486877441406,4627000,0.0,0.0
2025-06-24 00:00:00-04:00,60.60625169711756,62.13162576715913,60.386915471508104,61.882381439208984,6021000,0.0,0.0
2025-06-25 00:00:00-04:00,62.340987579973905,62.69990000627865,61.94219895320923,62.36092758178711,4530300,0.0,0.0
2025-06-26 00:00:00-04:00,62.46062267544817,63.56726416524416,62.34098267398414,63.31801986694336,5930300,0.0,0.0
2025-06-27 00:00:00-04:00,63.31802243821754,63.46757054453747,62.460625211904414,63.098690032958984,6642300,0.0,0.0
2025-06-30 00:00:00-04:00,63.40775312199007,64.14551417517298,62.91923638737343,63.79657745361328,6074400,0.0,0.0
2025-07-01 00:00:00-04:00,63.487509858474496,64.01590656959786,62.74974504013593,63.64702606201172,5360800,0.0,0.0
2025-07-02 00:00:00-04:00,63.44763081819715,65.73070960599088,62.81953409336677,65.58116149902344,7125000,0.0,0.0
2025-07-03 00:00:00-04:00,65.73071616034689,66.62799728529149,65.57119613531965,65.88026428222656,5162100,0.0,0.0
2025-07-07 00:00:00-04:00,65.60110629834969,65.93010301106897,64.76364145042918,65.02285766601562,6232200,0.0,0.0
2025-07-08 00:00:00-04:00,65.73071108392575,65.80049918790203,63.47754034559713,63.826480865478516,8355200,0.0,0.0
2025-07-09 00:00:00-04:00,64.14551436998207,64.9231630355902,63.96606576214903,64.44461059570312,8534200,0.0,0.0
2025-07-10 00:00:00-04:00,64.76363845632457,65.41167516216473,64.38478985593042,64.86333465576172,3916700,0.0,0.0
2025-07-11 00:00:00-04:00,64.55427341263258,66.42858780200929,64.03584861772664,65.94007110595703,5339200,0.0,0.0
2025-07-14 00:00:00-04:00,65.84038245315902,67.14642029499433,65.0427975627711,66.72769165039062,5100300,0.0,0.0
2025-07-15 00:00:00-04:00,67.7446029596188,67.85427106864401,66.96696190022769,67.32587432861328,6334700,0.0,0.0
2025-07-16 00:00:00-04:00,67.32587282400866,67.3956609276166,65.60110643212651,66.32889556884766,4780100,0.0,0.0
2025-07-17 00:00:00-04:00,66.3089603986223,67.47542197972628,66.14944038428351,66.81741333007812,6211300,0.0,0.0
2025-07-18 00:00:00-04:00,67.65488026827155,68.31288133177355,67.06665970526741,67.7944564819336,4275300,0.0,0.0
2025-07-21 00:00:00-04:00,67.98388597021673,68.5621270357297,67.49536160624314,68.53221893310547,4128000,0.0,0.0
2025-07-22 00:00:00-04:00,68.32284995472345,68.56212236575308,65.84037872366744,66.85729217529297,5096700,0.0,0.0
2025-07-23 00:00:00-04:00,67.40562829515243,69.38961076967497,67.37572019652295,69.11045837402344,7210600,0.0,0.0
2025-07-24 00:00:00-04:00,68.99082707034128,69.4095633229379,68.13342597199254,68.81137084960938,8054300,0.0,0.0
2025-07-25 00:00:00-04:00,69.0406694843618,69.5092499744096,66.30895415006043,68.61196899414062,7880400,0.0,0.0
2025-07-28 00:00:00-04:00,69.19022030320195,69.40955650770832,68.46242358882468,68.78145599365234,4508800,0.0,0.0
2025-07-29 00:00:00-04:00,69.24007097048066,71.0944493711285,69.20019857174978,70.39656829833984,8861400,0.0,0.0
2025-07-30 00:00:00-04:00,69.24006263242283,71.5929294035341,69.09052213935702,71.21408081054688,13984000,0.0,0.0
2025-07-31 00:00:00-04:00,74.02555946467616,78.5618089121153,73.02858223282867,78.45214080810547,24012700,0.0,0.0
2025-08-01 00:00:00-04:00,75.48114630395135,76.78718406083614,74.26483284807418,76.31861114501953,8789800,0.0,0.0
2025-08-04 00:00:00-04:00,77.53492609982298,77.78417044033543,75.82013142641766,77.05638122558594,5097400,0.0,0.0
2025-08-05 00:00:00-04:00,77.70440652637589,77.97358702748456,73.98567816978122,75.61074829101562,5898200,0.0,0.0
2025-08-06 00:00:00-04:00,75.70047881144818,76.22887550841911,73.28779582217258,73.55697631835938,7647000,0.0,0.0
2025-08-07 00:00:00-04:00,73.4871995258994,74.38448066180176,73.21801898829547,74.21499633789062,6938300,0.0,0.0
2025-08-08 00:00:00-04:00,74.70351293768378,75.57088596811766,74.26484047084364,74.74339294433594,4983600,0.0,0.0
2025-08-11 00:00:00-04:00,75.0923277834283,76.43824557865626,74.14520241805789,74.41438293457031,7304300,0.0,0.0
2025-08-12 00:00:00-04:00,74.67360043041703,75.70048582056562,74.39444800664845,75.68054962158203,7694700,0.0,0.0
2025-08-13 00:00:00-04:00,76.04941402755428,76.94669496308533,75.44125737160167,75.84004974365234,5298600,0.0,0.0
2025-08-14 00:00:00-04:00,75.05244711320103,76.37842869800872,74.49414228015901,76.0095443725586,6621400,0.0,0.0
2025-08-15 00:00:00-04:00,76.26875661193885,76.34851661430774,74.31468219189614,74.8331069946289,4258400,0.0,0.0
2025-08-18 00:00:00-04:00,74.56392897084054,76.18899913983006,74.40440896080506,76.05939483642578,5191900,0.0,0.0
2025-08-19 00:00:00-04:00,75.67056389594102,76.22886864149086,74.88295106913651,75.63068389892578,3770800,0.0,0.0
2025-08-20 00:00:00-04:00,75.45123406531285,75.45123406531285,72.9189110892193,75.4113540649414,5478100,0.0,0.0
2025-08-21 00:00:00-04:00,75.52101999767828,75.77026428809967,74.19503854711684,74.43431854248047,5490400,0.0,0.0
2025-08-22 00:00:00-04:00,74.55395273423404,77.11618379738788,74.344588437984,76.73733520507812,6521300,0.0,0.0
2025-08-25 00:00:00-04:00,76.73733864600169,79.59865842938699,76.46815053422952,78.98053741455078,5401400,0.0,0.0
2025-08-26 00:00:00-04:00,78.86089087766088,80.05726801894063,78.86089087766088,79.46904754638672,8724600,0.0,0.0
2025-08-27 00:00:00-04:00,80.00742645961472,80.55576700436333,79.30954540841918,80.42615509033203,5536600,0.0,0.0
2025-08-28 00:00:00-04:00,80.65546913460818,81.91166272535574,80.45606910081216,81.79202270507812,4557500,0.0,0.0
2025-08-29 00:00:00-04:00,81.32343813695704,82.07117111269453,79.55879166100313,80.09715270996094,5004400,0.0,0.0
2025-09-02 00:00:00-04:00,78.282647181692,81.69231502067325,77.66452617955049,81.66240692138672,5777800,0.0,0.0
2025-09-03 00:00:00-04:00,83.84579280161212,86.01920370781404,83.08808789317777,85.74005126953125,12194800,0.0,0.0
2025-09-04 00:00:00-04:00,86.22912396811833,90.7307275802153,85.75999798349618,90.32148742675781,13542500,0.1,0.0
2025-09-05 00:00:00-04:00,92.31777321042979,92.92663794505337,91.25974946215376,91.86861419677734,20310400,0.0,0.0
2025-09-08 00:00:00-04:00,92.36767622530975,93.3258876337158,91.47933416079204,93.11627960205078,8499400,0.0,0.0
2025-09-09 00:00:00-04:00,92.82681944393222,95.19240887445473,92.52737504481232,94.36395263671875,7195000,0.0,0.0
2025-09-10 00:00:00-04:00,95.71143840127289,96.0008992933313,93.74510560655067,94.84305572509766,8398400,0.0,0.0
2025-09-11 00:00:00-04:00,96.68961535866872,97.59791683370112,94.23419718465891,95.97095489501953,6985100,0.0,0.0
2025-09-12 00:00:00-04:00,96.03083739692373,98.67590410573682,95.8012699660593,97.47814178466797,6753100,0.0,0.0
2025-09-15 00:00:00-04:00,100.26294333758902,103.58674418422456,99.81378435407066,102.19933319091797,12523300,0.0,0.0
2025-09-16 00:00:00-04:00,102.33907835122145,103.78638288498837,101.25111168825434,102.89803314208984,8734900,0.0,0.0
2025-09-17 00:00:00-04:00,102.03963578907744,102.20931739598714,99.53430765251728,100.75203704833984,8787600,0.0,0.0
2025-09-18 00:00:00-04:00,102.26919994719987,105.91240450696121,101.81005746461328,104.95419311523438,10389100,0.0,0.0
2025-09-19 00:00:00-04:00,105.6828312549094,106.98041348681065,105.12387650402879,106.43143463134766,11030700,0.0,0.0
2025-09-22 00:00:00-04:00,107.01035473296095,112.61989202097179,107.01035473296095,112.20067596435547,9686300,0.0,0.0
2025-09-23 00:00:00-04:00,112.2705514325455,113.5481666929987,109.19628495258773,110.0447006225586,7375500,0.0,0.0
2025-09-24 00:00:00-04:00,110.63360077970482,112.59993365400766,108.70720195026762,109.48574829101562,8412700,0.0,0.0
2025-09-25 00:00:00-04:00,106.42145543911411,108.49757628457797,106.09206813604037,107.0103530883789,8499400,0.0,0.0
2025-09-26 00:00:00-04:00,107.26987452179442,107.85877219012025,105.2236889106139,106.68096923828125,5520000,0.0,0.0
2025-09-29 00:00:00-04:00,111.81140153169868,117.92000807498889,111.62176051356447,116.52261352539062,14023900,0.0,0.0
2025-09-30 00:00:00-04:00,117.59061565722246,122.3617132800599,117.23128542816306,119.83642578125,13861700,0.0,0.0
2025-10-01 00:00:00-04:00,117.9599303681969,130.87582885396532,117.2911798422913,130.34681701660156,18540400,0.0,0.0
2025-10-02 00:00:00-04:00,135.75670276972753,137.14411356019792,128.19081719415857,131.0155487060547,15306200,0.0,0.0
2025-10-03 00:00:00-04:00,131.49468264873934,135.96633584364545,129.68804039059663,131.0654754638672,8465900,0.0,0.0
2025-10-06 00:00:00-04:00,134.74860815921366,135.9463705189984,124.70734394361666,125.04670715332031,13060300,0.0,0.0
2025-10-07 00:00:00-04:00,127.23262486306413,127.40230645912357,117.59061019022386,119.7066650390625,13674300,0.0,0.0
2025-10-08 00:00:00-04:00,120.54510552684644,123.07040069946011,119.18764504856425,120.954345703125,7191700,0.0,0.0
2025-10-09 00:00:00-04:00,119.55694941256623,120.61497308748498,117.78026527348098,119.47709655761719,6234300,0.0,0.0
2025-10-10 00:00:00-04:00,119.77654374276605,121.72290953251097,114.81579733765648,115.20507049560547,7046200,0.0,0.0
2025-10-13 00:00:00-04:00,122.02235091324867,122.33177120672087,115.7939729252666,118.63866424560547,8388900,0.0,0.0
2025-10-14 00:00:00-04:00,115.8937807824325,117.06160018295628,112.31046211388092,112.91932678222656,7844200,0.0,0.0
2025-10-15 00:00:00-04:00,116.48268760390067,120.41535328978306,113.2886494324957,120.21572875976562,9943300,0.0,0.0
2025-10-16 00:00:00-04:00,123.04044206067188,130.15716176410564,122.17206705682298,125.68550872802734,13878600,0.0,0.0
2025-10-17 00:00:00-04:00,124.6374787563312,128.879557095041,123.22011719125112,125.96499633789062,6868400,0.0,0.0
2025-10-20 00:00:00-04:00,128.6998929509981,131.75419224341744,119.62681620706542,121.3036880493164,10172200,0.0,0.0
2025-10-21 00:00:00-04:00,121.24380764898952,121.76283598797431,119.37728710044908,121.18392181396484,4594400,0.0,0.0
2025-10-22 00:00:00-04:00,120.94436761781756,124.88701689527043,117.0117094668136,120.24567413330078,9033800,0.0,0.0
2025-10-23 00:00:00-04:00,121.7229092446537,126.48403111167431,121.49334180086133,125.48589324951172,7263500,0.0,0.0
2025-10-24 00:00:00-04:00,129.15903718419716,133.29132744951133,128.78973103772992,129.18898010253906,6546400,0.0,0.0
2025-10-27 00:00:00-04:00,132.75232661301737,132.8521464845753,122.99054020531715,126.43411254882812,7249300,0.0,0.0
2025-10-28 00:00:00-04:00,126.46406981574302,126.58384910609321,121.62310248811116,124.68738555908203,7031900,0.0,0.0
2025-10-29 00:00:00-04:00,131.1852462521067,145.40871017410538,131.00558875525067,141.11672973632812,18267300,0.0,0.0
2025-10-30 00:00:00-04:00,137.50345089281555,141.73556043377246,134.75857208159812,137.87277221679688,13870700,0.0,0.0
2025-10-31 00:00:00-04:00,155.21044054227872,157.35643089492532,139.88901797216084,149.9302978515625,20139900,0.0,0.0
2025-11-03 00:00:00-05:00,151.78683637941273,159.911678202106,147.7743177934983,157.7257537841797,13275400,0.0,0.0
2025-11-04 00:00:00-05:00,151.05817433010066,154.89101991139,149.7406403248213,151.8966064453125,8870900,0.0,0.0
2025-11-05 00:00:00-05:00,152.91471940695104,165.08202254030186,152.69512785601668,159.8018798828125,9749000,0.0,0.0
2025-11-06 00:00:00-05:00,159.69208599915976,167.18809604642553,159.50243736379926,163.2953643798828,8419200,0.0,0.0
2025-11-07 00:00:00-05:00,159.4625167434804,162.93604784798416,152.52546089199947,162.6565704345703,9652800,0.0,0.0
2025-11-10 00:00:00-05:00,169.65349808145353,175.90183577885918,169.00471454625205,173.8955841064453,11230700,0.0,0.0
2025-11-11 00:00:00-05:00,171.23055455357493,178.1176997607647,169.32410756759808,169.6734619140625,9244000,0.0,0.0
2025-11-12 00:00:00-05:00,169.4139284851223,175.2929596551762,164.72268376166178,165.80067443847656,9868300,0.0,0.0
2025-11-13 00:00:00-05:00,162.14749811367437,164.5729811200698,154.49178228114536,156.8673553466797,10238600,0.0,0.0
2025-11-14 00:00:00-05:00,150.29960271697246,161.37892396705607,149.80053378056215,157.53610229492188,9677800,0.0,0.0
2025-11-17 00:00:00-05:00,155.22039769946005,167.17809903974276,155.22039769946005,162.14747619628906,8774200,0.0,0.0
2025-11-18 00:00:00-05:00,158.06510591492332,161.01960056592748,150.46927648923676,152.57534790039062,9321300,0.0,0.0
2025-11-19 00:00:00-05:00,152.57535493282262,156.34831485100938,149.80053288146573,153.68328857421875,6499100,0.0,0.0
2025-11-20 00:00:00-05:00,162.3770646579581,163.47502242926612,137.3737226941648,139.9688720703125,11373600,0.0,0.0
2025-11-21 00:00:00-05:00,140.27829367631688,141.2265368650204,132.1833947031983,138.93081665039062,11191100,0.0,0.0
2025-11-24 00:00:00-05:00,142.28455606655314,152.41564933012282,142.28455606655314,150.64894104003906,10818400,0.0,0.0
2025-11-25 00:00:00-05:00,149.72069082322446,155.7194943526062,147.42497051785975,155.12062072753906,5467700,0.0,0.0
2025-11-26 00:00:00-05:00,156.6876792716645,161.0096180958162,156.06883866320584,157.44627380371094,4853800,0.0,0.0
2025-11-28 00:00:00-05:00,159.70204769340793,163.3652115847306,156.49801866019433,163.02584838867188,3232100,0.0,0.0
2025-12-01 00:00:00-05:00,159.901696535283,164.9422962285859,156.9372256055131,163.2354736328125,7882200,0.0,0.0
2025-12-02 00:00:00-05:00,166.6890183741603,169.40395450263648,155.97900367366677,159.69207763671875,7657400,0.0,0.0
2025-12-03 00:00:00-05:00,159.22293642737293,159.25287934112012,151.138014647415,155.3002471923828,6756400,0.0,0.0
2025-12-04 00:00:00-05:00,154.74586327206228,161.358843938569,152.847867338895,160.82940673828125,6303300,0.125,0.0
2025-12-05 00:00:00-05:00,161.82834553401017,169.29043157526587,161.82834553401017,168.71104431152344,5815300,0.0,0.0
2025-12-08 00:00:00-05:00,170.74887300405396,172.81668692124583,166.57330950357078,169.60009765625,4272200,0.0,0.0
2025-12-09 00:00:00-05:00,169.5201704142322,171.6679012624848,166.70316661873875,169.36033630371094,3709900,0.0,0.0
2025-12-10 00:00:00-05:00,169.53016721462413,182.2766401203071,168.72101275734795,181.75718688964844,7966000,0.0,0.0
2025-12-11 00:00:00-05:00,176.63265651208292,188.56999176175856,173.26621685296357,187.00164794921875,7468900,0.0,0.0
2025-12-12 00:00:00-05:00,184.14465998644647,185.62310267532473,169.83984213745566,176.15313720703125,9677900,0.0,0.0
2025-12-15 00:00:00-05:00,178.1010897309434,180.78824203468747,171.6379589117533,171.8577117919922,5781900,0.0,0.0
2025-12-16 00:00:00-05:00,171.8976534527315,177.19204023908188,170.55907707158525,174.39500427246094,5857000,0.0,0.0
2025-12-17 00:00:00-05:00,179.7093622454148,181.4774909267234,165.2946603613069,166.0838165283203,6693100,0.0,0.0
2025-12-18 00:00:00-05:00,174.61478549459508,181.29769922954836,174.24516718049932,174.82455444335938,9147100,0.0,0.0
2025-12-19 00:00:00-05:00,176.6426409212588,185.0737007255575,175.493850262617,180.8881378173828,36269600,0.0,0.0
2025-12-22 00:00:00-05:00,186.27242658829545,186.98166577062284,171.6679221137967,176.5727081298828,8685200,0.0,0.0
2025-12-23 00:00:00-05:00,175.3340236786544,178.21096167228018,174.31510020038021,178.06112670898438,3721100,0.0,0.0
2025-12-24 00:00:00-05:00,179.02011572347735,182.35657299999448,177.59162302585133,179.36973571777344,3067000,0.0,0.0
2025-12-26 00:00:00-05:00,182.1168140753702,182.32659825712707,178.00118468150154,181.34762573242188,3351600,0.0,0.0
2025-12-29 00:00:00-05:00,178.81033659014966,184.57422712693926,176.51277055750614,179.48960876464844,3906300,0.0,0.0
2025-12-30 00:00:00-05:00,180.07898937557735,181.26773088511337,175.0742882385433,175.87344360351562,6008000,0.0,0.0
2025-12-31 00:00:00-05:00,176.58271074232135,176.81246278195698,171.0785390100457,172.0874786376953,3552200,0.0,0.0
2026-01-02 00:00:00-05:00,177.0122250704575,187.5710317730191,176.51275490082153,187.5010986328125,6808300,0.0,0.0
2026-01-05 00:00:00-05:00,192.96532705349506,195.65247933283956,182.60631934888698,187.68093872070312,9826700,0.0,0.0
2026-01-06 00:00:00-05:00,189.41907607003375,220.99558310709818,188.1604166380963,219.14755249023438,17178400,0.0,0.0
2026-01-07 00:00:00-05:00,211.76536561323041,212.6244549049875,194.91323191543273,199.66819763183594,14305000,0.0,0.0
2026-01-08 00:00:00-05:00,200.29754819891238,200.68713437259805,180.50853992243222,187.48114013671875,11902300,0.0,0.0
2026-01-09 00:00:00-05:00,187.65095069796328,200.70709313610195,185.80290495485886,200.24758911132812,9887700,0.0,0.0
2026-01-12 00:00:00-05:00,193.29495924815757,213.20383326408117,193.29495924815757,211.9152069091797,7465400,0.0,0.0
2026-01-13 00:00:00-05:00,209.03825629557915,217.76900061491494,208.25908402655008,213.7732391357422,6485600,0.0,0.0
2026-01-14 00:00:00-05:00,213.77324587799782,218.2884607598034,209.91733531927864,214.77218627929688,5611900,0.0,0.0
2026-01-15 00:00:00-05:00,223.66275033270014,230.23578001937491,220.76582925848334,221.8646697998047,7536200,0.0,0.0
2026-01-16 00:00:00-05:00,228.54756874868733,229.7463094298094,216.60025003053576,221.27528381347656,8972800,0.0,0.0
2026-01-20 00:00:00-05:00,220.56605048086365,230.026017593318,219.76689508657003,222.73374938964844,7125400,0.0,0.0
2026-01-21 00:00:00-05:00,227.7683952060704,244.64049795898896,225.86043062571324,241.6436767578125,9447100,0.0,0.0
2026-01-22 00:00:00-05:00,246.44858552571677,247.67727791356242,228.10803971267129,243.03219604492188,8926900,0.0,0.0
2026-01-23 00:00:00-05:00,240.49489168802975,242.99224258821698,231.9539485608654,236.13951110839844,6115700,0.0,0.0
2026-01-26 00:00:00-05:00,235.84983592845222,250.17463769073285,234.07172322537184,240.5948028564453,7128300,0.0,0.0
2026-01-27 00:00:00-05:00,243.8313615588829,256.2282157326773,243.4417754078246,252.3922882080078,7483000,0.0,0.0
2026-01-28 00:00:00-05:00,263.1708736964524,283.69908774594364,260.5236571162622,279.4036560058594,16090500,0.0,0.0
2026-01-29 00:00:00-05:00,284.69800357099837,285.11757193713515,268.0656526173197,278.114990234375,15770500,0.0,0.0
2026-01-30 00:00:00-05:00,277.9451579404824,283.39939429331616,237.32825420533106,249.96484375,21695100,0.0,0.0
2026-02-02 00:00:00-05:00,243.50169675041283,275.40786954127935,241.11422989889252,269.94366455078125,16019300,0.0,0.0
2026-02-03 00:00:00-05:00,279.2138531501734,296.1858415319185,271.41213072435784,289.9324645996094,15378400,0.0,0.0
2026-02-04 00:00:00-05:00,285.06762280519456,294.6774247688806,254.06051887216393,269.1245422363281,14795800,0.0,0.0
2026-02-05 00:00:00-05:00,255.7986770461032,269.5940416122684,254.6399025170717,259.914306640625,10663900,0.0,0.0
2026-02-06 00:00:00-05:00,270.20336303340554,283.6291236528595,261.7223692951117,282.2805480957031,9913300,0.0,0.0
2026-02-09 00:00:00-05:00,279.49353859353283,295.11695034799067,271.24228126587525,285.68695068359375,8044900,0.0,0.0
2026-02-10 00:00:00-05:00,279.73325746309484,283.519249823576,260.4736892528052,262.2817687988281,9560700,0.0,0.0
2026-02-11 00:00:00-05:00,274.7884970601757,279.4935280408523,266.05776818836233,273.4499206542969,9362700,0.0,0.0
2026-02-12 00:00:00-05:00,284.6980209979409,307.1741805504099,282.70014014883253,283.7989807128906,16651700,0.0,0.0
2026-02-13 00:00:00-05:00,272.800622217683,289.3530714791547,266.1776426812972,281.2816162109375,9901700,0.0,0.0
2026-02-17 00:00:00-05:00,277.0660820514518,288.03445811697463,271.7117763850154,283.8089294433594,5524200,0.0,0.0
2026-02-18 00:00:00-05:00,288.6937711869029,309.5716191307068,284.4882407030581,296.2457580566406,12173000,0.0,0.0
2026-02-19 00:00:00-05:00,294.7174172468169,299.20265037840886,281.3815553502759,284.368408203125,10399800,0.0,0.0
2026-02-20 00:00:00-05:00,277.74541315512573,297.1847859093265,277.74541315512573,285.21746826171875,10510500,0.0,0.0
2026-02-23 00:00:00-05:00,283.3194854346466,294.50763066413487,277.8852469500658,280.1228942871094,8617300,0.0,0.0
2026-02-24 00:00:00-05:00,281.64127324771965,283.69908813835445,267.5662059486622,270.2833251953125,8679700,0.0,0.0
2026-02-25 00:00:00-05:00,280.2027841847732,297.2447050906677,279.84318027114205,290.6417236328125,10801200,0.0,0.0
2026-02-26 00:00:00-05:00,285.8467891950381,289.6927158298273,270.2733120264154,281.950927734375,10841400,0.0,0.0
2026-02-27 00:00:00-05:00,275.50776386340715,287.5250162552076,273.80958338987665,279.4036560058594,9899000,0.0,0.0
2026-03-02 00:00:00-05:00,270.21339164456964,283.61918589308635,261.2229275972457,269.7938232421875,7408700,0.0,0.0
2026-03-03 00:00:00-05:00,254.30026255792595,256.76764654218,243.9812064936527,250.34445190429688,9983000,0.0,0.0
2026-03-04 00:00:00-05:00,256.727670486756,272.47098019094835,253.83074956274726,261.0231018066406,9724800,0.0,0.0
2026-03-05 00:00:00-05:00,256.9005044711621,269.4531979634415,251.523643494322,258.8793640136719,6296300,0.125,0.0
2026-03-06 00:00:00-05:00,249.83463667407366,259.0093065924548,244.05799886431817,245.10739135742188,6352700,0.0,0.0
2026-03-09 00:00:00-04:00,239.05089803297608,262.00754071695593,237.86158765471606,261.9075927734375,10377400,0.0,0.0
2026-03-10 00:00:00-04:00,268.29393048178804,280.5867668378862,265.4955401528718,266.0652160644531,9668000,0.0,0.0
2026-03-11 00:00:00-04:00,269.64310108577746,272.84125250926223,263.60663526120277,268.6536865234375,5672200,0.0,0.0
2026-03-12 00:00:00-04:00,265.5055434219856,268.64370190089824,257.1503882395903,261.02813720703125,5426400,0.0,0.0
2026-03-13 00:00:00-04:00,265.8253547893796,278.27810128313416,265.1857122825597,272.1316833496094,8201200,0.0,0.0
2026-03-16 00:00:00-04:00,282.62555453442576,289.70142380356583,278.60787280972556,286.0435485839844,8565000,0.0,0.0
2026-03-17 00:00:00-04:00,288.1523638612791,314.73690341018835,284.5544509787488,313.6275329589844,14247500,0.0,0.0
2026-03-18 00:00:00-04:00,309.3700075569205,319.43415992275874,300.42522961445695,304.72271728515625,12453900,0.0,0.0
2026-03-19 00:00:00-04:00,291.90016781914113,319.01439653019173,288.8619270474714,316.7456970214844,9092000,0.0,0.0
2026-03-20 00:00:00-04:00,309.3399999505801,312.8079833298164,291.01066850954635,292.9295654296875,12877100,0.0,0.0
2026-03-23 00:00:00-04:00,298.43634683958715,316.74570127553284,282.9953491492037,294.61859130859375,8990500,0.0,0.0
2026-03-24 00:00:00-04:00,294.3487371251925,301.1747828264426,280.03708682664166,300.87493896484375,7194700,0.0,0.0
2026-03-25 00:00:00-04:00,291.83019679890054,300.54512718357336,280.5867388742854,295.9678039550781,7642100,0.0,0.0
2026-03-26 00:00:00-04:00,286.62325849616167,291.64032870726766,272.671353383491,273.1910705566406,9726800,0.0,0.0
2026-03-27 00:00:00-04:00,274.74015451910094,282.3357416329088,269.8430097022491,275.1799011230469,6956000,0.0,0.0
2026-03-30 00:00:00-04:00,282.265758577947,286.70317914131533,248.91516823781907,251.52365112304688,9063600,0.0,0.0
2026-03-31 00:00:00-04:00,258.8493937326196,270.9323598418573,254.35201044382887,270.33270263671875,8781900,0.0,0.0
2026-04-01 00:00:00-04:00,280.33689281189237,304.77268764730053,280.33689281189237,297.556884765625,12920000,0.0,0.0
2026-04-02 00:00:00-04:00,278.0082441256557,297.9766052704673,277.8383295689435,294.7984619140625,7860400,0.0,0.0
2026-04-06 00:00:00-04:00,303.0037073220662,311.40882095018213,298.96607835789536,303.97314453125,8532200,0.0,0.0
2026-04-07 00:00:00-04:00,297.6568063120224,312.018476156937,295.5580518063484,311.7785949707031,5891600,0.0,0.0
2026-04-08 00:00:00-04:00,334.80520699535174,347.79764786382805,331.46715277066164,338.5830078125,9163500,0.0,0.0
2026-04-09 00:00:00-04:00,343.68004380460707,344.8993356128522,329.3084006795011,337.68353271484375,6391800,0.0,0.0
2026-04-10 00:00:00-04:00,343.75003334444034,349.54664891784023,329.8081319310573,343.2303161621094,6122600,0.0,0.0
2026-04-13 00:00:00-04:00,341.35138111888233,351.66538749915594,339.30258536594295,349.9563903808594,5429400,0.0,0.0
2026-04-14 00:00:00-04:00,358.54139203804704,366.08698962177186,341.301422664789,366.0070495605469,7301100,0.0,0.0
2026-04-15 00:00:00-04:00,361.78952502943065,365.2774861047121,351.405551370019,364.78778076171875,6438800,0.0,0.0
2026-04-16 00:00:00-04:00,362.2992363596919,368.1857958898983,352.90467738136425,361.4797058105469,5887400,0.0,0.0
2026-04-17 00:00:00-04:00,370.1346541405769,378.75964082854387,365.9670655017243,372.3033752441406,5627500,0.0,0.0
2026-04-20 00:00:00-04:00,375.77136779335444,380.42866185839415,366.1869476369134,373.8924560546875,5410700,0.0,0.0
2026-04-21 00:00:00-04:00,376.78078477907457,389.4833857206652,369.2851458245837,383.5868225097656,6125700,0.0,0.0
2026-04-22 00:00:00-04:00,398.33824329965836,401.76624147286253,381.5380205676081,388.8737487792969,7001900,0.0,0.0
2026-04-23 00:00:00-04:00,386.77496790930365,416.1278850125248,385.58565742845894,402.8855895996094,6774800,0.0,0.0
2026-04-24 00:00:00-04:00,409.87153908325416,414.25900128808354,399.81739061139984,403.7651062011719,5603000,0.0,0.0
2026-04-27 00:00:00-04:00,411.49058204771035,413.7592510190105,396.049554320619,400.4969787597656,5788200,0.0,0.0
2026-04-28 00:00:00-04:00,383.9565966500807,396.0995254718592,373.80250090739054,390.76263427734375,7285500,0.0,0.0
2026-04-29 00:00:00-04:00,424.10327712054163,441.7330048703908,409.811573241298,412.52001953125,10458100,0.0,0.0
2026-04-30 00:00:00-04:00,426.8816468173016,438.6048067976186,421.7546248157529,434.267333984375,11700600,0.0,0.0
2026-05-01 00:00:00-04:00,405.98379685377023,446.36029940331514,403.7650864951156,431.2690734863281,15485300,0.0,0.0
2026-05-04 00:00:00-04:00,430.479541159201,453.566084091866,428.2608308708866,442.1027526855469,10175700,0.0,0.0
2026-05-05 00:00:00-04:00,455.5349502549064,479.83081209152607,454.92531959623585,464.9894714355469,9794500,0.0,0.0
2026-05-06 00:00:00-04:00,471.72553873805975,483.5886316225373,448.7289089646329,482.8690490722656,8338900,0.0,0.0
2026-05-07 00:00:00-04:00,471.7455285126976,475.29348263141645,450.01817920190587,463.6402587890625,7162900,0.0,0.0
2026-05-08 00:00:00-04:00,474.7837563363603,483.378761647956,469.04710383180065,479.72088623046875,7929800,0.0,0.0
2026-05-11 00:00:00-04:00,488.74565475675547,524.8446785850697,487.716254865046,515.5300903320312,10022600,0.0,0.0
2026-05-12 00:00:00-04:00,497.56052936336073,508.3042787358253,466.5285652015978,488.455810546875,7773000,0.0,0.0
2026-05-13 00:00:00-04:00,503.0273168942298,503.3671155175991,475.09355816604307,493.80267333984375,5772800,0.0,0.0
2026-05-14 00:00:00-04:00,484.47813856165925,507.67463420828847,480.06069521908313,488.8655700683594,5540900,0.0,0.0
2026-05-15 00:00:00-04:00,470.47624976171,486.12714682852646,464.72959349802477,481.73968505859375,7014400,0.0,0.0
2026-05-18 00:00:00-04:00,485.0578021335694,486.7168406095904,441.4132105288342,458.4132995605469,8996700,0.0,0.0
2026-05-19 00:00:00-04:00,441.4431660986507,463.96006380856034,433.74763140603017,455.5349426269531,5891600,0.0,0.0
2026-05-20 00:00:00-04:00,469.10708757024787,469.37691960093093,455.9147504065075,459.3527526855469,5311700,0.0,0.0
2026-05-21 00:00:00-04:00,458.66313342607657,487.00665847379076,458.6031707549465,486.1771240234375,5046800,0.0,0.0
2026-05-22 00:00:00-04:00,488.1459631800509,489.7050535762538,478.2717036708779,483.9983825683594,4492800,0.0,0.0
2026-05-26 00:00:00-04:00,504.5363983400997,535.8082099107183,500.20892990886546,524.3449096679688,7552500,0.0,0.0
2026-05-27 00:00:00-04:00,538.6565710123378,546.3621097695395,521.3966546335174,530.2914428710938,6263200,0.0,0.0
2026-05-28 00:00:00-04:00,540.1956851229562,553.1781212436887,527.1232745003815,530.87109375,6002800,0.0,0.0
2026-05-29 00:00:00-04:00,541.9846400458416,543.9435222646213,518.3783799690653,530.901123046875,8383500,0.0,0.0
2026-06-01 00:00:00-04:00,535.6883045714571,563.8119552013777,533.9593301232362,545.8823852539062,6240900,0.0,0.0
2026-06-02 00:00:00-04:00,558.6749306024499,570.8478403750446,540.6853979533548,562.7725219726562,5029100,0.0,0.0
2026-06-03 00:00:00-04:00,570.917833482537,602.1896172288605,570.917833482537,593.7645263671875,7846100,0.0,0.0
2026-06-04 00:00:00-04:00,565.6808724746458,593.6545864075397,564.2317034560414,575.1653442382812,6488200,0.0,0.0
2026-06-05 00:00:00-04:00,545.0750248642642,553.9821387263371,511.16589664323067,511.5557861328125,9009200,0.15,0.0
2026-06-08 00:00:00-04:00,540.0366936446934,540.0366936446934,518.8834487380567,526.7609252929688,6226300,0.0,0.0
2026-06-09 00:00:00-04:00,535.3281566466926,545.2349496548721,480.7156826756079,517.5538330078125,7278700,0.0,0.0
2026-06-10 00:00:00-04:00,502.5386775994028,515.0546179881911,484.34450643425924,489.9327087402344,5978300,0.0,0.0
2026-06-11 00:00:00-04:00,497.61024363421467,529.5499718691381,488.84306910364495,529.1201171875,6334600,0.0,0.0
2026-06-12 00:00:00-04:00,541.8160465562195,572.1063100158615,531.7892972645974,562.7493286132812,6285300,0.0,0.0
2026-06-15 00:00:00-04:00,618.5814637223841,658.5885798743917,611.8036101266447,653.3203125,9522900,0.0,0.0
2026-06-16 00:00:00-04:00,686.5596331988205,729.6857426741813,667.13581482939,680.8614501953125,15860100,0.0,0.0
2026-06-17 00:00:00-04:00,695.2568076754087,741.6119231100344,693.8972587299806,711.9014892578125,13569100,0.0,0.0
2026-06-18 00:00:00-04:00,763.9047710362597,799.6132774415504,738.8727685555358,745.990478515625,16683900,0.0,0.0
2026-06-22 00:00:00-04:00,772.5020143301236,779.5497396889994,726.366800067752,732.3848876953125,13160100,0.0,0.0
2026-06-23 00:00:00-04:00,664.9965289811668,682.3109776095539,652.790425701902,670.5347290039062,12684400,0.0,0.0
2026-06-24 00:00:00-04:00,658.2487232240103,664.7866025830565,612.2134517815546,643.6234130859375,12214400,0.0,0.0
2026-06-25 00:00:00-04:00,728.7660604631113,728.7660604631113,658.2886842454853,675.1732788085938,11717600,0.0,0.0
2026-06-26 00:00:00-04:00,642.9436599679152,647.2122483830221,579.324065184015,586.2618408203125,23404400,0.0,0.0
2026-06-29 00:00:00-04:00,600.3672970299401,652.7704600412355,589.8106878374053,651.6708374023438,11268900,0.0,0.0
2026-06-30 00:00:00-04:00,632.2370615382366,663.7669188401327,630.0977335897294,638.5150146484375,9277300,0.0,0.0
2026-07-01 00:00:00-04:00,604.3659945886602,617.1918945330927,585.612004899827,598.177978515625,7934200,0.0,0.0
2026-07-02 00:00:00-04:00,595.3088946227462,609.2743821411163,525.6712764663715,538.8270263671875,8925700,0.0,0.0
2026-07-06 00:00:00-04:00,566.8180538108393,600.8071434573446,563.4291269935243,577.2747192382812,7600700,0.0,0.0
2026-07-07 00:00:00-04:00,532.2291517468351,549.8234786576531,510.20619294149367,531.92919921875,7993500,0.0,0.0
2026-07-08 00:00:00-04:00,525.8312224278417,562.5794370124767,525.8312224278417,550.1234130859375,6870000,0.0,0.0
2026-07-09 00:00:00-04:00,593.9493658084945,601.3069894731907,573.8158137283649,577.864501953125,6868500,0.0,0.0
2026-07-10 00:00:00-04:00,563.8190147776542,585.0122239901411,562.579422450918,582.403076171875,4814100,0.0,0.0
2026-07-13 00:00:00-04:00,551.4929443660966,559.8102816846437,531.9891956330282,555.3717041015625,4780800,0.0,0.0
2026-07-14 00:00:00-04:00,587.4614300556522,589.46078819621,558.9305503399273,563.1392211914062,5293200,0.0,0.0
2026-07-15 00:00:00-04:00,562.4594352967899,569.1672426718626,496.3406482906321,513.6751098632812,7926900,0.0,0.0
2026-07-16 00:00:00-04:00,486.52380511541287,498.55994972594306,453.79432194785414,466.6601867675781,10527000,0.0,0.0
2026-07-17 00:00:00-04:00,450.98523980846727,492.7718142210911,430.3818375771855,477.0668640136719,11777100,0.0,0.0
2026-07-20 00:00:00-04:00,491.2022877472498,505.8275972604964,485.1242524924404,487.2635803222656,5403500,0.0,0.0
2026-07-21 00:00:00-04:00,528.6403159307372,553.4523591482529,516.844114452601,548.2140502929688,7449100,0.0,0.0
2026-07-22 00:00:00-04:00,525.5712665726059,564.2488523841057,524.8515269268394,556.4913330078125,5435000,0.0,0.0
2026-07-23 00:00:00-04:00,555.5416603532859,576.185058924709,553.8222415262748,558.120849609375,5689300,0.0,0.0
2026-07-24 00:00:00-04:00,538.3271898946069,551.8228576078421,509.3964745931672,519.6331787109375,4775600,0.0,0.0
2026-07-27 00:00:00-04:00,522.8321614151349,531.1194790635482,471.1687536281425,497.7602233886719,6217000,0.0,0.0
2026-07-28 00:00:00-04:00,465.94042573154013,467.11006369612534,421.9745281502673,463.36126708984375,10511900,0.0,0.0
2026-07-29 00:00:00-04:00,480.2458166184244,499.02979478780713,456.57342368631845,461.8917236328125,9231500,0.0,0.0
2026-07-30 00:00:00-04:00,511.4857775637063,546.8944227811769,506.8372761033682,532.868896484375,8408800,0.0,0.0
2026-07-31 00:00:00-04:00,568.9273302161942,579.813849728101,530.3797084404107,544.6651611328125,9502300,0.0,0.0
2026-08-03 00:00:00-04:00,524.1917136924978,539.2568849208942,501.10912713433885,527.05078125,8279900,0.0,0.0
2026-08-04 00:00:00-04:00,554.8319146544164,559.6603818579237,537.1175690316421,548.3839721679688,7806200,0.0,0.0
2026-08-05 00:00:00-04:00,544.7651056579563,564.4787472983767,518.1136889481315,519.0033569335938,9633600,0.0,0.0
2026-08-06 00:00:00-04:00,428.75237938165833,477.4767284462005,407.34924641241923,451.3750915527344,16190100,0.0,0.0
2026-08-07 00:00:00-04:00,457.3032092163964,457.4131592719088,422.36441302461884,434.1606140136719,11820800,0.0,0.0
2026-08-10 00:00:00-04:00,434.49053983558315,452.5547488154709,424.2438288784887,438.1993408203125,7258600,0.0,0.0
2026-08-11 00:00:00-04:00,442.0780910929185,448.7359575338074,431.34154736341065,437.7894592285156,6095100,0.0,0.0
2026-08-12 00:00:00-04:00,456.9233328104168,467.64987001086405,450.7353167509301,453.95428466796875,5750500,0.0,0.0
2026-08-13 00:00:00-04:00,452.98459480720715,502.4787167389089,451.4050847471386,487.1336364746094,8699100,0.0,0.0
2026-08-14 00:00:00-04:00,503.3384316723525,516.1842838241972,486.9437003768359,508.63671875,9945800,0.0,0.0
2026-08-17 00:00:00-04:00,525.3613950852866,548.4239385962262,518.9034460307349,535.8380126953125,9305300,0.0,0.0
2026-08-18 00:00:00-04:00,495.9108259975978,519.8331399023913,490.07270362578214,496.00079345703125,9440100,0.0,0.0
2026-08-19 00:00:00-04:00,494.1213840792227,499.8395497486587,460.13229469631386,461.94171142578125,6981500,0.0,0.0
2026-08-20 00:00:00-04:00,463.24131817279357,477.126845169011,453.5544251406678,468.89947509765625,5365500,0.0,0.0
2026-08-21 00:00:00-04:00,477.1168371015125,478.6463449171116,454.1841959133166,459.2925720214844,4341800,0.0,0.0
2026-08-24 00:00:00-04:00,446.2067764575202,446.846555223309,419.4053819826208,435.24029541015625,7763000,0.0,0.0
2026-08-25 00:00:00-04:00,446.576641195353,451.8549455334859,430.20189293393383,450.6053466796875,4746400,0.0,0.0
2026-08-26 00:00:00-04:00,449.7356205581475,469.84915837144126,447.8662255965108,468.7295227050781,5158500,0.0,0.0
2026-08-27 00:00:00-04:00,477.636687184684,479.696023696328,442.8778252469263,461.85174560546875,7618200,0.0,0.0
2026-08-28 00:00:00-04:00,462.10167110719726,474.8575863825666,454.92398238028335,459.3025817871094,4317400,0.0,0.0
2026-08-31 00:00:00-04:00,456.75336374223895,459.30256369081775,444.3773318995879,450.4053955078125,5854800,0.0,0.0
2026-09-01 00:00:00-04:00,442.92781084283945,457.53310734506516,439.1390186426725,450.2954406738281,5497900,0.0,0.0
2026-09-02 00:00:00-04:00,444.7872236004809,456.8333753027976,437.25964104616423,448.7559509277344,4042700,0.0,0.0
2026-09-03 00:00:00-04:00,442.76788056238246,449.3257731172971,420.74495087542397,441.4283142089844,5514300,0.0,0.0
2026-09-04 00:00:00-04:00,452.0748678575263,468.03974374104655,442.0080923541608,467.3099670410156,5805000,0.0,0.0
2026-09-08 00:00:00-04:00,480.010009765625,489.20001220703125,464.5400085449219,477.29998779296875,6407800,0.15,0.0
2026-09-09 00:00:00-04:00,474.6400146484375,495.489990234375,471.7200012207031,482.2799987792969,4027100,0.0,0.0
2026-09-10 00:00:00-04:00,466.6099853515625,471.2300109863281,456.75,460.92999267578125,4518300,0.0,0.0
2026-09-11 00:00:00-04:00,464.1600036621094,472.42999267578125,442.7799987792969,447.17999267578125,5122100,0.0,0.0
