Date,Open,High,Low,Close,Volume,Dividends,Stock Splits
2007-12-31 00:00:00+08:00,19.51215804008607,19.632109050395222,19.072334024655046,19.552141189575195,1976281,0.0,0.0
2008-01-02 00:00:00+08:00,20.87161124220724,20.91159439086914,20.87161124220724,20.91159439086914,2199509,0.0,0.0
2008-01-03 00:00:00+08:00,20.91159600618619,21.551338928927517,20.791644989093125,21.391403198242188,10567473,0.0,0.0
2008-01-04 00:00:00+08:00,21.111515211022418,21.19148307167023,20.151900883248672,20.231868743896484,4054960,0.0,0.0
2008-01-07 00:00:00+08:00,18.83243179321289,19.27225584019641,18.83243179321289,18.83243179321289,1990617,0.0,0.0
2008-01-08 00:00:00+08:00,17.83283246939552,18.3926074796456,17.55294418334961,17.55294418334961,3516347,0.0,0.0
2008-01-09 00:00:00+08:00,16.55334670920121,18.392607454668013,16.55334670920121,18.2326717376709,2674635,0.0,0.0
2008-01-10 00:00:00+08:00,18.472576576885153,18.87241589673115,17.672897937193156,17.712881088256836,2449360,0.0,0.0
2008-01-11 00:00:00+08:00,17.912799841069198,18.6325105489693,17.912799841069198,18.512557983398438,3140546,0.0,0.0
2008-01-14 00:00:00+08:00,18.712478399276733,18.83242940296664,17.752864122390747,17.912799835205078,1552353,0.0,0.0
2008-01-15 00:00:00+08:00,18.392610127946973,18.712481608433006,17.952786061357696,18.072738647460938,1916890,0.0,0.0
2008-01-16 00:00:00+08:00,17.592927369777325,18.71247729330861,17.51295951809652,18.15270233154297,2984901,0.0,0.0
2008-01-17 00:00:00+08:00,18.47257737552418,19.032352447509766,18.23267377324465,19.032352447509766,3292095,0.0,0.0
2008-01-18 00:00:00+08:00,18.71248103954174,19.672095451825932,18.39260956878034,19.432191848754883,3472316,0.0,0.0
2008-01-21 00:00:00+08:00,19.432190579883123,19.832029892226394,18.832430830447308,18.87241554260254,2027480,0.0,0.0
2008-01-22 00:00:00+08:00,17.55294418334961,17.83283246939552,17.55294418334961,17.55294418334961,1412068,0.0,0.0
2008-01-23 00:00:00+08:00,17.552943834910234,17.79284740596943,16.353425979614258,16.353425979614258,2101206,0.0,0.0
2008-01-24 00:00:00+08:00,16.39341505989461,17.033158086622205,15.233880043029787,15.233880043029785,3621817,0.0,0.0
2008-01-25 00:00:00+08:00,15.673700320904878,16.27345848083496,15.513764603344624,16.27345848083496,2714570,0.0,0.0
2008-01-28 00:00:00+08:00,15.99357203433388,16.23347561484889,15.193893432617188,15.193893432617188,1387492,0.0,0.0
2008-01-29 00:00:00+08:00,15.593732733475534,15.673700593647203,15.193893432617188,15.193893432617188,1461219,0.0,0.0
2008-01-30 00:00:00+08:00,15.473779433865685,15.673699855804445,15.273860573768617,15.353828430175781,901102,0.0,0.0
2008-01-31 00:00:00+08:00,15.273861952487954,15.553748694256608,14.39421545260645,14.594134330749512,1455075,0.0,0.0
2008-02-01 00:00:00+08:00,14.95398998260498,15.113925704344071,14.754069549510229,14.95398998260498,1276903,0.0,0.0
2008-02-12 00:00:00+08:00,14.794055142616324,15.033958739523616,14.394215814437505,14.514166831970215,866287,0.0,0.0
2008-02-13 00:00:00+08:00,14.634117843037812,15.313843847176093,13.994374986511568,14.47418212890625,1678303,0.0,0.0
2008-02-14 00:00:00+08:00,14.993972532320988,15.473779678344727,14.914004674650364,15.473779678344727,1613792,0.0,0.0
2008-02-15 00:00:00+08:00,15.233876429553852,16.1934907420247,15.113925421415871,16.07353973388672,2215892,0.0,0.0
2008-02-18 00:00:00+08:00,16.073538535803408,16.593328802060313,15.833634975567534,15.913602828979492,1726430,0.0,0.0
2008-02-19 00:00:00+08:00,15.993572328148819,16.39341163635254,15.593733019945098,16.39341163635254,2138070,0.0,0.0
2008-02-20 00:00:00+08:00,15.8336368317559,16.8732190479823,15.8336368317559,16.513362884521484,4308907,0.0,0.0
2008-02-21 00:00:00+08:00,16.793251126311546,17.35302616385526,16.793251126311546,17.193090438842773,2474959,0.0,0.0
2008-02-22 00:00:00+08:00,16.953187502347507,17.27305740281408,16.473380308884842,16.633316040039062,2051031,0.0,0.0
2008-02-25 00:00:00+08:00,17.19309209825366,17.19309209825366,16.513364420424978,16.593332290649414,1922010,0.0,0.0
2008-02-26 00:00:00+08:00,16.713283905616173,17.153106385369348,16.593331326329572,16.633316040039062,1909722,0.0,0.0
2008-02-27 00:00:00+08:00,16.793251088858327,17.792848587036133,16.793251088858327,17.792848587036133,2577357,0.0,0.0
2008-02-29 00:00:00+08:00,17.912801889272835,18.792446848779186,17.872817175563345,18.712480545043945,6644606,0.0,0.0
2008-03-03 00:00:00+08:00,17.912800080185637,18.31263936768978,17.432992935180664,17.432992935180664,2377681,0.0,0.0
2008-03-04 00:00:00+08:00,17.592931686516636,18.592529296875,17.592931686516636,18.592529296875,2715594,0.0,0.0
2008-03-05 00:00:00+08:00,18.59252487801553,19.59212381264259,18.272653468829528,18.552541732788086,3617721,0.0,0.0
2008-03-06 00:00:00+08:00,19.032352447509766,19.432191784642324,18.67249626316951,19.032352447509766,3755958,0.0,0.0
2008-03-07 00:00:00+08:00,18.432591603132554,20.191884585558483,18.392608452634693,19.272254943847656,8571736,0.0,0.0
2008-03-10 00:00:00+08:00,19.27225240345659,19.59212381264259,18.552541732788086,18.552541732788086,2582477,0.0,0.0
2008-03-11 00:00:00+08:00,18.232674612103732,18.672497122264193,17.992770998786575,18.192689895629883,1924058,0.0,0.0
2008-03-12 00:00:00+08:00,18.79244635120118,19.27225509380155,18.672495336932453,18.992366790771484,3866548,0.0,0.0
2008-03-13 00:00:00+08:00,18.992368372937307,19.352224569405074,18.072738647460938,18.072738647460938,2013144,0.0,0.0
2008-03-14 00:00:00+08:00,18.312639247339657,18.592525965832294,17.432992820611553,17.632911682128906,1762269,0.0,0.0
2008-03-17 00:00:00+08:00,17.353026072184246,17.353026072184246,16.433394877299662,16.793251037597656,1675231,0.0,0.0
2008-03-18 00:00:00+08:00,17.193090219178167,17.273056518820926,16.63331518878632,16.9931697845459,1159145,0.0,0.0
2008-03-19 00:00:00+08:00,17.472977847677793,17.512962561387283,16.633316040039062,16.633316040039062,1169385,0.0,0.0
2008-03-20 00:00:00+08:00,16.43339405918035,17.153104782104492,16.43339405918035,17.153104782104492,879598,0.0,0.0
2008-03-21 00:00:00+08:00,17.432995211693548,17.672898815524196,17.23307476091372,17.35302734375,1965017,0.0,0.0
2008-03-24 00:00:00+08:00,18.392608712915955,18.512559727948837,17.632913224287638,17.712881088256836,1953753,0.0,0.0
2008-03-25 00:00:00+08:00,17.91280331818954,18.632514165795367,17.91280331818954,18.392610549926758,2556878,0.0,0.0
2008-03-26 00:00:00+08:00,18.552543682697205,18.87241512550233,17.87281608581543,17.87281608581543,1748957,0.0,0.0
2008-03-27 00:00:00+08:00,17.872815126080653,18.312639117240906,17.752864122390747,17.912799835205078,1390564,0.0,0.0
2008-03-28 00:00:00+08:00,17.912799953853813,19.152300955454095,17.912799953853813,18.912397384643555,5229465,0.0,0.0
2008-03-31 00:00:00+08:00,18.872417781663977,18.91240093672108,18.392610549926758,18.392610549926758,1941466,0.0,0.0
2008-04-01 00:00:00+08:00,18.552545868189988,18.95238521879753,18.072738647460938,18.072738647460938,1736670,0.0,0.0
2008-04-02 00:00:00+08:00,18.55254400344122,19.03235117594401,18.472576141357422,18.472576141357422,2888647,0.0,0.0
2008-04-03 00:00:00+08:00,18.552545242950696,19.432191784642324,18.552545242950696,19.032352447509766,2619340,0.0,0.0
2008-04-07 00:00:00+08:00,19.352222442626953,19.592126026626463,18.87241527462794,19.352222442626953,3067844,0.0,0.0
2008-04-08 00:00:00+08:00,19.352223850626803,19.432191717778153,18.592528331768023,18.63251304626465,1687519,0.0,0.0
2008-04-09 00:00:00+08:00,18.7524619165591,18.992365490514064,18.232671620577527,18.43259048461914,976876,0.0,0.0
2008-04-10 00:00:00+08:00,18.2726565034489,18.712480545043945,18.2726565034489,18.712480545043945,1612768,0.0,0.0
2008-04-11 00:00:00+08:00,18.95238331386021,19.192286900111608,18.472576141357422,18.472576141357422,2678731,0.0,0.0
2008-04-14 00:00:00+08:00,18.272656430249516,18.792446773497545,18.072737548028538,18.312641143798828,1429476,0.0,0.0
2008-04-15 00:00:00+08:00,18.232673710507896,19.072335534676125,18.232673710507896,18.63251304626465,1744861,0.0,0.0
2008-04-16 00:00:00+08:00,18.79244834786578,18.992368808677284,18.312642677970555,18.392610549926758,1722334,0.0,0.0
2008-04-17 00:00:00+08:00,18.872415451776412,18.91239860189741,18.43259142939462,18.472576141357422,1661919,0.0,0.0
2008-04-18 00:00:00+08:00,18.71247888866224,18.71247888866224,18.192687027500753,18.2326717376709,1795036,0.0,0.0
2008-04-21 00:00:00+08:00,18.312641996874586,19.072335971282477,18.312641996874586,18.95238494873047,2954182,0.0,0.0
2008-04-22 00:00:00+08:00,19.19228659680597,19.592125900906098,18.912398303014996,19.552141189575195,4236205,0.0,0.0
2008-04-23 00:00:00+08:00,19.552142363241828,20.471773598796187,19.032352017630828,19.712078094482422,8691542,0.0,0.0
2008-04-24 00:00:00+08:00,19.911999054896977,19.9519822078212,19.352223981064533,19.432191848754883,2790345,0.0,0.0
2008-04-25 00:00:00+08:00,19.592126766840618,19.67209463119507,19.19228744506836,19.19228744506836,1942490,0.0,0.0
2008-04-28 00:00:00+08:00,19.232271268978828,19.432191717778153,18.592528331768023,18.63251304626465,1394660,0.0,0.0
2008-04-29 00:00:00+08:00,18.63251173845734,19.312239342455005,18.63251173845734,18.672494888305664,1775581,0.0,0.0
2008-04-30 00:00:00+08:00,18.792446561454256,19.951981375514727,18.792446561454256,19.19228744506836,7020406,0.0,0.0
2008-05-02 00:00:00+08:00,19.272254854945814,19.5521415926652,18.792446118292073,18.87241554260254,2272211,0.0,0.0
2008-05-05 00:00:00+08:00,18.95238577395069,19.752064498589963,18.872417901486767,19.59212875366211,4192174,0.0,0.0
2008-05-06 00:00:00+08:00,19.832028163298393,20.95157814025879,19.35222103031537,20.95157814025879,12443404,0.0,0.0
2008-05-07 00:00:00+08:00,21.271449562247472,22.23106382821352,20.95157814025879,20.95157814025879,15973064,0.0,0.0
2008-05-08 00:00:00+08:00,20.711675495571562,21.59132194519043,20.6317076365153,21.59132194519043,5239705,0.0,0.0
2008-05-09 00:00:00+08:00,21.591320719037736,21.99115999161251,20.151899337768555,20.151899337768555,4510631,0.0,0.0
2008-05-12 00:00:00+08:00,20.151900417833442,20.311834573593558,19.59212540622696,19.911996841430664,2373585,0.0,0.0
2008-05-13 00:00:00+08:00,20.071933828294277,20.951580330729485,20.031949115444483,20.471773147583008,2366417,0.0,0.0
2008-05-14 00:00:00+08:00,20.551739699922173,21.031546852449537,20.311834561816752,20.511754989624023,2509774,0.0,0.0
2008-05-15 00:00:00+08:00,20.711673235425764,20.91159208032955,20.391801834106445,20.391801834106445,2209748,0.0,0.0
2008-05-16 00:00:00+08:00,20.47177242308624,21.111515311307688,20.47177242308624,20.6317081451416,3099587,0.0,0.0
2008-05-19 00:00:00+08:00,20.791644233673928,21.031547820985548,20.471772783925097,20.551740646362305,1785821,0.0,0.0
2008-05-20 00:00:00+08:00,20.791644603013992,21.191483922302723,20.471773147583008,20.471773147583008,3442620,0.0,0.0
2008-05-21 00:00:00+08:00,20.471771483289274,20.87161077007227,20.391803625932678,20.59172248840332,1694686,0.0,0.0
2008-05-22 00:00:00+08:00,20.39180326271817,20.87161039831154,19.99196398305703,20.071931838989258,1971161,0.0,0.0
2008-05-23 00:00:00+08:00,20.07193347963236,20.39180492950698,18.87241554260254,18.87241554260254,2896839,0.0,0.0
2008-05-26 00:00:00+08:00,18.872415646639737,18.872415646639737,17.59292984008789,17.59292984008789,2127830,0.0,0.0
2008-05-27 00:00:00+08:00,17.592929477605345,17.832833061390872,17.15310545974432,17.672897338867188,1981401,0.0,0.0
2008-05-28 00:00:00+08:00,17.832832103603884,17.832832103603884,17.033153533935547,17.033153533935547,1161193,0.0,0.0
2008-05-29 00:00:00+08:00,17.2330720347336,17.552943455905837,17.073136324147477,17.113121032714844,1213416,0.0,0.0
2008-05-30 00:00:00+08:00,17.273057182679963,17.432994473637756,16.393412234384126,16.433395385742188,1477603,0.0,0.0
2008-06-02 00:00:00+08:00,16.43339475415405,17.033154496209068,16.43339475415405,16.9931697845459,732145,0.0,0.0
2008-06-03 00:00:00+08:00,16.793250090567298,16.953185805715556,16.47337866027078,16.753265380859375,667634,0.0,0.0
2008-06-04 00:00:00+08:00,16.71328384479374,17.472977784090705,16.633315979507646,17.233074188232422,1483747,0.0,0.0
2008-06-05 00:00:00+08:00,17.19308901050864,17.51296043395996,16.953185442920145,17.51296043395996,829423,0.0,0.0
2008-06-06 00:00:00+08:00,17.672896389670218,17.712879537232784,17.033153533935547,17.033153533935547,977900,0.0,0.0
2008-06-09 00:00:00+08:00,16.11352333968904,16.553347359634028,16.11352333968904,16.39341163635254,726001,0.0,0.0
2008-06-10 00:00:00+08:00,16.39341080542838,16.79325009336566,16.153507232666016,16.153507232666016,869359,0.0,0.0
2008-06-11 00:00:00+08:00,16.193491998444017,16.43339559517535,15.433798056382399,15.593733787536621,992236,0.0,0.0
2008-06-12 00:00:00+08:00,15.033958739523616,15.193894470795144,14.514166831970215,14.514166831970215,1821660,0.0,0.0
2008-06-13 00:00:00+08:00,14.514166372512557,14.634118948089943,13.994376043255409,14.23427963256836,1100778,0.0,0.0
2008-06-16 00:00:00+08:00,14.794053557169372,14.794053557169372,14.39421427184047,14.47418212890625,738289,0.0,0.0
2008-06-17 00:00:00+08:00,14.47418260038182,14.79405403906429,14.274262170284398,14.754069328308105,686066,0.0,0.0
2008-06-18 00:00:00+08:00,14.434198106032047,15.113925704344071,14.434198106032047,14.95398998260498,612340,0.0,0.0
2008-06-19 00:00:00+08:00,14.71408727698056,14.83403829451327,14.514166831970215,14.514166831970215,437239,0.0,0.0
2008-06-20 00:00:00+08:00,14.514166003099218,14.874022158830526,14.234279270278675,14.314247131347656,899054,0.0,0.0
2008-06-23 00:00:00+08:00,13.394615984664666,13.874423152387134,13.394615984664666,13.674504280090332,719857,0.0,0.0
2008-06-24 00:00:00+08:00,13.674504330116797,14.31424722275384,12.994776725769043,12.994776725769043,1025003,0.0,0.0
2008-06-25 00:00:00+08:00,12.794857255923175,13.554551124572754,12.794857255923175,13.554551124572754,687090,0.0,0.0
2008-06-26 00:00:00+08:00,13.594535834418373,13.994375123665973,13.554551124572754,13.554551124572754,720881,0.0,0.0
2008-06-27 00:00:00+08:00,12.634920120239258,12.954791535458499,12.634920120239258,12.634920120239258,1356773,0.0,0.0
2008-06-30 00:00:00+08:00,12.235083891420947,12.594938519071187,11.755276679992676,11.755276679992676,1202152,0.0,0.0
2008-07-01 00:00:00+08:00,11.235484075019906,11.675306514117615,10.95559579045086,10.995579719543457,2689995,0.0,0.0
2008-07-02 00:00:00+08:00,10.99558056982279,11.635323484775151,10.99558056982279,11.435403823852539,1221608,0.0,0.0
2008-07-03 00:00:00+08:00,11.155516600859343,12.23508358001709,11.035564801055253,12.23508358001709,1648607,0.0,0.0
2008-07-04 00:00:00+08:00,12.474985382799336,12.63492110284703,11.915211143553284,11.99517822265625,1916890,0.0,0.0
2008-07-07 00:00:00+08:00,12.115130333361645,12.594937506204516,11.755275734650391,12.554953575134277,956397,0.0,0.0
2008-07-08 00:00:00+08:00,12.554953180838123,12.794857540646115,11.835243225097656,11.835243225097656,1530850,0.0,0.0
2008-07-09 00:00:00+08:00,12.395018530673669,12.634921334217426,12.115130234544013,12.195098876953125,2164693,0.0,0.0
2008-07-10 00:00:00+08:00,12.355035916270825,12.355035916270825,11.795260826213248,11.915212631225586,873454,0.0,0.0
2008-07-11 00:00:00+08:00,11.995177055547611,12.474984169006348,11.995177055547611,12.474984169006348,793584,0.0,0.0
2008-07-14 00:00:00+08:00,12.435002470216865,12.554953481613175,12.075146312344357,12.15511417388916,918510,0.0,0.0
2008-07-15 00:00:00+08:00,12.155114353382316,12.155114353382316,11.315452575683594,11.315452575683594,1111018,0.0,0.0
2008-07-16 00:00:00+08:00,11.235484969294703,11.4753877820242,10.595741271972656,10.595741271972656,1271783,0.0,0.0
2008-07-17 00:00:00+08:00,10.835645004681178,11.195500373840332,10.835645004681178,11.195500373840332,1512418,0.0,0.0
2008-07-18 00:00:00+08:00,11.43012230272009,11.934391909256856,10.967874562257933,11.177987098693848,2872000,0.351304,1.02398
2008-07-21 00:00:00+08:00,11.59821223584839,11.934391975402832,11.346077030424697,11.934391975402832,2039000,0.0,0.0
2008-07-22 00:00:00+08:00,11.766302245511035,12.438662534129099,11.640235042058281,12.270572662353516,1522000,0.0,0.0
2008-07-23 00:00:00+08:00,12.77484330132484,12.816865973014934,12.438663530835685,12.69079875946045,1778000,0.0,0.0
2008-07-24 00:00:00+08:00,12.858887603845627,12.858887603845627,12.480685192279877,12.606752395629883,1164000,0.0,0.0
2008-07-25 00:00:00+08:00,12.3546181396113,12.438663482666016,12.060461041951385,12.438663482666016,800000,0.0,0.0
2008-07-28 00:00:00+08:00,12.438663482666016,12.438663482666016,12.438663482666016,12.438663482666016,0,0.0,0.0
2008-07-29 00:00:00+08:00,12.438663482666016,12.438663482666016,12.438663482666016,12.438663482666016,0,0.0,0.0
2008-07-30 00:00:00+08:00,12.438663482666016,12.438663482666016,12.438663482666016,12.438663482666016,0,0.0,0.0
2008-07-31 00:00:00+08:00,12.438663482666016,12.438663482666016,12.438663482666016,12.438663482666016,0,0.0,0.0
2008-08-01 00:00:00+08:00,12.438663482666016,12.438663482666016,12.438663482666016,12.438663482666016,0,0.0,0.0
2008-08-04 00:00:00+08:00,12.438663482666016,12.438663482666016,12.438663482666016,12.438663482666016,0,0.0,0.0
2008-08-05 00:00:00+08:00,12.438663482666016,12.438663482666016,12.438663482666016,12.438663482666016,0,0.0,0.0
2008-08-06 00:00:00+08:00,12.438663482666016,12.438663482666016,12.438663482666016,12.438663482666016,0,0.0,0.0
2008-08-07 00:00:00+08:00,12.438663482666016,12.438663482666016,12.438663482666016,12.438663482666016,0,0.0,0.0
2008-08-08 00:00:00+08:00,12.438663482666016,12.438663482666016,12.438663482666016,12.438663482666016,0,0.0,0.0
2008-08-11 00:00:00+08:00,12.438663482666016,12.438663482666016,12.438663482666016,12.438663482666016,0,0.0,0.0
2008-08-12 00:00:00+08:00,12.438663482666016,12.438663482666016,12.438663482666016,12.438663482666016,0,0.0,0.0
2008-08-13 00:00:00+08:00,12.438663482666016,12.438663482666016,12.438663482666016,12.438663482666016,0,0.0,0.0
2008-08-14 00:00:00+08:00,12.438663482666016,12.438663482666016,12.438663482666016,12.438663482666016,0,0.0,0.0
2008-08-15 00:00:00+08:00,12.438663482666016,12.438663482666016,12.438663482666016,12.438663482666016,0,0.0,0.0
2008-08-18 00:00:00+08:00,13.026978391019536,13.237090945713401,12.52270793914795,12.52270793914795,1149000,0.0,0.0
2008-08-19 00:00:00+08:00,12.270573563579008,13.026978442881965,12.270573563579008,12.774843215942383,842000,0.0,0.0
2008-08-20 00:00:00+08:00,12.522706071901464,12.774841260241665,12.354616213513218,12.564728736877441,869000,0.0,0.0
2008-08-21 00:00:00+08:00,12.77484219635717,12.942932067062713,12.35461711883545,12.35461711883545,595000,0.0,0.0
2008-08-22 00:00:00+08:00,12.522706055004683,12.816863907923958,12.10248100884324,12.228549003601074,1313000,0.0,0.0
2008-08-25 00:00:00+08:00,12.438662386250218,12.438662386250218,11.892369307579596,11.934391975402832,861000,0.0,0.0
2008-08-26 00:00:00+08:00,11.766303112239395,12.186528223390802,11.682257769402797,12.018438339233398,483000,0.0,0.0
2008-08-27 00:00:00+08:00,12.018437344811012,12.396639753251122,11.8503474745616,12.14450454711914,832000,0.0,0.0
2008-08-28 00:00:00+08:00,12.144504592579555,12.354617131556765,11.850347518920898,11.850347518920898,550000,0.0,0.0
2008-08-29 00:00:00+08:00,12.060460090637207,12.4386625015197,12.018437422424546,12.060460090637207,635000,0.0,0.0
2008-09-01 00:00:00+08:00,11.850347294376967,11.850347294376967,11.262031555175781,11.262031555175781,1110000,0.0,0.0
2008-09-02 00:00:00+08:00,11.262031555175781,11.514166757474046,11.220009689389165,11.262031555175781,868000,0.0,0.0
2008-09-03 00:00:00+08:00,11.262032501048962,11.262032501048962,10.505627632141113,10.505627632141113,1123000,0.0,0.0
2008-09-04 00:00:00+08:00,10.12742506765758,10.547650167547804,9.791244506835938,9.791244506835938,1466000,0.0,0.0
2008-09-05 00:00:00+08:00,9.118884086608887,9.497086478812768,9.118884086608887,9.118884086608887,2459000,0.0,0.0
2008-09-08 00:00:00+08:00,9.413041269774201,9.749221801757812,9.413041269774201,9.749221801757812,1438000,0.0,0.0
2008-09-09 00:00:00+08:00,9.497086438069077,9.665176300381267,9.076861381530762,9.076861381530762,1126000,0.0,0.0
2008-09-10 00:00:00+08:00,8.614613584083727,9.244951163406927,8.614613584083727,8.992815971374512,682000,0.0,0.0
2008-09-11 00:00:00+08:00,8.992816950058167,9.328997509859638,8.656637191772461,8.656637191772461,1178000,0.0,0.0
2008-09-12 00:00:00+08:00,8.782704329212274,8.950794206985972,8.16077138069171,8.572591781616211,1717000,0.0,0.0
2008-09-15 00:00:00+08:00,8.253220535906788,8.404501825246262,7.975872039794922,7.975872039794922,738000,0.0,0.0
2008-09-16 00:00:00+08:00,7.4211745262146,7.4211745262146,7.4211745262146,7.4211745262146,261000,0.0,0.0
2008-09-17 00:00:00+08:00,6.9757361398699125,7.648096394589126,6.9085001945495605,6.9085001945495605,2877000,0.0,0.0
2008-09-18 00:00:00+08:00,6.429443836212158,6.429443836212158,6.429443836212158,6.429443836212158,544000,0.0,0.0
2008-09-19 00:00:00+08:00,6.71519671572627,6.874882698059082,6.71519671572627,6.874882698059082,1467000,0.0,0.0
2008-09-22 00:00:00+08:00,7.1354218177854944,7.3539390563964835,7.059781173534325,7.353939056396484,1206000,0.0,0.0
2008-09-23 00:00:00+08:00,7.353939067341126,7.8666133880615225,7.143826522559951,7.866613388061523,2314000,0.0,0.0
2008-09-24 00:00:00+08:00,8.152365772161465,8.404500961303711,8.001085299888656,8.404500961303711,2488000,0.0,0.0
2008-09-25 00:00:00+08:00,8.152365693839407,8.740680595175427,8.068321165943212,8.320455551147461,1569000,0.0,0.0
2008-09-26 00:00:00+08:00,8.404501322045254,8.488546655871989,7.740545749664307,7.740545749664307,1297000,0.0,0.0
2008-09-29 00:00:00+08:00,7.740545749664307,7.740545749664307,7.740545749664307,7.740545749664307,0,0.0,0.0
2008-09-30 00:00:00+08:00,7.202657767894145,7.564051600864955,7.202657767894145,7.353939056396484,685000,0.0,0.0
2008-10-01 00:00:00+08:00,7.7657594627484485,7.8666133880615225,7.463197686809227,7.866613388061523,776000,0.0,0.0
2008-10-02 00:00:00+08:00,7.858209095124597,8.177579441589378,7.690118426649605,7.849804401397705,563000,0.0,0.0
2008-10-03 00:00:00+08:00,7.564051701472355,8.228007318763186,7.395961823965011,8.194389343261719,712000,0.0,0.0
2008-10-06 00:00:00+08:00,7.866612497271068,8.110342989557326,7.648096084594727,7.648096084594727,375000,0.0,0.0
2008-10-07 00:00:00+08:00,7.278297598805856,7.8077812478792445,7.278297598805856,7.648096084594727,524000,0.0,0.0
2008-10-08 00:00:00+08:00,7.395960747320615,7.555645907327973,7.118612289428711,7.118612289428711,686000,0.0,0.0
2008-10-09 00:00:00+08:00,7.0345678098840825,7.303511607155451,6.639556407262825,6.656365394592285,790000,0.0,0.0
2008-10-13 00:00:00+08:00,6.429443795992103,6.631151641772345,6.429443795992103,6.505084037780762,821000,0.0,0.0
2008-10-14 00:00:00+08:00,6.958926677703857,6.958926677703857,6.958926677703857,6.958926677703857,261000,0.0,0.0
2008-10-15 00:00:00+08:00,6.975736180307793,7.2951073231886845,6.824454901702187,7.051376819610596,441000,0.0,0.0
2008-10-16 00:00:00+08:00,6.807646751403809,6.891691288158527,6.807646751403809,6.807646751403809,599000,0.0,0.0
2008-10-17 00:00:00+08:00,6.975736556012147,7.03456781129815,6.60593843393181,6.622747421264648,464000,0.0,0.0
2008-10-20 00:00:00+08:00,6.471466196679752,6.874882698059082,6.395825953334267,6.874882698059082,617000,0.0,0.0
2008-10-21 00:00:00+08:00,6.967331819268361,7.1522310795543325,6.656365355137616,6.698387622833252,723000,0.0,0.0
2008-10-22 00:00:00+08:00,6.488275123161626,6.841264658738673,6.488275123161626,6.589129447937012,563000,0.0,0.0
2008-10-23 00:00:00+08:00,6.362207377330918,6.4714655853438074,6.362207377330918,6.421038627624512,843000,0.0,0.0
2008-10-24 00:00:00+08:00,6.412634324870652,6.421038617431609,6.202521800994873,6.202521800994873,887000,0.0,0.0
2008-10-27 00:00:00+08:00,5.8831510177315405,6.1941174753440364,5.773892402648926,5.773892402648926,799000,0.0,0.0
2008-10-28 00:00:00+08:00,5.429308033641263,6.177308559417725,5.3704763785153915,6.177308559417725,1646000,0.0,0.0
2008-10-29 00:00:00+08:00,6.597534161100034,6.597534161100034,5.799106610678475,6.042837142944336,1109000,0.0,0.0
2008-10-30 00:00:00+08:00,6.219331294029532,6.463061809539795,6.093263689272324,6.463061809539795,732000,0.0,0.0
2008-10-31 00:00:00+08:00,6.177308622212104,6.706792321453737,6.177308622212104,6.563915729522705,722000,0.0,0.0
2008-11-03 00:00:00+08:00,6.563915728373382,6.7236013075178755,6.311780919796182,6.597533702850342,674000,0.0,0.0
2008-11-04 00:00:00+08:00,6.589129374280394,6.597533667475638,6.446252783140457,6.505084037780762,623000,0.0,0.0
2008-11-05 00:00:00+08:00,6.681578640212668,6.790837257660852,6.555511436280928,6.563915729522705,680000,0.0,0.0
2008-11-06 00:00:00+08:00,6.2193307437652505,6.2193307437652505,6.110072135925293,6.110072135925293,533000,0.0,0.0
2008-11-07 00:00:00+08:00,5.723465062613005,6.210926050504716,5.723465062613005,6.110072135925293,461000,0.0,0.0
2008-11-10 00:00:00+08:00,5.984005012615115,6.17730856446331,5.891555784030486,5.975600719451904,245000,0.0,0.0
2008-11-11 00:00:00+08:00,5.815915070437436,5.950386965462347,5.757083415985107,5.757083415985107,309000,0.0,0.0
2008-11-12 00:00:00+08:00,5.757083452263557,5.941982709845818,5.555375608455122,5.8495330810546875,434000,0.0,0.0
2008-11-13 00:00:00+08:00,5.4461164474487305,5.5469703592560835,5.4461164474487305,5.4461164474487305,550000,0.0,0.0
2008-11-14 00:00:00+08:00,5.546970764851571,5.614206710972778,5.084723434889353,5.126745700836182,846000,0.0,0.0
2008-11-17 00:00:00+08:00,4.773756980895996,4.958656248900894,4.773756980895996,4.773756980895996,848000,0.0,0.0
2008-11-18 00:00:00+08:00,4.445981025695801,4.546834942166239,4.445981025695801,4.445981025695801,571000,0.0,0.0
2008-11-19 00:00:00+08:00,4.1686325921200895,4.622475621033678,4.1686325921200895,4.504812717437744,773000,0.0,0.0
2008-11-20 00:00:00+08:00,4.193846225738525,4.277891564743671,4.193846225738525,4.193846225738525,700000,0.0,0.0
2008-11-21 00:00:00+08:00,3.908093104060183,4.454385757446289,3.908093104060183,4.454385757446289,943000,0.0,0.0
2008-11-24 00:00:00+08:00,4.437577216430954,4.521622155978193,4.28629592448804,4.345127582550049,300000,0.0,0.0
2008-11-25 00:00:00+08:00,4.454386237021355,4.580453446888202,4.3703408960996075,4.4207682609558105,782000,0.0,0.0
2008-11-26 00:00:00+08:00,4.454385677657715,4.4880036495016515,4.370340347290039,4.370340347290039,294000,0.0,0.0
2008-11-27 00:00:00+08:00,4.445981523088889,4.672903060913086,4.445981523088889,4.672903060913086,373000,0.0,0.0
2008-11-28 00:00:00+08:00,4.874611367437281,4.992274284362793,4.790566026018313,4.992274284362793,1280000,0.0,0.0
2008-12-01 00:00:00+08:00,5.042700805622181,5.303240299155052,5.042700805622181,5.168768405914307,1273000,0.0,0.0
2008-12-02 00:00:00+08:00,4.807374954223633,4.8998245881773235,4.807374954223633,4.807374954223633,848000,0.0,0.0
2008-12-03 00:00:00+08:00,4.958656262549795,4.975465250527609,4.54683545595652,4.6056671142578125,507000,0.0,0.0
2008-12-04 00:00:00+08:00,4.538430692889051,4.866206124930118,4.454385761693629,4.622475624084473,585000,0.0,0.0
2008-12-05 00:00:00+08:00,4.530026433480078,4.71492570058581,4.496408457780469,4.5636444091796875,341000,0.0,0.0
2008-12-08 00:00:00+08:00,4.689711611897356,4.883015155792236,4.63928465271928,4.883015155792236,607000,0.0,0.0
2008-12-09 00:00:00+08:00,5.042700278315033,5.126745202802055,4.883014721410786,4.925037384033203,917000,0.0,0.0
2008-12-10 00:00:00+08:00,5.067914486034096,5.269622325897217,4.967060165344681,5.269622325897217,1228000,0.0,0.0
2008-12-11 00:00:00+08:00,5.286431349042417,5.622611485225978,5.22759969496399,5.5301618576049805,1208000,0.0,0.0
2008-12-12 00:00:00+08:00,5.303240259920935,5.530161778464822,5.1435546875,5.1435546875,957000,0.0,0.0
2008-12-15 00:00:00+08:00,5.378881446587877,5.496544364266461,5.294836505388888,5.462926387786865,796000,0.0,0.0
2008-12-16 00:00:00+08:00,5.37888097830622,5.429307938635477,5.210790709784173,5.278027057647705,715000,0.0,0.0
2008-12-17 00:00:00+08:00,5.46292640404697,5.521758063440317,5.278027532858853,5.294836521148682,871000,0.0,0.0
2008-12-18 00:00:00+08:00,5.294836514726195,5.395690444342835,5.252813843673649,5.362072467803955,239000,0.0,0.0
2008-12-19 00:00:00+08:00,5.336858822967768,5.731870651245117,5.3200498345788105,5.731870651245117,1449000,0.0,0.0
2008-12-22 00:00:00+08:00,5.757083854077934,5.925174136407982,5.336858749389648,5.336858749389648,897000,0.0,0.0
2008-12-23 00:00:00+08:00,5.193981647491455,5.336858233392635,4.967060128930126,5.193981647491455,443000,0.0,0.0
2008-12-24 00:00:00+08:00,5.177172698880292,5.286431312517691,5.059509792294246,5.202386379241943,383000,0.0,0.0
2008-12-25 00:00:00+08:00,5.269622287264515,5.2780269809094555,5.1435546878953655,5.193981647491455,164000,0.0,0.0
2008-12-26 00:00:00+08:00,5.076318778957827,5.286431312526471,5.076318778957827,5.219195365905762,315000,0.0,0.0
2008-12-29 00:00:00+08:00,5.278026980503753,5.286431273390197,5.126745700969262,5.1435546875,105000,0.0,0.0
2008-12-30 00:00:00+08:00,5.210791130654016,5.42090368270874,5.210791130654016,5.42090368270874,489000,0.0,0.0
2008-12-31 00:00:00+08:00,5.496544373959475,5.530162350498355,5.353667773290289,5.362072467803955,251000,0.0,0.0
2009-01-02 00:00:00+08:00,5.362072467803955,5.362072467803955,5.362072467803955,5.362072467803955,0,0.0,0.0
2009-01-05 00:00:00+08:00,5.538567084393156,5.731870651245117,5.50494910761524,5.731870651245117,991000,0.0,0.0
2009-01-06 00:00:00+08:00,5.715061187744141,5.841128389801991,5.639420545903142,5.715061187744141,1046000,0.0,0.0
2009-01-07 00:00:00+08:00,5.765488143365563,6.051240921956944,5.765488143365563,6.000813961029053,1153000,0.0,0.0
2009-01-08 00:00:00+08:00,5.79910608578284,5.874746326384424,5.588993549346924,5.588993549346924,738000,0.0,0.0
2009-01-09 00:00:00+08:00,5.504949079744682,5.715061633921839,5.504949079744682,5.639420986175537,343000,0.0,0.0
2009-01-12 00:00:00+08:00,5.5553755377141965,5.757083378954128,5.504948577404213,5.597397804260254,264000,0.0,0.0
2009-01-13 00:00:00+08:00,5.572184562024844,5.639420509557799,5.521757601375126,5.6226115226745605,182000,0.0,0.0
2009-01-14 00:00:00+08:00,5.563779830510449,5.799106046039352,5.563779830510449,5.631015777587891,355000,0.0,0.0
2009-01-15 00:00:00+08:00,5.462926329879015,5.462926329879015,5.244409084320068,5.244409084320068,402000,0.0,0.0
2009-01-16 00:00:00+08:00,5.219195805406694,5.210791110992432,5.093128194497965,5.210791110992432,228000,0.0,0.0
2009-01-19 00:00:00+08:00,5.236004805085924,5.320049745625448,5.051105935898972,5.076319217681885,224000,0.0,0.0
2009-01-20 00:00:00+08:00,5.051105420477002,5.051105420477002,4.874610862974814,4.883015155792236,256000,0.0,0.0
2009-01-21 00:00:00+08:00,4.7233295000172415,4.8746107755976045,4.546834945678711,4.546834945678711,509000,0.0,0.0
2009-02-02 00:00:00+08:00,4.630880319672476,4.790565488636909,4.588857653676882,4.7065205574035645,153000,0.0,0.0
2009-02-03 00:00:00+08:00,4.748543716723635,5.03429651260376,4.748543716723635,5.03429651260376,392000,0.0,0.0
2009-02-04 00:00:00+08:00,5.126745701101475,5.202386340870672,5.076318741507961,5.160363674163818,378000,0.0,0.0
2009-02-05 00:00:00+08:00,5.160363673896785,5.328453939957651,5.05110546182875,5.126745700836182,720000,0.0,0.0
2009-02-06 00:00:00+08:00,5.135150898802785,5.378881427807828,5.135150898802785,5.252813816070557,641000,0.0,0.0
2009-02-09 00:00:00+08:00,5.3284539795952695,5.4629258728379995,5.252813339267307,5.320049285888672,531000,0.0,0.0
2009-02-10 00:00:00+08:00,5.320049322481916,5.546970844268799,5.210790708091751,5.546970844268799,429000,0.0,0.0
2009-02-11 00:00:00+08:00,5.303240781424623,5.731870581245295,5.303240781424623,5.6646342277526855,877000,0.0,0.0
2009-02-12 00:00:00+08:00,5.504948577826981,6.05964554203725,5.504948577826981,5.5301618576049805,1932000,0.0,0.0
2009-02-13 00:00:00+08:00,5.5805893370882815,5.916769504547119,5.5805893370882815,5.916769504547119,1226000,0.0,0.0
2009-02-16 00:00:00+08:00,5.891556219114085,6.084859384479598,5.883151524572336,5.950387477874756,1161000,0.0,0.0
2009-02-17 00:00:00+08:00,5.950386927187992,5.984004900727981,5.5469708439502705,5.597397804260254,728000,0.0,0.0
2009-02-18 00:00:00+08:00,5.46292594798698,5.631015816852667,5.387285306618492,5.538566589355469,428000,0.0,0.0
2009-02-19 00:00:00+08:00,5.5301618574978395,5.799106046591049,5.5217575644912875,5.546970844268799,511000,0.0,0.0
2009-02-20 00:00:00+08:00,5.462926387786865,5.631016270184843,5.462926387786865,5.462926387786865,298000,0.0,0.0
2009-02-23 00:00:00+08:00,5.46292594443519,5.841128349516021,5.39568999693263,5.824319362640381,1394000,0.0,0.0
2009-02-24 00:00:00+08:00,5.631015813811331,5.815915070221581,5.631015813811331,5.773892402648926,672000,0.0,0.0
2009-02-25 00:00:00+08:00,5.984004972821801,6.177308523384538,5.967195985849297,6.068049907684326,1934000,0.0,0.0
2009-02-26 00:00:00+08:00,6.093263191625236,6.454656588372947,6.093263191625236,6.185712814331055,1705000,0.0,0.0
2009-02-27 00:00:00+08:00,6.13528635448748,6.605938398005197,5.89155583910791,6.563915729522705,2138000,0.0,0.0
2009-03-02 00:00:00+08:00,6.437848159196848,7.009354529971542,6.429443865910211,6.639556407928467,2901000,0.0,0.0
2009-03-03 00:00:00+08:00,6.303376257419586,6.790837290538775,6.23614030812837,6.723601341247559,1723000,0.0,0.0
2009-03-04 00:00:00+08:00,6.647960380841291,7.194253444671631,6.647960380841291,7.194253444671631,3148000,0.0,0.0
2009-03-05 00:00:00+08:00,7.555647403038395,7.555647403038395,6.97573709487915,6.97573709487915,2844000,0.0,0.0
2009-03-06 00:00:00+08:00,6.732006158594396,7.370748490076188,6.732006158594396,7.227871894836426,1824000,0.0,0.0
2009-03-09 00:00:00+08:00,7.227871337643885,7.311915868560488,6.891690809430395,7.009354114532471,1138000,0.0,0.0
2009-03-10 00:00:00+08:00,6.900095505518413,7.20265725965788,6.816050173055159,7.143826007843018,1627000,0.0,0.0
2009-03-11 00:00:00+08:00,7.3959611995910555,7.3959611995910555,6.900095501669014,6.942118167877197,1414000,0.0,0.0
2009-03-12 00:00:00+08:00,6.89169126444356,7.395961689299617,6.89169126444356,7.311916351318359,1947000,0.0,0.0
2009-03-13 00:00:00+08:00,7.480005241382464,7.522027904842832,7.059780209810064,7.211061477661133,1684000,0.0,0.0
2009-03-16 00:00:00+08:00,7.211062949210656,7.43798489729484,7.1186137119443975,7.185849666595459,1380000,0.0,0.0
2009-03-17 00:00:00+08:00,6.933713867774848,7.311916282077601,6.933713867774848,7.127017021179199,758000,0.0,0.0
2009-03-18 00:00:00+08:00,7.1270160969753364,7.227870809125644,7.034566879272461,7.034566879272461,966000,0.0,0.0
2009-03-19 00:00:00+08:00,7.059780592485733,7.177443896249579,6.891690731048584,6.891690731048584,881000,0.0,0.0
2009-03-20 00:00:00+08:00,6.891691219989562,7.05978109335209,6.589129447937012,6.589129447937012,960000,0.0,0.0
2009-03-23 00:00:00+08:00,6.681578630634349,6.849668502807617,6.605938388535312,6.849668502807617,919000,0.0,0.0
2009-03-24 00:00:00+08:00,7.017759174250303,7.101803709552168,6.908500556993718,6.916904449462891,1007000,0.0,0.0
2009-03-25 00:00:00+08:00,7.059780752621926,7.395961284637451,6.97573622075482,7.395961284637451,3351000,0.0,0.0
2009-03-26 00:00:00+08:00,7.790972641013557,7.908635139465332,7.732140590272012,7.908635139465332,3368000,0.0,0.0
2009-03-27 00:00:00+08:00,8.152365810737999,8.446523666381836,8.152365810737999,8.446523666381836,4852000,0.0,0.0
2009-03-30 00:00:00+08:00,8.908771765370217,8.950793630972575,7.908635654326224,7.9170403480529785,4129000,0.0,0.0
2009-03-31 00:00:00+08:00,7.9002313336695495,8.05991731595586,7.6649055088176565,7.690118789672852,2037000,0.0,0.0
2009-04-02 00:00:00+08:00,8.320456028616,8.38769197539755,7.942253627590856,7.984276294708252,1913000,0.0,0.0
2009-04-03 00:00:00+08:00,8.110343934994303,8.31205258780888,8.076725959777832,8.076725959777832,1620000,0.0,0.0
2009-04-06 00:00:00+08:00,8.236412059776763,8.614614486694336,8.110344049793728,8.614614486694336,4871000,0.0,0.0
2009-04-07 00:00:00+08:00,8.614614521607807,8.824727070915314,8.404501972300299,8.656637191772461,2801000,0.0,0.0
2009-04-08 00:00:00+08:00,8.488546466652307,9.244951248168945,8.396096441200578,9.244951248168945,5617000,0.0,0.0
2009-04-09 00:00:00+08:00,9.875288963317871,9.875288963317871,9.875288963317871,9.875288963317871,1274000,0.0,0.0
2009-04-10 00:00:00+08:00,10.547649383544922,10.547649383544922,10.547649383544922,10.547649383544922,1725000,0.0,0.0
2009-04-13 00:00:00+08:00,11.262031597870221,11.262031597870221,10.505626789623609,10.799784660339355,5512000,0.0,0.0
2009-04-14 00:00:00+08:00,10.505626856896708,11.430122340909906,10.505626856896708,11.220009803771973,3143000,0.0,0.0
2009-04-15 00:00:00+08:00,11.220009831464008,11.934391978586714,10.925851958138603,11.766302108764648,3556000,0.0,0.0
2009-04-16 00:00:00+08:00,12.564729623500535,12.564729623500535,11.892369340987159,12.14450454711914,6698000,0.0,0.0
2009-04-17 00:00:00+08:00,12.228550769601785,12.480685994014193,11.304055213928223,11.304055213928223,4778000,0.0,0.0
2009-04-20 00:00:00+08:00,10.757761917872447,11.262031519349083,10.547649383544922,10.547649383544922,3410000,0.0,0.0
2009-04-21 00:00:00+08:00,10.127424313458455,11.093941650622181,10.127424313458455,11.051918983459473,2604000,0.0,0.0
2009-04-22 00:00:00+08:00,11.051919058717997,11.514166797624057,10.883829190438261,11.135964393615723,4881000,0.0,0.0
2009-04-23 00:00:00+08:00,11.262032573890517,11.304055244994034,10.379560488295557,10.589673042297363,2499000,0.0,0.0
2009-04-24 00:00:00+08:00,10.589673010777776,11.09394265797171,10.589673010777776,10.92585277557373,2986000,0.0,0.0
2009-04-27 00:00:00+08:00,10.925851745420983,11.093941611970473,10.16944694519043,10.16944694519043,2057000,0.0,0.0
2009-04-28 00:00:00+08:00,9.917311585346575,10.169446781879632,9.497086524963379,9.497086524963379,2794000,0.0,0.0
2009-04-29 00:00:00+08:00,9.286973864293662,9.45506372578221,8.866748809814453,8.866748809814453,3825000,0.0,0.0
2009-04-30 00:00:00+08:00,9.076862342920341,9.45506477355957,9.076862342920341,9.45506477355957,2153000,0.0,0.0
2009-05-04 00:00:00+08:00,9.833266252663659,9.833266252663659,9.244951328430322,9.497086524963379,3051000,0.0,0.0
2009-05-05 00:00:00+08:00,9.581131912372147,9.875289801534809,9.118884945853344,9.37101936340332,3288000,0.0,0.0
2009-05-06 00:00:00+08:00,9.371018567988978,9.875288963317871,9.160906036854556,9.875288963317871,2466000,0.0,0.0
2009-05-07 00:00:00+08:00,9.875289909310183,10.54765023365148,9.707200028603804,10.421582221984863,4228000,0.0,0.0
2009-05-08 00:00:00+08:00,10.16944793429375,10.92585280809394,10.16944793429375,10.589673042297363,3510000,0.0,0.0
2009-05-11 00:00:00+08:00,10.715740114357859,10.925852665619777,10.421582221984863,10.421582221984863,3178000,0.0,0.0
2009-05-12 00:00:00+08:00,10.421581265595705,10.757761797672933,10.08540153503418,10.08540153503418,4831000,0.0,0.0
2009-05-13 00:00:00+08:00,9.917311668395996,10.337536732298236,9.791243668315904,9.917311668395996,2342000,0.0,0.0
2009-05-14 00:00:00+08:00,9.6231537305199,10.42158118561256,9.6231537305199,10.00135612487793,2915000,0.0,0.0
2009-05-15 00:00:00+08:00,10.33753665437505,10.463603851989163,10.00135612487793,10.00135612487793,2781000,0.0,0.0
2009-05-18 00:00:00+08:00,10.001357170974885,10.673717498779297,10.001357170974885,10.673717498779297,4522000,0.0,0.0
2009-05-19 00:00:00+08:00,11.346075987020129,11.388098650978888,10.799783760103196,11.009896278381348,12428000,0.0,0.0
2009-05-20 00:00:00+08:00,11.177988036064967,11.68225768488911,11.093942693836384,11.346077919006348,5505000,0.0,0.0
2009-05-21 00:00:00+08:00,11.514167804530631,12.102482795715332,11.346077921551544,12.102482795715332,5738000,0.0,0.0
2009-05-22 00:00:00+08:00,12.27057264287143,12.94293212890625,12.27057264287143,12.94293212890625,13933000,0.0,0.0
2009-05-25 00:00:00+08:00,13.783382603789185,13.825406074523926,13.447202853068767,13.825406074523926,10109000,0.0,0.0
2009-05-26 00:00:00+08:00,14.287652791245744,14.497765332293476,12.858887672424316,12.858887672424316,10670000,0.0,0.0
2009-05-27 00:00:00+08:00,13.237090068483415,13.699337016963899,12.648775114631743,13.363157272338867,5512000,0.0,0.0
2009-06-01 00:00:00+08:00,14.161585568475852,14.20360743541718,13.279112736940476,13.363157272338867,6132000,0.0,0.0
2009-06-02 00:00:00+08:00,13.615294277853058,13.783383360930902,12.438663482666016,12.438663482666016,5900000,0.0,0.0
2009-06-03 00:00:00+08:00,11.766303029757156,12.690798588415818,11.598213146778068,12.102482795715332,5052000,0.0,0.0
2009-06-04 00:00:00+08:00,11.934392912736243,12.396640692065574,11.934392912736243,12.102482795715332,3104000,0.0,0.0
2009-06-05 00:00:00+08:00,12.3546181396113,12.858888594908004,12.186528255017663,12.438663482666016,3971000,0.0,0.0
2009-06-08 00:00:00+08:00,12.732819380192453,12.732819380192453,11.640234832557612,11.682256698608398,3078000,0.0,0.0
2009-06-09 00:00:00+08:00,11.850347255544854,11.850347255544854,10.883829116821289,10.883829116821289,3887000,0.0,0.0
2009-06-10 00:00:00+08:00,10.883829078404686,11.051918944954174,10.12742427817413,10.16944694519043,3855000,0.0,0.0
2009-06-11 00:00:00+08:00,10.211469723319027,10.673717498779297,10.001357170974885,10.673717498779297,2463000,0.0,0.0
2009-06-12 00:00:00+08:00,10.841807449499768,11.135965345263998,10.63169489581554,10.757762908935547,3244000,0.0,0.0
2009-06-15 00:00:00+08:00,10.589671891925597,10.589671891925597,10.043378829956055,10.043378829956055,1711000,0.0,0.0
2009-06-16 00:00:00+08:00,9.749221805763318,10.421581266975378,9.371018606936905,10.253491401672363,2865000,0.0,0.0
2009-06-17 00:00:00+08:00,10.421581264169264,10.673716462813747,9.917311668395996,9.917311668395996,1919000,0.0,0.0
2009-06-18 00:00:00+08:00,10.33753770555211,10.33753770555211,9.455064827971606,9.707200050354004,1431000,0.0,0.0
2009-06-19 00:00:00+08:00,9.791243632240551,10.211468694594492,9.707199100679182,10.043378829956055,1553000,0.0,0.0
2009-06-22 00:00:00+08:00,10.127424163033123,10.211468694594492,9.49708656950221,10.043378829956055,2244000,0.0,0.0
2009-06-23 00:00:00+08:00,9.539109273755622,10.715739132392432,9.539109273755622,10.253491401672363,5700000,0.0,0.0
2009-06-24 00:00:00+08:00,10.337536811739918,10.505626678289408,10.085401611157831,10.16944694519043,1837000,0.0,0.0
2009-06-25 00:00:00+08:00,10.16944694527768,10.547649345396204,10.16944694527768,10.337536811828613,1502000,0.0,0.0
2009-06-26 00:00:00+08:00,10.421582221984863,10.799785455468935,10.421582221984863,10.421582221984863,1921000,0.0,0.0
2009-06-29 00:00:00+08:00,10.421581223661091,10.589671889781188,9.833266296787848,9.875288963317871,1044000,0.0,0.0
2009-06-30 00:00:00+08:00,10.085401533653751,10.169446867040481,9.833266335009268,9.917311668395996,1005000,0.0,0.0
2009-07-01 00:00:00+08:00,10.169446869778707,10.337536735081722,9.959334337771011,10.253491401672363,1419000,0.0,0.0
2009-07-02 00:00:00+08:00,10.295514182565228,10.673716584070604,10.295514182565228,10.379559516906738,2446000,0.0,0.0
2009-07-03 00:00:00+08:00,10.379559441856815,10.883829039712602,10.169446909037978,10.631693840026855,3537000,0.0,0.0
2009-07-06 00:00:00+08:00,10.631694773246782,10.715740114357859,10.421582221984863,10.421582221984863,1244000,0.0,0.0
2009-07-07 00:00:00+08:00,10.505626786429927,11.135964393615723,10.463604118981063,11.135964393615723,3529000,0.0,0.0
2009-07-08 00:00:00+08:00,11.262031591223622,11.640234796639437,11.09394172299199,11.47214412689209,5507000,0.0,0.0
2009-07-09 00:00:00+08:00,11.640235815290605,11.766303027117694,11.346077919006348,11.346077919006348,4059000,0.0,0.0
2009-07-10 00:00:00+08:00,11.346076890859848,11.514166758569443,11.009897155440656,11.093941688537598,1379000,0.0,0.0
2009-07-13 00:00:00+08:00,11.262031478616588,11.262031478616588,10.337536811828613,10.337536811828613,2479000,0.0,0.0
2009-07-14 00:00:00+08:00,10.337536774989907,10.799784507494488,10.337536774989907,10.631693840026855,1561000,0.0,0.0
2009-07-15 00:00:00+08:00,10.88383012053977,11.009898133659776,10.757762908935547,10.757762908935547,1719000,0.0,0.0
2009-07-16 00:00:00+08:00,11.093942674223996,11.135965345263998,10.63169489581554,10.757762908935547,1462000,0.0,0.0
2009-07-17 00:00:00+08:00,10.841806522989398,11.262031594446595,10.841806522989398,11.135964393615723,2436000,0.0,0.0
2009-07-20 00:00:00+08:00,11.472144196440219,11.892369270324707,11.262031659497975,11.892369270324707,4116000,0.0,0.0
2009-07-21 00:00:00+08:00,12.060459907403564,12.144504441036275,11.304054295614861,11.514166831970215,3846000,0.0,0.0
2009-07-22 00:00:00+08:00,11.724278559192797,12.312593460083008,11.51416603733803,12.312593460083008,9752000,0.0,0.0
2009-07-23 00:00:00+08:00,13.153044700622559,13.153044700622559,13.153044700622559,13.153044700622559,4453000,0.0,0.0
2009-07-24 00:00:00+08:00,14.035518331597368,14.035518331597368,13.111022833780101,13.153044700622559,17259000,0.0,0.0
2009-07-27 00:00:00+08:00,13.279112779370143,13.573269856478007,12.648775155047343,13.237090110778809,6412000,0.0,0.0
2009-07-28 00:00:00+08:00,13.447202628199765,14.161585588429173,13.279112755650415,13.909449577331543,13014000,0.0,0.0
2009-07-29 00:00:00+08:00,13.615293502807617,14.077540458747936,13.321135620376735,13.615293502807617,10389000,0.0,0.0
2009-07-30 00:00:00+08:00,13.447201588114755,13.531246918646742,12.69079681938957,12.816864013671875,6073000,0.0,0.0
2009-07-31 00:00:00+08:00,12.942931207954182,13.237089063300461,12.69079681938957,12.816864013671875,5106000,0.0,0.0
2009-08-03 00:00:00+08:00,12.690796826318842,13.111021876176872,12.39663897081195,12.984953880310059,5400000,0.0,0.0
2009-08-04 00:00:00+08:00,13.111022822747161,13.237090026199915,12.1024819890622,12.270572662353516,3193000,0.0,0.0
2009-08-05 00:00:00+08:00,12.396639985386775,13.11102294921875,12.354617316658588,13.11102294921875,4289000,0.0,0.0
2009-08-06 00:00:00+08:00,13.363157358556398,13.573269900681597,12.900910407093551,13.11102294921875,15886000,0.0,0.0
2009-08-10 00:00:00+08:00,12.900910407093551,13.489224563225221,12.816865069637174,13.11102294921875,5488000,0.0,0.0
2009-08-11 00:00:00+08:00,13.02697760513188,13.363157351754792,12.94293226771828,13.279112815856934,2753000,0.0,0.0
2009-08-12 00:00:00+08:00,13.111022039710987,13.825404953986427,13.111022039710987,13.321134567260742,4271000,0.0,0.0
2009-08-13 00:00:00+08:00,13.447202682495117,13.7833824289512,13.405180013809172,13.447202682495117,5119000,0.0,0.0
2009-08-14 00:00:00+08:00,13.531247964080205,13.615293301105591,12.77484233539893,12.858887672424316,3606000,0.0,0.0
2009-08-17 00:00:00+08:00,12.774841251740034,13.02697643991244,12.354616205291245,12.396638870239258,1804000,0.0,0.0
2009-08-18 00:00:00+08:00,12.018437278833417,12.270572483581253,11.55618953704834,11.55618953704834,4111000,0.0,0.0
2009-08-19 00:00:00+08:00,11.640234832557612,11.934391902491715,11.640234832557612,11.682256698608398,1532000,0.0,0.0
2009-08-20 00:00:00+08:00,11.598212245403989,11.766302115319698,10.925851964225433,11.430122375488281,1648000,0.0,0.0
2009-08-21 00:00:00+08:00,11.598212207497001,11.85034741230436,11.00989726395698,11.388099670410156,1388000,0.0,0.0
2009-08-24 00:00:00+08:00,11.64023497994369,11.892369385503759,11.556189643746515,11.850347518920898,1232000,0.0,0.0
2009-08-25 00:00:00+08:00,11.850347371048212,11.850347371048212,11.430122298337505,11.514166831970215,843000,0.0,0.0
2009-08-26 00:00:00+08:00,11.556189386380545,11.724279253515665,11.009897117812475,11.051918983459473,1211000,0.0,0.0
2009-08-27 00:00:00+08:00,10.75776191635194,11.346076852082717,10.75776191635194,11.051918983459473,845000,0.0,0.0
2009-08-28 00:00:00+08:00,11.093942660503847,11.514167767352598,11.093942660503847,11.304055213928223,790000,0.0,0.0
2009-08-31 00:00:00+08:00,11.304054371914708,11.472144241830415,11.093941834141141,11.430122375488281,714000,0.0,0.0
2009-09-01 00:00:00+08:00,11.43012331180012,12.102482846540065,11.22001075681494,11.976415634155273,1983000,0.0,0.0
2009-09-02 00:00:00+08:00,11.976414605707891,12.186527142650135,11.766302068765649,11.892369270324707,1483000,0.0,0.0
2009-09-03 00:00:00+08:00,11.934392962855078,12.186528189140454,11.766303079170093,11.976415634155273,1871000,0.0,0.0
2009-09-04 00:00:00+08:00,12.186527215060424,12.522706955559249,12.102481879177855,12.14450454711914,1797000,0.0,0.0
2009-09-07 00:00:00+08:00,12.186528223390802,12.354618107548207,11.976415667815099,12.018438339233398,1422000,0.0,0.0
2009-09-08 00:00:00+08:00,12.1445046255468,12.354617165094377,12.018437422424546,12.060460090637207,1447000,0.0,0.0
2009-09-09 00:00:00+08:00,12.060459907403564,12.18652710861049,11.220009761982151,11.514166831970215,1787000,0.0,0.0
2009-09-10 00:00:00+08:00,11.514166909688274,11.850347451035413,11.346077039772565,11.430122375488281,2354000,0.0,0.0
2009-09-11 00:00:00+08:00,11.430122372258257,11.850347447686637,11.430122372258257,11.598212242126465,1228000,0.0,0.0
2009-09-14 00:00:00+08:00,11.514166872055975,11.598212207497001,11.346077002689643,11.388099670410156,772000,0.0,0.0
2009-09-15 00:00:00+08:00,11.38809973023892,12.14450454711914,11.38809973023892,12.14450454711914,3183000,0.0,0.0
2009-09-16 00:00:00+08:00,12.228550843486014,12.69079862411567,12.228550843486014,12.52270793914795,4629000,0.0,0.0
2009-09-17 00:00:00+08:00,12.606752291441818,12.648774959383102,12.14450454711914,12.14450454711914,2123000,0.0,0.0
2009-09-18 00:00:00+08:00,12.186527325707859,12.522707069259024,12.060460122255105,12.270572662353516,1885000,0.0,0.0
2009-09-21 00:00:00+08:00,12.270572693439126,12.690797774700524,12.270572693439126,12.480685234069824,2855000,0.0,0.0
2009-09-22 00:00:00+08:00,12.648774147033691,13.026976531184294,12.480684287579608,12.648774147033691,3761000,0.0,0.0
2009-09-23 00:00:00+08:00,12.858887580614853,12.858887580614853,11.934392085999223,12.060460090637207,2466000,0.0,0.0
2009-09-24 00:00:00+08:00,11.892369340987159,12.186527215060424,11.808324806620314,12.14450454711914,1203000,0.0,0.0
2009-09-25 00:00:00+08:00,11.8923703249785,12.228550894809102,11.850348455075993,12.018438339233398,1281000,0.0,0.0
2009-09-28 00:00:00+08:00,12.102482043743041,12.858887672424316,12.060460176746084,12.858887672424316,6850000,0.0,0.0
2009-09-29 00:00:00+08:00,13.026977611762375,13.32113549134395,12.606752527511976,13.11102294921875,10702000,0.0,0.0
2009-09-30 00:00:00+08:00,13.111021956011127,13.363156346248678,12.942931293831855,13.068999290466309,5558000,0.0,0.0
2009-10-01 00:00:00+08:00,13.06900023792921,13.531247989402411,13.026977569337875,13.237090110778809,9495000,0.0,0.0
2009-10-02 00:00:00+08:00,13.026977598667145,13.86742776632309,13.026977598667145,13.447202682495117,8548000,0.0,0.0
2009-10-05 00:00:00+08:00,13.615293386949523,13.78338245902862,13.363157374283652,13.657315254211426,4556000,0.0,0.0
2009-10-06 00:00:00+08:00,13.825404999113125,14.161584723683763,13.53124713897705,13.53124713897705,8299000,0.0,0.0
2009-10-07 00:00:00+08:00,13.573269781173002,13.699336984731842,13.111022833780101,13.153044700622559,4805000,0.0,0.0
2009-10-08 00:00:00+08:00,13.195067417494393,13.321135423032473,12.858887672424316,12.858887672424316,2907000,0.0,0.0
2009-10-09 00:00:00+08:00,12.942931293831855,13.531247008427949,12.942931293831855,13.068999290466309,3012000,0.0,0.0
2009-10-12 00:00:00+08:00,13.405179983628408,13.405179983628408,13.06900023792921,13.237090110778809,1675000,0.0,0.0
2009-10-13 00:00:00+08:00,12.90091054187798,14.161585807800293,12.90091054187798,14.161585807800293,13042000,0.0,0.0
2009-10-14 00:00:00+08:00,14.66585352433948,15.128100395202637,14.287650373246935,15.128100395202637,23210000,0.0,0.0
2009-10-15 00:00:00+08:00,15.422261021783614,15.88450797651911,15.128103140119437,15.170125007629395,20178000,0.0,0.0
2009-10-16 00:00:00+08:00,15.380235753923367,15.674393601212554,15.212146700494763,15.46428108215332,7221000,0.0,0.0
2009-10-19 00:00:00+08:00,15.464284007714292,16.514846801757812,15.464284007714292,16.514846801757812,19841000,0.0,0.0
2009-10-20 00:00:00+08:00,16.514845894275005,16.89304912056123,16.136644271020298,16.388778686523438,13153000,0.0,0.0
2009-10-21 00:00:00+08:00,16.052597045898438,16.430798624727885,15.968551716259228,16.052597045898438,5973000,0.0,0.0
2009-10-22 00:00:00+08:00,15.84248527293197,16.17866500436443,15.044057008127398,15.338214874267578,7161000,0.0,0.0
2009-10-23 00:00:00+08:00,15.548329234504358,15.842487135222923,15.086082249826326,15.590351104736328,10150000,0.0,0.0
2009-10-26 00:00:00+08:00,15.800462667339099,15.926531476162314,15.380237579345703,15.380237579345703,5471000,0.0,0.0
2009-10-27 00:00:00+08:00,15.296193084889913,15.632372817990824,15.254169616357665,15.422260284423828,3691000,0.0,0.0
2009-10-28 00:00:00+08:00,15.548327483957742,15.884507217058655,15.38023681589158,15.422260284423828,5045000,0.0,0.0
2009-10-29 00:00:00+08:00,15.12810320172991,15.12810320172991,14.371698362249713,14.707878112792969,5202000,0.0,0.0
2009-10-30 00:00:00+08:00,14.960011633009113,15.212147633157533,14.665855370716393,14.791922569274902,4067000,0.0,0.0
2009-11-02 00:00:00+08:00,14.3296731586272,15.46428108215332,14.3296731586272,15.46428108215332,5042000,0.0,0.0
2009-11-03 00:00:00+08:00,15.464282149924662,15.842485351557821,15.38023681589158,15.422260284423828,5469000,0.0,0.0
2009-11-04 00:00:00+08:00,15.716419921495422,15.884509005454891,15.50630736427239,15.590351104736328,3373000,0.0,0.0
2009-11-05 00:00:00+08:00,15.75844179172739,16.136645035941488,15.548329234504358,15.590351104736328,7958000,0.0,0.0
2009-11-06 00:00:00+08:00,16.052598035750528,16.3047324371842,15.590349495746887,16.262710571289062,15814000,0.0,0.0
2009-11-09 00:00:00+08:00,16.34675597700826,16.724957580799067,16.052598105372233,16.68293571472168,14256000,0.0,0.0
2009-11-10 00:00:00+08:00,16.682935789315923,16.85102485740849,16.388777916364628,16.76698112487793,11319000,0.0,0.0
2009-11-11 00:00:00+08:00,16.809003044577207,17.85956573486328,16.43079983486164,17.85956573486328,10801000,0.0,0.0
2009-11-12 00:00:00+08:00,17.85956654566534,18.237769772550863,17.103161694925817,17.145183563232422,22272000,0.0,0.0
2009-11-13 00:00:00+08:00,16.89304741190916,17.313272463931618,16.72495674988763,16.977092742919922,6532000,0.0,0.0
2009-11-16 00:00:00+08:00,17.229226252252115,17.81754193622445,17.14518092553731,17.52338409423828,8670000,0.0,0.0
2009-11-17 00:00:00+08:00,17.52338578137536,17.565407647262955,16.59889030456543,16.59889030456543,6358000,0.0,0.0
2009-11-18 00:00:00+08:00,16.640911506312666,17.481361614773533,16.640911506312666,17.39731788635254,8559000,0.0,0.0
2009-11-19 00:00:00+08:00,17.39731788635254,17.985632000456327,17.31327255490018,17.39731788635254,16218000,0.0,0.0
2009-11-20 00:00:00+08:00,17.481361389160156,17.901586437967193,17.397317661823827,17.481361389160156,6691000,0.0,0.0
2009-11-23 00:00:00+08:00,17.81754399674717,18.700016021728516,17.481362651010027,18.700016021728516,15055000,0.0,0.0
2009-11-24 00:00:00+08:00,19.078220228750595,19.582489067581868,18.91012954711914,18.91012954711914,15875000,0.0,0.0
2009-11-25 00:00:00+08:00,19.41439908226511,20.212825775146484,19.162263071593518,20.212825775146484,7574000,0.0,0.0
2009-11-26 00:00:00+08:00,20.759117597890683,20.969230117695115,19.792598724365234,19.792598724365234,18709000,0.0,0.0
2009-11-27 00:00:00+08:00,19.330352609807797,19.666532334589483,18.48990249633789,18.48990249633789,8654000,0.0,0.0
2009-11-30 00:00:00+08:00,19.288330762447984,19.372374491444386,18.994172901866442,19.162261962890625,6053000,0.0,0.0
2009-12-01 00:00:00+08:00,19.204285658103625,19.582487252165482,18.65799339799335,19.078218460083008,7059000,0.0,0.0
2009-12-02 00:00:00+08:00,19.498444368288872,20.338894528938713,19.24630835827504,19.4564208984375,9779000,0.0,0.0
2009-12-03 00:00:00+08:00,19.62451047898348,19.834623007445764,18.826082229614258,18.826082229614258,4379000,0.0,0.0
2009-12-04 00:00:00+08:00,18.994172893596634,19.666532343463388,18.826082229614258,18.826082229614258,5611000,0.0,0.0
2009-12-07 00:00:00+08:00,19.078217395161698,19.582486159096543,18.99417206682879,19.1202392578125,5981000,0.0,0.0
2009-12-08 00:00:00+08:00,19.162262123127427,20.380915440142306,18.994173060697666,19.666532516479492,11444000,0.0,0.0
2009-12-09 00:00:00+08:00,20.002712322784493,20.212824853918914,19.708556061621415,19.750577926635742,5842000,0.0,0.0
2009-12-10 00:00:00+08:00,20.086757409133458,20.29686993768722,18.952149434336864,19.162261962890625,6789000,0.0,0.0
2009-12-11 00:00:00+08:00,19.162262948915807,19.8346240367041,19.162262948915807,19.37237548828125,3829000,0.0,0.0
2009-12-14 00:00:00+08:00,19.708556833691127,19.708556833691127,19.330353621620745,19.37237548828125,3516000,0.0,0.0
2009-12-15 00:00:00+08:00,19.498445548535603,20.717097393424353,19.414400206777035,19.918670654296875,16898000,0.0,0.0
2009-12-16 00:00:00+08:00,19.750578003405266,20.170803067307503,19.666532670018537,19.834623336791992,4646000,0.0,0.0
2009-12-17 00:00:00+08:00,20.128781039374072,20.59102796471637,19.330352783203125,19.330352783203125,6314000,0.0,0.0
2009-12-18 00:00:00+08:00,18.91012847833159,19.330353555627845,18.70001593968346,18.952150344848633,3448000,0.0,0.0
2009-12-21 00:00:00+08:00,18.952150344848633,19.246308219562305,18.91012847833159,18.952150344848633,1531000,0.0,0.0
2009-12-22 00:00:00+08:00,19.12024115478386,20.002713182253604,19.07821928796395,19.4564208984375,4357000,0.0,0.0
2009-12-23 00:00:00+08:00,19.540464501631885,20.002711407769787,19.49844263853983,19.960689544677734,5065000,0.0,0.0
2009-12-24 00:00:00+08:00,20.086756655188797,20.59102702539661,19.834622271600548,19.876644134521484,9662000,0.0,0.0
2009-12-25 00:00:00+08:00,20.086757816874506,21.26338768005371,19.918668752438283,21.26338768005371,26305000,0.0,0.0
2009-12-28 00:00:00+08:00,21.43147960523168,22.734176743944925,21.01125451493302,22.145862579345703,28229000,0.0,0.0
2009-12-29 00:00:00+08:00,22.145859073679944,23.658668518066406,21.683610585705956,23.658668518066406,21139000,0.0,0.0
2009-12-30 00:00:00+08:00,23.910809527781772,25.00339417839831,23.910809527781772,24.87732696533203,25799000,0.0,0.0
2009-12-31 00:00:00+08:00,25.12945735703761,25.717773060937454,24.3730525970459,24.3730525970459,12509000,0.0,0.0
2010-01-04 00:00:00+08:00,24.204965761108408,25.17148479918191,23.700696910151986,24.036876678466797,8924000,0.0,0.0
2010-01-05 00:00:00+08:00,24.204963546924123,24.37305421722098,22.355974188815875,23.02833366394043,11859000,0.0,0.0
2010-01-06 00:00:00+08:00,23.112380123824934,23.784739631669055,22.776200369902874,23.406538009643555,9681000,0.0,0.0
2010-01-07 00:00:00+08:00,23.406537681005254,23.532604886577047,22.271929624796137,22.31395149230957,5847000,0.0,0.0
2010-01-08 00:00:00+08:00,22.18788345565456,22.397995991414607,21.51552398243499,21.935749053955078,5378000,0.0,0.0
2010-01-11 00:00:00+08:00,21.93575089811107,22.77620111180857,21.68361487218288,22.608110427856445,5038000,0.0,0.0
2010-01-12 00:00:00+08:00,22.692155838012695,23.11238094612404,22.355976072129934,22.692155838012695,4927000,0.0,0.0
2010-01-13 00:00:00+08:00,22.355974339713715,23.112379155092263,22.355974339713715,22.860244750976562,3791000,0.0,0.0
2010-01-14 00:00:00+08:00,23.196423339113302,23.700693725339292,23.154399871826172,23.154399871826172,5063000,0.0,0.0
2010-01-15 00:00:00+08:00,23.49058228197629,23.78473855140328,23.11237907409668,23.11237907409668,5319000,0.0,0.0
2010-01-18 00:00:00+08:00,22.860244670864564,23.49058228197629,22.52406332917982,23.11237907409668,3854000,0.0,0.0
2010-01-19 00:00:00+08:00,23.280469744939047,23.868783886824463,23.070357207901807,23.11237907409668,7396000,0.0,0.0
2010-01-20 00:00:00+08:00,23.364512548678405,23.616648544920515,22.944287491306266,22.986310958862305,4403000,0.0,0.0
2010-01-21 00:00:00+08:00,22.986310517069132,23.070355847534497,21.431477514069577,21.557544708251953,6223000,0.0,0.0
2010-01-22 00:00:00+08:00,20.338891931371148,21.137318520199113,20.338891931371148,20.591026306152344,3522000,0.0,0.0
2010-01-25 00:00:00+08:00,20.17080505371094,21.22136781692505,20.17080505371094,21.011255264282227,3331000,0.0,0.0
2010-01-26 00:00:00+08:00,21.389457310189403,21.683613585097895,19.54046630859375,19.54046630859375,3714000,0.0,0.0
2010-01-27 00:00:00+08:00,19.6665324097588,19.834623074307807,18.19574470556483,18.237768173217773,3202000,0.0,0.0
2010-01-28 00:00:00+08:00,18.48990280908049,19.498443603515625,18.48990280908049,19.498443603515625,2495000,0.0,0.0
2010-01-29 00:00:00+08:00,19.24630753130685,19.876645124710116,18.657993405949302,19.750577926635742,2544000,0.0,0.0
2010-02-01 00:00:00+08:00,20.086756655188797,20.29686917585611,19.75057694272736,19.876644134521484,2422000,0.0,0.0
2010-02-02 00:00:00+08:00,20.25484823107635,20.338893563759264,18.994173049926758,18.994173049926758,2523000,0.0,0.0
2010-02-03 00:00:00+08:00,19.75057969484058,19.75057969484058,18.742038813891423,19.582489013671875,2139000,0.0,0.0
2010-02-04 00:00:00+08:00,19.75057969484058,19.918670376009285,19.414399935534707,19.582489013671875,1690000,0.0,0.0
2010-02-05 00:00:00+08:00,18.321811902460894,18.994172957625537,18.237768173217773,18.237768173217773,2761000,0.0,0.0
2010-02-08 00:00:00+08:00,17.103161834237415,17.565408801501317,16.851025813249485,17.313274383544922,1737000,0.0,0.0
2010-02-09 00:00:00+08:00,17.481361718961455,18.48990249633789,17.14518199417977,18.48990249633789,2961000,0.0,0.0
2010-02-10 00:00:00+08:00,18.91012756983866,19.58248701999815,18.82608223781088,19.162261962890625,2608000,0.0,0.0
2010-02-22 00:00:00+08:00,19.83462317069315,19.83462317069315,18.910127717243842,18.994173049926758,1200000,0.0,0.0
2010-02-23 00:00:00+08:00,18.994174106240262,19.33035385263634,18.910128768883375,19.288331985473633,1107000,0.0,0.0
2010-02-24 00:00:00+08:00,18.91012764660244,19.750577764229217,18.91012764660244,19.246307373046875,1779000,0.0,0.0
2010-02-25 00:00:00+08:00,19.498443282512387,19.5824870114722,18.48990250468088,18.826082229614258,1584000,0.0,0.0
2010-02-26 00:00:00+08:00,18.91012857100832,19.0782192439632,18.321812818697698,18.36383628845215,1318000,0.0,0.0
2010-03-01 00:00:00+08:00,18.657994073166414,18.99417381439713,18.531925267552374,18.952150344848633,1254000,0.0,0.0
2010-03-02 00:00:00+08:00,19.1622621982468,20.254848321964637,19.1622621982468,19.750577926635742,7449000,0.0,0.0
2010-03-03 00:00:00+08:00,19.75057986287402,19.960692414606722,19.414400100708008,19.414400100708008,2354000,0.0,0.0
2010-03-04 00:00:00+08:00,19.58248733385905,19.834623333983536,19.204285738219426,19.498443603515625,1642000,0.0,0.0
2010-03-05 00:00:00+08:00,19.750577926635742,20.002712322784493,19.62451072856137,19.750577926635742,1677000,0.0,0.0
2010-03-08 00:00:00+08:00,19.876645128735138,20.338893659143313,19.876645128735138,20.08675765991211,2849000,0.0,0.0
2010-03-09 00:00:00+08:00,20.17080307006836,20.422937467231655,19.918668672905067,20.17080307006836,1755000,0.0,0.0
2010-03-10 00:00:00+08:00,20.170803222488725,20.885186157224815,20.044736022954453,20.675073623657227,6853000,0.0,0.0
2010-03-11 00:00:00+08:00,20.675073392469056,21.30541098612341,20.422937393188477,20.422937393188477,3394000,0.0,0.0
2010-03-12 00:00:00+08:00,20.42293731049049,20.633049840857804,20.00271224975586,20.00271224975586,1591000,0.0,0.0
2010-03-15 00:00:00+08:00,19.83462618825594,20.380918529258604,19.58249015184819,19.624513626098633,1234000,0.0,0.0
2010-03-16 00:00:00+08:00,19.624510804840874,20.044735868743114,19.624510804840874,19.834623336791992,1097000,0.0,0.0
2010-03-17 00:00:00+08:00,20.00271323443589,20.59102898963814,20.00271323443589,20.212825775146484,2337000,0.0,0.0
2010-03-18 00:00:00+08:00,20.380915528157413,20.843162455624714,20.25484833003282,20.422937393188477,2676000,0.0,0.0
2010-03-19 00:00:00+08:00,20.4649611651339,20.927208099465076,20.422937696447434,20.759119033813477,3717000,0.0,0.0
2010-03-22 00:00:00+08:00,20.759119033813477,20.759119033813477,20.759119033813477,20.759119033813477,0,0.0,0.0
2010-03-23 00:00:00+08:00,20.927209016544392,21.599570117709494,20.84316367851982,20.88518714904785,4758000,0.0,0.0
2010-03-24 00:00:00+08:00,21.1793442458252,22.06181625480482,21.053275441944027,21.935749053955078,9979000,0.0,0.0
2010-03-25 00:00:00+08:00,22.103837966918945,22.313950501216773,21.599569167029294,22.103837966918945,10018000,0.0,0.0
2010-03-26 00:00:00+08:00,22.103838120744257,22.271928790564864,21.851703719044774,21.935749053955078,4822000,0.0,0.0
2010-03-29 00:00:00+08:00,21.97777091660512,22.69215385868864,21.851703715774246,22.271928787231445,9478000,0.0,0.0
2010-03-30 00:00:00+08:00,22.397997869319834,22.524065080739373,21.85170555114746,21.85170555114746,3783000,0.0,0.0
2010-03-31 00:00:00+08:00,21.851704423212528,22.103838833037003,21.43147933815075,21.473501205444336,2430000,0.0,0.0
2010-04-01 00:00:00+08:00,21.515525855907242,22.692155838012695,21.515525855907242,22.692155838012695,8310000,0.0,0.0
2010-04-02 00:00:00+08:00,22.944287403803436,23.112378067323792,22.482040483669508,22.566085815429688,6723000,0.0,0.0
2010-04-06 00:00:00+08:00,22.692153011554268,23.07035620295939,22.52406234803391,22.566085815429688,5975000,0.0,0.0
2010-04-07 00:00:00+08:00,22.69215377956088,22.902266314556815,22.229906843782395,22.524063110351562,3933000,0.0,0.0
2010-04-08 00:00:00+08:00,22.52406511373644,22.52406511373644,21.26338979163108,21.515525817871094,4371000,0.0,0.0
2010-04-09 00:00:00+08:00,21.515525786351507,21.85170555114746,21.431480444394627,21.85170555114746,1916000,0.0,0.0
2010-04-12 00:00:00+08:00,22.06181327019972,22.06181327019972,21.389453887939453,21.389453887939453,1490000,0.0,0.0
2010-04-13 00:00:00+08:00,21.095299590707622,21.599570013388053,21.095299590707622,21.473501205444336,1325000,0.0,0.0
2010-04-14 00:00:00+08:00,21.683614898999537,21.683614898999537,21.43148047579109,21.515525817871094,1341000,0.0,0.0
2010-04-15 00:00:00+08:00,21.809681702322912,22.18788330225742,21.683612899313324,21.767658233642578,4888000,0.0,0.0
2010-04-16 00:00:00+08:00,21.893727452683763,22.145863478923772,21.515525817871094,21.515525817871094,3451000,0.0,0.0
2010-04-19 00:00:00+08:00,20.885185919597156,21.3054109819511,20.08675765991211,20.08675765991211,3648000,0.0,0.0
2010-04-20 00:00:00+08:00,20.254848406148053,20.801140668761782,20.254848406148053,20.506982803344727,2415000,0.0,0.0
2010-04-21 00:00:00+08:00,20.633050080243983,21.095298614233954,20.633050080243983,20.927207946777344,1799000,0.0,0.0
2010-04-22 00:00:00+08:00,20.84316261304904,21.095298614233954,20.422937547438927,20.927207946777344,2541000,0.0,0.0
2010-04-23 00:00:00+08:00,21.011255264282227,21.473502238883814,20.927209922618786,21.011255264282227,3022000,0.0,0.0
2010-04-26 00:00:00+08:00,21.17934486960591,21.47350114590841,21.011254194834642,21.05327606201172,2153000,0.0,0.0
2010-04-27 00:00:00+08:00,21.095298768148098,21.263387833799698,20.675073699471966,20.759119033813477,1249000,0.0,0.0
2010-04-28 00:00:00+08:00,20.170802244921887,20.591027291691095,20.170802244921887,20.4649600982666,1539000,0.0,0.0
2010-04-29 00:00:00+08:00,20.633048167605455,21.011251332808513,20.50698098021486,20.591026306152344,1594000,0.0,0.0
2010-04-30 00:00:00+08:00,20.717097393424353,20.969233418700053,19.750579970779743,19.918670654296875,1792000,0.0,0.0
2010-05-03 00:00:00+08:00,19.750579749213323,19.918670430844777,18.91012954711914,18.91012954711914,1613000,0.0,0.0
2010-05-04 00:00:00+08:00,18.994173127058797,19.288330991127836,18.952149659030994,19.078218460083008,1121000,0.0,0.0
2010-05-05 00:00:00+08:00,18.489902417777813,18.868105608444907,18.237768026020664,18.40585708618164,1691000,0.0,0.0
2010-05-06 00:00:00+08:00,17.901589447283822,18.321814566732098,17.733500361323483,17.775522232055664,1517000,0.0,0.0
2010-05-07 00:00:00+08:00,16.55686950318306,17.775521325620847,16.55686950318306,17.64945411682129,1922000,0.0,0.0
2010-05-10 00:00:00+08:00,17.77552240171862,18.7840633392334,17.397320752424303,18.7840633392334,994000,0.0,0.0
2010-05-11 00:00:00+08:00,19.24630727785453,19.28833074534685,18.48990249633789,18.48990249633789,1575000,0.0,0.0
2010-05-12 00:00:00+08:00,18.48990140372933,18.784059246667642,18.195743560791016,18.195743560791016,696000,0.0,0.0
2010-05-13 00:00:00+08:00,18.489904309256662,19.07822008758199,18.489904309256662,18.74203872680664,1309000,0.0,0.0
2010-05-14 00:00:00+08:00,18.615968810829262,19.246306366069742,18.48990162038743,19.03619384765625,936000,0.0,0.0
2010-05-17 00:00:00+08:00,18.99417390748576,18.99417390748576,18.36383628845215,18.36383628845215,654000,0.0,0.0
2010-05-18 00:00:00+08:00,18.74203696080203,18.74203696080203,18.15372284094327,18.237768173217773,533000,0.0,0.0
2010-05-19 00:00:00+08:00,18.237767936297118,18.321811664448457,17.733497552232286,17.985631942749023,723000,0.0,0.0
2010-05-20 00:00:00+08:00,17.733499457031506,18.321813632439962,17.565408776611072,17.64945411682129,892000,0.0,0.0
2010-05-21 00:00:00+08:00,16.55686737591439,16.809001761118637,16.472822046502532,16.640911102294922,1314000,0.0,0.0
2010-05-24 00:00:00+08:00,17.481361441019995,17.481361441019995,16.640911340912663,16.893047332763672,715000,0.0,0.0
2010-05-25 00:00:00+08:00,16.68293560712574,16.89304814222044,15.716418266296387,15.716418266296387,1498000,0.0,0.0
2010-05-26 00:00:00+08:00,15.968554348950423,16.052599692445956,15.296194807049359,15.590351104736328,934000,0.0,0.0
2010-05-27 00:00:00+08:00,15.590348492225006,16.640911102294922,15.54832662903474,16.640911102294922,1590000,0.0,0.0
2010-05-28 00:00:00+08:00,16.724956671529664,17.229227052200336,16.724956671529664,16.893047332763672,1395000,0.0,0.0
2010-05-31 00:00:00+08:00,16.893048096409384,17.14518249662671,16.68293556188447,16.851024627685547,938000,0.0,0.0
2010-06-01 00:00:00+08:00,16.85102567599163,17.39731958216661,16.76698193937842,17.145183563232422,1257000,0.0,0.0
2010-06-02 00:00:00+08:00,16.977093656370798,17.3552952617213,16.55686858173817,17.103160858154297,1196000,0.0,0.0
2010-06-03 00:00:00+08:00,17.775519562332907,17.817543029785156,17.397317973450896,17.817543029785156,2548000,0.0,0.0
2010-06-04 00:00:00+08:00,17.817543029785156,18.279789950540295,17.69147423045978,17.817543029785156,2253000,0.0,0.0
2010-06-07 00:00:00+08:00,16.80900291160301,17.18720611832665,16.80900291160301,17.019115447998047,908000,0.0,0.0
2010-06-08 00:00:00+08:00,16.935070112833742,17.313273319557386,16.935070112833742,17.019115447998047,599000,0.0,0.0
2010-06-09 00:00:00+08:00,17.145183461778192,17.27125066898354,16.05259886195649,16.304733276367188,773000,0.0,0.0
2010-06-10 00:00:00+08:00,16.346755074636103,16.64091132700271,16.220686277300302,16.556867599487305,616000,0.0,0.0
2010-06-11 00:00:00+08:00,17.061138223587694,17.481363318779817,16.893049147329755,17.145183563232422,1551000,0.0,0.0
2010-06-14 00:00:00+08:00,17.355296110828483,17.355296110828483,17.061138223587694,17.145183563232422,606000,0.0,0.0
2010-06-15 00:00:00+08:00,17.355295105896378,17.607431110231012,17.229227905244773,17.271249771118164,843000,0.0,0.0
2010-06-17 00:00:00+08:00,17.52338693285243,17.649454141830628,17.2712509118645,17.313274383544922,636000,0.0,0.0
2010-06-18 00:00:00+08:00,16.89304824676731,17.43934052078812,16.89304824676731,17.019115447998047,434000,0.0,0.0
2010-06-21 00:00:00+08:00,17.061136560543098,17.439339750563036,17.061136560543098,17.39731788635254,600000,0.0,0.0
2010-06-22 00:00:00+08:00,17.48136445577312,18.02765839747923,17.439342584733403,17.943613052368164,1878000,0.0,0.0
2010-06-23 00:00:00+08:00,17.90158853442041,17.90158853442041,17.565408776611072,17.64945411682129,948000,0.0,0.0
2010-06-24 00:00:00+08:00,17.691476887559684,18.027658265543597,17.691476887559684,17.775522232055664,818000,0.0,0.0
2010-06-25 00:00:00+08:00,17.649454070300592,17.649454070300592,16.977094556454134,17.229228973388672,544000,0.0,0.0
2010-06-28 00:00:00+08:00,17.229228973388672,17.229228973388672,17.229228973388672,17.229228973388672,0,0.0,0.0
2010-06-29 00:00:00+08:00,17.103160787621313,17.229227988884915,16.640912245612856,16.68293571472168,748000,0.0,0.0
2010-06-30 00:00:00+08:00,16.05259712599612,16.38877684319906,16.05259712599612,16.136642456054688,859000,0.0,0.0
2010-07-01 00:00:00+08:00,16.05259712599612,16.30473151314049,16.05259712599612,16.136642456054688,483000,0.0,0.0
2010-07-02 00:00:00+08:00,16.220687937219783,16.38877861551459,16.13664420110389,16.304733276367188,674000,0.0,0.0
2010-07-05 00:00:00+08:00,16.514844132698254,16.80900198809621,16.304731607847053,16.556867599487305,1880000,0.0,0.0
2010-07-06 00:00:00+08:00,16.556870147118794,17.68377685546875,16.556870147118794,17.68377685546875,2866000,0.6,0.0
2010-07-07 00:00:00+08:00,18.0305153843044,18.637312258734877,17.857146029744598,18.550626754760742,6162000,0.0,0.0
2010-07-08 00:00:00+08:00,18.76733931670623,18.984052245659853,18.203886032104492,18.203886032104492,2582000,0.0,0.0
2010-07-09 00:00:00+08:00,18.29057279255908,18.89736804333718,18.24722921175372,18.37725830078125,2112000,0.0,0.0
2010-07-12 00:00:00+08:00,18.637310659822656,18.81068165289727,18.203884830524455,18.463939666748047,2647000,0.0,0.0
2010-07-13 00:00:00+08:00,18.637312258734877,19.157423629191218,18.463941250786608,18.550626754760742,4445000,0.0,0.0
2010-07-14 00:00:00+08:00,18.85402466414596,19.80756187438965,18.81068274006651,19.80756187438965,8583000,0.0,0.0
2010-07-15 00:00:00+08:00,19.937588091289417,20.674412329688646,19.677533255801837,20.067615509033203,8410000,0.0,0.0
2010-07-16 00:00:00+08:00,20.067617363591513,20.284330297654897,19.37413663594408,19.417478561401367,3247000,0.0,0.0
2010-07-19 00:00:00+08:00,19.114080414788237,19.33079335215948,18.810683625179294,18.897367477416992,1571000,0.0,0.0
2010-07-20 00:00:00+08:00,19.200764122968152,19.850902874220267,18.897365708372828,19.764217376708984,2754000,0.0,0.0
2010-07-21 00:00:00+08:00,20.02427512738367,20.24098805808395,19.504163763025304,19.720876693725586,2749000,0.0,0.0
2010-07-22 00:00:00+08:00,19.677533532586043,19.937588371731554,19.504162537563474,19.764217376708984,1764000,0.0,0.0
2010-07-23 00:00:00+08:00,19.980931248528933,20.32767325514222,19.850903822743163,20.024274826049805,3166000,0.0,0.0
2010-07-26 00:00:00+08:00,20.19764390802086,20.7610988345983,19.980930983456737,20.54438591003418,5829000,0.0,0.0
2010-07-27 00:00:00+08:00,20.97781189057004,21.671292592163923,20.71775538743103,21.62795066833496,15872000,0.0,0.0
2010-07-28 00:00:00+08:00,21.801320294779128,21.801320294779128,20.97781215781879,21.107839584350586,10148000,0.0,0.0
2010-07-29 00:00:00+08:00,20.804439463513965,20.977810453731898,20.371013641357422,20.371013641357422,3739000,0.0,0.0
2010-07-30 00:00:00+08:00,20.371015507241953,20.804441369098164,19.937589645385742,19.937589645385742,2499000,0.0,0.0
2010-08-02 00:00:00+08:00,20.54438618258131,20.54438618258131,20.024274826049805,20.024274826049805,1460000,0.0,0.0
2010-08-03 00:00:00+08:00,20.371014961652048,21.06449566069335,20.19764396019752,20.977811813354492,5158000,0.0,0.0
2010-08-04 00:00:00+08:00,20.934466286262566,20.934466286262566,20.457698556755876,20.761096954345703,2630000,0.0,0.0
2010-08-05 00:00:00+08:00,20.76109818908762,21.021153029123496,20.197643280029297,20.197643280029297,3521000,0.0,0.0
2010-08-06 00:00:00+08:00,20.24098685562751,20.37101427564545,20.024273937801496,20.197643280029297,1260000,0.0,0.0
2010-08-09 00:00:00+08:00,20.587728131349746,20.63107005553406,20.197644200137223,20.24098777770996,1072000,0.0,0.0
2010-08-10 00:00:00+08:00,20.631070126524435,21.021154059079215,20.4577007758022,20.89112663269043,5829000,0.0,0.0
2010-08-11 00:00:00+08:00,20.847781384374297,20.847781384374297,20.371013641357422,20.371013641357422,1720000,0.0,0.0
2010-08-12 00:00:00+08:00,19.93758843999342,20.37101427564545,19.93758843999342,20.197643280029297,1363000,0.0,0.0
2010-08-13 00:00:00+08:00,20.371013328244914,20.71775364996292,20.197642340691775,20.457698822021484,1265000,0.0,0.0
2010-08-16 00:00:00+08:00,20.45770068092799,20.45770068092799,19.980931248528933,20.024274826049805,1681000,0.0,0.0
2010-08-17 00:00:00+08:00,20.024275148434675,20.371015507241953,19.937589645385742,19.937589645385742,1011000,0.0,0.0
2010-08-18 00:00:00+08:00,20.19764450114409,20.284330004193023,19.937589645385742,19.937589645385742,2105000,0.0,0.0
2010-08-19 00:00:00+08:00,19.93758934825449,20.63107005553406,19.93758934825449,20.24098777770996,2313000,0.0,0.0
2010-08-20 00:00:00+08:00,20.2409877534889,20.45770068092799,19.980931248528933,20.024274826049805,1115000,0.0,0.0
2010-08-23 00:00:00+08:00,19.980932810158453,20.327674843871705,19.677536010742188,19.677536010742188,1380000,0.0,0.0
2010-08-24 00:00:00+08:00,19.677533462193406,20.0242737976098,19.330791473388672,19.330791473388672,1655000,0.0,0.0
2010-08-25 00:00:00+08:00,19.070735931396484,19.59084724202132,19.070735931396484,19.070735931396484,2008000,0.0,0.0
2010-08-26 00:00:00+08:00,19.4608211517334,19.764217921300293,19.11407915213399,19.4608211517334,3148000,0.0,0.0
2010-08-27 00:00:00+08:00,19.46082112280655,19.590848545768857,19.157422700302238,19.244108200073242,1297000,0.0,0.0
2010-08-30 00:00:00+08:00,19.330793337373272,19.54750627457875,18.680654525756836,18.680654525756836,771000,0.0,0.0
2010-08-31 00:00:00+08:00,18.203886634422805,18.507285075674215,17.3803768157959,17.3803768157959,2487000,0.0,0.0
2010-09-01 00:00:00+08:00,17.553746884471064,18.160543734425424,17.38037588351599,17.857145309448242,1734000,0.0,0.0
2010-09-02 00:00:00+08:00,18.29057185903618,18.55062671704134,18.030515347642552,18.11720085144043,1046000,0.0,0.0
2010-09-03 00:00:00+08:00,18.203885836609608,19.374135971069336,18.203885836609608,19.374135971069336,2905000,0.0,0.0
2010-09-06 00:00:00+08:00,19.54750429116725,20.717754364013672,19.3741349510271,20.717754364013672,8278000,0.0,0.0
2010-09-07 00:00:00+08:00,20.891125357542155,21.627949599955706,20.631068867249432,20.717754364013672,18294000,0.0,0.0
2010-09-08 00:00:00+08:00,20.717754681442006,21.237866016608038,20.50104176290519,20.63106918334961,6720000,0.0,0.0
2010-09-09 00:00:00+08:00,21.064496288492993,21.23786729511462,20.54438657540503,20.58772850036621,4231000,0.0,0.0
2010-09-10 00:00:00+08:00,21.06449502042324,21.15118051851564,20.63106918334961,20.63106918334961,2247000,0.0,0.0
2010-09-13 00:00:00+08:00,21.06449473435238,21.237865728182676,20.804439896995273,20.934467315673828,3867000,0.0,0.0
2010-09-14 00:00:00+08:00,21.151179465457492,21.23786495923406,20.457698822021484,20.457698822021484,2987000,0.0,0.0
2010-09-15 00:00:00+08:00,20.50104238604874,20.977811813354492,20.371014961652048,20.977811813354492,2762000,0.0,0.0
2010-09-16 00:00:00+08:00,21.23786605035115,21.4112370468114,20.847782135009766,20.847782135009766,4306000,0.0,0.0
2010-09-17 00:00:00+08:00,20.97781017584992,21.454577912551308,20.67441177368164,20.67441177368164,5348000,0.0,0.0
2010-09-20 00:00:00+08:00,20.67441473275168,22.018034294591857,20.631071152873552,21.714635848999023,10469000,0.0,0.0
2010-09-21 00:00:00+08:00,21.714635848999023,22.061377874469986,21.324553550426963,21.714635848999023,11480000,0.0,0.0
2010-09-23 00:00:00+08:00,21.757977609571235,22.711514793108787,21.671292110451752,22.36477279663086,19700000,0.0,0.0
2010-09-24 00:00:00+08:00,22.668172170660927,23.18828353387411,22.40811731574856,22.62483024597168,14879000,0.0,0.0
2010-09-27 00:00:00+08:00,22.79820055805106,22.928229644370653,21.93134880065918,21.93134880065918,6902000,0.0,0.0
2010-09-28 00:00:00+08:00,21.84466462444294,22.36477434847233,21.84466462444294,22.018033981323242,4198000,0.0,0.0
2010-09-29 00:00:00+08:00,22.19140329246777,22.278088790964933,21.281208038330078,21.281208038330078,4242000,0.0,0.0
2010-09-30 00:00:00+08:00,21.324550904282283,21.757976728949043,20.891125079615524,21.02115249633789,3326000,0.0,0.0
2010-10-01 00:00:00+08:00,21.02115284843371,21.36789318329722,20.84778185430779,21.151180267333984,2516000,0.0,0.0
2010-10-04 00:00:00+08:00,21.23786793832073,21.28120986459455,19.980932235717773,19.980932235717773,3320000,0.0,0.0
2010-10-05 00:00:00+08:00,19.980930929615056,20.544385854674182,19.330792157674587,20.110960006713867,4908000,0.0,0.0
2010-10-06 00:00:00+08:00,20.5010429970554,20.891126935259827,20.284330065472595,20.58772850036621,6766000,0.0,0.0
2010-10-07 00:00:00+08:00,20.587726510981078,20.587726510981078,20.110958768924203,20.154300689697266,1648000,0.0,0.0
2010-10-08 00:00:00+08:00,20.284329701894276,20.587728131349746,20.197644200137223,20.24098777770996,1230000,0.0,0.0
2010-10-11 00:00:00+08:00,20.24098933544339,20.371016771391584,19.634192429833753,19.677536010742188,1137000,0.0,0.0
2010-10-12 00:00:00+08:00,19.764218272219022,20.11096027797492,19.417477919851542,19.590848922729492,959000,0.0,0.0
2010-10-13 00:00:00+08:00,19.93758897843408,20.24098740226184,19.720876054755447,19.89424705505371,1321000,0.0,0.0
2010-10-14 00:00:00+08:00,20.37101420589963,20.37101420589963,19.764217376708984,19.764217376708984,1133000,0.0,0.0
2010-10-15 00:00:00+08:00,19.54750597324715,19.89424799014157,19.157423684323646,19.20076560974121,1482000,0.0,0.0
2010-10-18 00:00:00+08:00,19.33079234261218,19.37413591985592,18.723997141695577,18.940710067749023,956000,0.0,0.0
2010-10-19 00:00:00+08:00,19.07073819757765,19.67753507431051,18.940710767817315,19.417478561401367,1281000,0.0,0.0
2010-10-20 00:00:00+08:00,19.157422200906684,19.89424644967008,19.157422200906684,19.764217376708984,1216000,0.0,0.0
2010-10-21 00:00:00+08:00,19.85090283910749,19.937588336465446,19.504162503064023,19.547504425048828,539000,0.0,0.0
2010-10-22 00:00:00+08:00,19.850903773657997,19.850903773657997,19.547505345315795,19.590848922729492,326000,0.0,0.0
2010-10-25 00:00:00+08:00,19.894248955118695,19.894248955118695,19.590850502313874,19.677536010742188,627000,0.0,0.0
2010-10-26 00:00:00+08:00,19.894246550755682,20.457699807359504,19.677533632570494,20.414356231689453,3262000,0.0,0.0
2010-10-27 00:00:00+08:00,20.457698822021484,20.501040742215633,20.154300420497627,20.457698822021484,2241000,0.0,0.0
2010-10-28 00:00:00+08:00,20.45770070540838,20.76109913486385,20.24098777770996,20.24098777770996,3822000,0.0,0.0
2010-10-29 00:00:00+08:00,20.37101427564545,20.37101427564545,19.80756101997548,20.197643280029297,1575000,0.0,0.0
2010-11-01 00:00:00+08:00,21.19452303903991,21.19452303903991,20.457698822021484,20.457698822021484,5694000,0.0,0.0
2010-11-02 00:00:00+08:00,20.587728416526712,20.587728416526712,19.590849265983106,19.720876693725586,2177000,0.0,0.0
2010-11-03 00:00:00+08:00,19.07073751819425,19.7208762972236,19.07073751819425,19.15742301940918,3221000,0.0,0.0
2010-11-04 00:00:00+08:00,19.15742185801679,19.63418960571289,19.15742185801679,19.63418960571289,2148000,0.0,0.0
2010-11-05 00:00:00+08:00,19.85090537421026,19.937590882638574,19.634192429833753,19.677536010742188,3196000,0.0,0.0
2010-11-08 00:00:00+08:00,19.50416397210455,19.80756240901498,18.333913803100586,18.333913803100586,2563,0.0,0.0
2010-11-09 00:00:00+08:00,18.247229219407284,18.767340615569918,18.247229219407284,18.593971252441406,1113000,0.0,0.0
2010-11-10 00:00:00+08:00,18.63731191298541,18.723997415351402,18.16054413005511,18.42059898376465,1232000,0.0,0.0
2010-11-11 00:00:00+08:00,18.030513837449845,18.767338077934454,18.030513837449845,18.463939666748047,1056000,0.0,0.0
2010-11-12 00:00:00+08:00,18.46394020847207,18.46394020847207,18.117199865537962,18.16054344177246,743000,0.0,0.0
2010-11-15 00:00:00+08:00,18.1605456821496,18.63731350582695,18.1605456821496,18.290573120117188,848000,0.0,0.0
2010-11-16 00:00:00+08:00,18.593970687808053,19.02739656255054,18.463941602674506,18.897367477416992,2453000,0.0,0.0
2010-11-17 00:00:00+08:00,18.89736715393871,19.590849533689006,18.767339724419426,18.984052658081055,1908000,0.0,0.0
2010-11-18 00:00:00+08:00,18.984051991604346,19.200764917657796,18.940710067749023,18.940710067749023,684000,0.0,0.0
2010-11-19 00:00:00+08:00,19.070736703395397,19.764217376708984,18.984051205884114,19.764217376708984,4571000,0.0,0.0
2010-11-22 00:00:00+08:00,19.8075609521588,19.937588371731554,19.764217376708984,19.764217376708984,5080000,0.0,0.0
2010-11-23 00:00:00+08:00,19.764217022958345,19.764217022958345,19.50416218846744,19.63418960571289,1399000,0.0,0.0
2010-11-24 00:00:00+08:00,19.504163445668237,19.89424737593697,19.460821521588787,19.80756187438965,1802000,0.0,0.0
2010-11-25 00:00:00+08:00,19.80756187438965,20.197644151269962,19.76421829692178,19.80756187438965,4076000,0.0,0.0
2010-11-26 00:00:00+08:00,19.80756088130101,20.110959294810986,19.28744955148225,19.330791473388672,1534000,0.0,0.0
2010-11-29 00:00:00+08:00,19.417478239200783,19.807562175397468,19.417478239200783,19.50416374206543,995000,0.0,0.0
2010-11-30 00:00:00+08:00,19.330792046455855,19.67753404553986,19.244108200073242,19.244108200073242,1253000,0.0,0.0
2010-12-01 00:00:00+08:00,19.330792736336136,19.72087667253282,19.330792736336136,19.50416374206543,915000,0.0,0.0
2010-12-02 00:00:00+08:00,19.677534747794724,19.85090410013557,19.50416374206543,19.50416374206543,1134000,0.0,0.0
2010-12-03 00:00:00+08:00,19.72087737129782,20.067617741653926,19.590849939087843,19.980932235717773,2627000,0.0,0.0
2010-12-06 00:00:00+08:00,19.980931527738317,19.980931527738317,19.417478239200783,19.50416374206543,1428000,0.0,0.0
2010-12-07 00:00:00+08:00,19.547505666803527,19.677534747794724,19.37413631446268,19.50416374206543,918000,0.0,0.0
2010-12-08 00:00:00+08:00,19.590850502313874,19.937590882638574,19.547506921405443,19.677536010742188,1717000,0.0,0.0
2010-12-09 00:00:00+08:00,19.720876054755447,20.110959978732343,19.67753413137508,19.89424705505371,2338000,0.0,0.0
2010-12-10 00:00:00+08:00,19.937588014877825,20.371013841288214,19.63418960571289,19.63418960571289,2435000,0.0,0.0
2010-12-13 00:00:00+08:00,19.85090259499745,20.240986501617137,19.677533255801837,20.067615509033203,1926000,0.0,0.0
2010-12-14 00:00:00+08:00,20.284330004193023,20.54438651333982,19.85090414233681,19.937589645385742,2362000,0.0,0.0
2010-12-15 00:00:00+08:00,19.937589581093093,20.067617008552965,19.070737860176003,19.287450790405273,1556000,0.0,0.0
2010-12-16 00:00:00+08:00,19.200765287635875,19.46082179594407,19.070737860176003,19.287450790405273,1241000,0.0,0.0
2010-12-17 00:00:00+08:00,19.330792046455855,19.547504969189163,19.244108200073242,19.244108200073242,1065000,0.0,0.0
2010-12-20 00:00:00+08:00,19.504163344810305,19.504163344810305,18.940710067749023,18.940710067749023,880000,0.0,0.0
2010-12-21 00:00:00+08:00,19.027396236846464,19.157423666365748,18.94071073270412,18.984052658081055,736000,0.0,0.0
2010-12-22 00:00:00+08:00,18.984052693274602,19.67753507431051,18.984052693274602,19.417478561401367,2328,0.0,0.0
2010-12-23 00:00:00+08:00,19.547505666803527,19.807562175397468,19.50416374206543,19.50416374206543,1475000,0.0,0.0
2010-12-24 00:00:00+08:00,19.504162503064023,20.024273833823397,19.374135083721264,19.547504425048828,2262000,0.0,0.0
2010-12-27 00:00:00+08:00,19.590849223403943,19.72087665086382,19.287450790405273,19.287450790405273,1117000,0.0,0.0
2010-12-28 00:00:00+08:00,19.374136600027377,19.50416402954666,18.984052658081055,18.984052658081055,948000,0.0,0.0
2010-12-29 00:00:00+08:00,19.11407969591571,19.157423273792922,18.42059898376465,18.42059898376465,1369000,0.0,0.0
2010-12-30 00:00:00+08:00,18.50728482946791,18.810683266683146,18.420599325493775,18.550626754760742,821000,0.0,0.0
2010-12-31 00:00:00+08:00,18.63731173697187,19.80756187438965,18.247227806703137,19.80756187438965,5713000,0.0,0.0
2011-01-03 00:00:00+08:00,19.937590309443948,20.284330679800057,19.677535445023995,19.980932235717773,12562000,0.0,0.0
2011-01-04 00:00:00+08:00,20.110961899495198,20.15430382701508,19.677536010742188,19.677536010742188,2761000,0.0,0.0
2011-01-05 00:00:00+08:00,19.937590253058893,19.937590253058893,19.11408042907715,19.11408042907715,2035000,0.0,0.0
2011-01-06 00:00:00+08:00,19.11407949150934,19.590848922729492,19.11407949150934,19.590848922729492,1238000,0.0,0.0
2011-01-07 00:00:00+08:00,19.72087698169436,19.72087698169436,19.157423684323646,19.20076560974121,857000,0.0,0.0
2011-01-10 00:00:00+08:00,19.33079335215948,19.33079335215948,18.897367477416992,18.897367477416992,764000,0.0,0.0
2011-01-11 00:00:00+08:00,18.89736617226007,19.244108170816933,18.89736617226007,19.027395248413086,852000,0.0,0.0
2011-01-12 00:00:00+08:00,19.070737492703408,19.28745041875686,18.940710067749023,18.940710067749023,830000,0.0,0.0
2011-01-13 00:00:00+08:00,19.027396236846464,19.330793021261968,18.810683303184835,18.984052658081055,1246000,0.0,0.0
2011-01-14 00:00:00+08:00,18.89736715393871,18.984052658081055,18.63731229490014,18.984052658081055,718000,0.0,0.0
2011-01-17 00:00:00+08:00,18.984051965641992,19.114079390418553,18.680653538904405,18.723997116088867,829000,0.0,0.0
2011-01-18 00:00:00+08:00,18.723997116088867,18.81068261706938,18.637311615108356,18.723997116088867,695000,0.0,0.0
2011-01-19 00:00:00+08:00,18.767337799072266,19.114078126680976,18.72399587814179,18.767337799072266,966000,0.0,0.0
2011-01-20 00:00:00+08:00,18.72399587814179,19.0707362057505,18.72399587814179,18.767337799072266,1268000,0.0,0.0
2011-01-21 00:00:00+08:00,18.637313179876397,18.767340615569918,18.550627671617868,18.593971252441406,978000,0.0,0.0
2011-01-24 00:00:00+08:00,18.72399776270901,18.897367117268814,18.550626754760742,18.550626754760742,518000,0.0,0.0
2011-01-25 00:00:00+08:00,18.593969665287894,18.767339013617857,18.33391316271034,18.50728416442871,841000,0.0,0.0
2011-01-26 00:00:00+08:00,18.593971252441406,18.637313179876397,18.290572800230823,18.593971252441406,890000,0.0,0.0
2011-01-27 00:00:00+08:00,18.810682962493015,19.157423319393903,18.680653881940298,18.85402488708496,1751000,0.0,0.0
2011-01-28 00:00:00+08:00,19.157423629191218,19.157423629191218,18.550626754760742,18.550626754760742,1132000,0.0,0.0
2011-02-08 00:00:00+08:00,18.767339649841798,18.767339649841798,18.11720085144043,18.11720085144043,707000,0.0,0.0
2011-02-09 00:00:00+08:00,18.117201145290743,18.203886650494606,17.597089767456055,17.597089767456055,941000,0.0,0.0
2011-02-10 00:00:00+08:00,17.59709134250599,18.11720276689391,17.51040748293187,17.68377685546875,902000,0.0,0.0
2011-02-11 00:00:00+08:00,17.770461698874445,17.987174646421696,17.380377731933965,17.423721313476562,685000,0.0,0.0
2011-02-14 00:00:00+08:00,17.553745222091674,17.68377263379989,17.337032318115234,17.337032318115234,515000,0.0,0.0
2011-02-15 00:00:00+08:00,17.38037658458109,18.550626754760742,17.337034659288257,18.550626754760742,2117000,0.0,0.0
2011-02-16 00:00:00+08:00,18.72399869580751,19.33079394708877,18.72399869580751,18.810684204101562,8046000,0.0,0.0
2011-02-17 00:00:00+08:00,18.81068324778511,18.8540251730344,18.333913803100586,18.333913803100586,2198000,0.0,0.0
2011-02-18 00:00:00+08:00,18.46394020847207,18.63731120663331,18.16054344177246,18.16054344177246,1187000,0.0,0.0
2011-02-21 00:00:00+08:00,18.290571578931797,18.637311935424805,17.68377471502771,18.637311935424805,1846000,0.0,0.0
2011-02-22 00:00:00+08:00,18.117199213276535,19.63418960571289,18.073857291990823,19.63418960571289,6884000,0.0,0.0
2011-02-23 00:00:00+08:00,19.63419108036286,19.63419108036286,18.33391350347276,18.637311935424805,3113000,0.0,0.0
2011-02-24 00:00:00+08:00,18.507284631937935,19.937589645385742,18.290571701009828,19.937589645385742,13020000,0.0,0.0
2011-02-25 00:00:00+08:00,19.85090306972474,21.064495086669922,19.76421757135972,21.064495086669922,19304000,0.0,0.0
2011-03-01 00:00:00+08:00,21.367894086544574,21.454579587271837,20.847782735569393,20.977811813354492,14323000,0.0,0.0
2011-03-02 00:00:00+08:00,20.631069757149106,20.891126258659096,20.240987484966727,20.54438591003418,7173000,0.0,0.0
2011-03-03 00:00:00+08:00,20.67441272554469,20.847782068059832,20.371014309407755,20.414356231689453,8279000,0.0,0.0
2011-03-04 00:00:00+08:00,20.6310703630003,20.6310703630003,19.937589645385742,19.937589645385742,4564000,0.0,0.0
2011-03-07 00:00:00+08:00,19.93758847303738,20.414356231689453,19.374135216433558,20.414356231689453,5394000,0.0,0.0
2011-03-08 00:00:00+08:00,20.414357432072194,20.54438651333982,19.937589645385742,19.937589645385742,4517000,0.0,0.0
2011-03-09 00:00:00+08:00,20.19764445820571,20.19764445820571,19.50416374206543,19.50416374206543,1860000,0.0,0.0
2011-03-10 00:00:00+08:00,19.677534747794724,19.764218597270922,19.330792736336136,19.50416374206543,1602000,0.0,0.0
2011-03-11 00:00:00+08:00,19.24410852062411,19.460821446967227,19.114079442107506,19.15742301940918,1744000,0.0,0.0
2011-03-14 00:00:00+08:00,19.070739397177217,19.15742490693301,17.857147220761835,18.07386016845703,2738000,0.0,0.0
2011-03-15 00:00:00+08:00,18.073858804619817,18.24722815766053,16.816923141479492,16.816923141479492,2763000,0.0,0.0
2011-03-16 00:00:00+08:00,16.99029414790866,17.20700707925089,15.950071416110566,16.816923141479492,2594000,0.0,0.0
2011-03-17 00:00:00+08:00,16.296811416217103,16.8169227706471,16.08009848965364,16.470182418823242,1358000,0.0,0.0
2011-03-18 00:00:00+08:00,16.64355315650305,17.12032092599828,16.55686765657981,16.990293502807617,1127000,0.0,0.0
2011-03-21 00:00:00+08:00,17.07697811475966,17.42371844303437,16.990292619343908,17.16366195678711,785000,0.0,0.0
2011-03-22 00:00:00+08:00,17.42372039505381,17.683775257047312,17.3803768157959,17.3803768157959,920000,0.0,0.0
2011-03-23 00:00:00+08:00,17.510406823173177,17.510406823173177,17.163664784386718,17.423721313476562,889000,0.0,0.0
2011-03-24 00:00:00+08:00,17.46706167520128,17.770460105236666,17.46706167520128,17.553747177124023,1051000,0.0,0.0
2011-03-25 00:00:00+08:00,17.68377263379989,17.727116206628125,17.163661333578784,17.337032318115234,816000,0.0,0.0
2011-03-28 00:00:00+08:00,17.337035803779948,17.85714720857106,17.163664784386718,17.423721313476562,2233000,0.0,0.0
2011-03-29 00:00:00+08:00,17.510405252856867,17.68377460331392,17.33703424901138,17.553747177124023,988000,0.0,0.0
2011-03-30 00:00:00+08:00,17.683774967208144,18.117200832352403,17.683774967208144,17.900487899780273,1223000,0.0,0.0
2011-03-31 00:00:00+08:00,17.94383339435703,17.94383339435703,17.59709134250599,17.68377685546875,543000,0.0,0.0
2011-04-01 00:00:00+08:00,17.683774281265922,17.85714528195406,17.510404933966182,17.640432357788086,332000,0.0,0.0
2011-04-06 00:00:00+08:00,17.857145309448242,18.073858233947885,17.510404960926493,17.857145309448242,781000,0.0,0.0
2011-04-07 00:00:00+08:00,17.857145388067433,18.550626088164098,17.857145388067433,18.50728416442871,1519000,0.0,0.0
2011-04-08 00:00:00+08:00,18.507285123514873,18.897367417513472,18.030515670776367,18.030515670776367,5215000,0.0,0.0
2011-04-11 00:00:00+08:00,18.073858605410003,18.203886032104492,17.770460174197243,18.203886032104492,991000,0.0,0.0
2011-04-12 00:00:00+08:00,18.20388827985667,18.20388827985667,17.68377685546875,17.68377685546875,1870000,0.0,0.0
2011-04-13 00:00:00+08:00,17.68377685546875,17.85714788139427,17.59709134250599,17.68377685546875,1529000,0.0,0.0
2011-04-14 00:00:00+08:00,17.81380363918965,18.290573116152228,17.770461711006043,18.07386016845703,2459000,0.0,0.0
2011-04-15 00:00:00+08:00,18.203885629941944,18.24722755341978,17.640432357788086,17.640432357788086,903000,0.0,0.0
2011-04-18 00:00:00+08:00,17.640434261023813,17.987174646421696,17.423721313476562,17.423721313476562,724000,0.0,0.0
2011-04-19 00:00:00+08:00,17.4237193779412,17.4237193779412,17.120320954400725,17.207006454467773,1126000,0.0,0.0
2011-04-20 00:00:00+08:00,17.553747499977046,17.770460432075527,17.42372007139565,17.46706199645996,822000,0.0,0.0
2011-04-21 00:00:00+08:00,17.943832381090754,17.943832381090754,17.510406494140625,17.510406494140625,811000,0.0,0.0
2011-04-22 00:00:00+08:00,17.597089767456055,17.987173714179193,17.55374784154837,17.597089767456055,1524000,0.0,0.0
2011-04-25 00:00:00+08:00,17.77046076217464,17.77046076217464,17.3803768157959,17.3803768157959,604000,0.0,0.0
2011-04-26 00:00:00+08:00,17.3803768157959,17.59708975191998,17.29369296405706,17.3803768157959,401000,0.0,0.0
2011-04-27 00:00:00+08:00,17.46706232092323,17.72711883630522,17.33703488992648,17.3803768157959,452000,0.0,0.0
2011-04-28 00:00:00+08:00,17.4237193779412,17.597088724686905,17.207006454467773,17.207006454467773,634000,0.0,0.0
2011-04-29 00:00:00+08:00,17.207005449290044,17.423718360103802,16.730236053466797,16.730236053466797,1242000,0.0,0.0
2011-05-03 00:00:00+08:00,16.903607944596217,16.903607944596217,16.556867599487305,16.556867599487305,637000,0.0,0.0
2011-05-04 00:00:00+08:00,16.38349727879503,16.816923141479492,16.340155353881965,16.816923141479492,357000,0.0,0.0
2011-05-05 00:00:00+08:00,16.773581216566427,17.076979651123242,16.73023763826491,16.816923141479492,583000,0.0,0.0
2011-05-06 00:00:00+08:00,16.816922474341123,17.03363539708621,16.643553128178084,16.77358055114746,452000,0.0,0.0
2011-05-09 00:00:00+08:00,16.686895713351845,17.033636072821725,16.686895713351845,16.816923141479492,661000,0.0,0.0
2011-05-10 00:00:00+08:00,16.73023729450591,16.946950221395305,16.64355344646089,16.6868953704834,308000,0.0,0.0
2011-05-11 00:00:00+08:00,16.73023659066167,16.816922088448237,16.383496252903754,16.42683982849121,548000,0.0,0.0
2011-05-12 00:00:00+08:00,16.42684014729607,16.64355306927418,16.296811071398498,16.34015464782715,523000,0.0,0.0
2011-05-13 00:00:00+08:00,16.383497640302824,17.46706232092323,16.340155714433404,17.3803768157959,3880000,0.0,0.0
2011-05-16 00:00:00+08:00,17.380376125468146,17.467061627152432,17.033635772119425,17.12032127380371,1085000,0.0,0.0
2011-05-17 00:00:00+08:00,17.42371781038346,17.510403302651685,17.163661333578784,17.337032318115234,929000,0.0,0.0
2011-05-18 00:00:00+08:00,17.553745859463852,17.553745859463852,17.120320035773386,17.16366195678711,502000,0.0,0.0
2011-05-19 00:00:00+08:00,17.250348349188943,17.467061272302846,16.946949926151802,16.990293502807617,908000,0.0,0.0
2011-05-20 00:00:00+08:00,17.12032124935052,17.380376100643517,16.773580896497055,16.903608322143555,2100000,0.0,0.0
2011-05-23 00:00:00+08:00,16.903608624004804,17.07697963022177,16.383497258742352,16.600210189819336,602000,0.0,0.0
2011-05-24 00:00:00+08:00,16.513524686710852,16.81692312089632,16.426840836990817,16.600210189819336,509000,0.0,0.0
2011-05-25 00:00:00+08:00,16.64355342142938,16.686895345386706,16.470182418823242,16.470182418823242,406000,0.0,0.0
2011-05-26 00:00:00+08:00,16.556866675895158,16.730236012084355,16.470181181106415,16.51352310180664,569000,0.0,0.0
2011-05-27 00:00:00+08:00,16.600208113917688,17.42371781038346,16.600208113917688,17.337032318115234,2209000,0.0,0.0
2011-05-30 00:00:00+08:00,18.11720079275541,18.11720079275541,17.46706199645996,17.46706199645996,2830000,0.0,0.0
2011-05-31 00:00:00+08:00,17.46706199645996,17.683774928558442,17.25034906436148,17.46706199645996,1143000,0.0,0.0
2011-06-01 00:00:00+08:00,17.510403938450125,17.640431354879606,17.16366195678711,17.16366195678711,943000,0.0,0.0
2011-06-02 00:00:00+08:00,17.163661599513887,17.337032586736562,16.990292265679482,17.033634185791016,662000,0.0,0.0
2011-06-03 00:00:00+08:00,17.03363574779005,17.25034867499702,16.86026639805753,16.903608322143555,1239000,0.0,0.0
2011-06-07 00:00:00+08:00,16.81692282058308,17.163663173436547,16.73023731902261,16.903608322143555,976000,0.0,0.0
2011-06-08 00:00:00+08:00,16.946949926151802,17.12032092599828,16.90360800288438,16.990293502807617,765000,0.0,0.0
2011-06-09 00:00:00+08:00,17.120319414138795,17.597087141531667,16.99029200243058,17.337032318115234,2465000,0.0,0.0
2011-06-10 00:00:00+08:00,17.467061602203987,17.467061602203987,16.903608322143555,16.903608322143555,773000,0.0,0.0
2011-06-13 00:00:00+08:00,16.90360829737279,17.25034864971814,16.6868953704834,16.6868953704834,789000,0.0,0.0
2011-06-14 00:00:00+08:00,16.773580233676494,16.946949576558197,16.773580233676494,16.860265731811523,288000,0.0,0.0
2011-06-15 00:00:00+08:00,16.86026512266569,16.946948964280555,16.643552211851933,16.730236053466797,385000,0.0,0.0
2011-06-16 00:00:00+08:00,16.64355306927418,16.64355306927418,16.34015464782715,16.34015464782715,759000,0.0,0.0
2011-06-17 00:00:00+08:00,16.383497491982542,16.470182996325104,15.906729698181152,15.906729698181152,818000,0.0,0.0
2011-06-20 00:00:00+08:00,15.906729604295771,16.12344253717885,14.823164939880371,14.823164939880371,1595000,0.0,0.0
2011-06-21 00:00:00+08:00,14.82316359400255,15.126562003169317,13.912968366502243,14.476423263549805,1030000,0.0,0.0
2011-06-22 00:00:00+08:00,14.736478136609367,14.953191050383035,14.606450719022831,14.693136215209961,457000,0.0,0.0
2011-06-23 00:00:00+08:00,14.736479126890265,14.86650655321455,14.64979362487793,14.64979362487793,324000,0.0,0.0
2011-06-24 00:00:00+08:00,14.736479436049445,14.909850443711296,14.519766503166366,14.823164939880371,429000,0.0,0.0
2011-06-27 00:00:00+08:00,14.60645200699729,14.8665068651016,14.563108428387595,14.823164939880371,288000,0.0,0.0
2011-06-28 00:00:00+08:00,14.823164939880371,14.996534294153756,14.736479436049445,14.823164939880371,544000,0.0,0.0
2011-06-29 00:00:00+08:00,14.953192422158674,15.083219851673663,14.909850496783166,14.99653434753418,630000,0.0,0.0
2011-06-30 00:00:00+08:00,14.996533969108045,15.256590474964169,14.909850120544434,14.909850120544434,442000,0.0,0.0
2011-07-01 00:00:00+08:00,15.083220142902038,15.126563722502897,14.909850784664108,14.953192710876465,542000,0.0,0.0
2011-07-04 00:00:00+08:00,14.996534637088821,15.21324757492761,14.953192710876465,14.953192710876465,552000,0.0,0.0
2011-07-05 00:00:00+08:00,14.779821413879706,15.256590859952631,14.779821413879706,14.99653434753418,719000,0.0,0.0
2011-07-06 00:00:00+08:00,15.169904623458635,15.169904623458635,14.042998084214206,14.519765853881836,726000,0.0,0.0
2011-07-07 00:00:00+08:00,14.303052309062032,14.693136215209961,14.303052309062032,14.693136215209961,717000,0.0,0.0
2011-07-08 00:00:00+08:00,14.7364784870365,14.823163985284975,14.476423645679436,14.56310749053955,1252000,0.0,0.0
2011-07-11 00:00:00+08:00,14.42462376265382,14.42462376265382,13.641178251901069,13.687263488769531,1310000,0.999751,0.0
2011-07-12 00:00:00+08:00,12.949902170324679,13.31858230255344,12.7655621042103,12.811646461486816,1903000,0.0,0.0
2011-07-13 00:00:00+08:00,12.719476280439372,12.995986806340762,12.535136222839355,12.535136222839355,1035000,0.0,0.0
2011-07-14 00:00:00+08:00,12.627306349163197,12.99598735904555,12.442966283723404,12.765562057495117,938000,0.0,0.0
2011-07-15 00:00:00+08:00,12.627306615555232,13.318582534790039,12.627306615555232,13.318582534790039,1201000,0.0,0.0
2011-07-18 00:00:00+08:00,13.318582800152916,13.318582800152916,12.949902654149788,12.995987892150879,505000,0.0,0.0
2011-07-19 00:00:00+08:00,12.811646821759155,12.995987772060099,12.765562463186713,12.949902534484863,422000,0.0,0.0
2011-07-20 00:00:00+08:00,13.088157489150259,13.318582800152916,12.995987892150879,12.995987892150879,704000,0.0,0.0
2011-07-21 00:00:00+08:00,13.04207213063254,13.134242605783014,12.949902534484863,12.949902534484863,419000,0.0,0.0
2011-07-22 00:00:00+08:00,13.042071872805879,13.549007718106353,13.042071872805879,13.272497177124023,1337000,0.0,0.0
2011-07-25 00:00:00+08:00,13.31858308846667,13.410753566464113,13.088157772475888,13.13424301147461,418000,0.0,0.0
2011-07-26 00:00:00+08:00,13.13424312972698,13.27249796896508,13.13424312972698,13.180328369140625,303000,0.0,0.0
2011-07-27 00:00:00+08:00,13.180328216414374,13.641178847205067,13.134242977534742,13.5490083694458,1135000,0.0,0.0
2011-07-28 00:00:00+08:00,13.364668012210439,13.733348157497883,13.318582774298807,13.41075325012207,535000,0.0,0.0
2011-07-29 00:00:00+08:00,13.410752840140567,13.5029224341433,13.088157063624061,13.226412773132324,506000,0.0,0.0
2011-08-01 00:00:00+08:00,13.318583208378723,13.41075368720601,12.995988290488881,13.180328369140625,525000,0.0,0.0
2011-08-02 00:00:00+08:00,13.180328369140625,13.502923287030466,12.949903051075239,13.180328369140625,1553000,0.0,0.0
2011-08-03 00:00:00+08:00,12.995987406603968,13.088157000159772,12.581221159093149,12.811646461486816,604000,0.0,0.0
2011-08-04 00:00:00+08:00,12.81164641460299,12.99598735904555,12.765562057495117,12.765562057495117,505000,0.0,0.0
2011-08-05 00:00:00+08:00,11.889945030212402,12.028200736472352,11.889945030212402,11.889945030212402,428000,0.0,0.0
2011-08-08 00:00:00+08:00,11.06041431427002,11.198669141597293,11.06041431427002,11.06041431427002,839000,0.0,0.0
2011-08-09 00:00:00+08:00,10.323053359985352,10.5995638983516,10.323053359985352,10.323053359985352,1374000,0.0,0.0
2011-08-10 00:00:00+08:00,10.599563314153972,11.014328659342063,10.599563314153972,10.876073837280273,1243000,0.0,0.0
2011-08-11 00:00:00+08:00,10.184798242312947,10.829988894255266,10.184798242312947,10.599563598632812,688000,0.0,0.0
2011-08-12 00:00:00+08:00,10.968243425653892,11.152584360406573,10.829988603592103,10.876073837280273,574000,0.0,0.0
2011-08-15 00:00:00+08:00,11.106499260699657,11.429094142402972,11.106499260699657,11.33692455291748,616000,0.0,0.0
2011-08-16 00:00:00+08:00,11.613436223384841,11.982116375649863,11.336925669684666,11.429095268249512,1656000,0.0,0.0
2011-08-17 00:00:00+08:00,11.429094017469781,11.521264484950475,11.244753961511119,11.290839195251465,469000,0.0,0.0
2011-08-18 00:00:00+08:00,11.060414018577415,11.29083931063111,10.876073960735004,10.922159194946289,347000,0.0,0.0
2011-08-19 00:00:00+08:00,10.230883475579187,10.46130877116428,10.184798240661621,10.184798240661621,925000,0.0,0.0
2011-08-22 00:00:00+08:00,9.677862575440773,10.876074308200659,9.677862575440773,10.276968002319336,4966000,0.0,0.0
2011-08-23 00:00:00+08:00,10.32305306808532,10.645648833557852,10.32305306808532,10.599563598632812,595000,0.0,0.0
2011-08-24 00:00:00+08:00,10.69173448121719,11.014329380140147,10.69173448121719,10.783904075622559,1054000,0.0,0.0
2011-08-25 00:00:00+08:00,11.014328826851834,11.014328826851834,10.553478240966797,10.553478240966797,566000,0.0,0.0
2011-08-26 00:00:00+08:00,10.55347902964676,10.783904339809366,10.230884122820793,10.461309432983398,447000,0.0,0.0
2011-08-29 00:00:00+08:00,10.415223822667631,10.737818717956543,10.415223822667631,10.737818717956543,405000,0.0,0.0
2011-08-30 00:00:00+08:00,10.876073712774861,11.014328533253959,10.737818013293053,10.829988479614258,591000,0.0,0.0
2011-08-31 00:00:00+08:00,10.922159726337568,11.336925096413081,10.783904016977214,11.15258502960205,1217000,0.0,0.0
2011-09-01 00:00:00+08:00,11.244754377040636,11.429094439811252,11.014329078826677,11.06041431427002,621000,0.0,0.0
2011-09-02 00:00:00+08:00,10.876073729731257,11.24475383758545,10.829988496498803,11.24475383758545,609000,0.0,0.0
2011-09-05 00:00:00+08:00,11.06041481829688,11.93603081561149,10.7839042720389,11.705605506896973,6453000,0.0,0.0
2011-09-06 00:00:00+08:00,11.65951973802521,11.797775444355239,11.06041431427002,11.06041431427002,821000,0.0,0.0
2011-09-07 00:00:00+08:00,11.152584250123258,11.429093891512546,11.060413783658353,11.24475383758545,497000,0.0,0.0
2011-09-08 00:00:00+08:00,11.29083894536019,11.42909376451862,11.10649889348138,11.198668479919434,411000,0.0,0.0
2011-09-09 00:00:00+08:00,11.152584785156705,11.383010083370664,11.06041431427002,11.06041431427002,430000,0.0,0.0
2011-09-13 00:00:00+08:00,10.968243720027639,10.968243720027639,10.507393128782734,10.599563598632812,485000,0.0,0.0
2011-09-14 00:00:00+08:00,10.737818999636682,10.783904237030535,10.000458717346191,10.000458717346191,413000,0.0,0.0
2011-09-15 00:00:00+08:00,10.138713294075442,10.55347866212343,10.138713294075442,10.323053359985352,405000,0.0,0.0
2011-09-16 00:00:00+08:00,10.599564007809043,10.783904075622559,10.507393534400897,10.783904075622559,519000,0.0,0.0
2011-09-19 00:00:00+08:00,10.691733950445913,11.152584536603017,10.645648716029656,10.968243598937988,2610000,0.0,0.0
2011-09-20 00:00:00+08:00,11.060413783658353,11.24475383758545,10.968243317193448,11.24475383758545,812000,0.0,0.0
2011-09-21 00:00:00+08:00,11.336924304050354,11.475179124744999,11.198668604352997,11.24475383758545,890000,0.0,0.0
2011-09-22 00:00:00+08:00,11.06041461684422,11.06041461684422,10.783904075622559,10.783904075622559,487000,0.0,0.0
2011-09-23 00:00:00+08:00,10.276968002319336,10.553478537418195,10.092627938587682,10.276968002319336,746000,0.0,0.0
2011-09-26 00:00:00+08:00,10.369138799965889,10.461309274233367,9.585692405700684,9.585692405700684,652000,0.0,0.0
2011-09-27 00:00:00+08:00,9.770033836364746,10.092628754214676,9.539608518327869,9.770033836364746,644000,0.0,0.0
2011-09-28 00:00:00+08:00,10.046543392625413,10.046543392625413,9.72394847869873,9.72394847869873,235000,0.0,0.0
2011-09-29 00:00:00+08:00,9.723947816227538,9.862202644348145,9.63177734481196,9.862202644348145,320000,0.0,0.0
2011-09-30 00:00:00+08:00,9.90828800201416,10.092628068111544,9.723947935916778,9.90828800201416,727000,0.0,0.0
2011-10-03 00:00:00+08:00,9.72394817198586,10.276968383703728,9.5856924598043,10.000458717346191,2890000,0.0,0.0
2011-10-04 00:00:00+08:00,9.908288287531592,10.276968430350253,9.770033453725294,10.04654312133789,521000,0.0,0.0
2011-10-05 00:00:00+08:00,10.138713428025538,10.323053496370902,9.862202886006104,9.954373359680176,914000,0.0,0.0
2011-10-06 00:00:00+08:00,10.23088438499748,10.23088438499748,9.309183120727539,9.309183120727539,438000,0.0,0.0
2011-10-07 00:00:00+08:00,9.585692644469374,9.862203195156585,9.585692644469374,9.677863121032715,689000,0.0,0.0
2011-10-11 00:00:00+08:00,9.954372824559869,10.138712882995605,9.770032766124132,10.138712882995605,493000,0.0,0.0
2011-10-12 00:00:00+08:00,9.816117634442183,10.369138717651367,9.816117634442183,10.369138717651367,779000,0.0,0.0
2011-10-13 00:00:00+08:00,10.36913859621352,10.5995638983516,10.230883766531782,10.323053359985352,1365000,0.0,0.0
2011-10-14 00:00:00+08:00,10.184798649582566,10.691734496023855,10.184798649582566,10.369138717651367,559000,0.0,0.0
2011-10-17 00:00:00+08:00,10.46130906866986,10.55347866212343,10.230883766531782,10.323053359985352,437000,0.0,0.0
2011-10-18 00:00:00+08:00,10.184798117355223,10.323052941431342,10.092627648635988,10.138712882995605,403000,0.0,0.0
2011-10-19 00:00:00+08:00,10.184798409954888,10.32305323800294,10.046542702904079,10.276968002319336,852000,0.0,0.0
2011-10-20 00:00:00+08:00,10.41522414315935,10.41522414315935,10.04654312133789,10.04654312133789,736000,0.0,0.0
2011-10-21 00:00:00+08:00,10.046543075737253,10.184798787918814,9.954373479952338,10.000458717346191,227000,0.0,0.0
2011-10-24 00:00:00+08:00,10.184798834146987,10.276968430350253,10.04654312133789,10.04654312133789,648000,0.0,0.0
2011-10-25 00:00:00+08:00,10.092627648635988,10.323052941431342,10.04654241427637,10.138712882995605,1444000,0.0,0.0
2011-10-26 00:00:00+08:00,10.138713284560872,10.737818717956543,10.09262804837595,10.737818717956543,1963000,0.0,0.0
2011-10-27 00:00:00+08:00,10.737818717956543,11.060414492248224,10.599563888404548,10.737818717956543,3876000,0.0,0.0
2011-10-28 00:00:00+08:00,10.922159927643095,11.014329523245996,10.323053600711694,10.415224075317383,1000000,0.0,0.0
2011-10-31 00:00:00+08:00,10.507393253145068,10.645648959556539,10.184798362857146,10.230883598327637,624000,0.0,0.0
2011-11-01 00:00:00+08:00,10.230883598327637,10.323053190265862,10.00045829997794,10.230883598327637,281000,0.0,0.0
2011-11-02 00:00:00+08:00,10.046542535908918,10.27696783149401,10.046542535908918,10.184798240661621,433000,0.0,0.0
2011-11-03 00:00:00+08:00,10.276968259533865,10.323053496370902,9.954373359680176,9.954373359680176,440000,0.0,0.0
2011-11-04 00:00:00+08:00,10.13871341281467,10.415223954419263,10.092628176046775,10.369138717651367,848000,0.0,0.0
2011-11-07 00:00:00+08:00,10.369138957317237,10.55347902964676,10.323053719484156,10.461309432983398,422000,0.0,0.0
2011-11-08 00:00:00+08:00,10.59956372084244,10.783903783665236,10.461308893476032,10.645648956298828,875000,0.0,0.0
2011-11-09 00:00:00+08:00,10.691733944133949,10.829988768298366,10.507393006577747,10.553478240966797,612000,0.0,0.0
2011-11-10 00:00:00+08:00,10.323053667953285,10.553478976965648,9.954373525134624,10.04654312133789,487000,0.0,0.0
2011-11-11 00:00:00+08:00,10.046543240852639,10.184798955306439,9.954373643552913,10.092628479003906,358000,0.0,0.0
2011-11-14 00:00:00+08:00,10.323053359985352,10.41522383244169,10.230883766531782,10.323053359985352,268000,0.0,0.0
2011-11-15 00:00:00+08:00,10.323053190265862,10.323053190265862,10.230883598327637,10.230883598327637,122000,0.0,0.0
2011-11-16 00:00:00+08:00,10.230884193457706,10.323053790757433,10.00045888170418,10.092628479003906,379000,0.0,0.0
2011-11-17 00:00:00+08:00,10.046543240852639,10.323053790757433,9.954373643552913,10.092628479003906,810000,0.0,0.0
2011-11-18 00:00:00+08:00,10.000458910001596,10.092628507562125,9.677863121032715,9.677863121032715,415000,0.0,0.0
2011-11-21 00:00:00+08:00,9.493522482407709,9.63177731002904,9.005021095275879,9.005021095275879,854000,0.0,0.0
2011-11-22 00:00:00+08:00,8.378264427185059,8.737727348864453,8.378264427185059,8.378264427185059,827000,0.0,0.0
2011-11-23 00:00:00+08:00,8.37826402277351,8.37826402277351,7.7975921630859375,7.7975921630859375,989000,0.0,0.0
2011-11-24 00:00:00+08:00,7.67777078112839,7.86211084185722,7.419694696108029,7.751506805419922,652000,0.0,0.0
2011-11-25 00:00:00+08:00,7.769941250994178,8.009582890440283,7.686988003915518,7.751506805419922,289000,0.0,0.0
2011-11-28 00:00:00+08:00,7.926630558096903,8.157055854797363,7.926630558096903,8.157055854797363,257000,0.0,0.0
2011-11-29 00:00:00+08:00,8.479650367851262,8.479650367851262,8.22157429307827,8.415131568908691,186000,0.0,0.0
2011-11-30 00:00:00+08:00,8.2953105559065,8.387481024795445,8.074102485376317,8.110970497131348,218000,0.0,0.0
2011-12-01 00:00:00+08:00,8.387481653669148,8.433566012566182,8.295311177869479,8.396697998046875,357000,0.0,0.0
2011-12-02 00:00:00+08:00,8.396697668748814,8.396697668748814,8.221574826400694,8.249225616455078,242000,0.0,0.0
2011-12-05 00:00:00+08:00,8.267660264812376,8.359829860250073,8.249225818323163,8.332179069519043,145000,0.0,0.0
2011-12-06 00:00:00+08:00,8.295310974121094,8.387481447656885,8.276876527812822,8.295310974121094,232000,0.0,0.0
2011-12-07 00:00:00+08:00,8.295310729608032,8.396697544306694,8.157055902382332,8.203140258789062,117000,0.0,0.0
2011-12-08 00:00:00+08:00,8.295310560483713,8.295310560483713,8.120187724301374,8.129404067993164,174000,0.0,0.0
2011-12-09 00:00:00+08:00,7.945064622401843,8.00036708383511,7.696205743459149,7.963499069213867,240000,0.0,0.0
2011-12-12 00:00:00+08:00,7.972715496964598,8.064885973982669,7.935847481957933,8.018800735473633,153000,0.0,0.0
2011-12-13 00:00:00+08:00,7.5118646778395535,7.963498948878721,7.5118646778395535,7.917413711547852,90000,0.0,0.0
2011-12-14 00:00:00+08:00,7.7515067610493835,8.258442584403964,7.7515067610493835,8.120187759399414,179000,0.0,0.0
2011-12-15 00:00:00+08:00,8.064885810775303,8.110971048351722,7.843677725211852,7.945064544677734,112000,0.0,0.0
2011-12-16 00:00:00+08:00,8.110971212491703,8.110971212491703,7.926631137458377,8.018800735473633,134000,0.0,0.0
2011-12-19 00:00:00+08:00,7.8436770812765815,7.880545092510436,7.465779746378882,7.474996089935303,371000,0.0,0.0
2011-12-20 00:00:00+08:00,7.373609520201923,7.650120053010046,7.373609520201923,7.567166805267334,151000,0.0,0.0
2011-12-21 00:00:00+08:00,8.07410327537208,8.07410327537208,7.917413990331541,8.037235260009766,175000,0.0,0.0
2011-12-22 00:00:00+08:00,8.037235301226819,8.184707363432349,7.954282046485501,8.064886093139648,159000,0.0,0.0
2011-12-23 00:00:00+08:00,8.175489869911086,8.387481611585553,8.175489869911086,8.369047164916992,414000,0.0,0.0
2011-12-26 00:00:00+08:00,8.387481526578563,8.590255163860846,8.2953110521755,8.313745498657227,251000,0.0,0.0
2011-12-27 00:00:00+08:00,8.387481447656885,8.387481447656885,8.249225737353198,8.295310974121094,164000,0.0,0.0
2011-12-28 00:00:00+08:00,8.359829651788909,8.359829651788909,8.12018800642438,8.230792045593262,147000,0.0,0.0
2011-12-29 00:00:00+08:00,8.230792250836739,8.516519139397229,8.20314058110292,8.332179069519043,433000,0.0,0.0
2011-12-30 00:00:00+08:00,8.479650792243214,8.479650792243214,8.203140258789062,8.203140258789062,291000,0.0,0.0
2012-01-02 00:00:00+08:00,8.203140006778431,8.203140006778431,8.018799949806404,8.092535972595215,140000,0.0,0.0
2012-01-03 00:00:00+08:00,8.157055580554019,8.654774169533411,8.046450668333959,8.470433235168457,1532000,0.0,0.0
2012-01-04 00:00:00+08:00,8.47043394513679,8.562604420044742,8.34139633506901,8.359829902648926,500000,0.0,0.0
2012-01-05 00:00:00+08:00,8.46121760084823,8.46121760084823,8.313745544197744,8.359829902648926,246000,0.0,0.0
2012-01-06 00:00:00+08:00,8.387481689453125,8.387481689453125,8.304528436680073,8.387481689453125,201000,0.0,0.0
2012-01-09 00:00:00+08:00,8.378264267456533,8.525736322667635,8.295311016649592,8.322961807250977,466000,0.0,0.0
2012-01-10 00:00:00+08:00,8.369047161713885,8.479651204674528,8.341396370724423,8.350613594055176,285000,0.0,0.0
2012-01-11 00:00:00+08:00,8.424349622695605,8.433565967023561,8.350613594055176,8.350613594055176,187000,0.0,0.0
2012-01-12 00:00:00+08:00,8.424349461270644,8.424349461270644,8.295310974121094,8.295310974121094,203000,0.0,0.0
2012-01-13 00:00:00+08:00,8.35982927012424,8.39669728149734,8.074102401733398,8.074102401733398,319000,0.0,0.0
2012-01-16 00:00:00+08:00,7.5118645256013,7.926630774170523,7.5118645256013,7.8621110916137695,368000,0.0,0.0
2012-01-17 00:00:00+08:00,7.86211075853284,8.15705573157582,7.86211075853284,8.110970497131348,206000,0.0,0.0
2012-01-18 00:00:00+08:00,8.110970501606845,8.249225326013812,7.926630442729977,8.129404067993164,281000,0.0,0.0
2012-01-30 00:00:00+08:00,8.387480948056549,8.516518548517196,8.203140011965235,8.48886775970459,630000,0.0,0.0
2012-01-31 00:00:00+08:00,8.488868080210517,9.069539941215469,8.415132054591103,9.032671928405762,1002000,0.0,0.0
2012-02-01 00:00:00+08:00,9.041889533481882,9.6317777633667,8.91285104369318,9.6317777633667,1644000,0.0,0.0
2012-02-02 00:00:00+08:00,10.000458717346191,10.184798787918814,9.770033409379716,10.000458717346191,1139000,0.0,0.0
2012-02-03 00:00:00+08:00,10.000458179994096,10.415223536246712,9.862202475241393,10.184798240661621,741000,0.0,0.0
2012-02-06 00:00:00+08:00,10.138713717155174,10.461309505211233,10.046543240852639,10.092628479003906,918000,0.0,0.0
2012-02-07 00:00:00+08:00,10.046542535908918,10.323053066411578,9.90828771015896,10.184798240661621,1167000,0.0,0.0
2012-02-08 00:00:00+08:00,10.230883202654054,10.876073837280273,10.230883202654054,10.876073837280273,1507000,0.0,0.0
2012-02-09 00:00:00+08:00,11.613435745239258,11.613435745239258,11.244754729150662,11.613435745239258,2464000,0.0,0.0
2012-02-10 00:00:00+08:00,11.982116175632852,12.30471196273178,11.613436029522193,11.751690864562988,3740000,0.0,0.0
2012-02-13 00:00:00+08:00,11.613436029522193,12.074286651661918,11.336925480437797,11.751690864562988,1663000,0.0,0.0
2012-02-14 00:00:00+08:00,11.751690030528389,11.982115325244632,11.336924675839699,11.383009910583496,1012000,0.0,0.0
2012-02-15 00:00:00+08:00,11.383010031877529,11.936030217687687,11.383010031877529,11.843860626220703,1203000,0.0,0.0
2012-02-16 00:00:00+08:00,11.889944333716995,12.166454851036562,11.198668479919434,11.198668479919434,1621000,0.0,0.0
2012-02-17 00:00:00+08:00,11.521264229959376,11.613434695400134,11.060413660761002,11.198668479919434,1048000,0.0,0.0
2012-02-20 00:00:00+08:00,11.290839736735242,11.336924972685734,11.060414435985543,11.106499671936035,496000,0.0,0.0
2012-02-21 00:00:00+08:00,11.198669141597293,11.290839612483978,10.922159486942746,11.06041431427002,589000,0.0,0.0
2012-02-22 00:00:00+08:00,10.968243956870575,11.56735026582741,10.968243956870575,11.521265029907227,1063000,0.0,0.0
2012-02-23 00:00:00+08:00,11.521265745817177,11.567350984601008,11.106500354768322,11.429095268249512,635000,0.0,0.0
2012-02-24 00:00:00+08:00,11.429093891512546,11.659519178672095,11.24475383758545,11.24475383758545,479000,0.0,0.0
2012-02-29 00:00:00+08:00,11.24475383758545,11.613434824442356,11.152584250123258,11.24475383758545,758000,0.0,0.0
2012-03-01 00:00:00+08:00,11.383010908468497,11.521265745817177,11.244755192117,11.429095268249512,356000,0.0,0.0
2012-03-02 00:00:00+08:00,11.705604967535225,12.074285971892335,11.521264904858047,11.889945030212402,1860000,0.0,0.0
2012-03-05 00:00:00+08:00,11.659520103122897,11.98211588232507,11.429094797693569,11.613435745239258,718000,0.0,0.0
2012-03-06 00:00:00+08:00,11.705604973468553,11.889945036239169,10.876074251499404,11.06041431427002,868000,0.0,0.0
2012-03-07 00:00:00+08:00,10.691734188728788,11.244754377040636,10.461308890514829,11.06041431427002,390000,0.0,0.0
2012-03-08 00:00:00+08:00,11.24475450078475,11.24475450078475,11.060414435985543,11.106499671936035,523000,0.0,0.0
2012-03-09 00:00:00+08:00,11.198668479919434,11.42909376451862,11.152584126201758,11.198668479919434,556000,0.0,0.0
2012-03-12 00:00:00+08:00,11.244754084429259,11.751689903109018,11.198668850185147,11.33692455291748,1458000,0.0,0.0
2012-03-13 00:00:00+08:00,11.383009787161592,11.705604668864906,11.244754084429259,11.33692455291748,459000,0.0,0.0
2012-03-14 00:00:00+08:00,11.429094266324551,11.751690030528389,11.244754206352106,11.383009910583496,1146000,0.0,0.0
2012-03-15 00:00:00+08:00,11.38301102639581,11.5212658651768,11.336925787134536,11.475180625915527,441000,0.0,0.0
2012-03-16 00:00:00+08:00,11.521265029907227,11.70560509458519,11.429094558066863,11.521265029907227,942000,0.0,0.0
2012-03-19 00:00:00+08:00,11.613434824442356,11.613434824442356,11.24475383758545,11.24475383758545,661000,0.0,0.0
2012-03-20 00:00:00+08:00,11.244754126432797,11.336924595265312,10.968243598937988,10.968243598937988,710000,0.0,0.0
2012-03-21 00:00:00+08:00,10.968243557967323,11.429094142402972,10.876073968481833,11.33692455291748,1019000,0.0,0.0
2012-03-22 00:00:00+08:00,11.429094142402972,11.567349845135304,11.152584494943769,11.33692455291748,2016000,0.0,0.0
2012-03-23 00:00:00+08:00,11.15258502960205,11.290839859959629,11.106499793148599,11.15258502960205,570000,0.0,0.0
2012-03-26 00:00:00+08:00,11.152584907886528,11.290839736735242,11.060414435985543,11.106499671936035,416000,0.0,0.0
2012-03-27 00:00:00+08:00,11.152584536603017,11.244754126432797,10.922159243524465,10.968243598937988,659000,0.0,0.0
2012-03-28 00:00:00+08:00,10.968243425653892,11.152584360406573,10.783903369903932,10.876073837280273,540000,0.0,0.0
2012-03-29 00:00:00+08:00,10.783903786965256,10.876074257906236,10.138713127386655,10.230883598327637,946000,0.0,0.0
2012-03-30 00:00:00+08:00,10.138713647154631,10.461309432983398,10.04654317148847,10.461309432983398,412000,0.0,0.0
2012-04-02 00:00:00+08:00,10.27696783149401,10.415223536246712,10.184798240661621,10.184798240661621,280000,0.0,0.0
2012-04-03 00:00:00+08:00,10.230884095596963,10.323053692015067,9.539608166948595,9.6317777633667,670000,0.0,0.0
2012-04-05 00:00:00+08:00,9.26309722244332,9.77003305751288,8.958935897202137,9.447437286376953,815000,0.0,0.0
2012-04-06 00:00:00+08:00,9.401352045275775,9.908287880055934,9.401352045275775,9.862202644348145,496000,0.0,0.0
2012-04-09 00:00:00+08:00,9.585692405700684,9.862202949500332,9.493522810435993,9.585692405700684,145000,0.0,0.0
2012-04-10 00:00:00+08:00,9.770033717546205,9.908288555085809,9.585692762156306,9.72394847869873,382000,0.0,0.0
2012-04-11 00:00:00+08:00,9.539608047569732,9.770033354235641,9.539608047569732,9.585692405700684,190000,0.0,0.0
2012-04-12 00:00:00+08:00,9.585692109104171,9.908287880055934,9.585692109104171,9.862202644348145,300000,0.0,0.0
2012-04-13 00:00:00+08:00,10.000458762737656,10.230884071750019,10.000458762737656,10.04654312133789,717000,0.0,0.0
2012-04-16 00:00:00+08:00,9.954372824559869,10.323052941431342,9.954372824559869,10.138712882995605,358000,0.0,0.0
2012-04-17 00:00:00+08:00,10.138713179592118,10.184798415299907,9.770033051935327,9.862202644348145,420000,0.0,0.0
2012-04-18 00:00:00+08:00,9.908287756952554,10.13871305362587,9.816117286682129,9.816117286682129,251000,0.0,0.0
2012-04-19 00:00:00+08:00,9.862202886006104,10.138713428025538,9.67786281766074,9.954373359680176,1282000,0.0,0.0
2012-04-20 00:00:00+08:00,9.954373671719924,10.000458910001596,9.677863121032715,9.677863121032715,428000,0.0,0.0
2012-04-23 00:00:00+08:00,9.677862586044684,9.816117414244218,9.30918245817742,9.447437286376953,370000,0.0,0.0
2012-04-24 00:00:00+08:00,9.401352290972417,9.58569235961839,9.309182696150822,9.539608001708984,264000,0.0,0.0
2012-04-25 00:00:00+08:00,9.631777882751043,9.723948359314385,9.585692644469374,9.677863121032715,450000,0.0,0.0
2012-04-26 00:00:00+08:00,9.77003305751288,9.77003305751288,9.447437286376953,9.447437286376953,246000,0.0,0.0
2012-04-27 00:00:00+08:00,9.862202949500332,9.862202949500332,9.401352336168515,9.585692405700684,267000,0.0,0.0
2012-04-30 00:00:00+08:00,9.585692237692202,9.585692237692202,9.493522644042969,9.493522644042969,166000,0.0,0.0
2012-05-02 00:00:00+08:00,9.447437004609542,10.138712882995605,9.447437004609542,10.138712882995605,1501000,0.0,0.0
2012-05-03 00:00:00+08:00,10.230883766531782,10.829989200489678,10.138713294075442,10.323053359985352,7682000,0.0,0.0
2012-05-04 00:00:00+08:00,10.23088388635046,10.507393548952273,10.184798649582566,10.369138717651367,1059000,0.0,0.0
2012-05-07 00:00:00+08:00,10.046543075737253,10.323053621097582,9.954373479952338,10.000458717346191,413000,0.0,0.0
2012-05-08 00:00:00+08:00,10.092628358940923,10.323053667953285,10.04654312133789,10.04654312133789,507000,0.0,0.0
2012-05-09 00:00:00+08:00,9.86220300516463,10.13871355052496,9.86220300516463,10.000458717346191,341000,0.0,0.0
2012-05-10 00:00:00+08:00,10.092628191188503,10.092628191188503,9.954373359680176,9.954373359680176,161000,0.0,0.0
2012-05-11 00:00:00+08:00,10.000458351471512,10.000458351471512,9.816117408640356,9.862202644348145,295000,0.0,0.0
2012-05-14 00:00:00+08:00,9.908288433438255,9.954373671719924,9.677863121032715,9.677863121032715,137000,0.0,0.0
2012-05-15 00:00:00+08:00,9.585691990008813,9.862202521817341,9.585691990008813,9.816117286682129,270000,0.0,0.0
2012-05-16 00:00:00+08:00,9.816117712366593,9.816117712366593,9.585692405700684,9.585692405700684,213000,0.0,0.0
2012-05-17 00:00:00+08:00,9.723948238787601,9.770033476498051,9.6317777633667,9.6317777633667,165000,0.0,0.0
2012-05-18 00:00:00+08:00,9.355266946355975,9.53960789188247,9.078757286071777,9.078757286071777,440000,0.0,0.0
2012-05-21 00:00:00+08:00,9.134059271275582,9.309183001485275,9.134059271275582,9.263097763061523,239000,0.0,0.0
2012-05-22 00:00:00+08:00,9.30918245817742,9.493522522111052,9.30918245817742,9.447437286376953,380000,0.0,0.0
2012-05-23 00:00:00+08:00,9.493521971073369,9.493521971073369,9.207794229308819,9.217011451721191,271000,0.0,0.0
2012-05-24 00:00:00+08:00,9.217011451721191,9.309181917839487,9.143275430427638,9.217011451721191,251000,0.0,0.0
2012-05-25 00:00:00+08:00,9.217012032530695,9.217012032530695,9.041889190673828,9.041889190673828,195000,0.0,0.0
2012-05-28 00:00:00+08:00,9.078756383591358,9.180143190350282,9.078756383591358,9.12484073638916,79000,0.0,0.0
2012-05-29 00:00:00+08:00,9.134059129899986,9.6317777633667,9.134059129899986,9.6317777633667,433000,0.0,0.0
2012-05-30 00:00:00+08:00,9.631778202438827,9.631778202438827,9.35526764257397,9.401352882385254,244000,0.0,0.0
2012-05-31 00:00:00+08:00,9.309183164491351,9.355267524719238,9.217012686029921,9.355267524719238,375000,0.0,0.0
2012-06-01 00:00:00+08:00,9.309181663591112,9.401351248189401,9.12484073638916,9.12484073638916,231000,0.0,0.0
2012-06-04 00:00:00+08:00,9.124841350815494,9.124841350815494,8.49808514473501,8.544170379638672,328000,0.0,0.0
2012-06-05 00:00:00+08:00,8.617905996751707,8.940500867831659,8.617905996751707,8.774595260620117,337000,0.0,0.0
2012-06-06 00:00:00+08:00,8.829897090154178,9.124841181665769,8.829897090154178,8.885199546813965,153000,0.0,0.0
2012-06-07 00:00:00+08:00,9.078756790879508,9.097190357025053,8.894415855407715,8.894415855407715,104000,0.0,0.0
2012-06-08 00:00:00+08:00,8.894415895060554,9.032671597280768,8.829897094759426,8.903633117675781,138000,0.0,0.0
2012-06-11 00:00:00+08:00,9.023454539086623,9.078756996782948,8.940501292043507,8.958935737609863,149000,0.0,0.0
2012-06-12 00:00:00+08:00,8.922067808065352,9.032671845479044,8.922067808065352,8.995803833007812,142000,0.0,0.0
2012-06-13 00:00:00+08:00,9.078756383591358,9.207793977829501,9.06032193927009,9.12484073638916,163000,0.0,0.0
2012-06-14 00:00:00+08:00,9.143275215379473,9.170926002963537,9.097189983404242,9.11562442779541,134000,0.0,0.0
2012-06-15 00:00:00+08:00,9.17092728621402,9.401352599329964,9.17092728621402,9.263097763061523,224000,0.0,0.0
2012-06-18 00:00:00+08:00,9.447438003180668,9.493523242411383,9.309183164491351,9.355267524719238,261000,0.0,0.0
2012-06-19 00:00:00+08:00,9.355267360906215,9.401352599329964,9.263097763061523,9.263097763061523,90000,0.0,0.0
2012-06-20 00:00:00+08:00,9.309181837169637,9.401351423486517,9.198576927185059,9.198576927185059,178000,0.0,0.0
2012-06-21 00:00:00+08:00,9.217012524637772,9.355267360906215,9.217012524637772,9.263097763061523,147000,0.0,0.0
2012-06-22 00:00:00+08:00,9.217012686029921,9.355267524719238,9.124842207568491,9.355267524719238,236000,0.0,0.0
2012-06-25 00:00:00+08:00,9.355267524719238,9.493523242411383,9.263097925260636,9.355267524719238,315000,0.0,0.0
2012-06-26 00:00:00+08:00,9.309181837169637,9.401351423486517,9.198576927185059,9.198576927185059,339000,0.0,0.0
2012-06-27 00:00:00+08:00,9.217011451721191,9.263096684780338,9.189360663486786,9.217011451721191,214000,0.0,0.0
2012-06-28 00:00:00+08:00,9.217011451721191,9.401351504955073,9.217011451721191,9.217011451721191,175000,0.0,0.0
2012-06-29 00:00:00+08:00,9.124842164671293,9.309183120727539,9.124842164671293,9.309183120727539,93000,0.0,0.0
2012-07-02 00:00:00+08:00,9.401352763949953,9.401352763949953,9.309183164491351,9.355267524719238,360000,0.0,0.0
2012-07-03 00:00:00+08:00,9.355267332063834,9.770033597596054,9.355267332063834,9.677863121032715,847000,0.0,0.0
2012-07-04 00:00:00+08:00,9.86220290208874,9.86220290208874,9.539608001708984,9.539608001708984,751000,0.0,0.0
2012-07-05 00:00:00+08:00,9.539608285190514,9.723948359314385,9.539608285190514,9.677863121032715,591000,0.0,0.0
2012-07-06 00:00:00+08:00,9.585692644469374,9.723948359314385,9.539608285190514,9.677863121032715,259000,0.0,0.0
2012-07-09 00:00:00+08:00,9.53960788036897,9.585692237692202,9.493522644042969,9.493522644042969,216000,0.0,0.0
2012-07-10 00:00:00+08:00,9.585692114576487,9.631777350310585,9.355266814908756,9.447437286376953,307000,0.0,0.0
2012-07-11 00:00:00+08:00,9.40135271975284,9.493523197780963,9.263097881713477,9.309183120727539,241000,0.0,0.0
2012-07-12 00:00:00+08:00,9.355267480738778,9.40135271975284,9.263097881713477,9.309183120727539,324000,0.0,0.0
2012-07-13 00:00:00+08:00,9.263096558921136,9.309181791354117,9.13405808390933,9.170926094055176,585000,0.0,0.0
2012-07-16 00:00:00+08:00,9.229154693465548,9.238859599574827,9.02535629272461,9.02535629272461,261000,0.5,0.0
2012-07-17 00:00:00+08:00,9.656160555856033,9.656160555856033,9.229154859963037,9.306792259216309,375000,0.0,0.0
2012-07-18 00:00:00+08:00,9.306792025165862,9.31649693120616,9.141812324523926,9.141812324523926,74000,0.0,0.0
2012-07-19 00:00:00+08:00,9.17092639080951,9.277678509416882,9.17092639080951,9.219449996948242,100000,0.0,0.0
2012-07-20 00:00:00+08:00,9.219450338821531,9.297087741318107,9.180631637573242,9.180631637573242,61000,0.0,0.0
2012-07-23 00:00:00+08:00,9.287382298165157,9.287382298165157,8.947718913240177,8.967127799987793,101000,0.0,0.0
2012-07-24 00:00:00+08:00,8.947719596951563,8.947719596951563,8.850672379265566,8.889491081237793,164000,0.0,0.0
2012-07-25 00:00:00+08:00,8.850672379265566,8.967128485182247,8.782739882191883,8.889491081237793,100000,0.0,0.0
2012-07-26 00:00:00+08:00,8.928309143083764,8.967127842272838,8.879785537719727,8.879785537719727,84000,0.0,0.0
2012-07-27 00:00:00+08:00,8.928309082653387,9.083583878358713,8.928309082653387,9.02535629272461,129000,0.0,0.0
2012-07-30 00:00:00+08:00,9.025356633742684,9.122402921969961,8.98653793334961,8.98653793334961,78000,0.0,0.0
2012-07-31 00:00:00+08:00,8.986537884891886,9.064175285259395,8.986537884891886,9.04476547241211,89000,0.0,0.0
2012-08-01 00:00:00+08:00,9.025356609330583,9.073880216068384,8.976833002592784,9.01565170288086,122000,0.0,0.0
2012-08-02 00:00:00+08:00,9.01565170288086,9.01565170288086,9.01565170288086,9.01565170288086,0,0.0,0.0
2012-08-03 00:00:00+08:00,9.112699239572532,9.112699239572532,8.986538227783804,9.035061836242676,187000,0.0,0.0
2012-08-06 00:00:00+08:00,9.122402918122738,9.170926524971323,8.938014322711101,8.957423210144043,95000,0.0,0.0
2012-08-07 00:00:00+08:00,8.986538350963373,8.986538350963373,8.753626137781252,8.831263542175293,159000,0.0,0.0
2012-08-08 00:00:00+08:00,9.025356358553696,9.025356358553696,8.899195354745228,8.908900260925293,115000,0.0,0.0
2012-08-09 00:00:00+08:00,9.005946776133536,9.093289082962562,8.879785769103924,9.073880195617676,191000,0.0,0.0
2012-08-10 00:00:00+08:00,9.0738803702999,9.316497482601921,9.0738803702999,9.297087669372559,265000,0.0,0.0
2012-08-13 00:00:00+08:00,9.316496764435074,9.559113858034834,9.297086952701926,9.462066650390625,456000,0.0,0.0
2012-08-14 00:00:00+08:00,9.462067358093712,9.539704759811563,9.345611255516936,9.355316162109375,156000,0.0,0.0
2012-08-15 00:00:00+08:00,9.219450316976484,9.316497532622677,9.219450316976484,9.238860130310059,141000,0.0,0.0
2012-08-16 00:00:00+08:00,9.23885971926688,9.442657197137287,9.23885971926688,9.365019798278809,177000,0.0,0.0
2012-08-17 00:00:00+08:00,9.423248607713312,9.529999803136645,9.374725000516952,9.413543701171875,386000,0.0,0.0
2012-08-20 00:00:00+08:00,9.41354296365313,9.665864960896988,9.41354296365313,9.607636451721191,723000,0.0,0.0
2012-08-21 00:00:00+08:00,9.656160077597924,9.704683681105605,9.568817776386254,9.578522682189941,511000,0.0,0.0
2012-08-22 00:00:00+08:00,9.656160443816846,9.656160443816846,9.510590553283691,9.510590553283691,279000,0.0,0.0
2012-08-23 00:00:00+08:00,9.520295137452399,9.559113835315669,9.481476439589128,9.491180419921875,239000,0.0,0.0
2012-08-24 00:00:00+08:00,9.452361727693152,9.62704633093738,9.452361727693152,9.520295143127441,366000,0.0,0.0
2012-08-27 00:00:00+08:00,9.646455217125204,9.646455217125204,9.520295143127441,9.520295143127441,123000,0.0,0.0
2012-08-28 00:00:00+08:00,9.520295893956051,9.520295893956051,9.267973875039349,9.297087669372559,367000,0.0,0.0
2012-08-29 00:00:00+08:00,9.267973239466974,9.297087031803638,8.976832539568019,9.287382125854492,850000,0.0,0.0
2012-08-30 00:00:00+08:00,9.297087669372559,9.4620673797788,9.287382762757877,9.297087669372559,1824000,0.0,0.0
2012-08-31 00:00:00+08:00,9.180631023174335,9.219449721824745,9.141812324523926,9.141812324523926,277000,0.0,0.0
2012-09-03 00:00:00+08:00,9.219449787356268,9.238859599574827,9.02535629272461,9.02535629272461,705000,0.0,0.0
2012-09-04 00:00:00+08:00,9.04476511514251,9.258268420475156,9.04476511514251,9.141812324523926,519000,0.0,0.0
2012-09-05 00:00:00+08:00,9.141812621151821,9.20004020826138,9.083584108531454,9.190336227416992,258000,0.0,0.0
2012-09-06 00:00:00+08:00,9.209745479650914,9.229155293130628,9.093289375305176,9.093289375305176,382000,0.0,0.0
2012-09-07 00:00:00+08:00,9.258269062286894,9.258269062286894,9.122403144836426,9.122403144836426,438000,0.0,0.0
2012-09-10 00:00:00+08:00,9.122403144836426,9.20004054751931,9.122403144836426,9.122403144836426,456000,0.0,0.0
2012-09-11 00:00:00+08:00,9.132107355205903,9.365019545494478,9.122402449232853,9.258268356323242,1216000,0.0,0.0
2012-09-12 00:00:00+08:00,9.28738244664759,9.355315865127304,9.238859766247398,9.306792259216309,689000,0.0,0.0
2012-09-13 00:00:00+08:00,9.306791943105333,9.549409038908868,9.306791943105333,9.316496849060059,692000,0.0,0.0
2012-09-14 00:00:00+08:00,9.413543403943057,9.462067009607306,9.34561091131959,9.365019798278809,570000,0.0,0.0
2012-09-17 00:00:00+08:00,9.36502018971532,9.413543797407746,9.219450292148883,9.267973899841309,737000,0.0,0.0
2012-09-18 00:00:00+08:00,9.219450316976484,9.335906420445411,9.219450316976484,9.238860130310059,401000,0.0,0.0
2012-09-19 00:00:00+08:00,9.277678831466368,9.365020214934933,9.238860130310059,9.238860130310059,344000,0.0,0.0
2012-09-20 00:00:00+08:00,9.306792322941156,9.306792322941156,9.151517523371425,9.161221504211426,218000,0.0,0.0
2012-09-21 00:00:00+08:00,9.170926659914208,9.413543772216228,9.170926659914208,9.297087669372559,794000,0.0,0.0
2012-09-24 00:00:00+08:00,9.365019798278809,9.452362103372296,9.29708730565534,9.365019798278809,464000,0.0,0.0
2012-09-25 00:00:00+08:00,9.365019673299384,9.656160377888703,9.287382275477004,9.627046585083008,863000,0.0,0.0
2012-09-26 00:00:00+08:00,9.627046650812373,9.850253939697984,9.442657135592198,9.510590553283691,5507000,0.0,0.0
2012-09-27 00:00:00+08:00,9.510591012792595,9.529999900563062,9.229155198789536,9.267973899841309,935000,0.0,0.0
2012-09-28 00:00:00+08:00,9.277678485393828,9.394134584518754,9.23885978568552,9.248563766479492,490000,0.0,0.0
2012-10-01 00:00:00+08:00,9.27767823255575,9.31649693120616,9.122402512443331,9.141812324523926,357000,0.0,0.0
2012-10-02 00:00:00+08:00,9.200039845995711,9.258268356323242,9.083583750851423,9.258268356323242,415000,0.0,0.0
2012-10-03 00:00:00+08:00,9.238860177467213,9.238860177467213,9.14181296132567,9.151517868041992,229000,0.0,0.0
2012-10-04 00:00:00+08:00,9.161221846177867,9.20004054751931,9.102994256921127,9.122403144836426,176000,0.0,0.0
2012-10-05 00:00:00+08:00,9.10299366716668,9.21944976364618,9.05447006225586,9.05447006225586,247000,0.0,0.0
2012-10-08 00:00:00+08:00,9.0544704948463,9.0544704948463,8.83126319730757,8.840967178344727,417000,0.0,0.0
2012-10-09 00:00:00+08:00,8.860376741420522,8.92830923431787,8.73421573638916,8.73421573638916,377000,0.0,0.0
2012-10-11 00:00:00+08:00,8.65657819402803,8.65657819402803,8.346028602478938,8.423666000366211,260000,0.0,0.0
2012-10-12 00:00:00+08:00,8.452780086504074,8.598349981216225,8.443075180053711,8.443075180053711,132000,0.0,0.0
2012-10-15 00:00:00+08:00,8.443075344317664,8.443075344317664,8.132525735950749,8.151934623718262,296000,0.0,0.0
2012-10-16 00:00:00+08:00,8.229571663406473,8.316913968291107,8.20045787028186,8.248981475830078,134000,0.0,0.0
2012-10-17 00:00:00+08:00,8.346028986010229,8.394551667786482,8.297505378723145,8.297505378723145,195000,0.0,0.0
2012-10-18 00:00:00+08:00,8.336323756955393,8.36543754999703,8.248981452319693,8.278095245361328,93000,0.0,0.0
2012-10-19 00:00:00+08:00,8.24898211005852,8.278095905421567,8.151934891500543,8.229572296142578,212000,0.0,0.0
2012-10-22 00:00:00+08:00,8.05488840839553,8.132525811205683,8.05488840839553,8.064593315124512,173000,0.0,0.0
2012-10-23 00:00:00+08:00,8.084002203071627,8.113115997747723,8.064593315124512,8.064593315124512,116000,0.0,0.0
2012-10-24 00:00:00+08:00,8.054888269566232,8.054888269566232,7.996659755706787,7.996659755706787,142000,0.0,0.0
2012-10-25 00:00:00+08:00,8.00636470859573,8.093707017134872,7.909317493438721,7.909317493438721,168000,0.0,0.0
2012-10-26 00:00:00+08:00,7.909317755745434,7.957841364933189,7.375560368457298,7.501721382141113,530000,0.0,0.0
2012-10-29 00:00:00+08:00,7.501721544817674,7.569654506602586,6.987373034744354,6.997077941894531,514000,0.0,0.0
2012-10-30 00:00:00+08:00,7.035896282619115,7.47260690126572,7.035896282619115,7.3367414474487305,365000,0.0,0.0
2012-10-31 00:00:00+08:00,7.715223858330821,7.715223858330821,7.501721006653232,7.5987677574157715,320000,0.0,0.0
2012-11-01 00:00:00+08:00,7.307627788109081,7.676405455287299,7.307627788109081,7.647291660308838,246000,0.0,0.0
2012-11-02 00:00:00+08:00,7.715224168605796,7.763747777316194,7.61817741394043,7.61817741394043,122000,0.0,0.0
2012-11-05 00:00:00+08:00,7.4531976030653055,7.559949263191811,7.4531976030653055,7.521130561828613,90000,0.0,0.0
2012-11-06 00:00:00+08:00,7.559949263191811,7.559949263191811,7.394969551020509,7.521130561828613,77000,0.0,0.0
2012-11-07 00:00:00+08:00,7.521130779573356,7.686110496520996,7.424084023355754,7.686110496520996,130000,0.0,0.0
2012-11-08 00:00:00+08:00,7.618177402574949,7.647291660308838,7.5308355548841375,7.647291660308838,158000,0.0,0.0
2012-11-09 00:00:00+08:00,7.637586527034777,7.860794749947434,7.56965403226219,7.7831573486328125,245000,0.0,0.0
2012-11-12 00:00:00+08:00,7.957841126073193,7.957841126073193,7.744338270117458,7.880203723907471,148000,0.0,0.0
2012-11-13 00:00:00+08:00,7.880203845035437,7.880203845035437,7.676405429840088,7.676405429840088,101000,0.0,0.0
2012-11-14 00:00:00+08:00,7.666700704037094,7.734633198101989,7.62788200378418,7.62788200378418,93000,0.0,0.0
2012-11-15 00:00:00+08:00,7.569654330697267,7.618177477054233,7.5308356285095215,7.5308356285095215,90000,0.0,0.0
2012-11-16 00:00:00+08:00,7.5696540087078965,7.61817715300084,7.501721051391281,7.511425495147705,57000,0.0,0.0
2012-11-19 00:00:00+08:00,7.375560443303589,7.521130809588651,7.375560443303589,7.385265350341797,236000,0.0,0.0
2012-11-20 00:00:00+08:00,7.42408410390311,7.4823121582654135,7.278513736619629,7.2979230880737305,134000,0.0,0.0
2012-11-21 00:00:00+08:00,7.297922782189653,7.317332132830233,7.20087602898675,7.278513431549072,117000,0.0,0.0
2012-11-22 00:00:00+08:00,7.278513591318948,7.40467460462978,7.278513591318948,7.2882184982299805,115000,0.0,0.0
2012-11-23 00:00:00+08:00,7.453197784618313,7.540540096190797,7.375560380000741,7.472607135772705,255000,0.0,0.0
2012-11-26 00:00:00+08:00,7.559949101930148,7.8122711181640625,7.559949101930148,7.8122711181640625,351000,0.0,0.0
2012-11-27 00:00:00+08:00,7.8316800915174465,7.957841101017225,7.821976110410414,7.909317493438721,170000,0.0,0.0
2012-11-28 00:00:00+08:00,7.831680300426893,7.870499002423015,7.783157617064884,7.860795021057129,131000,0.0,0.0
2012-11-29 00:00:00+08:00,7.8607949013701495,8.29750552355497,7.8607949013701495,8.064593315124512,754000,0.0,0.0
2012-11-30 00:00:00+08:00,8.074297157178828,8.142230577599985,7.977250868094192,7.996659755706787,227000,0.0,0.0
2012-12-03 00:00:00+08:00,8.035478456442807,8.151934558650867,7.996659755706787,7.996659755706787,145000,0.0,0.0
2012-12-04 00:00:00+08:00,7.986954961990316,8.12282087924141,7.957841167404668,8.093707084655762,266000,0.0,0.0
2012-12-05 00:00:00+08:00,8.113115565397226,8.336323780714713,8.093706678484416,8.248981475830078,494000,0.0,0.0
2012-12-06 00:00:00+08:00,8.394552038827817,8.394552038827817,8.200458526611328,8.200458526611328,151000,0.0,0.0
2012-12-07 00:00:00+08:00,8.200457913101122,8.346028730505886,8.161639213562012,8.161639213562012,337000,0.0,0.0
2012-12-10 00:00:00+08:00,8.268391288253685,8.637168469194235,8.20045787028186,8.248981475830078,408000,0.0,0.0
2012-12-11 00:00:00+08:00,8.30721043028395,8.30721043028395,8.05488840839553,8.064593315124512,237000,0.0,0.0
2012-12-12 00:00:00+08:00,8.200457981208746,8.200457981208746,8.045183181762695,8.045183181762695,271000,0.0,0.0
2012-12-13 00:00:00+08:00,8.16163990042399,8.181049714582425,8.045183792006023,8.084002494812012,260000,0.0,0.0
2012-12-14 00:00:00+08:00,8.084002494812012,8.16163990042399,8.064593606164458,8.084002494812012,191000,0.0,0.0
2012-12-17 00:00:00+08:00,8.151934673827057,8.181049393923548,8.08400217795693,8.093707084655762,141000,0.0,0.0
2012-12-18 00:00:00+08:00,8.103411991354593,8.151934673827057,8.064593290070114,8.093707084655762,119000,0.0,0.0
2012-12-19 00:00:00+08:00,8.346029328616497,8.346029328616497,8.113116189179527,8.229572296142578,214000,0.0,0.0
2012-12-20 00:00:00+08:00,8.171344163414823,8.229571750278705,8.074296951293945,8.074296951293945,190000,0.0,0.0
2012-12-21 00:00:00+08:00,8.103412064548252,8.181049467818463,7.957841239283467,7.977251052856445,187000,0.0,0.0
2012-12-24 00:00:00+08:00,8.132526104697218,8.171344807503207,8.064593606164458,8.084002494812012,223000,0.0,0.0
2012-12-25 00:00:00+08:00,8.093707375758374,8.161639874071795,8.07429756166261,8.113116264343262,112000,0.0,0.0
2012-12-26 00:00:00+08:00,8.200457937044854,8.24898154298812,8.113115631449134,8.132525444030762,276000,0.0,0.0
2012-12-27 00:00:00+08:00,8.132525735950749,8.181049343635788,8.113115922672398,8.151934623718262,170000,0.0,0.0
2012-12-28 00:00:00+08:00,8.15193464868286,8.15193464868286,8.074297246353373,8.122820854187012,215000,0.0,0.0
2013-01-02 00:00:00+08:00,8.151934307299534,8.229571706377754,8.142230326547857,8.161639213562012,321000,0.0,0.0
2013-01-03 00:00:00+08:00,8.268391609191895,8.30721031003506,8.200458188583228,8.268391609191895,242000,0.0,0.0
2013-01-04 00:00:00+08:00,8.248982038323563,8.48189425022421,8.229572224576412,8.375143051147461,673000,0.0,0.0
2013-01-07 00:00:00+08:00,8.27809526895469,8.394551366963938,8.248981475830078,8.248981475830078,364000,0.0,0.0
2013-01-08 00:00:00+08:00,8.248981456940214,8.336323761624838,8.210162757692691,8.307209968566895,292000,0.0,0.0
2013-01-09 00:00:00+08:00,8.239276486250848,8.559530983913545,8.239276486250848,8.423666000366211,776000,0.0,0.0
2013-01-10 00:00:00+08:00,8.49159888236065,8.49159888236065,8.297505378723145,8.297505378723145,390000,0.0,0.0
2013-01-11 00:00:00+08:00,8.297505081378297,8.346028686926516,8.210162776493663,8.248981475830078,560000,0.0,0.0
2013-01-14 00:00:00+08:00,8.248981392364453,8.423666000366211,8.20045778730721,8.423666000366211,249000,0.0,0.0
2013-01-15 00:00:00+08:00,8.423666292663807,8.559531280925597,8.375142685922816,8.443075180053711,398000,0.0,0.0
2013-01-16 00:00:00+08:00,8.47218859258264,8.763329294414273,8.462484612079848,8.569235801696777,883000,0.0,0.0
2013-01-17 00:00:00+08:00,8.637169084628866,8.637169084628866,8.200458454599021,8.346029281616211,453000,0.0,0.0
2013-01-18 00:00:00+08:00,8.384847661928776,8.44307525009233,8.326619148254395,8.326619148254395,227000,0.0,0.0
2013-01-21 00:00:00+08:00,8.346028644260334,8.3945513240497,8.326618831935955,8.336323738098145,128000,0.0,0.0
2013-01-22 00:00:00+08:00,8.365437824287998,8.511008645290826,8.316914217287055,8.355732917785645,279000,0.0,0.0
2013-01-23 00:00:00+08:00,8.404256183268627,8.53041718614003,8.375142390455467,8.394551277160645,187000,0.0,0.0
2013-01-24 00:00:00+08:00,8.394551965111079,8.443075574116808,8.326619467809573,8.346029281616211,163000,0.0,0.0
2013-01-25 00:00:00+08:00,8.346029381384538,8.355733362892995,8.171344757080078,8.171344757080078,299000,0.0,0.0
2013-01-28 00:00:00+08:00,8.18104904997403,8.24898154298812,8.113115631449134,8.132525444030762,265000,0.0,0.0
2013-01-29 00:00:00+08:00,8.151934288132015,8.28780019895484,8.151934288132015,8.219867706298828,194000,0.0,0.0
2013-01-30 00:00:00+08:00,8.22957217465543,8.55953160226856,8.21986819335158,8.433370590209961,670000,0.0,0.0
2013-01-31 00:00:00+08:00,8.472188675002926,8.511008299434852,8.38484729656345,8.394551277160645,201000,0.0,0.0
2013-02-01 00:00:00+08:00,8.413961112793563,8.433369999552758,8.355732601494402,8.365437507629395,195000,0.0,0.0
2013-02-04 00:00:00+08:00,8.39455198858178,8.423666709373139,8.287800788879395,8.287800788879395,226000,0.0,0.0
2013-02-05 00:00:00+08:00,8.26839163062619,8.365437920230264,8.181049322124938,8.210163116455078,182000,0.0,0.0
2013-02-06 00:00:00+08:00,8.258687069232307,8.258687069232307,8.171344757080078,8.171344757080078,118000,0.0,0.0
2013-02-18 00:00:00+08:00,8.248982136043168,8.278095931497923,8.200458526611328,8.200458526611328,154000,0.0,0.0
2013-02-19 00:00:00+08:00,8.200458188583228,8.287800496858061,8.171344394328562,8.268391609191895,322000,0.0,0.0
2013-02-20 00:00:00+08:00,8.268391874930337,8.326619465311051,8.268391874930337,8.316914558410645,189000,0.0,0.0
2013-02-21 00:00:00+08:00,8.297505057729614,8.32661885077125,8.219867659278057,8.278095245361328,201000,0.0,0.0
2013-02-22 00:00:00+08:00,8.32661949109034,8.32661949109034,8.219868291387954,8.287800788879395,199000,0.0,0.0
2013-02-25 00:00:00+08:00,8.39455119549564,8.666283010810915,8.39455119549564,8.569235801696777,1105000,0.0,0.0
2013-02-26 00:00:00+08:00,8.530417833118635,8.540122739962673,8.404256820678711,8.404256820678711,283000,0.0,0.0
2013-02-27 00:00:00+08:00,8.443075159739275,8.511008579217538,8.413961365969056,8.501303672790527,280000,0.0,0.0
2013-03-01 00:00:00+08:00,8.588646274287075,8.627464975816169,8.501303964468905,8.520712852478027,679000,0.0,0.0
2013-03-04 00:00:00+08:00,8.617760069056184,8.675987658594398,8.501303964468905,8.520712852478027,435000,0.0,0.0
2013-03-05 00:00:00+08:00,8.559531148880609,8.782739366241481,8.47218884319639,8.70510196685791,623000,0.0,0.0
2013-03-06 00:00:00+08:00,8.831263037205462,8.831263037205462,8.559531211853027,8.559531211853027,408000,0.0,0.0
2013-03-07 00:00:00+08:00,8.540122324619746,8.569236118225074,8.491598718270325,8.559531211853027,257000,0.0,0.0
2013-03-08 00:00:00+08:00,8.549827230991792,8.78273943085604,8.549827230991792,8.559531211853027,1407000,0.0,0.0
2013-03-11 00:00:00+08:00,8.588645930969166,8.608054818202449,8.491598718270325,8.559531211853027,433000,0.0,0.0
2013-03-12 00:00:00+08:00,8.559530983913545,8.617759495084394,8.404256188139,8.423666000366211,451329,0.0,0.0
2013-03-13 00:00:00+08:00,8.443075229009366,8.481893929525079,8.375142734484577,8.384847640991211,292000,0.0,0.0
2013-03-14 00:00:00+08:00,8.384847981202627,8.394551962592171,8.297505670120694,8.316914558410645,183075,0.0,0.0
2013-03-15 00:00:00+08:00,8.316913879318363,8.42366599548459,8.297504992613186,8.394551277160645,388679,0.0,0.0
2013-03-18 00:00:00+08:00,8.404256999331864,8.404256999331864,8.054888675117525,8.142230987548828,388593,0.0,0.0
2013-03-19 00:00:00+08:00,8.142230600073896,8.278095590269562,8.142230600073896,8.268391609191895,180869,0.0,0.0
2013-03-20 00:00:00+08:00,8.268391609191895,8.355732991955895,8.248981796014895,8.268391609191895,252332,0.0,0.0
2013-03-21 00:00:00+08:00,8.268391036980336,8.714805603027344,8.239276319229713,8.714805603027344,1111000,0.0,0.0
2013-03-22 00:00:00+08:00,8.734215460685633,8.91860404651981,8.549826874851453,8.656578063964844,4479903,0.0,0.0
2013-03-25 00:00:00+08:00,8.656578128109643,8.821557828741502,8.540122032165527,8.540122032165527,759484,0.0,0.0
2013-03-26 00:00:00+08:00,8.559531192003409,8.753625616950988,8.549827211164677,8.617759704589844,549445,0.0,0.0
2013-03-27 00:00:00+08:00,8.646873450275647,8.734215755916543,8.637168543979813,8.675987243652344,394103,0.0,0.0
2013-03-28 00:00:00+08:00,8.646873175655307,8.724510572534642,8.598349571228027,8.598349571228027,378566,0.0,0.0
2013-03-29 00:00:00+08:00,8.608054523421899,8.705101732797386,8.540122032165527,8.540122032165527,310054,0.0,0.0
2013-04-01 00:00:00+08:00,8.637168339449394,8.637168339449394,8.49159845050224,8.511008262634277,330456,0.0,0.0
2013-04-02 00:00:00+08:00,8.520712284969909,8.520712284969909,8.423666000366211,8.423666000366211,439384,0.0,0.0
2013-04-03 00:00:00+08:00,8.443075522544007,8.540122739962673,8.404256820678711,8.404256820678711,299000,0.0,0.0
2013-04-08 00:00:00+08:00,8.278095984210077,8.287800891260417,8.132526080498488,8.142230987548828,479288,0.0,0.0
2013-04-09 00:00:00+08:00,8.142230642589924,8.200458231403301,8.142230642589924,8.151934623718262,173100,0.0,0.0
2013-04-10 00:00:00+08:00,8.171344440280752,8.248981842403685,8.171344440280752,8.181049346923828,134419,0.0,0.0
2013-04-11 00:00:00+08:00,8.219868023068736,8.278095611729013,8.210163116455078,8.210163116455078,218038,0.0,0.0
2013-04-12 00:00:00+08:00,8.258686699155223,8.268391605739671,8.16163948433241,8.239276885986328,240257,0.0,0.0
2013-04-15 00:00:00+08:00,8.239276588754178,8.394551386460469,8.132525396708802,8.190752983093262,1095887,0.0,0.0
2013-04-16 00:00:00+08:00,8.103411650669123,8.19075303075404,8.074296931796681,8.132525444030762,150575,0.0,0.0
2013-04-17 00:00:00+08:00,8.161639487740063,8.29750540344656,8.161639487740063,8.268391609191895,241499,0.0,0.0
2013-04-18 00:00:00+08:00,8.200458188583228,8.365437898544394,8.200458188583228,8.268391609191895,358093,0.0,0.0
2013-04-19 00:00:00+08:00,8.375142805132894,8.375142805132894,8.268391609191895,8.268391609191895,252062,0.0,0.0
2013-04-22 00:00:00+08:00,8.287800335400782,8.685692242669484,8.287800335400782,8.530417442321777,1032992,0.0,0.0
2013-04-23 00:00:00+08:00,8.588645911052032,8.705102010714093,8.549827211164677,8.617759704589844,778296,0.0,0.0
2013-04-24 00:00:00+08:00,8.666283380006455,8.68569226734966,8.501303672790527,8.501303672790527,551000,0.0,0.0
2013-04-25 00:00:00+08:00,8.540122032165527,8.608054523421899,8.501303333517487,8.540122032165527,455848,0.0,0.0
2013-04-26 00:00:00+08:00,8.5983496406961,8.627464358894157,8.462484657814965,8.511008262634277,266227,0.0,0.0
2013-04-29 00:00:00+08:00,8.481893904849622,8.685692313341928,8.40425650404406,8.413961410522461,1098748,0.0,0.0
2013-04-30 00:00:00+08:00,8.452780135516,8.481893929525079,8.384847640991211,8.384847640991211,271167,0.0,0.0
2013-05-02 00:00:00+08:00,8.404256206658571,8.491598510851917,8.355732601494402,8.365437507629395,253839,0.0,0.0
2013-05-03 00:00:00+08:00,8.375142755397908,8.462485063154066,8.326619148254395,8.326619148254395,289560,0.0,0.0
2013-05-06 00:00:00+08:00,8.355733260501408,8.355733260501408,8.278095856319881,8.316914558410645,369700,0.0,0.0
2013-05-07 00:00:00+08:00,8.326618874502909,8.355732667627523,8.248981475830078,8.248981475830078,273369,0.0,0.0
2013-05-08 00:00:00+08:00,8.268391204591666,8.695396892971667,8.268391204591666,8.423666000366211,1190415,0.0,0.0
2013-05-09 00:00:00+08:00,8.42366599548459,8.491598487218889,8.394551277160645,8.394551277160645,352979,0.0,0.0
2013-05-10 00:00:00+08:00,8.423666018928555,8.423666018928555,8.355732601494402,8.365437507629395,273424,0.0,0.0
2013-05-13 00:00:00+08:00,8.365438219383364,8.365438219383364,8.258687019348145,8.258687019348145,253100,0.0,0.0
2013-05-14 00:00:00+08:00,8.297505721680121,8.34602933097281,8.200458503094746,8.258687019348145,344896,0.0,0.0
2013-05-15 00:00:00+08:00,8.336324104289726,8.336324104289726,8.229571982837896,8.268391609191895,319708,0.0,0.0
2013-05-16 00:00:00+08:00,8.316914291112727,8.336324104289726,8.239276889426396,8.268391609191895,548499,0.0,0.0
2013-05-17 00:00:00+08:00,8.26839156009084,8.384847661928776,8.258686653559973,8.326619148254395,470401,0.0,0.0
2013-05-20 00:00:00+08:00,8.326619416948121,8.481894224409302,8.326619416948121,8.404256820678711,494595,0.0,0.0
2013-05-21 00:00:00+08:00,8.443075427460958,8.656578748071109,8.443075427460958,8.578941345214844,1187749,0.0,0.0
2013-05-22 00:00:00+08:00,8.63716891531298,9.170926752890939,8.63716891531298,9.122403144836426,3830579,0.0,0.0
2013-05-23 00:00:00+08:00,9.122403115395075,9.151517835440325,8.656578700801159,8.66628360748291,1355220,0.0,0.0
2013-05-24 00:00:00+08:00,8.666283310826739,8.802148297677073,8.588645911052032,8.617759704589844,604364,0.0,0.0
2013-05-27 00:00:00+08:00,8.617759687156076,9.219449996948242,8.569236081017344,9.219449996948242,2877020,0.0,0.0
2013-05-28 00:00:00+08:00,9.306792302895797,9.704684207313939,9.093288991191864,9.219449996948242,4134509,0.0,0.0
2013-05-29 00:00:00+08:00,9.21945024634772,9.607637254936975,9.122403031444989,9.355316162109375,3718431,0.0,0.0
2013-05-30 00:00:00+08:00,9.31649741228998,9.588228316874446,9.170926590700894,9.413543701171875,1509329,0.0,0.0
2013-05-31 00:00:00+08:00,9.510590340600732,9.559113944863594,9.316496849060059,9.316496849060059,1222523,0.0,0.0
2013-06-03 00:00:00+08:00,9.316497118125358,9.452362103372296,9.219449906796862,9.365019798278809,845216,0.0,0.0
2013-06-04 00:00:00+08:00,9.481477075961013,9.85025426765806,9.462067262971262,9.500885963439941,2034816,0.0,0.0
2013-06-05 00:00:00+08:00,9.510591046587002,9.947301666348935,9.510591046587002,9.75320816040039,5171359,0.0,0.0
2013-06-06 00:00:00+08:00,9.607636536346176,9.704683743990385,9.432952858301668,9.462066650390625,1285527,0.0,0.0
2013-06-07 00:00:00+08:00,9.413543969709378,9.559114795451121,8.899195939981272,8.97683334350586,1464235,0.0,0.0
2013-06-10 00:00:00+08:00,9.025356633742684,9.17092652883901,8.98653793334961,8.98653793334961,441289,0.0,0.0
2013-06-11 00:00:00+08:00,8.986537617058959,9.073879921246979,8.986537617058959,8.99624252319336,354928,0.0,0.0
2013-06-13 00:00:00+08:00,8.957423027629476,8.99624265272602,8.64687343094354,8.73421573638916,542877,0.0,0.0
2013-06-14 00:00:00+08:00,8.763329318014055,8.763329318014055,8.520712220086118,8.540122032165527,439486,0.0,0.0
2013-06-17 00:00:00+08:00,8.714806286681256,8.714806286681256,8.549827500706074,8.637168884277344,182386,0.0,0.0
2013-06-18 00:00:00+08:00,8.637168841214889,8.8506721595166,8.637168841214889,8.753625869750977,390800,0.0,0.0
2013-06-19 00:00:00+08:00,8.889490559016192,8.889490559016192,8.685692154256614,8.70510196685791,226263,0.0,0.0
2013-06-20 00:00:00+08:00,8.540122594027874,8.637168884277344,8.540122594027874,8.637168884277344,236120,0.0,0.0
2013-06-21 00:00:00+08:00,8.540122032165527,8.617759429461604,8.44307482279004,8.540122032165527,285271,0.0,0.0
2013-06-24 00:00:00+08:00,8.559531236009269,8.559531236009269,8.3557328291752,8.530417442321777,348169,0.0,0.0
2013-06-25 00:00:00+08:00,8.491599311763169,8.491599311763169,8.33632450100124,8.142230987548828,291800,0.0,0.0
2013-06-26 00:00:00+08:00,8.336324424012098,8.394552014754629,8.258687019348145,8.258687019348145,163546,0.0,0.0
2013-06-27 00:00:00+08:00,8.278095541110881,8.394551642948818,8.278095541110881,8.326619148254395,280047,0.0,0.0
2013-06-28 00:00:00+08:00,8.278095856319881,8.346029279111864,8.268391874930337,8.316914558410645,189183,0.0,0.0
2013-07-01 00:00:00+08:00,8.326618726845924,8.540122032165527,8.326618726845924,8.540122032165527,292005,0.0,0.0
2013-07-02 00:00:00+08:00,8.734215780002852,8.996242697648125,8.617759680664111,8.646873474121094,864317,0.0,0.0
2013-07-03 00:00:00+08:00,8.588645697277135,8.724510680745734,8.394551277160645,8.394551277160645,224008,0.0,0.0
2013-07-04 00:00:00+08:00,8.481893925783766,8.501303738788472,8.355732917785645,8.355732917785645,182002,0.0,0.0
2013-07-05 00:00:00+08:00,8.384847958021037,8.50130406397136,8.365438144273886,8.375143051147461,300500,0.0,0.0
2013-07-08 00:00:00+08:00,8.375142805132894,8.375142805132894,8.268391609191895,8.268391609191895,142878,0.0,0.0
2013-07-09 00:00:00+08:00,8.278095516788467,8.443075225285176,8.278095516788467,8.355732917785645,135425,0.0,0.0
2013-07-10 00:00:00+08:00,8.355733312422652,8.384848033304786,8.258687019348145,8.258687019348145,160047,0.0,0.0
2013-07-11 00:00:00+08:00,8.297505062377315,8.394551347740723,8.287800156187735,8.307209968566895,176906,0.0,0.0
2013-07-12 00:00:00+08:00,8.34602851644935,8.753625313911481,8.34602851644935,8.569235801696777,803000,0.0,0.0
2013-07-15 00:00:00+08:00,8.66628305764745,8.66628305764745,8.501303356568258,8.511008262634277,161756,0.0,0.0
2013-07-16 00:00:00+08:00,8.588646325515295,8.588646325515295,8.462485313415527,8.462485313415527,135335,0.0,0.0
2013-07-17 00:00:00+08:00,8.472189197389357,8.705102330788169,8.394551794760032,8.608055114746094,908078,0.0,0.0
2013-07-18 00:00:00+08:00,8.617760094669004,8.617760094669004,8.462485288091141,8.491599082946777,217300,0.0,0.0
2013-07-19 00:00:00+08:00,8.49159913125334,8.49159913125334,8.346029230636196,8.404256820678711,428315,0.0,0.0
2013-07-22 00:00:00+08:00,8.501303393326872,8.511008299434852,8.38484729656345,8.394551277160645,156729,0.0,0.0
2013-07-23 00:00:00+08:00,8.491599203818218,8.976833444036401,8.452780501621199,8.831263542175293,1754387,0.0,0.0
2013-07-24 00:00:00+08:00,9.0156516150667,9.442657314076426,8.889490608981578,9.190336227416992,4204822,0.0,0.0
2013-07-25 00:00:00+08:00,9.122402471845366,9.413543173183148,9.122402471845366,9.229154586791992,1288331,0.0,0.0
2013-07-26 00:00:00+08:00,9.297087888046269,9.326201683064253,8.889491055751058,8.918604850769043,1188501,0.0,0.0
2013-07-29 00:00:00+08:00,8.899196039642362,9.170926955021503,8.831263542175293,8.831263542175293,414699,0.0,0.0
2013-07-30 00:00:00+08:00,8.85067159961753,9.170926094055176,8.85067159961753,9.170926094055176,730010,0.0,0.0
2013-07-31 00:00:00+08:00,9.209744968017796,9.209744968017796,8.850671768188477,8.850671768188477,488245,0.0,0.0
2013-08-01 00:00:00+08:00,8.850672206881958,8.889490908098118,8.656578700801159,8.66628360748291,489661,0.0,0.0
2013-08-02 00:00:00+08:00,8.734215828665358,8.811853228657073,8.588645935058594,8.588645935058594,528889,0.0,0.0
2013-08-05 00:00:00+08:00,8.578941393024538,8.608055187880174,8.452780381302311,8.491599082946777,458100,0.0,0.0
2013-08-06 00:00:00+08:00,8.491599105587335,8.5304178073353,8.35573318671403,8.433370590209961,496823,0.0,0.0
2013-08-07 00:00:00+08:00,8.443075225285176,8.45278013178753,8.355732917785645,8.355732917785645,293003,0.0,0.0
2013-08-08 00:00:00+08:00,8.355732624911733,8.44307492934986,8.326618831935955,8.336323738098145,376429,0.0,0.0
2013-08-09 00:00:00+08:00,8.336324079450646,8.404256574346066,8.278095565603978,8.297505378723145,422000,0.0,0.0
2013-08-12 00:00:00+08:00,8.297505124704298,8.297505124704298,8.151934307299534,8.161639213562012,515958,0.0,0.0
2013-08-13 00:00:00+08:00,8.190752964070057,8.248981475830078,8.171344077157247,8.248981475830078,188703,0.0,0.0
2013-08-14 00:00:00+08:00,8.297505329793173,8.540122439287062,8.258686629294584,8.355732917785645,380287,0.0,0.0
2013-08-15 00:00:00+08:00,8.433370042264443,8.433370042264443,8.278095245361328,8.278095245361328,153385,0.0,0.0
2013-08-16 00:00:00+08:00,8.297505057729614,8.355732643812885,8.258686358503835,8.278095245361328,177795,0.0,0.0
2013-08-19 00:00:00+08:00,8.287800838486465,8.287800838486465,8.190753619622786,8.200458526611328,177145,0.0,0.0
2013-08-20 00:00:00+08:00,8.200458578829114,8.34602940805158,8.074297563707328,8.142230987548828,196883,0.0,0.0
2013-08-22 00:00:00+08:00,8.113115922672398,8.190753324764126,8.103411941544058,8.151934623718262,193207,0.0,0.0
2013-08-23 00:00:00+08:00,8.200458231403301,8.297505446773382,8.132525735950749,8.151934623718262,252348,0.0,0.0
2013-08-26 00:00:00+08:00,8.219867725626077,8.24898151890271,8.161639213562012,8.161639213562012,125810,0.0,0.0
2013-08-27 00:00:00+08:00,8.181049074032734,8.2489815672466,8.103411674499512,8.103411674499512,214000,0.0,0.0
2013-08-28 00:00:00+08:00,8.074297393094247,8.084002299939518,7.831680275027608,7.889908790588379,352607,0.0,0.0
2013-08-29 00:00:00+08:00,7.8122713868479225,7.948136380638291,7.8122713868479225,7.889908790588379,165558,0.0,0.0
2013-08-30 00:00:00+08:00,7.919022403400355,7.967546010999349,7.8899086090452935,7.938432216644287,105864,0.0,0.0
2013-09-02 00:00:00+08:00,8.18104911851426,8.18104911851426,7.967545805881651,8.016069412231445,233485,0.0,0.0
2013-09-03 00:00:00+08:00,8.016069568830211,8.064593176127945,7.977250868094192,7.996659755706787,295513,0.0,0.0
2013-09-04 00:00:00+08:00,7.996659915631895,8.093707132168205,7.996659915631895,8.006364822387695,251647,0.0,0.0
2013-09-05 00:00:00+08:00,8.064592821530969,8.540122116016086,8.064592821530969,8.365437507629395,1149500,0.0,0.0
2013-09-06 00:00:00+08:00,8.365438193301287,8.365438193301287,8.229572272807543,8.287800788879395,400560,0.0,0.0
2013-09-09 00:00:00+08:00,8.248982213115186,8.248982213115186,8.074297587732795,8.084002494812012,273553,0.0,0.0
2013-09-10 00:00:00+08:00,8.103412361868296,8.16163995370194,8.025774955749512,8.025774955749512,149990,0.0,0.0
2013-09-11 00:00:00+08:00,8.054888405369615,8.239277005596747,7.986954983803117,8.035478591918945,260238,0.0,0.0
2013-09-12 00:00:00+08:00,8.064593658808903,8.093707454725726,8.016070048606942,8.025774955749512,117755,0.0,0.0
2013-09-13 00:00:00+08:00,8.006364847705061,8.064593362913147,7.977251052856445,7.977251052856445,155105,0.0,0.0
2013-09-16 00:00:00+08:00,7.977251027631142,8.093707132168205,7.977251027631142,8.006364822387695,211260,0.0,0.0
2013-09-17 00:00:00+08:00,8.00636511523775,8.200458629898913,7.996660208126972,8.054888725280762,414550,0.0,0.0
2013-09-18 00:00:00+08:00,8.074297587732795,8.142231011776435,8.074297587732795,8.084002494812012,152762,0.0,0.0
2013-09-23 00:00:00+08:00,8.103411674499512,8.171344167713379,8.084001861860804,8.103411674499512,106119,0.0,0.0
2013-09-24 00:00:00+08:00,8.113115631449134,8.18104904997403,8.113115631449134,8.132525444030762,164352,0.0,0.0
2013-09-25 00:00:00+08:00,8.132525735950749,8.219868044681652,8.113115922672398,8.151934623718262,330105,0.0,0.0
2013-09-26 00:00:00+08:00,8.200458552627197,8.248982162212977,8.084002444927847,8.171344757080078,328300,0.0,0.0
2013-09-27 00:00:00+08:00,8.171344325399382,8.384847640991211,8.113115811870403,8.384847640991211,901318,0.0,0.0
2013-09-30 00:00:00+08:00,8.384847237573373,8.675987014678272,8.355732519454259,8.540122032165527,5763399,0.0,0.0
2013-10-01 00:00:00+08:00,8.54012244305406,8.54012244305406,8.365437827977942,8.384847640991211,857867,0.0,0.0
2013-10-02 00:00:00+08:00,8.39455162198702,8.491598836031713,8.365437827977942,8.384847640991211,364535,0.0,0.0
2013-10-03 00:00:00+08:00,8.384847932501492,8.49159913125334,8.384847932501492,8.404256820678711,340409,0.0,0.0
2013-10-04 00:00:00+08:00,8.452780356179828,8.569236460767105,8.423666561410721,8.520712852478027,514024,0.0,0.0
2013-10-07 00:00:00+08:00,8.55953100277528,8.55953100277528,8.365437507629395,8.365437507629395,337962,0.0,0.0
2013-10-08 00:00:00+08:00,8.30721031003506,8.355732991955895,8.229571982837896,8.268391609191895,400215,0.0,0.0
2013-10-09 00:00:00+08:00,8.248981499507005,8.268391311986322,8.151934288132015,8.219867706298828,365430,0.0,0.0
2013-10-11 00:00:00+08:00,8.24898151890271,8.28780021844182,8.161639213562012,8.161639213562012,154330,0.0,0.0
2013-10-14 00:00:00+08:00,8.161639257100575,8.161639257100575,8.035478251547755,8.074296951293945,257498,0.0,0.0
2013-10-15 00:00:00+08:00,8.054888725280762,8.103412335323773,8.045183818169983,8.054888725280762,289672,0.0,0.0
2013-10-16 00:00:00+08:00,8.064592994448857,8.084001881624207,8.035478275419615,8.045183181762695,111652,0.0,0.0
2013-10-17 00:00:00+08:00,8.064593315124512,8.122820904476704,8.045183501666552,8.064593315124512,134768,0.0,0.0
2013-10-18 00:00:00+08:00,8.122820854187012,8.181049368689546,8.074297246353373,8.122820854187012,154426,0.0,0.0
2013-10-21 00:00:00+08:00,8.132525467946769,8.132525467946769,8.084001861860804,8.103411674499512,141007,0.0,0.0
2013-10-22 00:00:00+08:00,8.04518376602984,8.151934967023914,8.04518376602984,8.113116264343262,282006,0.0,0.0
2013-10-23 00:00:00+08:00,8.113116264343262,8.190753669704565,8.103412282806255,8.113116264343262,105339,0.0,0.0
2013-10-24 00:00:00+08:00,8.122821171391143,8.151934967023914,8.064593580125603,8.113116264343262,123542,0.0,0.0
2013-10-25 00:00:00+08:00,8.093707084655762,8.151934673827057,8.045183476672454,8.093707084655762,349316,0.0,0.0
2013-10-28 00:00:00+08:00,8.09370740189123,8.132526104697218,8.045183792006023,8.084002494812012,279298,0.0,0.0
2013-10-29 00:00:00+08:00,8.074297640440587,8.142231064927687,8.006365141464373,8.025774955749512,220779,0.0,0.0
2013-10-30 00:00:00+08:00,8.025774955749512,8.064593658808903,8.006365141464373,8.025774955749512,617361,0.0,0.0
2013-10-31 00:00:00+08:00,8.05488869908524,8.190753696150763,8.035478884926805,8.084002494812012,342049,0.0,0.0
2013-11-01 00:00:00+08:00,8.103411718558913,8.113115699420222,8.016069412231445,8.016069412231445,183320,0.0,0.0
2013-11-04 00:00:00+08:00,8.016069368646937,8.103411674499512,7.967545762560971,8.103411674499512,356350,0.0,0.0
2013-11-05 00:00:00+08:00,8.132525508000732,8.132525508000732,7.986954689025879,7.986954689025879,192489,0.0,0.0
2013-11-06 00:00:00+08:00,7.986954971364502,7.986954971364502,7.81227127813475,7.821976184844971,350452,0.0,0.0
2013-11-07 00:00:00+08:00,7.773452349189834,7.948136037304664,7.695814486047653,7.928727149963379,737556,0.0,0.0
2013-11-08 00:00:00+08:00,7.821976045679301,7.870498727345419,7.754042625427246,7.754042625427246,220102,0.0,0.0
2013-11-11 00:00:00+08:00,7.7734528084945556,7.783157715494033,7.676405589521518,7.686110496520996,242454,0.0,0.0
2013-11-12 00:00:00+08:00,7.744338104542922,7.744338104542922,7.472606740017113,7.62788200378418,263351,0.0,0.0
2013-11-13 00:00:00+08:00,7.666701048402246,7.666701048402246,7.569654293410913,7.58906364440918,90000,0.0,0.0
2013-11-14 00:00:00+08:00,7.297922808358421,7.58906353176652,7.297922808358421,7.492016315460205,185914,0.0,0.0
2013-11-15 00:00:00+08:00,7.589063358976157,7.589063358976157,7.501721051391281,7.511425495147705,92833,0.0,0.0
2013-11-18 00:00:00+08:00,7.511425619288929,7.5890634844005005,7.394969515754702,7.5793585777282715,131030,0.0,0.0
2013-11-19 00:00:00+08:00,7.589063338099388,7.589063338099388,7.511425474484511,7.5696539878845215,69694,0.0,0.0
2013-11-20 00:00:00+08:00,7.482311680539917,7.5696539878845215,7.414378723410178,7.5696539878845215,120275,0.0,0.0
2013-11-21 00:00:00+08:00,7.5308355163398515,7.5308355163398515,7.433788299560547,7.433788299560547,59212,0.0,0.0
2013-11-22 00:00:00+08:00,7.433788299560547,7.4823119079502,7.424083855535872,7.433788299560547,139125,0.0,0.0
2013-11-25 00:00:00+08:00,7.4726071999084835,7.4920165512294625,7.385265350341797,7.385265350341797,149009,0.0,0.0
2013-11-26 00:00:00+08:00,7.3852650088696965,7.472606854397963,7.3852650088696965,7.424083709716797,88924,0.0,0.0
2013-11-27 00:00:00+08:00,7.424083989264441,7.5211307450364036,7.424083989264441,7.472607135772705,110670,0.0,0.0
2013-11-28 00:00:00+08:00,7.453197592175401,7.569654158850261,7.453197592175401,7.5502448081970215,204163,0.0,0.0
2013-11-29 00:00:00+08:00,7.550244637669655,7.627882038529121,7.530835287454789,7.5696539878845215,105283,0.0,0.0
2013-12-02 00:00:00+08:00,7.57935845246432,7.57935845246432,7.501721051391281,7.511425495147705,95642,0.0,0.0
2013-12-03 00:00:00+08:00,7.540540084389144,7.540540084389144,7.482312031017098,7.501721382141113,121457,0.0,0.0
2013-12-04 00:00:00+08:00,7.521130550839451,7.618177304105649,7.482311849532971,7.5502448081970215,228581,0.0,0.0
2013-12-05 00:00:00+08:00,7.618177315236608,7.618177315236608,7.492016304428503,7.521130561828613,126298,0.0,0.0
2013-12-06 00:00:00+08:00,7.569654169910321,7.569654169910321,7.521130561828613,7.521130561828613,92293,0.0,0.0
2013-12-09 00:00:00+08:00,7.559949091757573,7.618177142481953,7.521130391274653,7.540539741516113,178510,0.0,0.0
2013-12-10 00:00:00+08:00,7.569654169910321,7.608472871273519,7.521130561828613,7.521130561828613,158290,0.0,0.0
2013-12-11 00:00:00+08:00,7.559949435513159,7.569654342452883,7.492016475201389,7.501721382141113,84227,0.0,0.0
2013-12-12 00:00:00+08:00,7.501721419906635,7.5211307711283615,7.433788459252874,7.443493366241455,83542,0.0,0.0
2013-12-13 00:00:00+08:00,7.433788153550863,7.453197503974414,7.375560102280214,7.424083709716797,160444,0.0,0.0
2013-12-16 00:00:00+08:00,7.521130550839451,7.589063509503501,7.424083797573251,7.5502448081970215,180989,0.0,0.0
2013-12-17 00:00:00+08:00,7.5987681845474375,7.763747901495077,7.550245037816354,7.686110496520996,324789,0.0,0.0
2013-12-18 00:00:00+08:00,7.686110399319148,8.035478717284251,7.686110399319148,7.860795021057129,677898,0.0,0.0
2013-12-19 00:00:00+08:00,7.95784096426476,7.95784096426476,7.8704986572265625,7.8704986572265625,190840,0.0,0.0
2013-12-20 00:00:00+08:00,7.7734523692480915,7.986954758107219,7.7734523692480915,7.8704986572265625,83491,0.0,0.0
2013-12-23 00:00:00+08:00,7.870498817259047,7.919022424990332,7.870498817259047,7.880203723907471,99325,0.0,0.0
2013-12-24 00:00:00+08:00,7.880203909299761,7.889908816176506,7.841385207303638,7.860795021057129,179085,0.0,0.0
2013-12-25 00:00:00+08:00,7.860794632062132,7.986954713173296,7.860794632062132,7.957840919494629,391092,0.0,0.0
2013-12-26 00:00:00+08:00,8.132526104697218,8.151934993344772,8.016069996279251,8.084002494812012,923771,0.0,0.0
2013-12-27 00:00:00+08:00,8.113116290538784,8.200458603229979,8.084002494812012,8.084002494812012,296123,0.0,0.0
2013-12-30 00:00:00+08:00,8.151934558650867,8.151934558650867,7.977250868094192,7.996659755706787,330354,0.0,0.0
2013-12-31 00:00:00+08:00,8.08400206374054,8.08400206374054,7.957841054970767,7.996659755706787,208771,0.0,0.0
2014-01-02 00:00:00+08:00,8.074297221626532,8.200458231403301,7.957841118488939,8.151934623718262,547642,0.0,0.0
2014-01-03 00:00:00+08:00,7.977250980802329,8.190753375111534,7.977250980802329,8.093707084655762,247925,0.0,0.0
2014-01-06 00:00:00+08:00,8.113116240474966,8.365438269912326,8.113116240474966,8.171344757080078,739999,0.0,0.0
2014-01-07 00:00:00+08:00,8.248981387584065,8.540122092248012,8.248981387584065,8.394551277160645,960040,0.0,0.0
2014-01-08 00:00:00+08:00,8.443075008114247,8.928309214620937,8.443075008114247,8.792444229125977,1857042,0.0,0.0
2014-01-09 00:00:00+08:00,8.850672203643523,8.996243027283988,8.58864620190803,8.637168884277344,1571238,0.0,0.0
2014-01-10 00:00:00+08:00,8.685692568326484,8.802148672953612,8.540122668920288,8.549827575683594,482558,0.0,0.0
2014-01-13 00:00:00+08:00,8.617759724574496,8.714806011762526,8.559531211853027,8.559531211853027,494695,0.0,0.0
2014-01-14 00:00:00+08:00,8.559531256365972,8.598349956545219,8.452780062250746,8.472188949584961,331012,0.0,0.0
2014-01-15 00:00:00+08:00,8.540122348721212,8.60805484249563,8.481893835835415,8.530417442321777,317515,0.0,0.0
2014-01-16 00:00:00+08:00,8.549827255120647,8.72451094275641,8.530417442321777,8.530417442321777,578454,0.0,0.0
2014-01-17 00:00:00+08:00,8.491599105587335,8.50130401240204,8.35573318671403,8.433370590209961,348182,0.0,0.0
2014-01-20 00:00:00+08:00,8.433370590209961,8.511008919216746,8.42366660890611,8.433370590209961,269787,0.0,0.0
2014-01-21 00:00:00+08:00,8.433369976081785,8.491598487218889,8.316913879318363,8.394551277160645,353599,0.0,0.0
2014-01-22 00:00:00+08:00,8.375142661892252,8.481893856007478,8.375142661892252,8.472188949584961,364045,0.0,0.0
2014-01-23 00:00:00+08:00,8.423666567337799,9.064175605773926,8.423666567337799,9.064175605773926,4340901,0.0,0.0
2014-01-24 00:00:00+08:00,9.26797339239188,9.49118067984059,9.00594648050605,9.02535629272461,6522514,0.0,0.0
2014-01-27 00:00:00+08:00,8.908900398477655,9.219449996948242,8.831262998860009,9.219449996948242,2059428,0.0,0.0
2014-02-05 00:00:00+08:00,9.170927240185657,9.850255012512207,9.132108536781594,9.850255012512207,4534354,0.0,0.0
2014-02-06 00:00:00+08:00,10.044349274834088,10.384012692147891,9.947302055309644,10.141395568847656,5535744,0.0,0.0
2014-02-07 00:00:00+08:00,10.189918882660457,10.238442491013393,9.898778158053704,10.09287166595459,2164398,0.0,0.0
2014-02-10 00:00:00+08:00,10.189919471740723,10.529583824336441,10.04434956377736,10.189919471740723,2717939,0.0,0.0
2014-02-11 00:00:00+08:00,10.238442788372101,10.481059911672336,10.092871959085434,10.141395568847656,1912091,0.0,0.0
2014-02-12 00:00:00+08:00,10.18991936143093,10.18991936143093,9.8017323273903,9.850255012512207,2252246,0.0,0.0
2014-02-13 00:00:00+08:00,9.704685106124694,9.995825844410614,9.704685106124694,9.850255012512207,1053763,0.0,0.0
2014-02-14 00:00:00+08:00,9.995824639453263,9.995824639453263,9.685274124145508,9.685274124145508,1500771,0.0,0.0
2014-02-17 00:00:00+08:00,9.685274124145508,9.850253825102845,9.636751444872818,9.685274124145508,1014926,0.0,0.0
2014-02-18 00:00:00+08:00,9.694979351127222,9.801731470286724,9.365019938290244,9.704684257507324,803932,0.0,0.0
2014-02-19 00:00:00+08:00,9.801732433497818,10.335489379704086,9.801732433497818,10.189919471740723,2729015,0.0,0.0
2014-02-20 00:00:00+08:00,10.286966503563391,10.335489188312035,9.898778546998027,9.99582576751709,1157320,0.0,0.0
2014-02-21 00:00:00+08:00,10.092872062525267,10.141395672784798,9.99582576751709,9.99582576751709,809062,0.0,0.0
2014-02-24 00:00:00+08:00,10.092872438156176,10.092872438156176,9.850255303339816,9.898778915405273,711804,0.0,0.0
2014-02-25 00:00:00+08:00,9.995825401266899,10.578105926513672,9.898778184303676,10.578105926513672,4481725,0.0,0.0
2014-02-26 00:00:00+08:00,10.626629635433178,10.82072314568325,10.432536125183105,10.432536125183105,3100693,0.0,0.0
2014-02-27 00:00:00+08:00,10.48105985297952,10.772200584411621,10.28696634052841,10.772200584411621,2045246,0.0,0.0
2014-03-03 00:00:00+08:00,10.966294015162116,11.500051864559243,10.869246796904143,11.40300464630127,8530187,0.0,0.0
2014-03-04 00:00:00+08:00,11.208910811426934,11.305957101369996,10.869246482849121,10.869246482849121,3446252,0.0,0.0
2014-03-05 00:00:00+08:00,11.063340406721204,11.597098260885577,10.96629411310733,11.257434844970703,6573189,0.0,0.0
2014-03-06 00:00:00+08:00,11.451527660337328,11.597097554648702,11.160386946203761,11.305956840515137,3439320,0.0,0.0
2014-03-07 00:00:00+08:00,11.354481400087625,11.451528621447451,10.675153627101526,10.820723533630371,2750079,0.0,0.0
2014-03-10 00:00:00+08:00,10.675153627101526,10.96629436567011,10.675153627101526,10.820723533630371,1023465,0.0,0.0
2014-03-11 00:00:00+08:00,10.86924641557416,11.160387134623015,10.86924641557416,11.014817237854004,661652,0.0,0.0
2014-03-12 00:00:00+08:00,11.014817976350024,11.063340661519042,10.772200848461353,10.820723533630371,732719,0.0,0.0
2014-03-13 00:00:00+08:00,10.820723533630371,11.111864272198956,10.820723533630371,10.820723533630371,959959,0.0,0.0
2014-03-14 00:00:00+08:00,10.723676974921126,10.917770487372236,10.67515336543063,10.772200584411621,764916,0.0,0.0
2014-03-17 00:00:00+08:00,10.772200600368704,11.354481138584578,10.772200600368704,11.257434844970703,1344585,0.0,0.0
2014-03-18 00:00:00+08:00,11.257434723502955,11.354481016069702,10.917770385742188,10.917770385742188,1073140,0.0,0.0
2014-03-19 00:00:00+08:00,10.917769887230612,11.111863389012548,10.675152778625488,10.675152778625488,1150179,0.0,0.0
2014-03-20 00:00:00+08:00,10.57810572704567,10.626629334612288,10.384012222290039,10.384012222290039,801638,0.0,0.0
2014-03-21 00:00:00+08:00,10.335488711490477,10.481059535553248,10.092871596896702,10.238442420959473,818334,0.0,0.0
2014-03-24 00:00:00+08:00,9.607637810951726,10.044349377776621,9.607637810951726,9.99582576751709,738328,0.0,0.0
2014-03-25 00:00:00+08:00,9.995825665071866,10.286966398134323,9.995825665071866,10.141395568847656,245461,0.0,0.0
2014-03-26 00:00:00+08:00,10.141395274307524,10.238442491013393,9.995825374759571,10.09287166595459,505219,0.0,0.0
2014-03-27 00:00:00+08:00,10.092871788112335,10.529583343063573,9.99582549574273,10.432536125183105,1341678,0.0,0.0
2014-03-28 00:00:00+08:00,10.384012390561345,10.481059607267213,10.09287166595459,10.09287166595459,627080,0.0,0.0
2014-03-31 00:00:00+08:00,10.189918882660457,10.481059607267213,10.09287166595459,10.09287166595459,481226,0.0,0.0
2014-04-01 00:00:00+08:00,10.18991865202315,10.675152873548063,10.141395044768494,10.529582977294922,1593687,0.0,0.0
2014-04-02 00:00:00+08:00,10.529583143574172,10.57810582608425,10.238442420959473,10.238442420959473,555458,0.0,0.0
2014-04-03 00:00:00+08:00,10.286966323852539,10.38401261716534,10.141395495617033,10.286966323852539,309453,0.0,0.0
2014-04-07 00:00:00+08:00,10.092872356572467,10.286966803265368,10.044349670410156,10.044349670410156,215062,0.0,0.0
2014-04-08 00:00:00+08:00,10.141395968245693,10.141395968245693,9.89877883539048,10.044349670410156,427086,0.0,0.0
2014-04-09 00:00:00+08:00,10.044348983112506,10.189918882660457,9.995825374759571,10.09287166595459,326713,0.0,0.0
2014-04-10 00:00:00+08:00,10.092871959085434,10.335489082385669,10.092871959085434,10.141395568847656,1461649,0.0,0.0
2014-04-11 00:00:00+08:00,10.141395568847656,10.286966398134323,9.995825665071866,10.141395568847656,541222,0.0,0.0
2014-04-14 00:00:00+08:00,10.238443274352544,10.238443274352544,9.898778915405273,9.898778915405273,400119,0.0,0.0
2014-04-15 00:00:00+08:00,9.898778546998027,10.23844289330386,9.898778546998027,9.99582576751709,710164,0.0,0.0
2014-04-16 00:00:00+08:00,9.995825665071866,10.141395568847656,9.995825665071866,10.141395568847656,371427,0.0,0.0
2014-04-17 00:00:00+08:00,10.238442325101024,10.772200157312136,10.189918717534407,10.384012222290039,1497319,0.0,0.0
2014-04-18 00:00:00+08:00,10.384012705787814,10.820723343199703,10.23844280182081,10.626629829406738,2191223,0.0,0.0
2014-04-21 00:00:00+08:00,10.820722907820505,11.354480743408203,10.772200225457766,11.354480743408203,5398490,0.0,0.0
2014-04-22 00:00:00+08:00,11.548574836171186,11.791191962355546,10.966294288635254,10.966294288635254,4961484,0.0,0.0
2014-04-23 00:00:00+08:00,11.063339919769787,11.35448063881864,10.966293630427389,11.014817237854004,2028967,0.0,0.0
2014-04-24 00:00:00+08:00,11.014817100876991,11.257434209482115,10.626629171802298,10.675152778625488,1227127,0.0,0.0
2014-04-25 00:00:00+08:00,10.675153732299805,10.675153732299805,10.04434956377736,10.189919471740723,1945245,0.0,0.0
2014-04-28 00:00:00+08:00,9.801732537554944,10.189919579918918,9.801732537554944,10.044349670410156,852309,0.0,0.0
2014-04-29 00:00:00+08:00,10.09287166595459,10.578105898462232,10.09287166595459,10.09287166595459,817471,0.0,0.0
2014-04-30 00:00:00+08:00,10.286966398134323,10.384012692147891,10.092871959085434,10.141395568847656,572164,0.0,0.0
2014-05-02 00:00:00+08:00,10.43253641777504,10.67515354376981,10.238442902081404,10.481060028076172,1287728,0.0,0.0
2014-05-05 00:00:00+08:00,10.869246482849121,10.966293698303021,10.675152977452157,10.869246482849121,1285118,0.0,0.0
2014-05-06 00:00:00+08:00,10.91777009057607,11.01481730602997,10.772200192906059,10.869246482849121,933785,0.0,0.0
2014-05-07 00:00:00+08:00,10.675152977452157,11.01481730602997,10.675152977452157,10.869246482849121,629868,0.0,0.0
2014-05-08 00:00:00+08:00,11.063340087637,11.063340087637,10.723676681518555,10.723676681518555,885300,0.0,0.0
2014-05-09 00:00:00+08:00,10.772200658884621,10.869246953025664,10.626629829406738,10.626629829406738,470338,0.0,0.0
2014-05-12 00:00:00+08:00,11.354480743408203,11.354480743408203,11.160387237424723,11.354480743408203,1761225,0.0,0.0
2014-05-13 00:00:00+08:00,11.645621565688796,11.985285898225726,11.111863725492556,11.208910942077637,4808162,0.0,0.0
2014-05-14 00:00:00+08:00,11.257434621468756,11.500051738952902,11.014817503984608,11.063340187072754,1115751,0.0,0.0
2014-05-15 00:00:00+08:00,11.208911309734084,11.208911309734084,10.966294185824303,11.11186408996582,731809,0.0,0.0
2014-05-16 00:00:00+08:00,11.160386883034352,11.500051201852767,11.06333967036886,11.45152759552002,1470169,0.0,0.0
2014-05-19 00:00:00+08:00,11.645621497445365,12.033808510489205,11.548574281428982,11.839715003967285,3151018,0.0,0.0
2014-05-20 00:00:00+08:00,11.839715102360193,11.936762319183078,11.548574377402392,11.694145202636719,1514330,0.0,0.0
2014-05-21 00:00:00+08:00,11.645621665044887,11.791191565653605,11.451528155729642,11.548574447631836,837040,0.0,0.0
2014-05-22 00:00:00+08:00,11.839715034226032,12.324949264526367,11.742668743472471,12.324949264526367,5315727,0.0,0.0
2014-05-23 00:00:00+08:00,12.567565854658339,13.1013236707928,12.179378856839172,12.713136672973633,6554849,0.0,0.0
2014-05-26 00:00:00+08:00,12.713136831385723,13.004276620622443,12.373472509928458,12.421996116638184,3069833,0.0,0.0
2014-05-27 00:00:00+08:00,12.421996676467723,12.616090186543136,12.17937955749574,12.51904296875,2181364,0.0,0.0
2014-05-28 00:00:00+08:00,12.664613177323087,13.295417285658502,12.421996070192419,13.052800178527832,3904340,0.0,0.0
2014-05-29 00:00:00+08:00,13.101324399068101,13.78065214576946,13.101324399068101,13.635082244873047,5243607,0.0,0.0
2014-05-30 00:00:00+08:00,13.635081445089732,13.732127731491346,13.149847236549249,13.343940734863281,2914387,0.0,0.0
2014-06-03 00:00:00+08:00,13.489511159126213,14.168839818278151,13.19837136293063,14.071792602539062,3509840,0.0,0.0
2014-06-04 00:00:00+08:00,14.120316505432129,14.508503525477407,14.071792896548754,14.120316505432129,2469946,0.0,0.0
2014-06-05 00:00:00+08:00,14.168839916731216,14.265886207633796,13.780651976588356,13.926222801208496,2111671,0.0,0.0
2014-06-06 00:00:00+08:00,13.974744523652777,14.12031533827026,13.295416831970215,13.295416831970215,3801127,0.0,0.0
2014-06-09 00:00:00+08:00,13.295418194514571,13.877699661636445,12.616090433212971,13.683606147766113,8723096,0.0,0.0
2014-06-10 00:00:00+08:00,13.683604836778384,13.732127516463986,13.149847030639648,13.149847030639648,1823174,0.0,0.0
2014-06-11 00:00:00+08:00,13.295418450975017,13.780652707766157,13.198372154923328,13.732129096984863,2737812,0.0,0.0
2014-06-12 00:00:00+08:00,13.78065124445568,14.168839163975056,13.489510536193848,13.489510536193848,5437748,0.0,0.0
2014-06-13 00:00:00+08:00,13.489510536193848,13.877698455713222,13.392464250447102,13.489510536193848,1205981,0.0,0.0
2014-06-16 00:00:00+08:00,13.489510627221104,13.68360505104594,13.246893522950863,13.343940734863281,1854146,0.0,0.0
2014-06-17 00:00:00+08:00,13.343940734863281,13.538034233177314,13.343940734863281,13.343940734863281,939234,0.0,0.0
2014-06-18 00:00:00+08:00,13.392464637756348,13.683605354437951,13.343941030724276,13.392464637756348,1226002,0.0,0.0
2014-06-19 00:00:00+08:00,13.63508253792081,14.023269565661474,13.440989024050479,13.683606147766113,3150090,0.0,0.0
2014-06-20 00:00:00+08:00,13.732127638826908,13.974744741459968,13.489510536193848,13.489510536193848,1001792,0.0,0.0
2014-06-23 00:00:00+08:00,13.5380349769059,13.586558585527815,12.61609011513297,12.664613723754883,3264982,0.0,0.0
2014-06-24 00:00:00+08:00,12.664613066868535,12.907230171883215,12.664613066868535,12.713136672973633,736126,0.0,0.0
2014-06-25 00:00:00+08:00,12.858706836445357,12.858706836445357,12.421996223328625,12.761659622192383,1813950,0.0,0.0
2014-06-26 00:00:00+08:00,12.858706565778117,13.052800064687702,12.713136672973633,12.713136672973633,1598672,0.0,0.0
2014-06-27 00:00:00+08:00,12.761660087721983,12.85870730551512,12.51904296875,12.51904296875,560544,0.0,0.0
2014-06-30 00:00:00+08:00,12.616089726323747,12.907230443571844,12.421996223328625,12.761659622192383,2453000,0.0,0.0
2014-07-01 00:00:00+08:00,12.81018322931887,12.907230443571844,12.761659622192383,12.761659622192383,686731,0.0,0.0
2014-07-02 00:00:00+08:00,12.810183423544935,12.95575424713152,12.47052001953125,12.47052001953125,1201334,0.0,0.0
2014-07-03 00:00:00+08:00,12.519042470958155,12.713136898826699,12.2764253616333,12.2764253616333,929836,0.0,0.0
2014-07-04 00:00:00+08:00,12.373472552572371,13.00427666544036,12.276425338818456,12.907230377197266,2199765,0.0,0.0
2014-07-07 00:00:00+08:00,12.955754280090332,13.149847786522036,12.761659848147787,12.955754280090332,2045705,0.0,0.0
2014-07-08 00:00:00+08:00,13.1013236707928,13.1013236707928,12.664613066868535,12.713136672973633,677369,0.0,0.0
2014-07-09 00:00:00+08:00,12.713137234102657,13.052800640808698,12.616090017609018,12.81018352508545,1233756,0.0,0.0
2014-07-10 00:00:00+08:00,12.907230171883215,12.907230171883215,12.713136672973633,12.713136672973633,1198831,0.0,0.0
2014-07-11 00:00:00+08:00,12.713137404336274,13.004277206693967,12.51904296875,12.51904296875,1222096,0.0,0.0
2014-07-14 00:00:00+08:00,12.616089949701719,12.955754280090332,12.519042733730444,12.955754280090332,1057490,0.0,0.0
2014-07-15 00:00:00+08:00,13.538035217697733,13.82917594909668,13.538035217697733,13.82917594909668,3693267,0.0,0.0
2014-07-16 00:00:00+08:00,14.168840015185774,14.75112054117987,14.071792798097999,14.265886306762695,8972254,0.0,0.0
2014-07-17 00:00:00+08:00,14.45997986504707,15.23635482788086,14.411457181847528,15.23635482788086,9804874,0.0,0.0
2014-07-18 00:00:00+08:00,15.042260955504876,15.18783085261188,14.217362403869629,14.217362403869629,7094614,0.0,0.0
2014-07-21 00:00:00+08:00,14.217362671248457,14.557027004900476,13.586558537907111,13.780652046203613,3070920,0.0,0.0
2014-07-22 00:00:00+08:00,13.780652630967994,14.16884058954411,13.732129020457117,13.877699851989746,1923155,0.0,0.0
2014-07-23 00:00:00+08:00,13.877699851989746,13.877699851989746,13.877699851989746,13.877699851989746,0,0.0,0.0
2014-07-24 00:00:00+08:00,13.8776992894333,14.55702703251517,13.732128463801637,14.265886306762695,1668575,0.0,0.0
2014-07-25 00:00:00+08:00,14.265886108506399,14.362933324245487,13.92622270444127,14.071792602539062,1296921,0.0,0.0
2014-07-28 00:00:00+08:00,14.071793446943019,14.071793446943019,13.732129096984863,13.732129096984863,847681,0.0,0.0
2014-07-29 00:00:00+08:00,13.780651432490716,13.974744932143382,13.052800114660107,13.198370933532715,2057221,0.0,0.0
2014-07-30 00:00:00+08:00,13.198371135138887,13.440988244788418,13.101323921074744,13.392464637756348,604456,0.0,0.0
2014-07-31 00:00:00+08:00,13.538034533341737,13.538034533341737,13.295417423692204,13.392464637756348,431228,0.0,0.0
2014-08-01 00:00:00+08:00,12.858706182109236,13.489510266121604,12.858706182109236,13.440987586975098,401596,0.0,0.0
2014-08-04 00:00:00+08:00,13.44098847676751,14.265886108506399,13.44098847676751,14.071792602539062,1692984,0.0,0.0
2014-08-05 00:00:00+08:00,14.411456834026747,14.848167450858591,14.023268899223346,14.217362403869629,3846783,0.0,0.0
2014-08-06 00:00:00+08:00,14.557027524061777,14.84816825964519,13.877699758041071,14.508503913879395,3470600,0.0,0.0
2014-08-07 00:00:00+08:00,15.042261684306375,15.090785294196635,14.120316798434933,14.168840408325195,4672490,0.0,0.0
2014-08-08 00:00:00+08:00,14.071793175506777,14.071793175506777,13.489511708384903,13.683606147766113,1916362,0.0,0.0
2014-08-11 00:00:00+08:00,13.877699193001781,14.023269092111075,13.780651976588356,13.926222801208496,896422,0.0,0.0
2014-08-12 00:00:00+08:00,13.974746043171692,14.314410388701157,13.732128917939468,14.023269653320312,1065738,0.0,0.0
2014-08-13 00:00:00+08:00,13.780652454713987,14.36293392237536,13.780652454713987,14.168840408325195,886571,0.0,0.0
2014-08-14 00:00:00+08:00,14.168839988307472,14.217362671248457,13.780652046203613,13.780652046203613,976304,0.0,0.0
2014-08-15 00:00:00+08:00,13.926223648250016,13.926223648250016,13.586559295654297,13.586559295654297,878962,0.0,0.0
2014-08-18 00:00:00+08:00,13.683605422708121,13.732128104471457,13.149847593713963,13.246893882751465,863520,0.0,0.0
2014-08-19 00:00:00+08:00,13.343940937820776,13.586558045781153,13.343940937820776,13.538034439086914,481175,0.0,0.0
2014-08-20 00:00:00+08:00,13.538034533341737,13.683605354437951,13.295417423692204,13.392464637756348,616679,0.0,0.0
2014-08-21 00:00:00+08:00,13.440988105243392,13.440988105243392,12.761659464868867,13.052800178527832,1224024,0.0,0.0
2014-08-22 00:00:00+08:00,13.295416920718035,13.295416920718035,13.004276215050472,13.149847030639648,579038,0.0,0.0
2014-08-25 00:00:00+08:00,13.295417220603643,13.295417220603643,13.101323720950976,13.198370933532715,374078,0.0,0.0
2014-08-26 00:00:00+08:00,13.198372081370156,14.120316979033236,13.198372081370156,13.877699851989746,1668501,0.0,0.0
2014-08-27 00:00:00+08:00,13.974745554500117,13.974745554500117,13.683605754810788,13.780652046203613,929346,0.0,0.0
2014-08-28 00:00:00+08:00,13.877699929328742,13.877699929328742,13.683606411714466,13.732129096984863,521071,0.0,0.0
2014-08-29 00:00:00+08:00,13.683606411714466,13.974746225380432,13.635082800933173,13.732129096984863,679185,0.0,0.0
2014-09-01 00:00:00+08:00,13.82917584854168,14.023269359559391,13.732128630277392,13.974745750427246,1134647,0.0,0.0
2014-09-02 00:00:00+08:00,14.168840225369701,14.94521427154541,13.974745788314907,14.94521427154541,5970039,0.0,0.0
2014-09-03 00:00:00+08:00,15.236355290082482,15.478972415483513,14.36293400884313,14.508503913879395,9785806,0.0,0.0
2014-09-04 00:00:00+08:00,14.557026863098145,14.799643977483115,14.314409748713176,14.557026863098145,3328906,0.0,0.0
2014-09-05 00:00:00+08:00,14.557027436425523,14.654074656206046,14.120316798434933,14.168840408325195,2451002,0.0,0.0
2014-09-09 00:00:00+08:00,14.168840306541579,14.362933819197448,13.780652355718967,14.314410209655762,1561281,0.0,0.0
2014-09-10 00:00:00+08:00,14.2173628705771,14.265886479709245,13.974745750427246,13.974745750427246,721085,0.0,0.0
2014-09-11 00:00:00+08:00,14.023269092111075,14.120316308524503,13.877699193001781,13.926222801208496,528125,0.0,0.0
2014-09-12 00:00:00+08:00,14.071793368522359,14.314410495565848,13.877699851989746,13.877699851989746,1868217,0.0,0.0
2014-09-15 00:00:00+08:00,13.635082906812386,13.877700037091927,13.586559295654297,13.586559295654297,765018,0.0,0.0
2014-09-16 00:00:00+08:00,13.586558140373809,13.78065164299127,13.392464637756348,13.392464637756348,692076,0.0,0.0
2014-09-17 00:00:00+08:00,13.538034533341737,13.82917525002334,13.392464637756348,13.392464637756348,568264,0.0,0.0
2014-09-18 00:00:00+08:00,13.489511708384903,13.683606147766113,13.440989024050479,13.683606147766113,412855,0.0,0.0
2014-09-19 00:00:00+08:00,13.78065214576946,13.78065214576946,13.538035027268199,13.635082244873047,570955,0.0,0.0
2014-09-22 00:00:00+08:00,13.683606517970475,13.73212920361766,13.538035684496208,13.586559295654297,312100,0.0,0.0
2014-09-23 00:00:00+08:00,13.586557475436175,13.683604684750744,13.392463982317814,13.440987586975098,580062,0.0,0.0
2014-09-24 00:00:00+08:00,13.440987646587697,13.5380339308219,13.24689322709772,13.295416831970215,519457,0.0,0.0
2014-09-25 00:00:00+08:00,13.343941194039804,13.343941194039804,12.95575418405389,13.101324081420898,765389,0.0,0.0
2014-09-26 00:00:00+08:00,12.81018352508545,12.907230741579088,12.664613625855837,12.81018352508545,809005,0.0,0.0
2014-09-29 00:00:00+08:00,12.810183456133423,13.004276962565127,12.810183456133423,12.955754280090332,315597,0.0,0.0
2014-09-30 00:00:00+08:00,12.761659622192383,13.004276732313993,12.664613333450236,12.761659622192383,435899,0.0,0.0
2014-10-01 00:00:00+08:00,13.004276771891469,13.538034600885625,12.810183268305638,13.246893882751465,1032126,0.0,0.0
2014-10-02 00:00:00+08:00,13.004276128246035,13.295416831970215,13.004276128246035,13.295416831970215,302281,0.0,0.0
2014-10-03 00:00:00+08:00,13.39246434081949,13.538034233177314,13.343940734863281,13.343940734863281,422220,0.0,0.0
2014-10-06 00:00:00+08:00,13.343940734863281,13.4409879467757,13.295417128907072,13.343940734863281,213109,0.0,0.0
2014-10-07 00:00:00+08:00,13.295417285658502,13.392464498715094,13.004276571999535,13.052800178527832,390189,0.0,0.0
2014-10-08 00:00:00+08:00,13.004277032561879,13.198371465549158,12.81018352508545,12.81018352508545,985214,0.0,0.0
2014-10-09 00:00:00+08:00,12.858706932801468,12.955754147781661,12.616089820861816,12.616089820861816,681459,0.0,0.0
2014-10-13 00:00:00+08:00,11.985286228160476,11.985286228160476,11.742669105529785,11.742669105529785,1170085,0.0,0.0
2014-10-14 00:00:00+08:00,11.354480743408203,11.645621465138843,11.257434453171884,11.354480743408203,705714,0.0,0.0
2014-10-15 00:00:00+08:00,11.3544809131559,11.548574422041048,11.063340187072754,11.063340187072754,445023,0.0,0.0
2014-10-16 00:00:00+08:00,10.675153143476894,10.675153143476894,10.33548880961647,10.578105926513672,948174,0.0,0.0
2014-10-17 00:00:00+08:00,10.578106400847712,10.8692471392816,10.335489273071289,10.335489273071289,754047,0.0,0.0
2014-10-20 00:00:00+08:00,10.675152873548063,10.675152873548063,10.529582977294922,10.529582977294922,420062,0.0,0.0
2014-10-21 00:00:00+08:00,10.57810556497911,10.772199992271867,10.57810556497911,10.675152778625488,157906,0.0,0.0
2014-10-22 00:00:00+08:00,10.869247067957154,11.014817898974304,10.869247067957154,10.966294288635254,315011,0.0,0.0
2014-10-23 00:00:00+08:00,10.96629409686273,10.96629409686273,10.67515336543063,10.772200584411621,177308,0.0,0.0
2014-10-24 00:00:00+08:00,10.966293868855708,11.014817477337319,10.578105926513672,10.578105926513672,262690,0.0,0.0
2014-10-27 00:00:00+08:00,10.578106314098806,10.578106314098806,9.898778546998027,9.99582576751709,451048,0.0,0.0
2014-10-28 00:00:00+08:00,9.995825592892396,10.286966323852539,9.995825592892396,10.286966323852539,300644,0.0,0.0
2014-10-29 00:00:00+08:00,10.28696634052841,10.772200584411621,10.28696634052841,10.772200584411621,312141,0.0,0.0
2014-10-30 00:00:00+08:00,10.772199992271867,10.772199992271867,10.57810556497911,10.675152778625488,263268,0.0,0.0
2014-10-31 00:00:00+08:00,10.869247144310284,10.917770754990197,10.675153627101526,10.820723533630371,220197,0.0,0.0
2014-11-03 00:00:00+08:00,10.917770123567665,11.451527959155364,10.917770123567665,11.354480743408203,484953,0.0,0.0
2014-11-04 00:00:00+08:00,11.548573948041305,11.548573948041305,11.160386946203761,11.305956840515137,782941,0.0,0.0
2014-11-05 00:00:00+08:00,11.403004246245255,11.403004246245255,11.014817237854004,11.014817237854004,223356,0.0,0.0
2014-11-06 00:00:00+08:00,11.160387505425346,11.20891111446415,10.917770385742188,10.917770385742188,171071,0.0,0.0
2014-11-07 00:00:00+08:00,11.014817503984608,11.063340187072754,10.966293895385608,11.063340187072754,179925,0.0,0.0
2014-11-10 00:00:00+08:00,11.111864194141514,11.257435025158664,10.966294288635254,10.966294288635254,198638,0.0,0.0
2014-11-11 00:00:00+08:00,11.06334039033285,11.06334039033285,10.723676974921126,10.772200584411621,183217,0.0,0.0
2014-11-12 00:00:00+08:00,10.820723268391244,10.917770487372236,10.723676974921126,10.772200584411621,98733,0.0,0.0
2014-11-13 00:00:00+08:00,10.772199992271867,10.869246280407424,10.675152778625488,10.675152778625488,78548,0.0,0.0
2014-11-14 00:00:00+08:00,10.675153143476894,10.772200360440117,10.578105926513672,10.578105926513672,218005,0.0,0.0
2014-11-17 00:00:00+08:00,10.723676385448677,10.820722673584234,10.57810556497911,10.675152778625488,255686,0.0,0.0
2014-11-18 00:00:00+08:00,10.772200764372071,10.772200764372071,10.481060028076172,10.481060028076172,156047,0.0,0.0
2014-11-19 00:00:00+08:00,10.578106047981418,10.917770385742188,10.529583364453478,10.917770385742188,480891,0.0,0.0
2014-11-20 00:00:00+08:00,10.966294288635254,11.063340583802466,10.869247067957154,10.966294288635254,267442,0.0,0.0
2014-11-21 00:00:00+08:00,10.966293698303021,11.111863595973032,10.869246482849121,10.869246482849121,186149,0.0,0.0
2014-11-24 00:00:00+08:00,10.966293494053803,10.966293494053803,10.675152778625488,10.675152778625488,155381,0.0,0.0
2014-11-25 00:00:00+08:00,10.772200289681432,10.86924658049634,10.723676681518555,10.723676681518555,136306,0.0,0.0
2014-11-26 00:00:00+08:00,10.772199992271867,10.869246280407424,10.675152778625488,10.675152778625488,170128,0.0,0.0
2014-11-27 00:00:00+08:00,10.772200192906059,10.869246482849121,10.578105761998257,10.869246482849121,342514,0.0,0.0
2014-11-28 00:00:00+08:00,10.86924687788174,11.06334039033285,10.772200584411621,10.772200584411621,905715,0.0,0.0
2014-12-01 00:00:00+08:00,10.189918751204333,10.869246482849121,10.189918751204333,10.869246482849121,210317,0.0,0.0
2014-12-02 00:00:00+08:00,10.869246482849121,10.869246482849121,10.869246482849121,10.869246482849121,456008,0.0,0.0
2014-12-03 00:00:00+08:00,11.063340187072754,11.063340187072754,11.063340187072754,11.063340187072754,1031186,0.0,0.0
2014-12-04 00:00:00+08:00,11.305956840515137,11.305956840515137,11.305956840515137,11.305956840515137,1508376,0.0,0.0
2014-12-05 00:00:00+08:00,11.354481138584578,11.403004748146953,11.208911235408328,11.257434844970703,468401,0.0,0.0
2014-12-08 00:00:00+08:00,11.160387625845953,11.451528357709327,11.014817722669704,11.257434844970703,1325714,0.0,0.0
2014-12-09 00:00:00+08:00,11.257434621468756,11.257434621468756,11.063340187072754,11.063340187072754,311086,0.0,0.0
2014-12-10 00:00:00+08:00,11.063340583802466,11.111864194141514,10.917770678296204,10.966294288635254,160987,0.0,0.0
2014-12-11 00:00:00+08:00,10.869247067957154,11.111864194141514,10.869247067957154,10.966294288635254,258442,0.0,0.0
2014-12-12 00:00:00+08:00,10.966293895385608,11.111863795671754,10.966293895385608,11.063340187072754,195095,0.0,0.0
2014-12-15 00:00:00+08:00,11.063340307909225,11.500051864559243,10.966294015162116,11.40300464630127,1008335,0.0,0.0
2014-12-16 00:00:00+08:00,11.403004449736947,11.451528058029487,11.208910942077637,11.208910942077637,375289,0.0,0.0
2014-12-17 00:00:00+08:00,11.208911235408328,11.305957529022203,11.160387625845953,11.257434844970703,225211,0.0,0.0
2014-12-18 00:00:00+08:00,11.354480447122533,11.6456211612561,11.305956840515137,11.305956840515137,560238,0.0,0.0
2014-12-19 00:00:00+08:00,11.45152770453318,12.03380820953674,11.45152770453318,11.791191101074219,1908034,0.0,0.0
2014-12-22 00:00:00+08:00,11.791191101074219,11.888238314663555,11.548573992611697,11.791191101074219,330968,0.0,0.0
2014-12-23 00:00:00+08:00,11.839714707868888,12.08233181633141,11.791191101074219,11.791191101074219,460051,0.0,0.0
2014-12-24 00:00:00+08:00,11.88823900890385,11.985286228160476,11.694145495901472,11.742669105529785,370304,0.0,0.0
2014-12-25 00:00:00+08:00,11.694144792524744,12.421996116638184,11.694144792524744,12.421996116638184,1678705,0.0,0.0
2014-12-26 00:00:00+08:00,12.470520285364291,12.761660087721983,12.373473067571153,12.51904296875,5860624,0.0,0.0
2014-12-29 00:00:00+08:00,12.47052001953125,12.5675663097448,12.324949195944665,12.47052001953125,550171,0.0,0.0
2014-12-30 00:00:00+08:00,12.713137404336274,12.713137404336274,12.470520285364291,12.51904296875,421774,0.0,0.0
2014-12-31 00:00:00+08:00,12.713137404336274,12.713137404336274,12.421996676467723,12.51904296875,366685,0.0,0.0
2015-01-05 00:00:00+08:00,12.324948903218731,12.713136831385723,12.227902615310096,12.421996116638184,803001,0.0,0.0
2015-01-06 00:00:00+08:00,12.4219965802893,12.4219965802893,12.1793794631958,12.1793794631958,479636,0.0,0.0
2015-01-07 00:00:00+08:00,12.227902680176989,12.373472575567572,12.227902680176989,12.2764253616333,280298,0.0,0.0
2015-01-08 00:00:00+08:00,12.32494885728866,12.470519676875355,11.936761856079102,11.936761856079102,745645,0.0,0.0
2015-01-09 00:00:00+08:00,11.936762219983667,12.033808510489205,11.839715003967285,11.839715003967285,613338,0.0,0.0
2015-01-12 00:00:00+08:00,11.936762516072159,12.033808808984908,11.791191688436736,11.888238906860352,351225,0.0,0.0
2015-01-13 00:00:00+08:00,11.936761921458224,11.985285528252893,11.791191101074219,11.791191101074219,336888,0.0,0.0
2015-01-14 00:00:00+08:00,11.839715399275537,11.88823900890385,11.742669105529785,11.742669105529785,317699,0.0,0.0
2015-01-15 00:00:00+08:00,11.742668419790371,11.888238314663555,11.742668419790371,11.791191101074219,222859,0.0,0.0
2015-01-16 00:00:00+08:00,11.791191363248743,11.839714971122323,11.305957135534623,11.354480743408203,436320,0.0,0.0
2015-01-19 00:00:00+08:00,11.597097554648702,11.597097554648702,11.257434159418557,11.305956840515137,289332,0.0,0.0
2015-01-20 00:00:00+08:00,11.354480382854527,11.5485738826747,11.257434095699844,11.45152759552002,259763,0.0,0.0
2015-01-21 00:00:00+08:00,11.500051498413086,11.742668610822554,11.257434386003618,11.500051498413086,940203,0.0,0.0
2015-01-22 00:00:00+08:00,11.694145003238493,11.694145003238493,11.500051498413086,11.500051498413086,222638,0.0,0.0
2015-01-23 00:00:00+08:00,11.64562196046234,11.694145570399774,11.50005205616091,11.597098350524902,387491,0.0,0.0
2015-01-26 00:00:00+08:00,11.500051248340645,11.936761856079102,11.403004035282848,11.936761856079102,712286,0.0,0.0
2015-01-27 00:00:00+08:00,11.985285758972168,12.130855656647604,11.694145038110458,11.985285758972168,1702393,0.0,0.0
2015-01-28 00:00:00+08:00,11.936761921458224,11.936761921458224,11.742668419790371,11.791191101074219,271023,0.0,0.0
2015-01-29 00:00:00+08:00,11.791191195786116,11.791191195786116,11.54857408537479,11.645621299743652,243292,0.0,0.0
2015-01-30 00:00:00+08:00,11.645621095340193,11.69414470167294,11.45152759552002,11.45152759552002,242495,0.0,0.0
2015-02-02 00:00:00+08:00,11.45152759552002,11.5485738826747,11.354480382854527,11.45152759552002,179013,0.0,0.0
2015-02-03 00:00:00+08:00,11.451528255430256,11.500051864559243,11.305957428043294,11.40300464630127,244081,0.0,0.0
2015-02-04 00:00:00+08:00,11.451527990923443,11.839715003967285,11.257434484401523,11.839715003967285,2017375,0.0,0.0
2015-02-05 00:00:00+08:00,11.791191565653605,11.791191565653605,11.548574447631836,11.548574447631836,335114,0.0,0.0
2015-02-06 00:00:00+08:00,11.548574548177365,11.597098157306352,11.40300464630127,11.40300464630127,152005,0.0,0.0
2015-02-09 00:00:00+08:00,11.354480447122533,11.403004053729932,11.305956840515137,11.305956840515137,306392,0.0,0.0
2015-02-10 00:00:00+08:00,11.305957233151867,11.500051666322026,11.208910942077637,11.208910942077637,268176,0.0,0.0
2015-02-11 00:00:00+08:00,11.208911012869754,11.257434621468756,11.063340187072754,11.063340187072754,361321,0.0,0.0
2015-02-12 00:00:00+08:00,11.063339988246083,11.111863595973032,10.869246482849121,10.869246482849121,278999,0.0,0.0
2015-02-13 00:00:00+08:00,10.966293630427389,11.1118635271964,10.917770023000775,11.014817237854004,146873,0.0,0.0
2015-02-24 00:00:00+08:00,11.1118635271964,11.1118635271964,10.917770023000775,11.014817237854004,142190,0.0,0.0
2015-02-25 00:00:00+08:00,10.966293895385608,11.160387404270754,10.917770286786608,11.063340187072754,136550,0.0,0.0
2015-02-26 00:00:00+08:00,11.063340117200017,11.305957233151867,11.063340117200017,11.208910942077637,137293,0.0,0.0
2015-03-02 00:00:00+08:00,11.257434550370176,11.305957233151867,11.160387333785097,11.208910942077637,191437,0.0,0.0
2015-03-03 00:00:00+08:00,11.208911309734084,11.208911309734084,11.063340480081688,11.11186408996582,101812,0.0,0.0
2015-03-04 00:00:00+08:00,11.063340144309672,11.74266881104816,10.966293852997639,11.694145202636719,678767,0.0,0.0
2015-03-05 00:00:00+08:00,11.742668514112513,11.98528562452384,11.645621299743652,11.645621299743652,1909531,0.0,0.0
2015-03-06 00:00:00+08:00,11.645621395654432,11.645621395654432,11.500051498413086,11.500051498413086,424478,0.0,0.0
2015-03-09 00:00:00+08:00,11.403004351281783,11.451527959155364,11.208910845298304,11.354480743408203,324162,0.0,0.0
2015-03-10 00:00:00+08:00,11.548573948041305,11.548573948041305,11.160386946203761,11.305956840515137,192951,0.0,0.0
2015-03-11 00:00:00+08:00,11.208910942077637,11.354480841444406,11.208910942077637,11.208910942077637,128065,0.0,0.0
2015-03-12 00:00:00+08:00,11.257434550370176,11.403004449736947,11.208910942077637,11.208910942077637,171500,0.0,0.0
2015-03-13 00:00:00+08:00,11.20891055281116,11.451527660337328,11.20891055281116,11.305956840515137,219081,0.0,0.0
2015-03-16 00:00:00+08:00,11.305956840515137,11.305956840515137,11.305956840515137,11.305956840515137,0,0.0,0.0
2015-03-17 00:00:00+08:00,11.208910778419558,11.597097788070371,11.208910778419558,11.500051498413086,1304395,0.0,0.0
2015-03-18 00:00:00+08:00,11.500051864559243,11.500051864559243,11.354481037172283,11.40300464630127,285346,0.0,0.0
2015-03-19 00:00:00+08:00,11.451527660337328,11.500051266944725,11.305956840515137,11.305956840515137,223838,0.0,0.0
2015-03-20 00:00:00+08:00,11.403004449736947,11.451528058029487,11.160387333785097,11.208910942077637,384745,0.0,0.0
2015-03-23 00:00:00+08:00,11.257434386003618,11.742668610822554,11.208910778419558,11.500051498413086,1465388,0.0,0.0
2015-03-24 00:00:00+08:00,11.50005131132785,11.791191101074219,11.354480490943844,11.791191101074219,1335098,0.0,0.0
2015-03-25 00:00:00+08:00,11.936761856079102,12.033808143626084,11.742668355474324,11.936761856079102,1482654,0.0,0.0
2015-03-26 00:00:00+08:00,11.936762056440058,12.470519886195543,11.888238449096681,12.130855560302734,5819767,0.0,0.0
2015-03-27 00:00:00+08:00,12.033808306197443,12.130855520566303,11.645621299743652,11.645621299743652,1195237,0.0,0.0
2015-03-30 00:00:00+08:00,11.645621395654432,11.8882385080639,11.451527890829025,11.500051498413086,1076141,0.0,0.0
2015-03-31 00:00:00+08:00,11.5485738826747,11.69414470167294,11.45152759552002,11.45152759552002,623164,0.0,0.0
2015-04-01 00:00:00+08:00,11.451528433643865,11.500052043527997,11.11186408996582,11.11186408996582,708294,0.0,0.0
2015-04-02 00:00:00+08:00,11.354480541720399,11.354480541720399,11.16038703918457,11.16038703918457,388093,0.0,0.0
2015-04-07 00:00:00+08:00,11.257434253207897,11.305956934708735,11.16038703918457,11.16038703918457,550225,0.0,0.0
2015-04-08 00:00:00+08:00,11.160387404270754,11.257434621468756,11.063340187072754,11.063340187072754,439048,0.0,0.0
2015-04-09 00:00:00+08:00,11.063340583802466,11.208911414819614,10.966294288635254,10.966294288635254,494523,0.0,0.0
2015-04-10 00:00:00+08:00,11.111864194141514,11.111864194141514,10.917770678296204,10.966294288635254,339127,0.0,0.0
2015-04-13 00:00:00+08:00,10.96629411310733,11.257434844970703,10.96629411310733,11.257434844970703,648119,0.0,0.0
2015-04-14 00:00:00+08:00,11.305956934708735,11.305956934708735,11.111863432172907,11.16038703918457,510206,0.0,0.0
2015-04-15 00:00:00+08:00,11.208911309734084,11.208911309734084,11.11186408996582,11.11186408996582,244444,0.0,0.0
2015-04-16 00:00:00+08:00,11.111864102172305,11.597098350524902,11.06334049223487,11.597098350524902,1583003,0.0,0.0
2015-04-17 00:00:00+08:00,11.742669004735797,12.227903245832136,11.645621786312182,11.888238906860352,4422593,0.0,0.0
2015-04-20 00:00:00+08:00,11.694145003238493,11.791191292895778,11.500051498413086,11.500051498413086,880441,0.0,0.0
2015-04-21 00:00:00+08:00,11.597097554648702,11.839714662174872,11.305956840515137,11.305956840515137,1158916,0.0,0.0
2015-04-22 00:00:00+08:00,11.500051266944725,11.500051266944725,11.305956840515137,11.305956840515137,319020,0.0,0.0
2015-04-23 00:00:00+08:00,11.403004053729932,11.451527660337328,11.257434159418557,11.305956840515137,403271,0.0,0.0
2015-04-24 00:00:00+08:00,11.45152759552002,11.985285414158607,11.403003989187273,11.45152759552002,1483308,0.0,0.0
2015-04-27 00:00:00+08:00,11.500051498413086,11.645621395654432,11.305957068076845,11.500051498413086,497134,0.0,0.0
2015-04-28 00:00:00+08:00,11.500051567028944,11.548574249391683,11.354480743408203,11.354480743408203,296505,0.0,0.0
2015-04-29 00:00:00+08:00,11.257434386003618,11.645621395654432,11.160387170835499,11.500051498413086,510261,0.0,0.0
2015-04-30 00:00:00+08:00,11.500051567028944,11.548574249391683,11.305957135534623,11.354480743408203,309431,0.0,0.0
2015-05-04 00:00:00+08:00,11.208910742049628,11.305957031392026,10.917770023000775,11.014817237854004,627536,0.0,0.0
2015-05-05 00:00:00+08:00,10.966293698303021,11.063339988246083,10.869246482849121,10.869246482849121,434166,0.0,0.0
2015-05-06 00:00:00+08:00,10.869247067957154,11.111864194141514,10.869247067957154,10.966294288635254,337934,0.0,0.0
2015-05-07 00:00:00+08:00,10.966293994780992,11.014817603819797,10.869246776703383,10.917770385742188,220492,0.0,0.0
2015-05-08 00:00:00+08:00,10.869246280407424,10.966293494053803,10.675152778625488,10.675152778625488,346301,0.0,0.0
2015-05-11 00:00:00+08:00,10.723676829404168,10.820723121557398,9.947301864624023,9.947301864624023,1129430,0.0,0.0
2015-05-12 00:00:00+08:00,9.850253939697984,9.850253939697984,9.258268545882816,9.510590553283691,944062,0.0,0.0
2015-05-13 00:00:00+08:00,9.510590506622922,9.694979095427659,9.413543296403088,9.568818092346191,827024,0.0,0.0
2015-05-14 00:00:00+08:00,9.559113818485113,9.694978798011963,9.442656799589583,9.549408912658691,270507,0.0,0.0
2015-05-15 00:00:00+08:00,9.607636641756105,9.607636641756105,9.258268356323242,9.258268356323242,513834,0.0,0.0
2015-05-18 00:00:00+08:00,9.22915511066675,9.365020100295254,8.840967178344727,8.840967178344727,424035,0.0,0.0
2015-05-19 00:00:00+08:00,8.870082193007109,8.957423578311476,8.850672379265566,8.889491081237793,270486,0.0,0.0
2015-05-20 00:00:00+08:00,8.928309465145842,8.928309465145842,8.840967157442119,8.899195671081543,219214,0.0,0.0
2015-05-21 00:00:00+08:00,8.908900279881975,8.947718979174041,8.83126288129784,8.850671768188477,228149,0.0,0.0
2015-05-22 00:00:00+08:00,8.860376655535761,8.967127846984098,8.850671749355696,8.908900260925293,184084,0.0,0.0
2015-05-25 00:00:00+08:00,8.908900946569332,8.967128537109431,8.831263542175293,8.831263542175293,165236,0.0,0.0
2015-05-26 00:00:00+08:00,8.908900195945614,9.044765179432382,8.724510681912449,9.02535629272461,943675,0.0,0.0
2015-05-27 00:00:00+08:00,8.92830894046794,9.510590340600732,8.889490242159805,9.316496849060059,319290,0.0,0.0
2015-05-28 00:00:00+08:00,9.32620139332059,9.491181102481722,9.32620139332059,9.413543701171875,269386,0.0,0.0
2015-05-29 00:00:00+08:00,9.423248704048397,9.423248704048397,9.267973899841309,9.267973899841309,156070,0.0,0.0
2015-06-01 00:00:00+08:00,9.26797369260181,9.413543586913184,9.04476547241211,9.04476547241211,99062,0.0,0.0
2015-06-02 00:00:00+08:00,9.064174727466773,9.588227610453615,8.90889993628708,9.549408912658691,672117,0.0,0.0
2015-06-03 00:00:00+08:00,9.539704807203714,9.539704807203714,9.267973899841309,9.267973899841309,218791,0.0,0.0
2015-06-04 00:00:00+08:00,9.267973627236943,9.471772033142015,9.122402808441429,9.190336227416992,150000,0.0,0.0
2015-06-05 00:00:00+08:00,8.928309638129216,9.491181270335545,8.928309638129216,9.122403144836426,154000,0.0,0.0
2015-06-08 00:00:00+08:00,9.122402968092546,9.122402968092546,8.831263176427903,8.899195671081543,278344,0.0,0.0
2015-06-09 00:00:00+08:00,8.840967018134707,8.918604418090053,8.016069412231445,8.016069412231445,851502,0.0,0.0
2015-06-10 00:00:00+08:00,7.472606968551929,7.9481362925709504,7.472606968551929,7.763747692108154,481781,0.0,0.0
2015-06-11 00:00:00+08:00,7.763747596214041,7.957841101017225,7.695814638155218,7.909317493438721,1142191,0.0,0.0
2015-06-12 00:00:00+08:00,7.880203567520478,8.045183275226233,7.880203567520478,7.899613380432129,441377,0.0,0.0
2015-06-15 00:00:00+08:00,7.9093173130229735,8.21986783913508,7.9093173130229735,7.957840919494629,192213,0.0,0.0
2015-06-16 00:00:00+08:00,7.967545920304679,7.967545920304679,7.773452417628908,7.8122711181640625,154000,0.0,0.0
2015-06-17 00:00:00+08:00,7.860794565445304,8.103411670236692,7.860794565445304,8.074296951293945,204000,0.0,0.0
2015-06-18 00:00:00+08:00,8.074297221626532,8.219868044681652,8.074297221626532,8.151934623718262,182000,0.0,0.0
2015-06-22 00:00:00+08:00,8.151934581151563,8.39455169279906,8.151934581151563,8.268391609191895,304614,0.0,0.0
2015-06-23 00:00:00+08:00,8.346029010878226,8.50130381425089,8.268391609191895,8.268391609191895,162299,0.0,0.0
2015-06-24 00:00:00+08:00,8.39455169279906,8.39455169279906,8.239276889426396,8.268391609191895,57000,0.0,0.0
2015-06-25 00:00:00+08:00,8.307210628640833,8.384848033304786,8.248982112387433,8.258687019348145,109778,0.0,0.0
2015-06-26 00:00:00+08:00,8.219867977268143,8.31691426633148,8.219867977268143,8.297505378723145,75154,0.0,0.0
2015-06-29 00:00:00+08:00,8.210163091743818,8.278095586813286,8.171344390916857,8.239276885986328,67173,0.0,0.0
2015-06-30 00:00:00+08:00,8.239276935760609,8.268391655689836,8.171344440280752,8.181049346923828,47101,0.0,0.0
2015-07-01 00:00:00+08:00,8.326619172891062,8.394551667786482,8.24898177143606,8.297505378723145,279401,0.0,0.0
2015-07-02 00:00:00+08:00,8.394551962592171,8.394551962592171,8.316914558410645,8.316914558410645,101003,0.0,0.0
2015-07-03 00:00:00+08:00,8.43337002318767,8.43337002318767,8.248981433660019,8.336323738098145,86162,0.0,0.0
2015-07-06 00:00:00+08:00,8.326618855435258,8.326618855435258,8.16163915225559,8.307209968566895,59000,0.0,0.0
2015-07-07 00:00:00+08:00,8.181049589177007,8.37514310023174,8.181049589177007,8.287800788879395,83099,0.0,0.0
2015-07-08 00:00:00+08:00,8.248981704796723,8.287800405210627,7.831679981214131,7.8413848876953125,187001,0.0,0.0
2015-07-09 00:00:00+08:00,7.841385094988368,7.841385094988368,7.579358628889935,7.763747692108154,179098,0.0,0.0
2015-07-10 00:00:00+08:00,7.763747692108154,7.763747692108154,7.763747692108154,7.763747692108154,0,0.0,0.0
2015-07-13 00:00:00+08:00,7.763747419118821,7.99665961956979,7.74433806908124,7.957840919494629,189815,0.0,0.0
2015-07-14 00:00:00+08:00,8.006364847705061,8.151934747458995,7.957841239283467,7.977251052856445,136251,0.0,0.0
2015-07-15 00:00:00+08:00,7.977251049999921,8.006364844838112,7.938432348378716,7.948136329650879,63023,0.0,0.0
2015-07-16 00:00:00+08:00,7.95784096426476,7.95784096426476,7.860794676286289,7.8704986572265625,121022,0.0,0.0
2015-07-17 00:00:00+08:00,7.880203567520478,8.0257743878254,7.812271073351338,7.899613380432129,82005,0.0,0.0
2015-07-20 00:00:00+08:00,7.996660038873382,7.996660038873382,7.666701070933163,7.8025665283203125,157230,0.0,0.0
2015-07-21 00:00:00+08:00,7.579358737532331,7.715224194520198,7.579358737532331,7.58906364440918,317300,0.0,0.0
2015-07-22 00:00:00+08:00,7.647291388743988,7.656995832473715,7.540539731184516,7.5696539878845215,149303,0.0,0.0
2015-07-23 00:00:00+08:00,7.3852651904890365,7.618177401299441,7.356150932760022,7.375560283660889,558216,0.0,0.0
2015-07-24 00:00:00+08:00,7.43378854825244,7.43378854825244,7.2979230880737305,7.2979230880737305,187301,0.0,0.0
2015-07-27 00:00:00+08:00,7.200875789358234,7.210580232977872,6.570071220397949,6.570071220397949,854626,0.0,0.0
2015-07-28 00:00:00+08:00,6.0848369117623236,6.5021381614410645,6.0848369117623236,6.473024368286133,436301,0.0,0.0
2015-07-29 00:00:00+08:00,6.473024344768228,6.550661743239837,6.3371588974429125,6.502138137817383,146126,0.0,0.0
2015-07-30 00:00:00+08:00,6.570071503034865,6.909735373931457,6.570071503034865,6.890326023101807,183197,0.0,0.0
2015-07-31 00:00:00+08:00,6.764165388581205,6.8903264073878745,6.764165388581205,6.793279647827148,81003,0.0,0.0
2015-08-03 00:00:00+08:00,6.793278941781743,6.841802547896632,6.628299236297607,6.628299236297607,79687,0.0,0.0
2015-08-04 00:00:00+08:00,6.6380041666968905,6.870916366280091,6.599185466766357,6.599185466766357,163239,0.0,0.0
2015-08-05 00:00:00+08:00,6.599185399953129,6.880621202977812,6.599185399953129,6.715641498565674,247000,0.0,0.0
2015-08-06 00:00:00+08:00,6.851506991466366,6.851506991466366,6.628299236297607,6.628299236297607,96095,0.0,0.0
2015-08-07 00:00:00+08:00,6.628299034666971,6.715641337914684,6.473024240231382,6.705936431884766,85001,0.0,0.0
2015-08-10 00:00:00+08:00,6.793279608328927,6.909735719124686,6.6962328493324605,6.851507663726807,125005,0.0,0.0
2015-08-11 00:00:00+08:00,6.870916697643503,6.870916697643503,6.744755685407205,6.861212253570557,132038,0.0,0.0
2015-08-12 00:00:00+08:00,6.851507518198853,6.851507518198853,6.725346502805419,6.841803073883057,114005,0.0,0.0
2015-08-13 00:00:00+08:00,6.841803073883057,6.9388498308182225,6.6671184486443185,6.841803073883057,740003,0.0,0.0
2015-08-14 00:00:00+08:00,6.841802479354467,6.919439878156183,6.71564147492398,6.744755268096924,139384,0.0,0.0
2015-08-17 00:00:00+08:00,6.812688385262333,6.812688385262333,6.696232284293331,6.754460334777832,100000,0.0,0.0
2015-08-18 00:00:00+08:00,6.715641804437553,6.783574300344569,6.6962324537847735,6.735051155090332,105171,0.0,0.0
2015-08-19 00:00:00+08:00,6.7350510344143615,6.7350510344143615,6.308044864948721,6.395387172698975,290617,0.0,0.0
2015-08-20 00:00:00+08:00,6.502138414880462,6.502138414880462,6.308044910430908,6.308044910430908,231238,0.0,0.0
2015-08-21 00:00:00+08:00,6.30804496028354,6.30804496028354,5.677240371704102,5.677240371704102,720033,0.0,0.0
2015-08-24 00:00:00+08:00,5.192006320592029,5.327871779401822,5.114368915557861,5.114368915557861,1225538,0.0,0.0
2015-08-25 00:00:00+08:00,4.75529549406714,5.337576471089452,4.75529549406714,5.1920061111450195,481126,0.0,0.0
2015-08-26 00:00:00+08:00,5.230824835188757,5.70635461807251,5.230824835188757,5.70635461807251,378124,0.0,0.0
2015-08-27 00:00:00+08:00,5.793696586550491,6.113951571706216,5.793696586550491,6.016904354095459,450183,0.0,0.0
2015-08-28 00:00:00+08:00,6.220702758872179,6.220702758872179,6.02660924952961,6.046018600463867,191131,0.0,0.0
2015-08-31 00:00:00+08:00,6.046018303904053,6.046018303904053,5.832515454099635,5.997494697570801,191004,0.0,0.0
2015-09-01 00:00:00+08:00,5.997494697570801,6.0945419102373055,5.919857297641921,5.997494697570801,245000,0.0,0.0
2015-09-02 00:00:00+08:00,5.987790559016575,6.113951571706216,5.890743804161247,6.016904354095459,705202,0.0,0.0
2015-09-03 00:00:00+08:00,6.065427634805046,6.58948054543177,5.958675978860964,6.327454090118408,232023,0.0,0.0
2015-09-04 00:00:00+08:00,6.443910199765008,6.492433806021813,6.172179300442037,6.29833984375,165259,0.0,0.0
2015-09-07 00:00:00+08:00,6.191588818289393,6.308044921157148,6.191588818289393,6.2789306640625,130202,0.0,0.0
2015-09-08 00:00:00+08:00,6.288635559985953,6.308044910430908,6.210998158206132,6.308044910430908,95559,0.0,0.0
2015-09-09 00:00:00+08:00,6.502138264038858,6.7932789767144985,6.453615120429855,6.570071220397949,267918,0.0,0.0
2015-09-10 00:00:00+08:00,6.434205604141116,6.676822704181833,6.434205604141116,6.589480400085449,148005,0.0,0.0
2015-09-11 00:00:00+08:00,6.63800417675704,6.63800417675704,6.52154761403354,6.570071220397949,70002,0.0,0.0
2015-09-14 00:00:00+08:00,6.744755534675413,6.744755534675413,6.502138422453198,6.579776287078857,132000,0.0,0.0
2015-09-15 00:00:00+08:00,6.570071220397949,6.628299270381996,6.424500864060128,6.570071220397949,110073,0.0,0.0
2015-09-16 00:00:00+08:00,6.560366947337807,6.579776297837102,6.453615288213971,6.550662040710449,111053,0.0,0.0
2015-09-17 00:00:00+08:00,6.550661794153536,6.938849252284085,6.492433744847263,6.715641498565674,1345229,0.0,0.0
2015-09-18 00:00:00+08:00,6.686527522298214,6.880621490862054,6.618595026642978,6.764164924621582,522238,0.0,0.0
2015-09-21 00:00:00+08:00,6.754460405161019,6.754460405161019,6.521547738040597,6.638004302978516,135887,0.0,0.0
2015-09-22 00:00:00+08:00,6.676822832532168,6.802983838039862,6.657413482666016,6.657413482666016,111015,0.0,0.0
2015-09-23 00:00:00+08:00,6.744755335666855,6.744755335666855,6.560366743043248,6.628299236297607,57003,0.0,0.0
2015-09-24 00:00:00+08:00,6.579775999044388,6.579775999044388,6.414796295914521,6.502138137817383,52006,0.0,0.0
2015-09-25 00:00:00+08:00,6.502138398061281,6.657413663974688,6.4730246038468655,6.608890056610107,49047,0.0,0.0
2015-09-29 00:00:00+08:00,6.608890056610107,6.608890056610107,6.608890056610107,6.608890056610107,0,0.0,0.0
2015-09-30 00:00:00+08:00,6.55066180361963,6.686527252197266,6.47302440443241,6.686527252197266,37295,0.0,0.0
2015-10-01 00:00:00+08:00,6.647708711846102,6.764164813416579,6.599185567569443,6.696232318878174,193197,0.0,0.0
2015-10-02 00:00:00+08:00,6.696232158473369,6.744755301587681,6.599185409489343,6.686527252197266,35603,0.0,0.0
2015-10-05 00:00:00+08:00,6.744755824260678,7.181466922664053,6.69623267738615,7.142648220062256,835481,0.0,0.0
2015-10-06 00:00:00+08:00,7.162057322672062,7.3367414783145195,6.997077610965364,7.006782054901123,264813,0.0,0.0
2015-10-07 00:00:00+08:00,7.132943351297419,7.142648258377647,7.01648724286732,7.084420204162598,107412,0.0,0.0
2015-10-08 00:00:00+08:00,7.113533714727002,7.113533714727002,6.929144652393364,7.006782054901123,111188,0.0,0.0
2015-10-12 00:00:00+08:00,7.045601218910424,7.045601218910424,6.900030857830665,7.006782054901123,60864,0.0,0.0
2015-10-13 00:00:00+08:00,7.026191737834178,7.026191737834178,6.909735628564708,6.997077941894531,129413,0.0,0.0
2015-10-14 00:00:00+08:00,6.938849925994873,6.938849925994873,6.880621871035089,6.938849925994873,117275,0.0,0.0
2015-10-15 00:00:00+08:00,6.948554064289627,6.948554064289627,6.880621567874049,6.919440269470215,74720,0.0,0.0
2015-10-16 00:00:00+08:00,6.919440269470215,6.948554064289627,6.861212217075966,6.919440269470215,100111,0.0,0.0
2015-10-19 00:00:00+08:00,6.919440343708852,6.919440343708852,6.79327933079002,6.802984237670898,217001,0.0,0.0
2015-10-20 00:00:00+08:00,6.841802841378225,6.948554039001465,6.841802841378225,6.948554039001465,209235,0.0,0.0
2015-10-21 00:00:00+08:00,6.948554450008642,6.948554450008642,6.793279635004567,6.822393894195557,127314,0.0,0.0
2015-10-22 00:00:00+08:00,6.80298443848024,7.152352766906698,6.793279531312894,6.967963695526123,1175002,0.0,0.0
2015-10-23 00:00:00+08:00,7.026191777056826,7.065010943118795,6.861212519381828,6.938849925994873,278078,0.0,0.0
2015-10-26 00:00:00+08:00,6.938849925994873,6.967963722097042,6.890326315483997,6.938849925994873,118325,0.0,0.0
2015-10-27 00:00:00+08:00,6.967963695526123,7.016487305851964,6.890326289209132,6.967963695526123,252193,0.0,0.0
2015-10-28 00:00:00+08:00,6.929144883258661,7.656996250152588,6.929144883258661,7.656996250152588,3682567,0.0,0.0
2015-10-29 00:00:00+08:00,7.6667007851462285,7.9093174329159766,7.453197468741053,7.482311725616455,2143957,0.0,0.0
2015-10-30 00:00:00+08:00,7.492016453051914,7.559949413162846,7.2202855381190485,7.2882184982299805,417062,0.0,0.0
2015-11-02 00:00:00+08:00,7.288218284665945,7.841385005233463,7.288218284665945,7.63758659362793,1353441,0.0,0.0
2015-11-03 00:00:00+08:00,7.715224068644602,7.744338326044711,7.521130561828613,7.521130561828613,297450,0.0,0.0
2015-11-04 00:00:00+08:00,7.424083940846108,7.5890636559602,7.424083940846108,7.5599493980407715,444500,0.0,0.0
2015-11-05 00:00:00+08:00,7.569653953404808,7.754042548228446,7.569653953404808,7.62788200378418,315552,0.0,0.0
2015-11-06 00:00:00+08:00,7.589063770589796,7.598768214872567,7.375560443303589,7.385265350341797,263899,0.0,0.0
2015-11-09 00:00:00+08:00,7.375560475237844,7.375560475237844,7.084420204162598,7.084420204162598,228004,0.0,0.0
2015-11-10 00:00:00+08:00,6.987372958648161,7.229990081695048,6.987372958648161,7.113533973693848,181929,0.0,0.0
2015-11-11 00:00:00+08:00,7.113534131256554,7.113534131256554,6.8709170028357685,6.880621910095215,254002,0.0,0.0
2015-11-12 00:00:00+08:00,6.8903263943821145,6.8903263943821145,6.744756023938069,6.822393894195557,207023,0.0,0.0
2015-11-13 00:00:00+08:00,6.793278864138369,6.890325612503552,6.764164608251114,6.773869514465332,115125,0.0,0.0
2015-11-16 00:00:00+08:00,6.696232718985786,6.841803086024584,6.638004664721354,6.812688827514648,103166,0.0,0.0
2015-11-17 00:00:00+08:00,6.890326194727409,6.909735546040511,6.82239369650927,6.870916843414307,153005,0.0,0.0
2015-11-18 00:00:00+08:00,6.89032622097292,6.89032622097292,6.80298437110899,6.841803073883057,47978,0.0,0.0
2015-11-19 00:00:00+08:00,6.841803073883057,6.948554275134019,6.841803073883057,6.841803073883057,82386,0.0,0.0
2015-11-20 00:00:00+08:00,6.958259290225047,6.967963734691495,6.841803180094987,6.909735679626465,62332,0.0,0.0
2015-11-23 00:00:00+08:00,6.909735679626465,7.414379286278837,6.841803180094987,6.909735679626465,920162,0.0,0.0
2015-11-24 00:00:00+08:00,7.152352794180747,7.152352794180747,6.900031222688351,6.938849925994873,109010,0.0,0.0
2015-11-25 00:00:00+08:00,6.938849392689789,6.938849392689789,6.744755428319377,6.754460334777832,286067,0.0,0.0
2015-11-26 00:00:00+08:00,6.754460773250217,6.8903262332005575,6.754460773250217,6.812688827514648,139009,0.0,0.0
2015-11-27 00:00:00+08:00,6.812688815424787,6.89032622097292,6.77387011265072,6.841803073883057,111048,0.0,0.0
2015-11-30 00:00:00+08:00,6.822393907073092,6.822393907073092,6.715642240178568,6.793279647827148,101334,0.0,0.0
2015-12-01 00:00:00+08:00,6.7932792689535555,6.987372777250059,6.783574362161017,6.890326023101807,191504,0.0,0.0
2015-12-02 00:00:00+08:00,6.812688656268551,6.870916709069342,6.773869954401357,6.832098007202148,293166,0.0,0.0
2015-12-03 00:00:00+08:00,6.638004462316354,6.900030929894345,6.638004462316354,6.890326023101807,250173,0.0,0.0
2015-12-04 00:00:00+08:00,6.783574482364715,6.987372901065027,6.744755780017555,6.958259105682373,145023,0.0,0.0
2015-12-07 00:00:00+08:00,6.938849620268297,6.987372765885792,6.8029841646817175,6.919440269470215,219010,0.0,0.0
2015-12-08 00:00:00+08:00,6.977668431040454,7.0261915774171655,6.938849728836912,6.987372875213623,186126,0.0,0.0
2015-12-09 00:00:00+08:00,7.035896411682443,7.035896411682443,6.861212253570557,6.861212253570557,201269,0.0,0.0
2015-12-10 00:00:00+08:00,6.764165388581205,6.802984555160947,6.696232888266422,6.793279647827148,133106,0.0,0.0
2015-12-11 00:00:00+08:00,6.793278966419024,6.793278966419024,6.502138254184619,6.599185466766357,286506,0.0,0.0
2015-12-14 00:00:00+08:00,6.4536152776620055,6.579776287078857,6.4536152776620055,6.579776287078857,106012,0.0,0.0
2015-12-15 00:00:00+08:00,6.201293098345282,6.599185466766357,6.201293098345282,6.599185466766357,359019,0.0,0.0
2015-12-16 00:00:00+08:00,6.550661743239837,6.618594698280193,6.502138137817383,6.502138137817383,199005,0.0,0.0
2015-12-17 00:00:00+08:00,6.502138055255094,6.705936455032992,6.502138055255094,6.676822662353516,135048,0.0,0.0
2015-12-18 00:00:00+08:00,6.676822727926602,6.725345870454071,6.560366630554199,6.560366630554199,100720,0.0,0.0
2015-12-21 00:00:00+08:00,6.6671185146700624,7.026191750263866,6.6088904599323195,6.967963695526123,609190,0.0,0.0
2015-12-22 00:00:00+08:00,6.92914482190831,7.132943239854622,6.812688715297684,6.987372875213623,1171167,0.0,0.0
2015-12-23 00:00:00+08:00,6.9873730737503035,7.006782425403565,6.890326315483997,6.938849925994873,166061,0.0,0.0
2015-12-24 00:00:00+08:00,6.841803035944496,6.977668494900339,6.7932794263682625,6.900031089782715,135455,0.0,0.0
2015-12-25 00:00:00+08:00,6.900031089782715,6.900031089782715,6.812688777647669,6.900031089782715,47011,0.0,0.0
2015-12-28 00:00:00+08:00,6.900031222688351,7.132943442527486,6.841803167728567,6.938849925994873,774047,0.0,0.0
2015-12-29 00:00:00+08:00,6.890326048544824,6.938849657175839,6.861212253570557,6.861212253570557,94458,0.0,0.0
2015-12-30 00:00:00+08:00,6.832098299308878,6.97766866891244,6.832098299308878,6.880621910095215,83274,0.0,0.0
2015-12-31 00:00:00+08:00,6.938849668714646,6.938849668714646,6.822393563113064,6.832098007202148,52006,0.0,0.0
2016-01-04 00:00:00+08:00,6.832097641571492,6.832097641571492,6.6185947927278725,6.628299236297607,127027,0.0,0.0
2016-01-05 00:00:00+08:00,6.628299057547201,6.686527105661544,6.628299057547201,6.676822662353516,35027,0.0,0.0
2016-01-06 00:00:00+08:00,6.744755452416882,6.744755452416882,6.31774974733828,6.424500942230225,142112,0.0,0.0
2016-01-07 00:00:00+08:00,6.4050916626556855,6.4050916626556855,6.230407508651087,6.308044910430908,72451,0.0,0.0
2016-01-08 00:00:00+08:00,6.308044962678761,6.550662076627944,6.308044962678761,6.492434024810791,75000,0.0,0.0
2016-01-11 00:00:00+08:00,6.4924337275883275,6.4924337275883275,6.308044673897595,6.443910121917725,185173,0.0,0.0
2016-01-12 00:00:00+08:00,6.443910363545596,6.5409571157703725,6.308044910430908,6.308044910430908,165472,0.0,0.0
2016-01-13 00:00:00+08:00,6.346863674611358,6.492434035777849,6.308044973334349,6.463319778442383,138011,0.0,0.0
2016-01-14 00:00:00+08:00,6.405091509952824,6.405091509952824,5.861629247695262,5.997494697570801,550124,0.0,0.0
2016-01-15 00:00:00+08:00,6.01690421895355,6.123655878274443,5.939266816813053,5.978085517883301,327913,0.0,0.0
2016-01-18 00:00:00+08:00,5.9780853605677,6.540956974029541,5.948971566908864,6.540956974029541,592012,0.0,0.0
2016-01-19 00:00:00+08:00,6.7932790351008325,6.890325785908334,6.61859488364733,6.754460334777832,1248003,0.0,0.0
2016-01-20 00:00:00+08:00,6.628299136221742,6.628299136221742,6.230407238006592,6.230407238006592,313006,0.0,0.0
2016-01-21 00:00:00+08:00,6.269226050200241,6.337159006408687,6.181883744040155,6.29833984375,228005,0.0,0.0
2016-01-22 00:00:00+08:00,6.308045070265725,6.356568678985325,6.24011211060937,6.317749977111816,122245,0.0,0.0
2016-01-25 00:00:00+08:00,6.317749915556043,6.434206020041901,6.308045008804509,6.405091762542725,226007,0.0,0.0
2016-01-26 00:00:00+08:00,6.405091787870352,6.405091787870352,6.308045033748385,6.375977993011475,133012,0.0,0.0
2016-01-27 00:00:00+08:00,6.32745444427911,6.32745444427911,6.259521484375,6.259521484375,244105,0.0,0.0
2016-01-28 00:00:00+08:00,6.375978053175679,6.395387404183221,6.259521484375,6.259521484375,107117,0.0,0.0
2016-01-29 00:00:00+08:00,6.259521302940811,6.346863611320819,6.259521302940811,6.308044910430908,122310,0.0,0.0
2016-02-01 00:00:00+08:00,6.3274542608758635,6.356568517921005,6.278930653385767,6.308044910430908,96397,0.0,0.0
2016-02-02 00:00:00+08:00,6.240111784095486,6.346863440039568,6.240111784095486,6.327454090118408,108170,0.0,0.0
2016-02-03 00:00:00+08:00,6.308044891357422,6.308044891357422,6.036313523194258,6.065427780151367,325012,0.0,0.0
2016-02-15 00:00:00+08:00,6.1139514759631135,6.269226281300069,6.084837218584724,6.191588878631592,158030,0.0,0.0
2016-02-16 00:00:00+08:00,6.298340066637386,6.550662087693363,6.230407570780332,6.463319778442383,394804,0.0,0.0
2016-02-17 00:00:00+08:00,6.463319767524504,6.511843375416508,6.414796622387919,6.492434024810791,203434,0.0,0.0
2016-02-18 00:00:00+08:00,6.482728914044175,6.6088899203873135,6.434205770435173,6.570071220397949,290695,0.0,0.0
2016-02-19 00:00:00+08:00,6.560366649426486,6.560366649426486,6.502138137817383,6.502138137817383,231418,0.0,0.0
2016-02-22 00:00:00+08:00,6.463319462064224,6.531252417351395,6.453615018597713,6.473024368286133,243016,0.0,0.0
2016-02-23 00:00:00+08:00,6.511842970199673,6.647708415985107,6.414796223210077,6.647708415985107,405220,0.0,0.0
2016-02-24 00:00:00+08:00,6.647708677511876,6.95825874285129,6.647708677511876,6.754460334777832,1503042,0.0,0.0
2016-02-25 00:00:00+08:00,6.870916584193923,6.880621490862054,6.667118171717372,6.764164924621582,308316,0.0,0.0
2016-02-26 00:00:00+08:00,6.764165388581205,6.8612126108973825,6.725346684756914,6.793279647827148,401110,0.0,0.0
2016-03-01 00:00:00+08:00,6.79327933079002,6.802984237670898,6.657413873745741,6.802984237670898,112088,0.0,0.0
2016-03-02 00:00:00+08:00,6.802984212179467,6.851507358135746,6.793279305334954,6.832098007202148,218205,0.0,0.0
2016-03-03 00:00:00+08:00,6.744755696623248,6.841802914046661,6.744755696623248,6.832098007202148,276540,0.0,0.0
2016-03-04 00:00:00+08:00,6.851507123271461,7.511425495147705,6.851507123271461,7.511425495147705,1798417,0.0,0.0
2016-03-07 00:00:00+08:00,7.317332132830233,7.433788236673718,7.268808524851071,7.278513431549072,1460250,0.0,0.0
2016-03-08 00:00:00+08:00,7.278513431549072,7.462902494012299,7.22998982356991,7.278513431549072,372283,0.0,0.0
2016-03-09 00:00:00+08:00,7.327036985907063,7.336741429778623,7.084419873297629,7.0941243171691895,557126,0.0,0.0
2016-03-10 00:00:00+08:00,7.084419873297629,7.1814666257903195,7.045601172300554,7.0941243171691895,207317,0.0,0.0
2016-03-11 00:00:00+08:00,7.084420032914254,7.210580582619522,7.084420032914254,7.103829383850098,320533,0.0,0.0
2016-03-14 00:00:00+08:00,7.181466847470876,7.424083967569517,7.10382944308018,7.259104251861572,431143,0.0,0.0
2016-03-15 00:00:00+08:00,7.278513614693292,7.676405544214787,7.229990005493164,7.229990005493164,940263,0.0,0.0
2016-03-16 00:00:00+08:00,7.22998982356991,7.365855740809396,7.21058047292933,7.278513431549072,126419,0.0,0.0
2016-03-17 00:00:00+08:00,7.278513479112087,7.3658557889431675,7.191171169281006,7.191171169281006,154126,0.0,0.0
2016-03-18 00:00:00+08:00,7.210580654364199,7.288218521635491,7.191171303235234,7.229990005493164,159802,0.0,0.0
2016-03-21 00:00:00+08:00,7.365855751955798,7.365855751955798,7.229989834510712,7.249399185180664,230316,0.0,0.0
2016-03-22 00:00:00+08:00,7.181466859048468,7.278513614693292,7.181466859048468,7.229990005493164,109371,0.0,0.0
2016-03-23 00:00:00+08:00,7.278513724509896,7.346446685863947,7.162057615979044,7.327037334442139,560763,0.0,0.0
2016-03-24 00:00:00+08:00,7.32703693861441,7.32703693861441,7.181466579437256,7.181466579437256,178007,0.0,0.0
2016-03-25 00:00:00+08:00,7.200876112791706,7.278513516257585,7.132943153381348,7.132943153381348,130328,0.0,0.0
2016-03-28 00:00:00+08:00,7.132943166189047,7.152352517090367,6.841802902669237,6.861212253570557,325497,0.0,0.0
2016-03-29 00:00:00+08:00,6.870916544092265,6.890325894559825,6.579776287078857,6.579776287078857,462080,0.0,0.0
2016-03-30 00:00:00+08:00,6.57977611680109,6.715641566557958,6.424500854323552,6.599185466766357,204175,0.0,0.0
2016-03-31 00:00:00+08:00,6.676822671459682,6.783573861770542,6.647708415985107,6.647708415985107,2053172,0.0,0.0
2016-04-01 00:00:00+08:00,6.696231988610236,6.7253457811892146,6.6185945913924416,6.705936431884766,149474,0.0,0.0
2016-04-06 00:00:00+08:00,6.793279070186904,6.802983976695483,6.628299361584356,6.696232318878174,89395,0.0,0.0
2016-04-07 00:00:00+08:00,6.618594952614765,6.6574136533422665,6.618594952614765,6.638004302978516,162070,0.0,0.0
2016-04-08 00:00:00+08:00,6.63800427844943,6.715641679617543,6.63800427844943,6.667118072509766,82508,0.0,0.0
2016-04-11 00:00:00+08:00,6.696232434448983,7.132943054253199,6.696232434448983,7.035896301269531,549038,0.0,0.0
2016-04-12 00:00:00+08:00,6.802984175746094,7.035896385701897,6.802984175746094,6.890326023101807,169451,0.0,0.0
2016-04-13 00:00:00+08:00,6.900031235160016,6.997077993601733,6.900031235160016,6.909735679626465,164119,0.0,0.0
2016-04-14 00:00:00+08:00,6.938849657175839,6.967963452150107,6.7932792940382205,6.861212253570557,159067,0.0,0.0
2016-04-15 00:00:00+08:00,6.8612121811904645,7.074715038852713,6.851507274464469,6.977668285369873,212856,0.0,0.0
2016-04-18 00:00:00+08:00,6.977668564123602,7.249399484731045,6.94855430553794,7.026191711425781,328507,0.0,0.0
2016-04-19 00:00:00+08:00,7.045601564598558,7.045601564598558,6.967963695526123,6.967963695526123,127010,0.0,0.0
2016-04-20 00:00:00+08:00,6.900031052161632,7.084420119688363,6.8903261451971245,6.958259105682373,78007,0.0,0.0
2016-04-21 00:00:00+08:00,6.919440613622105,6.919440613622105,6.880621910095215,6.880621910095215,47202,0.0,0.0
2016-04-22 00:00:00+08:00,6.870916697643503,6.890326048544824,6.841802902669237,6.861212253570557,131703,0.0,0.0
2016-04-25 00:00:00+08:00,6.696231988610236,6.802983641162398,6.6768226393057875,6.705936431884766,139001,0.0,0.0
2016-04-26 00:00:00+08:00,6.667118062107848,6.754460369663412,6.628299361584356,6.696232318878174,117426,0.0,0.0
2016-04-27 00:00:00+08:00,6.6865271147809455,6.7253458135767845,6.608889717189269,6.647708415985107,48308,0.0,0.0
2016-04-28 00:00:00+08:00,6.6282992264890845,6.657413482666016,6.599185433067557,6.657413482666016,104595,0.0,0.0
2016-04-29 00:00:00+08:00,6.793279464037754,7.026191680682152,6.793279464037754,6.841803073883057,389404,0.0,0.0
2016-05-03 00:00:00+08:00,6.715641465446223,6.8126882138114055,6.705936559232005,6.773869514465332,162032,0.0,0.0
2016-05-04 00:00:00+08:00,6.77386938582803,6.77386938582803,6.628299034666971,6.705936431884766,101002,0.0,0.0
2016-05-05 00:00:00+08:00,6.725345975819848,6.754460231996779,6.638004132799862,6.657413482666016,71014,0.0,0.0
2016-05-06 00:00:00+08:00,6.744755153775888,6.744755153775888,6.618594614239172,6.676822662353516,58023,0.0,0.0
2016-05-09 00:00:00+08:00,6.676822842412496,6.676822842412496,6.599185442832997,6.628299236297607,62004,0.0,0.0
2016-05-10 00:00:00+08:00,6.628299407004857,6.647708757399605,6.579776262395692,6.608890056610107,77088,0.0,0.0
2016-05-11 00:00:00+08:00,6.618594698280193,6.618594698280193,6.502138137817383,6.502138137817383,170002,0.0,0.0
2016-05-12 00:00:00+08:00,6.41479648819923,6.453615188598633,6.41479648819923,6.453615188598633,75206,0.0,0.0
2016-05-13 00:00:00+08:00,6.502138403925775,6.521547754338029,6.210998147741952,6.337159156799316,162266,0.0,0.0
2016-05-16 00:00:00+08:00,6.337159291362688,6.453615396309049,6.249816981275205,6.375977993011475,30004,0.0,0.0
2016-05-17 00:00:00+08:00,6.240112039015049,6.453615359625199,6.240112039015049,6.434206008911133,119075,0.0,0.0
2016-05-18 00:00:00+08:00,6.4245008397242085,6.4245008397242085,6.259521134016646,6.327454090118408,102313,0.0,0.0
2016-05-19 00:00:00+08:00,6.327454271635107,6.327454271635107,6.259521313584541,6.2789306640625,133649,0.0,0.0
2016-05-20 00:00:00+08:00,6.570071160668957,6.570071160668957,6.308044706745144,6.385682106018066,86003,0.0,0.0
2016-05-23 00:00:00+08:00,6.269226307309223,6.49243407228483,6.269226307309223,6.405091762542725,117702,0.0,0.0
2016-05-24 00:00:00+08:00,6.327454056563375,6.405091455836296,6.327454056563375,6.385682106018066,96071,0.0,0.0
2016-05-25 00:00:00+08:00,6.414796362123113,6.443910155472758,6.375977662486652,6.385682106018066,128528,0.0,0.0
2016-05-26 00:00:00+08:00,6.453615334500841,6.463319778442383,6.385682375888366,6.463319778442383,112360,0.0,0.0
2016-05-27 00:00:00+08:00,6.502138137817383,6.531252393621934,6.453614995150326,6.502138137817383,97991,0.0,0.0
2016-05-30 00:00:00+08:00,6.502138468735939,6.502138468735939,6.473024674205073,6.492434024810791,86255,0.0,0.0
2016-05-31 00:00:00+08:00,6.492434024810791,6.511843375416508,6.414796622387919,6.492434024810791,103729,0.0,0.0
2016-06-01 00:00:00+08:00,6.492433712828603,6.773869514465332,6.3274540092300935,6.773869514465332,358679,0.0,0.0
2016-06-02 00:00:00+08:00,6.7059369715635855,7.200876112791706,6.696232527508063,7.132943153381348,2134199,0.0,0.0
2016-06-03 00:00:00+08:00,7.113533703656466,7.132943054253199,6.9679633428032535,7.035896301269531,523333,0.0,0.0
2016-06-06 00:00:00+08:00,6.987372826751778,7.0844200443429814,6.95825903167876,7.0747151374816895,207296,0.0,0.0
2016-06-07 00:00:00+08:00,7.0747151374816895,7.0747151374816895,7.0747151374816895,7.0747151374816895,0,0.0,0.0
2016-06-08 00:00:00+08:00,7.618177213952296,7.6861101718124285,7.424083709716797,7.424083709716797,1424030,0.0,0.0
2016-06-13 00:00:00+08:00,7.297922829879502,7.327037087408337,7.18146672527501,7.191171169281006,572253,0.0,0.0
2016-06-14 00:00:00+08:00,7.191171169281006,7.239694777577256,7.055305713909099,7.191171169281006,771794,0.0,0.0
2016-06-15 00:00:00+08:00,7.191171474215215,7.443493507646494,7.123238975026367,7.210580825805664,285026,0.0,0.0
2016-06-16 00:00:00+08:00,7.2105807569174845,7.220285663997712,7.035896594272336,7.084420204162598,434012,0.0,0.0
2016-06-17 00:00:00+08:00,7.1329432162415545,7.162057474175547,7.0456013679504395,7.0456013679504395,326643,0.0,0.0
2016-06-20 00:00:00+08:00,7.045601475404199,7.229990081695048,7.006782309981695,7.113533973693848,272699,0.0,0.0
2016-06-21 00:00:00+08:00,7.132943325027381,7.229990081695048,7.0553059196932475,7.113533973693848,349590,0.0,0.0
2016-06-22 00:00:00+08:00,7.132943007394502,7.162057264476052,7.094124306456048,7.123238563537598,150062,0.0,0.0
2016-06-23 00:00:00+08:00,7.084420091982506,7.278513602959246,7.084420091982506,7.259104251861572,246560,0.0,0.0
2016-06-24 00:00:00+08:00,7.191171430315164,7.356151149204547,6.919440509707721,7.026191711425781,617047,0.0,0.0
2016-06-27 00:00:00+08:00,7.0261915657390706,7.0747151747905646,7.00678221466956,7.016487121582031,153052,0.0,0.0
2016-06-28 00:00:00+08:00,7.084420178071266,7.171762027694448,7.01648721702618,7.113533973693848,147044,0.0,0.0
2016-06-29 00:00:00+08:00,7.123238721949617,7.656996103101175,7.123238721949617,7.375560283660889,1123483,0.0,0.0
2016-06-30 00:00:00+08:00,7.47260721208909,7.47260721208909,7.278513698562921,7.356151103973389,295481,0.0,0.0
2016-07-01 00:00:00+08:00,7.375560102280214,7.53083536842403,7.365855658446147,7.424083709716797,338135,0.0,0.0
2016-07-04 00:00:00+08:00,7.443493035446175,7.676405239756076,7.394969428170572,7.453197479248047,429405,0.0,0.0
2016-07-05 00:00:00+08:00,7.443493378129855,7.482312080635308,7.336741714862141,7.414379119873047,155251,0.0,0.0
2016-07-06 00:00:00+08:00,7.424084065085267,7.47260721208909,7.288218605616948,7.356151103973389,80002,0.0,0.0
2016-07-07 00:00:00+08:00,7.356151019209151,7.375560370338116,7.229990005493164,7.229990005493164,211004,0.0,0.0
2016-07-08 00:00:00+08:00,7.229990005493164,7.229990005493164,7.229990005493164,7.229990005493164,0,0.0,0.0
2016-07-11 00:00:00+08:00,7.375560232949163,7.443493192012829,7.191171169281006,7.191171169281006,259227,0.0,0.0
2016-07-12 00:00:00+08:00,7.239694633604818,7.899613472084286,7.239694633604818,7.724928855895996,2642191,0.0,0.0
2016-07-13 00:00:00+08:00,7.783157490163331,7.802566378089508,7.492016304428503,7.521130561828613,978677,0.0,0.0
2016-07-14 00:00:00+08:00,7.521130461072405,8.268391609191895,7.482311760229238,8.268391609191895,4143843,0.0,0.0
2016-07-15 00:00:00+08:00,8.491598510851917,8.928309106307859,8.28780010957104,8.365437507629395,5742162,0.0,0.0
2016-07-18 00:00:00+08:00,8.365437898544394,8.50130381425089,8.258686702603395,8.268391609191895,1779706,0.0,0.0
2016-07-19 00:00:00+08:00,8.268391020719141,9.025356096042053,8.268391020719141,8.77303409576416,2998569,0.0,0.0
2016-07-20 00:00:00+08:00,8.908900371617486,8.908900371617486,8.569236055181257,8.70510196685791,1369851,0.0,0.0
2016-07-21 00:00:00+08:00,8.831262948108916,8.889490534732127,8.724510830115024,8.73421573638916,993981,0.0,0.0
2016-07-22 00:00:00+08:00,8.734216226113809,9.316497678059072,8.588646325882921,8.97683334350586,3924880,0.0,0.0
2016-07-25 00:00:00+08:00,9.122403147893023,9.20004055060192,8.792444649135632,9.151517868041992,1431285,0.0,0.0
2016-07-26 00:00:00+08:00,9.122402643821967,9.122402643821967,8.908900260925293,8.908900260925293,679575,0.0,0.0
2016-07-27 00:00:00+08:00,8.976832509718346,9.073879717865553,8.617759320390904,8.714805603027344,1076602,0.0,0.0
2016-07-28 00:00:00+08:00,8.743920517296964,8.743920517296964,8.365437507629395,8.365437507629395,1045836,0.0,0.0
2016-07-29 00:00:00+08:00,8.34602884828658,8.67598733627005,8.34602884828658,8.530417442321777,455507,0.0,0.0
2016-08-01 00:00:00+08:00,8.656578796313468,8.656578796313468,8.48189417615795,8.491599082946777,305750,0.0,0.0
2016-08-02 00:00:00+08:00,8.608055213640185,8.608055213640185,8.462485313415527,8.462485313415527,396315,0.0,0.0
2016-08-03 00:00:00+08:00,8.278095520439884,8.511008649044982,8.278095520439884,8.384847640991211,228014,0.0,0.0
2016-08-04 00:00:00+08:00,8.4236664009185,8.899195716967554,8.4236664009185,8.811853408813477,703249,0.0,0.0
2016-08-05 00:00:00+08:00,8.87978558499544,8.928309190617817,8.588645802282775,8.821557998657227,601445,0.0,0.0
2016-08-08 00:00:00+08:00,8.81185310425603,9.559114225515378,8.73421570536036,9.394134521484375,5469340,0.0,0.0
2016-08-09 00:00:00+08:00,9.219450510757156,9.219450510757156,8.763330068450339,8.889491081237793,2320065,0.0,0.0
2016-08-10 00:00:00+08:00,8.811852946594604,8.840966739281878,8.49159845050224,8.511008262634277,1301198,0.0,0.0
2016-08-11 00:00:00+08:00,8.501303788920232,8.73421599328524,8.297505378723145,8.297505378723145,824327,0.0,0.0
2016-08-12 00:00:00+08:00,8.355732988467203,8.501303810701422,8.171344390916857,8.239276885986328,641061,0.0,0.0
2016-08-15 00:00:00+08:00,8.151934626994601,8.278095636822075,8.151934626994601,8.181049346923828,368879,0.0,0.0
2016-08-16 00:00:00+08:00,8.346028710881995,8.346028710881995,8.200457893819511,8.219867706298828,572299,0.0,0.0
2016-08-17 00:00:00+08:00,8.21986800176023,8.30721031003506,8.181049300917062,8.268391609191895,159359,0.0,0.0
2016-08-18 00:00:00+08:00,8.326619465311051,8.336324372211458,8.248982061129524,8.316914558410645,211261,0.0,0.0
2016-08-19 00:00:00+08:00,8.355732667627523,8.355732667627523,8.20045787028186,8.248981475830078,402062,0.0,0.0
2016-08-22 00:00:00+08:00,8.25868649375642,8.25868649375642,8.006364481901182,8.045183181762695,555070,0.0,0.0
2016-08-23 00:00:00+08:00,8.045183181762695,8.1325254878288,8.045183181762695,8.045183181762695,236607,0.0,0.0
2016-08-24 00:00:00+08:00,8.064592803759876,8.734215591915303,8.045182991532664,8.423666000366211,936795,0.0,0.0
2016-08-25 00:00:00+08:00,8.413961107774306,9.025356311252217,8.375142408768285,8.967127799987793,2787373,0.0,0.0
2016-08-26 00:00:00+08:00,9.04476563897003,9.267973863270075,8.782739639282227,8.782739639282227,4357943,0.0,0.0
2016-08-29 00:00:00+08:00,8.79244460425708,9.345611327112199,8.627464892965055,9.238860130310059,4061916,0.0,0.0
2016-08-30 00:00:00+08:00,9.685275117900169,10.141395568847656,9.685275117900169,10.141395568847656,13036807,0.0,0.0
2016-08-31 00:00:00+08:00,10.092872249424545,10.335489379704086,9.801732433497818,10.189919471740723,6280339,0.0,0.0
2016-09-01 00:00:00+08:00,10.28696620093748,10.335488884258666,9.898778255791978,9.947301864624023,2333248,0.0,0.0
2016-09-02 00:00:00+08:00,9.995824970334708,9.995824970334708,9.62704685748813,9.704684257507324,1744303,0.0,0.0
2016-09-05 00:00:00+08:00,9.947302527470729,10.044349751601642,9.753209004719826,9.898778915405273,1319286,0.0,0.0
2016-09-06 00:00:00+08:00,9.995826139536184,9.995826139536184,9.753209004719826,9.898778915405273,703154,0.0,0.0
2016-09-07 00:00:00+08:00,9.99582527421378,10.092871564432631,9.75320816040039,9.75320816040039,1361450,0.0,0.0
2016-09-08 00:00:00+08:00,9.694978752729508,9.801730865300009,9.510590170442539,9.607636451721191,1866123,0.0,0.0
2016-09-09 00:00:00+08:00,9.656160377888703,9.898777477461339,9.627046585083008,9.627046585083008,1480604,0.0,0.0
2016-09-12 00:00:00+08:00,9.326201438903809,9.46206735461552,9.083584327247,9.326201438903809,1212558,0.0,0.0
2016-09-13 00:00:00+08:00,9.335906464969778,9.335906464969778,9.093289350208055,9.122403144836426,698003,0.0,0.0
2016-09-14 00:00:00+08:00,9.054470334691183,9.219450041045494,9.025356541073016,9.132107734680176,456256,0.0,0.0
2016-09-19 00:00:00+08:00,9.132107395502455,9.55911400509317,9.132107395502455,9.170926094055176,724201,0.0,0.0
2016-09-20 00:00:00+08:00,9.345610636038591,9.442656918997729,9.277678145416118,9.287382125854492,653455,0.0,0.0
2016-09-21 00:00:00+08:00,9.403838865601546,9.403838865601546,9.287382762757877,9.297087669372559,388339,0.0,0.0
2016-09-22 00:00:00+08:00,9.326201146274226,9.432953264380577,9.29708735293195,9.306792259216309,341094,0.0,0.0
2016-09-23 00:00:00+08:00,9.394134909637277,9.442657591818865,9.17092668445646,9.267973899841309,850160,0.0,0.0
2016-09-26 00:00:00+08:00,9.316497278438998,9.345611072134204,9.102993965148926,9.102993965148926,629002,0.0,0.0
2016-09-27 00:00:00+08:00,9.102993965148926,9.102993965148926,9.102993965148926,9.102993965148926,0,0.0,0.0
2016-09-28 00:00:00+08:00,9.102993965148926,9.102993965148926,9.102993965148926,9.102993965148926,0,0.0,0.0
2016-09-29 00:00:00+08:00,9.083584267503205,9.122402968092546,8.889490764556502,8.899195671081543,886035,0.0,0.0
2016-09-30 00:00:00+08:00,8.831262862506359,8.976832753164162,8.831262862506359,8.908900260925293,281482,0.0,0.0
2016-10-03 00:00:00+08:00,8.947718752377392,9.559113944863594,8.947718752377392,9.316496849060059,1456821,0.0,0.0
2016-10-04 00:00:00+08:00,9.316497554697673,9.52999994880784,9.180631637573242,9.180631637573242,841684,0.0,0.0
2016-10-05 00:00:00+08:00,9.180631046425244,9.219449745173966,9.093288742862924,9.112698554992676,353711,0.0,0.0
2016-10-06 00:00:00+08:00,9.141812685626904,9.141812685626904,9.02535658507564,9.04476547241211,469290,0.0,0.0
2016-10-07 00:00:00+08:00,9.035061884565549,9.035061884565549,8.918604853437058,8.94771957397461,378610,0.0,0.0
2016-10-11 00:00:00+08:00,8.928309444272955,8.928309444272955,8.307210236295527,8.355732917785645,1048009,0.0,0.0
2016-10-12 00:00:00+08:00,8.355732967058982,8.394551667786482,8.258686677995643,8.297505378723145,307100,0.0,0.0
2016-10-13 00:00:00+08:00,8.297505057729614,8.452779854632729,8.278095245361328,8.278095245361328,280618,0.0,0.0
2016-10-14 00:00:00+08:00,8.064593658808903,8.248982266963294,8.016070048606942,8.025774955749512,382442,0.0,0.0
2016-10-17 00:00:00+08:00,8.035478861016845,8.151934969088291,7.889908957305255,8.142230987548828,273576,0.0,0.0
2016-10-18 00:00:00+08:00,8.142230717934664,8.142230717934664,8.045183501666552,8.064593315124512,126502,0.0,0.0
2016-10-19 00:00:00+08:00,8.064592927469636,8.24898151890271,8.064592927469636,8.161639213562012,268274,0.0,0.0
2016-10-20 00:00:00+08:00,8.151934264733642,8.326618874502909,8.054887979148,8.248981475830078,251465,0.0,0.0
2016-10-21 00:00:00+08:00,8.25868680291414,8.76332992000474,8.22957208279501,8.608055114746094,2771200,0.0,0.0
2016-10-24 00:00:00+08:00,8.792444341414551,8.840967022276264,8.549827235062736,8.588645935058594,775364,0.0,0.0
2016-10-25 00:00:00+08:00,8.59835005254291,8.714806154380845,8.316914241723527,8.326619148254395,605064,0.0,0.0
2016-10-26 00:00:00+08:00,8.24898177143606,8.443075275073566,8.24898177143606,8.297505378723145,315536,0.0,0.0
2016-10-27 00:00:00+08:00,8.336324147819246,8.413961549910976,8.151934623718262,8.151934623718262,288323,0.0,0.0
2016-10-28 00:00:00+08:00,8.151934967023914,8.200458576752448,8.113116264343262,8.113116264343262,200911,0.0,0.0
2016-10-31 00:00:00+08:00,8.074297318656605,8.12282092692476,7.977251027631142,8.006364822387695,225174,0.0,0.0
2016-11-01 00:00:00+08:00,8.00636468703162,8.103411901927247,7.967545986175537,7.967545986175537,114213,0.0,0.0
2016-11-02 00:00:00+08:00,7.919022611295883,8.045183624160996,7.860795021057129,7.860795021057129,327285,0.0,0.0
2016-11-03 00:00:00+08:00,7.8802036589474405,7.909317453141878,7.715223949327573,7.724928855895996,360000,0.0,0.0
2016-11-04 00:00:00+08:00,7.695814940765039,7.734633643252079,7.686110496520996,7.686110496520996,155200,0.0,0.0
2016-11-07 00:00:00+08:00,7.7152240086753965,8.43337044106794,7.7152240086753965,8.181049346923828,1541645,0.0,0.0
2016-11-08 00:00:00+08:00,8.151934419870436,8.151934419870436,7.957840919494629,7.957840919494629,505530,0.0,0.0
2016-11-09 00:00:00+08:00,7.97725110033543,8.006364895357326,7.579358712074283,7.61817741394043,452007,0.0,0.0
2016-11-10 00:00:00+08:00,7.67640535769524,7.841385069660517,7.67640535769524,7.792861461639404,521631,0.0,0.0
2016-11-11 00:00:00+08:00,7.744338337447947,7.744338337447947,7.424083819352292,7.492016315460205,654673,0.0,0.0
2016-11-14 00:00:00+08:00,7.6764051932063335,7.6764051932063335,7.404674289825892,7.540539741516113,362001,0.0,0.0
2016-11-15 00:00:00+08:00,7.540540035535797,7.58906364440918,7.521130684537531,7.58906364440918,252215,0.0,0.0
2016-11-16 00:00:00+08:00,7.559949447345189,7.618177500808367,7.472607135772705,7.472607135772705,309153,0.0,0.0
2016-11-17 00:00:00+08:00,7.492016486927098,7.492016486927098,7.4046746381100474,7.472607135772705,277100,0.0,0.0
2016-11-18 00:00:00+08:00,7.501721439963624,7.7346336552470705,7.482312088690002,7.656996250152588,436088,0.0,0.0
2016-11-21 00:00:00+08:00,7.724928902246135,7.724928902246135,7.5890634487609185,7.63758659362793,254134,0.0,0.0
2016-11-22 00:00:00+08:00,7.686110325397106,7.8704989267275955,7.608472922151548,7.705519676208496,580326,0.0,0.0
2016-11-23 00:00:00+08:00,7.6958147694250885,7.792861523482037,7.666700974585717,7.705519676208496,187476,0.0,0.0
2016-11-24 00:00:00+08:00,7.6764054667396495,7.6764054667396495,7.598768063007356,7.61817741394043,202328,0.0,0.0
2016-11-25 00:00:00+08:00,7.64729169740398,7.695814843521932,7.579358737532331,7.58906364440918,211761,0.0,0.0
2016-11-28 00:00:00+08:00,7.647291671717754,7.695814817672723,7.579358712074283,7.61817741394043,228811,0.0,0.0
2016-11-29 00:00:00+08:00,7.647291694808328,7.880203906708474,7.637586787934774,7.8316802978515625,272705,0.0,0.0
2016-11-30 00:00:00+08:00,7.831680166044348,7.928727382124866,7.773452576804711,7.821976184844971,238430,0.0,0.0
2016-12-01 00:00:00+08:00,7.899613537204321,8.025774547101328,7.783157433955738,7.880203723907471,279190,0.0,0.0
2016-12-02 00:00:00+08:00,7.8802037489030035,7.948136244635779,7.783157458643446,7.851089954376221,161978,0.0,0.0
2016-12-05 00:00:00+08:00,7.579358628889935,7.860794908463845,7.579358628889935,7.763747692108154,98086,0.0,0.0
2016-12-06 00:00:00+08:00,7.812271142748089,7.812271142748089,7.734633278678054,7.7831573486328125,178787,0.0,0.0
2016-12-07 00:00:00+08:00,7.8510894536824125,8.481893539428711,7.7928609428314575,8.481893539428711,3498544,0.0,0.0
2016-12-08 00:00:00+08:00,8.491598591038022,8.918604284391183,8.462484797868914,8.821557998657227,7739848,0.0,0.0
2016-12-09 00:00:00+08:00,8.743921032102831,8.821558434732154,8.569236413431431,8.608055114746094,1372131,0.0,0.0
2016-12-12 00:00:00+08:00,8.56923658732736,8.588646401133998,8.346029281616211,8.346029281616211,1298207,0.0,0.0
2016-12-13 00:00:00+08:00,8.297505309314118,8.44307520444684,8.297505309314118,8.413961410522461,745567,0.0,0.0
2016-12-14 00:00:00+08:00,8.307210285282727,8.413961480905648,8.297505378723145,8.297505378723145,436671,0.0,0.0
2016-12-15 00:00:00+08:00,8.297505670120694,8.501304087474917,8.25868696802993,8.316914558410645,549084,0.0,0.0
2016-12-16 00:00:00+08:00,8.404256253930303,8.452779859367404,8.297505062377315,8.307209968566895,548926,0.0,0.0
2016-12-19 00:00:00+08:00,8.326619540929764,8.384848057350146,8.200458526611328,8.200458526611328,401126,0.0,0.0
2016-12-20 00:00:00+08:00,8.151934331101586,8.200457937044854,8.103411650669123,8.132525444030762,268047,0.0,0.0
2016-12-21 00:00:00+08:00,8.239276636697307,8.239276636697307,8.132525444030762,8.132525444030762,203993,0.0,0.0
2016-12-22 00:00:00+08:00,8.142230714875938,8.200458304206254,8.035478591918945,8.035478591918945,303345,0.0,0.0
2016-12-23 00:00:00+08:00,8.12282058148572,8.12282058148572,8.006364481901182,8.045183181762695,232206,0.0,0.0
2016-12-26 00:00:00+08:00,8.064593315124512,8.151934699152799,8.025774613719436,8.064593315124512,245304,0.0,0.0
2016-12-27 00:00:00+08:00,8.064593290070114,8.229572076396012,8.045183476672454,8.093707084655762,446274,0.0,0.0
2016-12-28 00:00:00+08:00,8.190753349847602,8.346029080017416,8.113115947518116,8.122820854187012,436238,0.0,0.0
2016-12-29 00:00:00+08:00,8.151935046559371,8.151935046559371,8.006365141464373,8.025774955749512,361007,0.0,0.0
2016-12-30 00:00:00+08:00,8.122820557354384,8.171344163414823,8.054888064176254,8.074296951293945,297224,0.0,0.0
2017-01-03 00:00:00+08:00,8.103411670236692,8.103411670236692,8.035478251547755,8.074296951293945,282004,0.0,0.0
2017-01-04 00:00:00+08:00,8.103411670236692,8.113115651040134,8.064592970490502,8.074296951293945,301010,0.0,0.0
2017-01-05 00:00:00+08:00,8.122820561627414,8.122820561627414,8.054888068413547,8.103411674499512,608113,0.0,0.0
2017-01-06 00:00:00+08:00,8.151934893802057,8.443075624047317,8.103412210020238,8.258687019348145,1946889,0.0,0.0
2017-01-09 00:00:00+08:00,8.258686469221452,8.365437662145773,8.074296951293945,8.074296951293945,751524,0.0,0.0
2017-01-10 00:00:00+08:00,8.103412016529589,8.132525811205683,8.064593315124512,8.064593315124512,502023,0.0,0.0
2017-01-11 00:00:00+08:00,8.074297512292892,8.239277229054625,8.045183716838137,8.200458526611328,623546,0.0,0.0
2017-01-12 00:00:00+08:00,8.248982186480982,8.297505796209515,8.113116264343262,8.113116264343262,641015,0.0,0.0
2017-01-13 00:00:00+08:00,8.113115922672398,8.181049343635788,8.084002128265707,8.151934623718262,225903,0.0,0.0
2017-01-16 00:00:00+08:00,8.171344757080078,8.346029381384538,8.151934943041416,8.171344757080078,1160051,0.0,0.0
2017-01-17 00:00:00+08:00,8.161639129221891,8.336323738098145,8.122820430083923,8.336323738098145,771481,0.0,0.0
2017-01-18 00:00:00+08:00,8.365438219383364,8.501304140300716,8.258687019348145,8.258687019348145,2571842,0.0,0.0
2017-01-19 00:00:00+08:00,8.336324447918305,8.336324447918305,8.200458526611328,8.200458526611328,613028,0.0,0.0
2017-01-20 00:00:00+08:00,8.26839167768793,8.26839167768793,8.122820854187012,8.122820854187012,435326,0.0,0.0
2017-01-23 00:00:00+08:00,8.132526104697218,8.181049714582425,8.084002494812012,8.084002494812012,368023,0.0,0.0
2017-01-24 00:00:00+08:00,8.103411674499512,8.171344167713379,8.084001861860804,8.103411674499512,293583,0.0,0.0
2017-02-02 00:00:00+08:00,8.103411941544058,8.307210353412557,8.103411941544058,8.151934623718262,924364,0.0,0.0
2017-02-03 00:00:00+08:00,8.2101625484552,8.90890004261394,8.161638944254731,8.685691833496094,6716450,0.0,0.0
2017-02-06 00:00:00+08:00,8.734215460685633,8.91860404651981,8.63716825202926,8.656578063964844,2083819,0.0,0.0
2017-02-07 00:00:00+08:00,8.656578722767131,8.802148621319402,8.549827525529523,8.608055114746094,959271,0.0,0.0
2017-02-08 00:00:00+08:00,8.627464869731647,9.27767880648196,8.598350149809688,9.267973899841309,5063671,0.0,0.0
2017-02-09 00:00:00+08:00,9.326200978025984,9.559114097094762,9.02535629272461,9.02535629272461,5885935,0.0,0.0
2017-02-10 00:00:00+08:00,9.054470520125546,9.141812828279624,8.763329801448897,8.811853408813477,1492330,0.0,0.0
2017-02-13 00:00:00+08:00,8.811853502441567,8.899195811523677,8.637168884277344,8.637168884277344,800802,0.0,0.0
2017-02-14 00:00:00+08:00,8.646873450275647,8.782739361884905,8.637168543979813,8.675987243652344,645063,0.0,0.0
2017-02-15 00:00:00+08:00,8.695397402017319,8.78273971113139,8.58864620505059,8.66628360748291,649283,0.0,0.0
2017-02-16 00:00:00+08:00,8.68569219801501,8.831263016725694,8.598349891890763,8.617759704589844,1434575,0.0,0.0
2017-02-17 00:00:00+08:00,8.627464635054451,8.705102035046167,8.540122328686067,8.588645935058594,708660,0.0,0.0
2017-02-20 00:00:00+08:00,8.743920642663296,8.831262948108916,8.705101943077555,8.73421573638916,823862,0.0,0.0
2017-02-21 00:00:00+08:00,8.821557722594804,8.87978530711084,8.646873118025159,8.74392032623291,968533,0.0,0.0
2017-02-22 00:00:00+08:00,8.850671532471225,8.860376438413471,8.685691833496094,8.685691833496094,858720,0.0,0.0
2017-02-23 00:00:00+08:00,8.646873135237874,8.792443947839278,8.637168229295625,8.685691833496094,665400,0.0,0.0
2017-02-24 00:00:00+08:00,8.646873135237874,8.811852834213003,8.637168229295625,8.685691833496094,449064,0.0,0.0
2017-03-01 00:00:00+08:00,8.802148795824731,9.02535702694234,8.705102503369526,8.860377311706543,1478474,0.0,0.0
2017-03-02 00:00:00+08:00,8.996242956979913,9.015651844673794,8.782739639282227,8.782739639282227,1017487,0.0,0.0
2017-03-03 00:00:00+08:00,8.80214841234939,9.015651727266711,8.743920824515188,8.98653793334961,1798184,0.0,0.0
2017-03-06 00:00:00+08:00,9.122403319397545,9.122403319397545,8.860377311706543,8.860377311706543,1844339,0.0,0.0
2017-03-07 00:00:00+08:00,8.870081877017244,8.976833072260225,8.792444475838563,8.899195671081543,633995,0.0,0.0
2017-03-08 00:00:00+08:00,8.957423007868314,8.957423007868314,8.792444229125977,8.792444229125977,627734,0.0,0.0
2017-03-09 00:00:00+08:00,8.860377136046816,8.860377136046816,8.578941320137808,8.608055114746094,880736,0.0,0.0
2017-03-10 00:00:00+08:00,8.54982696138757,8.578940754074845,8.423665959061672,8.511008262634277,453107,0.0,0.0
2017-03-13 00:00:00+08:00,8.472188905526231,8.637168611807777,8.472188905526231,8.559531211853027,264838,0.0,0.0
2017-03-14 00:00:00+08:00,8.559530843785273,9.365019527812148,8.52071214547714,9.316496849060059,9405860,0.0,0.0
2017-03-15 00:00:00+08:00,9.365019755849106,9.675570275386818,9.151517372710996,9.452362060546875,7820225,0.0,0.0
2017-03-16 00:00:00+08:00,9.462066860526134,9.656160354614258,9.365019650726682,9.656160354614258,4039758,0.0,0.0
2017-03-17 00:00:00+08:00,9.801732616785282,10.189919662287089,9.801732616785282,9.898778915405273,9888059,0.0,0.0
2017-03-20 00:00:00+08:00,9.947300756024571,9.947300756024571,9.617341363352766,9.636751174926758,2427637,0.0,0.0
2017-03-21 00:00:00+08:00,9.646455600518491,9.753207718081999,9.34561091131959,9.365019798278809,1737069,0.0,0.0
2017-03-22 00:00:00+08:00,9.22915490327815,9.36501988985363,9.151517503660504,9.219449996948242,1061149,0.0,0.0
2017-03-23 00:00:00+08:00,9.43295358544559,9.43295358544559,9.248564061809986,9.297087669372559,1003071,0.0,0.0
2017-03-24 00:00:00+08:00,9.29708730565534,9.529999502230774,9.23885971926688,9.365019798278809,1283659,0.0,0.0
2017-03-27 00:00:00+08:00,9.384429316804647,9.423248015017986,9.248563410302577,9.345610618591309,1497143,0.0,0.0
2017-03-28 00:00:00+08:00,9.481476445241032,9.529999123465974,9.287382030298218,9.520295143127441,2184229,0.0,0.0
2017-03-29 00:00:00+08:00,9.588228201476168,9.801731515264063,9.539704594863808,9.617341995239258,7549066,0.0,0.0
2017-03-30 00:00:00+08:00,9.43295297983111,9.442656960311941,9.190335883105595,9.200039863586426,2556087,0.0,0.0
2017-03-31 00:00:00+08:00,9.141812324523926,9.345610723816273,9.132107418483628,9.141812324523926,750689,0.0,0.0
2017-04-05 00:00:00+08:00,9.141812689591,9.267973696620611,9.073880195617676,9.073880195617676,597212,0.0,0.0
2017-04-06 00:00:00+08:00,9.093289306840768,9.365020214934933,9.093289306840768,9.238860130310059,871508,0.0,0.0
2017-04-07 00:00:00+08:00,9.316496884464156,9.316496884464156,9.132107372666729,9.200039863586426,604761,0.0,0.0
2017-04-10 00:00:00+08:00,9.209745250489897,9.209745250489897,8.928309440612793,8.928309440612793,644524,0.0,0.0
2017-04-11 00:00:00+08:00,8.976833441563631,9.073880659784882,8.802148818969727,8.802148818969727,550909,0.0,0.0
2017-04-12 00:00:00+08:00,8.831262948108916,8.879785628457991,8.73421573638916,8.73421573638916,717083,0.0,0.0
2017-04-13 00:00:00+08:00,8.734216273348883,9.102994404840473,8.734216273348883,8.889491081237793,834088,0.0,0.0
2017-04-14 00:00:00+08:00,8.782739088286624,8.860376485213138,8.54982689750708,8.627464294433594,697772,0.0,0.0
2017-04-17 00:00:00+08:00,8.540122369031756,8.734215869927993,8.44307515582823,8.472188949584961,497651,0.0,0.0
2017-04-18 00:00:00+08:00,8.588645935058594,8.714806015912023,8.540122328686067,8.588645935058594,283815,0.0,0.0
2017-04-19 00:00:00+08:00,8.540122716936791,8.637169008582944,8.462485313415527,8.462485313415527,412023,0.0,0.0
2017-04-20 00:00:00+08:00,8.462484694405731,8.59834967787433,8.34602859764231,8.394551277160645,494257,0.0,0.0
2017-04-21 00:00:00+08:00,8.39455189120128,8.481894201540415,8.39455189120128,8.462485313415527,219125,0.0,0.0
2017-04-24 00:00:00+08:00,8.462484717957732,8.462484717957732,8.365437507629395,8.365437507629395,122576,0.0,0.0
2017-04-25 00:00:00+08:00,8.375142730790351,8.520712626282355,8.326619123789408,8.355732917785645,913050,0.0,0.0
2017-04-26 00:00:00+08:00,8.394551277160645,8.491598487218889,8.394551277160645,8.394551277160645,207006,0.0,0.0
2017-04-27 00:00:00+08:00,8.355733189440647,8.481894201540415,8.355733189440647,8.462485313415527,152249,0.0,0.0
2017-04-28 00:00:00+08:00,8.53041767731886,9.287382812622315,8.45278027500624,9.238860130310059,3539674,0.0,0.0
2017-05-02 00:00:00+08:00,9.219449811219818,9.219449811219818,8.96712780479016,8.99624252319336,1252007,0.0,0.0
2017-05-03 00:00:00+08:00,8.938014371670883,9.044765566913865,8.75362577524922,8.899195671081543,664054,0.0,0.0
2017-05-04 00:00:00+08:00,8.89919533134913,9.20974492420843,8.840966819932616,8.938014030456543,1307152,0.0,0.0
2017-05-05 00:00:00+08:00,8.938014442876604,8.947719349478962,8.782739639282227,8.782739639282227,500422,0.0,0.0
2017-05-08 00:00:00+08:00,8.773034200427842,8.782739106441412,8.540122009166847,8.569235801696777,507401,0.0,0.0
2017-05-09 00:00:00+08:00,8.404256206658571,8.569235908910272,8.365437507629395,8.365437507629395,485456,0.0,0.0
2017-05-10 00:00:00+08:00,8.375142413764387,8.443074905687748,8.248981410541862,8.365437507629395,341088,0.0,0.0
2017-05-11 00:00:00+08:00,8.404256253930303,8.404256253930303,8.287800156187735,8.307209968566895,207945,0.0,0.0
2017-05-12 00:00:00+08:00,8.316914584159887,8.413961802442687,8.287800788879395,8.287800788879395,189125,0.0,0.0
2017-05-15 00:00:00+08:00,8.28780044764175,8.346028961316131,8.248981747029104,8.326619148254395,154159,0.0,0.0
2017-05-16 00:00:00+08:00,8.3460286208702,8.491598510851917,8.278095203436049,8.365437507629395,845007,0.0,0.0
2017-05-17 00:00:00+08:00,8.355733312422652,8.443075624047317,8.258687019348145,8.258687019348145,215820,0.0,0.0
2017-05-18 00:00:00+08:00,8.239276932449167,8.239276932449167,8.054888333859019,8.151934623718262,318307,0.0,0.0
2017-05-19 00:00:00+08:00,8.17134411982449,8.24898151890271,8.161639213562012,8.161639213562012,183970,0.0,0.0
2017-05-22 00:00:00+08:00,8.16163948433241,8.452780203290017,8.16163948433241,8.239276885986328,256945,0.0,0.0
2017-05-23 00:00:00+08:00,8.229571799289936,8.70510203090129,8.229571799289936,8.559531211853027,2370114,0.0,0.0
2017-05-24 00:00:00+08:00,8.55953157944688,8.55953157944688,8.48189417615795,8.491599082946777,335262,0.0,0.0
2017-05-25 00:00:00+08:00,8.491599057708921,8.637168957065304,8.491599057708921,8.520712852478027,429837,0.0,0.0
2017-05-26 00:00:00+08:00,8.51100855503372,8.60805484249563,8.501303648634286,8.530417442321777,163001,0.0,0.0
2017-05-31 00:00:00+08:00,8.530417833118635,8.627465050537301,8.404256820678711,8.404256820678711,126201,0.0,0.0
2017-06-01 00:00:00+08:00,8.41396172752275,8.530417833118635,8.404256820678711,8.404256820678711,196113,0.0,0.0
2017-06-02 00:00:00+08:00,8.413961386213444,8.61775979411695,8.413961386213444,8.443075180053711,458271,0.0,0.0
2017-06-05 00:00:00+08:00,8.51100882421486,8.67598761066904,8.51100882421486,8.608055114746094,436203,0.0,0.0
2017-06-06 00:00:00+08:00,8.646873198783776,8.646873198783776,8.520712197139709,8.569235801696777,351402,0.0,0.0
2017-06-07 00:00:00+08:00,8.598349915924448,8.782739435037882,8.569236122305258,8.588645935058594,1979240,0.0,0.0
2017-06-08 00:00:00+08:00,8.617760069056184,8.637168957065304,8.520712852478027,8.520712852478027,295142,0.0,0.0
2017-06-09 00:00:00+08:00,8.520712280032049,8.549826998355993,8.394551277160645,8.394551277160645,413683,0.0,0.0
2017-06-12 00:00:00+08:00,8.39455169279906,8.39455169279906,8.248981796014895,8.268391609191895,329280,0.0,0.0
2017-06-13 00:00:00+08:00,8.30721062629548,8.365438217021572,8.229572296142578,8.229572296142578,373794,0.0,0.0
2017-06-14 00:00:00+08:00,8.248981915420913,8.29750552355497,8.05488840839553,8.064593315124512,371382,0.0,0.0
2017-06-15 00:00:00+08:00,8.064593362913147,8.103412064548252,7.957841239283467,7.977251052856445,385071,0.0,0.0
2017-06-16 00:00:00+08:00,7.928727397451322,8.113115997747723,7.928727397451322,8.064593315124512,550501,0.0,0.0
2017-06-19 00:00:00+08:00,8.103411851109392,8.472189044174106,8.054888243965879,8.326619148254395,2458790,0.0,0.0
2017-06-20 00:00:00+08:00,8.346028986010229,8.413961480905648,8.24898177143606,8.297505378723145,592751,0.0,0.0
2017-06-21 00:00:00+08:00,8.248981842403685,8.258686749046761,8.181049346923828,8.181049346923828,316143,0.0,0.0
2017-06-22 00:00:00+08:00,8.219867701796291,8.24898149498852,8.142230302943144,8.190752983093262,505049,0.0,0.0
2017-06-23 00:00:00+08:00,8.142230667524803,8.248981864350139,8.122820854187012,8.122820854187012,307180,0.0,0.0
2017-06-26 00:00:00+08:00,8.122820557354384,8.171344163414823,8.074296951293945,8.074296951293945,364822,0.0,0.0
2017-06-27 00:00:00+08:00,8.103411991354593,8.29750549777698,8.093707084655762,8.093707084655762,523878,0.0,0.0
2017-06-28 00:00:00+08:00,8.151934350786325,8.229571750278705,8.054888064176254,8.074296951293945,793075,0.0,0.0
2017-06-29 00:00:00+08:00,8.10341225896651,8.346029381384538,8.10341225896651,8.171344757080078,1733955,0.0,0.0
2017-06-30 00:00:00+08:00,8.113116266397808,8.239277281519596,8.113116266397808,8.142230987548828,342034,0.0,0.0
2017-07-03 00:00:00+08:00,8.103411674499512,8.210162867479989,8.103411674499512,8.103411674499512,247939,0.0,0.0
2017-07-04 00:00:00+08:00,8.103411670236692,8.171344163414823,8.054888064176254,8.074296951293945,207649,0.0,0.0
2017-07-05 00:00:00+08:00,8.084002521102216,8.122821224034448,8.035478911059204,8.054888725280762,273633,0.0,0.0
2017-07-06 00:00:00+08:00,8.103412335323773,8.16163992696668,8.045183818169983,8.054888725280762,211182,0.0,0.0
2017-07-07 00:00:00+08:00,8.06459301858124,8.06459301858124,8.016069412231445,8.016069412231445,219471,0.0,0.0
2017-07-10 00:00:00+08:00,8.035478835342067,8.278095957760096,7.957841430209168,8.171344757080078,3383263,0.0,0.0
2017-07-11 00:00:00+08:00,8.122820605792343,8.151934399397895,8.016069412231445,8.016069412231445,354357,0.0,0.0
2017-07-12 00:00:00+08:00,8.016070048606942,8.054888751666335,8.006365141464373,8.025774955749512,243651,0.0,0.0
2017-07-13 00:00:00+08:00,8.054888725280762,8.093707428212994,8.00636511523775,8.054888725280762,326336,0.0,0.0
2017-07-14 00:00:00+08:00,8.035478861016845,8.142230987548828,8.035478861016845,8.142230987548828,182123,0.0,0.0
2017-07-17 00:00:00+08:00,8.151934699152799,8.190753400557876,8.064593315124512,8.064593315124512,185289,0.0,0.0
2017-07-18 00:00:00+08:00,8.064593265195317,8.132525760855907,8.064593265195317,8.122820854187012,117038,0.0,0.0
2017-07-19 00:00:00+08:00,8.122821224034448,8.219868444120472,8.035478911059204,8.054888725280762,284980,0.0,0.0
2017-07-20 00:00:00+08:00,8.151934967023914,8.21016348380033,8.08400246871049,8.113116264343262,395480,0.0,0.0
2017-07-21 00:00:00+08:00,8.103412335323773,8.103412335323773,8.035478911059204,8.054888725280762,176658,0.0,0.0
2017-07-24 00:00:00+08:00,7.977250708169538,8.045183201717983,7.977250708169538,7.986954689025879,248057,0.0,0.0
2017-07-25 00:00:00+08:00,7.996659940918573,8.093707157761763,7.977251052856445,7.977251052856445,228186,0.0,0.0
2017-07-26 00:00:00+08:00,7.986954689025879,8.045183201717983,7.977250708169538,7.986954689025879,238505,0.0,0.0
2017-07-27 00:00:00+08:00,7.986955327179235,8.103412361868296,7.986955327179235,8.025774955749512,456469,0.0,0.0
2017-07-28 00:00:00+08:00,8.054888108085136,8.054888108085136,7.967545801802385,7.986954689025879,77407,0.0,0.0
2017-07-31 00:00:00+08:00,7.899613380432129,7.977250781057093,7.889908473976303,7.899613380432129,331672,0.0,0.0
2017-08-01 00:00:00+08:00,7.9093173130229735,8.016069432362778,7.9093173130229735,7.957840919494629,189002,0.0,0.0
2017-08-02 00:00:00+08:00,7.986954895359994,8.016069615213597,7.909317493438721,7.909317493438721,388978,0.0,0.0
2017-08-03 00:00:00+08:00,7.909317493438721,7.986954895359994,7.909317493438721,7.909317493438721,386596,0.0,0.0
2017-08-04 00:00:00+08:00,7.957841101017225,7.957841101017225,7.909317493438721,7.909317493438721,298927,0.0,0.0
2017-08-07 00:00:00+08:00,7.909317568704425,7.957841176744684,7.802566371424529,7.821976184844971,915023,0.0,0.0
2017-08-08 00:00:00+08:00,7.85109016326671,7.870499051630689,7.7734527587890625,7.7734527587890625,469673,0.0,0.0
2017-08-09 00:00:00+08:00,7.841385169350005,7.841385169350005,7.647291660308838,7.647291660308838,390737,0.0,0.0
2017-08-10 00:00:00+08:00,7.550245119732489,7.598768266990022,7.278513736619629,7.2979230880737305,826966,0.0,0.0
2017-08-11 00:00:00+08:00,7.2688084891625255,7.424083756280219,7.103829240905319,7.3367414474487305,1210667,0.0,0.0
2017-08-14 00:00:00+08:00,7.288218718509022,7.288218718509022,6.938849925994873,6.938849925994873,489001,0.0,0.0
2017-08-15 00:00:00+08:00,6.958258909711485,7.132943065353942,6.958258909711485,7.006782054901123,298305,0.0,0.0
2017-08-16 00:00:00+08:00,7.006782335787092,7.12323890697263,6.997077891462304,7.084420204162598,259301,0.0,0.0
2017-08-17 00:00:00+08:00,7.181466847470876,7.307627860983473,7.123238794177854,7.259104251861572,410148,0.0,0.0
2017-08-18 00:00:00+08:00,7.249399465999463,7.327037334442139,7.191171411734037,7.327037334442139,147976,0.0,0.0
2017-08-21 00:00:00+08:00,7.327036992783631,7.404674394850647,7.259104034597282,7.365855693817139,121042,0.0,0.0
2017-08-22 00:00:00+08:00,7.365856011027416,7.462902767790501,7.356151103973389,7.356151103973389,268012,0.0,0.0
2017-08-23 00:00:00+08:00,7.433788324958216,7.511425728442569,7.346446477416032,7.404674530029297,328926,0.0,0.0
2017-08-24 00:00:00+08:00,7.424084015019728,7.511425864139781,7.424084015019728,7.443493366241455,300244,0.0,0.0
2017-08-25 00:00:00+08:00,7.462902375284658,7.569654033487246,7.462902375284658,7.482311725616455,296111,0.0,0.0
2017-08-28 00:00:00+08:00,7.482311871482827,7.579358625033719,7.472606964750026,7.492016315460205,201177,0.0,0.0
2017-08-29 00:00:00+08:00,7.569654181056341,7.569654181056341,7.472606964750026,7.492016315460205,164914,0.0,0.0
2017-08-30 00:00:00+08:00,7.74433813981832,7.74433813981832,7.5696539878845215,7.5696539878845215,232792,0.0,0.0
2017-08-31 00:00:00+08:00,7.569654330697267,7.647291735072758,7.5308356285095215,7.5308356285095215,212382,0.0,0.0
2017-09-01 00:00:00+08:00,7.569654158850261,7.618177304105649,7.54053990149269,7.5502448081970215,186874,0.0,0.0
2017-09-04 00:00:00+08:00,7.5502447551040115,7.5502447551040115,7.356150787181052,7.365855693817139,235003,0.0,0.0
2017-09-05 00:00:00+08:00,7.472607001170099,7.5017212587549755,7.375560247146219,7.433788299560547,351887,0.0,0.0
2017-09-06 00:00:00+08:00,7.356150896341443,7.5308355163398515,7.356150896341443,7.433788299560547,272094,0.0,0.0
2017-09-07 00:00:00+08:00,7.569653963564715,7.938432079217778,7.5502446134122065,7.5987677574157715,1606357,0.0,0.0
2017-09-08 00:00:00+08:00,7.618177207895117,7.705519516109355,7.569654063252531,7.695814609527588,316648,0.0,0.0
2017-09-11 00:00:00+08:00,7.860794700657676,7.889908494590399,7.754042580386321,7.8413848876953125,596051,0.0,0.0
2017-09-12 00:00:00+08:00,7.841384958184579,7.860794771321425,7.695814598946143,7.724928855895996,384731,0.0,0.0
2017-09-13 00:00:00+08:00,7.812271311486695,7.812271311486695,7.724929001743517,7.734633445739746,213023,0.0,0.0
2017-09-14 00:00:00+08:00,7.821976184844971,7.9966598780747224,7.783157483514932,7.821976184844971,1175866,0.0,0.0
2017-09-15 00:00:00+08:00,7.821976255271538,7.928727453512588,7.656996079000312,7.676405429840088,448883,0.0,0.0
2017-09-18 00:00:00+08:00,7.686110300247755,7.8025664047350425,7.686110300247755,7.734633445739746,295344,0.0,0.0
2017-09-19 00:00:00+08:00,7.715224020805844,7.812271236367514,7.598767917438345,7.60847282409668,289959,0.0,0.0
2017-09-20 00:00:00+08:00,7.618177439528865,7.6278823464057135,7.58906364440918,7.58906364440918,250133,0.0,0.0
2017-09-21 00:00:00+08:00,7.637586447469704,7.637586447469704,7.598767747216789,7.62788200378418,146023,0.0,0.0
2017-09-22 00:00:00+08:00,7.64729169740398,7.666701048402246,7.482311982540997,7.58906364440918,720505,0.0,0.0
2017-09-25 00:00:00+08:00,7.589063743903021,7.637586890657119,7.375560417367594,7.414379119873047,240888,0.0,0.0
2017-09-26 00:00:00+08:00,7.4143788749027095,7.492016277348483,7.3076276779174805,7.3076276779174805,258003,0.0,0.0
2017-09-27 00:00:00+08:00,7.375560272344951,7.404674530029297,7.317332219731687,7.404674530029297,104858,0.0,0.0
2017-09-28 00:00:00+08:00,7.365855803121544,7.5017212587549755,7.365855803121544,7.433788299560547,143140,0.0,0.0
2017-09-29 00:00:00+08:00,7.453197675829304,7.501721284384739,7.385265179158209,7.404674530029297,99235,0.0,0.0
2017-10-02 00:00:00+08:00,7.521130572903184,7.521130572903184,7.453197614039849,7.492016315460205,135242,0.0,0.0
2017-10-03 00:00:00+08:00,7.521130561828613,7.540539912510212,7.443493159102218,7.521130561828613,155188,0.0,0.0
2017-10-05 00:00:00+08:00,7.492016463566344,7.559949423772615,7.482312019397124,7.5308356285095215,173804,0.0,0.0
2017-10-06 00:00:00+08:00,7.492016351974875,7.521130609559751,7.404674504731096,7.433788299560547,161065,0.0,0.0
2017-10-11 00:00:00+08:00,7.462902410563896,7.501721111410997,7.424083709716797,7.424083709716797,430818,0.0,0.0
2017-10-12 00:00:00+08:00,7.5211307450364036,7.5211307450364036,7.4046746381100474,7.472607135772705,99062,0.0,0.0
2017-10-13 00:00:00+08:00,7.540540096190797,7.540540096190797,7.414379082309527,7.472607135772705,96481,0.0,0.0
2017-10-16 00:00:00+08:00,7.472607050564665,7.744338426383121,7.472607050564665,7.61817741394043,658576,0.0,0.0
2017-10-17 00:00:00+08:00,7.61817715300084,7.61817715300084,7.501721051391281,7.511425495147705,254488,0.0,0.0
2017-10-18 00:00:00+08:00,7.61817735213379,7.61817735213379,7.462902545928955,7.462902545928955,147474,0.0,0.0
2017-10-19 00:00:00+08:00,7.424084014989938,8.200458526611328,7.424084014989938,8.200458526611328,5179203,0.0,0.0
2017-10-20 00:00:00+08:00,8.151934943041416,8.171344757080078,7.957841430209168,8.171344757080078,3081538,0.0,0.0
2017-10-23 00:00:00+08:00,8.074297044310873,8.297505264555957,7.928727149963379,7.928727149963379,1118376,0.0,0.0
2017-10-24 00:00:00+08:00,7.948136194399357,7.977250914252961,7.88990860571382,7.909317493438721,426460,0.0,0.0
2017-10-25 00:00:00+08:00,7.977250914252961,7.977250914252961,7.860794811371051,7.909317493438721,348000,0.0,0.0
2017-10-26 00:00:00+08:00,7.938432099210689,8.44307520444684,7.880203585851106,8.413961410522461,1831893,0.0,0.0
2017-10-27 00:00:00+08:00,8.540122392974217,9.24856390460932,8.520712580074768,9.01565170288086,22326977,0.0,0.0
2017-10-30 00:00:00+08:00,8.938014347111169,9.161221643508847,8.74392084469779,8.928309440612793,10319401,0.0,0.0
2017-10-31 00:00:00+08:00,8.782739639282227,8.928309536274247,8.782739639282227,8.782739639282227,1710016,0.0,0.0
2017-11-01 00:00:00+08:00,8.918604925528708,9.141813157233237,8.792444837556294,8.802148818969727,2286792,0.0,0.0
2017-11-02 00:00:00+08:00,8.918604328043733,8.918604328043733,8.73421573638916,8.73421573638916,1039451,0.0,0.0
2017-11-03 00:00:00+08:00,8.811852922701798,8.831262734781207,8.46248463486945,8.540122032165527,1435200,0.0,0.0
2017-11-06 00:00:00+08:00,8.637168334350212,8.637168334350212,8.452779746758624,8.481893539428711,811263,0.0,0.0
2017-11-07 00:00:00+08:00,8.57894068476358,8.792443988937142,8.491598381896635,8.598349571228027,3673591,0.0,0.0
2017-11-08 00:00:00+08:00,8.928309631969762,8.928309631969762,8.598350208039717,8.608055114746094,762078,0.0,0.0
2017-11-09 00:00:00+08:00,8.63716837679547,8.8700814958331,8.316913879318363,8.394551277160645,2034867,0.0,0.0
2017-11-10 00:00:00+08:00,8.297505672610482,8.48189427621922,8.297505672610482,8.346029281616211,656286,0.0,0.0
2017-11-13 00:00:00+08:00,8.346029304951246,8.44307559772318,8.248982086668448,8.287800788879395,774214,0.0,0.0
2017-11-14 00:00:00+08:00,8.258686425165187,8.375142523782518,8.093706720746269,8.161639213562012,960126,0.0,0.0
2017-11-15 00:00:00+08:00,8.171344535192915,8.229572124706024,8.006364822387695,8.006364822387695,790623,0.0,0.0
2017-11-16 00:00:00+08:00,8.016069412231445,8.113115699420222,8.006364505859324,8.016069412231445,322006,0.0,0.0
2017-11-17 00:00:00+08:00,8.093706763922443,8.122820557354384,8.016069364430063,8.074296951293945,434791,0.0,0.0
2017-11-20 00:00:00+08:00,8.035478255774839,8.22957175460789,8.035478255774839,8.103411674499512,1124068,0.0,0.0
2017-11-21 00:00:00+08:00,8.22957175460789,8.22957175460789,8.074296955541449,8.103411674499512,428750,0.0,0.0
2017-11-22 00:00:00+08:00,8.122820807953827,8.31691431267281,8.103411920237345,8.210163116455078,1566070,0.0,0.0
2017-11-23 00:00:00+08:00,8.200457922952106,8.73421573638916,8.142230336328895,8.73421573638916,2355406,0.0,0.0
2017-11-24 00:00:00+08:00,9.112699214097146,9.597933446307648,8.87978607924786,9.064175605773926,14338752,0.0,0.0
2017-11-27 00:00:00+08:00,8.996242303859455,9.044764982326864,8.675986887807811,8.77303409576416,2075528,0.0,0.0
2017-11-28 00:00:00+08:00,8.85067243051837,8.91860492798544,8.685692714803318,8.831263542175293,1702038,0.0,0.0
2017-11-29 00:00:00+08:00,8.84096727477847,8.928309583641392,8.685692470360316,8.69539737701416,673958,0.0,0.0
2017-11-30 00:00:00+08:00,8.705102381853097,8.705102381853097,8.540122668920288,8.549827575683594,874158,0.0,0.0
2017-12-01 00:00:00+08:00,8.462485310654076,8.540122714150005,8.37514300034344,8.433370590209961,807180,0.0,0.0
2017-12-04 00:00:00+08:00,8.433370590209961,8.443075497024665,8.37514300034344,8.433370590209961,252326,0.0,0.0
2017-12-05 00:00:00+08:00,8.472189069241486,8.472189069241486,8.297505378723145,8.297505378723145,390874,0.0,0.0
2017-12-06 00:00:00+08:00,8.219868117656924,8.278095706987243,8.035478591918945,8.035478591918945,911665,0.0,0.0
2017-12-07 00:00:00+08:00,8.035478569973623,8.093707084655762,8.006364775387976,8.093707084655762,444857,0.0,0.0
2017-12-08 00:00:00+08:00,8.025774338759271,8.025774338759271,7.870498612947812,7.957840919494629,552943,0.0,0.0
2017-12-11 00:00:00+08:00,7.919022802262507,8.210163537009693,7.919022802262507,8.054888725280762,957382,0.0,0.0
2017-12-12 00:00:00+08:00,8.122820789599873,8.122820789599873,7.967545986175537,7.967545986175537,355019,0.0,0.0
2017-12-13 00:00:00+08:00,8.084002225412405,8.084002225412405,7.996659915631895,8.006364822387695,223931,0.0,0.0
2017-12-14 00:00:00+08:00,8.01607002234853,8.122821224034448,8.01607002234853,8.054888725280762,259754,0.0,0.0
2017-12-15 00:00:00+08:00,8.103411738909594,8.103411738909594,7.9190222194194675,7.957840919494629,220095,0.0,0.0
2017-12-18 00:00:00+08:00,8.006364822387695,8.04518352390005,7.977251027631142,8.006364822387695,179288,0.0,0.0
2017-12-19 00:00:00+08:00,7.948136037304664,7.98695473749805,7.919022243537328,7.928727149963379,253348,0.0,0.0
2017-12-20 00:00:00+08:00,7.889908449769993,8.05488815696959,7.889908449769993,7.928727149963379,300202,0.0,0.0
2017-12-21 00:00:00+08:00,7.957840919494629,8.016069432362778,7.928727125815961,7.957840919494629,177542,0.0,0.0
2017-12-22 00:00:00+08:00,7.996659755706787,8.025774475391925,7.977250868094192,7.996659755706787,226072,0.0,0.0
2017-12-25 00:00:00+08:00,8.035478858981957,8.21986839084821,8.01606997039707,8.113116264343262,368003,0.0,0.0
2017-12-26 00:00:00+08:00,8.190753119945597,8.210162932738585,7.957840919494629,7.957840919494629,261042,0.0,0.0
2017-12-27 00:00:00+08:00,7.957840875696589,8.054888088105775,7.957840875696589,8.045183181762695,307326,0.0,0.0
2017-12-28 00:00:00+08:00,8.074297640440587,8.103412361868296,8.016070048606942,8.025774955749512,228756,0.0,0.0
2017-12-29 00:00:00+08:00,8.103411718558913,8.132525512164465,8.016069412231445,8.016069412231445,221142,0.0,0.0
2018-01-02 00:00:00+08:00,8.01607002234853,8.122821224034448,7.977251319416297,8.054888725280762,3289503,0.0,0.0
2018-01-03 00:00:00+08:00,8.239276660927246,8.239276660927246,8.074296955541449,8.103411674499512,555343,0.0,0.0
2018-01-04 00:00:00+08:00,8.113115565397226,8.248981475830078,8.113115565397226,8.248981475830078,591989,0.0,0.0
2018-01-05 00:00:00+08:00,8.248982086668448,8.3072106027403,8.190753570596597,8.287800788879395,542798,0.0,0.0
2018-01-08 00:00:00+08:00,8.29750557472445,8.501303989735607,8.248981966291156,8.491599082946777,1584048,0.0,0.0
2018-01-09 00:00:00+08:00,8.549827279414767,8.89919558118983,8.501303672790527,8.501303672790527,7241195,0.0,0.0
2018-01-10 00:00:00+08:00,8.423666709373139,8.501304113795031,8.248982086668448,8.287800788879395,1002000,0.0,0.0
2018-01-11 00:00:00+08:00,8.248981842403685,8.31691433788354,8.161639533637677,8.181049346923828,406105,0.0,0.0
2018-01-12 00:00:00+08:00,8.16163975249661,8.384847983718622,8.151934845593292,8.346029281616211,1242822,0.0,0.0
2018-01-15 00:00:00+08:00,8.404256249222808,8.433370042264443,8.219867659278057,8.278095245361328,636408,0.0,0.0
2018-01-16 00:00:00+08:00,8.26839187741139,8.365438169911986,8.25868697050807,8.346029281616211,461003,0.0,0.0
2018-01-17 00:00:00+08:00,8.336324398020794,8.423666709373139,8.268391900529354,8.287800788879395,498195,0.0,0.0
2018-01-18 00:00:00+08:00,8.30721001143416,8.423666109777669,8.219867706298828,8.219867706298828,834035,0.0,0.0
2018-01-19 00:00:00+08:00,8.346029328616497,8.365438217021572,8.229572296142578,8.229572296142578,592509,0.0,0.0
2018-01-22 00:00:00+08:00,8.258686382041882,8.346028686926516,8.229571663406473,8.248981475830078,562402,0.0,0.0
2018-01-23 00:00:00+08:00,8.229572199529454,8.520712926274596,8.229572199529454,8.404256820678711,814145,0.0,0.0
2018-01-24 00:00:00+08:00,8.404256206658571,8.413961112793563,8.28780010957104,8.365437507629395,221876,0.0,0.0
2018-01-25 00:00:00+08:00,8.41396115540695,8.666283163129908,8.278095245361328,8.278095245361328,1535123,0.0,0.0
2018-01-26 00:00:00+08:00,8.394551347740723,8.394551347740723,8.229571644561055,8.307209968566895,298605,0.0,0.0
2018-01-29 00:00:00+08:00,8.346028416879912,8.831262605640124,8.346028416879912,8.77303409576416,5260591,0.0,0.0
2018-01-30 00:00:00+08:00,8.782739240940177,8.782739240940177,8.336323738098145,8.336323738098145,1915310,0.0,0.0
2018-01-31 00:00:00+08:00,8.336324424012098,8.423666735636763,8.22957229846601,8.258687019348145,1145745,0.0,0.0
2018-02-01 00:00:00+08:00,8.268391950020252,8.394552038827817,8.200458526611328,8.200458526611328,982105,0.0,0.0
2018-02-02 00:00:00+08:00,8.219868044681652,8.248981839088342,8.151934623718262,8.151934623718262,510311,0.0,0.0
2018-02-05 00:00:00+08:00,7.996659989353791,7.996659989353791,7.821976293693194,7.889908790588379,596444,0.0,0.0
2018-02-06 00:00:00+08:00,7.763747998748127,7.763747998748127,7.103829585446495,7.268808841705322,1538045,0.0,0.0
2018-02-07 00:00:00+08:00,7.317332132830233,7.521130545934041,7.268808524851071,7.278513431549072,661061,0.0,0.0
2018-02-08 00:00:00+08:00,7.297923126845727,7.472607290860691,7.239695072174072,7.239695072174072,2416270,0.0,0.0
2018-02-09 00:00:00+08:00,7.239695072174072,7.239695072174072,7.239695072174072,7.239695072174072,0,0.0,0.0
2018-02-12 00:00:00+08:00,6.9970776471977905,7.006782091183801,6.948554039001465,6.948554039001465,314110,0.0,0.0
2018-02-21 00:00:00+08:00,7.06501048763782,7.2493990850785535,7.00678197367658,7.152352333068848,504656,0.0,0.0
2018-02-22 00:00:00+08:00,7.171761771648168,7.346446390168816,7.1523524210075875,7.278513431549072,275064,0.0,0.0
2018-02-23 00:00:00+08:00,7.278513724509896,7.4143791844625575,7.278513724509896,7.327037334442139,231171,0.0,0.0
2018-02-26 00:00:00+08:00,7.433788509383856,7.433788509383856,7.297923049915537,7.356151103973389,150782,0.0,0.0
2018-02-27 00:00:00+08:00,7.3755600674138675,7.569654033487246,7.278513315754885,7.482311725616455,796038,0.0,0.0
2018-03-01 00:00:00+08:00,7.482311736164492,7.482311736164492,7.404674334727858,7.453197479248047,242082,0.0,0.0
2018-03-02 00:00:00+08:00,7.4531975397648225,7.4531975397648225,7.356150787181052,7.365855693817139,198082,0.0,0.0
2018-03-05 00:00:00+08:00,7.375560357003108,7.754042934711341,7.3076278595522695,7.5308356285095215,520875,0.0,0.0
2018-03-06 00:00:00+08:00,7.637586582912643,7.695814634324615,7.5987678819713285,7.666700839996338,287573,0.0,0.0
2018-03-07 00:00:00+08:00,7.676405382490202,8.093707117104486,7.579358628889935,7.763747692108154,828325,0.0,0.0
2018-03-08 00:00:00+08:00,7.763747531964801,7.860794746318692,7.744338181645105,7.754042625427246,386037,0.0,0.0
2018-03-09 00:00:00+08:00,7.754042625427246,7.812271139141746,7.676405224148464,7.754042625427246,360729,0.0,0.0
2018-03-12 00:00:00+08:00,7.8219759123430785,8.016069412231445,7.763747399621162,8.016069412231445,661349,0.0,0.0
2018-03-13 00:00:00+08:00,8.093707138427543,8.811853579716917,8.093707138427543,8.549827575683594,13937290,0.0,0.0
2018-03-14 00:00:00+08:00,8.404256869492578,8.511008994375324,8.268391874930337,8.316914558410645,2133450,0.0,0.0
2018-03-15 00:00:00+08:00,8.33632425159255,8.685692565354383,8.287800643303472,8.520712852478027,2102359,0.0,0.0
2018-03-16 00:00:00+08:00,8.714806061119878,8.714806061119878,8.394551553115035,8.501303672790527,821132,0.0,0.0
2018-03-19 00:00:00+08:00,8.375142780178146,8.598350077983572,8.297505378723145,8.297505378723145,1219316,0.0,0.0
2018-03-20 00:00:00+08:00,8.336323834257604,8.870081647694658,8.326618927983468,8.73421573638916,8851313,0.0,0.0
2018-03-21 00:00:00+08:00,8.831262623008302,8.831262623008302,8.598349508557154,8.714805603027344,1689302,0.0,0.0
2018-03-22 00:00:00+08:00,8.71480638602474,8.773034901246865,8.443075474513483,8.491599082946777,1010064,0.0,0.0
2018-03-23 00:00:00+08:00,8.258686382041882,8.375142480051128,8.151934264733642,8.248981475830078,895044,0.0,0.0
2018-03-26 00:00:00+08:00,8.248982136043168,8.297505745475007,8.132526028713274,8.200458526611328,851546,0.0,0.0
2018-03-27 00:00:00+08:00,8.355733263008666,8.511008996929174,8.26839187741139,8.346029281616211,872113,0.0,0.0
2018-03-28 00:00:00+08:00,8.346029381384538,8.346029381384538,8.171344757080078,8.171344757080078,420334,0.0,0.0
2018-03-29 00:00:00+08:00,8.190753303227762,8.346029032513783,8.190753303227762,8.210163116455078,354349,0.0,0.0
2018-03-30 00:00:00+08:00,8.365437920230264,8.365437920230264,8.181049322124938,8.210163116455078,418320,0.0,0.0
2018-04-02 00:00:00+08:00,8.239277281519596,8.248982188569935,8.142230987548828,8.142230987548828,324354,0.0,0.0
2018-04-03 00:00:00+08:00,8.074296951293945,8.200457956846764,8.064592970490502,8.074296951293945,296196,0.0,0.0
2018-04-09 00:00:00+08:00,8.084002326157119,8.093707233033864,7.860795021057129,7.860795021057129,431356,0.0,0.0
2018-04-10 00:00:00+08:00,7.889908470128748,7.986954758107219,7.860794676286289,7.8704986572265625,227042,0.0,0.0
2018-04-11 00:00:00+08:00,7.957841313292006,8.006364922164874,7.860795021057129,7.860795021057129,277283,0.0,0.0
2018-04-12 00:00:00+08:00,7.860794811371051,7.928727306674457,7.851089904753183,7.909317493438721,284035,0.0,0.0
2018-04-13 00:00:00+08:00,7.928727310022321,8.05488831957537,7.860794814690231,7.938432216644287,363662,0.0,0.0
2018-04-16 00:00:00+08:00,7.919022338177986,7.919022338177986,7.7831573486328125,7.7831573486328125,308002,0.0,0.0
2018-04-17 00:00:00+08:00,7.705519762127054,7.773452722102101,7.550244953904582,7.5599493980407715,704884,0.0,0.0
2018-04-18 00:00:00+08:00,7.5017210307547835,7.6764051826885815,7.5017210307547835,7.5696539878845215,193240,0.0,0.0
2018-04-19 00:00:00+08:00,7.58906347353543,7.763747628586679,7.58906347353543,7.60847282409668,238468,0.0,0.0
2018-04-20 00:00:00+08:00,7.5890636559602,7.647291709043627,7.550244953904582,7.5599493980407715,222005,0.0,0.0
2018-04-23 00:00:00+08:00,7.5599494820603965,7.802566603982117,7.404674672112234,7.686110496520996,1157098,0.0,0.0
2018-04-24 00:00:00+08:00,7.656995925821192,7.656995925821192,7.385265019500353,7.394969463348389,453064,0.0,0.0
2018-04-25 00:00:00+08:00,7.550244930672254,7.550244930672254,7.278513554363624,7.346446514129639,184435,0.0,0.0
2018-04-26 00:00:00+08:00,7.346446325311417,7.501721129065234,7.123238563537598,7.123238563537598,304435,0.0,0.0
2018-04-27 00:00:00+08:00,7.191171461903305,7.365856088673713,7.191171461903305,7.239695072174072,153135,0.0,0.0
2018-04-30 00:00:00+08:00,7.259104385165528,7.346446698086704,7.259104385165528,7.2979230880737305,63003,0.0,0.0
2018-05-02 00:00:00+08:00,7.375560137697807,7.375560137697807,7.307627642266877,7.365855693817139,189011,0.0,0.0
2018-05-03 00:00:00+08:00,7.356151103973389,7.482312119143118,7.22028564450507,7.356151103973389,1706453,0.0,0.0
2018-05-04 00:00:00+08:00,7.365855914276495,7.375560358447616,7.259104251861572,7.259104251861572,274713,0.0,0.0
2018-05-07 00:00:00+08:00,7.2591040918933505,7.346446401285846,7.249399185180664,7.249399185180664,178200,0.0,0.0
2018-05-08 00:00:00+08:00,7.249399221583252,7.278513479112087,7.191171169281006,7.191171169281006,301023,0.0,0.0
2018-05-09 00:00:00+08:00,7.191171303235234,7.229990005493164,7.181466859048468,7.229990005493164,103301,0.0,0.0
2018-05-10 00:00:00+08:00,7.239694889185682,7.394969697718747,7.239694889185682,7.2882184982299805,228032,0.0,0.0
2018-05-11 00:00:00+08:00,7.288218509885799,7.327037212081147,7.249399344935019,7.259104251861572,255669,0.0,0.0
2018-05-14 00:00:00+08:00,7.278513601533745,7.550244979603394,7.259104250439872,7.5308356285095215,924066,0.0,0.0
2018-05-15 00:00:00+08:00,7.559949299806976,7.705519662001722,7.424083844377746,7.462902545928955,349114,0.0,0.0
2018-05-16 00:00:00+08:00,7.521130659275063,7.666701022650828,7.375560295899299,7.61817741394043,999200,0.0,0.0
2018-05-17 00:00:00+08:00,7.589063383819043,7.754042630261605,7.327036922962083,7.482311725616455,2266065,0.0,0.0
2018-05-18 00:00:00+08:00,7.569653965020619,8.07429706908289,7.492016101640244,7.899613380432129,3607924,0.0,0.0
2018-05-21 00:00:00+08:00,7.957841173604683,7.957841173604683,7.792861461639404,7.792861461639404,977919,0.0,0.0
2018-05-22 00:00:00+08:00,7.860795082068324,7.957841375056421,7.744338512420654,7.744338512420654,802252,0.0,0.0
2018-05-23 00:00:00+08:00,7.783157441903349,7.831680124173344,7.598767917438345,7.60847282409668,310451,0.0,0.0
2018-05-24 00:00:00+08:00,7.66670106931315,8.365438169911986,7.618177460307419,8.346029281616211,6453893,0.0,0.0
2018-05-25 00:00:00+08:00,8.21016323670527,8.297505546485782,7.88020381109483,8.006364822387695,2745366,0.0,0.0
2018-05-28 00:00:00+08:00,7.967545825891123,8.161639326266931,7.938432032212455,7.957840919494629,832120,0.0,0.0
2018-05-29 00:00:00+08:00,7.957840856241617,8.181049074032734,7.88990836302775,8.103411674499512,1194560,0.0,0.0
2018-05-30 00:00:00+08:00,8.016069415986578,8.840967022276264,7.948135996860718,8.588645935058594,6390307,0.0,0.0
2018-05-31 00:00:00+08:00,8.734215869927993,8.83126308313152,8.452780062250746,8.472188949584961,3129971,0.0,0.0
2018-06-01 00:00:00+08:00,8.4721888200523,8.967127933903612,8.326618927983468,8.73421573638916,6184381,0.0,0.0
2018-06-04 00:00:00+08:00,8.646873769255777,8.90890069584454,8.637168862601934,8.69539737701416,2270543,0.0,0.0
2018-06-05 00:00:00+08:00,8.734215712687808,9.093288914259233,8.695397013207405,8.76332950592041,5460478,0.0,0.0
2018-06-06 00:00:00+08:00,8.74392034363881,8.850671532471225,8.685691833496094,8.685691833496094,1553415,0.0,0.0
2018-06-07 00:00:00+08:00,8.685692458553886,9.510591012792595,8.685692458553886,9.267973899841309,10462038,0.0,0.0
2018-06-08 00:00:00+08:00,9.219450950622559,10.189919471740723,8.860377708870146,10.189919471740723,16555820,0.0,0.0
2018-06-11 00:00:00+08:00,10.384012815588434,11.160387804480564,9.947302173558764,10.966294288635254,22860583,0.0,0.0
2018-06-12 00:00:00+08:00,10.917770754990197,11.354481400087625,10.72367723778144,10.820723533630371,9141110,0.0,0.0
2018-06-13 00:00:00+08:00,10.772200644734795,10.966294158272808,10.141395568847656,10.141395568847656,5869520,0.0,0.0
2018-06-14 00:00:00+08:00,10.141395172297477,10.481059501840557,9.75320816040039,9.75320816040039,4188614,0.0,0.0
2018-06-15 00:00:00+08:00,9.85025415116561,10.141394863992991,9.704684257507324,9.704684257507324,4021635,0.0,0.0
2018-06-19 00:00:00+08:00,9.704684207313939,9.898777706358057,9.219449996948242,9.219449996948242,3354386,0.0,0.0
2018-06-20 00:00:00+08:00,9.40383896093959,9.40383896093959,8.94771945155536,9.122403144836426,3286408,0.0,0.0
2018-06-21 00:00:00+08:00,9.141812385937738,9.898777477461339,9.141812385937738,9.627046585083008,4576964,0.0,0.0
2018-06-22 00:00:00+08:00,9.52029595326214,10.238442388027169,9.471772345397294,9.75320816040039,5696895,0.0,0.0
2018-06-25 00:00:00+08:00,9.685275291667216,10.384012878451244,9.588228995912505,9.850255012512207,5870101,0.0,0.0
2018-06-26 00:00:00+08:00,9.801732063293457,10.28696630552559,9.75320845396807,9.801732063293457,3085101,0.0,0.0
2018-06-27 00:00:00+08:00,9.850254246305333,10.09287135508636,9.559114456176758,9.559114456176758,1784902,0.0,0.0
2018-06-28 00:00:00+08:00,9.607636559321616,9.850253653501564,9.394134182811014,9.432952880859375,1879030,0.0,0.0
2018-06-29 00:00:00+08:00,9.56881815830697,9.801731279337952,9.442657154355835,9.452362060546875,2914052,0.0,0.0
2018-07-02 00:00:00+08:00,9.656160055115896,9.850253543183957,9.549408868056151,9.607636451721191,3349881,0.0,0.0
2018-07-03 00:00:00+08:00,9.75320747899569,9.850253762434436,9.219449680794884,9.229154586791992,1562581,0.0,0.0
2018-07-04 00:00:00+08:00,9.248564359415543,9.384430279860545,8.73421632392731,8.831263542175293,1879100,0.0,0.0
2018-07-05 00:00:00+08:00,8.889490810392472,9.31649744458778,8.78273961459906,8.811853408813477,3321429,0.0,0.0
2018-07-06 00:00:00+08:00,8.918604699369235,8.918604699369235,8.49159898614772,8.637168884277344,2036890,0.0,0.0
2018-07-09 00:00:00+08:00,8.811853228657073,8.811853228657073,8.569236122305258,8.588645935058594,544839,0.0,0.0
2018-07-10 00:00:00+08:00,8.69539762173029,8.976833444036401,8.559531701285287,8.831263542175293,1334014,0.0,0.0
2018-07-11 00:00:00+08:00,8.870081385816478,8.870081385816478,8.588645590751192,8.598349571228027,1114530,0.0,0.0
2018-07-12 00:00:00+08:00,8.61775983675139,9.073880261555944,8.61775983675139,8.928309440612793,10435336,0.0,0.0
2018-07-13 00:00:00+08:00,8.928309603230533,9.801731768265237,8.928309603230533,9.75320816040039,6552394,0.0,0.0
2018-07-16 00:00:00+08:00,9.753207954226733,9.801731561065836,9.365020025024736,9.529999732971191,4098826,0.0,0.0
2018-07-17 00:00:00+08:00,9.607636901089252,9.607636901089252,9.365019798278809,9.365019798278809,1234000,0.0,0.0
2018-07-18 00:00:00+08:00,9.4620673797788,9.55911459490394,9.27767878165403,9.297087669372559,834286,0.0,0.0
2018-07-19 00:00:00+08:00,9.326200829504014,9.510590340600732,9.297087037150606,9.316496849060059,698002,0.0,0.0
2018-07-20 00:00:00+08:00,9.432953216413077,9.70468411241775,9.33590600508458,9.365019798278809,3335265,0.0,0.0
2018-07-23 00:00:00+08:00,9.374724469392246,9.462066772295156,9.200039863586426,9.200039863586426,1027296,0.0,0.0
2018-07-24 00:00:00+08:00,9.22915490327815,9.306792302895797,9.200040184288428,9.219449996948242,522243,0.0,0.0
2018-07-25 00:00:00+08:00,9.238859510655523,9.365019586818784,9.170926094055176,9.170926094055176,781350,0.0,0.0
2018-07-26 00:00:00+08:00,9.258268720881746,9.40383861416645,9.180631321061796,9.190336227416992,934237,0.0,0.0
2018-07-27 00:00:00+08:00,9.2679738293708,9.462067333153842,9.219450222047332,9.384429931640625,4340280,0.0,0.0
2018-07-30 00:00:00+08:00,9.39413437112082,9.39413437112082,9.05447006225586,9.05447006225586,1007071,0.0,0.0
2018-07-31 00:00:00+08:00,9.122402553824537,9.200039951477537,9.035061175598,9.05447006225586,533500,0.0,0.0
2018-08-01 00:00:00+08:00,9.132108051549498,9.170926752890939,9.083584443494983,9.122403144836426,384010,0.0,0.0
2018-08-02 00:00:00+08:00,9.15151759601885,9.24856388376491,8.831263087986303,9.073880195617676,3121011,0.0,0.0
2018-08-03 00:00:00+08:00,9.102993989390413,9.141812689591,9.025356588989238,9.073880195617676,350251,0.0,0.0
2018-08-06 00:00:00+08:00,9.093289425984642,9.112699239572532,9.005947115860842,9.035061836242676,342818,0.0,0.0
2018-08-07 00:00:00+08:00,9.02535662993639,9.054470423841213,8.938014322711101,8.957423210144043,278038,0.0,0.0
2018-08-08 00:00:00+08:00,9.025356148993662,9.471771642292598,9.025356148993662,9.316496849060059,2023498,0.0,0.0
2018-08-09 00:00:00+08:00,9.384430050504466,9.384430050504466,9.151517843014735,9.180631637573242,1135324,0.0,0.0
2018-08-10 00:00:00+08:00,9.13210817649148,9.258269188954964,8.94771957397461,8.94771957397461,685590,0.0,0.0
2018-08-13 00:00:00+08:00,8.889491006180261,8.889491006180261,8.48189417615795,8.491599082946777,1369431,0.0,0.0
2018-08-14 00:00:00+08:00,8.50130406397136,8.627465076795259,8.268391852070714,8.375143051147461,555214,0.0,0.0
2018-08-15 00:00:00+08:00,8.472189393003672,8.472189393003672,8.248982086668448,8.287800788879395,732157,0.0,0.0
2018-08-16 00:00:00+08:00,8.229572224576412,8.375143051147461,8.17134463435668,8.375143051147461,607111,0.0,0.0
2018-08-17 00:00:00+08:00,8.384847686737729,8.49159888236065,8.297505378723145,8.297505378723145,480109,0.0,0.0
2018-08-20 00:00:00+08:00,8.26839202727362,8.443075727145132,8.05488869908524,8.084002494812012,681024,0.0,0.0
2018-08-21 00:00:00+08:00,8.113115764827958,8.56923618737596,8.113115764827958,8.443075180053711,1230075,0.0,0.0
2018-08-22 00:00:00+08:00,8.443074948448587,8.54012215926843,8.278095245361328,8.278095245361328,533000,0.0,0.0
2018-08-23 00:00:00+08:00,8.346028686926516,8.346028686926516,8.20045787028186,8.248981475830078,401306,0.0,0.0
2018-08-24 00:00:00+08:00,8.316914711647946,8.316914711647946,8.05488869908524,8.084002494812012,666100,0.0,0.0
2018-08-27 00:00:00+08:00,8.171344440280752,8.229572029117532,8.132525739219286,8.181049346923828,262117,0.0,0.0
2018-08-28 00:00:00+08:00,8.248982086668448,8.413961802442687,8.200458477527048,8.287800788879395,467130,0.0,0.0
2018-08-29 00:00:00+08:00,8.346029088018096,8.831263315797965,8.316914367983497,8.637168884277344,2152603,0.0,0.0
2018-08-30 00:00:00+08:00,8.569236511879552,8.685692617161449,8.443075499779784,8.462485313415527,562598,0.0,0.0
2018-08-31 00:00:00+08:00,8.4818941538513,8.588646277225969,8.355733142460867,8.549827575683594,301600,0.0,0.0
2018-09-03 00:00:00+08:00,8.549827696466087,8.617760193747207,8.316914558410645,8.316914558410645,424999,0.0,0.0
2018-09-04 00:00:00+08:00,8.394551642948818,8.423666362541422,8.316914241723527,8.326619148254395,311190,0.0,0.0
2018-09-05 00:00:00+08:00,8.39455198858178,8.39455198858178,8.287800788879395,8.287800788879395,241443,0.0,0.0
2018-09-06 00:00:00+08:00,8.268391331427665,8.316914011718453,8.161639213562012,8.161639213562012,262999,0.0,0.0
2018-09-07 00:00:00+08:00,8.161639538135923,8.219868052515633,7.783157433955738,7.880203723907471,659208,0.0,0.0
2018-09-10 00:00:00+08:00,7.880203909472797,7.880203909472797,7.297922916762743,7.3173322677612305,1370056,0.0,0.0
2018-09-11 00:00:00+08:00,7.424083650318242,7.55994910219606,7.356150693001627,7.511425495147705,402531,0.0,0.0
2018-09-12 00:00:00+08:00,7.579358524015238,7.579358524015238,7.3755601128969,7.394969463348389,426546,0.0,0.0
2018-09-13 00:00:00+08:00,7.327037065801401,7.569654181056341,7.327037065801401,7.492016315460205,398001,0.0,0.0
2018-09-14 00:00:00+08:00,7.589063582438813,7.6958147806798625,7.5308355299194885,7.676405429840088,459026,0.0,0.0
2018-09-17 00:00:00+08:00,7.676405492523665,7.70551975039878,7.58906364440918,7.58906364440918,186219,0.0,0.0
2018-09-18 00:00:00+08:00,7.569654033487246,7.579358477275437,7.482311725616455,7.482311725616455,208108,0.0,0.0
2018-09-19 00:00:00+08:00,7.511425474484511,7.598767781829116,7.511425474484511,7.5696539878845215,137003,0.0,0.0
2018-09-20 00:00:00+08:00,7.569654243811261,7.569654243811261,7.375560272344951,7.404674530029297,495002,0.0,0.0
2018-09-21 00:00:00+08:00,7.443493170062471,7.550244830346164,7.443493170062471,7.492016315460205,431435,0.0,0.0
2018-09-25 00:00:00+08:00,7.5211307450364036,7.5211307450364036,7.43378843346392,7.472607135772705,216126,0.0,0.0
2018-09-26 00:00:00+08:00,7.501721211147014,7.58906352059192,7.4531976030653055,7.521130561828613,165149,0.0,0.0
2018-09-27 00:00:00+08:00,7.5114254847762165,7.618177142481953,7.5114254847762165,7.540539741516113,159002,0.0,0.0
2018-09-28 00:00:00+08:00,7.540539731184516,7.598767781829116,7.52113038096965,7.5696539878845215,229443,0.0,0.0
2018-10-01 00:00:00+08:00,7.569654293410913,7.6375867905271315,7.569654293410913,7.58906364440918,108002,0.0,0.0
2018-10-02 00:00:00+08:00,7.647291388743988,7.656995832473715,7.550244637669655,7.5696539878845215,138023,0.0,0.0
2018-10-03 00:00:00+08:00,7.569653998256009,7.695814543447793,7.492016134534757,7.540539741516113,632003,0.0,0.0
2018-10-04 00:00:00+08:00,7.492016486927098,7.579358798499582,7.424083989264441,7.472607135772705,204406,0.0,0.0
2018-10-05 00:00:00+08:00,7.424083829769974,7.424083829769974,6.987372744045021,7.220285415649414,502023,0.0,0.0
2018-10-08 00:00:00+08:00,7.113533802514878,7.327037124801473,7.094124451648408,7.132943153381348,303061,0.0,0.0
2018-10-09 00:00:00+08:00,7.035896472651542,7.142648134911569,6.987372863600049,7.016487121582031,379882,0.0,0.0
2018-10-11 00:00:00+08:00,6.317749977111816,6.492434135542605,6.317749977111816,6.317749977111816,2042257,0.0,0.0
2018-10-12 00:00:00+08:00,5.842219809279367,6.5021381614410645,5.832515365812856,6.473024368286133,674064,0.0,0.0
2018-10-15 00:00:00+08:00,6.647708690595643,6.647708690595643,6.356568437600128,6.453615188598633,204009,0.0,0.0
2018-10-16 00:00:00+08:00,6.308044864948721,6.589480675749077,6.308044864948721,6.395387172698975,181104,0.0,0.0
2018-10-17 00:00:00+08:00,6.589480442475641,6.647708491329348,6.502138137817383,6.502138137817383,226338,0.0,0.0
2018-10-18 00:00:00+08:00,6.502138308256558,6.589480615204302,6.424500907749857,6.482728958129883,156151,0.0,0.0
2018-10-19 00:00:00+08:00,6.4245011021763885,6.502138505032653,6.317749904626736,6.434206008911133,192157,0.0,0.0
2018-10-22 00:00:00+08:00,6.327453991256263,6.550661743239837,6.327453991256263,6.502138137817383,154050,0.0,0.0
2018-10-23 00:00:00+08:00,6.424500942230225,6.589480650570118,6.346863541306843,6.424500942230225,334004,0.0,0.0
2018-10-24 00:00:00+08:00,6.424500798562697,6.783574001181291,6.366272749172281,6.686527252197266,700164,0.0,0.0
2018-10-25 00:00:00+08:00,6.51184348647936,6.589480890226376,6.278930812482879,6.317749977111816,500453,0.0,0.0
2018-10-26 00:00:00+08:00,6.337159065560053,6.414796466091287,6.2012931518749825,6.210998058319092,501531,0.0,0.0
2018-10-29 00:00:00+08:00,6.230407374166747,6.327454124296755,6.172179324088743,6.26922607421875,176239,0.0,0.0
2018-10-30 00:00:00+08:00,6.269226108717517,6.298339902539026,6.172179358053475,6.210998058319092,97205,0.0,0.0
2018-10-31 00:00:00+08:00,6.249817017455462,6.405091824949496,6.249817017455462,6.317749977111816,198082,0.0,0.0
2018-11-01 00:00:00+08:00,6.356568570570766,6.58948077783938,6.356568570570766,6.492434024810791,220101,0.0,0.0
2018-11-02 00:00:00+08:00,6.589480570392631,6.7059366703607255,6.502138264038858,6.570071220397949,773013,0.0,0.0
2018-11-05 00:00:00+08:00,6.521547478013162,6.63800403830772,6.521547478013162,6.531252384185791,173208,0.0,0.0
2018-11-06 00:00:00+08:00,6.6088899653309765,6.618594871772019,6.482728958129883,6.482728958129883,157001,0.0,0.0
2018-11-07 00:00:00+08:00,6.502138119112603,6.579775980116267,6.502138119112603,6.560366630554199,149048,0.0,0.0
2018-11-08 00:00:00+08:00,6.667117798057616,6.744755196029782,6.540956794975148,6.589480400085449,605504,0.0,0.0
2018-11-09 00:00:00+08:00,6.676822866627424,6.676822866627424,6.550661860475488,6.599185466766357,236165,0.0,0.0
2018-11-12 00:00:00+08:00,6.40509180175559,7.132943153381348,6.356568655967128,7.132943153381348,1140623,0.0,0.0
2018-11-13 00:00:00+08:00,6.938849252284085,7.006781745097035,6.696232148796916,6.715641498565674,1458673,0.0,0.0
2018-11-14 00:00:00+08:00,6.81268842044865,6.832097770710396,6.696232318878174,6.696232318878174,252000,0.0,0.0
2018-11-15 00:00:00+08:00,6.8126882138114055,6.851506913157478,6.735050815119259,6.773869514465332,173012,0.0,0.0
2018-11-16 00:00:00+08:00,6.812688986880077,6.909735746257623,6.812688986880077,6.822393894195557,276086,0.0,0.0
2018-11-19 00:00:00+08:00,6.8903260600029395,6.8903260600029395,6.812688656268551,6.832098007202148,110100,0.0,0.0
2018-11-20 00:00:00+08:00,6.812688223426124,6.919439878156183,6.744755268096924,6.744755268096924,159002,0.0,0.0
2018-11-21 00:00:00+08:00,6.696232798951384,7.016487332607919,6.696232798951384,6.938849925994873,1128246,0.0,0.0
2018-11-22 00:00:00+08:00,6.909735578762009,7.2105807569174845,6.909735578762009,7.084420204162598,3081093,0.0,0.0
2018-11-23 00:00:00+08:00,7.035896684261179,7.142648349731839,6.900031222688351,6.938849925994873,377895,0.0,0.0
2018-11-26 00:00:00+08:00,6.958259277648135,7.026191777056826,6.900031222688351,6.938849925994873,195031,0.0,0.0
2018-11-27 00:00:00+08:00,6.948554210520514,6.997077819914603,6.870916805694319,6.929144859313965,316001,0.0,0.0
2018-11-28 00:00:00+08:00,6.948554281572043,7.084420204162598,6.938849837247254,7.084420204162598,339536,0.0,0.0
2018-11-29 00:00:00+08:00,7.16205731152601,7.229989807236867,7.016486950672798,7.035896301269531,386491,0.0,0.0
2018-11-30 00:00:00+08:00,7.15235271498594,7.15235271498594,7.026191699258944,7.0553059577941895,129514,0.0,0.0
2018-12-03 00:00:00+08:00,7.200876076042426,7.229989870815836,7.13294311697876,7.191171169281006,408990,0.0,0.0
2018-12-04 00:00:00+08:00,7.278513640755772,7.336741694351167,7.1814668847634495,7.200876235961914,840483,0.0,0.0
2018-12-05 00:00:00+08:00,7.103829395310137,7.113533839415999,7.045601342408672,7.0747151374816895,197201,0.0,0.0
2018-12-06 00:00:00+08:00,7.084420307577001,7.084420307577001,6.900031235160016,6.909735679626465,261083,0.0,0.0
2018-12-07 00:00:00+08:00,6.909735337546573,6.977668296470345,6.870916636091682,6.948554039001465,207108,0.0,0.0
2018-12-10 00:00:00+08:00,6.938849668714646,6.938849668714646,6.822393563113064,6.832098007202148,99020,0.0,0.0
2018-12-11 00:00:00+08:00,6.948554409889548,6.958259317148994,6.880621910095215,6.880621910095215,70071,0.0,0.0
2018-12-12 00:00:00+08:00,6.977668238709735,7.1620573004718215,6.948553981481861,7.0650105476379395,730296,0.0,0.0
2018-12-13 00:00:00+08:00,7.1814668252130645,7.1814668252130645,7.035896461053965,7.0456013679504395,129020,0.0,0.0
2018-12-14 00:00:00+08:00,6.958259290225047,6.958259290225047,6.870916976249778,6.909735679626465,149180,0.0,0.0
2018-12-17 00:00:00+08:00,6.909735373931457,6.938849631553645,6.851507321442506,6.890326023101807,161143,0.0,0.0
2018-12-18 00:00:00+08:00,6.890325612503552,6.890325612503552,6.764164608251114,6.773869514465332,229237,0.0,0.0
2018-12-19 00:00:00+08:00,6.7932790454559315,6.880621352693525,6.725346088409424,6.725346088409424,145063,0.0,0.0
2018-12-20 00:00:00+08:00,6.647708552603656,6.754460207863784,6.638004109082954,6.686527252197266,160001,0.0,0.0
2018-12-21 00:00:00+08:00,6.628299260336554,6.676822866627424,6.511843160544954,6.599185466766357,197186,0.0,0.0
2018-12-24 00:00:00+08:00,6.599185466766357,6.6380041666968905,6.560366766835823,6.599185466766357,87017,0.0,0.0
2018-12-25 00:00:00+08:00,6.511843386416354,6.521547830357895,6.443910427803878,6.463319778442383,187005,0.0,0.0
2018-12-26 00:00:00+08:00,6.540956837053187,6.540956837053187,6.482728788199481,6.502138137817383,87051,0.0,0.0
2018-12-27 00:00:00+08:00,6.599185442832997,6.72534598577198,6.599185442832997,6.628299236297607,149938,0.0,0.0
2018-12-28 00:00:00+08:00,6.628299057547201,6.735050710467859,6.618594614239172,6.676822662353516,52118,0.0,0.0
2019-01-02 00:00:00+08:00,6.667118072509766,6.764164823969907,6.657413628741458,6.667118072509766,46002,0.0,0.0
2019-01-03 00:00:00+08:00,6.550661860475488,6.676822866627424,6.550661860475488,6.599185466766357,78047,0.0,0.0
2019-01-04 00:00:00+08:00,6.521547478013162,6.550661733775651,6.51184303459593,6.531252384185791,460001,0.0,0.0
2019-01-07 00:00:00+08:00,6.579775999044388,6.696232096751801,6.502138137817383,6.502138137817383,165123,0.0,0.0
2019-01-08 00:00:00+08:00,6.502138171069208,6.54095687050353,6.443910121917725,6.443910121917725,246009,0.0,0.0
2019-01-09 00:00:00+08:00,6.502138137817383,6.540956837053187,6.463319438581578,6.502138137817383,292467,0.0,0.0
2019-01-10 00:00:00+08:00,6.5700711167282355,6.5700711167282355,6.453615018597713,6.473024368286133,64302,0.0,0.0
2019-01-11 00:00:00+08:00,6.473024368286133,6.560366673261725,6.473024368286133,6.473024368286133,70443,0.0,0.0
2019-01-14 00:00:00+08:00,6.473024721537187,6.560367031279293,6.405091762542725,6.405091762542725,507017,0.0,0.0
2019-01-15 00:00:00+08:00,6.463319814785653,6.482729165533296,6.405091762542725,6.405091762542725,240634,0.0,0.0
2019-01-16 00:00:00+08:00,6.463319814785653,6.463319814785653,6.405091762542725,6.405091762542725,187152,0.0,0.0
2019-01-17 00:00:00+08:00,6.385682411795081,6.463319814785653,6.375977967798971,6.405091762542725,143050,0.0,0.0
2019-01-18 00:00:00+08:00,6.3953871379995295,6.50213833272018,6.3953871379995295,6.453615188598633,211074,0.0,0.0
2019-01-21 00:00:00+08:00,6.463319767524504,6.628299479050815,6.463319767524504,6.492434024810791,815264,0.0,0.0
2019-01-22 00:00:00+08:00,6.492434024810791,6.570071427233662,6.482729118130221,6.492434024810791,154227,0.0,0.0
2019-01-23 00:00:00+08:00,6.443910452890455,6.46331980360452,6.414796658197067,6.434206008911133,165133,0.0,0.0
2019-01-24 00:00:00+08:00,6.453615370789544,6.463319814785653,6.405091762542725,6.405091762542725,210007,0.0,0.0
2019-01-25 00:00:00+08:00,6.424500942230225,6.502138343153607,6.414796498492508,6.424500942230225,795062,0.0,0.0
2019-01-28 00:00:00+08:00,6.492433717974554,6.5021381614410645,6.443910112375803,6.473024368286133,135076,0.0,0.0
2019-01-29 00:00:00+08:00,6.473024710339265,6.4924340610533315,6.414796658197067,6.434206008911133,223066,0.0,0.0
2019-01-30 00:00:00+08:00,6.424500795903159,6.463319495480699,6.405091446114389,6.414796352386475,126056,0.0,0.0
2019-02-11 00:00:00+08:00,6.453615198954199,6.453615198954199,6.40509159199938,6.424500942230225,201945,0.0,0.0
2019-02-12 00:00:00+08:00,6.453615298860151,6.589480752579351,6.453615298860151,6.521547794342041,324727,0.0,0.0
2019-02-13 00:00:00+08:00,6.550661733775651,6.560366639948279,6.492433685006071,6.531252384185791,228255,0.0,0.0
2019-02-14 00:00:00+08:00,6.502138422453198,6.608890081402489,6.502138422453198,6.579776287078857,271022,0.0,0.0
2019-02-15 00:00:00+08:00,6.647708415985107,6.773869418449278,6.628299066587188,6.647708415985107,787022,0.0,0.0
2019-02-18 00:00:00+08:00,6.735050882130626,6.735050882130626,6.599185433067557,6.657413482666016,500156,0.0,0.0
2019-02-19 00:00:00+08:00,6.72534598577198,6.735050892097119,6.599185442832997,6.628299236297607,290023,0.0,0.0
2019-02-20 00:00:00+08:00,6.6282993964189325,6.667118097146434,6.618594952614765,6.638004302978516,278695,0.0,0.0
2019-02-21 00:00:00+08:00,6.667117859885932,6.773869514465332,6.589480461193786,6.773869514465332,924107,0.0,0.0
2019-02-22 00:00:00+08:00,6.890326156900867,7.045601429308692,6.851507454487771,6.929144859313965,6107397,0.0,0.0
2019-02-25 00:00:00+08:00,6.997077782142225,7.006782226315394,6.880621675531599,6.987372875213623,997057,0.0,0.0
2019-02-26 00:00:00+08:00,6.948554236603512,6.948554236603512,6.8709168314858875,6.900031089782715,611535,0.0,0.0
2019-02-27 00:00:00+08:00,6.967963626521052,6.967963626521052,6.822393722496023,6.841803073883057,337095,0.0,0.0
2019-03-04 00:00:00+08:00,6.812688644939541,6.861212253570557,6.75446059223558,6.861212253570557,410117,0.0,0.0
2019-03-05 00:00:00+08:00,6.861212228235044,7.026191478909359,6.822393526575744,6.890326023101807,1304057,0.0,0.0
2019-03-06 00:00:00+08:00,6.890326327938122,6.9776686419133895,6.890326327938122,6.909735679626465,228541,0.0,0.0
2019-03-07 00:00:00+08:00,6.938849792341527,7.132943305135588,6.8709168314858875,6.900031089782715,1257417,0.0,0.0
2019-03-08 00:00:00+08:00,6.9000311885450305,7.239695072174072,6.9000311885450305,7.239695072174072,2721105,0.0,0.0
2019-03-11 00:00:00+08:00,7.249399200205263,7.521130572903184,7.249399200205263,7.492016315460205,3221684,0.0,0.0
2019-03-12 00:00:00+08:00,7.569654217949403,7.569654217949403,7.346446452316768,7.433788299560547,1285206,0.0,0.0
2019-03-13 00:00:00+08:00,7.385265296022482,7.744338524197295,7.385265296022482,7.715224266052246,2194744,0.0,0.0
2019-03-14 00:00:00+08:00,8.093706678484416,8.346028686926516,8.054887979148,8.248981475830078,6162285,0.0,0.0
2019-03-15 00:00:00+08:00,8.24898149498852,8.33632380007601,8.113115584240116,8.190752983093262,1914508,0.0,0.0
2019-03-18 00:00:00+08:00,8.210163072510312,8.248981773246333,7.986954849145074,7.996659755706787,1585081,0.0,0.0
2019-03-19 00:00:00+08:00,8.210162734522049,8.511008346974398,8.016069238832207,8.336323738098145,2852471,0.0,0.0
2019-03-20 00:00:00+08:00,8.32661924118007,8.32661924118007,8.151934623718262,8.151934623718262,969331,0.0,0.0
2019-03-21 00:00:00+08:00,8.161639602815761,8.200458304206254,8.016069703979122,8.035478591918945,1125852,0.0,0.0
2019-03-22 00:00:00+08:00,8.103412064548252,8.122820952610379,7.763747731107939,7.977251052856445,1307135,0.0,0.0
2019-03-25 00:00:00+08:00,7.783157189075186,8.093706787967289,7.763747376389025,8.045183181762695,1541332,0.0,0.0
2019-03-26 00:00:00+08:00,8.054888478983461,8.122820975659952,7.919022560119629,7.919022560119629,834616,0.0,0.0
2019-03-27 00:00:00+08:00,7.938432616484064,8.151935019855902,7.938432616484064,8.054888725280762,1134125,0.0,0.0
2019-03-28 00:00:00+08:00,8.103412013485443,8.229572098871413,8.006364797253786,8.035478591918945,2958985,0.0,0.0
2019-03-29 00:00:00+08:00,8.084002273914692,8.084002273914692,7.899613672002427,7.919022560119629,832548,0.0,0.0
2019-04-01 00:00:00+08:00,7.91902231325803,7.9869548078168435,7.802566211652568,7.8122711181640625,547066,0.0,0.0
2019-04-02 00:00:00+08:00,7.821976154224374,7.86079485540245,7.540539876550196,7.5793585777282715,1569479,0.0,0.0
2019-04-03 00:00:00+08:00,7.666700692280318,8.025774363202252,7.579358385467494,7.928727149963379,1574405,0.0,0.0
2019-04-08 00:00:00+08:00,7.977250917621315,8.064593226197337,7.870498795801361,7.938432216644287,1731669,0.0,0.0
2019-04-09 00:00:00+08:00,7.860794790199016,8.248981798759852,7.860794790199016,7.967545986175537,4120393,0.0,0.0
2019-04-10 00:00:00+08:00,8.09370703815782,8.278095636822075,8.035478523810202,8.181049346923828,2767129,0.0,0.0
2019-04-11 00:00:00+08:00,8.18104911851426,8.20045800574769,8.016069412231445,8.016069412231445,1205337,0.0,0.0
2019-04-12 00:00:00+08:00,8.035478528238915,8.10341194926705,7.880203723907471,7.880203723907471,834400,0.0,0.0
2019-04-15 00:00:00+08:00,7.880203909299761,7.957841313292006,7.841385207303638,7.860795021057129,738780,0.0,0.0
2019-04-16 00:00:00+08:00,7.870498553018679,8.646873474121094,7.870498553018679,8.646873474121094,5999782,0.0,0.0
2019-04-17 00:00:00+08:00,8.743921080403446,9.083584487405293,8.346029158352536,8.520712852478027,6985844,0.0,0.0
2019-04-18 00:00:00+08:00,8.734215982849355,9.08358428897943,8.71480616975338,8.840967178344727,10687110,0.0,0.0
2019-04-19 00:00:00+08:00,8.928309210089822,8.976832815818025,8.724510806440007,8.76332950592041,2188279,0.0,0.0
2019-04-22 00:00:00+08:00,8.87008134435572,8.87008134435572,8.646873135237874,8.685691833496094,1311356,0.0,0.0
2019-04-23 00:00:00+08:00,8.734216176632167,8.734216176632167,8.540122668920288,8.549827575683594,1332192,0.0,0.0
2019-04-24 00:00:00+08:00,8.627464312267415,8.714805689857204,8.540122009166847,8.569235801696777,915498,0.0,0.0
2019-04-25 00:00:00+08:00,8.666283604311941,8.850672203643523,8.637168884277344,8.637168884277344,1065317,0.0,0.0
2019-04-26 00:00:00+08:00,8.637169031870483,8.637169031870483,8.404256820678711,8.404256820678711,941156,0.0,0.0
2019-04-29 00:00:00+08:00,8.326618621460048,8.811852811174552,8.297504829220191,8.714805603027344,1819553,0.0,0.0
2019-04-30 00:00:00+08:00,8.55953155400712,8.71480636012349,8.47218924418895,8.520712852478027,776121,0.0,0.0
2019-05-02 00:00:00+08:00,8.443074845682927,8.540122055321552,8.404256146929633,8.511008262634277,264026,0.0,0.0
2019-05-03 00:00:00+08:00,8.60805454676212,8.734215549088017,8.452779751748945,8.511008262634277,1157292,0.0,0.0
2019-05-06 00:00:00+08:00,8.511008791345287,8.588646193674773,8.122820854187012,8.122820854187012,1465036,0.0,0.0
2019-05-07 00:00:00+08:00,8.122820718377037,8.511008649044982,8.122820718377037,8.384847640991211,905053,0.0,0.0
2019-05-08 00:00:00+08:00,8.30721065246355,8.336324447918305,8.171344731156573,8.200458526611328,829004,0.0,0.0
2019-05-09 00:00:00+08:00,8.472189294722543,8.792444741136329,8.37514300307639,8.462485313415527,4902337,0.0,0.0
2019-05-10 00:00:00+08:00,8.530417144219376,8.879785432792756,8.452779746758624,8.481893539428711,9292193,0.0,0.0
2019-05-13 00:00:00+08:00,8.35573311786995,8.666283654805852,8.34602913664605,8.578941345214844,3274000,0.0,0.0
2019-05-14 00:00:00+08:00,8.511008575275024,8.559531256365972,8.394551549226467,8.472188949584961,1208533,0.0,0.0
2019-05-15 00:00:00+08:00,8.50130366885251,8.58864597563352,8.472188949584961,8.472188949584961,1530196,0.0,0.0
2019-05-16 00:00:00+08:00,8.501304216660657,8.511009123708538,8.054888673077722,8.113116264343262,1705071,0.0,0.0
2019-05-17 00:00:00+08:00,8.248981820977418,8.258686727595286,7.909317493438721,7.909317493438721,930360,0.0,0.0
2019-05-20 00:00:00+08:00,7.95784119525991,7.96754610199271,7.492016315460205,7.492016315460205,1358002,0.0,0.0
2019-05-21 00:00:00+08:00,7.492016097986723,7.8704986572265625,7.48231165429104,7.8704986572265625,786236,0.0,0.0
2019-05-22 00:00:00+08:00,7.948136219424768,8.054888341535765,7.880203723907471,7.880203723907471,2543111,0.0,0.0
2019-05-23 00:00:00+08:00,7.773452498962662,7.899613508399644,7.637586582912643,7.666700839996338,842001,0.0,0.0
2019-05-24 00:00:00+08:00,7.734633198101989,7.783157267551245,7.62788200378418,7.62788200378418,410111,0.0,0.0
2019-05-27 00:00:00+08:00,7.724929101397047,7.724929101397047,7.530835591414379,7.58906364440918,229000,0.0,0.0
2019-05-28 00:00:00+08:00,7.656996067802309,7.763747728642665,7.59876801536814,7.705519676208496,382150,0.0,0.0
2019-05-29 00:00:00+08:00,7.705519516109355,7.841384968966178,7.569654063252531,7.695814609527588,655002,0.0,0.0
2019-05-30 00:00:00+08:00,7.754042560127205,8.054888181682058,7.754042560127205,7.899613380432129,1670637,0.0,0.0
2019-05-31 00:00:00+08:00,7.919022560119629,8.016069777238203,7.8802038583743705,7.919022560119629,904242,0.0,0.0
2019-06-03 00:00:00+08:00,7.821976367965308,7.899613772442955,7.754042944914218,7.7734527587890625,394000,0.0,0.0
2019-06-04 00:00:00+08:00,7.841384936863364,7.841384936863364,7.773452442090778,7.7831573486328125,137519,0.0,0.0
2019-06-05 00:00:00+08:00,7.870499025636171,7.919022634652154,7.8025665283203125,7.8025665283203125,202097,0.0,0.0
2019-06-06 00:00:00+08:00,7.831680051616156,7.831680051616156,7.637586547801851,7.724928855895996,392270,0.0,0.0
2019-06-10 00:00:00+08:00,7.72492876478478,7.754042558635836,7.579358407263264,7.5987677574157715,631720,0.0,0.0
2019-06-11 00:00:00+08:00,7.618177304105649,7.676405356065369,7.5502448081970215,7.5502448081970215,475629,0.0,0.0
2019-06-12 00:00:00+08:00,7.579358531500671,7.72492889140831,7.579358531500671,7.666700839996338,344450,0.0,0.0
2019-06-13 00:00:00+08:00,7.686110373583901,7.73463351953887,7.61817741394043,7.61817741394043,204264,0.0,0.0
2019-06-14 00:00:00+08:00,7.627882139055023,7.754042685736588,7.627882139055023,7.666700839996338,401074,0.0,0.0
2019-06-17 00:00:00+08:00,7.676405589521518,7.715224292008559,7.627882442790435,7.686110496520996,199738,0.0,0.0
2019-06-18 00:00:00+08:00,7.656996115806576,7.7540428704719435,7.61817741394043,7.61817741394043,476085,0.0,0.0
2019-06-19 00:00:00+08:00,7.715224266052246,7.7734527823423445,7.647291768306188,7.715224266052246,327022,0.0,0.0
2019-06-20 00:00:00+08:00,7.744338341388101,7.812271300286,7.705519639947994,7.763747692108154,629298,0.0,0.0
2019-06-21 00:00:00+08:00,7.773452710188138,7.909317704419138,7.763747803311393,7.860795021057129,903139,0.0,0.0
2019-06-24 00:00:00+08:00,7.909317568704425,7.938432288835086,7.802566371424529,7.821976184844971,539385,0.0,0.0
2019-06-25 00:00:00+08:00,7.821976391665615,7.821976391665615,7.715224266052246,7.715224266052246,305276,0.0,0.0
2019-06-26 00:00:00+08:00,7.76374770323928,7.812271311486695,7.724929001743517,7.734633445739746,387191,0.0,0.0
2019-06-27 00:00:00+08:00,7.7734528084945556,7.7734528084945556,7.676405589521518,7.686110496520996,335745,0.0,0.0
2019-06-28 00:00:00+08:00,7.705519639947994,7.880203796428475,7.705519639947994,7.763747692108154,925507,0.0,0.0
2019-07-01 00:00:00+08:00,7.8607948830733,7.880203770975239,7.773452573737465,7.792861461639404,347217,0.0,0.0
2019-07-02 00:00:00+08:00,7.821976135038598,7.899613537204321,7.802566321741749,7.880203723907471,348499,0.0,0.0
2019-07-03 00:00:00+08:00,7.909317568704425,7.919022475414645,7.792861464714308,7.821976184844971,392000,0.0,0.0
2019-07-04 00:00:00+08:00,7.831679936724505,7.93843205638943,7.831679936724505,7.928727149963379,661000,0.0,0.0
2019-07-05 00:00:00+08:00,7.909317628029674,7.977251049999921,7.909317628029674,7.948136329650879,552000,0.0,0.0
2019-07-08 00:00:00+08:00,7.996659599487202,8.142230418536586,7.996659599487202,8.016069412231445,1075000,0.0,0.0
2019-07-09 00:00:00+08:00,8.025774635899298,8.04518352390005,7.9869550088760946,8.006364822387695,363000,0.0,0.0
2019-07-10 00:00:00+08:00,8.05488869908524,8.171344807503207,8.035478884926805,8.084002494812012,805000,0.0,0.0
2019-07-11 00:00:00+08:00,8.113116266397808,8.171344783188971,8.113116266397808,8.142230987548828,730062,0.0,0.0
2019-07-12 00:00:00+08:00,8.171344143683216,8.239276636697307,8.103411650669123,8.132525444030762,740383,0.0,0.0
2019-07-15 00:00:00+08:00,8.190753669704565,8.190753669704565,8.064593580125603,8.113116264343262,411026,0.0,0.0
2019-07-16 00:00:00+08:00,8.113115922672398,8.248981839088342,8.054888333859019,8.151934623718262,1120636,0.0,0.0
2019-07-17 00:00:00+08:00,8.200457937044854,8.229571730406493,8.132525444030762,8.132525444030762,776012,0.0,0.0
2019-07-18 00:00:00+08:00,8.190753375111534,8.190753375111534,8.093707084655762,8.093707084655762,362121,0.0,0.0
2019-07-19 00:00:00+08:00,8.103411851109392,8.491598857235843,8.103411851109392,8.326619148254395,2905600,0.0,0.0
2019-07-22 00:00:00+08:00,8.491598404609778,8.617759406253846,8.44307480005271,8.569235801696777,1839492,0.0,0.0
2019-07-23 00:00:00+08:00,8.71480638602474,8.792444714824525,8.47218926936912,8.491599082946777,2088417,0.0,0.0
2019-07-24 00:00:00+08:00,8.491598766363515,8.559531260330962,8.462484972593298,8.501303672790527,605140,0.0,0.0
2019-07-25 00:00:00+08:00,8.559530941942807,8.559530941942807,8.472188638370202,8.511008262634277,463103,0.0,0.0
2019-07-26 00:00:00+08:00,8.491598722313542,8.608054822301117,8.462484928694352,8.588645935058594,421429,0.0,0.0
2019-07-29 00:00:00+08:00,8.685692130529281,8.918604328043733,8.685692130529281,8.73421573638916,2015750,0.0,0.0
2019-07-30 00:00:00+08:00,8.608054588970788,8.68569198685806,8.307209903535302,8.423666000366211,1168102,0.0,0.0
2019-07-31 00:00:00+08:00,8.423666000366211,8.472188679912666,8.297504997421695,8.423666000366211,463001,0.0,0.0
2019-08-01 00:00:00+08:00,8.355733260501408,8.472189366773698,8.297505670120694,8.316914558410645,266003,0.0,0.0
2019-08-02 00:00:00+08:00,8.287800521938056,8.287800521938056,7.88990860571382,7.909317493438721,1028151,0.0,0.0
2019-08-05 00:00:00+08:00,7.880203588109217,7.948136082455845,7.8413848876953125,7.8413848876953125,181090,0.0,0.0
2019-08-06 00:00:00+08:00,7.647291566104374,7.909317568704425,7.3949695447037005,7.821976184844971,750239,0.0,0.0
2019-08-07 00:00:00+08:00,7.93843242243894,7.95784131067519,7.792861595868205,7.8316802978515625,246940,0.0,0.0
2019-08-08 00:00:00+08:00,7.8316801161761855,7.986954920507629,7.8316801161761855,7.880203723907471,270363,0.0,0.0
2019-08-12 00:00:00+08:00,7.899613356196044,8.025774363202252,7.870498636917891,7.928727149963379,791047,0.0,0.0
2019-08-13 00:00:00+08:00,7.860794703862931,7.860794703862931,7.530835287454789,7.5696539878845215,1268001,0.0,0.0
2019-08-14 00:00:00+08:00,7.666700934607234,7.715224080004968,7.492016315460205,7.492016315460205,605216,0.0,0.0
2019-08-15 00:00:00+08:00,7.327037398103801,7.375560545702201,7.210580825805664,7.210580825805664,632408,0.0,0.0
2019-08-16 00:00:00+08:00,7.229989956890321,7.424083929630626,7.229989956890321,7.3173322677612305,1555041,0.0,0.0
2019-08-19 00:00:00+08:00,7.385265107057421,7.550244819228722,7.385265107057421,7.521130561828613,498300,0.0,0.0
2019-08-20 00:00:00+08:00,7.521130401659541,7.61817715300084,7.472606794611186,7.511425495147705,839672,0.0,0.0
2019-08-21 00:00:00+08:00,7.540539912510212,7.58906352059192,7.511425655110102,7.521130561828613,371626,0.0,0.0
2019-08-22 00:00:00+08:00,7.540539923613363,7.666700934607234,7.492016315460205,7.492016315460205,1029000,0.0,0.0
2019-08-23 00:00:00+08:00,7.492016351974875,7.492016351974875,7.424083855535872,7.433788299560547,288151,0.0,0.0
2019-08-26 00:00:00+08:00,7.278513591318948,7.385265253563147,7.278513591318948,7.2882184982299805,334024,0.0,0.0
2019-08-27 00:00:00+08:00,7.327036888860053,7.618177142481953,7.327036888860053,7.540539741516113,1797473,0.0,0.0
2019-08-28 00:00:00+08:00,7.608472698738929,7.695814543447793,7.521130391274653,7.540539741516113,1034391,0.0,0.0
2019-08-29 00:00:00+08:00,7.618177315236608,7.618177315236608,7.521130561828613,7.521130561828613,232389,0.0,0.0
2019-08-30 00:00:00+08:00,7.550244819228722,7.666700923318316,7.521130561828613,7.521130561828613,319541,0.0,0.0
2019-09-02 00:00:00+08:00,7.579358507078882,7.695814609527588,7.559949156670765,7.695814609527588,1306396,0.0,0.0
2019-09-03 00:00:00+08:00,7.74433813981832,7.74433813981832,7.5696539878845215,7.5696539878845215,271001,0.0,0.0
2019-09-04 00:00:00+08:00,7.598767917438345,7.656995969122095,7.5793585668770955,7.60847282409668,281001,0.0,0.0
2019-09-05 00:00:00+08:00,7.656996067802309,7.705519676208496,7.5696542205287685,7.705519676208496,950242,0.0,0.0
2019-09-06 00:00:00+08:00,7.715224083930309,7.792861486810523,7.6958147332102556,7.763747692108154,585415,0.0,0.0
2019-09-10 00:00:00+08:00,7.792861434207687,7.792861434207687,7.550244783222425,7.5793585777282715,487803,0.0,0.0
2019-09-11 00:00:00+08:00,7.530835263259698,7.686110064479763,7.530835263259698,7.5987677574157715,183643,0.0,0.0
2019-09-12 00:00:00+08:00,7.647291500254583,7.666700850752471,7.5793585421342655,7.63758659362793,195333,0.0,0.0
2019-09-16 00:00:00+08:00,7.63758659362793,7.724928902246135,7.627882149756695,7.63758659362793,569102,0.0,0.0
2019-09-17 00:00:00+08:00,7.627882405528418,7.744338512420654,7.598768147427642,7.744338512420654,505152,0.0,0.0
2019-09-18 00:00:00+08:00,7.76374746658303,7.957840968145442,7.76374746658303,7.899613380432129,2207530,0.0,0.0
2019-09-19 00:00:00+08:00,7.899613425745866,7.9869548078168435,7.8122711181640625,7.8122711181640625,632086,0.0,0.0
2019-09-20 00:00:00+08:00,7.792861735850164,8.132526078439026,7.792861735850164,8.113116264343262,1385025,0.0,0.0
2019-09-23 00:00:00+08:00,8.151934626994601,8.181049346923828,7.98695491610566,8.181049346923828,1063776,0.0,0.0
2019-09-24 00:00:00+08:00,8.210162867479989,8.210162867479989,8.064592974732902,8.103411674499512,1178808,0.0,0.0
2019-09-25 00:00:00+08:00,8.113115741549219,8.50130366885251,7.928727147075499,8.472188949584961,3959261,0.0,0.0
2019-09-26 00:00:00+08:00,8.58864620190803,8.724511193359454,8.30721038681614,8.637168884277344,5137188,0.0,0.0
2019-09-27 00:00:00+08:00,8.578941228186897,8.860377041079415,8.404256611387805,8.782739639282227,10407118,0.0,0.0
2019-10-01 00:00:00+08:00,8.821557895916182,8.821557895916182,8.423666000366211,8.423666000366211,4603177,0.0,0.0
2019-10-02 00:00:00+08:00,8.355732852917805,8.569236166757973,8.336323965574598,8.501303672790527,3464287,0.0,0.0
2019-10-03 00:00:00+08:00,8.423666612015458,9.005947138449866,8.36543809661659,8.97683334350586,10395191,0.0,0.0
2019-10-04 00:00:00+08:00,9.112699034065209,9.112699034065209,8.811853408813477,8.811853408813477,12984313,0.0,0.0
2019-10-07 00:00:00+08:00,8.840966667853646,8.928308970720591,8.588645590751192,8.598349571228027,2421317,0.0,0.0
2019-10-08 00:00:00+08:00,8.695397547423854,8.695397547423854,8.375143025657454,8.404256820678711,1323196,0.0,0.0
2019-10-09 00:00:00+08:00,8.375142480051128,8.394551366963938,8.210162776493663,8.248981475830078,1403265,0.0,0.0
2019-10-14 00:00:00+08:00,8.278095496357317,8.549827324687605,8.278095496357317,8.413961410522461,1637223,0.0,0.0
2019-10-15 00:00:00+08:00,8.394551459993687,8.443075066079652,8.074296955541449,8.103411674499512,1682020,0.0,0.0
2019-10-16 00:00:00+08:00,8.151935019855902,8.200458629898913,8.054888725280762,8.054888725280762,797370,0.0,0.0
2019-10-17 00:00:00+08:00,8.064593083597787,8.472188973893978,8.0354783642467,8.443075180053711,1692523,0.0,0.0
2019-10-18 00:00:00+08:00,8.39455169279906,8.42366641256456,8.248981796014895,8.268391609191895,773048,0.0,0.0
2019-10-21 00:00:00+08:00,8.346028663139537,8.452779854632729,8.278095245361328,8.278095245361328,661095,0.0,0.0
2019-10-22 00:00:00+08:00,8.297505062377315,8.394551347740723,8.278095249998158,8.307209968566895,676121,0.0,0.0
2019-10-23 00:00:00+08:00,8.375143076815304,8.627465103236409,8.336324374712893,8.346029281616211,2033165,0.0,0.0
2019-10-24 00:00:00+08:00,8.37514307430222,8.433370664682935,8.3072105770211,8.316914558410645,575159,0.0,0.0
2019-10-25 00:00:00+08:00,8.346028686926516,8.40425627317574,8.248981475830078,8.248981475830078,595000,0.0,0.0
2019-10-28 00:00:00+08:00,8.268391288253685,8.384847386262932,8.229571663406473,8.248981475830078,503500,0.0,0.0
2019-10-29 00:00:00+08:00,8.268392054163483,8.32661964580639,8.035478911059204,8.054888725280762,795106,0.0,0.0
2019-10-30 00:00:00+08:00,8.084001861860804,8.15193435507467,8.054888068413547,8.103411674499512,384246,0.0,0.0
2019-10-31 00:00:00+08:00,8.132525654548608,8.142230561090642,7.7637475355487435,7.7831573486328125,691423,0.0,0.0
2019-11-01 00:00:00+08:00,7.831679846502557,8.132525463668633,7.812270959384865,8.074296951293945,560200,0.0,0.0
2019-11-04 00:00:00+08:00,8.05488843065585,8.11311602016896,8.006364822387695,8.006364822387695,336000,0.0,0.0
2019-11-05 00:00:00+08:00,8.016069502313295,8.025774408794476,7.8219760002437715,7.8413848876953125,910000,0.0,0.0
2019-11-06 00:00:00+08:00,7.8413849121877215,7.909317406746535,7.773452417628908,7.8122711181640625,506000,0.0,0.0
2019-11-07 00:00:00+08:00,7.9578409889370265,7.977250801899389,7.8413848876953125,7.8413848876953125,689000,0.0,0.0
2019-11-08 00:00:00+08:00,7.89961356226142,7.909317543429787,7.841385047697012,7.851089954376221,361640,0.0,0.0
2019-11-11 00:00:00+08:00,7.841384994232254,7.851089900845292,7.666700839996338,7.666700839996338,578000,0.0,0.0
2019-11-12 00:00:00+08:00,7.7637478753755165,7.860795094022058,7.715224266052246,7.715224266052246,380000,0.0,0.0
2019-11-13 00:00:00+08:00,7.734633299709004,7.841384958184579,7.724928855895996,7.724928855895996,332000,0.0,0.0
2019-11-14 00:00:00+08:00,7.841385106230804,7.86079491973411,7.724929001743517,7.734633445739746,515000,0.0,0.0
2019-11-15 00:00:00+08:00,7.734633605468584,7.841385268164185,7.734633605468584,7.744338512420654,482088,0.0,0.0
2019-11-18 00:00:00+08:00,7.763747399621162,8.239276705725363,7.763747399621162,8.016069412231445,2512000,0.0,0.0
2019-11-19 00:00:00+08:00,7.996660158326362,8.287800891260417,7.996660158326362,8.142230987548828,2055000,0.0,0.0
2019-11-20 00:00:00+08:00,8.248981912322083,8.248981912322083,8.035478591918945,8.035478591918945,720000,0.0,0.0
2019-11-21 00:00:00+08:00,7.996659575558102,8.093706787967289,7.957840875696589,8.045183181762695,410000,0.0,0.0
2019-11-22 00:00:00+08:00,8.045183363004519,8.16163946521258,7.996659755706787,7.996659755706787,433719,0.0,0.0
2019-11-25 00:00:00+08:00,8.025774613719436,8.113115997747723,8.006364800261474,8.064593315124512,333000,0.0,0.0
2019-11-26 00:00:00+08:00,8.151934577747962,8.375142801636098,8.084002082678493,8.239276885986328,1424000,0.0,0.0
2019-11-27 00:00:00+08:00,8.258686771019034,8.394551762340216,8.122820854187012,8.122820854187012,980000,0.0,0.0
2019-11-28 00:00:00+08:00,8.132526104697218,8.190753696150763,8.05488869908524,8.084002494812012,429000,0.0,0.0
2019-11-29 00:00:00+08:00,8.103411718558913,8.103411718558913,7.948135993137408,8.016069412231445,567663,0.0,0.0
2019-12-02 00:00:00+08:00,7.977251127045497,8.025774735918365,7.860795021057129,7.860795021057129,818000,0.0,0.0
2019-12-03 00:00:00+08:00,7.860794680119646,8.064593088137883,7.83167996075217,7.899613380432129,2085000,0.0,0.0
2019-12-04 00:00:00+08:00,7.928727324082249,8.151934623718262,7.928727324082249,8.151934623718262,1462000,0.0,0.0
2019-12-05 00:00:00+08:00,8.30721062629548,8.30721062629548,8.151934891500543,8.229572296142578,701000,0.0,0.0
2019-12-06 00:00:00+08:00,8.19075305484128,8.375142572865785,8.103411674499512,8.103411674499512,1750205,0.0,0.0
2019-12-09 00:00:00+08:00,8.181048960052278,8.346028663139537,8.132525354642357,8.278095245361328,3457000,0.0,0.0
2019-12-10 00:00:00+08:00,8.50130401517616,8.617760120458057,8.462485313415527,8.462485313415527,5709000,0.0,0.0
2019-12-11 00:00:00+08:00,8.491598857235843,8.491598857235843,8.326619148254395,8.326619148254395,1355000,0.0,0.0
2019-12-12 00:00:00+08:00,8.287800838486465,8.491599257691496,8.200458526611328,8.200458526611328,1071000,0.0,0.0
2019-12-13 00:00:00+08:00,8.278095905421567,8.316914607742584,8.181049612374458,8.229572296142578,820270,0.0,0.0
2019-12-16 00:00:00+08:00,8.239276527497829,8.365437531073923,8.239276527497829,8.336323738098145,544000,0.0,0.0
2019-12-17 00:00:00+08:00,8.384847637292705,8.423666337791294,8.336324030291761,8.355732917785645,818000,0.0,0.0
2019-12-18 00:00:00+08:00,8.34602859764231,8.443074882189768,8.34602859764231,8.394551277160645,772000,0.0,0.0
2019-12-19 00:00:00+08:00,8.48189425022421,8.569236561064667,8.375143051147461,8.375143051147461,1664000,0.0,0.0
2019-12-20 00:00:00+08:00,8.452779769897461,8.559530960320522,8.413961071060823,8.452779769897461,948728,0.0,0.0
2019-12-23 00:00:00+08:00,8.540121924077445,8.714805603027344,8.481893414086965,8.714805603027344,3135000,0.0,0.0
2019-12-24 00:00:00+08:00,8.782739366241481,8.947719071309272,8.70510196685791,8.70510196685791,8001000,0.0,0.0
2019-12-25 00:00:00+08:00,8.627464358894157,8.685691944268706,8.511008262634277,8.511008262634277,1795000,0.0,0.0
2019-12-26 00:00:00+08:00,8.540122055321552,8.656578151581432,8.511008262634277,8.511008262634277,934000,0.0,0.0
2019-12-27 00:00:00+08:00,8.511008599695426,8.578941093826321,8.443075180053711,8.443075180053711,1159059,0.0,0.0
2019-12-30 00:00:00+08:00,8.51100867029758,8.51100867029758,8.307210260703485,8.326619148254395,1052000,0.0,0.0
2019-12-31 00:00:00+08:00,8.336324374712893,8.452780481020127,8.278095858803844,8.346029281616211,613210,0.0,0.0
2020-01-02 00:00:00+08:00,8.3460289161953,8.423666317000862,8.326619103238498,8.413961410522461,556000,0.0,0.0
2020-01-03 00:00:00+08:00,8.394552038827817,8.46248546223674,8.200458526611328,8.200458526611328,1088043,0.0,0.0
2020-01-06 00:00:00+08:00,8.093707132168205,8.171344535192915,8.006364822387695,8.006364822387695,900000,0.0,0.0
2020-01-07 00:00:00+08:00,8.113116068845923,8.113116068845923,7.919022560119629,7.919022560119629,829000,0.0,0.0
2020-01-08 00:00:00+08:00,7.919022424990332,7.948136219424768,7.8607948361214595,7.880203723907471,512000,0.0,0.0
2020-01-09 00:00:00+08:00,7.899613332137293,8.045183226041445,7.899613332137293,7.957840919494629,451000,0.0,0.0
2020-01-10 00:00:00+08:00,8.074297367100664,8.074297367100664,7.919022560119629,7.919022560119629,343000,0.0,0.0
2020-01-13 00:00:00+08:00,7.919022378727725,8.035478481295975,7.919022378727725,7.967545986175537,370000,0.0,0.0
2020-01-14 00:00:00+08:00,8.064593014452287,8.113115695266428,7.986954689025879,7.986954689025879,469000,0.0,0.0
2020-01-15 00:00:00+08:00,8.02577450021508,8.08400208874379,7.957841079583808,7.967545986175537,341000,0.0,0.0
2020-01-16 00:00:00+08:00,7.986954873848163,8.00636468703162,7.957841079583808,7.967545986175537,325000,0.0,0.0
2020-01-17 00:00:00+08:00,8.01607002234853,8.210163537009693,8.01607002234853,8.054888725280762,958055,0.0,0.0
2020-01-20 00:00:00+08:00,8.054888108085136,8.054888108085136,7.986954689025879,7.986954689025879,319104,0.0,0.0
2020-01-30 00:00:00+08:00,7.278513479112087,7.424083841245413,7.191171169281006,7.191171169281006,1686000,0.0,0.0
2020-01-31 00:00:00+08:00,7.162057615979044,7.37556048161894,7.162057615979044,7.327037334442139,664578,0.0,0.0
2020-02-03 00:00:00+08:00,7.268808697567019,7.268808697567019,6.890326119704768,6.987372875213623,633000,0.0,0.0
2020-02-04 00:00:00+08:00,7.103829383850098,7.152352529811991,7.035896424196931,7.103829383850098,583000,0.0,0.0
2020-02-05 00:00:00+08:00,7.142648270644486,7.15235271498594,6.997077903479139,7.0553059577941895,375000,0.0,0.0
2020-02-06 00:00:00+08:00,7.055305570633362,7.210580373619438,7.055305570633362,7.181466579437256,420000,0.0,0.0
2020-02-07 00:00:00+08:00,7.1329433130340885,7.2591043278676475,7.1329433130340885,7.142648220062256,449006,0.0,0.0
2020-02-10 00:00:00+08:00,7.084420140434339,7.259104301508107,6.997077828519737,7.171761989593506,334240,0.0,0.0
2020-02-11 00:00:00+08:00,7.200876039883495,7.28821834927599,7.1814666892135435,7.249399185180664,338000,0.0,0.0
2020-02-12 00:00:00+08:00,7.259104178255686,7.43378833636349,7.259104178255686,7.375560283660889,321000,0.0,0.0
2020-02-13 00:00:00+08:00,7.424084091551182,7.511425941571602,7.327037334442139,7.327037334442139,582000,0.0,0.0
2020-02-14 00:00:00+08:00,7.365856049540805,7.365856049540805,7.2979230880737305,7.2979230880737305,197491,0.0,0.0
2020-02-17 00:00:00+08:00,7.191171430315164,7.191171430315164,7.016487267067522,7.026191711425781,926000,0.0,0.0
2020-02-18 00:00:00+08:00,7.02619149223805,7.132943153381348,7.02619149223805,7.132943153381348,411000,0.0,0.0
2020-02-19 00:00:00+08:00,7.1232388428951765,7.181466896586432,7.103829491664758,7.171761989593506,218000,0.0,0.0
2020-02-20 00:00:00+08:00,7.191171366936784,7.200876273964952,7.142648220062256,7.142648220062256,195000,0.0,0.0
2020-02-21 00:00:00+08:00,7.142648048913934,7.2008761014214,7.142648048913934,7.162057399749756,207039,0.0,0.0
2020-02-24 00:00:00+08:00,7.113533865204037,7.113533865204037,7.016487110016447,7.0456013679504395,207000,0.0,0.0
2020-02-25 00:00:00+08:00,6.919440208457606,7.045601218910424,6.909735301766425,7.006782054901123,351000,0.0,0.0
2020-02-26 00:00:00+08:00,6.948554210520514,6.987372912933611,6.890326156900867,6.929144859313965,568000,0.0,0.0
2020-02-27 00:00:00+08:00,6.958258602052841,6.958258602052841,6.696232148796916,6.715641498565674,741000,0.0,0.0
2020-03-02 00:00:00+08:00,6.599185399953129,6.744755291841109,6.599185399953129,6.715641498565674,430000,0.0,0.0
2020-03-03 00:00:00+08:00,6.793278864138369,6.841802469698659,6.773869514465332,6.773869514465332,328000,0.0,0.0
2020-03-04 00:00:00+08:00,6.773869684939332,6.880621342205289,6.647708677511876,6.754460334777832,1014000,0.0,0.0
2020-03-05 00:00:00+08:00,6.793279608328927,6.890326367325393,6.793279608328927,6.851507663726807,281000,0.0,0.0
2020-03-06 00:00:00+08:00,6.900031101761679,6.900031101761679,6.764165179814526,6.870916843414307,221000,0.0,0.0
2020-03-09 00:00:00+08:00,6.870916843414307,6.870916843414307,6.870916843414307,6.870916843414307,0,0.0,0.0
2020-03-10 00:00:00+08:00,6.405091446114389,6.424500795903159,6.191588598437916,6.414796352386475,1020000,0.0,0.0
2020-03-11 00:00:00+08:00,6.424501175886251,6.579776446135714,6.308045070265725,6.317749977111816,464000,0.0,0.0
2020-03-12 00:00:00+08:00,6.405091798170854,6.405091798170854,5.832515716552734,5.832515716552734,1392000,0.0,0.0
2020-03-13 00:00:00+08:00,5.832515716552734,5.832515716552734,5.832515716552734,5.832515716552734,0,0.0,0.0
2020-03-16 00:00:00+08:00,5.531669901803372,5.589898415206087,5.298757699214158,5.308462142944336,566000,0.0,0.0
2020-03-17 00:00:00+08:00,4.862047461038821,5.1628926438443,4.862047461038821,4.939684867858887,1036000,0.0,0.0
2020-03-18 00:00:00+08:00,5.027026719153738,5.094959681499018,4.939684867858887,4.939684867858887,472000,0.0,0.0
2020-03-19 00:00:00+08:00,4.852342028737385,4.852342028737385,4.4544501304626465,4.4544501304626465,1710000,0.0,0.0
2020-03-20 00:00:00+08:00,4.570906322306382,4.881456385138563,4.570906322306382,4.852342128753662,495000,0.0,0.0
2020-03-23 00:00:00+08:00,4.5806109012433,4.667953210222706,4.415631652706694,4.619430065155029,370000,0.0,0.0
2020-03-24 00:00:00+08:00,4.6097247674394906,4.939684162032671,4.6097247674394906,4.7455902099609375,688000,0.0,0.0
2020-03-25 00:00:00+08:00,4.920275382825796,5.094959543437408,4.9008660316467285,4.9008660316467285,607000,0.0,0.0
2020-03-26 00:00:00+08:00,4.949389057319009,5.182301728533951,4.929979706614049,5.104664325714111,380000,0.0,0.0
2020-03-27 00:00:00+08:00,5.104664521848099,5.279348684904541,5.007617301839079,5.027026653289795,464000,0.0,0.0
2020-03-30 00:00:00+08:00,4.96879883775262,4.96879883775262,4.823228463497994,4.920275688171387,209000,0.0,0.0
2020-03-31 00:00:00+08:00,4.978503544568319,5.085254746995661,4.949389285789216,4.968798637390137,256000,0.0,0.0
2020-04-01 00:00:00+08:00,5.046435992578513,5.10466450954577,4.949389235558819,5.056140899658203,477000,0.0,0.0
2020-04-06 00:00:00+08:00,5.1046646561803755,5.12407400814186,5.0076174336175,5.065845489501953,197000,0.0,0.0
2020-04-07 00:00:00+08:00,5.143483294709001,5.192006442618061,5.085254776809413,5.182301998138428,407000,0.0,0.0
2020-04-08 00:00:00+08:00,5.2114153817767805,5.3860999961359335,5.192006031598587,5.337576389312744,518000,0.0,0.0
2020-04-09 00:00:00+08:00,5.473441896374626,5.696649657077683,5.434623195622392,5.521965503692627,918000,0.0,0.0
2020-04-10 00:00:00+08:00,5.5316699762188675,5.76458264469678,5.4734419247882435,5.73546838760376,652000,0.0,0.0
2020-04-13 00:00:00+08:00,5.890743868987985,5.890743868987985,5.638421840831939,5.657831192016602,428000,0.0,0.0
2020-04-14 00:00:00+08:00,5.667536013930699,5.803401470184326,5.667536013930699,5.803401470184326,562000,0.0,0.0
2020-04-15 00:00:00+08:00,5.793696382621164,5.851924896240234,5.745173238279156,5.851924896240234,369000,0.0,0.0
2020-04-16 00:00:00+08:00,5.822810773502906,5.91985752717687,5.774287165288213,5.890743732452393,318000,0.0,0.0
2020-04-17 00:00:00+08:00,5.958676228646455,6.104246590535112,5.890743732452393,5.890743732452393,787000,0.0,0.0
2020-04-20 00:00:00+08:00,5.890743732452393,5.939266877911662,5.822810773502906,5.890743732452393,183000,0.0,0.0
2020-04-21 00:00:00+08:00,5.8422199793933585,5.890743586405022,5.580193519592285,5.580193519592285,584000,0.0,0.0
2020-04-22 00:00:00+08:00,5.502556299959296,5.9004482246512024,5.454032691348145,5.803401470184326,205000,0.0,0.0
2020-04-23 00:00:00+08:00,5.910153094390662,5.910153094390662,5.783992082997642,5.861629486083984,46000,0.0,0.0
2020-04-24 00:00:00+08:00,5.803401299549137,5.919857401485274,5.783991949226447,5.822810649871826,278000,0.0,0.0
2020-04-27 00:00:00+08:00,5.871334526851998,6.016904429583596,5.8519251756374215,5.900448322296143,409000,0.0,0.0
2020-04-28 00:00:00+08:00,5.890743527797639,5.997494721752564,5.890743527797639,5.968380928039551,262000,0.0,0.0
2020-04-29 00:00:00+08:00,5.929562151627425,6.162474349356456,5.929562151627425,6.113951206207275,1176000,0.0,0.0
2020-04-30 00:00:00+08:00,6.201293015287191,6.240111714697799,6.133360522696325,6.172179222106934,512000,0.0,0.0
2020-05-04 00:00:00+08:00,5.9683811606451,6.104246616363525,5.958676253858928,6.104246616363525,274000,0.0,0.0
2020-05-05 00:00:00+08:00,6.0945418661374555,6.201293058889515,6.0654276099970925,6.084836959838867,245000,0.0,0.0
2020-05-06 00:00:00+08:00,6.01690404755302,6.065427653886273,5.987790253957394,5.997494697570801,315000,0.0,0.0
2020-05-07 00:00:00+08:00,6.01690417280799,6.15277008826728,5.997494822421722,6.065427780151367,397000,0.0,0.0
2020-05-08 00:00:00+08:00,6.152770124380847,6.162474568253233,5.987790413751519,6.007199764251709,335000,0.0,0.0
2020-05-11 00:00:00+08:00,6.016904354095459,6.084837313871903,5.987790559016575,6.016904354095459,358000,0.0,0.0
2020-05-12 00:00:00+08:00,6.026609150817425,6.075132758735994,5.881038789817138,5.948971748352051,287000,0.0,0.0
2020-05-13 00:00:00+08:00,5.91985763601254,6.0169043914706934,5.881038933829278,5.958676338195801,461000,0.0,0.0
2020-05-14 00:00:00+08:00,5.92956247083077,5.92956247083077,5.822810809747217,5.832515716552734,295000,0.0,0.0
2020-05-15 00:00:00+08:00,5.871334267690205,5.987790369837263,5.754877702787732,5.793696403503418,326000,0.0,0.0
2020-05-18 00:00:00+08:00,5.774287053145575,5.8519249173323615,5.774287053145575,5.793696403503418,97000,0.0,0.0
2020-05-19 00:00:00+08:00,5.851925067408342,5.861629511458432,5.793696552086094,5.832515716552734,217000,0.0,0.0
2020-05-20 00:00:00+08:00,5.842220135312399,5.87133439284749,5.822810784540813,5.861629486083984,241000,0.0,0.0
2020-05-21 00:00:00+08:00,5.929562445162247,5.929562445162247,5.861629486083984,5.861629486083984,151000,0.0,0.0
2020-05-22 00:00:00+08:00,5.910152819177861,5.910152819177861,5.783991813659668,5.783991813659668,151000,0.0,0.0
2020-05-25 00:00:00+08:00,5.803401173421104,5.919857272826246,5.7451731237185335,5.75487756729126,139000,0.0,0.0
2020-05-26 00:00:00+08:00,5.521965722279585,5.75487793601282,5.521965722279585,5.68694543838501,286000,0.0,0.0
2020-05-27 00:00:00+08:00,5.696649541409281,5.783991847706062,5.696649541409281,5.72576379776001,149000,0.0,0.0
2020-05-28 00:00:00+08:00,5.8131059142533,5.851925078795478,5.7451734175042,5.803401470184326,191000,0.0,0.0
2020-05-29 00:00:00+08:00,5.803401481590919,5.803401481590919,5.725764077864821,5.774287223815918,119000,0.0,0.0
2020-06-01 00:00:00+08:00,5.822810784540813,5.948971795933833,5.813105877777308,5.861629486083984,189000,0.0,0.0
2020-06-02 00:00:00+08:00,5.861629474972491,5.900448176442077,5.822810773502906,5.890743732452393,173000,0.0,0.0
2020-06-03 00:00:00+08:00,5.900448105122952,6.04601846525209,5.890743661250565,6.007199764251709,407000,0.0,0.0
2020-06-04 00:00:00+08:00,6.01690408204508,6.036313432138565,5.929562238002105,5.939266681671143,180000,0.0,0.0
2020-06-05 00:00:00+08:00,5.919857366185389,5.929562272666571,5.861629315564532,5.881038665771484,195000,0.0,0.0
2020-06-08 00:00:00+08:00,5.871334356730873,5.958676203288027,5.842220099374874,5.919857501983643,457000,0.0,0.0
2020-06-09 00:00:00+08:00,5.919857501983643,5.9877904606440255,5.90044815133145,5.919857501983643,327000,0.0,0.0
2020-06-10 00:00:00+08:00,5.910153229281148,5.929562580495723,5.8519251756374215,5.900448322296143,243000,0.0,0.0
2020-06-11 00:00:00+08:00,5.8228106852944626,5.861629386175992,5.754877727374077,5.764582633972168,472000,0.0,0.0
2020-06-12 00:00:00+08:00,5.589898381465893,5.667535781860352,5.589898381465893,5.667535781860352,344000,0.0,0.0
2020-06-15 00:00:00+08:00,5.677240581377663,5.677240581377663,5.5898987318370725,5.599603176116943,175000,0.0,0.0
2020-06-16 00:00:00+08:00,5.7257642101953365,5.890743928303922,5.609308101914725,5.813106060028076,243000,0.0,0.0
2020-06-17 00:00:00+08:00,5.82281094313658,5.900448348337531,5.696649928307315,5.871334552764893,506000,0.0,0.0
2020-06-18 00:00:00+08:00,5.871334222045713,5.919857366185389,5.822810615150628,5.881038665771484,241000,0.0,0.0
2020-06-19 00:00:00+08:00,5.890743504046295,6.084837003868493,5.890743504046295,5.997494697570801,696000,0.0,0.0
2020-06-22 00:00:00+08:00,6.016904191001162,6.38568231221073,6.016904191001162,6.308044910430908,1350000,0.0,0.0
2020-06-23 00:00:00+08:00,6.405091824949496,6.473024784605851,6.113951560898181,6.317749977111816,756000,0.0,0.0
2020-06-24 00:00:00+08:00,6.414796466091287,6.414796466091287,6.181883801742174,6.210998058319092,322000,0.0,0.0
2020-06-29 00:00:00+08:00,6.210998303116883,6.210998303116883,6.075132846832275,6.075132846832275,236000,0.0,0.0
2020-06-30 00:00:00+08:00,6.1139515486278775,6.123655992699065,6.0169043313834445,6.075132846832275,307000,0.0,0.0
2020-07-01 00:00:00+08:00,6.113951486886403,6.210998240395386,6.036313621323795,6.162474632263184,370000,0.0,0.0
2020-07-02 00:00:00+08:00,6.191588561518837,6.773869514465332,6.162474305631584,6.773869514465332,2823000,0.0,0.0
2020-07-03 00:00:00+08:00,6.977668474164577,7.443493366241455,6.89032616228909,7.443493366241455,7733000,0.0,0.0
2020-07-06 00:00:00+08:00,7.443493340418833,7.744338514689637,7.1911713126562935,7.472607135772705,4702000,0.0,0.0
2020-07-07 00:00:00+08:00,7.472606835036149,7.472606835036149,7.1329429721264,7.181466579437256,2212000,0.0,0.0
2020-07-08 00:00:00+08:00,7.1717618437899535,7.22998989629742,6.977668335431733,7.162057399749756,1431000,0.0,0.0
2020-07-09 00:00:00+08:00,7.210580373619438,7.32703693861441,7.103829177944218,7.181466579437256,1194000,0.0,0.0
2020-07-10 00:00:00+08:00,7.2785137835495295,7.2785137835495295,6.90973564078838,6.967963695526123,1004000,0.0,0.0
2020-07-13 00:00:00+08:00,6.900030847092396,7.074715002462999,6.900030847092396,7.035896301269531,709000,0.0,0.0
2020-07-14 00:00:00+08:00,7.084420267757053,7.13294341532745,6.938849899534974,6.967963695526123,637000,0.0,0.0
2020-07-15 00:00:00+08:00,7.11353374024585,7.11353374024585,6.919440233280168,6.977668285369873,685000,0.0,0.0
2020-07-16 00:00:00+08:00,7.035896657431212,7.045601564598558,6.938849899534974,6.967963695526123,476000,0.0,0.0
2020-07-17 00:00:00+08:00,6.958258717891385,6.977668067983262,6.773869660640847,6.783574104309082,755000,0.0,0.0
2020-07-20 00:00:00+08:00,6.657413425822694,6.783573967497781,6.570071120793064,6.744755268096924,546000,0.0,0.0
2020-07-21 00:00:00+08:00,6.8320983387555865,6.861212597946576,6.783574727689087,6.822393894195557,322000,0.0,0.0
2020-07-22 00:00:00+08:00,6.812688573071332,7.055305688156145,6.812688573071332,6.977668285369873,626000,0.0,0.0
2020-07-23 00:00:00+08:00,6.977668204154876,7.666700839996338,6.8223934003896165,7.666700839996338,2773000,0.0,0.0
2020-07-24 00:00:00+08:00,7.61817742768284,7.695814831555183,7.297922905331709,7.346446514129639,3183000,0.0,0.0
2020-07-27 00:00:00+08:00,7.200876377232539,7.249399524802936,6.938849899534974,6.967963695526123,1263000,0.0,0.0
2020-07-28 00:00:00+08:00,6.967962878872517,7.181466183976842,6.705936431884766,6.705936431884766,841000,0.0,0.0
2020-07-29 00:00:00+08:00,6.705937243400292,6.977668629301395,6.705937243400292,6.938849925994873,373000,0.0,0.0
2020-07-30 00:00:00+08:00,7.055305725056795,7.055305725056795,6.832097959501129,6.919440269470215,270000,0.0,0.0
2020-07-31 00:00:00+08:00,6.890326119704768,7.06501074237614,6.890326119704768,6.987372875213623,266000,0.0,0.0
2020-08-03 00:00:00+08:00,7.065010606121562,7.065010606121562,6.919440244288008,6.948554039001465,231000,0.0,0.0
2020-08-04 00:00:00+08:00,7.0261916417211365,7.084420158314791,6.880621738503309,6.900031089782715,825000,0.0,0.0
2020-08-05 00:00:00+08:00,6.8903261451971245,6.987372901065027,6.870916794023544,6.958259105682373,290000,0.0,0.0
2020-08-06 00:00:00+08:00,6.977668468708054,7.045601429308692,6.919440415088408,6.929144859313965,286000,0.0,0.0
2020-08-07 00:00:00+08:00,7.074715038852713,7.074715038852713,6.919440233280168,6.977668285369873,271000,0.0,0.0
2020-08-10 00:00:00+08:00,6.9873730737503035,7.006782425403565,6.909735667137259,6.938849925994873,223000,0.0,0.0
2020-08-11 00:00:00+08:00,6.938849754508793,6.967963549891446,6.8903261451971245,6.958259105682373,277000,0.0,0.0
2020-08-12 00:00:00+08:00,6.967963722097042,6.967963722097042,6.861212519381828,6.938849925994873,279000,0.0,0.0
2020-08-13 00:00:00+08:00,6.938849938536703,6.9485543830031515,6.890326327938122,6.909735679626465,213000,0.0,0.0
2020-08-14 00:00:00+08:00,6.90973564078838,6.967963695526123,6.841803141638735,6.967963695526123,220000,0.0,0.0
2020-08-17 00:00:00+08:00,6.967963549891446,7.016487159203114,6.8903261451971245,6.958259105682373,268000,0.0,0.0
2020-08-18 00:00:00+08:00,6.938849754508793,6.987372901065027,6.900031052161632,6.958259105682373,272000,0.0,0.0
2020-08-19 00:00:00+08:00,6.967963734691495,6.967963734691495,6.86121253178333,6.909735679626465,395000,0.0,0.0
2020-08-20 00:00:00+08:00,6.919439909649901,6.958258609227442,6.414796352386475,6.414796352386475,698000,0.0,0.0
2020-08-21 00:00:00+08:00,6.511843391205659,6.754460505743111,6.511843391205659,6.735051155090332,246000,0.0,0.0
2020-08-24 00:00:00+08:00,6.735050815119259,6.832097563484442,6.6380040667540765,6.773869514465332,133000,0.0,0.0
2020-08-25 00:00:00+08:00,6.783574556966518,6.977668533592288,6.783574556966518,6.841803073883057,174000,0.0,0.0
2020-08-26 00:00:00+08:00,6.8806215790646945,6.890326023101807,6.7932792689535555,6.890326023101807,161000,0.0,0.0
2020-08-27 00:00:00+08:00,6.861212399135474,6.929144897353614,6.841803047822372,6.870916843414307,285000,0.0,0.0
2020-08-28 00:00:00+08:00,6.870916697643503,6.948554101248786,6.618595135926335,6.861212253570557,293000,0.0,0.0
2020-08-31 00:00:00+08:00,6.851507651072323,6.890326354599213,6.793279595781989,6.880621910095215,260000,0.0,0.0
2020-09-01 00:00:00+08:00,6.880621738503309,6.9291448853241056,6.7932794263682625,6.900031089782715,447000,0.0,0.0
2020-09-02 00:00:00+08:00,6.8709170155261,6.92914507092398,6.81268896012822,6.851507663726807,198000,0.0,0.0
2020-09-03 00:00:00+08:00,6.91944029385018,7.181466761925236,6.90003094298371,7.132943153381348,1023000,0.0,0.0
2020-09-04 00:00:00+08:00,7.074715186549309,7.074715186549309,6.977668431040454,6.987372875213623,562000,0.0,0.0
2020-09-07 00:00:00+08:00,6.9873728379520506,7.58906364440918,6.958259042832365,7.58906364440918,1506000,0.0,0.0
2020-09-08 00:00:00+08:00,7.530835490203463,7.559949284931873,7.103829311224929,7.220285415649414,1141000,0.0,0.0
2020-09-09 00:00:00+08:00,7.181466857217145,7.666701098072959,7.103829452721084,7.501721382141113,1522000,0.0,0.0
2020-09-10 00:00:00+08:00,7.501721147434417,7.501721147434417,7.356150787181052,7.365855693817139,757000,0.0,0.0
2020-09-11 00:00:00+08:00,7.191171366936784,7.443493396603904,7.1329433130340885,7.142648220062256,697000,0.0,0.0
2020-09-14 00:00:00+08:00,7.142648232071866,7.2202856374060005,7.0553059196932475,7.113533973693848,691000,0.0,0.0
2020-09-15 00:00:00+08:00,7.103829454532609,7.2591042635643275,7.103829454532609,7.229990005493164,652000,0.0,0.0
2020-09-16 00:00:00+08:00,7.327037185707064,7.851090126213337,7.181466821620781,7.5599493980407715,3911000,0.0,0.0
2020-09-17 00:00:00+08:00,7.3561508341113955,7.424083792731138,7.162057327705589,7.278513431549072,1948000,0.0,0.0
2020-09-18 00:00:00+08:00,7.278513591318948,7.365855902496514,7.249399333341282,7.2882184982299805,497000,0.0,0.0
2020-09-21 00:00:00+08:00,7.2882183382470735,7.327037039528235,7.239694730267911,7.278513431549072,461000,0.0,0.0
2020-09-22 00:00:00+08:00,7.278513602959246,7.550244981082114,7.249399344935019,7.259104251861572,668000,0.0,0.0
2020-09-23 00:00:00+08:00,7.288218402385906,7.715224120236478,7.132943133139364,7.705519676208496,3665000,0.0,0.0
2020-09-24 00:00:00+08:00,7.4726072511606425,7.598768266990022,7.278513736619629,7.2979230880737305,3409000,0.0,0.0
2020-09-25 00:00:00+08:00,7.336741568856994,7.375560270589935,7.113533802514878,7.132943153381348,1919000,0.0,0.0
2020-09-28 00:00:00+08:00,7.142648326616816,7.288218694922904,7.142648326616816,7.210580825805664,570000,0.0,0.0
2020-09-29 00:00:00+08:00,7.220285587160379,7.346446601328116,7.13294327538957,7.200876235961914,390000,0.0,0.0
2020-09-30 00:00:00+08:00,7.181466896586432,7.24939939451518,7.132943287132668,7.171761989593506,350000,0.0,0.0
2020-10-05 00:00:00+08:00,7.1717616834707885,7.220285290853349,7.074714931461083,7.152352333068848,440000,0.0,0.0
2020-10-06 00:00:00+08:00,7.2008761014214,7.2008761014214,7.132943142118309,7.162057399749756,207000,0.0,0.0
2020-10-07 00:00:00+08:00,7.171762110346086,7.317332478402945,7.171762110346086,7.239695072174072,469000,0.0,0.0
2020-10-08 00:00:00+08:00,7.2591039916572315,7.327036949441734,7.152352333068848,7.152352333068848,393000,0.0,0.0
2020-10-12 00:00:00+08:00,7.200876076042426,7.297922829879502,7.17176181851359,7.191171169281006,302000,0.0,0.0
2020-10-13 00:00:00+08:00,7.191171169281006,7.191171169281006,7.1135337662113445,7.191171169281006,194000,0.0,0.0
2020-10-14 00:00:00+08:00,7.181467017502417,7.288218682444839,7.181467017502417,7.239695072174072,273000,0.0,0.0
2020-10-15 00:00:00+08:00,7.239694756227886,7.666700934607234,7.239694756227886,7.492016315460205,1833000,0.0,0.0
2020-10-16 00:00:00+08:00,7.453197713076396,7.608472983576512,7.278513554363624,7.346446514129639,1048000,0.0,0.0
2020-10-19 00:00:00+08:00,7.453197292599504,8.074296951293945,7.365855449548278,8.074296951293945,7271000,0.0,0.0
2020-10-20 00:00:00+08:00,7.967546294124559,8.142230917483985,7.686110470662631,7.715224266052246,6362000,0.0,0.0
2020-10-21 00:00:00+08:00,7.72492889140831,7.851089900845292,7.5987678819713285,7.666700839996338,1454000,0.0,0.0
2020-10-22 00:00:00+08:00,7.6375868519627605,7.724929163535244,7.424083989264441,7.472607135772705,1517000,0.0,0.0
2020-10-23 00:00:00+08:00,7.47260694441524,7.948136266898291,7.44349314980691,7.792861461639404,2130000,0.0,0.0
2020-10-26 00:00:00+08:00,7.812271348473939,7.812271348473939,7.5696542315990385,7.676405429840088,1070000,0.0,0.0
2020-10-27 00:00:00+08:00,7.802566154922293,7.802566154922293,7.598767747216789,7.62788200378418,493000,0.0,0.0
2020-10-28 00:00:00+08:00,7.627882038529121,7.7055194393885875,7.482311680539917,7.5696539878845215,791000,0.0,0.0
2020-10-29 00:00:00+08:00,7.433788252383707,7.521130561828613,7.2979227976125145,7.521130561828613,632000,0.0,0.0
2020-10-30 00:00:00+08:00,7.521130809588651,7.521130809588651,7.375560443303589,7.385265350341797,404000,0.0,0.0
2020-11-02 00:00:00+08:00,7.385265388707564,7.385265388707564,7.278513724509896,7.327037334442139,673000,0.0,0.0
2020-11-03 00:00:00+08:00,7.346446584646869,7.540540096190797,7.346446584646869,7.472607135772705,592000,0.0,0.0
2020-11-04 00:00:00+08:00,7.492016486927098,7.530835651991317,7.394969731155134,7.472607135772705,478000,0.0,0.0
2020-11-05 00:00:00+08:00,7.472607161696327,7.589063731782123,7.414379108031147,7.443493366241455,438000,0.0,0.0
2020-11-06 00:00:00+08:00,7.375560283660889,7.424083892290771,7.346446488687302,7.375560283660889,696000,0.0,0.0
2020-11-09 00:00:00+08:00,7.375560498455809,8.054888725280762,7.375560498455809,8.054888725280762,2785000,0.0,0.0
2020-11-10 00:00:00+08:00,7.938432486663149,7.977251188960561,7.686110458974536,7.744338512420654,2463000,0.0,0.0
2020-11-11 00:00:00+08:00,7.763747592349625,7.763747592349625,7.530835386701736,7.666700839996338,733000,0.0,0.0
2020-11-12 00:00:00+08:00,7.589063313717222,7.666700714327255,7.589063313717222,7.5987677574157715,270000,0.0,0.0
2020-11-13 00:00:00+08:00,7.550244942412646,7.666701048402246,7.550244942412646,7.58906364440918,285000,0.0,0.0
2020-11-16 00:00:00+08:00,7.58906347353543,7.666700875780429,7.540539865754595,7.60847282409668,425000,0.0,0.0
2020-11-17 00:00:00+08:00,7.608472969851607,7.647291671717754,7.521130659275063,7.61817741394043,355000,0.0,0.0
2020-11-18 00:00:00+08:00,7.589063303531265,7.7152238479755315,7.589063303531265,7.62788200378418,503000,0.0,0.0
2020-11-19 00:00:00+08:00,7.627882284118363,7.724929038317238,7.627882284118363,7.676405429840088,403000,0.0,0.0
2020-11-20 00:00:00+08:00,7.715223856052353,7.948136057813667,7.695814505905577,7.8704986572265625,2368000,0.0,0.0
2020-11-23 00:00:00+08:00,7.831680323525557,7.8899088394469095,7.792861621414943,7.8025665283203125,1171000,0.0,0.0
2020-11-24 00:00:00+08:00,7.841384994232254,7.841384994232254,7.579358531500671,7.666700839996338,1352000,0.0,0.0
2020-11-25 00:00:00+08:00,7.724928990668047,7.812271300286,7.676405382490202,7.763747692108154,725000,0.0,0.0
2020-11-26 00:00:00+08:00,7.7637476700944905,7.880203774084607,7.7637476700944905,7.821976184844971,927000,0.0,0.0
2020-11-27 00:00:00+08:00,7.860794828629696,8.346029054458421,7.802566314305481,8.151934623718262,2905000,0.0,0.0
2020-11-30 00:00:00+08:00,8.21986766388227,8.413961160119882,8.190752945313534,8.307209968566895,3477000,0.0,0.0
2020-12-01 00:00:00+08:00,8.384847932501492,8.685692640579816,8.375143025657454,8.404256820678711,3348000,0.0,0.0
2020-12-02 00:00:00+08:00,8.443075571583341,8.49159918057451,8.25868696802993,8.316914558410645,1573000,0.0,0.0
2020-12-03 00:00:00+08:00,8.336324054785262,8.413961456010552,8.248981747029104,8.326619148254395,1300000,0.0,0.0
2020-12-04 00:00:00+08:00,8.394551866080189,8.578941393024538,8.355733164435723,8.491599082946777,2194000,0.0,0.0
2020-12-07 00:00:00+08:00,8.879785615164808,9.335906028747559,8.879785615164808,9.335906028747559,9090000,0.0,0.0
2020-12-08 00:00:00+08:00,9.365019382062606,9.995824376640924,9.200039685442949,9.578522682189941,10423000,0.0,0.0
2020-12-09 00:00:00+08:00,9.578522998470332,9.753207606661716,9.277678312708268,9.568818092346191,5716000,0.0,0.0
2020-12-10 00:00:00+08:00,9.491180802801535,9.491180802801535,8.976832803986419,9.365019798278809,3978000,0.0,0.0
2020-12-11 00:00:00+08:00,9.442657926414867,10.286966323852539,9.442657926414867,10.286966323852539,8663000,0.0,0.0
2020-12-14 00:00:00+08:00,11.305956840515137,11.305956840515137,11.305956840515137,11.305956840515137,5562000,0.0,0.0
2020-12-15 00:00:00+08:00,12.4219965802893,12.4219965802893,10.72367676063481,12.1793794631958,17331000,0.0,0.0
2020-12-16 00:00:00+08:00,11.936762219983667,12.276425625019318,11.548574281428982,11.839715003967285,9242000,0.0,0.0
2020-12-17 00:00:00+08:00,11.742668087715728,13.004276275634766,11.354480169846891,13.004276275634766,9935000,0.0,0.0
2020-12-18 00:00:00+08:00,12.421996443270015,13.97474542023449,12.22790293683831,12.955754280090332,11242000,0.0,0.0
2020-12-21 00:00:00+08:00,12.421996552275798,12.810183568545634,11.694145202636719,11.694145202636719,8740000,0.0,0.0
2020-12-22 00:00:00+08:00,11.694145749336123,12.033809173073726,10.5781064057417,10.820723533630371,6810000,0.0,0.0
2020-12-23 00:00:00+08:00,10.917770587933441,11.64562196046234,10.529583559455716,11.597098350524902,4437000,0.0,0.0
2020-12-24 00:00:00+08:00,11.451528255430256,11.936762495698394,11.305957428043294,11.40300464630127,3806000,0.0,0.0
2020-12-25 00:00:00+08:00,11.40300459168322,12.51904296875,11.40300459168322,12.51904296875,10406000,0.0,0.0
2020-12-28 00:00:00+08:00,13.732129096984863,13.732129096984863,13.732129096984863,13.732129096984863,5948000,0.0,0.0
2020-12-29 00:00:00+08:00,15.090784435019405,15.090784435019405,14.217362283254676,14.99373722076416,27238000,0.0,0.0
2020-12-30 00:00:00+08:00,14.362933294932423,15.187830924987793,13.829175460478455,15.187830924987793,11324000,0.0,0.0
2020-12-31 00:00:00+08:00,15.430448431126896,16.692058563232422,14.848167899590726,16.692058563232422,17143000,0.0,0.0
2021-01-04 00:00:00+08:00,17.322861119723715,18.34185218811035,16.886149604117126,18.34185218811035,18017000,0.0,0.0
2021-01-05 00:00:00+08:00,18.43890112829099,18.43890112829099,17.46843264785462,17.662527084350586,10055000,0.0,0.0
2021-01-06 00:00:00+08:00,17.71104909749507,17.71104909749507,15.915682106448774,16.59501075744629,10196000,0.0,0.0
2021-01-07 00:00:00+08:00,16.49796336247371,16.49796336247371,15.52749492938702,15.770112037658691,6107000,0.0,0.0
2021-01-08 00:00:00+08:00,16.109777128578184,16.35239424843321,15.867160008723156,16.06125259399414,3705000,0.0,0.0
2021-01-11 00:00:00+08:00,16.25534595383538,17.565478684498075,16.25534595383538,17.46843147277832,6107000,0.0,0.0
2021-01-12 00:00:00+08:00,17.4684324476042,17.4684324476042,15.721589943252463,15.867159843444824,6677000,0.0,0.0
2021-01-13 00:00:00+08:00,16.10977631305217,16.44944063385871,15.187830563866079,15.28487777709961,3625000,0.0,0.0
2021-01-14 00:00:00+08:00,15.284878550866743,16.30386971384917,15.284878550866743,16.06125259399414,3102000,0.0,0.0
2021-01-15 00:00:00+08:00,16.06125209925913,16.400916426797828,15.527495192428082,15.818634986877441,2986000,0.0,0.0
2021-01-18 00:00:00+08:00,15.624541926989059,16.206823348999023,14.84816700614604,16.206823348999023,3735000,0.0,0.0
2021-01-19 00:00:00+08:00,16.109776191780437,17.808095932006836,16.109776191780437,17.808095932006836,12777000,0.0,0.0
2021-01-20 00:00:00+08:00,17.468432629561992,17.56547984770835,16.06125259399414,16.06125259399414,11714000,0.0,0.0
2021-01-21 00:00:00+08:00,16.10977710618539,17.27433816925773,15.18783131160911,16.692058563232422,6442000,0.0,0.0
2021-01-22 00:00:00+08:00,16.061251282211494,16.69205722313166,16.01272860261221,16.15829849243164,3746000,0.0,0.0
2021-01-25 00:00:00+08:00,16.061252571668795,16.789103930222158,15.090785019108512,16.692058563232422,5039000,0.0,0.0
2021-01-26 00:00:00+08:00,16.4979631344932,17.080244556503164,16.06125160523032,16.206823348999023,7015000,0.0,0.0
2021-01-27 00:00:00+08:00,16.206822996014967,17.225814074072606,16.206822996014967,16.78910255432129,4738000,0.0,0.0
2021-01-28 00:00:00+08:00,15.721589139160988,16.983197344331234,15.721589139160988,16.206823348999023,3244000,0.0,0.0
2021-01-29 00:00:00+08:00,16.497963531613287,16.546486213356427,15.38192519232613,15.478971481323242,3397000,0.0,0.0
2021-02-01 00:00:00+08:00,15.430448725756628,15.430448725756628,14.26588671493722,14.654074668884277,3862000,0.0,0.0
2021-02-02 00:00:00+08:00,15.139308510849974,15.139308510849974,14.65407427557287,14.751120567321777,2031000,0.0,0.0
2021-02-03 00:00:00+08:00,14.799643977483115,14.945213875909758,14.508503255118983,14.557026863098145,2288000,0.0,0.0
2021-02-04 00:00:00+08:00,14.945213777211434,15.139308207846282,14.605550374622123,14.702596664428711,2133000,0.0,0.0
2021-02-05 00:00:00+08:00,15.042261395600008,15.042261395600008,14.605550765991211,14.605550765991211,1666000,0.0,0.0
2021-02-17 00:00:00+08:00,15.91568242823908,16.0612523275327,15.236354689017446,16.01272964477539,4648000,0.0,0.0
2021-02-18 00:00:00+08:00,16.01272846324382,17.56547826018693,15.624541476763435,17.080244064331055,6974000,0.0,0.0
2021-02-19 00:00:00+08:00,16.886150949026966,17.322862499415766,16.1582995990601,16.983198165893555,5284000,0.0,0.0
2021-02-22 00:00:00+08:00,17.22581436898973,18.002188360704572,16.692057481063483,17.46843147277832,6584000,0.0,0.0
2021-02-23 00:00:00+08:00,17.37138337852967,19.215272903442383,17.031719080277497,19.215272903442383,10996000,0.0,0.0
2021-02-24 00:00:00+08:00,19.554939005048222,21.107688903808594,19.554939005048222,21.107688903808594,6865000,0.0,0.0
2021-02-25 00:00:00+08:00,22.41782320803395,22.660440338313492,19.749034774959,20.379838943481445,19965000,0.0,0.0
2021-02-26 00:00:00+08:00,19.457891958929686,22.417821884155273,19.409369276147995,22.417821884155273,19088000,0.0,0.0
2021-03-02 00:00:00+08:00,22.320773984468754,24.649897856122035,21.93258698103015,24.21318817138672,23072000,0.0,0.0
2021-03-03 00:00:00+08:00,23.48533692305456,25.232179369784852,21.884062520693206,24.5528507232666,15908000,0.0,0.0
2021-03-04 00:00:00+08:00,24.26171112060547,25.23217956542969,23.43681257230055,24.26171112060547,9090000,0.0,0.0
2021-03-05 00:00:00+08:00,23.485337969386624,24.261712013406957,22.80600929260254,22.80600929260254,7746000,0.0,0.0
2021-03-08 00:00:00+08:00,23.776478264921455,23.776478264921455,22.369298198629643,22.563392639160156,5389000,0.0,0.0
2021-03-09 00:00:00+08:00,22.56339152689885,23.533859979668694,21.93258740280279,23.339765548706055,5330000,0.0,0.0
2021-03-10 00:00:00+08:00,23.630907195150012,24.164664103764757,23.29124286647623,23.339765548706055,4163000,0.0,0.0
2021-03-11 00:00:00+08:00,23.339765093685916,24.06761641907348,23.339765093685916,23.582382202148438,3904000,0.0,0.0
2021-03-12 00:00:00+08:00,24.019094327316733,25.911508560180664,23.97057164484194,25.911508560180664,18121000,0.0,0.0
2021-03-15 00:00:00+08:00,26.68788264353708,28.48324966430664,26.639359960957506,28.48324966430664,7936000,0.0,0.0
2021-03-16 00:00:00+08:00,31.297607421875,31.297607421875,31.297607421875,31.297607421875,3573000,0.0,0.0
2021-03-17 00:00:00+08:00,34.403105768968615,34.403105768968615,29.356669312099843,34.25753402709961,27709000,0.0,0.0
2021-03-18 00:00:00+08:00,32.510692803111375,37.6541748046875,32.510692803111375,37.6541748046875,18045000,0.0,0.0
2021-03-19 00:00:00+08:00,37.36303398702572,41.34195300872287,35.907331364154594,41.29343032836914,12301000,0.0,0.0
2021-03-22 00:00:00+08:00,41.34195571319304,45.41792406427881,41.34195571319304,43.67108154296875,12334000,0.0,0.0
2021-03-23 00:00:00+08:00,43.62255970620943,43.62255970620943,39.30397415161133,39.30397415161133,8843000,0.0,0.0
2021-03-24 00:00:00+08:00,35.373573231278534,38.818735243753,35.373573231278534,36.00437545776367,7801000,0.0,0.0
2021-03-25 00:00:00+08:00,37.84826749330991,37.84826749330991,36.39256489741338,37.363033294677734,3008000,0.0,0.0
2021-03-26 00:00:00+08:00,38.33350372314453,38.33350372314453,36.877801050113725,38.33350372314453,2577000,0.0,0.0
2021-03-29 00:00:00+08:00,38.62464430579033,39.30397297414724,37.70269852030906,39.10987854003906,3175000,0.0,0.0
2021-03-30 00:00:00+08:00,39.78920770019956,40.51705906056907,39.59511326369234,40.468536376953125,2101000,0.0,0.0
2021-03-31 00:00:00+08:00,41.73014440769102,41.924238843019204,39.789207458496094,39.789207458496094,2816000,0.0,0.0
2021-04-01 00:00:00+08:00,40.27444076538086,40.27444076538086,39.303972313203005,40.27444076538086,2115000,0.0,0.0
2021-04-07 00:00:00+08:00,45.41792357949426,48.7175178527832,45.41792357949426,48.7175178527832,4862000,0.0,0.0
2021-04-08 00:00:00+08:00,48.81456218184898,53.569859056683455,48.81456218184898,50.464359283447266,5610000,0.0,0.0
2021-04-09 00:00:00+08:00,53.56985684171066,55.31669923504013,46.77657798828468,50.755496978759766,14951000,0.0,0.0
2021-04-12 00:00:00+08:00,50.755501381486354,52.50234392634364,45.70906448364258,45.70906448364258,14268000,0.0,0.0
2021-04-13 00:00:00+08:00,43.67108252740675,48.62047039969544,41.73014552618868,45.12678527832031,10141000,0.0,0.0
2021-04-14 00:00:00+08:00,44.884167050206386,45.660541091206674,40.61410427163965,41.73014450073242,14586000,0.0,0.0
2021-04-15 00:00:00+08:00,41.875716101501695,43.18584705957016,37.55713065513599,42.99175262451172,13713000,0.0,0.0
2021-04-16 00:00:00+08:00,42.74913566092302,44.495978178684524,41.293432945781184,41.73014450073242,7863000,0.0,0.0
2021-04-19 00:00:00+08:00,40.75967230676021,41.244906500888305,37.557127365923385,37.9453125,12928000,0.0,0.0
2021-04-20 00:00:00+08:00,37.75122298123366,39.789205180387434,36.44108839431204,38.77021408081055,6318000,0.0,0.0
2021-04-21 00:00:00+08:00,38.04236101685092,39.6436316133835,37.41155509267432,37.8482666015625,5235000,0.0,0.0
2021-04-22 00:00:00+08:00,38.38202475689876,38.527596498767764,34.06343960528866,34.25753402709961,10414000,0.0,0.0
2021-04-23 00:00:00+08:00,34.45162968687922,37.6541748046875,32.99592702405334,37.6541748046875,8008000,0.0,0.0
2021-04-26 00:00:00+08:00,39.886252574428354,40.75967567689344,37.799747588384854,39.10987854003906,11630000,0.0,0.0
2021-04-27 00:00:00+08:00,38.33350263416433,38.430547995458845,37.26598885175173,37.50860595703125,4989000,0.0,0.0
2021-04-28 00:00:00+08:00,37.508605089377234,38.33350174742869,35.95585343028082,36.10142517089844,5279000,0.0,0.0
2021-04-29 00:00:00+08:00,35.81028788378163,36.10142768323445,34.50015323317885,34.59720230102539,5383000,0.0,0.0
2021-05-03 00:00:00+08:00,33.966395069726495,33.966395069726495,31.152035140274705,31.2005615234375,7874000,0.0,0.0
2021-05-04 00:00:00+08:00,31.5402244201967,34.11196727681468,28.095062185476188,33.19002151489258,9875000,0.0,0.0
2021-05-05 00:00:00+08:00,31.637271412543882,32.4136491691078,29.938953399658203,29.938953399658203,5877000,0.0,0.0
2021-05-06 00:00:00+08:00,28.82291426478872,30.909421102578218,28.48324993049236,28.53177261352539,5070000,0.0,0.0
2021-05-07 00:00:00+08:00,29.308148095435705,31.34613037109375,28.774389334317235,31.34613037109375,5215000,0.0,0.0
2021-05-10 00:00:00+08:00,30.569756210623165,30.957943220871186,29.356670646709546,29.405193328857422,5057000,0.0,0.0
2021-05-11 00:00:00+08:00,28.095061131442193,28.822912436909384,26.4937867785971,26.639358520507812,6442000,0.0,0.0
2021-05-12 00:00:00+08:00,26.493787228625546,28.628818501337317,24.06761616919018,26.39674186706543,8390000,0.0,0.0
2021-05-13 00:00:00+08:00,24.79546773871284,27.464255931181885,24.164663627060847,26.44526481628418,4675000,0.0,0.0
2021-05-14 00:00:00+08:00,27.076068356821125,28.6288181880735,25.668890268359284,25.7174129486084,4385000,0.0,0.0
2021-05-17 00:00:00+08:00,23.630907994632455,24.84399360163595,23.145673751831055,23.145673751831055,3914000,0.0,0.0
2021-05-18 00:00:00+08:00,23.388289293619618,25.426273345947266,23.388289293619618,25.426273345947266,4211000,0.0,0.0
2021-05-19 00:00:00+08:00,25.183657811963542,27.949491500854492,25.183657811963542,27.949491500854492,4958000,0.0,0.0
2021-05-20 00:00:00+08:00,28.240630703650208,28.628817691981233,25.717412502966194,25.96002960205078,4527000,0.0,0.0
2021-05-21 00:00:00+08:00,26.687883608719748,27.949491911632343,26.299696580979084,27.367212295532227,3049000,0.0,0.0
2021-05-24 00:00:00+08:00,26.687884080379295,28.9199609176023,26.202649824372397,28.095064163208008,3886000,0.0,0.0
2021-05-25 00:00:00+08:00,28.628820290447216,30.860897064208984,28.143586048236248,30.860897064208984,7588000,0.0,0.0
2021-05-26 00:00:00+08:00,30.90942323155113,33.432641794518496,30.569758873859435,31.78284454345703,9801000,0.0,0.0
2021-05-27 00:00:00+08:00,31.734319300176633,32.26807621138485,30.13304486450861,30.7153263092041,4846000,0.0,0.0
2021-05-28 00:00:00+08:00,31.54022439867246,31.63726976215874,30.472708741128447,30.957942962646484,3899000,0.0,0.0
2021-05-31 00:00:00+08:00,31.103512722813004,31.49170157914635,30.133044284022937,30.61827850341797,4348000,0.0,0.0
2021-06-01 00:00:00+08:00,31.249083778451066,33.675254821777344,30.66680235784844,33.675254821777344,11945000,0.0,0.0
2021-06-02 00:00:00+08:00,33.67525641760299,33.67525641760299,31.63727042340554,32.02545928955078,10278000,0.0,0.0
2021-06-03 00:00:00+08:00,32.025458757267444,32.171030505163266,31.15203567397918,31.297607421875,3947000,0.0,0.0
2021-06-04 00:00:00+08:00,30.81237455274238,30.860897236826187,29.599288940429688,29.599288940429688,4807000,0.0,0.0
2021-06-07 00:00:00+08:00,29.599288084488443,30.181569531764683,28.822914055467912,29.453718185424805,2571000,0.0,0.0
2021-06-08 00:00:00+08:00,29.59928867485939,30.32714003571659,29.308148870925205,29.550765991210938,1611000,0.0,0.0
2021-06-09 00:00:00+08:00,29.987476277226317,32.413649378040205,29.793383687856007,31.588748931884766,7923000,0.0,0.0
2021-06-10 00:00:00+08:00,30.181567049355763,34.742767333984375,30.133042519644523,34.742767333984375,21063000,0.0,0.0
2021-06-11 00:00:00+08:00,34.93686331633798,38.187931060791016,34.93686331633798,38.187931060791016,24783000,0.0,0.0
2021-06-15 00:00:00+08:00,40.031822403042305,41.97275924682617,38.81873687567739,41.97275924682617,23428000,0.0,0.0
2021-06-16 00:00:00+08:00,40.27444131335666,41.48752689508427,37.799747467041016,37.799747467041016,20733000,0.0,0.0
2021-06-17 00:00:00+08:00,36.78075795437666,41.050817170714126,35.51914593164347,40.66263198852539,16585000,0.0,0.0
2021-06-18 00:00:00+08:00,40.808196844149755,40.905245908620806,38.86725997924805,38.86725997924805,12393000,0.0,0.0
2021-06-21 00:00:00+08:00,37.168940696358916,38.333503570556644,36.198472251534696,36.3925666809082,9231000,0.0,0.0
2021-06-22 00:00:00+08:00,36.87779851471882,37.557127122503836,33.86934801144057,34.742767333984375,12791000,0.0,0.0
2021-06-23 00:00:00+08:00,35.228006111504435,37.605654697290205,34.160492233172974,36.14995193481445,9050000,0.0,0.0
2021-06-24 00:00:00+08:00,35.2280036527717,36.10142673011415,34.79129211410047,35.082435607910156,5200000,0.0,0.0
2021-06-25 00:00:00+08:00,35.519145169852315,36.68370809552887,35.22800536394404,35.37357711791992,5213000,0.0,0.0
2021-06-28 00:00:00+08:00,35.56767272949219,36.295524119301355,34.7427722664823,35.56767272949219,4200000,0.0,0.0
2021-06-29 00:00:00+08:00,36.198471144848654,36.198471144848654,34.791291202466205,34.93686294555664,4584000,0.0,0.0
2021-06-30 00:00:00+08:00,35.13095652037386,35.27652455790474,33.96639370991114,34.16048812866211,6669000,0.0,0.0
2021-07-01 00:00:00+08:00,34.35458841276728,34.93686806638961,32.510696672890326,32.55921936035156,8013000,0.0,0.0
2021-07-02 00:00:00+08:00,32.995927474854525,35.81028747558594,32.02545901971175,35.81028747558594,19017000,0.0,0.0
2021-07-05 00:00:00+08:00,37.460081018627115,39.35249525317871,36.39256719505615,37.751224517822266,32702000,0.0,0.0
2021-07-06 00:00:00+08:00,37.5571288958927,38.67316536662558,36.39256604213571,36.92632293701172,11403000,0.0,0.0
2021-07-07 00:00:00+08:00,36.14995290132947,40.12887241099391,36.10143021502501,38.91578674316406,28839000,0.0,0.0
2021-07-08 00:00:00+08:00,39.88625203010375,41.730143575902844,38.91578357485019,39.01283264160156,37179000,0.0,0.0
2021-07-09 00:00:00+08:00,38.333502817153935,40.759673881530766,37.848268604278566,38.8187370300293,14242000,0.0,0.0
2021-07-12 00:00:00+08:00,39.20692668854807,40.759674720908194,38.43054897032468,40.22591781616211,17835000,0.0,0.0
2021-07-13 00:00:00+08:00,40.85671851200727,43.67107837712837,39.01283075730998,40.61410140991211,40627000,0.0,0.0
2021-07-14 00:00:00+08:00,42.50651969743335,43.08880302054772,39.59511418799211,39.98330307006836,23705000,0.0,0.0
2021-07-15 00:00:00+08:00,40.42001111656805,41.05081336744867,37.8967910069159,38.139408111572266,15288000,0.0,0.0
2021-07-16 00:00:00+08:00,37.2659870577403,39.10987474787264,37.2659870577403,37.8482666015625,7476000,0.0,0.0
2021-07-19 00:00:00+08:00,37.8482710889507,38.28498264961652,37.168942405919815,37.31451416015625,5735000,0.0,0.0
2021-07-20 00:00:00+08:00,36.87779944919397,38.81873626230944,36.19847082419492,36.78075408935547,11700000,0.0,0.0
2021-07-21 00:00:00+08:00,37.12041763227238,38.236457813144945,36.39256630614939,36.97484588623047,7062000,0.0,0.0
2021-07-22 00:00:00+08:00,37.75122646291384,40.66263198852539,37.26599220864525,40.66263198852539,28375000,0.0,0.0
2021-07-23 00:00:00+08:00,41.244910589731404,43.28289292628897,38.86726206238525,39.20692825317383,57261000,0.0,0.0
2021-07-26 00:00:00+08:00,39.59511369343412,40.371487745845876,39.01283407963619,39.25545120239258,14375000,0.0,0.0
2021-07-27 00:00:00+08:00,39.98329923346678,41.92423605351814,39.25544792594752,39.35249328613281,25026000,0.0,0.0
2021-07-28 00:00:00+08:00,39.3524928256226,39.78920434543232,35.422096551421454,36.10142517089844,16852000,0.0,0.0
2021-07-29 00:00:00+08:00,35.81028812324902,37.217464447021484,35.81028812324902,37.217464447021484,8534000,0.0,0.0
2021-07-30 00:00:00+08:00,36.92632622387134,38.09088918128758,36.780758167971555,36.829280853271484,7238000,0.0,0.0
2021-08-02 00:00:00+08:00,37.265987396240234,38.28497845820647,36.63518146633381,37.265987396240234,9152000,0.0,0.0
2021-08-03 00:00:00+08:00,37.46008316625774,37.84827205274434,36.780758167971555,36.829280853271484,2911000,0.0,0.0
2021-08-04 00:00:00+08:00,37.265992743475145,37.41156080061873,36.10142977610837,36.24699783325195,4090000,0.0,0.0
2021-08-05 00:00:00+08:00,36.538141351626365,37.023375612858885,36.05290709039384,36.24699783325195,3558000,0.0,0.0
2021-08-06 00:00:00+08:00,36.58666084111055,37.21746310437943,36.19847198521948,36.34404373168945,4595000,0.0,0.0
2021-08-09 00:00:00+08:00,36.101429453268345,36.683709080722835,34.500154924703104,34.888343811035156,5693000,0.0,0.0
2021-08-10 00:00:00+08:00,35.08243656488396,35.42209904753613,33.190022313716504,33.33559036254883,5011000,0.0,0.0
2021-08-11 00:00:00+08:00,33.33558967780473,33.529684107637685,31.054990307886637,31.92841339111328,4978000,0.0,0.0
2021-08-12 00:00:00+08:00,32.89888264258622,33.28706780969963,32.36512202198474,32.70478820800781,2258000,0.0,0.0
2021-08-13 00:00:00+08:00,32.51069270280417,32.94740424071318,30.957942830376357,31.24908447265625,2850000,0.0,0.0
2021-08-16 00:00:00+08:00,31.249086113583648,31.491703236046185,29.30814913388334,29.599288940429688,4075000,0.0,0.0
2021-08-17 00:00:00+08:00,29.599288940429688,29.599288940429688,29.599288940429688,29.599288940429688,0,0.0,0.0
2021-08-18 00:00:00+08:00,28.143585267072503,30.860896207622552,27.367211241492967,30.7153263092041,4383000,0.0,0.0
2021-08-19 00:00:00+08:00,29.98747544653837,30.42418699981224,28.62881995449547,28.871437072753906,2879000,0.0,0.0
2021-08-20 00:00:00+08:00,29.017006973504625,29.550765744286213,28.1921084012216,28.871437072753906,2597000,0.0,0.0
2021-08-23 00:00:00+08:00,29.647812627258066,31.540226986879563,29.647812627258066,31.394655227661133,3299000,0.0,0.0
2021-08-24 00:00:00+08:00,32.122505659374575,32.122505659374575,29.841906180087715,29.938953399658203,4142000,0.0,0.0
2021-08-25 00:00:00+08:00,29.987474260112883,31.928412980410723,29.987474260112883,30.909420013427734,4061000,0.0,0.0
2021-08-26 00:00:00+08:00,30.957942556111707,31.831363773170214,30.327138446626208,30.56975555419922,2372000,0.0,0.0
2021-08-27 00:00:00+08:00,30.666803964644394,31.0064682987112,29.7933827134881,30.133045196533203,1831000,0.0,0.0
2021-08-30 00:00:00+08:00,30.27861774264404,30.618280234608125,29.59928905667237,29.938953399658203,1942000,0.0,0.0
2021-08-31 00:00:00+08:00,30.472708855809184,30.81237318235443,29.55076494206827,29.696334838867188,3152000,0.0,0.0
2021-09-01 00:00:00+08:00,30.230091241852254,31.637269355556512,29.93895145309182,31.2005615234375,4667000,0.0,0.0
2021-09-02 00:00:00+08:00,31.588747752344826,32.753310649168384,30.375662172745997,30.42418670654297,6325000,0.0,0.0
2021-09-03 00:00:00+08:00,31.0064672787287,31.152035322940847,30.0845215238786,30.278615951538086,2171000,0.0,0.0
2021-09-06 00:00:00+08:00,30.666804400112085,30.666804400112085,28.82291465459413,28.919960021972656,2920000,0.0,0.0
2021-09-07 00:00:00+08:00,29.21110067734606,29.405193256481507,28.14358501352525,28.434724807739258,1999000,0.0,0.0
2021-09-08 00:00:00+08:00,28.72586799769956,28.8229152179968,27.658352276473423,28.046539306640625,2070000,0.0,0.0
2021-09-09 00:00:00+08:00,27.80392183363549,28.822914857478267,27.706874614552117,28.628820419311523,1079000,0.0,0.0
2021-09-10 00:00:00+08:00,28.628820075496787,29.405194116796487,28.434725639661004,29.211101531982422,1462000,0.0,0.0
2021-09-13 00:00:00+08:00,29.162577077146715,29.55076594987831,28.43472571730756,28.580297470092773,1335000,0.0,0.0
2021-09-14 00:00:00+08:00,28.58029809276458,29.065532343229023,27.99801662200289,28.046539306640625,1136000,0.0,0.0
2021-09-15 00:00:00+08:00,27.658351309310905,28.434725342496915,27.561304092407227,27.561304092407227,1543000,0.0,0.0
2021-09-16 00:00:00+08:00,27.658352370810718,27.998016717498714,27.415735244750977,27.415735244750977,997000,0.0,0.0
2021-09-17 00:00:00+08:00,27.70687441952377,29.017007240372912,27.65835173583451,28.919960021972656,2541000,0.0,0.0
2021-09-22 00:00:00+08:00,27.90096976549047,27.949492450760864,27.415735508699328,27.464258193969727,1627000,0.0,0.0
2021-09-23 00:00:00+08:00,27.85244708022007,28.53177392911459,27.415735508699328,27.464258193969727,1024000,0.0,0.0
2021-09-24 00:00:00+08:00,27.949490967808725,28.14358540063558,27.56130395317671,27.852445602416992,904000,0.0,0.0
2021-09-27 00:00:00+08:00,28.143585976814062,29.502241481352463,27.998016074724543,28.919960021972656,3005000,0.0,0.0
2021-09-28 00:00:00+08:00,28.968483428792478,29.405193118057692,28.628819103127313,28.725866317749023,1953000,0.0,0.0
2021-09-29 00:00:00+08:00,28.14358554280759,28.14358554280759,27.367211509621576,27.561304092407227,2004000,0.0,0.0
2021-09-30 00:00:00+08:00,28.046538653611297,28.046538653611297,27.46425719640732,27.60982894897461,833000,0.0,0.0
2021-10-01 00:00:00+08:00,26.979021426934295,27.367210277065876,25.28070168618429,25.76593589782715,2615000,0.0,0.0
2021-10-04 00:00:00+08:00,26.105601082700446,26.445265412329196,24.31023406982422,24.31023406982422,2584000,0.0,0.0
2021-10-05 00:00:00+08:00,24.0676159058362,26.008552732146267,23.145672023951878,25.7174129486084,2547000,0.0,0.0
2021-10-06 00:00:00+08:00,26.202648366467507,26.542312696977906,25.232179908450192,25.280702590942383,1573000,0.0,0.0
2021-10-07 00:00:00+08:00,25.57184290228495,27.02754551321933,25.57184290228495,26.639358520507812,1683000,0.0,0.0
2021-10-08 00:00:00+08:00,26.736406551374984,27.658352370810718,26.493789425315242,27.415735244750977,2092000,0.0,0.0
2021-10-12 00:00:00+08:00,27.367209490878764,28.43472324500893,26.348216565088745,26.59083366394043,2690000,0.0,0.0
2021-10-13 00:00:00+08:00,26.784929733739187,26.979022314166286,24.795468289965076,24.9410400390625,2762000,0.0,0.0
2021-10-14 00:00:00+08:00,25.523319833677256,26.057078598881425,24.698423121035564,25.6203670501709,1838000,0.0,0.0
2021-10-15 00:00:00+08:00,26.251169799112503,27.658349736648894,26.057077227363013,26.348217010498047,2372000,0.0,0.0
2021-10-18 00:00:00+08:00,26.687882707499256,27.998015501526286,26.590835491085826,27.852445602416992,2999000,0.0,0.0
2021-10-19 00:00:00+08:00,27.65835189819336,28.774390288793303,27.173117654365406,27.65835189819336,3545000,0.0,0.0
2021-10-20 00:00:00+08:00,27.561303574075566,28.725866452974934,27.561303574075566,28.434724807739258,2829000,0.0,0.0
2021-10-21 00:00:00+08:00,28.774390410419553,29.55076631443898,27.755399234482383,27.998016357421875,3983000,0.0,0.0
2021-10-22 00:00:00+08:00,28.14358591378059,28.968484491802645,27.80392157565131,28.580297470092773,2027000,0.0,0.0
2021-10-25 00:00:00+08:00,28.483250720810293,28.919960433290004,28.095063692709964,28.33768081665039,1219000,0.0,0.0
2021-10-26 00:00:00+08:00,28.82291454060553,31.152036666870117,28.580297421075255,31.152036666870117,9972000,0.0,0.0
2021-10-27 00:00:00+08:00,32.12250374133244,33.8208235038328,31.87988663240381,32.51069259643555,24085000,0.0,0.0
2021-10-28 00:00:00+08:00,31.831364388224795,32.75331015522498,30.472708929767943,30.66680335998535,8034000,0.0,0.0
2021-10-29 00:00:00+08:00,31.297608305768268,31.297608305768268,29.647811158543888,29.84190559387207,5059000,0.0,0.0
2021-11-01 00:00:00+08:00,30.03599995390071,31.200562860906825,30.03599995390071,30.47270965576172,2793000,0.0,0.0
2021-11-02 00:00:00+08:00,30.763851510434765,33.48116250996529,30.08452283504127,30.181570053100586,8780000,0.0,0.0
2021-11-03 00:00:00+08:00,30.133045663898447,30.666804440288264,29.405194301475568,29.89042854309082,2688000,0.0,0.0
2021-11-04 00:00:00+08:00,30.133045270299448,30.472709605197764,29.502241134643555,29.502241134643555,1863000,0.0,0.0
2021-11-05 00:00:00+08:00,29.89042741759185,29.98747463246502,29.211100615523023,29.696334838867188,1243000,0.0,0.0
2021-11-08 00:00:00+08:00,30.37566251449199,30.569756949820167,29.647811158543888,29.84190559387207,1339000,0.0,0.0
2021-11-09 00:00:00+08:00,29.841905003831187,30.569756345388043,29.696335105724152,29.744857788085938,2015000,0.0,0.0
2021-11-10 00:00:00+08:00,29.744857652190095,30.0845219802358,29.30814795986419,30.035999298095703,1524000,0.0,0.0
2021-11-11 00:00:00+08:00,30.035999107718236,30.957943019688248,29.890427360177274,30.327138900756836,3246000,0.0,0.0
2021-11-12 00:00:00+08:00,30.666803929167123,33.33559036254883,30.618279395201313,33.33559036254883,14417000,0.0,0.0
2021-11-15 00:00:00+08:00,34.35458546820895,36.10142798139645,33.772302162450835,34.01491928100586,35062000,0.0,0.0
2021-11-16 00:00:00+08:00,34.06344004981278,35.03390846948886,32.41364669799805,32.41364669799805,10801000,0.0,0.0
2021-11-17 00:00:00+08:00,32.99592877816463,34.25753707927399,32.80183433906084,33.481163024902344,6027000,0.0,0.0
2021-11-18 00:00:00+08:00,33.48116065245869,34.45162907716764,32.656263972273386,33.09297180175781,4423000,0.0,0.0
2021-11-19 00:00:00+08:00,33.675259682178734,33.86935413406742,32.510696672890326,32.55921936035156,3203000,0.0,0.0
2021-11-22 00:00:00+08:00,32.995928008853724,33.43263956114429,32.5106937734294,32.70478820800781,2021000,0.0,0.0
2021-11-23 00:00:00+08:00,32.99592966563158,32.99592966563158,31.68579864501953,31.68579864501953,2351000,0.0,0.0
2021-11-24 00:00:00+08:00,31.831364325175137,32.219553184841054,31.685796279332916,31.92841339111328,1387000,0.0,0.0
2021-11-25 00:00:00+08:00,32.07398393394111,32.41365013810291,31.346132541936196,31.394655227661133,1326000,0.0,0.0
2021-11-26 00:00:00+08:00,31.05499043121115,31.394652908235184,29.696334970049996,30.035999298095703,2926000,0.0,0.0
2021-11-29 00:00:00+08:00,28.04653773908836,30.424186173883434,28.04653773908836,29.696334838867188,2445000,0.0,0.0
2021-11-30 00:00:00+08:00,30.035999107718236,30.860895805001494,30.035999107718236,30.327138900756836,1412000,0.0,0.0
2021-12-01 00:00:00+08:00,29.59928738613514,31.297607154192075,29.59928738613514,31.24908447265625,1932000,0.0,0.0
2021-12-02 00:00:00+08:00,30.909420200420673,31.49170163493049,29.98747444152832,29.98747444152832,2317000,0.0,0.0
2021-12-03 00:00:00+08:00,30.52123346283313,31.0549903693985,30.1815691354635,30.66680335998535,1447000,0.0,0.0
2021-12-06 00:00:00+08:00,30.66680607115142,33.72378158569336,30.084524580042995,33.72378158569336,4990000,0.0,0.0
2021-12-07 00:00:00+08:00,35.42210010106554,36.68370840535232,32.559217297694005,34.79129409790039,40343000,0.0,0.0
2021-12-08 00:00:00+08:00,36.63518342593495,38.23645782470703,36.149949208372895,38.23645782470703,42096000,0.0,0.0
2021-12-09 00:00:00+08:00,39.10987887268524,39.49806774420331,35.90733363981329,35.95585632324219,59018000,0.0,0.0
2021-12-10 00:00:00+08:00,36.68370673782584,37.799746938219094,36.489612307056134,37.071895599365234,19700000,0.0,0.0
2021-12-13 00:00:00+08:00,37.99383865013127,40.759672059034216,37.50860445895229,38.52759552001953,39205000,0.0,0.0
2021-12-14 00:00:00+08:00,37.848272270076805,38.52760097430742,35.228006526355074,35.56767272949219,16026000,0.0,0.0
2021-12-15 00:00:00+08:00,34.645723089145406,37.16893948246582,34.645723089145406,36.19847106933594,9987000,0.0,0.0
2021-12-16 00:00:00+08:00,36.39256495009053,37.46007870780926,35.90733075075599,36.10142517089844,11947000,0.0,0.0
2021-12-17 00:00:00+08:00,35.9558582379021,36.82928139430605,34.742772577365294,34.985389709472656,7752000,0.0,0.0
2021-12-20 00:00:00+08:00,34.93686531973886,35.42209956029078,34.014919522281495,34.69424819946289,4853000,0.0,0.0
2021-12-21 00:00:00+08:00,35.32505570131883,35.32505570131883,33.96639828894364,34.306060791015625,5587000,0.0,0.0
2021-12-22 00:00:00+08:00,34.839816743268955,35.22800187872778,34.16048812866211,34.16048812866211,5047000,0.0,0.0
2021-12-23 00:00:00+08:00,34.64572525024414,35.4706219720419,34.45163081510248,34.64572525024414,6366000,0.0,0.0
2021-12-24 00:00:00+08:00,35.27652622513254,36.19847198124003,35.03390911573811,35.71323776245117,8804000,0.0,0.0
2021-12-27 00:00:00+08:00,35.90733128580561,36.87779969893549,35.567668822027436,36.19847106933594,7738000,0.0,0.0
2021-12-28 00:00:00+08:00,36.7322276574259,36.780754039322325,35.27652504956951,35.519142150878906,4727000,0.0,0.0
2021-12-29 00:00:00+08:00,35.71323814509699,36.14994968709472,35.130958557128906,35.130958557128906,3315000,0.0,0.0
2021-12-30 00:00:00+08:00,35.47062020822678,35.519142889088485,34.2575346764677,34.354583740234375,4465000,0.0,0.0
2022-01-03 00:00:00+08:00,34.54867346179385,37.557127714539234,34.06343926316166,37.363033294677734,20286000,0.0,0.0
2022-01-04 00:00:00+08:00,37.65417546050789,39.78920681024689,36.877801433887356,37.120418548583984,41044000,0.0,0.0
2022-01-05 00:00:00+08:00,37.217466355717,38.72169552717271,36.19847514753742,36.24699783325195,16391000,0.0,0.0
2022-01-06 00:00:00+08:00,35.85880977666355,36.82927822148777,35.03390937733697,36.3925666809082,5105000,0.0,0.0
2022-01-07 00:00:00+08:00,36.10142607550693,36.780754712006136,35.03390858899582,35.61619186401367,5171000,0.0,0.0
2022-01-10 00:00:00+08:00,34.50015141832854,35.90733136071099,34.50015141832854,34.93686294555664,3163000,0.0,0.0
2022-01-11 00:00:00+08:00,34.93686175078625,35.42209594176939,34.354582202423714,34.742767333984375,2734000,0.0,0.0
2022-01-12 00:00:00+08:00,35.13095652037386,35.713236074583655,34.16048812866211,34.16048812866211,2457000,0.0,0.0
2022-01-13 00:00:00+08:00,34.54867688690791,34.54867688690791,33.481163024902344,33.481163024902344,2437000,0.0,0.0
2022-01-14 00:00:00+08:00,33.287066054480576,33.481160478824435,32.12250321046064,32.41364669799805,3176000,0.0,0.0
2022-01-17 00:00:00+08:00,32.99592638154144,35.61619186401367,32.99592638154144,35.61619186401367,7561000,0.0,0.0
2022-01-18 00:00:00+08:00,35.56766998433586,37.26598976281218,35.228003807414595,35.76176071166992,13403000,0.0,0.0
2022-01-19 00:00:00+08:00,35.27652417194331,36.34404161237236,34.936861719377696,36.00437545776367,4615000,0.0,0.0
2022-01-20 00:00:00+08:00,36.24699466271026,36.68370620002889,35.47062065305675,35.71323776245117,4119000,0.0,0.0
2022-01-21 00:00:00+08:00,35.2280045828326,36.00437861538791,34.54867591608042,34.59720230102539,3599000,0.0,0.0
2022-01-24 00:00:00+08:00,33.77230125185056,35.22800392393069,32.99592723381648,34.500152587890625,4053000,0.0,0.0
2022-01-25 00:00:00+08:00,34.06344050963915,34.742769152991386,33.772300720214844,33.772300720214844,2352000,0.0,0.0
2022-01-26 00:00:00+08:00,33.96639727164006,34.742771326011706,33.481163024902344,33.481163024902344,2663000,0.0,0.0
2022-02-07 00:00:00+08:00,33.57820796537607,34.93686531973886,33.57820796537607,34.69424819946289,1968000,0.0,0.0
2022-02-08 00:00:00+08:00,34.93686375279766,37.36303484674195,34.93686375279766,35.71323776245117,9785000,0.0,0.0
2022-02-09 00:00:00+08:00,35.810285391706344,36.78075379037542,35.56766829203907,36.10142517089844,4516000,0.0,0.0
2022-02-10 00:00:00+08:00,36.829278491722306,37.12041828689714,36.101427152763534,36.44108963012695,6273000,0.0,0.0
2022-02-11 00:00:00+08:00,36.34404227056571,36.683704729282624,35.90733075075599,36.10142517089844,2577000,0.0,0.0
2022-02-14 00:00:00+08:00,35.42209901648228,35.47062169938384,34.50015323317885,34.59720230102539,3374000,0.0,0.0
2022-02-15 00:00:00+08:00,34.88833990870037,36.780754039322325,34.7912908469507,35.519142150878906,8409000,0.0,0.0
2022-02-16 00:00:00+08:00,36.53813789010208,37.12041746760006,35.95585461056082,36.2955207824707,8003000,0.0,0.0
2022-02-17 00:00:00+08:00,36.58666204312986,36.87780184359164,35.81028800788398,35.90733337402344,5241000,0.0,0.0
2022-02-18 00:00:00+08:00,35.616194473626344,36.34404584419619,35.32505466580711,36.05290603637695,2659000,0.0,0.0
2022-02-21 00:00:00+08:00,35.95585566727859,37.023373193456194,35.47062143775514,36.4896125793457,5886000,0.0,0.0
2022-02-22 00:00:00+08:00,36.392564642919254,36.58665906142345,35.373573573326134,35.422096252441406,4415000,0.0,0.0
2022-02-23 00:00:00+08:00,35.907331215945675,38.09088514123967,35.66471411313523,37.460079193115234,18893000,0.0,0.0
2022-02-24 00:00:00+08:00,37.60565514014041,38.624646345464534,35.42210097071291,35.56767272949219,38981000,0.0,0.0
2022-02-25 00:00:00+08:00,36.14994903707458,37.55712900174519,35.95585461056082,36.2955207824707,12041000,0.0,0.0
2022-03-01 00:00:00+08:00,36.82927767885107,36.877800359968695,36.14994903707458,36.2955207824707,4776000,0.0,0.0
2022-03-02 00:00:00+08:00,35.810289437720876,36.246997304828746,35.56767231064158,36.14995193481445,3200000,0.0,0.0
2022-03-03 00:00:00+08:00,36.39256852849214,36.73223102060733,36.05290603637695,36.05290603637695,4176000,0.0,0.0
2022-03-04 00:00:00+08:00,35.907334582772826,36.149951708332104,35.47062301635742,35.47062301635742,3620000,0.0,0.0
2022-03-07 00:00:00+08:00,35.03390961334928,35.03390961334928,33.86935043334961,33.86935043334961,4318000,0.0,0.0
2022-03-08 00:00:00+08:00,32.75330916406738,34.20901179358149,32.36512031537966,32.41364669799805,3507000,0.0,0.0
2022-03-09 00:00:00+08:00,33.33558890793505,33.52968333328549,32.75330933392698,33.09297180175781,1451000,0.0,0.0
2022-03-10 00:00:00+08:00,33.91787273470621,34.20901252643744,33.57820655931702,33.820823669433594,1788000,0.0,0.0
2022-03-11 00:00:00+08:00,33.77230406388049,33.77230406388049,32.99592998120211,33.04445266723633,1742000,0.0,0.0
2022-03-14 00:00:00+08:00,33.38411529080509,33.772300439462725,32.85035469558058,33.09297180175781,1269000,0.0,0.0
2022-03-15 00:00:00+08:00,33.141499778515886,33.141499778515886,32.07398223876953,32.07398223876953,1629000,0.0,0.0
2022-03-16 00:00:00+08:00,32.656264254184386,32.80183229792142,30.957942645261042,31.540224075317383,2292000,0.0,0.0
2022-03-17 00:00:00+08:00,32.41365096969275,33.335593128250345,32.21955651976979,33.141502380371094,2237000,0.0,0.0
2022-03-18 00:00:00+08:00,32.94740375927742,33.675255077809126,32.85035469558058,33.09297180175781,1437000,0.0,0.0
2022-03-21 00:00:00+08:00,33.481161845597285,33.772301642976416,32.99592761595095,33.28706741333008,1328000,0.0,0.0
2022-03-22 00:00:00+08:00,33.287069799451054,33.43264155959734,33.04445266723633,33.04445266723633,890000,0.0,0.0
2022-03-23 00:00:00+08:00,33.57820619891887,35.373575015737664,33.28706641031247,35.03390884399414,10508000,0.0,0.0
2022-03-24 00:00:00+08:00,34.25753547587727,35.2765266059247,34.25753547587727,34.500152587890625,2864000,0.0,0.0
2022-03-25 00:00:00+08:00,34.839816393406856,34.88833907209655,33.966393368819965,34.742767333984375,3113000,0.0,0.0
2022-03-28 00:00:00+08:00,34.74276768287191,34.74276768287191,33.77229929116016,34.16048812866211,1286000,0.0,0.0
2022-03-29 00:00:00+08:00,34.54867647112265,34.83981997729624,34.06344223022461,34.06344223022461,1126000,0.0,0.0
2022-03-30 00:00:00+08:00,34.500151947875196,35.955854592950466,34.45162926678134,35.03390884399414,10121000,0.0,0.0
2022-03-31 00:00:00+08:00,35.179482440014816,35.616193996920245,34.69424819946289,34.69424819946289,2328000,0.0,0.0
2022-04-01 00:00:00+08:00,34.45162937069333,34.45162937069333,34.06344051668511,34.403106689453125,1035000,0.0,0.0
2022-04-06 00:00:00+08:00,34.25753574085013,34.59720192152206,33.91787326222156,34.548675537109375,989000,0.0,0.0
2022-04-07 00:00:00+08:00,34.3060590828632,35.179482190478666,33.96639659770354,34.01491928100586,3664000,0.0,0.0
2022-04-08 00:00:00+08:00,34.548677389417506,34.5972037764319,34.063443135622066,34.209014892578125,939000,0.0,0.0
2022-04-11 00:00:00+08:00,34.35458493977804,34.59720205460121,33.28706741333008,33.28706741333008,1717000,0.0,0.0
2022-04-12 00:00:00+08:00,32.70478794152744,33.529684654210115,32.41364814305376,32.65626525878906,1538000,0.0,0.0
2022-04-13 00:00:00+08:00,33.19002151489258,33.481161307593425,32.99592708574424,33.19002151489258,854000,0.0,0.0
2022-04-14 00:00:00+08:00,33.43264037354863,33.57820842648714,32.80183437135123,32.85035705566406,1059000,0.0,0.0
2022-04-15 00:00:00+08:00,32.55921647446058,32.607739157621,32.02545955560911,32.07398223876953,1655000,0.0,0.0
2022-04-18 00:00:00+08:00,32.12250357083832,32.17102995400111,31.05498977803565,31.2005615234375,1484000,0.0,0.0
2022-04-19 00:00:00+08:00,31.443180084228516,32.025459688659495,31.443180084228516,31.443180084228516,791000,0.0,0.0
2022-04-20 00:00:00+08:00,31.92841347024758,31.92841347024758,31.297607497237852,31.637269973754883,716000,0.0,0.0
2022-04-21 00:00:00+08:00,31.68579655173233,31.831364598825985,31.24908500636465,31.34613037109375,1217000,0.0,0.0
2022-04-22 00:00:00+08:00,31.249084938823145,31.29760762108282,30.32713916771591,30.375661849975586,1922000,0.0,0.0
2022-04-25 00:00:00+08:00,29.599289396889187,29.599289396889187,28.38620376586914,28.38620376586914,2185000,0.0,0.0
2022-04-26 00:00:00+08:00,28.822914137061172,29.065531253194614,28.095062788660858,28.192108154296875,1409000,0.0,0.0
2022-04-27 00:00:00+08:00,27.367212823428932,27.6098299518245,25.911510053055515,27.464258193969727,2209000,0.0,0.0
2022-04-28 00:00:00+08:00,27.949492450760864,28.240634115448625,26.833454030345603,27.464258193969727,1099000,0.0,0.0
2022-04-29 00:00:00+08:00,28.046538923051372,28.628820385849266,27.65835189819336,27.65835189819336,1115000,0.0,0.0
2022-05-03 00:00:00+08:00,27.46425687550355,28.04653832590391,27.415734192562564,27.561304092407227,465000,0.0,0.0
2022-05-04 00:00:00+08:00,27.949491234795122,28.386202787316364,27.7553986511359,27.900968551635742,851000,0.0,0.0
2022-05-05 00:00:00+08:00,28.677342901482877,29.405194262952207,28.386203097303838,28.919960021972656,2252000,0.0,0.0
2022-05-06 00:00:00+08:00,28.143585793097508,28.240633010864258,27.173117317473455,28.240633010864258,702000,0.0,0.0
2022-05-09 00:00:00+08:00,28.143587112426758,28.143587112426758,27.12459590566141,27.173118591308594,841000,0.0,0.0
2022-05-10 00:00:00+08:00,26.542312623959052,28.337679636556302,26.39674272586126,28.143585205078125,1360000,0.0,0.0
2022-05-11 00:00:00+08:00,28.38620305753292,28.822914614211353,27.949491500854492,27.949491500854492,1100000,0.0,0.0
2022-05-12 00:00:00+08:00,27.85244412268399,28.28915379681054,26.979021072387695,26.979021072387695,1116000,0.0,0.0
2022-05-13 00:00:00+08:00,27.561303825659845,27.658351041624265,27.31868671125963,27.512781143188477,586000,0.0,0.0
2022-05-16 00:00:00+08:00,28.046539191547716,28.38620353568332,27.51278225863588,27.70687484741211,1082000,0.0,0.0
2022-05-17 00:00:00+08:00,27.755398892070723,28.62882015367336,27.755398892070723,28.580297470092773,955000,0.0,0.0
2022-05-18 00:00:00+08:00,29.30814796456167,29.550765077344394,28.67734199050925,29.405193328857422,1696000,0.0,0.0
2022-05-19 00:00:00+08:00,28.192107951124733,29.16257640866461,28.192107951124733,29.11405372619629,1025000,0.0,0.0
2022-05-20 00:00:00+08:00,29.50224192647576,29.938953490355058,28.774390554024773,29.308149337768555,1398000,0.0,0.0
2022-05-23 00:00:00+08:00,32.21955490112305,32.21955490112305,32.025460460951,32.21955490112305,2247000,0.0,0.0
2022-05-24 00:00:00+08:00,33.72378037211054,34.64572618744025,31.588748931884766,31.588748931884766,16085000,0.0,0.0
2022-05-25 00:00:00+08:00,31.63726962698614,32.607738065875814,31.054990044469655,31.24908447265625,5067000,0.0,0.0
2022-05-26 00:00:00+08:00,31.491702619447015,33.7237793619902,31.249085501734857,32.70478820800781,6669000,0.0,0.0
2022-05-27 00:00:00+08:00,33.481160478824435,33.481160478824435,32.41364669799805,32.41364669799805,4581000,0.0,0.0
2022-05-30 00:00:00+08:00,32.60773938237317,33.77230229646723,32.60773938237317,33.384117126464844,5212000,0.0,0.0
2022-05-31 00:00:00+08:00,33.481161845597285,34.160490507510836,33.04445029850691,33.28706741333008,5304000,0.0,0.0
2022-06-01 00:00:00+08:00,33.77230427202663,34.40311030049016,33.5296871383166,33.72378158569336,5193000,0.0,0.0
2022-06-02 00:00:00+08:00,33.48116278746933,33.91787434684502,32.80183410644531,32.80183410644531,3236000,0.0,0.0
2022-06-06 00:00:00+08:00,32.70478633111028,35.17948004934523,32.41364654697261,34.93686294555664,10196000,0.0,0.0
2022-06-07 00:00:00+08:00,35.32505416870117,37.02337400946482,34.500153739104185,35.32505416870117,26438000,0.0,0.0
2022-06-08 00:00:00+08:00,35.37357735010306,36.39256852849214,34.64572597953322,36.05290603637695,10721000,0.0,0.0
2022-06-09 00:00:00+08:00,35.76176109873882,36.24699532641259,35.03390975722818,35.179481506347656,4904000,0.0,0.0
2022-06-10 00:00:00+08:00,35.13095790822512,35.713237485437915,34.74276905538774,35.03390884399414,3844000,0.0,0.0
2022-06-13 00:00:00+08:00,33.67525600266855,34.30605827482781,33.28706714130642,33.86935043334961,3421000,0.0,0.0
2022-06-14 00:00:00+08:00,33.77230189805393,34.74277036467642,33.67525653220905,33.96639633178711,3583000,0.0,0.0
2022-06-15 00:00:00+08:00,34.354584273324704,34.839818493557864,33.820823669433594,33.820823669433594,3256000,0.0,0.0
2022-06-16 00:00:00+08:00,34.257535603099385,34.69424714675391,32.60773849487305,32.60773849487305,3086000,0.0,0.0
2022-06-17 00:00:00+08:00,32.2680752107126,32.850354786329206,31.54022389017021,31.831363677978516,2697000,0.0,0.0
2022-06-20 00:00:00+08:00,32.2195546034338,32.31659997160142,29.599288940429688,29.599288940429688,2896000,0.0,0.0
2022-06-21 00:00:00+08:00,30.133044415861487,31.2490846061703,29.98747451961041,30.957942962646484,1716000,0.0,0.0
2022-06-22 00:00:00+08:00,31.34612974546641,31.34612974546641,29.599287300903704,29.647809982299805,1939000,0.0,0.0
2022-06-23 00:00:00+08:00,29.744858576826484,30.278617352068135,29.16257711793638,29.550765991210938,1374000,0.0,0.0
2022-06-24 00:00:00+08:00,29.987474838833155,30.569756281057636,29.89042762329213,30.375661849975586,1883000,0.0,0.0
2022-06-27 00:00:00+08:00,30.812374178758926,33.384117126464844,30.812374178758926,33.384117126464844,8589000,0.0,0.0
2022-06-28 00:00:00+08:00,33.384114747706064,33.48116010778091,32.268074596629425,32.99592590332031,7730000,0.0,0.0
2022-06-29 00:00:00+08:00,32.898883176330735,33.72377990911766,32.365122547069625,32.80183410644531,5584000,0.0,0.0
2022-06-30 00:00:00+08:00,32.55921586346971,32.75331029451253,30.90942060369246,31.006467819213867,3341000,0.0,0.0
2022-07-01 00:00:00+08:00,31.006468957256264,31.394654131546258,28.628820419311523,28.628820419311523,3465000,0.0,0.0
2022-07-04 00:00:00+08:00,28.72586801768626,29.69633651929038,28.580298112649995,29.01700782775879,1699000,0.0,0.0
2022-07-05 00:00:00+08:00,29.93895234858017,30.47270926094643,29.162576470294525,30.084522247314453,1501000,0.0,0.0
2022-07-06 00:00:00+08:00,30.084521769388022,30.3756615622315,28.725866317749023,28.725866317749023,1633000,0.0,0.0
2022-07-07 00:00:00+08:00,29.017007476315246,29.793383378808418,27.706874644813187,29.599288940429688,4021000,0.0,0.0
2022-07-08 00:00:00+08:00,29.841904795475553,30.13304458965689,29.017006243932872,29.06553077697754,2621000,0.0,0.0
2022-07-11 00:00:00+08:00,29.40519339133888,29.453717924611535,28.62881936919316,28.774389266967773,1169000,0.0,0.0
2022-07-12 00:00:00+08:00,28.434725342496915,28.483249876459606,27.318686975658885,27.561304092407227,1913000,0.0,0.0
2022-07-13 00:00:00+08:00,28.38620397640343,28.77439101100459,28.046539626994246,28.095064163208008,1523000,0.0,0.0
2022-07-14 00:00:00+08:00,28.046538295354946,30.181569660823506,27.60982859629663,29.79338264465332,4055000,0.0,0.0
2022-07-15 00:00:00+08:00,29.647811740946736,30.23009320734792,29.114054809841672,29.938953399658203,2830000,0.0,0.0
2022-07-18 00:00:00+08:00,30.230092273398476,30.763851039034982,29.987475157478713,30.42418670654297,2016000,0.0,0.0
2022-07-19 00:00:00+08:00,31.054990177154423,31.734318827688337,30.666803170144323,30.957942962646484,3830000,0.0,0.0
2022-07-20 00:00:00+08:00,31.540224999189377,32.268076345324516,31.054990768432617,31.054990768432617,3864000,0.0,0.0
2022-07-21 00:00:00+08:00,31.540226676368388,32.26807806120765,31.29760954808863,31.976938247680664,2988000,0.0,0.0
2022-07-22 00:00:00+08:00,32.80183649970149,33.14150271601764,32.17103415861793,32.55921936035156,5527000,0.0,0.0
2022-07-25 00:00:00+08:00,32.704790162953174,33.335592485485265,32.12250682441166,33.04445266723633,3854000,0.0,0.0
2022-07-26 00:00:00+08:00,32.80183553502161,33.238547113416836,32.51069571677267,33.04445266723633,2587000,0.0,0.0
2022-07-27 00:00:00+08:00,32.801833818396084,33.384117126464844,32.70478845140635,33.384117126464844,2466000,0.0,0.0
2022-07-28 00:00:00+08:00,33.7237772100112,33.86934895216665,32.70478612105259,32.99592590332031,3457000,0.0,0.0
2022-07-29 00:00:00+08:00,33.48116032282511,35.37357447278474,32.99592611524794,34.93686294555664,13478000,0.0,0.0
2022-08-01 00:00:00+08:00,34.83981902779337,36.10142727933648,34.45163016483701,35.179481506347656,8187000,0.0,0.0
2022-08-02 00:00:00+08:00,34.59720474786691,35.03391262691002,33.67525889936009,33.72378158569336,5137000,0.0,0.0
2022-08-03 00:00:00+08:00,34.06344089299511,34.839818609588455,32.99592708574424,33.19002151489258,5532000,0.0,0.0
2022-08-04 00:00:00+08:00,33.43263771744471,34.30605707181624,32.70478640444683,33.675254821777344,3200000,0.0,0.0
2022-08-05 00:00:00+08:00,34.11196507626518,36.7807531242732,33.820821600302565,36.00437545776367,18563000,0.0,0.0
2022-08-08 00:00:00+08:00,36.295523278008545,37.605654268480116,35.71323995843177,36.73223114013672,20046000,0.0,0.0
2022-08-09 00:00:00+08:00,36.683705483634064,38.52759695983974,36.1499485937987,38.139408111572266,25870000,0.0,0.0
2022-08-10 00:00:00+08:00,37.557129441316434,38.52759788320035,37.16894058374554,37.6541748046875,11843000,0.0,0.0
2022-08-11 00:00:00+08:00,37.60565212300197,38.28498077272937,36.683706362803576,37.6541748046875,14423000,0.0,0.0
2022-08-12 00:00:00+08:00,38.8187370300293,40.759673881530766,38.43054817891171,38.8187370300293,55312000,0.0,0.0
2022-08-15 00:00:00+08:00,39.789205730485016,40.517057054823155,38.624642871135336,38.86725997924805,23363000,0.0,0.0
2022-08-16 00:00:00+08:00,38.96431148283518,40.759676714439514,38.72169435953494,40.565582275390625,25967000,0.0,0.0
2022-08-17 00:00:00+08:00,41.00229448569598,41.34195698286656,39.4010199657922,40.66263198852539,27931000,0.0,0.0
2022-08-18 00:00:00+08:00,40.90524554823568,41.633096866161274,40.12886784748045,40.711151123046875,20334000,0.0,0.0
2022-08-19 00:00:00+08:00,41.293433404270246,42.36095096178651,39.886253356933594,39.886253356933594,24150000,0.0,0.0
2022-08-22 00:00:00+08:00,39.06135610254799,40.3714870624372,39.01283341922681,39.789207458496094,5833000,0.0,0.0
2022-08-23 00:00:00+08:00,39.643634785322725,40.90524673461914,39.158400559298975,40.90524673461914,10510000,0.0,0.0
2022-08-24 00:00:00+08:00,40.90524526078,41.34195308683186,40.031822204589844,40.031822204589844,10799000,0.0,0.0
2022-08-25 00:00:00+08:00,40.22591754555898,40.66262908361101,39.401017151006634,39.54658889770508,9406000,0.0,0.0
2022-08-26 00:00:00+08:00,39.69215887522945,41.390478568144395,38.62464141845703,38.62464141845703,22751000,0.0,0.0
2022-08-29 00:00:00+08:00,36.44108817261841,37.07189412197011,35.90733128580561,36.19847106933594,10291000,0.0,0.0
2022-08-30 00:00:00+08:00,36.635181156124425,37.07189266528154,36.344041384034036,36.5866584777832,6142000,0.0,0.0
2022-08-31 00:00:00+08:00,36.344045962462395,36.9748482644495,36.052906153695766,36.73223114013672,6222000,0.0,0.0
2022-09-01 00:00:00+08:00,36.78075408935547,38.042362277471895,36.732227707393044,36.78075408935547,12091000,0.0,0.0
2022-09-02 00:00:00+08:00,37.26598758985514,38.28497865711553,37.120415850799475,37.9453125,9706000,0.0,0.0
2022-09-05 00:00:00+08:00,37.94531567929929,38.09088743055189,35.90733337402344,35.90733337402344,7830000,0.0,0.0
2022-09-06 00:00:00+08:00,36.246998295460145,36.34404737017035,32.753313050853265,33.72378158569336,14067000,0.0,0.0
2022-09-07 00:00:00+08:00,33.67525452997378,34.30605677454664,32.99592590332031,32.99592590332031,6158000,0.0,0.0
2022-09-08 00:00:00+08:00,33.57820510864258,33.820822208277406,32.75330845070143,33.57820510864258,3831000,0.0,0.0
2022-09-12 00:00:00+08:00,34.20901436257876,34.45163148571762,33.28706855424241,34.111968994140625,2891000,0.0,0.0
2022-09-13 00:00:00+08:00,34.548673565431955,34.936862406319435,34.25753378578793,34.83981704711914,3681000,0.0,0.0
2022-09-14 00:00:00+08:00,33.432641040355335,34.985389181596375,33.384118355074726,34.888343811035156,4406000,0.0,0.0
2022-09-15 00:00:00+08:00,34.93686385678717,35.2280036485184,33.77230098781894,33.820823669433594,4254000,0.0,0.0
2022-09-16 00:00:00+08:00,33.67525397890641,34.20901085466994,32.89888000488281,32.89888000488281,3701000,0.0,0.0
2022-09-19 00:00:00+08:00,32.9959262689864,33.52968315939959,32.3165976348045,32.41364669799805,3022000,0.0,0.0
2022-09-20 00:00:00+08:00,32.99592854417267,33.28706834974197,32.51069430087601,32.80183410644531,1990000,0.0,0.0
2022-09-21 00:00:00+08:00,32.80183184464254,32.89888090783608,31.78284074439131,32.41364669799805,4341000,0.0,0.0
2022-09-22 00:00:00+08:00,31.92841482919625,32.31660000430303,31.588748636178885,32.1710319519043,3508000,0.0,0.0
2022-09-23 00:00:00+08:00,32.26807607444973,32.607738552310806,30.133044736633856,30.375661849975586,9187000,0.0,0.0
2022-09-26 00:00:00+08:00,30.2786177139455,30.569757521359268,28.96848487854004,28.96848487854004,4433000,0.0,0.0
2022-09-27 00:00:00+08:00,29.308147830396187,29.793382053740352,28.483249280506776,29.696334838867188,3216000,0.0,0.0
2022-09-28 00:00:00+08:00,29.405195057262148,29.84190662634914,27.706875167957726,27.755399703979492,4479000,0.0,0.0
2022-09-29 00:00:00+08:00,28.531773405189675,29.114054872851046,28.143586377089346,28.33768081665039,2223000,0.0,0.0
2022-09-30 00:00:00+08:00,27.1731164368666,28.91995889597079,27.1731164368666,28.725866317749023,2552000,0.0,0.0
2022-10-03 00:00:00+08:00,28.48324915177111,29.696334704648738,28.0465376123265,29.356670379638672,3767000,0.0,0.0
2022-10-04 00:00:00+08:00,29.93895234858017,30.181569463477867,29.453718118784778,30.084522247314453,3814000,0.0,0.0
2022-10-05 00:00:00+08:00,30.715325967481267,31.006467612100764,29.55076494206827,29.696334838867188,4192000,0.0,0.0
2022-10-06 00:00:00+08:00,30.084521920354796,31.34613016370294,30.03599923831128,30.66680335998535,6392000,0.0,0.0
2022-10-07 00:00:00+08:00,31.054991234005904,31.394653719810467,30.763851431595786,30.812374114990234,4880000,0.0,0.0
2022-10-11 00:00:00+08:00,29.550766712057097,29.69633661757515,28.38620376586914,28.38620376586914,3619000,0.0,0.0
2022-10-12 00:00:00+08:00,28.240633596869866,28.7743905291301,27.755399348989016,28.33768081665039,2461000,0.0,0.0
2022-10-13 00:00:00+08:00,28.434723272304936,28.483247802734795,25.765935182374484,25.96002960205078,5444000,0.0,0.0
2022-10-14 00:00:00+08:00,27.07607100784901,27.90096961000123,26.97902378682726,27.755399703979492,2622000,0.0,0.0
2022-10-17 00:00:00+08:00,26.784930660814453,28.725867638394895,26.299696416419344,28.628820419311523,3422000,0.0,0.0
2022-10-18 00:00:00+08:00,29.114053922349974,29.21110113896215,28.386202574291225,28.822914123535156,3289000,0.0,0.0
2022-10-19 00:00:00+08:00,28.871436947821753,29.356671182238927,28.434725396437617,28.53177261352539,1836000,0.0,0.0
2022-10-20 00:00:00+08:00,28.531772083966203,28.531772083966203,27.367211053592655,27.80392074584961,1937000,0.0,0.0
2022-10-21 00:00:00+08:00,27.94949009662686,28.046537310015342,27.076068878173828,27.076068878173828,1575000,0.0,0.0
2022-10-24 00:00:00+08:00,27.80392168069076,28.24063323865278,27.221640220415313,27.318687438964844,1481000,0.0,0.0
2022-10-25 00:00:00+08:00,27.367210708875902,27.464256071918395,26.784929275512695,26.784929275512695,1352000,0.0,0.0
2022-10-26 00:00:00+08:00,27.07606967356244,27.124594207192956,26.20264842945172,26.251171112060547,1911000,0.0,0.0
2022-10-27 00:00:00+08:00,26.68788433074951,27.36721303594095,26.590837108433334,27.173118591308594,1563000,0.0,0.0
2022-10-28 00:00:00+08:00,26.97902171436933,27.17311614150301,26.34821760271734,26.44526481628418,1294000,0.0,0.0
2022-10-31 00:00:00+08:00,26.833451181012176,27.17311549490278,26.68788128963666,26.979021072387695,853000,0.0,0.0
2022-11-01 00:00:00+08:00,27.124594392873234,27.609828626369918,26.881977276124893,27.561304092407227,1089000,0.0,0.0
2022-11-02 00:00:00+08:00,27.561304092407227,27.949491109000235,27.2701642927179,27.561304092407227,1214000,0.0,0.0
2022-11-03 00:00:00+08:00,27.17311838030376,27.949492450760864,27.076071158741176,27.464258193969727,1571000,0.0,0.0
2022-11-04 00:00:00+08:00,27.609828798218725,29.017006973504625,27.512781580711007,28.871437072753906,3588000,0.0,0.0
2022-11-07 00:00:00+08:00,29.89042801042959,30.375662243397745,28.62881974512107,29.79338264465332,6859000,0.0,0.0
2022-11-08 00:00:00+08:00,30.715326722836313,31.734319727531258,29.502241134643555,29.502241134643555,10627000,0.0,0.0
2022-11-09 00:00:00+08:00,30.181569660823506,30.472709460195716,29.550765528169244,29.79338264465332,3509000,0.0,0.0
2022-11-10 00:00:00+08:00,29.696335170924552,29.79338238688288,29.11405372619629,29.11405372619629,2413000,0.0,0.0
2022-11-11 00:00:00+08:00,30.278617623733492,30.56975743027984,29.550766256345877,29.599288940429688,3426000,0.0,0.0
2022-11-14 00:00:00+08:00,29.647811740946736,30.181570523073553,29.59928905667237,29.938953399658203,1882000,0.0,0.0
2022-11-15 00:00:00+08:00,29.987475616981953,30.472709856256813,29.890428398922637,30.181570053100586,2433000,0.0,0.0
2022-11-16 00:00:00+08:00,30.47270834096569,30.909419875005756,30.18156855228673,30.56975555419922,3074000,0.0,0.0
2022-11-17 00:00:00+08:00,30.86089593918109,31.00646768735498,30.37566171465924,30.66680335998535,2599000,0.0,0.0
2022-11-18 00:00:00+08:00,31.05499179716445,31.346131604854165,29.938953399658203,29.938953399658203,3367000,0.0,0.0
2022-11-21 00:00:00+08:00,29.9874759661654,30.230093088627935,29.599288940429688,29.599288940429688,1660000,0.0,0.0
2022-11-22 00:00:00+08:00,29.79338238688288,29.79338238688288,28.822913929343002,29.11405372619629,1863000,0.0,0.0
2022-11-23 00:00:00+08:00,29.50224080135564,30.47270926094643,29.35667090262136,30.084522247314453,3526000,0.0,0.0
2022-11-24 00:00:00+08:00,30.375661136232466,31.297606885676554,29.89042692095066,31.2005615234375,5343000,0.0,0.0
2022-11-25 00:00:00+08:00,31.39465270924615,31.39465270924615,30.27861621892429,30.327138900756836,4309000,0.0,0.0
2022-11-28 00:00:00+08:00,30.375661582589384,30.666803226649645,29.79338199651218,30.327138900756836,1934000,0.0,0.0
2022-11-29 00:00:00+08:00,30.860895481082846,32.17103008907024,30.76385011843635,30.909420013427734,7933000,0.0,0.0
2022-11-30 00:00:00+08:00,31.249085669627128,31.394653719810467,30.763851431595786,30.812374114990234,3195000,0.0,0.0
2022-12-01 00:00:00+08:00,31.54022688626548,32.55921809141302,31.00646994090663,31.68579864501953,8800000,0.0,0.0
2022-12-02 00:00:00+08:00,32.122502564993106,34.83981704711914,31.879885464949222,34.83981704711914,21755000,0.0,0.0
2022-12-05 00:00:00+08:00,35.422097796343614,35.907332012731885,33.772300720214844,33.772300720214844,25157000,0.0,0.0
2022-12-06 00:00:00+08:00,33.91787364886467,34.69424768175398,33.6267338492866,33.96639633178711,8770000,0.0,0.0
2022-12-07 00:00:00+08:00,33.28706707835904,33.72377862105474,31.637269973754883,31.637269973754883,11156000,0.0,0.0
2022-12-08 00:00:00+08:00,31.63727061873246,32.122504853388136,31.63727061873246,31.73431968688965,2868000,0.0,0.0
2022-12-09 00:00:00+08:00,31.92841284636021,32.31659799735969,31.152035140274705,31.2005615234375,2989000,0.0,0.0
2022-12-12 00:00:00+08:00,31.200562716634842,31.200562716634842,30.666803948799437,30.763851165771484,2215000,0.0,0.0
2022-12-13 00:00:00+08:00,31.054989960132747,31.346129750600333,30.133044205282648,30.278615951538086,2819000,0.0,0.0
2022-12-14 00:00:00+08:00,30.618281149931285,31.44318161542969,30.327141333538044,31.394655227661133,3439000,0.0,0.0
2022-12-15 00:00:00+08:00,31.2490857359083,31.491702855438575,31.006468616378022,31.152036666870117,1709000,0.0,0.0
2022-12-16 00:00:00+08:00,30.327139489970723,30.9094209383825,30.327139489970723,30.42418670654297,1906000,0.0,0.0
2022-12-19 00:00:00+08:00,30.27861774264404,30.375663111192775,29.938953399658203,29.938953399658203,1312000,0.0,0.0
2022-12-20 00:00:00+08:00,29.98747544653837,30.327139782304524,28.871437072753906,28.871437072753906,2717000,0.0,0.0
2022-12-21 00:00:00+08:00,29.01700771295218,29.502241961834393,28.677343368530273,28.677343368530273,1546000,0.0,0.0
2022-12-22 00:00:00+08:00,29.065531309590725,29.45371832595309,28.96848409274471,29.16257667541504,1008000,0.0,0.0
2022-12-23 00:00:00+08:00,28.82291477313652,29.35667170000056,28.434725897938954,29.259624481201172,967000,0.0,0.0
2022-12-26 00:00:00+08:00,29.259623624622932,29.502240739007902,29.11405372619629,29.11405372619629,688000,0.0,0.0
2022-12-27 00:00:00+08:00,29.211100942154616,29.59928795496623,29.11405372619629,29.11405372619629,1011000,0.0,0.0
2022-12-28 00:00:00+08:00,29.16257734773745,29.405194469935005,28.628820419311523,28.628820419311523,1432000,0.0,0.0
2022-12-29 00:00:00+08:00,28.531772019616195,29.502240468249546,27.99801511327652,29.06553077697754,1083000,0.0,0.0
2022-12-30 00:00:00+08:00,29.405193118057692,29.647810229101147,28.725866317749023,28.725866317749023,1141000,0.0,0.0
2023-01-03 00:00:00+08:00,28.72586755433713,29.259624481201172,28.677343019426562,29.259624481201172,743000,0.0,0.0
2023-01-04 00:00:00+08:00,29.259623752658825,29.69633530087143,29.211101069978177,29.453718185424805,1298000,0.0,0.0
2023-01-05 00:00:00+08:00,29.98747476974029,30.47270899530574,29.405193328857422,29.405193328857422,1383000,0.0,0.0
2023-01-06 00:00:00+08:00,29.502241134643555,29.793382786422843,29.502241134643555,29.502241134643555,790000,0.0,0.0
2023-01-09 00:00:00+08:00,30.569756274878365,32.31659875017703,30.278616479335813,31.006467819213867,9743000,0.0,0.0
2023-01-10 00:00:00+08:00,31.249084799615908,31.297607481659426,30.472708929767943,30.66680335998535,2291000,0.0,0.0
2023-01-11 00:00:00+08:00,30.957943095154196,31.346130103825832,30.618278768433388,31.297607421875,2486000,0.0,0.0
2023-01-12 00:00:00+08:00,31.734318410958316,31.831363773170214,30.56975555419922,30.56975555419922,2906000,0.0,0.0
2023-01-13 00:00:00+08:00,30.957943764689254,31.103513664711688,30.084522513532963,30.133045196533203,1407000,0.0,0.0
2023-01-16 00:00:00+08:00,30.327138900756836,30.472708797276137,29.987474574864027,30.327138900756836,767000,0.0,0.0
2023-01-17 00:00:00+08:00,30.56975555419922,30.715325448538696,30.375661127732158,30.56975555419922,851000,0.0,0.0
2023-01-30 00:00:00+08:00,31.346132541936196,31.73432143182293,31.054992725542956,31.394655227661133,2734000,0.0,0.0
2023-01-31 00:00:00+08:00,31.540227409537515,32.171033438545734,31.443182036787174,31.78284454345703,3707000,0.0,0.0
2023-02-01 00:00:00+08:00,32.02545749439913,33.141497645475766,31.44317792986369,32.99592590332031,8082000,0.0,0.0
2023-02-02 00:00:00+08:00,33.96639657827005,35.71323909045811,33.384116974888514,34.64572525024414,20957000,0.0,0.0
2023-02-03 00:00:00+08:00,34.16049144002194,34.306059491663525,33.384117391803066,33.432640075683594,6341000,0.0,0.0
2023-02-06 00:00:00+08:00,33.19002321726842,33.86935190310992,33.09297414669477,33.481163024902344,2674000,0.0,0.0
2023-02-07 00:00:00+08:00,32.99592761595095,33.28706741333008,32.80183318368374,33.28706741333008,3254000,0.0,0.0
2023-02-08 00:00:00+08:00,33.72377778290235,34.79129157003304,33.23854357019872,34.354583740234375,9221000,0.0,0.0
2023-02-09 00:00:00+08:00,34.79129184141807,35.56766954943451,34.209012262449015,34.403106689453125,16223000,0.0,0.0
2023-02-10 00:00:00+08:00,34.20901412390247,34.35458587758753,33.33559100587906,33.432640075683594,4440000,0.0,0.0
2023-02-13 00:00:00+08:00,33.481163057861465,33.5296857421743,32.85035705566406,32.85035705566406,2437000,0.0,0.0
2023-02-14 00:00:00+08:00,33.481162516276044,33.481162516276044,32.75331115722656,32.75331115722656,1731000,0.0,0.0
2023-02-15 00:00:00+08:00,32.94740532571998,33.190022443432134,32.607739139696896,32.70478820800781,1674000,0.0,0.0
2023-02-16 00:00:00+08:00,32.99592761595095,33.43263916304133,32.99592761595095,33.28706741333008,2052000,0.0,0.0
2023-02-17 00:00:00+08:00,33.43263916304133,33.723778960420454,33.092972981062864,33.28706741333008,1927000,0.0,0.0
2023-02-20 00:00:00+08:00,33.481159514055264,34.16048812866211,33.335587774481255,34.16048812866211,3682000,0.0,0.0
2023-02-21 00:00:00+08:00,34.30605670704155,34.694245550663446,33.96639424540478,34.25753402709961,5068000,0.0,0.0
2023-02-22 00:00:00+08:00,34.25753586240211,34.451630294611405,33.723778950359055,33.91787338256836,4171000,0.0,0.0
2023-02-23 00:00:00+08:00,34.30605815787127,34.69424701790997,34.16049011188926,34.500152587890625,4470000,0.0,0.0
2023-02-24 00:00:00+08:00,34.64572379053104,34.69424647176121,33.723778038984676,33.772300720214844,3326000,0.0,0.0
2023-03-01 00:00:00+08:00,33.77230427202663,34.06344409206993,33.67525889936009,33.72378158569336,1592000,0.0,0.0
2023-03-02 00:00:00+08:00,34.20901371625857,34.35458546820895,33.772302162450835,34.01491928100586,2217000,0.0,0.0
2023-03-03 00:00:00+08:00,34.74277063667093,34.93686507192364,34.01491928100586,34.01491928100586,4501000,0.0,0.0
2023-03-06 00:00:00+08:00,34.30605973101691,34.45163148571762,34.111968994140625,34.111968994140625,2208000,0.0,0.0
2023-03-07 00:00:00+08:00,34.35458480763212,34.83981903541199,34.014918626960196,34.548675537109375,3982000,0.0,0.0
2023-03-08 00:00:00+08:00,34.88833933677964,37.3630329891595,34.791290276620884,36.6837043762207,28063000,0.0,0.0
2023-03-09 00:00:00+08:00,37.75122332185941,38.04236310978785,36.87780025603085,36.92632293701172,27272000,0.0,0.0
2023-03-10 00:00:00+08:00,36.44109069997692,36.44109069997692,34.74277085921327,35.32505416870117,9396000,0.0,0.0
2023-03-13 00:00:00+08:00,34.7912917364816,35.276525951506684,34.16048947817494,35.03390884399414,4075000,0.0,0.0
2023-03-14 00:00:00+08:00,34.74276905538774,36.6837059154881,34.30605752145651,35.03390884399414,4264000,0.0,0.0
2023-03-15 00:00:00+08:00,35.37357645616961,36.24699585755494,35.27652738798674,35.90733337402344,5768000,0.0,0.0
2023-03-16 00:00:00+08:00,35.61619345013195,35.8588105666832,34.54867591608042,34.59720230102539,4952000,0.0,0.0
2023-03-17 00:00:00+08:00,34.936865853105736,35.47062278545282,34.79129409790039,34.79129409790039,2377000,0.0,0.0
2023-03-20 00:00:00+08:00,34.985385625905714,35.325051792435666,34.742768522117125,34.93686294555664,1956000,0.0,0.0
2023-03-21 00:00:00+08:00,35.27652541004338,35.567668896224255,34.83981758485849,34.93686294555664,3547000,0.0,0.0
2023-03-22 00:00:00+08:00,35.373573573326134,36.14994754529979,35.32505089421087,35.422096252441406,7120000,0.0,0.0
2023-03-23 00:00:00+08:00,35.08243667241383,35.51914452229274,34.98538760418474,35.276527404785156,2681000,0.0,0.0
2023-03-24 00:00:00+08:00,35.810288408919355,35.907333776145606,35.276527783044585,35.32505416870117,3029000,0.0,0.0
2023-03-27 00:00:00+08:00,35.08243614930193,35.42209862793049,34.548675537109375,34.548675537109375,3078000,0.0,0.0
2023-03-28 00:00:00+08:00,34.4031107518048,34.4031107518048,32.99593061741794,33.141502380371094,6284000,0.0,0.0
2023-03-29 00:00:00+08:00,33.28706832199853,33.8693516346953,33.28706832199853,33.432640075683594,1500000,0.0,0.0
2023-03-30 00:00:00+08:00,33.77230229646723,33.820824979962104,33.33559074092653,33.384117126464844,1245000,0.0,0.0
2023-03-31 00:00:00+08:00,33.62673214131946,33.82082286315099,33.4811603979026,33.675254821777344,1043000,0.0,0.0
2023-04-06 00:00:00+08:00,33.529682193232226,34.25753348701603,33.529682193232226,34.16048812866211,1529000,0.0,0.0
2023-04-07 00:00:00+08:00,34.500155235932596,34.500155235932596,34.257538105297286,34.306060791015625,1000000,0.0,0.0
2023-04-10 00:00:00+08:00,34.59720324041834,34.59720324041834,34.111968994140625,34.111968994140625,1030000,0.0,0.0
2023-04-11 00:00:00+08:00,34.7912938040599,35.713239607805654,34.74277112008244,35.37357711791992,5996000,0.0,0.0
2023-04-12 00:00:00+08:00,35.71323840884564,35.90733284028287,35.08243613422885,35.81028747558594,4250000,0.0,0.0
2023-04-13 00:00:00+08:00,36.00437848531696,36.00437848531696,35.228004455566406,35.228004455566406,2700000,0.0,0.0
2023-04-14 00:00:00+08:00,35.56767128881026,36.29552264913754,35.276527783044585,35.32505416870117,5185000,0.0,0.0
2023-04-17 00:00:00+08:00,35.616190326551994,36.39256429101844,35.47061858857069,36.00437545776367,4543000,0.0,0.0
2023-04-18 00:00:00+08:00,36.24699546458398,37.071895875999864,35.95585566727859,36.4896125793457,8872000,0.0,0.0
2023-04-19 00:00:00+08:00,36.97484666012258,37.36303552299704,35.81028747558594,35.81028747558594,8965000,0.0,0.0
2023-04-20 00:00:00+08:00,35.66471820339082,35.66471820339082,34.014920974661976,34.306060791015625,6152000,0.0,0.0
2023-04-21 00:00:00+08:00,34.20901412390247,34.59720299903365,33.09297388443294,33.432640075683594,3512000,0.0,0.0
2023-04-24 00:00:00+08:00,33.092972076862615,34.1119668929126,33.04444939563244,33.772300720214844,1321000,0.0,0.0
2023-04-25 00:00:00+08:00,33.96639468866247,34.06344004981278,32.3165976348045,32.41364669799805,3539000,0.0,0.0
2023-04-26 00:00:00+08:00,32.02546005757936,32.898883176330735,31.78284293593103,32.80183410644531,1794000,0.0,0.0
2023-04-27 00:00:00+08:00,32.80183094435291,33.287065140873054,32.704785585866134,32.89888000488281,1688000,0.0,0.0
2023-04-28 00:00:00+08:00,33.28706562008804,34.354583089026676,33.28706562008804,34.25753402709961,2378000,0.0,0.0
2023-05-02 00:00:00+08:00,34.45162820623166,35.32505124720691,34.354582847031374,34.83981704711914,3321000,0.0,0.0
2023-05-03 00:00:00+08:00,34.83982112575455,35.179483624762405,34.403109554141885,34.888343811035156,1825000,0.0,0.0
2023-05-04 00:00:00+08:00,35.32505365067914,35.71323881593509,34.54867591608042,34.59720230102539,3432000,0.0,0.0
2023-05-05 00:00:00+08:00,33.57821060521251,33.57821060521251,32.02546239419047,32.55921936035156,8715000,0.0,0.0
2023-05-08 00:00:00+08:00,32.850353864541724,32.89888024618416,32.17102894606543,32.31659698486328,2112000,0.0,0.0
2023-05-09 00:00:00+08:00,32.31660074645489,32.413649818992944,31.734321119400906,31.976938247680664,1814000,0.0,0.0
2023-05-10 00:00:00+08:00,32.02545720522442,32.31659698486328,31.734317425585555,32.31659698486328,1183000,0.0,0.0
2023-05-11 00:00:00+08:00,32.51069250840407,32.51069250840407,31.540224075317383,31.540224075317383,1336000,0.0,0.0
2023-05-12 00:00:00+08:00,31.58874721339477,32.025458755008096,31.34613010161441,31.92841339111328,638000,0.0,0.0
2023-05-15 00:00:00+08:00,32.122504595280134,32.122504595280134,30.957943552076927,31.054990768432617,1446000,0.0,0.0
2023-05-16 00:00:00+08:00,31.200562965375035,31.588748134314542,31.200562965375035,31.443180084228516,610000,0.0,0.0
2023-05-17 00:00:00+08:00,31.685796279332916,32.025458755008096,31.443179167552554,31.92841339111328,912000,0.0,0.0
2023-05-18 00:00:00+08:00,32.26807806120765,32.26807806120765,31.78284380464814,31.976938247680664,1145000,0.0,0.0
2023-05-19 00:00:00+08:00,32.12250651719447,32.268078275948525,31.68579864501953,31.68579864501953,982000,0.0,0.0
2023-05-22 00:00:00+08:00,31.685797333883997,32.17103157359405,31.5402255811536,32.12250518798828,809000,0.0,0.0
2023-05-23 00:00:00+08:00,32.21955516541165,32.4136496071758,31.879888966813493,32.2680778503418,935000,0.0,0.0
2023-05-24 00:00:00+08:00,32.26807694071868,32.36512230784331,31.976937137301338,32.12250518798828,541000,0.0,0.0
2023-05-25 00:00:00+08:00,32.2195561249209,32.46217325884042,31.78284454345703,31.78284454345703,1002000,0.0,0.0
2023-05-26 00:00:00+08:00,32.02545903032755,32.12250439505665,31.24908500636465,31.34613037109375,1190000,0.0,0.0
2023-05-29 00:00:00+08:00,31.588747728327697,32.65626525878906,31.588747728327697,32.65626525878906,1839000,0.0,0.0
2023-05-30 00:00:00+08:00,32.80183532436998,32.80183532436998,32.12250661812265,32.3651237487793,1070000,0.0,0.0
2023-05-31 00:00:00+08:00,32.31660106305669,32.80183532436998,32.31660106305669,32.3651237487793,977000,0.0,0.0
2023-06-01 00:00:00+08:00,32.41364814305376,32.94740505726275,32.3165990755336,32.65626525878906,1099000,0.0,0.0
2023-06-02 00:00:00+08:00,32.80183437135123,33.04445149495892,32.65626631841272,32.85035705566406,1484000,0.0,0.0
2023-06-05 00:00:00+08:00,32.99592854417267,33.09297391201461,32.80183410644531,32.80183410644531,1250000,0.0,0.0
2023-06-06 00:00:00+08:00,32.89888332002843,32.99592868829425,32.122505565727884,32.1710319519043,1178000,0.0,0.0
2023-06-07 00:00:00+08:00,32.2195539725835,32.94740532571998,32.2195539725835,32.70478820800781,1332000,0.0,0.0
2023-06-08 00:00:00+08:00,32.07398097310641,32.219552718886725,31.39465232953707,31.540224075317383,3223000,0.0,0.0
2023-06-09 00:00:00+08:00,31.588748222433303,31.73431997496885,31.006468616378022,31.152036666870117,1736000,0.0,0.0
2023-06-12 00:00:00+08:00,31.15203680467212,31.249085874139602,30.327140075437608,30.5212345123291,1977000,0.0,0.0
2023-06-13 00:00:00+08:00,30.61828114846016,32.75331263864738,30.61828114846016,32.3651237487793,4931000,0.0,0.0
2023-06-14 00:00:00+08:00,32.85035865738746,33.141502181547125,32.17103363979809,32.46217346191406,3216000,0.0,0.0
2023-06-15 00:00:00+08:00,32.99592923042469,32.99592923042469,32.2680778503418,32.2680778503418,1921000,0.0,0.0
2023-06-16 00:00:00+08:00,32.656266465999266,32.89888359070344,32.025460460951,32.21955490112305,1579000,0.0,0.0
2023-06-19 00:00:00+08:00,32.02546019746207,32.60773981114398,31.92841482919625,32.1710319519043,891000,0.0,0.0
2023-06-20 00:00:00+08:00,32.21955392154532,32.36512197071597,31.63727061873246,31.73431968688965,890000,0.0,0.0
2023-06-21 00:00:00+08:00,31.68579800310257,31.879888741451115,31.54022624729763,31.588748931884766,809000,0.0,0.0
2023-06-26 00:00:00+08:00,31.637270364523374,31.637270364523374,30.957943552076927,31.054990768432617,1452000,0.0,0.0
2023-06-27 00:00:00+08:00,31.249085468943274,31.63727063564933,31.103513717651367,31.103513717651367,928000,0.0,0.0
2023-06-28 00:00:00+08:00,31.200562518477,31.491702316522378,31.054990768432617,31.054990768432617,698000,0.0,0.0
2023-06-29 00:00:00+08:00,30.957942962646484,31.297607287913443,30.957942962646484,30.957942962646484,714000,0.0,0.0
2023-06-30 00:00:00+08:00,31.006467096916126,31.34612956679608,30.957942564774964,31.2005615234375,659000,0.0,0.0
2023-07-03 00:00:00+08:00,31.540227409537515,31.831367229832203,31.443182036787174,31.78284454345703,1406000,0.0,0.0
2023-07-04 00:00:00+08:00,31.685797797457035,31.97693760513384,31.540226042596874,31.8798885345459,1021000,0.0,0.0
2023-07-05 00:00:00+08:00,31.928414920861627,32.462171851943026,31.782843166001467,31.8798885345459,1325000,0.0,0.0
2023-07-06 00:00:00+08:00,31.879887281190534,32.02545903032755,31.297607688729197,31.34613037109375,954000,0.0,0.0
2023-07-07 00:00:00+08:00,31.15203593959218,31.588747484959868,30.521233664766292,31.34613037109375,1540000,0.0,0.0
2023-07-10 00:00:00+08:00,31.49170171692932,31.49170171692932,30.957942962646484,30.957942962646484,1023000,0.0,0.0
2023-07-11 00:00:00+08:00,31.255140303183342,31.651403508101172,31.255140303183342,31.30467414855957,679000,0.65,0.0
2023-07-12 00:00:00+08:00,31.45327200916556,31.552337810721077,30.85887908935547,30.85887908935547,1509000,0.0,0.0
2023-07-13 00:00:00+08:00,30.85887919216475,31.10654275211715,30.41308591796423,30.462617874145508,1984000,0.0,0.0
2023-07-14 00:00:00+08:00,30.413085875815632,31.007476907259242,30.31402007406736,30.660749435424805,926000,0.0,0.0
2023-07-17 00:00:00+08:00,30.660749314017416,31.403739989902913,30.214954152676917,31.156076431274414,1396000,0.0,0.0
2023-07-18 00:00:00+08:00,31.20560853402295,31.40374013766722,30.512149810791016,30.512149810791016,1344000,0.0,0.0
2023-07-19 00:00:00+08:00,30.61121567339385,31.007476991946188,30.264486311089428,30.31402015686035,883000,0.0,0.0
2023-07-20 00:00:00+08:00,30.31402007406736,30.85887914939834,30.31402007406736,30.660749435424805,630000,0.0,0.0
2023-07-21 00:00:00+08:00,30.36355205281932,30.858879172406983,30.21495429484762,30.512149810791016,657000,0.0,0.0
2023-07-24 00:00:00+08:00,30.363552282684275,30.363552282684275,29.422431882056834,29.670095443725586,1640000,0.0,0.0
2023-07-25 00:00:00+08:00,29.571029539188622,30.11588861717192,29.52149569331186,30.016822814941406,1102000,0.0,0.0
2023-07-26 00:00:00+08:00,29.96729096399634,30.016822920524312,29.521495797152472,29.620561599731445,996000,0.0,0.0
2023-07-27 00:00:00+08:00,29.620561352940847,30.90841299669141,29.620561352940847,30.611215591430664,1345000,0.0,0.0
2023-07-28 00:00:00+08:00,30.41308589849189,30.710281414435286,30.264486250997184,30.512149810791016,500000,0.0,0.0
2023-07-31 00:00:00+08:00,30.512149871375016,30.85887923367944,30.31402015686035,30.31402015686035,807000,0.0,0.0
2023-08-01 00:00:00+08:00,30.71028154103198,30.85887929961624,29.868225056357144,30.016822814941406,850000,0.0,0.0
2023-08-02 00:00:00+08:00,29.81869320282223,30.16542256706309,29.521495795105917,29.670095443725586,1131000,0.0,0.0
2023-08-04 00:00:00+08:00,29.521495795105917,30.115888721015523,29.471963838581377,29.670095443725586,579000,0.0,0.0
2023-08-07 00:00:00+08:00,29.620561661851216,29.670095508006096,29.174768383595463,29.42243194580078,793000,0.0,0.0
2023-08-08 00:00:00+08:00,29.27383231896884,29.52149588136121,29.27383231896884,29.323366165161133,439000,0.0,0.0
2023-08-09 00:00:00+08:00,29.075702296103767,31.156076576162313,29.075702296103767,30.561683654785156,5914000,0.0,0.0
2023-08-10 00:00:00+08:00,30.01682291844342,30.413086128731837,29.471963838581377,29.670095443725586,1789000,0.0,0.0
2023-08-11 00:00:00+08:00,29.422431947965165,29.868225226253713,29.224300342377127,29.37289810180664,1110000,0.0,0.0
2023-08-14 00:00:00+08:00,28.828039416595512,28.87757137391119,27.738319349943136,27.936450958251953,2060000,0.0,0.0
2023-08-15 00:00:00+08:00,27.98598289489746,28.33271226442027,27.98598289489746,27.98598289489746,753000,0.0,0.0
2023-08-16 00:00:00+08:00,27.589721547790067,28.184114482316986,27.143926374514116,28.03551483154297,1007000,0.0,0.0
2023-08-17 00:00:00+08:00,27.63925337457213,28.629907630933303,27.58972141756329,28.530841827392578,714000,0.0,0.0
2023-08-18 00:00:00+08:00,28.481309957671584,28.87757128352588,28.233646392822266,28.233646392822266,616000,0.0,0.0
2023-08-21 00:00:00+08:00,28.233646439559624,28.48131000481892,28.03551483154297,28.03551483154297,402000,0.0,0.0
2023-08-22 00:00:00+08:00,27.98598280505223,28.62990769522847,27.936450847932154,28.332712173461914,695000,0.0,0.0
2023-08-23 00:00:00+08:00,28.18411436943545,28.67944149797018,28.18411436943545,28.48130989074707,406000,0.0,0.0
2023-08-24 00:00:00+08:00,28.728973455014437,29.17476862650491,28.431777933702815,28.48130989074707,630000,0.0,0.0
2023-08-25 00:00:00+08:00,28.03551469921199,28.927105041555482,28.03551469921199,28.530841827392578,339000,0.0,0.0
2023-08-28 00:00:00+08:00,28.481309870383736,28.976636998564324,28.33271210983417,28.530841827392578,400000,0.0,0.0
2023-08-29 00:00:00+08:00,28.48130991379916,28.67944152118263,28.233646349331337,28.382244110107422,256000,0.0,0.0
2023-08-30 00:00:00+08:00,28.53084173704313,29.026168863655148,28.53084173704313,28.927104949951172,534000,0.0,0.0
2023-08-31 00:00:00+08:00,29.026168863655148,29.17476851325718,28.877571103576148,28.927104949951172,520000,0.0,0.0
2023-09-01 00:00:00+08:00,28.92710484541006,29.422431970231994,28.92710484541006,29.273832321166992,550000,0.0,0.0
2023-09-04 00:00:00+08:00,29.273832363639407,29.5214959264097,28.92710488737942,29.125234603881836,491000,0.0,0.0
2023-09-05 00:00:00+08:00,29.174768059275998,31.15607653489344,29.174768059275998,30.710281372070312,6904000,0.0,0.0
2023-09-06 00:00:00+08:00,30.363552177986694,30.71028154103198,30.016822814941406,30.016822814941406,1610000,0.0,0.0
2023-09-07 00:00:00+08:00,29.521495797152472,30.21495452568226,29.521495797152472,29.620561599731445,715000,0.0,0.0
2023-09-08 00:00:00+08:00,29.71962746463795,29.71962746463795,29.3728980996459,29.42243194580078,408000,0.0,0.0
2023-09-11 00:00:00+08:00,29.22430051606277,29.273832472992645,28.580375628359214,28.728973388671875,785000,0.0,0.0
2023-09-12 00:00:00+08:00,28.927104952336137,29.47196403584507,28.77850530272185,28.87757110595703,420000,0.0,0.0
2023-09-13 00:00:00+08:00,29.1747683008735,29.818693182876938,29.1747683008735,29.719627380371094,631000,0.0,0.0
2023-09-14 00:00:00+08:00,29.818693141234014,30.214954461180966,29.76915929528876,29.86822509765625,511000,0.0,0.0
2023-09-15 00:00:00+08:00,30.11588861717192,30.165422463048685,29.571029539188622,30.016822814941406,524000,0.0,0.0
2023-09-18 00:00:00+08:00,29.917758817277026,30.561683695662293,29.422431697054048,30.4130859375,1046000,0.0,0.0
2023-09-19 00:00:00+08:00,30.413086153442126,30.462618110006915,29.521495819091797,29.521495819091797,805000,0.0,0.0
2023-09-20 00:00:00+08:00,29.719627509682866,29.91775911555663,29.224300384521484,29.224300384521484,527000,0.0,0.0
2023-09-21 00:00:00+08:00,29.12523462633127,29.273832386203377,28.828039106587056,29.026168823242188,428000,0.0,0.0
2023-09-22 00:00:00+08:00,28.828039169311523,29.12523468970238,28.679441409116095,28.828039169311523,369000,0.0,0.0
2023-09-25 00:00:00+08:00,28.927104949951172,29.37289823018817,28.77850530034914,28.927104949951172,225000,0.0,0.0
2023-09-26 00:00:00+08:00,29.026168909297198,29.174768559132897,28.728973388671875,28.728973388671875,286000,0.0,0.0
2023-09-27 00:00:00+08:00,28.58037567392446,28.828039238014757,28.481309870383736,28.530841827392578,269000,0.0,0.0
2023-09-28 00:00:00+08:00,28.580375628359214,29.07570275575011,28.580375628359214,28.728973388671875,165000,0.0,0.0
2023-10-02 00:00:00+08:00,28.927104972616153,29.12523468970238,28.77850532289769,28.828039169311523,194000,0.0,0.0
2023-10-03 00:00:00+08:00,28.77850534560175,29.07570275575011,28.679441431742003,28.728973388671875,306000,0.0,0.0
2023-10-04 00:00:00+08:00,28.629907393614648,29.67009548788539,28.431777677698573,29.47196388244629,533000,0.0,0.0
2023-10-05 00:00:00+08:00,29.12523460161196,29.96729109286994,29.12523460161196,29.174768447875977,689000,0.0,0.0
2023-10-06 00:00:00+08:00,29.224300429420353,29.323366232509436,28.87757106337008,29.026168823242188,271000,0.0,0.0
2023-10-11 00:00:00+08:00,29.02616902075823,29.12523482452143,28.332712173461914,28.332712173461914,561000,0.0,0.0
2023-10-12 00:00:00+08:00,28.382244110107422,29.125234803510878,28.283178306415685,28.382244110107422,1869000,0.0,0.0
2023-10-13 00:00:00+08:00,28.481309911181356,28.72897347562641,28.382244107498725,28.431777954101562,453000,0.0,0.0
2023-10-16 00:00:00+08:00,28.43177802396075,28.481309981162248,28.134580612182617,28.134580612182617,422000,0.0,0.0
2023-10-17 00:00:00+08:00,28.23364636969871,28.87757125987495,28.23364636969871,28.332712173461914,503000,0.0,0.0
2023-10-18 00:00:00+08:00,28.382243810385017,29.868225181499657,28.382243810385017,29.571029663085938,4145000,0.0,0.0
2023-10-19 00:00:00+08:00,29.76915953281404,30.264486659080653,28.97663688659668,28.97663688659668,5346000,0.0,0.0
2023-10-20 00:00:00+08:00,28.72897334349715,29.32336627333618,28.72897334349715,28.927104949951172,1223000,0.0,0.0
2023-10-23 00:00:00+08:00,28.728973073407637,30.4626180002512,28.431777556043663,29.9672908782959,3166000,0.0,0.0
2023-10-24 00:00:00+08:00,30.314020285673983,30.41308608811378,29.27383219434063,29.7691593170166,2533000,0.0,0.0
2023-10-25 00:00:00+08:00,29.769159358838394,30.56168388994715,29.620561599731445,29.620561599731445,2361000,0.0,0.0
2023-10-26 00:00:00+08:00,29.273832386203377,29.86822531521484,29.026168823242188,29.026168823242188,1186000,0.0,0.0
2023-10-27 00:00:00+08:00,29.026168952995835,29.422432167123553,28.58037567138672,28.58037567138672,1004000,0.0,0.0
2023-10-30 00:00:00+08:00,28.67944141152746,29.27383245235915,28.67944141152746,28.778505325317383,519000,0.0,0.0
2023-10-31 00:00:00+08:00,28.927105220749922,29.125234939535684,27.936450958251953,27.936450958251953,1232000,0.0,0.0
2023-11-01 00:00:00+08:00,28.035513027404118,28.184112668615466,27.540185928760774,27.589719772338867,1001000,0.0,0.0
2023-11-02 00:00:00+08:00,27.936450961101595,27.985982918422323,27.73831935277257,27.886917114257812,609000,0.0,0.0
2023-11-03 00:00:00+08:00,28.035514920416713,28.13458072473908,27.738319396972656,27.738319396972656,639000,0.0,0.0
2023-11-06 00:00:00+08:00,27.88691700128903,28.431777977225114,27.78785119752583,28.332712173461914,621000,0.0,0.0
2023-11-07 00:00:00+08:00,28.530841739395424,29.22430047251864,28.283178176068994,28.87757110595703,1158000,0.0,0.0
2023-11-08 00:00:00+08:00,29.37289807972674,30.214954568558383,29.273832277007187,29.47196388244629,3215000,0.0,0.0
2023-11-09 00:00:00+08:00,29.67009555297594,30.06635687520044,29.224300384521484,29.224300384521484,1139000,0.0,0.0
2023-11-10 00:00:00+08:00,29.075702498367658,30.115888700871437,29.075702498367658,29.719627380371094,2015000,0.0,0.0
2023-11-13 00:00:00+08:00,29.521496060139494,30.01682318792387,28.530841804570745,28.629907608032227,1716000,0.0,0.0
2023-11-14 00:00:00+08:00,29.3728980996459,29.967291026843267,29.02616873465385,29.42243194580078,2287000,0.0,0.0
2023-11-15 00:00:00+08:00,29.719627444483653,29.967291006521016,29.323366123128476,29.47196388244629,1764000,0.0,0.0
2023-11-16 00:00:00+08:00,29.719627380371094,30.06635674438003,29.471963818868,29.719627380371094,1255000,0.0,0.0
2023-11-17 00:00:00+08:00,29.719627295911973,30.363552176085463,29.719627295911973,30.066356658935547,1785000,0.0,0.0
2023-11-20 00:00:00+08:00,30.512149934660417,30.809347341333346,29.719627295911973,30.066356658935547,2473000,0.0,0.0
2023-11-21 00:00:00+08:00,30.41308598039857,30.46261793668153,30.016822772042836,30.214954376220703,1201000,0.0,0.0
2023-11-22 00:00:00+08:00,30.264486031641397,31.601869622739393,30.16542212006028,31.453271865844727,6127000,0.0,0.0
2023-11-23 00:00:00+08:00,31.453271905642257,32.19626258057869,30.759813186559057,31.30467414855957,9658000,0.0,0.0
2023-11-24 00:00:00+08:00,31.106542880888494,31.20560868318416,29.917758921909574,29.9672908782959,3821000,0.0,0.0
2023-11-27 00:00:00+08:00,30.21495441940243,30.85887929961624,29.967290858587656,30.016822814941406,2326000,0.0,0.0
2023-11-28 00:00:00+08:00,29.967290557094532,31.60186966412236,29.6205611975376,31.25514030456543,5622000,0.0,0.0
2023-11-29 00:00:00+08:00,31.40373999136208,31.899067108642093,30.71028127136086,31.106542587280273,3622000,0.0,0.0
2023-11-30 00:00:00+08:00,31.304674314182737,31.304674314182737,30.611215591430664,30.611215591430664,1383000,0.0,0.0
2023-12-01 00:00:00+08:00,30.710281455586436,31.057010817667013,30.264486291550977,30.36355209350586,1537000,0.0,0.0
2023-12-04 00:00:00+08:00,30.512149934660417,30.561683780534082,30.066356658935547,30.066356658935547,1048000,0.0,0.0
2023-12-05 00:00:00+08:00,30.115888678787307,30.36355224010879,29.818693161010742,29.818693161010742,1033000,0.0,0.0
2023-12-06 00:00:00+08:00,30.066356495399244,30.809347173755786,29.769159090342825,30.710281372070312,1951000,0.0,0.0
2023-12-07 00:00:00+08:00,30.46261804457217,30.660749649451766,29.719627360558214,29.7691593170166,2822000,0.0,0.0
2023-12-08 00:00:00+08:00,30.016822793421564,31.205608640289416,30.016822793421564,30.115888595581055,3057000,0.0,0.0
2023-12-11 00:00:00+08:00,30.165422482887227,30.80934736352452,29.917758921909574,29.9672908782959,1414000,0.0,0.0
2023-12-12 00:00:00+08:00,30.3140202836537,30.3140202836537,29.818693161010742,29.818693161010742,908000,0.0,0.0
2023-12-13 00:00:00+08:00,29.91775894165039,30.41308606393253,29.81869313928936,29.91775894165039,1224000,0.0,0.0
2023-12-14 00:00:00+08:00,30.314020219734815,30.858879297683995,30.016822813061886,30.066356658935547,2325000,0.0,0.0
2023-12-15 00:00:00+08:00,30.214954481220506,30.3140202836537,29.818693161010742,29.818693161010742,1031000,0.0,0.0
2023-12-18 00:00:00+08:00,29.769159401081918,30.066356809240567,29.422431925848027,29.47196388244629,970000,0.0,0.0
2023-12-19 00:00:00+08:00,29.47196405650707,29.571029859811702,28.72897336600689,28.828039169311523,1321000,0.0,0.0
2023-12-20 00:00:00+08:00,28.976636866459163,29.42243203559852,28.92710490967614,29.026168823242188,470000,0.0,0.0
2023-12-21 00:00:00+08:00,28.828038875703303,30.4626180002512,28.728973073407637,29.9672908782959,4169000,0.0,0.0
2023-12-22 00:00:00+08:00,30.21495452358763,30.51215004178092,29.620561597678023,29.670095443725586,2336000,0.0,0.0
2023-12-25 00:00:00+08:00,29.670095404099825,30.41308608811378,29.670095404099825,29.7691593170166,2090000,0.0,0.0
2023-12-26 00:00:00+08:00,29.76915916959172,30.51214984992619,29.76915916959172,30.4130859375,2448000,0.0,0.0
2023-12-27 00:00:00+08:00,31.55233760715646,32.93925315141678,31.106542447794254,31.70093536376953,22819000,0.0,0.0
2023-12-28 00:00:00+08:00,32.19626266479492,32.29532657676051,30.858879068506536,30.957944869995117,5177000,0.0,0.0
2023-12-29 00:00:00+08:00,30.90841301638208,30.957944972528924,30.512149809115304,30.561683654785156,1596000,0.0,0.0
2024-01-02 00:00:00+08:00,30.759813370584848,30.858879172406983,30.21495429484762,30.512149810791016,1351000,0.0,0.0
2024-01-03 00:00:00+08:00,30.314020135550802,31.10654277209836,30.066356575439315,30.4130859375,1780000,0.0,0.0
2024-01-04 00:00:00+08:00,30.908413121441356,31.106542836225188,30.165422439575195,30.165422439575195,2699000,0.0,0.0
2024-01-05 00:00:00+08:00,30.165422439575195,30.41308600019725,30.066356637421773,30.165422439575195,802000,0.0,0.0
2024-01-08 00:00:00+08:00,30.51215002137178,30.561683867386215,29.719627380371094,29.719627380371094,1192000,0.0,0.0
2024-01-09 00:00:00+08:00,30.01682296311928,30.01682296311928,29.422431925848027,29.47196388244629,1144000,0.0,0.0
2024-01-10 00:00:00+08:00,29.57102981602122,29.57102981602122,28.927104929779233,28.97663688659668,1455000,0.0,0.0
2024-01-11 00:00:00+08:00,29.075702669548246,29.323366232509436,28.976636866459163,29.026168823242188,716000,0.0,0.0
2024-01-12 00:00:00+08:00,29.125234666882157,29.32336627333618,28.927104949951172,28.927104949951172,699000,0.0,0.0
2024-01-15 00:00:00+08:00,29.27383231896884,29.47196392469195,29.02616875657647,29.323366165161133,601052,0.0,0.0
2024-01-16 00:00:00+08:00,29.3233661012335,30.115888743352098,28.9271047801742,29.571029663085938,1386000,0.0,0.0
2024-01-17 00:00:00+08:00,29.57102983664219,29.917759203175212,28.927104949951172,28.927104949951172,1849000,0.0,0.0
2024-01-18 00:00:00+08:00,28.927105018416675,29.1252347358166,28.28317824067856,28.629907608032227,962000,0.0,0.0
2024-01-19 00:00:00+08:00,28.877571148984536,29.026168909297198,28.679441431742003,28.728973388671875,633000,0.0,0.0
2024-01-22 00:00:00+08:00,28.976636821940794,29.372898144165294,28.92710486523387,29.224300384521484,767000,0.0,0.0
2024-01-23 00:00:00+08:00,29.422431947965165,29.422431947965165,29.125234539583108,29.37289810180664,526000,0.0,0.0
2024-01-24 00:00:00+08:00,29.471963902432634,29.521495859064483,29.224300340227316,29.42243194580078,593000,0.0,0.0
2024-01-25 00:00:00+08:00,29.521495949164567,29.521495949164567,29.026168823242188,29.026168823242188,639000,0.0,0.0
2024-01-26 00:00:00+08:00,29.026168888838267,29.125234692151228,28.778505325317383,28.778505325317383,445000,0.0,0.0
2024-01-29 00:00:00+08:00,28.97663684412427,29.323366209907284,28.728973281353976,29.125234603881836,822000,0.0,0.0
2024-01-30 00:00:00+08:00,29.12523473327965,29.32336634018536,28.62990760553842,28.679441452026367,1220000,0.0,0.0
2024-01-31 00:00:00+08:00,28.679441474918647,28.82803923545502,28.53084182485923,28.58037567138672,673000,0.0,0.0
2024-02-01 00:00:00+08:00,28.580375694358626,28.62990765140288,28.382244087135515,28.48130989074707,602000,0.0,0.0
2024-02-02 00:00:00+08:00,28.62990767194378,28.778505432706204,28.431777954101562,28.431777954101562,658000,0.0,0.0
2024-02-05 00:00:00+08:00,28.43177802120635,28.481309978403047,28.085048652260312,28.184114456176758,767000,0.0,0.0
2024-02-15 00:00:00+08:00,28.2336463467363,28.62990767194378,27.936450825211452,28.431777954101562,768000,0.0,0.0
2024-02-16 00:00:00+08:00,28.580375456398098,29.521495859064483,28.580375456398098,29.42243194580078,1735000,0.0,0.0
2024-02-19 00:00:00+08:00,28.976636758371562,29.620561641764102,28.976636758371562,29.47196388244629,1406000,0.0,0.0
2024-02-20 00:00:00+08:00,29.471963969664852,29.571029772677576,28.97663684412427,29.125234603881836,659000,0.0,0.0
2024-02-21 00:00:00+08:00,29.174768515662567,29.174768515662567,28.72897334586578,28.87757110595703,880000,0.0,0.0
2024-02-22 00:00:00+08:00,29.075702735256264,29.22430049546419,28.728973368422423,28.778505325317383,901000,0.0,0.0
2024-02-23 00:00:00+08:00,28.877571215670248,29.125234779937614,28.48130989074707,28.48130989074707,965000,0.0,0.0
2024-02-26 00:00:00+08:00,28.481309824976428,28.976636952367322,28.481309824976428,28.728973388671875,703000,0.0,0.0
2024-02-27 00:00:00+08:00,28.828039305454887,29.17476867389704,27.936450850548663,28.283178329467773,907000,0.0,0.0
2024-02-29 00:00:00+08:00,28.035514805540565,28.332712217289902,28.035514805540565,28.184114456176758,579000,0.0,0.0
2024-03-01 00:00:00+08:00,28.283178306415685,29.02616899981914,28.085048588555257,28.382244110107422,1514000,0.0,0.0
2024-03-04 00:00:00+08:00,28.72897349899167,29.02616902075823,28.23364636969871,28.332712173461914,1517000,0.0,0.0
2024-03-05 00:00:00+08:00,28.332712240771965,28.481310002008268,28.03551482877631,28.08504867553711,836000,0.0,0.0
2024-03-06 00:00:00+08:00,28.085048743446002,28.13458070080352,27.837385177612305,27.837385177612305,1093000,0.0,0.0
2024-03-07 00:00:00+08:00,27.837383373659126,28.0355130797728,27.242990476272237,27.292522430419922,1739000,0.0,0.0
2024-03-08 00:00:00+08:00,27.242990635914325,27.342056434313147,26.15327063257316,26.549531936645508,2110000,0.0,0.0
2024-03-11 00:00:00+08:00,26.499999964547424,27.044859021093426,26.202804459071956,26.648597717285156,615000,0.0,0.0
2024-03-12 00:00:00+08:00,26.74766330989254,27.688785552531264,26.648597512321686,27.639251708984375,1031000,0.0,0.0
2024-03-13 00:00:00+08:00,27.688785747179484,27.688785747179484,26.747663497924805,26.747663497924805,882000,0.0,0.0
2024-03-14 00:00:00+08:00,26.747663551401867,26.896261304338402,26.400934201534664,26.5,615000,0.0,0.0
2024-03-15 00:00:00+08:00,26.450468081381604,26.995327139395076,26.301868438720703,26.301868438720703,740000,0.0,0.0
2024-03-18 00:00:00+08:00,26.301868438720703,26.301868438720703,26.301868438720703,26.301868438720703,0,0.0,0.0
2024-03-19 00:00:00+08:00,26.301868492874263,26.450468135841117,26.10373878479004,26.10373878479004,683000,0.0,0.0
2024-03-20 00:00:00+08:00,26.10373878479004,26.10373878479004,26.10373878479004,26.10373878479004,0,0.0,0.0
2024-03-21 00:00:00+08:00,26.153270775865124,26.252336574806723,25.806541424331012,25.955141067504883,778000,0.0,0.0
2024-03-22 00:00:00+08:00,26.103738713286624,26.40093421936035,26.004672914754398,26.40093421936035,622000,0.0,0.0
2024-03-25 00:00:00+08:00,26.40093421936035,26.40093421936035,26.40093421936035,26.40093421936035,0,0.0,0.0
2024-03-26 00:00:00+08:00,26.2028046200974,26.500000127399236,25.955141067504883,25.955141067504883,669000,0.0,0.0
2024-03-27 00:00:00+08:00,26.153270721435547,26.45046811764182,25.955141013487648,26.153270721435547,617000,0.0,0.0
2024-03-28 00:00:00+08:00,26.45046787277167,27.441122071908843,26.30186823128275,27.292522430419922,1867000,0.0,0.0
2024-03-29 00:00:00+08:00,27.78784958327271,28.332710527556703,27.044858932495117,27.044858932495117,2561000,0.0,0.0
2024-04-01 00:00:00+08:00,26.99532703110632,27.094392829308546,26.648597682160002,26.846729278564453,549000,0.0,0.0
2024-04-02 00:00:00+08:00,26.995327066688496,26.995327066688496,26.549531918952354,26.648597717285156,609000,0.0,0.0
2024-04-03 00:00:00+08:00,26.450468045528805,26.64859775293653,26.35140224706347,26.5,351000,0.0,0.0
2024-04-08 00:00:00+08:00,26.500000072248056,26.59906587098348,26.153270721435547,26.153270721435547,513000,0.0,0.0
2024-04-09 00:00:00+08:00,26.103738731044416,26.351402282781986,26.103738731044416,26.301868438720703,535000,0.0,0.0
2024-04-10 00:00:00+08:00,26.301868385409925,26.797195487881094,26.301868385409925,26.549531936645508,664000,0.0,0.0
2024-04-11 00:00:00+08:00,26.549531990390626,26.648597788989992,26.25233648411548,26.351402282714844,389000,0.0,0.0
2024-04-12 00:00:00+08:00,26.450468172689916,26.450468172689916,25.955141067504883,25.955141067504883,727000,0.0,0.0
2024-04-15 00:00:00+08:00,25.955141160371532,25.955141160371532,25.50934600830078,25.50934600830078,748000,0.0,0.0
2024-04-16 00:00:00+08:00,25.360748544358678,25.360748544358678,24.271028518676758,24.271028518676758,1186000,0.0,0.0
2024-04-17 00:00:00+08:00,24.320560377732274,24.964487133212238,24.320560377732274,24.71682357788086,307000,0.0,0.0
2024-04-18 00:00:00+08:00,24.419626197830762,24.766355553484136,24.419626197830762,24.56822395324707,538000,0.0,0.0
2024-04-19 00:00:00+08:00,24.41962641541215,24.41962641541215,22.834579267961637,23.6766357421875,1358000,0.0,0.0
2024-04-22 00:00:00+08:00,23.37944032840119,24.02336520337044,23.28037452697754,23.28037452697754,559000,0.0,0.0
2024-04-23 00:00:00+08:00,23.379440307617188,23.726169667530236,23.329906462187896,23.379440307617188,338000,0.0,0.0
2024-04-24 00:00:00+08:00,23.528037926621177,23.924299240112305,23.528037926621177,23.924299240112305,488000,0.0,0.0
2024-04-25 00:00:00+08:00,23.92429929992905,23.92429929992905,23.6766357421875,23.6766357421875,407000,0.0,0.0
2024-04-26 00:00:00+08:00,23.82523347852384,24.023365080356598,23.77570152282715,23.77570152282715,391000,0.0,0.0
2024-04-29 00:00:00+08:00,23.87476722501918,24.271028537523122,23.87476722501918,24.22149658203125,385000,0.0,0.0
2024-04-30 00:00:00+08:00,24.27102849990716,24.469160100613554,24.171962699553962,24.320560455322266,317000,0.0,0.0
2024-05-02 00:00:00+08:00,24.320560474130172,24.320560474130172,24.072896917817143,24.271028518676758,194000,0.0,0.0
2024-05-03 00:00:00+08:00,24.469160119536372,24.7168236758494,24.221496563223344,24.271028518676758,358000,0.0,0.0
2024-05-06 00:00:00+08:00,24.419626333911303,24.419626333911303,24.023365020751953,24.023365020751953,330000,0.0,0.0
2024-05-07 00:00:00+08:00,24.023365059953665,24.221496661618147,23.67663570180231,23.874767303466797,296000,0.0,0.0
2024-05-08 00:00:00+08:00,23.92429926030982,24.072897016804067,23.825233459472656,23.825233459472656,254000,0.0,0.0
2024-05-09 00:00:00+08:00,23.92429929992905,23.973833145191158,23.6766357421875,23.6766357421875,300000,0.0,0.0
2024-05-10 00:00:00+08:00,23.726169567130455,23.82523347852384,23.478506009601006,23.77570152282715,334000,0.0,0.0
2024-05-13 00:00:00+08:00,24.02336514121608,24.02336514121608,23.47850606908017,23.528038024902344,306000,0.0,0.0
2024-05-14 00:00:00+08:00,23.62710363189585,24.51869205602866,23.62710363189585,24.320560455322266,575000,0.0,0.0
2024-05-15 00:00:00+08:00,24.320560514117695,24.518692115303075,24.07289695739746,24.07289695739746,353000,0.0,0.0
2024-05-16 00:00:00+08:00,24.320560493014998,24.320560493014998,23.973833025525913,24.22149658203125,359000,0.0,0.0
2024-05-17 00:00:00+08:00,24.072896917817143,24.419626274559977,23.973833006910315,24.271028518676758,337000,0.0,0.0
2024-05-20 00:00:00+08:00,24.271028498967045,24.518692055078954,24.271028498967045,24.370094299316406,292000,0.0,0.0
2024-05-21 00:00:00+08:00,24.37009427968649,24.568223990702638,24.27102847941693,24.469160079956055,207000,0.0,0.0
2024-05-22 00:00:00+08:00,24.32056043479022,24.61775783559891,24.32056043479022,24.469160079956055,521000,0.0,0.0
2024-05-23 00:00:00+08:00,24.568224050557784,24.667289851068702,24.17196273803711,24.17196273803711,272000,0.0,0.0
2024-05-24 00:00:00+08:00,24.07289695739746,24.370094359175532,23.924299201269918,24.07289695739746,218000,0.0,0.0
2024-05-27 00:00:00+08:00,24.07289687976712,24.71682363678158,24.07289687976712,24.419626235961914,863000,0.0,0.0
2024-05-28 00:00:00+08:00,24.716823357103358,26.549532138566924,24.66728951276575,25.707477569580078,2316000,0.0,0.0
2024-05-29 00:00:00+08:00,25.806541248670126,27.3420563980055,25.50934574339125,26.747663497924805,5076000,0.0,0.0
2024-05-30 00:00:00+08:00,26.69813163311917,27.094392937994694,26.15327068558275,26.301868438720703,1614000,0.0,0.0
2024-05-31 00:00:00+08:00,26.500000127399236,26.54953208210856,25.955141067504883,25.955141067504883,788000,0.0,0.0
2024-06-03 00:00:00+08:00,26.20280463864478,26.20280463864478,25.757009487853516,25.856075286865234,448000,0.0,0.0
2024-06-04 00:00:00+08:00,25.955140995596732,26.69813165131584,25.856075196929595,26.252336502075195,827000,0.0,0.0
2024-06-05 00:00:00+08:00,26.252336650000778,26.35140244922613,25.509345990095095,25.55887794494629,667000,0.0,0.0
2024-06-06 00:00:00+08:00,25.75700959974941,25.8560753991915,25.16261669261983,25.311214447021484,618000,0.0,0.0
2024-06-07 00:00:00+08:00,25.311214428292345,25.50934602702992,24.964486964786037,25.410280227661133,669000,0.0,0.0
2024-06-11 00:00:00+08:00,25.410280379999456,25.459814224742296,24.766355514526367,24.766355514526367,637000,0.0,0.0
2024-06-12 00:00:00+08:00,24.766355611190864,24.865421411540222,24.370094299316406,24.370094299316406,534000,0.0,0.0
2024-06-13 00:00:00+08:00,24.469160100613554,24.716823656735055,24.320560455322266,24.320560455322266,405000,0.0,0.0
2024-06-14 00:00:00+08:00,24.320560341252094,24.964487095766188,24.320560341252094,24.815887451171875,477000,0.0,0.0
2024-06-17 00:00:00+08:00,24.766355495989085,24.964487095766188,24.518691941029196,24.815887451171875,396000,0.0,0.0
2024-06-18 00:00:00+08:00,25.063551005414475,25.162616805300193,24.7663554952803,24.865421295166016,434000,0.0,0.0
2024-06-19 00:00:00+08:00,25.01401912804806,25.01401912804806,24.518692016601562,24.518692016601562,483000,0.0,0.0
2024-06-20 00:00:00+08:00,24.51869190329372,25.212150611923338,24.37009414845108,25.014019012451172,678000,0.0,0.0
2024-06-21 00:00:00+08:00,24.964487075805664,24.964487075805664,24.815887431330165,24.964487075805664,283000,0.0,0.0
2024-06-24 00:00:00+08:00,24.964487192703146,25.063551103453392,24.419626235961914,24.419626235961914,1095000,0.0,0.0
2024-06-25 00:00:00+08:00,24.419626197830762,24.766355553484136,23.77570133134477,24.56822395324707,591000,0.0,0.0
2024-06-26 00:00:00+08:00,24.716823521710467,25.162616786580074,24.716823521710467,24.914953231811523,535000,0.0,0.0
2024-06-27 00:00:00+08:00,24.766355591241766,25.014019147154183,24.469160079956055,24.469160079956055,460000,0.0,0.0
2024-06-28 00:00:00+08:00,24.56822382172998,25.360748328912766,24.56822382172998,25.162616729736328,788000,0.0,0.0
2024-07-01 00:00:00+08:00,25.162616806020317,25.162616806020317,24.815887451171875,24.815887451171875,400000,0.0,0.0
2024-07-02 00:00:00+08:00,24.914953308900444,24.914953308900444,24.469160042651517,24.56822395324707,388000,0.0,0.0
2024-07-03 00:00:00+08:00,24.766355420906418,25.459814128500984,24.766355420906418,25.162616729736328,674000,0.0,0.0
2024-07-04 00:00:00+08:00,25.311214503492984,25.50934610281921,24.91495319436349,25.06355094909668,475000,0.0,0.0
2024-07-05 00:00:00+08:00,25.063550766553462,25.955141067504883,24.96448685713482,25.955141067504883,1485000,0.0,0.0
2024-07-08 00:00:00+08:00,25.955141178967455,26.004673133889487,25.41028022721028,25.459814071655273,954000,0.0,0.0
2024-07-09 00:00:00+08:00,25.45981414774914,25.6579438575524,24.766355439630303,25.06355094909668,670000,0.0,0.0
2024-07-10 00:00:00+08:00,25.212150574291922,25.360748328912766,24.964487020082856,25.162616729736328,551000,0.0,0.0
2024-07-11 00:00:00+08:00,25.162616748159714,25.41028030255011,25.01401899343007,25.11308479309082,480000,0.0,0.0
2024-07-12 00:00:00+08:00,24.86542122049464,25.360748328912766,24.86542122049464,25.162616729736328,445000,0.0,0.0
2024-07-15 00:00:00+08:00,25.85607514425973,27.540186160078672,25.85607514425973,26.5,4640000,0.0,0.0
2024-07-16 00:00:00+08:00,26.950000762939453,27.149999618530273,26.399999618530273,26.450000762939453,1500000,0.25,0.0
2024-07-17 00:00:00+08:00,26.450000762939453,26.600000381469727,26.0,26.549999237060547,895000,0.0,0.0
2024-07-18 00:00:00+08:00,26.549999237060547,26.549999237060547,25.649999618530273,25.75,757000,0.0,0.0
2024-07-19 00:00:00+08:00,25.5,25.549999237060547,24.899999618530273,24.899999618530273,746000,0.0,0.0
2024-07-22 00:00:00+08:00,24.899999618530273,24.899999618530273,23.799999237060547,24.100000381469727,823000,0.0,0.0
2024-07-23 00:00:00+08:00,24.25,24.549999237060547,24.0,24.0,421000,0.0,0.0
2024-07-26 00:00:00+08:00,21.649999618530273,23.299999237060547,21.649999618530273,23.0,864000,0.0,0.0
2024-07-29 00:00:00+08:00,23.200000762939453,23.200000762939453,22.350000381469727,22.399999618530273,685000,0.0,0.0
2024-07-30 00:00:00+08:00,22.200000762939453,22.899999618530273,22.049999237060547,22.850000381469727,428000,0.0,0.0
2024-07-31 00:00:00+08:00,22.850000381469727,23.149999618530273,22.549999237060547,22.950000762939453,208000,0.0,0.0
2024-08-01 00:00:00+08:00,23.100000381469727,23.5,23.100000381469727,23.5,280000,0.0,0.0
2024-08-02 00:00:00+08:00,22.899999618530273,23.25,22.549999237060547,22.549999237060547,408000,0.0,0.0
2024-08-05 00:00:00+08:00,22.0,22.0,20.299999237060547,20.299999237060547,1137000,0.0,0.0
2024-08-06 00:00:00+08:00,20.100000381469727,20.5,18.549999237060547,19.850000381469727,1376000,0.0,0.0
2024-08-07 00:00:00+08:00,19.850000381469727,21.149999618530273,19.850000381469727,21.100000381469727,740000,0.0,0.0
2024-08-08 00:00:00+08:00,20.850000381469727,21.149999618530273,20.600000381469727,20.950000762939453,270000,0.0,0.0
2024-08-09 00:00:00+08:00,21.25,21.350000381469727,20.899999618530273,20.899999618530273,482000,0.0,0.0
2024-08-12 00:00:00+08:00,20.75,21.200000762939453,20.75,20.850000381469727,413000,0.0,0.0
2024-08-13 00:00:00+08:00,21.0,21.0,20.649999618530273,20.850000381469727,247000,0.0,0.0
2024-08-14 00:00:00+08:00,20.950000762939453,21.299999237060547,20.799999237060547,20.899999618530273,332000,0.0,0.0
2024-08-15 00:00:00+08:00,21.049999237060547,21.25,21.0,21.149999618530273,291000,0.0,0.0
2024-08-16 00:00:00+08:00,21.399999618530273,22.0,21.200000762939453,21.200000762939453,341000,0.0,0.0
2024-08-19 00:00:00+08:00,21.149999618530273,21.649999618530273,21.100000381469727,21.5,330000,0.0,0.0
2024-08-20 00:00:00+08:00,21.75,22.200000762939453,21.600000381469727,21.950000762939453,407000,0.0,0.0
2024-08-21 00:00:00+08:00,22.149999618530273,23.299999237060547,22.149999618530273,22.899999618530273,1912000,0.0,0.0
2024-08-22 00:00:00+08:00,22.950000762939453,23.0,22.5,23.0,778000,0.0,0.0
2024-08-23 00:00:00+08:00,22.799999237060547,22.850000381469727,22.350000381469727,22.600000381469727,353000,0.0,0.0
2024-08-26 00:00:00+08:00,22.5,22.950000762939453,22.5,22.600000381469727,263000,0.0,0.0
2024-08-27 00:00:00+08:00,22.549999237060547,22.649999618530273,22.5,22.549999237060547,232000,0.0,0.0
2024-08-28 00:00:00+08:00,22.549999237060547,22.850000381469727,22.450000762939453,22.75,261000,0.0,0.0
2024-08-29 00:00:00+08:00,22.700000762939453,22.899999618530273,22.549999237060547,22.75,189000,0.0,0.0
2024-08-30 00:00:00+08:00,22.899999618530273,23.0,22.75,22.850000381469727,248000,0.0,0.0
2024-09-02 00:00:00+08:00,23.0,23.0,22.549999237060547,22.649999618530273,313000,0.0,0.0
2024-09-03 00:00:00+08:00,22.75,22.75,22.200000762939453,22.25,235000,0.0,0.0
2024-09-04 00:00:00+08:00,21.799999237060547,21.799999237060547,21.049999237060547,21.149999618530273,384000,0.0,0.0
2024-09-05 00:00:00+08:00,21.350000381469727,21.649999618530273,21.049999237060547,21.049999237060547,165000,0.0,0.0
2024-09-06 00:00:00+08:00,21.100000381469727,21.299999237060547,20.850000381469727,21.0,150000,0.0,0.0
2024-09-09 00:00:00+08:00,20.549999237060547,21.049999237060547,20.5,21.0,189000,0.0,0.0
2024-09-10 00:00:00+08:00,21.149999618530273,21.25,20.299999237060547,20.350000381469727,321000,0.0,0.0
2024-09-11 00:00:00+08:00,20.399999618530273,20.600000381469727,20.049999237060547,20.049999237060547,216000,0.0,0.0
2024-09-12 00:00:00+08:00,20.5,20.649999618530273,20.350000381469727,20.5,300000,0.0,0.0
2024-09-13 00:00:00+08:00,20.649999618530273,20.649999618530273,20.350000381469727,20.5,306000,0.0,0.0
2024-09-16 00:00:00+08:00,20.649999618530273,20.899999618530273,20.600000381469727,20.899999618530273,196000,0.0,0.0
2024-09-18 00:00:00+08:00,20.950000762939453,21.149999618530273,20.899999618530273,20.899999618530273,271000,0.0,0.0
2024-09-19 00:00:00+08:00,20.899999618530273,21.299999237060547,20.899999618530273,21.25,301000,0.0,0.0
2024-09-20 00:00:00+08:00,21.700000762939453,21.700000762939453,20.950000762939453,20.950000762939453,282000,0.0,0.0
2024-09-23 00:00:00+08:00,21.049999237060547,21.299999237060547,20.950000762939453,21.049999237060547,261000,0.0,0.0
2024-09-24 00:00:00+08:00,21.100000381469727,21.399999618530273,21.0,21.350000381469727,263000,0.0,0.0
2024-09-25 00:00:00+08:00,21.549999237060547,21.950000762939453,21.450000762939453,21.850000381469727,504000,0.0,0.0
2024-09-26 00:00:00+08:00,22.0,22.5,21.75,22.200000762939453,672000,0.0,0.0
2024-09-27 00:00:00+08:00,22.299999237060547,22.600000381469727,22.149999618530273,22.200000762939453,628000,0.0,0.0
2024-09-30 00:00:00+08:00,22.299999237060547,22.450000762939453,22.149999618530273,22.299999237060547,358000,0.0,0.0
2024-10-01 00:00:00+08:00,22.350000381469727,22.350000381469727,21.950000762939453,22.149999618530273,268000,0.0,0.0
2024-10-04 00:00:00+08:00,22.149999618530273,22.149999618530273,21.75,21.950000762939453,210000,0.0,0.0
2024-10-07 00:00:00+08:00,21.950000762939453,22.0,21.700000762939453,21.700000762939453,295000,0.0,0.0
2024-10-08 00:00:00+08:00,21.899999618530273,21.899999618530273,21.450000762939453,21.549999237060547,278000,0.0,0.0
2024-10-09 00:00:00+08:00,21.549999237060547,21.799999237060547,21.399999618530273,21.399999618530273,350000,0.0,0.0
2024-10-11 00:00:00+08:00,21.399999618530273,21.600000381469727,21.25,21.25,200000,0.0,0.0
2024-10-14 00:00:00+08:00,21.200000762939453,21.549999237060547,21.149999618530273,21.5,322000,0.0,0.0
2024-10-15 00:00:00+08:00,21.649999618530273,22.649999618530273,21.649999618530273,22.049999237060547,1040000,0.0,0.0
2024-10-16 00:00:00+08:00,22.0,22.0,21.799999237060547,21.899999618530273,308000,0.0,0.0
2024-10-17 00:00:00+08:00,22.25,22.25,21.850000381469727,22.0,256000,0.0,0.0
2024-10-18 00:00:00+08:00,22.049999237060547,22.049999237060547,21.25,21.25,603000,0.0,0.0
2024-10-21 00:00:00+08:00,21.350000381469727,21.75,21.299999237060547,21.75,312000,0.0,0.0
2024-10-22 00:00:00+08:00,21.799999237060547,21.799999237060547,21.549999237060547,21.600000381469727,151000,0.0,0.0
2024-10-23 00:00:00+08:00,21.450000762939453,21.600000381469727,21.350000381469727,21.399999618530273,312000,0.0,0.0
2024-10-24 00:00:00+08:00,21.350000381469727,21.549999237060547,21.149999618530273,21.200000762939453,247000,0.0,0.0
2024-10-25 00:00:00+08:00,21.200000762939453,21.25,21.049999237060547,21.100000381469727,220000,0.0,0.0
2024-10-28 00:00:00+08:00,21.100000381469727,21.200000762939453,20.75,20.799999237060547,329000,0.0,0.0
2024-10-29 00:00:00+08:00,20.799999237060547,20.799999237060547,20.25,20.350000381469727,249000,0.0,0.0
2024-10-30 00:00:00+08:00,20.350000381469727,20.350000381469727,20.0,20.0,329000,0.0,0.0
2024-11-01 00:00:00+08:00,19.799999237060547,20.200000762939453,19.450000762939453,20.200000762939453,280000,0.0,0.0
2024-11-04 00:00:00+08:00,20.100000381469727,20.149999618530273,19.899999618530273,19.899999618530273,200000,0.0,0.0
2024-11-05 00:00:00+08:00,19.899999618530273,20.399999618530273,19.850000381469727,19.899999618530273,257000,0.0,0.0
2024-11-06 00:00:00+08:00,19.899999618530273,20.299999237060547,19.899999618530273,19.950000762939453,219000,0.0,0.0
2024-11-07 00:00:00+08:00,20.100000381469727,21.0,19.950000762939453,20.850000381469727,583000,0.0,0.0
2024-11-08 00:00:00+08:00,20.850000381469727,20.850000381469727,19.950000762939453,20.0,644000,0.0,0.0
2024-11-11 00:00:00+08:00,19.950000762939453,19.950000762939453,19.399999618530273,19.700000762939453,457000,0.0,0.0
2024-11-12 00:00:00+08:00,19.399999618530273,19.5,19.100000381469727,19.100000381469727,399000,0.0,0.0
2024-11-13 00:00:00+08:00,19.100000381469727,19.450000762939453,18.899999618530273,19.149999618530273,314000,0.0,0.0
2024-11-14 00:00:00+08:00,19.149999618530273,19.299999237060547,18.899999618530273,19.0,330000,0.0,0.0
2024-11-15 00:00:00+08:00,19.0,19.25,19.0,19.049999237060547,185000,0.0,0.0
2024-11-18 00:00:00+08:00,19.049999237060547,19.100000381469727,18.799999237060547,18.850000381469727,235000,0.0,0.0
2024-11-19 00:00:00+08:00,18.799999237060547,19.049999237060547,18.799999237060547,18.899999618530273,260000,0.0,0.0
2024-11-20 00:00:00+08:00,19.100000381469727,19.200000762939453,18.850000381469727,18.850000381469727,229219,0.0,0.0
2024-11-21 00:00:00+08:00,18.75,20.0,18.75,19.649999618530273,529000,0.0,0.0
2024-11-22 00:00:00+08:00,19.75,19.899999618530273,19.5,19.5,240000,0.0,0.0
2024-11-25 00:00:00+08:00,19.799999237060547,19.799999237060547,19.399999618530273,19.399999618530273,192000,0.0,0.0
2024-11-26 00:00:00+08:00,19.549999237060547,19.600000381469727,19.200000762939453,19.25,299000,0.0,0.0
2024-11-27 00:00:00+08:00,19.450000762939453,19.450000762939453,18.799999237060547,18.799999237060547,273000,0.0,0.0
2024-11-28 00:00:00+08:00,18.799999237060547,18.799999237060547,18.100000381469727,18.200000762939453,482000,0.0,0.0
2024-11-29 00:00:00+08:00,17.899999618530273,18.399999618530273,17.899999618530273,18.350000381469727,304000,0.0,0.0
2024-12-02 00:00:00+08:00,18.649999618530273,18.649999618530273,18.200000762939453,18.299999237060547,300000,0.0,0.0
2024-12-03 00:00:00+08:00,18.299999237060547,18.799999237060547,18.299999237060547,18.350000381469727,392000,0.0,0.0
2024-12-04 00:00:00+08:00,18.399999618530273,19.0,18.399999618530273,19.0,309000,0.0,0.0
2024-12-05 00:00:00+08:00,19.200000762939453,19.200000762939453,18.700000762939453,18.799999237060547,235000,0.0,0.0
2024-12-06 00:00:00+08:00,18.649999618530273,18.950000762939453,18.649999618530273,18.950000762939453,227000,0.0,0.0
2024-12-09 00:00:00+08:00,18.950000762939453,18.950000762939453,18.649999618530273,18.700000762939453,209000,0.0,0.0
2024-12-10 00:00:00+08:00,18.649999618530273,18.950000762939453,18.350000381469727,18.350000381469727,251000,0.0,0.0
2024-12-11 00:00:00+08:00,18.399999618530273,18.399999618530273,17.899999618530273,17.950000762939453,307000,0.0,0.0
2024-12-12 00:00:00+08:00,18.0,18.299999237060547,17.799999237060547,17.850000381469727,507000,0.0,0.0
2024-12-13 00:00:00+08:00,17.75,17.75,17.200000762939453,17.450000762939453,430000,0.0,0.0
2024-12-16 00:00:00+08:00,17.399999618530273,17.450000762939453,16.5,16.700000762939453,739000,0.0,0.0
2024-12-17 00:00:00+08:00,16.549999237060547,17.0,16.549999237060547,16.899999618530273,483000,0.0,0.0
2024-12-18 00:00:00+08:00,16.899999618530273,16.950000762939453,16.700000762939453,16.899999618530273,285000,0.0,0.0
2024-12-19 00:00:00+08:00,16.799999237060547,17.0,16.600000381469727,16.75,279000,0.0,0.0
2024-12-20 00:00:00+08:00,16.75,17.0,16.299999237060547,16.299999237060547,325000,0.0,0.0
2024-12-23 00:00:00+08:00,16.399999618530273,16.950000762939453,16.399999618530273,16.549999237060547,398000,0.0,0.0
2024-12-24 00:00:00+08:00,16.700000762939453,17.299999237060547,16.700000762939453,17.049999237060547,533000,0.0,0.0
2024-12-25 00:00:00+08:00,17.200000762939453,17.5,17.149999618530273,17.299999237060547,288000,0.0,0.0
2024-12-26 00:00:00+08:00,17.200000762939453,17.649999618530273,17.200000762939453,17.399999618530273,340000,0.0,0.0
2024-12-27 00:00:00+08:00,17.299999237060547,17.399999618530273,17.149999618530273,17.25,174000,0.0,0.0
2024-12-30 00:00:00+08:00,17.25,17.25,16.950000762939453,16.950000762939453,190000,0.0,0.0
2024-12-31 00:00:00+08:00,16.850000381469727,17.0,16.700000762939453,17.0,137000,0.0,0.0
2025-01-02 00:00:00+08:00,17.049999237060547,17.049999237060547,16.600000381469727,16.600000381469727,237000,0.0,0.0
2025-01-03 00:00:00+08:00,16.799999237060547,16.950000762939453,16.450000762939453,16.5,174000,0.0,0.0
2025-01-06 00:00:00+08:00,16.5,16.75,16.450000762939453,16.549999237060547,334000,0.0,0.0
2025-01-07 00:00:00+08:00,16.75,16.75,16.149999618530273,16.200000762939453,283000,0.0,0.0
2025-01-08 00:00:00+08:00,16.200000762939453,16.25,15.949999809265137,16.25,229000,0.0,0.0
2025-01-09 00:00:00+08:00,16.399999618530273,16.399999618530273,15.399999618530273,15.649999618530273,495000,0.0,0.0
2025-01-10 00:00:00+08:00,15.649999618530273,15.699999809265137,15.350000381469727,15.449999809265137,370000,0.0,0.0
2025-01-13 00:00:00+08:00,15.199999809265137,15.199999809265137,14.199999809265137,15.0,1040000,0.0,0.0
2025-01-14 00:00:00+08:00,15.100000381469727,15.300000190734863,15.100000381469727,15.149999618530273,139000,0.0,0.0
2025-01-15 00:00:00+08:00,15.199999809265137,15.699999809265137,15.199999809265137,15.550000190734863,294000,0.0,0.0
2025-01-16 00:00:00+08:00,15.649999618530273,15.75,15.149999618530273,15.699999809265137,178000,0.0,0.0
2025-01-17 00:00:00+08:00,15.600000381469727,15.699999809265137,15.399999618530273,15.5,153000,0.0,0.0
2025-01-20 00:00:00+08:00,15.649999618530273,15.899999618530273,15.550000190734863,15.899999618530273,177000,0.0,0.0
2025-01-21 00:00:00+08:00,15.899999618530273,15.949999809265137,15.649999618530273,15.649999618530273,89000,0.0,0.0
2025-01-22 00:00:00+08:00,15.550000190734863,15.649999618530273,15.300000190734863,15.449999809265137,219000,0.0,0.0
2025-02-03 00:00:00+08:00,15.449999809265137,15.449999809265137,14.949999809265137,15.350000381469727,182063,0.0,0.0
2025-02-04 00:00:00+08:00,15.25,15.350000381469727,15.0,15.350000381469727,158020,0.0,0.0
2025-02-05 00:00:00+08:00,15.449999809265137,15.649999618530273,15.300000190734863,15.649999618530273,221108,0.0,0.0
2025-02-06 00:00:00+08:00,15.550000190734863,15.800000190734863,15.550000190734863,15.75,195035,0.0,0.0
2025-02-07 00:00:00+08:00,15.75,16.100000381469727,15.600000381469727,16.100000381469727,213053,0.0,0.0
2025-02-10 00:00:00+08:00,15.949999809265137,15.949999809265137,15.449999809265137,15.550000190734863,307035,0.0,0.0
2025-02-11 00:00:00+08:00,15.600000381469727,15.75,15.199999809265137,15.300000190734863,298239,0.0,0.0
2025-02-12 00:00:00+08:00,15.449999809265137,15.449999809265137,15.050000190734863,15.199999809265137,250023,0.0,0.0
2025-02-13 00:00:00+08:00,15.300000190734863,16.399999618530273,15.300000190734863,16.399999618530273,951318,0.0,0.0
2025-02-14 00:00:00+08:00,16.5,16.549999237060547,16.100000381469727,16.299999237060547,322150,0.0,0.0
2025-02-17 00:00:00+08:00,16.299999237060547,16.549999237060547,16.200000762939453,16.450000762939453,315031,0.0,0.0
2025-02-18 00:00:00+08:00,16.5,16.799999237060547,16.299999237060547,16.649999618530273,232487,0.0,0.0
2025-02-19 00:00:00+08:00,16.649999618530273,17.25,16.649999618530273,17.149999618530273,463318,0.0,0.0
2025-02-20 00:00:00+08:00,17.299999237060547,17.350000381469727,16.75,16.75,411030,0.0,0.0
2025-02-21 00:00:00+08:00,16.75,17.049999237060547,16.700000762939453,16.850000381469727,186004,0.0,0.0
2025-02-24 00:00:00+08:00,16.700000762939453,17.299999237060547,16.700000762939453,17.25,341006,0.0,0.0
2025-02-25 00:00:00+08:00,17.25,17.450000762939453,16.899999618530273,17.0,225009,0.0,0.0
2025-02-26 00:00:00+08:00,17.100000381469727,17.299999237060547,17.049999237060547,17.200000762939453,363047,0.0,0.0
2025-02-27 00:00:00+08:00,17.399999618530273,17.399999618530273,16.75,16.75,361012,0.0,0.0
2025-03-03 00:00:00+08:00,16.600000381469727,16.700000762939453,16.399999618530273,16.549999237060547,156012,0.0,0.0
2025-03-04 00:00:00+08:00,16.350000381469727,16.350000381469727,16.100000381469727,16.200000762939453,245002,0.0,0.0
2025-03-05 00:00:00+08:00,16.350000381469727,16.700000762939453,16.350000381469727,16.700000762939453,212080,0.0,0.0
2025-03-06 00:00:00+08:00,16.799999237060547,16.799999237060547,16.149999618530273,16.200000762939453,312050,0.0,0.0
2025-03-07 00:00:00+08:00,16.100000381469727,16.350000381469727,16.049999237060547,16.049999237060547,219004,0.0,0.0
2025-03-10 00:00:00+08:00,16.049999237060547,16.049999237060547,16.049999237060547,16.049999237060547,0,0.0,0.0
2025-03-11 00:00:00+08:00,15.699999809265137,15.800000190734863,15.25,15.699999809265137,207007,0.0,0.0
2025-03-12 00:00:00+08:00,15.600000381469727,15.850000381469727,15.600000381469727,15.699999809265137,159001,0.0,0.0
2025-03-13 00:00:00+08:00,15.699999809265137,16.0,15.5,15.5,300254,0.0,0.0
2025-03-14 00:00:00+08:00,15.550000190734863,16.149999618530273,15.5,15.850000381469727,207003,0.0,0.0
2025-03-17 00:00:00+08:00,15.850000381469727,16.0,15.649999618530273,15.649999618530273,160107,0.0,0.0
2025-03-18 00:00:00+08:00,15.649999618530273,15.75,15.5,15.5,241656,0.0,0.0
2025-03-19 00:00:00+08:00,15.5,15.600000381469727,15.399999618530273,15.399999618530273,238185,0.0,0.0
2025-03-20 00:00:00+08:00,15.649999618530273,15.899999618530273,15.649999618530273,15.699999809265137,281195,0.0,0.0
2025-03-21 00:00:00+08:00,15.899999618530273,15.899999618530273,15.5,15.649999618530273,134152,0.0,0.0
2025-03-24 00:00:00+08:00,15.649999618530273,15.699999809265137,15.5,15.550000190734863,201783,0.0,0.0
2025-03-25 00:00:00+08:00,15.600000381469727,15.75,15.350000381469727,15.350000381469727,316070,0.0,0.0
2025-03-26 00:00:00+08:00,15.350000381469727,15.399999618530273,15.300000190734863,15.350000381469727,142014,0.0,0.0
2025-03-27 00:00:00+08:00,15.350000381469727,15.350000381469727,15.0,15.050000190734863,228046,0.0,0.0
2025-03-28 00:00:00+08:00,15.0,15.0,14.399999618530273,14.600000381469727,563907,0.0,0.0
2025-03-31 00:00:00+08:00,14.300000190734863,14.300000190734863,13.300000190734863,13.399999618530273,708667,0.0,0.0
2025-04-01 00:00:00+08:00,13.5,13.899999618530273,13.100000381469727,13.899999618530273,390228,0.0,0.0
2025-04-02 00:00:00+08:00,13.800000190734863,13.850000381469727,13.449999809265137,13.800000190734863,174103,0.0,0.0
2025-04-07 00:00:00+08:00,12.449999809265137,12.449999809265137,12.449999809265137,12.449999809265137,178012,0.0,0.0
2025-04-08 00:00:00+08:00,11.25,11.5,11.25,11.25,567178,0.0,0.0
2025-04-09 00:00:00+08:00,10.149999618530273,10.399999618530273,10.149999618530273,10.149999618530273,1065006,0.0,0.0
2025-04-10 00:00:00+08:00,10.5,11.149999618530273,10.5,11.149999618530273,1149520,0.0,0.0
2025-04-11 00:00:00+08:00,10.899999618530273,11.199999809265137,10.199999809265137,11.149999618530273,567020,0.0,0.0
2025-04-14 00:00:00+08:00,11.699999809265137,12.199999809265137,11.300000190734863,11.449999809265137,451050,0.0,0.0
2025-04-15 00:00:00+08:00,11.600000381469727,12.100000381469727,11.5,12.100000381469727,340000,0.0,0.0
2025-04-16 00:00:00+08:00,12.100000381469727,12.25,11.899999618530273,12.100000381469727,226053,0.0,0.0
2025-04-17 00:00:00+08:00,11.899999618530273,12.050000190734863,11.800000190734863,11.949999809265137,262002,0.0,0.0
2025-04-18 00:00:00+08:00,11.949999809265137,12.0,11.699999809265137,11.850000381469727,103030,0.0,0.0
2025-04-21 00:00:00+08:00,12.300000190734863,12.300000190734863,11.350000381469727,11.350000381469727,212004,0.0,0.0
2025-04-22 00:00:00+08:00,11.600000381469727,11.600000381469727,11.300000190734863,11.449999809265137,187321,0.0,0.0
2025-04-23 00:00:00+08:00,11.699999809265137,11.899999618530273,11.699999809265137,11.800000190734863,254111,0.0,0.0
2025-04-24 00:00:00+08:00,11.850000381469727,11.850000381469727,11.649999618530273,11.699999809265137,72002,0.0,0.0
2025-04-25 00:00:00+08:00,12.0,12.0,11.699999809265137,11.699999809265137,183827,0.0,0.0
2025-04-28 00:00:00+08:00,12.100000381469727,12.100000381469727,11.850000381469727,11.899999618530273,135329,0.0,0.0
2025-04-29 00:00:00+08:00,12.050000190734863,12.300000190734863,11.949999809265137,12.300000190734863,282071,0.0,0.0
2025-04-30 00:00:00+08:00,12.5,12.5,12.050000190734863,12.100000381469727,160099,0.0,0.0
2025-05-02 00:00:00+08:00,12.199999809265137,12.300000190734863,12.149999618530273,12.199999809265137,125053,0.0,0.0
2025-05-05 00:00:00+08:00,12.100000381469727,12.199999809265137,11.5,11.699999809265137,273358,0.0,0.0
2025-05-06 00:00:00+08:00,11.5,11.800000190734863,11.5,11.75,77052,0.0,0.0
2025-05-07 00:00:00+08:00,11.699999809265137,11.800000190734863,11.649999618530273,11.75,109070,0.0,0.0
2025-05-08 00:00:00+08:00,11.75,12.149999618530273,11.75,12.0,219001,0.0,0.0
2025-05-09 00:00:00+08:00,12.0,12.100000381469727,11.850000381469727,12.0,171002,0.0,0.0
2025-05-12 00:00:00+08:00,12.100000381469727,12.300000190734863,12.100000381469727,12.149999618530273,166090,0.0,0.0
2025-05-13 00:00:00+08:00,12.850000381469727,12.850000381469727,12.0,12.050000190734863,448057,0.0,0.0
2025-05-14 00:00:00+08:00,12.100000381469727,12.300000190734863,12.100000381469727,12.300000190734863,205072,0.0,0.0
2025-05-15 00:00:00+08:00,12.300000190734863,12.449999809265137,12.149999618530273,12.350000381469727,129005,0.0,0.0
2025-05-16 00:00:00+08:00,12.5,12.5,12.199999809265137,12.350000381469727,128001,0.0,0.0
2025-05-19 00:00:00+08:00,12.149999618530273,12.199999809265137,11.850000381469727,11.899999618530273,280498,0.0,0.0
2025-05-20 00:00:00+08:00,11.850000381469727,11.949999809265137,11.699999809265137,11.75,271043,0.0,0.0
2025-05-21 00:00:00+08:00,11.699999809265137,11.949999809265137,11.699999809265137,11.850000381469727,147001,0.0,0.0
2025-05-22 00:00:00+08:00,11.75,11.899999618530273,11.600000381469727,11.649999618530273,197001,0.0,0.0
2025-05-23 00:00:00+08:00,11.699999809265137,11.699999809265137,11.399999618530273,11.449999809265137,114100,0.0,0.0
2025-05-26 00:00:00+08:00,11.199999809265137,11.399999618530273,11.149999618530273,11.25,151082,0.0,0.0
2025-05-27 00:00:00+08:00,11.149999618530273,11.399999618530273,11.149999618530273,11.149999618530273,114000,0.0,0.0
2025-05-28 00:00:00+08:00,11.100000381469727,11.449999809265137,10.600000381469727,10.899999618530273,383001,0.0,0.0
2025-05-29 00:00:00+08:00,10.949999809265137,11.0,10.800000190734863,10.800000190734863,261002,0.0,0.0
2025-06-02 00:00:00+08:00,10.800000190734863,10.949999809265137,10.300000190734863,10.75,195003,0.0,0.0
2025-06-03 00:00:00+08:00,10.550000190734863,10.699999809265137,10.5,10.550000190734863,135002,0.0,0.0
2025-06-04 00:00:00+08:00,10.699999809265137,10.850000381469727,10.550000190734863,10.600000381469727,260001,0.0,0.0
2025-06-05 00:00:00+08:00,10.600000381469727,10.850000381469727,10.600000381469727,10.75,178446,0.0,0.0
2025-06-06 00:00:00+08:00,10.75,10.800000190734863,10.550000190734863,10.649999618530273,116050,0.0,0.0
2025-06-09 00:00:00+08:00,10.5,10.800000190734863,10.399999618530273,10.75,218025,0.0,0.0
2025-06-10 00:00:00+08:00,10.850000381469727,11.75,10.850000381469727,11.449999809265137,305500,0.0,0.0
2025-06-11 00:00:00+08:00,11.449999809265137,11.449999809265137,11.199999809265137,11.399999618530273,207360,0.0,0.0
2025-06-12 00:00:00+08:00,11.149999618530273,11.699999809265137,11.149999618530273,11.399999618530273,61003,0.0,0.0
2025-06-13 00:00:00+08:00,11.25,11.399999618530273,11.100000381469727,11.199999809265137,104001,0.0,0.0
2025-06-16 00:00:00+08:00,10.850000381469727,10.899999618530273,10.800000190734863,10.899999618530273,178150,0.0,0.0
2025-06-17 00:00:00+08:00,10.899999618530273,10.949999809265137,10.75,10.800000190734863,109010,0.0,0.0
2025-06-18 00:00:00+08:00,10.800000190734863,10.850000381469727,10.600000381469727,10.75,120001,0.0,0.0
2025-06-19 00:00:00+08:00,10.649999618530273,10.800000190734863,10.5,10.550000190734863,196000,0.0,0.0
2025-06-20 00:00:00+08:00,10.399999618530273,10.550000190734863,10.199999809265137,10.449999809265137,162010,0.0,0.0
2025-06-23 00:00:00+08:00,10.100000381469727,10.25,10.100000381469727,10.25,93593,0.0,0.0
2025-06-24 00:00:00+08:00,9.600000381469727,10.350000381469727,9.600000381469727,10.25,319010,0.0,0.0
2025-06-25 00:00:00+08:00,10.25,10.449999809265137,10.199999809265137,10.350000381469727,242466,0.0,0.0
2025-06-26 00:00:00+08:00,10.350000381469727,10.550000190734863,10.199999809265137,10.550000190734863,209044,0.0,0.0
2025-06-27 00:00:00+08:00,10.550000190734863,10.550000190734863,10.350000381469727,10.5,73226,0.0,0.0
2025-06-30 00:00:00+08:00,10.399999618530273,10.399999618530273,10.100000381469727,10.100000381469727,175251,0.0,0.0
2025-07-01 00:00:00+08:00,10.100000381469727,10.300000190734863,10.050000190734863,10.100000381469727,231051,0.0,0.0
2025-07-02 00:00:00+08:00,10.100000381469727,10.25,10.100000381469727,10.25,103114,0.0,0.0
2025-07-03 00:00:00+08:00,10.300000190734863,10.350000381469727,10.100000381469727,10.350000381469727,206649,0.0,0.0
2025-07-04 00:00:00+08:00,10.350000381469727,10.350000381469727,10.100000381469727,10.199999809265137,109185,0.0,0.0
2025-07-07 00:00:00+08:00,10.0,10.149999618530273,9.979999542236328,10.050000190734863,203683,0.0,0.0
2025-07-08 00:00:00+08:00,10.0,10.0,9.960000038146973,10.0,241001,0.0,0.0
2025-07-09 00:00:00+08:00,10.0,10.149999618530273,9.989999771118164,10.0,76000,0.0,0.0
2025-07-10 00:00:00+08:00,10.0,10.0,9.760000228881836,10.0,537003,0.0,0.0
2025-07-11 00:00:00+08:00,9.989999771118164,10.149999618530273,9.970000267028809,10.100000381469727,236024,0.0,0.0
2025-07-14 00:00:00+08:00,10.100000381469727,10.100000381469727,9.880000114440918,10.0,104001,0.0,0.0
2025-07-15 00:00:00+08:00,10.0,10.199999809265137,10.0,10.100000381469727,111072,0.0,0.0
2025-07-16 00:00:00+08:00,10.0,10.149999618530273,10.0,10.050000190734863,172002,0.0,0.0
2025-07-17 00:00:00+08:00,10.050000190734863,10.449999809265137,10.050000190734863,10.300000190734863,303020,0.0,0.0
2025-07-18 00:00:00+08:00,10.25,10.300000190734863,10.149999618530273,10.149999618530273,207407,0.0,0.0
2025-07-21 00:00:00+08:00,10.149999618530273,10.25,10.100000381469727,10.199999809265137,76176,0.0,0.0
2025-07-22 00:00:00+08:00,10.25,10.300000190734863,10.149999618530273,10.25,283422,0.0,0.0
2025-07-23 00:00:00+08:00,10.25,10.399999618530273,10.199999809265137,10.300000190734863,204003,0.0,0.0
2025-07-24 00:00:00+08:00,10.300000190734863,10.350000381469727,10.100000381469727,10.350000381469727,173003,0.0,0.0
2025-07-25 00:00:00+08:00,10.350000381469727,10.399999618530273,10.25,10.300000190734863,124557,0.0,0.0
2025-07-28 00:00:00+08:00,10.5,10.5,10.350000381469727,10.449999809265137,137398,0.0,0.0
2025-07-29 00:00:00+08:00,10.399999618530273,10.5,10.25,10.350000381469727,165785,0.0,0.0
2025-07-30 00:00:00+08:00,10.199999809265137,10.449999809265137,10.199999809265137,10.399999618530273,117101,0.0,0.0
2025-07-31 00:00:00+08:00,10.350000381469727,10.350000381469727,10.199999809265137,10.25,144002,0.0,0.0
2025-08-04 00:00:00+08:00,12.0,12.350000381469727,11.850000381469727,12.350000381469727,1350427,0.0,0.0
2025-08-05 00:00:00+08:00,12.899999618530273,13.550000190734863,12.800000190734863,13.550000190734863,2417182,0.0,0.0
2025-08-06 00:00:00+08:00,14.449999809265137,14.550000190734863,13.949999809265137,14.399999618530273,3542343,0.0,0.0
2025-08-07 00:00:00+08:00,15.300000190734863,15.300000190734863,13.649999618530273,13.850000381469727,1385128,0.0,0.0
2025-08-08 00:00:00+08:00,14.300000190734863,14.300000190734863,13.850000381469727,13.899999618530273,778795,0.0,0.0
2025-08-11 00:00:00+08:00,13.949999809265137,13.949999809265137,13.199999809265137,13.800000190734863,528422,0.0,0.0
2025-08-12 00:00:00+08:00,13.75,13.899999618530273,13.350000381469727,13.800000190734863,313030,0.0,0.0
2025-08-13 00:00:00+08:00,13.800000190734863,13.899999618530273,13.699999809265137,13.75,344023,0.0,0.0
2025-08-14 00:00:00+08:00,13.899999618530273,13.899999618530273,13.699999809265137,13.75,209191,0.0,0.0
2025-08-15 00:00:00+08:00,13.75,15.100000381469727,13.75,15.100000381469727,1151985,0.0,0.0
2025-08-18 00:00:00+08:00,15.199999809265137,16.600000381469727,15.199999809265137,16.600000381469727,1056331,0.0,0.0
2025-08-19 00:00:00+08:00,17.0,17.649999618530273,16.0,16.799999237060547,1712332,0.0,0.0
2025-08-20 00:00:00+08:00,16.350000381469727,16.350000381469727,15.300000190734863,15.949999809265137,631501,0.0,0.0
2025-08-21 00:00:00+08:00,15.75,16.700000762939453,15.75,16.600000381469727,462128,0.0,0.0
2025-08-22 00:00:00+08:00,16.299999237060547,16.299999237060547,16.049999237060547,16.049999237060547,487117,0.0,0.0
2025-08-25 00:00:00+08:00,16.049999237060547,16.149999618530273,15.550000190734863,15.550000190734863,702057,0.0,0.0
2025-08-26 00:00:00+08:00,15.550000190734863,15.649999618530273,14.600000381469727,14.699999809265137,885020,0.0,0.0
2025-08-27 00:00:00+08:00,14.699999809265137,15.199999809265137,14.699999809265137,15.149999618530273,356220,0.0,0.0
2025-08-28 00:00:00+08:00,15.199999809265137,15.199999809265137,14.850000381469727,15.0,351504,0.0,0.0
2025-08-29 00:00:00+08:00,15.199999809265137,16.5,14.800000190734863,16.5,951032,0.0,0.0
2025-09-01 00:00:00+08:00,17.299999237060547,18.149999618530273,16.700000762939453,18.149999618530273,4889923,0.0,0.0
2025-09-02 00:00:00+08:00,16.950000762939453,17.299999237060547,16.399999618530273,16.799999237060547,2927607,0.0,0.0
2025-09-03 00:00:00+08:00,16.799999237060547,18.450000762939453,16.399999618530273,18.399999618530273,2525510,0.0,0.0
2025-09-04 00:00:00+08:00,18.149999618530273,18.700000762939453,17.649999618530273,17.799999237060547,1692244,0.0,0.0
2025-09-05 00:00:00+08:00,18.450000762939453,18.450000762939453,17.600000381469727,17.649999618530273,873238,0.0,0.0
2025-09-08 00:00:00+08:00,17.600000381469727,17.899999618530273,17.0,17.049999237060547,740686,0.0,0.0
2025-09-09 00:00:00+08:00,17.450000762939453,17.450000762939453,17.0,17.049999237060547,419146,0.0,0.0
2025-09-10 00:00:00+08:00,17.049999237060547,17.049999237060547,16.649999618530273,16.799999237060547,598177,0.0,0.0
2025-09-11 00:00:00+08:00,17.0,17.75,16.700000762939453,16.899999618530273,875503,0.0,0.0
2025-09-12 00:00:00+08:00,17.299999237060547,17.700000762939453,16.850000381469727,17.100000381469727,852200,0.0,0.0
2025-09-15 00:00:00+08:00,17.049999237060547,17.25,16.649999618530273,17.049999237060547,689435,0.0,0.0
2025-09-16 00:00:00+08:00,16.899999618530273,17.100000381469727,16.850000381469727,16.899999618530273,251434,0.0,0.0
2025-09-17 00:00:00+08:00,16.899999618530273,17.5,16.899999618530273,17.0,404370,0.0,0.0
2025-09-18 00:00:00+08:00,17.200000762939453,17.350000381469727,16.799999237060547,17.100000381469727,678163,0.0,0.0
2025-09-19 00:00:00+08:00,17.200000762939453,17.299999237060547,16.799999237060547,17.100000381469727,380140,0.0,0.0
2025-09-22 00:00:00+08:00,17.200000762939453,17.5,17.0,17.100000381469727,344501,0.0,0.0
2025-09-23 00:00:00+08:00,17.049999237060547,17.049999237060547,15.399999618530273,16.049999237060547,2108410,0.0,0.0
2025-09-24 00:00:00+08:00,16.049999237060547,16.049999237060547,15.449999809265137,15.649999618530273,542500,0.0,0.0
2025-09-25 00:00:00+08:00,15.649999618530273,16.100000381469727,15.600000381469727,15.699999809265137,432230,0.0,0.0
2025-09-26 00:00:00+08:00,15.649999618530273,15.649999618530273,14.800000190734863,15.0,670049,0.0,0.0
2025-09-30 00:00:00+08:00,15.199999809265137,15.350000381469727,14.850000381469727,15.050000190734863,291001,0.0,0.0
2025-10-01 00:00:00+08:00,15.0,15.25,15.0,15.0,177001,0.0,0.0
2025-10-02 00:00:00+08:00,15.0,15.199999809265137,14.899999618530273,15.0,239202,0.0,0.0
2025-10-03 00:00:00+08:00,15.0,15.449999809265137,14.949999809265137,15.199999809265137,557050,0.0,0.0
2025-10-07 00:00:00+08:00,15.199999809265137,15.350000381469727,15.050000190734863,15.25,310765,0.0,0.0
2025-10-08 00:00:00+08:00,15.399999618530273,15.399999618530273,15.100000381469727,15.300000190734863,173000,0.0,0.0
2025-10-09 00:00:00+08:00,15.300000190734863,15.899999618530273,15.300000190734863,15.5,463194,0.0,0.0
2025-10-13 00:00:00+08:00,14.5,15.050000190734863,14.5,14.949999809265137,334000,0.0,0.0
2025-10-14 00:00:00+08:00,14.850000381469727,15.199999809265137,14.600000381469727,14.649999618530273,380023,0.0,0.0
2025-10-15 00:00:00+08:00,14.600000381469727,14.699999809265137,14.399999618530273,14.600000381469727,360000,0.0,0.0
2025-10-16 00:00:00+08:00,14.600000381469727,14.899999618530273,14.600000381469727,14.649999618530273,187001,0.0,0.0
2025-10-17 00:00:00+08:00,14.5,14.800000190734863,14.449999809265137,14.649999618530273,124805,0.0,0.0
2025-10-20 00:00:00+08:00,14.649999618530273,14.850000381469727,14.550000190734863,14.850000381469727,231266,0.0,0.0
2025-10-21 00:00:00+08:00,14.850000381469727,15.300000190734863,14.75,15.199999809265137,370204,0.0,0.0
2025-10-22 00:00:00+08:00,15.199999809265137,15.25,15.0,15.050000190734863,209048,0.0,0.0
2025-10-23 00:00:00+08:00,14.949999809265137,15.199999809265137,14.699999809265137,14.75,246502,0.0,0.0
2025-10-27 00:00:00+08:00,14.75,14.75,14.550000190734863,14.550000190734863,236411,0.0,0.0
2025-10-28 00:00:00+08:00,14.600000381469727,14.699999809265137,14.25,14.300000190734863,294200,0.0,0.0
2025-10-29 00:00:00+08:00,14.300000190734863,14.899999618530273,14.25,14.600000381469727,480000,0.0,0.0
2025-10-30 00:00:00+08:00,14.550000190734863,14.75,14.300000190734863,14.399999618530273,278042,0.0,0.0
2025-10-31 00:00:00+08:00,14.350000381469727,14.5,14.199999809265137,14.300000190734863,227080,0.0,0.0
2025-11-03 00:00:00+08:00,14.149999618530273,14.600000381469727,14.149999618530273,14.199999809265137,331317,0.0,0.0
2025-11-04 00:00:00+08:00,14.199999809265137,14.199999809265137,13.800000190734863,13.899999618530273,429502,0.0,0.0
2025-11-05 00:00:00+08:00,14.050000190734863,14.149999618530273,13.600000381469727,13.699999809265137,283112,0.0,0.0
2025-11-06 00:00:00+08:00,13.699999809265137,13.899999618530273,13.600000381469727,13.75,197003,0.0,0.0
2025-11-07 00:00:00+08:00,13.800000190734863,13.800000190734863,13.550000190734863,13.600000381469727,175001,0.0,0.0
2025-11-10 00:00:00+08:00,13.649999618530273,13.850000381469727,13.5,13.699999809265137,247003,0.0,0.0
2025-11-11 00:00:00+08:00,13.899999618530273,15.050000190734863,13.899999618530273,15.050000190734863,557773,0.0,0.0
2025-11-12 00:00:00+08:00,15.699999809265137,16.100000381469727,15.199999809265137,15.399999618530273,1568127,0.0,0.0
2025-11-13 00:00:00+08:00,15.149999618530273,15.75,15.050000190734863,15.300000190734863,631068,0.0,0.0
2025-11-14 00:00:00+08:00,15.100000381469727,15.449999809265137,14.649999618530273,14.850000381469727,458082,0.0,0.0
2025-11-17 00:00:00+08:00,14.850000381469727,14.850000381469727,14.149999618530273,14.199999809265137,355013,0.0,0.0
2025-11-18 00:00:00+08:00,14.050000190734863,14.100000381469727,13.649999618530273,13.800000190734863,461001,0.0,0.0
2025-11-19 00:00:00+08:00,13.600000381469727,14.199999809265137,13.350000381469727,13.5,377047,0.0,0.0
2025-11-20 00:00:00+08:00,13.800000190734863,13.850000381469727,13.550000190734863,13.649999618530273,184001,0.0,0.0
2025-11-21 00:00:00+08:00,13.5,13.600000381469727,13.25,13.350000381469727,203251,0.0,0.0
2025-11-24 00:00:00+08:00,13.350000381469727,13.550000190734863,13.100000381469727,13.449999809265137,113665,0.0,0.0
2025-11-25 00:00:00+08:00,13.5,13.75,13.399999618530273,13.5,94201,0.0,0.0
2025-11-26 00:00:00+08:00,13.699999809265137,14.0,13.399999618530273,13.699999809265137,305027,0.0,0.0
2025-11-27 00:00:00+08:00,13.699999809265137,13.899999618530273,13.600000381469727,13.850000381469727,130142,0.0,0.0
2025-11-28 00:00:00+08:00,14.149999618530273,14.25,13.899999618530273,14.149999618530273,176650,0.0,0.0
2025-12-01 00:00:00+08:00,14.149999618530273,14.149999618530273,13.949999809265137,14.0,77458,0.0,0.0
2025-12-02 00:00:00+08:00,13.850000381469727,14.050000190734863,13.800000190734863,13.949999809265137,158424,0.0,0.0
2025-12-03 00:00:00+08:00,13.949999809265137,14.100000381469727,13.850000381469727,13.899999618530273,226000,0.0,0.0
2025-12-04 00:00:00+08:00,15.100000381469727,15.100000381469727,14.100000381469727,14.350000381469727,303003,0.0,0.0
2025-12-05 00:00:00+08:00,14.449999809265137,14.449999809265137,13.899999618530273,14.149999618530273,167001,0.0,0.0
2025-12-08 00:00:00+08:00,14.149999618530273,14.600000381469727,13.949999809265137,14.149999618530273,171301,0.0,0.0
2025-12-09 00:00:00+08:00,14.100000381469727,14.5,14.050000190734863,14.350000381469727,259010,0.0,0.0
2025-12-10 00:00:00+08:00,14.449999809265137,14.449999809265137,14.050000190734863,14.199999809265137,202239,0.0,0.0
2025-12-11 00:00:00+08:00,14.100000381469727,14.25,14.050000190734863,14.100000381469727,172618,0.0,0.0
2025-12-12 00:00:00+08:00,14.100000381469727,14.350000381469727,14.100000381469727,14.149999618530273,189166,0.0,0.0
2025-12-15 00:00:00+08:00,14.199999809265137,14.649999618530273,14.050000190734863,14.25,305532,0.0,0.0
2025-12-16 00:00:00+08:00,14.25,14.300000190734863,14.0,14.199999809265137,243001,0.0,0.0
2025-12-17 00:00:00+08:00,14.199999809265137,14.5,14.100000381469727,14.199999809265137,235002,0.0,0.0
2025-12-18 00:00:00+08:00,14.199999809265137,14.550000190734863,14.100000381469727,14.199999809265137,143500,0.0,0.0
2025-12-19 00:00:00+08:00,14.199999809265137,14.399999618530273,14.050000190734863,14.199999809265137,181004,0.0,0.0
2025-12-22 00:00:00+08:00,14.300000190734863,14.5,14.100000381469727,14.300000190734863,286001,0.0,0.0
2025-12-23 00:00:00+08:00,14.25,14.300000190734863,14.149999618530273,14.25,223708,0.0,0.0
2025-12-24 00:00:00+08:00,14.25,14.350000381469727,14.100000381469727,14.100000381469727,193126,0.0,0.0
2025-12-26 00:00:00+08:00,14.100000381469727,14.300000190734863,14.100000381469727,14.199999809265137,189536,0.0,0.0
2025-12-29 00:00:00+08:00,14.300000190734863,14.350000381469727,14.100000381469727,14.199999809265137,230000,0.0,0.0
2025-12-30 00:00:00+08:00,14.050000190734863,14.25,14.050000190734863,14.100000381469727,216056,0.0,0.0
2025-12-31 00:00:00+08:00,14.0,14.100000381469727,13.800000190734863,14.0,448013,0.0,0.0
2026-01-02 00:00:00+08:00,14.0,14.149999618530273,13.850000381469727,14.0,251064,0.0,0.0
2026-01-05 00:00:00+08:00,14.0,14.0,13.5,13.550000190734863,532977,0.0,0.0
2026-01-06 00:00:00+08:00,13.600000381469727,13.850000381469727,13.449999809265137,13.75,392003,0.0,0.0
2026-01-07 00:00:00+08:00,13.75,14.75,13.75,14.699999809265137,784093,0.0,0.0
2026-01-08 00:00:00+08:00,15.199999809265137,15.399999618530273,14.300000190734863,14.300000190734863,782605,0.0,0.0
2026-01-09 00:00:00+08:00,15.0,15.300000190734863,14.199999809265137,14.949999809265137,1078100,0.0,0.0
2026-01-12 00:00:00+08:00,14.600000381469727,15.100000381469727,14.600000381469727,14.899999618530273,467228,0.0,0.0
2026-01-13 00:00:00+08:00,14.75,15.149999618530273,14.699999809265137,14.899999618530273,442211,0.0,0.0
2026-01-14 00:00:00+08:00,14.899999618530273,15.149999618530273,14.899999618530273,15.100000381469727,505122,0.0,0.0
2026-01-15 00:00:00+08:00,15.25,15.25,14.800000190734863,15.0,483012,0.0,0.0
2026-01-16 00:00:00+08:00,15.050000190734863,15.149999618530273,15.0,15.100000381469727,505948,0.0,0.0
2026-01-19 00:00:00+08:00,15.149999618530273,15.399999618530273,15.0,15.300000190734863,709103,0.0,0.0
2026-01-20 00:00:00+08:00,15.449999809265137,15.449999809265137,15.0,15.0,630317,0.0,0.0
2026-01-21 00:00:00+08:00,14.949999809265137,16.5,14.850000381469727,16.5,1735400,0.0,0.0
2026-01-22 00:00:00+08:00,18.149999618530273,18.149999618530273,17.549999237060547,18.149999618530273,2733053,0.0,0.0
2026-01-23 00:00:00+08:00,18.850000381469727,19.0,17.0,17.25,3862639,0.0,0.0
2026-01-26 00:00:00+08:00,17.0,17.549999237060547,16.600000381469727,17.200000762939453,1063110,0.0,0.0
2026-01-27 00:00:00+08:00,17.200000762939453,17.299999237060547,16.299999237060547,16.450000762939453,1167925,0.0,0.0
2026-01-28 00:00:00+08:00,15.699999809265137,17.100000381469727,15.699999809265137,17.0,915500,0.0,0.0
2026-01-29 00:00:00+08:00,17.149999618530273,17.149999618530273,16.149999618530273,16.149999618530273,635332,0.0,0.0
2026-01-30 00:00:00+08:00,16.149999618530273,16.149999618530273,15.600000381469727,15.649999618530273,658269,0.0,0.0
2026-02-02 00:00:00+08:00,15.550000190734863,15.550000190734863,15.100000381469727,15.199999809265137,282483,0.0,0.0
2026-02-03 00:00:00+08:00,15.449999809265137,15.5,15.100000381469727,15.25,207377,0.0,0.0
2026-02-04 00:00:00+08:00,15.0,15.5,14.949999809265137,15.399999618530273,226317,0.0,0.0
2026-02-05 00:00:00+08:00,15.399999618530273,15.899999618530273,15.300000190734863,15.5,472263,0.0,0.0
2026-02-06 00:00:00+08:00,15.5,15.5,14.800000190734863,14.949999809265137,416260,0.0,0.0
2026-02-09 00:00:00+08:00,15.100000381469727,15.199999809265137,14.850000381469727,15.0,390062,0.0,0.0
2026-02-10 00:00:00+08:00,15.0,15.800000190734863,14.949999809265137,15.550000190734863,451174,0.0,0.0
2026-02-11 00:00:00+08:00,15.5,15.5,15.0,15.100000381469727,398003,0.0,0.0
2026-02-23 00:00:00+08:00,14.800000190734863,15.600000381469727,14.800000190734863,15.600000381469727,403072,0.0,0.0
2026-02-24 00:00:00+08:00,15.399999618530273,15.850000381469727,15.399999618530273,15.5,390105,0.0,0.0
2026-02-25 00:00:00+08:00,15.75,15.899999618530273,15.449999809265137,15.75,511888,0.0,0.0
2026-02-26 00:00:00+08:00,15.75,16.0,15.5,15.850000381469727,457448,0.0,0.0
2026-03-02 00:00:00+08:00,15.550000190734863,15.949999809265137,15.5,15.75,378030,0.0,0.0
2026-03-03 00:00:00+08:00,15.75,15.899999618530273,15.0,15.149999618530273,427252,0.0,0.0
2026-03-04 00:00:00+08:00,15.0,15.0,14.100000381469727,14.149999618530273,620078,0.0,0.0
2026-03-05 00:00:00+08:00,14.350000381469727,14.75,14.350000381469727,14.699999809265137,232206,0.0,0.0
2026-03-06 00:00:00+08:00,14.699999809265137,15.649999618530273,14.600000381469727,15.199999809265137,380926,0.0,0.0
2026-03-09 00:00:00+08:00,14.5,14.5,14.0,14.149999618530273,399017,0.0,0.0
2026-03-10 00:00:00+08:00,14.25,14.550000190734863,14.149999618530273,14.300000190734863,335009,0.0,0.0
2026-03-11 00:00:00+08:00,14.949999809265137,15.050000190734863,14.550000190734863,15.050000190734863,446517,0.0,0.0
2026-03-12 00:00:00+08:00,14.899999618530273,15.0,14.649999618530273,14.850000381469727,347302,0.0,0.0
2026-03-13 00:00:00+08:00,14.550000190734863,15.0,14.550000190734863,14.75,180393,0.0,0.0
2026-03-16 00:00:00+08:00,15.0,15.0,14.350000381469727,14.550000190734863,506013,0.0,0.0
2026-03-17 00:00:00+08:00,14.699999809265137,16.0,14.649999618530273,16.0,964232,0.0,0.0
2026-03-18 00:00:00+08:00,17.600000381469727,17.600000381469727,17.25,17.600000381469727,1883048,0.0,0.0
2026-03-19 00:00:00+08:00,17.799999237060547,18.149999618530273,16.799999237060547,16.950000762939453,4766032,0.0,0.0
2026-03-20 00:00:00+08:00,16.950000762939453,17.450000762939453,16.450000762939453,16.549999237060547,1154201,0.0,0.0
2026-03-23 00:00:00+08:00,16.0,16.049999237060547,15.5,15.75,612796,0.0,0.0
2026-03-24 00:00:00+08:00,16.049999237060547,16.100000381469727,15.199999809265137,15.5,542013,0.0,0.0
2026-03-25 00:00:00+08:00,15.649999618530273,15.899999618530273,15.5,15.600000381469727,261164,0.0,0.0
2026-03-26 00:00:00+08:00,15.600000381469727,15.800000190734863,15.350000381469727,15.350000381469727,422216,0.0,0.0
2026-03-27 00:00:00+08:00,15.350000381469727,15.600000381469727,15.0,15.550000190734863,431031,0.0,0.0
2026-03-30 00:00:00+08:00,15.350000381469727,15.600000381469727,14.899999618530273,15.199999809265137,387095,0.0,0.0
2026-03-31 00:00:00+08:00,15.149999618530273,15.149999618530273,14.350000381469727,14.399999618530273,786030,0.0,0.0
2026-04-01 00:00:00+08:00,14.850000381469727,15.0,14.800000190734863,14.899999618530273,293013,0.0,0.0
2026-04-02 00:00:00+08:00,14.899999618530273,15.100000381469727,14.649999618530273,14.699999809265137,204594,0.0,0.0
2026-04-07 00:00:00+08:00,14.75,14.75,14.399999618530273,14.449999809265137,418012,0.0,0.0
2026-04-08 00:00:00+08:00,15.300000190734863,15.850000381469727,15.300000190734863,15.850000381469727,565522,0.0,0.0
2026-04-09 00:00:00+08:00,15.300000190734863,15.850000381469727,15.25,15.399999618530273,1050007,0.0,0.0
2026-04-10 00:00:00+08:00,15.449999809265137,15.800000190734863,15.350000381469727,15.800000190734863,722500,0.0,0.0
2026-04-13 00:00:00+08:00,15.550000190734863,16.149999618530273,15.5,16.049999237060547,511007,0.0,0.0
2026-04-14 00:00:00+08:00,16.100000381469727,16.350000381469727,16.0,16.200000762939453,521023,0.0,0.0
2026-04-15 00:00:00+08:00,16.450000762939453,16.5,16.049999237060547,16.149999618530273,550024,0.0,0.0
2026-04-16 00:00:00+08:00,16.200000762939453,16.5,16.200000762939453,16.299999237060547,405007,0.0,0.0
2026-04-17 00:00:00+08:00,16.200000762939453,16.600000381469727,16.200000762939453,16.299999237060547,412050,0.0,0.0
2026-04-20 00:00:00+08:00,16.5,17.049999237060547,16.299999237060547,16.5,1103426,0.0,0.0
2026-04-21 00:00:00+08:00,16.549999237060547,18.149999618530273,16.549999237060547,17.75,4836484,0.0,0.0
2026-04-22 00:00:00+08:00,16.600000381469727,18.0,16.600000381469727,17.649999618530273,2739628,0.0,0.0
2026-04-23 00:00:00+08:00,18.149999618530273,18.200000762939453,16.200000762939453,17.049999237060547,1782335,0.0,0.0
2026-04-24 00:00:00+08:00,17.100000381469727,17.700000762939453,17.049999237060547,17.100000381469727,1215882,0.0,0.0
2026-04-27 00:00:00+08:00,17.600000381469727,17.600000381469727,16.299999237060547,16.75,846737,0.0,0.0
2026-04-28 00:00:00+08:00,16.850000381469727,16.950000762939453,16.600000381469727,16.700000762939453,415160,0.0,0.0
2026-04-29 00:00:00+08:00,16.700000762939453,17.0,16.450000762939453,16.75,519000,0.0,0.0
2026-04-30 00:00:00+08:00,16.950000762939453,17.149999618530273,16.700000762939453,16.850000381469727,691008,0.0,0.0
2026-05-04 00:00:00+08:00,16.850000381469727,17.549999237060547,16.850000381469727,17.200000762939453,723201,0.0,0.0
2026-05-05 00:00:00+08:00,17.200000762939453,18.799999237060547,17.200000762939453,18.100000381469727,2074147,0.0,0.0
2026-05-06 00:00:00+08:00,18.200000762939453,18.200000762939453,17.25,17.450000762939453,1485411,0.0,0.0
2026-05-07 00:00:00+08:00,17.450000762939453,17.450000762939453,16.700000762939453,16.75,1676403,0.0,0.0
2026-05-08 00:00:00+08:00,16.700000762939453,16.700000762939453,16.100000381469727,16.149999618530273,1168002,0.0,0.0
2026-05-11 00:00:00+08:00,16.149999618530273,16.75,16.100000381469727,16.399999618530273,597164,0.0,0.0
2026-05-12 00:00:00+08:00,16.5,16.5,16.049999237060547,16.100000381469727,1041493,0.0,0.0
2026-05-13 00:00:00+08:00,16.0,16.200000762939453,15.699999809265137,15.850000381469727,622404,0.0,0.0
2026-05-14 00:00:00+08:00,16.0,16.100000381469727,15.5,15.600000381469727,631300,0.0,0.0
2026-05-15 00:00:00+08:00,15.550000190734863,15.850000381469727,15.149999618530273,15.199999809265137,785124,0.0,0.0
2026-05-18 00:00:00+08:00,15.100000381469727,15.100000381469727,14.800000190734863,15.0,582662,0.0,0.0
2026-05-19 00:00:00+08:00,15.149999618530273,15.149999618530273,14.75,14.850000381469727,633007,0.0,0.0
2026-05-20 00:00:00+08:00,14.850000381469727,15.399999618530273,14.600000381469727,14.949999809265137,831664,0.0,0.0
2026-05-21 00:00:00+08:00,15.149999618530273,15.699999809265137,15.149999618530273,15.550000190734863,701051,0.0,0.0
2026-05-22 00:00:00+08:00,15.75,15.899999618530273,15.550000190734863,15.899999618530273,668000,0.0,0.0
2026-05-25 00:00:00+08:00,16.049999237060547,16.25,15.800000190734863,15.800000190734863,840264,0.0,0.0
2026-05-26 00:00:00+08:00,15.800000190734863,15.899999618530273,15.449999809265137,15.600000381469727,622201,0.0,0.0
2026-05-27 00:00:00+08:00,15.600000381469727,15.649999618530273,15.199999809265137,15.25,684422,0.0,0.0
2026-05-28 00:00:00+08:00,15.350000381469727,15.899999618530273,15.0,15.100000381469727,827319,0.0,0.0
2026-05-29 00:00:00+08:00,15.149999618530273,16.600000381469727,15.100000381469727,16.600000381469727,1331441,0.0,0.0
2026-06-01 00:00:00+08:00,17.299999237060547,17.450000762939453,16.75,16.899999618530273,3444406,0.0,0.0
2026-06-02 00:00:00+08:00,16.600000381469727,16.649999618530273,16.149999618530273,16.399999618530273,1306004,0.0,0.0
2026-06-03 00:00:00+08:00,16.399999618530273,17.950000762939453,16.25,17.549999237060547,2573100,0.0,0.0
2026-06-04 00:00:00+08:00,17.5,17.5,16.600000381469727,16.700000762939453,1222548,0.0,0.0
2026-06-05 00:00:00+08:00,16.649999618530273,16.850000381469727,16.149999618530273,16.399999618530273,699001,0.0,0.0
2026-06-08 00:00:00+08:00,14.800000190734863,15.449999809265137,14.800000190734863,15.449999809265137,982001,0.0,0.0
2026-06-09 00:00:00+08:00,15.449999809265137,15.699999809265137,15.25,15.600000381469727,487668,0.0,0.0
2026-06-10 00:00:00+08:00,15.800000190734863,15.800000190734863,15.149999618530273,15.199999809265137,720002,0.0,0.0
2026-06-11 00:00:00+08:00,15.050000190734863,15.25,14.699999809265137,15.0,694403,0.0,0.0
2026-06-12 00:00:00+08:00,15.25,15.649999618530273,15.25,15.350000381469727,647283,0.0,0.0
