Date,Open,High,Low,Close,Volume,Dividends,Stock Splits
2001-01-01 00:00:00+09:00,2160.875,2160.875,2160.875,2160.875,0,0.0,0.0
2001-01-02 00:00:00+09:00,2160.875,2160.875,2160.875,2160.875,0,0.0,0.0
2001-01-03 00:00:00+09:00,2160.875,2160.875,2160.875,2160.875,0,0.0,0.0
2001-01-04 00:00:00+09:00,2134.745371162253,2134.745371162253,1899.5837222632554,1902.1966552734375,127920,0.0,0.0
2001-01-05 00:00:00+09:00,2058.971461914711,2139.9715684783105,2035.455227040835,2108.61669921875,308880,0.0,0.0
2001-01-08 00:00:00+09:00,2108.61669921875,2108.61669921875,2108.61669921875,2108.61669921875,0,0.0,0.0
2001-01-09 00:00:00+09:00,2038.0681495366798,2116.455322265625,2038.0681495366798,2116.455322265625,437840,0.0,0.0
2001-01-10 00:00:00+09:00,2064.1972871292023,2171.32656842946,2064.1972871292023,2160.875,539240,0.0,0.0
2001-01-11 00:00:00+09:00,2168.7134826270667,2181.7781495698587,2147.8103472354187,2171.326416015625,564720,0.0,0.0
2001-01-12 00:00:00+09:00,2155.6492610272326,2171.3266975327865,2137.358890794347,2166.100830078125,417040,0.0,0.0
2001-01-15 00:00:00+09:00,2126.9075606345777,2168.714007392217,2126.9075606345777,2137.359130859375,140400,0.0,0.0
2001-01-16 00:00:00+09:00,2137.358623612814,2137.358623612814,2082.4875197733472,2116.455322265625,287560,0.0,0.0
2001-01-17 00:00:00+09:00,2090.326319975447,2116.455322265625,2087.713386574747,2116.455322265625,186160,0.0,0.0
2001-01-18 00:00:00+09:00,2066.8100138562822,2153.0359838097643,2066.8100138562822,2126.906982421875,180440,0.0,0.0
2001-01-19 00:00:00+09:00,2137.35854980535,2139.9714831158194,2090.3262477921066,2126.906982421875,151320,0.0,0.0
2001-01-22 00:00:00+09:00,2126.9069637515677,2189.61669921875,2116.4552306014352,2189.61669921875,199160,0.0,0.0
2001-01-23 00:00:00+09:00,2181.778677496276,2194.8431817418855,2132.1332628177515,2137.359130859375,201760,0.0,0.0
2001-01-24 00:00:00+09:00,2137.358971447679,2137.358971447679,2074.649223059107,2090.32666015625,291720,0.0,0.0
2001-01-25 00:00:00+09:00,2090.325808687896,2090.325808687896,2048.519216219288,2058.970947265625,301600,0.0,0.0
2001-01-26 00:00:00+09:00,2051.132984484174,2090.32666015625,2045.9072826907513,2090.32666015625,255320,0.0,0.0
2001-01-29 00:00:00+09:00,2072.0354598034864,2090.325823404981,2072.0354598034864,2087.712890625,86320,0.0,0.0
2001-01-30 00:00:00+09:00,2064.196686194521,2064.196686194521,2019.7773259777764,2022.3902587890625,318240,0.0,0.0
2001-01-31 00:00:00+09:00,2011.93903959302,2025.0035400390625,1988.4228061034219,2025.0035400390625,153920,0.0,0.0
2001-02-01 00:00:00+09:00,2038.067651031321,2058.970947265625,2038.067651031321,2058.970947265625,150800,0.0,0.0
2001-02-02 00:00:00+09:00,1991.0371879137244,2064.198543154057,1991.0371879137244,2051.134033203125,140400,0.0,0.0
2001-02-05 00:00:00+09:00,1998.8745967611621,2011.9392645262258,1991.0359619605442,2004.1004638671875,115440,0.0,0.0
2001-02-06 00:00:00+09:00,2011.9386340230265,2022.390199101336,1991.0353380080392,2006.7127685546875,73320,0.0,0.0
2001-02-07 00:00:00+09:00,2038.0681816296003,2038.0681816296003,1998.87451171875,1998.87451171875,91520,0.0,0.0
2001-02-08 00:00:00+09:00,2011.9384861243805,2011.9384861243805,1933.551173295062,1954.4544677734375,202800,0.0,0.0
2001-02-09 00:00:00+09:00,1920.4869349747337,2061.583984375,1920.4869349747337,2061.583984375,213720,0.0,0.0
2001-02-12 00:00:00+09:00,2061.583984375,2061.583984375,2061.583984375,2061.583984375,0,0.0,0.0
2001-02-13 00:00:00+09:00,1985.8100217582103,1998.8745231839582,1972.745520332462,1991.035888671875,60840,0.0,0.0
2001-02-14 00:00:00+09:00,2017.1647383798468,2040.680971847568,1985.809870995153,2001.4873046875,89440,0.0,0.0
2001-02-15 00:00:00+09:00,1959.6810302734375,1972.7455317749636,1949.2292963854848,1959.6810302734375,86840,0.0,0.0
2001-02-16 00:00:00+09:00,1998.8748055408848,2090.32666015625,1985.8103022696719,2090.32666015625,298480,0.0,0.0
2001-02-19 00:00:00+09:00,2040.6811267764492,2040.6811267764492,1988.4229552150427,1991.035888671875,82680,0.0,0.0
2001-02-20 00:00:00+09:00,2032.8421267636218,2072.03579305013,2006.713126478215,2038.0679931640625,54600,0.0,0.0
2001-02-21 00:00:00+09:00,2011.938442018345,2030.2286376953125,2006.7125770487246,2030.2286376953125,51480,0.0,0.0
2001-02-22 00:00:00+09:00,2011.9391789279755,2011.9391789279755,1977.9713759008155,1998.87451171875,117520,0.0,0.0
2001-02-23 00:00:00+09:00,2025.003493021359,2038.0679931640625,1972.7453265921472,2038.0679931640625,143000,0.0,0.0
2001-02-26 00:00:00+09:00,1988.4229438097827,2019.7778133950976,1988.4229438097827,1998.87451171875,96200,0.0,0.0
2001-02-27 00:00:00+09:00,1998.8741510369405,1998.8741510369405,1951.8418551455923,1967.519287109375,184080,0.0,0.0
2001-02-28 00:00:00+09:00,1949.2289289944579,1949.2289289944579,1881.2933349609375,1881.2933349609375,320840,0.0,0.0
2001-03-01 00:00:00+09:00,1860.3900066560584,1907.4224678036271,1855.164306640625,1855.164306640625,243360,0.0,0.0
2001-03-02 00:00:00+09:00,1857.7773694575615,1933.551600633458,1857.7773694575615,1860.39013671875,304200,0.0,0.0
2001-03-05 00:00:00+09:00,1860.3900827047823,1873.454747923374,1844.7126503008603,1868.2288818359375,164320,0.0,0.0
2001-03-06 00:00:00+09:00,1844.712963877398,1904.8099365234375,1839.4872627600498,1904.8099365234375,251160,0.0,0.0
2001-03-07 00:00:00+09:00,1852.5515032183987,1881.2934358170085,1842.0999365984658,1860.39013671875,401960,0.0,0.0
2001-03-08 00:00:00+09:00,1857.7780685389753,1857.7780685389753,1802.9069499549562,1813.3585205078125,430560,0.0,0.0
2001-03-09 00:00:00+09:00,1776.7775816620162,1802.9067539917837,1771.5518798828125,1771.5518798828125,630240,0.0,0.0
2001-03-12 00:00:00+09:00,1776.777081565061,1826.4223125740443,1776.777081565061,1779.3900146484375,481520,0.0,0.0
2001-03-13 00:00:00+09:00,1771.5515502590401,1779.3901843985686,1750.6482494562865,1766.32568359375,294840,0.0,0.0
2001-03-14 00:00:00+09:00,1766.3256835937502,1766.3256835937502,1766.3256835937502,1766.32568359375,0,0.0,0.0
2001-03-15 00:00:00+09:00,1818.583704380626,1881.2934358170085,1766.3255395641763,1860.39013671875,387400,0.0,0.0
2001-03-16 00:00:00+09:00,1881.2933349609375,1902.1966329385707,1815.9706739069193,1881.2933349609375,174720,0.0,0.0
2001-03-19 00:00:00+09:00,1902.1966387366801,1902.1966387366801,1823.8094784046023,1849.9384765625,256360,0.0,0.0
2001-03-20 00:00:00+09:00,1849.9384765625,1849.9384765625,1849.9384765625,1849.9384765625,0,0.0,0.0
2001-03-21 00:00:00+09:00,1881.293689547451,1959.6810302734375,1881.293689547451,1959.6810302734375,282360,0.0,0.0
2001-03-22 00:00:00+09:00,1957.067506981696,1959.6804396662,1907.4222835512105,1925.712646484375,310960,0.0,0.0
2001-03-23 00:00:00+09:00,1946.6161927330068,1964.9065595794968,1933.5516923736284,1949.2291259765625,290680,0.0,0.0
2001-03-26 00:00:00+09:00,1949.229243204935,2116.455322265625,1944.0035422619458,2116.455322265625,433160,0.0,0.0
2001-03-27 00:00:00+09:00,2116.4556850492954,2139.971923828125,2051.1330022684165,2139.971923828125,294840,0.0,0.0
2001-03-28 00:00:00+09:00,2137.3580742546237,2155.6484375,2106.0032132220836,2155.6484375,236600,0.0,0.0
2001-03-29 00:00:00+09:00,2090.326110033366,2158.2617081948047,2090.326110033366,2129.519775390625,271960,0.0,0.0
2001-03-30 00:00:00+09:00,2129.519775390625,2142.58427522358,2103.390609866321,2129.519775390625,254800,0.0,0.0
2001-04-02 00:00:00+09:00,2142.5840278168344,2142.5840278168344,2040.6806423415828,2074.6484375,210600,0.0,0.0
2001-04-03 00:00:00+09:00,2074.649241047246,2142.5848576767107,2074.649241047246,2139.971923828125,338520,0.0,0.0
2001-04-04 00:00:00+09:00,2113.842392536859,2116.455159878681,2038.0679931640625,2038.0679931640625,239200,0.0,0.0
2001-04-05 00:00:00+09:00,2113.842898731183,2116.455666698676,2090.32666015625,2090.32666015625,71760,0.0,0.0
2001-04-06 00:00:00+09:00,2098.165154566727,2116.4555242588376,2090.3265194749233,2092.939453125,149240,0.0,0.0
2001-04-09 00:00:00+09:00,2066.8098316341157,2066.8098316341157,2027.6163330078125,2027.6163330078125,111280,0.0,0.0
2001-04-10 00:00:00+09:00,2027.6164136812904,2027.6164136812904,1972.745314391222,1985.809814453125,175240,0.0,0.0
2001-04-11 00:00:00+09:00,1985.8100948545186,2006.7133974202004,1962.2938587358242,2004.1004638671875,181480,0.0,0.0
2001-04-12 00:00:00+09:00,1988.4223877628472,2053.745042108347,1972.744957354262,2009.32568359375,157560,0.0,0.0
2001-04-13 00:00:00+09:00,2009.3257919044097,2058.9710185174,2009.3257919044097,2048.519287109375,122200,0.0,0.0
2001-04-16 00:00:00+09:00,2014.5513831577005,2032.8417462774446,1985.8094550516885,2009.32568359375,136760,0.0,0.0
2001-04-17 00:00:00+09:00,2035.454696913815,2038.0676296479844,1962.2932437905433,2006.7127685546875,143000,0.0,0.0
2001-04-18 00:00:00+09:00,2017.1647383798468,2022.3906048967629,1972.7453705612643,2001.4873046875,232440,0.0,0.0
2001-04-19 00:00:00+09:00,1972.7455014678596,1985.8100027686771,1881.2936606453131,1946.6163330078125,950040,0.0,0.0
2001-04-20 00:00:00+09:00,1957.067991941982,1964.9066260795385,1930.9388244805125,1933.5517578125,465920,0.0,0.0
2001-04-23 00:00:00+09:00,1959.6807466577964,1959.6807466577964,1928.3257153902232,1941.390380859375,491400,0.0,0.0
2001-04-24 00:00:00+09:00,1939.4250534914354,1989.2210900222162,1915.837553554978,1986.6002197265625,262080,8.653846,0.0
2001-04-25 00:00:00+09:00,1965.6335258547444,1965.6335258547444,1939.4249901168375,1952.5291748046875,313560,0.0,0.0
2001-04-26 00:00:00+09:00,1965.6335258547444,1965.6335258547444,1939.4249901168375,1952.5291748046875,313560,0.0,0.0
2001-04-27 00:00:00+09:00,2004.9457923747848,2004.9457923747848,1965.6332439493265,1978.7374267578125,184600,0.0,0.0
2001-04-30 00:00:00+09:00,1978.7374267578125,1978.7374267578125,1978.7374267578125,1978.7374267578125,0,0.0,0.0
2001-05-01 00:00:00+09:00,2018.0504150390625,2018.0504150390625,1991.84187950803,2018.0504150390625,379600,0.0,0.0
2001-05-02 00:00:00+09:00,2044.259298583161,2044.259298583161,2015.430051971013,2041.638427734375,307840,0.0,0.0
2001-05-03 00:00:00+09:00,2041.638427734375,2041.638427734375,2041.638427734375,2041.638427734375,0,0.0,0.0
2001-05-04 00:00:00+09:00,2041.638427734375,2041.638427734375,2041.638427734375,2041.638427734375,0,0.0,0.0
2001-05-07 00:00:00+09:00,2049.5004632560567,2149.092529296875,2044.2587230342663,2149.092529296875,6760,0.0,0.0
2001-05-08 00:00:00+09:00,2143.850009077164,2143.850009077164,2036.3953717989293,2088.812255859375,3120,0.0,0.0
2001-05-09 00:00:00+09:00,2094.054827049546,2094.054827049546,2036.3961817416464,2086.1923828125,1820,0.0,0.0
2001-05-10 00:00:00+09:00,2083.5716732687847,2083.5716732687847,1991.8420410156248,1991.842041015625,3900,0.0,0.0
2001-05-11 00:00:00+09:00,2044.258483434577,2094.054510618585,2036.3958740234375,2036.3958740234375,1820,0.0,0.0
2001-05-14 00:00:00+09:00,2036.3959757684645,2049.500325441767,2023.2917924573514,2039.016845703125,1040,0.0,0.0
2001-05-15 00:00:00+09:00,2039.0171491283284,2059.9839453634822,2020.6712232178456,2025.9129638671875,427960,0.0,0.0
2001-05-16 00:00:00+09:00,2018.0502899464693,2018.0502899464693,1997.08349609375,1997.08349609375,354120,0.0,0.0
2001-05-17 00:00:00+09:00,2002.3244432931597,2018.0496585342023,1983.9786915695636,2004.9453125,271960,0.0,0.0
2001-05-18 00:00:00+09:00,2002.3255189121444,2002.3255189121444,1978.7380161040178,1981.35888671875,288600,0.0,0.0
2001-05-21 00:00:00+09:00,1991.841638047622,2012.8084306583137,1991.841638047622,2002.324951171875,454480,0.0,0.0
2001-05-22 00:00:00+09:00,1994.4622057970278,1994.4622057970278,1960.3912353515625,1960.3912353515625,488280,0.0,0.0
2001-05-23 00:00:00+09:00,1986.600300211953,1999.7046522211326,1973.496114564993,1991.842041015625,297960,0.0,0.0
2001-05-24 00:00:00+09:00,1981.357822362723,2018.0496585342023,1968.253476328521,2004.9453125,341120,0.0,0.0
2001-05-25 00:00:00+09:00,1991.8416095662985,1991.8416095662985,1965.6332439493265,1978.7374267578125,212680,0.0,0.0
2001-05-28 00:00:00+09:00,1952.5291748046875,1965.6335258547444,1939.4249901168375,1952.5291748046875,375440,0.0,0.0
2001-05-29 00:00:00+09:00,1939.425289607496,1981.3588867187502,1939.425289607496,1981.35888671875,194480,0.0,0.0
2001-05-30 00:00:00+09:00,1970.874817255411,1978.7374267578125,1952.528894778657,1978.7374267578125,110240,0.0,0.0
2001-05-31 00:00:00+09:00,1989.2206737109186,1989.2206737109186,1949.9081265902241,1965.6331787109375,266760,0.0,0.0
2001-06-01 00:00:00+09:00,1965.6328459077029,2004.9453863723522,1957.7702379974833,1989.2203369140625,398320,0.0,0.0
2001-06-04 00:00:00+09:00,2002.3248505194283,2018.0500689586142,1989.220668182284,2015.42919921875,341640,0.0,0.0
2001-06-05 00:00:00+09:00,2033.7747074131014,2033.7747074131014,1994.4620020347818,2004.9453125,282360,0.0,0.0
2001-06-06 00:00:00+09:00,2018.0505786717645,2031.1547643187248,1991.8420410156248,1991.842041015625,277160,0.0,0.0
2001-06-07 00:00:00+09:00,1991.8411328279415,2023.2912305857396,1991.8411328279415,2004.9453125,235560,0.0,0.0
2001-06-08 00:00:00+09:00,2004.9453125000002,2018.0496585342023,1999.7037404484627,2004.9453125,399360,0.0,0.0
2001-06-11 00:00:00+09:00,2025.912859244828,2033.7754698127997,2007.566934281767,2018.0504150390625,84760,0.0,0.0
2001-06-12 00:00:00+09:00,1991.8405415459677,1991.8405415459677,1942.0445404844754,1973.49462890625,225680,0.0,0.0
2001-06-13 00:00:00+09:00,1965.6336697217043,2018.0505786717645,1965.6336697217043,1991.842041015625,141440,0.0,0.0
2001-06-14 00:00:00+09:00,2010.1875320430524,2010.1875320430524,1978.7374267578125,1978.7374267578125,71760,0.0,0.0
2001-06-15 00:00:00+09:00,1965.6332439493265,1978.7374267578125,1944.6664516384387,1978.7374267578125,224640,0.0,0.0
2001-06-18 00:00:00+09:00,1968.254092160438,1997.08349609375,1968.254092160438,1997.08349609375,90480,0.0,0.0
2001-06-19 00:00:00+09:00,1997.08349609375,2031.1544737185955,1991.8417560400214,1997.08349609375,274040,0.0,0.0
2001-06-20 00:00:00+09:00,2010.1878044710909,2033.7754698127997,1991.84187950803,2018.0504150390625,287560,0.0,0.0
2001-06-21 00:00:00+09:00,2033.775362224502,2096.6755779919804,2033.775362224502,2091.433837890625,847600,0.0,0.0
2001-06-22 00:00:00+09:00,2080.949814749485,2094.0539941740617,2070.466338120112,2088.812255859375,721760,0.0,0.0
2001-06-25 00:00:00+09:00,2096.675313078908,2104.5377558753316,2031.1542355392824,2094.054443359375,287560,0.0,0.0
2001-06-26 00:00:00+09:00,2091.4339982380056,2101.9174792444705,2073.088072838901,2080.95068359375,242840,0.0,0.0
2001-06-27 00:00:00+09:00,2070.4663966081257,2070.4663966081257,2031.153857223868,2046.87890625,269880,0.0,0.0
2001-06-28 00:00:00+09:00,2067.8464561351707,2075.708900365976,2044.2587907183413,2065.2255859375,280800,0.0,0.0
2001-06-29 00:00:00+09:00,2091.433955189794,2094.0548253874645,2054.7421051468177,2065.2255859375,408720,0.0,0.0
2001-07-02 00:00:00+09:00,2117.6418494866384,2117.6418494866384,2059.9832216861414,2073.08740234375,416520,0.0,0.0
2001-07-03 00:00:00+09:00,2083.5713469015595,2083.5713469015595,2052.121239730261,2054.741943359375,170560,0.0,0.0
2001-07-04 00:00:00+09:00,2080.9504769102527,2080.9504769102527,2033.7753161533046,2054.741943359375,126360,0.0,0.0
2001-07-05 00:00:00+09:00,2031.1542512957587,2036.39582441331,1999.7041471417413,2015.42919921875,275600,0.0,0.0
2001-07-06 00:00:00+09:00,1968.2542940192,1989.2210900222162,1939.4250534914354,1986.6002197265625,490880,0.0,0.0
2001-07-09 00:00:00+09:00,1939.4249647312452,1939.4249647312452,1913.2165956985928,1928.941650390625,280280,0.0,0.0
2001-07-10 00:00:00+09:00,1913.2165322549538,1918.458106070347,1887.0079977291905,1915.83740234375,222560,0.0,0.0
2001-07-11 00:00:00+09:00,1887.0081781892236,1902.7332338636343,1850.3163261615268,1866.0413818359375,296920,0.0,0.0
2001-07-12 00:00:00+09:00,1866.0403899330067,1913.2156982421875,1866.0403899330067,1913.2156982421875,546520,0.0,0.0
2001-07-13 00:00:00+09:00,1915.837040455952,1942.0454036689453,1889.6285108807908,1921.07861328125,414960,0.0,0.0
2001-07-16 00:00:00+09:00,1934.182867033362,1970.874709989904,1934.182867033362,1955.149658203125,452400,0.0,0.0
2001-07-17 00:00:00+09:00,1944.6657928735567,1944.6657928735567,1881.7656036108183,1913.2156982421875,281840,0.0,0.0
2001-07-18 00:00:00+09:00,1934.1831761852009,1934.1831761852009,1871.2829589843752,1871.282958984375,345280,0.0,0.0
2001-07-19 00:00:00+09:00,1873.9035043127813,1881.76611328125,1866.0408953443127,1881.76611328125,180960,0.0,0.0
2001-07-20 00:00:00+09:00,1881.76611328125,1881.76611328125,1881.76611328125,1881.76611328125,0,0.0,0.0
2001-07-23 00:00:00+09:00,1868.661765000469,1881.76611328125,1852.9367134257036,1881.76611328125,342160,0.0,0.0
2001-07-24 00:00:00+09:00,1887.007630521471,1900.1118120532067,1876.5243185685156,1894.8702392578125,251160,0.0,0.0
2001-07-25 00:00:00+09:00,1860.7998080337454,1894.8707897314243,1850.3163266730965,1887.0081787109375,192400,0.0,0.0
2001-07-26 00:00:00+09:00,1850.3159720293115,1907.9746093750002,1850.3159720293115,1907.974609375,177320,0.0,0.0
2001-07-27 00:00:00+09:00,1921.0783598877656,1923.6992291358015,1879.1449510056302,1900.111572265625,122720,0.0,0.0
2001-07-30 00:00:00+09:00,1921.0786795312056,1921.0786795312056,1850.3158635087755,1879.145263671875,111800,0.0,0.0
2001-07-31 00:00:00+09:00,1892.2499193912622,1900.1123640495337,1876.5248637125037,1887.0081787109375,121160,0.0,0.0
2001-08-01 00:00:00+09:00,1887.0081994705579,1910.5958664292991,1876.5248843567936,1884.3873291015625,199680,0.0,0.0
2001-08-02 00:00:00+09:00,1926.3200983838371,1939.4242782618703,1873.9032125095587,1900.111572265625,273000,0.0,0.0
2001-08-03 00:00:00+09:00,1910.5955238978077,1923.6997070312498,1892.2496009661136,1923.69970703125,264680,0.0,0.0
2001-08-06 00:00:00+09:00,1921.0783349281323,1921.0783349281323,1860.799008455072,1897.4908447265625,187720,0.0,0.0
2001-08-07 00:00:00+09:00,1921.0782809020982,1921.0782809020982,1884.3864456624835,1910.594970703125,288080,0.0,0.0
2001-08-08 00:00:00+09:00,1921.0791393327956,1921.0791393327956,1868.6622321912528,1889.6290283203125,128960,0.0,0.0
2001-08-09 00:00:00+09:00,1863.4207763671875,1879.1458328728927,1852.9372944552347,1863.4207763671875,405080,0.0,0.0
2001-08-10 00:00:00+09:00,1863.4206778587152,1879.1457335331258,1860.7998075192775,1866.0413818359375,273000,0.0,0.0
2001-08-13 00:00:00+09:00,1873.9040288665644,1873.9040288665644,1784.7952674242858,1808.3829345703125,262600,0.0,0.0
2001-08-14 00:00:00+09:00,1829.349855889764,1852.9373582796816,1811.003928274145,1834.5914306640625,140920,0.0,0.0
2001-08-15 00:00:00+09:00,1834.591245704832,1834.591245704832,1813.6246159969858,1821.487060546875,279760,0.0,0.0
2001-08-16 00:00:00+09:00,1808.3825270483132,1808.3825270483132,1782.1739954186176,1797.8990478515625,272480,0.0,0.0
2001-08-17 00:00:00+09:00,1797.8995960202458,1797.8995960202458,1758.5870361328125,1758.5870361328125,156520,0.0,0.0
2001-08-20 00:00:00+09:00,1732.3780647972108,1734.9989347423552,1679.9611649808883,1703.548828125,289120,0.0,0.0
2001-08-21 00:00:00+09:00,1703.5487917414252,1703.5487917414252,1617.0609172097693,1638.0277099609375,455520,0.0,0.0
2001-08-22 00:00:00+09:00,1611.8191896020894,1611.8191896020894,1548.9189772358188,1593.4732666015625,721240,0.0,0.0
2001-08-23 00:00:00+09:00,1593.4733242819523,1598.7150642896108,1559.40234695656,1580.369140625,593840,0.0,0.0
2001-08-24 00:00:00+09:00,1598.7149548878858,1648.5109824664657,1596.0940850634054,1643.2694091796875,741000,0.0,0.0
2001-08-27 00:00:00+09:00,1695.6860349484982,1703.5486439338108,1640.6484375,1640.6484375,180960,0.0,0.0
2001-08-28 00:00:00+09:00,1640.647928991785,1672.0980224609373,1624.9228822572088,1672.0980224609375,303160,0.0,0.0
2001-08-29 00:00:00+09:00,1624.9235268772775,1653.7527629337671,1624.9235268772775,1638.0277099609375,122720,0.0,0.0
2001-08-30 00:00:00+09:00,1585.6108869007319,1622.302734375,1572.5067031919775,1622.302734375,219440,0.0,0.0
2001-08-31 00:00:00+09:00,1580.3693847335906,1614.440367321689,1572.50693986984,1601.336181640625,173680,0.0,0.0
2001-09-03 00:00:00+09:00,1627.5444454327899,1627.5444454327899,1572.5068359375,1572.5068359375,161200,0.0,0.0
2001-09-04 00:00:00+09:00,1564.6439262585118,1585.6107177734375,1457.1892653114219,1585.6107177734375,461240,0.0,0.0
2001-09-05 00:00:00+09:00,1520.089773018272,1562.023193359375,1491.260369773935,1562.023193359375,248040,0.0,0.0
2001-09-06 00:00:00+09:00,1509.606329285444,1551.5399169921875,1496.50214551291,1551.5399169921875,407160,0.0,0.0
2001-09-07 00:00:00+09:00,1525.3317036502583,1525.3317036502583,1449.3272887066357,1488.6400146484375,435760,0.0,0.0
2001-09-10 00:00:00+09:00,1454.568521550292,1459.810094511849,1438.8434699412758,1449.3267822265625,342680,0.0,0.0
2001-09-11 00:00:00+09:00,1423.1183917756637,1451.9477945261722,1423.1183917756637,1446.7060546875,433680,0.0,0.0
2001-09-12 00:00:00+09:00,1341.8721494049153,1394.2890445377943,1336.6304931640625,1336.6304931640625,225160,0.0,0.0
2001-09-13 00:00:00+09:00,1339.2512365761552,1375.9429931640625,1339.2512365761552,1375.9429931640625,239720,0.0,0.0
2001-09-14 00:00:00+09:00,1480.7771167028907,1480.7771167028907,1396.910106236267,1472.9146728515625,503880,0.0,0.0
2001-09-17 00:00:00+09:00,1472.914550171981,1472.914550171981,1389.0474635095782,1457.1893310546875,246480,0.0,0.0
2001-09-18 00:00:00+09:00,1509.6061946939508,1598.7149358544937,1506.9854912628537,1559.4022216796875,594360,0.0,0.0
2001-09-19 00:00:00+09:00,1564.643443776587,1575.126919482397,1467.672291670598,1483.3973388671875,228800,0.0,0.0
2001-09-20 00:00:00+09:00,1467.6727294921875,1470.2935992004718,1428.3600165922721,1467.6727294921875,270920,0.0,0.0
2001-09-21 00:00:00+09:00,1441.4645971883524,1441.4645971883524,1378.5643722527795,1415.2562255859375,173680,0.0,0.0
2001-09-24 00:00:00+09:00,1415.2562255859375,1415.2562255859375,1415.2562255859375,1415.2562255859375,0,0.0,0.0
2001-09-25 00:00:00+09:00,1493.8810693190867,1525.3311725776946,1472.914444721463,1520.089599609375,335920,0.0,0.0
2001-09-26 00:00:00+09:00,1520.090128856987,1520.090128856987,1470.2940869664121,1488.6400146484375,143000,0.0,0.0
2001-09-27 00:00:00+09:00,1462.4308952052866,1488.6394242257643,1462.4308952052866,1486.0185546875,95160,0.0,0.0
2001-09-28 00:00:00+09:00,1486.0185546875,1486.0185546875,1486.0185546875,1486.0185546875,0,0.0,0.0
2001-10-01 00:00:00+09:00,1572.5068359375,1572.5068359375,1543.6774297099294,1572.5068359375,238160,0.0,0.0
2001-10-02 00:00:00+09:00,1598.715313846137,1674.7198903725844,1533.194218971459,1627.5445556640625,517400,0.0,0.0
2001-10-03 00:00:00+09:00,1661.615025924051,1682.5818163999463,1643.2692714150821,1651.1317138671875,554320,0.0,0.0
2001-10-04 00:00:00+09:00,1677.3404541015627,1690.4446374080928,1606.5776313392337,1677.3404541015625,306800,0.0,0.0
2001-10-05 00:00:00+09:00,1577.7482467825625,1593.4733002057503,1520.089773018272,1562.023193359375,1170520,0.0,0.0
2001-10-08 00:00:00+09:00,1562.023193359375,1562.023193359375,1562.023193359375,1562.023193359375,0,0.0,0.0
2001-10-09 00:00:00+09:00,1572.5063210944923,1624.923209555119,1562.0228435850745,1603.9564208984375,509080,0.0,0.0
2001-10-10 00:00:00+09:00,1622.3031614741558,1651.132406495648,1617.0614200657978,1635.4073486328125,320840,0.0,0.0
2001-10-11 00:00:00+09:00,1677.3404541015627,1682.582027606861,1664.236104432843,1677.3404541015625,518960,0.0,0.0
2001-10-12 00:00:00+09:00,1672.0989782851914,1682.5822933134605,1651.1321818664373,1674.7198486328125,317720,0.0,0.0
2001-10-15 00:00:00+09:00,1664.235415912589,1674.7188913103869,1653.7521068769117,1672.0980224609375,202800,0.0,0.0
2001-10-16 00:00:00+09:00,1685.2029655013187,1700.9280193757513,1672.098781666324,1695.686279296875,274040,0.0,0.0
2001-10-17 00:00:00+09:00,1703.5488353108208,1729.7572021484375,1698.307095398421,1729.7572021484375,230880,0.0,0.0
2001-10-18 00:00:00+09:00,1727.1366225193447,1750.72412109375,1721.89488223072,1750.72412109375,279240,0.0,0.0
2001-10-19 00:00:00+09:00,1750.72412109375,1750.72412109375,1716.6531419420953,1750.72412109375,427440,0.0,0.0
2001-10-22 00:00:00+09:00,1755.9660227455888,1755.9660227455888,1716.6532996926953,1740.240966796875,150280,0.0,0.0
2001-10-23 00:00:00+09:00,1742.861551929437,1748.1031254796458,1714.0321487734293,1729.7572021484375,232960,0.0,0.0
2001-10-24 00:00:00+09:00,1716.6530187296291,1729.7572021484375,1677.340468473204,1729.7572021484375,345280,0.0,0.0
2001-10-25 00:00:00+09:00,1742.861551929437,1769.0699187670537,1693.0655218482123,1729.7572021484375,273520,0.0,0.0
2001-10-26 00:00:00+09:00,1708.726876175323,1766.5607730873567,1708.726876175323,1761.3031005859375,214240,7.692308,0.0
2001-10-29 00:00:00+09:00,1761.3028306999054,1819.1367187499998,1761.3028306999054,1819.13671875,222560,0.0,0.0
2001-10-30 00:00:00+09:00,1766.5605584878156,1805.992596854728,1748.1588738361208,1774.4468994140625,170560,0.0,0.0
2001-10-31 00:00:00+09:00,1735.0145864456176,1735.0145864456176,1687.6960432228088,1708.7265625,263640,0.0,0.0
2001-11-01 00:00:00+09:00,1695.582951291566,1703.469293592119,1650.89306640625,1650.89306640625,186160,0.0,0.0
2001-11-02 00:00:00+09:00,1656.1512341104778,1692.95462082572,1619.3478473952355,1621.9766845703125,196560,0.0,0.0
2001-11-05 00:00:00+09:00,1666.6658128396411,1708.726858684738,1629.862606310003,1706.0980224609375,266240,0.0,0.0
2001-11-06 00:00:00+09:00,1706.0980881075436,1721.8709391893924,1677.181222268798,1679.81005859375,226720,0.0,0.0
2001-11-07 00:00:00+09:00,1706.0979368822518,1727.1284587498994,1685.0674150146044,1716.61328125,231400,0.0,0.0
2001-11-08 00:00:00+09:00,1716.6134620134715,1727.1286406206439,1682.4389229553276,1692.9541015625,261560,0.0,0.0
2001-11-09 00:00:00+09:00,1692.9541015625002,1692.9541015625002,1692.9541015625002,1692.9541015625,0,0.0,0.0
2001-11-12 00:00:00+09:00,1669.2946381436827,1682.4388191767032,1645.6354460199586,1648.2642822265625,116480,0.0,0.0
2001-11-13 00:00:00+09:00,1614.089808126492,1648.2643464073342,1590.4304482136538,1603.574462890625,395720,0.0,0.0
2001-11-14 00:00:00+09:00,1682.4389362120655,1685.0676057336714,1650.89306640625,1650.89306640625,198640,0.0,0.0
2001-11-15 00:00:00+09:00,1624.6046522590639,1708.7265625,1624.6046522590639,1708.7265625,345800,0.0,0.0
2001-11-16 00:00:00+09:00,1700.8408767346864,1706.0985508104998,1656.1511476940009,1669.295166015625,300560,0.0,0.0
2001-11-19 00:00:00+09:00,1708.7267729741889,1758.674158117446,1708.7267729741889,1716.61328125,355680,0.0,0.0
2001-11-20 00:00:00+09:00,1708.726102963217,1708.726102963217,1656.14990234375,1656.14990234375,363480,0.0,0.0
2001-11-21 00:00:00+09:00,1656.1504793734775,1666.665656413916,1648.264138310109,1664.0369873046875,359320,0.0,0.0
2001-11-22 00:00:00+09:00,1664.037283710956,1677.1812990697392,1648.2644319068418,1661.408447265625,146120,0.0,0.0
2001-11-23 00:00:00+09:00,1661.408447265625,1661.408447265625,1661.408447265625,1661.408447265625,0,0.0,0.0
2001-11-26 00:00:00+09:00,1687.6957161591013,1703.4685608433697,1664.0365325665964,1677.1805419921875,332280,0.0,0.0
2001-11-27 00:00:00+09:00,1661.4086219643527,1679.8103121487534,1627.234078317307,1629.8629150390625,323960,0.0,0.0
2001-11-28 00:00:00+09:00,1629.8624298250063,1632.4910988963118,1593.0590604126585,1608.8319091796875,379600,0.0,0.0
2001-11-29 00:00:00+09:00,1603.5742812591989,1608.8319532816138,1572.0285828603976,1577.2862548828125,368680,0.0,0.0
2001-11-30 00:00:00+09:00,1577.286449933549,1582.543955738275,1461.61865234375,1461.61865234375,942240,0.0,0.0
2001-12-03 00:00:00+09:00,1474.7627180738482,1485.2778957244216,1440.5881821246705,1458.9898681640625,1164800,0.0,0.0
2001-12-04 00:00:00+09:00,1485.277788779939,1516.823486328125,1477.391447826812,1516.823486328125,518440,0.0,0.0
2001-12-05 00:00:00+09:00,1524.710120393179,1524.710120393179,1445.8457031249998,1445.845703125,921440,0.0,0.0
2001-12-06 00:00:00+09:00,1522.0813220974335,1522.0813220974335,1448.4745753142365,1456.361083984375,610480,0.0,0.0
2001-12-07 00:00:00+09:00,1472.1336081875147,1503.6793021408753,1466.8759369060144,1498.421630859375,935480,0.0,0.0
2001-12-10 00:00:00+09:00,1485.2778957244216,1490.5355679836339,1458.9898681640625,1458.9898681640625,272480,0.0,0.0
2001-12-11 00:00:00+09:00,1432.7020263671875,1432.7020263671875,1393.2698918872816,1432.7020263671875,656240,0.0,0.0
2001-12-12 00:00:00+09:00,1432.7016963313602,1458.9898911741684,1430.0728601602939,1443.217041015625,336440,0.0,0.0
2001-12-13 00:00:00+09:00,1422.1866307273954,1430.0729729949833,1366.9815673828125,1366.9815673828125,633360,0.0,0.0
2001-12-14 00:00:00+09:00,1393.2698664144707,1445.84601694846,1393.2698664144707,1419.5579833984375,713440,0.0,0.0
2001-12-17 00:00:00+09:00,1427.4442739731344,1440.5884571303657,1414.3002576837862,1422.186767578125,407680,0.0,0.0
2001-12-18 00:00:00+09:00,1422.18684612851,1437.9596999204725,1401.1563187832626,1432.7020263671875,227760,0.0,0.0
2001-12-19 00:00:00+09:00,1445.845963525375,1451.1036367882675,1414.3002576837862,1422.186767578125,397280,0.0,0.0
2001-12-20 00:00:00+09:00,1419.5576581056193,1422.1864942317993,1393.2695471455947,1409.04248046875,529360,0.0,0.0
2001-12-21 00:00:00+09:00,1430.0731634448687,1443.2173470877692,1395.8987031430506,1419.5579833984375,303680,0.0,0.0
2001-12-24 00:00:00+09:00,1419.5579833984375,1419.5579833984375,1419.5579833984375,1419.5579833984375,0,0.0,0.0
2001-12-25 00:00:00+09:00,1445.8457031249998,1461.6185532050652,1430.0728530449346,1445.845703125,457080,0.0,0.0
2001-12-26 00:00:00+09:00,1461.6185895632768,1464.2474257866563,1432.701724841817,1456.361083984375,201240,0.0,0.0
2001-12-27 00:00:00+09:00,1453.7323969325214,1469.5052490234375,1443.2172178278688,1469.5052490234375,134160,0.0,0.0
2001-12-28 00:00:00+09:00,1469.5050616790243,1485.2779117590894,1445.8457031249998,1445.845703125,137280,0.0,0.0
2001-12-31 00:00:00+09:00,1445.8457031249998,1445.8457031249998,1445.8457031249998,1445.845703125,0,0.0,0.0
2002-01-01 00:00:00+09:00,1445.8457031249998,1445.8457031249998,1445.8457031249998,1445.845703125,0,0.0,0.0
2002-01-02 00:00:00+09:00,1445.8457031249998,1445.8457031249998,1445.8457031249998,1445.845703125,0,0.0,0.0
2002-01-03 00:00:00+09:00,1445.8457031249998,1445.8457031249998,1445.8457031249998,1445.845703125,0,0.0,0.0
2002-01-04 00:00:00+09:00,1485.2780125025417,1485.2780125025417,1443.2171317254129,1461.61865234375,74880,0.0,0.0
2002-01-07 00:00:00+09:00,1487.9069376074851,1487.9069376074851,1432.701871855342,1469.5052490234375,196040,0.0,0.0
2002-01-08 00:00:00+09:00,1419.5578337487448,1437.9595220410115,1393.269719536069,1406.413818359375,358280,0.0,0.0
2002-01-09 00:00:00+09:00,1393.2694306011092,1398.527018979756,1366.9813218400377,1377.49658203125,471640,0.0,0.0
2002-01-10 00:00:00+09:00,1366.9811694009452,1380.1251805987654,1353.837158203125,1353.837158203125,275600,0.0,0.0
2002-01-11 00:00:00+09:00,1351.2084456078514,1356.4660338788635,1340.6931856319106,1343.322021484375,381160,0.0,0.0
2002-01-14 00:00:00+09:00,1343.322021484375,1343.322021484375,1343.322021484375,1343.322021484375,0,0.0,0.0
2002-01-15 00:00:00+09:00,1303.889473802882,1309.1471441221918,1285.4878779869828,1296.0030517578125,554320,0.0,0.0
2002-01-16 00:00:00+09:00,1296.003346668158,1319.6627016210352,1296.003346668158,1303.8897705078125,298480,0.0,0.0
2002-01-17 00:00:00+09:00,1303.8895972087282,1340.6929591915484,1301.2608452341715,1306.5184326171875,386880,0.0,0.0
2002-01-18 00:00:00+09:00,1298.632452276007,1303.8900414503087,1264.4579140582173,1277.6019287109375,587600,0.0,0.0
2002-01-21 00:00:00+09:00,1288.116852813893,1314.4049586618428,1285.4881006328346,1311.776123046875,367640,0.0,0.0
2002-01-22 00:00:00+09:00,1314.404855408663,1327.548949017057,1298.6320098257122,1306.5184326171875,367640,0.0,0.0
2002-01-23 00:00:00+09:00,1345.9507032293197,1359.0947983675508,1319.6626798206828,1340.693115234375,636480,0.0,0.0
2002-01-24 00:00:00+09:00,1338.0643016242866,1338.0643016242866,1298.6321824260142,1303.8897705078125,328120,0.0,0.0
2002-01-25 00:00:00+09:00,1311.7758958479517,1311.7758958479517,1264.457363577534,1296.0030517578125,340080,0.0,0.0
2002-01-28 00:00:00+09:00,1309.1477814426385,1330.17822265625,1301.2613555582923,1330.17822265625,496080,0.0,0.0
2002-01-29 00:00:00+09:00,1290.7461149238911,1314.4053929744944,1282.8596889070234,1285.488525390625,278720,0.0,0.0
2002-01-30 00:00:00+09:00,1264.457763671875,1274.9730242037933,1251.313750582418,1264.457763671875,302640,0.0,0.0
2002-01-31 00:00:00+09:00,1264.457763671875,1264.457763671875,1264.457763671875,1264.457763671875,0,0.0,0.0
2002-02-01 00:00:00+09:00,1285.4883073146227,1285.4883073146227,1217.1392378075202,1248.6849365234375,183040,0.0,0.0
2002-02-04 00:00:00+09:00,1235.5410403957087,1240.798713324715,1209.2529260524861,1219.7681884765625,181480,0.0,0.0
2002-02-05 00:00:00+09:00,1196.108785233082,1198.7376214220553,1169.8206736451295,1190.8511962890625,432120,0.0,0.0
2002-02-06 00:00:00+09:00,1177.7068888733613,1222.3966789511333,1169.8204651459794,1193.479736328125,241800,0.0,0.0
2002-02-07 00:00:00+09:00,1217.1394283145914,1251.3139684171533,1211.881755416391,1240.7987060546875,460720,0.0,0.0
2002-02-08 00:00:00+09:00,1259.20022682671,1267.0866516909919,1248.684965863026,1261.8289794921875,731640,0.0,0.0
2002-02-11 00:00:00+09:00,1261.8289794921875,1261.8289794921875,1261.8289794921875,1261.8289794921875,0,0.0,0.0
2002-02-12 00:00:00+09:00,1269.7153003016103,1280.2305604035546,1248.6848635316392,1267.0865478515625,478920,0.0,0.0
2002-02-13 00:00:00+09:00,1259.2000732421875,1267.086497144563,1248.684813561049,1259.2000732421875,237640,0.0,0.0
2002-02-14 00:00:00+09:00,1261.828927680415,1274.9730242037933,1251.313750582418,1264.457763671875,277160,0.0,0.0
2002-02-15 00:00:00+09:00,1251.313897875265,1251.313897875265,1214.5105233983656,1238.1697998046875,336960,0.0,0.0
2002-02-18 00:00:00+09:00,1222.3968968210343,1225.0257330100076,1185.5935239111154,1190.8511962890625,424840,0.0,0.0
2002-02-19 00:00:00+09:00,1203.9951171875,1209.2527057246286,1182.9646796050647,1203.9951171875,245960,0.0,0.0
2002-02-20 00:00:00+09:00,1209.2529806532848,1209.2529806532848,1175.0784388074233,1177.707275390625,374400,0.0,0.0
2002-02-21 00:00:00+09:00,1196.1085011365885,1222.3966064806602,1196.1085011365885,1211.88134765625,546520,0.0,0.0
2002-02-22 00:00:00+09:00,1211.8817836069356,1222.3970462140053,1196.1089314133,1214.5106201171875,694720,0.0,0.0
2002-02-25 00:00:00+09:00,1240.798713324715,1240.798713324715,1214.5105989814924,1219.7681884765625,760760,0.0,0.0
2002-02-26 00:00:00+09:00,1209.2526783616206,1214.5103502136997,1156.676543878266,1169.820556640625,1003080,0.0,0.0
2002-02-27 00:00:00+09:00,1182.9647306173802,1203.995169106699,1169.8206335568716,1201.3663330078125,624000,0.0,0.0
2002-02-28 00:00:00+09:00,1222.3970258644538,1222.3970258644538,1177.7072231038237,1180.3360595703125,1034800,0.0,0.0
2002-03-01 00:00:00+09:00,1193.4800750348845,1196.1089115013735,1180.3360595703125,1180.3360595703125,718640,0.0,0.0
2002-03-04 00:00:00+09:00,1201.366382430018,1235.5409193857288,1201.366382430018,1209.2528076171875,1074320,0.0,0.0
2002-03-05 00:00:00+09:00,1235.5408152781135,1235.5408152781135,1201.3662812019752,1203.9951171875,739440,0.0,0.0
2002-03-06 00:00:00+09:00,1217.1394566274394,1222.3970462140053,1201.366520999866,1214.5106201171875,633360,0.0,0.0
2002-03-07 00:00:00+09:00,1232.9120871654789,1269.7153745227413,1219.7679904112315,1248.6849365234375,814320,0.0,0.0
2002-03-08 00:00:00+09:00,1261.8287851999482,1309.1474105335978,1261.8287851999482,1290.7457275390625,1390480,0.0,0.0
2002-03-11 00:00:00+09:00,1327.548949017057,1338.0641237830891,1303.8895972087282,1306.5184326171875,838240,0.0,0.0
2002-03-12 00:00:00+09:00,1324.9201136085976,1330.1777009916136,1306.5184326171875,1306.5184326171875,638560,0.0,0.0
2002-03-13 00:00:00+09:00,1306.518851370125,1309.1476876211539,1253.942626953125,1253.942626953125,600600,0.0,0.0
2002-03-14 00:00:00+09:00,1227.6546358005712,1227.6546358005712,1201.366520999866,1214.5106201171875,944320,0.0,0.0
2002-03-15 00:00:00+09:00,1227.6541941759115,1235.5406174357422,1203.9949243964193,1211.88134765625,925600,0.0,0.0
2002-03-18 00:00:00+09:00,1227.6544941985592,1232.9121666126243,1201.366382430018,1209.2528076171875,1634880,0.0,0.0
2002-03-19 00:00:00+09:00,1211.881226600963,1227.6540715450687,1206.6236394308942,1222.396484375,840840,0.0,0.0
2002-03-20 00:00:00+09:00,1235.5411332698789,1253.9428230367614,1217.1395269369386,1246.056396484375,1187680,0.0,0.0
2002-03-21 00:00:00+09:00,1246.056396484375,1246.056396484375,1246.056396484375,1246.056396484375,0,0.0,0.0
2002-03-22 00:00:00+09:00,1259.2002199231226,1267.086644744167,1227.654437205021,1232.912109375,643240,0.0,0.0
2002-03-25 00:00:00+09:00,1256.571587111528,1256.571587111528,1211.8817836069356,1214.5106201171875,483600,0.0,0.0
2002-03-26 00:00:00+09:00,1209.2529260524861,1232.9122873651418,1209.2529260524861,1219.7681884765625,470600,0.0,0.0
2002-03-27 00:00:00+09:00,1222.3970249410656,1227.6546144361355,1209.2529260524861,1219.7681884765625,494000,0.0,0.0
2002-03-28 00:00:00+09:00,1222.3967087399267,1240.7983923635554,1222.3967087399267,1227.654296875,242320,0.0,0.0
2002-03-29 00:00:00+09:00,1240.7981646210899,1243.4269164891748,1222.396484375,1222.396484375,314080,0.0,0.0
2002-04-01 00:00:00+09:00,1222.3969000415423,1238.169750349083,1222.3969000415423,1230.2833251953125,435240,0.0,0.0
2002-04-02 00:00:00+09:00,1232.9118653050705,1232.9118653050705,1201.3660888318398,1211.88134765625,706680,0.0,0.0
2002-04-03 00:00:00+09:00,1209.252531469672,1219.7677904625868,1203.994943690169,1206.623779296875,524160,0.0,0.0
2002-04-04 00:00:00+09:00,1209.2530955026734,1211.8819323355501,1196.1090782061858,1198.7379150390625,865800,0.0,0.0
2002-04-05 00:00:00+09:00,1211.881564043022,1214.5104000769918,1182.9647014050458,1188.2222900390625,1083160,0.0,0.0
2002-04-08 00:00:00+09:00,1201.366501000415,1209.2529269659453,1172.449633604782,1180.3360595703125,1762280,0.0,0.0
2002-04-09 00:00:00+09:00,1193.479736328125,1209.2525837828885,1182.9645603142242,1193.479736328125,1357720,0.0,0.0
2002-04-10 00:00:00+09:00,1198.737603170184,1201.3663558852047,1182.964753144354,1185.593505859375,1306240,0.0,0.0
2002-04-11 00:00:00+09:00,1188.222188812572,1198.737448618717,1169.8205050102974,1172.4493408203125,1122680,0.0,0.0
2002-04-12 00:00:00+09:00,1172.4494607975118,1185.5934743247883,1164.5630359943611,1182.9647216796875,1112800,0.0,0.0
2002-04-15 00:00:00+09:00,1182.9646326434945,1185.5933850907413,1169.8205366715883,1175.078125,485680,0.0,0.0
2002-04-16 00:00:00+09:00,1177.70708084646,1185.593505859375,1172.4494919824922,1185.593505859375,438360,0.0,0.0
2002-04-17 00:00:00+09:00,1188.2223682627114,1209.2528076171875,1188.2223682627114,1209.2528076171875,588120,0.0,0.0
2002-04-18 00:00:00+09:00,1209.2527057246286,1219.7679662328069,1190.851104127718,1203.9951171875,652600,0.0,0.0
2002-04-19 00:00:00+09:00,1203.9955582712207,1203.9955582712207,1190.8515403961283,1196.109130859375,414960,0.0,0.0
2002-04-22 00:00:00+09:00,1201.3663033410658,1203.9951393750355,1180.3358653710761,1188.2222900390625,965640,0.0,0.0
2002-04-23 00:00:00+09:00,1188.2222900390625,1190.8511260730322,1182.9647014050458,1188.2222900390625,940160,0.0,0.0
2002-04-24 00:00:00+09:00,1182.9411277261556,1185.5816471296796,1175.0196533203125,1175.0196533203125,687440,7.692308,0.0
2002-04-25 00:00:00+09:00,1175.0200785688066,1175.0200785688066,1159.1771240234375,1159.1771240234375,630240,0.0,0.0
2002-04-26 00:00:00+09:00,1159.177019143677,1161.8175392639166,1138.0530257912642,1156.5364990234375,759200,0.0,0.0
2002-04-29 00:00:00+09:00,1156.5364990234375,1156.5364990234375,1156.5364990234375,1156.5364990234375,0,0.0,0.0
2002-04-30 00:00:00+09:00,1156.5365574276154,1159.1770776811993,1140.693603515625,1140.693603515625,267280,0.0,0.0
2002-05-01 00:00:00+09:00,1143.3338620977925,1148.6148175915675,1130.13134765625,1130.13134765625,492960,0.0,0.0
2002-05-02 00:00:00+09:00,1127.491196679593,1127.491196679593,1098.4457246134646,1116.92919921875,1478360,0.0,0.0
2002-05-03 00:00:00+09:00,1116.92919921875,1116.92919921875,1116.92919921875,1116.92919921875,0,0.0,0.0
2002-05-06 00:00:00+09:00,1116.92919921875,1116.92919921875,1116.92919921875,1116.92919921875,0,0.0,0.0
2002-05-07 00:00:00+09:00,1106.3670155093457,1106.3670155093457,1087.8835440156136,1101.0860595703125,852800,0.0,0.0
2002-05-08 00:00:00+09:00,1101.086289444641,1135.4127197265625,1098.4457690214895,1135.4127197265625,1214720,0.0,0.0
2002-05-09 00:00:00+09:00,1143.3340339468448,1161.8175066603244,1143.3340339468448,1148.614990234375,1561040,0.0,0.0
2002-05-10 00:00:00+09:00,1148.6148850386833,1151.2554048429915,1132.7719338223174,1145.974365234375,628160,0.0,0.0
2002-05-13 00:00:00+09:00,1132.771765386441,1132.771765386441,1109.0073420955093,1119.5693359375,604240,0.0,0.0
2002-05-14 00:00:00+09:00,1122.2098214602245,1124.8503409893544,1103.7263523657805,1111.6478271484375,566800,0.0,0.0
2002-05-15 00:00:00+09:00,1109.0073914240406,1122.2098214602245,1106.3668718949104,1111.6478271484375,832520,0.0,0.0
2002-05-16 00:00:00+09:00,1114.28829711414,1127.4908103678106,1114.28829711414,1119.5693359375,699920,0.0,0.0
2002-05-17 00:00:00+09:00,1132.771867305506,1140.6933424485367,1127.490911811731,1130.13134765625,945360,0.0,0.0
2002-05-20 00:00:00+09:00,1151.2554048429915,1151.2554048429915,1138.0528896261922,1145.974365234375,662480,0.0,0.0
2002-05-21 00:00:00+09:00,1145.974365234375,1153.8959246472998,1143.3339292348087,1145.974365234375,611520,0.0,0.0
2002-05-22 00:00:00+09:00,1151.25537109375,1161.8173661966146,1148.614851366849,1151.25537109375,840320,0.0,0.0
2002-05-23 00:00:00+09:00,1159.17682499545,1209.3461960487225,1153.8958694442194,1188.2222900390625,3644160,0.0,0.0
2002-05-24 00:00:00+09:00,1214.6270728418665,1248.9534912109375,1209.3461176330604,1248.9534912109375,4958720,0.0,0.0
2002-05-27 00:00:00+09:00,1262.1558324166429,1285.920253315023,1256.8748779296875,1256.8748779296875,2993120,0.0,0.0
2002-05-28 00:00:00+09:00,1277.9992652855128,1296.4827387201308,1264.796832149216,1291.2017822265625,4295720,0.0,0.0
2002-05-29 00:00:00+09:00,1293.8421475795537,1320.2470962080956,1270.0777189552907,1283.2801513671875,4880720,0.0,0.0
2002-05-30 00:00:00+09:00,1280.6395598759855,1296.4825103710284,1256.875134133421,1275.3585205078125,1226680,0.0,0.0
2002-05-31 00:00:00+09:00,1277.9988502865192,1280.6393695782353,1267.4368569243802,1272.7178955078125,913640,0.0,0.0
2002-06-03 00:00:00+09:00,1275.358435793373,1283.2799105147183,1241.0320173992995,1262.156005859375,1134120,0.0,0.0
2002-06-04 00:00:00+09:00,1259.515536680863,1285.9204814087316,1243.672586605089,1267.43701171875,1149200,0.0,0.0
2002-06-05 00:00:00+09:00,1264.7965244468207,1264.7965244468207,1246.3130555089006,1248.9534912109375,418600,0.0,0.0
2002-06-06 00:00:00+09:00,1248.9533513692104,1256.8749090025642,1214.6269368435696,1217.2674560546875,481520,0.0,0.0
2002-06-07 00:00:00+09:00,1214.626901730473,1214.626901730473,1196.1435192011443,1209.345947265625,544440,0.0,0.0
2002-06-10 00:00:00+09:00,1211.9866737678894,1238.3916182193823,1209.3461541813197,1235.7510986328125,402480,0.0,0.0
2002-06-11 00:00:00+09:00,1248.9536922234877,1259.5156881457303,1209.3463122710104,1222.548828125,776880,0.0,0.0
2002-06-12 00:00:00+09:00,1211.986572796717,1211.986572796717,1167.0981625883805,1177.66015625,917280,0.0,0.0
2002-06-13 00:00:00+09:00,1175.0197974088585,1177.6603171361803,1127.4909451455044,1138.0528564453125,1092000,0.0,0.0
2002-06-14 00:00:00+09:00,1151.25537109375,1161.8173661966146,1143.3338957177864,1151.25537109375,1032200,0.0,0.0
2002-06-17 00:00:00+09:00,1143.3337034503118,1148.6146582113083,1109.007287992021,1122.209716796875,384800,0.0,0.0
2002-06-18 00:00:00+09:00,1135.4124536266256,1151.2554048429915,1122.2099384098262,1145.974365234375,371800,0.0,0.0
2002-06-19 00:00:00+09:00,1159.1771521206401,1159.1771521206401,1122.2102014155673,1135.4127197265625,874640,0.0,0.0
2002-06-20 00:00:00+09:00,1135.4125825492738,1143.3340590569162,1103.7265927139524,1124.8505859375,557960,0.0,0.0
2002-06-21 00:00:00+09:00,1130.1312459747612,1130.1312459747612,1116.92881652582,1119.5693359375,513760,0.0,0.0
2002-06-24 00:00:00+09:00,1095.8048775831235,1122.2098214602245,1087.8834028004665,1111.6478271484375,543920,0.0,0.0
2002-06-25 00:00:00+09:00,1138.0529938545653,1156.5364665680447,1130.1315175208954,1148.614990234375,519480,0.0,0.0
2002-06-26 00:00:00+09:00,1135.4125825492738,1143.3340590569162,1122.2100658333686,1124.8505859375,319800,0.0,0.0
2002-06-27 00:00:00+09:00,1122.2098725132194,1145.9742979423115,1119.5694366687003,1130.13134765625,496600,0.0,0.0
2002-06-28 00:00:00+09:00,1169.7386798557686,1198.7840576171875,1156.5361668512555,1198.7840576171875,1370200,0.0,0.0
2002-07-01 00:00:00+09:00,1219.9083513842963,1222.5488714095316,1164.4579336828517,1182.94140625,524160,0.0,0.0
2002-07-02 00:00:00+09:00,1164.4579755794043,1167.098495699644,1148.6150224674707,1156.5364990234375,376480,0.0,0.0
2002-07-03 00:00:00+09:00,1169.7390773053073,1185.58203125,1159.1770800739266,1185.58203125,417560,0.0,0.0
2002-07-04 00:00:00+09:00,1175.0196533203125,1185.5816471296796,1156.5361851051025,1175.0196533203125,266240,0.0,0.0
2002-07-05 00:00:00+09:00,1164.4577096853568,1180.3006591796875,1164.4577096853568,1180.3006591796875,216320,0.0,0.0
2002-07-08 00:00:00+09:00,1193.5029085710144,1193.5029085710144,1161.8170166015625,1161.8170166015625,328640,0.0,0.0
2002-07-09 00:00:00+09:00,1175.019636883413,1180.3005918118588,1148.6146946317285,1177.66015625,465920,0.0,0.0
2002-07-10 00:00:00+09:00,1182.9411111784457,1198.7840597685108,1175.019636883413,1177.66015625,507520,0.0,0.0
2002-07-11 00:00:00+09:00,1175.0194796122382,1190.8624260817949,1151.2550599079034,1169.738525390625,500760,0.0,0.0
2002-07-12 00:00:00+09:00,1190.8628825209564,1190.8628825209564,1177.6604500042786,1182.94140625,315120,0.0,0.0
2002-07-15 00:00:00+09:00,1169.7390158198834,1172.3794521353714,1156.5364990234375,1156.5364990234375,237120,0.0,0.0
2002-07-16 00:00:00+09:00,1140.693513900705,1153.8960303266545,1140.693513900705,1148.614990234375,385840,0.0,0.0
2002-07-17 00:00:00+09:00,1156.5364990234375,1164.4579755794043,1151.2555425877101,1156.5364990234375,381160,0.0,0.0
2002-07-18 00:00:00+09:00,1159.177019143677,1164.4579755794043,1148.6150224674707,1156.5364990234375,589680,0.0,0.0
2002-07-19 00:00:00+09:00,1159.1771240234375,1172.3795582096586,1151.2556467507532,1159.1771240234375,327600,0.0,0.0
2002-07-22 00:00:00+09:00,1145.974502347231,1167.098495699644,1143.3340660317433,1156.5364990234375,311480,0.0,0.0
2002-07-23 00:00:00+09:00,1156.5364990234375,1169.7390158198834,1143.3340660317433,1156.5364990234375,236080,0.0,0.0
2002-07-24 00:00:00+09:00,1156.536188677373,1161.817227500733,1116.92881652582,1119.5693359375,543920,0.0,0.0
2002-07-25 00:00:00+09:00,1145.9741575348378,1159.176670358777,1124.850254343152,1132.771728515625,294840,0.0,0.0
2002-07-26 00:00:00+09:00,1132.771728515625,1161.8171896845101,1132.771728515625,1132.771728515625,578760,0.0,0.0
2002-07-29 00:00:00+09:00,1132.7718796298218,1188.2222900390625,1132.7718796298218,1188.2222900390625,667160,0.0,0.0
2002-07-30 00:00:00+09:00,1182.94140625,1188.2224463004702,1161.8174974623653,1182.94140625,422760,0.0,0.0
2002-07-31 00:00:00+09:00,1177.66015625,1193.5031048400651,1172.3791175168262,1177.66015625,499720,0.0,0.0
2002-08-01 00:00:00+09:00,1177.6605542776538,1190.8629879633122,1177.6605542776538,1185.58203125,530400,0.0,0.0
2002-08-02 00:00:00+09:00,1180.3008862247648,1198.784358791913,1180.3008862247648,1182.94140625,489840,0.0,0.0
2002-08-05 00:00:00+09:00,1175.019824982915,1196.1438156877239,1175.019824982915,1193.5032958984375,204880,0.0,0.0
2002-08-06 00:00:00+09:00,1185.581926275235,1190.8628825209564,1175.0199299790434,1182.94140625,566280,0.0,0.0
2002-08-07 00:00:00+09:00,1182.9411277261556,1188.2221665332036,1175.0196533203125,1175.0196533203125,546520,0.0,0.0
2002-08-08 00:00:00+09:00,1177.6604500042786,1193.5034025461916,1177.6604500042786,1182.94140625,267280,0.0,0.0
2002-08-09 00:00:00+09:00,1188.222420791719,1219.9083251953125,1188.222420791719,1219.9083251953125,573560,0.0,0.0
2002-08-12 00:00:00+09:00,1214.626901730473,1225.1888944648897,1206.7054281308406,1209.345947265625,644800,0.0,0.0
2002-08-13 00:00:00+09:00,1201.4248206216678,1217.2677723961685,1201.4248206216678,1211.98681640625,468520,0.0,0.0
2002-08-14 00:00:00+09:00,1214.6273664380585,1238.3918801338061,1211.986930097783,1233.11083984375,1077960,0.0,0.0
2002-08-15 00:00:00+09:00,1219.9083747079983,1233.1108074770966,1219.9083747079983,1225.1893310546875,542360,0.0,0.0
2002-08-16 00:00:00+09:00,1225.1893632134183,1233.11083984375,1222.5489268731428,1233.11083984375,249080,0.0,0.0
2002-08-19 00:00:00+09:00,1230.470108461893,1230.470108461893,1214.6270751953125,1214.6270751953125,391560,0.0,0.0
2002-08-20 00:00:00+09:00,1222.548459134826,1222.548459134826,1196.1435192011443,1209.345947265625,620880,0.0,0.0
2002-08-21 00:00:00+09:00,1193.503170514426,1214.6270751953125,1193.503170514426,1214.6270751953125,427440,0.0,0.0
2002-08-22 00:00:00+09:00,1214.6273598013095,1214.6273598013095,1193.503450170764,1201.4249267578125,239720,0.0,0.0
2002-08-23 00:00:00+09:00,1201.4249267578125,1201.4249267578125,1201.4249267578125,1201.4249267578125,0,0.0,0.0
2002-08-26 00:00:00+09:00,1188.2221477792505,1211.9865706217008,1188.2221477792505,1198.7840576171875,331760,0.0,0.0
2002-08-27 00:00:00+09:00,1185.5816305450326,1188.2221499116195,1177.66015625,1177.66015625,228280,0.0,0.0
2002-08-28 00:00:00+09:00,1169.7389583454985,1177.6604345122487,1156.5364421977497,1172.37939453125,291200,0.0,0.0
2002-08-29 00:00:00+09:00,1185.582076200639,1185.582076200639,1145.9746060324571,1159.1771240234375,291720,0.0,0.0
2002-08-30 00:00:00+09:00,1159.1766888317993,1167.0981631305115,1138.0527014987483,1143.333740234375,242840,0.0,0.0
2002-09-02 00:00:00+09:00,1145.974331639948,1159.1768464697136,1138.0528562639845,1151.25537109375,152360,0.0,0.0
2002-09-03 00:00:00+09:00,1143.3341688083997,1145.9746053612416,1114.2886962890625,1114.2886962890625,182520,0.0,0.0
2002-09-04 00:00:00+09:00,1101.0858676651987,1119.5693359375,1101.0858676651987,1119.5693359375,502320,0.0,0.0
2002-09-05 00:00:00+09:00,1111.6477234701567,1135.4122294064543,1111.6477234701567,1122.209716796875,435240,0.0,0.0
2002-09-06 00:00:00+09:00,1111.6481617372106,1114.288682061096,1098.4457277272998,1103.7266845703125,310440,0.0,0.0
2002-09-09 00:00:00+09:00,1116.929216646664,1130.131650825152,1114.2886962890625,1114.2886962890625,193960,0.0,0.0
2002-09-10 00:00:00+09:00,1124.8506763631926,1130.131633191235,1109.0077220743074,1116.92919921875,301600,0.0,0.0
2002-09-11 00:00:00+09:00,1127.490755362597,1138.05266488459,1114.2882427530176,1122.209716796875,286520,0.0,0.0
2002-09-12 00:00:00+09:00,1122.2101735571073,1122.2101735571073,1109.0077393786191,1114.2886962890625,559000,0.0,0.0
2002-09-13 00:00:00+09:00,1122.2098725132194,1148.6148175915675,1101.0859667333827,1130.13134765625,965120,0.0,0.0
2002-09-16 00:00:00+09:00,1130.13134765625,1130.13134765625,1130.13134765625,1130.13134765625,0,0.0,0.0
2002-09-17 00:00:00+09:00,1156.5366316974887,1161.8176725437916,1130.1316788802599,1135.4127197265625,503360,0.0,0.0
2002-09-18 00:00:00+09:00,1148.6148850386833,1148.6148850386833,1130.131414018009,1145.974365234375,331240,0.0,0.0
2002-09-19 00:00:00+09:00,1148.6146951652738,1161.8172081996127,1143.333740234375,1143.333740234375,333840,0.0,0.0
2002-09-20 00:00:00+09:00,1145.974331639948,1172.3792774947397,1145.974331639948,1151.25537109375,327080,0.0,0.0
2002-09-23 00:00:00+09:00,1151.25537109375,1151.25537109375,1151.25537109375,1151.25537109375,0,0.0,0.0
2002-09-24 00:00:00+09:00,1151.2552145330872,1151.2552145330872,1127.4907916369507,1143.333740234375,253760,0.0,0.0
2002-09-25 00:00:00+09:00,1143.3337592284317,1143.3337592284317,1106.3668226838292,1119.5693359375,354120,0.0,0.0
2002-09-26 00:00:00+09:00,1119.5697370042653,1135.412691540355,1106.3672190210177,1114.2886962890625,408720,0.0,0.0
2002-09-27 00:00:00+09:00,1153.8955789210684,1169.738525390625,1148.6145408947384,1169.738525390625,398840,0.0,0.0
2002-09-30 00:00:00+09:00,1143.3339292348087,1153.8959246472998,1122.2099384098262,1145.974365234375,410800,0.0,0.0
2002-10-01 00:00:00+09:00,1119.5696295339887,1151.2555355645588,1119.5696295339887,1124.8505859375,396760,0.0,0.0
2002-10-02 00:00:00+09:00,1164.458080936974,1180.301035482343,1156.5366036642895,1159.1771240234375,826800,0.0,0.0
2002-10-03 00:00:00+09:00,1169.7386819549674,1193.5031048400651,1169.7386819549674,1177.66015625,711360,0.0,0.0
2002-10-04 00:00:00+09:00,1151.2550599079034,1169.738525390625,1148.6145408947384,1169.738525390625,374920,0.0,0.0
2002-10-07 00:00:00+09:00,1153.8960627079498,1159.177019143677,1151.2555425877101,1156.5364990234375,284960,0.0,0.0
2002-10-08 00:00:00+09:00,1177.66015625,1193.5031048400651,1172.3791175168262,1177.66015625,592280,0.0,0.0
2002-10-09 00:00:00+09:00,1159.176688293348,1188.2221499116195,1159.176688293348,1177.66015625,607360,0.0,0.0
2002-10-10 00:00:00+09:00,1164.457487364295,1175.0194796122382,1132.7715944251818,1169.738525390625,511160,0.0,0.0
2002-10-11 00:00:00+09:00,1185.5816305450326,1185.5816305450326,1156.536168926761,1177.66015625,412880,0.0,0.0
2002-10-14 00:00:00+09:00,1177.66015625,1177.66015625,1177.66015625,1177.66015625,0,0.0,0.0
2002-10-15 00:00:00+09:00,1188.2225515090342,1190.8629879633122,1175.0200340186195,1185.58203125,491400,0.0,0.0
2002-10-16 00:00:00+09:00,1188.2221665332036,1190.8626021319985,1167.0981789144694,1175.0196533203125,398840,0.0,0.0
2002-10-17 00:00:00+09:00,1180.3008862247648,1190.8628825209564,1177.6604500042786,1182.94140625,280800,0.0,0.0
2002-10-18 00:00:00+09:00,1177.660630729549,1185.5821082161453,1156.536634895451,1167.0986328125,337480,0.0,0.0
2002-10-21 00:00:00+09:00,1164.457487364295,1180.3004338338517,1164.457487364295,1169.738525390625,238680,0.0,0.0
2002-10-22 00:00:00+09:00,1156.5363269270856,1156.5363269270856,1132.7719007954083,1138.0528564453125,377000,0.0,0.0
2002-10-23 00:00:00+09:00,1122.209684243721,1151.2551440984619,1119.5692488421794,1127.49072265625,458640,0.0,0.0
2002-10-24 00:00:00+09:00,1109.0073914240406,1124.8503409893544,1103.7263523657805,1111.6478271484375,648960,0.0,0.0
2002-10-25 00:00:00+09:00,1106.3674137479645,1122.2103710725044,1095.8054142633464,1109.0079345703125,525720,0.0,0.0
2002-10-28 00:00:00+09:00,1109.0078888916219,1111.6610437993586,1050.6390703616953,1074.5172119140625,986440,7.692308,0.0
2002-10-29 00:00:00+09:00,1061.2515084216163,1071.8640428731542,1061.2515084216163,1063.9046630859375,500240,0.0,0.0
2002-10-30 00:00:00+09:00,1061.2510347575378,1061.2510347575378,1045.3322822880598,1047.9853515625,671840,0.0,0.0
2002-10-31 00:00:00+09:00,1061.2517592818538,1069.2111409505208,1034.720458984375,1034.720458984375,386360,0.0,0.0
2002-11-01 00:00:00+09:00,1024.107219622766,1034.7197493041258,1013.4946899414062,1013.4946899414062,548600,0.0,0.0
2002-11-04 00:00:00+09:00,1013.4946899414062,1013.4946899414062,1013.4946899414062,1013.4946899414062,0,0.0,0.0
2002-11-05 00:00:00+09:00,1013.4950218849308,1034.7200881993601,1002.8825729334525,1018.8013305664062,752440,0.0,0.0
2002-11-06 00:00:00+09:00,1032.067303692897,1042.679840653042,1021.4548509385188,1034.720458984375,539240,0.0,0.0
2002-11-07 00:00:00+09:00,1040.0260196376564,1050.6385498046875,1034.7197966569972,1050.6385498046875,398840,0.0,0.0
2002-11-08 00:00:00+09:00,1042.679840653042,1045.3329959445198,1021.4548509385188,1034.720458984375,325520,0.0,0.0
2002-11-11 00:00:00+09:00,1008.1888832300281,1013.495108157453,994.9232788085938,994.9232788085938,307320,0.0,0.0
2002-11-12 00:00:00+09:00,986.9636668144943,986.9636668144943,955.1260721327301,976.3511352539062,608400,0.0,0.0
2002-11-13 00:00:00+09:00,1000.2293420481429,1021.4544067382812,994.9231179784732,1021.4544067382812,700440,0.0,0.0
2002-11-14 00:00:00+09:00,1024.1076449221555,1026.7607994957452,976.3513678320016,981.6575927734375,396240,0.0,0.0
2002-11-15 00:00:00+09:00,973.6975410997952,989.6162891408861,947.1662662960817,960.4319458007812,563160,0.0,0.0
2002-11-18 00:00:00+09:00,944.5133597552966,960.4321961515519,936.5539836600228,941.8602905273438,392600,0.0,0.0
2002-11-19 00:00:00+09:00,933.9010532610852,939.207276711495,896.7572364910566,904.7166137695312,738920,0.0,0.0
2002-11-20 00:00:00+09:00,891.45102946614,928.594762714843,891.45102946614,902.0634765625,643760,0.0,0.0
2002-11-21 00:00:00+09:00,904.7166484002497,941.8604665920684,904.7166484002497,925.9417114257812,432120,0.0,0.0
2002-11-22 00:00:00+09:00,939.2073532821597,952.4730392982746,925.9417514717718,949.8198852539062,422240,0.0,0.0
2002-11-25 00:00:00+09:00,963.0853960403948,986.963611771459,947.1666416901647,979.004150390625,459160,0.0,0.0
2002-11-26 00:00:00+09:00,1002.8821340033536,1002.8821340033536,960.4321041592799,968.3914794921875,334880,0.0,0.0
2002-11-27 00:00:00+09:00,941.8607993033287,976.3514757493175,928.5951091748506,971.045166015625,435760,0.0,0.0
2002-11-28 00:00:00+09:00,992.2698264696185,1008.1885806805437,979.0041418233686,997.5760498046875,663000,0.0,0.0
2002-11-29 00:00:00+09:00,994.9230416810194,1021.4543284062281,994.9230416810194,1010.841796875,359840,0.0,0.0
2002-12-02 00:00:00+09:00,1010.841796875,1010.841796875,1010.841796875,1010.841796875,0,0.0,0.0
2002-12-03 00:00:00+09:00,973.6975410997952,973.6975410997952,952.4725717802357,960.4319458007812,438880,0.0,0.0
2002-12-04 00:00:00+09:00,955.1260721327301,984.3105128729163,947.1666945137199,976.3511352539062,362440,0.0,0.0
2002-12-05 00:00:00+09:00,976.3509873562078,984.3103637695312,955.1259274502049,984.3103637695312,446680,0.0,0.0
2002-12-06 00:00:00+09:00,997.5760498046875,1008.1885806805437,986.9636031345494,997.5760498046875,669760,0.0,0.0
2002-12-09 00:00:00+09:00,1005.5353350845315,1040.0259941270842,986.9635130049121,1037.3729248046875,522600,0.0,0.0
2002-12-10 00:00:00+09:00,1024.1073884706602,1040.0261435144218,1024.1073884706602,1029.4136962890625,501800,0.0,0.0
2002-12-11 00:00:00+09:00,1042.6791476551916,1042.6791476551916,1024.1072413698616,1037.3729248046875,382200,0.0,0.0
2002-12-12 00:00:00+09:00,1037.37316361359,1037.37316361359,1002.8824966310996,1008.188720703125,504920,0.0,0.0
2002-12-13 00:00:00+09:00,1008.1888832300281,1008.1888832300281,981.6575901814159,994.9232788085938,548600,0.0,0.0
2002-12-16 00:00:00+09:00,989.6166726992249,1010.8417344509373,989.6166726992249,997.5760498046875,483080,0.0,0.0
2002-12-17 00:00:00+09:00,1002.8829323097069,1034.720458984375,1002.8829323097069,1034.720458984375,499720,0.0,0.0
2002-12-18 00:00:00+09:00,1026.7609690712864,1053.292266571751,1026.7609690712864,1045.3328857421875,805480,0.0,0.0
2002-12-19 00:00:00+09:00,1037.3730878151355,1071.8637522774727,1037.3730878151355,1061.251220703125,1001000,0.0,0.0
2002-12-20 00:00:00+09:00,1061.2516057868877,1082.4765924315182,1061.2516057868877,1074.5172119140625,533520,0.0,0.0
2002-12-23 00:00:00+09:00,1074.5172119140625,1074.5172119140625,1074.5172119140625,1074.5172119140625,0,0.0,0.0
2002-12-24 00:00:00+09:00,1061.251421047446,1077.1701793112682,1053.292041915535,1058.5982666015625,339040,0.0,0.0
2002-12-25 00:00:00+09:00,1061.25129240218,1071.8638246935197,1053.2919142351077,1055.945068359375,456560,0.0,0.0
2002-12-26 00:00:00+09:00,1047.9856059865733,1061.25129240218,1047.9856059865733,1055.945068359375,312520,0.0,0.0
2002-12-27 00:00:00+09:00,1066.557733544512,1066.557733544512,1055.9452832987208,1063.9046630859375,350480,0.0,0.0
2002-12-30 00:00:00+09:00,1055.945168099483,1066.5576171875,1055.945168099483,1066.5576171875,107120,0.0,0.0
2002-12-31 00:00:00+09:00,1066.5576171875,1066.5576171875,1066.5576171875,1066.5576171875,0,0.0,0.0
2003-01-01 00:00:00+09:00,1066.5576171875,1066.5576171875,1066.5576171875,1066.5576171875,0,0.0,0.0
2003-01-02 00:00:00+09:00,1066.5576171875,1066.5576171875,1066.5576171875,1066.5576171875,0,0.0,0.0
2003-01-03 00:00:00+09:00,1066.5576171875,1066.5576171875,1066.5576171875,1066.5576171875,0,0.0,0.0
2003-01-06 00:00:00+09:00,1079.8232921201384,1085.1295166015625,1061.2513801265488,1085.1295166015625,65000,0.0,0.0
2003-01-07 00:00:00+09:00,1098.395283435022,1098.395283435022,1079.8233701002505,1082.4764404296875,361920,0.0,0.0
2003-01-08 00:00:00+09:00,1055.944812002948,1069.2104109922768,1037.3729060533205,1047.9853515625,498680,0.0,0.0
2003-01-09 00:00:00+09:00,1037.372753773544,1053.29150390625,1032.0664475921774,1053.29150390625,336960,0.0,0.0
2003-01-10 00:00:00+09:00,1050.6387601108404,1058.5981382779128,1045.3325360680356,1055.945068359375,239200,0.0,0.0
2003-01-13 00:00:00+09:00,1055.945068359375,1055.945068359375,1055.945068359375,1055.945068359375,0,0.0,0.0
2003-01-14 00:00:00+09:00,1050.638417749373,1087.7822265625,1050.638417749373,1087.7822265625,348920,0.0,0.0
2003-01-15 00:00:00+09:00,1090.4353595809766,1093.0884285857367,1063.9040800934738,1077.169677734375,210080,0.0,0.0
2003-01-16 00:00:00+09:00,1077.169629105309,1077.169629105309,1050.6383508155668,1053.29150390625,326560,0.0,0.0
2003-01-17 00:00:00+09:00,1042.6791288079103,1061.2510347575378,1040.025975327761,1047.9853515625,342680,0.0,0.0
2003-01-20 00:00:00+09:00,1037.3734272114573,1037.3734272114573,1002.8827514648438,1002.8827514648438,848120,0.0,0.0
2003-01-21 00:00:00+09:00,994.9227454293821,1018.8008711103196,992.2695922851562,992.2695922851562,783120,0.0,0.0
2003-01-22 00:00:00+09:00,992.2697401828547,1002.8822701358562,971.0446802768516,984.3103637695312,691600,0.0,0.0
2003-01-23 00:00:00+09:00,994.9228936093851,1018.8010228466397,989.6165865306324,1005.5353393554688,517920,0.0,0.0
2003-01-24 00:00:00+09:00,1018.8008711103196,1018.8008711103196,981.6570639139512,992.2695922851562,348920,0.0,0.0
2003-01-27 00:00:00+09:00,1010.8416465491796,1010.8416465491796,981.6572102298531,984.3103637695312,262600,0.0,0.0
2003-01-28 00:00:00+09:00,973.6979461057387,973.6979461057387,955.1260375976562,955.1260375976562,514280,0.0,0.0
2003-01-29 00:00:00+09:00,968.3917951530308,968.3917951530308,941.860507326528,949.8198852539062,535080,0.0,0.0
2003-01-30 00:00:00+09:00,963.0855209446775,968.3918292200847,952.4730728053227,957.779296875,186680,0.0,0.0
2003-01-31 00:00:00+09:00,963.0855870437372,986.9638075104344,957.7793626098799,973.6981201171875,342680,0.0,0.0
2003-02-03 00:00:00+09:00,971.044965797391,981.6574988708413,957.7793626098799,973.6981201171875,279240,0.0,0.0
2003-02-04 00:00:00+09:00,986.9635009765625,986.9635009765625,971.0446642076357,986.9635009765625,469040,0.0,0.0
2003-02-05 00:00:00+09:00,981.6571939850171,994.9228772581711,979.0040404892444,986.9635009765625,714480,0.0,0.0
2003-02-06 00:00:00+09:00,986.9635009765625,992.2697237623984,979.0040404892444,986.9635009765625,651560,0.0,0.0
2003-02-07 00:00:00+09:00,968.39177803429,971.0448478260319,949.8198684634704,952.4730224609375,712400,0.0,0.0
2003-02-10 00:00:00+09:00,939.2075924215717,947.1669723755534,923.2888325136084,933.9013671875,734240,0.0,0.0
2003-02-11 00:00:00+09:00,933.9013671875001,933.9013671875001,933.9013671875001,933.9013671875,0,0.0,0.0
2003-02-12 00:00:00+09:00,928.5946075647489,947.1665131889571,925.941538336796,941.8602905273438,488280,0.0,0.0
2003-02-13 00:00:00+09:00,941.8607471414817,949.8201270954634,917.9826072795368,933.9013671875,606320,0.0,0.0
2003-02-14 00:00:00+09:00,920.6354704712426,933.9011568776788,917.9824005545389,928.5948486328125,400400,0.0,0.0
2003-02-17 00:00:00+09:00,931.2480081151532,960.4324510127036,931.2480081151532,957.779296875,1011400,0.0,0.0
2003-02-18 00:00:00+09:00,979.0041418233686,1013.4948040156128,971.0447647179059,997.5760498046875,2592720,0.0,0.0
2003-02-19 00:00:00+09:00,1000.2293090820311,1005.5355329768154,989.6167770867357,1000.2293090820312,706680,0.0,0.0
2003-02-20 00:00:00+09:00,1002.8822700218034,1016.1478693072634,989.6165865306324,1005.5353393554688,750360,0.0,0.0
2003-02-21 00:00:00+09:00,1013.4945648218679,1013.4945648218679,989.6164391409303,992.2695922851562,280800,0.0,0.0
2003-02-24 00:00:00+09:00,1000.229116482427,1013.494715767887,992.2697400700088,1005.5353393554688,217360,0.0,0.0
2003-02-25 00:00:00+09:00,1008.1884930095015,1008.1884930095015,973.6978338165297,984.3103637695312,327600,0.0,0.0
2003-02-26 00:00:00+09:00,981.6574988708413,994.9231862640883,968.3918956833302,973.6981201171875,133640,0.0,0.0
2003-02-27 00:00:00+09:00,973.6978338165297,994.9228937225328,971.0446802768516,984.3103637695312,215800,0.0,0.0
2003-02-28 00:00:00+09:00,997.5761141693587,997.5761141693587,976.3511352539062,976.3511352539062,131560,0.0,0.0
2003-03-03 00:00:00+09:00,971.0446642076357,989.6165702666257,971.0446642076357,986.9635009765625,181480,0.0,0.0
2003-03-04 00:00:00+09:00,989.6165865306324,1008.1884928948451,986.9635171969669,1005.5353393554688,351520,0.0,0.0
2003-03-05 00:00:00+09:00,1005.5355329768154,1005.5355329768154,997.5761550317756,1000.2293090820312,256360,0.0,0.0
2003-03-06 00:00:00+09:00,1005.5353228298429,1008.1884763256156,984.3103474807898,986.9635009765625,287560,0.0,0.0
2003-03-07 00:00:00+09:00,994.9230069017345,1008.1886076977547,989.61669921875,989.61669921875,529360,0.0,0.0
2003-03-10 00:00:00+09:00,986.9635173092094,994.9228937225328,984.3103637695312,984.3103637695312,293280,0.0,0.0
2003-03-11 00:00:00+09:00,984.3104579778477,994.9229889465742,979.004150390625,979.004150390625,470600,0.0,0.0
2003-03-12 00:00:00+09:00,973.6979445812375,989.61669921875,971.0447907397453,989.61669921875,465920,0.0,0.0
2003-03-13 00:00:00+09:00,976.3510984227298,989.61669921875,976.3510984227298,989.61669921875,305760,0.0,0.0
2003-03-14 00:00:00+09:00,997.5756631614316,997.5756631614316,960.4319458007812,960.4319458007812,730080,0.0,0.0
2003-03-17 00:00:00+09:00,952.4732818153734,952.4732818153734,931.2482124675901,933.9013671875,488280,0.0,0.0
2003-03-18 00:00:00+09:00,960.4325012184021,976.3512584653022,949.8199683185572,963.0855712890625,419120,0.0,0.0
2003-03-19 00:00:00+09:00,949.8199683185572,963.0855712890625,941.8605896951073,963.0855712890625,127920,0.0,0.0
2003-03-20 00:00:00+09:00,963.0856791697964,981.6575927734375,960.4326088019503,981.6575927734375,175240,0.0,0.0
2003-03-21 00:00:00+09:00,981.6575927734375,981.6575927734375,981.6575927734375,981.6575927734375,0,0.0,0.0
2003-03-24 00:00:00+09:00,968.391988316976,984.3107473470274,968.391988316976,981.6575927734375,394160,0.0,0.0
2003-03-25 00:00:00+09:00,968.3913198213268,976.3506938418722,952.4725717802357,960.4319458007812,249600,0.0,0.0
2003-03-26 00:00:00+09:00,973.6980869788623,979.0043112321305,955.1261757838247,965.7387084960938,224640,0.0,0.0
2003-03-27 00:00:00+09:00,986.9634948168931,1034.7197522084964,986.9634948168931,1026.7603759765625,901680,0.0,0.0
2003-03-28 00:00:00+09:00,1013.4948370941626,1045.33243076085,1013.4948370941626,1040.026123046875,730080,0.0,0.0
2003-03-31 00:00:00+09:00,1045.3325413603893,1045.3325413603893,1021.4544067382812,1021.4544067382812,436800,0.0,0.0
2003-04-01 00:00:00+09:00,1024.1072413698616,1042.6791476551916,1016.1478649912502,1037.3729248046875,398320,0.0,0.0
2003-04-02 00:00:00+09:00,1040.025975327761,1047.9853515625,1026.7603763384323,1047.9853515625,255320,0.0,0.0
2003-04-03 00:00:00+09:00,1050.6385050426493,1055.944812002948,1042.6791288079103,1047.9853515625,460720,0.0,0.0
2003-04-04 00:00:00+09:00,1047.9853515625,1055.944812002948,1045.3322822880598,1047.9853515625,433160,0.0,0.0
2003-04-07 00:00:00+09:00,1050.6386989931223,1053.2918529630504,1040.0261673191344,1042.6793212890625,347360,0.0,0.0
2003-04-08 00:00:00+09:00,1050.638654269104,1055.944961983079,1040.026123046875,1040.026123046875,254280,0.0,0.0
2003-04-09 00:00:00+09:00,1037.373231299523,1037.373231299523,1021.4544738390587,1024.1075439453125,464880,0.0,0.0
2003-04-10 00:00:00+09:00,1018.8013305664062,1029.4138637236208,1016.1481762256685,1018.8013305664062,322920,0.0,0.0
2003-04-11 00:00:00+09:00,1032.0667757317328,1040.0261533287232,1010.841796875,1010.841796875,320840,0.0,0.0
2003-04-14 00:00:00+09:00,1013.4952023055315,1032.0671175853622,994.9233712314522,1002.8827514648438,539240,0.0,0.0
2003-04-15 00:00:00+09:00,1016.1479850165109,1016.1479850165109,986.9636295829782,989.61669921875,357760,0.0,0.0
2003-04-16 00:00:00+09:00,992.2698530602422,994.9230069017345,973.6979445812375,989.61669921875,552240,0.0,0.0
2003-04-17 00:00:00+09:00,986.9633702024029,994.9227454293821,971.0445355427461,992.2695922851562,351000,0.0,0.0
2003-04-18 00:00:00+09:00,981.6573218999938,994.9230069017345,981.6573218999938,989.61669921875,622960,0.0,0.0
2003-04-21 00:00:00+09:00,979.0043112321305,981.657465461631,955.1261757838247,965.7387084960938,979160,0.0,0.0
2003-04-22 00:00:00+09:00,965.7386750823811,965.7386750823811,955.1261427372964,957.779296875,538720,0.0,0.0
2003-04-23 00:00:00+09:00,963.0855542665934,973.6980869788623,957.7793300133252,965.7387084960938,1557920,0.0,0.0
2003-04-24 00:00:00+09:00,958.5299135995826,958.5299135995826,937.1698772851786,950.5198364257812,848120,8.846154,0.0
2003-04-25 00:00:00+09:00,953.1896362304688,971.8796423904669,947.8496707881177,953.1896362304688,904280,0.0,0.0
2003-04-28 00:00:00+09:00,966.5399060321841,971.8798727401852,950.5198364257812,950.5198364257812,554320,0.0,0.0
2003-04-29 00:00:00+09:00,950.5198364257812,950.5198364257812,950.5198364257812,950.5198364257812,0,0.0,0.0
2003-04-30 00:00:00+09:00,953.1895947751846,966.5396349122235,950.5195697995416,961.1995849609375,555880,0.0,0.0
2003-05-01 00:00:00+09:00,966.53955078125,969.209490783316,961.1995012947805,966.53955078125,241280,0.0,0.0
2003-05-02 00:00:00+09:00,979.8896291753437,979.8896291753437,963.8696481684062,971.879638671875,319800,0.0,0.0
2003-05-05 00:00:00+09:00,971.879638671875,971.879638671875,971.879638671875,971.879638671875,0,0.0,0.0
2003-05-06 00:00:00+09:00,974.5496637534243,979.8896291753437,969.2096135903256,971.879638671875,335920,0.0,0.0
2003-05-07 00:00:00+09:00,977.2196044921875,977.2196044921875,966.5396736439949,977.2196044921875,497120,0.0,0.0
2003-05-08 00:00:00+09:00,977.2196040937943,979.8896291753437,969.2096135903256,971.879638671875,307320,0.0,0.0
2003-05-09 00:00:00+09:00,971.8797784822702,985.2297363281251,969.2097530166226,985.229736328125,283400,0.0,0.0
2003-05-12 00:00:00+09:00,987.8996200815596,987.8996200815596,971.8796390680913,977.2196044921875,420680,0.0,0.0
2003-05-13 00:00:00+09:00,971.8799167530605,987.8999023437499,971.8799167530605,987.89990234375,280280,0.0,0.0
2003-05-14 00:00:00+09:00,977.2197446723738,990.5697872594203,977.2197446723738,985.229736328125,560560,0.0,0.0
2003-05-15 00:00:00+09:00,993.2395247424238,1019.9394326926874,987.8994753594374,1011.929443359375,1079000,0.0,0.0
2003-05-16 00:00:00+09:00,1022.6096567446591,1033.2896728515625,1017.2696910617992,1033.2896728515625,522600,0.0,0.0
2003-05-19 00:00:00+09:00,1006.5895374342757,1033.2895316831796,1001.2495724809637,1030.6195068359375,481000,0.0,0.0
2003-05-20 00:00:00+09:00,1006.589314124005,1022.6092901711062,1006.589314124005,1009.2593383789062,385320,0.0,0.0
2003-05-21 00:00:00+09:00,1014.5993200760032,1019.9392839390123,987.8993312786488,993.2393798828125,399360,0.0,0.0
2003-05-22 00:00:00+09:00,993.2399540347822,995.9098951390946,985.2298764982338,987.89990234375,371800,0.0,0.0
2003-05-23 00:00:00+09:00,990.5693555807306,1014.5993200760032,990.5693555807306,993.2393798828125,316680,0.0,0.0
2003-05-26 00:00:00+09:00,1006.5898701502238,1011.9298368685963,990.5698852539061,990.5698852539062,192400,0.0,0.0
2003-05-27 00:00:00+09:00,993.239301372773,1001.2492889047189,993.239301372773,995.9092407226562,364520,0.0,0.0
2003-05-28 00:00:00+09:00,1001.249593308281,1014.5995483398436,1001.249593308281,1014.5995483398438,253760,0.0,0.0
2003-05-29 00:00:00+09:00,1019.9394722751991,1033.2895115095955,1017.2695322212561,1022.6094970703125,501280,0.0,0.0
2003-05-30 00:00:00+09:00,1019.9396315326373,1033.2896728515625,1009.2597001669177,1033.2896728515625,633360,0.0,0.0
2003-06-02 00:00:00+09:00,1035.9595565304214,1035.9595565304214,1011.9295023875876,1030.6195068359375,707200,0.0,0.0
2003-06-03 00:00:00+09:00,1027.9495466605392,1027.9495466605392,1006.5895177819731,1022.6094970703125,244920,0.0,0.0
2003-06-04 00:00:00+09:00,1014.5995483398436,1025.279563209798,1014.5995483398436,1014.5995483398438,72280,0.0,0.0
2003-06-05 00:00:00+09:00,1025.2796819566809,1033.2896728515625,1022.6096567446591,1033.2896728515625,288080,0.0,0.0
2003-06-06 00:00:00+09:00,1035.9599597261847,1041.2999267578125,1025.279940921724,1041.2999267578125,253760,0.0,0.0
2003-06-09 00:00:00+09:00,1038.629743077732,1038.629743077732,1022.6097596754768,1025.27978515625,375440,0.0,0.0
2003-06-10 00:00:00+09:00,1038.6292703967256,1051.9793069837872,1017.2693304950417,1019.9392700195312,659360,0.0,0.0
2003-06-11 00:00:00+09:00,1014.5993220647073,1014.5993220647073,993.2393818296492,998.579345703125,1458080,0.0,0.0
2003-06-12 00:00:00+09:00,1001.2499034318513,1006.5898701502238,990.5698852539061,990.5698852539062,743600,0.0,0.0
2003-06-13 00:00:00+09:00,985.2294506679442,1019.9394326926874,982.559510717618,1011.929443359375,1399320,0.0,0.0
2003-06-16 00:00:00+09:00,1017.2695701237275,1027.9495849609375,1014.5995452291316,1027.9495849609375,639080,0.0,0.0
2003-06-17 00:00:00+09:00,1038.6296758379858,1057.3196835110436,1035.9597352712537,1054.649658203125,1008280,0.0,0.0
2003-06-18 00:00:00+09:00,1067.9993911384054,1092.0293577366992,1062.6594268080607,1073.33935546875,1617200,0.0,0.0
2003-06-19 00:00:00+09:00,1081.3496834788266,1105.3797423548363,1078.6797428468612,1097.3697509765625,1658280,0.0,0.0
2003-06-20 00:00:00+09:00,1097.3696669082267,1118.7296140335304,1084.0196258063775,1113.3896484375,957840,0.0,0.0
2003-06-23 00:00:00+09:00,1116.0594869947183,1132.0795518029156,1113.3895468109974,1126.739501953125,967200,0.0,0.0
2003-06-24 00:00:00+09:00,1121.399496086326,1124.0694361730057,1105.3795166015625,1105.3795166015625,433680,0.0,0.0
2003-06-25 00:00:00+09:00,1108.0496829868016,1118.7296997382293,1097.3697509765625,1097.3697509765625,387920,0.0,0.0
2003-06-26 00:00:00+09:00,1100.0399182773217,1108.049911306095,1070.6699720855552,1094.699951171875,695240,0.0,0.0
2003-06-27 00:00:00+09:00,1081.349260877591,1094.6992977848556,1070.669333041166,1078.6793212890625,625040,0.0,0.0
2003-06-30 00:00:00+09:00,1081.3494865168486,1086.6895362904957,1067.9995315650779,1076.009521484375,557960,0.0,0.0
2003-07-01 00:00:00+09:00,1089.3595154365498,1100.039530625028,1084.0195502128988,1086.6895751953125,697320,0.0,0.0
2003-07-02 00:00:00+09:00,1089.3595160317525,1092.029541015625,1084.0195508051838,1092.029541015625,373880,0.0,0.0
2003-07-03 00:00:00+09:00,1094.6991764327176,1108.049127118927,1081.349141005362,1084.0191650390625,482560,0.0,0.0
2003-07-04 00:00:00+09:00,1081.3499062964488,1094.699951171875,1081.3499062964488,1094.699951171875,502320,0.0,0.0
2003-07-07 00:00:00+09:00,1113.3896486607116,1124.0695798549134,1108.0495983224284,1118.7296142578125,655200,0.0,0.0
2003-07-08 00:00:00+09:00,1132.0793667446123,1148.0993441928877,1124.069293279314,1140.08935546875,972920,0.0,0.0
2003-07-09 00:00:00+09:00,1142.759133095593,1142.759133095593,1121.3991944418947,1134.7491455078125,448760,0.0,0.0
2003-07-10 00:00:00+09:00,1145.4291439598462,1180.1391180192356,1142.7591198810785,1169.4591064453125,905840,0.0,0.0
2003-07-11 00:00:00+09:00,1164.119427786834,1166.7894525187226,1108.0494168641853,1142.7593994140625,569920,0.0,0.0
2003-07-14 00:00:00+09:00,1142.7594956528712,1166.78955078125,1121.3995502224157,1166.78955078125,639600,0.0,0.0
2003-07-15 00:00:00+09:00,1153.4399984786548,1166.790044166376,1121.4000244140625,1121.4000244140625,531960,0.0,0.0
2003-07-16 00:00:00+09:00,1148.0995318699381,1148.0995318699381,1124.0694770282296,1126.739501953125,544440,0.0,0.0
2003-07-17 00:00:00+09:00,1121.3997251113833,1121.3997251113833,1097.3697509765625,1097.3697509765625,431600,0.0,0.0
2003-07-18 00:00:00+09:00,1097.369872271827,1113.3898567991064,1094.6998466035477,1102.7098388671875,336440,0.0,0.0
2003-07-21 00:00:00+09:00,1102.7098388671875,1102.7098388671875,1102.7098388671875,1102.7098388671875,0,0.0,0.0
2003-07-22 00:00:00+09:00,1116.0596926551314,1121.3997434889525,1105.3797604698689,1110.7197265625,331760,0.0,0.0
2003-07-23 00:00:00+09:00,1113.3898567991064,1116.0597977261878,1100.0398131989082,1102.7098388671875,295360,0.0,0.0
2003-07-24 00:00:00+09:00,1102.7091637926724,1108.049127118927,1084.0191650390625,1084.0191650390625,655200,0.0,0.0
2003-07-25 00:00:00+09:00,1081.3499062964488,1105.3799701239748,1076.009939191002,1094.699951171875,423800,0.0,0.0
2003-07-28 00:00:00+09:00,1094.699363439477,1108.04931640625,1092.0293389496583,1108.04931640625,198640,0.0,0.0
2003-07-29 00:00:00+09:00,1110.7198311308273,1110.7198311308273,1094.6998466035477,1102.7098388671875,231400,0.0,0.0
2003-07-30 00:00:00+09:00,1092.0299252485486,1102.7099442006481,1084.0199322197752,1094.699951171875,158600,0.0,0.0
2003-07-31 00:00:00+09:00,1092.0291523990172,1094.6991764327176,1078.679201712808,1084.0191650390625,167960,0.0,0.0
2003-08-01 00:00:00+09:00,1073.3398263646186,1078.6798777789138,1057.3198416041316,1065.329833984375,808600,0.0,0.0
2003-08-04 00:00:00+09:00,1065.3294474820257,1076.0094616946992,1057.3194580078125,1057.3194580078125,335400,0.0,0.0
2003-08-05 00:00:00+09:00,1059.9897088189623,1065.3296746936132,1054.649658203125,1054.649658203125,252720,0.0,0.0
2003-08-06 00:00:00+09:00,1059.9897088189623,1070.6697253094505,1054.649658203125,1054.649658203125,444600,0.0,0.0
2003-08-07 00:00:00+09:00,1051.9799455622733,1051.9799455622733,1035.9599597261847,1041.2999267578125,345800,0.0,0.0
2003-08-08 00:00:00+09:00,1043.9695259488785,1043.9695259488785,1019.9394722751991,1022.6094970703125,410280,0.0,0.0
2003-08-11 00:00:00+09:00,1049.309627001478,1078.6796493365312,1049.309627001478,1062.65966796875,650000,0.0,0.0
2003-08-12 00:00:00+09:00,1078.6800375116893,1084.0200049755367,1070.6700439453125,1070.6700439453125,422760,0.0,0.0
2003-08-13 00:00:00+09:00,1084.0197088519808,1108.0496829868016,1084.0197088519808,1097.3697509765625,347360,0.0,0.0
2003-08-14 00:00:00+09:00,1121.3996392021365,1121.3996392021365,1105.3796576728632,1113.3896484375,463840,0.0,0.0
2003-08-15 00:00:00+09:00,1084.0191650390625,1084.0191650390625,1084.0191650390625,1084.0191650390625,164840,0.0,0.0
2003-08-18 00:00:00+09:00,1086.6893095369592,1092.0292734551717,1076.0092969593786,1078.6793212890625,200720,0.0,0.0
2003-08-19 00:00:00+09:00,1078.6793212890625,1089.3592491254876,1076.0092969593786,1078.6793212890625,166920,0.0,0.0
2003-08-20 00:00:00+09:00,1078.6794459295186,1092.0293996382031,1076.0094212913157,1089.359375,213200,0.0,0.0
2003-08-21 00:00:00+09:00,1092.0291834592674,1142.759133095593,1092.0291834592674,1134.7491455078125,598520,0.0,0.0
2003-08-22 00:00:00+09:00,1148.099749657976,1161.449707332515,1134.7497072422464,1156.1097412109375,817960,0.0,0.0
2003-08-25 00:00:00+09:00,1156.109560751754,1156.109560751754,1132.07958984375,1132.07958984375,217880,0.0,0.0
2003-08-26 00:00:00+09:00,1132.07958984375,1140.089580146418,1129.409564829135,1132.07958984375,317720,0.0,0.0
2003-08-27 00:00:00+09:00,1132.0793667446123,1145.4293197044549,1132.0793667446123,1140.08935546875,203320,0.0,0.0
2003-08-28 00:00:00+09:00,1140.0891937270985,1140.0891937270985,1132.079206139318,1134.7491455078125,125840,0.0,0.0
2003-08-29 00:00:00+09:00,1137.4191696174555,1137.4191696174555,1132.079206139318,1134.7491455078125,293800,0.0,0.0
2003-09-01 00:00:00+09:00,1140.0894594233423,1145.429424145951,1129.4094452369566,1142.7593994140625,274040,0.0,0.0
2003-09-02 00:00:00+09:00,1140.0897030367923,1142.7596435980233,1126.739661265892,1137.419677734375,319800,0.0,0.0
2003-09-03 00:00:00+09:00,1145.42938181545,1166.78940939884,1137.41939265697,1164.119384765625,355160,0.0,0.0
2003-09-04 00:00:00+09:00,1164.119427786834,1174.7994419732197,1137.419434691454,1142.7593994140625,829920,0.0,0.0
2003-09-05 00:00:00+09:00,1148.0994064486651,1169.4593492908898,1145.42938181545,1164.119384765625,633880,0.0,0.0
2003-09-08 00:00:00+09:00,1150.769346340715,1169.4593492908898,1150.769346340715,1164.119384765625,229320,0.0,0.0
2003-09-09 00:00:00+09:00,1166.7896730285854,1185.479595460481,1158.7795973191076,1177.4696044921875,605280,0.0,0.0
2003-09-10 00:00:00+09:00,1166.789691525768,1188.1496395327765,1164.1196662469472,1180.1396484375,612040,0.0,0.0
2003-09-11 00:00:00+09:00,1174.799154602848,1182.8091420980033,1161.449118950157,1169.4591064453125,484120,0.0,0.0
2003-09-12 00:00:00+09:00,1190.8197874356554,1190.8197874356554,1174.7998035954529,1185.479736328125,552760,0.0,0.0
2003-09-15 00:00:00+09:00,1185.479736328125,1185.479736328125,1185.479736328125,1185.479736328125,0,0.0,0.0
2003-09-16 00:00:00+09:00,1193.4895770034311,1209.5096435546875,1180.1396204087653,1209.5096435546875,510120,0.0,0.0
2003-09-17 00:00:00+09:00,1212.1792204816315,1222.8592333990089,1198.8292678907787,1220.189208984375,591240,0.0,0.0
2003-09-18 00:00:00+09:00,1206.839375938194,1228.1993191476208,1206.839375938194,1214.849365234375,524680,0.0,0.0
2003-09-19 00:00:00+09:00,1228.1993599977038,1230.869384765625,1204.169391309921,1230.869384765625,1003080,0.0,0.0
2003-09-22 00:00:00+09:00,1233.5393048945311,1236.2093294359588,1188.1493113960723,1190.8193359375,230880,0.0,0.0
2003-09-23 00:00:00+09:00,1190.8193359375,1190.8193359375,1190.8193359375,1190.8193359375,0,0.0,0.0
2003-09-24 00:00:00+09:00,1217.5189901959259,1254.8988997257034,1214.8489663933922,1241.5489501953125,846560,0.0,0.0
2003-09-25 00:00:00+09:00,1249.5596174857974,1260.2396337721032,1217.5196533680646,1222.859619140625,494000,0.0,0.0
2003-09-26 00:00:00+09:00,1201.4993493620484,1217.5193271282897,1190.8193359375,1190.8193359375,397280,0.0,0.0
2003-09-29 00:00:00+09:00,1193.4892757377654,1209.5093382451691,1190.8193359375,1190.8193359375,312520,0.0,0.0
2003-09-30 00:00:00+09:00,1204.169231978888,1244.2192592337635,1201.4992923054126,1220.189208984375,531440,0.0,0.0
2003-10-01 00:00:00+09:00,1228.198915923783,1249.5589368617748,1228.198915923783,1241.5489501953125,485680,0.0,0.0
2003-10-02 00:00:00+09:00,1254.8995361328125,1260.2395864460218,1244.2196049887577,1254.8995361328125,555360,0.0,0.0
2003-10-03 00:00:00+09:00,1257.5695612894172,1262.9095268614446,1249.559570560785,1254.8995361328125,152360,0.0,0.0
2003-10-06 00:00:00+09:00,1254.8996213310334,1257.5696466689126,1228.199622175804,1233.5396728515625,380640,0.0,0.0
2003-10-07 00:00:00+09:00,1241.549579832153,1254.8995361328125,1225.5295983748888,1254.8995361328125,304200,0.0,0.0
2003-10-08 00:00:00+09:00,1236.208987331384,1254.8988997257034,1236.208987331384,1241.5489501953125,400400,0.0,0.0
2003-10-09 00:00:00+09:00,1249.5589368617748,1252.2289606643085,1233.5389635288504,1241.5489501953125,201240,0.0,0.0
2003-10-10 00:00:00+09:00,1228.19960364234,1252.2296618382654,1222.859637788349,1225.5296630859375,419120,0.0,0.0
2003-10-13 00:00:00+09:00,1225.5296630859375,1225.5296630859375,1225.5296630859375,1225.5296630859375,0,0.0,0.0
2003-10-14 00:00:00+09:00,1230.8696101700582,1246.8895922289246,1222.859619140625,1222.859619140625,1096160,0.0,0.0
2003-10-15 00:00:00+09:00,1238.879724379454,1246.8897162053088,1228.19970703125,1228.19970703125,513760,0.0,0.0
2003-10-16 00:00:00+09:00,1241.549579832153,1262.9095268614446,1241.549579832153,1254.8995361328125,578240,0.0,0.0
2003-10-17 00:00:00+09:00,1265.5798691339871,1276.2598876953125,1246.8898578369683,1276.2598876953125,470600,0.0,0.0
2003-10-20 00:00:00+09:00,1281.5993422350514,1313.6393851097462,1270.9194126846558,1310.9693603515625,796120,0.0,0.0
2003-10-21 00:00:00+09:00,1313.6399102893502,1313.6399102893502,1270.9199207852514,1276.2598876953125,552760,0.0,0.0
2003-10-22 00:00:00+09:00,1281.5992206198832,1281.5992206198832,1249.5592655267344,1268.249267578125,505440,0.0,0.0
2003-10-23 00:00:00+09:00,1257.5696466689126,1257.5696466689126,1220.1896309033539,1233.5396728515625,745680,0.0,0.0
2003-10-24 00:00:00+09:00,1220.1896124907603,1228.19960364234,1214.8496466367692,1225.5296630859375,555360,0.0,0.0
2003-10-27 00:00:00+09:00,1206.839111328125,1214.8490988680458,1201.4991478818938,1206.839111328125,428480,0.0,0.0
2003-10-28 00:00:00+09:00,1220.6556523125641,1247.4832556163926,1217.972866438327,1236.752197265625,270400,8.269231,0.0
2003-10-29 00:00:00+09:00,1236.752231741417,1250.1660763403472,1215.2901995877858,1217.972900390625,258440,0.0,0.0
2003-10-30 00:00:00+09:00,1231.3867449895552,1231.3867449895552,1215.2901995877858,1217.972900390625,213720,0.0,0.0
2003-10-31 00:00:00+09:00,1217.9730685056404,1217.9730685056404,1188.4627595778604,1193.8282470703125,252720,0.0,0.0
2003-11-03 00:00:00+09:00,1193.8282470703125,1193.8282470703125,1193.8282470703125,1193.8282470703125,0,0.0,0.0
2003-11-04 00:00:00+09:00,1212.6074686880017,1220.6557417542572,1204.5591956217463,1209.9246826171875,262080,0.0,0.0
2003-11-05 00:00:00+09:00,1217.9731746447148,1217.9731746447148,1177.73180207904,1183.0972900390625,468520,0.0,0.0
2003-11-06 00:00:00+09:00,1167.0002978238495,1175.0485692805114,1156.26924083291,1158.9520263671875,858000,0.0,0.0
2003-11-07 00:00:00+09:00,1158.95244919767,1158.95244919767,1148.2213882916265,1150.9041748046875,960440,0.0,0.0
2003-11-10 00:00:00+09:00,1150.9037944427846,1156.2692805494676,1134.8072509765625,1134.8072509765625,723320,0.0,0.0
2003-11-11 00:00:00+09:00,1124.0763806729335,1142.855712890625,1110.6626206009753,1142.855712890625,500760,0.0,0.0
2003-11-12 00:00:00+09:00,1145.5381780645541,1145.5381780645541,1124.076065786165,1140.172607421875,421200,0.0,0.0
2003-11-13 00:00:00+09:00,1145.5381938977125,1167.0002213265773,1140.1726231808727,1156.2691650390625,1033760,0.0,0.0
2003-11-14 00:00:00+09:00,1158.9522790845529,1172.366124534749,1153.5867919921875,1153.5867919921875,1128920,0.0,0.0
2003-11-17 00:00:00+09:00,1148.2215269424298,1148.2215269424298,1099.9318747534319,1105.29736328125,421720,0.0,0.0
2003-11-18 00:00:00+09:00,1099.9316596235467,1118.7109935172757,1094.5660869989413,1110.6627197265625,423800,0.0,0.0
2003-11-19 00:00:00+09:00,1099.9317710997163,1116.0283203125,1099.9317710997163,1116.0283203125,412880,0.0,0.0
2003-11-20 00:00:00+09:00,1142.8559307158737,1142.8559307158737,1105.2972591219097,1116.0283203125,261040,0.0,0.0
2003-11-21 00:00:00+09:00,1126.7593815030903,1132.1248695252834,1107.980045706108,1116.0283203125,342160,0.0,0.0
2003-11-24 00:00:00+09:00,1116.0283203125,1116.0283203125,1116.0283203125,1116.0283203125,0,0.0,0.0
2003-11-25 00:00:00+09:00,1148.2211998901707,1156.2694729625832,1129.4418676724792,1142.855712890625,455520,0.0,0.0
2003-11-26 00:00:00+09:00,1132.124662189248,1150.9039945470042,1132.124662189248,1137.490234375,321880,0.0,0.0
2003-11-27 00:00:00+09:00,1142.8556329582134,1142.8556329582134,1113.3452436592277,1118.7108154296875,479440,0.0,0.0
2003-11-28 00:00:00+09:00,1113.3454030957516,1121.3936767578125,1099.931642041048,1121.3936767578125,367120,0.0,0.0
2003-12-01 00:00:00+09:00,1124.076065786165,1142.8553927432145,1102.6140386539394,1140.172607421875,489320,0.0,0.0
2003-12-02 00:00:00+09:00,1142.855459896316,1175.0485450593715,1132.1244031265749,1172.3658447265625,727480,0.0,0.0
2003-12-03 00:00:00+09:00,1177.7315942760124,1177.7315942760124,1150.9039889170504,1164.3177490234375,676520,0.0,0.0
2003-12-04 00:00:00+09:00,1167.00053510319,1167.00053510319,1156.2694759303677,1164.3177490234375,333840,0.0,0.0
2003-12-05 00:00:00+09:00,1145.53822335292,1161.634765625,1140.1726524981154,1161.634765625,375440,0.0,0.0
2003-12-08 00:00:00+09:00,1164.3177374321415,1164.3177374321415,1129.4418593273144,1148.22119140625,354640,0.0,0.0
2003-12-09 00:00:00+09:00,1126.7590065694544,1167.0003662109375,1126.7590065694544,1167.0003662109375,407680,0.0,0.0
2003-12-10 00:00:00+09:00,1153.5867635123384,1158.95225047224,1145.5384904993925,1148.22119140625,309920,0.0,0.0
2003-12-11 00:00:00+09:00,1150.9037549105258,1167.0002978238495,1140.1726979195864,1158.9520263671875,414440,0.0,0.0
2003-12-12 00:00:00+09:00,1185.7796957590215,1191.1451819958274,1167.0003662109375,1167.0003662109375,1404520,0.0,0.0
2003-12-15 00:00:00+09:00,1167.0002513336378,1177.7313078970801,1158.9519801975978,1161.634765625,293800,0.0,0.0
2003-12-16 00:00:00+09:00,1161.6352357107312,1172.3662966167747,1150.9041748046875,1150.9041748046875,467480,0.0,0.0
2003-12-17 00:00:00+09:00,1156.2695040308079,1177.7316228980394,1156.2695040308079,1169.683349609375,741520,0.0,0.0
2003-12-18 00:00:00+09:00,1169.6835275659053,1183.0972900390625,1164.31795445968,1183.0972900390625,482560,0.0,0.0
2003-12-19 00:00:00+09:00,1196.5108962957652,1236.7522607438684,1193.8281102838298,1223.3385009765625,1444560,0.0,0.0
2003-12-22 00:00:00+09:00,1236.75199931202,1247.4830559451827,1231.3865135685226,1234.0692138671875,829920,0.0,0.0
2003-12-23 00:00:00+09:00,1234.0692138671875,1234.0692138671875,1234.0692138671875,1234.0692138671875,0,0.0,0.0
2003-12-24 00:00:00+09:00,1247.4836348067734,1247.4836348067734,1226.0215115815208,1231.3870849609375,445120,0.0,0.0
2003-12-25 00:00:00+09:00,1234.0696826007022,1242.1180419921875,1220.6559205739597,1242.1180419921875,367120,0.0,0.0
2003-12-26 00:00:00+09:00,1226.0209426788574,1234.0692138671875,1212.6071857470297,1234.0692138671875,155480,0.0,0.0
2003-12-29 00:00:00+09:00,1226.0208513045397,1242.1174776276994,1226.0208513045397,1239.4346923828125,150280,0.0,0.0
2003-12-30 00:00:00+09:00,1239.4349831398622,1247.4832556163926,1228.7039247890946,1236.752197265625,111280,0.0,0.0
2003-12-31 00:00:00+09:00,1236.752197265625,1236.752197265625,1236.752197265625,1236.752197265625,0,0.0,0.0
2004-01-01 00:00:00+09:00,1236.752197265625,1236.752197265625,1236.752197265625,1236.752197265625,0,0.0,0.0
2004-01-02 00:00:00+09:00,1236.752197265625,1236.752197265625,1236.752197265625,1236.752197265625,0,0.0,0.0
2004-01-05 00:00:00+09:00,1242.1179580433698,1258.214505446052,1242.1179580433698,1244.8006591796875,161200,0.0,0.0
2004-01-06 00:00:00+09:00,1252.8489224658017,1252.8489224658017,1220.6558279280662,1228.7041015625,249080,0.0,0.0
2004-01-07 00:00:00+09:00,1231.3867106633318,1236.752197265625,1223.338438186801,1236.752197265625,195520,0.0,0.0
2004-01-08 00:00:00+09:00,1239.4347847568527,1239.4347847568527,1223.3382423801922,1234.0692138671875,225160,0.0,0.0
2004-01-09 00:00:00+09:00,1220.6555717500369,1226.0210579982113,1199.1934564649882,1212.6072998046875,788320,0.0,0.0
2004-01-12 00:00:00+09:00,1212.6072998046875,1212.6072998046875,1212.6072998046875,1212.6072998046875,0,0.0,0.0
2004-01-13 00:00:00+09:00,1231.3865135685226,1234.0692138671875,1215.2899711918622,1234.0692138671875,387400,0.0,0.0
2004-01-14 00:00:00+09:00,1239.4353323796693,1239.4353323796693,1215.2905081467106,1226.021484375,352560,0.0,0.0
2004-01-15 00:00:00+09:00,1212.607413638763,1220.6556863396477,1209.9246276897404,1217.972900390625,377000,0.0,0.0
2004-01-16 00:00:00+09:00,1209.9249539986442,1223.3388022152021,1207.2422524722979,1215.29052734375,292240,0.0,0.0
2004-01-19 00:00:00+09:00,1212.6074686880017,1217.972955683443,1209.9246826171875,1209.9246826171875,227760,0.0,0.0
2004-01-20 00:00:00+09:00,1209.924521857245,1220.6555795685033,1207.2418212890625,1207.2418212890625,222560,0.0,0.0
2004-01-21 00:00:00+09:00,1207.2417997069165,1226.0210439331775,1196.5107421875,1196.5107421875,642720,0.0,0.0
2004-01-22 00:00:00+09:00,1204.5594482421875,1209.9249363628799,1199.1938749752899,1204.5594482421875,459680,0.0,0.0
2004-01-23 00:00:00+09:00,1209.9249363628799,1215.2905096297775,1204.5594482421875,1204.5594482421875,406120,0.0,0.0
2004-01-26 00:00:00+09:00,1199.1936204481256,1207.2419786402193,1177.7315873744374,1188.462646484375,841880,0.0,0.0
2004-01-27 00:00:00+09:00,1188.4625501412586,1191.1452508416287,1172.3660053543176,1175.0487060546875,401440,0.0,0.0
2004-01-28 00:00:00+09:00,1172.366095591274,1172.366095591274,1145.5384904993925,1148.22119140625,1021280,0.0,0.0
2004-01-29 00:00:00+09:00,1153.5867919921875,1169.683338415472,1137.4902455689032,1153.5867919921875,1227720,0.0,0.0
2004-01-30 00:00:00+09:00,1158.952094282641,1183.0969100675306,1158.952094282641,1167.0003662109375,1331720,0.0,0.0
2004-02-02 00:00:00+09:00,1172.3658688924043,1177.7313548147888,1153.5865404448032,1158.9520263671875,880880,0.0,0.0
2004-02-03 00:00:00+09:00,1169.683059247585,1177.7313305383489,1164.31748828963,1172.3658447265625,374920,0.0,0.0
2004-02-04 00:00:00+09:00,1172.365792043417,1175.0484922556723,1156.2691650390625,1156.2691650390625,319280,0.0,0.0
2004-02-05 00:00:00+09:00,1167.0003662109375,1172.3659375939187,1161.6348799741315,1167.0003662109375,399360,0.0,0.0
2004-02-06 00:00:00+09:00,1167.0007235906523,1167.0007235906523,1132.1248395056616,1150.9041748046875,503880,0.0,0.0
2004-02-09 00:00:00+09:00,1158.9519343789245,1158.9519343789245,1134.8071219253595,1140.172607421875,492440,0.0,0.0
2004-02-10 00:00:00+09:00,1153.5869613177488,1158.95244919767,1150.9041748046875,1150.9041748046875,447720,0.0,0.0
2004-02-11 00:00:00+09:00,1150.9041748046875,1150.9041748046875,1150.9041748046875,1150.9041748046875,0,0.0,0.0
2004-02-12 00:00:00+09:00,1158.9522790845529,1164.317766176918,1150.9040058729106,1153.5867919921875,449800,0.0,0.0
2004-02-13 00:00:00+09:00,1158.9519503974825,1164.3174359681575,1148.2208941099675,1156.2691650390625,201240,0.0,0.0
2004-02-16 00:00:00+09:00,1164.3177374321415,1167.0005234851856,1148.22119140625,1148.22119140625,219960,0.0,0.0
2004-02-17 00:00:00+09:00,1158.9520263671875,1158.9520263671875,1153.5865404448032,1158.9520263671875,153920,0.0,0.0
2004-02-18 00:00:00+09:00,1161.6350652038298,1167.0005522961949,1153.5867919921875,1153.5867919921875,244400,0.0,0.0
2004-02-19 00:00:00+09:00,1161.634811901465,1167.0002978238495,1150.9037549105258,1158.9520263671875,342160,0.0,0.0
2004-02-20 00:00:00+09:00,1172.3658221884425,1172.3658221884425,1161.634765625,1161.634765625,257400,0.0,0.0
2004-02-23 00:00:00+09:00,1175.0490155259276,1185.780076592175,1169.6835275659053,1183.0972900390625,1165840,0.0,0.0
2004-02-24 00:00:00+09:00,1191.145034113862,1193.827819472282,1156.2691650390625,1156.2691650390625,613080,0.0,0.0
2004-02-25 00:00:00+09:00,1153.5869613177488,1156.2696626846086,1148.2213882916265,1150.9041748046875,360880,0.0,0.0
2004-02-26 00:00:00+09:00,1153.5869613177488,1156.2696626846086,1148.2213882916265,1150.9041748046875,443040,0.0,0.0
2004-02-27 00:00:00+09:00,1145.5382689881412,1158.9520263671875,1145.5382689881412,1158.9520263671875,605280,0.0,0.0
2004-03-01 00:00:00+09:00,1172.3660053543176,1185.7797642947085,1161.6349471142967,1175.0487060546875,1113320,0.0,0.0
2004-03-02 00:00:00+09:00,1180.4141160173263,1180.4141160173263,1161.6347879568211,1172.3658447265625,819520,0.0,0.0
2004-03-03 00:00:00+09:00,1172.3658688924043,1172.3658688924043,1158.9520263671875,1158.9520263671875,1034800,0.0,0.0
2004-03-04 00:00:00+09:00,1172.3661033567246,1215.290254758816,1169.6833172859103,1209.9246826171875,1846520,0.0,0.0
2004-03-05 00:00:00+09:00,1207.2422348756363,1207.2422348756363,1199.1938749752899,1204.5594482421875,795600,0.0,0.0
2004-03-08 00:00:00+09:00,1207.2422348756363,1209.9249363628799,1199.1938749752899,1204.5594482421875,894920,0.0,0.0
2004-03-09 00:00:00+09:00,1191.1456002211487,1204.5594482421875,1191.1456002211487,1204.5594482421875,386360,0.0,0.0
2004-03-10 00:00:00+09:00,1207.242093520736,1207.242093520736,1188.4627595778604,1193.8282470703125,532480,0.0,0.0
2004-03-11 00:00:00+09:00,1183.0970542736104,1185.779840292102,1175.0487813643208,1177.7315673828125,679120,0.0,0.0
2004-03-12 00:00:00+09:00,1167.0004622257252,1185.7797933188756,1167.0004622257252,1180.414306640625,497120,0.0,0.0
2004-03-15 00:00:00+09:00,1191.1452799971262,1191.1452799971262,1175.048734816192,1180.414306640625,407680,0.0,0.0
2004-03-16 00:00:00+09:00,1167.0002737686075,1177.7313305383489,1158.9520024778437,1172.3658447265625,681200,0.0,0.0
2004-03-17 00:00:00+09:00,1185.7801121004563,1207.2422348756363,1183.0973254670075,1204.5594482421875,1090440,0.0,0.0
2004-03-18 00:00:00+09:00,1217.972955683443,1220.6557417542572,1204.5591956217463,1209.9246826171875,787280,0.0,0.0
2004-03-19 00:00:00+09:00,1207.2419786402193,1209.9246795580634,1188.462646484375,1188.462646484375,413920,0.0,0.0
2004-03-22 00:00:00+09:00,1199.1934427077233,1207.2417997069165,1193.8279565211021,1196.5107421875,403000,0.0,0.0
2004-03-23 00:00:00+09:00,1199.1935568516817,1201.8763427734375,1191.1452842325966,1201.8763427734375,404040,0.0,0.0
2004-03-24 00:00:00+09:00,1204.5590140405188,1204.5590140405188,1191.1451708547045,1196.5107421875,358800,0.0,0.0
2004-03-25 00:00:00+09:00,1207.2419268869012,1217.972900390625,1204.5591409378783,1217.972900390625,852280,0.0,0.0
2004-03-26 00:00:00+09:00,1234.0697865044388,1239.4353598838554,1226.0215115815208,1231.3870849609375,886600,0.0,0.0
2004-03-29 00:00:00+09:00,1239.435199541249,1255.531747304715,1239.435199541249,1250.166259765625,757120,0.0,0.0
2004-03-30 00:00:00+09:00,1263.5800211864482,1268.9455087255383,1244.800687080339,1250.166259765625,1652040,0.0,0.0
2004-03-31 00:00:00+09:00,1252.8489609620722,1258.2145336473582,1242.117985883892,1250.166259765625,722800,0.0,0.0
2004-04-01 00:00:00+09:00,1263.5799666037294,1287.7247872059477,1258.2144792964118,1279.676513671875,1278160,0.0,0.0
2004-04-02 00:00:00+09:00,1285.0416791885348,1287.7243794195613,1274.3106228259333,1276.993408203125,711880,0.0,0.0
2004-04-05 00:00:00+09:00,1290.4074033325328,1290.4074033325328,1279.6763449862622,1282.359130859375,512720,0.0,0.0
2004-04-06 00:00:00+09:00,1279.6763449862622,1290.4074033325328,1276.9936442593303,1282.359130859375,576680,0.0,0.0
2004-04-07 00:00:00+09:00,1282.359130859375,1285.041916732488,1279.6763449862622,1282.359130859375,250640,0.0,0.0
2004-04-08 00:00:00+09:00,1285.0422448884867,1306.50428191552,1282.3594583302815,1301.1387939453125,1093040,0.0,0.0
2004-04-09 00:00:00+09:00,1301.1387939453125,1303.821495357315,1287.7249463004891,1301.1387939453125,637000,0.0,0.0
2004-04-12 00:00:00+09:00,1303.8211669921875,1306.5039528747377,1293.0901937543497,1303.8211669921875,468520,0.0,0.0
2004-04-13 00:00:00+09:00,1298.4559418007539,1303.821429499945,1290.4076676788675,1293.0904541015625,544440,0.0,0.0
2004-04-14 00:00:00+09:00,1298.4560073871073,1301.1387939453125,1290.4077328586943,1301.1387939453125,593840,0.0,0.0
2004-04-15 00:00:00+09:00,1295.772650404971,1298.4554357821628,1274.3106228259333,1276.993408203125,617240,0.0,0.0
2004-04-16 00:00:00+09:00,1285.0416259765625,1295.7725967486426,1282.3588407104617,1285.0416259765625,652080,0.0,0.0
2004-04-19 00:00:00+09:00,1298.4558664281383,1298.4558664281383,1287.7248065064725,1290.4075927734375,686920,0.0,0.0
2004-04-20 00:00:00+09:00,1295.7730046308816,1295.7730046308816,1279.6764582597434,1287.7247314453125,612040,0.0,0.0
2004-04-21 00:00:00+09:00,1287.7243794195613,1287.7243794195613,1266.2623518405233,1276.993408203125,837720,0.0,0.0
2004-04-22 00:00:00+09:00,1276.9935474388071,1279.676247962339,1263.579704236449,1268.9451904296875,808080,0.0,0.0
2004-04-23 00:00:00+09:00,1274.3110263645572,1282.3592998986298,1271.628240137802,1279.676513671875,936000,0.0,0.0
2004-04-26 00:00:00+09:00,1271.1748945006768,1281.9704548291736,1260.3793341721798,1276.5726318359375,488800,10.961538,0.0
2004-04-27 00:00:00+09:00,1273.874267578125,1279.2720068692247,1268.4764426290187,1273.874267578125,301600,0.0,0.0
2004-04-28 00:00:00+09:00,1271.1751998094185,1287.3685013624563,1271.1751998094185,1279.2718505859375,419640,0.0,0.0
2004-04-29 00:00:00+09:00,1279.2718505859375,1279.2718505859375,1279.2718505859375,1279.2718505859375,0,0.0,0.0
2004-04-30 00:00:00+09:00,1276.5727868187,1279.2716986429805,1260.3794871889893,1271.175048828125,378560,0.0,0.0
2004-05-03 00:00:00+09:00,1271.175048828125,1271.175048828125,1271.175048828125,1271.175048828125,0,0.0,0.0
2004-05-04 00:00:00+09:00,1271.175048828125,1271.175048828125,1271.175048828125,1271.175048828125,0,0.0,0.0
2004-05-05 00:00:00+09:00,1271.175048828125,1271.175048828125,1271.175048828125,1271.175048828125,0,0.0,0.0
2004-05-06 00:00:00+09:00,1257.6804475016463,1271.1748330160851,1246.8848876953125,1246.8848876953125,406640,0.0,0.0
2004-05-07 00:00:00+09:00,1252.2826247694936,1257.6804475016463,1246.8848876953125,1246.8848876953125,438880,0.0,0.0
2004-05-10 00:00:00+09:00,1252.2827136011733,1252.2827136011733,1187.509521484375,1187.509521484375,615680,0.0,0.0
2004-05-11 00:00:00+09:00,1192.907587352344,1219.8964533837818,1182.1120238081687,1206.4019775390625,632320,0.0,0.0
2004-05-12 00:00:00+09:00,1246.885037238481,1246.885037238481,1190.2084057012853,1217.197265625,473720,0.0,0.0
2004-05-13 00:00:00+09:00,1219.8960236080306,1227.9926719991702,1203.7027268257514,1209.1004638671875,343720,0.0,0.0
2004-05-14 00:00:00+09:00,1195.6062290808175,1238.7883878271646,1195.6062290808175,1217.197265625,652080,0.0,0.0
2004-05-17 00:00:00+09:00,1217.1969492715134,1222.5947712481338,1163.2192434530673,1168.6170654296875,446680,0.0,0.0
2004-05-18 00:00:00+09:00,1176.7137451171875,1190.2081291141546,1165.9181865248368,1176.7137451171875,579800,0.0,0.0
2004-05-19 00:00:00+09:00,1198.3049047948004,1198.3049047948004,1184.8105193546971,1195.6060791015625,173160,0.0,0.0
2004-05-20 00:00:00+09:00,1211.7998296450435,1249.5842600782707,1198.3053534940325,1238.7886962890625,760760,0.0,0.0
2004-05-21 00:00:00+09:00,1241.4870649631598,1249.5837990613888,1225.2937680826449,1246.8848876953125,388960,0.0,0.0
2004-05-24 00:00:00+09:00,1233.390565846236,1241.4872152667335,1233.390565846236,1236.0894775390625,190320,0.0,0.0
2004-05-25 00:00:00+09:00,1238.788448644534,1238.788448644534,1225.293975191185,1233.390625,238160,0.0,0.0
2004-05-26 00:00:00+09:00,1249.5839493578385,1276.5727236328498,1246.8850376671446,1268.47607421875,464360,0.0,0.0
2004-05-27 00:00:00+09:00,1263.0781568776888,1268.4758938335026,1254.9815086149833,1257.680419921875,265200,0.0,0.0
2004-05-28 00:00:00+09:00,1265.7771612681308,1290.0671078424973,1257.6805124100088,1281.970458984375,520520,0.0,0.0
2004-05-31 00:00:00+09:00,1265.777310372521,1271.1750483611129,1249.5840107487595,1252.2828369140625,209560,0.0,0.0
2004-06-01 00:00:00+09:00,1265.7776158124723,1273.874267578125,1263.078703337919,1273.874267578125,242320,0.0,0.0
2004-06-02 00:00:00+09:00,1287.3682847376433,1287.3682847376433,1268.47607421875,1268.47607421875,313560,0.0,0.0
2004-06-03 00:00:00+09:00,1281.9705219558111,1284.66943359375,1268.4760494240975,1284.66943359375,473720,0.0,0.0
2004-06-04 00:00:00+09:00,1271.1751998094185,1284.6696748756142,1271.1751998094185,1279.2718505859375,267800,0.0,0.0
2004-06-07 00:00:00+09:00,1281.9700679296107,1292.765625,1279.2711572475257,1292.765625,351000,0.0,0.0
2004-06-08 00:00:00+09:00,1284.6693704897411,1290.0671078424973,1281.970458984375,1281.970458984375,264160,0.0,0.0
2004-06-09 00:00:00+09:00,1290.0671712116473,1292.7660828495862,1284.66943359375,1284.66943359375,174200,0.0,0.0
2004-06-10 00:00:00+09:00,1287.3685013624563,1287.3685013624563,1273.874111954257,1279.2718505859375,786240,0.0,0.0
2004-06-11 00:00:00+09:00,1292.7660193478632,1292.7660193478632,1271.174898620887,1281.970458984375,777400,0.0,0.0
2004-06-14 00:00:00+09:00,1284.6695227496875,1298.1639105599304,1276.5727872739587,1290.0672607421875,576160,0.0,0.0
2004-06-15 00:00:00+09:00,1292.7660828495862,1298.1638204674834,1284.66943359375,1284.66943359375,299000,0.0,0.0
2004-06-16 00:00:00+09:00,1284.6697603515631,1303.5618896484375,1281.9708480271518,1303.5618896484375,659880,0.0,0.0
2004-06-17 00:00:00+09:00,1303.561863722108,1303.561863722108,1295.4652125679086,1300.863037109375,251680,0.0,0.0
2004-06-18 00:00:00+09:00,1303.5618299866132,1306.2607421875,1295.465179041951,1306.2607421875,503880,0.0,0.0
2004-06-21 00:00:00+09:00,1306.2607421875,1319.7552175339358,1303.5618299866132,1306.2607421875,686920,0.0,0.0
2004-06-22 00:00:00+09:00,1330.5505086429914,1387.2271429745765,1330.5505086429914,1379.1304931640625,2975960,0.0,0.0
2004-06-23 00:00:00+09:00,1379.1301006191045,1389.9256591796875,1368.3345420585215,1389.9256591796875,1495000,0.0,0.0
2004-06-24 00:00:00+09:00,1392.6246692205864,1430.4090863633767,1387.2269320536047,1406.119140625,1661920,0.0,0.0
2004-06-25 00:00:00+09:00,1408.8179620310302,1408.8179620310302,1384.528016367627,1400.7213134765625,760240,0.0,0.0
2004-06-28 00:00:00+09:00,1376.4308082941297,1414.2152099609375,1376.4308082941297,1414.2152099609375,1861080,0.0,0.0
2004-06-29 00:00:00+09:00,1379.1301587931478,1398.022365656583,1371.0335109456705,1387.226806640625,990600,0.0,0.0
2004-06-30 00:00:00+09:00,1376.431760703674,1395.323974609375,1371.0340220126154,1395.323974609375,675480,0.0,0.0
2004-07-01 00:00:00+09:00,1416.9144655652635,1454.698878724219,1416.9144655652635,1430.408935546875,1283360,0.0,0.0
2004-07-02 00:00:00+09:00,1416.9147071504499,1416.9147071504499,1395.3236714197305,1398.0225830078125,528320,0.0,0.0
2004-07-05 00:00:00+09:00,1389.9262693069998,1392.6250958883616,1362.9374038873882,1365.63623046875,627120,0.0,0.0
2004-07-06 00:00:00+09:00,1368.334777287858,1381.8291635649248,1352.1414794921875,1352.1414794921875,633880,0.0,0.0
2004-07-07 00:00:00+09:00,1352.1413613402065,1398.02242485744,1325.1525054864203,1384.5279541015625,1468480,0.0,0.0
2004-07-08 00:00:00+09:00,1387.2269277717737,1408.8179620310302,1376.4313678131593,1400.7213134765625,881920,0.0,0.0
2004-07-09 00:00:00+09:00,1416.9144449024395,1489.7843590297755,1414.2156194718452,1460.0966796875,3091920,0.0,0.0
2004-07-12 00:00:00+09:00,1470.8924560546875,1481.6881026352041,1460.0969807901315,1470.8924560546875,1059240,0.0,0.0
2004-07-13 00:00:00+09:00,1470.8921527258024,1473.5910638143594,1457.397768598943,1460.0966796875,561600,0.0,0.0
2004-07-14 00:00:00+09:00,1462.7956395450506,1462.7956395450506,1414.2156666212031,1419.6134033203125,779480,0.0,0.0
2004-07-15 00:00:00+09:00,1416.9146149589633,1419.6135263714405,1403.4202292125226,1406.119140625,724360,0.0,0.0
2004-07-16 00:00:00+09:00,1419.6133766931787,1438.5055832726564,1408.8178178394821,1430.408935546875,958360,0.0,0.0
2004-07-19 00:00:00+09:00,1430.408935546875,1430.408935546875,1430.408935546875,1430.408935546875,0,0.0,0.0
2004-07-20 00:00:00+09:00,1438.506044062243,1446.6027800395761,1430.4093937429016,1441.2049560546875,628160,0.0,0.0
2004-07-21 00:00:00+09:00,1443.9034694881504,1446.6023807356175,1425.0112620718169,1433.10791015625,491920,0.0,0.0
2004-07-22 00:00:00+09:00,1433.1078466747902,1435.8066721447412,1414.2156400953124,1430.408935546875,351520,0.0,0.0
2004-07-23 00:00:00+09:00,1425.011474609375,1427.7103006013988,1411.5170020173346,1425.011474609375,296400,0.0,0.0
2004-07-26 00:00:00+09:00,1416.9146149589633,1425.011349196395,1406.119140625,1406.119140625,200200,0.0,0.0
2004-07-27 00:00:00+09:00,1403.4202541141058,1403.4202541141058,1362.9370104984969,1376.431396484375,732680,0.0,0.0
2004-07-28 00:00:00+09:00,1398.0224564766843,1408.8179305359863,1392.6246337890625,1392.6246337890625,384800,0.0,0.0
2004-07-29 00:00:00+09:00,1395.3235763262414,1400.7213134765625,1371.0336306628383,1400.7213134765625,404560,0.0,0.0
2004-07-30 00:00:00+09:00,1403.4205322265625,1408.8182705589757,1387.2272315713317,1403.4205322265625,422240,0.0,0.0
2004-08-02 00:00:00+09:00,1403.420043136945,1403.420043136945,1376.4311895644682,1389.9256591796875,561080,0.0,0.0
2004-08-03 00:00:00+09:00,1389.9257178091057,1395.323454488102,1368.3345997771899,1387.226806640625,489840,0.0,0.0
2004-08-04 00:00:00+09:00,1371.0338134765625,1381.8292892166735,1354.8405142084116,1371.0338134765625,803400,0.0,0.0
2004-08-05 00:00:00+09:00,1373.7324850240095,1403.4202541141058,1365.6358363008878,1376.431396484375,534560,0.0,0.0
2004-08-06 00:00:00+09:00,1376.4317937681944,1376.4317937681944,1352.1418405879438,1365.63623046875,615680,0.0,0.0
2004-08-09 00:00:00+09:00,1352.141209318763,1362.936767578125,1335.9479147586994,1362.936767578125,332280,0.0,0.0
2004-08-10 00:00:00+09:00,1349.4422983394327,1365.635592899496,1349.4422983394327,1362.936767578125,400920,0.0,0.0
2004-08-11 00:00:00+09:00,1360.23779296875,1365.635529016953,1352.1411460674683,1360.23779296875,594880,0.0,0.0
2004-08-12 00:00:00+09:00,1368.3351427081109,1373.7328815288336,1360.2384916480273,1365.63623046875,327080,0.0,0.0
2004-08-13 00:00:00+09:00,1349.442816493286,1357.5394668822382,1314.3573029218287,1319.755126953125,682240,0.0,0.0
2004-08-16 00:00:00+09:00,1330.5507294554395,1335.948553996906,1287.3685614137091,1300.863037109375,699920,0.0,0.0
2004-08-17 00:00:00+09:00,1314.3574532880812,1319.7552779369041,1300.863062982028,1303.5618896484375,177320,0.0,0.0
2004-08-18 00:00:00+09:00,1317.056305333049,1317.056305333049,1300.8630034437244,1306.2607421875,236600,0.0,0.0
2004-08-19 00:00:00+09:00,1317.0562453021828,1317.0562453021828,1298.1640320730705,1308.9595947265625,494000,0.0,0.0
2004-08-20 00:00:00+09:00,1300.8622713883046,1306.2600070945243,1290.0667143179153,1292.765625,822120,0.0,0.0
2004-08-23 00:00:00+09:00,1303.5616485524301,1303.5616485524301,1281.9706109244446,1290.0672607421875,654160,0.0,0.0
2004-08-24 00:00:00+09:00,1284.6696748756142,1290.0674135072945,1273.874111954257,1279.2718505859375,640120,0.0,0.0
2004-08-25 00:00:00+09:00,1268.4763442819178,1303.5618610988433,1268.4763442819178,1295.4652099609375,1108640,0.0,0.0
2004-08-26 00:00:00+09:00,1303.5617705708194,1314.3573332243113,1300.862944150942,1308.9595947265625,577720,0.0,0.0
2004-08-27 00:00:00+09:00,1311.6584501390073,1327.8518373061768,1311.6584501390073,1317.0562744140625,1259440,0.0,0.0
2004-08-30 00:00:00+09:00,1319.7544748469986,1325.1522105532183,1292.765625,1292.765625,521560,0.0,0.0
2004-08-31 00:00:00+09:00,1300.8631353496367,1300.8631353496367,1271.1753551035717,1273.874267578125,555360,0.0,0.0
2004-09-01 00:00:00+09:00,1287.368497875247,1338.6473145402952,1287.368497875247,1317.0562744140625,1339520,0.0,0.0
2004-09-02 00:00:00+09:00,1330.5502964518096,1352.1414162752337,1325.1525593249396,1349.4425048828125,1409720,0.0,0.0
2004-09-03 00:00:00+09:00,1349.442816493286,1349.442816493286,1314.3573029218287,1319.755126953125,949520,0.0,0.0
2004-09-06 00:00:00+09:00,1325.1528945654263,1333.2495451330283,1325.1528945654263,1327.851806640625,432640,0.0,0.0
2004-09-07 00:00:00+09:00,1330.550202637524,1338.6468505859375,1327.851377093364,1338.6468505859375,325520,0.0,0.0
2004-09-08 00:00:00+09:00,1349.4422931806087,1360.2378513987,1344.0445569005424,1357.5389404296875,1033240,0.0,0.0
2004-09-09 00:00:00+09:00,1357.5391542968703,1360.2380656910702,1335.9481201171875,1335.9481201171875,626080,0.0,0.0
2004-09-10 00:00:00+09:00,1335.9484880607636,1341.3462266778226,1311.6584501390073,1317.0562744140625,750360,0.0,0.0
2004-09-13 00:00:00+09:00,1327.8518373061768,1327.8518373061768,1308.9596236594757,1317.0562744140625,424840,0.0,0.0
2004-09-14 00:00:00+09:00,1303.5618610988433,1314.3574245020511,1287.3685588230314,1295.4652099609375,1280760,0.0,0.0
2004-09-15 00:00:00+09:00,1303.561863722108,1308.9596882635744,1298.1641248386418,1300.863037109375,377000,0.0,0.0
2004-09-16 00:00:00+09:00,1295.464450024135,1306.2600070945243,1284.6689786116954,1292.765625,689000,0.0,0.0
2004-09-17 00:00:00+09:00,1298.163818359375,1308.9593792356188,1290.067169116687,1298.163818359375,466960,0.0,0.0
2004-09-20 00:00:00+09:00,1298.163818359375,1298.163818359375,1298.163818359375,1298.163818359375,0,0.0,0.0
2004-09-21 00:00:00+09:00,1300.8627321054223,1306.2604697233196,1276.5726986799336,1284.66943359375,886080,0.0,0.0
2004-09-22 00:00:00+09:00,1292.7660193478632,1295.4648451952532,1263.0782497627647,1281.970458984375,469040,0.0,0.0
2004-09-23 00:00:00+09:00,1281.970458984375,1281.970458984375,1281.970458984375,1281.970458984375,0,0.0,0.0
2004-09-24 00:00:00+09:00,1284.669831818331,1284.669831818331,1263.078703337919,1273.874267578125,535600,0.0,0.0
2004-09-27 00:00:00+09:00,1281.9705470142374,1287.3682847376433,1263.078336495344,1268.47607421875,497120,0.0,0.0
2004-09-28 00:00:00+09:00,1268.4762876645802,1281.9707627307757,1263.0785490328997,1279.2718505859375,635960,0.0,0.0
2004-09-29 00:00:00+09:00,1287.3682595737087,1295.4649088295448,1281.9705219558111,1284.66943359375,617760,0.0,0.0
2004-09-30 00:00:00+09:00,1295.464906725819,1303.5615559685068,1284.6694315075551,1298.163818359375,660400,0.0,0.0
2004-10-01 00:00:00+09:00,1303.5618299866132,1306.2607421875,1292.7663524990621,1306.2607421875,449280,0.0,0.0
2004-10-04 00:00:00+09:00,1311.6585409636698,1314.3574532880812,1303.5618896484375,1303.5618896484375,461240,0.0,0.0
2004-10-05 00:00:00+09:00,1303.5617993844205,1317.0562744140625,1303.5617993844205,1317.0562744140625,369200,0.0,0.0
2004-10-06 00:00:00+09:00,1311.6578746411385,1325.15234375,1308.9590493457329,1325.15234375,331240,0.0,0.0
2004-10-07 00:00:00+09:00,1330.5506036997333,1330.5506036997333,1314.3573029218287,1319.755126953125,388440,0.0,0.0
2004-10-08 00:00:00+09:00,1319.755126953125,1322.453953310781,1311.6583909061806,1319.755126953125,181480,0.0,0.0
2004-10-11 00:00:00+09:00,1319.755126953125,1319.755126953125,1319.755126953125,1319.755126953125,0,0.0,0.0
2004-10-12 00:00:00+09:00,1311.6585148763074,1317.0563394177739,1300.863037109375,1300.863037109375,219440,0.0,0.0
2004-10-13 00:00:00+09:00,1303.5618610988433,1306.2607733641453,1295.4652099609375,1295.4652099609375,360880,0.0,0.0
2004-10-14 00:00:00+09:00,1292.766325652133,1292.766325652133,1271.1751998094185,1279.2718505859375,581360,0.0,0.0
2004-10-15 00:00:00+09:00,1265.7772809010744,1273.8739305244385,1257.68063127771,1263.078369140625,881920,0.0,0.0
2004-10-18 00:00:00+09:00,1257.680810401219,1279.2718505859375,1257.680810401219,1279.2718505859375,287560,0.0,0.0
2004-10-19 00:00:00+09:00,1281.9706109244446,1300.8628223851733,1281.9706109244446,1290.0672607421875,464880,0.0,0.0
2004-10-20 00:00:00+09:00,1276.572938441099,1281.9707627307757,1271.1751998094185,1279.2718505859375,243360,0.0,0.0
2004-10-21 00:00:00+09:00,1271.1753551035717,1279.2720068692247,1263.078703337919,1273.874267578125,325000,0.0,0.0
2004-10-22 00:00:00+09:00,1279.2716990992017,1290.0672607421875,1268.4761374562158,1290.0672607421875,283400,0.0,0.0
2004-10-25 00:00:00+09:00,1273.8738709242373,1276.5726969004338,1257.680572435138,1265.7772216796875,549640,0.0,0.0
2004-10-26 00:00:00+09:00,1253.567213271945,1272.5606689453125,1248.1404624412507,1272.5606689453125,551200,9.615385,0.0
2004-10-27 00:00:00+09:00,1258.9935071902466,1277.9869572697146,1256.280218691041,1267.133544921875,263640,0.0,0.0
2004-10-28 00:00:00+09:00,1272.5602613476833,1291.5537109375,1267.1335122551623,1291.5537109375,559000,0.0,0.0
2004-10-29 00:00:00+09:00,1294.2669765889218,1299.6937255859375,1280.700276330387,1299.6937255859375,301600,0.0,0.0
2004-11-01 00:00:00+09:00,1302.40771484375,1302.40771484375,1291.5543832431226,1302.40771484375,225160,0.0,0.0
2004-11-02 00:00:00+09:00,1299.69404236866,1315.97412109375,1291.5540030061147,1315.97412109375,294320,0.0,0.0
2004-11-03 00:00:00+09:00,1315.97412109375,1315.97412109375,1315.97412109375,1315.97412109375,0,0.0,0.0
2004-11-04 00:00:00+09:00,1318.687574027915,1340.3944057705219,1318.687574027915,1337.6810302734375,695240,0.0,0.0
2004-11-05 00:00:00+09:00,1343.107511945273,1348.5341757342435,1337.680762039286,1345.82080078125,531440,0.0,0.0
2004-11-08 00:00:00+09:00,1343.1074177314106,1348.5340811397214,1332.2540047977786,1340.39404296875,485680,0.0,0.0
2004-11-09 00:00:00+09:00,1343.1074177314106,1343.1074177314106,1326.8273413894678,1340.39404296875,447200,0.0,0.0
2004-11-10 00:00:00+09:00,1345.820538614606,1364.8139873515925,1343.1072503071791,1356.6739501953125,868920,0.0,0.0
2004-11-11 00:00:00+09:00,1356.6742144762075,1359.387589429201,1343.107511945273,1345.82080078125,379600,0.0,0.0
2004-11-12 00:00:00+09:00,1356.674068019452,1356.674068019452,1343.1073669530808,1353.960693359375,301080,0.0,0.0
2004-11-15 00:00:00+09:00,1356.6742022911912,1362.1009521484375,1353.960827362568,1362.1009521484375,291720,0.0,0.0
2004-11-16 00:00:00+09:00,1364.8143310546875,1378.3811204763638,1353.9609167407507,1364.8143310546875,492440,0.0,0.0
2004-11-17 00:00:00+09:00,1353.960693359375,1362.1008173396065,1351.247404816305,1353.960693359375,318240,0.0,0.0
2004-11-18 00:00:00+09:00,1364.8142825181324,1386.5211103740514,1362.100993623906,1381.0943603515625,644280,0.0,0.0
2004-11-19 00:00:00+09:00,1389.2345044494557,1410.9413339488337,1381.094464916445,1394.6612548828125,762840,0.0,0.0
2004-11-22 00:00:00+09:00,1370.2412552115102,1372.954544546659,1334.9677188012836,1348.534423828125,552760,0.0,0.0
2004-11-23 00:00:00+09:00,1348.534423828125,1348.534423828125,1348.534423828125,1348.534423828125,0,0.0,0.0
2004-11-24 00:00:00+09:00,1362.1008173396065,1389.234219472349,1348.534030156228,1353.960693359375,969800,0.0,0.0
2004-11-25 00:00:00+09:00,1381.0944367299344,1405.5146409476033,1378.3811476856556,1400.087890625,1718080,0.0,0.0
2004-11-26 00:00:00+09:00,1394.6615459435775,1394.6615459435775,1362.1013810163477,1372.9547119140625,1184560,0.0,0.0
2004-11-29 00:00:00+09:00,1362.1013810163477,1375.6680876970124,1356.6746294504476,1372.9547119140625,560040,0.0,0.0
2004-11-30 00:00:00+09:00,1359.3876186126615,1389.2343992682777,1359.3876186126615,1381.0943603515625,1207960,0.0,0.0
2004-12-01 00:00:00+09:00,1367.527628171165,1370.2410031241584,1337.680762039286,1345.82080078125,828880,0.0,0.0
2004-12-02 00:00:00+09:00,1345.820655496151,1359.3874426795294,1334.9673290898568,1353.960693359375,1113320,0.0,0.0
2004-12-03 00:00:00+09:00,1359.387589429201,1359.387589429201,1329.540723297322,1345.82080078125,1027000,0.0,0.0
2004-12-06 00:00:00+09:00,1337.6809659511382,1340.39434131775,1321.4008859855264,1326.82763671875,751920,0.0,0.0
2004-12-07 00:00:00+09:00,1348.534423828125,1356.6744640676363,1340.3943835886137,1348.534423828125,819000,0.0,0.0
2004-12-08 00:00:00+09:00,1343.1077812676062,1348.534446144741,1334.967740893387,1337.6810302734375,377520,0.0,0.0
2004-12-09 00:00:00+09:00,1340.39404296875,1340.39404296875,1324.1139666268073,1340.39404296875,614120,0.0,0.0
2004-12-10 00:00:00+09:00,1343.107511945273,1345.82080078125,1334.967473203309,1345.82080078125,546520,0.0,0.0
2004-12-13 00:00:00+09:00,1345.82080078125,1345.82080078125,1337.680762039286,1345.82080078125,255320,0.0,0.0
2004-12-14 00:00:00+09:00,1351.247802734375,1351.247802734375,1343.107762474056,1351.247802734375,359320,0.0,0.0
2004-12-15 00:00:00+09:00,1353.9608036275438,1370.240966796875,1353.9608036275438,1370.240966796875,534560,0.0,0.0
2004-12-16 00:00:00+09:00,1378.3810053230336,1378.3810053230336,1367.5275919158175,1370.240966796875,568880,0.0,0.0
2004-12-17 00:00:00+09:00,1375.6677003181856,1386.521114276694,1370.2410363974404,1383.8077392578125,477360,0.0,0.0
2004-12-20 00:00:00+09:00,1372.954329148635,1389.234407073533,1372.954329148635,1386.5211181640625,587600,0.0,0.0
2004-12-21 00:00:00+09:00,1389.2347215850355,1416.3682196416762,1386.5214320612981,1402.801513671875,746200,0.0,0.0
2004-12-22 00:00:00+09:00,1402.801513671875,1410.9415544771632,1397.374848507362,1402.801513671875,445640,0.0,0.0
2004-12-23 00:00:00+09:00,1402.801513671875,1402.801513671875,1402.801513671875,1402.801513671875,0,0.0,0.0
2004-12-24 00:00:00+09:00,1410.9411383532372,1421.794551598342,1408.2277635127077,1419.0811767578125,585000,0.0,0.0
2004-12-27 00:00:00+09:00,1421.7946456672792,1424.5079345703125,1419.081270647227,1424.5079345703125,158600,0.0,0.0
2004-12-28 00:00:00+09:00,1424.5079345703125,1427.2213095903646,1419.081270647227,1424.5079345703125,248040,0.0,0.0
2004-12-29 00:00:00+09:00,1429.9349399251626,1432.6483154296875,1421.7948995286215,1432.6483154296875,229320,0.0,0.0
2004-12-30 00:00:00+09:00,1435.3616682282252,1443.501708984375,1432.6483787208672,1443.501708984375,218920,0.0,0.0
2004-12-31 00:00:00+09:00,1443.501708984375,1443.501708984375,1443.501708984375,1443.501708984375,0,0.0,0.0
2005-01-03 00:00:00+09:00,1443.501708984375,1443.501708984375,1443.501708984375,1443.501708984375,0,0.0,0.0
2005-01-04 00:00:00+09:00,1440.7880579097607,1446.2147216796875,1432.6480191963622,1446.2147216796875,164320,0.0,0.0
2005-01-05 00:00:00+09:00,1446.2147216796875,1457.0680492195415,1432.6480191963622,1446.2147216796875,575640,0.0,0.0
2005-01-06 00:00:00+09:00,1451.6416661227177,1467.92174573145,1443.5015402013237,1462.4949951171875,504400,0.0,0.0
2005-01-07 00:00:00+09:00,1465.2083740234377,1478.775078358364,1459.7816233958447,1465.2083740234375,1010360,0.0,0.0
2005-01-10 00:00:00+09:00,1465.2083740234377,1465.2083740234377,1465.2083740234377,1465.2083740234375,0,0.0,0.0
2005-01-11 00:00:00+09:00,1465.208240433591,1467.9216154999965,1454.3549124020096,1457.068115234375,594880,0.0,0.0
2005-01-12 00:00:00+09:00,1451.6416015625,1457.068179701366,1448.928226376043,1451.6416015625,356200,0.0,0.0
2005-01-13 00:00:00+09:00,1443.5013874766396,1448.9281375167438,1419.081270647227,1424.5079345703125,525200,0.0,0.0
2005-01-14 00:00:00+09:00,1397.3743119400556,1419.0810503801372,1389.2341881433942,1416.36767578125,847600,0.0,0.0
2005-01-17 00:00:00+09:00,1416.3682196416762,1416.3682196416762,1400.0881380310993,1402.801513671875,423800,0.0,0.0
2005-01-18 00:00:00+09:00,1402.8012944158231,1402.8012944158231,1391.947879666134,1394.6612548828125,370760,0.0,0.0
2005-01-19 00:00:00+09:00,1391.947851258118,1405.5146409476033,1389.2344760968163,1400.087890625,356200,0.0,0.0
2005-01-20 00:00:00+09:00,1397.374630099491,1402.8012944158231,1391.947879666134,1394.6612548828125,364000,0.0,0.0
2005-01-21 00:00:00+09:00,1402.801487665929,1419.0815689746962,1400.0881120754557,1410.9415283203125,767000,0.0,0.0
2005-01-24 00:00:00+09:00,1416.3682110915302,1465.2085417454657,1413.6549215841721,1443.501708984375,1934920,0.0,0.0
2005-01-25 00:00:00+09:00,1446.2149119427852,1465.2083668118203,1443.5015366423438,1459.7816162109375,1083680,0.0,0.0
2005-01-26 00:00:00+09:00,1462.4949951171875,1465.208370424319,1457.068244502925,1462.4949951171875,352560,0.0,0.0
2005-01-27 00:00:00+09:00,1459.7816162109375,1465.2083668118203,1457.0682409104961,1459.7816162109375,411840,0.0,0.0
2005-01-28 00:00:00+09:00,1459.7814903007804,1459.7814903007804,1440.7881231870026,1457.068115234375,339040,0.0,0.0
2005-01-31 00:00:00+09:00,1459.7813413311355,1497.7682439161947,1454.354763986143,1486.9149169921875,693160,0.0,0.0
2005-02-01 00:00:00+09:00,1467.9217493372341,1473.3483277307712,1457.0682480820483,1465.2083740234375,499720,0.0,0.0
2005-02-02 00:00:00+09:00,1486.9157585794528,1486.9157585794528,1465.2089202114482,1473.348876953125,401960,0.0,0.0
2005-02-03 00:00:00+09:00,1465.2083668118203,1465.2083668118203,1457.0682409104961,1459.7816162109375,467480,0.0,0.0
2005-02-04 00:00:00+09:00,1451.6415373356042,1457.068115234375,1440.7881231870026,1457.068115234375,361920,0.0,0.0
2005-02-07 00:00:00+09:00,1457.068115234375,1470.634990566402,1443.5014121363881,1457.068115234375,354120,0.0,0.0
2005-02-08 00:00:00+09:00,1459.7816741248575,1465.208424941036,1448.9283447265625,1448.9283447265625,289120,0.0,0.0
2005-02-09 00:00:00+09:00,1459.7815548878227,1459.7815548878227,1443.5014760031295,1451.6416015625,256880,0.0,0.0
2005-02-10 00:00:00+09:00,1451.6417457852313,1454.355121241266,1438.0749546220904,1440.788330078125,204360,0.0,0.0
2005-02-11 00:00:00+09:00,1440.788330078125,1440.788330078125,1440.788330078125,1440.788330078125,0,0.0,0.0
2005-02-14 00:00:00+09:00,1440.7878604113075,1448.9278980088964,1429.9344482421875,1429.9344482421875,458120,0.0,0.0
2005-02-15 00:00:00+09:00,1429.9346681816348,1440.7880820201276,1429.9346681816348,1438.07470703125,665080,0.0,0.0
2005-02-16 00:00:00+09:00,1438.075043852621,1448.9284602331666,1429.9350030964713,1443.501708984375,489320,0.0,0.0
2005-02-17 00:00:00+09:00,1451.6416661227177,1462.4949951171875,1443.5015402013237,1462.4949951171875,629720,0.0,0.0
2005-02-18 00:00:00+09:00,1462.4949915113789,1465.2083668118203,1448.9282872432266,1459.7816162109375,485160,0.0,0.0
2005-02-21 00:00:00+09:00,1470.635067325803,1481.4883959238712,1459.781566493686,1476.0616455078125,624520,0.0,0.0
2005-02-22 00:00:00+09:00,1478.775008958973,1478.775008958973,1451.6416015625,1451.6416015625,309400,0.0,0.0
2005-02-23 00:00:00+09:00,1448.9283447265625,1451.6417201346517,1435.3615538031474,1448.9283447265625,645320,0.0,0.0
2005-02-24 00:00:00+09:00,1448.9281622691988,1457.068115234375,1443.5014121363881,1457.068115234375,233480,0.0,0.0
2005-02-25 00:00:00+09:00,1459.781436095707,1462.4948110613584,1443.5013585358317,1454.3548583984375,393120,0.0,0.0
2005-02-28 00:00:00+09:00,1462.4955438861828,1473.348876953125,1457.0687912356516,1473.348876953125,561080,0.0,0.0
2005-03-01 00:00:00+09:00,1459.7813881888944,1473.348090337889,1459.7813881888944,1470.6348876953125,247520,0.0,0.0
2005-03-02 00:00:00+09:00,1470.6354351987873,1481.4887665117683,1470.6354351987873,1478.775390625,284440,0.0,0.0
2005-03-03 00:00:00+09:00,1481.4887665117683,1481.4887665117683,1476.0620147382317,1478.775390625,241280,0.0,0.0
2005-03-04 00:00:00+09:00,1438.075043852621,1448.9284602331666,1432.6483787208672,1443.501708984375,2330120,0.0,0.0
2005-03-07 00:00:00+09:00,1440.7882029812224,1443.501492080876,1391.947879666134,1394.6612548828125,3697720,0.0,0.0
2005-03-08 00:00:00+09:00,1402.8012944158231,1408.2279587321552,1391.947879666134,1394.6612548828125,1634360,0.0,0.0
2005-03-09 00:00:00+09:00,1400.087890625,1408.2279299918819,1397.3746015807212,1400.087890625,1047800,0.0,0.0
2005-03-10 00:00:00+09:00,1402.8012657863017,1405.5146409476033,1397.3746015807212,1400.087890625,660400,0.0,0.0
2005-03-11 00:00:00+09:00,1400.087890625,1408.2279299918819,1400.087890625,1400.087890625,936520,0.0,0.0
2005-03-14 00:00:00+09:00,1405.5146409476033,1408.2279299918819,1397.3746015807212,1400.087890625,440440,0.0,0.0
2005-03-15 00:00:00+09:00,1400.0879191991446,1402.8012944158231,1389.2345044494557,1394.6612548828125,602160,0.0,0.0
2005-03-16 00:00:00+09:00,1397.37451171875,1402.801175575354,1397.37451171875,1397.37451171875,732680,0.0,0.0
2005-03-17 00:00:00+09:00,1402.8013950963923,1405.5147705078125,1397.3747303905825,1405.5147705078125,639600,0.0,0.0
2005-03-18 00:00:00+09:00,1408.2279052734375,1408.2279052734375,1402.8012411631107,1408.2279052734375,503360,0.0,0.0
2005-03-21 00:00:00+09:00,1408.2279052734375,1408.2279052734375,1408.2279052734375,1408.2279052734375,0,0.0,0.0
2005-03-22 00:00:00+09:00,1416.36767578125,1424.5077134609062,1413.654387299368,1416.36767578125,1241760,0.0,0.0
2005-03-23 00:00:00+09:00,1421.7949709232273,1421.7949709232273,1402.801513671875,1402.801513671875,1318200,0.0,0.0
2005-03-24 00:00:00+09:00,1410.9412803871114,1413.6546555007856,1405.5146162767849,1408.2279052734375,498160,0.0,0.0
2005-03-25 00:00:00+09:00,1413.654903910786,1413.654903910786,1405.5148632564024,1410.9415283203125,368160,0.0,0.0
2005-03-28 00:00:00+09:00,1416.36767578125,1419.0810503801372,1410.941012700481,1416.36767578125,430040,0.0,0.0
2005-03-29 00:00:00+09:00,1421.794551598342,1424.5078403218583,1416.367801917283,1419.0811767578125,928720,0.0,0.0
2005-03-30 00:00:00+09:00,1421.7946947247865,1424.5079837214391,1405.5146162767849,1408.2279052734375,1005680,0.0,0.0
2005-03-31 00:00:00+09:00,1410.9412879577044,1416.3679520971486,1405.5146238182601,1413.6546630859375,598000,0.0,0.0
2005-04-01 00:00:00+09:00,1413.654903910786,1419.0815689746962,1408.2281527298392,1410.9415283203125,759720,0.0,0.0
2005-04-04 00:00:00+09:00,1413.6546630859375,1419.0813272253818,1410.9412879577044,1413.6546630859375,459160,0.0,0.0
2005-04-05 00:00:00+09:00,1416.3681933842229,1421.7949445651695,1410.9415283203125,1410.9415283203125,619320,0.0,0.0
2005-04-06 00:00:00+09:00,1419.0810360730673,1429.9344482421875,1419.0810360730673,1429.9344482421875,800800,0.0,0.0
2005-04-07 00:00:00+09:00,1435.3613320423724,1440.7880820201276,1432.6480431705124,1438.07470703125,659880,0.0,0.0
2005-04-08 00:00:00+09:00,1435.3616048171784,1438.0749803217034,1429.9349399251626,1432.6483154296875,864760,0.0,0.0
2005-04-11 00:00:00+09:00,1432.6479648434467,1432.6479648434467,1419.0811767578125,1419.0811767578125,435240,0.0,0.0
2005-04-12 00:00:00+09:00,1419.0811767578125,1424.5078403218583,1419.0811767578125,1419.0811767578125,315120,0.0,0.0
2005-04-13 00:00:00+09:00,1427.221269309419,1448.928096623159,1427.221269309419,1446.2147216796875,1225640,0.0,0.0
2005-04-14 00:00:00+09:00,1443.5016452137195,1443.5016452137195,1429.9349399251626,1432.6483154296875,490880,0.0,0.0
2005-04-15 00:00:00+09:00,1438.0746829662892,1451.6414715666306,1429.9346442528906,1446.2147216796875,2093000,0.0,0.0
2005-04-18 00:00:00+09:00,1446.2146709476197,1446.2146709476197,1419.0811808157741,1421.7945556640625,1322360,0.0,0.0
2005-04-19 00:00:00+09:00,1427.22160962908,1432.6483608100266,1410.9415283203125,1410.9415283203125,858000,0.0,0.0
2005-04-20 00:00:00+09:00,1424.5079345703125,1427.2213095903646,1419.081270647227,1424.5079345703125,635440,0.0,0.0
2005-04-21 00:00:00+09:00,1419.0811767578125,1419.0811767578125,1402.8010999486617,1419.0811767578125,864760,0.0,0.0
2005-04-22 00:00:00+09:00,1419.0813272253818,1421.7947023536149,1413.6546630859375,1413.6546630859375,952120,0.0,0.0
2005-04-25 00:00:00+09:00,1412.2864990234375,1417.7605312363455,1409.549569784322,1412.2864990234375,723840,17.307692,0.0
2005-04-26 00:00:00+09:00,1409.54931640625,1415.0232607678329,1404.075285177344,1409.54931640625,393120,0.0,0.0
2005-04-27 00:00:00+09:00,1404.0750211342117,1417.760009765625,1404.0750211342117,1417.760009765625,372840,0.0,0.0
2005-04-28 00:00:00+09:00,1401.338269562891,1409.54931640625,1401.338269562891,1409.54931640625,298480,0.0,0.0
2005-04-29 00:00:00+09:00,1409.54931640625,1409.54931640625,1409.54931640625,1409.54931640625,0,0.0,0.0
2005-05-02 00:00:00+09:00,1398.60102867548,1398.60102867548,1393.1269986682698,1395.864013671875,474760,0.0,0.0
2005-05-03 00:00:00+09:00,1395.864013671875,1395.864013671875,1395.864013671875,1395.864013671875,0,0.0,0.0
2005-05-04 00:00:00+09:00,1395.864013671875,1395.864013671875,1395.864013671875,1395.864013671875,0,0.0,0.0
2005-05-05 00:00:00+09:00,1395.864013671875,1395.864013671875,1395.864013671875,1395.864013671875,0,0.0,0.0
2005-05-06 00:00:00+09:00,1395.864325201308,1412.28624515338,1395.864325201308,1409.54931640625,513760,0.0,0.0
2005-05-09 00:00:00+09:00,1406.81201171875,1409.5490267707985,1401.3379816146528,1406.81201171875,464880,0.0,0.0
2005-05-10 00:00:00+09:00,1409.5490018225962,1409.5490018225962,1395.864013671875,1395.864013671875,641160,0.0,0.0
2005-05-11 00:00:00+09:00,1398.6015922258446,1412.2864990234375,1395.8645761193904,1412.2864990234375,499200,0.0,0.0
2005-05-12 00:00:00+09:00,1415.0233711790017,1417.7603870070182,1401.33837890625,1401.33837890625,534560,0.0,0.0
2005-05-13 00:00:00+09:00,1412.2864690067343,1415.0234850550157,1398.6015625,1398.6015625,510120,0.0,0.0
2005-05-16 00:00:00+09:00,1409.5490267707985,1412.285954955542,1404.0749966667013,1406.81201171875,349960,0.0,0.0
2005-05-17 00:00:00+09:00,1412.285954955542,1412.285954955542,1404.0749966667013,1406.81201171875,338000,0.0,0.0
2005-05-18 00:00:00+09:00,1404.0749718153863,1406.8119868189913,1395.864013671875,1395.864013671875,590200,0.0,0.0
2005-05-19 00:00:00+09:00,1401.33837890625,1404.0753947342664,1395.8644341175473,1401.33837890625,339040,0.0,0.0
2005-05-20 00:00:00+09:00,1398.6015625,1401.3384916809448,1395.8645464517185,1398.6015625,305760,0.0,0.0
2005-05-23 00:00:00+09:00,1395.8639680391282,1398.6009829532563,1393.126953125,1393.126953125,208000,0.0,0.0
2005-05-24 00:00:00+09:00,1395.8645464517185,1406.812523777508,1395.8645464517185,1398.6015625,348400,0.0,0.0
2005-05-25 00:00:00+09:00,1401.3379568117812,1401.3379568117812,1393.1269986682698,1395.864013671875,277680,0.0,0.0
2005-05-26 00:00:00+09:00,1395.8645464517185,1398.6015625,1393.127530403437,1398.6015625,222040,0.0,0.0
2005-05-27 00:00:00+09:00,1398.6010081124496,1404.074951171875,1395.8639931490857,1404.074951171875,216840,0.0,0.0
2005-05-30 00:00:00+09:00,1398.601340815761,1409.54931640625,1398.601340815761,1409.54931640625,216840,0.0,0.0
2005-05-31 00:00:00+09:00,1406.8122337744903,1415.023193359375,1406.8122337744903,1415.023193359375,383240,0.0,0.0
2005-06-01 00:00:00+09:00,1417.759988954229,1428.7078754578868,1412.2859588350946,1425.970947265625,646880,0.0,0.0
2005-06-02 00:00:00+09:00,1428.7081651054518,1431.4451807199048,1406.812300791797,1409.54931640625,527280,0.0,0.0
2005-06-03 00:00:00+09:00,1409.54931640625,1412.28624515338,1406.812300791797,1409.54931640625,283920,0.0,0.0
2005-06-06 00:00:00+09:00,1409.54931640625,1409.54931640625,1401.338269562891,1409.54931640625,282360,0.0,0.0
2005-06-07 00:00:00+09:00,1406.8124105622826,1409.549426390299,1395.8644341175473,1401.33837890625,548600,0.0,0.0
2005-06-08 00:00:00+09:00,1420.4968513548522,1436.918767217048,1417.759923289354,1431.44482421875,1892800,0.0,0.0
2005-06-09 00:00:00+09:00,1439.65576171875,1447.8667195333207,1436.918746824793,1439.65576171875,2275520,0.0,0.0
2005-06-10 00:00:00+09:00,1456.0782142872472,1464.2892619970014,1447.8672534448253,1461.55224609375,1376960,0.0,0.0
2005-06-13 00:00:00+09:00,1458.8147384145336,1458.8147384145336,1439.6558072850391,1442.392822265625,378560,0.0,0.0
2005-06-14 00:00:00+09:00,1447.867209136239,1458.815185546875,1442.3932643645858,1458.815185546875,721240,0.0,0.0
2005-06-15 00:00:00+09:00,1450.604248046875,1453.341263909935,1445.1303031880857,1450.604248046875,327600,0.0,0.0
2005-06-16 00:00:00+09:00,1453.3411865234375,1456.0781153734324,1447.8671550887948,1453.3411865234375,419640,0.0,0.0
2005-06-17 00:00:00+09:00,1450.6037344272777,1453.3407493212349,1428.707789010222,1439.65576171875,889720,0.0,0.0
2005-06-20 00:00:00+09:00,1447.8672534448253,1461.55224609375,1442.3933085056549,1461.55224609375,636480,0.0,0.0
2005-06-21 00:00:00+09:00,1461.55224609375,1461.55224609375,1453.3412852513281,1461.55224609375,302640,0.0,0.0
2005-06-22 00:00:00+09:00,1472.499727862225,1497.1326904296875,1472.499727862225,1497.1326904296875,1884480,0.0,0.0
2005-06-23 00:00:00+09:00,1494.3954679573876,1516.2914123424016,1488.921438427486,1510.8173828125,1714960,0.0,0.0
2005-06-24 00:00:00+09:00,1513.5545588008806,1557.346278500999,1508.0805286878867,1543.661376953125,2544880,0.0,0.0
2005-06-27 00:00:00+09:00,1532.7134904617483,1543.6613769531252,1529.9764754052512,1543.661376953125,740480,0.0,0.0
2005-06-28 00:00:00+09:00,1535.4510942456304,1543.6619688287492,1532.7140781396984,1538.1881103515625,646360,0.0,0.0
2005-06-29 00:00:00+09:00,1543.6617746142715,1560.0836954490767,1540.9247588526948,1557.3466796875,749320,0.0,0.0
2005-06-30 00:00:00+09:00,1549.135806137425,1557.3466796875,1540.9247588526948,1557.3466796875,518440,0.0,0.0
2005-07-01 00:00:00+09:00,1560.0836954490767,1560.0836954490767,1551.8728218990018,1557.3466796875,516360,0.0,0.0
2005-07-04 00:00:00+09:00,1549.135831667882,1557.3467053532759,1549.135831667882,1554.60986328125,192920,0.0,0.0
2005-07-05 00:00:00+09:00,1546.3988501808392,1549.1358660482667,1529.9769287109375,1529.9769287109375,521560,0.0,0.0
2005-07-06 00:00:00+09:00,1529.9769287109375,1538.1879763132195,1521.7658811086553,1529.9769287109375,432120,0.0,0.0
2005-07-07 00:00:00+09:00,1529.97659157389,1529.97659157389,1505.3436279296875,1505.3436279296875,924040,0.0,0.0
2005-07-08 00:00:00+09:00,1505.3438976841892,1513.5549449485338,1499.8700399092809,1502.6070556640625,1286480,0.0,0.0
2005-07-11 00:00:00+09:00,1499.8694974872892,1519.0284271073524,1494.3954679573876,1510.8173828125,914160,0.0,0.0
2005-07-12 00:00:00+09:00,1519.0291159506799,1527.239990234375,1516.2920999445578,1527.239990234375,739960,0.0,0.0
2005-07-13 00:00:00+09:00,1529.9766055007435,1529.9766055007435,1510.817672210772,1513.5546875,459160,0.0,0.0
2005-07-14 00:00:00+09:00,1519.0286411271381,1519.0286411271381,1513.5546108259866,1516.2916259765625,368160,0.0,0.0
2005-07-15 00:00:00+09:00,1513.5546875,1516.2917027892283,1508.0806569215438,1513.5546875,427440,0.0,0.0
2005-07-18 00:00:00+09:00,1513.5546875,1513.5546875,1513.5546875,1513.5546875,0,0.0,0.0
2005-07-19 00:00:00+09:00,1519.0287180784564,1524.5025749222873,1513.5546875,1513.5546875,636480,0.0,0.0
2005-07-20 00:00:00+09:00,1527.2400233418473,1529.9770394073023,1521.7659912109375,1521.7659912109375,420160,0.0,0.0
2005-07-21 00:00:00+09:00,1521.7655457809478,1527.2395763095758,1505.3436279296875,1505.3436279296875,413400,0.0,0.0
2005-07-22 00:00:00+09:00,1508.080991140241,1508.080991140241,1488.9220536042938,1499.8701171875,418080,0.0,0.0
2005-07-25 00:00:00+09:00,1497.1327558713692,1508.0806431940016,1491.6587253427413,1505.3436279296875,481000,0.0,0.0
2005-07-26 00:00:00+09:00,1494.3960422598739,1497.133058076671,1475.237105276953,1477.97412109375,562640,0.0,0.0
2005-07-27 00:00:00+09:00,1502.6072484438005,1538.1881103515625,1499.8702323378684,1538.1881103515625,1530360,0.0,0.0
2005-07-28 00:00:00+09:00,1524.5025749222873,1524.5025749222873,1510.817672210772,1513.5546875,635960,0.0,0.0
2005-07-29 00:00:00+09:00,1513.5545966561538,1516.2916117811058,1505.343551281298,1508.08056640625,438360,0.0,0.0
2005-08-01 00:00:00+09:00,1508.0806569215438,1519.0287180784564,1499.8697847884848,1513.5546875,435240,0.0,0.0
2005-08-02 00:00:00+09:00,1516.291622707799,1516.291622707799,1491.6586601403367,1497.1326904296875,775840,0.0,0.0
2005-08-03 00:00:00+09:00,1497.133011825993,1497.133011825993,1491.658980361507,1494.39599609375,367120,0.0,0.0
2005-08-04 00:00:00+09:00,1497.1331223308086,1497.1331223308086,1486.18505859375,1486.18505859375,490360,0.0,0.0
2005-08-05 00:00:00+09:00,1488.9220745280145,1491.6590904622792,1480.7112004598869,1486.18505859375,325000,0.0,0.0
2005-08-08 00:00:00+09:00,1477.973642825763,1477.973642825763,1453.3407690477038,1467.0257568359375,748280,0.0,0.0
2005-08-09 00:00:00+09:00,1483.4481955473545,1510.8180070360424,1477.9741637557513,1499.8701171875,932880,0.0,0.0
2005-08-10 00:00:00+09:00,1502.6067863999974,1508.0806431940016,1499.8697711356833,1505.3436279296875,337480,0.0,0.0
2005-08-11 00:00:00+09:00,1513.554932484797,1516.29194821704,1494.39599609375,1494.39599609375,428480,0.0,0.0
2005-08-12 00:00:00+09:00,1505.343551281298,1513.5545966561538,1499.8696947660092,1508.08056640625,375440,0.0,0.0
2005-08-15 00:00:00+09:00,1502.6067207190383,1505.3435621290973,1491.6586601403367,1497.1326904296875,265720,0.0,0.0
2005-08-16 00:00:00+09:00,1497.1326904296875,1502.6067207190383,1488.9216449956612,1497.1326904296875,204360,0.0,0.0
2005-08-17 00:00:00+09:00,1491.6589926449362,1516.2919607033155,1491.6589926449362,1502.6070556640625,521040,0.0,0.0
2005-08-18 00:00:00+09:00,1502.6065122522398,1513.5543975774508,1499.8694974872892,1510.8173828125,407680,0.0,0.0
2005-08-19 00:00:00+09:00,1519.0290389758902,1532.7139445783648,1513.5550072410356,1529.9769287109375,837720,0.0,0.0
2005-08-22 00:00:00+09:00,1543.6617746142715,1565.5577269722303,1540.9247588526948,1557.3466796875,1005680,0.0,0.0
2005-08-23 00:00:00+09:00,1557.346236969619,1568.2942969036433,1554.609395720719,1560.083251953125,893880,0.0,0.0
2005-08-24 00:00:00+09:00,1543.6617555510459,1554.6098184621515,1543.6617555510459,1551.872802734375,410280,0.0,0.0
2005-08-25 00:00:00+09:00,1538.187520574742,1549.135407066119,1535.450505518245,1543.661376953125,322400,0.0,0.0
2005-08-26 00:00:00+09:00,1551.8725902764472,1551.8725902764472,1540.9245288641775,1546.3985595703125,206440,0.0,0.0
2005-08-29 00:00:00+09:00,1546.398392009622,1546.398392009622,1535.450505518245,1543.661376953125,229840,0.0,0.0
2005-08-30 00:00:00+09:00,1543.6618205304892,1546.3988363734786,1540.9248046875,1540.9248046875,235040,0.0,0.0
2005-08-31 00:00:00+09:00,1529.97677448102,1540.9246631124608,1524.502743297977,1535.4508056640625,347360,0.0,0.0
2005-09-01 00:00:00+09:00,1554.6095312180707,1573.76846403787,1554.6095312180707,1568.29443359375,1346280,0.0,0.0
2005-09-02 00:00:00+09:00,1565.5577875181684,1565.5577875181684,1516.292023108463,1529.9769287109375,1584960,0.0,0.0
2005-09-05 00:00:00+09:00,1499.8701382650734,1499.8701382650734,1467.0262945232298,1486.18505859375,2654080,0.0,0.0
2005-09-06 00:00:00+09:00,1499.8696947660092,1508.08056640625,1488.9216342662012,1508.08056640625,1200160,0.0,0.0
2005-09-07 00:00:00+09:00,1516.2920388276457,1516.2920388276457,1497.1331012916985,1499.8701171875,506480,0.0,0.0
2005-09-08 00:00:00+09:00,1497.1325992920579,1502.6066292481783,1483.4476981363625,1491.6585693359375,606320,0.0,0.0
2005-09-09 00:00:00+09:00,1494.3955843139977,1497.1325992920579,1486.1845393798171,1491.6585693359375,1015560,0.0,0.0
2005-09-12 00:00:00+09:00,1494.395675285012,1505.3435621290973,1491.6586601403367,1497.1326904296875,564720,0.0,0.0
2005-09-13 00:00:00+09:00,1491.6590904622792,1497.1331223308086,1480.7112004598869,1486.18505859375,693680,0.0,0.0
2005-09-14 00:00:00+09:00,1494.3960422598739,1497.133058076671,1477.97412109375,1477.97412109375,1082640,0.0,0.0
2005-09-15 00:00:00+09:00,1486.1849948094825,1486.1849948094825,1475.237105276953,1477.97412109375,555360,0.0,0.0
2005-09-16 00:00:00+09:00,1480.7107557615539,1483.4477708738173,1464.2888388225874,1469.7626953125,643240,0.0,0.0
2005-09-19 00:00:00+09:00,1469.7626953125,1469.7626953125,1469.7626953125,1469.7626953125,0,0.0,0.0
2005-09-20 00:00:00+09:00,1486.185103124351,1491.6591351568989,1475.2372127939266,1488.922119140625,867360,0.0,0.0
2005-09-21 00:00:00+09:00,1491.6586424759935,1497.1326727005205,1467.0258539348508,1469.7626953125,884000,0.0,0.0
2005-09-22 00:00:00+09:00,1472.4995929770332,1475.2366078709902,1431.4448039041793,1439.65576171875,1619800,0.0,0.0
2005-09-23 00:00:00+09:00,1439.65576171875,1439.65576171875,1439.65576171875,1439.65576171875,0,0.0,0.0
2005-09-26 00:00:00+09:00,1456.0782122799847,1480.711181640625,1453.3412832478384,1480.711181640625,999960,0.0,0.0
2005-09-27 00:00:00+09:00,1480.711116241104,1480.711116241104,1447.8671875,1447.8671875,1002560,0.0,0.0
2005-09-28 00:00:00+09:00,1456.0776971115095,1469.762598032442,1456.0776971115095,1467.0257568359375,535080,0.0,0.0
2005-09-29 00:00:00+09:00,1477.9737406492904,1477.9737406492904,1456.077793485797,1469.7626953125,356460,0.0,0.0
2005-09-30 00:00:00+09:00,1475.2370516600292,1475.2370516600292,1453.3411865234375,1453.3411865234375,382200,0.0,0.0
2005-10-03 00:00:00+09:00,1461.5522322953298,1477.974153825135,1456.078200540507,1472.5001220703125,532480,0.0,0.0
2005-10-04 00:00:00+09:00,1477.9741484338044,1529.9769287109375,1477.9741484338044,1529.9769287109375,1406080,0.0,0.0
2005-10-05 00:00:00+09:00,1540.9248046875,1546.3988363734786,1524.5028833642248,1540.9248046875,953160,0.0,0.0
2005-10-06 00:00:00+09:00,1532.7135431454005,1532.7135431454005,1510.817595675411,1516.2916259765625,466440,0.0,0.0
2005-10-07 00:00:00+09:00,1521.7654825430973,1527.239512844249,1516.2916259765625,1516.2916259765625,227240,0.0,0.0
2005-10-10 00:00:00+09:00,1516.2916259765625,1516.2916259765625,1516.2916259765625,1516.2916259765625,0,0.0,0.0
2005-10-11 00:00:00+09:00,1519.0285889138743,1551.8724221226157,1516.2915738573774,1543.661376953125,591240,0.0,0.0
2005-10-12 00:00:00+09:00,1554.6097410700677,1557.3465829269444,1535.4508056640625,1535.4508056640625,411060,0.0,0.0
2005-10-13 00:00:00+09:00,1527.2398374113582,1529.9768531436011,1488.921964629264,1494.39599609375,923520,0.0,0.0
2005-10-14 00:00:00+09:00,1486.1849621391625,1488.9219778957927,1480.7111043605573,1483.4481201171875,639340,0.0,0.0
2005-10-17 00:00:00+09:00,1488.9219778957927,1497.1330251656834,1480.7111043605573,1483.4481201171875,498680,0.0,0.0
2005-10-18 00:00:00+09:00,1502.6071330833017,1513.5550229318442,1497.1331012916985,1499.8701171875,1003340,0.0,0.0
2005-10-19 00:00:00+09:00,1502.6066292481783,1502.6066292481783,1486.1845393798171,1491.6585693359375,581360,0.0,0.0
2005-10-20 00:00:00+09:00,1499.869614270118,1502.6066292481783,1486.1845393798171,1491.6585693359375,208780,0.0,0.0
2005-10-21 00:00:00+09:00,1491.658993652423,1491.658993652423,1475.237072847297,1483.4481201171875,343460,0.0,0.0
2005-10-24 00:00:00+09:00,1488.9219778957927,1488.9219778957927,1477.9740886039272,1483.4481201171875,183040,0.0,0.0
2005-10-25 00:00:00+09:00,1486.185037708492,1502.6071330833017,1486.185037708492,1499.8701171875,418340,0.0,0.0
2005-10-26 00:00:00+09:00,1498.4927684737927,1498.4927684737927,1490.2291154428988,1495.7381591796875,229320,13.461538,0.0
2005-10-27 00:00:00+09:00,1498.4927346611023,1504.001953125,1487.4744725847245,1504.001953125,537940,0.0,0.0
2005-10-28 00:00:00+09:00,1501.2468867294085,1509.5107119087334,1492.983236401448,1506.756103515625,363480,0.0,0.0
2005-10-31 00:00:00+09:00,1512.265871957201,1545.3208350298019,1512.265871957201,1537.0570068359375,710580,0.0,0.0
2005-11-01 00:00:00+09:00,1564.6026216532655,1578.375491112827,1559.0934039288832,1567.3570556640625,771940,0.0,0.0
2005-11-02 00:00:00+09:00,1570.1117536426132,1575.6209716796875,1561.8481014384058,1575.6209716796875,575900,0.0,0.0
2005-11-03 00:00:00+09:00,1575.6209716796875,1575.6209716796875,1575.6209716796875,1575.6209716796875,0,0.0,0.0
2005-11-04 00:00:00+09:00,1575.620452838025,1589.3933185439907,1572.8658447265625,1572.8658447265625,712400,0.0,0.0
2005-11-07 00:00:00+09:00,1575.621123138547,1586.639385420438,1572.8665138552192,1578.375732421875,583440,0.0,0.0
2005-11-08 00:00:00+09:00,1581.130341705203,1592.1486039870938,1575.621123138547,1578.375732421875,254020,0.0,0.0
2005-11-09 00:00:00+09:00,1578.3752756538172,1581.1298841399855,1567.3568417091442,1570.1114501953125,347880,0.0,0.0
2005-11-10 00:00:00+09:00,1589.3935847864827,1592.148193359375,1583.8845424920735,1592.148193359375,304980,0.0,0.0
2005-11-11 00:00:00+09:00,1592.1481317003827,1603.1663907138734,1583.884481153107,1597.6573486328125,473460,0.0,0.0
2005-11-14 00:00:00+09:00,1600.4123277474132,1633.4672872946362,1586.6392822265625,1586.6392822265625,873600,0.0,0.0
2005-11-15 00:00:00+09:00,1589.3937949965778,1589.3937949965778,1553.584228515625,1553.584228515625,443040,0.0,0.0
2005-11-16 00:00:00+09:00,1561.8480127910743,1597.6575782967705,1561.8480127910743,1567.3570556640625,451620,0.0,0.0
2005-11-17 00:00:00+09:00,1567.3568417091442,1572.8660586814808,1550.829365643505,1570.1114501953125,305500,0.0,0.0
2005-11-18 00:00:00+09:00,1575.620945352983,1608.6759033203125,1572.866336380472,1608.6759033203125,268320,0.0,0.0
2005-11-21 00:00:00+09:00,1608.6758111072647,1611.430419921875,1583.8846814785534,1611.430419921875,415480,0.0,0.0
2005-11-22 00:00:00+09:00,1614.1850166238762,1627.9578857421875,1605.9211902420557,1627.9578857421875,218920,0.0,0.0
2005-11-23 00:00:00+09:00,1627.9578857421875,1627.9578857421875,1627.9578857421875,1627.9578857421875,0,0.0,0.0
2005-11-24 00:00:00+09:00,1625.2033393684883,1647.2400357149977,1622.44873046875,1622.44873046875,379600,0.0,0.0
2005-11-25 00:00:00+09:00,1608.6758234287147,1608.6758234287147,1583.884693610119,1594.9029541015625,441220,0.0,0.0
2005-11-28 00:00:00+09:00,1603.1666057572968,1603.1666057572968,1589.3937364301446,1594.9029541015625,164320,0.0,0.0
2005-11-29 00:00:00+09:00,1600.4122186189843,1622.448740246907,1597.6576097026445,1616.939697265625,155740,0.0,0.0
2005-11-30 00:00:00+09:00,1622.4485164392518,1622.4485164392518,1583.884521484375,1583.884521484375,249340,0.0,0.0
2005-12-01 00:00:00+09:00,1589.3936923658323,1619.6942138671875,1589.3936923658323,1619.6942138671875,301860,0.0,0.0
2005-12-02 00:00:00+09:00,1710.595363523114,1782.214496453577,1705.0863205025082,1724.368408203125,1385020,0.0,0.0
2005-12-05 00:00:00+09:00,1732.6319523984155,1925.4526425606732,1732.6319523984155,1873.1156005859375,1504100,0.0,0.0
2005-12-06 00:00:00+09:00,1873.1155824079885,1886.8886260977204,1851.0790622071897,1853.83349609375,1199380,0.0,0.0
2005-12-07 00:00:00+09:00,1925.452923207817,2043.9000682451162,1917.1892705606876,2030.127197265625,2001220,0.0,0.0
2005-12-08 00:00:00+09:00,1947.4893415117606,1955.7531678214343,1889.64308189821,1919.943603515625,1327300,0.0,0.0
2005-12-09 00:00:00+09:00,1928.2072633710036,1983.2989144545797,1919.943611876731,1944.7347412109375,1802320,0.0,0.0
2005-12-12 00:00:00+09:00,1958.5074773909625,1980.543994480806,1941.9800021478989,1950.24365234375,473980,0.0,0.0
2005-12-13 00:00:00+09:00,1964.0163655513334,1966.770973684853,1944.7342834680428,1947.4888916015625,533780,0.0,0.0
2005-12-14 00:00:00+09:00,1928.2067952812654,1933.7160115076274,1919.943145793069,1922.69775390625,643760,0.0,0.0
2005-12-15 00:00:00+09:00,1914.434275215712,1925.4525348064242,1900.6614070144774,1903.416015625,749320,0.0,0.0
2005-12-16 00:00:00+09:00,1859.3428369847647,1911.6798819254939,1856.5882280639794,1900.66162109375,699400,0.0,0.0
2005-12-19 00:00:00+09:00,1928.2064208984375,1958.5069294088994,1919.9427730147206,1928.2064208984375,561080,0.0,0.0
2005-12-20 00:00:00+09:00,1939.2257832812118,1941.98039218353,1903.4162172538677,1917.1890869140625,482560,0.0,0.0
2005-12-21 00:00:00+09:00,1906.1710102257166,1922.6984903842067,1900.661791889082,1911.6800537109375,689520,0.0,0.0
2005-12-22 00:00:00+09:00,1911.6800537109377,1911.6800537109377,1911.6800537109377,1911.6800537109375,0,0.0,0.0
2005-12-23 00:00:00+09:00,1911.6800537109377,1911.6800537109377,1911.6800537109377,1911.6800537109375,0,0.0,0.0
2005-12-26 00:00:00+09:00,1911.6800537109377,1911.6800537109377,1911.6800537109377,1911.6800537109375,0,0.0,0.0
2005-12-27 00:00:00+09:00,1917.188994745734,1930.9618637438016,1917.188994745734,1919.943603515625,125580,0.0,0.0
2005-12-28 00:00:00+09:00,1914.4335578580342,1928.2064208984375,1906.1699099743175,1928.2064208984375,118560,0.0,0.0
2005-12-29 00:00:00+09:00,1919.9431599690604,1964.0163655513334,1919.9431599690604,1947.4888916015625,254540,0.0,0.0
2005-12-30 00:00:00+09:00,1966.7714366146458,1966.7714366146458,1933.7164809347778,1944.7347412109375,127920,0.0,0.0
2006-01-02 00:00:00+09:00,1944.7347412109375,1944.7347412109375,1944.7347412109375,1944.7347412109375,0,0.0,0.0
2006-01-03 00:00:00+09:00,1944.7347412109375,1944.7347412109375,1944.7347412109375,1944.7347412109375,0,0.0,0.0
2006-01-04 00:00:00+09:00,1972.280528544953,1972.280528544953,1947.4892259385533,1955.7530517578125,137280,0.0,0.0
2006-01-05 00:00:00+09:00,1969.5257359358843,1969.5257359358843,1939.225393798828,1950.24365234375,275600,0.0,0.0
2006-01-06 00:00:00+09:00,2225.701904296875,2225.701904296875,2225.701904296875,2225.701904296875,1645280,0.0,0.0
2006-01-09 00:00:00+09:00,2225.701904296875,2225.701904296875,2225.701904296875,2225.701904296875,0,0.0,0.0
2006-01-10 00:00:00+09:00,2360.6767187150945,2371.6951541834687,2198.1563692191257,2209.1748046875,5213000,0.0,0.0
2006-01-11 00:00:00+09:00,2222.947293554509,2222.947293554509,2098.9911397190585,2121.02783203125,2604160,0.0,0.0
2006-01-12 00:00:00+09:00,2134.801317655846,2162.3470598881677,2087.973311068919,2110.010009765625,2325180,0.0,0.0
2006-01-13 00:00:00+09:00,2101.7463370504697,2107.255380533698,2046.654678258292,2065.936767578125,2012140,0.0,0.0
2006-01-16 00:00:00+09:00,2076.954376074162,2090.7272427269927,2071.4451594724865,2079.708984375,1127620,0.0,0.0
2006-01-17 00:00:00+09:00,2079.7099026279075,2129.2923493810176,2074.20068359375,2074.20068359375,1405560,0.0,0.0
2006-01-18 00:00:00+09:00,2093.481370259275,2093.481370259275,1988.807327974009,2046.653564453125,1164800,0.0,0.0
2006-01-19 00:00:00+09:00,2019.1078240781198,2107.254402253815,2019.1078240781198,2101.745361328125,694720,0.0,0.0
2006-01-20 00:00:00+09:00,2112.764540240762,2123.782801752884,2082.46418994387,2096.237060546875,556920,0.0,0.0
2006-01-23 00:00:00+09:00,2065.936767578125,2090.727900381186,2049.409287425613,2065.936767578125,439400,0.0,0.0
2006-01-24 00:00:00+09:00,2065.9363808796434,2090.727509042343,2057.6725549244898,2087.972900390625,421980,0.0,0.0
2006-01-25 00:00:00+09:00,2087.9725118096635,2098.990944365956,2068.6904296875,2068.6904296875,680940,0.0,0.0
2006-01-26 00:00:00+09:00,2082.4642675333034,2110.010009765625,2076.9550491462733,2110.010009765625,366600,0.0,0.0
2006-01-27 00:00:00+09:00,2121.028044176327,2159.592041015625,2115.518826834407,2159.592041015625,579020,0.0,0.0
2006-01-30 00:00:00+09:00,2192.6474826634403,2236.720703125,2181.629046409495,2236.720703125,944580,0.0,0.0
2006-01-31 00:00:00+09:00,2231.211532361688,2231.211532361688,2209.175009088825,2211.929443359375,456040,0.0,0.0
2006-02-01 00:00:00+09:00,2203.6648395110524,2211.928488458062,2170.6098940203433,2173.364501953125,728000,0.0,0.0
2006-02-02 00:00:00+09:00,2200.911083409879,2200.911083409879,2181.6289952688826,2189.892822265625,450840,0.0,0.0
2006-02-03 00:00:00+09:00,2178.873687935349,2192.646728515625,2167.855430322475,2192.646728515625,504660,0.0,0.0
2006-02-06 00:00:00+09:00,2206.419594244554,2209.1742023606093,2181.628296051404,2192.646728515625,372320,0.0,0.0
2006-02-07 00:00:00+09:00,2198.1564186534383,2220.193115234375,2184.3835488596274,2220.193115234375,418860,0.0,0.0
2006-02-08 00:00:00+09:00,2231.211651000745,2253.2483502967643,2217.438779510015,2222.947998046875,777920,0.0,0.0
2006-02-09 00:00:00+09:00,2222.947724163417,2236.720593957228,2209.174854369606,2220.193115234375,528060,0.0,0.0
2006-02-10 00:00:00+09:00,2220.193010910395,2242.229706455856,2209.1747505633593,2239.47509765625,694460,0.0,0.0
2006-02-13 00:00:00+09:00,2239.474771437256,2242.2293798356054,2217.438079101828,2225.701904296875,557960,0.0,0.0
2006-02-14 00:00:00+09:00,2217.4387983143483,2239.475497797244,2206.4205359986117,2231.211669921875,963300,0.0,0.0
2006-02-15 00:00:00+09:00,2233.96607447727,2236.720683516608,2217.438595092649,2228.45703125,450320,0.0,0.0
2006-02-16 00:00:00+09:00,2225.7024889691775,2225.7024889691775,2209.175009088825,2211.929443359375,344240,0.0,0.0
2006-02-17 00:00:00+09:00,2211.9290372405285,2211.9290372405285,2156.837564321971,2184.38330078125,613080,0.0,0.0
2006-02-20 00:00:00+09:00,2129.2917846548794,2132.046393441387,1986.05352656761,1991.562744140625,1762800,0.0,0.0
2006-02-21 00:00:00+09:00,2010.8449642334256,2054.918183188052,2002.58113732552,2052.16357421875,952120,0.0,0.0
2006-02-22 00:00:00+09:00,2079.7094890603676,2087.973141116872,2052.16357421875,2052.16357421875,432640,0.0,0.0
2006-02-23 00:00:00+09:00,2027.371826171875,2038.3900838442999,1933.716023976546,2027.371826171875,799760,0.0,2.0
2006-02-24 00:00:00+09:00,2043.9001509779143,2060.427631792584,2010.8451893485744,2032.8817138671875,527670,0.0,0.0
2006-02-27 00:00:00+09:00,2027.3730248215509,2032.882069489218,1988.808837890625,1988.808837890625,321880,0.0,0.0
2006-02-28 00:00:00+09:00,1999.8271020774105,2010.845541115647,1966.772134665603,1988.808837890625,594750,0.0,0.0
2006-03-01 00:00:00+09:00,1988.8078092693374,1988.8078092693374,1939.2253837959033,1977.78955078125,552240,0.0,0.0
2006-03-02 00:00:00+09:00,1983.2988763091926,2021.8630488111185,1972.2806162449504,2005.3355712890625,437970,0.0,0.0
2006-03-03 00:00:00+09:00,2021.863451607881,2060.427631792584,2010.8451893485744,2032.8817138671875,781040,0.0,0.0
2006-03-06 00:00:00+09:00,2087.973489710495,2187.1385549042698,2065.936963979816,2176.1201171875,1178450,0.0,0.0
2006-03-07 00:00:00+09:00,2148.574007834958,2203.6656625116034,2132.0465289171048,2187.13818359375,648960,0.0,0.0
2006-03-08 00:00:00+09:00,2165.1012432332036,2176.1195029886944,2038.390469213845,2087.972900390625,787540,0.0,0.0
2006-03-09 00:00:00+09:00,2082.4641605185666,2143.0648602560595,2060.4274629542933,2093.482421875,555750,0.0,0.0
2006-03-10 00:00:00+09:00,2049.409369533278,2071.4458940518907,2027.3726701632445,2032.8817138671875,1295580,0.0,0.0
2006-03-13 00:00:00+09:00,2054.9182859910884,2071.445765782332,2032.8815879856272,2043.9000244140625,567060,0.0,0.0
2006-03-14 00:00:00+09:00,2049.409369533278,2049.409369533278,2027.3726701632445,2032.8817138671875,284180,0.0,0.0
2006-03-15 00:00:00+09:00,2032.8817724966848,2065.9369099307746,2032.8817724966848,2038.3909912109375,491140,0.0,0.0
2006-03-16 00:00:00+09:00,2043.9001509779143,2054.918413237221,2032.8817138671875,2032.8817138671875,276640,0.0,0.0
2006-03-17 00:00:00+09:00,2038.3908507563294,2065.936767578125,2032.8816324216878,2065.936767578125,302640,0.0,0.0
2006-03-20 00:00:00+09:00,2082.463664197756,2137.555307552552,2071.4452306159783,2121.02783203125,500110,0.0,0.0
2006-03-21 00:00:00+09:00,2121.02783203125,2121.02783203125,2121.02783203125,2121.02783203125,0,0.0,0.0
2006-03-22 00:00:00+09:00,2148.5739341656254,2225.702283038667,2137.5556735486457,2209.1748046875,1176890,0.0,0.0
2006-03-23 00:00:00+09:00,2198.1556612722875,2203.664877232154,2148.5732421875,2148.5732421875,347360,0.0,0.0
2006-03-24 00:00:00+09:00,2154.0840298143116,2181.6297800089533,2148.574809834797,2165.102294921875,409240,0.0,0.0
2006-03-27 00:00:00+09:00,2165.1014867528115,2187.13818359375,2165.1014867528115,2187.13818359375,245960,0.0,0.0
2006-03-28 00:00:00+09:00,2181.6287725452166,2203.665467435389,2176.1195551098276,2198.15625,224510,0.0,0.0
2006-03-29 00:00:00+09:00,2209.174854369606,2225.702333092459,2203.6656365115223,2220.193115234375,435630,0.0,0.0
2006-03-30 00:00:00+09:00,2231.211350546436,2280.7939609985538,2231.211350546436,2253.248046875,869960,0.0,0.0
2006-03-31 00:00:00+09:00,2264.266591556607,2286.303114095487,2258.7573734961848,2269.775634765625,432250,0.0,0.0
2006-04-03 00:00:00+09:00,2275.284474935527,2308.3394281053215,2275.284474935527,2286.302734375,692640,0.0,0.0
2006-04-04 00:00:00+09:00,2291.8123321559096,2302.83059342535,2269.775634765625,2269.775634765625,395980,0.0,0.0
2006-04-05 00:00:00+09:00,2291.8122059753064,2291.8122059753064,2275.2847275553995,2280.7939453125,327340,0.0,0.0
2006-04-06 00:00:00+09:00,2302.8306845369602,2330.376601077523,2297.321641109977,2313.84912109375,647790,0.0,0.0
2006-04-07 00:00:00+09:00,2335.885122602333,2368.940072710167,2330.375905967241,2352.41259765625,806390,0.0,0.0
2006-04-10 00:00:00+09:00,2379.9588494714853,2413.0138067785147,2363.4313708179707,2396.486328125,837200,0.0,0.0
2006-04-11 00:00:00+09:00,2418.522633249356,2440.559326171875,2407.504374213782,2440.559326171875,757120,0.0,0.0
2006-04-12 00:00:00+09:00,2468.105452949143,2517.687888756509,2451.577974346688,2495.6513671875,1479010,0.0,0.0
2006-04-13 00:00:00+09:00,2501.1609541799744,2506.6701731962316,2424.032762209545,2435.051025390625,1087710,0.0,0.0
2006-04-14 00:00:00+09:00,2440.5602444068827,2457.08772660422,2407.505280012208,2435.051025390625,745030,0.0,0.0
2006-04-17 00:00:00+09:00,2435.05078125,2440.5599997138975,2357.922422161102,2363.431640625,560170,0.0,0.0
2006-04-18 00:00:00+09:00,2357.922103828901,2385.468017578125,2319.3579294908236,2385.468017578125,731770,0.0,0.0
2006-04-19 00:00:00+09:00,2407.5048727826575,2429.5413954173387,2401.9956546982844,2413.013916015625,381550,0.0,0.0
2006-04-20 00:00:00+09:00,2418.522974196079,2418.522974196079,2379.9587998580014,2385.468017578125,348920,0.0,0.0
2006-04-21 00:00:00+09:00,2385.4677643566893,2401.9952409112466,2374.4493300860677,2390.976806640625,591110,0.0,0.0
2006-04-24 00:00:00+09:00,2401.995148717682,2407.5043656415373,2341.394287109375,2341.394287109375,1018420,0.0,0.0
2006-04-25 00:00:00+09:00,2331.4266249906213,2353.5779881742887,2303.7375528319576,2325.888916015625,678860,16.923077,0.0
2006-04-26 00:00:00+09:00,2314.812469167097,2342.501708984375,2298.1989955812,2342.501708984375,337610,0.0,0.0
2006-04-27 00:00:00+09:00,2331.4266249906213,2331.4266249906213,2303.7375528319576,2325.888916015625,266630,0.0,0.0
2006-04-28 00:00:00+09:00,2309.274994352004,2325.8884696108444,2287.123635419818,2320.3505859375,338260,0.0,0.0
2006-05-01 00:00:00+09:00,2314.812793616769,2342.502037315038,2303.7372015941814,2331.42626953125,264940,0.0,0.0
2006-05-02 00:00:00+09:00,2348.0399498531283,2425.5694464795038,2342.5020658936724,2420.03173828125,713310,0.0,0.0
2006-05-03 00:00:00+09:00,2420.03173828125,2420.03173828125,2420.03173828125,2420.03173828125,0,0.0,0.0
2006-05-04 00:00:00+09:00,2420.03173828125,2420.03173828125,2420.03173828125,2420.03173828125,0,0.0,0.0
2006-05-05 00:00:00+09:00,2420.03173828125,2420.03173828125,2420.03173828125,2420.03173828125,0,0.0,0.0
2006-05-08 00:00:00+09:00,2420.0319290940383,2420.0319290940383,2370.191321051544,2381.26708984375,703690,0.0,0.0
2006-05-09 00:00:00+09:00,2364.6533971214126,2364.6533971214126,2331.42626953125,2331.42626953125,344500,0.0,0.0
2006-05-10 00:00:00+09:00,2342.502394463069,2348.0402791992924,2309.275437568181,2325.888916015625,303030,0.0,0.0
2006-05-11 00:00:00+09:00,2331.4262812482243,2375.729001083625,2253.896785178075,2292.66162109375,645450,0.0,0.0
2006-05-12 00:00:00+09:00,2231.745895501474,2253.897260086588,2204.05682159101,2248.359375,655070,0.0,0.0
2006-05-15 00:00:00+09:00,2215.131893574489,2259.4344365349325,2215.131893574489,2253.896728515625,261300,0.0,0.0
2006-05-16 00:00:00+09:00,2259.4348721651577,2281.5862357968704,2192.98095703125,2192.98095703125,300430,0.0,0.0
2006-05-17 00:00:00+09:00,2192.9806769316747,2220.669921875,2192.9806769316747,2220.669921875,305500,0.0,0.0
2006-05-18 00:00:00+09:00,2192.980376157805,2209.593850540729,2176.3669017748807,2181.90478515625,345670,0.0,0.0
2006-05-19 00:00:00+09:00,2170.8290276746593,2215.131743392657,2159.753436625752,2204.05615234375,235040,0.0,0.0
2006-05-22 00:00:00+09:00,2204.0567267277215,2242.8213933816805,2192.98095703125,2192.98095703125,155870,0.0,0.0
2006-05-23 00:00:00+09:00,2187.44288601097,2192.9807703878796,2148.67822265625,2148.67822265625,220870,0.0,0.0
2006-05-24 00:00:00+09:00,2109.9124890445123,2126.5259593707574,2087.7611366891388,2115.4501953125,519090,0.0,0.0
2006-05-25 00:00:00+09:00,2143.1394296970025,2143.1394296970025,2109.9124890445123,2115.4501953125,269490,0.0,0.0
2006-05-26 00:00:00+09:00,2181.905469302101,2215.1324284864054,2109.9136658156963,2143.140625,652860,0.0,0.0
2006-05-29 00:00:00+09:00,2154.216078080664,2170.829556582377,2093.300048828125,2093.300048828125,497510,0.0,0.0
2006-05-30 00:00:00+09:00,2098.838045542756,2098.838045542756,2060.073374232146,2065.611083984375,346190,0.0,0.0
2006-05-31 00:00:00+09:00,2043.4595381950435,2043.4595381950435,2021.308349609375,2021.308349609375,378950,0.0,0.0
2006-06-01 00:00:00+09:00,2037.9218289292444,2060.0731932761487,2021.308349609375,2021.308349609375,496210,0.0,0.0
2006-06-02 00:00:00+09:00,2048.996553396131,2087.761380606726,2048.996553396131,2076.685791015625,642460,0.0,0.0
2006-06-05 00:00:00+09:00,2065.611083984375,2087.7624502770464,2054.535488718665,2065.611083984375,337480,0.0,0.0
2006-06-06 00:00:00+09:00,2054.535488718665,2082.2245647635655,2026.846236912513,2065.611083984375,617110,0.0,0.0
2006-06-07 00:00:00+09:00,2120.9889287612687,2170.8293597472375,2109.913336018124,2132.064697265625,1783080,0.0,0.0
2006-06-08 00:00:00+09:00,2126.5270495866084,2148.6784132984176,2054.5352493441515,2087.76220703125,1135290,0.0,0.0
2006-06-09 00:00:00+09:00,2143.1394296970025,2159.752900023247,2065.609784333765,2115.4501953125,1092000,0.0,0.0
2006-06-12 00:00:00+09:00,2137.602453902431,2154.215931271944,2109.9133835403145,2148.67822265625,420290,0.0,0.0
2006-06-13 00:00:00+09:00,2126.5267511265074,2132.06463521752,2071.1484375,2071.1484375,380120,0.0,0.0
2006-06-14 00:00:00+09:00,2054.535148905608,2137.6025390625,2026.8459016791626,2137.6025390625,622960,0.0,0.0
2006-06-15 00:00:00+09:00,2143.140086747783,2159.75356216744,2104.3752521815168,2126.526611328125,480740,0.0,0.0
2006-06-16 00:00:00+09:00,2115.450590365444,2137.601946857505,2093.2994096345565,2104.375,844350,0.0,0.0
2006-06-19 00:00:00+09:00,2104.3752521815168,2132.064495055076,2104.3752521815168,2126.526611328125,429910,0.0,0.0
2006-06-20 00:00:00+09:00,2126.5268609098275,2170.829408641457,2120.988976532918,2148.67822265625,500370,0.0,0.0
2006-06-21 00:00:00+09:00,2148.678510117797,2159.754104592152,2115.4513751722543,2143.140625,265720,0.0,0.0
2006-06-22 00:00:00+09:00,2170.8293098245913,2198.5185546875,2159.7537173361525,2198.5185546875,512590,0.0,0.0
2006-06-23 00:00:00+09:00,2192.980376157805,2192.980376157805,2132.0643620074784,2181.90478515625,541190,0.0,0.0
2006-06-26 00:00:00+09:00,2187.4425021286124,2226.2073344415644,2176.366911079705,2204.05615234375,540150,0.0,0.0
2006-06-27 00:00:00+09:00,2231.7455630041004,2253.8969242889866,2220.6699702422634,2237.283447265625,470340,0.0,0.0
2006-06-28 00:00:00+09:00,2215.132085980739,2248.359040027462,2209.5942017192147,2237.283447265625,386880,0.0,0.0
2006-06-29 00:00:00+09:00,2237.2837831523643,2298.1998161297006,2237.2837831523643,2270.5107421875,525460,0.0,0.0
2006-06-30 00:00:00+09:00,2303.737110678659,2320.3505859375,2287.123635419818,2320.3505859375,392470,0.0,0.0
2006-07-03 00:00:00+09:00,2325.889247614002,2336.9648429042527,2314.8134765625,2314.8134765625,232180,0.0,0.0
2006-07-04 00:00:00+09:00,2353.5783254077783,2364.6540964672217,2342.5027301095865,2359.1162109375,407030,0.0,0.0
2006-07-05 00:00:00+09:00,2348.039592100066,2359.115182570272,2320.3503522827878,2342.501708984375,280280,0.0,0.0
2006-07-06 00:00:00+09:00,2364.654140822183,2386.805331834067,2359.116255188584,2375.729736328125,568620,0.0,0.0
2006-07-07 00:00:00+09:00,2381.2675772951357,2397.881058123049,2348.0406156393083,2359.1162109375,452010,0.0,0.0
2006-07-10 00:00:00+09:00,2325.889292909503,2375.729736328125,2298.2000405027648,2375.729736328125,306410,0.0,0.0
2006-07-11 00:00:00+09:00,2364.6542534149653,2370.191963550986,2320.3515177592158,2348.040771484375,319670,0.0,0.0
2006-07-12 00:00:00+09:00,2320.351225094848,2320.351225094848,2242.8215353566875,2264.972900390625,508950,0.0,0.0
2006-07-13 00:00:00+09:00,2226.207964636664,2253.8972137389837,2187.4431213501575,2231.745849609375,635440,0.0,0.0
2006-07-14 00:00:00+09:00,2209.594435814727,2220.6702055111987,2187.4430721830145,2192.98095703125,369330,0.0,0.0
2006-07-17 00:00:00+09:00,2192.98095703125,2192.98095703125,2192.98095703125,2192.98095703125,0,0.0,0.0
2006-07-18 00:00:00+09:00,2192.980376157805,2204.0561429205436,2137.6020696276637,2181.90478515625,400010,0.0,0.0
2006-07-19 00:00:00+09:00,2176.3674782477733,2209.594435814727,2176.3674782477733,2192.98095703125,424970,0.0,0.0
2006-07-20 00:00:00+09:00,2259.434583577723,2259.434583577723,2209.5941535931865,2220.669921875,293020,0.0,0.0
2006-07-21 00:00:00+09:00,2220.669626797703,2226.2073344415644,2198.5182689387043,2204.05615234375,122720,0.0,0.0
2006-07-24 00:00:00+09:00,2192.9814467029,2198.5193327876923,2148.6788853083694,2170.830078125,379210,0.0,0.0
2006-07-25 00:00:00+09:00,2209.594147175939,2209.594147175939,2187.4427864378536,2198.5185546875,209040,0.0,0.0
2006-07-26 00:00:00+09:00,2220.669626797703,2226.2073344415644,2204.05615234375,2204.05615234375,218010,0.0,0.0
2006-07-27 00:00:00+09:00,2215.1319011916958,2276.048095703125,2204.056309353798,2276.048095703125,653250,0.0,0.0
2006-07-28 00:00:00+09:00,2276.048095703125,2287.1236875410227,2259.434444304483,2276.048095703125,416390,0.0,0.0
2006-07-31 00:00:00+09:00,2298.1993292522743,2320.350689169975,2292.66162109375,2292.66162109375,255190,0.0,0.0
2006-08-01 00:00:00+09:00,2292.66157134057,2309.275046978015,2270.510211903578,2276.048095703125,193570,0.0,0.0
2006-08-02 00:00:00+09:00,2270.510211903578,2276.048095703125,2248.3588524665856,2276.048095703125,176670,0.0,0.0
2006-08-03 00:00:00+09:00,2281.586181640625,2303.737544746548,2270.510587968277,2281.586181640625,138710,0.0,0.0
2006-08-04 00:00:00+09:00,2270.5104879317855,2281.5860811161538,2215.1321704875063,2226.207763671875,402480,0.0,0.0
2006-08-07 00:00:00+09:00,2204.0565391416985,2209.5942477573926,2137.602453902431,2148.67822265625,947310,0.0,0.0
2006-08-08 00:00:00+09:00,2154.2155440105876,2181.90478515625,2143.139953009033,2181.90478515625,427960,0.0,0.0
2006-08-09 00:00:00+09:00,2176.3671939494147,2198.5185546875,2159.7537173361525,2198.5185546875,284440,0.0,0.0
2006-08-10 00:00:00+09:00,2187.442626953125,2204.056278116306,2176.367035272199,2187.442626953125,145470,0.0,0.0
2006-08-11 00:00:00+09:00,2176.3679642097923,2187.4435606181073,2159.7544817166845,2170.830078125,210860,0.0,0.0
2006-08-14 00:00:00+09:00,2165.291837942569,2181.9053163702665,2159.7539532129276,2176.367431640625,179140,0.0,0.0
2006-08-15 00:00:00+09:00,2170.829212020371,2176.367095895691,2159.75362003093,2165.29150390625,261170,0.0,0.0
2006-08-16 00:00:00+09:00,2176.3671939494147,2198.5185546875,2159.7537173361525,2198.5185546875,663910,0.0,0.0
2006-08-17 00:00:00+09:00,2220.669753518293,2242.8209368801454,2176.367035272199,2187.442626953125,475410,0.0,0.0
2006-08-18 00:00:00+09:00,2181.9058502945845,2187.4435606181073,2165.292367801477,2170.830078125,466830,0.0,0.0
2006-08-21 00:00:00+09:00,2176.3679642097923,2192.9814467029,2165.292367801477,2170.830078125,278590,0.0,0.0
2006-08-22 00:00:00+09:00,2181.9049189932593,2187.442626953125,2170.8291515511382,2187.442626953125,169780,0.0,0.0
2006-08-23 00:00:00+09:00,2176.367431640625,2192.9809100683224,2170.8295469109835,2176.367431640625,187330,0.0,0.0
2006-08-24 00:00:00+09:00,2176.367095895691,2181.9049797710113,2165.29150390625,2165.29150390625,126620,0.0,0.0
2006-08-25 00:00:00+09:00,2176.3679642097923,2181.9058502945845,2170.830078125,2170.830078125,136630,0.0,0.0
2006-08-28 00:00:00+09:00,2170.8297450998425,2176.3676303350726,2159.754150390625,2159.754150390625,112710,0.0,0.0
2006-08-29 00:00:00+09:00,2165.291700025763,2170.829408641457,2143.1403382793405,2148.67822265625,197990,0.0,0.0
2006-08-30 00:00:00+09:00,2148.67822265625,2159.7538156488536,2143.1403382793405,2148.67822265625,127660,0.0,0.0
2006-08-31 00:00:00+09:00,2154.2157361556096,2181.9049797710113,2154.2157361556096,2165.29150390625,276120,0.0,0.0
2006-09-01 00:00:00+09:00,2165.291310773326,2187.4424927764358,2159.753427391957,2181.90478515625,356200,0.0,0.0
2006-09-04 00:00:00+09:00,2209.5941535931865,2231.7455143956054,2204.0564452134877,2220.669921875,504920,0.0,0.0
2006-09-05 00:00:00+09:00,2226.207964636664,2237.283734582086,2204.05677626829,2231.745849609375,474110,0.0,0.0
2006-09-06 00:00:00+09:00,2242.821443793562,2248.359328766273,2226.207964636664,2231.745849609375,349700,0.0,0.0
2006-09-07 00:00:00+09:00,2259.434326171875,2281.5856844507025,2248.3587349130553,2259.434326171875,770380,0.0,0.0
2006-09-08 00:00:00+09:00,2253.8968128975407,2259.4345211241703,2226.2075687195797,2242.821044921875,528060,0.0,0.0
2006-09-11 00:00:00+09:00,2253.896669869988,2253.896669869988,2215.1318359375,2215.1318359375,285480,0.0,0.0
2006-09-12 00:00:00+09:00,2220.6697195739102,2226.2074274491288,2204.0562444258712,2215.1318359375,193830,0.0,0.0
2006-09-13 00:00:00+09:00,2231.745849609375,2248.359328766273,2220.670255425188,2231.745849609375,370760,0.0,0.0
2006-09-14 00:00:00+09:00,2231.745369154805,2253.896728515625,2226.2074853743006,2253.896728515625,305630,0.0,0.0
2006-09-15 00:00:00+09:00,2259.434326171875,2259.434326171875,2242.8208514030516,2259.434326171875,151320,0.0,0.0
2006-09-18 00:00:00+09:00,2259.434326171875,2259.434326171875,2259.434326171875,2259.434326171875,0,0.0,0.0
2006-09-19 00:00:00+09:00,2259.434326171875,2276.0479767018865,2253.8966184230594,2259.434326171875,352820,0.0,0.0
2006-09-20 00:00:00+09:00,2253.8972137389837,2253.8972137389837,2204.05677626829,2231.745849609375,263250,0.0,0.0
2006-09-21 00:00:00+09:00,2253.8966184230594,2264.972209681879,2226.2073766342282,2259.434326171875,393250,0.0,0.0
2006-09-22 00:00:00+09:00,2248.359040027462,2264.9725170508236,2231.7455630041004,2237.283447265625,275210,0.0,0.0
2006-09-25 00:00:00+09:00,2237.283532617462,2242.8212413290366,2192.9808083575513,2226.207763671875,204360,0.0,0.0
2006-09-26 00:00:00+09:00,2220.6699702422634,2248.359040027462,2220.6699702422634,2237.283447265625,158340,0.0,0.0
2006-09-27 00:00:00+09:00,2253.897262669932,2270.5107421875,2242.8214924840613,2270.5107421875,209820,0.0,0.0
2006-09-28 00:00:00+09:00,2259.4344365349325,2259.4344365349325,2231.745369154805,2253.896728515625,356070,0.0,0.0
2006-09-29 00:00:00+09:00,2248.358844735121,2253.896728515625,2242.8209609546166,2253.896728515625,139490,0.0,0.0
2006-10-02 00:00:00+09:00,2259.4345211241703,2264.972405112003,2242.821044921875,2242.821044921875,244140,0.0,0.0
2006-10-03 00:00:00+09:00,2248.359375,2259.4349694119383,2242.821489913412,2248.359375,152360,0.0,0.0
2006-10-04 00:00:00+09:00,2259.434326171875,2287.123567960706,2253.8966184230594,2259.434326171875,583960,0.0,0.0
2006-10-05 00:00:00+09:00,2287.123627204288,2314.812693949164,2281.585743550836,2298.19921875,835120,0.0,0.0
2006-10-06 00:00:00+09:00,2298.1992793789204,2298.1992793789204,2264.9723281040306,2276.048095703125,284570,0.0,0.0
2006-10-09 00:00:00+09:00,2276.048095703125,2276.048095703125,2276.048095703125,2276.048095703125,0,0.0,0.0
2006-10-10 00:00:00+09:00,2248.35912580183,2264.972603458992,2226.207763671875,2226.207763671875,494390,0.0,0.0
2006-10-11 00:00:00+09:00,2253.896961584097,2264.9725545292013,2204.056529689305,2209.59423828125,524290,0.0,0.0
2006-10-12 00:00:00+09:00,2209.5943983401166,2215.1322830944305,2082.2242793194982,2093.300048828125,2774980,0.0,0.0
2006-10-13 00:00:00+09:00,2104.375445841538,2115.4510385535013,2082.224084656399,2109.913330078125,1762540,0.0,0.0
2006-10-16 00:00:00+09:00,2104.3757294043917,2104.3757294043917,2071.1487710299843,2082.224365234375,1197560,0.0,0.0
2006-10-17 00:00:00+09:00,2087.7618104722096,2115.4508780316596,2087.7618104722096,2098.83740234375,970320,0.0,0.0
2006-10-18 00:00:00+09:00,2104.374607015384,2120.988077341629,2098.8367249862554,2115.4501953125,673920,0.0,0.0
2006-10-19 00:00:00+09:00,2115.4510385535013,2115.4510385535013,2104.375445841538,2109.913330078125,420680,0.0,0.0
2006-10-20 00:00:00+09:00,2115.450590365444,2115.450590365444,2098.8371169366915,2104.375,415740,0.0,0.0
2006-10-23 00:00:00+09:00,2104.375390523663,2104.375390523663,2060.072845079181,2071.1484375,851240,0.0,0.0
2006-10-24 00:00:00+09:00,2065.611083984375,2076.6868550113363,2060.073374232146,2065.611083984375,541190,0.0,0.0
2006-10-25 00:00:00+09:00,2104.374607015384,2120.988077341629,2087.7611366891388,2115.4501953125,1577940,0.0,0.0
2006-10-26 00:00:00+09:00,2116.5655671592967,2122.1355309759897,2083.14613781784,2094.285888671875,1006980,16.923077,0.0
2006-10-27 00:00:00+09:00,2116.56542316156,2116.56542316156,2077.576032656002,2083.14599609375,824590,0.0,0.0
2006-10-30 00:00:00+09:00,2094.2857494442214,2110.9954630040916,2088.7159627771584,2099.855712890625,970710,0.0,0.0
2006-10-31 00:00:00+09:00,2099.8552101339387,2105.425172246757,2055.2958667899884,2066.435791015625,790400,0.0,0.0
2006-11-01 00:00:00+09:00,2060.86631256069,2066.4362759807045,2044.1565990799857,2049.7265625,558740,0.0,0.0
2006-11-02 00:00:00+09:00,2033.0169630149962,2038.5867499679816,1971.747892297364,1999.5975341796875,2104050,0.0,0.0
2006-11-03 00:00:00+09:00,1999.5975341796875,1999.5975341796875,1999.5975341796875,1999.5975341796875,0,0.0,0.0
2006-11-06 00:00:00+09:00,1982.8874511718752,1988.45741436541,1966.1777383706028,1982.887451171875,1187550,0.0,0.0
2006-11-07 00:00:00+09:00,1982.887570250052,2016.3071746388737,1966.1778564453125,1966.1778564453125,873210,0.0,0.0
2006-11-08 00:00:00+09:00,1977.3178865011423,1988.4576373581313,1955.0382080078125,1955.0382080078125,587470,0.0,0.0
2006-11-09 00:00:00+09:00,1960.608171825983,1971.7479226829719,1955.0382080078125,1955.0382080078125,394810,0.0,0.0
2006-11-10 00:00:00+09:00,1955.0378311107645,1960.6077938551437,1916.0484454587458,1921.618408203125,766090,0.0,0.0
2006-11-13 00:00:00+09:00,1916.0488438699583,1916.0488438699583,1871.489662987521,1893.7691650390625,755170,0.0,0.0
2006-11-14 00:00:00+09:00,1949.467529296875,1977.3171613955863,1927.1880357530506,1949.467529296875,623870,0.0,0.0
2006-11-15 00:00:00+09:00,1949.468009308157,1966.1777219700482,1910.478620837301,1916.048583984375,331630,0.0,0.0
2006-11-16 00:00:00+09:00,1938.3282597933398,1955.0379724552308,1916.048583984375,1916.048583984375,351780,0.0,0.0
2006-11-17 00:00:00+09:00,1943.8983558918885,1966.1778564453125,1938.328392363861,1966.1778564453125,576940,0.0,0.0
2006-11-20 00:00:00+09:00,1966.177477814457,1999.5970757675975,1916.0483460537089,1932.758056640625,1190540,0.0,0.0
2006-11-21 00:00:00+09:00,1927.1879950478428,1927.1879950478428,1899.338363537359,1904.9083251953125,313560,0.0,0.0
2006-11-22 00:00:00+09:00,1910.4783835983008,1943.8979815514413,1893.7686730113849,1932.758056640625,315640,0.0,0.0
2006-11-23 00:00:00+09:00,1932.758056640625,1932.758056640625,1932.758056640625,1932.758056640625,0,0.0,0.0
2006-11-24 00:00:00+09:00,1910.4781100739826,1921.6180333898894,1899.338363537359,1904.9083251953125,453570,0.0,0.0
2006-11-27 00:00:00+09:00,1899.3388424195218,1949.467979642361,1893.768879357208,1943.898193359375,483210,0.0,0.0
2006-11-28 00:00:00+09:00,1916.0486920747924,1949.468119283871,1904.9089419315462,1938.328369140625,418210,0.0,0.0
2006-11-29 00:00:00+09:00,1949.4674014504926,1977.3170317228205,1938.3276554091267,1971.7470703125,397020,0.0,0.0
2006-11-30 00:00:00+09:00,1982.887570250052,1988.4575337780793,1949.4681426405732,1966.1778564453125,653510,0.0,0.0
2006-12-01 00:00:00+09:00,1982.887642982684,2005.167321132673,1971.747892297364,1999.5975341796875,392600,0.0,0.0
2006-12-04 00:00:00+09:00,2010.7365804983037,2038.5860358455352,1999.5968337152688,2027.4462890625,850720,0.0,0.0
2006-12-05 00:00:00+09:00,2055.2965990947687,2116.565673828125,2049.7268117767258,2116.565673828125,1295580,0.0,0.0
2006-12-06 00:00:00+09:00,2094.2852730978484,2099.855235277361,2016.3066864811753,2038.586181640625,1271400,0.0,0.0
2006-12-07 00:00:00+09:00,2049.7270898755187,2049.7270898755187,1988.4580068294176,2005.167724609375,1076530,0.0,0.0
2006-12-08 00:00:00+09:00,2027.4464270038745,2038.5861745448246,2010.7367173027997,2021.87646484375,619060,0.0,0.0
2006-12-11 00:00:00+09:00,2027.4470016750272,2027.4470016750272,1994.0275728002837,2016.3072509765625,370110,0.0,0.0
2006-12-12 00:00:00+09:00,2010.7372848650073,2016.3072485973419,1988.4576067150183,1999.5975341796875,533910,0.0,0.0
2006-12-13 00:00:00+09:00,2005.1673234987484,2021.8770379361201,1988.4576090613766,2016.3072509765625,508430,0.0,0.0
2006-12-14 00:00:00+09:00,2016.3066794629244,2021.8764648437498,1994.0270076017248,2021.87646484375,314210,0.0,0.0
2006-12-15 00:00:00+09:00,2033.0162508436613,2038.5860358455352,2021.876327281339,2027.4462890625,481910,0.0,0.0
2006-12-18 00:00:00+09:00,2033.0163891639993,2038.5861745448246,2010.7367173027997,2021.87646484375,440570,0.0,0.0
2006-12-19 00:00:00+09:00,2027.4474072424468,2027.4474072424468,1999.5979365356457,2005.167724609375,320450,0.0,0.0
2006-12-20 00:00:00+09:00,2005.1667551426751,2021.8764648437498,1999.5969697618496,2021.87646484375,314860,0.0,0.0
2006-12-21 00:00:00+09:00,2010.7371826171875,2021.876932736041,2005.1672191680907,2010.7371826171875,290550,0.0,0.0
2006-12-22 00:00:00+09:00,2005.1677246093752,2016.3076543156033,1999.5979365356457,2005.167724609375,303940,0.0,0.0
2006-12-25 00:00:00+09:00,2016.306542279465,2038.5860358455352,2005.1666187171427,2027.4462890625,423540,0.0,0.0
2006-12-26 00:00:00+09:00,2016.3076543156033,2016.3076543156033,1999.5979365356457,2005.167724609375,347750,0.0,0.0
2006-12-27 00:00:00+09:00,2021.8766976438183,2055.2961208939,2016.3069116216843,2044.1563720703125,414570,0.0,0.0
2006-12-28 00:00:00+09:00,2044.1561438201372,2060.8658535793743,2033.0163962404124,2038.586181640625,395070,0.0,0.0
2006-12-29 00:00:00+09:00,2044.1559976266965,2044.1559976266965,2027.4462890625,2027.4462890625,178620,0.0,0.0
2007-01-04 00:00:00+09:00,2049.726334871766,2049.726334871766,2038.5864092688591,2044.1563720703125,178620,0.0,0.0
2007-01-05 00:00:00+09:00,2049.7261059996495,2072.0057779383988,2033.0163962404124,2038.586181640625,425620,0.0,0.0
2007-01-09 00:00:00+09:00,2044.1561367049494,2044.1561367049494,2010.7367173027997,2021.87646484375,602160,0.0,0.0
2007-01-10 00:00:00+09:00,2021.8764268479154,2027.4463889033673,1960.6075513551275,1977.3172607421875,828360,0.0,0.0
2007-01-11 00:00:00+09:00,1988.458486209856,1988.458486209856,1955.039042593133,1960.6090087890625,539240,0.0,0.0
2007-01-12 00:00:00+09:00,1971.747892297364,2010.7372848650073,1971.747892297364,1999.5975341796875,450710,0.0,0.0
2007-01-15 00:00:00+09:00,2005.1677246093752,2016.3076543156033,1999.5979365356457,2005.167724609375,171210,0.0,0.0
2007-01-16 00:00:00+09:00,2005.167321132673,2010.7372848650073,1994.027570447353,1999.5975341796875,284310,0.0,0.0
2007-01-17 00:00:00+09:00,2005.1677246093752,2010.7376894624892,1988.4580068294176,2005.167724609375,262990,0.0,0.0
2007-01-18 00:00:00+09:00,2005.1677246093752,2016.3076543156033,1999.5979365356457,2005.167724609375,231530,0.0,0.0
2007-01-19 00:00:00+09:00,2016.3072509765625,2021.8770379361201,2010.7372872376554,2016.3072509765625,208390,0.0,0.0
2007-01-22 00:00:00+09:00,2021.876932736041,2021.876932736041,2005.1672191680907,2010.7371826171875,365690,0.0,0.0
2007-01-23 00:00:00+09:00,2021.8767974798395,2033.0167236328125,2010.7370481061946,2033.0167236328125,439010,0.0,0.0
2007-01-24 00:00:00+09:00,2038.5864092688591,2044.1563720703127,2016.3069116216843,2044.1563720703125,465920,0.0,0.0
2007-01-25 00:00:00+09:00,2055.2963491406754,2055.2963491406754,2038.586635659971,2049.7265625,367640,0.0,0.0
2007-01-26 00:00:00+09:00,2049.7261059996495,2049.7261059996495,2033.0163962404124,2038.586181640625,185120,0.0,0.0
2007-01-29 00:00:00+09:00,2038.5861745448246,2038.5861745448246,2021.8764648437498,2021.87646484375,332670,0.0,0.0
2007-01-30 00:00:00+09:00,2021.876327281339,2038.5860358455352,2021.876327281339,2027.4462890625,181350,0.0,0.0
2007-01-31 00:00:00+09:00,2044.1561508196312,2060.8658606360846,2033.0164032017622,2055.2958984375,549510,0.0,0.0
2007-02-01 00:00:00+09:00,2060.8661860434504,2105.425537109375,2055.2962229653776,2105.425537109375,867100,0.0,0.0
2007-02-02 00:00:00+09:00,2116.564357077279,2138.8440228269715,2099.854651959822,2127.7041015625,1073280,0.0,0.0
2007-02-05 00:00:00+09:00,2127.7051732577165,2127.7051732577165,2077.576032656002,2083.14599609375,456950,0.0,0.0
2007-02-06 00:00:00+09:00,2088.7161016345335,2105.425816305262,2083.14613781784,2094.285888671875,268970,0.0,0.0
2007-02-07 00:00:00+09:00,2094.285280268992,2094.285280268992,2055.2958984375,2055.2958984375,409240,0.0,0.0
2007-02-08 00:00:00+09:00,2060.8658289028067,2094.2852480211204,2060.8658289028067,2066.435791015625,246740,0.0,0.0
2007-02-09 00:00:00+09:00,2066.4368709138766,2088.716554228981,2060.866905890253,2072.0068359375,276380,0.0,0.0
2007-02-13 00:00:00+09:00,2077.5766241817337,2099.856307496838,2066.4368709138766,2072.0068359375,347490,0.0,0.0
2007-02-14 00:00:00+09:00,2077.5766241817337,2083.146589205357,2072.0068359375,2072.0068359375,142350,0.0,0.0
2007-02-15 00:00:00+09:00,2088.7159595314984,2088.7159595314984,2072.0062459975934,2083.14599609375,252070,0.0,0.0
2007-02-16 00:00:00+09:00,2088.7157300748486,2144.4148279954657,2083.1457672489905,2133.27490234375,803140,0.0,0.0
2007-02-19 00:00:00+09:00,2133.2748747292844,2161.12451171875,2116.5651632473323,2161.12451171875,610610,0.0,0.0
2007-02-20 00:00:00+09:00,2155.554789031341,2155.554789031341,2127.7051489402324,2144.4150390625,433420,0.0,0.0
2007-02-21 00:00:00+09:00,2155.554548964993,2161.12451171875,2144.414800236798,2161.12451171875,521560,0.0,0.0
2007-02-22 00:00:00+09:00,2166.693838802326,2177.83376195048,2149.984130859375,2149.984130859375,519480,0.0,0.0
2007-02-23 00:00:00+09:00,2166.694580078125,2172.264543557814,2155.554829898088,2166.694580078125,365300,0.0,0.0
2007-02-26 00:00:00+09:00,2177.834507037503,2177.834507037503,2161.1247933777768,2166.694580078125,235690,0.0,0.0
2007-02-27 00:00:00+09:00,2155.5540924334523,2166.693838802326,2144.4143460645787,2149.984130859375,232570,0.0,0.0
2007-02-28 00:00:00+09:00,2038.5865187873974,2138.844970703125,2038.5865187873974,2138.844970703125,560040,0.0,0.0
2007-03-01 00:00:00+09:00,2138.844505716448,2149.9842527167034,2083.1454171565924,2110.994873046875,420030,0.0,0.0
2007-03-02 00:00:00+09:00,2116.5660624379607,2116.5660624379607,2077.57666015625,2077.57666015625,327210,0.0,0.0
2007-03-05 00:00:00+09:00,2066.435808566149,2072.0057707262736,2021.8764648437498,2021.87646484375,463060,0.0,0.0
2007-03-06 00:00:00+09:00,2016.3070111826812,2038.5865099299708,1999.59729873255,2033.0167236328125,483080,0.0,0.0
2007-03-07 00:00:00+09:00,2072.0060092982603,2072.0060092982603,2033.0166232467252,2044.1563720703125,292240,0.0,0.0
2007-03-08 00:00:00+09:00,2038.5861886210464,2060.8658606360846,2027.4464410031776,2055.2958984375,339950,0.0,0.0
2007-03-09 00:00:00+09:00,2072.005785033254,2077.5755704525386,2049.726113018216,2055.2958984375,345800,0.0,0.0
2007-03-12 00:00:00+09:00,2077.576032656002,2083.14599609375,2066.4362825598455,2083.14599609375,294060,0.0,0.0
2007-03-13 00:00:00+09:00,2088.716554228981,2094.286342473214,2072.0068359375,2072.0068359375,326040,0.0,0.0
2007-03-14 00:00:00+09:00,2060.8661854565885,2060.8661854565885,2027.446760556326,2033.0167236328125,305760,0.0,0.0
2007-03-15 00:00:00+09:00,2049.726113018216,2060.8658606360846,2038.5861886210464,2055.2958984375,212160,0.0,0.0
2007-03-16 00:00:00+09:00,2049.7265625,2060.86631256069,2033.016849019296,2049.7265625,234780,0.0,0.0
2007-03-19 00:00:00+09:00,2055.2961208939,2055.2961208939,2027.4466604452718,2044.1563720703125,308880,0.0,0.0
2007-03-20 00:00:00+09:00,2044.1563720703127,2044.1563720703127,2027.4466604452718,2044.1563720703125,256750,0.0,0.0
2007-03-22 00:00:00+09:00,2066.4368709138766,2072.0068359375,2055.2969408666295,2072.0068359375,258960,0.0,0.0
2007-03-23 00:00:00+09:00,2088.7158246544855,2116.565286486192,2077.57589849834,2105.425537109375,450970,0.0,0.0
2007-03-26 00:00:00+09:00,2116.565673828125,2127.7054252435714,2099.855958315275,2116.565673828125,288470,0.0,0.0
2007-03-27 00:00:00+09:00,2116.564834936648,2127.7045819369027,2105.425087936393,2110.994873046875,275340,0.0,0.0
2007-03-28 00:00:00+09:00,2133.2750076024377,2144.4149338038123,2127.7050445017503,2138.844970703125,356330,0.0,0.0
2007-03-29 00:00:00+09:00,2133.275389340975,2133.275389340975,2099.855958315275,2116.565673828125,264030,0.0,0.0
2007-03-30 00:00:00+09:00,2122.1352581803917,2144.4149338038123,2122.1352581803917,2138.844970703125,203060,0.0,0.0
2007-04-02 00:00:00+09:00,2155.554683225858,2177.8343588492785,2138.844970703125,2138.844970703125,569400,0.0,0.0
2007-04-03 00:00:00+09:00,2155.5540924334523,2155.5540924334523,2138.8443844905014,2149.984130859375,252980,0.0,0.0
2007-04-04 00:00:00+09:00,2155.5540924334523,2155.5540924334523,2144.4143460645787,2149.984130859375,228800,0.0,0.0
2007-04-05 00:00:00+09:00,2144.414938055866,2166.6944369441344,2144.414938055866,2155.5546875,306280,0.0,0.0
2007-04-06 00:00:00+09:00,2149.984130859375,2166.693838802326,2144.4143460645787,2149.984130859375,143910,0.0,0.0
2007-04-09 00:00:00+09:00,2149.9848256572513,2149.9848256572513,2133.2751123143216,2144.4150390625,350350,0.0,0.0
2007-04-10 00:00:00+09:00,2149.9848664183987,2183.404293737851,2144.4150797180505,2166.694580078125,793000,0.0,0.0
2007-04-11 00:00:00+09:00,2172.264404296875,2177.834367419481,2161.124654830992,2172.264404296875,276640,0.0,0.0
2007-04-12 00:00:00+09:00,2161.12451171875,2172.264260446945,2149.9845862112365,2161.12451171875,325390,0.0,0.0
2007-04-13 00:00:00+09:00,2172.2644000558657,2177.8343631675975,2155.5546875,2155.5546875,430560,0.0,0.0
2007-04-16 00:00:00+09:00,2166.694416494942,2233.5334428669103,2161.1246302151067,2216.82373046875,1373580,0.0,0.0
2007-04-17 00:00:00+09:00,2233.53369140625,2266.9531199213607,2227.9637277272827,2233.53369140625,1066520,0.0,0.0
2007-04-18 00:00:00+09:00,2239.102896214814,2266.9525305903408,2227.9631485321843,2261.382568359375,632190,0.0,0.0
2007-04-19 00:00:00+09:00,2250.243299936592,2250.243299936592,2205.683946157158,2227.963623046875,640640,0.0,0.0
2007-04-20 00:00:00+09:00,2239.103237900623,2261.382913445049,2233.5334515990126,2250.2431640625,387920,0.0,0.0
2007-04-23 00:00:00+09:00,2255.812738235919,2278.092411685248,2239.10302734375,2239.10302734375,980200,0.0,0.0
2007-04-24 00:00:00+09:00,2213.881775039742,2264.3247896324433,2202.6723150666876,2258.719970703125,790660,19.230768,0.0
2007-04-25 00:00:00+09:00,2247.51025390625,2258.7197125983957,2241.905435617396,2247.51025390625,328380,0.0,0.0
2007-04-26 00:00:00+09:00,2247.51025390625,2253.114894309542,2236.300617328542,2247.51025390625,391560,0.0,0.0
2007-04-27 00:00:00+09:00,2230.695815556249,2253.114731318751,2230.695815556249,2241.9052734375,486980,0.0,0.0
2007-05-01 00:00:00+09:00,2258.7193192659583,2258.7193192659583,2241.9050452129895,2253.114501953125,345410,0.0,0.0
2007-05-02 00:00:00+09:00,2236.300227900156,2258.7193192659583,2236.300227900156,2253.114501953125,283530,0.0,0.0
2007-05-07 00:00:00+09:00,2236.301419758099,2241.906240058074,2230.69677734375,2230.69677734375,238940,0.0,0.0
2007-05-08 00:00:00+09:00,2247.5101732849776,2247.5101732849776,2236.300537109375,2236.300537109375,299520,0.0,0.0
2007-05-09 00:00:00+09:00,2253.114894309542,2253.114894309542,2241.905435617396,2247.51025390625,195650,0.0,0.0
2007-05-10 00:00:00+09:00,2241.9060007003936,2247.510820401969,2213.882080078125,2213.882080078125,231790,0.0,0.0
2007-05-11 00:00:00+09:00,2174.6483691825833,2191.462646484375,2174.6483691825833,2191.462646484375,474110,0.0,0.0
2007-05-14 00:00:00+09:00,2197.066878697872,2197.066878697872,2185.857421875,2185.857421875,234390,0.0,0.0
2007-05-15 00:00:00+09:00,2193.14416292274,2193.14416292274,2141.019775390625,2141.019775390625,407290,0.0,0.0
2007-05-16 00:00:00+09:00,2141.019611387795,2152.229248046875,2135.4149709438184,2152.229248046875,304460,0.0,0.0
2007-05-17 00:00:00+09:00,2169.043375416746,2174.648193359375,2163.4385574741177,2174.648193359375,255580,0.0,0.0
2007-05-18 00:00:00+09:00,2174.648260839085,2180.252901070076,2152.229166258453,2157.833984375,181090,0.0,0.0
2007-05-21 00:00:00+09:00,2213.881385301123,2230.695839129009,2174.648193359375,2174.648193359375,399620,0.0,0.0
2007-05-22 00:00:00+09:00,2185.858084010827,2208.2771823332528,2174.6486237924073,2202.67236328125,235950,0.0,0.0
2007-05-23 00:00:00+09:00,2208.277438262157,2225.091719481275,2202.6726185605817,2213.882080078125,201760,0.0,0.0
2007-05-24 00:00:00+09:00,2197.0672190239707,2213.8814958055796,2197.0672190239707,2208.27685546875,142220,0.0,0.0
2007-05-25 00:00:00+09:00,2191.462239229202,2191.462239229202,2180.252604520798,2185.857421875,299000,0.0,0.0
2007-05-28 00:00:00+09:00,2213.881914171268,2236.3010134118886,2208.2772727753077,2225.091552734375,316030,0.0,0.0
2007-05-29 00:00:00+09:00,2230.69677734375,2247.5110603580497,2213.8823164438245,2230.69677734375,573820,0.0,0.0
2007-05-30 00:00:00+09:00,2230.696372015929,2236.3010134118886,2213.881914171268,2225.091552734375,324480,0.0,0.0
2007-05-31 00:00:00+09:00,2236.300537109375,2247.5101732849776,2230.6958969071293,2236.300537109375,442520,0.0,0.0
2007-06-01 00:00:00+09:00,2208.27685546875,2213.8814958055796,2197.0672190239707,2208.27685546875,589420,0.0,0.0
2007-06-04 00:00:00+09:00,2202.67236328125,2208.2771823332528,2197.067544229247,2202.67236328125,483600,0.0,0.0
2007-06-05 00:00:00+09:00,2219.4871367437995,2230.69677734375,2219.4871367437995,2230.69677734375,338000,0.0,0.0
2007-06-06 00:00:00+09:00,2230.6959504727483,2236.3005908095784,2202.6720372463606,2208.27685546875,854100,0.0,0.0
2007-06-07 00:00:00+09:00,2213.881914171268,2241.9058326934423,2213.881914171268,2225.091552734375,774800,0.0,0.0
2007-06-08 00:00:00+09:00,2202.6719040247976,2241.9052734375,2197.0670861413973,2241.9052734375,726960,0.0,0.0
2007-06-11 00:00:00+09:00,2253.1148266495375,2275.5339212461554,2241.9053682940066,2264.324462890625,654680,0.0,0.0
2007-06-12 00:00:00+09:00,2281.138835934376,2281.138835934376,2269.92919921875,2269.92919921875,698750,0.0,0.0
2007-06-13 00:00:00+09:00,2247.51051073007,2264.3247896324433,2241.905691800752,2258.719970703125,551850,0.0,0.0
2007-06-14 00:00:00+09:00,2297.9532995728537,2331.5818566771463,2292.3484807602786,2314.767578125,1329120,0.0,0.0
2007-06-15 00:00:00+09:00,2286.743002327066,2303.557453914592,2281.1383630167516,2297.95263671875,512070,0.0,0.0
2007-06-18 00:00:00+09:00,2309.1620932249066,2314.7669104207484,2292.347819522908,2297.95263671875,313690,0.0,0.0
2007-06-19 00:00:00+09:00,2292.348960610815,2292.348960610815,2275.5346785389856,2286.744140625,364260,0.0,0.0
2007-06-20 00:00:00+09:00,2258.719970703125,2269.9294306761794,2253.1151517738062,2258.719970703125,530270,0.0,0.0
2007-06-21 00:00:00+09:00,2269.929103125612,2275.5339212461554,2264.324462890625,2264.324462890625,453700,0.0,0.0
2007-06-22 00:00:00+09:00,2253.114501953125,2258.7193192659583,2241.9050452129895,2253.114501953125,233740,0.0,0.0
2007-06-25 00:00:00+09:00,2286.7434764066247,2303.557931480064,2264.324558746501,2269.92919921875,822250,0.0,0.0
2007-06-26 00:00:00+09:00,2281.1391723294014,2292.3486328125,2275.5343531450567,2292.3486328125,299910,0.0,0.0
2007-06-27 00:00:00+09:00,2281.138916015625,2281.138916015625,2264.3246382374714,2281.138916015625,425100,0.0,0.0
2007-06-28 00:00:00+09:00,2275.534912109375,2281.1397326704923,2269.9300915482577,2275.534912109375,212550,0.0,0.0
2007-06-29 00:00:00+09:00,2269.92919921875,2275.5340175765627,2247.510281558626,2269.92919921875,388050,0.0,0.0
2007-07-02 00:00:00+09:00,2286.7435566846293,2297.953193793779,2281.138916015625,2281.138916015625,330590,0.0,0.0
2007-07-03 00:00:00+09:00,2269.929103125612,2275.5339212461554,2253.1148266495375,2264.324462890625,289120,0.0,0.0
2007-07-04 00:00:00+09:00,2264.3247896324433,2264.3247896324433,2253.1151517738062,2258.719970703125,309660,0.0,0.0
2007-07-05 00:00:00+09:00,2258.720628311657,2275.534912109375,2258.720628311657,2275.534912109375,224510,0.0,0.0
2007-07-06 00:00:00+09:00,2264.324462890625,2264.324462890625,2247.5101864145504,2264.324462890625,451230,0.0,0.0
2007-07-09 00:00:00+09:00,2269.92919921875,2275.5340175765627,2264.324558746501,2269.92919921875,163280,0.0,0.0
2007-07-10 00:00:00+09:00,2264.324558746501,2269.92919921875,2253.114922030875,2269.92919921875,161720,0.0,0.0
2007-07-11 00:00:00+09:00,2269.929171290541,2269.929171290541,2241.905435617396,2247.51025390625,230750,0.0,0.0
2007-07-12 00:00:00+09:00,2253.1151297415313,2258.7199486160425,2213.8817533911138,2219.486572265625,314210,0.0,0.0
2007-07-13 00:00:00+09:00,2225.091132250359,2236.3005908095784,2191.462578687141,2208.27685546875,448500,0.0,0.0
2007-07-17 00:00:00+09:00,2197.067626953125,2202.6724462161606,2191.4629855756825,2197.067626953125,201760,0.0,0.0
2007-07-18 00:00:00+09:00,2191.4628819481695,2197.0675230605857,2157.834323731334,2163.43896484375,374660,0.0,0.0
2007-07-19 00:00:00+09:00,2129.810546875,2135.4153662420786,2118.6010860264396,2129.810546875,840190,0.0,0.0
2007-07-20 00:00:00+09:00,2135.415283203125,2141.019924466662,2124.2056449048728,2135.415283203125,582400,0.0,0.0
2007-07-23 00:00:00+09:00,2124.2052260960245,2129.8100441401034,2096.1814916467392,2118.6005859375,329290,0.0,0.0
2007-07-24 00:00:00+09:00,2118.601003641336,2141.019924466662,2107.3913653430836,2135.415283203125,486070,0.0,0.0
2007-07-25 00:00:00+09:00,2118.6007365091145,2118.6007365091145,2090.5768221825797,2096.181640625,478010,0.0,0.0
2007-07-26 00:00:00+09:00,2096.1817928244186,2107.391252637588,2073.7626953125,2073.7626953125,360230,0.0,0.0
2007-07-27 00:00:00+09:00,2073.7628491753035,2084.9724877057515,2051.34375,2051.34375,1092130,0.0,0.0
2007-07-30 00:00:00+09:00,2034.5296630859375,2040.1344828828364,2000.9011000757648,2034.5296630859375,831350,0.0,0.0
2007-07-31 00:00:00+09:00,2045.738345906831,2051.3429851968817,2023.3192550900474,2028.924072265625,807430,0.0,0.0
2007-08-01 00:00:00+09:00,2023.3199777301409,2028.924796907511,2000.90087890625,2000.90087890625,535730,0.0,0.0
2007-08-02 00:00:00+09:00,2006.505303736189,2028.9243981539553,2000.9004856603588,2023.319580078125,553670,0.0,0.0
2007-08-03 00:00:00+09:00,2051.344106145682,2056.9489263839914,2034.5298233163783,2040.1346435546875,812760,0.0,0.0
2007-08-06 00:00:00+09:00,2045.739108620369,2068.158029910079,2040.134289355145,2051.34375,656500,0.0,0.0
2007-08-07 00:00:00+09:00,1995.2960597288798,2006.5056980836202,1995.2960597288798,2000.90087890625,731510,0.0,0.0
2007-08-08 00:00:00+09:00,2017.7147620022945,2034.5290383442302,2012.1101218120193,2023.319580078125,754520,0.0,0.0
2007-08-09 00:00:00+09:00,2107.391751665969,2112.9965718425597,2068.1583662010776,2101.787109375,1852240,0.0,0.0
2007-08-10 00:00:00+09:00,2096.1814781642793,2163.438582718416,2079.367202025745,2090.57666015625,1451450,0.0,0.0
2007-08-13 00:00:00+09:00,2006.505303736189,2023.3195800781248,2000.9004856603588,2023.319580078125,774540,0.0,0.0
2007-08-14 00:00:00+09:00,2000.9004456737732,2017.7147216796875,1995.2956277099513,2017.7147216796875,605150,0.0,0.0
2007-08-15 00:00:00+09:00,2006.5056980836202,2012.1105172609905,2000.90087890625,2000.90087890625,396370,0.0,0.0
2007-08-16 00:00:00+09:00,1995.2959773424839,2023.3198941866285,1967.272238383922,2006.505615234375,806650,0.0,0.0
2007-08-17 00:00:00+09:00,2006.5050533576587,2006.5050533576587,1961.6668701171873,1961.6668701171875,854750,0.0,0.0
2007-08-20 00:00:00+09:00,1972.8768846290027,2000.9006211344345,1972.8768846290027,1989.691162109375,593320,0.0,0.0
2007-08-21 00:00:00+09:00,1967.2716064453125,1984.085879996386,1961.6667892997796,1967.2716064453125,805350,0.0,0.0
2007-08-22 00:00:00+09:00,1939.2485664464484,1944.8532077005093,1916.8294677734375,1916.8294677734375,768560,0.0,0.0
2007-08-23 00:00:00+09:00,1950.4573328942392,1967.2716064453125,1944.8525157487063,1967.2716064453125,440180,0.0,0.0
2007-08-24 00:00:00+09:00,1972.876013878425,1972.876013878425,1916.8283877192318,1928.037841796875,1180010,0.0,0.0
2007-08-27 00:00:00+09:00,1950.457413249836,1967.2716874936295,1950.457413249836,1961.6668701171875,720850,0.0,0.0
2007-08-28 00:00:00+09:00,2058.3497023004975,2131.211638665117,2051.0635086640355,2105.7099609375,1152700,0.0,1.3
2007-08-29 00:00:00+09:00,2105.7100825883267,2127.568664760524,2094.780791502228,2120.282470703125,819600,0.0,0.0
2007-08-30 00:00:00+09:00,2091.137030239763,2112.99560546875,2087.4939343682654,2112.99560546875,632500,0.0,0.0
2007-08-31 00:00:00+09:00,2098.4232219827586,2112.99560546875,2098.4232219827586,2112.99560546875,457600,0.0,0.0
2007-09-03 00:00:00+09:00,2142.14092996747,2160.356414065833,2091.1375744920542,2134.854736328125,646100,0.0,0.0
2007-09-04 00:00:00+09:00,2094.7809470768343,2102.0671416753626,2072.92236328125,2072.92236328125,618500,0.0,0.0
2007-09-05 00:00:00+09:00,2061.992381733425,2065.6354778142263,1974.5580757941989,1978.201171875,911100,0.0,0.0
2007-09-06 00:00:00+09:00,1941.7698743174954,1959.9853515625,1905.338919827486,1959.9853515625,713600,0.0,0.0
2007-09-07 00:00:00+09:00,1952.6999817464955,1956.3430787273658,1916.2690119377921,1949.056884765625,634700,0.0,0.0
2007-09-10 00:00:00+09:00,1905.3390236045923,1923.55450184173,1872.5511627777448,1916.268310546875,447600,0.0,0.0
2007-09-11 00:00:00+09:00,1938.1277118801418,2003.7034615302216,1938.1277118801418,1992.774169921875,762600,0.0,0.0
2007-09-12 00:00:00+09:00,2007.3464969155568,2043.7774678214653,1985.4879143720118,2000.060302734375,607200,0.0,0.0
2007-09-13 00:00:00+09:00,1839.7631835937502,1850.692469832921,1832.4769927676364,1839.76318359375,135100,0.0,0.0
2007-09-14 00:00:00+09:00,1978.2013877256074,2003.7030630738197,1934.484229985815,1996.4168701171875,379900,0.0,0.0
2007-09-18 00:00:00+09:00,1719.5413619523197,1766.901611328125,1719.5413619523197,1766.901611328125,125500,0.0,0.0
2007-09-19 00:00:00+09:00,1996.4169331354356,2040.1340922551894,1967.2721603889327,2018.2755126953125,320700,0.0,0.0
2007-09-20 00:00:00+09:00,1712.2552902128066,1796.0465065423696,1712.2552902128066,1781.47412109375,77300,0.0,0.0
2007-09-21 00:00:00+09:00,1985.4873640366022,1989.1304601174031,1967.2718836325967,1978.201171875,263200,0.0,0.0
2007-09-25 00:00:00+09:00,2007.3462795428377,2007.3462795428377,1938.1274423172226,1952.6998291015625,374100,0.0,0.0
2007-09-26 00:00:00+09:00,1963.6290018123432,2003.7030630738197,1949.0566158990791,1996.4168701171875,365000,0.0,0.0
2007-09-27 00:00:00+09:00,2003.703126322061,2029.204802475251,2000.0600297287483,2018.2755126953125,317300,0.0,0.0
2007-09-28 00:00:00+09:00,2018.2760580880301,2047.4208387102399,1992.7743750435964,2040.1346435546875,336300,0.0,0.0
2007-10-01 00:00:00+09:00,2040.1346100663716,2061.9931951742255,2018.2760249585176,2058.35009765625,323200,0.0,0.0
2007-10-02 00:00:00+09:00,2061.9929519187613,2061.9929519187613,2018.275786860413,2029.205078125,293800,0.0,0.0
2007-10-03 00:00:00+09:00,2040.1339434391653,2061.9925214045847,2032.8477507840253,2051.063232421875,395800,0.0,0.0
2007-10-04 00:00:00+09:00,2040.1339084982014,2043.7770047633767,2018.2753309071493,2025.5615234375,165900,0.0,0.0
2007-10-05 00:00:00+09:00,2025.5615234375,2025.5615234375,2025.5615234375,2025.5615234375,0,0.0,0.0
2007-10-09 00:00:00+09:00,1996.4165247419992,1996.4165247419992,1959.9855662613056,1963.628662109375,444000,0.0,0.0
2007-10-10 00:00:00+09:00,1967.271542460502,1978.2008288075046,1956.342256113499,1959.9853515625,232800,0.0,0.0
2007-10-11 00:00:00+09:00,1959.9853515625,1959.9853515625,1959.9853515625,1959.9853515625,0,0.0,0.0
2007-10-12 00:00:00+09:00,1938.1275942836812,1938.1275942836812,1919.912109375,1919.912109375,335300,0.0,0.0
2007-10-15 00:00:00+09:00,1949.056128607856,1978.2008931477865,1949.056128607856,1967.2716064453125,304300,0.0,0.0
2007-10-16 00:00:00+09:00,1599.3193059747869,1610.248595081676,1581.1038241299716,1602.96240234375,107900,0.0,0.0
2007-10-17 00:00:00+09:00,1613.89208984375,1621.1782843802907,1610.2489925754796,1613.89208984375,17300,0.0,0.0
2007-10-18 00:00:00+09:00,1632.1068115234375,1657.6084804534912,1628.4637159620013,1632.1068115234375,44600,0.0,0.0
2007-10-19 00:00:00+09:00,1635.7502143012152,1646.6795030381943,1632.1071180555555,1639.393310546875,30200,0.0,0.0
2007-10-22 00:00:00+09:00,1639.393310546875,1639.393310546875,1639.393310546875,1639.393310546875,0,0.0,0.0
2007-10-23 00:00:00+09:00,1584.7471618652344,1588.3902587890625,1559.2454833984375,1573.81787109375,48300,0.0,0.0
2007-10-24 00:00:00+09:00,1548.316035605516,1548.316035605516,1504.598876953125,1504.598876953125,49600,0.0,0.0
2007-10-25 00:00:00+09:00,1460.8817452912285,1471.81103515625,1453.5955520478806,1471.81103515625,56400,0.0,0.0
2007-10-26 00:00:00+09:00,1445.3318458384172,1460.0426025390625,1442.389694498288,1460.0426025390625,61700,19.0,0.0
2007-10-29 00:00:00+09:00,1454.1584087855924,1454.8939466757217,1449.0096435546875,1449.0096435546875,108400,0.0,0.0
2007-10-30 00:00:00+09:00,1412.9681499129981,1412.9681499129981,1375.455721154246,1382.0755615234375,148100,0.0,0.0
2007-10-31 00:00:00+09:00,1382.0755615234375,1382.0755615234375,1382.0755615234375,1382.0755615234375,0,0.0,0.0
2007-11-01 00:00:00+09:00,1382.0755615234375,1382.0755615234375,1382.0755615234375,1382.0755615234375,0,0.0,0.0
2007-11-02 00:00:00+09:00,1434.298763930156,1441.6541422067207,1398.257410374988,1435.0343017578125,51800,0.0,0.0
2007-11-05 00:00:00+09:00,1435.0343017578125,1435.0343017578125,1435.0343017578125,1435.0343017578125,0,0.0,0.0
2007-11-06 00:00:00+09:00,1381.3400426600874,1396.7863370668297,1373.9846643711626,1377.662353515625,76000,0.0,0.0
2007-11-07 00:00:00+09:00,1376.1912325546623,1382.0755349920955,1372.5135435312668,1373.984619140625,35700,0.0,0.0
2007-11-08 00:00:00+09:00,1316.6124787040749,1324.7033933776754,1312.9347902160746,1318.819091796875,992700,0.0,0.0
2007-11-09 00:00:00+09:00,1318.8192015039172,1323.9679658154216,1316.612588227558,1321.7613525390625,176600,0.0,0.0
2007-11-12 00:00:00+09:00,1312.9346050147626,1320.2899809532207,1309.2569170455336,1319.554443359375,123200,0.0,0.0
2007-11-13 00:00:00+09:00,1316.612639702691,1325.4390931532118,1316.612639702691,1323.968017578125,148800,0.0,0.0
2007-11-14 00:00:00+09:00,1325.4391574149267,1325.4391574149267,1322.497006122108,1323.2325439453125,158300,0.0,0.0
2007-11-15 00:00:00+09:00,1323.967825434172,1327.645513838156,1309.257071818237,1326.1744384765625,122400,0.0,0.0
2007-11-16 00:00:00+09:00,1322.4969420030384,1327.645706515842,1321.7614042154948,1323.968017578125,104100,0.0,0.0
2007-11-19 00:00:00+09:00,1322.497006122108,1323.9680817685173,1320.2903926524937,1323.2325439453125,97900,0.0,0.0
2007-11-20 00:00:00+09:00,1323.2325439453125,1323.2325439453125,1323.2325439453125,1323.2325439453125,0,0.0,0.0
2007-11-21 00:00:00+09:00,1323.2325439453125,1323.9680817685173,1318.0837791828794,1323.2325439453125,68800,0.0,0.0
2007-11-22 00:00:00+09:00,1316.612639702691,1324.7035553656685,1313.6704885525173,1323.968017578125,115200,0.0,0.0
2007-11-26 00:00:00+09:00,1323.968017578125,1323.968017578125,1323.968017578125,1323.968017578125,0,0.0,0.0
2007-11-27 00:00:00+09:00,1324.7033631149689,1331.3232022421398,1323.967825434172,1326.1744384765625,103900,0.0,0.0
2007-11-28 00:00:00+09:00,1312.9347996158494,1335.00093070183,1312.9347996158494,1331.3232421875,157200,0.0,0.0
2007-11-29 00:00:00+09:00,1327.645513838156,1336.4719660077171,1325.4389007957657,1326.1744384765625,143100,0.0,0.0
2007-11-30 00:00:00+09:00,1327.645706515842,1332.0589332411025,1323.968017578125,1323.968017578125,172200,0.0,0.0
2007-12-03 00:00:00+09:00,1331.3232940320343,1335.0009826895812,1326.9100676429778,1333.5299072265625,88000,0.0,0.0
2007-12-04 00:00:00+09:00,1331.3233954535592,1332.7944710286458,1323.968017578125,1323.968017578125,86500,0.0,0.0
2007-12-05 00:00:00+09:00,1309.992495624671,1314.4057213258209,1305.579269923521,1309.2569580078125,172600,0.0,0.0
2007-12-06 00:00:00+09:00,1312.1991084752458,1313.6701837089624,1309.2569580078125,1309.2569580078125,132900,0.0,0.0
2007-12-07 00:00:00+09:00,1310.7281433926569,1312.9347564286716,1308.5215303566424,1312.19921875,149200,0.0,0.0
2007-12-10 00:00:00+09:00,1309.2573948368035,1312.935084148143,1307.05078125,1307.05078125,109800,0.0,0.0
2007-12-11 00:00:00+09:00,1307.7858827740959,1312.9346460921042,1307.7858827740959,1309.2569580078125,61300,0.0,0.0
2007-12-12 00:00:00+09:00,1294.5464715893058,1303.3729248046875,1290.8687827495635,1303.3729248046875,68500,0.0,0.0
2007-12-13 00:00:00+09:00,1291.6039864478398,1301.9015125356927,1281.3064603599869,1296.0172119140625,63000,0.0,0.0
2007-12-14 00:00:00+09:00,1274.6869142747962,1274.6869142747962,1268.8026123046875,1268.8026123046875,48400,0.0,0.0
2007-12-17 00:00:00+09:00,1257.7696533203125,1261.4473423651086,1254.8275020844753,1257.7696533203125,50000,0.0,0.0
2007-12-18 00:00:00+09:00,1257.7696533203125,1257.7696533203125,1257.7696533203125,1257.7696533203125,0,0.0,0.0
2007-12-19 00:00:00+09:00,1209.9598648173821,1211.4309406408684,1184.2160379063741,1204.0755615234375,94000,0.0,0.0
2007-12-20 00:00:00+09:00,1184.2158203125,1191.571198078416,1182.0092069827251,1184.2158203125,71400,0.0,0.0
2007-12-21 00:00:00+09:00,1166.562738144728,1175.389190135735,1155.5296731559695,1168.0338134765625,104800,0.0,0.0
2007-12-25 00:00:00+09:00,1170.240229307645,1200.3972685292752,1170.240229307645,1187.1575927734375,48400,0.0,0.0
2007-12-26 00:00:00+09:00,1170.9760437392713,1178.3314208984375,1170.2405060233546,1178.3314208984375,37400,0.0,0.0
2007-12-27 00:00:00+09:00,1177.595947265625,1181.2736360453428,1171.7116452180765,1177.595947265625,33600,0.0,0.0
2007-12-28 00:00:00+09:00,1177.595947265625,1177.595947265625,1177.595947265625,1177.595947265625,0,0.0,0.0
2008-01-04 00:00:00+09:00,1177.595947265625,1177.595947265625,1177.595947265625,1177.595947265625,0,0.0,0.0
2008-01-07 00:00:00+09:00,1116.5461967773438,1125.3726489257813,1103.3065185546875,1103.3065185546875,63800,0.0,0.0
2008-01-08 00:00:00+09:00,1126.10834051394,1136.4058694278494,1125.372802734375,1125.372802734375,40400,0.0,0.0
2008-01-09 00:00:00+09:00,1123.901459268762,1149.645275416934,1118.7526960391276,1146.703125,26500,0.0,0.0
2008-01-10 00:00:00+09:00,1148.1743345401678,1155.5297114430516,1140.0834199469955,1143.7611083984375,39100,0.0,0.0
2008-01-11 00:00:00+09:00,1154.7945556640625,1162.1499349995024,1149.6457901292547,1154.7945556640625,16100,0.0,0.0
2008-01-15 00:00:00+09:00,1140.083796993183,1154.7945556640625,1125.373038322303,1154.7945556640625,26200,0.0,0.0
2008-01-16 00:00:00+09:00,1103.3067311672185,1118.0174875827813,1103.3067311672185,1110.662109375,597900,0.0,0.0
2008-01-17 00:00:00+09:00,1140.083796993183,1154.7945556640625,1132.728417657743,1154.7945556640625,74100,0.0,0.0
2008-01-18 00:00:00+09:00,1136.4053955078125,1143.7607702360183,1136.4053955078125,1136.4053955078125,60600,0.0,0.0
2008-01-21 00:00:00+09:00,1140.083251953125,1141.5543271169356,1133.4634137159778,1140.083251953125,11800,0.0,0.0
2008-01-22 00:00:00+09:00,1099.6288361695802,1104.0420622679196,1092.2734593390144,1101.83544921875,65200,0.0,0.0
2008-01-23 00:00:00+09:00,1105.5133072681401,1119.488525390625,1100.3645426966984,1119.488525390625,56700,0.0,0.0
2008-01-24 00:00:00+09:00,1118.0170958719136,1132.7278471333861,1117.28155830884,1131.9923095703125,15100,0.0,0.0
2008-01-25 00:00:00+09:00,1134.934650124689,1147.4387907935936,1126.108197887815,1145.232177734375,229400,0.0,0.0
2008-01-28 00:00:00+09:00,1131.256910247999,1151.1164268778405,1131.256910247999,1143.0255126953125,34400,0.0,0.0
2008-01-29 00:00:00+09:00,1148.1743043942192,1151.116455078125,1143.0255406973843,1151.116455078125,12900,0.0,0.0
2008-01-30 00:00:00+09:00,1150.3805707327926,1162.149169921875,1145.2318085875693,1162.149169921875,15400,0.0,0.0
2008-01-31 00:00:00+09:00,1154.0588649155723,1176.125,1151.1167135709818,1176.125,42900,0.0,0.0
2008-02-01 00:00:00+09:00,1148.9101249459852,1171.7117983604062,1148.9101249459852,1170.24072265625,18800,0.0,0.0
2008-02-04 00:00:00+09:00,1157.0006455415948,1158.4717207425379,1148.1741943359375,1148.1741943359375,26500,0.0,0.0
2008-02-05 00:00:00+09:00,1149.6453797361721,1151.116455078125,1145.96769138129,1151.116455078125,27500,0.0,0.0
2008-02-06 00:00:00+09:00,1151.1163506254009,1151.1163506254009,1137.8766737491983,1146.703125,22500,0.0,0.0
2008-02-07 00:00:00+09:00,1140.8189297216543,1140.8189297216543,1130.5214023095955,1135.670166015625,24100,0.0,0.0
2008-02-08 00:00:00+09:00,1143.0255707081492,1144.4966460887258,1136.4057314955537,1143.7611083984375,62200,0.0,0.0
2008-02-12 00:00:00+09:00,1129.0504057936857,1147.438848884788,1129.0504057936857,1145.9677734375,16200,0.0,0.0
2008-02-13 00:00:00+09:00,1140.0832812817066,1140.0832812817066,1114.3394652527647,1132.7279052734375,15800,0.0,0.0
2008-02-14 00:00:00+09:00,1125.3723334155036,1136.4053955078125,1123.1657209970417,1136.4053955078125,49400,0.0,0.0
2008-02-15 00:00:00+09:00,1134.9346263166435,1151.116455078125,1134.9346263166435,1151.116455078125,18000,0.0,0.0
2008-02-18 00:00:00+09:00,1178.3314148101426,1179.802490234375,1166.5628114162835,1179.802490234375,29600,0.0,0.0
2008-02-19 00:00:00+09:00,1173.9181946029378,1178.3314208984375,1163.6206665801049,1178.3314208984375,24500,0.0,0.0
2008-02-20 00:00:00+09:00,1161.413935891176,1162.149473532652,1147.438720703125,1147.438720703125,30000,0.0,0.0
2008-02-21 00:00:00+09:00,1147.439201108871,1162.885498046875,1140.0838216145835,1162.885498046875,17300,0.0,0.0
2008-02-22 00:00:00+09:00,1141.5544673939442,1144.4966180831038,1125.3726386035662,1135.670166015625,49100,0.0,0.0
2008-02-25 00:00:00+09:00,1134.1994177827382,1158.47216796875,1132.728342013889,1158.47216796875,20500,0.0,0.0
2008-02-26 00:00:00+09:00,1130.5212924709567,1134.9345180759183,1127.5791420676492,1132.7279052734375,16100,0.0,0.0
2008-02-27 00:00:00+09:00,1132.7279633380313,1136.4056515306872,1129.7858127839065,1133.4635009765625,35800,0.0,0.0
2008-02-28 00:00:00+09:00,1128.31494140625,1134.1992435778602,1128.31494140625,1128.31494140625,25500,0.0,0.0
2008-02-29 00:00:00+09:00,1105.513097383127,1110.6618609770603,1095.9511078515363,1096.6866455078125,68000,0.0,0.0
2008-03-03 00:00:00+09:00,1095.215673779199,1101.0999755859375,1088.595834246618,1101.0999755859375,27800,0.0,0.0
2008-03-04 00:00:00+09:00,1089.3316007915296,1090.067138671875,1066.5299265008223,1076.0919189453125,30400,0.0,0.0
2008-03-05 00:00:00+09:00,957.67007722862,970.9097557156516,942.2237856604164,949.5791625976562,112700,0.0,0.0
2008-03-06 00:00:00+09:00,938.5461912155151,948.843719959259,932.6618890762329,941.4883422851562,164800,0.0,0.0
2008-03-07 00:00:00+09:00,896.6203119474184,909.859988415879,887.0583233868634,893.6781616210938,89000,0.0,0.0
2008-03-10 00:00:00+09:00,850.2818057689965,850.2818057689965,831.1578205181366,848.8107299804688,108500,0.0,0.0
2008-03-11 00:00:00+09:00,830.4222348429901,842.1908404740688,829.6866969910477,831.893310546875,61200,0.0,0.0
2008-03-12 00:00:00+09:00,848.8103435296216,860.5789444797723,841.4549679357774,853.9591064453125,40700,0.0,0.0
2008-03-13 00:00:00+09:00,824.5377838134765,825.2733215332031,821.5956329345703,823.80224609375,62400,0.0,0.0
2008-03-14 00:00:00+09:00,820.8600228856475,821.5955605405629,794.3806673086912,796.5872802734375,108800,0.0,0.0
2008-03-17 00:00:00+09:00,781.8765228959851,785.5542111504346,778.1988346415354,782.612060546875,82000,0.0,0.0
2008-03-18 00:00:00+09:00,781.1412931139023,785.5545207586136,781.1412931139023,781.8768310546875,94400,0.0,0.0
2008-03-19 00:00:00+09:00,783.3474588839807,790.7028340847692,781.876383843823,787.025146484375,90400,0.0,0.0
2008-03-21 00:00:00+09:00,777.4634306133919,781.8766572772332,770.8435906176297,779.6700439453125,52200,0.0,0.0
2008-03-24 00:00:00+09:00,779.6700439453125,780.4055817226194,775.992355058778,779.6700439453125,73400,0.0,0.0
2008-03-25 00:00:00+09:00,798.0584903466028,798.794028125724,790.7031125553898,793.645263671875,64200,0.0,0.0
2008-03-26 00:00:00+09:00,800.2651304472477,801.7362060546875,797.3229792323681,801.7362060546875,49600,0.0,0.0
2008-03-27 00:00:00+09:00,837.7774627685546,841.4551513671875,827.4799346923828,838.5130004882812,65100,0.0,0.0
2008-03-28 00:00:00+09:00,845.8684051275046,853.223782563396,844.3973296403263,846.6039428710938,71900,0.0,0.0
2008-03-31 00:00:00+09:00,845.8684836568884,849.5461727162661,827.4800383599995,828.215576171875,76700,0.0,0.0
2008-04-01 00:00:00+09:00,845.8684174621636,849.5461062337382,839.9841154276442,843.6618041992188,40100,0.0,0.0
2008-04-02 00:00:00+09:00,852.4882657814682,860.5791811598946,852.4882657814682,856.1659545898438,51100,0.0,0.0
2008-04-03 00:00:00+09:00,859.1081827343075,860.5792583896746,851.7528044574727,852.4883422851562,59500,0.0,0.0
2008-04-04 00:00:00+09:00,859.84375,864.2569771171942,856.1660607356715,859.84375,45600,0.0,0.0
2008-04-07 00:00:00+09:00,890.0004186417972,893.6781063221351,887.7938060335944,892.20703125,81800,0.0,0.0
2008-04-08 00:00:00+09:00,901.0338586326537,904.7115478515625,897.356169413745,904.7115478515625,52700,0.0,0.0
2008-04-09 00:00:00+09:00,896.6204895169988,897.3560272442481,883.3808104265098,895.1494140625,47300,0.0,0.0
2008-04-10 00:00:00+09:00,889.2652166276205,889.2652166276205,883.3809141189182,884.8519897460938,26400,0.0,0.0
2008-04-11 00:00:00+09:00,890.0007544412082,892.2073678819715,871.6123091015138,884.8519897460938,87700,0.0,0.0
2008-04-14 00:00:00+09:00,879.703109753916,886.3229492085859,878.9675720367304,883.3807983398438,33600,0.0,0.0
2008-04-15 00:00:00+09:00,893.6785635203618,893.6785635203618,882.6454948349252,885.587646484375,27700,0.0,0.0
2008-04-16 00:00:00+09:00,898.0913315385408,898.0913315385408,891.4714937139324,892.20703125,30300,0.0,0.0
2008-04-17 00:00:00+09:00,898.0916716580306,898.8272094726562,894.4139825849019,898.8272094726562,29200,0.0,0.0
2008-04-18 00:00:00+09:00,898.091796875,902.5050243780713,898.091796875,898.091796875,29300,0.0,0.0
2008-04-21 00:00:00+09:00,915.0087367325998,915.0087367325998,911.3310488839961,912.8021240234375,38400,0.0,0.0
2008-04-22 00:00:00+09:00,912.0670710516054,914.2736849331818,910.5959951305543,913.5381469726562,63100,0.0,0.0
2008-04-23 00:00:00+09:00,912.0665864537168,912.8021240234375,911.3310488839961,912.8021240234375,96300,0.0,0.0
2008-04-24 00:00:00+09:00,888.899035344782,890.3929833033446,882.17626953125,882.17626953125,82900,19.0,0.0
2008-04-25 00:00:00+09:00,865.7429995352301,870.2248442265255,859.020232498287,868.7308959960938,44400,0.0,0.0
2008-04-28 00:00:00+09:00,853.0445311438519,859.0203247070312,847.0687375806725,859.0203247070312,41200,0.0,0.0
2008-04-30 00:00:00+09:00,859.7671911942331,862.0081134996916,851.5504760742188,851.5504760742188,51800,0.0,0.0
2008-05-01 00:00:00+09:00,851.550676250206,854.538573359856,847.8158048631437,849.3097534179688,26800,0.0,0.0
2008-05-02 00:00:00+09:00,856.7792264047148,862.755018742324,853.7913302359102,855.2852783203125,32700,0.0,0.0
2008-05-07 00:00:00+09:00,808.2261513097963,809.7200998334743,800.7564086914062,800.7564086914062,171400,0.0,0.0
2008-05-08 00:00:00+09:00,804.491283791282,821.6716918945312,802.9973352605646,821.6716918945312,76600,0.0,0.0
2008-05-09 00:00:00+09:00,806.7319078471902,808.9728298134323,804.490985880948,807.4788818359375,38600,0.0,0.0
2008-05-12 00:00:00+09:00,814.9489404474917,821.6717089754728,813.4549918857182,819.4307861328125,87900,0.0,0.0
2008-05-13 00:00:00+09:00,829.8882446289062,835.1170634519507,826.1533740410174,829.8882446289062,74600,0.0,0.0
2008-05-14 00:00:00+09:00,836.6109970868644,844.0807381322828,829.8882301459878,837.3579711914062,53000,0.0,0.0
2008-05-15 00:00:00+09:00,844.8276417294965,856.7792264047148,844.0806676872953,855.2852783203125,42800,0.0,0.0
2008-05-16 00:00:00+09:00,851.5504739732734,859.020214973039,846.3216552734375,846.3216552734375,34100,0.0,0.0
2008-05-19 00:00:00+09:00,853.7913396381356,862.7550282432603,853.7913396381356,856.7792358398438,62000,0.0,0.0
2008-05-20 00:00:00+09:00,865.7428941397832,873.9596084068561,865.7428941397832,866.4898681640625,42200,0.0,0.0
2008-05-21 00:00:00+09:00,859.0201932794126,863.5020377660878,857.5262451171876,857.5262451171875,33500,0.0,0.0
2008-05-22 00:00:00+09:00,855.2854537300442,860.5142730978262,855.2854537300442,859.0203247070312,30300,0.0,0.0
2008-05-23 00:00:00+09:00,856.0323486328125,861.2611675162591,855.2853745066059,856.0323486328125,21300,0.0,0.0
2008-05-26 00:00:00+09:00,860.5142730978262,862.7551956840184,857.5263763162365,859.0203247070312,28400,0.0,0.0
2008-05-27 00:00:00+09:00,860.5143871753246,866.4901815307088,859.0204385864786,862.7553100585938,15300,0.0,0.0
2008-05-28 00:00:00+09:00,856.7792947869551,862.755087601511,848.5625796669408,851.5504760742188,25800,0.0,0.0
2008-05-29 00:00:00+09:00,850.8036085576597,865.743092465608,849.3096601668648,859.0203247070312,11500,0.0,0.0
2008-05-30 00:00:00+09:00,853.7913983796772,856.0323206851357,850.8035019723992,851.5504760742188,18800,0.0,0.0
2008-06-02 00:00:00+09:00,859.7670830855319,865.7428751486808,859.0201090776384,863.501953125,28400,0.0,0.0
2008-06-03 00:00:00+09:00,854.5384976339092,862.0082397460938,854.5384976339092,862.0082397460938,21300,0.0,0.0
2008-06-04 00:00:00+09:00,855.285249658533,884.417236328125,853.0443276070259,884.417236328125,92300,0.0,0.0
2008-06-05 00:00:00+09:00,877.6944957742828,888.8991063586353,876.2005476963692,883.6702880859375,54300,0.0,0.0
2008-06-06 00:00:00+09:00,887.4051959520624,891.140066305396,882.1763774573953,889.6461181640625,25900,0.0,0.0
2008-06-09 00:00:00+09:00,882.9233585762938,889.646125265961,882.9233585762938,885.9112548828125,14300,0.0,0.0
2008-06-10 00:00:00+09:00,883.6703469412668,883.6703469412668,878.4415283203125,878.4415283203125,15700,0.0,0.0
2008-06-11 00:00:00+09:00,875.4534816122463,881.4292732956062,873.9595336914062,873.9595336914062,31000,0.0,0.0
2008-06-12 00:00:00+09:00,850.056499824322,855.2853183645419,845.5746553612764,847.068603515625,81100,0.0,0.0
2008-06-13 00:00:00+09:00,844.827907753494,849.3097534179688,844.0809334760814,849.3097534179688,20700,0.0,0.0
2008-06-16 00:00:00+09:00,848.5627090790199,850.056657510497,845.5748122160655,847.8157348632812,46300,0.0,0.0
2008-06-17 00:00:00+09:00,850.8034926483208,858.2732335846537,845.5746739928877,850.0565185546875,58400,0.0,0.0
2008-06-18 00:00:00+09:00,850.8037019727936,850.8037019727936,848.5627791405562,849.3097534179688,20300,0.0,0.0
2008-06-19 00:00:00+09:00,856.779271036075,859.0201932794126,850.8034783871748,857.5262451171875,70400,0.0,0.0
2008-06-20 00:00:00+09:00,853.044407748592,859.0202004473563,852.2974336612465,853.7913818359375,18700,0.0,0.0
2008-06-23 00:00:00+09:00,853.7913818359375,856.7792781853196,849.3095373118643,853.7913818359375,22300,0.0,0.0
2008-06-24 00:00:00+09:00,858.2733505116338,864.2491440748132,856.779402120839,859.0203247070312,22800,0.0,0.0
2008-06-25 00:00:00+09:00,853.7914262541926,859.0202451376391,853.7914262541926,856.0323486328125,24600,0.0,0.0
2008-06-26 00:00:00+09:00,862.008021385279,863.5019694292743,861.2610473632812,861.2610473632812,8800,0.0,0.0
2008-06-27 00:00:00+09:00,862.0080447001228,862.0080447001228,855.2852783203125,855.2852783203125,15100,0.0,0.0
2008-06-30 00:00:00+09:00,852.297526401756,856.7793714135095,844.080810546875,844.080810546875,54400,0.0,0.0
2008-07-01 00:00:00+09:00,852.2974780017794,856.0323486328125,850.0565556231594,856.0323486328125,10300,0.0,0.0
2008-07-02 00:00:00+09:00,852.2974408355874,859.020207678287,847.8155962737876,850.0565185546875,20500,0.0,0.0
2008-07-03 00:00:00+09:00,852.2976699366714,863.5022843530168,852.2976699366714,862.7553100585938,57200,0.0,0.0
2008-07-04 00:00:00+09:00,862.7550636849753,862.7550636849753,857.5262451171876,857.5262451171875,13000,0.0,0.0
2008-07-07 00:00:00+09:00,859.0202285062759,861.2611508415097,855.2853579475529,858.2732543945312,40600,0.0,0.0
2008-07-08 00:00:00+09:00,852.2974501760382,856.0323206851357,851.5504760742188,851.5504760742188,22600,0.0,0.0
2008-07-09 00:00:00+09:00,859.0203140619864,859.0203140619864,852.2975463867188,852.2975463867188,16400,0.0,0.0
2008-07-10 00:00:00+09:00,855.2852877389897,859.020157991125,851.5504174868544,856.7792358398438,14800,0.0,0.0
2008-07-11 00:00:00+09:00,850.8034926483208,853.0444149292207,848.5625703674209,850.0565185546875,13200,0.0,0.0
2008-07-14 00:00:00+09:00,845.5749502983844,850.0567963247008,835.1173095703124,835.1173095703125,31300,0.0,0.0
2008-07-15 00:00:00+09:00,836.6110116871063,839.5989081574173,829.8882446289062,829.8882446289062,24900,0.0,0.0
2008-07-16 00:00:00+09:00,826.1533504209954,835.864013671875,821.6715058436663,835.864013671875,21500,0.0,0.0
2008-07-17 00:00:00+09:00,811.9607990229895,821.6714617527953,811.9607990229895,814.2017211914062,32300,0.0,0.0
2008-07-18 00:00:00+09:00,804.4909697810663,810.4667615714549,799.2621519644762,809.7197875976562,34400,0.0,0.0
2008-07-22 00:00:00+09:00,809.7197875976562,809.7197875976562,809.7197875976562,809.7197875976562,0,0.0,0.0
2008-07-23 00:00:00+09:00,832.8761596679686,833.6231338022001,827.6473407283491,832.8761596679688,28200,0.0,0.0
2008-07-24 00:00:00+09:00,840.3458676095736,840.3458676095736,837.3579711914062,837.3579711914062,9000,0.0,0.0
2008-07-25 00:00:00+09:00,833.6233608948736,835.8642839080319,833.6233608948736,835.1173095703125,5900,0.0,0.0
2008-07-28 00:00:00+09:00,835.8640229823226,837.3579711914062,834.3700747732389,837.3579711914062,11300,0.0,0.0
2008-07-29 00:00:00+09:00,831.3822040557861,838.8519453321185,829.1412816728864,836.6110229492188,31400,0.0,0.0
2008-07-30 00:00:00+09:00,839.5989194597516,847.068660736084,836.6110229492188,836.6110229492188,28400,0.0,0.0
2008-07-31 00:00:00+09:00,844.0808806402523,850.8036487161481,844.0808806402523,845.5748291015625,16900,0.0,0.0
2008-08-01 00:00:00+09:00,848.5625632245188,857.5262522726651,848.5625632245188,853.7913818359375,19300,0.0,0.0
2008-08-04 00:00:00+09:00,859.0203247070312,861.2612472932235,856.779402120839,859.0203247070312,20300,0.0,0.0
2008-08-05 00:00:00+09:00,859.7671019455482,867.9838162126213,859.7671019455482,866.4898681640625,24300,0.0,0.0
2008-08-06 00:00:00+09:00,869.4777642611799,871.718686334018,866.4898681640625,866.4898681640625,24400,0.0,0.0
2008-08-07 00:00:00+09:00,865.7428751486808,867.9837971723615,863.501953125,863.501953125,27300,0.0,0.0
2008-08-08 00:00:00+09:00,864.2491997032721,873.9598648684774,864.2491997032721,873.212890625,60000,0.0,0.0
2008-08-11 00:00:00+09:00,874.7065297384366,882.17626953125,874.7065297384366,882.17626953125,26300,0.0,0.0
2008-08-12 00:00:00+09:00,887.4051539209597,894.1279202385427,885.9112058503857,892.6339721679688,22000,0.0,0.0
2008-08-13 00:00:00+09:00,889.6460691833496,896.3688354492188,889.6460691833496,896.3688354492188,38700,0.0,0.0
2008-08-14 00:00:00+09:00,893.3811142537604,900.1038818359375,893.3811142537604,900.1038818359375,46600,0.0,0.0
2008-08-15 00:00:00+09:00,901.5977617248031,904.5856582011073,895.6219687721947,903.8386840820312,38500,0.0,0.0
2008-08-18 00:00:00+09:00,912.0553447063331,920.2720595235073,911.3083706320446,919.5250854492188,54000,0.0,0.0
2008-08-19 00:00:00+09:00,912.055612703649,918.7783813476561,911.3086384098704,918.7783813476562,18100,0.0,0.0
2008-08-20 00:00:00+09:00,911.3085677563217,917.2843616432484,911.3085677563217,912.0555419921875,9400,0.0,0.0
2008-08-21 00:00:00+09:00,911.3086376673651,913.5495605468751,904.5858690288354,913.549560546875,16500,0.0,0.0
2008-08-22 00:00:00+09:00,912.802586253705,913.5495605468751,903.0919204424955,913.549560546875,19700,0.0,0.0
2008-08-25 00:00:00+09:00,912.0555419921875,921.0192328225776,910.5615935204559,912.0555419921875,50100,0.0,0.0
2008-08-26 00:00:00+09:00,907.5734347717234,915.043174975606,907.5734347717234,909.0673828125,20400,0.0,0.0
2008-08-27 00:00:00+09:00,911.3082275390625,912.802175453061,904.5854619260693,911.3082275390625,17700,0.0,0.0
2008-08-28 00:00:00+09:00,909.8143896202131,911.3083377148275,904.5855712890625,904.5855712890625,18100,0.0,0.0
2008-08-29 00:00:00+09:00,904.5855130601204,910.5613050539115,903.0915650616727,909.8143310546875,25900,0.0,0.0
2008-09-01 00:00:00+09:00,915.0434400825625,919.525285503375,912.0555431353541,917.2843627929688,74400,0.0,0.0
2008-09-02 00:00:00+09:00,918.77824095684,919.5252151364798,910.5615249808033,915.7903442382812,22100,0.0,0.0
2008-09-03 00:00:00+09:00,922.5128461544213,927.7416639059038,917.2840284029387,926.9946899414062,74000,0.0,0.0
2008-09-04 00:00:00+09:00,832.129206232488,833.6231545381117,802.9972142728227,816.4427490234375,219500,0.0,0.0
2008-09-05 00:00:00+09:00,794.7802185692576,795.5271924588903,783.5756102247661,791.0453491210938,134200,0.0,0.0
2008-09-08 00:00:00+09:00,794.7804285060255,794.7804285060255,790.298583984375,790.298583984375,27600,0.0,0.0
2008-09-09 00:00:00+09:00,797.7684403111771,797.7684403111771,791.0456725557458,794.0335693359375,35300,0.0,0.0
2008-09-10 00:00:00+09:00,794.0333767386678,794.0333767386678,791.7924546970723,792.5394287109375,54300,0.0,0.0
2008-09-11 00:00:00+09:00,792.5395395257174,792.5395395257174,785.8167724609375,785.8167724609375,16000,0.0,0.0
2008-09-12 00:00:00+09:00,788.0576710251142,794.0334637911815,785.816748737839,791.7925415039062,25800,0.0,0.0
2008-09-16 00:00:00+09:00,782.081878259047,806.7320234190743,781.3349041632886,791.7925415039062,98700,0.0,0.0
2008-09-17 00:00:00+09:00,796.2744233206416,797.7683715820312,791.792578536473,797.7683715820312,20300,0.0,0.0
2008-09-18 00:00:00+09:00,791.7925016686362,808.2259309485513,791.7925016686362,800.0092163085938,51300,0.0,0.0
2008-09-19 00:00:00+09:00,805.9850803606337,851.5505019565545,805.9850803606337,850.8035278320312,47000,0.0,0.0
2008-09-22 00:00:00+09:00,829.1412256634425,850.8034739014963,822.418458968874,847.068603515625,58900,0.0,0.0
2008-09-24 00:00:00+09:00,839.5989194597516,840.3458935873849,835.8640488215855,836.6110229492188,17600,0.0,0.0
2008-09-25 00:00:00+09:00,816.442638805687,826.1533014813265,813.454742597798,823.1654052734375,37500,0.0,0.0
2008-09-26 00:00:00+09:00,818.6836309018342,824.659423828125,806.7320450492527,824.659423828125,55100,0.0,0.0
2008-09-29 00:00:00+09:00,824.6594681571815,831.3822355606368,814.2018299740289,826.900390625,27100,0.0,0.0
2008-09-30 00:00:00+09:00,808.2260771145785,821.6716125933793,808.2260771145785,818.6837158203125,20300,0.0,0.0
2008-10-01 00:00:00+09:00,825.4064052814348,825.4064052814348,819.4306123020217,820.924560546875,15100,0.0,0.0
2008-10-02 00:00:00+09:00,810.4669301034763,820.9245679112631,800.0092922956895,817.189697265625,29700,0.0,0.0
2008-10-03 00:00:00+09:00,811.2139983457677,812.7079467773438,806.7321530510397,812.7079467773438,28500,0.0,0.0
2008-10-06 00:00:00+09:00,812.7079467773438,812.7079467773438,799.2624108931597,812.7079467773438,46800,0.0,0.0
2008-10-07 00:00:00+09:00,786.5638868158513,795.5275778336958,785.0699383128773,788.8048095703125,96100,0.0,0.0
2008-10-08 00:00:00+09:00,820.9243357737067,844.080527228652,807.4788052514804,823.9122314453125,82600,0.0,0.0
2008-10-09 00:00:00+09:00,817.1895261278339,861.2609905168122,817.1895261278339,838.1047973632812,65000,0.0,0.0
2008-10-10 00:00:00+09:00,806.7320578438895,836.6110229492188,791.7925752912249,836.6110229492188,56100,0.0,0.0
2008-10-14 00:00:00+09:00,853.7912340497637,855.2851819658613,836.6108330146417,854.5382080078125,35800,0.0,0.0
2008-10-15 00:00:00+09:00,840.3458919824731,865.743012273499,838.8519437300598,856.0323486328125,33300,0.0,0.0
2008-10-16 00:00:00+09:00,826.1534606383727,829.141357421875,821.6716154631193,829.141357421875,49900,0.0,0.0
2008-10-17 00:00:00+09:00,825.4064183256551,835.1170820706627,821.6715476544982,832.8761596679688,47600,0.0,0.0
2008-10-20 00:00:00+09:00,832.8760728186604,840.3458133820565,832.8760728186604,833.623046875,60500,0.0,0.0
2008-10-21 00:00:00+09:00,830.6353947816953,838.8521118164062,830.6353947816953,838.8521118164062,38000,0.0,0.0
2008-10-22 00:00:00+09:00,832.8760869334877,835.1170091404837,825.4063462435013,826.1533203125,32200,0.0,0.0
2008-10-23 00:00:00+09:00,814.2019492409446,821.6716918945312,814.2019492409446,821.6716918945312,18400,0.0,0.0
2008-10-24 00:00:00+09:00,823.9124383517052,823.9124383517052,806.7320339255136,817.9366455078125,19200,0.0,0.0
2008-10-27 00:00:00+09:00,802.9970388178997,810.4667787138801,782.8287410987524,793.286376953125,69900,0.0,0.0
2008-10-28 00:00:00+09:00,762.1027866710316,803.1741943359375,760.5816234241832,803.1741943359375,60900,19.0,0.0
2008-10-29 00:00:00+09:00,771.2294921875,794.8075141380053,770.4689108342578,771.2294921875,47600,0.0,0.0
2008-10-30 00:00:00+09:00,783.3990478515625,798.6106798486802,783.3990478515625,783.3990478515625,33000,0.0,0.0
2008-10-31 00:00:00+09:00,787.2018326093566,806.2163696289062,784.1595066862286,806.2163696289062,68800,0.0,0.0
2008-11-04 00:00:00+09:00,792.5257382551243,825.2307351312954,791.004575609721,824.4701538085938,46700,0.0,0.0
2008-11-05 00:00:00+09:00,826.7521747701309,835.8791537004358,824.4704300375546,827.5127563476562,13500,0.0,0.0
2008-11-06 00:00:00+09:00,816.1039689240632,821.4280395507812,806.9769907068323,821.4280395507812,10500,0.0,0.0
2008-11-07 00:00:00+09:00,808.4978309132227,820.6671303437134,801.6525999835718,813.8218994140625,21100,0.0,0.0
2008-11-10 00:00:00+09:00,815.343505859375,821.4281588881763,806.216526316173,815.343505859375,10700,0.0,0.0
2008-11-11 00:00:00+09:00,812.300934767789,825.2308185609094,806.9768649706219,823.7096557617188,19800,0.0,0.0
2008-11-12 00:00:00+09:00,798.6106503043759,805.455884449842,794.0471608740652,800.8923950195312,35400,0.0,0.0
2008-11-13 00:00:00+09:00,784.9201087364784,791.0047607421875,761.3420822143555,791.0047607421875,30200,0.0,0.0
2008-11-14 00:00:00+09:00,787.201904296875,787.201904296875,760.5815500452899,787.201904296875,35700,0.0,0.0
2008-11-17 00:00:00+09:00,774.2719602584839,783.3989381790161,774.2719602584839,778.83544921875,17800,0.0,0.0
2008-11-18 00:00:00+09:00,764.3843307719732,775.032470703125,759.0602608063972,775.032470703125,67300,0.0,0.0
2008-11-19 00:00:00+09:00,741.5670166015625,747.6516690454728,724.0736408253205,741.5670166015625,95700,0.0,0.0
2008-11-20 00:00:00+09:00,694.4107651654413,711.1435546875,694.4107651654413,711.1435546875,72500,0.0,0.0
2008-11-21 00:00:00+09:00,692.889743257641,710.3831176757812,692.889743257641,710.3831176757812,68300,0.0,0.0
2008-11-25 00:00:00+09:00,710.3831264329993,710.3831264329993,685.2839367410411,699.7349853515625,70900,0.0,0.0
2008-11-26 00:00:00+09:00,695.9320414538951,699.7349487842442,675.3963418700097,690.6079711914062,89300,0.0,0.0
2008-11-27 00:00:00+09:00,705.0588995921039,705.8194809293122,695.9319235456041,696.6925048828125,49300,0.0,0.0
2008-11-28 00:00:00+09:00,697.4531363450601,732.4398803710938,697.4531363450601,732.4398803710938,63200,0.0,0.0
2008-12-01 00:00:00+09:00,689.0867532803868,696.6925673342541,684.5232648480663,688.326171875,65400,0.0,0.0
2008-12-02 00:00:00+09:00,683.7627540672219,692.129150390625,676.9175207117102,692.129150390625,41100,0.0,0.0
2008-12-03 00:00:00+09:00,681.4810476125137,692.8897705078125,681.4810476125137,692.8897705078125,25800,0.0,0.0
2008-12-04 00:00:00+09:00,679.1993663194444,684.5234375,670.0723871527778,684.5234375,50300,0.0,0.0
2008-12-05 00:00:00+09:00,682.2414996781163,683.76266244217,672.3539417117668,680.7203369140625,22700,0.0,0.0
2008-12-08 00:00:00+09:00,698.9743530933276,703.537841796875,692.8897014885979,703.537841796875,28000,0.0,0.0
2008-12-09 00:00:00+09:00,699.7351998993845,703.5381085944898,692.8899642481948,702.7775268554688,24600,0.0,0.0
2008-12-10 00:00:00+09:00,693.6503395072247,698.2138285829301,692.1291764819895,697.4532470703125,24800,0.0,0.0
2008-12-11 00:00:00+09:00,686.0444276588398,688.326171875,684.5232648480663,688.326171875,42500,0.0,0.0
2008-12-12 00:00:00+09:00,682.2415324753198,687.5656024054505,681.4809510567297,683.7626953125,30200,0.0,0.0
2008-12-15 00:00:00+09:00,694.4108499895062,703.5378272073311,686.0444542065002,693.6502685546875,55200,0.0,0.0
2008-12-16 00:00:00+09:00,689.8472402490072,695.1713093578749,685.2837524414062,685.2837524414062,6425800,0.0,0.0
2008-12-17 00:00:00+09:00,679.1992068009594,683.7626953125,667.7904855221079,683.7626953125,5713900,0.0,0.0
2008-12-18 00:00:00+09:00,663.9875256554556,673.114501953125,653.3393866415078,673.114501953125,4819900,0.0,0.0
2008-12-19 00:00:00+09:00,657.902895453256,680.7203369140625,657.1423140712291,680.7203369140625,16061000,0.0,0.0
2008-12-22 00:00:00+09:00,680.7203592390023,680.7203592390023,669.311638134438,679.9597778320312,2255700,0.0,0.0
2008-12-24 00:00:00+09:00,681.4809510567297,683.7626953125,676.9174625451891,683.7626953125,1278100,0.0,0.0
2008-12-25 00:00:00+09:00,683.0021034599151,683.0021034599151,679.9597778320312,679.9597778320312,1657900,0.0,0.0
2008-12-26 00:00:00+09:00,681.4809076544943,682.2414890246445,676.9174194335938,676.9174194335938,701900,0.0,0.0
2008-12-29 00:00:00+09:00,678.4385763512213,683.7626458965784,678.4385763512213,679.1991577148438,951900,0.0,0.0
2008-12-30 00:00:00+09:00,679.1991577148438,679.1991577148438,679.1991577148438,679.1991577148438,0,0.0,0.0
2009-01-05 00:00:00+09:00,679.1991577148438,679.1991577148438,679.1991577148438,679.1991577148438,0,0.0,0.0
2009-01-06 00:00:00+09:00,690.6079874227336,692.129150390625,689.086824454842,692.129150390625,3088100,0.0,0.0
2009-01-07 00:00:00+09:00,692.1292050749162,696.6926943391464,688.3262973547244,694.4109497070312,7527000,0.0,0.0
2009-01-08 00:00:00+09:00,679.9598104566137,686.8050434477876,679.9598104566137,683.0021362304688,3382900,0.0,0.0
2009-01-09 00:00:00+09:00,677.6781005859375,679.9598450323548,673.1146116931029,677.6781005859375,5043400,0.0,0.0
2009-01-13 00:00:00+09:00,676.9174136239765,679.1991577148438,669.311599987752,679.1991577148438,4714900,0.0,0.0
2009-01-14 00:00:00+09:00,676.917516873311,686.0444946289062,676.1569353936782,686.0444946289062,7513200,0.0,0.0
2009-01-15 00:00:00+09:00,679.1991297489026,682.241455078125,673.8750604227633,682.241455078125,6229200,0.0,0.0
2009-01-16 00:00:00+09:00,684.5233033034975,689.0867919921875,684.5233033034975,689.0867919921875,9676700,0.0,0.0
2009-01-19 00:00:00+09:00,689.8475086805555,691.368671875,684.5234375,684.5234375,1386100,0.0,0.0
2009-01-20 00:00:00+09:00,684.5234375,684.5234375,683.0022743055555,684.5234375,3534800,0.0,0.0
2009-01-21 00:00:00+09:00,681.4809510567297,683.7626953125,681.4809510567297,683.7626953125,2697500,0.0,0.0
2009-01-22 00:00:00+09:00,682.2415324753198,684.52327673109,680.7203696381396,683.7626953125,4633400,0.0,0.0
2009-01-23 00:00:00+09:00,683.002085739592,688.3261554502569,682.2415043523541,686.8049926757812,7680300,0.0,0.0
2009-01-26 00:00:00+09:00,682.2415324753198,683.7626953125,681.4809510567297,683.7626953125,2518800,0.0,0.0
2009-01-27 00:00:00+09:00,678.438647569686,683.7627176739326,678.438647569686,683.0021362304688,5685100,0.0,0.0
2009-01-28 00:00:00+09:00,679.1992068009594,683.7626953125,679.1992068009594,683.7626953125,7390600,0.0,0.0
2009-01-29 00:00:00+09:00,683.7628559027777,684.5234375,681.4811111111111,684.5234375,3271300,0.0,0.0
2009-01-30 00:00:00+09:00,683.002085739592,686.8049926757812,680.7203415778783,686.8049926757812,3990200,0.0,0.0
2009-02-02 00:00:00+09:00,683.0020364104306,684.5231990750418,676.1568044196802,682.241455078125,8150700,0.0,0.0
2009-02-03 00:00:00+09:00,680.7205295138889,684.5234375,680.7205295138889,684.5234375,5526600,0.0,0.0
2009-02-04 00:00:00+09:00,684.523266273857,684.523266273857,676.9174522041475,679.9597778320312,4182700,0.0,0.0
2009-02-05 00:00:00+09:00,672.3539936295683,676.1569008333555,668.5510864257812,668.5510864257812,5848100,0.0,0.0
2009-02-06 00:00:00+09:00,669.3115787354898,672.3539040933783,667.7904160565455,671.5933227539062,3754300,0.0,0.0
2009-02-09 00:00:00+09:00,673.1145750703258,675.3963193925981,668.5510864257812,668.5510864257812,4611800,0.0,0.0
2009-02-10 00:00:00+09:00,669.3117931757329,679.9599353398922,669.3117931757329,674.6358642578125,3764900,0.0,0.0
2009-02-12 00:00:00+09:00,664.7480906986568,675.3962294512669,664.7480906986568,671.5933227539062,9971400,0.0,0.0
2009-02-13 00:00:00+09:00,667.7904160565455,673.1144854328505,667.0298347170733,671.5933227539062,5245200,0.0,0.0
2009-02-16 00:00:00+09:00,675.3961791992188,675.3961791992188,669.3115289361627,675.3961791992188,5131900,0.0,0.0
2009-02-17 00:00:00+09:00,672.3541195083498,675.3964458409667,670.0723747588871,674.6358642578125,1247800,0.0,0.0
2009-02-18 00:00:00+09:00,667.7904498653324,673.1145195111836,665.5087057313963,666.269287109375,10406800,0.0,0.0
2009-02-19 00:00:00+09:00,665.5089111328125,671.5935640345982,662.4665846819197,665.5089111328125,2366000,0.0,0.0
2009-02-20 00:00:00+09:00,654.8605124347448,658.6634190110209,654.8605124347448,655.62109375,3176500,0.0,0.0
2009-02-23 00:00:00+09:00,649.5366111728413,650.2971926847532,642.6913775656333,645.7337036132812,2573100,0.0,0.0
2009-02-24 00:00:00+09:00,642.6913775656333,645.7337036132812,641.1702145418093,645.7337036132812,5702200,0.0,0.0
2009-02-25 00:00:00+09:00,644.973150887574,645.733732433432,641.9308247041421,642.69140625,5328600,0.0,0.0
2009-02-26 00:00:00+09:00,642.6914126289712,646.4943203960065,640.40966796875,640.40966796875,3510700,0.0,0.0
2009-02-27 00:00:00+09:00,638.88836547995,647.2547607421875,637.3672027049978,647.2547607421875,9812300,0.0,0.0
2009-03-02 00:00:00+09:00,648.0154481490173,648.0154481490173,642.6913775656333,645.7337036132812,6613600,0.0,0.0
2009-03-03 00:00:00+09:00,640.4096743705304,640.4096743705304,638.1279296875,638.1279296875,11194100,0.0,0.0
2009-03-04 00:00:00+09:00,637.3672157488853,637.3672157488853,634.3248901367188,634.3248901367188,22336000,0.0,0.0
2009-03-05 00:00:00+09:00,638.127797151927,638.127797151927,634.3248901367188,634.3248901367188,7784100,0.0,0.0
2009-03-06 00:00:00+09:00,627.4796142578125,632.8036837121213,625.9584515565815,627.4796142578125,12724300,0.0,0.0
2009-03-09 00:00:00+09:00,625.1979041810724,625.1979041810724,619.873834437438,622.1555786132812,5288500,0.0,0.0
2009-03-10 00:00:00+09:00,613.7892477524341,615.3104106960584,604.6622700906878,605.4228515625,13142400,0.0,0.0
2009-03-11 00:00:00+09:00,610.7470610577958,610.7470610577958,601.6200813159608,606.9441528320312,8363200,0.0,0.0
2009-03-12 00:00:00+09:00,600.8592529296875,600.8592529296875,597.8169275983979,600.8592529296875,9558100,0.0,0.0
2009-03-13 00:00:00+09:00,603.9018262514196,606.9441528320312,600.8594996708078,606.9441528320312,8859900,0.0,0.0
2009-03-16 00:00:00+09:00,611.5074391260124,622.916160005229,611.5074391260124,622.1555786132812,6203800,0.0,0.0
2009-03-17 00:00:00+09:00,622.1556294383745,622.1556294383745,618.3527221679688,618.3527221679688,8247200,0.0,0.0
2009-03-18 00:00:00+09:00,623.677001953125,626.7193287919207,621.3952568240281,623.677001953125,19229900,0.0,0.0
2009-03-19 00:00:00+09:00,622.9162885981835,625.9586147940232,618.3527993044239,619.8739624023438,4869200,0.0,0.0
2009-03-23 00:00:00+09:00,620.6345825195312,627.4798168855555,620.6345825195312,620.6345825195312,6519800,0.0,0.0
2009-03-24 00:00:00+09:00,628.2404922113186,628.2404922113186,622.1558385337271,623.677001953125,6903300,0.0,0.0
2009-03-25 00:00:00+09:00,619.8740009233063,621.3951641157562,619.1134193270814,620.6345825195312,13606400,0.0,0.0
2009-03-26 00:00:00+09:00,623.6767964705771,625.1979593887979,622.9162150114666,624.4373779296875,12406700,0.0,0.0
2009-03-27 00:00:00+09:00,646.4943139792899,646.4943139792899,641.170243158284,642.69140625,24397400,0.0,0.0
2009-03-30 00:00:00+09:00,650.2972606902426,653.339587056045,642.691444775737,643.4520263671875,27206000,0.0,0.0
2009-03-31 00:00:00+09:00,642.6913970840685,653.3395385742188,641.1702340140471,653.3395385742188,15314400,0.0,0.0
2009-04-01 00:00:00+09:00,651.0577168948731,654.1000426747557,648.7759725599611,651.8182983398438,9383600,0.0,0.0
2009-04-02 00:00:00+09:00,658.6635457356771,663.2270345052084,658.6635457356771,661.7058715820312,9280200,0.0,0.0
2009-04-03 00:00:00+09:00,657.9030277842832,657.9030277842832,650.2972124341759,653.3395385742188,21490500,0.0,0.0
2009-04-06 00:00:00+09:00,654.8607502389461,654.8607502389461,642.691444775737,643.4520263671875,11959300,0.0,0.0
2009-04-07 00:00:00+09:00,643.4519843644994,643.4519843644994,635.8461689464792,636.6067504882812,11474600,0.0,0.0
2009-04-08 00:00:00+09:00,638.8885403022081,638.8885403022081,634.3250507286209,635.0856323242188,13198100,0.0,0.0
2009-04-09 00:00:00+09:00,636.6067665654797,638.1279296875,634.3250218824493,638.1279296875,9412900,0.0,0.0
2009-04-10 00:00:00+09:00,635.8461365991709,635.8461365991709,632.0432290836256,633.5643920898438,5553700,0.0,0.0
2009-04-13 00:00:00+09:00,634.3248901367188,635.8460529428021,631.2825645245523,634.3248901367188,8671400,0.0,0.0
2009-04-14 00:00:00+09:00,633.564469133023,635.0856323242188,631.2827243462294,635.0856323242188,7759600,0.0,0.0
2009-04-15 00:00:00+09:00,635.0856323242188,635.0856323242188,632.0433059418273,635.0856323242188,11273600,0.0,0.0
2009-04-16 00:00:00+09:00,634.3250507286209,635.0856323242188,630.5221427506316,635.0856323242188,9405200,0.0,0.0
2009-04-17 00:00:00+09:00,633.5643413243259,638.8884114194884,633.5643413243259,637.3672485351562,17921300,0.0,0.0
2009-04-20 00:00:00+09:00,641.1702495221571,642.6914126289712,639.6490864153429,640.40966796875,11955200,0.0,0.0
2009-04-21 00:00:00+09:00,641.1702591897183,644.9731670140939,641.1702591897183,644.2125854492188,13086800,0.0,0.0
2009-04-22 00:00:00+09:00,648.776017181218,651.0577616730628,648.0154356839364,650.2971801757812,12660200,0.0,0.0
2009-04-23 00:00:00+09:00,646.4943301438441,647.2549117087192,644.2125854492188,644.2125854492188,37833900,0.0,0.0
2009-04-24 00:00:00+09:00,630.2080272773583,632.5421310820892,629.4299926757812,629.4299926757812,51157300,19.0,0.0
2009-04-27 00:00:00+09:00,622.4275061832601,623.2055405659892,619.3153686523438,619.3153686523438,14883000,0.0,0.0
2009-04-28 00:00:00+09:00,619.3153686523438,621.649471800531,614.6471623559694,619.3153686523438,11690200,0.0,0.0
2009-04-30 00:00:00+09:00,620.8716120584344,629.4299926757812,620.8716120584344,629.4299926757812,14125600,0.0,0.0
2009-05-01 00:00:00+09:00,623.2056468200683,625.5397503662109,622.4276123046875,622.4276123046875,5882600,0.0,0.0
2009-05-07 00:00:00+09:00,625.5398196678963,629.4299926757812,622.4276812615883,629.4299926757812,10612800,0.0,0.0
2009-05-08 00:00:00+09:00,625.5396760281134,627.873779296875,623.9836071822723,627.873779296875,5725200,0.0,0.0
2009-05-11 00:00:00+09:00,627.873779296875,630.2078825656366,627.0957448739545,627.873779296875,5058600,0.0,0.0
2009-05-12 00:00:00+09:00,625.5397338867188,629.4299063611387,624.7616993918348,625.5397338867188,5364800,0.0,0.0
2009-05-13 00:00:00+09:00,625.5397532689913,626.3177877879826,623.9836842310087,624.76171875,5660900,0.0,0.0
2009-05-14 00:00:00+09:00,623.9836813354492,626.3177848815917,618.5374397277832,622.4276123046875,2810600,0.0,0.0
2009-05-15 00:00:00+09:00,622.4276093946048,627.0958164650643,618.5374368358886,620.093505859375,1611600,0.0,0.0
2009-05-18 00:00:00+09:00,616.2033274731352,618.537430986291,613.8692239599794,615.42529296875,2306600,0.0,0.0
2009-05-19 00:00:00+09:00,614.6471139112504,618.5372855182836,611.5349766256238,613.8690795898438,2051800,0.0,0.0
2009-05-20 00:00:00+09:00,620.0934223295008,620.8714567364386,618.537353515625,618.537353515625,1920100,0.0,0.0
2009-05-21 00:00:00+09:00,620.8715403711183,620.8715403711183,616.2033333006588,620.093505859375,2713200,0.0,0.0
2009-05-22 00:00:00+09:00,616.2032502948113,618.537353515625,613.0911126670597,618.537353515625,3781000,0.0,0.0
2009-05-25 00:00:00+09:00,622.4276093946048,622.4276093946048,619.3154713476317,620.093505859375,5605900,0.0,0.0
2009-05-26 00:00:00+09:00,622.4276123046875,625.5397503662109,621.6495777893066,622.4276123046875,1891500,0.0,0.0
2009-05-27 00:00:00+09:00,623.2054252339123,624.7614937114001,620.8713225176804,623.9834594726562,3469200,0.0,0.0
2009-05-28 00:00:00+09:00,622.4273909951683,624.7614937114001,620.0932882789364,623.9834594726562,5062600,0.0,0.0
2009-05-29 00:00:00+09:00,627.095703125,627.8737374961229,625.5396343827543,627.095703125,8472700,0.0,0.0
2009-06-01 00:00:00+09:00,630.2079274357468,634.8761343056412,629.4298929574311,630.9859619140625,12604800,0.0,0.0
2009-06-02 00:00:00+09:00,633.320068359375,636.4322062874309,632.5420338773611,633.320068359375,6875600,0.0,0.0
2009-06-03 00:00:00+09:00,630.2078406094913,630.9858749806142,627.095703125,627.095703125,7365700,0.0,0.0
2009-06-04 00:00:00+09:00,630.2080762255323,637.2103881835938,629.4300415635255,637.2103881835938,13626700,0.0,0.0
2009-06-05 00:00:00+09:00,641.1002616003789,642.6563301964962,638.7661587062026,641.8782958984375,9245500,0.0,0.0
2009-06-08 00:00:00+09:00,645.7686573675824,647.3247264214801,642.6565192597868,646.5466918945312,10463200,0.0,0.0
2009-06-09 00:00:00+09:00,648.102760948429,648.8807954753779,646.5466918945312,646.5466918945312,4832500,0.0,0.0
2009-06-10 00:00:00+09:00,650.4366838560402,650.4366838560402,646.5465123018772,648.880615234375,14909900,0.0,0.0
2009-06-11 00:00:00+09:00,643.4345062404003,643.4345062404003,638.7662994236622,641.1004028320312,7596400,0.0,0.0
2009-06-12 00:00:00+09:00,643.4344706978239,645.7685739772598,637.9882297124735,644.9905395507812,15199400,0.0,0.0
2009-06-15 00:00:00+09:00,649.6586812090932,649.6586812090932,641.1003033728057,642.6563720703125,4851900,0.0,0.0
2009-06-16 00:00:00+09:00,642.6564362713453,645.7685739772598,641.8784018448667,644.9905395507812,6519200,0.0,0.0
2009-06-17 00:00:00+09:00,643.434364494555,644.9904330906724,640.3222273023201,641.8782958984375,4538800,0.0,0.0
2009-06-18 00:00:00+09:00,643.4344706978239,646.5466084037384,641.8784018448667,644.9905395507812,26306500,0.0,0.0
2009-06-19 00:00:00+09:00,643.4344064190659,644.2124407678193,642.6563720703125,642.6563720703125,7064700,0.0,0.0
2009-06-22 00:00:00+09:00,647.3245466127098,649.6586495452076,646.5465123018772,648.880615234375,11328400,0.0,0.0
2009-06-23 00:00:00+09:00,645.7686767578125,649.6588495093656,645.7686767578125,645.7686767578125,12119500,0.0,0.0
2009-06-24 00:00:00+09:00,648.8807760385367,648.8807760385367,645.7686380239634,647.32470703125,3596500,0.0,0.0
2009-06-25 00:00:00+09:00,647.32470703125,647.32470703125,647.32470703125,647.32470703125,15870400,0.0,0.0
2009-06-26 00:00:00+09:00,648.1026611328125,648.1026611328125,648.1026611328125,648.1026611328125,6959700,0.0,0.0
2009-06-29 00:00:00+09:00,645.7686767578125,645.7686767578125,645.7686767578125,645.7686767578125,6444800,0.0,0.0
2009-06-30 00:00:00+09:00,648.880615234375,648.880615234375,648.880615234375,648.880615234375,5745200,0.0,0.0
2009-07-01 00:00:00+09:00,657.4391479492188,657.4391479492188,657.4391479492188,657.4391479492188,37253100,0.0,0.0
2009-07-02 00:00:00+09:00,665.2194213867188,665.2194213867188,665.2194213867188,665.2194213867188,16119700,0.0,0.0
2009-07-03 00:00:00+09:00,671.4437866210938,671.4437866210938,671.4437866210938,671.4437866210938,16227300,0.0,0.0
2009-07-06 00:00:00+09:00,662.1072387695312,662.1072387695312,662.1072387695312,662.1072387695312,8190500,0.0,0.0
2009-07-07 00:00:00+09:00,668.3316040039062,668.3316040039062,668.3316040039062,668.3316040039062,8687400,0.0,0.0
2009-07-08 00:00:00+09:00,673.7778930664062,673.7778930664062,673.7778930664062,673.7778930664062,24435500,0.0,0.0
2009-07-09 00:00:00+09:00,675.3338623046875,675.3338623046875,675.3338623046875,675.3338623046875,21641300,0.0,0.0
2009-07-10 00:00:00+09:00,674.555908203125,674.555908203125,674.555908203125,674.555908203125,3404300,0.0,0.0
2009-07-13 00:00:00+09:00,676.8899536132812,676.8899536132812,676.8899536132812,676.8899536132812,19551500,0.0,0.0
2009-07-14 00:00:00+09:00,674.555908203125,674.555908203125,674.555908203125,674.555908203125,15517200,0.0,0.0
2009-07-15 00:00:00+09:00,676.8899536132812,676.8899536132812,676.8899536132812,676.8899536132812,6294200,0.0,0.0
2009-07-16 00:00:00+09:00,680.7802124023438,680.7802124023438,680.7802124023438,680.7802124023438,8608100,0.0,0.0
2009-07-17 00:00:00+09:00,680.7802124023438,680.7802124023438,680.7802124023438,680.7802124023438,3143300,0.0,0.0
2009-07-21 00:00:00+09:00,680.7802124023438,680.7802124023438,680.7802124023438,680.7802124023438,3028700,0.0,0.0
2009-07-22 00:00:00+09:00,688.5603637695312,688.5603637695312,688.5603637695312,688.5603637695312,7556100,0.0,0.0
2009-07-23 00:00:00+09:00,687.7824096679688,687.7824096679688,687.7824096679688,687.7824096679688,3758700,0.0,0.0
2009-07-24 00:00:00+09:00,685.4481811523438,685.4481811523438,685.4481811523438,685.4481811523438,6291600,0.0,0.0
2009-07-27 00:00:00+09:00,688.5603637695312,688.5603637695312,688.5603637695312,688.5603637695312,3328800,0.0,0.0
2009-07-28 00:00:00+09:00,692.4505004882812,692.4505004882812,692.4505004882812,692.4505004882812,3470700,0.0,0.0
2009-07-29 00:00:00+09:00,703.3430786132812,703.3430786132812,703.3430786132812,703.3430786132812,5083300,0.0,0.0
2009-07-30 00:00:00+09:00,711.1233520507812,711.1233520507812,711.1233520507812,711.1233520507812,3188200,0.0,0.0
2009-07-31 00:00:00+09:00,725.9063110351562,725.9063110351562,725.9063110351562,725.9063110351562,15607600,0.0,0.0
2009-08-03 00:00:00+09:00,739.1326904296875,739.1326904296875,739.1326904296875,739.1326904296875,5649700,0.0,0.0
2009-08-04 00:00:00+09:00,741.4669189453125,741.4669189453125,741.4669189453125,741.4669189453125,3908500,0.0,0.0
2009-08-05 00:00:00+09:00,746.1350708007812,746.1350708007812,746.1350708007812,746.1350708007812,5785600,0.0,0.0
2009-08-06 00:00:00+09:00,743.8008422851562,743.8008422851562,743.8008422851562,743.8008422851562,7660500,0.0,0.0
2009-08-07 00:00:00+09:00,743.0228271484375,743.0228271484375,743.0228271484375,743.0228271484375,4295300,0.0,0.0
2009-08-10 00:00:00+09:00,730.5740966796875,730.5740966796875,730.5740966796875,730.5740966796875,1782800,0.0,0.0
2009-08-11 00:00:00+09:00,741.4669189453125,741.4669189453125,741.4669189453125,741.4669189453125,13463000,0.0,0.0
2009-08-12 00:00:00+09:00,739.9107055664062,739.9107055664062,739.9107055664062,739.9107055664062,10715300,0.0,0.0
2009-08-13 00:00:00+09:00,743.0228271484375,743.0228271484375,743.0228271484375,743.0228271484375,6257000,0.0,0.0
2009-08-14 00:00:00+09:00,742.244873046875,742.244873046875,742.244873046875,742.244873046875,3480600,0.0,0.0
2009-08-17 00:00:00+09:00,725.9063110351562,725.9063110351562,725.9063110351562,725.9063110351562,2983500,0.0,0.0
2009-08-18 00:00:00+09:00,720.4599609375,720.4599609375,720.4599609375,720.4599609375,1256800,0.0,0.0
2009-08-19 00:00:00+09:00,729.7962036132812,729.7962036132812,729.7962036132812,729.7962036132812,2344200,0.0,0.0
2009-08-20 00:00:00+09:00,714.2356567382812,714.2356567382812,714.2356567382812,714.2356567382812,7135700,0.0,0.0
2009-08-21 00:00:00+09:00,725.9063110351562,725.9063110351562,725.9063110351562,725.9063110351562,166402704,0.0,0.0
2009-08-24 00:00:00+09:00,746.9129028320312,746.9129028320312,746.9129028320312,746.9129028320312,19328800,0.0,0.0
2009-08-25 00:00:00+09:00,751.5813598632812,751.5813598632812,751.5813598632812,751.5813598632812,19212700,0.0,0.0
2009-08-26 00:00:00+09:00,758.5836181640625,758.5836181640625,758.5836181640625,758.5836181640625,4552200,0.0,0.0
2009-08-27 00:00:00+09:00,758.5836181640625,758.5836181640625,758.5836181640625,758.5836181640625,4129100,0.0,0.0
2009-08-28 00:00:00+09:00,753.1372680664062,753.1372680664062,753.1372680664062,753.1372680664062,5113100,0.0,0.0
2009-08-31 00:00:00+09:00,743.0228271484375,743.0228271484375,743.0228271484375,743.0228271484375,5598800,0.0,0.0
2009-09-02 00:00:00+09:00,756.2493896484375,756.2493896484375,756.2493896484375,756.2493896484375,36971700,0.0,0.0
2009-09-03 00:00:00+09:00,771.0321655273438,771.0321655273438,771.0321655273438,771.0321655273438,75982600,0.0,0.0
2009-09-04 00:00:00+09:00,768.6981201171875,768.6981201171875,768.6981201171875,768.6981201171875,18951500,0.0,0.0
2009-09-07 00:00:00+09:00,766.364013671875,766.364013671875,766.364013671875,766.364013671875,9198500,0.0,0.0
2009-09-08 00:00:00+09:00,758.5836181640625,758.5836181640625,758.5836181640625,758.5836181640625,8469700,0.0,0.0
2009-09-09 00:00:00+09:00,752.359375,752.359375,752.359375,752.359375,16581400,0.0,0.0
2009-09-10 00:00:00+09:00,758.5836181640625,758.5836181640625,758.5836181640625,758.5836181640625,22514000,0.0,0.0
2009-09-11 00:00:00+09:00,760.1395874023438,760.1395874023438,760.1395874023438,760.1395874023438,14387900,0.0,0.0
2009-09-14 00:00:00+09:00,770.2540283203125,770.2540283203125,770.2540283203125,770.2540283203125,11872800,0.0,0.0
2009-09-15 00:00:00+09:00,771.0321655273438,771.0321655273438,771.0321655273438,771.0321655273438,7139000,0.0,0.0
2009-09-16 00:00:00+09:00,768.6981201171875,768.6981201171875,768.6981201171875,768.6981201171875,5530700,0.0,0.0
2009-09-17 00:00:00+09:00,763.2517700195312,763.2517700195312,763.2517700195312,763.2517700195312,4639200,0.0,0.0
2009-09-18 00:00:00+09:00,756.2493896484375,756.2493896484375,756.2493896484375,756.2493896484375,7729100,0.0,0.0
2009-09-21 00:00:00+09:00,756.2493896484375,756.2493896484375,756.2493896484375,756.2493896484375,0,0.0,0.0
2009-09-24 00:00:00+09:00,757.8056030273438,757.8056030273438,757.8056030273438,757.8056030273438,9173200,0.0,0.0
2009-09-25 00:00:00+09:00,759.3615112304688,759.3615112304688,759.3615112304688,759.3615112304688,8833800,0.0,0.0
2009-09-28 00:00:00+09:00,760.1395874023438,760.1395874023438,760.1395874023438,760.1395874023438,3269500,0.0,0.0
2009-09-29 00:00:00+09:00,758.5836181640625,758.5836181640625,758.5836181640625,758.5836181640625,7937500,0.0,0.0
2009-09-30 00:00:00+09:00,760.1395874023438,760.1395874023438,760.1395874023438,760.1395874023438,7491700,0.0,0.0
2009-10-01 00:00:00+09:00,760.1395874023438,760.1395874023438,760.1395874023438,760.1395874023438,9997500,0.0,0.0
2009-10-02 00:00:00+09:00,757.02734375,757.02734375,757.02734375,757.02734375,8752900,0.0,0.0
2009-10-05 00:00:00+09:00,754.6934204101562,754.6934204101562,754.6934204101562,754.6934204101562,12844300,0.0,0.0
2009-10-06 00:00:00+09:00,752.359375,752.359375,752.359375,752.359375,10972000,0.0,0.0
2009-10-07 00:00:00+09:00,757.02734375,757.02734375,757.02734375,757.02734375,11721800,0.0,0.0
2009-10-08 00:00:00+09:00,758.5836181640625,758.5836181640625,758.5836181640625,758.5836181640625,11303600,0.0,0.0
2009-10-09 00:00:00+09:00,759.3615112304688,759.3615112304688,759.3615112304688,759.3615112304688,12760700,0.0,0.0
2009-10-13 00:00:00+09:00,763.2517700195312,763.2517700195312,763.2517700195312,763.2517700195312,12768400,0.0,0.0
2009-10-14 00:00:00+09:00,759.3615112304688,759.3615112304688,759.3615112304688,759.3615112304688,18558800,0.0,0.0
2009-10-15 00:00:00+09:00,760.1395874023438,760.1395874023438,760.1395874023438,760.1395874023438,9763000,0.0,0.0
2009-10-16 00:00:00+09:00,760.1395874023438,760.1395874023438,760.1395874023438,760.1395874023438,3649100,0.0,0.0
2009-10-19 00:00:00+09:00,760.9178466796875,760.9178466796875,760.9178466796875,760.9178466796875,11231400,0.0,0.0
2009-10-20 00:00:00+09:00,759.3615112304688,759.3615112304688,759.3615112304688,759.3615112304688,3980200,0.0,0.0
2009-10-21 00:00:00+09:00,756.2493896484375,756.2493896484375,756.2493896484375,756.2493896484375,6698700,0.0,0.0
2009-10-22 00:00:00+09:00,758.5836181640625,758.5836181640625,758.5836181640625,758.5836181640625,8316300,0.0,0.0
2009-10-23 00:00:00+09:00,757.8056030273438,757.8056030273438,757.8056030273438,757.8056030273438,11908800,0.0,0.0
2009-10-26 00:00:00+09:00,760.1395874023438,760.1395874023438,760.1395874023438,760.1395874023438,14686900,0.0,0.0
2009-10-27 00:00:00+09:00,749.8246459960938,749.8246459960938,749.8246459960938,749.8246459960938,12338600,19.0,0.0
2009-10-28 00:00:00+09:00,749.8246459960938,749.8246459960938,749.8246459960938,749.8246459960938,13501200,0.0,0.0
2009-10-29 00:00:00+09:00,741.8899536132812,741.8899536132812,741.8899536132812,741.8899536132812,13138600,0.0,0.0
2009-10-30 00:00:00+09:00,737.9225463867188,737.9225463867188,737.9225463867188,737.9225463867188,16579800,0.0,0.0
2009-11-02 00:00:00+09:00,729.1944580078125,729.1944580078125,729.1944580078125,729.1944580078125,9973400,0.0,0.0
2009-11-04 00:00:00+09:00,725.2272338867188,725.2272338867188,725.2272338867188,725.2272338867188,3779200,0.0,0.0
2009-11-05 00:00:00+09:00,721.2596435546875,721.2596435546875,721.2596435546875,721.2596435546875,2587300,0.0,0.0
2009-11-06 00:00:00+09:00,714.9119873046875,714.9119873046875,714.9119873046875,714.9119873046875,6143500,0.0,0.0
2009-11-09 00:00:00+09:00,717.2924194335938,717.2924194335938,717.2924194335938,717.2924194335938,6509100,0.0,0.0
2009-11-10 00:00:00+09:00,713.3250732421875,713.3250732421875,713.3250732421875,713.3250732421875,10074800,0.0,0.0
2009-11-11 00:00:00+09:00,702.2164916992188,702.2164916992188,702.2164916992188,702.2164916992188,4636100,0.0,0.0
2009-11-12 00:00:00+09:00,698.2493286132812,698.2493286132812,698.2493286132812,698.2493286132812,14371100,0.0,0.0
2009-11-13 00:00:00+09:00,703.0101318359375,703.0101318359375,703.0101318359375,703.0101318359375,5914700,0.0,0.0
2009-11-16 00:00:00+09:00,696.6624755859375,696.6624755859375,696.6624755859375,696.6624755859375,2423100,0.0,0.0
2009-11-17 00:00:00+09:00,695.0753784179688,695.0753784179688,695.0753784179688,695.0753784179688,19933600,0.0,0.0
2009-11-18 00:00:00+09:00,686.3472900390625,686.3472900390625,686.3472900390625,686.3472900390625,17405300,0.0,0.0
2009-11-19 00:00:00+09:00,683.1734619140625,683.1734619140625,683.1734619140625,683.1734619140625,3126700,0.0,0.0
2009-11-20 00:00:00+09:00,676.8256225585938,676.8256225585938,676.8256225585938,676.8256225585938,6581200,0.0,0.0
2009-11-24 00:00:00+09:00,675.23876953125,675.23876953125,675.23876953125,675.23876953125,15208000,0.0,0.0
2009-11-25 00:00:00+09:00,680.7930297851562,680.7930297851562,680.7930297851562,680.7930297851562,9775200,0.0,0.0
2009-11-26 00:00:00+09:00,676.032470703125,676.032470703125,676.032470703125,676.032470703125,8657200,0.0,0.0
2009-11-27 00:00:00+09:00,665.7174682617188,665.7174682617188,665.7174682617188,665.7174682617188,4419300,0.0,0.0
2009-11-30 00:00:00+09:00,676.8256225585938,676.8256225585938,676.8256225585938,676.8256225585938,8548600,0.0,0.0
2009-12-01 00:00:00+09:00,688.7277221679688,688.7277221679688,688.7277221679688,688.7277221679688,7222000,0.0,0.0
2009-12-02 00:00:00+09:00,693.4884643554688,693.4884643554688,693.4884643554688,693.4884643554688,6206400,0.0,0.0
2009-12-03 00:00:00+09:00,750.617919921875,750.617919921875,750.617919921875,750.617919921875,89353200,0.0,0.0
2009-12-04 00:00:00+09:00,749.8246459960938,749.8246459960938,749.8246459960938,749.8246459960938,20399500,0.0,0.0
2009-12-07 00:00:00+09:00,726.0206909179688,726.0206909179688,726.0206909179688,726.0206909179688,27348400,0.0,0.0
2009-12-08 00:00:00+09:00,718.0858154296875,718.0858154296875,718.0858154296875,718.0858154296875,11202100,0.0,0.0
2009-12-09 00:00:00+09:00,710.94482421875,710.94482421875,710.94482421875,710.94482421875,12680900,0.0,0.0
2009-12-10 00:00:00+09:00,709.3578491210938,709.3578491210938,709.3578491210938,709.3578491210938,10088900,0.0,0.0
2009-12-11 00:00:00+09:00,709.3578491210938,709.3578491210938,709.3578491210938,709.3578491210938,22014100,0.0,0.0
2009-12-14 00:00:00+09:00,710.1512451171875,710.1512451171875,710.1512451171875,710.1512451171875,3161100,0.0,0.0
2009-12-15 00:00:00+09:00,706.1840209960938,706.1840209960938,706.1840209960938,706.1840209960938,3197100,0.0,0.0
2009-12-16 00:00:00+09:00,712.5316772460938,712.5316772460938,712.5316772460938,712.5316772460938,5455600,0.0,0.0
2009-12-17 00:00:00+09:00,718.0858154296875,718.0858154296875,718.0858154296875,718.0858154296875,3366000,0.0,0.0
2009-12-18 00:00:00+09:00,718.0858154296875,718.0858154296875,718.0858154296875,718.0858154296875,3250800,0.0,0.0
2009-12-21 00:00:00+09:00,719.6728515625,719.6728515625,719.6728515625,719.6728515625,2118500,0.0,0.0
2009-12-22 00:00:00+09:00,717.2924194335938,717.2924194335938,717.2924194335938,717.2924194335938,2898000,0.0,0.0
2009-12-24 00:00:00+09:00,714.9119873046875,714.9119873046875,714.9119873046875,714.9119873046875,10828500,0.0,0.0
2009-12-25 00:00:00+09:00,713.3250732421875,713.3250732421875,713.3250732421875,713.3250732421875,3083800,0.0,0.0
2009-12-28 00:00:00+09:00,713.3250732421875,713.3250732421875,713.3250732421875,713.3250732421875,3006100,0.0,0.0
2009-12-29 00:00:00+09:00,714.9119873046875,714.9119873046875,714.9119873046875,714.9119873046875,2915500,0.0,0.0
2009-12-30 00:00:00+09:00,713.3250732421875,713.3250732421875,713.3250732421875,713.3250732421875,4511700,0.0,0.0
2010-01-04 00:00:00+09:00,713.3250732421875,713.3250732421875,713.3250732421875,713.3250732421875,0,0.0,0.0
2010-01-05 00:00:00+09:00,713.3250732421875,713.3250732421875,713.3250732421875,713.3250732421875,0,0.0,0.0
2010-01-06 00:00:00+09:00,713.3250732421875,713.3250732421875,713.3250732421875,713.3250732421875,0,0.0,0.0
2010-01-07 00:00:00+09:00,713.3250732421875,713.3250732421875,713.3250732421875,713.3250732421875,0,0.0,0.0
2010-01-08 00:00:00+09:00,713.3250732421875,713.3250732421875,713.3250732421875,713.3250732421875,0,0.0,0.0
2010-01-12 00:00:00+09:00,733.9552488109103,1121.1662341295312,728.4009928739629,729.1944580078125,8876900,0.0,0.0
2010-01-13 00:00:00+09:00,728.4010009765625,728.4010009765625,728.4010009765625,728.4010009765625,3680900,0.0,0.0
2010-01-14 00:00:00+09:00,731.5748901367188,731.5748901367188,731.5748901367188,731.5748901367188,5453900,0.0,0.0
2010-01-15 00:00:00+09:00,727.6074829101562,727.6074829101562,727.6074829101562,727.6074829101562,11479700,0.0,0.0
2010-01-18 00:00:00+09:00,727.6074829101562,727.6074829101562,727.6074829101562,727.6074829101562,4817900,0.0,0.0
2010-01-19 00:00:00+09:00,724.4336547851562,724.4336547851562,724.4336547851562,724.4336547851562,3192400,0.0,0.0
2010-01-20 00:00:00+09:00,722.8468017578125,722.8468017578125,722.8468017578125,722.8468017578125,2202900,0.0,0.0
2010-01-21 00:00:00+09:00,722.8468017578125,722.8468017578125,722.8468017578125,722.8468017578125,10676800,0.0,0.0
2010-01-22 00:00:00+09:00,721.2596435546875,721.2596435546875,721.2596435546875,721.2596435546875,11657800,0.0,0.0
2010-01-25 00:00:00+09:00,721.2596435546875,721.2596435546875,721.2596435546875,721.2596435546875,6292100,0.0,0.0
2010-01-26 00:00:00+09:00,716.4989013671875,716.4989013671875,716.4989013671875,716.4989013671875,6393600,0.0,0.0
2010-01-27 00:00:00+09:00,717.2924194335938,717.2924194335938,717.2924194335938,717.2924194335938,7723700,0.0,0.0
2010-01-28 00:00:00+09:00,718.0858154296875,718.0858154296875,718.0858154296875,718.0858154296875,11021500,0.0,0.0
2010-01-29 00:00:00+09:00,718.0858154296875,718.0858154296875,718.0858154296875,718.0858154296875,2582300,0.0,0.0
2010-02-01 00:00:00+09:00,718.0858154296875,718.0858154296875,718.0858154296875,718.0858154296875,15359700,0.0,0.0
2010-02-02 00:00:00+09:00,719.6728515625,719.6728515625,719.6728515625,719.6728515625,3693100,0.0,0.0
2010-02-03 00:00:00+09:00,722.053466796875,722.053466796875,722.053466796875,722.053466796875,9220600,0.0,0.0
2010-02-04 00:00:00+09:00,719.6728515625,719.6728515625,719.6728515625,719.6728515625,8290100,0.0,0.0
2010-02-05 00:00:00+09:00,718.0858154296875,718.0858154296875,718.0858154296875,718.0858154296875,5058700,0.0,0.0
2010-02-08 00:00:00+09:00,717.2924194335938,717.2924194335938,717.2924194335938,717.2924194335938,2579100,0.0,0.0
2010-02-09 00:00:00+09:00,717.2924194335938,717.2924194335938,717.2924194335938,717.2924194335938,0,0.0,0.0
2010-02-10 00:00:00+09:00,718.0858154296875,718.0858154296875,718.0858154296875,718.0858154296875,3059800,0.0,0.0
2010-02-12 00:00:00+09:00,721.2596435546875,721.2596435546875,721.2596435546875,721.2596435546875,2798900,0.0,0.0
2010-02-15 00:00:00+09:00,724.4336547851562,724.4336547851562,724.4336547851562,724.4336547851562,1489000,0.0,0.0
2010-02-16 00:00:00+09:00,726.8140258789062,726.8140258789062,726.8140258789062,726.8140258789062,688200,0.0,0.0
2010-02-17 00:00:00+09:00,726.8140258789062,726.8140258789062,726.8140258789062,726.8140258789062,0,0.0,0.0
2010-02-18 00:00:00+09:00,730.7813110351562,730.7813110351562,730.7813110351562,730.7813110351562,3085500,0.0,0.0
2010-02-19 00:00:00+09:00,730.7813110351562,730.7813110351562,730.7813110351562,730.7813110351562,0,0.0,0.0
2010-02-22 00:00:00+09:00,729.1944580078125,729.1944580078125,729.1944580078125,729.1944580078125,5140300,0.0,0.0
2010-02-23 00:00:00+09:00,728.4010009765625,728.4010009765625,728.4010009765625,728.4010009765625,1879400,0.0,0.0
2010-02-24 00:00:00+09:00,734.7487182617188,734.7487182617188,734.7487182617188,734.7487182617188,3644600,0.0,0.0
2010-02-25 00:00:00+09:00,728.4010009765625,728.4010009765625,728.4010009765625,728.4010009765625,5153000,0.0,0.0
2010-02-26 00:00:00+09:00,729.1944580078125,729.1944580078125,729.1944580078125,729.1944580078125,2631500,0.0,0.0
2010-03-01 00:00:00+09:00,729.1944580078125,729.1944580078125,729.1944580078125,729.1944580078125,3100100,0.0,0.0
2010-03-02 00:00:00+09:00,729.1944580078125,729.1944580078125,729.1944580078125,729.1944580078125,5989500,0.0,0.0
2010-03-03 00:00:00+09:00,731.5748901367188,731.5748901367188,731.5748901367188,731.5748901367188,13898200,0.0,0.0
2010-03-04 00:00:00+09:00,731.5748901367188,731.5748901367188,731.5748901367188,731.5748901367188,12161900,0.0,0.0
2010-03-05 00:00:00+09:00,733.1619262695312,733.1619262695312,733.1619262695312,733.1619262695312,5226100,0.0,0.0
2010-03-08 00:00:00+09:00,734.7487182617188,734.7487182617188,734.7487182617188,734.7487182617188,5032200,0.0,0.0
2010-03-09 00:00:00+09:00,741.0963134765625,741.0963134765625,741.0963134765625,741.0963134765625,3973000,0.0,0.0
2010-03-10 00:00:00+09:00,742.6834716796875,742.6834716796875,742.6834716796875,742.6834716796875,3309900,0.0,0.0
2010-03-11 00:00:00+09:00,747.4442138671875,747.4442138671875,747.4442138671875,747.4442138671875,3483700,0.0,0.0
2010-03-12 00:00:00+09:00,748.237548828125,748.237548828125,748.237548828125,748.237548828125,10546100,0.0,0.0
2010-03-15 00:00:00+09:00,748.237548828125,748.237548828125,748.237548828125,748.237548828125,0,0.0,0.0
2010-03-16 00:00:00+09:00,755.3787231445312,755.3787231445312,755.3787231445312,755.3787231445312,4499900,0.0,0.0
2010-03-17 00:00:00+09:00,753.7919311523438,753.7919311523438,753.7919311523438,753.7919311523438,5519900,0.0,0.0
2010-03-18 00:00:00+09:00,757.759033203125,757.759033203125,757.759033203125,757.759033203125,4034000,0.0,0.0
2010-03-19 00:00:00+09:00,757.759033203125,757.759033203125,757.759033203125,757.759033203125,0,0.0,0.0
2010-03-23 00:00:00+09:00,763.3136596679688,763.3136596679688,763.3136596679688,763.3136596679688,3380400,0.0,0.0
2010-03-24 00:00:00+09:00,768.8678588867188,768.8678588867188,768.8678588867188,768.8678588867188,4285000,0.0,0.0
2010-03-25 00:00:00+09:00,772.0415649414062,772.0415649414062,772.0415649414062,772.0415649414062,13119600,0.0,0.0
2010-03-26 00:00:00+09:00,773.6284790039062,773.6284790039062,773.6284790039062,773.6284790039062,4926000,0.0,0.0
2010-03-29 00:00:00+09:00,789.497802734375,789.497802734375,789.497802734375,789.497802734375,15319600,0.0,0.0
2010-03-30 00:00:00+09:00,793.465087890625,793.465087890625,793.465087890625,793.465087890625,17227200,0.0,0.0
2010-03-31 00:00:00+09:00,800.6063842773438,800.6063842773438,800.6063842773438,800.6063842773438,22861800,0.0,0.0
2010-04-01 00:00:00+09:00,802.98681640625,802.98681640625,802.98681640625,802.98681640625,17535000,0.0,0.0
2010-04-02 00:00:00+09:00,806.1605834960938,806.1605834960938,806.1605834960938,806.1605834960938,17256500,0.0,0.0
2010-04-05 00:00:00+09:00,809.3346557617188,809.3346557617188,809.3346557617188,809.3346557617188,14871100,0.0,0.0
2010-04-06 00:00:00+09:00,809.3346557617188,809.3346557617188,809.3346557617188,809.3346557617188,0,0.0,0.0
2010-04-07 00:00:00+09:00,806.1605834960938,806.1605834960938,806.1605834960938,806.1605834960938,13045200,0.0,0.0
2010-04-08 00:00:00+09:00,808.5408935546875,808.5408935546875,808.5408935546875,808.5408935546875,5244700,0.0,0.0
2010-04-09 00:00:00+09:00,807.7474975585938,807.7474975585938,807.7474975585938,807.7474975585938,12461500,0.0,0.0
2010-04-12 00:00:00+09:00,809.3346557617188,809.3346557617188,809.3346557617188,809.3346557617188,14459600,0.0,0.0
2010-04-13 00:00:00+09:00,809.3346557617188,809.3346557617188,809.3346557617188,809.3346557617188,0,0.0,0.0
2010-04-14 00:00:00+09:00,812.5082397460938,812.5082397460938,812.5082397460938,812.5082397460938,8331400,0.0,0.0
2010-04-15 00:00:00+09:00,818.0625610351562,818.0625610351562,818.0625610351562,818.0625610351562,4766600,0.0,0.0
2010-04-16 00:00:00+09:00,822.0298461914062,822.0298461914062,822.0298461914062,822.0298461914062,28688900,0.0,0.0
2010-04-19 00:00:00+09:00,1177.5025634765625,1177.5025634765625,1177.5025634765625,1177.5025634765625,28800,0.0,0.0
2010-04-20 00:00:00+09:00,1174.32861328125,1174.32861328125,1174.32861328125,1174.32861328125,37900,0.0,0.0
2010-04-21 00:00:00+09:00,1175.9154052734375,1175.9154052734375,1175.9154052734375,1175.9154052734375,8848300,0.0,0.0
2010-04-22 00:00:00+09:00,1181.46923828125,1181.46923828125,1181.46923828125,1181.46923828125,34600,0.0,0.0
2010-04-23 00:00:00+09:00,1179.882568359375,1179.882568359375,1179.882568359375,1179.882568359375,53900,0.0,0.0
2010-04-26 00:00:00+09:00,1179.0892333984375,1179.0892333984375,1179.0892333984375,1179.0892333984375,156000,0.0,0.0
2010-04-27 00:00:00+09:00,1194.3602294921875,1194.3602294921875,1194.3602294921875,1194.3602294921875,0,19.0,0.0
2010-04-28 00:00:00+09:00,1160.6031494140625,1160.6031494140625,1160.6031494140625,1160.6031494140625,98300,0.0,0.0
2010-04-30 00:00:00+09:00,1171.0517578125,1171.0517578125,1171.0517578125,1171.0517578125,33000,0.0,0.0
2010-05-06 00:00:00+09:00,1156.5845947265625,1156.5845947265625,1156.5845947265625,1156.5845947265625,49300,0.0,0.0
2010-05-07 00:00:00+09:00,1119.6124267578125,1119.6124267578125,1119.6124267578125,1119.6124267578125,59100,0.0,0.0
2010-05-10 00:00:00+09:00,1131.66845703125,1131.66845703125,1131.66845703125,1131.66845703125,23000,0.0,0.0
2010-05-11 00:00:00+09:00,1128.45361328125,1128.45361328125,1128.45361328125,1128.45361328125,31500,0.0,0.0
2010-05-12 00:00:00+09:00,1125.23828125,1125.23828125,1125.23828125,1125.23828125,4716300,0.0,0.0
2010-05-13 00:00:00+09:00,1126.84619140625,1126.84619140625,1126.84619140625,1126.84619140625,11900,0.0,0.0
2010-05-14 00:00:00+09:00,1121.2196044921875,1121.2196044921875,1121.2196044921875,1121.2196044921875,12100,0.0,0.0
2010-05-17 00:00:00+09:00,1094.6962890625,1094.6962890625,1094.6962890625,1094.6962890625,22400,0.0,0.0
2010-05-18 00:00:00+09:00,1087.462646484375,1087.462646484375,1087.462646484375,1087.462646484375,25100,0.0,0.0
2010-05-19 00:00:00+09:00,1078.6214599609375,1078.6214599609375,1078.6214599609375,1078.6214599609375,6781700,0.0,0.0
2010-05-20 00:00:00+09:00,1075.40673828125,1075.40673828125,1075.40673828125,1075.40673828125,9500,0.0,0.0
2010-05-21 00:00:00+09:00,1040.042236328125,1040.042236328125,1040.042236328125,1040.042236328125,51900,0.0,0.0
2010-05-24 00:00:00+09:00,1044.8641357421875,1044.8641357421875,1044.8641357421875,1044.8641357421875,14300,0.0,0.0
2010-05-25 00:00:00+09:00,1037.6307373046875,1037.6307373046875,1037.6307373046875,1037.6307373046875,26800,0.0,0.0
2010-05-26 00:00:00+09:00,1027.1820068359375,1027.1820068359375,1027.1820068359375,1027.1820068359375,13500,0.0,0.0
2010-05-27 00:00:00+09:00,1028.7894287109375,1028.7894287109375,1028.7894287109375,1028.7894287109375,9700,0.0,0.0
2010-05-28 00:00:00+09:00,1028.7894287109375,1028.7894287109375,1028.7894287109375,1028.7894287109375,10800,0.0,0.0
2010-05-31 00:00:00+09:00,1034.4158935546875,1034.4158935546875,1034.4158935546875,1034.4158935546875,16500,0.0,0.0
2010-06-01 00:00:00+09:00,1060.135498046875,1060.135498046875,1060.135498046875,1060.135498046875,3656200,0.0,0.0
2010-06-02 00:00:00+09:00,1048.8829345703125,1048.8829345703125,1048.8829345703125,1048.8829345703125,9000,0.0,0.0
2010-06-03 00:00:00+09:00,1060.939208984375,1060.939208984375,1060.939208984375,1060.939208984375,11100,0.0,0.0
2010-06-04 00:00:00+09:00,1077.0140380859375,1077.0140380859375,1077.0140380859375,1077.0140380859375,24200,0.0,0.0
2010-06-07 00:00:00+09:00,1066.5651906058135,1066.5651906058135,1044.8641656273983,1047.275390625,8500,0.0,0.0
2010-06-08 00:00:00+09:00,1040.042236328125,1040.042236328125,1040.042236328125,1040.042236328125,6400,0.0,0.0
2010-06-09 00:00:00+09:00,1064.1544189453125,1064.1544189453125,1064.1544189453125,1064.1544189453125,13900,0.0,0.0
2010-06-10 00:00:00+09:00,1101.126220703125,1101.126220703125,1101.126220703125,1101.126220703125,36200,0.0,0.0
2010-06-11 00:00:00+09:00,1113.1824951171875,1113.1824951171875,1113.1824951171875,1113.1824951171875,8703300,0.0,0.0
2010-06-14 00:00:00+09:00,1120.415771484375,1120.415771484375,1120.415771484375,1120.415771484375,21000,0.0,0.0
2010-06-15 00:00:00+09:00,1115.5933837890625,1115.5933837890625,1115.5933837890625,1115.5933837890625,4678100,0.0,0.0
2010-06-16 00:00:00+09:00,1122.0240478515625,1122.0240478515625,1122.0240478515625,1122.0240478515625,20600,0.0,0.0
2010-06-17 00:00:00+09:00,1127.6497802734375,1127.6497802734375,1127.6497802734375,1127.6497802734375,4514500,0.0,0.0
2010-06-18 00:00:00+09:00,1126.84619140625,1126.84619140625,1126.84619140625,1126.84619140625,10900,0.0,0.0
2010-06-21 00:00:00+09:00,1126.04248046875,1126.04248046875,1126.04248046875,1126.04248046875,2680700,0.0,0.0
2010-06-22 00:00:00+09:00,1128.45361328125,1128.45361328125,1128.45361328125,1128.45361328125,10800,0.0,0.0
2010-06-23 00:00:00+09:00,1116.3973388671875,1116.3973388671875,1116.3973388671875,1116.3973388671875,12200,0.0,0.0
2010-06-24 00:00:00+09:00,1114.7896728515625,1114.7896728515625,1114.7896728515625,1114.7896728515625,13300,0.0,0.0
2010-06-25 00:00:00+09:00,1113.9859311984612,1120.4158644232718,1108.3597396267517,1114.7896728515625,13700,0.0,0.0
2010-06-28 00:00:00+09:00,1103.5374755859375,1103.5374755859375,1103.5374755859375,1103.5374755859375,11000,0.0,0.0
2010-06-29 00:00:00+09:00,1096.3038330078125,1096.3038330078125,1096.3038330078125,1096.3038330078125,8000,0.0,0.0
2010-06-30 00:00:00+09:00,1081.0329814237707,1094.6965953153722,1077.8180134492761,1093.089111328125,21800,0.0,0.0
2010-07-01 00:00:00+09:00,1076.210205078125,1076.210205078125,1076.210205078125,1076.210205078125,10400,0.0,0.0
2010-07-02 00:00:00+09:00,1064.9578857421875,1064.9578857421875,1064.9578857421875,1064.9578857421875,11800,0.0,0.0
2010-07-05 00:00:00+09:00,1066.565185546875,1066.565185546875,1066.565185546875,1066.565185546875,20200,0.0,0.0
2010-07-06 00:00:00+09:00,1077.0140380859375,1077.0140380859375,1077.0140380859375,1077.0140380859375,11200,0.0,0.0
2010-07-07 00:00:00+09:00,1072.19140625,1072.19140625,1072.19140625,1072.19140625,7300,0.0,0.0
2010-07-08 00:00:00+09:00,1092.28515625,1092.28515625,1092.28515625,1092.28515625,11700,0.0,0.0
2010-07-09 00:00:00+09:00,1084.2476806640625,1084.2476806640625,1084.2476806640625,1084.2476806640625,5800,0.0,0.0
2010-07-12 00:00:00+09:00,1073.79931640625,1073.79931640625,1073.79931640625,1073.79931640625,6000,0.0,0.0
2010-07-13 00:00:00+09:00,1063.3504638671875,1063.3504638671875,1063.3504638671875,1063.3504638671875,11100,0.0,0.0
2010-07-14 00:00:00+09:00,1071.387939453125,1071.387939453125,1071.387939453125,1071.387939453125,14700,0.0,0.0
2010-07-15 00:00:00+09:00,1066.5652491309556,1066.5652491309556,1053.7053817714266,1058.52783203125,83900,0.0,0.0
2010-07-16 00:00:00+09:00,1058.528014350064,1062.5467235920914,1049.6868540176033,1060.135498046875,8600,0.0,0.0
2010-07-21 00:00:00+09:00,1100.3228759765625,1100.3228759765625,1100.3228759765625,1100.3228759765625,8600,0.0,0.0
2010-07-22 00:00:00+09:00,1101.126223212647,1104.3411902877203,1089.0700966811214,1094.6962890625,265700,0.0,0.0
2010-07-23 00:00:00+09:00,1108.3604707200718,1111.575439453125,1101.1267910707022,1111.575439453125,282000,0.0,0.0
2010-07-26 00:00:00+09:00,1122.0240478515625,1132.4726958616416,1118.8090792330768,1122.0240478515625,320500,0.0,0.0
2010-07-27 00:00:00+09:00,1121.2199978685583,1127.649933340206,1112.3788365950427,1126.84619140625,183300,0.0,0.0
2010-07-28 00:00:00+09:00,1130.0610072345203,1130.0610072345203,1120.416105323557,1124.434814453125,194500,0.0,0.0
2010-07-29 00:00:00+09:00,1119.6128213876982,1125.2390164700485,1115.5941106145908,1122.0240478515625,126800,0.0,0.0
2010-07-30 00:00:00+09:00,1118.8086368653421,1118.8086368653421,1092.28515625,1092.28515625,224600,0.0,0.0
2010-08-02 00:00:00+09:00,1090.677647545224,1094.6963566371373,1077.0140366327196,1080.22900390625,226700,0.0,0.0
2010-08-03 00:00:00+09:00,1093.088861509811,1108.359955898551,1090.67763608001,1105.94873046875,178300,0.0,0.0
2010-08-04 00:00:00+09:00,1109.1638493416879,1112.378817020939,1089.0703013463674,1108.360107421875,290300,0.0,0.0
2010-08-05 00:00:00+09:00,1119.61208984375,1127.6495061383928,1118.0046065848214,1125.23828125,235300,0.0,0.0
2010-08-06 00:00:00+09:00,1124.434961803247,1133.276123046875,1120.4162521470523,1133.276123046875,209900,0.0,0.0
2010-08-09 00:00:00+09:00,1132.4720449481379,1136.4907534114031,1128.4533364848726,1135.68701171875,142000,0.0,0.0
2010-08-10 00:00:00+09:00,1134.8834893877415,1136.490973083758,1118.004910579567,1123.631103515625,140700,0.0,0.0
2010-08-11 00:00:00+09:00,1112.3785411005435,1117.2009914232337,1104.3411238960598,1109.16357421875,110800,0.0,0.0
2010-08-12 00:00:00+09:00,1095.5000524665056,1116.3973388671875,1094.6963106818641,1116.3973388671875,154800,0.0,0.0
2010-08-13 00:00:00+09:00,1113.182401109016,1123.6310445851293,1108.3599502738866,1118.80859375,137500,0.0,0.0
2010-08-16 00:00:00+09:00,1115.5933506867216,1130.0606996149356,1113.1821258653526,1129.2569580078125,121000,0.0,0.0
2010-08-17 00:00:00+09:00,1124.434810040945,1134.0797119140625,1122.0235845726656,1134.0797119140625,153400,0.0,0.0
2010-08-18 00:00:00+09:00,1136.4910888671875,1138.9023146568634,1128.4536695682682,1136.4910888671875,211700,0.0,0.0
2010-08-19 00:00:00+09:00,1138.9021861683239,1151.7620555957715,1137.2947024898929,1149.350830078125,309000,0.0,0.0
2010-08-20 00:00:00+09:00,1134.8836107458094,1138.9023204155892,1121.2199978685583,1126.84619140625,238100,0.0,0.0
2010-08-23 00:00:00+09:00,1120.4157085526463,1140.5092470847956,1119.61196701136,1138.0980224609375,188500,0.0,0.0
2010-08-24 00:00:00+09:00,1136.4910321792645,1136.4910321792645,1125.238645722044,1128.45361328125,149000,0.0,0.0
2010-08-25 00:00:00+09:00,1129.2573551710514,1134.8835483996618,1122.0236781628382,1128.45361328125,157300,0.0,0.0
2010-08-26 00:00:00+09:00,1137.2947149317665,1137.2947149317665,1116.3974268835502,1123.631103515625,350800,0.0,0.0
2010-08-27 00:00:00+09:00,1123.6312179889167,1140.5097985166472,1118.8087664095651,1136.4910888671875,274400,0.0,0.0
2010-08-30 00:00:00+09:00,1141.313199790063,1154.976808519944,1134.883266270119,1148.546875,194400,0.0,0.0
2010-08-31 00:00:00+09:00,1129.2572429568268,1129.2572429568268,1103.537505038949,1105.94873046875,379800,0.0,0.0
2010-09-01 00:00:00+09:00,1106.7526487501407,1117.2012939453125,1101.1264551835095,1117.2012939453125,565400,0.0,0.0
2010-09-02 00:00:00+09:00,1127.6495377079132,1133.2757292716733,1110.770963016633,1121.2196044921875,217800,0.0,0.0
2010-09-03 00:00:00+09:00,1110.7711945035564,1110.7711945035564,1072.9953289886018,1077.0140380859375,1070400,0.0,0.0
2010-09-06 00:00:00+09:00,1085.0512348066534,1104.3410345365496,1081.0325265295917,1101.9298095703125,427600,0.0,0.0
2010-09-07 00:00:00+09:00,1102.7341333578902,1102.7341333578902,1090.6780021622865,1099.5191650390625,302200,0.0,0.0
2010-09-08 00:00:00+09:00,1094.696712560821,1099.5191650390625,1092.2854863217003,1099.5191650390625,214200,0.0,0.0
2010-09-09 00:00:00+09:00,1097.107574820868,1099.5188002600348,1092.2851239425345,1096.3038330078125,205400,0.0,0.0
2010-09-10 00:00:00+09:00,1095.500123597314,1111.5749603338852,1091.4814144131715,1092.28515625,354600,0.0,0.0
2010-09-13 00:00:00+09:00,1093.8924262112828,1098.7148762900981,1091.481201171875,1091.481201171875,228000,0.0,0.0
2010-09-14 00:00:00+09:00,1099.518711081642,1105.144903316709,1085.8551013679082,1089.070068359375,205900,0.0,0.0
2010-09-16 00:00:00+09:00,1101.929721418497,1103.5372046007267,1081.0324400495101,1081.836181640625,194200,0.0,0.0
2010-09-17 00:00:00+09:00,1081.8367277066382,1089.8741476747412,1081.8367277066382,1086.6591796875,135600,0.0,0.0
2010-09-21 00:00:00+09:00,1089.8738112827305,1092.2850365289312,1084.2476190415953,1085.8551025390625,146400,0.0,0.0
2010-09-22 00:00:00+09:00,1085.0514562806086,1086.658939919543,1077.0140380859375,1077.0140380859375,207300,0.0,0.0
2010-09-24 00:00:00+09:00,1076.2102876814229,1101.9300256992017,1070.584094990034,1096.3038330078125,319100,0.0,0.0
2010-09-27 00:00:00+09:00,1099.5187384185122,1099.5187384185122,1088.266353668615,1097.9112548828125,180300,0.0,0.0
2010-09-28 00:00:00+09:00,1095.4998779296875,1098.7148445560401,1092.2849113033349,1095.4998779296875,129800,0.0,0.0
2010-09-29 00:00:00+09:00,1098.7152062322443,1108.3601092862216,1096.30398046875,1105.1451416015625,208200,0.0,0.0
2010-09-30 00:00:00+09:00,1103.537292881137,1107.5560011581988,1096.3036179824262,1101.9298095703125,206900,0.0,0.0
2010-10-01 00:00:00+09:00,1098.715391862645,1100.3228759765625,1092.2854554069747,1100.3228759765625,173000,0.0,0.0
2010-10-04 00:00:00+09:00,1099.5190516364644,1100.3227936332746,1085.0516956938793,1086.6591796875,154900,0.0,0.0
2010-10-05 00:00:00+09:00,1082.640195723912,1091.4813554514274,1074.6027777898073,1087.462646484375,242100,0.0,0.0
2010-10-06 00:00:00+09:00,1094.696712560821,1101.1266491984763,1085.855549684045,1099.5191650390625,256100,0.0,0.0
2010-10-07 00:00:00+09:00,1099.518854298571,1110.771240234375,1070.5841476065034,1110.771240234375,282900,0.0,0.0
2010-10-08 00:00:00+09:00,1110.771527606367,1116.3977220298436,1093.8929443359375,1093.8929443359375,268000,0.0,0.0
2010-10-12 00:00:00+09:00,1104.3410419592697,1106.7522669417135,1070.5838922050561,1072.9951171875,277500,0.0,0.0
2010-10-13 00:00:00+09:00,1079.4254480655595,1081.8366739361454,1072.995512410664,1075.40673828125,162500,0.0,0.0
2010-10-14 00:00:00+09:00,1076.2100838307583,1077.8175671523877,1069.7801505442417,1072.9951171875,231100,0.0,0.0
2010-10-15 00:00:00+09:00,1071.3876355192047,1073.7988605053692,1061.7427355745456,1066.565185546875,258900,0.0,0.0
2010-10-18 00:00:00+09:00,1067.3688330005573,1081.836181640625,1064.9576082272126,1081.836181640625,227700,0.0,0.0
2010-10-19 00:00:00+09:00,1077.014356324758,1103.5378442043975,1074.6031301538817,1100.3228759765625,293400,0.0,0.0
2010-10-20 00:00:00+09:00,1098.7153966989174,1098.7153966989174,1080.2293293074945,1093.8929443359375,241300,0.0,0.0
2010-10-21 00:00:00+09:00,1089.8736863335703,1097.911102899452,1086.6587197072174,1095.4998779296875,248800,0.0,0.0
2010-10-22 00:00:00+09:00,1097.107392930493,1097.107392930493,1086.6587510930597,1091.481201171875,220900,0.0,0.0
2010-10-25 00:00:00+09:00,1097.1074858380418,1101.1261945773754,1089.070068359375,1089.070068359375,236800,0.0,0.0
2010-10-26 00:00:00+09:00,1077.0142221949739,1087.4628676341788,1075.40673828125,1075.40673828125,707100,0.0,0.0
2010-10-27 00:00:00+09:00,1082.7444087009803,1083.5597282858455,1063.9920582490809,1081.11376953125,510000,19.0,0.0
2010-10-28 00:00:00+09:00,1080.298317803277,1080.298317803277,1056.654052734375,1056.654052734375,407600,0.0,0.0
2010-10-29 00:00:00+09:00,1080.29860447104,1080.29860447104,1036.271340590711,1054.2083740234375,334000,0.0,0.0
2010-11-01 00:00:00+09:00,1050.1315019914216,1050.1315019914216,1036.2710706763173,1039.5323486328125,325100,0.0,0.0
2010-11-02 00:00:00+09:00,1050.9467379232278,1050.9467379232278,1041.1629048316229,1045.239501953125,163900,0.0,0.0
2010-11-04 00:00:00+09:00,1051.7624149189749,1056.6543331279004,1049.316455814512,1054.2083740234375,203700,0.0,0.0
2010-11-05 00:00:00+09:00,1066.4380863102338,1072.9606434130487,1064.80744703453,1068.0687255859375,192000,0.0,0.0
2010-11-08 00:00:00+09:00,1072.1448102811487,1072.1448102811487,1058.2843830759932,1069.6988525390625,137800,0.0,0.0
2010-11-09 00:00:00+09:00,1069.6993387576806,1071.3299779935917,1060.7308229601695,1061.546142578125,114000,0.0,0.0
2010-11-10 00:00:00+09:00,1072.1452040238814,1076.2218017578125,1067.253286743164,1076.2218017578125,139800,0.0,0.0
2010-11-11 00:00:00+09:00,1072.1452540977327,1081.9290891161152,1072.1452540977327,1081.11376953125,110400,0.0,0.0
2010-11-12 00:00:00+09:00,1081.9290057194476,1100.6813547258885,1081.1136861974283,1086.8209228515625,218600,0.0,0.0
2010-11-15 00:00:00+09:00,1090.8974574445242,1091.7127769194453,1080.2983042705491,1082.7442626953125,160700,0.0,0.0
2010-11-16 00:00:00+09:00,1077.0372053205922,1081.113803372525,1063.9920915544078,1070.5146484375,229800,0.0,0.0
2010-11-17 00:00:00+09:00,1064.80744703453,1068.8840452237894,1058.2848899317153,1068.0687255859375,168100,0.0,0.0
2010-11-18 00:00:00+09:00,1071.330104518581,1087.6364988034911,1068.8841453758446,1086.005859375,148500,0.0,0.0
2010-11-19 00:00:00+09:00,1084.3750621781367,1091.7129385387407,1081.1137837956462,1088.45166015625,127700,0.0,0.0
2010-11-22 00:00:00+09:00,1092.528064338064,1096.6046615930568,1089.2667865340698,1093.3433837890625,97800,0.0,0.0
2010-11-24 00:00:00+09:00,1083.559742582514,1096.6048561124767,1078.6678250087782,1088.45166015625,141400,0.0,0.0
2010-11-25 00:00:00+09:00,1094.1588973256087,1094.1588973256087,1088.45166015625,1088.45166015625,123400,0.0,0.0
2010-11-26 00:00:00+09:00,1087.6359279823446,1095.7891208457804,1087.6359279823446,1091.7125244140625,79700,0.0,0.0
2010-11-29 00:00:00+09:00,1093.3434996751962,1115.357127185435,1092.5281801377798,1110.4652099609375,248900,0.0,0.0
2010-11-30 00:00:00+09:00,1110.465119923902,1115.3570367517605,1099.865966796875,1099.865966796875,193100,0.0,0.0
2010-12-01 00:00:00+09:00,1099.866382551368,1112.9114990234375,1098.2357429923593,1112.9114990234375,202600,0.0,0.0
2010-12-02 00:00:00+09:00,1111.2806210725205,1115.3572190955304,1084.3750741206545,1087.6363525390625,638800,0.0,0.0
2010-12-03 00:00:00+09:00,1103.942893088401,1103.942893088401,1081.9292608037726,1086.005859375,429900,0.0,0.0
2010-12-06 00:00:00+09:00,1083.5596831819905,1093.3435177931144,1081.9290440801365,1092.5281982421875,191400,0.0,0.0
2010-12-07 00:00:00+09:00,1083.5595974290916,1094.9740702387282,1081.9289584562862,1090.0821533203125,230000,0.0,0.0
2010-12-08 00:00:00+09:00,1087.6362453753256,1094.97412109375,1086.005606326787,1094.97412109375,250900,0.0,0.0
2010-12-09 00:00:00+09:00,1093.3435177931144,1094.9741568949685,1090.0822395894065,1092.5281982421875,139900,0.0,0.0
2010-12-10 00:00:00+09:00,1092.5284666509015,1094.1591061533657,1085.1905888898134,1090.8978271484375,267900,0.0,0.0
2010-12-13 00:00:00+09:00,1095.78958873057,1103.1274654408194,1091.7129905582092,1101.496826171875,134500,0.0,0.0
2010-12-14 00:00:00+09:00,1095.7898802895322,1100.6817993979678,1094.1592405867204,1098.23583984375,193100,0.0,0.0
2010-12-15 00:00:00+09:00,1106.3884788731486,1115.3569927033657,1104.7578399949273,1111.2803955078125,287500,0.0,0.0
2010-12-16 00:00:00+09:00,1111.2805294983536,1116.1724467228512,1108.834570886105,1110.4652099609375,197200,0.0,0.0
2010-12-17 00:00:00+09:00,1106.3888167257203,1110.4654151661246,1096.60498046875,1096.60498046875,273400,0.0,0.0
2010-12-20 00:00:00+09:00,1100.6816164276304,1106.3888544387366,1096.6050178482687,1102.312255859375,107400,0.0,0.0
2010-12-21 00:00:00+09:00,1103.1272955524964,1108.8345321148524,1103.1272955524964,1104.7579345703125,116700,0.0,0.0
2010-12-22 00:00:00+09:00,1101.4969846459455,1107.2042229083597,1094.9744266317578,1099.051025390625,135800,0.0,0.0
2010-12-24 00:00:00+09:00,1101.4969361435026,1104.758215006992,1099.0509769958858,1102.312255859375,113200,0.0,0.0
2010-12-27 00:00:00+09:00,1103.1275379733968,1105.5734970376393,1094.9743410925882,1096.60498046875,104400,0.0,0.0
2010-12-28 00:00:00+09:00,1108.8348135863534,1108.8348135863534,1100.6816164276304,1102.312255859375,209500,0.0,0.0
2010-12-29 00:00:00+09:00,1105.573159434038,1112.0957149469232,1103.9425205558166,1111.2803955078125,110900,0.0,0.0
2010-12-30 00:00:00+09:00,1106.3886333550347,1112.0958702256944,1099.0507573784723,1100.681396484375,138800,0.0,0.0
2011-01-04 00:00:00+09:00,1107.203916968369,1108.8345560213415,1099.050721703506,1103.1273193359375,155700,0.0,0.0
2011-01-05 00:00:00+09:00,1103.1276127897352,1108.01953125,1102.3122930463576,1108.01953125,101900,0.0,0.0
2011-01-06 00:00:00+09:00,1100.6814705920538,1106.3887078469754,1100.6814705920538,1103.9427490234375,165800,0.0,0.0
2011-01-07 00:00:00+09:00,1107.2041511423777,1114.5420284327174,1104.7581920455978,1112.0960693359375,166600,0.0,0.0
2011-01-11 00:00:00+09:00,1115.357277513587,1125.14111328125,1114.5419578662818,1125.14111328125,215400,0.0,0.0
2011-01-12 00:00:00+09:00,1136.5554493155762,1152.8618402670193,1133.2941711252877,1151.231201171875,494400,0.0,0.0
2011-01-13 00:00:00+09:00,1156.9382717993951,1164.276146673387,1153.676994077621,1162.6455078125,332300,0.0,0.0
2011-01-14 00:00:00+09:00,1163.4611299056521,1163.4611299056521,1141.4474995570517,1150.416015625,344000,0.0,0.0
2011-01-17 00:00:00+09:00,1159.3843994140625,1161.0150385130978,1152.8618430179215,1159.3843994140625,186500,0.0,0.0
2011-01-18 00:00:00+09:00,1162.6456179922914,1166.7222155308339,1159.3843399614575,1163.4609375,165700,0.0,0.0
2011-01-19 00:00:00+09:00,1164.2765870847902,1165.9072265625,1158.569348912806,1165.9072265625,129900,0.0,0.0
2011-01-20 00:00:00+09:00,1157.7540274545656,1158.5693471922098,1139.8169932263963,1149.600830078125,262700,0.0,0.0
2011-01-21 00:00:00+09:00,1150.4159028843471,1155.3078202601841,1139.8167485700335,1141.4473876953125,143400,0.0,0.0
2011-01-24 00:00:00+09:00,1138.186353751108,1149.600830078125,1134.1097550628879,1149.600830078125,145100,0.0,0.0
2011-01-25 00:00:00+09:00,1156.1232669454225,1161.015184859155,1146.3394311179577,1157.75390625,177400,0.0,0.0
2011-01-26 00:00:00+09:00,1157.753718583185,1157.753718583185,1138.186050100089,1145.52392578125,209800,0.0,0.0
2011-01-27 00:00:00+09:00,1127.5872807954772,1143.8936767578125,1125.9566411992437,1143.8936767578125,206600,0.0,0.0
2011-01-28 00:00:00+09:00,1145.5240598499265,1157.7538540832,1130.8483067699988,1144.708740234375,798500,0.0,0.0
2011-01-31 00:00:00+09:00,1149.60053828346,1155.3077749983424,1142.2626625071828,1152.86181640625,299300,0.0,0.0
2011-02-01 00:00:00+09:00,1157.753682570024,1157.753682570024,1142.2626121694393,1147.9698486328125,319100,0.0,0.0
2011-02-02 00:00:00+09:00,1156.1230555509283,1156.1230555509283,1145.523902009206,1147.154541015625,183800,0.0,0.0
2011-02-03 00:00:00+09:00,1153.6771478673202,1155.307786945578,1147.1545915542895,1152.0465087890625,313000,0.0,0.0
2011-02-04 00:00:00+09:00,1157.7538942233682,1160.199853154826,1155.3079352919103,1158.5692138671875,153800,0.0,0.0
2011-02-07 00:00:00+09:00,1161.8303580626155,1165.9069558102035,1153.6771625674392,1159.3843994140625,147100,0.0,0.0
2011-02-08 00:00:00+09:00,1157.753754750468,1157.753754750468,1139.8167247472918,1143.0780029296875,298000,0.0,0.0
2011-02-09 00:00:00+09:00,1145.5239406299727,1152.86181640625,1145.5239406299727,1152.86181640625,150300,0.0,0.0
2011-02-10 00:00:00+09:00,1147.9701303003533,1156.1233272485092,1147.9701303003533,1153.6773681640625,112600,0.0,0.0
2011-02-14 00:00:00+09:00,1100.6815535057078,1159.384569692679,1090.0823978052824,1156.123291015625,90600,0.0,0.0
2011-02-15 00:00:00+09:00,1152.8618430179215,1160.1997189635802,1152.8618430179215,1159.3843994140625,117700,0.0,0.0
2011-02-16 00:00:00+09:00,1157.753614789984,1165.091489813301,1156.938295342949,1161.014892578125,116500,0.0,0.0
2011-02-17 00:00:00+09:00,1165.90693475146,1169.168212890625,1159.3843784731303,1169.168212890625,163800,0.0,0.0
2011-02-18 00:00:00+09:00,1169.983874562723,1175.691112975224,1167.5379152430796,1170.7991943359375,119800,0.0,0.0
2011-02-21 00:00:00+09:00,1174.0601476471095,1185.4746213047897,1174.0601476471095,1184.6593017578125,132300,0.0,0.0
2011-02-22 00:00:00+09:00,1184.6592479007645,1184.6592479007645,1169.1681772124543,1171.6141357421875,179200,0.0,0.0
2011-02-23 00:00:00+09:00,1165.9070684588712,1172.4296254852145,1165.9070684588712,1168.35302734375,145100,0.0,0.0
2011-02-24 00:00:00+09:00,1169.1685055179196,1174.8757436899039,1161.8306278682255,1165.9072265625,196100,0.0,0.0
2011-02-25 00:00:00+09:00,1179.7674821466924,1186.2900390625,1174.0602448453608,1186.2900390625,259500,0.0,0.0
2011-02-28 00:00:00+09:00,1186.289743616961,1187.1050630283817,1172.4293136228112,1181.3978271484375,203700,0.0,0.0
2011-03-01 00:00:00+09:00,1182.2133044484244,1185.4745825296616,1172.4294702047134,1178.9520263671875,198200,0.0,0.0
2011-03-02 00:00:00+09:00,1178.1366886387525,1178.1366886387525,1163.4609375,1163.4609375,260700,0.0,0.0
2011-03-03 00:00:00+09:00,1182.2133439796166,1182.2133439796166,1150.4158816243028,1151.231201171875,530800,0.0,0.0
2011-03-04 00:00:00+09:00,1152.0464968755525,1157.7537335904349,1142.2626625071828,1152.86181640625,476400,0.0,0.0
2011-03-07 00:00:00+09:00,1153.6775143352136,1153.6775143352136,1141.4477173634623,1143.8936767578125,242200,0.0,0.0
2011-03-08 00:00:00+09:00,1146.339245301379,1156.938399063056,1143.077967220863,1145.52392578125,153300,0.0,0.0
2011-03-09 00:00:00+09:00,1153.6771121267545,1157.7537096961069,1150.4158340712725,1154.492431640625,117900,0.0,0.0
2011-03-10 00:00:00+09:00,1150.4158697108048,1152.0465087890625,1143.8933133977741,1152.0465087890625,149200,0.0,0.0
2011-03-11 00:00:00+09:00,1144.7085554274258,1148.7851528470392,1140.6319580078125,1140.6319580078125,313500,0.0,0.0
2011-03-14 00:00:00+09:00,1067.2534627397797,1133.2943569200104,1063.99218401483,1113.7266845703125,524100,0.0,0.0
2011-03-15 00:00:00+09:00,1080.2984315231133,1083.5597098069568,953.1085784532223,982.4600830078125,506300,0.0,0.0
2011-03-16 00:00:00+09:00,1010.9961821933962,1100.6813273879716,1010.9961821933962,1080.29833984375,448300,0.0,0.0
2011-03-17 00:00:00+09:00,1043.6088972781506,1095.789342142058,1035.455702768165,1093.3433837890625,321100,0.0,0.0
2011-03-18 00:00:00+09:00,1095.789382830296,1108.019175049384,1070.5144789108472,1073.7757568359375,337500,0.0,0.0
2011-03-22 00:00:00+09:00,1112.0958702256944,1112.0958702256944,1094.1588400607639,1100.681396484375,262900,0.0,0.0
2011-03-23 00:00:00+09:00,1106.3886322964875,1141.4473730398545,1076.2218088661484,1134.1094970703125,969500,0.0,0.0
2011-03-24 00:00:00+09:00,1207.4883468891921,1222.164099923632,1169.1683250770436,1178.1368408203125,1780000,0.0,0.0
2011-03-25 00:00:00+09:00,1186.28980753209,1189.551085353484,1145.5238347646641,1160.1995849609375,494300,0.0,0.0
2011-03-28 00:00:00+09:00,1159.3843399614575,1163.4609375,1149.6005058689557,1163.4609375,288300,0.0,0.0
2011-03-29 00:00:00+09:00,1159.3843636924341,1167.5375589364035,1150.4158489240679,1161.830322265625,315000,0.0,0.0
2011-03-30 00:00:00+09:00,1161.8305451472875,1181.3982174866103,1157.753946743262,1179.767578125,280100,0.0,0.0
2011-03-31 00:00:00+09:00,1174.0599524456522,1181.3978271484375,1169.9833553885492,1181.3978271484375,264200,0.0,0.0
2011-04-01 00:00:00+09:00,1174.0602870997536,1179.7675246064885,1156.1232549357296,1158.5692138671875,482500,0.0,0.0
2011-04-04 00:00:00+09:00,1165.9068991728102,1172.4294552520987,1159.3843430935217,1171.6141357421875,448200,0.0,0.0
2011-04-05 00:00:00+09:00,1175.6906426247585,1175.6906426247585,1159.3842536840546,1161.014892578125,345000,0.0,0.0
2011-04-06 00:00:00+09:00,1162.6455078125,1171.614021547379,1158.5689106602822,1162.6455078125,278700,0.0,0.0
2011-04-07 00:00:00+09:00,1163.4613163770075,1175.691112975224,1161.015357057364,1170.7991943359375,393800,0.0,0.0
2011-04-08 00:00:00+09:00,1174.0599641747237,1183.843797209513,1168.3527282377634,1180.58251953125,623600,0.0,0.0
2011-04-11 00:00:00+09:00,1180.5828137089495,1188.7360099362213,1174.8755763498593,1185.4747314453125,342400,0.0,0.0
2011-04-12 00:00:00+09:00,1184.6592630093523,1185.4745825296616,1178.1367068468783,1178.9520263671875,244400,0.0,0.0
2011-04-13 00:00:00+09:00,1178.1364044462869,1183.8436396235354,1174.875127202145,1183.0283203125,229600,0.0,0.0
2011-04-14 00:00:00+09:00,1183.0284143819301,1183.8437337577964,1174.8752206232675,1176.505859375,279500,0.0,0.0
2011-04-15 00:00:00+09:00,1174.8756189480634,1176.506258252641,1154.492627640845,1157.75390625,650600,0.0,0.0
2011-04-18 00:00:00+09:00,1162.6458241637324,1165.0917831205986,1157.75390625,1157.75390625,361700,0.0,0.0
2011-04-19 00:00:00+09:00,1158.5690441680372,1164.2762808388156,1156.9384051192433,1161.830322265625,315600,0.0,0.0
2011-04-20 00:00:00+09:00,1162.645677612133,1169.168234008274,1158.5690798645448,1159.3843994140625,326000,0.0,0.0
2011-04-21 00:00:00+09:00,1165.0914661038307,1165.0914661038307,1157.7535912298388,1162.6455078125,349400,0.0,0.0
2011-04-22 00:00:00+09:00,1165.091615216669,1174.8754496341637,1160.1996980079216,1169.168212890625,598800,0.0,0.0
2011-04-25 00:00:00+09:00,1168.352854546251,1175.690730115627,1163.4609375,1163.4609375,931700,0.0,0.0
2011-04-26 00:00:00+09:00,1176.6822167560147,1187.4243999146017,1170.0716425045764,1184.9454345703125,995100,19.0,0.0
2011-04-27 00:00:00+09:00,1175.0296735295406,1184.1192139014288,1170.0717424176016,1178.3349609375,562900,0.0,0.0
2011-04-28 00:00:00+09:00,1179.1611436461337,1183.2927524185448,1173.3768913647582,1182.4664306640625,448500,0.0,0.0
2011-05-02 00:00:00+09:00,1179.9872332317073,1185.771484375,1178.3345900479094,1185.771484375,378000,0.0,0.0
2011-05-06 00:00:00+09:00,1186.5977694211012,1202.2978791836367,1181.639840022406,1201.4715576171875,806400,0.0,0.0
2011-05-09 00:00:00+09:00,1203.1245137617677,1206.4298008874869,1184.1191127888826,1184.9454345703125,395300,0.0,0.0
2011-05-10 00:00:00+09:00,1191.5559029068622,1194.0348680308016,1174.2031470392867,1180.813720703125,341100,0.0,0.0
2011-05-11 00:00:00+09:00,1180.8136375896092,1189.903175737605,1175.8557076907025,1183.2926025390625,319200,0.0,0.0
2011-05-12 00:00:00+09:00,1179.161325331351,1179.987647213153,1161.8085658135105,1162.6348876953125,347500,0.0,0.0
2011-05-13 00:00:00+09:00,1162.6348177153488,1163.461139547414,1137.8451627534012,1150.239990234375,410600,0.0,0.0
2011-05-16 00:00:00+09:00,1151.0664419090067,1151.8927638342823,1132.0610376276663,1142.80322265625,352000,0.0,0.0
2011-05-17 00:00:00+09:00,1093.2236642971052,1137.0187166083272,1091.571020813663,1121.318603515625,1035700,0.0,0.0
2011-05-18 00:00:00+09:00,1121.318678168011,1152.7189064439021,1121.318678168011,1144.4556884765625,653900,0.0,0.0
2011-05-19 00:00:00+09:00,1151.892867009943,1156.024477006392,1129.5821730291193,1136.1927490234375,458600,0.0,0.0
2011-05-20 00:00:00+09:00,1141.9764779553375,1148.5870509102165,1122.9710807100605,1126.2763671875,215000,0.0,0.0
2011-05-23 00:00:00+09:00,1122.145103313826,1129.582000169367,1110.5765970940959,1119.6661376953125,207800,0.0,0.0
2011-05-24 00:00:00+09:00,1118.0132778962218,1123.7975298882939,1108.0974173383838,1118.839599609375,354200,0.0,0.0
2011-05-25 00:00:00+09:00,1131.2345554280903,1137.8451298937036,1108.923866606645,1111.40283203125,423000,0.0,0.0
2011-05-26 00:00:00+09:00,1112.229036805907,1127.1028277884527,1108.923749920897,1122.1448974609375,400500,0.0,0.0
2011-05-27 00:00:00+09:00,1122.9716429504886,1140.3244056450876,1113.0557785535748,1131.23486328125,403700,0.0,0.0
2011-05-30 00:00:00+09:00,1138.6711194114964,1139.4974409785584,1122.1446880702556,1132.060546875,551200,0.0,0.0
2011-05-31 00:00:00+09:00,1132.887123607652,1154.3714891902916,1131.2344801012953,1135.3660888671875,3218100,0.0,0.0
2011-06-01 00:00:00+09:00,1151.8926126998283,1156.0242217841176,1132.06088909524,1143.62939453125,561300,0.0,0.0
2011-06-02 00:00:00+09:00,1148.5874157046799,1182.4666128585588,1144.45580629567,1162.6348876953125,799800,0.0,0.0
2011-06-03 00:00:00+09:00,1152.7185860515513,1153.5449076186133,1130.407903740876,1132.060546875,533000,0.0,0.0
2011-06-06 00:00:00+09:00,1124.6238072087554,1146.1081709026773,1122.1448421671491,1141.9765625,459600,0.0,0.0
2011-06-07 00:00:00+09:00,1135.3659451619349,1149.413413187956,1123.7974420816822,1146.9344482421875,416900,0.0,0.0
2011-06-08 00:00:00+09:00,1142.8032251046518,1156.850697864434,1140.3242593235136,1153.54541015625,298600,0.0,0.0
2011-06-09 00:00:00+09:00,1156.850308898493,1167.5924903382647,1154.3713439508533,1165.113525390625,385300,0.0,0.0
2011-06-10 00:00:00+09:00,1181.6403503848398,1183.292994231532,1158.5033365311508,1171.7244873046875,558100,0.0,0.0
2011-06-13 00:00:00+09:00,1149.413727350432,1166.7664867137385,1145.2821179782163,1159.32958984375,354800,0.0,0.0
2011-06-14 00:00:00+09:00,1148.5874785939739,1155.198054010342,1143.6295470316977,1153.54541015625,366600,0.0,0.0
2011-06-15 00:00:00+09:00,1151.892333984375,1156.850263685886,1140.323831347516,1151.892333984375,417900,0.0,0.0
2011-06-16 00:00:00+09:00,1159.3289551656305,1174.202740762909,1152.7183837890625,1152.7183837890625,383000,0.0,0.0
2011-06-17 00:00:00+09:00,1168.4190096623825,1168.4190096623825,1140.3240688359883,1141.150390625,346100,0.0,0.0
2011-06-20 00:00:00+09:00,1140.323990512594,1156.850425157704,1140.323990512594,1154.3714599609375,171600,0.0,0.0
2011-06-21 00:00:00+09:00,1174.2032470703125,1175.8558906270619,1160.9820986163188,1174.2032470703125,301800,0.0,0.0
2011-06-22 00:00:00+09:00,1167.5929055870126,1173.3771591886468,1156.0243983837443,1170.898193359375,337900,0.0,0.0
2011-06-23 00:00:00+09:00,1160.155623100936,1169.2451614585643,1157.6766580943101,1164.2872314453125,183300,0.0,0.0
2011-06-24 00:00:00+09:00,1165.939913655138,1169.2452004408365,1161.8083051730148,1166.7662353515625,195700,0.0,0.0
2011-06-27 00:00:00+09:00,1161.8085554670795,1165.9401648392952,1156.8506242204205,1159.32958984375,262700,0.0,0.0
2011-06-28 00:00:00+09:00,1162.6342408539147,1162.6342408539147,1146.9341338345655,1152.7183837890625,303000,0.0,0.0
2011-06-29 00:00:00+09:00,1156.850325289146,1164.2872202374333,1156.024003628225,1160.98193359375,320300,0.0,0.0
2011-06-30 00:00:00+09:00,1165.113773305736,1175.85595703125,1160.9821641805383,1175.85595703125,405700,0.0,0.0
2011-07-01 00:00:00+09:00,1168.4192297448644,1183.2930247486888,1167.5929078002075,1181.640380859375,325400,0.0,0.0
2011-07-04 00:00:00+09:00,1195.687744140625,1196.5140660094162,1190.7298129278788,1195.687744140625,346700,0.0,0.0
2011-07-05 00:00:00+09:00,1195.6875056875597,1195.6875056875597,1186.597966943563,1188.2506103515625,178400,0.0,0.0
2011-07-06 00:00:00+09:00,1187.4243382015031,1194.034912109375,1179.987442555147,1194.034912109375,210100,0.0,0.0
2011-07-07 00:00:00+09:00,1189.0769816784712,1197.340199063311,1184.945372986051,1194.034912109375,218200,0.0,0.0
2011-07-08 00:00:00+09:00,1197.3402269527191,1197.3402269527191,1189.903331133137,1193.2086181640625,177600,0.0,0.0
2011-07-11 00:00:00+09:00,1193.2085405755606,1194.0348622795602,1184.9453235355636,1188.2506103515625,154700,0.0,0.0
2011-07-12 00:00:00+09:00,1181.640380859375,1184.1193466933457,1170.0718736341782,1181.640380859375,180700,0.0,0.0
2011-07-13 00:00:00+09:00,1173.3769296302955,1188.2507216960316,1173.3769296302955,1184.9454345703125,110300,0.0,0.0
2011-07-14 00:00:00+09:00,1178.3348945874845,1184.9454690311732,1173.3769637547182,1176.6822509765625,148100,0.0,0.0
2011-07-15 00:00:00+09:00,1176.682345120614,1187.424529451069,1170.8980920195997,1177.5086669921875,175600,0.0,0.0
2011-07-19 00:00:00+09:00,1175.8557740122335,1177.5084174050826,1162.6346268694394,1166.7662353515625,200100,0.0,0.0
2011-07-20 00:00:00+09:00,1174.2030635319704,1175.0293851811837,1164.2872037414118,1165.113525390625,107700,0.0,0.0
2011-07-21 00:00:00+09:00,1168.41880066873,1168.41880066873,1159.3292626154373,1161.8082275390625,108200,0.0,0.0
2011-07-22 00:00:00+09:00,1161.8084160197864,1167.5926684466274,1159.3294506939974,1163.4610595703125,158000,0.0,0.0
2011-07-25 00:00:00+09:00,1167.5924903382647,1167.5924903382647,1157.6766305477063,1165.113525390625,151300,0.0,0.0
2011-07-26 00:00:00+09:00,1160.1556617801657,1171.7241655301102,1157.6766966908917,1166.7662353515625,172400,0.0,0.0
2011-07-27 00:00:00+09:00,1161.8082275390625,1165.1135141038963,1155.197654409395,1161.8082275390625,197300,0.0,0.0
2011-07-28 00:00:00+09:00,1152.7183837890625,1153.5447052111335,1148.5867766787076,1152.7183837890625,165600,0.0,0.0
2011-07-29 00:00:00+09:00,1159.3292626154373,1168.41880066873,1154.3713327681867,1161.8082275390625,249300,0.0,0.0
2011-08-01 00:00:00+09:00,1158.503171256419,1181.6401818093289,1158.503171256419,1176.6822509765625,228300,0.0,0.0
2011-08-02 00:00:00+09:00,1170.898193359375,1176.6824469610092,1165.9402617008316,1170.898193359375,173300,0.0,0.0
2011-08-03 00:00:00+09:00,1160.9818602637422,1163.4608250899282,1144.4554280891693,1148.5870361328125,172900,0.0,0.0
2011-08-04 00:00:00+09:00,1141.1502408194644,1150.2397793053544,1135.3659890557162,1141.9765625,166200,0.0,0.0
2011-08-05 00:00:00+09:00,1107.2713198181107,1125.4504011882589,1104.7923541767268,1122.971435546875,215700,0.0,0.0
2011-08-08 00:00:00+09:00,1107.2708783339594,1112.2288076399323,1099.0076628240045,1099.833984375,198300,0.0,0.0
2011-08-09 00:00:00+09:00,1068.4341345596022,1087.4395367984814,1058.518272521926,1084.9605712890625,272800,0.0,0.0
2011-08-10 00:00:00+09:00,1099.8342671315709,1103.9658759487443,1089.09208420692,1102.313232421875,226200,0.0,0.0
2011-08-11 00:00:00+09:00,1096.5290499292012,1117.1870953310322,1090.7447972166883,1114.7081298828125,227000,0.0,0.0
2011-08-12 00:00:00+09:00,1120.492410631491,1122.145054304989,1102.3133302230156,1113.8818359375,213300,0.0,0.0
2011-08-15 00:00:00+09:00,1115.53429069349,1122.9711859647798,1103.13946524134,1112.22900390625,180800,0.0,0.0
2011-08-16 00:00:00+09:00,1112.2291644345928,1117.1870953310322,1108.0975553542266,1114.7081298828125,140100,0.0,0.0
2011-08-17 00:00:00+09:00,1106.4451916034404,1120.4926660300712,1106.4451916034404,1117.1873779296875,101900,0.0,0.0
2011-08-18 00:00:00+09:00,1111.4027763882123,1120.4923158233576,1105.6185240203927,1113.055419921875,118300,0.0,0.0
2011-08-19 00:00:00+09:00,1095.70285553434,1113.0556156898613,1095.70285553434,1107.2713623046875,136000,0.0,0.0
2011-08-22 00:00:00+09:00,1099.8344650951785,1113.0556156898613,1099.0081431830108,1107.2713623046875,146600,0.0,0.0
2011-08-23 00:00:00+09:00,1110.5765970940959,1123.7977470595017,1109.750275221258,1119.6661376953125,151700,0.0,0.0
2011-08-24 00:00:00+09:00,1127.929415388652,1133.7136688009014,1119.6661962282956,1128.7557373046875,259800,0.0,0.0
2011-08-25 00:00:00+09:00,1153.545305730319,1153.545305730319,1118.8397879361403,1120.492431640625,306300,0.0,0.0
2011-08-26 00:00:00+09:00,1121.3187324682401,1122.971376141738,1108.9239049170067,1113.8818359375,152800,0.0,0.0
2011-08-29 00:00:00+09:00,1115.5343513235769,1126.276533965952,1109.7500991315287,1121.318603515625,166800,0.0,0.0
2011-08-30 00:00:00+09:00,1132.0607861580002,1136.192394866606,1116.360673065298,1121.318603515625,176400,0.0,0.0
2011-08-31 00:00:00+09:00,1130.408194748481,1160.9821006005964,1124.6239422899728,1156.024169921875,362600,0.0,0.0
2011-09-01 00:00:00+09:00,1165.1136877415079,1165.1136877415079,1142.8030001039047,1149.41357421875,181200,0.0,0.0
2011-09-02 00:00:00+09:00,1124.623851066412,1138.6713201833327,1124.623851066412,1137.0186767578125,176100,0.0,0.0
2011-09-05 00:00:00+09:00,1129.5818855788377,1141.9767124140117,1123.7976330557567,1141.150390625,127200,0.0,0.0
2011-09-06 00:00:00+09:00,1132.0607731900388,1155.197781693193,1125.450199331995,1154.3714599609375,224400,0.0,0.0
2011-09-07 00:00:00+09:00,1157.6768071434715,1165.1137031208384,1146.1083022897892,1163.4610595703125,380400,0.0,0.0
2011-09-08 00:00:00+09:00,1165.1137351452464,1175.0295967209506,1157.6768389634683,1173.376953125,255000,0.0,0.0
2011-09-09 00:00:00+09:00,1173.377012013428,1185.771839605119,1170.0717246556437,1173.3192138671875,314400,0.0,0.0
2011-09-12 00:00:00+09:00,1151.892766302158,1163.4612732808023,1143.6295470316977,1153.54541015625,167400,0.0,0.0
2011-09-13 00:00:00+09:00,1162.6346545418808,1165.93994140625,1152.718793948773,1165.93994140625,135700,0.0,0.0
2011-09-14 00:00:00+09:00,1159.3293903544704,1165.1136424802592,1151.892494764171,1154.3714599609375,103600,0.0,0.0
2011-09-15 00:00:00+09:00,1154.3715993946996,1160.982174051219,1146.9347029061153,1150.239990234375,129200,0.0,0.0
2011-09-16 00:00:00+09:00,1149.413413187956,1152.7186997823137,1137.0185884591137,1146.9344482421875,181800,0.0,0.0
2011-09-20 00:00:00+09:00,1139.4977854469607,1144.455716348108,1132.06088909524,1143.62939453125,131400,0.0,0.0
2011-09-21 00:00:00+09:00,1137.8449152890455,1149.413418421977,1136.192271984341,1139.49755859375,113900,0.0,0.0
2011-09-22 00:00:00+09:00,1136.1926472540447,1145.282188432077,1126.2767841507366,1142.80322265625,184300,0.0,0.0
2011-09-26 00:00:00+09:00,1138.671676947146,1146.9348966637435,1117.1873056839922,1133.7137451171875,225800,0.0,0.0
2011-09-27 00:00:00+09:00,1134.5397779135296,1140.324030240838,1123.7975950199564,1138.67138671875,182300,0.0,0.0
2011-09-28 00:00:00+09:00,1142.8033020235205,1169.24560546875,1142.8033020235205,1169.24560546875,302000,0.0,0.0
2011-09-29 00:00:00+09:00,1160.155705299698,1179.9874267578125,1157.6767401174336,1179.9874267578125,291000,0.0,0.0
2011-09-30 00:00:00+09:00,1179.9873489830563,1179.9873489830563,1170.8978105805259,1175.0294189453125,271500,0.0,0.0
2011-10-03 00:00:00+09:00,1163.4609648355492,1183.2926858270644,1158.5030345876705,1180.813720703125,126100,0.0,0.0
2011-10-04 00:00:00+09:00,1177.5087689040997,1177.5087689040997,1165.1139397577408,1170.898193359375,207500,0.0,0.0
2011-10-05 00:00:00+09:00,1168.4188285420373,1170.8977935248,1155.1976819673043,1160.98193359375,230000,0.0,0.0
2011-10-06 00:00:00+09:00,1162.6348145739867,1170.8980328723092,1160.982170914322,1168.4190673828125,122000,0.0,0.0
2011-10-07 00:00:00+09:00,1168.4188285420373,1172.5504368466413,1160.155611932829,1160.98193359375,104900,0.0,0.0
2011-10-11 00:00:00+09:00,1171.7243547021415,1177.5086075109673,1161.8084927441544,1168.4190673828125,124000,0.0,0.0
2011-10-12 00:00:00+09:00,1164.287192462688,1170.8977655923554,1160.1555842566456,1161.8082275390625,105200,0.0,0.0
2011-10-13 00:00:00+09:00,1167.592467652238,1167.592467652238,1156.850286421184,1158.5029296875,91400,0.0,0.0
2011-10-14 00:00:00+09:00,1144.4560158104684,1144.4560158104684,1130.4085412481738,1131.23486328125,267300,0.0,0.0
2011-10-17 00:00:00+09:00,1141.1502853216127,1142.802928747133,1131.2344247684923,1137.0186767578125,119900,0.0,0.0
2011-10-18 00:00:00+09:00,1136.1921547103102,1140.3237625456204,1130.407903740876,1132.060546875,115000,0.0,0.0
2011-10-19 00:00:00+09:00,1141.1501529644345,1153.544977218212,1137.0185448798422,1151.892333984375,161700,0.0,0.0
2011-10-20 00:00:00+09:00,1151.8920623669915,1156.0236694773466,1142.8025267242103,1152.7183837890625,154500,0.0,0.0
2011-10-21 00:00:00+09:00,1155.1973480552756,1156.8499908994177,1148.5867766787076,1152.7183837890625,147600,0.0,0.0
2011-10-24 00:00:00+09:00,1153.5447052111335,1160.9815980097726,1144.4551695683524,1152.7183837890625,207300,0.0,0.0
2011-10-25 00:00:00+09:00,1152.719085759558,1154.3717296101095,1140.324256880423,1142.80322265625,181100,0.0,0.0
2011-10-26 00:00:00+09:00,1138.6717615789353,1138.6717615789353,1123.7979649835647,1131.23486328125,267900,0.0,0.0
2011-10-27 00:00:00+09:00,1132.072384960354,1138.7759964182983,1106.0958905608195,1122.0169677734375,369200,19.0,0.0
2011-10-28 00:00:00+09:00,1132.910217600933,1134.5861202896917,1122.016850124001,1133.7481689453125,188900,0.0,0.0
2011-10-31 00:00:00+09:00,1133.748843069034,1142.9663133378876,1118.6657099018182,1121.1795654296875,246300,0.0,0.0
2011-11-01 00:00:00+09:00,1126.20703125,1132.91064453125,1116.151611328125,1124.5311279296875,180400,0.0,0.0
2011-11-02 00:00:00+09:00,1122.8546124304125,1122.8546124304125,1110.2853443808183,1119.5028076171875,155200,0.0,0.0
2011-11-04 00:00:00+09:00,1114.4753428949589,1121.1789539800413,1110.2855859667823,1117.8271484375,112800,0.0,0.0
2011-11-07 00:00:00+09:00,1115.3132317789161,1119.5029884723006,1110.285523746855,1113.6373291015625,78800,0.0,0.0
2011-11-08 00:00:00+09:00,1106.9340212726881,1122.0171494959343,1106.9340212726881,1109.4478759765625,138600,0.0,0.0
2011-11-09 00:00:00+09:00,1116.1516718633657,1128.7209474474125,1114.4757684521594,1125.369140625,92500,0.0,0.0
2011-11-10 00:00:00+09:00,1106.0960693359375,1117.82739128344,1098.554505226829,1106.0960693359375,134900,0.0,0.0
2011-11-11 00:00:00+09:00,1106.0960078836845,1119.5032322216684,1097.7164926724445,1103.5821533203125,98000,0.0,0.0
2011-11-14 00:00:00+09:00,1114.4753395807725,1117.8271451133462,1105.2578743661948,1107.771728515625,80400,0.0,0.0
2011-11-15 00:00:00+09:00,1112.7993803174083,1127.0445531076161,1111.1234776362073,1120.3409423828125,160600,0.0,0.0
2011-11-16 00:00:00+09:00,1123.6927477452143,1125.3686504264151,1116.1511856798102,1120.3409423828125,103500,0.0,0.0
2011-11-17 00:00:00+09:00,1119.50341796875,1126.20703125,1108.6100463867188,1124.5311279296875,181200,0.0,0.0
2011-11-18 00:00:00+09:00,1117.8272110656692,1126.2067253914988,1116.9892596330862,1123.69287109375,101800,0.0,0.0
2011-11-21 00:00:00+09:00,1119.503178136489,1139.614013671875,1118.6652266558478,1139.614013671875,153500,0.0,0.0
2011-11-22 00:00:00+09:00,1132.0722662565536,1137.09997432283,1122.8548014683804,1133.7481689453125,108000,0.0,0.0
2011-11-24 00:00:00+09:00,1120.3410653634182,1131.2344339869967,1116.9892596330862,1123.69287109375,124400,0.0,0.0
2011-11-25 00:00:00+09:00,1126.2068466335334,1129.5586527247046,1115.313476837227,1116.9893798828125,124200,0.0,0.0
2011-11-28 00:00:00+09:00,1123.693052257191,1124.53100382487,1106.0960693359375,1106.0960693359375,150900,0.0,0.0
2011-11-29 00:00:00+09:00,1126.2066017670156,1126.2066017670156,1102.743964230203,1120.3409423828125,178300,0.0,0.0
2011-11-30 00:00:00+09:00,1114.475525588132,1121.1791377721208,1111.9616710191362,1118.665283203125,117500,0.0,0.0
2011-12-01 00:00:00+09:00,1119.5029891176746,1124.5306971526343,1112.7993784043952,1115.313232421875,155300,0.0,0.0
2011-12-02 00:00:00+09:00,1115.3134771111306,1121.1791377721208,1106.9339618811448,1118.665283203125,179200,0.0,0.0
2011-12-05 00:00:00+09:00,1131.2346196807591,1137.1002806716965,1114.4755882780812,1136.2623291015625,242900,0.0,0.0
2011-12-06 00:00:00+09:00,1130.3964192220296,1138.7759330783826,1117.8271484375,1117.8271484375,124900,0.0,0.0
2011-12-07 00:00:00+09:00,1120.3412487340856,1135.424376989294,1114.475587745949,1131.234619140625,126700,0.0,0.0
2011-12-08 00:00:00+09:00,1121.1790167960012,1130.3964825544138,1117.8272110656692,1123.69287109375,99500,0.0,0.0
2011-12-09 00:00:00+09:00,1115.3132343392097,1124.5306990858148,1115.3132343392097,1120.3409423828125,149600,0.0,0.0
2011-12-12 00:00:00+09:00,1111.1235945718229,1115.313351715759,1105.2579345703125,1105.2579345703125,424800,0.0,0.0
2011-12-13 00:00:00+09:00,1105.257995420233,1106.9338983700743,1098.5543836208685,1104.4200439453125,167300,0.0,0.0
2011-12-14 00:00:00+09:00,1099.3923948798626,1101.9062494413258,1096.040588797912,1098.554443359375,158200,0.0,0.0
2011-12-15 00:00:00+09:00,1097.7162465779218,1104.4198572440464,1092.6885385783282,1095.202392578125,96400,0.0,0.0
2011-12-16 00:00:00+09:00,1091.0126359117971,1099.3921492444529,1091.0126359117971,1095.202392578125,140800,0.0,0.0
2011-12-19 00:00:00+09:00,1091.0129396403493,1097.7165521727018,1089.3370365072612,1092.6888427734375,136700,0.0,0.0
2011-12-20 00:00:00+09:00,1092.688601972122,1103.581969936568,1092.688601972122,1102.7440185546875,93100,0.0,0.0
2011-12-21 00:00:00+09:00,1109.4478756066526,1109.4478756066526,1101.0683599298652,1106.0960693359375,88000,0.0,0.0
2011-12-22 00:00:00+09:00,1105.2580563625604,1108.6098624470565,1100.2303472358165,1103.5821533203125,107700,0.0,0.0
2011-12-26 00:00:00+09:00,1108.6098649271419,1120.3411862491223,1102.7442042661517,1118.665283203125,190300,0.0,0.0
2011-12-27 00:00:00+09:00,1107.7717301701923,1114.4753412453524,1107.7717301701923,1112.7994384765625,68700,0.0,0.0
2011-12-28 00:00:00+09:00,1106.0960697047299,1112.799682248395,1106.0960697047299,1109.4478759765625,77000,0.0,0.0
2011-12-29 00:00:00+09:00,1101.9061288551636,1108.6097402854614,1101.0681774263765,1105.2579345703125,75100,0.0,0.0
2011-12-30 00:00:00+09:00,1112.799682248395,1112.799682248395,1102.7442634328975,1109.4478759765625,57000,0.0,0.0
2012-01-04 00:00:00+09:00,1122.0175172723107,1127.0452283280492,1117.8277580591953,1121.1795654296875,156600,0.0,0.0
2012-01-05 00:00:00+09:00,1122.0168411888267,1123.6927438642392,1107.7716684478182,1110.2855224609375,89700,0.0,0.0
2012-01-06 00:00:00+09:00,1111.1237791124788,1111.1237791124788,1100.230408729023,1109.4478759765625,91800,0.0,0.0
2012-01-10 00:00:00+09:00,1112.799682248395,1122.0171494959343,1106.0960697047299,1109.4478759765625,110200,0.0,0.0
2012-01-11 00:00:00+09:00,1110.2858277287778,1116.1514887054582,1106.0960698882918,1111.123779296875,111000,0.0,0.0
2012-01-12 00:00:00+09:00,1110.2858254803307,1110.2858254803307,1091.012939453125,1091.012939453125,265900,0.0,0.0
2012-01-13 00:00:00+09:00,1091.8508912068935,1094.3647459065255,1087.6611333741732,1092.6888427734375,198900,0.0,0.0
2012-01-16 00:00:00+09:00,1089.3369746741278,1089.3369746741278,1079.2815564463667,1086.8231201171875,166500,0.0,0.0
2012-01-17 00:00:00+09:00,1085.9852300547234,1093.5267941523257,1083.4713753555227,1091.012939453125,114800,0.0,0.0
2012-01-18 00:00:00+09:00,1092.6887188164123,1092.6887188164123,1084.3092041015625,1084.3092041015625,147000,0.0,0.0
2012-01-19 00:00:00+09:00,1085.1473386780779,1089.3370967424719,1080.9575806136836,1081.7955322265625,140100,0.0,0.0
2012-01-20 00:00:00+09:00,1088.498840613732,1091.850646127554,1085.1470350999098,1089.3367919921875,143300,0.0,0.0
2012-01-23 00:00:00+09:00,1090.1749878867247,1092.6888425859254,1089.3370363203244,1091.012939453125,133300,0.0,0.0
2012-01-24 00:00:00+09:00,1091.8503345048548,1091.8503345048548,1079.28106741539,1080.1190185546875,370300,0.0,0.0
2012-01-25 00:00:00+09:00,1087.6608925796136,1101.9060660571586,1086.8229411985815,1099.3922119140625,328000,0.0,0.0
2012-01-26 00:00:00+09:00,1096.8786004179267,1099.3924551171274,1090.1749878867247,1091.012939453125,97300,0.0,0.0
2012-01-27 00:00:00+09:00,1091.0129396403493,1096.8786006061578,1090.1749880738053,1092.6888427734375,117200,0.0,0.0
2012-01-30 00:00:00+09:00,1089.3369774612045,1106.9339594048085,1089.3369774612045,1103.5821533203125,472100,0.0,0.0
2012-01-31 00:00:00+09:00,1105.258177579784,1105.258177579784,1085.1473388671875,1085.1473388671875,374900,0.0,0.0
2012-02-01 00:00:00+09:00,1090.1748042176373,1096.8784156194367,1085.9850470915126,1088.4989013671875,163300,0.0,0.0
2012-02-02 00:00:00+09:00,1096.0405250831886,1096.878476554965,1085.985107421875,1085.985107421875,143700,0.0,0.0
2012-02-03 00:00:00+09:00,1086.8232419986828,1091.0130000634426,1083.471435546875,1083.471435546875,131800,0.0,0.0
2012-02-06 00:00:00+09:00,1091.0129999682297,1091.8509515811083,1081.7955322265625,1081.7955322265625,130200,0.0,0.0
2012-02-07 00:00:00+09:00,1085.1470956662877,1090.1748042176373,1082.633241390613,1088.4989013671875,87900,0.0,0.0
2012-02-08 00:00:00+09:00,1091.012939453125,1092.6888425859254,1085.1472784883233,1091.012939453125,100600,0.0,0.0
2012-02-09 00:00:00+09:00,1091.0129396403493,1095.2026974730695,1090.1749880738053,1092.6888427734375,127400,0.0,0.0
2012-02-10 00:00:00+09:00,1093.5265511329021,1096.878356653616,1091.0126969923667,1096.0404052734375,91300,0.0,0.0
2012-02-13 00:00:00+09:00,1100.2302858303308,1108.6098005738977,1098.5543828816174,1101.0682373046875,118100,0.0,0.0
2012-02-14 00:00:00+09:00,1102.7441409954715,1105.257995420233,1097.716432145948,1104.4200439453125,65700,0.0,0.0
2012-02-15 00:00:00+09:00,1106.095825749338,1110.2855826650552,1101.0681174504775,1107.771728515625,118600,0.0,0.0
2012-02-16 00:00:00+09:00,1108.6096782278507,1109.4476296097312,1101.0681157909264,1102.7440185546875,80100,0.0,0.0
2012-02-17 00:00:00+09:00,1107.771972471295,1110.2858271743312,1105.258117768259,1106.0960693359375,103700,0.0,0.0
2012-02-20 00:00:00+09:00,1111.1237791124788,1111.9617306804369,1108.6099244086042,1109.4478759765625,103600,0.0,0.0
2012-02-21 00:00:00+09:00,1108.6096197855247,1112.7993764740565,1107.7716684478182,1110.2855224609375,103100,0.0,0.0
2012-02-22 00:00:00+09:00,1113.637393142928,1127.04461533276,1111.9614903691988,1122.8548583984375,190200,0.0,0.0
2012-02-23 00:00:00+09:00,1126.2069097222222,1131.234619140625,1122.017151873553,1131.234619140625,129600,0.0,0.0
2012-02-24 00:00:00+09:00,1137.1002801287616,1138.776183268229,1128.7207644314235,1131.234619140625,214800,0.0,0.0
2012-02-27 00:00:00+09:00,1133.7485350658944,1137.1003415258083,1128.7208253760234,1132.0726318359375,157600,0.0,0.0
2012-02-28 00:00:00+09:00,1135.4243174809703,1142.9658812133162,1132.0725113777055,1142.1279296875,172700,0.0,0.0
2012-02-29 00:00:00+09:00,1147.993650535301,1154.6972630931712,1130.3966675708912,1131.234619140625,217900,0.0,0.0
2012-03-01 00:00:00+09:00,1132.072450702236,1145.479674396711,1132.072450702236,1141.2899169921875,173600,0.0,0.0
2012-03-02 00:00:00+09:00,1152.1833488068673,1153.8592518596774,1141.2899789636024,1147.1556396484375,184200,0.0,0.0
2012-03-05 00:00:00+09:00,1150.5074462890625,1158.0490100302145,1148.8315432354732,1150.5074462890625,202700,0.0,0.0
2012-03-06 00:00:00+09:00,1153.0213008694466,1161.4008161373931,1148.8315432354732,1150.5074462890625,219800,0.0,0.0
2012-03-07 00:00:00+09:00,1147.9937139526278,1159.7250365769612,1143.8039558725088,1158.8870849609375,275600,0.0,0.0
2012-03-08 00:00:00+09:00,1160.5626817786176,1160.5626817786176,1155.5349734099016,1156.3729248046875,153100,0.0,0.0
2012-03-09 00:00:00+09:00,1162.2387692668378,1164.7526238506882,1156.3731085711868,1160.5628662109375,198600,0.0,0.0
2012-03-12 00:00:00+09:00,1161.4007564831331,1168.9423198369195,1159.724853515625,1159.724853515625,166900,0.0,0.0
2012-03-13 00:00:00+09:00,1162.2388308298673,1171.456298125562,1161.4008792575314,1164.752685546875,216200,0.0,0.0
2012-03-14 00:00:00+09:00,1171.4564824176505,1172.294434121812,1162.239013671875,1162.239013671875,132400,0.0,0.0
2012-03-15 00:00:00+09:00,1168.104308862953,1175.6458718326567,1162.238648775406,1167.266357421875,173600,0.0,0.0
2012-03-16 00:00:00+09:00,1168.9423841157418,1178.1598509438945,1168.1044325859098,1177.3218994140625,212800,0.0,0.0
2012-03-19 00:00:00+09:00,1178.15966796875,1182.3494249672165,1178.15966796875,1178.15966796875,135400,0.0,0.0
2012-03-21 00:00:00+09:00,1180.6737060546875,1184.0255121754958,1177.3218999338794,1180.6737060546875,123300,0.0,0.0
2012-03-22 00:00:00+09:00,1180.6737676932987,1188.2153318588341,1180.6737676932987,1186.5394287109375,153900,0.0,0.0
2012-03-23 00:00:00+09:00,1184.8635864689156,1189.8912961710469,1182.34973161785,1185.7015380859375,174900,0.0,0.0
2012-03-26 00:00:00+09:00,1187.3773806289887,1194.0809932225188,1187.3773806289887,1189.8912353515625,138100,0.0,0.0
2012-03-27 00:00:00+09:00,1207.48779296875,1208.325744247701,1199.1082801792375,1207.48779296875,234800,0.0,0.0
2012-03-28 00:00:00+09:00,1210.8399066296251,1223.409179016784,1209.1640036446709,1220.057373046875,289500,0.0,0.0
2012-03-29 00:00:00+09:00,1223.4091829866977,1242.682067376214,1223.4091829866977,1240.168212890625,334700,0.0,0.0
2012-03-30 00:00:00+09:00,1245.1961059159303,1248.5479123921507,1241.0063478206546,1244.358154296875,269000,0.0,0.0
2012-04-02 00:00:00+09:00,1248.5476661872992,1248.5476661872992,1237.6542972876784,1239.3302001953125,333900,0.0,0.0
2012-04-03 00:00:00+09:00,1235.9784547552506,1241.0061637237466,1231.788697281504,1236.81640625,184300,0.0,0.0
2012-04-04 00:00:00+09:00,1236.8161581070697,1236.8161581070697,1220.8950829010844,1226.7607421875,277600,0.0,0.0
2012-04-05 00:00:00+09:00,1220.8953857421875,1223.4092403456373,1216.705628069771,1220.8953857421875,212200,0.0,0.0
2012-04-06 00:00:00+09:00,1220.8950210351964,1226.7606800243839,1220.0570697510266,1224.246826171875,209700,0.0,0.0
2012-04-09 00:00:00+09:00,1223.4094849051148,1230.1130985210332,1217.543822991186,1222.571533203125,213100,0.0,0.0
2012-04-10 00:00:00+09:00,1224.2469494087297,1227.5987548828125,1221.7330953031676,1227.5987548828125,173100,0.0,0.0
2012-04-11 00:00:00+09:00,1222.5714109650182,1223.409362583226,1219.2196044921875,1219.2196044921875,316100,0.0,0.0
2012-04-12 00:00:00+09:00,1220.89501343197,1222.5709159898724,1206.6498416897987,1207.48779296875,361300,0.0,0.0
2012-04-13 00:00:00+09:00,1208.326172882458,1219.2195433730765,1208.326172882458,1218.381591796875,210500,0.0,0.0
2012-04-16 00:00:00+09:00,1219.2198466411828,1236.816834118478,1219.2198466411828,1232.6270751953125,272500,0.0,0.0
2012-04-17 00:00:00+09:00,1234.302551103675,1234.302551103675,1222.571230183477,1233.464599609375,170600,0.0,0.0
2012-04-18 00:00:00+09:00,1233.4650269799456,1234.3029787645787,1225.9234609182477,1232.6270751953125,251000,0.0,0.0
2012-04-19 00:00:00+09:00,1225.0854493859697,1226.7613528735017,1222.5715941546714,1223.4095458984375,260000,0.0,0.0
2012-04-20 00:00:00+09:00,1220.8953857421875,1222.571288811154,1218.3815311387375,1220.8953857421875,221700,0.0,0.0
2012-04-23 00:00:00+09:00,1220.8956297991454,1225.0853883090942,1219.2197263951657,1222.571533203125,375400,0.0,0.0
2012-04-24 00:00:00+09:00,1219.2194811547092,1219.2194811547092,1208.3261112199937,1210.8399658203125,930300,0.0,0.0
2012-04-25 00:00:00+09:00,1212.5380647078805,1232.067739419562,1211.6889484160683,1230.3695068359375,780300,19.0,0.0
2012-04-26 00:00:00+09:00,1230.369918227114,1238.861083984375,1226.1243353484836,1238.861083984375,330100,0.0,0.0
2012-04-27 00:00:00+09:00,1238.0117944538263,1238.8609109109277,1226.124164054407,1229.5206298828125,267600,0.0,0.0
2012-05-01 00:00:00+09:00,1226.973162803194,1226.973162803194,1204.0470206608506,1208.2926025390625,303900,0.0,0.0
2012-05-02 00:00:00+09:00,1209.1414067948047,1217.632568359375,1206.5940583254337,1217.632568359375,187200,0.0,0.0
2012-05-07 00:00:00+09:00,1198.103187265322,1207.4434672510902,1197.2540709029797,1204.8961181640625,163200,0.0,0.0
2012-05-08 00:00:00+09:00,1205.7452487006638,1216.783761540881,1198.9523177220685,1207.4434814453125,169700,0.0,0.0
2012-05-09 00:00:00+09:00,1198.9520460225767,1206.5940916417007,1198.9520460225767,1202.3485107421875,149300,0.0,0.0
2012-05-10 00:00:00+09:00,1193.0086945034273,1203.1980926059477,1186.2157624350805,1198.1033935546875,209700,0.0,0.0
2012-05-11 00:00:00+09:00,1198.103028312562,1198.952144562252,1175.1768895709324,1176.8751220703125,140700,0.0,0.0
2012-05-14 00:00:00+09:00,1170.9316175258143,1181.1210152127685,1164.9878022084242,1166.68603515625,116000,0.0,0.0
2012-05-15 00:00:00+09:00,1164.1380918415543,1173.4783682895902,1159.8925116379019,1169.2327880859375,134900,0.0,0.0
2012-05-16 00:00:00+09:00,1164.1382909406695,1172.629452800193,1156.4962452670984,1161.5909423828125,113700,0.0,0.0
2012-05-17 00:00:00+09:00,1161.5911532478417,1161.5911532478417,1148.0052918063463,1155.6473388671875,146100,0.0,0.0
2012-05-18 00:00:00+09:00,1146.3069779532298,1154.7981407528832,1135.2684663136802,1141.2122802734375,185500,0.0,0.0
2012-05-21 00:00:00+09:00,1139.5140284296292,1151.4016561479712,1133.5702145704581,1137.8157958984375,110700,0.0,0.0
2012-05-22 00:00:00+09:00,1137.8158941947565,1142.061475889513,1129.3247308052435,1133.5703125,114200,0.0,0.0
2012-05-23 00:00:00+09:00,1133.5704205487225,1136.9668862282692,1123.3810235100823,1131.0230712890625,132800,0.0,0.0
2012-05-24 00:00:00+09:00,1131.871653354267,1135.2681174303489,1108.9455208407148,1123.3804931640625,158100,0.0,0.0
2012-05-25 00:00:00+09:00,1136.1181640625,1137.816397491592,1120.8340632006727,1136.1181640625,142800,0.0,0.0
2012-05-28 00:00:00+09:00,1136.1173669663915,1143.7594120356723,1123.380625184257,1125.078857421875,106600,0.0,0.0
2012-05-29 00:00:00+09:00,1131.8719675981383,1136.966665126712,1125.9281538148023,1135.2684326171875,162600,0.0,0.0
2012-05-30 00:00:00+09:00,1136.1172334493695,1139.513697525451,1117.4366810309193,1123.3804931640625,106400,0.0,0.0
2012-05-31 00:00:00+09:00,1114.0407197861718,1128.4756986248647,1114.0407197861718,1126.7774658203125,103500,0.0,0.0
2012-06-01 00:00:00+09:00,1129.324658942945,1134.419356652462,1110.644100674716,1120.83349609375,126900,0.0,0.0
2012-06-04 00:00:00+09:00,1103.851391128563,1148.0054467737054,1103.851391128563,1139.5142822265625,235200,0.0,0.0
2012-06-05 00:00:00+09:00,1139.5141096009695,1152.2508544921875,1132.72117899232,1152.2508544921875,210400,0.0,0.0
2012-06-06 00:00:00+09:00,1150.552715581051,1155.6474139526276,1138.6650860473724,1147.15625,132900,0.0,0.0
2012-06-07 00:00:00+09:00,1156.496484585315,1183.6682081585384,1148.854437330346,1182.819091796875,204000,0.0,0.0
2012-06-08 00:00:00+09:00,1183.6681386398793,1192.1593017578125,1175.1769755219461,1192.1593017578125,292100,0.0,0.0
2012-06-11 00:00:00+09:00,1193.0084276267169,1204.0469397684587,1190.4610786709304,1193.8575439453125,165200,0.0,0.0
2012-06-12 00:00:00+09:00,1192.1593644425675,1225.27490234375,1184.5173172346024,1225.27490234375,387200,0.0,0.0
2012-06-13 00:00:00+09:00,1226.1240704522008,1237.1625835518396,1221.8784884908011,1234.615234375,333700,0.0,0.0
2012-06-14 00:00:00+09:00,1222.7275955578511,1237.1625741165203,1222.7275955578511,1232.9169921875,170700,0.0,0.0
2012-06-15 00:00:00+09:00,1233.7661981813635,1233.7661981813635,1219.3312185742864,1226.9732666015625,213700,0.0,0.0
2012-06-18 00:00:00+09:00,1226.9735974741213,1229.5209475034794,1215.0859640037838,1220.1806640625,244700,0.0,0.0
2012-06-19 00:00:00+09:00,1214.2367078803754,1232.0681560380592,1210.8402415646262,1216.7840576171875,235000,0.0,0.0
2012-06-20 00:00:00+09:00,1225.2749447152635,1233.766108573304,1214.2364316998105,1232.9169921875,193700,0.0,0.0
2012-06-21 00:00:00+09:00,1228.6714196290404,1238.0116999441195,1227.8223032367605,1234.615234375,91400,0.0,0.0
2012-06-22 00:00:00+09:00,1234.6151218623904,1241.4080523815783,1231.2186566027965,1236.3133544921875,184400,0.0,0.0
2012-06-25 00:00:00+09:00,1237.162677996725,1237.162677996725,1223.5768146831028,1229.5206298828125,104500,0.0,0.0
2012-06-26 00:00:00+09:00,1232.9168892325936,1243.1062850113753,1231.2186566027965,1236.3133544921875,193500,0.0,0.0
2012-06-27 00:00:00+09:00,1236.31352319236,1244.8046875,1231.2188246077762,1244.8046875,153000,0.0,0.0
2012-06-28 00:00:00+09:00,1244.8044913273839,1255.8430031877224,1241.4080261395875,1253.295654296875,204900,0.0,0.0
2012-06-29 00:00:00+09:00,1252.4464931948255,1267.7305859931353,1251.5973769282527,1266.8814697265625,315700,0.0,0.0
2012-07-02 00:00:00+09:00,1264.3340577492447,1266.8814064216742,1251.5973143870965,1255.8428955078125,192100,0.0,0.0
2012-07-03 00:00:00+09:00,1255.8431120421426,1272.825439453125,1254.9939956715934,1272.825439453125,252100,0.0,0.0
2012-07-04 00:00:00+09:00,1267.7305859931353,1270.2779347928536,1260.9376558605531,1266.8814697265625,140900,0.0,0.0
2012-07-05 00:00:00+09:00,1273.6745510941673,1280.4674820333362,1265.1833874202061,1271.976318359375,272600,0.0,0.0
2012-07-06 00:00:00+09:00,1272.8253485602302,1272.8253485602302,1252.4465571223077,1256.692138671875,170200,0.0,0.0
2012-07-09 00:00:00+09:00,1252.4465950586462,1267.7306891000399,1247.3518970448483,1263.485107421875,160400,0.0,0.0
2012-07-10 00:00:00+09:00,1271.9766665947643,1276.2222495940794,1260.9381507965454,1268.5802001953125,208500,0.0,0.0
2012-07-11 00:00:00+09:00,1269.4289739709284,1275.3727885647722,1267.7307412298303,1272.825439453125,114900,0.0,0.0
2012-07-12 00:00:00+09:00,1268.579702259708,1271.1270510594263,1260.0885395939804,1266.8814697265625,146900,0.0,0.0
2012-07-13 00:00:00+09:00,1265.1833968098958,1273.674560546875,1263.4851640625,1273.674560546875,163800,0.0,0.0
2012-07-17 00:00:00+09:00,1268.5798481729084,1280.4674772722528,1263.4851499874749,1271.127197265625,177700,0.0,0.0
2012-07-18 00:00:00+09:00,1271.1271592262528,1274.5236245815668,1258.3904141438254,1264.334228515625,172100,0.0,0.0
2012-07-19 00:00:00+09:00,1266.0327372873335,1272.8256694793515,1256.692455523309,1266.171630859375,103600,0.0,0.0
2012-07-20 00:00:00+09:00,1254.9938336577432,1255.8429499186752,1234.615043395371,1243.955322265625,142300,0.0,0.0
2012-07-23 00:00:00+09:00,1233.7657872836176,1243.1060650951247,1231.2184387895702,1237.756591796875,124000,0.0,0.0
2012-07-24 00:00:00+09:00,1229.5201066154145,1233.7656870940589,1223.5762939453125,1223.5762939453125,117900,0.0,0.0
2012-07-25 00:00:00+09:00,1243.955224692416,1251.5972704413796,1236.3131789434524,1248.2008056640625,157500,0.0,0.0
2012-07-26 00:00:00+09:00,1243.1064077524038,1272.8254817082332,1242.2572913536658,1258.3905029296875,206600,0.0,0.0
2012-07-27 00:00:00+09:00,1272.825439453125,1272.825439453125,1261.7869266359864,1272.825439453125,117400,0.0,0.0
2012-07-30 00:00:00+09:00,1264.3343599192813,1272.8255241900622,1259.2396613568128,1266.0325927734375,86500,0.0,0.0
2012-07-31 00:00:00+09:00,1269.4289265485959,1269.4289265485959,1260.937763160311,1264.334228515625,157800,0.0,0.0
2012-08-01 00:00:00+09:00,1261.786898429651,1269.4289455937605,1257.5413166718122,1267.730712890625,77900,0.0,0.0
2012-08-02 00:00:00+09:00,1268.5799138849432,1268.5799138849432,1256.692284169823,1260.9378662109375,82000,0.0,0.0
2012-08-03 00:00:00+09:00,1256.6923175306956,1260.0887832537517,1244.8046875,1244.8046875,78200,0.0,0.0
2012-08-06 00:00:00+09:00,1254.9941127611244,1266.0326266081436,1248.2011811629586,1249.8994140625,98600,0.0,0.0
2012-08-07 00:00:00+09:00,1260.0887107493688,1268.5798745684347,1259.2395943674624,1264.8299560546875,86500,0.0,0.0
2012-08-08 00:00:00+09:00,1255.8430933515365,1271.9763041518604,1255.8430933515365,1269.428955078125,159600,0.0,0.0
2012-08-09 00:00:00+09:00,1264.3346171959975,1271.1275499949013,1262.6363839962714,1268.5802001953125,117900,0.0,0.0
2012-08-10 00:00:00+09:00,1268.579702259708,1271.1270510594263,1264.3341209268442,1266.8814697265625,78000,0.0,0.0
2012-08-13 00:00:00+09:00,1263.4851311327864,1268.5798292421928,1259.2395493749477,1267.730712890625,45500,0.0,0.0
2012-08-14 00:00:00+09:00,1268.5802001953125,1276.2222495940794,1264.3346171959975,1268.5802001953125,204600,0.0,0.0
2012-08-15 00:00:00+09:00,1272.825323577241,1279.618253923217,1268.579742111006,1278.60205078125,124900,0.0,0.0
2012-08-16 00:00:00+09:00,1273.674505075029,1286.4112501257791,1269.4289233914456,1285.5621337890625,173200,0.0,0.0
2012-08-17 00:00:00+09:00,1286.41110856012,1286.41110856012,1279.618178613928,1282.16552734375,80400,0.0,0.0
2012-08-20 00:00:00+09:00,1283.8637743721083,1289.8075881423497,1275.3726118431923,1284.712890625,122400,0.0,0.0
2012-08-21 00:00:00+09:00,1286.4111036903578,1286.4111036903578,1277.9199412897615,1281.31640625,120000,0.0,0.0
2012-08-22 00:00:00+09:00,1277.9204827938054,1277.9204827938054,1262.6363839962714,1268.5802001953125,140400,0.0,0.0
2012-08-23 00:00:00+09:00,1268.5798716945114,1281.3166173942557,1262.636057034631,1275.372802734375,167500,0.0,0.0
2012-08-24 00:00:00+09:00,1288.9588623046875,1292.355328345016,1277.9203476736195,1288.9588623046875,215400,0.0,0.0
2012-08-27 00:00:00+09:00,1291.5060329969185,1292.3551493894215,1278.769287109375,1278.769287109375,77800,0.0,0.0
2012-08-28 00:00:00+09:00,1279.618389360602,1287.2604368086745,1272.8254582956483,1276.221923828125,106700,0.0,0.0
2012-08-29 00:00:00+09:00,1324.6215252543604,1367.0773433714874,1303.393616195797,1314.43212890625,959200,0.0,0.0
2012-08-30 00:00:00+09:00,1319.5267857365716,1329.7161817654253,1313.5829713864068,1328.8670654296875,279700,0.0,0.0
2012-08-31 00:00:00+09:00,1328.0176656204842,1335.6597110108835,1318.6773879211073,1322.0738525390625,194100,0.0,0.0
2012-09-03 00:00:00+09:00,1322.0738028271705,1330.5649640527786,1313.5826416015625,1313.5826416015625,185400,0.0,0.0
2012-09-04 00:00:00+09:00,1279.6179821429475,1315.2808588848213,1265.1830082236177,1311.0352783203125,487900,0.0,0.0
2012-09-05 00:00:00+09:00,1311.0354296875,1322.0739404296876,1304.2425,1316.130126953125,288400,0.0,0.0
2012-09-06 00:00:00+09:00,1315.2811086512693,1315.2811086512693,1301.6952482649424,1311.8846435546875,253800,0.0,0.0
2012-09-07 00:00:00+09:00,1316.130328317651,1318.6776773402012,1305.9409322274498,1308.48828125,156600,0.0,0.0
2012-09-10 00:00:00+09:00,1305.9408487771848,1318.677593076052,1302.5443836308202,1315.2811279296875,179400,0.0,0.0
2012-09-11 00:00:00+09:00,1311.8846435546875,1312.733759828833,1302.5443645390878,1311.8846435546875,123900,0.0,0.0
2012-09-12 00:00:00+09:00,1316.1303203936202,1330.5652981011633,1316.1303203936202,1328.8670654296875,270000,0.0,0.0
2012-09-13 00:00:00+09:00,1330.5648294501125,1332.2630615234375,1319.5263209735,1332.2630615234375,175700,0.0,0.0
2012-09-14 00:00:00+09:00,1335.6601282057675,1337.35836104519,1320.3760326509653,1330.5654296875,235400,0.0,0.0
2012-09-18 00:00:00+09:00,1330.5652694065957,1330.5652694065957,1316.9794083277793,1323.7723388671875,185300,0.0,0.0
2012-09-19 00:00:00+09:00,1324.6214599609375,1332.2635068453274,1316.1302967560596,1324.6214599609375,206400,0.0,0.0
2012-09-20 00:00:00+09:00,1324.621328812989,1328.866909995082,1295.7513767747573,1301.6951904296875,487200,0.0,0.0
2012-09-21 00:00:00+09:00,1299.14797307614,1308.488252621132,1283.0147629529722,1303.3935546875,351900,0.0,0.0
2012-09-24 00:00:00+09:00,1303.3933837890625,1317.828359375,1294.9022216796875,1316.130126953125,207900,0.0,0.0
2012-09-25 00:00:00+09:00,1316.9793770720776,1317.8284933693517,1288.9585392620334,1296.6005859375,465200,0.0,0.0
2012-09-26 00:00:00+09:00,1291.5059544329981,1312.7338629542505,1290.656838092148,1308.48828125,214500,0.0,0.0
2012-09-27 00:00:00+09:00,1303.393575357553,1332.263530772639,1300.8462263503395,1328.8670654296875,198400,0.0,0.0
2012-09-28 00:00:00+09:00,1329.7161530891697,1330.5652694065957,1299.9970819792586,1323.7723388671875,197500,0.0,0.0
2012-10-01 00:00:00+09:00,1309.337197265625,1316.130126953125,1301.6951513671875,1316.130126953125,150800,0.0,0.0
2012-10-02 00:00:00+09:00,1316.1302442162785,1322.0740582224166,1311.0355464967317,1315.2811279296875,161800,0.0,0.0
2012-10-03 00:00:00+09:00,1311.0356302725504,1319.5267936810512,1306.7900485682999,1308.48828125,132600,0.0,0.0
2012-10-04 00:00:00+09:00,1311.0352882691218,1316.1299849851937,1303.3932431950143,1312.7335205078125,73100,0.0,0.0
2012-10-05 00:00:00+09:00,1316.1302233653464,1333.112548828125,1316.1302233653464,1333.112548828125,267700,0.0,0.0
2012-10-09 00:00:00+09:00,1322.0742840199316,1348.3968933999045,1322.0742840199316,1333.9619140625,221600,0.0,0.0
2012-10-10 00:00:00+09:00,1327.1684591728344,1329.7158074629933,1306.7896728515625,1306.7896728515625,161000,0.0,0.0
2012-10-11 00:00:00+09:00,1303.393815055726,1304.242931547619,1283.0150192502945,1283.8641357421875,217900,0.0,0.0
2012-10-12 00:00:00+09:00,1283.8638128698226,1299.9970221585306,1282.1655803131164,1291.505859375,173000,0.0,0.0
2012-10-15 00:00:00+09:00,1291.505911964038,1302.5444240321067,1286.411214086468,1300.84619140625,124800,0.0,0.0
2012-10-16 00:00:00+09:00,1303.3933056131336,1309.3371187331934,1294.0530278530393,1302.544189453125,122800,0.0,0.0
2012-10-17 00:00:00+09:00,1310.1864302101405,1322.0740582224166,1306.789965063776,1315.2811279296875,125800,0.0,0.0
2012-10-18 00:00:00+09:00,1323.7723388671875,1325.4705715020395,1314.4320593755012,1323.7723388671875,109200,0.0,0.0
2012-10-19 00:00:00+09:00,1316.130361630935,1320.3759434426477,1309.3374307321947,1314.43212890625,99100,0.0,0.0
2012-10-22 00:00:00+09:00,1309.3371335825675,1313.58271443076,1305.091552734375,1305.091552734375,101200,0.0,0.0
2012-10-23 00:00:00+09:00,1307.63916015625,1311.884741845069,1303.393578467431,1307.63916015625,117200,0.0,0.0
2012-10-24 00:00:00+09:00,1307.63896484375,1316.130126953125,1304.2425,1316.130126953125,129600,0.0,0.0
2012-10-25 00:00:00+09:00,1317.8285103530689,1321.2249755859375,1307.6391146544627,1321.2249755859375,150200,0.0,0.0
2012-10-26 00:00:00+09:00,1316.129989969245,1322.0738028271705,1311.884409356441,1313.5826416015625,203100,0.0,0.0
2012-10-29 00:00:00+09:00,1298.9686813003368,1319.6008774295283,1298.9686813003368,1307.5654296875,208600,19.0,0.0
2012-10-30 00:00:00+09:00,1314.442739924529,1322.1798129522076,1303.2669677734375,1303.2669677734375,141700,0.0,0.0
2012-10-31 00:00:00+09:00,1303.2670147485644,1310.1444132432798,1290.371892570973,1291.2315673828125,169600,0.0,0.0
2012-11-01 00:00:00+09:00,1298.1090064616205,1312.7234787197976,1291.2316077518901,1307.5654296875,122300,0.0,0.0
2012-11-02 00:00:00+09:00,1315.3025221824646,1329.9169946511586,1311.0041479269662,1320.4605712890625,183700,0.0,0.0
2012-11-05 00:00:00+09:00,1312.7232000468443,1323.8989705776949,1308.4248267657479,1311.863525390625,66900,0.0,0.0
2012-11-06 00:00:00+09:00,1311.8638277444375,1313.5831774531457,1291.2316312399378,1301.5477294921875,145900,0.0,0.0
2012-11-07 00:00:00+09:00,1302.4071167485733,1304.986140742135,1275.7572021484375,1275.7572021484375,179600,0.0,0.0
2012-11-08 00:00:00+09:00,1275.7573961830665,1276.6170709783382,1238.7913799863875,1248.247802734375,294500,0.0,0.0
2012-11-09 00:00:00+09:00,1237.9317710125601,1253.4059181502173,1234.4930716486365,1249.1075439453125,143300,0.0,0.0
2012-11-12 00:00:00+09:00,1249.1074450903084,1254.2654937279833,1237.9316730420123,1243.0897216796875,112600,0.0,0.0
2012-11-13 00:00:00+09:00,1244.8091398361332,1247.3881642971198,1229.3349930702145,1234.4930419921875,111700,0.0,0.0
2012-11-14 00:00:00+09:00,1245.6690294812608,1246.528704449847,1222.457805329436,1229.335205078125,138500,0.0,0.0
2012-11-15 00:00:00+09:00,1230.1944469881691,1237.9315189818053,1224.176724326452,1228.47509765625,101900,0.0,0.0
2012-11-16 00:00:00+09:00,1246.5284299164132,1254.2655029296875,1231.9139586691174,1254.2655029296875,327700,0.0,0.0
2012-11-19 00:00:00+09:00,1264.5812321461788,1269.7392793201266,1253.405463269292,1263.7215576171875,154800,0.0,0.0
2012-11-20 00:00:00+09:00,1268.0204414771401,1270.5994661038733,1259.4236927213628,1267.1607666015625,133800,0.0,0.0
2012-11-21 00:00:00+09:00,1263.721735448013,1268.0201086978361,1243.9492184988264,1253.4056396484375,342300,0.0,0.0
2012-11-22 00:00:00+09:00,1266.3008486681904,1268.0201980893285,1253.4057280096547,1257.7041015625,172200,0.0,0.0
2012-11-26 00:00:00+09:00,1269.73994094777,1286.9334404866702,1261.14319117832,1281.775390625,230200,0.0,0.0
2012-11-27 00:00:00+09:00,1287.792680042732,1295.5297522192236,1274.897559748579,1290.3717041015625,192900,0.0,0.0
2012-11-28 00:00:00+09:00,1294.670032584313,1306.70547777434,1292.0910086150216,1302.4071044921875,187700,0.0,0.0
2012-11-29 00:00:00+09:00,1296.389590935958,1315.3024364270661,1294.6702413458572,1306.7056884765625,208800,0.0,0.0
2012-11-30 00:00:00+09:00,1306.7057548487837,1313.5831535585141,1300.6880309777696,1307.5654296875,166200,0.0,0.0
2012-12-03 00:00:00+09:00,1307.5652074795082,1314.4426050204918,1287.7926895491803,1311.00390625,175900,0.0,0.0
2012-12-04 00:00:00+09:00,1315.3026237560825,1362.5847442179024,1311.8639240861319,1347.110595703125,561400,0.0,0.0
2012-12-05 00:00:00+09:00,1329.05732796991,1342.8121256720565,1326.4783034007576,1331.6363525390625,294400,0.0,0.0
2012-12-06 00:00:00+09:00,1332.4956049928423,1336.7939779121741,1315.3021133155153,1323.0391845703125,477200,0.0,0.0
2012-12-07 00:00:00+09:00,1331.6361628172106,1349.6893322291935,1329.9168133494027,1340.23291015625,315900,0.0,0.0
2012-12-10 00:00:00+09:00,1343.671765890821,1347.1104652277138,1331.6363182116966,1335.9346923828125,218500,0.0,0.0
2012-12-11 00:00:00+09:00,1311.8637442317033,1331.636264623138,1311.8637442317033,1327.337890625,303900,0.0,0.0
2012-12-12 00:00:00+09:00,1338.5136378015966,1353.987783903349,1325.6185160501361,1342.81201171875,434900,0.0,0.0
2012-12-13 00:00:00+09:00,1343.6717790029581,1343.6717790029581,1323.0395827802638,1328.1976318359375,378700,0.0,0.0
2012-12-14 00:00:00+09:00,1329.0572959914737,1341.092743691267,1325.6185966486755,1326.478271484375,288300,0.0,0.0
2012-12-17 00:00:00+09:00,1335.9345038144418,1341.0925520917176,1326.4780819727694,1335.0748291015625,313900,0.0,0.0
2012-12-18 00:00:00+09:00,1335.0752089188172,1370.32188217424,1333.3558590039186,1357.4267578125,677500,0.0,0.0
2012-12-19 00:00:00+09:00,1357.4267578125,1360.0057826848479,1341.9526085784119,1357.4267578125,246400,0.0,0.0
2012-12-20 00:00:00+09:00,1358.2862312687066,1370.3216788875432,1350.5491577994544,1364.303955078125,343700,0.0,0.0
2012-12-21 00:00:00+09:00,1361.7248857606132,1371.1813085783951,1360.8652109589966,1366.8829345703125,259900,0.0,0.0
2012-12-25 00:00:00+09:00,1373.760311323938,1374.6199861120006,1361.7248642910624,1363.4442138671875,221300,0.0,0.0
2012-12-26 00:00:00+09:00,1366.0231498124704,1366.8828245448885,1347.9699804316888,1359.145751953125,215900,0.0,0.0
2012-12-27 00:00:00+09:00,1360.0055147149374,1366.8829130194376,1352.2684416223744,1363.4442138671875,143800,0.0,0.0
2012-12-28 00:00:00+09:00,1367.7426093719291,1370.3216337767788,1356.566836950914,1366.8829345703125,229200,0.0,0.0
2013-01-04 00:00:00+09:00,1375.4795133513933,1391.813332572441,1364.3037423054132,1388.3746337890625,351700,0.0,0.0
2013-01-07 00:00:00+09:00,1400.41015625,1404.7085299647024,1385.7956856200124,1400.41015625,246200,0.0,0.0
2013-01-08 00:00:00+09:00,1405.5680808607851,1433.0776702109656,1402.1293821920126,1428.779296875,450700,0.0,0.0
2013-01-09 00:00:00+09:00,1427.9197345129862,1433.077782921823,1415.8842882257004,1417.6036376953125,386300,0.0,0.0
2013-01-10 00:00:00+09:00,1417.6035588765317,1438.2357513647285,1414.1648601284987,1433.9373779296875,380200,0.0,0.0
2013-01-11 00:00:00+09:00,1444.2534735147408,1446.8324975745886,1430.498678528886,1443.393798828125,292800,0.0,0.0
2013-01-15 00:00:00+09:00,1448.5518579522745,1454.5695808043017,1439.9551110208072,1445.1131591796875,180500,0.0,0.0
2013-01-16 00:00:00+09:00,1444.2533402280858,1445.1130148353645,1434.796919548021,1441.67431640625,124500,0.0,0.0
2013-01-17 00:00:00+09:00,1449.41147624271,1469.1839934156533,1446.8324522636306,1464.8856201171875,502000,0.0,0.0
2013-01-18 00:00:00+09:00,1470.9035840437837,1487.2374052575954,1470.9035840437837,1483.7987060546875,203500,0.0,0.0
2013-01-21 00:00:00+09:00,1487.237037769907,1491.5354107114385,1470.903220592087,1474.3419189453125,163300,0.0,0.0
2013-01-22 00:00:00+09:00,1474.3420302573718,1482.9387767894848,1455.4291878867234,1463.166259765625,182800,0.0,0.0
2013-01-23 00:00:00+09:00,1462.3065736351944,1485.5177890897212,1462.3065736351944,1480.3597412109375,195400,0.0,0.0
2013-01-24 00:00:00+09:00,1478.6400146484375,1481.219037929801,1464.8852238144984,1478.6400146484375,203100,0.0,0.0
2013-01-25 00:00:00+09:00,1482.0792334012485,1493.2550048828125,1476.061510295791,1493.2550048828125,171700,0.0,0.0
2013-01-28 00:00:00+09:00,1495.8338848472888,1500.1322580796086,1480.3597412109375,1480.3597412109375,166100,0.0,0.0
2013-01-29 00:00:00+09:00,1478.6406447001082,1494.1147909818535,1474.3422707329566,1491.5357666015625,241800,0.0,0.0
2013-01-30 00:00:00+09:00,1492.3952400185906,1519.9048296963526,1492.3952400185906,1517.3258056640625,206300,0.0,0.0
2013-01-31 00:00:00+09:00,1518.1856672279473,1532.8001385432785,1512.167943745164,1527.64208984375,324000,0.0,0.0
2013-02-01 00:00:00+09:00,1528.501777200138,1530.2211267807904,1509.5889318129596,1519.905029296875,180800,0.0,0.0
2013-02-04 00:00:00+09:00,1525.9225524383633,1525.9225524383633,1506.1500348574716,1517.3258056640625,153300,0.0,0.0
2013-02-05 00:00:00+09:00,1513.0274776020844,1524.2032487434635,1497.5533329447903,1505.2904052734375,307500,0.0,0.0
2013-02-06 00:00:00+09:00,1513.027604601419,1547.4145956150876,1512.1679298260772,1544.8355712890625,287300,0.0,0.0
2013-02-07 00:00:00+09:00,1538.817860306776,1547.414608129719,1531.0807872661273,1537.0985107421875,212900,0.0,0.0
2013-02-08 00:00:00+09:00,1525.9225413668107,1538.8176614346994,1511.308071956537,1515.6064453125,241700,0.0,0.0
2013-02-12 00:00:00+09:00,1523.3434614326584,1538.8176049460826,1523.3434614326584,1525.9224853515625,146800,0.0,0.0
2013-02-13 00:00:00+09:00,1525.922631321811,1526.7823060436824,1499.2727149437962,1510.448486328125,159300,0.0,0.0
2013-02-14 00:00:00+09:00,1530.2208362926135,1553.432051225142,1520.764415394176,1541.3966064453125,311900,0.0,0.0
2013-02-15 00:00:00+09:00,1540.537099494098,1543.9757983768973,1519.045231476602,1529.361328125,188600,0.0,0.0
2013-02-18 00:00:00+09:00,1531.0806414489243,1562.0289306640625,1531.0806414489243,1562.0289306640625,211800,0.0,0.0
2013-02-19 00:00:00+09:00,1556.8709248727703,1584.3805160356242,1556.0112501489311,1578.36279296875,179800,0.0,0.0
2013-02-20 00:00:00+09:00,1583.5208607805787,1603.2933796719756,1574.924113436493,1600.71435546875,261700,0.0,0.0
2013-02-21 00:00:00+09:00,1598.9951965463856,1600.7145462200913,1578.363000461916,1592.1177978515625,161600,0.0,0.0
2013-02-22 00:00:00+09:00,1588.6790728400736,1608.451593768278,1579.222649787454,1607.5919189453125,284900,0.0,0.0
2013-02-25 00:00:00+09:00,1618.7676013547982,1628.2240238799723,1604.1531301795292,1612.7498779296875,319900,0.0,0.0
2013-02-26 00:00:00+09:00,1607.5918740406432,1616.1886220301653,1592.9774024584556,1610.1708984375,208100,0.0,0.0
2013-02-27 00:00:00+09:00,1614.4693088808815,1615.328983699242,1596.4161376953125,1596.4161376953125,139600,0.0,0.0
2013-02-28 00:00:00+09:00,1598.9951473636454,1613.609619140625,1582.6613259658448,1613.609619140625,292300,0.0,0.0
2013-03-01 00:00:00+09:00,1603.2932878438398,1646.2770221023877,1590.3981675662753,1643.697998046875,329400,0.0,0.0
2013-03-04 00:00:00+09:00,1672.0673172620684,1697.8575586594268,1657.4528471368985,1661.751220703125,326400,0.0,0.0
2013-03-05 00:00:00+09:00,1696.1382391815494,1705.594661194219,1680.6640940699083,1695.278564453125,357800,0.0,0.0
2013-03-06 00:00:00+09:00,1692.699651387016,1710.7528218690513,1681.5238791838515,1693.559326171875,297700,0.0,0.0
2013-03-07 00:00:00+09:00,1694.4186900745738,1709.0331587357953,1693.559015447443,1702.15576171875,218800,0.0,0.0
2013-03-08 00:00:00+09:00,1700.436797560307,1715.05126953125,1692.6997241639253,1715.05126953125,360100,0.0,0.0
2013-03-11 00:00:00+09:00,1719.349441604084,1734.8235865785207,1708.1736702336575,1731.3848876953125,248700,0.0,0.0
2013-03-12 00:00:00+09:00,1747.7188523503314,1762.3333238161238,1729.6656817161174,1734.82373046875,290700,0.0,0.0
2013-03-13 00:00:00+09:00,1734.8239110792622,1741.7013101321038,1719.349763210369,1724.5078125,192700,0.0,0.0
2013-03-14 00:00:00+09:00,1725.3671852138136,1750.2977524142125,1725.3671852138136,1744.280029296875,205300,0.0,0.0
2013-03-15 00:00:00+09:00,1752.8770098841808,1797.5801018478774,1751.1576601932693,1791.5623779296875,436600,0.0,0.0
2013-03-18 00:00:00+09:00,1792.421789723719,1792.421789723719,1759.754150390625,1759.754150390625,218800,0.0,0.0
2013-03-19 00:00:00+09:00,1769.2106471706081,1791.56219081805,1769.2106471706081,1781.24609375,209200,0.0,0.0
2013-03-21 00:00:00+09:00,1803.5973126275585,1817.3521062414961,1796.71991582059,1816.492431640625,263100,0.0,0.0
2013-03-22 00:00:00+09:00,1817.3522402147782,1823.369962864496,1797.5797229371342,1799.299072265625,264800,0.0,0.0
2013-03-25 00:00:00+09:00,1835.4059919670447,1850.8801408454551,1828.5285924655286,1843.14306640625,382500,0.0,0.0
2013-03-26 00:00:00+09:00,1846.5814708464736,1875.8104140535406,1840.5637472450185,1874.091064453125,390400,0.0,0.0
2013-03-27 00:00:00+09:00,1906.7585299061464,1945.4438923253422,1902.4601563040135,1942.8648681640625,478600,0.0,0.0
2013-03-28 00:00:00+09:00,1976.3927320303897,1976.3927320303897,1940.2863837288342,1951.462158203125,456500,0.0,0.0
2013-03-29 00:00:00+09:00,1960.0583192143574,1960.0583192143574,1907.6181624283593,1926.531005859375,485700,0.0,0.0
2013-04-01 00:00:00+09:00,1922.2329810684648,1924.8120056405603,1863.775090767635,1864.634765625,445800,0.0,0.0
2013-04-02 00:00:00+09:00,1820.790806329595,1889.5647744629132,1761.4732588146082,1873.23095703125,613000,0.0,0.0
2013-04-03 00:00:00+09:00,1882.6875876515753,1902.4601056954045,1874.0908406759972,1896.4423828125,371800,0.0,0.0
2013-04-04 00:00:00+09:00,1891.2845142745634,1945.4440253651533,1858.6168726643664,1944.5843505859375,549000,0.0,0.0
2013-04-05 00:00:00+09:00,1971.234283526532,2002.1825758104198,1960.0585113129057,1985.8487548828125,806600,0.0,0.0
2013-04-08 00:00:00+09:00,2002.1820326160373,2043.4464111328125,1990.1465888819778,2043.4464111328125,632700,0.0,0.0
2013-04-09 00:00:00+09:00,2045.1659489947417,2057.2013938396035,2023.6740832003454,2053.7626953125,588100,0.0,0.0
2013-04-10 00:00:00+09:00,2054.6226575944543,2062.3597303636384,2044.3065605688753,2060.640380859375,372200,0.0,0.0
2013-04-11 00:00:00+09:00,2062.3602942120124,2096.747293698665,2060.6409442376794,2093.30859375,502100,0.0,0.0
2013-04-12 00:00:00+09:00,2093.3089233992937,2122.5378775658546,2089.010547786564,2118.239501953125,455100,0.0,0.0
2013-04-15 00:00:00+09:00,2118.238697541066,2150.906339792105,2115.6596731528257,2145.748291015625,536200,0.0,0.0
2013-04-16 00:00:00+09:00,2137.1512120400707,2150.046331983997,2115.65934546686,2131.9931640625,708500,0.0,0.0
2013-04-17 00:00:00+09:00,2136.291868258745,2149.186990199945,2132.8531690744253,2145.748291015625,419900,0.0,0.0
2013-04-18 00:00:00+09:00,2145.7486396614268,2148.327664468712,2131.1341657534763,2132.853515625,416200,0.0,0.0
2013-04-19 00:00:00+09:00,2133.712748316845,2140.5901463774953,2110.5015298621493,2120.817626953125,590700,0.0,0.0
2013-04-22 00:00:00+09:00,2122.5369736214343,2139.73046875,2120.817624108578,2139.73046875,572700,0.0,0.0
2013-04-23 00:00:00+09:00,2132.8528827041673,2138.87060546875,2125.9754852589303,2138.87060546875,602400,0.0,0.0
2013-04-24 00:00:00+09:00,2123.396900762078,2124.2565756206864,2089.8695812763613,2101.905029296875,1822700,0.0,0.0
2013-04-25 00:00:00+09:00,2088.0422695967636,2096.706345404219,2062.916449755143,2066.382080078125,1390500,19.0,0.0
2013-04-26 00:00:00+09:00,2061.183737380783,2065.515775500541,1985.8062740969967,2001.401611328125,1162900,0.0,0.0
2013-04-30 00:00:00+09:00,1997.9356934634861,2051.652958422175,1997.0692859641524,2031.7255859375,670800,0.0,0.0
2013-05-01 00:00:00+09:00,2027.3941000542627,2028.2605077893288,2002.268275737351,2008.3331298828125,342100,0.0,0.0
2013-05-02 00:00:00+09:00,2001.4011172465578,2010.0651913471922,1990.1378209157328,2005.733154296875,325200,0.0,0.0
2013-05-07 00:00:00+09:00,2026.5275664220144,2050.7869814967544,2020.4627126533294,2039.523681640625,452700,0.0,0.0
2013-05-08 00:00:00+09:00,2040.3895531884166,2057.7177022600804,2034.324701013334,2038.65673828125,348800,0.0,0.0
2013-05-09 00:00:00+09:00,2039.523278729839,2042.1225012600808,2014.3974609375,2014.3974609375,287500,0.0,0.0
2013-05-10 00:00:00+09:00,2034.3252716261002,2039.523717805724,2014.3978946042091,2017.863525390625,302600,0.0,0.0
2013-05-13 00:00:00+09:00,2019.595905997984,2027.3935735887098,2004.0005708165324,2014.3974609375,275800,0.0,0.0
2013-05-14 00:00:00+09:00,2010.065740035752,2054.252530010676,2008.332924742618,2044.7220458984375,468100,0.0,0.0
2013-05-15 00:00:00+09:00,2046.4552001953125,2050.787239145768,2023.0621898628513,2046.4552001953125,351300,0.0,0.0
2013-05-16 00:00:00+09:00,2044.721765571375,2044.721765571375,1991.8709063765216,2019.595947265625,391500,0.0,0.0
2013-05-17 00:00:00+09:00,2011.7979851429025,2040.3894293761996,2001.4010963307944,2003.1339111328125,426600,0.0,0.0
2013-05-20 00:00:00+09:00,2026.5272281126988,2029.1264507225058,2006.5998547708468,2022.1951904296875,297300,0.0,0.0
2013-05-21 00:00:00+09:00,2017.8626284391985,2020.4618503736413,1996.202445652174,2012.6641845703125,270200,0.0,0.0
2013-05-22 00:00:00+09:00,2002.2678081133135,2009.1990683750646,1989.2716951225304,1995.3365478515625,287400,0.0,0.0
2013-05-23 00:00:00+09:00,1990.1379259020482,1992.737148269356,1906.962810148197,1912.1612548828125,550700,0.0,0.0
2013-05-24 00:00:00+09:00,1913.0276206127899,1953.7487701457612,1854.9783223423835,1906.9627685546875,443100,0.0,0.0
2013-05-27 00:00:00+09:00,1868.8408560101836,1903.4971537572433,1827.2532987137124,1878.371337890625,290400,0.0,0.0
2013-05-28 00:00:00+09:00,1862.7759186813403,1892.2337704186266,1849.7798076207728,1887.9017333984375,355500,0.0,0.0
2013-05-29 00:00:00+09:00,1906.096627371652,1955.4818581717354,1897.4325517926898,1940.7529296875,371200,0.0,0.0
2013-05-30 00:00:00+09:00,1917.359852507022,1931.222372904723,1865.375401015643,1874.9058837890625,243000,0.0,0.0
2013-05-31 00:00:00+09:00,1932.088806779324,1971.9435534662518,1919.9591012659112,1939.886474609375,569800,0.0,0.0
2013-06-03 00:00:00+09:00,1939.8862663916557,1939.8862663916557,1867.1080411228309,1878.371337890625,405300,0.0,0.0
2013-06-04 00:00:00+09:00,1862.7762625390437,1892.2341197140797,1764.0058002462758,1802.994140625,771500,0.0,0.0
2013-06-05 00:00:00+09:00,1803.8603099315842,1866.2416462980943,1796.9290503353052,1798.661865234375,409000,0.0,0.0
2013-06-06 00:00:00+09:00,1779.600959808228,1816.8564813621492,1739.7462158203125,1739.7462158203125,385600,0.0,0.0
2013-06-07 00:00:00+09:00,1712.8876125049214,1779.6009894208946,1689.4946102097101,1753.6087646484375,584800,0.0,0.0
2013-06-10 00:00:00+09:00,1810.7917255213188,1866.2418070683832,1801.261242755417,1859.310546875,449900,0.0,0.0
2013-06-11 00:00:00+09:00,1862.7763259569201,1880.104477826287,1810.79187034882,1826.38720703125,246600,0.0,0.0
2013-06-12 00:00:00+09:00,1802.1275033010563,1856.711172872194,1798.661873487016,1845.4478759765625,361800,0.0,0.0
2013-06-13 00:00:00+09:00,1813.390813616003,1823.7877031350629,1764.0055884004694,1765.7384033203125,241500,0.0,0.0
2013-06-14 00:00:00+09:00,1789.9978834429992,1809.0588483199333,1776.1353635325015,1784.7994384765625,356300,0.0,0.0
2013-06-17 00:00:00+09:00,1789.1313655201982,1854.1119235899391,1789.1313655201982,1847.1806640625,242800,0.0,0.0
2013-06-18 00:00:00+09:00,1847.1807675408272,1883.5698820983857,1825.5205803041852,1860.1768798828125,313500,0.0,0.0
2013-06-19 00:00:00+09:00,1878.3716370738637,1910.4287175958807,1874.9060067471592,1906.0966796875,322100,0.0,0.0
2013-06-20 00:00:00+09:00,1897.432404057809,1897.432404057809,1858.4440669881278,1875.772216796875,251400,0.0,0.0
2013-06-21 00:00:00+09:00,1832.4518242232298,1897.4323853658975,1826.386971849914,1888.768310546875,391100,0.0,0.0
2013-06-24 00:00:00+09:00,1918.2263724901018,1949.4170452135181,1906.0966664309954,1914.7607421875,419500,0.0,0.0
2013-06-25 00:00:00+09:00,1928.6232089737891,1958.0810657146285,1894.8333144769438,1918.226318359375,307900,0.0,0.0
2013-06-26 00:00:00+09:00,1922.5583616994059,1947.684180757217,1889.6348746581364,1898.2989501953125,228200,0.0,0.0
2013-06-27 00:00:00+09:00,1905.2301140510313,1947.6840820312498,1887.0355563452233,1947.68408203125,312000,0.0,0.0
2013-06-28 00:00:00+09:00,1973.676877118154,1991.8714400766619,1966.7456150387225,1989.272216796875,356400,0.0,0.0
2013-07-01 00:00:00+09:00,1991.8711274646575,2001.401611328125,1965.012491122159,2001.401611328125,232600,0.0,0.0
2013-07-02 00:00:00+09:00,2001.4012091220955,2030.859062416533,1995.3363569732405,2027.3934326171875,268100,0.0,0.0
2013-07-03 00:00:00+09:00,2027.39373089516,2030.8593612043824,2004.8671338852137,2023.9281005859375,281900,0.0,0.0
2013-07-04 00:00:00+09:00,2010.0654849172558,2027.3936356493011,2001.4014095512332,2022.1951904296875,281000,0.0,0.0
2013-07-05 00:00:00+09:00,2012.6650129234733,2018.729866599954,1987.5391905494826,1998.802490234375,373600,0.0,0.0
2013-07-08 00:00:00+09:00,2010.0656056217363,2016.9968663307768,1991.004638671875,1991.004638671875,232300,0.0,0.0
2013-07-09 00:00:00+09:00,2000.5351900298022,2014.3977119182719,1978.0085919610387,2010.065673828125,342200,0.0,0.0
2013-07-10 00:00:00+09:00,2027.3938253651493,2087.1759509848907,2015.2641187176655,2072.447021484375,867200,0.0,0.0
2013-07-11 00:00:00+09:00,2072.447159045844,2082.844051148081,2034.325221337643,2048.187744140625,409500,0.0,0.0
2013-07-12 00:00:00+09:00,2044.7215017215647,2073.312946449027,2044.7215017215647,2068.114501953125,282100,0.0,0.0
2013-07-16 00:00:00+09:00,2068.9804305420435,2068.9804305420435,2043.8546212934173,2059.449951171875,275000,0.0,0.0
2013-07-17 00:00:00+09:00,2051.6532925041874,2070.7142605933313,2037.7907702575378,2068.9814453125,243900,0.0,0.0
2013-07-18 00:00:00+09:00,2062.0498460256445,2069.847513510615,2053.385771042343,2067.248291015625,952200,0.0,0.0
2013-07-19 00:00:00+09:00,2070.7138856907895,2074.179515625,2050.786513569079,2057.7177734375,303500,0.0,0.0
2013-07-22 00:00:00+09:00,2066.3817225162084,2070.7137596703305,2029.9926104215835,2042.122314453125,272200,0.0,0.0
2013-07-23 00:00:00+09:00,2026.5271570663422,2055.9850122780804,2022.1951195352042,2054.252197265625,185900,0.0,0.0
2013-07-24 00:00:00+09:00,2055.1191480513307,2055.1191480513307,2036.9245856107414,2050.787109375,144800,0.0,0.0
2013-07-25 00:00:00+09:00,2045.5884755343186,2048.1876985019608,2010.932169299091,2016.130615234375,192200,0.0,0.0
2013-07-26 00:00:00+09:00,2013.531486907605,2038.6573101091199,2005.7338176381695,2017.863525390625,282100,0.0,0.0
2013-07-29 00:00:00+09:00,1999.6684817867679,2009.1989641523028,1980.607517055698,1982.34033203125,249900,0.0,0.0
2013-07-30 00:00:00+09:00,1973.6760276014716,2013.530767403784,1971.943212827458,2009.19873046875,216200,0.0,0.0
2013-07-31 00:00:00+09:00,2009.1991500887707,2018.729633336281,1982.3405154821507,1990.13818359375,185300,0.0,0.0
2013-08-01 00:00:00+09:00,1986.673073470567,2031.7262788000348,1980.608218906985,2026.52783203125,235300,0.0,0.0
2013-08-02 00:00:00+09:00,2044.7216960590422,2068.981106012285,2029.1263610891006,2067.248291015625,271900,0.0,0.0
2013-08-05 00:00:00+09:00,2060.317192765375,2066.3820457297807,2046.4546717038752,2056.8515625,120300,0.0,0.0
2013-08-06 00:00:00+09:00,2060.3170310289843,2068.981106012285,2021.3286936041295,2067.248291015625,168400,0.0,0.0
2013-08-07 00:00:00+09:00,2037.7907315340908,2049.920438269413,2001.401611328125,2001.401611328125,232000,0.0,0.0
2013-08-08 00:00:00+09:00,1992.737378325707,2014.3975672205515,1974.5428196540374,1976.275634765625,168200,0.0,0.0
2013-08-09 00:00:00+09:00,1977.1415164912573,1996.2024776493677,1962.4125919599903,1986.6719970703125,158700,0.0,0.0
2013-08-12 00:00:00+09:00,1972.8100524902343,2000.5350949494734,1958.0811236837635,1992.7374267578125,166800,0.0,0.0
2013-08-13 00:00:00+09:00,2011.7983945036588,2033.4585839362992,2004.000726307908,2023.9281005859375,137600,0.0,0.0
2013-08-14 00:00:00+09:00,2017.863153989623,2040.3897499551579,2010.9318936925356,2037.79052734375,214100,0.0,0.0
2013-08-15 00:00:00+09:00,2037.7905039113166,2042.9889490743556,2001.4013877700431,2004.0006103515625,120400,0.0,0.0
2013-08-16 00:00:00+09:00,1993.604190393614,1993.604190393614,1964.1463275194799,1970.211181640625,304800,0.0,0.0
2013-08-19 00:00:00+09:00,1973.6765676768039,2002.2680192717708,1971.077344804534,1985.8062744140625,148100,0.0,0.0
2013-08-20 00:00:00+09:00,1975.409683025881,1996.2034691629956,1966.74560546875,1966.74560546875,108100,0.0,0.0
2013-08-21 00:00:00+09:00,1970.2105625967492,1984.9394894059596,1939.8863015189627,1958.947265625,142900,0.0,0.0
2013-08-22 00:00:00+09:00,1960.6802325878268,1994.470126123366,1958.9474175347223,1988.4052734375,283300,0.0,0.0
2013-08-23 00:00:00+09:00,2017.8634589318854,2017.8634589318854,1987.5391905494826,1998.802490234375,370100,0.0,0.0
2013-08-26 00:00:00+09:00,1990.1377792655776,2005.7331123203362,1984.0729275220606,2000.53466796875,179800,0.0,0.0
2013-08-27 00:00:00+09:00,2000.5349309467292,2005.7333759816709,1968.4778532312553,1987.538818359375,224000,0.0,0.0
2013-08-28 00:00:00+09:00,1958.0809450954862,1960.6801675889758,1926.8902751736111,1949.4168701171875,268200,0.0,0.0
2013-08-29 00:00:00+09:00,1950.2833457750457,1955.4817909437043,1929.4895651004117,1952.882568359375,222000,0.0,0.0
2013-08-30 00:00:00+09:00,1966.7451412266403,1966.7451412266403,1911.2950579497658,1918.226318359375,229800,0.0,0.0
2013-09-02 00:00:00+09:00,1919.0927268954588,1946.8177685481246,1919.0927268954588,1933.8216552734375,245300,0.0,0.0
2013-09-03 00:00:00+09:00,1948.5503194744979,1972.8097276315837,1882.7033544766937,1911.2947998046875,694300,0.0,0.0
2013-09-04 00:00:00+09:00,1920.8256085759945,1947.6842436079546,1888.7685280539774,1906.0966796875,660800,0.0,0.0
2013-09-05 00:00:00+09:00,1917.3599643568052,1925.1576325353915,1893.9669598210467,1899.1654052734375,308900,0.0,0.0
2013-09-06 00:00:00+09:00,1915.6269424858444,1925.157424786769,1878.3714207640483,1888.768310546875,299100,0.0,0.0
2013-09-09 00:00:00+09:00,1922.558102418379,1936.4206214083265,1896.5658793122268,1906.9627685546875,275300,0.0,0.0
2013-09-10 00:00:00+09:00,1918.2263173587987,1930.356023069288,1895.6997210393188,1902.6309814453125,331400,0.0,0.0
2013-09-11 00:00:00+09:00,1903.4976735128043,1928.6234962401013,1902.6312658325528,1907.8297119140625,216400,0.0,0.0
2013-09-12 00:00:00+09:00,1904.3638096257077,1914.7607003061028,1880.104398038119,1893.9669189453125,198100,0.0,0.0
2013-09-13 00:00:00+09:00,1896.5661416154112,1904.3638096257077,1880.104398038119,1893.9669189453125,194600,0.0,0.0
2013-09-17 00:00:00+09:00,1896.5659778839952,1897.4323853658975,1883.5698656554616,1888.768310546875,145600,0.0,0.0
2013-09-18 00:00:00+09:00,1892.2335470253781,1899.1648054393906,1880.9702521026081,1890.500732421875,176600,0.0,0.0
2013-09-19 00:00:00+09:00,1900.8981354591197,1939.886474609375,1893.966875165741,1939.886474609375,284000,0.0,0.0
2013-09-20 00:00:00+09:00,1945.084919829409,1956.3482178061497,1925.1575464859452,1939.886474609375,237400,0.0,0.0
2013-09-24 00:00:00+09:00,1939.8860395256572,1939.8860395256572,1918.2258559668626,1936.42041015625,203900,0.0,0.0
2013-09-25 00:00:00+09:00,1937.2873264616148,1940.7529567415104,1919.0927674921631,1939.0201416015625,170200,0.0,0.0
2013-09-26 00:00:00+09:00,1939.019932795652,1948.5504150390625,1919.092560832158,1948.5504150390625,176600,0.0,0.0
2013-09-27 00:00:00+09:00,1948.5507614163137,1948.5507614163137,1927.7569782798123,1930.356201171875,175000,0.0,0.0
2013-09-30 00:00:00+09:00,1927.7567550132542,1944.2184980897719,1916.4934571187948,1932.9552001953125,223400,0.0,0.0
2013-10-01 00:00:00+09:00,1932.95521305639,1935.5544356647133,1921.6919150869892,1924.2911376953125,284700,0.0,0.0
2013-10-02 00:00:00+09:00,1924.2909592635824,1932.9550338212753,1886.169031209734,1912.1612548828125,415900,0.0,0.0
2013-10-03 00:00:00+09:00,1912.1611595517113,1923.4244559151787,1904.3634928385418,1910.4283447265625,238400,0.0,0.0
2013-10-04 00:00:00+09:00,1902.6309954025353,1925.1575918872647,1895.6997349456954,1909.562255859375,312200,0.0,0.0
2013-10-07 00:00:00+09:00,1906.9627685546877,1922.558102418379,1897.4322867490985,1906.9627685546875,282800,0.0,0.0
2013-10-08 00:00:00+09:00,1897.4321937561035,1904.363452911377,1868.8407497406006,1885.302490234375,389100,0.0,0.0
2013-10-09 00:00:00+09:00,1869.707580707235,1877.5052490234375,1850.646613712073,1877.5052490234375,264600,0.0,0.0
2013-10-10 00:00:00+09:00,1878.3715181892471,1921.69189453125,1871.4402579745265,1921.69189453125,196600,0.0,0.0
2013-10-11 00:00:00+09:00,1932.0890164332502,1944.218723262876,1922.558532495687,1930.356201171875,275200,0.0,0.0
2013-10-15 00:00:00+09:00,1936.4208469265109,1974.5427785885988,1932.955216775412,1971.0771484375,387100,0.0,0.0
2013-10-16 00:00:00+09:00,1975.4091114654273,1976.2755189704558,1958.947368869882,1971.9434814453125,263600,0.0,0.0
2013-10-17 00:00:00+09:00,1978.008271596376,1983.206716462595,1958.0808996092028,1964.145751953125,364100,0.0,0.0
2013-10-18 00:00:00+09:00,1968.478108581436,1979.7414076182135,1965.0124781085813,1978.875,151700,0.0,0.0
2013-10-21 00:00:00+09:00,1978.008397197185,1996.2029553842815,1976.2755821317473,1995.3365478515625,183800,0.0,0.0
2013-10-22 00:00:00+09:00,1989.2717760257947,1995.336629001483,1984.9397381860172,1990.13818359375,156000,0.0,0.0
2013-10-23 00:00:00+09:00,1975.4092045153602,1982.3404648820808,1936.4208649525572,1942.4857177734375,410500,0.0,0.0
2013-10-24 00:00:00+09:00,1940.7530247511063,1958.0811767578125,1926.8905031457411,1958.0811767578125,276400,0.0,0.0
2013-10-25 00:00:00+09:00,1960.6802762360792,1961.5466837819192,1936.4208649525572,1942.4857177734375,267500,0.0,0.0
2013-10-28 00:00:00+09:00,1943.3520792048819,1957.2145996093752,1939.8864491037587,1957.214599609375,250600,0.0,0.0
2013-10-29 00:00:00+09:00,1936.2443994887772,1947.6032339623123,1924.0118085172776,1941.4869384765625,261100,19.0,0.0
2013-10-30 00:00:00+09:00,1939.7396269034994,1940.6133834921945,1924.0120083069844,1925.759521484375,309400,0.0,0.0
2013-10-31 00:00:00+09:00,1925.759521484375,1936.2446005487182,1922.2644951295938,1925.759521484375,221300,0.0,0.0
2013-11-01 00:00:00+09:00,1931.0021042703434,1935.3708873116789,1898.6731097644597,1903.9156494140625,206600,0.0,0.0
2013-11-05 00:00:00+09:00,1904.7891523881392,1927.5068211780895,1903.9153958962181,1922.2642822265625,298800,0.0,0.0
2013-11-06 00:00:00+09:00,1910.0317139892024,1932.7493830485432,1901.294148966379,1923.1380615234375,252800,0.0,0.0
2013-11-07 00:00:00+09:00,1925.759286514401,1932.7493383710778,1902.1678614981176,1907.410400390625,241900,0.0,0.0
2013-11-08 00:00:00+09:00,1898.6728515625,1905.6629034780544,1892.5565561363899,1898.6728515625,122800,0.0,0.0
2013-11-11 00:00:00+09:00,1929.25438982978,1931.0019028640459,1893.4303726273247,1905.6629638671875,207100,0.0,0.0
2013-11-12 00:00:00+09:00,1911.779317469175,1930.1282048854698,1902.1679954892113,1926.6331787109375,204500,0.0,0.0
2013-11-13 00:00:00+09:00,1931.0020610165466,1931.0020610165466,1917.8957121861176,1925.759521484375,146100,0.0,0.0
2013-11-14 00:00:00+09:00,1935.3710485183433,1944.10861532881,1923.1384549836903,1933.62353515625,289900,0.0,0.0
2013-11-15 00:00:00+09:00,1942.3612457643071,1965.0789211533634,1937.1187052899097,1958.0888671875,273900,0.0,0.0
2013-11-18 00:00:00+09:00,1961.58317589856,1965.07820160172,1943.23429095697,1949.3505859375,296300,0.0,0.0
2013-11-19 00:00:00+09:00,1960.7098649899058,1974.6899709791387,1945.856002376346,1947.603515625,236500,0.0,0.0
2013-11-20 00:00:00+09:00,1959.8357089939964,1970.320786349292,1944.9818494073277,1951.09814453125,172300,0.0,0.0
2013-11-21 00:00:00+09:00,1962.4572696011603,1965.0785393290337,1941.4871117781738,1952.845947265625,222000,0.0,0.0
2013-11-22 00:00:00+09:00,1957.2146739130435,1969.447265625,1952.8458911587732,1969.447265625,196900,0.0,0.0
2013-11-25 00:00:00+09:00,1974.6897103178405,1996.5336230425955,1970.3209277728897,1993.912353515625,277500,0.0,0.0
2013-11-26 00:00:00+09:00,1992.1646041228992,1992.1646041228992,1975.563232421875,1975.563232421875,138000,0.0,0.0
2013-11-27 00:00:00+09:00,1968.5734884563067,1980.8060800401452,1944.1083052886295,1954.5933837890625,321500,0.0,0.0
2013-11-28 00:00:00+09:00,1952.8461867956808,1952.8461867956808,1928.380999668039,1943.23486328125,294800,0.0,0.0
2013-11-29 00:00:00+09:00,1939.739809225955,1939.739809225955,1922.264675809505,1932.749755859375,277900,0.0,0.0
2013-12-02 00:00:00+09:00,1933.6230948531622,1934.496851335247,1906.5366439085406,1907.410400390625,500600,0.0,0.0
2013-12-03 00:00:00+09:00,1913.526695765217,1934.496851335247,1907.410400390625,1907.410400390625,397300,0.0,0.0
2013-12-04 00:00:00+09:00,1905.663297948404,1910.9058379702703,1883.8193811906278,1885.56689453125,401700,0.0,0.0
2013-12-05 00:00:00+09:00,1882.0717686365579,1893.4306047518203,1879.450498763805,1886.4405517578125,301300,0.0,0.0
2013-12-06 00:00:00+09:00,1893.43036789748,1893.43036789748,1875.0814810835218,1882.071533203125,233700,0.0,0.0
2013-12-09 00:00:00+09:00,1898.6731129724342,1899.5468695821776,1884.6930072165396,1889.935546875,157500,0.0,0.0
2013-12-10 00:00:00+09:00,1895.1778256047228,1907.4104164569433,1887.3140171997238,1898.6728515625,206300,0.0,0.0
2013-12-11 00:00:00+09:00,1896.9255769713734,1900.4206033683727,1885.5667411811255,1889.061767578125,158000,0.0,0.0
2013-12-12 00:00:00+09:00,1891.6827375909443,1933.6230477084341,1891.6827375909443,1919.6429443359375,370700,0.0,0.0
2013-12-13 00:00:00+09:00,1915.2740478515625,1965.951919555664,1904.7889709472656,1957.21435546875,896900,0.0,0.0
2013-12-16 00:00:00+09:00,1946.7301797535563,1946.7301797535563,1911.7799072265625,1911.7799072265625,224300,0.0,0.0
2013-12-17 00:00:00+09:00,1913.5271720553299,1922.2647390510162,1897.7995514630943,1902.1683349609375,166300,0.0,0.0
2013-12-18 00:00:00+09:00,1900.4206945361193,1900.4206945361193,1883.8193183539647,1892.556884765625,239700,0.0,0.0
2013-12-19 00:00:00+09:00,1900.4203645413886,1914.4004683724977,1892.5565561363899,1898.6728515625,203800,0.0,0.0
2013-12-20 00:00:00+09:00,1889.9357411669764,1908.284631857918,1889.9357411669764,1902.1683349609375,204700,0.0,0.0
2013-12-24 00:00:00+09:00,1892.556785396898,1909.1581607073972,1889.0617590157403,1893.4305419921875,227600,0.0,0.0
2013-12-25 00:00:00+09:00,1887.3142543796253,1896.0518203721235,1881.1979581848766,1889.061767578125,207300,0.0,0.0
2013-12-26 00:00:00+09:00,1890.8088005278523,1917.0214918475547,1889.0612877732055,1912.6527099609375,149400,0.0,0.0
2013-12-27 00:00:00+09:00,1917.02220769295,1921.3909912109375,1904.7896138425847,1921.3909912109375,151000,0.0,0.0
2013-12-30 00:00:00+09:00,1922.2643050211552,1930.1281135416962,1916.1480095051788,1923.1380615234375,122400,0.0,0.0
2014-01-06 00:00:00+09:00,1928.3806544434929,1935.3707066571528,1918.7693326497101,1920.516845703125,201100,0.0,0.0
2014-01-07 00:00:00+09:00,1930.1284990889578,1930.1284990889578,1909.1583388453475,1914.40087890625,177400,0.0,0.0
2014-01-08 00:00:00+09:00,1916.1483922598843,1919.6434189671527,1898.6732587235424,1914.40087890625,166200,0.0,0.0
2014-01-09 00:00:00+09:00,1914.4004522473017,1917.89547817564,1899.5465920518639,1907.410400390625,142400,0.0,0.0
2014-01-10 00:00:00+09:00,1900.4207720771765,1914.40087890625,1898.6732587235424,1914.40087890625,209900,0.0,0.0
2014-01-14 00:00:00+09:00,1896.9252017707063,1900.42022747641,1878.5763168157616,1879.4500732421875,290700,0.0,0.0
2014-01-15 00:00:00+09:00,1890.8090804633744,1906.5366975836798,1885.5665414232726,1904.7891845703125,218400,0.0,0.0
2014-01-16 00:00:00+09:00,1904.7894200514875,1917.0220126573226,1903.0419068220824,1909.158203125,193500,0.0,0.0
2014-01-17 00:00:00+09:00,1897.7992127710459,1932.749474516369,1897.7992127710459,1926.6331787109375,183100,0.0,0.0
2014-01-20 00:00:00+09:00,1932.7491530853533,1943.2342298652015,1925.759101898788,1928.38037109375,195500,0.0,0.0
2014-01-21 00:00:00+09:00,1937.1183315722349,1951.97219338402,1929.2545223777602,1938.8658447265625,152000,0.0,0.0
2014-01-22 00:00:00+09:00,1939.7392575941274,1959.8356553079402,1932.7492062154097,1953.7193603515625,159200,0.0,0.0
2014-01-23 00:00:00+09:00,1960.7096044460611,1964.2046304789417,1940.6132047569972,1942.3607177734375,167300,0.0,0.0
2014-01-24 00:00:00+09:00,1923.1381442661198,1951.0983535421378,1909.1580396281108,1931.001953125,240900,0.0,0.0
2014-01-27 00:00:00+09:00,1896.9254688671156,1912.653086757308,1887.314146823109,1894.30419921875,219100,0.0,0.0
2014-01-28 00:00:00+09:00,1905.663017672284,1916.1480961739196,1895.1779391706482,1903.041748046875,208600,0.0,0.0
2014-01-29 00:00:00+09:00,1910.031712512686,1937.1181640625,1904.7891735030446,1937.1181640625,217300,0.0,0.0
2014-01-30 00:00:00+09:00,1917.8955130315278,1944.9819644684196,1906.5366785579927,1941.4869384765625,305900,0.0,0.0
2014-01-31 00:00:00+09:00,1944.1082160753551,1944.1082160753551,1913.5267385191137,1937.1181640625,219500,0.0,0.0
2014-02-03 00:00:00+09:00,1935.3706510592863,1953.7195375930312,1923.1380600367895,1937.1181640625,286100,0.0,0.0
2014-02-04 00:00:00+09:00,1905.6629458887269,1909.1579719242861,1851.490042337557,1862.848876953125,343500,0.0,0.0
2014-02-05 00:00:00+09:00,1866.3439735171366,1894.3041828582172,1827.0249291312418,1851.4901123046875,333300,0.0,0.0
2014-02-06 00:00:00+09:00,1866.3439735171366,1878.5765651038594,1846.2475730532349,1851.4901123046875,198500,0.0,0.0
2014-02-07 00:00:00+09:00,1861.101270887587,1894.3040165653936,1861.101270887587,1887.31396484375,168500,0.0,0.0
2014-02-10 00:00:00+09:00,1919.6426542590582,1921.3901669165539,1901.293771355353,1917.8951416015625,123000,0.0,0.0
2014-02-12 00:00:00+09:00,1927.5073810868473,1959.836380678966,1924.8861108496485,1958.0888671875,293300,0.0,0.0
2014-02-13 00:00:00+09:00,1955.467050596245,1960.7095896058863,1923.1380600367895,1937.1181640625,209700,0.0,0.0
2014-02-14 00:00:00+09:00,1946.72940263957,1954.5932108189938,1900.4203100274078,1915.274169921875,214500,0.0,0.0
2014-02-17 00:00:00+09:00,1914.4005788673642,1938.86576198388,1902.1679873091061,1931.001953125,121300,0.0,0.0
2014-02-18 00:00:00+09:00,1931.0021140358665,1965.0786219306171,1916.1482516202059,1960.7098388671875,248900,0.0,0.0
2014-02-19 00:00:00+09:00,1957.2143707959642,1974.6894991066424,1936.2442168231503,1948.476806640625,197500,0.0,0.0
2014-02-20 00:00:00+09:00,1952.845828852435,1957.2146114673174,1909.158002703611,1924.8856201171875,256200,0.0,0.0
2014-02-21 00:00:00+09:00,1932.7494010416667,1969.4471744791667,1930.1281315104168,1965.9521484375,242200,0.0,0.0
2014-02-24 00:00:00+09:00,1966.825492614529,1989.5431571227375,1937.9915338156486,1964.2042236328125,241200,0.0,0.0
2014-02-25 00:00:00+09:00,1983.4271084969505,1992.1646728515625,1974.6895441423383,1992.1646728515625,259000,0.0,0.0
2014-02-26 00:00:00+09:00,1979.93254043606,1986.9225935355696,1972.068730699112,1981.6800537109375,118700,0.0,0.0
2014-02-27 00:00:00+09:00,1980.8060985145064,2004.3975253605106,1960.70969786791,1983.4273681640625,220900,0.0,0.0
2014-02-28 00:00:00+09:00,1983.4270553154429,2000.0284271440744,1971.1944655469777,1994.785888671875,225500,0.0,0.0
2014-03-03 00:00:00+09:00,1992.1651384756196,2000.0289482327603,1965.952439285151,1991.2913818359375,167700,0.0,0.0
2014-03-04 00:00:00+09:00,1934.4969624206458,1942.3607712109736,1871.5864920980232,1888.1878662109375,889500,0.0,0.0
2014-03-05 00:00:00+09:00,1905.6629034780544,1905.6629034780544,1886.4402607102795,1898.6728515625,350300,0.0,0.0
2014-03-06 00:00:00+09:00,1889.9356134743712,1892.5568833959721,1853.2378345719562,1868.9654541015625,655700,0.0,0.0
2014-03-07 00:00:00+09:00,1870.7126920542537,1875.9552311258676,1861.975126934897,1872.460205078125,371700,0.0,0.0
2014-03-10 00:00:00+09:00,1876.8292777534964,1881.1980609884906,1867.2179546365094,1874.2080078125,277600,0.0,0.0
2014-03-11 00:00:00+09:00,1883.8190462330258,1895.1778809273808,1875.9552375984722,1882.071533203125,217000,0.0,0.0
2014-03-12 00:00:00+09:00,1880.324204643086,1886.4405008477802,1869.839125435039,1875.0816650390625,341700,0.0,0.0
2014-03-13 00:00:00+09:00,1871.5867378715034,1888.1881141644812,1869.8392245775058,1874.2080078125,436100,0.0,0.0
2014-03-14 00:00:00+09:00,1848.868890569329,1861.975239037448,1835.76254210121,1839.257568359375,556000,0.0,0.0
2014-03-17 00:00:00+09:00,1839.2575083429267,1850.6163433113152,1822.6561341583586,1832.2674560546875,281300,0.0,0.0
2014-03-18 00:00:00+09:00,1847.9952392578125,1863.722858315326,1831.393863585993,1847.9952392578125,175200,0.0,0.0
2014-03-19 00:00:00+09:00,1859.3538983194642,1870.7127332246112,1840.1312546338306,1850.6163330078125,191500,0.0,0.0
2014-03-20 00:00:00+09:00,1849.7425042818872,1857.606312755452,1792.0745754757443,1810.4234619140625,642900,0.0,0.0
2014-03-24 00:00:00+09:00,1842.7527016177564,1903.0419080718225,1830.5201090038881,1871.586669921875,918700,0.0,0.0
2014-03-25 00:00:00+09:00,1886.440463813481,1940.613371991543,1882.9454374794127,1906.536865234375,738400,0.0,0.0
2014-03-26 00:00:00+09:00,1915.2742530028963,1936.2444090576726,1908.2842009846377,1923.1380615234375,544600,0.0,0.0
2014-03-27 00:00:00+09:00,1924.0118085172776,1944.1082079704554,1915.2742435376351,1941.4869384765625,579000,0.0,0.0
2014-03-28 00:00:00+09:00,1943.234260361914,1998.280914320008,1939.7392347137811,1994.785888671875,623900,0.0,0.0
2014-03-31 00:00:00+09:00,1995.6597732345779,2022.746223746956,1989.5434779575892,2018.37744140625,600100,0.0,0.0
2014-04-01 00:00:00+09:00,2019.2510376766152,2047.211242438905,2016.6297684801505,2026.2410888671875,629500,0.0,0.0
2014-04-02 00:00:00+09:00,2035.8535863672728,2041.9698846954147,2005.2720947265625,2005.2720947265625,563000,0.0,0.0
2014-04-03 00:00:00+09:00,2015.7555558602187,2033.230679881547,2009.6392624527539,2022.74560546875,245800,0.0,0.0
2014-04-04 00:00:00+09:00,2022.74560546875,2037.5994608868791,2016.6293120612852,2022.74560546875,235100,0.0,0.0
2014-04-07 00:00:00+09:00,2018.3772039850917,2019.2509603504532,1994.7857821203309,2000.0283203125,339400,0.0,0.0
2014-04-08 00:00:00+09:00,2003.5236898035437,2024.493846173053,1993.038611618789,1999.1549072265625,458900,0.0,0.0
2014-04-09 00:00:00+09:00,1992.1646194357752,2013.1347733245727,1988.6695937876423,1994.785888671875,338700,0.0,0.0
2014-04-10 00:00:00+09:00,2012.261202298678,2024.4937931941106,1987.7960205078125,1987.7960205078125,271100,0.0,0.0
2014-04-11 00:00:00+09:00,1974.6893237789736,1985.1743998344373,1958.9617096957782,1979.05810546875,319800,0.0,0.0
2014-04-14 00:00:00+09:00,1977.3106541228724,2009.639639629963,1970.3206032024202,1986.0482177734375,212400,0.0,0.0
2014-04-15 00:00:00+09:00,1995.6603603110518,1995.6603603110518,1971.1951720060126,1979.9327392578125,308600,0.0,0.0
2014-04-16 00:00:00+09:00,1991.290779480247,2008.7659069877525,1979.9319466003685,2000.902099609375,245500,0.0,0.0
2014-04-17 00:00:00+09:00,2007.8927769677564,2026.2416665745113,2002.650237080112,2006.145263671875,346700,0.0,0.0
2014-04-18 00:00:00+09:00,2005.2712774069594,2017.5038690774159,1998.2812250238414,2011.3875732421875,267400,0.0,0.0
2014-04-21 00:00:00+09:00,2009.6402902636378,2014.882830151282,1996.533940544527,2006.145263671875,290800,0.0,0.0
2014-04-22 00:00:00+09:00,2004.397163173704,2006.1446759576393,1993.038330078125,1993.038330078125,299300,0.0,0.0
2014-04-23 00:00:00+09:00,1993.038559462998,1996.5335854331215,1974.689673119849,1987.7960205078125,622400,0.0,0.0
2014-04-24 00:00:00+09:00,1986.9224912318452,1986.9224912318452,1958.0885236809872,1958.9622802734375,1004900,0.0,0.0
2014-04-25 00:00:00+09:00,1959.844196836944,1969.5420313692007,1950.1463623046875,1950.1463623046875,742600,20.0,0.0
2014-04-28 00:00:00+09:00,1922.815416167406,1937.8029732856298,1895.4851649518216,1934.2764892578125,403800,0.0,0.0
2014-04-30 00:00:00+09:00,1938.6849817201803,1950.1460571009725,1922.8158004236984,1926.34228515625,367800,0.0,0.0
2014-05-01 00:00:00+09:00,1941.3294573134472,1949.264046376036,1926.3419001952234,1934.2764892578125,361700,0.0,0.0
2014-05-02 00:00:00+09:00,1925.460424905065,1938.6847410101823,1922.8155616840418,1929.8685302734375,230800,0.0,0.0
2014-05-07 00:00:00+09:00,1924.5791089589898,1942.2115332279682,1906.0650634765625,1906.0650634765625,417000,0.0,0.0
2014-05-08 00:00:00+09:00,1927.2242056858436,1929.8690696460712,1916.6447498449331,1921.0528564453125,289300,0.0,0.0
2014-05-09 00:00:00+09:00,1915.7631285248574,1934.2771762464506,1914.8815072047814,1921.0528564453125,219100,0.0,0.0
2014-05-12 00:00:00+09:00,1914.8815072047814,1928.9874483259953,1908.7101579642504,1921.0528564453125,188600,0.0,0.0
2014-05-13 00:00:00+09:00,1929.869081567706,1936.9220521718821,1921.9344896380078,1931.63232421875,187900,0.0,0.0
2014-05-14 00:00:00+09:00,1936.0396072146586,1953.6720262238996,1932.5131234128105,1952.7904052734375,224600,0.0,0.0
2014-05-15 00:00:00+09:00,1947.501029981959,1965.1334521637784,1936.9215766728673,1964.2518310546875,281600,0.0,0.0
2014-05-16 00:00:00+09:00,1964.2519548981504,1964.2519548981504,1927.2238659817579,1942.21142578125,272100,0.0,0.0
2014-05-19 00:00:00+09:00,1949.2649109078225,1977.4767956428068,1943.9751825200128,1966.8973388671875,242800,0.0,0.0
2014-05-20 00:00:00+09:00,1969.541426259744,1983.647363063753,1958.0803526064867,1979.2392578125,221500,0.0,0.0
2014-05-21 00:00:00+09:00,1979.2395404388806,1987.1741310241591,1966.01522279675,1985.410888671875,164600,0.0,0.0
2014-05-22 00:00:00+09:00,1993.3452638649562,2007.451201159003,1992.4636427840785,2006.569580078125,230000,0.0,0.0
2014-05-23 00:00:00+09:00,2020.675873880765,2023.3207375900329,2001.2802066794661,2021.5574951171875,338400,0.0,0.0
2014-05-26 00:00:00+09:00,2024.2019093919837,2027.7283935546875,2017.148941066576,2027.7283935546875,190600,0.0,0.0
2014-05-27 00:00:00+09:00,2025.96564356486,2036.54509862264,2025.96564356486,2031.25537109375,159600,0.0,0.0
2014-05-28 00:00:00+09:00,2036.5444496805355,2048.887143314963,2033.8995867588724,2047.1239013671875,208900,0.0,0.0
2014-05-29 00:00:00+09:00,2046.2424608954068,2051.532187205348,2036.5446293271823,2045.36083984375,121300,0.0,0.0
2014-05-30 00:00:00+09:00,2045.36096674645,2053.295556703656,2040.0712401083126,2048.887451171875,211400,0.0,0.0
2014-06-02 00:00:00+09:00,2054.1769643130456,2070.9277635928515,2049.7688592394124,2070.046142578125,278100,0.0,0.0
2014-06-03 00:00:00+09:00,2080.625732421875,2111.482469978979,2069.1646584720934,2080.625732421875,657600,0.0,0.0
2014-06-04 00:00:00+09:00,2083.270165000961,2087.6782694550466,2064.7561262938,2078.862060546875,309200,0.0,0.0
2014-06-05 00:00:00+09:00,2086.797589483772,2137.931624207075,2085.9159681954393,2123.82568359375,568200,0.0,0.0
2014-06-06 00:00:00+09:00,2123.8258685978653,2129.115596788645,2111.4831694860472,2125.589111328125,294600,0.0,0.0
2014-06-09 00:00:00+09:00,2125.589103708255,2135.2869386899188,2115.8912687265915,2118.5361328125,197500,0.0,0.0
2014-06-10 00:00:00+09:00,2124.707377541514,2140.5765612741893,2100.0219806240193,2107.074951171875,322100,0.0,0.0
2014-06-11 00:00:00+09:00,2089.441857905097,2127.3515625,2085.0337527196434,2127.3515625,211100,0.0,0.0
2014-06-12 00:00:00+09:00,2121.1800909238264,2151.155204428153,2114.1271230404554,2145.865478515625,256700,0.0,0.0
2014-06-13 00:00:00+09:00,2144.102490274365,2158.208427710381,2137.9311426461086,2152.918701171875,277000,0.0,0.0
2014-06-16 00:00:00+09:00,2146.747285188321,2152.0370115583946,2140.5759377565682,2147.62890625,123300,0.0,0.0
2014-06-17 00:00:00+09:00,2151.1558340056476,2201.408244882009,2149.392591518758,2185.5390625,485800,0.0,0.0
2014-06-18 00:00:00+09:00,2185.5392712621633,2220.8041243684506,2180.24954329622,2208.46142578125,402500,0.0,0.0
2014-06-19 00:00:00+09:00,2215.513934743692,2238.4360844863645,2212.8690713118453,2229.619873046875,437500,0.0,0.0
2014-06-20 00:00:00+09:00,2231.382909533988,2234.9093937845355,2197.881309153786,2213.75048828125,453700,0.0,0.0
2014-06-23 00:00:00+09:00,2206.697422085432,2211.1055272034614,2183.7752754716803,2209.34228515625,326800,0.0,0.0
2014-06-24 00:00:00+09:00,2211.106033313095,2242.844397427637,2208.461169636883,2223.44873046875,369700,0.0,0.0
2014-06-25 00:00:00+09:00,2226.9749886836103,2273.700908873726,2224.3301252766228,2259.594970703125,513700,0.0,0.0
2014-06-26 00:00:00+09:00,2262.240589975284,2271.0568042776035,2243.726539940412,2251.6611328125,279200,0.0,0.0
2014-06-27 00:00:00+09:00,2256.949951171875,2273.7007515907285,2243.7256350517273,2256.949951171875,364300,0.0,0.0
2014-06-30 00:00:00+09:00,2264.8851598035294,2299.2683911123413,2264.8851598035294,2289.570556640625,362300,0.0,0.0
2014-07-01 00:00:00+09:00,2302.793643078735,2334.5319934427603,2290.4509512705026,2304.556884765625,402800,0.0,0.0
2014-07-02 00:00:00+09:00,2316.900273752158,2323.953242622027,2294.859746033815,2298.38623046875,262300,0.0,0.0
2014-07-03 00:00:00+09:00,2313.373524703746,2318.663250751087,2297.5043465617237,2306.320556640625,179900,0.0,0.0
2014-07-04 00:00:00+09:00,2324.8347566789703,2367.152567949577,2322.1898934745573,2353.046630859375,646900,0.0,0.0
2014-07-07 00:00:00+09:00,2352.164882592636,2366.270818920028,2343.348672388016,2349.52001953125,210000,0.0,0.0
2014-07-08 00:00:00+09:00,2352.1646312511652,2374.2051544075666,2350.401389398653,2364.50732421875,293500,0.0,0.0
2014-07-09 00:00:00+09:00,2355.69137166811,2355.69137166811,2274.5822376136693,2290.451416015625,695100,0.0,0.0
2014-07-10 00:00:00+09:00,2286.0439326845367,2289.570417733028,2243.7261121026404,2249.8974609375,579800,0.0,0.0
2014-07-11 00:00:00+09:00,2229.6195721693443,2256.068202918684,2208.4606675698724,2253.42333984375,600700,0.0,0.0
2014-07-14 00:00:00+09:00,2253.4237288007084,2285.1620911781833,2244.607517029188,2271.05615234375,311400,0.0,0.0
2014-07-15 00:00:00+09:00,2274.582607637878,2282.5171981296385,2256.950184322856,2271.937744140625,284200,0.0,0.0
2014-07-16 00:00:00+09:00,2271.937676054733,2283.39875086603,2263.121464661428,2266.64794921875,200800,0.0,0.0
2014-07-17 00:00:00+09:00,2266.6476343350146,2272.818981453002,2234.9092777282235,2239.3173828125,260900,0.0,0.0
2014-07-18 00:00:00+09:00,2221.685505319149,2249.0157635195033,2218.159020390071,2237.5546875,239800,0.0,0.0
2014-07-22 00:00:00+09:00,2248.133377129283,2255.1863445869435,2218.158265434226,2238.435546875,366500,0.0,0.0
2014-07-23 00:00:00+09:00,2230.5018185470863,2243.726137629381,2214.6326356483323,2219.92236328125,303200,0.0,0.0
2014-07-24 00:00:00+09:00,2225.2119051352593,2233.1464959221917,2210.2243447599426,2218.158935546875,295000,0.0,0.0
2014-07-25 00:00:00+09:00,2225.2117966277688,2234.028008183346,2218.1588273833067,2228.73828125,242400,0.0,0.0
2014-07-28 00:00:00+09:00,2219.922108065212,2241.9626373351207,2219.922108065212,2234.90966796875,162500,0.0,0.0
2014-07-29 00:00:00+09:00,2245.4894265808516,2248.1342904519715,2226.9753794830117,2233.146728515625,174900,0.0,0.0
2014-07-30 00:00:00+09:00,2233.1465137837245,2241.081104634121,2218.158953288532,2232.264892578125,204700,0.0,0.0
2014-07-31 00:00:00+09:00,2240.199376535207,2244.607482352868,2219.922089773968,2220.8037109375,156800,0.0,0.0
2014-08-01 00:00:00+09:00,2218.1588474469036,2234.9096495540143,2194.355076031535,2220.8037109375,247000,0.0,0.0
2014-08-04 00:00:00+09:00,2220.8038840868794,2252.5422484485816,2207.5795656028367,2237.5546875,270000,0.0,0.0
2014-08-05 00:00:00+09:00,2237.5539259427924,2265.765795773434,2231.3825794173395,2238.435546875,308100,0.0,0.0
2014-08-06 00:00:00+09:00,2239.3171678072076,2255.1863445869435,2233.1458212817547,2238.435546875,209500,0.0,0.0
2014-08-07 00:00:00+09:00,2234.027813017183,2265.7661718445775,2231.3829497815664,2264.0029296875,268600,0.0,0.0
2014-08-08 00:00:00+09:00,2250.7791543230915,2272.8196865824243,2226.0937581926382,2233.146728515625,284000,0.0,0.0
2014-08-11 00:00:00+09:00,2255.1872218459753,2279.8726175503093,2253.4239792956655,2278.109375,161300,0.0,0.0
2014-08-12 00:00:00+09:00,2284.280558758471,2287.807043604104,2261.35840726186,2268.411376953125,220600,0.0,0.0
2014-08-13 00:00:00+09:00,2256.068626334313,2258.713489905631,2205.8162184792695,2226.093505859375,467200,0.0,0.0
2014-08-14 00:00:00+09:00,2226.093320358948,2228.738183709869,2205.8160346685495,2224.330078125,325900,0.0,0.0
2014-08-15 00:00:00+09:00,2225.2118961510664,2227.856759736032,2204.93460866633,2211.10595703125,241800,0.0,0.0
2014-08-18 00:00:00+09:00,2219.9218650787475,2221.6851072273407,2200.5262014442233,2212.868896484375,221100,0.0,0.0
2014-08-19 00:00:00+09:00,2212.869393104026,2227.856954730627,2205.8164229268023,2219.92236328125,224200,0.0,0.0
2014-08-20 00:00:00+09:00,2219.922274960643,2230.501729805571,2215.5141687752566,2222.567138671875,161300,0.0,0.0
2014-08-21 00:00:00+09:00,2227.856866094339,2228.7384873314163,2216.3957900123337,2222.567138671875,175900,0.0,0.0
2014-08-22 00:00:00+09:00,2230.502041815579,2240.1998767799946,2219.040964130361,2227.857177734375,309000,0.0,0.0
2014-08-25 00:00:00+09:00,2234.02811712074,2240.199465510576,2212.8692083555866,2218.158935546875,237300,0.0,0.0
2014-08-26 00:00:00+09:00,2212.8691994212268,2216.395684201181,2204.0529874713416,2211.10595703125,150800,0.0,0.0
2014-08-27 00:00:00+09:00,2204.052625295111,2214.6320778965273,2160.8531938393267,2170.551025390625,365200,0.0,0.0
2014-08-28 00:00:00+09:00,2175.840682734884,2190.8282401119072,2160.853125357861,2165.26123046875,242900,0.0,0.0
2014-08-29 00:00:00+09:00,2159.0902365550073,2159.971857721424,2111.482693568494,2132.6416015625,419100,0.0,0.0
2014-09-01 00:00:00+09:00,2076.2174853212346,2138.812577235378,2057.703444050854,2129.11474609375,854800,0.0,0.0
2014-09-02 00:00:00+09:00,2062.9933593749997,2077.98091796875,2018.9123046875,2049.76904296875,1801000,0.0,0.0
2014-09-03 00:00:00+09:00,2055.058338363983,2055.939959272762,2019.7935020128202,2048.00537109375,753300,0.0,0.0
2014-09-04 00:00:00+09:00,2024.2022910574717,2030.3736395058177,2014.5044577814995,2016.2677001953125,625400,0.0,0.0
2014-09-05 00:00:00+09:00,2010.096374072617,2010.9779952893155,1953.672616203912,1960.7255859375,924300,0.0,0.0
2014-09-08 00:00:00+09:00,1960.7254251592806,1964.2519097369052,1936.0400331159083,1954.5540771484375,573300,0.0,0.0
2014-09-09 00:00:00+09:00,1960.725351863389,1961.6069729748385,1936.039960742807,1945.73779296875,374400,0.0,0.0
2014-09-10 00:00:00+09:00,1939.5663630701486,1977.4760692574287,1938.6847419960257,1973.9495849609375,340300,0.0,0.0
2014-09-11 00:00:00+09:00,1981.8842236744335,1985.410708058196,1962.4885595637409,1965.1334228515625,284300,0.0,0.0
2014-09-12 00:00:00+09:00,2004.8066139322916,2004.8066139322916,1974.8314930555555,1983.647705078125,558900,0.0,0.0
2014-09-16 00:00:00+09:00,1998.6348810408986,1998.6348810408986,1961.606797669166,1973.06787109375,361800,0.0,0.0
2014-09-17 00:00:00+09:00,1987.1742618527032,2003.925065302216,1985.4110193843335,1992.4639892578125,451200,0.0,0.0
2014-09-18 00:00:00+09:00,2001.2796630859375,2003.042905079846,1988.0553481316251,2001.2796630859375,417600,0.0,0.0
2014-09-19 00:00:00+09:00,2009.2147305400601,2018.9125638160324,1992.4639276088353,2016.2677001953125,402500,0.0,0.0
2014-09-22 00:00:00+09:00,2018.91265655731,2021.5575202995249,2002.1618528566162,2017.1494140625,401600,0.0,0.0
2014-09-24 00:00:00+09:00,2021.5575122461528,2038.3083158801157,2009.214814831654,2035.6634521484375,492300,0.0,0.0
2014-09-25 00:00:00+09:00,2034.7810574620642,2048.886992002529,2032.136194735727,2048.00537109375,500900,0.0,0.0
2014-09-26 00:00:00+09:00,2043.5976219753982,2051.532211534405,2037.426274540615,2040.9527587890625,237800,0.0,0.0
2014-09-29 00:00:00+09:00,2046.242734526601,2061.230294408959,2041.8346286788487,2044.4794921875,272900,0.0,0.0
2014-09-30 00:00:00+09:00,2049.7689694101814,2049.7689694101814,2024.2019586089364,2040.9527587890625,299500,0.0,0.0
2014-10-01 00:00:00+09:00,2025.083788175484,2045.3610746918253,2001.2800170476048,2038.30810546875,394100,0.0,0.0
2014-10-02 00:00:00+09:00,2018.9126262833588,2019.7942475175437,1989.8191255552579,1992.4639892578125,348400,0.0,0.0
2014-10-03 00:00:00+09:00,1949.2640322343645,1991.5818402611621,1949.2640322343645,1986.2921142578125,486000,0.0,0.0
2014-10-06 00:00:00+09:00,2014.5048160728732,2022.4394083462455,2005.6886024357927,2009.215087890625,338800,0.0,0.0
2014-10-07 00:00:00+09:00,2021.5575202995249,2031.2553540209792,2015.3861715676903,2017.1494140625,258200,0.0,0.0
2014-10-08 00:00:00+09:00,1982.7660499915685,2004.8065796713324,1966.8968686221385,1981.0028076171875,393200,0.0,0.0
2014-10-09 00:00:00+09:00,1981.0027270862283,1989.8189385997407,1940.4481541240714,1943.093017578125,518200,0.0,0.0
2014-10-10 00:00:00+09:00,1933.3951816742997,1937.803287423671,1909.5914106276941,1917.5260009765625,386100,0.0,0.0
2014-10-14 00:00:00+09:00,1902.5383641968058,1928.105376505289,1899.8935008545488,1905.1832275390625,295500,0.0,0.0
2014-10-15 00:00:00+09:00,1906.065294004023,1938.68528284683,1905.183672683947,1921.0528564453125,219200,0.0,0.0
2014-10-16 00:00:00+09:00,1899.0119690714002,1914.8811498714397,1873.4449555602253,1880.4979248046875,383400,0.0,0.0
2014-10-17 00:00:00+09:00,1878.734766720805,1890.1958422568775,1821.4293890404426,1826.7191162109375,430600,0.0,0.0
2014-10-20 00:00:00+09:00,1837.2983209395657,1871.6815428765344,1837.2983209395657,1867.2734375,405600,0.0,0.0
2014-10-21 00:00:00+09:00,1861.1017201474222,1865.5098246480084,1839.9428185446093,1845.2325439453125,295900,0.0,0.0
2014-10-22 00:00:00+09:00,1864.6285408946956,1888.432309501862,1864.6285408946956,1886.6690673828125,169200,0.0,0.0
2014-10-23 00:00:00+09:00,1869.0363074296358,1886.668725424255,1856.6936148334023,1863.74658203125,348900,0.0,0.0
2014-10-24 00:00:00+09:00,1877.8528908619633,1892.8404491458382,1867.2734379556987,1889.31396484375,214300,0.0,0.0
2014-10-27 00:00:00+09:00,1893.7219925139277,1900.7749608286908,1889.3138873172006,1899.01171875,202400,0.0,0.0
2014-10-28 00:00:00+09:00,1877.8531449354716,1888.4325992731362,1869.0369329874177,1874.32666015625,501400,0.0,0.0
2014-10-29 00:00:00+09:00,1887.6765900452556,1895.686533143043,1868.0967291395527,1880.556640625,346600,20.0,0.0
2014-10-30 00:00:00+09:00,1873.436928970807,1912.5966557521447,1873.436928970807,1906.36669921875,311100,0.0,0.0
2014-10-31 00:00:00+09:00,1924.1657871102616,1965.9954781343977,1916.1558462758526,1960.655517578125,322500,0.0,0.0
2014-11-04 00:00:00+09:00,1998.0354665097036,2005.1554147199831,1933.9559326171875,1933.9559326171875,482500,0.0,0.0
2014-11-05 00:00:00+09:00,1933.9562133011545,1957.9860419984077,1933.9562133011545,1956.2060546875,300300,0.0,0.0
2014-11-06 00:00:00+09:00,1957.9857745293762,1962.435742198761,1923.2760267081737,1929.5059814453125,218400,0.0,0.0
2014-11-07 00:00:00+09:00,1927.7263573640903,1957.0961495122965,1927.7263573640903,1955.316162109375,234600,0.0,0.0
2014-11-10 00:00:00+09:00,1949.9760611912645,1961.5459784872419,1946.416086638656,1959.7659912109375,140200,0.0,0.0
2014-11-11 00:00:00+09:00,1974.0057547277472,2002.485549205334,1974.0057547277472,1995.3656005859375,237900,0.0,0.0
2014-11-12 00:00:00+09:00,2002.4860005026296,2022.9558573966565,1995.3660502786204,1998.926025390625,376100,0.0,0.0
2014-11-13 00:00:00+09:00,1998.9255547477285,2022.065387527533,1998.9255547477285,2020.285400390625,322800,0.0,0.0
2014-11-14 00:00:00+09:00,2031.8552128493318,2044.3151221703527,2025.6252581888214,2041.6451416015625,331300,0.0,0.0
2014-11-17 00:00:00+09:00,2033.6357267912442,2033.6357267912442,1969.556176537866,1975.7861328125,282100,0.0,0.0
2014-11-18 00:00:00+09:00,1989.1355449048951,2006.0454220204178,1989.1355449048951,1996.2554931640625,239000,0.0,0.0
2014-11-19 00:00:00+09:00,2002.4854736328125,2011.3854090711804,1990.0255640190971,2002.4854736328125,184400,0.0,0.0
2014-11-20 00:00:00+09:00,2003.3755434843372,2027.4053700832164,1998.0355820179195,2021.1754150390625,215900,0.0,0.0
2014-11-21 00:00:00+09:00,2021.1756097940677,2078.135204257661,2013.1656668226249,2065.67529296875,558200,0.0,0.0
2014-11-25 00:00:00+09:00,2079.9153178749284,2079.9153178749284,2027.4056885404736,2039.8656005859375,272300,0.0,0.0
2014-11-26 00:00:00+09:00,2030.0755461632386,2030.0755461632386,2003.3757362619247,2008.7156982421875,366900,0.0,0.0
2014-11-27 00:00:00+09:00,1993.5858347971441,1996.2558158258903,1957.9860877471951,1963.3260498046875,435700,0.0,0.0
2014-11-28 00:00:00+09:00,1983.795810364237,1988.2457785346369,1969.5559122189577,1974.8958740234375,295100,0.0,0.0
2014-12-01 00:00:00+09:00,1958.8758301110724,1988.2456176593075,1947.305913804192,1978.4556884765625,651500,0.0,0.0
2014-12-02 00:00:00+09:00,1941.076367570554,1951.7562925640648,1926.8364675792066,1928.616455078125,1064300,0.0,0.0
2014-12-03 00:00:00+09:00,1922.3864988319106,1931.2864363265028,1904.586623842726,1928.616455078125,740800,0.0,0.0
2014-12-04 00:00:00+09:00,1940.1860218790289,1949.085957759208,1897.4663296541696,1898.3563232421875,636500,0.0,0.0
2014-12-05 00:00:00+09:00,1903.6963016251873,1903.6963016251873,1882.3364553236422,1893.9063720703125,465200,0.0,0.0
2014-12-08 00:00:00+09:00,1892.1269609821377,1911.7068260534486,1892.1269609821377,1908.1468505859375,249800,0.0,0.0
2014-12-09 00:00:00+09:00,1901.9166259765625,1911.7065571350756,1893.9066823014157,1901.9166259765625,332300,0.0,0.0
2014-12-10 00:00:00+09:00,1896.5764999496855,1908.146417593677,1889.456550630306,1900.136474609375,328600,0.0,0.0
2014-12-11 00:00:00+09:00,1891.2366105384951,1898.3565601311107,1879.666692450495,1887.6766357421875,347800,0.0,0.0
2014-12-12 00:00:00+09:00,1879.6667515049573,1900.136607226839,1879.6667515049573,1885.0067138671875,396900,0.0,0.0
2014-12-15 00:00:00+09:00,1880.5562046841942,1909.0359957631786,1874.3262503856663,1893.01611328125,285500,0.0,0.0
2014-12-16 00:00:00+09:00,1873.436603482655,1882.3365398412425,1868.0966416675026,1871.6566162109375,358100,0.0,0.0
2014-12-17 00:00:00+09:00,1866.3168067262884,1868.09679414329,1826.26708984375,1826.26708984375,443800,0.0,0.0
2014-12-18 00:00:00+09:00,1861.8663417886105,1897.4660806373413,1860.9763483173924,1893.01611328125,375700,0.0,0.0
2014-12-19 00:00:00+09:00,1909.0359957631786,1915.2659500617065,1885.0061720402855,1893.01611328125,276000,0.0,0.0
2014-12-22 00:00:00+09:00,1895.6866697847815,1910.8165633933925,1887.6767261096347,1901.9166259765625,155700,0.0,0.0
2014-12-24 00:00:00+09:00,1913.4862691593125,1920.6062180678123,1903.6963394101253,1916.15625,240000,0.0,0.0
2014-12-25 00:00:00+09:00,1922.38616731137,1926.8361352912573,1914.3762249475726,1919.7161865234375,153700,0.0,0.0
2014-12-26 00:00:00+09:00,1925.0564632603205,1925.0564632603205,1900.1366384931966,1901.9166259765625,245700,0.0,0.0
2014-12-29 00:00:00+09:00,1917.936370723097,1950.8661367169507,1909.926427643511,1932.17626953125,325200,0.0,0.0
2014-12-30 00:00:00+09:00,1934.845947265625,1951.7558244496392,1920.606050689613,1934.845947265625,250000,0.0,0.0
2015-01-05 00:00:00+09:00,1932.1759455646175,1951.7558031428864,1918.8260426703432,1933.9559326171875,239700,0.0,0.0
2015-01-06 00:00:00+09:00,1916.1561022755818,1927.726018359921,1903.6961926462932,1909.9261474609375,236600,0.0,0.0
2015-01-07 00:00:00+09:00,1887.6765922795332,1889.4565796367037,1846.736883064607,1854.746826171875,615400,0.0,0.0
2015-01-08 00:00:00+09:00,1860.0864493891877,1895.686190047354,1860.0864493891877,1886.7862548828125,193900,0.0,0.0
2015-01-09 00:00:00+09:00,1885.0064570551024,1898.3563611418947,1872.5465465740958,1894.79638671875,291300,0.0,0.0
2015-01-13 00:00:00+09:00,1886.7864442666746,1894.79638671875,1868.9865721509514,1894.79638671875,253700,0.0,0.0
2015-01-14 00:00:00+09:00,1892.1263720471713,1899.2463207660694,1865.4265643513033,1877.886474609375,401800,0.0,0.0
2015-01-15 00:00:00+09:00,1878.7770529789711,1915.2668015209597,1878.7770529789711,1908.1468505859375,258600,0.0,0.0
2015-01-16 00:00:00+09:00,1882.336484507276,1912.596267236944,1875.216535629707,1905.476318359375,248700,0.0,0.0
2015-01-19 00:00:00+09:00,1913.486623456401,1935.7364679151965,1910.8166421213457,1931.2864990234375,201200,0.0,0.0
2015-01-20 00:00:00+09:00,1931.2859078114318,1957.9857129885484,1926.8359402819124,1952.645751953125,259100,0.0,0.0
2015-01-21 00:00:00+09:00,1952.645751953125,1954.4257389649329,1936.6258688468552,1952.645751953125,255700,0.0,0.0
2015-01-22 00:00:00+09:00,1957.0960903098367,1957.986083984375,1939.2962168190697,1957.986083984375,150300,0.0,0.0
2015-01-23 00:00:00+09:00,1971.3357053780944,1975.785673110325,1953.5358344491726,1961.5457763671875,157300,0.0,0.0
2015-01-26 00:00:00+09:00,1954.4259454721177,1982.0157470703125,1953.5359518721762,1982.0157470703125,280000,0.0,0.0
2015-01-27 00:00:00+09:00,1984.6856027560764,2002.4854736328125,1980.2356350368923,2002.4854736328125,274700,0.0,0.0
2015-01-28 00:00:00+09:00,2003.3751393130738,2070.1246441769035,1999.8151657203362,2060.334716796875,701100,0.0,0.0
2015-01-29 00:00:00+09:00,2044.315150608401,2067.454982526476,2027.4052734375,2027.4052734375,510800,0.0,0.0
2015-01-30 00:00:00+09:00,2052.3241696846358,2054.9941490901233,2013.1644717374877,2014.9444580078125,400100,0.0,0.0
2015-02-02 00:00:00+09:00,2002.4859268053444,2042.5356453414513,1998.0359580791103,2011.3858642578125,380300,0.0,0.0
2015-02-03 00:00:00+09:00,2025.6254549694233,2035.4153846727027,1971.3358447966928,1982.90576171875,281700,0.0,0.0
2015-02-04 00:00:00+09:00,2001.5958188553932,2026.5156423004582,1994.4758692996604,2022.065673828125,197700,0.0,0.0
2015-02-05 00:00:00+09:00,2026.5157612920964,2041.645654986416,2014.0558488379509,2016.725830078125,144100,0.0,0.0
2015-02-06 00:00:00+09:00,2038.0849713309758,2054.994846638962,2033.6350041446635,2048.764892578125,200200,0.0,0.0
2015-02-09 00:00:00+09:00,2063.8955735668696,2074.57549891521,2057.6656171136706,2071.905517578125,224400,0.0,0.0
2015-02-10 00:00:00+09:00,2075.464928195901,2081.694882954637,2063.00501867843,2079.02490234375,201100,0.0,0.0
2015-02-12 00:00:00+09:00,2085.2550679472706,2110.1748895019114,2080.805099812513,2087.925048828125,301100,0.0,0.0
2015-02-13 00:00:00+09:00,2082.5849782875953,2109.2847857015386,2057.665158034581,2103.94482421875,344700,0.0,0.0
2015-02-16 00:00:00+09:00,2108.39481750514,2115.5147662345794,2085.254984134463,2110.1748046875,216800,0.0,0.0
2015-02-17 00:00:00+09:00,2111.95449898169,2126.1943944657637,2104.834551239653,2123.5244140625,209500,0.0,0.0
2015-02-18 00:00:00+09:00,2130.6448326930526,2157.3446426265496,2129.754839028603,2153.78466796875,286200,0.0,0.0
2015-02-19 00:00:00+09:00,2160.0145216836736,2180.484375,2153.7845663265307,2180.484375,176600,0.0,0.0
2015-02-20 00:00:00+09:00,2184.0443407668727,2202.7342067636555,2161.7945002945125,2195.6142578125,248500,0.0,0.0
2015-02-23 00:00:00+09:00,2202.7340631415373,2202.7340631415373,2169.8043013895226,2194.72412109375,191600,0.0,0.0
2015-02-24 00:00:00+09:00,2192.943896105553,2193.8338895698816,2166.2440921756966,2179.593994140625,228600,0.0,0.0
2015-02-25 00:00:00+09:00,2187.604630939447,2215.194437106706,2172.474737234821,2214.304443359375,270000,0.0,0.0
2015-02-26 00:00:00+09:00,2214.3042208308852,2273.0438022516405,2209.854252541434,2272.15380859375,427200,0.0,0.0
2015-02-27 00:00:00+09:00,2257.9140943188104,2265.9240378934533,2211.634420331984,2212.5244140625,460100,0.0,0.0
2015-03-02 00:00:00+09:00,2207.1845397577204,2209.8545210558145,2162.6848514561534,2190.274658203125,313000,0.0,0.0
2015-03-03 00:00:00+09:00,2162.6843351696866,2177.814225580339,2118.184657491298,2173.3642578125,775200,0.0,0.0
2015-03-04 00:00:00+09:00,2162.684693125634,2231.2142080929893,2158.2347246212603,2193.83447265625,528000,0.0,0.0
2015-03-05 00:00:00+09:00,2159.124461109168,2210.744089610541,2135.984627643035,2146.66455078125,614500,0.0,0.0
2015-03-06 00:00:00+09:00,2145.774632414329,2167.1344794396064,2135.9847025277436,2165.3544921875,407400,0.0,0.0
2015-03-09 00:00:00+09:00,2162.684768844437,2188.4945870734446,2156.4548127201933,2186.714599609375,314200,0.0,0.0
2015-03-10 00:00:00+09:00,2210.744158163265,2220.534088010204,2175.144413265306,2180.484375,276400,0.0,0.0
2015-03-11 00:00:00+09:00,2171.5843969615544,2176.034364988115,2144.884588802191,2152.89453125,337200,0.0,0.0
2015-03-12 00:00:00+09:00,2146.6648471722465,2152.0048094786453,2126.1949916643853,2133.31494140625,448400,0.0,0.0
2015-03-13 00:00:00+09:00,2133.3153334494946,2152.8951988378503,2123.5254007553162,2144.88525390625,423900,0.0,0.0
2015-03-16 00:00:00+09:00,2150.224732889637,2189.384454846236,2150.224732889637,2181.37451171875,292800,0.0,0.0
2015-03-17 00:00:00+09:00,2193.834430727105,2194.7244244109697,2171.584588630481,2192.054443359375,201100,0.0,0.0
2015-03-18 00:00:00+09:00,2181.37406212485,2224.09375,2181.37406212485,2224.09375,278800,0.0,0.0
2015-03-19 00:00:00+09:00,2224.983660821381,2224.983660821381,2165.354098711368,2179.593994140625,340500,0.0,0.0
2015-03-20 00:00:00+09:00,2181.374558021282,2224.9842493077135,2180.4845643215594,2219.644287109375,385000,0.0,0.0
2015-03-23 00:00:00+09:00,2216.083951171875,2233.883822265625,2211.6339833984375,2224.98388671875,185700,0.0,0.0
2015-03-24 00:00:00+09:00,2224.9843262897225,2224.9843262897225,2192.94455199115,2212.5244140625,230000,0.0,0.0
2015-03-25 00:00:00+09:00,2224.984229365482,2249.904052734375,2220.5342609067507,2249.904052734375,381900,0.0,0.0
2015-03-26 00:00:00+09:00,2249.013332636971,2281.9430885956444,2238.3334117855093,2275.713134765625,375400,0.0,0.0
2015-03-27 00:00:00+09:00,2281.053643262437,2313.0934135150505,2265.0337581361305,2298.853515625,430000,0.0,0.0
2015-03-30 00:00:00+09:00,2312.2034792877907,2322.8834029796512,2282.8336891351746,2296.18359375,386400,0.0,0.0
2015-03-31 00:00:00+09:00,2310.423356616051,2327.333234803919,2298.853439961194,2305.973388671875,368900,0.0,0.0
2015-04-01 00:00:00+09:00,2309.533236180791,2328.223100519826,2299.743307241296,2300.63330078125,372500,0.0,0.0
2015-04-02 00:00:00+09:00,2297.073937940411,2300.633913047641,2245.45429888557,2269.484130859375,541600,0.0,0.0
2015-04-03 00:00:00+09:00,2269.4838748690895,2310.423583984375,2269.4838748690895,2310.423583984375,252300,0.0,0.0
2015-04-06 00:00:00+09:00,2303.303607984387,2336.233373631768,2294.4036713229325,2330.00341796875,239600,0.0,0.0
2015-04-07 00:00:00+09:00,2337.1227809756183,2370.052538361794,2331.782820318401,2356.70263671875,329600,0.0,0.0
2015-04-08 00:00:00+09:00,2370.942558262712,2395.8623749411486,2354.032682659487,2362.9326171875,330900,0.0,0.0
2015-04-09 00:00:00+09:00,2368.2735508411074,2380.7334642991214,2345.1337115619385,2352.253662109375,403600,0.0,0.0
2015-04-10 00:00:00+09:00,2354.033101818049,2384.2928846013438,2349.5831337616823,2380.73291015625,337900,0.0,0.0
2015-04-13 00:00:00+09:00,2385.1822184336334,2385.1822184336334,2364.712371036628,2373.6123046875,215400,0.0,0.0
2015-04-14 00:00:00+09:00,2363.823031542056,2385.1828782126167,2347.8031465391355,2380.73291015625,429100,0.0,0.0
2015-04-15 00:00:00+09:00,2376.28251897952,2388.742427318738,2359.3726433762945,2362.9326171875,421900,0.0,0.0
2015-04-16 00:00:00+09:00,2362.9329035037167,2376.282806913342,2343.353045169599,2364.712890625,341200,0.0,0.0
2015-04-17 00:00:00+09:00,2350.4730768134123,2363.8229806953514,2315.7633267203705,2316.6533203125,548900,0.0,0.0
2015-04-20 00:00:00+09:00,2308.643539108098,2309.533532762342,2279.273748518057,2287.28369140625,454700,0.0,0.0
2015-04-21 00:00:00+09:00,2282.833605464201,2302.413464848299,2260.583765254998,2292.62353515625,500900,0.0,0.0
2015-04-22 00:00:00+09:00,2292.623212756849,2297.9631736561278,2269.48338219331,2273.933349609375,475300,0.0,0.0
2015-04-23 00:00:00+09:00,2269.4836762195496,2280.1635994017593,2257.9137594388226,2260.583740234375,561800,0.0,0.0
2015-04-24 00:00:00+09:00,2251.6838042492004,2282.8335801973117,2245.4538490595783,2260.583740234375,916600,0.0,0.0
2015-04-27 00:00:00+09:00,2256.9950747450366,2276.730325796066,2245.33333548761,2270.450927734375,713000,20.0,0.0
2015-04-28 00:00:00+09:00,2287.4958312747035,2287.4958312747035,2256.9958868577073,2269.5546875,367000,0.0,0.0
2015-04-30 00:00:00+09:00,2266.8634787195656,2267.7605358935743,2225.598848715173,2233.67236328125,382600,0.0,0.0
2015-05-01 00:00:00+09:00,2233.6718522662577,2263.2747322360515,2211.245428046717,2215.730712890625,391400,0.0,0.0
2015-05-07 00:00:00+09:00,2197.7899648532234,2245.333992664334,2197.7899648532234,2219.3193359375,273600,0.0,0.0
2015-05-08 00:00:00+09:00,2230.0839829855818,2239.0545541158535,2199.5840411426575,2206.760498046875,390500,0.0,0.0
2015-05-11 00:00:00+09:00,2229.186927261414,2243.539841078791,2213.0398992168643,2230.083984375,274900,0.0,0.0
2015-05-12 00:00:00+09:00,2228.2897195746878,2248.922031792972,2204.966236197497,2226.49560546875,221800,0.0,0.0
2015-05-13 00:00:00+09:00,2230.9807306033667,2232.774844580531,2208.5543058888175,2225.598388671875,187900,0.0,0.0
2015-05-14 00:00:00+09:00,2231.8778008881177,2238.1571998456,2194.201407143222,2196.892578125,221000,0.0,0.0
2015-05-15 00:00:00+09:00,2196.8926749513103,2227.392614089058,2196.8926749513103,2216.6279296875,205200,0.0,0.0
2015-05-18 00:00:00+09:00,2215.7309957556486,2245.3338795046106,2215.7309957556486,2228.289794921875,242400,0.0,0.0
2015-05-19 00:00:00+09:00,2233.671738771672,2255.2011049285074,2224.7011695396573,2250.7158203125,268800,0.0,0.0
2015-05-20 00:00:00+09:00,2268.6572355510502,2271.3484066489755,2248.0249238002893,2265.966064453125,306500,0.0,0.0
2015-05-21 00:00:00+09:00,2269.554238949182,2284.804208143702,2261.4807258462006,2282.113037109375,226600,0.0,0.0
2015-05-22 00:00:00+09:00,2287.495374327451,2309.0247425564153,2283.9071462892903,2308.127685546875,328200,0.0,0.0
2015-05-25 00:00:00+09:00,2318.8922986370994,2332.348153368069,2309.0246718343883,2329.656982421875,364600,0.0,0.0
2015-05-26 00:00:00+09:00,2332.3483495867167,2348.495376622317,2313.5101513785166,2319.78955078125,263800,0.0,0.0
2015-05-27 00:00:00+09:00,2322.4803773682643,2405.9066713409366,2318.8921496705148,2401.42138671875,794100,0.0,0.0
2015-05-28 00:00:00+09:00,2401.422317493436,2403.216432037697,2370.025312968867,2391.5546875,307100,0.0,0.0
2015-05-29 00:00:00+09:00,2390.6565858068075,2445.3770555006968,2387.068358285897,2413.0830078125,541500,0.0,0.0
2015-06-01 00:00:00+09:00,2386.171935457256,2466.010019012029,2381.686649864291,2463.31884765625,645300,0.0,0.0
2015-06-02 00:00:00+09:00,2466.9073798054683,2528.80432860786,2418.466289438379,2423.8486328125,928200,0.0,0.0
2015-06-03 00:00:00+09:00,2424.745072462135,2492.0243475027046,2424.745072462135,2487.5390625,422500,0.0,0.0
2015-06-04 00:00:00+09:00,2509.965258449978,2588.00921037462,2488.435892401801,2583.52392578125,706700,0.0,0.0
2015-06-05 00:00:00+09:00,2556.6125578322576,2574.5536985889753,2518.0391052053146,2553.92138671875,441400,0.0,0.0
2015-06-08 00:00:00+09:00,2536.8776762338457,2553.024705290497,2510.8630183092414,2516.245361328125,356500,0.0,0.0
2015-06-09 00:00:00+09:00,2478.5692500479386,2483.9515936962507,2406.8046680704374,2412.18701171875,685400,0.0,0.0
2015-06-10 00:00:00+09:00,2395.1427291455225,2412.186815982139,2361.0545554722903,2375.407470703125,574200,0.0,0.0
2015-06-11 00:00:00+09:00,2397.8336949864993,2439.995379859064,2379.892552487536,2434.613037109375,344000,0.0,0.0
2015-06-12 00:00:00+09:00,2435.5097209039136,2450.7596896904206,2393.348042494159,2399.62744140625,348500,0.0,0.0
2015-06-15 00:00:00+09:00,2382.583973463687,2412.1868616881984,2375.4075157122907,2408.5986328125,223000,0.0,0.0
2015-06-16 00:00:00+09:00,2395.142916588522,2412.1870047590023,2368.231198424606,2391.5546875,230600,0.0,0.0
2015-06-17 00:00:00+09:00,2390.65651951066,2413.0829408944373,2370.024211837585,2382.5830078125,192900,0.0,0.0
2015-06-18 00:00:00+09:00,2371.818976388355,2385.2748329109822,2334.142578125,2334.142578125,320000,0.0,0.0
2015-06-19 00:00:00+09:00,2332.348595424962,2358.363252835471,2323.3780239040966,2343.11328125,476600,0.0,0.0
2015-06-22 00:00:00+09:00,2343.1123888416796,2361.9505818606976,2328.7594798748087,2342.21533203125,230900,0.0,0.0
2015-06-23 00:00:00+09:00,2357.4656487988905,2390.6567557264243,2343.112737695092,2385.2744140625,276200,0.0,0.0
2015-06-24 00:00:00+09:00,2396.039266854065,2397.8333808689313,2369.127556631069,2383.48046875,225700,0.0,0.0
2015-06-25 00:00:00+09:00,2378.0982166489225,2378.0982166489225,2347.598277242637,2356.56884765625,172500,0.0,0.0
2015-06-26 00:00:00+09:00,2351.186721269205,2364.642578125,2338.62792153713,2364.642578125,163900,0.0,0.0
2015-06-29 00:00:00+09:00,2307.2305796710334,2330.554061425095,2289.2894398602166,2298.260009765625,300400,0.0,0.0
2015-06-30 00:00:00+09:00,2280.319335747359,2331.4515946527877,2280.319335747359,2303.642822265625,369300,0.0,0.0
2015-07-01 00:00:00+09:00,2334.142203769691,2347.598058134236,2286.5981850149665,2299.156982421875,331200,0.0,0.0
2015-07-02 00:00:00+09:00,2321.5831512903105,2321.5831512903105,2297.3626160952417,2301.847900390625,197600,0.0,0.0
2015-07-03 00:00:00+09:00,2304.539172501618,2326.9655949666007,2289.2892052254297,2295.568603515625,195800,0.0,0.0
2015-07-06 00:00:00+09:00,2271.3484066489755,2288.3924902691692,2251.6131519308565,2265.966064453125,194500,0.0,0.0
2015-07-07 00:00:00+09:00,2279.4224191203966,2302.745907076764,2274.04007574585,2286.598876953125,212800,0.0,0.0
2015-07-08 00:00:00+09:00,2291.9809841579863,2300.0544983878967,2240.8487273685514,2260.583984375,298200,0.0,0.0
2015-07-09 00:00:00+09:00,2227.392758110461,2252.5103566715134,2192.407531543281,2246.23095703125,305300,0.0,0.0
2015-07-10 00:00:00+09:00,2257.89269922031,2291.083811604558,2236.3633290251223,2246.23095703125,272400,0.0,0.0
2015-07-13 00:00:00+09:00,2265.0691487598083,2304.539660658989,2263.2750345825725,2272.24560546875,202800,0.0,0.0
2015-07-14 00:00:00+09:00,2329.657566879735,2329.657566879735,2276.7311916599024,2279.42236328125,263500,0.0,0.0
2015-07-15 00:00:00+09:00,2291.980977305904,2341.3191196745242,2291.980977305904,2333.24560546875,301100,0.0,0.0
2015-07-16 00:00:00+09:00,2359.259970195432,2367.333483401424,2345.804114852112,2346.701171875,285400,0.0,0.0
2015-07-17 00:00:00+09:00,2361.950896629051,2422.0537109375,2356.56855504919,2422.0537109375,552600,0.0,0.0
2015-07-21 00:00:00+09:00,2457.0390548187793,2510.8624733252145,2445.377314142385,2509.068359375,755400,0.0,0.0
2015-07-22 00:00:00+09:00,2487.5384653511555,2518.935452833049,2478.567897499186,2496.509033203125,371100,0.0,0.0
2015-07-23 00:00:00+09:00,2493.8182983616343,2518.038835791765,2484.847728943067,2512.656494140625,239100,0.0,0.0
2015-07-24 00:00:00+09:00,2513.5539095780086,2534.1862221833953,2497.406882321619,2527.009765625,245700,0.0,0.0
2015-07-27 00:00:00+09:00,2511.75927734375,2536.8768701171875,2492.0240258789063,2511.75927734375,223200,0.0,0.0
2015-07-28 00:00:00+09:00,2461.5250207202293,2529.7013696906147,2448.966219594106,2519.833740234375,288800,0.0,0.0
2015-07-29 00:00:00+09:00,2525.215204657282,2545.847513611853,2509.965237169121,2539.568115234375,227700,0.0,0.0
2015-07-30 00:00:00+09:00,2555.7153004791776,2579.0387816348316,2525.215363583322,2540.46533203125,286500,0.0,0.0
2015-07-31 00:00:00+09:00,2540.465821666956,2601.465707215456,2527.907021701088,2587.11279296875,425000,0.0,0.0
2015-08-03 00:00:00+09:00,2601.465949700379,2640.039410333867,2591.598320235998,2633.760009765625,209600,0.0,0.0
2015-08-04 00:00:00+09:00,2644.5240541042435,2684.891619380597,2640.0387690735374,2679.50927734375,300800,0.0,0.0
2015-08-05 00:00:00+09:00,2690.2744976306353,2753.9655577612707,2689.3774404456967,2736.0244140625,482600,0.0,0.0
2015-08-06 00:00:00+09:00,2736.024004147376,2767.4210009162807,2688.47998046875,2688.47998046875,393400,0.0,0.0
2015-08-07 00:00:00+09:00,2671.436166867993,2687.5831954118557,2644.5244526282213,2680.40673828125,255500,0.0,0.0
2015-08-10 00:00:00+09:00,2650.80357268438,2744.9945625767186,2636.450659938881,2740.50927734375,299000,0.0,0.0
2015-08-11 00:00:00+09:00,2744.994985911885,2744.994985911885,2700.142126664959,2736.0244140625,212600,0.0,0.0
2015-08-12 00:00:00+09:00,2736.024149778259,2736.024149778259,2704.6271513381807,2718.0830078125,193600,0.0,0.0
2015-08-13 00:00:00+09:00,2695.656404045897,2722.568115234375,2660.6711795008755,2722.568115234375,283300,0.0,0.0
2015-08-14 00:00:00+09:00,2731.538465101236,2816.7588769845256,2722.5678954293107,2789.84716796875,439400,0.0,0.0
2015-08-17 00:00:00+09:00,2789.8475902022947,2789.8475902022947,2736.024164024758,2785.3623046875,170400,0.0,0.0
2015-08-18 00:00:00+09:00,2762.9354801829268,2776.3913347942075,2736.023770960366,2758.4501953125,173800,0.0,0.0
2015-08-19 00:00:00+09:00,2727.0532761417257,2727.0532761417257,2649.0093172521433,2661.568115234375,485700,0.0,0.0
2015-08-20 00:00:00+09:00,2641.8335247819364,2683.0981570875288,2620.3041514051056,2633.760009765625,197800,0.0,0.0
2015-08-21 00:00:00+09:00,2569.171564850035,2618.5097059347945,2560.200993743715,2564.686279296875,287700,0.0,0.0
2015-08-24 00:00:00+09:00,2499.2010672306988,2546.7450932763654,2478.56875404107,2482.156982421875,366800,0.0,0.0
2015-08-25 00:00:00+09:00,2422.054330567134,2502.7894749193715,2396.9367301019934,2407.701416015625,484500,0.0,0.0
2015-08-26 00:00:00+09:00,2407.70113302373,2422.054045888253,2292.8778301075463,2322.480712890625,1021700,0.0,0.0
2015-08-27 00:00:00+09:00,2404.112870848401,2418.465783510183,2319.789508960435,2356.56884765625,819200,0.0,0.0
2015-08-28 00:00:00+09:00,2421.1570981236887,2461.524667377326,2376.3042433974256,2458.83349609375,522000,0.0,0.0
2015-08-31 00:00:00+09:00,2464.2155417930626,2574.5535511270805,2464.2155417930626,2573.656494140625,696100,0.0,0.0
2015-09-01 00:00:00+09:00,2600.568402479947,2619.4066006352004,2410.3923068173917,2418.4658203125,967900,0.0,0.0
2015-09-02 00:00:00+09:00,2373.6127745430426,2403.2156549511756,2318.8922986370994,2329.656982421875,778600,0.0,0.0
2015-09-03 00:00:00+09:00,2333.245547263038,2358.363146387746,2291.083863017993,2302.74560546875,487400,0.0,0.0
2015-09-04 00:00:00+09:00,2303.642401273332,2313.51002838159,2229.186669456476,2258.78955078125,442700,0.0,0.0
2015-09-07 00:00:00+09:00,2219.3193443251535,2234.5693155674844,2184.3341161809813,2193.3046875,787000,0.0,0.0
2015-09-08 00:00:00+09:00,2207.657572461903,2242.6428001441514,2171.7752876595964,2178.0546875,440200,0.0,0.0
2015-09-09 00:00:00+09:00,2226.495726698562,2235.4662977166868,2178.0546432006886,2214.833984375,541800,0.0,0.0
2015-09-10 00:00:00+09:00,2185.230841619318,2197.789639559659,2153.833846768466,2170.8779296875,368100,0.0,0.0
2015-09-11 00:00:00+09:00,2163.7015701781324,2206.76030789312,2162.8045131424037,2190.61328125,365300,0.0,0.0
2015-09-14 00:00:00+09:00,2208.554323508523,2224.7013494318185,2163.701473721591,2170.8779296875,241200,0.0,0.0
2015-09-15 00:00:00+09:00,2186.1281352371802,2196.892820351192,2161.9075937306543,2173.5693359375,267000,0.0,0.0
2015-09-16 00:00:00+09:00,2188.8191546739354,2193.304439826956,2143.966303143732,2169.98095703125,375600,0.0,0.0
2015-09-17 00:00:00+09:00,2195.098581945786,2238.1573199651557,2172.672155894031,2234.569091796875,321000,0.0,0.0
2015-09-18 00:00:00+09:00,2234.569246635026,2234.569246635026,2160.1135069839997,2165.495849609375,387800,0.0,0.0
2015-09-24 00:00:00+09:00,2152.9368645489267,2209.451457243336,2152.9368645489267,2172.672119140625,269900,0.0,0.0
2015-09-25 00:00:00+09:00,2187.024699623394,2212.142292564106,2177.1570738252576,2199.58349609375,331700,0.0,0.0
2015-09-28 00:00:00+09:00,2219.3189407657514,2232.774795297476,2187.024889889613,2215.730712890625,289200,0.0,0.0
2015-09-29 00:00:00+09:00,2196.8928482573983,2213.9369332377537,2161.010564088229,2165.495849609375,258400,0.0,0.0
2015-09-30 00:00:00+09:00,2196.8927522180747,2251.6132331838985,2194.201581023034,2241.74560546875,313400,0.0,0.0
2015-10-01 00:00:00+09:00,2286.598428017665,2286.598428017665,2218.4220919920303,2226.49560546875,246300,0.0,0.0
2015-10-02 00:00:00+09:00,2227.3929161204114,2235.4664305163374,2192.4076870714,2223.8046875,330200,0.0,0.0
2015-10-05 00:00:00+09:00,2237.2598320683346,2271.347993102255,2225.5980927672567,2267.759765625,210600,0.0,0.0
2015-10-06 00:00:00+09:00,2314.4075083509783,2317.995737046096,2291.0840218327126,2303.642822265625,233900,0.0,0.0
2015-10-07 00:00:00+09:00,2309.0245565172777,2322.4804105762364,2273.142279026722,2315.303955078125,189600,0.0,0.0
2015-10-08 00:00:00+09:00,2317.0983396673337,2317.0983396673337,2232.7749777127347,2234.569091796875,286600,0.0,0.0
2015-10-09 00:00:00+09:00,2248.02483567311,2292.877685546875,2230.980752721079,2292.877685546875,264700,0.0,0.0
2015-10-13 00:00:00+09:00,2319.789294517523,2361.9509715640515,2309.0246110162816,2348.4951171875,441200,0.0,0.0
2015-10-14 00:00:00+09:00,2247.1274926492765,2293.774450580519,2198.6864209514474,2230.98046875,1183000,0.0,0.0
2015-10-15 00:00:00+09:00,2214.833744937084,2225.598428995101,2174.4661797195185,2188.819091796875,639500,0.0,0.0
2015-10-16 00:00:00+09:00,2211.2456021654943,2214.8338303231667,2180.7456628252808,2187.922119140625,247000,0.0,0.0
2015-10-19 00:00:00+09:00,2186.128192306889,2191.5105350044028,2164.5988215168336,2180.745849609375,320000,0.0,0.0
2015-10-20 00:00:00+09:00,2187.0253812234355,2193.3047814156275,2172.6724664984254,2189.716552734375,347600,0.0,0.0
2015-10-21 00:00:00+09:00,2200.4807150322094,2257.8923602674568,2200.4807150322094,2249.81884765625,607400,0.0,0.0
2015-10-22 00:00:00+09:00,2250.71564318334,2304.539054339578,2250.71564318334,2281.215576171875,418000,0.0,0.0
2015-10-23 00:00:00+09:00,2321.583662033081,2349.392430782318,2287.495493888855,2296.466064453125,396700,0.0,0.0
2015-10-26 00:00:00+09:00,2305.436955882172,2305.436955882172,2265.069382724702,2274.93701171875,209800,0.0,0.0
2015-10-27 00:00:00+09:00,2296.466572043853,2318.8930034114687,2287.4959994968067,2291.084228515625,333700,0.0,0.0
2015-10-28 00:00:00+09:00,2286.562933069236,2311.8787741629244,2258.5346804297947,2302.83740234375,306700,20.0,0.0
2015-10-29 00:00:00+09:00,2318.2072625615792,2318.2072625615792,2254.0135357121753,2271.192138671875,296900,0.0,0.0
2015-10-30 00:00:00+09:00,2255.822222014707,2302.837354497579,2233.218792936403,2292.891845703125,288600,0.0,0.0
2015-11-02 00:00:00+09:00,2291.083385843022,2291.083385843022,2245.876531347303,2250.397216796875,248600,0.0,0.0
2015-11-04 00:00:00+09:00,2284.7553364108203,2291.9884360116457,2262.1519001582396,2272.097412109375,198600,0.0,0.0
2015-11-05 00:00:00+09:00,2266.671915067052,2304.6456767075847,2266.671915067052,2302.83740234375,262900,0.0,0.0
2015-11-06 00:00:00+09:00,2312.7829405119564,2344.4277422781483,2304.6457057720786,2318.207763671875,197200,0.0,0.0
2015-11-09 00:00:00+09:00,2340.8112412773057,2341.715378489078,2316.399536559466,2328.1533203125,210000,0.0,0.0
2015-11-10 00:00:00+09:00,2302.837877640813,2337.195097644877,2296.508916061117,2329.057861328125,180700,0.0,0.0
2015-11-11 00:00:00+09:00,2336.2904267768436,2371.551776097392,2329.057329480321,2366.126953125,313900,0.0,0.0
2015-11-12 00:00:00+09:00,2367.0312690648097,2414.0464050431788,2356.181622300571,2385.114013671875,301700,0.0,0.0
2015-11-13 00:00:00+09:00,2370.647604939089,2408.621365201271,2355.2772734043965,2400.484130859375,177300,0.0,0.0
2015-11-16 00:00:00+09:00,2367.0308330531566,2400.4839044141067,2363.4142847979188,2395.05908203125,167800,0.0,0.0
2015-11-17 00:00:00+09:00,2413.14247604658,2424.8962610554245,2386.018356795401,2395.9638671875,297000,0.0,0.0
2015-11-18 00:00:00+09:00,2424.8958297898407,2471.006824316046,2415.8544583141143,2450.211669921875,361800,0.0,0.0
2015-11-19 00:00:00+09:00,2457.4447605763967,2501.747480689805,2455.6364862860532,2476.431640625,327000,0.0,0.0
2015-11-20 00:00:00+09:00,2480.0486953032973,2506.2686778639227,2471.9114593362065,2494.514892578125,294200,0.0,0.0
2015-11-24 00:00:00+09:00,2526.1590416911995,2554.1872916169073,2523.4466304080665,2543.337646484375,332800,0.0,0.0
2015-11-25 00:00:00+09:00,2542.433988050981,2566.8456941951404,2511.693321054632,2546.050537109375,334800,0.0,0.0
2015-11-26 00:00:00+09:00,2557.8043579614464,2590.3532999503514,2546.9547106318114,2582.216064453125,279100,0.0,0.0
2015-11-27 00:00:00+09:00,2584.928278341968,2589.44896438314,2556.9000248867037,2568.65380859375,231500,0.0,0.0
2015-11-30 00:00:00+09:00,2561.421532387588,2573.175319864128,2521.6394824669896,2544.242919921875,399500,0.0,0.0
2015-12-01 00:00:00+09:00,2473.7197016289892,2559.6127468244404,2461.0617791791333,2549.667236328125,496200,0.0,0.0
2015-12-02 00:00:00+09:00,2536.10485080924,2579.5034364915373,2522.542792783522,2574.07861328125,541900,0.0,0.0
2015-12-03 00:00:00+09:00,2581.3118519253203,2607.531832207574,2549.6670481363935,2603.915283203125,359400,0.0,0.0
2015-12-04 00:00:00+09:00,2586.736637856927,2616.5731667102223,2554.1876972896953,2567.749755859375,369000,0.0,0.0
2015-12-07 00:00:00+09:00,2583.120256322313,2631.039533040928,2570.462334170226,2612.956787109375,322500,0.0,0.0
2015-12-08 00:00:00+09:00,2631.0391377878714,2657.259115449675,2619.2853546980973,2632.847412109375,306800,0.0,0.0
2015-12-09 00:00:00+09:00,2610.243884379637,2642.792820935809,2585.832181962509,2589.44873046875,345800,0.0,0.0
2015-12-10 00:00:00+09:00,2547.858552703114,2617.477115001957,2536.1047694578547,2598.490234375,272500,0.0,0.0
2015-12-11 00:00:00+09:00,2607.531982421875,2654.54712218815,2604.819570512282,2607.531982421875,347200,0.0,0.0
2015-12-14 00:00:00+09:00,2580.4079897527827,2646.41001611997,2567.7500668878424,2640.0810546875,479900,0.0,0.0
2015-12-15 00:00:00+09:00,2631.9433941909797,2644.601315014983,2571.3662016761064,2574.07861328125,245200,0.0,0.0
2015-12-16 00:00:00+09:00,2619.285504292722,2648.2178950891903,2590.3531134962545,2636.464111328125,340700,0.0,0.0
2015-12-17 00:00:00+09:00,2667.2044819182224,2712.411337543955,2667.2044819182224,2699.75341796875,443000,0.0,0.0
2015-12-18 00:00:00+09:00,2703.3701800684357,2735.0149815073637,2658.163320869967,2660.875732421875,450300,0.0,0.0
2015-12-21 00:00:00+09:00,2658.1632321450898,2730.494204448358,2651.834272068554,2711.50732421875,506400,0.0,0.0
2015-12-22 00:00:00+09:00,2735.015380859375,2762.139500338972,2716.9326345396435,2735.015380859375,456100,0.0,0.0
2015-12-24 00:00:00+09:00,2757.618319062083,2757.618319062083,2709.699049911168,2711.50732421875,343600,0.0,0.0
2015-12-25 00:00:00+09:00,2711.50732421875,2711.50732421875,2711.50732421875,2711.50732421875,0,0.0,0.0
2015-12-28 00:00:00+09:00,2798.3050452036064,2829.949851853728,2748.5774918962725,2789.263671875,408000,0.0,0.0
2015-12-29 00:00:00+09:00,2775.701191627478,2802.8253075065736,2744.0563897685324,2793.783935546875,282500,0.0,0.0
2015-12-30 00:00:00+09:00,2802.8252156575522,2829.9493306477866,2775.701100667318,2820.907958984375,228800,0.0,0.0
2016-01-04 00:00:00+09:00,2825.429314061215,2834.470687866211,2748.57763671875,2748.57763671875,272700,0.0,0.0
2016-01-05 00:00:00+09:00,2721.4533860612623,2784.742999690594,2721.4533860612623,2739.5361328125,401100,0.0,0.0
2016-01-06 00:00:00+09:00,2730.4943123982084,2811.8666594564334,2730.4943123982084,2775.701171875,353200,0.0,0.0
2016-01-07 00:00:00+09:00,2744.056370241246,2811.8666594564334,2744.056370241246,2775.701171875,422700,0.0,0.0
2016-01-08 00:00:00+09:00,2753.097900390625,2793.784076258467,2712.4117245227835,2753.097900390625,317900,0.0,0.0
2016-01-12 00:00:00+09:00,2695.23314488797,2753.0979289446054,2674.437988117617,2697.945556640625,414600,0.0,0.0
2016-01-13 00:00:00+09:00,2716.932685246151,2793.7843585393034,2716.932685246151,2789.263671875,354500,0.0,0.0
2016-01-14 00:00:00+09:00,2730.494252556582,2744.056310102393,2682.574982561384,2721.452880859375,436200,0.0,0.0
2016-01-15 00:00:00+09:00,2730.494074225228,2771.1802442054054,2712.411332011816,2725.973388671875,248600,0.0,0.0
2016-01-18 00:00:00+09:00,2677.14961327475,2721.4523255511644,2668.108243422421,2716.931640625,232000,0.0,0.0
2016-01-19 00:00:00+09:00,2712.4120027924628,2725.974062806425,2640.08101605133,2650.9306640625,436400,0.0,0.0
2016-01-20 00:00:00+09:00,2640.080946484923,2671.7257523503245,2567.7499616497194,2578.599609375,372500,0.0,0.0
2016-01-21 00:00:00+09:00,2551.4749956644605,2587.6404810743043,2481.8564362505117,2484.56884765625,383300,0.0,0.0
2016-01-22 00:00:00+09:00,2557.8041548755286,2619.285484861932,2506.2683341516313,2618.38134765625,422500,0.0,0.0
2016-01-25 00:00:00+09:00,2708.7950198493486,2789.2632297180376,2675.341943836523,2775.701171875,637700,0.0,0.0
2016-01-26 00:00:00+09:00,2730.494630210943,2766.660122001816,2695.233275714841,2706.987060546875,395900,0.0,0.0
2016-01-27 00:00:00+09:00,2739.5356190418534,2784.742477441884,2730.4942473618476,2771.180419921875,364500,0.0,0.0
2016-01-28 00:00:00+09:00,2748.5774918962725,2816.3877918608187,2721.453371910454,2789.263671875,338400,0.0,0.0
2016-01-29 00:00:00+09:00,2834.4701155194584,2933.9252072920713,2775.701197653824,2911.32177734375,524200,0.0,0.0
2016-02-01 00:00:00+09:00,2974.61181640625,2997.215249661617,2933.9256365465903,2974.61181640625,489500,0.0,0.0
2016-02-02 00:00:00+09:00,2952.0084478583794,2992.6946286098732,2929.4050141075495,2979.132568359375,316000,0.0,0.0
2016-02-03 00:00:00+09:00,2915.842371544471,2961.049230018029,2875.156198918269,2938.44580078125,277400,0.0,0.0
2016-02-04 00:00:00+09:00,2938.446102502211,2942.966788813753,2866.1151215175414,2875.156494140625,281500,0.0,0.0
2016-02-05 00:00:00+09:00,2811.866627367237,2870.635544016391,2793.7838837828817,2857.073486328125,290700,0.0,0.0
2016-02-08 00:00:00+09:00,2793.784012562845,2888.7184207567284,2780.221954249433,2866.114990234375,327300,0.0,0.0
2016-02-09 00:00:00+09:00,2780.2219431542812,2825.4288040185784,2757.6185127221324,2798.3046875,379200,0.0,0.0
2016-02-10 00:00:00+09:00,2789.2629864188175,2802.8250430788767,2677.149984695662,2725.973388671875,484300,0.0,0.0
2016-02-12 00:00:00+09:00,2629.231271012456,2638.2726440214396,2532.4885798163305,2563.229248046875,774100,0.0,0.0
2016-02-15 00:00:00+09:00,2757.6188652248784,2834.470538518031,2709.699586583266,2789.263671875,514400,0.0,0.0
2016-02-16 00:00:00+09:00,2793.7832843698,2811.8660240744593,2716.931640625,2716.931640625,468900,0.0,0.0
2016-02-17 00:00:00+09:00,2721.453087985131,2843.511615187122,2721.453087985131,2802.825439453125,475000,0.0,0.0
2016-02-18 00:00:00+09:00,2870.635472948306,2947.4871312792056,2866.1147871641356,2902.2802734375,377000,0.0,0.0
2016-02-19 00:00:00+09:00,2884.197467912946,2911.32158203125,2811.8664969308034,2848.031982421875,277400,0.0,0.0
2016-02-22 00:00:00+09:00,2838.9908844135207,2965.570095820493,2829.9495121701657,2933.92529296875,351500,0.0,0.0
2016-02-23 00:00:00+09:00,2965.570152559055,2965.570152559055,2848.0323111466532,2870.6357421875,407000,0.0,0.0
2016-02-24 00:00:00+09:00,2866.1150559793305,2902.280545644685,2843.511624938484,2870.6357421875,318600,0.0,0.0
2016-02-25 00:00:00+09:00,2902.280702172256,2965.5703125,2888.718642816311,2965.5703125,249700,0.0,0.0
2016-02-26 00:00:00+09:00,2974.61181640625,2997.215249661617,2947.48769649981,2974.61181640625,254300,0.0,0.0
2016-02-29 00:00:00+09:00,2988.172983345115,3001.73503924532,2888.7179067436136,2897.75927734375,252500,0.0,0.0
2016-03-01 00:00:00+09:00,2852.5530524747637,2938.446092089693,2829.9496209971503,2924.884033203125,272200,0.0,0.0
2016-03-02 00:00:00+09:00,3028.859389732624,3155.43858810951,3019.818018419989,3146.397216796875,901800,0.0,0.0
2016-03-03 00:00:00+09:00,3128.3148943345323,3178.0424432329137,3114.752835544065,3141.876953125,417100,0.0,0.0
2016-03-04 00:00:00+09:00,3119.273616087627,3146.3977344883892,3055.984006485849,3114.7529296875,430600,0.0,0.0
2016-03-07 00:00:00+09:00,3105.711454144646,3110.2321403952205,3060.5045916389013,3074.066650390625,242700,0.0,0.0
2016-03-08 00:00:00+09:00,3137.356391615882,3159.9598238321346,3037.9012898643696,3083.108154296875,791600,0.0,0.0
2016-03-09 00:00:00+09:00,3033.3798828125,3078.586736505682,3024.338512073864,3033.3798828125,658800,0.0,0.0
2016-03-10 00:00:00+09:00,3051.463068840412,3096.669929119529,3024.3389526729416,3046.9423828125,434800,0.0,0.0
2016-03-11 00:00:00+09:00,2983.653223536036,3042.422150666291,2970.091163429054,3010.77734375,597400,0.0,0.0
2016-03-14 00:00:00+09:00,3069.546029649642,3087.628775037858,3028.8598525261564,3078.58740234375,317500,0.0,0.0
2016-03-15 00:00:00+09:00,3078.58720465466,3114.7526931087527,3046.942402257329,3065.025146484375,260700,0.0,0.0
2016-03-16 00:00:00+09:00,3042.4219763076203,3105.7115865131277,3037.9012898643696,3083.108154296875,231300,0.0,0.0
2016-03-17 00:00:00+09:00,3087.6285767681834,3105.7113209952295,3046.942402257329,3065.025146484375,236900,0.0,0.0
2016-03-18 00:00:00+09:00,3078.588148665602,3110.2329607664233,3028.860586792883,3096.6708984375,428500,0.0,0.0
2016-03-22 00:00:00+09:00,3114.7527349236307,3227.7698878599017,3105.711362688729,3218.728515625,607200,0.0,0.0
2016-03-23 00:00:00+09:00,3218.728317282264,3250.373118154421,3196.1248880878657,3205.166259765625,364300,0.0,0.0
2016-03-24 00:00:00+09:00,3196.125065862796,3227.7698684951006,3173.5216354111494,3200.645751953125,261900,0.0,0.0
2016-03-25 00:00:00+09:00,3200.646450229458,3241.332633918815,3200.646450229458,3232.291259765625,240500,0.0,0.0
2016-03-28 00:00:00+09:00,3250.373264113077,3309.1421826575415,3232.2905199455495,3282.01806640625,342700,0.0,0.0
2016-03-29 00:00:00+09:00,3313.663330078125,3345.3081367773707,3291.0598967215215,3313.663330078125,306400,0.0,0.0
2016-03-30 00:00:00+09:00,3282.0185064621915,3322.704686294367,3241.3323266300154,3295.58056640625,303700,0.0,0.0
2016-03-31 00:00:00+09:00,3291.0589261383616,3318.1830381669743,3214.207275390625,3214.207275390625,352400,0.0,0.0
2016-04-01 00:00:00+09:00,3205.1662233214447,3209.686909108922,3101.1904502094653,3119.273193359375,568800,0.0,0.0
2016-04-04 00:00:00+09:00,3137.3564328457446,3214.2081033909576,3137.3564328457446,3187.083984375,267900,0.0,0.0
2016-04-05 00:00:00+09:00,3164.480164993641,3200.6456525935682,3110.23193359375,3110.23193359375,254900,0.0,0.0
2016-04-06 00:00:00+09:00,3083.107707059556,3128.3145649343296,3065.0249639096464,3119.273193359375,346500,0.0,0.0
2016-04-07 00:00:00+09:00,3114.752372599808,3169.0005996987884,3096.669630233481,3159.959228515625,286300,0.0,0.0
2016-04-08 00:00:00+09:00,3132.83605023349,3218.7291021157935,3123.7946763511422,3191.60498046875,562600,0.0,0.0
2016-04-11 00:00:00+09:00,3227.7703271484374,3232.291013881138,3155.439339425223,3164.480712890625,415500,0.0,0.0
2016-04-12 00:00:00+09:00,3146.3974955060844,3146.3974955060844,3051.4630883140903,3065.025146484375,796600,0.0,0.0
2016-04-13 00:00:00+09:00,3042.4215395313654,3114.7525122393918,3028.8594821486104,3069.545654296875,533900,0.0,0.0
2016-04-14 00:00:00+09:00,3074.0674612226276,3096.6708984375,3037.9019616788323,3096.6708984375,671000,0.0,0.0
2016-04-15 00:00:00+09:00,3069.54606568623,3114.7529296875,3051.463320085722,3114.7529296875,473300,0.0,0.0
2016-04-18 00:00:00+09:00,3051.4629111198683,3092.1490832681334,3037.9008537371137,3069.545654296875,368400,0.0,0.0
2016-04-19 00:00:00+09:00,3114.752959399629,3114.752959399629,3065.025408523873,3083.108154296875,441800,0.0,0.0
2016-04-20 00:00:00+09:00,3119.2730791029517,3187.0833634312767,3096.66965099351,3178.0419921875,582900,0.0,0.0
2016-04-21 00:00:00+09:00,3218.7289536830353,3227.7703271484374,3159.960026157924,3164.480712890625,450500,0.0,0.0
2016-04-22 00:00:00+09:00,3146.39717174088,3159.959228515625,3114.752372599808,3159.959228515625,518100,0.0,0.0
2016-04-25 00:00:00+09:00,3137.3556463068185,3155.438387784091,3105.710848721591,3132.8349609375,688900,0.0,0.0
2016-04-26 00:00:00+09:00,3119.1944131837354,3146.4759969725146,3105.553621289346,3132.835205078125,544300,20.0,0.0
2016-04-27 00:00:00+09:00,3132.835281989478,3196.4923123927474,3128.2883512463873,3146.47607421875,556600,0.0,0.0
2016-04-28 00:00:00+09:00,3169.2108713785806,3173.757802327474,3055.53759765625,3055.53759765625,408900,0.0,0.0
2016-05-02 00:00:00+09:00,2987.333743149487,3055.53770988806,2982.786812033582,3046.44384765625,371600,0.0,0.0
2016-05-06 00:00:00+09:00,3023.7093411959136,3087.3663799579326,3014.615478515625,3073.7255859375,459400,0.0,0.0
2016-05-09 00:00:00+09:00,3087.3668453467153,3128.2892335766423,3069.1791172445255,3114.6484375,214900,0.0,0.0
2016-05-10 00:00:00+09:00,3137.383064582965,3223.774772158438,3137.383064582965,3214.680908203125,547100,0.0,0.0
2016-05-11 00:00:00+09:00,3246.5084013713786,3255.602262439646,3160.1167212228406,3178.304443359375,313900,0.0,0.0
2016-05-12 00:00:00+09:00,3146.4765057874465,3219.2274076553645,3137.382643053957,3210.133544921875,239100,0.0,0.0
2016-05-13 00:00:00+09:00,3219.2272190824465,3237.4149434840424,3196.492563580452,3205.58642578125,215300,0.0,0.0
2016-05-16 00:00:00+09:00,3191.9449814618642,3255.6020038841807,3187.3980512888415,3219.2265625,269600,0.0,0.0
2016-05-17 00:00:00+09:00,3232.867869746767,3301.0718332435345,3201.039353448276,3296.52490234375,402200,0.0,0.0
2016-05-18 00:00:00+09:00,3301.07177734375,3337.4472239260504,3278.3371232298123,3301.07177734375,333700,0.0,0.0
2016-05-19 00:00:00+09:00,3314.7132482725456,3323.807111779466,3278.3377942448633,3305.619384765625,240000,0.0,0.0
2016-05-20 00:00:00+09:00,3287.4308614950814,3355.6348212771372,3282.8839308429447,3351.087890625,297700,0.0,0.0
2016-05-23 00:00:00+09:00,3351.088702300228,3351.088702300228,3296.5255212587044,3305.619384765625,189400,0.0,0.0
2016-05-24 00:00:00+09:00,3305.6186310700855,3332.9002153705264,3287.430908203125,3287.430908203125,181800,0.0,0.0
2016-05-25 00:00:00+09:00,3323.805971862539,3337.4467624447384,3278.336669921875,3278.336669921875,233600,0.0,0.0
2016-05-26 00:00:00+09:00,3305.618764143319,3328.353418642241,3278.337178744612,3296.52490234375,230800,0.0,0.0
2016-05-27 00:00:00+09:00,3282.8839433271805,3332.900180690891,3278.3370126577524,3310.16552734375,202500,0.0,0.0
2016-05-30 00:00:00+09:00,3332.900784091149,3373.8231675247375,3310.1661266280444,3360.182373046875,279700,0.0,0.0
2016-05-31 00:00:00+09:00,3373.8225313651974,3410.197976447302,3328.353225012567,3392.01025390625,380200,0.0,0.0
2016-06-01 00:00:00+09:00,3492.04285006605,3523.8713656265477,3419.291957356341,3442.026611328125,741800,0.0,0.0
2016-06-02 00:00:00+09:00,3442.026590253569,3451.1204517866036,3382.9164902888447,3423.8388671875,465700,0.0,0.0
2016-06-03 00:00:00+09:00,3396.5575660882996,3519.32470703125,3382.9167726501937,3519.32470703125,432400,0.0,0.0
2016-06-06 00:00:00+09:00,3478.402216016632,3537.5123190339077,3460.214492011316,3528.41845703125,401100,0.0,0.0
2016-06-07 00:00:00+09:00,3528.4185693233208,3537.512431615391,3496.5900513010743,3519.32470703125,304700,0.0,0.0
2016-06-08 00:00:00+09:00,3546.606185390922,3587.528564453125,3546.606185390922,3587.528564453125,391600,0.0,0.0
2016-06-09 00:00:00+09:00,3592.075383587824,3614.8100379143293,3546.6060749348135,3596.622314453125,334000,0.0,0.0
2016-06-10 00:00:00+09:00,3587.5287331151594,3596.622595556516,3537.5124896876987,3573.887939453125,356000,0.0,0.0
2016-06-13 00:00:00+09:00,3532.965500469356,3569.3409496376376,3496.5900513010743,3519.32470703125,331400,0.0,0.0
2016-06-14 00:00:00+09:00,3501.1369995915034,3555.700173611111,3469.3084814133986,3478.40234375,354600,0.0,0.0
2016-06-15 00:00:00+09:00,3469.308612530048,3510.230994591346,3414.7454364483174,3487.496337890625,367900,0.0,0.0
2016-06-16 00:00:00+09:00,3501.136997304064,3532.965515461374,3419.292236328125,3419.292236328125,360500,0.0,0.0
2016-06-17 00:00:00+09:00,3455.6679343919145,3482.9495233476405,3360.182373046875,3360.182373046875,560200,0.0,0.0
2016-06-20 00:00:00+09:00,3387.463511271649,3437.4797510353915,3378.369649496423,3396.557373046875,339500,0.0,0.0
2016-06-21 00:00:00+09:00,3405.6512121676174,3537.51220703125,3387.4634887381508,3537.51220703125,402500,0.0,0.0
2016-06-22 00:00:00+09:00,3542.05975779998,3564.7944160657053,3487.49657796224,3546.606689453125,309700,0.0,0.0
2016-06-23 00:00:00+09:00,3532.9654441784273,3537.512375252016,3482.949202368952,3523.87158203125,281400,0.0,0.0
2016-06-24 00:00:00+09:00,3532.9657297442036,3532.9657297442036,3305.619157688592,3382.9169921875,538300,0.0,0.0
2016-06-27 00:00:00+09:00,3419.2914794608473,3578.43403502086,3396.55682866656,3542.05859375,563100,0.0,0.0
2016-06-28 00:00:00+09:00,3519.3244897430072,3660.27934656734,3514.7775588777063,3596.622314453125,589100,0.0,0.0
2016-06-29 00:00:00+09:00,3632.9977613755336,3632.9977613755336,3560.246867530717,3596.622314453125,304600,0.0,0.0
2016-06-30 00:00:00+09:00,3637.5446922408346,3637.5446922408346,3578.434590991921,3596.622314453125,357500,0.0,0.0
2016-07-01 00:00:00+09:00,3619.3570657601035,3669.3733066185973,3587.5285488501527,3628.450927734375,383100,0.0,0.0
2016-07-04 00:00:00+09:00,3623.904111581621,3687.561147418688,3610.2633181879633,3678.46728515625,302900,0.0,0.0
2016-07-05 00:00:00+09:00,3692.1081349590036,3692.1081349590036,3632.9980293500544,3673.92041015625,220400,0.0,0.0
2016-07-06 00:00:00+09:00,3614.8102493191823,3678.46728515625,3601.169455925525,3678.46728515625,399500,0.0,0.0
2016-07-07 00:00:00+09:00,3683.013626821618,3701.201348435552,3642.091253190267,3646.63818359375,203500,0.0,0.0
2016-07-08 00:00:00+09:00,3646.638838983977,3673.920426308047,3573.887939453125,3573.887939453125,306700,0.0,0.0
2016-07-11 00:00:00+09:00,3573.887939453125,3573.887939453125,3573.887939453125,3573.887939453125,0,0.0,0.0
2016-07-12 00:00:00+09:00,3646.6386106853242,3646.6386106853242,3592.075439453125,3592.075439453125,277100,0.0,0.0
2016-07-13 00:00:00+09:00,3596.622138459307,3605.7159997449185,3510.2304562459985,3551.15283203125,367500,0.0,0.0
2016-07-14 00:00:00+09:00,3514.7779988811244,3651.185941916614,3460.2148216669284,3619.357421875,417600,0.0,0.0
2016-07-15 00:00:00+09:00,3637.544700910273,3651.1854935386864,3492.042912873862,3496.58984375,411800,0.0,0.0
2016-07-19 00:00:00+09:00,3510.231236227965,3551.1536211062703,3455.6680563902246,3546.606689453125,323400,0.0,0.0
2016-07-20 00:00:00+09:00,3528.4185718114677,3578.434814453125,3492.043122617535,3578.434814453125,297300,0.0,0.0
2016-07-21 00:00:00+09:00,3605.71632478675,3605.71632478675,3523.8715658382494,3564.7939453125,347300,0.0,0.0
2016-07-22 00:00:00+09:00,3532.965130809614,3587.5282988530057,3514.7774081284833,3569.340576171875,264500,0.0,0.0
2016-07-25 00:00:00+09:00,3573.887725830078,3573.887725830078,3487.496037801107,3492.04296875,300300,0.0,0.0
2016-07-26 00:00:00+09:00,3473.8552449544272,3528.418416341146,3469.3083140055337,3492.04296875,206100,0.0,0.0
2016-07-27 00:00:00+09:00,3519.325010279605,3523.871941817434,3446.574105674342,3455.66796875,221300,0.0,0.0
2016-07-28 00:00:00+09:00,3437.479659487052,3455.6673825531207,3405.651144121431,3423.8388671875,233200,0.0,0.0
2016-07-29 00:00:00+09:00,3487.496053220726,3496.5899151587205,3378.3697099647975,3451.12060546875,311100,0.0,0.0
2016-08-01 00:00:00+09:00,3378.3703215083974,3451.121230181526,3369.2764579242566,3401.10498046875,313600,0.0,0.0
2016-08-02 00:00:00+09:00,3382.9161261792456,3405.650777564859,3360.1814747936323,3373.822265625,198800,0.0,0.0
2016-08-03 00:00:00+09:00,3328.3531047291376,3337.4469656710207,3228.320634368426,3241.96142578125,307300,0.0,0.0
2016-08-04 00:00:00+09:00,3223.774126629497,3223.774126629497,3082.819263546966,3128.28857421875,437900,0.0,0.0
2016-08-05 00:00:00+09:00,3128.288141375546,3219.2267501364627,3096.4596283092246,3123.7412109375,283600,0.0,0.0
2016-08-08 00:00:00+09:00,3128.2882204341317,3132.835150987088,2991.880303845434,3037.349609375,492700,0.0,0.0
2016-08-09 00:00:00+09:00,3078.2723324797876,3137.382436353107,3060.084608211074,3128.28857421875,375400,0.0,0.0
2016-08-10 00:00:00+09:00,3110.1008499500363,3137.382436353107,3064.631539278252,3128.28857421875,265300,0.0,0.0
2016-08-12 00:00:00+09:00,3160.117168067678,3164.6640992447537,3078.2724068803136,3141.929443359375,355600,0.0,0.0
2016-08-15 00:00:00+09:00,3155.569867343305,3260.1492721688032,3123.7413528311968,3191.9453125,337800,0.0,0.0
2016-08-16 00:00:00+09:00,3164.6642127403848,3164.6642127403848,3019.162409855769,3073.7255859375,426500,0.0,0.0
2016-08-17 00:00:00+09:00,3050.990435063749,3060.0842962710926,3000.9741984233597,3014.614990234375,274200,0.0,0.0
2016-08-18 00:00:00+09:00,3028.256195209863,3078.2724386742902,2932.7706395050473,2941.864501953125,322300,0.0,0.0
2016-08-19 00:00:00+09:00,2923.6761447568483,2932.770005238207,2805.4559584991844,2873.659912109375,496000,0.0,0.0
2016-08-22 00:00:00+09:00,2891.8480120637814,2914.582666246673,2846.378703697999,2882.754150390625,293600,0.0,0.0
2016-08-23 00:00:00+09:00,2882.7542861914962,2973.692907207001,2873.660424089946,2950.958251953125,376000,0.0,0.0
2016-08-24 00:00:00+09:00,2955.505071074549,2996.427448981735,2919.129624045939,2960.052001953125,212700,0.0,0.0
2016-08-25 00:00:00+09:00,2960.0523788452147,2960.0523788452147,2882.754544067383,2910.0361328125,288400,0.0,0.0
2016-08-26 00:00:00+09:00,2887.301081227203,2914.582666246673,2855.4725653711553,2882.754150390625,225600,0.0,0.0
2016-08-29 00:00:00+09:00,2887.301781992562,2900.9425778129994,2828.191666770667,2846.37939453125,258000,0.0,0.0
2016-08-30 00:00:00+09:00,2832.738451360887,2837.2853830645163,2782.722202620968,2819.09765625,186100,0.0,0.0
2016-08-31 00:00:00+09:00,2814.5503687229952,2828.191162109375,2773.6279885638564,2828.191162109375,304700,0.0,0.0
2016-09-01 00:00:00+09:00,2837.2853611883943,2873.6608145369632,2819.09763451411,2860.02001953125,366700,0.0,0.0
2016-09-02 00:00:00+09:00,2987.3335746093753,3010.06822890625,2837.2848562500003,2841.831787109375,1142800,0.0,0.0
2016-09-05 00:00:00+09:00,2855.4725796875,2864.5664414062503,2800.909409375,2841.831787109375,397200,0.0,0.0
2016-09-06 00:00:00+09:00,2837.284975683744,2955.5051830039,2832.738044632969,2950.958251953125,516100,0.0,0.0
2016-09-07 00:00:00+09:00,2964.5986989951994,3050.990378873894,2960.051768475268,3019.161865234375,632400,0.0,0.0
2016-09-08 00:00:00+09:00,3037.3499419178543,3041.8968729686294,2941.8643898515743,2950.958251953125,445500,0.0,0.0
2016-09-09 00:00:00+09:00,2937.3174549798546,2969.145972293878,2887.3012134863898,2891.84814453125,354300,0.0,0.0
2016-09-12 00:00:00+09:00,2864.5668182373047,2923.6769271850585,2850.926023864746,2910.0361328125,249100,0.0,0.0
2016-09-13 00:00:00+09:00,2950.9585144136436,2973.693171689558,2928.2238571377297,2969.146240234375,259500,0.0,0.0
2016-09-14 00:00:00+09:00,2969.1456963308724,2987.3334188198824,2946.4110432196103,2973.692626953125,225200,0.0,0.0
2016-09-15 00:00:00+09:00,2978.2400651833204,3010.068584963906,2960.0523395944147,2991.880859375,262500,0.0,0.0
2016-09-16 00:00:00+09:00,3005.5212611607144,3023.708984375,2987.3335379464284,3023.708984375,263400,0.0,0.0
2016-09-20 00:00:00+09:00,3023.709285854413,3082.819392194424,3005.521560826717,3078.2724609375,389500,0.0,0.0
2016-09-21 00:00:00+09:00,3096.4598360447526,3146.47607421875,3078.27211307239,3146.47607421875,404200,0.0,0.0
2016-09-23 00:00:00+09:00,3169.210846164318,3210.1332243787783,3155.5700534261646,3196.492431640625,354400,0.0,0.0
2016-09-26 00:00:00+09:00,3196.492543785106,3210.133337001828,3182.8517505683844,3187.398681640625,211400,0.0,0.0
2016-09-27 00:00:00+09:00,3160.1177560232736,3251.056396484375,3137.3830959079983,3251.056396484375,316700,0.0,0.0
2016-09-28 00:00:00+09:00,3264.6965362089604,3323.806640625,3255.602673991108,3323.806640625,379300,0.0,0.0
2016-09-29 00:00:00+09:00,3364.7288658405173,3373.822727640086,3282.8841096443966,3296.52490234375,397500,0.0,0.0
2016-09-30 00:00:00+09:00,3255.6025390625,3291.977986426327,3237.414815380587,3255.6025390625,276600,0.0,0.0
2016-10-03 00:00:00+09:00,3273.790253429878,3364.728871580708,3260.1494607072536,3355.635009765625,388300,0.0,0.0
2016-10-04 00:00:00+09:00,3346.541147950542,3355.635009765625,3310.16570069021,3355.635009765625,243000,0.0,0.0
2016-10-05 00:00:00+09:00,3360.182714777136,3360.182714777136,3323.807259136788,3332.901123046875,261700,0.0,0.0
2016-10-06 00:00:00+09:00,3337.447286135459,3364.728871580708,3314.712631597751,3355.635009765625,331400,0.0,0.0
2016-10-07 00:00:00+09:00,3332.9009752863867,3337.447907039847,3296.5255212587044,3305.619384765625,227100,0.0,0.0
2016-10-11 00:00:00+09:00,3323.8064934128342,3360.1819406731665,3314.712631597751,3355.635009765625,244400,0.0,0.0
2016-10-12 00:00:00+09:00,3314.712458013178,3351.087903368604,3305.618596674322,3310.16552734375,266300,0.0,0.0
2016-10-13 00:00:00+09:00,3310.1652550703643,3437.4793033423016,3305.618324774938,3432.932373046875,411400,0.0,0.0
2016-10-14 00:00:00+09:00,3432.933029824115,3446.5738233201046,3387.4637181708154,3419.292236328125,322000,0.0,0.0
2016-10-17 00:00:00+09:00,3419.291893875839,3419.291893875839,3364.7287253565437,3387.46337890625,199900,0.0,0.0
2016-10-18 00:00:00+09:00,3382.9166409337945,3451.12060546875,3373.8227789958005,3451.12060546875,210700,0.0,0.0
2016-10-19 00:00:00+09:00,3460.214467406744,3482.949122251729,3446.573674499753,3451.12060546875,228600,0.0,0.0
2016-10-20 00:00:00+09:00,3432.93281148407,3496.58984375,3419.292018855657,3496.58984375,262100,0.0,0.0
2016-10-21 00:00:00+09:00,3492.04325,3496.5901813151045,3410.198486328125,3410.198486328125,273100,0.0,0.0
2016-10-24 00:00:00+09:00,3428.3858189450543,3455.667403711195,3428.3858189450543,3442.026611328125,171100,0.0,0.0
2016-10-25 00:00:00+09:00,3455.6677052331347,3455.6677052331347,3423.8391868954614,3437.47998046875,234700,0.0,0.0
2016-10-26 00:00:00+09:00,3446.5736041124837,3510.2306363784137,3437.479742360208,3496.58984375,265200,0.0,0.0
2016-10-27 00:00:00+09:00,3487.448513877067,3528.5848659411477,3478.3071023072716,3524.01416015625,249200,20.0,0.0
2016-10-28 00:00:00+09:00,3533.1561340012477,3533.1561340012477,3446.3127102677113,3492.019775390625,333600,0.0,0.0
2016-10-31 00:00:00+09:00,3482.8778213222095,3514.8727619380306,3455.453586508649,3501.16064453125,178300,0.0,0.0
2016-11-01 00:00:00+09:00,3510.3020561357703,3510.3020561357703,3469.1657039154293,3501.16064453125,152400,0.0,0.0
2016-11-02 00:00:00+09:00,3473.7369493414594,3492.019775390625,3460.0248298045854,3492.019775390625,193800,0.0,0.0
2016-11-04 00:00:00+09:00,3455.453381168858,3464.594792230151,3423.458442454332,3432.599853515625,208400,0.0,0.0
2016-11-07 00:00:00+09:00,3432.600138130492,3464.5950794978867,3382.3223731245857,3446.312255859375,197900,0.0,0.0
2016-11-08 00:00:00+09:00,3464.595093588326,3464.595093588326,3409.7466224497243,3423.458740234375,123700,0.0,0.0
2016-11-09 00:00:00+09:00,3428.0295858577806,3482.8780592315047,3300.0498146524233,3359.468994140625,300000,0.0,0.0
2016-11-10 00:00:00+09:00,3464.594875562459,3505.731226327712,3409.746407875454,3460.024169921875,267900,0.0,0.0
2016-11-11 00:00:00+09:00,3464.5949967893835,3469.165702589897,3327.4738227739726,3336.615234375,267600,0.0,0.0
2016-11-14 00:00:00+09:00,3318.332858037096,3359.4692157813574,3277.1965002928346,3322.903564453125,279600,0.0,0.0
2016-11-15 00:00:00+09:00,3341.1863901172414,3345.75709653327,3286.3379131248926,3322.903564453125,152000,0.0,0.0
2016-11-16 00:00:00+09:00,3354.898509365328,3373.1813350294447,3300.05003237298,3322.903564453125,290300,0.0,0.0
2016-11-17 00:00:00+09:00,3322.9033696006477,3414.317492560776,3318.3326634526416,3396.03466796875,282400,0.0,0.0
2016-11-18 00:00:00+09:00,3405.175004738039,3409.7457094423853,3364.0386623989216,3391.462890625,199700,0.0,0.0
2016-11-21 00:00:00+09:00,3414.3173283779415,3437.170858019025,3391.4637987368574,3423.458740234375,140800,0.0,0.0
2016-11-22 00:00:00+09:00,3423.459000126008,3437.171118951613,3382.3226436491937,3400.60546875,268400,0.0,0.0
2016-11-24 00:00:00+09:00,3414.3171227062753,3414.3171227062753,3350.3272435658632,3354.89794921875,249700,0.0,0.0
2016-11-25 00:00:00+09:00,3336.6153837394977,3341.1860897446204,3295.4790296933943,3332.044677734375,304400,0.0,0.0
2016-11-28 00:00:00+09:00,3332.044811961758,3377.7518738542376,3327.47410577251,3350.32763671875,340000,0.0,0.0
2016-11-29 00:00:00+09:00,3359.468790690104,3377.7516140407984,3332.0445556640625,3373.180908203125,237500,0.0,0.0
2016-11-30 00:00:00+09:00,3382.3225588520995,3464.5952697430967,3368.610440370267,3455.453857421875,367500,0.0,0.0
2016-12-01 00:00:00+09:00,3473.736672484859,3473.736672484859,3386.8932556727373,3396.03466796875,406000,0.0,0.0
2016-12-02 00:00:00+09:00,3432.600371024978,3450.8831959039394,3222.3478849169237,3245.201416015625,994900,0.0,0.0
2016-12-05 00:00:00+09:00,3226.918280299982,3277.196043874061,3162.928399387518,3194.92333984375,637100,0.0,0.0
2016-12-06 00:00:00+09:00,3194.923694286758,3208.6358131463576,3121.7923937022256,3176.640869140625,489800,0.0,0.0
2016-12-07 00:00:00+09:00,3185.782281713691,3185.782281713691,3126.3630999887587,3176.640869140625,388500,0.0,0.0
2016-12-08 00:00:00+09:00,3217.776611328125,3217.776611328125,3185.7816734313965,3217.776611328125,287400,0.0,0.0
2016-12-09 00:00:00+09:00,3176.640798889334,3213.2064483729523,3153.7872679620727,3208.6357421875,306400,0.0,0.0
2016-12-12 00:00:00+09:00,3258.9131024153107,3327.4736866175963,3222.347457507425,3318.332275390625,391200,0.0,0.0
2016-12-13 00:00:00+09:00,3313.761679159629,3405.175794446791,3313.761679159629,3382.322265625,283700,0.0,0.0
2016-12-14 00:00:00+09:00,3391.4635525767358,3396.0342581732,3336.61508541916,3341.185791015625,224600,0.0,0.0
2016-12-15 00:00:00+09:00,3345.756591796875,3364.0394147028687,3318.332357437884,3345.756591796875,241300,0.0,0.0
2016-12-16 00:00:00+09:00,3377.751818598533,3386.893230827487,3354.898288026148,3359.468994140625,328500,0.0,0.0
2016-12-19 00:00:00+09:00,3359.4679576945755,3396.033595329346,3350.326548285883,3391.462890625,222400,0.0,0.0
2016-12-20 00:00:00+09:00,3382.3225588520995,3464.5952697430967,3368.610440370267,3455.453857421875,276800,0.0,0.0
2016-12-21 00:00:00+09:00,3441.7416044194647,3464.5951343292886,3414.317368527676,3437.1708984375,210100,0.0,0.0
2016-12-22 00:00:00+09:00,3441.741563947242,3460.0243876601094,3418.8880343061583,3423.458740234375,203900,0.0,0.0
2016-12-26 00:00:00+09:00,3446.3117043774637,3496.5894613378778,3428.028883664586,3478.306640625,198400,0.0,0.0
2016-12-27 00:00:00+09:00,3478.3074280508895,3505.7316653285575,3460.0246031991105,3469.166015625,150900,0.0,0.0
2016-12-28 00:00:00+09:00,3469.1660394979426,3519.4438081863186,3441.741802031556,3505.731689453125,202000,0.0,0.0
2016-12-29 00:00:00+09:00,3519.443603515625,3542.2971334085837,3487.448661665483,3519.443603515625,269300,0.0,0.0
2016-12-30 00:00:00+09:00,3528.5849471122906,3556.0091824525416,3496.590005881998,3551.4384765625,212400,0.0,0.0
2017-01-04 00:00:00+09:00,3556.0087778376437,3642.852179867098,3551.4380724676726,3578.8623046875,387800,0.0,0.0
2017-01-05 00:00:00+09:00,3588.0039883503873,3615.42822265625,3565.1504597621683,3615.42822265625,284900,0.0,0.0
2017-01-06 00:00:00+09:00,3606.2868389564105,3651.993896484375,3578.862604439632,3651.993896484375,216200,0.0,0.0
2017-01-10 00:00:00+09:00,3638.2816258891467,3651.993742569633,3560.579631366388,3574.291748046875,259000,0.0,0.0
2017-01-11 00:00:00+09:00,3569.7213549017138,3569.7213549017138,3537.7264131804436,3542.297119140625,183900,0.0,0.0
2017-01-12 00:00:00+09:00,3519.443643626698,3546.8678798108017,3510.3022315653297,3533.15576171875,276000,0.0,0.0
2017-01-13 00:00:00+09:00,3533.1551145423823,3560.579345703125,3524.013704155468,3560.579345703125,181600,0.0,0.0
2017-01-16 00:00:00+09:00,3574.2919650607637,3597.145494249132,3528.584906684028,3537.726318359375,181700,0.0,0.0
2017-01-17 00:00:00+09:00,3514.873206380208,3519.4439127604164,3414.317666015625,3428.02978515625,353400,0.0,0.0
2017-01-18 00:00:00+09:00,3450.8826756382114,3473.736203291445,3409.7463258623916,3432.599853515625,202100,0.0,0.0
2017-01-19 00:00:00+09:00,3482.878054189492,3487.4487602973522,3432.6002870030293,3441.74169921875,182500,0.0,0.0
2017-01-20 00:00:00+09:00,3450.883284719367,3487.44893541838,3428.0297530324838,3473.73681640625,175900,0.0,0.0
2017-01-23 00:00:00+09:00,3441.7414272231545,3441.7414272231545,3405.17578125,3405.17578125,155100,0.0,0.0
2017-01-24 00:00:00+09:00,3423.4584545309363,3432.5998656244765,3396.034221250314,3409.746337890625,160100,0.0,0.0
2017-01-25 00:00:00+09:00,3450.882687811558,3464.5948044518686,3396.034221250314,3409.746337890625,164700,0.0,0.0
2017-01-26 00:00:00+09:00,3405.1761286437745,3478.3074280508895,3391.4640100049405,3469.166015625,242500,0.0,0.0
2017-01-27 00:00:00+09:00,3482.8780943855404,3487.4488005461517,3446.312445100653,3455.453857421875,208300,0.0,0.0
2017-01-30 00:00:00+09:00,3441.7414418726294,3464.594970703125,3418.887913042134,3464.594970703125,125400,0.0,0.0
2017-01-31 00:00:00+09:00,3446.3126106770833,3473.736848958333,3418.8883723958334,3428.02978515625,237400,0.0,0.0
2017-02-01 00:00:00+09:00,3400.605515008224,3482.8782290810036,3400.605515008224,3473.73681640625,225900,0.0,0.0
2017-02-02 00:00:00+09:00,3492.0196744791665,3492.0196744791665,3418.8883723958334,3428.02978515625,148500,0.0,0.0
2017-02-03 00:00:00+09:00,3432.600138130492,3455.4536676786306,3423.458726311236,3446.312255859375,121500,0.0,0.0
2017-02-06 00:00:00+09:00,3455.4540793678975,3464.5954922762785,3400.6056019176135,3418.888427734375,131100,0.0,0.0
2017-02-07 00:00:00+09:00,3386.8932556727373,3405.1760802647627,3368.610431080712,3396.03466796875,188700,0.0,0.0
2017-02-08 00:00:00+09:00,3386.8921859206534,3400.6043000336927,3368.609367103268,3391.462890625,147200,0.0,0.0
2017-02-09 00:00:00+09:00,3405.175506301942,3405.175506301942,3350.327041770904,3368.60986328125,251000,0.0,0.0
2017-02-10 00:00:00+09:00,3409.746920625209,3418.888333281041,3368.6105636739667,3414.317626953125,200600,0.0,0.0
2017-02-13 00:00:00+09:00,3446.311970107565,3450.8826756382114,3423.458442454332,3432.599853515625,162000,0.0,0.0
2017-02-14 00:00:00+09:00,3469.166062878024,3473.736769153226,3400.60546875,3400.60546875,181600,0.0,0.0
2017-02-15 00:00:00+09:00,3437.1699376684637,3437.1699376684637,3377.750776511961,3391.462890625,149100,0.0,0.0
2017-02-16 00:00:00+09:00,3373.1805686588364,3391.4633901691823,3336.6149256381445,3368.60986328125,220500,0.0,0.0
2017-02-17 00:00:00+09:00,3364.039051956815,3391.463283358637,3345.756231022267,3386.892578125,141600,0.0,0.0
2017-02-20 00:00:00+09:00,3368.609757190452,3396.033988592274,3359.468346723178,3386.892578125,152800,0.0,0.0
2017-02-21 00:00:00+09:00,3400.6055468749996,3428.02978515625,3391.464134114583,3428.02978515625,140300,0.0,0.0
2017-02-22 00:00:00+09:00,3441.74186492062,3446.3125712485357,3405.1762142972934,3414.317626953125,138300,0.0,0.0
2017-02-23 00:00:00+09:00,3414.3176340203536,3473.73681640625,3409.746927682977,3473.73681640625,170300,0.0,0.0
2017-02-24 00:00:00+09:00,3469.165230268561,3482.877345803219,3441.7409991992445,3478.306640625,222900,0.0,0.0
2017-02-27 00:00:00+09:00,3464.5953332535446,3519.4438081863186,3455.453920764749,3505.731689453125,204500,0.0,0.0
2017-02-28 00:00:00+09:00,3519.4431686401367,3583.4330444335938,3510.3017578125,3510.3017578125,314900,0.0,0.0
2017-03-01 00:00:00+09:00,3524.014295299899,3560.5799429813505,3524.014295299899,3542.297119140625,182100,0.0,0.0
2017-03-02 00:00:00+09:00,3597.1458143410814,3601.7165205854794,3487.448864475534,3505.731689453125,588300,0.0,0.0
2017-03-03 00:00:00+09:00,3519.4434677402905,3519.4434677402905,3487.44852712447,3501.16064453125,235200,0.0,0.0
2017-03-06 00:00:00+09:00,3492.0193818933826,3514.872911879596,3492.0193818933826,3496.590087890625,167200,0.0,0.0
2017-03-07 00:00:00+09:00,3492.019367644075,3524.014309494217,3492.019367644075,3519.443603515625,217300,0.0,0.0
2017-03-08 00:00:00+09:00,3528.5850154728087,3533.1557214514,3496.5900736226663,3519.443603515625,302600,0.0,0.0
2017-03-09 00:00:00+09:00,3524.014720976665,3524.014720976665,3473.7369493414594,3492.019775390625,239900,0.0,0.0
2017-03-10 00:00:00+09:00,3528.5846924452526,3574.291748046875,3510.301870204604,3574.291748046875,347400,0.0,0.0
2017-03-13 00:00:00+09:00,3574.2914612834966,3583.432871670411,3546.867230122754,3560.579345703125,198700,0.0,0.0
2017-03-14 00:00:00+09:00,3574.2923150231995,3606.287259019571,3556.009489882416,3601.716552734375,287100,0.0,0.0
2017-03-15 00:00:00+09:00,3592.5744930238507,3633.7108421806124,3565.150260252676,3629.14013671875,285600,0.0,0.0
2017-03-16 00:00:00+09:00,3629.1403419296585,3702.2716334546894,3606.2868133280863,3697.700927734375,534100,0.0,0.0
2017-03-17 00:00:00+09:00,3702.2716334546894,3720.554456335947,3683.9888105734317,3697.700927734375,359300,0.0,0.0
2017-03-21 00:00:00+09:00,3683.988891751342,3738.8373616037193,3674.847480109279,3725.125244140625,274100,0.0,0.0
2017-03-22 00:00:00+09:00,3665.7064327116937,3725.125614289315,3661.135726436492,3683.9892578125,298900,0.0,0.0
2017-03-23 00:00:00+09:00,3697.701115330971,3789.115234375,3697.701115330971,3789.115234375,520900,0.0,0.0
2017-03-24 00:00:00+09:00,3789.1153934583085,3871.3881040520955,3789.1153934583085,3843.9638671875,518200,0.0,0.0
2017-03-27 00:00:00+09:00,3811.9685728725817,3830.251395764057,3757.1201041981562,3779.9736328125,333900,0.0,0.0
2017-03-28 00:00:00+09:00,3811.968239734523,3857.67529296875,3793.6854184408326,3857.67529296875,340800,0.0,0.0
2017-03-29 00:00:00+09:00,3875.958590989399,3898.8121204174026,3853.105061561396,3880.529296875,219000,0.0,0.0
2017-03-30 00:00:00+09:00,3866.8166830014666,3866.8166830014666,3784.5439876184564,3798.256103515625,349200,0.0,0.0
2017-03-31 00:00:00+09:00,3784.5447236796585,3789.1154298676774,3715.984130859375,3715.984130859375,628000,0.0,0.0
2017-04-03 00:00:00+09:00,3702.271807553957,3825.6808678057555,3702.271807553957,3811.96875,552600,0.0,0.0
2017-04-04 00:00:00+09:00,3816.539470088209,3866.8172355624247,3770.832410566194,3789.115234375,403400,0.0,0.0
2017-04-05 00:00:00+09:00,3839.39245120713,3857.6752724033545,3775.4025770203443,3798.256103515625,372600,0.0,0.0
2017-04-06 00:00:00+09:00,3779.974436631138,3784.545143325976,3683.989596039537,3688.560302734375,434100,0.0,0.0
2017-04-07 00:00:00+09:00,3715.9835472670684,3743.4077800882274,3693.1300199161024,3711.412841796875,341200,0.0,0.0
2017-04-10 00:00:00+09:00,3752.549851940524,3752.549851940524,3661.135726436492,3683.9892578125,293200,0.0,0.0
2017-04-11 00:00:00+09:00,3674.847790406482,3697.7013214413482,3661.1356717855624,3693.130615234375,224400,0.0,0.0
2017-04-12 00:00:00+09:00,3665.706163602365,3679.418281421327,3638.2819279644423,3647.42333984375,232900,0.0,0.0
2017-04-13 00:00:00+09:00,3624.5695551472018,3683.9887281824017,3615.4281439110173,3670.276611328125,283700,0.0,0.0
2017-04-14 00:00:00+09:00,3670.2767045115697,3674.847410245706,3583.433295562977,3592.57470703125,299300,0.0,0.0
2017-04-17 00:00:00+09:00,3592.574696167143,3702.2716334546894,3592.574696167143,3697.700927734375,286200,0.0,0.0
2017-04-18 00:00:00+09:00,3725.125614289315,3729.696320564516,3642.8529013356856,3683.9892578125,278300,0.0,0.0
2017-04-19 00:00:00+09:00,3683.988608975716,3734.266369147841,3674.8471980353297,3711.412841796875,258900,0.0,0.0
2017-04-20 00:00:00+09:00,3729.696320564516,3729.696320564516,3670.2771389868954,3683.9892578125,363200,0.0,0.0
2017-04-21 00:00:00+09:00,3715.9839131846643,3757.1202664671514,3702.2717954238356,3752.549560546875,387900,0.0,0.0
2017-04-24 00:00:00+09:00,3793.686089999434,3802.827502264493,3757.1204409391985,3784.544677734375,411100,0.0,0.0
2017-04-25 00:00:00+09:00,3747.978773245782,3757.120184887845,3711.4131266775307,3725.125244140625,862200,0.0,0.0
2017-04-26 00:00:00+09:00,3734.311730504919,3743.4982292269483,3688.3792368947725,3720.531982421875,588400,20.0,0.0
2017-04-27 00:00:00+09:00,3697.5657233201678,3734.3117180860822,3692.9724739744283,3715.938720703125,262700,0.0,0.0
2017-04-28 00:00:00+09:00,3725.124961928566,3738.9047090133818,3702.1587167872062,3711.34521484375,240200,0.0,0.0
2017-05-01 00:00:00+09:00,3715.938463872022,3734.31145998511,3692.972218730662,3711.34521484375,227900,0.0,0.0
2017-05-02 00:00:00+09:00,3729.718737958539,3748.091736667694,3711.3457392493833,3725.12548828125,294000,0.0,0.0
2017-05-08 00:00:00+09:00,3748.0917097029555,3821.5837040108568,3743.4984600587118,3807.803955078125,495000,0.0,0.0
2017-05-09 00:00:00+09:00,3821.58299488568,3835.3627412614696,3798.6167509260304,3816.98974609375,301800,0.0,0.0
2017-05-10 00:00:00+09:00,3794.024048435631,3849.1430418753735,3789.4307989823187,3839.95654296875,348200,0.0,0.0
2017-05-11 00:00:00+09:00,3858.328909489781,3895.074899103969,3858.328909489781,3876.701904296875,262200,0.0,0.0
2017-05-12 00:00:00+09:00,3862.9221581915544,3890.4816504021956,3853.7356607880074,3876.701904296875,264500,0.0,0.0
2017-05-15 00:00:00+09:00,3858.3302718421824,3941.0087776673718,3858.3302718421824,3936.41552734375,314500,0.0,0.0
2017-05-16 00:00:00+09:00,3950.1949420797414,4005.3139412715514,3950.1949420797414,3996.12744140625,264500,0.0,0.0
2017-05-17 00:00:00+09:00,3977.75461467161,4078.8061175847456,3977.75461467161,4065.0263671875,321300,0.0,0.0
2017-05-18 00:00:00+09:00,4019.0936361963,4078.8058845055025,4014.5003863263614,4069.619384765625,287600,0.0,0.0
2017-05-19 00:00:00+09:00,4065.0251335040475,4087.991377196161,4042.0588898119345,4060.431884765625,330500,0.0,0.0
2017-05-22 00:00:00+09:00,4046.653135415932,4083.399134375441,4032.873385806116,4069.619384765625,337600,0.0,0.0
2017-05-23 00:00:00+09:00,4074.212051629489,4152.29728824471,4069.6188024168287,4124.73779296875,305500,0.0,0.0
2017-05-24 00:00:00+09:00,4147.703151976864,4166.076144898136,4124.736910825276,4156.8896484375,262400,0.0,0.0
2017-05-25 00:00:00+09:00,4166.0781136822225,4198.2308664890315,4161.48486328125,4161.48486328125,244400,0.0,0.0
2017-05-26 00:00:00+09:00,4170.670347972037,4179.856846535853,4133.924353716778,4147.7041015625,171000,0.0,0.0
2017-05-29 00:00:00+09:00,4152.297028520743,4216.60251347571,4152.297028520743,4207.416015625,234100,0.0,0.0
2017-05-30 00:00:00+09:00,4225.789526313998,4239.569274769369,4175.263781977635,4216.60302734375,246500,0.0,0.0
2017-05-31 00:00:00+09:00,4212.009264550355,4230.382260251774,4189.043019923581,4207.416015625,268300,0.0,0.0
2017-06-01 00:00:00+09:00,4198.230209170686,4290.095202806806,4161.484211716238,4285.501953125,403500,0.0,0.0
2017-06-02 00:00:00+09:00,4166.077964244471,4184.4509651893195,4023.6872069218925,4101.7724609375,1191900,0.0,0.0
2017-06-05 00:00:00+09:00,4083.3989619096833,4110.958459965316,4065.025963205928,4097.1787109375,415200,0.0,0.0
2017-06-06 00:00:00+09:00,4110.958000837053,4110.958000837053,4009.906519252232,4019.093017578125,436400,0.0,0.0
2017-06-07 00:00:00+09:00,3996.1272333413876,4028.2799811958585,3986.940733954396,4009.906982421875,348700,0.0,0.0
2017-06-08 00:00:00+09:00,4019.092838938643,4023.6860878974303,3954.787353515625,3954.787353515625,269600,0.0,0.0
2017-06-09 00:00:00+09:00,3941.0074779900483,3959.3804732254334,3908.854736328125,3908.854736328125,334300,0.0,0.0
2017-06-12 00:00:00+09:00,3913.4480365953946,3927.227783203125,3867.5155479029604,3927.227783203125,284700,0.0,0.0
2017-06-13 00:00:00+09:00,3950.193821478001,3973.160064626129,3941.00732421875,3941.00732421875,226300,0.0,0.0
2017-06-14 00:00:00+09:00,3968.567626953125,4019.0933722036857,3950.1946286801935,3968.567626953125,275800,0.0,0.0
2017-06-15 00:00:00+09:00,3963.974195263054,4009.9066888350476,3963.974195263054,3991.53369140625,282000,0.0,0.0
2017-06-16 00:00:00+09:00,4000.7201652834847,4000.7201652834847,3945.6011733392806,3982.34716796875,302100,0.0,0.0
2017-06-19 00:00:00+09:00,3991.534191473599,4014.500441136853,3977.7544416756464,3996.12744140625,155700,0.0,0.0
2017-06-20 00:00:00+09:00,4023.686228900874,4023.686228900874,3991.5334850626255,4005.313232421875,211600,0.0,0.0
2017-06-21 00:00:00+09:00,4009.9067136149183,4014.4999630005022,3982.347217301414,4000.72021484375,202900,0.0,0.0
2017-06-22 00:00:00+09:00,4000.7197651110196,4000.7197651110196,3927.227783203125,3927.227783203125,236600,0.0,0.0
2017-06-23 00:00:00+09:00,3904.261837913876,3913.4483363560266,3844.549598039899,3858.329345703125,341900,0.0,0.0
2017-06-26 00:00:00+09:00,3839.9561691013314,3885.888659162352,3835.362920095229,3881.29541015625,196000,0.0,0.0
2017-06-27 00:00:00+09:00,3885.888633646575,3904.2616295503412,3858.3291397909256,3872.10888671875,212000,0.0,0.0
2017-06-28 00:00:00+09:00,3862.92318651872,3862.92318651872,3794.0244376509663,3803.2109375,239700,0.0,0.0
2017-06-29 00:00:00+09:00,3816.9902957021905,3844.5497924220617,3794.024048435631,3839.95654296875,218600,0.0,0.0
2017-06-30 00:00:00+09:00,3812.3970947265625,3812.3970947265625,3748.0916015625,3766.464599609375,312100,0.0,0.0
2017-07-03 00:00:00+09:00,3766.46457513562,3789.430822544984,3752.684826690002,3757.278076171875,175400,0.0,0.0
2017-07-04 00:00:00+09:00,3789.4305509679457,3789.4305509679457,3729.718311982996,3748.09130859375,235600,0.0,0.0
2017-07-05 00:00:00+09:00,3729.718107305021,3761.870849609375,3702.1586139012898,3761.870849609375,277500,0.0,0.0
2017-07-06 00:00:00+09:00,3784.8371454472963,3821.5831371506683,3761.870900632689,3780.243896484375,248500,0.0,0.0
2017-07-07 00:00:00+09:00,3766.46457513562,3771.0578246174928,3738.905078244384,3757.278076171875,216700,0.0,0.0
2017-07-10 00:00:00+09:00,3789.43067647643,3807.8036736957097,3766.4644299523306,3794.02392578125,198600,0.0,0.0
2017-07-11 00:00:00+09:00,3807.8032870578536,3839.9560289268584,3789.4302917041364,3830.76953125,186100,0.0,0.0
2017-07-12 00:00:00+09:00,3835.363391765113,3839.9566413360894,3780.2443969133988,3784.837646484375,183400,0.0,0.0
2017-07-13 00:00:00+09:00,3789.4302533421705,3821.58299488568,3789.4302533421705,3816.98974609375,204800,0.0,0.0
2017-07-14 00:00:00+09:00,3812.397204722369,3826.1769536551005,3798.6174557896375,3807.803955078125,150900,0.0,0.0
2017-07-17 00:00:00+09:00,3807.803955078125,3807.803955078125,3807.803955078125,3807.803955078125,0,0.0,0.0
2017-07-18 00:00:00+09:00,3839.9560289268584,3844.5492777652876,3803.2100382194244,3830.76953125,182000,0.0,0.0
2017-07-19 00:00:00+09:00,3830.7694172791394,3890.4816504021956,3821.5829198755923,3876.701904296875,234400,0.0,0.0
2017-07-20 00:00:00+09:00,3867.515819030616,3890.4820649868548,3835.3630746918816,3849.142822265625,298900,0.0,0.0
2017-07-21 00:00:00+09:00,3821.5836430521845,3835.363391765113,3784.837646484375,3784.837646484375,288200,0.0,0.0
2017-07-24 00:00:00+09:00,3743.4984123461177,3798.6174073745265,3738.9051627604167,3789.430908203125,232500,0.0,0.0
2017-07-25 00:00:00+09:00,3794.0240966796873,3798.6173461914063,3761.8713500976564,3766.464599609375,158300,0.0,0.0
2017-07-26 00:00:00+09:00,3757.278236022272,3761.8714856995607,3720.532238603961,3725.12548828125,204200,0.0,0.0
2017-07-27 00:00:00+09:00,3715.9389029197323,3807.803894339256,3715.9389029197323,3784.837646484375,255000,0.0,0.0
2017-07-28 00:00:00+09:00,3775.651159446023,3803.2106569602274,3761.8714106889206,3789.430908203125,204000,0.0,0.0
2017-07-31 00:00:00+09:00,3803.210298426011,3803.210298426011,3748.09130859375,3748.09130859375,226800,0.0,0.0
2017-08-01 00:00:00+09:00,3743.4981956620313,3803.2104368198306,3729.7184477025394,3798.6171875,171100,0.0,0.0
2017-08-02 00:00:00+09:00,3826.1763969593344,3881.295384670633,3803.2101520796264,3872.10888671875,315400,0.0,0.0
2017-08-03 00:00:00+09:00,3890.4820649868548,3890.4820649868548,3830.769825500634,3849.142822265625,228000,0.0,0.0
2017-08-04 00:00:00+09:00,3830.7696350765113,3830.7696350765113,3771.057398558532,3780.243896484375,166700,0.0,0.0
2017-08-07 00:00:00+09:00,3775.651074099366,3784.837573063111,3752.684826690002,3757.278076171875,124600,0.0,0.0
2017-08-08 00:00:00+09:00,3748.091102907509,3771.0573474106186,3729.718107305021,3761.870849609375,204000,0.0,0.0
2017-08-09 00:00:00+09:00,3766.464513424431,3771.057762831046,3688.379273511973,3734.311767578125,213400,0.0,0.0
2017-08-10 00:00:00+09:00,3734.311913174716,3789.430908203125,3734.311913174716,3789.430908203125,165600,0.0,0.0
2017-08-11 00:00:00+09:00,3789.430908203125,3789.430908203125,3789.430908203125,3789.430908203125,0,0.0,0.0
2017-08-14 00:00:00+09:00,3766.464098509997,3784.8370941124845,3734.3113562056433,3761.870849609375,174800,0.0,0.0
2017-08-15 00:00:00+09:00,3784.837042865707,3844.5492777652876,3761.870798673561,3830.76953125,214300,0.0,0.0
2017-08-16 00:00:00+09:00,3830.770044062126,3849.1430418753735,3807.8037967955665,3839.95654296875,169600,0.0,0.0
2017-08-17 00:00:00+09:00,3844.5495354018526,3862.922531986808,3812.396791378181,3835.363037109375,169000,0.0,0.0
2017-08-18 00:00:00+09:00,3789.4305456469874,3849.142784548091,3784.8372965007484,3835.363037109375,145300,0.0,0.0
2017-08-21 00:00:00+09:00,3839.95654296875,3849.1430418753735,3798.6172978889426,3839.95654296875,186500,0.0,0.0
2017-08-22 00:00:00+09:00,3830.770044062126,3844.5497924220617,3807.8037967955665,3839.95654296875,117500,0.0,0.0
2017-08-23 00:00:00+09:00,3862.9233165645483,3872.109816722847,3826.1773159313543,3853.73681640625,181900,0.0,0.0
2017-08-24 00:00:00+09:00,3839.956751059799,3844.5500007620235,3807.8040031442265,3826.177001953125,138100,0.0,0.0
2017-08-25 00:00:00+09:00,3798.617790634827,3798.617790634827,3651.6337890625,3651.6337890625,598700,0.0,0.0
2017-08-28 00:00:00+09:00,3651.6326818769903,3651.6326818769903,3587.3272006867037,3605.7001953125,437500,0.0,0.0
2017-08-29 00:00:00+09:00,3582.7350038470645,3642.447253911182,3573.5485038372003,3637.85400390625,276900,0.0,0.0
2017-08-30 00:00:00+09:00,3651.6331686902404,3711.345409184546,3628.6669223462764,3692.972412109375,823000,0.0,0.0
2017-08-31 00:00:00+09:00,3711.3454836998458,3729.7184811439047,3683.785987533758,3720.531982421875,271800,0.0,0.0
2017-09-01 00:00:00+09:00,3738.9047090133818,3743.497958041654,3683.7857206741182,3711.34521484375,279500,0.0,0.0
2017-09-04 00:00:00+09:00,3587.3275356514796,3614.887030163527,3527.615297542044,3550.58154296875,624900,0.0,0.0
2017-09-05 00:00:00+09:00,3550.5815858626775,3550.5815858626775,3472.496350468544,3477.089599609375,344400,0.0,0.0
2017-09-06 00:00:00+09:00,3472.496703145398,3527.61569843342,3449.530455108722,3518.42919921875,215300,0.0,0.0
2017-09-07 00:00:00+09:00,3550.5817500126823,3568.954747425426,3523.0222538935673,3536.802001953125,236400,0.0,0.0
2017-09-08 00:00:00+09:00,3513.8359496114144,3550.581946470096,3509.2427000040793,3518.42919921875,264400,0.0,0.0
2017-09-11 00:00:00+09:00,3523.0221919041055,3545.9884382659316,3504.649194814645,3513.835693359375,249000,0.0,0.0
2017-09-12 00:00:00+09:00,3545.988293883409,3559.7680411394326,3523.022048456703,3550.58154296875,162500,0.0,0.0
2017-09-13 00:00:00+09:00,3564.3609267629254,3564.3609267629254,3504.6486947424123,3509.241943359375,192300,0.0,0.0
2017-09-14 00:00:00+09:00,3523.022448826085,3545.988696862761,3509.2427000040793,3518.42919921875,160100,0.0,0.0
2017-09-15 00:00:00+09:00,3523.0221919041055,3541.3951889935665,3509.24244408701,3513.835693359375,168300,0.0,0.0
2017-09-18 00:00:00+09:00,3513.835693359375,3513.835693359375,3513.835693359375,3513.835693359375,0,0.0,0.0
2017-09-19 00:00:00+09:00,3509.2424688824153,3527.615466101695,3495.4627209679556,3523.022216796875,241800,0.0,0.0
2017-09-20 00:00:00+09:00,3509.2426514312665,3518.429150518783,3495.4629027999918,3500.05615234375,215200,0.0,0.0
2017-09-21 00:00:00+09:00,3495.4625961727006,3504.6490944543634,3463.309852186881,3477.089599609375,283700,0.0,0.0
2017-09-22 00:00:00+09:00,3467.9030887664308,3472.496337890625,3435.7503448970733,3472.496337890625,269900,0.0,0.0
2017-09-25 00:00:00+09:00,3486.2758141474637,3486.2758141474637,3444.936575244529,3463.3095703125,217400,0.0,0.0
2017-09-26 00:00:00+09:00,3454.1229599558246,3509.241943359375,3449.529711338862,3509.241943359375,294200,0.0,0.0
2017-09-27 00:00:00+09:00,3509.2426514312665,3513.8359009750247,3477.089904624959,3500.05615234375,167800,0.0,0.0
2017-09-28 00:00:00+09:00,3500.05615234375,3509.2426514312665,3477.089904624959,3500.05615234375,212600,0.0,0.0
2017-09-29 00:00:00+09:00,3490.869616683136,3504.649365170043,3481.6831176918645,3486.2763671875,175500,0.0,0.0
2017-10-02 00:00:00+09:00,3500.055612528859,3518.428607870218,3477.0893683521604,3481.6826171875,188000,0.0,0.0
2017-10-03 00:00:00+09:00,3481.683043866202,3490.8695426626823,3440.343799282038,3458.716796875,517800,0.0,0.0
2017-10-04 00:00:00+09:00,3477.0893683521604,3486.2758660228396,3463.3096218461415,3481.6826171875,250800,0.0,0.0
2017-10-05 00:00:00+09:00,3495.4621975084874,3527.614937827225,3486.275700274562,3509.241943359375,281500,0.0,0.0
2017-10-06 00:00:00+09:00,3509.242057982427,3509.242057982427,3454.1230727785146,3463.3095703125,246900,0.0,0.0
2017-10-09 00:00:00+09:00,3463.3095703125,3463.3095703125,3463.3095703125,3463.3095703125,0,0.0,0.0
2017-10-10 00:00:00+09:00,3454.123341393849,3486.276085263207,3454.123341393849,3472.496337890625,173100,0.0,0.0
2017-10-11 00:00:00+09:00,3481.6826556853644,3495.46240234375,3467.902909026979,3495.46240234375,198600,0.0,0.0
2017-10-12 00:00:00+09:00,3518.428824344758,3573.5478137600808,3509.242326108871,3559.76806640625,345600,0.0,0.0
2017-10-13 00:00:00+09:00,3555.175085590613,3578.1413329135494,3550.5818361260253,3568.954833984375,261900,0.0,0.0
2017-10-16 00:00:00+09:00,3582.7346556214084,3614.887402530831,3568.9549069459413,3596.514404296875,225800,0.0,0.0
2017-10-17 00:00:00+09:00,3610.294253100681,3610.294253100681,3536.8022581266214,3541.3955078125,285400,0.0,0.0
2017-10-18 00:00:00+09:00,3541.395069934476,3582.734311995968,3541.395069934476,3559.76806640625,202400,0.0,0.0
2017-10-19 00:00:00+09:00,3555.1747283935547,3568.954475402832,3518.428736368815,3527.615234375,230400,0.0,0.0
2017-10-20 00:00:00+09:00,3509.2423012006793,3559.7680411394326,3509.2423012006793,3550.58154296875,218900,0.0,0.0
2017-10-23 00:00:00+09:00,3573.548083448962,3578.1413329135494,3559.7683350552,3568.954833984375,232200,0.0,0.0
2017-10-24 00:00:00+09:00,3573.5486759253736,3619.481178186625,3573.5486759253736,3610.294677734375,240900,0.0,0.0
2017-10-25 00:00:00+09:00,3614.8877538815896,3647.040503916114,3596.5147538618608,3637.85400390625,468800,0.0,0.0
2017-10-26 00:00:00+09:00,3633.260788865959,3660.8202891607707,3610.294538620283,3651.6337890625,415500,0.0,0.0
2017-10-27 00:00:00+09:00,3651.633390727796,3693.181684680451,3647.0169136219456,3683.94873046875,276200,20.0,0.0
2017-10-30 00:00:00+09:00,3670.0994979858397,3693.181884765625,3656.2500659179686,3693.181884765625,337100,0.0,0.0
2017-10-31 00:00:00+09:00,3693.1817957912986,3693.1817957912986,3642.4005460991684,3660.866455078125,278800,0.0,0.0
2017-11-01 00:00:00+09:00,3688.5658267580557,3711.648216162049,3679.3328709964585,3707.03173828125,269200,0.0,0.0
2017-11-02 00:00:00+09:00,3707.031316833496,3711.6477941894527,3665.4830206298825,3693.181884765625,179800,0.0,0.0
2017-11-03 00:00:00+09:00,3693.181884765625,3693.181884765625,3693.181884765625,3693.181884765625,0,0.0,0.0
2017-11-06 00:00:00+09:00,3697.7985165724112,3720.8809043163087,3693.1820390236317,3711.64794921875,244100,0.0,0.0
2017-11-07 00:00:00+09:00,3688.5650112903695,3725.496826171875,3670.0991038496168,3725.496826171875,249700,0.0,0.0
2017-11-08 00:00:00+09:00,3730.1132595217864,3739.346213134464,3711.647352296431,3734.729736328125,179700,0.0,0.0
2017-11-09 00:00:00+09:00,3739.346062155331,3794.743781594669,3734.7295855353864,3767.044921875,382800,0.0,0.0
2017-11-10 00:00:00+09:00,3702.4143557095795,3757.8120767426403,3702.4143557095795,3743.962646484375,305500,0.0,0.0
2017-11-13 00:00:00+09:00,3767.045079077744,3799.360416765911,3757.812125452553,3785.510986328125,220500,0.0,0.0
2017-11-14 00:00:00+09:00,3799.3606176817216,3813.210048851886,3785.5111865115573,3794.744140625,254800,0.0,0.0
2017-11-15 00:00:00+09:00,3776.2781159015917,3794.7440235588124,3707.0309621870147,3716.263916015625,254600,0.0,0.0
2017-11-16 00:00:00+09:00,3688.5649944673382,3794.743961767399,3679.332040789072,3780.89453125,199500,0.0,0.0
2017-11-17 00:00:00+09:00,3790.1274580041913,3790.1274580041913,3716.2638291027697,3734.729736328125,217300,0.0,0.0
2017-11-20 00:00:00+09:00,3725.496809180403,3790.1274849282663,3720.88033234127,3780.89453125,165200,0.0,0.0
2017-11-21 00:00:00+09:00,3785.511208463383,3803.977116797351,3757.8123459624317,3790.127685546875,128600,0.0,0.0
2017-11-22 00:00:00+09:00,3813.210048851886,3840.9089111922144,3790.127663568279,3794.744140625,192100,0.0,0.0
2017-11-23 00:00:00+09:00,3794.744140625,3794.744140625,3794.744140625,3794.744140625,0,0.0,0.0
2017-11-24 00:00:00+09:00,3785.5111672380845,3859.374799769559,3771.661736138433,3850.141845703125,195100,0.0,0.0
2017-11-27 00:00:00+09:00,3859.3746153296493,3859.3746153296493,3780.8945095155295,3785.510986328125,150400,0.0,0.0
2017-11-28 00:00:00+09:00,3757.8119686351106,3780.894351734835,3734.7295855353864,3767.044921875,164900,0.0,0.0
2017-11-29 00:00:00+09:00,3785.511102710573,3863.9912109375,3785.511102710573,3863.9912109375,262700,0.0,0.0
2017-11-30 00:00:00+09:00,3859.37451171875,3863.990988407409,3813.2097448321624,3859.37451171875,213300,0.0,0.0
2017-12-01 00:00:00+09:00,3836.292456381794,3850.14188763227,3776.278254296399,3790.127685546875,215700,0.0,0.0
2017-12-04 00:00:00+09:00,3877.840736864896,4025.568003031178,3840.908920323325,3997.869140625,869300,0.0,0.0
2017-12-05 00:00:00+09:00,3979.4033203125,3993.2527518217084,3937.8550257848756,3979.4033203125,276900,0.0,0.0
2017-12-06 00:00:00+09:00,3951.704919702346,4007.102652221538,3947.0884419924137,3984.020263671875,228800,0.0,0.0
2017-12-07 00:00:00+09:00,4002.486016635237,4034.8013593301002,3979.4036289960486,4016.33544921875,288400,0.0,0.0
2017-12-08 00:00:00+09:00,3970.1709762955584,4053.267578125,3970.1709762955584,4053.267578125,324400,0.0,0.0
2017-12-11 00:00:00+09:00,4062.49907726378,4104.04736328125,4007.101362573819,4104.04736328125,246800,0.0,0.0
2017-12-12 00:00:00+09:00,4108.6653746869715,4113.281852636058,4071.7335510942794,4090.199462890625,188300,0.0,0.0
2017-12-13 00:00:00+09:00,4108.664105389569,4131.746488004117,4080.9652462521112,4099.43115234375,186600,0.0,0.0
2017-12-14 00:00:00+09:00,4094.814683958739,4154.828878875835,4085.5817308945707,4150.21240234375,294600,0.0,0.0
2017-12-15 00:00:00+09:00,4145.596769260347,4154.82972420302,4094.815517075643,4127.130859375,177100,0.0,0.0
2017-12-18 00:00:00+09:00,4154.82901514104,4200.993781975941,4140.97958509057,4173.294921875,208900,0.0,0.0
2017-12-19 00:00:00+09:00,4182.52823231456,4210.22709478022,4168.678801081731,4200.994140625,210700,0.0,0.0
2017-12-20 00:00:00+09:00,4177.911818337306,4177.911818337306,4085.582275390625,4085.582275390625,251000,0.0,0.0
2017-12-21 00:00:00+09:00,4048.650306325322,4127.130414885791,4025.5679214545967,4117.8974609375,246200,0.0,0.0
2017-12-22 00:00:00+09:00,4117.897373744419,4164.06214250837,4113.280896868025,4136.36328125,170800,0.0,0.0
2017-12-25 00:00:00+09:00,4127.13032749721,4150.212711879185,4085.5820356096538,4136.36328125,124400,0.0,0.0
2017-12-26 00:00:00+09:00,4140.979628061773,4173.294965181542,4136.363151330377,4164.06201171875,150900,0.0,0.0
2017-12-27 00:00:00+09:00,4154.82958984375,4159.446067165799,4131.747203233507,4154.82958984375,104100,0.0,0.0
2017-12-28 00:00:00+09:00,4154.828601747047,4154.828601747047,4090.19793460876,4104.04736328125,144100,0.0,0.0
2017-12-29 00:00:00+09:00,4113.280581912479,4127.1300114812075,4099.43115234375,4099.43115234375,104700,0.0,0.0
2018-01-01 00:00:00+09:00,4099.43115234375,4099.43115234375,4099.43115234375,4099.43115234375,0,0.0,0.0
2018-01-02 00:00:00+09:00,4099.43115234375,4099.43115234375,4099.43115234375,4099.43115234375,0,0.0,0.0
2018-01-03 00:00:00+09:00,4099.43115234375,4099.43115234375,4099.43115234375,4099.43115234375,0,0.0,0.0
2018-01-04 00:00:00+09:00,4099.431751220979,4113.2811828129425,4039.4175476558075,4076.349365234375,272000,0.0,0.0
2018-01-05 00:00:00+09:00,4094.814624217861,4113.280530076791,4053.266336035267,4057.8828125,194800,0.0,0.0
2018-01-08 00:00:00+09:00,4057.8828125,4057.8828125,4057.8828125,4057.8828125,0,0.0,0.0
2018-01-09 00:00:00+09:00,4062.4998896539546,4085.582275390625,4048.6504582119524,4085.582275390625,172000,0.0,0.0
2018-01-10 00:00:00+09:00,4071.733289744756,4085.5827227030713,4044.034423828125,4044.034423828125,147100,0.0,0.0
2018-01-11 00:00:00+09:00,3997.8696741174767,4016.3355848524307,3974.7872856987847,3988.63671875,293800,0.0,0.0
2018-01-12 00:00:00+09:00,3965.554134095458,3979.4035664613325,3924.0058369978333,3928.622314453125,283100,0.0,0.0
2018-01-15 00:00:00+09:00,3942.4719464390387,3974.78729026231,3933.2389910609613,3937.85546875,134300,0.0,0.0
2018-01-16 00:00:00+09:00,3937.855631139664,4076.3499675220673,3937.855631139664,4053.267578125,255200,0.0,0.0
2018-01-17 00:00:00+09:00,4062.500595196106,4136.36424238149,4057.8841172470197,4090.199462890625,253100,0.0,0.0
2018-01-18 00:00:00+09:00,4099.43211370026,4104.048591305778,3997.869606378857,4002.486083984375,230500,0.0,0.0
2018-01-19 00:00:00+09:00,4016.335426794812,4062.500201815442,4002.485994288623,4020.951904296875,177100,0.0,0.0
2018-01-22 00:00:00+09:00,4020.952293654328,4090.199462890625,4016.335815705241,4090.199462890625,136500,0.0,0.0
2018-01-23 00:00:00+09:00,4131.747288922079,4237.92626953125,4131.747288922079,4237.92626953125,334300,0.0,0.0
2018-01-24 00:00:00+09:00,4237.925872043919,4284.090641891892,4210.227010135135,4270.2412109375,215300,0.0,0.0
2018-01-25 00:00:00+09:00,4265.62459876019,4265.62459876019,4224.076307213824,4247.15869140625,139300,0.0,0.0
2018-01-26 00:00:00+09:00,4233.3097921134595,4274.8580888735705,4219.46035986009,4237.92626953125,114300,0.0,0.0
2018-01-29 00:00:00+09:00,4256.3924471357,4270.241880260871,4228.69358088536,4233.31005859375,123500,0.0,0.0
2018-01-30 00:00:00+09:00,4228.6919780530425,4270.240261680201,4196.37664634303,4210.22607421875,199700,0.0,0.0
2018-01-31 00:00:00+09:00,4191.760647891232,4261.007795158157,4159.4453125,4159.4453125,239800,0.0,0.0
2018-02-01 00:00:00+09:00,4159.446415259508,4237.92653630214,4159.446415259508,4233.31005859375,136700,0.0,0.0
2018-02-02 00:00:00+09:00,4187.144492505944,4256.39164508322,4173.295061990489,4247.15869140625,140500,0.0,0.0
2018-02-05 00:00:00+09:00,4182.527967635154,4247.1586426317235,4182.527967635154,4205.6103515625,227900,0.0,0.0
2018-02-06 00:00:00+09:00,4076.3490072356935,4090.198437611353,4002.485378565511,4048.650146484375,292800,0.0,0.0
2018-02-07 00:00:00+09:00,4131.7464448735955,4200.993591994382,4108.6640625,4108.6640625,272800,0.0,0.0
2018-02-08 00:00:00+09:00,4104.047586025281,4145.595874297753,4094.8146330758427,4108.6640625,153300,0.0,0.0
2018-02-09 00:00:00+09:00,4016.335557911494,4062.500334439212,4016.335557911494,4044.034423828125,229600,0.0,0.0
2018-02-12 00:00:00+09:00,4044.034423828125,4044.034423828125,4044.034423828125,4044.034423828125,0,0.0,0.0
2018-02-13 00:00:00+09:00,4071.733289744756,4090.199200355843,4039.417946175353,4044.034423828125,173500,0.0,0.0
2018-02-14 00:00:00+09:00,4053.2672017065793,4080.966066410724,4007.1024271996703,4030.184814453125,119300,0.0,0.0
2018-02-15 00:00:00+09:00,4048.6509286385995,4057.883884006076,3984.0202410662614,3988.63671875,197400,0.0,0.0
2018-02-16 00:00:00+09:00,4034.8017275015873,4099.432418788798,4025.5687716034145,4090.199462890625,172800,0.0,0.0
2018-02-19 00:00:00+09:00,4154.828060963115,4228.691670935793,4150.211585339823,4224.0751953125,187500,0.0,0.0
2018-02-20 00:00:00+09:00,4224.076749674479,4224.076749674479,4150.213112521701,4154.82958984375,110700,0.0,0.0
2018-02-21 00:00:00+09:00,4154.828362715872,4228.6919780530425,4145.595410798725,4210.22607421875,153100,0.0,0.0
2018-02-22 00:00:00+09:00,4168.67798755787,4196.376844618056,4108.663797260802,4113.2802734375,176700,0.0,0.0
2018-02-23 00:00:00+09:00,4154.829942311672,4196.378241734789,4140.980509170633,4182.52880859375,238300,0.0,0.0
2018-02-26 00:00:00+09:00,4210.227449508733,4242.542791774699,4200.994494575601,4228.693359375,199700,0.0,0.0
2018-02-27 00:00:00+09:00,4256.391684468027,4265.62463823043,4177.911577487596,4187.14453125,207900,0.0,0.0
2018-02-28 00:00:00+09:00,4191.760872107123,4224.0762092268915,4164.06201171875,4164.06201171875,216400,0.0,0.0
2018-03-01 00:00:00+09:00,4150.213246731683,4159.446201674356,4104.048472018317,4127.130859375,311300,0.0,0.0
2018-03-02 00:00:00+09:00,3743.962914711956,3813.2100709643346,3647.016895958625,3790.127685546875,1558100,0.0,0.0
2018-03-05 00:00:00+09:00,3794.7439127604166,3845.5251573350693,3688.5649468315974,3739.34619140625,753200,0.0,0.0
2018-03-06 00:00:00+09:00,3767.0449867389298,3776.2779401377998,3730.1131731434502,3753.195556640625,415900,0.0,0.0
2018-03-07 00:00:00+09:00,3776.2784311239,3840.909113319175,3762.428999224913,3803.977294921875,379000,0.0,0.0
2018-03-08 00:00:00+09:00,3822.442849300739,3854.758187398692,3794.743988073922,3827.059326171875,295300,0.0,0.0
2018-03-09 00:00:00+09:00,3868.6077538359937,3900.923093068514,3840.9088916366904,3850.141845703125,240000,0.0,0.0
2018-03-12 00:00:00+09:00,3914.7722539296406,3919.38873064418,3831.6756730679267,3854.758056640625,201800,0.0,0.0
2018-03-13 00:00:00+09:00,3822.4424867021276,3905.5390625,3813.209533835697,3905.5390625,193800,0.0,0.0
2018-03-14 00:00:00+09:00,3877.8402549342104,3960.936831825658,3877.8402549342104,3947.08740234375,178100,0.0,0.0
2018-03-15 00:00:00+09:00,3914.7729021486643,3979.403586853949,3896.3069922328687,3974.787109375,177900,0.0,0.0
2018-03-16 00:00:00+09:00,3965.553888803292,3984.0197974822363,3942.4715029546114,3979.4033203125,210400,0.0,0.0
2018-03-19 00:00:00+09:00,3951.7044784007353,3970.170387178309,3905.5397064568015,3924.005615234375,185400,0.0,0.0
2018-03-20 00:00:00+09:00,3868.607795966238,3900.9231355506813,3748.5793917954475,3790.127685546875,275300,0.0,0.0
2018-03-21 00:00:00+09:00,3790.127685546875,3790.127685546875,3790.127685546875,3790.127685546875,0,0.0,0.0
2018-03-22 00:00:00+09:00,3748.5791718273626,3813.2098472036964,3748.5791718273626,3785.510986328125,213500,0.0,0.0
2018-03-23 00:00:00+09:00,3720.880458765196,3748.5793207411157,3688.5651197932903,3702.41455078125,291800,0.0,0.0
2018-03-26 00:00:00+09:00,3688.565340909091,3757.8125,3679.3323863636365,3757.8125,199400,0.0,0.0
2018-03-27 00:00:00+09:00,3762.428628576807,3836.2922580948793,3757.8121517319278,3831.67578125,213300,0.0,0.0
2018-03-28 00:00:00+09:00,3785.5113857232254,3822.443204120525,3780.894908423563,3803.977294921875,193500,0.0,0.0
2018-03-29 00:00:00+09:00,3863.991432346773,3863.991432346773,3790.1277968419363,3817.82666015625,296200,0.0,0.0
2018-03-30 00:00:00+09:00,3854.7580350300914,3863.990988407409,3822.4426982094797,3859.37451171875,241900,0.0,0.0
2018-04-02 00:00:00+09:00,3873.2239634987836,3900.9228237860216,3850.1415799260853,3854.758056640625,207800,0.0,0.0
2018-04-03 00:00:00+09:00,3836.292262745244,3905.5394155023782,3822.4428321938167,3882.45703125,309700,0.0,0.0
2018-04-04 00:00:00+09:00,3905.539839468861,3905.539839468861,3863.991543304299,3896.306884765625,191100,0.0,0.0
2018-04-05 00:00:00+09:00,3937.8554642288773,4044.034450954861,3928.6225088614005,3988.63671875,294900,0.0,0.0
2018-04-06 00:00:00+09:00,3970.1702782188217,4016.335048895785,3928.621984609555,3997.869140625,246300,0.0,0.0
2018-04-09 00:00:00+09:00,4016.333999893587,4085.581137822787,4007.1010481696935,4067.115234375,236200,0.0,0.0
2018-04-10 00:00:00+09:00,4048.6497760151706,4090.1980633402977,3970.1696777343745,3970.169677734375,300700,0.0,0.0
2018-04-11 00:00:00+09:00,3960.937297175481,3960.937297175481,3887.07366459412,3900.923095703125,285000,0.0,0.0
2018-04-12 00:00:00+09:00,3900.922586066785,3933.2379210992904,3887.073156767139,3905.5390625,174900,0.0,0.0
2018-04-13 00:00:00+09:00,3919.3889378961526,3924.005414854805,3887.0735991855836,3914.7724609375,211200,0.0,0.0
2018-04-16 00:00:00+09:00,3914.773075810185,3988.63671875,3914.773075810185,3988.63671875,200900,0.0,0.0
2018-04-17 00:00:00+09:00,3988.6367413818075,4025.568563061269,3979.403785961942,3984.020263671875,224400,0.0,0.0
2018-04-18 00:00:00+09:00,3993.252994847598,4053.2672017065793,3993.252994847598,4030.184814453125,197700,0.0,0.0
2018-04-19 00:00:00+09:00,4025.568404274425,4053.267269441451,3993.2530615795617,4016.33544921875,252900,0.0,0.0
2018-04-20 00:00:00+09:00,4016.3353821010523,4053.2672017065793,4011.7189046503613,4030.184814453125,224900,0.0,0.0
2018-04-23 00:00:00+09:00,3988.636723329426,3997.869678707503,3924.006035682884,3937.85546875,544400,0.0,0.0
2018-04-24 00:00:00+09:00,3937.85546875,3965.554334884232,3924.006035682884,3937.85546875,757900,0.0,0.0
2018-04-25 00:00:00+09:00,3928.5778118754542,4002.7894352402795,3914.6631324945492,3988.874755859375,487100,20.0,0.0
2018-04-26 00:00:00+09:00,3988.875513683165,4021.3431050736094,3961.0461496342127,4012.066650390625,195900,0.0,0.0
2018-04-27 00:00:00+09:00,4035.258124240203,4067.725718343285,4025.9816687821794,4053.81103515625,274000,0.0,0.0
2018-04-30 00:00:00+09:00,4053.8110351562495,4053.8110351562495,4053.8110351562495,4053.81103515625,0,0.0,0.0
2018-05-01 00:00:00+09:00,4049.172849296694,4049.172849296694,3988.8758881960557,3998.15234375,189200,0.0,0.0
2018-05-02 00:00:00+09:00,4012.066650390625,4021.3431050736094,3988.875513683165,4012.066650390625,138700,0.0,0.0
2018-05-03 00:00:00+09:00,4012.066650390625,4012.066650390625,4012.066650390625,4012.066650390625,0,0.0,0.0
2018-05-04 00:00:00+09:00,4012.066650390625,4012.066650390625,4012.066650390625,4012.066650390625,0,0.0,0.0
2018-05-07 00:00:00+09:00,4012.0673366011615,4077.002530488348,4012.0673366011615,4067.72607421875,202800,0.0,0.0
2018-05-08 00:00:00+09:00,4063.0872706911264,4100.19309051479,4035.257905823379,4077.001953125,194500,0.0,0.0
2018-05-09 00:00:00+09:00,4072.363499382517,4086.2781810432775,4035.2576816204896,4049.17236328125,126200,0.0,0.0
2018-05-10 00:00:00+09:00,4030.6194978766484,4049.1724069577836,4002.7901342549453,4044.5341796875,197000,0.0,0.0
2018-05-11 00:00:00+09:00,4025.9815615699404,4100.193203257865,4025.9815615699404,4090.916748046875,168300,0.0,0.0
2018-05-14 00:00:00+09:00,4081.6393613436435,4086.277587890625,4021.342416232885,4086.277587890625,166500,0.0,0.0
2018-05-15 00:00:00+09:00,4086.277587890625,4114.106947172513,4072.362908249681,4086.277587890625,139900,0.0,0.0
2018-05-16 00:00:00+09:00,4095.5546003266245,4114.1075090483755,4072.3634644244353,4104.8310546875,106100,0.0,0.0
2018-05-17 00:00:00+09:00,4095.5539847709038,4128.021570154138,4063.0863993876687,4118.7451171875,134200,0.0,0.0
2018-05-18 00:00:00+09:00,4132.660417770127,4146.575099311441,4095.5546003266245,4104.8310546875,122100,0.0,0.0
2018-05-21 00:00:00+09:00,4100.193359375,4123.384498285493,4077.002220464508,4100.193359375,110700,0.0,0.0
2018-05-22 00:00:00+09:00,4077.001752640501,4081.6399798903763,4044.5341618913726,4072.363525390625,130800,0.0,0.0
2018-05-23 00:00:00+09:00,4086.277531804265,4141.936249604096,4086.277531804265,4118.7451171875,179700,0.0,0.0
2018-05-24 00:00:00+09:00,4118.745518785113,4137.298426527388,4114.107291849544,4128.02197265625,147300,0.0,0.0
2018-05-25 00:00:00+09:00,4109.468850384078,4160.489344011871,4086.2777169168994,4151.212890625,148600,0.0,0.0
2018-05-28 00:00:00+09:00,4155.851334269663,4169.7660150763695,4114.107291849544,4128.02197265625,143700,0.0,0.0
2018-05-29 00:00:00+09:00,4090.916771993024,4137.299048319475,4072.3638614624438,4114.10791015625,176200,0.0,0.0
2018-05-30 00:00:00+09:00,4072.3639926824094,4132.660953849689,4072.3639926824094,4100.193359375,185200,0.0,0.0
2018-05-31 00:00:00+09:00,4128.021757157821,4165.127570705307,4095.5541703037707,4151.212890625,161200,0.0,0.0
2018-06-01 00:00:00+09:00,4128.021518640351,4267.168311403509,4118.745065789473,4230.0625,396800,0.0,0.0
2018-06-04 00:00:00+09:00,4267.168990384615,4545.462620192307,4257.892536057692,4522.271484375,1227300,0.0,0.0
2018-06-05 00:00:00+09:00,4545.462978495654,4656.780439193507,4508.357158263037,4536.1865234375,601300,0.0,0.0
2018-06-06 00:00:00+09:00,4508.357421875,4554.7396998778295,4383.125271267361,4508.357421875,307000,0.0,0.0
2018-06-07 00:00:00+09:00,4508.357065112229,4536.186429711687,4443.4218810468265,4494.4423828125,205000,0.0,0.0
2018-06-08 00:00:00+09:00,4503.718402866445,4550.100672720889,4489.8037219101125,4540.82421875,275500,0.0,0.0
2018-06-11 00:00:00+09:00,4591.844694400262,4675.332779752994,4591.844694400262,4647.50341796875,279400,0.0,0.0
2018-06-12 00:00:00+09:00,4666.056262754325,4786.650162189328,4666.056262754325,4758.82080078125,289400,0.0,0.0
2018-06-13 00:00:00+09:00,4777.373107910156,4833.031823730469,4777.373107910156,4823.75537109375,214700,0.0,0.0
2018-06-14 00:00:00+09:00,4805.203232273911,4925.797135786577,4758.820961692117,4897.9677734375,273800,0.0,0.0
2018-06-15 00:00:00+09:00,4916.520539494872,4935.073447191078,4842.308908710043,4860.86181640625,200200,0.0,0.0
2018-06-18 00:00:00+09:00,4870.139292124155,4897.968659507722,4786.651189973455,4805.2041015625,150000,0.0,0.0
2018-06-19 00:00:00+09:00,4768.09765625,4823.756383754864,4749.544747081713,4768.09765625,155300,0.0,0.0
2018-06-20 00:00:00+09:00,4758.821252370845,4851.585799200687,4749.544797687861,4814.47998046875,207700,0.0,0.0
2018-06-21 00:00:00+09:00,4805.202780771073,4870.137953484195,4805.202780771073,4842.30859375,133800,0.0,0.0
2018-06-22 00:00:00+09:00,4823.756140506629,4916.520681670218,4823.756140506629,4897.9677734375,226700,0.0,0.0
2018-06-25 00:00:00+09:00,4842.309344517703,4851.585799200687,4777.374161736814,4814.47998046875,170900,0.0,0.0
2018-06-26 00:00:00+09:00,4823.756747840691,4842.309658409309,4786.650926703454,4833.033203125,142900,0.0,0.0
2018-06-27 00:00:00+09:00,4842.308962960776,4935.0735024810965,4823.756055056711,4907.244140625,205700,0.0,0.0
2018-06-28 00:00:00+09:00,4879.415163249639,4907.2445272985915,4795.927071102782,4814.47998046875,212700,0.0,0.0
2018-06-29 00:00:00+09:00,4851.585338808175,4851.585338808175,4740.267893175865,4758.82080078125,160500,0.0,0.0
2018-07-02 00:00:00+09:00,4740.267957249564,4749.544411177645,4628.950510112587,4647.50341796875,206200,0.0,0.0
2018-07-03 00:00:00+09:00,4666.056325824913,4712.43859546532,4582.568240472181,4647.50341796875,267600,0.0,0.0
2018-07-04 00:00:00+09:00,4591.845054326095,4730.991874154159,4582.568599670891,4712.43896484375,203200,0.0,0.0
2018-07-05 00:00:00+09:00,4693.885455886044,4721.714816296436,4596.4826944496735,4619.673828125,212000,0.0,0.0
2018-07-06 00:00:00+09:00,4675.333182893426,4684.609637621389,4624.312681889629,4656.7802734375,196100,0.0,0.0
2018-07-09 00:00:00+09:00,4619.674590461339,4721.715595471529,4619.674590461339,4693.88623046875,150200,0.0,0.0
2018-07-10 00:00:00+09:00,4693.885455886044,4749.544176706828,4619.673828125,4619.673828125,223100,0.0,0.0
2018-07-11 00:00:00+09:00,4647.504038217905,4684.60985888232,4624.312900302646,4633.58935546875,171100,0.0,0.0
2018-07-12 00:00:00+09:00,4647.503818709537,4703.162547077315,4647.503818709537,4656.7802734375,119000,0.0,0.0
2018-07-13 00:00:00+09:00,4675.333233173077,4712.439052483975,4647.503868689903,4703.16259765625,93700,0.0,0.0
2018-07-16 00:00:00+09:00,4703.16259765625,4703.16259765625,4703.16259765625,4703.16259765625,0,0.0,0.0
2018-07-17 00:00:00+09:00,4703.163087822755,4833.033468946066,4693.886632028233,4805.2041015625,254400,0.0,0.0
2018-07-18 00:00:00+09:00,4860.861792610867,4879.414700216253,4730.991439373172,4758.82080078125,148300,0.0,0.0
2018-07-19 00:00:00+09:00,4740.267693413628,4749.544146825397,4656.779612707713,4675.33251953125,153200,0.0,0.0
2018-07-20 00:00:00+09:00,4693.886019576848,4795.927020002432,4693.886019576848,4768.09765625,189500,0.0,0.0
2018-07-23 00:00:00+09:00,4768.098056356189,4851.5861546192355,4768.098056356189,4777.37451171875,160400,0.0,0.0
2018-07-24 00:00:00+09:00,4814.47992917072,4814.47992917072,4758.821201665856,4768.09765625,92200,0.0,0.0
2018-07-25 00:00:00+09:00,4777.373477711397,4777.373477711397,4712.438304227941,4730.9912109375,92900,0.0,0.0
2018-07-26 00:00:00+09:00,4795.927071102782,4833.032889834718,4768.097707053829,4814.47998046875,177200,0.0,0.0
2018-07-27 00:00:00+09:00,4805.202808941982,4823.755715540213,4758.820542446402,4786.64990234375,114400,0.0,0.0
2018-07-30 00:00:00+09:00,4730.991874154159,4768.097692774975,4684.609600878138,4712.43896484375,154800,0.0,0.0
2018-07-31 00:00:00+09:00,4666.0565446339015,4675.332998996992,4587.206682547643,4624.3125,306700,0.0,0.0
2018-08-01 00:00:00+09:00,4619.675206919185,4628.951663157979,4522.272416411853,4526.91064453125,197300,0.0,0.0
2018-08-02 00:00:00+09:00,4536.185991764555,4605.75939654622,4531.547764779111,4540.82421875,159600,0.0,0.0
2018-08-03 00:00:00+09:00,4540.825418397876,4545.463646608701,4503.719592711274,4517.63427734375,113400,0.0,0.0
2018-08-06 00:00:00+09:00,4545.463244277264,4559.377927678112,4508.357421875,4508.357421875,121800,0.0,0.0
2018-08-07 00:00:00+09:00,4494.44282679607,4508.357510470361,4457.3370036646265,4499.0810546875,112700,0.0,0.0
2018-08-08 00:00:00+09:00,4475.890003551136,4522.272283380682,4415.593039772727,4438.7841796875,191800,0.0,0.0
2018-08-09 00:00:00+09:00,4406.316583806818,4461.975319602273,4373.848987926136,4438.7841796875,172000,0.0,0.0
2018-08-10 00:00:00+09:00,4448.059919451564,4457.33637392383,4392.401192617968,4410.9541015625,135900,0.0,0.0
2018-08-13 00:00:00+09:00,4369.2103122490635,4383.124994772149,4322.828037172109,4332.1044921875,143000,0.0,0.0
2018-08-14 00:00:00+09:00,4378.485626317176,4410.953210410629,4332.103363326528,4401.6767578125,142600,0.0,0.0
2018-08-15 00:00:00+09:00,4443.421462673611,4466.61259765625,4378.486284722222,4383.12451171875,121500,0.0,0.0
2018-08-16 00:00:00+09:00,4341.380859375,4369.210223858173,4313.551494891827,4341.380859375,156400,0.0,0.0
2018-08-17 00:00:00+09:00,4355.295192912474,4392.401009252516,4332.104057699948,4378.486328125,113800,0.0,0.0
2018-08-20 00:00:00+09:00,4359.934303977273,4373.848987926136,4322.828480113636,4336.7431640625,92900,0.0,0.0
2018-08-21 00:00:00+09:00,4322.827949719551,4359.933769030448,4299.63681265024,4341.380859375,85400,0.0,0.0
2018-08-22 00:00:00+09:00,4318.188937400583,4387.762335962354,4304.274257688229,4373.84765625,89600,0.0,0.0
2018-08-23 00:00:00+09:00,4387.762965381835,4429.507010507032,4373.848283673436,4410.9541015625,100000,0.0,0.0
2018-08-24 00:00:00+09:00,4443.4225398720855,4480.528364839702,4420.231399267325,4475.89013671875,100700,0.0,0.0
2018-08-27 00:00:00+09:00,4512.995783342634,4554.739834781569,4503.719327467315,4545.46337890625,101000,0.0,0.0
2018-08-28 00:00:00+09:00,4564.015794311145,4587.206931477361,4489.804155379257,4494.4423828125,163500,0.0,0.0
2018-08-29 00:00:00+09:00,4494.442345482129,4568.653983797623,4489.804118087411,4550.10107421875,132800,0.0,0.0
2018-08-30 00:00:00+09:00,4568.654429635788,4587.207341025171,4531.54860685702,4554.73974609375,167600,0.0,0.0
2018-08-31 00:00:00+09:00,4536.187100770043,4573.292925725217,4526.91064453125,4526.91064453125,91800,0.0,0.0
2018-09-03 00:00:00+09:00,4540.82421875,4554.738899706333,4448.059679041114,4540.82421875,212100,0.0,0.0
2018-09-04 00:00:00+09:00,4174.404110967245,4183.680564547172,4081.6395751679734,4141.9365234375,926100,0.0,0.0
2018-09-05 00:00:00+09:00,4109.470127431941,4114.10835556674,4044.5349335447545,4067.72607421875,551300,0.0,0.0
2018-09-06 00:00:00+09:00,4035.258568657769,4039.8967968976053,3970.3233733000575,4007.42919921875,345500,0.0,0.0
2018-09-07 00:00:00+09:00,3979.5995441593536,4072.364102298266,3979.5995441593536,4063.087646484375,216500,0.0,0.0
2018-09-10 00:00:00+09:00,4072.364517792226,4169.767313775867,4072.364517792226,4146.576171875,245600,0.0,0.0
2018-09-11 00:00:00+09:00,4179.043012695312,4192.9576953125,4151.213647460938,4174.40478515625,215000,0.0,0.0
2018-09-12 00:00:00+09:00,4155.851918798665,4179.04305673839,4104.83141533127,4169.7666015625,179400,0.0,0.0
2018-09-13 00:00:00+09:00,4179.042663843096,4211.51025390625,4169.766209539338,4211.51025390625,254700,0.0,0.0
2018-09-14 00:00:00+09:00,4239.340015381674,4239.340015381674,4160.49014638661,4169.7666015625,222800,0.0,0.0
2018-09-17 00:00:00+09:00,4169.7666015625,4169.7666015625,4169.7666015625,4169.7666015625,0,0.0,0.0
2018-09-18 00:00:00+09:00,4169.76674189737,4327.466485194934,4132.660919945001,4308.91357421875,225000,0.0,0.0
2018-09-19 00:00:00+09:00,4341.380693020505,4429.507010507032,4332.104238548239,4410.9541015625,219000,0.0,0.0
2018-09-20 00:00:00+09:00,4448.059124845055,4480.526709697939,4410.953313584617,4443.4208984375,213700,0.0,0.0
2018-09-21 00:00:00+09:00,4499.080034878669,4517.632942238994,4461.97422015802,4503.71826171875,216600,0.0,0.0
2018-09-24 00:00:00+09:00,4503.71826171875,4503.71826171875,4503.71826171875,4503.71826171875,0,0.0,0.0
2018-09-25 00:00:00+09:00,4452.698820153061,4545.46337890625,4434.145908402424,4545.46337890625,267200,0.0,0.0
2018-09-26 00:00:00+09:00,4536.186576224662,4638.227583051802,4499.080755560248,4633.58935546875,214100,0.0,0.0
2018-09-27 00:00:00+09:00,4647.503818709537,4749.544820717131,4647.503818709537,4656.7802734375,322100,0.0,0.0
2018-09-28 00:00:00+09:00,4656.779612707713,4758.820600237165,4656.779612707713,4675.33251953125,233600,0.0,0.0
2018-10-01 00:00:00+09:00,4647.503439903259,4795.926703453064,4628.950531959534,4749.54443359375,199100,0.0,0.0
2018-10-02 00:00:00+09:00,4777.374161736814,4870.138708566655,4730.991888321893,4814.47998046875,257000,0.0,0.0
2018-10-03 00:00:00+09:00,4879.4144353349075,4879.4144353349075,4786.64990234375,4786.64990234375,232400,0.0,0.0
2018-10-04 00:00:00+09:00,4814.480156136666,4823.756611158124,4730.992060943544,4795.92724609375,230900,0.0,0.0
2018-10-05 00:00:00+09:00,4777.3745182167895,4907.244893469285,4758.821607466433,4879.41552734375,249500,0.0,0.0
2018-10-08 00:00:00+09:00,4879.41552734375,4879.41552734375,4879.41552734375,4879.41552734375,0,0.0,0.0
2018-10-09 00:00:00+09:00,4851.584729003906,4860.861181640626,4777.373107910156,4823.75537109375,172100,0.0,0.0
2018-10-10 00:00:00+09:00,4842.309308035715,4907.244490327381,4833.032853422619,4870.138671875,157500,0.0,0.0
2018-10-11 00:00:00+09:00,4749.544747081713,4842.309292923152,4740.268292497568,4768.09765625,220500,0.0,0.0
2018-10-12 00:00:00+09:00,4712.438617706299,4795.926703453064,4675.332801818848,4749.54443359375,194900,0.0,0.0
2018-10-15 00:00:00+09:00,4684.609630696123,4721.715449553121,4605.759765625,4605.759765625,235600,0.0,0.0
2018-10-16 00:00:00+09:00,4605.7593640617115,4666.056314447213,4540.82418672348,4596.48291015625,382400,0.0,0.0
2018-10-17 00:00:00+09:00,4624.3128179618025,4721.715595471529,4619.674590461339,4693.88623046875,226100,0.0,0.0
2018-10-18 00:00:00+09:00,4712.438333178323,4749.544146825397,4666.056066119481,4675.33251953125,134300,0.0,0.0
2018-10-19 00:00:00+09:00,4638.227500463192,4712.439140470603,4638.227500463192,4693.88623046875,141700,0.0,0.0
2018-10-22 00:00:00+09:00,4684.608944163603,4749.544117647059,4666.056037454044,4730.9912109375,123400,0.0,0.0
2018-10-23 00:00:00+09:00,4675.333761160714,4703.163128786671,4536.186923030931,4545.46337890625,219000,0.0,0.0
2018-10-24 00:00:00+09:00,4559.3770515688,4615.035774477066,4540.824143932711,4601.12109375,145500,0.0,0.0
2018-10-25 00:00:00+09:00,4545.4628845781735,4564.015794311145,4485.165927946014,4494.4423828125,203600,0.0,0.0
2018-10-26 00:00:00+09:00,4512.99515326239,4531.548062422769,4429.5070620406805,4457.33642578125,223800,0.0,0.0
2018-10-29 00:00:00+09:00,4410.760287580819,4494.597336341595,4392.129832300647,4457.33642578125,192600,20.0,0.0
2018-10-30 00:00:00+09:00,4443.362544163017,4494.596284190055,4359.525515027866,4387.47119140625,272900,0.0,0.0
2018-10-31 00:00:00+09:00,4406.102210157875,4494.59686342743,4392.129370167944,4480.6240234375,201900,0.0,0.0
2018-11-01 00:00:00+09:00,4480.6240234375,4545.830610057173,4471.308796777547,4480.6240234375,170300,0.0,0.0
2018-11-02 00:00:00+09:00,4485.280887190403,4517.884175051599,4396.78624871001,4513.2265625,215900,0.0,0.0
2018-11-05 00:00:00+09:00,4513.227418893594,4522.542645764375,4461.9936711042965,4485.28173828125,131700,0.0,0.0
2018-11-06 00:00:00+09:00,4494.596080139719,4597.063555541868,4480.62324258488,4578.43310546875,92700,0.0,0.0
2018-11-07 00:00:00+09:00,4615.695008559748,4648.298303272078,4583.09171384742,4601.72216796875,142500,0.0,0.0
2018-11-08 00:00:00+09:00,4666.928981781006,4788.02693939209,4657.613754272461,4769.396484375,129500,0.0,0.0
2018-11-09 00:00:00+09:00,4788.026488077248,4881.178754382254,4769.396034816247,4815.97216796875,167800,0.0,0.0
2018-11-12 00:00:00+09:00,4806.657179881692,4927.755132088014,4797.341952788898,4871.86376953125,152100,0.0,0.0
2018-11-13 00:00:00+09:00,4788.026570084951,4825.287477245146,4741.450436134709,4797.341796875,149400,0.0,0.0
2018-11-14 00:00:00+09:00,4806.658116403234,4881.1799476653,4797.342887495475,4825.28857421875,161000,0.0,0.0
2018-11-15 00:00:00+09:00,4778.711580419266,4862.548625689779,4760.081125914708,4853.2333984375,113300,0.0,0.0
2018-11-16 00:00:00+09:00,4843.917886434387,4890.494019957794,4815.972206320343,4862.54833984375,121300,0.0,0.0
2018-11-19 00:00:00+09:00,4862.548861480076,4909.125,4843.918406072106,4909.125,113600,0.0,0.0
2018-11-20 00:00:00+09:00,4909.124749904726,4983.646567740091,4881.179068216464,4965.01611328125,222700,0.0,0.0
2018-11-21 00:00:00+09:00,4871.8641404372,4899.809823843149,4834.6032292292675,4843.91845703125,167800,0.0,0.0
2018-11-22 00:00:00+09:00,4797.342185469341,4946.385826182951,4797.342185469341,4927.75537109375,192000,0.0,0.0
2018-11-23 00:00:00+09:00,4927.75537109375,4927.75537109375,4927.75537109375,4927.75537109375,0,0.0,0.0
2018-11-26 00:00:00+09:00,4927.755507249099,4946.385962853065,4843.91845703125,4843.91845703125,136000,0.0,0.0
2018-11-27 00:00:00+09:00,4871.86376953125,4890.494223716838,4843.918088252868,4871.86376953125,147100,0.0,0.0
2018-11-28 00:00:00+09:00,4862.548625689779,4871.863852942059,4815.972489428384,4853.2333984375,145600,0.0,0.0
2018-11-29 00:00:00+09:00,4853.232994907236,4862.5482213849855,4713.504597741001,4722.81982421875,237700,0.0,0.0
2018-11-30 00:00:00+09:00,4722.82021690559,4871.863852942059,4722.82021690559,4853.2333984375,496100,0.0,0.0
2018-12-03 00:00:00+09:00,4909.125634388574,4918.440863296332,4778.712429679959,4825.28857421875,293500,0.0,0.0
2018-12-04 00:00:00+09:00,4638.9826244064425,4676.243529020148,4513.227071335184,4536.51513671875,582100,0.0,0.0
2018-12-05 00:00:00+09:00,4536.515533386352,4732.135299713074,4513.2274659665045,4666.9287109375,368600,0.0,0.0
2018-12-06 00:00:00+09:00,4638.983231137949,4694.874595368526,4625.010390080304,4676.244140625,175200,0.0,0.0
2018-12-07 00:00:00+09:00,4732.134928385417,4825.287190755209,4685.558797200521,4806.65673828125,197000,0.0,0.0
2018-12-10 00:00:00+09:00,4713.504845777195,4760.080980616891,4657.613483969561,4666.9287109375,207900,0.0,0.0
2018-12-11 00:00:00+09:00,4685.559164873378,4713.504845777195,4657.613483969561,4666.9287109375,122400,0.0,0.0
2018-12-12 00:00:00+09:00,4732.135171568628,4769.396078431372,4722.819944852941,4750.765625,134400,0.0,0.0
2018-12-13 00:00:00+09:00,4732.13525390625,4778.711388295092,4676.243892639641,4732.13525390625,179200,0.0,0.0
2018-12-14 00:00:00+09:00,4750.765298835845,4806.656655292737,4704.189168455101,4713.50439453125,212500,0.0,0.0
2018-12-17 00:00:00+09:00,4704.1904296875,4722.820886834777,4666.929515392946,4704.1904296875,131100,0.0,0.0
2018-12-18 00:00:00+09:00,4657.613802879715,4685.559485696993,4550.488685413481,4569.119140625,286500,0.0,0.0
2018-12-19 00:00:00+09:00,4583.092135847108,4601.722591683884,4475.9670147856405,4508.5703125,161200,0.0,0.0
2018-12-20 00:00:00+09:00,4475.965997536637,4499.2540620399495,4285.003868609476,4350.21044921875,336600,0.0,0.0
2018-12-21 00:00:00+09:00,4750.765959599104,4797.342096457918,4578.43425322149,4676.244140625,696200,0.0,0.0
2018-12-24 00:00:00+09:00,4676.244140625,4676.244140625,4676.244140625,4676.244140625,0,0.0,0.0
2018-12-25 00:00:00+09:00,4545.8307402012715,4597.064488297802,4289.661999718618,4396.787109375,330900,0.0,0.0
2018-12-26 00:00:00+09:00,4396.787311707188,4531.85810835921,4340.895947575317,4406.1025390625,246100,0.0,0.0
2018-12-27 00:00:00+09:00,4536.515099084424,4722.819620607398,4536.515099084424,4713.50439453125,304400,0.0,0.0
2018-12-28 00:00:00+09:00,4685.559898477158,4704.19035532995,4550.489086294417,4587.75,226700,0.0,0.0
2018-12-31 00:00:00+09:00,4587.75,4587.75,4587.75,4587.75,0,0.0,0.0
2019-01-04 00:00:00+09:00,4522.543154377583,4569.119293969525,4461.994172908058,4508.5703125,268500,0.0,0.0
2019-01-07 00:00:00+09:00,4606.380616239069,4634.326302485211,4503.913100003215,4527.201171875,202500,0.0,0.0
2019-01-08 00:00:00+09:00,4503.912153950519,4545.83067451469,4424.7327262181925,4438.70556640625,214900,0.0,0.0
2019-01-09 00:00:00+09:00,4485.280855103159,4592.405943023588,4475.965630066601,4578.43310546875,246200,0.0,0.0
2019-01-10 00:00:00+09:00,4513.227574972868,4597.0646197092055,4485.281893394088,4559.8037109375,213800,0.0,0.0
2019-01-11 00:00:00+09:00,4597.064736082963,4606.379963511702,4452.6787109375,4452.6787109375,203800,0.0,0.0
2019-01-15 00:00:00+09:00,4382.814671512395,4429.39081042326,4350.211374274789,4415.41796875,219000,0.0,0.0
2019-01-16 00:00:00+09:00,4415.417398404675,4434.0478515625,4359.526038931198,4434.0478515625,153700,0.0,0.0
2019-01-17 00:00:00+09:00,4485.281493389423,4550.48807792468,4471.308653846154,4541.1728515625,218200,0.0,0.0
2019-01-18 00:00:00+09:00,4527.200732570289,4606.380169251045,4517.885504725494,4597.06494140625,180600,0.0,0.0
2019-01-21 00:00:00+09:00,4625.010523302802,4634.325750942888,4550.488702182112,4592.4072265625,161300,0.0,0.0
2019-01-22 00:00:00+09:00,4606.380051048038,4629.668120062436,4550.488685413481,4569.119140625,115800,0.0,0.0
2019-01-23 00:00:00+09:00,4550.4873046875,4569.117754246097,4527.199242739252,4550.4873046875,174700,0.0,0.0
2019-01-24 00:00:00+09:00,4522.543442372703,4541.173899395865,4471.3096855590065,4499.25537109375,211800,0.0,0.0
2019-01-25 00:00:00+09:00,4434.048256080021,4461.9939383662395,4410.760187508172,4452.6787109375,256200,0.0,0.0
2019-01-28 00:00:00+09:00,4406.102910987367,4415.418139128989,4359.526770279255,4378.1572265625,248900,0.0,0.0
2019-01-29 00:00:00+09:00,4340.8952446918265,4378.156148079739,4308.291954227403,4373.49853515625,329400,0.0,0.0
2019-01-30 00:00:00+09:00,4382.814387849507,4461.993818873355,4345.553479132401,4424.73291015625,591600,0.0,0.0
2019-01-31 00:00:00+09:00,4452.679327979576,4522.543543376745,4443.364099259953,4503.9130859375,198700,0.0,0.0
2019-02-01 00:00:00+09:00,4508.571245747227,4629.669233752835,4508.571245747227,4620.35400390625,239200,0.0,0.0
2019-02-04 00:00:00+09:00,4643.6401989601345,4732.134846683547,4638.98258592206,4713.50439453125,201900,0.0,0.0
2019-02-05 00:00:00+09:00,4704.189371263252,4769.395956607495,4685.558918307754,4722.81982421875,167300,0.0,0.0
2019-02-06 00:00:00+09:00,4741.4501953125,4788.026326897102,4713.504516361739,4741.4501953125,126900,0.0,0.0
2019-02-07 00:00:00+09:00,4778.711556570871,4778.711556570871,4685.5592845129595,4694.87451171875,97300,0.0,0.0
2019-02-08 00:00:00+09:00,4648.29930312972,4676.244990322885,4611.038386872167,4625.01123046875,138700,0.0,0.0
2019-02-12 00:00:00+09:00,4652.955625635632,4722.81982421875,4652.955625635632,4722.81982421875,166200,0.0,0.0
2019-02-13 00:00:00+09:00,4722.820193336123,4732.135420541915,4676.244057307168,4694.87451171875,125900,0.0,0.0
2019-02-14 00:00:00+09:00,4722.820027028482,4788.026615172859,4713.504800150714,4732.13525390625,160400,0.0,0.0
2019-02-15 00:00:00+09:00,4694.875448451661,4713.505906580438,4615.696001404362,4625.01123046875,181100,0.0,0.0
2019-02-18 00:00:00+09:00,4694.874063727898,4760.080647946341,4666.928384777137,4741.4501953125,198000,0.0,0.0
2019-02-19 00:00:00+09:00,4760.080889714806,4834.602704035195,4732.13520934466,4797.341796875,174400,0.0,0.0
2019-02-20 00:00:00+09:00,4769.396116504855,4815.972250455097,4769.396116504855,4797.341796875,99500,0.0,0.0
2019-02-21 00:00:00+09:00,4806.656859645954,4834.6025390625,4788.02640670159,4834.6025390625,122300,0.0,0.0
2019-02-22 00:00:00+09:00,4825.287190755209,4834.6024169921875,4788.026285807292,4806.65673828125,77400,0.0,0.0
2019-02-25 00:00:00+09:00,4843.918289301049,4918.440109136451,4843.918289301049,4881.17919921875,180000,0.0,0.0
2019-02-26 00:00:00+09:00,4843.918509381092,4881.179420991715,4769.396686159845,4778.7119140625,129100,0.0,0.0
2019-02-27 00:00:00+09:00,4806.656655292737,4834.602333521183,4652.9554250362835,4713.50439453125,298400,0.0,0.0
2019-02-28 00:00:00+09:00,4704.189738924541,4722.820193336123,4666.928830101377,4694.87451171875,224300,0.0,0.0
2019-03-01 00:00:00+09:00,4666.9287109375,4722.820072745135,4643.640643517652,4666.9287109375,157100,0.0,0.0
2019-03-04 00:00:00+09:00,4843.91845703125,4909.125051645133,4788.0270902193515,4843.91845703125,290400,0.0,0.0
2019-03-05 00:00:00+09:00,4797.3424552424785,4815.972911379342,4741.451086831887,4760.08154296875,144600,0.0,0.0
2019-03-06 00:00:00+09:00,4788.026570084951,4825.287477245146,4760.080889714806,4797.341796875,155600,0.0,0.0
2019-03-07 00:00:00+09:00,4815.97216796875,4871.863527751753,4778.711261446748,4815.97216796875,155700,0.0,0.0
2019-03-08 00:00:00+09:00,4797.341796875,4834.602704035195,4788.026570084951,4797.341796875,173900,0.0,0.0
2019-03-11 00:00:00+09:00,4843.917886434387,4890.494019957794,4825.287433025023,4862.54833984375,93100,0.0,0.0
2019-03-12 00:00:00+09:00,4890.4937744140625,4937.069905598959,4881.178548177084,4918.439453125,85600,0.0,0.0
2019-03-13 00:00:00+09:00,4937.069289434524,4983.645414806548,4871.862713913691,4890.4931640625,186600,0.0,0.0
2019-03-14 00:00:00+09:00,4955.701053727552,4965.016281272153,4918.440143549149,4927.75537109375,71800,0.0,0.0
2019-03-15 00:00:00+09:00,4937.069626559612,5039.537109375,4937.069626559612,5039.537109375,214500,0.0,0.0
2019-03-18 00:00:00+09:00,5076.797726339079,5086.112951525023,5020.90637522342,5048.85205078125,80600,0.0,0.0
2019-03-19 00:00:00+09:00,5058.168337673611,5058.168337673611,5002.276974826389,5030.22265625,73300,0.0,0.0
2019-03-20 00:00:00+09:00,5020.90837207739,5142.00634765625,5020.90837207739,5142.00634765625,204800,0.0,0.0
2019-03-22 00:00:00+09:00,5151.3203125,5179.2659923146475,5104.744179475588,5151.3203125,210300,0.0,0.0
2019-03-25 00:00:00+09:00,5086.11364813536,5114.059327520718,5048.852742288213,5058.16796875,129200,0.0,0.0
2019-03-26 00:00:00+09:00,5114.059164139368,5244.472330438003,5104.743937975179,5207.21142578125,231000,0.0,0.0
2019-03-27 00:00:00+09:00,5216.527058266488,5263.103192715296,5188.581377597204,5225.84228515625,167900,0.0,0.0
2019-03-28 00:00:00+09:00,5169.95166015625,5197.897344805743,5142.005975506757,5169.95166015625,148100,0.0,0.0
2019-03-29 00:00:00+09:00,5263.104063349185,5356.25634765625,5244.473606487772,5356.25634765625,436700,0.0,0.0
2019-04-01 00:00:00+09:00,5402.832692464192,5440.093607584636,5346.941319783528,5365.57177734375,204500,0.0,0.0
2019-04-02 00:00:00+09:00,5402.832134772527,5412.1473625911,5263.1037174939265,5272.4189453125,196400,0.0,0.0
2019-04-03 00:00:00+09:00,5216.527058266488,5244.472738935773,5188.581377597204,5225.84228515625,123200,0.0,0.0
2019-04-04 00:00:00+09:00,5197.897141880077,5197.897141880077,5160.63623046875,5160.63623046875,138500,0.0,0.0
2019-04-05 00:00:00+09:00,5151.320850861379,5169.951306018201,5086.1142578125,5086.1142578125,210800,0.0,0.0
2019-04-08 00:00:00+09:00,5123.375889874887,5179.267263218977,5104.745432093524,5142.00634765625,110000,0.0,0.0
2019-04-09 00:00:00+09:00,5104.744545454545,5151.320681818182,5058.168409090908,5123.375,116000,0.0,0.0
2019-04-10 00:00:00+09:00,5132.689534060508,5142.004760075136,5086.113403987363,5114.05908203125,83700,0.0,0.0
2019-04-11 00:00:00+09:00,5067.483802655678,5104.744712969323,5058.168575077267,5086.1142578125,95200,0.0,0.0
2019-04-12 00:00:00+09:00,5095.42879246703,5104.74401877867,5030.222208285551,5076.79833984375,157700,0.0,0.0
2019-04-15 00:00:00+09:00,5104.74560546875,5132.69129308993,5076.799917847571,5104.74560546875,219500,0.0,0.0
2019-04-16 00:00:00+09:00,5123.374553982505,5142.005006906077,5048.852742288213,5058.16796875,183600,0.0,0.0
2019-04-17 00:00:00+09:00,5067.483195211787,5076.798421673573,5030.222289364641,5058.16796875,167400,0.0,0.0
2019-04-18 00:00:00+09:00,5058.168796546437,5058.168796546437,4974.331744669977,4983.64697265625,185300,0.0,0.0
2019-04-19 00:00:00+09:00,5011.5927734375,5030.223229844331,4983.647088827253,5011.5927734375,123100,0.0,0.0
2019-04-22 00:00:00+09:00,5011.592272727273,5142.005454545454,5002.277045454545,5123.375,263500,0.0,0.0
2019-04-23 00:00:00+09:00,5086.115147054631,5151.321751504049,5086.115147054631,5104.74560546875,478100,0.0,0.0
2019-04-24 00:00:00+09:00,5104.745147482322,5170.19059809107,5095.395797395358,5123.44384765625,346000,20.0,0.0
2019-04-25 00:00:00+09:00,5123.443907806839,5198.238709380661,5123.443907806839,5160.84130859375,212600,0.0,0.0
2019-04-26 00:00:00+09:00,5160.840105108499,5179.538801141502,5104.744017009494,5170.189453125,142700,0.0,0.0
2019-05-07 00:00:00+09:00,5170.190628551137,5179.539978693182,5123.443877840909,5142.142578125,125800,0.0,0.0
2019-05-08 00:00:00+09:00,5104.74453125,5123.443229166666,5020.600390625,5048.6484375,183100,0.0,0.0
2019-05-09 00:00:00+09:00,5039.299387613933,5048.6487371271305,4927.107193455552,4936.45654296875,197000,0.0,0.0
2019-05-10 00:00:00+09:00,4955.154947916667,4964.504296875,4871.010807291666,4908.408203125,225000,0.0,0.0
2019-05-13 00:00:00+09:00,4936.457060731132,5001.902514187795,4917.758359743514,4955.15576171875,143700,0.0,0.0
2019-05-14 00:00:00+09:00,4871.010970365084,4917.757716721754,4852.312271822416,4861.66162109375,205000,0.0,0.0
2019-05-15 00:00:00+09:00,4908.408587166432,4992.552734375,4899.059237476591,4992.552734375,148300,0.0,0.0
2019-05-16 00:00:00+09:00,5029.94909690367,5095.39453125,5011.250401376146,5095.39453125,142800,0.0,0.0
2019-05-17 00:00:00+09:00,5151.490342200123,5216.935773044771,5123.44230040956,5207.58642578125,153000,0.0,0.0
2019-05-20 00:00:00+09:00,5226.2861328125,5254.334180036896,5198.238085588104,5226.2861328125,105400,0.0,0.0
2019-05-21 00:00:00+09:00,5235.634467571813,5263.682509362377,5207.58642578125,5207.58642578125,124800,0.0,0.0
2019-05-22 00:00:00+09:00,5244.984699339269,5244.984699339269,5142.141862097323,5151.4912109375,128800,0.0,0.0
2019-05-23 00:00:00+09:00,5170.190164448302,5310.4304039903,5160.840815145502,5301.0810546875,194800,0.0,0.0
2019-05-24 00:00:00+09:00,5282.381997244698,5291.731345912388,5226.28590523856,5235.63525390625,137700,0.0,0.0
2019-05-27 00:00:00+09:00,5235.636200716845,5244.985551075269,5198.238799283154,5216.9375,72000,0.0,0.0
2019-05-28 00:00:00+09:00,5179.539191042048,5198.237888482632,5104.744401279707,5114.09375,108300,0.0,0.0
2019-05-29 00:00:00+09:00,5057.9967350746265,5086.044776119403,4983.201958955224,5011.25,135600,0.0,0.0
2019-05-30 00:00:00+09:00,4936.4558502906975,4945.805198492006,4814.914323673692,4824.263671875,228600,0.0,0.0
2019-05-31 00:00:00+09:00,4824.264618038667,4861.662018178502,4758.819167793957,4805.56591796875,191000,0.0,0.0
2019-06-03 00:00:00+09:00,4730.770413000607,4814.91455078125,4721.421064358313,4814.91455078125,195100,0.0,0.0
2019-06-04 00:00:00+09:00,4768.168332529258,4814.915080887388,4604.554713275803,4693.37353515625,454700,0.0,0.0
2019-06-05 00:00:00+09:00,4768.168128380408,4899.059018179087,4712.072032752403,4861.66162109375,307700,0.0,0.0
2019-06-06 00:00:00+09:00,4805.564975472384,4861.661064680233,4777.516930868459,4824.263671875,153600,0.0,0.0
2019-06-07 00:00:00+09:00,4805.564784290703,4871.010219096219,4796.215436461343,4852.3115234375,143800,0.0,0.0
2019-06-10 00:00:00+09:00,4861.661108993902,4992.551985005277,4861.661108993902,4983.20263671875,173200,0.0,0.0
2019-06-11 00:00:00+09:00,4917.757648820033,4964.50439453125,4889.709601393302,4964.50439453125,184000,0.0,0.0
2019-06-12 00:00:00+09:00,4908.408494429155,4983.203290534742,4899.0591449159565,4936.45654296875,136000,0.0,0.0
2019-06-13 00:00:00+09:00,4936.455895286116,4992.551985005277,4917.757198713062,4983.20263671875,234500,0.0,0.0
2019-06-14 00:00:00+09:00,4936.456802339319,4964.504852352611,4917.758102330458,4945.80615234375,170200,0.0,0.0
2019-06-17 00:00:00+09:00,4917.757519344527,4945.805566032804,4880.360123760158,4889.70947265625,142900,0.0,0.0
2019-06-18 00:00:00+09:00,4880.360287463804,4899.0589858832045,4833.6135414153,4842.962890625,156700,0.0,0.0
2019-06-19 00:00:00+09:00,4852.3120770718815,4899.058821552342,4842.9627281757885,4889.70947265625,174800,0.0,0.0
2019-06-20 00:00:00+09:00,4917.758102330458,4945.80615234375,4880.360702312736,4945.80615234375,184700,0.0,0.0
2019-06-21 00:00:00+09:00,4964.504463078425,4964.504463078425,4852.312271822416,4861.66162109375,206600,0.0,0.0
2019-06-24 00:00:00+09:00,4861.662018178502,4861.662018178502,4777.517867863874,4805.56591796875,112400,0.0,0.0
2019-06-25 00:00:00+09:00,4833.6137067114405,4880.3604543585525,4777.517609534905,4796.21630859375,132000,0.0,0.0
2019-06-26 00:00:00+09:00,4758.81881587463,4768.168165218195,4730.770767843935,4740.1201171875,106100,0.0,0.0
2019-06-27 00:00:00+09:00,4730.77099609375,4749.469695683054,4670.0002224285145,4730.77099609375,149000,0.0,0.0
2019-06-28 00:00:00+09:00,4674.674835812998,4712.072234499502,4641.952111962307,4693.37353515625,191300,0.0,0.0
2019-07-01 00:00:00+09:00,4852.312869794215,4871.011570641206,4702.723263018285,4777.51806640625,206800,0.0,0.0
2019-07-02 00:00:00+09:00,4786.867021276596,4842.963119182181,4777.517671625666,4833.61376953125,119200,0.0,0.0
2019-07-03 00:00:00+09:00,4871.010774864066,4899.058821552342,4861.661425967974,4889.70947265625,118000,0.0,0.0
2019-07-04 00:00:00+09:00,4917.7578125,4945.805860860266,4908.408463046578,4917.7578125,78000,0.0,0.0
2019-07-05 00:00:00+09:00,4917.757843942353,4945.805892481949,4889.709795402759,4936.45654296875,63200,0.0,0.0
2019-07-08 00:00:00+09:00,4927.10732909219,4927.10732909219,4871.01123046875,4871.01123046875,92600,0.0,0.0
2019-07-09 00:00:00+09:00,4871.011368213461,4908.408768353295,4796.216567933791,4805.56591796875,156000,0.0,0.0
2019-07-10 00:00:00+09:00,4768.16796875,4777.517317708333,4702.722526041666,4768.16796875,183600,0.0,0.0
2019-07-11 00:00:00+09:00,4805.566117676737,4814.915468100233,4758.819365559259,4777.51806640625,106400,0.0,0.0
2019-07-12 00:00:00+09:00,4777.51695394042,4777.51695394042,4702.72216796875,4702.72216796875,121400,0.0,0.0
2019-07-16 00:00:00+09:00,4712.072239951972,4721.421589634416,4571.831994715306,4623.25341796875,244200,0.0,0.0
2019-07-17 00:00:00+09:00,4623.253716916454,4660.651118064413,4571.83229033801,4581.181640625,172400,0.0,0.0
2019-07-18 00:00:00+09:00,4581.180554416973,4604.553924592569,4440.940333363392,4454.96435546875,256600,0.0,0.0
2019-07-19 00:00:00+09:00,4487.687563580875,4604.554427215794,4487.687563580875,4595.205078125,161900,0.0,0.0
2019-07-22 00:00:00+09:00,4529.75914003066,4548.457836171137,4445.615007398511,4454.96435546875,157800,0.0,0.0
2019-07-23 00:00:00+09:00,4454.965103484948,4501.71185168521,4440.941079024869,4464.314453125,112000,0.0,0.0
2019-07-24 00:00:00+09:00,4501.7125315052845,4511.061882557216,4454.965776245624,4506.38720703125,126000,0.0,0.0
2019-07-25 00:00:00+09:00,4501.712213480248,4501.712213480248,4440.9414359358625,4459.64013671875,106000,0.0,0.0
2019-07-26 00:00:00+09:00,4440.940367440569,4492.36178222146,4426.916345227599,4473.6630859375,110000,0.0,0.0
2019-07-29 00:00:00+09:00,4478.3379276084315,4571.831412527188,4473.663253362493,4567.15673828125,170500,0.0,0.0
2019-07-30 00:00:00+09:00,4595.204720349816,4618.578091256986,4567.156675261211,4599.87939453125,144400,0.0,0.0
2019-07-31 00:00:00+09:00,4543.783925065445,4548.458599885471,4464.314453125,4464.314453125,156400,0.0,0.0
2019-08-01 00:00:00+09:00,4454.964362026246,4534.433820740251,4436.265665858245,4525.08447265625,145900,0.0,0.0
2019-08-02 00:00:00+09:00,4459.6402790475395,4497.037681806848,4389.520148873837,4394.19482421875,202600,0.0,0.0
2019-08-05 00:00:00+09:00,4366.145931231735,4408.218001232897,4314.724512341426,4398.86865234375,153200,0.0,0.0
2019-08-06 00:00:00+09:00,4291.351267043193,4422.242155362593,4282.001917877521,4403.54345703125,161400,0.0,0.0
2019-08-07 00:00:00+09:00,4375.495441331924,4445.615560584038,4342.7727190142705,4422.2421875,131800,0.0,0.0
2019-08-08 00:00:00+09:00,4394.193551759904,4394.193551759904,4314.724093908927,4366.1455078125,180500,0.0,0.0
2019-08-09 00:00:00+09:00,4403.543065470248,4436.265784640409,4380.169694634418,4389.51904296875,113200,0.0,0.0
2019-08-13 00:00:00+09:00,4347.447648833069,4468.989196004747,4342.772973941851,4431.591796875,217700,0.0,0.0
2019-08-14 00:00:00+09:00,4440.941146657437,4440.941146657437,4380.170373071598,4431.591796875,159800,0.0,0.0
2019-08-15 00:00:00+09:00,4352.121547793622,4366.145569966963,4305.374807215817,4333.4228515625,204800,0.0,0.0
2019-08-16 00:00:00+09:00,4370.820766715116,4431.591536733615,4356.796742864693,4422.2421875,130900,0.0,0.0
2019-08-19 00:00:00+09:00,4464.314291221217,4473.663640522204,4417.567544716283,4440.94091796875,110200,0.0,0.0
2019-08-20 00:00:00+09:00,4478.337890625,4487.687239039667,4464.3138680030015,4478.337890625,98400,0.0,0.0
2019-08-21 00:00:00+09:00,4422.242219366776,4440.94091796875,4375.495472861842,4440.94091796875,127500,0.0,0.0
2019-08-22 00:00:00+09:00,4468.98873670562,4473.663411116399,4417.567318187041,4450.2900390625,124700,0.0,0.0
2019-08-23 00:00:00+09:00,4511.061882557216,4529.76058466108,4473.664478349488,4506.38720703125,148400,0.0,0.0
2019-08-26 00:00:00+09:00,4403.543132713503,4450.289875098996,4398.8684584749535,4426.91650390625,120300,0.0,0.0
2019-08-27 00:00:00+09:00,4511.060610076331,4515.735284283664,4454.964519588335,4478.337890625,121900,0.0,0.0
2019-08-28 00:00:00+09:00,4511.0612700257125,4515.735944916931,4412.893097310127,4431.591796875,145500,0.0,0.0
2019-08-29 00:00:00+09:00,4431.591019298589,4478.33776000849,4422.241671156609,4473.6630859375,130800,0.0,0.0
2019-08-30 00:00:00+09:00,4501.711975411947,4548.458724897014,4473.663925720906,4539.109375,181900,0.0,0.0
2019-09-02 00:00:00+09:00,4497.036587454332,4534.433981112996,4464.3138680030015,4478.337890625,226100,0.0,0.0
2019-09-03 00:00:00+09:00,4646.626860639957,4749.469708662169,4581.181411898549,4590.53076171875,596200,0.0,0.0
2019-09-04 00:00:00+09:00,4613.903743755586,4637.277116317671,4553.132975094165,4576.50634765625,187300,0.0,0.0
2019-09-05 00:00:00+09:00,4576.506315104167,4651.301106770833,4548.458268229167,4627.927734375,173300,0.0,0.0
2019-09-06 00:00:00+09:00,4627.927799942778,4627.927799942778,4562.482356307223,4595.205078125,125300,0.0,0.0
2019-09-09 00:00:00+09:00,4609.229454966462,4665.325553809867,4604.554780062845,4660.65087890625,122500,0.0,0.0
2019-09-10 00:00:00+09:00,4646.627022384751,4651.301697457573,4599.880271656535,4613.904296875,140400,0.0,0.0
2019-09-11 00:00:00+09:00,4571.831259356288,4702.722133857285,4534.433866641717,4684.0234375,190000,0.0,0.0
2019-09-12 00:00:00+09:00,4721.420830214571,4721.420830214571,4684.0234375,4684.0234375,123900,0.0,0.0
2019-09-13 00:00:00+09:00,4740.119921875,4777.517317708333,4693.373177083334,4768.16796875,203900,0.0,0.0
2019-09-17 00:00:00+09:00,4768.168001174927,4796.216048240662,4740.119954109192,4786.86669921875,111300,0.0,0.0
2019-09-18 00:00:00+09:00,4824.2640625,4833.613411458334,4749.469270833333,4768.16796875,94400,0.0,0.0
2019-09-19 00:00:00+09:00,4777.517671625666,4842.963119182181,4758.818972323804,4833.61376953125,138000,0.0,0.0
2019-09-20 00:00:00+09:00,4861.661755299708,4861.661755299708,4777.517609534905,4796.21630859375,149400,0.0,0.0
2019-09-24 00:00:00+09:00,4786.8667953667955,4861.661589044402,4777.517446157095,4842.962890625,122500,0.0,0.0
2019-09-25 00:00:00+09:00,4842.962368277616,4852.311716478925,4796.215627271075,4824.263671875,97900,0.0,0.0
2019-09-26 00:00:00+09:00,4861.660871266859,4899.058262584296,4824.263479949422,4852.3115234375,207300,0.0,0.0
2019-09-27 00:00:00+09:00,4899.059153417398,4899.059153417398,4758.81891047606,4796.21630859375,131900,0.0,0.0
2019-09-30 00:00:00+09:00,4730.769828631508,4768.167218581164,4721.420481144094,4758.81787109375,124900,0.0,0.0
2019-10-01 00:00:00+09:00,4768.167582667152,4861.661064680233,4768.167582667152,4824.263671875,101800,0.0,0.0
2019-10-02 00:00:00+09:00,4852.3115234375,4908.407610413656,4842.962175608141,4852.3115234375,111100,0.0,0.0
2019-10-03 00:00:00+09:00,4758.81891047606,4805.565658123172,4730.770861887792,4796.21630859375,99900,0.0,0.0
2019-10-04 00:00:00+09:00,4814.914746284485,4814.914746284485,4749.4693031311035,4786.86669921875,102800,0.0,0.0
2019-10-07 00:00:00+09:00,4796.215627271075,4842.962368277616,4768.167582667152,4824.263671875,81200,0.0,0.0
2019-10-08 00:00:00+09:00,4824.264419880319,4833.61376953125,4786.867021276596,4833.61376953125,85400,0.0,0.0
2019-10-09 00:00:00+09:00,4814.914874737079,4880.360319636418,4805.565525465745,4861.66162109375,85300,0.0,0.0
2019-10-10 00:00:00+09:00,4861.661293992718,4861.661293992718,4777.517156212075,4814.91455078125,137800,0.0,0.0
2019-10-11 00:00:00+09:00,4833.61376953125,4852.312468833112,4786.867021276596,4833.61376953125,64000,0.0,0.0
2019-10-15 00:00:00+09:00,4871.01180491728,4936.457261029412,4861.662454044118,4927.10791015625,134500,0.0,0.0
2019-10-16 00:00:00+09:00,4936.455895286116,4992.551985005277,4917.757198713062,4983.20263671875,103400,0.0,0.0
2019-10-17 00:00:00+09:00,4983.203258673954,5020.6006564876425,4917.7578125,4917.7578125,134300,0.0,0.0
2019-10-18 00:00:00+09:00,4917.756958243015,4955.154349560453,4852.3115234375,4852.3115234375,104900,0.0,0.0
2019-10-21 00:00:00+09:00,4880.361155790441,4945.806611902573,4880.361155790441,4927.10791015625,56500,0.0,0.0
2019-10-23 00:00:00+09:00,4955.15459185917,4992.551985005277,4899.058502140009,4983.20263671875,78600,0.0,0.0
2019-10-24 00:00:00+09:00,4983.203258673954,4992.5526081273765,4917.7578125,4917.7578125,82400,0.0,0.0
2019-10-25 00:00:00+09:00,4964.5032649253735,5020.599347014925,4945.804570895522,5011.25,120600,0.0,0.0
2019-10-28 00:00:00+09:00,4983.203552361472,4983.203552361472,4917.758102330458,4945.80615234375,65200,0.0,0.0
2019-10-29 00:00:00+09:00,4955.155210313688,4973.853909220533,4908.408463046578,4917.7578125,110600,0.0,0.0
2019-10-30 00:00:00+09:00,4917.75788606403,4983.453125,4917.75788606403,4983.453125,119600,20.0,0.0
2019-10-31 00:00:00+09:00,5002.223242372105,5002.223242372105,4945.913037017072,4964.68310546875,81600,0.0,0.0
2019-11-01 00:00:00+09:00,4945.913255454009,5002.223463295991,4908.373116892689,4974.068359375,75700,0.0,0.0
2019-11-05 00:00:00+09:00,5002.222517646973,5058.53271484375,4974.067419048585,5058.53271484375,118300,0.0,0.0
2019-11-06 00:00:00+09:00,5039.763329802259,5049.148363935969,4955.2980225988695,4983.453125,98900,0.0,0.0
2019-11-07 00:00:00+09:00,4992.837623123828,5020.992722502346,4955.2974906191375,5002.22265625,80700,0.0,0.0
2019-11-08 00:00:00+09:00,5049.148536253511,5049.148536253511,4983.453295075491,5011.6083984375,109000,0.0,0.0
2019-11-11 00:00:00+09:00,4983.453295075491,5020.993432891502,4983.453295075491,5011.6083984375,77900,0.0,0.0
2019-11-12 00:00:00+09:00,5020.992408866313,5030.37744140625,4983.452278706565,5030.37744140625,72300,0.0,0.0
2019-11-13 00:00:00+09:00,5049.148363935969,5049.148363935969,4983.453125,4983.453125,75100,0.0,0.0
2019-11-14 00:00:00+09:00,4983.452952991833,5020.993088230943,4927.142750133167,4955.2978515625,86300,0.0,0.0
2019-11-15 00:00:00+09:00,4974.068260621489,5030.378467345506,4974.068260621489,5011.6083984375,59800,0.0,0.0
2019-11-18 00:00:00+09:00,4992.838498021415,5039.763671875,4974.068428479981,5039.763671875,77400,0.0,0.0
2019-11-19 00:00:00+09:00,5039.762649111491,5067.917747709879,5030.377616245361,5058.53271484375,52600,0.0,0.0
2019-11-20 00:00:00+09:00,5058.533107806745,5096.0732421875,5049.148074211556,5096.0732421875,57500,0.0,0.0
2019-11-21 00:00:00+09:00,5114.843433686417,5152.383568979528,5058.53323074675,5142.99853515625,109400,0.0,0.0
2019-11-22 00:00:00+09:00,5142.998875366651,5236.849219807649,5114.843772034353,5199.30908203125,155700,0.0,0.0
2019-11-25 00:00:00+09:00,5246.234057877836,5311.929296527469,5227.463989692226,5274.38916015625,145700,0.0,0.0
2019-11-26 00:00:00+09:00,5302.544336649021,5302.544336649021,5152.3837890625,5152.3837890625,156600,0.0,0.0
2019-11-27 00:00:00+09:00,5189.923975412763,5189.923975412763,5124.2287352176645,5133.61376953125,91500,0.0,0.0
2019-11-28 00:00:00+09:00,5124.227806049312,5133.6128386611235,5067.91761037844,5114.8427734375,68700,0.0,0.0
2019-11-29 00:00:00+09:00,5114.8439691005615,5180.539212740385,5114.8439691005615,5124.22900390625,102900,0.0,0.0
2019-12-02 00:00:00+09:00,5114.843772034353,5208.69411647535,5105.458737590253,5199.30908203125,126700,0.0,0.0
2019-12-03 00:00:00+09:00,5124.228121036093,5133.613154224804,5002.222689582853,5086.68798828125,249800,0.0,0.0
2019-12-04 00:00:00+09:00,5020.993670295266,5105.458984375,5020.993670295266,5105.458984375,125600,0.0,0.0
2019-12-05 00:00:00+09:00,5105.457605490018,5189.922896757316,5086.687540763952,5171.15283203125,129200,0.0,0.0
2019-12-06 00:00:00+09:00,5152.383207186653,5218.078439336573,5152.383207186653,5189.92333984375,152300,0.0,0.0
2019-12-09 00:00:00+09:00,5255.619288695848,5255.619288695848,5189.92404758715,5199.30908203125,164900,0.0,0.0
2019-12-10 00:00:00+09:00,5180.538168045617,5255.618431350626,5180.538168045617,5246.2333984375,121200,0.0,0.0
2019-12-11 00:00:00+09:00,5218.0783459100085,5246.233444898732,5180.538213925045,5227.46337890625,119400,0.0,0.0
2019-12-12 00:00:00+09:00,5236.848757701488,5283.77392578125,5199.308623237678,5283.77392578125,128600,0.0,0.0
2019-12-13 00:00:00+09:00,5330.698857438918,5396.394089836933,5302.543757839769,5377.6240234375,246400,0.0,0.0
2019-12-16 00:00:00+09:00,5377.624243759527,5433.934445264863,5358.854176591082,5387.00927734375,147300,0.0,0.0
2019-12-17 00:00:00+09:00,5377.624339535362,5387.009373286733,5311.929103275767,5349.46923828125,129000,0.0,0.0
2019-12-18 00:00:00+09:00,5330.699564248646,5340.084598692746,5189.92404758715,5199.30908203125,185000,0.0,0.0
2019-12-19 00:00:00+09:00,5180.537864394283,5208.6929614833825,5161.767799668217,5171.15283203125,92600,0.0,0.0
2019-12-20 00:00:00+09:00,5236.849440456081,5236.849440456081,5161.769161739865,5208.6943359375,122000,0.0,0.0
2019-12-23 00:00:00+09:00,5218.078439336573,5218.078439336573,5189.92333984375,5189.92333984375,58300,0.0,0.0
2019-12-24 00:00:00+09:00,5189.92404758715,5218.07915091945,5189.92404758715,5199.30908203125,61000,0.0,0.0
2019-12-25 00:00:00+09:00,5208.693723366478,5218.078757102273,5161.7685546875,5161.7685546875,76900,0.0,0.0
2019-12-26 00:00:00+09:00,5180.538479372752,5218.07861328125,5171.153445895628,5218.07861328125,75500,0.0,0.0
2019-12-27 00:00:00+09:00,5246.234475295608,5246.234475295608,5199.309301097973,5208.6943359375,54000,0.0,0.0
2019-12-30 00:00:00+09:00,5208.693771919195,5218.0788057424725,5142.99853515625,5142.99853515625,130500,0.0,0.0
2020-01-06 00:00:00+09:00,5049.148536253511,5067.918605161517,5011.6083984375,5011.6083984375,161100,0.0,0.0
2020-01-07 00:00:00+09:00,5030.378344148452,5161.768823286658,5030.378344148452,5152.3837890625,108500,0.0,0.0
2020-01-08 00:00:00+09:00,5067.91770159427,5105.45783271719,5011.607504909889,5077.302734375,129600,0.0,0.0
2020-01-09 00:00:00+09:00,5133.6127025791175,5189.922896757316,5133.6127025791175,5171.15283203125,71900,0.0,0.0
2020-01-10 00:00:00+09:00,5189.923419189453,5255.61865234375,5189.923419189453,5255.61865234375,83000,0.0,0.0
2020-01-14 00:00:00+09:00,5199.309468806004,5236.849609375,5171.154363379256,5236.849609375,126300,0.0,0.0
2020-01-15 00:00:00+09:00,5199.308738095917,5208.693771919195,5142.99853515625,5142.99853515625,96600,0.0,0.0
2020-01-16 00:00:00+09:00,5180.539263556985,5180.539263556985,5086.688914579503,5105.458984375,108100,0.0,0.0
2020-01-17 00:00:00+09:00,5124.228984811452,5124.228984811452,5020.993602333566,5039.763671875,147200,0.0,0.0
2020-01-20 00:00:00+09:00,5030.3786371042825,5067.918776187151,5020.993602333566,5039.763671875,80200,0.0,0.0
2020-01-21 00:00:00+09:00,5058.532855007036,5058.532855007036,4992.837623123828,5002.22265625,71200,0.0,0.0
2020-01-22 00:00:00+09:00,4964.683393709264,5039.763671875,4964.683393709264,5039.763671875,124500,0.0,0.0
2020-01-23 00:00:00+09:00,4974.068260621489,5030.378467345506,4955.298191713483,5011.6083984375,110300,0.0,0.0
2020-01-24 00:00:00+09:00,4974.067994304907,5049.148265917056,4964.682960353388,5020.9931640625,117200,0.0,0.0
2020-01-27 00:00:00+09:00,4964.683226167485,5011.6083984375,4908.373019443469,5011.6083984375,144000,0.0,0.0
2020-01-28 00:00:00+09:00,4945.912892450351,5049.148265917056,4945.912892450351,5020.9931640625,151800,0.0,0.0
2020-01-29 00:00:00+09:00,5020.992722502346,5020.992722502346,4974.067556871482,5002.22265625,102900,0.0,0.0
2020-01-30 00:00:00+09:00,4955.29789983365,4992.838035438451,4908.37273032765,4936.52783203125,111000,0.0,0.0
2020-01-31 00:00:00+09:00,4983.453028256426,5058.533299868575,4964.682960353388,5020.9931640625,94400,0.0,0.0
2020-02-03 00:00:00+09:00,4955.2979264018695,5039.763231965538,4945.912892450351,5020.9931640625,108300,0.0,0.0
2020-02-04 00:00:00+09:00,5039.763426395395,5142.9988038448355,5002.223289141054,5133.61376953125,123600,0.0,0.0
2020-02-05 00:00:00+09:00,5152.383568979528,5161.768602802806,5096.073366039861,5142.99853515625,109200,0.0,0.0
2020-02-06 00:00:00+09:00,5161.768240350927,5227.463472500847,5152.383207186653,5189.92333984375,168000,0.0,0.0
2020-02-07 00:00:00+09:00,5180.538001720183,5180.538001720183,5096.0727082138765,5114.8427734375,76700,0.0,0.0
2020-02-10 00:00:00+09:00,5067.918795072115,5124.22900390625,5049.148725460737,5124.22900390625,88900,0.0,0.0
2020-02-12 00:00:00+09:00,5142.999123965992,5142.999123965992,5086.688914579503,5105.458984375,73100,0.0,0.0
2020-02-13 00:00:00+09:00,5086.68798828125,5105.458054658671,5030.377789148985,5086.68798828125,93200,0.0,0.0
2020-02-14 00:00:00+09:00,5086.688668702053,5208.69411647535,5077.3036342579535,5199.30908203125,171200,0.0,0.0
2020-02-17 00:00:00+09:00,5133.613453480114,5208.693723366478,5096.073318536932,5161.7685546875,108200,0.0,0.0
2020-02-18 00:00:00+09:00,5152.383443758633,5171.1535109490105,5067.918141401934,5096.0732421875,130000,0.0,0.0
2020-02-19 00:00:00+09:00,5161.767799668217,5218.077993846416,5142.997734942151,5171.15283203125,131500,0.0,0.0
2020-02-20 00:00:00+09:00,5199.309009726348,5199.309009726348,5124.2287352176645,5133.61376953125,79500,0.0,0.0
2020-02-21 00:00:00+09:00,5096.0732421875,5142.998410163444,5086.688208592312,5096.0732421875,121500,0.0,0.0
2020-02-25 00:00:00+09:00,4936.527355127427,4955.297421116505,4833.2919921875,4833.2919921875,233300,0.0,0.0
2020-02-26 00:00:00+09:00,4776.982153799019,4805.137254901961,4730.056985294117,4786.3671875,177500,0.0,0.0
2020-02-27 00:00:00+09:00,4767.59687421006,4776.98190742701,4626.821375955827,4640.89892578125,214300,0.0,0.0
2020-02-28 00:00:00+09:00,4504.81650472689,4518.894056304162,4425.043712455686,4467.2763671875,244900,0.0,0.0
2020-03-02 00:00:00+09:00,4425.0433349609375,4631.514073813833,4415.658301376715,4617.4365234375,226800,0.0,0.0
2020-03-03 00:00:00+09:00,4683.131758527058,4786.367127953506,4603.358973061166,4617.4365234375,256600,0.0,0.0
2020-03-04 00:00:00+09:00,4608.05224609375,4669.054974402527,4603.359728531536,4608.05224609375,221500,0.0,0.0
2020-03-05 00:00:00+09:00,4659.6696529522615,4683.132239321608,4589.281893844221,4669.0546875,249100,0.0,0.0
2020-03-06 00:00:00+09:00,4608.051595895401,4636.206697295985,4518.893774793555,4528.27880859375,183100,0.0,0.0
2020-03-09 00:00:00+09:00,4396.889062606611,4425.044168663858,4260.806049996589,4298.34619140625,195200,0.0,0.0
2020-03-10 00:00:00+09:00,4232.650199142156,4331.193053002451,4124.722311580882,4307.73046875,285300,0.0,0.0
2020-03-11 00:00:00+09:00,4307.730651654915,4420.351060848508,4284.26806640625,4284.26806640625,240400,0.0,0.0
2020-03-12 00:00:00+09:00,4152.877673841503,4213.88039673409,4035.5647452019125,4110.64501953125,338300,0.0,0.0
2020-03-13 00:00:00+09:00,3782.168930968865,3918.2519322071985,3669.548516150933,3833.78662109375,437300,0.0,0.0
2020-03-16 00:00:00+09:00,3838.478609664352,3979.2541087962964,3782.168410011574,3800.9384765625,272100,0.0,0.0
2020-03-17 00:00:00+09:00,3735.2436478845607,4134.107605259168,3702.3960278654754,4110.64501953125,419100,0.0,0.0
2020-03-18 00:00:00+09:00,4195.110055124798,4523.586233937702,4181.032504604245,4359.34814453125,501700,0.0,0.0
2020-03-19 00:00:00+09:00,4528.279529861992,4720.672753410533,4467.276800444162,4622.1298828125,374000,0.0,0.0
2020-03-23 00:00:00+09:00,4659.6698055945835,4795.752810994627,4561.126939615242,4748.82763671875,460800,0.0,0.0
2020-03-24 00:00:00+09:00,4880.217187499999,5002.2226171875,4500.123348858173,4575.20361328125,380900,0.0,0.0
2020-03-25 00:00:00+09:00,4692.51708984375,4805.1375,4518.893957519532,4692.51708984375,336000,0.0,0.0
2020-03-26 00:00:00+09:00,4678.4393997482475,5039.763204944451,4631.514230242246,4936.52783203125,390400,0.0,0.0
2020-03-27 00:00:00+09:00,5020.9926861335025,5311.9287109375,5011.607653075309,5311.9287109375,477400,0.0,0.0
2020-03-30 00:00:00+09:00,5236.848722956731,5509.014696013622,5180.538521634616,5490.24462890625,414400,0.0,0.0
2020-03-31 00:00:00+09:00,5480.859661822553,5546.554897495083,5358.854224144996,5368.2392578125,372900,0.0,0.0
2020-04-01 00:00:00+09:00,5302.544602944818,5415.165019290548,5246.234394771952,5330.69970703125,431500,0.0,0.0
2020-04-02 00:00:00+09:00,5302.543737815043,5415.1641357863355,5171.153273515201,5189.92333984375,253600,0.0,0.0
2020-04-03 00:00:00+09:00,5302.543897948358,5415.164299320712,5189.923496576003,5321.31396484375,331400,0.0,0.0
2020-04-06 00:00:00+09:00,5321.314450629526,5546.555273936595,5321.314450629526,5509.01513671875,333500,0.0,0.0
2020-04-07 00:00:00+09:00,5537.169701360887,5602.864935105847,5462.08943422379,5527.78466796875,283300,0.0,0.0
2020-04-08 00:00:00+09:00,5527.785395907242,5687.330984583681,5518.400361279216,5621.6357421875,412800,0.0,0.0
2020-04-09 00:00:00+09:00,5565.32502317267,5640.405293299788,5415.164482918432,5537.169921875,458500,0.0,0.0
2020-04-10 00:00:00+09:00,5527.785205327673,5527.785205327673,5443.319896587522,5509.01513671875,265700,0.0,0.0
2020-04-13 00:00:00+09:00,5471.475217235332,5574.710598692602,5462.090182557398,5518.400390625,218500,0.0,0.0
2020-04-14 00:00:00+09:00,5555.940138658941,5677.945580893005,5537.17007062293,5668.560546875,269900,0.0,0.0
2020-04-15 00:00:00+09:00,5677.94565453662,5771.79599593392,5677.94565453662,5734.255859375,339300,0.0,0.0
2020-04-16 00:00:00+09:00,5696.71633984375,5865.64697265625,5687.3313046875,5865.64697265625,309700,0.0,0.0
2020-04-17 00:00:00+09:00,5950.111694530008,5978.266797185513,5753.025975941475,5903.1865234375,379500,0.0,0.0
2020-04-20 00:00:00+09:00,5818.72216796875,5884.417418252268,5781.182024949597,5818.72216796875,266600,0.0,0.0
2020-04-21 00:00:00+09:00,5724.871495034109,5865.647023600522,5706.1014245585875,5846.876953125,215200,0.0,0.0
2020-04-22 00:00:00+09:00,5837.491500806052,5959.496950179811,5809.336397104415,5912.57177734375,347500,0.0,0.0
2020-04-23 00:00:00+09:00,5959.496283766946,6006.421451355662,5818.720781000798,5884.416015625,314700,0.0,0.0
2020-04-24 00:00:00+09:00,5931.3424009026685,5978.267578125,5771.796798346742,5978.267578125,495100,0.0,0.0
2020-04-27 00:00:00+09:00,5987.651402064732,5987.651402064732,5771.795630516944,5781.1806640625,896100,0.0,0.0
2020-04-28 00:00:00+09:00,5837.673641056209,5865.920448996803,5752.933217234426,5800.01123046875,399300,20.0,0.0
2020-04-30 00:00:00+09:00,5762.348707932692,5790.5955153245195,5574.036658653846,5630.5302734375,440700,0.0,0.0
2020-05-01 00:00:00+09:00,5649.3623046875,5734.102739257813,5602.284285481771,5649.3623046875,223200,0.0,0.0
2020-05-07 00:00:00+09:00,5592.868681640625,5658.777908528646,5564.621870117187,5649.3623046875,281400,0.0,0.0
2020-05-08 00:00:00+09:00,5734.102507482121,5762.349317863806,5630.530869415941,5677.60888671875,291500,0.0,0.0
2020-05-11 00:00:00+09:00,5771.7649531121715,5790.596160137007,5687.024521500411,5734.1025390625,191900,0.0,0.0
2020-05-12 00:00:00+09:00,5762.349532906811,5828.258759590386,5734.102721470993,5771.76513671875,222400,0.0,0.0
2020-05-13 00:00:00+09:00,5790.596373624294,5837.674392922052,5705.855938888328,5828.2587890625,422600,0.0,0.0
2020-05-14 00:00:00+09:00,5837.674100281762,5856.505307056865,5743.51806640625,5743.51806640625,275200,0.0,0.0
2020-05-15 00:00:00+09:00,5696.440353141759,5743.518372589212,5583.453106467873,5705.85595703125,311200,0.0,0.0
2020-05-18 00:00:00+09:00,5715.271947470362,5734.103156522982,5611.700297680948,5658.7783203125,314500,0.0,0.0
2020-05-19 00:00:00+09:00,5734.1024630186985,5743.51806640625,5668.19323930584,5743.51806640625,275700,0.0,0.0
2020-05-20 00:00:00+09:00,5743.517764212643,5828.25819024201,5724.686558428339,5781.18017578125,273500,0.0,0.0
2020-05-21 00:00:00+09:00,5781.180943773283,5790.596547916236,5668.1936940578435,5687.02490234375,211000,0.0,0.0
2020-05-22 00:00:00+09:00,5687.0250564524495,5734.10307844295,5621.115825665749,5668.19384765625,237400,0.0,0.0
2020-05-25 00:00:00+09:00,5715.2706956129805,5715.2706956129805,5555.205453725961,5630.5302734375,376700,0.0,0.0
2020-05-26 00:00:00+09:00,5621.115265955379,5687.024490179312,5526.9592313497615,5677.60888671875,347300,0.0,0.0
2020-05-27 00:00:00+09:00,5630.531067511048,5668.193482678346,5517.543822009154,5592.86865234375,594600,0.0,0.0
2020-05-28 00:00:00+09:00,5564.621926700367,5762.349609375,5508.128303079044,5762.349609375,518300,0.0,0.0
2020-05-29 00:00:00+09:00,5837.67397982403,5894.167598983617,5743.517947891383,5818.8427734375,3488200,0.0,0.0
2020-06-01 00:00:00+09:00,5800.01287172379,5856.50650359123,5715.272423922631,5837.67529296875,354300,0.0,0.0
2020-06-02 00:00:00+09:00,5875.337044783464,5988.324295644685,5865.921440545029,5978.90869140625,356000,0.0,0.0
2020-06-03 00:00:00+09:00,6016.5705078125,6044.817317708334,5828.2584418402785,5931.830078125,338600,0.0,0.0
2020-06-04 00:00:00+09:00,5950.661882406345,6157.80517578125,5903.583861184777,6157.80517578125,450200,0.0,0.0
2020-06-05 00:00:00+09:00,6138.973193977453,6148.3887970357,5912.99872057951,5950.6611328125,380100,0.0,0.0
2020-06-08 00:00:00+09:00,5809.427335166615,5828.2585420877385,5621.115265955379,5677.60888671875,486900,0.0,0.0
2020-06-09 00:00:00+09:00,5696.440335028777,5828.2587890625,5696.440335028777,5828.2587890625,296000,0.0,0.0
2020-06-10 00:00:00+09:00,5884.752195261186,5922.414609310858,5724.686935550082,5734.1025390625,226800,0.0,0.0
2020-06-11 00:00:00+09:00,5752.933746087336,5800.011763649425,5705.855728525246,5734.1025390625,186000,0.0,0.0
2020-06-12 00:00:00+09:00,5649.36274068163,5771.765600063066,5602.284717842617,5715.27197265625,361300,0.0,0.0
2020-06-15 00:00:00+09:00,5771.765184257683,5894.16803482106,5705.85595703125,5705.85595703125,337200,0.0,0.0
2020-06-16 00:00:00+09:00,5950.661419848112,5969.492626872948,5696.4401250128285,5734.1025390625,477100,0.0,0.0
2020-06-17 00:00:00+09:00,5752.933367104794,5809.426984457706,5696.439749751883,5781.18017578125,261400,0.0,0.0
2020-06-18 00:00:00+09:00,5781.18040353928,5837.674023117839,5715.271180697627,5752.93359375,210700,0.0,0.0
2020-06-19 00:00:00+09:00,5771.765014845008,5865.921050976248,5734.102600392513,5847.08984375,340600,0.0,0.0
2020-06-22 00:00:00+09:00,5800.011977483845,5847.089996781604,5781.180769764742,5828.2587890625,152900,0.0,0.0
2020-06-23 00:00:00+09:00,5818.843185202949,5865.921204500707,5696.440335028777,5828.2587890625,213600,0.0,0.0
2020-06-24 00:00:00+09:00,5865.9221089024695,5875.33771421371,5800.01287172379,5837.67529296875,166100,0.0,0.0
2020-06-25 00:00:00+09:00,5818.843850321027,5865.921875,5790.597035513643,5865.921875,143100,0.0,0.0
2020-06-26 00:00:00+09:00,5856.506270064206,5894.168689807384,5781.181430577849,5865.921875,165300,0.0,0.0
2020-06-29 00:00:00+09:00,5809.428245385233,5894.168689807384,5790.597035513643,5865.921875,173500,0.0,0.0
2020-06-30 00:00:00+09:00,5809.426948948911,5837.673757452713,5696.439714933696,5724.6865234375,316400,0.0,0.0
2020-07-01 00:00:00+09:00,5762.349864985319,5762.349864985319,5592.868986603397,5611.7001953125,226300,0.0,0.0
2020-07-02 00:00:00+09:00,5649.361478365385,5705.855093149038,5602.283466045673,5630.5302734375,255900,0.0,0.0
2020-07-03 00:00:00+09:00,5621.115825665749,5677.60945205435,5611.700221267649,5668.19384765625,98200,0.0,0.0
2020-07-06 00:00:00+09:00,5668.193949817236,5743.5187863596575,5649.36274068163,5715.27197265625,126400,0.0,0.0
2020-07-07 00:00:00+09:00,5743.518354326535,5828.2587890625,5677.609127309673,5828.2587890625,210300,0.0,0.0
2020-07-08 00:00:00+09:00,5837.674270459529,5978.908325390002,5809.427459473434,5903.58349609375,330000,0.0,0.0
2020-07-09 00:00:00+09:00,5875.33771421371,5875.33771421371,5724.688029233871,5837.67529296875,289900,0.0,0.0
2020-07-10 00:00:00+09:00,5828.258376630764,5884.751995790352,5771.764757471177,5818.8427734375,240300,0.0,0.0
2020-07-13 00:00:00+09:00,5875.3369140625,5894.168122120393,5752.934061686198,5875.3369140625,147500,0.0,0.0
2020-07-14 00:00:00+09:00,5884.75241221981,5922.414827658017,5762.349562045639,5828.2587890625,181200,0.0,0.0
2020-07-15 00:00:00+09:00,5865.921036296086,5978.90827937081,5818.843018348284,5969.49267578125,238300,0.0,0.0
2020-07-16 00:00:00+09:00,5903.583590085899,5903.583590085899,5743.518325282933,5771.76513671875,261500,0.0,0.0
2020-07-17 00:00:00+09:00,5771.765014845008,5865.921050976248,5752.9338076187605,5847.08984375,188500,0.0,0.0
2020-07-20 00:00:00+09:00,5856.506270064206,5884.753084871589,5790.597035513643,5865.921875,134500,0.0,0.0
2020-07-21 00:00:00+09:00,5875.3369140625,5922.414934207231,5856.505706004607,5875.3369140625,135300,0.0,0.0
2020-07-22 00:00:00+09:00,5865.921875,5884.753084871589,5771.765825642055,5865.921875,168500,0.0,0.0
2020-07-27 00:00:00+09:00,5837.6741200069555,5922.41455078125,5818.842913168223,5922.41455078125,185600,0.0,0.0
2020-07-28 00:00:00+09:00,5922.414703417812,5950.661514403907,5856.505477783592,5903.58349609375,142700,0.0,0.0
2020-07-29 00:00:00+09:00,5931.829926696005,5988.32354504549,5884.751911404766,5950.6611328125,175300,0.0,0.0
2020-07-30 00:00:00+09:00,5912.998795934033,5988.323621359944,5894.167589577555,5941.24560546875,155700,0.0,0.0
2020-07-31 00:00:00+09:00,5969.492612979803,6016.570630432326,5856.50537109375,5856.50537109375,230700,0.0,0.0
2020-08-03 00:00:00+09:00,5884.75331952495,5903.584530147429,5790.59726641255,5837.67529296875,115500,0.0,0.0
2020-08-04 00:00:00+09:00,5894.168016079362,5922.414827658017,5800.011977483845,5828.2587890625,184000,0.0,0.0
2020-08-05 00:00:00+09:00,5828.2587890625,5837.674392922052,5743.518354326535,5828.2587890625,158300,0.0,0.0
2020-08-06 00:00:00+09:00,5771.7655746282235,5790.596783680844,5649.362715786189,5658.7783203125,186600,0.0,0.0
2020-08-07 00:00:00+09:00,5687.024952235134,5724.687369137354,5602.28451420514,5621.11572265625,206000,0.0,0.0
2020-08-11 00:00:00+09:00,5621.11607938404,5696.44091796875,5583.4536600916845,5696.44091796875,250500,0.0,0.0
2020-08-12 00:00:00+09:00,5724.686859631147,5781.180479956454,5687.024446080943,5743.51806640625,198500,0.0,0.0
2020-08-13 00:00:00+09:00,5781.180873773037,5884.752518091446,5724.687249599358,5875.3369140625,224900,0.0,0.0
2020-08-14 00:00:00+09:00,5865.920705288271,5960.076735870748,5856.505102230024,5950.6611328125,152500,0.0,0.0
2020-08-17 00:00:00+09:00,5856.505648743872,5894.168064491421,5762.349609375,5762.349609375,130200,0.0,0.0
2020-08-18 00:00:00+09:00,5762.349515774761,5912.999176317891,5762.349515774761,5894.16796875,129200,0.0,0.0
2020-08-19 00:00:00+09:00,5884.75269876468,5941.24632467282,5875.337094446656,5912.99951171875,90100,0.0,0.0
2020-08-20 00:00:00+09:00,5912.99951171875,5978.908741944914,5875.337094446656,5912.99951171875,92700,0.0,0.0
2020-08-21 00:00:00+09:00,5912.999461737205,5978.90869140625,5884.7526490219,5978.90869140625,123000,0.0,0.0
2020-08-24 00:00:00+09:00,5978.907900528169,6035.401518485915,5960.076694542254,6016.5703125,90000,0.0,0.0
2020-08-25 00:00:00+09:00,6073.065566896831,6073.065566896831,5978.9095115961045,5997.74072265625,136000,0.0,0.0
2020-08-26 00:00:00+09:00,6016.570430894661,6025.9860340729,5912.998795934033,5941.24560546875,140500,0.0,0.0
2020-08-27 00:00:00+09:00,5960.07748292938,5978.90869140625,5931.830670214074,5978.90869140625,119700,0.0,0.0
2020-08-28 00:00:00+09:00,5931.830383885783,5997.739610373403,5847.0899498302715,5894.16796875,182400,0.0,0.0
2020-08-31 00:00:00+09:00,5960.07750950663,6073.064760871685,5912.999488104524,6035.40234375,202100,0.0,0.0
2020-09-01 00:00:00+09:00,6073.063930457746,6110.726342429578,6007.154709507043,6016.5703125,170100,0.0,0.0
2020-09-02 00:00:00+09:00,5931.830025540865,6120.14208984375,5922.414422325721,6120.14208984375,249700,0.0,0.0
2020-09-03 00:00:00+09:00,6120.143167044371,6223.714820640506,6101.311957299618,6167.22119140625,188100,0.0,0.0
2020-09-04 00:00:00+09:00,6195.466686207887,6204.882289074464,6110.72626040869,6148.388671875,156000,0.0,0.0
2020-09-07 00:00:00+09:00,6167.2208036758975,6204.883220797582,6016.571135189158,6035.40234375,156900,0.0,0.0
2020-09-08 00:00:00+09:00,6025.986207561728,6101.31103515625,6007.155000663098,6101.31103515625,142300,0.0,0.0
2020-09-09 00:00:00+09:00,6110.727256763325,6204.88330078125,6073.064839156155,6204.88330078125,257600,0.0,0.0
2020-09-10 00:00:00+09:00,6195.466385088763,6449.687650130399,6176.635180270863,6430.8564453125,286100,0.0,0.0
2020-09-11 00:00:00+09:00,6506.182008058387,6590.922439422388,6449.688387149052,6581.5068359375,296700,0.0,0.0
2020-09-14 00:00:00+09:00,6572.091294171942,6779.234572784811,6572.091294171942,6694.494140625,287000,0.0,0.0
2020-09-15 00:00:00+09:00,6656.832129892677,6675.663338180916,6477.935651154401,6525.013671875,226700,0.0,0.0
2020-09-16 00:00:00+09:00,6590.923386477352,6722.7418542069,6562.676571963878,6703.91064453125,232400,0.0,0.0
2020-09-17 00:00:00+09:00,6685.077970096982,6845.143217268319,6675.662367322198,6826.31201171875,279300,0.0,0.0
2020-09-18 00:00:00+09:00,6816.897231237104,6892.222062521492,6732.156796042168,6845.14404296875,323100,0.0,0.0
2020-09-23 00:00:00+09:00,7033.456439653176,7061.703252663831,6920.469187610554,6986.37841796875,359300,0.0,0.0
2020-09-24 00:00:00+09:00,6986.378649885825,7042.872277782476,6948.716231288058,6958.1318359375,205500,0.0,0.0
2020-09-25 00:00:00+09:00,6995.793895833333,7089.9499375000005,6986.378291666667,7061.703125,281000,0.0,0.0
2020-09-28 00:00:00+09:00,7089.950093454612,7231.184159061278,7089.950093454612,7221.7685546875,365500,0.0,0.0
2020-09-29 00:00:00+09:00,7202.936982769268,7212.352586668313,7014.624904788373,7146.443359375,282600,0.0,0.0
2020-09-30 00:00:00+09:00,7089.949370890896,7146.442991376081,7061.702560648302,7071.1181640625,190000,0.0,0.0
2020-10-02 00:00:00+09:00,7146.4436916957975,7184.106109043338,6986.37841796875,6986.37841796875,295400,0.0,0.0
2020-10-05 00:00:00+09:00,7005.208971474571,7165.274230231382,6995.793368018288,7127.61181640625,222000,0.0,0.0
2020-10-06 00:00:00+09:00,7155.858451224662,7155.858451224662,6939.299577042863,6967.54638671875,267400,0.0,0.0
2020-10-07 00:00:00+09:00,6995.793918148956,7005.209522345658,6873.391063591842,6939.30029296875,182200,0.0,0.0
2020-10-08 00:00:00+09:00,6920.4680354420725,6958.130446519309,6873.390021595528,6948.71484375,164200,0.0,0.0
2020-10-09 00:00:00+09:00,6939.30029296875,6958.1315013621515,6892.222271985243,6939.30029296875,96700,0.0,0.0
2020-10-12 00:00:00+09:00,6882.806535705062,6929.884555785124,6798.0660995609505,6835.728515625,121600,0.0,0.0
2020-10-13 00:00:00+09:00,6835.728515625,6854.559723657025,6769.819287512913,6835.728515625,113300,0.0,0.0
2020-10-14 00:00:00+09:00,6835.728240966797,6929.88427734375,6807.481430053711,6929.88427734375,167700,0.0,0.0
2020-10-15 00:00:00+09:00,6854.560321936447,6854.560321936447,6675.663830017776,6703.91064453125,185300,0.0,0.0
2020-10-16 00:00:00+09:00,6685.079333616955,6732.1573570931305,6647.416914836014,6656.83251953125,136900,0.0,0.0
2020-10-19 00:00:00+09:00,6647.416914836014,6713.326147702661,6628.585705445545,6656.83251953125,130300,0.0,0.0
2020-10-20 00:00:00+09:00,6628.58550035868,6703.910335590029,6543.845060723413,6562.67626953125,123600,0.0,0.0
2020-10-21 00:00:00+09:00,6543.845346331424,6590.92337040575,6468.5205078125,6468.5205078125,141700,0.0,0.0
2020-10-22 00:00:00+09:00,6459.104359085648,6459.104359085648,6308.454694733797,6355.53271484375,117700,0.0,0.0
2020-10-23 00:00:00+09:00,6327.28564453125,6364.948059082031,6299.038833618164,6327.28564453125,106400,0.0,0.0
2020-10-26 00:00:00+09:00,6251.960415083587,6299.038430257409,6148.388781701178,6195.466796875,149500,0.0,0.0
2020-10-27 00:00:00+09:00,6148.389522119658,6223.71435546875,6063.649084601929,6223.71435546875,160100,0.0,0.0
2020-10-28 00:00:00+09:00,6223.71341121898,6449.687876981848,6214.29780847886,6402.60986328125,223300,0.0,0.0
2020-10-29 00:00:00+09:00,6308.176815084586,6374.280464344455,6260.959922756109,6279.8466796875,148900,20.0,0.0
2020-10-30 00:00:00+09:00,6279.8467565123865,6364.837163743381,6223.186485025057,6242.0732421875,162900,0.0,0.0
2020-11-02 00:00:00+09:00,6289.289925711495,6412.053843180338,6289.289925711495,6345.9501953125,172200,0.0,0.0
2020-11-04 00:00:00+09:00,6412.05386229741,6412.05386229741,6242.073052987612,6336.5068359375,157400,0.0,0.0
2020-11-05 00:00:00+09:00,6412.053731051358,6657.581561695446,6383.723596746271,6648.13818359375,271500,0.0,0.0
2020-11-06 00:00:00+09:00,6733.128511073225,6789.788779048597,6657.581487106065,6685.91162109375,204500,0.0,0.0
2020-11-09 00:00:00+09:00,6827.5628717367545,6921.996659727581,6789.789356540424,6884.22314453125,169700,0.0,0.0
2020-11-10 00:00:00+09:00,6893.666562338807,6988.100350863996,6818.119531518655,6865.33642578125,245200,0.0,0.0
2020-11-11 00:00:00+09:00,7016.430355268034,7176.967792737154,6997.543597918725,7167.5244140625,359200,0.0,0.0
2020-11-12 00:00:00+09:00,7167.5252883671465,7224.185567326571,7120.308389234293,7214.7421875,248700,0.0,0.0
2020-11-13 00:00:00+09:00,7233.628885878422,7290.289164357888,7195.855366892112,7243.072265625,209700,0.0,0.0
2020-11-16 00:00:00+09:00,7280.845366037437,7469.712950111041,7233.628470019035,7441.3828125,242500,0.0,0.0
2020-11-17 00:00:00+09:00,7441.382247770675,7507.485897179806,7337.50508441347,7479.15576171875,180100,0.0,0.0
2020-11-18 00:00:00+09:00,7535.81571215428,7639.69287109375,7488.598821727248,7639.69287109375,208000,0.0,0.0
2020-11-19 00:00:00+09:00,7583.032547072237,7705.796461283867,7573.589169055957,7668.02294921875,224400,0.0,0.0
2020-11-20 00:00:00+09:00,7658.580312793335,7696.353828516114,7526.373007763611,7545.259765625,241700,0.0,0.0
2020-11-24 00:00:00+09:00,7649.135919314918,7856.8902282345825,7611.362408602252,7809.67333984375,363700,0.0,0.0
2020-11-25 00:00:00+09:00,7856.890776699029,7913.551046723301,7743.570236650486,7781.34375,271800,0.0,0.0
2020-11-26 00:00:00+09:00,7856.8916015625,7913.551877535307,7809.674704918494,7856.8916015625,201300,0.0,0.0
2020-11-27 00:00:00+09:00,7856.891530517879,7951.325322951988,7649.137187162839,7658.58056640625,965800,0.0,0.0
2020-11-30 00:00:00+09:00,7941.882047364493,8111.862875964446,7611.36376953125,7611.36376953125,622500,0.0,0.0
2020-12-01 00:00:00+09:00,7668.023731571518,7724.684005450125,7441.382636057088,7526.373046875,412100,0.0,0.0
2020-12-02 00:00:00+09:00,7110.864949172914,7328.062683344198,7006.98777196056,7243.072265625,689800,0.0,0.0
2020-12-03 00:00:00+09:00,7186.411767954692,7431.939633876928,7167.525009037597,7346.94921875,313900,0.0,0.0
2020-12-04 00:00:00+09:00,7356.392578125,7441.382993019897,7309.175680961168,7356.392578125,168600,0.0,0.0
2020-12-07 00:00:00+09:00,7384.722243837152,7394.165622665588,7110.8642578125,7110.8642578125,219500,0.0,0.0
2020-12-08 00:00:00+09:00,7063.6475793884765,7148.637991439942,6969.213788220181,7006.9873046875,213400,0.0,0.0
2020-12-09 00:00:00+09:00,6912.553339682335,6959.770234079072,6780.34603537147,6855.89306640625,216700,0.0,0.0
2020-12-10 00:00:00+09:00,6789.7897302761885,6799.23310959507,6695.355937087368,6704.79931640625,243800,0.0,0.0
2020-12-11 00:00:00+09:00,6638.695469874101,6648.138848920863,6506.488163219425,6563.1484375,270600,0.0,0.0
2020-12-14 00:00:00+09:00,6572.5915203010945,6638.695170648951,6468.71435546875,6468.71435546875,224300,0.0,0.0
2020-12-15 00:00:00+09:00,6421.497356672932,6440.384113604324,6270.403301221804,6279.8466796875,250300,0.0,0.0
2020-12-16 00:00:00+09:00,6270.404010177752,6289.290769244552,6147.640076243549,6175.97021484375,300000,0.0,0.0
2020-12-17 00:00:00+09:00,6147.639362507038,6336.5069312476535,6128.752605632976,6289.2900390625,387900,0.0,0.0
2020-12-18 00:00:00+09:00,6355.393943517898,6383.724079967458,6138.196230737941,6166.5263671875,446600,0.0,0.0
2020-12-21 00:00:00+09:00,6213.742442255435,6213.742442255435,6024.874890819099,6081.53515625,321500,0.0,0.0
2020-12-22 00:00:00+09:00,6015.431866389449,6147.63916015625,5996.545110137049,6147.63916015625,239000,0.0,0.0
2020-12-23 00:00:00+09:00,6138.195276552914,6213.742295341258,6109.865144507286,6157.08203125,197100,0.0,0.0
2020-12-24 00:00:00+09:00,6157.082797181372,6260.9599609375,6128.752661611519,6260.9599609375,217400,0.0,0.0
2020-12-25 00:00:00+09:00,6308.176931193096,6327.063688472117,6213.74314479799,6223.1865234375,135800,0.0,0.0
2020-12-28 00:00:00+09:00,6270.403949058219,6327.0642257063355,6166.526775203339,6204.30029296875,220100,0.0,0.0
2020-12-29 00:00:00+09:00,6213.743106443835,6242.0732421875,6128.7526992128405,6242.0732421875,212900,0.0,0.0
2020-12-30 00:00:00+09:00,6232.63001890314,6232.63001890314,6062.649200205781,6166.5263671875,213600,0.0,0.0
2021-01-04 00:00:00+09:00,6223.1863583953955,6223.1863583953955,6034.318790614047,6062.64892578125,156100,0.0,0.0
2021-01-05 00:00:00+09:00,6090.979060948452,6109.865817726587,6015.432033835913,6062.64892578125,147600,0.0,0.0
2021-01-06 00:00:00+09:00,6034.318828582764,6081.535720825195,6005.988693237305,6043.76220703125,117800,0.0,0.0
2021-01-07 00:00:00+09:00,6119.308521855828,6251.51580473543,6090.9783898102,6157.08203125,213000,0.0,0.0
2021-01-08 00:00:00+09:00,6166.526213537727,6251.516620768722,6100.422563469176,6242.0732421875,181400,0.0,0.0
2021-01-12 00:00:00+09:00,6242.073300068864,6242.073300068864,6128.752756043408,6213.7431640625,187000,0.0,0.0
2021-01-13 00:00:00+09:00,6204.299979540073,6364.837421933043,6175.969842647196,6355.39404296875,195600,0.0,0.0
2021-01-14 00:00:00+09:00,6383.72394787865,6572.5915203010945,6327.063676151916,6468.71435546875,307200,0.0,0.0
2021-01-15 00:00:00+09:00,6478.15779216688,6506.4879282842285,6402.61076252062,6440.38427734375,155200,0.0,0.0
2021-01-18 00:00:00+09:00,6440.3838639610985,6478.157376359698,6402.6103515625,6402.6103515625,105400,0.0,0.0
2021-01-19 00:00:00+09:00,6402.611017201513,6421.49777536435,6298.7338473059135,6317.62060546875,132200,0.0,0.0
2021-01-20 00:00:00+09:00,6260.960355815027,6260.960355815027,6072.0927734375,6072.0927734375,213700,0.0,0.0
2021-01-21 00:00:00+09:00,6128.7529296875,6251.516855859976,6090.979413942122,6128.7529296875,138300,0.0,0.0
2021-01-22 00:00:00+09:00,6090.9795316752525,6119.309669031882,6024.875877843118,6072.0927734375,131200,0.0,0.0
2021-01-25 00:00:00+09:00,6109.8661718148105,6147.639687560189,6081.536035005778,6128.7529296875,91200,0.0,0.0
2021-01-26 00:00:00+09:00,6138.196192151718,6204.299843451813,6109.8660558802485,6185.4130859375,75700,0.0,0.0
2021-01-27 00:00:00+09:00,6185.41297070017,6270.403377931165,6166.526213537727,6242.0732421875,122500,0.0,0.0
2021-01-28 00:00:00+09:00,6185.412876255161,6298.73341749953,6157.082740944069,6289.2900390625,190100,0.0,0.0
2021-01-29 00:00:00+09:00,6260.960155352699,6327.063807068339,6138.196230737941,6166.5263671875,166100,0.0,0.0
2021-02-01 00:00:00+09:00,6100.421911393633,6119.308666537267,6015.431513247283,6081.53515625,156600,0.0,0.0
2021-02-02 00:00:00+09:00,6081.535843844841,6232.629902077011,6072.09246520533,6223.1865234375,156400,0.0,0.0
2021-02-03 00:00:00+09:00,6213.74343557315,6317.62060546875,6213.74343557315,6317.62060546875,124500,0.0,0.0
2021-02-04 00:00:00+09:00,6289.290096507353,6298.733475030637,6204.299689797794,6260.9599609375,88800,0.0,0.0
2021-02-05 00:00:00+09:00,6251.516951898823,6355.394121794423,6147.639782003223,6317.62060546875,169200,0.0,0.0
2021-02-08 00:00:00+09:00,6345.949743470149,6393.166631442397,6289.289477903451,6327.06298828125,159700,0.0,0.0
2021-02-09 00:00:00+09:00,6317.6196655090425,6345.949798538231,6251.51602177427,6298.73291015625,134100,0.0,0.0
2021-02-10 00:00:00+09:00,6279.846660625469,6308.176795936562,6232.629768440315,6289.2900390625,137800,0.0,0.0
2021-02-12 00:00:00+09:00,6308.176911695075,6317.620290305398,6223.186504202178,6232.6298828125,132100,0.0,0.0
2021-02-15 00:00:00+09:00,6289.289514233253,6317.619647180249,6251.516003637257,6308.17626953125,88800,0.0,0.0
2021-02-16 00:00:00+09:00,6289.290135093608,6317.620270837273,6213.743106443835,6242.0732421875,166200,0.0,0.0
2021-02-17 00:00:00+09:00,6185.413534086044,6270.403949058219,6166.526775203339,6204.30029296875,128200,0.0,0.0
2021-02-18 00:00:00+09:00,6204.298917992715,6242.072427386886,6119.308521855828,6157.08203125,137700,0.0,0.0
2021-02-19 00:00:00+09:00,6109.865856170654,6128.752613067627,6015.432071685791,6043.76220703125,172600,0.0,0.0
2021-02-22 00:00:00+09:00,6024.875623699981,6053.205759861579,5958.77197265625,5958.77197265625,150300,0.0,0.0
2021-02-24 00:00:00+09:00,5892.6681790375205,5892.6681790375205,5779.3476371329525,5788.791015625,233600,0.0,0.0
2021-02-25 00:00:00+09:00,5911.554569861283,5920.997947768409,5694.35687799737,5722.68701171875,212200,0.0,0.0
2021-02-26 00:00:00+09:00,5666.028081154337,5666.028081154337,5552.70751953125,5552.70751953125,249900,0.0,0.0
2021-03-01 00:00:00+09:00,5609.36647683323,5779.3472791615095,5609.36647683323,5722.68701171875,191600,0.0,0.0
2021-03-02 00:00:00+09:00,5760.460748487903,5873.78128780242,5618.8100743447585,5854.89453125,319400,0.0,0.0
2021-03-03 00:00:00+09:00,6138.196387475776,6166.526524648741,6034.31921784157,6090.9794921875,455000,0.0,0.0
2021-03-04 00:00:00+09:00,6043.762636080871,6157.0831855073875,5968.21560312986,6072.0927734375,225300,0.0,0.0
2021-03-05 00:00:00+09:00,6166.525604796267,6336.506402478247,6138.195471849271,6308.17626953125,346600,0.0,0.0
2021-03-08 00:00:00+09:00,6308.176644797849,6497.044209013354,6289.289888376298,6364.8369140625,169800,0.0,0.0
2021-03-09 00:00:00+09:00,6402.610955434003,6582.03515625,6374.280818463056,6582.03515625,218100,0.0,0.0
2021-03-10 00:00:00+09:00,6572.591618795956,6591.478376321232,6421.49755859375,6421.49755859375,202900,0.0,0.0
2021-03-11 00:00:00+09:00,6459.270526400073,6525.374172138086,6412.053636587207,6449.8271484375,172500,0.0,0.0
2021-03-12 00:00:00+09:00,6421.496764225746,6430.940141820196,6232.629212336754,6327.06298828125,250000,0.0,0.0
2021-03-15 00:00:00+09:00,6327.063382523148,6374.2802734375,6242.072978877314,6374.2802734375,162900,0.0,0.0
2021-03-16 00:00:00+09:00,6336.507168889221,6430.9409568011315,6289.290274933265,6412.05419921875,151200,0.0,0.0
2021-03-17 00:00:00+09:00,6478.158045524136,6553.705078125,6421.4977710734875,6553.705078125,137600,0.0,0.0
2021-03-18 00:00:00+09:00,6553.704402576794,6657.581561695446,6487.6007558649235,6648.13818359375,239100,0.0,0.0
2021-03-19 00:00:00+09:00,6657.581561695446,6657.581561695446,6563.147780678489,6648.13818359375,225600,0.0,0.0
2021-03-22 00:00:00+09:00,6638.6949568123655,6638.6949568123655,6544.261173642915,6572.59130859375,151400,0.0,0.0
2021-03-23 00:00:00+09:00,6610.364937160326,6619.808315641983,6497.044395380434,6515.93115234375,143400,0.0,0.0
2021-03-24 00:00:00+09:00,6515.931700327511,6553.705217430859,6393.167769741631,6487.6015625,177800,0.0,0.0
2021-03-25 00:00:00+09:00,6487.601483357453,6553.70513748191,6459.2713458755425,6525.375,109300,0.0,0.0
2021-03-26 00:00:00+09:00,6563.148281916785,6657.582070145803,6487.60125133357,6638.6953125,146800,0.0,0.0
2021-03-29 00:00:00+09:00,6723.685508578431,6770.902401194853,6619.808344822304,6742.572265625,230000,0.0,0.0
2021-03-30 00:00:00+09:00,6770.902736056313,6780.346115046628,6582.03515625,6582.03515625,237400,0.0,0.0
2021-03-31 00:00:00+09:00,6506.48798713066,6563.1482598778075,6412.05419921875,6412.05419921875,196000,0.0,0.0
2021-04-01 00:00:00+09:00,6412.053978207237,6449.827492070019,6279.8466796875,6279.8466796875,230600,0.0,0.0
2021-04-02 00:00:00+09:00,6374.280444995777,6374.280444995777,6251.516525314377,6289.2900390625,120300,0.0,0.0
2021-04-05 00:00:00+09:00,6279.8466796875,6308.176815084586,6242.073165824718,6279.8466796875,113700,0.0,0.0
2021-04-06 00:00:00+09:00,6279.845936781058,6317.61944617523,6157.08203125,6157.08203125,239100,0.0,0.0
2021-04-07 00:00:00+09:00,6157.082067307692,6242.072463942308,6128.751935096154,6138.1953125,169300,0.0,0.0
2021-04-08 00:00:00+09:00,6175.969485849747,6175.969485849747,6043.76218798752,6053.20556640625,167200,0.0,0.0
2021-04-09 00:00:00+09:00,6090.979080081172,6147.639350593555,6053.20556640625,6053.20556640625,145600,0.0,0.0
2021-04-12 00:00:00+09:00,6062.648548054245,6062.648548054245,5987.101525648585,6005.98828125,150300,0.0,0.0
2021-04-13 00:00:00+09:00,6005.988984375,6015.432363281249,5902.11181640625,5902.11181640625,194700,0.0,0.0
2021-04-14 00:00:00+09:00,5902.111934729655,5911.555313825223,5836.008281060683,5845.45166015625,170000,0.0,0.0
2021-04-15 00:00:00+09:00,5826.564862778029,5873.7817579383045,5798.234725681864,5864.33837890625,116400,0.0,0.0
2021-04-16 00:00:00+09:00,5873.78125,5892.668006430868,5836.007737138264,5873.78125,152800,0.0,0.0
2021-04-19 00:00:00+09:00,5864.3381019467215,5873.781480532787,5751.017558913934,5760.4609375,201700,0.0,0.0
2021-04-20 00:00:00+09:00,5722.687067591729,5722.687067591729,5656.583421596445,5694.35693359375,222600,0.0,0.0
2021-04-21 00:00:00+09:00,5656.583080028887,5656.583080028887,5552.705928308824,5618.8095703125,243500,0.0,0.0
2021-04-22 00:00:00+09:00,5694.356252862886,5836.006905919177,5684.912875992467,5798.2333984375,255000,0.0,0.0
2021-04-23 00:00:00+09:00,5779.347890624999,5920.99857421875,5722.6876171875,5902.11181640625,326100,0.0,0.0
2021-04-26 00:00:00+09:00,5902.111384646302,5911.554762861737,5769.904089630225,5873.78125,392500,0.0,0.0
2021-04-27 00:00:00+09:00,5883.224742542614,5892.668120941558,5779.347580154221,5817.12109375,513500,0.0,0.0
2021-04-28 00:00:00+09:00,5798.17348859168,5817.121767966163,5712.906231406509,5722.38037109375,294700,20.0,0.0
2021-04-30 00:00:00+09:00,5703.431587357954,5798.172975852272,5693.957448508522,5731.85400390625,208700,0.0,0.0
2021-05-06 00:00:00+09:00,5769.750263766077,5911.862339228296,5760.27612540193,5892.9140625,222800,0.0,0.0
2021-05-07 00:00:00+09:00,5940.285085058439,6016.078196191561,5911.862668383518,5978.181640625,226800,0.0,0.0
2021-05-10 00:00:00+09:00,5949.758857922676,5949.758857922676,5864.491613143529,5911.8623046875,110100,0.0,0.0
2021-05-11 00:00:00+09:00,5902.388781085393,5902.388781085393,5807.647388130571,5845.5439453125,136400,0.0,0.0
2021-05-12 00:00:00+09:00,5826.594827586207,5883.439655172414,5750.801724137931,5769.75,163500,0.0,0.0
2021-05-13 00:00:00+09:00,5788.6991457063,5902.388817962398,5760.2767276422765,5826.595703125,132700,0.0,0.0
2021-05-14 00:00:00+09:00,5864.4920796875,5968.707609375,5855.017940625,5921.3369140625,127800,0.0,0.0
2021-05-17 00:00:00+09:00,5921.336807275158,5978.181640625,5892.914390600237,5978.181640625,123900,0.0,0.0
2021-05-18 00:00:00+09:00,5978.18101785627,6091.87067271249,5968.706879951585,6053.97412109375,182100,0.0,0.0
2021-05-19 00:00:00+09:00,5997.130008392822,5997.130008392822,5892.914479021067,5930.81103515625,104700,0.0,0.0
2021-05-20 00:00:00+09:00,5940.285174190046,5997.130008392822,5921.336896122454,5930.81103515625,104100,0.0,0.0
2021-05-21 00:00:00+09:00,5911.862373991936,5940.284789251512,5855.017543472783,5873.9658203125,91200,0.0,0.0
2021-05-24 00:00:00+09:00,5826.595302894467,5892.914273821721,5779.224609375,5779.224609375,95700,0.0,0.0
2021-05-25 00:00:00+09:00,5798.172413793103,5807.646551724139,5741.327586206897,5769.75,102800,0.0,0.0
2021-05-26 00:00:00+09:00,5779.224591793678,5836.069423844108,5760.276314443535,5788.69873046875,107500,0.0,0.0
2021-05-27 00:00:00+09:00,5798.172544642857,5968.70703125,5788.698406498016,5968.70703125,421900,0.0,0.0
2021-05-28 00:00:00+09:00,5959.23299623147,5968.707134540264,5883.439889761117,5911.8623046875,152900,0.0,0.0
2021-05-31 00:00:00+09:00,5873.965568920174,5902.387982963335,5731.853498704363,5741.32763671875,189500,0.0,0.0
2021-06-01 00:00:00+09:00,5779.225153161038,5788.699292756384,5675.009617612232,5750.802734375,186400,0.0,0.0
2021-06-02 00:00:00+09:00,5940.284949269896,5968.70736529511,5675.009066367891,5788.69873046875,486800,0.0,0.0
2021-06-03 00:00:00+09:00,5798.1728485107415,6072.922869110107,5779.224571228027,6063.44873046875,349800,0.0,0.0
2021-06-04 00:00:00+09:00,6025.551987327189,6167.6640625,6016.077848982335,6167.6640625,232400,0.0,0.0
2021-06-07 00:00:00+09:00,6158.1899241551455,6215.034754224271,6129.767509120584,6167.6640625,148100,0.0,0.0
2021-06-08 00:00:00+09:00,6186.612532806396,6196.086671447753,6063.44873046875,6063.44873046875,144600,0.0,0.0
2021-06-09 00:00:00+09:00,6158.190199908088,6319.250558982608,6129.76778360082,6281.35400390625,236100,0.0,0.0
2021-06-10 00:00:00+09:00,6366.620740775603,6385.569016789816,6290.82763671875,6290.82763671875,184200,0.0,0.0
2021-06-11 00:00:00+09:00,6300.30258926913,6385.569842356983,6243.457753877228,6376.095703125,201000,0.0,0.0
2021-06-14 00:00:00+09:00,6413.991716554179,6461.362408700074,6376.095162837463,6404.517578125,111400,0.0,0.0
2021-06-15 00:00:00+09:00,6413.991716554179,6480.310685558432,6357.146885979105,6404.517578125,125800,0.0,0.0
2021-06-16 00:00:00+09:00,6480.310633169182,6480.310633169182,6404.517526348491,6432.93994140625,152900,0.0,0.0
2021-06-17 00:00:00+09:00,6499.25882332785,6556.103652686404,6480.310546875,6480.310546875,151300,0.0,0.0
2021-06-18 00:00:00+09:00,6508.733652372771,6556.104348532689,6357.147424661032,6376.095703125,369300,0.0,0.0
2021-06-21 00:00:00+09:00,6290.828213913126,6319.250630542252,6233.983380654875,6243.45751953125,140800,0.0,0.0
2021-06-22 00:00:00+09:00,6300.302661388266,6395.044054792601,6271.880243366965,6338.19921875,156100,0.0,0.0
2021-06-23 00:00:00+09:00,6347.6732854290485,6442.414677748885,6328.725006965082,6376.095703125,102000,0.0,0.0
2021-06-24 00:00:00+09:00,6338.198540900735,6461.3623391544115,6319.250264246323,6442.4140625,99300,0.0,0.0
2021-06-25 00:00:00+09:00,6537.156213308345,6584.5269105062325,6508.733794989614,6556.1044921875,145100,0.0,0.0
2021-06-28 00:00:00+09:00,6565.577825730847,6584.526102284182,6404.517475027493,6461.3623046875,126000,0.0,0.0
2021-06-29 00:00:00+09:00,6376.094776848181,6413.991328270755,6319.249949714319,6347.67236328125,128600,0.0,0.0
2021-06-30 00:00:00+09:00,6376.095463800503,6376.095463800503,6243.45751953125,6243.45751953125,145700,0.0,0.0
2021-07-01 00:00:00+09:00,6252.931552514098,6309.77638480968,6224.509136366307,6300.30224609375,127200,0.0,0.0
2021-07-02 00:00:00+09:00,6281.353498711644,6347.67246476139,6262.405222697431,6290.82763671875,150100,0.0,0.0
2021-07-05 00:00:00+09:00,6196.086896171279,6243.457591096136,6177.138618201336,6205.56103515625,92400,0.0,0.0
2021-07-06 00:00:00+09:00,6262.4051724137935,6319.25,6205.560344827586,6319.25,65100,0.0,0.0
2021-07-07 00:00:00+09:00,6224.5086706690045,6328.724188747176,6215.034532661898,6290.82763671875,120000,0.0,0.0
2021-07-08 00:00:00+09:00,6252.93162289618,6319.25059465417,6252.93162289618,6262.40576171875,131000,0.0,0.0
2021-07-09 00:00:00+09:00,6091.870053793953,6139.240738504636,6053.973506025405,6129.7666015625,230500,0.0,0.0
2021-07-12 00:00:00+09:00,6215.034997650376,6319.250523525611,6215.034997650376,6300.30224609375,114100,0.0,0.0
2021-07-13 00:00:00+09:00,6347.6727475499265,6404.517578125,6347.6727475499265,6404.517578125,95700,0.0,0.0
2021-07-14 00:00:00+09:00,6319.250084822272,6376.094913171498,6271.87939453125,6271.87939453125,100100,0.0,0.0
2021-07-15 00:00:00+09:00,6309.775655048077,6319.249792668269,6139.241177884615,6158.189453125,90000,0.0,0.0
2021-07-16 00:00:00+09:00,6110.81894852186,6167.663775949971,6053.97412109375,6053.97412109375,112300,0.0,0.0
2021-07-19 00:00:00+09:00,6044.500101982793,6091.870792437204,5968.706997255736,5987.6552734375,88900,0.0,0.0
2021-07-20 00:00:00+09:00,5902.388494458432,6025.5522993187205,5902.388494458432,5997.1298828125,81800,0.0,0.0
2021-07-21 00:00:00+09:00,5997.130153070494,6129.768102743459,5978.181874545785,6110.81982421875,106500,0.0,0.0
2021-07-26 00:00:00+09:00,6205.560964025749,6338.198908295002,6167.664408520249,6243.45751953125,167000,0.0,0.0
2021-07-27 00:00:00+09:00,6243.457396361205,6319.25050587697,6205.560841603322,6309.7763671875,114800,0.0,0.0
2021-07-28 00:00:00+09:00,6252.931587598981,6300.302281444428,6233.983310060803,6281.35400390625,82300,0.0,0.0
2021-07-29 00:00:00+09:00,6281.3541470360215,6319.250702975906,6177.138618201336,6205.56103515625,100700,0.0,0.0
2021-07-30 00:00:00+09:00,6196.087077579942,6224.509495367006,6091.871545694041,6110.81982421875,133800,0.0,0.0
2021-08-02 00:00:00+09:00,6205.560394654792,6328.724188747176,6186.612118640578,6290.82763671875,126600,0.0,0.0
2021-08-03 00:00:00+09:00,6243.457448829892,6319.250558982608,6224.509171291714,6281.35400390625,111800,0.0,0.0
2021-08-04 00:00:00+09:00,6252.931535050675,6309.7763671875,6224.509118982263,6309.7763671875,88500,0.0,0.0
2021-08-05 00:00:00+09:00,6271.879260436101,6347.67236328125,6271.879260436101,6347.67236328125,76700,0.0,0.0
2021-08-06 00:00:00+09:00,6338.198678152901,6376.095232282366,6290.827985491072,6366.62109375,103700,0.0,0.0
2021-08-10 00:00:00+09:00,6385.569370814732,6413.99178641183,6300.3021240234375,6366.62109375,133500,0.0,0.0
2021-08-11 00:00:00+09:00,6395.042756546375,6527.680680385855,6366.620344295058,6518.20654296875,141800,0.0,0.0
2021-08-12 00:00:00+09:00,6537.156144899103,6565.578562920404,6338.19921875,6338.19921875,136400,0.0,0.0
2021-08-13 00:00:00+09:00,6347.673213626293,6451.888743999261,6328.724935376662,6413.9921875,110000,0.0,0.0
2021-08-16 00:00:00+09:00,6385.570140078005,6404.518419425418,6215.035625951294,6224.509765625,154200,0.0,0.0
2021-08-17 00:00:00+09:00,6290.828196022727,6290.828196022727,6196.086807528409,6252.931640625,102700,0.0,0.0
2021-08-18 00:00:00+09:00,6271.8797256310545,6413.99180400638,6271.8797256310545,6357.14697265625,99300,0.0,0.0
2021-08-19 00:00:00+09:00,6328.724419527798,6451.888218111423,6328.724419527798,6432.93994140625,117400,0.0,0.0
2021-08-20 00:00:00+09:00,6461.362704125728,6584.526509336336,6461.362704125728,6508.7333984375,141900,0.0,0.0
2021-08-23 00:00:00+09:00,6565.577860753677,6594.000275735294,6442.4140625,6442.4140625,120300,0.0,0.0
2021-08-24 00:00:00+09:00,6461.362408700074,6518.207239275148,6385.5693012666425,6404.517578125,117800,0.0,0.0
2021-08-25 00:00:00+09:00,6357.147176639829,6527.681676162209,6347.673037777475,6508.7333984375,106600,0.0,0.0
2021-08-26 00:00:00+09:00,6537.155673898381,6584.5263671875,6489.784980609263,6584.5263671875,98800,0.0,0.0
2021-08-27 00:00:00+09:00,6594.001049945809,6631.897607704119,6527.682073868768,6556.1044921875,128400,0.0,0.0
2021-08-30 00:00:00+09:00,6688.742657134017,6726.6392160979485,6565.578840501237,6698.216796875,139000,0.0,0.0
2021-08-31 00:00:00+09:00,6679.267241379311,6679.267241379311,6565.577586206897,6594.0,159500,0.0,0.0
2021-09-01 00:00:00+09:00,6603.474609375,6688.741856841822,6584.526332160151,6603.474609375,140000,0.0,0.0
2021-09-02 00:00:00+09:00,6726.63835797991,6755.060773577008,6432.9400634765625,6631.89697265625,303200,0.0,0.0
2021-09-03 00:00:00+09:00,6575.052089815967,6688.741751311344,6527.681397526227,6660.3193359375,174100,0.0,0.0
2021-09-06 00:00:00+09:00,6660.319388253348,6660.319388253348,6603.474557059151,6631.89697265625,94200,0.0,0.0
2021-09-07 00:00:00+09:00,6707.690166299274,6849.80224609375,6669.793611687413,6849.80224609375,205600,0.0,0.0
2021-09-08 00:00:00+09:00,6878.224591912396,6963.491838919575,6821.3797605742775,6887.69873046875,139600,0.0,0.0
2021-09-09 00:00:00+09:00,6887.698609396287,7029.8106852435285,6868.750332616655,6954.017578125,142900,0.0,0.0
2021-09-10 00:00:00+09:00,6963.491495277986,7096.129428521377,6963.491495277986,7077.18115234375,182000,0.0,0.0
2021-09-13 00:00:00+09:00,7077.181483677455,7162.44873046875,7020.336652483258,7162.44873046875,115800,0.0,0.0
2021-09-14 00:00:00+09:00,7266.6640797109585,7266.6640797109585,7219.293388187419,7257.18994140625,128200,0.0,0.0
2021-09-15 00:00:00+09:00,7219.294322967529,7304.56157875061,7200.346043904622,7276.13916015625,143700,0.0,0.0
2021-09-16 00:00:00+09:00,7314.035792805137,7323.509932433123,7228.768536153264,7238.24267578125,131800,0.0,0.0
2021-09-17 00:00:00+09:00,7380.354474033454,7437.199309520232,7247.716524564303,7389.82861328125,313600,0.0,0.0
2021-09-21 00:00:00+09:00,7314.035120922158,7408.77650849887,7257.19028837613,7332.9833984375,150300,0.0,0.0
2021-09-22 00:00:00+09:00,7361.4051033764845,7389.827516903035,7181.396484375,7181.396484375,151900,0.0,0.0
2021-09-24 00:00:00+09:00,7295.086020475899,7304.560158164829,7190.870505897672,7247.71533203125,131000,0.0,0.0
2021-09-27 00:00:00+09:00,7266.663827449717,7304.560379352975,7124.5517578125,7124.5517578125,110100,0.0,0.0
2021-09-28 00:00:00+09:00,7077.181783343201,7077.181783343201,6954.017977207374,7001.388671875,140900,0.0,0.0
2021-09-29 00:00:00+09:00,6925.595162955551,6954.017578125,6821.379640667575,6954.017578125,151100,0.0,0.0
2021-09-30 00:00:00+09:00,6944.543785403681,7086.655868324629,6944.543785403681,7029.81103515625,122000,0.0,0.0
2021-10-01 00:00:00+09:00,7010.861456198771,7029.809730404713,6868.749399654201,6935.068359375,223800,0.0,0.0
2021-10-04 00:00:00+09:00,7001.388235340947,7001.388235340947,6906.646851912788,6972.9658203125,113800,0.0,0.0
2021-10-05 00:00:00+09:00,6963.491856598657,6972.965995179064,6849.802193633781,6878.224609375,123500,0.0,0.0
2021-10-06 00:00:00+09:00,6840.328037686984,6991.914254588634,6830.85389913063,6887.69873046875,101600,0.0,0.0
2021-10-07 00:00:00+09:00,6897.172481796116,6935.069033893897,6830.853515625,6830.853515625,88000,0.0,0.0
2021-10-08 00:00:00+09:00,6897.172516081363,6897.172516081363,6774.008721151338,6811.9052734375,128300,0.0,0.0
2021-10-11 00:00:00+09:00,6736.112135380547,6840.327653649445,6688.741445258322,6830.853515625,95300,0.0,0.0
2021-10-12 00:00:00+09:00,6783.483505721831,6830.85420059419,6726.638671875,6726.638671875,67900,0.0,0.0
2021-10-13 00:00:00+09:00,6726.638252755401,6774.008944676213,6679.267560834588,6688.74169921875,73100,0.0,0.0
2021-10-14 00:00:00+09:00,6650.845560079225,6764.535227772887,6603.474865206866,6726.638671875,72900,0.0,0.0
2021-10-15 00:00:00+09:00,6774.00913687003,6868.75052339968,6764.534998217065,6849.80224609375,81500,0.0,0.0
2021-10-18 00:00:00+09:00,6887.698119597739,6906.646395029919,6679.26708984375,6679.26708984375,123200,0.0,0.0
2021-10-19 00:00:00+09:00,6755.060411429438,6840.327653649445,6745.586273404992,6830.853515625,100200,0.0,0.0
2021-10-20 00:00:00+09:00,6963.491803706918,6991.914219232252,6830.853864588691,6906.64697265625,84300,0.0,0.0
2021-10-21 00:00:00+09:00,6878.224239938282,6925.594930295983,6783.482859222879,6811.9052734375,125900,0.0,0.0
2021-10-22 00:00:00+09:00,6764.53466796875,6830.853635301777,6736.112253397453,6764.53466796875,78500,0.0,0.0
2021-10-25 00:00:00+09:00,6726.638149304336,6783.482978735077,6717.16401106588,6745.58642578125,65900,0.0,0.0
2021-10-26 00:00:00+09:00,6774.008620689656,6868.75,6726.637931034483,6868.75,76200,0.0,0.0
2021-10-27 00:00:00+09:00,6935.0696290376845,7048.759295087483,6925.595490200201,7039.28515625,133300,0.0,0.0
2021-10-28 00:00:00+09:00,7039.284972067928,7067.784101509498,6925.288454301645,7001.2861328125,88700,20.0,0.0
2021-10-29 00:00:00+09:00,6963.286576001814,7219.778714544855,6963.286576001814,7200.779296875,138200,0.0,0.0
2021-11-01 00:00:00+09:00,7324.276673397775,7381.274935447564,7238.779280323093,7286.27783203125,105200,0.0,0.0
2021-11-02 00:00:00+09:00,7153.2809487749755,7257.7777488234815,7143.781239679657,7191.27978515625,110600,0.0,0.0
2021-11-04 00:00:00+09:00,7134.281530584338,7210.279203346888,7086.782985107745,7191.27978515625,127900,0.0,0.0
2021-11-05 00:00:00+09:00,7191.281319024051,7257.779296875,7143.78276341623,7257.779296875,69800,0.0,0.0
2021-11-08 00:00:00+09:00,7305.277378489378,7324.276799499753,7200.780562932312,7210.2802734375,72600,0.0,0.0
2021-11-09 00:00:00+09:00,7200.779692150298,7229.278820219494,7115.282307942709,7181.7802734375,73200,0.0,0.0
2021-11-10 00:00:00+09:00,7181.780884441845,7200.780304771056,7096.283492960394,7105.783203125,49000,0.0,0.0
2021-11-11 00:00:00+09:00,7010.786314437331,7077.284287609502,6963.287762171496,7048.78515625,72100,0.0,0.0
2021-11-12 00:00:00+09:00,7096.283342724992,7286.2775419947375,7096.283342724992,7276.77783203125,110700,0.0,0.0
2021-11-15 00:00:00+09:00,7314.777037154797,7390.774720657703,7305.277326716933,7352.77587890625,85800,0.0,0.0
2021-11-16 00:00:00+09:00,7352.776096343994,7419.274071375529,7276.778410593669,7295.77783203125,132700,0.0,0.0
2021-11-17 00:00:00+09:00,7219.779817708334,7257.778658854167,7096.283583984376,7124.78271484375,108400,0.0,0.0
2021-11-18 00:00:00+09:00,7105.78241356383,7200.779504654255,7086.782995345745,7143.78125,77500,0.0,0.0
2021-11-19 00:00:00+09:00,7143.781830238727,7200.780089522546,7105.78299071618,7162.78125,69400,0.0,0.0
2021-11-22 00:00:00+09:00,7124.782213627897,7191.280180955091,7086.783375155215,7172.28076171875,78300,0.0,0.0
2021-11-24 00:00:00+09:00,7115.28312942217,7162.781681688006,7039.285445796833,7048.78515625,90000,0.0,0.0
2021-11-25 00:00:00+09:00,7048.784602418664,7067.784021832192,6934.7880859375,6934.7880859375,56800,0.0,0.0
2021-11-26 00:00:00+09:00,6820.792008623334,6849.291139578585,6744.794326075999,6773.29345703125,127800,0.0,0.0
2021-11-29 00:00:00+09:00,6659.296425154884,6697.29526352952,6497.8013620626825,6516.80078125,135400,0.0,0.0
2021-11-30 00:00:00+09:00,6526.300339820325,6640.296852306269,6326.806442969922,6336.30615234375,281800,0.0,0.0
2021-12-01 00:00:00+09:00,6298.3074447211875,6336.306283000048,6174.811220314889,6212.81005859375,221700,0.0,0.0
2021-12-02 00:00:00+09:00,6032.316110224465,6146.312635142092,5747.324797930395,5766.32421875,396100,0.0,0.0
2021-12-03 00:00:00+09:00,5766.323770059122,6032.315640836149,5671.326673353041,5975.3173828125,311800,0.0,0.0
2021-12-06 00:00:00+09:00,6032.3157479283145,6098.813716803115,5946.818359375,5946.818359375,177000,0.0,0.0
2021-12-07 00:00:00+09:00,5956.317924926,6146.312117108648,5918.3190864894705,6117.81298828125,169900,0.0,0.0
2021-12-08 00:00:00+09:00,6165.311643032127,6193.810772352769,6089.31396484375,6089.31396484375,146100,0.0,0.0
2021-12-09 00:00:00+09:00,6079.814375987362,6136.812635762243,5994.31698632504,6013.31640625,140900,0.0,0.0
2021-12-10 00:00:00+09:00,6003.81712962963,6032.316261574074,5899.3203125,5899.3203125,110000,0.0,0.0
2021-12-13 00:00:00+09:00,5946.818774295739,5956.318484797808,5880.32080078125,5880.32080078125,118300,0.0,0.0
2021-12-14 00:00:00+09:00,5766.324020385742,5813.822570800781,5747.324600219727,5775.82373046875,129700,0.0,0.0
2021-12-15 00:00:00+09:00,5690.326445473915,5823.322389107696,5680.826735214359,5747.32470703125,119500,0.0,0.0
2021-12-16 00:00:00+09:00,5813.822555566884,5851.821395799348,5794.823135450652,5823.322265625,116400,0.0,0.0
2021-12-17 00:00:00+09:00,5804.32306038921,5861.321322848024,5728.325377110791,5766.32421875,167600,0.0,0.0
2021-12-20 00:00:00+09:00,5709.325654824314,5804.32275390625,5709.325654824314,5804.32275390625,114700,0.0,0.0
2021-12-21 00:00:00+09:00,5899.319346242137,5908.819055334315,5832.821382596895,5851.82080078125,147100,0.0,0.0
2021-12-22 00:00:00+09:00,5851.82080078125,5870.820218965605,5794.822546228186,5851.82080078125,117300,0.0,0.0
2021-12-23 00:00:00+09:00,5946.8190665952625,5946.8190665952625,5861.321667874244,5889.82080078125,92700,0.0,0.0
2021-12-24 00:00:00+09:00,5908.819656148042,5908.819656148042,5813.822555566884,5823.322265625,55400,0.0,0.0
2021-12-27 00:00:00+09:00,5842.320998002341,5861.320415882024,5813.821871182818,5832.8212890625,80600,0.0,0.0
2021-12-28 00:00:00+09:00,5861.3213797771095,5899.32022178539,5832.822248270901,5880.32080078125,114100,0.0,0.0
2021-12-29 00:00:00+09:00,5889.820910783023,5946.819177661568,5851.8220661973255,5861.32177734375,134200,0.0,0.0
2021-12-30 00:00:00+09:00,5794.823458842095,5842.322011783423,5690.326642371171,5737.8251953125,229300,0.0,0.0
2022-01-04 00:00:00+09:00,5813.822240504422,5937.318464567424,5737.824564157959,5908.8193359375,206400,0.0,0.0
2022-01-05 00:00:00+09:00,5946.817964395899,6041.815056478901,5899.319418354398,5965.8173828125,215900,0.0,0.0
2022-01-06 00:00:00+09:00,5946.818956598615,6013.316932151635,5880.3209810455955,5918.31982421875,171300,0.0,0.0
2022-01-07 00:00:00+09:00,5870.820680660942,5984.817198732029,5832.821841303914,5946.818359375,166600,0.0,0.0
2022-01-11 00:00:00+09:00,5918.319137964493,5956.3179767315205,5832.821750738683,5927.81884765625,132100,0.0,0.0
2022-01-12 00:00:00+09:00,5956.318146475119,6051.315246099921,5918.319306625198,6013.31640625,152500,0.0,0.0
2022-01-13 00:00:00+09:00,6032.315176799165,6041.814885739006,5823.321580122659,5832.8212890625,114900,0.0,0.0
2022-01-14 00:00:00+09:00,5832.822067136687,5870.820907964939,5775.823805894309,5842.32177734375,125300,0.0,0.0
2022-01-17 00:00:00+09:00,5870.820576435811,5984.817092483108,5870.820576435811,5975.3173828125,109500,0.0,0.0
2022-01-18 00:00:00+09:00,6032.316353738212,6032.316353738212,5889.820691838884,5918.31982421875,122400,0.0,0.0
2022-01-19 00:00:00+09:00,5823.322173722638,5861.321013355411,5775.823624181669,5804.32275390625,122200,0.0,0.0
2022-01-20 00:00:00+09:00,5709.32516439859,5908.819055334315,5699.825455306413,5851.82080078125,121600,0.0,0.0
2022-01-21 00:00:00+09:00,5851.821336887836,6013.31640625,5823.322207000395,6013.31640625,111500,0.0,0.0
2022-01-24 00:00:00+09:00,6013.316022600447,6013.316022600447,5899.319510323661,5984.81689453125,133000,0.0,0.0
2022-01-25 00:00:00+09:00,6032.315811587725,6060.81494140625,5899.31987243461,6060.81494140625,113200,0.0,0.0
2022-01-26 00:00:00+09:00,5994.316603887649,6127.312534877233,5984.81689453125,5984.81689453125,93200,0.0,0.0
2022-01-27 00:00:00+09:00,5937.31911766608,5937.31911766608,5728.325484724234,5737.8251953125,162100,0.0,0.0
2022-01-28 00:00:00+09:00,5851.821759259259,5908.820023148149,5832.8223379629635,5899.3203125,113500,0.0,0.0
2022-01-31 00:00:00+09:00,5832.821382596895,5880.319928057782,5804.322255320363,5851.82080078125,97900,0.0,0.0
2022-02-01 00:00:00+09:00,5851.820894012944,5927.818567961165,5823.321766282362,5870.8203125,97800,0.0,0.0
2022-02-02 00:00:00+09:00,5870.821270252307,5946.818956598615,5775.824162319422,5918.31982421875,144400,0.0,0.0
2022-02-03 00:00:00+09:00,5899.319346242137,5946.817891703024,5842.321091689073,5851.82080078125,98800,0.0,0.0
2022-02-04 00:00:00+09:00,5946.817964395899,6003.816219645701,5851.820872312898,5965.8173828125,138300,0.0,0.0
2022-02-07 00:00:00+09:00,5965.817593197347,5994.316721827271,5851.821078677653,5908.8193359375,97900,0.0,0.0
2022-02-08 00:00:00+09:00,5975.317344144265,6146.312117108648,5937.318505707735,6117.81298828125,172300,0.0,0.0
2022-02-09 00:00:00+09:00,6203.310454619095,6231.809583813364,6089.313937842022,6184.31103515625,168600,0.0,0.0
2022-02-10 00:00:00+09:00,6222.310134565002,6317.30723585607,6212.810424435895,6288.80810546875,147200,0.0,0.0
2022-02-14 00:00:00+09:00,6288.808613073154,6336.307167552559,6231.8103476978695,6241.31005859375,144900,0.0,0.0
2022-02-15 00:00:00+09:00,6298.307981033438,6374.3056640625,6269.808849897541,6374.3056640625,163100,0.0,0.0
2022-02-16 00:00:00+09:00,6545.2997465587805,6545.2997465587805,6383.8046875,6383.8046875,168800,0.0,0.0
2022-02-17 00:00:00+09:00,6412.304596808832,6440.803728350204,6326.807202184714,6393.30517578125,126400,0.0,0.0
2022-02-18 00:00:00+09:00,6317.306424654447,6440.80264047476,6288.807297926683,6421.80322265625,86100,0.0,0.0
2022-02-21 00:00:00+09:00,6336.306822547969,6393.305084819765,6279.308560276173,6374.3056640625,72000,0.0,0.0
2022-02-22 00:00:00+09:00,6279.30780368891,6336.306059093045,6250.808675986842,6317.306640625,99500,0.0,0.0
2022-02-24 00:00:00+09:00,6241.31005859375,6288.808613073154,6184.311793218465,6241.31005859375,150000,0.0,0.0
2022-02-25 00:00:00+09:00,6288.807870088241,6307.807289635335,6051.315125749561,6089.31396484375,132200,0.0,0.0
2022-02-28 00:00:00+09:00,6117.813233901515,6298.307723721591,6089.314103929924,6269.80859375,165000,0.0,0.0
2022-03-01 00:00:00+09:00,6298.307723721591,6317.307143702651,6231.809753787878,6269.80859375,134700,0.0,0.0
2022-03-02 00:00:00+09:00,6212.810215019181,6459.802670050524,6212.810215019181,6345.80615234375,234700,0.0,0.0
2022-03-03 00:00:00+09:00,6440.802943638393,6507.300909133185,6345.8058500744055,6383.8046875,185400,0.0,0.0
2022-03-04 00:00:00+09:00,6317.306271418472,6336.305688776121,6155.811223878451,6193.81005859375,151100,0.0,0.0
2022-03-07 00:00:00+09:00,6127.313137951679,6288.808212905444,6127.313137951679,6260.30908203125,140900,0.0,0.0
2022-03-08 00:00:00+09:00,6269.8082985832,6288.807717669815,5889.8199168508845,5908.8193359375,228300,0.0,0.0
2022-03-09 00:00:00+09:00,5908.8193359375,5984.817012283963,5851.821078677653,5908.8193359375,135100,0.0,0.0
2022-03-10 00:00:00+09:00,5975.317447561183,6117.813094164391,5965.817737787636,6089.31396484375,139100,0.0,0.0
2022-03-11 00:00:00+09:00,5984.817708333334,6022.816550925926,5870.821180555556,5899.3203125,138900,0.0,0.0
2022-03-14 00:00:00+09:00,5918.318669521071,5918.318669521071,5775.823035423453,5832.8212890625,137000,0.0,0.0
2022-03-15 00:00:00+09:00,5861.321240388894,6013.316604807406,5861.321240388894,6003.81689453125,135900,0.0,0.0
2022-03-16 00:00:00+09:00,6108.313020937002,6136.812148561902,5965.8173828125,5965.8173828125,168200,0.0,0.0
2022-03-17 00:00:00+09:00,6013.316314165263,6022.81602398227,5832.821827642136,5994.31689453125,191700,0.0,0.0
2022-03-18 00:00:00+09:00,6003.8165905070755,6117.813108048349,6003.8165905070755,6041.8154296875,193800,0.0,0.0
2022-03-22 00:00:00+09:00,6070.3144930326025,6070.3144930326025,5908.819428272736,5927.81884765625,185700,0.0,0.0
2022-03-23 00:00:00+09:00,5956.318028014089,6098.813674617297,5927.818898693447,6089.31396484375,160400,0.0,0.0
2022-03-24 00:00:00+09:00,6003.8165905070755,6051.315139482605,5918.31920235112,6041.8154296875,163800,0.0,0.0
2022-03-25 00:00:00+09:00,6041.8154296875,6108.313398253243,6013.316300302181,6041.8154296875,95200,0.0,0.0
2022-03-28 00:00:00+09:00,6003.816525190305,6003.816525190305,5908.819428272736,5927.81884765625,129000,0.0,0.0
2022-03-29 00:00:00+09:00,5918.320044222295,5918.320044222295,5832.822643904477,5861.32177734375,196500,0.0,0.0
2022-03-30 00:00:00+09:00,5956.318409639247,5956.318409639247,5804.32304352405,5813.82275390625,221800,0.0,0.0
2022-03-31 00:00:00+09:00,5766.324436486065,5794.823568791598,5709.326171875,5709.326171875,244600,0.0,0.0
2022-04-01 00:00:00+09:00,5680.826264648437,5718.825102539063,5595.328879394531,5699.82568359375,224100,0.0,0.0
2022-04-04 00:00:00+09:00,5690.325494846376,5718.82462086397,5633.327242811187,5652.32666015625,233900,0.0,0.0
2022-04-05 00:00:00+09:00,5728.325411235866,5728.325411235866,5652.327727504711,5671.3271484375,157400,0.0,0.0
2022-04-06 00:00:00+09:00,5690.326899314413,5699.826610331633,5576.33036710778,5585.830078125,305600,0.0,0.0
2022-04-07 00:00:00+09:00,5547.830964078608,5557.3306746335375,5462.333569084246,5528.83154296875,211100,0.0,0.0
2022-04-08 00:00:00+09:00,5604.827747576364,5604.827747576364,5471.83183492201,5481.33154296875,201400,0.0,0.0
2022-04-11 00:00:00+09:00,5452.833820174225,5462.333530662334,5329.337583828817,5367.33642578125,250000,0.0,0.0
2022-04-12 00:00:00+09:00,5310.337651022305,5367.335908457249,5101.34404042751,5110.84375,337700,0.0,0.0
2022-04-13 00:00:00+09:00,5110.84375,5186.841426579926,5101.34404042751,5110.84375,258600,0.0,0.0
2022-04-14 00:00:00+09:00,5101.34474583676,5110.844456722862,5053.84619140625,5053.84619140625,230000,0.0,0.0
2022-04-15 00:00:00+09:00,5044.346148657892,5044.346148657892,4882.85107421875,4882.85107421875,309100,0.0,0.0
2022-04-18 00:00:00+09:00,4854.351281133973,4863.85099009901,4688.106374245824,4797.35302734375,551600,0.0,0.0
2022-04-19 00:00:00+09:00,4863.851470588235,4930.349439912684,4825.852630974265,4844.85205078125,289000,0.0,0.0
2022-04-20 00:00:00+09:00,4863.851869158879,5091.844925525701,4854.352158476928,5082.34521484375,456500,0.0,0.0
2022-04-21 00:00:00+09:00,5082.344712999132,5158.342390950521,5015.846744791666,5129.84326171875,394800,0.0,0.0
2022-04-22 00:00:00+09:00,5129.843878495066,5129.843878495066,5006.34763697574,5053.84619140625,521600,0.0,0.0
2022-04-25 00:00:00+09:00,4968.348131584398,5034.8460989287405,4930.349293101917,5015.8466796875,592600,0.0,0.0
2022-04-26 00:00:00+09:00,5072.845632708729,5082.345343631404,4996.847945327324,5006.34765625,628100,0.0,0.0
2022-04-27 00:00:00+09:00,4977.739556259067,5044.490852990511,4901.4523599945605,4930.06005859375,619600,20.0,0.0
2022-04-28 00:00:00+09:00,4939.595542193352,5101.705820605103,4939.595542193352,5092.169921875,297100,0.0,0.0
2022-05-02 00:00:00+09:00,5130.313203991451,5158.9208984375,5073.097815099353,5158.9208984375,207600,0.0,0.0
2022-05-06 00:00:00+09:00,5168.457915482954,5254.281017400568,5092.170713778409,5244.7451171875,274500,0.0,0.0
2022-05-09 00:00:00+09:00,5197.065003913497,5282.888095721243,5139.849609375,5139.849609375,266300,0.0,0.0
2022-05-10 00:00:00+09:00,5092.170509240746,5254.280806351406,5063.562809750629,5216.13720703125,239900,0.0,0.0
2022-05-11 00:00:00+09:00,5216.137326038866,5330.568126610103,5206.601425991264,5321.0322265625,242300,0.0,0.0
2022-05-12 00:00:00+09:00,5235.20849609375,5263.816192793715,5168.45720379383,5235.20849609375,208600,0.0,0.0
2022-05-13 00:00:00+09:00,5406.854788457796,5416.390687555605,5292.423999284086,5359.17529296875,303500,0.0,0.0
2022-05-16 00:00:00+09:00,5435.463307698567,5607.109517415364,5321.032501220703,5492.6787109375,396900,0.0,0.0
2022-05-17 00:00:00+09:00,5483.142197870575,5511.749896294248,5387.783203125,5387.783203125,180200,0.0,0.0
2022-05-18 00:00:00+09:00,5483.141621161922,5483.141621161922,5321.031347144961,5464.06982421875,223800,0.0,0.0
2022-05-19 00:00:00+09:00,5321.032136842977,5397.3193359375,5311.496236956162,5397.3193359375,163700,0.0,0.0
2022-05-20 00:00:00+09:00,5454.5341592715595,5549.893148070013,5444.998260391714,5473.60595703125,250500,0.0,0.0
2022-05-23 00:00:00+09:00,5492.6787109375,5568.965915256076,5483.142810397678,5492.6787109375,189000,0.0,0.0
2022-05-24 00:00:00+09:00,5492.6775196335075,5502.213418105093,5416.39033186082,5464.06982421875,146500,0.0,0.0
2022-05-25 00:00:00+09:00,5483.142434918838,5483.142434918838,5387.783436050685,5397.3193359375,181100,0.0,0.0
2022-05-26 00:00:00+09:00,5368.711726800515,5464.070727276546,5311.496326514897,5321.0322265625,170700,0.0,0.0
2022-05-27 00:00:00+09:00,5359.1759434164005,5359.1759434164005,5177.993838567803,5225.67333984375,251600,0.0,0.0
2022-05-30 00:00:00+09:00,5244.745140354128,5282.888741374886,5197.065639078182,5225.67333984375,442000,0.0,0.0
2022-05-31 00:00:00+09:00,5225.673106861289,5282.888505841523,5177.993607711095,5216.13720703125,659500,0.0,0.0
2022-06-01 00:00:00+09:00,5216.13682686942,5378.247112165179,5197.065028599331,5340.103515625,275800,0.0,0.0
2022-06-02 00:00:00+09:00,5168.457258488582,5168.457258488582,4939.595682466947,4958.66748046875,889100,0.0,0.0
2022-06-03 00:00:00+09:00,4987.275285273511,5101.706075757798,4939.595789238391,5082.63427734375,563600,0.0,0.0
2022-06-06 00:00:00+09:00,5054.02690992059,5225.673106861289,5034.955110260512,5216.13720703125,247900,0.0,0.0
2022-06-07 00:00:00+09:00,5206.6008611015195,5216.136760114526,5158.921366036488,5177.9931640625,151100,0.0,0.0
2022-06-08 00:00:00+09:00,5244.744671832074,5254.280571235406,5187.529275412088,5206.60107421875,198800,0.0,0.0
2022-06-09 00:00:00+09:00,5158.921132668358,5187.528828413284,5120.777538341789,5168.45703125,148200,0.0,0.0
2022-06-10 00:00:00+09:00,5073.0983992467045,5092.170197740113,5044.490701506591,5063.5625,208700,0.0,0.0
2022-06-13 00:00:00+09:00,4996.810914907882,5120.777597911322,4987.27501621531,5111.24169921875,183500,0.0,0.0
2022-06-14 00:00:00+09:00,5044.491443101415,5101.7068469929245,5044.491443101415,5054.02734375,149600,0.0,0.0
2022-06-15 00:00:00+09:00,4987.27521934805,4996.811118429022,4891.916228538336,4920.52392578125,214300,0.0,0.0
2022-06-16 00:00:00+09:00,4987.275433902336,5044.490830849591,4930.060036955082,4949.1318359375,174000,0.0,0.0
2022-06-17 00:00:00+09:00,4882.380841121495,5130.3142432096965,4825.165440639603,5101.70654296875,301800,0.0,0.0
2022-06-20 00:00:00+09:00,5054.027134354245,5101.706635621738,4996.811732833255,5025.41943359375,167300,0.0,0.0
2022-06-21 00:00:00+09:00,5092.169982910156,5120.777679443359,4987.275095621745,5034.95458984375,145600,0.0,0.0
2022-06-22 00:00:00+09:00,5054.026326954588,5139.849415525515,5025.418630764279,5092.169921875,163200,0.0,0.0
2022-06-23 00:00:00+09:00,5244.7439435206425,5263.815739678899,5177.992656966743,5197.064453125,173700,0.0,0.0
2022-06-24 00:00:00+09:00,5263.816364096223,5321.0317593581385,5206.600968834307,5301.9599609375,149700,0.0,0.0
2022-06-27 00:00:00+09:00,5397.318673831619,5397.318673831619,5282.887889227415,5330.5673828125,164200,0.0,0.0
2022-06-28 00:00:00+09:00,5292.423925287205,5664.323984901982,5282.888026322724,5654.7880859375,403400,0.0,0.0
2022-06-29 00:00:00+09:00,5673.859883866463,5759.682974546796,5597.572692150611,5654.7880859375,570600,0.0,0.0
2022-06-30 00:00:00+09:00,5740.611265483655,5959.936945061934,5702.467669035259,5797.82666015625,510700,0.0,0.0
2022-07-01 00:00:00+09:00,5835.9707936672185,5874.114393625828,5712.004093801738,5759.68359375,204000,0.0,0.0
2022-07-04 00:00:00+09:00,5826.433886235303,5864.577479598545,5731.074902827197,5778.75439453125,239700,0.0,0.0
2022-07-05 00:00:00+09:00,5816.898543294271,5826.434442545573,5702.467752278646,5721.53955078125,155000,0.0,0.0
2022-07-06 00:00:00+09:00,5769.219131097561,5902.721722560976,5769.219131097561,5864.578125,286800,0.0,0.0
2022-07-07 00:00:00+09:00,5874.11387743442,6036.2241630129665,5835.9702808277025,5998.08056640625,279300,0.0,0.0
2022-07-08 00:00:00+09:00,5969.473889062499,5998.08159140625,5835.971278125,5959.93798828125,262700,0.0,0.0
2022-07-11 00:00:00+09:00,6026.688222008293,6083.903616521031,5979.0087265810125,6036.22412109375,218400,0.0,0.0
2022-07-12 00:00:00+09:00,6055.295940223851,6064.831839342313,5931.329251683835,6017.15234375,182500,0.0,0.0
2022-07-13 00:00:00+09:00,6045.759805927579,6055.295704675099,5940.864919704861,6007.6162109375,164300,0.0,0.0
2022-07-14 00:00:00+09:00,6017.152109685019,6036.2239071800595,5940.864919704861,6007.6162109375,138800,0.0,0.0
2022-07-15 00:00:00+09:00,6045.7596865264795,6131.58277355919,5998.08019373053,6122.046875,225200,0.0,0.0
2022-07-19 00:00:00+09:00,6045.760257902005,6045.760257902005,5797.826871931261,5826.4345703125,275800,0.0,0.0
2022-07-20 00:00:00+09:00,5835.970867200122,5959.937568627574,5826.4349670903175,5902.72216796875,230000,0.0,0.0
2022-07-21 00:00:00+09:00,5855.04266741973,5912.258068078554,5835.970867200122,5902.72216796875,133200,0.0,0.0
2022-07-22 00:00:00+09:00,5931.329546163638,5998.080843306959,5912.2577469798325,5969.47314453125,151700,0.0,0.0
2022-07-25 00:00:00+09:00,5998.080545513074,6017.15234375,5959.936949039224,6017.15234375,116400,0.0,0.0
2022-07-26 00:00:00+09:00,6007.616720989252,6007.616720989252,5940.865424089371,5988.544921875,110200,0.0,0.0
2022-07-27 00:00:00+09:00,6007.617022910815,6007.617022910815,5940.86572265625,5940.86572265625,85500,0.0,0.0
2022-07-28 00:00:00+09:00,5950.4013453474445,5988.544943715056,5893.185947796026,5969.47314453125,162200,0.0,0.0
2022-07-29 00:00:00+09:00,5969.47314453125,6017.152642490765,5931.329546163638,5969.47314453125,128100,0.0,0.0
2022-08-01 00:00:00+09:00,6026.688718463302,6265.086215237959,6017.152818592316,6236.478515625,255600,0.0,0.0
2022-08-02 00:00:00+09:00,6284.157913660297,6284.157913660297,6074.3681198810455,6112.51171875,171900,0.0,0.0
2022-08-03 00:00:00+09:00,6036.224184173146,6093.439579283792,5950.401091507178,5979.0087890625,193400,0.0,0.0
2022-08-04 00:00:00+09:00,5969.4730843980915,5979.008983893935,5788.2909939770625,5807.36279296875,283600,0.0,0.0
2022-08-05 00:00:00+09:00,5769.219173550021,5864.578168154153,5750.147374629194,5826.4345703125,273700,0.0,0.0
2022-08-08 00:00:00+09:00,5778.755304074754,5883.650202333537,5769.2194042330475,5835.970703125,257200,0.0,0.0
2022-08-09 00:00:00+09:00,5835.970256604646,5893.185651277241,5788.290761044151,5797.82666015625,133100,0.0,0.0
2022-08-10 00:00:00+09:00,5759.683826188017,5778.755626936983,5626.181220945248,5769.2197265625,314300,0.0,0.0
2022-08-12 00:00:00+09:00,5816.899295929939,5912.25830078125,5778.755693989415,5912.25830078125,234600,0.0,0.0
2022-08-15 00:00:00+09:00,5874.114422401685,5950.401622692617,5855.042622328952,5940.86572265625,111100,0.0,0.0
2022-08-16 00:00:00+09:00,5998.080843306959,6007.616742898862,5950.4013453474445,5969.47314453125,116200,0.0,0.0
2022-08-17 00:00:00+09:00,6026.687968257098,6055.295664308951,5969.472576153391,6045.759765625,172800,0.0,0.0
2022-08-18 00:00:00+09:00,5959.936990692285,5988.544688247608,5921.793393951854,5979.0087890625,106800,0.0,0.0
2022-08-19 00:00:00+09:00,5969.473703692036,5988.545504662298,5902.722400296118,5912.25830078125,107900,0.0,0.0
2022-08-22 00:00:00+09:00,5902.721869052984,5950.4013671875,5864.578270545373,5950.4013671875,105700,0.0,0.0
2022-08-23 00:00:00+09:00,5940.865445755541,5988.544943715056,5921.793646571736,5969.47314453125,113800,0.0,0.0
2022-08-24 00:00:00+09:00,6017.152642490765,6083.903939634086,5940.865445755541,5969.47314453125,182400,0.0,0.0
2022-08-25 00:00:00+09:00,5950.4013453474445,6026.6885420826675,5950.4013453474445,5969.47314453125,122500,0.0,0.0
2022-08-26 00:00:00+09:00,5950.40094053398,5998.080435249797,5864.57785004551,5893.185546875,136200,0.0,0.0
2022-08-29 00:00:00+09:00,5797.826829268292,5902.721722560976,5788.290929878049,5864.578125,152700,0.0,0.0
2022-08-30 00:00:00+09:00,5912.257494766746,6045.760083358254,5883.649797211424,5979.0087890625,626800,0.0,0.0
2022-08-31 00:00:00+09:00,5902.720994980405,5969.472282484222,5826.433809261756,5855.04150390625,317200,0.0,0.0
2022-09-01 00:00:00+09:00,5788.290761044151,5864.577953940944,5769.218962819953,5797.82666015625,165400,0.0,0.0
2022-09-02 00:00:00+09:00,5912.257365437297,5950.4009613433445,5712.00348693055,5874.11376953125,294100,0.0,0.0
2022-09-05 00:00:00+09:00,5778.754254201681,5788.290152310925,5654.787578781513,5673.859375,202700,0.0,0.0
2022-09-06 00:00:00+09:00,5664.324089770047,5692.931787193128,5559.42919921875,5559.42919921875,185200,0.0,0.0
2022-09-07 00:00:00+09:00,5511.749787703804,5540.357485563859,5444.998492697011,5483.14208984375,197800,0.0,0.0
2022-09-08 00:00:00+09:00,5540.3580046888155,5673.860607211437,5540.3580046888155,5664.32470703125,180500,0.0,0.0
2022-09-09 00:00:00+09:00,5568.965036078098,5692.931723525042,5568.965036078098,5616.64453125,194500,0.0,0.0
2022-09-12 00:00:00+09:00,5635.716457519531,5731.075450032552,5607.108759765625,5721.53955078125,87900,0.0,0.0
2022-09-13 00:00:00+09:00,5721.539572010869,5759.683169157609,5673.860075577446,5702.4677734375,89200,0.0,0.0
2022-09-14 00:00:00+09:00,5607.108930195847,5645.2525283604455,5559.4294324901,5568.96533203125,159900,0.0,0.0
2022-09-15 00:00:00+09:00,5559.429873511905,5607.109375,5540.358072916667,5607.109375,97700,0.0,0.0
2022-09-16 00:00:00+09:00,5559.429943386222,5626.181246308526,5549.89404296875,5549.89404296875,217700,0.0,0.0
2022-09-20 00:00:00+09:00,5597.573405769939,5683.396507391625,5578.501605409565,5664.32470703125,141300,0.0,0.0
2022-09-21 00:00:00+09:00,5578.5009765625,5626.180472088675,5559.42917835203,5578.5009765625,120200,0.0,0.0
2022-09-22 00:00:00+09:00,5559.428985385237,5588.036681707974,5492.6776939655165,5530.8212890625,129300,0.0,0.0
2022-09-26 00:00:00+09:00,5387.7826364460625,5521.285215048266,5387.7826364460625,5464.06982421875,209700,0.0,0.0
2022-09-27 00:00:00+09:00,5473.606315326366,5616.644807887159,5464.0704158223125,5588.037109375,159500,0.0,0.0
2022-09-28 00:00:00+09:00,5511.7505120171445,5559.430014716254,5425.927407158746,5492.6787109375,255200,0.0,0.0
2022-09-29 00:00:00+09:00,5492.677823604061,5645.252207593062,5473.606025605435,5635.71630859375,198800,0.0,0.0
2022-09-30 00:00:00+09:00,5664.324305407424,5702.467903423635,5559.429410862842,5588.037109375,170300,0.0,0.0
2022-10-03 00:00:00+09:00,5492.6776939655165,5549.893086610991,5425.926402545797,5530.8212890625,221900,0.0,0.0
2022-10-04 00:00:00+09:00,5673.860722817665,5769.2197265625,5664.324822443182,5769.2197265625,229300,0.0,0.0
2022-10-05 00:00:00+09:00,5826.434724894001,5835.970624607412,5654.788530052607,5692.93212890625,194300,0.0,0.0
2022-10-06 00:00:00+09:00,5692.931723525042,5721.5394206281835,5607.10863221562,5616.64453125,173800,0.0,0.0
2022-10-07 00:00:00+09:00,5540.357442957956,5568.965140598014,5492.677946891192,5521.28564453125,184700,0.0,0.0
2022-10-11 00:00:00+09:00,5464.0698636931575,5492.677559314588,5406.854472450297,5425.92626953125,248700,0.0,0.0
2022-10-12 00:00:00+09:00,5397.319313586598,5454.534712670555,5387.783413739272,5416.39111328125,201600,0.0,0.0
2022-10-13 00:00:00+09:00,5397.318953040693,5406.854852251012,5263.816364096223,5301.9599609375,211500,0.0,0.0
2022-10-14 00:00:00+09:00,5397.319124320049,5406.855023832982,5340.103727242451,5368.71142578125,179500,0.0,0.0
2022-10-17 00:00:00+09:00,5311.496442140454,5330.568242650833,5206.601539333371,5225.67333984375,240300,0.0,0.0
2022-10-18 00:00:00+09:00,5273.352888219497,5301.960589240579,5177.993884815889,5187.52978515625,205300,0.0,0.0
2022-10-19 00:00:00+09:00,5177.993440755208,5197.065239800347,5139.84984266493,5149.3857421875,169800,0.0,0.0
2022-10-20 00:00:00+09:00,5092.169982910156,5130.313578287761,5025.418690999349,5034.95458984375,244500,0.0,0.0
2022-10-21 00:00:00+09:00,5025.419053924384,5044.490852990511,4910.988259527624,4930.06005859375,270300,0.0,0.0
2022-10-24 00:00:00+09:00,4977.739144615668,5006.346840849091,4853.7724609375,4853.7724609375,237100,0.0,0.0
2022-10-25 00:00:00+09:00,4872.844682949029,4920.524180825243,4853.772883798544,4910.98828125,253300,0.0,0.0
2022-10-26 00:00:00+09:00,4987.275455792131,5025.419053924384,4920.5241590606865,4930.06005859375,171600,0.0,0.0
2022-10-27 00:00:00+09:00,4901.45263671875,4930.060336933062,4872.844936504438,4901.45263671875,267800,0.0,0.0
2022-10-28 00:00:00+09:00,4863.159367340686,4958.890850949755,4844.013070618872,4882.3056640625,737600,20.0,0.0
2022-10-31 00:00:00+09:00,4949.317646019345,5035.475980282738,4920.598201264881,5025.90283203125,240500,0.0,0.0
2022-11-01 00:00:00+09:00,5054.623139177694,5083.342588832113,5035.476839408081,5064.1962890625,219600,0.0,0.0
2022-11-02 00:00:00+09:00,5016.330263783269,5064.196010575095,4997.18396506654,5035.4765625,182700,0.0,0.0
2022-11-04 00:00:00+09:00,4968.464541034369,4987.61083984375,4901.452495201535,4987.61083984375,197000,0.0,0.0
2022-11-07 00:00:00+09:00,4987.610770631068,4997.183919902913,4920.598725728155,4930.171875,156500,0.0,0.0
2022-11-08 00:00:00+09:00,4930.171071487368,5045.04884402688,4930.171071487368,4997.18310546875,174100,0.0,0.0
2022-11-09 00:00:00+09:00,5054.623046875,5054.623046875,4997.184148615057,5054.623046875,143700,0.0,0.0
2022-11-10 00:00:00+09:00,5025.9035977450285,5073.769346294981,4997.184148615057,5054.623046875,122400,0.0,0.0
2022-11-11 00:00:00+09:00,5121.634858544193,5169.500604885728,5092.915410739272,5131.2080078125,238100,0.0,0.0
2022-11-14 00:00:00+09:00,5169.500465883028,5255.658806981078,5083.3421247849765,5217.3662109375,264800,0.0,0.0
2022-11-15 00:00:00+09:00,5198.220171706121,5226.939620168586,5045.049779906309,5092.91552734375,229700,0.0,0.0
2022-11-16 00:00:00+09:00,5121.6354375800165,5188.647490034334,5054.623385125698,5140.78173828125,166500,0.0,0.0
2022-11-17 00:00:00+09:00,5159.927408854167,5246.085751488095,5150.354259672619,5226.939453125,168000,0.0,0.0
2022-11-18 00:00:00+09:00,5255.6591796875,5265.232329377277,5198.220281548839,5255.6591796875,111800,0.0,0.0
2022-11-21 00:00:00+09:00,5284.37872159091,5322.671321022727,5265.232421875,5265.232421875,124600,0.0,0.0
2022-11-22 00:00:00+09:00,5274.80536120451,5303.52480963212,5217.3664643492875,5293.95166015625,203900,0.0,0.0
2022-11-24 00:00:00+09:00,5332.2444708806825,5360.963920454546,5265.232421875,5265.232421875,163900,0.0,0.0
2022-11-25 00:00:00+09:00,5303.524740773538,5303.524740773538,5179.07379920304,5236.5126953125,142500,0.0,0.0
2022-11-28 00:00:00+09:00,5246.085775040435,5255.658924264961,5131.207984346119,5179.07373046875,202000,0.0,0.0
2022-11-29 00:00:00+09:00,5159.926775185802,5188.646219203534,5102.487887150339,5112.06103515625,155800,0.0,0.0
2022-11-30 00:00:00+09:00,5035.476167798269,5102.488208054139,5035.476167798269,5045.04931640625,257600,0.0,0.0
2022-12-01 00:00:00+09:00,5083.342192106426,5112.0616395194575,5035.4764464180425,5073.76904296875,275200,0.0,0.0
2022-12-02 00:00:00+09:00,5073.769320547021,5255.659164113802,5054.623021224203,5102.48876953125,438500,0.0,0.0
2022-12-05 00:00:00+09:00,5131.208393545279,5131.208393545279,4911.025943822255,4968.46484375,352700,0.0,0.0
2022-12-06 00:00:00+09:00,4920.59814453125,4949.317588954585,4882.305551966805,4920.59814453125,229700,0.0,0.0
2022-12-07 00:00:00+09:00,4882.3061286407765,4949.318173543689,4872.732979368931,4930.171875,185700,0.0,0.0
2022-12-08 00:00:00+09:00,4968.4640744231465,4968.4640744231465,4891.878886378088,4939.74462890625,186300,0.0,0.0
2022-12-09 00:00:00+09:00,4911.0251833893535,4968.4640744231465,4901.452034883721,4939.74462890625,193200,0.0,0.0
2022-12-12 00:00:00+09:00,4958.891441031678,4968.464590531739,4882.306245031189,4891.87939453125,182600,0.0,0.0
2022-12-13 00:00:00+09:00,4911.025390625,4930.1716884442,4891.879092805799,4911.025390625,125800,0.0,0.0
2022-12-14 00:00:00+09:00,4930.171875,4939.745024271844,4872.732979368931,4930.171875,207000,0.0,0.0
2022-12-15 00:00:00+09:00,4911.025390625,4949.3179862634015,4901.452241715399,4911.025390625,148100,0.0,0.0
2022-12-16 00:00:00+09:00,4863.158990550889,4863.158990550889,4834.439547693305,4844.0126953125,220800,0.0,0.0
2022-12-19 00:00:00+09:00,4815.294507546076,4824.867657660481,4762.6421819168445,4772.21533203125,207500,0.0,0.0
2022-12-20 00:00:00+09:00,4772.215079677943,4772.215079677943,4652.550709575688,4695.6298828125,349900,0.0,0.0
2022-12-21 00:00:00+09:00,4690.842632500639,4724.348651304216,4647.76346546747,4676.48291015625,270300,0.0,0.0
2022-12-22 00:00:00+09:00,4705.202589978997,4709.989164332994,4623.830825961049,4700.416015625,193900,0.0,0.0
2022-12-23 00:00:00+09:00,4695.629441271003,4719.562313040988,4686.056292563009,4700.416015625,162200,0.0,0.0
2022-12-26 00:00:00+09:00,4681.270021061912,4686.056595725575,4580.751953125,4580.751953125,188900,0.0,0.0
2022-12-27 00:00:00+09:00,4599.898227948067,4666.91027289216,4595.111653309204,4628.61767578125,165900,0.0,0.0
2022-12-28 00:00:00+09:00,4604.6846875,4666.91015625,4580.751814903846,4666.91015625,208500,0.0,0.0
2022-12-29 00:00:00+09:00,4662.123581730769,4705.202752403846,4599.898112980769,4666.91015625,168600,0.0,0.0
2022-12-30 00:00:00+09:00,4686.056144188739,4709.989015200939,4585.5380859375,4585.5380859375,186700,0.0,0.0
2023-01-04 00:00:00+09:00,4556.818623771835,4561.605197956468,4384.501953125,4384.501953125,356800,0.0,0.0
2023-01-05 00:00:00+09:00,4374.9296875,4398.862563252188,4327.063935995624,4374.9296875,238500,0.0,0.0
2023-01-06 00:00:00+09:00,4322.2767154947915,4365.355885416667,4298.343843315973,4307.9169921875,289100,0.0,0.0
2023-01-10 00:00:00+09:00,4322.277045049732,4341.42334425261,4231.33212383606,4240.9052734375,270200,0.0,0.0
2023-01-11 00:00:00+09:00,4236.118230950342,4293.557122217466,4193.0390625,4193.0390625,404300,0.0,0.0
2023-01-12 00:00:00+09:00,4216.972328910615,4283.984375,4154.7468575419,4283.984375,771300,0.0,0.0
2023-01-13 00:00:00+09:00,4279.197876399928,4303.130750429011,4140.38720703125,4140.38720703125,452900,0.0,0.0
2023-01-16 00:00:00+09:00,4164.319705139658,4226.545171998067,4092.5210895338023,4102.09423828125,356700,0.0,0.0
2023-01-17 00:00:00+09:00,4154.746976072452,4159.533550929678,3948.9242572117196,3968.070556640625,794500,0.0,0.0
2023-01-18 00:00:00+09:00,4082.947925472373,4130.813669030079,4025.509033203125,4025.509033203125,885000,0.0,0.0
2023-01-19 00:00:00+09:00,3958.497045180377,4015.9359382180605,3896.271577722886,3905.8447265625,740500,0.0,0.0
2023-01-20 00:00:00+09:00,3896.2712353226702,4059.014751294379,3881.9115133251667,4044.655029296875,645300,0.0,0.0
2023-01-23 00:00:00+09:00,4087.7346170890232,4097.307766075181,3958.4971057759044,3987.216552734375,613200,0.0,0.0
2023-01-24 00:00:00+09:00,4030.2954666756787,4030.2954666756787,3987.2162989796207,4011.149169921875,343700,0.0,0.0
2023-01-25 00:00:00+09:00,4001.5759368419076,4006.3625109290388,3939.3504737091985,3977.64306640625,577900,0.0,0.0
2023-01-26 00:00:00+09:00,4068.587869800435,4288.770272166105,4068.587869800435,4264.83740234375,1078400,0.0,0.0
2023-01-27 00:00:00+09:00,4307.916851745401,4307.916851745401,4202.612217591624,4293.55712890625,701800,0.0,0.0
2023-01-30 00:00:00+09:00,4298.3437095758445,4418.008066746664,4283.983986715346,4394.0751953125,1444200,0.0,0.0
2023-01-31 00:00:00+09:00,4408.435151700467,4437.154598942816,4370.142555377336,4418.00830078125,493200,0.0,0.0
2023-02-01 00:00:00+09:00,4451.515214652891,4465.874941151771,4370.143431159236,4408.43603515625,429900,0.0,0.0
2023-02-02 00:00:00+09:00,4422.795515366022,4422.795515366022,4307.917709772099,4331.8505859375,425300,0.0,0.0
2023-02-03 00:00:00+09:00,4288.771068207441,4288.771068207441,4231.33216997252,4245.69189453125,356800,0.0,0.0
2023-02-06 00:00:00+09:00,4240.904858017817,4298.34375,4226.545135022271,4298.34375,363100,0.0,0.0
2023-02-07 00:00:00+09:00,4322.276289917403,4331.849437846346,4226.544810627981,4264.83740234375,492500,0.0,0.0
2023-02-08 00:00:00+09:00,4264.8373078731365,4274.410455590024,4216.971569288702,4255.26416015625,378500,0.0,0.0
2023-02-09 00:00:00+09:00,4216.972582733497,4283.984632856391,4216.972582733497,4260.0517578125,478500,0.0,0.0
2023-02-10 00:00:00+09:00,4212.185824633183,4255.2649978396585,4154.746927024548,4240.9052734375,647400,0.0,0.0
2023-02-13 00:00:00+09:00,4226.5450351562495,4240.9047578125,4164.3195703125,4188.25244140625,386400,0.0,0.0
2023-02-14 00:00:00+09:00,4245.692024239332,4360.56982421875,4240.905449240189,4360.56982421875,452400,0.0,0.0
2023-02-15 00:00:00+09:00,4336.6367438180105,4336.6367438180105,4245.691823141916,4288.77099609375,473600,0.0,0.0
2023-02-16 00:00:00+09:00,4341.4231774478585,4346.20975206467,4245.691685111632,4274.4111328125,583000,0.0,0.0
2023-02-17 00:00:00+09:00,4245.691246766639,4303.1301362381155,4245.691246766639,4279.197265625,358300,0.0,0.0
2023-02-20 00:00:00+09:00,4279.198057847612,4279.198057847612,4221.759157742275,4260.0517578125,274300,0.0,0.0
2023-02-21 00:00:00+09:00,4236.11888276861,4283.984632856391,4236.11888276861,4260.0517578125,363500,0.0,0.0
2023-02-22 00:00:00+09:00,4212.184948620496,4279.196981894003,4173.892358178491,4250.4775390625,608600,0.0,0.0
2023-02-24 00:00:00+09:00,4245.691524522569,4317.490141059028,4202.612354600695,4307.9169921875,649100,0.0,0.0
2023-02-27 00:00:00+09:00,4298.343729565322,4350.996046965343,4245.691412165302,4346.20947265625,734700,0.0,0.0
2023-02-28 00:00:00+09:00,4293.557135289011,4403.648343886166,4288.7705610021785,4394.0751953125,3872000,0.0,0.0
2023-03-01 00:00:00+09:00,4379.716005211167,4456.301203116499,4370.142855473001,4398.8623046875,750500,0.0,0.0
2023-03-02 00:00:00+09:00,4504.166499660326,4619.044284986413,4360.569268002718,4403.6484375,977400,0.0,0.0
2023-03-03 00:00:00+09:00,4432.368486443261,4485.020811876172,4379.716161010349,4465.87451171875,584900,0.0,0.0
2023-03-06 00:00:00+09:00,4475.446862633052,4494.593159371589,4379.715378940366,4384.501953125,460700,0.0,0.0
2023-03-07 00:00:00+09:00,4360.569428448185,4370.1425775776,4264.837937154043,4269.62451171875,444100,0.0,0.0
2023-03-08 00:00:00+09:00,4236.11874482543,4293.557643060351,4226.54559511961,4245.69189453125,388400,0.0,0.0
2023-03-09 00:00:00+09:00,4264.837937154043,4279.197660848165,4255.264788024629,4269.62451171875,252800,0.0,0.0
2023-03-10 00:00:00+09:00,4202.6125141108805,4226.545387198072,4169.106491788812,4173.89306640625,465300,0.0,0.0
2023-03-13 00:00:00+09:00,4135.600316896249,4159.533189100509,4073.3748491651704,4082.947998046875,328300,0.0,0.0
2023-03-14 00:00:00+09:00,4044.6555879583766,4049.4421626186827,3963.2838187331786,4001.576416015625,407700,0.0,0.0
2023-03-15 00:00:00+09:00,4025.5088072775648,4035.0819554518275,3958.4967700577245,3977.64306640625,342500,0.0,0.0
2023-03-16 00:00:00+09:00,3953.7105536385557,3958.4971281586995,3872.338786796116,3939.350830078125,337400,0.0,0.0
2023-03-17 00:00:00+09:00,3939.350764821311,4092.521146928579,3929.777615939606,4082.947998046875,540500,0.0,0.0
2023-03-20 00:00:00+09:00,4082.9480558469522,4082.9480558469522,4011.149438217756,4063.8017578125,241300,0.0,0.0
2023-03-22 00:00:00+09:00,4111.6673401449325,4116.453914464077,4049.441873996057,4097.3076171875,213400,0.0,0.0
2023-03-23 00:00:00+09:00,4073.374568768793,4183.465773330112,4068.5879946574314,4178.67919921875,231900,0.0,0.0
2023-03-24 00:00:00+09:00,4149.960800170898,4154.747375488281,4111.668197631836,4135.60107421875,217600,0.0,0.0
2023-03-27 00:00:00+09:00,4183.4663802835985,4183.4663802835985,4135.600632225433,4140.38720703125,178300,0.0,0.0
2023-03-28 00:00:00+09:00,4154.746556392211,4154.746556392211,4082.9479407863546,4102.09423828125,258700,0.0,0.0
2023-03-29 00:00:00+09:00,4126.027594008044,4202.61279296875,4111.667869202912,4202.61279296875,299400,0.0,0.0
2023-03-30 00:00:00+09:00,4169.106097817148,4197.825542807852,4130.81350449621,4183.4658203125,206300,0.0,0.0
2023-03-31 00:00:00+09:00,4216.972403924314,4216.972403924314,4140.38720703125,4140.38720703125,420100,0.0,0.0
2023-04-03 00:00:00+09:00,4178.679339683219,4226.545082405822,4169.106191138699,4193.0390625,253800,0.0,0.0
2023-04-04 00:00:00+09:00,4226.545387198072,4226.545387198072,4173.89306640625,4173.89306640625,242900,0.0,0.0
2023-04-05 00:00:00+09:00,4154.746252540651,4173.892548635308,4121.240234375,4121.240234375,285400,0.0,0.0
2023-04-06 00:00:00+09:00,4116.454240748117,4159.533413035016,4106.881091351028,4130.81396484375,254300,0.0,0.0
2023-04-07 00:00:00+09:00,4126.0272506359015,4154.746697856104,4116.4541015625,4116.4541015625,289000,0.0,0.0
2023-04-10 00:00:00+09:00,4126.027157087704,4145.173454800408,4097.3077105186485,4106.880859375,203400,0.0,0.0
2023-04-11 00:00:00+09:00,4126.027157087704,4154.74660365676,4106.880859375,4106.880859375,184600,0.0,0.0
2023-04-12 00:00:00+09:00,4111.667387028698,4130.813684523592,4102.09423828125,4102.09423828125,237500,0.0,0.0
2023-04-13 00:00:00+09:00,4102.094284946824,4116.454008231352,4087.734561662296,4106.880859375,228800,0.0,0.0
2023-04-14 00:00:00+09:00,4126.027390145206,4145.173688939382,4121.240815446661,4130.81396484375,374700,0.0,0.0
2023-04-17 00:00:00+09:00,4130.813382422329,4149.959678516986,4111.667086327671,4121.240234375,332500,0.0,0.0
2023-04-18 00:00:00+09:00,4145.173781837067,4164.320081060333,4135.600632225433,4140.38720703125,287300,0.0,0.0
2023-04-19 00:00:00+09:00,4135.600844004656,4140.387419055588,4111.66796875,4111.66796875,286100,0.0,0.0
2023-04-20 00:00:00+09:00,4111.667666049572,4145.173688939382,4111.667666049572,4130.81396484375,270300,0.0,0.0
2023-04-21 00:00:00+09:00,4116.453409172921,4149.959425294096,4116.453409172921,4145.1728515625,536000,0.0,0.0
2023-04-24 00:00:00+09:00,4145.173548782704,4154.746697856104,4116.4541015625,4116.4541015625,552400,0.0,0.0
2023-04-25 00:00:00+09:00,4116.453735771048,4178.67919921875,4116.453735771048,4178.67919921875,528900,0.0,0.0
2023-04-26 00:00:00+09:00,4154.746697856104,4164.319846929506,4116.4541015625,4116.4541015625,1130600,0.0,0.0
2023-04-27 00:00:00+09:00,4106.836132113291,4106.836132113291,4005.8483583728,4029.89306640625,680700,20.0,0.0
2023-04-28 00:00:00+09:00,4053.937707272778,4092.4092394888894,4034.701941164722,4044.31982421875,426600,0.0,0.0
2023-05-01 00:00:00+09:00,4068.364501953125,4077.9823849364657,4039.510853003103,4068.364501953125,280000,0.0,0.0
2023-05-02 00:00:00+09:00,4073.173714251255,4073.173714251255,3996.230645268941,4010.657470703125,363000,0.0,0.0
2023-05-08 00:00:00+09:00,4001.0398246951218,4005.8487667921113,3933.7146353372714,3943.33251953125,409600,0.0,0.0
2023-05-09 00:00:00+09:00,3967.377268534661,3986.613037109375,3938.523615672591,3986.613037109375,410800,0.0,0.0
2023-05-10 00:00:00+09:00,3972.1857783876617,3972.1857783876617,3904.860595703125,3904.860595703125,420800,0.0,0.0
2023-05-11 00:00:00+09:00,3895.242991904369,3933.714527626881,3885.625107973741,3914.478759765625,341600,0.0,0.0
2023-05-12 00:00:00+09:00,3919.2876779618095,4005.8486328125,3904.860852153361,4005.8486328125,496900,0.0,0.0
2023-05-15 00:00:00+09:00,4020.27518319287,4034.70200801294,3996.2304751594197,4029.89306640625,277300,0.0,0.0
2023-05-16 00:00:00+09:00,4039.5114085477944,4087.600830078125,4034.7024663947614,4087.600830078125,355500,0.0,0.0
2023-05-17 00:00:00+09:00,4092.409599929559,4111.645367731813,4068.3648901767415,4106.83642578125,305600,0.0,0.0
2023-05-18 00:00:00+09:00,4111.645363691706,4111.645363691706,4044.3201764499704,4073.173828125,321300,0.0,0.0
2023-05-19 00:00:00+09:00,4073.1734733808335,4073.1734733808335,4015.466175056666,4044.31982421875,241700,0.0,0.0
2023-05-22 00:00:00+09:00,4039.5110285998235,4082.79150390625,4034.7020868991094,4082.79150390625,164700,0.0,0.0
2023-05-23 00:00:00+09:00,4073.1735408664604,4092.4093072932205,4020.27518319287,4029.89306640625,238700,0.0,0.0
2023-05-24 00:00:00+09:00,4039.511226365546,4039.511226365546,3981.8039231317525,4005.8486328125,209800,0.0,0.0
2023-05-25 00:00:00+09:00,4005.848450374487,4010.6573920916235,3948.1411497688523,3957.759033203125,273100,0.0,0.0
2023-05-26 00:00:00+09:00,3943.3321047292175,3967.376812684883,3919.2873967735513,3962.56787109375,333200,0.0,0.0
2023-05-29 00:00:00+09:00,3991.421467421596,4063.555590326806,3967.3767597865262,4044.31982421875,344700,0.0,0.0
2023-05-30 00:00:00+09:00,4020.2750352974394,4025.0839767272214,3943.3319724209337,3991.42138671875,328800,0.0,0.0
2023-05-31 00:00:00+09:00,3957.7589661087886,4025.0841490073585,3952.950024473176,3972.185791015625,527200,0.0,0.0
2023-06-01 00:00:00+09:00,3981.8034173909023,4073.1733025725775,3981.8034173909023,4063.555419921875,366200,0.0,0.0
2023-06-02 00:00:00+09:00,4164.543729188013,4198.2063228419565,4073.173832127305,4106.83642578125,878000,0.0,0.0
2023-06-05 00:00:00+09:00,4174.161843941077,4197.244766580382,4120.30169111603,4168.39111328125,848000,0.0,0.0
2023-06-06 00:00:00+09:00,4154.926089211618,4178.970800376037,4107.798455329356,4172.23828125,256400,0.0,0.0
2023-06-07 00:00:00+09:00,4160.696405930952,4174.16144284335,4060.6704174388537,4062.593994140625,469000,0.0,0.0
2023-06-08 00:00:00+09:00,4062.593704775687,4084.714835270441,3978.918124208574,3987.57421875,344600,0.0,0.0
2023-06-09 00:00:00+09:00,4054.899084719205,4164.542940425559,4014.5039799852852,4095.294189453125,685500,0.0,0.0
2023-06-12 00:00:00+09:00,4135.690219843787,4145.308104075983,4031.8170701360827,4046.243896484375,348600,0.0,0.0
2023-06-13 00:00:00+09:00,4049.1291719324445,4078.9446123908547,4043.3584415211394,4054.89990234375,270200,0.0,0.0
2023-06-14 00:00:00+09:00,4066.4415867168946,4071.2505289906844,4031.817202345606,4049.12939453125,268200,0.0,0.0
2023-06-15 00:00:00+09:00,4040.47316741759,4049.1292632297204,3980.84228515625,3980.84228515625,491600,0.0,0.0
2023-06-16 00:00:00+09:00,3972.186172113186,4002.9634015339175,3934.676423756669,3943.33251953125,637400,0.0,0.0
2023-06-19 00:00:00+09:00,3930.82893490363,3936.5996649279564,3851.962291237837,3854.84765625,930600,0.0,0.0
2023-06-20 00:00:00+09:00,3858.6951003294544,3903.8991555925363,3823.108929164901,3900.052001953125,794000,0.0,0.0
2023-06-21 00:00:00+09:00,3908.7076522048146,4000.077540728303,3908.7076522048146,3975.071044921875,717200,0.0,0.0
2023-06-22 00:00:00+09:00,3978.9185674529444,3978.9185674529444,3910.631591796875,3910.631591796875,414800,0.0,0.0
2023-06-23 00:00:00+09:00,3910.6316022643664,3922.1730629695244,3864.4657594437344,3880.816162109375,372600,0.0,0.0
2023-06-26 00:00:00+09:00,3880.815932596636,3886.586662607932,3845.2297641936434,3884.6630859375,317400,0.0,0.0
2023-06-27 00:00:00+09:00,3897.166582645563,3902.9373130246036,3847.153586027209,3852.92431640625,322900,0.0,0.0
2023-06-28 00:00:00+09:00,3849.0772414145904,3876.9691054828118,3841.3829340854254,3874.083740234375,364200,0.0,0.0
2023-06-29 00:00:00+09:00,3877.930666260315,3881.7778196990653,3839.459131872812,3846.191650390625,398100,0.0,0.0
2023-06-30 00:00:00+09:00,3840.420810598545,3846.1915405919312,3803.8728539737654,3817.337890625,651900,0.0,0.0
2023-07-03 00:00:00+09:00,3827.9175452741256,3877.9305383279584,3827.9175452741256,3876.96875,493000,0.0,0.0
2023-07-04 00:00:00+09:00,3878.8924086841184,3883.7013504256065,3845.2298164937033,3866.38916015625,278900,0.0,0.0
2023-07-05 00:00:00+09:00,3847.15364782581,3854.8479551214614,3771.17236328125,3771.17236328125,818000,0.0,0.0
2023-07-06 00:00:00+09:00,3765.4013483194894,3768.2867133373584,3673.0696677476703,3696.152587890625,773900,0.0,0.0
2023-07-07 00:00:00+09:00,3676.9172504904504,3712.5034231998793,3656.7196930067203,3680.764404296875,535200,0.0,0.0
2023-07-10 00:00:00+09:00,3709.6176830567547,3735.585968626506,3684.6111858414383,3711.541259765625,518800,0.0,0.0
2023-07-11 00:00:00+09:00,3735.5860362701997,3797.1404920686787,3731.738882782795,3794.255126953125,556800,0.0,0.0
2023-07-12 00:00:00+09:00,3816.3762569130217,3832.726659223385,3768.2868383531295,3825.994140625,481400,0.0,0.0
2023-07-13 00:00:00+09:00,3801.949433927935,3814.452682762001,3782.7136664909103,3794.255126953125,223500,0.0,0.0
2023-07-14 00:00:00+09:00,3789.4463706666716,3846.1918873847767,3784.637428571917,3844.268310546875,382800,0.0,0.0
2023-07-18 00:00:00+09:00,3855.8095047964366,3880.8160019589977,3833.688372691094,3838.497314453125,384600,0.0,0.0
2023-07-19 00:00:00+09:00,3839.459131872812,3871.198147742502,3834.650190074374,3846.191650390625,291800,0.0,0.0
2023-07-20 00:00:00+09:00,3861.580458886351,3879.8544386419776,3829.841441416052,3832.726806640625,298100,0.0,0.0
2023-07-21 00:00:00+09:00,3833.6886761272267,3887.548828125,3832.726887698695,3887.548828125,350500,0.0,0.0
2023-07-24 00:00:00+09:00,3928.905582376843,3952.950292183311,3917.364121669739,3946.2177734375,485000,0.0,0.0
2023-07-25 00:00:00+09:00,3952.9501905195552,3957.75913235717,3907.746137245974,3919.28759765625,286500,0.0,0.0
2023-07-26 00:00:00+09:00,3904.860755370142,3948.141231722767,3892.3575066460508,3947.179443359375,191000,0.0,0.0
2023-07-27 00:00:00+09:00,3949.1030589306774,3949.1030589306774,3895.2429100509603,3925.058349609375,241900,0.0,0.0
2023-07-28 00:00:00+09:00,3860.61818647067,3924.0962134529977,3849.0767270193373,3898.1279296875,311500,0.0,0.0
2023-07-31 00:00:00+09:00,3946.2176353614122,3946.2176353614122,3895.2428523552817,3909.669677734375,229600,0.0,0.0
2023-08-01 00:00:00+09:00,3912.5550428101938,3922.172926396256,3893.319275638069,3909.669677734375,196200,0.0,0.0
2023-08-02 00:00:00+09:00,3880.8160440225024,4033.7403937126087,3869.274583668532,3978.91845703125,768600,0.0,0.0
2023-08-03 00:00:00+09:00,3958.7208936442585,3958.7208936442585,3850.0388088576206,3879.854248046875,449300,0.0,0.0
2023-08-04 00:00:00+09:00,3866.3892208344755,3955.8355386299004,3858.6949139273424,3947.179443359375,412800,0.0,0.0
2023-08-07 00:00:00+09:00,3929.8672145938713,3976.9948439416685,3908.707870805064,3969.300537109375,351300,0.0,0.0
2023-08-08 00:00:00+09:00,3992.3841506451795,4060.6711356357378,3988.5369965612044,4058.74755859375,594900,0.0,0.0
2023-08-09 00:00:00+09:00,4067.4025430803704,4067.4025430803704,4006.8098828263946,4055.861083984375,270400,0.0,0.0
2023-08-10 00:00:00+09:00,4052.0143968231823,4147.2314453125,4015.466438817182,4147.2314453125,692400,0.0,0.0
2023-08-14 00:00:00+09:00,4141.4612306948065,4159.7352119728375,4103.951479650427,4154.92626953125,390700,0.0,0.0
2023-08-15 00:00:00+09:00,4164.542923291671,4178.00795814758,4124.147818723946,4153.00146484375,309900,0.0,0.0
2023-08-16 00:00:00+09:00,4111.645787556967,4157.811634996203,4088.5628638373482,4154.92626953125,358200,0.0,0.0
2023-08-17 00:00:00+09:00,4154.926182412447,4154.926182412447,4053.938393256589,4064.51806640625,354100,0.0,0.0
2023-08-18 00:00:00+09:00,4055.8617663931454,4080.8682653085407,4017.3902296002298,4042.396728515625,233300,0.0,0.0
2023-08-21 00:00:00+09:00,4042.3963936202517,4117.415884151392,4026.045991837824,4082.79150390625,303000,0.0,0.0
2023-08-22 00:00:00+09:00,4108.76021354773,4134.7285014142535,4084.7155025602083,4130.88134765625,269000,0.0,0.0
2023-08-23 00:00:00+09:00,4128.957490587624,4134.728220833029,4092.4095323667225,4121.26318359375,187100,0.0,0.0
2023-08-24 00:00:00+09:00,4116.454028205692,4116.454028205692,4081.829648529196,4097.21826171875,195000,0.0,0.0
2023-08-25 00:00:00+09:00,4073.174067231798,4161.658604229513,4063.556182775524,4104.9130859375,350900,0.0,0.0
2023-08-28 00:00:00+09:00,4144.346428461298,4156.849678303489,4124.148871023915,4142.4228515625,263100,0.0,0.0
2023-08-29 00:00:00+09:00,4150.116704831178,4215.518312230603,4126.071996228448,4183.779296875,438400,0.0,0.0
2023-08-30 00:00:00+09:00,4206.861727659152,4206.861727659152,4081.8292574726665,4090.4853515625,407300,0.0,0.0
2023-08-31 00:00:00+09:00,4087.6006761375174,4156.8494405332585,4079.9063689824347,4144.34619140625,353200,0.0,0.0
2023-09-01 00:00:00+09:00,4116.454402318687,4203.01535937679,4103.95115296585,4197.24462890625,576000,0.0,0.0
2023-09-04 00:00:00+09:00,4712.7626953125,4770.469993622449,4627.163536152742,4712.7626953125,3110700,0.0,0.0
2023-09-05 00:00:00+09:00,4679.100553432672,4691.60380259909,4569.456676127158,4637.74365234375,1114200,0.0,0.0
2023-09-06 00:00:00+09:00,4616.584551811825,4694.489416123649,4532.908956810235,4538.6796875,748900,0.0,0.0
2023-09-07 00:00:00+09:00,4520.405326533746,4621.393105105245,4505.978501023533,4599.27197265625,476300,0.0,0.0
2023-09-08 00:00:00+09:00,4606.966434256614,4657.941219437324,4549.259130278452,4607.92822265625,405300,0.0,0.0
2023-09-11 00:00:00+09:00,4604.080938855481,4613.6988225798505,4537.717541157334,4573.3037109375,290500,0.0,0.0
2023-09-12 00:00:00+09:00,4574.26520134863,4686.79443359375,4551.182281913734,4686.79443359375,471700,0.0,0.0
2023-09-13 00:00:00+09:00,4702.18306002886,4806.05619778364,4693.526965215961,4754.11962890625,764000,0.0,0.0
2023-09-14 00:00:00+09:00,4798.362695527516,4822.40740737121,4732.961079312669,4805.09521484375,557300,0.0,0.0
2023-09-15 00:00:00+09:00,4789.705587995912,4869.534014462511,4742.577962732498,4763.7373046875,685800,0.0,0.0
2023-09-19 00:00:00+09:00,4737.7689683232265,4762.775463080921,4647.360871891561,4718.533203125,432500,0.0,0.0
2023-09-20 00:00:00+09:00,4686.794737673681,4790.66788187002,4682.947584184928,4767.5849609375,347400,0.0,0.0
2023-09-21 00:00:00+09:00,4787.783020143435,4806.057001136349,4713.725307698469,4737.77001953125,277900,0.0,0.0
2023-09-22 00:00:00+09:00,4675.252944441322,4713.7244765906025,4663.711484796538,4679.10009765625,292000,0.0,0.0
2023-09-25 00:00:00+09:00,4670.444046993542,4728.151345761995,4664.673317116696,4690.6416015625,205300,0.0,0.0
2023-09-26 00:00:00+09:00,4659.864702751591,4692.565507683181,4638.705358384091,4648.3232421875,204200,0.0,0.0
2023-09-27 00:00:00+09:00,4631.0108880181515,4671.405998567842,4590.615777468461,4669.482421875,249500,0.0,0.0
2023-09-28 00:00:00+09:00,4645.437814288935,4649.284967758325,4537.717517146003,4599.27197265625,279100,0.0,0.0
2023-09-29 00:00:00+09:00,4655.055673606779,4678.13859430235,4606.0044671286905,4625.240234375,225200,0.0,0.0
2023-10-02 00:00:00+09:00,4647.360972641608,4702.1829046450375,4609.8512296918925,4618.50732421875,300700,0.0,0.0
2023-10-03 00:00:00+09:00,4627.163223273026,4635.8193174342105,4563.685199424342,4568.494140625,170300,0.0,0.0
2023-10-04 00:00:00+09:00,4520.405110056649,4591.57744583201,4501.169343630877,4541.564453125,270700,0.0,0.0
2023-10-05 00:00:00+09:00,4549.258972772277,4577.15083539604,4493.475247524752,4565.609375,245700,0.0,0.0
2023-10-06 00:00:00+09:00,4555.0302884615385,4650.247348967809,4549.259557521765,4626.20263671875,285800,0.0,0.0
2023-10-10 00:00:00+09:00,4663.711851882457,4688.718349747779,4591.577723424799,4614.66064453125,244400,0.0,0.0
2023-10-11 00:00:00+09:00,4602.157191449909,4608.889709807307,4540.6027378965555,4560.80029296875,228300,0.0,0.0
2023-10-12 00:00:00+09:00,4530.023601834502,4530.985390284997,4401.143949468085,4475.20166015625,396800,0.0,0.0
2023-10-13 00:00:00+09:00,4429.996982076605,4451.156325021825,4392.4872377646225,4406.9140625,260500,0.0,0.0
2023-10-16 00:00:00+09:00,4519.4434559489555,4555.0296248934355,4445.385753010443,4512.7109375,442900,0.0,0.0
2023-10-17 00:00:00+09:00,4540.6027233273535,4629.087250026382,4505.9783433146895,4556.953125,303600,0.0,0.0
2023-10-18 00:00:00+09:00,4572.341787895115,4610.813321659483,4505.978392151581,4602.1572265625,210800,0.0,0.0
2023-10-19 00:00:00+09:00,4583.883396629051,4726.228076171875,4578.112666377315,4674.29150390625,488700,0.0,0.0
2023-10-20 00:00:00+09:00,4643.514565493258,4681.986102904138,4624.278796787818,4654.09423828125,170900,0.0,0.0
2023-10-23 00:00:00+09:00,4679.100143124968,4688.718026255749,4602.15707807872,4627.16357421875,171700,0.0,0.0
2023-10-24 00:00:00+09:00,4594.463544632216,4607.928583280919,4485.7814469676905,4539.6416015625,269700,0.0,0.0
2023-10-25 00:00:00+09:00,4562.724315373943,4605.043006325977,4536.756027744285,4549.25927734375,207900,0.0,0.0
2023-10-26 00:00:00+09:00,4545.411664995779,4573.3035266726465,4527.137686655762,4556.953125,237000,0.0,0.0
2023-10-27 00:00:00+09:00,4545.412058299556,4603.119363313938,4522.329136293803,4597.3486328125,328500,0.0,0.0
2023-10-30 00:00:00+09:00,4578.9931640625,4608.940165768394,4546.1480654173265,4578.9931640625,289900,21.0,0.0
2023-10-31 00:00:00+09:00,4598.314680863284,4765.438302667769,4581.892128431629,4730.6611328125,456500,0.0,0.0
2023-11-01 00:00:00+09:00,4793.45262579301,4806.977078989524,4717.136068469825,4749.01513671875,272200,0.0,0.0
2023-11-02 00:00:00+09:00,4770.267350599708,4789.587996005134,4701.679059410446,4726.7958984375,208900,0.0,0.0
2023-11-06 00:00:00+09:00,4770.26819058593,4779.928514989708,4711.34021172288,4751.91357421875,249900,0.0,0.0
2023-11-07 00:00:00+09:00,4750.9477040037655,4772.200418417771,4697.81591796875,4697.81591796875,194800,0.0,0.0
2023-11-08 00:00:00+09:00,4695.883438579658,4695.883438579658,4595.416070216711,4648.5478515625,179200,0.0,0.0
2023-11-09 00:00:00+09:00,4646.615990621721,4648.548055482686,4550.0127475734525,4603.14453125,198800,0.0,0.0
2023-11-10 00:00:00+09:00,4592.517997431973,4680.426945216219,4574.163381960536,4664.00439453125,211300,0.0,0.0
2023-11-13 00:00:00+09:00,4645.650077701722,4705.544089932437,4622.465298773704,4680.42724609375,173500,0.0,0.0
2023-11-14 00:00:00+09:00,4709.408686097736,4709.408686097736,4618.601626304261,4620.53369140625,148500,0.0,0.0
2023-11-15 00:00:00+09:00,4629.227296582011,4697.81559751217,4611.838713247605,4688.1552734375,187500,0.0,0.0
2023-11-16 00:00:00+09:00,4670.766410482524,4685.2568957270405,4591.5517578125,4591.5517578125,160000,0.0,0.0
2023-11-17 00:00:00+09:00,4573.197276248692,4620.532862758238,4543.250272538572,4617.634765625,179900,0.0,0.0
2023-11-20 00:00:00+09:00,4617.63490311206,4692.985430819746,4610.872676266498,4665.9365234375,321400,0.0,0.0
2023-11-21 00:00:00+09:00,4665.93700464221,4670.767167172896,4573.197884053048,4599.28076171875,209500,0.0,0.0
2023-11-22 00:00:00+09:00,4629.227592402464,4712.306384753593,4604.110748203286,4704.578125,218900,0.0,0.0
2023-11-24 00:00:00+09:00,4718.102810901658,4723.899006001046,4630.193851894277,4674.63134765625,242900,0.0,0.0
2023-11-27 00:00:00+09:00,4703.611767345947,4726.796545003845,4647.581888006028,4672.69873046875,184300,0.0,0.0
2023-11-28 00:00:00+09:00,4713.272160456731,4725.830581872172,4672.6987989606905,4696.849609375,364100,0.0,0.0
2023-11-29 00:00:00+09:00,4728.728767770236,4757.709740810707,4691.053502817623,4714.23828125,459500,0.0,0.0
2023-11-30 00:00:00+09:00,4511.371091577447,4540.352062187152,4256.338550212041,4342.3154296875,3675500,0.0,0.0
2023-12-01 00:00:00+09:00,4409.937114257812,4424.42759765625,4319.130084960937,4347.14501953125,1271100,0.0,0.0
2023-12-04 00:00:00+09:00,4357.77215536583,4359.704220165371,4227.3577813967795,4319.130859375,1059900,0.0,0.0
2023-12-05 00:00:00+09:00,4281.455116144182,4348.1113442610485,4226.3912755259025,4267.9306640625,675700,0.0,0.0
2023-12-06 00:00:00+09:00,4267.930754321883,4291.115529809372,4233.1535910906505,4285.3193359375,443800,0.0,0.0
2023-12-07 00:00:00+09:00,4294.014205016808,4294.014205016808,4177.124279525911,4184.8525390625,528800,0.0,0.0
2023-12-08 00:00:00+09:00,4166.497631572435,4171.327793445345,4092.1131387296164,4117.22998046875,558000,0.0,0.0
2023-12-11 00:00:00+09:00,4111.434085796915,4150.0753835957585,4095.9775666773776,4133.65283203125,305500,0.0,0.0
2023-12-12 00:00:00+09:00,4153.939671022115,4168.4301582466105,4032.219578336351,4035.11767578125,486500,0.0,0.0
2023-12-13 00:00:00+09:00,4040.913737887471,4074.724873633601,4015.796894190346,4067.962646484375,445200,0.0,0.0
2023-12-14 00:00:00+09:00,4082.453048908733,4091.147340778155,3974.2574167559223,4072.792724609375,327300,0.0,0.0
2023-12-15 00:00:00+09:00,4047.6760771960744,4055.404337009337,3956.869024390244,3960.733154296875,493400,0.0,0.0
2023-12-18 00:00:00+09:00,3918.2274203879942,3958.80078125,3895.042642752562,3958.80078125,341300,0.0,0.0
2023-12-19 00:00:00+09:00,3962.6651419885648,4011.9327973375202,3932.718135796062,4010.000732421875,348800,0.0,0.0
2023-12-20 00:00:00+09:00,4038.981779250619,4042.8459091518394,3974.2576034051776,3997.4423828125,277500,0.0,0.0
2023-12-21 00:00:00+09:00,3980.053691723285,3981.9857566221795,3926.921907003678,3927.887939453125,288800,0.0,0.0
2023-12-22 00:00:00+09:00,3931.7520811280374,3960.733054699006,3917.2615943425535,3935.6162109375,225000,0.0,0.0
2023-12-25 00:00:00+09:00,3946.2424350792253,3950.1065647586174,3909.533203125,3909.533203125,216500,0.0,0.0
2023-12-26 00:00:00+09:00,3922.0917328617857,3924.9898302013385,3882.484402554561,3920.15966796875,295100,0.0,0.0
2023-12-27 00:00:00+09:00,3934.650079096879,4028.355224609375,3934.650079096879,4028.355224609375,432500,0.0,0.0
2023-12-28 00:00:00+09:00,4019.6612336582357,4072.793021173545,4010.96694115573,4066.996826171875,346300,0.0,0.0
2023-12-29 00:00:00+09:00,4066.9964477025924,4136.55078125,4062.1662856506887,4136.55078125,466300,0.0,0.0
2024-01-04 00:00:00+09:00,4163.5991765752315,4268.896696354049,4156.836950534391,4267.9306640625,768300,0.0,0.0
2024-01-05 00:00:00+09:00,4290.150110833321,4290.150110833321,4214.7995797265885,4266.96533203125,488000,0.0,0.0
2024-01-09 00:00:00+09:00,4264.067053183441,4269.863247637248,4193.546687328799,4209.96923828125,595600,0.0,0.0
2024-01-10 00:00:00+09:00,4231.221916328925,4263.10098556154,4219.629527517065,4245.71240234375,280000,0.0,0.0
2024-01-11 00:00:00+09:00,4263.100881764806,4278.557399804289,4239.916104705582,4257.3046875,226200,0.0,0.0
2024-01-12 00:00:00+09:00,4251.5083395142965,4265.998824652382,4232.187692663516,4237.98388671875,204700,0.0,0.0
2024-01-15 00:00:00+09:00,4250.542307171758,4258.27056591207,4237.98388671875,4237.98388671875,21500,0.0,0.0
2024-01-16 00:00:00+09:00,4274.69360463451,4280.489799352658,4212.867527640926,4215.765625,187400,0.0,0.0
2024-01-17 00:00:00+09:00,4229.290042834725,4279.52372995839,4214.799556164437,4251.5087890625,271500,0.0,0.0
2024-01-18 00:00:00+09:00,4249.576774099868,4249.576774099868,4164.56591796875,4164.56591796875,302800,0.0,0.0
2024-01-19 00:00:00+09:00,4163.5998953106555,4172.294187435434,4089.2153960208825,4091.1474609375,332300,0.0,0.0
2024-01-22 00:00:00+09:00,4091.147677697868,4138.483270662967,4084.385450131425,4134.619140625,209700,0.0,0.0
2024-01-23 00:00:00+09:00,4152.9728942786205,4195.478315853,4152.9728942786205,4167.46337890625,182700,0.0,0.0
2024-01-24 00:00:00+09:00,4153.938958108049,4180.987862951543,4111.43353621113,4131.72021484375,173700,0.0,0.0
2024-01-25 00:00:00+09:00,4133.652413974464,4165.531481434421,4118.195896418121,4157.80322265625,174900,0.0,0.0
2024-01-26 00:00:00+09:00,4173.260335362302,4181.95462772764,4124.958711110424,4146.21142578125,199000,0.0,0.0
2024-01-29 00:00:00+09:00,4172.293733271847,4180.988024450232,4149.108956796152,4173.259765625,138600,0.0,0.0
2024-01-30 00:00:00+09:00,4173.260420311407,4212.867753004177,4140.415315151548,4141.38134765625,184100,0.0,0.0
2024-01-31 00:00:00+09:00,4137.517240424559,4156.837890625,4098.875940023675,4156.837890625,139800,0.0,0.0
2024-02-01 00:00:00+09:00,4140.415130015745,4182.920558322019,4133.6529027852,4180.0224609375,179000,0.0,0.0
2024-02-02 00:00:00+09:00,4210.936012088739,4210.936012088739,4126.891177711193,4151.0419921875,211600,0.0,0.0
2024-02-05 00:00:00+09:00,4168.429475489095,4186.784089633776,4145.244699727395,4169.3955078125,206600,0.0,0.0
2024-02-06 00:00:00+09:00,4163.600118195154,4180.02267086553,4121.094687754183,4156.837890625,219000,0.0,0.0
2024-02-07 00:00:00+09:00,4141.380869177528,4150.07516071534,4058.3020833717746,4090.18115234375,237800,0.0,0.0
2024-02-08 00:00:00+09:00,4082.452747846446,4104.671492096439,4017.7285798138596,4019.66064453125,282000,0.0,0.0
2024-02-09 00:00:00+09:00,3999.374144128321,4050.5738614323795,3974.2573016772735,4017.728759765625,248100,0.0,0.0
2024-02-13 00:00:00+09:00,4028.3546602595356,4068.9280165499194,3994.543530017549,4055.403564453125,269200,0.0,0.0
2024-02-14 00:00:00+09:00,4042.8454268913197,4056.369879932294,3980.0533234867953,4041.87939453125,236900,0.0,0.0
2024-02-15 00:00:00+09:00,4009.0348250175834,4019.6611823851,3955.903038180001,3991.646240234375,326400,0.0,0.0
2024-02-16 00:00:00+09:00,4018.6947921675883,4054.4379910402326,4002.2722413342112,4017.728759765625,281800,0.0,0.0
2024-02-19 00:00:00+09:00,4028.3552290858606,4123.992439560561,4016.762839937412,4109.501953125,292500,0.0,0.0
2024-02-20 00:00:00+09:00,4115.298474334847,4120.128636863409,4063.132719026377,4082.453369140625,231800,0.0,0.0
2024-02-21 00:00:00+09:00,4092.113160134945,4095.977289653486,4025.4569259401123,4073.758544921875,358700,0.0,0.0
2024-02-22 00:00:00+09:00,4071.826921625198,4127.856805718736,4059.2684993283706,4123.99267578125,515900,0.0,0.0
2024-02-26 00:00:00+09:00,4152.973456880059,4160.701716395071,4107.569932229358,4118.1962890625,482300,0.0,0.0
2024-02-27 00:00:00+09:00,4123.992059451794,4147.176835611748,4060.233925011921,4083.418701171875,376300,0.0,0.0
2024-02-28 00:00:00+09:00,4068.9286108550077,4074.724805457365,4022.5590540361472,4043.811767578125,346900,0.0,0.0
2024-02-29 00:00:00+09:00,4053.4724740363026,4066.0308968586264,3995.5105225486527,4033.185791015625,475800,0.0,0.0
2024-03-01 00:00:00+09:00,4028.3546602595356,4070.8600811351757,4019.660369625882,4055.403564453125,602000,0.0,0.0
2024-03-04 00:00:00+09:00,3765.5942225960594,3785.880902604915,3658.3646282635395,3698.93798828125,3827700,0.0,0.0
2024-03-05 00:00:00+09:00,3728.8850393194903,3741.443460436369,3670.923095703125,3670.923095703125,1573100,0.0,0.0
2024-03-06 00:00:00+09:00,3661.2628037338036,3715.360618248076,3659.3307389297224,3671.88916015625,1008000,0.0,0.0
2024-03-07 00:00:00+09:00,3679.6175355441565,3690.2438923020945,3603.300973373511,3609.09716796875,1363100,0.0,0.0
2024-03-08 00:00:00+09:00,3588.8106024150297,3629.383965887824,3554.9994661877013,3605.233154296875,736800,0.0,0.0
2024-03-11 00:00:00+09:00,3600.403087741591,3620.6897700175705,3577.2183079976153,3608.13134765625,568300,0.0,0.0
2024-03-12 00:00:00+09:00,3620.689285773683,3631.3156417351315,3547.2708264036723,3630.349609375,749100,0.0,0.0
2024-03-13 00:00:00+09:00,3632.2816625134697,3632.2816625134697,3575.2857534474338,3585.912109375,443500,0.0,0.0
2024-03-14 00:00:00+09:00,3585.9120639534885,3615.8590666427554,3568.5234817468177,3613.927001953125,416300,0.0,0.0
2024-03-15 00:00:00+09:00,3606.198821142039,3613.9270800676045,3582.0480119996464,3586.878173828125,349900,0.0,0.0
2024-03-18 00:00:00+09:00,3591.708335656603,3602.334691679256,3578.1838825368636,3586.878173828125,401800,0.0,0.0
2024-03-19 00:00:00+09:00,3544.373006836733,3565.6257204236526,3514.4260013278918,3557.8974609375,1058600,0.0,0.0
2024-03-21 00:00:00+09:00,3573.353560395202,3596.538336131748,3545.338623046875,3545.338623046875,652000,0.0,0.0
2024-03-22 00:00:00+09:00,3554.999158915917,3556.9312236761975,3530.848349412412,3544.372802734375,443700,0.0,0.0
2024-03-25 00:00:00+09:00,3550.169103980295,3554.0332336172805,3496.0712890625,3496.0712890625,763000,0.0,0.0
2024-03-26 00:00:00+09:00,3497.0373782796864,3571.421875,3490.2751513051126,3571.421875,662700,0.0,0.0
2024-03-27 00:00:00+09:00,3579.1503729762803,3608.13134765625,3559.8297231896336,3608.13134765625,551600,0.0,0.0
2024-03-28 00:00:00+09:00,3612.9610547508787,3638.0778963079706,3555.9651450636325,3572.3876953125,693900,0.0,0.0
2024-03-29 00:00:00+09:00,3569.4895912456022,3602.334691679256,3562.7273646857325,3586.878173828125,258900,0.0,0.0
2024-04-01 00:00:00+09:00,3586.878554415793,3611.02936612072,3566.591872583654,3576.252197265625,550000,0.0,0.0
2024-04-02 00:00:00+09:00,3597.5046563012856,3614.8932394950084,3531.814453125,3531.814453125,683100,0.0,0.0
2024-04-03 00:00:00+09:00,3529.8824644697474,3551.135177720523,3510.561816059951,3541.474853515625,398400,0.0,0.0
2024-04-04 00:00:00+09:00,3531.8147322944974,3566.5919014308765,3525.0525049624234,3554.99951171875,601500,0.0,0.0
2024-04-05 00:00:00+09:00,3550.1692290718615,3595.57275390625,3547.2711317420067,3595.57275390625,480400,0.0,0.0
2024-04-08 00:00:00+09:00,3595.5729394427526,3638.078369140625,3591.7088094702185,3638.078369140625,587200,0.0,0.0
2024-04-09 00:00:00+09:00,3622.6215255250886,3632.2818495931556,3587.844358880048,3606.198974609375,547700,0.0,0.0
2024-04-10 00:00:00+09:00,3617.7916404916186,3629.384030260884,3601.3690883184922,3607.165283203125,406200,0.0,0.0
2024-04-11 00:00:00+09:00,3598.470819191855,3610.063208408043,3565.6257164126537,3594.606689453125,466500,0.0,0.0
2024-04-12 00:00:00+09:00,3620.6892721464164,3664.1607281887295,3605.232754442483,3659.33056640625,694300,0.0,0.0
2024-04-15 00:00:00+09:00,3640.976370587173,3641.9424030548266,3617.7915913634815,3635.18017578125,420200,0.0,0.0
2024-04-16 00:00:00+09:00,3617.791371132623,3629.383760038789,3588.8103988672087,3591.70849609375,548000,0.0,0.0
2024-04-17 00:00:00+09:00,3609.0970595637586,3624.5535780201344,3579.15005505453,3598.470703125,483500,0.0,0.0
2024-04-18 00:00:00+09:00,3625.519530047337,3629.383659575765,3529.88232421875,3529.88232421875,952300,0.0,0.0
2024-04-19 00:00:00+09:00,3526.018322693839,3548.237068288896,3512.4938688533693,3533.74658203125,689600,0.0,0.0
2024-04-22 00:00:00+09:00,3560.7955385074397,3623.587646484375,3548.2371169120524,3623.587646484375,782000,0.0,0.0
2024-04-23 00:00:00+09:00,3605.233200997526,3648.7046624243453,3580.116356617586,3636.146240234375,710800,0.0,0.0
2024-04-24 00:00:00+09:00,3607.1651031036704,3629.383849052086,3577.218097694936,3609.09716796875,889400,0.0,0.0
2024-04-25 00:00:00+09:00,3588.8104264560716,3603.300912700174,3570.455810546875,3570.455810546875,1460700,0.0,0.0
2024-04-26 00:00:00+09:00,3575.3136436026025,3591.830038151854,3539.3661966424675,3584.0576171875,1109400,21.0,0.0
2024-04-30 00:00:00+09:00,3662.75299151946,3721.046142578125,3652.0659138253714,3721.046142578125,1454900,0.0,0.0
2024-05-01 00:00:00+09:00,3744.3636101973684,3800.713659338896,3706.473059912548,3784.197265625,1134000,0.0,0.0
2024-05-02 00:00:00+09:00,3806.543025393126,3830.8318400013004,3777.3964478633166,3793.912841796875,672400,0.0,0.0
2024-05-07 00:00:00+09:00,3813.344170795224,3827.9174606199185,3782.254485835874,3824.03125,557400,0.0,0.0
2024-05-08 00:00:00+09:00,3825.9742225205114,3826.9457751417713,3769.6241704874515,3774.48193359375,385000,0.0,0.0
2024-05-09 00:00:00+09:00,3757.9654189126845,3761.8516292735044,3675.3834487452655,3751.16455078125,485900,0.0,0.0
2024-05-10 00:00:00+09:00,3730.7620369153965,3741.4491156669774,3682.184406226394,3697.729248046875,623400,0.0,0.0
2024-05-13 00:00:00+09:00,3686.070693660291,3696.7577726350573,3649.151693565644,3688.9853515625,425200,0.0,0.0
2024-05-14 00:00:00+09:00,3703.55842796617,3772.538661015907,3699.6722176535086,3765.73779296875,497000,0.0,0.0
2024-05-15 00:00:00+09:00,3778.3679068634883,3781.2825645442776,3692.871281560329,3705.50146484375,393600,0.0,0.0
2024-05-16 00:00:00+09:00,3722.989501953125,3732.705027793295,3691.8998192645813,3722.989501953125,237000,0.0,0.0
2024-05-17 00:00:00+09:00,3711.330901002312,3741.4490313507604,3701.6153750834583,3728.81884765625,211700,0.0,0.0
2024-05-20 00:00:00+09:00,3735.6194303427915,3738.5340878957245,3697.728882154659,3721.046142578125,273300,0.0,0.0
2024-05-21 00:00:00+09:00,3718.1318092780944,3722.018019687583,3665.66796875,3665.66796875,351500,0.0,0.0
2024-05-22 00:00:00+09:00,3670.5256409422855,3688.9851399306135,3631.663537808963,3648.179931640625,407600,0.0,0.0
2024-05-23 00:00:00+09:00,3664.6965132468317,3679.2698026685453,3649.1516711970044,3660.810302734375,224000,0.0,0.0
2024-05-24 00:00:00+09:00,3636.5213472254136,3645.2653205422794,3617.090295410156,3633.606689453125,217400,0.0,0.0
2024-05-27 00:00:00+09:00,3647.2087883573063,3649.1518937320307,3619.0337604238057,3632.635498046875,204000,0.0,0.0
2024-05-28 00:00:00+09:00,3625.834224629923,3645.2652762088615,3591.829884366781,3601.54541015625,337600,0.0,0.0
2024-05-29 00:00:00+09:00,3586.972259127114,3587.943811743345,3533.536865234375,3533.536865234375,404000,0.0,0.0
2024-05-30 00:00:00+09:00,3499.532582904777,3550.053319804013,3498.5610302720993,3545.195556640625,336200,0.0,0.0
2024-05-31 00:00:00+09:00,3613.2042608950114,3651.0948137788255,3584.0576817536157,3644.2939453125,555000,0.0,0.0
2024-06-03 00:00:00+09:00,3712.302607319617,3736.5914231225456,3673.4405020349313,3711.3310546875,1052800,0.0,0.0
2024-06-04 00:00:00+09:00,3585.029168379934,3672.4689041940787,3565.5981159767907,3654.98095703125,958600,0.0,0.0
2024-06-05 00:00:00+09:00,3642.3506000324833,3703.5584121962725,3595.71607647912,3668.58251953125,849600,0.0,0.0
2024-06-06 00:00:00+09:00,3664.696178150229,3674.411703542992,3536.4512429657566,3550.052978515625,1359900,0.0,0.0
2024-06-07 00:00:00+09:00,3544.223850388601,3590.8583747358193,3543.252297798034,3562.683349609375,625100,0.0,0.0
2024-06-10 00:00:00+09:00,3549.08163334933,3568.5126852702133,3513.134187295696,3566.569580078125,601100,0.0,0.0
2024-06-11 00:00:00+09:00,3563.654911707453,3587.9437265364295,3493.703125,3493.703125,1058000,0.0,0.0
2024-06-12 00:00:00+09:00,3487.87383277137,3504.390226965552,3449.0117287850594,3450.954833984375,698800,0.0,0.0
2024-06-13 00:00:00+09:00,3451.9263629463967,3483.0160459225535,3421.808232563245,3422.77978515625,446300,0.0,0.0
2024-06-14 00:00:00+09:00,3398.4909567407394,3428.6090870034504,3364.4866161215496,3396.5478515625,737600,0.0,0.0
2024-06-17 00:00:00+09:00,3382.9460939785026,3390.7185146424395,3303.2787821731504,3321.73828125,698100,0.0,0.0
2024-06-18 00:00:00+09:00,3298.421059155694,3350.8848992718667,3296.477953966206,3329.5107421875,512700,0.0,0.0
2024-06-19 00:00:00+09:00,3327.5679475541874,3328.539500239605,3284.819629395827,3294.53515625,442300,0.0,0.0
2024-06-20 00:00:00+09:00,3274.132294172906,3311.0512933356868,3246.928821105594,3268.302978515625,520300,0.0,0.0
2024-06-21 00:00:00+09:00,3282.876394062004,3388.775632580133,3279.9617361211376,3364.48681640625,1022900,0.0,0.0
2024-06-24 00:00:00+09:00,3382.9460852155717,3415.9788729517372,3355.7426129622586,3390.718505859375,423700,0.0,0.0
2024-06-25 00:00:00+09:00,3447.0685268484676,3467.471130868709,3414.0357393871236,3455.8125,431700,0.0,0.0
2024-06-26 00:00:00+09:00,3474.2721840840973,3484.959262950128,3428.6092107474215,3444.154052734375,398400,0.0,0.0
2024-06-27 00:00:00+09:00,3440.2676913395712,3449.0116645737016,3395.5762725873487,3415.00732421875,468200,0.0,0.0
2024-06-28 00:00:00+09:00,3415.978585740056,3424.7225582291517,3374.2018282921545,3382.94580078125,384400,0.0,0.0
2024-07-01 00:00:00+09:00,3399.4627850637717,3430.5524704373183,3388.7757057166145,3426.666259765625,493500,0.0,0.0
2024-07-02 00:00:00+09:00,3406.263060752172,3424.7225582291517,3367.4009608006354,3382.94580078125,457700,0.0,0.0
2024-07-03 00:00:00+09:00,3412.0927433551415,3412.0927433551415,3367.4013235959337,3406.263427734375,304700,0.0,0.0
2024-07-04 00:00:00+09:00,3383.9173532800387,3397.5190882630764,3367.4009608006354,3382.94580078125,304600,0.0,0.0
2024-07-05 00:00:00+09:00,3398.4911971930774,3400.4343025087965,3346.027353668656,3347.970458984375,336500,0.0,0.0
2024-07-08 00:00:00+09:00,3347.9701238251623,3353.7994391887582,3324.6528623707795,3330.482177734375,317000,0.0,0.0
2024-07-09 00:00:00+09:00,3325.6247083520807,3350.8850771563907,3309.108313364647,3340.197998046875,302300,0.0,0.0
2024-07-10 00:00:00+09:00,3364.486576185314,3388.775390625,3346.0270772111526,3388.775390625,301200,0.0,0.0
2024-07-11 00:00:00+09:00,3400.4342290032096,3424.7230449246613,3384.889386813481,3405.2919921875,401300,0.0,0.0
2024-07-12 00:00:00+09:00,3390.7185431758494,3447.068593463586,3382.9461224465067,3445.12548828125,398800,0.0,0.0
2024-07-16 00:00:00+09:00,3445.125521725171,3449.0117321275684,3396.547891695205,3404.3203125,435500,0.0,0.0
2024-07-17 00:00:00+09:00,3416.950569344482,3442.2109375,3390.718648567598,3442.2109375,278800,0.0,0.0
2024-07-18 00:00:00+09:00,3441.2392490280326,3534.508296997172,3424.7228551168305,3510.219482421875,629400,0.0,0.0
2024-07-19 00:00:00+09:00,3510.2197444380527,3524.7930342710365,3471.357638216762,3489.817138671875,343800,0.0,0.0
2024-07-22 00:00:00+09:00,3473.3007533986765,3501.4757804891833,3442.21106833329,3491.76025390625,282300,0.0,0.0
2024-07-23 00:00:00+09:00,3463.585205078125,3491.760231991804,3449.9834679473834,3463.585205078125,237600,0.0,0.0
2024-07-24 00:00:00+09:00,3486.9021946649814,3486.9021946649814,3411.12109375,3411.12109375,248100,0.0,0.0
2024-07-25 00:00:00+09:00,3414.035998038037,3461.642077691954,3405.2920242240525,3435.41015625,300700,0.0,0.0
2024-07-26 00:00:00+09:00,3466.499689148959,3470.385899562803,3406.263427734375,3406.263427734375,278200,0.0,0.0
2024-07-29 00:00:00+09:00,3456.784032364815,3467.471110598658,3430.5521130635643,3451.92626953125,249500,0.0,0.0
2024-07-30 00:00:00+09:00,3449.0117152870125,3455.812583458001,3402.377190685949,3424.722900390625,252500,0.0,0.0
2024-07-31 00:00:00+09:00,3424.7229171125855,3485.9307309503424,3406.2634177011987,3475.24365234375,338700,0.0,0.0
2024-08-01 00:00:00+09:00,3441.239361888384,3442.2109145032596,3379.059994536364,3414.035888671875,322100,0.0,0.0
2024-08-02 00:00:00+09:00,3381.002870607206,3406.2632368818577,3276.0751953125,3276.0751953125,609400,0.0,0.0
2024-08-05 00:00:00+09:00,3206.12360581466,3336.3116552628917,3111.8830028558655,3148.802001953125,955000,0.0,0.0
2024-08-06 00:00:00+09:00,3284.81931640625,3404.320285326087,3244.9856600996377,3351.8564453125,629500,0.0,0.0
2024-08-07 00:00:00+09:00,3309.108157641267,3388.775470890411,3244.0141334011128,3262.4736328125,621500,0.0,0.0
2024-08-08 00:00:00+09:00,3257.615859998701,3381.9745925008883,3257.615859998701,3331.453857421875,389400,0.0,0.0
2024-08-09 00:00:00+09:00,3322.7099277994985,3350.8849535030613,3241.0995085202126,3292.591796875,446200,0.0,0.0
2024-08-13 00:00:00+09:00,3298.4210956830784,3312.994384765625,3265.3883070959723,3312.994384765625,308300,0.0,0.0
2024-08-14 00:00:00+09:00,3313.9660370495853,3357.685905612245,3313.9660370495853,3332.425537109375,236600,0.0,0.0
2024-08-15 00:00:00+09:00,3317.852200667294,3359.6289633696933,3313.9659901833497,3346.998779296875,219500,0.0,0.0
2024-08-16 00:00:00+09:00,3361.572031498231,3368.372899770048,3326.596137528885,3363.51513671875,266200,0.0,0.0
2024-08-19 00:00:00+09:00,3357.685807860262,3377.116859989083,3325.6245718477076,3337.283203125,299000,0.0,0.0
2024-08-20 00:00:00+09:00,3359.6288666109317,3431.523758493294,3358.6573140179266,3422.77978515625,325400,0.0,0.0
2024-08-21 00:00:00+09:00,3419.865281740371,3429.5808081089517,3392.661807908345,3405.2919921875,193400,0.0,0.0
2024-08-22 00:00:00+09:00,3392.661594809171,3426.6659349633296,3387.803831930006,3411.12109375,233800,0.0,0.0
2024-08-23 00:00:00+09:00,3442.210850572183,3453.869481734155,3423.7513512323944,3449.01171875,198500,0.0,0.0
2024-08-26 00:00:00+09:00,3442.21074386412,3452.897822097963,3415.9788245628697,3451.92626953125,184300,0.0,0.0
2024-08-27 00:00:00+09:00,3458.727334882112,3473.30062421448,3452.8980191491646,3466.499755859375,219300,0.0,0.0
2024-08-28 00:00:00+09:00,3466.499578296317,3476.2151040202416,3443.1823165588976,3455.8125,274300,0.0,0.0
2024-08-29 00:00:00+09:00,3455.8125364831612,3468.4427200576006,3417.9219857598428,3439.296142578125,271900,0.0,0.0
2024-08-30 00:00:00+09:00,3415.007364412211,3431.523758493294,3396.5478651451176,3422.77978515625,377600,0.0,0.0
2024-09-02 00:00:00+09:00,3448.0399947116944,3455.8124150998865,3346.998529665198,3369.34423828125,584300,0.0,0.0
2024-09-03 00:00:00+09:00,3233.326958816533,3285.790797691561,3210.009697094298,3267.331298828125,1689300,0.0,0.0
2024-09-04 00:00:00+09:00,3232.3553999569294,3298.420974708078,3171.14758805513,3172.119140625,1098900,0.0,0.0
2024-09-05 00:00:00+09:00,3176.976903474349,3204.1803754307043,3149.7734315179937,3172.119140625,509000,0.0,0.0
2024-09-06 00:00:00+09:00,3172.11943618312,3208.066884617661,3167.261672881155,3206.123779296875,468200,0.0,0.0
2024-09-09 00:00:00+09:00,3194.464832033593,3243.0424602579483,3186.6924115176967,3239.15625,497400,0.0,0.0
2024-09-10 00:00:00+09:00,3247.9003238029686,3293.5632957499442,3230.4123770998713,3258.58740234375,415300,0.0,0.0
2024-09-11 00:00:00+09:00,3236.2417613802977,3237.2133139955426,3088.565763863094,3106.0537109375,743000,0.0,0.0
2024-09-12 00:00:00+09:00,3124.513243494424,3141.0296381273233,3101.1959804832713,3136.171875,324300,0.0,0.0
2024-09-13 00:00:00+09:00,3107.0252266998386,3130.342489189143,3099.2528058700705,3122.570068359375,243600,0.0,0.0
2024-09-17 00:00:00+09:00,3134.228715960847,3173.0908203125,3113.8261111762286,3173.0908203125,339900,0.0,0.0
2024-09-18 00:00:00+09:00,3166.290118380248,3182.806513597328,3143.9444072041983,3181.8349609375,276900,0.0,0.0
2024-09-19 00:00:00+09:00,3194.464861877807,3287.7339089399325,3191.5502041571153,3244.985595703125,520100,0.0,0.0
2024-09-20 00:00:00+09:00,3237.2133088574633,3259.559018972626,3216.810703969706,3223.611572265625,465800,0.0,0.0
2024-09-24 00:00:00+09:00,3225.5545341989964,3245.9571381803758,3214.867455923036,3243.04248046875,320000,0.0,0.0
2024-09-25 00:00:00+09:00,3235.270123697917,3278.989990234375,3200.29423046875,3278.989990234375,306500,0.0,0.0
2024-09-26 00:00:00+09:00,3278.0182643043536,3339.22607421875,3263.444976229497,3339.22607421875,432200,0.0,0.0
2024-09-27 00:00:00+09:00,3339.2265442141634,3367.4015717911816,3326.596359438259,3359.629150390625,447600,0.0,0.0
2024-09-30 00:00:00+09:00,3311.0509288932026,3358.657001521068,3305.221613877545,3315.90869140625,373200,0.0,0.0
2024-10-01 00:00:00+09:00,3317.852016295665,3323.681331697649,3286.762334151753,3287.73388671875,262900,0.0,0.0
2024-10-02 00:00:00+09:00,3264.4166775627614,3279.961518884489,3239.1563104149545,3250.81494140625,386700,0.0,0.0
2024-10-03 00:00:00+09:00,3280.9329377308027,3298.4208835049085,3257.615676698662,3272.18896484375,340200,0.0,0.0
2024-10-04 00:00:00+09:00,3235.2700580342307,3293.5632122330458,3232.3554003242903,3289.677001953125,445600,0.0,0.0
2024-10-07 00:00:00+09:00,3306.193523360805,3316.880602043429,3283.8478133880462,3290.648681640625,329900,0.0,0.0
2024-10-08 00:00:00+09:00,3270.245819091797,3280.932896931966,3217.781982421875,3217.781982421875,384100,0.0,0.0
2024-10-09 00:00:00+09:00,3218.754005136842,3254.701454032122,3218.754005136842,3238.18505859375,166400,0.0,0.0
2024-10-10 00:00:00+09:00,3236.241789103907,3255.6728415752605,3224.583157621095,3253.729736328125,217100,0.0,0.0
2024-10-11 00:00:00+09:00,3229.440824505255,3275.1037964522307,3223.6115089375558,3258.58740234375,226100,0.0,0.0
2024-10-15 00:00:00+09:00,3258.5875194264,3279.961677275947,3248.871993131151,3257.615966796875,336400,0.0,0.0
2024-10-16 00:00:00+09:00,3249.8432773631403,3271.217433447442,3225.554463630979,3229.440673828125,210000,0.0,0.0
2024-10-17 00:00:00+09:00,3219.7251028491532,3234.298390882568,3189.606974246762,3197.37939453125,293000,0.0,0.0
2024-10-18 00:00:00+09:00,3186.6927023163125,3210.009965991798,3132.28575374018,3153.659912109375,368900,0.0,0.0
2024-10-21 00:00:00+09:00,3164.3467380545535,3226.5261028796967,3150.7450019990533,3222.639892578125,347400,0.0,0.0
2024-10-22 00:00:00+09:00,3207.0952722405573,3210.009930167465,3176.9771403291797,3194.465087890625,204400,0.0,0.0
2024-10-23 00:00:00+09:00,3210.981412501909,3222.640043954261,3168.2330971766187,3180.86328125,182500,0.0,0.0
2024-10-24 00:00:00+09:00,3164.3465477517916,3195.4362282946404,3151.7163650312596,3185.720703125,205000,0.0,0.0
2024-10-25 00:00:00+09:00,3186.6924291730475,3188.635534312787,3159.488957216692,3172.119140625,201600,0.0,0.0
2024-10-28 00:00:00+09:00,3176.97698741989,3228.4692749835763,3167.261461464477,3211.952880859375,250900,0.0,0.0
2024-10-29 00:00:00+09:00,3222.6401961221463,3245.9574601278537,3210.010011452388,3234.298828125,464400,0.0,0.0
2024-10-30 00:00:00+09:00,3217.6724610845727,3253.859051072454,3187.3539667704017,3247.012939453125,462100,22.0,0.0
2024-10-31 00:00:00+09:00,3239.188644573253,3283.1993598527806,3225.496422041844,3274.397216796875,277100,0.0,0.0
2024-11-01 00:00:00+09:00,3234.2986369437726,3281.243400951423,3221.5844300250337,3259.72705078125,191700,0.0,0.0
2024-11-05 00:00:00+09:00,3266.5731652427057,3305.6938019521995,3233.3206240396366,3301.78173828125,249500,0.0,0.0
2024-11-06 00:00:00+09:00,3261.683075310636,3316.451966530245,3238.210693359375,3238.210693359375,491100,0.0,0.0
2024-11-07 00:00:00+09:00,3247.9907535296384,3296.891547771277,3244.0786899903073,3271.463134765625,251600,0.0,0.0
2024-11-08 00:00:00+09:00,3259.7270089348976,3275.375263403232,3235.276611328125,3235.276611328125,165300,0.0,0.0
2024-11-11 00:00:00+09:00,3227.452515096676,3233.32061057867,3196.156005859375,3196.156005859375,218300,0.0,0.0
2024-11-12 00:00:00+09:00,3194.200161194166,3221.5846083813785,3174.639841774728,3191.26611328125,226100,0.0,0.0
2024-11-13 00:00:00+09:00,3178.5517161761145,3199.0900503421753,3146.2771910580186,3154.101318359375,230800,0.0,0.0
2024-11-14 00:00:00+09:00,3154.1012918724205,3163.881450916986,3110.090576171875,3110.090576171875,265500,0.0,0.0
2024-11-15 00:00:00+09:00,3114.9806900336016,3148.2332311517,3096.398387644076,3113.024658203125,222000,0.0,0.0
2024-11-18 00:00:00+09:00,3111.068649200967,3121.8268243475277,3097.376426287162,3114.980712890625,203300,0.0,0.0
2024-11-19 00:00:00+09:00,3121.826774991037,3134.5409817814143,3068.0359001086726,3069.013916015625,283300,0.0,0.0
2024-11-20 00:00:00+09:00,3070.969882573931,3094.442263842012,3025.981151810109,3042.607421875,420800,0.0,0.0
2024-11-21 00:00:00+09:00,3044.5635636667776,3084.6622164487685,3039.6734840592176,3072.926025390625,298300,0.0,0.0
2024-11-22 00:00:00+09:00,3065.101875217705,3091.508304902095,3056.299731989575,3070.969970703125,208000,0.0,0.0
2024-11-25 00:00:00+09:00,3090.5303693249525,3123.7829112733853,3062.1679070748182,3077.816162109375,287000,0.0,0.0
2024-11-26 00:00:00+09:00,3075.860277779495,3093.4645655378513,3065.1021019271657,3090.530517578125,215000,0.0,0.0
2024-11-27 00:00:00+09:00,3090.530339417227,3090.530339417227,3039.67351104707,3054.34375,165700,0.0,0.0
2024-11-28 00:00:00+09:00,3080.750368880168,3177.5739519021163,3061.1900490777543,3175.617919921875,467000,0.0,0.0
2024-11-29 00:00:00+09:00,3251.902940538195,3251.902940538195,3169.7496030930192,3177.57373046875,623500,0.0,0.0
2024-12-02 00:00:00+09:00,3179.5296146277224,3242.1226307262073,3160.9473129734847,3227.452392578125,667500,0.0,0.0
2024-12-03 00:00:00+09:00,3246.034814079016,3450.4401398224672,3167.793541067169,3446.528076171875,2078800,0.0,0.0
2024-12-04 00:00:00+09:00,3441.638033621652,3530.6374826297706,3419.1436673888306,3491.516845703125,1094400,0.0,0.0
2024-12-05 00:00:00+09:00,3491.5167693330127,3528.681373600423,3474.8904990028554,3526.725341796875,751200,0.0,0.0
2024-12-06 00:00:00+09:00,3522.813094506224,3523.791110357003,3477.8243653703867,3511.076904296875,304400,0.0,0.0
2024-12-09 00:00:00+09:00,3505.2091794731064,3569.7582324433142,3489.5609242076016,3563.89013671875,560500,0.0,0.0
2024-12-10 00:00:00+09:00,3570.7360686216716,3591.274402623604,3546.2856710003234,3590.29638671875,422000,0.0,0.0
2024-12-11 00:00:00+09:00,3591.274232925907,3638.218994140625,3575.6259791876682,3638.218994140625,438100,0.0,0.0
2024-12-12 00:00:00+09:00,3632.351288302029,3637.2413681193448,3543.351835626885,3566.82421875,487900,0.0,0.0
2024-12-13 00:00:00+09:00,3555.08787492786,3615.7248620655564,3545.3077157121024,3574.648193359375,516800,0.0,0.0
2024-12-16 00:00:00+09:00,3583.450343775496,3612.790821481082,3571.714152693262,3596.16455078125,284500,0.0,0.0
2024-12-17 00:00:00+09:00,3589.318317177855,3590.296333068094,3550.197681568287,3564.867919921875,243700,0.0,0.0
2024-12-18 00:00:00+09:00,3570.7361237966034,3574.648187476468,3484.6707228395776,3490.538818359375,337200,0.0,0.0
2024-12-19 00:00:00+09:00,3463.1544583687987,3526.725494741002,3463.1544583687987,3518.9013671875,250300,0.0,0.0
2024-12-20 00:00:00+09:00,3517.9233838961054,3519.8794158026367,3462.1764745599703,3479.78076171875,331700,0.0,0.0
2024-12-23 00:00:00+09:00,3479.780624570378,3514.0111815855453,3463.1543540201546,3468.04443359375,228400,0.0,0.0
2024-12-24 00:00:00+09:00,3466.08830224776,3468.0443340210377,3434.79179387532,3438.703857421875,168800,0.0,0.0
2024-12-25 00:00:00+09:00,3442.6160739737743,3442.6160739737743,3387.8471818878274,3430.8798828125,259200,0.0,0.0
2024-12-26 00:00:00+09:00,3430.879832945479,3473.912533244681,3424.033721534242,3447.506103515625,351300,0.0,0.0
2024-12-27 00:00:00+09:00,3465.1102871857543,3503.2529067737432,3465.1102871857543,3501.296875,222200,0.0,0.0
2024-12-30 00:00:00+09:00,3501.2971407331697,3507.1652364997617,3460.2204703670263,3461.198486328125,252500,0.0,0.0
2025-01-06 00:00:00+09:00,3471.956534833108,3472.934550758413,3345.79248046875,3345.79248046875,502700,0.0,0.0
2025-01-07 00:00:00+09:00,3344.8142778226247,3362.4185634953756,3316.451817572082,3350.682373046875,293200,0.0,0.0
2025-01-08 00:00:00+09:00,3336.990082179733,3361.4404784442386,3318.4077810187086,3344.814208984375,236800,0.0,0.0
2025-01-09 00:00:00+09:00,3344.814544286027,3371.2209748988116,3331.122321005324,3352.638671875,221800,0.0,0.0
2025-01-10 00:00:00+09:00,3369.264797124648,3406.429401563178,3355.5725744367683,3381.97900390625,264500,0.0,0.0
2025-01-14 00:00:00+09:00,3374.1549511921057,3375.1329671199874,3277.3313743318104,3304.7158203125,361300,0.0,0.0
2025-01-15 00:00:00+09:00,3304.715751695449,3323.298053939371,3286.1334494515268,3298.84765625,188200,0.0,0.0
2025-01-16 00:00:00+09:00,3276.3533140301743,3285.155457261897,3229.4085501276522,3238.210693359375,245500,0.0,0.0
2025-01-17 00:00:00+09:00,3227.4524383914386,3258.7489468849312,3219.6283112680653,3231.364501953125,255500,0.0,0.0
2025-01-20 00:00:00+09:00,3237.232670098244,3257.7710042589883,3215.716320025084,3216.6943359375,213100,0.0,0.0
2025-01-21 00:00:00+09:00,3242.122821019323,3269.5072671697126,3231.364645745956,3264.6171875,192200,0.0,0.0
2025-01-22 00:00:00+09:00,3304.71569489877,3362.418632453972,3290.045456537278,3356.550537109375,370900,0.0,0.0
2025-01-23 00:00:00+09:00,3357.528694476017,3357.528694476017,3292.9796429655544,3347.74853515625,271000,0.0,0.0
2025-01-24 00:00:00+09:00,3372.198667279412,3383.934857536765,3325.25390625,3325.25390625,356100,0.0,0.0
2025-01-27 00:00:00+09:00,3362.4185602969974,3403.495226827676,3342.858242901436,3371.220703125,198000,0.0,0.0
2025-01-28 00:00:00+09:00,3381.001090640323,3407.407520911451,3376.1110109604847,3390.78125,118300,0.0,0.0
2025-01-29 00:00:00+09:00,3398.6051972058353,3400.5612289740116,3352.638450653699,3354.594482421875,131800,0.0,0.0
2025-01-30 00:00:00+09:00,3363.396933178492,3400.561540174939,3359.4848692841288,3381.001220703125,138700,0.0,0.0
2025-01-31 00:00:00+09:00,3379.045090999553,3379.045090999553,3335.034373461209,3351.66064453125,144500,0.0,0.0
2025-02-03 00:00:00+09:00,3325.2541087962964,3326.2321247106483,3281.243392650463,3300.8037109375,209600,0.0,0.0
2025-02-04 00:00:00+09:00,3330.1440761876447,3330.1440761876447,3265.5950280148445,3270.485107421875,165400,0.0,0.0
2025-02-05 00:00:00+09:00,3266.5733445384817,3295.913823681043,3258.749216767132,3275.37548828125,152700,0.0,0.0
2025-02-06 00:00:00+09:00,3295.913474077236,3315.4737914308103,3256.7928393700877,3266.572998046875,176000,0.0,0.0
2025-02-07 00:00:00+09:00,3268.5292398088664,3283.199478766716,3254.83701678154,3263.63916015625,134100,0.0,0.0
2025-02-10 00:00:00+09:00,3272.4412833846764,3318.4080318362844,3272.4412833846764,3303.73779296875,179700,0.0,0.0
2025-02-12 00:00:00+09:00,3331.1221465249446,3335.0342101145216,3271.463176783893,3295.91357421875,161600,0.0,0.0
2025-02-13 00:00:00+09:00,3325.2540475759765,3384.913017253075,3305.693729649059,3379.044921875,264700,0.0,0.0
2025-02-14 00:00:00+09:00,3374.154693085344,3374.154693085344,3282.221202896932,3283.19921875,347800,0.0,0.0
2025-02-17 00:00:00+09:00,3247.012698568695,3263.638968410764,3215.7161906306837,3226.474365234375,340500,0.0,0.0
2025-02-18 00:00:00+09:00,3226.4743996151715,3256.7928920031895,3219.6282884307807,3229.408447265625,231500,0.0,0.0
2025-02-19 00:00:00+09:00,3237.232639247428,3274.397243565072,3234.2985915381405,3255.81494140625,236000,0.0,0.0
2025-02-20 00:00:00+09:00,3237.23272753254,3256.793046127903,3210.8262974288004,3221.58447265625,233200,0.0,0.0
2025-02-21 00:00:00+09:00,3216.6940802878125,3237.232412816254,3203.0018586021847,3215.716064453125,215000,0.0,0.0
2025-02-25 00:00:00+09:00,3219.6285771844755,3247.013024378025,3213.760481357286,3233.32080078125,231300,0.0,0.0
2025-02-26 00:00:00+09:00,3247.012963758358,3298.847809264139,3246.0349478054186,3291.023681640625,215700,0.0,0.0
2025-02-27 00:00:00+09:00,3261.683180460503,3305.693898037931,3258.749132622008,3289.067626953125,200800,0.0,0.0
2025-02-28 00:00:00+09:00,3295.913643952153,3305.69380313302,3234.2986411126913,3239.188720703125,361000,0.0,0.0
2025-03-03 00:00:00+09:00,3258.7490785683435,3349.7045600529946,3240.1667758994367,3326.232177734375,746600,0.0,0.0
2025-03-04 00:00:00+09:00,3031.849290934286,3031.849290934286,2896.394088742544,2900.30615234375,3174600,0.0,0.0
2025-03-05 00:00:00+09:00,2904.707071481682,2928.1794518572915,2868.031477144792,2908.130126953125,1144300,0.0,0.0
2025-03-06 00:00:00+09:00,2910.575298366834,2938.9377592716182,2897.8610917543447,2919.37744140625,730600,0.0,0.0
2025-03-07 00:00:00+09:00,2909.5972710576198,2931.113620625105,2905.1961995551796,2918.3994140625,495600,0.0,0.0
2025-03-10 00:00:00+09:00,2933.55870059983,2936.003740356956,2899.8171519514904,2921.822509765625,535900,0.0,0.0
2025-03-11 00:00:00+09:00,2924.2675362124464,2962.41015625,2905.685234142869,2962.41015625,746800,0.0,0.0
2025-03-12 00:00:00+09:00,2948.7179374694824,2962.4101600646973,2921.3334922790527,2941.871826171875,448500,0.0,0.0
2025-03-13 00:00:00+09:00,2933.0698924643825,2954.586243792897,2924.7567567238198,2938.93798828125,506600,0.0,0.0
2025-03-14 00:00:00+09:00,2957.5199788809987,2995.66259765625,2942.8497408905178,2995.66259765625,449400,0.0,0.0
2025-03-17 00:00:00+09:00,2993.7065628388204,3025.0030705195923,2982.9483883235553,3016.200927734375,398600,0.0,0.0
2025-03-18 00:00:00+09:00,3025.0033446794314,3052.3877913819933,3022.0692968184426,3039.673583984375,350100,0.0,0.0
2025-03-19 00:00:00+09:00,3040.651515611237,3069.0139774808817,3032.8273881989207,3053.36572265625,374800,0.0,0.0
2025-03-21 00:00:00+09:00,3052.387634218974,3068.035888671875,3034.783347959461,3068.035888671875,370300,0.0,0.0
2025-03-24 00:00:00+09:00,3069.991840165111,3085.640094208641,3044.5634273443743,3061.189697265625,227600,0.0,0.0
2025-03-25 00:00:00+09:00,3061.1897053210264,3090.530181729854,3046.5194671166123,3082.7060546875,223900,0.0,0.0
2025-03-26 00:00:00+09:00,3089.552219436482,3113.0246009706625,3068.035869696817,3108.134521484375,322000,0.0,0.0
2025-03-27 00:00:00+09:00,3110.0905309606483,3168.771484375,3105.2004515094523,3168.771484375,394200,0.0,0.0
2025-03-28 00:00:00+09:00,3170.7277051496244,3206.91429524541,3151.1673861789295,3205.936279296875,364000,0.0,0.0
2025-03-31 00:00:00+09:00,3186.3757660990773,3213.7602109888176,3126.716796875,3126.716796875,563700,0.0,0.0
2025-04-01 00:00:00+09:00,3155.079365709625,3155.079365709625,3100.3104740544054,3114.980712890625,286900,0.0,0.0
2025-04-02 00:00:00+09:00,3129.6509766250397,3129.6509766250397,3054.34375,3054.34375,310700,0.0,0.0
2025-04-03 00:00:00+09:00,2995.6624712566545,3088.573974609375,2989.7943763080616,3088.573974609375,378000,0.0,0.0
2025-04-04 00:00:00+09:00,3086.618265075778,3163.8815232953552,3067.057946539176,3158.013427734375,593600,0.0,0.0
2025-04-07 00:00:00+09:00,2953.6079944523617,3076.8379968699105,2936.9817242849144,3002.5087890625,583300,0.0,0.0
2025-04-08 00:00:00+09:00,3070.9701979223582,3133.5632210647245,3031.849558458379,3132.585205078125,420900,0.0,0.0
2025-04-09 00:00:00+09:00,3132.584892208516,3136.496955764193,3070.9698912066,3126.716796875,283700,0.0,0.0
2025-04-10 00:00:00+09:00,3170.727516746983,3232.342517843547,3120.8487063354787,3231.364501953125,517100,0.0,0.0
2025-04-11 00:00:00+09:00,3203.001941641293,3225.496306422285,3158.9912279393516,3202.02392578125,377600,0.0,0.0
2025-04-14 00:00:00+09:00,3232.3426936365317,3249.9469806215416,3207.89229504624,3225.49658203125,360000,0.0,0.0
2025-04-15 00:00:00+09:00,3199.0902182337186,3219.6285534776525,3173.6618031698004,3189.31005859375,401200,0.0,0.0
2025-04-16 00:00:00+09:00,3211.8044257656775,3211.8044257656775,3161.9256116018378,3189.31005859375,458200,0.0,0.0
2025-04-17 00:00:00+09:00,3201.0461995542014,3222.5625504219656,3175.617784892298,3205.936279296875,318300,0.0,0.0
2025-04-18 00:00:00+09:00,3211.804095896947,3224.518302123092,3192.2437786259543,3203.001953125,313600,0.0,0.0
2025-04-21 00:00:00+09:00,3244.07861328125,3247.9906767280772,3218.650200876875,3244.07861328125,479900,0.0,0.0
2025-04-22 00:00:00+09:00,3227.4523633397266,3284.1772836650916,3218.6502205306183,3266.572998046875,452400,0.0,0.0
2025-04-23 00:00:00+09:00,3292.001435311766,3351.6604036878853,3277.331197186491,3331.1220703125,673900,0.0,0.0
2025-04-24 00:00:00+09:00,3308.627753612547,3325.2540237312032,3244.0787049165883,3251.90283203125,989500,0.0,0.0
2025-04-25 00:00:00+09:00,3261.682987338543,3334.0561630695934,3251.902828455969,3272.441162109375,1925000,0.0,0.0
2025-04-28 00:00:00+09:00,3265.5496296243105,3347.26220703125,3253.735763011259,3347.26220703125,840300,22.0,0.0
2025-04-30 00:00:00+09:00,3340.3708018101133,3378.765868497586,3330.5259129158894,3363.99853515625,350300,0.0,0.0
2025-05-01 00:00:00+09:00,3347.262337104991,3356.122737409092,3303.9448245071617,3333.4794921875,216600,0.0,0.0
2025-05-02 00:00:00+09:00,3314.7741866576107,3346.27783203125,3302.960319642496,3346.27783203125,251600,0.0,0.0
2025-05-07 00:00:00+09:00,3300.006901041667,3349.23134765625,3283.2705891927085,3293.115478515625,471200,0.0,0.0
2025-05-08 00:00:00+09:00,3237.983983220281,3245.859894398682,3167.1007826146683,3205.495849609375,556300,0.0,0.0
2025-05-09 00:00:00+09:00,3199.5889334202975,3247.8288896472495,3189.7440443943888,3236.99951171875,364900,0.0,0.0
2025-05-12 00:00:00+09:00,3225.185611700348,3233.0615228400316,3174.9766781848666,3218.294189453125,306400,0.0,0.0
2025-05-13 00:00:00+09:00,3215.3407705773507,3217.309748391544,3152.333480523171,3179.899169921875,408800,0.0,0.0
2025-05-14 00:00:00+09:00,3158.2404128237836,3184.821613305779,3106.0625007665326,3135.59716796875,409400,0.0,0.0
2025-05-15 00:00:00+09:00,3140.5194849774507,3192.6973949159474,3135.59704064363,3178.91455078125,295800,0.0,0.0
2025-05-16 00:00:00+09:00,3203.526936546991,3205.4959143813776,3163.1628909420656,3183.837158203125,157000,0.0,0.0
2025-05-19 00:00:00+09:00,3189.7442217548078,3204.5115561147836,3176.9458653094953,3199.589111328125,196400,0.0,0.0
2025-05-20 00:00:00+09:00,3179.8991853195107,3182.8526520551018,3137.566162109375,3137.566162109375,274500,0.0,0.0
2025-05-21 00:00:00+09:00,3145.441990658726,3159.224835062238,3112.953857421875,3112.953857421875,197000,0.0,0.0
2025-05-22 00:00:00+09:00,3081.45042321871,3107.0471359994403,3070.6210447345547,3079.4814453125,182600,0.0,0.0
2025-05-23 00:00:00+09:00,3081.4502123798457,3106.0624345234546,3063.729412436447,3098.1865234375,241400,0.0,0.0
2025-05-26 00:00:00+09:00,3110.98492954581,3158.24039683005,3105.07799613528,3148.3955078125,235200,0.0,0.0
2025-05-27 00:00:00+09:00,3148.395524518857,3175.961213914269,3138.550635449067,3165.1318359375,204800,0.0,0.0
2025-05-28 00:00:00+09:00,3163.162873817829,3182.8526520551018,3137.566162109375,3137.566162109375,224800,0.0,0.0
2025-05-29 00:00:00+09:00,3137.5660630624507,3148.395440751088,3095.233041188687,3110.98486328125,502100,0.0,0.0
2025-05-30 00:00:00+09:00,3086.372802734375,3127.721337890625,3078.496891276042,3115.907470703125,307900,0.0,0.0
2025-06-02 00:00:00+09:00,3115.907633206822,3123.783545075907,3092.2798975995665,3120.830078125,318700,0.0,0.0
2025-06-03 00:00:00+09:00,3374.8278636099203,3392.5486633604974,3242.9063543556235,3358.091552734375,1720200,0.0,0.0
2025-06-04 00:00:00+09:00,3398.455662805736,3410.2695295362314,3317.7275734806867,3365.967529296875,700000,0.0,0.0
2025-06-05 00:00:00+09:00,3330.525960574275,3376.796939039244,3319.696582635665,3340.370849609375,388000,0.0,0.0
2025-06-06 00:00:00+09:00,3318.7121095916928,3367.9365550024268,3318.7121095916928,3327.572509765625,273400,0.0,0.0
2025-06-09 00:00:00+09:00,3335.4484861090336,3357.107242512339,3288.193017592731,3291.146484375,215500,0.0,0.0
2025-06-10 00:00:00+09:00,3319.69664712576,3329.541536352112,3283.270556988259,3318.712158203125,264600,0.0,0.0
2025-06-11 00:00:00+09:00,3301.9757801904384,3306.8982247047356,3259.642757367484,3266.5341796875,223100,0.0,0.0
2025-06-12 00:00:00+09:00,3238.968489076106,3260.62724493011,3221.2476888319206,3222.232177734375,229000,0.0,0.0
2025-06-13 00:00:00+09:00,3246.844548308254,3246.844548308254,3195.651123046875,3195.651123046875,230500,0.0,0.0
2025-06-16 00:00:00+09:00,3200.5734205281424,3217.309731862802,3172.023242369017,3177.93017578125,226900,0.0,0.0
2025-06-17 00:00:00+09:00,3170.0541499956244,3181.868016393124,3158.240283598125,3164.147216796875,193300,0.0,0.0
2025-06-18 00:00:00+09:00,3166.11640625,3220.2632975260417,3165.1319173177085,3204.511474609375,182900,0.0,0.0
2025-06-19 00:00:00+09:00,3199.5889801857948,3205.4959136876764,3132.643733831138,3139.53515625,349200,0.0,0.0
2025-06-20 00:00:00+09:00,3138.5506183361804,3155.286929663569,3123.7832848120142,3133.628173828125,206600,0.0,0.0
2025-06-23 00:00:00+09:00,3125.7522143218152,3152.333414254631,3109.0159032530055,3142.488525390625,187600,0.0,0.0
2025-06-24 00:00:00+09:00,3177.930339358532,3178.914828311245,3131.659358581007,3138.55078125,176700,0.0,0.0
2025-06-25 00:00:00+09:00,3142.488655527258,3148.395589090279,3113.9384766393223,3128.705810546875,192000,0.0,0.0
2025-06-26 00:00:00+09:00,3150.3645833333335,3160.20947265625,3120.8299153645835,3160.20947265625,286600,0.0,0.0
2025-06-27 00:00:00+09:00,3160.20948877164,3193.682112640249,3158.2405108970156,3191.713134765625,220900,0.0,0.0
2025-06-30 00:00:00+09:00,3229.123665225046,3242.906510137592,3209.433886778552,3215.3408203125,208600,0.0,0.0
2025-07-01 00:00:00+09:00,3197.619855743191,3226.170033026612,3172.023145075296,3180.883544921875,166100,0.0,0.0
2025-07-02 00:00:00+09:00,3165.1317384481576,3193.6819158711737,3160.209294064879,3168.085205078125,176800,0.0,0.0
2025-07-03 00:00:00+09:00,3151.3491048380597,3169.0699058024725,3146.4266601257227,3149.380126953125,179800,0.0,0.0
2025-07-04 00:00:00+09:00,3140.5195165317646,3169.0696939547806,3126.7366722585843,3168.085205078125,193900,0.0,0.0
2025-07-07 00:00:00+09:00,3162.178303808076,3192.697459293148,3146.4264816222326,3157.255859375,173300,0.0,0.0
2025-07-08 00:00:00+09:00,3173.9922364792956,3188.7595700857437,3121.814324403178,3179.899169921875,336200,0.0,0.0
2025-07-09 00:00:00+09:00,3179.8993945489897,3285.239715049529,3173.0079717125054,3251.76708984375,417600,0.0,0.0
2025-07-10 00:00:00+09:00,3244.8756198108854,3250.7825535848133,3200.5736165064286,3201.55810546875,260700,0.0,0.0
2025-07-11 00:00:00+09:00,3208.4493168242225,3241.921939337884,3197.6199389521553,3220.26318359375,194200,0.0,0.0
2025-07-14 00:00:00+09:00,3229.1236979166665,3243.8910319010415,3189.744140625,3189.744140625,184700,0.0,0.0
2025-07-15 00:00:00+09:00,3179.899038660207,3188.7594384583317,3161.1937501975003,3164.147216796875,164400,0.0,0.0
2025-07-16 00:00:00+09:00,3151.3489260553088,3177.93012599392,3147.4109705088476,3157.255859375,168400,0.0,0.0
2025-07-17 00:00:00+09:00,3157.255973599013,3189.7441080326794,3140.5196619210637,3185.80615234375,179200,0.0,0.0
2025-07-18 00:00:00+09:00,3184.8216173769824,3304.9292641528687,3184.8216173769824,3298.037841796875,382300,0.0,0.0
2025-07-22 00:00:00+09:00,3298.0378572263853,3312.8051909154588,3242.9064781205116,3255.704833984375,222800,0.0,0.0
2025-07-23 00:00:00+09:00,3265.5496574926824,3276.3790353137315,3241.921924064939,3247.828857421875,246600,0.0,0.0
2025-07-24 00:00:00+09:00,3268.5032062178907,3294.099918073814,3238.9685386918254,3257.673828125,229100,0.0,0.0
2025-07-25 00:00:00+09:00,3264.5650861536565,3272.440997097332,3230.107975775074,3237.98388671875,220700,0.0,0.0
2025-07-28 00:00:00+09:00,3229.123534408499,3233.0614899382654,3185.806023581068,3214.356201171875,219100,0.0,0.0
2025-07-29 00:00:00+09:00,3199.588816983296,3209.433705650937,3172.0231287139013,3178.91455078125,141300,0.0,0.0
2025-07-30 00:00:00+09:00,3179.8990902864184,3216.325178936758,3167.1007348146773,3214.356201171875,133200,0.0,0.0
2025-07-31 00:00:00+09:00,3224.2011070832623,3274.410040353872,3220.263151532626,3231.092529296875,271500,0.0,0.0
2025-08-01 00:00:00+09:00,3260.6271628565437,3270.4720516332845,3219.2786299942327,3227.154541015625,237900,0.0,0.0
2025-08-04 00:00:00+09:00,3227.154862200035,3336.43313849784,3214.3565055165086,3325.603759765625,532000,0.0,0.0
2025-08-05 00:00:00+09:00,3298.0378425191843,3357.107177012065,3289.1774423452525,3327.572509765625,279500,0.0,0.0
2025-08-06 00:00:00+09:00,3334.4641443044657,3353.1694347508146,3313.7898759163954,3323.634765625,213200,0.0,0.0
2025-08-07 00:00:00+09:00,3318.7121423293156,3346.27783203125,3292.1309415453075,3346.27783203125,202000,0.0,0.0
2025-08-08 00:00:00+09:00,3352.1848796914087,3366.9522139631767,3337.41754541964,3345.29345703125,217700,0.0,0.0
2025-08-12 00:00:00+09:00,3347.2623209491762,3363.998632553922,3323.6345869189468,3346.27783203125,223500,0.0,0.0
2025-08-13 00:00:00+09:00,3347.262418894188,3352.184863627856,3316.7432615454472,3328.55712890625,193100,0.0,0.0
2025-08-14 00:00:00+09:00,3319.696581769904,3359.0761379000332,3305.9137371243587,3310.836181640625,242900,0.0,0.0
2025-08-15 00:00:00+09:00,3318.7119293303767,3323.63437360408,3288.19277483342,3305.91357421875,174000,0.0,0.0
2025-08-18 00:00:00+09:00,3316.743114621836,3326.588003653067,3293.1153809468806,3296.06884765625,272900,0.0,0.0
2025-08-19 00:00:00+09:00,3307.882764654418,3377.781477836104,3294.0999198016916,3375.8125,284200,0.0,0.0
2025-08-20 00:00:00+09:00,3395.5022476217996,3485.090738353485,3395.5022476217996,3460.478515625,576700,0.0,0.0
2025-08-21 00:00:00+09:00,3468.3544756130723,3474.261409150875,3435.866341155158,3436.850830078125,256500,0.0,0.0
2025-08-22 00:00:00+09:00,3427.9904128727044,3427.9904128727044,3386.6418783119193,3390.579833984375,242700,0.0,0.0
2025-08-25 00:00:00+09:00,3377.7815751676208,3427.0060224886292,3368.921174649839,3402.393798828125,251500,0.0,0.0
2025-08-26 00:00:00+09:00,3409.285254331459,3427.0060555379173,3378.7660966981134,3391.564453125,277800,0.0,0.0
2025-08-27 00:00:00+09:00,3369.9054356733445,3386.6417466305306,3340.370769278311,3360.060546875,251500,0.0,0.0
2025-08-28 00:00:00+09:00,3352.1847655388074,3360.060676882217,3337.417431769914,3346.27783203125,137400,0.0,0.0
2025-08-29 00:00:00+09:00,3347.262386178561,3357.1072755496743,3317.727718065221,3324.619140625,235400,0.0,0.0
2025-09-01 00:00:00+09:00,3322.6500652245513,3379.750421901003,3296.068864702755,3327.572509765625,602900,0.0,0.0
2025-09-02 00:00:00+09:00,3554.0050455729165,3640.6400716145836,3515.6099772135417,3544.16015625,3153900,0.0,0.0
2025-09-03 00:00:00+09:00,3593.3846191540138,3622.9192872566496,3549.08261700006,3590.43115234375,1017400,0.0,0.0
2025-09-04 00:00:00+09:00,3590.4310554172685,3632.7640785548997,3551.051499010169,3622.919189453125,635900,0.0,0.0
2025-09-05 00:00:00+09:00,3622.9190233298896,3638.6708451704544,3555.9737805074897,3573.694580078125,514600,0.0,0.0
2025-09-08 00:00:00+09:00,3591.4155754382305,3620.9502429994,3529.392773559774,3538.253173828125,454700,0.0,0.0
2025-09-09 00:00:00+09:00,3555.9738911042136,3566.803268956414,3481.1527350344686,3498.87353515625,414600,0.0,0.0
2025-09-10 00:00:00+09:00,3523.4859051179374,3523.4859051179374,3482.137369768691,3487.059814453125,275500,0.0,0.0
2025-09-11 00:00:00+09:00,3465.400816172336,3509.702815242721,3446.6955276759513,3501.826904296875,241800,0.0,0.0
2025-09-12 00:00:00+09:00,3513.64096621194,3514.625455134947,3451.6181640625,3451.6181640625,283300,0.0,0.0
2025-09-16 00:00:00+09:00,3441.773371988701,3471.3080405126316,3420.114615071152,3463.43212890625,264800,0.0,0.0
2025-09-17 00:00:00+09:00,3468.3542954236923,3492.9665172192053,3442.757584756359,3444.7265625,251400,0.0,0.0
2025-09-18 00:00:00+09:00,3465.401025334949,3469.3389810455565,3430.9439128671297,3453.587158203125,187700,0.0,0.0
2025-09-19 00:00:00+09:00,3450.6337572027137,3465.401091399016,3402.393798828125,3402.393798828125,298200,0.0,0.0
2025-09-22 00:00:00+09:00,3406.331625622333,3478.199315989509,3406.331625622333,3460.478515625,284700,0.0,0.0
2025-09-24 00:00:00+09:00,3468.3545084635416,3563.8499348958335,3460.4785970052085,3499.858154296875,484100,0.0,0.0
2025-09-25 00:00:00+09:00,3536.2841623325107,3537.2686512418463,3475.24584995372,3490.01318359375,298100,0.0,0.0
2025-09-26 00:00:00+09:00,3500.8423836883408,3518.5631831558294,3485.0905619394616,3512.65625,270300,0.0,0.0
2025-09-29 00:00:00+09:00,3516.594635151708,3524.470546988554,3386.64208984375,3386.64208984375,425000,0.0,0.0
2025-09-30 00:00:00+09:00,3388.610792292086,3434.8817705714955,3379.7503921960288,3427.005859375,255200,0.0,0.0
2025-10-01 00:00:00+09:00,3406.331722258402,3409.285189069609,3354.15380859375,3354.15380859375,278200,0.0,0.0
2025-10-02 00:00:00+09:00,3351.2002435627774,3370.890021727071,3308.867220509546,3327.572509765625,289500,0.0,0.0
2025-10-03 00:00:00+09:00,3327.5725417181416,3349.2312979068397,3286.2240071760816,3287.20849609375,320900,0.0,0.0
2025-10-06 00:00:00+09:00,3324.619107907381,3332.4950193267646,3286.224039737885,3291.146484375,308000,0.0,0.0
2025-10-07 00:00:00+09:00,3293.115380507777,3306.898225149663,3281.301513671875,3281.301513671875,258300,0.0,0.0
2025-10-08 00:00:00+09:00,3307.882730509745,3325.6035308517617,3283.2705078125,3283.2705078125,241000,0.0,0.0
2025-10-09 00:00:00+09:00,3278.34814453125,3284.255078125,3219.27880859375,3219.27880859375,486400,0.0,0.0
2025-10-10 00:00:00+09:00,3219.278743628652,3242.9064775268444,3196.635498642885,3226.170166015625,317600,0.0,0.0
2025-10-14 00:00:00+09:00,3184.8216477906276,3241.9220049998567,3180.883692121026,3228.13916015625,358000,0.0,0.0
2025-10-15 00:00:00+09:00,3233.0615392607383,3242.9064282353447,3208.4493168242225,3220.26318359375,213800,0.0,0.0
2025-10-16 00:00:00+09:00,3206.4804361024117,3222.232258938653,3187.775146484375,3187.775146484375,278200,0.0,0.0
2025-10-17 00:00:00+09:00,3196.63553063901,3214.3563312400274,3186.790641416223,3200.573486328125,215700,0.0,0.0
2025-10-20 00:00:00+09:00,3228.139208984375,3246.8444986979166,3216.325341796875,3234.046142578125,233300,0.0,0.0
2025-10-21 00:00:00+09:00,3234.0462072296327,3263.5808757888076,3227.1547845658256,3256.689453125,289700,0.0,0.0
2025-10-22 00:00:00+09:00,3255.704899088542,3275.394677734375,3253.7359212239585,3263.580810546875,301600,0.0,0.0
2025-10-23 00:00:00+09:00,3264.5652994791667,3288.1930338541665,3253.7359212239585,3278.34814453125,224900,0.0,0.0
2025-10-24 00:00:00+09:00,3266.5340804288685,3266.5340804288685,3236.014925367598,3239.952880859375,256100,0.0,0.0
2025-10-27 00:00:00+09:00,3238.968457386471,3263.5806797070372,3236.999479600826,3247.828857421875,276500,0.0,0.0
2025-10-28 00:00:00+09:00,3263.580630314303,3265.5496080701487,3225.185564075311,3241.921875,317300,0.0,0.0
2025-10-29 00:00:00+09:00,3227.1545376774684,3233.0614709374026,3163.1627606948464,3168.085205078125,621900,0.0,0.0
2025-10-30 00:00:00+09:00,3140.3125475399456,3174.036687342965,3131.3855693567934,3158.16650390625,393500,24.0,0.0
2025-10-31 00:00:00+09:00,3169.077173820741,3186.9311297295903,3142.296239957467,3148.24755859375,201000,0.0,0.0
2025-11-04 00:00:00+09:00,3148.247620804848,3209.744581261653,3145.2719614279054,3191.890625,441400,0.0,0.0
2025-11-05 00:00:00+09:00,3206.76877520901,3221.6470714131965,3160.1501137692253,3168.085205078125,296600,0.0,0.0
2025-11-06 00:00:00+09:00,3160.150254930942,3172.052892425974,3119.48291015625,3119.48291015625,311300,0.0,0.0
2025-11-07 00:00:00+09:00,3117.49896587155,3176.020263671875,3116.5070794681546,3176.020263671875,237400,0.0,0.0
2025-11-10 00:00:00+09:00,3187.922982916601,3192.882415061773,3152.215071471362,3156.1826171875,233500,0.0,0.0
2025-11-11 00:00:00+09:00,3134.3611080979804,3145.2718587907266,3110.555833859262,3143.2880859375,325100,0.0,0.0
2025-11-12 00:00:00+09:00,3158.166381339872,3190.8986334077786,3144.2799713716686,3173.044677734375,230600,0.0,0.0
2025-11-13 00:00:00+09:00,3173.0447750097505,3184.94741249025,3165.109683356084,3178.99609375,190400,0.0,0.0
2025-11-14 00:00:00+09:00,3171.061002096334,3190.8987312304994,3168.085342726209,3178.99609375,212700,0.0,0.0
2025-11-17 00:00:00+09:00,3185.9391277058285,3199.825537353363,3156.182535603968,3176.020263671875,252400,0.0,0.0
2025-11-18 00:00:00+09:00,3168.0852784503777,3189.9067800552334,3161.1420733942873,3165.109619140625,185900,0.0,0.0
2025-11-19 00:00:00+09:00,3158.166365028879,3181.971639137137,3158.166365028879,3177.01220703125,177100,0.0,0.0
2025-11-20 00:00:00+09:00,3164.117734016628,3173.0447119495907,3134.361140906754,3135.35302734375,280900,0.0,0.0
2025-11-21 00:00:00+09:00,3149.239554010304,3228.5904719066266,3149.239554010304,3209.74462890625,676900,0.0,0.0
2025-11-25 00:00:00+09:00,3199.8256266654557,3211.728263838421,3192.8824216478924,3198.833740234375,280700,0.0,0.0
2025-11-26 00:00:00+09:00,3208.752506405216,3223.6308024163686,3196.849869596294,3222.638916015625,253300,0.0,0.0
2025-11-27 00:00:00+09:00,3223.6308834969027,3242.4767255850384,3211.7282463886063,3232.557861328125,279000,0.0,0.0
2025-11-28 00:00:00+09:00,3243.4686042376675,3284.135947593553,3219.663330078125,3219.663330078125,486700,0.0,0.0
2025-12-01 00:00:00+09:00,3234.5416203212408,3238.5091660070075,3147.255615234375,3147.255615234375,797300,0.0,0.0
2025-12-02 00:00:00+09:00,3008.391519595864,3071.8722506391,2996.488882525257,3028.229248046875,1410700,0.0,0.0
2025-12-03 00:00:00+09:00,3028.2293711618972,3055.010305659562,2985.5782532582084,3013.35107421875,749800,0.0,0.0
2025-12-04 00:00:00+09:00,3000.456395814404,3042.1156251116618,2991.5294181078484,3036.164306640625,426400,0.0,0.0
2025-12-05 00:00:00+09:00,3020.2942314905836,3025.2536637262006,2995.4970703125,2995.4970703125,434400,0.0,0.0
2025-12-08 00:00:00+09:00,2995.497134365215,3023.269955478535,2986.570156150219,3009.383544921875,315400,0.0,0.0
2025-12-09 00:00:00+09:00,3020.294174088197,3021.2860605164688,2976.6511712442293,2994.505126953125,401300,0.0,0.0
2025-12-10 00:00:00+09:00,2994.505118268281,3016.3266196269765,2991.529458992095,3011.3671875,242500,0.0,0.0
2025-12-11 00:00:00+09:00,2991.5295540575025,3000.4565321697432,2914.1624104180846,2915.154296875,1124200,0.0,0.0
2025-12-12 00:00:00+09:00,2921.1055547801093,2939.951397069013,2906.723201454367,2907.715087890625,546900,0.0,0.0
2025-12-15 00:00:00+09:00,2931.0243564636394,2973.1795291031335,2922.0973787282173,2959.7890625,589900,0.0,0.0
2025-12-16 00:00:00+09:00,2950.8620763293748,2988.5537599934137,2942.4310418255764,2976.651123046875,526000,0.0,0.0
2025-12-17 00:00:00+09:00,2987.5618730153,3020.2941246120813,2972.683576834945,3006.40771484375,554600,0.0,0.0
2025-12-18 00:00:00+09:00,3020.2942938343976,3042.1157961215426,3011.36731562602,3039.14013671875,394400,0.0,0.0
2025-12-19 00:00:00+09:00,3048.0670725982063,3068.89668812849,3037.1563216061527,3063.937255859375,480200,0.0,0.0
2025-12-22 00:00:00+09:00,3066.912935821281,3066.912935821281,2982.6025866800105,3000.45654296875,405400,0.0,0.0
2025-12-23 00:00:00+09:00,3018.3105116128845,3057.9859701947166,3010.375419896518,3056.002197265625,453400,0.0,0.0
2025-12-24 00:00:00+09:00,3052.034538731961,3069.888494434651,3024.26171875,3024.26171875,229800,0.0,0.0
2025-12-25 00:00:00+09:00,3030.21314408765,3030.21314408765,2998.4727772756028,3013.35107421875,223100,0.0,0.0
2025-12-26 00:00:00+09:00,3009.3833494173905,3027.2373046875,3006.4076902057054,3027.2373046875,284000,0.0,0.0
2025-12-29 00:00:00+09:00,3025.2535236118747,3056.9938884497697,3016.3265460012167,3044.099365234375,283600,0.0,0.0
2025-12-30 00:00:00+09:00,3057.9858727134147,3079.807374237805,3043.1075762195123,3050.05078125,330800,0.0,0.0
2026-01-05 00:00:00+09:00,3054.018328185935,3063.9371925191144,3003.43212008672,3020.294189453125,486000,0.0,0.0
2026-01-06 00:00:00+09:00,3020.2941566664704,3043.1075443851337,3016.326610976268,3028.229248046875,369900,0.0,0.0
2026-01-07 00:00:00+09:00,3025.253622836339,3030.2130550049233,2990.53759765625,2990.53759765625,471900,0.0,0.0
2026-01-08 00:00:00+09:00,2990.537532251371,3007.3996012557736,2974.1714064529806,3006.40771484375,376700,0.0,0.0
2026-01-09 00:00:00+09:00,3006.407788214942,3029.2211762482457,2994.5051509801747,3003.43212890625,374000,0.0,0.0
2026-01-13 00:00:00+09:00,3010.3753251199455,3063.9371925191144,2997.480801486812,3020.294189453125,538900,0.0,0.0
2026-01-14 00:00:00+09:00,3019.3022376393537,3049.058829994538,3013.350919168317,3036.164306640625,231200,0.0,0.0
2026-01-15 00:00:00+09:00,3043.10768258914,3052.0346607975175,3020.2942938343976,3039.14013671875,209900,0.0,0.0
2026-01-16 00:00:00+09:00,3038.148095846878,3044.099414350006,3023.2697995890576,3032.19677734375,242800,0.0,0.0
2026-01-19 00:00:00+09:00,3064.9290689367217,3099.6450939894034,3055.0102046359557,3066.912841796875,438400,0.0,0.0
2026-01-20 00:00:00+09:00,3089.7262910612762,3140.3125,3079.8074265634873,3140.3125,423100,0.0,0.0
2026-01-21 00:00:00+09:00,3139.3204676767855,3140.3123540804745,3075.839737840667,3086.75048828125,331100,0.0,0.0
2026-01-22 00:00:00+09:00,3074.8480050446856,3099.645166375691,3063.9372540590434,3093.69384765625,270900,0.0,0.0
2026-01-23 00:00:00+09:00,3100.6368982511863,3101.6287846549776,3040.131827619925,3056.993896484375,376100,0.0,0.0
2026-01-26 00:00:00+09:00,3048.0669593032526,3073.856006144087,3040.131867967611,3061.953369140625,261600,0.0,0.0
2026-01-27 00:00:00+09:00,3050.050765876107,3061.953403011233,3020.2941730382913,3024.26171875,316900,0.0,0.0
2026-01-28 00:00:00+09:00,2907.71518847725,2908.7070749478203,2812.990030537773,2817.949462890625,2468200,0.0,0.0
2026-01-29 00:00:00+09:00,2806.0466435982885,2806.0466435982885,2749.0131752324696,2765.875244140625,1271100,0.0,0.0
2026-01-30 00:00:00+09:00,2799.1034742917436,2827.3722372319685,2770.8347113515188,2823.900634765625,566900,0.0,0.0
2026-02-02 00:00:00+09:00,2842.746549071416,2857.624845734386,2827.8682524084466,2850.681640625,492100,0.0,0.0
2026-02-03 00:00:00+09:00,2847.705843037072,2875.9746053242743,2836.7950926806084,2869.52734375,556900,0.0,0.0
2026-02-04 00:00:00+09:00,2869.0314003866565,2943.4228800855326,2857.624706832829,2929.04052734375,535100,0.0,0.0
2026-02-05 00:00:00+09:00,2975.6593886294436,3032.196917013403,2954.333829677599,3013.35107421875,709000,0.0,0.0
2026-02-06 00:00:00+09:00,3022.2779863178926,3031.2049642886377,2992.5213930820746,3029.22119140625,322100,0.0,0.0
2026-02-09 00:00:00+09:00,3023.2698983061323,3043.1076272976425,2988.55387257099,3008.3916015625,468000,0.0,0.0
2026-02-10 00:00:00+09:00,3010.3754036036266,3084.766888041937,3001.448425471029,3059.9697265625,498000,0.0,0.0
2026-02-12 00:00:00+09:00,3059.9697265625,3091.7100932561793,3059.9697265625,3059.9697265625,413400,0.0,0.0
2026-02-13 00:00:00+09:00,3089.7262887086035,3101.628926096887,3015.3348050318314,3038.148193359375,365300,0.0,0.0
2026-02-16 00:00:00+09:00,3052.034481258843,3077.8235278993143,3022.2778889813762,3023.269775390625,333800,0.0,0.0
2026-02-17 00:00:00+09:00,3016.32676683684,3028.2294045224835,3005.416015625,3005.416015625,229700,0.0,0.0
2026-02-18 00:00:00+09:00,3005.415795826135,3028.2291830551785,3002.440136622347,3014.3427734375,226400,0.0,0.0
2026-02-19 00:00:00+09:00,3006.4078855168764,3028.229387820199,2988.553929086885,3009.383544921875,255000,0.0,0.0
2026-02-20 00:00:00+09:00,2993.513167600581,2999.464486025234,2966.7322346896412,2967.72412109375,267600,0.0,0.0
2026-02-24 00:00:00+09:00,2967.7242096807627,3014.342872065454,2960.2850614278864,2990.53759765625,353500,0.0,0.0
2026-02-25 00:00:00+09:00,2996.4889898414153,2996.4889898414153,2964.252679954012,2987.56201171875,364000,0.0,0.0
2026-02-26 00:00:00+09:00,2994.505102782392,3024.2616953903657,2985.578125,2985.578125,295500,0.0,0.0
2026-02-27 00:00:00+09:00,2993.5132884206764,3018.3104495242274,2986.570083311682,3012.359130859375,352600,0.0,0.0
2026-03-02 00:00:00+09:00,2975.6592655229783,2994.5051075379574,2952.845877820636,2962.268798828125,620700,0.0,0.0
2026-03-03 00:00:00+09:00,2885.8935111585515,2891.34888641594,2814.9736328125,2814.9736328125,1108200,0.0,0.0
2026-03-04 00:00:00+09:00,2829.851956376257,2870.519299597928,2811.5020576055035,2860.1044921875,723000,0.0,0.0
2026-03-05 00:00:00+09:00,2876.470601663961,2912.178512581169,2863.5760782771913,2864.072021484375,475900,0.0,0.0
2026-03-06 00:00:00+09:00,2864.5680839727193,2908.70703125,2838.7790361253196,2908.70703125,401200,0.0,0.0
2026-03-09 00:00:00+09:00,2895.316453893216,2942.927001953125,2861.0963724751564,2942.927001953125,656800,0.0,0.0
2026-03-10 00:00:00+09:00,2955.821521451718,2962.76472636788,2920.113610454315,2936.479736328125,318300,0.0,0.0
2026-03-11 00:00:00+09:00,2936.9756557158407,2946.3985765970633,2891.3488809225514,2897.796142578125,297700,0.0,0.0
2026-03-12 00:00:00+09:00,2872.9991764192346,2876.470779083646,2832.827774159618,2843.738525390625,406300,0.0,0.0
2026-03-13 00:00:00+09:00,2825.8844645639483,2852.1694551960804,2821.9169188081546,2824.892578125,398900,0.0,0.0
2026-03-16 00:00:00+09:00,2836.795162122722,2854.6491176885293,2822.4128090280437,2830.347900390625,347800,0.0,0.0
2026-03-17 00:00:00+09:00,2811.997997738162,2840.266760678387,2807.038565643386,2823.900634765625,287400,0.0,0.0
2026-03-18 00:00:00+09:00,2826.8762447876106,2868.039530457325,2826.8762447876106,2865.559814453125,370300,0.0,0.0
2026-03-19 00:00:00+09:00,2827.8682890040313,2861.592428543189,2783.2333984375,2783.2333984375,475700,0.0,0.0
2026-03-23 00:00:00+09:00,2777.2821019659887,2783.7293639884097,2736.614756901487,2755.95654296875,492900,0.0,0.0
2026-03-24 00:00:00+09:00,2780.2575682731976,2811.0060465523516,2780.2575682731976,2810.01416015625,280300,0.0,0.0
2026-03-25 00:00:00+09:00,2826.876232955296,2841.7545289182185,2816.46142578125,2816.46142578125,274700,0.0,0.0
2026-03-26 00:00:00+09:00,2822.412893304592,2849.1938274529753,2820.4291204047117,2846.714111328125,286300,0.0,0.0
2026-03-27 00:00:00+09:00,2867.5436997509946,2901.267838731117,2864.5680404292193,2897.30029296875,482000,0.0,0.0
2026-03-30 00:00:00+09:00,2876.4707393549747,2940.943359375,2855.6411236561976,2940.943359375,531600,0.0,0.0
2026-03-31 00:00:00+09:00,2961.2770759458203,2989.54584052946,2948.8784949880837,2952.35009765625,471500,0.0,0.0
2026-04-01 00:00:00+09:00,2961.2768591445933,2997.480712890625,2927.5527214085637,2997.480712890625,406600,0.0,0.0
2026-04-02 00:00:00+09:00,2976.651300831745,3016.3267596898822,2974.6675278888383,2992.521484375,372200,0.0,0.0
2026-04-03 00:00:00+09:00,2988.5537349355955,3040.131827938135,2986.569962127806,3027.2373046875,270200,0.0,0.0
2026-04-06 00:00:00+09:00,3050.0507158509586,3081.7910810240414,3050.0507158509586,3065.9208984375,385400,0.0,0.0
2026-04-07 00:00:00+09:00,3063.9371670737273,3080.799236300096,3021.2860507952646,3041.123779296875,367800,0.0,0.0
2026-04-08 00:00:00+09:00,3064.9291349294435,3081.7912046038127,3051.042724609375,3051.042724609375,424300,0.0,0.0
2026-04-09 00:00:00+09:00,3060.9614669366115,3090.7180592917957,3036.164306640625,3036.164306640625,431800,0.0,0.0
2026-04-10 00:00:00+09:00,3055.010315163646,3056.9940880955705,2996.489013671875,2996.489013671875,399300,0.0,0.0
2026-04-13 00:00:00+09:00,2995.496948041083,3040.1318363397086,2992.521288821175,3010.375244140625,384500,0.0,0.0
2026-04-14 00:00:00+09:00,3009.3833460030773,3039.1399380861667,2960.7809122673652,2961.27685546875,456400,0.0,0.0
2026-04-15 00:00:00+09:00,2961.772850116931,3015.334716796875,2961.2769069069313,3015.334716796875,494200,0.0,0.0
2026-04-16 00:00:00+09:00,2999.4644936676277,3028.229199460075,2991.5294024145387,3010.375244140625,643600,0.0,0.0
2026-04-17 00:00:00+09:00,2995.4971485013275,3043.1076992059843,2995.4971485013275,3035.172607421875,522900,0.0,0.0
2026-04-20 00:00:00+09:00,3032.196825457317,3057.9858727134147,3031.2049390243906,3050.05078125,473600,0.0,0.0
2026-04-21 00:00:00+09:00,3035.1725858444015,3052.0346557657595,2996.489013671875,2996.489013671875,465400,0.0,0.0
2026-04-22 00:00:00+09:00,2984.586271424519,2992.5213628739693,2970.699861387981,2977.64306640625,445500,0.0,0.0
2026-04-23 00:00:00+09:00,2965.740406089162,2983.594361711104,2938.95947265625,2938.95947265625,823900,0.0,0.0
2026-04-24 00:00:00+09:00,2948.8782633847673,2986.5699465360017,2941.4391153943916,2941.93505859375,823200,0.0,0.0
2026-04-27 00:00:00+09:00,2960.78093306288,2982.602434077079,2928.048681541582,2934.0,2474700,0.0,0.0
2026-04-28 00:00:00+09:00,2955.5,2996.5,2914.5,2937.0,1219100,24.0,0.0
2026-04-30 00:00:00+09:00,2937.0,2944.0,2820.0,2888.5,691300,0.0,0.0
2026-05-01 00:00:00+09:00,2875.0,2890.0,2856.0,2878.5,424500,0.0,0.0
2026-05-07 00:00:00+09:00,2862.0,2913.0,2859.0,2894.0,480900,0.0,0.0
2026-05-08 00:00:00+09:00,2895.0,2895.0,2831.0,2835.5,492200,0.0,0.0
2026-05-11 00:00:00+09:00,2815.0,2871.0,2812.0,2844.0,472600,0.0,0.0
2026-05-12 00:00:00+09:00,2844.0,2869.5,2825.5,2850.5,351400,0.0,0.0
2026-05-13 00:00:00+09:00,2899.5,2966.0,2896.5,2924.5,451400,0.0,0.0
2026-05-14 00:00:00+09:00,2920.0,2966.0,2903.5,2963.5,353300,0.0,0.0
2026-05-15 00:00:00+09:00,2933.0,2982.0,2912.0,2928.0,417200,0.0,0.0
2026-05-18 00:00:00+09:00,2970.0,2970.0,2891.5,2892.5,321200,0.0,0.0
2026-05-19 00:00:00+09:00,2926.0,2975.0,2903.5,2975.0,389400,0.0,0.0
2026-05-20 00:00:00+09:00,2975.0,2989.0,2912.5,2945.5,286600,0.0,0.0
2026-05-21 00:00:00+09:00,2955.0,2955.0,2924.5,2937.5,345200,0.0,0.0
2026-05-22 00:00:00+09:00,2926.0,2928.5,2890.0,2906.5,319400,0.0,0.0
2026-05-25 00:00:00+09:00,2919.5,2928.0,2863.5,2909.5,422800,0.0,0.0
2026-05-26 00:00:00+09:00,2882.5,2889.5,2847.0,2851.0,353100,0.0,0.0
2026-05-27 00:00:00+09:00,2840.5,2876.0,2832.5,2860.5,351200,0.0,0.0
2026-05-28 00:00:00+09:00,2875.0,2902.5,2853.0,2861.5,389300,0.0,0.0
2026-05-29 00:00:00+09:00,2931.5,3039.0,2921.0,3008.0,1177000,0.0,0.0
2026-06-01 00:00:00+09:00,2999.0,3019.0,2961.5,3010.0,868100,0.0,0.0
2026-06-02 00:00:00+09:00,2757.0,2781.5,2630.0,2679.5,2463500,0.0,0.0
2026-06-03 00:00:00+09:00,2680.0,2705.0,2659.0,2684.5,832700,0.0,0.0
2026-06-04 00:00:00+09:00,2684.0,2754.0,2674.5,2710.0,661600,0.0,0.0
2026-06-05 00:00:00+09:00,2685.0,2725.0,2675.5,2689.5,493500,0.0,0.0
2026-06-08 00:00:00+09:00,2730.0,2797.0,2719.0,2752.0,645300,0.0,0.0
2026-06-09 00:00:00+09:00,2755.0,2759.0,2698.0,2710.5,551800,0.0,0.0
2026-06-10 00:00:00+09:00,2738.0,2806.0,2720.5,2806.0,491300,0.0,0.0
2026-06-11 00:00:00+09:00,2835.0,2849.5,2795.0,2813.5,399000,0.0,0.0
2026-06-12 00:00:00+09:00,2810.0,2843.5,2796.0,2836.5,480700,0.0,0.0
2026-06-15 00:00:00+09:00,2837.0,2854.5,2821.0,2825.5,308700,0.0,0.0
2026-06-16 00:00:00+09:00,2818.0,2830.0,2789.0,2822.0,307300,0.0,0.0
2026-06-17 00:00:00+09:00,2820.5,2848.0,2795.0,2797.0,283200,0.0,0.0
2026-06-18 00:00:00+09:00,2760.5,2789.5,2724.5,2752.5,404100,0.0,0.0
2026-06-19 00:00:00+09:00,2721.0,2765.5,2684.5,2762.5,791200,0.0,0.0
2026-06-22 00:00:00+09:00,2762.5,2806.5,2745.0,2794.0,397100,0.0,0.0
2026-06-23 00:00:00+09:00,2777.0,2835.0,2758.0,2825.5,313500,0.0,0.0
2026-06-24 00:00:00+09:00,2849.0,2860.0,2814.0,2846.0,425400,0.0,0.0
2026-06-25 00:00:00+09:00,2881.0,2888.0,2836.5,2836.5,469100,0.0,0.0
2026-06-26 00:00:00+09:00,2854.0,2898.0,2822.0,2898.0,542400,0.0,0.0
2026-06-29 00:00:00+09:00,2926.0,2994.0,2917.0,2947.5,480700,0.0,0.0
2026-06-30 00:00:00+09:00,2949.5,2965.0,2924.5,2941.5,397900,0.0,0.0
2026-07-01 00:00:00+09:00,2910.5,2916.0,2838.0,2847.0,386600,0.0,0.0
2026-07-02 00:00:00+09:00,2872.5,2932.5,2862.0,2928.0,332400,0.0,0.0
2026-07-03 00:00:00+09:00,2954.0,2993.0,2934.5,2952.0,329200,0.0,0.0
2026-07-06 00:00:00+09:00,2960.0,3013.0,2960.0,3009.0,399300,0.0,0.0
2026-07-07 00:00:00+09:00,3000.0,3065.0,2992.5,3037.0,438900,0.0,0.0
2026-07-08 00:00:00+09:00,3056.0,3096.0,3029.0,3029.0,258600,0.0,0.0
2026-07-09 00:00:00+09:00,3027.0,3028.0,2987.0,2987.0,229300,0.0,0.0
2026-07-10 00:00:00+09:00,2970.0,2971.0,2930.0,2942.0,284900,0.0,0.0
2026-07-13 00:00:00+09:00,2969.0,2987.0,2954.5,2963.0,224400,0.0,0.0
2026-07-14 00:00:00+09:00,2990.0,3040.0,2963.0,3012.0,352500,0.0,0.0
2026-07-15 00:00:00+09:00,3013.0,3026.0,2988.5,3004.0,253800,0.0,0.0
2026-07-16 00:00:00+09:00,2984.5,3041.0,2980.0,3018.0,351100,0.0,0.0
2026-07-17 00:00:00+09:00,3070.0,3122.0,3067.0,3097.0,609600,0.0,0.0
2026-07-21 00:00:00+09:00,3112.0,3153.0,3038.0,3054.0,532100,0.0,0.0
2026-07-22 00:00:00+09:00,3001.0,3030.0,2969.5,3008.0,488900,0.0,0.0
2026-07-23 00:00:00+09:00,2960.0,2990.5,2945.0,2964.0,282300,0.0,0.0
2026-07-24 00:00:00+09:00,2940.0,3014.0,2929.0,2999.0,259400,0.0,0.0
2026-07-27 00:00:00+09:00,3000.0,3083.0,2995.0,3072.0,257700,0.0,0.0
2026-07-28 00:00:00+09:00,3100.0,3115.0,3081.0,3097.0,366300,0.0,0.0
2026-07-29 00:00:00+09:00,3150.0,3252.0,3114.0,3236.0,795400,0.0,0.0
2026-07-30 00:00:00+09:00,3255.0,3270.0,3140.0,3143.0,448200,0.0,0.0
2026-07-31 00:00:00+09:00,3060.0,3100.0,2984.0,2984.0,463800,0.0,0.0
