Date,Open,High,Low,Close,Volume,Dividends,Stock Splits
2001-01-01 00:00:00+09:00,1585.166748046875,1585.166748046875,1585.166748046875,1585.166748046875,0,0.0,0.0
2001-01-02 00:00:00+09:00,1585.166748046875,1585.166748046875,1585.166748046875,1585.166748046875,0,0.0,0.0
2001-01-03 00:00:00+09:00,1585.166748046875,1585.166748046875,1585.166748046875,1585.166748046875,0,0.0,0.0
2001-01-04 00:00:00+09:00,1610.4893005371096,1620.6181640625,1602.8926528930665,1620.6181640625,12800,0.0,0.0
2001-01-05 00:00:00+09:00,1607.95661152618,1628.2143326162736,1590.231105572348,1623.14990234375,20400,0.0,0.0
2001-01-08 00:00:00+09:00,1623.1499023437502,1623.1499023437502,1623.1499023437502,1623.14990234375,0,0.0,0.0
2001-01-09 00:00:00+09:00,1569.9735426307716,1575.0379734134515,1521.8614501953125,1521.8614501953125,21600,0.0,0.0
2001-01-10 00:00:00+09:00,1524.3939790661705,1554.780570011011,1509.20068359375,1509.20068359375,13800,0.0,0.0
2001-01-11 00:00:00+09:00,1483.8781625600961,1511.732530799279,1471.2170860877404,1481.345947265625,28800,0.0,0.0
2001-01-12 00:00:00+09:00,1430.701929124735,1544.6516402939617,1430.701929124735,1494.00732421875,18200,0.0,0.0
2001-01-15 00:00:00+09:00,1496.5395328297334,1582.634869743796,1496.5395328297334,1549.716064453125,7600,0.0,0.0
2001-01-16 00:00:00+09:00,1552.248176430756,1615.5535669866597,1552.248176430756,1610.4891357421875,12800,0.0,0.0
2001-01-17 00:00:00+09:00,1585.16673671875,1623.1499652343748,1577.570091015625,1582.634521484375,12200,0.0,0.0
2001-01-18 00:00:00+09:00,1582.635118313733,1681.39154969651,1582.635118313733,1668.73046875,14200,0.0,0.0
2001-01-19 00:00:00+09:00,1643.4081447921635,1681.3913838859733,1643.4081447921635,1658.6014404296875,41800,0.0,0.0
2001-01-22 00:00:00+09:00,1633.278762888797,1656.0686991151522,1615.553256934965,1623.14990234375,11400,0.0,0.0
2001-01-23 00:00:00+09:00,1623.1503648963342,1656.0691710486778,1623.1503648963342,1645.9403076171875,8800,0.0,0.0
2001-01-24 00:00:00+09:00,1671.26238621703,1678.8590334271073,1648.4724445867978,1656.069091796875,38000,0.0,0.0
2001-01-25 00:00:00+09:00,1630.7467160108615,1681.3910239615093,1630.7467160108615,1661.13330078125,9600,0.0,0.0
2001-01-26 00:00:00+09:00,1663.6661682128909,1699.1171976725261,1661.1339518229167,1671.2628173828125,30000,0.0,0.0
2001-01-29 00:00:00+09:00,1681.3913584879913,1742.1645401200874,1681.3913584879913,1739.63232421875,17000,0.0,0.0
2001-01-30 00:00:00+09:00,1724.4387966696286,1770.0186767578127,1724.4387966696286,1770.0186767578125,29400,0.0,0.0
2001-01-31 00:00:00+09:00,1770.0189947284991,1823.1955310508147,1770.0189947284991,1787.7445068359375,49400,0.0,0.0
2001-02-01 00:00:00+09:00,1772.55126953125,1782.6801339285714,1752.2935407366072,1772.55126953125,18400,0.0,0.0
2001-02-02 00:00:00+09:00,1747.2286488247332,1770.0185877224471,1744.6964333916537,1749.7608642578125,22200,0.0,0.0
2001-02-05 00:00:00+09:00,1699.116286888294,1706.7129319861554,1683.9229966925716,1688.9874267578125,19800,0.0,0.0
2001-02-06 00:00:00+09:00,1666.1980514411293,1714.310153230463,1666.1980514411293,1678.859130859375,27000,0.0,0.0
2001-02-07 00:00:00+09:00,1671.2618923611112,1721.9061921296297,1671.2618923611112,1709.2451171875,14400,0.0,0.0
2001-02-08 00:00:00+09:00,1686.4560220604117,1699.1171033071114,1640.8761295722925,1648.4727783203125,25400,0.0,0.0
2001-02-09 00:00:00+09:00,1623.14954158238,1709.2448370797292,1623.14954158238,1701.648193359375,17400,0.0,0.0
2001-02-12 00:00:00+09:00,1701.6481933593748,1701.6481933593748,1701.6481933593748,1701.648193359375,0,0.0,0.0
2001-02-13 00:00:00+09:00,1701.6487710293054,1770.0185877224471,1701.6487710293054,1749.7608642578125,17600,0.0,0.0
2001-02-14 00:00:00+09:00,1759.889875619251,1858.6462859057988,1754.8254443225048,1840.9207763671875,52800,0.0,0.0
2001-02-15 00:00:00+09:00,1835.856375134426,1924.4839242788464,1835.856375134426,1876.371826171875,66200,0.0,0.0
2001-02-16 00:00:00+09:00,1878.9037484975963,1881.4359637920675,1808.0017202524039,1810.533935546875,17000,0.0,0.0
2001-02-19 00:00:00+09:00,1797.8734305245537,1810.5345110212054,1747.2291085379466,1772.55126953125,19600,0.0,0.0
2001-02-20 00:00:00+09:00,1770.0190534319197,1772.55126953125,1752.2935407366072,1772.55126953125,15800,0.0,0.0
2001-02-21 00:00:00+09:00,1759.8894105340441,1762.4216255132299,1729.502830783816,1734.5672607421875,28000,0.0,0.0
2001-02-22 00:00:00+09:00,1805.4700788225446,1805.4700788225446,1747.2291085379466,1772.55126953125,49000,0.0,0.0
2001-02-23 00:00:00+09:00,1772.55126953125,1808.002294921875,1747.2291085379466,1772.55126953125,33400,0.0,0.0
2001-02-26 00:00:00+09:00,1775.0830189414175,1795.3407424100785,1775.0830189414175,1777.615234375,15200,0.0,0.0
2001-02-27 00:00:00+09:00,1772.550950931314,1772.550950931314,1726.9710693359375,1726.9710693359375,21400,0.0,0.0
2001-02-28 00:00:00+09:00,1721.9065387606797,1721.9065387606797,1704.1810302734375,1704.1810302734375,26000,0.0,0.0
2001-03-01 00:00:00+09:00,1683.923765885812,1704.1814954002277,1658.6016039927922,1668.73046875,24000,0.0,0.0
2001-03-02 00:00:00+09:00,1668.729957604187,1673.7943884315137,1597.8279260216113,1635.8111572265625,29200,0.0,0.0
2001-03-05 00:00:00+09:00,1610.4891137926359,1620.617976143533,1524.3937838100107,1605.4246826171875,28000,0.0,0.0
2001-03-06 00:00:00+09:00,1595.2962336928078,1620.6183961323763,1582.6351524730237,1587.6995849609375,31000,0.0,0.0
2001-03-07 00:00:00+09:00,1613.0213293803602,1635.8112696698786,1569.9736643890476,1605.4246826171875,59000,0.0,0.0
2001-03-08 00:00:00+09:00,1607.9568551716052,1661.133381090666,1516.7970964532149,1539.5870361328125,78800,0.0,0.0
2001-03-09 00:00:00+09:00,1506.6677718886947,1547.183207771416,1506.6677718886947,1516.796630859375,60200,0.0,0.0
2001-03-12 00:00:00+09:00,1471.2169084634252,1481.345768418423,1382.589383857195,1415.5081787109375,84600,0.0,0.0
2001-03-13 00:00:00+09:00,1364.864390507451,1392.7187658239295,1342.0744470666957,1367.3966064453125,61200,0.0,0.0
2001-03-14 00:00:00+09:00,1367.3966064453125,1367.3966064453125,1367.3966064453125,1367.3966064453125,0,0.0,0.0
2001-03-15 00:00:00+09:00,1316.751918247768,1418.04052734375,1316.751918247768,1418.04052734375,40400,0.0,0.0
2001-03-16 00:00:00+09:00,1367.3960887602645,1405.3793134480497,1329.4128640724796,1387.65380859375,45800,0.0,0.0
2001-03-19 00:00:00+09:00,1362.3317923409597,1468.684831891741,1362.3317923409597,1418.04052734375,23600,0.0,0.0
2001-03-20 00:00:00+09:00,1418.04052734375,1418.04052734375,1418.04052734375,1418.04052734375,0,0.0,0.0
2001-03-21 00:00:00+09:00,1380.0571688684454,1430.7014686434343,1367.396093924698,1415.5081787109375,44000,0.0,0.0
2001-03-22 00:00:00+09:00,1450.959325299944,1511.7324907575335,1415.5083121163505,1418.04052734375,43200,0.0,0.0
2001-03-23 00:00:00+09:00,1433.2338369864005,1506.668079517506,1433.2338369864005,1504.1358642578125,33800,0.0,0.0
2001-03-26 00:00:00+09:00,1569.973665730337,1590.231390449438,1552.2481566011236,1577.5703125,53800,0.0,0.0
2001-03-27 00:00:00+09:00,1605.6500750959208,1615.8608863842892,1577.5703440529078,1580.123046875,18200,25.0,0.0
2001-03-28 00:00:00+09:00,1608.2035245754907,1620.9670446118043,1557.149444430237,1559.7021484375,22400,0.0,0.0
2001-03-29 00:00:00+09:00,1531.6217982353855,1557.1488282059754,1518.8582832500906,1539.2799072265625,26000,0.0,0.0
2001-03-30 00:00:00+09:00,1539.2796312503247,1564.806656644194,1518.858010935229,1536.7269287109375,33000,0.0,0.0
2001-04-02 00:00:00+09:00,1539.2796899414063,1539.2796899414063,1480.567529296875,1531.62158203125,26200,0.0,0.0
2001-04-03 00:00:00+09:00,1531.6216090216708,1539.2797170667793,1480.5675553876151,1523.9635009765625,20200,0.0,0.0
2001-04-04 00:00:00+09:00,1526.5165317483145,1526.5165317483145,1480.5678736020443,1490.7786865234375,16800,0.0,0.0
2001-04-05 00:00:00+09:00,1483.12034349763,1608.202782105864,1480.5676406688906,1590.3338623046875,61600,0.0,0.0
2001-04-06 00:00:00+09:00,1664.3627603154162,1679.67898203611,1631.1776132539123,1641.388427734375,75800,0.0,0.0
2001-04-09 00:00:00+09:00,1638.834784435835,1638.834784435835,1557.1483154296873,1557.1483154296875,30600,0.0,0.0
2001-04-10 00:00:00+09:00,1613.3077628714138,1620.96586934074,1557.1483154296873,1557.1483154296875,24600,0.0,0.0
2001-04-11 00:00:00+09:00,1582.676484502864,1585.2291885101267,1557.149444430237,1559.7021484375,26600,0.0,0.0
2001-04-12 00:00:00+09:00,1608.2030627985669,1659.2571282842355,1585.2287333300158,1603.09765625,41600,0.0,0.0
2001-04-13 00:00:00+09:00,1590.333905298005,1659.2568835372444,1590.333905298005,1623.51904296875,66000,0.0,0.0
2001-04-16 00:00:00+09:00,1649.0458984375,1666.9148168416216,1636.282385291699,1649.0458984375,37600,0.0,0.0
2001-04-17 00:00:00+09:00,1666.9150704200117,1669.4677734375002,1651.5988523150804,1669.4677734375,47200,0.0,0.0
2001-04-18 00:00:00+09:00,1669.4677322658563,1733.2853061292299,1669.4677322658563,1725.627197265625,69800,0.0,0.0
2001-04-19 00:00:00+09:00,1748.60107421875,1781.7862040944344,1710.3105397468066,1748.60107421875,63000,0.0,0.0
2001-04-20 00:00:00+09:00,1723.0745755709136,1748.6016063201123,1677.125920222356,1692.442138671875,32600,0.0,0.0
2001-04-23 00:00:00+09:00,1674.5731619020928,1723.0745187254765,1674.5731619020928,1707.75830078125,30400,0.0,0.0
2001-04-24 00:00:00+09:00,1723.0744313769242,1723.0744313769242,1674.5730770122404,1720.521728515625,26600,0.0,0.0
2001-04-25 00:00:00+09:00,1715.4163187966417,1725.6271302180503,1705.205507375233,1710.3109130859375,51400,0.0,0.0
2001-04-26 00:00:00+09:00,1715.4163187966417,1725.6271302180503,1705.205507375233,1710.3109130859375,51400,0.0,0.0
2001-04-27 00:00:00+09:00,1717.969025654326,1728.1798370995225,1697.5474027639327,1720.521728515625,45000,0.0,0.0
2001-04-30 00:00:00+09:00,1720.521728515625,1720.521728515625,1720.521728515625,1720.521728515625,0,0.0,0.0
2001-05-01 00:00:00+09:00,1702.652911580699,1758.8123779296875,1702.652911580699,1758.8123779296875,55000,0.0,0.0
2001-05-02 00:00:00+09:00,1751.1543281477439,1766.470546761281,1735.8381095342068,1753.70703125,33800,0.0,0.0
2001-05-03 00:00:00+09:00,1753.70703125,1753.70703125,1753.70703125,1753.70703125,0,0.0,0.0
2001-05-04 00:00:00+09:00,1753.70703125,1753.70703125,1753.70703125,1753.70703125,0,0.0,0.0
2001-05-07 00:00:00+09:00,1761.3651186005775,1781.7867431640625,1751.154306318835,1781.7867431640625,280,0.0,0.0
2001-05-08 00:00:00+09:00,1781.7867524482836,1837.946220290493,1769.0232370295996,1812.419189453125,660,0.0,0.0
2001-05-09 00:00:00+09:00,1799.6558506556921,1820.0774773297992,1763.9180039760047,1786.892333984375,600,0.0,0.0
2001-05-10 00:00:00+09:00,1766.4703052923753,1774.1284135523133,1763.9176025390627,1763.9176025390625,140,0.0,0.0
2001-05-11 00:00:00+09:00,1761.3647945628445,1761.3647945628445,1728.1796607522401,1735.8377685546875,120,0.0,0.0
2001-05-14 00:00:00+09:00,1684.7841225014079,1710.31115466052,1682.2314192854965,1700.100341796875,120,0.0,0.0
2001-05-15 00:00:00+09:00,1659.2568212523497,1723.074391300517,1659.2568212523497,1697.54736328125,49000,0.0,0.0
2001-05-16 00:00:00+09:00,1697.54736328125,1723.074391300517,1697.54736328125,1697.54736328125,9600,0.0,0.0
2001-05-17 00:00:00+09:00,1733.2852428221208,1733.2852428221208,1697.5474027639327,1720.521728515625,13000,0.0,0.0
2001-05-18 00:00:00+09:00,1735.8381095342068,1756.2597343522561,1717.9691878184135,1753.70703125,18200,0.0,0.0
2001-05-21 00:00:00+09:00,1738.3908435910248,1797.1030159883721,1735.838140443314,1756.259765625,45400,0.0,0.0
2001-05-22 00:00:00+09:00,1791.9973011735094,1837.9459499215482,1763.9175713830414,1830.287841796875,85200,0.0,0.0
2001-05-23 00:00:00+09:00,1866.0256029939,1888.9999264233734,1853.2620899775259,1863.472900390625,166600,0.0,0.0
2001-05-24 00:00:00+09:00,1840.4988915533543,1840.4988915533543,1791.997533800908,1809.866455078125,38600,0.0,0.0
2001-05-25 00:00:00+09:00,1814.9722015380858,1860.920864868164,1814.9722015380858,1837.946533203125,31800,0.0,0.0
2001-05-28 00:00:00+09:00,1812.4190785415944,1866.0258400195853,1812.4190785415944,1843.051513671875,29800,0.0,0.0
2001-05-29 00:00:00+09:00,1837.9457632211538,1850.7092754657451,1825.1822509765625,1825.1822509765625,26400,0.0,0.0
2001-05-30 00:00:00+09:00,1817.524169921875,1820.0768724077204,1791.9971450634218,1817.524169921875,36800,0.0,0.0
2001-05-31 00:00:00+09:00,1781.7869273158485,1789.4450373186387,1763.9180039760047,1786.892333984375,33600,0.0,0.0
2001-06-01 00:00:00+09:00,1789.4449798324626,1814.9720123550371,1779.234166823433,1802.20849609375,15000,0.0,0.0
2001-06-04 00:00:00+09:00,1799.65594404283,1799.65594404283,1771.5762059088283,1794.550537109375,15600,0.0,0.0
2001-06-05 00:00:00+09:00,1789.4445384472092,1799.6553489376356,1766.47021484375,1766.47021484375,14400,0.0,0.0
2001-06-06 00:00:00+09:00,1761.3649085048953,1784.3392333984375,1761.3649085048953,1784.3392333984375,19000,0.0,0.0
2001-06-07 00:00:00+09:00,1797.1027199074076,1799.6554226345488,1774.1283953631366,1791.997314453125,16600,0.0,0.0
2001-06-08 00:00:00+09:00,1791.9970562735582,1840.498401101475,1791.9970562735582,1820.0767822265625,38200,0.0,0.0
2001-06-11 00:00:00+09:00,1799.6556396484375,1825.1826699980606,1776.6813123337765,1799.6556396484375,16000,0.0,0.0
2001-06-12 00:00:00+09:00,1802.2081114838088,1812.4189223137455,1720.5216248443162,1761.3648681640625,30400,0.0,0.0
2001-06-13 00:00:00+09:00,1784.339366285107,1830.2880194941656,1751.1542278563425,1814.9718017578125,26600,0.0,0.0
2001-06-14 00:00:00+09:00,1812.4190951810026,1822.6299069848392,1774.1285509166153,1804.760986328125,18400,0.0,0.0
2001-06-15 00:00:00+09:00,1807.3137386701837,1807.3137386701837,1769.0231933593748,1769.023193359375,12600,0.0,0.0
2001-06-18 00:00:00+09:00,1776.6813123337765,1799.6556396484375,1776.6813123337765,1799.6556396484375,7400,0.0,0.0
2001-06-19 00:00:00+09:00,1802.2080515602422,1807.3134568054552,1766.47021484375,1766.47021484375,23400,0.0,0.0
2001-06-20 00:00:00+09:00,1771.5756613041635,1797.1026881241082,1771.5756613041635,1789.444580078125,42800,0.0,0.0
2001-06-21 00:00:00+09:00,1789.4449798324626,1804.7611993460073,1784.3395733279478,1802.20849609375,17800,0.0,0.0
2001-06-22 00:00:00+09:00,1809.866021610817,1858.3673677470729,1804.7606167543688,1853.261962890625,39000,0.0,0.0
2001-06-25 00:00:00+09:00,1835.392996382747,1843.051103460839,1791.9970562735582,1820.0767822265625,27200,0.0,0.0
2001-06-26 00:00:00+09:00,1794.5502368405105,1820.0772672365347,1794.5502368405105,1809.866455078125,10400,0.0,0.0
2001-06-27 00:00:00+09:00,1794.550044462234,1794.550044462234,1776.68112510059,1784.3392333984375,23000,0.0,0.0
2001-06-28 00:00:00+09:00,1820.077545593433,1889.0005382035629,1799.6559181533944,1822.6302490234375,47000,0.0,0.0
2001-06-29 00:00:00+09:00,1848.1566847709762,1868.578305597175,1807.313443118579,1863.472900390625,50200,0.0,0.0
2001-07-02 00:00:00+09:00,1855.814489535021,1855.814489535021,1756.259104264229,1771.5753173828125,13000,0.0,0.0
2001-07-03 00:00:00+09:00,1756.259765625,1771.5759845112646,1738.3908435910248,1756.259765625,13000,0.0,0.0
2001-07-04 00:00:00+09:00,1761.3653111998867,1761.3653111998867,1682.23150736337,1687.3369140625,15200,0.0,0.0
2001-07-05 00:00:00+09:00,1710.3109494795708,1710.3109494795708,1643.9406738281248,1643.940673828125,12200,0.0,0.0
2001-07-06 00:00:00+09:00,1633.7295477642276,1643.9403574377538,1569.9119873046873,1569.9119873046875,23400,0.0,0.0
2001-07-09 00:00:00+09:00,1562.2541311885534,1592.8865651334272,1536.7271029011588,1590.3338623046875,21400,0.0,0.0
2001-07-10 00:00:00+09:00,1615.860615983177,1659.256556696785,1595.438996823832,1597.99169921875,11800,0.0,0.0
2001-07-11 00:00:00+09:00,1597.9918057817588,1597.9918057817588,1567.3593749999998,1567.359375,11400,0.0,0.0
2001-07-12 00:00:00+09:00,1575.0176879115074,1631.1771516619988,1575.0176879115074,1623.51904296875,7600,0.0,0.0
2001-07-13 00:00:00+09:00,1636.2825415826612,1636.2825415826612,1557.1487525201612,1582.67578125,20400,0.0,0.0
2001-07-16 00:00:00+09:00,1557.148586317185,1597.9918279255046,1544.385073314585,1549.490478515625,26400,0.0,0.0
2001-07-17 00:00:00+09:00,1447.3824778812034,1485.6730196240924,1447.3824778812034,1449.9351806640625,54000,0.0,0.0
2001-07-18 00:00:00+09:00,1460.146162109375,1472.909677512429,1396.328585094105,1403.9866943359375,100600,0.0,0.0
2001-07-19 00:00:00+09:00,1406.539104788644,1455.0404532296316,1406.539104788644,1429.513427734375,26000,0.0,0.0
2001-07-20 00:00:00+09:00,1429.513427734375,1429.513427734375,1429.513427734375,1429.513427734375,0,0.0,0.0
2001-07-23 00:00:00+09:00,1480.5673604142776,1480.5673604142776,1383.564671283687,1391.2227783203125,17600,0.0,0.0
2001-07-24 00:00:00+09:00,1391.2228843634077,1429.5134224651529,1383.5647767430587,1419.3026123046875,29400,0.0,0.0
2001-07-25 00:00:00+09:00,1444.829775098344,1478.0149112755146,1426.9608556183293,1449.9351806640625,12800,0.0,0.0
2001-07-26 00:00:00+09:00,1493.3313612149968,1503.5421739412532,1472.9097357624842,1498.436767578125,16200,0.0,0.0
2001-07-27 00:00:00+09:00,1500.9890935884105,1500.9890935884105,1406.5390996041058,1419.3026123046875,33800,0.0,0.0
2001-07-30 00:00:00+09:00,1449.935162972713,1455.040568476138,1393.7757024350374,1409.0919189453125,19000,0.0,0.0
2001-07-31 00:00:00+09:00,1414.1972338381556,1447.3823674841772,1403.9864234855336,1411.64453125,22600,0.0,0.0
2001-08-01 00:00:00+09:00,1462.6987896867474,1462.6987896867474,1439.7244631471651,1457.5933837890625,7600,0.0,0.0
2001-08-02 00:00:00+09:00,1457.593139853943,1516.3052978515625,1457.593139853943,1516.3052978515625,12600,0.0,0.0
2001-08-03 00:00:00+09:00,1541.832419748482,1541.832419748482,1498.4364741595348,1523.9635009765625,9400,0.0,0.0
2001-08-06 00:00:00+09:00,1518.8583642991923,1518.8583642991923,1470.3570047669493,1506.0948486328125,6000,0.0,0.0
2001-08-07 00:00:00+09:00,1483.1202023824055,1483.1202023824055,1429.513448079427,1470.356689453125,10600,0.0,0.0
2001-08-08 00:00:00+09:00,1467.8041638826069,1475.4622725637334,1429.5136204769735,1455.0406494140625,14000,0.0,0.0
2001-08-09 00:00:00+09:00,1429.5139750676894,1432.0666785945962,1414.19775390625,1414.19775390625,8400,0.0,0.0
2001-08-10 00:00:00+09:00,1414.1972338381556,1426.960746778933,1403.9864234855336,1411.64453125,6800,0.0,0.0
2001-08-13 00:00:00+09:00,1462.699120917475,1462.699120917475,1406.5396433255303,1414.19775390625,9400,0.0,0.0
2001-08-14 00:00:00+09:00,1411.6445412593303,1434.6188647156305,1403.9864334405636,1432.066162109375,15000,0.0,0.0
2001-08-15 00:00:00+09:00,1429.5136366835584,1429.5136366835584,1416.7501220703123,1416.7501220703125,4000,0.0,0.0
2001-08-16 00:00:00+09:00,1409.0921549479167,1414.1975613064235,1378.459716796875,1378.459716796875,24400,0.0,0.0
2001-08-17 00:00:00+09:00,1403.9866943359375,1403.9866943359375,1386.1177727716617,1403.9866943359375,5200,0.0,0.0
2001-08-20 00:00:00+09:00,1391.2231629569576,1391.2231629569576,1340.1691019310142,1352.9326171875,16000,0.0,0.0
2001-08-21 00:00:00+09:00,1347.826834141523,1391.2227738771403,1332.5106201171875,1332.5106201171875,17000,0.0,0.0
2001-08-22 00:00:00+09:00,1332.5108957673579,1347.827112960086,1317.1946785746295,1335.0635986328125,20600,0.0,0.0
2001-08-23 00:00:00+09:00,1365.6961155311735,1365.6961155311735,1281.456915881587,1301.8785400390625,27000,0.0,0.0
2001-08-24 00:00:00+09:00,1294.2203009252055,1327.4054368463646,1281.4567871093752,1281.456787109375,15000,0.0,0.0
2001-08-27 00:00:00+09:00,1332.5106024654724,1332.5106024654724,1253.3768310546875,1253.3768310546875,36000,0.0,0.0
2001-08-28 00:00:00+09:00,1304.4312066260804,1317.1947213680185,1194.6649798454123,1199.7703857421875,73200,0.0,0.0
2001-08-29 00:00:00+09:00,1192.1121594047122,1192.1121594047122,1135.9527000751539,1141.05810546875,88200,0.0,0.0
2001-08-30 00:00:00+09:00,1133.3998967950993,1138.5053017356179,1097.6620622114701,1123.1890869140625,83200,0.0,0.0
2001-08-31 00:00:00+09:00,1123.1894879245544,1148.7165217410218,1118.084081161261,1146.163818359375,36000,0.0,0.0
2001-09-03 00:00:00+09:00,1171.6906147789282,1176.7960205078125,1158.9271004567177,1176.7960205078125,55000,0.0,0.0
2001-09-04 00:00:00+09:00,1187.0072021484375,1204.8761277721774,1164.032869203629,1187.0072021484375,59000,0.0,0.0
2001-09-05 00:00:00+09:00,1199.7703140922213,1199.7703140922213,1161.479772153108,1174.2432861328125,59800,0.0,0.0
2001-09-06 00:00:00+09:00,1181.9017948273688,1207.4288314327116,1181.9017948273688,1187.0072021484375,37800,0.0,0.0
2001-09-07 00:00:00+09:00,1199.7703857421875,1207.4284945873503,1176.7960592066988,1199.7703857421875,56200,0.0,0.0
2001-09-10 00:00:00+09:00,1171.6906386051935,1189.5595590196517,1151.269015274384,1158.9271240234375,40400,0.0,0.0
2001-09-11 00:00:00+09:00,1171.6907958984375,1179.3489056755514,1166.5853893803614,1171.6907958984375,20200,0.0,0.0
2001-09-12 00:00:00+09:00,1097.6623158217044,1141.0582678425624,1074.68798828125,1074.68798828125,32000,0.0,0.0
2001-09-13 00:00:00+09:00,1087.45178443598,1138.5058588226457,1082.3463769973134,1128.2950439453125,34000,0.0,0.0
2001-09-14 00:00:00+09:00,1148.716296620969,1207.4284628927073,1130.8473764513094,1197.2176513671875,35600,0.0,0.0
2001-09-17 00:00:00+09:00,1184.4540560906319,1184.4540560906319,1105.3202721707835,1151.2689208984375,14600,0.0,0.0
2001-09-18 00:00:00+09:00,1153.8216868015315,1187.0068238113101,1153.8216868015315,1156.3743896484375,25000,0.0,0.0
2001-09-19 00:00:00+09:00,1171.6905102539063,1276.351318359375,1169.1378076171875,1276.351318359375,46600,0.0,0.0
2001-09-20 00:00:00+09:00,1217.6392547607422,1255.9297973632813,1204.8757405598958,1225.29736328125,34000,0.0,0.0
2001-09-21 00:00:00+09:00,1250.824550982603,1250.824550982603,1222.7448161646262,1238.06103515625,33000,0.0,0.0
2001-09-24 00:00:00+09:00,1238.06103515625,1238.06103515625,1238.06103515625,1238.06103515625,0,0.0,0.0
2001-09-25 00:00:00+09:00,1238.0608793218087,1276.750281800615,1160.6820743641956,1212.2679443359375,52400,25.0,0.0
2001-09-26 00:00:00+09:00,1238.0613659274193,1243.219954952117,1199.3719482421875,1199.3719482421875,41000,0.0,0.0
2001-09-27 00:00:00+09:00,1238.06103515625,1276.7504425048828,1235.481741333008,1238.06103515625,23600,0.0,0.0
2001-09-28 00:00:00+09:00,1238.06103515625,1238.06103515625,1238.06103515625,1238.06103515625,0,0.0,0.0
2001-10-01 00:00:00+09:00,1279.3294662538901,1279.3294662538901,1240.6400670728249,1243.2193603515625,24800,0.0,0.0
2001-10-02 00:00:00+09:00,1238.0609765625,1289.6468505859373,1214.847333251953,1289.6468505859375,31000,0.0,0.0
2001-10-03 00:00:00+09:00,1287.0674355528176,1289.6467290108394,1258.6952075145791,1271.5916748046875,20800,0.0,0.0
2001-10-04 00:00:00+09:00,1276.7504128848805,1325.7569943895526,1274.1711191214765,1315.4398193359375,34800,0.0,0.0
2001-10-05 00:00:00+09:00,1315.4396621169747,1328.3361293926314,1299.9639013861868,1325.7568359375,17200,0.0,0.0
2001-10-08 00:00:00+09:00,1325.7568359375,1325.7568359375,1325.7568359375,1325.7568359375,0,0.0,0.0
2001-10-09 00:00:00+09:00,1325.7571458082934,1341.23291015625,1310.2813814603367,1341.23291015625,24600,0.0,0.0
2001-10-10 00:00:00+09:00,1346.3908653481494,1359.2873295756222,1328.3358154296877,1328.3358154296875,34400,0.0,0.0
2001-10-11 00:00:00+09:00,1387.6604199765334,1395.3983033593022,1367.02606428915,1382.5018310546875,32200,0.0,0.0
2001-10-12 00:00:00+09:00,1408.2939453125002,1408.2939453125002,1367.0252582703756,1408.2939453125,27800,0.0,0.0
2001-10-15 00:00:00+09:00,1392.8183035714285,1392.8183035714285,1354.12890625,1354.12890625,27200,0.0,0.0
2001-10-16 00:00:00+09:00,1354.1290805367007,1356.7083740234375,1341.232613103018,1356.7083740234375,17200,0.0,0.0
2001-10-17 00:00:00+09:00,1367.0255964515852,1413.4528808593748,1356.7084221387431,1413.452880859375,43400,0.0,0.0
2001-10-18 00:00:00+09:00,1403.1359675480771,1403.1359675480771,1341.23291015625,1341.23291015625,10200,0.0,0.0
2001-10-19 00:00:00+09:00,1341.232510151836,1405.7148423706742,1341.232510151836,1369.604736328125,18600,0.0,0.0
2001-10-22 00:00:00+09:00,1369.6047363281248,1379.921909483139,1369.6047363281248,1369.604736328125,6000,0.0,0.0
2001-10-23 00:00:00+09:00,1372.18408203125,1390.2391357421875,1348.970441545759,1390.2391357421875,11600,0.0,0.0
2001-10-24 00:00:00+09:00,1379.9223116185333,1379.9223116185333,1338.6536069719978,1377.343017578125,20200,0.0,0.0
2001-10-25 00:00:00+09:00,1367.0257862232347,1392.8187255859373,1364.4464922869645,1392.8187255859375,19600,0.0,0.0
2001-10-26 00:00:00+09:00,1341.2328728828722,1385.0808706501969,1338.653578896559,1351.550048828125,34400,0.0,0.0
2001-10-29 00:00:00+09:00,1367.0253863081716,1367.0253863081716,1302.5430567653332,1312.8602294921875,11400,0.0,0.0
2001-10-30 00:00:00+09:00,1302.543405199808,1305.1226990714906,1289.646935841394,1299.964111328125,4600,0.0,0.0
2001-10-31 00:00:00+09:00,1325.7566228604933,1325.7566228604933,1292.225813332893,1297.3843994140625,15400,0.0,0.0
2001-11-01 00:00:00+09:00,1341.2327246093748,1341.2327246093748,1289.6468505859373,1289.6468505859375,9400,0.0,0.0
2001-11-02 00:00:00+09:00,1315.4398780377578,1315.4398780377578,1276.7504698601767,1281.9090576171875,9200,0.0,0.0
2001-11-05 00:00:00+09:00,1289.6470289963943,1341.23291015625,1289.6470289963943,1341.23291015625,19600,0.0,0.0
2001-11-06 00:00:00+09:00,1338.6532333198636,1351.5496999221743,1323.1774733970906,1346.39111328125,11800,0.0,0.0
2001-11-07 00:00:00+09:00,1346.391691880419,1348.9709863093087,1325.7573364493016,1338.65380859375,22800,0.0,0.0
2001-11-08 00:00:00+09:00,1328.3360944475448,1346.3911481584823,1302.543160574777,1318.0189208984375,11000,0.0,0.0
2001-11-09 00:00:00+09:00,1318.0189208984375,1318.0189208984375,1318.0189208984375,1318.0189208984375,0,0.0,0.0
2001-11-12 00:00:00+09:00,1310.2808837890625,1312.8601768673875,1299.963711475763,1310.2808837890625,7400,0.0,0.0
2001-11-13 00:00:00+09:00,1310.2812559305416,1312.8605497414285,1274.171142578125,1274.171142578125,8800,0.0,0.0
2001-11-14 00:00:00+09:00,1276.7501744916362,1302.543107309649,1276.7501744916362,1279.3294677734375,6400,0.0,0.0
2001-11-15 00:00:00+09:00,1266.4332378312652,1315.4398193359373,1261.2746503044575,1315.4398193359375,5600,0.0,0.0
2001-11-16 00:00:00+09:00,1312.8605255725336,1315.4398193359373,1287.0675879384955,1315.4398193359375,14800,0.0,0.0
2001-11-19 00:00:00+09:00,1341.2326839255552,1341.2326839255552,1315.4397476962176,1336.0740966796875,11400,0.0,0.0
2001-11-20 00:00:00+09:00,1354.12909638926,1405.7149667278984,1354.12909638926,1387.659912109375,30400,0.0,0.0
2001-11-21 00:00:00+09:00,1377.342704079368,1377.342704079368,1351.5497695460465,1361.866943359375,12800,0.0,0.0
2001-11-22 00:00:00+09:00,1336.0741694431679,1338.6534632065716,1305.1226442823222,1315.4398193359375,43600,0.0,0.0
2001-11-23 00:00:00+09:00,1315.4398193359373,1315.4398193359373,1315.4398193359373,1315.4398193359375,0,0.0,0.0
2001-11-26 00:00:00+09:00,1341.2324559411338,1341.2324559411338,1315.439524096112,1330.915283203125,20200,0.0,0.0
2001-11-27 00:00:00+09:00,1343.8118719136942,1377.342686376032,1336.0739916531545,1367.0255126953125,18000,0.0,0.0
2001-11-28 00:00:00+09:00,1369.6051447941709,1369.6051447941709,1315.4399695763223,1341.23291015625,16800,0.0,0.0
2001-11-29 00:00:00+09:00,1343.8123974515295,1351.5502807381986,1336.0745141648604,1338.65380859375,16200,0.0,0.0
2001-11-30 00:00:00+09:00,1346.391165333874,1367.0255126953125,1341.2325784935142,1367.0255126953125,9800,0.0,0.0
2001-12-03 00:00:00+09:00,1372.1840644271822,1379.9219444897415,1343.8118375311315,1359.28759765625,16800,0.0,0.0
2001-12-04 00:00:00+09:00,1361.8674584537573,1364.446752882647,1338.65380859375,1338.65380859375,22800,0.0,0.0
2001-12-05 00:00:00+09:00,1346.39126793424,1374.763497718295,1346.39126793424,1372.1842041015625,13400,0.0,0.0
2001-12-06 00:00:00+09:00,1346.391318945679,1390.2393120914194,1338.653437802313,1374.7635498046875,32600,0.0,0.0
2001-12-07 00:00:00+09:00,1369.6048061154925,1369.6048061154925,1315.439644291716,1367.0255126953125,30400,0.0,0.0
2001-12-10 00:00:00+09:00,1351.5498994140623,1351.5498994140623,1274.171088378906,1289.6468505859375,12200,0.0,0.0
2001-12-11 00:00:00+09:00,1284.4881599255345,1289.6467469131874,1266.43310546875,1266.43310546875,10600,0.0,0.0
2001-12-12 00:00:00+09:00,1289.6471525493423,1323.177978515625,1271.5920924136515,1323.177978515625,25400,0.0,0.0
2001-12-13 00:00:00+09:00,1315.439522673901,1315.439522673901,1276.750124948198,1312.8602294921875,11400,0.0,0.0
2001-12-14 00:00:00+09:00,1263.853286993308,1281.9083339503552,1258.6947021484375,1258.6947021484375,21400,0.0,0.0
2001-12-17 00:00:00+09:00,1245.7987235658136,1263.8537775305354,1240.64013671875,1240.64013671875,12800,0.0,0.0
2001-12-18 00:00:00+09:00,1250.9570234748207,1263.8534876343551,1207.1090453324043,1214.846923828125,11600,0.0,0.0
2001-12-19 00:00:00+09:00,1214.846956763584,1250.9570573892534,1204.52978515625,1204.52978515625,16600,0.0,0.0
2001-12-20 00:00:00+09:00,1209.6886655343333,1269.0124167225842,1209.6886655343333,1261.2745361328125,20200,0.0,0.0
2001-12-21 00:00:00+09:00,1287.067528219784,1299.9639964384191,1214.8473061954273,1227.7437744140625,8200,0.0,0.0
2001-12-24 00:00:00+09:00,1227.7437744140625,1227.7437744140625,1227.7437744140625,1227.7437744140625,0,0.0,0.0
2001-12-25 00:00:00+09:00,1274.171088378906,1289.6468505859373,1250.9574450683592,1289.6468505859375,14000,0.0,0.0
2001-12-26 00:00:00+09:00,1289.6464071724204,1289.6464071724204,1243.2191365142132,1256.1156005859375,6400,0.0,0.0
2001-12-27 00:00:00+09:00,1256.115828237226,1281.9087610552388,1240.6400685464182,1279.3294677734375,12800,0.0,0.0
2001-12-28 00:00:00+09:00,1263.8537080826297,1279.3294677734375,1256.115828237226,1279.3294677734375,10000,0.0,0.0
2001-12-31 00:00:00+09:00,1279.3294677734375,1279.3294677734375,1279.3294677734375,1279.3294677734375,0,0.0,0.0
2002-01-01 00:00:00+09:00,1279.3294677734375,1279.3294677734375,1279.3294677734375,1279.3294677734375,0,0.0,0.0
2002-01-02 00:00:00+09:00,1279.3294677734375,1279.3294677734375,1279.3294677734375,1279.3294677734375,0,0.0,0.0
2002-01-03 00:00:00+09:00,1279.3294677734375,1279.3294677734375,1279.3294677734375,1279.3294677734375,0,0.0,0.0
2002-01-04 00:00:00+09:00,1266.4332203865051,1323.1776823997498,1266.4332203865051,1320.598388671875,6400,0.0,0.0
2002-01-07 00:00:00+09:00,1330.9155819163602,1338.6534632065716,1315.4398193359373,1315.4398193359375,9400,0.0,0.0
2002-01-08 00:00:00+09:00,1320.5984311740892,1328.3363126067497,1266.4332611454645,1274.171142578125,5400,0.0,0.0
2002-01-09 00:00:00+09:00,1261.2745881995377,1269.0124691087374,1253.536707290338,1263.8538818359375,7600,0.0,0.0
2002-01-10 00:00:00+09:00,1263.8538818359375,1289.6468181999362,1263.8538818359375,1263.8538818359375,4600,0.0,0.0
2002-01-11 00:00:00+09:00,1276.750208903834,1281.9087956064757,1250.9572753906252,1250.957275390625,25600,0.0,0.0
2002-01-14 00:00:00+09:00,1250.9572753906252,1250.9572753906252,1250.9572753906252,1250.957275390625,0,0.0,0.0
2002-01-15 00:00:00+09:00,1220.0055425672513,1235.4812999782523,1204.52978515625,1204.52978515625,11600,0.0,0.0
2002-01-16 00:00:00+09:00,1214.8471490640554,1217.4264423741702,1165.840576171875,1165.840576171875,13400,0.0,0.0
2002-01-17 00:00:00+09:00,1160.6822475041029,1178.7373046875,1160.6822475041029,1178.7373046875,9200,0.0,0.0
2002-01-18 00:00:00+09:00,1170.9992840669254,1201.9508069938045,1160.6821097579657,1183.895751953125,18800,0.0,0.0
2002-01-21 00:00:00+09:00,1209.6884430125199,1222.5849082898387,1186.4748055133457,1220.005615234375,8800,0.0,0.0
2002-01-22 00:00:00+09:00,1245.7987060546875,1245.7987060546875,1191.633544921875,1191.633544921875,10800,0.0,0.0
2002-01-23 00:00:00+09:00,1191.6335270182292,1191.6335270182292,1160.6820068359375,1160.6820068359375,14000,0.0,0.0
2002-01-24 00:00:00+09:00,1173.5784555499474,1173.5784555499474,1147.7855224609377,1147.7855224609375,13400,0.0,0.0
2002-01-25 00:00:00+09:00,1181.316353624132,1181.316353624132,1155.523420138889,1160.6820068359375,9400,0.0,0.0
2002-01-28 00:00:00+09:00,1199.371476843002,1222.585118330286,1194.212889845828,1212.2679443359375,12600,0.0,0.0
2002-01-29 00:00:00+09:00,1199.3717417023963,1199.3717417023963,1189.0545654296875,1189.0545654296875,1400,0.0,0.0
2002-01-30 00:00:00+09:00,1173.5786652146726,1186.4751340631854,1140.047846208539,1176.157958984375,19600,0.0,0.0
2002-01-31 00:00:00+09:00,1176.157958984375,1176.157958984375,1176.157958984375,1176.157958984375,0,0.0,0.0
2002-02-01 00:00:00+09:00,1176.157819862112,1191.6335806497714,1155.5234721452327,1163.2613525390625,15400,0.0,0.0
2002-02-04 00:00:00+09:00,1160.682522520727,1160.682522520727,1137.4688720703125,1137.4688720703125,5600,0.0,0.0
2002-02-05 00:00:00+09:00,1134.8891076058017,1165.8406287223236,1134.8891076058017,1150.3648681640625,11600,0.0,0.0
2002-02-06 00:00:00+09:00,1137.4684675628064,1186.475045530365,1137.4684675628064,1183.895751953125,4600,0.0,0.0
2002-02-07 00:00:00+09:00,1160.6823260967549,1170.999502328726,1134.889385516827,1140.0479736328125,13200,0.0,0.0
2002-02-08 00:00:00+09:00,1140.0476939325747,1196.7921492866847,1137.4684005073877,1186.4749755859375,17800,0.0,0.0
2002-02-11 00:00:00+09:00,1186.4749755859375,1186.4749755859375,1186.4749755859375,1186.4749755859375,0,0.0,0.0
2002-02-12 00:00:00+09:00,1176.157884414226,1232.90234375,1176.157884414226,1232.90234375,9800,0.0,0.0
2002-02-13 00:00:00+09:00,1222.5851836535396,1263.8538818359375,1222.5851836535396,1263.8538818359375,14000,0.0,0.0
2002-02-14 00:00:00+09:00,1274.171399439504,1287.06787109375,1263.8542221161072,1287.06787109375,14800,0.0,0.0
2002-02-15 00:00:00+09:00,1263.853286993308,1263.853286993308,1245.7982400362607,1258.6947021484375,12400,0.0,0.0
2002-02-18 00:00:00+09:00,1258.695208523617,1263.8537954437957,1230.3229804626337,1235.4815673828125,7400,0.0,0.0
2002-02-19 00:00:00+09:00,1235.4814966553781,1235.4814966553781,1186.4749237191522,1201.95068359375,5400,0.0,0.0
2002-02-20 00:00:00+09:00,1201.950949637582,1201.950949637582,1178.7373046875,1178.7373046875,3800,0.0,0.0
2002-02-21 00:00:00+09:00,1186.474834735577,1196.7920072115385,1168.419782902644,1173.578369140625,14400,0.0,0.0
2002-02-22 00:00:00+09:00,1207.109831779234,1225.1648933656754,1178.7375921433973,1199.3719482421875,6800,0.0,0.0
2002-02-25 00:00:00+09:00,1238.0610197368421,1250.9574886924343,1214.8473756167764,1225.16455078125,10400,0.0,0.0
2002-02-26 00:00:00+09:00,1227.7437053274602,1235.4815858232216,1212.2679443359377,1212.2679443359375,4000,0.0,0.0
2002-02-27 00:00:00+09:00,1214.8472378345248,1222.585118330286,1186.4750093500666,1212.2679443359375,13800,0.0,0.0
2002-02-28 00:00:00+09:00,1222.585118330286,1225.1644118288732,1199.371476843002,1212.2679443359375,20000,0.0,0.0
2002-03-01 00:00:00+09:00,1212.2678920200894,1212.2678920200894,1194.212838309152,1209.6885986328125,11200,0.0,0.0
2002-03-04 00:00:00+09:00,1253.5361173035667,1287.066918795226,1250.9568248811315,1258.6947021484375,22200,0.0,0.0
2002-03-05 00:00:00+09:00,1261.2745917825137,1263.8538854262408,1225.1644807703353,1227.7437744140625,29400,0.0,0.0
2002-03-06 00:00:00+09:00,1238.0609671677216,1238.0609671677216,1220.0059113965256,1222.585205078125,31600,0.0,0.0
2002-03-07 00:00:00+09:00,1235.481741333008,1238.06103515625,1222.585272216797,1238.06103515625,33200,0.0,0.0
2002-03-08 00:00:00+09:00,1245.7984443738624,1341.2322796571602,1243.2191515283678,1328.3358154296875,51000,0.0,0.0
2002-03-11 00:00:00+09:00,1418.6116649486398,1418.6116649486398,1367.0257862232347,1392.8187255859375,51200,0.0,0.0
2002-03-12 00:00:00+09:00,1397.9770337374707,1403.1356205778302,1367.0255126953125,1367.0255126953125,20600,0.0,0.0
2002-03-13 00:00:00+09:00,1348.9704051369915,1367.0254583606225,1292.2259521484375,1292.2259521484375,17800,0.0,0.0
2002-03-14 00:00:00+09:00,1294.8055811292343,1351.550048828125,1294.8055811292343,1351.550048828125,12800,0.0,0.0
2002-03-15 00:00:00+09:00,1348.970158193644,1351.5494510391384,1323.1772297386985,1328.3358154296875,9800,0.0,0.0
2002-03-18 00:00:00+09:00,1341.232596668288,1354.1290639439446,1325.7568359375,1325.7568359375,18800,0.0,0.0
2002-03-19 00:00:00+09:00,1325.7568179724353,1367.0255126953125,1325.7568179724353,1367.0255126953125,23600,0.0,0.0
2002-03-20 00:00:00+09:00,1367.0255129287166,1367.0255129287166,1343.8118721431347,1348.970458984375,18000,0.0,0.0
2002-03-21 00:00:00+09:00,1348.970458984375,1348.970458984375,1348.970458984375,1348.970458984375,0,0.0,0.0
2002-03-22 00:00:00+09:00,1346.391341838431,1367.0256919049202,1333.494873046875,1333.494873046875,14200,0.0,0.0
2002-03-25 00:00:00+09:00,1397.9769796904934,1397.9769796904934,1333.4946466789393,1346.39111328125,24800,0.0,0.0
2002-03-26 00:00:00+09:00,1333.494873046875,1351.549929355053,1333.494873046875,1333.494873046875,6200,0.0,0.0
2002-03-27 00:00:00+09:00,1330.915353358477,1346.39111328125,1292.2259535515445,1346.39111328125,11000,0.0,0.0
2002-03-28 00:00:00+09:00,1297.3843994140623,1341.232381104001,1297.3843994140623,1297.3843994140625,6400,0.0,0.0
2002-03-29 00:00:00+09:00,1294.805298612916,1312.8603525776377,1240.64013671875,1240.64013671875,19200,0.0,0.0
2002-04-01 00:00:00+09:00,1279.3297708009834,1289.646946371959,1243.2196563025684,1245.7989501953125,4800,0.0,0.0
2002-04-02 00:00:00+09:00,1245.7987749532685,1263.8538296627364,1243.2194814233446,1261.2745361328125,7000,0.0,0.0
2002-04-03 00:00:00+09:00,1258.695412710639,1315.4398780377578,1243.2196494396064,1281.9090576171875,7000,0.0,0.0
2002-04-04 00:00:00+09:00,1284.488177902128,1289.6467649619758,1253.5366555430405,1261.2745361328125,26200,0.0,0.0
2002-04-05 00:00:00+09:00,1287.0676453741985,1287.0676453741985,1261.2747065891442,1281.9090576171875,12200,0.0,0.0
2002-04-08 00:00:00+09:00,1281.9088664317082,1294.80533390084,1261.2745184810972,1266.43310546875,16600,0.0,0.0
2002-04-09 00:00:00+09:00,1263.8538818359375,1266.4331754723373,1253.536707290338,1263.8538818359375,10000,0.0,0.0
2002-04-10 00:00:00+09:00,1250.9575379808002,1263.8540074445198,1227.743892946105,1245.7989501953125,22800,0.0,0.0
2002-04-11 00:00:00+09:00,1250.9573286670748,1250.9573286670748,1201.9507529048594,1217.426513671875,21600,0.0,0.0
2002-04-12 00:00:00+09:00,1204.5297525004976,1225.1640951557524,1201.9504596685906,1214.846923828125,13600,0.0,0.0
2002-04-15 00:00:00+09:00,1209.688736670128,1222.585205078125,1204.5301493069292,1222.585205078125,9200,0.0,0.0
2002-04-16 00:00:00+09:00,1225.1644987597244,1225.1644987597244,1207.1094429885286,1222.585205078125,7400,0.0,0.0
2002-04-17 00:00:00+09:00,1232.9023581991391,1263.8538818359375,1232.9023581991391,1263.8538818359375,21600,0.0,0.0
2002-04-18 00:00:00+09:00,1261.2744841070037,1263.8537775305354,1240.64013671875,1240.64013671875,14800,0.0,0.0
2002-04-19 00:00:00+09:00,1238.0609309623433,1238.0609309623433,1232.90234375,1232.90234375,5600,0.0,0.0
2002-04-22 00:00:00+09:00,1256.1158267452508,1261.2744133027263,1235.4814805153494,1243.2193603515625,15800,0.0,0.0
2002-04-23 00:00:00+09:00,1253.5367431640625,1253.5367431640625,1245.7988620334202,1253.5367431640625,24600,0.0,0.0
2002-04-24 00:00:00+09:00,1263.8539576480264,1263.8539576480264,1225.16455078125,1225.16455078125,16000,0.0,0.0
2002-04-25 00:00:00+09:00,1225.1643940553824,1232.9022744388901,1217.4265136718748,1217.426513671875,14600,0.0,0.0
2002-04-26 00:00:00+09:00,1217.4265136718748,1225.1643940553824,1204.5300463660287,1217.426513671875,19400,0.0,0.0
2002-04-29 00:00:00+09:00,1217.4265136718748,1217.4265136718748,1217.4265136718748,1217.426513671875,0,0.0,0.0
2002-04-30 00:00:00+09:00,1212.2679443359377,1214.8472378345248,1204.5300638401764,1212.2679443359375,4400,0.0,0.0
2002-05-01 00:00:00+09:00,1217.426478794643,1220.0057721819198,1201.9507184709823,1209.6885986328125,13800,0.0,0.0
2002-05-02 00:00:00+09:00,1201.9507361370584,1209.6886164126188,1181.3163887355638,1186.4749755859375,25400,0.0,0.0
2002-05-03 00:00:00+09:00,1186.4749755859375,1186.4749755859375,1186.4749755859375,1186.4749755859375,0,0.0,0.0
2002-05-06 00:00:00+09:00,1186.4749755859375,1186.4749755859375,1186.4749755859375,1186.4749755859375,0,0.0,0.0
2002-05-07 00:00:00+09:00,1181.3165985708424,1186.4751863375272,1170.9994230374725,1178.7373046875,8000,0.0,0.0
2002-05-08 00:00:00+09:00,1183.8956827069612,1196.7921498388453,1140.0476944585553,1150.3648681640625,47800,0.0,0.0
2002-05-09 00:00:00+09:00,1186.4749937205515,1186.4749937205515,1160.6820590744526,1163.2613525390625,31000,0.0,0.0
2002-05-10 00:00:00+09:00,1176.1580998761012,1183.8959821121282,1163.261629482723,1170.99951171875,15400,0.0,0.0
2002-05-13 00:00:00+09:00,1170.999337640556,1181.31651242153,1155.5235754690948,1168.4200439453125,29800,0.0,0.0
2002-05-14 00:00:00+09:00,1178.737255478755,1183.8958430300843,1158.1029052734375,1158.1029052734375,6000,0.0,0.0
2002-05-15 00:00:00+09:00,1160.6821990491023,1181.3165492544197,1158.1029052734375,1158.1029052734375,20200,0.0,0.0
2002-05-16 00:00:00+09:00,1160.6821097579657,1183.895751953125,1155.5235226034858,1183.895751953125,54400,0.0,0.0
2002-05-17 00:00:00+09:00,1209.6887430692086,1209.6887430692086,1155.5235754690948,1168.4200439453125,86400,0.0,0.0
2002-05-20 00:00:00+09:00,1207.1090780580837,1220.0055425672513,1191.6333206470827,1204.52978515625,56800,0.0,0.0
2002-05-21 00:00:00+09:00,1217.4262496654176,1217.4262496654176,1199.371199352583,1204.52978515625,14000,0.0,0.0
2002-05-22 00:00:00+09:00,1199.3715134165645,1204.5301005710444,1183.895751953125,1183.895751953125,23600,0.0,0.0
2002-05-23 00:00:00+09:00,1207.1093941482843,1207.1093941482843,1181.316458375885,1183.895751953125,51200,0.0,0.0
2002-05-24 00:00:00+09:00,1191.6336326848448,1196.7922198393246,1178.7371647986452,1183.895751953125,43400,0.0,0.0
2002-05-27 00:00:00+09:00,1199.371476843002,1238.0608793218087,1196.792183344415,1212.2679443359375,66000,0.0,0.0
2002-05-28 00:00:00+09:00,1238.0607244318182,1294.80517430161,1238.0607244318182,1276.7501220703125,186600,0.0,0.0
2002-05-29 00:00:00+09:00,1279.32957219503,1320.598268072289,1258.6952242564007,1284.4881591796875,159200,0.0,0.0
2002-05-30 00:00:00+09:00,1271.5916578011306,1281.9088314952573,1212.2679090599013,1240.64013671875,88600,0.0,0.0
2002-05-31 00:00:00+09:00,1240.6401019853415,1276.750208903834,1238.0608086340208,1250.957275390625,98600,0.0,0.0
2002-06-03 00:00:00+09:00,1263.8542221161072,1302.5436370788452,1263.8542221161072,1287.06787109375,60000,0.0,0.0
2002-06-04 00:00:00+09:00,1274.1710383717605,1284.4882127715318,1263.8538639719893,1269.012451171875,28400,0.0,0.0
2002-06-05 00:00:00+09:00,1284.488177902128,1284.488177902128,1253.5366555430405,1261.2745361328125,31800,0.0,0.0
2002-06-06 00:00:00+09:00,1261.2744487959087,1261.2744487959087,1240.6401019853415,1250.957275390625,28400,0.0,0.0
2002-06-07 00:00:00+09:00,1238.0609309623433,1248.3781053870293,1232.90234375,1232.90234375,10200,0.0,0.0
2002-06-10 00:00:00+09:00,1263.8537421472295,1263.8537421472295,1248.3779820393042,1250.957275390625,14800,0.0,0.0
2002-06-11 00:00:00+09:00,1248.3779296875,1248.3779296875,1235.48146347172,1248.3779296875,12400,0.0,0.0
2002-06-12 00:00:00+09:00,1235.4816553452436,1235.4816553452436,1214.8473061954273,1227.7437744140625,20400,0.0,0.0
2002-06-13 00:00:00+09:00,1220.0057544050546,1220.0057544050546,1196.7921142578125,1196.7921142578125,12800,0.0,0.0
2002-06-14 00:00:00+09:00,1163.261629482723,1183.8959821121282,1163.261629482723,1170.99951171875,57600,0.0,0.0
2002-06-17 00:00:00+09:00,1183.8955731773813,1183.8955731773813,1127.151123046875,1127.151123046875,34800,0.0,0.0
2002-06-18 00:00:00+09:00,1163.2613880404956,1163.2613880404956,1142.6270396938794,1152.9442138671875,20600,0.0,0.0
2002-06-19 00:00:00+09:00,1137.4685605805496,1147.7857357332077,1111.6756226989046,1121.9927978515625,16000,0.0,0.0
2002-06-20 00:00:00+09:00,1109.09632891074,1121.9927978515625,1098.779153758082,1121.9927978515625,15400,0.0,0.0
2002-06-21 00:00:00+09:00,1145.206173918968,1145.206173918968,1109.0960693359375,1109.0960693359375,12800,0.0,0.0
2002-06-24 00:00:00+09:00,1098.779133564717,1145.2064208984375,1098.779133564717,1145.2064208984375,14800,0.0,0.0
2002-06-25 00:00:00+09:00,1119.413504063398,1134.8892667923851,1111.6756226989046,1121.9927978515625,9200,0.0,0.0
2002-06-26 00:00:00+09:00,1150.3648334418403,1168.4198868815106,1137.468366699219,1160.6820068359375,62400,0.0,0.0
2002-06-27 00:00:00+09:00,1212.2680438006366,1256.1160368742767,1209.6887500904224,1253.5367431640625,129000,0.0,0.0
2002-06-28 00:00:00+09:00,1266.4329998602016,1274.1708796964147,1225.1643074003987,1243.2193603515625,66000,0.0,0.0
2002-07-01 00:00:00+09:00,1243.2196228027344,1243.2196228027344,1232.9024475097656,1238.06103515625,27200,0.0,0.0
2002-07-02 00:00:00+09:00,1227.7436696010916,1250.957310412877,1217.4264959069646,1240.64013671875,33600,0.0,0.0
2002-07-03 00:00:00+09:00,1235.4815152826998,1250.9572753906252,1227.7436352287373,1250.957275390625,19400,0.0,0.0
2002-07-04 00:00:00+09:00,1256.1158972599403,1258.695190683472,1235.4815498716866,1240.64013671875,9800,0.0,0.0
2002-07-05 00:00:00+09:00,1240.64013671875,1240.64013671875,1225.16437617756,1240.64013671875,14800,0.0,0.0
2002-07-08 00:00:00+09:00,1253.5367824835525,1261.2746638569079,1217.4266694078947,1225.16455078125,21600,0.0,0.0
2002-07-09 00:00:00+09:00,1217.426513162187,1235.4815673828125,1214.8472197020976,1235.4815673828125,10200,0.0,0.0
2002-07-10 00:00:00+09:00,1222.585205078125,1238.0609671677216,1220.0059113965256,1222.585205078125,13200,0.0,0.0
2002-07-11 00:00:00+09:00,1220.005862034484,1220.005862034484,1183.895751953125,1183.895751953125,20200,0.0,0.0
2002-07-12 00:00:00+09:00,1183.8956821607505,1207.109322987432,1183.8956821607505,1186.4749755859375,7600,0.0,0.0
2002-07-15 00:00:00+09:00,1160.6819890054426,1173.5784555499474,1145.2062291520367,1147.7855224609375,8800,0.0,0.0
2002-07-16 00:00:00+09:00,1147.7855224609377,1158.1026956965416,1147.7855224609377,1147.7855224609375,8600,0.0,0.0
2002-07-17 00:00:00+09:00,1147.7860500482745,1147.7860500482745,1137.4688720703125,1137.4688720703125,13600,0.0,0.0
2002-07-18 00:00:00+09:00,1150.364834689111,1250.9572753906252,1150.364834689111,1250.957275390625,30000,0.0,0.0
2002-07-19 00:00:00+09:00,1189.0543391076048,1189.0543391076048,1158.1028161807258,1183.895751953125,13800,0.0,0.0
2002-07-22 00:00:00+09:00,1145.206416100914,1209.6887593498395,1145.206416100914,1181.3165283203125,11400,0.0,0.0
2002-07-23 00:00:00+09:00,1194.2129745805314,1222.585205078125,1163.2614504013384,1222.585205078125,11600,0.0,0.0
2002-07-24 00:00:00+09:00,1212.2679443359377,1220.0058248316989,1186.4750093500666,1212.2679443359375,34400,0.0,0.0
2002-07-25 00:00:00+09:00,1225.1643769637396,1238.0608440896738,1186.4749755859375,1186.4749755859375,21000,0.0,0.0
2002-07-26 00:00:00+09:00,1160.682522520727,1173.5789949931795,1134.889577575822,1137.4688720703125,32600,0.0,0.0
2002-07-29 00:00:00+09:00,1147.7857513427734,1160.6822204589844,1134.8892822265625,1134.8892822265625,10200,0.0,0.0
2002-07-30 00:00:00+09:00,1160.6820068359375,1160.6820068359375,1150.3648334418403,1160.6820068359375,7800,0.0,0.0
2002-07-31 00:00:00+09:00,1158.1028009538416,1158.1028009538416,1142.6270396938794,1152.9442138671875,9200,0.0,0.0
2002-08-01 00:00:00+09:00,1150.3648157698385,1152.9441090787395,1140.0476425342347,1147.7855224609375,4000,0.0,0.0
2002-08-02 00:00:00+09:00,1140.0478334169131,1145.2064208984375,1137.4685396761508,1145.2064208984375,7200,0.0,0.0
2002-08-05 00:00:00+09:00,1137.4683481026138,1140.047641408969,1109.0961217327074,1111.6754150390625,16000,0.0,0.0
2002-08-06 00:00:00+09:00,1109.0962815057662,1109.0962815057662,1047.193233235677,1083.3033447265625,39400,0.0,0.0
2002-08-07 00:00:00+09:00,1109.0962269384536,1109.0962269384536,1093.6204656323357,1098.779052734375,8800,0.0,0.0
2002-08-08 00:00:00+09:00,1098.7787144672438,1098.7787144672438,1070.406494140625,1070.406494140625,13000,0.0,0.0
2002-08-09 00:00:00+09:00,1096.1998778733039,1116.834228515625,1083.3034087218532,1116.834228515625,11800,0.0,0.0
2002-08-12 00:00:00+09:00,1096.1997603459688,1096.1997603459688,1075.5654119159271,1080.7239990234375,8000,0.0,0.0
2002-08-13 00:00:00+09:00,1075.5654119159271,1085.882586130948,1072.986118362172,1080.7239990234375,11000,0.0,0.0
2002-08-14 00:00:00+09:00,1080.7241769564355,1083.3034709348517,1065.2484130859375,1065.2484130859375,14600,0.0,0.0
2002-08-15 00:00:00+09:00,1078.1448829780193,1088.4620588916844,1065.2484130859375,1065.2484130859375,9800,0.0,0.0
2002-08-16 00:00:00+09:00,1088.4615434393825,1088.4615434393825,1067.8272013836595,1070.406494140625,7400,0.0,0.0
2002-08-19 00:00:00+09:00,1078.1449795479218,1078.1449795479218,1018.8212127306916,1039.45556640625,37400,0.0,0.0
2002-08-20 00:00:00+09:00,1049.77253099263,1065.2482931202856,1031.717475177032,1047.1932373046875,12000,0.0,0.0
2002-08-21 00:00:00+09:00,1047.1932373046875,1054.9311183685152,1039.4553562408596,1047.1932373046875,11600,0.0,0.0
2002-08-22 00:00:00+09:00,1060.0897398857733,1062.669033656785,1042.034683488692,1054.93115234375,24200,0.0,0.0
2002-08-23 00:00:00+09:00,1054.93115234375,1054.93115234375,1054.93115234375,1054.93115234375,0,0.0,0.0
2002-08-26 00:00:00+09:00,1078.1449116014703,1091.0413818359375,1062.6691473201095,1091.0413818359375,12200,0.0,0.0
2002-08-27 00:00:00+09:00,1091.0412651379127,1091.0412651379127,1054.93115234375,1054.93115234375,9000,0.0,0.0
2002-08-28 00:00:00+09:00,1060.0897057444004,1067.827586808228,1042.0346499288023,1047.1932373046875,10200,0.0,0.0
2002-08-29 00:00:00+09:00,1047.1932138177413,1047.1932138177413,1018.8209838867186,1018.8209838867188,22800,0.0,0.0
2002-08-30 00:00:00+09:00,1023.9794918853457,1042.0345458984375,1013.662318163579,1042.0345458984375,18200,0.0,0.0
2002-09-02 00:00:00+09:00,1016.2415858455589,1023.9794659408296,995.6072389248369,1013.6622924804688,16000,0.0,0.0
2002-09-03 00:00:00+09:00,1008.5040961901345,1008.5040961901345,985.2904469172158,990.4490356445312,12200,0.0,0.0
2002-09-04 00:00:00+09:00,956.9180670382217,962.076655000692,933.7044212071058,946.6008911132812,18600,0.0,0.0
2002-09-05 00:00:00+09:00,954.3388061523438,967.2352765057537,951.7595120816617,954.3388061523438,27600,0.0,0.0
2002-09-06 00:00:00+09:00,936.2836730120933,949.1801423373288,931.1250852819992,941.4422607421875,12400,0.0,0.0
2002-09-09 00:00:00+09:00,954.338631978849,962.0765127786775,944.0214575790776,951.7593383789062,15200,0.0,0.0
2002-09-10 00:00:00+09:00,954.3384924217696,964.6556653128158,944.0213195307234,956.9177856445312,11400,0.0,0.0
2002-09-11 00:00:00+09:00,982.7108945016181,985.290188187974,964.6558386971263,977.5523071289062,10400,0.0,0.0
2002-09-12 00:00:00+09:00,977.552132581277,977.552132581277,967.2349596780444,974.9728393554688,6200,0.0,0.0
2002-09-13 00:00:00+09:00,941.4423031508111,954.3387730569866,941.4423031508111,946.6008911132812,23400,0.0,0.0
2002-09-16 00:00:00+09:00,946.6008911132814,946.6008911132814,946.6008911132814,946.6008911132812,0,0.0,0.0
2002-09-17 00:00:00+09:00,944.0214892062787,977.5523071289061,944.0214892062787,977.5523071289062,12200,0.0,0.0
2002-09-18 00:00:00+09:00,990.4485987103176,990.4485987103176,967.2349596780444,974.9728393554688,6800,0.0,0.0
2002-09-19 00:00:00+09:00,1000.765878777755,1013.6623462877776,980.1315307617189,980.1315307617188,7200,0.0,0.0
2002-09-20 00:00:00+09:00,993.0280692470419,993.0280692470419,974.9730134425502,977.5523071289062,9600,0.0,0.0
2002-09-23 00:00:00+09:00,977.5523071289061,977.5523071289061,977.5523071289061,977.5523071289062,0,0.0,0.0
2002-09-24 00:00:00+09:00,990.4487047697369,990.4487047697369,944.0214217336555,980.1315307617188,22000,0.0,0.0
2002-09-25 00:00:00+09:00,944.0216298696157,956.9181002230257,944.0216298696157,954.3388061523438,10400,0.0,0.0
2002-09-26 00:00:00+09:00,967.2349596780444,977.552132581277,964.6556664522363,974.9728393554688,4400,0.0,0.0
2002-09-27 00:00:00+09:00,993.3190110150506,993.3190110150506,969.7309606215533,980.2145385742188,18400,30.0,0.0
2002-09-30 00:00:00+09:00,980.2149507660648,980.2149507660648,961.8686816340796,977.5940551757812,9400,0.0,0.0
2002-10-01 00:00:00+09:00,967.1104281065894,969.731323575713,959.2477416992188,959.2477416992188,10200,0.0,0.0
2002-10-02 00:00:00+09:00,969.7309955797697,972.3518901624177,946.1429443359375,946.1429443359375,7200,0.0,0.0
2002-10-03 00:00:00+09:00,956.6265029049991,959.247397433506,933.0384521484375,933.0384521484375,12600,0.0,0.0
2002-10-04 00:00:00+09:00,914.6922607421874,925.1758396618686,901.5877870925859,914.6922607421875,10600,0.0,0.0
2002-10-07 00:00:00+09:00,891.1042136917572,898.9668979302138,872.7579504686915,875.3788452148438,10400,0.0,0.0
2002-10-08 00:00:00+09:00,872.7581634521484,875.3790588378906,859.6536865234375,859.6536865234375,16600,0.0,0.0
2002-10-09 00:00:00+09:00,864.8951984616756,877.9996711656404,804.6146240234376,804.6146240234375,17800,0.0,0.0
2002-10-10 00:00:00+09:00,786.2684139962925,786.2684139962925,746.9549932964778,773.1639404296875,33400,0.0,0.0
2002-10-11 00:00:00+09:00,804.6148834228516,820.3402557373047,794.1313018798828,807.2357788085938,17200,0.0,0.0
2002-10-14 00:00:00+09:00,807.2357788085938,807.2357788085938,807.2357788085938,807.2357788085938,0,0.0,0.0
2002-10-15 00:00:00+09:00,833.4446861583966,843.9282671163639,812.4775242424621,820.3402099609375,8200,0.0,0.0
2002-10-16 00:00:00+09:00,846.5491479873658,851.7909383773805,828.2028816223145,838.6864624023438,19600,0.0,0.0
2002-10-17 00:00:00+09:00,859.6535920916863,859.6535920916863,833.4446411132812,833.4446411132812,16600,0.0,0.0
2002-10-18 00:00:00+09:00,838.686493109472,843.9282836914062,836.0655978185049,843.9282836914062,9200,0.0,0.0
2002-10-21 00:00:00+09:00,843.9282844312263,864.8954467773436,843.9282844312263,864.8954467773438,8000,0.0,0.0
2002-10-22 00:00:00+09:00,859.6536070808531,862.2745022243923,825.5819702148438,825.5819702148438,6400,0.0,0.0
2002-10-23 00:00:00+09:00,838.6864313089623,838.6864313089623,809.8565852327167,833.4446411132812,19800,0.0,0.0
2002-10-24 00:00:00+09:00,838.6864128236246,838.6864128236246,786.268512022148,809.8565673828125,16000,0.0,0.0
2002-10-25 00:00:00+09:00,809.8567338774476,841.3074808241446,809.8567338774476,828.2030029296875,14000,0.0,0.0
2002-10-28 00:00:00+09:00,812.4775695800781,825.5820465087891,807.2357788085938,807.2357788085938,13200,0.0,0.0
2002-10-29 00:00:00+09:00,807.2356272051412,820.3401016727571,807.2356272051412,812.4774169921875,8600,0.0,0.0
2002-10-30 00:00:00+09:00,807.2357788085938,812.4775695800781,801.9939880371094,807.2357788085938,9200,0.0,0.0
2002-10-31 00:00:00+09:00,820.3401446675146,820.3401446675146,786.2685092659884,788.889404296875,14000,0.0,0.0
2002-11-01 00:00:00+09:00,791.5102993277617,809.856564543968,786.2685092659884,788.889404296875,18800,0.0,0.0
2002-11-04 00:00:00+09:00,788.889404296875,788.889404296875,788.889404296875,788.889404296875,0,0.0,0.0
2002-11-05 00:00:00+09:00,812.4773270044572,822.9609054174178,796.751959385016,817.7191162109375,23200,0.0,0.0
2002-11-06 00:00:00+09:00,825.5819558197597,846.5491166024838,815.0983754283977,833.4446411132812,27600,0.0,0.0
2002-11-07 00:00:00+09:00,833.4444838303785,833.4444838303785,812.4773270044572,817.7191162109375,9200,0.0,0.0
2002-11-08 00:00:00+09:00,812.4775695800781,817.7193603515625,799.3730926513672,807.2357788085938,14400,0.0,0.0
2002-11-11 00:00:00+09:00,804.6147442808247,822.9610088084004,788.8893746857597,794.1311645507812,16000,0.0,0.0
2002-11-12 00:00:00+09:00,788.8893886311848,788.8893886311848,770.5431237792968,786.2684936523438,15800,0.0,0.0
2002-11-13 00:00:00+09:00,773.1642156086684,786.2686938393239,767.9224243164062,767.9224243164062,7600,0.0,0.0
2002-11-14 00:00:00+09:00,760.0597101384943,767.9223967950994,720.7462768554688,720.7462768554688,17200,0.0,0.0
2002-11-15 00:00:00+09:00,723.3670520580279,754.8177934518551,723.3670520580279,741.7133178710938,18600,0.0,0.0
2002-11-18 00:00:00+09:00,684.0536324637277,686.6745276072668,649.9819955977182,660.465576171875,27600,0.0,0.0
2002-11-19 00:00:00+09:00,642.1193229706951,655.2237989496888,615.9103710127075,631.6357421875,24600,0.0,0.0
2002-11-20 00:00:00+09:00,618.5313418135684,636.8776104266826,589.7014911358173,613.28955078125,40600,0.0,0.0
2002-11-21 00:00:00+09:00,636.8774551391601,642.1192448933919,618.531190999349,629.0147705078125,35000,0.0,0.0
2002-11-22 00:00:00+09:00,665.7073334484566,665.7073334484566,623.773013231231,644.7401733398438,37400,0.0,0.0
2002-11-25 00:00:00+09:00,670.94921875,684.0536956787109,634.2566833496094,681.4328002929688,31800,0.0,0.0
2002-11-26 00:00:00+09:00,694.5371041502007,697.1579988828429,665.7072620911357,673.5699462890625,28000,0.0,0.0
2002-11-27 00:00:00+09:00,665.7074728711691,678.8119506835938,663.0865773086842,678.8119506835938,14600,0.0,0.0
2002-11-28 00:00:00+09:00,676.1909507637592,705.020797501749,676.1909507637592,702.39990234375,33000,0.0,0.0
2002-11-29 00:00:00+09:00,691.9161604996566,731.2295787098643,668.328109573532,715.5042114257812,27400,0.0,0.0
2002-12-02 00:00:00+09:00,715.5042114257812,715.5042114257812,715.5042114257812,715.5042114257812,0,0.0,0.0
2002-12-03 00:00:00+09:00,702.3999326318726,728.6088853420172,697.1581420898438,697.1581420898438,26400,0.0,0.0
2002-12-04 00:00:00+09:00,686.6745595856913,691.9163501168798,665.7073974609375,665.7073974609375,14000,0.0,0.0
2002-12-05 00:00:00+09:00,660.465606929749,676.1909785233144,660.465606929749,665.7073974609375,7400,0.0,0.0
2002-12-06 00:00:00+09:00,663.0863620497615,668.3281514730797,649.9818884914658,652.602783203125,11600,0.0,0.0
2002-12-09 00:00:00+09:00,649.9819295247395,649.9819295247395,615.910296122233,629.0147705078125,15600,0.0,0.0
2002-12-10 00:00:00+09:00,634.256441210137,639.4982299804688,618.5310748991419,639.4982299804688,12400,0.0,0.0
2002-12-11 00:00:00+09:00,655.2237192789713,663.086403910319,629.0147705078125,629.0147705078125,17800,0.0,0.0
2002-12-12 00:00:00+09:00,649.9819915254237,649.9819915254237,618.53125,618.53125,17200,0.0,0.0
2002-12-13 00:00:00+09:00,618.5312957114362,621.1521910322473,605.4268191073803,615.910400390625,29400,0.0,0.0
2002-12-16 00:00:00+09:00,602.8058455475663,613.2894254701326,592.3222656249999,592.322265625,13400,0.0,0.0
2002-12-17 00:00:00+09:00,600.1850591461044,602.8059546008909,576.597000053026,579.2178955078125,16800,0.0,0.0
2002-12-18 00:00:00+09:00,576.5970789829148,576.5970789829148,560.8717041015625,560.8717041015625,19600,0.0,0.0
2002-12-19 00:00:00+09:00,553.0089412284887,568.7343139648438,545.146254860311,568.7343139648438,30000,0.0,0.0
2002-12-20 00:00:00+09:00,571.3552873557974,573.9761831693561,558.2508082880039,560.8717041015625,22000,0.0,0.0
2002-12-23 00:00:00+09:00,560.8717041015625,560.8717041015625,560.8717041015625,560.8717041015625,0,0.0,0.0
2002-12-24 00:00:00+09:00,587.0806604787844,587.0806604787844,566.1134940331135,571.3552856445312,17400,0.0,0.0
2002-12-25 00:00:00+09:00,597.5639778645833,597.5639778645833,576.5968207465278,589.7012939453125,17600,0.0,0.0
2002-12-26 00:00:00+09:00,602.8058935337311,610.6685791015625,600.1849983444541,610.6685791015625,11200,0.0,0.0
2002-12-27 00:00:00+09:00,613.2894597457628,629.0148305084746,605.4267743644068,618.53125,20400,0.0,0.0
2002-12-30 00:00:00+09:00,615.9104462974092,615.9104462974092,605.4268642327725,613.28955078125,4400,0.0,0.0
2002-12-31 00:00:00+09:00,613.28955078125,613.28955078125,613.28955078125,613.28955078125,0,0.0,0.0
2003-01-01 00:00:00+09:00,613.28955078125,613.28955078125,613.28955078125,613.28955078125,0,0.0,0.0
2003-01-02 00:00:00+09:00,613.28955078125,613.28955078125,613.28955078125,613.28955078125,0,0.0,0.0
2003-01-03 00:00:00+09:00,613.28955078125,613.28955078125,613.28955078125,613.28955078125,0,0.0,0.0
2003-01-06 00:00:00+09:00,615.9102206050601,631.6355879396574,615.9102206050601,626.393798828125,4200,0.0,0.0
2003-01-07 00:00:00+09:00,644.7401397705078,644.7401397705078,623.7729807535807,629.0147705078125,8000,0.0,0.0
2003-01-08 00:00:00+09:00,631.6357570616136,631.6357570616136,623.7730712890624,623.7730712890625,6800,0.0,0.0
2003-01-09 00:00:00+09:00,615.910400390625,615.910400390625,605.4268191073803,615.910400390625,4600,0.0,0.0
2003-01-10 00:00:00+09:00,608.04769974396,623.7730712890624,608.04769974396,623.7730712890625,7400,0.0,0.0
2003-01-13 00:00:00+09:00,623.7730712890624,623.7730712890624,623.7730712890624,623.7730712890625,0,0.0,0.0
2003-01-14 00:00:00+09:00,623.7729332517471,623.7729332517471,613.2893545416338,621.1520385742188,6400,0.0,0.0
2003-01-15 00:00:00+09:00,626.3938279292755,629.0147226068038,613.2893545416338,621.1520385742188,11800,0.0,0.0
2003-01-16 00:00:00+09:00,634.2567289375964,644.7403112340857,631.6358333634741,636.8776245117188,4000,0.0,0.0
2003-01-17 00:00:00+09:00,636.8776649652526,681.4328925554144,636.8776649652526,676.1911010742188,38600,0.0,0.0
2003-01-20 00:00:00+09:00,697.1583571000533,710.2628374966708,684.0538767034358,691.9165649414062,30400,0.0,0.0
2003-01-21 00:00:00+09:00,699.7789774576823,720.7461378309462,697.1580824110243,707.6416625976562,31200,0.0,0.0
2003-01-22 00:00:00+09:00,705.0207807301568,705.0207807301568,689.29541015625,689.29541015625,14000,0.0,0.0
2003-01-23 00:00:00+09:00,691.9162895843273,691.9162895843273,673.5700243301974,686.6744995117188,26800,0.0,0.0
2003-01-24 00:00:00+09:00,699.7790218713149,707.6417075103184,686.674545806309,694.5372314453125,26600,0.0,0.0
2003-01-27 00:00:00+09:00,684.053788296012,686.6746840366098,673.5702053336211,676.1911010742188,16400,0.0,0.0
2003-01-28 00:00:00+09:00,668.328431877957,668.328431877957,655.2239528215265,657.8448486328125,11000,0.0,0.0
2003-01-29 00:00:00+09:00,647.361206808208,655.2238935305749,636.8776245117188,636.8776245117188,16200,0.0,0.0
2003-01-30 00:00:00+09:00,629.0148454265021,642.1193213728876,602.8058935337311,610.6685791015625,26600,0.0,0.0
2003-01-31 00:00:00+09:00,600.1849841101696,642.1193061440679,587.0805084745763,618.53125,30000,0.0,0.0
2003-02-03 00:00:00+09:00,631.6358333634741,660.4656846788195,631.6358333634741,636.8776245117188,11800,0.0,0.0
2003-02-04 00:00:00+09:00,639.4984590476341,655.2238309914284,639.4984590476341,647.3611450195312,7400,0.0,0.0
2003-02-05 00:00:00+09:00,647.3610683534204,652.6028583805736,644.7401733398438,644.7401733398438,17200,0.0,0.0
2003-02-06 00:00:00+09:00,639.498520085841,642.1194156599634,629.0149377893518,636.8776245117188,12000,0.0,0.0
2003-02-07 00:00:00+09:00,636.877335595303,642.1191243656347,631.6355468249712,639.4982299804688,15000,0.0,0.0
2003-02-10 00:00:00+09:00,642.1194128088049,678.8119506835938,639.4985172463199,678.8119506835938,34600,0.0,0.0
2003-02-11 00:00:00+09:00,678.8119506835938,678.8119506835938,678.8119506835938,678.8119506835938,0,0.0,0.0
2003-02-12 00:00:00+09:00,710.2625576443143,712.8834526909723,697.1580824110243,707.6416625976562,42800,0.0,0.0
2003-02-13 00:00:00+09:00,725.9878058886005,731.2295951007926,707.6415436459283,718.1251220703125,52800,0.0,0.0
2003-02-14 00:00:00+09:00,718.1250967843191,741.7131474086216,718.1250967843191,733.8504638671875,39800,0.0,0.0
2003-02-17 00:00:00+09:00,757.4387819524397,760.0596773917216,736.4716184381854,746.9552001953125,36800,0.0,0.0
2003-02-18 00:00:00+09:00,746.9552323774858,746.9552323774858,720.7462768554688,720.7462768554688,23400,0.0,0.0
2003-02-19 00:00:00+09:00,725.9880679598722,728.6089635120738,718.1253813032671,720.7462768554688,16200,0.0,0.0
2003-02-20 00:00:00+09:00,715.5043781337453,715.5043781337453,694.5372168697527,702.39990234375,20400,0.0,0.0
2003-02-21 00:00:00+09:00,705.0208122973172,707.6417075103184,691.9163362323113,694.5372314453125,17000,0.0,0.0
2003-02-24 00:00:00+09:00,699.7789746932401,699.7789746932401,684.0536044754144,686.6744995117188,19400,0.0,0.0
2003-02-25 00:00:00+09:00,681.4327690545028,681.4327690545028,655.2238163985605,665.7073974609375,18600,0.0,0.0
2003-02-26 00:00:00+09:00,673.5700832577202,681.4327690545028,657.8447116641547,665.7073974609375,17400,0.0,0.0
2003-02-27 00:00:00+09:00,663.0863673584935,673.5699462890625,660.4654726258511,673.5699462890625,9800,0.0,0.0
2003-02-28 00:00:00+09:00,673.5700528621675,676.1909480094911,665.7073674201965,670.9491577148438,12600,0.0,0.0
2003-03-03 00:00:00+09:00,670.9490515564203,686.6744199522739,668.3281568237779,673.5699462890625,23600,0.0,0.0
2003-03-04 00:00:00+09:00,686.6745451126975,697.1581259541127,681.4327546919899,684.0536499023438,25400,0.0,0.0
2003-03-05 00:00:00+09:00,681.4327546919899,684.0536499023438,673.5700690609285,684.0536499023438,9200,0.0,0.0
2003-03-06 00:00:00+09:00,694.537371258403,694.537371258403,676.1911010742189,676.1911010742188,11800,0.0,0.0
2003-03-07 00:00:00+09:00,668.3282121930804,668.3282121930804,642.1192626953125,642.1192626953125,22000,0.0,0.0
2003-03-10 00:00:00+09:00,615.9104622184457,623.7731489701705,602.8059842989043,605.4268798828125,27400,0.0,0.0
2003-03-11 00:00:00+09:00,597.5641176970108,605.426803456182,571.3551651664402,602.805908203125,23800,0.0,0.0
2003-03-12 00:00:00+09:00,597.5640879663928,615.91035382501,597.5640879663928,608.0476684570312,12400,0.0,0.0
2003-03-13 00:00:00+09:00,615.910400390625,618.5312957114362,605.4268191073803,615.910400390625,7600,0.0,0.0
2003-03-14 00:00:00+09:00,618.5311438966904,623.7729332517471,615.9102492191621,621.1520385742188,36800,0.0,0.0
2003-03-17 00:00:00+09:00,618.5312154314158,618.5312154314158,592.3222656249999,592.322265625,11600,0.0,0.0
2003-03-18 00:00:00+09:00,610.6686710506291,618.5313578023539,602.8059842989043,605.4268798828125,10000,0.0,0.0
2003-03-19 00:00:00+09:00,605.4267879302846,605.4267879302846,594.943207186903,600.1849975585938,4800,0.0,0.0
2003-03-20 00:00:00+09:00,626.3939816738697,626.3939816738697,613.2895050698138,615.910400390625,13800,0.0,0.0
2003-03-21 00:00:00+09:00,615.910400390625,615.910400390625,615.910400390625,615.910400390625,0,0.0,0.0
2003-03-24 00:00:00+09:00,655.2238159179688,655.2238159179688,644.7402348632813,655.2238159179688,16000,0.0,0.0
2003-03-25 00:00:00+09:00,629.0148032583842,644.7401733398438,629.0148032583842,644.7401733398438,10800,0.0,0.0
2003-03-26 00:00:00+09:00,638.1206716514496,659.3031005859375,638.1206716514496,659.3031005859375,5800,12.5,0.0
2003-03-27 00:00:00+09:00,651.3598182314919,667.2466430664062,651.3598182314919,667.2466430664062,7200,0.0,0.0
2003-03-28 00:00:00+09:00,672.5421186699925,675.1899222868035,651.3596897355046,659.3031005859375,12200,0.0,0.0
2003-03-31 00:00:00+09:00,646.0641840508644,646.0641840508644,619.5861437209109,622.2339477539062,9800,0.0,0.0
2003-04-01 00:00:00+09:00,611.6427396886489,630.1773681640625,608.9949356207327,630.1773681640625,5600,0.0,0.0
2003-04-02 00:00:00+09:00,630.1770865018251,646.0639038085938,622.2336778484407,646.0639038085938,6000,0.0,0.0
2003-04-03 00:00:00+09:00,664.5986002772307,664.5986002772307,640.7683715820312,640.7683715820312,5600,0.0,0.0
2003-04-04 00:00:00+09:00,640.7684752682605,661.9509042027486,640.7684752682605,659.3031005859375,4000,0.0,0.0
2003-04-07 00:00:00+09:00,654.0075166015625,661.950927734375,651.359712890625,661.950927734375,4600,0.0,0.0
2003-04-08 00:00:00+09:00,672.5420098422973,672.5420098422973,640.7683715820312,640.7683715820312,5200,0.0,0.0
2003-04-09 00:00:00+09:00,638.120834046626,664.598876953125,638.120834046626,664.598876953125,6400,0.0,0.0
2003-04-10 00:00:00+09:00,661.950927734375,664.5987314453125,654.0075166015625,661.950927734375,5600,0.0,0.0
2003-04-11 00:00:00+09:00,659.3031240234376,661.950927734375,656.6553203125001,661.950927734375,14000,0.0,0.0
2003-04-14 00:00:00+09:00,651.3597036508414,659.3031146709736,638.1206852839543,654.0075073242188,6600,0.0,0.0
2003-04-15 00:00:00+09:00,654.0075307046213,656.6553344726562,646.0641194005167,656.6553344726562,10200,0.0,0.0
2003-04-16 00:00:00+09:00,675.189936711238,685.7811514047477,651.3597036508414,654.0075073242188,42400,0.0,0.0
2003-04-17 00:00:00+09:00,669.8944132638244,717.5548853537407,661.9510012488383,712.25927734375,49400,0.0,0.0
2003-04-18 00:00:00+09:00,738.7373735143784,759.9198071635362,725.4983524836548,746.6807861328125,133600,0.0,0.0
2003-04-21 00:00:00+09:00,759.9197618696425,781.1021942562527,754.62415377299,762.5675659179688,191000,0.0,0.0
2003-04-22 00:00:00+09:00,773.1585785903656,781.1019886443761,720.2025115636281,733.4415283203125,132200,0.0,0.0
2003-04-23 00:00:00+09:00,741.3852011190879,741.3852011190879,685.7813110351564,685.7813110351562,78000,0.0,0.0
2003-04-24 00:00:00+09:00,712.2591736771677,712.2591736771677,688.4289411006082,693.7245483398438,36000,0.0,0.0
2003-04-25 00:00:00+09:00,699.0200868140995,699.0200868140995,667.2464465043677,672.5420532226562,41600,0.0,0.0
2003-04-28 00:00:00+09:00,669.894249863512,677.837659940945,664.5986431452234,672.5420532226562,14800,0.0,0.0
2003-04-29 00:00:00+09:00,672.5420532226564,672.5420532226564,672.5420532226564,672.5420532226562,0,0.0,0.0
2003-04-30 00:00:00+09:00,680.4856251350975,688.4290371016551,664.5988012019824,669.8944091796875,22000,0.0,0.0
2003-05-01 00:00:00+09:00,672.5422069933988,685.7812268161035,672.5422069933988,683.1334228515625,16400,0.0,0.0
2003-05-02 00:00:00+09:00,683.1333146095276,683.1333146095276,661.9508862495422,677.8377075195312,24400,0.0,0.0
2003-05-05 00:00:00+09:00,677.8377075195312,677.8377075195312,677.8377075195312,677.8377075195312,0,0.0,0.0
2003-05-06 00:00:00+09:00,691.076744720226,704.3157628183146,685.7811374809905,693.7245483398438,45400,0.0,0.0
2003-05-07 00:00:00+09:00,701.6679591986968,704.3157628183146,691.076744720226,693.7245483398438,26800,0.0,0.0
2003-05-08 00:00:00+09:00,696.3723897532028,704.3158010431633,688.4289784632424,691.0767822265625,18800,0.0,0.0
2003-05-09 00:00:00+09:00,683.1334082970252,688.4290161132812,677.8378004807691,688.4290161132812,11400,0.0,0.0
2003-05-12 00:00:00+09:00,701.6680297851562,712.2592453290831,693.7246181272111,701.6680297851562,35600,0.0,0.0
2003-05-13 00:00:00+09:00,728.1460810642617,728.1460810642617,669.8943945791208,675.1900024414062,135000,0.0,0.0
2003-05-14 00:00:00+09:00,701.6678770945128,786.3975830078125,699.0200737847223,786.3975830078125,586800,0.0,0.0
2003-05-15 00:00:00+09:00,799.6364824969952,884.3661760066105,794.3408766526442,860.5359497070312,958400,0.0,0.0
2003-05-16 00:00:00+09:00,855.2406824812105,855.2406824812105,815.5236229232595,836.7060546875,219200,0.0,0.0
2003-05-19 00:00:00+09:00,786.3974993204332,807.5799235445527,770.5106811523436,770.5106811523438,224000,0.0,0.0
2003-05-20 00:00:00+09:00,781.1020704135774,836.70594661251,781.1020704135774,831.4103393554688,125400,0.0,0.0
2003-05-21 00:00:00+09:00,826.1145955023366,860.5360369816005,815.523382739486,849.94482421875,80000,0.0,0.0
2003-05-22 00:00:00+09:00,860.5359470143038,913.492005292107,857.8881441004136,900.2529907226562,269200,0.0,0.0
2003-05-23 00:00:00+09:00,892.3095089040402,900.252916995174,847.2968630542814,865.8314819335938,126600,0.0,0.0
2003-05-26 00:00:00+09:00,889.6621842647623,900.2534007441047,855.2407307068995,863.1841430664062,55400,0.0,0.0
2003-05-27 00:00:00+09:00,865.8316433630258,881.7184625073015,847.2970210280374,849.94482421875,40800,0.0,0.0
2003-05-28 00:00:00+09:00,857.8884776545027,860.5362815978808,828.7626342773436,828.7626342773438,78200,0.0,0.0
2003-05-29 00:00:00+09:00,839.3536987304688,849.9449125945756,820.8190744682818,839.3536987304688,84800,0.0,0.0
2003-05-30 00:00:00+09:00,847.2972301136364,873.7752685546876,831.4104070490057,873.7752685546875,68000,0.0,0.0
2003-06-02 00:00:00+09:00,860.5361703001422,876.4229919056833,847.2971522955246,857.8883666992188,36600,0.0,0.0
2003-06-03 00:00:00+09:00,860.5361264586825,860.5361264586825,828.7624848663619,839.3536987304688,52400,0.0,0.0
2003-06-04 00:00:00+09:00,836.7058371519432,863.1838699732072,820.8190174591848,826.1146240234375,35400,0.0,0.0
2003-06-05 00:00:00+09:00,834.0580338698168,842.001443716196,815.523410894932,826.1146240234375,94400,0.0,0.0
2003-06-06 00:00:00+09:00,834.0581176757813,834.0581176757813,789.0454573567708,794.341064453125,86400,0.0,0.0
2003-06-09 00:00:00+09:00,807.5800571381482,855.240519526629,807.5800571381482,839.3536987304688,111400,0.0,0.0
2003-06-10 00:00:00+09:00,834.05825071697,844.6494665990901,834.05825071697,836.7060546875,32600,0.0,0.0
2003-06-11 00:00:00+09:00,839.353927170732,847.2973397307074,820.8192978641227,823.4671020507812,46800,0.0,0.0
2003-06-12 00:00:00+09:00,836.7060136023462,836.7060136023462,812.8757790377224,818.17138671875,34800,0.0,0.0
2003-06-13 00:00:00+09:00,802.2845316902535,815.5235503650101,794.3411204853995,807.5801391601562,76000,0.0,0.0
2003-06-16 00:00:00+09:00,796.9889242203509,831.4103727747181,796.9889242203509,807.5801391601562,33000,0.0,0.0
2003-06-17 00:00:00+09:00,815.5234675362283,855.240519526629,815.5234675362283,839.3536987304688,101200,0.0,0.0
2003-06-18 00:00:00+09:00,842.0015538695512,842.0015538695512,823.466928469907,831.4103393554688,53000,0.0,0.0
2003-06-19 00:00:00+09:00,828.7626404204926,828.7626404204926,810.2280126794593,815.5236206054688,36400,0.0,0.0
2003-06-20 00:00:00+09:00,810.227807060515,820.8190202247048,804.9322004784201,812.8756103515625,48200,0.0,0.0
2003-06-23 00:00:00+09:00,826.1147982402912,826.1147982402912,810.2279751972087,818.17138671875,30600,0.0,0.0
2003-06-24 00:00:00+09:00,826.1145402496936,828.7623432633145,810.2277221679688,810.2277221679688,29800,0.0,0.0
2003-06-25 00:00:00+09:00,807.5799691480378,810.2277723255723,802.2843627929686,802.2843627929688,27800,0.0,0.0
2003-06-26 00:00:00+09:00,815.5235828782362,820.8191905592637,807.5801713566949,818.17138671875,40200,0.0,0.0
2003-06-27 00:00:00+09:00,836.7060114700602,860.5362459739542,834.0582076362941,852.5928344726562,76200,0.0,0.0
2003-06-30 00:00:00+09:00,860.5360369816005,860.5360369816005,849.9448242187501,849.94482421875,46800,0.0,0.0
2003-07-01 00:00:00+09:00,852.592823809888,881.7186656170582,839.3538048066289,879.0708618164062,111600,0.0,0.0
2003-07-02 00:00:00+09:00,913.4924003175977,939.9704409065135,897.6055759642481,902.9011840820312,230800,0.0,0.0
2003-07-03 00:00:00+09:00,902.9007196922187,926.7309439656203,863.1836792365492,865.8314819335938,101600,0.0,0.0
2003-07-04 00:00:00+09:00,852.5925038655599,892.3095459710985,847.2968982514882,889.6617431640625,60400,0.0,0.0
2003-07-07 00:00:00+09:00,868.4797313164406,913.4924003175977,868.4797313164406,902.9011840820312,54400,0.0,0.0
2003-07-08 00:00:00+09:00,926.7312469032311,926.7312469032311,894.9576041522631,897.6054077148438,96000,0.0,0.0
2003-07-09 00:00:00+09:00,902.9007571992421,910.8441656203498,887.0139403570266,889.6617431640625,34200,0.0,0.0
2003-07-10 00:00:00+09:00,894.9576126608806,894.9576126608806,871.1273803710939,871.1273803710938,40200,0.0,0.0
2003-07-11 00:00:00+09:00,860.536322593689,871.1275388717652,836.7060859680176,847.2973022460938,34400,0.0,0.0
2003-07-14 00:00:00+09:00,873.7753595457488,881.7187719052556,863.1841430664064,863.1841430664062,26400,0.0,0.0
2003-07-15 00:00:00+09:00,889.6617062069955,889.6617062069955,863.1836792365492,865.8314819335938,47200,0.0,0.0
2003-07-16 00:00:00+09:00,860.5361792691955,868.4795901547573,831.4103393554689,831.4103393554688,50600,0.0,0.0
2003-07-17 00:00:00+09:00,828.7626404204926,836.706052309507,812.8758166424641,815.5236206054688,42200,0.0,0.0
2003-07-18 00:00:00+09:00,807.5802087164545,828.7626404204926,799.6367968274402,815.5236206054688,40600,0.0,0.0
2003-07-21 00:00:00+09:00,815.5236206054689,815.5236206054689,815.5236206054689,815.5236206054688,0,0.0,0.0
2003-07-22 00:00:00+09:00,807.5800682219448,810.2278717243119,794.3410507101096,799.6366577148438,27800,0.0,0.0
2003-07-23 00:00:00+09:00,804.9324047534498,815.5236206054689,802.284600790445,815.5236206054688,32600,0.0,0.0
2003-07-24 00:00:00+09:00,820.8189342224521,828.7623432633145,802.2843131271063,810.2277221679688,57200,0.0,0.0
2003-07-25 00:00:00+09:00,804.9322786458333,812.8756892903646,794.341064453125,794.341064453125,50200,0.0,0.0
2003-07-28 00:00:00+09:00,818.1712169336573,828.7624300978471,807.5800037694676,812.8756103515625,35200,0.0,0.0
2003-07-29 00:00:00+09:00,826.1148364574879,828.7626404204926,812.8758166424641,815.5236206054688,50200,0.0,0.0
2003-07-30 00:00:00+09:00,815.5233281952104,820.8189342224521,810.2277221679688,810.2277221679688,20600,0.0,0.0
2003-07-31 00:00:00+09:00,807.5802381415116,810.2280422009919,796.9890219035901,804.9324340820312,25200,0.0,0.0
2003-08-01 00:00:00+09:00,807.5799691480378,810.2277723255723,802.2843627929686,802.2843627929688,17800,0.0,0.0
2003-08-04 00:00:00+09:00,799.6368092786546,802.2846132828886,781.1021812490169,789.0455932617188,37800,0.0,0.0
2003-08-05 00:00:00+09:00,775.8063861715383,786.397599634631,757.2717626111261,767.8629760742188,37200,0.0,0.0
2003-08-06 00:00:00+09:00,759.9196166992188,762.5674202417248,749.3284025291948,759.9196166992188,20000,0.0,0.0
2003-08-07 00:00:00+09:00,765.215369966295,775.8065861596002,762.5675659179688,762.5675659179688,26600,0.0,0.0
2003-08-08 00:00:00+09:00,765.2153380488006,773.1587498624559,746.6807104836047,751.976318359375,33000,0.0,0.0
2003-08-11 00:00:00+09:00,751.9763124459344,765.2153320312501,746.680704611808,765.21533203125,18200,0.0,0.0
2003-08-12 00:00:00+09:00,786.3977892574849,799.6368092786546,775.806573240549,789.0455932617188,21400,0.0,0.0
2003-08-13 00:00:00+09:00,794.340953260365,804.9321659705032,794.340953260365,802.2843627929688,27600,0.0,0.0
2003-08-14 00:00:00+09:00,810.2279751972087,820.8191905592637,796.9889559946399,818.17138671875,29200,0.0,0.0
2003-08-15 00:00:00+09:00,818.1713867187499,818.1713867187499,818.1713867187499,818.17138671875,25800,0.0,0.0
2003-08-18 00:00:00+09:00,836.705895264442,839.3536987304688,823.4668779343084,839.3536987304688,26200,0.0,0.0
2003-08-19 00:00:00+09:00,844.6491321739783,863.1837526292067,842.0013292518029,860.5359497070312,47200,0.0,0.0
2003-08-20 00:00:00+09:00,855.2407144546509,857.88851852417,834.0582818984985,847.2973022460938,24200,0.0,0.0
2003-08-21 00:00:00+09:00,847.2973022460938,857.88851852417,847.2973022460938,847.2973022460938,25200,0.0,0.0
2003-08-22 00:00:00+09:00,860.5362130411015,860.5362130411015,842.0015869140624,842.0015869140625,24800,0.0,0.0
2003-08-25 00:00:00+09:00,844.6493813166543,852.5927924262153,834.0581665039062,834.0581665039062,20200,0.0,0.0
2003-08-26 00:00:00+09:00,834.05825071697,842.0016626285601,831.4104467464399,836.7060546875,13600,0.0,0.0
2003-08-27 00:00:00+09:00,852.5927552568152,873.775183958848,844.6493444935529,871.1273803710938,66600,0.0,0.0
2003-08-28 00:00:00+09:00,871.1271613957331,881.718373084435,857.8881467848557,860.5359497070312,52800,0.0,0.0
2003-08-29 00:00:00+09:00,865.8317731955857,881.7185947221102,865.8317731955857,871.1273803710938,49200,0.0,0.0
2003-09-01 00:00:00+09:00,884.3666006371856,921.4358593465287,881.7187964436611,908.1968383789062,126600,0.0,0.0
2003-09-02 00:00:00+09:00,921.4358124942725,921.4358124942725,894.9577719053566,902.9011840820312,47200,0.0,0.0
2003-09-03 00:00:00+09:00,916.1398992163897,916.1398992163897,849.9448197932402,876.4228515625,59000,0.0,0.0
2003-09-04 00:00:00+09:00,881.7186947334103,884.3664986214986,863.1840675167921,868.4796752929688,22800,0.0,0.0
2003-09-05 00:00:00+09:00,876.4230689765503,884.3664804778484,847.2972268051242,852.5928344726562,32400,0.0,0.0
2003-09-08 00:00:00+09:00,860.5359497070312,873.7749643179086,852.5925409405048,860.5359497070312,29400,0.0,0.0
2003-09-09 00:00:00+09:00,868.4796608664774,881.7186800870029,860.536249334162,873.7752685546875,39200,0.0,0.0
2003-09-10 00:00:00+09:00,871.1274791810571,873.7752830691453,852.5928519644388,868.4796752929688,23400,0.0,0.0
2003-09-11 00:00:00+09:00,865.8316433630258,868.4794465537384,849.9448242187501,849.94482421875,38200,0.0,0.0
2003-09-12 00:00:00+09:00,855.2404366681675,894.9574848106521,852.5926334586685,884.3662719726562,69400,0.0,0.0
2003-09-15 00:00:00+09:00,884.3662719726561,884.3662719726561,884.3662719726561,884.3662719726562,0,0.0,0.0
2003-09-16 00:00:00+09:00,897.605387919658,902.9009949280336,879.0707633903436,881.7185668945312,57400,0.0,0.0
2003-09-17 00:00:00+09:00,902.9008833317598,902.9008833317598,876.4228515625,876.4228515625,33800,0.0,0.0
2003-09-18 00:00:00+09:00,879.0708762428978,881.7186800870029,863.1840531782672,873.7752685546875,32200,0.0,0.0
2003-09-19 00:00:00+09:00,887.014302509587,887.014302509587,865.8318714048804,868.4796752929688,31000,0.0,0.0
2003-09-22 00:00:00+09:00,876.4227672400841,881.718373084435,849.9447380183293,860.5359497070312,33400,0.0,0.0
2003-09-23 00:00:00+09:00,860.5359497070312,860.5359497070312,860.5359497070312,860.5359497070312,0,0.0,0.0
2003-09-24 00:00:00+09:00,871.1276409663377,871.1276409663377,844.6495971679688,844.6495971679688,38000,0.0,0.0
2003-09-25 00:00:00+09:00,845.9834732806097,845.9834732806097,813.9588623046875,813.9588623046875,29400,12.5,0.0
2003-09-26 00:00:00+09:00,811.2904233870967,829.9714528729838,808.6217048891128,827.302734375,32600,0.0,0.0
2003-09-29 00:00:00+09:00,845.9839621151195,845.9839621151195,816.6280517578125,816.6280517578125,23400,0.0,0.0
2003-09-30 00:00:00+09:00,827.3026828948681,848.6524295502196,824.6339645629492,835.308837890625,14800,0.0,0.0
2003-10-01 00:00:00+09:00,821.9649175417002,837.9772211301748,819.2962002769543,829.9710693359375,23200,0.0,0.0
2003-10-02 00:00:00+09:00,840.6463268649193,864.6647933467741,827.3027343749999,827.302734375,34800,0.0,0.0
2003-10-03 00:00:00+09:00,837.9777045355902,845.9838609483506,827.3028293185763,840.6464233398438,20800,0.0,0.0
2003-10-06 00:00:00+09:00,845.983642578125,851.3210788089019,843.3149244627366,845.983642578125,18000,0.0,0.0
2003-10-07 00:00:00+09:00,848.6524658203125,861.9960580501917,845.9837473743368,848.6524658203125,18000,0.0,0.0
2003-10-08 00:00:00+09:00,845.9836695560467,861.9959787590003,845.9836695560467,851.3211059570312,17000,0.0,0.0
2003-10-09 00:00:00+09:00,859.3273396042158,859.3273396042158,848.6524658203125,848.6524658203125,15000,0.0,0.0
2003-10-10 00:00:00+09:00,851.3212985568576,853.9900173611111,840.6464233398438,840.6464233398438,28400,0.0,0.0
2003-10-13 00:00:00+09:00,840.6464233398438,840.6464233398438,840.6464233398438,840.6464233398438,0,0.0,0.0
2003-10-14 00:00:00+09:00,843.3149244627366,851.3210788089019,843.3149244627366,845.983642578125,14400,0.0,0.0
2003-10-15 00:00:00+09:00,851.3210788089019,853.9897969242903,835.3087701165714,845.983642578125,60200,0.0,0.0
2003-10-16 00:00:00+09:00,848.6526057802397,936.7203290215854,845.9838868941383,928.7141723632812,247600,0.0,0.0
2003-10-17 00:00:00+09:00,947.395021217304,1008.7755437187068,942.0575844780516,966.0760498046875,363400,0.0,0.0
2003-10-20 00:00:00+09:00,992.7631856627385,992.7631856627385,942.05753908319,944.7262573242188,168600,0.0,0.0
2003-10-21 00:00:00+09:00,968.744955654802,968.744955654802,928.7141723632812,928.7141723632812,98000,0.0,0.0
2003-10-22 00:00:00+09:00,931.382643355652,936.7200797072604,904.6954615976105,910.0328979492188,92600,0.0,0.0
2003-10-23 00:00:00+09:00,904.6955531858049,904.6955531858049,848.6524658203125,848.6524658203125,66400,0.0,0.0
2003-10-24 00:00:00+09:00,899.3582523625072,899.3582523625072,867.3336261656227,875.3397827148438,49000,0.0,0.0
2003-10-27 00:00:00+09:00,861.9961280025653,904.6956266033117,848.6525346898321,894.020751953125,38400,0.0,0.0
2003-10-28 00:00:00+09:00,894.0205986555233,920.7077807049419,894.0205986555233,918.0390625,50800,0.0,0.0
2003-10-29 00:00:00+09:00,912.7015858677456,950.0636390904018,912.7015858677456,934.0513305664062,114600,0.0,0.0
2003-10-30 00:00:00+09:00,947.3951067243304,976.7510114397322,936.720232282366,971.41357421875,154200,0.0,0.0
2003-10-31 00:00:00+09:00,958.0698833465577,968.7447566986085,934.0514183044435,939.3888549804688,55200,0.0,0.0
2003-11-03 00:00:00+09:00,939.3888549804689,939.3888549804689,939.3888549804689,939.3888549804688,0,0.0,0.0
2003-11-04 00:00:00+09:00,955.4012178349973,960.7386548061426,923.3765960081258,931.3827514648438,41600,0.0,0.0
2003-11-05 00:00:00+09:00,907.3642931951994,920.7078857421876,904.6955746858017,920.7078857421875,27800,0.0,0.0
2003-11-06 00:00:00+09:00,912.7014554158411,963.4070918278323,912.7014554158411,926.0450439453125,83800,0.0,0.0
2003-11-07 00:00:00+09:00,942.0573047792292,942.0573047792292,918.0388465837248,923.3762817382812,77800,0.0,0.0
2003-11-10 00:00:00+09:00,920.7077706524354,928.7139251798479,907.3641797734145,910.0328979492188,28200,0.0,0.0
2003-11-11 00:00:00+09:00,904.6954907226562,904.6954907226562,848.6524072265624,867.3334350585938,70400,0.0,0.0
2003-11-12 00:00:00+09:00,861.9960499639096,875.339642068614,853.9898947010869,859.3273315429688,49000,0.0,0.0
2003-11-13 00:00:00+09:00,880.6771236455108,883.3458422020125,851.3212195239938,861.99609375,32800,0.0,0.0
2003-11-14 00:00:00+09:00,856.6586211582401,875.3396502800708,848.6524658203125,848.6524658203125,56600,0.0,0.0
2003-11-17 00:00:00+09:00,843.3152090687292,845.9839280847696,800.6157048120847,803.284423828125,70400,0.0,0.0
2003-11-18 00:00:00+09:00,787.2719040682483,811.2903689381271,776.5970307927468,797.94677734375,60200,0.0,0.0
2003-11-19 00:00:00+09:00,811.2903689381271,816.627805575878,795.2780590248747,797.94677734375,55400,0.0,0.0
2003-11-20 00:00:00+09:00,811.2903371043019,821.9652099609374,805.9529006759841,821.9652099609375,33800,0.0,0.0
2003-11-21 00:00:00+09:00,819.2964917467785,832.640082817573,811.2903371043019,821.9652099609375,19000,0.0,0.0
2003-11-24 00:00:00+09:00,821.9652099609374,821.9652099609374,821.9652099609374,821.9652099609375,0,0.0,0.0
2003-11-25 00:00:00+09:00,861.9960929599009,864.6648115139564,821.9653146490697,824.634033203125,20200,0.0,0.0
2003-11-26 00:00:00+09:00,835.3088207852309,843.3149756170382,829.9713842306926,837.9775390625,21000,0.0,0.0
2003-11-27 00:00:00+09:00,851.3211842662884,859.3273396042158,843.3150289283609,848.6524658203125,40800,0.0,0.0
2003-11-28 00:00:00+09:00,848.6524121715764,851.3211304488455,837.9775390625,837.9775390625,22200,0.0,0.0
2003-12-01 00:00:00+09:00,829.9714366984817,853.9899027122642,821.9652813605543,848.6524658203125,66200,0.0,0.0
2003-12-02 00:00:00+09:00,861.9959787590003,867.3334151599848,848.652387756539,851.3211059570312,48200,0.0,0.0
2003-12-03 00:00:00+09:00,853.9900435524424,928.7141723632812,840.6464491219356,928.7141723632812,168200,0.0,0.0
2003-12-04 00:00:00+09:00,934.0514782891757,952.7325078549593,918.03916723279,920.7078857421875,238200,0.0,0.0
2003-12-05 00:00:00+09:00,912.7017647879464,915.3704833984375,878.0084228515625,896.689453125,76000,0.0,0.0
2003-12-08 00:00:00+09:00,894.0206176757812,894.0206176757812,864.6647167968749,867.3334350585938,30800,0.0,0.0
2003-12-09 00:00:00+09:00,880.6770190207068,886.0144554996201,864.6647095839667,878.00830078125,35000,0.0,0.0
2003-12-10 00:00:00+09:00,883.3456653056701,883.3456653056701,861.995921129098,870.0020751953125,36200,0.0,0.0
2003-12-11 00:00:00+09:00,872.6709504304108,880.6771059389467,853.9899209104938,864.664794921875,36400,0.0,0.0
2003-12-12 00:00:00+09:00,878.008229261527,886.0143833277415,864.6646391511695,870.0020751953125,47000,0.0,0.0
2003-12-15 00:00:00+09:00,894.0206828159568,915.3704304652931,880.6770905351216,904.695556640625,48200,0.0,0.0
2003-12-16 00:00:00+09:00,891.3518847216358,896.6893211570946,883.3457300684474,888.6831665039062,38400,0.0,0.0
2003-12-17 00:00:00+09:00,891.352095813286,894.0208146630264,870.0023450153631,875.3397827148438,33800,0.0,0.0
2003-12-18 00:00:00+09:00,880.6770405016448,920.7078150699014,872.6708855879934,912.70166015625,78600,0.0,0.0
2003-12-19 00:00:00+09:00,931.3826493384133,958.0698312678808,926.0452129525198,947.3949584960938,294400,0.0,0.0
2003-12-22 00:00:00+09:00,950.0638861990108,974.0823552321318,939.3890110731792,952.7326049804688,225400,0.0,0.0
2003-12-23 00:00:00+09:00,952.7326049804688,952.7326049804688,952.7326049804688,952.7326049804688,0,0.0,0.0
2003-12-24 00:00:00+09:00,963.4071483458655,1003.4379162826742,960.7384304834115,995.4317626953125,430800,0.0,0.0
2003-12-25 00:00:00+09:00,995.4319535749069,1000.7693903232978,968.7447698329522,984.757080078125,246800,0.0,0.0
2003-12-26 00:00:00+09:00,992.7631791316497,1030.1252342602602,979.4195880142889,1022.1190795898438,309000,0.0,0.0
2003-12-29 00:00:00+09:00,1030.1253144330415,1048.8063434512574,1016.7817222771731,1038.1314697265625,300000,0.0,0.0
2003-12-30 00:00:00+09:00,1051.4747932339892,1104.8491482204863,1040.79992223669,1080.8306884765625,287000,0.0,0.0
2003-12-31 00:00:00+09:00,1080.8306884765625,1080.8306884765625,1080.8306884765625,1080.8306884765625,0,0.0,0.0
2004-01-01 00:00:00+09:00,1080.8306884765625,1080.8306884765625,1080.8306884765625,1080.8306884765625,0,0.0,0.0
2004-01-02 00:00:00+09:00,1080.8306884765625,1080.8306884765625,1080.8306884765625,1080.8306884765625,0,0.0,0.0
2004-01-05 00:00:00+09:00,1107.518277227435,1120.8618709289703,1075.49365234375,1075.49365234375,266800,0.0,0.0
2004-01-06 00:00:00+09:00,1086.1684567260743,1104.8494866943358,1059.4812710571289,1067.4874267578125,229400,0.0,0.0
2004-01-07 00:00:00+09:00,1067.4874935510024,1147.5490555673275,1067.4874935510024,1131.5367431640625,766600,0.0,0.0
2004-01-08 00:00:00+09:00,1139.542757609244,1147.5489128149297,1112.8555735902924,1115.5242919921875,293400,0.0,0.0
2004-01-09 00:00:00+09:00,1126.199287697121,1158.2239119918258,1120.8618503146702,1152.886474609375,241000,0.0,0.0
2004-01-12 00:00:00+09:00,1152.886474609375,1152.886474609375,1152.886474609375,1152.886474609375,0,0.0,0.0
2004-01-13 00:00:00+09:00,1158.2238241506177,1158.2238241506177,1134.205357751181,1147.5489501953125,141200,0.0,0.0
2004-01-14 00:00:00+09:00,1126.1991182875358,1174.236047503592,1123.530399997755,1160.8924560546875,242400,0.0,0.0
2004-01-15 00:00:00+09:00,1174.2361174050172,1182.2422727509606,1150.2176513671875,1150.2176513671875,138200,0.0,0.0
2004-01-16 00:00:00+09:00,1152.8863698158352,1174.2361174050172,1142.211496021244,1150.2176513671875,124800,0.0,0.0
2004-01-19 00:00:00+09:00,1158.2238067131307,1168.8986805077218,1142.211496021244,1150.2176513671875,85400,0.0,0.0
2004-01-20 00:00:00+09:00,1136.8740062847628,1160.892471206272,1134.2052879601508,1139.542724609375,120600,0.0,0.0
2004-01-21 00:00:00+09:00,1126.199253627232,1136.8741280691966,1115.524379185268,1120.86181640625,112000,0.0,0.0
2004-01-22 00:00:00+09:00,1120.8615681276483,1120.8615681276483,1094.174387934133,1102.1805419921875,117000,0.0,0.0
2004-01-23 00:00:00+09:00,1094.1744778167579,1134.2052513954197,1086.1683231010254,1126.1990966796875,84000,0.0,0.0
2004-01-26 00:00:00+09:00,1128.8677221857029,1128.8677221857029,1091.5056699147813,1102.1805419921875,65800,0.0,0.0
2004-01-27 00:00:00+09:00,1115.5244316265737,1134.2054627782147,1102.18083794683,1112.855712890625,64000,0.0,0.0
2004-01-28 00:00:00+09:00,1099.512102484413,1110.1869772658151,1094.174665093712,1096.8433837890625,48400,0.0,0.0
2004-01-29 00:00:00+09:00,1086.1683349609375,1086.1683349609375,1072.824743622351,1086.1683349609375,54000,0.0,0.0
2004-01-30 00:00:00+09:00,1088.8368417245372,1094.174277223187,1075.493252977913,1080.8306884765625,34000,0.0,0.0
2004-02-02 00:00:00+09:00,1094.174387934133,1115.5241320889452,1083.4995158567267,1102.1805419921875,43400,0.0,0.0
2004-02-03 00:00:00+09:00,1107.5182233537946,1107.5182233537946,1075.4936000279017,1083.499755859375,49600,0.0,0.0
2004-02-04 00:00:00+09:00,1075.4932576497395,1088.8368464543269,1030.1250557141425,1040.7999267578125,70800,0.0,0.0
2004-02-05 00:00:00+09:00,1014.1127816426384,1067.4871385711983,1014.1127816426384,1035.4625244140625,43200,0.0,0.0
2004-02-06 00:00:00+09:00,1038.1312089968949,1046.1373622796473,1027.456337953225,1040.7999267578125,31800,0.0,0.0
2004-02-09 00:00:00+09:00,1064.8184983143256,1080.8308065596539,1054.1436261507733,1062.1497802734375,38800,0.0,0.0
2004-02-10 00:00:00+09:00,1075.4935475819148,1088.8371399836756,1064.8186736605062,1072.8248291015625,49000,0.0,0.0
2004-02-11 00:00:00+09:00,1072.8248291015625,1072.8248291015625,1072.8248291015625,1072.8248291015625,0,0.0,0.0
2004-02-12 00:00:00+09:00,1072.8248291015625,1080.830984542619,1070.1561106212105,1072.8248291015625,21200,0.0,0.0
2004-02-13 00:00:00+09:00,1072.8248814174108,1072.8248814174108,1051.475132533482,1064.8187255859375,28000,0.0,0.0
2004-02-16 00:00:00+09:00,1062.1498141818577,1067.4872504340278,1051.4749416775173,1056.8123779296875,21400,0.0,0.0
2004-02-17 00:00:00+09:00,1046.137018487005,1080.8303379776453,1046.137018487005,1078.16162109375,27200,0.0,0.0
2004-02-18 00:00:00+09:00,1094.1745769443799,1094.1745769443799,1067.4873921408582,1072.8248291015625,23000,0.0,0.0
2004-02-19 00:00:00+09:00,1070.156145324707,1091.5058938598634,1067.4874267578125,1067.4874267578125,39600,0.0,0.0
2004-02-20 00:00:00+09:00,1062.1497971849417,1064.818515268321,1048.8062067680455,1059.4810791015625,37400,0.0,0.0
2004-02-23 00:00:00+09:00,1059.480891277665,1080.8306321598347,1054.1434560571226,1070.15576171875,27200,0.0,0.0
2004-02-24 00:00:00+09:00,1078.162246194168,1083.4996830565153,1035.462751295389,1038.1314697265625,36600,0.0,0.0
2004-02-25 00:00:00+09:00,1054.1437803136048,1054.1437803136048,1032.7940328642153,1038.1314697265625,33600,0.0,0.0
2004-02-26 00:00:00+09:00,1048.8061356133012,1054.143571417949,1046.1374177109772,1051.474853515625,19800,0.0,0.0
2004-02-27 00:00:00+09:00,1056.8125697544642,1067.4874441964287,1051.475132533482,1064.8187255859375,29200,0.0,0.0
2004-03-01 00:00:00+09:00,1075.4931876408732,1091.5054931640625,1072.824470053675,1091.5054931640625,40400,0.0,0.0
2004-03-02 00:00:00+09:00,1102.1808743944355,1110.1870308670343,1086.168561449238,1088.8372802734375,34200,0.0,0.0
2004-03-03 00:00:00+09:00,1091.505771496372,1099.511926299524,1080.830898425503,1086.1683349609375,49400,0.0,0.0
2004-03-04 00:00:00+09:00,1083.4998239370493,1115.52444927509,1083.4998239370493,1110.18701171875,75800,0.0,0.0
2004-03-05 00:00:00+09:00,1107.5182585704647,1120.861852047217,1088.837227703011,1096.8433837890625,74600,0.0,0.0
2004-03-08 00:00:00+09:00,1094.1746817389837,1115.5244316265737,1094.1746817389837,1112.855712890625,70400,0.0,0.0
2004-03-09 00:00:00+09:00,1107.5179056307163,1110.1866234756096,1088.8368807164634,1094.17431640625,43800,0.0,0.0
2004-03-10 00:00:00+09:00,1094.1746303013392,1096.8433489118304,1075.4936000279017,1083.499755859375,35000,0.0,0.0
2004-03-11 00:00:00+09:00,1072.8248638916016,1078.1623010253907,1056.8125524902343,1067.4874267578125,56600,0.0,0.0
2004-03-12 00:00:00+09:00,1062.1497802734375,1062.1497802734375,1051.4749081098853,1062.1497802734375,40800,0.0,0.0
2004-03-15 00:00:00+09:00,1075.4936000279017,1080.831037248884,1059.4812883649554,1064.8187255859375,52200,0.0,0.0
2004-03-16 00:00:00+09:00,1062.149831264834,1062.149831264834,1051.4749585888055,1054.1436767578125,40800,0.0,0.0
2004-03-17 00:00:00+09:00,1059.4812710571289,1067.4874267578125,1048.8063967895507,1067.4874267578125,58000,0.0,0.0
2004-03-18 00:00:00+09:00,1072.8246695184587,1078.1621056852173,1054.1436429348041,1059.4810791015625,66200,0.0,0.0
2004-03-19 00:00:00+09:00,1051.4749416775173,1062.1498141818577,1048.8062235514324,1056.8123779296875,32800,0.0,0.0
2004-03-22 00:00:00+09:00,1056.8123610181833,1067.4872333517003,1056.8123610181833,1059.4810791015625,26400,0.0,0.0
2004-03-23 00:00:00+09:00,1054.1436598036025,1062.1498141818577,1043.4687872992622,1056.8123779296875,34400,0.0,0.0
2004-03-24 00:00:00+09:00,1059.4810960557727,1062.1498141818577,1054.1436598036025,1056.8123779296875,37200,0.0,0.0
2004-03-25 00:00:00+09:00,1064.8183264982076,1070.15576171875,1056.8121736673938,1070.15576171875,40600,0.0,0.0
2004-03-26 00:00:00+09:00,1102.5849825322482,1102.5849825322482,1089.0729116678824,1099.882568359375,66600,25.0,0.0
2004-03-29 00:00:00+09:00,1118.7994456571691,1175.5501421760111,1113.3946174172795,1148.5260009765625,325800,0.0,0.0
2004-03-30 00:00:00+09:00,1167.443125550176,1180.9551987625623,1143.1213937678808,1151.2286376953125,181000,0.0,0.0
2004-03-31 00:00:00+09:00,1148.526066061445,1148.526066061445,1129.6091661498447,1140.4188232421875,50000,0.0,0.0
2004-04-01 00:00:00+09:00,1126.9070047231821,1137.7166642409104,1102.5852708082932,1124.20458984375,91200,0.0,0.0
2004-04-02 00:00:00+09:00,1126.9068942760912,1148.5262111926588,1121.5020650469494,1137.716552734375,70200,0.0,0.0
2004-04-05 00:00:00+09:00,1151.2286820321715,1159.3359262718345,1137.7166082993995,1145.8238525390625,90800,0.0,0.0
2004-04-06 00:00:00+09:00,1156.6332869292996,1156.6332869292996,1132.3115589331228,1143.1212158203125,75400,0.0,0.0
2004-04-07 00:00:00+09:00,1135.0138152129325,1137.7162290586775,1124.2041598299522,1132.3114013671875,45800,0.0,0.0
2004-04-08 00:00:00+09:00,1107.9898814006024,1124.2043674698793,1102.5850527108432,1121.501953125,52600,0.0,0.0
2004-04-09 00:00:00+09:00,1102.5848815617303,1113.394537263316,1089.0728119347484,1097.1800537109375,62200,0.0,0.0
2004-04-12 00:00:00+09:00,1107.9900238479395,1126.9069266941237,1105.2876091556273,1118.7996826171875,56400,0.0,0.0
2004-04-13 00:00:00+09:00,1129.6091961596385,1135.0140248493976,1116.0971244352409,1121.501953125,51200,0.0,0.0
2004-04-14 00:00:00+09:00,1110.692037740568,1124.2041063262195,1099.8823828720465,1107.9896240234375,64200,0.0,0.0
2004-04-15 00:00:00+09:00,1107.9898987573667,1113.3947275317928,1086.370583659662,1089.072998046875,48800,0.0,0.0
2004-04-16 00:00:00+09:00,1097.180197482639,1099.8826117621527,1086.3705403645833,1094.477783203125,35600,0.0,0.0
2004-04-19 00:00:00+09:00,1102.5848815617303,1118.7993651141087,1083.6679840839556,1097.1800537109375,83400,0.0,0.0
2004-04-20 00:00:00+09:00,1097.1801894436207,1113.3946750019009,1089.0729466644807,1110.6922607421875,46000,0.0,0.0
2004-04-21 00:00:00+09:00,1110.692117339199,1121.5017729824028,1102.5848756067962,1113.39453125,52800,0.0,0.0
2004-04-22 00:00:00+09:00,1121.501902045933,1143.1212158203125,1107.989830936946,1143.1212158203125,122600,0.0,0.0
2004-04-23 00:00:00+09:00,1180.9550132057882,1189.062255859375,1162.0381136807528,1189.062255859375,452600,0.0,0.0
2004-04-26 00:00:00+09:00,1210.6815110125858,1213.3839250996675,1175.5501278805243,1180.9549560546875,187000,0.0,0.0
2004-04-27 00:00:00+09:00,1164.7405788280346,1180.955064844202,1151.228507147895,1167.4429931640625,78200,0.0,0.0
2004-04-28 00:00:00+09:00,1167.442971456409,1175.550214313745,1164.7405571706302,1170.1453857421875,61000,0.0,0.0
2004-04-29 00:00:00+09:00,1170.1453857421875,1170.1453857421875,1170.1453857421875,1170.1453857421875,0,0.0,0.0
2004-04-30 00:00:00+09:00,1148.5263550087914,1164.7408447265625,1132.31186529102,1164.7408447265625,67000,0.0,0.0
2004-05-03 00:00:00+09:00,1164.7408447265625,1164.7408447265625,1164.7408447265625,1164.7408447265625,0,0.0,0.0
2004-05-04 00:00:00+09:00,1164.7408447265625,1164.7408447265625,1164.7408447265625,1164.7408447265625,0,0.0,0.0
2004-05-05 00:00:00+09:00,1164.7408447265625,1164.7408447265625,1164.7408447265625,1164.7408447265625,0,0.0,0.0
2004-05-06 00:00:00+09:00,1162.038071576287,1162.038071576287,1140.418758616728,1148.5260009765625,39400,0.0,0.0
2004-05-07 00:00:00+09:00,1143.1212158203125,1148.5260442639074,1132.3115589331228,1143.1212158203125,62600,0.0,0.0
2004-05-10 00:00:00+09:00,1143.1213891415196,1143.1213891415196,1062.0489501953125,1062.0489501953125,89800,0.0,0.0
2004-05-11 00:00:00+09:00,1048.5366030538025,1105.2872954871268,1048.5366030538025,1097.1800537109375,93800,0.0,0.0
2004-05-12 00:00:00+09:00,1107.9899586190422,1126.9068603515625,1107.9899586190422,1126.9068603515625,55800,0.0,0.0
2004-05-13 00:00:00+09:00,1121.501692609089,1132.3113474776105,1099.8823828720465,1107.9896240234375,44200,0.0,0.0
2004-05-14 00:00:00+09:00,1097.1801541865018,1121.5018817423602,1089.0729116678824,1099.882568359375,50000,0.0,0.0
2004-05-17 00:00:00+09:00,1045.8342268660263,1053.941468934755,989.083532384924,999.8931884765625,145000,0.0,0.0
2004-05-18 00:00:00+09:00,986.381255629149,1075.5609307956202,986.381255629149,1043.1319580078125,103000,0.0,0.0
2004-05-19 00:00:00+09:00,1056.6441108875704,1080.9658423402254,1053.94169628172,1078.263427734375,55600,0.0,0.0
2004-05-20 00:00:00+09:00,1059.3461864989008,1097.1799788738615,1059.3461864989008,1075.5606689453125,41000,0.0,0.0
2004-05-21 00:00:00+09:00,1091.7755356940672,1118.7996826171875,1089.073121001755,1118.7996826171875,37600,0.0,0.0
2004-05-24 00:00:00+09:00,1132.3114286256068,1132.3114286256068,1107.9897034283981,1113.39453125,33200,0.0,0.0
2004-05-25 00:00:00+09:00,1107.989709412523,1107.989709412523,1091.7752258601447,1097.1800537109375,17600,0.0,0.0
2004-05-26 00:00:00+09:00,1110.6922607421875,1121.501917781041,1102.5850179630474,1110.6922607421875,30200,0.0,0.0
2004-05-27 00:00:00+09:00,1110.6922250508676,1116.0970533966138,1094.4777400136286,1099.882568359375,16800,0.0,0.0
2004-05-28 00:00:00+09:00,1102.5850527108432,1121.501953125,1099.8826383659639,1121.501953125,20400,0.0,0.0
2004-05-31 00:00:00+09:00,1121.5015901971271,1121.5015901971271,1094.4774554935818,1105.287109375,26400,0.0,0.0
2004-06-01 00:00:00+09:00,1091.7751417206555,1107.9896240234375,1091.7751417206555,1107.9896240234375,22200,0.0,0.0
2004-06-02 00:00:00+09:00,1097.1801541865018,1105.2873967051212,1094.4777400136286,1099.882568359375,18800,0.0,0.0
2004-06-03 00:00:00+09:00,1099.8826776760727,1102.5850921175374,1080.965776585821,1086.37060546875,32800,0.0,0.0
2004-06-04 00:00:00+09:00,1075.5608408035166,1099.882568359375,1075.5608408035166,1099.882568359375,29000,0.0,0.0
2004-06-07 00:00:00+09:00,1089.0729466644807,1113.3946750019009,1086.3705324047673,1110.6922607421875,53600,0.0,0.0
2004-06-08 00:00:00+09:00,1113.3947406843597,1113.3947406843597,1099.8826685886759,1102.5850830078125,21200,0.0,0.0
2004-06-09 00:00:00+09:00,1110.6922607421875,1116.0970892616142,1097.1801894436207,1110.6922607421875,22400,0.0,0.0
2004-06-10 00:00:00+09:00,1107.9900238479395,1121.5020973094997,1099.8827797710032,1118.7996826171875,30000,0.0,0.0
2004-06-11 00:00:00+09:00,1121.5020973094997,1126.9069266941237,1110.6924385402515,1118.7996826171875,46000,0.0,0.0
2004-06-14 00:00:00+09:00,1113.3946317437199,1124.204288362591,1113.3946317437199,1116.0970458984375,21800,0.0,0.0
2004-06-15 00:00:00+09:00,1116.0967632564182,1118.7991767267727,1102.5846959046455,1105.287109375,16200,0.0,0.0
2004-06-16 00:00:00+09:00,1107.9898464824741,1124.2043320407543,1105.2874322227608,1110.6922607421875,21800,0.0,0.0
2004-06-17 00:00:00+09:00,1107.9896240234375,1113.394451457698,1099.8823828720465,1107.9896240234375,16600,0.0,0.0
2004-06-18 00:00:00+09:00,1107.9898108779944,1110.6922250508676,1094.4777400136286,1099.882568359375,18000,0.0,0.0
2004-06-21 00:00:00+09:00,1113.3943497860637,1113.3943497860637,1094.4774554935818,1105.287109375,23000,0.0,0.0
2004-06-22 00:00:00+09:00,1102.5846959046455,1110.691936315709,1094.4774554935818,1105.287109375,22000,0.0,0.0
2004-06-23 00:00:00+09:00,1110.692037740568,1110.692037740568,1105.287210306307,1107.9896240234375,14600,0.0,0.0
2004-06-24 00:00:00+09:00,1116.0970458984375,1118.7994600531554,1107.9898034342843,1116.0970458984375,26400,0.0,0.0
2004-06-25 00:00:00+09:00,1116.0970458984375,1116.0970458984375,1099.882560970131,1116.0970458984375,17800,0.0,0.0
2004-06-28 00:00:00+09:00,1121.5019233305873,1140.4188232421875,1116.0970947844157,1140.4188232421875,46000,0.0,0.0
2004-06-29 00:00:00+09:00,1145.8238525390625,1153.9310967787258,1135.014193552845,1145.8238525390625,38200,0.0,0.0
2004-06-30 00:00:00+09:00,1153.9308727075022,1153.9308727075022,1137.7163873767176,1143.1212158203125,19400,0.0,0.0
2004-07-01 00:00:00+09:00,1135.0140380859375,1143.1212812151227,1129.6092093331472,1135.0140380859375,24000,0.0,0.0
2004-07-02 00:00:00+09:00,1129.609130859375,1135.0139592366927,1110.6922315387635,1129.609130859375,35600,0.0,0.0
2004-07-05 00:00:00+09:00,1121.501917781041,1129.609160560181,1107.9898464824741,1110.6922607421875,26400,0.0,0.0
2004-07-06 00:00:00+09:00,1105.287506559002,1113.3947498833957,1086.37060546875,1086.37060546875,48800,0.0,0.0
2004-07-07 00:00:00+09:00,1086.3706715519268,1086.3706715519268,1072.858598522674,1078.263427734375,36000,0.0,0.0
2004-07-08 00:00:00+09:00,1080.9654964274498,1080.9654964274498,1070.1558414631752,1075.5606689453125,25600,0.0,0.0
2004-07-09 00:00:00+09:00,1075.5606594178735,1110.692037740568,1075.5606594178735,1107.9896240234375,42000,0.0,0.0
2004-07-12 00:00:00+09:00,1099.8823828720465,1116.0968651748285,1099.8823828720465,1107.9896240234375,15200,0.0,0.0
2004-07-13 00:00:00+09:00,1110.6922607421875,1113.3946750019009,1091.775360924194,1110.6922607421875,26800,0.0,0.0
2004-07-14 00:00:00+09:00,1107.9895228453545,1143.1208979599633,1105.287109375,1105.287109375,32200,0.0,0.0
2004-07-15 00:00:00+09:00,1105.287506559002,1105.287506559002,1078.2633621443563,1086.37060546875,25200,0.0,0.0
2004-07-16 00:00:00+09:00,1080.965570158559,1097.1800537109375,1080.965570158559,1097.1800537109375,16200,0.0,0.0
2004-07-19 00:00:00+09:00,1097.1800537109375,1097.1800537109375,1097.1800537109375,1097.1800537109375,0,0.0,0.0
2004-07-20 00:00:00+09:00,1083.667724609375,1089.0725511660303,1080.9653113310474,1083.667724609375,14400,0.0,0.0
2004-07-21 00:00:00+09:00,1089.072610987295,1097.1798512675975,1086.3701975605277,1091.7750244140625,15800,0.0,0.0
2004-07-22 00:00:00+09:00,1083.6681910272855,1086.37060546875,1078.2633621443563,1086.37060546875,8800,0.0,0.0
2004-07-23 00:00:00+09:00,1089.0730861577772,1091.7755007636279,1070.1561839168232,1078.263427734375,47800,0.0,0.0
2004-07-26 00:00:00+09:00,1080.9653113310474,1089.0725511660303,1078.2628980527197,1083.667724609375,34600,0.0,0.0
2004-07-27 00:00:00+09:00,1080.9658423402254,1086.3706715519268,1062.0489400992715,1078.263427734375,32800,0.0,0.0
2004-07-28 00:00:00+09:00,1086.3701378877026,1091.774964444358,1070.1556582177368,1083.667724609375,22400,0.0,0.0
2004-07-29 00:00:00+09:00,1080.9656982421875,1083.668112487793,1075.5608697509767,1080.9656982421875,26000,0.0,0.0
2004-07-30 00:00:00+09:00,1086.3701975605277,1097.1798512675975,1086.3701975605277,1091.7750244140625,13800,0.0,0.0
2004-08-02 00:00:00+09:00,1097.1800537109375,1097.1800537109375,1089.0728119347484,1097.1800537109375,13600,0.0,0.0
2004-08-03 00:00:00+09:00,1097.1802412085144,1097.1802412085144,1083.668169272449,1089.072998046875,21200,0.0,0.0
2004-08-04 00:00:00+09:00,1083.668256946076,1086.3706715519268,1056.6441108875704,1078.263427734375,39800,0.0,0.0
2004-08-05 00:00:00+09:00,1078.263082686381,1080.9654964274498,1070.1558414631752,1075.5606689453125,13400,0.0,0.0
2004-08-06 00:00:00+09:00,1062.0485210996685,1070.15576171875,1059.3461075599748,1070.15576171875,10800,0.0,0.0
2004-08-09 00:00:00+09:00,1062.0489501953125,1062.0489501953125,1051.2392916691515,1062.0489501953125,11800,0.0,0.0
2004-08-10 00:00:00+09:00,1053.9414217019382,1067.4534912109375,1053.9414217019382,1067.4534912109375,10000,0.0,0.0
2004-08-11 00:00:00+09:00,1067.4534277221067,1080.9654964274498,1062.0486002399693,1075.5606689453125,16600,0.0,0.0
2004-08-12 00:00:00+09:00,1064.7513547051221,1078.263427734375,1064.7513547051221,1078.263427734375,8600,0.0,0.0
2004-08-13 00:00:00+09:00,1053.9416067940847,1064.751264299665,1053.9416067940847,1059.346435546875,11800,0.0,0.0
2004-08-16 00:00:00+09:00,1062.048806437381,1067.453634968869,1043.1319065771731,1064.751220703125,28000,0.0,0.0
2004-08-17 00:00:00+09:00,1059.3461864989008,1075.5606689453125,1059.3461864989008,1075.5606689453125,23400,0.0,0.0
2004-08-18 00:00:00+09:00,1072.858468967014,1094.477783203125,1067.453640407986,1094.477783203125,36800,0.0,0.0
2004-08-19 00:00:00+09:00,1099.882855928861,1132.3118344820462,1099.882855928861,1124.20458984375,48200,0.0,0.0
2004-08-20 00:00:00+09:00,1124.204288362591,1124.204288362591,1107.9898034342843,1116.0970458984375,38600,0.0,0.0
2004-08-23 00:00:00+09:00,1124.20458984375,1129.6094196026143,1113.3949303260215,1124.20458984375,32200,0.0,0.0
2004-08-24 00:00:00+09:00,1129.6093205554944,1151.2286376953125,1129.6093205554944,1151.2286376953125,102400,0.0,0.0
2004-08-25 00:00:00+09:00,1137.7164089691018,1148.526066061445,1132.3115804229303,1140.4188232421875,36600,0.0,0.0
2004-08-26 00:00:00+09:00,1143.121381963517,1148.5262111926588,1126.9068942760912,1137.716552734375,32600,0.0,0.0
2004-08-27 00:00:00+09:00,1135.014138119804,1137.716552734375,1124.2044796615203,1137.716552734375,18400,0.0,0.0
2004-08-30 00:00:00+09:00,1132.3114013671875,1137.7162290586775,1124.2041598299522,1132.3114013671875,9000,0.0,0.0
2004-08-31 00:00:00+09:00,1135.0140380859375,1143.1212812151227,1121.501966203962,1135.0140380859375,35800,0.0,0.0
2004-09-01 00:00:00+09:00,1143.1212375152734,1143.1212375152734,1135.013994696016,1140.4188232421875,22600,0.0,0.0
2004-09-02 00:00:00+09:00,1140.4188232421875,1143.1212375152734,1135.013994696016,1140.4188232421875,18200,0.0,0.0
2004-09-03 00:00:00+09:00,1143.1210567501678,1143.1210567501678,1129.6089875214425,1132.3114013671875,37400,0.0,0.0
2004-09-06 00:00:00+09:00,1135.013994696016,1143.1212375152734,1124.2043376036731,1140.4188232421875,43000,0.0,0.0
2004-09-07 00:00:00+09:00,1140.4188668387276,1140.4188668387276,1129.6092093331472,1135.0140380859375,35600,0.0,0.0
2004-09-08 00:00:00+09:00,1140.418967348946,1148.5262111926588,1135.014138119804,1137.716552734375,26200,0.0,0.0
2004-09-09 00:00:00+09:00,1137.716552734375,1140.418967348946,1132.3117235052332,1137.716552734375,30400,0.0,0.0
2004-09-10 00:00:00+09:00,1140.4186429044228,1140.4186429044228,1124.2041598299522,1132.3114013671875,54800,0.0,0.0
2004-09-13 00:00:00+09:00,1135.0139731549202,1148.5260442639074,1132.3115589331228,1143.1212158203125,25000,0.0,0.0
2004-09-14 00:00:00+09:00,1145.82363004211,1148.5260442639074,1140.418801598515,1143.1212158203125,26200,0.0,0.0
2004-09-15 00:00:00+09:00,1145.823651788359,1145.823651788359,1137.7164089691018,1140.4188232421875,30200,0.0,0.0
2004-09-16 00:00:00+09:00,1135.014138119804,1143.121381963517,1135.014138119804,1137.716552734375,23800,0.0,0.0
2004-09-17 00:00:00+09:00,1135.014138119804,1137.716552734375,1121.5020650469494,1137.716552734375,76200,0.0,0.0
2004-09-20 00:00:00+09:00,1137.716552734375,1137.716552734375,1137.716552734375,1137.716552734375,0,0.0,0.0
2004-09-21 00:00:00+09:00,1137.7164089691018,1145.823651788359,1137.7164089691018,1140.4188232421875,29200,0.0,0.0
2004-09-22 00:00:00+09:00,1145.823808410358,1153.9310523377897,1137.7165644829263,1151.2286376953125,55400,0.0,0.0
2004-09-23 00:00:00+09:00,1151.2286376953125,1151.2286376953125,1151.2286376953125,1151.2286376953125,0,0.0,0.0
2004-09-24 00:00:00+09:00,1148.5261099679128,1148.5261099679128,1126.9067949567523,1135.0140380859375,25600,0.0,0.0
2004-09-27 00:00:00+09:00,1148.6889764418795,1154.1589239487457,1145.9540026884465,1151.4239501953125,24400,25.0,0.0
2004-09-28 00:00:00+09:00,1148.68896484375,1151.4239385695685,1135.014096214658,1148.68896484375,39600,0.0,0.0
2004-09-29 00:00:00+09:00,1145.9537353515625,1151.4236815823574,1140.4837891207674,1145.9537353515625,44200,0.0,0.0
2004-09-30 00:00:00+09:00,1148.6889414810107,1151.4239151512036,1143.218994140625,1143.218994140625,30200,0.0,0.0
2004-10-01 00:00:00+09:00,1143.219017392113,1154.158912295387,1143.219017392113,1148.68896484375,30600,0.0,0.0
2004-10-04 00:00:00+09:00,1154.158947090167,1159.628894706708,1145.9540256653554,1156.8939208984375,27400,0.0,0.0
2004-10-05 00:00:00+09:00,1148.689026438862,1200.653530015858,1148.689026438862,1192.4486083984375,94200,0.0,0.0
2004-10-06 00:00:00+09:00,1189.7135765978467,1189.7135765978467,1176.0387079013196,1178.773681640625,43400,0.0,0.0
2004-10-07 00:00:00+09:00,1173.3037225767625,1181.5086437136629,1173.3037225767625,1176.0386962890625,43200,0.0,0.0
2004-10-08 00:00:00+09:00,1176.0387079013196,1178.773681640625,1170.568760422709,1178.773681640625,44600,0.0,0.0
2004-10-11 00:00:00+09:00,1178.773681640625,1178.773681640625,1178.773681640625,1178.773681640625,0,0.0,0.0
2004-10-12 00:00:00+09:00,1176.038684622669,1176.038684622669,1167.833763567162,1173.3037109375,65800,0.0,0.0
2004-10-13 00:00:00+09:00,1173.3037225767625,1184.243617425963,1170.5687488644623,1176.0386962890625,39600,0.0,0.0
2004-10-14 00:00:00+09:00,1176.0386962890625,1181.5086437136629,1170.5687488644623,1176.0386962890625,120000,0.0,0.0
2004-10-15 00:00:00+09:00,1176.0385005265337,1197.9182865828413,1170.5685540124568,1186.9783935546875,111000,0.0,0.0
2004-10-18 00:00:00+09:00,1195.182918407299,1195.182918407299,1176.0381119339556,1181.508056640625,53400,0.0,0.0
2004-10-19 00:00:00+09:00,1189.7135765978467,1189.7135765978467,1173.3037341620143,1178.773681640625,47600,0.0,0.0
2004-10-20 00:00:00+09:00,1176.0386962890625,1178.7736700013627,1173.3037225767625,1176.0386962890625,39400,0.0,0.0
2004-10-21 00:00:00+09:00,1170.568760422709,1178.773681640625,1165.0988129440982,1178.773681640625,43000,0.0,0.0
2004-10-22 00:00:00+09:00,1176.0386962890625,1178.7736700013627,1170.5687488644623,1176.0386962890625,52800,0.0,0.0
2004-10-25 00:00:00+09:00,1170.5687546502977,1214.328334263393,1159.6288597470239,1206.1234130859375,69000,0.0,0.0
2004-10-26 00:00:00+09:00,1203.3883878635347,1247.147965604027,1200.653414254754,1222.533203125,147400,0.0,0.0
2004-10-27 00:00:00+09:00,1228.0029924102644,1230.7379656673027,1176.0385005265337,1186.9783935546875,72600,0.0,0.0
2004-10-28 00:00:00+09:00,1197.9185213084586,1203.388468894342,1173.3037571719833,1184.24365234375,54600,0.0,0.0
2004-10-29 00:00:00+09:00,1197.918491908482,1219.7982817150298,1176.0387021019346,1206.1234130859375,68400,0.0,0.0
2004-11-01 00:00:00+09:00,1217.063170030382,1244.412904188368,1197.9183561197917,1230.738037109375,80600,0.0,0.0
2004-11-02 00:00:00+09:00,1233.4733674197187,1290.9078257696392,1219.7984963840233,1288.1728515625,222400,0.0,0.0
2004-11-03 00:00:00+09:00,1288.1728515625,1288.1728515625,1288.1728515625,1288.1728515625,0,0.0,0.0
2004-11-04 00:00:00+09:00,1315.522291779268,1348.3419747342602,1285.4375824038586,1304.5823974609375,337800,0.0,0.0
2004-11-05 00:00:00+09:00,1304.582393199756,1334.6671024768993,1293.6424989171585,1331.93212890625,180800,0.0,0.0
2004-11-08 00:00:00+09:00,1340.1368656395878,1342.8718388347706,1307.3171872973937,1318.257080078125,87600,0.0,0.0
2004-11-09 00:00:00+09:00,1304.582531023225,1315.522426461575,1285.4377140061129,1307.3175048828125,114400,0.0,0.0
2004-11-10 00:00:00+09:00,1307.3176710124735,1307.3176710124735,1288.1728515625,1288.1728515625,41800,0.0,0.0
2004-11-11 00:00:00+09:00,1299.1124460584574,1383.8966267485882,1290.9075253465091,1331.93212890625,278600,0.0,0.0
2004-11-12 00:00:00+09:00,1340.1369776101221,1342.8719510338165,1315.522216796875,1315.522216796875,124600,0.0,0.0
2004-11-15 00:00:00+09:00,1326.4625021735087,1331.93245063608,1312.787631017081,1320.9925537109375,86600,0.0,0.0
2004-11-16 00:00:00+09:00,1326.4618295138,1345.6066394243085,1315.5219381363665,1334.666748046875,108600,0.0,0.0
2004-11-17 00:00:00+09:00,1334.6669651679842,1408.5112439785078,1334.6669651679842,1383.896484375,350800,0.0,0.0
2004-11-18 00:00:00+09:00,1375.691366390306,1389.3662308673468,1337.4017458545918,1340.13671875,186600,0.0,0.0
2004-11-19 00:00:00+09:00,1340.1371911978622,1342.8721650574498,1299.11258330405,1307.3175048828125,150200,0.0,0.0
2004-11-22 00:00:00+09:00,1293.6423450816762,1329.1969972720817,1282.702452100013,1323.72705078125,137800,0.0,0.0
2004-11-23 00:00:00+09:00,1323.72705078125,1323.72705078125,1323.72705078125,1323.72705078125,0,0.0,0.0
2004-11-24 00:00:00+09:00,1326.4621281102447,1375.691650390625,1326.4621281102447,1375.691650390625,344400,0.0,0.0
2004-11-25 00:00:00+09:00,1362.0166980607708,1383.896484375,1348.3418316143775,1383.896484375,239800,0.0,0.0
2004-11-26 00:00:00+09:00,1367.48681640625,1375.6917373046876,1362.016869140625,1367.48681640625,210800,0.0,0.0
2004-11-29 00:00:00+09:00,1370.2219093015235,1427.6563605896113,1367.486935430662,1424.92138671875,300600,0.0,0.0
2004-11-30 00:00:00+09:00,1416.7166418503446,1449.5363323951403,1408.5117192141456,1438.596435546875,334600,0.0,0.0
2004-12-01 00:00:00+09:00,1438.5961740654207,1468.6808849299066,1422.1863317757009,1463.2109375,533600,0.0,0.0
2004-12-02 00:00:00+09:00,1474.1503954291984,1547.9946638458744,1463.210503811913,1528.849853515625,740400,0.0,0.0
2004-12-03 00:00:00+09:00,1553.4651225235334,1602.6946510542086,1528.8503582581957,1561.6700439453125,572400,0.0,0.0
2004-12-06 00:00:00+09:00,1597.224743909542,1695.6838034656096,1589.0198222798697,1687.4788818359375,828000,0.0,0.0
2004-12-07 00:00:00+09:00,1728.5031709364425,1750.3829579103215,1599.9594224649031,1616.3692626953125,842400,0.0,0.0
2004-12-08 00:00:00+09:00,1589.0195246570045,1673.8036989502355,1583.549577928409,1671.0687255859375,454200,0.0,0.0
2004-12-09 00:00:00+09:00,1695.6832129066606,1723.0329421470906,1654.6586190460155,1665.5985107421875,350400,0.0,0.0
2004-12-10 00:00:00+09:00,1682.0085344410907,1684.7435076678241,1616.369176999487,1624.5740966796875,233600,0.0,0.0
2004-12-13 00:00:00+09:00,1613.6340160403392,1613.6340160403392,1550.7296391438515,1556.1995849609375,214600,0.0,0.0
2004-12-14 00:00:00+09:00,1545.2600686591968,1580.8147251062228,1504.235465066475,1558.9349365234375,357000,0.0,0.0
2004-12-15 00:00:00+09:00,1564.4046630859373,1591.754394958069,1561.669689898724,1564.4046630859375,132000,0.0,0.0
2004-12-16 00:00:00+09:00,1542.5247555118438,1556.1996203656722,1528.8498906580155,1537.0548095703125,119400,0.0,0.0
2004-12-17 00:00:00+09:00,1539.7901728203956,1578.079804116107,1523.380330836519,1542.525146484375,186000,0.0,0.0
2004-12-20 00:00:00+09:00,1542.5247555118438,1547.9947014533752,1520.6449717457183,1537.0548095703125,215200,0.0,0.0
2004-12-21 00:00:00+09:00,1523.3806051156716,1550.7303466796873,1523.3806051156716,1550.7303466796875,152800,0.0,0.0
2004-12-22 00:00:00+09:00,1575.3445081208881,1665.598620565314,1572.6095350165115,1662.8636474609375,454400,0.0,0.0
2004-12-23 00:00:00+09:00,1662.8636474609375,1662.8636474609375,1662.8636474609375,1662.8636474609375,0,0.0,0.0
2004-12-24 00:00:00+09:00,1679.2741008100397,1687.4790231267011,1627.3095928045175,1632.779541015625,239200,0.0,0.0
2004-12-27 00:00:00+09:00,1643.7186903748968,1687.478256175227,1632.7787989248143,1657.3935546875,161000,0.0,0.0
2004-12-28 00:00:00+09:00,1668.3334461375825,1679.273337587665,1646.4536632374175,1657.3935546875,118600,0.0,0.0
2004-12-29 00:00:00+09:00,1662.8637833889816,1662.8637833889816,1627.3091301257302,1638.2490234375,95000,0.0,0.0
2004-12-30 00:00:00+09:00,1654.658935546875,1657.39390899406,1635.5141214165806,1654.658935546875,52800,0.0,0.0
2004-12-31 00:00:00+09:00,1654.658935546875,1654.658935546875,1654.658935546875,1654.658935546875,0,0.0,0.0
2005-01-03 00:00:00+09:00,1654.658935546875,1654.658935546875,1654.658935546875,1654.658935546875,0,0.0,0.0
2005-01-04 00:00:00+09:00,1640.9837175123762,1657.3935546875,1635.513771787335,1657.3935546875,35400,0.0,0.0
2005-01-05 00:00:00+09:00,1640.9842645070714,1657.3941071521422,1638.249290732893,1643.71923828125,80800,0.0,0.0
2005-01-06 00:00:00+09:00,1640.9837925165793,1714.8280631798254,1640.9837925165793,1701.1531982421875,252400,0.0,0.0
2005-01-07 00:00:00+09:00,1703.888827875399,1712.0937499999998,1682.0090355431307,1712.09375,203800,0.0,0.0
2005-01-10 00:00:00+09:00,1712.0937499999998,1712.0937499999998,1712.0937499999998,1712.09375,0,0.0,0.0
2005-01-11 00:00:00+09:00,1706.6230529406057,1788.6722381781346,1695.6831615756016,1761.322509765625,441800,0.0,0.0
2005-01-12 00:00:00+09:00,1766.7934585691437,1772.2634073572833,1725.7688426580953,1736.708740234375,171200,0.0,0.0
2005-01-13 00:00:00+09:00,1742.1779798784514,1747.6479264400791,1709.3583005086846,1714.8282470703125,95400,0.0,0.0
2005-01-14 00:00:00+09:00,1714.8282457288806,1742.177978515625,1690.2134862208106,1742.177978515625,162400,0.0,0.0
2005-01-17 00:00:00+09:00,1744.913101463136,1750.383048489666,1698.418551737629,1720.29833984375,104600,0.0,0.0
2005-01-18 00:00:00+09:00,1712.0932737894987,1723.033166912754,1698.4184073854292,1714.8282470703125,58200,0.0,0.0
2005-01-19 00:00:00+09:00,1712.0936583485031,1712.0936583485031,1687.4788932923746,1690.2138671875,73400,0.0,0.0
2005-01-20 00:00:00+09:00,1676.5383647251444,1676.5383647251444,1651.9236089624587,1657.3935546875,86000,0.0,0.0
2005-01-21 00:00:00+09:00,1635.513771787335,1679.273337587665,1630.0438260622936,1657.3935546875,66600,0.0,0.0
2005-01-24 00:00:00+09:00,1638.249192473505,1660.1289813546202,1632.7792452532262,1649.1890869140625,79600,0.0,0.0
2005-01-25 00:00:00+09:00,1632.779041902197,1646.4539082497865,1586.2844963203925,1602.6943359375,181800,0.0,0.0
2005-01-26 00:00:00+09:00,1589.019602371034,1608.164416857432,1580.8146818768632,1605.429443359375,96000,0.0,0.0
2005-01-27 00:00:00+09:00,1621.839284347716,1630.0442048418868,1605.429443359375,1605.429443359375,50400,0.0,0.0
2005-01-28 00:00:00+09:00,1597.2243530901585,1608.1642459195432,1591.7544066754663,1594.4893798828125,37000,0.0,0.0
2005-01-31 00:00:00+09:00,1594.489198022959,1621.8389269770407,1578.0793606505101,1608.1640625,58400,0.0,0.0
2005-02-01 00:00:00+09:00,1616.3695641844065,1635.5143813574873,1599.9597208931941,1630.04443359375,45600,0.0,0.0
2005-02-02 00:00:00+09:00,1638.2487446498556,1657.3935546875,1627.3088531997732,1657.3935546875,92400,0.0,0.0
2005-02-03 00:00:00+09:00,1665.5990940580432,1671.0690418217807,1619.1045380662752,1630.04443359375,68600,0.0,0.0
2005-02-04 00:00:00+09:00,1621.8390747070312,1638.2489135742185,1589.019396972656,1613.6341552734375,43200,0.0,0.0
2005-02-07 00:00:00+09:00,1613.6342157956933,1638.2489750196955,1591.7544298188027,1627.30908203125,35200,0.0,0.0
2005-02-08 00:00:00+09:00,1627.3089228449642,1627.3089228449642,1608.1641119879646,1619.10400390625,38000,0.0,0.0
2005-02-09 00:00:00+09:00,1632.7789549123247,1632.7789549123247,1602.6942505504562,1610.899169921875,28400,0.0,0.0
2005-02-10 00:00:00+09:00,1599.959362667982,1610.8992557460538,1589.0194695899104,1602.6943359375,45400,0.0,0.0
2005-02-11 00:00:00+09:00,1602.6943359375,1602.6943359375,1602.6943359375,1602.6943359375,0,0.0,0.0
2005-02-14 00:00:00+09:00,1605.4295303135702,1608.1645039597604,1583.5497411440497,1597.224609375,48800,0.0,0.0
2005-02-15 00:00:00+09:00,1575.3446907722512,1591.754531301129,1553.4649034004144,1567.1397705078125,93400,0.0,0.0
2005-02-16 00:00:00+09:00,1545.2597284826095,1547.9947014533752,1520.6449717457183,1537.0548095703125,88200,0.0,0.0
2005-02-17 00:00:00+09:00,1526.1148806113038,1545.2596909415531,1520.644934802661,1528.849853515625,44000,0.0,0.0
2005-02-18 00:00:00+09:00,1520.6454661828375,1542.525257063166,1520.6454661828375,1539.790283203125,29600,0.0,0.0
2005-02-21 00:00:00+09:00,1545.259850775445,1572.6095826475769,1545.259850775445,1564.4046630859375,39200,0.0,0.0
2005-02-22 00:00:00+09:00,1578.0795777638752,1613.6342302958171,1575.3446044921875,1575.3446044921875,119600,0.0,0.0
2005-02-23 00:00:00+09:00,1558.9349365234375,1575.3447779605265,1556.1999629505895,1558.9349365234375,43800,0.0,0.0
2005-02-24 00:00:00+09:00,1586.2844975789387,1594.4894173940022,1561.6697381337483,1575.3446044921875,46600,0.0,0.0
2005-02-25 00:00:00+09:00,1602.694469861318,1605.429443359375,1580.8146818768632,1605.429443359375,51000,0.0,0.0
2005-02-28 00:00:00+09:00,1608.1640625,1619.1039540816325,1602.6941167091836,1608.1640625,37200,0.0,0.0
2005-03-01 00:00:00+09:00,1613.6344512521405,1624.5743458369009,1583.5497411440497,1597.224609375,62000,0.0,0.0
2005-03-02 00:00:00+09:00,1586.2847668076881,1594.4896880153142,1569.8749243924362,1580.8148193359375,83600,0.0,0.0
2005-03-03 00:00:00+09:00,1572.6098981283117,1589.0197405435636,1564.4049769206856,1580.8148193359375,59200,0.0,0.0
2005-03-04 00:00:00+09:00,1572.6094370874866,1586.2843017578125,1564.404518285291,1586.2843017578125,46000,0.0,0.0
2005-03-07 00:00:00+09:00,1586.2847551316074,1597.2246499945838,1578.079833984375,1578.079833984375,50400,0.0,0.0
2005-03-08 00:00:00+09:00,1572.6095826475769,1586.2844485836429,1561.669689898724,1564.4046630859375,38800,0.0,0.0
2005-03-09 00:00:00+09:00,1569.8749653670918,1569.8749653670918,1558.9350701380529,1561.6700439453125,28600,0.0,0.0
2005-03-10 00:00:00+09:00,1561.6699100962858,1567.139857241982,1558.9349365234375,1558.9349365234375,49600,0.0,0.0
2005-03-11 00:00:00+09:00,1558.9350002592644,1561.6699739439298,1542.525158151272,1545.2601318359375,58600,0.0,0.0
2005-03-14 00:00:00+09:00,1545.2601201483542,1556.2000148042719,1539.7901728203956,1542.525146484375,42200,0.0,0.0
2005-03-15 00:00:00+09:00,1539.790125819615,1556.1999673025948,1531.585205078125,1531.585205078125,43800,0.0,0.0
2005-03-16 00:00:00+09:00,1545.2597284826095,1545.2597284826095,1523.379944716484,1537.0548095703125,47600,0.0,0.0
2005-03-17 00:00:00+09:00,1539.7902132978077,1589.0197405435636,1537.0552395619325,1580.8148193359375,83400,0.0,0.0
2005-03-18 00:00:00+09:00,1616.369272225719,1654.65889965577,1608.1643520621367,1646.4539794921875,160000,0.0,0.0
2005-03-21 00:00:00+09:00,1646.4539794921877,1646.4539794921877,1646.4539794921877,1646.4539794921875,0,0.0,0.0
2005-03-22 00:00:00+09:00,1657.3938448998238,1703.888391703944,1651.923898216986,1695.6834716796875,224000,0.0,0.0
2005-03-23 00:00:00+09:00,1690.2135903602789,1690.2135903602789,1646.4540152053203,1654.658935546875,100000,0.0,0.0
2005-03-24 00:00:00+09:00,1717.5633663304848,1733.9732074100755,1695.683578224364,1720.29833984375,382200,0.0,0.0
2005-03-25 00:00:00+09:00,1709.3583526861064,1717.5632727789998,1660.1288321287466,1671.0687255859375,173000,0.0,0.0
2005-03-28 00:00:00+09:00,1699.1068902978757,1713.125924046208,1693.4992767985427,1707.518310546875,55000,75.0,0.0
2005-03-29 00:00:00+09:00,1710.3222757806,1727.1451178374584,1654.246135591072,1685.0880126953125,59200,0.0,0.0
2005-03-30 00:00:00+09:00,1682.2835699555835,1682.2835699555835,1631.815062856916,1657.04931640625,48000,0.0,0.0
2005-03-31 00:00:00+09:00,1676.6768853486476,1696.3035378527286,1645.8350028422342,1690.6959228515625,50400,0.0,0.0
2005-04-01 00:00:00+09:00,1654.2460328170803,1673.8726806640625,1645.8346123112308,1673.8726806640625,59200,0.0,0.0
2005-04-04 00:00:00+09:00,1673.8727410929093,1696.3031965849416,1668.2651272199014,1693.4993896484375,54200,0.0,0.0
2005-04-05 00:00:00+09:00,1707.517917432283,1715.9293357447573,1690.6950808073345,1704.714111328125,65000,0.0,0.0
2005-04-06 00:00:00+09:00,1713.1263171586834,1721.5377393378587,1699.1072801933915,1710.322509765625,35000,0.0,0.0
2005-04-07 00:00:00+09:00,1713.1263171586834,1713.1263171586834,1693.4996654072747,1710.322509765625,26200,0.0,0.0
2005-04-08 00:00:00+09:00,1699.1073453533118,1707.5187678550608,1679.4806928492305,1690.6959228515625,54000,0.0,0.0
2005-04-11 00:00:00+09:00,1687.891414866728,1687.891414866728,1654.245738822873,1668.2647705078125,49800,0.0,0.0
2005-04-12 00:00:00+09:00,1665.4609840629028,1682.2838222857604,1631.8153076171875,1631.8153076171875,54400,0.0,0.0
2005-04-13 00:00:00+09:00,1640.2267583654318,1645.8343712145445,1606.5810812707564,1609.3848876953125,59000,0.0,0.0
2005-04-14 00:00:00+09:00,1592.562049147975,1617.7963069689815,1592.562049147975,1609.3848876953125,72200,0.0,0.0
2005-04-15 00:00:00+09:00,1598.1697042435146,1614.9925432355517,1586.9544782488233,1600.9735107421875,49000,0.0,0.0
2005-04-18 00:00:00+09:00,1570.131530761719,1584.1505622863772,1525.2706298828127,1525.2706298828125,63800,0.0,0.0
2005-04-19 00:00:00+09:00,1561.7203981656555,1589.7584663553441,1542.0937504328735,1581.3470458984375,65600,0.0,0.0
2005-04-20 00:00:00+09:00,1614.9925432355517,1626.207769230243,1598.1697042435146,1600.9735107421875,57400,0.0,0.0
2005-04-21 00:00:00+09:00,1533.6823636239035,1640.2270250822369,1533.6823636239035,1598.169921875,48200,0.0,0.0
2005-04-22 00:00:00+09:00,1637.4232509183569,1732.752686759494,1600.9737607438044,1693.4993896484375,183000,0.0,0.0
2005-04-25 00:00:00+09:00,1729.9486511429282,1729.9486511429282,1701.9105854842098,1721.5372314453125,159600,0.0,0.0
2005-04-26 00:00:00+09:00,1710.3217235364411,1710.3217235364411,1696.3026930156507,1704.714111328125,47800,0.0,0.0
2005-04-27 00:00:00+09:00,1707.5184687711235,1707.5184687711235,1682.284205685836,1685.0880126953125,57800,0.0,0.0
2005-04-28 00:00:00+09:00,1701.9108104579498,1710.3222312674618,1687.8917757754296,1693.4993896484375,40800,0.0,0.0
2005-04-29 00:00:00+09:00,1693.4993896484377,1693.4993896484377,1693.4993896484377,1693.4993896484375,0,0.0,0.0
2005-05-02 00:00:00+09:00,1707.518224799924,1724.341064453125,1696.3029983644565,1724.341064453125,64800,0.0,0.0
2005-05-03 00:00:00+09:00,1724.341064453125,1724.341064453125,1724.341064453125,1724.341064453125,0,0.0,0.0
2005-05-04 00:00:00+09:00,1724.341064453125,1724.341064453125,1724.341064453125,1724.341064453125,0,0.0,0.0
2005-05-05 00:00:00+09:00,1724.341064453125,1724.341064453125,1724.341064453125,1724.341064453125,0,0.0,0.0
2005-05-06 00:00:00+09:00,1732.7521559858092,1743.9673802963969,1721.5369316752215,1741.16357421875,85000,0.0,0.0
2005-05-09 00:00:00+09:00,1749.575290930979,1749.575290930979,1727.144838483146,1746.771484375,57400,0.0,0.0
2005-05-10 00:00:00+09:00,1749.5749924516908,1749.5749924516908,1727.1445438305152,1741.16357421875,45000,0.0,0.0
2005-05-11 00:00:00+09:00,1732.7521151029146,1749.574951171875,1727.1445030799277,1749.574951171875,43200,0.0,0.0
2005-05-12 00:00:00+09:00,1735.5559478515625,1763.5940083984374,1735.5559478515625,1752.3787841796875,79600,0.0,0.0
2005-05-13 00:00:00+09:00,1746.7713356140723,1752.3789482484676,1738.3599166624797,1743.967529296875,57800,0.0,0.0
2005-05-16 00:00:00+09:00,1766.3981364992621,1766.3981364992621,1713.125811747697,1721.5372314453125,82200,0.0,0.0
2005-05-17 00:00:00+09:00,1732.753035360308,1735.556842860891,1682.2845003498135,1690.6959228515625,61000,0.0,0.0
2005-05-18 00:00:00+09:00,1699.1064991198089,1710.3217235364411,1690.6950808073345,1704.714111328125,28600,0.0,0.0
2005-05-19 00:00:00+09:00,1721.537082690788,1729.9485016615902,1713.1256637199863,1718.7332763671875,38400,0.0,0.0
2005-05-20 00:00:00+09:00,1718.733424879441,1729.9486511429282,1710.3220051818253,1721.5372314453125,45000,0.0,0.0
2005-05-23 00:00:00+09:00,1732.7522810393689,1732.7522810393689,1710.321830799377,1715.929443359375,54600,0.0,0.0
2005-05-24 00:00:00+09:00,1715.9296183135689,1729.9486511429282,1715.9296183135689,1721.5372314453125,41800,0.0,0.0
2005-05-25 00:00:00+09:00,1718.733484510142,1718.733484510142,1682.283997889209,1701.91064453125,35000,0.0,0.0
2005-05-26 00:00:00+09:00,1701.9111528538947,1704.7149603544779,1685.0883078503966,1690.6959228515625,30800,0.0,0.0
2005-05-27 00:00:00+09:00,1696.3027993993821,1718.733249639374,1696.3027993993821,1715.929443359375,26600,0.0,0.0
2005-05-30 00:00:00+09:00,1701.9110875864499,1718.7339319448004,1701.9110875864499,1710.322509765625,39800,0.0,0.0
2005-05-31 00:00:00+09:00,1724.3409532116304,1743.9675982075353,1713.125727499685,1738.3599853515625,70600,0.0,0.0
2005-06-01 00:00:00+09:00,1749.5752176084475,1842.100830078125,1743.9676047314972,1842.100830078125,519400,0.0,0.0
2005-06-02 00:00:00+09:00,1839.2969476744186,1842.100753997093,1808.455078125,1808.455078125,229000,0.0,0.0
2005-06-03 00:00:00+09:00,1825.2783876997312,1858.924072265625,1797.2403172281531,1858.924072265625,251000,0.0,0.0
2005-06-06 00:00:00+09:00,1867.334460631413,1900.9801265887359,1850.5116276527517,1878.5496826171875,304400,0.0,0.0
2005-06-07 00:00:00+09:00,1900.9808141285787,1900.9808141285787,1867.3351360024092,1872.9427490234375,146000,0.0,0.0
2005-06-08 00:00:00+09:00,1875.74658203125,1886.9618082317359,1864.5313558307641,1875.74658203125,141200,0.0,0.0
2005-06-09 00:00:00+09:00,1886.9618082317359,1898.1770344322215,1867.3351623808855,1875.74658203125,144600,0.0,0.0
2005-06-10 00:00:00+09:00,1878.550598054376,1900.9810529565177,1870.1391774660729,1898.17724609375,104200,0.0,0.0
2005-06-13 00:00:00+09:00,1898.1768314394362,1957.0567626953125,1895.3730251891564,1957.0567626953125,310400,0.0,0.0
2005-06-14 00:00:00+09:00,1973.8801450892856,1990.7029872349328,1943.0382678222654,1962.6649169921875,192600,0.0,0.0
2005-06-15 00:00:00+09:00,1968.271889896716,1996.3099510063557,1968.271889896716,1985.0947265625,152800,0.0,0.0
2005-06-16 00:00:00+09:00,1985.0954255976228,1985.0954255976228,1948.6459333197004,1968.2725830078125,88000,0.0,0.0
2005-06-17 00:00:00+09:00,1976.6837854507467,1982.2913990264935,1959.8609447235065,1971.076171875,88200,0.0,0.0
2005-06-20 00:00:00+09:00,1973.8800310283689,1985.0952584773936,1965.4686104416003,1976.683837890625,56000,0.0,0.0
2005-06-21 00:00:00+09:00,1968.2719876964318,1979.487212697551,1948.6453439444729,1957.0567626953125,75200,0.0,0.0
2005-06-22 00:00:00+09:00,1959.8607648822622,1990.7026367187498,1954.2531518210826,1990.70263671875,97000,0.0,0.0
2005-06-23 00:00:00+09:00,1993.506505990128,2018.7407655596235,1985.0950861336298,2010.329345703125,166400,0.0,0.0
2005-06-24 00:00:00+09:00,1987.8983429337077,2018.7402072105353,1976.6831195603158,2015.9364013671875,79600,0.0,0.0
2005-06-27 00:00:00+09:00,2001.9183797715584,2010.3298015353046,1990.7031507532304,1993.5069580078125,67000,0.0,0.0
2005-06-28 00:00:00+09:00,2007.5256699326958,2032.7599311469335,2004.7218631311137,2024.3485107421875,96600,0.0,0.0
2005-06-29 00:00:00+09:00,2032.7598968923908,2052.386544172731,2021.5446698750534,2046.7789306640625,125400,0.0,0.0
2005-06-30 00:00:00+09:00,2055.1905257428275,2055.1905257428275,2041.1714907786884,2052.38671875,74000,0.0,0.0
2005-07-01 00:00:00+09:00,2057.993949558424,2074.816788383152,2043.9749172044835,2063.6015625,101400,0.0,0.0
2005-07-04 00:00:00+09:00,2074.8169375954035,2080.4245509402563,2060.7979042332727,2066.405517578125,94600,0.0,0.0
2005-07-05 00:00:00+09:00,2066.4057537141393,2069.209560706967,2029.9562628073768,2052.38671875,88800,0.0,0.0
2005-07-06 00:00:00+09:00,2063.601347870879,2066.4051540500514,2021.5442551832932,2041.1708984375,54600,0.0,0.0
2005-07-07 00:00:00+09:00,2029.956298828125,2041.171526998446,2007.5258424874826,2029.956298828125,49800,0.0,0.0
2005-07-08 00:00:00+09:00,2010.3290747956855,2021.5442997596783,2007.5252685546875,2007.5252685546875,81000,0.0,0.0
2005-07-11 00:00:00+09:00,2024.3484506280006,2046.7789043745713,2021.5446439096793,2043.97509765625,47800,0.0,0.0
2005-07-12 00:00:00+09:00,2049.5827110928926,2055.1903245295352,2038.3674842196074,2043.97509765625,44600,0.0,0.0
2005-07-13 00:00:00+09:00,2055.189965064561,2091.6394460275064,2043.974740152885,2083.22802734375,89600,0.0,0.0
2005-07-14 00:00:00+09:00,2086.0319402610444,2108.4623912315933,2083.2281338897255,2094.443359375,112800,0.0,0.0
2005-07-15 00:00:00+09:00,2102.8554621958892,2108.4630767617446,2088.83642578125,2088.83642578125,71800,0.0,0.0
2005-07-18 00:00:00+09:00,2088.83642578125,2088.83642578125,2088.83642578125,2088.83642578125,0,0.0,0.0
2005-07-19 00:00:00+09:00,2080.424665272076,2097.2475062311496,2072.0132447925394,2091.639892578125,44600,0.0,0.0
2005-07-20 00:00:00+09:00,2100.0510988573833,2139.304390424811,2097.2472923168525,2133.69677734375,156800,0.0,0.0
2005-07-21 00:00:00+09:00,2156.126953125,2209.3992705624187,2153.3231469440834,2156.126953125,190600,0.0,0.0
2005-07-22 00:00:00+09:00,2133.696639795241,2144.911865234375,2116.87380163654,2144.911865234375,100800,0.0,0.0
2005-07-25 00:00:00+09:00,2158.9306640625,2167.342082234172,2147.715439833604,2158.9306640625,49600,0.0,0.0
2005-07-26 00:00:00+09:00,2153.3231469440834,2167.3421778486672,2147.71553458225,2156.126953125,50800,0.0,0.0
2005-07-27 00:00:00+09:00,2170.1466402493993,2186.969482421875,2164.5390261919074,2186.969482421875,82000,0.0,0.0
2005-07-28 00:00:00+09:00,2200.988068844514,2203.791875301641,2175.753810730373,2178.5576171875,84600,0.0,0.0
2005-07-29 00:00:00+09:00,2181.361868364383,2195.380903508113,2175.754254306891,2186.969482421875,54400,0.0,0.0
2005-08-01 00:00:00+09:00,2192.576416015625,2200.987834491388,2189.772609857037,2192.576416015625,57400,0.0,0.0
2005-08-02 00:00:00+09:00,2198.18433828329,2212.2033710529536,2144.9120137585674,2147.7158203125,94400,0.0,0.0
2005-08-03 00:00:00+09:00,2150.519477953942,2158.9308970332922,2130.8928334354573,2144.911865234375,76800,0.0,0.0
2005-08-04 00:00:00+09:00,2133.696467149163,2133.696467149163,2063.60131382626,2114.06982421875,83000,0.0,0.0
2005-08-05 00:00:00+09:00,2111.2665403637106,2111.2665403637106,2080.424665272076,2091.639892578125,64200,0.0,0.0
2005-08-08 00:00:00+09:00,2063.6018243130025,2091.639892578125,2046.778983353929,2091.639892578125,79800,0.0,0.0
2005-08-09 00:00:00+09:00,2091.639875961224,2144.9122052417374,2088.836069156986,2142.1083984375,53400,0.0,0.0
2005-08-10 00:00:00+09:00,2167.342082234172,2170.145888291396,2153.3230519480517,2158.9306640625,50200,0.0,0.0
2005-08-11 00:00:00+09:00,2178.557659770167,2186.9690793059594,2153.3234011627906,2170.146240234375,88600,0.0,0.0
2005-08-12 00:00:00+09:00,2167.3423047517476,2167.3423047517476,2116.873790540193,2130.892822265625,83800,0.0,0.0
2005-08-15 00:00:00+09:00,2167.342581905242,2172.9501953125,2153.3235483870967,2172.9501953125,41400,0.0,0.0
2005-08-16 00:00:00+09:00,2178.557521790649,2181.361328125,2172.9499091219473,2181.361328125,29600,0.0,0.0
2005-08-17 00:00:00+09:00,2167.342136205169,2175.7535545863016,2153.323105569948,2164.538330078125,63800,0.0,0.0
2005-08-18 00:00:00+09:00,2164.5384674072266,2164.5384674072266,2153.3232421875,2153.3232421875,34200,0.0,0.0
2005-08-19 00:00:00+09:00,2153.3231469440834,2158.930759305917,2147.71553458225,2156.126953125,25000,0.0,0.0
2005-08-22 00:00:00+09:00,2156.1277371615597,2161.7353515625,2150.5201227606194,2161.7353515625,27400,0.0,0.0
2005-08-23 00:00:00+09:00,2158.930759305917,2161.7345654868336,2153.3231469440834,2156.126953125,54400,0.0,0.0
2005-08-24 00:00:00+09:00,2158.9308970332922,2161.734703393076,2128.089027075674,2144.911865234375,56800,0.0,0.0
2005-08-25 00:00:00+09:00,2119.67759688528,2139.3042413008843,2102.8547588147617,2130.892822265625,31400,0.0,0.0
2005-08-26 00:00:00+09:00,2122.4819412832185,2136.5009765625,2116.874327171506,2136.5009765625,44200,0.0,0.0
2005-08-29 00:00:00+09:00,2156.127090673509,2156.127090673509,2144.911865234375,2144.911865234375,35200,0.0,0.0
2005-08-30 00:00:00+09:00,2150.5194358825684,2158.9308547973633,2136.50040435791,2153.3232421875,57200,0.0,0.0
2005-08-31 00:00:00+09:00,2144.911865234375,2153.3232843137253,2144.911865234375,2144.911865234375,26400,0.0,0.0
2005-09-01 00:00:00+09:00,2144.911823272705,2164.5384674072266,2144.911823272705,2153.3232421875,45200,0.0,0.0
2005-09-02 00:00:00+09:00,2156.127321986251,2195.380615234375,2156.127321986251,2195.380615234375,98600,0.0,0.0
2005-09-05 00:00:00+09:00,2200.988068844514,2206.5956817587676,2172.9500042732466,2178.5576171875,43200,0.0,0.0
2005-09-06 00:00:00+09:00,2181.361328125,2186.9689407937017,2178.557521790649,2181.361328125,33000,0.0,0.0
2005-09-07 00:00:00+09:00,2184.165705871582,2245.849461364746,2184.165705871582,2243.045654296875,174200,0.0,0.0
2005-09-08 00:00:00+09:00,2262.6718974461783,2282.2985433967647,2220.614798980636,2226.222412109375,118600,0.0,0.0
2005-09-09 00:00:00+09:00,2240.241401188548,2313.1403704387385,2226.2223686404345,2299.121337890625,180800,0.0,0.0
2005-09-12 00:00:00+09:00,2327.1597286393,2355.1977976590506,2299.121659619549,2346.786376953125,115800,0.0,0.0
2005-09-13 00:00:00+09:00,2341.17870211314,2343.9825089420183,2321.552054310994,2327.15966796875,70600,0.0,0.0
2005-09-14 00:00:00+09:00,2318.74766612139,2341.17811512861,2307.53244161778,2329.962890625,45800,0.0,0.0
2005-09-15 00:00:00+09:00,2332.7669209123223,2369.2164040515777,2327.159308121668,2366.41259765625,65200,0.0,0.0
2005-09-16 00:00:00+09:00,2372.020603735207,2377.628217455621,2355.197762573964,2369.216796875,48200,0.0,0.0
2005-09-19 00:00:00+09:00,2369.216796875,2369.216796875,2369.216796875,2369.216796875,0,0.0,0.0
2005-09-20 00:00:00+09:00,2386.03910959027,2467.3494905281286,2386.03910959027,2442.115234375,92200,0.0,0.0
2005-09-21 00:00:00+09:00,2439.31229381163,2444.9199082801624,2411.2742214689674,2416.8818359375,48400,0.0,0.0
2005-09-22 00:00:00+09:00,2411.2742214689674,2430.900872108831,2397.255185297636,2416.8818359375,53400,0.0,0.0
2005-09-23 00:00:00+09:00,2416.8818359375,2416.8818359375,2416.8818359375,2416.8818359375,0,0.0,0.0
2005-09-26 00:00:00+09:00,2416.881643789786,2439.312099880642,2416.881643789786,2422.4892578125,63800,0.0,0.0
2005-09-27 00:00:00+09:00,2428.135679333656,2439.429333656138,2368.843994140625,2368.843994140625,59800,30.0,0.0
2005-09-28 00:00:00+09:00,2382.9609668791363,2391.431207282735,2332.1395244575433,2346.256591796875,62600,0.0,0.0
2005-09-29 00:00:00+09:00,2332.138963057355,2343.432614210175,2278.4941200814596,2315.198486328125,67800,0.0,0.0
2005-09-30 00:00:00+09:00,2312.3759498317745,2366.0208131367854,2301.0822943991407,2320.84619140625,54400,0.0,0.0
2005-10-03 00:00:00+09:00,2377.313793381683,2377.313793381683,2286.964575580954,2323.6689453125,50400,0.0,0.0
2005-10-04 00:00:00+09:00,2318.022482461975,2354.7268579455385,2312.375655464504,2337.786376953125,73800,0.0,0.0
2005-10-05 00:00:00+09:00,2394.2543707268132,2394.2543707268132,2360.3734126504905,2374.490478515625,74600,0.0,0.0
2005-10-06 00:00:00+09:00,2357.549777229141,2357.549777229141,2301.081519091916,2309.5517578125,58000,0.0,0.0
2005-10-07 00:00:00+09:00,2292.6121060240503,2326.4930731081495,2292.6121060240503,2303.90576171875,33200,0.0,0.0
2005-10-10 00:00:00+09:00,2303.90576171875,2303.90576171875,2303.90576171875,2303.90576171875,0,0.0,0.0
2005-10-11 00:00:00+09:00,2309.5523138287845,2340.60986328125,2309.5523138287845,2340.60986328125,28400,0.0,0.0
2005-10-12 00:00:00+09:00,2368.8439470668036,2377.3141876403442,2349.0800523952093,2357.55029296875,32400,0.0,0.0
2005-10-13 00:00:00+09:00,2343.4333758832754,2349.0802032950423,2320.8460662362077,2334.963134765625,26400,0.0,0.0
2005-10-14 00:00:00+09:00,2320.845311904535,2323.66872469274,2309.5516607517147,2315.198486328125,17200,0.0,0.0
2005-10-17 00:00:00+09:00,2301.0814223871,2329.3155502691498,2301.0814223871,2315.198486328125,20800,0.0,0.0
2005-10-18 00:00:00+09:00,2329.3164870318246,2334.9633148791745,2301.0823477950753,2303.90576171875,20200,0.0,0.0
2005-10-19 00:00:00+09:00,2312.3758512330287,2329.3163336596444,2303.905610019721,2326.492919921875,32600,0.0,0.0
2005-10-20 00:00:00+09:00,2337.78603515625,2351.9031005859374,2332.1392089843753,2343.432861328125,33400,0.0,0.0
2005-10-21 00:00:00+09:00,2332.139846838884,2332.139846838884,2301.0822943991407,2320.84619140625,23400,0.0,0.0
2005-10-24 00:00:00+09:00,2320.846272486162,2334.9633422701413,2286.965305004612,2295.435546875,18200,0.0,0.0
2005-10-25 00:00:00+09:00,2298.258960831796,2306.729202702183,2286.965305004612,2295.435546875,39800,0.0,0.0
2005-10-26 00:00:00+09:00,2292.611955068644,2329.3163336596444,2289.7885413308745,2326.492919921875,25200,0.0,0.0
2005-10-27 00:00:00+09:00,2334.962996834669,2436.605884242224,2312.3756885218786,2433.782470703125,89600,0.0,0.0
2005-10-28 00:00:00+09:00,2436.6057824455625,2478.9569837626927,2436.6057824455625,2467.663330078125,100000,0.0,0.0
2005-10-31 00:00:00+09:00,2484.604194589447,2524.131988594279,2484.604194589447,2501.544677734375,111000,0.0,0.0
2005-11-01 00:00:00+09:00,2493.0745979181215,2546.7194646909916,2490.2511838774444,2526.95556640625,40000,0.0,0.0
2005-11-02 00:00:00+09:00,2515.6611797522446,2569.306030947859,2493.0738739856697,2555.18896484375,82000,0.0,0.0
2005-11-03 00:00:00+09:00,2555.18896484375,2555.18896484375,2555.18896484375,2555.18896484375,0,0.0,0.0
2005-11-04 00:00:00+09:00,2569.306344777736,2625.774616091532,2569.306344777736,2586.246826171875,80000,0.0,0.0
2005-11-07 00:00:00+09:00,2600.3635723909592,2651.185010287851,2600.3635723909592,2639.891357421875,92000,0.0,0.0
2005-11-08 00:00:00+09:00,2648.362019856771,2648.362019856771,2546.7191278366813,2608.834228515625,60000,0.0,0.0
2005-11-09 00:00:00+09:00,2614.481128589527,2645.538679793074,2611.65771484375,2611.65771484375,59200,0.0,0.0
2005-11-10 00:00:00+09:00,2597.5406199488148,2634.2449982741787,2589.0703787968077,2620.1279296875,39600,0.0,0.0
2005-11-11 00:00:00+09:00,2620.127464906417,2648.361597071357,2606.010398823947,2639.891357421875,55400,0.0,0.0
2005-11-14 00:00:00+09:00,2922.2330815741357,2922.2330815741357,2840.354087017952,2919.40966796875,300200,0.0,0.0
2005-11-15 00:00:00+09:00,2823.4133748613167,2862.941162109375,2800.826067862426,2862.941162109375,120400,0.0,0.0
2005-11-16 00:00:00+09:00,2803.65022544974,2879.8824068063795,2803.65022544974,2854.4716796875,52000,0.0,0.0
2005-11-17 00:00:00+09:00,2826.237463700144,3077.521314119038,2823.4140496504933,3004.112548828125,98600,0.0,0.0
2005-11-18 00:00:00+09:00,3046.4632695757236,3069.050578339955,2970.2311024964424,2975.8779296875,70800,0.0,0.0
2005-11-21 00:00:00+09:00,2981.5245888157892,3021.0523769250894,2950.467041015625,2950.467041015625,41200,0.0,0.0
2005-11-22 00:00:00+09:00,2967.4077613577456,2998.4653116669133,2967.4077613577456,2978.701416015625,38200,0.0,0.0
2005-11-23 00:00:00+09:00,2978.701416015625,2978.701416015625,2978.701416015625,2978.701416015625,0,0.0,0.0
2005-11-24 00:00:00+09:00,3035.1698172433034,3035.1698172433034,2953.290817522321,2964.58447265625,33600,0.0,0.0
2005-11-25 00:00:00+09:00,2947.6437260306807,2978.7012748681686,2908.11593660115,2944.8203125,21000,0.0,0.0
2005-11-28 00:00:00+09:00,2967.407840408227,3071.874148776547,2964.5844266685426,3057.757080078125,68400,0.0,0.0
2005-11-29 00:00:00+09:00,3043.640408339389,3046.4638224473106,3001.2891967205665,3035.170166015625,40000,0.0,0.0
2005-11-30 00:00:00+09:00,3006.9350107412583,3032.345729141889,2953.2901607843723,2967.4072265625,71600,0.0,0.0
2005-12-01 00:00:00+09:00,2967.4075327536534,3063.403589950251,2941.9968117310245,3054.933349609375,86800,0.0,0.0
2005-12-02 00:00:00+09:00,3080.344070632004,3105.7547916546328,3040.816282374581,3054.933349609375,85200,0.0,0.0
2005-12-05 00:00:00+09:00,3049.286328851069,3049.286328851069,3021.052196176522,3037.99267578125,41200,0.0,0.0
2005-12-06 00:00:00+09:00,3023.8763013936705,3035.1699570478017,2947.644125728284,2998.465576171875,119600,0.0,0.0
2005-12-07 00:00:00+09:00,2973.05419921875,3015.4053986378203,2970.230785924145,2973.05419921875,36000,0.0,0.0
2005-12-08 00:00:00+09:00,2973.0553169029986,2973.0553169029986,2893.999714934068,2930.7041015625,38600,0.0,0.0
2005-12-09 00:00:00+09:00,2916.5867053654038,2970.2315721630252,2910.939877281444,2956.114501953125,51400,0.0,0.0
2005-12-12 00:00:00+09:00,2975.878002351155,3001.288725331383,2947.6438657064573,2978.701416015625,36000,0.0,0.0
2005-12-13 00:00:00+09:00,2978.7019319135425,2987.17217437396,2956.1146186857623,2970.231689453125,30800,0.0,0.0
2005-12-14 00:00:00+09:00,3009.758668487865,3046.4630424938146,2975.8777078669887,2995.6416015625,45000,0.0,0.0
2005-12-15 00:00:00+09:00,2984.34831607703,3009.759039676551,2964.5844199440694,2981.52490234375,39600,0.0,0.0
2005-12-16 00:00:00+09:00,2978.702247649086,2978.702247649086,2908.1168863303874,2925.057373046875,55400,0.0,0.0
2005-12-19 00:00:00+09:00,2905.2925628964263,2908.1159764658105,2826.2369829536665,2851.647705078125,69200,0.0,0.0
2005-12-20 00:00:00+09:00,2823.414356033237,2936.3509302745665,2809.2972842530708,2930.7041015625,65200,0.0,0.0
2005-12-21 00:00:00+09:00,2961.7608668301755,2984.348175633456,2925.056490024844,2947.643798828125,46600,0.0,0.0
2005-12-22 00:00:00+09:00,2956.114039629355,2961.7608668301755,2919.409662824024,2947.643798828125,46000,0.0,0.0
2005-12-23 00:00:00+09:00,2947.643798828125,2947.643798828125,2947.643798828125,2947.643798828125,0,0.0,0.0
2005-12-26 00:00:00+09:00,2956.113867888382,2964.5841081975177,2927.8797335245963,2950.467041015625,37000,0.0,0.0
2005-12-27 00:00:00+09:00,2936.350595418689,2947.6442515549147,2893.9993849078423,2908.116455078125,36000,0.0,0.0
2005-12-28 00:00:00+09:00,2919.410180710214,3006.936017849495,2882.7057973937412,2987.172119140625,55600,0.0,0.0
2005-12-29 00:00:00+09:00,3006.934820963542,3176.339599609375,2992.817756076389,3176.339599609375,124800,0.0,0.0
2005-12-30 00:00:00+09:00,3215.8676549239126,3215.8676549239126,3108.5779526525266,3139.635498046875,58400,0.0,0.0
2006-01-02 00:00:00+09:00,3139.635498046875,3139.635498046875,3139.635498046875,3139.635498046875,0,0.0,0.0
2006-01-03 00:00:00+09:00,3139.635498046875,3139.635498046875,3139.635498046875,3139.635498046875,0,0.0,0.0
2006-01-04 00:00:00+09:00,3165.046882251702,3187.6341927405633,3133.9893303295175,3136.812744140625,24800,0.0,0.0
2006-01-05 00:00:00+09:00,3128.342037958408,3156.576171875,3102.931317433475,3156.576171875,60800,0.0,0.0
2006-01-06 00:00:00+09:00,3156.576787794682,3235.632378186677,3131.1660623115404,3218.69189453125,76200,0.0,0.0
2006-01-09 00:00:00+09:00,3218.69189453125,3218.69189453125,3218.69189453125,3218.69189453125,0,0.0,0.0
2006-01-10 00:00:00+09:00,3261.0423637997787,3261.0423637997787,3176.3399647400443,3190.45703125,59000,0.0,0.0
2006-01-11 00:00:00+09:00,3167.868965580778,3190.4562665831363,3111.400713074882,3142.458251953125,52400,0.0,0.0
2006-01-12 00:00:00+09:00,3187.6342353820805,3277.983478546143,3173.5171661376958,3252.57275390625,66600,0.0,0.0
2006-01-13 00:00:00+09:00,3252.5725885826773,3272.3364845202454,3218.6916241182744,3227.161865234375,37800,0.0,0.0
2006-01-16 00:00:00+09:00,3229.984277855039,3246.924754836796,3204.573562382403,3235.631103515625,29200,0.0,0.0
2006-01-17 00:00:00+09:00,3227.160630711969,3246.924519089033,3142.4582519531245,3142.458251953125,36200,0.0,0.0
2006-01-18 00:00:00+09:00,3122.695407739016,3133.9890620165534,2625.7746195273826,2851.647705078125,68400,0.0,0.0
2006-01-19 00:00:00+09:00,2851.6469946509005,3156.575584177928,2851.6469946509005,3133.98828125,67400,0.0,0.0
2006-01-20 00:00:00+09:00,3145.2831393783995,3187.6343486159903,3049.2870651065273,3114.2255859375,37200,0.0,0.0
2006-01-23 00:00:00+09:00,2978.7002124164014,3060.5791756013073,2939.1724370857573,2941.995849609375,54000,0.0,0.0
2006-01-24 00:00:00+09:00,2947.6443217228853,3004.112603748228,2936.350665317817,2987.172119140625,37000,0.0,0.0
2006-01-25 00:00:00+09:00,3035.169712167311,3117.048709053685,3023.876057424363,3102.931640625,52200,0.0,0.0
2006-01-26 00:00:00+09:00,3133.9895120825836,3464.328947139937,3077.5212325856,3334.451904296875,199000,0.0,0.0
2006-01-27 00:00:00+09:00,3458.6813906014686,3551.854032144202,3455.8579772213857,3515.149658203125,173400,0.0,0.0
2006-01-30 00:00:00+09:00,3628.086811368428,3628.086811368428,3557.5014648437505,3557.50146484375,92000,0.0,0.0
2006-01-31 00:00:00+09:00,3563.1482772827153,3613.9697265625005,3534.9141387939458,3613.9697265625,60800,0.0,0.0
2006-02-01 00:00:00+09:00,3611.1465388415654,3611.1465388415654,3543.3846022253047,3594.2060546875,55200,0.0,0.0
2006-02-02 00:00:00+09:00,3645.0257589081184,3724.0813137101536,3625.2618702076097,3659.142822265625,76000,0.0,0.0
2006-02-03 00:00:00+09:00,3684.554531271978,3783.374001459349,3664.7906372345037,3763.610107421875,103800,0.0,0.0
2006-02-06 00:00:00+09:00,3769.2567833505855,3825.7250497678224,3769.2567833505855,3814.431396484375,71000,0.0,0.0
2006-02-07 00:00:00+09:00,3839.8423208841464,3947.1320327912035,3828.548666999193,3935.83837890625,76800,0.0,0.0
2006-02-08 00:00:00+09:00,3938.6624978615423,3938.6624978615423,3868.0771484375,3868.0771484375,61000,0.0,0.0
2006-02-09 00:00:00+09:00,3868.076489873293,4037.481299648766,3868.076489873293,4031.83447265625,91800,0.0,0.0
2006-02-10 00:00:00+09:00,4000.7770840890066,4003.6004976981026,3755.140100097656,3952.779052734375,99800,0.0,0.0
2006-02-13 00:00:00+09:00,3882.1943972047293,3896.311467740019,3633.7339557836267,3712.78955078125,73400,0.0,0.0
2006-02-14 00:00:00+09:00,3656.32048058212,3879.3701469651223,3458.6815356857896,3842.665771484375,72400,0.0,0.0
2006-02-15 00:00:00+09:00,3837.019220640822,3837.019220640822,3772.0807055012056,3805.961669921875,32600,0.0,0.0
2006-02-16 00:00:00+09:00,3811.6087078956243,3811.6087078956243,3642.2038764335966,3661.9677734375,58600,0.0,0.0
2006-02-17 00:00:00+09:00,3616.7928557924015,3642.2035784326295,3337.2749067498976,3441.7412109375,139000,0.0,0.0
2006-02-20 00:00:00+09:00,3272.3364983920396,3385.2730470854663,3246.9257749360186,3275.159912109375,77200,0.0,0.0
2006-02-21 00:00:00+09:00,3275.1595846036585,3416.330256353816,3275.1595846036585,3357.03857421875,46400,0.0,0.0
2006-02-22 00:00:00+09:00,3413.506710276884,3495.3856967103243,3373.978923722809,3455.85791015625,44000,0.0,0.0
2006-02-23 00:00:00+09:00,3568.7946521063536,3597.0287870122584,3455.8581124827347,3577.264892578125,45800,0.0,0.0
2006-02-24 00:00:00+09:00,3597.0281243068566,3636.555905892646,3557.5003427210668,3580.087646484375,51000,0.0,0.0
2006-02-27 00:00:00+09:00,3619.616389749976,3693.025146484375,3599.8524937060993,3693.025146484375,52600,0.0,0.0
2006-02-28 00:00:00+09:00,3749.493934173004,3749.493934173004,3628.087127569511,3712.78955078125,57800,0.0,0.0
2006-03-01 00:00:00+09:00,3645.0264651089146,3701.4947294793083,3546.2070024607256,3639.379638671875,41600,0.0,0.0
2006-03-02 00:00:00+09:00,3664.7904350701283,3709.9650475209155,3580.088036724902,3585.73486328125,44600,0.0,0.0
2006-03-03 00:00:00+09:00,3557.5010493593873,3585.7351846717634,3532.090327578249,3560.324462890625,40600,0.0,0.0
2006-03-06 00:00:00+09:00,3509.5025638709735,3515.149390200613,3421.976755761561,3495.385498046875,51400,0.0,0.0
2006-03-07 00:00:00+09:00,3529.267303317445,3529.267303317445,3444.5648880378267,3461.50537109375,30200,0.0,0.0
2006-03-08 00:00:00+09:00,3433.271393416596,3433.271393416596,3317.51142044778,3334.451904296875,76200,0.0,0.0
2006-03-09 00:00:00+09:00,3373.9791329830236,3492.5625,3373.9791329830236,3492.5625,35600,0.0,0.0
2006-03-10 00:00:00+09:00,3492.5623260889297,3585.734966962765,3492.5623260889297,3523.619873046875,45800,0.0,0.0
2006-03-13 00:00:00+09:00,3608.322458427643,3628.086352957372,3591.3819774021613,3625.262939453125,20400,0.0,0.0
2006-03-14 00:00:00+09:00,3681.731378093581,3712.7889280621616,3633.733346323956,3650.673828125,70800,0.0,0.0
2006-03-15 00:00:00+09:00,3698.6717339326124,3712.7888016193783,3653.4971173349622,3664.790771484375,50200,0.0,0.0
2006-03-16 00:00:00+09:00,3667.614189574437,3687.3780843604422,3602.675678134705,3636.556640625,48000,0.0,0.0
2006-03-17 00:00:00+09:00,3639.3806875302807,3667.6148278524706,3633.7338594658427,3642.2041015625,45400,0.0,0.0
2006-03-20 00:00:00+09:00,3642.2030455038744,3797.490772250164,3628.08597943603,3780.55029296875,88400,0.0,0.0
2006-03-21 00:00:00+09:00,3780.5502929687505,3780.5502929687505,3780.5502929687505,3780.55029296875,0,0.0,0.0
2006-03-22 00:00:00+09:00,3772.080450891237,3904.7808859151055,3772.080450891237,3890.663818359375,123800,0.0,0.0
2006-03-23 00:00:00+09:00,3910.42774331788,3910.42774331788,3825.7253373254352,3853.95947265625,91200,0.0,0.0
2006-03-24 00:00:00+09:00,3876.546733466603,3879.3701469651223,3834.195530988818,3842.665771484375,63000,0.0,0.0
2006-03-27 00:00:00+09:00,3845.4898088520385,3859.6068786349024,3789.0215297205846,3800.315185546875,67400,0.0,0.0
2006-03-28 00:00:00+09:00,3814.743317373114,3823.4000722536884,3757.0316181692847,3777.230712890625,76400,145.0,0.0
2006-03-29 00:00:00+09:00,3811.8566358743487,3964.79259477014,3783.000794573256,3944.593505859375,120400,0.0,0.0
2006-03-30 00:00:00+09:00,3982.105224609375,3999.4187255859374,3947.4782226562497,3982.105224609375,100000,0.0,0.0
2006-03-31 00:00:00+09:00,3984.9918725550087,3993.648625355635,3930.165771484375,3930.165771484375,59200,0.0,0.0
2006-04-03 00:00:00+09:00,3944.5939999036013,4034.0471191406255,3924.394908462983,4034.047119140625,111400,0.0,0.0
2006-04-04 00:00:00+09:00,4025.391374785325,4034.0481304300247,3990.7643522065264,4016.734619140625,70200,0.0,0.0
2006-04-05 00:00:00+09:00,4019.618839500422,4031.1611764408394,3950.3648178579165,3956.135986328125,63400,0.0,0.0
2006-04-06 00:00:00+09:00,3938.822350448914,3953.2502711465295,3872.453915239885,3886.8818359375,92200,0.0,0.0
2006-04-07 00:00:00+09:00,3829.1699940700832,3834.941162109375,3800.3141538736245,3834.941162109375,116600,0.0,0.0
2006-04-10 00:00:00+09:00,3843.5991913711114,3881.1117960917004,3803.2010016720155,3849.370361328125,77600,0.0,0.0
2006-04-11 00:00:00+09:00,3895.5394480041778,3961.9078978590637,3881.1115241226807,3907.081787109375,99200,0.0,0.0
2006-04-12 00:00:00+09:00,3941.7084554635726,3953.250793546921,3907.0814412135264,3918.623779296875,69200,0.0,0.0
2006-04-13 00:00:00+09:00,3921.509034294663,3935.9369556864754,3840.712674500512,3872.4541015625,77000,0.0,0.0
2006-04-14 00:00:00+09:00,3826.286325759368,3840.7142530812357,3808.9728129731266,3811.8583984375,57200,0.0,0.0
2006-04-17 00:00:00+09:00,3806.0858737532276,3806.0858737532276,3687.7769117942566,3702.204833984375,56000,0.0,0.0
2006-04-18 00:00:00+09:00,3687.777093388031,3768.5734616312743,3658.9212475868726,3736.83203125,35200,0.0,0.0
2006-04-19 00:00:00+09:00,3771.4584221691816,3791.657510887762,3716.63232421875,3716.63232421875,33800,0.0,0.0
2006-04-20 00:00:00+09:00,3705.0899130097514,3707.9754970541517,3653.149400210549,3661.80615234375,43400,0.0,0.0
2006-04-21 00:00:00+09:00,3661.806742334177,3676.234664880805,3612.751805675642,3650.264404296875,48200,0.0,0.0
2006-04-24 00:00:00+09:00,3632.950264001583,3632.950264001583,3456.929639613897,3589.66650390625,42400,0.0,0.0
2006-04-25 00:00:00+09:00,3601.208938062143,3601.208938062143,3511.755831427586,3529.0693359375,37000,0.0,0.0
2006-04-26 00:00:00+09:00,3514.641643201931,3598.323587087691,3494.4425532984715,3586.78125,34200,0.0,0.0
2006-04-27 00:00:00+09:00,3592.5527747078886,3693.548234237829,3592.5527747078886,3615.637451171875,37000,0.0,0.0
2006-04-28 00:00:00+09:00,3618.522131407789,3618.522131407789,3468.471771891677,3514.64111328125,83800,0.0,0.0
2006-05-01 00:00:00+09:00,3517.5275939839853,3517.5275939839853,3428.074472233777,3468.47265625,52000,0.0,0.0
2006-05-02 00:00:00+09:00,3494.4417809407814,3598.3227917697395,3494.4417809407814,3572.3525390625,58200,0.0,0.0
2006-05-03 00:00:00+09:00,3572.3525390625,3572.3525390625,3572.3525390625,3572.3525390625,0,0.0,0.0
2006-05-04 00:00:00+09:00,3572.3525390625,3572.3525390625,3572.3525390625,3572.3525390625,0,0.0,0.0
2006-05-05 00:00:00+09:00,3572.3525390625,3572.3525390625,3572.3525390625,3572.3525390625,0,0.0,0.0
2006-05-08 00:00:00+09:00,3589.6672208613168,3656.035666263094,3589.6672208613168,3598.323974609375,37600,0.0,0.0
2006-05-09 00:00:00+09:00,3618.5238041949597,3658.921996586291,3618.5238041949597,3638.722900390625,42600,0.0,0.0
2006-05-10 00:00:00+09:00,3638.7212248149667,3638.7212248149667,3552.153709553707,3563.696044921875,30400,0.0,0.0
2006-05-11 00:00:00+09:00,3560.8111394141592,3581.010230156379,3480.0147764452804,3500.2138671875,38400,0.0,0.0
2006-05-12 00:00:00+09:00,3485.7864414585074,3494.443195866103,3433.845915012934,3451.159423828125,31600,0.0,0.0
2006-05-15 00:00:00+09:00,3335.735052680033,3572.352937039689,3231.854030278232,3526.18359375,67400,0.0,0.0
2006-05-16 00:00:00+09:00,3529.0705121000506,3531.9560971467395,3335.7363139719205,3384.791259765625,52400,0.0,0.0
2006-05-17 00:00:00+09:00,3399.217962595194,3462.700810793067,3289.5657702534136,3433.844970703125,35800,0.0,0.0
2006-05-18 00:00:00+09:00,3260.710246296672,3376.1336178469965,3260.710246296672,3332.849853515625,42200,0.0,0.0
2006-05-19 00:00:00+09:00,3275.138250101743,3402.10396199996,3263.5959126564503,3379.019287109375,41200,0.0,0.0
2006-05-22 00:00:00+09:00,3393.4465104166666,3407.8744292534725,3231.8538194444445,3246.28173828125,44400,0.0,0.0
2006-05-23 00:00:00+09:00,3174.1424588988234,3202.998299434267,3087.574937292492,3096.231689453125,71400,0.0,0.0
2006-05-24 00:00:00+09:00,3044.291796104268,3116.431412125696,3029.8638728999827,3107.774658203125,44600,0.0,0.0
2006-05-25 00:00:00+09:00,3122.202002551396,3156.829011821837,3052.947984010515,3061.604736328125,32800,0.0,0.0
2006-05-26 00:00:00+09:00,3119.3167070420404,3202.998653854454,3107.7743695506733,3133.74462890625,41000,0.0,0.0
2006-05-29 00:00:00+09:00,3177.0283645797563,3202.9986236907625,3133.744599394746,3151.05810546875,32400,0.0,0.0
2006-05-30 00:00:00+09:00,3127.973317378228,3145.286822824971,3061.60487983238,3073.147216796875,31200,0.0,0.0
2006-05-31 00:00:00+09:00,3026.979006297441,3029.864591622796,2946.1826171875,2946.1826171875,38400,0.0,0.0
2006-06-01 00:00:00+09:00,3001.0073793166343,3035.6343875395187,2954.8380350194557,2966.38037109375,38800,0.0,0.0
2006-06-02 00:00:00+09:00,2949.067887864941,2992.3516631271464,2741.305766606354,2940.4111328125,88200,0.0,0.0
2006-06-05 00:00:00+09:00,2940.4103576479047,2980.8085372426744,2876.9275039989802,2917.32568359375,49400,0.0,0.0
2006-06-06 00:00:00+09:00,2871.1565129206733,2972.1519681490386,2796.131317608173,2813.44482421875,50600,0.0,0.0
2006-06-07 00:00:00+09:00,2813.4449726826438,2911.554848653115,2770.1612038721414,2775.932373046875,67600,0.0,0.0
2006-06-08 00:00:00+09:00,2732.6485660376143,2749.9620733197953,2542.1999859336197,2614.339599609375,70000,0.0,0.0
2006-06-09 00:00:00+09:00,2620.1111254620296,2683.593994140625,2568.170596543179,2683.593994140625,66200,0.0,0.0
2006-06-12 00:00:00+09:00,2700.907060274768,2796.13134765625,2654.7377088170797,2796.13134765625,44600,0.0,0.0
2006-06-13 00:00:00+09:00,2689.3647820836773,2732.648550035668,2611.4539997700945,2622.996337890625,61000,0.0,0.0
2006-06-14 00:00:00+09:00,2597.0260172791122,2683.593551188416,2588.3692638881816,2657.623291015625,33200,0.0,0.0
2006-06-15 00:00:00+09:00,2773.0466192581835,2822.1015542502637,2712.449346620908,2732.6484375,39600,0.0,0.0
2006-06-16 00:00:00+09:00,2876.9275327464243,2911.554544173663,2793.2455884639303,2900.01220703125,49600,0.0,0.0
2006-06-19 00:00:00+09:00,2925.981542485303,2943.2950427366955,2842.299624603573,2914.439208984375,38000,0.0,0.0
2006-06-20 00:00:00+09:00,2957.7235515968623,2972.15147136075,2836.5290255802106,2853.842529296875,36400,0.0,0.0
2006-06-21 00:00:00+09:00,2856.728632355512,2882.6988926496533,2813.444865198611,2836.529541015625,25800,0.0,0.0
2006-06-22 00:00:00+09:00,2885.5841283304285,2923.096721998724,2850.9571187904635,2897.12646484375,33400,0.0,0.0
2006-06-23 00:00:00+09:00,2897.1267538866205,2897.1267538866205,2830.758312313521,2871.156494140625,27000,0.0,0.0
2006-06-26 00:00:00+09:00,2862.4995404411766,2902.8977194393383,2830.758114085478,2894.240966796875,24600,0.0,0.0
2006-06-27 00:00:00+09:00,2862.499455303785,2923.096721998724,2862.499455303785,2897.12646484375,25800,0.0,0.0
2006-06-28 00:00:00+09:00,2876.9277649233727,2894.241272034246,2848.0719197385847,2859.6142578125,23400,0.0,0.0
2006-06-29 00:00:00+09:00,2862.4990234374995,2871.1557745164437,2842.29993758663,2862.4990234375,36200,0.0,0.0
2006-06-30 00:00:00+09:00,2900.011771856118,2914.439691119084,2859.613597919814,2865.384765625,26200,0.0,0.0
2006-07-03 00:00:00+09:00,2868.271607298951,2900.013043597028,2842.301341236888,2888.470703125,20000,0.0,0.0
2006-07-04 00:00:00+09:00,2914.4398417275333,2940.410097742927,2885.5840017104288,2925.982177734375,19400,0.0,0.0
2006-07-05 00:00:00+09:00,2845.1868272356473,2951.953472882421,2845.1868272356473,2940.4111328125,31600,0.0,0.0
2006-07-06 00:00:00+09:00,2914.4401708454157,2946.1815984486825,2914.4401708454157,2923.096923828125,24200,0.0,0.0
2006-07-07 00:00:00+09:00,2946.1814826516547,2949.067066865809,2885.5842141544117,2894.240966796875,25200,0.0,0.0
2006-07-10 00:00:00+09:00,2888.4703403049048,2917.326187860398,2796.1316281273253,2908.66943359375,16600,0.0,0.0
2006-07-11 00:00:00+09:00,2966.3808182061885,3001.007831648284,2908.6691291360294,2943.296142578125,36800,0.0,0.0
2006-07-12 00:00:00+09:00,2943.2961045461684,2943.2961045461684,2848.0718188108513,2871.156494140625,35800,0.0,0.0
2006-07-13 00:00:00+09:00,2856.7274770978743,2874.0409769590733,2813.443727444876,2842.299560546875,32000,0.0,0.0
2006-07-14 00:00:00+09:00,2799.016818463243,2801.902402812174,2761.5042219271377,2767.275390625,33800,0.0,0.0
2006-07-17 00:00:00+09:00,2767.275390625,2767.275390625,2767.275390625,2767.275390625,0,0.0,0.0
2006-07-18 00:00:00+09:00,2709.563441334155,2709.563441334155,2545.085149368184,2579.712158203125,54400,0.0,0.0
2006-07-19 00:00:00+09:00,2582.598426793501,2648.9668779848425,2582.598426793501,2605.68310546875,39000,0.0,0.0
2006-07-20 00:00:00+09:00,2692.2498012627857,2752.8470636706297,2651.851626324223,2715.33447265625,46600,0.0,0.0
2006-07-21 00:00:00+09:00,2726.877624643544,2726.877624643544,2643.195665792049,2672.051513671875,17600,0.0,0.0
2006-07-24 00:00:00+09:00,2677.822077988537,2677.822077988537,2614.33922700174,2643.195068359375,17600,0.0,0.0
2006-07-25 00:00:00+09:00,2669.1657626406422,2706.6783625480243,2611.454070475439,2628.767578125,30600,0.0,0.0
2006-07-26 00:00:00+09:00,2614.3396461512334,2651.8522459304454,2585.483800167224,2588.369384765625,26600,0.0,0.0
2006-07-27 00:00:00+09:00,2582.5976678634547,2813.444386778624,2582.5976678634547,2729.762451171875,66400,0.0,0.0
2006-07-28 00:00:00+09:00,2735.5340219112986,2747.076359556494,2692.250255741816,2732.6484375,35200,0.0,0.0
2006-07-31 00:00:00+09:00,2770.160802549428,2793.245475904006,2741.3049608562046,2773.04638671875,21200,0.0,0.0
2006-08-01 00:00:00+09:00,2775.9316341609915,2839.4144781854634,2770.1604665224036,2833.643310546875,24800,0.0,0.0
2006-08-02 00:00:00+09:00,2830.7576540577165,2856.727907764668,2790.359481624681,2827.8720703125,34200,0.0,0.0
2006-08-03 00:00:00+09:00,2874.0424097318287,2874.0424097318287,2833.6442232496543,2868.271240234375,51400,0.0,0.0
2006-08-04 00:00:00+09:00,2856.728673294021,2871.1565958864153,2836.5295816646694,2859.6142578125,28800,0.0,0.0
2006-08-07 00:00:00+09:00,2830.758663733637,2848.0721723803263,2775.932553019122,2810.5595703125,46000,0.0,0.0
2006-08-08 00:00:00+09:00,2813.445130008567,2879.813579229282,2799.0172062649335,2868.271240234375,30400,0.0,0.0
2006-08-09 00:00:00+09:00,2856.728907993862,2923.097357371497,2842.300984216115,2908.66943359375,36000,0.0,0.0
2006-08-10 00:00:00+09:00,2900.0128406513472,2969.266878637051,2888.470500987063,2951.953369140625,30800,0.0,0.0
2006-08-11 00:00:00+09:00,2954.838065447546,3024.092082606473,2943.2957292543915,2998.121826171875,26400,0.0,0.0
2006-08-14 00:00:00+09:00,3003.893363830624,3067.376220703125,3001.0077794273284,3067.376220703125,28200,0.0,0.0
2006-08-15 00:00:00+09:00,3067.375639405198,3127.972900390625,3058.718887835851,3127.972900390625,30400,0.0,0.0
2006-08-16 00:00:00+09:00,3145.2870683088317,3156.8294061741854,3119.3168081117865,3122.202392578125,43000,0.0,0.0
2006-08-17 00:00:00+09:00,3127.974117443049,3159.71555221415,3081.804757775993,3087.575927734375,42800,0.0,0.0
2006-08-18 00:00:00+09:00,3067.3761197977683,3084.6896256479913,3041.4058610224347,3078.91845703125,33200,0.0,0.0
2006-08-21 00:00:00+09:00,3064.4916635577597,3110.661029487067,3058.7204928165966,3081.80517578125,25800,0.0,0.0
2006-08-22 00:00:00+09:00,3110.6603295989194,3133.7450073695977,3078.9188976642363,3104.88916015625,24200,0.0,0.0
2006-08-23 00:00:00+09:00,3127.9731306060257,3159.714555363098,3127.9731306060257,3136.6298828125,13200,0.0,0.0
2006-08-24 00:00:00+09:00,3130.8597735504604,3133.7453585952076,3081.804827789762,3093.34716796875,15600,0.0,0.0
2006-08-25 00:00:00+09:00,3110.660227231626,3151.058412000868,3102.0034733525026,3116.431396484375,36600,0.0,0.0
2006-08-28 00:00:00+09:00,3102.0032335426713,3116.4311555591485,3067.376220703125,3067.376220703125,21800,0.0,0.0
2006-08-29 00:00:00+09:00,3090.461582924003,3113.546263281979,3064.4913175212805,3093.34716796875,24600,0.0,0.0
2006-08-30 00:00:00+09:00,3093.3468787202382,3107.7748025948663,3029.864013671875,3029.864013671875,17000,0.0,0.0
2006-08-31 00:00:00+09:00,3038.519506351806,3107.773512194582,3038.519506351806,3055.8330078125,24800,0.0,0.0
2006-09-01 00:00:00+09:00,3047.1770758285306,3047.1770758285306,2992.350973138434,3003.893310546875,30400,0.0,0.0
2006-09-04 00:00:00+09:00,3052.948415120443,3070.261922200521,3009.6646474202475,3047.17724609375,19800,0.0,0.0
2006-09-05 00:00:00+09:00,3055.8335681163853,3070.2614886457354,3047.176815798775,3061.604736328125,7200,0.0,0.0
2006-09-06 00:00:00+09:00,3058.719474117772,3058.719474117772,2969.2663574218745,2969.266357421875,27600,0.0,0.0
2006-09-07 00:00:00+09:00,2957.7238195082723,2972.151740579044,2879.813045726103,2894.240966796875,40600,0.0,0.0
2006-09-08 00:00:00+09:00,2871.156917447012,2911.5551052301857,2865.385747763701,2905.783935546875,38000,0.0,0.0
2006-09-11 00:00:00+09:00,2914.4403636635975,2920.211532700555,2853.843088775542,2859.6142578125,37800,0.0,0.0
2006-09-12 00:00:00+09:00,2856.7287098277698,2900.0124781584936,2793.245849609375,2793.245849609375,27400,0.0,0.0
2006-09-13 00:00:00+09:00,2810.5595800066944,2856.7289365571123,2755.733469103073,2761.504638671875,19600,0.0,0.0
2006-09-14 00:00:00+09:00,2781.7034253257225,2801.9025165884614,2744.190827266351,2796.13134765625,19200,0.0,0.0
2006-09-15 00:00:00+09:00,2813.444905516839,2871.1565958864153,2807.6737364798814,2859.6142578125,34200,0.0,0.0
2006-09-18 00:00:00+09:00,2859.6142578125,2859.6142578125,2859.6142578125,2859.6142578125,0,0.0,0.0
2006-09-19 00:00:00+09:00,2888.470147290276,2986.5800224230125,2888.470147290276,2972.152099609375,62200,0.0,0.0
2006-09-20 00:00:00+09:00,2946.181555600902,2957.7238927433145,2891.35545417444,2900.01220703125,31000,0.0,0.0
2006-09-21 00:00:00+09:00,2986.5799093807445,2986.5799093807445,2920.211466950061,2943.296142578125,21400,0.0,0.0
2006-09-22 00:00:00+09:00,2931.7533902580726,2972.1515668954867,2925.9822221670133,2949.06689453125,34200,0.0,0.0
2006-09-25 00:00:00+09:00,2972.152099609375,2980.8088532975576,2914.440408354824,2972.152099609375,32600,0.0,0.0
2006-09-26 00:00:00+09:00,2960.5422152355386,2960.5422152355386,2905.394860245857,2922.809814453125,24000,30.0,0.0
2006-09-27 00:00:00+09:00,2911.1997616291046,2975.05459189415,2905.394777059555,2972.152099609375,27400,0.0,0.0
2006-09-28 00:00:00+09:00,2951.8346536159515,2972.152099609375,2925.7122230529785,2972.152099609375,32000,0.0,0.0
2006-09-29 00:00:00+09:00,2948.9321613311768,2989.5670533180237,2928.6147153377533,2972.152099609375,28600,0.0,0.0
2006-10-02 00:00:00+09:00,2960.5420648484,2960.5420648484,2925.712158203125,2925.712158203125,29000,0.0,0.0
2006-10-03 00:00:00+09:00,2908.295959906409,2908.295959906409,2844.4411583914975,2858.95361328125,55800,0.0,0.0
2006-10-04 00:00:00+09:00,2856.0521607730266,2867.66212890625,2731.245003340872,2757.367431640625,67600,0.0,0.0
2006-10-05 00:00:00+09:00,2798.0024414062505,2824.1248708384664,2757.3675511783586,2798.00244140625,36200,0.0,0.0
2006-10-06 00:00:00+09:00,2798.0018634198855,2815.4168127772705,2771.8794393838075,2780.5869140625,21800,0.0,0.0
2006-10-09 00:00:00+09:00,2780.5869140625,2780.5869140625,2780.5869140625,2780.5869140625,0,0.0,0.0
2006-10-10 00:00:00+09:00,2748.659506907294,2809.611829658142,2748.659506907294,2780.5869140625,31400,0.0,0.0
2006-10-11 00:00:00+09:00,2751.562622204309,2751.562622204309,2626.7554568511596,2644.17041015625,52800,0.0,0.0
2006-10-12 00:00:00+09:00,2644.1702802366267,2644.1702802366267,2609.3403753377906,2618.0478515625,51000,0.0,0.0
2006-10-13 00:00:00+09:00,2626.755615234375,2641.268077196996,2606.4381684867058,2626.755615234375,54400,0.0,0.0
2006-10-16 00:00:00+09:00,2647.0726671239295,2716.7324741535067,2641.2676832047982,2710.927490234375,61200,0.0,0.0
2006-10-17 00:00:00+09:00,2739.9527960087953,2745.757780746102,2719.6353494282216,2722.537841796875,31800,0.0,0.0
2006-10-18 00:00:00+09:00,2713.829849820524,2734.1472925464527,2673.1949643686658,2684.804931640625,49000,0.0,0.0
2006-10-19 00:00:00+09:00,2699.3173907305745,2722.5373252744935,2673.1949643686658,2684.804931640625,31600,0.0,0.0
2006-10-20 00:00:00+09:00,2696.4149785490117,2748.659832815839,2696.4149785490117,2716.732421875,34400,0.0,0.0
2006-10-23 00:00:00+09:00,2739.952392578125,2757.3673442258673,2722.5374409303827,2739.952392578125,31200,0.0,0.0
2006-10-24 00:00:00+09:00,2780.58727975619,2780.58727975619,2737.0499006368345,2739.952392578125,30000,0.0,0.0
2006-10-25 00:00:00+09:00,2737.049752759177,2751.562211681548,2722.537293836806,2742.854736328125,58000,0.0,0.0
2006-10-26 00:00:00+09:00,2742.8547340814325,2838.6369628906255,2737.049750517239,2838.636962890625,104400,0.0,0.0
2006-10-27 00:00:00+09:00,2835.7354371702518,2928.6152058390826,2806.710509461242,2905.395263671875,149800,0.0,0.0
2006-10-30 00:00:00+09:00,2911.199257443044,2919.9067327893345,2832.831979326432,2838.636962890625,99400,0.0,0.0
2006-10-31 00:00:00+09:00,2815.4175231243576,2858.9549075025693,2798.002569373073,2824.125,53000,0.0,0.0
2006-11-01 00:00:00+09:00,2815.4175231243576,2867.6623843782118,2812.515030832477,2824.125,34200,0.0,0.0
2006-11-02 00:00:00+09:00,2824.125053052185,2838.6375147842105,2803.8076066273493,2818.320068359375,31800,0.0,0.0
2006-11-03 00:00:00+09:00,2818.3200683593745,2818.3200683593745,2818.3200683593745,2818.320068359375,0,0.0,0.0
2006-11-06 00:00:00+09:00,2827.026899948823,2850.2468334186283,2815.41693321392,2835.734375,25200,0.0,0.0
2006-11-07 00:00:00+09:00,2864.7589935520937,2885.076433222676,2841.5390625,2841.5390625,36400,0.0,0.0
2006-11-08 00:00:00+09:00,2870.563976315117,2882.1739418411644,2838.636571118488,2841.5390625,49800,0.0,0.0
2006-11-09 00:00:00+09:00,2870.5646357402265,2914.1020164642946,2870.5646357402265,2890.882080078125,58000,0.0,0.0
2006-11-10 00:00:00+09:00,2899.58958122019,2954.7369306127666,2885.077120853723,2928.614501953125,103400,0.0,0.0
2006-11-13 00:00:00+09:00,2934.4191603421687,2937.321652093249,2873.466833569483,2896.686767578125,60600,0.0,0.0
2006-11-14 00:00:00+09:00,2928.6152089786247,2972.1526005888127,2917.005237882575,2957.64013671875,67800,0.0,0.0
2006-11-15 00:00:00+09:00,2957.639784512055,3059.2270195051087,2954.737292083682,3036.007080078125,115600,0.0,0.0
2006-11-16 00:00:00+09:00,3044.7144067287445,3047.6168990135193,2954.7371459007263,2972.152099609375,58000,0.0,0.0
2006-11-17 00:00:00+09:00,2948.9320893158783,3044.7143323743667,2948.9320893158783,3006.98193359375,70800,0.0,0.0
2006-11-20 00:00:00+09:00,2972.1512036108325,2972.1512036108325,2890.8814441370987,2893.783935546875,37600,0.0,0.0
2006-11-21 00:00:00+09:00,2890.8816503017565,2917.0040748526762,2856.051750900531,2870.564208984375,50200,0.0,0.0
2006-11-22 00:00:00+09:00,2882.1744157824733,2966.3466796875,2850.247005335739,2966.3466796875,49200,0.0,0.0
2006-11-23 00:00:00+09:00,2966.3466796875,2966.3466796875,2966.3466796875,2966.3466796875,0,0.0,0.0
2006-11-24 00:00:00+09:00,2963.445068359375,2966.347561080589,2914.1026920987388,2963.445068359375,30400,0.0,0.0
2006-11-27 00:00:00+09:00,2960.5419638813405,3006.9818378245773,2946.029503274079,3004.079345703125,53800,0.0,0.0
2006-11-28 00:00:00+09:00,2948.932339658099,3001.17720394338,2946.0298471978053,2992.4697265625,33600,0.0,0.0
2006-11-29 00:00:00+09:00,2992.4693678635817,3027.2992732121393,2992.4693678635817,3018.591796875,49000,0.0,0.0
2006-11-30 00:00:00+09:00,3021.4939484141905,3030.201423769851,2995.371522347209,3015.68896484375,27000,0.0,0.0
2006-12-01 00:00:00+09:00,2995.3712733477014,3033.103663418942,2995.3712733477014,3030.201171875,38800,0.0,0.0
2006-12-04 00:00:00+09:00,3033.1047131868336,3065.032131220379,3012.7872653473046,3062.129638671875,48600,0.0,0.0
2006-12-05 00:00:00+09:00,3073.7391620484555,3105.6665754408377,3065.0316856687145,3070.836669921875,54000,0.0,0.0
2006-12-06 00:00:00+09:00,3070.837294756356,3114.3746855137715,3070.837294756356,3082.447265625,39200,0.0,0.0
2006-12-07 00:00:00+09:00,3099.8618695400446,3114.3743314760936,3088.2518999912054,3094.056884765625,14800,0.0,0.0
2006-12-08 00:00:00+09:00,3114.3744583484736,3157.911845930232,3108.5694733375726,3120.179443359375,52000,0.0,0.0
2006-12-11 00:00:00+09:00,3163.716064453125,3184.0335070688793,3143.398621837371,3163.716064453125,40800,0.0,0.0
2006-12-12 00:00:00+09:00,3186.9367143110794,3207.254161487926,3181.131729403409,3192.74169921875,50800,0.0,0.0
2006-12-13 00:00:00+09:00,3210.1563885663004,3221.766357421875,3172.423989785684,3221.766357421875,31600,0.0,0.0
2006-12-14 00:00:00+09:00,3215.961363158632,3247.8887774138175,3204.351394338565,3236.27880859375,37200,0.0,0.0
2006-12-15 00:00:00+09:00,3210.155575114451,3236.277998420084,3181.1306603304142,3189.838134765625,41200,0.0,0.0
2006-12-18 00:00:00+09:00,3184.033601145417,3184.033601145417,3076.641401289099,3085.348876953125,91800,0.0,0.0
2006-12-19 00:00:00+09:00,3088.2520716084123,3088.2520716084123,3053.4221610263626,3062.129638671875,38800,0.0,0.0
2006-12-20 00:00:00+09:00,3062.1293018167507,3155.0090531514766,3062.1293018167507,3125.984130859375,45800,0.0,0.0
2006-12-21 00:00:00+09:00,3128.8869208757264,3146.3018759084302,3082.4470407885174,3120.179443359375,30200,0.0,0.0
2006-12-22 00:00:00+09:00,3140.4959599618473,3143.3984516069136,3079.543635415453,3114.37353515625,23200,0.0,0.0
2006-12-25 00:00:00+09:00,3125.9832449197106,3181.1305816453137,3125.9832449197106,3143.398193359375,49200,0.0,0.0
2006-12-26 00:00:00+09:00,3146.3006847659854,3149.203176172596,3120.1782621064895,3143.398193359375,28800,0.0,0.0
2006-12-27 00:00:00+09:00,3160.8134983962145,3230.473300013762,3137.5935645236987,3213.058349609375,47000,0.0,0.0
2006-12-28 00:00:00+09:00,3250.791279560811,3250.791279560811,3175.3264819995775,3221.766357421875,38800,0.0,0.0
2006-12-29 00:00:00+09:00,3204.351265822785,3218.863726265823,3186.9363132911394,3210.15625,20200,0.0,0.0
2007-01-04 00:00:00+09:00,3239.181004154543,3253.6934638505763,3221.766052519304,3242.08349609375,24800,0.0,0.0
2007-01-05 00:00:00+09:00,3242.083214748647,3259.498164872633,3195.6433477513524,3218.86328125,43200,0.0,0.0
2007-01-09 00:00:00+09:00,3221.7661932467977,3230.473669444762,3163.7163519270352,3172.423828125,54400,0.0,0.0
2007-01-10 00:00:00+09:00,3166.6190220683175,3178.2289909851584,3117.276654171744,3125.984130859375,31200,0.0,0.0
2007-01-11 00:00:00+09:00,3111.471669713324,3140.4965920054256,3111.471669713324,3125.984130859375,18200,0.0,0.0
2007-01-12 00:00:00+09:00,3172.4235759797643,3201.4484943327357,3140.496165791496,3186.93603515625,53200,0.0,0.0
2007-01-15 00:00:00+09:00,3192.7414977972007,3201.448974609375,3163.7165750899535,3201.448974609375,25800,0.0,0.0
2007-01-16 00:00:00+09:00,3215.960506428815,3221.7654892924047,3172.4231349518905,3195.64306640625,31600,0.0,0.0
2007-01-17 00:00:00+09:00,3198.5454667879562,3198.5454667879562,3166.61806194706,3178.22802734375,23600,0.0,0.0
2007-01-18 00:00:00+09:00,3192.7404840896115,3198.5454667879562,3175.3255359945774,3178.22802734375,30200,0.0,0.0
2007-01-19 00:00:00+09:00,3192.74128184599,3192.74128184599,3149.2039007299086,3157.911376953125,28400,0.0,0.0
2007-01-22 00:00:00+09:00,3189.8392067649147,3207.254161487926,3184.034221857244,3192.74169921875,21600,0.0,0.0
2007-01-23 00:00:00+09:00,3181.1315917968755,3189.8390687817205,3172.42411481203,3181.131591796875,22800,0.0,0.0
2007-01-24 00:00:00+09:00,3184.033700125558,3189.8386840820312,3169.521240234375,3169.521240234375,34600,0.0,0.0
2007-01-25 00:00:00+09:00,3192.7404840896115,3195.642975438784,3172.423044645405,3178.22802734375,42600,0.0,0.0
2007-01-26 00:00:00+09:00,3175.325972022419,3192.740922508831,3166.6184967792133,3184.033447265625,22600,0.0,0.0
2007-01-29 00:00:00+09:00,3189.8379927404394,3201.447958137129,3166.61806194706,3178.22802734375,36000,0.0,0.0
2007-01-30 00:00:00+09:00,3189.8385269915475,3207.25347800333,3172.4235759797643,3186.93603515625,34200,0.0,0.0
2007-01-31 00:00:00+09:00,3207.2535831095747,3207.2535831095747,3172.423679944584,3175.326171875,23600,0.0,0.0
2007-02-01 00:00:00+09:00,3207.25347800333,3218.8634453445184,3175.326067815062,3186.93603515625,43200,0.0,0.0
2007-02-02 00:00:00+09:00,3192.740922508831,3192.740922508831,3163.716005031478,3184.033447265625,26200,0.0,0.0
2007-02-05 00:00:00+09:00,3192.741123457495,3215.9610589008225,3166.618696083752,3175.326171875,36800,0.0,0.0
2007-02-06 00:00:00+09:00,3184.0338734060097,3215.9612869041553,3175.326396997424,3204.351318359375,25600,0.0,0.0
2007-02-07 00:00:00+09:00,3195.644053438284,3207.2540227514114,3181.1315917968755,3181.131591796875,31000,0.0,0.0
2007-02-08 00:00:00+09:00,3184.0340841251573,3204.3515304231296,3181.1315917968755,3181.131591796875,30200,0.0,0.0
2007-02-09 00:00:00+09:00,3169.520973598408,3215.96084134344,3169.520973598408,3213.058349609375,48600,0.0,0.0
2007-02-13 00:00:00+09:00,3300.133085945755,3451.0626553997386,3300.133085945755,3433.647705078125,180400,0.0,0.0
2007-02-14 00:00:00+09:00,3453.965585443038,3500.4054588607596,3430.7456487341774,3439.453125,83600,0.0,0.0
2007-02-15 00:00:00+09:00,3459.7702716933445,3465.575255370682,3410.427910435973,3445.2578125,49800,0.0,0.0
2007-02-16 00:00:00+09:00,3424.939947639628,3439.4524050448804,3349.475169132314,3410.427490234375,40800,0.0,0.0
2007-02-19 00:00:00+09:00,3424.9402299173184,3439.452688518663,3404.6227878754357,3433.647705078125,25400,0.0,0.0
2007-02-20 00:00:00+09:00,3453.9657475984036,3517.820576545601,3442.355778698913,3488.795654296875,86000,0.0,0.0
2007-02-21 00:00:00+09:00,3453.9650878906245,3482.990004595588,3427.842662856158,3453.965087890625,51600,0.0,0.0
2007-02-22 00:00:00+09:00,3453.9655973928716,3590.3827260293965,3453.9655973928716,3572.9677734375,122800,0.0,0.0
2007-02-23 00:00:00+09:00,3543.942602065003,3596.1874561494997,3543.942602065003,3587.47998046875,59200,0.0,0.0
2007-02-26 00:00:00+09:00,3619.407531935169,3619.407531935169,3587.4801198651717,3599.090087890625,34800,0.0,0.0
2007-02-27 00:00:00+09:00,3628.114866978914,3628.114866978914,3584.577488575167,3587.47998046875,28400,0.0,0.0
2007-02-28 00:00:00+09:00,3239.181170886076,3471.3805379746836,3239.181170886076,3439.453125,69200,0.0,0.0
2007-03-01 00:00:00+09:00,3445.2576719592007,3512.014981525386,3398.817804434898,3433.647705078125,44800,0.0,0.0
2007-03-02 00:00:00+09:00,3442.3564972394943,3442.3564972394943,3366.891683640652,3384.306640625,46600,0.0,0.0
2007-03-05 00:00:00+09:00,3308.8405235572586,3308.8405235572586,3210.1558061880073,3218.86328125,70800,0.0,0.0
2007-03-06 00:00:00+09:00,3160.814299247634,3297.2314453125,3140.4968519613776,3297.2314453125,55600,0.0,0.0
2007-03-07 00:00:00+09:00,3372.6954922354294,3395.915426777498,3311.7431640625,3311.7431640625,42800,0.0,0.0
2007-03-08 00:00:00+09:00,2946.0290011215584,2989.56637552237,2925.7115597345132,2951.833984375,294800,0.0,0.0
2007-03-09 00:00:00+09:00,2963.4448104872945,3067.9345393585413,2960.542318018649,3044.714599609375,190800,0.0,0.0
2007-03-12 00:00:00+09:00,3079.544255192012,3125.9841308593745,3073.739270733591,3125.984130859375,77800,0.0,0.0
2007-03-13 00:00:00+09:00,3157.9109476179465,3157.9109476179465,3125.9835391401916,3137.593505859375,52000,0.0,0.0
2007-03-14 00:00:00+09:00,3056.3246535748667,3076.6421014143957,3047.6171759293543,3062.129638671875,55400,0.0,0.0
2007-03-15 00:00:00+09:00,3082.447482891937,3128.8873696398377,3082.447482891937,3111.472412109375,36800,0.0,0.0
2007-03-16 00:00:00+09:00,3111.471839088884,3120.1793162505132,3079.544422829576,3094.056884765625,30400,0.0,0.0
2007-03-19 00:00:00+09:00,3105.666854314464,3108.569346701674,3076.6419304423666,3094.056884765625,33600,0.0,0.0
2007-03-20 00:00:00+09:00,3094.05690649784,3105.666876128226,3053.422012791489,3065.031982421875,55800,0.0,0.0
2007-03-22 00:00:00+09:00,3079.5436722634568,3149.203472578559,3079.5436722634568,3137.593505859375,78000,0.0,0.0
2007-03-23 00:00:00+09:00,3149.2037092739265,3166.6186606616166,3120.1787902944434,3152.106201171875,70400,0.0,0.0
2007-03-26 00:00:00+09:00,3163.7163611019355,3215.9612184412335,3143.3989165810976,3157.911376953125,94000,0.0,0.0
2007-03-27 00:00:00+09:00,3172.891953535791,3184.876436835265,3115.9656578632885,3133.9423828125,58400,170.0,0.0
2007-03-28 00:00:00+09:00,3086.0049103346696,3127.950608145044,3032.074727435617,3083.0087890625,76800,0.0,0.0
2007-03-29 00:00:00+09:00,3041.0630608890006,3142.9311831256764,2960.167787348111,3112.969970703125,64200,0.0,0.0
2007-03-30 00:00:00+09:00,3112.969104986081,3139.934188667385,3062.0350580325075,3127.94970703125,37400,0.0,0.0
2007-04-02 00:00:00+09:00,3008.105114880506,3038.0663212040167,2981.140029189346,2993.12451171875,98800,0.0,0.0
2007-04-03 00:00:00+09:00,2993.124728513654,2993.124728513654,2945.186794923846,2969.15576171875,64000,0.0,0.0
2007-04-04 00:00:00+09:00,2993.1247021967824,3026.08203125,2984.1363397277228,3026.08203125,81000,0.0,0.0
2007-04-05 00:00:00+09:00,3017.093284492148,3017.093284492148,2981.1398391953203,2987.132080078125,89000,0.0,0.0
2007-04-06 00:00:00+09:00,2966.159966966884,2990.1289363969195,2957.171603430621,2960.167724609375,60200,0.0,0.0
2007-04-09 00:00:00+09:00,2987.132997058687,3029.0786961146764,2963.16402616955,3020.09033203125,64400,0.0,0.0
2007-04-10 00:00:00+09:00,3017.0940189154862,3050.0513517934114,3005.109534232605,3041.06298828125,79200,0.0,0.0
2007-04-11 00:00:00+09:00,3026.08249200204,3035.07085583967,3008.1057643267804,3029.07861328125,62400,0.0,0.0
2007-04-12 00:00:00+09:00,3011.10139949593,3029.07812426904,2993.12467472282,3002.113037109375,57800,0.0,0.0
2007-04-13 00:00:00+09:00,3002.113339923307,3017.093945411946,2936.1986757732943,2942.19091796875,46600,0.0,0.0
2007-04-16 00:00:00+09:00,2954.1749661192603,2978.143931361607,2936.1982421875,2936.1982421875,49400,0.0,0.0
2007-04-17 00:00:00+09:00,2939.19424639376,2957.1709696132934,2849.3106302960914,2867.287353515625,72600,0.0,0.0
2007-04-18 00:00:00+09:00,2861.2953034708326,2909.233235256731,2861.2953034708326,2900.244873046875,57800,0.0,0.0
2007-04-19 00:00:00+09:00,2873.2797566603413,2888.260360188289,2837.326308193267,2849.310791015625,41000,0.0,0.0
2007-04-20 00:00:00+09:00,2846.31469464609,2855.3030568397094,2789.3884007531683,2792.384521484375,51600,0.0,0.0
2007-04-23 00:00:00+09:00,2852.3070216247434,2918.2216796875,2852.3070216247434,2918.2216796875,99800,0.0,0.0
2007-04-24 00:00:00+09:00,2939.194212300639,3047.054550366717,2900.2446457767774,3035.070068359375,174800,0.0,0.0
2007-04-25 00:00:00+09:00,3044.0585376145937,3050.0507788303703,3002.1128491041563,3023.085693359375,93000,0.0,0.0
2007-04-26 00:00:00+09:00,3035.0700683593755,3038.066188861211,2999.1166223373493,3035.070068359375,58800,0.0,0.0
2007-04-27 00:00:00+09:00,2996.1206366764995,3074.019773230089,2996.1206366764995,3047.0546875,57800,0.0,0.0
2007-05-01 00:00:00+09:00,3068.0277251184834,3172.891954004369,3050.051000166617,3160.907470703125,93400,0.0,0.0
2007-05-02 00:00:00+09:00,3160.9073310253807,3160.9073310253807,3065.0314688520994,3094.99267578125,49000,0.0,0.0
2007-05-07 00:00:00+09:00,3094.9934309520595,3127.950766615634,3094.9934309520595,3118.96240234375,35600,0.0,0.0
2007-05-08 00:00:00+09:00,3151.918477649652,3151.918477649652,3100.9844338093058,3121.957275390625,42000,0.0,0.0
2007-05-09 00:00:00+09:00,3106.977079984674,3130.946044921875,3086.0042356646236,3130.946044921875,31200,0.0,0.0
2007-05-10 00:00:00+09:00,3133.94186301406,3133.94186301406,3094.9922987509785,3109.972900390625,22800,0.0,0.0
2007-05-11 00:00:00+09:00,3109.9734426347977,3112.9695634851205,3041.062663077379,3077.01611328125,40000,0.0,0.0
2007-05-14 00:00:00+09:00,3109.9737170481544,3121.958201506914,3062.0357792131153,3074.020263671875,33200,0.0,0.0
2007-05-15 00:00:00+09:00,3074.020046448108,3139.9347063134674,3074.020046448108,3097.989013671875,76400,0.0,0.0
2007-05-16 00:00:00+09:00,3100.984806995911,3106.97704816885,3062.035239371808,3080.011962890625,41400,0.0,0.0
2007-05-17 00:00:00+09:00,3071.024395170666,3086.0050019763767,3020.0903320312505,3020.09033203125,45800,0.0,0.0
2007-05-18 00:00:00+09:00,3017.0940549902643,3017.0940549902643,2903.2414491415752,2957.171630859375,64400,0.0,0.0
2007-05-21 00:00:00+09:00,2933.2022036538892,2957.171169567302,2879.2720303487104,2954.175048828125,51600,0.0,0.0
2007-05-22 00:00:00+09:00,2957.171358567346,3017.093777180666,2933.202391122018,3014.09765625,54600,0.0,0.0
2007-05-23 00:00:00+09:00,3056.043594134852,3074.0203211591747,3041.06298828125,3041.06298828125,28800,0.0,0.0
2007-05-24 00:00:00+09:00,3053.0470906331866,3053.0470906331866,2981.140191540747,3002.113037109375,29800,0.0,0.0
2007-05-25 00:00:00+09:00,2966.159560868177,3020.0897347021437,2957.1711985625157,3005.109130859375,38400,0.0,0.0
2007-05-28 00:00:00+09:00,3053.0468994382586,3053.0468994382586,2993.124487280491,3023.085693359375,21400,0.0,0.0
2007-05-29 00:00:00+09:00,3002.1127128031712,3026.081676578047,2999.116592331312,3011.10107421875,24800,0.0,0.0
2007-05-30 00:00:00+09:00,3005.10945703125,3011.10169921875,2984.136609375,2996.12109375,36600,0.0,0.0
2007-05-31 00:00:00+09:00,3005.108833275031,3014.0971946906093,2978.1437490282956,3011.10107421875,36200,0.0,0.0
2007-06-01 00:00:00+09:00,3035.0707704724923,3080.0125883965666,3026.0824068876773,3065.031982421875,36400,0.0,0.0
2007-06-04 00:00:00+09:00,3083.0080235899677,3115.965349400939,2945.1864792895412,3032.073974609375,31400,0.0,0.0
2007-06-05 00:00:00+09:00,3032.0746247690886,3053.047472964132,3014.0978977447658,3041.06298828125,17400,0.0,0.0
2007-06-06 00:00:00+09:00,3050.0513517934114,3053.047472964132,3014.0978977447658,3041.06298828125,18200,0.0,0.0
2007-06-07 00:00:00+09:00,3047.0550667429293,3065.0317928004097,3023.0860986662888,3059.03955078125,24400,0.0,0.0
2007-06-08 00:00:00+09:00,3032.073917521766,3038.066158465485,3002.1127128031712,3011.10107421875,30400,0.0,0.0
2007-06-11 00:00:00+09:00,3011.1015353193343,3026.082139972664,3002.1131725273362,3014.09765625,15800,0.0,0.0
2007-06-12 00:00:00+09:00,3017.093284492148,3026.081645816355,2981.1398391953203,2987.132080078125,28000,0.0,0.0
2007-06-13 00:00:00+09:00,2978.1443671875,3065.03187890625,2969.15600390625,2996.12109375,32200,0.0,0.0
2007-06-14 00:00:00+09:00,2996.1207416428038,3014.0974660926604,2981.14013793459,3008.105224609375,28600,0.0,0.0
2007-06-15 00:00:00+09:00,3032.07405518304,3032.07405518304,2996.1206078883797,3023.085693359375,21600,0.0,0.0
2007-06-18 00:00:00+09:00,3023.085693359375,3029.0779345751516,3005.1089697120447,3023.085693359375,13600,0.0,0.0
2007-06-19 00:00:00+09:00,3026.0823046875,3026.0823046875,2987.1327304687497,2996.12109375,27200,0.0,0.0
2007-06-20 00:00:00+09:00,2996.1207416428038,3017.0935868343036,2990.128500159518,3008.105224609375,30800,0.0,0.0
2007-06-21 00:00:00+09:00,2999.11721484375,3011.10169921875,2981.14048828125,2996.12109375,28800,0.0,0.0
2007-06-22 00:00:00+09:00,2999.1168883417695,2999.1168883417695,2957.1711975957305,2978.14404296875,24200,0.0,0.0
2007-06-25 00:00:00+09:00,2987.1332517065184,3023.086711105193,2963.164278774069,2966.160400390625,39200,0.0,0.0
2007-06-26 00:00:00+09:00,2963.16332808514,2966.1594487404336,2924.2137595663266,2936.1982421875,37000,0.0,0.0
2007-06-27 00:00:00+09:00,2933.2021215322065,2945.18660415338,2933.2021215322065,2936.1982421875,23200,0.0,0.0
2007-06-28 00:00:00+09:00,2954.1754822518665,2960.1677246093755,2939.1948763580945,2960.167724609375,23200,0.0,0.0
2007-06-29 00:00:00+09:00,2963.163873272464,2978.1444793051865,2948.183267239742,2957.171630859375,29800,0.0,0.0
2007-07-02 00:00:00+09:00,2921.21826171875,2924.2143830128207,2891.257048778045,2921.21826171875,52200,0.0,0.0
2007-07-03 00:00:00+09:00,2924.213480821651,2924.213480821651,2864.291073427765,2885.263916015625,61000,0.0,0.0
2007-07-04 00:00:00+09:00,2885.2637929064163,2885.2637929064163,2807.364666618185,2816.35302734375,93200,0.0,0.0
2007-07-05 00:00:00+09:00,2819.350015413963,2834.330621234441,2816.3538942498676,2828.33837890625,62600,0.0,0.0
2007-07-06 00:00:00+09:00,2828.3380803094983,2831.334201157284,2804.3691135272147,2807.365234375,48000,0.0,0.0
2007-07-09 00:00:00+09:00,2921.217827122873,2921.217827122873,2846.314805914594,2861.29541015625,65600,0.0,0.0
2007-07-10 00:00:00+09:00,2864.291968494528,2864.291968494528,2828.338512823049,2840.322998046875,42400,0.0,0.0
2007-07-11 00:00:00+09:00,2828.3380803094983,2831.334201157284,2804.3691135272147,2807.365234375,52800,0.0,0.0
2007-07-12 00:00:00+09:00,2807.36531592947,2816.35367873394,2786.3924693857066,2798.376953125,34000,0.0,0.0
2007-07-13 00:00:00+09:00,2807.365234375,2816.3535969183563,2801.372992679429,2807.365234375,18800,0.0,0.0
2007-07-17 00:00:00+09:00,2810.361327599401,2819.34969005441,2780.4001194160387,2783.396240234375,36000,0.0,0.0
2007-07-18 00:00:00+09:00,2795.3809705651324,2807.3654548976733,2750.4391543181046,2756.431396484375,47400,0.0,0.0
2007-07-19 00:00:00+09:00,2756.430532094594,2774.407252956081,2741.449931376689,2771.4111328125,27600,0.0,0.0
2007-07-20 00:00:00+09:00,2765.4194082114986,2816.3534601503884,2765.4194082114986,2795.380615234375,25400,0.0,0.0
2007-07-23 00:00:00+09:00,2792.3846849617976,2792.3846849617976,2720.4777832031245,2720.477783203125,50600,0.0,0.0
2007-07-24 00:00:00+09:00,2747.4429801949273,2747.4429801949273,2726.470133017867,2735.45849609375,20200,0.0,0.0
2007-07-25 00:00:00+09:00,2729.466037415622,2735.4582789906285,2714.485433478105,2732.462158203125,19800,0.0,0.0
2007-07-26 00:00:00+09:00,2741.4506844021626,2765.4196521346403,2711.489474736565,2714.485595703125,21400,0.0,0.0
2007-07-27 00:00:00+09:00,2696.509008022702,2699.505129142727,2666.5477968224495,2672.5400390625,35000,0.0,0.0
2007-07-30 00:00:00+09:00,2660.555258513289,2717.4815534589566,2654.563016940061,2705.4970703125,32600,0.0,0.0
2007-07-31 00:00:00+09:00,2735.4585781893884,2738.4546993046015,2714.485730382898,2726.47021484375,23600,0.0,0.0
2007-08-01 00:00:00+09:00,2729.4659517305395,2732.4620724239867,2657.559055087803,2660.55517578125,49800,0.0,0.0
2007-08-02 00:00:00+09:00,2663.551951574901,2684.5248015873017,2612.6178872590704,2642.5791015625,47000,0.0,0.0
2007-08-03 00:00:00+09:00,2693.5128869026767,2693.5128869026767,2648.571070102298,2672.5400390625,26400,0.0,0.0
2007-08-06 00:00:00+09:00,2666.5481570854663,2666.5481570854663,2627.5985772628696,2633.5908203125,40400,0.0,0.0
2007-08-07 00:00:00+09:00,2645.5747616269177,2648.5708825347624,2612.6174316406255,2612.617431640625,27200,0.0,0.0
2007-08-08 00:00:00+09:00,2612.6169012263595,2612.6169012263595,2516.741051640071,2534.7177734375,69000,0.0,0.0
2007-08-09 00:00:00+09:00,2531.722302835597,2555.691271383153,2492.7727289458185,2543.706787109375,82000,0.0,0.0
2007-08-10 00:00:00+09:00,2519.7375775672895,2633.59016727901,2516.741456785402,2570.671630859375,64400,0.0,0.0
2007-08-13 00:00:00+09:00,2534.718423904041,2558.687392451597,2531.722302835597,2543.706787109375,34200,0.0,0.0
2007-08-14 00:00:00+09:00,2537.71424615638,2573.667694744192,2474.7957111277096,2522.733642578125,31000,0.0,0.0
2007-08-15 00:00:00+09:00,2501.7607673413827,2522.733612097538,2471.799560546875,2471.799560546875,31600,0.0,0.0
2007-08-16 00:00:00+09:00,2381.9158015839043,2405.884765625,2369.9313195633563,2405.884765625,53000,0.0,0.0
2007-08-17 00:00:00+09:00,2396.8966737085457,2432.850123814174,2348.958740234375,2348.958740234375,45200,0.0,0.0
2007-08-20 00:00:00+09:00,2396.8973214285716,2444.8352678571428,2384.9128348214285,2411.8779296875,50200,0.0,0.0
2007-08-21 00:00:00+09:00,2441.8386488551796,2468.8037382290404,2426.858043647479,2465.8076171875,45600,0.0,0.0
2007-08-22 00:00:00+09:00,2468.803413003178,2495.7684988248147,2465.8072923563295,2474.795654296875,30600,0.0,0.0
2007-08-23 00:00:00+09:00,2531.721952735749,2561.6831592770004,2513.745228810998,2555.69091796875,29400,0.0,0.0
2007-08-24 00:00:00+09:00,2381.916176291073,2471.799805585076,2381.916176291073,2444.834716796875,74400,0.0,0.0
2007-08-27 00:00:00+09:00,2474.7952187547407,2477.7913388742986,2456.818498037394,2468.802978515625,33400,0.0,0.0
2007-08-28 00:00:00+09:00,2462.8109596307327,2510.7488858522556,2459.8148392418875,2498.764404296875,38800,0.0,0.0
2007-08-29 00:00:00+09:00,2456.8187941947995,2468.8032761177005,2441.8381917911724,2462.81103515625,32400,0.0,0.0
2007-08-30 00:00:00+09:00,2489.776800368585,2510.7496494691627,2462.811708667842,2495.76904296875,21200,0.0,0.0
2007-08-31 00:00:00+09:00,2507.752808038604,2603.628662109375,2507.752808038604,2603.628662109375,34600,0.0,0.0
2007-09-03 00:00:00+09:00,2630.5940490377825,2654.563015316031,2603.6289619747527,2651.56689453125,27400,0.0,0.0
2007-09-04 00:00:00+09:00,2648.5707467727143,2660.5552297897857,2624.601780738572,2654.56298828125,22800,0.0,0.0
2007-09-05 00:00:00+09:00,2660.555283482143,2666.5475251116072,2615.6134712611606,2621.605712890625,35200,0.0,0.0
2007-09-06 00:00:00+09:00,2561.68269070712,2639.581813465465,2543.7059700705786,2636.585693359375,33200,0.0,0.0
2007-09-07 00:00:00+09:00,2579.6605515252977,2651.567465853529,2579.6605515252977,2642.5791015625,39000,0.0,0.0
2007-09-10 00:00:00+09:00,2552.6947952921355,2600.632725720157,2516.7413474711198,2528.725830078125,54200,0.0,0.0
2007-09-11 00:00:00+09:00,2525.730087856077,2552.695177762014,2504.7572401514594,2540.710693359375,22000,0.0,0.0
2007-09-12 00:00:00+09:00,2543.7064890340407,2570.671575490232,2525.7297647299133,2549.69873046875,28600,0.0,0.0
2007-09-13 00:00:00+09:00,2543.706816499367,2549.69905870549,2480.7882733350716,2513.74560546875,26800,0.0,0.0
2007-09-14 00:00:00+09:00,2456.819306522967,2510.7494864222513,2426.8580954678087,2486.780517578125,79600,0.0,0.0
2007-09-18 00:00:00+09:00,2447.830701705858,2447.830701705858,2417.8694936066427,2432.85009765625,22400,0.0,0.0
2007-09-19 00:00:00+09:00,2462.8107382765097,2492.7719394720875,2441.837897439605,2468.802978515625,39000,0.0,0.0
2007-09-20 00:00:00+09:00,2468.803657148868,2531.7221969548464,2441.8385686605916,2447.830810546875,22800,0.0,0.0
2007-09-21 00:00:00+09:00,2465.807845705576,2468.8039670247804,2369.931963491021,2387.90869140625,51800,0.0,0.0
2007-09-25 00:00:00+09:00,2442.247454270702,2442.247454270702,2312.4370209781923,2387.908203125,35400,30.0,0.0
2007-09-26 00:00:00+09:00,2387.908789805133,2406.021877970532,2348.6637654467677,2381.87109375,32200,0.0,0.0
2007-09-27 00:00:00+09:00,2399.9840781779826,2460.361036119567,2384.889838692586,2448.28564453125,42200,0.0,0.0
2007-09-28 00:00:00+09:00,2472.4357771789396,2472.4357771789396,2390.9269054038095,2396.964599609375,32800,0.0,0.0
2007-10-01 00:00:00+09:00,2399.9840842676526,2403.002932172392,2369.7956052202608,2372.814453125,25800,0.0,0.0
2007-10-02 00:00:00+09:00,2393.9461430657966,2421.1157714234164,2381.8707526846324,2418.096923828125,20000,0.0,0.0
2007-10-03 00:00:00+09:00,2415.078270213755,2439.229052915892,2399.9840310249187,2436.210205078125,19600,0.0,0.0
2007-10-04 00:00:00+09:00,2406.021191895755,2436.2096635632047,2399.983497562265,2409.0400390625,25400,0.0,0.0
2007-10-05 00:00:00+09:00,2406.021773972141,2475.455275604963,2393.946382383824,2448.28564453125,41800,0.0,0.0
2007-10-09 00:00:00+09:00,2484.511278881064,2511.6809040450125,2466.3981954384317,2481.492431640625,18200,0.0,0.0
2007-10-10 00:00:00+09:00,2496.586718395316,2517.71864950628,2475.4547872843523,2493.56787109375,14600,0.0,0.0
2007-10-11 00:00:00+09:00,2490.5492189861698,2499.605761600665,2475.4549812953446,2496.5869140625,18200,0.0,0.0
2007-10-12 00:00:00+09:00,2499.605216849404,2508.661757490163,2469.416748046875,2469.416748046875,18800,0.0,0.0
2007-10-15 00:00:00+09:00,2478.474122290518,2490.549513872932,2448.2856433344823,2463.3798828125,17000,0.0,0.0
2007-10-16 00:00:00+09:00,2445.2666015625,2454.32314453125,2390.92734375,2399.98388671875,31000,0.0,0.0
2007-10-17 00:00:00+09:00,2384.8896484375,2384.8896484375,2333.56923828125,2354.701171875,34200,0.0,0.0
2007-10-18 00:00:00+09:00,2339.6070816059932,2384.889799314496,2312.4374509808913,2315.456298828125,60400,0.0,0.0
2007-10-19 00:00:00+09:00,2309.4182096569743,2309.4182096569743,2270.17319432947,2279.229736328125,46800,0.0,0.0
2007-10-22 00:00:00+09:00,2233.9474117145382,2249.0416509828797,2203.7589331778554,2239.985107421875,36000,0.0,0.0
2007-10-23 00:00:00+09:00,2270.173146081349,2303.380466037326,2246.0223679315477,2282.24853515625,39400,0.0,0.0
2007-10-24 00:00:00+09:00,2239.9843669953893,2239.9843669953893,2191.682817302766,2209.7958984375,75800,0.0,0.0
2007-10-25 00:00:00+09:00,2203.7588369718164,2318.475050403226,2164.513816587387,2246.022705078125,74200,0.0,0.0
2007-10-26 00:00:00+09:00,2399.122068354469,2460.360595703125,2399.122068354469,2460.360595703125,36000,0.0,0.0
2007-10-29 00:00:00+09:00,2457.3419428747284,2478.473876044413,2433.191162109375,2433.191162109375,47400,0.0,0.0
2007-10-30 00:00:00+09:00,2439.228557548138,2463.379335345644,2360.738529706242,2390.927001953125,84800,0.0,0.0
2007-10-31 00:00:00+09:00,2393.946382383824,2454.3233403254085,2372.814447104269,2448.28564453125,36200,0.0,0.0
2007-11-01 00:00:00+09:00,2421.1156242666616,2430.1721665020727,2393.9459975604273,2412.05908203125,34400,0.0,0.0
2007-11-02 00:00:00+09:00,2391.5520439423367,2391.5520439423367,2363.757568359375,2363.757568359375,36200,0.0,0.0
2007-11-05 00:00:00+09:00,2339.606592676661,2378.8516064893015,2336.5877454603037,2345.644287109375,16400,0.0,0.0
2007-11-06 00:00:00+09:00,2345.64462890625,2396.9650390625,2345.64462890625,2354.701171875,20800,0.0,0.0
2007-11-07 00:00:00+09:00,2357.291219344139,2357.291219344139,2354.701171875,2354.701171875,36200,0.0,0.0
2007-11-08 00:00:00+09:00,2324.5126953125,2345.64462890625,2291.30537109375,2339.60693359375,30600,0.0,0.0
2007-11-09 00:00:00+09:00,2294.815523485488,2306.399169921875,2294.815523485488,2306.399169921875,36200,0.0,0.0
2007-11-12 00:00:00+09:00,2185.6459412717536,2185.6459412717536,2004.5150621608348,2016.5904541015625,121600,0.0,0.0
2007-11-13 00:00:00+09:00,1953.1941171890048,1968.2883530250867,1923.005645516841,1959.2318115234375,113000,0.0,0.0
2007-11-14 00:00:00+09:00,1979.5202214349072,1998.4770507812498,1979.5202214349072,1998.47705078125,36200,0.0,0.0
2007-11-15 00:00:00+09:00,1986.4016607463177,2025.6466783598469,1980.3639657288518,1998.47705078125,29800,0.0,0.0
2007-11-16 00:00:00+09:00,1949.4934237889406,1949.4934237889406,1913.9495849609377,1913.9495849609375,36200,0.0,0.0
2007-11-19 00:00:00+09:00,1916.9676635349679,1923.0053569634244,1862.6284226788587,1877.72265625,42600,0.0,0.0
2007-11-20 00:00:00+09:00,1847.5346451297883,1871.6854248046875,1811.3084756174396,1871.6854248046875,40800,0.0,0.0
2007-11-21 00:00:00+09:00,1898.8554540693858,1898.8554540693858,1826.4030997010784,1832.4407958984375,35200,0.0,0.0
2007-11-22 00:00:00+09:00,1826.402564801668,1844.5156480889573,1811.3083287289269,1835.4591064453125,40000,0.0,0.0
2007-11-26 00:00:00+09:00,1865.6478515625,1877.7232421874999,1853.5724609375,1856.59130859375,36400,0.0,0.0
2007-11-27 00:00:00+09:00,1853.5720178763854,1865.6474056149939,1817.3458546605602,1838.477783203125,51800,0.0,0.0
2007-11-28 00:00:00+09:00,1857.37854817051,1859.610107421875,1857.37854817051,1859.610107421875,36200,0.0,0.0
2007-11-29 00:00:00+09:00,1886.779196392685,1889.7980431069134,1874.7038095357718,1877.72265625,37200,0.0,0.0
2007-11-30 00:00:00+09:00,1889.7984168802739,1947.1565157951702,1883.760722257653,1923.0057373046875,38600,0.0,0.0
2007-12-03 00:00:00+09:00,1953.1946292085913,1992.4396526702787,1938.1003894156347,1950.17578125,33200,0.0,0.0
2007-12-04 00:00:00+09:00,1956.2130577291014,1962.250752351722,1919.9868899933772,1923.0057373046875,28200,0.0,0.0
2007-12-05 00:00:00+09:00,1926.0249766641612,1932.062672515773,1886.7799536286846,1913.9495849609375,37000,0.0,0.0
2007-12-06 00:00:00+09:00,1944.1374703653203,1944.1374703653203,1904.8924593175732,1919.9866943359375,42200,0.0,0.0
2007-12-07 00:00:00+09:00,1962.2502652718074,1971.3068049576773,1947.1560324620243,1953.1937255859375,44800,0.0,0.0
2007-12-10 00:00:00+09:00,1956.2128202286233,1983.3824427317986,1956.2128202286233,1968.2882080078125,25000,0.0,0.0
2007-12-11 00:00:00+09:00,2028.665078952345,2037.7216194833823,1986.4012231408378,1995.457763671875,54000,0.0,0.0
2007-12-12 00:00:00+09:00,1998.4773678326496,2013.5716077709628,1980.364279906674,2001.4962158203125,32400,0.0,0.0
2007-12-13 00:00:00+09:00,2022.6282830885898,2022.6282830885898,1956.213623046875,1956.213623046875,46800,0.0,0.0
2007-12-14 00:00:00+09:00,1956.213623046875,1983.383256700304,1947.157078495732,1956.213623046875,42200,0.0,0.0
2007-12-17 00:00:00+09:00,1956.2134834265173,1956.2134834265173,1889.7988281249998,1889.798828125,35400,0.0,0.0
2007-12-18 00:00:00+09:00,1889.7983651130824,1910.9302957133884,1874.7041289700066,1895.8360595703125,31200,0.0,0.0
2007-12-19 00:00:00+09:00,1878.6666074956506,1878.6666074956506,1865.6478271484375,1865.6478271484375,36200,0.0,0.0
2007-12-20 00:00:00+09:00,1862.6287787047731,1865.6476259960289,1814.3272220446818,1817.3460693359375,38200,0.0,0.0
2007-12-21 00:00:00+09:00,1811.30847368084,1841.4969482421873,1796.2142364001663,1841.4969482421875,56400,0.0,0.0
2007-12-25 00:00:00+09:00,1817.3465319925106,1856.5915567697573,1814.3276839327223,1826.403076171875,35400,0.0,0.0
2007-12-26 00:00:00+09:00,1826.402262108119,1877.72265625,1826.402262108119,1877.72265625,41600,0.0,0.0
2007-12-27 00:00:00+09:00,1880.7422377526084,1886.779933539936,1856.5914546032973,1862.629150390625,21400,0.0,0.0
2007-12-28 00:00:00+09:00,1847.53483898706,1853.5725345393055,1841.497143434815,1844.5159912109375,22400,0.0,0.0
2008-01-04 00:00:00+09:00,1814.3271715042981,1856.5910324045647,1790.176393847003,1805.2706298828125,57400,0.0,0.0
2008-01-07 00:00:00+09:00,1799.2329354684887,1805.2706298828125,1799.2329354684887,1805.2706298828125,41600,0.0,0.0
2008-01-08 00:00:00+09:00,1805.2709471841088,1808.289794921875,1805.2709471841088,1808.289794921875,41600,0.0,0.0
2008-01-09 00:00:00+09:00,1790.176348553588,1823.3836669921873,1790.176348553588,1823.3836669921875,41600,0.0,0.0
2008-01-10 00:00:00+09:00,1823.383934891464,1823.383934891464,1799.233154296875,1799.233154296875,41600,0.0,0.0
2008-01-11 00:00:00+09:00,1784.1387436199027,1784.1387436199027,1772.0633544921875,1772.0633544921875,41600,0.0,0.0
2008-01-15 00:00:00+09:00,1775.082342708812,1775.082342708812,1642.2530517578123,1642.2530517578125,41600,0.0,0.0
2008-01-16 00:00:00+09:00,1539.612521020602,1618.1025711118484,1539.612521020602,1563.7633056640625,52800,0.0,0.0
2008-01-17 00:00:00+09:00,1609.0456111609178,1657.3471679687502,1609.0456111609178,1657.34716796875,52800,0.0,0.0
2008-01-18 00:00:00+09:00,1612.0644197162828,1720.742919921875,1612.0644197162828,1720.742919921875,52800,0.0,0.0
2008-01-21 00:00:00+09:00,1654.3282678674766,1654.3282678674766,1630.1774902343748,1630.177490234375,52800,0.0,0.0
2008-01-22 00:00:00+09:00,1584.8949193954465,1584.8949193954465,1539.6122074127197,1545.64990234375,56800,0.0,0.0
2008-01-23 00:00:00+09:00,1657.3472893658804,1657.3472893658804,1642.2530517578123,1642.2530517578125,56800,0.0,0.0
2008-01-24 00:00:00+09:00,1705.6486632667197,1744.8936767578125,1705.6486632667197,1744.8936767578125,56800,0.0,0.0
2008-01-25 00:00:00+09:00,1744.89389874046,1829.421630859375,1744.89389874046,1829.421630859375,56800,0.0,0.0
2008-01-28 00:00:00+09:00,1835.4594011794534,1835.4594011794534,1711.6866455078125,1711.6866455078125,56800,0.0,0.0
2008-01-29 00:00:00+09:00,1741.8751218605698,1756.9693603515627,1741.8751218605698,1756.9693603515625,56800,0.0,0.0
2008-01-30 00:00:00+09:00,1756.9693605631228,1756.9693605631228,1741.8751220703125,1741.8751220703125,56800,0.0,0.0
2008-01-31 00:00:00+09:00,1823.3836669921873,1823.3836669921873,1823.3836669921873,1823.3836669921875,56800,0.0,0.0
2008-02-01 00:00:00+09:00,1823.3836616490423,1823.3836616490423,1793.1951904296873,1793.1951904296875,56800,0.0,0.0
2008-02-04 00:00:00+09:00,1808.2895274621703,1817.3460693359375,1808.2895274621703,1817.3460693359375,56800,0.0,0.0
2008-02-05 00:00:00+09:00,1793.1955562330445,1808.289794921875,1793.1955562330445,1808.289794921875,56800,0.0,0.0
2008-02-06 00:00:00+09:00,1756.968766587952,1759.987613265938,1732.8179931640625,1732.8179931640625,46200,0.0,0.0
2008-02-07 00:00:00+09:00,1756.9694584287447,1756.9694584287447,1750.9317626953125,1750.9317626953125,46200,0.0,0.0
2008-02-08 00:00:00+09:00,1711.6866210937499,1711.6866210937499,1705.64892578125,1705.64892578125,46200,0.0,0.0
2008-02-12 00:00:00+09:00,1711.686380349864,1735.837158203125,1711.686380349864,1735.837158203125,46200,0.0,0.0
2008-02-13 00:00:00+09:00,1735.8374266731882,1741.8751220703125,1735.8374266731882,1741.8751220703125,46200,0.0,0.0
2008-02-14 00:00:00+09:00,1744.893658788071,1784.138671875,1744.893658788071,1784.138671875,46200,0.0,0.0
2008-02-15 00:00:00+09:00,1766.0255889118018,1802.251754838198,1756.9690474302029,1784.138671875,36800,0.0,0.0
2008-02-18 00:00:00+09:00,1784.138601094735,1796.2139892578125,1784.138601094735,1796.2139892578125,36800,0.0,0.0
2008-02-19 00:00:00+09:00,1802.2517826756507,1805.2706298828125,1802.2517826756507,1805.2706298828125,36800,0.0,0.0
2008-02-20 00:00:00+09:00,1798.369577183515,1798.369577183515,1744.8936767578125,1744.8936767578125,36800,0.0,0.0
2008-02-21 00:00:00+09:00,1772.0633083813104,1790.1763916015625,1772.0633083813104,1790.1763916015625,36800,0.0,0.0
2008-02-22 00:00:00+09:00,1796.2140882613269,1805.2706298828125,1796.2140882613269,1805.2706298828125,36800,0.0,0.0
2008-02-25 00:00:00+09:00,1847.5347171139406,1859.610107421875,1847.5347171139406,1859.610107421875,36800,0.0,0.0
2008-02-26 00:00:00+09:00,1859.6104048295456,1859.6104048295456,1826.4030761718752,1826.403076171875,36800,0.0,0.0
2008-02-27 00:00:00+09:00,1847.534935966765,1853.5726318359375,1847.534935966765,1853.5726318359375,36800,0.0,0.0
2008-02-28 00:00:00+09:00,1829.3759404383877,1868.66650390625,1829.3759404383877,1868.66650390625,36800,0.0,0.0
2008-02-29 00:00:00+09:00,1853.5723142141617,1853.5723142141617,1850.5534667968748,1850.553466796875,36800,0.0,0.0
2008-03-03 00:00:00+09:00,1850.5533895397502,1850.5533895397502,1817.3460693359375,1817.3460693359375,36800,0.0,0.0
2008-03-04 00:00:00+09:00,1820.365210204672,1820.365210204672,1814.3275146484377,1814.3275146484375,36800,0.0,0.0
2008-03-05 00:00:00+09:00,1805.2705303801208,1805.2705303801208,1796.2139892578125,1796.2139892578125,36800,0.0,0.0
2008-03-06 00:00:00+09:00,1853.5720178763854,1853.5720178763854,1838.477783203125,1838.477783203125,36800,0.0,0.0
2008-03-07 00:00:00+09:00,1838.478468411028,1838.478468411028,1826.4030761718752,1826.403076171875,36800,0.0,0.0
2008-03-10 00:00:00+09:00,1802.2517804150636,1802.2517804150636,1790.1763916015625,1790.1763916015625,36800,0.0,0.0
2008-03-11 00:00:00+09:00,1790.1766123755929,1829.421630859375,1790.1766123755929,1829.421630859375,36800,0.0,0.0
2008-03-12 00:00:00+09:00,1865.6475785907946,1865.6475785907946,1835.4591064453125,1835.4591064453125,36800,0.0,0.0
2008-03-13 00:00:00+09:00,1847.5345725212037,1868.66650390625,1847.5345725212037,1868.66650390625,36800,0.0,0.0
2008-03-14 00:00:00+09:00,1826.4025603329458,1826.4025603329458,1805.2706298828125,1805.2706298828125,36800,0.0,0.0
2008-03-17 00:00:00+09:00,1759.988305246728,1766.0260009765625,1759.988305246728,1766.0260009765625,36800,0.0,0.0
2008-03-18 00:00:00+09:00,1759.9882327592022,1759.9882327592022,1747.912841796875,1747.912841796875,36800,0.0,0.0
2008-03-19 00:00:00+09:00,1826.402564801668,1838.4779536598608,1808.2894815143786,1835.4591064453125,19400,0.0,0.0
2008-03-21 00:00:00+09:00,1868.6664822957164,1892.8172607421875,1868.6664822957164,1892.8172607421875,19400,0.0,0.0
2008-03-24 00:00:00+09:00,1938.0998764396275,1938.0998764396275,1929.0433349609375,1929.0433349609375,19400,0.0,0.0
2008-03-25 00:00:00+09:00,1962.2508799467275,1983.3828125,1962.2508799467275,1983.3828125,19400,0.0,0.0
2008-03-26 00:00:00+09:00,1989.6592667987088,2005.3505859375,1989.6592667987088,2005.3505859375,19400,125.0,0.0
2008-03-27 00:00:00+09:00,1948.8617818911616,1964.5531005859373,1948.8617818911616,1964.5531005859375,19400,0.0,0.0
2008-03-28 00:00:00+09:00,1967.6908812894353,1973.9674072265627,1967.6908812894353,1973.9674072265625,19400,0.0,0.0
2008-03-31 00:00:00+09:00,1923.7561019147029,1923.7561019147029,1914.34130859375,1914.34130859375,19400,0.0,0.0
2008-04-01 00:00:00+09:00,1939.44694921875,1961.414794921875,1939.44694921875,1961.414794921875,19400,0.0,0.0
2008-04-02 00:00:00+09:00,1980.2444684599625,1986.52099609375,1980.2444684599625,1986.52099609375,19400,0.0,0.0
2008-04-03 00:00:00+09:00,1992.797193814382,1992.797193814382,1980.244140625,1980.244140625,19400,0.0,0.0
2008-04-04 00:00:00+09:00,1964.5530931042085,1964.5530931042085,1945.7235107421873,1945.7235107421875,19400,0.0,0.0
2008-04-07 00:00:00+09:00,1948.861460708545,1967.6910400390623,1945.723197486792,1967.6910400390625,19400,0.0,0.0
2008-04-08 00:00:00+09:00,1983.3830087545218,1983.3830087545218,1952.0003662109375,1952.0003662109375,19400,0.0,0.0
2008-04-09 00:00:00+09:00,1948.862090913625,1948.862090913625,1904.9263916015625,1904.9263916015625,19400,0.0,0.0
2008-04-10 00:00:00+09:00,1876.6819653279417,1876.6819653279417,1873.543701171875,1873.543701171875,19400,0.0,0.0
2008-04-11 00:00:00+09:00,1864.129077548668,1914.34130859375,1864.129077548668,1914.34130859375,21200,0.0,0.0
2008-04-14 00:00:00+09:00,1917.479314108456,1917.479314108456,1867.26708984375,1867.26708984375,21200,0.0,0.0
2008-04-15 00:00:00+09:00,1857.8520966600252,1870.4051513671875,1857.8520966600252,1870.4051513671875,21200,0.0,0.0
2008-04-16 00:00:00+09:00,1870.4051552392007,1879.8199462890625,1870.4051552392007,1879.8199462890625,21200,0.0,0.0
2008-04-17 00:00:00+09:00,1895.5113943052686,1898.649658203125,1895.5113943052686,1898.649658203125,21200,0.0,0.0
2008-04-18 00:00:00+09:00,1876.6820912527207,1892.3734130859375,1876.6820912527207,1892.3734130859375,21200,0.0,0.0
2008-04-21 00:00:00+09:00,1908.0646558381384,1908.0646558381384,1904.9263916015625,1904.9263916015625,21200,0.0,0.0
2008-04-22 00:00:00+09:00,1892.3734130859375,1892.3734130859375,1892.3734130859375,1892.3734130859375,21200,0.0,0.0
2008-04-23 00:00:00+09:00,1926.8939208984377,1939.4469757577108,1923.7556571836194,1926.8939208984375,19800,0.0,0.0
2008-04-24 00:00:00+09:00,1930.032297181689,1930.032297181689,1898.649658203125,1898.649658203125,19800,0.0,0.0
2008-04-25 00:00:00+09:00,1920.6171922637195,1930.031982421875,1920.6171922637195,1930.031982421875,19800,0.0,0.0
2008-04-28 00:00:00+09:00,1977.106201171875,1977.106201171875,1977.106201171875,1977.106201171875,19800,0.0,0.0
2008-04-30 00:00:00+09:00,1980.2445101091164,1989.6593017578125,1980.2445101091164,1989.6593017578125,19800,0.0,0.0
2008-05-01 00:00:00+09:00,2021.042116710539,2030.4569091796875,2021.042116710539,2030.4569091796875,19800,0.0,0.0
2008-05-02 00:00:00+09:00,2014.7649879807693,2039.8710937500002,2005.3501983173078,2039.87109375,23000,0.0,0.0
2008-05-07 00:00:00+09:00,2052.4243208654398,2061.839111328125,2052.4243208654398,2061.839111328125,23000,0.0,0.0
2008-05-08 00:00:00+09:00,2049.2859732824427,2058.7007633587787,2036.732919847328,2055.5625,10200,0.0,0.0
2008-05-09 00:00:00+09:00,2052.424536248519,2052.424536248519,1986.52099609375,1986.52099609375,10200,0.0,0.0
2008-05-12 00:00:00+09:00,1967.690960537856,1970.8292236328127,1967.690960537856,1970.8292236328125,10200,0.0,0.0
2008-05-13 00:00:00+09:00,1978.0388377297002,1989.6593017578125,1978.0388377297002,1989.6593017578125,10200,0.0,0.0
2008-05-14 00:00:00+09:00,1989.6589405293369,1999.07373046875,1989.6589405293369,1999.07373046875,10200,0.0,0.0
2008-05-15 00:00:00+09:00,2055.5626681939966,2068.11572265625,2055.5626681939966,2068.11572265625,10200,0.0,0.0
2008-05-16 00:00:00+09:00,2074.3920101845733,2077.5302734375,2074.3920101845733,2077.5302734375,10200,0.0,0.0
2008-05-19 00:00:00+09:00,2024.1797776442309,2039.8710937500002,2024.1797776442309,2039.87109375,10200,0.0,0.0
2008-05-20 00:00:00+09:00,1999.0737354278565,2017.9033153533935,1995.9354721069337,2008.488525390625,22200,0.0,0.0
2008-05-21 00:00:00+09:00,1973.967884285219,1973.967884285219,1945.7235107421873,1945.7235107421875,22200,0.0,0.0
2008-05-22 00:00:00+09:00,1980.2443048018445,1983.382568359375,1980.2443048018445,1983.382568359375,22200,0.0,0.0
2008-05-23 00:00:00+09:00,1986.5209926060268,1986.5209926060268,1977.106201171875,1977.106201171875,22200,0.0,0.0
2008-05-26 00:00:00+09:00,1958.2769361958267,1958.2769361958267,1955.138671875,1955.138671875,22200,0.0,0.0
2008-05-27 00:00:00+09:00,1942.5855298088593,1942.5855298088593,1939.447265625,1939.447265625,22200,0.0,0.0
2008-05-28 00:00:00+09:00,1945.7233183951228,1945.7233183951228,1886.0963134765625,1886.0963134765625,22200,0.0,0.0
2008-05-29 00:00:00+09:00,1942.5853271484373,1942.5853271484373,1942.5853271484373,1942.5853271484375,22200,0.0,0.0
2008-05-30 00:00:00+09:00,1970.8299934791332,1970.8299934791332,1955.138671875,1955.138671875,22200,0.0,0.0
2008-06-02 00:00:00+09:00,1977.106201171875,1980.244464983259,1967.691409737723,1977.106201171875,14200,0.0,0.0
2008-06-03 00:00:00+09:00,1952.0002024676678,1952.0002024676678,1948.8619384765623,1948.8619384765625,14200,0.0,0.0
2008-06-04 00:00:00+09:00,1967.690960537856,1970.8292236328127,1967.690960537856,1970.8292236328125,14200,0.0,0.0
2008-06-05 00:00:00+09:00,1961.4148855586,1986.52099609375,1961.4148855586,1986.52099609375,9400,0.0,0.0
2008-06-06 00:00:00+09:00,2005.3501176773364,2005.3501176773364,1970.8292236328127,1970.8292236328125,9400,0.0,0.0
2008-06-09 00:00:00+09:00,1945.723587630631,1945.723587630631,1933.1705322265625,1933.1705322265625,9400,0.0,0.0
2008-06-10 00:00:00+09:00,1958.276646430735,1958.276646430735,1942.5853271484373,1942.5853271484375,9400,0.0,0.0
2008-06-11 00:00:00+09:00,1930.031982421875,1930.031982421875,1930.031982421875,1930.031982421875,9400,0.0,0.0
2008-06-12 00:00:00+09:00,1936.3086469696789,2058.700927734375,1936.3086469696789,2058.700927734375,9400,0.0,0.0
2008-06-13 00:00:00+09:00,2058.70140649376,2058.70140649376,2011.6274414062498,2011.62744140625,9400,0.0,0.0
2008-06-16 00:00:00+09:00,2049.2865797171567,2049.2865797171567,2046.1483154296875,2046.1483154296875,9400,0.0,0.0
2008-06-17 00:00:00+09:00,2049.2865797171567,2049.2865797171567,2046.1483154296875,2046.1483154296875,9400,0.0,0.0
2008-06-18 00:00:00+09:00,2036.7328305288463,2039.8710937500002,2036.7328305288463,2039.87109375,9400,0.0,0.0
2008-06-19 00:00:00+09:00,2008.488600628931,2008.488600628931,1995.9355468750002,1995.935546875,9400,0.0,0.0
2008-06-20 00:00:00+09:00,2039.8716598841427,2039.8716598841427,2027.3186035156248,2027.318603515625,9400,0.0,0.0
2008-06-23 00:00:00+09:00,2002.2121539739173,2011.6269446665847,1989.6590997170276,1992.79736328125,13800,0.0,0.0
2008-06-24 00:00:00+09:00,1992.797654766903,2014.7655029296877,1992.797654766903,2014.7655029296875,13800,0.0,0.0
2008-06-25 00:00:00+09:00,2011.6269489156787,2014.7652124865301,1995.9356310614223,2002.212158203125,13200,0.0,0.0
2008-06-26 00:00:00+09:00,2024.1802143197779,2024.1802143197779,2017.9036865234375,2017.9036865234375,13200,0.0,0.0
2008-06-27 00:00:00+09:00,2005.3503371904483,2005.3503371904483,1995.9355468750002,1995.935546875,13200,0.0,0.0
2008-06-30 00:00:00+09:00,1992.7972038424746,1999.07373046875,1992.7972038424746,1999.07373046875,13200,0.0,0.0
2008-07-01 00:00:00+09:00,2008.488894828927,2017.9036865234375,2008.488894828927,2017.9036865234375,13200,0.0,0.0
2008-07-02 00:00:00+09:00,2017.9039155524645,2017.9039155524645,1952.0003662109375,1952.0003662109375,13200,0.0,0.0
2008-07-03 00:00:00+09:00,1923.7559879217117,1952.0003662109375,1923.7559879217117,1952.0003662109375,13200,0.0,0.0
2008-07-04 00:00:00+09:00,1961.414836846982,1964.5531005859373,1961.414836846982,1964.5531005859375,13200,0.0,0.0
2008-07-07 00:00:00+09:00,1980.2444684599625,1989.6592599106439,1973.967940826175,1986.52099609375,9000,0.0,0.0
2008-07-08 00:00:00+09:00,2033.5951733360703,2033.5951733360703,2030.4569091796875,2030.4569091796875,9000,0.0,0.0
2008-07-09 00:00:00+09:00,2027.318564709322,2033.5950927734373,2027.318564709322,2033.5950927734375,9000,0.0,0.0
2008-07-10 00:00:00+09:00,1999.07373046875,1999.07373046875,1999.07373046875,1999.07373046875,9000,0.0,0.0
2008-07-11 00:00:00+09:00,2021.0420366452063,2033.5950927734373,2021.0420366452063,2033.5950927734375,9000,0.0,0.0
2008-07-14 00:00:00+09:00,2030.45644469831,2030.45644469831,1995.9355468750002,1995.935546875,9000,0.0,0.0
2008-07-15 00:00:00+09:00,1999.0741828134128,2014.7655029296877,1999.0741828134128,2014.7655029296875,9000,0.0,0.0
2008-07-16 00:00:00+09:00,1986.5208403488684,2002.212158203125,1986.5208403488684,2002.212158203125,9000,0.0,0.0
2008-07-17 00:00:00+09:00,2011.626783721301,2011.626783721301,1999.07373046875,1999.07373046875,9000,0.0,0.0
2008-07-18 00:00:00+09:00,1992.797367490571,2002.212158203125,1992.797367490571,2002.212158203125,9000,0.0,0.0
2008-07-22 00:00:00+09:00,1986.5209527073134,2086.9453926546025,1986.5209527073134,2083.80712890625,20800,0.0,0.0
2008-07-23 00:00:00+09:00,2096.360183899661,2096.360183899661,2083.80712890625,2083.80712890625,20800,0.0,0.0
2008-07-24 00:00:00+09:00,2102.6365632233797,2118.327880859375,2102.6365632233797,2118.327880859375,20800,0.0,0.0
2008-07-25 00:00:00+09:00,2099.498126549635,2099.498126549635,2096.35986328125,2096.35986328125,20800,0.0,0.0
2008-07-28 00:00:00+09:00,2108.9131578947367,2108.9131578947367,2086.9453125,2086.9453125,20800,0.0,0.0
2008-07-29 00:00:00+09:00,2074.3920801526715,2074.3920801526715,2055.5625,2055.5625,20800,0.0,0.0
2008-07-30 00:00:00+09:00,2064.977546416133,2083.80712890625,2064.977546416133,2083.80712890625,20800,0.0,0.0
2008-07-31 00:00:00+09:00,2115.1896173321757,2118.327880859375,2115.1896173321757,2118.327880859375,20800,0.0,0.0
2008-08-01 00:00:00+09:00,2074.3922498873767,2077.5305135029403,2064.977459040687,2068.11572265625,10600,0.0,0.0
2008-08-04 00:00:00+09:00,2068.11572265625,2068.11572265625,2068.11572265625,2068.11572265625,10600,0.0,0.0
2008-08-05 00:00:00+09:00,2071.2540702415845,2074.392333984375,2071.2540702415845,2074.392333984375,10600,0.0,0.0
2008-08-06 00:00:00+09:00,2096.5627537057567,2096.5627537057567,2090.08349609375,2090.08349609375,10600,0.0,0.0
2008-08-07 00:00:00+09:00,2070.3906573064774,2070.3906573064774,2068.11572265625,2068.11572265625,10600,0.0,0.0
2008-08-08 00:00:00+09:00,2068.1158064987944,2074.392333984375,2068.1158064987944,2074.392333984375,10600,0.0,0.0
2008-08-11 00:00:00+09:00,2086.9453926546025,2086.9453926546025,2083.80712890625,2083.80712890625,10600,0.0,0.0
2008-08-12 00:00:00+09:00,2071.2541402649767,2071.2541402649767,2043.0097656249998,2043.009765625,10600,0.0,0.0
2008-08-13 00:00:00+09:00,2030.4570274412538,2030.4570274412538,2011.6274414062498,2011.62744140625,10600,0.0,0.0
2008-08-14 00:00:00+09:00,2008.488600628931,2008.488600628931,1995.9355468750002,1995.935546875,10600,0.0,0.0
2008-08-15 00:00:00+09:00,1983.3827322768564,1986.52099609375,1983.3827322768564,1986.52099609375,10600,0.0,0.0
2008-08-18 00:00:00+09:00,2024.180003199084,2024.180003199084,2002.212158203125,2002.212158203125,10600,0.0,0.0
2008-08-19 00:00:00+09:00,1980.2440129176828,1980.2440129176828,1970.8292236328127,1970.8292236328125,10600,0.0,0.0
2008-08-20 00:00:00+09:00,1959.8304507428734,1959.8304507428734,1958.2764892578125,1958.2764892578125,10600,0.0,0.0
2008-08-21 00:00:00+09:00,1930.032184613256,1930.032184613256,1926.8939208984377,1926.8939208984375,10600,0.0,0.0
2008-08-22 00:00:00+09:00,1926.894004524528,1933.1705322265625,1926.894004524528,1933.1705322265625,10600,0.0,0.0
2008-08-25 00:00:00+09:00,1961.4147528623923,1964.5530164669722,1955.1382256532327,1958.2764892578125,8200,0.0,0.0
2008-08-26 00:00:00+09:00,1967.6914545775212,1989.6593017578125,1967.6914545775212,1989.6593017578125,8200,0.0,0.0
2008-08-27 00:00:00+09:00,1992.7975237275375,1992.7975237275375,1986.52099609375,1986.52099609375,8200,0.0,0.0
2008-08-28 00:00:00+09:00,1992.797359031967,1992.797359031967,1983.382568359375,1983.382568359375,8200,0.0,0.0
2008-08-29 00:00:00+09:00,1983.3827391431923,2005.3505859375,1983.3827391431923,2005.3505859375,8200,0.0,0.0
2008-09-01 00:00:00+09:00,1977.105749822726,1977.105749822726,1970.8292236328127,1970.8292236328125,8200,0.0,0.0
2008-09-02 00:00:00+09:00,1961.4149068857168,1961.4149068857168,1933.1705322265625,1933.1705322265625,8200,0.0,0.0
2008-09-03 00:00:00+09:00,1930.0321582031252,1961.414794921875,1930.0321582031252,1961.414794921875,8200,0.0,0.0
2008-09-04 00:00:00+09:00,1961.4151965470523,1961.4151965470523,1936.30908203125,1936.30908203125,8200,0.0,0.0
2008-09-05 00:00:00+09:00,1904.9259498708573,1917.47900390625,1904.9259498708573,1917.47900390625,8200,0.0,0.0
2008-09-08 00:00:00+09:00,1964.5530931042085,1964.5530931042085,1945.7235107421873,1945.7235107421875,8200,0.0,0.0
2008-09-09 00:00:00+09:00,1933.1707806847871,1952.0003662109375,1933.1707806847871,1952.0003662109375,8200,0.0,0.0
2008-09-10 00:00:00+09:00,1955.1386679181016,1955.1386679181016,1936.30908203125,1936.30908203125,7800,0.0,0.0
2008-09-11 00:00:00+09:00,1936.3085849593392,1936.3085849593392,1917.47900390625,1917.47900390625,7800,0.0,0.0
2008-09-12 00:00:00+09:00,1930.0323545299289,1948.8619384765623,1930.0323545299289,1948.8619384765625,7800,0.0,0.0
2008-09-16 00:00:00+09:00,1842.1607782760723,1870.4051513671875,1842.1607782760723,1870.4051513671875,22200,0.0,0.0
2008-09-17 00:00:00+09:00,1923.7557693859762,1923.7557693859762,1898.649658203125,1898.649658203125,22200,0.0,0.0
2008-09-18 00:00:00+09:00,1989.6593017578125,1989.6593017578125,1989.6593017578125,1989.6593017578125,22200,0.0,0.0
2008-09-19 00:00:00+09:00,1973.9679823433187,1989.6593017578125,1973.9679823433187,1989.6593017578125,22200,0.0,0.0
2008-09-22 00:00:00+09:00,1986.5208361528053,1992.79736328125,1986.5208361528053,1992.79736328125,22200,0.0,0.0
2008-09-24 00:00:00+09:00,1992.797359031967,1992.797359031967,1983.382568359375,1983.382568359375,22200,0.0,0.0
2008-09-25 00:00:00+09:00,1970.7096031790961,1970.7096031790961,1967.541259765625,1967.541259765625,22200,30.0,0.0
2008-09-26 00:00:00+09:00,1929.520987889024,1932.6893310546875,1929.520987889024,1932.6893310546875,22200,0.0,0.0
2008-09-29 00:00:00+09:00,1916.8474079713983,1916.8474079713983,1869.322265625,1869.322265625,22200,0.0,0.0
2008-09-30 00:00:00+09:00,1797.2273071630796,1853.480712890625,1797.2273071630796,1853.480712890625,22200,0.0,0.0
2008-10-01 00:00:00+09:00,1853.4807772249787,1875.6591796875,1853.4807772249787,1875.6591796875,22200,0.0,0.0
2008-10-02 00:00:00+09:00,1824.96533203125,1824.96533203125,1824.96533203125,1824.96533203125,22200,0.0,0.0
2008-10-03 00:00:00+09:00,1821.7969818379684,1828.1336669921875,1821.7969818379684,1828.1336669921875,22200,0.0,0.0
2008-10-06 00:00:00+09:00,1818.6290392585124,1818.6290392585124,1767.935546875,1767.935546875,22200,0.0,0.0
2008-10-07 00:00:00+09:00,1679.2215506991258,1733.0833740234373,1679.2215506991258,1733.0833740234375,22200,0.0,0.0
2008-10-08 00:00:00+09:00,1568.329833984375,1568.329833984375,1425.75439453125,1425.75439453125,22200,0.0,0.0
2008-10-09 00:00:00+09:00,1479.6160888671875,1479.6160888671875,1479.6160888671875,1479.6160888671875,22200,0.0,0.0
2008-10-10 00:00:00+09:00,1425.75439453125,1425.75439453125,1425.75439453125,1425.75439453125,22200,0.0,0.0
2008-10-14 00:00:00+09:00,1663.3799657281838,1679.2216796874998,1663.3799657281838,1679.2216796875,22200,0.0,0.0
2008-10-15 00:00:00+09:00,1672.884820181564,1701.3999023437498,1672.884820181564,1701.39990234375,22200,0.0,0.0
2008-10-16 00:00:00+09:00,1609.5183279499745,1609.5183279499745,1555.656494140625,1555.656494140625,22200,0.0,0.0
2008-10-17 00:00:00+09:00,1634.864661050636,1634.864661050636,1619.02294921875,1619.02294921875,22200,0.0,0.0
2008-10-20 00:00:00+09:00,1679.2219215883026,1726.7470703124998,1679.2219215883026,1726.7470703125,22200,0.0,0.0
2008-10-21 00:00:00+09:00,1685.5582946227478,1758.43017578125,1685.5582946227478,1758.43017578125,22200,0.0,0.0
2008-10-22 00:00:00+09:00,1691.895299226335,1691.895299226335,1631.69677734375,1631.69677734375,22200,0.0,0.0
2008-10-23 00:00:00+09:00,1561.993208117951,1685.55859375,1561.993208117951,1685.55859375,22200,0.0,0.0
2008-10-24 00:00:00+09:00,1688.7271459586775,1688.7271459586775,1653.8753662109373,1653.8753662109375,22200,0.0,0.0
2008-10-27 00:00:00+09:00,1653.8749734962162,1653.8749734962162,1517.63623046875,1517.63623046875,22200,0.0,0.0
2008-10-28 00:00:00+09:00,1485.952987522755,1631.69677734375,1485.952987522755,1631.69677734375,22200,0.0,0.0
2008-10-29 00:00:00+09:00,1663.3803979674383,1698.2321777343752,1663.3803979674383,1698.232177734375,22200,0.0,0.0
2008-10-30 00:00:00+09:00,1761.5984655466048,1831.302001953125,1761.5984655466048,1831.302001953125,22200,0.0,0.0
2008-10-31 00:00:00+09:00,1834.470367276729,1872.490478515625,1834.470367276729,1872.490478515625,22200,0.0,0.0
2008-11-04 00:00:00+09:00,1907.342352505388,1929.520751953125,1907.342352505388,1929.520751953125,26400,0.0,0.0
2008-11-05 00:00:00+09:00,1929.5204967151988,1986.5506591796875,1929.5204967151988,1986.5506591796875,26400,0.0,0.0
2008-11-06 00:00:00+09:00,1935.8571670605004,1992.8873291015625,1935.8571670605004,1992.8873291015625,26400,0.0,0.0
2008-11-07 00:00:00+09:00,1875.6590415877527,1881.9957275390625,1875.6590415877527,1881.9957275390625,26400,0.0,0.0
2008-11-10 00:00:00+09:00,1904.1740407896436,1916.8474121093752,1904.1740407896436,1916.847412109375,26400,0.0,0.0
2008-11-11 00:00:00+09:00,1878.8275228964314,1878.8275228964314,1875.6591796875,1875.6591796875,26400,0.0,0.0
2008-11-12 00:00:00+09:00,1907.3422471512795,1920.0156175642448,1862.985450705901,1872.490478515625,12600,0.0,0.0
2008-11-13 00:00:00+09:00,1850.3120727539062,1850.3120727539062,1824.96533203125,1824.96533203125,12600,0.0,0.0
2008-11-14 00:00:00+09:00,1824.9654255319147,1824.9654255319147,1786.9453124999998,1786.9453125,12600,0.0,0.0
2008-11-17 00:00:00+09:00,1805.955306900131,1875.6588450611887,1805.955306900131,1812.2919921875,6000,0.0,0.0
2008-11-18 00:00:00+09:00,1828.1339435144662,1828.1339435144662,1815.4605712890627,1815.4605712890625,6000,0.0,0.0
2008-11-19 00:00:00+09:00,1783.776773592321,1818.6285400390627,1783.776773592321,1818.6285400390625,6000,0.0,0.0
2008-11-20 00:00:00+09:00,1821.7974734051797,1821.7974734051797,1780.6090087890625,1780.6090087890625,6000,0.0,0.0
2008-11-21 00:00:00+09:00,1780.6088216145833,1853.480712890625,1780.6088216145833,1853.480712890625,6000,0.0,0.0
2008-11-25 00:00:00+09:00,1859.8170091278698,1862.9853515625,1859.8170091278698,1862.9853515625,50000,0.0,0.0
2008-11-26 00:00:00+09:00,1862.985726289971,1907.342529296875,1862.985726289971,1907.342529296875,50000,0.0,0.0
2008-11-27 00:00:00+09:00,1939.0867103046646,1939.0867103046646,1939.0257568359375,1939.0257568359375,50000,0.0,0.0
2008-11-28 00:00:00+09:00,1942.1943531420407,1942.1943531420407,1888.33251953125,1888.33251953125,50000,0.0,0.0
2008-12-01 00:00:00+09:00,1888.3322831867122,1888.3322831867122,1885.1639404296875,1885.1639404296875,50000,0.0,0.0
2008-12-02 00:00:00+09:00,1891.5004685639037,1891.5004685639037,1745.7567138671875,1745.7567138671875,50000,0.0,0.0
2008-12-03 00:00:00+09:00,1707.7366866500288,1710.9050292968748,1707.7366866500288,1710.905029296875,50000,0.0,0.0
2008-12-04 00:00:00+09:00,1710.905139313566,1764.7669677734375,1710.905139313566,1764.7669677734375,50000,0.0,0.0
2008-12-05 00:00:00+09:00,1767.9351654052734,1824.96533203125,1767.9351654052734,1824.96533203125,50000,0.0,0.0
2008-12-08 00:00:00+09:00,1786.9454364677783,1834.4705810546873,1786.9454364677783,1834.4705810546875,50000,0.0,0.0
2008-12-09 00:00:00+09:00,1796.4502487182617,1824.96533203125,1796.4502487182617,1824.96533203125,50000,0.0,0.0
2008-12-10 00:00:00+09:00,1828.1340557933868,1866.1541748046877,1828.1340557933868,1866.1541748046875,50000,0.0,0.0
2008-12-11 00:00:00+09:00,1831.3023747624577,1875.6591796875,1831.3023747624577,1875.6591796875,50000,0.0,0.0
2008-12-12 00:00:00+09:00,1875.659235892536,1875.659235892536,1761.5988769531248,1761.598876953125,50000,0.0,0.0
2008-12-15 00:00:00+09:00,1796.4503019363056,1802.7869873046875,1796.4503019363056,1802.7869873046875,50000,0.0,0.0
2008-12-16 00:00:00+09:00,1777.4408133682498,1777.4408133682498,1771.1041259765625,1771.1041259765625,4800,0.0,0.0
2008-12-17 00:00:00+09:00,1802.7869873046875,1802.7869873046875,1802.7869873046875,1802.7869873046875,10400,0.0,0.0
2008-12-18 00:00:00+09:00,1802.7870819804057,1802.7870819804057,1764.7669677734375,1764.7669677734375,7400,0.0,0.0
2008-12-19 00:00:00+09:00,1767.935558136099,1767.935558136099,1717.2420654296875,1717.2420654296875,13400,0.0,0.0
2008-12-22 00:00:00+09:00,1748.9254480069571,1748.9254480069571,1736.2520751953125,1736.2520751953125,16000,0.0,0.0
2008-12-24 00:00:00+09:00,1739.4203366442937,1739.4203366442937,1720.4102783203125,1720.4102783203125,15200,0.0,0.0
2008-12-25 00:00:00+09:00,1730.9531940063932,1730.9531940063932,1729.915283203125,1729.915283203125,5400,0.0,0.0
2008-12-26 00:00:00+09:00,1742.588786553899,1748.9254730504585,1695.0636378297017,1726.7470703125,7600,0.0,0.0
2008-12-29 00:00:00+09:00,1717.2420159778455,1736.2520751953125,1717.2420159778455,1736.2520751953125,11600,0.0,0.0
2008-12-30 00:00:00+09:00,1736.2523453222832,1771.1041259765625,1736.2523453222832,1771.1041259765625,5400,0.0,0.0
2009-01-05 00:00:00+09:00,1771.1039700821493,1802.7874042517763,1771.1039700821493,1783.77734375,4000,0.0,0.0
2009-01-06 00:00:00+09:00,1815.4602966837494,1828.1336669921875,1815.4602966837494,1828.1336669921875,32000,0.0,0.0
2009-01-07 00:00:00+09:00,1847.1436393893496,1862.9853515625,1847.1436393893496,1862.9853515625,28000,0.0,0.0
2009-01-08 00:00:00+09:00,1799.6187633968864,1799.6187633968864,1755.261962890625,1755.261962890625,10400,0.0,0.0
2009-01-09 00:00:00+09:00,1761.5989021177102,1761.5989021177102,1752.0938720703125,1752.0938720703125,9800,0.0,0.0
2009-01-13 00:00:00+09:00,1682.390022479363,1701.4000792305424,1669.7166513119103,1679.2216796875,38600,0.0,0.0
2009-01-14 00:00:00+09:00,1679.2220802452173,1679.2220802452173,1666.5487060546875,1666.5487060546875,10600,0.0,0.0
2009-01-15 00:00:00+09:00,1660.21136238039,1660.21136238039,1634.8646240234375,1634.8646240234375,27000,0.0,0.0
2009-01-16 00:00:00+09:00,1638.0333589163931,1720.4102783203125,1638.0333589163931,1720.4102783203125,16800,0.0,0.0
2009-01-19 00:00:00+09:00,1742.5884016689042,1742.5884016689042,1720.4100038294816,1733.0833740234375,8400,0.0,0.0
2009-01-20 00:00:00+09:00,1710.904976184015,1733.0833740234373,1710.904976184015,1733.0833740234375,7000,0.0,0.0
2009-01-21 00:00:00+09:00,1717.2417223192544,1717.2417223192544,1707.7366943359375,1707.7366943359375,18200,0.0,0.0
2009-01-22 00:00:00+09:00,1707.7369061043248,1720.4102783203125,1707.7369061043248,1720.4102783203125,7400,0.0,0.0
2009-01-23 00:00:00+09:00,1723.5782995810055,1723.5782995810055,1701.3999023437498,1701.39990234375,8600,0.0,0.0
2009-01-26 00:00:00+09:00,1701.4000792305424,1701.4000792305424,1679.2216796874998,1679.2216796875,10200,0.0,0.0
2009-01-27 00:00:00+09:00,1736.2517771677926,1758.43017578125,1736.2517771677926,1758.43017578125,15000,0.0,0.0
2009-01-28 00:00:00+09:00,1758.4303702888908,1758.4303702888908,1729.915283203125,1729.915283203125,7200,0.0,0.0
2009-01-29 00:00:00+09:00,1729.9150314749484,1733.0833740234373,1729.9150314749484,1733.0833740234375,10800,0.0,0.0
2009-01-30 00:00:00+09:00,1733.083567566145,1733.083567566145,1704.5684814453127,1704.5684814453125,10200,0.0,0.0
2009-02-02 00:00:00+09:00,1679.2216485984318,1691.8950195312502,1679.2216485984318,1691.89501953125,7600,0.0,0.0
2009-02-03 00:00:00+09:00,1691.8952231370765,1691.8952231370765,1660.2117919921875,1660.2117919921875,12200,0.0,0.0
2009-02-04 00:00:00+09:00,1663.3800528642068,1663.3800528642068,1644.3699951171875,1644.3699951171875,19600,0.0,0.0
2009-02-05 00:00:00+09:00,1634.8646240234375,1634.8646240234375,1634.8646240234375,1634.8646240234375,12600,0.0,0.0
2009-02-06 00:00:00+09:00,1641.2018292479543,1669.7169189453125,1641.2018292479543,1669.7169189453125,6600,0.0,0.0
2009-02-09 00:00:00+09:00,1641.201454088237,1641.201454088237,1625.3597412109375,1625.3597412109375,6800,0.0,0.0
2009-02-10 00:00:00+09:00,1647.5386789840757,1653.8753662109373,1606.3502120094736,1653.8753662109375,6800,0.0,0.0
2009-02-12 00:00:00+09:00,1669.7166513119103,1679.2216796874998,1669.7166513119103,1679.2216796875,14800,0.0,0.0
2009-02-13 00:00:00+09:00,1682.3899913316363,1691.8950195312502,1682.3899913316363,1691.89501953125,10600,0.0,0.0
2009-02-16 00:00:00+09:00,1736.2520751953125,1736.2520751953125,1736.2520751953125,1736.2520751953125,9600,0.0,0.0
2009-02-17 00:00:00+09:00,1729.9154135607796,1729.9154135607796,1726.7470703124998,1726.7470703125,4800,0.0,0.0
2009-02-18 00:00:00+09:00,1704.5687664208465,1780.6090087890625,1704.5687664208465,1780.6090087890625,16600,0.0,0.0
2009-02-19 00:00:00+09:00,1748.9255037376347,1761.5988769531248,1748.9255037376347,1761.598876953125,12200,0.0,0.0
2009-02-20 00:00:00+09:00,1758.4302820722762,1764.7669677734375,1758.4302820722762,1764.7669677734375,13800,0.0,0.0
2009-02-23 00:00:00+09:00,1729.9150014001532,1745.7567138671875,1729.9150014001532,1745.7567138671875,12000,0.0,0.0
2009-02-24 00:00:00+09:00,1729.91521974419,1755.261962890625,1729.91521974419,1755.261962890625,9800,0.0,0.0
2009-02-25 00:00:00+09:00,1729.9151429521276,1786.9453124999998,1729.9151429521276,1786.9453125,12200,0.0,0.0
2009-02-26 00:00:00+09:00,1786.9454573746566,1786.9454573746566,1729.915283203125,1729.915283203125,13200,0.0,0.0
2009-02-27 00:00:00+09:00,1714.073341369629,1723.578369140625,1714.073341369629,1723.578369140625,9600,0.0,0.0
2009-03-02 00:00:00+09:00,1723.578752017989,1723.578752017989,1717.2420654296875,1717.2420654296875,6400,0.0,0.0
2009-03-03 00:00:00+09:00,1714.073371943721,1714.073371943721,1710.9050292968748,1710.905029296875,3600,0.0,0.0
2009-03-04 00:00:00+09:00,1682.3898932476147,1733.0833740234373,1682.3898932476147,1733.0833740234375,11400,0.0,0.0
2009-03-05 00:00:00+09:00,1755.2619788128395,1755.2619788128395,1748.9252929687498,1748.92529296875,21000,0.0,0.0
2009-03-06 00:00:00+09:00,1717.2420654296875,1717.2420654296875,1717.2420654296875,1717.2420654296875,14600,0.0,0.0
2009-03-09 00:00:00+09:00,1717.2419345740118,1717.2419345740118,1672.8851318359377,1672.8851318359375,15800,0.0,0.0
2009-03-10 00:00:00+09:00,1638.0334238184562,1638.0334238184562,1600.0133056640625,1600.0133056640625,18000,0.0,0.0
2009-03-11 00:00:00+09:00,1622.1917079207922,1622.1917079207922,1600.0133056640625,1600.0133056640625,25600,0.0,0.0
2009-03-12 00:00:00+09:00,1577.8349945439018,1577.8349945439018,1565.16162109375,1565.16162109375,18600,0.0,0.0
2009-03-13 00:00:00+09:00,1558.8248373058807,1558.8248373058807,1555.656494140625,1555.656494140625,37400,0.0,0.0
2009-03-16 00:00:00+09:00,1615.8549084966583,1644.3699951171875,1615.8549084966583,1644.3699951171875,21200,0.0,0.0
2009-03-17 00:00:00+09:00,1653.8753662109373,1653.8753662109373,1653.8753662109373,1653.8753662109375,19600,0.0,0.0
2009-03-18 00:00:00+09:00,1698.231736438679,1698.231736438679,1679.2216796874998,1679.2216796875,16400,0.0,0.0
2009-03-19 00:00:00+09:00,1694.7711928669714,1714.073486328125,1694.7711928669714,1714.073486328125,9600,0.0,0.0
2009-03-23 00:00:00+09:00,1726.7466589067462,1745.7567138671875,1726.7466589067462,1745.7567138671875,19000,0.0,0.0
2009-03-24 00:00:00+09:00,1783.7773522210716,1783.7773522210716,1780.6090087890625,1780.6090087890625,17200,0.0,0.0
2009-03-25 00:00:00+09:00,1783.7772852847452,1805.9556884765627,1783.7772852847452,1805.9556884765625,19600,0.0,0.0
2009-03-26 00:00:00+09:00,1842.2065849438047,1878.45751953125,1842.2065849438047,1878.45751953125,13200,110.0,0.0
2009-03-27 00:00:00+09:00,1835.6159506372987,1842.20703125,1835.6159506372987,1842.20703125,16600,0.0,0.0
2009-03-30 00:00:00+09:00,1819.1375325520835,1819.1375325520835,1779.5910644531252,1779.591064453125,18400,0.0,0.0
2009-03-31 00:00:00+09:00,1799.3645235346169,1799.3645235346169,1789.4779052734375,1789.4779052734375,11800,0.0,0.0
2009-04-01 00:00:00+09:00,1802.6601415748805,1809.251220703125,1802.6601415748805,1809.251220703125,7200,0.0,0.0
2009-04-02 00:00:00+09:00,1812.5466885162016,1812.5466885162016,1786.182373046875,1786.182373046875,25600,0.0,0.0
2009-04-03 00:00:00+09:00,1759.8182908117883,1759.8182908117883,1736.7495117187498,1736.74951171875,19200,0.0,0.0
2009-04-06 00:00:00+09:00,1736.7490849439703,1736.7490849439703,1707.0892333984377,1707.0892333984375,18000,0.0,0.0
2009-04-07 00:00:00+09:00,1707.0893343817477,1716.9759521484375,1707.0893343817477,1716.9759521484375,13000,0.0,0.0
2009-04-08 00:00:00+09:00,1703.793701171875,1703.793701171875,1703.793701171875,1703.793701171875,12200,0.0,0.0
2009-04-09 00:00:00+09:00,1703.7940299666247,1720.271728515625,1703.7940299666247,1720.271728515625,17800,0.0,0.0
2009-04-10 00:00:00+09:00,1707.0892333984377,1707.0892333984377,1707.0892333984377,1707.0892333984375,13400,0.0,0.0
2009-04-13 00:00:00+09:00,1733.4536272587666,1733.4536272587666,1726.862548828125,1726.862548828125,7800,0.0,0.0
2009-04-14 00:00:00+09:00,1743.3402449047292,1743.3402449047292,1726.862548828125,1726.862548828125,13800,0.0,0.0
2009-04-15 00:00:00+09:00,1726.862474688709,1726.862474688709,1703.793701171875,1703.793701171875,9200,0.0,0.0
2009-04-16 00:00:00+09:00,1703.793735742569,1703.793735742569,1687.3160400390625,1687.3160400390625,18400,0.0,0.0
2009-04-17 00:00:00+09:00,1687.3160400390625,1687.3160400390625,1685.5462969009066,1687.3160400390625,10800,0.0,0.0
2009-04-20 00:00:00+09:00,1680.7251829869538,1700.498420433859,1680.7251829869538,1697.202880859375,22600,0.0,0.0
2009-04-21 00:00:00+09:00,1651.0644035788143,1680.7242431640625,1651.0644035788143,1680.7242431640625,20600,0.0,0.0
2009-04-22 00:00:00+09:00,1670.8381218151399,1677.42919921875,1670.8381218151399,1677.42919921875,21000,0.0,0.0
2009-04-23 00:00:00+09:00,1674.1341111001336,1693.9073486328123,1674.1341111001336,1693.9073486328125,23000,0.0,0.0
2009-04-24 00:00:00+09:00,1720.271060341283,1815.8416748046875,1720.271060341283,1815.8416748046875,78800,0.0,0.0
2009-04-27 00:00:00+09:00,1819.13721323446,1819.13721323446,1815.8416748046875,1815.8416748046875,47400,0.0,0.0
2009-04-28 00:00:00+09:00,1832.3195561604666,1832.3195561604666,1782.886474609375,1782.886474609375,23400,0.0,0.0
2009-04-30 00:00:00+09:00,1782.8866433406222,1819.1375732421875,1782.8866433406222,1819.1375732421875,23200,0.0,0.0
2009-05-01 00:00:00+09:00,1782.8866034613716,1782.8866034613716,1779.5910644531252,1779.591064453125,10400,0.0,0.0
2009-05-07 00:00:00+09:00,1812.5462840636426,1812.5462840636426,1802.65966796875,1802.65966796875,16600,0.0,0.0
2009-05-08 00:00:00+09:00,1782.8868336132093,1786.182373046875,1782.8868336132093,1786.182373046875,12000,0.0,0.0
2009-05-11 00:00:00+09:00,1786.1819744772624,1802.65966796875,1786.1819744772624,1802.65966796875,16400,0.0,0.0
2009-05-12 00:00:00+09:00,1802.659907502948,1802.659907502948,1746.6357421875,1746.6357421875,20200,0.0,0.0
2009-05-13 00:00:00+09:00,1759.81787109375,1759.81787109375,1730.158019333743,1759.81787109375,15200,0.0,0.0
2009-05-14 00:00:00+09:00,1733.453497953869,1733.453497953869,1730.1579589843748,1730.157958984375,19800,0.0,0.0
2009-05-15 00:00:00+09:00,1720.2715634432705,1740.0447998046875,1720.2715634432705,1740.0447998046875,25800,0.0,0.0
2009-05-18 00:00:00+09:00,1677.4293689499814,1677.4293689499814,1654.360595703125,1654.360595703125,40800,0.0,0.0
2009-05-19 00:00:00+09:00,1657.65625,1657.65625,1657.65625,1657.65625,28600,0.0,0.0
2009-05-20 00:00:00+09:00,1657.6561009634647,1670.8382568359375,1657.6561009634647,1670.8382568359375,23400,0.0,0.0
2009-05-21 00:00:00+09:00,1660.951810546875,1660.951810546875,1647.7696533203125,1647.7696533203125,37200,0.0,0.0
2009-05-22 00:00:00+09:00,1641.1786393361763,1641.1786393361763,1618.10986328125,1618.10986328125,45800,0.0,0.0
2009-05-25 00:00:00+09:00,1657.65625,1657.65625,1657.65625,1657.65625,30200,0.0,0.0
2009-05-26 00:00:00+09:00,1664.2471856279335,1667.542724609375,1664.2471856279335,1667.542724609375,22200,0.0,0.0
2009-05-27 00:00:00+09:00,1677.4293415536995,1677.4293415536995,1667.542724609375,1667.542724609375,25000,0.0,0.0
2009-05-28 00:00:00+09:00,1680.7248805351408,1680.7248805351408,1667.542724609375,1667.542724609375,15000,0.0,0.0
2009-05-29 00:00:00+09:00,1684.020729866473,1693.9073486328123,1684.020729866473,1693.9073486328125,32000,0.0,0.0
2009-06-01 00:00:00+09:00,1713.6804199218752,1713.6804199218752,1713.6804199218752,1713.680419921875,28400,0.0,0.0
2009-06-02 00:00:00+09:00,1713.6806490960248,1720.271728515625,1713.6806490960248,1720.271728515625,29000,0.0,0.0
2009-06-03 00:00:00+09:00,1693.9070296127652,1693.9070296127652,1670.8382568359375,1670.8382568359375,34800,0.0,0.0
2009-06-04 00:00:00+09:00,1670.8381218151399,1677.42919921875,1670.8381218151399,1677.42919921875,24800,0.0,0.0
2009-06-05 00:00:00+09:00,1660.9519262256738,1660.9519262256738,1651.0653076171875,1651.0653076171875,38600,0.0,0.0
2009-06-08 00:00:00+09:00,1641.178216295873,1644.4737548828123,1641.178216295873,1644.4737548828125,31400,0.0,0.0
2009-06-09 00:00:00+09:00,1634.5875604633402,1634.5875604633402,1618.10986328125,1618.10986328125,55400,0.0,0.0
2009-06-10 00:00:00+09:00,1624.7010423915108,1627.99658203125,1624.7010423915108,1627.99658203125,85000,0.0,0.0
2009-06-11 00:00:00+09:00,1614.8143898105225,1621.4054689526063,1585.1545336711456,1588.4500732421875,107600,0.0,0.0
2009-06-12 00:00:00+09:00,1604.9275913783483,1614.814208984375,1591.7454345703125,1614.814208984375,104200,0.0,0.0
2009-06-15 00:00:00+09:00,1595.0408867590206,1598.33642578125,1591.745347736791,1598.33642578125,69800,0.0,0.0
2009-06-16 00:00:00+09:00,1565.381124464132,1578.5632813017248,1548.9034284171412,1555.4945068359375,103600,0.0,0.0
2009-06-17 00:00:00+09:00,1545.6080177128947,1555.494636163084,1545.6080177128947,1552.1990966796875,65200,0.0,0.0
2009-06-18 00:00:00+09:00,1532.4256321107907,1545.6077880859375,1532.4256321107907,1545.6077880859375,76600,0.0,0.0
2009-06-19 00:00:00+09:00,1539.0170302220395,1568.6768873355263,1535.7214905427631,1565.38134765625,63800,0.0,0.0
2009-06-22 00:00:00+09:00,1575.2676933145224,1585.1543106365802,1568.6766150998174,1578.563232421875,84800,0.0,0.0
2009-06-23 00:00:00+09:00,1558.7902682976974,1571.9724270148026,1555.494728618421,1565.38134765625,46200,0.0,0.0
2009-06-24 00:00:00+09:00,1545.6077813331117,1555.4943982712766,1539.016703374335,1548.9033203125,33600,0.0,0.0
2009-06-25 00:00:00+09:00,1539.0168961179083,1581.858908215409,1539.0168961179083,1571.9722900390625,45200,0.0,0.0
2009-06-26 00:00:00+09:00,1575.2679592100512,1581.85903853729,1562.0858005555738,1568.6768798828125,23000,0.0,0.0
2009-06-29 00:00:00+09:00,1571.97215420717,1585.1543106365802,1568.6766150998174,1578.563232421875,35200,0.0,0.0
2009-06-30 00:00:00+09:00,1581.8587239583335,1601.6319580078127,1575.2676459418403,1601.6319580078125,45600,0.0,0.0
2009-07-01 00:00:00+09:00,1588.449788578221,1621.4051783827485,1588.449788578221,1608.2230224609375,55600,0.0,0.0
2009-07-02 00:00:00+09:00,1611.5189108546776,1611.5189108546776,1545.608116954691,1562.0858154296875,87800,0.0,0.0
2009-07-03 00:00:00+09:00,1555.4948192866161,1644.4743958136048,1552.1992794152463,1631.292236328125,121000,0.0,0.0
2009-07-06 00:00:00+09:00,1631.2917884873468,1647.7694833205521,1608.223015720859,1611.5185546875,43800,0.0,0.0
2009-07-07 00:00:00+09:00,1608.222995665015,1631.2917681438166,1608.222995665015,1621.4051513671875,41000,0.0,0.0
2009-07-08 00:00:00+09:00,1637.8826904296875,1647.7693062672913,1618.10945875448,1637.8826904296875,103600,0.0,0.0
2009-07-09 00:00:00+09:00,1608.223056579969,1618.1096737310752,1591.745361328125,1591.745361328125,33200,0.0,0.0
2009-07-10 00:00:00+09:00,1591.74539580405,1591.74539580405,1565.3810828300698,1575.2677001953125,31000,0.0,0.0
2009-07-13 00:00:00+09:00,1562.0854132066838,1565.3809520531115,1515.9478693566973,1519.243408203125,36800,0.0,0.0
2009-07-14 00:00:00+09:00,1535.7214209401711,1552.1991185897436,1525.8348023504275,1542.3125,35000,0.0,0.0
2009-07-15 00:00:00+09:00,1532.4254150390625,1545.6075691469252,1525.834337985131,1532.4254150390625,24400,0.0,0.0
2009-07-16 00:00:00+09:00,1545.6075691469252,1558.7897232547882,1532.4254150390625,1532.4254150390625,29000,0.0,0.0
2009-07-17 00:00:00+09:00,1535.7213420124797,1542.3124207335634,1522.5391845703125,1522.5391845703125,23400,0.0,0.0
2009-07-21 00:00:00+09:00,1539.0170229102384,1571.9724195464319,1529.1304039193803,1568.6768798828125,22800,0.0,0.0
2009-07-22 00:00:00+09:00,1552.19905368637,1581.858908215409,1545.6079749021392,1571.9722900390625,19200,0.0,0.0
2009-07-23 00:00:00+09:00,1581.8589294806518,1664.2474153911023,1555.4946139893077,1618.10986328125,192600,0.0,0.0
2009-07-24 00:00:00+09:00,1631.2917884873468,1631.2917884873468,1581.8587039877302,1611.5185546875,54600,0.0,0.0
2009-07-27 00:00:00+09:00,1614.8140936541413,1614.8140936541413,1604.9274767542179,1611.5185546875,20800,0.0,0.0
2009-07-28 00:00:00+09:00,1601.6319784792313,1614.8141346807065,1588.449822277756,1591.745361328125,23000,0.0,0.0
2009-07-29 00:00:00+09:00,1591.7456128132294,1601.632231526355,1588.4500732421875,1588.4500732421875,11000,0.0,0.0
2009-07-30 00:00:00+09:00,1595.0411597745583,1601.6322389471804,1581.859001429314,1585.154541015625,26000,0.0,0.0
2009-07-31 00:00:00+09:00,1595.0411971917674,1595.0411971917674,1565.3813402191931,1568.6768798828125,30800,0.0,0.0
2009-08-03 00:00:00+09:00,1578.5629819234211,1585.1540590922039,1575.26744333903,1581.8585205078125,22600,0.0,0.0
2009-08-04 00:00:00+09:00,1588.4501178645287,1595.0411971917674,1568.6768798828125,1568.6768798828125,29800,0.0,0.0
2009-08-05 00:00:00+09:00,1578.56323931706,1585.154317560555,1568.6766219518174,1575.2677001953125,29800,0.0,0.0
2009-08-06 00:00:00+09:00,1571.9724195464319,1575.2679592100512,1565.3813402191931,1568.6768798828125,12800,0.0,0.0
2009-08-07 00:00:00+09:00,1568.676835815936,1588.4500732421875,1565.3812962448944,1588.4500732421875,29400,0.0,0.0
2009-08-10 00:00:00+09:00,1585.154585731908,1585.154585731908,1562.0858079769737,1565.38134765625,39200,0.0,0.0
2009-08-11 00:00:00+09:00,1565.3810759924647,1578.563232421875,1562.0855368851123,1578.563232421875,16800,0.0,0.0
2009-08-12 00:00:00+09:00,1565.3810152094413,1565.3810152094413,1548.9033203125,1548.9033203125,34000,0.0,0.0
2009-08-13 00:00:00+09:00,1548.9036086509968,1548.9036086509968,1525.8348315008757,1529.13037109375,78400,0.0,0.0
2009-08-14 00:00:00+09:00,1535.721102435263,1548.9032578209735,1515.9478693566973,1519.243408203125,95600,0.0,0.0
2009-08-17 00:00:00+09:00,1535.7211091414742,1552.1988034455674,1509.3567982549253,1515.9478759765625,69600,0.0,0.0
2009-08-18 00:00:00+09:00,1525.8348989633414,1525.8348989633414,1489.5839618389423,1499.4705810546875,80200,0.0,0.0
2009-08-19 00:00:00+09:00,1499.4701385498047,1499.4701385498047,1473.1058284214566,1476.4013671875,86800,0.0,0.0
2009-08-20 00:00:00+09:00,1476.401260080645,1535.7209535660281,1450.0369518649193,1532.4254150390625,90200,0.0,0.0
2009-08-21 00:00:00+09:00,1545.6077880859375,1558.789944061084,1539.0167100983642,1545.6077880859375,65000,0.0,0.0
2009-08-24 00:00:00+09:00,1558.7902608919544,1568.6768798828125,1555.494721228335,1568.6768798828125,43600,0.0,0.0
2009-08-25 00:00:00+09:00,1565.3812767094018,1565.3812767094018,1535.7214209401711,1542.3125,27000,0.0,0.0
2009-08-26 00:00:00+09:00,1558.7902243251365,1585.154541015625,1545.6080659798922,1585.154541015625,61000,0.0,0.0
2009-08-27 00:00:00+09:00,1565.3812767094018,1565.3812767094018,1542.3125,1542.3125,29200,0.0,0.0
2009-08-28 00:00:00+09:00,1542.3122423537234,1565.3810152094413,1542.3122423537234,1548.9033203125,23000,0.0,0.0
2009-08-31 00:00:00+09:00,1535.7212715795486,1555.4945068359375,1535.7212715795486,1555.4945068359375,23800,0.0,0.0
2009-09-02 00:00:00+09:00,1535.7213420124797,1539.0168813730215,1519.2436452097706,1522.5391845703125,27600,0.0,0.0
2009-09-03 00:00:00+09:00,1522.5389470495527,1529.1300247424078,1519.243408203125,1519.243408203125,10600,0.0,0.0
2009-09-04 00:00:00+09:00,1529.1301615264163,1529.1301615264163,1512.6524658203127,1512.6524658203125,26200,0.0,0.0
2009-09-07 00:00:00+09:00,1502.7658483966504,1512.6524658203127,1502.7658483966504,1512.6524658203125,14000,0.0,0.0
2009-09-08 00:00:00+09:00,1512.65268043205,1525.8348388671875,1512.65268043205,1525.8348388671875,11200,0.0,0.0
2009-09-09 00:00:00+09:00,1512.6523504132265,1515.9478893030157,1502.765733743859,1509.3568115234375,13000,0.0,0.0
2009-09-10 00:00:00+09:00,1499.4701751245593,1522.5389470495527,1499.4701751245593,1519.243408203125,12200,0.0,0.0
2009-09-11 00:00:00+09:00,1532.4257006676369,1532.4257006676369,1512.6524658203127,1512.6524658203125,31600,0.0,0.0
2009-09-14 00:00:00+09:00,1519.2435580531146,1519.2435580531146,1502.7658621957055,1506.0614013671875,29200,0.0,0.0
2009-09-15 00:00:00+09:00,1522.5389536981997,1522.5389536981997,1506.0612593941066,1515.9478759765625,12600,0.0,0.0
2009-09-16 00:00:00+09:00,1522.5389670825941,1522.5389670825941,1506.0612726336483,1509.3568115234375,14600,0.0,0.0
2009-09-17 00:00:00+09:00,1509.3568115234375,1515.9478893030157,1506.0612726336483,1509.3568115234375,12800,0.0,0.0
2009-09-18 00:00:00+09:00,1515.9480258874728,1515.9480258874728,1502.765869140625,1502.765869140625,19800,0.0,0.0
2009-09-21 00:00:00+09:00,1502.765869140625,1502.765869140625,1502.765869140625,1502.765869140625,0,0.0,0.0
2009-09-24 00:00:00+09:00,1515.9482200408343,1532.4259180847564,1509.3571408232656,1525.8348388671875,25000,0.0,0.0
2009-09-25 00:00:00+09:00,1512.6526538085939,1515.9481933593752,1482.9927978515625,1482.9927978515625,16400,0.0,0.0
2009-09-28 00:00:00+09:00,1469.8108738393846,1489.5841142946229,1469.8108738393846,1486.28857421875,18200,0.0,0.0
2009-09-29 00:00:00+09:00,1469.8108738393846,1486.28857421875,1469.8108738393846,1486.28857421875,16400,0.0,0.0
2009-09-30 00:00:00+09:00,1482.9924808924213,1519.243408203125,1482.9924808924213,1519.243408203125,14400,0.0,0.0
2009-10-01 00:00:00+09:00,1492.8794165039062,1502.7660351562502,1476.40171875,1482.9927978515625,13600,0.0,0.0
2009-10-02 00:00:00+09:00,1473.106086217769,1476.4016255605382,1453.3328501611547,1469.810546875,30200,0.0,0.0
2009-10-05 00:00:00+09:00,1456.628207348577,1466.5148241405357,1433.5594348340069,1440.1505126953125,20400,0.0,0.0
2009-10-06 00:00:00+09:00,1453.3330078125,1463.2196269132653,1450.0374681122448,1453.3330078125,19400,0.0,0.0
2009-10-07 00:00:00+09:00,1469.8106396484375,1492.8794165039062,1459.9240209960938,1482.9927978515625,15600,0.0,0.0
2009-10-08 00:00:00+09:00,1486.2883082990604,1499.4704662440631,1482.9927688128096,1496.1749267578125,17800,0.0,0.0
2009-10-09 00:00:00+09:00,1506.0614013671875,1512.652479710151,1476.401548823851,1506.0614013671875,18000,0.0,0.0
2009-10-13 00:00:00+09:00,1492.8793007355757,1496.1748400307977,1476.4016042594656,1479.6971435546875,17600,0.0,0.0
2009-10-14 00:00:00+09:00,1479.6971865410728,1479.6971865410728,1453.3328714133922,1459.9239501953125,23400,0.0,0.0
2009-10-15 00:00:00+09:00,1443.4462746360086,1456.6284323952416,1443.4462746360086,1450.037353515625,24400,0.0,0.0
2009-10-16 00:00:00+09:00,1450.037368007991,1459.9239864262272,1440.1507495897547,1443.4462890625,15600,0.0,0.0
2009-10-19 00:00:00+09:00,1450.0372383969247,1450.0372383969247,1443.446160040575,1446.74169921875,9200,0.0,0.0
2009-10-20 00:00:00+09:00,1450.0372879593463,1450.0372879593463,1423.6729736328125,1423.6729736328125,33600,0.0,0.0
2009-10-21 00:00:00+09:00,1417.0819091796875,1420.3774485033612,1407.1952912086665,1417.0819091796875,39000,0.0,0.0
2009-10-22 00:00:00+09:00,1417.0817803119562,1420.3773193359375,1397.3085461680685,1420.3773193359375,27600,0.0,0.0
2009-10-23 00:00:00+09:00,1426.9684389361214,1430.2639780560662,1394.013047736673,1400.6041259765625,36800,0.0,0.0
2009-10-26 00:00:00+09:00,1403.89980191711,1403.89980191711,1384.12656527039,1394.01318359375,30200,0.0,0.0
2009-10-27 00:00:00+09:00,1387.4219424374453,1420.3773329941541,1367.64870810342,1413.7862548828125,75200,0.0,0.0
2009-10-28 00:00:00+09:00,1413.7864338077911,1453.3329074807364,1410.4908943350458,1443.4462890625,42800,0.0,0.0
2009-10-29 00:00:00+09:00,1440.1505534798252,1440.1505534798252,1410.4907022639936,1420.3773193359375,29000,0.0,0.0
2009-10-30 00:00:00+09:00,1433.5594482421875,1433.5594482421875,1420.3772923962824,1433.5594482421875,11800,0.0,0.0
2009-11-02 00:00:00+09:00,1394.0129196811731,1410.490613767239,1394.0129196811731,1403.8995361328125,14400,0.0,0.0
2009-11-04 00:00:00+09:00,1403.8995361328125,1410.490613767239,1394.0129196811731,1403.8995361328125,5600,0.0,0.0
2009-11-05 00:00:00+09:00,1384.126336104513,1400.6040305819477,1384.126336104513,1387.421875,21400,0.0,0.0
2009-11-06 00:00:00+09:00,1380.8308376082455,1384.1263766001505,1341.284369705384,1367.648681640625,34400,0.0,0.0
2009-11-09 00:00:00+09:00,1344.580041133996,1344.580041133996,1298.4424907029277,1305.0335693359375,51400,0.0,0.0
2009-11-10 00:00:00+09:00,1305.0335764438291,1314.9201944471915,1295.1469584404667,1301.738037109375,28600,0.0,0.0
2009-11-11 00:00:00+09:00,1285.2604050710413,1285.2604050710413,1272.0782470703125,1272.0782470703125,29600,0.0,0.0
2009-11-12 00:00:00+09:00,1255.6001633864184,1305.0332406850962,1255.6001633864184,1285.260009765625,43600,0.0,0.0
2009-11-13 00:00:00+09:00,1285.2602677492753,1285.2602677492753,1275.37365030505,1278.669189453125,15800,0.0,0.0
2009-11-16 00:00:00+09:00,1275.3737865704948,1285.2604050710413,1265.4871680699482,1272.0782470703125,12000,0.0,0.0
2009-11-17 00:00:00+09:00,1272.0781389872232,1272.0781389872232,1265.487060546875,1265.487060546875,10400,0.0,0.0
2009-11-18 00:00:00+09:00,1278.6691144808071,1278.6691144808071,1252.3048028420276,1255.600341796875,28200,0.0,0.0
2009-11-19 00:00:00+09:00,1258.8958943148089,1258.8958943148089,1232.5315823919855,1249.00927734375,13400,0.0,0.0
2009-11-20 00:00:00+09:00,1265.48707460733,1265.48707460733,1232.5316820394307,1258.89599609375,24600,0.0,0.0
2009-11-24 00:00:00+09:00,1268.7825602869834,1268.7825602869834,1222.645012640184,1225.9405517578125,24400,0.0,0.0
2009-11-25 00:00:00+09:00,1192.9853441642992,1206.1675026633523,1192.9853441642992,1196.2808837890625,24600,0.0,0.0
2009-11-26 00:00:00+09:00,1189.6895158097552,1225.9404428842906,1189.6895158097552,1219.349365234375,22800,0.0,0.0
2009-11-27 00:00:00+09:00,1202.8717108087226,1212.75832760989,1189.6895550738325,1199.576171875,17000,0.0,0.0
2009-11-30 00:00:00+09:00,1212.7582875844596,1225.9404428842906,1202.8716711095863,1219.349365234375,23200,0.0,0.0
2009-12-01 00:00:00+09:00,1202.8717314788094,1252.304816334103,1199.5761924884566,1249.00927734375,39000,0.0,0.0
2009-12-02 00:00:00+09:00,1252.3048646988407,1252.3048646988407,1212.7583952872983,1225.9405517578125,45400,0.0,0.0
2009-12-03 00:00:00+09:00,1219.349365234375,1242.4181370090794,1206.167209934544,1219.349365234375,64600,0.0,0.0
2009-12-04 00:00:00+09:00,1232.5317239964263,1242.4183421033495,1225.9406452584774,1239.122802734375,34600,0.0,0.0
2009-12-07 00:00:00+09:00,1242.4181859774853,1281.9646534356546,1242.4181859774853,1255.600341796875,35800,0.0,0.0
2009-12-08 00:00:00+09:00,1245.713738353397,1262.1914333051616,1235.8271213823384,1249.00927734375,22800,0.0,0.0
2009-12-09 00:00:00+09:00,1242.4183278563162,1255.6004851810517,1239.1227885251324,1245.7138671875,15600,0.0,0.0
2009-12-10 00:00:00+09:00,1249.0094353170955,1249.0094353170955,1225.9406594669117,1232.53173828125,19200,0.0,0.0
2009-12-11 00:00:00+09:00,1249.0095666471182,1249.0095666471182,1229.236328125,1229.236328125,29800,0.0,0.0
2009-12-14 00:00:00+09:00,1239.1226603726914,1258.8958943148089,1239.1226603726914,1249.00927734375,17400,0.0,0.0
2009-12-15 00:00:00+09:00,1235.8272705078125,1239.1228098958334,1232.5317311197916,1235.8272705078125,20800,0.0,0.0
2009-12-16 00:00:00+09:00,1235.827052689627,1235.827052689627,1216.053819846593,1222.6448974609375,38800,0.0,0.0
2009-12-17 00:00:00+09:00,1225.9406594669117,1232.53173828125,1225.9406594669117,1232.53173828125,19000,0.0,0.0
2009-12-18 00:00:00+09:00,1232.53173828125,1232.53173828125,1222.6451200597426,1232.53173828125,31000,0.0,0.0
2009-12-21 00:00:00+09:00,1242.4183492838542,1255.6005068359375,1235.8272705078125,1235.8272705078125,27400,0.0,0.0
2009-12-22 00:00:00+09:00,1265.4870260282776,1288.5557999402515,1252.3048695071498,1281.9647216796875,52600,0.0,0.0
2009-12-24 00:00:00+09:00,1314.9202880859375,1314.9202880859375,1291.8515111019738,1314.9202880859375,29200,0.0,0.0
2009-12-25 00:00:00+09:00,1324.8068052349668,1334.6934231844814,1301.7380300194325,1305.0335693359375,27400,0.0,0.0
2009-12-28 00:00:00+09:00,1321.51123046875,1331.3978481530548,1305.033534328242,1321.51123046875,19200,0.0,0.0
2009-12-29 00:00:00+09:00,1324.8067696968517,1324.8067696968517,1318.2156912406483,1321.51123046875,10800,0.0,0.0
2009-12-30 00:00:00+09:00,1328.1022810570987,1334.693359375,1321.5112027391974,1334.693359375,25400,0.0,0.0
2010-01-04 00:00:00+09:00,1334.6933663245475,1351.1710622050975,1321.5112096201076,1331.3978271484375,13200,0.0,0.0
2010-01-05 00:00:00+09:00,1351.1710481690654,1354.4665873109413,1337.9888916015625,1337.9888916015625,17400,0.0,0.0
2010-01-06 00:00:00+09:00,1337.9888985339505,1337.9888985339505,1324.8067418981482,1334.693359375,13800,0.0,0.0
2010-01-07 00:00:00+09:00,1337.9889055006574,1337.9889055006574,1324.8067487962176,1331.3978271484375,8600,0.0,0.0
2010-01-08 00:00:00+09:00,1334.6933387307558,1351.1710342706417,1334.6933387307558,1344.5799560546875,18000,0.0,0.0
2010-01-12 00:00:00+09:00,1354.4667601952185,1370.9444580078125,1351.1712206326997,1370.9444580078125,29600,0.0,0.0
2010-01-13 00:00:00+09:00,1367.6486416270784,1394.012952790974,1351.1709471496438,1387.421875,32000,0.0,0.0
2010-01-14 00:00:00+09:00,1397.3084584983862,1403.8995361328125,1387.4218420467466,1403.8995361328125,26600,0.0,0.0
2010-01-15 00:00:00+09:00,1400.6039842266903,1410.4906005859375,1394.0129066538589,1410.4906005859375,20000,0.0,0.0
2010-01-18 00:00:00+09:00,1403.8997378879124,1430.2640522144459,1403.8997378879124,1423.6729736328125,28600,0.0,0.0
2010-01-19 00:00:00+09:00,1426.9688720703125,1440.1510325513316,1423.673331950058,1426.9688720703125,17200,0.0,0.0
2010-01-20 00:00:00+09:00,1430.2640664743822,1433.559605798056,1410.4908305323402,1417.0819091796875,26200,0.0,0.0
2010-01-21 00:00:00+09:00,1403.8997240198373,1430.2640380859375,1394.0131062450496,1430.2640380859375,33200,0.0,0.0
2010-01-22 00:00:00+09:00,1417.0816781587691,1417.0816781587691,1400.6039842266903,1410.4906005859375,16600,0.0,0.0
2010-01-25 00:00:00+09:00,1403.8997518849928,1420.3774485033612,1397.3086732376453,1417.0819091796875,24000,0.0,0.0
2010-01-26 00:00:00+09:00,1430.2639780560662,1430.2639780560662,1400.6041259765625,1400.6041259765625,16200,0.0,0.0
2010-01-27 00:00:00+09:00,1390.7176441526299,1410.4908807993497,1390.7176441526299,1394.01318359375,20800,0.0,0.0
2010-01-28 00:00:00+09:00,1394.0129328313865,1403.8995493762898,1394.0129328313865,1397.3084716796875,13600,0.0,0.0
2010-01-29 00:00:00+09:00,1400.6041608537946,1403.8997000558036,1384.12646484375,1384.12646484375,12600,0.0,0.0
2010-02-01 00:00:00+09:00,1400.603966574067,1403.8995053189471,1357.761962890625,1357.761962890625,17400,0.0,0.0
2010-02-02 00:00:00+09:00,1354.4668657950808,1384.1267241701555,1354.4668657950808,1377.53564453125,19200,0.0,0.0
2010-02-03 00:00:00+09:00,1380.8306693849972,1400.603900927503,1380.8306693849972,1390.71728515625,20200,0.0,0.0
2010-02-04 00:00:00+09:00,1390.717508616728,1407.1952042164523,1387.421969496783,1400.6041259765625,14600,0.0,0.0
2010-02-05 00:00:00+09:00,1380.8309326171875,1387.4220110545011,1370.9443149612173,1380.8309326171875,11000,0.0,0.0
2010-02-08 00:00:00+09:00,1377.5352986163402,1380.8308376082455,1367.648681640625,1367.648681640625,12000,0.0,0.0
2010-02-09 00:00:00+09:00,1370.9444580078125,1374.2399975703313,1361.057839320256,1370.9444580078125,15400,0.0,0.0
2010-02-10 00:00:00+09:00,1367.6488178982863,1384.1265144994704,1361.0577392578125,1361.0577392578125,13000,0.0,0.0
2010-02-12 00:00:00+09:00,1390.7175533749642,1436.8551025390625,1390.7175533749642,1436.8551025390625,61800,0.0,0.0
2010-02-15 00:00:00+09:00,1450.037353515625,1463.219511274858,1450.037353515625,1450.037353515625,29400,0.0,0.0
2010-02-16 00:00:00+09:00,1450.0372383969247,1463.219395109624,1440.1506208624003,1446.74169921875,13400,0.0,0.0
2010-02-17 00:00:00+09:00,1446.7417926314722,1466.5150289772325,1443.446253240512,1459.9239501953125,32600,0.0,0.0
2010-02-18 00:00:00+09:00,1453.3326349733102,1463.2192515377544,1446.7415572636808,1456.628173828125,21400,0.0,0.0
2010-02-19 00:00:00+09:00,1456.6283665409796,1456.6283665409796,1417.0818950511791,1423.6729736328125,27600,0.0,0.0
2010-02-22 00:00:00+09:00,1446.7417926314722,1466.5150289772325,1440.150713849552,1459.9239501953125,25400,0.0,0.0
2010-02-23 00:00:00+09:00,1466.5146358754546,1489.5834054285515,1466.5146358754546,1473.105712890625,27600,0.0,0.0
2010-02-24 00:00:00+09:00,1473.1059166106168,1506.0613062439638,1473.1059166106168,1492.879150390625,46800,0.0,0.0
2010-02-25 00:00:00+09:00,1499.4702283172944,1499.4702283172944,1476.4014555739516,1492.879150390625,22800,0.0,0.0
2010-02-26 00:00:00+09:00,1479.6972583007814,1486.2883374023438,1476.40171875,1482.9927978515625,10200,0.0,0.0
2010-03-01 00:00:00+09:00,1489.5838769531251,1489.5838769531251,1469.8106396484375,1482.9927978515625,14200,0.0,0.0
2010-03-02 00:00:00+09:00,1469.810289655413,1479.6969059535436,1466.5147508893695,1476.4013671875,14400,0.0,0.0
2010-03-03 00:00:00+09:00,1479.6970744081054,1512.6524658203127,1479.6970744081054,1512.6524658203125,33400,0.0,0.0
2010-03-04 00:00:00+09:00,1525.8345059723833,1529.1300448621723,1506.0612726336483,1509.3568115234375,26800,0.0,0.0
2010-03-05 00:00:00+09:00,1515.9480363231594,1555.4945068359375,1515.9480363231594,1555.4945068359375,51600,0.0,0.0
2010-03-08 00:00:00+09:00,1565.3813402191931,1578.5634988736706,1562.0858005555738,1568.6768798828125,59000,0.0,0.0
2010-03-09 00:00:00+09:00,1568.6765679253474,1611.5185750325522,1568.6765679253474,1601.6319580078125,69000,0.0,0.0
2010-03-10 00:00:00+09:00,1598.336626662742,1624.700942154086,1598.336626662742,1618.10986328125,41600,0.0,0.0
2010-03-11 00:00:00+09:00,1631.2921216709894,1644.474280229947,1624.7010423915108,1627.99658203125,40400,0.0,0.0
2010-03-12 00:00:00+09:00,1631.2921216709894,1631.2921216709894,1621.4055027517713,1627.99658203125,32200,0.0,0.0
2010-03-15 00:00:00+09:00,1647.7697900978917,1660.9519484186746,1631.2920921969128,1641.1787109375,52200,0.0,0.0
2010-03-16 00:00:00+09:00,1637.883316070865,1647.7699356849748,1627.9966964567552,1631.292236328125,41600,0.0,0.0
2010-03-17 00:00:00+09:00,1634.587776199495,1641.178855942235,1627.9966964567552,1631.292236328125,50200,0.0,0.0
2010-03-18 00:00:00+09:00,1637.8832009504683,1641.1787405902076,1621.4055027517713,1627.99658203125,59600,0.0,0.0
2010-03-19 00:00:00+09:00,1631.2919850503245,1634.5875244140625,1627.9964456865864,1634.5875244140625,41400,0.0,0.0
2010-03-23 00:00:00+09:00,1641.1785747070314,1660.951810546875,1641.1785747070314,1647.7696533203125,73800,0.0,0.0
2010-03-24 00:00:00+09:00,1660.951810546875,1660.951810546875,1644.474114013672,1647.7696533203125,77800,0.0,0.0
2010-03-25 00:00:00+09:00,1647.7696533203125,1647.7696533203125,1637.8830354003908,1647.7696533203125,82600,0.0,0.0
2010-03-26 00:00:00+09:00,1647.7696322067595,1664.247328528827,1644.474092942346,1657.65625,107600,0.0,0.0
2010-03-29 00:00:00+09:00,1667.9948998427974,1695.5650634765625,1661.102358934356,1695.5650634765625,42400,110.0,0.0
2010-03-30 00:00:00+09:00,1695.565411787169,1695.565411787169,1664.5489713276477,1692.119140625,40000,0.0,0.0
2010-03-31 00:00:00+09:00,1688.672779224537,1692.1190502025463,1674.8876953125,1674.8876953125,22200,0.0,0.0
2010-04-01 00:00:00+09:00,1667.994988207547,1667.994988207547,1636.9785524764152,1643.87109375,56600,0.0,0.0
2010-04-02 00:00:00+09:00,1654.2098684210528,1654.2098684210528,1609.4083511513159,1636.978515625,61600,0.0,0.0
2010-04-05 00:00:00+09:00,1650.7637939453127,1650.7637939453127,1619.7473552281774,1650.7637939453125,34600,0.0,0.0
2010-04-06 00:00:00+09:00,1654.2101332720588,1671.4414888269762,1640.425048828125,1640.425048828125,18600,0.0,0.0
2010-04-07 00:00:00+09:00,1643.8713057268706,1661.1026611328125,1640.4250346456822,1661.1026611328125,51800,0.0,0.0
2010-04-08 00:00:00+09:00,1650.7636350235848,1654.2099056603774,1636.9785524764152,1643.87109375,35400,0.0,0.0
2010-04-09 00:00:00+09:00,1633.5325066061582,1643.8713199391084,1633.5325066061582,1640.425048828125,35600,0.0,0.0
2010-04-12 00:00:00+09:00,1647.317591050092,1657.6564043830424,1640.425048828125,1640.425048828125,25400,0.0,0.0
2010-04-13 00:00:00+09:00,1654.2100467442467,1661.1025886056811,1640.424963021378,1647.3175048828125,19800,0.0,0.0
2010-04-14 00:00:00+09:00,1636.9787777171416,1647.317591050092,1633.5325066061582,1640.425048828125,18200,0.0,0.0
2010-04-15 00:00:00+09:00,1650.7638621610754,1650.7638621610754,1636.9787777171416,1640.425048828125,36800,0.0,0.0
2010-04-16 00:00:00+09:00,1636.9785524764152,1643.87109375,1633.5322818396226,1643.87109375,35000,0.0,0.0
2010-04-19 00:00:00+09:00,1640.4250032084187,1678.333984375,1630.0861901629876,1678.333984375,58800,0.0,0.0
2010-04-20 00:00:00+09:00,1688.67244782995,1705.903799338419,1678.3336369248689,1681.7799072265625,45200,0.0,0.0
2010-04-21 00:00:00+09:00,1695.5652279425524,1733.4742066160647,1695.5652279425524,1726.5816650390625,87200,0.0,0.0
2010-04-22 00:00:00+09:00,1726.581568629896,1754.1517333984375,1716.242756841693,1754.1517333984375,68200,0.0,0.0
2010-04-23 00:00:00+09:00,1757.59834040607,1833.41630803143,1754.152069150372,1795.50732421875,210600,0.0,0.0
2010-04-26 00:00:00+09:00,1819.631171875,1823.0774430338543,1798.953544921875,1809.2923583984375,52000,0.0,0.0
2010-04-27 00:00:00+09:00,1792.0608687176318,1829.9698486328125,1781.7220560134917,1829.9698486328125,53000,0.0,0.0
2010-04-28 00:00:00+09:00,1788.6146740367112,1805.8460292779127,1771.3833187955097,1774.82958984375,42400,0.0,0.0
2010-04-30 00:00:00+09:00,1795.507061767578,1802.3996032714842,1785.1682495117186,1792.060791015625,30400,0.0,0.0
2010-05-06 00:00:00+09:00,1740.36669921875,1750.705511293317,1733.4741578357055,1740.36669921875,39600,0.0,0.0
2010-05-07 00:00:00+09:00,1636.978421102646,1692.1187468661037,1626.639610021998,1664.548583984375,53800,0.0,0.0
2010-05-10 00:00:00+09:00,1667.9947509765625,1681.7798315631455,1657.655940536625,1667.9947509765625,28200,0.0,0.0
2010-05-11 00:00:00+09:00,1695.5653719446966,1695.5653719446966,1661.1026611328125,1661.1026611328125,20000,0.0,0.0
2010-05-12 00:00:00+09:00,1678.3340165387547,1678.3340165387547,1654.2101189704358,1661.1026611328125,13600,0.0,0.0
2010-05-13 00:00:00+09:00,1681.7802372685185,1692.1190502025463,1674.8876953125,1674.8876953125,24000,0.0,0.0
2010-05-14 00:00:00+09:00,1661.1023507973582,1699.0113256080863,1661.1023507973582,1671.441162109375,26200,0.0,0.0
2010-05-17 00:00:00+09:00,1533.5905344551857,1537.0368053191298,1426.7561376729143,1502.5740966796875,294800,0.0,0.0
2010-05-18 00:00:00+09:00,1509.4666084053963,1509.4666084053963,1450.8800048828125,1450.8800048828125,93800,0.0,0.0
2010-05-19 00:00:00+09:00,1450.8800908273047,1450.8800908273047,1430.2024648297659,1443.987548828125,52400,0.0,0.0
2010-05-20 00:00:00+09:00,1440.541259765625,1461.2188855038876,1440.541259765625,1440.541259765625,41600,0.0,0.0
2010-05-21 00:00:00+09:00,1426.7562581181235,1426.7562581181235,1399.186088879126,1409.52490234375,53200,0.0,0.0
2010-05-24 00:00:00+09:00,1430.2026886951605,1430.2026886951605,1406.078787921989,1416.4176025390625,43600,0.0,0.0
2010-05-25 00:00:00+09:00,1416.4173164937033,1426.7561290228543,1378.5083372201493,1385.40087890625,31000,0.0,0.0
2010-05-26 00:00:00+09:00,1364.7233207530546,1392.2934888490759,1364.7233207530546,1375.0621337890625,46600,0.0,0.0
2010-05-27 00:00:00+09:00,1371.6158627770599,1381.9546758130678,1368.1695917650572,1375.0621337890625,25000,0.0,0.0
2010-05-28 00:00:00+09:00,1399.1860170717594,1419.8636429398148,1395.73974609375,1395.73974609375,21200,0.0,0.0
2010-05-31 00:00:00+09:00,1399.1860920832705,1433.6488037109375,1395.739820920504,1433.6488037109375,52800,0.0,0.0
2010-06-01 00:00:00+09:00,1447.4338883620042,1454.3264306875374,1426.756261385404,1433.6488037109375,25200,0.0,0.0
2010-06-02 00:00:00+09:00,1419.8635374172568,1423.3098081391433,1399.1859130859375,1399.1859130859375,19800,0.0,0.0
2010-06-03 00:00:00+09:00,1412.9711734986247,1423.3099869632488,1406.0786311888753,1409.52490234375,32400,0.0,0.0
2010-06-04 00:00:00+09:00,1409.524676662538,1412.970947265625,1409.524676662538,1412.970947265625,22000,0.0,0.0
2010-06-07 00:00:00+09:00,1399.1859988977412,1399.1859988977412,1385.4009151647585,1392.29345703125,28000,0.0,0.0
2010-06-08 00:00:00+09:00,1381.9543927478549,1385.4006630539593,1368.1693115234375,1368.1693115234375,21800,0.0,0.0
2010-06-09 00:00:00+09:00,1371.6155629784168,1378.5081034958964,1361.2767522021977,1364.7230224609375,40000,0.0,0.0
2010-06-10 00:00:00+09:00,1357.830547769561,1357.830547769561,1340.5991956405057,1354.38427734375,48200,0.0,0.0
2010-06-11 00:00:00+09:00,1378.5081129807693,1378.5081129807693,1340.599139873798,1344.04541015625,57000,0.0,0.0
2010-06-14 00:00:00+09:00,1347.4916708525416,1347.4916708525416,1313.0289682731927,1319.9215087890625,144400,0.0,0.0
2010-06-15 00:00:00+09:00,1309.5829716435185,1330.2605975115741,1292.3516167534722,1302.6904296875,137600,0.0,0.0
2010-06-16 00:00:00+09:00,1368.1694944789429,1437.0949098179324,1354.3844114111448,1402.6322021484375,297200,0.0,0.0
2010-06-17 00:00:00+09:00,1375.062289630096,1388.8473752404227,1347.4921184094424,1357.8309326171875,117800,0.0,0.0
2010-06-18 00:00:00+09:00,1354.3844413187967,1385.40087890625,1347.4918996326958,1385.40087890625,74400,0.0,0.0
2010-06-21 00:00:00+09:00,1399.186088879126,1430.2025292729982,1395.7398177242512,1409.52490234375,97600,0.0,0.0
2010-06-22 00:00:00+09:00,1406.078787921989,1419.863874078087,1388.8474302268667,1416.4176025390625,54200,0.0,0.0
2010-06-23 00:00:00+09:00,1395.739642364051,1406.0784545297106,1392.2933716421644,1399.1859130859375,42200,0.0,0.0
2010-06-24 00:00:00+09:00,1392.293232820472,1399.185773577009,1347.4917179029815,1350.93798828125,82400,0.0,0.0
2010-06-25 00:00:00+09:00,1340.599139873798,1361.2767615685095,1333.7065993088943,1344.04541015625,30000,0.0,0.0
2010-06-28 00:00:00+09:00,1361.2769345298334,1364.723205250162,1330.260498046875,1330.260498046875,25600,0.0,0.0
2010-06-29 00:00:00+09:00,1340.5993037160908,1350.9381158270119,1306.1365966796875,1306.1365966796875,32800,0.0,0.0
2010-06-30 00:00:00+09:00,1292.3513467255834,1319.9215087890625,1282.0125359517788,1319.9215087890625,45600,0.0,0.0
2010-07-01 00:00:00+09:00,1292.3515194752179,1323.367955942623,1254.4425415706114,1261.3350830078125,68600,0.0,0.0
2010-07-02 00:00:00+09:00,1264.7815827400455,1288.9054821383568,1257.8890400548134,1282.012939453125,73200,0.0,0.0
2010-07-05 00:00:00+09:00,1295.7976169835183,1330.2603195628672,1292.3513467255834,1319.9215087890625,33000,0.0,0.0
2010-07-06 00:00:00+09:00,1319.9219471887889,1361.2772040197692,1306.1368615784622,1357.8309326171875,67400,0.0,0.0
2010-07-07 00:00:00+09:00,1385.400928593161,1409.5248253597085,1350.9382189266646,1371.6158447265625,109400,0.0,0.0
2010-07-08 00:00:00+09:00,1392.2935070800781,1395.739778137207,1371.6158807373047,1378.5084228515625,40000,0.0,0.0
2010-07-09 00:00:00+09:00,1375.0621337890625,1385.4009468250706,1361.2770497410518,1375.0621337890625,36800,0.0,0.0
2010-07-12 00:00:00+09:00,1378.5083372201493,1402.6322331215017,1364.7232538479477,1385.40087890625,28200,0.0,0.0
2010-07-13 00:00:00+09:00,1388.8472360229491,1395.739778137207,1357.830796508789,1378.5084228515625,32200,0.0,0.0
2010-07-14 00:00:00+09:00,1381.9546080631997,1395.739691435401,1381.9546080631997,1385.40087890625,22600,0.0,0.0
2010-07-15 00:00:00+09:00,1388.8472360229491,1402.6323202514648,1371.6158807373047,1378.5084228515625,28600,0.0,0.0
2010-07-16 00:00:00+09:00,1375.0618332371566,1381.9543737546362,1361.2767522021977,1364.7230224609375,40200,0.0,0.0
2010-07-21 00:00:00+09:00,1378.5084048010651,1381.9546758130678,1364.7233207530546,1375.0621337890625,31800,0.0,0.0
2010-07-22 00:00:00+09:00,1368.1693115234375,1371.6155818295417,1361.2767709112286,1368.1693115234375,18800,0.0,0.0
2010-07-23 00:00:00+09:00,1375.0621517944337,1388.8472360229491,1371.6158807373047,1378.5084228515625,39800,0.0,0.0
2010-07-26 00:00:00+09:00,1388.8471497493003,1388.8471497493003,1375.0620663770987,1385.40087890625,15800,0.0,0.0
2010-07-27 00:00:00+09:00,1378.5084408120324,1385.4009830160926,1375.0621697100023,1381.9547119140625,11800,0.0,0.0
2010-07-28 00:00:00+09:00,1375.0620539048139,1426.7561160816867,1375.0620539048139,1406.0784912109375,50000,0.0,0.0
2010-07-29 00:00:00+09:00,1399.1862448439401,1430.2026886951605,1388.8474302268667,1416.4176025390625,38600,0.0,0.0
2010-07-30 00:00:00+09:00,1419.8634884717987,1419.8634884717987,1399.1858648532773,1412.970947265625,31800,0.0,0.0
2010-08-02 00:00:00+09:00,1402.6323600340006,1419.863715808374,1388.8472754145018,1409.52490234375,49200,0.0,0.0
2010-08-03 00:00:00+09:00,1426.7560074792652,1454.326171875,1412.970925281398,1454.326171875,85000,0.0,0.0
2010-08-04 00:00:00+09:00,1454.3263941962937,1454.3263941962937,1423.309954509643,1426.7562255859375,22600,0.0,0.0
2010-08-05 00:00:00+09:00,1433.6487358293557,1443.987548828125,1430.2024648297659,1443.987548828125,11800,0.0,0.0
2010-08-06 00:00:00+09:00,1443.9875125290393,1447.4337834419964,1426.7561579642536,1437.094970703125,24600,0.0,0.0
2010-08-09 00:00:00+09:00,1354.38423029902,1368.1693115234375,1309.582716319663,1368.1693115234375,72600,0.0,0.0
2010-08-10 00:00:00+09:00,1375.0621697100023,1395.7397963221829,1375.0621697100023,1381.9547119140625,33800,0.0,0.0
2010-08-11 00:00:00+09:00,1371.615610550861,1375.0618809291295,1344.0454475247132,1350.93798828125,25600,0.0,0.0
2010-08-12 00:00:00+09:00,1330.2604315201238,1344.045513712042,1313.0290787802257,1340.5992431640625,26600,0.0,0.0
2010-08-13 00:00:00+09:00,1344.045400908499,1368.169292719677,1326.8140496148003,1364.7230224609375,18000,0.0,0.0
2010-08-16 00:00:00+09:00,1350.938165051424,1364.7232483682753,1333.7068109053598,1361.2769775390625,18800,0.0,0.0
2010-08-17 00:00:00+09:00,1350.9380548080014,1350.9380548080014,1330.2604315201238,1340.5992431640625,12000,0.0,0.0
2010-08-18 00:00:00+09:00,1350.9379507211538,1350.9379507211538,1333.7065993088943,1344.04541015625,13000,0.0,0.0
2010-08-19 00:00:00+09:00,1333.7064970753079,1350.93784716672,1333.7064970753079,1347.4915771484375,15200,0.0,0.0
2010-08-20 00:00:00+09:00,1337.1530394875324,1340.5993102078612,1330.260498046875,1330.260498046875,13600,0.0,0.0
2010-08-23 00:00:00+09:00,1347.4921152215254,1347.4921152215254,1306.136858488384,1309.5831298828125,7400,0.0,0.0
2010-08-24 00:00:00+09:00,1347.4918516485186,1347.4918516485186,1295.7977908435882,1330.260498046875,24000,0.0,0.0
2010-08-25 00:00:00+09:00,1309.5830436027488,1323.3681282722514,1306.1367724353731,1316.4755859375,8400,0.0,0.0
2010-08-26 00:00:00+09:00,1316.4754456046999,1316.4754456046999,1292.3515500046137,1313.0291748046875,21200,0.0,0.0
2010-08-27 00:00:00+09:00,1306.1364370492788,1344.04541015625,1295.797626201923,1344.04541015625,13800,0.0,0.0
2010-08-30 00:00:00+09:00,1347.4917179029815,1375.0618809291295,1337.152906768176,1350.93798828125,17200,0.0,0.0
2010-08-31 00:00:00+09:00,1340.5993037160908,1340.5993037160908,1302.690325976047,1306.1365966796875,15800,0.0,0.0
2010-09-01 00:00:00+09:00,1306.136856856359,1306.136856856359,1282.0129571255027,1285.459228515625,27200,0.0,0.0
2010-09-02 00:00:00+09:00,1309.5829716435185,1313.0292426215278,1275.1202618634259,1302.6904296875,17200,0.0,0.0
2010-09-03 00:00:00+09:00,1302.6905870939556,1309.5831298828125,1302.6905870939556,1309.5831298828125,7400,0.0,0.0
2010-09-06 00:00:00+09:00,1323.3679383116882,1333.7067503297483,1316.475396966315,1326.814208984375,23600,0.0,0.0
2010-09-07 00:00:00+09:00,1309.5830436027488,1323.3681282722514,1306.1367724353731,1316.4755859375,4400,0.0,0.0
2010-09-08 00:00:00+09:00,1319.921747735206,1319.921747735206,1295.7978515625,1295.7978515625,10400,0.0,0.0
2010-09-09 00:00:00+09:00,1295.7980443050988,1309.5831298828125,1292.3517729106702,1309.5831298828125,6000,0.0,0.0
2010-09-10 00:00:00+09:00,1319.9217164047122,1319.9217164047122,1306.136633204663,1313.0291748046875,18200,0.0,0.0
2010-09-13 00:00:00+09:00,1313.0291748046875,1319.9217164047122,1295.797820804626,1313.0291748046875,7400,0.0,0.0
2010-09-14 00:00:00+09:00,1302.690251953125,1306.1365224609374,1282.01262890625,1292.3514404296875,12000,0.0,0.0
2010-09-16 00:00:00+09:00,1313.029138086968,1319.9216794942488,1292.351513865126,1306.1365966796875,9400,0.0,0.0
2010-09-17 00:00:00+09:00,1309.5828673833278,1316.4754087906085,1306.1365966796875,1306.1365966796875,7000,0.0,0.0
2010-09-21 00:00:00+09:00,1316.4756726716694,1319.921944066098,1309.5831298828125,1309.5831298828125,10000,0.0,0.0
2010-09-22 00:00:00+09:00,1302.6903933261303,1306.1366642079454,1295.7978515625,1295.7978515625,13400,0.0,0.0
2010-09-24 00:00:00+09:00,1285.4590520085515,1285.4590520085515,1275.1202392578125,1275.1202392578125,24400,0.0,0.0
2010-09-27 00:00:00+09:00,1275.1203967678932,1306.1368388514366,1275.1203967678932,1282.012939453125,17400,0.0,0.0
2010-09-28 00:00:00+09:00,1275.1202392578125,1282.0127810916385,1271.6739683408996,1275.1202392578125,11000,0.0,0.0
2010-09-29 00:00:00+09:00,1278.5663583984374,1292.3514404296875,1275.120087890625,1292.3514404296875,8600,0.0,0.0
2010-09-30 00:00:00+09:00,1292.3515938423775,1292.3515938423775,1275.1202392578125,1275.1202392578125,13800,0.0,0.0
2010-10-01 00:00:00+09:00,1264.7813352819992,1264.7813352819992,1240.657440603596,1257.8887939453125,11800,0.0,0.0
2010-10-04 00:00:00+09:00,1244.103809346004,1250.9963512260374,1226.872454645921,1230.3187255859375,17800,0.0,0.0
2010-10-05 00:00:00+09:00,1219.9798343846057,1268.2276244450138,1219.9798343846057,1261.3350830078125,21400,0.0,0.0
2010-10-06 00:00:00+09:00,1278.5667019462066,1278.5667019462066,1257.889073343303,1264.7816162109375,17800,0.0,0.0
2010-10-07 00:00:00+09:00,1268.2276974239865,1275.1202392578125,1257.8888846732475,1275.1202392578125,12800,0.0,0.0
2010-10-08 00:00:00+09:00,1288.9052734375,1306.1366273604613,1285.4590026529077,1288.9052734375,25400,0.0,0.0
2010-10-12 00:00:00+09:00,1288.9052487566173,1292.3515194752179,1261.3350830078125,1261.3350830078125,15600,0.0,0.0
2010-10-13 00:00:00+09:00,1282.0129733800238,1282.0129733800238,1261.3353447771203,1264.7816162109375,16400,0.0,0.0
2010-10-14 00:00:00+09:00,1282.012939453125,1285.459210795741,1261.3353113974295,1282.012939453125,13200,0.0,0.0
2010-10-15 00:00:00+09:00,1278.5664179553723,1278.5664179553723,1250.9962526086258,1257.8887939453125,14000,0.0,0.0
2010-10-18 00:00:00+09:00,1257.8888667243607,1282.0127627985264,1254.4425958566228,1271.6739501953125,10400,0.0,0.0
2010-10-19 00:00:00+09:00,1257.889107551364,1275.120465189054,1240.657749913674,1247.55029296875,13000,0.0,0.0
2010-10-20 00:00:00+09:00,1237.2112674659709,1237.2112674659709,1226.872454645921,1230.3187255859375,8200,0.0,0.0
2010-10-21 00:00:00+09:00,1223.4261788504464,1223.4261788504464,1195.8560114397321,1206.19482421875,18000,0.0,0.0
2010-10-22 00:00:00+09:00,1199.3022823660713,1206.19482421875,1175.1783858816964,1206.19482421875,31000,0.0,0.0
2010-10-25 00:00:00+09:00,1216.533687525402,1226.872500733833,1188.9635189695855,1192.4097900390625,15000,0.0,0.0
2010-10-26 00:00:00+09:00,1206.1947877379669,1213.087329382184,1188.9634336274246,1199.30224609375,20200,0.0,0.0
2010-10-27 00:00:00+09:00,1202.748561961007,1202.748561961007,1157.9470395956973,1161.393310546875,23200,0.0,0.0
2010-10-28 00:00:00+09:00,1147.6082726226994,1168.2858991564417,1123.484375,1123.484375,50400,0.0,0.0
2010-10-29 00:00:00+09:00,1147.6082170327013,1168.285842564822,1075.2365276702785,1113.1455078125,28400,0.0,0.0
2010-11-01 00:00:00+09:00,1147.6082309277651,1168.2858567102473,1085.5753535803183,1092.4678955078125,17200,0.0,0.0
2010-11-02 00:00:00+09:00,1082.1288875299522,1085.5751578724041,1064.8975358176917,1078.6826171875,17000,0.0,0.0
2010-11-04 00:00:00+09:00,1095.9141172605139,1140.7156377774531,1095.9141172605139,1106.2529296875,15800,0.0,0.0
2010-11-05 00:00:00+09:00,1113.1455478898015,1151.0545293968844,1113.1455478898015,1144.1619873046875,20000,0.0,0.0
2010-11-08 00:00:00+09:00,1161.393085186298,1175.1781663161057,1157.9468149038462,1164.83935546875,18600,0.0,0.0
2010-11-09 00:00:00+09:00,1185.517162805316,1202.7485169158585,1175.1783503389906,1199.30224609375,19000,0.0,0.0
2010-11-10 00:00:00+09:00,1202.7486032474937,1237.2113139422643,1188.9635189695855,1192.4097900390625,29000,0.0,0.0
2010-11-11 00:00:00+09:00,1202.7484428938046,1237.2111489939136,1171.7320074037066,1185.51708984375,21200,0.0,0.0
2010-11-12 00:00:00+09:00,1202.748724923373,1237.2114391045584,1168.2860107421875,1168.2860107421875,11600,0.0,0.0
2010-11-15 00:00:00+09:00,1164.8396355124082,1188.9635332892924,1161.3933644014246,1171.732177734375,14800,0.0,0.0
2010-11-16 00:00:00+09:00,1171.732282160306,1171.732282160306,1161.3934679059505,1168.2860107421875,20400,0.0,0.0
2010-11-17 00:00:00+09:00,1182.0707162165988,1192.409527145607,1168.2856349779213,1188.9632568359375,20400,0.0,0.0
2010-11-18 00:00:00+09:00,1188.963607396835,1230.31886330629,1185.517336071047,1209.6412353515625,34400,0.0,0.0
2010-11-19 00:00:00+09:00,1216.5337780031384,1223.4263206547141,1206.1949640257747,1209.6412353515625,14600,0.0,0.0
2010-11-22 00:00:00+09:00,1230.3183974582173,1240.6572075208915,1230.3183974582173,1237.2109375,18000,0.0,0.0
2010-11-24 00:00:00+09:00,1233.7649965259543,1237.2112674659709,1226.872454645921,1230.3187255859375,12800,0.0,0.0
2010-11-25 00:00:00+09:00,1230.3185663787413,1233.7648368727992,1202.7484024262765,1223.426025390625,17400,0.0,0.0
2010-11-26 00:00:00+09:00,1216.5335693359375,1219.9798400706002,1213.0872986012748,1216.5335693359375,7800,0.0,0.0
2010-11-29 00:00:00+09:00,1230.3185663787413,1230.3185663787413,1219.9797548965669,1223.426025390625,11200,0.0,0.0
2010-11-30 00:00:00+09:00,1223.4261788504464,1223.4261788504464,1206.19482421875,1206.19482421875,12000,0.0,0.0
2010-12-01 00:00:00+09:00,1209.6410951450891,1209.6410951450891,1188.9634695870534,1206.19482421875,18800,0.0,0.0
2010-12-02 00:00:00+09:00,1209.6412373974335,1240.6576793819831,1188.9636094077339,1233.76513671875,25600,0.0,0.0
2010-12-03 00:00:00+09:00,1240.6573486328125,1250.9961598714192,1226.872266981337,1240.6573486328125,12200,0.0,0.0
2010-12-06 00:00:00+09:00,1240.6575251807851,1254.442608793905,1216.5336288578255,1250.996337890625,18800,0.0,0.0
2010-12-07 00:00:00+09:00,1250.9963559999571,1261.335168859461,1247.5500850467893,1254.442626953125,19000,0.0,0.0
2010-12-08 00:00:00+09:00,1264.7813779453543,1288.9052734375,1261.335107160762,1288.9052734375,17200,0.0,0.0
2010-12-09 00:00:00+09:00,1292.3514404296875,1299.2439814453126,1285.4588994140624,1292.3514404296875,11600,0.0,0.0
2010-12-10 00:00:00+09:00,1319.9217662052386,1319.9217662052386,1285.4590569048407,1299.244140625,39600,0.0,0.0
2010-12-13 00:00:00+09:00,1288.9054165984949,1319.9218571048757,1271.6740607616166,1316.4755859375,55000,0.0,0.0
2010-12-14 00:00:00+09:00,1319.9219630919781,1337.1533203125,1319.9219630919781,1337.1533203125,25800,0.0,0.0
2010-12-15 00:00:00+09:00,1337.1530394875324,1337.1530394875324,1323.3679566062176,1330.260498046875,21200,0.0,0.0
2010-12-16 00:00:00+09:00,1337.1533042016974,1357.8309326171875,1333.7070327991157,1357.8309326171875,28800,0.0,0.0
2010-12-17 00:00:00+09:00,1357.830664423299,1419.8635374172568,1357.830664423299,1399.1859130859375,70800,0.0,0.0
2010-12-20 00:00:00+09:00,1388.847144172765,1392.2934150019778,1350.938165051424,1361.2769775390625,29200,0.0,0.0
2010-12-21 00:00:00+09:00,1354.38423029902,1375.0618521356462,1354.38423029902,1368.1693115234375,20800,0.0,0.0
2010-12-22 00:00:00+09:00,1378.5083316851264,1378.5083316851264,1357.8307067098497,1361.2769775390625,39600,0.0,0.0
2010-12-24 00:00:00+09:00,1357.830387203285,1357.830387203285,1347.4915771484375,1347.4915771484375,12800,0.0,0.0
2010-12-27 00:00:00+09:00,1330.260761396534,1364.723475422351,1330.260761396534,1357.8309326171875,14800,0.0,0.0
2010-12-28 00:00:00+09:00,1340.5995917566042,1344.0458632007087,1337.1533203125,1337.1533203125,10000,0.0,0.0
2010-12-29 00:00:00+09:00,1333.7066084623937,1371.6155818295417,1330.2603381562892,1368.1693115234375,21600,0.0,0.0
2010-12-30 00:00:00+09:00,1371.6158447265625,1385.400928593161,1344.0456769933653,1371.6158447265625,17200,0.0,0.0
2011-01-04 00:00:00+09:00,1375.0621202256946,1406.0785590277778,1368.1695782696759,1395.73974609375,22800,0.0,0.0
2011-01-05 00:00:00+09:00,1385.4008301983913,1402.632183807824,1385.4008301983913,1399.1859130859375,22200,0.0,0.0
2011-01-06 00:00:00+09:00,1399.18595514872,1440.5412050545935,1399.18595514872,1430.202392578125,25000,0.0,0.0
2011-01-07 00:00:00+09:00,1433.648503707627,1437.094774149232,1423.3096923828125,1423.3096923828125,18000,0.0,0.0
2011-01-11 00:00:00+09:00,1423.3098509271463,1437.094934229104,1423.3098509271463,1430.202392578125,15000,0.0,0.0
2011-01-12 00:00:00+09:00,1447.434046390283,1450.8803179293072,1412.971331000038,1416.4176025390625,18800,0.0,0.0
2011-01-13 00:00:00+09:00,1419.863525390625,1430.202337468712,1409.5247133125379,1419.863525390625,13600,0.0,0.0
2011-01-14 00:00:00+09:00,1412.9710384506777,1443.987475880083,1412.9710384506777,1430.202392578125,32800,0.0,0.0
2011-01-17 00:00:00+09:00,1437.0948191276657,1461.2187129739336,1437.0948191276657,1454.326171875,27000,0.0,0.0
2011-01-18 00:00:00+09:00,1457.7727606158883,1502.5742875378896,1457.7727606158883,1492.2354736328125,51800,0.0,0.0
2011-01-19 00:00:00+09:00,1495.681644500248,1526.6980841327418,1495.681644500248,1519.8055419921875,30400,0.0,0.0
2011-01-20 00:00:00+09:00,1512.9128352977611,1512.9128352977611,1464.6650455616139,1488.7889404296875,34600,0.0,0.0
2011-01-21 00:00:00+09:00,1492.2352544281657,1499.127796019058,1447.4337340873662,1450.8800048828125,48000,0.0,0.0
2011-01-24 00:00:00+09:00,1454.3260406779352,1475.003662109375,1447.4335002007886,1475.003662109375,21400,0.0,0.0
2011-01-25 00:00:00+09:00,1475.0038576479312,1512.9128352977611,1475.0038576479312,1488.7889404296875,24800,0.0,0.0
2011-01-26 00:00:00+09:00,1492.2354736328125,1499.1280162361973,1471.557845822658,1492.2354736328125,14400,0.0,0.0
2011-01-27 00:00:00+09:00,1499.1276379978467,1523.2515310230992,1492.2350971334888,1512.9127197265625,34200,0.0,0.0
2011-01-28 00:00:00+09:00,1519.8052605909204,1523.2515310230992,1502.5739084300255,1512.9127197265625,27000,0.0,0.0
2011-01-31 00:00:00+09:00,1457.7725041707356,1495.6814818205658,1450.8799627798576,1488.7889404296875,27400,0.0,0.0
2011-02-01 00:00:00+09:00,1492.2352787186771,1492.2352787186771,1471.5576536094115,1478.4501953125,12800,0.0,0.0
2011-02-02 00:00:00+09:00,1478.4503884260428,1499.1280162361973,1468.1115745209656,1492.2354736328125,21200,0.0,0.0
2011-02-03 00:00:00+09:00,1471.5577865013709,1478.4503288269043,1399.1860920832705,1433.6488037109375,39200,0.0,0.0
2011-02-04 00:00:00+09:00,1433.648511904762,1461.2186755952382,1419.863430059524,1447.43359375,35000,0.0,0.0
2011-02-07 00:00:00+09:00,1464.6649356179394,1475.0037469281838,1447.433583434199,1468.1112060546875,23600,0.0,0.0
2011-02-08 00:00:00+09:00,1481.89635509013,1481.89635509013,1430.2022961916373,1457.7724609375,31600,0.0,0.0
2011-02-09 00:00:00+09:00,1464.6649356179394,1468.1112060546875,1447.433583434199,1468.1112060546875,13200,0.0,0.0
2011-02-10 00:00:00+09:00,1454.3260220744291,1475.0036432413642,1443.9872114909617,1471.557373046875,22400,0.0,0.0
2011-02-14 00:00:00+09:00,1223.4263479165015,1364.723475422351,1219.9800765139198,1357.8309326171875,161200,0.0,0.0
2011-02-15 00:00:00+09:00,1357.830529037787,1357.830529037787,1344.0454475247132,1350.93798828125,73200,0.0,0.0
2011-02-16 00:00:00+09:00,1354.3844358806368,1361.2769775390625,1344.0456233929983,1361.2769775390625,65000,0.0,0.0
2011-02-17 00:00:00+09:00,1357.830547769561,1357.830547769561,1350.938006917939,1354.38427734375,55800,0.0,0.0
2011-02-18 00:00:00+09:00,1354.38423029902,1375.0618521356462,1354.38423029902,1368.1693115234375,47400,0.0,0.0
2011-02-21 00:00:00+09:00,1375.0618332371566,1375.0618332371566,1364.7230224609375,1364.7230224609375,21800,0.0,0.0
2011-02-22 00:00:00+09:00,1361.2772007992394,1361.2772007992394,1299.244315699527,1309.5831298828125,118800,0.0,0.0
2011-02-23 00:00:00+09:00,1309.582837422689,1344.0455436706543,1302.6902961730957,1323.367919921875,55400,0.0,0.0
2011-02-24 00:00:00+09:00,1330.2605288047491,1330.2605288047491,1309.5829040046751,1313.0291748046875,39200,0.0,0.0
2011-02-25 00:00:00+09:00,1306.136633204663,1319.9217164047122,1292.3515500046137,1313.0291748046875,39400,0.0,0.0
2011-02-28 00:00:00+09:00,1323.3679566062176,1344.0455809281898,1309.5828737249028,1330.260498046875,53800,0.0,0.0
2011-03-01 00:00:00+09:00,1354.3841171850024,1361.2766572215673,1344.0453071301552,1347.4915771484375,76200,0.0,0.0
2011-03-02 00:00:00+09:00,1347.491833020495,1354.3843743658686,1326.814208984375,1326.814208984375,68200,0.0,0.0
2011-03-03 00:00:00+09:00,1354.3842210036057,1354.3842210036057,1337.1528695913462,1344.04541015625,42200,0.0,0.0
2011-03-04 00:00:00+09:00,1350.9382645954458,1357.830806761749,1326.8143670133843,1333.7069091796875,52000,0.0,0.0
2011-03-07 00:00:00+09:00,1388.8471190806397,1409.5247436823365,1375.0620360128416,1402.6322021484375,245200,0.0,0.0
2011-03-08 00:00:00+09:00,1406.0784912109375,1478.4501782585594,1399.1859495873546,1406.0784912109375,179000,0.0,0.0
2011-03-09 00:00:00+09:00,1406.0785590277778,1419.8636429398148,1395.73974609375,1395.73974609375,73200,0.0,0.0
2011-03-10 00:00:00+09:00,1395.739691435401,1426.7561290228543,1385.40087890625,1385.40087890625,66400,0.0,0.0
2011-03-11 00:00:00+09:00,1406.078406059451,1457.7724651057545,1406.078406059451,1412.970947265625,148400,0.0,0.0
2011-03-14 00:00:00+09:00,1302.690166766827,1412.9708158052886,1292.3513559194712,1344.04541015625,111400,0.0,0.0
2011-03-15 00:00:00+09:00,1292.3516510538973,1306.1367353318055,1113.1455554410902,1192.4097900390625,108200,0.0,0.0
2011-03-16 00:00:00+09:00,1195.8558212591677,1361.2767994160556,1195.8558212591677,1350.93798828125,98600,0.0,0.0
2011-03-17 00:00:00+09:00,1347.4920246417705,1440.5413460364707,1330.260668827937,1433.6488037109375,137800,0.0,0.0
2011-03-18 00:00:00+09:00,1433.648559298441,1547.37548828125,1426.7560181479676,1547.37548828125,132400,0.0,0.0
2011-03-22 00:00:00+09:00,1568.0535184940582,1568.0535184940582,1550.8221611479696,1554.2684326171875,76800,0.0,0.0
2011-03-23 00:00:00+09:00,1557.7143488851827,1574.945702302054,1523.2516420514396,1533.5904541015625,93200,0.0,0.0
2011-03-24 00:00:00+09:00,1554.2682926432292,1568.053377278646,1540.4832080078124,1550.822021484375,68400,0.0,0.0
2011-03-25 00:00:00+09:00,1554.2682926432292,1561.1608349609376,1526.698123372396,1550.822021484375,62200,0.0,0.0
2011-03-28 00:00:00+09:00,1543.9293339932126,1543.9293339932126,1492.2352714711185,1523.251708984375,59800,0.0,0.0
2011-03-29 00:00:00+09:00,1495.3020401519984,1551.2011818399235,1488.3146474410078,1540.7200927734375,56000,30.0,0.0
2011-03-30 00:00:00+09:00,1537.2265625,1593.1257102272727,1537.2265625,1575.6572265625,59000,0.0,0.0
2011-03-31 00:00:00+09:00,1582.6445755409982,1582.6445755409982,1540.7202159240182,1579.15087890625,49000,0.0,0.0
2011-04-01 00:00:00+09:00,1579.1506182696369,1586.1380103858742,1551.2010498046875,1551.2010498046875,27400,0.0,0.0
2011-04-04 00:00:00+09:00,1551.2013267780171,1579.150900233477,1509.2769665948274,1519.758056640625,49600,0.0,0.0
2011-04-05 00:00:00+09:00,1491.8084232724948,1495.3021198141164,1414.947099356816,1418.4407958984375,84800,0.0,0.0
2011-04-06 00:00:00+09:00,1418.4407448508523,1418.4407448508523,1338.08572728541,1345.0731201171875,104800,0.0,0.0
2011-04-07 00:00:00+09:00,1352.060444028359,1359.0478365039576,1327.6045703637633,1331.0982666015625,56800,0.0,0.0
2011-04-08 00:00:00+09:00,1327.6049551692033,1380.0104139258824,1317.1238634178674,1348.567138671875,39600,0.0,0.0
2011-04-11 00:00:00+09:00,1334.592162775326,1383.5039174320134,1334.592162775326,1373.0228271484375,25000,0.0,0.0
2011-04-12 00:00:00+09:00,1369.5290634037597,1383.5038497650226,1355.5542770424968,1359.0479736328125,36000,0.0,0.0
2011-04-13 00:00:00+09:00,1345.0731435922476,1376.5164118840144,1345.0731435922476,1362.5416259765625,19000,0.0,0.0
2011-04-14 00:00:00+09:00,1348.5667437203322,1397.4784909018988,1341.5793512658227,1380.010009765625,31000,0.0,0.0
2011-04-15 00:00:00+09:00,1383.5037059928798,1407.9595795836628,1369.5289210838607,1380.010009765625,22800,0.0,0.0
2011-04-18 00:00:00+09:00,1380.0104139258824,1383.5041111763276,1341.5797441709844,1348.567138671875,38800,0.0,0.0
2011-04-19 00:00:00+09:00,1341.5794547872342,1348.5668477809177,1306.6424898188166,1313.6298828125,26600,0.0,0.0
2011-04-20 00:00:00+09:00,1324.111257918758,1359.0482304232107,1324.111257918758,1348.567138671875,32200,0.0,0.0
2011-04-21 00:00:00+09:00,1352.0602400930304,1355.5539358038652,1320.6169786955181,1327.6043701171875,22400,0.0,0.0
2011-04-22 00:00:00+09:00,1348.5668372000741,1352.0605336695046,1324.1109619140625,1324.1109619140625,46800,0.0,0.0
2011-04-25 00:00:00+09:00,1352.0604786686113,1359.0478713232294,1334.591997032066,1338.085693359375,26600,0.0,0.0
2011-04-26 00:00:00+09:00,1331.098065828022,1348.5665443821956,1327.6043701171875,1327.6043701171875,22000,0.0,0.0
2011-04-27 00:00:00+09:00,1341.5793553149608,1352.060444028359,1310.1360891747663,1331.0982666015625,39200,0.0,0.0
2011-04-28 00:00:00+09:00,1341.5797441709844,1348.567138671875,1334.5923496700939,1348.567138671875,27200,0.0,0.0
2011-05-02 00:00:00+09:00,1362.5415133690651,1369.5289057453167,1338.0856400521843,1352.0604248046875,22800,0.0,0.0
2011-05-06 00:00:00+09:00,1331.0987098254457,1345.0734994299123,1327.605012424329,1334.5924072265625,21200,0.0,0.0
2011-05-09 00:00:00+09:00,1334.5920129994877,1334.5920129994877,1278.69287109375,1278.69287109375,65600,0.0,0.0
2011-05-10 00:00:00+09:00,1278.692884802181,1310.136152461251,1275.1991883956175,1306.6424560546875,31200,0.0,0.0
2011-05-11 00:00:00+09:00,1320.617421743032,1320.617421743032,1292.6678466796875,1292.6678466796875,17800,0.0,0.0
2011-05-12 00:00:00+09:00,1275.1991406115856,1289.1739257141783,1271.7054443359375,1271.7054443359375,21200,0.0,0.0
2011-05-13 00:00:00+09:00,1271.7053583318539,1292.667534568093,1226.2873098200018,1229.781005859375,30200,0.0,0.0
2011-05-16 00:00:00+09:00,1282.1867770182291,1317.123746419271,1268.2119892578125,1310.1363525390625,63400,0.0,0.0
2011-05-17 00:00:00+09:00,1310.136196760326,1331.098375908491,1299.6551071862434,1303.1488037109375,47800,0.0,0.0
2011-05-18 00:00:00+09:00,1289.1740176121607,1320.6172863344086,1289.1740176121607,1303.1488037109375,28800,0.0,0.0
2011-05-19 00:00:00+09:00,1310.136331094278,1327.6048155088681,1285.6804529138512,1292.6678466796875,23400,0.0,0.0
2011-05-20 00:00:00+09:00,1282.1865674628586,1292.6676565701844,1278.69287109375,1278.69287109375,17400,0.0,0.0
2011-05-23 00:00:00+09:00,1275.1992848998343,1278.6929815707927,1247.2497115321667,1250.743408203125,28200,0.0,0.0
2011-05-24 00:00:00+09:00,1254.2370370983404,1268.2118230270125,1233.2748582053318,1236.7685546875,20600,0.0,0.0
2011-05-25 00:00:00+09:00,1236.768632046012,1247.249722148097,1198.3379683383675,1201.8316650390625,26400,0.0,0.0
2011-05-26 00:00:00+09:00,1205.3249011545263,1229.7807687141833,1205.3249011545263,1219.2996826171875,21400,0.0,0.0
2011-05-27 00:00:00+09:00,1212.312744822582,1264.7181948869588,1205.3253514806652,1250.743408203125,33400,0.0,0.0
2011-05-30 00:00:00+09:00,1243.7559605382426,1268.2118361668036,1243.7559605382426,1264.7181396484375,18600,0.0,0.0
2011-05-31 00:00:00+09:00,1268.2119140625,1275.199307528409,1257.7308238636363,1268.2119140625,16400,0.0,0.0
2011-06-01 00:00:00+09:00,1275.1991747246414,1292.6676565701844,1271.7054783555327,1278.69287109375,14600,0.0,0.0
2011-06-02 00:00:00+09:00,1264.7182398349964,1264.7182398349964,1236.768665474002,1247.249755859375,23200,0.0,0.0
2011-06-03 00:00:00+09:00,1257.7306888204225,1257.7306888204225,1229.7811179577466,1240.26220703125,34400,0.0,0.0
2011-06-06 00:00:00+09:00,1233.2749693765807,1240.262362970782,1208.819091796875,1208.819091796875,13400,0.0,0.0
2011-06-07 00:00:00+09:00,1205.3253617397575,1226.2875419439272,1201.8316650390625,1201.8316650390625,20200,0.0,0.0
2011-06-08 00:00:00+09:00,1201.8316650390625,1212.3127551411474,1198.3379683383675,1201.8316650390625,9000,0.0,0.0
2011-06-09 00:00:00+09:00,1194.8444501091453,1205.3255417767693,1177.3759639964385,1187.8570556640625,25800,0.0,0.0
2011-06-10 00:00:00+09:00,1198.3379910436975,1198.3379910436975,1131.9577524727638,1142.4388427734375,82000,0.0,0.0
2011-06-13 00:00:00+09:00,1131.957685818982,1131.957685818982,1114.4892030131336,1128.4639892578125,30600,0.0,0.0
2011-06-14 00:00:00+09:00,1121.4766402155717,1131.9577303110443,1117.9829435170807,1124.9703369140625,27800,0.0,0.0
2011-06-15 00:00:00+09:00,1135.451382380152,1145.932472063661,1124.9702926966427,1128.4639892578125,14800,0.0,0.0
2011-06-16 00:00:00+09:00,1135.451449239655,1149.42623630722,1131.9577524727638,1142.4388427734375,39600,0.0,0.0
2011-06-17 00:00:00+09:00,1128.4641136756309,1149.4262953538162,1090.033447265625,1090.033447265625,73400,0.0,0.0
2011-06-20 00:00:00+09:00,1100.514263973058,1128.4638325818973,1100.514263973058,1121.4764404296875,25800,0.0,0.0
2011-06-21 00:00:00+09:00,1128.4640557058724,1142.4388427734375,1128.4640557058724,1142.4388427734375,25200,0.0,0.0
2011-06-22 00:00:00+09:00,1142.4386150303171,1173.881879664179,1142.4386150303171,1170.38818359375,28400,0.0,0.0
2011-06-23 00:00:00+09:00,1170.3882021454692,1170.3882021454692,1149.426025390625,1149.426025390625,29800,0.0,0.0
2011-06-24 00:00:00+09:00,1152.9199993214218,1173.8821811272658,1152.9199993214218,1156.4136962890625,37800,0.0,0.0
2011-06-27 00:00:00+09:00,1152.9200318482544,1170.3885171792886,1152.9200318482544,1163.401123046875,13400,0.0,0.0
2011-06-28 00:00:00+09:00,1166.8946428157456,1180.8694289572516,1166.8946428157456,1177.375732421875,20200,0.0,0.0
2011-06-29 00:00:00+09:00,1187.8568568638393,1222.7938232421875,1184.3631602260045,1222.7938232421875,20200,0.0,0.0
2011-06-30 00:00:00+09:00,1222.7937687588276,1247.249644134004,1208.8189828301552,1236.7685546875,32000,0.0,0.0
2011-07-01 00:00:00+09:00,1250.7434526544994,1268.2119366301208,1243.7560590642506,1247.249755859375,28600,0.0,0.0
2011-07-04 00:00:00+09:00,1261.224520596591,1292.6677911931818,1261.224520596591,1268.2119140625,32600,0.0,0.0
2011-07-05 00:00:00+09:00,1292.667802260571,1306.6425893120368,1278.6930152091054,1296.1614990234375,32400,0.0,0.0
2011-07-06 00:00:00+09:00,1296.161332981561,1303.1487256121893,1285.6802440356184,1299.655029296875,41200,0.0,0.0
2011-07-07 00:00:00+09:00,1278.6930155436198,1292.6678025987412,1254.237138197157,1257.7308349609375,60400,0.0,0.0
2011-07-08 00:00:00+09:00,1257.730801545042,1261.2244982160005,1247.2497115321667,1250.743408203125,30600,0.0,0.0
2011-07-11 00:00:00+09:00,1226.2873726222826,1226.2873726222826,1198.337802875906,1205.3251953125,60000,0.0,0.0
2011-07-12 00:00:00+09:00,1194.8442716376726,1212.3127551411474,1194.8442716376726,1201.8316650390625,27200,0.0,0.0
2011-07-13 00:00:00+09:00,1201.831589865819,1236.7685546875,1194.844196901483,1236.7685546875,29200,0.0,0.0
2011-07-14 00:00:00+09:00,1222.7933779828527,1240.2618548111793,1215.805987251522,1219.2996826171875,25800,0.0,0.0
2011-07-15 00:00:00+09:00,1198.337802875906,1215.8062839673914,1198.337802875906,1205.3251953125,21400,0.0,0.0
2011-07-19 00:00:00+09:00,1212.312291885857,1222.7933779828527,1205.3249011545263,1219.2996826171875,39000,0.0,0.0
2011-07-20 00:00:00+09:00,1222.7938232421875,1229.7812165178573,1215.806429966518,1222.7938232421875,17800,0.0,0.0
2011-07-21 00:00:00+09:00,1222.7936137806287,1229.781005859375,1222.7936137806287,1229.781005859375,12400,0.0,0.0
2011-07-22 00:00:00+09:00,1254.2371048740836,1254.2371048740836,1240.2623181902497,1250.743408203125,37200,0.0,0.0
2011-07-25 00:00:00+09:00,1247.249599746919,1250.7432961047534,1226.287421599912,1240.26220703125,25000,0.0,0.0
2011-07-26 00:00:00+09:00,1240.26220703125,1243.7559033890846,1236.7685106734154,1240.26220703125,16000,0.0,0.0
2011-07-27 00:00:00+09:00,1240.26220703125,1243.7559033890846,1233.274814315581,1240.26220703125,14400,0.0,0.0
2011-07-28 00:00:00+09:00,1240.2621631408006,1247.2495556091994,1233.2747706724017,1243.755859375,28400,0.0,0.0
2011-07-29 00:00:00+09:00,1250.743300140881,1299.6550493084017,1250.743300140881,1278.69287109375,55000,0.0,0.0
2011-08-01 00:00:00+09:00,1268.212093597667,1271.7057908252089,1250.7436074599582,1254.2373046875,31400,0.0,0.0
2011-08-02 00:00:00+09:00,1254.2371494496235,1254.2371494496235,1243.7560590642506,1247.249755859375,16400,0.0,0.0
2011-08-03 00:00:00+09:00,1219.3002390722086,1219.3002390722086,1187.856966431378,1194.8443603515625,31200,0.0,0.0
2011-08-04 00:00:00+09:00,1187.856966431378,1208.8191481919316,1180.8695725111934,1194.8443603515625,32000,0.0,0.0
2011-08-05 00:00:00+09:00,1152.9199549663497,1173.882135965738,1142.4388644666556,1159.9073486328125,29000,0.0,0.0
2011-08-08 00:00:00+09:00,1152.919775390625,1152.919775390625,1128.4639013671874,1135.4512939453125,16200,0.0,0.0
2011-08-09 00:00:00+09:00,1114.4891067132717,1145.932373046875,1093.5269291575362,1145.932373046875,26000,0.0,0.0
2011-08-10 00:00:00+09:00,1163.4010902243438,1166.8947871919845,1138.945211450859,1156.4136962890625,12800,0.0,0.0
2011-08-11 00:00:00+09:00,1124.9701954911395,1149.4260693061642,1114.4891067132717,1145.932373046875,15600,0.0,0.0
2011-08-12 00:00:00+09:00,1170.3882468618997,1173.881943121189,1114.4891067132717,1145.932373046875,20800,0.0,0.0
2011-08-15 00:00:00+09:00,1100.514193997525,1114.4889774133665,1048.1087561881188,1058.58984375,125600,0.0,0.0
2011-08-16 00:00:00+09:00,1072.564697265625,1079.552089430222,1055.0962168541328,1072.564697265625,80000,0.0,0.0
2011-08-17 00:00:00+09:00,1076.058384261593,1083.0457763671875,1072.5646882087954,1083.0457763671875,35000,0.0,0.0
2011-08-18 00:00:00+09:00,1086.539762132762,1090.0334591171115,1076.0586711797127,1079.5523681640625,46400,0.0,0.0
2011-08-19 00:00:00+09:00,1072.5646186778747,1076.0583145041871,1058.5898353726257,1069.0709228515625,35000,0.0,0.0
2011-08-22 00:00:00+09:00,1069.071074514678,1076.058467158565,1020.1593260074707,1037.6278076171875,60800,0.0,0.0
2011-08-23 00:00:00+09:00,1055.0962079448086,1086.539472419985,1044.6151197864165,1083.0457763671875,58200,0.0,0.0
2011-08-24 00:00:00+09:00,1097.0205698417142,1104.007962006311,1058.5899129364311,1072.564697265625,30800,0.0,0.0
2011-08-25 00:00:00+09:00,1086.5396079777172,1114.4891798871117,1072.5648220230198,1110.9954833984375,34800,0.0,0.0
2011-08-26 00:00:00+09:00,1114.4891162109375,1138.944990234375,1104.00802734375,1135.4512939453125,47200,0.0,0.0
2011-08-29 00:00:00+09:00,1138.9449462890625,1149.4260347518452,1124.9701616720188,1138.9449462890625,15600,0.0,0.0
2011-08-30 00:00:00+09:00,1142.4388316761363,1163.4010120738635,1142.4388316761363,1152.919921875,16000,0.0,0.0
2011-08-31 00:00:00+09:00,1156.4136186079545,1163.4010120738635,1142.4388316761363,1152.919921875,19000,0.0,0.0
2011-09-01 00:00:00+09:00,1166.894742299275,1166.894742299275,1149.4262581331184,1159.9073486328125,15200,0.0,0.0
2011-09-02 00:00:00+09:00,1145.9323129624222,1145.9323129624222,1097.020567896953,1121.4764404296875,30800,0.0,0.0
2011-09-05 00:00:00+09:00,1124.970359319373,1124.970359319373,1097.0207851747923,1104.0081787109375,9000,0.0,0.0
2011-09-06 00:00:00+09:00,1107.5016487367693,1107.5016487367693,1069.070992155998,1083.0457763671875,17400,0.0,0.0
2011-09-07 00:00:00+09:00,1090.0332570261771,1097.0206496994217,1076.0584716796875,1076.0584716796875,23400,0.0,0.0
2011-09-08 00:00:00+09:00,1086.539740713019,1090.033437628495,1055.0964684737355,1062.0838623046875,24000,0.0,0.0
2011-09-09 00:00:00+09:00,1051.6026272470735,1058.5900201191473,1020.1593593227425,1044.615234375,59200,0.0,0.0
2011-09-12 00:00:00+09:00,1013.1720525568181,1013.1720525568181,992.2098721590909,999.197265625,26800,0.0,0.0
2011-09-13 00:00:00+09:00,1006.1845602448454,1051.602613311453,1002.6908638551064,1016.6656494140625,29000,0.0,0.0
2011-09-14 00:00:00+09:00,1044.6156318132269,1079.552609465843,1044.6156318132269,1051.60302734375,27800,0.0,0.0
2011-09-15 00:00:00+09:00,1065.57740622816,1104.008066780651,1065.57740622816,1093.5269775390625,18000,0.0,0.0
2011-09-16 00:00:00+09:00,1114.4891798871117,1128.463965841809,1104.0080904210888,1110.9954833984375,31000,0.0,0.0
2011-09-20 00:00:00+09:00,1107.5017702236623,1107.5017702236623,1034.1341450668897,1044.615234375,40600,0.0,0.0
2011-09-21 00:00:00+09:00,1044.6152002610743,1058.5899855488478,1034.134111295244,1037.6278076171875,20600,0.0,0.0
2011-09-22 00:00:00+09:00,1044.6148696424227,1044.6148696424227,1002.690527048078,1009.6779174804688,21400,0.0,0.0
2011-09-26 00:00:00+09:00,1013.1718411410811,1013.1718411410811,957.2727050781249,957.272705078125,26800,0.0,0.0
2011-09-27 00:00:00+09:00,967.753956604004,995.7035293579102,960.7665634155273,978.2350463867188,15200,0.0,0.0
2011-09-28 00:00:00+09:00,1002.6910685221355,1048.109130859375,1002.6910685221355,1048.109130859375,22200,0.0,0.0
2011-09-29 00:00:00+09:00,1041.1215313311202,1093.5269775390625,1041.1215313311202,1093.5269775390625,13400,0.0,0.0
2011-09-30 00:00:00+09:00,1104.0082350510818,1104.0082350510818,1083.0460533728965,1090.033447265625,13000,0.0,0.0
2011-10-03 00:00:00+09:00,1079.552609465843,1079.552609465843,1034.1345385174418,1051.60302734375,11400,0.0,0.0
2011-10-04 00:00:00+09:00,1030.6400887776413,1041.1211744262273,1006.1842222642734,1009.6779174804688,15400,0.0,0.0
2011-10-05 00:00:00+09:00,1009.6783157348633,1030.640495300293,978.2350463867188,978.2350463867188,14000,0.0,0.0
2011-10-06 00:00:00+09:00,999.1973385221124,1016.6658234613102,981.7288535829147,988.7162475585938,8600,0.0,0.0
2011-10-07 00:00:00+09:00,1002.6908738878038,1030.6404452853733,992.2097846137152,1006.1845703125,7600,0.0,0.0
2011-10-11 00:00:00+09:00,1030.6405306350655,1034.1342273490827,1013.1720470649798,1023.6531372070312,12600,0.0,0.0
2011-10-12 00:00:00+09:00,1006.1842222642734,1016.6653079128596,1006.1842222642734,1009.6779174804688,10000,0.0,0.0
2011-10-13 00:00:00+09:00,1013.1720960462416,1055.0964586412583,1009.6783991633234,1034.13427734375,14800,0.0,0.0
2011-10-14 00:00:00+09:00,1034.1339894261853,1034.1339894261853,1002.690726234173,1013.1718139648438,9000,0.0,0.0
2011-10-17 00:00:00+09:00,1037.6278381347656,1037.6278381347656,999.1971774631077,1006.1845703125,15400,0.0,0.0
2011-10-18 00:00:00+09:00,999.1971605679715,1002.6908569335938,995.7034642023492,1002.6908569335938,5000,0.0,0.0
2011-10-19 00:00:00+09:00,1020.159003129055,1020.159003129055,1002.690527048078,1009.6779174804688,4000,0.0,0.0
2011-10-20 00:00:00+09:00,1013.1718139648438,1013.1718139648438,1006.1844221443965,1013.1718139648438,11800,0.0,0.0
2011-10-21 00:00:00+09:00,1027.1466942356058,1027.1466942356058,1009.6782130411226,1020.1593017578125,12200,0.0,0.0
2011-10-24 00:00:00+09:00,1037.6278076171875,1044.6152002610743,1020.1593260074707,1037.6278076171875,11200,0.0,0.0
2011-10-25 00:00:00+09:00,1030.6404349730187,1037.6278277524968,1013.1719530243236,1016.6656494140625,17600,0.0,0.0
2011-10-26 00:00:00+09:00,1016.6656055189159,1027.1466942356058,995.7034280855362,1020.1593017578125,13200,0.0,0.0
2011-10-27 00:00:00+09:00,1013.1721398305085,1030.640625,1009.6784427966103,1030.640625,14000,0.0,0.0
2011-10-28 00:00:00+09:00,1041.121716101695,1048.1091101694915,1030.640625,1030.640625,22600,0.0,0.0
2011-10-31 00:00:00+09:00,1030.6406453450522,1065.577616373698,1030.6406453450522,1048.109130859375,24400,0.0,0.0
2011-11-01 00:00:00+09:00,1030.6404149733007,1048.1088965830177,1030.6404149733007,1037.6278076171875,6800,0.0,0.0
2011-11-02 00:00:00+09:00,1023.6530223294141,1041.121503939131,1023.6530223294141,1037.6278076171875,14400,0.0,0.0
2011-11-04 00:00:00+09:00,1044.61533443944,1044.61533443944,1016.6657602738362,1027.1468505859375,14400,0.0,0.0
2011-11-07 00:00:00+09:00,1030.6404149733007,1037.6278076171875,1013.1719333635838,1037.6278076171875,13800,0.0,0.0
2011-11-08 00:00:00+09:00,1037.627940898039,1037.627940898039,1023.6531538152371,1027.1468505859375,7000,0.0,0.0
2011-11-09 00:00:00+09:00,1030.6405804608319,1051.6027617583404,1013.1720960462416,1034.13427734375,15000,0.0,0.0
2011-11-10 00:00:00+09:00,1027.1467314929498,1027.1467314929498,995.7034642023492,1002.6908569335938,13000,0.0,0.0
2011-11-11 00:00:00+09:00,978.2350735896537,978.2350735896537,929.323319910171,932.8170166015625,39400,0.0,0.0
2011-11-14 00:00:00+09:00,943.2980619971432,943.2980619971432,915.3484897898204,936.3106689453125,24800,0.0,0.0
2011-11-15 00:00:00+09:00,918.8420862534467,929.3231746897978,890.8925170898439,890.8925170898438,23800,0.0,0.0
2011-11-16 00:00:00+09:00,904.867582447334,904.867582447334,876.9180046111229,897.8801879882812,29600,0.0,0.0
2011-11-17 00:00:00+09:00,883.9053918309959,887.3990890319089,845.4747226209527,869.9306030273438,64400,0.0,0.0
2011-11-18 00:00:00+09:00,848.9681910072884,859.4492797851562,845.4744947479992,859.4492797851562,21800,0.0,0.0
2011-11-21 00:00:00+09:00,852.4620361328125,855.9557330022093,828.006158047035,852.4620361328125,21400,0.0,0.0
2011-11-22 00:00:00+09:00,852.4619601993111,887.39892578125,852.4619601993111,887.39892578125,27400,0.0,0.0
2011-11-24 00:00:00+09:00,873.4241667247953,887.3989533923921,866.436773390997,880.4115600585938,20000,0.0,0.0
2011-11-25 00:00:00+09:00,869.9303323814119,890.8925090653013,869.9303323814119,876.917724609375,16000,0.0,0.0
2011-11-28 00:00:00+09:00,890.8924475381541,911.8546227743459,890.8924475381541,901.37353515625,33400,0.0,0.0
2011-11-29 00:00:00+09:00,901.3736642153208,915.3484497070311,901.3736642153208,915.3484497070312,9800,0.0,0.0
2011-11-30 00:00:00+09:00,908.361056961176,922.3358424528864,904.8673605882484,915.3484497070312,14800,0.0,0.0
2011-12-01 00:00:00+09:00,946.7919027586996,953.779296875,929.3234174679487,953.779296875,36000,0.0,0.0
2011-12-02 00:00:00+09:00,953.7789493438612,985.2222114101423,950.2852535587189,981.728515625,24800,0.0,0.0
2011-12-05 00:00:00+09:00,988.7161861082324,1034.1342441273384,988.7161861082324,1027.1468505859375,35600,0.0,0.0
2011-12-06 00:00:00+09:00,1027.1465548316903,1051.602425184826,1020.1591633022231,1041.121337890625,46200,0.0,0.0
2011-12-07 00:00:00+09:00,1037.6278119768415,1076.0584716796875,1037.6278119768415,1076.0584716796875,19800,0.0,0.0
2011-12-08 00:00:00+09:00,1072.5646882087954,1083.0457763671875,1051.602511892011,1083.0457763671875,25800,0.0,0.0
2011-12-09 00:00:00+09:00,1086.5396079777172,1114.4891798871117,1076.058518511694,1110.9954833984375,42800,0.0,0.0
2011-12-12 00:00:00+09:00,1114.4891903831845,1121.4765834263392,1093.5270112537203,1100.514404296875,23000,0.0,0.0
2011-12-13 00:00:00+09:00,1079.5519010622043,1114.4888557891366,1062.0834236987382,1107.50146484375,26600,0.0,0.0
2011-12-14 00:00:00+09:00,1114.4890482774777,1131.9575286580025,1093.526871820848,1121.4764404296875,31200,0.0,0.0
2011-12-15 00:00:00+09:00,1097.020856379056,1194.8443722345132,1097.020856379056,1184.36328125,84600,0.0,0.0
2011-12-16 00:00:00+09:00,1173.881991956361,1212.3126524073134,1163.400902742465,1180.869384765625,66400,0.0,0.0
2011-12-19 00:00:00+09:00,1170.388493270649,1184.36328125,1149.4263113016225,1184.36328125,49200,0.0,0.0
2011-12-20 00:00:00+09:00,1156.413553209616,1177.375732421875,1149.4261601388632,1177.375732421875,52800,0.0,0.0
2011-12-21 00:00:00+09:00,1187.8567048873024,1229.7810591774426,1184.3630086964574,1215.8062744140625,62400,0.0,0.0
2011-12-22 00:00:00+09:00,1215.8065421121162,1215.8065421121162,1180.8695725111934,1194.8443603515625,52000,0.0,0.0
2011-12-26 00:00:00+09:00,1205.3253047048868,1205.3253047048868,1166.8946428157456,1177.375732421875,48000,0.0,0.0
2011-12-27 00:00:00+09:00,1170.3883479918488,1170.3883479918488,1117.9828995743032,1128.4639892578125,62800,0.0,0.0
2011-12-28 00:00:00+09:00,1104.0081787109375,1117.9829657832279,1100.514481942865,1104.0081787109375,43800,0.0,0.0
2011-12-29 00:00:00+09:00,1107.501864346591,1121.476651278409,1097.0207741477273,1114.4892578125,36000,0.0,0.0
2011-12-30 00:00:00+09:00,1142.4386150303171,1191.3503600163247,1121.4764386077425,1170.38818359375,21400,0.0,0.0
2012-01-04 00:00:00+09:00,1173.8816428635387,1219.2996826171875,1170.3879474978733,1219.2996826171875,37600,0.0,0.0
2012-01-05 00:00:00+09:00,1191.3505859375,1191.3505859375,1124.9703480113635,1152.919921875,52600,0.0,0.0
2012-01-06 00:00:00+09:00,1145.9323385975845,1156.4134270603672,1128.4638578262798,1138.9449462890625,17600,0.0,0.0
2012-01-10 00:00:00+09:00,1180.86966121898,1264.7183945599725,1173.882266773897,1187.8570556640625,109000,0.0,0.0
2012-01-11 00:00:00+09:00,1191.3506995765297,1198.3380937089432,1159.9074259806682,1163.401123046875,25800,0.0,0.0
2012-01-12 00:00:00+09:00,1156.4136186079545,1156.4136186079545,1135.4514382102273,1152.919921875,31200,0.0,0.0
2012-01-13 00:00:00+09:00,1145.9323385975845,1152.9197309061062,1121.4764655177578,1138.9449462890625,47400,0.0,0.0
2012-01-16 00:00:00+09:00,1121.4764404296875,1124.9701365057924,1110.9953522013727,1121.4764404296875,29400,0.0,0.0
2012-01-17 00:00:00+09:00,1121.4766402155717,1135.451427009535,1121.4766402155717,1124.9703369140625,25600,0.0,0.0
2012-01-18 00:00:00+09:00,1131.9578857421875,1149.4263716332707,1128.464188563971,1131.9578857421875,22000,0.0,0.0
2012-01-19 00:00:00+09:00,1138.945211450859,1159.907393256703,1131.9578175155777,1156.4136962890625,39200,0.0,0.0
2012-01-20 00:00:00+09:00,1156.4135001174166,1198.3378566171416,1156.4135001174166,1191.3504638671875,77600,0.0,0.0
2012-01-23 00:00:00+09:00,1205.3254063553436,1254.2371619755604,1194.8443158652972,1198.3380126953125,72200,0.0,0.0
2012-01-24 00:00:00+09:00,1208.8189398107395,1264.7180815360916,1205.325243452905,1240.26220703125,83000,0.0,0.0
2012-01-25 00:00:00+09:00,1240.2620939774947,1240.2620939774947,1226.2873098200018,1229.781005859375,18800,0.0,0.0
2012-01-26 00:00:00+09:00,1219.2999801856884,1229.7810688405798,1205.3251953125,1205.3251953125,29200,0.0,0.0
2012-01-27 00:00:00+09:00,1229.7812605289757,1331.0984666521017,1208.8190799517772,1296.1614990234375,89600,0.0,0.0
2012-01-30 00:00:00+09:00,1324.1109828591027,1334.5920724331854,1285.6803210874666,1303.1488037109375,54600,0.0,0.0
2012-01-31 00:00:00+09:00,1275.1991747246414,1296.161352939293,1257.7306928790983,1278.69287109375,35800,0.0,0.0
2012-02-01 00:00:00+09:00,1261.2244431300717,1275.1992292035352,1243.7559605382426,1264.7181396484375,44800,0.0,0.0
2012-02-02 00:00:00+09:00,1247.249755859375,1261.2245430398723,1226.2875750886292,1247.249755859375,49000,0.0,0.0
2012-02-03 00:00:00+09:00,1264.7180815360916,1306.6424378301056,1236.7685106734154,1240.26220703125,38800,0.0,0.0
2012-02-06 00:00:00+09:00,1282.1865812087442,1317.1235452743776,1271.7054919890543,1306.6424560546875,64400,0.0,0.0
2012-02-07 00:00:00+09:00,1310.136331094278,1310.136331094278,1275.199362265097,1292.6678466796875,36800,0.0,0.0
2012-02-08 00:00:00+09:00,1292.667802260571,1313.6299828377696,1292.667802260571,1296.1614990234375,30800,0.0,0.0
2012-02-09 00:00:00+09:00,1299.655184659091,1303.1488813920455,1250.7434303977273,1268.2119140625,33800,0.0,0.0
2012-02-10 00:00:00+09:00,1261.2243405459972,1271.7054292485955,1236.7684669066011,1243.755859375,14600,0.0,0.0
2012-02-13 00:00:00+09:00,1299.6550968251331,1331.0983652967088,1285.680310837766,1313.6298828125,148400,0.0,0.0
2012-02-14 00:00:00+09:00,1324.111257918758,1348.567138671875,1320.6175606683128,1348.567138671875,93400,0.0,0.0
2012-02-15 00:00:00+09:00,1348.5665443821956,1355.5539358038652,1320.6169786955181,1327.6043701171875,67600,0.0,0.0
2012-02-16 00:00:00+09:00,1327.6047043199712,1369.5290634037597,1327.6047043199712,1359.0479736328125,57000,0.0,0.0
2012-02-17 00:00:00+09:00,1380.0101442550017,1418.4408065000775,1366.0353579840648,1407.959716796875,88400,0.0,0.0
2012-02-20 00:00:00+09:00,1432.4156938846654,1446.3904811420769,1421.934603441607,1428.9219970703125,49000,0.0,0.0
2012-02-21 00:00:00+09:00,1404.4660754669878,1414.947165582413,1373.0228051207118,1393.9849853515625,65800,0.0,0.0
2012-02-22 00:00:00+09:00,1400.9724225554899,1428.9219970703125,1393.985028926784,1428.9219970703125,63400,0.0,0.0
2012-02-23 00:00:00+09:00,1428.9217870856144,1439.4028759884427,1407.9596092799575,1435.9091796875,59600,0.0,0.0
2012-02-24 00:00:00+09:00,1414.9472442626954,1414.9472442626954,1362.5417907714846,1397.478759765625,93800,0.0,0.0
2012-02-27 00:00:00+09:00,1407.959883504839,1421.9346714304454,1383.504004635028,1404.4661865234375,76600,0.0,0.0
2012-02-28 00:00:00+09:00,1397.4784909018988,1397.4784909018988,1355.5541361748417,1380.010009765625,82800,0.0,0.0
2012-02-29 00:00:00+09:00,1380.0102752685548,1414.9472442626954,1369.5291845703125,1397.478759765625,65800,0.0,0.0
2012-03-01 00:00:00+09:00,1400.9723569516782,1428.9219301576968,1397.4786603009259,1414.9471435546875,55600,0.0,0.0
2012-03-02 00:00:00+09:00,1414.9471658846228,1439.4030428258386,1411.4534691787348,1432.4156494140625,80800,0.0,0.0
2012-03-05 00:00:00+09:00,1442.8963723812462,1505.7828970855137,1442.8963723812462,1481.3270263671875,136200,0.0,0.0
2012-03-06 00:00:00+09:00,1484.8214699933196,1484.8214699933196,1456.8718893816806,1470.8466796875,48600,0.0,0.0
2012-03-07 00:00:00+09:00,1432.4157041554256,1460.3652788706536,1421.9346136372153,1456.87158203125,60400,0.0,0.0
2012-03-08 00:00:00+09:00,1449.8842211156586,1481.3274933808175,1449.8842211156586,1463.8590087890625,44400,0.0,0.0
2012-03-09 00:00:00+09:00,1467.352606411638,1533.732843368355,1467.352606411638,1519.758056640625,106400,0.0,0.0
2012-03-12 00:00:00+09:00,1509.2769332780022,1533.7328095116736,1481.3273604395206,1512.7706298828125,57800,0.0,0.0
2012-03-13 00:00:00+09:00,1484.821057044331,1523.251719697243,1484.821057044331,1512.7706298828125,59800,0.0,0.0
2012-03-14 00:00:00+09:00,1523.2516109959608,1551.2011818399235,1509.2768255739795,1540.7200927734375,68200,0.0,0.0
2012-03-15 00:00:00+09:00,1523.251719697243,1533.7328095116736,1498.7958434635716,1512.7706298828125,46200,0.0,0.0
2012-03-16 00:00:00+09:00,1505.7831350858094,1505.7831350858094,1488.3146532402664,1491.808349609375,51400,0.0,0.0
2012-03-19 00:00:00+09:00,1477.833874511719,1502.289754231771,1453.3779947916669,1467.352783203125,53400,0.0,0.0
2012-03-21 00:00:00+09:00,1453.3777161394348,1460.3651090054898,1411.453358943105,1421.9344482421875,53800,0.0,0.0
2012-03-22 00:00:00+09:00,1432.4156494140625,1453.3778296493904,1407.959772472847,1432.4156494140625,50600,0.0,0.0
2012-03-23 00:00:00+09:00,1404.4664257348575,1474.340377263955,1397.4790305819479,1470.8466796875,50600,0.0,0.0
2012-03-26 00:00:00+09:00,1453.3778185532688,1477.833695307771,1439.4030318364105,1442.896728515625,42200,0.0,0.0
2012-03-27 00:00:00+09:00,1456.8713819063626,1463.858774625338,1435.9092037494365,1453.377685546875,50600,0.0,0.0
2012-03-28 00:00:00+09:00,1463.986158830406,1463.986158830406,1439.2327696714378,1453.3775634765625,53200,25.0,0.0
2012-03-29 00:00:00+09:00,1446.3051665740002,1463.986158830406,1421.551777415032,1453.3775634765625,46200,0.0,0.0
2012-03-30 00:00:00+09:00,1453.3776470903565,1492.2758322922882,1442.7690511261933,1481.667236328125,49800,0.0,0.0
2012-04-02 00:00:00+09:00,1463.9866624006722,1481.6676607388447,1446.3056640625,1446.3056640625,27800,0.0,0.0
2012-04-03 00:00:00+09:00,1446.3052708260457,1446.3052708260457,1421.5518798828125,1421.5518798828125,15400,0.0,0.0
2012-04-04 00:00:00+09:00,1421.551919540173,1425.0881183449992,1382.6537326870837,1393.2623291015625,28400,0.0,0.0
2012-04-05 00:00:00+09:00,1368.5088992901703,1442.7690721198694,1357.9003031716418,1421.5518798828125,37400,0.0,0.0
2012-04-06 00:00:00+09:00,1396.7985110592533,1396.7985110592533,1354.3641259131493,1361.4365234375,40200,0.0,0.0
2012-04-09 00:00:00+09:00,1354.3643462973296,1361.4367449725114,1333.147150271784,1336.683349609375,32000,0.0,0.0
2012-04-10 00:00:00+09:00,1326.074751596602,1350.8281469597387,1326.074751596602,1336.683349609375,31600,0.0,0.0
2012-04-11 00:00:00+09:00,1315.4659983453416,1329.6107940264744,1315.4659983453416,1319.002197265625,14400,0.0,0.0
2012-04-12 00:00:00+09:00,1326.074751596602,1340.219548946966,1322.538552259011,1336.683349609375,18400,0.0,0.0
2012-04-13 00:00:00+09:00,1336.683181640625,1354.3641761067709,1326.0745849609375,1326.0745849609375,17600,0.0,0.0
2012-04-16 00:00:00+09:00,1315.466064453125,1340.2194581390709,1308.3936662571405,1315.466064453125,13800,0.0,0.0
2012-04-17 00:00:00+09:00,1361.4364106101093,1368.5088075483436,1326.0744259189378,1354.364013671875,22000,0.0,0.0
2012-04-18 00:00:00+09:00,1357.9003149224807,1368.5089111328125,1357.9003149224807,1368.5089111328125,14200,0.0,0.0
2012-04-19 00:00:00+09:00,1343.7555692556366,1354.3641658550232,1326.0745749233256,1333.14697265625,13400,0.0,0.0
2012-04-20 00:00:00+09:00,1347.291728388799,1368.5089209618507,1326.074535815747,1361.4365234375,17800,0.0,0.0
2012-04-23 00:00:00+09:00,1361.4365533914288,1368.5089510713842,1333.1469626716068,1340.2193603515625,15000,0.0,0.0
2012-04-24 00:00:00+09:00,1322.538330078125,1326.0745288216494,1315.4659325910764,1322.538330078125,11600,0.0,0.0
2012-04-25 00:00:00+09:00,1326.0743148683562,1350.8277020792323,1326.0743148683562,1347.29150390625,9800,0.0,0.0
2012-04-26 00:00:00+09:00,1350.8279505190642,1350.8279505190642,1301.3211669921875,1301.3211669921875,20200,0.0,0.0
2012-04-27 00:00:00+09:00,1297.7849316137224,1304.8573290612087,1280.1039379950068,1283.64013671875,14000,0.0,0.0
2012-05-01 00:00:00+09:00,1283.6401092872193,1283.6401092872193,1244.7419241573034,1258.88671875,14200,0.0,0.0
2012-05-02 00:00:00+09:00,1273.0315601061977,1273.0315601061977,1251.8143674377611,1269.495361328125,13400,0.0,0.0
2012-05-07 00:00:00+09:00,1219.9884416852678,1248.2780287388393,1219.9884416852678,1237.66943359375,10800,0.0,0.0
2012-05-08 00:00:00+09:00,1244.7419241573034,1273.0315133426966,1237.669526860955,1258.88671875,15200,0.0,0.0
2012-05-09 00:00:00+09:00,1251.8145088303256,1262.423106362786,1248.278309652839,1255.3507080078125,23400,0.0,0.0
2012-05-10 00:00:00+09:00,1241.2060432758278,1248.2784423828125,1237.6698437223354,1248.2784423828125,10400,0.0,0.0
2012-05-11 00:00:00+09:00,1230.5973565269273,1273.031748131304,1227.0611572265625,1227.0611572265625,22800,0.0,0.0
2012-05-14 00:00:00+09:00,1227.0611168699838,1308.393698103441,1227.0611168699838,1294.2489013671875,26800,0.0,0.0
2012-05-15 00:00:00+09:00,1262.4231262207031,1262.4231262207031,1188.1629423253676,1202.3077392578125,39600,0.0,0.0
2012-05-16 00:00:00+09:00,1181.090351266572,1198.7713445490058,1166.945556640625,1166.945556640625,27400,0.0,0.0
2012-05-17 00:00:00+09:00,1163.409201717941,1212.91597625913,1138.6558144473465,1195.2349853515625,36400,0.0,0.0
2012-05-18 00:00:00+09:00,1166.9454616970486,1174.0178584346065,1145.728271484375,1145.728271484375,14200,0.0,0.0
2012-05-21 00:00:00+09:00,1163.4092542028134,1166.9454525438555,1135.1196674744776,1152.8006591796875,11400,0.0,0.0
2012-05-22 00:00:00+09:00,1149.2644608386454,1159.8730558617715,1138.6558658155195,1152.8006591796875,14600,0.0,0.0
2012-05-23 00:00:00+09:00,1142.1923934444303,1149.2647921654486,1075.004605594758,1096.2218017578125,37000,0.0,0.0
2012-05-24 00:00:00+09:00,1110.3664801766938,1149.2646689726928,1099.7578832323306,1135.119873046875,27400,0.0,0.0
2012-05-25 00:00:00+09:00,1128.04738265749,1128.04738265749,1099.75779312376,1113.902587890625,16600,0.0,0.0
2012-05-28 00:00:00+09:00,1110.3664859920352,1110.3664859920352,1078.5406949922635,1089.1492919921875,18600,0.0,0.0
2012-05-29 00:00:00+09:00,1075.0043849571077,1085.6129808612898,1067.9319876876532,1082.0767822265625,33400,0.0,0.0
2012-05-30 00:00:00+09:00,1106.8301704130977,1184.6265402184913,1089.1491772755082,1174.0179443359375,66400,0.0,0.0
2012-05-31 00:00:00+09:00,1152.8007790894635,1205.8437597224142,1152.8007790894635,1198.7713623046875,79400,0.0,0.0
2012-06-01 00:00:00+09:00,1198.7715055095616,1198.7715055095616,1177.5543107217818,1184.626708984375,37400,0.0,0.0
2012-06-04 00:00:00+09:00,1170.4817538692375,1216.4523363474855,1170.4817538692375,1212.9161376953125,36600,0.0,0.0
2012-06-05 00:00:00+09:00,1216.4525170554577,1265.959305540273,1216.4525170554577,1255.3507080078125,44400,0.0,0.0
2012-06-06 00:00:00+09:00,1269.4952033352138,1304.8571867150247,1227.0608232794407,1297.7847900390625,47000,0.0,0.0
2012-06-07 00:00:00+09:00,1322.5383275547078,1386.189904816699,1315.4659300811531,1368.5089111328125,48800,0.0,0.0
2012-06-08 00:00:00+09:00,1368.5086929441436,1368.5086929441436,1329.6105130413384,1347.29150390625,37600,0.0,0.0
2012-06-11 00:00:00+09:00,1343.7555199753715,1372.0451098695899,1340.2193212385941,1368.5089111328125,18000,0.0,0.0
2012-06-12 00:00:00+09:00,1340.2192197954064,1357.9002121409922,1340.2192197954064,1354.364013671875,14000,0.0,0.0
2012-06-13 00:00:00+09:00,1354.3641493424125,1354.3641493424125,1301.3211669921875,1301.3211669921875,19400,0.0,0.0
2012-06-14 00:00:00+09:00,1301.32128341763,1301.32128341763,1202.307707505419,1223.52490234375,47400,0.0,0.0
2012-06-15 00:00:00+09:00,1251.814293287077,1304.8572718161904,1244.7418961498618,1280.1038818359375,47000,0.0,0.0
2012-06-18 00:00:00+09:00,1280.1040837468329,1308.3936767578125,1280.1040837468329,1308.3936767578125,17600,0.0,0.0
2012-06-19 00:00:00+09:00,1280.1041925911097,1290.7127908722516,1276.5679931640625,1276.5679931640625,19000,0.0,0.0
2012-06-20 00:00:00+09:00,1287.176447452911,1294.248845515839,1273.0316513270548,1290.712646484375,23400,0.0,0.0
2012-06-21 00:00:00+09:00,1301.3214398734178,1400.3350276898734,1301.3214398734178,1396.798828125,50800,0.0,0.0
2012-06-22 00:00:00+09:00,1368.5088267423669,1389.7260178546517,1364.972628223653,1386.1898193359375,16800,0.0,0.0
2012-06-25 00:00:00+09:00,1407.4070773307626,1407.4070773307626,1368.5088917763946,1382.6536865234375,10800,0.0,0.0
2012-06-26 00:00:00+09:00,1357.9000984251968,1364.9724947711613,1329.6105130413384,1347.29150390625,24400,0.0,0.0
2012-06-27 00:00:00+09:00,1372.045431170886,1414.479825949367,1372.045431170886,1396.798828125,28000,0.0,0.0
2012-06-28 00:00:00+09:00,1407.4071367703953,1478.1311134925256,1407.4071367703953,1471.0587158203125,70000,0.0,0.0
2012-06-29 00:00:00+09:00,1467.5224609375,1502.8844479480422,1463.9862622364458,1467.5224609375,48200,0.0,0.0
2012-07-02 00:00:00+09:00,1474.594908311632,1481.6673059534144,1428.6243236400462,1432.1605224609375,43400,0.0,0.0
2012-07-03 00:00:00+09:00,1414.4795422676282,1421.5519399789664,1372.0451559995993,1379.1175537109375,48600,0.0,0.0
2012-07-04 00:00:00+09:00,1386.1901633522727,1410.9435591264205,1357.9005681818182,1400.3349609375,41400,0.0,0.0
2012-07-05 00:00:00+09:00,1421.552225079114,1421.552225079114,1396.798828125,1396.798828125,14000,0.0,0.0
2012-07-06 00:00:00+09:00,1396.7984889395796,1428.6242772951648,1393.2622902334033,1421.5518798828125,27000,0.0,0.0
2012-07-09 00:00:00+09:00,1403.871160333807,1421.552157315341,1396.7987615411932,1400.3349609375,9000,0.0,0.0
2012-07-10 00:00:00+09:00,1400.3348011136377,1414.4795970844825,1364.9728111865256,1384.1029052734375,12200,0.0,0.0
2012-07-11 00:00:00+09:00,1364.9724371659129,1364.9724371659129,1315.4656648334706,1343.7552490234375,28200,0.0,0.0
2012-07-12 00:00:00+09:00,1347.2917187121488,1379.1175073431446,1315.4659300811531,1368.5089111328125,31400,0.0,0.0
2012-07-13 00:00:00+09:00,1368.5091663707387,1414.4797585227273,1364.972966974432,1400.3349609375,24200,0.0,0.0
2012-07-17 00:00:00+09:00,1393.2622163733658,1396.79841489208,1368.5088267423669,1386.1898193359375,16200,0.0,0.0
2012-07-18 00:00:00+09:00,1368.5088917763946,1382.6536865234375,1368.5088917763946,1382.6536865234375,9400,0.0,0.0
2012-07-19 00:00:00+09:00,1396.7986293773556,1432.1606199945038,1396.7986293773556,1407.4072265625,18400,0.0,0.0
2012-07-20 00:00:00+09:00,1407.4073597301137,1410.9435591264205,1382.653963955966,1400.3349609375,18200,0.0,0.0
2012-07-23 00:00:00+09:00,1375.5812237797952,1393.2622163733658,1368.5088267423669,1386.1898193359375,41200,0.0,0.0
2012-07-24 00:00:00+09:00,1372.0451663876247,1379.1175641525094,1336.6831775632015,1358.0191650390625,13800,0.0,0.0
2012-07-25 00:00:00+09:00,1354.3641557114734,1354.3641557114734,1329.6107638316291,1340.2193603515625,14000,0.0,0.0
2012-07-26 00:00:00+09:00,1340.2191908816073,1340.2191908816073,1258.8866278465757,1329.610595703125,30000,0.0,0.0
2012-07-27 00:00:00+09:00,1294.24874012993,1322.538330078125,1283.6401438993566,1322.538330078125,17000,0.0,0.0
2012-07-30 00:00:00+09:00,1308.3936005047753,1319.002197265625,1290.7126059033594,1319.002197265625,10400,0.0,0.0
2012-07-31 00:00:00+09:00,1315.4658957380589,1319.002094382516,1290.7125052268589,1304.8572998046875,8800,0.0,0.0
2012-08-01 00:00:00+09:00,1297.7849025157732,1304.8572998046875,1280.1039092934875,1304.8572998046875,5200,0.0,0.0
2012-08-02 00:00:00+09:00,1301.3211828580902,1340.2193703891744,1294.2487851251658,1333.14697265625,18800,0.0,0.0
2012-08-03 00:00:00+09:00,1304.8574989193776,1311.9298972875042,1280.104104630934,1294.2489013671875,14200,0.0,0.0
2012-08-06 00:00:00+09:00,1311.9298653551327,1319.0022635511173,1294.2488698651714,1315.466064453125,3800,0.0,0.0
2012-08-07 00:00:00+09:00,1308.3932687859788,1347.2914470471835,1308.3932687859788,1343.7552490234375,4400,0.0,0.0
2012-08-08 00:00:00+09:00,1329.6109042324863,1368.5090955797132,1283.6403144584906,1287.176513671875,14800,0.0,0.0
2012-08-09 00:00:00+09:00,1283.64013671875,1283.64013671875,1262.4229443762913,1283.64013671875,11200,0.0,0.0
2012-08-10 00:00:00+09:00,1265.9592948507527,1276.567892293636,1248.2782991126137,1262.423095703125,10800,0.0,0.0
2012-08-13 00:00:00+09:00,1138.65624853369,1202.307840066629,1060.8598588823197,1177.554443359375,87600,0.0,0.0
2012-08-14 00:00:00+09:00,1181.0905098530784,1205.8439037721548,1174.018111590485,1184.626708984375,26200,0.0,0.0
2012-08-15 00:00:00+09:00,1205.8436481584822,1237.66943359375,1205.8436481584822,1237.66943359375,16400,0.0,0.0
2012-08-16 00:00:00+09:00,1230.5971747693245,1276.5677588842705,1230.5971747693245,1269.495361328125,19400,0.0,0.0
2012-08-17 00:00:00+09:00,1248.2783530287509,1251.8145523291157,1219.988758625833,1227.0611572265625,18600,0.0,0.0
2012-08-20 00:00:00+09:00,1227.0611572265625,1241.2059544280214,1227.0611572265625,1227.0611572265625,10400,0.0,0.0
2012-08-21 00:00:00+09:00,1227.0609991062454,1227.0609991062454,1205.8438060381259,1209.3800048828125,18000,0.0,0.0
2012-08-22 00:00:00+09:00,1191.698940958421,1198.7713382341387,1166.9455504934094,1180.06591796875,32600,0.0,0.0
2012-08-23 00:00:00+09:00,1188.1627903865299,1195.2351879483545,1174.0179952628807,1180.856689453125,61400,0.0,0.0
2012-08-24 00:00:00+09:00,1177.554443359375,1184.6268424185905,1166.9458447705517,1177.554443359375,26200,0.0,0.0
2012-08-27 00:00:00+09:00,1184.626708984375,1212.916302034748,1184.626708984375,1184.626708984375,21200,0.0,0.0
2012-08-28 00:00:00+09:00,1188.1631257347178,1191.6993255136904,1113.9029303762982,1128.0477294921875,43800,0.0,0.0
2012-08-29 00:00:00+09:00,1135.119937044903,1156.3371321298544,1089.1493476941748,1092.685546875,34200,0.0,0.0
2012-08-30 00:00:00+09:00,1085.6131485133496,1096.2217460558254,1085.6131485133496,1092.685546875,18400,0.0,0.0
2012-08-31 00:00:00+09:00,1082.0769493325245,1096.2217460558254,1082.0769493325245,1092.685546875,8400,0.0,0.0
2012-09-03 00:00:00+09:00,1082.0767996651784,1120.9749852740574,1082.0767996651784,1113.902587890625,12600,0.0,0.0
2012-09-04 00:00:00+09:00,1120.9750829919592,1131.5836799918832,1078.5406949922635,1089.1492919921875,26600,0.0,0.0
2012-09-05 00:00:00+09:00,1082.076852458797,1082.076852458797,1029.0338694951306,1032.570068359375,24600,0.0,0.0
2012-09-06 00:00:00+09:00,1032.5702124701606,1036.106411827935,1018.4254150390625,1018.4254150390625,9400,0.0,0.0
2012-09-07 00:00:00+09:00,1036.1062928309425,1039.6424917825839,1014.8890991210938,1014.8890991210938,19600,0.0,0.0
2012-09-10 00:00:00+09:00,1018.4253177966102,1043.1787109375,1018.4253177966102,1043.1787109375,13200,0.0,0.0
2012-09-11 00:00:00+09:00,1043.1786751582704,1043.1786751582704,1014.8890839675378,1025.4976806640625,16400,0.0,0.0
2012-09-12 00:00:00+09:00,1021.9614619040976,1043.1786548848056,1021.9614619040976,1039.6424560546875,16400,0.0,0.0
2012-09-13 00:00:00+09:00,1036.1062672236194,1036.1062672236194,1025.497670630886,1032.570068359375,26000,0.0,0.0
2012-09-14 00:00:00+09:00,1057.3233917834712,1089.149179496017,1057.3233917834712,1082.0767822265625,25200,0.0,0.0
2012-09-18 00:00:00+09:00,1078.540804955267,1117.438997920867,1071.468406234249,1096.2218017578125,25200,0.0,0.0
2012-09-19 00:00:00+09:00,1096.2216495562202,1131.5836382515822,1092.6854506866841,1117.4388427734375,25800,0.0,0.0
2012-09-20 00:00:00+09:00,1099.7579009204317,1209.380071108642,1099.7579009204317,1205.8438720703125,88400,0.0,0.0
2012-09-21 00:00:00+09:00,1212.9162343343098,1301.3212076822915,1195.2352396647134,1273.0316162109375,186000,0.0,0.0
2012-09-24 00:00:00+09:00,1265.9590114246714,1269.4952097806063,1237.6694245771928,1244.7418212890625,53600,0.0,0.0
2012-09-25 00:00:00+09:00,1227.0610300699868,1273.0316162109375,1219.9886322021484,1273.0316162109375,44000,0.0,0.0
2012-09-26 00:00:00+09:00,1265.9591075067935,1265.9591075067935,1212.9161281419838,1219.988525390625,33200,0.0,0.0
2012-09-27 00:00:00+09:00,1205.8437403909666,1219.9885349996584,1184.6265484779292,1212.9161376953125,25600,0.0,0.0
2012-09-28 00:00:00+09:00,1223.5247240149456,1262.422908882473,1202.3075322690217,1219.988525390625,29200,0.0,0.0
2012-10-01 00:00:00+09:00,1216.4523267663044,1234.1333198879076,1195.2351350203805,1219.988525390625,26000,0.0,0.0
2012-10-02 00:00:00+09:00,1223.5249327685697,1223.5249327685697,1163.4095458984375,1163.4095458984375,27400,0.0,0.0
2012-10-03 00:00:00+09:00,1149.2646223344143,1163.4094176862225,1120.975031630798,1124.51123046875,32800,0.0,0.0
2012-10-04 00:00:00+09:00,1142.1920641565616,1159.8730558617715,1142.1920641565616,1152.8006591796875,24400,0.0,0.0
2012-10-05 00:00:00+09:00,1138.6563288291047,1149.2649281660217,1113.9029303762982,1128.0477294921875,27400,0.0,0.0
2012-10-09 00:00:00+09:00,1120.9750416429736,1159.8732292078719,1113.9026439039012,1117.4388427734375,35200,0.0,0.0
2012-10-10 00:00:00+09:00,1103.2942460420115,1117.4390440681912,1064.3960514700175,1067.9322509765625,40800,0.0,0.0
2012-10-11 00:00:00+09:00,1046.7150651041666,1075.0046614583332,1046.7150651041666,1060.85986328125,45000,0.0,0.0
2012-10-12 00:00:00+09:00,1060.8598617112139,1110.3666552577372,1060.8598617112139,1099.758056640625,90000,0.0,0.0
2012-10-15 00:00:00+09:00,1124.5111451244627,1248.2780950595452,1120.9749465548891,1234.13330078125,357200,0.0,0.0
2012-10-16 00:00:00+09:00,1223.5247050725288,1258.8866907682666,1212.9161093638074,1234.13330078125,194000,0.0,0.0
2012-10-17 00:00:00+09:00,1273.0317937370153,1340.2195828509134,1258.8869960288262,1276.5679931640625,382200,0.0,0.0
2012-10-18 00:00:00+09:00,1283.6401728754458,1315.4659622855809,1262.4229799353557,1301.3211669921875,206800,0.0,0.0
2012-10-19 00:00:00+09:00,1304.8573290612087,1329.6107201274106,1255.3505469288052,1283.64013671875,222200,0.0,0.0
2012-10-22 00:00:00+09:00,1265.958892501028,1354.3638430946753,1265.958892501028,1343.7552490234375,279400,0.0,0.0
2012-10-23 00:00:00+09:00,1361.436239142167,1361.436239142167,1319.0018628572163,1343.7552490234375,149400,0.0,0.0
2012-10-24 00:00:00+09:00,1326.0743973102974,1340.2191908816073,1319.0020005246424,1329.610595703125,89200,0.0,0.0
2012-10-25 00:00:00+09:00,1333.1470706424197,1340.2194688951647,1283.6402828732053,1308.3936767578125,101000,0.0,0.0
2012-10-26 00:00:00+09:00,1308.3937089521805,1322.5385058057177,1280.1041152451064,1287.176513671875,95600,0.0,0.0
2012-10-29 00:00:00+09:00,1280.1039009307349,1294.2486954161573,1251.81431195989,1265.9591064453125,88600,0.0,0.0
2012-10-30 00:00:00+09:00,1248.278254104873,1287.1764433262713,1248.278254104873,1251.814453125,136400,0.0,0.0
2012-10-31 00:00:00+09:00,1265.9590049972326,1308.3933850530059,1265.9590049972326,1297.7847900390625,109400,0.0,0.0
2012-11-01 00:00:00+09:00,1294.2488802523226,1319.0022741369298,1294.2488802523226,1308.3936767578125,54000,0.0,0.0
2012-11-02 00:00:00+09:00,1308.3936106226836,1322.538406413199,1283.6402179892816,1311.9298095703125,55600,0.0,0.0
2012-11-05 00:00:00+09:00,1308.393698103441,1308.393698103441,1290.712702183124,1294.2489013671875,31800,0.0,0.0
2012-11-06 00:00:00+09:00,1287.1762981734462,1287.1762981734462,1265.9591064453125,1265.9591064453125,31800,0.0,0.0
2012-11-07 00:00:00+09:00,1269.4953418237776,1290.7125341662363,1265.9591431000345,1283.64013671875,28400,0.0,0.0
2012-11-08 00:00:00+09:00,1262.4229637719795,1287.1763552184889,1255.3505662158339,1269.495361328125,36200,0.0,0.0
2012-11-09 00:00:00+09:00,1255.3508414897974,1258.8870410432896,1241.2060432758278,1248.2784423828125,46400,0.0,0.0
2012-11-12 00:00:00+09:00,1244.742092483108,1319.0022741369298,1237.6696942303631,1308.3936767578125,84800,0.0,0.0
2012-11-13 00:00:00+09:00,1301.32110252809,1304.8573011762642,1237.669526860955,1258.88671875,62000,0.0,0.0
2012-11-14 00:00:00+09:00,1255.3506838042163,1255.3506838042163,1227.061090929755,1230.5972900390625,35800,0.0,0.0
2012-11-15 00:00:00+09:00,1219.9886172041934,1258.8868049991097,1219.9886172041934,1241.205810546875,39000,0.0,0.0
2012-11-16 00:00:00+09:00,1241.2060432758278,1251.814641936305,1230.5974446153507,1248.2784423828125,45000,0.0,0.0
2012-11-19 00:00:00+09:00,1269.4953418237776,1290.7125341662363,1269.4953418237776,1283.64013671875,41600,0.0,0.0
2012-11-20 00:00:00+09:00,1262.4229078239568,1276.5677023093792,1255.3505105812455,1265.9591064453125,34400,0.0,0.0
2012-11-21 00:00:00+09:00,1269.4953146945224,1283.6401092872193,1237.669526860955,1258.88671875,38000,0.0,0.0
2012-11-22 00:00:00+09:00,1273.0315405475208,1283.64013671875,1262.4229443762913,1283.64013671875,33000,0.0,0.0
2012-11-26 00:00:00+09:00,1294.2489902992988,1304.8575885804407,1273.0317937370153,1276.5679931640625,35600,0.0,0.0
2012-11-27 00:00:00+09:00,1287.1764819995776,1311.9298758841849,1280.1040837468329,1308.3936767578125,52800,0.0,0.0
2012-11-28 00:00:00+09:00,1287.1763079353934,1287.1763079353934,1251.8143214536517,1258.88671875,40400,0.0,0.0
2012-11-29 00:00:00+09:00,1269.4954761792255,1333.1470599430863,1265.9592770812333,1315.466064453125,93800,0.0,0.0
2012-11-30 00:00:00+09:00,1326.0744916714302,1326.0744916714302,1297.7849025157732,1304.8572998046875,43000,0.0,0.0
2012-12-03 00:00:00+09:00,1315.4660964715677,1315.4660964715677,1287.1765029990609,1294.2489013671875,30400,0.0,0.0
2012-12-04 00:00:00+09:00,1290.7124967948018,1290.7124967948018,1258.8867092026012,1265.9591064453125,38200,0.0,0.0
2012-12-05 00:00:00+09:00,1265.9592183430989,1287.1764119466145,1265.9592183430989,1273.0316162109375,22000,0.0,0.0
2012-12-06 00:00:00+09:00,1276.5677023093792,1283.6400995520905,1251.81431195989,1265.9591064453125,34400,0.0,0.0
2012-12-07 00:00:00+09:00,1280.1041925911097,1280.1041925911097,1265.9593948829208,1276.5679931640625,21800,0.0,0.0
2012-12-10 00:00:00+09:00,1280.104014078776,1280.104014078776,1265.9592183430989,1273.0316162109375,15800,0.0,0.0
2012-12-11 00:00:00+09:00,1276.5677023093792,1276.5677023093792,1255.3505105812455,1265.9591064453125,15200,0.0,0.0
2012-12-12 00:00:00+09:00,1280.1041925911097,1283.6403920181572,1273.0317937370153,1276.5679931640625,26400,0.0,0.0
2012-12-13 00:00:00+09:00,1287.1763065824016,1308.3934984491445,1283.6401079379445,1304.8572998046875,30600,0.0,0.0
2012-12-14 00:00:00+09:00,1290.7127908722516,1290.7127908722516,1262.4231954558734,1276.5679931640625,54800,0.0,0.0
2012-12-17 00:00:00+09:00,1294.2488989601673,1297.785098137654,1255.3507080078125,1255.3507080078125,30400,0.0,0.0
2012-12-18 00:00:00+09:00,1276.567916031722,1290.7127128852592,1265.9593183915692,1287.176513671875,33600,0.0,0.0
2012-12-19 00:00:00+09:00,1294.2486954161573,1297.784894037513,1262.4229078239568,1265.9591064453125,56200,0.0,0.0
2012-12-20 00:00:00+09:00,1262.4230501853815,1269.4954482256355,1248.278254104873,1251.814453125,40800,0.0,0.0
2012-12-21 00:00:00+09:00,1265.9590875615072,1287.1762789731526,1262.4228889928995,1280.1038818359375,48600,0.0,0.0
2012-12-25 00:00:00+09:00,1294.248607700893,1294.248607700893,1234.1332352120537,1237.66943359375,71000,0.0,0.0
2012-12-26 00:00:00+09:00,1248.2781133385342,1265.9591064453125,1241.2057160958232,1265.9591064453125,35000,0.0,0.0
2012-12-27 00:00:00+09:00,1269.495219029018,1269.495219029018,1237.66943359375,1237.66943359375,43200,0.0,0.0
2012-12-28 00:00:00+09:00,1244.7418964899714,1248.2780950595452,1230.5971022116762,1234.13330078125,27200,0.0,0.0
2013-01-04 00:00:00+09:00,1269.4955070787441,1297.785100551251,1251.8145111584272,1294.2489013671875,62400,0.0,0.0
2013-01-07 00:00:00+09:00,1304.8572718161904,1308.3934703847979,1269.4952861301147,1280.1038818359375,49400,0.0,0.0
2013-01-08 00:00:00+09:00,1280.1040837468329,1311.9298758841849,1280.1040837468329,1308.3936767578125,40400,0.0,0.0
2013-01-09 00:00:00+09:00,1287.176447452911,1301.3212435787673,1280.104049389983,1290.712646484375,24000,0.0,0.0
2013-01-10 00:00:00+09:00,1308.393698103441,1311.9298972875042,1287.1765029990609,1294.2489013671875,38800,0.0,0.0
2013-01-11 00:00:00+09:00,1301.321310525412,1301.321310525412,1283.6403144584906,1287.176513671875,31800,0.0,0.0
2013-01-15 00:00:00+09:00,1294.248703871316,1311.9296970936018,1280.1039092934875,1304.8572998046875,53400,0.0,0.0
2013-01-16 00:00:00+09:00,1304.8574989193776,1308.393698103441,1290.712702183124,1294.2489013671875,50400,0.0,0.0
2013-01-17 00:00:00+09:00,1290.7127128852592,1304.8575097387964,1280.1041152451064,1287.176513671875,21000,0.0,0.0
2013-01-18 00:00:00+09:00,1290.712646484375,1304.8574426102311,1280.104049389983,1290.712646484375,28200,0.0,0.0
2013-01-21 00:00:00+09:00,1294.2489120986436,1304.8575097387964,1280.1041152451064,1287.176513671875,31600,0.0,0.0
2013-01-22 00:00:00+09:00,1294.2487693454907,1326.0745587556257,1294.2487693454907,1301.3211669921875,59400,0.0,0.0
2013-01-23 00:00:00+09:00,1308.393698103441,1311.9298972875042,1287.1765029990609,1294.2489013671875,54400,0.0,0.0
2013-01-24 00:00:00+09:00,1283.6401438993566,1322.538330078125,1283.6401438993566,1322.538330078125,37600,0.0,0.0
2013-01-25 00:00:00+09:00,1326.0743481262664,1418.0155029296875,1322.5381498645963,1418.0155029296875,204200,0.0,0.0
2013-01-28 00:00:00+09:00,1414.4796246859296,1421.5520228093594,1386.190032192211,1407.4072265625,116400,0.0,0.0
2013-01-29 00:00:00+09:00,1396.7985110592533,1396.7985110592533,1354.3641259131493,1361.4365234375,58600,0.0,0.0
2013-01-30 00:00:00+09:00,1357.9006329113924,1403.8712272547468,1333.1472359572786,1396.798828125,85200,0.0,0.0
2013-01-31 00:00:00+09:00,1393.2622825837198,1393.2622825837198,1361.4364944028732,1382.6536865234375,42600,0.0,0.0
2013-02-01 00:00:00+09:00,1379.1175172483768,1393.262312297078,1361.4365234375,1361.4365234375,36600,0.0,0.0
2013-02-04 00:00:00+09:00,1372.0451098695899,1396.7985010270309,1361.436513659258,1368.5089111328125,40000,0.0,0.0
2013-02-05 00:00:00+09:00,1372.0451705729167,1375.5813694661458,1322.5383860677084,1326.0745849609375,59200,0.0,0.0
2013-02-06 00:00:00+09:00,1340.219648271331,1357.9006462696334,1336.6834486716705,1350.8282470703125,22600,0.0,0.0
2013-02-07 00:00:00+09:00,1343.7553892744347,1350.8277860600897,1319.0020005246424,1329.610595703125,32600,0.0,0.0
2013-02-08 00:00:00+09:00,1340.219323795747,1340.219323795747,1304.857336360503,1322.538330078125,46600,0.0,0.0
2013-02-12 00:00:00+09:00,1311.929522176427,1357.9000984251968,1308.3933240034448,1347.29150390625,61600,0.0,0.0
2013-02-13 00:00:00+09:00,1361.4366045070967,1403.8709921800453,1354.3642065616054,1389.7261962890625,94400,0.0,0.0
2013-02-14 00:00:00+09:00,1386.1899147727274,1386.1899147727274,1357.9003246753248,1361.4365234375,38400,0.0,0.0
2013-02-15 00:00:00+09:00,1347.2918563350554,1347.2918563350554,1287.1764716691869,1315.466064453125,35800,0.0,0.0
2013-02-18 00:00:00+09:00,1319.0022074655703,1326.074605360828,1308.3936106226836,1311.9298095703125,44200,0.0,0.0
2013-02-19 00:00:00+09:00,1326.0745849609375,1329.6107838541666,1315.46598828125,1326.0745849609375,17600,0.0,0.0
2013-02-20 00:00:00+09:00,1333.146982747396,1347.2917783203125,1322.5383860677084,1326.0745849609375,23400,0.0,0.0
2013-02-21 00:00:00+09:00,1343.7555199753715,1375.5813086063672,1333.1469237650397,1368.5089111328125,40800,0.0,0.0
2013-02-22 00:00:00+09:00,1368.508778024227,1368.508778024227,1315.465802131815,1329.610595703125,49400,0.0,0.0
2013-02-25 00:00:00+09:00,1357.900041118421,1357.900041118421,1343.7552490234375,1343.7552490234375,28200,0.0,0.0
2013-02-26 00:00:00+09:00,1333.1469626716068,1357.900354551451,1322.5383661516737,1340.2193603515625,29000,0.0,0.0
2013-02-27 00:00:00+09:00,1333.1470599430863,1336.6832590410786,1315.466064453125,1315.466064453125,19000,0.0,0.0
2013-02-28 00:00:00+09:00,1322.538552259011,1347.2919476221477,1319.0023529214202,1336.683349609375,28400,0.0,0.0
2013-03-01 00:00:00+09:00,1343.7558346518988,1400.3350276898734,1343.7558346518988,1396.798828125,61000,0.0,0.0
2013-03-04 00:00:00+09:00,1400.3347098214288,1400.3347098214288,1357.9003246753248,1361.4365234375,34000,0.0,0.0
2013-03-05 00:00:00+09:00,1372.045431170886,1400.3350276898734,1368.5092316060127,1396.798828125,62000,0.0,0.0
2013-03-06 00:00:00+09:00,1400.3349389648438,1414.479736328125,1393.2625402832032,1414.479736328125,46600,0.0,0.0
2013-03-07 00:00:00+09:00,1414.4793046680174,1446.305089023048,1407.4069081446773,1418.0155029296875,72200,0.0,0.0
2013-03-08 00:00:00+09:00,1425.0882909438187,1449.8416855755972,1425.0882909438187,1442.769287109375,68800,0.0,0.0
2013-03-11 00:00:00+09:00,1460.450286723292,1531.1742715525072,1460.450286723292,1520.565673828125,81600,0.0,0.0
2013-03-12 00:00:00+09:00,1531.1741839529454,1570.0723733836207,1527.6379849137932,1538.24658203125,73400,0.0,0.0
2013-03-13 00:00:00+09:00,1541.7827707111699,1577.1447608650958,1531.1741736649922,1545.3189697265625,64600,0.0,0.0
2013-03-14 00:00:00+09:00,1545.3190835882424,1633.724065486883,1545.3190835882424,1630.1878662109375,97000,0.0,0.0
2013-03-15 00:00:00+09:00,1647.8684376238768,1761.0267852718684,1640.7960408958775,1672.621826171875,192000,0.0,0.0
2013-03-18 00:00:00+09:00,1644.3325252026584,1654.9411221394498,1594.8257394976322,1598.3619384765625,59800,0.0,0.0
2013-03-19 00:00:00+09:00,1594.8255143846786,1616.0427052634104,1573.6083235059466,1584.2169189453125,39200,0.0,0.0
2013-03-21 00:00:00+09:00,1616.0432308799343,1686.7672234786185,1616.0432308799343,1679.69482421875,45200,0.0,0.0
2013-03-22 00:00:00+09:00,1683.2303786057691,1683.2303786057691,1608.97021484375,1608.97021484375,67800,0.0,0.0
2013-03-25 00:00:00+09:00,1630.1878648546008,1630.1878648546008,1591.2896728515627,1591.2896728515625,44600,0.0,0.0
2013-03-26 00:00:00+09:00,1573.6082946362137,1573.6082946362137,1538.2463104870853,1559.4635009765625,40800,0.0,0.0
2013-03-27 00:00:00+09:00,1570.2934321898078,1671.3697910434046,1570.2934321898078,1649.7105712890625,31400,45.0,0.0
2013-03-28 00:00:00+09:00,1628.051198162828,1628.051198162828,1584.7327627349923,1599.1722412109375,33000,0.0,0.0
2013-03-29 00:00:00+09:00,1584.7327610231794,1595.5623698684403,1498.095890261092,1530.584716796875,63200,0.0,0.0
2013-04-01 00:00:00+09:00,1483.656185768489,1490.8759238987493,1436.7278879217972,1447.5574951171875,75800,0.0,0.0
2013-04-02 00:00:00+09:00,1447.55761111435,1480.046435303949,1415.0687869247513,1451.16748046875,46800,0.0,0.0
2013-04-03 00:00:00+09:00,1458.387261153991,1508.9254335702185,1451.1675222373872,1498.0958251953125,34800,0.0,0.0
2013-04-04 00:00:00+09:00,1490.875799661551,1534.194224833315,1458.3869807827277,1526.9744873046875,57200,0.0,0.0
2013-04-05 00:00:00+09:00,1570.293073262254,1602.78189546768,1545.0239893247006,1581.1226806640625,65800,0.0,0.0
2013-04-08 00:00:00+09:00,1581.1226632254466,1606.3917468843008,1566.6831868489585,1591.9522705078125,34400,0.0,0.0
2013-04-09 00:00:00+09:00,1581.1228654807971,1599.1722132602583,1526.9748221424138,1545.024169921875,61600,0.0,0.0
2013-04-10 00:00:00+09:00,1523.365125674293,1548.6342154366628,1501.7059058779762,1516.1453857421875,57000,0.0,0.0
2013-04-11 00:00:00+09:00,1526.9748221424138,1570.2932568131205,1526.9748221424138,1545.024169921875,62400,0.0,0.0
2013-04-12 00:00:00+09:00,1545.0242854476253,1559.4637647508741,1523.365066492752,1548.6341552734375,83600,0.0,0.0
2013-04-15 00:00:00+09:00,1523.3648500689337,1541.4141966337315,1519.7549807559742,1534.1944580078125,45800,0.0,0.0
2013-04-16 00:00:00+09:00,1505.3157758440288,1541.4144755045572,1480.0466860816591,1516.1453857421875,97000,0.0,0.0
2013-04-17 00:00:00+09:00,1523.3649525865214,1545.024169921875,1516.1452134747371,1545.024169921875,14800,0.0,0.0
2013-04-18 00:00:00+09:00,1526.9748346033232,1552.2439217007777,1516.1452258472711,1537.804443359375,23200,0.0,0.0
2013-04-19 00:00:00+09:00,1548.6340422150274,1620.8314334604831,1545.0241726527545,1613.6116943359375,76200,0.0,0.0
2013-04-22 00:00:00+09:00,1653.320488823785,1660.5402289496528,1624.4415283203125,1624.4415283203125,50600,0.0,0.0
2013-04-23 00:00:00+09:00,1613.6119114099743,1642.4908717931505,1584.732951026798,1628.0513916015625,47600,0.0,0.0
2013-04-24 00:00:00+09:00,1649.7104364532272,1660.5400454452615,1635.2709577971814,1656.93017578125,32400,0.0,0.0
2013-04-25 00:00:00+09:00,1656.9301821779475,1671.3696608897378,1646.1005731441046,1653.3203125,38400,0.0,0.0
2013-04-26 00:00:00+09:00,1660.5402289496528,1660.5402289496528,1620.8316582573786,1624.4415283203125,37200,0.0,0.0
2013-04-30 00:00:00+09:00,1620.8315235239215,1653.3203513896572,1606.3920444724833,1631.6611328125,34800,0.0,0.0
2013-05-01 00:00:00+09:00,1656.93019505551,1656.93019505551,1635.2709768194902,1646.1005859375,20800,0.0,0.0
2013-05-02 00:00:00+09:00,1649.7106187608508,1660.5402289496528,1620.8316582573786,1624.4415283203125,22400,0.0,0.0
2013-05-07 00:00:00+09:00,1653.3204625016551,1711.0783825890492,1653.3204625016551,1703.858642578125,52600,0.0,0.0
2013-05-08 00:00:00+09:00,1703.8587183093819,1707.4685884752914,1660.5402763184652,1664.150146484375,38000,0.0,0.0
2013-05-09 00:00:00+09:00,1693.0288794815417,1732.737445951258,1682.1992704443462,1721.9078369140625,49800,0.0,0.0
2013-05-10 00:00:00+09:00,1761.616562665519,1761.616562665519,1696.6389025672006,1703.858642578125,41400,0.0,0.0
2013-05-13 00:00:00+09:00,1707.4682960588584,1797.7150347511872,1707.4682960588584,1758.0064697265625,69400,0.0,0.0
2013-05-14 00:00:00+09:00,1750.7870009523,1808.5449226332007,1732.7376504270185,1743.5672607421875,99400,0.0,0.0
2013-05-15 00:00:00+09:00,2032.3563232421873,2032.3563232421873,2032.3563232421873,2032.3563232421875,78600,0.0,0.0
2013-05-16 00:00:00+09:00,2140.652515253745,2238.1189872804753,2061.235389898631,2183.970947265625,491000,0.0,0.0
2013-05-17 00:00:00+09:00,2202.0208423301406,2230.899804196765,2111.774086496938,2155.092529296875,267200,0.0,0.0
2013-05-20 00:00:00+09:00,2151.482252983198,2176.7513398470946,2104.55394880739,2108.163818359375,150400,0.0,0.0
2013-05-21 00:00:00+09:00,2097.333984375,2180.3609751506024,2093.7241152108436,2097.333984375,155200,0.0,0.0
2013-05-22 00:00:00+09:00,2100.943956740359,2108.1636954233154,1999.867615178967,2035.96630859375,127200,0.0,0.0
2013-05-23 00:00:00+09:00,2035.9667376038658,2072.065438625211,1866.3028428035436,1873.5225830078125,170800,0.0,0.0
2013-05-24 00:00:00+09:00,1909.6207907257365,2010.6971274749249,1887.9615757080533,1945.719482421875,166600,0.0,0.0
2013-05-27 00:00:00+09:00,1880.7421497735452,1902.4013683889796,1826.5941032349594,1833.8138427734375,136000,0.0,0.0
2013-05-28 00:00:00+09:00,1833.8139082578857,1945.7198751003943,1833.8139082578857,1931.2803955078125,134400,0.0,0.0
2013-05-29 00:00:00+09:00,1970.989040229157,1978.2087803032564,1887.9620293770129,1891.5718994140625,154400,0.0,0.0
2013-05-30 00:00:00+09:00,1855.4730613888719,1898.7914986197404,1819.3743636964814,1833.8138427734375,91400,0.0,0.0
2013-05-31 00:00:00+09:00,1895.181901719835,2021.5273618344906,1880.7424205638742,1949.3299560546875,223200,0.0,0.0
2013-06-03 00:00:00+09:00,1931.2805046419649,1934.8903747440993,1855.47323249714,1873.5225830078125,116800,0.0,0.0
2013-06-04 00:00:00+09:00,1837.4235777611825,1855.4729252833945,1736.3472316367952,1841.033447265625,186800,0.0,0.0
2013-06-05 00:00:00+09:00,1851.863114811824,1985.4282907339243,1851.863114811824,1877.1322021484375,173600,0.0,0.0
2013-06-06 00:00:00+09:00,1877.132142310049,1945.7196628944546,1804.9347522212008,1841.033447265625,114600,0.0,0.0
2013-06-07 00:00:00+09:00,1822.984333154396,1830.2040730876809,1721.9079740884097,1779.6658935546875,97200,0.0,0.0
2013-06-10 00:00:00+09:00,1837.423778156031,1949.3297449985398,1837.423778156031,1931.2803955078125,94200,0.0,0.0
2013-06-11 00:00:00+09:00,1942.1099412577232,1942.1099412577232,1866.3026758926449,1898.79150390625,101200,0.0,0.0
2013-06-12 00:00:00+09:00,1859.0829299839895,1920.4507160222959,1837.4237113822342,1902.4013671875,50000,0.0,0.0
2013-06-13 00:00:00+09:00,1877.132142310049,1884.3518813189337,1837.4235777611825,1841.033447265625,52000,0.0,0.0
2013-06-14 00:00:00+09:00,1855.4729762590264,1866.3025850698766,1794.105192997541,1812.154541015625,116000,0.0,0.0
2013-06-17 00:00:00+09:00,1772.4462201480462,1895.1818036206196,1772.4462201480462,1873.5225830078125,69600,0.0,0.0
2013-06-18 00:00:00+09:00,1877.132280004306,1877.132280004306,1801.3250148502862,1833.8138427734375,60200,0.0,0.0
2013-06-19 00:00:00+09:00,1880.7421550098027,1931.280331919855,1844.6434572169082,1898.79150390625,77000,0.0,0.0
2013-06-20 00:00:00+09:00,1895.1814518418423,1913.230799002241,1851.863018656886,1862.692626953125,60000,0.0,0.0
2013-06-21 00:00:00+09:00,1804.9350889389123,1916.841064453125,1779.6659976937676,1916.841064453125,79400,0.0,0.0
2013-06-24 00:00:00+09:00,1942.1097803115845,1945.7196497917175,1837.4235653877258,1848.253173828125,44800,0.0,0.0
2013-06-25 00:00:00+09:00,1841.0335436869225,1866.3026315414488,1819.3743255258998,1855.4730224609375,36200,0.0,0.0
2013-06-26 00:00:00+09:00,1913.2309895833334,1945.7198177083333,1880.7421614583334,1895.181640625,70400,0.0,0.0
2013-06-27 00:00:00+09:00,1906.0113193304408,1927.6705388682867,1841.0336607169031,1924.0606689453125,46400,0.0,0.0
2013-06-28 00:00:00+09:00,1924.0604497264148,1945.7196667965059,1898.7913631446422,1909.6209716796875,49600,0.0,0.0
2013-07-01 00:00:00+09:00,1945.720212713378,2072.06568107139,1924.0609895662903,2068.455810546875,163000,0.0,0.0
2013-07-02 00:00:00+09:00,2050.405936285622,2126.213198014492,2032.3565882549385,2090.114501953125,96600,0.0,0.0
2013-07-03 00:00:00+09:00,2093.724181058114,2093.724181058114,2054.0156190035636,2057.62548828125,46000,0.0,0.0
2013-07-04 00:00:00+09:00,2032.3567025087732,2035.9665723178475,2003.4777440361797,2025.136962890625,48800,0.0,0.0
2013-07-05 00:00:00+09:00,2057.6254071901362,2061.2352763255576,2014.3069775650808,2032.3563232421875,37000,0.0,0.0
2013-07-08 00:00:00+09:00,2061.235508062901,2075.674986227965,1970.9887695312502,1970.98876953125,56600,0.0,0.0
2013-07-09 00:00:00+09:00,2003.478006342406,2028.747098314292,1999.868136060708,2014.3076171875,57400,0.0,0.0
2013-07-10 00:00:00+09:00,2021.527119333483,2043.186338469199,1996.2580303418144,2010.697509765625,48000,0.0,0.0
2013-07-11 00:00:00+09:00,2003.478006342406,2021.527357750896,1974.5990440888218,2014.3076171875,22600,0.0,0.0
2013-07-12 00:00:00+09:00,2007.0875436186145,2021.5270223496836,1978.208586156476,1996.2579345703125,33400,0.0,0.0
2013-07-16 00:00:00+09:00,1996.257710560581,2075.674834669682,1996.257710560581,2057.62548828125,85400,0.0,0.0
2013-07-17 00:00:00+09:00,2039.5761538223483,2072.064977511554,2028.7465459259465,2050.40576171875,39800,0.0,0.0
2013-07-18 00:00:00+09:00,2064.8454084725217,2108.1638436153016,2061.23553887729,2093.724365234375,507800,0.0,0.0
2013-07-19 00:00:00+09:00,2093.7240985443495,2100.943836815192,2025.1365849713447,2032.3563232421875,55000,0.0,0.0
2013-07-22 00:00:00+09:00,2064.845377604167,2111.773681640625,2046.7960298978367,2111.773681640625,52400,0.0,0.0
2013-07-23 00:00:00+09:00,2108.1640227754237,2140.652851893538,2090.11467326536,2129.8232421875,68600,0.0,0.0
2013-07-24 00:00:00+09:00,2133.4326760165663,2133.4326760165663,2086.5043768825303,2097.333984375,27200,0.0,0.0
2013-07-25 00:00:00+09:00,2100.944453470686,2115.383934250553,2039.5766601562502,2039.57666015625,35800,0.0,0.0
2013-07-26 00:00:00+09:00,2003.4774651954554,2003.4774651954554,1960.1590335155536,1974.5985107421875,40800,0.0,0.0
2013-07-29 00:00:00+09:00,1913.231119636361,1945.7199499698086,1891.5718994140625,1891.5718994140625,30200,0.0,0.0
2013-07-30 00:00:00+09:00,1891.571605711055,1934.8900394296288,1891.571605711055,1920.4505615234375,15200,0.0,0.0
2013-07-31 00:00:00+09:00,1909.6209530937942,1963.7689952420114,1877.1321278048638,1920.4505615234375,33400,0.0,0.0
2013-08-01 00:00:00+09:00,1913.230822570342,1942.1097783827245,1898.7913446641508,1920.4505615234375,13400,0.0,0.0
2013-08-02 00:00:00+09:00,1920.4506898082386,1992.6480841619318,1920.4506898082386,1985.4283447265625,22600,0.0,0.0
2013-08-05 00:00:00+09:00,1949.3297053705521,1981.8185337933946,1924.0606165972301,1952.9395751953125,21000,0.0,0.0
2013-08-06 00:00:00+09:00,1952.9398844845743,1989.038588449169,1931.2806621058176,1981.81884765625,12800,0.0,0.0
2013-08-07 00:00:00+09:00,1949.3297449985398,1952.9396148966853,1924.0606557115218,1931.2803955078125,22600,0.0,0.0
2013-08-08 00:00:00+09:00,1895.1817762327466,1956.549567082188,1880.7422960328781,1887.9620361328125,18600,0.0,0.0
2013-08-09 00:00:00+09:00,1920.4510633680557,1920.4510633680557,1837.424043711166,1851.863525390625,24600,0.0,0.0
2013-08-12 00:00:00+09:00,1945.7192880306604,1945.7192880306604,1898.790993514151,1913.23046875,43600,0.0,0.0
2013-08-13 00:00:00+09:00,1898.790993514151,1927.6699439858492,1898.790993514151,1913.23046875,29200,0.0,0.0
2013-08-14 00:00:00+09:00,1913.231119636361,1913.231119636361,1869.9126791917643,1891.5718994140625,25800,0.0,0.0
2013-08-15 00:00:00+09:00,1895.1815825527156,1902.401321914821,1859.0828857421875,1859.0828857421875,20600,0.0,0.0
2013-08-16 00:00:00+09:00,1822.9838983676068,1833.813505684642,1786.8852073108226,1815.76416015625,52000,0.0,0.0
2013-08-19 00:00:00+09:00,1833.8139853833054,1913.2311264825823,1833.8139853833054,1887.9620361328125,37000,0.0,0.0
2013-08-20 00:00:00+09:00,1851.8633290065154,1927.67059978456,1851.8633290065154,1891.5718994140625,28400,0.0,0.0
2013-08-21 00:00:00+09:00,1877.132104681444,1898.791321273922,1848.2531492248063,1862.692626953125,18600,0.0,0.0
2013-08-22 00:00:00+09:00,1884.352048524867,1960.159314844833,1862.6928295763055,1952.9395751953125,50400,0.0,0.0
2013-08-23 00:00:00+09:00,2043.1863185337613,2043.1863185337613,1996.258010864258,2021.527099609375,86600,0.0,0.0
2013-08-26 00:00:00+09:00,2010.697618296833,2046.796318804855,2003.4778781952286,2017.9173583984375,46800,0.0,0.0
2013-08-27 00:00:00+09:00,1981.8184747947332,2072.065217727098,1981.8184747947332,2054.015869140625,43200,0.0,0.0
2013-08-28 00:00:00+09:00,2025.1370985000417,2032.3568386016461,2003.4778781952286,2017.9173583984375,23400,0.0,0.0
2013-08-29 00:00:00+09:00,2017.9172232724766,2035.9665723178475,2014.3073534634023,2025.136962890625,17000,0.0,0.0
2013-08-30 00:00:00+09:00,2035.9664889345602,2086.504664191801,2032.3566192733285,2072.065185546875,66600,0.0,0.0
2013-09-02 00:00:00+09:00,2072.065153922442,2108.163849983808,2068.455284316305,2090.114501953125,57200,0.0,0.0
2013-09-03 00:00:00+09:00,2100.9441171401927,2108.1638563743513,2068.4552905864784,2086.504638671875,43600,0.0,0.0
2013-09-04 00:00:00+09:00,2075.674834669682,2079.284703947368,2039.5761418928178,2057.62548828125,21800,0.0,0.0
2013-09-05 00:00:00+09:00,2086.504342338643,2086.504342338643,2032.356305772761,2043.1859130859375,19800,0.0,0.0
2013-09-06 00:00:00+09:00,2025.1365675639768,2054.015520399114,2003.4773529376241,2043.1859130859375,20200,0.0,0.0
2013-09-09 00:00:00+09:00,2050.40632000448,2086.5050228214604,2007.087876624104,2014.3076171875,33200,0.0,0.0
2013-09-10 00:00:00+09:00,2032.3565736818143,2046.7960520028219,2014.3072257805547,2028.7467041015625,45200,0.0,0.0
2013-09-11 00:00:00+09:00,2050.4059866188704,2082.894813871634,2039.5763775346159,2061.235595703125,52800,0.0,0.0
2013-09-12 00:00:00+09:00,2068.4555732353583,2093.724664007867,2061.2358330146412,2064.845703125,48000,0.0,0.0
2013-09-13 00:00:00+09:00,2093.7247625289842,2144.2629464520974,2090.114892248762,2140.653076171875,106600,0.0,0.0
2013-09-17 00:00:00+09:00,2144.2629255256397,2158.7024065056103,2133.433314790662,2151.482666015625,45200,0.0,0.0
2013-09-18 00:00:00+09:00,2151.4824615995763,2151.4824615995763,2122.6035023834743,2129.8232421875,38800,0.0,0.0
2013-09-19 00:00:00+09:00,2155.092508544922,2176.7517297363283,2129.823417154948,2165.922119140625,84400,0.0,0.0
2013-09-20 00:00:00+09:00,2180.361471690731,2285.0477012917763,2169.531861732002,2234.509521484375,183200,0.0,0.0
2013-09-24 00:00:00+09:00,2230.899279785156,2321.1460144042967,2227.2894104003904,2310.31640625,163800,0.0,0.0
2013-09-25 00:00:00+09:00,2274.2178173279494,2306.7066432897773,2234.509252263493,2248.94873046875,101200,0.0,0.0
2013-09-26 00:00:00+09:00,2198.4104964269845,2295.8769716380334,2194.800626974724,2285.04736328125,76000,0.0,0.0
2013-09-27 00:00:00+09:00,2285.048059349897,2328.366505972644,2263.3888360385236,2303.097412109375,105400,0.0,0.0
2013-09-30 00:00:00+09:00,2263.388189833766,2295.8770155251595,2238.119103184904,2259.7783203125,55600,0.0,0.0
2013-10-01 00:00:00+09:00,2274.2177610759495,2331.9756724683543,2274.2177610759495,2281.4375,68600,0.0,0.0
2013-10-02 00:00:00+09:00,2310.3164872408292,2321.146095774771,2220.0697494579845,2263.38818359375,50400,0.0,0.0
2013-10-03 00:00:00+09:00,2238.119391470618,2256.168741401833,2220.0700415394035,2234.509521484375,25600,0.0,0.0
2013-10-04 00:00:00+09:00,2205.6301329565827,2230.899217949539,2169.531440109503,2202.020263671875,30800,0.0,0.0
2013-10-07 00:00:00+09:00,2176.751160962352,2223.679461281607,2155.0919454303885,2212.849853515625,53200,0.0,0.0
2013-10-08 00:00:00+09:00,2216.459861731151,2303.0967292906744,2209.240122767857,2274.2177734375,83200,0.0,0.0
2013-10-09 00:00:00+09:00,2274.2177734375,2288.657251364087,2252.558556547619,2274.2177734375,34800,0.0,0.0
2013-10-10 00:00:00+09:00,2277.827880859375,2303.096969870493,2259.7785315657193,2277.827880859375,31800,0.0,0.0
2013-10-11 00:00:00+09:00,2310.316637461059,2324.756116445191,2303.0968979689933,2317.536376953125,33400,0.0,0.0
2013-10-15 00:00:00+09:00,2324.7558114455524,2364.464373442293,2317.53607290069,2353.634765625,69000,0.0,0.0
2013-10-16 00:00:00+09:00,2335.5858574781864,2382.5141668247343,2306.706897880311,2378.904296875,61200,0.0,0.0
2013-10-17 00:00:00+09:00,2382.5139751904935,2505.2495436093977,2375.294235871734,2487.2001953125,176600,0.0,0.0
2013-10-18 00:00:00+09:00,2461.930698733358,2479.9800440319896,2436.6616153152736,2440.271484375,78200,0.0,0.0
2013-10-21 00:00:00+09:00,2461.93115234375,2516.079198216413,2447.491673444373,2461.93115234375,74400,0.0,0.0
2013-10-22 00:00:00+09:00,2465.5408020919754,2465.5408020919754,2389.7335446338034,2447.491455078125,71400,0.0,0.0
2013-10-23 00:00:00+09:00,2451.1007111760496,2465.5401851741412,2364.4638671875,2364.4638671875,54400,0.0,0.0
2013-10-24 00:00:00+09:00,2371.6847449078195,2411.393317501406,2364.4650044362584,2407.783447265625,33000,0.0,0.0
2013-10-25 00:00:00+09:00,2422.222736271813,2422.222736271813,2350.0253372771244,2378.904296875,45200,0.0,0.0
2013-10-28 00:00:00+09:00,2371.6845703125,2389.7339201626714,2353.635220462329,2371.6845703125,21600,0.0,0.0
2013-10-29 00:00:00+09:00,2353.6342616889315,2389.73294668416,2353.6342616889315,2364.4638671875,39800,0.0,0.0
2013-10-30 00:00:00+09:00,2371.684390320107,2386.1238691044,2328.3659539672285,2335.585693359375,75800,0.0,0.0
2013-10-31 00:00:00+09:00,2360.8552603464464,2386.1243533470965,2335.5861673457966,2342.805908203125,57400,0.0,0.0
2013-11-01 00:00:00+09:00,2407.7832632325703,2407.7832632325703,2317.5365142358473,2375.29443359375,47200,0.0,0.0
2013-11-05 00:00:00+09:00,2393.343524724787,2443.881698700876,2375.294176876184,2382.513916015625,122400,0.0,0.0
2013-11-06 00:00:00+09:00,2386.1237855853456,2411.3928725733904,2375.294176876184,2382.513916015625,33200,0.0,0.0
2013-11-07 00:00:00+09:00,2375.29440859375,2375.29440859375,2230.8996117187503,2256.168701171875,74200,0.0,0.0
2013-11-08 00:00:00+09:00,2216.4601848979437,2256.1687549856915,2198.410834858058,2227.289794921875,105200,0.0,0.0
2013-11-11 00:00:00+09:00,2498.029664539156,2498.029664539156,2407.7829281034924,2425.832275390625,369600,0.0,0.0
2013-11-12 00:00:00+09:00,2396.953497296554,2476.370631243127,2393.34362757171,2461.93115234375,118400,0.0,0.0
2013-11-13 00:00:00+09:00,2465.5410743056846,2465.5410743056846,2422.222636689772,2433.05224609375,95600,0.0,0.0
2013-11-14 00:00:00+09:00,2418.6125863316547,2447.491542586361,2378.9040214814336,2396.953369140625,98600,0.0,0.0
2013-11-15 00:00:00+09:00,2433.0520205092675,2461.9309762423154,2407.782934242851,2422.222412109375,83000,0.0,0.0
2013-11-18 00:00:00+09:00,2451.101621531017,2458.3213612115205,2396.9535739272387,2418.61279296875,51400,0.0,0.0
2013-11-19 00:00:00+09:00,2425.832655795785,2508.8596663364146,2415.0030457252683,2483.590576171875,106600,0.0,0.0
2013-11-20 00:00:00+09:00,2458.3210942578703,2490.8099192921154,2415.002660878877,2429.442138671875,48000,0.0,0.0
2013-11-21 00:00:00+09:00,2422.2225917194382,2461.9311587968064,2422.2225917194382,2458.3212890625,47800,0.0,0.0
2013-11-22 00:00:00+09:00,2440.271747016623,2451.1013553613716,2407.7829219823784,2429.442138671875,69200,0.0,0.0
2013-11-25 00:00:00+09:00,2433.0519293515395,2479.980230659507,2429.4420600201574,2476.370361328125,73200,0.0,0.0
2013-11-26 00:00:00+09:00,2483.590166083916,2591.8862489073426,2476.370427229021,2581.056640625,230600,0.0,0.0
2013-11-27 00:00:00+09:00,2577.4470607951534,2606.326019459525,2548.568102130782,2555.787841796875,108800,0.0,0.0
2013-11-28 00:00:00+09:00,2584.666528594628,2613.545484221383,2526.9086173411165,2570.22705078125,103600,0.0,0.0
2013-11-29 00:00:00+09:00,2570.2268777901786,2570.2268777901786,2508.8591012137276,2526.908447265625,42200,0.0,0.0
2013-12-02 00:00:00+09:00,2537.738287510016,2555.787635216346,2516.07907026242,2534.12841796875,57200,0.0,0.0
2013-12-03 00:00:00+09:00,2581.056305641352,2646.0339469022533,2570.2266987645353,2638.814208984375,182400,0.0,0.0
2013-12-04 00:00:00+09:00,2627.985638309384,2638.815249456263,2595.4968048687456,2606.326416015625,88200,0.0,0.0
2013-12-05 00:00:00+09:00,2584.666728692194,2631.5950352187283,2581.0568589593836,2595.496337890625,65400,0.0,0.0
2013-12-06 00:00:00+09:00,2584.6669583261096,2613.5459187543343,2566.617608058469,2602.71630859375,58400,0.0,0.0
2013-12-09 00:00:00+09:00,2642.424818065069,2671.3037778253424,2627.9853381849316,2635.205078125,85800,0.0,0.0
2013-12-10 00:00:00+09:00,2660.4741814581903,2671.3037914234205,2617.15574159727,2627.9853515625,81600,0.0,0.0
2013-12-11 00:00:00+09:00,2613.5454530596235,2613.5454530596235,2581.0566283668936,2588.2763671875,74000,0.0,0.0
2013-12-12 00:00:00+09:00,2588.2765728329227,2624.375269804093,2588.2765728329227,2609.935791015625,62400,0.0,0.0
2013-12-13 00:00:00+09:00,2595.496883859111,2609.9363658277293,2555.7883084454115,2566.617919921875,98800,0.0,0.0
2013-12-16 00:00:00+09:00,2544.9581229530568,2552.1778623089517,2472.7607293941046,2479.98046875,67400,0.0,0.0
2013-12-17 00:00:00+09:00,2501.6398725838494,2519.689222313892,2490.8102627458243,2512.469482421875,61800,0.0,0.0
2013-12-18 00:00:00+09:00,2487.2001448731166,2519.688971148673,2487.2001448731166,2516.0791015625,48000,0.0,0.0
2013-12-19 00:00:00+09:00,2479.98049448664,2512.4693219253295,2458.3212761941804,2465.541015625,118600,0.0,0.0
2013-12-20 00:00:00+09:00,2465.540836634261,2591.8862675013165,2461.9309671809165,2570.22705078125,140200,0.0,0.0
2013-12-24 00:00:00+09:00,2570.2270944148936,2591.8863115026593,2541.348138297872,2544.9580078125,104600,0.0,0.0
2013-12-25 00:00:00+09:00,2516.078851475757,2534.128197612599,2501.639374566283,2519.688720703125,62000,0.0,0.0
2013-12-26 00:00:00+09:00,2544.9578748280605,2631.5947386519947,2544.9578748280605,2624.375,62200,0.0,0.0
2013-12-27 00:00:00+09:00,2606.326118364726,2635.205078125,2602.716248394692,2635.205078125,42400,0.0,0.0
2013-12-30 00:00:00+09:00,2627.985588670267,2649.6448105549125,2620.7658480420523,2631.595458984375,40600,0.0,0.0
2014-01-06 00:00:00+09:00,2627.98513950121,2649.6443576839124,2588.2765728329227,2609.935791015625,48200,0.0,0.0
2014-01-07 00:00:00+09:00,2671.3036202751987,2761.550364203415,2671.3036202751987,2721.841796875,200200,0.0,0.0
2014-01-08 00:00:00+09:00,2739.8910876832815,2757.940436086992,2736.2812180025394,2754.33056640625,71600,0.0,0.0
2014-01-09 00:00:00+09:00,2747.1108591688653,2754.3305986147757,2718.2319013852243,2736.28125,52000,0.0,0.0
2014-01-10 00:00:00+09:00,2718.2323445424986,2761.5507882802276,2682.1336414277243,2757.94091796875,81000,0.0,0.0
2014-01-14 00:00:00+09:00,2703.7920396318323,2736.2808625379557,2653.253870666751,2674.9130859375,61400,0.0,0.0
2014-01-15 00:00:00+09:00,2729.0612609622035,2797.648779425539,2696.572436426939,2739.890869140625,74000,0.0,0.0
2014-01-16 00:00:00+09:00,2739.890539834666,2739.890539834666,2635.204340025436,2638.814208984375,102200,0.0,0.0
2014-01-17 00:00:00+09:00,2660.474101298564,2685.7431904560813,2642.424751900338,2671.3037109375,75000,0.0,0.0
2014-01-20 00:00:00+09:00,2703.792467465255,2718.2319465972455,2689.352988333264,2711.01220703125,49600,0.0,0.0
2014-01-21 00:00:00+09:00,2736.2808625379557,2736.2808625379557,2660.4736090903343,2674.9130859375,51400,0.0,0.0
2014-01-22 00:00:00+09:00,2707.4019088436235,2707.4019088436235,2638.8143938195853,2674.9130859375,58800,0.0,0.0
2014-01-23 00:00:00+09:00,2656.8645511831273,2678.5237730677723,2631.595458984375,2631.595458984375,78800,0.0,0.0
2014-01-24 00:00:00+09:00,2588.2766570615095,2588.2766570615095,2548.568089101012,2563.007568359375,77800,0.0,0.0
2014-01-27 00:00:00+09:00,2483.590099990889,2519.68879330471,2476.370361328125,2476.370361328125,59200,0.0,0.0
2014-01-28 00:00:00+09:00,2501.6396484375,2555.787692775974,2501.6396484375,2501.6396484375,58400,0.0,0.0
2014-01-29 00:00:00+09:00,2523.298778399045,2559.397473368989,2523.298778399045,2552.177734375,42000,0.0,0.0
2014-01-30 00:00:00+09:00,2490.81010363287,2494.4199733482797,2433.0521881863106,2465.541015625,70400,0.0,0.0
2014-01-31 00:00:00+09:00,2476.3704667939555,2487.2000752493227,2389.733599151018,2415.002685546875,75000,0.0,0.0
2014-02-03 00:00:00+09:00,2378.904641699976,2382.514512172965,2321.1467141321464,2328.366455078125,57400,0.0,0.0
2014-02-04 00:00:00+09:00,2183.9711721319904,2256.1685662520563,2165.9218236019738,2194.80078125,82200,0.0,0.0
2014-02-05 00:00:00+09:00,2238.1192867249015,2335.585771791954,2183.9712394654284,2292.267333984375,99200,0.0,0.0
2014-02-06 00:00:00+09:00,2303.0967545676917,2328.3658412165532,2259.7783203125,2259.7783203125,47000,0.0,0.0
2014-02-07 00:00:00+09:00,2292.2675032955203,2331.97607421875,2241.7293221205014,2331.97607421875,68400,0.0,0.0
2014-02-10 00:00:00+09:00,2548.5684898989352,2685.7435644260736,2541.348749134349,2606.326416015625,269600,0.0,0.0
2014-02-12 00:00:00+09:00,2588.276678269909,2703.7925132833498,2584.666808425739,2685.7431640625,131000,0.0,0.0
2014-02-13 00:00:00+09:00,2678.5230460679236,2707.4020007425106,2606.3256593814567,2620.76513671875,74200,0.0,0.0
2014-02-14 00:00:00+09:00,2620.765267619681,2664.0837017952126,2537.7382687832446,2544.9580078125,99000,0.0,0.0
2014-02-17 00:00:00+09:00,2581.0568589593836,2606.325947089056,2490.8101156391253,2595.496337890625,68800,0.0,0.0
2014-02-18 00:00:00+09:00,2642.4246444171595,2664.0838628140214,2552.177901096901,2595.496337890625,63200,0.0,0.0
2014-02-19 00:00:00+09:00,2548.5682090803375,2573.837298972069,2494.4201593123416,2498.030029296875,58600,0.0,0.0
2014-02-20 00:00:00+09:00,2498.029389330621,2498.029389330621,2407.782662837463,2440.271484375,87200,0.0,0.0
2014-02-21 00:00:00+09:00,2461.93114590959,2505.2495824945095,2429.442318470901,2465.541015625,72400,0.0,0.0
2014-02-24 00:00:00+09:00,2490.8100649718795,2516.079152587536,2451.1014987187045,2487.2001953125,32200,0.0,0.0
2014-02-25 00:00:00+09:00,2490.8100777838426,2505.249556495633,2465.5409900382097,2479.98046875,42200,0.0,0.0
2014-02-26 00:00:00+09:00,2454.711400082237,2483.5903577302633,2443.881790964227,2469.15087890625,35600,0.0,0.0
2014-02-27 00:00:00+09:00,2447.4917252990545,2454.711464901706,2422.222636689772,2433.05224609375,47800,0.0,0.0
2014-02-28 00:00:00+09:00,2447.4914489656203,2461.9309265406387,2418.6124938155835,2451.101318359375,45400,0.0,0.0
2014-03-03 00:00:00+09:00,2378.9033411855917,2386.1230781846375,2328.365182192271,2364.4638671875,50000,0.0,0.0
2014-03-04 00:00:00+09:00,2342.805157807707,2400.5630661666028,2313.9262036282594,2353.634765625,62800,0.0,0.0
2014-03-05 00:00:00+09:00,2386.1237855853456,2411.3928725733904,2375.294176876184,2382.513916015625,40400,0.0,0.0
2014-03-06 00:00:00+09:00,2371.68454371927,2404.1733730852875,2335.585844423695,2386.1240234375,64400,0.0,0.0
2014-03-07 00:00:00+09:00,2378.9039785098034,2425.8322815760057,2378.9039785098034,2422.222412109375,50000,0.0,0.0
2014-03-10 00:00:00+09:00,2433.0520205092675,2447.4914983757917,2411.392803709482,2422.222412109375,34400,0.0,0.0
2014-03-11 00:00:00+09:00,2422.222662809002,2447.491751690765,2400.5634437674908,2418.61279296875,29600,0.0,0.0
2014-03-12 00:00:00+09:00,2364.4643614416095,2386.1235769662653,2353.6347536792814,2360.8544921875,26400,0.0,0.0
2014-03-13 00:00:00+09:00,2382.513713749043,2396.9531908020676,2346.415021116482,2357.24462890625,25800,0.0,0.0
2014-03-14 00:00:00+09:00,2281.4372791849123,2306.706362973353,2252.5583262838377,2266.997802734375,85000,0.0,0.0
2014-03-17 00:00:00+09:00,2248.9489946919102,2292.2674343970516,2220.070034888483,2238.119384765625,31600,0.0,0.0
2014-03-18 00:00:00+09:00,2310.315934065934,2328.3652773008243,2263.38764165522,2299.486328125,49400,0.0,0.0
2014-03-19 00:00:00+09:00,2299.4869963986425,2382.513999408327,2295.8771267025695,2335.585693359375,58000,0.0,0.0
2014-03-20 00:00:00+09:00,2371.6844430842866,2415.002880400895,2303.096917332991,2306.706787109375,92400,0.0,0.0
2014-03-24 00:00:00+09:00,2306.7065737751377,2350.025007085469,2277.8276182349173,2288.6572265625,67800,0.0,0.0
2014-03-25 00:00:00+09:00,2266.997802734375,2292.2668865228156,2248.9484571712032,2266.997802734375,52800,0.0,0.0
2014-03-26 00:00:00+09:00,2277.8278161106914,2321.1462531841116,2277.8278161106914,2313.926513671875,40000,0.0,0.0
2014-03-27 00:00:00+09:00,2291.748147952329,2328.7118277580116,2265.873572088351,2321.319091796875,43600,75.0,0.0
2014-03-28 00:00:00+09:00,2336.1048156448096,2336.1048156448096,2299.1411318529617,2332.408447265625,31000,0.0,0.0
2014-03-31 00:00:00+09:00,2339.8007648960825,2339.8007648960825,2284.355249140251,2317.62255859375,61600,0.0,0.0
2014-04-01 00:00:00+09:00,2336.103973339687,2336.103973339687,2291.7475687826045,2302.836669921875,34800,0.0,0.0
2014-04-02 00:00:00+09:00,2317.6229737488857,2369.3721310574733,2310.230236990516,2332.408447265625,44600,0.0,0.0
2014-04-03 00:00:00+09:00,2402.639134724935,2517.2265396118164,2402.639134724935,2483.959228515625,234600,0.0,0.0
2014-04-04 00:00:00+09:00,2476.56687680243,2487.6559822209483,2428.5140866555175,2443.299560546875,88800,0.0,0.0
2014-04-07 00:00:00+09:00,2410.0319109660823,2458.0846944669397,2395.246439119665,2424.8173828125,68000,0.0,0.0
2014-04-08 00:00:00+09:00,2391.5504346163766,2417.4250142799233,2350.890380859375,2350.890380859375,47600,0.0,0.0
2014-04-09 00:00:00+09:00,2339.8008935626526,2343.497261482973,2247.3916955546492,2265.87353515625,71200,0.0,0.0
2014-04-10 00:00:00+09:00,2288.052230484759,2310.2304427350155,2239.9994372758706,2254.784912109375,56600,0.0,0.0
2014-04-11 00:00:00+09:00,2217.821050995025,2258.4811035966004,2173.4646299751244,2228.91015625,46200,0.0,0.0
2014-04-14 00:00:00+09:00,2191.946466064453,2239.9992553710936,2191.946466064453,2217.821044921875,19200,0.0,0.0
2014-04-15 00:00:00+09:00,2228.9102525476933,2310.2303612641927,2221.517515391648,2258.481201171875,50800,0.0,0.0
2014-04-16 00:00:00+09:00,2254.784307403808,2317.62255859375,2254.784307403808,2317.62255859375,25200,0.0,0.0
2014-04-17 00:00:00+09:00,2328.7115655144694,2336.104300643087,2299.140625,2299.140625,42600,0.0,0.0
2014-04-18 00:00:00+09:00,2328.7119140625,2336.104650297619,2284.3554966517854,2328.7119140625,32000,0.0,0.0
2014-04-21 00:00:00+09:00,2332.4086172028788,2361.979566390871,2332.4086172028788,2347.194091796875,35400,0.0,0.0
2014-04-22 00:00:00+09:00,2365.6757626782883,2380.4612361950276,2328.71207888644,2332.408447265625,30800,0.0,0.0
2014-04-23 00:00:00+09:00,2332.4083614864867,2350.8902027027025,2310.230152027027,2325.015625,15800,0.0,0.0
2014-04-24 00:00:00+09:00,2328.7115655144694,2328.7115655144694,2291.7478898713825,2299.140625,12200,0.0,0.0
2014-04-25 00:00:00+09:00,2299.140625,2328.7115655144694,2288.0515223070743,2299.140625,12200,0.0,0.0
2014-04-28 00:00:00+09:00,2262.1771672359296,2288.0517426781707,2247.3916955546492,2265.87353515625,15200,0.0,0.0
2014-04-30 00:00:00+09:00,2254.7841708389105,2288.051478277517,2236.302333373018,2243.695068359375,22400,0.0,0.0
2014-05-01 00:00:00+09:00,2280.6591353333583,2361.9792341621,2258.480926561883,2339.801025390625,34800,0.0,0.0
2014-05-02 00:00:00+09:00,2302.837408973767,2339.801091300794,2302.837408973767,2313.926513671875,20600,0.0,0.0
2014-05-07 00:00:00+09:00,2265.8736141429226,2325.0155029296875,2262.17724609375,2262.17724609375,33200,0.0,0.0
2014-05-08 00:00:00+09:00,2280.659350310739,2336.104877465781,2258.481139448722,2295.44482421875,27800,0.0,0.0
2014-05-09 00:00:00+09:00,2276.962767204779,2358.2828660335213,2269.5700309476206,2339.801025390625,28600,0.0,0.0
2014-05-12 00:00:00+09:00,2302.8373019086634,2325.015510273755,2273.266357421875,2273.266357421875,22600,0.0,0.0
2014-05-13 00:00:00+09:00,2295.4445657869665,2336.1046144563006,2273.266357421875,2273.266357421875,31000,0.0,0.0
2014-05-14 00:00:00+09:00,2262.1771672359296,2284.3553747578508,2247.3916955546492,2265.87353515625,36200,0.0,0.0
2014-05-15 00:00:00+09:00,2173.4645676537957,2188.2500409031413,2114.3226746564133,2118.01904296875,92800,0.0,0.0
2014-05-16 00:00:00+09:00,2081.055455219315,2154.982824854104,2073.662718255836,2147.590087890625,56200,0.0,0.0
2014-05-19 00:00:00+09:00,2162.375619377888,2166.0719879580215,2095.8409849354916,2099.537353515625,51800,0.0,0.0
2014-05-20 00:00:00+09:00,2088.448262679448,2114.322842925034,2044.0918394013001,2047.7882080078125,54400,0.0,0.0
2014-05-21 00:00:00+09:00,2033.0023193359375,2058.876894309304,2014.5204800692472,2033.0023193359375,28000,0.0,0.0
2014-05-22 00:00:00+09:00,2066.2695500811733,2066.2695500811733,2007.1276667157015,2036.6986083984375,43800,0.0,0.0
2014-05-23 00:00:00+09:00,2047.7881823773912,2088.448236540119,2047.7881823773912,2077.359130859375,24400,0.0,0.0
2014-05-26 00:00:00+09:00,2114.3226682428726,2114.3226682428726,2069.966248629386,2106.929931640625,33800,0.0,0.0
2014-05-27 00:00:00+09:00,2114.3231658935547,2147.590488433838,2114.3231658935547,2129.108642578125,23000,0.0,0.0
2014-05-28 00:00:00+09:00,2129.107989130435,2140.1970932404893,2125.41162109375,2125.41162109375,18600,0.0,0.0
2014-05-29 00:00:00+09:00,2125.411859258905,2129.1082277097903,2110.626385455365,2114.32275390625,17400,0.0,0.0
2014-05-30 00:00:00+09:00,2140.19724635074,2151.2863512541117,2095.8408267372533,2106.929931640625,36000,0.0,0.0
2014-06-02 00:00:00+09:00,2095.8404018476635,2106.929504502942,2077.3585640888655,2081.054931640625,48000,0.0,0.0
2014-06-03 00:00:00+09:00,2103.2334843784206,2143.893534164295,2103.2334843784206,2110.626220703125,58800,0.0,0.0
2014-06-04 00:00:00+09:00,2114.322150735294,2118.0185181316842,2062.573007185829,2073.662109375,73400,0.0,0.0
2014-06-05 00:00:00+09:00,2077.3589915330494,2125.4117795934226,2077.3589915330494,2118.01904296875,74000,0.0,0.0
2014-06-06 00:00:00+09:00,2099.536769399423,2099.536769399423,2069.9658289853464,2081.054931640625,66400,0.0,0.0
2014-06-09 00:00:00+09:00,2081.055347153329,2103.2335568920857,2066.269873994158,2095.8408203125,72200,0.0,0.0
2014-06-10 00:00:00+09:00,2114.3227715549697,2162.375561817583,2103.2336661097515,2147.590087890625,102600,0.0,0.0
2014-06-11 00:00:00+09:00,2166.0717905405404,2191.9463682432433,2166.0717905405404,2188.25,81400,0.0,0.0
2014-06-12 00:00:00+09:00,2184.5539066502306,2291.7485991931353,2162.3756943999742,2254.784912109375,142600,0.0,0.0
2014-06-13 00:00:00+09:00,2254.7847992519164,2373.0685919995576,2236.3029566350974,2350.890380859375,171000,0.0,0.0
2014-06-16 00:00:00+09:00,2365.6756022906793,2373.068338547838,2332.408289133467,2339.801025390625,62800,0.0,0.0
2014-06-17 00:00:00+09:00,2321.3192230125205,2325.015591202031,2258.480963790844,2269.570068359375,97600,0.0,0.0
2014-06-18 00:00:00+09:00,2276.962804738396,2291.7482774964374,2251.088227411823,2269.570068359375,73200,0.0,0.0
2014-06-19 00:00:00+09:00,2284.355567810254,2336.104723068091,2280.659199577551,2313.926513671875,57600,0.0,0.0
2014-06-20 00:00:00+09:00,2347.1936556188075,2424.8173828125,2343.497287657203,2424.8173828125,128800,0.0,0.0
2014-06-23 00:00:00+09:00,2439.603197948042,2469.174145801958,2428.5140925028236,2454.388671875,88000,0.0,0.0
2014-06-24 00:00:00+09:00,2443.299415303274,2487.65583434055,2417.42483753153,2472.870361328125,78400,0.0,0.0
2014-06-25 00:00:00+09:00,2465.47705078125,2491.35162252858,2439.6024790339206,2465.47705078125,69200,0.0,0.0
2014-06-26 00:00:00+09:00,2480.2631237237288,2550.4941212658314,2480.2631237237288,2517.226806640625,88200,0.0,0.0
2014-06-27 00:00:00+09:00,2517.2266998746504,2528.3158042793843,2450.6920734462456,2476.566650390625,57400,0.0,0.0
2014-06-30 00:00:00+09:00,2480.2631958548745,2509.834143048375,2480.2631958548745,2502.44140625,31200,0.0,0.0
2014-07-01 00:00:00+09:00,2513.53076171875,2535.708974322151,2498.7452866498165,2513.53076171875,60600,0.0,0.0
2014-07-02 00:00:00+09:00,2491.3523010524373,2524.6196166451255,2487.6559326532497,2502.44140625,79000,0.0,0.0
2014-07-03 00:00:00+09:00,2476.5665641373503,2487.655668155876,2454.3883561002995,2469.173828125,90400,0.0,0.0
2014-07-04 00:00:00+09:00,2502.4412342995447,2502.4412342995447,2458.08481655716,2487.65576171875,68800,0.0,0.0
2014-07-07 00:00:00+09:00,2461.781005859375,2469.1737416127066,2446.995534352712,2461.781005859375,46800,0.0,0.0
2014-07-08 00:00:00+09:00,2446.995549519857,2513.5301717122397,2428.5137100219727,2483.959228515625,102800,0.0,0.0
2014-07-09 00:00:00+09:00,2446.9955905821266,2446.9955905821266,2402.639175042874,2424.8173828125,78200,0.0,0.0
2014-07-10 00:00:00+09:00,2424.8173753349924,2428.5137432851984,2406.3355355839635,2413.728271484375,35400,0.0,0.0
2014-07-11 00:00:00+09:00,2365.6754733384855,2391.550048828125,2358.2827374843027,2391.550048828125,70800,0.0,0.0
2014-07-14 00:00:00+09:00,2358.283146121352,2424.8177803379417,2358.283146121352,2406.3359375,31000,0.0,0.0
2014-07-15 00:00:00+09:00,2509.8338038126626,2509.8338038126626,2454.3882853190103,2483.959228515625,100600,0.0,0.0
2014-07-16 00:00:00+09:00,2446.995849609375,2469.1740597266803,2428.5140078449535,2446.995849609375,52600,0.0,0.0
2014-07-17 00:00:00+09:00,2435.906874545785,2443.2996116460754,2380.4613462936045,2384.15771484375,74600,0.0,0.0
2014-07-18 00:00:00+09:00,2347.193299290547,2376.764238494208,2332.407829688717,2373.06787109375,48200,0.0,0.0
2014-07-22 00:00:00+09:00,2369.372076757206,2391.550286524044,2325.0156572235296,2380.461181640625,57600,0.0,0.0
2014-07-23 00:00:00+09:00,2398.9428639131434,2428.513808306526,2376.7646556181066,2387.853759765625,76600,0.0,0.0
2014-07-24 00:00:00+09:00,2395.246758707061,2424.81770634542,2384.1576533426764,2421.121337890625,68000,0.0,0.0
2014-07-25 00:00:00+09:00,2417.424639434581,2432.210111235404,2395.246431733346,2413.728271484375,49000,0.0,0.0
2014-07-28 00:00:00+09:00,2384.15771484375,2413.7286632449127,2376.764977743459,2384.15771484375,53800,0.0,0.0
2014-07-29 00:00:00+09:00,2391.549708096038,2395.2460754964955,2369.3715036932927,2373.06787109375,36000,0.0,0.0
2014-07-30 00:00:00+09:00,2369.371912361489,2395.246488627527,2361.979176285478,2376.7646484375,51800,0.0,0.0
2014-07-31 00:00:00+09:00,2376.764806881338,2384.1575434501756,2369.3720703125,2369.3720703125,35200,0.0,0.0
2014-08-01 00:00:00+09:00,2336.104650297619,2361.9792271205356,2317.6228097098215,2328.7119140625,49000,0.0,0.0
2014-08-04 00:00:00+09:00,2317.6228819045778,2369.3720371624154,2302.837408973767,2313.926513671875,78600,0.0,0.0
2014-08-05 00:00:00+09:00,2317.6230809411336,2398.943189044331,2317.6230809411336,2384.15771484375,70800,0.0,0.0
2014-08-06 00:00:00+09:00,2361.9792271205356,2365.675595238095,2325.01554594494,2328.7119140625,50200,0.0,0.0
2014-08-07 00:00:00+09:00,2313.926605369701,2336.1048156448096,2288.052026715407,2332.408447265625,65800,0.0,0.0
2014-08-08 00:00:00+09:00,2295.44482421875,2343.4976144197867,2276.962981833736,2295.44482421875,59600,0.0,0.0
2014-08-11 00:00:00+09:00,2325.0159175685194,2325.0159175685194,2225.2139624423667,2254.784912109375,105400,0.0,0.0
2014-08-12 00:00:00+09:00,2310.230152027027,2384.1575168918916,2306.5337837837837,2325.015625,72200,0.0,0.0
2014-08-13 00:00:00+09:00,2302.8370347913806,2380.460755065247,2302.8370347913806,2354.586181640625,43600,0.0,0.0
2014-08-14 00:00:00+09:00,2354.58644732307,2398.9428639131434,2350.890079273897,2387.853759765625,48600,0.0,0.0
2014-08-15 00:00:00+09:00,2387.8535321007475,2421.1208413715012,2384.1571644039973,2410.03173828125,59800,0.0,0.0
2014-08-18 00:00:00+09:00,2387.8535321007475,2432.2099444617525,2384.1571644039973,2410.03173828125,44600,0.0,0.0
2014-08-19 00:00:00+09:00,2406.3354974346103,2424.817336892633,2339.800875385727,2358.28271484375,90800,0.0,0.0
2014-08-20 00:00:00+09:00,2350.889666691005,2395.2460754964955,2350.889666691005,2373.06787109375,38200,0.0,0.0
2014-08-21 00:00:00+09:00,2373.06787109375,2373.06787109375,2354.5860340914624,2373.06787109375,20600,0.0,0.0
2014-08-22 00:00:00+09:00,2384.157778281865,2387.854146930364,2336.104985851378,2347.194091796875,25800,0.0,0.0
2014-08-25 00:00:00+09:00,2325.0156183699833,2347.1938277661993,2310.2301454391722,2313.926513671875,45400,0.0,0.0
2014-08-26 00:00:00+09:00,2328.7117940675716,2395.2464167552166,2328.7117940675716,2391.550048828125,50200,0.0,0.0
2014-08-27 00:00:00+09:00,2391.550440446498,2391.550440446498,2350.8903865903753,2361.9794921875,32600,0.0,0.0
2014-08-28 00:00:00+09:00,2343.497649525626,2369.3722292522493,2328.7121753961264,2361.9794921875,37600,0.0,0.0
2014-08-29 00:00:00+09:00,2347.1937616477835,2365.6756022906793,2332.408289133467,2339.801025390625,26000,0.0,0.0
2014-09-01 00:00:00+09:00,2339.801124037149,2402.6393848722696,2332.408387468311,2369.3720703125,41200,0.0,0.0
2014-09-02 00:00:00+09:00,2358.2827864686024,2373.0682584840793,2336.104578445387,2343.497314453125,38400,0.0,0.0
2014-09-03 00:00:00+09:00,2376.764813346152,2384.157549935098,2361.97934016826,2380.461181640625,31800,0.0,0.0
2014-09-04 00:00:00+09:00,2358.2826993918115,2365.675435126582,2328.7117564527293,2336.1044921875,27000,0.0,0.0
2014-09-05 00:00:00+09:00,2339.8006682073956,2339.8006682073956,2295.4442574356913,2299.140625,26600,0.0,0.0
2014-09-08 00:00:00+09:00,2299.1409691220238,2354.5864908854164,2291.7482328869046,2328.7119140625,35600,0.0,0.0
2014-09-09 00:00:00+09:00,2328.7121697191924,2361.9794864294663,2328.7121697191924,2350.890380859375,26600,0.0,0.0
2014-09-10 00:00:00+09:00,2328.7122485543796,2358.283197742372,2325.015879905881,2347.194091796875,23800,0.0,0.0
2014-09-11 00:00:00+09:00,2339.801025390625,2350.8901297763628,2328.7119210048877,2339.801025390625,17800,0.0,0.0
2014-09-12 00:00:00+09:00,2328.7116617449165,2336.1043971790273,2306.5334554425835,2317.62255859375,47000,0.0,0.0
2014-09-16 00:00:00+09:00,2310.230236990516,2336.1048156448096,2302.8375002321463,2332.408447265625,31400,0.0,0.0
2014-09-17 00:00:00+09:00,2317.6228819045778,2336.104723068091,2313.926513671875,2313.926513671875,9400,0.0,0.0
2014-09-18 00:00:00+09:00,2317.6228819045778,2328.711986602686,2306.53377720647,2313.926513671875,19800,0.0,0.0
2014-09-19 00:00:00+09:00,2317.6228097098215,2347.1937546502977,2306.533705357143,2328.7119140625,42000,0.0,0.0
2014-09-22 00:00:00+09:00,2310.230152027027,2325.015625,2299.141047297297,2325.015625,20600,0.0,0.0
2014-09-24 00:00:00+09:00,2321.3195112573817,2369.372303687869,2313.926773960384,2347.194091796875,67800,0.0,0.0
2014-09-25 00:00:00+09:00,2369.3718412655767,2391.550048828125,2369.3718412655767,2391.550048828125,41800,0.0,0.0
2014-09-26 00:00:00+09:00,2391.549899797498,2417.4244736747505,2376.7644290104963,2410.03173828125,57800,0.0,0.0
2014-09-29 00:00:00+09:00,2417.425031795058,2417.425031795058,2361.979503542878,2384.15771484375,31000,0.0,0.0
2014-09-30 00:00:00+09:00,2384.157177500748,2384.157177500748,2306.5334554425835,2317.62255859375,44200,0.0,0.0
2014-10-01 00:00:00+09:00,2339.8007111122693,2402.6389608577806,2332.4079758480916,2354.586181640625,70200,0.0,0.0
2014-10-02 00:00:00+09:00,2310.230038030361,2325.015510273755,2269.5699893610263,2273.266357421875,61600,0.0,0.0
2014-10-03 00:00:00+09:00,2254.7845956013334,2284.3555411174166,2251.088227411823,2269.570068359375,46400,0.0,0.0
2014-10-06 00:00:00+09:00,2291.7486148273424,2317.6231959624897,2284.3558773601576,2288.05224609375,16800,0.0,0.0
2014-10-07 00:00:00+09:00,2280.659482438043,2288.0522198203385,2232.606689453125,2232.606689453125,28800,0.0,0.0
2014-10-08 00:00:00+09:00,2195.642822265625,2210.4282958162353,2184.553717102667,2195.642822265625,33600,0.0,0.0
2014-10-09 00:00:00+09:00,2210.4283520801955,2217.8210890436744,2143.8937194088853,2147.590087890625,36400,0.0,0.0
2014-10-10 00:00:00+09:00,2143.893446561951,2143.893446561951,2088.4479263922453,2103.2333984375,42800,0.0,0.0
2014-10-14 00:00:00+09:00,2029.305716819832,2077.3584933565494,2025.6093493939306,2044.0911865234375,44400,0.0,0.0
2014-10-15 00:00:00+09:00,2055.180350167411,2084.751290457589,2051.4839826311386,2069.9658203125,18200,0.0,0.0
2014-10-16 00:00:00+09:00,2025.6097706606813,2051.484348023135,2007.1279296875,2007.1279296875,37600,0.0,0.0
2014-10-17 00:00:00+09:00,1999.7351587468927,1999.7351587468927,1951.682373046875,1951.682373046875,39000,0.0,0.0
2014-10-20 00:00:00+09:00,1999.7351217043247,2033.0024342650252,1999.7351217043247,2021.913330078125,18400,0.0,0.0
2014-10-21 00:00:00+09:00,2033.0020544663914,2033.0020544663914,1947.985604915979,1959.07470703125,34400,0.0,0.0
2014-10-22 00:00:00+09:00,1984.949307709016,2044.0911865234375,1981.2529402831146,2044.0911865234375,33200,0.0,0.0
2014-10-23 00:00:00+09:00,2021.913642939815,2036.699117476852,1996.0390625,1996.0390625,16400,0.0,0.0
2014-10-24 00:00:00+09:00,2033.002449149516,2033.002449149516,1966.4678235409865,1981.2532958984375,28800,0.0,0.0
2014-10-27 00:00:00+09:00,2014.520404609666,2029.3058754691865,1981.2530951757449,1984.949462890625,29600,0.0,0.0
2014-10-28 00:00:00+09:00,1977.5571169068996,1981.2534853497164,1940.5934324787333,1955.37890625,33200,0.0,0.0
2014-10-29 00:00:00+09:00,1966.4680351779114,2007.128088536853,1962.7716666907347,1999.7353515625,40400,0.0,0.0
2014-10-30 00:00:00+09:00,2021.9129200470752,2055.1802258613784,2014.5201854216746,2018.216552734375,32600,0.0,0.0
2014-10-31 00:00:00+09:00,2051.4843301054893,2125.4116933525343,2036.6988574560805,2110.626220703125,64200,0.0,0.0
2014-11-04 00:00:00+09:00,2147.589556928994,2162.37502720045,2033.0021623252096,2040.3948974609375,90800,0.0,0.0
2014-11-05 00:00:00+09:00,2073.6627566315406,2103.2337050327033,2044.0918082303779,2066.27001953125,52200,0.0,0.0
2014-11-06 00:00:00+09:00,2044.0911239232773,2055.1802258613784,1981.2528796073718,2018.216552734375,54600,0.0,0.0
2014-11-07 00:00:00+09:00,2029.3063395761512,2095.840973660615,2018.2172338954072,2077.359130859375,46800,0.0,0.0
2014-11-10 00:00:00+09:00,2018.216991016346,2025.609727247175,1984.9496779776148,2003.4315185546875,75600,0.0,0.0
2014-11-11 00:00:00+09:00,1992.3424224853516,1996.038790616122,1940.5932686545632,1951.682373046875,80400,0.0,0.0
2014-11-12 00:00:00+09:00,1955.378683430677,1970.1641555171095,1918.4150032145963,1925.8077392578125,57600,0.0,0.0
2014-11-13 00:00:00+09:00,1907.3258991497719,1929.5041072794204,1899.9331631065559,1925.8077392578125,55000,0.0,0.0
2014-11-14 00:00:00+09:00,1951.6824760657514,1951.6824760657514,1903.6296878292842,1918.4151611328125,55000,0.0,0.0
2014-11-17 00:00:00+09:00,1918.41508202186,1929.5041865422174,1911.0223456749547,1922.1114501953125,36800,0.0,0.0
2014-11-18 00:00:00+09:00,1922.1115294586946,1925.8078977845767,1903.6296878292842,1918.4151611328125,62400,0.0,0.0
2014-11-19 00:00:00+09:00,1929.504333972931,1936.8970708847046,1888.8442809581757,1892.5406494140625,49800,0.0,0.0
2014-11-20 00:00:00+09:00,1896.2370178699493,1911.0224916934967,1862.9697017669678,1892.5406494140625,93400,0.0,0.0
2014-11-21 00:00:00+09:00,1903.6292811802455,1922.111118861607,1896.2365461077009,1914.7183837890625,58600,0.0,0.0
2014-11-25 00:00:00+09:00,1936.8965890066963,1947.9856916155134,1907.325648716518,1914.7183837890625,67000,0.0,0.0
2014-11-26 00:00:00+09:00,1914.7186351929881,1936.8968433226366,1914.7186351929881,1925.8077392578125,36600,0.0,0.0
2014-11-27 00:00:00+09:00,1940.59316019025,1940.59316019025,1911.0222167968748,1911.022216796875,39400,0.0,0.0
2014-11-28 00:00:00+09:00,1911.02201625279,1922.111118861607,1903.6292811802455,1914.7183837890625,30800,0.0,0.0
2014-12-01 00:00:00+09:00,1918.41508202186,1925.8078183687649,1907.3259775015024,1922.1114501953125,31200,0.0,0.0
2014-12-02 00:00:00+09:00,1911.0219288907308,1918.4146636253179,1903.629194156144,1907.3255615234375,66400,0.0,0.0
2014-12-03 00:00:00+09:00,1918.4150598699396,1962.7714774391868,1907.3259554776278,1951.682373046875,92600,0.0,0.0
2014-12-04 00:00:00+09:00,1951.6825013241526,1988.6461850613525,1947.9861329504326,1962.7716064453125,79800,0.0,0.0
2014-12-05 00:00:00+09:00,1959.0751093084161,1962.7714774391868,1929.5041642622514,1951.682373046875,65400,0.0,0.0
2014-12-08 00:00:00+09:00,1962.7716431356332,1966.4680115784497,1940.5934324787333,1955.37890625,56600,0.0,0.0
2014-12-09 00:00:00+09:00,1933.2002214704241,1936.8965890066963,1911.02201625279,1914.7183837890625,59200,0.0,0.0
2014-12-10 00:00:00+09:00,1903.6294733782222,1922.1113129255837,1881.4512659213885,1899.93310546875,51400,0.0,0.0
2014-12-11 00:00:00+09:00,1885.1476262460249,1896.236729929825,1866.6657867730246,1888.843994140625,58800,0.0,0.0
2014-12-12 00:00:00+09:00,1874.0587092808314,1877.7550775437128,1859.2732362293061,1862.9696044921875,110000,0.0,0.0
2014-12-15 00:00:00+09:00,1855.5774700363957,1888.8447951964108,1833.3992532630523,1840.7919921875,97400,0.0,0.0
2014-12-16 00:00:00+09:00,1822.3093460554928,1826.0057138973905,1785.3456676365174,1792.7384033203125,95000,0.0,0.0
2014-12-17 00:00:00+09:00,1766.8646029430222,1848.184731111948,1744.6863861696788,1840.7919921875,114800,0.0,0.0
2014-12-18 00:00:00+09:00,1851.8804221231428,1870.362262663294,1789.042164286629,1803.82763671875,149000,0.0,0.0
2014-12-19 00:00:00+09:00,1848.1838378906252,1862.9693085937502,1833.3983671875,1848.183837890625,111600,0.0,0.0
2014-12-22 00:00:00+09:00,1881.4514002873348,1925.8078183687649,1870.362295766977,1922.1114501953125,126200,0.0,0.0
2014-12-24 00:00:00+09:00,1970.1641916303493,1984.9496639878002,1951.6823511835355,1981.2532958984375,150400,0.0,0.0
2014-12-25 00:00:00+09:00,1981.2535770716293,1981.2535770716293,1944.2898909322332,1973.86083984375,67000,0.0,0.0
2014-12-26 00:00:00+09:00,1984.9497205196822,2010.824297882136,1966.4678795465009,2007.1279296875,62800,0.0,0.0
2014-12-29 00:00:00+09:00,1999.7351932982274,2018.2170342714087,1981.2533523250459,2007.1279296875,62000,0.0,0.0
2014-12-30 00:00:00+09:00,1988.646032077163,1999.7351363452512,1973.860559719712,1981.2532958984375,53400,0.0,0.0
2015-01-05 00:00:00+09:00,1981.2532958984375,1992.3424001665257,1959.075087362261,1981.2532958984375,81600,0.0,0.0
2015-01-06 00:00:00+09:00,1959.0750803419617,1992.3423930270137,1944.289608037494,1970.1641845703125,128800,0.0,0.0
2015-01-07 00:00:00+09:00,1962.7717029238897,2007.1281255888364,1962.7717029238897,1992.3426513671875,95600,0.0,0.0
2015-01-08 00:00:00+09:00,1996.038640802557,2044.0914228959518,1996.038640802557,2033.0023193359375,112200,0.0,0.0
2015-01-09 00:00:00+09:00,2069.966419646886,2077.359156859911,2021.9136277622265,2047.7882080078125,127800,0.0,0.0
2015-01-13 00:00:00+09:00,2036.6985303460442,2036.6985303460442,1944.2893411288917,1988.645751953125,98000,0.0,0.0
2015-01-14 00:00:00+09:00,1977.556810634803,1977.556810634803,1918.4149247092762,1929.5040283203125,95000,0.0,0.0
2015-01-15 00:00:00+09:00,1966.4674103565706,2029.3056546724758,1933.2001045422676,2018.216552734375,109200,0.0,0.0
2015-01-16 00:00:00+09:00,1999.735150439273,2007.1278866701023,1977.5569417467857,2003.4315185546875,74600,0.0,0.0
2015-01-19 00:00:00+09:00,2003.4315185546875,2018.216991016346,1992.3424142084439,2003.4315185546875,38400,0.0,0.0
2015-01-20 00:00:00+09:00,2007.1278578289248,2040.395170389625,1996.0387536420246,2021.913330078125,72400,0.0,0.0
2015-01-21 00:00:00+09:00,2003.4316960066162,2007.1280644494327,1951.6825378071833,1955.37890625,104200,0.0,0.0
2015-01-22 00:00:00+09:00,1951.6820853593454,1959.074820531161,1929.5038798438982,1947.9857177734375,53400,0.0,0.0
2015-01-23 00:00:00+09:00,1970.1638091465213,1984.9492786335495,1944.2892375442218,1959.07470703125,41600,0.0,0.0
2015-01-26 00:00:00+09:00,1936.8969005237925,1962.7714774391868,1936.8969005237925,1951.682373046875,38600,0.0,0.0
2015-01-27 00:00:00+09:00,1955.378305306112,1977.556509147013,1955.378305306112,1966.4674072265625,33400,0.0,0.0
2015-01-28 00:00:00+09:00,1966.4679748190326,1973.8607115664724,1936.8970278292727,1962.7716064453125,41000,0.0,0.0
2015-01-29 00:00:00+09:00,1951.682235542385,1955.3786034127304,1918.4149247092762,1929.5040283203125,50400,0.0,0.0
2015-01-30 00:00:00+09:00,1936.89697265625,1940.593340924678,1929.5042361193941,1936.89697265625,35800,0.0,0.0
2015-02-02 00:00:00+09:00,1936.8966932405538,1944.2894287109377,1933.200325505362,1944.2894287109375,28600,0.0,0.0
2015-02-03 00:00:00+09:00,1947.9856025636657,1955.3783372982527,1903.629194156144,1907.3255615234375,70000,0.0,0.0
2015-02-04 00:00:00+09:00,1936.8965028007076,1977.5565438900353,1922.1110333136792,1959.07470703125,54200,0.0,0.0
2015-02-05 00:00:00+09:00,1951.6825256931168,1951.6825256931168,1922.1115783341302,1933.20068359375,30000,0.0,0.0
2015-02-06 00:00:00+09:00,1944.2896298363094,1955.3787341889881,1922.1114211309523,1940.59326171875,28000,0.0,0.0
2015-02-09 00:00:00+09:00,1970.1637745333794,2007.1274476015478,1951.681937999295,1966.4674072265625,182800,0.0,0.0
2015-02-10 00:00:00+09:00,1966.4679188036737,1970.1642870721016,1929.5042361193941,1936.89697265625,83800,0.0,0.0
2015-02-12 00:00:00+09:00,1936.8969228891226,1947.9860274094801,1922.1114501953125,1922.1114501953125,93600,0.0,0.0
2015-02-13 00:00:00+09:00,1929.5041865422174,1940.593291062575,1918.41508202186,1922.1114501953125,61200,0.0,0.0
2015-02-16 00:00:00+09:00,1922.1113995807925,1984.94965687478,1922.1113995807925,1970.1641845703125,71400,0.0,0.0
2015-02-17 00:00:00+09:00,1970.1644036650878,2014.520825511206,1959.0752982035583,1999.7353515625,58600,0.0,0.0
2015-02-18 00:00:00+09:00,1999.734712987914,2014.5201822151814,1962.7710399197456,1966.4674072265625,73800,0.0,0.0
2015-02-19 00:00:00+09:00,1966.467780738902,2003.4314608279792,1966.467780738902,1977.556884765625,58600,0.0,0.0
2015-02-20 00:00:00+09:00,1973.8607115664724,1992.3425534350724,1955.3788696978725,1962.7716064453125,60400,0.0,0.0
2015-02-23 00:00:00+09:00,1988.6456460053066,1988.6456460053066,1951.6819722877358,1959.07470703125,77600,0.0,0.0
2015-02-24 00:00:00+09:00,1966.4675557029768,1970.1639232888845,1944.2893501875296,1947.9857177734375,67800,0.0,0.0
2015-02-25 00:00:00+09:00,1955.3787411776455,1962.7714774391868,1944.2896367853336,1951.682373046875,89000,0.0,0.0
2015-02-26 00:00:00+09:00,1940.5928701724647,1970.1638091465213,1940.5928701724647,1959.07470703125,95200,0.0,0.0
2015-02-27 00:00:00+09:00,1966.4678164941954,1984.94965687478,1940.593239961377,1970.1641845703125,99000,0.0,0.0
2015-03-02 00:00:00+09:00,1973.8608085901265,1992.3426513671875,1970.164440034714,1992.3426513671875,84400,0.0,0.0
2015-03-03 00:00:00+09:00,1996.0387248101638,2010.8241968457946,1962.7714127299944,1977.556884765625,67800,0.0,0.0
2015-03-04 00:00:00+09:00,1984.9498051354642,2021.91348865754,1981.2534367832568,2014.520751953125,97000,0.0,0.0
2015-03-05 00:00:00+09:00,2014.5206794669284,2029.3061523437498,2010.824311247723,2029.30615234375,69200,0.0,0.0
2015-03-06 00:00:00+09:00,2029.3061523437498,2036.6988887821606,2007.1279430285176,2029.30615234375,73400,0.0,0.0
2015-03-09 00:00:00+09:00,1999.7351932982274,2014.5206660767724,1977.5569841304098,2007.1279296875,152000,0.0,0.0
2015-03-10 00:00:00+09:00,1999.7354311342594,2007.1281684027779,1977.5572193287037,1996.0390625,111200,0.0,0.0
2015-03-11 00:00:00+09:00,1996.0390199225997,2007.1281255888364,1988.6462828117753,1992.3426513671875,117800,0.0,0.0
2015-03-12 00:00:00+09:00,1999.7351932982274,2025.6097706606813,1999.7351932982274,2007.1279296875,108000,0.0,0.0
2015-03-13 00:00:00+09:00,2007.1280152487097,2029.306225361955,2007.1280152487097,2014.520751953125,118200,0.0,0.0
2015-03-16 00:00:00+09:00,2014.5204528258728,2055.1804986627253,1996.0386138091214,2051.484130859375,95000,0.0,0.0
2015-03-17 00:00:00+09:00,2051.4839826311386,2077.358555385045,2044.0912475585938,2069.9658203125,118200,0.0,0.0
2015-03-18 00:00:00+09:00,2073.6627009465146,2118.019122357135,2073.6627009465146,2114.32275390625,92600,0.0,0.0
2015-03-19 00:00:00+09:00,2121.71533203125,2132.8044365540613,2106.929859334168,2121.71533203125,90600,0.0,0.0
2015-03-20 00:00:00+09:00,2125.4120397403885,2151.28662109375,2118.019302210857,2151.28662109375,92200,0.0,0.0
2015-03-23 00:00:00+09:00,2169.7681587837837,2195.6427364864867,2158.679054054054,2188.25,94200,0.0,0.0
2015-03-24 00:00:00+09:00,2188.25009765625,2228.9101501464843,2143.8936767578125,2217.821044921875,148600,0.0,0.0
2015-03-25 00:00:00+09:00,2206.7317472649597,2217.8208515225724,2151.2862259768954,2169.76806640625,91000,0.0,0.0
2015-03-26 00:00:00+09:00,2184.5536317567567,2188.25,2154.982685810811,2188.25,90000,0.0,0.0
2015-03-27 00:00:00+09:00,2173.0801469518783,2173.0801469518783,2116.193232110206,2138.947998046875,90200,75.0,0.0
2015-03-30 00:00:00+09:00,2127.570292445592,2135.1552132742745,2089.6456883021765,2123.77783203125,60200,0.0,0.0
2015-03-31 00:00:00+09:00,2138.947630550987,2180.664694267407,2131.362709875274,2161.702392578125,72000,0.0,0.0
2015-04-01 00:00:00+09:00,2161.702352174571,2173.0797329754896,2131.362670038787,2154.117431640625,78400,0.0,0.0
2015-04-02 00:00:00+09:00,2161.7026169815467,2203.419685028559,2154.1176955184533,2157.91015625,74000,0.0,0.0
2015-04-03 00:00:00+09:00,2157.91015625,2176.8724599077327,2123.778009666081,2157.91015625,73800,0.0,0.0
2015-04-06 00:00:00+09:00,2123.7781540890956,2169.2876859624334,2108.6083101313166,2138.947998046875,51400,0.0,0.0
2015-04-07 00:00:00+09:00,2127.570556640625,2146.532861067012,2108.6082522142383,2127.570556640625,67000,0.0,0.0
2015-04-08 00:00:00+09:00,2135.1556848515766,2142.74060735549,2104.8159948359234,2119.98583984375,59400,0.0,0.0
2015-04-09 00:00:00+09:00,2097.23046875,2116.192769552441,2082.060628108047,2097.23046875,99800,0.0,0.0
2015-04-10 00:00:00+09:00,2097.230732721542,2116.1930359107064,2074.4759688945455,2101.023193359375,46600,0.0,0.0
2015-04-13 00:00:00+09:00,2085.853286661856,2138.9477339587033,2085.853286661856,2135.1552734375,44400,0.0,0.0
2015-04-14 00:00:00+09:00,2127.570249537418,2173.079773591694,2123.7777891995615,2161.702392578125,34200,0.0,0.0
2015-04-15 00:00:00+09:00,2135.155575809546,2161.70280321748,2135.155575809546,2146.532958984375,52400,0.0,0.0
2015-04-16 00:00:00+09:00,2127.5706150785404,2138.947998046875,2119.9856930996507,2138.947998046875,32000,0.0,0.0
2015-04-17 00:00:00+09:00,2142.740234375,2161.7025373340707,2131.3628525995573,2142.740234375,43200,0.0,0.0
2015-04-20 00:00:00+09:00,2116.1933785917936,2135.1556848515766,2112.4009173398367,2119.98583984375,40600,0.0,0.0
2015-04-21 00:00:00+09:00,2150.3255835361165,2150.3255835361165,2059.3065112171275,2082.061279296875,89200,0.0,0.0
2015-04-22 00:00:00+09:00,2089.6461308523744,2119.985820592518,2089.6461308523744,2116.193359375,42000,0.0,0.0
2015-04-23 00:00:00+09:00,2108.608417723294,2138.948107186939,2108.608417723294,2112.40087890625,20200,0.0,0.0
2015-04-24 00:00:00+09:00,2123.7777295524693,2154.1174114032187,2123.7777295524693,2150.324951171875,31400,0.0,0.0
2015-04-27 00:00:00+09:00,2154.1176161504422,2154.1176161504422,2116.193010232301,2142.740234375,32400,0.0,0.0
2015-04-28 00:00:00+09:00,2142.7404198697454,2142.7404198697454,2116.1931934288814,2131.363037109375,39800,0.0,0.0
2015-04-30 00:00:00+09:00,2135.15547841118,2135.15547841118,2108.6082522142383,2127.570556640625,30000,0.0,0.0
2015-05-01 00:00:00+09:00,2101.023476140962,2112.4008595857686,2097.2310149926934,2108.6083984375,32800,0.0,0.0
2015-05-07 00:00:00+09:00,2082.060830893404,2108.6080546024273,2074.475909833683,2089.645751953125,71600,0.0,0.0
2015-05-08 00:00:00+09:00,2101.023476140962,2142.7405487719197,2085.8536315478864,2108.6083984375,69000,0.0,0.0
2015-05-11 00:00:00+09:00,2154.1178811009277,2154.1178811009277,2135.155575809546,2146.532958984375,36800,0.0,0.0
2015-05-12 00:00:00+09:00,2146.53268945651,2192.0422164414535,2142.740228874431,2188.249755859375,52800,0.0,0.0
2015-05-13 00:00:00+09:00,2188.2497757116403,2195.8346969446097,2150.325169546794,2192.042236328125,38200,0.0,0.0
2015-05-14 00:00:00+09:00,2184.4572952772965,2192.0422164414535,2154.117610620667,2188.249755859375,30000,0.0,0.0
2015-05-15 00:00:00+09:00,2195.8347955248983,2222.382021032108,2180.6649523779215,2211.004638671875,70200,0.0,0.0
2015-05-18 00:00:00+09:00,2192.042334738154,2211.004638671875,2176.872491591177,2211.004638671875,43000,0.0,0.0
2015-05-19 00:00:00+09:00,2188.249755859375,2211.0045193518467,2184.4572952772965,2188.249755859375,43200,0.0,0.0
2015-05-20 00:00:00+09:00,2192.0430841930274,2195.835546276406,2165.495849609375,2165.495849609375,36000,0.0,0.0
2015-05-21 00:00:00+09:00,2188.2500580886312,2203.419902512123,2161.7028303475213,2199.62744140625,35600,0.0,0.0
2015-05-22 00:00:00+09:00,2199.6274607358005,2211.0048441533995,2192.042538457401,2203.419921875,25000,0.0,0.0
2015-05-25 00:00:00+09:00,2207.212589560395,2211.005051054485,2180.665359101765,2195.835205078125,20000,0.0,0.0
2015-05-26 00:00:00+09:00,2184.4575969827583,2207.2123636179954,2173.08021366514,2199.62744140625,20600,0.0,0.0
2015-05-27 00:00:00+09:00,2195.8347955248983,2229.966942605596,2180.6649523779215,2211.004638671875,37200,0.0,0.0
2015-05-28 00:00:00+09:00,2222.3825307349634,2222.3825307349634,2203.420222452242,2214.797607421875,16000,0.0,0.0
2015-05-29 00:00:00+09:00,2214.7971387553416,2229.9669821714742,2203.4197561932424,2218.589599609375,34400,0.0,0.0
2015-06-01 00:00:00+09:00,2222.381713042388,2248.9289348705393,2218.5892527812234,2245.136474609375,26200,0.0,0.0
2015-06-02 00:00:00+09:00,2237.552188697828,2237.552188697828,2211.004959340396,2226.1748046875,27200,0.0,0.0
2015-06-03 00:00:00+09:00,2192.0420309530723,2252.721395131704,2192.0420309530723,2245.136474609375,35200,0.0,0.0
2015-06-04 00:00:00+09:00,2245.1365349264706,2305.8159007352942,2237.5516142003676,2256.513916015625,71000,0.0,0.0
2015-06-05 00:00:00+09:00,2229.9671377661257,2264.0992878339744,2222.382215528826,2248.929443359375,33000,0.0,0.0
2015-06-08 00:00:00+09:00,2260.306356205282,2267.8912768636887,2226.1742132424506,2252.721435546875,16000,0.0,0.0
2015-06-09 00:00:00+09:00,2256.513916015625,2260.3063763786768,2233.7591538373163,2256.513916015625,44600,0.0,0.0
2015-06-10 00:00:00+09:00,2256.513855392868,2260.306315654033,2226.1741733035524,2245.136474609375,37000,0.0,0.0
2015-06-11 00:00:00+09:00,2252.7214556525737,2264.098836741728,2245.1365349264706,2256.513916015625,32800,0.0,0.0
2015-06-12 00:00:00+09:00,2267.8921459026624,2313.4016872920133,2252.7222987728783,2279.26953125,83800,0.0,0.0
2015-06-15 00:00:00+09:00,2271.684306983565,2275.476768264005,2260.306923142245,2267.891845703125,18800,0.0,0.0
2015-06-16 00:00:00+09:00,2267.8912971047794,2279.268678193934,2252.7214556525737,2256.513916015625,19600,0.0,0.0
2015-06-17 00:00:00+09:00,2241.344521122075,2256.514365596675,2241.344521122075,2248.929443359375,16200,0.0,0.0
2015-06-18 00:00:00+09:00,2233.7597273610522,2245.13711137138,2211.004959340396,2226.1748046875,22600,0.0,0.0
2015-06-19 00:00:00+09:00,2226.1747338211776,2260.306884765625,2226.1747338211776,2260.306884765625,22200,0.0,0.0
2015-06-22 00:00:00+09:00,2260.3066993165694,2275.4765429361437,2252.721777506782,2271.68408203125,27200,0.0,0.0
2015-06-23 00:00:00+09:00,2267.891053754376,2302.023193359375,2241.343834061599,2302.023193359375,37000,0.0,0.0
2015-06-24 00:00:00+09:00,2275.4769014721073,2298.2316704868285,2267.8919784672003,2294.439208984375,24400,0.0,0.0
2015-06-25 00:00:00+09:00,2264.0996841202164,2294.4393783797836,2256.5147605553243,2279.26953125,21600,0.0,0.0
2015-06-26 00:00:00+09:00,2271.6841015625,2290.64640625,2267.891640625,2275.4765625,20200,0.0,0.0
2015-06-29 00:00:00+09:00,2252.7217671781677,2252.7217671781677,2192.0423929780823,2222.382080078125,49000,0.0,0.0
2015-06-30 00:00:00+09:00,2192.042373631143,2226.1745213174413,2192.042373631143,2218.589599609375,18800,0.0,0.0
2015-07-01 00:00:00+09:00,2211.0052203742825,2264.0996853575416,2207.2127585897642,2229.967529296875,21800,0.0,0.0
2015-07-02 00:00:00+09:00,2241.3440143482103,2256.513855392868,2226.1741733035524,2245.136474609375,37600,0.0,0.0
2015-07-03 00:00:00+09:00,2256.5142578125,2264.0991796875,2180.6650390625,2180.6650390625,42400,0.0,0.0
2015-07-06 00:00:00+09:00,2180.664694267407,2180.664694267407,2154.1174719024125,2161.702392578125,23400,0.0,0.0
2015-07-07 00:00:00+09:00,2154.118463359238,2173.080773776133,2154.118463359238,2165.495849609375,11400,0.0,0.0
2015-07-08 00:00:00+09:00,2161.7027046081216,2188.2499308050637,2127.570556640625,2127.570556640625,28200,0.0,0.0
2015-07-09 00:00:00+09:00,2089.645751953125,2112.4005151322876,2047.9286861246596,2089.645751953125,47600,0.0,0.0
2015-07-10 00:00:00+09:00,2093.4384375,2108.60828125,2066.8912109375,2085.853515625,24800,0.0,0.0
2015-07-13 00:00:00+09:00,2101.023495357383,2119.985801272161,2097.231034174428,2112.40087890625,9600,0.0,0.0
2015-07-14 00:00:00+09:00,2131.362931129174,2157.91015625,2127.5704703976276,2157.91015625,15200,0.0,0.0
2015-07-15 00:00:00+09:00,2169.287841796875,2176.8727643206403,2142.7406129636965,2169.287841796875,24200,0.0,0.0
2015-07-16 00:00:00+09:00,2184.457820595855,2199.627666572215,2154.1181286431347,2195.835205078125,21000,0.0,0.0
2015-07-17 00:00:00+09:00,2199.6274607358005,2226.174688710198,2184.457616179002,2203.419921875,26600,0.0,0.0
2015-07-21 00:00:00+09:00,2203.4197756405983,2229.9670018531356,2169.2876276530505,2222.382080078125,32600,0.0,0.0
2015-07-22 00:00:00+09:00,2195.835147857666,2218.589916229248,2173.080379486084,2184.457763671875,22400,0.0,0.0
2015-07-23 00:00:00+09:00,2184.4575969827583,2222.382208041487,2165.495291453394,2199.62744140625,30800,0.0,0.0
2015-07-24 00:00:00+09:00,2184.4571546052634,2203.419456294545,2135.1551702131305,2161.702392578125,18000,0.0,0.0
2015-07-27 00:00:00+09:00,2165.4952249729886,2165.4952249729886,2123.7781540890956,2138.947998046875,34800,0.0,0.0
2015-07-28 00:00:00+09:00,2108.6082522142383,2150.3253219522894,2101.0233304436833,2127.570556640625,19400,0.0,0.0
2015-07-29 00:00:00+09:00,2157.9104523633164,2157.9104523633164,2104.8159948359234,2119.98583984375,9800,0.0,0.0
2015-07-30 00:00:00+09:00,2101.0235860299977,2123.7783541097447,2063.0989725637523,2082.061279296875,50200,0.0,0.0
2015-07-31 00:00:00+09:00,2082.06090978674,2104.815673828125,2078.268449113176,2104.815673828125,16600,0.0,0.0
2015-08-03 00:00:00+09:00,2082.0612084173385,2119.985820592518,2082.0612084173385,2116.193359375,15400,0.0,0.0
2015-08-04 00:00:00+09:00,2104.815594072567,2108.6080546024273,2074.475909833683,2089.645751953125,11200,0.0,0.0
2015-08-05 00:00:00+09:00,2089.6455281575522,2116.1927490234375,2082.0606079101562,2093.43798828125,12600,0.0,0.0
2015-08-06 00:00:00+09:00,2093.4385920698924,2116.193359375,2085.8536696348565,2116.193359375,11000,0.0,0.0
2015-08-07 00:00:00+09:00,2082.061227324184,2138.9481461035334,2082.061227324184,2119.98583984375,18000,0.0,0.0
2015-08-10 00:00:00+09:00,2119.985484614917,2199.6271575610945,2104.815642148978,2192.042236328125,23200,0.0,0.0
2015-08-11 00:00:00+09:00,2180.66502907098,2180.66502907098,2108.6082715886346,2131.363037109375,36000,0.0,0.0
2015-08-12 00:00:00+09:00,2119.9858453924007,2195.8350706300535,2119.9858453924007,2169.287841796875,23200,0.0,0.0
2015-08-13 00:00:00+09:00,2138.947958949622,2154.117802630116,2123.778115269128,2131.363037109375,24400,0.0,0.0
2015-08-14 00:00:00+09:00,2135.1556848515766,2142.74060735549,2093.4386110800538,2119.98583984375,11600,0.0,0.0
2015-08-17 00:00:00+09:00,2119.9853716169087,2138.9476736886163,2093.438148716518,2123.77783203125,12000,0.0,0.0
2015-08-18 00:00:00+09:00,2112.40087890625,2119.985801272161,2093.438572991472,2112.40087890625,11000,0.0,0.0
2015-08-19 00:00:00+09:00,2093.4384375,2097.2308984375,2078.26859375,2085.853515625,15400,0.0,0.0
2015-08-20 00:00:00+09:00,2066.8913187550356,2078.268702161027,2051.7214742137144,2059.306396484375,16800,0.0,0.0
2015-08-21 00:00:00+09:00,2013.7968112216906,2044.1364995263489,2006.2118891455261,2025.1741943359375,21400,0.0,0.0
2015-08-24 00:00:00+09:00,1991.0418104851383,2002.419192259339,1953.1172045711357,1979.6644287109375,37200,0.0,0.0
2015-08-25 00:00:00+09:00,1911.3997203217457,2021.3810534354968,1900.0223410341162,1922.777099609375,47400,0.0,0.0
2015-08-26 00:00:00+09:00,1922.7772425788849,1979.6641432468994,1911.399862445282,1949.324462890625,42600,0.0,0.0
2015-08-27 00:00:00+09:00,1949.3248726639094,1972.079637714461,1930.3625684551166,1934.155029296875,26200,0.0,0.0
2015-08-28 00:00:00+09:00,1972.079563176789,2013.7966308593748,1953.1172596847043,2013.796630859375,9400,0.0,0.0
2015-08-31 00:00:00+09:00,1987.2496848616322,2021.3818359375,1987.2496848616322,2021.3818359375,16400,0.0,0.0
2015-09-01 00:00:00+09:00,2010.0039678642377,2021.3813488144124,1991.0416662806126,1998.6265869140625,21200,0.0,0.0
2015-09-02 00:00:00+09:00,1991.0422553580975,2021.3819468683162,1979.6648710417655,1994.834716796875,18600,0.0,0.0
2015-09-03 00:00:00+09:00,1975.8720109269425,1979.6644716005067,1956.9097075591217,1964.49462890625,23200,0.0,0.0
2015-09-04 00:00:00+09:00,1964.4950220059698,1964.4950220059698,1926.5704076815302,1945.53271484375,22400,0.0,0.0
2015-09-07 00:00:00+09:00,1930.362800006601,1934.155261303274,1888.645725743197,1907.6080322265625,16600,0.0,0.0
2015-09-08 00:00:00+09:00,1907.6072605592026,1949.3243179471772,1907.6072605592026,1922.777099609375,14200,0.0,0.0
2015-09-09 00:00:00+09:00,1968.2873292364468,2070.683779890366,1953.1174846951253,2059.306396484375,32200,0.0,0.0
2015-09-10 00:00:00+09:00,2006.2116202961943,2097.2306730128457,2002.419159766334,2089.645751953125,17400,0.0,0.0
2015-09-11 00:00:00+09:00,2135.1556904399313,2184.4576868444055,2127.570767916166,2169.287841796875,57400,0.0,0.0
2015-09-14 00:00:00+09:00,2093.438644075046,2108.6084893219663,2063.0989535812046,2078.268798828125,18800,0.0,0.0
2015-09-15 00:00:00+09:00,2055.5138826405955,2055.5138826405955,2017.5892722597728,2025.1741943359375,32400,0.0,0.0
2015-09-16 00:00:00+09:00,2032.7589079797046,2059.3061325242156,2028.9664473304888,2055.513671875,12600,0.0,0.0
2015-09-17 00:00:00+09:00,2036.55193617079,2066.8916298195168,2025.1745510525175,2047.9293212890625,20800,0.0,0.0
2015-09-18 00:00:00+09:00,2047.9287899241726,2066.8910935345816,2036.5514077579273,2063.0986328125,24800,0.0,0.0
2015-09-24 00:00:00+09:00,2047.9287367822544,2047.9287367822544,1991.0418274271917,2006.211669921875,22800,0.0,0.0
2015-09-25 00:00:00+09:00,1975.872058762248,2044.1363525390625,1975.872058762248,2044.1363525390625,19800,0.0,0.0
2015-09-28 00:00:00+09:00,2044.1363129855533,2078.2684592135124,2006.2117060655987,2036.5513916015625,26000,0.0,0.0
2015-09-29 00:00:00+09:00,1991.0414843289357,2063.0982237617923,1972.0791844781838,2010.0037841796875,27200,0.0,0.0
2015-09-30 00:00:00+09:00,2010.004704228154,2070.6840915256075,1983.457472285518,2047.9293212890625,16800,0.0,0.0
2015-10-01 00:00:00+09:00,2025.1741553285067,2055.513843048784,1994.8344676082295,2017.5892333984375,14400,0.0,0.0
2015-10-02 00:00:00+09:00,1983.4571726558772,2010.004400588174,1983.4571726558772,1987.2496337890625,15000,0.0,0.0
2015-10-05 00:00:00+09:00,1994.8342880508626,2006.211669921875,1979.664445556179,2006.211669921875,10000,0.0,0.0
2015-10-06 00:00:00+09:00,2040.343891773684,2063.0986563659553,2021.381587946791,2044.1363525390625,19800,0.0,0.0
2015-10-07 00:00:00+09:00,2055.513671875,2070.6835144718634,2032.7589079797046,2055.513671875,21400,0.0,0.0
2015-10-08 00:00:00+09:00,2025.174208099873,2070.683740866162,2025.174208099873,2051.721435546875,17000,0.0,0.0
2015-10-09 00:00:00+09:00,2051.721435546875,2055.5138966107324,2032.759130227588,2051.721435546875,23400,0.0,0.0
2015-10-13 00:00:00+09:00,2025.1741553285067,2028.9666162935414,1998.6269285732642,2017.5892333984375,19400,0.0,0.0
2015-10-14 00:00:00+09:00,2006.2116729561274,2006.2116729561274,1972.0795272914675,1983.4569091796875,23200,0.0,0.0
2015-10-15 00:00:00+09:00,1983.4571726558772,1991.0420949222478,1975.8722503895067,1987.2496337890625,19600,0.0,0.0
2015-10-16 00:00:00+09:00,1987.249369809094,2006.2116729561274,1964.494606032654,1983.4569091796875,27000,0.0,0.0
2015-10-19 00:00:00+09:00,1987.2495558518629,1987.2495558518629,1956.909867976262,1972.0797119140625,14800,0.0,0.0
2015-10-20 00:00:00+09:00,1956.9095458984375,1968.2869269792425,1949.324625177901,1956.9095458984375,11800,0.0,0.0
2015-10-21 00:00:00+09:00,1949.3246224143288,2006.211527737704,1945.532162059437,2002.4190673828125,26800,0.0,0.0
2015-10-22 00:00:00+09:00,1975.8722503895067,2002.4194783218034,1975.8722503895067,1987.2496337890625,9200,0.0,0.0
2015-10-23 00:00:00+09:00,2028.9664736530424,2036.5513950498762,1987.2494059704566,2013.796630859375,19600,0.0,0.0
2015-10-26 00:00:00+09:00,2013.7964484474876,2017.5889088023791,2002.4190673828125,2002.4190673828125,12800,0.0,0.0
2015-10-27 00:00:00+09:00,1983.4567684203157,2002.419070221657,1956.9095458984375,1956.9095458984375,20400,0.0,0.0
2015-10-28 00:00:00+09:00,1983.4569122491537,1983.4569122491537,1960.7021484375,1960.7021484375,7600,0.0,0.0
2015-10-29 00:00:00+09:00,1972.079507528137,1987.249349893738,1956.909665162536,1979.6644287109375,46200,0.0,0.0
2015-10-30 00:00:00+09:00,1972.0795502533783,1987.2493929476352,1960.7021682326858,1964.49462890625,22800,0.0,0.0
2015-11-02 00:00:00+09:00,1949.3248726639094,1956.9097943474267,1930.3625684551166,1934.155029296875,19200,0.0,0.0
2015-11-04 00:00:00+09:00,1972.0797119140625,1979.6646338829626,1949.3249460073616,1972.0797119140625,24200,0.0,0.0
2015-11-05 00:00:00+09:00,1975.8722503895067,2002.4194783218034,1972.0797892563214,1987.2496337890625,15600,0.0,0.0
2015-11-06 00:00:00+09:00,1972.079384543679,2025.1738295121625,1972.079384543679,2002.4190673828125,14400,0.0,0.0
2015-11-09 00:00:00+09:00,1972.0793646969878,2006.2115075475126,1945.5321424799129,1998.6265869140625,28800,0.0,0.0
2015-11-10 00:00:00+09:00,2002.4192487641242,2025.1740129546256,1998.6267880657072,2013.796630859375,19200,0.0,0.0
2015-11-11 00:00:00+09:00,1994.8346451518694,2028.9667968750002,1994.8346451518694,2028.966796875,16400,0.0,0.0
2015-11-12 00:00:00+09:00,2047.928813304441,2051.7212740698196,2036.5514310083054,2044.1363525390625,21400,0.0,0.0
2015-11-13 00:00:00+09:00,2040.34414209076,2040.34414209076,2006.2119910148922,2021.3818359375,8400,0.0,0.0
2015-11-16 00:00:00+09:00,2010.004311468368,2021.3816943634722,1991.0420066431948,2017.5892333984375,9200,0.0,0.0
2015-11-17 00:00:00+09:00,2021.3817470360157,2059.30635767459,2021.3817470360157,2051.721435546875,24800,0.0,0.0
2015-11-18 00:00:00+09:00,2066.891279802305,2066.891279802305,2028.9666691637306,2051.721435546875,16200,0.0,0.0
2015-11-19 00:00:00+09:00,2055.513671875,2063.0985931734317,2047.928750576568,2055.513671875,11200,0.0,0.0
2015-11-20 00:00:00+09:00,2044.1362899273522,2055.513671875,2044.1362899273522,2055.513671875,9600,0.0,0.0
2015-11-24 00:00:00+09:00,2066.89111328125,2078.2684955561926,2040.3438879730504,2066.89111328125,18400,0.0,0.0
2015-11-25 00:00:00+09:00,2047.9287899241726,2066.8910935345816,2047.9287899241726,2063.0986328125,11000,0.0,0.0
2015-11-26 00:00:00+09:00,2074.476034797878,2078.2684955561926,2055.5137310063074,2066.89111328125,10800,0.0,0.0
2015-11-27 00:00:00+09:00,2066.8908260823137,2176.872172791281,2066.8908260823137,2150.324951171875,34400,0.0,0.0
2015-11-30 00:00:00+09:00,2169.287836119186,2169.287836119186,2112.4009173398367,2119.98583984375,10400,0.0,0.0
2015-12-01 00:00:00+09:00,2146.5327210133687,2150.3251816512015,2089.6458114458765,2101.023193359375,13000,0.0,0.0
2015-12-02 00:00:00+09:00,2070.6840915256075,2089.646400056062,2032.7594744646992,2047.9293212890625,26400,0.0,0.0
2015-12-03 00:00:00+09:00,2063.0988187384473,2063.0988187384473,2044.1365134191603,2051.721435546875,10200,0.0,0.0
2015-12-04 00:00:00+09:00,2017.5896276403357,2051.7217829951533,2013.797165934245,2047.9293212890625,15200,0.0,0.0
2015-12-07 00:00:00+09:00,2047.9289160519284,2063.098759874535,2025.174150318018,2040.343994140625,17400,0.0,0.0
2015-12-08 00:00:00+09:00,2006.2120290595797,2040.3441807827105,2006.2120290595797,2028.966796875,17800,0.0,0.0
2015-12-09 00:00:00+09:00,2040.3438557482932,2044.13631644671,2002.4192487641242,2013.796630859375,19000,0.0,0.0
2015-12-10 00:00:00+09:00,1994.8343273672904,2051.721237843544,1994.8343273672904,2013.796630859375,13800,0.0,0.0
2015-12-11 00:00:00+09:00,2006.2117448852766,2051.7212740698196,2006.2117448852766,2044.1363525390625,24800,0.0,0.0
2015-12-14 00:00:00+09:00,2006.211669921875,2021.3815124165585,1991.0418274271917,2006.211669921875,16800,0.0,0.0
2015-12-15 00:00:00+09:00,1998.626923628456,2059.3062989188834,1998.626923628456,2040.343994140625,30000,0.0,0.0
2015-12-16 00:00:00+09:00,2059.3061956005768,2074.4760386620915,2032.7589702429268,2044.1363525390625,16200,0.0,0.0
2015-12-17 00:00:00+09:00,2047.9285875257556,2108.6079530820743,2047.9285875257556,2070.683349609375,28400,0.0,0.0
2015-12-18 00:00:00+09:00,2082.060628108047,2116.192769552441,2055.513406984629,2097.23046875,22000,0.0,0.0
2015-12-21 00:00:00+09:00,2104.81572478512,2104.81572478512,2028.9665094775482,2044.1363525390625,16000,0.0,0.0
2015-12-22 00:00:00+09:00,2047.9285916415126,2047.9285916415126,1994.834146673029,2002.4190673828125,21200,0.0,0.0
2015-12-24 00:00:00+09:00,1994.8344580736693,1994.8344580736693,1956.9098486045882,1968.2872314453125,21200,0.0,0.0
2015-12-25 00:00:00+09:00,1968.2872314453125,1968.2872314453125,1968.2872314453125,1968.2872314453125,0,0.0,0.0
2015-12-28 00:00:00+09:00,1934.1549016141344,2002.419192259339,1934.1549016141344,1979.6644287109375,8200,0.0,0.0
2015-12-29 00:00:00+09:00,1975.8718448985705,2010.0039880925958,1972.079384543679,2002.4190673828125,9200,0.0,0.0
2015-12-30 00:00:00+09:00,2025.1745510525175,2047.9293212890625,2002.4197808159722,2047.9293212890625,14400,0.0,0.0
2016-01-04 00:00:00+09:00,2055.5139870133676,2059.3064482440195,2013.796913476196,2021.3818359375,8400,0.0,0.0
2016-01-05 00:00:00+09:00,2021.381587946791,2074.4760386620915,2021.381587946791,2044.1363525390625,9400,0.0,0.0
2016-01-06 00:00:00+09:00,2044.1361703445662,2047.9286307719215,2010.0040264983675,2032.7587890625,10600,0.0,0.0
2016-01-07 00:00:00+09:00,2002.4192522321428,2025.1740164620535,1991.0418701171875,1991.0418701171875,12600,0.0,0.0
2016-01-08 00:00:00+09:00,1968.2872509296124,1987.2495558518629,1956.909867976262,1972.0797119140625,17200,0.0,0.0
2016-01-12 00:00:00+09:00,1941.7401115618663,1945.5325727172606,1869.683349609375,1869.683349609375,19200,0.0,0.0
2016-01-13 00:00:00+09:00,1869.6832374301353,1930.362612275738,1869.6832374301353,1918.9852294921875,8200,0.0,0.0
2016-01-14 00:00:00+09:00,1892.4380029972363,1937.9475341314385,1881.0606202136858,1918.9852294921875,24200,0.0,0.0
2016-01-15 00:00:00+09:00,1918.9851859298408,1941.7399509803922,1918.9851859298408,1934.155029296875,6600,0.0,0.0
2016-01-18 00:00:00+09:00,1896.2306483365433,1937.9477225999472,1888.645725743197,1907.6080322265625,9200,0.0,0.0
2016-01-19 00:00:00+09:00,1930.362869113974,1975.8724063033017,1918.9854848166424,1945.53271484375,19000,0.0,0.0
2016-01-20 00:00:00+09:00,1930.3629515621078,1941.7403363453814,1888.6458740234375,1888.6458740234375,13400,0.0,0.0
2016-01-21 00:00:00+09:00,1892.4381360505756,1911.4004420230262,1801.4190673828125,1801.4190673828125,20200,0.0,0.0
2016-01-22 00:00:00+09:00,1831.7587632976595,1854.513530543593,1801.4190736364146,1850.7210693359375,19400,0.0,0.0
2016-01-25 00:00:00+09:00,1884.8529108106475,1884.8529108106475,1820.381080863402,1839.3433837890625,18600,0.0,0.0
2016-01-26 00:00:00+09:00,1820.3810051305968,1820.3810051305968,1778.6639404296875,1778.6639404296875,14200,0.0,0.0
2016-01-27 00:00:00+09:00,1793.834202211771,1824.1738927354374,1793.834202211771,1812.7965087890625,11200,0.0,0.0
2016-01-28 00:00:00+09:00,1805.211366939746,1812.796288649577,1793.833984375,1793.833984375,13400,0.0,0.0
2016-01-29 00:00:00+09:00,1793.8339566317472,1835.551025390625,1793.8339566317472,1835.551025390625,9800,0.0,0.0
2016-02-01 00:00:00+09:00,1873.4756937026978,1941.739990234375,1850.7209281921387,1941.739990234375,20600,0.0,0.0
2016-02-02 00:00:00+09:00,1949.324462890625,1960.7018430242279,1937.9470827570221,1949.324462890625,10600,0.0,0.0
2016-02-03 00:00:00+09:00,1949.3248924061277,1949.3248924061277,1858.305831282106,1937.947509765625,18800,0.0,0.0
2016-02-04 00:00:00+09:00,1941.7399950592885,1949.324916914989,1911.4003076364872,1918.9852294921875,14600,0.0,0.0
2016-02-05 00:00:00+09:00,1918.9848225911458,1918.9848225911458,1869.682840983073,1911.39990234375,15000,0.0,0.0
2016-02-08 00:00:00+09:00,1869.6831949869793,1956.9097943474267,1839.3435082529106,1934.155029296875,29800,0.0,0.0
2016-02-09 00:00:00+09:00,1900.0229054668162,1922.7776708017482,1892.4379836885057,1915.1927490234375,15600,0.0,0.0
2016-02-10 00:00:00+09:00,1953.1167777097203,1960.7016972348065,1911.3997203217457,1922.777099609375,28000,0.0,0.0
2016-02-12 00:00:00+09:00,1858.306181268041,1953.1177211286551,1858.306181268041,1888.6458740234375,50800,0.0,0.0
2016-02-15 00:00:00+09:00,1907.6080573521458,2085.8537406434993,1903.8155960055212,2082.061279296875,38400,0.0,0.0
2016-02-16 00:00:00+09:00,2044.1365507868409,2078.268700985508,1987.2496337890625,1987.2496337890625,41800,0.0,0.0
2016-02-17 00:00:00+09:00,1956.9097544752706,1972.0795975332185,1915.1926860659141,1926.570068359375,55400,0.0,0.0
2016-02-18 00:00:00+09:00,1956.9097170696577,2044.1363129855533,1956.9097170696577,2036.5513916015625,34200,0.0,0.0
2016-02-19 00:00:00+09:00,2036.5512262375742,2078.26829046218,2021.381384701354,2074.475830078125,39600,0.0,0.0
2016-02-22 00:00:00+09:00,2074.475909833683,2119.985436192009,2074.475909833683,2089.645751953125,42000,0.0,0.0
2016-02-23 00:00:00+09:00,2089.6458484468003,2101.023230561756,1987.2494094122023,1991.0418701171875,36800,0.0,0.0
2016-02-24 00:00:00+09:00,1983.4573324805428,2017.5894854295389,1934.1553337764376,1994.834716796875,30800,0.0,0.0
2016-02-25 00:00:00+09:00,1964.4947899451622,2028.9666266808142,1964.4947899451622,1972.0797119140625,38600,0.0,0.0
2016-02-26 00:00:00+09:00,2006.2119910148922,2051.7215257827156,2006.2119910148922,2021.3818359375,25600,0.0,0.0
2016-02-29 00:00:00+09:00,2028.9662898670542,2082.060734835538,2002.4190673828125,2002.4190673828125,31400,0.0,0.0
2016-03-01 00:00:00+09:00,2002.4192092982044,2028.9664336639,1979.664445556179,2006.211669921875,29000,0.0,0.0
2016-03-02 00:00:00+09:00,2040.3437650649387,2101.0231335427065,2040.3437650649387,2089.645751953125,35000,0.0,0.0
2016-03-03 00:00:00+09:00,2089.645751953125,2093.4382124829854,2070.6834493038223,2089.645751953125,21400,0.0,0.0
2016-03-04 00:00:00+09:00,2085.8537214515854,2097.231105386776,2066.891414892935,2078.268798828125,44000,0.0,0.0
2016-03-07 00:00:00+09:00,2078.268702161027,2085.8536244316874,2055.5139353490445,2059.306396484375,20200,0.0,0.0
2016-03-08 00:00:00+09:00,2051.721382083749,2059.3063040138186,2010.004311468368,2017.5892333984375,28600,0.0,0.0
2016-03-09 00:00:00+09:00,2013.7968026012927,2013.7968026012927,1960.7023482954205,1975.8721923828125,37000,0.0,0.0
2016-03-10 00:00:00+09:00,1987.2493668035208,2013.7965911692168,1987.2493668035208,2006.211669921875,25400,0.0,0.0
2016-03-11 00:00:00+09:00,1991.0421460922844,2025.174297168152,1991.0421460922844,2021.3818359375,30200,0.0,0.0
2016-03-14 00:00:00+09:00,2051.7212506462547,2074.4760149787453,2051.7212506462547,2063.0986328125,18200,0.0,0.0
2016-03-15 00:00:00+09:00,2055.5139353490445,2074.4762410256963,2044.1365519430535,2059.306396484375,18200,0.0,0.0
2016-03-16 00:00:00+09:00,2047.9289744830178,2070.683740866162,2044.1365134191603,2051.721435546875,26600,0.0,0.0
2016-03-17 00:00:00+09:00,2059.3065112171275,2101.0235860299977,2059.3065112171275,2082.061279296875,30400,0.0,0.0
2016-03-18 00:00:00+09:00,2082.060919905508,2085.8533805975035,2036.5513916015623,2036.5513916015625,37600,0.0,0.0
2016-03-22 00:00:00+09:00,2040.3438684800092,2078.268475700827,2032.7589470358455,2063.0986328125,30800,0.0,0.0
2016-03-23 00:00:00+09:00,2066.8909093100146,2074.475830078125,2021.381384701354,2074.475830078125,25400,0.0,0.0
2016-03-24 00:00:00+09:00,2044.1361703445662,2070.683393336054,2032.7587890624998,2032.7587890625,23600,0.0,0.0
2016-03-25 00:00:00+09:00,2013.7962441498378,2074.4756036722433,2006.211324209537,2010.0037841796875,21400,0.0,0.0
2016-03-28 00:00:00+09:00,2036.55193617079,2047.9293212890625,2021.3820893464265,2047.9293212890625,24600,0.0,0.0
2016-03-29 00:00:00+09:00,2086.936773466489,2106.440855461503,2028.424527481447,2102.5400390625,32000,75.0,0.0
2016-03-30 00:00:00+09:00,2071.3339253972085,2118.1437316208744,2063.5322910265977,2083.036376953125,34600,0.0,0.0
2016-03-31 00:00:00+09:00,2079.1356154668897,2110.3421537853424,2047.9290771484375,2047.9290771484375,19000,0.0,0.0
2016-04-01 00:00:00+09:00,2044.0275688913546,2044.0275688913546,1997.217777237354,2005.0194091796875,28200,0.0,0.0
2016-04-04 00:00:00+09:00,2008.9203407437194,2028.4244217218136,1973.8129949831496,1989.416259765625,42400,0.0,0.0
2016-04-05 00:00:00+09:00,1981.615478515625,1981.615478515625,1930.9048461914062,1934.8056640625,25600,0.0,0.0
2016-04-06 00:00:00+09:00,1934.8053022285858,1969.9126565028948,1934.8053022285858,1958.210205078125,22800,0.0,0.0
2016-04-07 00:00:00+09:00,1942.606696719215,1969.9124133397663,1942.606696719215,1966.0115966796875,17600,0.0,0.0
2016-04-08 00:00:00+09:00,1942.606744917121,1946.5075616739825,1911.4002108622274,1923.1026611328125,41800,0.0,0.0
2016-04-11 00:00:00+09:00,1923.1025363277272,1930.904169335142,1860.6894722684094,1915.3009033203125,33800,0.0,0.0
2016-04-12 00:00:00+09:00,1899.6981208660852,1919.20220834931,1887.9956683761504,1907.499755859375,26800,0.0,0.0
2016-04-13 00:00:00+09:00,1907.4992703128976,1966.011517868508,1899.6976373054829,1915.3009033203125,48400,0.0,0.0
2016-04-14 00:00:00+09:00,1930.90412109375,1958.2098359375,1907.49922265625,1950.408203125,56200,0.0,0.0
2016-04-15 00:00:00+09:00,1930.9046652788172,1969.912840334955,1927.0038477732035,1954.3095703125,44600,0.0,0.0
2016-04-18 00:00:00+09:00,1946.5081176757812,1958.2105712890625,1919.202392578125,1942.6072998046875,33400,0.0,0.0
2016-04-19 00:00:00+09:00,1973.8134736444847,1981.6151079276644,1942.6069365117655,1958.210205078125,16800,0.0,0.0
2016-04-20 00:00:00+09:00,1954.3095116898005,2001.1193203530293,1954.3095116898005,1973.8135986328125,24000,0.0,0.0
2016-04-21 00:00:00+09:00,1977.7143035888673,2036.2265610914965,1977.7143035888673,2028.4249267578125,30200,0.0,0.0
2016-04-22 00:00:00+09:00,2020.6229819288533,2024.5237984962835,1989.4164493894116,2008.9205322265625,21000,0.0,0.0
2016-04-25 00:00:00+09:00,2020.6231689453127,2032.3256197307103,2005.0199012314492,2020.6231689453125,17000,0.0,0.0
2016-04-26 00:00:00+09:00,2020.62302992079,2020.62302992079,1954.3091466994513,1966.0115966796875,12800,0.0,0.0
2016-04-27 00:00:00+09:00,1958.2101414743552,1977.7142265488008,1938.7060563999094,1946.5076904296875,17400,0.0,0.0
2016-04-28 00:00:00+09:00,1950.4081789127067,1985.5155261331354,1884.0943008296747,1887.9951171875,23200,0.0,0.0
2016-05-02 00:00:00+09:00,1856.788937326205,1876.2930228023206,1841.1856689453125,1841.1856689453125,26600,0.0,0.0
2016-05-06 00:00:00+09:00,1837.284723764837,1841.185540588117,1798.276555532038,1817.7806396484375,28600,0.0,0.0
2016-05-09 00:00:00+09:00,1817.780699764785,1856.7888692876343,1806.0782489079302,1813.8798828125,12400,0.0,0.0
2016-05-10 00:00:00+09:00,1829.48340300562,1884.0948478714593,1817.7809505343687,1876.293212890625,19400,0.0,0.0
2016-05-11 00:00:00+09:00,1907.499570493345,1907.499570493345,1884.094667787905,1895.797119140625,15200,0.0,0.0
2016-05-12 00:00:00+09:00,1864.5902695885745,1884.0943519064465,1856.7886366614257,1860.689453125,10000,0.0,0.0
2016-05-13 00:00:00+09:00,1852.8881122539572,1852.8881122539572,1798.2766731559457,1802.177490234375,20800,0.0,0.0
2016-05-16 00:00:00+09:00,1802.1775596217105,1903.5988075657895,1802.1775596217105,1852.88818359375,31600,0.0,0.0
2016-05-17 00:00:00+09:00,1852.887871924867,1856.7886884973404,1806.0780730551862,1833.3837890625,26600,0.0,0.0
2016-05-18 00:00:00+09:00,1821.6815939067324,1895.797119140625,1821.6815939067324,1895.797119140625,18800,0.0,0.0
2016-05-19 00:00:00+09:00,1895.797119140625,1903.5987533757716,1872.3922164351852,1895.797119140625,12000,0.0,0.0
2016-05-20 00:00:00+09:00,1887.9957300101216,1938.7063591219637,1887.9957300101216,1927.00390625,14600,0.0,0.0
2016-05-23 00:00:00+09:00,1950.4085707949453,1958.2102050781252,1915.3012165206362,1958.210205078125,15800,0.0,0.0
2016-05-24 00:00:00+09:00,1958.209730200674,1997.2178921568627,1958.209730200674,1989.416259765625,18400,0.0,0.0
2016-05-25 00:00:00+09:00,2008.9204668998718,2012.821283340454,1977.7139353752136,1997.218017578125,19600,0.0,0.0
2016-05-26 00:00:00+09:00,1993.3176269531252,2008.9208960486485,1950.4086369404356,1993.317626953125,16000,0.0,0.0
2016-05-27 00:00:00+09:00,1989.4164966401602,1989.4164966401602,1950.4083300393727,1966.0115966796875,19200,0.0,0.0
2016-05-30 00:00:00+09:00,1966.0117839820728,1989.4166861723354,1954.3093328869413,1985.515869140625,6400,0.0,0.0
2016-05-31 00:00:00+09:00,1973.8131132351132,1985.5155625230684,1954.3090310885211,1981.61474609375,16200,0.0,0.0
2016-06-01 00:00:00+09:00,1958.2102050781252,1989.4167422108442,1958.2102050781252,1958.210205078125,11200,0.0,0.0
2016-06-02 00:00:00+09:00,1958.2105712890625,1969.9130249023438,1915.3015747070312,1942.6072998046875,15600,0.0,0.0
2016-06-03 00:00:00+09:00,1954.30901953125,1969.91228515625,1930.90412109375,1950.408203125,9800,0.0,0.0
2016-06-06 00:00:00+09:00,1919.2022710020244,1934.8055414979758,1907.499818130061,1927.00390625,9000,0.0,0.0
2016-06-07 00:00:00+09:00,1950.408935546875,1962.1113891601562,1911.4007568359375,1934.8056640625,7600,0.0,0.0
2016-06-08 00:00:00+09:00,1946.5081176757812,1946.5081176757812,1919.202392578125,1942.6072998046875,4800,0.0,0.0
2016-06-09 00:00:00+09:00,1942.6071155894886,1942.6071155894886,1903.5989405776515,1930.9046630859375,9000,0.0,0.0
2016-06-10 00:00:00+09:00,1930.9044206646126,1938.7060546875,1915.301152618838,1938.7060546875,13200,0.0,0.0
2016-06-13 00:00:00+09:00,1907.4993828246313,1915.3010162922167,1884.094482421875,1884.094482421875,10600,0.0,0.0
2016-06-14 00:00:00+09:00,1880.1938398975437,1884.0946569927669,1829.483217659643,1841.1856689453125,9400,0.0,0.0
2016-06-15 00:00:00+09:00,1852.8881823033662,1864.5906339810717,1833.3840961738572,1845.0865478515625,16600,0.0,0.0
2016-06-16 00:00:00+09:00,1833.3841455510233,1837.284962881983,1759.2686162627904,1763.16943359375,15600,0.0,0.0
2016-06-17 00:00:00+09:00,1798.2766683478105,1813.8799366198089,1770.9709488718133,1778.7725830078125,7000,0.0,0.0
2016-06-20 00:00:00+09:00,1790.4749218854781,1837.284723764837,1790.4749218854781,1817.7806396484375,8000,0.0,0.0
2016-06-21 00:00:00+09:00,1837.2846656262493,1841.1854823260928,1821.6813988268757,1829.4830322265625,7000,0.0,0.0
2016-06-22 00:00:00+09:00,1817.7804720256813,1864.5902695885745,1817.7804720256813,1860.689453125,6800,0.0,0.0
2016-06-23 00:00:00+09:00,1848.9870553523938,1848.9870553523938,1817.7805227726064,1833.3837890625,7600,0.0,0.0
2016-06-24 00:00:00+09:00,1864.5906734906032,1864.5906734906032,1665.6489907541581,1692.9547119140625,19600,0.0,0.0
2016-06-27 00:00:00+09:00,1704.65710588251,1770.9709978733629,1704.65710588251,1712.458740234375,14200,0.0,0.0
2016-06-28 00:00:00+09:00,1712.4587388376895,1739.7644590469465,1689.0538358011834,1704.6571044921875,14000,0.0,0.0
2016-06-29 00:00:00+09:00,1735.8637122770326,1763.16943359375,1720.2604429531941,1763.16943359375,10200,0.0,0.0
2016-06-30 00:00:00+09:00,1763.1691197770367,1790.4748362337607,1728.061770046963,1735.8634033203125,16600,0.0,0.0
2016-07-01 00:00:00+09:00,1739.7642199569875,1743.6650365936623,1720.260136773613,1735.8634033203125,12200,0.0,0.0
2016-07-04 00:00:00+09:00,1743.6652872451882,1770.971007627104,1735.8636528503553,1767.0701904296875,12800,0.0,0.0
2016-07-05 00:00:00+09:00,1747.5661044426047,1774.8718248245204,1747.5661044426047,1767.0701904296875,10000,0.0,0.0
2016-07-06 00:00:00+09:00,1778.7725830078125,1786.574217143812,1747.5660464638158,1778.7725830078125,26000,0.0,0.0
2016-07-07 00:00:00+09:00,1774.8715696870613,1778.772386323736,1731.9625866836377,1735.8634033203125,8400,0.0,0.0
2016-07-08 00:00:00+09:00,1731.9625842092269,1755.367483995838,1716.3593176848194,1728.061767578125,8000,0.0,0.0
2016-07-11 00:00:00+09:00,1728.061767578125,1728.061767578125,1728.061767578125,1728.061767578125,0,0.0,0.0
2016-07-12 00:00:00+09:00,1778.7724734575322,1856.788810012687,1778.7724734575322,1825.582275390625,11600,0.0,0.0
2016-07-13 00:00:00+09:00,1833.384097450658,1868.4914525082238,1833.384097450658,1852.88818359375,15600,0.0,0.0
2016-07-14 00:00:00+09:00,1845.086365776223,1868.4912668220102,1845.086365776223,1848.9871826171875,13000,0.0,0.0
2016-07-15 00:00:00+09:00,1860.6899429289567,1884.0948478714593,1848.9874904577055,1876.293212890625,19400,0.0,0.0
2016-07-19 00:00:00+09:00,1887.9952634781127,1966.0115966796877,1887.9952634781127,1966.0115966796875,17600,0.0,0.0
2016-07-20 00:00:00+09:00,1958.210447241903,1962.1112648658907,1919.2022710020244,1927.00390625,17600,0.0,0.0
2016-07-21 00:00:00+09:00,1958.2103878181138,1958.2103878181138,1903.598942739521,1954.3095703125,14200,0.0,0.0
2016-07-22 00:00:00+09:00,1942.6068734147984,1946.5076904296877,1919.2019713254635,1946.5076904296875,8400,0.0,0.0
2016-07-25 00:00:00+09:00,1977.7144753461826,1977.7144753461826,1938.7063002900447,1954.3095703125,14400,0.0,0.0
2016-07-26 00:00:00+09:00,1954.3095116898005,1981.6152334100173,1934.8054247467885,1973.8135986328125,16000,0.0,0.0
2016-07-27 00:00:00+09:00,1981.614925935953,1981.614925935953,1919.2018574025371,1969.9124755859375,18800,0.0,0.0
2016-07-28 00:00:00+09:00,1958.2098475178395,1993.3171953817052,1942.606581800566,1981.61474609375,13000,0.0,0.0
2016-07-29 00:00:00+09:00,1981.6149345531799,2005.0198353549893,1969.9124841522753,2001.1190185546875,16800,0.0,0.0
2016-08-01 00:00:00+09:00,1993.317009378467,2001.118641509107,1942.6064005293085,1977.7137451171875,14400,0.0,0.0
2016-08-02 00:00:00+09:00,1969.9124841522753,2005.0198353549893,1946.5075833504661,2001.1190185546875,17400,0.0,0.0
2016-08-03 00:00:00+09:00,1985.5162963867188,1985.5162963867188,1934.8056640625,1942.6072998046875,16200,0.0,0.0
2016-08-04 00:00:00+09:00,1950.4080326599483,1989.4161933131472,1942.6064005293085,1977.7137451171875,25600,0.0,0.0
2016-08-05 00:00:00+09:00,1993.317572256235,2032.3257439246545,1966.0118520883414,2028.4249267578125,23800,0.0,0.0
2016-08-08 00:00:00+09:00,2071.333502026139,2098.6392167421145,2044.0277873101636,2086.936767578125,23200,0.0,0.0
2016-08-09 00:00:00+09:00,2090.8378832267995,2090.8378832267995,2047.9288968172941,2059.63134765625,19600,0.0,0.0
2016-08-10 00:00:00+09:00,2028.425042073246,2047.929129016258,1973.8135986328125,1973.8135986328125,15000,0.0,0.0
2016-08-12 00:00:00+09:00,1798.2766150033601,1829.4831506216397,1743.6651776713709,1813.8798828125,35600,0.0,0.0
2016-08-15 00:00:00+09:00,1825.5826441553347,1876.2932731596495,1806.078556076752,1864.5908203125,13200,0.0,0.0
2016-08-16 00:00:00+09:00,1880.1937728979858,1880.1937728979858,1817.7807015984677,1821.6815185546875,11400,0.0,0.0
2016-08-17 00:00:00+09:00,1802.177795277759,1806.0786130164556,1774.8720711068838,1798.2769775390625,14000,0.0,0.0
2016-08-18 00:00:00+09:00,1794.375851279811,1794.375851279811,1767.0701318038139,1778.7725830078125,10600,0.0,0.0
2016-08-19 00:00:00+09:00,1794.375738708758,1829.4830901182772,1782.6732882389183,1817.7806396484375,8400,0.0,0.0
2016-08-22 00:00:00+09:00,1809.9790676860277,1887.9954068104255,1809.9790676860277,1821.6815185546875,13400,0.0,0.0
2016-08-23 00:00:00+09:00,1821.6813988268757,1841.1854823260928,1813.8797654271889,1829.4830322265625,11400,0.0,0.0
2016-08-24 00:00:00+09:00,1821.6816379884922,1821.6816379884922,1802.1775519286582,1806.078369140625,6000,0.0,0.0
2016-08-25 00:00:00+09:00,1798.2766168173682,1829.4831524671272,1794.3757998611482,1821.6815185546875,8400,0.0,0.0
2016-08-26 00:00:00+09:00,1806.0783073128046,1821.681575626522,1763.1693194500813,1802.177490234375,13800,0.0,0.0
2016-08-29 00:00:00+09:00,1825.5823355109073,1841.185603335787,1813.8798846422476,1821.6815185546875,11800,0.0,0.0
2016-08-30 00:00:00+09:00,1829.4835217820328,1868.49169921875,1821.6818862946893,1868.49169921875,9400,0.0,0.0
2016-08-31 00:00:00+09:00,1868.4912583510763,1868.4912583510763,1798.276555532038,1817.7806396484375,38400,0.0,0.0
2016-09-01 00:00:00+09:00,1817.7805227726064,1841.185422207447,1817.7805227726064,1833.3837890625,10400,0.0,0.0
2016-09-02 00:00:00+09:00,1841.185381765464,1895.7968125805412,1841.185381765464,1891.89599609375,11800,0.0,0.0
2016-09-05 00:00:00+09:00,1891.8964187237395,1895.7972360819329,1852.888245141807,1856.7890625,12400,0.0,0.0
2016-09-06 00:00:00+09:00,1856.7891254385397,1884.0948478714593,1856.7891254385397,1876.293212890625,4600,0.0,0.0
2016-09-07 00:00:00+09:00,1860.6897650824653,1903.5987533757716,1856.788947964892,1895.797119140625,10400,0.0,0.0
2016-09-08 00:00:00+09:00,1880.1935189314715,2001.118828240342,1880.1935189314715,1981.61474609375,22800,0.0,0.0
2016-09-09 00:00:00+09:00,2001.118593208521,2008.9202251508543,1985.515329323854,2005.0194091796875,14200,0.0,0.0
2016-09-12 00:00:00+09:00,1973.8134129791565,1989.4166810659483,1930.9044257404792,1962.1109619140625,7400,0.0,0.0
2016-09-13 00:00:00+09:00,1989.4163671875,1997.218,1927.0033046875,1950.408203125,8200,0.0,0.0
2016-09-14 00:00:00+09:00,1919.2022105823864,1954.3095680930398,1903.5989405776515,1930.9046630859375,24400,0.0,0.0
2016-09-15 00:00:00+09:00,1903.5989405776515,1950.408750591856,1903.5989405776515,1930.9046630859375,7200,0.0,0.0
2016-09-16 00:00:00+09:00,1942.6069365117655,1962.111022219715,1923.1028508038162,1958.210205078125,21400,0.0,0.0
2016-09-20 00:00:00+09:00,1923.1027866417253,1962.1109567561618,1915.301152618838,1938.7060546875,25800,0.0,0.0
2016-09-21 00:00:00+09:00,1919.20145781402,2008.9202251508543,1919.20145781402,2005.0194091796875,14400,0.0,0.0
2016-09-23 00:00:00+09:00,1981.6152334100173,1997.2185029644268,1946.5078769125957,1973.8135986328125,25000,0.0,0.0
2016-09-26 00:00:00+09:00,1977.7137451171875,1977.7137451171875,1950.4080326599483,1977.7137451171875,8200,0.0,0.0
2016-09-27 00:00:00+09:00,1946.5078196665547,1993.3176269531252,1930.9045505710312,1993.317626953125,18000,0.0,0.0
2016-09-28 00:00:00+09:00,2008.920955130234,2008.920955130234,1969.91278124421,1973.8135986328125,14400,0.0,0.0
2016-09-29 00:00:00+09:00,1977.7139409974563,2016.7221055141715,1973.8131245457848,2012.8212890625,8200,0.0,0.0
2016-09-30 00:00:00+09:00,1966.0112969212278,1993.317009378467,1966.0112969212278,1977.7137451171875,10000,0.0,0.0
2016-10-03 00:00:00+09:00,2001.1187083524817,2001.1187083524817,1973.8129949831496,1989.416259765625,8800,0.0,0.0
2016-10-04 00:00:00+09:00,1989.416568153783,2001.1190185546877,1966.0116673519738,2001.1190185546875,9000,0.0,0.0
2016-10-05 00:00:00+09:00,1985.5155739007994,2012.8212890625,1985.5155739007994,2012.8212890625,9200,0.0,0.0
2016-10-06 00:00:00+09:00,2012.8216580904448,2047.9290125920222,2012.8216580904448,2028.4249267578125,17600,0.0,0.0
2016-10-07 00:00:00+09:00,2028.4249824180529,2040.1274342396955,1977.7143578576017,1993.317626953125,10400,0.0,0.0
2016-10-11 00:00:00+09:00,1993.3174504460517,2024.5239858737784,1969.9125488752566,2020.6231689453125,12600,0.0,0.0
2016-10-12 00:00:00+09:00,1989.4164493894116,2036.2262481985742,1985.5156328219814,2008.9205322265625,14400,0.0,0.0
2016-10-13 00:00:00+09:00,2012.821348793993,2036.2262481985742,1993.3172659568418,2008.9205322265625,22800,0.0,0.0
2016-10-14 00:00:00+09:00,2012.8214732304764,2024.523923656235,2012.8214732304764,2016.7222900390625,5400,0.0,0.0
2016-10-17 00:00:00+09:00,2012.8219017347908,2059.631713403042,2012.8219017347908,2051.830078125,10600,0.0,0.0
2016-10-18 00:00:00+09:00,2044.02820777184,2106.4412828183085,2032.3257562006272,2098.6396484375,22400,0.0,0.0
2016-10-19 00:00:00+09:00,2098.6395352774293,2141.5485220581945,2098.6395352774293,2137.647705078125,20400,0.0,0.0
2016-10-20 00:00:00+09:00,2137.6478920326576,2164.95361328125,2133.7470747114303,2164.95361328125,19600,0.0,0.0
2016-10-21 00:00:00+09:00,2176.655811707324,2180.556628574183,2129.846009305016,2133.746826171875,10600,0.0,0.0
2016-10-24 00:00:00+09:00,2129.8460781179742,2168.854248046875,2118.143627139304,2168.854248046875,13800,0.0,0.0
2016-10-25 00:00:00+09:00,2176.655882032655,2215.6640519615557,2153.2509800753146,2168.854248046875,19800,0.0,0.0
2016-10-26 00:00:00+09:00,2157.151673464999,2164.953307003751,2137.647589618118,2161.052490234375,9800,0.0,0.0
2016-10-27 00:00:00+09:00,2164.9535593632672,2207.862548828125,2153.2511076910337,2207.862548828125,16400,0.0,0.0
2016-10-28 00:00:00+09:00,2219.5648250679346,2281.977895720109,2219.5648250679346,2242.9697265625,75400,0.0,0.0
2016-10-31 00:00:00+09:00,2258.5732421875,2285.878963595639,2246.8707901554403,2258.5732421875,27200,0.0,0.0
2016-11-01 00:00:00+09:00,2254.6722395155166,2258.5730565389,2235.1681543986006,2246.87060546875,8600,0.0,0.0
2016-11-02 00:00:00+09:00,2211.763360792591,2231.2674468665996,2157.1519197853663,2176.656005859375,19200,0.0,0.0
2016-11-04 00:00:00+09:00,2141.5485960833794,2207.8624870367807,2133.7469618535674,2203.961669921875,13800,0.0,0.0
2016-11-07 00:00:00+09:00,2207.8624870367807,2235.168206841123,2196.160035692063,2203.961669921875,11800,0.0,0.0
2016-11-08 00:00:00+09:00,2215.6641182041,2215.6641182041,2184.4575813279857,2188.3583984375,4400,0.0,0.0
2016-11-09 00:00:00+09:00,2196.159494367818,2196.159494367818,2079.135009765625,2079.135009765625,22400,0.0,0.0
2016-11-10 00:00:00+09:00,2176.6556422642298,2188.3580919538226,2137.6474766322544,2184.457275390625,14800,0.0,0.0
2016-11-11 00:00:00+09:00,2231.267512211368,2231.267512211368,2168.8544349467143,2196.16015625,24800,0.0,0.0
2016-11-14 00:00:00+09:00,2196.1596174273573,2242.969413891173,2196.1596174273573,2223.46533203125,17800,0.0,0.0
2016-11-15 00:00:00+09:00,2203.9616758869165,2235.168212890625,2172.7551388832076,2235.168212890625,13400,0.0,0.0
2016-11-16 00:00:00+09:00,2242.9697265625,2242.9697265625,2211.763191236413,2242.9697265625,13400,0.0,0.0
2016-11-17 00:00:00+09:00,2235.168047371557,2301.48193359375,2231.2672305349574,2301.48193359375,23200,0.0,0.0
2016-11-18 00:00:00+09:00,2309.2836946833054,2340.4902310979446,2301.482060579646,2324.886962890625,22600,0.0,0.0
2016-11-21 00:00:00+09:00,2324.8868428616224,2336.5892934129392,2320.986026011183,2332.6884765625,9600,0.0,0.0
2016-11-22 00:00:00+09:00,2328.787779942455,2336.589414046115,2301.482060579646,2324.886962890625,9200,0.0,0.0
2016-11-24 00:00:00+09:00,2328.7876514499467,2328.7876514499467,2289.779483083951,2301.48193359375,7600,0.0,0.0
2016-11-25 00:00:00+09:00,2317.0852009401483,2320.9860177767478,2262.473765227754,2301.48193359375,12800,0.0,0.0
2016-11-28 00:00:00+09:00,2270.2753375689726,2301.481871418718,2270.2753375689726,2297.5810546875,10200,0.0,0.0
2016-11-29 00:00:00+09:00,2297.5812369625583,2301.482054003242,2258.573066555724,2293.680419921875,7600,0.0,0.0
2016-11-30 00:00:00+09:00,2293.6807228915663,2293.6807228915663,2266.375,2266.375,9400,0.0,0.0
2016-12-01 00:00:00+09:00,2293.680545691288,2317.08544921875,2246.8707386363635,2317.08544921875,20600,0.0,0.0
2016-12-02 00:00:00+09:00,2297.58111675715,2305.3827504303495,2289.779483083951,2301.48193359375,6200,0.0,0.0
2016-12-05 00:00:00+09:00,2301.481980298913,2301.481980298913,2235.1680927309785,2242.9697265625,10000,0.0,0.0
2016-12-06 00:00:00+09:00,2223.4656343005954,2223.4656343005954,2164.9533807663693,2211.76318359375,19000,0.0,0.0
2016-12-07 00:00:00+09:00,2250.7714224921333,2262.473873562283,2239.068971421984,2246.87060546875,10800,0.0,0.0
2016-12-08 00:00:00+09:00,2274.1766388299693,2324.887267140072,2235.168463206814,2313.184814453125,18400,0.0,0.0
2016-12-09 00:00:00+09:00,2313.184631964173,2320.9862664733273,2278.0772766729797,2317.08544921875,20200,0.0,0.0
2016-12-12 00:00:00+09:00,2320.986135822453,2320.986135822453,2270.2755143675085,2278.0771484375,13400,0.0,0.0
2016-12-13 00:00:00+09:00,2242.969804802197,2324.886962890625,2200.060817232068,2324.886962890625,23200,0.0,0.0
2016-12-14 00:00:00+09:00,2324.886771806027,2324.886771806027,2281.9777877626275,2297.5810546875,11800,0.0,0.0
2016-12-15 00:00:00+09:00,2313.184814453125,2313.184814453125,2274.1766388299693,2313.184814453125,11600,0.0,0.0
2016-12-16 00:00:00+09:00,2320.9859550748088,2320.9859550748088,2285.8786044938456,2297.5810546875,27800,0.0,0.0
2016-12-19 00:00:00+09:00,2297.581415627699,2301.4822329717185,2242.9699728114206,2258.5732421875,16000,0.0,0.0
2016-12-20 00:00:00+09:00,2258.5732463466247,2301.4822372098597,2246.8707942930155,2289.77978515625,11000,0.0,0.0
2016-12-21 00:00:00+09:00,2301.4820506474744,2305.38286768247,2239.0689780875427,2278.0771484375,13600,0.0,0.0
2016-12-22 00:00:00+09:00,2293.6806025074534,2297.5814198586563,2270.2756984002344,2289.77978515625,15800,0.0,0.0
2016-12-26 00:00:00+09:00,2289.779599542487,2297.5812336124786,2270.2755143675085,2278.0771484375,10000,0.0,0.0
2016-12-27 00:00:00+09:00,2270.275567019797,2270.275567019797,2219.5649443887705,2235.168212890625,16000,0.0,0.0
2016-12-28 00:00:00+09:00,2250.771729776248,2270.2758175559384,2227.36682444062,2266.375,12200,0.0,0.0
2016-12-29 00:00:00+09:00,2227.366455078125,2250.771356532536,2219.564821259988,2227.366455078125,19400,0.0,0.0
2016-12-30 00:00:00+09:00,2227.366640097588,2270.27562966164,2227.366640097588,2239.069091796875,7400,0.0,0.0
2017-01-04 00:00:00+09:00,2231.2677022927405,2270.27587890625,2231.2677022927405,2270.27587890625,18800,0.0,0.0
2017-01-05 00:00:00+09:00,2250.7715510345565,2301.4821752346415,2250.7715510345565,2285.87890625,13400,0.0,0.0
2017-01-06 00:00:00+09:00,2262.4737041065364,2301.481871418718,2258.5728873753183,2297.5810546875,15800,0.0,0.0
2017-01-10 00:00:00+09:00,2289.7795447335025,2317.0852633248733,2281.977910850254,2305.3828125,14200,0.0,0.0
2017-01-11 00:00:00+09:00,2293.6802999205506,2309.283567266949,2223.4655968617585,2301.48193359375,11800,0.0,0.0
2017-01-12 00:00:00+09:00,2309.283567266949,2340.4901019597455,2266.3745820643535,2301.48193359375,23800,0.0,0.0
2017-01-13 00:00:00+09:00,2293.6806025074534,2297.5814198586563,2262.474063697828,2289.77978515625,7800,0.0,0.0
2017-01-16 00:00:00+09:00,2293.680419921875,2332.68859032871,2285.878785840508,2293.680419921875,15000,0.0,0.0
2017-01-17 00:00:00+09:00,2289.7797234961604,2324.8870787116043,2258.5731855268773,2285.87890625,15600,0.0,0.0
2017-01-18 00:00:00+09:00,2266.374820019198,2297.581357988481,2262.4740027730377,2285.87890625,13000,0.0,0.0
2017-01-19 00:00:00+09:00,2293.680419921875,2313.184505125292,2270.275517677774,2293.680419921875,12200,0.0,0.0
2017-01-20 00:00:00+09:00,2274.176154300191,2313.1843216123725,2274.176154300191,2297.5810546875,16800,0.0,0.0
2017-01-23 00:00:00+09:00,2289.7789105658308,2289.7789105658308,2242.969120230584,2250.770751953125,10600,0.0,0.0
2017-01-24 00:00:00+09:00,2250.7714224921333,2254.6722395155166,2227.366520351834,2246.87060546875,11800,0.0,0.0
2017-01-25 00:00:00+09:00,2285.879089042468,2309.2839943910258,2242.970095903446,2281.978271484375,26200,0.0,0.0
2017-01-26 00:00:00+09:00,2305.3830545610626,2313.184689263469,2281.9781504538437,2289.77978515625,9600,0.0,0.0
2017-01-27 00:00:00+09:00,2289.779780939659,2289.779780939659,2250.77160749946,2258.5732421875,9800,0.0,0.0
2017-01-30 00:00:00+09:00,2250.771790599495,2278.0775142289517,2239.0693376154422,2270.27587890625,15800,0.0,0.0
2017-01-31 00:00:00+09:00,2270.2758175559384,2289.7799053356284,2250.771729776248,2266.375,10600,0.0,0.0
2017-02-01 00:00:00+09:00,2266.3745820643535,2317.0852009401483,2239.068864208157,2301.48193359375,17200,0.0,0.0
2017-02-02 00:00:00+09:00,2274.176324632433,2309.2836778428823,2246.87060546875,2246.87060546875,11000,0.0,0.0
2017-02-03 00:00:00+09:00,2254.6724861934267,2301.4822955953664,2250.771668743265,2262.47412109375,7000,0.0,0.0
2017-02-06 00:00:00+09:00,2293.6805982836786,2293.6805982836786,2246.8707901554403,2258.5732421875,12000,0.0,0.0
2017-02-07 00:00:00+09:00,2227.366451202877,2246.870535714286,2172.755014570933,2211.76318359375,10600,0.0,0.0
2017-02-08 00:00:00+09:00,2211.7630638833207,2227.3663306479293,2192.2589804275594,2219.564697265625,14800,0.0,0.0
2017-02-09 00:00:00+09:00,2219.5649978800598,2219.5649978800598,2172.7551912463855,2192.25927734375,22200,0.0,0.0
2017-02-10 00:00:00+09:00,2215.663818359375,2235.167901267468,2157.1515696350957,2215.663818359375,35000,0.0,0.0
2017-02-13 00:00:00+09:00,2141.5486560187996,2235.1682693966704,2141.5486560187996,2207.862548828125,38200,0.0,0.0
2017-02-14 00:00:00+09:00,2239.0683043693134,2258.572383675666,2223.465040924231,2250.770751953125,16000,0.0,0.0
2017-02-15 00:00:00+09:00,2262.4738111413044,2266.3746280570654,2239.068909646739,2242.9697265625,7600,0.0,0.0
2017-02-16 00:00:00+09:00,2231.2671473390815,2231.2671473390815,2207.862247192168,2219.564697265625,6000,0.0,0.0
2017-02-17 00:00:00+09:00,2219.5648689544455,2219.5648689544455,2153.2509800753146,2168.854248046875,13800,0.0,0.0
2017-02-20 00:00:00+09:00,2180.556825685331,2207.8625462216414,2168.854374026913,2192.25927734375,13600,0.0,0.0
2017-02-21 00:00:00+09:00,2176.6558889835437,2231.2673270583996,2176.6558889835437,2200.060791015625,13000,0.0,0.0
2017-02-22 00:00:00+09:00,2211.762991333008,2235.167890712193,2172.754825701032,2184.457275390625,14000,0.0,0.0
2017-02-23 00:00:00+09:00,2200.060849766043,2211.7633010945856,2180.5567642184715,2188.3583984375,10200,0.0,0.0
2017-02-24 00:00:00+09:00,2184.4577042628775,2203.9617909080816,2176.656069604796,2196.16015625,9400,0.0,0.0
2017-02-27 00:00:00+09:00,2184.4577020907873,2188.358519415949,2157.1519808146522,2180.556884765625,16200,0.0,0.0
2017-02-28 00:00:00+09:00,2180.556884765625,2192.2593367411114,2180.556884765625,2180.556884765625,17000,0.0,0.0
2017-03-01 00:00:00+09:00,2196.159735451282,2223.465451522612,2188.358102288045,2215.663818359375,8600,0.0,0.0
2017-03-02 00:00:00+09:00,2215.6640590370125,2231.2673270583996,2196.159974010278,2200.060791015625,15600,0.0,0.0
2017-03-03 00:00:00+09:00,2192.2592155470143,2215.6641182041,2188.3583984375,2188.3583984375,9200,0.0,0.0
2017-03-06 00:00:00+09:00,2188.3585215919184,2196.16015625,2188.3585215919184,2196.16015625,8000,0.0,0.0
2017-03-07 00:00:00+09:00,2192.25890851702,2192.25890851702,2176.6556422642298,2184.457275390625,11400,0.0,0.0
2017-03-08 00:00:00+09:00,2196.16015625,2200.060973579041,2192.259338920959,2196.16015625,10000,0.0,0.0
2017-03-09 00:00:00+09:00,2223.4651925223216,2367.7953892299106,2223.4651925223216,2320.985595703125,41800,0.0,0.0
2017-03-10 00:00:00+09:00,2399.002623915284,2410.7050757392612,2379.498537541989,2395.101806640625,57000,0.0,0.0
2017-03-13 00:00:00+09:00,2356.0935090717517,2375.59759441175,2352.192692003752,2371.69677734375,26400,0.0,0.0
2017-03-14 00:00:00+09:00,2363.8949618034176,2383.39904564668,2352.19251149746,2375.597412109375,24200,0.0,0.0
2017-03-15 00:00:00+09:00,2371.696719005728,2395.1016208380215,2344.391000201386,2383.399169921875,25000,0.0,0.0
2017-03-16 00:00:00+09:00,2387.2999868939237,2406.804071754168,2371.696719005728,2383.399169921875,32800,0.0,0.0
2017-03-17 00:00:00+09:00,2383.3993425465596,2383.3993425465596,2297.581362945865,2317.08544921875,54600,0.0,0.0
2017-03-21 00:00:00+09:00,2301.481515066964,2332.6880440848213,2297.580698939732,2320.985595703125,19000,0.0,0.0
2017-03-22 00:00:00+09:00,2301.4822955953664,2301.4822955953664,2250.771668743265,2262.47412109375,30200,0.0,0.0
2017-03-23 00:00:00+09:00,2262.4738072597415,2262.4738072597415,2215.6640043509196,2227.366455078125,18600,0.0,0.0
2017-03-24 00:00:00+09:00,2227.366703435341,2289.779780939659,2219.565068747301,2258.5732421875,11800,0.0,0.0
2017-03-27 00:00:00+09:00,2250.771481392479,2258.5731156434063,2235.168212890625,2235.168212890625,31000,0.0,0.0
2017-03-28 00:00:00+09:00,2239.0693376154422,2270.27587890625,2235.1685199540916,2270.27587890625,30400,0.0,0.0
2017-03-29 00:00:00+09:00,2298.3030624930743,2318.3231240130485,2246.2509025411405,2258.262939453125,19200,75.0,0.0
2017-03-30 00:00:00+09:00,2258.2630345394737,2326.331246573465,2246.2509971217105,2282.287109375,40200,0.0,0.0
2017-03-31 00:00:00+09:00,2322.3271363170434,2322.3271363170434,2234.2388656291555,2258.262939453125,36800,0.0,0.0
2017-04-03 00:00:00+09:00,2242.2477738575267,2254.259815503192,2206.211648920531,2234.23974609375,17600,0.0,0.0
2017-04-04 00:00:00+09:00,2222.2272644594823,2230.235290637715,2170.175094300972,2214.21923828125,22000,0.0,0.0
2017-04-05 00:00:00+09:00,2210.2153154349285,2258.2634744661227,2210.2153154349285,2238.243408203125,16200,0.0,0.0
2017-04-06 00:00:00+09:00,2222.2274982228,2230.2355252434227,2170.1753225887524,2178.183349609375,12800,0.0,0.0
2017-04-07 00:00:00+09:00,2178.183349609375,2202.207430671243,2170.1753225887524,2178.183349609375,11400,0.0,0.0
2017-04-10 00:00:00+09:00,2174.178955078125,2198.203031929817,2162.166916652279,2174.178955078125,7000,0.0,0.0
2017-04-11 00:00:00+09:00,2154.159268547507,2242.2475657743566,2154.159268547507,2178.183349609375,11000,0.0,0.0
2017-04-12 00:00:00+09:00,2150.1548917400305,2162.166930241371,2134.138840404909,2146.15087890625,8000,0.0,0.0
2017-04-13 00:00:00+09:00,2138.142898128531,2138.142898128531,2110.114807703625,2126.130859375,11200,0.0,0.0
2017-04-14 00:00:00+09:00,2094.098953951322,2106.110993840144,2062.06684758113,2082.0869140625,16000,0.0,0.0
2017-04-17 00:00:00+09:00,2058.0629985510277,2158.1633389474787,2058.0629985510277,2094.09912109375,21200,0.0,0.0
2017-04-18 00:00:00+09:00,2098.102992855483,2166.171219722932,2094.098979510339,2154.1591796875,22800,0.0,0.0
2017-04-19 00:00:00+09:00,2154.1591796875,2242.247473280669,2146.1511529972117,2154.1591796875,17600,0.0,0.0
2017-04-20 00:00:00+09:00,2142.1462793890037,2146.1502911261796,2114.1181972287736,2122.126220703125,21200,0.0,0.0
2017-04-21 00:00:00+09:00,2126.130646839822,2134.138671875,2086.0905216639308,2134.138671875,14800,0.0,0.0
2017-04-24 00:00:00+09:00,2170.174784533302,2170.174784533302,2122.126634322233,2134.138671875,12200,0.0,0.0
2017-04-25 00:00:00+09:00,2134.1390531732795,2142.1470796392205,2122.127013474368,2138.14306640625,10200,0.0,0.0
2017-04-26 00:00:00+09:00,2178.1832553023464,2226.2314153457805,2154.1591752806294,2218.223388671875,12400,0.0,0.0
2017-04-27 00:00:00+09:00,2218.2233585965805,2226.231385161911,2166.1711859219317,2210.21533203125,15000,0.0,0.0
2017-04-28 00:00:00+09:00,2214.2193623674025,2214.2193623674025,2174.179229232368,2182.187255859375,11600,0.0,0.0
2017-05-01 00:00:00+09:00,2198.2031859247854,2214.21923828125,2190.195159746553,2214.21923828125,5800,0.0,0.0
2017-05-02 00:00:00+09:00,2202.207229201858,2238.2433474978884,2202.207229201858,2222.227294921875,10600,0.0,0.0
2017-05-08 00:00:00+09:00,2262.267047012061,2286.2911218475874,2226.230934758772,2282.287109375,21600,0.0,0.0
2017-05-09 00:00:00+09:00,2278.2832653318605,2302.3073419434445,2266.271227026069,2294.29931640625,23800,0.0,0.0
2017-05-10 00:00:00+09:00,2294.299727121989,2310.3157810635034,2262.2676192389595,2306.311767578125,19200,0.0,0.0
2017-05-11 00:00:00+09:00,2306.3116605285963,2318.3237004271828,2306.3116605285963,2310.315673828125,12000,0.0,0.0
2017-05-12 00:00:00+09:00,2274.279524456522,2302.3076171875,2266.2714979619564,2302.3076171875,14000,0.0,0.0
2017-05-15 00:00:00+09:00,2282.2876978165064,2346.351913895566,2238.243549262153,2342.347900390625,33200,0.0,0.0
2017-05-16 00:00:00+09:00,2334.339861975776,2338.3438754611543,2294.299727121989,2306.311767578125,30200,0.0,0.0
2017-05-17 00:00:00+09:00,2298.303968203965,2298.303968203965,2222.2277044480848,2234.23974609375,18800,0.0,0.0
2017-05-18 00:00:00+09:00,2230.235290637715,2230.235290637715,2186.191146657437,2214.21923828125,19800,0.0,0.0
2017-05-19 00:00:00+09:00,2214.2194712021774,2214.2194712021774,2174.1793360990637,2178.183349609375,16600,0.0,0.0
2017-05-22 00:00:00+09:00,2194.1987624289773,2202.206787109375,2178.182713068182,2202.206787109375,9800,0.0,0.0
2017-05-23 00:00:00+09:00,2202.207430671243,2202.207430671243,2178.183349609375,2178.183349609375,21600,0.0,0.0
2017-05-24 00:00:00+09:00,2186.1908432590503,2202.2068933928163,2178.1828181921674,2198.202880859375,15200,0.0,0.0
2017-05-25 00:00:00+09:00,2178.183151669759,2186.1911779626626,2158.1630859375,2158.1630859375,13400,0.0,0.0
2017-05-26 00:00:00+09:00,2150.1549987222547,2162.1670378212616,2134.1389465902453,2142.14697265625,17000,0.0,0.0
2017-05-29 00:00:00+09:00,2150.154953342014,2186.1910698784723,2142.146927445023,2162.1669921875,14800,0.0,0.0
2017-05-30 00:00:00+09:00,2146.1509403935183,2162.1669921875,2146.1509403935183,2162.1669921875,9200,0.0,0.0
2017-05-31 00:00:00+09:00,2162.166817801339,2242.2470703125,2158.162805175781,2242.2470703125,30600,0.0,0.0
2017-06-01 00:00:00+09:00,2242.247468693592,2242.247468693592,2210.2153619979695,2218.223388671875,14400,0.0,0.0
2017-06-02 00:00:00+09:00,2218.222816413176,2258.262939453125,2218.222816413176,2258.262939453125,14400,0.0,0.0
2017-06-05 00:00:00+09:00,2226.2310198102678,2250.255095563616,2218.2229945591516,2242.2470703125,14600,0.0,0.0
2017-06-06 00:00:00+09:00,2242.2473299050635,2242.2473299050635,2190.195159746553,2214.21923828125,14600,0.0,0.0
2017-06-07 00:00:00+09:00,2206.2108832947106,2262.267058187861,2198.2028583099745,2254.259033203125,31000,0.0,0.0
2017-06-08 00:00:00+09:00,2254.2594582201086,2302.3076171875,2234.2393919836954,2302.3076171875,26000,0.0,0.0
2017-06-09 00:00:00+09:00,2322.3275154788475,2358.363632098347,2302.3074506902367,2354.359619140625,31200,0.0,0.0
2017-06-12 00:00:00+09:00,2334.3395838720876,2334.3395838720876,2294.2994537885183,2298.303466796875,11000,0.0,0.0
2017-06-13 00:00:00+09:00,2306.311354712042,2306.311354712042,2294.29931640625,2294.29931640625,9200,0.0,0.0
2017-06-14 00:00:00+09:00,2294.2997155567955,2294.2997155567955,2262.2676078352347,2270.275634765625,11000,0.0,0.0
2017-06-15 00:00:00+09:00,2242.247498875899,2266.271579220998,2218.2234185308002,2226.2314453125,11400,0.0,0.0
2017-06-16 00:00:00+09:00,2234.2393949505254,2238.243408203125,2222.227355192727,2238.243408203125,7000,0.0,0.0
2017-06-19 00:00:00+09:00,2238.2434215277012,2278.2835542920607,2234.239408251265,2274.279541015625,9400,0.0,0.0
2017-06-20 00:00:00+09:00,2302.3074346091053,2322.32749925788,2274.2793441008203,2318.323486328125,21400,0.0,0.0
2017-06-21 00:00:00+09:00,2294.29931640625,2306.311354712042,2278.2832653318605,2294.29931640625,13400,0.0,0.0
2017-06-22 00:00:00+09:00,2306.3114928135888,2306.3114928135888,2290.2954407801612,2298.303466796875,12600,0.0,0.0
2017-06-23 00:00:00+09:00,2302.3072978617,2318.3233486294334,2290.2952597859,2314.3193359375,15400,0.0,0.0
2017-06-26 00:00:00+09:00,2322.327361321367,2322.327361321367,2290.2952597859,2314.3193359375,12200,0.0,0.0
2017-06-27 00:00:00+09:00,2334.339399397167,2334.339399397167,2310.3153232455666,2314.3193359375,3800,0.0,0.0
2017-06-28 00:00:00+09:00,2302.307754092746,2354.359929402669,2302.307754092746,2306.311767578125,20200,0.0,0.0
2017-06-29 00:00:00+09:00,2310.3153232455666,2314.3193359375,2286.2912470939664,2314.3193359375,8000,0.0,0.0
2017-06-30 00:00:00+09:00,2306.3113105536336,2314.3193359375,2286.2912470939664,2314.3193359375,8000,0.0,0.0
2017-07-03 00:00:00+09:00,2294.299727121989,2338.3438754611543,2294.299727121989,2306.311767578125,13400,0.0,0.0
2017-07-04 00:00:00+09:00,2310.315505821946,2310.315505821946,2278.2834017550904,2298.303466796875,20400,0.0,0.0
2017-07-05 00:00:00+09:00,2270.275239794666,2302.3073419434445,2270.275239794666,2294.29931640625,11200,0.0,0.0
2017-07-06 00:00:00+09:00,2330.33552511739,2330.33552511739,2294.299408749595,2318.323486328125,23800,0.0,0.0
2017-07-07 00:00:00+09:00,2278.2833859063885,2354.3596325359513,2254.2593080233682,2262.267333984375,25200,0.0,0.0
2017-07-10 00:00:00+09:00,2278.2829685414813,2278.2829685414813,2242.2468583185055,2250.2548828125,7600,0.0,0.0
2017-07-11 00:00:00+09:00,2242.2469957260214,2270.2750831725966,2226.2309457565498,2254.259033203125,15400,0.0,0.0
2017-07-12 00:00:00+09:00,2262.267487718722,2266.2715009713215,2226.2313684453266,2238.243408203125,9800,0.0,0.0
2017-07-13 00:00:00+09:00,2238.243057686942,2250.255095563616,2226.2310198102678,2242.2470703125,7000,0.0,0.0
2017-07-14 00:00:00+09:00,2242.2478820691204,2242.2478820691204,2230.23583984375,2230.23583984375,3600,0.0,0.0
2017-07-17 00:00:00+09:00,2230.23583984375,2230.23583984375,2230.23583984375,2230.23583984375,0,0.0,0.0
2017-07-18 00:00:00+09:00,2226.2314453125,2250.255525657599,2218.2234185308002,2226.2314453125,4800,0.0,0.0
2017-07-19 00:00:00+09:00,2230.2354116184824,2254.259491456384,2230.2354116184824,2246.25146484375,5400,0.0,0.0
2017-07-20 00:00:00+09:00,2246.2509971217105,2290.2951343201753,2238.2429721765347,2282.287109375,11400,0.0,0.0
2017-07-21 00:00:00+09:00,2274.279524456522,2302.3076171875,2262.2674847146736,2302.3076171875,16000,0.0,0.0
2017-07-24 00:00:00+09:00,2306.311354712042,2306.311354712042,2262.2672142574716,2294.29931640625,12800,0.0,0.0
2017-07-25 00:00:00+09:00,2274.2794644811734,2290.295517047942,2274.2794644811734,2286.29150390625,6800,0.0,0.0
2017-07-26 00:00:00+09:00,2282.2875846006013,2286.2915979069185,2238.243438231116,2246.25146484375,11800,0.0,0.0
2017-07-27 00:00:00+09:00,2266.2715144627527,2294.2996073978047,2250.255461357009,2274.279541015625,8000,0.0,0.0
2017-07-28 00:00:00+09:00,2282.287384246613,2322.327513794799,2278.283371291794,2290.29541015625,10400,0.0,0.0
2017-07-31 00:00:00+09:00,2278.2836616960153,2282.2876751612102,2262.2676078352347,2270.275634765625,7200,0.0,0.0
2017-08-01 00:00:00+09:00,2282.2874147634475,2310.315505821946,2278.2834017550904,2298.303466796875,18600,0.0,0.0
2017-08-02 00:00:00+09:00,2298.303436065887,2298.303436065887,2262.2673194725194,2290.29541015625,5600,0.0,0.0
2017-08-03 00:00:00+09:00,2274.2793583369753,2290.29541015625,2262.2673194725194,2290.29541015625,9400,0.0,0.0
2017-08-04 00:00:00+09:00,2290.2950052824735,2290.2950052824735,2238.242846071508,2250.2548828125,5400,0.0,0.0
2017-08-07 00:00:00+09:00,2254.259444705168,2274.2795108215546,2250.2554314818904,2266.271484375,7600,0.0,0.0
2017-08-08 00:00:00+09:00,2250.2555674396494,2270.275634765625,2246.2515539744545,2270.275634765625,9800,0.0,0.0
2017-08-09 00:00:00+09:00,2262.267487718722,2274.279527476521,2214.219328687528,2238.243408203125,14600,0.0,0.0
2017-08-10 00:00:00+09:00,2214.218908279446,2254.259033203125,2170.1747708633993,2254.259033203125,20200,0.0,0.0
2017-08-11 00:00:00+09:00,2254.259033203125,2254.259033203125,2254.259033203125,2254.259033203125,0,0.0,0.0
2017-08-14 00:00:00+09:00,2214.2193453139153,2226.231385161911,2186.191252335258,2210.21533203125,19200,0.0,0.0
2017-08-15 00:00:00+09:00,2226.2314453125,2238.2434854850494,2214.2194051399506,2226.2314453125,8600,0.0,0.0
2017-08-16 00:00:00+09:00,2218.2232066297365,2310.315505821946,2218.2232066297365,2298.303466796875,22000,0.0,0.0
2017-08-17 00:00:00+09:00,2278.2836616960153,2294.2997155567955,2254.259580904845,2270.275634765625,14400,0.0,0.0
2017-08-18 00:00:00+09:00,2242.2477738575267,2242.2477738575267,2210.2156628024195,2234.23974609375,12400,0.0,0.0
2017-08-21 00:00:00+09:00,2234.2392105018853,2234.2392105018853,2186.1910554373285,2190.195068359375,3800,0.0,0.0
2017-08-22 00:00:00+09:00,2202.2077413178863,2230.23583984375,2182.187670942269,2230.23583984375,11200,0.0,0.0
2017-08-23 00:00:00+09:00,2250.2553869298986,2258.2634132179055,2190.1951897698477,2222.227294921875,16000,0.0,0.0
2017-08-24 00:00:00+09:00,2222.227280166123,2230.235306400956,2178.183135874542,2186.191162109375,10800,0.0,0.0
2017-08-25 00:00:00+09:00,2186.1912691728785,2186.1912691728785,2166.1712026053615,2182.187255859375,8200,0.0,0.0
2017-08-28 00:00:00+09:00,2174.178805658726,2202.2068933928163,2174.178805658726,2198.202880859375,7600,0.0,0.0
2017-08-29 00:00:00+09:00,2198.2032014616243,2206.211227696457,2182.1871489919586,2186.191162109375,5600,0.0,0.0
2017-08-30 00:00:00+09:00,2198.203392392113,2274.2796482308204,2198.203392392113,2270.275634765625,21000,0.0,0.0
2017-08-31 00:00:00+09:00,2270.275451339481,2286.29150390625,2246.251372489328,2286.29150390625,18400,0.0,0.0
2017-09-01 00:00:00+09:00,2294.29931640625,2302.3073419434445,2254.259188720277,2294.29931640625,14200,0.0,0.0
2017-09-04 00:00:00+09:00,2294.2995000635738,2294.2995000635738,2210.215225192134,2214.21923828125,8200,0.0,0.0
2017-09-05 00:00:00+09:00,2234.2392569116123,2234.2392569116123,2166.171035822907,2170.175048828125,13000,0.0,0.0
2017-09-06 00:00:00+09:00,2166.1715101016466,2254.259815503192,2166.1715101016466,2234.23974609375,8400,0.0,0.0
2017-09-07 00:00:00+09:00,2230.2353984445767,2242.2474382925725,2206.2113187485847,2210.21533203125,4400,0.0,0.0
2017-09-08 00:00:00+09:00,2206.211648920531,2258.2638293850805,2202.2076350386424,2234.23974609375,22000,0.0,0.0
2017-09-11 00:00:00+09:00,2246.2515539744545,2274.2796482308204,2238.243527044064,2270.275634765625,7400,0.0,0.0
2017-09-12 00:00:00+09:00,2266.271146065848,2274.279171316964,2202.2069440569194,2242.2470703125,24400,0.0,0.0
2017-09-13 00:00:00+09:00,2262.267501186317,2290.2955941213686,2262.267501186317,2274.279541015625,8200,0.0,0.0
2017-09-14 00:00:00+09:00,2282.2876751612102,2286.2916886264056,2262.2676078352347,2270.275634765625,7000,0.0,0.0
2017-09-15 00:00:00+09:00,2274.279209018166,2314.3193359375,2242.247107482699,2314.3193359375,22600,0.0,0.0
2017-09-18 00:00:00+09:00,2314.3193359375,2314.3193359375,2314.3193359375,2314.3193359375,0,0.0,0.0
2017-09-19 00:00:00+09:00,2306.311584051724,2322.32763671875,2270.275465550916,2322.32763671875,20600,0.0,0.0
2017-09-20 00:00:00+09:00,2322.3277137267114,2334.339753625298,2298.3036339295386,2310.315673828125,19600,0.0,0.0
2017-09-21 00:00:00+09:00,2322.3276834239127,2322.3276834239127,2298.3036039402173,2302.3076171875,8600,0.0,0.0
2017-09-22 00:00:00+09:00,2314.3193359375,2318.3233486294334,2294.2992724778333,2314.3193359375,16400,0.0,0.0
2017-09-25 00:00:00+09:00,2318.3238080342608,2322.3278215196397,2290.2957136366103,2306.311767578125,8600,0.0,0.0
2017-09-26 00:00:00+09:00,2294.299727121989,2314.3197945488823,2294.299727121989,2306.311767578125,2480,0.0,0.0
2017-09-27 00:00:00+09:00,2266.271608203262,2287.0924781019494,2243.048330239342,2279.88525390625,15700,0.0,0.2
2017-09-28 00:00:00+09:00,2282.287263560287,2346.3514674496987,2261.466397296228,2340.745849609375,27300,0.0,0.0
2017-09-29 00:00:00+09:00,2322.3276873959067,2322.3276873959067,2265.470699187248,2283.88916015625,10100,0.0,0.0
2017-10-02 00:00:00+09:00,2318.323295828949,2331.13613615132,2293.498417704356,2307.112060546875,15100,0.0,0.0
2017-10-03 00:00:00+09:00,2330.3359295837463,2338.343956833175,2307.9134532853463,2321.527099609375,14600,0.0,0.0
2017-10-04 00:00:00+09:00,2307.112365449145,2333.5388521064933,2298.303536563362,2323.12841796875,16600,0.0,0.0
2017-10-05 00:00:00+09:00,2307.112228899371,2326.3314907853774,2306.311426320787,2319.124267578125,7100,0.0,0.0
2017-10-06 00:00:00+09:00,2324.7299683245337,2338.3436126447255,2306.3115083619214,2334.339599609375,40600,0.0,0.0
2017-10-09 00:00:00+09:00,2334.339599609375,2334.339599609375,2334.339599609375,2334.339599609375,0,0.0,0.0
2017-10-10 00:00:00+09:00,2327.9331998958855,2400.8062378011227,2327.9331998958855,2397.60302734375,23100,0.0,0.0
2017-10-11 00:00:00+09:00,2402.4078369140625,2438.4439544677734,2379.9853637695314,2434.43994140625,32700,0.0,0.0
2017-10-12 00:00:00+09:00,2438.4438929273592,2438.4438929273592,2410.4158022040565,2418.423828125,13000,0.0,0.0
2017-10-13 00:00:00+09:00,2418.42379730326,2434.4398489410296,2322.3274874766403,2410.415771484375,21600,0.0,0.0
2017-10-16 00:00:00+09:00,2422.4281633475457,2434.440203826955,2402.4080958818636,2406.412109375,16200,0.0,0.0
2017-10-17 00:00:00+09:00,2410.415771484375,2418.42379730326,2375.180457881281,2410.415771484375,17300,0.0,0.0
2017-10-18 00:00:00+09:00,2400.004923543998,2400.004923543998,2351.9567769265004,2361.56640625,15300,0.0,0.0
2017-10-19 00:00:00+09:00,2347.1522070884375,2366.371467740134,2323.9289338009708,2324.729736328125,12700,0.0,0.0
2017-10-20 00:00:00+09:00,2322.3272015630414,2341.5464611621837,2307.9127568636845,2311.115966796875,15200,0.0,0.0
2017-10-23 00:00:00+09:00,2321.5265161031507,2344.749789289419,2311.1160832955134,2315.9208984375,17700,0.0,0.0
2017-10-24 00:00:00+09:00,2289.49487667565,2319.9253787091147,2289.49487667565,2316.72216796875,21400,0.0,0.0
2017-10-25 00:00:00+09:00,2356.7623022233083,2356.7623022233083,2314.3197599134764,2316.72216796875,9800,0.0,0.0
2017-10-26 00:00:00+09:00,2298.3033354522263,2368.773960372016,2291.0961124490664,2339.945068359375,12300,0.0,0.0
2017-10-27 00:00:00+09:00,2326.3318382163693,2353.55912995453,2323.1286274236445,2333.5390625,10800,0.0,0.0
2017-10-30 00:00:00+09:00,2333.538457521546,2348.7537048423796,2312.717592766721,2328.733642578125,22400,0.0,0.0
2017-10-31 00:00:00+09:00,2330.334897576596,2359.1637829074407,2327.9324904656924,2332.7373046875,15600,0.0,0.0
2017-11-01 00:00:00+09:00,2334.3393026248227,2338.3433151507656,2320.7256600366163,2327.132080078125,9100,0.0,0.0
2017-11-02 00:00:00+09:00,2309.5147767003996,2309.5147767003996,2291.8971189031013,2304.7099609375,8800,0.0,0.0
2017-11-03 00:00:00+09:00,2304.7099609375,2304.7099609375,2304.7099609375,2304.7099609375,0,0.0,0.0
2017-11-06 00:00:00+09:00,2296.70167144006,2311.116117076713,2287.092041015625,2287.092041015625,7400,0.0,0.0
2017-11-07 00:00:00+09:00,2289.4952104652334,2307.913674907591,2271.8775488247175,2295.100830078125,10100,0.0,0.0
2017-11-08 00:00:00+09:00,2275.8812618724746,2284.690091527857,2242.247548642832,2279.08447265625,10700,0.0,0.0
2017-11-09 00:00:00+09:00,2290.2955813628596,2310.315647633514,2248.653843519898,2283.88916015625,13700,0.0,0.0
2017-11-10 00:00:00+09:00,2242.2471617047845,2298.303340747404,2242.2471617047845,2284.689697265625,13500,0.0,0.0
2017-11-13 00:00:00+09:00,2283.8891475400446,2313.5188454569384,2271.076305197604,2293.498779296875,30500,0.0,0.0
2017-11-14 00:00:00+09:00,2282.2869696417806,2282.2869696417806,2239.0436375854097,2241.446044921875,24100,0.0,0.0
2017-11-15 00:00:00+09:00,2222.226848810369,2234.238885830966,2186.9915402166193,2202.206787109375,24400,0.0,0.0
2017-11-16 00:00:00+09:00,2207.812924061651,2236.641819696841,2195.000081557122,2210.21533203125,22100,0.0,0.0
2017-11-17 00:00:00+09:00,2209.4139362264054,2251.055663186816,2201.405911810942,2232.63720703125,37400,0.0,0.0
2017-11-20 00:00:00+09:00,2228.633988975981,2320.72630257003,2228.633988975981,2303.108642578125,28500,0.0,0.0
2017-11-21 00:00:00+09:00,2324.7297123492945,2387.993111341921,2324.7297123492945,2380.785888671875,33500,0.0,0.0
2017-11-22 00:00:00+09:00,2390.3958008311256,2390.3958008311256,2342.3476440305,2351.957275390625,16500,0.0,0.0
2017-11-23 00:00:00+09:00,2351.957275390625,2351.957275390625,2351.957275390625,2351.957275390625,0,0.0,0.0
2017-11-24 00:00:00+09:00,2351.957275390625,2363.168511977438,2330.3356048303435,2351.957275390625,11300,0.0,0.0
2017-11-27 00:00:00+09:00,2386.39210891076,2386.39210891076,2353.5591973452088,2358.364013671875,5900,0.0,0.0
2017-11-28 00:00:00+09:00,2352.758335503472,2378.3840219350964,2338.343886885684,2342.347900390625,13300,0.0,0.0
2017-11-29 00:00:00+09:00,2379.184365687837,2450.455792327425,2373.578747862251,2414.419677734375,45700,0.0,0.0
2017-11-30 00:00:00+09:00,2387.9931694690745,2387.9931694690745,2314.3193359375,2314.3193359375,83000,0.0,0.0
2017-12-01 00:00:00+09:00,2329.535126858804,2359.1648276816895,2321.527099609375,2321.527099609375,15100,0.0,0.0
2017-12-04 00:00:00+09:00,2315.921167094338,2331.1364168089967,2296.701904296875,2296.701904296875,7000,0.0,0.0
2017-12-05 00:00:00+09:00,2312.71763498473,2341.54652517152,2279.083929766808,2327.132080078125,16300,0.0,0.0
2017-12-06 00:00:00+09:00,2323.929375244906,2335.140612754702,2298.3036895082287,2299.1044921875,10200,0.0,0.0
2017-12-07 00:00:00+09:00,2299.9049309193574,2338.3434534416865,2299.9049309193574,2331.13623046875,12900,0.0,0.0
2017-12-08 00:00:00+09:00,2348.7546602381854,2361.5675052991505,2331.136998279358,2347.953857421875,35100,0.0,0.0
2017-12-11 00:00:00+09:00,2339.144265803468,2358.363527145229,2323.128214685334,2339.945068359375,13200,0.0,0.0
2017-12-12 00:00:00+09:00,2339.945068359375,2355.1603169216023,2323.9290172412407,2339.945068359375,17000,0.0,0.0
2017-12-13 00:00:00+09:00,2343.9495759077754,2343.9495759077754,2307.1126505604034,2321.527099609375,13400,0.0,0.0
2017-12-14 00:00:00+09:00,2361.566846631788,2438.443895555712,2361.566846631788,2400.00537109375,34400,0.0,0.0
2017-12-15 00:00:00+09:00,2400.0053843163746,2478.484038858585,2400.0053843163746,2454.4599609375,65900,0.0,0.0
2017-12-18 00:00:00+09:00,2498.5043005717666,2574.580553313535,2498.5043005717666,2538.54443359375,56600,0.0,0.0
2017-12-19 00:00:00+09:00,2518.5240010514426,2550.556102813623,2502.5079501703526,2506.511962890625,62200,0.0,0.0
2017-12-20 00:00:00+09:00,2506.5125490566497,2582.58880853281,2498.50452174337,2566.57275390625,39200,0.0,0.0
2017-12-21 00:00:00+09:00,2566.5717121884813,2566.5717121884813,2530.5356039050234,2550.5556640625,64900,0.0,0.0
2017-12-22 00:00:00+09:00,2550.556643206547,2694.701131676619,2550.556643206547,2650.656982421875,75700,0.0,0.0
2017-12-25 00:00:00+09:00,2654.6604445437165,2670.67649549119,2614.620317175033,2634.640380859375,31100,0.0,0.0
2017-12-26 00:00:00+09:00,2630.6362619588153,2662.6683625610535,2626.6322493835355,2638.644287109375,25000,0.0,0.0
2017-12-27 00:00:00+09:00,2638.644745291096,2682.6888912671234,2594.6005993150684,2630.63671875,16800,0.0,0.0
2017-12-28 00:00:00+09:00,2634.6405477834305,2634.6405477834305,2566.572326944041,2582.58837890625,15900,0.0,0.0
2017-12-29 00:00:00+09:00,2578.5842732174297,2578.5842732174297,2542.548157597931,2558.564208984375,28500,0.0,0.0
2018-01-01 00:00:00+09:00,2558.564208984375,2558.564208984375,2558.564208984375,2558.564208984375,0,0.0,0.0
2018-01-02 00:00:00+09:00,2558.564208984375,2558.564208984375,2558.564208984375,2558.564208984375,0,0.0,0.0
2018-01-03 00:00:00+09:00,2558.564208984375,2558.564208984375,2558.564208984375,2558.564208984375,0,0.0,0.0
2018-01-04 00:00:00+09:00,2606.6125183575696,2618.6245576126735,2570.5764005922574,2598.6044921875,23300,0.0,0.0
2018-01-05 00:00:00+09:00,2598.604229354858,2598.604229354858,2558.564102554321,2562.568115234375,14300,0.0,0.0
2018-01-08 00:00:00+09:00,2562.568115234375,2562.568115234375,2562.568115234375,2562.568115234375,0,0.0,0.0
2018-01-09 00:00:00+09:00,2582.5883338341346,2630.6364888822113,2570.5762950721155,2602.6083984375,42500,0.0,0.0
2018-01-10 00:00:00+09:00,2594.5997964089484,2594.5997964089484,2546.551652031005,2550.5556640625,17300,0.0,0.0
2018-01-11 00:00:00+09:00,2526.531591873528,2554.559676093995,2526.531591873528,2550.5556640625,8300,0.0,0.0
2018-01-12 00:00:00+09:00,2546.5523518505183,2638.644653882848,2538.5443255868377,2606.612548828125,39600,0.0,0.0
2018-01-15 00:00:00+09:00,2634.6405018028845,2642.648527644231,2594.6003725961536,2602.6083984375,8000,0.0,0.0
2018-01-16 00:00:00+09:00,2614.620437199519,2614.620437199519,2598.604385516827,2602.6083984375,11100,0.0,0.0
2018-01-17 00:00:00+09:00,2582.58837890625,2610.616469840116,2578.584365915698,2582.58837890625,13600,0.0,0.0
2018-01-18 00:00:00+09:00,2586.592298910651,2594.600324603873,2558.564208984375,2558.564208984375,22500,0.0,0.0
2018-01-19 00:00:00+09:00,2558.564208984375,2586.592298910651,2554.560196137764,2558.564208984375,8300,0.0,0.0
2018-01-22 00:00:00+09:00,2530.536013793945,2562.568115234375,2530.536013793945,2562.568115234375,13300,0.0,0.0
2018-01-23 00:00:00+09:00,2574.580703261476,2582.588730332274,2550.5566220490828,2578.584716796875,8400,0.0,0.0
2018-01-24 00:00:00+09:00,2590.596374037106,2598.604399922847,2570.5763093227547,2574.580322265625,11700,0.0,0.0
2018-01-25 00:00:00+09:00,2570.576354789136,2570.576354789136,2538.544250679614,2554.560302734375,10600,0.0,0.0
2018-01-26 00:00:00+09:00,2562.5682218309857,2602.608350297095,2550.556183291153,2558.564208984375,11800,0.0,0.0
2018-01-29 00:00:00+09:00,2586.5923918968024,2590.5964048873548,2574.5803529251457,2582.58837890625,6600,0.0,0.0
2018-01-30 00:00:00+09:00,2578.5842556423613,2578.5842556423613,2522.528076171875,2522.528076171875,11900,0.0,0.0
2018-01-31 00:00:00+09:00,2506.5125783778317,2542.5487017091423,2466.4724413430417,2474.48046875,22700,0.0,0.0
2018-02-01 00:00:00+09:00,2438.4442397011308,2510.5164832390956,2410.4161449919225,2478.484375,22900,0.0,0.0
2018-02-02 00:00:00+09:00,2454.460037381532,2478.4841160508454,2434.4399718237705,2442.447998046875,20100,0.0,0.0
2018-02-05 00:00:00+09:00,2402.40822111694,2406.412234818801,2345.5512265505054,2347.15283203125,22500,0.0,0.0
2018-02-06 00:00:00+09:00,2242.2476320965216,2242.2476320965216,2174.1794004078774,2175.781005859375,43800,0.0,0.0
2018-02-07 00:00:00+09:00,2202.2073054659195,2261.4667020493657,2202.2073054659195,2210.21533203125,26300,0.0,0.0
2018-02-08 00:00:00+09:00,2219.02427046046,2316.7221993656117,2219.02427046046,2279.08447265625,23000,0.0,0.0
2018-02-09 00:00:00+09:00,2242.247413707761,2331.9373102560717,2204.609689263381,2275.080322265625,37000,0.0,0.0
2018-02-12 00:00:00+09:00,2275.080322265625,2275.080322265625,2275.080322265625,2275.080322265625,0,0.0,0.0
2018-02-13 00:00:00+09:00,2550.5565572599085,2550.5565572599085,2371.1767554306402,2462.46826171875,48800,0.0,0.0
2018-02-14 00:00:00+09:00,2482.4883110806873,2542.54851215522,2466.4722574608118,2490.496337890625,42500,0.0,0.0
2018-02-15 00:00:00+09:00,2506.512024894593,2538.544127449157,2430.435781327505,2522.528076171875,22300,0.0,0.0
2018-02-16 00:00:00+09:00,2542.54851215522,2578.5846327999398,2470.4762708657804,2490.496337890625,21700,0.0,0.0
2018-02-19 00:00:00+09:00,2490.496426527667,2538.544589097333,2490.496426527667,2514.5205078125,11100,0.0,0.0
2018-02-20 00:00:00+09:00,2578.584532937886,2658.664797935957,2570.5765064380785,2594.6005859375,62800,0.0,0.0
2018-02-21 00:00:00+09:00,2594.6002534906916,2642.648406333112,2574.5801898063496,2634.640380859375,26700,0.0,0.0
2018-02-22 00:00:00+09:00,2658.6649318609025,2666.6729587640975,2614.620783893327,2662.6689453125,23800,0.0,0.0
2018-02-23 00:00:00+09:00,2682.688871495864,2750.75709659352,2682.688871495864,2722.72900390625,62900,0.0,0.0
2018-02-26 00:00:00+09:00,2722.7289285044976,2722.7289285044976,2658.6647184220387,2670.6767578125,16500,0.0,0.0
2018-02-27 00:00:00+09:00,2722.7285272334693,2730.736552313568,2630.6362388123375,2694.700439453125,34300,0.0,0.0
2018-02-28 00:00:00+09:00,2670.6769539762035,2674.6809674004558,2526.532470703125,2526.532470703125,39800,0.0,0.0
2018-03-01 00:00:00+09:00,2538.5443111431564,2594.600494669977,2518.5242455978632,2570.576416015625,36200,0.0,0.0
2018-03-02 00:00:00+09:00,2514.52035378056,2574.580553313535,2502.5083138739647,2538.54443359375,36100,0.0,0.0
2018-03-05 00:00:00+09:00,2518.5240633525545,2554.5601787264386,2502.5080120752727,2522.528076171875,21200,0.0,0.0
2018-03-06 00:00:00+09:00,2530.5362246522336,2574.5803678028265,2530.5362246522336,2554.560302734375,19900,0.0,0.0
2018-03-07 00:00:00+09:00,2538.5444203125003,2562.5685,2494.5002742187503,2502.50830078125,17200,0.0,0.0
2018-03-08 00:00:00+09:00,2486.491960797991,2562.5682043650795,2486.491960797991,2522.528076171875,7900,0.0,0.0
2018-03-09 00:00:00+09:00,2562.5685915213944,2582.5886586426554,2506.512403581864,2526.532470703125,17900,0.0,0.0
2018-03-12 00:00:00+09:00,2578.5842732174297,2578.5842732174297,2538.5441447513203,2558.564208984375,13400,0.0,0.0
2018-03-13 00:00:00+09:00,2550.5563055300245,2658.6646575697587,2538.5442664144985,2654.66064453125,41500,0.0,0.0
2018-03-14 00:00:00+09:00,2634.6405477834305,2638.644560773983,2574.5803529251457,2582.58837890625,16500,0.0,0.0
2018-03-15 00:00:00+09:00,2586.592361094236,2606.6124258085874,2538.544205779792,2574.580322265625,8600,0.0,0.0
2018-03-16 00:00:00+09:00,2550.5561797752807,2550.5561797752807,2482.4879614767256,2494.5,25100,0.0,0.0
2018-03-19 00:00:00+09:00,2494.5005372673945,2502.508564674353,2466.4724413430417,2474.48046875,25700,0.0,0.0
2018-03-20 00:00:00+09:00,2474.4799495548395,2486.491988144912,2458.4638981014105,2466.471923828125,36500,0.0,0.0
2018-03-21 00:00:00+09:00,2466.471923828125,2466.471923828125,2466.471923828125,2466.471923828125,0,0.0,0.0
2018-03-22 00:00:00+09:00,2478.4840554742605,2570.576354789136,2478.4840554742605,2554.560302734375,29700,0.0,0.0
2018-03-23 00:00:00+09:00,2482.488335050605,2498.5043888251253,2398.404052734375,2398.404052734375,27900,0.0,0.0
2018-03-26 00:00:00+09:00,2393.598811525057,2426.4317159320585,2353.5586841994455,2414.419677734375,23600,0.0,0.0
2018-03-27 00:00:00+09:00,2470.4758235931395,2574.580153274536,2470.4758235931395,2562.568115234375,33600,0.0,0.0
2018-03-28 00:00:00+09:00,2546.323850998743,2631.6074249556386,2534.140483290615,2574.751708984375,13600,45.0,0.0
2018-03-29 00:00:00+09:00,2578.8127798495875,2603.1795147773,2517.895942530306,2554.446044921875,14500,0.0,0.0
2018-03-30 00:00:00+09:00,2595.0572517491596,2595.0572517491596,2526.0181699342365,2566.62939453125,9900,0.0,0.0
2018-04-02 00:00:00+09:00,2595.05784945743,2595.05784945743,2493.529764580379,2505.713134765625,12900,0.0,0.0
2018-04-03 00:00:00+09:00,2501.6515421416934,2538.2016458418157,2489.468174241653,2493.529296875,9900,0.0,0.0
2018-04-04 00:00:00+09:00,2517.896202014277,2574.751922704922,2517.896202014277,2542.262939453125,11800,0.0,0.0
2018-04-05 00:00:00+09:00,2546.3240623596,2570.6907997984476,2509.773956201328,2542.262939453125,11300,0.0,0.0
2018-04-06 00:00:00+09:00,2517.896504950871,2550.3854921115276,2493.529764580379,2505.713134765625,18300,0.0,0.0
2018-04-09 00:00:00+09:00,2485.4072265625,2534.1407015931372,2444.7959973703023,2485.4072265625,15500,0.0,0.0
2018-04-10 00:00:00+09:00,2477.284961731453,2542.262927940803,2440.734855738694,2497.590576171875,22400,0.0,0.0
2018-04-11 00:00:00+09:00,2530.079502203526,2546.3239933894233,2505.7127654246797,2534.140625,10300,0.0,0.0
2018-04-12 00:00:00+09:00,2534.1408008440517,2554.44641623543,2497.59069313957,2526.0185546875,17200,0.0,0.0
2018-04-13 00:00:00+09:00,2546.3239375833086,2582.874041950533,2526.018324045962,2570.690673828125,15000,0.0,0.0
2018-04-16 00:00:00+09:00,2615.363592661571,2631.608087025929,2590.9968511150346,2623.48583984375,9400,0.0,0.0
2018-04-17 00:00:00+09:00,2639.7300184218516,2757.5025884745187,2639.7300184218516,2716.891357421875,52400,0.0,0.0
2018-04-18 00:00:00+09:00,2716.890653965837,2729.0740201271183,2627.5459687831035,2635.668212890625,28200,0.0,0.0
2018-04-19 00:00:00+09:00,2635.6682662730555,2680.3406097692086,2615.3626555929854,2655.973876953125,16600,0.0,0.0
2018-04-20 00:00:00+09:00,2655.974828572465,2676.280446527912,2590.9968511150346,2623.48583984375,14300,0.0,0.0
2018-04-23 00:00:00+09:00,2599.118481289809,2599.118481289809,2542.2627645115945,2550.385009765625,13100,0.0,0.0
2018-04-24 00:00:00+09:00,2550.385196416307,2586.935302734375,2550.385196416307,2586.935302734375,8700,0.0,0.0
2018-04-25 00:00:00+09:00,2599.118268474843,2599.118268474843,2570.690412413399,2582.873779296875,7800,0.0,0.0
2018-04-26 00:00:00+09:00,2631.6081358572505,2700.647238186839,2611.3025175250186,2688.4638671875,15300,0.0,0.0
2018-04-27 00:00:00+09:00,2680.341045673077,2708.7689052483975,2664.0965544871797,2692.5244140625,9600,0.0,0.0
2018-04-30 00:00:00+09:00,2692.5244140625,2692.5244140625,2692.5244140625,2692.5244140625,0,0.0,0.0
2018-05-01 00:00:00+09:00,2708.7689052483975,2716.891150841346,2664.0965544871797,2692.5244140625,8200,0.0,0.0
2018-05-02 00:00:00+09:00,2692.5246187902885,2729.0747267376682,2668.1578801587025,2716.891357421875,11600,0.0,0.0
2018-05-03 00:00:00+09:00,2716.891357421875,2716.891357421875,2716.891357421875,2716.891357421875,0,0.0,0.0
2018-05-04 00:00:00+09:00,2716.891357421875,2716.891357421875,2716.891357421875,2716.891357421875,0,0.0,0.0
2018-05-07 00:00:00+09:00,2733.135498046875,2741.2577432119474,2680.340904473904,2733.135498046875,8800,0.0,0.0
2018-05-08 00:00:00+09:00,2716.891682438806,2716.891682438806,2599.1190982972134,2623.48583984375,23200,0.0,0.0
2018-05-09 00:00:00+09:00,2651.91301655806,2668.157506705429,2627.546281337006,2643.790771484375,15700,0.0,0.0
2018-05-10 00:00:00+09:00,2643.790771484375,2651.91301655806,2631.607403873848,2643.790771484375,4500,0.0,0.0
2018-05-11 00:00:00+09:00,2635.668591363498,2720.9521667388963,2635.668591363498,2708.768798828125,19200,0.0,0.0
2018-05-14 00:00:00+09:00,2440.7346703054095,2473.2236509417544,2331.0843606577455,2461.040283203125,96500,0.0,0.0
2018-05-15 00:00:00+09:00,2505.712385411416,2558.5069737588205,2477.2845301474295,2517.895751953125,23900,0.0,0.0
2018-05-16 00:00:00+09:00,2505.712385411416,2530.0791184948334,2497.590141050277,2517.895751953125,9800,0.0,0.0
2018-05-17 00:00:00+09:00,2509.773956201328,2619.4242746761433,2485.40721876248,2542.262939453125,40000,0.0,0.0
2018-05-18 00:00:00+09:00,2558.5074194931403,2558.5074194931403,2497.590576171875,2497.590576171875,15100,0.0,0.0
2018-05-21 00:00:00+09:00,2501.6516990599594,2517.896190612297,2477.284961731453,2497.590576171875,17300,0.0,0.0
2018-05-22 00:00:00+09:00,2497.590519831731,2538.2017477964746,2497.590519831731,2534.140625,24200,0.0,0.0
2018-05-23 00:00:00+09:00,2513.8349472848995,2521.9571926719264,2452.918106882196,2469.16259765625,24900,0.0,0.0
2018-05-24 00:00:00+09:00,2526.0182965617328,2554.4461552047105,2452.9180886226472,2481.345947265625,25000,0.0,0.0
2018-05-25 00:00:00+09:00,2477.284510820761,2477.284510820761,2440.734411480783,2473.223388671875,13500,0.0,0.0
2018-05-28 00:00:00+09:00,2473.2238500430562,2558.5074310790237,2473.2238500430562,2542.262939453125,11800,0.0,0.0
2018-05-29 00:00:00+09:00,2554.445940008456,2554.445940008456,2497.5902275122426,2513.834716796875,7900,0.0,0.0
2018-05-30 00:00:00+09:00,2497.590595320159,2501.651718239379,2477.2849807240605,2485.4072265625,9800,0.0,0.0
2018-05-31 00:00:00+09:00,2485.407051608306,2513.8349100417345,2477.2848063416122,2493.529296875,36600,0.0,0.0
2018-06-01 00:00:00+09:00,2461.040195923857,2469.162440794893,2452.917951052821,2465.101318359375,11100,0.0,0.0
2018-06-04 00:00:00+09:00,2465.1014834339207,2595.0574100729414,2465.1014834339207,2570.690673828125,24800,0.0,0.0
2018-06-05 00:00:00+09:00,2562.568115234375,2570.690359656671,2509.7735264894513,2562.568115234375,22500,0.0,0.0
2018-06-06 00:00:00+09:00,2530.079592481072,2651.913280722536,2505.7128548327787,2631.607666015625,45100,0.0,0.0
2018-06-07 00:00:00+09:00,2639.7296998558977,2680.340926007527,2639.7296998558977,2664.096435546875,14500,0.0,0.0
2018-06-08 00:00:00+09:00,2676.280446527912,2676.280446527912,2607.2413454793923,2623.48583984375,26800,0.0,0.0
2018-06-11 00:00:00+09:00,2623.4855473320495,2631.607793608619,2574.7520696726306,2603.179931640625,11800,0.0,0.0
2018-06-12 00:00:00+09:00,2647.8522265624997,2761.5636718749997,2643.791103515625,2741.258056640625,44800,0.0,0.0
2018-06-13 00:00:00+09:00,2684.4020270564406,2741.2577432119474,2684.4020270564406,2733.135498046875,30800,0.0,0.0
2018-06-14 00:00:00+09:00,2688.4634865062217,2696.58573268902,2611.3021477696384,2672.218994140625,25700,0.0,0.0
2018-06-15 00:00:00+09:00,2676.279679133586,2773.746617372138,2639.729577294129,2749.3798828125,39400,0.0,0.0
2018-06-18 00:00:00+09:00,2749.380171916619,2749.380171916619,2651.913223429176,2668.15771484375,8400,0.0,0.0
2018-06-19 00:00:00+09:00,2668.157486418764,2749.379936538057,2664.0963639127995,2712.829833984375,27900,0.0,0.0
2018-06-20 00:00:00+09:00,2716.891071823408,2822.48026146079,2664.0964770047167,2798.113525390625,40400,0.0,0.0
2018-06-21 00:00:00+09:00,2798.113570218706,2899.6416388042903,2773.746833758166,2875.27490234375,68400,0.0,0.0
2018-06-22 00:00:00+09:00,2842.785733633668,2842.785733633668,2733.1354267649403,2781.868896484375,88300,0.0,0.0
2018-06-25 00:00:00+09:00,2773.7466899671053,2773.7466899671053,2696.585361842105,2700.646484375,22200,0.0,0.0
2018-06-26 00:00:00+09:00,2708.7684098583154,2708.7684098583154,2635.668212890625,2635.668212890625,11500,0.0,0.0
2018-06-27 00:00:00+09:00,2611.3021566850007,2737.196972948197,2582.8742949481502,2716.891357421875,17500,0.0,0.0
2018-06-28 00:00:00+09:00,2692.5241341939786,2838.724539670575,2639.7295433274303,2830.602294921875,36400,0.0,0.0
2018-06-29 00:00:00+09:00,2846.8466125745094,2915.885688771038,2810.296513411641,2895.580078125,65400,0.0,0.0
2018-07-02 00:00:00+09:00,2891.5191677437224,2891.5191677437224,2733.135393106075,2749.3798828125,24400,0.0,0.0
2018-07-03 00:00:00+09:00,2761.5633890877384,2798.113492766841,2664.0964459434654,2765.62451171875,40800,0.0,0.0
2018-07-04 00:00:00+09:00,2761.563501602564,2806.235852363782,2684.4021684695513,2692.5244140625,27900,0.0,0.0
2018-07-05 00:00:00+09:00,2737.196675863611,2757.5022891860413,2635.6686092514587,2696.58544921875,30600,0.0,0.0
2018-07-06 00:00:00+09:00,2700.646413693224,2761.5632500923193,2680.340801560192,2749.3798828125,20000,0.0,0.0
2018-07-09 00:00:00+09:00,2749.3800251973626,2777.8078836558284,2676.2798177327354,2708.768798828125,26100,0.0,0.0
2018-07-10 00:00:00+09:00,2765.624825242805,2785.930440699801,2672.218994140625,2672.218994140625,24500,0.0,0.0
2018-07-11 00:00:00+09:00,2672.218560070128,2672.218560070128,2566.6293768454725,2578.812744140625,25200,0.0,0.0
2018-07-12 00:00:00+09:00,2578.8126739354047,2599.1182855411953,2505.712472154559,2513.834716796875,25500,0.0,0.0
2018-07-13 00:00:00+09:00,2546.323764686885,2595.057233867495,2505.7125403697096,2578.812744140625,20500,0.0,0.0
2018-07-16 00:00:00+09:00,2578.812744140625,2578.812744140625,2578.812744140625,2578.812744140625,0,0.0,0.0
2018-07-17 00:00:00+09:00,2566.629546222952,2660.035368316509,2566.629546222952,2627.54638671875,18200,0.0,0.0
2018-07-18 00:00:00+09:00,2664.0962962519175,2680.3407858632095,2627.54619462651,2647.851806640625,9000,0.0,0.0
2018-07-19 00:00:00+09:00,2647.851771763393,2647.851771763393,2574.7515694754466,2615.36279296875,10500,0.0,0.0
2018-07-20 00:00:00+09:00,2590.9962873654717,2590.9962873654717,2542.262814875839,2570.690673828125,11300,0.0,0.0
2018-07-23 00:00:00+09:00,2517.8963085309488,2554.44641623543,2505.7129392961215,2526.0185546875,13700,0.0,0.0
2018-07-24 00:00:00+09:00,2526.018710655347,2570.691067274654,2493.529724023124,2530.079833984375,16600,0.0,0.0
2018-07-25 00:00:00+09:00,2517.896209916258,2517.896209916258,2481.34610364328,2485.4072265625,20600,0.0,0.0
2018-07-26 00:00:00+09:00,2505.7123658629666,2517.8957323096265,2448.8566557785557,2473.223388671875,20300,0.0,0.0
2018-07-27 00:00:00+09:00,2485.406894811603,2558.5070976001793,2456.979038171601,2546.32373046875,25000,0.0,0.0
2018-07-30 00:00:00+09:00,2542.2632453213632,2542.2632453213632,2456.9796540246402,2505.713134765625,31300,0.0,0.0
2018-07-31 00:00:00+09:00,2477.28515625,2505.7130186987706,2448.8572938012294,2477.28515625,24300,0.0,0.0
2018-08-01 00:00:00+09:00,2497.590121565194,2509.7734880118533,2430.175493893678,2473.223388671875,22600,0.0,0.0
2018-08-02 00:00:00+09:00,2473.223388671875,2534.140220905172,2452.9177779274423,2473.223388671875,20000,0.0,0.0
2018-08-03 00:00:00+09:00,2473.2240330430327,2485.4074026639346,2444.7961705942625,2477.28515625,15200,0.0,0.0
2018-08-06 00:00:00+09:00,2473.2239846978305,2493.529600335744,2448.857245932335,2456.9794921875,21100,0.0,0.0
2018-08-07 00:00:00+09:00,2444.7959489664354,2444.7959489664354,2401.748046875,2401.748046875,20700,0.0,0.0
2018-08-08 00:00:00+09:00,2413.931827542604,2448.8574899195664,2398.499558120225,2418.80517578125,10300,0.0,0.0
2018-08-09 00:00:00+09:00,2421.2412400551893,2421.2412400551893,2375.7566679508313,2390.376708984375,18400,0.0,0.0
2018-08-10 00:00:00+09:00,2420.428937967414,2420.428937967414,2355.450979901175,2375.756591796875,14500,0.0,0.0
2018-08-13 00:00:00+09:00,2461.040896200174,2627.546963434839,2429.3641321896766,2623.48583984375,67400,0.0,0.0
2018-08-14 00:00:00+09:00,2590.996023885859,2607.2405130638267,2546.3236786464477,2582.873779296875,31900,0.0,0.0
2018-08-15 00:00:00+09:00,2590.995972625969,2664.09617248062,2590.995972625969,2619.423828125,24600,0.0,0.0
2018-08-16 00:00:00+09:00,2615.3631439208984,2635.668758392334,2586.9352836608887,2599.11865234375,23100,0.0,0.0
2018-08-17 00:00:00+09:00,2619.4237777289995,2664.0961212251527,2582.873678504874,2655.973876953125,16500,0.0,0.0
2018-08-20 00:00:00+09:00,2664.097075754644,2676.280446527912,2623.48583984375,2623.48583984375,15000,0.0,0.0
2018-08-21 00:00:00+09:00,2603.1800539068768,2603.1800539068768,2526.018710655347,2530.079833984375,25400,0.0,0.0
2018-08-22 00:00:00+09:00,2517.8957323096265,2517.8957323096265,2426.1143717447917,2473.223388671875,32200,0.0,0.0
2018-08-23 00:00:00+09:00,2456.97920703125,2562.56839609375,2456.97920703125,2538.20166015625,27100,0.0,0.0
2018-08-24 00:00:00+09:00,2578.8125041379767,2655.973823159428,2578.8125041379767,2635.668212890625,22800,0.0,0.0
2018-08-27 00:00:00+09:00,2655.974190316549,2704.707661698504,2627.5463320104086,2664.096435546875,25800,0.0,0.0
2018-08-28 00:00:00+09:00,2639.7298620054917,2660.035476328611,2554.446281848391,2611.302001953125,27700,0.0,0.0
2018-08-29 00:00:00+09:00,2590.9962546875004,2590.9962546875004,2521.95716953125,2538.20166015625,20200,0.0,0.0
2018-08-30 00:00:00+09:00,2538.201585526474,2664.096384168587,2538.201585526474,2643.790771484375,38300,0.0,0.0
2018-08-31 00:00:00+09:00,2619.42409700234,2798.113492766841,2599.118483847283,2765.62451171875,56200,0.0,0.0
2018-09-03 00:00:00+09:00,2810.297050498188,2846.8471566462863,2789.991435971467,2802.1748046875,35500,0.0,0.0
2018-09-04 00:00:00+09:00,2765.624794921875,2789.991533203125,2741.258056640625,2741.258056640625,19800,0.0,0.0
2018-09-05 00:00:00+09:00,2741.2576915261275,2741.2576915261275,2672.218608924729,2712.829833984375,15900,0.0,0.0
2018-09-06 00:00:00+09:00,2684.4017319052227,2684.4017319052227,2599.1181670489295,2655.973876953125,30400,0.0,0.0
2018-09-07 00:00:00+09:00,2615.362846026083,2627.5462133212354,2550.3848871186024,2578.812744140625,18600,0.0,0.0
2018-09-10 00:00:00+09:00,2578.8127257926335,2680.3407858632095,2574.7516033898105,2647.851806640625,18300,0.0,0.0
2018-09-11 00:00:00+09:00,2631.6071441370414,2668.157243361167,2619.4237777289995,2655.973876953125,8000,0.0,0.0
2018-09-12 00:00:00+09:00,2643.7906494140625,2643.7906494140625,2574.7515694754466,2615.36279296875,9400,0.0,0.0
2018-09-13 00:00:00+09:00,2619.4242406000285,2684.402206258324,2619.4242406000285,2668.15771484375,6400,0.0,0.0
2018-09-14 00:00:00+09:00,2643.7907513829764,2761.5633040559505,2639.7296288770117,2712.829833984375,35800,0.0,0.0
2018-09-17 00:00:00+09:00,2712.829833984375,2712.829833984375,2712.829833984375,2712.829833984375,0,0.0,0.0
2018-09-18 00:00:00+09:00,2716.8911319767035,2741.25786858636,2676.2799042939423,2704.707763671875,27000,0.0,0.0
2018-09-19 00:00:00+09:00,2704.7079881060818,2753.4414653692543,2692.5246187902885,2716.891357421875,16700,0.0,0.0
2018-09-20 00:00:00+09:00,2725.0133078701524,2725.0133078701524,2655.974222573889,2696.58544921875,37000,0.0,0.0
2018-09-21 00:00:00+09:00,2716.8911938261776,2830.602633926526,2688.463333801091,2769.685791015625,49900,0.0,0.0
2018-09-24 00:00:00+09:00,2769.685791015625,2769.685791015625,2769.685791015625,2769.685791015625,0,0.0,0.0
2018-09-25 00:00:00+09:00,2814.3582810027688,2899.64186527558,2794.0526656997185,2887.45849609375,57600,0.0,0.0
2018-09-26 00:00:00+09:00,2854.969699513826,2871.214192825427,2810.2973429069243,2822.480712890625,21700,0.0,0.0
2018-09-27 00:00:00+09:00,2789.9913611778848,2794.052483974359,2684.4021684695513,2692.5244140625,34200,0.0,0.0
2018-09-28 00:00:00+09:00,2712.829833984375,2745.318814032092,2655.97411890087,2712.829833984375,33300,0.0,0.0
2018-10-01 00:00:00+09:00,2712.829531912076,2720.951776019597,2603.1792364605403,2635.668212890625,31100,0.0,0.0
2018-10-02 00:00:00+09:00,2655.9743728637695,2660.0354957580566,2590.996406555176,2599.11865234375,20600,0.0,0.0
2018-10-03 00:00:00+09:00,2582.87427778336,2582.87427778336,2517.8963085309488,2526.0185546875,33500,0.0,0.0
2018-10-04 00:00:00+09:00,2530.079502203526,2582.8740985576924,2505.7127654246797,2534.140625,40400,0.0,0.0
2018-10-05 00:00:00+09:00,2509.773944836128,2530.07955927655,2477.284961731453,2497.590576171875,27500,0.0,0.0
2018-10-08 00:00:00+09:00,2497.590576171875,2497.590576171875,2497.590576171875,2497.590576171875,0,0.0,0.0
2018-10-09 00:00:00+09:00,2469.162528362211,2481.3458961008405,2440.7346703054095,2461.040283203125,33400,0.0,0.0
2018-10-10 00:00:00+09:00,2461.0407373909006,2550.3854506295143,2452.918490732845,2530.079833984375,22000,0.0,0.0
2018-10-11 00:00:00+09:00,2473.2240938767422,2517.896450252184,2422.053940210327,2440.735107421875,37700,0.0,0.0
2018-10-12 00:00:00+09:00,2440.735019417696,2452.9183888989824,2392.0015414925506,2444.796142578125,22900,0.0,0.0
2018-10-15 00:00:00+09:00,2469.162596007765,2469.162596007765,2390.3768158062016,2405.80908203125,27900,0.0,0.0
2018-10-16 00:00:00+09:00,2375.756624777981,2465.101318359375,2375.756624777981,2465.101318359375,27800,0.0,0.0
2018-10-17 00:00:00+09:00,2599.1185045008183,2599.1185045008183,2461.0403339492123,2481.345947265625,40800,0.0,0.0
2018-10-18 00:00:00+09:00,2501.651642628205,2570.690730168269,2493.5293970352564,2534.140625,21100,0.0,0.0
2018-10-19 00:00:00+09:00,2477.284773521297,2481.3458961008405,2440.7346703054095,2461.040283203125,19200,0.0,0.0
2018-10-22 00:00:00+09:00,2452.918243208742,2505.7128411585986,2428.551505693423,2485.4072265625,16700,0.0,0.0
2018-10-23 00:00:00+09:00,2469.162478705281,2469.162478705281,2381.4422327512775,2383.87890625,26900,0.0,0.0
2018-10-24 00:00:00+09:00,2409.870242421533,2444.795898108802,2398.4990987093993,2413.119140625,17900,0.0,0.0
2018-10-25 00:00:00+09:00,2375.7566285259954,2375.7566285259954,2288.8486082688055,2294.5341796875,18100,0.0,0.0
2018-10-26 00:00:00+09:00,2310.7788134325733,2318.901058822494,2228.7441349943692,2253.923095703125,26100,0.0,0.0
2018-10-29 00:00:00+09:00,2269.3556104515033,2339.2069284539475,2217.3732342636376,2222.24658203125,21500,0.0,0.0
2018-10-30 00:00:00+09:00,2215.748357146002,2328.647558628148,2205.1894390217726,2305.9052734375,54700,0.0,0.0
2018-10-31 00:00:00+09:00,2305.905160007834,2374.9442366547755,2305.905160007834,2340.830810546875,20900,0.0,0.0
2018-11-01 00:00:00+09:00,2340.8311798878203,2358.7001201923076,2302.6566256009614,2312.4033203125,16100,0.0,0.0
2018-11-02 00:00:00+09:00,2305.0931159294373,2322.1498303179214,2265.294115689641,2282.350830078125,23400,0.0,0.0
2018-11-05 00:00:00+09:00,2282.3505335768227,2282.3505335768227,2145.8968361957172,2211.68701171875,37100,0.0,0.0
2018-11-06 00:00:00+09:00,2232.8051842510786,2289.6609001105094,2200.3162037599755,2270.979736328125,17200,0.0,0.0
2018-11-07 00:00:00+09:00,2281.5389630288373,2334.333563454923,2248.2377535293067,2272.6044921875,18600,0.0,0.0
2018-11-08 00:00:00+09:00,2281.5383983518363,2335.1452101322643,2275.8528274054274,2314.839599609375,11000,0.0,0.0
2018-11-09 00:00:00+09:00,2233.617735438687,2299.4079305552445,2233.617735438687,2266.9189453125,25800,0.0,0.0
2018-11-12 00:00:00+09:00,2261.233139210066,2272.604282869887,2082.5437388414543,2089.853759765625,84700,0.0,0.0
2018-11-13 00:00:00+09:00,2031.3735673432273,2075.233692347839,1967.2078289105543,2063.862548828125,43300,0.0,0.0
2018-11-14 00:00:00+09:00,2065.4870972951744,2130.4650633917586,2062.238198990345,2104.473876953125,43400,0.0,0.0
2018-11-15 00:00:00+09:00,2104.473604860302,2149.9581752470935,2104.473604860302,2135.338134765625,23400,0.0,0.0
2018-11-16 00:00:00+09:00,2135.3382242441266,2195.4428376309907,2123.967081170936,2162.953857421875,41400,0.0,0.0
2018-11-19 00:00:00+09:00,2135.338390220515,2245.8009315175823,2135.338390220515,2243.3642578125,32300,0.0,0.0
2018-11-20 00:00:00+09:00,2202.75293712056,2249.0497355777397,2183.2595482964844,2240.927490234375,20400,0.0,0.0
2018-11-21 00:00:00+09:00,2173.513081748105,2248.237746740939,2161.329712455795,2196.25537109375,27500,0.0,0.0
2018-11-22 00:00:00+09:00,2231.181027380776,2231.181027380776,2171.076405602044,2227.93212890625,17700,0.0,0.0
2018-11-23 00:00:00+09:00,2227.93212890625,2227.93212890625,2227.93212890625,2227.93212890625,0,0.0,0.0
2018-11-26 00:00:00+09:00,2199.503983951175,2266.1063941003617,2193.0061878390597,2245.80078125,13500,0.0,0.0
2018-11-27 00:00:00+09:00,2223.870712794988,2255.547468747875,2220.621814748538,2239.302978515625,8500,0.0,0.0
2018-11-28 00:00:00+09:00,2228.744058847261,2355.451082600968,2214.936242156152,2327.83544921875,39700,0.0,0.0
2018-11-29 00:00:00+09:00,2355.4513826104067,2407.433757950774,2355.4513826104067,2386.31591796875,48400,0.0,0.0
2018-11-30 00:00:00+09:00,2356.263084535341,2429.3632836419183,2338.3941469759557,2404.184326171875,44000,0.0,0.0
2018-12-03 00:00:00+09:00,2404.184602864583,2489.4681783040364,2404.184602864583,2436.673583984375,20000,0.0,0.0
2018-12-04 00:00:00+09:00,2417.180165981834,2431.8002073083367,2345.7044083855967,2347.328857421875,17100,0.0,0.0
2018-12-05 00:00:00+09:00,2306.7176330712273,2397.686779164177,2299.407612403044,2379.005615234375,27800,0.0,0.0
2018-12-06 00:00:00+09:00,2351.390171914205,2351.390171914205,2224.6831367436985,2225.495361328125,18400,0.0,0.0
2018-12-07 00:00:00+09:00,2292.097571770437,2302.656490421399,2210.0628960975755,2239.302978515625,29300,0.0,0.0
2018-12-10 00:00:00+09:00,2231.1809228737065,2238.4909440989936,2136.150646944976,2149.146240234375,24600,0.0,0.0
2018-12-11 00:00:00+09:00,2149.9582219094223,2160.5171402640963,2068.7357730273134,2092.290283203125,47600,0.0,0.0
2018-12-12 00:00:00+09:00,2121.530322303214,2124.779220193418,2034.6223037402567,2110.1591796875,51900,0.0,0.0
2018-12-13 00:00:00+09:00,2134.526542190957,2232.8057322994446,2134.526542190957,2202.75341796875,19500,0.0,0.0
2018-12-14 00:00:00+09:00,2170.2640864005734,2173.5129847335083,2120.718386823315,2123.96728515625,32300,0.0,0.0
2018-12-17 00:00:00+09:00,2123.9669383108476,2125.5913872120414,2055.7400844607096,2058.1767578125,17200,0.0,0.0
2018-12-18 00:00:00+09:00,2045.9936616998614,2066.2992756508324,1994.823514543414,2024.0635986328125,30100,0.0,0.0
2018-12-19 00:00:00+09:00,2032.1858122235994,2036.2469349498656,1982.640114963152,1991.5745849609375,23100,0.0,0.0
2018-12-20 00:00:00+09:00,1989.9501998046042,1989.9501998046042,1893.2954758140947,1898.1688232421875,34600,0.0,0.0
2018-12-21 00:00:00+09:00,1805.5752380558565,1896.5443908503937,1800.7018905847206,1851.059814453125,53400,0.0,0.0
2018-12-24 00:00:00+09:00,1851.059814453125,1851.059814453125,1851.059814453125,1851.059814453125,0,0.0,0.0
2018-12-25 00:00:00+09:00,1786.8942586281491,1836.4399630719297,1770.6497653678932,1789.3309326171875,27000,0.0,0.0
2018-12-26 00:00:00+09:00,1769.837233616885,1852.6841348692585,1769.837233616885,1844.5618896484375,32900,0.0,0.0
2018-12-27 00:00:00+09:00,1924.9719765745563,1973.7054443359375,1902.229691619245,1973.7054443359375,26500,0.0,0.0
2018-12-28 00:00:00+09:00,1969.6446169611281,1974.5179644670113,1917.6622435650406,1930.6578369140625,14200,0.0,0.0
2018-12-31 00:00:00+09:00,1930.6578369140625,1930.6578369140625,1930.6578369140625,1930.6578369140625,0,0.0,0.0
2019-01-04 00:00:00+09:00,1891.6710456894145,1907.1033127001913,1834.0031005438807,1885.9854736328125,29700,0.0,0.0
2019-01-07 00:00:00+09:00,1911.164455843351,1964.7712786591867,1892.4832903166205,1940.404541015625,23000,0.0,0.0
2019-01-08 00:00:00+09:00,1961.5220877279323,1969.6443323976132,1901.4174771722937,1955.0242919921875,27200,0.0,0.0
2019-01-09 00:00:00+09:00,1955.0242919921877,1983.4521483360706,1950.9631696573472,1955.0242919921875,14300,0.0,0.0
2019-01-10 00:00:00+09:00,1947.714356605249,1947.714356605249,1911.1642540000628,1919.2864990234375,8200,0.0,0.0
2019-01-11 00:00:00+09:00,1920.910673071928,1933.9062632491589,1867.3038635908508,1893.2950439453125,29800,0.0,0.0
2019-01-15 00:00:00+09:00,1853.4960996405107,1913.600705851465,1851.059426415742,1885.1728515625,27700,0.0,0.0
2019-01-16 00:00:00+09:00,1892.4831016084067,1911.9764897794805,1859.1818968161558,1900.6053466796875,33100,0.0,0.0
2019-01-17 00:00:00+09:00,1900.6054811850063,1977.7668148228593,1889.2343372804808,1913.60107421875,25400,0.0,0.0
2019-01-18 00:00:00+09:00,1898.9807407027904,1953.3997781822973,1878.6751297029743,1896.5440673828125,25100,0.0,0.0
2019-01-21 00:00:00+09:00,1916.03753814952,1981.8277206803004,1916.03753814952,1946.08984375,18900,0.0,0.0
2019-01-22 00:00:00+09:00,1965.5834021546598,2006.1946294719048,1935.5310939398985,1963.146728515625,20200,0.0,0.0
2019-01-23 00:00:00+09:00,1959.0857646089885,1977.7669306894225,1940.4045985285545,1970.4569091796875,25700,0.0,0.0
2019-01-24 00:00:00+09:00,1968.8324599553018,1996.4480967698564,1940.4045985285545,1970.4569091796875,28100,0.0,0.0
2019-01-25 00:00:00+09:00,1970.4568283081053,1994.0113410949707,1942.0289680480955,1949.3389892578125,17300,0.0,0.0
2019-01-28 00:00:00+09:00,1958.2733423789377,1970.456710332353,1923.3476875791473,1924.159912109375,17800,0.0,0.0
2019-01-29 00:00:00+09:00,1924.971833214987,1926.596282019388,1885.1728375071666,1925.7840576171875,12100,0.0,0.0
2019-01-30 00:00:00+09:00,1920.9108927603545,1920.9108927603545,1867.3040771484375,1867.3040771484375,33700,0.0,0.0
2019-01-31 00:00:00+09:00,1880.2998399010532,2002.9457473848802,1859.9942260792277,1979.3912353515625,58200,0.0,0.0
2019-02-01 00:00:00+09:00,1965.5831761036106,2046.8056213971481,1942.84089142142,2007.81884765625,35100,0.0,0.0
2019-02-04 00:00:00+09:00,2003.7578139216264,2138.587079065927,1977.7666302793514,2092.290283203125,54900,0.0,0.0
2019-02-05 00:00:00+09:00,2136.1505847186436,2205.189672057459,2106.098276112336,2147.521728515625,41000,0.0,0.0
2019-02-06 00:00:00+09:00,2123.967057017351,2182.4472207287276,2109.347016089507,2168.639404296875,38200,0.0,0.0
2019-02-07 00:00:00+09:00,2158.892810336337,2206.0018332857376,2121.53048179026,2177.573974609375,31800,0.0,0.0
2019-02-08 00:00:00+09:00,2184.0715814689297,2193.0060505638194,2070.36015662488,2115.8447265625,35200,0.0,0.0
2019-02-12 00:00:00+09:00,2355.4511449496285,2413.931311306999,2241.7397103658536,2297.783203125,101700,0.0,0.0
2019-02-13 00:00:00+09:00,2197.8796697895805,2245.8009190569805,2170.2640346185362,2230.36865234375,69300,0.0,0.0
2019-02-14 00:00:00+09:00,2169.451633142585,2176.7616536211635,2141.8360002235104,2143.46044921875,30300,0.0,0.0
2019-02-15 00:00:00+09:00,2101.225072244543,2128.8407090656924,2091.4783768959014,2106.91064453125,22300,0.0,0.0
2019-02-18 00:00:00+09:00,2157.268223294814,2174.3249374097204,2138.5870602165833,2161.329345703125,25100,0.0,0.0
2019-02-19 00:00:00+09:00,2136.962981869476,2178.3864376183715,2109.347344703546,2171.076416015625,34000,0.0,0.0
2019-02-20 00:00:00+09:00,2172.700456891741,2177.5738037109377,2136.150355747768,2160.51708984375,21500,0.0,0.0
2019-02-21 00:00:00+09:00,2141.835930535167,2152.394848660672,2090.6657888500263,2135.338134765625,43200,0.0,0.0
2019-02-22 00:00:00+09:00,2132.0890782243114,2158.0802593683793,2115.844590009269,2156.455810546875,19600,0.0,0.0
2019-02-25 00:00:00+09:00,2175.9493410002246,2217.372788701237,2146.709260270098,2204.377197265625,34800,0.0,0.0
2019-02-26 00:00:00+09:00,2204.3775039695324,2213.3119743246043,2152.395130994569,2206.001953125,49700,0.0,0.0
2019-02-27 00:00:00+09:00,2199.5041245282705,2333.521177906101,2194.6307771327133,2300.219970703125,81300,0.0,0.0
2019-02-28 00:00:00+09:00,2314.0277146671624,2404.184638615234,2299.4076729458534,2380.630126953125,73800,0.0,0.0
2019-03-01 00:00:00+09:00,2370.0713013777054,2413.9314282709183,2331.0845219170715,2383.06689453125,66900,0.0,0.0
2019-03-04 00:00:00+09:00,2396.0623713366917,2534.140541888298,2396.0623713366917,2481.345947265625,93500,0.0,0.0
2019-03-05 00:00:00+09:00,2431.7998857918433,2639.7293349443853,2426.9265393273304,2635.668212890625,167100,0.0,0.0
2019-03-06 00:00:00+09:00,2611.3020897981164,2716.8912878303886,2562.5686137832217,2607.240966796875,152600,0.0,0.0
2019-03-07 00:00:00+09:00,2607.240917355524,2655.9743924462814,2534.140704719388,2586.935302734375,167200,0.0,0.0
2019-03-08 00:00:00+09:00,2542.2628387847503,2566.6295752587257,2497.5904885824625,2501.651611328125,78500,0.0,0.0
2019-03-11 00:00:00+09:00,2534.140612255302,2590.996331120004,2469.162647838499,2489.46826171875,30900,0.0,0.0
2019-03-12 00:00:00+09:00,2586.9352213541665,2712.830028044872,2570.690730168269,2692.5244140625,97600,0.0,0.0
2019-03-13 00:00:00+09:00,2639.729911898389,2668.1577724880644,2599.118682484568,2631.607666015625,51300,0.0,0.0
2019-03-14 00:00:00+09:00,2635.66860390625,2635.66860390625,2509.7738015625,2538.20166015625,48500,0.0,0.0
2019-03-15 00:00:00+09:00,2611.301951823937,2688.463284770523,2582.8740923173,2590.996337890625,161400,0.0,0.0
2019-03-18 00:00:00+09:00,2639.729678648542,2745.318865794484,2599.1184528231797,2733.135498046875,73300,0.0,0.0
2019-03-19 00:00:00+09:00,2720.9524513048414,2725.0135743664905,2668.157851503404,2684.40234375,41000,0.0,0.0
2019-03-20 00:00:00+09:00,2655.9740164620534,2655.9740164620534,2558.507080078125,2615.36279296875,78700,0.0,0.0
2019-03-22 00:00:00+09:00,2631.6070908368642,2660.0349452131886,2570.690260030455,2635.668212890625,56700,0.0,0.0
2019-03-25 00:00:00+09:00,2611.3015334569714,2680.3406097692086,2578.81255636886,2655.973876953125,40400,0.0,0.0
2019-03-26 00:00:00+09:00,2700.6465535542775,2773.7467610189046,2688.4631856435067,2708.768798828125,47800,0.0,0.0
2019-03-27 00:00:00+09:00,2712.885188190202,2762.2852219660476,2704.651849227561,2737.585205078125,25400,45.0,0.0
2019-03-28 00:00:00+09:00,2704.6522163241066,2762.2855968850463,2700.5355462840394,2721.118896484375,41000,0.0,0.0
2019-03-29 00:00:00+09:00,2729.3521387598535,2778.752177470439,2712.8854591896584,2741.7021484375,40100,0.0,0.0
2019-04-01 00:00:00+09:00,2791.1022169579273,2828.152246386572,2712.885488164121,2745.81884765625,52300,0.0,0.0
2019-04-02 00:00:00+09:00,2791.101921375433,2791.101921375433,2663.4851668582673,2671.718505859375,29600,0.0,0.0
2019-04-03 00:00:00+09:00,2717.002158100637,2745.81884765625,2671.71878879896,2745.81884765625,37300,0.0,0.0
2019-04-04 00:00:00+09:00,2770.518650808734,2807.5686773425805,2737.5852938897597,2749.935302734375,48700,0.0,0.0
2019-04-05 00:00:00+09:00,2741.7022650419776,2803.4523160564368,2721.118914703825,2758.1689453125,75400,0.0,0.0
2019-04-08 00:00:00+09:00,2770.5190256877117,2774.63569585961,2704.652302937335,2733.468994140625,42200,0.0,0.0
2019-04-09 00:00:00+09:00,2758.169450558204,2758.169450558204,2655.2526800149876,2725.236083984375,35700,0.0,0.0
2019-04-10 00:00:00+09:00,2721.118527152843,2754.0518830034066,2700.5351797462404,2737.585205078125,26700,0.0,0.0
2019-04-11 00:00:00+09:00,2741.7022939758754,2815.8023559752237,2721.118943420501,2762.28564453125,50800,0.0,0.0
2019-04-12 00:00:00+09:00,2749.935557232481,2754.052227228338,2679.9521673029117,2717.002197265625,27200,0.0,0.0
2019-04-15 00:00:00+09:00,2762.285831012355,2786.985853346296,2708.7691159554843,2754.052490234375,32100,0.0,0.0
2019-04-16 00:00:00+09:00,2758.168926844979,2758.168926844979,2675.8355260436365,2721.118896484375,35300,0.0,0.0
2019-04-17 00:00:00+09:00,2741.7018873687884,2741.7018873687884,2663.4851668582673,2671.718505859375,34000,0.0,0.0
2019-04-18 00:00:00+09:00,2671.718888742396,2671.718888742396,2597.618827113177,2622.31884765625,40600,0.0,0.0
2019-04-19 00:00:00+09:00,2626.4353321535114,2659.3686905504205,2609.9686529550568,2630.552001953125,13300,0.0,0.0
2019-04-22 00:00:00+09:00,2684.0687211199506,2741.702098567311,2667.602041849276,2700.535400390625,64400,0.0,0.0
2019-04-23 00:00:00+09:00,2700.5357024126142,2741.702405193294,2675.835680744206,2708.76904296875,65400,0.0,0.0
2019-04-24 00:00:00+09:00,2692.302361856478,2749.93574574943,2688.18569157841,2708.76904296875,39300,0.0,0.0
2019-04-25 00:00:00+09:00,2717.002226444308,2737.5855766446434,2688.1855361638377,2721.118896484375,26600,0.0,0.0
2019-04-26 00:00:00+09:00,2704.6519517020943,2712.8852909766824,2663.4852553291553,2684.068603515625,25200,0.0,0.0
2019-05-07 00:00:00+09:00,2675.8351579497134,2684.068496897251,2585.2684295268,2601.735107421875,47800,0.0,0.0
2019-05-08 00:00:00+09:00,2552.3351680871215,2585.268525094697,2535.8684895833335,2581.15185546875,50000,0.0,0.0
2019-05-09 00:00:00+09:00,2548.218819697568,2548.218819697568,2502.935448103589,2523.518798828125,44100,0.0,0.0
2019-05-10 00:00:00+09:00,2523.518488031982,2577.035193324667,2511.1684791182856,2548.218505859375,38100,0.0,0.0
2019-05-13 00:00:00+09:00,1971.884765625,1971.884765625,1971.884765625,1971.884765625,18200,0.0,0.0
2019-05-14 00:00:00+09:00,1683.717736435227,2193.3613935762564,1678.7777332965418,2162.07470703125,350300,0.0,0.0
2019-05-15 00:00:00+09:00,2174.4251128883475,2265.8151876822158,2134.905080545053,2259.228515625,81800,0.0,0.0
2019-05-16 00:00:00+09:00,2295.4551445001807,2322.625165937952,2239.468433658713,2277.341796875,79100,0.0,0.0
2019-05-17 00:00:00+09:00,2290.5151782556363,2339.09188404898,2232.058464504324,2255.11181640625,32800,0.0,0.0
2019-05-20 00:00:00+09:00,2232.0582048858937,2243.5848794961494,2174.4248318346167,2191.71484375,65500,0.0,0.0
2019-05-21 00:00:00+09:00,2190.89172866391,2286.3984706875904,2171.1317130728034,2277.341796875,55800,0.0,0.0
2019-05-22 00:00:00+09:00,2280.634771921921,2315.2147937344557,2234.528076171875,2234.528076171875,27500,0.0,0.0
2019-05-23 00:00:00+09:00,2242.761639479989,2248.5249770263763,2173.601588923337,2190.8916015625,22700,0.0,0.0
2019-05-24 00:00:00+09:00,2183.481861349907,2218.061890828299,2147.255163801115,2214.7685546875,25500,0.0,0.0
2019-05-27 00:00:00+09:00,2207.3583946355325,2239.468419771969,2203.241724746246,2220.53173828125,12300,0.0,0.0
2019-05-28 00:00:00+09:00,2194.1852038075044,2234.5285715322952,2173.6018529275093,2214.7685546875,42800,0.0,0.0
2019-05-29 00:00:00+09:00,2184.3049939901007,2195.8316694201276,2156.311639374321,2179.364990234375,18200,0.0,0.0
2019-05-30 00:00:00+09:00,2146.431697265625,2171.131716796875,2142.31502734375,2161.251708984375,8400,0.0,0.0
2019-05-31 00:00:00+09:00,2141.4919197969657,2141.4919197969657,2103.6185525110527,2124.201904296875,23600,0.0,0.0
2019-06-03 00:00:00+09:00,2106.9119021438237,2129.965256289985,2074.8018731545276,2091.2685546875,44700,0.0,0.0
2019-06-04 00:00:00+09:00,2084.6813318757318,2109.38134765625,2060.8046499545644,2109.38134765625,38700,0.0,0.0
2019-06-05 00:00:00+09:00,2174.4251114615454,2231.235157917754,2160.428433349146,2169.485107421875,38200,0.0,0.0
2019-06-06 00:00:00+09:00,2157.958293371534,2157.958293371534,2102.794918455131,2115.96826171875,22700,0.0,0.0
2019-06-07 00:00:00+09:00,2131.611570667477,2142.3149118875144,2096.2082112473527,2138.1982421875,19600,0.0,0.0
2019-06-10 00:00:00+09:00,2426.3650345725578,2552.3351228961415,2425.541700661946,2507.0517578125,400400,0.0,0.0
2019-06-11 00:00:00+09:00,2527.6353133226894,2651.1354100648405,2515.2853036484744,2638.785400390625,282000,0.0,0.0
2019-06-12 00:00:00+09:00,2708.768651147349,2774.635366068865,2679.9519633691857,2688.185302734375,371700,0.0,0.0
2019-06-13 00:00:00+09:00,2659.36876953125,2692.3021289062503,2593.50205078125,2675.83544921875,149100,0.0,0.0
2019-06-14 00:00:00+09:00,2655.2520896586193,2671.7187692844095,2560.5686818103277,2605.85205078125,154900,0.0,0.0
2019-06-17 00:00:00+09:00,2581.1516366634733,2704.65171497273,2581.1516366634733,2618.20166015625,75600,0.0,0.0
2019-06-18 00:00:00+09:00,2618.202230079381,2622.318900252462,2519.402145925442,2560.56884765625,122300,0.0,0.0
2019-06-19 00:00:00+09:00,2659.369384765625,2729.3527896278783,2609.9693342746227,2659.369384765625,71300,0.0,0.0
2019-06-20 00:00:00+09:00,2671.7187206127023,2692.3020697699653,2651.13537145544,2667.60205078125,41500,0.0,0.0
2019-06-21 00:00:00+09:00,2692.302040064722,2692.302040064722,2659.3686817764683,2663.4853515625,48300,0.0,0.0
2019-06-24 00:00:00+09:00,2655.2520119904366,2700.5353796367854,2634.668663060278,2663.4853515625,30700,0.0,0.0
2019-06-25 00:00:00+09:00,2659.3690250194704,2659.3690250194704,2618.2023218457944,2642.90234375,45600,0.0,0.0
2019-06-26 00:00:00+09:00,2667.6020896304603,2700.5354487617005,2634.66873049922,2638.785400390625,55800,0.0,0.0
2019-06-27 00:00:00+09:00,2638.7853415523523,2647.0186811515796,2581.1519643577612,2630.552001953125,40200,0.0,0.0
2019-06-28 00:00:00+09:00,2626.435517746762,2663.4855485613716,2605.852167294201,2622.31884765625,34000,0.0,0.0
2019-07-01 00:00:00+09:00,2626.43522859351,2692.3019427902127,2622.3185589562163,2684.068603515625,49900,0.0,0.0
2019-07-02 00:00:00+09:00,2659.3685856918614,2692.3019427902127,2626.43522859351,2684.068603515625,32500,0.0,0.0
2019-07-03 00:00:00+09:00,2671.7187206127023,2675.835390444155,2642.9020317925347,2667.60205078125,28700,0.0,0.0
2019-07-04 00:00:00+09:00,2688.186080885376,2708.7694352566273,2655.2527138913747,2659.369384765625,41800,0.0,0.0
2019-07-05 00:00:00+09:00,2647.0190140673676,2659.3690250194704,2605.8523108936915,2642.90234375,38300,0.0,0.0
2019-07-08 00:00:00+09:00,2626.435281386626,2630.5519511066673,2572.918575026083,2589.38525390625,56900,0.0,0.0
2019-07-09 00:00:00+09:00,2601.7353102096904,2609.968649798962,2507.051904933072,2527.63525390625,42800,0.0,0.0
2019-07-10 00:00:00+09:00,2494.7017933238635,2552.3351680871215,2429.6584132339017,2445.3017578125,136700,0.0,0.0
2019-07-11 00:00:00+09:00,2420.6017723998816,2470.0018085713077,2388.491748888455,2436.2451171875,101900,0.0,0.0
2019-07-12 00:00:00+09:00,2436.2452795577374,2460.9452992896513,2381.081902156464,2404.13525390625,117600,0.0,0.0
2019-07-16 00:00:00+09:00,2399.195444445756,2474.1188437060728,2381.0820951740307,2452.712158203125,74900,0.0,0.0
2019-07-17 00:00:00+09:00,2436.2456201054783,2445.3022952731567,2384.3755714178656,2403.312255859375,35700,0.0,0.0
2019-07-18 00:00:00+09:00,2381.0817741500045,2395.0784512456303,2305.335051044264,2311.098388671875,63500,0.0,0.0
2019-07-19 00:00:00+09:00,2328.388591674215,2405.781988992948,2301.2185692112557,2386.02197265625,60800,0.0,0.0
2019-07-22 00:00:00+09:00,2392.6085122923396,2441.185216430415,2382.728504671036,2422.24853515625,32500,0.0,0.0
2019-07-23 00:00:00+09:00,2413.191784991334,2519.401863552877,2413.191784991334,2486.468505859375,53600,0.0,0.0
2019-07-24 00:00:00+09:00,2502.9358478483605,2523.5192018602716,2443.6557882940574,2511.169189453125,38900,0.0,0.0
2019-07-25 00:00:00+09:00,2515.2855326334634,2618.2022892878604,2507.052192101112,2568.80224609375,53800,0.0,0.0
2019-07-26 00:00:00+09:00,2556.452235295222,2597.618937956981,2523.5188731658154,2568.80224609375,51700,0.0,0.0
2019-07-29 00:00:00+09:00,2531.752197265625,2556.452218702363,2519.4021865472564,2531.752197265625,30000,0.0,0.0
2019-07-30 00:00:00+09:00,2535.8685423996276,2556.451890958066,2482.351836147687,2486.468505859375,36500,0.0,0.0
2019-07-31 00:00:00+09:00,2502.935505589431,2568.8022294207317,2502.935505589431,2531.752197265625,60100,0.0,0.0
2019-08-01 00:00:00+09:00,2535.868700703874,2589.38541029665,2535.868700703874,2577.035400390625,41700,0.0,0.0
2019-08-02 00:00:00+09:00,2490.585387406076,2622.3188293845787,2490.585387406076,2585.268798828125,74100,0.0,0.0
2019-08-05 00:00:00+09:00,2577.0358764054904,2614.085912967231,2498.8191325529274,2539.98583984375,72500,0.0,0.0
2019-08-06 00:00:00+09:00,2428.011820615571,2466.7085162984913,2384.3751212284483,2387.66845703125,120200,0.0,0.0
2019-08-07 00:00:00+09:00,2380.258535342833,2474.1186090298215,2350.618512073258,2413.19189453125,57700,0.0,0.0
2019-08-08 00:00:00+09:00,2413.1917772480087,2531.751864564185,2413.1917772480087,2519.40185546875,51100,0.0,0.0
2019-08-09 00:00:00+09:00,2589.385922550957,2609.969276466306,2458.4757916493345,2474.119140625,59300,0.0,0.0
2019-08-13 00:00:00+09:00,2416.48539544745,2577.0355324533284,2391.785374369623,2464.23876953125,111300,0.0,0.0
2019-08-14 00:00:00+09:00,2486.468824631606,2552.3355484629064,2453.5354627159554,2531.752197265625,61300,0.0,0.0
2019-08-15 00:00:00+09:00,2458.4753125589673,2511.1686883137477,2446.125302616441,2454.358642578125,45900,0.0,0.0
2019-08-16 00:00:00+09:00,2428.8352344080477,2449.418583852184,2398.3718772307266,2432.951904296875,38000,0.0,0.0
2019-08-19 00:00:00+09:00,2474.1184223924947,2478.235091980502,2404.9583733139693,2408.251708984375,40000,0.0,0.0
2019-08-20 00:00:00+09:00,2408.2521129689653,2409.898781080397,2350.6187290688536,2389.3154296875,64500,0.0,0.0
2019-08-21 00:00:00+09:00,2351.441680001529,2391.785042158418,2322.6249927466083,2355.558349609375,24700,0.0,0.0
2019-08-22 00:00:00+09:00,2376.9650315701733,2422.248397256477,2354.7350156878056,2355.558349609375,33500,0.0,0.0
2019-08-23 00:00:00+09:00,2339.0921329122193,2348.148807837258,2285.5754174460826,2338.268798828125,55200,0.0,0.0
2019-08-26 00:00:00+09:00,2271.57879130229,2320.1555034033536,2258.4054456477643,2283.10546875,47900,0.0,0.0
2019-08-27 00:00:00+09:00,2291.33866601425,2351.4420517918425,2291.33866601425,2339.092041015625,69900,0.0,0.0
2019-08-28 00:00:00+09:00,2334.9753490898383,2355.558700192534,2297.9253171049854,2315.21533203125,62100,0.0,0.0
2019-08-29 00:00:00+09:00,2296.2780753862958,2347.3247733690673,2279.8113986176595,2302.86474609375,71100,0.0,0.0
2019-08-30 00:00:00+09:00,2320.97844254427,2408.2518426541287,2308.6284330947615,2365.4384765625,58400,0.0,0.0
2019-09-02 00:00:00+09:00,2345.67846321785,2426.365191682346,2334.9751216868453,2358.851806640625,65100,0.0,0.0
2019-09-03 00:00:00+09:00,2363.7919853566227,2413.192026847879,2311.9219417908034,2383.552001953125,43200,0.0,0.0
2019-09-04 00:00:00+09:00,2367.9085724047445,2457.651977965286,2358.028564453125,2358.028564453125,53100,0.0,0.0
2019-09-05 00:00:00+09:00,2387.668300841387,2452.711678691894,2387.668300841387,2406.60498046875,56800,0.0,0.0
2019-09-06 00:00:00+09:00,2427.1887718023254,2428.0121058497484,2334.1520244435524,2372.025390625,66300,0.0,0.0
2019-09-09 00:00:00+09:00,2372.8486596300195,2400.0186824502107,2361.3219832820596,2383.552001953125,60300,0.0,0.0
2019-09-10 00:00:00+09:00,2381.905176132652,2410.7218650938144,2355.558489082446,2402.488525390625,84000,0.0,0.0
2019-09-11 00:00:00+09:00,2390.962132021825,2465.885532164382,2381.082123211817,2456.828857421875,71500,0.0,0.0
2019-09-12 00:00:00+09:00,2470.0017155827704,2511.168410842483,2422.2483490815034,2437.068359375,56700,0.0,0.0
2019-09-13 00:00:00+09:00,2448.595439616052,2448.595439616052,2398.372063080551,2418.132080078125,55500,0.0,0.0
2019-09-17 00:00:00+09:00,2404.958715113796,2630.552240598623,2404.958715113796,2560.56884765625,96500,0.0,0.0
2019-09-18 00:00:00+09:00,2585.268845513323,2671.7189183728447,2568.802164968652,2626.435546875,114400,0.0,0.0
2019-09-19 00:00:00+09:00,2651.1358289930554,2659.369170076885,2581.152429780506,2593.50244140625,69200,0.0,0.0
2019-09-20 00:00:00+09:00,2589.385240342882,2638.7852767246222,2519.40185546875,2519.40185546875,58100,0.0,0.0
2019-09-24 00:00:00+09:00,2634.6685987903224,2638.7852684759323,2548.218535392515,2552.335205078125,70400,0.0,0.0
2019-09-25 00:00:00+09:00,2568.801751631725,2626.435124264488,2560.568412684187,2601.735107421875,50500,0.0,0.0
2019-09-26 00:00:00+09:00,2622.319135199653,2655.2524995349704,2589.3857708643354,2593.50244140625,65800,0.0,0.0
2019-09-27 00:00:00+09:00,2605.8520605468752,2605.8520605468752,2523.5186621093753,2572.918701171875,60800,0.0,0.0
2019-09-30 00:00:00+09:00,2519.402531057889,2535.8692142674176,2494.702506243596,2511.169189453125,54900,0.0,0.0
2019-10-01 00:00:00+09:00,2527.6353607665233,2597.6187502340003,2527.6353607665233,2577.035400390625,26900,0.0,0.0
2019-10-02 00:00:00+09:00,2564.6854007066645,2601.7354305724107,2539.9853807961667,2544.10205078125,40300,0.0,0.0
2019-10-03 00:00:00+09:00,2490.585835441214,2548.219226674564,2438.7157833311985,2511.169189453125,44700,0.0,0.0
2019-10-04 00:00:00+09:00,2502.935147299509,2552.335183101473,2490.585138349018,2515.28515625,19200,0.0,0.0
2019-10-07 00:00:00+09:00,2523.5192018602716,2539.9858850698,2498.8191770459784,2511.169189453125,14000,0.0,0.0
2019-10-08 00:00:00+09:00,2519.402118389423,2737.5856351780494,2519.402118389423,2729.352294921875,121800,0.0,0.0
2019-10-09 00:00:00+09:00,2733.469138289425,2791.102523735286,2729.3524679004345,2754.052490234375,84000,0.0,0.0
2019-10-10 00:00:00+09:00,2733.468788646309,2754.0521379584047,2700.5354297469557,2704.652099609375,44900,0.0,0.0
2019-10-11 00:00:00+09:00,2704.652445566494,2758.1691606233653,2663.485741676593,2754.052490234375,50600,0.0,0.0
2019-10-15 00:00:00+09:00,2754.0521588249594,2910.485614782132,2749.9354889313495,2844.618896484375,95800,0.0,0.0
2019-10-16 00:00:00+09:00,2856.968994140625,2943.419064568511,2848.735654099874,2856.968994140625,74100,0.0,0.0
2019-10-17 00:00:00+09:00,2832.269258324236,2877.5526330939547,2791.1025539881275,2828.152587890625,54700,0.0,0.0
2019-10-18 00:00:00+09:00,2795.2192244217385,2861.0859513595115,2795.2192244217385,2828.152587890625,50100,0.0,0.0
2019-10-21 00:00:00+09:00,2881.6687457230837,2914.602102817062,2819.918701171875,2819.918701171875,123600,0.0,0.0
2019-10-23 00:00:00+09:00,2840.502176830947,2840.502176830947,2741.7021011150878,2803.4521484375,50700,0.0,0.0
2019-10-24 00:00:00+09:00,2819.9187087449222,2865.202074870753,2778.7520122668943,2786.9853515625,58700,0.0,0.0
2019-10-25 00:00:00+09:00,2778.752177470439,2778.752177470439,2729.3521387598535,2741.7021484375,57300,0.0,0.0
2019-10-28 00:00:00+09:00,2778.752207148379,2807.568896703992,2721.1188280371534,2745.81884765625,89000,0.0,0.0
2019-10-29 00:00:00+09:00,2762.2855968850463,2795.218957205583,2721.118896484375,2721.118896484375,64700,0.0,0.0
2019-10-30 00:00:00+09:00,2721.118608282868,2782.86865234375,2700.535260262574,2782.86865234375,71700,0.0,0.0
2019-10-31 00:00:00+09:00,2778.7519900384777,2778.7519900384777,2692.3019281261695,2749.935302734375,63300,0.0,0.0
2019-11-01 00:00:00+09:00,2717.0020887586807,2721.118758590133,2642.9020317925347,2667.60205078125,39400,0.0,0.0
2019-11-05 00:00:00+09:00,2704.6519517020943,2717.0019606139763,2679.951933878331,2684.068603515625,39000,0.0,0.0
2019-11-06 00:00:00+09:00,2696.418798828125,2704.652138671875,2659.36876953125,2675.83544921875,27400,0.0,0.0
2019-11-07 00:00:00+09:00,2675.83544921875,2679.952119140625,2642.90208984375,2675.83544921875,33200,0.0,0.0
2019-11-08 00:00:00+09:00,2704.6519517020943,2712.8852909766824,2655.2519160545676,2684.068603515625,57400,0.0,0.0
2019-11-11 00:00:00+09:00,2786.985475893374,2873.4355423538773,2647.0187016239875,2667.60205078125,111100,0.0,0.0
2019-11-12 00:00:00+09:00,2696.418849194144,2696.418849194144,2601.735439222441,2614.08544921875,54800,0.0,0.0
2019-11-13 00:00:00+09:00,2614.0855599063,2618.202230079381,2560.56884765625,2560.56884765625,36400,0.0,0.0
2019-11-14 00:00:00+09:00,2560.56884765625,2622.318900252462,2556.452177483169,2560.56884765625,34200,0.0,0.0
2019-11-15 00:00:00+09:00,2560.568937402648,2675.835706288941,2560.568937402648,2642.90234375,46700,0.0,0.0
2019-11-18 00:00:00+09:00,2671.7190824545733,2762.285831012355,2671.7190824545733,2754.052490234375,44600,0.0,0.0
2019-11-19 00:00:00+09:00,2749.9353177123276,2749.9353177123276,2667.601924966449,2684.068603515625,28200,0.0,0.0
2019-11-20 00:00:00+09:00,2655.252296447754,2684.068988037109,2597.618913269043,2634.6689453125,27200,0.0,0.0
2019-11-21 00:00:00+09:00,2634.6687697160883,2638.78543966877,2556.4520406151423,2609.96875,16700,0.0,0.0
2019-11-22 00:00:00+09:00,2626.4354298107255,2638.78543966877,2609.96875,2609.96875,12800,0.0,0.0
2019-11-25 00:00:00+09:00,2634.6684632120255,2663.485149528407,2589.385099000569,2601.735107421875,19100,0.0,0.0
2019-11-26 00:00:00+09:00,2630.552332797897,2667.6023656542056,2614.0856515284268,2642.90234375,26100,0.0,0.0
2019-11-27 00:00:00+09:00,2675.8355885090127,2675.8355885090127,2609.968866330329,2626.435546875,32500,0.0,0.0
2019-11-28 00:00:00+09:00,2618.2022597311397,2618.2022597311397,2564.685546875,2564.685546875,25800,0.0,0.0
2019-11-29 00:00:00+09:00,2564.685517829331,2581.1521985216536,2527.6354862716034,2560.56884765625,24200,0.0,0.0
2019-12-02 00:00:00+09:00,2564.685546875,2577.035557534109,2539.985525556782,2564.685546875,33100,0.0,0.0
2019-12-03 00:00:00+09:00,2535.8683958415745,2601.735107421875,2519.4017179464995,2601.735107421875,54700,0.0,0.0
2019-12-04 00:00:00+09:00,2597.618710968355,2605.85205078125,2556.4520119038802,2605.85205078125,25000,0.0,0.0
2019-12-05 00:00:00+09:00,2622.3189346313475,2655.252296447754,2589.385572814941,2634.6689453125,42000,0.0,0.0
2019-12-06 00:00:00+09:00,2634.669146825397,2634.669146825397,2572.9190886966767,2593.50244140625,43200,0.0,0.0
2019-12-09 00:00:00+09:00,2618.202206602665,2634.668887147335,2597.618855921826,2626.435546875,24200,0.0,0.0
2019-12-10 00:00:00+09:00,2622.3186623538977,2634.6686717527386,2589.3853039569885,2630.552001953125,31400,0.0,0.0
2019-12-11 00:00:00+09:00,2609.9693342746227,2663.4860556398753,2585.2693090291214,2659.369384765625,41200,0.0,0.0
2019-12-12 00:00:00+09:00,2667.602248236677,2667.602248236677,2601.735526057994,2626.435546875,39500,0.0,0.0
2019-12-13 00:00:00+09:00,2671.7186825351864,2729.352059354127,2634.6686545801526,2696.418701171875,61200,0.0,0.0
2019-12-16 00:00:00+09:00,2667.6022186518835,2700.535579375981,2618.2021775657377,2622.31884765625,42200,0.0,0.0
2019-12-17 00:00:00+09:00,2642.901819355499,2675.8351753599286,2581.1517768471927,2671.718505859375,47000,0.0,0.0
2019-12-18 00:00:00+09:00,2659.36876953125,2708.7688085937502,2634.6687500000003,2675.83544921875,58000,0.0,0.0
2019-12-19 00:00:00+09:00,2708.768762030118,2865.2022163722827,2708.768762030118,2840.502197265625,109300,0.0,0.0
2019-12-20 00:00:00+09:00,2869.3191034901124,2889.902454304245,2819.9190615361936,2836.3857421875,73700,0.0,0.0
2019-12-23 00:00:00+09:00,2836.385898014177,2836.385898014177,2704.652445566494,2754.052490234375,64300,0.0,0.0
2019-12-24 00:00:00+09:00,2741.702334484422,2758.1690151720163,2721.1189836249296,2733.468994140625,25100,0.0,0.0
2019-12-25 00:00:00+09:00,2700.5354881923367,2721.1188379499004,2684.068808386286,2712.885498046875,23900,0.0,0.0
2019-12-26 00:00:00+09:00,2688.18569157841,2717.002383524886,2688.18569157841,2708.76904296875,15400,0.0,0.0
2019-12-27 00:00:00+09:00,2733.468965049962,2749.9356455623115,2717.002284537613,2729.352294921875,17700,0.0,0.0
2019-12-30 00:00:00+09:00,2741.702008608107,2741.702008608107,2671.718624003996,2688.185302734375,21800,0.0,0.0
2020-01-06 00:00:00+09:00,2634.6687500000003,2688.185458984375,2614.085400390625,2675.83544921875,49100,0.0,0.0
2020-01-07 00:00:00+09:00,2679.9527049453595,2745.819438093018,2679.9527049453595,2725.236083984375,29300,0.0,0.0
2020-01-08 00:00:00+09:00,2725.2351126481267,2725.2351126481267,2622.318378786793,2692.3017578125,39400,0.0,0.0
2020-01-09 00:00:00+09:00,2754.0523043091002,2782.8689950866246,2737.5856238648007,2762.28564453125,31700,0.0,0.0
2020-01-10 00:00:00+09:00,2778.7518637520925,2799.335210890997,2737.5851694742837,2766.40185546875,26500,0.0,0.0
2020-01-14 00:00:00+09:00,2799.335210890997,2799.335210890997,2737.5851694742837,2766.40185546875,21400,0.0,0.0
2020-01-15 00:00:00+09:00,2766.4027922016617,2778.7528046668476,2717.0027423409174,2725.236083984375,40600,0.0,0.0
2020-01-16 00:00:00+09:00,2762.2852219660476,2791.1019083352912,2733.4685355968045,2737.585205078125,47300,0.0,0.0
2020-01-17 00:00:00+09:00,2766.4023034793818,2844.6190352741855,2762.285633384918,2795.218994140625,61000,0.0,0.0
2020-01-20 00:00:00+09:00,2803.4525104750933,2918.719280362469,2795.219169768852,2889.902587890625,54100,0.0,0.0
2020-01-21 00:00:00+09:00,2902.252151489258,2968.1188669840494,2902.252151489258,2964.002197265625,79400,0.0,0.0
2020-01-22 00:00:00+09:00,2939.3027758887906,3062.802892522773,2918.71942311646,3050.452880859375,103000,0.0,0.0
2020-01-23 00:00:00+09:00,3062.802143535337,3132.7855258473005,3021.6354480577115,3116.31884765625,114300,0.0,0.0
2020-01-24 00:00:00+09:00,3124.552238772714,3215.1189703313435,3062.802194528194,3157.485595703125,134900,0.0,0.0
2020-01-27 00:00:00+09:00,3087.502362118361,3128.669060279939,3033.9856545083094,3042.218994140625,95000,0.0,0.0
2020-01-28 00:00:00+09:00,2959.885597817469,3054.5690035890984,2959.885597817469,3042.218994140625,58100,0.0,0.0
2020-01-29 00:00:00+09:00,3079.2688121691426,3087.5021512391136,2996.935421469433,3013.402099609375,45200,0.0,0.0
2020-01-30 00:00:00+09:00,2964.0024995671747,3005.169200950052,2885.7857669397076,2972.23583984375,98100,0.0,0.0
2020-01-31 00:00:00+09:00,3029.8689177852348,3099.8523031145132,3001.052229708473,3066.9189453125,82300,0.0,0.0
2020-02-03 00:00:00+09:00,2984.5856455210096,3083.3857220623945,2964.002296241554,3046.335693359375,50800,0.0,0.0
2020-02-04 00:00:00+09:00,3005.168826941288,3079.2688802083335,2947.5354521780305,2988.7021484375,56200,0.0,0.0
2020-02-05 00:00:00+09:00,3021.6355783347312,3091.6189636640097,2959.8855324559563,3066.9189453125,49200,0.0,0.0
2020-02-06 00:00:00+09:00,3108.0858307090134,3108.0858307090134,3054.569121041176,3058.685791015625,49100,0.0,0.0
2020-02-07 00:00:00+09:00,3058.685742054272,3058.685742054272,2976.352343883228,3017.51904296875,32800,0.0,0.0
2020-02-10 00:00:00+09:00,2939.3024544551454,2939.3024544551454,2819.919021431057,2865.202392578125,106700,0.0,0.0
2020-02-12 00:00:00+09:00,2885.785760887633,2914.602451795213,2852.852399850399,2902.25244140625,65000,0.0,0.0
2020-02-13 00:00:00+09:00,2881.6685763272376,2922.8352702747693,2844.6185517744584,2898.13525390625,60600,0.0,0.0
2020-02-14 00:00:00+09:00,2799.335693359375,2861.085745418773,2770.5190023983228,2799.335693359375,141000,0.0,0.0
2020-02-17 00:00:00+09:00,2782.86865234375,2836.3853571965146,2762.285304323456,2782.86865234375,63700,0.0,0.0
2020-02-18 00:00:00+09:00,2770.5188174080813,2782.8688269953386,2651.135391397926,2704.652099609375,55400,0.0,0.0
2020-02-19 00:00:00+09:00,2717.0020500357828,2741.7020686724713,2679.9520220807494,2696.418701171875,51700,0.0,0.0
2020-02-20 00:00:00+09:00,2679.952138434773,2745.818857658977,2667.6021285802353,2712.885498046875,51100,0.0,0.0
2020-02-21 00:00:00+09:00,2679.9521673029117,2737.58554724491,2659.368817323627,2717.002197265625,66400,0.0,0.0
2020-02-25 00:00:00+09:00,2544.102510572832,2609.9692422381486,2498.8191325529274,2539.98583984375,85000,0.0,0.0
2020-02-26 00:00:00+09:00,2478.2352250605923,2511.168583533158,2445.301866588026,2494.701904296875,59000,0.0,0.0
2020-02-27 00:00:00+09:00,2502.9351481401386,2502.9351481401386,2365.438381778493,2379.43505859375,87900,0.0,0.0
2020-02-28 00:00:00+09:00,2272.401589773042,2332.50496515472,2223.8248891220965,2228.764892578125,85100,0.0,0.0
2020-03-02 00:00:00+09:00,2220.531472974344,2396.724923184396,2204.888129264106,2345.67822265625,86200,0.0,0.0
2020-03-03 00:00:00+09:00,2511.168648036424,2511.168648036424,2265.8151211135214,2277.341796875,126300,0.0,0.0
2020-03-04 00:00:00+09:00,2223.825284656429,2284.7520047840026,2169.4852369750797,2229.588623046875,144900,0.0,0.0
2020-03-05 00:00:00+09:00,2270.755392843472,2280.635401804357,2190.8919870763157,2218.06201171875,62000,0.0,0.0
2020-03-06 00:00:00+09:00,2176.8955232217704,2181.83552819126,2045.1620573687132,2087.152099609375,113500,0.0,0.0
2020-03-09 00:00:00+09:00,2000.7016291643054,2008.9349692020185,1869.7915225646655,1906.841552734375,103100,0.0,0.0
2020-03-10 00:00:00+09:00,1889.5514697698254,2069.8616100223708,1808.0414063679898,2044.3382568359375,107900,0.0,0.0
2020-03-11 00:00:00+09:00,2012.2283279204582,2061.6283687041027,1929.8949266143838,1934.0115966796875,83000,0.0,0.0
2020-03-12 00:00:00+09:00,1889.551697887074,1904.3717112038353,1780.871600230824,1811.3349609375,90800,0.0,0.0
2020-03-13 00:00:00+09:00,1605.5012777354968,1745.468055794489,1581.6245920666101,1719.9447021484375,98500,0.0,0.0
2020-03-16 00:00:00+09:00,1761.1113377391296,1850.0314052827603,1705.947962503729,1724.8846435546875,53000,0.0,0.0
2020-03-17 00:00:00+09:00,1647.4913088904107,1855.794807715635,1638.4346350284443,1829.4481201171875,94600,0.0,0.0
2020-03-18 00:00:00+09:00,1870.6149353623778,1906.8416330542548,1769.3448486328125,1769.3448486328125,70900,0.0,0.0
2020-03-19 00:00:00+09:00,1795.6915133963557,1861.5582355750391,1748.7614738440438,1838.5048828125,77900,0.0,0.0
2020-03-23 00:00:00+09:00,1913.4283020936948,1954.5950039459688,1712.5347970545977,1862.381591796875,71600,0.0,0.0
2020-03-24 00:00:00+09:00,1897.7846728472737,1914.2513511366208,1816.2746153150047,1874.7313232421875,56500,0.0,0.0
2020-03-25 00:00:00+09:00,1998.2318092019734,2078.09521484375,1952.1251007902263,2078.09521484375,68000,0.0,0.0
2020-03-26 00:00:00+09:00,2056.6883847288914,2077.2717352566024,1952.9482980692276,2057.51171875,49300,0.0,0.0
2020-03-27 00:00:00+09:00,2155.4880361796695,2162.07470703125,2062.451310401097,2162.07470703125,54400,0.0,0.0
2020-03-30 00:00:00+09:00,2160.4001801050217,2160.4001801050217,2003.7523190427344,2092.54736328125,62100,45.0,0.0
2020-03-31 00:00:00+09:00,2111.813848302073,2120.1907378233027,2036.4218426110033,2090.033935546875,50700,0.0,0.0
2020-04-01 00:00:00+09:00,2079.9818466648912,2111.8140295780067,1971.0822735410748,1990.34912109375,37800,0.0,0.0
2020-04-02 00:00:00+09:00,1961.0298487096582,2007.9404303105725,1930.0353572947681,1969.40673828125,33100,0.0,0.0
2020-04-03 00:00:00+09:00,1953.49021690595,1981.1339463904683,1890.6635589865907,1919.982666015625,30900,0.0,0.0
2020-04-06 00:00:00+09:00,1884.8000190326316,2019.6679315056333,1864.6954854962835,2017.9925537109375,31200,0.0,0.0
2020-04-07 00:00:00+09:00,2053.1753279303966,2099.2482137060683,1992.0240431735956,2076.630615234375,26000,0.0,0.0
2020-04-08 00:00:00+09:00,2076.630226508464,2114.326216904947,2048.9865002177103,2089.195556640625,28400,0.0,0.0
2020-04-09 00:00:00+09:00,2068.253957550435,2085.8454249901106,1945.1136854727058,1985.32275390625,117400,0.0,0.0
2020-04-10 00:00:00+09:00,1989.5115397334878,2050.662841796875,1916.63259069904,2050.662841796875,44500,0.0,0.0
2020-04-13 00:00:00+09:00,2008.7778895903673,2021.3432225110741,1966.8934465213438,2000.4010009765625,36800,0.0,0.0
2020-04-14 00:00:00+09:00,1980.296447529604,2083.33217639853,1975.2703144140464,2051.5,51400,0.0,0.0
2020-04-15 00:00:00+09:00,2009.6153564453127,2029.7198868974542,1944.2756324758527,2009.6153564453125,79600,0.0,0.0
2020-04-16 00:00:00+09:00,1968.5688681231286,2098.41064453125,1953.4904682821855,2098.41064453125,52200,0.0,0.0
2020-04-17 00:00:00+09:00,2097.5728360414987,2136.106522326606,2060.714527420961,2076.630615234375,57300,0.0,0.0
2020-04-20 00:00:00+09:00,2069.0916583981966,2095.06001524449,2022.1810782887637,2038.09716796875,54100,0.0,0.0
2020-04-21 00:00:00+09:00,1996.2129182042302,2018.830521557782,1968.5691807721112,1983.6475830078125,79100,0.0,0.0
2020-04-22 00:00:00+09:00,1941.7625866777637,1979.458581673665,1918.307300902536,1956.0032958984375,56700,0.0,0.0
2020-04-23 00:00:00+09:00,1964.380562493546,2055.6886568695786,1964.380562493546,2028.044921875,55500,0.0,0.0
2020-04-24 00:00:00+09:00,2033.9085340955492,2055.6884442629644,1971.081870151082,2051.5,67800,0.0,0.0
2020-04-27 00:00:00+09:00,2050.662576219512,2084.1701346544714,2038.9349307672762,2060.71484375,68100,0.0,0.0
2020-04-28 00:00:00+09:00,2058.2016706151508,2075.793137885366,2003.7518909692474,2053.175537109375,56300,0.0,0.0
2020-04-30 00:00:00+09:00,2115.1644544867404,2128.5674767725973,2095.0599210579558,2102.59912109375,75800,0.0,0.0
2020-05-01 00:00:00+09:00,2088.358558245955,2088.358558245955,2008.7781077712798,2032.2333984375,48000,0.0,0.0
2020-05-07 00:00:00+09:00,2001.2386867014357,2047.3115740051524,2001.2386867014357,2022.180908203125,36300,0.0,0.0
2020-05-08 00:00:00+09:00,2064.0654331573232,2122.7036556902017,2051.5000997574207,2121.865966796875,52800,0.0,0.0
2020-05-11 00:00:00+09:00,2127.7300392399225,2215.68738338173,2127.7300392399225,2213.17431640625,56900,0.0,0.0
2020-05-12 00:00:00+09:00,2254.2210004780936,2286.8908700502398,2223.226508832724,2248.357177734375,85200,0.0,0.0
2020-05-13 00:00:00+09:00,2164.5881689143507,2265.11083929737,2118.515278322134,2245.843994140625,108600,0.0,0.0
2020-05-14 00:00:00+09:00,2222.388767408288,2235.7917905061145,2093.384670091712,2100.086181640625,68100,0.0,0.0
2020-05-15 00:00:00+09:00,2093.38468647278,2123.5414886788703,1985.3228119009557,2034.7464599609375,102500,0.0,0.0
2020-05-18 00:00:00+09:00,2035.5842374114375,2069.929485861589,2003.7520559210527,2069.091796875,48400,0.0,0.0
2020-05-19 00:00:00+09:00,2107.6252856798,2112.651419111469,2054.0131957419994,2087.520751953125,39500,0.0,0.0
2020-05-20 00:00:00+09:00,2078.3059274925376,2134.4310774893133,2064.0652177918632,2131.080322265625,46900,0.0,0.0
2020-05-21 00:00:00+09:00,2136.9445274984764,2138.6199054110584,2082.4947453395575,2104.274658203125,38900,0.0,0.0
2020-05-22 00:00:00+09:00,2092.5468966019207,2110.9760526168293,2072.4423627674746,2101.761474609375,27400,0.0,0.0
2020-05-25 00:00:00+09:00,2133.593349848952,2151.184814453125,2099.2481094312816,2151.184814453125,34200,0.0,0.0
2020-05-26 00:00:00+09:00,2189.718781034825,2190.5564699334614,2150.3474027989273,2174.640380859375,35400,0.0,0.0
2020-05-27 00:00:00+09:00,2173.8029348891214,2198.933604656626,2152.023021090618,2193.907470703125,35000,0.0,0.0
2020-05-28 00:00:00+09:00,2193.9070400126093,2228.2522819524784,2170.451752834162,2226.576904296875,54900,0.0,0.0
2020-05-29 00:00:00+09:00,2203.1216368383293,2228.2523018973216,2183.0171047911354,2216.524658203125,55000,0.0,0.0
2020-06-01 00:00:00+09:00,2220.7131369568647,2250.0322466488637,2212.336248473436,2239.97998046875,30900,0.0,0.0
2020-06-02 00:00:00+09:00,2243.330524121349,2259.2466107375944,2217.3621722737903,2244.168212890625,30600,0.0,0.0
2020-06-03 00:00:00+09:00,2275.163756827998,2317.885903955475,2229.928542222434,2266.786865234375,52800,0.0,0.0
2020-06-04 00:00:00+09:00,2275.163265934179,2315.372336907979,2267.6240651265916,2286.05322265625,47300,0.0,0.0
2020-06-05 00:00:00+09:00,2306.9954042539493,2307.8330932170043,2266.786334027301,2286.890869140625,44500,0.0,0.0
2020-06-08 00:00:00+09:00,2332.9635909924405,2334.6389687956666,2284.3776346988816,2328.775146484375,38400,0.0,0.0
2020-06-09 00:00:00+09:00,2333.801267392792,2333.801267392792,2263.4354000342155,2295.267578125,29700,0.0,0.0
2020-06-10 00:00:00+09:00,2295.267253192812,2335.476314562613,2292.7541868571993,2316.20947265625,27200,0.0,0.0
2020-06-11 00:00:00+09:00,2312.021335335665,2332.9635575760244,2286.0529797576196,2305.31982421875,45100,0.0,0.0
2020-06-12 00:00:00+09:00,2261.7602330240097,2271.812500726339,2196.420492958872,2252.545654296875,69500,0.0,0.0
2020-06-15 00:00:00+09:00,2234.9541353845293,2280.1893390242462,2104.274658203125,2104.274658203125,37100,0.0,0.0
2020-06-16 00:00:00+09:00,2146.158685187307,2170.45166015625,2130.242598138689,2170.45166015625,47700,0.0,0.0
2020-06-17 00:00:00+09:00,2194.744728840411,2228.2522819524784,2180.5040187677823,2226.576904296875,37600,0.0,0.0
2020-06-18 00:00:00+09:00,2239.979778616606,2240.817467389462,2189.7184522452535,2239.14208984375,36800,0.0,0.0
2020-06-19 00:00:00+09:00,2241.656190453506,2280.189891784172,2189.7194625730435,2266.786865234375,44300,0.0,0.0
2020-06-22 00:00:00+09:00,2248.3568667336617,2255.058377513792,2194.744780492621,2220.713134765625,32900,0.0,0.0
2020-06-23 00:00:00+09:00,2259.246899195266,2293.5921431207407,2223.226277517329,2243.330810546875,49800,0.0,0.0
2020-06-24 00:00:00+09:00,2212.33646794845,2218.200290468571,2182.1796664164,2192.23193359375,33800,0.0,0.0
2020-06-25 00:00:00+09:00,2177.991148698312,2213.1740826388227,2140.295148047764,2208.14794921875,43600,0.0,0.0
2020-06-26 00:00:00+09:00,2209.823380460207,2255.0585823346764,2203.1218690713963,2221.551025390625,51400,0.0,0.0
2020-06-29 00:00:00+09:00,2169.614181607857,2188.8810256916336,2116.0020937225663,2146.99658203125,50200,0.0,0.0
2020-06-30 00:00:00+09:00,2180.5044905881205,2197.258270769358,2146.1592412165824,2173.802978515625,32300,0.0,0.0
2020-07-01 00:00:00+09:00,2182.1794467368145,2183.8548244310464,2116.0020278146617,2119.352783203125,31700,0.0,0.0
2020-07-02 00:00:00+09:00,2161.237603400735,2173.802938304228,2096.7355508961396,2136.10693359375,48000,0.0,0.0
2020-07-03 00:00:00+09:00,2140.295378561581,2153.6984024586395,2111.813952780331,2136.10693359375,16800,0.0,0.0
2020-07-06 00:00:00+09:00,2146.9968774958265,2183.0175040008285,2144.483810530361,2179.666748046875,29600,0.0,0.0
2020-07-07 00:00:00+09:00,2179.666256452356,2179.666256452356,2124.378795681466,2160.3994140625,24000,0.0,0.0
2020-07-08 00:00:00+09:00,2143.646308164109,2161.23777845385,2113.489501953125,2113.489501953125,24000,0.0,0.0
2020-07-09 00:00:00+09:00,2115.1644428618883,2119.3528873031987,2064.9031095661603,2088.3583984375,38400,0.0,0.0
2020-07-10 00:00:00+09:00,2059.87693452717,2068.2538232401716,2028.8824462890625,2028.8824462890625,42900,0.0,0.0
2020-07-13 00:00:00+09:00,2030.5580407709926,2081.657067374553,2019.6680842817093,2079.981689453125,35300,0.0,0.0
2020-07-14 00:00:00+09:00,2079.9818708062703,2079.9818708062703,2043.1235533211814,2071.60498046875,19000,0.0,0.0
2020-07-15 00:00:00+09:00,2092.5470018312453,2150.347539511932,2092.5470018312453,2147.83447265625,33000,0.0,0.0
2020-07-16 00:00:00+09:00,2124.3794597515357,2136.107106611363,2105.950300400379,2113.489501953125,18800,0.0,0.0
2020-07-17 00:00:00+09:00,2119.3526494018897,2119.3526494018897,2071.60438813078,2083.33203125,18800,0.0,0.0
2020-07-20 00:00:00+09:00,2063.227889078939,2091.709313451121,2012.1288629994365,2090.033935546875,28700,0.0,0.0
2020-07-21 00:00:00+09:00,2090.0336834745813,2123.5412375182623,2085.8452392191216,2114.32666015625,17900,0.0,0.0
2020-07-22 00:00:00+09:00,2112.651483695856,2112.651483695856,2081.6569932530538,2095.897705078125,29500,0.0,0.0
2020-07-27 00:00:00+09:00,2089.1958103977217,2089.1958103977217,2033.9083511009094,2084.169677734375,23700,0.0,0.0
2020-07-28 00:00:00+09:00,2082.494479544996,2094.222123436239,2054.013058666263,2075.79296875,24200,0.0,0.0
2020-07-29 00:00:00+09:00,2069.0914437959464,2069.0914437959464,1992.8617590245167,2001.2386474609375,24900,0.0,0.0
2020-07-30 00:00:00+09:00,2008.7783885313029,2008.7783885313029,1965.2185569201154,1978.62158203125,17400,0.0,0.0
2020-07-31 00:00:00+09:00,1964.380699773753,1966.8937667670668,1884.8002449854773,1888.1510009765625,20900,0.0,0.0
2020-08-03 00:00:00+09:00,1876.4232643363403,1953.4906484072972,1876.4232643363403,1950.139892578125,26400,0.0,0.0
2020-08-04 00:00:00+09:00,1965.218108379195,2044.798551813135,1951.8150863271628,2040.610107421875,37000,0.0,0.0
2020-08-05 00:00:00+09:00,2038.935189180596,2038.935189180596,1994.5376686273619,2017.1552734375,19600,0.0,0.0
2020-08-06 00:00:00+09:00,2012.1286024282847,2031.3954458320525,1974.4326044643908,2001.2386474609375,13200,0.0,0.0
2020-08-07 00:00:00+09:00,1988.673284969055,2046.4738143131428,1969.406441854359,1975.270263671875,27500,0.0,0.0
2020-08-11 00:00:00+09:00,1976.108156687481,2061.552426285668,1968.5689564288173,2053.175537109375,32400,0.0,0.0
2020-08-12 00:00:00+09:00,2079.9813587188723,2150.3472202301027,2079.1436698913576,2144.4833984375,61600,0.0,0.0
2020-08-13 00:00:00+09:00,2157.886578746554,2157.886578746554,2100.923734276536,2126.89208984375,36100,0.0,0.0
2020-08-14 00:00:00+09:00,2085.845426252114,2119.352983300341,2000.4011557791357,2043.123291015625,64600,0.0,0.0
2020-08-17 00:00:00+09:00,2043.9610384127984,2052.33792791449,2000.401213004001,2034.7464599609375,31200,0.0,0.0
2020-08-18 00:00:00+09:00,2023.018443835567,2023.018443835567,1979.4586264113643,1996.21240234375,21600,0.0,0.0
2020-08-19 00:00:00+09:00,1996.2124844487184,1999.5632397730135,1971.0818195165064,1975.270263671875,16800,0.0,0.0
2020-08-20 00:00:00+09:00,1970.2444914857786,1981.1344482839568,1948.4645778894221,1958.516845703125,36800,0.0,0.0
2020-08-21 00:00:00+09:00,1985.3224706052242,2022.1807780763759,1985.3224706052242,2005.427001953125,33000,0.0,0.0
2020-08-24 00:00:00+09:00,2004.5894028355058,2013.8039801155687,1993.6994478681588,2001.2386474609375,20800,0.0,0.0
2020-08-25 00:00:00+09:00,2022.1809992539256,2087.520733281186,2022.1809992539256,2037.2593994140625,31300,0.0,0.0
2020-08-26 00:00:00+09:00,2052.3378318188666,2091.709210633351,2033.9086757780442,2041.4478759765625,18200,0.0,0.0
2020-08-27 00:00:00+09:00,2034.745981508461,2034.745981508461,1987.8354113295916,2007.93994140625,11800,0.0,0.0
2020-08-28 00:00:00+09:00,1998.7257216759172,2012.9664330206324,1930.8729205628622,1952.65283203125,31600,0.0,0.0
2020-08-31 00:00:00+09:00,1952.6527340136925,2018.8301539995705,1952.6527340136925,1981.1341552734375,27800,0.0,0.0
2020-09-01 00:00:00+09:00,1972.757580429956,1973.5952694237694,1946.7892216217488,1948.464599609375,15800,0.0,0.0
2020-09-02 00:00:00+09:00,1948.4644668070255,1958.5167340476464,1921.6584208320362,1934.2237548828125,24800,0.0,0.0
2020-09-03 00:00:00+09:00,1967.7311657937948,1967.7311657937948,1901.553744721973,1925.009033203125,39900,0.0,0.0
2020-09-04 00:00:00+09:00,1901.553829270429,1952.6528528763747,1898.2030736241377,1942.6005859375,25200,0.0,0.0
2020-09-07 00:00:00+09:00,1944.275966598403,2031.395613529137,1944.275966598403,2019.66796875,45000,0.0,0.0
2020-09-08 00:00:00+09:00,2088.3585874769424,2185.5305073114087,2073.280186123318,2171.289794921875,80400,0.0,0.0
2020-09-09 00:00:00+09:00,2129.4049682617188,2177.1532307286416,2065.7406183058215,2077.46826171875,68600,0.0,0.0
2020-09-10 00:00:00+09:00,2090.0338415876936,2179.666555435342,2090.0338415876936,2135.26904296875,36500,0.0,0.0
2020-09-11 00:00:00+09:00,2177.153352564564,2208.147840461789,2152.0226867019487,2181.341796875,45800,0.0,0.0
2020-09-14 00:00:00+09:00,2194.7448043965314,2265.110668354283,2194.7448043965314,2249.194580078125,36300,0.0,0.0
2020-09-15 00:00:00+09:00,2235.7918545308085,2235.7918545308085,2177.1536267986403,2224.064208984375,25900,0.0,0.0
2020-09-16 00:00:00+09:00,2239.9800949763635,2260.084628364334,2194.74489485343,2203.95947265625,28000,0.0,0.0
2020-09-17 00:00:00+09:00,2203.9592255127773,2247.51904296875,2163.7501632457256,2247.51904296875,27800,0.0,0.0
2020-09-18 00:00:00+09:00,2254.2205499405254,2265.9481930840284,2215.686865326157,2228.252197265625,34400,0.0,0.0
2020-09-23 00:00:00+09:00,2228.2523266237176,2259.2468138737468,2205.634727819642,2245.006103515625,37700,0.0,0.0
2020-09-24 00:00:00+09:00,2253.383051331195,2322.9112272644625,2194.7448306645842,2195.58251953125,60000,0.0,0.0
2020-09-25 00:00:00+09:00,2208.9855854497728,2252.5454073850738,2208.9855854497728,2214.01171875,32600,0.0,0.0
2020-09-28 00:00:00+09:00,2219.8757625361372,2287.7285688627135,2219.8757625361372,2281.86474609375,47100,0.0,0.0
2020-09-29 00:00:00+09:00,2305.3196696627133,2317.0473133310556,2236.6291853195657,2260.08447265625,29400,0.0,0.0
2020-09-30 00:00:00+09:00,2251.707573867997,2251.707573867997,2170.4517574002903,2183.01708984375,46600,0.0,0.0
2020-10-02 00:00:00+09:00,2191.3943093565085,2191.3943093565085,2098.4108352209687,2123.54150390625,50100,0.0,0.0
2020-10-05 00:00:00+09:00,2126.05459132627,2183.8551298611446,2126.05459132627,2152.02294921875,34600,0.0,0.0
2020-10-06 00:00:00+09:00,2178.8286631349365,2178.8286631349365,2116.0020004147827,2153.697998046875,23000,0.0,0.0
2020-10-07 00:00:00+09:00,2136.944631074294,2185.530592894094,2116.8400951488597,2169.614501953125,21900,0.0,0.0
2020-10-08 00:00:00+09:00,2170.451958787577,2234.116315741593,2170.451958787577,2203.121826171875,49100,0.0,0.0
2020-10-09 00:00:00+09:00,2208.148231280626,2281.86486419136,2169.6145368045604,2265.111083984375,62500,0.0,0.0
2020-10-12 00:00:00+09:00,2250.869957791405,2267.623734924203,2228.2523586621273,2249.194580078125,25500,0.0,0.0
2020-10-13 00:00:00+09:00,2251.7079660540135,2268.461745563344,2133.593820513234,2233.27880859375,38500,0.0,0.0
2020-10-14 00:00:00+09:00,2233.2784877602194,2258.409153413935,2204.797066686008,2210.660888671875,47300,0.0,0.0
2020-10-15 00:00:00+09:00,2177.9911146034815,2203.959470200677,2149.50969233559,2165.42578125,43300,0.0,0.0
2020-10-16 00:00:00+09:00,2144.4837278106506,2151.185239460059,2117.6776812130174,2123.54150390625,43500,0.0,0.0
2020-10-19 00:00:00+09:00,2146.996487356725,2176.31559662613,2131.9180883038885,2153.697998046875,42900,0.0,0.0
2020-10-20 00:00:00+09:00,2121.028618115718,2143.6462218633974,2102.5994595064976,2115.164794921875,38100,0.0,0.0
2020-10-21 00:00:00+09:00,2107.6251933179497,2151.1850144835034,2103.436748975108,2132.755859375,33000,0.0,0.0
2020-10-22 00:00:00+09:00,2113.489204738451,2130.242983610734,2092.546981148098,2100.086181640625,35400,0.0,0.0
2020-10-23 00:00:00+09:00,2126.8921848522227,2126.8921848522227,2059.877070717454,2100.923828125,30800,0.0,0.0
2020-10-26 00:00:00+09:00,2086.68310643107,2163.7504873189296,2069.0916390544935,2125.216796875,52200,0.0,0.0
2020-10-27 00:00:00+09:00,2167.1013501014236,2173.8028618141457,2106.7877446869275,2171.289794921875,50400,0.0,0.0
2020-10-28 00:00:00+09:00,2167.9388157097865,2170.4518823431445,2106.7875276314194,2161.2373046875,37600,0.0,0.0
2020-10-29 00:00:00+09:00,2124.3790890290775,2208.147980552306,2124.3790890290775,2193.069580078125,34700,0.0,0.0
2020-10-30 00:00:00+09:00,2193.0696005885843,2196.4203562808507,2125.2167978201824,2163.75048828125,36700,0.0,0.0
2020-11-02 00:00:00+09:00,2184.6925422054596,2222.3885408248025,2147.8342324443247,2186.367919921875,38200,0.0,0.0
2020-11-04 00:00:00+09:00,2202.283908755413,2249.1944826961903,2196.4200870128157,2236.629150390625,36200,0.0,0.0
2020-11-05 00:00:00+09:00,2236.6295530641232,2276.8386236810065,2208.148128043831,2257.57177734375,32200,0.0,0.0
2020-11-06 00:00:00+09:00,2269.298981388514,2269.298981388514,2223.2260969380277,2232.440673828125,46100,0.0,0.0
2020-11-09 00:00:00+09:00,2274.32506226608,2302.8064810937217,2250.869776172728,2301.131103515625,37400,0.0,0.0
2020-11-10 00:00:00+09:00,2303.6446888332625,2355.5814054542307,2270.974818700718,2343.853759765625,59500,0.0,0.0
2020-11-11 00:00:00+09:00,2358.094334039587,2420.083314756791,2305.3199315371025,2370.65966796875,57300,0.0,0.0
2020-11-12 00:00:00+09:00,2384.90010919683,2504.689612398497,2364.7955771909556,2424.271484375,102800,0.0,0.0
2020-11-13 00:00:00+09:00,2408.3555614386246,2408.3555614386246,2322.911294563237,2363.120361328125,46900,0.0,0.0
2020-11-16 00:00:00+09:00,2349.717001102319,2418.4074802789287,2337.151669545622,2413.38134765625,83800,0.0,0.0
2020-11-17 00:00:00+09:00,2385.7382269588256,2428.46036515226,2353.0683565756117,2410.868896484375,36100,0.0,0.0
2020-11-18 00:00:00+09:00,2410.868695447198,2456.9415857354525,2379.036516702586,2429.2978515625,45700,0.0,0.0
2020-11-19 00:00:00+09:00,2450.2398765250427,2450.2398765250427,2358.931792237443,2384.900146484375,26800,0.0,0.0
2020-11-20 00:00:00+09:00,2360.6075263974394,2425.947266304821,2359.7698374242677,2406.680419921875,41800,0.0,0.0
2020-11-24 00:00:00+09:00,2454.4289174203855,2454.4289174203855,2394.1153057977685,2416.73291015625,51000,0.0,0.0
2020-11-25 00:00:00+09:00,2472.857390592357,2476.208145864163,2405.84228515625,2405.84228515625,39200,0.0,0.0
2020-11-26 00:00:00+09:00,2405.8425199554035,2445.213898241582,2405.8425199554035,2430.135498046875,23700,0.0,0.0
2020-11-27 00:00:00+09:00,2411.70638436153,2446.051629849138,2405.0048730468748,2429.2978515625,43600,0.0,0.0
2020-11-30 00:00:00+09:00,2429.2978515625,2440.1878074488145,2399.141050646552,2429.2978515625,37800,0.0,0.0
2020-12-01 00:00:00+09:00,2415.0572660331454,2487.936205382741,2415.0572660331454,2465.318603515625,44800,0.0,0.0
2020-12-02 00:00:00+09:00,2488.7736919332315,2492.962136382799,2466.156091905565,2483.74755859375,38800,0.0,0.0
2020-12-03 00:00:00+09:00,2471.182394403945,2471.182394403945,2425.109502304889,2441.86328125,35600,0.0,0.0
2020-12-04 00:00:00+09:00,2456.9414641381313,2456.9414641381313,2372.3348879779023,2388.2509765625,32300,0.0,0.0
2020-12-07 00:00:00+09:00,2393.277030402786,2393.277030402786,2327.9373004862937,2346.366455078125,44500,0.0,0.0
2020-12-08 00:00:00+09:00,2353.067903541722,2357.25634765625,2313.696528865161,2357.25634765625,72500,0.0,0.0
2020-12-09 00:00:00+09:00,2347.204366704469,2392.4395686323924,2291.07920875686,2337.152099609375,36300,0.0,0.0
2020-12-10 00:00:00+09:00,2348.879486623242,2374.010151601379,2299.4558454995718,2322.9111328125,32900,0.0,0.0
2020-12-11 00:00:00+09:00,2321.235860196176,2346.3665263116163,2302.806705044853,2311.18359375,26500,0.0,0.0
2020-12-14 00:00:00+09:00,2317.0471905075424,2326.2617671870735,2285.2150165237076,2301.131103515625,40200,0.0,0.0
2020-12-15 00:00:00+09:00,2281.027035020051,2330.45068359375,2281.027035020051,2330.45068359375,62100,0.0,0.0
2020-12-16 00:00:00+09:00,2341.340342098002,2346.3664752116297,2318.7227430866797,2336.314208984375,36300,0.0,0.0
2020-12-17 00:00:00+09:00,2332.1260615115025,2333.801439429255,2287.7285466910607,2330.45068359375,21100,0.0,0.0
2020-12-18 00:00:00+09:00,2327.9374254821228,2337.989692162866,2298.618314329955,2324.586669921875,24400,0.0,0.0
2020-12-21 00:00:00+09:00,2301.131656091407,2317.04774690529,2250.0326276889405,2290.24169921875,35400,0.0,0.0
2020-12-22 00:00:00+09:00,2271.8123182630325,2271.8123182630325,2225.739428327757,2241.655517578125,55100,0.0,0.0
2020-12-23 00:00:00+09:00,2241.655613111413,2249.1948136039405,2228.252590013587,2234.9541015625,39200,0.0,0.0
2020-12-24 00:00:00+09:00,2219.8755291882853,2240.8177511617596,2182.1795296360315,2199.77099609375,48400,0.0,0.0
2020-12-25 00:00:00+09:00,2199.770941653197,2219.037785391972,2177.153342481591,2186.367919921875,23600,0.0,0.0
2020-12-28 00:00:00+09:00,2177.1536897577,2213.17431640625,2166.2637328639526,2213.17431640625,57100,0.0,0.0
2020-12-29 00:00:00+09:00,2227.414723424195,2265.9484117572197,2219.875523532951,2262.59765625,29600,0.0,0.0
2020-12-30 00:00:00+09:00,2265.9486997345734,2268.4617666843715,2208.1481598892183,2242.493408203125,35000,0.0,0.0
2021-01-04 00:00:00+09:00,2247.519509689529,2260.92253322849,2229.9280412946428,2257.57177734375,26500,0.0,0.0
2021-01-05 00:00:00+09:00,2257.5716710889506,2305.319940199181,2235.7917588632317,2250.032470703125,19400,0.0,0.0
2021-01-06 00:00:00+09:00,2255.896410197651,2268.4617448255626,2239.1426306937697,2252.545654296875,24300,0.0,0.0
2021-01-07 00:00:00+09:00,2252.5456435166398,2284.377824421672,2250.8702655742695,2257.57177734375,22400,0.0,0.0
2021-01-08 00:00:00+09:00,2257.5714484735645,2286.052869344845,2250.869937680322,2259.246826171875,40600,0.0,0.0
2021-01-12 00:00:00+09:00,2255.0585941096915,2298.6184183644104,2207.3103252150954,2274.325439453125,67100,0.0,0.0
2021-01-13 00:00:00+09:00,2274.3256410758872,2290.241732118407,2242.493458990847,2275.163330078125,65900,0.0,0.0
2021-01-14 00:00:00+09:00,2275.1629227685776,2339.6649643934597,2233.2784801550174,2336.314208984375,45600,0.0,0.0
2021-01-15 00:00:00+09:00,2323.7489797902663,2334.638935355253,2262.597690848417,2305.31982421875,41700,0.0,0.0
2021-01-18 00:00:00+09:00,2325.4244214072196,2367.3088670377533,2274.3253977379686,2294.429931640625,59500,0.0,0.0
2021-01-19 00:00:00+09:00,2291.916831888602,2322.0736323081887,2268.4615426733676,2270.974609375,25800,0.0,0.0
2021-01-20 00:00:00+09:00,2268.4614197661913,2312.021240234375,2251.7076426630433,2312.021240234375,37400,0.0,0.0
2021-01-21 00:00:00+09:00,2312.0214634112253,2367.3089331884503,2312.0214634112253,2341.340576171875,34300,0.0,0.0
2021-01-22 00:00:00+09:00,2308.670739223062,2326.2622071198994,2288.566204483819,2306.995361328125,32000,0.0,0.0
2021-01-25 00:00:00+09:00,2306.9951814908195,2341.3404256597096,2302.8067370799795,2315.3720703125,30500,0.0,0.0
2021-01-26 00:00:00+09:00,2357.256550504592,2377.361083984375,2320.3982391249892,2377.361083984375,31400,0.0,0.0
2021-01-27 00:00:00+09:00,2363.9582822901257,2410.868864787733,2350.5552587193806,2406.680419921875,21000,0.0,0.0
2021-01-28 00:00:00+09:00,2377.3609490690333,2421.758457983994,2361.444860967443,2404.1669921875,27600,0.0,0.0
2021-01-29 00:00:00+09:00,2374.8481328796997,2379.8742664942597,2264.273193359375,2264.273193359375,86600,0.0,0.0
2021-02-01 00:00:00+09:00,2270.974779745861,2299.4562045010653,2240.81797706388,2248.357177734375,56200,0.0,0.0
2021-02-02 00:00:00+09:00,2248.356999885949,2327.099756215785,2234.1162886348084,2295.267578125,58700,0.0,0.0
2021-02-03 00:00:00+09:00,2283.5402739205542,2320.398590887724,2257.571914239139,2269.299560546875,110400,0.0,0.0
2021-02-04 00:00:00+09:00,2262.5976095670067,2332.125784907274,2244.1684546575384,2326.261962890625,93500,0.0,0.0
2021-02-05 00:00:00+09:00,2338.8273330629604,2411.7062650029593,2326.261999969857,2388.2509765625,57400,0.0,0.0
2021-02-08 00:00:00+09:00,2388.2512823471634,2446.0518219760493,2388.2512823471634,2435.161865234375,34400,0.0,0.0
2021-02-09 00:00:00+09:00,2421.758778698841,2455.266337034349,2402.491932655924,2407.51806640625,38400,0.0,0.0
2021-02-10 00:00:00+09:00,2434.324316915761,2434.324316915761,2395.790621603261,2408.35595703125,23600,0.0,0.0
2021-02-12 00:00:00+09:00,2512.2291742831253,2512.2291742831253,2424.2718340698116,2470.3447265625,54600,0.0,0.0
2021-02-15 00:00:00+09:00,2451.9150937983513,2451.9150937983513,2388.250745616365,2402.491455078125,33400,0.0,0.0
2021-02-16 00:00:00+09:00,2403.329536184574,2409.19335868485,2331.2882883240395,2370.65966796875,34000,0.0,0.0
2021-02-17 00:00:00+09:00,2366.4712761619357,2425.947191421227,2361.4451424780523,2403.32958984375,18800,0.0,0.0
2021-02-18 00:00:00+09:00,2375.6853585477297,2406.679843126808,2363.9577157340245,2389.08837890625,17400,0.0,0.0
2021-02-19 00:00:00+09:00,2374.8480604478527,2415.8948170481863,2363.1204157049006,2395.790283203125,22600,0.0,0.0
2021-02-22 00:00:00+09:00,2429.297978319848,2478.721626844286,2428.4602893618066,2465.318603515625,27800,0.0,0.0
2021-02-24 00:00:00+09:00,2461.967522661694,2475.3705442209275,2404.1669921875,2404.1669921875,24200,0.0,0.0
2021-02-25 00:00:00+09:00,2444.376125750278,2466.156036397813,2409.193193165798,2451.07763671875,23200,0.0,0.0
2021-02-26 00:00:00+09:00,2409.1936387373235,2451.0780900366512,2368.984565489969,2374.848388671875,33300,0.0,0.0
2021-03-01 00:00:00+09:00,2375.685549266024,2412.5438582109127,2363.957905510832,2394.952392578125,32500,0.0,0.0
2021-03-02 00:00:00+09:00,2394.9529704905117,2428.460532162292,2305.320243018499,2354.743896484375,29000,0.0,0.0
2021-03-03 00:00:00+09:00,2334.6390022539244,2374.848070107598,2333.801313340306,2371.497314453125,17600,0.0,0.0
2021-03-04 00:00:00+09:00,2321.2359775595696,2358.9319786386677,2291.91686560916,2313.69677734375,50100,0.0,0.0
2021-03-05 00:00:00+09:00,2301.9691647765458,2340.5028553077395,2281.026941661766,2337.152099609375,43300,0.0,0.0
2021-03-08 00:00:00+09:00,2337.1522264582404,2414.2196117034587,2332.1260926379005,2353.906005859375,61700,0.0,0.0
2021-03-09 00:00:00+09:00,2360.6070972949783,2360.6070972949783,2301.131191011109,2318.72265625,105100,0.0,0.0
2021-03-10 00:00:00+09:00,2322.9114816090923,2437.6748689082074,2322.9114816090923,2407.51806640625,111000,0.0,0.0
2021-03-11 00:00:00+09:00,2394.1145671594427,2456.1035377576927,2376.5231025302096,2402.491455078125,40900,0.0,0.0
2021-03-12 00:00:00+09:00,2390.764202255411,2390.764202255411,2360.6074008254195,2370.65966796875,33000,0.0,0.0
2021-03-15 00:00:00+09:00,2396.628303347525,2420.9212851011353,2360.6076752301037,2374.848388671875,32300,0.0,0.0
2021-03-16 00:00:00+09:00,2385.737837543554,2410.0308141196647,2360.6071721199914,2404.1669921875,35400,0.0,0.0
2021-03-17 00:00:00+09:00,2404.1673855489275,2404.1673855489275,2370.6598261684544,2391.60205078125,20000,0.0,0.0
2021-03-18 00:00:00+09:00,2391.601742280179,2403.329386550555,2376.523342503982,2383.224853515625,23100,0.0,0.0
2021-03-19 00:00:00+09:00,2363.120091425631,2397.46533203125,2348.879381906228,2397.46533203125,38000,0.0,0.0
2021-03-22 00:00:00+09:00,2348.879776596042,2367.3089331884503,2328.7752421315968,2341.340576171875,49700,0.0,0.0
2021-03-23 00:00:00+09:00,2356.4187961299576,2373.1725735642267,2329.612752235127,2349.71728515625,46200,0.0,0.0
2021-03-24 00:00:00+09:00,2316.209621878651,2324.586510203709,2235.79149395809,2240.817626953125,81800,0.0,0.0
2021-03-25 00:00:00+09:00,2282.702136356686,2293.592091502608,2248.3568932041635,2268.46142578125,68000,0.0,0.0
2021-03-26 00:00:00+09:00,2270.1367974765058,2316.209684510162,2270.1367974765058,2312.021240234375,31000,0.0,0.0
2021-03-29 00:00:00+09:00,2344.6914604740828,2355.581417239414,2287.728609701579,2319.560791015625,42700,0.0,0.0
2021-03-30 00:00:00+09:00,2342.551372537797,2355.3242807850042,2313.5994471774607,2339.145263671875,27100,45.0,0.0
2021-03-31 00:00:00+09:00,2339.1458858888877,2353.621852419689,2286.3511844236127,2312.74853515625,47400,0.0,0.0
2021-04-01 00:00:00+09:00,2324.6695523648646,2375.7611908783783,2318.7088612049547,2362.98828125,28400,0.0,0.0
2021-04-02 00:00:00+09:00,2380.01904296875,2384.2766798971375,2339.997255841905,2380.01904296875,20900,0.0,0.0
2021-04-05 00:00:00+09:00,2367.2460622818207,2414.0800671111374,2354.4731518738254,2378.31591796875,25300,0.0,0.0
2021-04-06 00:00:00+09:00,2357.879212872112,2362.9883769303397,2317.00590040629,2335.739501953125,38800,0.0,0.0
2021-04-07 00:00:00+09:00,2311.896833878742,2375.761387300807,2287.2025398888773,2314.451416015625,49500,0.0,0.0
2021-04-08 00:00:00+09:00,2294.8659896420518,2295.7175169109355,2244.625880777903,2265.9140625,51600,0.0,0.0
2021-04-09 00:00:00+09:00,2265.9141048128554,2305.9358871977497,2252.2896682562955,2284.647705078125,26200,0.0,0.0
2021-04-12 00:00:00+09:00,2280.3899604406333,2305.9357777719324,2270.1716335081137,2276.13232421875,20600,0.0,0.0
2021-04-13 00:00:00+09:00,2276.132640454593,2307.6391528739045,2275.281113091909,2283.79638671875,16600,0.0,0.0
2021-04-14 00:00:00+09:00,2283.7966948053677,2283.7966948053677,2210.565331735546,2249.735595703125,43300,0.0,0.0
2021-04-15 00:00:00+09:00,2251.4380235408794,2279.5384224731215,2248.031914579395,2252.28955078125,15900,0.0,0.0
2021-04-16 00:00:00+09:00,2252.2896869811434,2258.2503780241937,2236.110668435721,2243.7744140625,14200,0.0,0.0
2021-04-19 00:00:00+09:00,2267.617394766655,2267.617394766655,2249.735319929967,2260.80517578125,7300,0.0,0.0
2021-04-20 00:00:00+09:00,2240.368408203125,2260.805064150246,2220.783279587134,2240.368408203125,38800,0.0,0.0
2021-04-21 00:00:00+09:00,2240.368380713275,2255.695872485544,2157.7702306071606,2162.87939453125,35800,0.0,0.0
2021-04-22 00:00:00+09:00,2205.4562313595966,2239.517331457814,2190.128736315399,2221.63525390625,43000,0.0,0.0
2021-04-23 00:00:00+09:00,2213.119635969321,2248.8837855309644,2210.565053857775,2236.96240234375,22400,0.0,0.0
2021-04-26 00:00:00+09:00,2257.398831684398,2257.398831684398,2188.425121625388,2196.0888671875,27800,0.0,0.0
2021-04-27 00:00:00+09:00,2207.159102862035,2207.159102862035,2155.215929530791,2175.652587890625,35700,0.0,0.0
2021-04-28 00:00:00+09:00,2175.652619190705,2178.2072015224358,2150.1067958733975,2158.6220703125,31600,0.0,0.0
2021-04-30 00:00:00+09:00,2172.24614844764,2172.24614844764,2128.8182560247355,2132.224365234375,51300,0.0,0.0
2021-05-06 00:00:00+09:00,2132.224582440652,2192.6830270705586,2132.224582440652,2161.176513671875,33400,0.0,0.0
2021-05-07 00:00:00+09:00,2161.176213846732,2203.7525773976918,2161.176213846732,2195.2373046875,23200,0.0,0.0
2021-05-10 00:00:00+09:00,2210.5648334028183,2213.119415259601,2185.870542120583,2202.049560546875,28200,0.0,0.0
2021-05-11 00:00:00+09:00,2202.0500741442565,2202.0500741442565,2136.4824578607654,2143.294677734375,28600,0.0,0.0
2021-05-12 00:00:00+09:00,2129.669872767971,2144.9973648550654,2065.805322405077,2087.093505859375,70100,0.0,0.0
2021-05-13 00:00:00+09:00,2087.0939911090777,2111.788289657492,2044.517614301467,2057.29052734375,55000,0.0,0.0
2021-05-14 00:00:00+09:00,2076.023926979486,2104.124332881998,2058.1418504960698,2081.984619140625,33700,0.0,0.0
2021-05-17 00:00:00+09:00,2082.835883843878,2088.79657525308,1972.1373291015625,1972.1373291015625,53800,0.0,0.0
2021-05-18 00:00:00+09:00,1987.4648585623186,1997.6831868839756,1961.9190377581756,1978.9495849609375,34500,0.0,0.0
2021-05-19 00:00:00+09:00,1958.5127986682003,1977.2463993511135,1924.4517065174489,1955.106689453125,53600,0.0,0.0
2021-05-20 00:00:00+09:00,1997.6833808879244,2019.8230944016013,1978.9497771455824,1980.65283203125,35900,0.0,0.0
2021-05-21 00:00:00+09:00,1980.6523988578574,1980.6523988578574,1944.0367268239418,1946.59130859375,52300,0.0,0.0
2021-05-24 00:00:00+09:00,1946.591686063094,2016.4169346445346,1922.748918254797,1994.2772216796875,93000,0.0,0.0
2021-05-25 00:00:00+09:00,1975.5434737338962,1975.5434737338962,1911.6789217812918,1916.7880859375,112400,0.0,0.0
2021-05-26 00:00:00+09:00,1908.2727423125555,1918.4910702499722,1866.547903234771,1915.0849609375,131100,0.0,0.0
2021-05-27 00:00:00+09:00,1915.085293152803,1938.9280624761814,1901.4608535394436,1920.1944580078125,264100,0.0,0.0
2021-05-28 00:00:00+09:00,1927.8579758783164,1976.3950362250762,1927.8579758783164,1973.8404541015625,53400,0.0,0.0
2021-05-31 00:00:00+09:00,1999.386166365969,1999.386166365969,1954.2552179769586,1965.3250732421875,45800,0.0,0.0
2021-06-01 00:00:00+09:00,1965.32508935299,2013.0106201171875,1965.32508935299,2013.0106201171875,60900,0.0,0.0
2021-06-02 00:00:00+09:00,2023.228969751862,2024.0804970960337,1955.9583095623009,1972.1373291015625,77100,0.0,0.0
2021-06-03 00:00:00+09:00,1991.7223702777703,2002.7922252643505,1969.58266030461,1972.98876953125,53900,0.0,0.0
2021-06-04 00:00:00+09:00,1946.5917125239366,1959.3646240234375,1918.4913072250347,1959.3646240234375,111500,0.0,0.0
2021-06-07 00:00:00+09:00,1967.028105481222,2017.2682172662403,1959.3643596157108,2000.2376708984375,75200,0.0,0.0
2021-06-08 00:00:00+09:00,2000.237907917415,2000.237907917415,1965.3252837264342,1970.4344482421875,33700,0.0,0.0
2021-06-09 00:00:00+09:00,1981.5040715258694,1989.1678173976927,1952.552142676759,1955.958251953125,29100,0.0,0.0
2021-06-10 00:00:00+09:00,1963.6219009197755,1963.6219009197755,1927.857755282902,1932.9669189453125,54500,0.0,0.0
2021-06-11 00:00:00+09:00,1932.967154620211,1936.373264143771,1898.9060593846127,1903.1636962890625,169100,0.0,0.0
2021-06-14 00:00:00+09:00,1904.8666806868036,1920.1941729766395,1881.87544225205,1901.4605712890625,79400,0.0,0.0
2021-06-15 00:00:00+09:00,1904.8667560874992,1932.1156323480268,1901.4606465549334,1921.0457763671875,53100,0.0,0.0
2021-06-16 00:00:00+09:00,1915.9365234375002,1930.41248828125,1902.3120859375001,1915.9365234375,43300,0.0,0.0
2021-06-17 00:00:00+09:00,1915.936295594647,1922.7485135345391,1892.9450600475113,1913.3817138671875,36600,0.0,0.0
2021-06-18 00:00:00+09:00,1921.897216796875,1932.1155449322594,1906.5697245937984,1921.897216796875,50100,0.0,0.0
2021-06-21 00:00:00+09:00,1885.2818403400358,1892.0940601786629,1863.142125864498,1869.954345703125,57700,0.0,0.0
2021-06-22 00:00:00+09:00,1903.16361328125,1919.3426328125001,1881.8754296875002,1915.9365234375,61900,0.0,0.0
2021-06-23 00:00:00+09:00,1913.3821123169273,1913.3821123169273,1883.5786526235172,1902.312255859375,53600,0.0,0.0
2021-06-24 00:00:00+09:00,1899.7579854329426,1909.1247885883718,1871.6575759666553,1880.1728515625,56300,0.0,0.0
2021-06-25 00:00:00+09:00,1880.17272782304,1915.9368829718478,1864.8452327592654,1868.2513427734375,46400,0.0,0.0
2021-06-28 00:00:00+09:00,1868.2510686390228,1889.539253103916,1861.4388496102572,1885.2816162109375,50500,0.0,0.0
2021-06-29 00:00:00+09:00,1880.172451939363,1899.7575816470649,1864.84495912464,1885.2816162109375,82500,0.0,0.0
2021-06-30 00:00:00+09:00,1898.0544747583272,1912.530439796861,1870.8055993916755,1886.984619140625,42000,0.0,0.0
2021-07-01 00:00:00+09:00,1869.95380859375,1885.2812988281248,1856.329372829861,1877.6175537109375,73500,0.0,0.0
2021-07-02 00:00:00+09:00,1886.1330317814861,1920.1941249062081,1881.0238678127778,1915.0849609375,47400,0.0,0.0
2021-07-05 00:00:00+09:00,1903.1635783438471,1928.7093981873888,1894.6483050626666,1915.0849609375,65300,0.0,0.0
2021-07-06 00:00:00+09:00,1915.9364060041341,1931.2638972521672,1911.6787695463472,1927.8577880859375,38200,0.0,0.0
2021-07-07 00:00:00+09:00,1924.4517968750001,1927.0063789062501,1914.2334687500002,1915.9365234375,53500,0.0,0.0
2021-07-08 00:00:00+09:00,1909.1244598225476,1925.3034806685014,1907.4214049966577,1910.8275146484375,40500,0.0,0.0
2021-07-09 00:00:00+09:00,1894.6484558461439,1907.4213667844324,1873.360270948996,1898.0545654296875,173700,0.0,0.0
2021-07-12 00:00:00+09:00,1904.0148818502414,1928.709171462789,1891.2419734299579,1918.4908447265625,100300,0.0,0.0
2021-07-13 00:00:00+09:00,1915.936408301168,1940.6306997859388,1912.530299130855,1933.8184814453125,67000,0.0,0.0
2021-07-14 00:00:00+09:00,1933.8182992613336,1934.66982647369,1900.6087379794349,1917.6392822265625,41600,0.0,0.0
2021-07-15 00:00:00+09:00,1903.163763501866,1911.679037611494,1887.8362701045355,1892.9454345703125,36700,0.0,0.0
2021-07-16 00:00:00+09:00,1899.757329221186,1926.154674450167,1885.281365708519,1911.6787109375,33800,0.0,0.0
2021-07-19 00:00:00+09:00,1911.6790391041025,1926.1550051017728,1888.6877989901554,1898.9061279296875,47800,0.0,0.0
2021-07-20 00:00:00+09:00,1891.2424106398767,1907.4214317124377,1875.9149169921875,1875.9149169921875,49000,0.0,0.0
2021-07-21 00:00:00+09:00,1915.9365253845674,1939.7792910337976,1909.1243066276445,1921.897216796875,64600,0.0,0.0
2021-07-26 00:00:00+09:00,1954.2552617770523,1965.3251172903863,1938.9277695278206,1939.779296875,50600,0.0,0.0
2021-07-27 00:00:00+09:00,1962.7706045879963,1962.7706045879963,1927.8579821202707,1935.521728515625,19400,0.0,0.0
2021-07-28 00:00:00+09:00,1932.1155449322594,1938.0762363445667,1914.2334706953366,1921.897216796875,17800,0.0,0.0
2021-07-29 00:00:00+09:00,1921.8972573977073,1940.630859375,1918.4911479472905,1940.630859375,12800,0.0,0.0
2021-07-30 00:00:00+09:00,1940.6308016346618,1940.6308016346618,1920.1941455402205,1924.4517822265625,20700,0.0,0.0
2021-08-02 00:00:00+09:00,1924.4516925530545,1963.6219482421875,1924.4516925530545,1963.6219482421875,24700,0.0,0.0
2021-08-03 00:00:00+09:00,1963.6221422364335,1976.3950529621693,1961.0675600912864,1971.285888671875,19300,0.0,0.0
2021-08-04 00:00:00+09:00,1971.2856679713188,1971.2856679713188,1938.9276310888522,1942.333740234375,27400,0.0,0.0
2021-08-05 00:00:00+09:00,1942.3338229254296,1974.6918611854762,1927.006331118039,1929.5609130859375,31700,0.0,0.0
2021-08-06 00:00:00+09:00,1937.2245553306545,1948.2944099325439,1921.897064343423,1932.9669189453125,18600,0.0,0.0
2021-08-10 00:00:00+09:00,1949.997643647123,1954.255280423645,1934.6701512516433,1943.1854248046875,17500,0.0,0.0
2021-08-11 00:00:00+09:00,1944.036820397621,1973.8402758132656,1942.3337658024413,1963.6219482421875,25500,0.0,0.0
2021-08-12 00:00:00+09:00,1958.5129945748404,1997.6832544663373,1950.84924807433,1968.7313232421875,45100,0.0,0.0
2021-08-13 00:00:00+09:00,1968.731219724876,2001.9407861475706,1968.731219724876,1972.1373291015625,29300,0.0,0.0
2021-08-16 00:00:00+09:00,1967.0283128004808,1967.8798402086195,1930.412634250515,1937.224853515625,44000,0.0,0.0
2021-08-17 00:00:00+09:00,1958.5130965901374,1973.8405903895384,1945.7401850906365,1959.3646240234375,33000,0.0,0.0
2021-08-18 00:00:00+09:00,1958.512621995717,1969.5824759461275,1940.630550229669,1950.848876953125,23900,0.0,0.0
2021-08-19 00:00:00+09:00,1943.1851673542153,1949.9973852941075,1912.530186624701,1913.3817138671875,34600,0.0,0.0
2021-08-20 00:00:00+09:00,1925.3030625507135,1939.7790254270349,1909.9755724463735,1918.4908447265625,36200,0.0,0.0
2021-08-23 00:00:00+09:00,1943.18561699595,1950.8493639516748,1935.5218700402256,1944.888671875,26600,0.0,0.0
2021-08-24 00:00:00+09:00,1944.8884704827333,1974.6919277799732,1944.8884704827333,1969.582763671875,33800,0.0,0.0
2021-08-25 00:00:00+09:00,1963.6222031679258,1979.8012239225618,1934.6702712912088,1937.224853515625,24300,0.0,0.0
2021-08-26 00:00:00+09:00,1953.4038468695862,1967.0282852086941,1937.2248263418958,1966.1767578125,21100,0.0,0.0
2021-08-27 00:00:00+09:00,1944.0367948071364,1945.7398493798978,1922.748612647619,1942.333740234375,30000,0.0,0.0
2021-08-30 00:00:00+09:00,1942.3338006081187,1967.8796199935828,1942.3338006081187,1964.4735107421875,16200,0.0,0.0
2021-08-31 00:00:00+09:00,1964.473608687298,1971.2858275297333,1940.6308427387742,1943.1854248046875,18700,0.0,0.0
2021-09-01 00:00:00+09:00,1943.1852698692908,1967.0280339167666,1938.9276334322415,1948.29443359375,21100,0.0,0.0
2021-09-02 00:00:00+09:00,1948.294167044082,1952.5518028986364,1925.3029334294886,1938.9273681640625,20600,0.0,0.0
2021-09-03 00:00:00+09:00,1938.9276913567235,1968.7311473064315,1938.9276913567235,1964.4735107421875,36800,0.0,0.0
2021-09-06 00:00:00+09:00,1958.5131520238415,1977.2467560866783,1949.997877449825,1975.543701171875,23600,0.0,0.0
2021-09-07 00:00:00+09:00,1975.5434325639978,1980.6525966137322,1947.4430302904582,1954.2552490234375,32100,0.0,0.0
2021-09-08 00:00:00+09:00,1954.255053903174,1958.5126901861875,1938.9275632843257,1946.59130859375,29900,0.0,0.0
2021-09-09 00:00:00+09:00,1946.5913673781522,1962.7703857421875,1940.6306764019287,1962.7703857421875,27300,0.0,0.0
2021-09-10 00:00:00+09:00,1962.7705118130793,1974.69189453125,1959.3644024650307,1974.69189453125,26600,0.0,0.0
2021-09-13 00:00:00+09:00,1960.2160660391403,1970.434394793471,1949.9977372848093,1966.1767578125,19500,0.0,0.0
2021-09-14 00:00:00+09:00,1966.1762620144782,2018.970947265625,1966.1762620144782,2018.970947265625,70000,0.0,0.0
2021-09-15 00:00:00+09:00,2001.9410558388508,2018.9716050165528,1979.8013419078386,1993.42578125,38800,0.0,0.0
2021-09-16 00:00:00+09:00,1993.4253774709166,1993.4253774709166,1954.2551222963493,1986.6131591796875,24700,0.0,0.0
2021-09-17 00:00:00+09:00,2133.0759309833948,2251.4382281517346,2116.045384628238,2239.516845703125,269800,0.0,0.0
2021-09-21 00:00:00+09:00,2212.267958674954,2219.9317044902255,2179.9099207882537,2203.752685546875,104900,0.0,0.0
2021-09-22 00:00:00+09:00,2202.0497305903455,2210.5650041038425,2180.7615468066024,2188.42529296875,76200,0.0,0.0
2021-09-24 00:00:00+09:00,2213.971226511438,2217.377336090686,2173.0979115604573,2214.82275390625,66400,0.0,0.0
2021-09-27 00:00:00+09:00,2213.9715747737773,2248.8842034529025,2206.3078270149454,2211.4169921875,40000,0.0,0.0
2021-09-28 00:00:00+09:00,2211.4164313621463,2211.4164313621463,2174.800756911406,2203.752685546875,39300,0.0,0.0
2021-09-29 00:00:00+09:00,2183.3161250489047,2183.3161250489047,2135.630593456573,2176.50390625,48100,0.0,0.0
2021-09-30 00:00:00+09:00,2159.473322366807,2192.6828884442148,2156.067213025535,2169.691650390625,17200,0.0,0.0
2021-10-01 00:00:00+09:00,2151.8097315896807,2151.8097315896807,2093.9058686106155,2102.421142578125,37200,0.0,0.0
2021-10-04 00:00:00+09:00,2103.2723250850554,2111.78759765625,2077.7265073714716,2111.78759765625,26700,0.0,0.0
2021-10-05 00:00:00+09:00,2081.984434893126,2082.8359622693606,2041.1111208338746,2047.92333984375,47800,0.0,0.0
2021-10-06 00:00:00+09:00,2063.2507675724846,2116.0454632346778,2050.4778573316316,2064.102294921875,45900,0.0,0.0
2021-10-07 00:00:00+09:00,2071.7662836731715,2102.421271840962,2052.18115234375,2052.18115234375,40400,0.0,0.0
2021-10-08 00:00:00+09:00,2086.24226807126,2166.285848968688,2085.390740614904,2141.591552734375,72900,0.0,0.0
2021-10-11 00:00:00+09:00,2141.5916586092203,2171.395121055074,2133.9279111231435,2150.10693359375,32400,0.0,0.0
2021-10-12 00:00:00+09:00,2141.5912935025035,2144.1458755623476,2086.2420155392183,2093.90576171875,22000,0.0,0.0
2021-10-13 00:00:00+09:00,2101.569681122449,2105.8273182397957,2078.5784406887756,2086.2421875,17600,0.0,0.0
2021-10-14 00:00:00+09:00,2097.311634285219,2120.3028702274446,2089.6478889711443,2111.78759765625,21200,0.0,0.0
2021-10-15 00:00:00+09:00,2127.966798920871,2153.5126188358877,2122.8576349378677,2133.927490234375,19800,0.0,0.0
2021-10-18 00:00:00+09:00,2133.9270661697446,2147.551500750238,2102.4205612023543,2123.708740234375,21000,0.0,0.0
2021-10-19 00:00:00+09:00,2123.70905480018,2133.9273822490986,2117.748363788311,2125.412109375,7600,0.0,0.0
2021-10-20 00:00:00+09:00,2135.630620736951,2167.988660445087,2128.8184018510283,2153.5126953125,25400,0.0,0.0
2021-10-21 00:00:00+09:00,2169.691348228623,2169.691348228623,2115.1936063578883,2121.154296875,20300,0.0,0.0
2021-10-22 00:00:00+09:00,2103.2724325034515,2139.8881064296247,2097.3117413991904,2120.302978515625,21900,0.0,0.0
2021-10-25 00:00:00+09:00,2143.2943931808927,2143.2943931808927,2110.0848257060998,2124.560791015625,20000,0.0,0.0
2021-10-26 00:00:00+09:00,2133.0759629038744,2149.2549821833845,2124.560689598869,2133.927490234375,14600,0.0,0.0
2021-10-27 00:00:00+09:00,2144.1458140659483,2144.1458140659483,2120.303048857908,2122.006103515625,16600,0.0,0.0
2021-10-28 00:00:00+09:00,2122.0064906293455,2170.543557228813,2122.0064906293455,2143.294677734375,102700,0.0,0.0
2021-10-29 00:00:00+09:00,2131.373223258108,2151.8098822106426,2130.5216958017522,2141.591552734375,14700,0.0,0.0
2021-11-01 00:00:00+09:00,2179.909914296845,2185.87060546875,2167.988531953034,2185.87060546875,15200,0.0,0.0
2021-11-02 00:00:00+09:00,2165.4338778808215,2189.276641774122,2160.3247141894,2178.206787109375,12800,0.0,0.0
2021-11-04 00:00:00+09:00,2184.1673125688626,2197.791748046875,2173.0974587429773,2197.791748046875,15800,0.0,0.0
2021-11-05 00:00:00+09:00,2184.1676110175054,2185.0191383512356,2141.5912443310044,2157.770263671875,16000,0.0,0.0
2021-11-08 00:00:00+09:00,2164.5827998621326,2177.355711741728,2149.2553056066176,2171.39501953125,14300,0.0,0.0
2021-11-09 00:00:00+09:00,2179.9102564102564,2179.9102564102564,2155.215960536859,2158.6220703125,6500,0.0,0.0
2021-11-10 00:00:00+09:00,2173.9494261496193,2179.0585904883965,2150.1066592353263,2167.13720703125,14700,0.0,0.0
2021-11-11 00:00:00+09:00,2144.146135103442,2165.434321512332,2095.609070091172,2141.591552734375,29100,0.0,0.0
2021-11-12 00:00:00+09:00,2142.4430859375,2175.6526568244485,2138.1854486443017,2171.39501953125,25600,0.0,0.0
2021-11-15 00:00:00+09:00,2171.3943636055023,2205.455451662059,2169.6913092026743,2185.018798828125,17600,0.0,0.0
2021-11-16 00:00:00+09:00,2189.2769304803455,2219.9319166714354,2185.8708209035576,2208.862060546875,21500,0.0,0.0
2021-11-17 00:00:00+09:00,2212.268345585141,2221.6351476642158,2184.167939347916,2213.119873046875,30300,0.0,0.0
2021-11-18 00:00:00+09:00,2213.9710918103037,2236.9623300714106,2193.5344355782086,2229.298583984375,29400,0.0,0.0
2021-11-19 00:00:00+09:00,2213.971264573777,2231.001812762806,2201.1983534320048,2227.595703125,18100,0.0,0.0
2021-11-22 00:00:00+09:00,2227.595948103317,2234.4081681280977,2205.456233022779,2233.556640625,24500,0.0,0.0
2021-11-24 00:00:00+09:00,2237.8138870344974,2237.8138870344974,2207.1589022806,2212.26806640625,18800,0.0,0.0
2021-11-25 00:00:00+09:00,2204.6043935599178,2231.00174242062,2200.346756646901,2225.892578125,11500,0.0,0.0
2021-11-26 00:00:00+09:00,2225.892395679881,2225.892395679881,2184.167557352293,2203.752685546875,31000,0.0,0.0
2021-11-29 00:00:00+09:00,2173.097537384397,2193.53419134099,2140.739501953125,2140.739501953125,26300,0.0,0.0
2021-11-30 00:00:00+09:00,2174.8007349040035,2217.3771001135574,2141.591170040552,2144.145751953125,24100,0.0,0.0
2021-12-01 00:00:00+09:00,2139.888503561581,2184.1679314108455,2135.6308662683823,2171.39501953125,26600,0.0,0.0
2021-12-02 00:00:00+09:00,2154.364320192043,2174.8009777748925,2122.8578064184835,2126.263916015625,27700,0.0,0.0
2021-12-03 00:00:00+09:00,2167.9882489147603,2173.097412109375,2133.0756337515613,2173.097412109375,24000,0.0,0.0
2021-12-06 00:00:00+09:00,2190.979970629815,2192.68302540683,2147.552073815932,2155.2158203125,15600,0.0,0.0
2021-12-07 00:00:00+09:00,2155.2161087147256,2228.4474739258935,2155.2161087147256,2221.63525390625,29000,0.0,0.0
2021-12-08 00:00:00+09:00,2234.407732834016,2299.12381046183,2224.189404787519,2288.053955078125,30700,0.0,0.0
2021-12-09 00:00:00+09:00,2265.9141636571344,2275.280964033019,2238.6652898363795,2256.54736328125,21000,0.0,0.0
2021-12-10 00:00:00+09:00,2282.0930730646305,2284.6476548628375,2240.368237027255,2248.031982421875,16700,0.0,0.0
2021-12-13 00:00:00+09:00,2231.001707209147,2236.1108714241295,2202.0497766575777,2225.041015625,23800,0.0,0.0
2021-12-14 00:00:00+09:00,2223.338134765625,2236.962573737762,2210.5652232292464,2223.338134765625,17000,0.0,0.0
2021-12-15 00:00:00+09:00,2219.080426039465,2246.3293031051835,2208.8620971398204,2215.67431640625,14500,0.0,0.0
2021-12-16 00:00:00+09:00,2245.477740119485,2245.477740119485,2189.2769320618872,2214.82275390625,24300,0.0,0.0
2021-12-17 00:00:00+09:00,2189.2768819325543,2191.8314640584967,2156.0673142953046,2160.324951171875,21900,0.0,0.0
2021-12-20 00:00:00+09:00,2148.403319202311,2148.403319202311,2047.9231005475854,2059.844482421875,41500,0.0,0.0
2021-12-21 00:00:00+09:00,2091.3510013856253,2104.9754378767366,2052.1807464736794,2083.687255859375,34600,0.0,0.0
2021-12-22 00:00:00+09:00,2086.242013654351,2090.4996504169108,2051.32939220136,2087.945068359375,34600,0.0,0.0
2021-12-23 00:00:00+09:00,2092.2025451660156,2141.591127835787,2090.499490591196,2125.412109375,18000,0.0,0.0
2021-12-24 00:00:00+09:00,2109.2335023922424,2129.6701612769475,2100.718227856949,2105.827392578125,9500,0.0,0.0
2021-12-27 00:00:00+09:00,2096.4605193695465,2121.1548146829978,2094.757464520343,2098.16357421875,13500,0.0,0.0
2021-12-28 00:00:00+09:00,2098.163575601983,2127.11550805753,2093.905938476167,2104.124267578125,13700,0.0,0.0
2021-12-29 00:00:00+09:00,2107.53017578125,2130.5214140625003,2103.2725390625,2128.818359375,15200,0.0,0.0
2021-12-30 00:00:00+09:00,2128.8183262513717,2150.958036844386,2120.3030529463663,2133.927490234375,5700,0.0,0.0
2022-01-04 00:00:00+09:00,2133.9275234375,2144.1458515625,2117.7485039062503,2128.818359375,15500,0.0,0.0
2022-01-05 00:00:00+09:00,2126.264094355368,2154.364500888699,2111.788127353349,2148.40380859375,14300,0.0,0.0
2022-01-06 00:00:00+09:00,2139.037103013029,2139.8886305221904,2091.3515625,2091.3515625,12900,0.0,0.0
2022-01-07 00:00:00+09:00,2100.718044169685,2113.4909548557594,2051.329456183531,2071.76611328125,30600,0.0,0.0
2022-01-11 00:00:00+09:00,2076.8755555712487,2087.9454129810174,2044.5175108350013,2060.696533203125,23800,0.0,0.0
2022-01-12 00:00:00+09:00,2060.6962938632987,2081.1329513231003,2053.032547315873,2078.578369140625,22200,0.0,0.0
2022-01-13 00:00:00+09:00,2078.5781623837215,2091.3510720255717,2064.1021981229583,2085.390380859375,18500,0.0,0.0
2022-01-14 00:00:00+09:00,2089.6485374678805,2103.2729778099692,2041.111468749189,2050.478271484375,27400,0.0,0.0
2022-01-17 00:00:00+09:00,2050.478096227372,2055.5872609189687,2036.8536570497815,2046.220458984375,22600,0.0,0.0
2022-01-18 00:00:00+09:00,2046.2206338774722,2070.0634044761277,2046.2206338774722,2050.478271484375,12600,0.0,0.0
2022-01-19 00:00:00+09:00,2037.7048814875468,2049.6262639952047,2022.3773896919865,2024.0804443359375,32300,0.0,0.0
2022-01-20 00:00:00+09:00,2026.634669417042,2057.289647609905,2009.6041259765627,2009.6041259765625,22300,0.0,0.0
2022-01-21 00:00:00+09:00,1999.38606620256,2026.634939336496,1978.0978840666723,2024.931884765625,16300,0.0,0.0
2022-01-24 00:00:00+09:00,2018.9710178431508,2023.2286538993362,1993.425201506038,2020.674072265625,10200,0.0,0.0
2022-01-25 00:00:00+09:00,2013.0108249576351,2020.6745717531592,1978.0982006669146,1994.2772216796875,14500,0.0,0.0
2022-01-26 00:00:00+09:00,1994.2768951879407,1994.2768951879407,1962.7703857421875,1962.7703857421875,12000,0.0,0.0
2022-01-27 00:00:00+09:00,1962.7708307449502,1969.5830505479696,1905.7184898946632,1914.2337646484375,26000,0.0,0.0
2022-01-28 00:00:00+09:00,1909.9760137699577,1956.8100221325737,1908.272958920408,1949.997802734375,23000,0.0,0.0
2022-01-31 00:00:00+09:00,1944.0371341360324,1984.0589235816713,1938.9279695259509,1977.2467041015625,12200,0.0,0.0
2022-02-01 00:00:00+09:00,1977.246171768852,1991.722134266729,1957.6610460364302,1958.5125732421875,11200,0.0,0.0
2022-02-02 00:00:00+09:00,1955.9582847303025,2009.6045067320479,1953.4037027302195,2001.0892333984375,17300,0.0,0.0
2022-02-03 00:00:00+09:00,2001.0891585035413,2001.0891585035413,1974.6918121573244,1987.4647216796875,12500,0.0,0.0
2022-02-04 00:00:00+09:00,1994.2773787612034,2001.9411261603711,1967.0284991197182,1995.12890625,11500,0.0,0.0
2022-02-07 00:00:00+09:00,1975.543542353752,2001.9408914110652,1967.0282684642962,1968.7313232421875,20200,0.0,0.0
2022-02-08 00:00:00+09:00,1968.7312584627036,1990.8709698467999,1968.7312584627036,1984.9102783203125,10400,0.0,0.0
2022-02-09 00:00:00+09:00,1981.5040823355323,2038.5564130258977,1978.949500364322,2036.0018310546875,25100,0.0,0.0
2022-02-10 00:00:00+09:00,2036.0018540662402,2041.1110180664064,1993.4254873981881,2001.0892333984375,24000,0.0,0.0
2022-02-14 00:00:00+09:00,2052.1811770905424,2058.9933967655315,1959.3646840188123,1999.386474609375,28600,0.0,0.0
2022-02-15 00:00:00+09:00,1999.3861787317155,2035.150326732879,1995.9800693982713,2001.0892333984375,24900,0.0,0.0
2022-02-16 00:00:00+09:00,2005.3471031653585,2034.2990358649859,2005.3471031653585,2027.48681640625,11300,0.0,0.0
2022-02-17 00:00:00+09:00,2017.268306814789,2022.3774709519307,2001.0892870471737,2005.346923828125,18400,0.0,0.0
2022-02-18 00:00:00+09:00,1993.4255698004251,2050.477903493987,1993.4255698004251,2044.5172119140625,20400,0.0,0.0
2022-02-21 00:00:00+09:00,2027.4870061268755,2027.4870061268755,2007.0503458383223,2011.3079833984375,7300,0.0,0.0
2022-02-22 00:00:00+09:00,1998.5346513983545,2026.6350533992686,1950.8491207301363,2001.0892333984375,42000,0.0,0.0
2022-02-24 00:00:00+09:00,2002.792553051098,2021.5261568636506,1989.1681139146958,2016.4169921875,32700,0.0,0.0
2022-02-25 00:00:00+09:00,2022.3772437858502,2032.595570912347,1999.386007751232,2008.7528076171875,21300,0.0,0.0
2022-02-28 00:00:00+09:00,2008.7529361500458,2037.7048648609834,2007.9014088350184,2026.635009765625,24900,0.0,0.0
2022-03-01 00:00:00+09:00,2030.0414997612477,2035.1506646096402,1997.6834557214293,2006.19873046875,23300,0.0,0.0
2022-03-02 00:00:00+09:00,1976.3950762365616,2022.3775553907083,1960.216055793436,1992.5740966796875,26100,0.0,0.0
2022-03-03 00:00:00+09:00,1998.534671898163,2020.6743827926462,1995.9800898718763,2010.4560546875,20500,0.0,0.0
2022-03-04 00:00:00+09:00,1992.5738854886326,2036.001777864667,1984.9101397752147,1987.4647216796875,33800,0.0,0.0
2022-03-07 00:00:00+09:00,1987.4647837726454,2004.4953303345362,1936.3731440869733,1965.3250732421875,42500,0.0,0.0
2022-03-08 00:00:00+09:00,1944.8881530219664,1954.2549523578866,1898.0541563423658,1917.6392822265625,38800,0.0,0.0
2022-03-09 00:00:00+09:00,1917.639322988462,1957.6611028199266,1917.639322988462,1930.4122314453125,23800,0.0,0.0
2022-03-10 00:00:00+09:00,1972.9889222994132,2024.0805646550302,1972.9889222994132,2018.119873046875,23400,0.0,0.0
2022-03-11 00:00:00+09:00,2005.3471353891732,2037.705178338128,1999.3864432669973,2016.4169921875,31200,0.0,0.0
2022-03-14 00:00:00+09:00,2023.228998308121,2040.2595454319269,2004.4953964719348,2005.346923828125,27400,0.0,0.0
2022-03-15 00:00:00+09:00,1998.5345669164813,2023.2288585400765,1992.5738758349237,2007.9013671875,17000,0.0,0.0
2022-03-16 00:00:00+09:00,2028.3382015179984,2029.189728890592,1984.0587781431302,2018.119873046875,27000,0.0,0.0
2022-03-17 00:00:00+09:00,2039.4082393955798,2048.7750413301733,2019.8231080777934,2046.220458984375,32500,0.0,0.0
2022-03-18 00:00:00+09:00,2037.7053586636669,2050.478271484375,2010.456477979489,2050.478271484375,28700,0.0,0.0
2022-03-22 00:00:00+09:00,2052.180689060533,2073.468870482323,2006.1982171894672,2029.189453125,36500,0.0,0.0
2022-03-23 00:00:00+09:00,2029.1898854863264,2101.569717742448,2029.1898854863264,2093.054443359375,34600,0.0,0.0
2022-03-24 00:00:00+09:00,2050.4780974455393,2075.172393469593,2022.3776916250647,2052.18115234375,26900,0.0,0.0
2022-03-25 00:00:00+09:00,2052.1812709292676,2052.1812709292676,2001.9411485289247,2028.3385009765625,36900,0.0,0.0
2022-03-28 00:00:00+09:00,2018.9713615271696,2018.9713615271696,1995.1285955538415,2005.346923828125,12200,0.0,0.0
2022-03-29 00:00:00+09:00,2013.0106246967982,2013.0106246967982,1966.1766211611282,1974.69189453125,26400,0.0,0.0
2022-03-30 00:00:00+09:00,2018.3992566405393,2018.3992566405393,1967.6988855339341,1992.1749267578125,28100,60.0,0.0
2022-03-31 00:00:00+09:00,1979.0629785372782,1998.2941558905557,1966.8249565851927,1971.1956787109375,30100,0.0,0.0
2022-04-01 00:00:00+09:00,1967.698924525187,2028.0148844506593,1952.8384706305055,2021.8958740234375,35300,0.0,0.0
2022-04-04 00:00:00+09:00,2032.3854816493704,2137.282796831273,2032.3854816493704,2108.43603515625,50000,0.0,0.0
2022-04-05 00:00:00+09:00,2110.1843762723943,2167.003756743689,2110.1843762723943,2146.8984375,49300,0.0,0.0
2022-04-06 00:00:00+09:00,2129.415751492711,2141.653773053014,2091.8275424146377,2113.68115234375,30300,0.0,0.0
2022-04-07 00:00:00+09:00,2070.8479786811085,2071.7221230368204,2028.8890496069453,2037.6304931640625,18700,0.0,0.0
2022-04-08 00:00:00+09:00,2028.8891842264525,2062.9808163612356,2021.0218845030408,2048.120361328125,21000,0.0,0.0
2022-04-11 00:00:00+09:00,2026.266599243375,2036.7563314223742,2006.1612792336261,2024.518310546875,20700,0.0,0.0
2022-04-12 00:00:00+09:00,2006.16128152974,2030.637323308752,1999.1681267357367,2026.2666015625,35000,0.0,0.0
2022-04-13 00:00:00+09:00,2028.8888090144294,2053.3648480719066,2007.0352027131107,2039.3785400390625,27500,0.0,0.0
2022-04-14 00:00:00+09:00,2038.5045581168147,2076.966908269962,2038.5045581168147,2069.099609375,18100,0.0,0.0
2022-04-15 00:00:00+09:00,2069.0995251780455,2097.9462866190574,2062.9805151754063,2096.197998046875,30700,0.0,0.0
2022-04-18 00:00:00+09:00,2076.0929033998477,2082.2119140625,2041.1271281846925,2082.2119140625,25800,0.0,0.0
2022-04-19 00:00:00+09:00,2092.7011612334973,2106.6874680754922,2068.2251242600064,2085.7080078125,19700,0.0,0.0
2022-04-20 00:00:00+09:00,2101.4431174667498,2110.184561383001,2090.0792403756236,2103.19140625,17800,0.0,0.0
2022-04-21 00:00:00+09:00,2098.820495505901,2146.898432720738,2094.4497739409153,2143.40185546875,44100,0.0,0.0
2022-04-22 00:00:00+09:00,2112.80658403952,2112.80658403952,2062.9803633981246,2074.34423828125,34800,0.0,0.0
2022-04-25 00:00:00+09:00,2074.3444776812803,2081.337632262591,2048.994292324029,2070.847900390625,19000,0.0,0.0
2022-04-26 00:00:00+09:00,2061.232177734375,2081.337495837806,2058.609744938275,2061.232177734375,23900,0.0,0.0
2022-04-27 00:00:00+09:00,2045.4974789625473,2082.2115362772597,2045.4974789625473,2074.34423828125,28200,0.0,0.0
2022-04-28 00:00:00+09:00,2074.34480205138,2137.283203125,2074.34480205138,2137.283203125,17200,0.0,0.0
2022-05-02 00:00:00+09:00,2132.0377468202173,2157.3879291317326,2126.7928815143864,2150.394775390625,14300,0.0,0.0
2022-05-06 00:00:00+09:00,2120.674256576544,2179.2419297796064,2120.674256576544,2168.752197265625,27800,0.0,0.0
2022-05-09 00:00:00+09:00,2168.7522831337124,2185.361026938445,2136.4089399350237,2139.905517578125,24100,0.0,0.0
2022-05-10 00:00:00+09:00,2112.806887086929,2135.534640113102,2090.0791340607557,2114.55517578125,23000,0.0,0.0
2022-05-11 00:00:00+09:00,2082.2114986829624,2135.534295248731,2076.9666334469853,2131.16357421875,21500,0.0,0.0
2022-05-12 00:00:00+09:00,2118.051587815253,2118.051587815253,2083.9599609375,2083.9599609375,32600,0.0,0.0
2022-05-13 00:00:00+09:00,2083.960030520577,2169.6261727147958,2068.2254329747007,2134.660400390625,43300,0.0,0.0
2022-05-16 00:00:00+09:00,2158.2623561412142,2187.1091191030046,2119.8000055254943,2178.36767578125,47100,0.0,0.0
2022-05-17 00:00:00+09:00,2185.3610861310954,2201.9698303856912,2147.77287544964,2187.109375,19000,0.0,0.0
2022-05-18 00:00:00+09:00,2171.37421944178,2223.8228720853012,2169.625931020329,2221.200439453125,30600,0.0,0.0
2022-05-19 00:00:00+09:00,2179.241777152891,2187.1090759873778,2120.67410805171,2146.8984375,30000,0.0,0.0
2022-05-20 00:00:00+09:00,2148.6468073829055,2209.8369117428742,2142.5277969469084,2208.088623046875,30700,0.0,0.0
2022-05-23 00:00:00+09:00,2228.193644379147,2260.536980919762,2226.4453559174917,2256.166259765625,41400,0.0,0.0
2022-05-24 00:00:00+09:00,2256.166470436129,2261.4113363108354,2222.0748422505385,2231.6904296875,26100,0.0,0.0
2022-05-25 00:00:00+09:00,2231.6906314068715,2231.6906314068715,2198.47314453125,2198.47314453125,20500,0.0,0.0
2022-05-26 00:00:00+09:00,2198.473009590905,2216.8300406849044,2184.4867001859525,2188.857421875,34600,0.0,0.0
2022-05-27 00:00:00+09:00,2199.3470422552728,2200.221186548697,2158.2622604643357,2196.724609375,21000,0.0,0.0
2022-05-30 00:00:00+09:00,2204.5920731847427,2242.1802806181067,2204.5920731847427,2229.068115234375,38400,0.0,0.0
2022-05-31 00:00:00+09:00,2245.67648520318,2246.5506294169613,2209.836572438163,2226.4453125,17900,0.0,0.0
2022-06-01 00:00:00+09:00,2233.439037629861,2307.741314811285,2233.439037629861,2292.880859375,48800,0.0,0.0
2022-06-02 00:00:00+09:00,2288.5098653854247,2288.5098653854247,2240.4319270369915,2271.901123046875,15400,0.0,0.0
2022-06-03 00:00:00+09:00,2295.503034225692,2304.2444776157363,2258.7889719875047,2282.390869140625,17900,0.0,0.0
2022-06-06 00:00:00+09:00,2258.788837890625,2285.8873107910154,2255.2922607421874,2272.775146484375,13900,0.0,0.0
2022-06-07 00:00:00+09:00,2276.2718610971583,2293.7547478951396,2276.2718610971583,2284.13916015625,12600,0.0,0.0
2022-06-08 00:00:00+09:00,2275.3977167572593,2305.1186243138277,2275.3977167572593,2284.13916015625,18600,0.0,0.0
2022-06-09 00:00:00+09:00,2284.138941050934,2310.363268732345,2267.53020018604,2301.621826171875,22700,0.0,0.0
2022-06-10 00:00:00+09:00,2267.530517578125,2292.88070455182,2255.292496280479,2267.530517578125,17500,0.0,0.0
2022-06-13 00:00:00+09:00,2222.9487408047703,2244.8023462000197,2216.8297312941004,2229.94189453125,21800,0.0,0.0
2022-06-14 00:00:00+09:00,2187.9828942787785,2205.4657779725762,2163.5068571074617,2177.4931640625,44200,0.0,0.0
2022-06-15 00:00:00+09:00,2176.6189019662816,2211.584667459716,2176.6189019662816,2180.115478515625,42200,0.0,0.0
2022-06-16 00:00:00+09:00,2219.452843989556,2224.6977108914616,2187.109498094474,2187.983642578125,21500,0.0,0.0
2022-06-17 00:00:00+09:00,2181.8640661938534,2238.6834429176515,2147.772440159574,2218.578125,42000,0.0,0.0
2022-06-20 00:00:00+09:00,2218.578138745984,2218.578138745984,2142.527587890625,2142.527587890625,35200,0.0,0.0
2022-06-21 00:00:00+09:00,2142.5276417091995,2190.605577365669,2137.282776001221,2180.989990234375,32400,0.0,0.0
2022-06-22 00:00:00+09:00,2214.2074174324575,2214.2074174324575,2142.527587890625,2142.527587890625,42800,0.0,0.0
2022-06-23 00:00:00+09:00,2143.401709566379,2174.8709026921497,2107.56179517314,2126.79296875,55800,0.0,0.0
2022-06-24 00:00:00+09:00,2127.667451471981,2131.16402904219,2059.484188852912,2104.939697265625,35400,0.0,0.0
2022-06-27 00:00:00+09:00,2104.9394409077877,2113.6808837687004,2081.337545183323,2096.197998046875,22000,0.0,0.0
2022-06-28 00:00:00+09:00,2083.085575279626,2106.6874680754922,2076.0924218586283,2085.7080078125,21800,0.0,0.0
2022-06-29 00:00:00+09:00,2097.072256231049,2134.660462574498,2080.4635138932454,2090.0791015625,40800,0.0,0.0
2022-06-30 00:00:00+09:00,2075.218698110945,2097.072306979004,2032.3856247295478,2035.8822021484375,41300,0.0,0.0
2022-07-01 00:00:00+09:00,2053.3651361006723,2123.2966860743013,2050.7427029766613,2071.72216796875,38500,0.0,0.0
2022-07-04 00:00:00+09:00,2082.2117908130117,2082.2117908130117,2051.6167393107216,2081.337646484375,21500,0.0,0.0
2022-07-05 00:00:00+09:00,2094.449876336813,2155.6399812381387,2094.449876336813,2130.289794921875,43400,0.0,0.0
2022-07-06 00:00:00+09:00,2109.310436991575,2130.289902589502,2094.4499821930435,2118.926025390625,39500,0.0,0.0
2022-07-07 00:00:00+09:00,2118.926152737752,2141.653908501441,2095.3242525216137,2123.296875,26200,0.0,0.0
2022-07-08 00:00:00+09:00,2167.003589196845,2254.4180139324985,2142.5275502708623,2201.09521484375,89700,0.0,0.0
2022-07-11 00:00:00+09:00,2210.7109107195165,2218.578209334177,2185.3607262945006,2191.479736328125,31300,0.0,0.0
2022-07-12 00:00:00+09:00,2182.738029170639,2184.4863175400187,2157.3878478146326,2177.4931640625,26300,0.0,0.0
2022-07-13 00:00:00+09:00,2176.6195191845136,2194.9765512740214,2172.2487972584404,2186.235107421875,10200,0.0,0.0
2022-07-14 00:00:00+09:00,2166.1299085731416,2198.4732526478815,2151.26945318745,2187.109375,17800,0.0,0.0
2022-07-15 00:00:00+09:00,2198.4728359604965,2198.4728359604965,2148.646612640517,2153.017333984375,21400,0.0,0.0
2022-07-19 00:00:00+09:00,2153.017215775167,2173.1225328530513,2143.401629346614,2155.6396484375,21500,0.0,0.0
2022-07-20 00:00:00+09:00,2178.3678235275843,2201.095577705641,2170.500524004411,2198.47314453125,24200,0.0,0.0
2022-07-21 00:00:00+09:00,2198.473037526577,2209.8369140625,2184.486727943903,2209.8369140625,21500,0.0,0.0
2022-07-22 00:00:00+09:00,2209.836572438163,2236.06089885159,2209.836572438163,2226.4453125,28800,0.0,0.0
2022-07-25 00:00:00+09:00,2226.445642613834,2227.319786957224,2195.850590595191,2199.34716796875,14800,0.0,0.0
2022-07-26 00:00:00+09:00,2194.9764670211684,2224.6973749776475,2184.4867348012344,2215.081787109375,27500,0.0,0.0
2022-07-27 00:00:00+09:00,2215.08165416151,2216.8299427599013,2192.353902382426,2207.21435546875,18300,0.0,0.0
2022-07-28 00:00:00+09:00,2214.207495243484,2214.207495243484,2163.5071262248807,2196.724609375,26900,0.0,0.0
2022-07-29 00:00:00+09:00,2196.7245725031776,2201.969438175688,2158.2622242381003,2170.500244140625,23200,0.0,0.0
2022-08-01 00:00:00+09:00,2170.5006307454037,2188.857663868905,2161.759186400879,2187.109375,21800,0.0,0.0
2022-08-02 00:00:00+09:00,2176.6189878268137,2176.6189878268137,2145.149797641366,2156.513671875,24000,0.0,0.0
2022-08-03 00:00:00+09:00,2156.5142255366245,2156.5142255366245,2108.436283743145,2111.932861328125,29500,0.0,0.0
2022-08-04 00:00:00+09:00,2134.660484000428,2134.660484000428,2091.8274112256445,2105.813720703125,36900,0.0,0.0
2022-08-05 00:00:00+09:00,2105.8137665604904,2159.1365726045706,2105.8137665604904,2140.779541015625,35300,0.0,0.0
2022-08-08 00:00:00+09:00,2140.7793043334714,2165.2553437460224,2127.667140362462,2146.024169921875,20900,0.0,0.0
2022-08-09 00:00:00+09:00,2135.5342926376165,2151.26888832631,2102.3168128503758,2129.415283203125,34800,0.0,0.0
2022-08-10 00:00:00+09:00,2155.6397593292127,2173.122644644129,2097.072093524242,2147.7724609375,30800,0.0,0.0
2022-08-12 00:00:00+09:00,2157.3880453634165,2187.9830946291054,2132.9120059508655,2146.024169921875,34000,0.0,0.0
2022-08-15 00:00:00+09:00,2140.779626404213,2140.779626404213,2106.6879949506547,2111.932861328125,27000,0.0,0.0
2022-08-16 00:00:00+09:00,2117.1771900850185,2117.1771900850185,2080.463134765625,2080.463134765625,33700,0.0,0.0
2022-08-17 00:00:00+09:00,2080.4636674360795,2123.2967429421165,2080.4636674360795,2115.429443359375,38300,0.0,0.0
2022-08-18 00:00:00+09:00,2090.9533891986516,2111.0587102486384,2076.0929345095306,2106.68798828125,25200,0.0,0.0
2022-08-19 00:00:00+09:00,2111.932622223324,2206.3402063293333,2111.058477926046,2203.7177734375,57400,0.0,0.0
2022-08-22 00:00:00+09:00,2180.989925276779,2180.989925276779,2128.5412697591014,2135.534423828125,31800,0.0,0.0
2022-08-23 00:00:00+09:00,2101.4426686454485,2142.527446277036,2098.8202360306664,2129.415283203125,28400,0.0,0.0
2022-08-24 00:00:00+09:00,2129.41542889193,2151.269035510279,2118.0515534503884,2146.024169921875,23500,0.0,0.0
2022-08-25 00:00:00+09:00,2146.024335490758,2187.98326343518,2146.024335490758,2178.36767578125,22000,0.0,0.0
2022-08-26 00:00:00+09:00,2184.4867141311233,2207.2144670592584,2176.619415040615,2199.34716796875,18600,0.0,0.0
2022-08-29 00:00:00+09:00,2155.639673971113,2175.7449912871452,2148.6465201220585,2173.12255859375,25600,0.0,0.0
2022-08-30 00:00:00+09:00,2187.109167856218,2215.081787109375,2185.3608791528954,2215.081787109375,15700,0.0,0.0
2022-08-31 00:00:00+09:00,2182.7383150912747,2212.459221263923,2176.619304996906,2207.21435546875,32800,0.0,0.0
2022-09-01 00:00:00+09:00,2186.234946178269,2211.5851314798165,2150.395029027806,2157.38818359375,38400,0.0,0.0
2022-09-02 00:00:00+09:00,2142.527792536428,2153.0175246908293,2084.834265687222,2112.806884765625,53600,0.0,0.0
2022-09-05 00:00:00+09:00,2113.680900915345,2117.177478088075,2090.079004999417,2108.43603515625,22500,0.0,0.0
2022-09-06 00:00:00+09:00,2118.0519719834615,2120.674405295864,2079.589616734897,2093.575927734375,34700,0.0,0.0
2022-09-07 00:00:00+09:00,2089.204848620616,2106.687734383131,2081.3375500274838,2099.694580078125,27800,0.0,0.0
2022-09-08 00:00:00+09:00,2099.6947009790842,2114.5551547328914,2090.0791132560325,2098.820556640625,28100,0.0,0.0
2022-09-09 00:00:00+09:00,2098.820568285657,2122.4224655550083,2098.820568285657,2107.56201171875,34700,0.0,0.0
2022-09-12 00:00:00+09:00,2107.561878671257,2124.170620145647,2099.694580078125,2099.694580078125,20600,0.0,0.0
2022-09-13 00:00:00+09:00,2106.68783915807,2108.4361278212714,2083.9600865364473,2086.58251953125,28300,0.0,0.0
2022-09-14 00:00:00+09:00,2078.7153138395693,2121.5483880103593,2050.7426939729307,2064.72900390625,34400,0.0,0.0
2022-09-15 00:00:00+09:00,2070.847883699907,2072.596172331144,2047.2459871782112,2058.60986328125,20200,0.0,0.0
2022-09-16 00:00:00+09:00,2058.60973497756,2066.4770333277925,2039.3785612325466,2054.239013671875,25100,0.0,0.0
2022-09-20 00:00:00+09:00,2068.225314299808,2068.225314299808,2043.749275077325,2048.994140625,22000,0.0,0.0
2022-09-21 00:00:00+09:00,2028.8887761665412,2028.8887761665412,2001.7903047916327,2016.6507568359375,21600,0.0,0.0
2022-09-22 00:00:00+09:00,2013.1540474246617,2023.6437775892712,2002.664317260052,2009.657470703125,32600,0.0,0.0
2022-09-26 00:00:00+09:00,1997.4198621791732,1998.294006538989,1937.103901351881,1951.96435546875,39500,0.0,0.0
2022-09-27 00:00:00+09:00,1952.8386021047897,1965.9507681887521,1930.9849919648527,1936.2298583984375,32900,0.0,0.0
2022-09-28 00:00:00+09:00,1953.7128760051428,1953.7128760051428,1912.6280862189049,1941.474853515625,31100,0.0,0.0
2022-09-29 00:00:00+09:00,2003.5022088703176,2003.5022088703176,1954.7659764564,1957.42431640625,37900,30.0,0.0
2022-09-30 00:00:00+09:00,1954.7663265094297,1957.4246669353267,1914.0051066456792,1917.549560546875,24300,0.0,0.0
2022-10-03 00:00:00+09:00,1905.1438188508416,1906.9160456590748,1879.446530131458,1901.599365234375,43400,0.0,0.0
2022-10-04 00:00:00+09:00,1928.1829226943942,1968.0580290920263,1924.6384687923824,1960.0830078125,39800,0.0,0.0
2022-10-05 00:00:00+09:00,1970.7162498271573,2007.0469001162369,1970.7162498271573,2002.6163330078125,38900,0.0,0.0
2022-10-06 00:00:00+09:00,2002.6163794213599,2039.8331439946771,2002.6163794213599,2015.9080810546875,30300,0.0,0.0
2022-10-07 00:00:00+09:00,2010.5912886156786,2017.6801957593216,1992.869020756572,2014.1357421875,32000,0.0,0.0
2022-10-11 00:00:00+09:00,1975.1465827385837,1981.3493759549006,1950.3354098733166,1957.42431640625,31300,0.0,0.0
2022-10-12 00:00:00+09:00,1949.4495950686705,1963.6274103055334,1944.132914354847,1947.6773681640625,29900,0.0,0.0
2022-10-13 00:00:00+09:00,1941.474772601405,1968.9442924328262,1920.2080475706273,1934.3858642578125,26400,0.0,0.0
2022-10-14 00:00:00+09:00,1938.8162895868288,1998.1858926043415,1936.1579491532088,1980.463623046875,30700,0.0,0.0
2022-10-17 00:00:00+09:00,1951.221767919244,1986.6663050294935,1951.221767919244,1978.6912841796875,20300,0.0,0.0
2022-10-18 00:00:00+09:00,2009.7051851985634,2022.9968861588713,1985.7801234700091,2012.363525390625,23100,0.0,0.0
2022-10-19 00:00:00+09:00,1995.5272920822858,2030.0857132151496,1988.438385183237,2026.541259765625,24700,0.0,0.0
2022-10-20 00:00:00+09:00,2026.5414423613495,2027.4275558035713,1999.9580390946944,2015.9080810546875,36200,0.0,0.0
2022-10-21 00:00:00+09:00,2010.5914004013564,2025.6553289191277,1994.6413584413633,2015.9080810546875,23000,0.0,0.0
2022-10-24 00:00:00+09:00,2036.2884769032107,2049.5801771440933,2030.0856834574656,2031.85791015625,34700,0.0,0.0
2022-10-25 00:00:00+09:00,2038.0605277917905,2093.8856639878263,2038.0605277917905,2085.91064453125,36800,0.0,0.0
2022-10-26 00:00:00+09:00,2084.138456874736,2134.646914375527,2083.2523435852486,2100.974609375,38300,0.0,0.0
2022-10-27 00:00:00+09:00,2084.1387189084285,2108.0637807326325,2078.82203850305,2097.430419921875,39900,0.0,0.0
2022-10-28 00:00:00+09:00,2069.074791093189,2104.5193271290464,2055.783090079742,2097.430419921875,168900,0.0,0.0
2022-10-31 00:00:00+09:00,2097.43013671875,2126.671875,2097.43013671875,2126.671875,18600,0.0,0.0
2022-11-01 00:00:00+09:00,2126.6725557572613,2141.736486360542,2118.6975336731716,2135.53369140625,23800,0.0,0.0
2022-11-02 00:00:00+09:00,2135.5331166799174,2135.5331166799174,2096.5441303172965,2107.177490234375,23500,0.0,0.0
2022-11-04 00:00:00+09:00,2098.3165333227716,2108.9498941335287,2092.9998529173927,2097.430419921875,25700,0.0,0.0
2022-11-07 00:00:00+09:00,2097.430578288842,2134.6473439365527,2097.430578288842,2133.76123046875,19600,0.0,0.0
2022-11-08 00:00:00+09:00,2135.533240545813,2168.3194355251467,2116.0387462337762,2150.59716796875,23600,0.0,0.0
2022-11-09 00:00:00+09:00,2150.5971627349663,2155.9138429889463,2106.291493951798,2108.063720703125,14300,0.0,0.0
2022-11-10 00:00:00+09:00,2092.9999696886216,2116.9250328476364,2092.9999696886216,2098.316650390625,17400,0.0,0.0
2022-11-11 00:00:00+09:00,2125.786325773791,2148.8252771994344,2119.5835311591945,2134.6474609375,26300,0.0,0.0
2022-11-14 00:00:00+09:00,2120.46938231101,2120.46938231101,1965.3995361328125,1965.3995361328125,30300,0.0,0.0
2022-11-15 00:00:00+09:00,1952.107729416927,1962.741089722421,1889.1936809427546,1897.168701171875,46500,0.0,0.0
2022-11-16 00:00:00+09:00,1898.9410293755845,1898.9410293755845,1825.3936166652843,1836.0269775390625,67500,0.0,0.0
2022-11-17 00:00:00+09:00,1835.141207391648,1881.2191131301154,1835.141207391648,1860.8385009765625,36300,0.0,0.0
2022-11-18 00:00:00+09:00,1876.7881780074815,1908.6882603532176,1869.69927081954,1882.1048583984375,39000,0.0,0.0
2022-11-21 00:00:00+09:00,1882.1047511768477,1882.1047511768477,1856.4074640845083,1879.4464111328125,31300,0.0,0.0
2022-11-22 00:00:00+09:00,1883.8770902025437,1908.6882654262836,1881.21875,1881.21875,26300,0.0,0.0
2022-11-24 00:00:00+09:00,1894.5104281627555,1906.916015625,1888.3076344316335,1906.916015625,17900,0.0,0.0
2022-11-25 00:00:00+09:00,1879.4463815191402,1898.0547615341811,1879.4463815191402,1884.7630615234375,18900,0.0,0.0
2022-11-28 00:00:00+09:00,1884.7631841224472,1884.7631841224472,1841.3436279296875,1841.3436279296875,33000,0.0,0.0
2022-11-29 00:00:00+09:00,1840.4575963079758,1851.977070911733,1832.4825754284516,1848.4326171875,36100,0.0,0.0
2022-11-30 00:00:00+09:00,1860.8385009765625,1877.6746588425408,1851.9773652576264,1860.8385009765625,40500,0.0,0.0
2022-12-01 00:00:00+09:00,1851.9773652576264,1870.585750267392,1851.9773652576264,1860.8385009765625,19500,0.0,0.0
2022-12-02 00:00:00+09:00,1851.9771063264716,1851.9771063264716,1820.07702219836,1842.2298583984375,52500,0.0,0.0
2022-12-05 00:00:00+09:00,1834.2547858656176,1856.4076214437048,1827.1658784806295,1829.82421875,22600,0.0,0.0
2022-12-06 00:00:00+09:00,1821.8491011832525,1832.4824616959952,1818.3046476790048,1825.3935546875,24400,0.0,0.0
2022-12-07 00:00:00+09:00,1821.8490890407884,1852.8630569962493,1816.5324088198522,1849.318603515625,31600,0.0,0.0
2022-12-08 00:00:00+09:00,1836.9132948107294,1843.1160893421693,1820.9632517298837,1821.849365234375,26500,0.0,0.0
2022-12-09 00:00:00+09:00,1827.1660462613236,1834.2549542972552,1820.9632517298837,1821.849365234375,16800,0.0,0.0
2022-12-12 00:00:00+09:00,1833.3687332086429,1833.3687332086429,1819.19091796875,1819.19091796875,27400,0.0,0.0
2022-12-13 00:00:00+09:00,1827.1658040604998,1836.9130513178545,1796.1518355143712,1799.6962890625,61500,0.0,0.0
2022-12-14 00:00:00+09:00,1805.899085096373,1820.9630126953125,1789.062930721088,1820.9630126953125,43700,0.0,0.0
2022-12-15 00:00:00+09:00,1820.9629751398238,1820.9629751398238,1799.6962542622784,1805.8990478515625,13700,0.0,0.0
2022-12-16 00:00:00+09:00,1805.8990626032619,1805.8990626032619,1759.8211669921875,1759.8211669921875,52800,0.0,0.0
2022-12-19 00:00:00+09:00,1758.935196668296,1777.5435791015625,1746.5296083794515,1777.5435791015625,36100,0.0,0.0
2022-12-20 00:00:00+09:00,1779.3157506894522,1793.4935654359817,1756.2768017263418,1787.290771484375,64700,0.0,0.0
2022-12-21 00:00:00+09:00,1779.3158671565286,1792.607569351423,1774.8852997582305,1788.177001953125,32700,0.0,0.0
2022-12-22 00:00:00+09:00,1783.7463884739298,1794.3797499551454,1766.9102327953383,1774.88525390625,40400,0.0,0.0
2022-12-23 00:00:00+09:00,1765.1378795144087,1775.771240234375,1748.3017250411285,1775.771240234375,40300,0.0,0.0
2022-12-26 00:00:00+09:00,1786.404523026316,1786.404523026316,1761.5933490953948,1767.796142578125,30400,0.0,0.0
2022-12-27 00:00:00+09:00,1763.3658294135269,1781.088099055874,1740.3268788784758,1744.7574462890625,38200,0.0,0.0
2022-12-28 00:00:00+09:00,1736.782470703125,1737.6685842085858,1709.312952033841,1736.782470703125,49900,0.0,0.0
2022-12-29 00:00:00+09:00,1750.0739574920435,1750.0739574920435,1706.6544010783168,1731.465576171875,151100,0.0,0.0
2022-12-30 00:00:00+09:00,1742.0989509277344,1789.062961303711,1742.0989509277344,1772.226806640625,36200,0.0,0.0
2023-01-04 00:00:00+09:00,1764.2517851278703,1764.2517851278703,1706.654413940873,1707.54052734375,34700,0.0,0.0
2023-01-05 00:00:00+09:00,1707.5406695341298,1707.5406695341298,1680.0711517575041,1682.7294921875,25900,0.0,0.0
2023-01-06 00:00:00+09:00,1683.6155250489555,1700.4516802994451,1671.2099369696475,1696.9072265625,21000,0.0,0.0
2023-01-10 00:00:00+09:00,1696.9072720986974,1715.515654717012,1683.6155702284725,1688.9322509765625,18300,0.0,0.0
2023-01-11 00:00:00+09:00,1688.0461132433988,1725.262877944828,1688.0461132433988,1714.6295166015625,14000,0.0,0.0
2023-01-12 00:00:00+09:00,1688.9320365182975,1702.2237367007606,1683.6153564453125,1683.6153564453125,25100,0.0,0.0
2023-01-13 00:00:00+09:00,1681.8432296428275,1700.45161100347,1665.8931884765625,1665.8931884765625,21400,0.0,0.0
2023-01-16 00:00:00+09:00,1665.893295377224,1682.7294510219938,1665.007181922236,1668.5516357421875,12500,0.0,0.0
2023-01-17 00:00:00+09:00,1666.7796341900664,1677.4129970876106,1650.82958984375,1650.82958984375,15800,0.0,0.0
2023-01-18 00:00:00+09:00,1665.0071876101579,1697.7933855567123,1665.0071876101579,1688.9322509765625,17000,0.0,0.0
2023-01-19 00:00:00+09:00,1685.3876803180365,1696.0210410771408,1683.6154535248525,1688.0460205078125,18500,0.0,0.0
2023-01-20 00:00:00+09:00,1684.5015591621893,1711.0849609375,1683.615445769679,1711.0849609375,11800,0.0,0.0
2023-01-23 00:00:00+09:00,1714.6295166015625,1724.376764499556,1709.3128359299296,1714.6295166015625,23100,0.0,0.0
2023-01-24 00:00:00+09:00,1718.1738653202485,1740.3267000974565,1718.1738653202485,1733.23779296875,16200,0.0,0.0
2023-01-25 00:00:00+09:00,1727.0350757395038,1746.529571207061,1722.6045085877863,1741.212890625,12900,0.0,0.0
2023-01-26 00:00:00+09:00,1743.8709820566073,1743.8709820566073,1716.4014696360002,1719.9459228515625,10500,0.0,0.0
2023-01-27 00:00:00+09:00,1712.856996919686,1728.807036208126,1712.856996919686,1723.4903564453125,9700,0.0,0.0
2023-01-30 00:00:00+09:00,1728.8074138217944,1744.7574565941122,1700.4517822265625,1700.4517822265625,58500,0.0,0.0
2023-01-31 00:00:00+09:00,1701.3377485057174,1727.9211508261192,1697.793294862997,1704.8822021484375,24300,0.0,0.0
2023-02-01 00:00:00+09:00,1722.6045022447863,1731.465636515593,1713.74336797398,1720.832275390625,12400,0.0,0.0
2023-02-02 00:00:00+09:00,1714.6296444238792,1726.1491200711714,1692.476806640625,1692.476806640625,11000,0.0,0.0
2023-02-03 00:00:00+09:00,1693.3627059038947,1693.3627059038947,1682.7293451132896,1687.159912109375,13300,0.0,0.0
2023-02-06 00:00:00+09:00,1701.3376863232218,1701.3376863232218,1681.843192000768,1694.248779296875,16400,0.0,0.0
2023-02-07 00:00:00+09:00,1683.6155808318206,1710.1989847396912,1683.6155808318206,1708.4267578125,10500,0.0,0.0
2023-02-08 00:00:00+09:00,1708.4266557911578,1718.1739033086385,1695.1349546309568,1704.8822021484375,4700,0.0,0.0
2023-02-09 00:00:00+09:00,1697.793265007691,1711.9710793292584,1696.907151612593,1710.1988525390625,9500,0.0,0.0
2023-02-10 00:00:00+09:00,1710.1988893419766,1732.3517246961471,1699.5655283719746,1725.2628173828125,25800,0.0,0.0
2023-02-13 00:00:00+09:00,1760.7072953355475,1785.5184701062549,1706.6543788707925,1757.162841796875,49700,0.0,0.0
2023-02-14 00:00:00+09:00,1757.1629509039685,1812.1019841647078,1757.1629509039685,1802.354736328125,37200,0.0,0.0
2023-02-15 00:00:00+09:00,1807.6713548428227,1812.101921889006,1772.2268184733557,1791.7213134765625,20000,0.0,0.0
2023-02-16 00:00:00+09:00,1807.6714882425742,1807.6714882425742,1789.94921875,1789.94921875,11800,0.0,0.0
2023-02-17 00:00:00+09:00,1795.2658270793784,1878.5604903298529,1795.2658270793784,1867.041015625,55100,0.0,0.0
2023-02-20 00:00:00+09:00,1867.0409638324713,1920.2077686876912,1861.7242833469495,1919.3216552734375,44400,0.0,0.0
2023-02-21 00:00:00+09:00,1916.6634015900936,1937.930124492619,1894.5105652332963,1925.5245361328125,34500,0.0,0.0
2023-02-22 00:00:00+09:00,1918.435684518293,1983.1219685690255,1917.549571038146,1979.5775146484375,35800,0.0,0.0
2023-02-24 00:00:00+09:00,1988.438246168772,2061.9856501046042,1988.438246168772,2030.0855712890625,56700,0.0,0.0
2023-02-27 00:00:00+09:00,2022.9969417065647,2029.1997356583588,1997.2996524777034,2002.6163330078125,27700,0.0,0.0
2023-02-28 00:00:00+09:00,1995.527124056033,2015.0216163869534,1989.3243310416492,1991.0965576171875,25000,0.0,0.0
2023-03-01 00:00:00+09:00,1974.260723357505,2001.7302397058365,1968.9440427739569,1999.0718994140625,15800,0.0,0.0
2023-03-02 00:00:00+09:00,1994.6414741824508,2027.4276734471111,1994.6414741824508,2016.7943115234375,11100,0.0,0.0
2023-03-03 00:00:00+09:00,2025.6552234609783,2054.8969655319374,2025.6552234609783,2034.516357421875,26400,0.0,0.0
2023-03-06 00:00:00+09:00,2034.5166322666485,2039.833313361422,2022.997156561306,2029.199951171875,17600,0.0,0.0
2023-03-07 00:00:00+09:00,2021.2246733341537,2067.302570315029,2020.3385599306755,2053.124755859375,16700,0.0,0.0
2023-03-08 00:00:00+09:00,2034.5165860081254,2059.3277638862733,2031.858245521181,2058.441650390625,23900,0.0,0.0
2023-03-09 00:00:00+09:00,2067.3026072838006,2078.8220817350175,2060.2136999292056,2068.188720703125,14000,0.0,0.0
2023-03-10 00:00:00+09:00,2051.3528692095983,2082.366843474106,2050.466755659184,2057.5556640625,38100,0.0,0.0
2023-03-13 00:00:00+09:00,2054.0111296141513,2054.0111296141513,2016.7943619507369,2029.199951171875,25700,0.0,0.0
2023-03-14 00:00:00+09:00,1999.0720887083146,1999.0720887083146,1962.7414346138817,1966.285888671875,33800,0.0,0.0
2023-03-15 00:00:00+09:00,1980.463733833377,2019.4527290408353,1980.463733833377,2003.502685546875,20300,0.0,0.0
2023-03-16 00:00:00+09:00,1963.6273909549077,1987.552453931344,1960.082937180621,1972.488525390625,23200,0.0,0.0
2023-03-17 00:00:00+09:00,1992.8691345927741,1999.958042141348,1972.4885253906248,1972.488525390625,22100,0.0,0.0
2023-03-20 00:00:00+09:00,1972.488309307141,2008.8189565136067,1972.488309307141,1989.324462890625,124100,0.0,0.0
2023-03-22 00:00:00+09:00,2002.6160545668836,2015.0216407456164,1984.007675298784,2008.81884765625,19800,0.0,0.0
2023-03-23 00:00:00+09:00,2008.8190640028943,2038.0608060020543,2002.6162702454967,2035.4024658203125,19300,0.0,0.0
2023-03-24 00:00:00+09:00,2042.4914267461559,2042.4914267461559,2004.3885498046875,2004.3885498046875,11500,0.0,0.0
2023-03-27 00:00:00+09:00,1952.1077073057675,1976.9188810708883,1920.207626750612,1922.865966796875,36500,0.0,0.0
2023-03-28 00:00:00+09:00,1934.3857625792364,1957.4247134848983,1925.5246276155203,1930.84130859375,28900,0.0,0.0
2023-03-29 00:00:00+09:00,1952.993923611111,1970.7161915204679,1941.4744494700294,1969.830078125,28100,0.0,0.0
2023-03-30 00:00:00+09:00,1975.2194860379614,2003.064781202662,1965.338897431132,2001.268310546875,19100,30.0,0.0
2023-03-31 00:00:00+09:00,1987.7947730300891,2023.724186008491,1987.7947730300891,2006.65771484375,19200,0.0,0.0
2023-04-03 00:00:00+09:00,2019.2331462816105,2035.4013832180292,2007.556086271975,2024.62255859375,46600,0.0,0.0
2023-04-04 00:00:00+09:00,2051.5696240065417,2080.3131563919223,2039.892563974981,2076.72021484375,24900,0.0,0.0
2023-04-05 00:00:00+09:00,2068.636064077524,2068.636064077524,2031.8084137834821,2043.4854736328125,18900,0.0,0.0
2023-04-06 00:00:00+09:00,2043.4852313995361,2043.4852313995361,2005.7593502044679,2012.0469970703125,19600,0.0,0.0
2023-04-07 00:00:00+09:00,1998.5734300383294,2021.9275465241706,1998.5734300383294,2010.25048828125,26300,0.0,0.0
2023-04-10 00:00:00+09:00,2031.808365234375,2031.808365234375,2003.9630693359375,2021.029541015625,25400,0.0,0.0
2023-04-11 00:00:00+09:00,2016.5384220810517,2032.7066588727928,2007.5560683078622,2009.3525390625,27300,0.0,0.0
2023-04-12 00:00:00+09:00,1998.5734122623828,2040.790468611296,1989.5910598477203,2023.7239990234375,33700,0.0,0.0
2023-04-13 00:00:00+09:00,2036.2996690900366,2036.2996690900366,2012.0473130841121,2018.3349609375,13900,0.0,0.0
2023-04-14 00:00:00+09:00,2013.8434786110488,2018.3346549683438,2000.369949539164,2003.962890625,11500,0.0,0.0
2023-04-17 00:00:00+09:00,2003.0651141607275,2004.8615851151317,1977.914520799068,1996.7774658203125,23300,0.0,0.0
2023-04-18 00:00:00+09:00,2015.6400566084067,2023.7241744825046,1999.471820860211,2014.7418212890625,15700,0.0,0.0
2023-04-19 00:00:00+09:00,2010.2507099179054,2025.5207108422148,1993.1842382966186,1997.6754150390625,16600,0.0,0.0
2023-04-20 00:00:00+09:00,1999.4717450024775,2029.1135094162607,1999.4717450024775,2011.1488037109375,15100,0.0,0.0
2023-04-21 00:00:00+09:00,2010.2506638258105,2010.2506638258105,1998.573604563194,2001.268310546875,18500,0.0,0.0
2023-04-24 00:00:00+09:00,2001.268708597549,2035.4016578465198,2000.3704730909972,2031.8087158203125,22100,0.0,0.0
2023-04-25 00:00:00+09:00,2031.8081258227292,2057.856947948662,2031.8081258227292,2047.078125,27300,0.0,0.0
2023-04-26 00:00:00+09:00,2050.6716614579013,2050.6716614579013,2003.9634151172047,2031.8087158203125,29700,0.0,0.0
2023-04-27 00:00:00+09:00,2007.5561615341633,2047.0785199715249,2007.5561615341633,2028.215576171875,49400,0.0,0.0
2023-04-28 00:00:00+09:00,2048.874959327503,2076.720256889604,2032.7067220333797,2075.822021484375,37800,0.0,0.0
2023-05-01 00:00:00+09:00,2076.720256889604,2079.4149631052915,2056.0608425693354,2075.822021484375,14000,0.0,0.0
2023-05-02 00:00:00+09:00,2079.4146566287104,2079.4146566287104,2046.179951533565,2061.449951171875,15300,0.0,0.0
2023-05-08 00:00:00+09:00,2061.450197413538,2093.7866710984563,2060.551962033401,2087.4990234375,38700,0.0,0.0
2023-05-09 00:00:00+09:00,2083.007788994805,2113.547791075798,2077.6183768628653,2099.176025390625,26500,0.0,0.0
2023-05-10 00:00:00+09:00,2091.0919810364403,2100.0743349068716,2026.419033169334,2076.72021484375,17800,0.0,0.0
2023-05-11 00:00:00+09:00,2059.6534184401053,2077.6181233545412,2038.0957725427818,2047.078125,14000,0.0,0.0
2023-05-12 00:00:00+09:00,2021.9277115663974,2066.8394777051444,1968.9318275226758,1980.60888671875,51700,0.0,0.0
2023-05-15 00:00:00+09:00,1980.6089929314846,2007.5560540598042,1980.6089929314846,1991.3878173828125,17400,0.0,0.0
2023-05-16 00:00:00+09:00,2007.5555663950304,2007.5555663950304,1947.373811160817,1954.5596923828125,38500,0.0,0.0
2023-05-17 00:00:00+09:00,1954.5600855568446,1955.4583208902807,1923.1218488865827,1935.6971435546875,47100,0.0,0.0
2023-05-18 00:00:00+09:00,1935.697120634905,1961.7459449961173,1917.7324141788965,1951.8653564453125,29900,0.0,0.0
2023-05-19 00:00:00+09:00,1935.6970411550055,1956.3564527311378,1931.2058647254116,1950.967041015625,26200,0.0,0.0
2023-05-22 00:00:00+09:00,1957.2544747728818,1975.2191785339915,1940.188006199828,1958.1527099609375,21400,0.0,0.0
2023-05-23 00:00:00+09:00,1960.8474783141755,2007.555709588723,1960.8474783141755,1972.5245361328125,24000,0.0,0.0
2023-05-24 00:00:00+09:00,1978.8125679578063,2002.1666881425103,1963.5425662985767,1987.794921875,11300,0.0,0.0
2023-05-25 00:00:00+09:00,1971.6266871001512,1971.6266871001512,1949.170802281243,1959.0513916015625,15700,0.0,0.0
2023-05-26 00:00:00+09:00,1971.6266771374862,1971.6266771374862,1935.6972616087849,1938.3919677734375,11900,0.0,0.0
2023-05-29 00:00:00+09:00,1941.0866174185146,2017.4366231938843,1941.0866174185146,2004.861328125,18400,0.0,0.0
2023-05-30 00:00:00+09:00,1992.2858121436034,1997.6752237183832,1967.1352247946309,1988.69287109375,13500,0.0,0.0
2023-05-31 00:00:00+09:00,1976.1175060138337,1976.1175060138337,1916.8339808334185,1919.5286865234375,29000,0.0,0.0
2023-06-01 00:00:00+09:00,1916.8339221124459,1979.710386286706,1916.8339221124459,1965.338623046875,21200,0.0,0.0
2023-06-02 00:00:00+09:00,1984.2019584183145,2074.9237319811255,1984.2019584183145,2030.011962890625,29800,0.0,0.0
2023-06-05 00:00:00+09:00,2047.9766705268253,2062.348436635785,2019.233138308905,2030.011962890625,28100,0.0,0.0
2023-06-06 00:00:00+09:00,2030.011790845218,2047.0782616532088,1995.8788492292365,2007.555908203125,19600,0.0,0.0
2023-06-07 00:00:00+09:00,2022.826137975634,2042.5873169434244,2011.1490776764851,2018.3349609375,23400,0.0,0.0
2023-06-08 00:00:00+09:00,2018.3347663879395,2039.8924140930176,1981.5071182250977,1983.3035888671875,18900,0.0,0.0
2023-06-09 00:00:00+09:00,1999.4719380678496,2031.8084114597825,1999.4719380678496,2017.4366455078125,17400,0.0,0.0
2023-06-12 00:00:00+09:00,2019.2330394198,2047.9765702300463,2019.2330394198,2042.587158203125,15400,0.0,0.0
2023-06-13 00:00:00+09:00,2047.9767007171793,2047.9767007171793,2011.149049520072,2037.1978759765625,16000,0.0,0.0
2023-06-14 00:00:00+09:00,2055.162497963727,2077.6183819012676,2050.671321176219,2067.73779296875,22600,0.0,0.0
2023-06-15 00:00:00+09:00,2067.737701335636,2067.737701335636,2046.1800537109375,2046.1800537109375,12500,0.0,0.0
2023-06-16 00:00:00+09:00,2059.6539598951545,2089.295730796393,2059.6539598951545,2066.83984375,19300,0.0,0.0
2023-06-19 00:00:00+09:00,2066.839526556118,2092.888351532271,2065.043055868108,2089.29541015625,14200,0.0,0.0
2023-06-20 00:00:00+09:00,2067.738020228433,2084.8044938966955,2065.04331385976,2078.516845703125,15600,0.0,0.0
2023-06-21 00:00:00+09:00,2072.2288016909015,2103.6670366537023,2063.246448844387,2071.33056640625,22700,0.0,0.0
2023-06-22 00:00:00+09:00,2071.330780097508,2071.330780097508,1990.489596138802,2009.3525390625,36900,0.0,0.0
2023-06-23 00:00:00+09:00,2023.7240555354529,2074.9234657287598,2004.8611149379185,2012.0469970703125,33100,0.0,0.0
2023-06-26 00:00:00+09:00,2012.0470652051397,2012.0470652051397,1990.4894180779418,1992.285888671875,8000,0.0,0.0
2023-06-27 00:00:00+09:00,1977.9142764846956,1980.6089825834486,1963.5425106246796,1970.7283935546875,7800,0.0,0.0
2023-06-28 00:00:00+09:00,1970.7281928107443,1998.573486328125,1968.931722261236,1998.573486328125,8700,0.0,0.0
2023-06-29 00:00:00+09:00,1998.5735551462876,2022.8259083997482,1981.5070843382969,2007.555908203125,13100,0.0,0.0
2023-06-30 00:00:00+09:00,2002.1665152884816,2003.962985916825,1982.4053383767066,1994.0823974609375,12600,0.0,0.0
2023-07-03 00:00:00+09:00,1994.0825165382826,2061.4501691240353,1994.0825165382826,2051.569580078125,17900,0.0,0.0
2023-07-04 00:00:00+09:00,2051.569348636622,2091.9899356281494,2048.874642837187,2072.228759765625,19100,0.0,0.0
2023-07-05 00:00:00+09:00,2063.2466840381026,2083.906097940095,2049.7731532324556,2076.72021484375,9100,0.0,0.0
2023-07-06 00:00:00+09:00,2054.264209841009,2059.653621847588,2039.8924444901318,2047.9765625,8800,0.0,0.0
2023-07-07 00:00:00+09:00,2014.7420205919102,2058.755555593695,2013.8437851837107,2044.3837890625,16400,0.0,0.0
2023-07-10 00:00:00+09:00,2077.6182823378804,2107.260047714945,2064.144752621033,2080.31298828125,34700,0.0,0.0
2023-07-11 00:00:00+09:00,2102.768828753001,2102.768828753001,2074.9235345661823,2081.211181640625,16000,0.0,0.0
2023-07-12 00:00:00+09:00,2081.211154537416,2081.211154537416,2058.7552724211296,2071.33056640625,12600,0.0,0.0
2023-07-13 00:00:00+09:00,2058.755126953125,2061.4498326166763,2049.772774741288,2058.755126953125,11300,0.0,0.0
2023-07-14 00:00:00+09:00,2087.4989520650984,2087.4989520650984,2040.7907138949672,2052.4677734375,11800,0.0,0.0
2023-07-18 00:00:00+09:00,2052.467652157457,2082.109416936974,2052.467652157457,2081.211181640625,10700,0.0,0.0
2023-07-19 00:00:00+09:00,2092.8881261005836,2136.9016532160035,2091.0916556060765,2136.00341796875,26400,0.0,0.0
2023-07-20 00:00:00+09:00,2150.3753161770524,2169.2382575470265,2112.649433437104,2127.91943359375,15800,0.0,0.0
2023-07-21 00:00:00+09:00,2127.919795584719,2149.4774465319683,2123.428618304042,2130.614501953125,17800,0.0,0.0
2023-07-24 00:00:00+09:00,2155.7645789748954,2155.7645789748954,2118.9369340840744,2146.7822265625,7300,0.0,0.0
2023-07-25 00:00:00+09:00,2146.782630741796,2148.5791015625,2129.7161579451035,2148.5791015625,9100,0.0,0.0
2023-07-26 00:00:00+09:00,2138.698200267468,2149.4770236203494,2119.8352593999266,2139.596435546875,12900,0.0,0.0
2023-07-27 00:00:00+09:00,2130.6141852934657,2155.764774327284,2127.0212440029204,2153.070068359375,8700,0.0,0.0
2023-07-28 00:00:00+09:00,2151.2737639503025,2151.2737639503025,2119.8355252286906,2123.428466796875,16100,0.0,0.0
2023-07-31 00:00:00+09:00,2145.8843214850217,2174.6278536271398,2145.8843214850217,2171.034912109375,20400,0.0,0.0
2023-08-01 00:00:00+09:00,2171.034996219106,2187.2032336754332,2158.45970041974,2169.238525390625,16000,0.0,0.0
2023-08-02 00:00:00+09:00,2146.7825869900726,2163.8490594389473,2115.3443482684606,2123.428466796875,20400,0.0,0.0
2023-08-03 00:00:00+09:00,2102.76906881527,2129.7161307821466,2098.2778918207905,2112.649658203125,18600,0.0,0.0
2023-08-04 00:00:00+09:00,2112.64950571939,2119.835388391905,2104.5653877128107,2105.463623046875,5000,0.0,0.0
2023-08-07 00:00:00+09:00,2090.193475716008,2134.207003997093,2085.702299360795,2124.326416015625,10500,0.0,0.0
2023-08-08 00:00:00+09:00,2109.954499210298,2137.799790600472,2109.954499210298,2117.140380859375,9700,0.0,0.0
2023-08-09 00:00:00+09:00,2117.140811041337,2140.494931146163,2110.853163320807,2128.81787109375,17200,0.0,0.0
2023-08-10 00:00:00+09:00,2127.0213347634995,2147.680748065679,2120.733687236749,2145.88427734375,18200,0.0,0.0
2023-08-14 00:00:00+09:00,2145.884166659828,2182.7118145598083,2137.800048828125,2137.800048828125,22300,0.0,0.0
2023-08-15 00:00:00+09:00,2122.5298539982286,2169.2380860794424,2122.5298539982286,2162.950439453125,16700,0.0,0.0
2023-08-16 00:00:00+09:00,2168.340087890625,2183.610088509573,2154.8665579327294,2168.340087890625,12700,0.0,0.0
2023-08-17 00:00:00+09:00,2168.339773879472,2168.339773879472,2125.2244842580076,2159.357421875,10700,0.0,0.0
2023-08-18 00:00:00+09:00,2142.291401923457,2157.561403530459,2124.3266941505144,2128.81787109375,9200,0.0,0.0
2023-08-21 00:00:00+09:00,2129.715934933939,2174.6277007486574,2129.715934933939,2163.848876953125,12900,0.0,0.0
2023-08-22 00:00:00+09:00,2154.8665919341347,2172.831298828125,2148.578944521238,2172.831298828125,10700,0.0,0.0
2023-08-23 00:00:00+09:00,2163.848914728465,2194.388916015625,2153.968326076737,2194.388916015625,17200,0.0,0.0
2023-08-24 00:00:00+09:00,2194.3893672258428,2272.5358571761694,2194.3893672258428,2241.995849609375,36300,0.0,0.0
2023-08-25 00:00:00+09:00,2243.791897369865,2250.977780147671,2211.455424869739,2224.928955078125,14800,0.0,0.0
2023-08-28 00:00:00+09:00,2224.928981376231,2259.0619249742517,2224.928981376231,2234.8095703125,20700,0.0,0.0
2023-08-29 00:00:00+09:00,2234.809505260271,2261.756565211159,2234.809505260271,2251.8759765625,15500,0.0,0.0
2023-08-30 00:00:00+09:00,2242.8936463996274,2246.4865877635034,2224.928939580247,2235.707763671875,10700,0.0,0.0
2023-08-31 00:00:00+09:00,2206.0658659740293,2254.5705714962596,2206.0658659740293,2243.791748046875,9800,0.0,0.0
2023-09-01 00:00:00+09:00,2227.6240813426484,2257.265853392772,2227.6240813426484,2241.995849609375,15900,0.0,0.0
2023-09-04 00:00:00+09:00,2250.0795819682457,2255.468994140625,2232.1148747269826,2255.468994140625,12300,0.0,0.0
2023-09-05 00:00:00+09:00,2254.5705516220146,2254.5705516220146,2224.928787397502,2228.521728515625,9100,0.0,0.0
2023-09-06 00:00:00+09:00,2235.7077822795604,2264.4513134298,2229.4201348404454,2250.977783203125,18800,0.0,0.0
2023-09-07 00:00:00+09:00,2229.419983447696,2259.061747933503,2229.419983447696,2243.791748046875,16000,0.0,0.0
2023-09-08 00:00:00+09:00,2243.7915597098213,2259.061558314732,2231.216266741071,2232.114501953125,22200,0.0,0.0
2023-09-11 00:00:00+09:00,2253.6729113260903,2255.469382359431,2223.132903759296,2241.995849609375,12500,0.0,0.0
2023-09-12 00:00:00+09:00,2253.672531304578,2264.4513556870634,2239.3007654612647,2250.07958984375,17600,0.0,0.0
2023-09-13 00:00:00+09:00,2250.07958984375,2260.858414226235,2233.0131179048153,2250.07958984375,27900,0.0,0.0
2023-09-14 00:00:00+09:00,2249.181328156325,2258.1636817032754,2233.0130917718147,2240.198974609375,18300,0.0,0.0
2023-09-15 00:00:00+09:00,2247.384849609375,2250.977791015625,2195.28719921875,2245.58837890625,39400,0.0,0.0
2023-09-19 00:00:00+09:00,2226.7254805745956,2270.739013671875,2216.844891511941,2270.739013671875,31500,0.0,0.0
2023-09-20 00:00:00+09:00,2263.553117742831,2263.553117742831,2212.3537019843625,2224.03076171875,29900,0.0,0.0
2023-09-21 00:00:00+09:00,2224.0307119663717,2253.6724783213353,2210.5571818050244,2230.318359375,28800,0.0,0.0
2023-09-22 00:00:00+09:00,2222.234245948542,2229.420128716363,2176.424243303685,2198.880126953125,21800,0.0,0.0
2023-09-25 00:00:00+09:00,2198.880147594752,2215.946619328535,2155.7648505830903,2156.6630859375,25000,0.0,0.0
2023-09-26 00:00:00+09:00,2142.291202751968,2165.645320685532,2134.207085005734,2153.96826171875,25400,0.0,0.0
2023-09-27 00:00:00+09:00,2155.76504475277,2200.6768165184526,2140.495042352438,2188.999755859375,20400,0.0,0.0
2023-09-28 00:00:00+09:00,2199.0034001572326,2199.0034001572326,2162.6261726939206,2168.9921875,17800,30.0,0.0
2023-09-29 00:00:00+09:00,2169.9016044754135,2195.36566353883,2167.173312432905,2170.81103515625,14300,0.0,0.0
2023-10-02 00:00:00+09:00,2175.3579918059295,2222.648382932145,2175.3579918059295,2197.184326171875,19300,0.0,0.0
2023-10-03 00:00:00+09:00,2197.184230106516,2219.0105635181703,2172.6296050184055,2177.1767578125,17200,0.0,0.0
2023-10-04 00:00:00+09:00,2148.9846464628486,2193.54674873821,2141.7092011934014,2145.346923828125,38500,0.0,0.0
2023-10-05 00:00:00+09:00,2155.3506776410627,2210.825948247014,2155.3506776410627,2208.09765625,30900,0.0,0.0
2023-10-06 00:00:00+09:00,2208.097588154994,2244.4748136600183,2208.097588154994,2217.19189453125,28900,0.0,0.0
2023-10-10 00:00:00+09:00,2245.384033203125,2256.2971998286566,2228.1048527127,2245.384033203125,18100,0.0,0.0
2023-10-11 00:00:00+09:00,2229.014331484719,2275.3952906465797,2229.014331484719,2271.757568359375,17300,0.0,0.0
2023-10-12 00:00:00+09:00,2273.5766260447854,2278.123779296875,2262.6634582397705,2278.123779296875,34800,0.0,0.0
2023-10-13 00:00:00+09:00,2270.8480615056674,2278.1235058356815,2236.2897009381004,2249.021728515625,29200,0.0,0.0
2023-10-16 00:00:00+09:00,2203.5504017010935,2219.010722307333,2178.086344231993,2188.99951171875,19300,0.0,0.0
2023-10-17 00:00:00+09:00,2189.90898213095,2230.8333609498422,2189.90898213095,2216.282470703125,11100,0.0,0.0
2023-10-18 00:00:00+09:00,2216.2825302520355,2241.74658886798,2214.4636689223253,2240.837158203125,8900,0.0,0.0
2023-10-19 00:00:00+09:00,2211.7352295918367,2251.750176179847,2204.459784757653,2228.10498046875,9000,0.0,0.0
2023-10-20 00:00:00+09:00,2223.5580368508145,2240.837219959267,2223.5580368508145,2232.65234375,6000,0.0,0.0
2023-10-23 00:00:00+09:00,2232.65234375,2265.391848587067,2228.1051903004072,2232.65234375,15400,0.0,0.0
2023-10-24 00:00:00+09:00,2278.1238891552516,2281.761611932346,2216.28260194465,2263.572998046875,60400,0.0,0.0
2023-10-25 00:00:00+09:00,2265.391621476091,2269.0293438710746,2228.104966927508,2229.923828125,25500,0.0,0.0
2023-10-26 00:00:00+09:00,2229.9237865948853,2256.297273467337,2192.6371327407296,2202.640869140625,19400,0.0,0.0
2023-10-27 00:00:00+09:00,2214.46349450992,2245.3841346796685,2211.7352027302363,2231.74267578125,21500,0.0,0.0
2023-10-30 00:00:00+09:00,2232.6522773123907,2259.0257665352256,2188.0901748324286,2209.007080078125,107000,0.0,0.0
2023-10-31 00:00:00+09:00,2209.0069313555487,2263.572767453257,2194.4560417294933,2261.75390625,27000,0.0,0.0
2023-11-01 00:00:00+09:00,2272.6671953943674,2279.033209947293,2259.025735638099,2278.123779296875,34500,0.0,0.0
2023-11-02 00:00:00+09:00,2279.0331410281574,2352.697021484375,2270.848265421911,2352.697021484375,33300,0.0,0.0
2023-11-06 00:00:00+09:00,2378.1609697081794,2399.0778730746374,2362.700649828623,2367.247802734375,36700,0.0,0.0
2023-11-07 00:00:00+09:00,2364.5197343570126,2379.980055697039,2340.8745370134425,2369.976318359375,26900,0.0,0.0
2023-11-08 00:00:00+09:00,2390.893038379173,2390.893038379173,2316.319729460538,2329.0517578125,12500,0.0,0.0
2023-11-09 00:00:00+09:00,2349.0592788540953,2349.0592788540953,2302.6783174829925,2322.685791015625,13100,0.0,0.0
2023-11-10 00:00:00+09:00,2322.6860558282906,2336.327516610367,2305.406872170993,2319.957763671875,12800,0.0,0.0
2023-11-13 00:00:00+09:00,2288.1273860299825,2288.1273860299825,2138.980767862686,2197.184326171875,42000,0.0,0.0
2023-11-14 00:00:00+09:00,2217.1918267144097,2217.1918267144097,2158.0788370768228,2160.80712890625,27500,0.0,0.0
2023-11-15 00:00:00+09:00,2164.445071692353,2164.445071692353,2131.70556640625,2131.70556640625,27500,0.0,0.0
2023-11-16 00:00:00+09:00,2136.2528431566457,2136.2528431566457,2083.505859375,2083.505859375,24500,0.0,0.0
2023-11-17 00:00:00+09:00,2083.505547017076,2129.8865085613234,2083.505547017076,2125.33935546875,16000,0.0,0.0
2023-11-20 00:00:00+09:00,2133.5245793137847,2133.5245793137847,2075.3210102276453,2079.8681640625,20800,0.0,0.0
2023-11-21 00:00:00+09:00,2079.8675622940063,2098.0561723709106,2070.773257255554,2095.327880859375,16400,0.0,0.0
2023-11-22 00:00:00+09:00,2140.7997026616586,2159.8977458884615,2100.7847549483563,2154.441162109375,23300,0.0,0.0
2023-11-24 00:00:00+09:00,2197.1839984739913,2197.1839984739913,2131.705005141985,2141.708740234375,19500,0.0,0.0
2023-11-27 00:00:00+09:00,2170.8108384076286,2170.8108384076286,2130.795892077534,2164.44482421875,14000,0.0,0.0
2023-11-28 00:00:00+09:00,2165.354408261019,2209.007080078125,2165.354408261019,2209.007080078125,21500,0.0,0.0
2023-11-29 00:00:00+09:00,2201.7315063476562,2212.6446736653647,2189.908908420139,2193.546630859375,20000,0.0,0.0
2023-11-30 00:00:00+09:00,2174.448547817637,2209.0069103509163,2172.629686631675,2199.003173828125,13700,0.0,0.0
2023-12-01 00:00:00+09:00,2224.467250986672,2234.470987601902,2188.090026931289,2196.27490234375,26300,0.0,0.0
2023-12-04 00:00:00+09:00,2178.9954434018164,2178.9954434018164,2133.523919123815,2134.433349609375,25400,0.0,0.0
2023-12-05 00:00:00+09:00,2118.063670495075,2133.5239892578124,2091.690185546875,2091.690185546875,18200,0.0,0.0
2023-12-06 00:00:00+09:00,2077.13976455571,2135.3433306378315,2077.13976455571,2126.2490234375,13100,0.0,0.0
2023-12-07 00:00:00+09:00,2097.1471687709413,2122.6112280621755,2090.7811539481327,2103.51318359375,24300,0.0,0.0
2023-12-08 00:00:00+09:00,2107.1507627076744,2155.3505859375,2100.7847483188293,2155.3505859375,47300,0.0,0.0
2023-12-11 00:00:00+09:00,2200.822075737847,2200.822075737847,2142.6185167100693,2160.80712890625,38300,0.0,0.0
2023-12-12 00:00:00+09:00,2187.1807132627273,2187.1807132627273,2135.343166212426,2148.0751953125,25300,0.0,0.0
2023-12-13 00:00:00+09:00,2148.075404900058,2162.6262967198722,2126.2490671703367,2152.62255859375,18700,0.0,0.0
2023-12-14 00:00:00+09:00,2159.8975322500537,2169.9012681888958,2100.7845471568944,2117.154296875,18900,0.0,0.0
2023-12-15 00:00:00+09:00,2134.4336550502962,2134.4336550502962,2083.505540571039,2093.50927734375,23400,0.0,0.0
2023-12-18 00:00:00+09:00,2080.7773316187886,2080.7773316187886,2024.3926311990488,2049.856689453125,19500,0.0,0.0
2023-12-19 00:00:00+09:00,2059.860263787622,2086.233750608744,2048.0376662471194,2071.682861328125,23900,0.0,0.0
2023-12-20 00:00:00+09:00,2082.5960554862713,2101.6940979164947,2063.498013056048,2068.045166015625,11900,0.0,0.0
2023-12-21 00:00:00+09:00,2048.037841796875,2055.313287060807,2033.486951269011,2048.037841796875,15900,0.0,0.0
2023-12-22 00:00:00+09:00,2063.498040099291,2086.2338051951406,2052.5848728532833,2064.407470703125,14200,0.0,0.0
2023-12-25 00:00:00+09:00,2081.6863996595253,2081.6863996595253,2015.2979736328125,2015.2979736328125,8700,0.0,0.0
2023-12-26 00:00:00+09:00,2015.2984015702878,2015.2984015702878,1991.6532037179288,2007.113525390625,13700,0.0,0.0
2023-12-27 00:00:00+09:00,2007.1133827195774,2026.21142578125,2001.6567989876712,2026.21142578125,19500,0.0,0.0
2023-12-28 00:00:00+09:00,2011.6605764092033,2024.3926053738185,2011.6605764092033,2020.7548828125,8400,0.0,0.0
2023-12-29 00:00:00+09:00,2018.9360147288294,2028.0303211014816,2008.9322777189118,2021.664306640625,10200,0.0,0.0
2024-01-04 00:00:00+09:00,2021.6644579390406,2079.8680230798855,2009.8418587698063,2066.2265625,16300,0.0,0.0
2024-01-05 00:00:00+09:00,2066.2262241633857,2087.1431269608147,2047.128182478777,2078.958251953125,13300,0.0,0.0
2024-01-09 00:00:00+09:00,2091.690516707921,2130.7960350637645,2089.8716553890445,2112.607421875,21600,0.0,0.0
2024-01-10 00:00:00+09:00,2112.6071174320596,2132.61458905647,2111.697686903677,2120.7919921875,14300,0.0,0.0
2024-01-11 00:00:00+09:00,2139.8899325227353,2153.5313898061354,2127.157905724895,2134.433349609375,16700,0.0,0.0
2024-01-12 00:00:00+09:00,2150.803226851106,2150.803226851106,2099.8751166169995,2117.154296875,9300,0.0,0.0
2024-01-15 00:00:00+09:00,2113.5168116345535,2118.06396484375,2108.969658425357,2118.06396484375,700,0.0,0.0
2024-01-16 00:00:00+09:00,2142.618654448411,2142.618654448411,2108.0602890540813,2109.879150390625,7400,0.0,0.0
2024-01-17 00:00:00+09:00,2132.6149517413605,2132.6149517413605,2105.33203125,2105.33203125,8300,0.0,0.0
2024-01-18 00:00:00+09:00,2125.3393488932857,2125.3393488932857,2092.599846728049,2093.50927734375,7500,0.0,0.0
2024-01-19 00:00:00+09:00,2093.5093983617326,2112.6074423954406,2093.5093983617326,2109.879150390625,9900,0.0,0.0
2024-01-22 00:00:00+09:00,2119.8828125,2119.8828125,2119.8828125,2119.8828125,2500,0.0,0.0
2024-01-23 00:00:00+09:00,2132.614800416867,2132.614800416867,2103.5130206243985,2125.33935546875,13100,0.0,0.0
2024-01-24 00:00:00+09:00,2125.3395340051657,2125.3395340051657,2087.1434448189366,2101.6943359375,18500,0.0,0.0
2024-01-25 00:00:00+09:00,2094.41894823634,2126.2490234375,2094.41894823634,2126.2490234375,8800,0.0,0.0
2024-01-26 00:00:00+09:00,2126.248902419518,2132.614917097421,2104.4225663809943,2109.879150390625,10500,0.0,0.0
2024-01-29 00:00:00+09:00,2140.799901091747,2169.901683944311,2125.339578951322,2128.06787109375,8400,0.0,0.0
2024-01-30 00:00:00+09:00,2128.977044005357,2140.799641857587,2114.426154341075,2129.886474609375,10600,0.0,0.0
2024-01-31 00:00:00+09:00,2121.7018286799407,2133.5244278110335,2109.879229548848,2131.70556640625,7400,0.0,0.0
2024-02-01 00:00:00+09:00,2124.4295746121975,2154.440780075469,2117.1541308635256,2139.889892578125,12900,0.0,0.0
2024-02-02 00:00:00+09:00,2126.248859712373,2152.6223485625264,2112.6073999622936,2148.0751953125,15600,0.0,0.0
2024-02-05 00:00:00+09:00,2143.5280607792924,2178.08642578125,2143.5280607792924,2178.08642578125,15700,0.0,0.0
2024-02-06 00:00:00+09:00,2177.1769072611455,2187.1806440948435,2156.260002972505,2157.16943359375,15300,0.0,0.0
2024-02-07 00:00:00+09:00,2134.433688252724,2162.626037778005,2134.433688252724,2154.441162109375,9000,0.0,0.0
2024-02-08 00:00:00+09:00,2150.8033652425815,2170.8108384076286,2136.252475668002,2164.44482421875,13700,0.0,0.0
2024-02-09 00:00:00+09:00,2158.078911927689,2172.629802189317,2142.6185910247095,2150.803466796875,13300,0.0,0.0
2024-02-13 00:00:00+09:00,2059.860237774918,2093.5091688114176,1934.3588193144594,1943.453125,98100,0.0,0.0
2024-02-14 00:00:00+09:00,1937.087177805657,1937.9966084055657,1864.3327298129561,1868.8798828125,28400,0.0,0.0
2024-02-15 00:00:00+09:00,1878.8836669921875,1891.615695713335,1864.332777025162,1878.8836669921875,13200,0.0,0.0
2024-02-16 00:00:00+09:00,1910.7137587257882,1938.906108330976,1899.8005911366834,1908.8948974609375,13300,0.0,0.0
2024-02-19 00:00:00+09:00,1918.8986543855694,1929.811822088236,1887.978012561347,1922.536376953125,8900,0.0,0.0
2024-02-20 00:00:00+09:00,1922.5361731165501,1939.815353480417,1909.8041454800166,1917.07958984375,13400,0.0,0.0
2024-02-21 00:00:00+09:00,1906.1664626694458,1906.1664626694458,1883.4306985631786,1895.2532958984375,8200,0.0,0.0
2024-02-22 00:00:00+09:00,1917.9892243246995,1917.9892243246995,1892.5251663440968,1906.1666259765625,9100,0.0,0.0
2024-02-26 00:00:00+09:00,1939.8154012179841,1939.8154012179841,1894.3438728256262,1910.713623046875,6900,0.0,0.0
2024-02-27 00:00:00+09:00,1903.4382730161476,1946.181511827308,1894.3439668861133,1930.72119140625,11900,0.0,0.0
2024-02-28 00:00:00+09:00,1927.993014635564,1954.3665039867108,1913.442123959069,1931.6307373046875,8600,0.0,0.0
2024-02-29 00:00:00+09:00,1919.8079901672652,1945.2720468819423,1896.1627946464937,1918.8985595703125,13700,0.0,0.0
2024-03-01 00:00:00+09:00,1900.7098388671875,1900.7098388671875,1900.7098388671875,1900.7098388671875,4800,0.0,0.0
2024-03-04 00:00:00+09:00,1895.253560628529,1922.5364813669435,1880.7026695680413,1892.5252685546875,12800,0.0,0.0
2024-03-05 00:00:00+09:00,1888.8874990564611,1895.2535137379225,1877.974331031099,1882.521484375,10600,0.0,0.0
2024-03-06 00:00:00+09:00,1879.7931719060916,1907.0760916725083,1879.7931719060916,1885.249755859375,16000,0.0,0.0
2024-03-07 00:00:00+09:00,1877.0649604301948,1891.6158515963205,1877.0649604301948,1890.7064208984375,11400,0.0,0.0
2024-03-08 00:00:00+09:00,1879.79302363794,1905.257080078125,1875.2458707021926,1905.257080078125,17500,0.0,0.0
2024-03-11 00:00:00+09:00,1889.7969160043135,1889.7969160043135,1864.3328574633506,1884.34033203125,15700,0.0,0.0
2024-03-12 00:00:00+09:00,1865.242281364003,1896.1629237659415,1845.234806868631,1885.249755859375,17500,0.0,0.0
2024-03-13 00:00:00+09:00,1877.0648731316296,1897.9817782101313,1866.1517052645852,1886.1591796875,11800,0.0,0.0
2024-03-14 00:00:00+09:00,1886.1590580800134,1927.99286553984,1873.4270297226747,1918.8985595703125,10600,0.0,0.0
2024-03-15 00:00:00+09:00,1914.3514673323946,1941.634386106728,1913.4420367065834,1927.08349609375,30300,0.0,0.0
2024-03-18 00:00:00+09:00,1946.1813672986837,1946.1813672986837,1913.4418676618832,1917.07958984375,8500,0.0,0.0
2024-03-19 00:00:00+09:00,1905.2571275499133,1922.5363091362847,1901.619405110677,1915.2608642578125,5500,0.0,0.0
2024-03-21 00:00:00+09:00,1935.2683240974836,1946.181491338635,1922.536295649474,1933.449462890625,9900,0.0,0.0
2024-03-22 00:00:00+09:00,1944.3625050229891,1944.3625050229891,1888.8872417833247,1900.7098388671875,19000,0.0,0.0
2024-03-25 00:00:00+09:00,2037.1243699596776,2061.67899406187,1970.7359418315273,1973.4642333984375,69000,0.0,0.0
2024-03-26 00:00:00+09:00,1973.4644906060585,1989.8342421410396,1960.7324616344065,1988.015380859375,18600,0.0,0.0
2024-03-27 00:00:00+09:00,1999.83786279725,1999.83786279725,1968.007792220668,1970.736083984375,22200,0.0,0.0
2024-03-28 00:00:00+09:00,2003.9353449894832,2017.7683087146752,1935.6927239452025,1966.125244140625,73700,30.0,0.0
2024-03-29 00:00:00+09:00,1979.0359573937897,2001.1686987625924,1959.669808696087,1962.4364013671875,8800,0.0,0.0
2024-04-01 00:00:00+09:00,1957.8254209365155,1982.7247550699522,1938.4592721660647,1939.3814697265625,18800,0.0,0.0
2024-04-02 00:00:00+09:00,1937.5370993499018,1937.5370993499018,1908.948974609375,1908.948974609375,22300,0.0,0.0
2024-04-03 00:00:00+09:00,1902.4935401329626,1924.62628126878,1899.7269474909856,1918.1708984375,10900,0.0,0.0
2024-04-04 00:00:00+09:00,1918.1708816002156,1934.7704373063714,1907.1045111294452,1925.5484619140625,14300,0.0,0.0
2024-04-05 00:00:00+09:00,1924.6262893197386,1924.6262893197386,1894.1937701306867,1908.0267333984375,8900,0.0,0.0
2024-04-08 00:00:00+09:00,1914.482134083208,1919.0931218820594,1908.948948724586,1913.5599365234375,6400,0.0,0.0
2024-04-09 00:00:00+09:00,1913.5598429051663,1934.7703857421875,1900.649077700023,1934.7703857421875,12700,0.0,0.0
2024-04-10 00:00:00+09:00,1922.7817058608625,1947.681037303665,1922.7817058608625,1937.536865234375,3900,0.0,0.0
2024-04-11 00:00:00+09:00,1927.3929014400928,1953.214433134027,1915.4043331536234,1939.3814697265625,10400,0.0,0.0
2024-04-12 00:00:00+09:00,1958.747565339894,1963.358553017248,1935.692626953125,1935.692626953125,9700,0.0,0.0
2024-04-15 00:00:00+09:00,1911.7156197852316,1920.0153981634598,1908.9490269924888,1912.6378173828125,7500,0.0,0.0
2024-04-16 00:00:00+09:00,1908.9488070968293,1927.3927569238517,1891.427054761158,1895.1158447265625,17800,0.0,0.0
2024-04-17 00:00:00+09:00,1893.271578904326,1893.271578904326,1872.06103515625,1872.06103515625,12100,0.0,0.0
2024-04-18 00:00:00+09:00,1876.6718328186355,1958.7474068337995,1876.6718328186355,1937.536865234375,14800,0.0,0.0
2024-04-19 00:00:00+09:00,1920.0151844957802,1929.2371594453277,1880.3606922127262,1884.9716796875,14900,0.0,0.0
2024-04-22 00:00:00+09:00,1900.64909283412,1927.392820972009,1900.64909283412,1914.4820556640625,6900,0.0,0.0
2024-04-23 00:00:00+09:00,1921.8595771116475,1941.2257244817745,1918.1707871363851,1933.84814453125,17500,0.0,0.0
2024-04-24 00:00:00+09:00,1944.9146477835518,1973.5027720515889,1936.6148697702508,1962.4364013671875,13300,0.0,0.0
2024-04-25 00:00:00+09:00,1943.0701467255014,1962.436294367284,1929.2371841242284,1942.14794921875,7200,0.0,0.0
2024-04-26 00:00:00+09:00,1933.8482036259823,1935.6925986699746,1913.5598581420663,1914.4820556640625,20300,0.0,0.0
2024-04-30 00:00:00+09:00,1915.404126174106,1943.0700499994423,1915.404126174106,1937.536865234375,5100,0.0,0.0
2024-05-01 00:00:00+09:00,1937.5368979035522,1937.5368979035522,1918.1707508992806,1922.78173828125,7500,0.0,0.0
2024-05-02 00:00:00+09:00,1922.781833362028,1923.7040308840242,1912.6376606200702,1914.4820556640625,7600,0.0,0.0
2024-05-07 00:00:00+09:00,1923.7039357576439,1923.7039357576439,1903.4155912769786,1922.78173828125,7900,0.0,0.0
2024-05-08 00:00:00+09:00,1919.0930419685076,1922.781832053983,1901.5712890625,1901.5712890625,6100,0.0,0.0
2024-05-09 00:00:00+09:00,1901.5714028299114,1912.6377737484172,1895.1160197941163,1911.715576171875,5800,0.0,0.0
2024-05-10 00:00:00+09:00,1917.2485643671762,1958.7474510417906,1914.481971922202,1938.4591064453125,18200,0.0,0.0
2024-05-13 00:00:00+09:00,1949.5255767126425,2004.8574284641838,1949.5255767126425,1981.802490234375,21500,0.0,0.0
2024-05-14 00:00:00+09:00,1981.8025139446295,1981.8025139446295,1943.0702172551578,1951.3699951171875,7300,0.0,0.0
2024-05-15 00:00:00+09:00,1951.3700298789322,1951.3700298789322,1925.5484982926325,1949.525634765625,10400,0.0,0.0
2024-05-16 00:00:00+09:00,1948.6032916915613,1948.6032916915613,1905.260009765625,1905.260009765625,9500,0.0,0.0
2024-05-17 00:00:00+09:00,1905.2601599881493,1939.3814697265625,1891.4271965806845,1939.3814697265625,8200,0.0,0.0
2024-05-20 00:00:00+09:00,1942.1480631587299,1961.514211936666,1939.3814704761676,1952.292236328125,8200,0.0,0.0
2024-05-21 00:00:00+09:00,1956.9030190499777,1956.9030190499777,1925.548305266896,1927.3927001953125,4400,0.0,0.0
2024-05-22 00:00:00+09:00,1929.2372082946515,1945.8367636241467,1912.6376529651563,1924.626220703125,11400,0.0,0.0
2024-05-23 00:00:00+09:00,1911.7155509642387,1936.6148852025574,1911.7155509642387,1929.2373046875,11700,0.0,0.0
2024-05-24 00:00:00+09:00,1920.9374497698334,1981.802486584432,1908.9488819124124,1943.0701904296875,9100,0.0,0.0
2024-05-27 00:00:00+09:00,1943.070155759172,1952.292130869562,1936.614773181899,1944.91455078125,3100,0.0,0.0
2024-05-28 00:00:00+09:00,1944.914610237911,1944.914610237911,1920.0152766786773,1925.5484619140625,6000,0.0,0.0
2024-05-29 00:00:00+09:00,1921.8597145613705,1933.8482828383849,1908.948948724586,1913.5599365234375,6500,0.0,0.0
2024-05-30 00:00:00+09:00,1892.349313848812,1905.2600791479754,1888.6605237633366,1901.5712890625,9400,0.0,0.0
2024-05-31 00:00:00+09:00,1901.571282745493,1924.626220703125,1896.0380976356614,1924.626220703125,20000,0.0,0.0
2024-06-03 00:00:00+09:00,1926.4706966428828,1962.4364013671875,1926.4706966428828,1962.4364013671875,5000,0.0,0.0
2024-06-04 00:00:00+09:00,1927.3928934059395,1963.3585981154285,1927.3928934059395,1949.525634765625,4800,0.0,0.0
2024-06-05 00:00:00+09:00,1956.9033288685564,1956.9033288685564,1920.9376220703125,1920.9376220703125,3000,0.0,0.0
2024-06-06 00:00:00+09:00,1933.8481354371866,1943.992307821454,1920.0151730950035,1931.08154296875,5500,0.0,0.0
2024-06-07 00:00:00+09:00,1913.5597744405438,1939.3813039269705,1913.5597744405438,1938.4591064453125,6900,0.0,0.0
2024-06-10 00:00:00+09:00,1925.5484728018816,1954.1365966796875,1902.493534190748,1954.1365966796875,13600,0.0,0.0
2024-06-11 00:00:00+09:00,1962.4363634832976,1963.3585610225284,1925.5484619140625,1925.5484619140625,16000,0.0,0.0
2024-06-12 00:00:00+09:00,1925.548415492958,1925.548415492958,1898.8046875,1898.8046875,9900,0.0,0.0
2024-06-13 00:00:00+09:00,1908.9488757306242,1909.8710732551317,1876.67196237286,1878.516357421875,9800,0.0,0.0
2024-06-14 00:00:00+09:00,1884.9719152720686,1935.6927838336946,1884.9719152720686,1920.9376220703125,28300,0.0,0.0
2024-06-17 00:00:00+09:00,1908.0267511648156,1931.0816901590738,1895.115985328031,1913.5599365234375,11300,0.0,0.0
2024-06-18 00:00:00+09:00,1925.5483489508608,1936.6147187724175,1916.3263740995637,1928.31494140625,7300,0.0,0.0
2024-06-19 00:00:00+09:00,1945.8366751910971,1946.758872667491,1922.78173828125,1922.78173828125,5600,0.0,0.0
2024-06-20 00:00:00+09:00,1922.7820172907352,1933.848388613272,1885.8941128822798,1920.9376220703125,11000,0.0,0.0
2024-06-21 00:00:00+09:00,1920.937415494236,1950.447735847484,1896.960280207222,1944.91455078125,15700,0.0,0.0
2024-06-24 00:00:00+09:00,1963.3586159760098,1969.813998931309,1931.0817011995136,1955.058837890625,11300,0.0,0.0
2024-06-25 00:00:00+09:00,1955.058837890625,1963.3586159760098,1922.7819231141289,1955.058837890625,12200,0.0,0.0
2024-06-26 00:00:00+09:00,1944.9143808099288,1967.9693165710707,1939.3811962272548,1967.047119140625,10200,0.0,0.0
2024-06-27 00:00:00+09:00,1978.1136794935726,1978.1136794935726,1937.536988632166,1950.44775390625,6600,0.0,0.0
2024-06-28 00:00:00+09:00,1950.4477886266748,1959.6697639866118,1924.6262576188512,1948.6033935546875,5900,0.0,0.0
2024-07-01 00:00:00+09:00,1956.9031198710918,1969.8138850351802,1938.4591696366801,1957.8253173828125,7000,0.0,0.0
2024-07-02 00:00:00+09:00,1957.8252876397921,2004.8573600230372,1957.8252876397921,1998.4019775390625,24300,0.0,0.0
2024-07-03 00:00:00+09:00,1998.4020827159661,2027.9124041958512,1995.635490077227,2005.7796630859375,11800,0.0,0.0
2024-07-04 00:00:00+09:00,2005.7797937869143,2047.2786860721608,1994.7134225108487,1995.6356201171875,17000,0.0,0.0
2024-07-05 00:00:00+09:00,1995.6355676721644,2012.235124150029,1988.2579870153356,1991.94677734375,6400,0.0,0.0
2024-07-08 00:00:00+09:00,1981.8026204082253,1991.9467938956568,1943.0703216380318,1958.7476806640625,14600,0.0,0.0
2024-07-09 00:00:00+09:00,1972.5805149424514,1997.479848230645,1960.5919470629508,1981.802490234375,11300,0.0,0.0
2024-07-10 00:00:00+09:00,1957.8253599049356,1971.6583228811833,1945.8367919921875,1945.8367919921875,15100,0.0,0.0
2024-07-11 00:00:00+09:00,1956.9033290441175,1972.5806884191177,1946.7591553308823,1959.669921875,12400,0.0,0.0
2024-07-12 00:00:00+09:00,1959.6695809994105,2003.9350585937502,1937.5368422022407,2003.93505859375,27900,0.0,0.0
2024-07-16 00:00:00+09:00,2001.168664391361,2015.0016275092737,1971.6583430731475,1977.1915283203125,11600,0.0,0.0
2024-07-17 00:00:00+09:00,1977.191574145519,2023.3014522739127,1977.191574145519,2016.8460693359375,12700,0.0,0.0
2024-07-18 00:00:00+09:00,1939.3814115461844,2007.6240289757698,1939.3814115461844,1971.6583251953125,20400,0.0,0.0
2024-07-19 00:00:00+09:00,1964.2807606803447,1970.7361434619233,1951.3699951171875,1951.3699951171875,8200,0.0,0.0
2024-07-22 00:00:00+09:00,1955.0586499550361,1966.1250196717626,1921.8595408048561,1922.78173828125,11900,0.0,0.0
2024-07-23 00:00:00+09:00,1947.6810701438849,1947.6810701438849,1922.78173828125,1922.78173828125,13700,0.0,0.0
2024-07-24 00:00:00+09:00,1932.9260572764376,1932.9260572764376,1892.349365234375,1892.349365234375,11700,0.0,0.0
2024-07-25 00:00:00+09:00,1891.4271408133336,1904.3379062796362,1867.4500049473431,1884.049560546875,28100,0.0,0.0
2024-07-26 00:00:00+09:00,1884.049576371923,1888.6605640771895,1863.76123046875,1863.76123046875,16400,0.0,0.0
2024-07-29 00:00:00+09:00,1875.7496669851619,1922.78173828125,1875.7496669851619,1922.78173828125,9100,0.0,0.0
2024-07-30 00:00:00+09:00,1922.7819470903808,1922.7819470903808,1891.4272294879477,1911.715576171875,11500,0.0,0.0
2024-07-31 00:00:00+09:00,1889.5828953882242,2000.2466081488815,1878.5165241121583,1995.6356201171875,22600,0.0,0.0
2024-08-01 00:00:00+09:00,1983.6470054197105,1988.2579933449074,1917.248779296875,1917.248779296875,17100,0.0,0.0
2024-08-02 00:00:00+09:00,1873.9053818344526,1920.0152583559695,1810.273752234759,1819.4957275390625,34900,0.0,0.0
2024-08-05 00:00:00+09:00,1799.2073539037176,1799.2073539037176,1605.5458755235122,1635.9783935546875,29800,0.0,0.0
2024-08-06 00:00:00+09:00,1713.4429644925067,1778.9189873552452,1679.321656803474,1692.232421875,47100,0.0,0.0
2024-08-07 00:00:00+09:00,1692.232429244074,1812.1181054303026,1692.232429244074,1756.7862548828125,19400,0.0,0.0
2024-08-08 00:00:00+09:00,1719.8982737645808,1825.0287848686894,1697.7655345847686,1731.8868408203125,43100,0.0,0.0
2024-08-09 00:00:00+09:00,1798.2851411459653,1899.7268670567635,1797.3629436376855,1818.573486328125,39400,0.0,0.0
2024-08-13 00:00:00+09:00,1829.6399415478493,1952.2922158552403,1829.6399415478493,1908.0267333984375,16300,0.0,0.0
2024-08-14 00:00:00+09:00,1901.571242107761,1902.4934396063582,1861.9167496680743,1874.8275146484375,23400,0.0,0.0
2024-08-15 00:00:00+09:00,1874.8276382586957,1914.4821333128639,1862.8390699865054,1900.649169921875,17000,0.0,0.0
2024-08-16 00:00:00+09:00,1933.848320096913,1966.1252353107386,1896.9604169953984,1963.358642578125,18500,0.0,0.0
2024-08-19 00:00:00+09:00,1949.5253679621574,1981.8022780277558,1949.5253679621574,1967.047119140625,15800,0.0,0.0
2024-08-20 00:00:00+09:00,1981.8025268835308,2015.9238360946479,1968.8917612360813,2005.7796630859375,21000,0.0,0.0
2024-08-21 00:00:00+09:00,2005.7796551563931,2019.6126182954026,1987.3357043043802,2015.923828125,7600,0.0,0.0
2024-08-22 00:00:00+09:00,2015.924036356152,2076.7890804547364,2004.857664701864,2056.500732421875,22600,0.0,0.0
2024-08-23 00:00:00+09:00,2074.9447371187584,2113.6770388783084,2042.6678189857998,2073.100341796875,31200,0.0,0.0
2024-08-26 00:00:00+09:00,2098.9217347396766,2098.9217347396766,2036.2122980251345,2054.65625,17500,0.0,0.0
2024-08-27 00:00:00+09:00,2073.1003928660084,2092.4665442228525,2054.656439192823,2089.699951171875,16500,0.0,0.0
2024-08-28 00:00:00+09:00,2071.2554175806463,2071.2554175806463,1985.4910570129705,2000.2462158203125,19500,0.0,0.0
2024-08-29 00:00:00+09:00,1982.724853401327,2008.546386375856,1965.2030988828967,1969.8140869140625,15500,0.0,0.0
2024-08-30 00:00:00+09:00,1977.191463667615,1985.491241266966,1944.91455078125,1944.91455078125,11200,0.0,0.0
2024-09-02 00:00:00+09:00,1962.4364533536946,1971.6584291683266,1909.871191210292,1953.2144775390625,24600,0.0,0.0
2024-09-03 00:00:00+09:00,1956.9032168205824,1982.7247484280172,1934.7704754427814,1975.34716796875,15600,0.0,0.0
2024-09-04 00:00:00+09:00,1966.1251974303464,1966.1251974303464,1905.2601584855047,1913.5599365234375,19900,0.0,0.0
2024-09-05 00:00:00+09:00,1913.5598827579036,1966.1251421878796,1891.427141945282,1896.9603271484375,21400,0.0,0.0
2024-09-06 00:00:00+09:00,1919.0930839819755,1922.7818741482072,1872.061009362523,1876.6719970703125,20800,0.0,0.0
2024-09-09 00:00:00+09:00,1871.1387230248188,1889.5826729807065,1844.3949955887815,1861.916748046875,19700,0.0,0.0
2024-09-10 00:00:00+09:00,1861.9168084753198,1880.3607590298054,1847.1616480317314,1855.46142578125,9300,0.0,0.0
2024-09-11 00:00:00+09:00,1846.239525805227,1846.239525805227,1802.896240234375,1802.896240234375,21500,0.0,0.0
2024-09-12 00:00:00+09:00,1835.1731046455564,1872.983203786495,1826.8733267853504,1837.939697265625,20400,0.0,0.0
2024-09-13 00:00:00+09:00,1830.5621057912842,1858.2280318233945,1804.7405748279816,1809.3515625,21500,0.0,0.0
2024-09-17 00:00:00+09:00,1846.2394810874728,1846.2394810874728,1780.7634555344205,1801.9739990234375,19300,0.0,0.0
2024-09-18 00:00:00+09:00,1810.2736907058668,1817.651270698555,1787.2187532287162,1813.040283203125,17500,0.0,0.0
2024-09-19 00:00:00+09:00,1836.0953369140625,1842.550719816322,1810.273805305025,1836.0953369140625,14500,0.0,0.0
2024-09-20 00:00:00+09:00,1844.3951582643451,1861.9169122678566,1818.5736260486444,1824.1068115234375,41300,0.0,0.0
2024-09-24 00:00:00+09:00,1834.2509239830958,1847.1616896622127,1816.7291705614373,1830.5621337890625,11500,0.0,0.0
2024-09-25 00:00:00+09:00,1820.4179070632229,1825.028894669766,1799.2073640731246,1813.9625244140625,11700,0.0,0.0
2024-09-26 00:00:00+09:00,1822.2623411213508,1872.983205879283,1816.729155875031,1863.76123046875,21400,0.0,0.0
2024-09-27 00:00:00+09:00,1888.099538702714,1888.099538702714,1844.1031686883225,1867.5054931640625,14800,30.0,0.0
2024-09-30 00:00:00+09:00,1830.0617479709765,1867.5054665995385,1791.6819363767002,1806.659423828125,11900,0.0,0.0
2024-10-01 00:00:00+09:00,1830.9980140744274,1848.7837821048029,1830.0619210201971,1839.4228515625,12700,0.0,0.0
2024-10-02 00:00:00+09:00,1816.9565745656275,1842.2310864220271,1807.5956442484423,1826.3175048828125,18800,0.0,0.0
2024-10-03 00:00:00+09:00,1837.550530453215,1907.757504362533,1837.550530453215,1871.2498779296875,19000,0.0,0.0
2024-10-04 00:00:00+09:00,1872.1860792809707,1908.6937078269498,1872.1860792809707,1885.2913818359375,13600,0.0,0.0
2024-10-07 00:00:00+09:00,1910.5658529910606,1932.0959924417193,1898.3966437363406,1927.41552734375,18100,0.0,0.0
2024-10-08 00:00:00+09:00,1906.8214696563584,1906.8214696563584,1884.3552373187283,1888.099609375,13000,0.0,0.0
2024-10-09 00:00:00+09:00,1897.4605458955355,1898.3966389127506,1881.5469646028741,1889.9718017578125,6900,0.0,0.0
2024-10-10 00:00:00+09:00,1890.9078433133964,1892.780029296875,1890.9078433133964,1892.780029296875,800,0.0,0.0
2024-10-11 00:00:00+09:00,1892.780029296875,1916.1823540903576,1891.8439363051357,1892.780029296875,12200,0.0,0.0
2024-10-15 00:00:00+09:00,1902.141075572401,1908.6937269154162,1887.1635867883663,1890.907958984375,12900,0.0,0.0
2024-10-16 00:00:00+09:00,1870.3138932016898,1909.6298008665901,1870.3138932016898,1885.2913818359375,8600,0.0,0.0
2024-10-17 00:00:00+09:00,1885.2913638537345,1885.2913638537345,1861.8890380859375,1861.8890380859375,11800,0.0,0.0
2024-10-18 00:00:00+09:00,1899.3327528594064,1899.3327528594064,1860.016845703125,1860.016845703125,8800,0.0,0.0
2024-10-21 00:00:00+09:00,1885.2912532106843,1885.2912532106843,1838.4866044219384,1847.8475341796875,22500,0.0,0.0
2024-10-22 00:00:00+09:00,1849.7197978117028,1849.7197978117028,1821.637007359096,1834.7423095703125,20000,0.0,0.0
2024-10-23 00:00:00+09:00,1844.1032269249665,1867.5055521397503,1825.3813667531394,1830.9979248046875,16800,0.0,0.0
2024-10-24 00:00:00+09:00,1833.8061078370247,1856.2723388671875,1829.1256430390742,1856.2723388671875,20100,0.0,0.0
2024-10-25 00:00:00+09:00,1861.8890734750137,1861.8890734750137,1817.8927001953125,1817.8927001953125,14500,0.0,0.0
2024-10-28 00:00:00+09:00,1831.9340620786404,1854.4002948276886,1818.8287596416956,1844.103271484375,12800,0.0,0.0
2024-10-29 00:00:00+09:00,1841.2948897512335,1857.2084703947369,1835.678331877056,1849.7197265625,11100,0.0,0.0
2024-10-30 00:00:00+09:00,1852.5280978254261,1854.400283876791,1804.787353515625,1804.787353515625,36200,0.0,0.0
2024-10-31 00:00:00+09:00,1805.7232990235382,1826.317343906129,1789.8097188869906,1815.084228515625,20600,0.0,0.0
2024-11-01 00:00:00+09:00,1815.084320301318,1815.084320301318,1713.9862766744266,1716.7945556640625,41900,0.0,0.0
2024-11-05 00:00:00+09:00,1754.2382620376488,1790.7458886222105,1725.2193793678694,1748.6217041015625,15600,0.0,0.0
2024-11-06 00:00:00+09:00,1758.9188283177425,1788.873805702611,1758.9188283177425,1778.5767822265625,18600,0.0,0.0
2024-11-07 00:00:00+09:00,1778.5767307171243,1798.2346840566295,1762.6631494422868,1781.385009765625,10500,0.0,0.0
2024-11-08 00:00:00+09:00,1818.8286783026424,1818.8286783026424,1741.1329601867808,1748.6217041015625,12200,0.0,0.0
2024-11-11 00:00:00+09:00,1735.5163440881433,1751.4299243737412,1713.0501130967111,1713.9862060546875,19000,0.0,0.0
2024-11-12 00:00:00+09:00,1714.9223309846202,1714.9223309846202,1669.0537751886343,1669.9898681640625,39600,0.0,0.0
2024-11-13 00:00:00+09:00,1670.926031068314,1709.3058446670818,1670.926031068314,1690.583984375,22500,0.0,0.0
2024-11-14 00:00:00+09:00,1690.583953128333,1699.0087901040556,1644.71539626051,1645.6514892578125,17800,0.0,0.0
2024-11-15 00:00:00+09:00,1666.2455873842594,1666.2455873842594,1642.84326171875,1642.84326171875,15400,0.0,0.0
2024-11-18 00:00:00+09:00,1642.8433084735839,1658.756890379026,1618.50488908879,1620.3770751953125,12600,0.0,0.0
2024-11-19 00:00:00+09:00,1631.6101335697306,1636.290598668898,1620.377017331729,1621.3131103515625,12100,0.0,0.0
2024-11-20 00:00:00+09:00,1622.2491646712372,1636.2905596337696,1604.4633977186961,1627.86572265625,17800,0.0,0.0
2024-11-21 00:00:00+09:00,1629.73785105451,1646.5875244140625,1624.1212932679923,1646.5875244140625,6900,0.0,0.0
2024-11-22 00:00:00+09:00,1658.7567972372997,1669.9899132456787,1647.5236812289206,1665.3094482421875,20600,0.0,0.0
2024-11-25 00:00:00+09:00,1684.0313475460284,1687.7757196361808,1657.820742914962,1658.7568359375,15100,0.0,0.0
2024-11-26 00:00:00+09:00,1655.0124664039722,1655.0124664039722,1601.655164036876,1605.3995361328125,22900,0.0,0.0
2024-11-27 00:00:00+09:00,1619.4409850245036,1619.4409850245036,1582.9333558823325,1584.8055419921875,23000,0.0,0.0
2024-11-28 00:00:00+09:00,1584.8053943472848,1604.4633466693717,1584.8053943472848,1595.1024169921875,17300,0.0,0.0
2024-11-29 00:00:00+09:00,1587.6138604685648,1587.6138604685648,1575.4446504531807,1578.2529296875,16300,0.0,0.0
2024-12-02 00:00:00+09:00,1575.4445610797043,1589.4859564547462,1562.339258729665,1569.8280029296875,35500,0.0,0.0
2024-12-03 00:00:00+09:00,1564.2114066459037,1569.827964658995,1548.297825608812,1558.5948486328125,28500,0.0,0.0
2024-12-04 00:00:00+09:00,1563.275320553085,1563.275320553085,1538.0008093824665,1542.6812744140625,24100,0.0,0.0
2024-12-05 00:00:00+09:00,1555.786575985584,1560.467041015625,1537.0647158654206,1560.467041015625,28200,0.0,0.0
2024-12-06 00:00:00+09:00,1548.2979018525448,1563.275390625,1544.553529659431,1563.275390625,10100,0.0,0.0
2024-12-09 00:00:00+09:00,1563.275300817702,1563.275300817702,1546.4256269166729,1554.8504638671875,15300,0.0,0.0
2024-12-10 00:00:00+09:00,1566.0836571444984,1570.764122348158,1553.9144476149836,1559.531005859375,19300,0.0,0.0
2024-12-11 00:00:00+09:00,1557.658782492355,1561.4031545656537,1522.087247796015,1530.5120849609375,36900,0.0,0.0
2024-12-12 00:00:00+09:00,1542.6812871235625,1552.0422172638753,1530.5120779411557,1546.4256591796875,18000,0.0,0.0
2024-12-13 00:00:00+09:00,1538.000887288312,1548.2979108794084,1523.9594914822712,1529.5760498046875,23500,0.0,0.0
2024-12-16 00:00:00+09:00,1529.5760108998895,1538.9369411991545,1525.8316387801835,1536.128662109375,9000,0.0,0.0
2024-12-17 00:00:00+09:00,1538.9369613310043,1538.9369613310043,1521.1511935297335,1523.95947265625,14000,0.0,0.0
2024-12-18 00:00:00+09:00,1532.3842717538967,1532.3842717538967,1511.7902253405884,1512.726318359375,17900,0.0,0.0
2024-12-19 00:00:00+09:00,1511.7902120266276,1530.5120722374836,1508.9819329949992,1526.7677001953125,36800,0.0,0.0
2024-12-20 00:00:00+09:00,1531.4481464162711,1535.1925184123988,1503.3653564453125,1503.3653564453125,42000,0.0,0.0
2024-12-23 00:00:00+09:00,1513.6623341935085,1519.2788920198295,1499.620939627706,1508.0457763671875,28000,0.0,0.0
2024-12-24 00:00:00+09:00,1516.4706967876043,1516.4706967876043,1500.5571154015615,1514.5985107421875,35800,0.0,0.0
2024-12-25 00:00:00+09:00,1497.7487920822944,1504.3014430476544,1483.7073971565228,1501.4931640625,71700,0.0,0.0
2024-12-26 00:00:00+09:00,1506.1735596144877,1557.65867196924,1506.1735596144877,1552.0421142578125,46300,0.0,0.0
2024-12-27 00:00:00+09:00,1553.91442150464,1574.5084680547013,1552.9783284796372,1569.8280029296875,26300,0.0,0.0
2024-12-30 00:00:00+09:00,1581.0611340458336,1581.0611340458336,1527.7038311206634,1538.0008544921875,29200,0.0,0.0
2025-01-06 00:00:00+09:00,1538.9369475259623,1558.5949012352355,1517.4068077491393,1538.0008544921875,39400,0.0,0.0
2025-01-07 00:00:00+09:00,1542.6812423687425,1561.4031021062272,1531.4481265262516,1533.3203125,16700,0.0,0.0
2025-01-08 00:00:00+09:00,1533.3203252869023,1544.5534412230702,1523.9593953400959,1537.064697265625,26800,0.0,0.0
2025-01-09 00:00:00+09:00,1528.6399326858568,1532.3843048418541,1504.301513671875,1504.301513671875,31600,0.0,0.0
2025-01-10 00:00:00+09:00,1505.2375993399785,1529.576018234779,1502.429320236732,1520.215087890625,22800,0.0,0.0
2025-01-14 00:00:00+09:00,1526.7675897434644,1526.7675897434644,1493.068243801855,1494.9404296875,47700,0.0,0.0
2025-01-15 00:00:00+09:00,1505.237547508446,1571.7001506633587,1504.3014545062642,1558.5948486328125,73900,0.0,0.0
2025-01-16 00:00:00+09:00,1567.9557850636904,1619.4409003941398,1560.467041015625,1560.467041015625,55600,0.0,0.0
2025-01-17 00:00:00+09:00,1564.2114647351777,1596.9747210282544,1549.233976144057,1557.6588134765625,49600,0.0,0.0
2025-01-20 00:00:00+09:00,1575.4445914551354,1596.9747314453125,1574.5084984120842,1596.9747314453125,19600,0.0,0.0
2025-01-21 00:00:00+09:00,1604.463431139646,1611.9521752756536,1581.997198731623,1583.869384765625,22800,0.0,0.0
2025-01-22 00:00:00+09:00,1587.6136027520577,1598.8467178658693,1587.6136027520577,1592.2940673828125,8100,0.0,0.0
2025-01-23 00:00:00+09:00,1592.2942290986473,1592.2942290986473,1556.7226942922107,1567.955810546875,21000,0.0,0.0
2025-01-24 00:00:00+09:00,1576.380596250565,1576.380596250565,1552.978271484375,1552.978271484375,23900,0.0,0.0
2025-01-27 00:00:00+09:00,1573.5724078208136,1589.4859895774787,1559.5310121531681,1561.4031982421875,10100,0.0,0.0
2025-01-28 00:00:00+09:00,1567.0197691118888,1584.805537100614,1563.2753969037362,1565.1475830078125,15900,0.0,0.0
2025-01-29 00:00:00+09:00,1573.572476683848,1595.102617649778,1565.147638914571,1581.997314453125,20200,0.0,0.0
2025-01-30 00:00:00+09:00,1578.2528906076952,1592.2942864316071,1572.6363322781306,1584.8055419921875,15900,0.0,0.0
2025-01-31 00:00:00+09:00,1587.6136732504401,1607.271625572527,1581.9971154441296,1595.1024169921875,19800,0.0,0.0
2025-02-03 00:00:00+09:00,1590.4220301629825,1590.4220301629825,1549.2339375631173,1564.21142578125,47900,0.0,0.0
2025-02-04 00:00:00+09:00,1586.6777566163137,1587.6138496880637,1553.9144991050623,1556.7227783203125,12000,0.0,0.0
2025-02-05 00:00:00+09:00,1576.38054486443,1628.8017506318934,1575.4444519042968,1591.3580322265625,29300,0.0,0.0
2025-02-06 00:00:00+09:00,1591.3581352729302,1605.3995305841618,1584.8054841276887,1585.7415771484375,9200,0.0,0.0
2025-02-07 00:00:00+09:00,1575.4444580078125,1602.5911539568478,1562.3391565151749,1575.4444580078125,17900,0.0,0.0
2025-02-10 00:00:00+09:00,1574.5085121484144,1600.719117582514,1566.0836746874538,1582.933349609375,38200,0.0,0.0
2025-02-12 00:00:00+09:00,1579.1888878422035,1611.0160497785607,1574.5084228515625,1574.5084228515625,21700,0.0,0.0
2025-02-13 00:00:00+09:00,1577.3166890195498,1588.5498049057426,1569.8279450954215,1570.7640380859375,16200,0.0,0.0
2025-02-14 00:00:00+09:00,1581.997314453125,1599.783083077154,1570.7641974274222,1581.997314453125,25000,0.0,0.0
2025-02-17 00:00:00+09:00,1580.1249028149502,1595.1023900454238,1536.1285340754346,1552.0421142578125,50800,0.0,0.0
2025-02-18 00:00:00+09:00,1553.9144371295797,1553.9144371295797,1519.2789948562095,1520.215087890625,32300,0.0,0.0
2025-02-19 00:00:00+09:00,1536.1286758479157,1543.617420154304,1518.3429081202432,1522.0872802734375,20200,0.0,0.0
2025-02-20 00:00:00+09:00,1525.8316142142485,1530.5120792885252,1502.4292888428643,1510.8541259765625,23700,0.0,0.0
2025-02-21 00:00:00+09:00,1505.2374973009578,1505.2374973009578,1487.45173085275,1490.260009765625,39700,0.0,0.0
2025-02-25 00:00:00+09:00,1494.940519454025,1509.9180074385363,1483.7074034656416,1503.3653564453125,18000,0.0,0.0
2025-02-26 00:00:00+09:00,1504.3015480742115,1504.3015480742115,1475.2826632015913,1478.0909423828125,39800,0.0,0.0
2025-02-27 00:00:00+09:00,1484.6434711174613,1497.7487728801627,1480.8990991852609,1495.8765869140625,10800,0.0,0.0
2025-02-28 00:00:00+09:00,1495.8767041851618,1495.8767041851618,1475.2826569435638,1476.21875,20000,0.0,0.0
2025-03-03 00:00:00+09:00,1497.7488300587872,1512.726318359375,1497.7488300587872,1512.726318359375,20100,0.0,0.0
2025-03-04 00:00:00+09:00,1502.4292442321778,1509.917988128662,1493.0683143615722,1497.748779296875,21600,0.0,0.0
2025-03-05 00:00:00+09:00,1503.36531151192,1525.831542817204,1491.1961028882247,1508.0457763671875,30500,0.0,0.0
2025-03-06 00:00:00+09:00,1523.9594338326644,1544.5534802358086,1515.5345966677419,1530.5120849609375,17000,0.0,0.0
2025-03-07 00:00:00+09:00,1511.7902579838694,1512.7263510228688,1494.0044902428826,1504.301513671875,20400,0.0,0.0
2025-03-10 00:00:00+09:00,1505.2375551970108,1516.4706712805707,1488.3878810716712,1507.1097412109375,44600,0.0,0.0
2025-03-11 00:00:00+09:00,1490.2600796497445,1518.3428700954055,1489.323986634889,1510.8541259765625,48500,0.0,0.0
2025-03-12 00:00:00+09:00,1502.429256462441,1538.9368832549862,1502.429256462441,1537.064697265625,40500,0.0,0.0
2025-03-13 00:00:00+09:00,1545.4895275591941,1564.2113873721462,1530.5120397088326,1552.978271484375,81200,0.0,0.0
2025-03-14 00:00:00+09:00,1540.8092126349136,1599.7830767880118,1540.8092126349136,1580.1251220703125,107200,0.0,0.0
2025-03-17 00:00:00+09:00,1615.6965985327217,1692.4562283587259,1596.9747375995498,1689.64794921875,92600,0.0,0.0
2025-03-18 00:00:00+09:00,1692.4560680212314,1756.1103891636228,1684.0312313994443,1713.9862060546875,101800,0.0,0.0
2025-03-19 00:00:00+09:00,1700.880936353196,1713.986238009192,1664.3733103114928,1669.9898681640625,40700,0.0,0.0
2025-03-21 00:00:00+09:00,1661.5650502545045,1758.9187208046276,1652.204120393916,1711.177978515625,406900,0.0,0.0
2025-03-24 00:00:00+09:00,1735.5164879525062,1735.5164879525062,1675.6065336758286,1701.817138671875,37200,0.0,0.0
2025-03-25 00:00:00+09:00,1702.7532047420352,1729.89990234375,1702.7532047420352,1729.89990234375,17100,0.0,0.0
2025-03-26 00:00:00+09:00,1729.899838103174,1744.8773258789593,1723.347187201268,1728.9637451171875,34800,0.0,0.0
2025-03-27 00:00:00+09:00,1703.6893916630245,1745.8135799184288,1703.6893916630245,1740.197021484375,33200,0.0,0.0
2025-03-28 00:00:00+09:00,1751.74055012223,1782.5234702781395,1751.74055012223,1766.1700439453125,15000,50.0,0.0
2025-03-31 00:00:00+09:00,1744.0447599142205,1750.7785234660128,1704.604144825151,1713.2618408203125,26800,0.0,0.0
2025-04-01 00:00:00+09:00,1713.2618752856088,1734.425132588407,1710.3759765625,1710.3759765625,15500,0.0,0.0
2025-04-02 00:00:00+09:00,1705.5661088460977,1712.2998723892013,1693.060547980334,1699.7943115234375,15000,0.0,0.0
2025-04-03 00:00:00+09:00,1641.1143851414415,1688.2507303184232,1641.1143851414415,1674.783203125,26700,0.0,0.0
2025-04-04 00:00:00+09:00,1693.0605162205716,1740.1968601380763,1669.0113611606203,1716.147705078125,90400,0.0,0.0
2025-04-07 00:00:00+09:00,1544.9176928083473,1683.4408234213001,1544.9176928083473,1646.8861083984375,60500,0.0,0.0
2025-04-08 00:00:00+09:00,1685.364872604225,1747.892678950843,1685.364872604225,1719.03369140625,57700,0.0,0.0
2025-04-09 00:00:00+09:00,1701.7181545858975,1731.5391058533721,1683.4407973574453,1690.174560546875,29000,0.0,0.0
2025-04-10 00:00:00+09:00,1785.4094061825783,1795.0290689314068,1748.8546877370297,1783.4854736328125,22300,0.0,0.0
2025-04-11 00:00:00+09:00,1745.0066906218833,1821.9639867904339,1741.158825813456,1808.4964599609375,14900,0.0,0.0
2025-04-14 00:00:00+09:00,1817.1541171785839,1826.7737789953048,1769.0558080949793,1791.1810302734375,20800,0.0,0.0
2025-04-15 00:00:00+09:00,1752.7023733215838,1770.9797306723576,1731.5391174417402,1744.044677734375,20000,0.0,0.0
2025-04-16 00:00:00+09:00,1737.3109996596663,1758.4742565768938,1728.6533036480735,1733.463134765625,15100,0.0,0.0
2025-04-17 00:00:00+09:00,1732.5011553273941,1767.1319391096185,1726.7293580303567,1758.4742431640625,11500,0.0,0.0
2025-04-18 00:00:00+09:00,1765.2080347964638,1827.73583984375,1760.3982036389802,1827.73583984375,19900,0.0,0.0
2025-04-21 00:00:00+09:00,1828.6978208794358,1837.3555170329944,1809.45849609375,1809.45849609375,15300,0.0,0.0
2025-04-22 00:00:00+09:00,1810.4203485815212,1861.4045560601721,1810.4203485815212,1849.8609619140625,22700,0.0,0.0
2025-04-23 00:00:00+09:00,1885.453817913641,1892.1875815490469,1838.3174724658,1854.6708984375,19000,0.0,0.0
2025-04-24 00:00:00+09:00,1875.8341655914403,1875.8341655914403,1802.7247314453125,1802.7247314453125,19600,0.0,0.0
2025-04-25 00:00:00+09:00,1805.610568583446,1855.6328112932695,1779.6374810225757,1848.8990478515625,47600,0.0,0.0
2025-04-28 00:00:00+09:00,1863.3285677823153,1863.3285677823153,1798.8768310546875,1798.8768310546875,23900,0.0,0.0
2025-04-30 00:00:00+09:00,1790.21920711848,1829.659823718081,1790.21920711848,1820.0401611328125,16200,0.0,0.0
2025-05-01 00:00:00+09:00,1805.6106349651322,1874.8722043404598,1779.6375464493847,1836.3935546875,64200,0.0,0.0
2025-05-02 00:00:00+09:00,1836.3935059478777,1857.5567626953125,1808.496485689895,1857.5567626953125,21100,0.0,0.0
2025-05-07 00:00:00+09:00,1839.2794684193123,1847.9371646618717,1804.648683449074,1818.1162109375,23300,0.0,0.0
2025-05-08 00:00:00+09:00,1825.811922161583,1826.7738884008672,1800.8007999401914,1809.45849609375,12700,0.0,0.0
2025-05-09 00:00:00+09:00,1809.458493140436,1822.9260204684351,1789.2572021484375,1789.2572021484375,13300,0.0,0.0
2025-05-12 00:00:00+09:00,1793.1050100373363,1799.8387734870473,1746.9306320964608,1763.2840576171875,25600,0.0,0.0
2025-05-13 00:00:00+09:00,1783.4854027447439,1791.181132637925,1753.6644494086665,1775.7896728515625,27600,0.0,0.0
2025-05-14 00:00:00+09:00,1776.7515752914105,1811.3823585672583,1767.1319132703416,1808.4964599609375,29700,0.0,0.0
2025-05-15 00:00:00+09:00,1807.5345091727868,1827.7357995893,1788.2951849665835,1796.952880859375,21300,0.0,0.0
2025-05-16 00:00:00+09:00,1810.420325360859,1827.7357163579343,1696.9083177133662,1742.1207275390625,132900,0.0,0.0
2025-05-19 00:00:00+09:00,1742.120871936088,1782.5234542780624,1742.120871936088,1777.713623046875,32800,0.0,0.0
2025-05-20 00:00:00+09:00,1777.7135686307902,1814.2682848688692,1765.2080078125,1765.2080078125,22400,0.0,0.0
2025-05-21 00:00:00+09:00,1780.599470664715,1796.9528963812465,1769.0558760412807,1785.4093017578125,17400,0.0,0.0
2025-05-22 00:00:00+09:00,1770.9797431604186,1826.7737817825284,1770.9797431604186,1804.6485595703125,22100,0.0,0.0
2025-05-23 00:00:00+09:00,1806.5724891801908,1808.496421543535,1785.409233183405,1791.1810302734375,17100,0.0,0.0
2025-05-26 00:00:00+09:00,1800.800797001008,1803.6866957141508,1757.5123163038686,1789.2572021484375,20500,0.0,0.0
2025-05-27 00:00:00+09:00,1802.7246959339489,1814.268290571733,1771.941776899858,1798.8768310546875,11200,0.0,0.0
2025-05-28 00:00:00+09:00,1798.8767815142157,1821.0020039606472,1798.8767815142157,1813.3062744140625,11000,0.0,0.0
2025-05-29 00:00:00+09:00,1818.1162652619846,1837.3555908203125,1808.4966024828207,1837.3555908203125,13500,0.0,0.0
2025-05-30 00:00:00+09:00,1837.3554485123664,1860.4426373941972,1813.306293427126,1821.9639892578125,12300,0.0,0.0
2025-06-02 00:00:00+09:00,1810.4204623330343,1838.3174832722787,1805.6106311366127,1809.45849609375,15800,0.0,0.0
2025-06-03 00:00:00+09:00,1809.4585216871146,1890.2636869299204,1805.6106566755525,1871.986328125,28500,0.0,0.0
2025-06-04 00:00:00+09:00,1871.986249716655,1937.3999521733522,1868.138384866261,1922.970458984375,44000,0.0,0.0
2025-06-05 00:00:00+09:00,1911.4268365559417,1972.0307070657677,1911.4268365559417,1959.525146484375,37100,0.0,0.0
2025-06-06 00:00:00+09:00,1940.2858720094584,1959.5251964716247,1934.5140746708087,1945.095703125,9000,0.0,0.0
2025-06-09 00:00:00+09:00,1946.057687088435,1989.346167522928,1932.590159842148,1947.0196533203125,21200,0.0,0.0
2025-06-10 00:00:00+09:00,1947.0196553568144,1981.6504397406313,1937.3999930279763,1960.4871826171875,21400,0.0,0.0
2025-06-11 00:00:00+09:00,1954.7153436459325,2027.82477579017,1949.9055125838115,2022.052978515625,27300,0.0,0.0
2025-06-12 00:00:00+09:00,2010.509503065308,2040.3304574169945,2001.851806640625,2001.851806640625,33400,0.0,0.0
2025-06-13 00:00:00+09:00,2001.8516761599565,2007.6234734002062,1946.0576361708754,1954.71533203125,38300,0.0,0.0
2025-06-16 00:00:00+09:00,1971.0688270501064,1971.0688270501064,1928.7423124624029,1948.943603515625,14700,0.0,0.0
2025-06-17 00:00:00+09:00,1963.3730931859595,1963.3730931859595,1919.1226462057762,1922.008544921875,12700,0.0,0.0
2025-06-18 00:00:00+09:00,1934.5140881739064,1943.1717842423127,1904.6931350493958,1920.0845947265625,22800,0.0,0.0
2025-06-19 00:00:00+09:00,1940.2858543413079,2149.9944890693223,1940.2858543413079,2148.070556640625,316700,0.0,0.0
2025-06-20 00:00:00+09:00,2103.8202526502732,2106.706151487928,2029.7488491504691,2030.7108154296875,109000,0.0,0.0
2025-06-23 00:00:00+09:00,2041.2923096614097,2106.7060123272795,2029.748715073315,2062.45556640625,94200,0.0,0.0
2025-06-24 00:00:00+09:00,2069.1893229244097,2079.770951261076,2009.5474177541107,2022.052978515625,38000,0.0,0.0
2025-06-25 00:00:00+09:00,2022.053016058004,2039.368408203125,2006.6615563734522,2039.368408203125,36000,0.0,0.0
2025-06-26 00:00:00+09:00,2039.368428823495,2092.2765720241046,2037.4444963434728,2061.49365234375,38500,0.0,0.0
2025-06-27 00:00:00+09:00,2061.493637663694,2105.7440843890927,2061.493637663694,2079.77099609375,43100,0.0,0.0
2025-06-30 00:00:00+09:00,2087.4667197173494,2109.591943013893,2039.368408203125,2039.368408203125,25400,0.0,0.0
2025-07-01 00:00:00+09:00,2034.5586819278492,2085.5428947610294,2031.6727830882353,2044.1783447265625,23700,0.0,0.0
2025-07-02 00:00:00+09:00,2024.938807099391,2042.254198323994,2011.4712805913666,2021.0909423828125,28000,0.0,0.0
2025-07-03 00:00:00+09:00,2021.0910889759093,2029.7487852161678,1943.1718228135824,1944.1337890625,32800,0.0,0.0
2025-07-04 00:00:00+09:00,1934.5140912836594,1957.6012808365224,1923.932462738597,1940.285888671875,35800,0.0,0.0
2025-07-07 00:00:00+09:00,1943.1716857399779,2003.7755551467199,1940.2857871967997,1955.67724609375,56200,0.0,0.0
2025-07-08 00:00:00+09:00,1955.6772076156972,2034.5584329105752,1935.4759182109115,2017.2430419921875,85400,0.0,0.0
2025-07-09 00:00:00+09:00,2017.2431859284095,2078.809024697803,2005.6995911591482,2046.1021728515625,61300,0.0,0.0
2025-07-10 00:00:00+09:00,2046.102239467076,2046.102239467076,2002.8137576729912,2020.129150390625,62300,0.0,0.0
2025-07-11 00:00:00+09:00,2037.4444071356127,2061.493562082917,2030.7106437503676,2045.14013671875,41700,0.0,0.0
2025-07-14 00:00:00+09:00,2073.999194587629,2094.200485444002,2052.8359375,2052.8359375,65300,0.0,0.0
2025-07-15 00:00:00+09:00,2050.9119199810607,2086.504669061407,2035.520460919289,2063.41748046875,35300,0.0,0.0
2025-07-16 00:00:00+09:00,2045.140101052589,2056.683695225981,2026.8627436113852,2041.292236328125,21900,0.0,0.0
2025-07-17 00:00:00+09:00,2029.7488505284928,2056.68390636489,2029.7488505284928,2044.1783447265625,14200,0.0,0.0
2025-07-18 00:00:00+09:00,2048.98809752263,2048.98809752263,1981.650460514844,1982.6124267578125,26800,0.0,0.0
2025-07-22 00:00:00+09:00,1981.6505324445661,2010.5095207811376,1981.6505324445661,2003.7757568359375,21900,0.0,0.0
2025-07-23 00:00:00+09:00,2003.7755525360974,2027.82470703125,1982.6122965803634,2027.82470703125,49800,0.0,0.0
2025-07-24 00:00:00+09:00,2051.873779296875,2082.6566958170342,2037.4442871780502,2051.873779296875,27700,0.0,0.0
2025-07-25 00:00:00+09:00,2055.7218006116123,2067.2653951868765,2039.3683749633217,2048.988037109375,19900,0.0,0.0
2025-07-28 00:00:00+09:00,2034.5585427484139,2055.7217994578536,2025.9008468218249,2042.2542724609375,16600,0.0,0.0
2025-07-29 00:00:00+09:00,2027.8247439000559,2055.721763621641,2024.9388453081679,2038.4063720703125,15400,0.0,0.0
2025-07-30 00:00:00+09:00,2022.0529127058053,2056.683695225981,2022.0529127058053,2041.292236328125,21200,0.0,0.0
2025-07-31 00:00:00+09:00,2048.988096887514,2102.8582064770453,2048.988096887514,2101.896240234375,59900,0.0,0.0
2025-08-01 00:00:00+09:00,2078.8089800910443,2111.515831235466,2070.1512841998738,2094.200439453125,19700,0.0,0.0
2025-08-04 00:00:00+09:00,2064.3796049270204,2093.2385928803337,2064.3796049270204,2073.999267578125,11900,0.0,0.0
2025-08-05 00:00:00+09:00,2070.1513671875,2086.504793415282,2063.4176034466486,2070.1513671875,13300,0.0,0.0
2025-08-06 00:00:00+09:00,2089.3904850410427,2113.439638874388,2080.7327896610386,2087.466552734375,18000,0.0,0.0
2025-08-07 00:00:00+09:00,2103.8202797049908,2131.7173021610697,2100.9343808302237,2126.907470703125,26400,0.0,0.0
2025-08-08 00:00:00+09:00,2129.793179738436,2145.1846390319383,2117.2876190624647,2139.412841796875,27700,0.0,0.0
2025-08-12 00:00:00+09:00,2138.4507228131274,2164.423808515311,2128.8310614419483,2155.76611328125,24400,0.0,0.0
2025-08-13 00:00:00+09:00,2156.7284124761263,2172.119873046875,2141.336951905378,2172.119873046875,21400,0.0,0.0
2025-08-14 00:00:00+09:00,2175.9675959400784,2195.206920395782,2154.8043390388048,2156.728271484375,66300,0.0,0.0
2025-08-15 00:00:00+09:00,2063.417523034573,2149.994482043017,2014.357246263122,2107.66796875,100700,0.0,0.0
2025-08-18 00:00:00+09:00,2116.3254681755516,2120.1733326631434,2069.1891282025504,2093.23828125,26600,0.0,0.0
2025-08-19 00:00:00+09:00,2098.048408876616,2119.211666554418,2081.694982489224,2092.276611328125,26400,0.0,0.0
2025-08-20 00:00:00+09:00,2082.656793095192,2100.934150632748,2054.7597736957646,2095.162353515625,23100,0.0,0.0
2025-08-21 00:00:00+09:00,2103.8202047211216,2103.8202047211216,2078.80908203125,2078.80908203125,12700,0.0,0.0
2025-08-22 00:00:00+09:00,2078.8090687893473,2119.2116513387004,2068.2274400264214,2110.553955078125,34400,0.0,0.0
2025-08-25 00:00:00+09:00,2110.5540058333813,2114.401870930616,2091.3146803472064,2096.12451171875,15400,0.0,0.0
2025-08-26 00:00:00+09:00,2073.999108573718,2093.238432400932,2063.41748046875,2063.41748046875,15000,0.0,0.0
2025-08-27 00:00:00+09:00,2063.417516027622,2106.7059953848448,2058.6076849879305,2067.265380859375,25800,0.0,0.0
2025-08-28 00:00:00+09:00,2059.5697720168796,2069.189434660583,2042.2543792582137,2060.53173828125,13800,0.0,0.0
2025-08-29 00:00:00+09:00,2060.5315958850247,2068.2273254681622,2041.2922719271814,2045.14013671875,17700,0.0,0.0
2025-09-01 00:00:00+09:00,2045.1401699477196,2071.1132577128133,2032.634609171934,2035.5205078125,14000,0.0,0.0
2025-09-02 00:00:00+09:00,2036.482404040614,2039.3683025820037,2032.6345393187612,2034.5584716796875,7100,0.0,0.0
2025-09-03 00:00:00+09:00,2034.558468890837,2039.36829978656,2011.4712805913666,2021.0909423828125,20100,0.0,0.0
2025-09-04 00:00:00+09:00,2011.4714499115655,2015.3193149520469,1984.5363946281968,1986.4603271484375,16000,0.0,0.0
2025-09-05 00:00:00+09:00,1986.4602383430276,1987.422204560143,1960.4871504809155,1976.840576171875,21500,0.0,0.0
2025-09-08 00:00:00+09:00,1996.079870792729,2016.2811610513543,1978.7644791424789,2006.6614990234375,15600,0.0,0.0
2025-09-09 00:00:00+09:00,2010.5094534547002,2028.78681212247,1989.3461960499137,2023.0150146484375,17100,0.0,0.0
2025-09-10 00:00:00+09:00,2013.3953521917165,2030.7107446138143,2013.3953521917165,2023.0150146484375,8700,0.0,0.0
2025-09-11 00:00:00+09:00,2035.5204696437083,2036.4824358391922,2010.5093485611299,2018.205078125,9000,0.0,0.0
2025-09-12 00:00:00+09:00,2028.7867408333645,2034.5585381045832,2015.3192138671875,2015.3192138671875,16000,0.0,0.0
2025-09-16 00:00:00+09:00,2007.6235881719758,2026.862913406015,2007.6235881719758,2013.3953857421875,7000,0.0,0.0
2025-09-17 00:00:00+09:00,2009.5473275676334,2023.9768201064148,1973.9545793053057,2005.699462890625,18000,0.0,0.0
2025-09-18 00:00:00+09:00,1998.9658224131363,2018.2051469791913,1989.3461601301087,2012.433349609375,8200,0.0,0.0
2025-09-19 00:00:00+09:00,2026.8629475051946,2027.8249137830803,1995.1180603349662,2003.7757568359375,15500,0.0,0.0
2025-09-22 00:00:00+09:00,2009.5474177541107,2024.9388771528975,2005.6995529044138,2022.052978515625,16800,0.0,0.0
2025-09-24 00:00:00+09:00,2033.5966414711359,2033.5966414711359,2000.889789148516,2009.5474853515625,11800,0.0,0.0
2025-09-25 00:00:00+09:00,2001.8517553932988,2009.5474853515625,1992.2320929454695,2009.5474853515625,7500,0.0,0.0
2025-09-26 00:00:00+09:00,1992.2321287899927,2020.129150390625,1992.2321287899927,2020.129150390625,12000,0.0,0.0
2025-09-29 00:00:00+09:00,2018.1677692294297,2018.1677692294297,1971.0968008509008,1979.922607421875,17500,40.0,0.0
2025-09-30 00:00:00+09:00,1997.5741951550372,1997.5741951550372,1955.4064531856377,1958.348388671875,12100,0.0,0.0
2025-10-01 00:00:00+09:00,1958.3483645946442,1958.3483645946442,1898.5290104432804,1919.12255859375,26700,0.0,0.0
2025-10-02 00:00:00+09:00,1913.2387176592938,1932.8516209669237,1879.896782036323,1887.741943359375,22900,0.0,0.0
2025-10-03 00:00:00+09:00,1899.5096569641648,1917.1612696773063,1886.7612700046739,1901.470947265625,18400,0.0,0.0
2025-10-06 00:00:00+09:00,1919.1226474550986,1971.0968428128504,1919.1226474550986,1968.1549072265625,16900,0.0,0.0
2025-10-07 00:00:00+09:00,1970.1161987182495,1972.077489110204,1941.6774880349099,1959.3291015625,15800,0.0,0.0
2025-10-08 00:00:00+09:00,1944.619399097767,1965.212947953568,1936.7742376288904,1937.7548828125,9000,0.0,0.0
2025-10-09 00:00:00+09:00,1932.8516426490403,1946.5806751183893,1926.967771590748,1944.619384765625,15400,0.0,0.0
2025-10-10 00:00:00+09:00,1925.9871581025523,1927.9484484875854,1902.4516734821543,1904.4129638671875,28300,0.0,0.0
2025-10-14 00:00:00+09:00,1882.8387490047771,1883.8193941865504,1831.8451995525643,1847.5355224609375,19100,0.0,0.0
2025-10-15 00:00:00+09:00,1867.1483704708949,1874.9935316913609,1857.3419189453125,1857.3419189453125,9600,0.0,0.0
2025-10-16 00:00:00+09:00,1857.341959035773,1874.993572162829,1857.341959035773,1863.225830078125,16500,0.0,0.0
2025-10-17 00:00:00+09:00,1853.4194100858576,1859.3032812289873,1822.0387639891658,1823.0194091796875,14100,0.0,0.0
2025-10-20 00:00:00+09:00,1831.8451976435165,1882.8387470425866,1831.8451976435165,1865.1871337890625,16900,0.0,0.0
2025-10-21 00:00:00+09:00,1883.8193941865504,1883.8193941865504,1845.574232097391,1847.5355224609375,24600,0.0,0.0
2025-10-22 00:00:00+09:00,1849.4968044290713,1926.9677734375,1849.4968044290713,1926.9677734375,22700,0.0,0.0
2025-10-23 00:00:00+09:00,1895.5870912326727,1925.0064459853784,1883.8193493315903,1885.7806396484375,17900,0.0,0.0
2025-10-24 00:00:00+09:00,1902.451676729765,1902.451676729765,1876.9549016808094,1877.935546875,8900,0.0,0.0
2025-10-27 00:00:00+09:00,1902.451644928665,1923.045193662429,1897.5484190396737,1918.1419677734375,19900,0.0,0.0
2025-10-28 00:00:00+09:00,1900.4903042206706,1910.296755738837,1871.070949666171,1874.9935302734375,20600,0.0,0.0
2025-10-29 00:00:00+09:00,1888.722620095417,1888.722620095417,1847.5355224609375,1847.5355224609375,26300,0.0,0.0
2025-10-30 00:00:00+09:00,1849.4967702950705,1893.6258024601173,1849.4967702950705,1868.1290283203125,18800,0.0,0.0
2025-10-31 00:00:00+09:00,1868.1291070385514,1890.6839466510903,1861.2645906347352,1888.72265625,18800,0.0,0.0
2025-11-04 00:00:00+09:00,1888.7225743643246,1921.0838645792896,1882.8387034161492,1894.6064453125,16600,0.0,0.0
2025-11-05 00:00:00+09:00,1907.3548286372384,1954.4257961305996,1899.5096673883447,1938.7354736328125,30500,0.0,0.0
2025-11-06 00:00:00+09:00,1939.716144688285,1963.251628749215,1918.1419509657662,1951.48388671875,17000,0.0,0.0
2025-11-07 00:00:00+09:00,1950.503242411799,1966.1935651260214,1942.6580810546875,1942.6580810546875,18300,0.0,0.0
2025-11-10 00:00:00+09:00,1958.348459709241,1960.3097501045431,1931.8710393726615,1932.8516845703125,14400,0.0,0.0
2025-11-11 00:00:00+09:00,1932.8516276570901,1970.1161440705703,1906.3742081001437,1960.3096923828125,25100,0.0,0.0
2025-11-12 00:00:00+09:00,1952.4645566542154,1980.9032669219062,1949.5226211092818,1973.05810546875,9900,0.0,0.0
2025-11-13 00:00:00+09:00,1982.864545707243,1982.864545707243,1953.4451904296875,1953.4451904296875,10300,0.0,0.0
2025-11-14 00:00:00+09:00,1953.4451494948307,1960.3096655824131,1933.8322463874529,1956.3870849609375,21100,0.0,0.0
2025-11-17 00:00:00+09:00,2044.645250419983,2348.645263671875,2016.2065395028706,2348.645263671875,278000,0.0,0.0
2025-11-18 00:00:00+09:00,2322.1677892234547,2512.4129543878767,2309.419401867076,2475.1484375,211200,0.0,0.0
2025-11-19 00:00:00+09:00,2454.554946116912,2494.7613994891826,2394.735588660607,2447.6904296875,94600,0.0,0.0
2025-11-20 00:00:00+09:00,2451.6130108809443,2614.400114803439,2451.6130108809443,2546.735595703125,84300,0.0,0.0
2025-11-21 00:00:00+09:00,2497.7032273394216,2633.0322596805445,2497.7032273394216,2566.348388671875,60200,0.0,0.0
2025-11-25 00:00:00+09:00,2569.2904742534456,2594.787249952144,2520.2582132944103,2561.4453125,36200,0.0,0.0
2025-11-26 00:00:00+09:00,2548.696802307385,2584.0000285032547,2529.083898865235,2570.27099609375,22200,0.0,0.0
2025-11-27 00:00:00+09:00,2558.503311386726,2566.3484729394645,2510.4516968762055,2542.81298828125,30800,0.0,0.0
2025-11-28 00:00:00+09:00,2520.258094063641,2584.0000302948224,2520.258094063641,2552.619384765625,52300,0.0,0.0
2025-12-01 00:00:00+09:00,2565.36775942202,2587.9225982854396,2533.006468878852,2541.832275390625,15700,0.0,0.0
2025-12-02 00:00:00+09:00,2534.9678941901684,2578.1162838785117,2512.4130541258073,2543.793701171875,29200,0.0,0.0
2025-12-03 00:00:00+09:00,2537.9098298507374,2577.135638658322,2533.006603749789,2543.793701171875,30900,0.0,0.0
2025-12-04 00:00:00+09:00,2531.0451086746407,2587.9225268471046,2531.0451086746407,2576.15478515625,29100,0.0,0.0
2025-12-05 00:00:00+09:00,2538.890486950426,2571.2517793681022,2538.890486950426,2554.580810546875,23300,0.0,0.0
2025-12-08 00:00:00+09:00,2560.4646527442187,2583.019492657324,2548.69691018086,2568.309814453125,25500,0.0,0.0
2025-12-09 00:00:00+09:00,2568.3097568997628,2627.148468398039,2553.6000790251937,2595.767822265625,22600,0.0,0.0
2025-12-10 00:00:00+09:00,2597.729087890625,2618.32263671875,2572.2323131510416,2574.193603515625,17700,0.0,0.0
2025-12-11 00:00:00+09:00,2556.5419778977084,2583.019397691816,2549.6774616547914,2563.406494140625,34200,0.0,0.0
2025-12-12 00:00:00+09:00,2578.116129032258,2597.7290322580643,2559.483870967742,2584.0,23500,0.0,0.0
2025-12-15 00:00:00+09:00,2579.096923828125,2587.9227307917954,2560.4646646825986,2579.096923828125,15600,0.0,0.0
2025-12-16 00:00:00+09:00,2555.5612638003017,2599.6902956003837,2549.677392893624,2580.077392578125,30200,0.0,0.0
2025-12-17 00:00:00+09:00,2573.2129726890757,2590.8645860688025,2565.367811186975,2567.3291015625,19800,0.0,0.0
2025-12-18 00:00:00+09:00,2582.038777329672,2591.8452291995154,2566.348454337923,2584.980712890625,29600,0.0,0.0
2025-12-19 00:00:00+09:00,2587.9227016985687,2605.5743154274714,2578.1162496269562,2592.825927734375,34700,0.0,0.0
2025-12-22 00:00:00+09:00,2600.6710990109427,2621.2646484375,2578.1162591628085,2621.2646484375,20900,0.0,0.0
2025-12-23 00:00:00+09:00,2600.670980371315,2613.419367529998,2584.9806577144745,2594.787109375,20300,0.0,0.0
2025-12-24 00:00:00+09:00,2579.0967474270124,2605.5741665070614,2570.270941066996,2580.077392578125,21200,0.0,0.0
2025-12-25 00:00:00+09:00,2573.212999380244,2583.0194513595893,2560.464611807095,2571.251708984375,12800,0.0,0.0
2025-12-26 00:00:00+09:00,2571.2517067649146,2588.9033203125,2569.2904163707385,2588.9033203125,24400,0.0,0.0
2025-12-29 00:00:00+09:00,2571.2515454824534,2590.8644481939896,2568.3096100757225,2583.019287109375,66500,0.0,0.0
2025-12-30 00:00:00+09:00,2579.0967193776582,2620.2838152764652,2579.0967193776582,2593.806396484375,17500,0.0,0.0
2026-01-05 00:00:00+09:00,2570.2710736367176,2601.6517200908856,2570.2710736367176,2599.6904296875,12900,0.0,0.0
2026-01-06 00:00:00+09:00,2588.9032226928116,2642.838706498912,2581.0580614119244,2619.30322265625,25500,0.0,0.0
2026-01-07 00:00:00+09:00,2590.864646903058,2644.8001334964224,2590.864646903058,2621.2646484375,25900,0.0,0.0
2026-01-08 00:00:00+09:00,2622.2451973557913,2708.5419727362364,2621.2645521810136,2634.012939453125,35000,0.0,0.0
2026-01-09 00:00:00+09:00,2613.419481899167,2672.2581944372346,2613.419481899167,2656.56787109375,27100,0.0,0.0
2026-01-13 00:00:00+09:00,2664.412868624529,2690.89028763552,2652.6451268418664,2668.33544921875,24800,0.0,0.0
2026-01-14 00:00:00+09:00,2654.606595212314,2683.0453064281087,2649.703369140625,2649.703369140625,22200,0.0,0.0
2026-01-15 00:00:00+09:00,2649.703366627413,2667.35498046875,2633.032397999483,2667.35498046875,26800,0.0,0.0
2026-01-16 00:00:00+09:00,2640.877372398236,2663.432210706873,2632.0515661035515,2657.54833984375,14100,0.0,0.0
2026-01-19 00:00:00+09:00,2657.5483411134264,2657.5483411134264,2623.225761062146,2639.896728515625,25600,0.0,0.0
2026-01-20 00:00:00+09:00,2621.264619544043,2648.722685143457,2605.574296344378,2634.99365234375,33500,0.0,0.0
2026-01-21 00:00:00+09:00,2634.9935040698624,2645.7806006626306,2620.283826897906,2622.2451171875,17000,0.0,0.0
2026-01-22 00:00:00+09:00,2623.225929246357,2702.658191029144,2623.225929246357,2691.87109375,46700,0.0,0.0
2026-01-23 00:00:00+09:00,2824.2580339741316,2864.4644851522357,2747.7677122206655,2767.380615234375,114300,0.0,0.0
2026-01-26 00:00:00+09:00,2669.316178312998,2722.2710180003246,2575.174241091085,2644.800048828125,164800,0.0,0.0
2026-01-27 00:00:00+09:00,2670.2968359627434,2726.1936114492937,2634.993609339659,2655.587158203125,70000,0.0,0.0
2026-01-28 00:00:00+09:00,2655.58720154331,2655.58720154331,2604.593651144399,2634.99365234375,39900,0.0,0.0
2026-01-29 00:00:00+09:00,2617.3418901962123,2651.6644702474928,2598.7096324540885,2639.896728515625,30500,0.0,0.0
2026-01-30 00:00:00+09:00,2669.3160698622833,2669.3160698622833,2607.535426070467,2629.109619140625,36400,0.0,0.0
2026-02-02 00:00:00+09:00,2628.129041701622,2705.600009721931,2628.129041701622,2630.09033203125,36800,0.0,0.0
2026-02-03 00:00:00+09:00,2632.0517571111986,2743.845311623373,2632.0517571111986,2731.096923828125,39500,0.0,0.0
2026-02-04 00:00:00+09:00,2728.154961611718,2742.8646396937365,2716.3872191461032,2727.17431640625,28000,0.0,0.0
2026-02-05 00:00:00+09:00,2742.864580022854,2793.8581295978233,2736.9807089180504,2772.283935546875,28200,0.0,0.0
2026-02-06 00:00:00+09:00,2772.2838507911893,2820.3354633446975,2757.5741734788908,2813.470947265625,23700,0.0,0.0
2026-02-09 00:00:00+09:00,2843.8710838857323,2843.8710838857323,2804.645275832136,2815.432373046875,25400,0.0,0.0
2026-02-10 00:00:00+09:00,2839.948391830249,2848.774198296572,2824.258069223452,2835.045166015625,23100,0.0,0.0
2026-02-12 00:00:00+09:00,2843.8710081099166,2931.148428703635,2797.780684875032,2885.05810546875,75900,0.0,0.0
2026-02-13 00:00:00+09:00,2891.9225757454014,2892.90322090503,2746.7870921203357,2788.954833984375,57600,0.0,0.0
2026-02-16 00:00:00+09:00,3040.000094843645,3093.9355803973226,2896.8258968284285,2928.20654296875,123500,0.0,0.0
2026-02-17 00:00:00+09:00,2908.59354371379,2956.64515653981,2814.451608381179,2940.954833984375,87900,0.0,0.0
2026-02-18 00:00:00+09:00,2961.548324610016,3035.0967101549672,2961.548324610016,2986.064453125,41800,0.0,0.0
2026-02-19 00:00:00+09:00,2995.8710222460304,3049.8065070982507,2986.064570454718,3030.193603515625,37500,0.0,0.0
2026-02-20 00:00:00+09:00,3030.1936364424855,3030.1936364424855,2941.9355693616367,2981.161376953125,25700,0.0,0.0
2026-02-24 00:00:00+09:00,3040.000147294495,3260.645319275547,3020.3872431184013,3250.8388671875,105500,0.0,0.0
2026-02-25 00:00:00+09:00,3216.516175505997,3299.8710154200244,3206.7097237514054,3270.45166015625,74700,0.0,0.0
2026-02-26 00:00:00+09:00,3270.4516050512657,3294.9677340246635,3241.032250283188,3280.258056640625,48100,0.0,0.0
2026-02-27 00:00:00+09:00,3241.032219730877,3363.612863442332,3241.032219730877,3329.290283203125,143800,0.0,0.0
2026-03-02 00:00:00+09:00,3260.645146043714,3378.322564848299,3260.645146043714,3368.51611328125,70000,0.0,0.0
2026-03-03 00:00:00+09:00,3358.709742612349,3358.709742612349,3226.3226432685046,3245.935546875,69800,0.0,0.0
2026-03-04 00:00:00+09:00,3177.290397507137,3177.290397507137,2951.742005091507,3005.677490234375,74900,0.0,0.0
2026-03-05 00:00:00+09:00,3113.548324584961,3187.096710205078,3084.128970336914,3138.064453125,48000,0.0,0.0
2026-03-06 00:00:00+09:00,3069.4192932128904,3142.9676788330075,3039.9999389648438,3138.064453125,32300,0.0,0.0
2026-03-09 00:00:00+09:00,2951.7419802107897,3128.2581119177476,2946.838754330041,3118.45166015625,82200,0.0,0.0
2026-03-10 00:00:00+09:00,3187.096710205078,3187.096710205078,3079.2257446289063,3138.064453125,93100,0.0,0.0
2026-03-11 00:00:00+09:00,3206.709772215299,3241.032353875096,3162.580738652703,3196.9033203125,32800,0.0,0.0
2026-03-12 00:00:00+09:00,3138.064563679245,3172.387144844487,3098.8387566332544,3118.45166015625,31800,0.0,0.0
2026-03-13 00:00:00+09:00,3069.4194397068172,3172.387184489314,3069.4194397068172,3133.161376953125,36300,0.0,0.0
2026-03-16 00:00:00+09:00,3089.0322349156786,3211.612879158364,3089.0322349156786,3152.774169921875,29300,0.0,0.0
2026-03-17 00:00:00+09:00,3162.5807433197465,3196.903325030193,3015.4839645606885,3044.9033203125,26800,0.0,0.0
2026-03-18 00:00:00+09:00,3113.548456985758,3167.483942067401,3089.032327403193,3157.677490234375,31000,0.0,0.0
2026-03-19 00:00:00+09:00,3089.0322421875003,3162.5806289062502,3064.51611328125,3064.51611328125,123200,0.0,0.0
2026-03-23 00:00:00+09:00,2946.8387727864583,3020.387161458333,2902.7097395833334,2941.935546875,44400,0.0,0.0
2026-03-24 00:00:00+09:00,3040.0000553069376,3040.0000553069376,2981.1613445590615,3030.193603515625,21800,0.0,0.0
2026-03-25 00:00:00+09:00,3030.1936809833232,3074.322715172401,3025.2904549623145,3059.613037109375,31500,0.0,0.0
2026-03-26 00:00:00+09:00,3059.6128634015395,3059.6128634015395,2956.6451228062956,3025.290283203125,20000,0.0,0.0
2026-03-27 00:00:00+09:00,2986.064516129032,3040.0,2951.7419354838707,3040.0,34000,0.0,0.0
2026-03-30 00:00:00+09:00,2970.0,3050.0,2937.0,3020.0,51100,60.0,0.0
2026-03-31 00:00:00+09:00,2977.0,3055.0,2977.0,3000.0,22900,0.0,0.0
2026-04-01 00:00:00+09:00,3030.0,3090.0,3030.0,3085.0,21500,0.0,0.0
2026-04-02 00:00:00+09:00,3095.0,3110.0,3050.0,3055.0,20000,0.0,0.0
2026-04-03 00:00:00+09:00,3085.0,3095.0,3040.0,3075.0,9800,0.0,0.0
2026-04-06 00:00:00+09:00,3090.0,3120.0,3065.0,3075.0,14300,0.0,0.0
2026-04-07 00:00:00+09:00,3050.0,3095.0,3050.0,3090.0,16000,0.0,0.0
2026-04-08 00:00:00+09:00,3125.0,3190.0,3095.0,3170.0,28600,0.0,0.0
2026-04-09 00:00:00+09:00,3130.0,3155.0,3090.0,3095.0,25200,0.0,0.0
2026-04-10 00:00:00+09:00,3095.0,3115.0,3075.0,3080.0,21900,0.0,0.0
2026-04-13 00:00:00+09:00,3080.0,3175.0,3025.0,3165.0,37500,0.0,0.0
2026-04-14 00:00:00+09:00,3200.0,3250.0,3190.0,3220.0,50300,0.0,0.0
2026-04-15 00:00:00+09:00,3250.0,3335.0,3250.0,3255.0,28900,0.0,0.0
2026-04-16 00:00:00+09:00,3305.0,3305.0,3255.0,3295.0,22200,0.0,0.0
2026-04-17 00:00:00+09:00,3285.0,3330.0,3265.0,3275.0,26400,0.0,0.0
2026-04-20 00:00:00+09:00,3275.0,3340.0,3270.0,3310.0,31400,0.0,0.0
2026-04-21 00:00:00+09:00,3300.0,3335.0,3270.0,3300.0,31300,0.0,0.0
2026-04-22 00:00:00+09:00,3275.0,3320.0,3265.0,3280.0,44400,0.0,0.0
2026-04-23 00:00:00+09:00,3275.0,3330.0,3260.0,3330.0,38700,0.0,0.0
2026-04-24 00:00:00+09:00,3325.0,3340.0,3285.0,3325.0,16900,0.0,0.0
2026-04-27 00:00:00+09:00,3325.0,3325.0,3285.0,3295.0,15700,0.0,0.0
2026-04-28 00:00:00+09:00,3295.0,3345.0,3290.0,3345.0,30000,0.0,0.0
2026-04-30 00:00:00+09:00,3280.0,3335.0,3280.0,3315.0,22900,0.0,0.0
2026-05-01 00:00:00+09:00,3305.0,3360.0,3285.0,3335.0,51800,0.0,0.0
2026-05-07 00:00:00+09:00,3380.0,3500.0,3380.0,3415.0,46700,0.0,0.0
2026-05-08 00:00:00+09:00,3390.0,3435.0,3375.0,3410.0,23900,0.0,0.0
2026-05-11 00:00:00+09:00,3455.0,3455.0,3385.0,3425.0,31800,0.0,0.0
2026-05-12 00:00:00+09:00,3495.0,3565.0,3420.0,3465.0,32500,0.0,0.0
2026-05-13 00:00:00+09:00,3500.0,3515.0,3465.0,3485.0,19400,0.0,0.0
2026-05-14 00:00:00+09:00,3485.0,3515.0,3420.0,3470.0,28100,0.0,0.0
2026-05-15 00:00:00+09:00,3500.0,3500.0,3415.0,3460.0,61900,0.0,0.0
2026-05-18 00:00:00+09:00,3390.0,3545.0,3300.0,3445.0,68600,0.0,0.0
2026-05-19 00:00:00+09:00,3490.0,3490.0,3345.0,3415.0,78600,0.0,0.0
2026-05-20 00:00:00+09:00,3430.0,3430.0,3370.0,3415.0,54000,0.0,0.0
2026-05-21 00:00:00+09:00,3440.0,3485.0,3400.0,3415.0,16600,0.0,0.0
2026-05-22 00:00:00+09:00,3430.0,3440.0,3395.0,3405.0,20700,0.0,0.0
2026-05-25 00:00:00+09:00,3455.0,3535.0,3410.0,3470.0,28700,0.0,0.0
2026-05-26 00:00:00+09:00,3470.0,3520.0,3440.0,3500.0,17700,0.0,0.0
2026-05-27 00:00:00+09:00,3495.0,3510.0,3435.0,3480.0,18800,0.0,0.0
2026-05-28 00:00:00+09:00,3435.0,3520.0,3415.0,3520.0,26800,0.0,0.0
2026-05-29 00:00:00+09:00,3525.0,3580.0,3510.0,3510.0,25500,0.0,0.0
2026-06-01 00:00:00+09:00,3555.0,3625.0,3500.0,3525.0,31400,0.0,0.0
2026-06-02 00:00:00+09:00,3515.0,3515.0,3425.0,3475.0,25900,0.0,0.0
2026-06-03 00:00:00+09:00,3485.0,3545.0,3455.0,3510.0,28000,0.0,0.0
2026-06-04 00:00:00+09:00,3470.0,3500.0,3465.0,3475.0,19400,0.0,0.0
2026-06-05 00:00:00+09:00,3455.0,3505.0,3455.0,3465.0,22900,0.0,0.0
2026-06-08 00:00:00+09:00,3360.0,3435.0,3315.0,3390.0,49500,0.0,0.0
2026-06-09 00:00:00+09:00,3395.0,3415.0,3365.0,3400.0,21600,0.0,0.0
2026-06-10 00:00:00+09:00,3350.0,3385.0,3275.0,3290.0,58400,0.0,0.0
2026-06-11 00:00:00+09:00,3290.0,3290.0,3130.0,3175.0,121100,0.0,0.0
2026-06-12 00:00:00+09:00,3200.0,3245.0,3095.0,3180.0,30100,0.0,0.0
2026-06-15 00:00:00+09:00,3250.0,3300.0,3230.0,3285.0,27400,0.0,0.0
2026-06-16 00:00:00+09:00,3275.0,3275.0,3160.0,3180.0,30000,0.0,0.0
2026-06-17 00:00:00+09:00,3160.0,3240.0,3105.0,3155.0,34000,0.0,0.0
2026-06-18 00:00:00+09:00,3180.0,3180.0,3115.0,3155.0,25900,0.0,0.0
2026-06-19 00:00:00+09:00,3210.0,3225.0,3160.0,3175.0,23900,0.0,0.0
2026-06-22 00:00:00+09:00,3205.0,3295.0,3105.0,3135.0,43600,0.0,0.0
2026-06-23 00:00:00+09:00,3180.0,3225.0,3090.0,3100.0,32400,0.0,0.0
2026-06-24 00:00:00+09:00,3105.0,3140.0,3035.0,3120.0,30800,0.0,0.0
2026-06-25 00:00:00+09:00,3155.0,3155.0,3110.0,3130.0,13300,0.0,0.0
2026-06-26 00:00:00+09:00,3100.0,3145.0,3065.0,3085.0,23300,0.0,0.0
2026-06-29 00:00:00+09:00,3085.0,3125.0,3075.0,3125.0,26400,0.0,0.0
2026-06-30 00:00:00+09:00,3160.0,3160.0,3010.0,3040.0,38800,0.0,0.0
2026-07-01 00:00:00+09:00,3020.0,3065.0,3020.0,3060.0,19300,0.0,0.0
2026-07-02 00:00:00+09:00,3070.0,3110.0,3025.0,3045.0,29000,0.0,0.0
2026-07-03 00:00:00+09:00,3045.0,3045.0,2955.0,3035.0,44800,0.0,0.0
2026-07-06 00:00:00+09:00,3045.0,3045.0,2933.0,3010.0,55300,0.0,0.0
2026-07-07 00:00:00+09:00,3000.0,3055.0,2972.0,2972.0,20300,0.0,0.0
2026-07-08 00:00:00+09:00,2999.0,2999.0,2930.0,2930.0,38800,0.0,0.0
2026-07-09 00:00:00+09:00,2980.0,3090.0,2977.0,3080.0,46800,0.0,0.0
2026-07-10 00:00:00+09:00,3080.0,3095.0,3005.0,3020.0,30500,0.0,0.0
2026-07-13 00:00:00+09:00,3055.0,3085.0,2954.0,2988.0,49500,0.0,0.0
2026-07-14 00:00:00+09:00,2988.0,3020.0,2981.0,3000.0,17200,0.0,0.0
2026-07-15 00:00:00+09:00,3000.0,3045.0,3000.0,3030.0,12100,0.0,0.0
2026-07-16 00:00:00+09:00,3030.0,3030.0,2976.0,2991.0,19300,0.0,0.0
2026-07-17 00:00:00+09:00,2950.0,2976.0,2836.0,2875.0,36100,0.0,0.0
2026-07-21 00:00:00+09:00,2925.0,2939.0,2898.0,2929.0,19400,0.0,0.0
2026-07-22 00:00:00+09:00,2950.0,3055.0,2936.0,3010.0,38900,0.0,0.0
2026-07-23 00:00:00+09:00,3005.0,3025.0,2995.0,3015.0,20900,0.0,0.0
2026-07-24 00:00:00+09:00,2997.0,3020.0,2905.0,2957.0,29300,0.0,0.0
2026-07-27 00:00:00+09:00,2976.0,3045.0,2903.0,3020.0,64400,0.0,0.0
2026-07-28 00:00:00+09:00,3010.0,3010.0,2953.0,2991.0,50100,0.0,0.0
2026-07-29 00:00:00+09:00,2982.0,3030.0,2924.0,3005.0,56100,0.0,0.0
2026-07-30 00:00:00+09:00,2963.0,3090.0,2963.0,3055.0,53400,0.0,0.0
2026-07-31 00:00:00+09:00,3100.0,3130.0,3060.0,3085.0,28100,0.0,0.0
