Date,Open,High,Low,Close,Volume,Dividends,Stock Splits
2000-01-04 00:00:00+09:00,337.1330758440633,338.00872476449706,330.1276920725684,335.3817138671875,5664000,0.0,0.0
2000-01-05 00:00:00+09:00,328.3762646055757,330.1275939941406,322.2465636436068,330.1275939941406,13692000,0.0,0.0
2000-01-06 00:00:00+09:00,326.6249458310459,326.6249458310459,316.9925537109375,316.9925537109375,16056000,0.0,0.0
2000-01-07 00:00:00+09:00,317.8682930799034,329.25201674455064,314.36560147508857,323.122314453125,17952000,0.0,0.0
2000-01-10 00:00:00+09:00,323.122314453125,323.122314453125,323.122314453125,323.122314453125,0,0.0,0.0
2000-01-11 00:00:00+09:00,336.2572021484375,340.6355404454167,332.7545122700627,336.2572021484375,24312000,0.0,0.0
2000-01-12 00:00:00+09:00,341.5114170118334,359.0248123231055,341.5114170118334,352.8951416015625,52488000,0.0,0.0
2000-01-13 00:00:00+09:00,352.01946061219746,356.39780142301447,345.01410890128943,352.8951416015625,16704000,0.0,0.0
2000-01-14 00:00:00+09:00,348.5166892561749,349.3923700458728,340.63565835288455,345.8896789550781,22056000,0.0,0.0
2000-01-17 00:00:00+09:00,338.0086311062912,341.5113220214844,335.3816209368952,341.5113220214844,10224000,0.0,0.0
2000-01-18 00:00:00+09:00,341.5113662835022,341.5113662835022,333.63033475388295,337.1330261230469,16476000,0.0,0.0
2000-01-19 00:00:00+09:00,330.1275360924798,331.0032166671723,323.1221876989063,326.6248779296875,14244000,0.0,0.0
2000-01-20 00:00:00+09:00,326.6248919900451,326.6248919900451,320.49519183930744,322.24652099609375,12888000,0.0,0.0
2000-01-21 00:00:00+09:00,324.8735737604514,331.0032747224203,322.2465636436068,330.1275939941406,14400000,0.0,0.0
2000-01-24 00:00:00+09:00,333.6302618106189,337.13295241397196,329.2519226074219,329.2519226074219,7632000,0.0,0.0
2000-01-25 00:00:00+09:00,325.74921137765676,325.74921137765676,320.49519183930744,322.24652099609375,10656000,0.0,0.0
2000-01-26 00:00:00+09:00,325.7493216092469,328.376332267386,317.86828963482964,320.49530029296875,9156000,0.0,0.0
2000-01-27 00:00:00+09:00,319.61955449150736,323.1222453472043,317.86822509765625,317.86822509765625,8280000,0.0,0.0
2000-01-28 00:00:00+09:00,316.11684736958904,317.8681764956622,306.48445700621215,313.4898376464844,20016000,0.0,0.0
2000-01-31 00:00:00+09:00,302.1061879289833,303.85751745952905,295.9764864700773,300.3548583984375,25020000,0.0,0.0
2000-02-01 00:00:00+09:00,306.48444060461594,316.11683045251294,306.48444060461594,315.24114990234375,26532000,0.0,0.0
2000-02-02 00:00:00+09:00,328.3763122558594,338.0086733926982,324.8736209024638,328.3763122558594,41772000,0.0,0.0
2000-02-03 00:00:00+09:00,345.01397297111095,356.3976610078386,343.2626116823902,354.6463317871094,56412000,0.0,0.0
2000-02-04 00:00:00+09:00,363.40329472481494,363.40329472481494,352.0195667042452,357.2735900878906,27372000,0.0,0.0
2000-02-07 00:00:00+09:00,353.7707625336183,353.7707625336183,341.51138999245387,346.7654113769531,11340000,0.0,0.0
2000-02-08 00:00:00+09:00,350.2680889759192,355.522110150218,348.5167272058194,351.14373779296875,19236000,0.0,0.0
2000-02-09 00:00:00+09:00,356.3979088346118,360.77628303299224,355.5222596493468,357.2735900878906,23964000,0.0,0.0
2000-02-10 00:00:00+09:00,357.2733818212341,362.52740214213463,350.26803208269854,353.77069091796875,18336000,0.0,0.0
2000-02-11 00:00:00+09:00,353.77069091796875,353.77069091796875,353.77069091796875,353.77069091796875,0,0.0,0.0
2000-02-14 00:00:00+09:00,328.3761547457787,328.3761547457787,317.86811779391377,325.7491455078125,20772000,0.0,0.0
2000-02-15 00:00:00+09:00,334.50580772579593,335.3814559728929,322.2464115866441,323.9977722167969,15588000,0.0,0.0
2000-02-16 00:00:00+09:00,328.3763495017224,336.2573818897638,326.6250196603809,333.63037109375,17796000,0.0,0.0
2000-02-17 00:00:00+09:00,332.7546761387951,338.00869750976557,328.3763356856536,338.0086975097656,20652000,0.0,0.0
2000-02-18 00:00:00+09:00,342.3870199322803,345.8896789550781,340.63565835288455,345.8896789550781,17208000,0.0,0.0
2000-02-21 00:00:00+09:00,347.6409954109805,351.14365397913633,346.7653147349452,350.26800537109375,20520000,0.0,0.0
2000-02-22 00:00:00+09:00,350.26805083557065,353.77070985836843,343.26266865398134,345.8896789550781,17064000,0.0,0.0
2000-02-23 00:00:00+09:00,347.6409954109805,350.26800537109375,345.8896340589099,350.26800537109375,12576000,0.0,0.0
2000-02-24 00:00:00+09:00,349.39235252967245,349.39235252967245,340.63564127568725,341.5113220214844,12600000,0.0,0.0
2000-02-25 00:00:00+09:00,332.7546538945921,338.0086749143383,325.74930322426366,337.1330261230469,13680000,0.0,0.0
2000-02-28 00:00:00+09:00,319.6195373535156,323.9979087053673,317.86820805357075,319.6195373535156,16260000,0.0,0.0
2000-02-29 00:00:00+09:00,315.24114990234375,324.87350768225264,309.98713073730465,315.24114990234375,20496000,0.0,0.0
2000-03-01 00:00:00+09:00,311.7384764524214,315.24116677255756,306.48445700621215,313.4898376464844,19776000,0.0,0.0
2000-03-02 00:00:00+09:00,317.8682613232375,320.4952717473965,312.61424047491954,314.3655700683594,11172000,0.0,0.0
2000-03-03 00:00:00+09:00,318.74391522440936,323.9979356288337,315.24122426546126,316.9925537109375,11244000,0.0,0.0
2000-03-06 00:00:00+09:00,320.4951337711164,323.99782351805237,318.7438049316406,318.7438049316406,12732000,0.0,0.0
2000-03-07 00:00:00+09:00,331.87895545070006,332.7546041109852,326.62493521701083,330.1275939941406,14316000,0.0,0.0
2000-03-08 00:00:00+09:00,327.5004293411436,328.37610965622,323.99777221679693,323.9977722167969,9924000,0.0,0.0
2000-03-09 00:00:00+09:00,332.75468675713574,336.2573784722223,327.50066521850727,331.00335693359375,22176000,0.0,0.0
2000-03-10 00:00:00+09:00,344.1383767933753,348.51671695383067,335.3816644044652,337.1330261230469,43020000,0.0,0.0
2000-03-13 00:00:00+09:00,337.13296918187126,342.3869893142225,335.3816077590915,339.7599792480469,14196000,0.0,0.0
2000-03-14 00:00:00+09:00,338.00872145013176,342.3870942813847,330.12768883548097,332.75469970703125,11520000,0.0,0.0
2000-03-15 00:00:00+09:00,328.37628339937476,328.37628339937476,308.2358820402119,316.1169128417969,14004000,0.0,0.0
2000-03-16 00:00:00+09:00,308.23576775881713,318.7438049316406,307.360087305087,318.7438049316406,19524000,0.0,0.0
2000-03-17 00:00:00+09:00,327.5004293411436,333.6301274107195,310.8627278305481,323.9977722167969,13752000,0.0,0.0
2000-03-20 00:00:00+09:00,323.99777221679693,323.99777221679693,323.99777221679693,323.9977722167969,0,0.0,0.0
2000-03-21 00:00:00+09:00,323.1220919017205,323.99777221679693,318.7437544622974,323.9977722167969,11676000,0.0,0.0
2000-03-22 00:00:00+09:00,323.99791145645673,340.6356201171875,323.12223076505234,340.6356201171875,14520000,0.0,0.0
2000-03-23 00:00:00+09:00,338.00853105363205,338.00853105363205,329.25185445967367,336.2572021484375,12492000,0.0,0.0
2000-03-24 00:00:00+09:00,344.138209986821,350.26790889474375,342.38688118512187,347.6408996582031,20628000,0.0,0.0
2000-03-27 00:00:00+09:00,347.64102445674007,367.7814251443614,347.64102445674007,362.52740478515625,17436000,0.0,0.0
2000-03-28 00:00:00+09:00,363.5812287026263,377.6326878753061,359.19016178169466,371.48516845703125,11268000,2.0,0.0
2000-03-29 00:00:00+09:00,368.8506174170431,377.632785694999,364.459549358676,374.9981384277344,11052000,0.0,0.0
2000-03-30 00:00:00+09:00,360.0681779981502,367.09392019443226,356.55533906120644,357.43353271484375,12972000,0.0,0.0
2000-03-31 00:00:00+09:00,353.0425637286906,372.3633117675781,353.0425637286906,372.3633117675781,9156000,0.0,0.0
2000-04-03 00:00:00+09:00,365.33756766550664,374.119731712493,363.5811477205918,372.3633117675781,11136000,0.0,0.0
2000-04-04 00:00:00+09:00,381.1455078125,391.68409357838675,377.6326673313454,381.1455078125,18588000,0.0,0.0
2000-04-05 00:00:00+09:00,385.5366066557604,389.92767333780944,373.2415684880849,381.1455078125,9180000,0.0,0.0
2000-04-06 00:00:00+09:00,381.14561384412104,384.6584874637401,367.97237797207515,370.6070251464844,15816000,0.0,0.0
2000-04-07 00:00:00+09:00,379.38919311492174,383.7802610185302,370.6070251464843,370.6070251464844,8940000,0.0,0.0
2000-04-10 00:00:00+09:00,374.11987462223397,382.0238156353797,374.11987462223397,380.26739501953125,16968000,0.0,0.0
2000-04-11 00:00:00+09:00,376.7544616266345,377.6326878753061,370.6069422083596,371.48516845703125,11544000,0.0,0.0
2000-04-12 00:00:00+09:00,377.63266181632383,396.953380664145,377.63266181632383,395.19696044921875,23160000,0.0,0.0
2000-04-13 00:00:00+09:00,390.8058938312978,401.34447944327695,390.8058938312978,395.19696044921875,22692000,0.0,0.0
2000-04-14 00:00:00+09:00,390.80607109197837,405.7357300936298,388.1714234939678,403.97930908203125,23628000,0.0,0.0
2000-04-17 00:00:00+09:00,386.4149329308138,396.9535223031198,376.75457005994076,382.02386474609375,14916000,0.0,0.0
2000-04-18 00:00:00+09:00,382.0238715755684,391.6842346191406,371.4852820148631,391.6842346191406,14232000,0.0,0.0
2000-04-19 00:00:00+09:00,382.90189080471896,384.65831072690565,374.11972687137404,377.6325988769531,15192000,0.0,0.0
2000-04-20 00:00:00+09:00,373.24175973174107,390.80609978207264,371.4853385911991,385.53680419921875,19968000,0.0,0.0
2000-04-21 00:00:00+09:00,389.9277461429386,390.80597250781045,353.0426890753633,364.4595031738281,37308000,0.0,0.0
2000-04-24 00:00:00+09:00,373.24166082157944,400.4663581721072,373.24166082157944,393.4406433105469,18384000,0.0,0.0
2000-04-25 00:00:00+09:00,397.83147794436786,405.7354145922692,395.1968323950674,403.10076904296875,13332000,0.0,0.0
2000-04-26 00:00:00+09:00,407.49208469146276,407.49208469146276,388.17136022912734,400.46636962890625,17016000,0.0,0.0
2000-04-27 00:00:00+09:00,404.8573691734845,432.0820627067107,403.97917503968733,423.2998962402344,30996000,0.0,0.0
2000-04-28 00:00:00+09:00,425.05626567398076,432.0819781759511,421.5433933423913,424.17803955078125,26880000,0.0,0.0
2000-05-01 00:00:00+09:00,419.7869250000315,439.1076401997133,419.7869250000315,433.8383483886719,23436000,0.0,0.0
2000-05-02 00:00:00+09:00,433.83848313552,433.83848313552,420.665249516413,423.2998962402344,13056000,0.0,0.0
2000-05-03 00:00:00+09:00,423.2998962402344,423.2998962402344,423.2998962402344,423.2998962402344,0,0.0,0.0
2000-05-04 00:00:00+09:00,423.2998962402344,423.2998962402344,423.2998962402344,423.2998962402344,0,0.0,0.0
2000-05-05 00:00:00+09:00,423.2998962402344,423.2998962402344,423.2998962402344,423.2998962402344,0,0.0,0.0
2000-05-08 00:00:00+09:00,414.51780531289364,417.15245231242216,408.370284926921,412.7613525390625,17724000,0.0,0.0
2000-05-09 00:00:00+09:00,412.76135253906244,412.76135253906244,412.76135253906244,412.7613525390625,0,0.0,0.0
2000-05-10 00:00:00+09:00,395.19700573336695,412.7613063788895,380.26735179273356,408.3702392578125,18828000,0.0,0.0
2000-05-11 00:00:00+09:00,395.1969974175025,411.8831035844239,387.2930574691524,407.49200439453125,16740000,0.0,0.0
2000-05-12 00:00:00+09:00,411.005025289651,416.27432048567215,397.8317872995981,403.97930908203125,26004000,0.0,0.0
2000-05-15 00:00:00+09:00,360.06838989257807,360.06838989257807,360.06838989257807,360.0683898925781,1776000,0.0,0.0
2000-05-16 00:00:00+09:00,324.9398040146768,336.3565861220419,320.54870428610445,329.33087158203125,132948000,0.0,0.0
2000-05-17 00:00:00+09:00,344.26053015815756,351.286276923022,341.62588316163794,350.4080505371094,55164000,0.0,0.0
2000-05-18 00:00:00+09:00,341.6258350354276,348.6515808105469,340.74764093444793,348.6515808105469,25920000,0.0,0.0
2000-05-19 00:00:00+09:00,338.11310417709706,350.40811503693226,334.60023014804807,341.6259460449219,28104000,0.0,0.0
2000-05-22 00:00:00+09:00,333.72200940944015,338.9913044641219,326.6962933902726,330.20916748046875,14304000,0.0,0.0
2000-05-23 00:00:00+09:00,330.2089385107247,341.62571510522685,330.2089385107247,337.2346496582031,13896000,0.0,0.0
2000-05-24 00:00:00+09:00,336.3566510819605,346.0170466215391,331.9655826665674,341.6259460449219,18048000,0.0,0.0
2000-05-25 00:00:00+09:00,346.89525780945064,348.6517109896594,342.50418918137996,343.3824157714844,18648000,0.0,0.0
2000-05-26 00:00:00+09:00,334.6001813041009,335.47840772346825,319.67052514217215,324.9398193359375,28596000,0.0,0.0
2000-05-29 00:00:00+09:00,324.93978026885753,329.3308475153233,317.03583992848974,324.0615539550781,9372000,0.0,0.0
2000-05-30 00:00:00+09:00,324.0615539550781,324.0615539550781,324.0615539550781,324.0615539550781,0,0.0,0.0
2000-05-31 00:00:00+09:00,319.6705745934219,322.30522209786983,311.7666320800782,311.7666320800781,12480000,0.0,0.0
2000-06-01 00:00:00+09:00,320.54854950158915,337.2346496582031,319.67035570890584,337.2346496582031,11292000,0.0,0.0
2000-06-02 00:00:00+09:00,341.62588006735444,344.2605270400107,329.33087158203125,329.33087158203125,20388000,0.0,0.0
2000-06-05 00:00:00+09:00,338.9912007246789,343.38230003394847,335.4783598707211,338.1130065917969,10704000,0.0,0.0
2000-06-06 00:00:00+09:00,333.72200940944015,335.4784625351505,327.57451995312783,330.20916748046875,10812000,0.0,0.0
2000-06-07 00:00:00+09:00,329.3308315291912,329.3308315291912,319.67047119140625,319.67047119140625,12936000,0.0,0.0
2000-06-08 00:00:00+09:00,328.45244294352784,337.2346048314119,324.06137808018485,327.5742492675781,13080000,0.0,0.0
2000-06-09 00:00:00+09:00,324.0616381880152,335.47845458984375,324.0616381880152,335.47845458984375,29520000,0.0,0.0
2000-06-12 00:00:00+09:00,332.8438150078096,332.8438150078096,326.6962933902726,330.20916748046875,8460000,0.0,0.0
2000-06-13 00:00:00+09:00,324.939774871858,324.939774871858,314.40118792640544,320.5486755371094,17244000,0.0,0.0
2000-06-14 00:00:00+09:00,316.15760869565213,319.67048173489775,297.7150815217391,302.984375,27516000,0.0,0.0
2000-06-15 00:00:00+09:00,302.9842793114757,302.9842793114757,296.8367614746093,296.8367614746094,16044000,0.0,0.0
2000-06-16 00:00:00+09:00,302.9844626064958,307.37553105429777,302.9844626064958,305.6191101074219,15804000,0.0,0.0
2000-06-19 00:00:00+09:00,302.9844251729674,311.76659314476456,302.9844251729674,310.88836669921875,11892000,0.0,0.0
2000-06-20 00:00:00+09:00,312.6447204683766,313.5229467258282,303.8625865387142,307.37542724609375,9276000,0.0,0.0
2000-06-21 00:00:00+09:00,307.37533768861556,316.1575012207031,304.7406918451097,316.1575012207031,14112000,0.0,0.0
2000-06-22 00:00:00+09:00,318.792147064209,322.30501890928485,315.2792752191331,316.1575012207031,11856000,0.0,0.0
2000-06-23 00:00:00+09:00,304.74081758489024,310.8883378100138,299.4715237237035,302.1061706542969,24036000,0.0,0.0
2000-06-26 00:00:00+09:00,299.47158855151963,306.497336661472,298.59339415869385,305.6191101074219,8820000,0.0,0.0
2000-06-27 00:00:00+09:00,308.25372066749395,319.67053585706725,304.7408470334974,317.035888671875,15168000,0.0,0.0
2000-06-28 00:00:00+09:00,318.792255099939,324.06154857266523,314.40118792640544,320.5486755371094,10428000,0.0,0.0
2000-06-29 00:00:00+09:00,316.1577005337499,321.4269955426457,311.7666320800782,311.7666320800781,13824000,0.0,0.0
2000-06-30 00:00:00+09:00,317.9140829594587,325.81802451503546,317.035888671875,317.035888671875,15468000,0.0,0.0
2000-07-03 00:00:00+09:00,312.6447100133356,312.6447100133356,305.61899667230745,306.4972229003906,17412000,0.0,0.0
2000-07-04 00:00:00+09:00,315.2794767180538,330.2091674804687,313.5230557535681,330.20916748046875,31812000,0.0,0.0
2000-07-05 00:00:00+09:00,338.1131518230523,361.8249824977831,338.1131518230523,349.5299377441406,65820000,0.0,0.0
2000-07-06 00:00:00+09:00,343.3823156896062,343.3823156896062,328.4526288153518,342.50408935546875,37560000,0.0,0.0
2000-07-07 00:00:00+09:00,329.33084640041227,333.7219136320126,324.0615528580057,332.8437194824219,32304000,0.0,0.0
2000-07-10 00:00:00+09:00,339.8694425142728,349.52980354491905,338.11302200721434,342.50408935546875,24816000,0.0,0.0
2000-07-11 00:00:00+09:00,346.895263671875,352.1645589790995,336.35667305742584,346.895263671875,15156000,0.0,0.0
2000-07-12 00:00:00+09:00,346.01702880859375,348.65167615444284,342.5041549603874,346.01702880859375,8568000,0.0,0.0
2000-07-13 00:00:00+09:00,347.773401930623,352.1644695174218,344.2605285644531,344.2605285644531,17016000,0.0,0.0
2000-07-14 00:00:00+09:00,351.2861328125,355.6771986182496,348.6514868968093,351.2861328125,21264000,0.0,0.0
2000-07-17 00:00:00+09:00,346.89522624858654,359.19026874653065,346.89522624858654,358.3120422363281,14136000,0.0,0.0
2000-07-18 00:00:00+09:00,354.7990840158745,359.19018336183655,348.6515963894718,353.04266357421875,22344000,0.0,0.0
2000-07-19 00:00:00+09:00,354.7990840158745,359.19018336183655,348.6515963894718,353.04266357421875,22344000,0.0,0.0
2000-07-20 00:00:00+09:00,353.04266357421875,353.04266357421875,353.04266357421875,353.04266357421875,0,0.0,0.0
2000-07-21 00:00:00+09:00,346.89523020345626,347.77345672367125,334.6002197265625,334.6002197265625,10152000,0.0,0.0
2000-07-24 00:00:00+09:00,337.2348139933314,344.2605285644531,336.3565876114844,344.2605285644531,11520000,0.0,0.0
2000-07-25 00:00:00+09:00,340.74772316674125,357.4338010467526,338.1130759055583,353.92095947265625,22356000,0.0,0.0
2000-07-26 00:00:00+09:00,351.2862752967929,352.1644695174218,342.5041079619772,344.2605285644531,16416000,0.0,0.0
2000-07-27 00:00:00+09:00,340.7477739209305,347.7734902768212,339.86954731598433,346.895263671875,10800000,0.0,0.0
2000-07-28 00:00:00+09:00,338.99126926696664,352.164505535906,338.99126926696664,347.7734375,14916000,0.0,0.0
2000-07-31 00:00:00+09:00,343.3821950654278,351.2861328125,340.7475491497371,351.2861328125,13008000,0.0,0.0
2000-08-01 00:00:00+09:00,351.286323500292,351.286323500292,342.5041549603874,346.01702880859375,17208000,0.0,0.0
2000-08-02 00:00:00+09:00,346.0168710842862,364.4593940986049,346.0168710842862,362.70294189453125,20784000,0.0,0.0
2000-08-03 00:00:00+09:00,362.7029868007219,371.48515242478504,360.0683403296241,367.0940856933594,22344000,0.0,0.0
2000-08-04 00:00:00+09:00,368.85050180603594,383.78015425397166,367.0940815654586,381.1455078125,41208000,0.0,0.0
2000-08-07 00:00:00+09:00,386.41465321278383,388.17110494418864,381.14536234096767,384.6582336425781,21456000,0.0,0.0
2000-08-08 00:00:00+09:00,384.65842635148056,385.536652657163,374.99806563383476,376.7544860839844,13692000,0.0,0.0
2000-08-09 00:00:00+09:00,365.3376888380183,367.0941415267065,356.55555403944425,363.5812683105469,19668000,0.0,0.0
2000-08-10 00:00:00+09:00,356.55553661874535,358.3119570604011,349.5297905296921,353.04266357421875,19200000,0.0,0.0
2000-08-11 00:00:00+09:00,348.65139115502336,359.1899719238281,346.89493958609177,359.1899719238281,18480000,0.0,0.0
2000-08-14 00:00:00+09:00,360.0684779909945,368.85064697265625,353.92098864893296,368.85064697265625,15852000,0.0,0.0
2000-08-15 00:00:00+09:00,357.43376514075567,357.43376514075567,347.77340354058975,350.4080505371094,18192000,0.0,0.0
2000-08-16 00:00:00+09:00,347.77348439955506,349.52990541853814,342.50418918137996,343.3824157714844,19728000,0.0,0.0
2000-08-17 00:00:00+09:00,338.1131779507367,338.99137252869605,328.4527803033352,333.7220764160156,22200000,0.0,0.0
2000-08-18 00:00:00+09:00,331.08726686080934,335.47836625362515,329.33084640041227,332.8437194824219,15192000,0.0,0.0
2000-08-21 00:00:00+09:00,326.6961953090284,328.4526157461988,319.6704813991317,320.5486755371094,15144000,0.0,0.0
2000-08-22 00:00:00+09:00,320.54871940032007,324.9398193359375,318.7922987228048,324.9398193359375,15024000,0.0,0.0
2000-08-23 00:00:00+09:00,324.9397623814594,336.3565430260386,320.5486632155008,331.0872497558594,23268000,0.0,0.0
2000-08-24 00:00:00+09:00,326.6961858150441,333.7218995207694,326.6961858150441,328.4526062011719,18552000,0.0,0.0
2000-08-25 00:00:00+09:00,327.5745072568518,328.45270162444484,324.0616333028092,325.81805419921875,17904000,0.0,0.0
2000-08-28 00:00:00+09:00,321.4269104003906,324.0615572069512,320.54868407779844,321.4269104003906,14904000,0.0,0.0
2000-08-29 00:00:00+09:00,321.4268439508254,329.3307827365014,320.5486178097916,326.6961364746094,19716000,0.0,0.0
2000-08-30 00:00:00+09:00,325.8179733184027,335.47836625362515,324.939779168812,332.8437194824219,27456000,0.0,0.0
2000-08-31 00:00:00+09:00,337.2347956730769,343.3823156896062,336.3565693389395,342.50408935546875,37272000,0.0,0.0
2000-09-01 00:00:00+09:00,350.4080505371094,353.042697533629,345.13875654407013,350.4080505371094,27816000,0.0,0.0
2000-09-04 00:00:00+09:00,346.89516392330347,368.8505654439439,344.2605170272753,360.9466247558594,30336000,0.0,0.0
2000-09-05 00:00:00+09:00,360.06846309551037,364.4595634853002,356.5556213771459,358.3120422363281,16932000,0.0,0.0
2000-09-06 00:00:00+09:00,355.67735972421053,362.7030746279859,353.9209390385716,354.79913330078125,16440000,0.0,0.0
2000-09-07 00:00:00+09:00,347.7734496520857,353.92097084614113,346.01702880859375,346.01702880859375,12564000,0.0,0.0
2000-09-08 00:00:00+09:00,346.0169977113669,357.4337804098495,342.5041241788694,354.79913330078125,37152000,0.0,0.0
2000-09-11 00:00:00+09:00,357.43353271484375,367.09392019443226,355.67711324637185,357.43353271484375,16608000,0.0,0.0
2000-09-12 00:00:00+09:00,360.06838989257807,367.0941362233983,360.06838989257807,360.0683898925781,16668000,0.0,0.0
2000-09-13 00:00:00+09:00,360.9466700464886,369.7288381889513,359.19024928248444,365.3377380371094,19104000,0.0,0.0
2000-09-14 00:00:00+09:00,360.94668886398165,367.0942101003208,352.1645202636719,352.1645202636719,15228000,0.0,0.0
2000-09-15 00:00:00+09:00,352.1645202636719,352.1645202636719,352.1645202636719,352.1645202636719,0,0.0,0.0
2000-09-18 00:00:00+09:00,349.5295968649244,358.3117585296783,348.65140321128706,357.43353271484375,8028000,0.0,0.0
2000-09-19 00:00:00+09:00,353.0427855840457,354.79920663271184,338.99132071103816,346.895263671875,19644000,0.0,0.0
2000-09-20 00:00:00+09:00,342.5041949695966,348.65171688176736,331.9656043551475,346.895263671875,29268000,0.0,0.0
2000-09-21 00:00:00+09:00,339.8695415722924,352.1645530276257,339.8695415722924,343.3824157714844,22284000,0.0,0.0
2000-09-22 00:00:00+09:00,335.47843038038195,346.89521379710595,335.47843038038195,338.99127197265625,12564000,0.0,0.0
2000-09-25 00:00:00+09:00,347.77335454835355,353.0426477990862,342.5040612976209,348.6515808105469,8424000,0.0,0.0
2000-09-26 00:00:00+09:00,352.26226806640625,358.4268360690581,349.62030113653464,352.26226806640625,12216000,1.833333,0.0
2000-09-27 00:00:00+09:00,335.5298656971099,339.05249970921494,324.0813293457032,324.0813293457031,25680000,0.0,0.0
2000-09-28 00:00:00+09:00,332.887879837391,344.336415555536,331.12657905405223,340.81378173828125,11760000,0.0,0.0
2000-09-29 00:00:00+09:00,349.6202814340623,357.5461817770216,343.45568152823694,350.50091552734375,16176000,0.0,0.0
2000-10-02 00:00:00+09:00,346.0976356902105,350.500902747784,338.1717356362362,346.9783020019531,16884000,0.0,0.0
2000-10-03 00:00:00+09:00,345.2170507657903,347.8590180733106,342.57508345827,346.09771728515625,8592000,0.0,0.0
2000-10-04 00:00:00+09:00,343.4558702052984,356.66571136704067,343.4558702052984,351.38177490234375,13908000,0.0,0.0
2000-10-05 00:00:00+09:00,352.26226806640625,353.14290220931485,344.3363672767914,352.26226806640625,13416000,0.0,0.0
2000-10-06 00:00:00+09:00,349.6202814340623,356.6655154331691,349.6202814340623,350.50091552734375,8292000,0.0,0.0
2000-10-09 00:00:00+09:00,350.50091552734375,350.50091552734375,350.50091552734375,350.50091552734375,0,0.0,0.0
2000-10-10 00:00:00+09:00,346.09771728515625,349.62035111204244,341.6944491894816,346.09771728515625,10920000,0.0,0.0
2000-10-11 00:00:00+09:00,340.81368899345404,342.5749892974942,333.7684555267246,338.1717224121094,9372000,0.0,0.0
2000-10-12 00:00:00+09:00,339.0525323227231,352.2623708255489,336.41056462215795,347.85906982421875,12012000,0.0,0.0
2000-10-13 00:00:00+09:00,334.6492007536498,344.3364362712525,332.887899864349,337.2911682128906,12756000,0.0,0.0
2000-10-16 00:00:00+09:00,337.2911682128906,337.2911682128906,337.2911682128906,337.2911682128906,0,0.0,0.0
2000-10-17 00:00:00+09:00,340.81382157686016,348.73972440422904,336.4105529785157,336.4105529785156,8568000,0.0,0.0
2000-10-18 00:00:00+09:00,327.6040137119834,329.365314863466,317.0361423019194,320.55877685546875,21720000,0.0,0.0
2000-10-19 00:00:00+09:00,324.081379158434,328.48468041301675,317.0361423019194,320.55877685546875,13728000,0.0,0.0
2000-10-20 00:00:00+09:00,326.72327586560834,327.603942374873,320.5587070524874,324.96197509765625,15012000,0.0,0.0
2000-10-23 00:00:00+09:00,316.15543544928255,317.91676862766076,310.871500415308,314.3941345214844,14964000,0.0,0.0
2000-10-24 00:00:00+09:00,312.63284283925947,318.7974123941495,309.9908752441406,309.9908752441406,11220000,0.0,0.0
2000-10-25 00:00:00+09:00,314.3941342628608,317.0361017776748,311.7521667480469,311.7521667480469,9192000,0.0,0.0
2000-10-26 00:00:00+09:00,309.9908066486288,319.67800827026366,309.1101402282715,317.0360412597656,11352000,0.0,0.0
2000-10-27 00:00:00+09:00,317.0360412597656,317.0360412597656,317.0360412597656,317.0360412597656,0,0.0,0.0
2000-10-30 00:00:00+09:00,321.4393413111749,327.603942374873,318.7973740339582,324.96197509765625,9432000,0.0,0.0
2000-10-31 00:00:00+09:00,332.0071105957031,332.88777684017845,328.48451011893667,332.0071105957031,15132000,0.0,0.0
2000-11-01 00:00:00+09:00,334.6491901722183,341.6944580078125,333.76855588070276,341.6944580078125,21780000,0.0,0.0
2000-11-02 00:00:00+09:00,337.29116883159145,344.3364369028766,337.29116883159145,342.5751037597656,12516000,0.0,0.0
2000-11-03 00:00:00+09:00,342.5751037597656,342.5751037597656,342.5751037597656,342.5751037597656,0,0.0,0.0
2000-11-06 00:00:00+09:00,341.69448868592303,347.85905828231415,338.1718544518558,344.3364562988281,20772000,0.0,0.0
2000-11-07 00:00:00+09:00,344.33633531729504,348.7396023748686,342.5750026938097,346.9783020019531,10872000,0.0,0.0
2000-11-08 00:00:00+09:00,353.14290220931485,356.665535532668,351.3816016729248,352.26226806640625,18492000,0.0,0.0
2000-11-09 00:00:00+09:00,352.26234924178,352.26234924178,343.4557800292969,343.4557800292969,19896000,0.0,0.0
2000-11-10 00:00:00+09:00,334.64907707856173,336.4104095675124,327.60384387446135,332.0071105957031,25284000,0.0,0.0
2000-11-13 00:00:00+09:00,325.8426517809164,332.8878873232799,325.8426517809164,328.484619140625,15720000,0.0,0.0
2000-11-14 00:00:00+09:00,332.88778924942017,340.81368899345404,331.12648894538,338.1717224121094,14292000,0.0,0.0
2000-11-15 00:00:00+09:00,343.4557391849416,343.4557391849416,338.1718047359425,339.93310546875,6504000,0.0,0.0
2000-11-16 00:00:00+09:00,340.81382157686016,340.81382157686016,332.88791874949135,336.4105529785156,7440000,0.0,0.0
2000-11-17 00:00:00+09:00,338.1718539677372,343.4557891859831,336.4105529785157,336.4105529785156,7740000,0.0,0.0
2000-11-20 00:00:00+09:00,340.8137817382812,342.57508252161995,336.41051365464574,340.81378173828125,5496000,0.0,0.0
2000-11-21 00:00:00+09:00,339.0523886894138,343.45565557479864,332.88778924942017,338.1717224121094,17028000,0.0,0.0
2000-11-22 00:00:00+09:00,330.245870261644,332.8878372237371,326.7232368953287,329.3652038574219,15012000,0.0,0.0
2000-11-23 00:00:00+09:00,329.3652038574218,329.3652038574218,329.3652038574218,329.3652038574219,0,0.0,0.0
2000-11-24 00:00:00+09:00,330.2457396093447,336.410337498906,330.2457396093447,333.76837158203125,7308000,0.0,0.0
2000-11-27 00:00:00+09:00,342.5751049601378,353.1429748535156,340.81380406143467,353.1429748535156,26508000,0.0,0.0
2000-11-28 00:00:00+09:00,341.69448819676154,342.57512256608175,336.4105529785157,336.4105529785156,15528000,0.0,0.0
2000-11-29 00:00:00+09:00,332.0071229721158,343.45565557479864,332.0071229721158,338.1717224121094,11640000,0.0,0.0
2000-11-30 00:00:00+09:00,338.1718240900154,345.2170596750313,335.52985671431213,341.6944580078125,13476000,0.0,0.0
2000-12-01 00:00:00+09:00,337.29106932449355,352.26223537126936,337.29106932449355,346.9783020019531,15588000,0.0,0.0
2000-12-04 00:00:00+09:00,351.3816016729248,354.90423499627786,350.50093527944324,352.26226806640625,23724000,0.0,0.0
2000-12-05 00:00:00+09:00,347.8590071422487,347.8590071422487,339.93310546875006,339.93310546875,13836000,0.0,0.0
2000-12-06 00:00:00+09:00,343.45574806994335,346.9783818772634,335.52984619140625,335.52984619140625,17952000,0.0,0.0
2000-12-07 00:00:00+09:00,336.410337498906,337.29097130415727,329.36507355353297,333.76837158203125,16980000,0.0,0.0
2000-12-08 00:00:00+09:00,330.2458899397866,334.6491577221253,327.6039228202683,331.1265563964844,43008000,0.0,0.0
2000-12-11 00:00:00+09:00,331.12657812018915,337.2911469697776,331.12657812018915,335.52984619140625,10620000,0.0,0.0
2000-12-12 00:00:00+09:00,332.88778924942017,341.6943552707584,332.0071229721158,338.1717224121094,15552000,0.0,0.0
2000-12-13 00:00:00+09:00,341.694438452134,342.5750726932496,333.7685367786354,339.93310546875,12840000,0.0,0.0
2000-12-14 00:00:00+09:00,344.3364676511669,346.09776870097784,339.93316665076634,345.21710205078125,30384000,0.0,0.0
2000-12-15 00:00:00+09:00,344.3364056766336,346.0977064094411,339.93310546875006,339.93310546875,15816000,0.0,0.0
2000-12-18 00:00:00+09:00,343.4557800292969,346.0977475679838,339.9331458941876,343.4557800292969,16248000,0.0,0.0
2000-12-19 00:00:00+09:00,341.69449995115946,347.8590697507887,340.81383330096287,345.21710205078125,18732000,0.0,0.0
2000-12-20 00:00:00+09:00,345.21708097156136,348.7397151066707,343.4557800292969,343.4557800292969,14712000,0.0,0.0
2000-12-21 00:00:00+09:00,346.978334206663,352.26226806640625,346.09766781318154,352.26226806640625,26148000,0.0,0.0
2000-12-22 00:00:00+09:00,354.0237431346922,355.78504453939496,348.73980666999535,351.38177490234375,30060000,0.0,0.0
2000-12-25 00:00:00+09:00,352.26226806640625,353.14290220931485,350.50093527944324,352.26226806640625,18708000,0.0,0.0
2000-12-26 00:00:00+09:00,350.5009781243431,359.3075463839458,346.97837662096345,358.4268798828125,22080000,0.0,0.0
2000-12-27 00:00:00+09:00,355.78499228698075,358.4269601313162,354.9043578392583,357.54632568359375,17388000,0.0,0.0
2000-12-28 00:00:00+09:00,361.0687780299481,370.7560109366249,361.0687780299481,368.1140441894531,43080000,0.0,0.0
2000-12-29 00:00:00+09:00,378.681965863849,383.96590012124886,375.1593322753906,375.1593322753906,28812000,0.0,0.0
2001-01-01 00:00:00+09:00,375.1593322753906,375.1593322753906,375.1593322753906,375.1593322753906,0,0.0,0.0
2001-01-02 00:00:00+09:00,375.1593322753906,375.1593322753906,375.1593322753906,375.1593322753906,0,0.0,0.0
2001-01-03 00:00:00+09:00,375.1593322753906,375.1593322753906,375.1593322753906,375.1593322753906,0,0.0,0.0
2001-01-04 00:00:00+09:00,370.75598507692985,378.681884765625,369.8753188057742,378.681884765625,22740000,0.0,0.0
2001-01-05 00:00:00+09:00,378.6819416312675,396.2950439453125,378.6819416312675,396.2950439453125,67584000,0.0,0.0
2001-01-08 00:00:00+09:00,396.2950439453125,396.2950439453125,396.2950439453125,396.2950439453125,0,0.0,0.0
2001-01-09 00:00:00+09:00,383.08523805349466,393.6531066894531,383.08523805349466,393.6531066894531,46656000,0.0,0.0
2001-01-10 00:00:00+09:00,389.2498779296875,391.8918453539827,383.0852765228057,389.2498779296875,41004000,0.0,0.0
2001-01-11 00:00:00+09:00,380.44335937500006,382.20466047376397,373.3981227293611,377.8013916015625,42744000,0.0,0.0
2001-01-12 00:00:00+09:00,374.27875715345147,376.0400905027986,366.35285383313897,372.5174560546875,50340000,0.0,0.0
2001-01-15 00:00:00+09:00,371.6367692675139,386.6079406738281,368.9948016370563,386.6079406738281,32088000,0.0,0.0
2001-01-16 00:00:00+09:00,387.4884969005043,396.2950646427572,383.96589560406306,395.4143981933594,39924000,0.0,0.0
2001-01-17 00:00:00+09:00,392.77241883931146,395.41438585448753,387.4884848089594,391.89178466796875,27936000,0.0,0.0
2001-01-18 00:00:00+09:00,395.4142472895538,402.45951169486864,393.65294731350644,398.05621337890625,46908000,0.0,0.0
2001-01-19 00:00:00+09:00,393.6531066894531,396.2950738484427,389.249838841329,393.6531066894531,30672000,0.0,0.0
2001-01-22 00:00:00+09:00,393.6530486659,401.5789489746094,387.4884487867135,401.5789489746094,29004000,0.0,0.0
2001-01-23 00:00:00+09:00,397.17557951616385,401.5788455815636,394.5336134268114,398.05621337890625,31236000,0.0,0.0
2001-01-24 00:00:00+09:00,402.4596442679862,406.8629117838542,396.2950439453125,396.2950439453125,44988000,0.0,0.0
2001-01-25 00:00:00+09:00,391.8917968969182,400.69833238859616,389.2498297992998,395.4143981933594,30984000,0.0,0.0
2001-01-26 00:00:00+09:00,386.6078606788318,391.01112840163154,385.7271942340419,387.4884948730469,40116000,0.0,0.0
2001-01-29 00:00:00+09:00,385.72717450116136,392.77240894733853,385.72717450116136,391.0111083984375,19236000,0.0,0.0
2001-01-30 00:00:00+09:00,393.6531274538084,395.4144282358477,388.369192857113,392.7724609375,23184000,0.0,0.0
2001-01-31 00:00:00+09:00,391.891826671769,394.53379397011673,388.369192857113,392.7724609375,22908000,0.0,0.0
2001-02-01 00:00:00+09:00,391.01108189633015,401.5789489746094,390.13041555628325,401.5789489746094,22032000,0.0,0.0
2001-02-02 00:00:00+09:00,401.5788455815636,404.220811670916,398.0562133789062,398.05621337890625,24564000,0.0,0.0
2001-02-05 00:00:00+09:00,397.17557951616385,402.45951169486864,396.2949134028588,398.05621337890625,19488000,0.0,0.0
2001-02-06 00:00:00+09:00,399.81777967836393,405.9823493288511,398.9371130494737,402.4597473144531,19776000,0.0,0.0
2001-02-07 00:00:00+09:00,402.45957194057866,420.0726710893125,402.45957194057866,418.3113708496094,36096000,0.0,0.0
2001-02-08 00:00:00+09:00,421.8339819305983,427.99858130033994,415.66941481142493,416.550048828125,36168000,0.0,0.0
2001-02-09 00:00:00+09:00,412.14697265625006,422.71484375000006,410.3856715574861,417.430908203125,31452000,0.0,0.0
2001-02-12 00:00:00+09:00,417.43090820312506,417.43090820312506,417.43090820312506,417.430908203125,0,0.0,0.0
2001-02-13 00:00:00+09:00,416.55007831049403,424.47597852517936,413.9081115722656,413.9081115722656,31356000,0.0,0.0
2001-02-14 00:00:00+09:00,409.5048542387167,414.7887878417969,405.1015869863403,414.7887878417969,29964000,0.0,0.0
2001-02-15 00:00:00+09:00,416.550048828125,420.07268164663,414.7887485441566,416.550048828125,26724000,0.0,0.0
2001-02-16 00:00:00+09:00,396.2951755892078,403.3404124050435,393.6532077519464,397.17584228515625,52908000,0.0,0.0
2001-02-19 00:00:00+09:00,392.77235883151326,397.17565801778613,386.60779157164166,394.53369140625,20448000,0.0,0.0
2001-02-20 00:00:00+09:00,392.77243242064355,400.69833374023443,392.77243242064355,400.6983337402344,15900000,0.0,0.0
2001-02-21 00:00:00+09:00,402.4597474509057,410.3856503618606,398.93711318473186,405.1017150878906,33612000,0.0,0.0
2001-02-22 00:00:00+09:00,405.10164772076007,432.40195392926205,405.10164772076007,420.0727844238281,42216000,0.0,0.0
2001-02-23 00:00:00+09:00,422.7147216796875,427.9986557006836,414.7888206481934,422.7147216796875,27720000,0.0,0.0
2001-02-26 00:00:00+09:00,421.83417707532647,426.2374781981111,416.55024152845147,417.430908203125,15564000,0.0,0.0
2001-02-27 00:00:00+09:00,420.07290708101715,420.95357382090003,410.385701944648,412.1470031738281,22236000,0.0,0.0
2001-02-28 00:00:00+09:00,403.34028085690306,407.74358064993925,400.69831388131075,404.220947265625,35448000,0.0,0.0
2001-03-01 00:00:00+09:00,402.459642592727,404.22094314162797,390.13044199870046,391.0111083984375,26568000,0.0,0.0
2001-03-02 00:00:00+09:00,391.0110679198962,401.578934620434,389.24976755332983,390.1304016113281,30528000,0.0,0.0
2001-03-05 00:00:00+09:00,391.89186634904115,397.175801480711,386.60793121737134,388.3692321777344,30876000,0.0,0.0
2001-03-06 00:00:00+09:00,392.7724609375,394.53379397011673,390.1304936391523,392.7724609375,32340000,0.0,0.0
2001-03-07 00:00:00+09:00,400.6983114611805,400.6983114611805,388.36914306640625,396.2950439453125,29208000,0.0,0.0
2001-03-08 00:00:00+09:00,398.93706657184157,422.7147725264547,398.93706657184157,419.192138671875,64200000,0.0,0.0
2001-03-09 00:00:00+09:00,419.192119632958,429.7599884661467,416.55015242466084,427.9986877441406,71004000,0.0,0.0
2001-03-12 00:00:00+09:00,427.99861159300747,428.8792779226071,413.02747749323646,413.9081115722656,39264000,0.0,0.0
2001-03-13 00:00:00+09:00,412.14679379509624,417.43072704887953,399.81762695312494,399.817626953125,38376000,0.0,0.0
2001-03-14 00:00:00+09:00,399.81762695312494,399.81762695312494,399.81762695312494,399.817626953125,0,0.0,0.0
2001-03-15 00:00:00+09:00,398.0561876111035,427.1178127127021,396.29488774907225,420.9532470703125,36156000,0.0,0.0
2001-03-16 00:00:00+09:00,422.7145641568184,429.7597961425781,420.07259813083834,429.7597961425781,36468000,0.0,0.0
2001-03-19 00:00:00+09:00,427.1179864213961,449.1343887783702,425.3566858430447,445.61175537109375,51408000,0.0,0.0
2001-03-20 00:00:00+09:00,445.6117553710937,445.6117553710937,445.6117553710937,445.61175537109375,0,0.0,0.0
2001-03-21 00:00:00+09:00,448.25363166243045,471.15069580078125,437.68576582952,471.15069580078125,54624000,0.0,0.0
2001-03-22 00:00:00+09:00,462.3442116954427,472.031412999823,443.850443227625,444.7311096191406,37620000,0.0,0.0
2001-03-23 00:00:00+09:00,435.9246139298442,451.7764180727476,432.40198003678404,448.2537841796875,22896000,0.0,0.0
2001-03-26 00:00:00+09:00,450.0149641349603,471.15069580078125,441.2083985240125,471.15069580078125,28692000,0.0,0.0
2001-03-27 00:00:00+09:00,453.67479306696356,462.5011291503907,447.496331950095,462.5011291503906,19392000,2.0,0.0
2001-03-28 00:00:00+09:00,444.84842293722585,454.5574055206205,432.491533074443,452.7921447753906,32016000,0.0,0.0
2001-03-29 00:00:00+09:00,436.9045701062962,447.496196048267,427.1955904338487,438.6698303222656,27564000,0.0,0.0
2001-03-30 00:00:00+09:00,449.26139562969433,461.6183124429611,443.08296954613377,451.9093017578125,30936000,0.0,0.0
2001-04-02 00:00:00+09:00,451.90960748910817,453.6749009841797,440.435361386617,442.20062255859375,21588000,0.0,0.0
2001-04-03 00:00:00+09:00,464.2663148805367,473.0926489231892,458.97050152571336,461.618408203125,30408000,0.0,0.0
2001-04-04 00:00:00+09:00,451.0268249511719,451.9094390466317,439.55255080244984,451.0268249511719,23868000,0.0,0.0
2001-04-05 00:00:00+09:00,454.5571219117668,458.97031950597426,443.0828857421875,443.0828857421875,19692000,0.0,0.0
2001-04-06 00:00:00+09:00,451.0266026240809,455.4397678952216,436.90442850413706,443.0828857421875,22860000,0.0,0.0
2001-04-09 00:00:00+09:00,434.25661242563086,435.1392585910977,414.83862304687494,414.838623046875,18156000,0.0,0.0
2001-04-10 00:00:00+09:00,420.1344269428551,430.72605142312096,420.1344269428551,421.89971923828125,18096000,0.0,0.0
2001-04-11 00:00:00+09:00,428.078455434219,439.55273437500006,416.6042088165341,439.552734375,17952000,0.0,0.0
2001-04-12 00:00:00+09:00,439.5524360612535,441.31769611445065,428.0781649077864,432.4913635253906,15228000,0.0,0.0
2001-04-13 00:00:00+09:00,436.9045073805562,441.3176734484265,420.1344246057329,425.43023681640625,19500000,0.0,0.0
2001-04-16 00:00:00+09:00,421.89971689133904,427.1955291020125,420.1344246057329,425.43023681640625,10368000,0.0,0.0
2001-04-17 00:00:00+09:00,421.0170760856327,423.66498222453606,412.19071151493057,420.1344299316406,23412000,0.0,0.0
2001-04-18 00:00:00+09:00,424.54769856211834,438.6698454221399,423.6650522622126,437.7872314453125,24444000,0.0,0.0
2001-04-19 00:00:00+09:00,442.20038307728163,450.14410253375974,438.6698303222656,438.6698303222656,32436000,0.0,0.0
2001-04-20 00:00:00+09:00,441.3176574707031,446.6134694896439,435.13923166398655,441.3176574707031,12312000,0.0,0.0
2001-04-23 00:00:00+09:00,432.4913437185471,445.73087431887944,419.2518131182148,421.89971923828125,19560000,0.0,0.0
2001-04-24 00:00:00+09:00,426.31286009033846,441.3176497746477,424.5476002224994,433.3739318847656,22380000,0.0,0.0
2001-04-25 00:00:00+09:00,437.7872912437976,441.3178122795067,427.1956634905048,428.0782775878906,13596000,0.0,0.0
2001-04-26 00:00:00+09:00,437.7872912437976,441.3178122795067,427.1956634905048,428.0782775878906,13596000,0.0,0.0
2001-04-27 00:00:00+09:00,441.3177368077583,442.20038307728163,432.4914034048341,438.6698303222656,13356000,0.0,0.0
2001-04-30 00:00:00+09:00,438.6698303222656,438.6698303222656,438.6698303222656,438.6698303222656,0,0.0,0.0
2001-05-01 00:00:00+09:00,469.5622591975518,481.91914969748336,465.14905862229233,477.5059814453125,52260000,0.0,0.0
2001-05-02 00:00:00+09:00,486.3321711410251,496.92379760742193,481.9190042210528,496.9237976074219,49980000,0.0,0.0
2001-05-03 00:00:00+09:00,496.92379760742193,496.92379760742193,496.92379760742193,496.9237976074219,0,0.0,0.0
2001-05-04 00:00:00+09:00,496.92379760742193,496.92379760742193,496.92379760742193,496.9237976074219,0,0.0,0.0
2001-05-07 00:00:00+09:00,481.9188676088575,484.56677347484026,475.7404098138746,482.801513671875,308880,0.0,0.0
2001-05-08 00:00:00+09:00,483.68399047851557,486.3318955948634,478.3881802458199,483.6839904785156,206400,0.0,0.0
2001-05-09 00:00:00+09:00,483.68414924625927,487.2147013346354,475.7404312897163,476.6230773925781,250680,0.0,0.0
2001-05-10 00:00:00+09:00,476.622971835117,481.03613672590234,473.97506643603305,475.7403259277344,162000,0.0,0.0
2001-05-11 00:00:00+09:00,476.62321804622036,482.8016779434019,473.9753112792969,473.9753112792969,260520,0.0,0.0
2001-05-14 00:00:00+09:00,476.6231799229617,476.6231799229617,467.79681396484375,467.79681396484375,146760,0.0,0.0
2001-05-15 00:00:00+09:00,467.7967096757494,469.5620018676713,460.7356378772746,465.1488037109375,14940000,0.0,0.0
2001-05-16 00:00:00+09:00,469.5621441087847,480.1537711764785,464.2663305749378,473.9753112792969,25416000,0.0,0.0
2001-05-17 00:00:00+09:00,473.97506784656406,475.74032734351874,465.1487057156626,472.2098083496094,25200000,0.0,0.0
2001-05-18 00:00:00+09:00,476.6231799229617,476.6231799229617,467.79681396484375,467.79681396484375,25980000,0.0,0.0
2001-05-21 00:00:00+09:00,460.7357420487837,468.67946173928,460.7357420487837,466.03155517578125,15144000,0.0,0.0
2001-05-22 00:00:00+09:00,461.6183124429611,468.67938467691863,451.9093017578125,451.9093017578125,20892000,0.0,0.0
2001-05-23 00:00:00+09:00,452.79214652938606,463.3837756879682,451.02688577731806,462.5011291503906,23016000,0.0,0.0
2001-05-24 00:00:00+09:00,449.2615545255737,453.67475451535677,435.1394050629037,446.6136474609375,25020000,0.0,0.0
2001-05-25 00:00:00+09:00,450.1441351599813,464.2663148805367,448.37887481606674,461.618408203125,17808000,0.0,0.0
2001-05-28 00:00:00+09:00,455.43997028459756,458.0878770885778,451.90941710493024,457.2052307128906,8712000,0.0,0.0
2001-05-29 00:00:00+09:00,455.44005205477885,456.3226985889372,451.0268840301607,452.7921447753906,7344000,0.0,0.0
2001-05-30 00:00:00+09:00,450.14412394260216,452.7920305540292,440.4351438083958,445.73095703125,13344000,0.0,0.0
2001-05-31 00:00:00+09:00,448.37876171133837,455.4398336289022,439.55239757208,441.3176574707031,21900000,0.0,0.0
2001-06-01 00:00:00+09:00,448.37904943306927,448.37904943306927,430.72630982691186,436.0221252441406,16716000,0.0,0.0
2001-06-04 00:00:00+09:00,436.02215997203297,443.96588373057057,433.37425205252043,442.20062255859375,11148000,0.0,0.0
2001-06-05 00:00:00+09:00,445.7310333214483,446.6136474609375,433.3741121377567,446.6136474609375,18792000,0.0,0.0
2001-06-06 00:00:00+09:00,458.9706058683255,460.73586661355534,446.6136836824557,452.7921447753906,25500000,0.0,0.0
2001-06-07 00:00:00+09:00,448.37912533508137,454.55755615234375,443.08330902137214,454.55755615234375,18264000,0.0,0.0
2001-06-08 00:00:00+09:00,458.97030983715814,460.7355694438135,449.26130119288814,455.43975830078125,51132000,0.0,0.0
2001-06-11 00:00:00+09:00,458.08777672161426,466.91414157538685,457.20513053931484,464.2662353515625,13464000,0.0,0.0
2001-06-12 00:00:00+09:00,463.38366854703963,467.79683556836585,459.8531155361309,461.618408203125,18084000,0.0,0.0
2001-06-13 00:00:00+09:00,465.14889063880605,473.97525627869,462.50098417914853,468.679443359375,19236000,0.0,0.0
2001-06-14 00:00:00+09:00,475.740460550841,487.21473130150224,473.0925544024633,478.38836669921875,32040000,0.0,0.0
2001-06-15 00:00:00+09:00,474.85795764263156,477.50586440955504,470.44475814903876,473.9753112792969,19296000,0.0,0.0
2001-06-18 00:00:00+09:00,481.0363852167325,484.5669383469907,472.21005087570813,473.9753112792969,22356000,0.0,0.0
2001-06-19 00:00:00+09:00,476.6232966323009,481.0364645304602,470.44483571640905,473.0927429199219,14832000,0.0,0.0
2001-06-20 00:00:00+09:00,474.8577123434157,477.5056177424997,471.32716103694906,475.7403259277344,15792000,0.0,0.0
2001-06-21 00:00:00+09:00,484.56699952132897,485.4496459960937,479.27118531891006,485.44964599609375,30924000,0.0,0.0
2001-06-22 00:00:00+09:00,489.86270285386917,491.6279630807852,485.44953612504025,488.0974426269531,29376000,0.0,0.0
2001-06-25 00:00:00+09:00,485.44941953785775,488.9799391437883,481.9188676088575,482.801513671875,23520000,0.0,0.0
2001-06-26 00:00:00+09:00,481.03636155543364,484.56691451203034,472.21002764856047,480.15374755859375,23712000,0.0,0.0
2001-06-27 00:00:00+09:00,481.91888042786627,482.8015265143621,470.4446105957031,470.4446105957031,16680000,0.0,0.0
2001-06-28 00:00:00+09:00,481.0364645304602,484.5670182428392,465.1490213093835,473.0927429199219,34740000,0.0,0.0
2001-06-29 00:00:00+09:00,486.3318955948634,488.9798007112112,482.80137698844,483.6839904785156,58284000,0.0,0.0
2001-07-02 00:00:00+09:00,492.51052742027343,501.3368917326285,491.6278812921163,494.2757873535156,50280000,0.0,0.0
2001-07-03 00:00:00+09:00,500.454396573986,505.7502102943456,493.39332238786704,496.0412292480469,56772000,0.0,0.0
2001-07-04 00:00:00+09:00,494.2759880606164,504.86761660708015,489.8628202739515,503.10235595703125,28428000,0.0,0.0
2001-07-05 00:00:00+09:00,507.51522994968525,511.04578152907754,502.2194187421301,503.9847106933594,36108000,0.0,0.0
2001-07-06 00:00:00+09:00,496.92395825580616,500.45451232700884,490.7455290350631,491.6281433105469,26496000,0.0,0.0
2001-07-09 00:00:00+09:00,482.80157373377284,501.33691710150174,482.80157373377284,499.5716247558594,21012000,0.0,0.0
2001-07-10 00:00:00+09:00,502.219291914467,502.219291914467,487.2145080566406,487.2145080566406,20040000,0.0,0.0
2001-07-11 00:00:00+09:00,488.9801108801082,496.9238312679967,481.9190368652343,481.9190368652344,22968000,0.0,0.0
2001-07-12 00:00:00+09:00,479.2709766693178,481.0362365272604,466.91409301757807,466.9140930175781,33972000,0.0,0.0
2001-07-13 00:00:00+09:00,463.38363044006,470.44470355812103,461.618370241314,468.679443359375,30432000,0.0,0.0
2001-07-16 00:00:00+09:00,472.210166613472,480.1538888612327,470.4448734541328,477.5059814453125,18120000,0.0,0.0
2001-07-17 00:00:00+09:00,483.68441053373397,483.68441053373397,475.74068828597325,477.5059814453125,26580000,0.0,0.0
2001-07-18 00:00:00+09:00,474.8578108629259,475.7404246303619,465.1488008365648,466.9140930175781,14100000,0.0,0.0
2001-07-19 00:00:00+09:00,466.0316350446428,468.67954206194196,458.9705604395398,463.38372802734375,17628000,0.0,0.0
2001-07-20 00:00:00+09:00,463.38372802734375,463.38372802734375,463.38372802734375,463.38372802734375,0,0.0,0.0
2001-07-23 00:00:00+09:00,467.7967096757494,469.5620018676713,464.26618993804743,465.1488037109375,19272000,0.0,0.0
2001-07-24 00:00:00+09:00,472.20975652304867,484.56663629165166,470.4444648967765,483.6839904785156,26316000,0.0,0.0
2001-07-25 00:00:00+09:00,481.0364459453548,491.6280743501926,479.27118531891006,485.44964599609375,22236000,0.0,0.0
2001-07-26 00:00:00+09:00,482.8015482757961,484.56680820528317,477.50573616426294,479.27099609375,18444000,0.0,0.0
2001-07-27 00:00:00+09:00,483.6842468007408,497.8064256794825,483.6842468007408,486.3321533203125,14040000,0.0,0.0
2001-07-30 00:00:00+09:00,490.745361328125,492.510621598923,487.2148084634507,490.745361328125,16440000,0.0,0.0
2001-07-31 00:00:00+09:00,499.5715609073174,504.8673726212574,498.68894717037375,501.33685302734375,32064000,0.0,0.0
2001-08-01 00:00:00+09:00,518.9896272197838,522.5201796759092,499.57163719570576,502.21954345703125,54296400,0.0,0.0
2001-08-02 00:00:00+09:00,503.9848451546148,506.6327514648438,499.571646422183,506.63275146484375,41760000,0.0,0.0
2001-08-03 00:00:00+09:00,488.98005983988423,498.68907196036565,484.56689308162396,486.3321533203125,31761600,0.0,0.0
2001-08-06 00:00:00+09:00,482.80163284293536,488.98005983988423,476.6231735229088,486.3321533203125,19195200,0.0,0.0
2001-08-07 00:00:00+09:00,477.5059246924654,488.09755309730315,477.5059246924654,485.44964599609375,12961200,0.0,0.0
2001-08-08 00:00:00+09:00,479.27125254597144,491.6281433105468,477.5059916719147,491.6281433105469,19951200,0.0,0.0
2001-08-09 00:00:00+09:00,486.33217482878916,490.7453741053048,480.15374755859375,480.15374755859375,13311600,0.0,0.0
2001-08-10 00:00:00+09:00,473.9753894287881,480.15385034467994,469.5622215306288,473.0927429199219,23068800,0.0,0.0
2001-08-13 00:00:00+09:00,472.20999607994395,473.0926100177785,465.14889063880605,468.679443359375,13947600,0.0,0.0
2001-08-14 00:00:00+09:00,468.67959026725924,471.3274975569048,458.0879611086771,462.5011291503906,25086000,0.0,0.0
2001-08-15 00:00:00+09:00,454.5572908539544,455.43993716545634,444.84831071974804,445.73095703125,26647200,0.0,0.0
2001-08-16 00:00:00+09:00,423.66514403623984,427.19569767757025,413.07351543533383,424.54779052734375,63373200,0.0,0.0
2001-08-17 00:00:00+09:00,428.0782605969864,440.4351807007566,418.3692796495225,428.9609069824219,38362800,0.0,0.0
2001-08-20 00:00:00+09:00,421.89989653106323,423.6651572452229,414.838789028252,415.721435546875,25437600,0.0,0.0
2001-08-21 00:00:00+09:00,411.308077665924,412.19069145388687,387.47692357564006,392.7727355957031,80100000,0.0,0.0
2001-08-22 00:00:00+09:00,410.4254455566407,416.6039038985175,406.0122794970558,410.4254455566406,75680400,0.0,0.0
2001-08-23 00:00:00+09:00,414.838481420667,415.7211272847978,397.1857903994883,398.9510498046875,32270400,0.0,0.0
2001-08-24 00:00:00+09:00,407.7775642891753,407.7775642891753,395.42067917598274,400.71649169921875,19800000,0.0,0.0
2001-08-27 00:00:00+09:00,406.01246465891103,406.01246465891103,390.1250208112548,397.18609619140625,22081200,0.0,0.0
2001-08-28 00:00:00+09:00,401.5991055710418,403.36439796083675,395.42067917598274,400.71649169921875,22885200,0.0,0.0
2001-08-29 00:00:00+09:00,405.1296580275573,406.89491809427784,399.83384550432123,400.71649169921875,26253600,0.0,0.0
2001-08-30 00:00:00+09:00,398.0684362636191,400.716341532949,395.42053099428915,398.9510498046875,22176000,0.0,0.0
2001-08-31 00:00:00+09:00,395.4207521423671,395.4207521423671,374.2374981405096,378.6506652832031,33186000,0.0,0.0
2001-09-03 00:00:00+09:00,379.53326377072165,379.53326377072165,366.2937316894531,366.2937316894531,19598400,0.0,0.0
2001-09-04 00:00:00+09:00,362.76315558773524,374.23742675781244,360.1152493425693,374.2374267578125,35665200,0.0,0.0
2001-09-05 00:00:00+09:00,375.1200244542498,395.4206596741603,370.706858343565,390.1248474121094,48916800,0.0,0.0
2001-09-06 00:00:00+09:00,398.9511463638523,413.07332199265886,396.3032404536429,408.66015625,58057200,0.0,0.0
2001-09-07 00:00:00+09:00,417.48668324468287,437.78732627847626,413.07351543533383,424.54779052734375,66864000,0.0,0.0
2001-09-10 00:00:00+09:00,424.5476229966758,434.2566012752195,423.6649768538727,425.43023681640625,46263600,0.0,0.0
2001-09-11 00:00:00+09:00,427.1955871582031,430.7261075630706,422.7823881675033,427.1955871582031,34155600,0.0,0.0
2001-09-12 00:00:00+09:00,411.30803512884603,415.72120058146953,405.1295776367187,405.12957763671875,29445600,0.0,0.0
2001-09-13 00:00:00+09:00,400.71655873817105,405.1297258048222,383.0638258254066,383.94647216796875,63246000,0.0,0.0
2001-09-14 00:00:00+09:00,383.0638461063212,383.94649249561417,361.88059134794247,379.5333251953125,103016400,0.0,0.0
2001-09-17 00:00:00+09:00,348.6410312101852,350.40632385756055,335.4014979702657,339.814697265625,83302800,0.0,0.0
2001-09-18 00:00:00+09:00,348.64097747843005,352.17152990598095,328.3403737469296,332.7535400390625,62820000,0.0,0.0
2001-09-19 00:00:00+09:00,326.57511369469125,342.46255113405886,321.2793012149021,332.7535400390625,78782400,0.0,0.0
2001-09-20 00:00:00+09:00,324.80987138162766,327.4577780296384,311.5703381415738,315.10089111328125,43545600,0.0,0.0
2001-09-21 00:00:00+09:00,315.10080351625834,328.340333075765,308.03973185887816,326.5750732421875,44209200,0.0,0.0
2001-09-24 00:00:00+09:00,326.5750732421875,326.5750732421875,326.5750732421875,326.5750732421875,0,0.0,0.0
2001-09-25 00:00:00+09:00,326.8409143514861,330.3839161053159,318.86918473315717,323.29791259765625,46747200,2.166667,0.0
2001-09-26 00:00:00+09:00,318.8692316337875,321.5264752307357,314.4405031178923,320.6407165527344,33390000,0.0,0.0
2001-09-27 00:00:00+09:00,317.9834183971771,339.24136352539057,317.09769230820154,339.2413635253906,33735600,0.0,0.0
2001-09-28 00:00:00+09:00,339.24136352539057,339.24136352539057,339.24136352539057,339.2413635253906,0,0.0,0.0
2001-10-01 00:00:00+09:00,353.41329951224543,358.72778521919645,349.87029822859586,355.1847839355469,38012400,0.0,0.0
2001-10-02 00:00:00+09:00,356.0706621702386,356.9564208984375,339.2414409568052,356.9564208984375,33204000,0.0,0.0
2001-10-03 00:00:00+09:00,370.24243412368,374.67116043228253,362.2707073059719,363.15643310546875,44444400,0.0,0.0
2001-10-04 00:00:00+09:00,372.01397705078125,373.7854613672463,360.499247901147,372.01397705078125,37323600,0.0,0.0
2001-10-05 00:00:00+09:00,376.44282410445715,380.87158496347587,369.35685214190414,377.3285827636719,34130400,0.0,0.0
2001-10-08 00:00:00+09:00,377.3285827636719,377.3285827636719,377.3285827636719,377.3285827636719,0,0.0,0.0
2001-10-09 00:00:00+09:00,368.47107948515503,373.785566364446,348.98464921912404,350.7561340332031,31483200,0.0,0.0
2001-10-10 00:00:00+09:00,353.4132075953807,356.070449757752,345.4414811082668,351.6417236328125,24256800,0.0,0.0
2001-10-11 00:00:00+09:00,369.3566865719496,395.92911006633443,367.58520248467073,387.0716247558594,59445600,0.0,0.0
2001-10-12 00:00:00+09:00,400.3578020067922,407.44380261943326,394.15759201702826,406.55804443359375,48996000,0.0,0.0
2001-10-15 00:00:00+09:00,393.2718836466471,394.157641944685,379.9856713612874,382.6429138183594,24618000,0.0,0.0
2001-10-16 00:00:00+09:00,381.7572470694958,387.0717332581062,378.21427790178853,380.87152099609375,21384000,0.0,0.0
2001-10-17 00:00:00+09:00,389.7288342727784,395.0433185239392,385.300108209157,394.1575927734375,19990800,0.0,0.0
2001-10-18 00:00:00+09:00,391.5003822825494,396.8148669631404,386.1858976019584,390.6146240234375,17950800,0.0,0.0
2001-10-19 00:00:00+09:00,387.9574749124461,387.9574749124461,380.8715044478558,385.30023193359375,10800000,0.0,0.0
2001-10-22 00:00:00+09:00,380.8715091547328,384.41447821228854,372.01402163674646,374.6712646484375,12499200,0.0,0.0
2001-10-23 00:00:00+09:00,387.9575600848102,395.92929077148443,381.75731429393414,395.9292907714844,21151200,0.0,0.0
2001-10-24 00:00:00+09:00,395.92907654212803,404.78656110261994,395.04331835496754,401.2435607910156,19756800,0.0,0.0
2001-10-25 00:00:00+09:00,405.67237583289705,416.3013466620301,403.90089150705643,411.87261962890625,35294400,0.0,0.0
2001-10-26 00:00:00+09:00,407.44380322706377,410.10104535150754,399.4720768537323,401.2435607910156,22742400,0.0,0.0
2001-10-29 00:00:00+09:00,410.10104535150754,412.75828747595136,400.35780260385513,401.2435607910156,15213600,0.0,0.0
2001-10-30 00:00:00+09:00,396.81504549682086,404.7867761043214,395.04352818156195,403.0152587890625,18283200,0.0,0.0
2001-10-31 00:00:00+09:00,398.5864758721639,404.7867207536366,388.84326171875,388.84326171875,30396000,0.0,0.0
2001-11-01 00:00:00+09:00,397.70077566728247,400.3580192295072,392.38628854283303,395.9292907714844,27993600,0.0,0.0
2001-11-02 00:00:00+09:00,391.50039695593705,407.44385159526877,389.72888037131696,393.2718811035156,29833200,0.0,0.0
2001-11-05 00:00:00+09:00,398.5865279894531,404.7867736816406,395.9292844695234,404.7867736816406,24493200,0.0,0.0
2001-11-06 00:00:00+09:00,409.21543735193256,415.41568206355413,403.9009511525568,413.6441650390625,28257600,0.0,0.0
2001-11-07 00:00:00+09:00,409.21527128995433,410.1010294427542,396.8148193359375,396.8148193359375,25262400,0.0,0.0
2001-11-08 00:00:00+09:00,401.2437739108584,408.3297458607295,397.70077171739547,403.0152587890625,25670400,0.0,0.0
2001-11-09 00:00:00+09:00,403.01525878906244,403.01525878906244,403.01525878906244,403.0152587890625,0,0.0,0.0
2001-11-12 00:00:00+09:00,395.04346254102177,399.4722226562301,378.21427790178853,380.87152099609375,32415600,0.0,0.0
2001-11-13 00:00:00+09:00,380.8713844135169,381.7571101692929,373.7853837450823,379.9856262207031,23707200,0.0,0.0
2001-11-14 00:00:00+09:00,388.8431412801786,396.8148683284941,383.5286565813016,387.0716247558594,20434800,0.0,0.0
2001-11-15 00:00:00+09:00,395.92906078915877,403.90078684531636,391.50033490363893,402.1293029785156,23690400,0.0,0.0
2001-11-16 00:00:00+09:00,406.55811982373785,413.6440893133288,405.67236147364764,407.4438781738281,38805600,0.0,0.0
2001-11-19 00:00:00+09:00,416.30123773806963,431.35896409756276,411.8725118637085,425.1587219238281,35390400,0.0,0.0
2001-11-20 00:00:00+09:00,429.58753864409766,437.55926636596985,427.8160544071404,428.7018127441406,38227200,0.0,0.0
2001-11-21 00:00:00+09:00,419.8444073913963,422.50165047615195,409.2154350523736,417.1871643066406,25993200,0.0,0.0
2001-11-22 00:00:00+09:00,408.3295119495891,414.5297541270832,400.35778590868364,412.7582702636719,29581200,0.0,0.0
2001-11-23 00:00:00+09:00,412.7582702636719,412.7582702636719,412.7582702636719,412.7582702636719,0,0.0,0.0
2001-11-26 00:00:00+09:00,430.47325087471245,440.2164617899829,428.7017668274923,433.1304931640625,39379200,0.0,0.0
2001-11-27 00:00:00+09:00,428.7018127441406,434.90202379201247,428.7018127441406,428.7018127441406,24862800,0.0,0.0
2001-11-28 00:00:00+09:00,421.6157220177648,424.27296403139997,412.7582702636719,412.7582702636719,17900400,0.0,0.0
2001-11-29 00:00:00+09:00,415.41552734375006,415.41552734375006,407.4438010137231,415.41552734375,19395600,0.0,0.0
2001-11-30 00:00:00+09:00,411.87268045162045,418.07292516324196,408.3296788396867,413.6441650390625,19494000,0.0,0.0
2001-12-03 00:00:00+09:00,418.0728759765625,419.84436035558775,405.67238801224886,418.0728759765625,22440000,0.0,0.0
2001-12-04 00:00:00+09:00,417.1871666509962,418.9586512384382,408.3296788396867,413.6441650390625,19320000,0.0,0.0
2001-12-05 00:00:00+09:00,425.1587206742586,434.0162048339843,422.50147867004443,434.0162048339844,28894800,0.0,0.0
2001-12-06 00:00:00+09:00,442.87377924261796,445.5310219829478,427.8160811930975,439.330810546875,32908800,0.0,0.0
2001-12-07 00:00:00+09:00,438.4449306953291,438.4449306953291,432.24468853981745,434.0162048339844,16824000,0.0,0.0
2001-12-10 00:00:00+09:00,426.93019056016544,427.8159486782626,418.07273912733456,422.50146484375,21542400,0.0,0.0
2001-12-11 00:00:00+09:00,424.27296326040613,426.9302052692125,420.7299955400218,423.3872375488281,16470000,0.0,0.0
2001-12-12 00:00:00+09:00,423.3872231487363,439.33067465931174,422.5014650302482,434.90191650390625,23184000,0.0,0.0
2001-12-13 00:00:00+09:00,430.473065959082,431.3588238207225,418.0726180812446,418.9583435058594,24873600,0.0,0.0
2001-12-14 00:00:00+09:00,418.9587032828363,434.0164376762875,413.6442164232779,429.5876770019531,73110000,0.0,0.0
2001-12-17 00:00:00+09:00,431.3591942465083,434.0164376762875,427.8161921944515,429.5876770019531,23208000,0.0,0.0
2001-12-18 00:00:00+09:00,434.01625140619245,434.9019772112827,428.7017668274923,433.1304931640625,29640000,0.0,0.0
2001-12-19 00:00:00+09:00,434.01634110748773,438.44506835937506,431.35909826894607,438.445068359375,29725200,0.0,0.0
2001-12-20 00:00:00+09:00,438.4449771368685,442.8737034673186,435.7877348511905,440.2164611816406,33015600,0.0,0.0
2001-12-21 00:00:00+09:00,442.8736418729507,446.4166419067781,441.10215807455455,445.5308837890625,38866800,0.0,0.0
2001-12-24 00:00:00+09:00,445.5308837890625,445.5308837890625,445.5308837890625,445.5308837890625,0,0.0,0.0
2001-12-25 00:00:00+09:00,441.10214169926394,447.302383419028,434.0161743317007,444.6451416015625,29587200,0.0,0.0
2001-12-26 00:00:00+09:00,445.53105063261467,449.0740519932338,443.7595661708287,446.41680908203125,28554000,0.0,0.0
2001-12-27 00:00:00+09:00,447.3025033669492,456.15995684234525,447.3025033669492,455.27423095703125,28132800,0.0,0.0
2001-12-28 00:00:00+09:00,457.0457582306256,464.1317281660387,455.2742738560338,463.2460021972656,19286400,0.0,0.0
2001-12-31 00:00:00+09:00,463.2460021972656,463.2460021972656,463.2460021972656,463.2460021972656,0,0.0,0.0
2002-01-01 00:00:00+09:00,463.2460021972656,463.2460021972656,463.2460021972656,463.2460021972656,0,0.0,0.0
2002-01-02 00:00:00+09:00,463.2460021972656,463.2460021972656,463.2460021972656,463.2460021972656,0,0.0,0.0
2002-01-03 00:00:00+09:00,463.2460021972656,463.2460021972656,463.2460021972656,463.2460021972656,0,0.0,0.0
2002-01-04 00:00:00+09:00,480.96098431150955,481.846742792941,478.30374130426367,480.0752258300781,23348400,0.0,0.0
2002-01-07 00:00:00+09:00,469.44624238025665,471.2177593000215,464.13175649505735,468.5605163574219,25484400,0.0,0.0
2002-01-08 00:00:00+09:00,458.81727485507975,463.24603475842156,454.3885473887859,461.4745178222656,27538800,0.0,0.0
2002-01-09 00:00:00+09:00,457.93147348705855,460.5887160170859,454.3884726346746,455.27423095703125,27568800,0.0,0.0
2002-01-10 00:00:00+09:00,452.61702244707277,454.3885067878936,445.53102020969936,448.1882629394531,32174400,0.0,0.0
2002-01-11 00:00:00+09:00,451.73126405813986,460.58875063633405,448.1882629394531,448.1882629394531,32876400,0.0,0.0
2002-01-14 00:00:00+09:00,448.1882629394531,448.1882629394531,448.1882629394531,448.1882629394531,0,0.0,0.0
2002-01-15 00:00:00+09:00,442.8738520513501,456.16006793726115,441.10236741224554,447.3026123046875,26584800,0.0,0.0
2002-01-16 00:00:00+09:00,447.30271713754837,454.3886897917334,444.6454733375967,449.9599609375,18230400,0.0,0.0
2002-01-17 00:00:00+09:00,448.1883716999681,451.7313736784244,443.7596435546875,443.7596435546875,22992000,0.0,0.0
2002-01-18 00:00:00+09:00,447.3026397839926,452.6171264648438,444.645396443567,452.61712646484375,26342400,0.0,0.0
2002-01-21 00:00:00+09:00,454.38835080922405,465.0173180796152,451.73110899162623,460.5885925292969,41492400,0.0,0.0
2002-01-22 00:00:00+09:00,462.3601386491642,465.0173808253088,454.3884121207303,457.045654296875,31994400,0.0,0.0
2002-01-23 00:00:00+09:00,465.90326132027366,467.6747457570043,459.7030171361463,462.3602600097656,37344000,0.0,0.0
2002-01-24 00:00:00+09:00,469.44595341511234,477.4176773359559,466.7887121081645,472.98895263671875,30084000,0.0,0.0
2002-01-25 00:00:00+09:00,480.96072357655925,485.38944870875116,476.53199844436733,484.50372314453125,39378000,0.0,0.0
2002-01-28 00:00:00+09:00,489.8184953902483,496.9044662716111,488.0469783421201,492.4757385253906,39049200,0.0,0.0
2002-01-29 00:00:00+09:00,489.8184280040785,489.8184280040785,470.3319702148438,470.33197021484375,27375600,0.0,0.0
2002-01-30 00:00:00+09:00,462.3601833361789,466.7889099121094,457.9314567602485,466.7889099121094,33076800,0.0,0.0
2002-01-31 00:00:00+09:00,466.7889099121094,466.7889099121094,466.7889099121094,466.7889099121094,0,0.0,0.0
2002-02-01 00:00:00+09:00,477.4176773359559,481.8464344722208,465.01722871587515,472.98895263671875,29530800,0.0,0.0
2002-02-04 00:00:00+09:00,477.41798520802155,482.73247124906464,472.10349916697845,474.7607421875,27043200,0.0,0.0
2002-02-05 00:00:00+09:00,465.9031401730966,469.44610812529214,450.845412846631,453.5026550292969,47235600,0.0,0.0
2002-02-06 00:00:00+09:00,460.58885648612056,465.90334316697175,452.6171264648438,452.61712646484375,42903600,0.0,0.0
2002-02-07 00:00:00+09:00,451.73123010464724,457.93147348705855,447.3025033669492,455.27423095703125,31923600,0.0,0.0
2002-02-08 00:00:00+09:00,455.27417032512466,458.8171382686253,452.61692814898004,457.045654296875,38683200,0.0,0.0
2002-02-11 00:00:00+09:00,457.04565429687494,457.04565429687494,457.04565429687494,457.045654296875,0,0.0,0.0
2002-02-12 00:00:00+09:00,474.7606992876812,474.7606992876812,463.2460021972656,463.2460021972656,21952800,0.0,0.0
2002-02-13 00:00:00+09:00,457.0455926268218,473.87480161728587,456.1598345419446,460.5885925292969,33612000,0.0,0.0
2002-02-14 00:00:00+09:00,460.5887820874607,465.0175094604492,445.53105063261467,446.41680908203125,36193200,0.0,0.0
2002-02-15 00:00:00+09:00,449.9598831244182,454.3886112127767,444.645396443567,452.61712646484375,33201600,0.0,0.0
2002-02-18 00:00:00+09:00,448.18809448305143,451.7310942700629,442.8736110210507,449.0738525390625,23662800,0.0,0.0
2002-02-19 00:00:00+09:00,445.53089856088803,446.41665670797147,434.0162048339843,434.0162048339844,26713200,0.0,0.0
2002-02-20 00:00:00+09:00,429.58753878185644,439.3307831808534,426.04457030680584,430.4732971191406,22872000,0.0,0.0
2002-02-21 00:00:00+09:00,439.3307930439655,451.7312478591229,436.6735504095001,450.8454895019531,30817200,0.0,0.0
2002-02-22 00:00:00+09:00,447.30253698756525,454.3885067878936,444.6452942578115,448.1882629394531,21674400,0.0,0.0
2002-02-25 00:00:00+09:00,445.5309299354795,449.07393033627756,440.21644555280164,442.8736877441406,15190800,0.0,0.0
2002-02-26 00:00:00+09:00,451.73112573900164,453.5026095373978,441.10215807455455,445.5308837890625,22077600,0.0,0.0
2002-02-27 00:00:00+09:00,454.3884560372793,475.6463955010117,451.73121360431276,466.7889099121094,53295600,0.0,0.0
2002-02-28 00:00:00+09:00,470.3318774566507,485.3895727022386,468.5603934386519,473.8748779296875,33938400,0.0,0.0
2002-03-01 00:00:00+09:00,479.1893018757403,480.07502755430977,468.5603342366262,477.41778564453125,25489200,0.0,0.0
2002-03-04 00:00:00+09:00,490.7040526164959,507.5332641601563,489.81832683427723,507.53326416015625,49206000,0.0,0.0
2002-03-05 00:00:00+09:00,512.8476876868102,512.8476876868102,496.9042362561322,503.9902038574219,34833600,0.0,0.0
2002-03-06 00:00:00+09:00,510.19041418650795,518.1621394081722,501.33293090564786,502.21868896484375,28004400,0.0,0.0
2002-03-07 00:00:00+09:00,515.505204749231,524.3626933064138,509.30495951549767,512.8479614257812,39304800,0.0,0.0
2002-03-08 00:00:00+09:00,487.1610721960218,496.01852441466934,483.61807184634,488.93255615234375,72076800,0.0,0.0
2002-03-11 00:00:00+09:00,482.7324361895585,488.9326802661519,475.64646612848475,481.8467102050781,39090000,0.0,0.0
2002-03-12 00:00:00+09:00,485.3898290449402,495.13307738210824,481.8468591378393,487.1613464355469,32532000,0.0,0.0
2002-03-13 00:00:00+09:00,484.50372314453125,499.56141454360846,481.84648157781,484.50372314453125,30454800,0.0,0.0
2002-03-14 00:00:00+09:00,487.161195860145,488.04692184462533,468.56049606741095,481.8467102050781,34900800,0.0,0.0
2002-03-15 00:00:00+09:00,488.04670689633934,498.6756735252036,487.1609813019553,494.2469482421875,30627600,0.0,0.0
2002-03-18 00:00:00+09:00,503.1048083286696,503.1048083286696,482.7325853960864,487.1613464355469,40900800,0.0,0.0
2002-03-19 00:00:00+09:00,490.7041885725587,505.7619202866858,489.8184625449379,501.3331604003906,43663200,0.0,0.0
2002-03-20 00:00:00+09:00,501.33329093806293,505.7620519775234,480.96110044253595,487.1613464355469,53276400,0.0,0.0
2002-03-21 00:00:00+09:00,487.1613464355469,487.1613464355469,487.1613464355469,487.1613464355469,0,0.0,0.0
2002-03-22 00:00:00+09:00,487.16139699716064,489.818640921805,475.6466625113483,482.7326354980469,38743200,0.0,0.0
2002-03-25 00:00:00+09:00,485.38987942269125,485.38987942269125,477.41814764875807,482.7326354980469,20774400,0.0,0.0
2002-03-26 00:00:00+09:00,477.8476025150334,487.61770971819465,477.8476025150334,483.1767578125,32613600,2.5,0.0
2002-03-27 00:00:00+09:00,478.73572071995784,492.05860749812535,478.73572071995784,488.505859375,22500000,0.0,0.0
2002-03-28 00:00:00+09:00,492.05847633316176,494.7230529785156,487.6175260997621,494.7230529785156,15266400,0.0,0.0
2002-03-29 00:00:00+09:00,491.1702323074537,493.83480855410073,477.8473510742187,477.84735107421875,19699200,0.0,0.0
2002-04-01 00:00:00+09:00,483.17645794051936,485.84103393554693,478.7354762644318,485.8410339355469,11442000,0.0,0.0
2002-04-02 00:00:00+09:00,485.84103393554693,487.6174070900445,481.40005225945936,485.8410339355469,16996800,0.0,0.0
2002-04-03 00:00:00+09:00,479.62372226294576,491.1702301225755,478.7355193424926,486.729248046875,19705200,0.0,0.0
2002-04-04 00:00:00+09:00,487.617664082845,490.2822414822048,476.95935448540575,479.6239318847656,20569200,0.0,0.0
2002-04-05 00:00:00+09:00,475.18294345719374,487.6176261787584,475.18294345719374,481.4002685546875,20114400,0.0,0.0
2002-04-08 00:00:00+09:00,475.1827748275717,484.0646739653514,475.1827748275717,477.84735107421875,16045200,0.0,0.0
2002-04-09 00:00:00+09:00,478.735581549734,482.288361166632,470.7418518066407,470.7418518066406,19761600,0.0,0.0
2002-04-10 00:00:00+09:00,466.30088245801335,474.2946118715793,466.30088245801335,471.6300354003906,18861600,0.0,0.0
2002-04-11 00:00:00+09:00,476.9592080045698,476.9592080045698,468.96547826147645,470.7418518066406,14605200,0.0,0.0
2002-04-12 00:00:00+09:00,466.30080307578635,476.95910714609005,466.30080307578635,472.5181579589844,22975200,0.0,0.0
2002-04-15 00:00:00+09:00,472.51807792285734,482.2881774902344,468.96529965901243,482.2881774902344,11503200,0.0,0.0
2002-04-16 00:00:00+09:00,482.2881831913204,488.50553709490447,480.51181030167817,484.9527587890625,26427600,0.0,0.0
2002-04-17 00:00:00+09:00,490.28223737262664,492.0586114484503,487.61765999560146,491.1704406738281,29361600,0.0,0.0
2002-04-18 00:00:00+09:00,492.05864946650945,499.16421137196164,490.2822752534373,496.4996337890625,28263600,0.0,0.0
2002-04-19 00:00:00+09:00,489.39403014249183,492.05860749812535,484.9530787252957,488.505859375,20745600,0.0,0.0
2002-04-22 00:00:00+09:00,497.38763888122503,502.7167922711188,496.4994683339567,500.0522155761719,24195600,0.0,0.0
2002-04-23 00:00:00+09:00,497.3878046323077,508.04611496390413,495.61143041923555,496.4996337890625,28360800,0.0,0.0
2002-04-24 00:00:00+09:00,505.3813689660656,505.3813689660656,499.1640450289036,500.0522155761719,25699200,0.0,0.0
2002-04-25 00:00:00+09:00,503.6047916481765,506.26936726536263,500.94021603099037,505.38116455078125,13678800,0.0,0.0
2002-04-26 00:00:00+09:00,501.8284381740356,504.49301389438176,488.5055595723051,495.611083984375,22356000,0.0,0.0
2002-04-29 00:00:00+09:00,495.61108398437506,495.61108398437506,495.61108398437506,495.611083984375,0,0.0,0.0
2002-04-30 00:00:00+09:00,513.3749754884803,518.7041275957191,509.8222291013633,511.5986022949219,90588000,0.0,0.0
2002-05-01 00:00:00+09:00,519.5924324696274,528.474365234375,516.9278558928601,528.474365234375,53256000,0.0,0.0
2002-05-02 00:00:00+09:00,531.1389358696749,532.0271063676157,516.9278501103619,518.7042236328125,44076000,0.0,0.0
2002-05-03 00:00:00+09:00,518.7042236328125,518.7042236328125,518.7042236328125,518.7042236328125,0,0.0,0.0
2002-05-06 00:00:00+09:00,518.7042236328125,518.7042236328125,518.7042236328125,518.7042236328125,0,0.0,0.0
2002-05-07 00:00:00+09:00,516.0396470858519,518.7042236328125,509.82232349398987,518.7042236328125,24565200,0.0,0.0
2002-05-08 00:00:00+09:00,516.9277802288229,528.474287880246,516.9277802288229,524.9215087890625,29010000,0.0,0.0
2002-05-09 00:00:00+09:00,528.4743818369013,530.2507554350295,514.2632954721643,520.4806518554688,31449600,0.0,0.0
2002-05-10 00:00:00+09:00,517.8159819857794,518.7041523616836,511.598626721627,513.375,30480000,0.0,0.0
2002-05-13 00:00:00+09:00,510.7104247954406,511.59862769960733,505.3812724235697,508.9340515136719,19107600,0.0,0.0
2002-05-14 00:00:00+09:00,511.5986022949219,515.1513812086021,508.04582338124163,511.5986022949219,26097600,0.0,0.0
2002-05-15 00:00:00+09:00,520.4807172296984,523.1452942248562,516.0397338867188,516.0397338867188,23137200,0.0,0.0
2002-05-16 00:00:00+09:00,520.480543028834,523.1451191321785,517.8159669254893,521.3687133789062,25338000,0.0,0.0
2002-05-17 00:00:00+09:00,522.2569836738783,523.1451866651728,517.8160337705414,519.5924072265625,25378800,0.0,0.0
2002-05-20 00:00:00+09:00,515.1512467276985,516.9276194575327,507.15752065361306,510.71026611328125,21444000,0.0,0.0
2002-05-21 00:00:00+09:00,509.82244044926273,510.7106111509533,500.9405057463201,504.4932861328125,23372400,0.0,0.0
2002-05-22 00:00:00+09:00,492.9468528363364,497.3878046323077,485.84132345746605,496.4996337890625,48820800,0.0,0.0
2002-05-23 00:00:00+09:00,488.50586739149145,492.05861557291814,476.95935448540575,479.6239318847656,54165600,0.0,0.0
2002-05-24 00:00:00+09:00,488.5057382491161,500.0522155761719,488.5057382491161,500.0522155761719,55776000,0.0,0.0
2002-05-27 00:00:00+09:00,501.8285567648205,503.60493015598604,492.9466247558594,492.9466247558594,22118400,0.0,0.0
2002-05-28 00:00:00+09:00,489.39382625599296,494.7229787470803,485.84107961297843,493.8348083496094,21715200,0.0,0.0
2002-05-29 00:00:00+09:00,490.2820129394531,495.6111652540124,489.39381004483846,490.2820129394531,17920800,0.0,0.0
2002-05-30 00:00:00+09:00,489.3940042831931,490.2822075303318,482.2884758858155,484.0648498535156,19530000,0.0,0.0
2002-05-31 00:00:00+09:00,479.6237845856009,484.95293774766316,470.7418518066407,470.7418518066406,28208400,0.0,0.0
2002-06-03 00:00:00+09:00,479.62385128397545,487.61758213870837,477.8474774917817,480.5120544433594,20739600,0.0,0.0
2002-06-04 00:00:00+09:00,482.28831516223005,487.61746781595633,472.51821280592065,474.2945861816406,17529600,0.0,0.0
2002-06-05 00:00:00+09:00,476.07090429804384,480.5118860117122,471.62995511093817,472.5181579589844,14379600,0.0,0.0
2002-06-06 00:00:00+09:00,475.1827677083019,476.07093809283384,467.1890390881243,468.07720947265625,25264800,0.0,0.0
2002-06-07 00:00:00+09:00,468.9655858331229,482.2884717942911,466.30100864088917,481.4002685546875,33000000,0.0,0.0
2002-06-10 00:00:00+09:00,477.84741104043667,481.40015813076513,470.7418518066407,470.7418518066406,14073600,0.0,0.0
2002-06-11 00:00:00+09:00,472.51821280592065,478.7355358842237,472.51821280592065,474.2945861816406,18439200,0.0,0.0
2002-06-12 00:00:00+09:00,483.1767578125,486.72950632642267,477.8476025150334,483.1767578125,28213200,0.0,0.0
2002-06-13 00:00:00+09:00,483.1766750338947,485.84125222612835,476.9593174098238,481.4002685546875,28248000,0.0,0.0
2002-06-14 00:00:00+09:00,486.72919063770814,487.6173934533988,472.51814074602714,473.40631103515625,54211200,0.0,0.0
2002-06-17 00:00:00+09:00,468.9656175758406,469.8538208755637,451.20177926743366,455.6427307128906,22690800,0.0,0.0
2002-06-18 00:00:00+09:00,464.52468490214244,464.52468490214244,455.64274912572427,461.860107421875,17563200,0.0,0.0
2002-06-19 00:00:00+09:00,462.74793188552417,465.4125073714802,446.7604789697875,447.648681640625,21307200,0.0,0.0
2002-06-20 00:00:00+09:00,445.87248490037797,449.4252319335937,437.87875528578894,449.42523193359375,25742400,0.0,0.0
2002-06-21 00:00:00+09:00,436.10222052584226,439.6549990370147,433.43764477410275,435.21405029296875,21396000,0.0,0.0
2002-06-24 00:00:00+09:00,421.8912101372647,433.4376844335971,411.23290615507324,424.5557861328125,49812000,0.0,0.0
2002-06-25 00:00:00+09:00,424.55595978768395,440.5434223002757,420.11497629424684,437.87884521484375,32184000,0.0,0.0
2002-06-26 00:00:00+09:00,426.3322416057977,428.1086151036323,419.2267150878906,419.2267150878906,27084000,0.0,0.0
2002-06-27 00:00:00+09:00,423.6677005507889,424.5559036373207,418.33854708474126,421.8913269042969,22220400,0.0,0.0
2002-06-28 00:00:00+09:00,430.77314352250346,439.6550750732422,429.88497313602517,431.6613464355469,31910400,0.0,0.0
2002-07-01 00:00:00+09:00,440.543354434362,444.09610164991835,437.87877775940933,439.6551513671875,27057600,0.0,0.0
2002-07-02 00:00:00+09:00,436.1020631348081,445.87219238281256,432.5493184323953,445.8721923828125,24270000,0.0,0.0
2002-07-03 00:00:00+09:00,435.21400688168194,452.08962994169974,435.21400688168194,447.648681640625,29451600,0.0,0.0
2002-07-04 00:00:00+09:00,439.6550589515395,450.31336341097074,437.8786857171556,444.09600830078125,27592800,0.0,0.0
2002-07-05 00:00:00+09:00,444.0960083007812,449.42516053049684,438.7668560710656,444.09600830078125,20996400,0.0,0.0
2002-07-08 00:00:00+09:00,461.8596411233132,463.6360134745196,440.54304280264563,445.8721923828125,26266800,0.0,0.0
2002-07-09 00:00:00+09:00,451.2013419629794,451.2013419629794,439.6548403637686,445.8721923828125,23648400,0.0,0.0
2002-07-10 00:00:00+09:00,438.7667962775817,442.3195747887542,432.54947454122924,435.21405029296875,18055200,0.0,0.0
2002-07-11 00:00:00+09:00,430.7730407714843,435.21402175084216,426.3320923186838,430.7730407714844,25167600,0.0,0.0
2002-07-12 00:00:00+09:00,433.43764477410275,441.4313720293212,431.66127178179624,435.21405029296875,26664000,0.0,0.0
2002-07-15 00:00:00+09:00,435.2139662108256,442.31948933384353,431.66118838604007,433.43756103515625,24504000,0.0,0.0
2002-07-16 00:00:00+09:00,428.9966905285296,445.8723475819832,428.9966905285296,432.5494689941406,46640400,0.0,0.0
2002-07-17 00:00:00+09:00,428.1087341308594,430.773311381729,416.56225439480954,428.1087341308594,36057600,0.0,0.0
2002-07-18 00:00:00+09:00,436.99058564732246,445.8725189620195,434.32600890557046,440.5433654785156,32112000,0.0,0.0
2002-07-19 00:00:00+09:00,444.98437077166085,449.4253217136173,439.65521663068284,442.3197937011719,34029600,0.0,0.0
2002-07-22 00:00:00+09:00,433.4377772686363,457.41896636493203,429.88503019800913,452.0898132324219,35820000,0.0,0.0
2002-07-23 00:00:00+09:00,448.5370056410432,477.8473439150278,447.6488027299462,468.07720947265625,71175600,0.0,0.0
2002-07-24 00:00:00+09:00,462.7480570592045,472.51819150157604,460.0834808524786,468.07720947265625,40640400,0.0,0.0
2002-07-25 00:00:00+09:00,475.18282849545744,476.0709989936074,444.9842834472656,444.9842834472656,41821200,0.0,0.0
2002-07-26 00:00:00+09:00,440.54328745767776,444.0960341331029,424.55582983856726,425.4440002441406,51298800,0.0,0.0
2002-07-29 00:00:00+09:00,431.66111599351825,454.7540866653922,431.66111599351825,445.8721923828125,34710000,0.0,0.0
2002-07-30 00:00:00+09:00,461.8599094340111,463.6362828171754,451.2016040818922,453.8661804199219,37370400,0.0,0.0
2002-07-31 00:00:00+09:00,460.08362999557323,460.08362999557323,437.8788427592154,442.3197937011719,35162400,0.0,0.0
2002-08-01 00:00:00+09:00,448.5370433927748,448.5370433927748,423.6676525279789,434.3259582519531,51578400,0.0,0.0
2002-08-02 00:00:00+09:00,425.44400137720413,428.996780588657,419.22667841536895,421.0030517578125,44630400,0.0,0.0
2002-08-05 00:00:00+09:00,418.3385407069944,423.6676940917969,412.1211842492012,423.6676940917969,33788400,0.0,0.0
2002-08-06 00:00:00+09:00,419.2267150878906,424.55586810796314,415.67393556565276,419.2267150878906,24367200,0.0,0.0
2002-08-07 00:00:00+09:00,432.5496352532597,444.0961127831372,430.77322907437735,440.5433654785156,27597600,0.0,0.0
2002-08-08 00:00:00+09:00,439.65510972132165,442.3196861438751,434.3259568762147,438.76690673828125,27297600,0.0,0.0
2002-08-09 00:00:00+09:00,446.7608586598145,455.6427953370391,442.3199065844941,451.20184326171875,32688000,0.0,0.0
2002-08-12 00:00:00+09:00,450.31335812269504,452.08973133621805,441.43142700195307,441.4314270019531,18662400,0.0,0.0
2002-08-13 00:00:00+09:00,440.54304280264563,446.7603622951419,437.8784680125622,445.8721923828125,14265600,0.0,0.0
2002-08-14 00:00:00+09:00,436.99041768123516,436.99041768123516,428.1084877804871,432.5494689941406,21364800,0.0,0.0
2002-08-15 00:00:00+09:00,433.43756103515625,442.31948933384353,428.9966131490892,433.43756103515625,20434800,0.0,0.0
2002-08-16 00:00:00+09:00,441.4314483727639,441.4314483727639,430.77314352250346,431.6613464355469,16953600,0.0,0.0
2002-08-19 00:00:00+09:00,431.6613112787527,431.6613112787527,423.6675832921091,424.5557861328125,20068800,0.0,0.0
2002-08-20 00:00:00+09:00,435.21428765994835,443.20801927496836,432.5497104549417,436.99066162109375,29344800,0.0,0.0
2002-08-21 00:00:00+09:00,436.9903796968006,452.08962994169974,436.9903796968006,447.648681640625,27354000,0.0,0.0
2002-08-22 00:00:00+09:00,453.86621929430487,456.5307958605599,449.42523666616677,452.0898132324219,38302800,0.0,0.0
2002-08-23 00:00:00+09:00,452.0898132324219,452.0898132324219,452.0898132324219,452.0898132324219,0,0.0,0.0
2002-08-26 00:00:00+09:00,457.41900682745154,470.74189083724696,457.41900682745154,464.5245666503906,25366800,0.0,0.0
2002-08-27 00:00:00+09:00,457.4190173290822,461.86000045202024,452.08986360281494,458.3072204589844,24879600,0.0,0.0
2002-08-28 00:00:00+09:00,453.86611666977325,455.64248980342774,445.87238877848506,446.76055908203125,20262000,0.0,0.0
2002-08-29 00:00:00+09:00,444.09590329820685,445.87230863913925,439.65495499898833,443.2077331542969,25929600,0.0,0.0
2002-08-30 00:00:00+09:00,438.76663792489154,445.87219238281256,436.9902655736851,445.8721923828125,19500000,0.0,0.0
2002-09-02 00:00:00+09:00,441.4314831608348,445.872465549469,436.10233031572784,438.76690673828125,14349600,0.0,0.0
2002-09-03 00:00:00+09:00,436.99074236946814,437.8789457774542,428.10880586935775,428.99700927734375,23133600,0.0,0.0
2002-09-04 00:00:00+09:00,419.2268529562423,421.89143034256034,410.34491749298877,415.674072265625,41882400,0.0,0.0
2002-09-05 00:00:00+09:00,420.1148044558578,430.77310843804923,419.22663414171683,424.5557861328125,35713200,0.0,0.0
2002-09-06 00:00:00+09:00,423.6675832921091,431.6613112787527,415.6738553054655,424.5557861328125,28610400,0.0,0.0
2002-09-09 00:00:00+09:00,431.6615146408781,436.10246588346826,428.1087341308594,428.1087341308594,16976400,0.0,0.0
2002-09-10 00:00:00+09:00,432.54979038270454,435.21436808007934,425.44422817198296,428.99700927734375,32547600,0.0,0.0
2002-09-11 00:00:00+09:00,437.87877775940933,440.543354434362,435.2142010844567,439.6551513671875,28418400,0.0,0.0
2002-09-12 00:00:00+09:00,439.6550589515395,444.0960083007812,436.1022799562078,444.09600830078125,23016000,0.0,0.0
2002-09-13 00:00:00+09:00,435.21402175084216,437.878597327834,428.9966678956756,430.7730407714844,59824800,0.0,0.0
2002-09-16 00:00:00+09:00,430.7730407714843,430.7730407714843,430.7730407714843,430.7730407714844,0,0.0,0.0
2002-09-17 00:00:00+09:00,442.31956618594086,456.53064742767543,442.31956618594086,454.7542419433594,45712800,0.0,0.0
2002-09-18 00:00:00+09:00,443.20785920485724,455.6425374950883,443.20785920485724,450.3133850097656,31977600,0.0,0.0
2002-09-19 00:00:00+09:00,470.7417302292415,484.9528125,466.30078125,466.30078125,63608400,0.0,0.0
2002-09-20 00:00:00+09:00,457.4188894579188,466.30082069428363,457.4188894579188,460.0834655761719,23990400,0.0,0.0
2002-09-23 00:00:00+09:00,460.0834655761718,460.0834655761718,460.0834655761718,460.0834655761719,0,0.0,0.0
2002-09-24 00:00:00+09:00,459.19532178639054,460.9716951258042,446.760610830797,452.97796630859375,28306800,0.0,0.0
2002-09-25 00:00:00+09:00,442.82069761881246,449.05761988237805,436.58380798417784,440.1477355957031,24022800,2.666667,0.0
2002-09-26 00:00:00+09:00,448.1666379427504,452.6215965623605,443.71171195207245,446.3846740722656,17979600,0.0,0.0
2002-09-27 00:00:00+09:00,451.7306284360773,452.6216267452015,441.038779242324,450.8396301269531,24547200,0.0,0.0
2002-09-30 00:00:00+09:00,445.49363365559293,447.27562998633994,436.58378251757426,439.2567443847656,28605600,0.0,0.0
2002-10-01 00:00:00+09:00,434.8017393484836,440.1476625069851,429.45581618998204,437.4747009277344,34795200,0.0,0.0
2002-10-02 00:00:00+09:00,442.820686044705,446.3846461920091,433.01983642578125,433.01983642578125,14143200,0.0,0.0
2002-10-03 00:00:00+09:00,437.4746273897005,443.7115475691886,432.1287051298308,434.8016662597656,26779200,0.0,0.0
2002-10-04 00:00:00+09:00,434.801839044188,444.60272216796875,434.801839044188,444.60272216796875,19203600,0.0,0.0
2002-10-07 00:00:00+09:00,435.69295368299703,437.4749180773702,427.674064964905,428.5650634765625,25129200,0.0,0.0
2002-10-08 00:00:00+09:00,428.56495282317763,435.6928411892261,423.219028391408,431.2379150390625,26632800,0.0,0.0
2002-10-09 00:00:00+09:00,424.10995972119264,427.67391993025495,418.7640357220644,423.218994140625,29235600,0.0,0.0
2002-10-10 00:00:00+09:00,414.30912449724104,416.98208659077164,404.5082743639395,412.52716064453125,35618400,0.0,0.0
2002-10-11 00:00:00+09:00,418.76392065802213,424.10984318824757,415.19999405715294,417.8729553222656,24248400,0.0,0.0
2002-10-14 00:00:00+09:00,417.8729553222657,417.8729553222657,417.8729553222657,417.8729553222656,0,0.0,0.0
2002-10-15 00:00:00+09:00,425.00086739139186,434.80171509224397,424.10986937170577,432.1287536621094,24604800,0.0,0.0
2002-10-16 00:00:00+09:00,443.7118137904576,456.18562900463917,442.8208153362519,449.0577392578125,47314800,0.0,0.0
2002-10-17 00:00:00+09:00,449.9486269793831,456.1855167371017,444.60270282766345,451.7305908203125,37028400,0.0,0.0
2002-10-18 00:00:00+09:00,459.749438915116,459.749438915116,451.730553352643,452.6215515136719,26632800,0.0,0.0
2002-10-21 00:00:00+09:00,452.6214041454805,453.5123693874927,446.38448430680387,447.2754821777344,17818800,0.0,0.0
2002-10-22 00:00:00+09:00,449.9486107285709,449.9486107285709,444.60268676993013,445.49365234375,25921200,0.0,0.0
2002-10-23 00:00:00+09:00,442.8206903644296,445.49365234375,440.14772838510925,445.49365234375,19599600,0.0,0.0
2002-10-24 00:00:00+09:00,452.62158905524296,455.29455113110276,443.711704592733,451.7305908203125,30214800,0.0,0.0
2002-10-25 00:00:00+09:00,449.94868379378124,460.6405334472657,447.2757213804101,460.6405334472656,29660400,0.0,0.0
2002-10-28 00:00:00+09:00,449.9486644467632,453.5125924253914,442.8207432316381,450.8396301269531,25362000,0.0,0.0
2002-10-29 00:00:00+09:00,397.3804533030174,404.50837575841234,385.79763641364565,390.2525634765625,153080400,0.0,0.0
2002-10-30 00:00:00+09:00,390.2523570171081,404.5081617570543,386.6883976748909,402.7261657714844,78886800,0.0,0.0
2002-10-31 00:00:00+09:00,407.18126743359335,411.6361937187402,389.3614970351376,391.14349365234375,42529200,0.0,0.0
2002-11-01 00:00:00+09:00,395.5984191894531,400.0533454661761,392.0344585907142,395.5984191894531,36430800,0.0,0.0
2002-11-04 00:00:00+09:00,395.5984191894531,395.5984191894531,395.5984191894531,395.5984191894531,0,0.0,0.0
2002-11-05 00:00:00+09:00,400.9442329406738,402.7261964329906,382.233502070109,384.9064636230469,49747200,0.0,0.0
2002-11-06 00:00:00+09:00,389.3615049533178,394.7074296557841,378.66965554838515,385.7975769042969,41592000,0.0,0.0
2002-11-07 00:00:00+09:00,381.34250400948804,389.3613886683015,380.45153857779223,384.9064636230469,32988000,0.0,0.0
2002-11-08 00:00:00+09:00,383.1245069645214,391.14339176636776,382.2335088880077,384.0154724121094,27967200,0.0,0.0
2002-11-11 00:00:00+09:00,366.1957160375297,367.97767944850904,355.5038703138062,365.3047180175781,56544000,0.0,0.0
2002-11-12 00:00:00+09:00,359.9588117271188,375.1056156189888,357.285850173133,367.08673095703125,42190800,0.0,0.0
2002-11-13 00:00:00+09:00,375.996574630249,375.996574630249,367.9776901052276,372.4326477050781,25167600,0.0,0.0
2002-11-14 00:00:00+09:00,375.1058654785156,381.3427581729518,369.75993880960067,375.1058654785156,33895200,0.0,0.0
2002-11-15 00:00:00+09:00,387.5795884587954,394.70747805988555,384.90662577976923,392.0345153808594,37084800,0.0,0.0
2002-11-18 00:00:00+09:00,387.5795884587954,392.0345153808594,384.01562734378086,392.0345153808594,20901600,0.0,0.0
2002-11-19 00:00:00+09:00,392.92528168276493,395.5982427826477,387.57935948299945,394.7072448730469,18424800,0.0,0.0
2002-11-20 00:00:00+09:00,399.1625008486733,405.39939300186194,396.4895377461798,400.053466796875,30784800,0.0,0.0
2002-11-21 00:00:00+09:00,403.61712608229595,403.61712608229595,390.2523205828822,394.7072448730469,22790400,0.0,0.0
2002-11-22 00:00:00+09:00,404.5081678146134,405.39913319181795,390.25236286118474,397.3802490234375,41799600,0.0,0.0
2002-11-25 00:00:00+09:00,401.83534892388417,411.63619995117193,399.1623865865389,411.6361999511719,29502000,0.0,0.0
2002-11-26 00:00:00+09:00,411.6361152247379,412.52711336343845,403.61722986321706,406.2901916503906,21163200,0.0,0.0
2002-11-27 00:00:00+09:00,401.83533358019065,408.0722237098901,398.2713730568384,405.3992614746094,23481600,0.0,0.0
2002-11-28 00:00:00+09:00,409.85438543336954,416.0912780761718,408.072388139186,416.0912780761719,19298400,0.0,0.0
2002-11-29 00:00:00+09:00,416.98212462586247,419.65508696320774,411.63619995117193,411.6361999511719,15963600,0.0,0.0
2002-12-02 00:00:00+09:00,411.63619995117193,411.63619995117193,411.63619995117193,411.6361999511719,0,0.0,0.0
2002-12-03 00:00:00+09:00,418.76409200278533,421.4370543615881,413.41816728517983,419.65509033203125,25437600,0.0,0.0
2002-12-04 00:00:00+09:00,415.20012273806185,416.09108834995084,408.0722020693591,412.52716064453125,22584000,0.0,0.0
2002-12-05 00:00:00+09:00,411.63616494620817,416.0910909199647,406.29024072612754,408.07220458984375,32011200,0.0,0.0
2002-12-06 00:00:00+09:00,407.1811946748939,412.52711831338735,406.29019652550215,409.8541564941406,24184800,0.0,0.0
2002-12-09 00:00:00+09:00,408.9632376138266,416.98212462586247,408.0722392917333,411.6361999511719,21192000,0.0,0.0
2002-12-10 00:00:00+09:00,407.1812364574701,416.98208659077164,406.2902382166493,412.52716064453125,17662800,0.0,0.0
2002-12-11 00:00:00+09:00,413.4181288099244,416.0910909199647,408.07220458984375,408.07220458984375,12591600,0.0,0.0
2002-12-12 00:00:00+09:00,410.7451641628897,414.30912449724104,408.9632003101799,412.52716064453125,15417600,0.0,0.0
2002-12-13 00:00:00+09:00,403.6172677751583,408.0721936292581,392.925419622174,396.4893798828125,49052400,0.0,0.0
2002-12-16 00:00:00+09:00,400.053466796875,401.83546395116673,395.5985391690339,400.053466796875,25418400,0.0,0.0
2002-12-17 00:00:00+09:00,400.94440185392625,402.72636609696406,392.0345153808594,392.0345153808594,21984000,0.0,0.0
2002-12-18 00:00:00+09:00,392.9256105523934,393.8166092077394,383.124755859375,383.124755859375,27468000,0.0,0.0
2002-12-19 00:00:00+09:00,378.6697629708925,389.36161540893136,378.6697629708925,387.57965087890625,31352400,0.0,0.0
2002-12-20 00:00:00+09:00,392.0345153808594,395.5984764958739,384.01562734378086,392.0345153808594,32332800,0.0,0.0
2002-12-23 00:00:00+09:00,392.0345153808594,392.0345153808594,392.0345153808594,392.0345153808594,0,0.0,0.0
2002-12-24 00:00:00+09:00,396.4894749318623,397.3804407389117,389.3615527018332,392.0345153808594,19225200,0.0,0.0
2002-12-25 00:00:00+09:00,392.034417094522,393.8164135197372,385.79752749306107,388.4704895019531,17173200,0.0,0.0
2002-12-26 00:00:00+09:00,390.25245758392794,396.4893798828125,390.25245758392794,396.4893798828125,10508400,0.0,0.0
2002-12-27 00:00:00+09:00,397.3802059729296,397.3802059729296,392.92528168276493,394.7072448730469,10554000,0.0,0.0
2002-12-30 00:00:00+09:00,391.14349365234375,392.03445933201255,388.47053135546884,391.14349365234375,6420000,0.0,0.0
2002-12-31 00:00:00+09:00,391.14349365234375,391.14349365234375,391.14349365234375,391.14349365234375,0,0.0,0.0
2003-01-01 00:00:00+09:00,391.14349365234375,391.14349365234375,391.14349365234375,391.14349365234375,0,0.0,0.0
2003-01-02 00:00:00+09:00,391.14349365234375,391.14349365234375,391.14349365234375,391.14349365234375,0,0.0,0.0
2003-01-03 00:00:00+09:00,391.14349365234375,391.14349365234375,391.14349365234375,391.14349365234375,0,0.0,0.0
2003-01-06 00:00:00+09:00,400.944264872585,401.8352630041667,387.57945604349885,389.3614196777344,14926800,0.0,0.0
2003-01-07 00:00:00+09:00,398.2713822343655,400.05334622263734,390.2524953437407,391.14349365234375,20697600,0.0,0.0
2003-01-08 00:00:00+09:00,392.034417094522,394.70737910341404,387.5794912893455,388.4704895019531,14368800,0.0,0.0
2003-01-09 00:00:00+09:00,384.01553106784587,389.3614550856299,382.23356727156147,388.4704895019531,17635200,0.0,0.0
2003-01-10 00:00:00+09:00,390.252393689854,391.14339176636776,383.1245069645214,384.0154724121094,20636400,0.0,0.0
2003-01-13 00:00:00+09:00,384.0154724121094,384.0154724121094,384.0154724121094,384.0154724121094,0,0.0,0.0
2003-01-14 00:00:00+09:00,387.5795367047503,387.5795367047503,381.34261374353474,382.2336120605469,20582400,0.0,0.0
2003-01-15 00:00:00+09:00,381.3425952836198,383.1245918313816,375.9966708982002,380.4516296386719,28932000,0.0,0.0
2003-01-16 00:00:00+09:00,375.99654565698006,382.23346623881594,375.1055803088051,381.34246826171875,22600800,0.0,0.0
2003-01-17 00:00:00+09:00,377.77866744596207,384.9065557502105,377.77866744596207,380.4516296386719,18681600,0.0,0.0
2003-01-20 00:00:00+09:00,371.5417744720466,375.1057352233901,367.086848004569,367.9778137207031,21714000,0.0,0.0
2003-01-21 00:00:00+09:00,368.8687970842634,379.56064627511165,368.8687970842634,374.2147216796875,30542400,0.0,0.0
2003-01-22 00:00:00+09:00,371.5417868064268,374.21474930143705,363.52289932139604,366.19586181640625,21702000,0.0,0.0
2003-01-23 00:00:00+09:00,366.19577508189667,372.43269696933356,362.63181505637147,369.7597351074219,20016000,0.0,0.0
2003-01-24 00:00:00+09:00,367.9776225600467,371.54158145994955,360.84973738915966,364.4136962890625,23182800,0.0,0.0
2003-01-27 00:00:00+09:00,359.06777425366755,364.4136962890625,358.17677637146215,364.4136962890625,19304400,0.0,0.0
2003-01-28 00:00:00+09:00,360.8499368263858,369.75982268606555,360.8499368263858,366.19586181640625,24276000,0.0,0.0
2003-01-29 00:00:00+09:00,366.1957601789391,366.1957601789391,354.6129150390625,354.6129150390625,28316400,0.0,0.0
2003-01-30 00:00:00+09:00,359.0679113686991,359.0679113686991,347.4850649926342,349.26702880859375,27962400,0.0,0.0
2003-01-31 00:00:00+09:00,348.3761089737282,358.1769601922286,342.1391858552631,355.5039978027344,31923600,0.0,0.0
2003-02-03 00:00:00+09:00,364.4138707977214,377.7786822862817,362.6318741799572,374.2147216796875,56326800,0.0,0.0
2003-02-04 00:00:00+09:00,375.10559835027385,375.99656374130166,365.3047180175781,365.3047180175781,25958400,0.0,0.0
2003-02-05 00:00:00+09:00,365.3047348350905,371.5416560040326,363.52277134207503,367.08673095703125,28207200,0.0,0.0
2003-02-06 00:00:00+09:00,371.54163889939144,371.54163889939144,363.5227546065988,365.3047180175781,23161200,0.0,0.0
2003-02-07 00:00:00+09:00,366.1958496594992,370.65077612697684,365.3048513144294,367.9778137207031,18292800,0.0,0.0
2003-02-10 00:00:00+09:00,367.08677324551024,375.1056588312452,367.08677324551024,369.7597351074219,20091600,0.0,0.0
2003-02-11 00:00:00+09:00,369.7597351074219,369.7597351074219,369.7597351074219,369.7597351074219,0,0.0,0.0
2003-02-12 00:00:00+09:00,377.77855297853046,384.9064391230194,375.99655697071586,379.5605163574219,43791600,0.0,0.0
2003-02-13 00:00:00+09:00,378.669651421433,386.6885383877382,378.669651421433,382.2336120605469,38161200,0.0,0.0
2003-02-14 00:00:00+09:00,383.12461455306374,389.3615049533178,383.12461455306374,385.7975769042969,37077600,0.0,0.0
2003-02-17 00:00:00+09:00,391.1436458706483,395.5985738894845,378.6697952115918,383.124755859375,31141200,0.0,0.0
2003-02-18 00:00:00+09:00,383.12447574412795,384.9064391230194,375.99655697071586,379.5605163574219,21288000,0.0,0.0
2003-02-19 00:00:00+09:00,384.0154724121094,388.4704301657523,381.3425108114939,384.0154724121094,19748400,0.0,0.0
2003-02-20 00:00:00+09:00,384.9066379494863,391.14356194072184,384.0156394853269,390.2525634765625,26628000,0.0,0.0
2003-02-21 00:00:00+09:00,391.1434746008953,395.59840066905576,387.5795141690073,393.8164367675781,39679200,0.0,0.0
2003-02-24 00:00:00+09:00,392.0345277759412,399.16245023133615,390.2525634765625,390.2525634765625,28670400,0.0,0.0
2003-02-25 00:00:00+09:00,385.79761202152264,388.4705746160622,376.8877258300781,376.8877258300781,25015200,0.0,0.0
2003-02-26 00:00:00+09:00,372.43274572086915,381.3425980075905,371.54174744062374,375.9966735839844,23302800,0.0,0.0
2003-02-27 00:00:00+09:00,375.9966735839844,378.6696357957874,371.54174744062374,375.9966735839844,21420000,0.0,0.0
2003-02-28 00:00:00+09:00,382.233502070109,389.3613886683015,381.34250400948804,384.9064636230469,24236400,0.0,0.0
2003-03-03 00:00:00+09:00,387.57935948299945,394.7072448730469,384.90639838311665,394.7072448730469,24874800,0.0,0.0
2003-03-04 00:00:00+09:00,390.2524532982376,392.034417094522,384.01553106784587,388.4704895019531,25027200,0.0,0.0
2003-03-05 00:00:00+09:00,379.56079386693784,383.124755859375,376.8878305298467,383.124755859375,33714000,0.0,0.0
2003-03-06 00:00:00+09:00,378.6695426050198,381.3425041590056,365.3047348350905,367.08673095703125,38733600,0.0,0.0
2003-03-07 00:00:00+09:00,362.6318677971172,366.19582834098054,350.158054836996,353.7220153808594,48136800,0.0,0.0
2003-03-10 00:00:00+09:00,353.72194954063724,359.06787304689914,353.72194954063724,354.6129150390625,37410000,0.0,0.0
2003-03-11 00:00:00+09:00,356.39496107146715,363.5228491990596,350.1580385667412,351.94000244140625,28368000,0.0,0.0
2003-03-12 00:00:00+09:00,353.72207861144386,363.5229310728799,351.0491158829668,361.740966796875,35961600,0.0,0.0
2003-03-13 00:00:00+09:00,358.17694158898826,359.06793988218755,348.37609087953115,353.7220153808594,24970800,0.0,0.0
2003-03-14 00:00:00+09:00,362.63192160784126,365.3048842551446,356.39503051675916,359.0679931640625,54625200,0.0,0.0
2003-03-17 00:00:00+09:00,363.52279842580816,365.30476205158624,353.72194954063724,354.6129150390625,19456800,0.0,0.0
2003-03-18 00:00:00+09:00,364.4138823971227,370.65077287101667,359.0679576315362,359.95892333984375,26328000,0.0,0.0
2003-03-19 00:00:00+09:00,360.8499368263858,366.1958618164063,359.95893845173674,366.19586181640625,22384800,0.0,0.0
2003-03-20 00:00:00+09:00,375.1055803088051,383.12446421591306,375.1055803088051,381.34246826171875,32139600,0.0,0.0
2003-03-21 00:00:00+09:00,381.34246826171875,381.34246826171875,381.34246826171875,381.34246826171875,0,0.0,0.0
2003-03-24 00:00:00+09:00,391.14356194072184,394.70749053947935,385.79763641364565,390.2525634765625,23337600,0.0,0.0
2003-03-25 00:00:00+09:00,381.34254808975305,384.01550995166474,367.08677324551024,369.7597351074219,25016400,0.0,0.0
2003-03-26 00:00:00+09:00,371.1908080232117,377.45183577612335,367.6130544821107,373.8741149902344,24798000,2.666667,0.0
2003-03-27 00:00:00+09:00,374.7686432457838,379.24084472656256,372.97978230660544,379.2408447265625,15133200,0.0,0.0
2003-03-28 00:00:00+09:00,372.97965623294965,373.87410277781123,367.6130424742022,371.1907958984375,14856000,0.0,0.0
2003-03-31 00:00:00+09:00,366.71869246985443,366.71869246985443,353.3021545410156,353.3021545410156,21090000,0.0,0.0
2003-04-01 00:00:00+09:00,348.82997885017613,361.352069736648,347.9355320885643,358.66876220703125,27608400,0.0,0.0
2003-04-02 00:00:00+09:00,361.35195245447534,364.9297055844907,355.0909254209587,362.24639892578125,20554800,0.0,0.0
2003-04-03 00:00:00+09:00,371.19064725420554,372.0850606856861,363.1407298396941,365.82403564453125,22606800,0.0,0.0
2003-04-04 00:00:00+09:00,365.8242707894885,365.8242707894885,355.9854546774145,358.66876220703125,31992000,0.0,0.0
2003-04-07 00:00:00+09:00,364.0353326204206,369.4019470214844,362.2464720718043,369.4019470214844,22620000,0.0,0.0
2003-04-08 00:00:00+09:00,364.92988278454163,366.7187438405676,359.5632668612395,363.1410217285156,20192400,0.0,0.0
2003-04-09 00:00:00+09:00,363.1410412602712,366.7187635647531,356.8799780945891,360.4577331542969,21864000,0.0,0.0
2003-04-10 00:00:00+09:00,361.3520270225215,362.246473678404,354.19655204110614,355.98541259765625,22543200,0.0,0.0
2003-04-11 00:00:00+09:00,358.6687898495949,359.5632366801417,344.3578370921747,346.1466979980469,27187200,0.0,0.0
2003-04-14 00:00:00+09:00,346.1466719715738,353.30214781226977,346.1466719715738,349.72442626953125,36300000,0.0,0.0
2003-04-15 00:00:00+09:00,356.8799253409382,357.77437216245534,345.2522476820996,355.091064453125,33378000,0.0,0.0
2003-04-16 00:00:00+09:00,352.4076736980448,353.30208755357,337.202245091556,340.7799987792969,58179600,0.0,0.0
2003-04-17 00:00:00+09:00,334.5187687611526,338.99096679687494,329.15215732244326,338.990966796875,41246400,0.0,0.0
2003-04-18 00:00:00+09:00,342.5688850663199,343.4633317444764,337.2022705078125,337.2022705078125,23722800,0.0,0.0
2003-04-21 00:00:00+09:00,337.2023098537652,344.3578186035156,333.62458823410964,344.3578186035156,13282800,0.0,0.0
2003-04-22 00:00:00+09:00,340.7800789484902,342.56893983558706,335.41346353197855,338.0967712402344,23692800,0.0,0.0
2003-04-23 00:00:00+09:00,344.357833477905,344.357833477905,334.5190167108196,338.0967712402344,31393200,0.0,0.0
2003-04-24 00:00:00+09:00,344.3578186035156,348.82998700569493,333.62458823410964,344.3578186035156,37568400,0.0,0.0
2003-04-25 00:00:00+09:00,330.9412680274045,333.62457551747747,319.3135913186822,324.6802062988281,35954400,0.0,0.0
2003-04-28 00:00:00+09:00,324.6801390609121,335.4133667984629,324.6801390609121,330.0467529296875,37527600,0.0,0.0
2003-04-29 00:00:00+09:00,330.0467529296875,330.0467529296875,330.0467529296875,330.0467529296875,0,0.0,0.0
2003-04-30 00:00:00+09:00,343.46337097827364,353.3021545410156,341.674510172835,353.3021545410156,59118000,0.0,0.0
2003-05-01 00:00:00+09:00,352.40777587890625,356.87994471888055,348.83002115379304,352.40777587890625,30754800,0.0,0.0
2003-05-02 00:00:00+09:00,349.7244259365072,354.19659423828125,342.5689173474061,354.19659423828125,23436000,0.0,0.0
2003-05-05 00:00:00+09:00,354.19659423828125,354.19659423828125,354.19659423828125,354.19659423828125,0,0.0,0.0
2003-05-06 00:00:00+09:00,362.24639892578125,366.7185657718943,360.45753873837765,362.24639892578125,28287600,0.0,0.0
2003-05-07 00:00:00+09:00,364.929881743271,369.4020507481874,362.24657378927634,367.6131896972656,39001200,0.0,0.0
2003-05-08 00:00:00+09:00,364.03537726626473,364.9298240278766,355.0910406710215,358.66876220703125,17547600,0.0,0.0
2003-05-09 00:00:00+09:00,359.5632668612395,364.92988278454163,354.1966509379375,363.1410217285156,26400000,0.0,0.0
2003-05-12 00:00:00+09:00,363.1409558848186,366.71867734816817,362.2465091413721,364.0353698730469,12649200,0.0,0.0
2003-05-13 00:00:00+09:00,365.8242784447449,365.8242784447449,350.6188469552478,353.3021545410156,24698400,0.0,0.0
2003-05-14 00:00:00+09:00,352.4078051537527,356.8799743652344,350.6189112649796,356.8799743652344,16351200,0.0,0.0
2003-05-15 00:00:00+09:00,357.77434853283177,357.77434853283177,350.6188399437307,354.19659423828125,22159200,0.0,0.0
2003-05-16 00:00:00+09:00,352.4076910788431,352.4076910788431,343.46332279596,347.04107666015625,18180000,0.0,0.0
2003-05-19 00:00:00+09:00,351.51324462890625,353.3021051844397,346.1466302070909,351.51324462890625,21824400,0.0,0.0
2003-05-20 00:00:00+09:00,351.5132863797929,362.24651649825984,350.618839618181,358.66876220703125,32109600,0.0,0.0
2003-05-21 00:00:00+09:00,354.1966013213447,360.45766327320933,347.93553936948007,353.3021545410156,32394000,0.0,0.0
2003-05-22 00:00:00+09:00,354.1966662873003,360.457729387555,353.3022193429137,356.8799743652344,24808800,0.0,0.0
2003-05-23 00:00:00+09:00,361.35206239792564,364.9298166164934,360.4576484096973,364.0353698730469,20547600,0.0,0.0
2003-05-26 00:00:00+09:00,361.35195245447534,364.0352591131848,361.35195245447534,362.24639892578125,9376800,0.0,0.0
2003-05-27 00:00:00+09:00,362.24651649825984,362.24651649825984,356.87990143902636,358.66876220703125,9386400,0.0,0.0
2003-05-28 00:00:00+09:00,362.2465093811946,364.92981685809235,358.66875516025823,359.5632019042969,18360000,0.0,0.0
2003-05-29 00:00:00+09:00,365.82412273254863,370.2962892201877,363.1408162889241,366.7185363769531,26080800,0.0,0.0
2003-05-30 00:00:00+09:00,368.50748463809475,385.5017395019531,367.61303810386676,385.5017395019531,54547200,0.0,0.0
2003-06-02 00:00:00+09:00,385.5019081508938,393.551832214986,381.92418595922504,387.2908020019531,52131600,0.0,0.0
2003-06-03 00:00:00+09:00,390.8685439573476,390.8685439573476,384.6075134277344,384.6075134277344,22966800,0.0,0.0
2003-06-04 00:00:00+09:00,391.76293231345954,393.55179323210007,389.0796245578879,392.6573791503906,35108400,0.0,0.0
2003-06-05 00:00:00+09:00,398.91833483786604,400.7072281803099,394.44616699218744,394.4461669921875,23851200,0.0,0.0
2003-06-06 00:00:00+09:00,390.8684660346091,400.7072824858004,389.0796052049471,399.8128356933594,23247600,0.0,0.0
2003-06-09 00:00:00+09:00,410.5460204931312,411.4404671860315,403.39054521557796,406.0738525390625,26892000,0.0,0.0
2003-06-10 00:00:00+09:00,400.70730100932343,404.28502283403515,396.2350995956016,401.6017150878906,18322800,0.0,0.0
2003-06-11 00:00:00+09:00,402.4962676198859,408.75733159016085,401.60182055120947,407.8628845214844,24051600,0.0,0.0
2003-06-12 00:00:00+09:00,412.3348881799505,412.3348881799505,404.28496607173963,409.6515808105469,19224000,0.0,0.0
2003-06-13 00:00:00+09:00,405.17934034220843,409.65150757327723,402.4960334525249,406.96820068359375,44340000,0.0,0.0
2003-06-16 00:00:00+09:00,402.4958908734363,404.28475058114066,392.65711334826324,396.2348327636719,17024400,0.0,0.0
2003-06-17 00:00:00+09:00,405.1793212890625,409.6514883098322,401.601568019321,405.1793212890625,26332800,0.0,0.0
2003-06-18 00:00:00+09:00,416.80702522074665,423.9624995264173,413.22927169030544,414.12371826171875,50787600,0.0,0.0
2003-06-19 00:00:00+09:00,418.59592193027714,428.434704048695,413.2293075465557,426.6458435058594,34204800,0.0,0.0
2003-06-20 00:00:00+09:00,420.38490710849953,423.0682150959053,416.80718496210807,417.70159912109375,21684000,0.0,0.0
2003-06-23 00:00:00+09:00,413.22939693051626,424.8570748621199,413.22939693051626,422.17376708984375,21746400,0.0,0.0
2003-06-24 00:00:00+09:00,408.7572053521097,410.5460661817717,396.2350812788153,399.8128356933594,32466000,0.0,0.0
2003-06-25 00:00:00+09:00,395.34068690596223,400.70730241710555,392.6573791503906,392.6573791503906,22988400,0.0,0.0
2003-06-26 00:00:00+09:00,398.02397486369733,401.6016965230215,393.5517736567122,399.8128356933594,27076800,0.0,0.0
2003-06-27 00:00:00+09:00,405.17957607068513,409.6517459036072,402.4962676198859,407.8628845214844,20245200,0.0,0.0
2003-06-30 00:00:00+09:00,408.7570937801901,411.4404006698736,403.3904800008231,406.96820068359375,26286000,0.0,0.0
2003-07-01 00:00:00+09:00,407.8628938802083,407.8628938802083,398.9185212538987,402.49627685546875,19586400,0.0,0.0
2003-07-02 00:00:00+09:00,402.4961812559395,414.1238596328521,398.02401238261456,411.4405517578125,20317200,0.0,0.0
2003-07-03 00:00:00+09:00,420.3848917137784,429.32926226265823,415.9127228169502,423.962646484375,50325600,0.0,0.0
2003-07-04 00:00:00+09:00,419.490405818738,426.64588138050834,416.80709838867193,416.8070983886719,20216400,0.0,0.0
2003-07-07 00:00:00+09:00,420.3848917137784,428.4348153812033,416.8071696984051,423.962646484375,18386400,0.0,0.0
2003-07-08 00:00:00+09:00,434.69587615599113,447.2179686659453,433.80142927841473,445.4291076660156,43744800,0.0,0.0
2003-07-09 00:00:00+09:00,447.21802119189607,456.16239275251115,443.64029877183157,450.7957763671875,28443600,0.0,0.0
2003-07-10 00:00:00+09:00,454.3733093217409,465.1065368430796,449.90110935104246,451.69000244140625,33406800,0.0,0.0
2003-07-11 00:00:00+09:00,442.7456538395336,444.534514249774,424.85695147149187,435.5901794433594,44493600,0.0,0.0
2003-07-14 00:00:00+09:00,438.27350545944023,440.95681256887514,432.0124446190208,437.3790588378906,24555600,0.0,0.0
2003-07-15 00:00:00+09:00,441.8512072568072,443.64010042226,428.43467229197284,435.5901794433594,25423200,0.0,0.0
2003-07-16 00:00:00+09:00,440.0624465000483,441.8513073153817,431.1180769129415,434.6958312988281,27819600,0.0,0.0
2003-07-17 00:00:00+09:00,430.2237091441132,431.1181232703449,420.3848917137784,423.962646484375,30406800,0.0,0.0
2003-07-18 00:00:00+09:00,424.85696453931513,432.01243915557865,424.85696453931513,429.3291320800781,25164000,0.0,0.0
2003-07-21 00:00:00+09:00,429.3291320800781,429.3291320800781,429.3291320800781,429.3291320800781,0,0.0,0.0
2003-07-22 00:00:00+09:00,415.9125912417272,423.0680657640408,415.01814464323314,421.2792053222656,16270800,0.0,0.0
2003-07-23 00:00:00+09:00,429.32915069772014,431.11801124055575,423.0680896649735,426.6458435058594,16492800,0.0,0.0
2003-07-24 00:00:00+09:00,423.9626280196206,425.75148894939736,421.27932024734446,422.17376708984375,17786400,0.0,0.0
2003-07-25 00:00:00+09:00,426.64571032805844,430.223463052146,424.85685034361694,428.4345703125,20104800,0.0,0.0
2003-07-28 00:00:00+09:00,436.4844893752935,436.4844893752935,424.85685034361694,428.4345703125,14302800,0.0,0.0
2003-07-29 00:00:00+09:00,431.1179868848484,431.1179868848484,415.9125912417272,421.2792053222656,22939200,0.0,0.0
2003-07-30 00:00:00+09:00,423.9625739504423,425.75143465208043,416.80709838867193,416.8070983886719,23230800,0.0,0.0
2003-07-31 00:00:00+09:00,421.2792736422631,422.173720385812,412.33490447242895,415.91265869140625,27144000,0.0,0.0
2003-08-01 00:00:00+09:00,424.85709336583,426.64595437351664,416.8071696984051,423.962646484375,28810800,0.0,0.0
2003-08-04 00:00:00+09:00,417.7014516835024,425.75137280431,416.80703784022126,421.2792053222656,14066400,0.0,0.0
2003-08-05 00:00:00+09:00,412.3349233327264,415.01823093088996,409.6516157345628,413.2293701171875,26724000,0.0,0.0
2003-08-06 00:00:00+09:00,414.12386180926353,427.5404012549716,413.22941492780853,423.962646484375,31987200,0.0,0.0
2003-08-07 00:00:00+09:00,416.80709838867193,420.38481979194825,412.33489750175,416.8070983886719,22748400,0.0,0.0
2003-08-08 00:00:00+09:00,412.33496587934366,415.01827375438324,403.39062813269373,411.4405517578125,34833600,0.0,0.0
2003-08-11 00:00:00+09:00,415.01821194785737,416.80710543495513,412.33490447242895,415.91265869140625,15487200,0.0,0.0
2003-08-12 00:00:00+09:00,423.0680657640408,427.54026600129805,419.49034488049045,421.2792053222656,23162400,0.0,0.0
2003-08-13 00:00:00+09:00,423.9625179290772,430.22357869031606,423.06807131883926,429.3291320800781,23438400,0.0,0.0
2003-08-14 00:00:00+09:00,426.645830400151,440.0623659473256,426.645830400151,437.3790588378906,27009600,0.0,0.0
2003-08-15 00:00:00+09:00,443.6400026446358,443.6400026446358,436.4844970703125,436.4844970703125,19200000,0.0,0.0
2003-08-18 00:00:00+09:00,443.6401932894684,445.4290540741711,440.06243896484375,440.06243896484375,17808000,0.0,0.0
2003-08-19 00:00:00+09:00,444.53460730421017,449.0068083987957,436.48468464021914,440.06243896484375,22176000,0.0,0.0
2003-08-20 00:00:00+09:00,444.53453864376274,444.53453864376274,435.5902033465245,440.9568176269531,23505600,0.0,0.0
2003-08-21 00:00:00+09:00,440.9568176269531,442.74567813535793,437.37906385492937,440.9568176269531,22069200,0.0,0.0
2003-08-22 00:00:00+09:00,436.4845764206293,437.37902296882606,426.6457954113089,433.80126953125,23967600,0.0,0.0
2003-08-25 00:00:00+09:00,433.8012368637402,433.8012368637402,418.59584322070714,424.8569030761719,27716400,0.0,0.0
2003-08-26 00:00:00+09:00,419.4904593175677,424.8570748621199,413.22939693051626,422.17376708984375,25812000,0.0,0.0
2003-08-27 00:00:00+09:00,426.64583851583757,428.43469903775076,421.2792241948836,423.0680847167969,26592000,0.0,0.0
2003-08-28 00:00:00+09:00,426.6459699975212,427.54041691173126,416.80718496210807,417.70159912109375,18687600,0.0,0.0
2003-08-29 00:00:00+09:00,426.6457632826438,428.4346234891158,419.4902897015474,424.8569030761719,24762000,0.0,0.0
2003-09-01 00:00:00+09:00,426.6458435058594,426.6458435058594,421.2792291221379,426.6458435058594,18318000,0.0,0.0
2003-09-02 00:00:00+09:00,429.32906996995604,429.32906996995604,419.4902897015474,424.8569030761719,26401200,0.0,0.0
2003-09-03 00:00:00+09:00,429.3292500299854,431.1181109867029,421.27932659192317,425.7514953613281,25147200,0.0,0.0
2003-09-04 00:00:00+09:00,430.22366288288464,440.0624465000483,428.43476931233147,434.6958312988281,37370400,0.0,0.0
2003-09-05 00:00:00+09:00,444.5346866779912,457.05681267245296,440.95696446976643,454.3735046386719,64357200,0.0,0.0
2003-09-08 00:00:00+09:00,454.3733847955861,464.2121674060173,449.00677014349344,449.90118408203125,44398800,0.0,0.0
2003-09-09 00:00:00+09:00,456.16217041015625,458.84547729492186,452.5844169787317,456.16217041015625,25177200,0.0,0.0
2003-09-10 00:00:00+09:00,451.6900031872839,460.6343376330286,450.79555664062497,456.16217041015625,29571600,0.0,0.0
2003-09-11 00:00:00+09:00,455.267902665169,460.63451854238207,452.58459472656244,452.5845947265625,34398000,0.0,0.0
2003-09-12 00:00:00+09:00,461.5287419461656,469.57866186383126,457.9509888421337,466.8953552246094,59365200,0.0,0.0
2003-09-15 00:00:00+09:00,466.8953552246094,466.8953552246094,466.8953552246094,466.8953552246094,0,0.0,0.0
2003-09-16 00:00:00+09:00,471.3677034947076,485.67868866474606,470.47328944079436,475.83990478515625,38280000,0.0,0.0
2003-09-17 00:00:00+09:00,487.467526702165,492.8341417952355,481.20649759706214,491.9397277832031,32962800,0.0,0.0
2003-09-18 00:00:00+09:00,482.99536132812494,483.88980810084274,472.26213107638887,482.995361328125,25848000,0.0,0.0
2003-09-19 00:00:00+09:00,474.05086578774194,474.05086578774194,458.8454712268918,461.5287780761719,32431200,0.0,0.0
2003-09-22 00:00:00+09:00,438.273436512733,442.74560340651715,420.3847034271791,424.8569030761719,60885600,0.0,0.0
2003-09-23 00:00:00+09:00,424.8569030761719,424.8569030761719,424.8569030761719,424.8569030761719,0,0.0,0.0
2003-09-24 00:00:00+09:00,424.85709336583,425.75150749206165,413.22941492780853,423.962646484375,52416000,0.0,0.0
2003-09-25 00:00:00+09:00,414.89239059760854,423.8727563347957,409.50417773270453,421.17864990234375,34922400,3.166667,0.0
2003-09-26 00:00:00+09:00,416.688577237102,428.36305295504053,415.79056341137306,420.2807312011719,26124000,0.0,0.0
2003-09-29 00:00:00+09:00,405.0140955092902,408.606216241327,396.931774531635,400.5238952636719,48228000,0.0,0.0
2003-09-30 00:00:00+09:00,413.99451860815736,414.89256542641044,400.52398076963755,401.4220275878906,27945600,0.0,0.0
2003-10-01 00:00:00+09:00,396.93155442933954,399.62565992798426,391.54334343205,396.03350830078125,58594800,0.0,0.0
2003-10-02 00:00:00+09:00,400.5238686561889,406.81012885021863,393.3395947823306,405.0140686035156,41041200,0.0,0.0
2003-10-03 00:00:00+09:00,405.9119126937946,412.1981702614329,399.6256880131886,402.3197937011719,30363600,0.0,0.0
2003-10-06 00:00:00+09:00,415.79038587153116,421.17859807337805,413.09627977060774,413.9942932128906,45681600,0.0,0.0
2003-10-07 00:00:00+09:00,416.6884505902294,421.1786499023437,413.99434415777745,421.17864990234375,24459600,0.0,0.0
2003-10-08 00:00:00+09:00,399.62563093680393,402.31973624000256,381.66490699079475,389.7472229003906,74803200,0.0,0.0
2003-10-09 00:00:00+09:00,394.23766137542395,395.13567510086915,383.4612335736998,390.6455078125,42784800,0.0,0.0
2003-10-10 00:00:00+09:00,395.135462172223,403.2177786681573,393.3394028021365,396.03350830078125,54291600,0.0,0.0
2003-10-13 00:00:00+09:00,396.03350830078125,396.03350830078125,396.03350830078125,396.03350830078125,0,0.0,0.0
2003-10-14 00:00:00+09:00,400.52370131782817,404.1158531974832,395.1354899418617,402.3197937011719,33709200,0.0,0.0
2003-10-15 00:00:00+09:00,396.0335748439047,398.72768079522376,390.64536294126657,395.1355285644531,34213200,0.0,0.0
2003-10-16 00:00:00+09:00,400.52369855771224,401.4217447431954,393.3394277349431,396.93157958984375,33914400,0.0,0.0
2003-10-17 00:00:00+09:00,397.8295676708678,399.62565992798426,394.23744893069477,396.03350830078125,17164800,0.0,0.0
2003-10-20 00:00:00+09:00,396.0335334043605,397.82959288829477,388.84926258159146,396.93157958984375,22629600,0.0,0.0
2003-10-21 00:00:00+09:00,401.42178674654286,401.42178674654286,392.4414226131341,395.1355285644531,25808400,0.0,0.0
2003-10-22 00:00:00+09:00,396.03347957019656,396.03347957019656,387.053117597192,389.7472229003906,31333200,0.0,0.0
2003-10-23 00:00:00+09:00,381.66494453486877,384.35905010308437,372.6846145655039,376.2767333984375,38145600,0.0,0.0
2003-10-24 00:00:00+09:00,389.7474301138281,390.64547665469297,382.56315644804414,385.25726318359375,44426400,0.0,0.0
2003-10-27 00:00:00+09:00,384.3592263389773,399.6258534835871,383.46121266250327,388.84942626953125,28923600,0.0,0.0
2003-10-28 00:00:00+09:00,389.7473773977088,393.339530188259,379.8689983324967,383.4611511230469,18309600,0.0,0.0
2003-10-29 00:00:00+09:00,391.5435231955579,393.3395833902426,379.86904971249453,385.25726318359375,27591600,0.0,0.0
2003-10-30 00:00:00+09:00,388.8492461640506,395.13547053592686,387.05315386891675,394.2374572753906,26438400,0.0,0.0
2003-10-31 00:00:00+09:00,395.1354335067878,396.9315256336053,387.053117597192,389.7472229003906,18765600,0.0,0.0
2003-11-03 00:00:00+09:00,389.7472229003906,389.7472229003906,389.7472229003906,389.7472229003906,0,0.0,0.0
2003-11-04 00:00:00+09:00,405.01389371648577,410.40210501698436,403.21780135829835,409.5040588378906,66440400,0.0,0.0
2003-11-05 00:00:00+09:00,400.5238686561889,405.0140686035156,395.13565502903367,405.0140686035156,31994400,0.0,0.0
2003-11-06 00:00:00+09:00,405.9120002028714,408.60610647166715,397.8296813964844,397.8296813964844,30355200,0.0,0.0
2003-11-07 00:00:00+09:00,393.33962091255,400.5238952636718,391.54356054653164,400.5238952636719,31831200,0.0,0.0
2003-11-10 00:00:00+09:00,402.31997335490433,405.91209395156847,398.7278198711932,403.2179870605469,19898400,0.0,0.0
2003-11-11 00:00:00+09:00,392.4415011208914,396.93170052937603,387.0532881403435,391.5434875488281,21276000,0.0,0.0
2003-11-12 00:00:00+09:00,391.5435231955579,392.44153684937766,382.56315644804414,385.25726318359375,22879200,0.0,0.0
2003-11-13 00:00:00+09:00,396.9316971732536,396.9316971732536,386.1552713032743,392.4414978027344,25468800,0.0,0.0
2003-11-14 00:00:00+09:00,393.33954425424656,396.0336507217414,390.64543778675176,392.4414978027344,22413600,0.0,0.0
2003-11-17 00:00:00+09:00,391.5433150272081,391.5433150272081,382.5629530542035,389.7472229003906,17983200,0.0,0.0
2003-11-18 00:00:00+09:00,383.4611155413452,387.05323511153864,378.9709167480469,378.9709167480469,27307200,0.0,0.0
2003-11-19 00:00:00+09:00,377.17483299365944,378.0728792726562,367.29645547283735,371.78662109375,24520800,0.0,0.0
2003-11-20 00:00:00+09:00,377.1748891903094,378.07293560310933,370.88863007479074,372.6847229003906,21783600,0.0,0.0
2003-11-21 00:00:00+09:00,369.99067375692124,378.97100772529643,369.09262720526556,373.5827941894531,30150000,0.0,0.0
2003-11-24 00:00:00+09:00,373.5827941894531,373.5827941894531,373.5827941894531,373.5827941894531,0,0.0,0.0
2003-11-25 00:00:00+09:00,380.7670344321678,382.5630943352449,377.17488173897385,379.8689880371094,32697600,0.0,0.0
2003-11-26 00:00:00+09:00,386.1552644786502,391.5434773184126,385.2572180430094,387.9513244628906,33148800,0.0,0.0
2003-11-27 00:00:00+09:00,388.8494474745619,390.6455078125,384.359247299145,390.6455078125,19965600,0.0,0.0
2003-11-28 00:00:00+09:00,393.33943044555036,402.3197937011719,390.6453247575671,402.3197937011719,20859600,0.0,0.0
2003-12-01 00:00:00+09:00,394.2374766372222,405.9119126937946,391.543370949239,402.3197937011719,31964400,0.0,0.0
2003-12-02 00:00:00+09:00,402.3198804358368,402.3198804358368,391.543455360654,397.8296813964844,30712800,0.0,0.0
2003-12-03 00:00:00+09:00,397.82971073772404,402.31991010824333,392.4414978027343,392.4414978027344,17200800,0.0,0.0
2003-12-04 00:00:00+09:00,398.72776063293486,408.60614013671875,398.72776063293486,408.60614013671875,47694000,0.0,0.0
2003-12-05 00:00:00+09:00,408.60613324338203,410.4022261316181,403.217920352757,404.115966796875,31299600,0.0,0.0
2003-12-08 00:00:00+09:00,401.4218898463893,401.4218898463893,392.44152340649345,398.727783203125,20899200,0.0,0.0
2003-12-09 00:00:00+09:00,396.93162112335625,396.93162112335625,389.747316661815,395.1355285644531,17964000,0.0,0.0
2003-12-10 00:00:00+09:00,396.03372171336207,396.03372171336207,389.7474612000071,390.6455078125,19504800,0.0,0.0
2003-12-11 00:00:00+09:00,393.33962091255,401.4219418902052,393.33962091255,400.5238952636719,17964000,0.0,0.0
2003-12-12 00:00:00+09:00,402.31977158596385,408.6059959210209,402.31977158596385,406.8099365234375,42297600,0.0,0.0
2003-12-15 00:00:00+09:00,409.5041111976354,411.30017089843756,404.1158992081928,411.3001708984375,34051200,0.0,0.0
2003-12-16 00:00:00+09:00,402.3198804358368,402.3198804358368,395.13557512768864,397.8296813964844,19924800,0.0,0.0
2003-12-17 00:00:00+09:00,400.5238952636718,404.1160488827569,397.82978827112015,400.5238952636719,34855200,0.0,0.0
2003-12-18 00:00:00+09:00,400.5236957080491,409.5040588378906,400.5236957080491,409.5040588378906,32858400,0.0,0.0
2003-12-19 00:00:00+09:00,412.19840944730316,424.77089899097064,408.60625548323327,420.2807312011719,56464800,0.0,0.0
2003-12-22 00:00:00+09:00,420.28073715519025,427.46501229805654,419.3826904296875,419.3826904296875,26359200,0.0,0.0
2003-12-23 00:00:00+09:00,419.3826904296875,419.3826904296875,419.3826904296875,419.3826904296875,0,0.0,0.0
2003-12-24 00:00:00+09:00,421.17858361519035,422.0765970266463,413.9942790013252,416.6883850097656,14905200,0.0,0.0
2003-12-25 00:00:00+09:00,418.4846402755007,418.4846402755007,413.9944399246946,414.8924865722656,8386800,0.0,0.0
2003-12-26 00:00:00+09:00,413.09637451171875,415.790481230519,408.6061747223551,413.09637451171875,10099200,0.0,0.0
2003-12-29 00:00:00+09:00,415.79037475585943,422.07660023193426,415.79037475585943,415.7903747558594,11860800,0.0,0.0
2003-12-30 00:00:00+09:00,429.26087520120205,430.15888855734704,424.77067687234046,427.46478271484375,15228000,0.0,0.0
2003-12-31 00:00:00+09:00,427.46478271484375,427.46478271484375,427.46478271484375,427.46478271484375,0,0.0,0.0
2004-01-01 00:00:00+09:00,427.46478271484375,427.46478271484375,427.46478271484375,427.46478271484375,0,0.0,0.0
2004-01-02 00:00:00+09:00,427.46478271484375,427.46478271484375,427.46478271484375,427.46478271484375,0,0.0,0.0
2004-01-05 00:00:00+09:00,439.13916838686794,441.83327371439475,434.6490038033326,437.3431091308594,13662000,0.0,0.0
2004-01-06 00:00:00+09:00,435.5472280501099,435.5472280501099,425.66884802454643,426.56689453125,27043200,0.0,0.0
2004-01-07 00:00:00+09:00,427.46480904352705,428.36285534201926,410.40215958142886,416.6883850097656,40143600,0.0,0.0
2004-01-08 00:00:00+09:00,417.5863342285156,422.9745449927545,416.6882881387996,417.5863342285156,29000400,0.0,0.0
2004-01-09 00:00:00+09:00,426.56686522900014,437.3432910209998,426.56686522900014,431.955078125,51379200,0.0,0.0
2004-01-12 00:00:00+09:00,431.95507812499994,431.95507812499994,431.95507812499994,431.955078125,0,0.0,0.0
2004-01-13 00:00:00+09:00,427.46480904352705,427.46480904352705,413.9942790013252,416.6883850097656,35498400,0.0,0.0
2004-01-14 00:00:00+09:00,417.58642918179925,418.48447547571834,411.30017089843756,411.3001708984375,36591600,0.0,0.0
2004-01-15 00:00:00+09:00,418.4844104179814,421.17851599387603,398.7276252324102,399.62567138671875,62707200,0.0,0.0
2004-01-16 00:00:00+09:00,408.606070087436,415.79037475585943,406.8100103638484,415.7903747558594,51723600,0.0,0.0
2004-01-19 00:00:00+09:00,414.89252257627754,422.9748444446466,409.5043079973649,419.3826904296875,33132000,0.0,0.0
2004-01-20 00:00:00+09:00,422.9746666312203,432.8530449107924,420.2805604743336,429.26092529296875,31323600,0.0,0.0
2004-01-21 00:00:00+09:00,420.28064042103443,426.56690027856894,415.7904736011065,425.6688537597656,31177200,0.0,0.0
2004-01-22 00:00:00+09:00,426.5668627672477,428.3629227598686,419.38255702268145,421.17864990234375,21862800,0.0,0.0
2004-01-23 00:00:00+09:00,425.66870994817197,425.66870994817197,409.5040753931781,412.19818115234375,51693600,0.0,0.0
2004-01-26 00:00:00+09:00,407.70811968630557,409.5041796875,399.6258003503681,404.115966796875,50353200,0.0,0.0
2004-01-27 00:00:00+09:00,413.0962164531047,413.9942297577443,402.3197937011719,402.3197937011719,37448400,0.0,0.0
2004-01-28 00:00:00+09:00,401.4218340505584,401.4218340505584,396.03362151296704,397.8296813964844,32457600,0.0,0.0
2004-01-29 00:00:00+09:00,395.13565987811916,399.6258598805494,386.1553256473516,393.339599609375,43424400,0.0,0.0
2004-01-30 00:00:00+09:00,393.33961476293103,396.03372171336207,387.05335424957605,390.6455078125,41451600,0.0,0.0
2004-02-02 00:00:00+09:00,397.82959288829477,400.52369855771224,396.9315795898437,396.93157958984375,36006000,0.0,0.0
2004-02-03 00:00:00+09:00,394.2374602349294,401.42173080830486,393.3394140806209,399.62567138671875,36774000,0.0,0.0
2004-02-04 00:00:00+09:00,393.33954757999675,396.93170052937603,388.84938105855423,391.5434875488281,45234000,0.0,0.0
2004-02-05 00:00:00+09:00,395.13557512768864,398.7277277817627,392.44146885889296,397.8296813964844,30536400,0.0,0.0
2004-02-06 00:00:00+09:00,396.0335196565155,402.3197769626134,394.2374602349294,399.62567138671875,31700400,0.0,0.0
2004-02-09 00:00:00+09:00,402.3198804358368,403.21789393407573,395.13557512768864,397.8296813964844,26930400,0.0,0.0
2004-02-10 00:00:00+09:00,402.31997335490433,405.0140802459259,401.4219267622148,403.2179870605469,22219200,0.0,0.0
2004-02-11 00:00:00+09:00,403.2179870605469,403.2179870605469,403.2179870605469,403.2179870605469,0,0.0,0.0
2004-02-12 00:00:00+09:00,410.4022261316181,412.19828613281254,404.11596679687506,404.115966796875,28969200,0.0,0.0
2004-02-13 00:00:00+09:00,400.52370131782817,402.3197937011719,397.8295956298449,402.3197937011719,29761200,0.0,0.0
2004-02-16 00:00:00+09:00,403.2178070058114,409.5040645734497,401.4217475095,402.3197937011719,28374000,0.0,0.0
2004-02-17 00:00:00+09:00,404.1158992081928,412.19821719235665,404.1158992081928,411.3001708984375,19128000,0.0,0.0
2004-02-18 00:00:00+09:00,410.40208820563475,411.3001014609112,406.8099365234375,406.8099365234375,19222800,0.0,0.0
2004-02-19 00:00:00+09:00,411.3003328690305,417.58659362792963,409.50427246093744,414.8924865722656,30894000,0.0,0.0
2004-02-20 00:00:00+09:00,419.3825716896646,420.2806181609029,415.79045157879636,418.48455810546875,26796000,0.0,0.0
2004-02-23 00:00:00+09:00,419.3826243449631,431.95514497266385,419.3826243449631,431.0570983886719,59706000,0.0,0.0
2004-02-24 00:00:00+09:00,422.97479833659196,426.56695195997406,419.3826447132099,422.0767517089844,29550000,0.0,0.0
2004-02-25 00:00:00+09:00,416.6883828878801,417.58642918179925,409.5041111976354,411.3001708984375,23940000,0.0,0.0
2004-02-26 00:00:00+09:00,420.28073715519025,422.9748444446466,417.5866298657339,419.3826904296875,26041200,0.0,0.0
2004-02-27 00:00:00+09:00,422.07657102983717,431.0569348005262,420.28051143051306,427.46478271484375,38217600,0.0,0.0
2004-03-01 00:00:00+09:00,422.97470227127553,431.057021422956,422.97470227127553,428.3629150390625,39078000,0.0,0.0
2004-03-02 00:00:00+09:00,431.9549256670862,439.13919603039346,430.15883341098686,438.24114990234375,49046400,0.0,0.0
2004-03-03 00:00:00+09:00,438.2412359222404,447.22160030435197,435.54712989631054,439.1392822265625,50462400,0.0,0.0
2004-03-04 00:00:00+09:00,439.13919603039346,447.22151252175036,437.34313666132414,438.24114990234375,32955600,0.0,0.0
2004-03-05 00:00:00+09:00,447.2216663247735,455.3039855957031,446.32361988787864,455.3039855957031,42602400,0.0,0.0
2004-03-08 00:00:00+09:00,453.50797662074086,461.5902968007914,451.7118835449219,451.7118835449219,43029600,0.0,0.0
2004-03-09 00:00:00+09:00,451.7119177771372,456.2021179199219,448.11979712736644,456.2021179199219,30031200,0.0,0.0
2004-03-10 00:00:00+09:00,449.01795420887913,449.9160011015743,443.62973862682435,447.2218933105469,26013600,0.0,0.0
2004-03-11 00:00:00+09:00,439.1394189834595,440.0374655674515,430.15905180467996,431.0570983886719,46653600,0.0,0.0
2004-03-12 00:00:00+09:00,424.77072644013214,431.9550314498555,422.9746666312203,429.26092529296875,76270800,0.0,0.0
2004-03-15 00:00:00+09:00,433.7512052536011,435.5472655345383,431.0570983886719,431.0570983886719,17508000,0.0,0.0
2004-03-16 00:00:00+09:00,423.87284496419954,426.56695195997406,420.2806913408175,422.0767517089844,26284800,0.0,0.0
2004-03-17 00:00:00+09:00,423.87282437787627,436.4453121185303,422.9747777938843,431.0570983886719,28314000,0.0,0.0
2004-03-18 00:00:00+09:00,440.0373499205158,441.8334097294276,427.46483259701887,429.26092529296875,21715200,0.0,0.0
2004-03-19 00:00:00+09:00,424.7706630026491,436.44513223464446,424.7706630026491,430.15887451171875,21050400,0.0,0.0
2004-03-22 00:00:00+09:00,422.07669488477615,430.1590147839764,421.1786812651165,426.56689453125,19857600,0.0,0.0
2004-03-23 00:00:00+09:00,417.5865337516688,430.1590205796935,417.5865337516688,425.6688537597656,28304400,0.0,0.0
2004-03-24 00:00:00+09:00,423.87266351619553,429.26087520120205,420.28051143051306,427.46478271484375,21709200,0.0,0.0
2004-03-25 00:00:00+09:00,418.4844085017889,423.87261962890625,417.5863623515924,423.87261962890625,32071200,0.0,0.0
2004-03-26 00:00:00+09:00,433.1676935074813,442.19203147157793,431.3628391338909,436.7774353027344,26964000,3.833333,0.0
2004-03-29 00:00:00+09:00,437.6799230735404,442.1921093745571,434.97262451216164,438.5823669433594,13476000,0.0,0.0
2004-03-30 00:00:00+09:00,442.1921093745571,445.8018187576767,436.7775122517996,438.5823669433594,19498800,0.0,0.0
2004-03-31 00:00:00+09:00,447.60675438354025,449.41160926818844,425.94836357543477,433.1678161621094,28839600,0.0,0.0
2004-04-01 00:00:00+09:00,434.0702777640152,434.0702777640152,419.6313389559547,420.5337829589844,37228800,0.0,0.0
2004-04-02 00:00:00+09:00,423.24103643534323,427.753189869416,421.4361486232505,422.3385925292969,36145200,0.0,0.0
2004-04-05 00:00:00+09:00,432.2653431023939,434.070230913647,429.55804443359375,429.55804443359375,39358800,0.0,0.0
2004-04-06 00:00:00+09:00,437.67995500891715,437.67995500891715,431.36294660349745,434.97265625,46596000,0.0,0.0
2004-04-07 00:00:00+09:00,426.8508822218928,429.55818175617134,425.0460268817371,427.7533264160156,30720000,0.0,0.0
2004-04-08 00:00:00+09:00,428.6558227539063,430.46067831361336,426.85093414610515,428.65582275390625,35274000,0.0,0.0
2004-04-09 00:00:00+09:00,427.75327370315847,427.75327370315847,423.2411193847656,423.2411193847656,22695600,0.0,0.0
2004-04-12 00:00:00+09:00,427.7533659083003,428.65581018574125,424.14362184662957,426.8509216308594,12896400,0.0,0.0
2004-04-13 00:00:00+09:00,426.85084517373923,427.75328928953525,423.2411348067295,425.0459899902344,16971600,0.0,0.0
2004-04-14 00:00:00+09:00,427.7531135137839,427.7531135137839,422.3385171401917,424.14337158203125,19734000,0.0,0.0
2004-04-15 00:00:00+09:00,425.0459614343016,431.3630037243004,420.5338072546367,421.43621826171875,44443200,0.0,0.0
2004-04-16 00:00:00+09:00,425.0460181516775,434.0703607632843,422.33871867300445,432.2654724121094,37218000,0.0,0.0
2004-04-19 00:00:00+09:00,434.070230913647,435.87508567682056,425.0458910016201,429.55804443359375,33308400,0.0,0.0
2004-04-20 00:00:00+09:00,431.3629612774611,434.97267104675757,428.6556624264479,433.1678161621094,32096400,0.0,0.0
2004-04-21 00:00:00+09:00,439.4848585345642,439.4848585345642,424.14347632219113,425.9483642578125,53913600,0.0,0.0
2004-04-22 00:00:00+09:00,429.55804443359375,434.070230913647,425.9483349072466,429.55804443359375,49990800,0.0,0.0
2004-04-23 00:00:00+09:00,429.55796795562344,430.46041170058,421.4360733952351,424.14337158203125,54957600,0.0,0.0
2004-04-26 00:00:00+09:00,431.3628554455365,433.1677098873761,421.4360733952351,424.14337158203125,36428400,0.0,0.0
2004-04-27 00:00:00+09:00,420.53379352575604,421.43620450337767,414.2167514419854,416.0216064453125,38757600,0.0,0.0
2004-04-28 00:00:00+09:00,416.92398807386434,420.53373058836564,409.7045360929406,412.4118347167969,61911600,0.0,0.0
2004-04-29 00:00:00+09:00,412.4118347167969,412.4118347167969,412.4118347167969,412.4118347167969,0,0.0,0.0
2004-04-30 00:00:00+09:00,398.8754210090242,401.5827201718726,396.16812184617584,399.77783203125,64576800,0.0,0.0
2004-05-03 00:00:00+09:00,399.77783203125,399.77783203125,399.77783203125,399.77783203125,0,0.0,0.0
2004-05-04 00:00:00+09:00,399.77783203125,399.77783203125,399.77783203125,399.77783203125,0,0.0,0.0
2004-05-05 00:00:00+09:00,399.77783203125,399.77783203125,399.77783203125,399.77783203125,0,0.0,0.0
2004-05-06 00:00:00+09:00,399.7776860550684,399.7776860550684,394.3630897064757,395.2655334472656,41944800,0.0,0.0
2004-05-07 00:00:00+09:00,397.9729527131382,401.58269572656417,397.0705086977609,398.8753967285156,53161200,0.0,0.0
2004-05-10 00:00:00+09:00,401.5827201718726,406.0948744272581,397.07053286840164,399.77783203125,73756800,0.0,0.0
2004-05-11 00:00:00+09:00,398.87538883320286,406.09484166906987,397.97294483568845,403.3875427246094,48391200,0.0,0.0
2004-05-12 00:00:00+09:00,409.7045711257106,425.94836425781256,408.80212715789986,425.9483642578125,80907600,0.0,0.0
2004-05-13 00:00:00+09:00,416.92388080443334,419.63117873173485,413.31413921867454,417.8263244628906,39554400,0.0,0.0
2004-05-14 00:00:00+09:00,424.1433715820312,427.7531135137839,422.3385171401917,424.14337158203125,67614000,0.0,0.0
2004-05-17 00:00:00+09:00,425.94836425781256,429.5580740328918,422.3386214346515,425.9483642578125,48195600,0.0,0.0
2004-05-18 00:00:00+09:00,421.4361486232505,426.8507459633697,417.82643909522403,422.3385925292969,39916800,0.0,0.0
2004-05-19 00:00:00+09:00,417.82648399797824,422.33863791696086,414.21674103394236,420.5337829589844,29758800,0.0,0.0
2004-05-20 00:00:00+09:00,425.045936877967,425.94838088099675,416.92403999494854,420.5337829589844,29358000,0.0,0.0
2004-05-21 00:00:00+09:00,416.02163281763393,423.2411193847656,414.21677769989395,423.2411193847656,22888800,0.0,0.0
2004-05-24 00:00:00+09:00,421.4362639493183,421.4362639493183,416.0216651274937,419.63140869140625,17401200,0.0,0.0
2004-05-25 00:00:00+09:00,422.3386548292434,423.2410988684109,413.3143135818212,415.11920166015625,21258000,0.0,0.0
2004-05-26 00:00:00+09:00,419.63135575982517,420.5337997989927,415.11920166015625,415.11920166015625,16909200,0.0,0.0
2004-05-27 00:00:00+09:00,420.53387200730276,430.46062595029423,419.63142781317987,427.7533264160156,46118400,0.0,0.0
2004-05-28 00:00:00+09:00,429.55804443359375,434.97264177119405,426.85074576479366,429.55804443359375,53940000,0.0,0.0
2004-05-31 00:00:00+09:00,434.07026012847433,434.07026012847433,428.6556624264479,433.1678161621094,21866400,0.0,0.0
2004-06-01 00:00:00+09:00,434.0703761060704,434.0703761060704,427.7533327498526,430.46063232421875,18907200,0.0,0.0
2004-06-02 00:00:00+09:00,425.9483349072466,431.36293224484683,422.3385923328199,429.55804443359375,22360800,0.0,0.0
2004-06-03 00:00:00+09:00,433.1679165876968,437.68007136945556,429.55817293343625,432.2654724121094,37746000,0.0,0.0
2004-06-04 00:00:00+09:00,430.46052350414203,443.99701795395777,430.46052350414203,443.0945739746094,49294800,0.0,0.0
2004-06-07 00:00:00+09:00,443.0945878416348,451.216484765706,441.2897328745356,448.5091857910156,32788800,0.0,0.0
2004-06-08 00:00:00+09:00,455.72885453748535,455.72885453748535,447.60695435591487,452.1191101074219,33760800,0.0,0.0
2004-06-09 00:00:00+09:00,447.60670658765844,448.50911740958145,443.09452028573105,445.80181884765625,19753200,0.0,0.0
2004-06-10 00:00:00+09:00,441.2897623915045,449.41165985883276,439.48490730368223,444.8995056152344,29281200,0.0,0.0
2004-06-11 00:00:00+09:00,438.5822612220204,443.9968570395762,435.8749633132425,440.3871154785156,53376000,0.0,0.0
2004-06-14 00:00:00+09:00,441.2895591307983,443.9968570395762,438.5822612220204,440.3871154785156,16358400,0.0,0.0
2004-06-15 00:00:00+09:00,443.9970854094317,446.7043847107087,442.1922302246094,442.1922302246094,28110000,0.0,0.0
2004-06-16 00:00:00+09:00,446.7045099863749,453.02155447696185,445.8020656168349,452.1191101074219,27612000,0.0,0.0
2004-06-17 00:00:00+09:00,460.2410102889923,460.2410102889923,449.4118100468984,452.1191101074219,26518800,0.0,0.0
2004-06-18 00:00:00+09:00,454.82614245181014,456.63099708043455,448.50910167950934,451.2164001464844,28678800,0.0,0.0
2004-06-21 00:00:00+09:00,454.8262613893942,461.1433038136088,453.9238173150534,458.4360046386719,26752800,0.0,0.0
2004-06-22 00:00:00+09:00,455.7288114717603,462.9482666015625,454.8263671875,460.240966796875,29499600,0.0,0.0
2004-06-23 00:00:00+09:00,464.7529655586328,471.97245130446873,462.0456666659649,471.07000732421875,45562800,0.0,0.0
2004-06-24 00:00:00+09:00,472.87474740101396,476.4844893973214,471.9723366879927,473.7771911621094,22138800,0.0,0.0
2004-06-25 00:00:00+09:00,474.67963492320473,476.4844893973214,470.1674491658019,473.7771911621094,28647600,0.0,0.0
2004-06-28 00:00:00+09:00,474.6797710455639,479.1919250488282,473.77732702567755,479.1919250488281,20154000,0.0,0.0
2004-06-29 00:00:00+09:00,474.67954310875695,480.094138531868,473.77709952221585,477.3868408203125,16851600,0.0,0.0
2004-06-30 00:00:00+09:00,476.4846953420964,480.0944388985963,471.97254068253784,474.6798400878906,21612000,0.0,0.0
2004-07-01 00:00:00+09:00,476.4846953420964,479.1919947474492,473.7773959367436,474.6798400878906,23752800,0.0,0.0
2004-07-02 00:00:00+09:00,465.6554347517691,467.46028976191076,461.143280702373,464.75299072265625,32348400,0.0,0.0
2004-07-05 00:00:00+09:00,457.5334023594201,462.0455550747506,456.63095859712433,459.3382568359375,17642400,0.0,0.0
2004-07-06 00:00:00+09:00,462.9482666015625,467.46042192667727,460.24096679687506,460.240966796875,18950400,0.0,0.0
2004-07-07 00:00:00+09:00,455.72868567774225,458.43598473513856,452.1189425851857,453.9237976074219,22293600,0.0,0.0
2004-07-08 00:00:00+09:00,446.7043607030567,448.50921579087895,442.1922064594583,444.8995056152344,31578000,0.0,0.0
2004-07-09 00:00:00+09:00,442.1922064594583,446.7043607030567,441.2897623915045,444.8995056152344,22107600,0.0,0.0
2004-07-12 00:00:00+09:00,453.92392000215943,454.82636428065206,449.4117647058824,450.314208984375,23176800,0.0,0.0
2004-07-13 00:00:00+09:00,446.70446777343756,461.1434110811353,446.70446777343756,460.240966796875,33385200,0.0,0.0
2004-07-14 00:00:00+09:00,458.4358847571359,461.14318322411094,451.21640014648443,451.2164001464844,23364000,0.0,0.0
2004-07-15 00:00:00+09:00,456.6312410911346,461.14342964599575,452.11908558436807,454.8263854980469,15660000,0.0,0.0
2004-07-16 00:00:00+09:00,449.4116799547007,454.8262785083718,446.7043806778652,453.02142333984375,21942000,0.0,0.0
2004-07-19 00:00:00+09:00,453.0214233398437,453.0214233398437,453.0214233398437,453.02142333984375,0,0.0,0.0
2004-07-20 00:00:00+09:00,444.8996094096054,453.0215087717599,444.8996094096054,450.314208984375,22461600,0.0,0.0
2004-07-21 00:00:00+09:00,453.92392290323977,460.24096679687506,451.21662309855225,460.240966796875,20902800,0.0,0.0
2004-07-22 00:00:00+09:00,456.63122270792724,460.24096679687506,454.8263671875,460.240966796875,18939600,0.0,0.0
2004-07-23 00:00:00+09:00,456.6311336768999,457.53357778520734,451.21653512322877,453.02142333984375,20442000,0.0,0.0
2004-07-26 00:00:00+09:00,453.0215116670728,463.8507108858228,450.3142118623853,460.240966796875,19588800,0.0,0.0
2004-07-27 00:00:00+09:00,456.6310966648182,459.33839572221456,453.02138662034594,453.9237976074219,25764000,0.0,0.0
2004-07-28 00:00:00+09:00,454.8262385947512,465.6554347517691,454.8262385947512,464.75299072265625,24122400,0.0,0.0
2004-07-29 00:00:00+09:00,473.7773786552858,480.0944213867187,470.16763523045455,480.09442138671875,59114400,0.0,0.0
2004-07-30 00:00:00+09:00,487.3138886582241,489.1187438964844,479.1919905139203,489.1187438964844,43012800,0.0,0.0
2004-08-02 00:00:00+09:00,490.02092709011504,490.02092709011504,484.6063312106662,487.3136291503906,18247200,0.0,0.0
2004-08-03 00:00:00+09:00,483.7038879394531,485.50877526611015,480.99658999753814,483.7038879394531,16766400,0.0,0.0
2004-08-04 00:00:00+09:00,480.99678004051714,488.2162661034404,475.58218201736656,479.1919250488281,32220000,0.0,0.0
2004-08-05 00:00:00+09:00,480.0943471860215,483.70405700486896,478.2894592285156,478.2894592285156,19508400,0.0,0.0
2004-08-06 00:00:00+09:00,471.0701844320132,474.67992866208317,464.7531402914144,468.3628845214844,29300400,0.0,0.0
2004-08-09 00:00:00+09:00,456.63105361008417,471.97243552088105,455.7286427080945,469.26513671875,23718000,0.0,0.0
2004-08-10 00:00:00+09:00,466.55790266045614,468.3627577629747,462.04571533203125,462.04571533203125,15410400,0.0,0.0
2004-08-11 00:00:00+09:00,467.46009857907296,477.38687969518566,465.6552443070845,476.48443603515625,38206800,0.0,0.0
2004-08-12 00:00:00+09:00,477.38713949324347,479.1919947474492,471.97254068253784,474.6798400878906,17128800,0.0,0.0
2004-08-13 00:00:00+09:00,466.55772372037353,471.9723199993408,460.2406837122207,461.14312744140625,31285200,0.0,0.0
2004-08-16 00:00:00+09:00,462.0456461320805,463.8505340123691,453.02133892296035,455.7286376953125,23455200,0.0,0.0
2004-08-17 00:00:00+09:00,462.0458498493218,465.6555941533642,459.3385498833139,463.8507385253906,13665600,0.0,0.0
2004-08-18 00:00:00+09:00,462.94809516441705,469.26513671875,462.0456512143463,469.26513671875,15466800,0.0,0.0
2004-08-19 00:00:00+09:00,469.2652523500944,470.16766347444656,462.94820923918303,466.5579528808594,11882400,0.0,0.0
2004-08-20 00:00:00+09:00,468.36269276867927,470.16754762073964,464.7529500164774,469.26513671875,13856400,0.0,0.0
2004-08-23 00:00:00+09:00,472.87495178559647,478.28955059630215,471.97254068253784,474.6798400878906,13374000,0.0,0.0
2004-08-24 00:00:00+09:00,479.1917339671741,480.99658823916263,471.9722838311498,476.48443603515625,18607200,0.0,0.0
2004-08-25 00:00:00+09:00,477.3871350624487,485.509033203125,475.5822467769063,485.509033203125,19314000,0.0,0.0
2004-08-26 00:00:00+09:00,486.4114445150498,492.7284874210932,486.4114445150498,489.1187438964844,33872400,0.0,0.0
2004-08-27 00:00:00+09:00,492.72837020790644,496.338112873808,489.1186275420049,495.4356689453125,22616400,0.0,0.0
2004-08-30 00:00:00+09:00,495.4356689453125,496.338112873808,493.63081413640185,495.4356689453125,16353600,0.0,0.0
2004-08-31 00:00:00+09:00,492.728347156113,494.53320188058535,487.31374993461725,490.9234924316406,22875600,0.0,0.0
2004-09-01 00:00:00+09:00,489.1187438964844,492.7284874210932,487.3138886582241,489.1187438964844,19333200,0.0,0.0
2004-09-02 00:00:00+09:00,490.0211591399118,491.82601427172807,480.09440634279315,481.8992614746094,28075200,0.0,0.0
2004-09-03 00:00:00+09:00,484.6063841029576,485.50882786405293,473.7771911621093,473.7771911621094,21555600,0.0,0.0
2004-09-06 00:00:00+09:00,480.996708826846,492.728347156113,480.09429798864915,490.9234924316406,28178400,0.0,0.0
2004-09-07 00:00:00+09:00,492.72840139046434,492.72840139046434,487.31380357298667,488.21624755859375,14636400,0.0,0.0
2004-09-08 00:00:00+09:00,491.82588866006296,499.0453734396537,490.0210339892041,492.72833251953125,25224000,0.0,0.0
2004-09-09 00:00:00+09:00,490.92333176497516,499.0452249391306,484.6062927246094,484.6062927246094,22298400,0.0,0.0
2004-09-10 00:00:00+09:00,480.996708826846,491.82590326983745,480.996708826846,490.9234924316406,70479600,0.0,0.0
2004-09-13 00:00:00+09:00,494.53321037594776,498.1429529349813,492.7283556204706,497.2405090332031,18601200,0.0,0.0
2004-09-14 00:00:00+09:00,500.8503485238681,508.97224606749836,499.94790444743614,503.5576477050781,43123200,0.0,0.0
2004-09-15 00:00:00+09:00,504.46022355611353,505.3626348201867,499.0456237792969,499.0456237792969,22070400,0.0,0.0
2004-09-16 00:00:00+09:00,491.8259782123548,501.75276332975415,491.8259782123548,496.3381652832031,26511600,0.0,0.0
2004-09-17 00:00:00+09:00,498.14294433593744,502.6550976707802,494.533201839216,498.1429443359375,28252800,0.0,0.0
2004-09-20 00:00:00+09:00,498.14294433593744,498.14294433593744,498.14294433593744,498.1429443359375,0,0.0,0.0
2004-09-21 00:00:00+09:00,499.94783680738226,503.55757957664696,497.24053799245405,500.85028076171875,22072800,0.0,0.0
2004-09-22 00:00:00+09:00,499.94793012537207,500.8503742481546,489.11873284433085,493.63092041015625,25455600,0.0,0.0
2004-09-23 00:00:00+09:00,493.6309204101563,493.6309204101563,493.6309204101563,493.63092041015625,0,0.0,0.0
2004-09-24 00:00:00+09:00,489.1186791890793,496.3381652832031,489.1186791890793,496.3381652832031,34077600,0.0,0.0
2004-09-27 00:00:00+09:00,497.0635427475221,497.0635427475221,490.71421292745146,493.43536376953125,18097200,4.666667,0.0
2004-09-28 00:00:00+09:00,484.36513072665804,487.08628314647075,479.82988776603446,483.45806884765625,27835200,0.0,0.0
2004-09-29 00:00:00+09:00,484.36519145625726,485.27225344898625,474.3876424050254,477.1087951660156,43480800,0.0,0.0
2004-09-30 00:00:00+09:00,482.55099142959153,490.71444786420574,475.29456356514163,484.3650817871094,31756800,0.0,0.0
2004-10-01 00:00:00+09:00,488.90045965055566,494.3427654471006,487.9934308292638,491.6216125488281,20856000,0.0,0.0
2004-10-04 00:00:00+09:00,498.8778991699218,498.8778991699218,492.52853315810245,498.8778991699219,24768000,0.0,0.0
2004-10-05 00:00:00+09:00,498.8778991699218,499.78492773076107,497.06377561386546,498.8778991699219,25843200,0.0,0.0
2004-10-06 00:00:00+09:00,495.24958513389834,499.78482667262057,494.342523539281,496.1566467285156,21868800,0.0,0.0
2004-10-07 00:00:00+09:00,497.06369018554693,500.6919034569044,496.15666178059496,497.0636901855469,13795200,0.0,0.0
2004-10-08 00:00:00+09:00,497.97088623046875,500.6920386142418,494.3426719797073,497.97088623046875,24660000,0.0,0.0
2004-10-11 00:00:00+09:00,497.97088623046875,497.97088623046875,497.97088623046875,497.97088623046875,0,0.0,0.0
2004-10-12 00:00:00+09:00,494.3423690274357,497.0635197435816,488.9000675951441,489.80712890625,16075200,0.0,0.0
2004-10-13 00:00:00+09:00,484.36510368390276,485.27216551226206,480.7368895876564,481.6439514160156,20656800,0.0,0.0
2004-10-14 00:00:00+09:00,486.17922126746896,491.6215261070943,483.4580688476563,483.45806884765625,31430400,0.0,0.0
2004-10-15 00:00:00+09:00,477.10844682852917,479.82959760280374,475.29432416756447,476.2013854980469,18187200,0.0,0.0
2004-10-18 00:00:00+09:00,474.38761019038975,476.20170083546,470.7593956830547,472.573486328125,20480400,0.0,0.0
2004-10-19 00:00:00+09:00,471.6664576141871,476.20170083546,471.6664576141871,472.573486328125,24946800,0.0,0.0
2004-10-20 00:00:00+09:00,472.5734235997178,473.48048541044864,464.40996695471,466.2240905761719,22135200,0.0,0.0
2004-10-21 00:00:00+09:00,469.85205415504925,470.7591155464127,458.0604221531978,459.87451171875,29167200,0.0,0.0
2004-10-22 00:00:00+09:00,465.31686687272423,467.1309566458391,458.0604745630863,463.5027770996094,19758000,0.0,0.0
2004-10-25 00:00:00+09:00,458.0606470236267,461.6888279358721,453.52537105753333,460.78179931640625,16602000,0.0,0.0
2004-10-26 00:00:00+09:00,453.52535393424273,456.2465061242826,450.8042017442029,455.3394775390625,27406800,0.0,0.0
2004-10-27 00:00:00+09:00,456.2465940286871,460.78187069735225,453.5254413143665,457.1536560058594,13420800,0.0,0.0
2004-10-28 00:00:00+09:00,471.6663836816337,481.6439304913557,468.945231531965,478.0157165527344,52860000,0.0,0.0
2004-10-29 00:00:00+09:00,468.945310672649,469.85233939748537,463.5030054548511,464.4100341796875,40286400,0.0,0.0
2004-11-01 00:00:00+09:00,467.13111916971263,468.9452427911744,463.50293836116924,466.2240905761719,22404000,0.0,0.0
2004-11-02 00:00:00+09:00,472.57347796751407,474.387601797684,468.0382348264772,469.8523254394531,28111200,0.0,0.0
2004-11-03 00:00:00+09:00,469.8523254394531,469.8523254394531,469.8523254394531,469.8523254394531,0,0.0,0.0
2004-11-04 00:00:00+09:00,476.20170083546,478.0157914805302,470.7593956830547,472.573486328125,30350400,0.0,0.0
2004-11-05 00:00:00+09:00,478.92284149117506,482.5510559082031,478.01577958261964,482.5510559082031,25888800,0.0,0.0
2004-11-08 00:00:00+09:00,484.3648299884799,487.0859807187523,478.92252852793524,479.82958984375,22905600,0.0,0.0
2004-11-09 00:00:00+09:00,479.82990339973054,487.0862990165928,479.82990339973054,482.5510559082031,27626400,0.0,0.0
2004-11-10 00:00:00+09:00,483.4582145624052,487.99349210715826,483.4582145624052,485.2723388671875,17743200,0.0,0.0
2004-11-11 00:00:00+09:00,488.9003030030093,489.8073647508698,478.9227566452949,480.7368469238281,21906000,0.0,0.0
2004-11-12 00:00:00+09:00,480.73706132243444,485.2723388671875,480.73706132243444,485.2723388671875,27720000,0.0,0.0
2004-11-15 00:00:00+09:00,487.9931697372258,488.90019807322835,483.45789518849045,486.1790466308594,27709200,0.0,0.0
2004-11-16 00:00:00+09:00,487.99334502547254,488.9003736872817,479.82988776603446,483.45806884765625,22826400,0.0,0.0
2004-11-17 00:00:00+09:00,475.294562543172,478.9227764675956,470.7593200505343,471.6663818359375,27105600,0.0,0.0
2004-11-18 00:00:00+09:00,469.85237420544246,472.57352701593186,457.15367216222427,462.5959777832031,42620400,0.0,0.0
2004-11-19 00:00:00+09:00,468.03804511964927,471.66625809219505,457.1534394191923,458.967529296875,32980800,0.0,0.0
2004-11-22 00:00:00+09:00,453.52535139354563,456.24650356834127,448.0830470439543,450.80419921875,36220800,0.0,0.0
2004-11-23 00:00:00+09:00,450.80419921874994,450.80419921874994,450.80419921874994,450.80419921875,0,0.0,0.0
2004-11-24 00:00:00+09:00,452.61821900298935,459.87461206575523,450.8040958244114,456.24639892578125,29930400,0.0,0.0
2004-11-25 00:00:00+09:00,457.15351569380624,461.6887577532939,453.5253021159045,458.0605773925781,26282400,0.0,0.0
2004-11-26 00:00:00+09:00,458.9676583143224,460.7817819191422,453.52535393424273,455.3394775390625,16884000,0.0,0.0
2004-11-29 00:00:00+09:00,454.4323089643853,458.0605221043593,452.61821900298935,456.24639892578125,23456400,0.0,0.0
2004-11-30 00:00:00+09:00,454.43242023008594,456.24651063565364,447.176025390625,447.176025390625,29162400,0.0,0.0
2004-12-01 00:00:00+09:00,443.5477600097656,444.45482171612787,438.10545620596486,443.5477600097656,36172800,0.0,0.0
2004-12-02 00:00:00+09:00,449.8971913212743,454.43243408203125,443.5478248824616,454.43243408203125,43233600,0.0,0.0
2004-12-03 00:00:00+09:00,463.50295160918586,465.31704206530856,459.8747374797494,460.78179931640625,33354000,0.0,0.0
2004-12-06 00:00:00+09:00,458.0605466718236,460.7816983684539,450.804120002687,451.711181640625,24000000,0.0,0.0
2004-12-07 00:00:00+09:00,453.5253295898438,457.1535433875377,452.6183010533113,453.52532958984375,30451200,0.0,0.0
2004-12-08 00:00:00+09:00,453.5252357428721,463.5028133175954,452.618207394029,461.6886901855469,29116800,0.0,0.0
2004-12-09 00:00:00+09:00,466.22410541080194,469.85228633478914,460.7818008076299,467.1311340332031,52830000,0.0,0.0
2004-12-10 00:00:00+09:00,468.0380181409858,469.8521079141006,463.5027770996094,463.5027770996094,71989200,0.0,0.0
2004-12-13 00:00:00+09:00,469.8522582651311,473.48047218955475,468.9452296969171,471.6663818359375,24673200,0.0,0.0
2004-12-14 00:00:00+09:00,471.6665422480252,475.29472418919124,468.0383270896587,474.3876953125,29749200,0.0,0.0
2004-12-15 00:00:00+09:00,477.10854811056055,479.82969946248926,474.38739675863184,478.9226379394531,23434800,0.0,0.0
2004-12-16 00:00:00+09:00,476.201786283083,478.92293934755776,468.0383270896587,474.3876953125,26577600,0.0,0.0
2004-12-17 00:00:00+09:00,475.29431648184806,482.55074057402237,474.3872883832053,479.82958984375,18604800,0.0,0.0
2004-12-20 00:00:00+09:00,480.73680135838515,480.73680135838515,473.4804077148437,473.48040771484375,17006400,0.0,0.0
2004-12-21 00:00:00+09:00,476.20148658752447,481.6437892913819,475.29442506448834,478.9226379394531,21255600,0.0,0.0
2004-12-22 00:00:00+09:00,479.82994792700583,480.736976702538,475.2946711805576,477.1087951660156,21003600,0.0,0.0
2004-12-23 00:00:00+09:00,477.1087951660156,477.1087951660156,477.1087951660156,477.1087951660156,0,0.0,0.0
2004-12-24 00:00:00+09:00,479.82981839315545,481.6439086716886,478.0156948974344,480.7368469238281,29056800,0.0,0.0
2004-12-27 00:00:00+09:00,480.7368469238281,481.6439086716886,478.0156948974344,480.7368469238281,12536400,0.0,0.0
2004-12-28 00:00:00+09:00,477.10854811056055,481.6437892913819,477.10854811056055,478.9226379394531,11618400,0.0,0.0
2004-12-29 00:00:00+09:00,480.73694405673285,482.5510679189976,472.57348632812494,472.573486328125,23146800,0.0,0.0
2004-12-30 00:00:00+09:00,479.82986097648785,482.551013244375,478.0157373197693,481.6439514160156,11808000,0.0,0.0
2004-12-31 00:00:00+09:00,481.6439514160157,481.6439514160157,481.6439514160157,481.6439514160156,0,0.0,0.0
2005-01-03 00:00:00+09:00,481.6439514160157,481.6439514160157,481.6439514160157,481.6439514160156,0,0.0,0.0
2005-01-04 00:00:00+09:00,482.5509704195492,482.5509704195492,478.9227566452949,480.7368469238281,13686000,0.0,0.0
2005-01-05 00:00:00+09:00,485.27216551226206,487.99331778014914,479.82986097648785,481.6439514160156,33404400,0.0,0.0
2005-01-06 00:00:00+09:00,483.4578166466165,489.80718005302896,483.4578166466165,487.0860290527344,24735600,0.0,0.0
2005-01-07 00:00:00+09:00,489.80746834776994,490.7145302874789,484.3651631439059,487.9933776855469,30685200,0.0,0.0
2005-01-10 00:00:00+09:00,487.9933776855469,487.9933776855469,487.9933776855469,487.9933776855469,0,0.0,0.0
2005-01-11 00:00:00+09:00,488.9000675951441,489.80712890624994,486.1789168789982,489.80712890625,21860400,0.0,0.0
2005-01-12 00:00:00+09:00,489.80729966443795,492.5284513292404,485.2720579621617,488.9002380371094,28854000,0.0,0.0
2005-01-13 00:00:00+09:00,485.2720182948569,490.7143211795948,485.2720182948569,486.1790466308594,32127600,0.0,0.0
2005-01-14 00:00:00+09:00,487.08636879077346,493.4357366258088,484.365215892501,491.6216125488281,39100800,0.0,0.0
2005-01-17 00:00:00+09:00,490.71421292745146,496.1565146116111,489.807151574367,493.43536376953125,20390400,0.0,0.0
2005-01-18 00:00:00+09:00,491.6213495155973,492.52841106878054,484.36495674167367,486.1790466308594,19418400,0.0,0.0
2005-01-19 00:00:00+09:00,486.1789168789982,492.5282796223958,485.27188878506416,489.80712890625,14949600,0.0,0.0
2005-01-20 00:00:00+09:00,490.7145134336209,491.62154212498257,482.5510559082031,482.5510559082031,19504800,0.0,0.0
2005-01-21 00:00:00+09:00,483.4581012041969,489.80746834776994,483.4581012041969,487.9933776855469,22118400,0.0,0.0
2005-01-24 00:00:00+09:00,486.1789676469111,488.90011864720566,484.3648780524398,487.0860290527344,14262000,0.0,0.0
2005-01-25 00:00:00+09:00,485.2721435744629,485.2721435744629,479.82983928472015,484.3650817871094,17722800,0.0,0.0
2005-01-26 00:00:00+09:00,486.17925380612894,489.80746834776994,485.27222508361484,487.9933776855469,17670000,0.0,0.0
2005-01-27 00:00:00+09:00,489.80713144902467,489.80713144902467,478.0154672121204,479.82958984375,21139200,0.0,0.0
2005-01-28 00:00:00+09:00,481.64399399964765,484.36514650812023,477.10875089125796,482.5510559082031,23167200,0.0,0.0
2005-01-31 00:00:00+09:00,485.27195894364786,494.3424404973916,484.3648975014028,492.5283508300781,34170000,0.0,0.0
2005-02-01 00:00:00+09:00,493.4357366258088,493.4357366258088,487.9934308292638,491.6216125488281,17089200,0.0,0.0
2005-02-02 00:00:00+09:00,493.43551013137267,498.87781342981725,492.5284485092375,497.0636901855469,26676000,0.0,0.0
2005-02-03 00:00:00+09:00,497.9707856230683,498.87784730679874,492.52848195505663,495.2496337890625,17559600,0.0,0.0
2005-02-04 00:00:00+09:00,495.24960015845977,497.06369018554693,491.6213868871023,497.0636901855469,25659600,0.0,0.0
2005-02-07 00:00:00+09:00,497.97065304919505,497.97065304919505,492.5283508300782,492.5283508300781,27106800,0.0,0.0
2005-02-08 00:00:00+09:00,497.0636751059508,498.8777982951854,495.24958513389834,496.1566467285156,25886400,0.0,0.0
2005-02-09 00:00:00+09:00,498.87784730679874,499.7848757733437,495.24963378906244,495.2496337890625,26518800,0.0,0.0
2005-02-10 00:00:00+09:00,494.3423919054423,497.0635427475221,490.71421292745146,493.43536376953125,26244000,0.0,0.0
2005-02-11 00:00:00+09:00,493.43536376953125,493.43536376953125,493.43536376953125,493.43536376953125,0,0.0,0.0
2005-02-14 00:00:00+09:00,502.5059934839915,503.4130551061267,497.06369018554693,497.0636901855469,26168400,0.0,0.0
2005-02-15 00:00:00+09:00,502.50615814370485,507.9484632254677,501.59912944154047,504.3202819824219,31161600,0.0,0.0
2005-02-16 00:00:00+09:00,505.2271943950149,506.13425610559244,501.5990139870776,502.50604248046875,13962000,0.0,0.0
2005-02-17 00:00:00+09:00,499.78500560282345,505.22731068458626,499.78500560282345,504.3202819824219,12589200,0.0,0.0
2005-02-18 00:00:00+09:00,506.13447603266286,514.2979353235123,505.227413927946,511.5767822265625,44506800,0.0,0.0
2005-02-21 00:00:00+09:00,512.4837396050661,513.3907683072306,504.3202819824219,504.3202819824219,28468800,0.0,0.0
2005-02-22 00:00:00+09:00,505.2273069837701,507.948459504719,503.4132163755355,506.1343688964844,13822800,0.0,0.0
2005-02-23 00:00:00+09:00,502.5060798476567,502.5060798476567,496.15674705302627,498.8778991699219,17539200,0.0,0.0
2005-02-24 00:00:00+09:00,501.5990566145206,508.85545126425257,500.6919948268581,503.41314697265625,24552000,0.0,0.0
2005-02-25 00:00:00+09:00,506.1343688964844,510.66961202566785,505.2273069837701,506.1343688964844,22255200,0.0,0.0
2005-02-28 00:00:00+09:00,512.483467661926,512.483467661926,506.13410403001757,508.8552551269531,15037200,0.0,0.0
2005-03-01 00:00:00+09:00,509.7625870641847,510.6696157663491,502.50615814370485,504.3202819824219,21458400,0.0,0.0
2005-03-02 00:00:00+09:00,506.13415622117503,512.4835205078125,505.22709468960403,512.4835205078125,16858800,0.0,0.0
2005-03-03 00:00:00+09:00,512.4837000458525,516.1118810088349,511.5766381965112,514.2977905273438,21196800,0.0,0.0
2005-03-04 00:00:00+09:00,510.66972420727234,513.3908773259917,508.8556332005264,509.7626953125,16140000,0.0,0.0
2005-03-07 00:00:00+09:00,514.2977112397161,515.2047729492188,511.5765593283949,515.2047729492188,20172000,0.0,0.0
2005-03-08 00:00:00+09:00,515.2047729492188,517.0188631510374,513.3906495302136,515.2047729492188,29002800,0.0,0.0
2005-03-09 00:00:00+09:00,511.5766381965112,515.204852376685,511.5766381965112,514.2977905273438,15028800,0.0,0.0
2005-03-10 00:00:00+09:00,514.297752049943,514.297752049943,504.32020532242865,505.22723388671875,17632800,0.0,0.0
2005-03-11 00:00:00+09:00,498.8779480974572,505.22728151479953,497.97088623046875,497.97088623046875,80731200,0.0,0.0
2005-03-14 00:00:00+09:00,502.50586000581126,503.41292138700817,494.3424072265625,494.3424072265625,21702000,0.0,0.0
2005-03-15 00:00:00+09:00,494.3427654471006,497.06391834537305,487.08636879077346,491.6216125488281,37377600,0.0,0.0
2005-03-16 00:00:00+09:00,491.6213868871023,497.06369018554693,490.7143584821503,497.0636901855469,31029600,0.0,0.0
2005-03-17 00:00:00+09:00,489.80712890624994,495.24943033854163,489.80712890624994,489.80712890625,22098000,0.0,0.0
2005-03-18 00:00:00+09:00,489.80718005302896,489.80718005302896,486.1789676469111,487.0860290527344,27051600,0.0,0.0
2005-03-21 00:00:00+09:00,487.0860290527344,487.0860290527344,487.0860290527344,487.0860290527344,0,0.0,0.0
2005-03-22 00:00:00+09:00,482.5509704195492,483.45799895022185,478.9227566452949,480.7368469238281,38942400,0.0,0.0
2005-03-23 00:00:00+09:00,482.5509922803084,483.45802085207174,474.38753583130233,478.0157165527344,34617600,0.0,0.0
2005-03-24 00:00:00+09:00,481.6439086716886,487.08621272447607,478.9227566452949,480.7368469238281,39145200,0.0,0.0
2005-03-25 00:00:00+09:00,489.8075216890459,492.52867458731845,487.08636879077346,491.6216125488281,27978000,0.0,0.0
2005-03-28 00:00:00+09:00,493.17398501595784,501.3935514328905,493.17398501595784,500.4802551269531,17203200,6.166667,0.0
2005-03-29 00:00:00+09:00,499.5670188208462,500.48028172982646,488.60759634905804,493.17401123046875,21396000,0.0,0.0
2005-03-30 00:00:00+09:00,484.9543683055905,495.0004928470375,484.9543683055905,489.5207824707031,32890800,0.0,0.0
2005-03-31 00:00:00+09:00,490.4339904785156,492.2605491269588,485.86757713466176,490.4339904785156,25303200,0.0,0.0
2005-04-01 00:00:00+09:00,491.34722900390625,493.17378743851583,485.8675202545894,491.34722900390625,24045600,0.0,0.0
2005-04-04 00:00:00+09:00,493.1741362752774,497.7405523145076,491.3475765486877,494.0874328613281,26151600,0.0,0.0
2005-04-05 00:00:00+09:00,496.8271556826835,509.6131372244006,496.8271556826835,505.0467224121094,43654800,0.0,0.0
2005-04-06 00:00:00+09:00,507.78673028622393,514.1797062517408,506.87343367164465,511.4398498535156,31375200,0.0,0.0
2005-04-07 00:00:00+09:00,513.266546217736,516.0064031665042,511.43995262154436,514.1798095703125,30332400,0.0,0.0
2005-04-08 00:00:00+09:00,516.0059950961427,517.832553802327,509.61298945625833,512.3528442382812,24418800,0.0,0.0
2005-04-11 00:00:00+09:00,513.2662644198581,513.2662644198581,504.13340178966104,505.9599609375,13978800,0.0,0.0
2005-04-12 00:00:00+09:00,505.0467032111388,505.95996607157485,500.48025512695307,500.4802551269531,17514000,0.0,0.0
2005-04-13 00:00:00+09:00,501.3937683105468,504.1336249679815,497.7406149521287,501.3937683105469,27224400,0.0,0.0
2005-04-14 00:00:00+09:00,498.6537995360027,499.567096031641,494.0873839488278,496.8272399902344,22681200,0.0,0.0
2005-04-15 00:00:00+09:00,493.1738451739263,495.0004038223695,487.6941357831049,490.4339904785156,27613200,0.0,0.0
2005-04-18 00:00:00+09:00,472.16833150121494,482.2144548283067,468.51518054341165,471.2550354003906,55394400,0.0,0.0
2005-04-19 00:00:00+09:00,474.9082094681971,477.64806445850303,469.42849948758516,475.82147216796875,31668000,0.0,0.0
2005-04-20 00:00:00+09:00,484.9544298895474,484.9544298895474,472.16844853625213,476.73486328125,22898400,0.0,0.0
2005-04-21 00:00:00+09:00,471.25525206326563,475.8216677758407,463.9489802340437,472.1685485839844,27249600,0.0,0.0
2005-04-22 00:00:00+09:00,479.47484460017785,480.3881411669675,474.9084286572512,477.6482849121094,24525600,0.0,0.0
2005-04-25 00:00:00+09:00,476.73479441077313,484.0410636363855,473.0816430752183,481.30120849609375,16719600,0.0,0.0
2005-04-26 00:00:00+09:00,475.8215849126027,477.6481776359432,468.515314355751,473.9950256347656,27066000,0.0,0.0
2005-04-27 00:00:00+09:00,468.5153472069585,470.34190661286965,463.0356355437192,467.60205078125,32102400,0.0,0.0
2005-04-28 00:00:00+09:00,463.94885874596565,464.86212158203125,459.382410783636,464.86212158203125,29988000,0.0,0.0
2005-04-29 00:00:00+09:00,464.86212158203125,464.86212158203125,464.86212158203125,464.86212158203125,0,0.0,0.0
2005-05-02 00:00:00+09:00,459.3823276629827,463.03547868274507,458.4690649921629,460.2956237792969,26886000,0.0,0.0
2005-05-03 00:00:00+09:00,460.2956237792969,460.2956237792969,460.2956237792969,460.2956237792969,0,0.0,0.0
2005-05-04 00:00:00+09:00,460.2956237792969,460.2956237792969,460.2956237792969,460.2956237792969,0,0.0,0.0
2005-05-05 00:00:00+09:00,460.2956237792969,460.2956237792969,460.2956237792969,460.2956237792969,0,0.0,0.0
2005-05-06 00:00:00+09:00,478.56154803338814,478.56154803338814,471.25527583560336,477.6482849121094,48183600,0.0,0.0
2005-05-09 00:00:00+09:00,475.8214490135244,476.7347451143487,468.51518054341165,471.2550354003906,32917200,0.0,0.0
2005-05-10 00:00:00+09:00,473.0816171776628,475.8214721679687,472.1683544778911,475.82147216796875,24163200,0.0,0.0
2005-05-11 00:00:00+09:00,472.1684663569286,473.9950256347657,468.515314355751,473.9950256347656,19742400,0.0,0.0
2005-05-12 00:00:00+09:00,470.3419189453125,473.99507129842686,470.3419189453125,470.3419189453125,17208000,0.0,0.0
2005-05-13 00:00:00+09:00,469.42864363266693,473.0817624444893,466.68878780104734,467.60205078125,18364800,0.0,0.0
2005-05-16 00:00:00+09:00,470.34190661286965,473.0817624444893,467.60205078125,467.60205078125,15552000,0.0,0.0
2005-05-17 00:00:00+09:00,472.16851184462297,475.8216307522307,467.60206304185334,470.3419189453125,26178000,0.0,0.0
2005-05-18 00:00:00+09:00,473.99501845415904,475.82157770432536,465.77545166015625,465.77545166015625,26409600,0.0,0.0
2005-05-19 00:00:00+09:00,476.73481183781075,479.47466707825794,472.16839758556495,478.5613708496094,21658800,0.0,0.0
2005-05-20 00:00:00+09:00,480.3881411669675,483.1279974218257,476.73498834531966,477.6482849121094,20816400,0.0,0.0
2005-05-23 00:00:00+09:00,481.3012280647701,486.780938568147,479.4746690454774,485.86767578125,19768800,0.0,0.0
2005-05-24 00:00:00+09:00,489.52101493654766,493.1741680707616,485.86789524784746,486.7811584472656,28359600,0.0,0.0
2005-05-25 00:00:00+09:00,483.1279357258148,486.78105463544404,481.30134282549346,484.04119873046875,21984000,0.0,0.0
2005-05-26 00:00:00+09:00,482.2145223187051,483.1278185473537,476.73481183781075,478.5613708496094,17960400,0.0,0.0
2005-05-27 00:00:00+09:00,483.12798118321325,487.6943969726562,482.21468464712075,487.69439697265625,25898400,0.0,0.0
2005-05-30 00:00:00+09:00,487.6943969726562,488.6076935087487,484.9545408098885,487.69439697265625,18453600,0.0,0.0
2005-05-31 00:00:00+09:00,488.6076935087487,493.17410929819164,486.7811004365637,487.69439697265625,24044400,0.0,0.0
2005-06-01 00:00:00+09:00,488.60747200237125,495.9137406423422,487.69417588031445,492.2605895996094,23103600,0.0,0.0
2005-06-02 00:00:00+09:00,495.0006689248669,495.9139654609594,487.6943969726562,487.69439697265625,19132800,0.0,0.0
2005-06-03 00:00:00+09:00,487.6941357831049,490.4339904785156,484.0409850407267,490.4339904785156,18474000,0.0,0.0
2005-06-06 00:00:00+09:00,486.7811004365637,487.6943969726562,482.21468464712075,487.69439697265625,15361200,0.0,0.0
2005-06-07 00:00:00+09:00,480.3879633069065,484.04108133050374,476.73481183781075,478.5613708496094,21289200,0.0,0.0
2005-06-08 00:00:00+09:00,483.12798118321325,489.52095659933144,482.21468464712075,487.69439697265625,23962800,0.0,0.0
2005-06-09 00:00:00+09:00,486.7809187766773,488.6075111672034,480.387945746328,481.30120849609375,19483200,0.0,0.0
2005-06-10 00:00:00+09:00,482.21452429716584,488.6075310329384,482.21452429716584,485.86767578125,55740000,0.0,0.0
2005-06-13 00:00:00+09:00,489.52069443154807,493.1738451739263,488.6074318300724,490.4339904785156,17352000,0.0,0.0
2005-06-14 00:00:00+09:00,495.00061035156256,498.6537626181462,494.08734736904603,495.0006103515625,28113600,0.0,0.0
2005-06-15 00:00:00+09:00,497.7404479980469,499.5670407873308,496.8271850489095,497.7404479980469,15304800,0.0,0.0
2005-06-16 00:00:00+09:00,497.7405030403644,499.567096031641,496.8272399902344,496.8272399902344,10788000,0.0,0.0
2005-06-17 00:00:00+09:00,500.4801703926906,502.3067626953125,498.6536115355644,502.3067626953125,14641200,0.0,0.0
2005-06-20 00:00:00+09:00,503.2200702786589,503.2200702786589,497.7403597731,498.6536560058594,17010000,0.0,0.0
2005-06-21 00:00:00+09:00,499.5669522386188,500.4802150258795,498.65365600585943,498.6536560058594,10770000,0.0,0.0
2005-06-22 00:00:00+09:00,498.6538116364962,501.39366774438906,496.827252046404,499.5671081542969,15910800,0.0,0.0
2005-06-23 00:00:00+09:00,497.7405030403644,498.6537995360027,495.00064699895773,496.8272399902344,12268800,0.0,0.0
2005-06-24 00:00:00+09:00,492.26083968922677,495.0006960018672,488.60772023604727,494.0874328613281,18494400,0.0,0.0
2005-06-27 00:00:00+09:00,488.6075197049794,491.34737489314654,487.69422349375765,489.5207824707031,18814800,0.0,0.0
2005-06-28 00:00:00+09:00,487.69417588031445,495.0004445202853,485.86761708169536,492.2605895996094,23088000,0.0,0.0
2005-06-29 00:00:00+09:00,496.8270969858393,499.5669522386188,494.0872417330599,498.6536560058594,24879600,0.0,0.0
2005-06-30 00:00:00+09:00,500.4803712265884,500.4803712265884,496.827252046404,499.5671081542969,15151200,0.0,0.0
2005-07-01 00:00:00+09:00,499.56720835409567,503.220328266998,498.6539116531122,501.3937683105469,19764000,0.0,0.0
2005-07-04 00:00:00+09:00,500.4801703926906,502.3067626953125,498.6536115355644,502.3067626953125,16718400,0.0,0.0
2005-07-05 00:00:00+09:00,502.3069642621897,502.3069642621897,496.827252046404,499.5671081542969,13728000,0.0,0.0
2005-07-06 00:00:00+09:00,497.7404479980469,501.3936001311102,495.9138886542675,497.7404479980469,25830000,0.0,0.0
2005-07-07 00:00:00+09:00,498.65365600585943,500.4802150258795,494.0872417330599,498.6536560058594,20583600,0.0,0.0
2005-07-08 00:00:00+09:00,494.0873075849521,496.82716320289916,491.3474519670051,493.17401123046875,33937200,0.0,0.0
2005-07-11 00:00:00+09:00,499.56720835409567,503.220328266998,498.6539116531122,501.3937683105469,16359600,0.0,0.0
2005-07-12 00:00:00+09:00,505.9601849244327,506.8734816254162,501.3937683105468,501.3937683105469,23347200,0.0,0.0
2005-07-13 00:00:00+09:00,505.0470081080124,508.70012864614813,504.1337112507176,507.786865234375,29691600,0.0,0.0
2005-07-14 00:00:00+09:00,511.43983802430745,512.3531346177629,507.78671854150963,508.6999816894531,21344400,0.0,0.0
2005-07-15 00:00:00+09:00,513.2662224077451,514.1794851841613,510.52636718750006,510.5263671875,23282400,0.0,0.0
2005-07-18 00:00:00+09:00,510.52636718750006,510.52636718750006,510.52636718750006,510.5263671875,0,0.0,0.0
2005-07-19 00:00:00+09:00,511.4396556224558,516.919366337859,511.4396556224558,516.006103515625,20120400,0.0,0.0
2005-07-20 00:00:00+09:00,518.7458086591544,522.39892578125,517.8325126558854,522.39892578125,28088400,0.0,0.0
2005-07-21 00:00:00+09:00,523.3122288866799,526.9653795038447,522.398932871016,524.2255249023438,38323200,0.0,0.0
2005-07-22 00:00:00+09:00,517.8328344198134,517.8328344198134,509.61326561949886,513.2664184570312,29326800,0.0,0.0
2005-07-25 00:00:00+09:00,513.2664430826741,514.1797062517408,511.43984985351557,511.4398498535156,13779600,0.0,0.0
2005-07-26 00:00:00+09:00,511.4395481624426,513.2661403141199,509.61298945625833,512.3528442382812,17860800,0.0,0.0
2005-07-27 00:00:00+09:00,517.8325126558854,523.312221784519,514.1793620882994,522.39892578125,20952000,0.0,0.0
2005-07-28 00:00:00+09:00,519.6590576171875,522.398912109801,517.8324991039417,519.6590576171875,17680800,0.0,0.0
2005-07-29 00:00:00+09:00,524.2257872501295,527.87890625,520.5726348047516,527.87890625,22226400,0.0,0.0
2005-08-01 00:00:00+09:00,523.3124968785254,530.6187684089551,522.3992003951563,529.7055053710938,16676400,0.0,0.0
2005-08-02 00:00:00+09:00,529.7052882965983,529.7052882965983,526.0521373056995,528.7919921875,13411200,0.0,0.0
2005-08-03 00:00:00+09:00,536.0984619608246,539.751614323019,535.185198954406,538.8383178710938,22435200,0.0,0.0
2005-08-04 00:00:00+09:00,534.2717425772792,537.0115976674191,528.7920323969994,530.6185913085938,26606400,0.0,0.0
2005-08-05 00:00:00+09:00,525.1390472824871,527.8789032395183,516.9194794113934,520.5726318359375,22600800,0.0,0.0
2005-08-08 00:00:00+09:00,520.572374285179,524.2255249023438,516.9192236680141,524.2255249023438,21411600,0.0,0.0
2005-08-09 00:00:00+09:00,521.4857788085938,526.0521929460849,519.6591863971992,521.4857788085938,17064000,0.0,0.0
2005-08-10 00:00:00+09:00,524.2257205478367,531.5319910634378,524.2257205478367,526.965576171875,24236400,0.0,0.0
2005-08-11 00:00:00+09:00,530.6185509602022,531.5318470693005,526.9654334147976,528.7919921875,21829200,0.0,0.0
2005-08-12 00:00:00+09:00,525.1391325833547,528.792285601298,521.4860130109242,526.0524291992188,22898400,0.0,0.0
2005-08-15 00:00:00+09:00,519.6593723141727,523.3125249984416,512.3531003911445,515.0929565429688,27340800,0.0,0.0
2005-08-16 00:00:00+09:00,517.8324991039417,521.4856495759228,516.9192031245741,519.6590576171875,30277200,0.0,0.0
2005-08-17 00:00:00+09:00,520.5725920648152,525.1390071624962,518.7460327148438,518.7460327148438,25202400,0.0,0.0
2005-08-18 00:00:00+09:00,520.5725179632943,522.399077053262,515.0928072478912,516.006103515625,27013200,0.0,0.0
2005-08-19 00:00:00+09:00,516.9194399193675,520.5725920648152,516.9194399193675,518.7460327148438,17968800,0.0,0.0
2005-08-22 00:00:00+09:00,518.7457813635506,520.5723398284877,515.0926309881878,516.919189453125,20034000,0.0,0.0
2005-08-23 00:00:00+09:00,518.7458156993418,533.3583512770198,518.7458156993418,524.2255249023438,35452800,0.0,0.0
2005-08-24 00:00:00+09:00,522.3991316466378,538.8382655108204,521.4858687289633,534.2718505859375,40575600,0.0,0.0
2005-08-25 00:00:00+09:00,535.185198954406,543.4047666852134,535.185198954406,538.8383178710938,40783200,0.0,0.0
2005-08-26 00:00:00+09:00,539.7514517647879,540.6647479416537,536.0983005028219,537.0115966796875,18334800,0.0,0.0
2005-08-29 00:00:00+09:00,532.4452176235117,532.4452176235117,526.9655070937516,531.5319213867188,18345600,0.0,0.0
2005-08-30 00:00:00+09:00,538.8383609076782,540.6649539574172,534.2719451743492,535.1852416992188,24020400,0.0,0.0
2005-08-31 00:00:00+09:00,537.925182502125,544.3181588459902,536.0985891648653,540.6650390625,30292800,0.0,0.0
2005-09-01 00:00:00+09:00,543.4048100865165,547.9712258198454,534.2719451743492,535.1852416992188,31602000,0.0,0.0
2005-09-02 00:00:00+09:00,537.9248450626463,543.4045547459823,537.0115489669257,539.7514038085938,21368400,0.0,0.0
2005-09-05 00:00:00+09:00,543.4048854549326,547.0580051700673,541.5782921518512,545.2314453125,19540800,0.0,0.0
2005-09-06 00:00:00+09:00,545.2314453125,547.971301821608,542.4915888033919,545.2314453125,15367200,0.0,0.0
2005-09-07 00:00:00+09:00,546.1446319167316,547.97119140625,545.2313354492187,547.97119140625,18594000,0.0,0.0
2005-09-08 00:00:00+09:00,547.0576856724128,551.6241328176638,537.9248582728998,542.4912719726562,34292400,0.0,0.0
2005-09-09 00:00:00+09:00,545.23145551462,548.8846087436249,537.925182502125,540.6650390625,66686400,0.0,0.0
2005-09-12 00:00:00+09:00,549.7975196680611,550.71081575147,542.491251337269,544.3178100585938,24093600,0.0,0.0
2005-09-13 00:00:00+09:00,546.1445500257568,549.7976684570312,546.1445500257568,549.7976684570312,20395200,0.0,0.0
2005-09-14 00:00:00+09:00,548.8842026779562,551.6240572113811,545.2310521515597,546.1443481445312,20295600,0.0,0.0
2005-09-15 00:00:00+09:00,547.9709337657209,552.5373470652714,546.144375134999,551.6240844726562,18538800,0.0,0.0
2005-09-16 00:00:00+09:00,555.2772017341,558.9303524410353,551.6240844726562,551.6240844726562,23878800,0.0,0.0
2005-09-19 00:00:00+09:00,551.6240844726562,551.6240844726562,551.6240844726562,551.6240844726562,0,0.0,0.0
2005-09-20 00:00:00+09:00,558.0173187668621,565.323590170443,556.1907592773437,561.6704711914062,25399200,0.0,0.0
2005-09-21 00:00:00+09:00,567.1500468534582,568.0633096560617,556.1906256582223,558.9304809570312,27274800,0.0,0.0
2005-09-22 00:00:00+09:00,549.7979011393471,550.7111978564371,546.1447811620202,547.0580444335938,34447200,0.0,0.0
2005-09-23 00:00:00+09:00,547.0580444335938,547.0580444335938,547.0580444335938,547.0580444335938,0,0.0,0.0
2005-09-26 00:00:00+09:00,550.710741207906,558.9303045095165,550.710741207906,554.3638916015625,36288000,0.0,0.0
2005-09-27 00:00:00+09:00,563.5574143108022,563.5574143108022,554.3639707378064,555.2833251953125,25833600,6.666667,0.0
2005-09-28 00:00:00+09:00,556.2029666917172,574.589830772207,555.2836453714859,563.5577392578125,46178400,0.0,0.0
2005-09-29 00:00:00+09:00,586.5413068684179,608.6055558122488,583.7832757504391,602.1701049804688,33851400,0.0,0.0
2005-09-30 00:00:00+09:00,592.9764749402198,595.7345050562208,582.8636754033095,590.2184448242188,26373000,0.0,0.0
2005-10-03 00:00:00+09:00,599.4119357954179,605.8473851448723,583.7831412832652,598.4926147460938,25359000,0.0,0.0
2005-10-04 00:00:00+09:00,609.5246833937351,619.6374833911783,604.9279438794932,607.6859741210938,20386200,0.0,0.0
2005-10-05 00:00:00+09:00,614.1213109889703,620.5566912683311,606.7665425734792,611.36328125,23876400,0.0,0.0
2005-10-06 00:00:00+09:00,583.7829251283472,594.8150429743336,581.9442163757816,586.5409545898438,19406400,0.0,0.0
2005-10-07 00:00:00+09:00,587.4605550465768,592.0572954495997,580.1057838686875,583.783203125,13086600,0.0,0.0
2005-10-10 00:00:00+09:00,583.783203125,583.783203125,583.783203125,583.783203125,0,0.0,0.0
2005-10-11 00:00:00+09:00,583.7833103370122,599.412109375,581.0252790556322,599.412109375,12313800,0.0,0.0
2005-10-12 00:00:00+09:00,591.1379650479048,612.2828921776321,591.1379650479048,593.89599609375,15870600,0.0,0.0
2005-10-13 00:00:00+09:00,592.9765537806919,600.3313241794705,584.7024623325892,598.4926147460938,11089200,0.0,0.0
2005-10-14 00:00:00+09:00,607.686151056964,608.6055396283382,595.7347056417807,603.0894775390625,20095800,0.0,0.0
2005-10-17 00:00:00+09:00,614.1214930281849,633.4277069237669,612.2827835456003,621.4761962890625,34927200,0.0,0.0
2005-10-18 00:00:00+09:00,617.7987923346691,627.9115926302936,615.9600830078125,615.9600830078125,21151200,0.0,0.0
2005-10-19 00:00:00+09:00,615.9600648458957,617.7987741185369,599.411883396292,607.6859741210938,24073800,0.0,0.0
2005-10-20 00:00:00+09:00,601.2507518078198,602.1700730201048,592.0573376807483,594.8153686523438,20260800,0.0,0.0
2005-10-21 00:00:00+09:00,585.6218450952357,586.5412335761744,573.6704008556547,579.1864624023438,28542600,0.0,0.0
2005-10-24 00:00:00+09:00,583.783326498952,586.5413578566876,564.4770733274278,574.58984375,20586000,0.0,0.0
2005-10-25 00:00:00+09:00,588.3798761932871,590.2185858214434,582.863814643554,583.783203125,14878200,0.0,0.0
2005-10-26 00:00:00+09:00,584.7022275811091,591.1376070121013,582.8635188859536,588.3795776367188,12841800,0.0,0.0
2005-10-27 00:00:00+09:00,592.0573475081756,592.0573475081756,579.186513648843,584.7025756835938,16217400,0.0,0.0
2005-10-28 00:00:00+09:00,575.5087280273438,576.4280485626105,569.9926701463619,575.5087280273438,28453200,0.0,0.0
2005-10-31 00:00:00+09:00,579.1864785443704,585.6218614166175,576.4284476941591,582.8638305664062,16525200,0.0,0.0
2005-11-01 00:00:00+09:00,593.8957958673136,595.7345050562208,586.541093781124,590.2184448242188,13027800,0.0,0.0
2005-11-02 00:00:00+09:00,589.2990972894808,593.8957690521236,582.8636490862344,587.4603881835938,15384600,0.0,0.0
2005-11-03 00:00:00+09:00,587.4605778707243,596.6539916992188,587.4605778707243,596.6539916992188,15384600,0.0,0.0
2005-11-04 00:00:00+09:00,605.8474925387259,606.7668137510108,590.2186279214378,594.8153686523438,25888200,0.0,0.0
2005-11-07 00:00:00+09:00,595.7343450826395,596.6536657628665,583.7829069008822,588.3795776367188,14350200,0.0,0.0
2005-11-08 00:00:00+09:00,592.057399403306,592.057399403306,582.8639169830645,585.6219482421875,13412400,0.0,0.0
2005-11-09 00:00:00+09:00,586.5412338998665,588.3798761932871,578.2671415752668,583.783203125,13082400,0.0,0.0
2005-11-10 00:00:00+09:00,580.105712890625,583.7831316969919,576.4283614189857,580.105712890625,13561800,0.0,0.0
2005-11-11 00:00:00+09:00,587.4604831686313,587.4604831686313,580.105712890625,580.105712890625,14658000,0.0,0.0
2005-11-14 00:00:00+09:00,589.2988727297986,590.2181932650652,572.7506990868528,575.5087280273438,16878000,0.0,0.0
2005-11-15 00:00:00+09:00,578.2671765777213,584.7025596636978,577.3477880406248,581.0252075195312,18030000,0.0,0.0
2005-11-16 00:00:00+09:00,586.5411293746687,594.815220224775,582.8637107736945,592.0571899414062,36493800,0.0,0.0
2005-11-17 00:00:00+09:00,592.0573786931232,605.8475345063579,588.3799589197638,601.2507934570312,25162800,0.0,0.0
2005-11-18 00:00:00+09:00,605.8472217720592,617.7986615293606,604.9278336359289,611.36328125,22035000,0.0,0.0
2005-11-21 00:00:00+09:00,620.5567165737237,628.8308061280401,604.0085374650912,609.5245971679688,29361600,0.0,0.0
2005-11-22 00:00:00+09:00,611.36328125,615.0406317903903,606.7665425734792,611.36328125,11772600,0.0,0.0
2005-11-23 00:00:00+09:00,611.36328125,611.36328125,611.36328125,611.36328125,0,0.0,0.0
2005-11-24 00:00:00+09:00,617.7988458806818,619.6375553669036,601.2506625088779,606.7667236328125,14836800,0.0,0.0
2005-11-25 00:00:00+09:00,611.363306180499,613.201947858316,604.9278583039996,609.5245971679688,12450600,0.0,0.0
2005-11-28 00:00:00+09:00,614.121383165503,630.6695635442017,610.4439648582021,625.1535034179688,24870600,0.0,0.0
2005-11-29 00:00:00+09:00,616.8794290596774,619.6374591935736,606.7666294571516,614.1213989257812,17024400,0.0,0.0
2005-11-30 00:00:00+09:00,621.4762410554835,626.992302565842,617.7988891601562,617.7988891601562,21232800,0.0,0.0
2005-12-01 00:00:00+09:00,618.7178891070832,627.9113650749218,615.040539120768,624.2339477539062,17966400,0.0,0.0
2005-12-02 00:00:00+09:00,632.5081636777303,643.540283203125,631.588842828852,643.540283203125,23274000,0.0,0.0
2005-12-05 00:00:00+09:00,644.4597861126631,656.4112286145173,641.7017557403332,653.6531982421875,21428400,0.0,0.0
2005-12-06 00:00:00+09:00,647.2179305806885,649.9759614392216,639.8631591796875,639.8631591796875,11842800,0.0,0.0
2005-12-07 00:00:00+09:00,645.3791951481354,648.1372258966317,638.0244240405669,641.7018432617188,8884800,0.0,0.0
2005-12-08 00:00:00+09:00,640.7824018821576,641.7017902789028,624.2342187574988,631.5889892578125,16393200,0.0,0.0
2005-12-09 00:00:00+09:00,622.3954810691458,638.9436616529513,621.476092813566,629.7501831054688,78956400,0.0,0.0
2005-12-12 00:00:00+09:00,630.6695713610485,640.7823034946724,624.234122910867,629.7501831054688,20965200,0.0,0.0
2005-12-13 00:00:00+09:00,634.346923828125,638.9436631123657,629.7501845438843,634.346923828125,12664200,0.0,0.0
2005-12-14 00:00:00+09:00,637.1050585542057,639.8630891107174,618.7181657325508,621.4761962890625,20517000,0.0,0.0
2005-12-15 00:00:00+09:00,616.8795966777565,618.7182390434684,601.2507325607746,605.8474731445312,18733200,0.0,0.0
2005-12-16 00:00:00+09:00,603.0895897251694,612.2830058058647,598.4928480174443,604.0089111328125,13576200,0.0,0.0
2005-12-19 00:00:00+09:00,611.3633236018205,619.6374133919142,607.6859054719689,613.2019653320312,13463400,0.0,0.0
2005-12-20 00:00:00+09:00,617.7987923346691,626.072883303437,615.0407620117464,615.9600830078125,16182000,0.0,0.0
2005-12-21 00:00:00+09:00,625.1537378278532,632.5084425307646,623.3150279847536,626.0730590820312,13960200,0.0,0.0
2005-12-22 00:00:00+09:00,628.830958737036,632.5083103198282,625.1536071542439,631.5889892578125,21292800,0.0,0.0
2005-12-23 00:00:00+09:00,631.5889892578125,631.5889892578125,631.5889892578125,631.5889892578125,0,0.0,0.0
2005-12-26 00:00:00+09:00,632.508247998049,634.3469572756396,625.1535455571321,626.9921875,15201600,0.0,0.0
2005-12-27 00:00:00+09:00,623.3149057716471,626.0729363281589,617.7988446586237,621.4761962890625,8253000,0.0,0.0
2005-12-28 00:00:00+09:00,623.3151138037966,628.8311767578125,617.7990508497807,628.8311767578125,6045600,0.0,0.0
2005-12-29 00:00:00+09:00,631.5889111868269,632.5082321352049,625.1535298787386,627.9115600585938,10315200,0.0,0.0
2005-12-30 00:00:00+09:00,629.7501992859384,630.6695875651403,616.8794367243189,618.7180786132812,6449400,0.0,0.0
2006-01-02 00:00:00+09:00,618.7180786132812,618.7180786132812,618.7180786132812,618.7180786132812,0,0.0,0.0
2006-01-03 00:00:00+09:00,618.7180786132812,618.7180786132812,618.7180786132812,618.7180786132812,0,0.0,0.0
2006-01-04 00:00:00+09:00,627.9115334810853,627.9115334810853,621.4760851106679,625.1535034179688,6360000,0.0,0.0
2006-01-05 00:00:00+09:00,629.7502797990517,632.5083103198282,626.0729282162596,631.5889892578125,12792000,0.0,0.0
2006-01-06 00:00:00+09:00,635.2661045286471,638.0241340234671,627.91140409893,630.66943359375,16416000,0.0,0.0
2006-01-09 00:00:00+09:00,630.66943359375,630.66943359375,630.66943359375,630.66943359375,0,0.0,0.0
2006-01-10 00:00:00+09:00,621.476153412755,623.314862768485,597.5732684618928,600.331298828125,53701200,0.0,0.0
2006-01-11 00:00:00+09:00,604.9278336359289,611.36328125,603.0891920330889,611.36328125,33409800,0.0,0.0
2006-01-12 00:00:00+09:00,611.3634636810016,614.1214942429689,599.4119530226561,606.7667236328125,22305000,0.0,0.0
2006-01-13 00:00:00+09:00,606.7667940448795,606.7667940448795,592.9766396347686,596.6539916992188,26935200,0.0,0.0
2006-01-16 00:00:00+09:00,588.3799118078643,589.2993003449609,580.1058189824347,581.0252075195312,23084400,0.0,0.0
2006-01-17 00:00:00+09:00,585.6217737654479,592.9765440434542,575.5090403847577,580.105712890625,34234800,0.0,0.0
2006-01-18 00:00:00+09:00,572.7512010680095,585.6219691809423,560.799720628697,574.58984375,31779000,0.0,0.0
2006-01-19 00:00:00+09:00,578.2670540764999,582.8637264492552,569.9929630038698,576.4283447265625,22783200,0.0,0.0
2006-01-20 00:00:00+09:00,587.4602233966538,592.0569612045941,579.1861357431798,591.1375732421875,27471600,0.0,0.0
2006-01-23 00:00:00+09:00,576.4283614189857,591.1378346402707,576.4283614189857,580.105712890625,16510800,0.0,0.0
2006-01-24 00:00:00+09:00,582.8637179668834,585.6217482842894,577.3476573320715,581.9443969726562,14466000,0.0,0.0
2006-01-25 00:00:00+09:00,582.863840111063,586.5412595280558,576.4284571334335,577.3477783203125,14789400,0.0,0.0
2006-01-26 00:00:00+09:00,588.379562204498,590.2182708514273,582.8635035984099,589.2989501953125,15538200,0.0,0.0
2006-01-27 00:00:00+09:00,598.4927526014116,604.9281360984476,593.8960116265322,602.1701049804688,16338000,0.0,0.0
2006-01-30 00:00:00+09:00,611.3636843982216,611.3636843982216,604.0089111328125,604.0089111328125,14997000,0.0,0.0
2006-01-31 00:00:00+09:00,607.6859147435038,618.7180346319468,606.7665938643722,612.2826538085938,23332200,0.0,0.0
2006-02-01 00:00:00+09:00,616.8794713386031,625.153562307371,611.3634106927578,615.9600830078125,36099600,0.0,0.0
2006-02-02 00:00:00+09:00,629.7502797990517,631.5889892578125,626.0729282162596,631.5889892578125,25399200,0.0,0.0
2006-02-03 00:00:00+09:00,622.3954733548524,629.7501753000173,621.4760851106679,625.1535034179688,19838400,0.0,0.0
2006-02-06 00:00:00+09:00,626.9922492782753,637.1050502993654,616.8795155919145,631.5889892578125,20634000,0.0,0.0
2006-02-07 00:00:00+09:00,633.4274630885701,636.1854925833901,629.750045539007,630.66943359375,13840800,0.0,0.0
2006-02-08 00:00:00+09:00,630.6696763672552,633.4277069237669,619.6375541412083,621.4761962890625,18315000,0.0,0.0
2006-02-09 00:00:00+09:00,623.3150279847536,629.7504114334869,618.7182870443762,626.0730590820312,23864400,0.0,0.0
2006-02-10 00:00:00+09:00,627.9116202228695,634.3470021475733,621.476170963438,623.3148803710938,21558600,0.0,0.0
2006-02-13 00:00:00+09:00,613.2019156641044,627.9114523226426,610.4438859574672,616.8793334960938,22492200,0.0,0.0
2006-02-14 00:00:00+09:00,616.879507875106,630.6696603064815,615.9601194898619,622.3955688476562,25789800,0.0,0.0
2006-02-15 00:00:00+09:00,627.9115334810853,633.4275936073182,621.4760851106679,625.1535034179688,22869000,0.0,0.0
2006-02-16 00:00:00+09:00,626.0728508271167,631.5889111868269,624.2341415956395,627.9115600585938,20141400,0.0,0.0
2006-02-17 00:00:00+09:00,628.8309335444636,640.7823762107798,627.9116125192783,633.4276733398438,30121800,0.0,0.0
2006-02-20 00:00:00+09:00,631.5888688072648,643.5403096731226,626.9921297043733,636.1856079101562,22516800,0.0,0.0
2006-02-21 00:00:00+09:00,636.1856595074975,640.7823316484818,626.0728595948322,637.10498046875,18576600,0.0,0.0
2006-02-22 00:00:00+09:00,637.1049287968478,642.620988786431,631.5888688072648,636.1856079101562,22278600,0.0,0.0
2006-02-23 00:00:00+09:00,638.9436984193752,649.9758194433948,638.9436984193752,646.2984008789062,23067600,0.0,0.0
2006-02-24 00:00:00+09:00,645.3791160061601,646.2984370313453,629.750254569649,633.4276733398438,20899800,0.0,0.0
2006-02-27 00:00:00+09:00,639.8629324728981,643.540283203125,635.2661935590789,643.540283203125,21549600,0.0,0.0
2006-02-28 00:00:00+09:00,637.1049539317255,639.862984035326,629.7501845438843,634.346923828125,21395400,0.0,0.0
2006-03-01 00:00:00+09:00,629.7504981385641,630.6698868540687,625.1538239000529,628.8311767578125,17403000,0.0,0.0
2006-03-02 00:00:00+09:00,636.1856315556504,636.1856315556504,627.9115412637476,629.7501831054688,13712400,0.0,0.0
2006-03-03 00:00:00+09:00,627.911557396976,628.8308783414573,615.0407275006357,618.7180786132812,19334400,0.0,0.0
2006-03-06 00:00:00+09:00,623.3145475260417,623.3145475260417,615.9597811575334,620.5565185546875,14819400,0.0,0.0
2006-03-07 00:00:00+09:00,629.7501845438843,641.7016932159662,626.0728335173234,634.346923828125,22738200,0.0,0.0
2006-03-08 00:00:00+09:00,630.6698664376387,636.1859292130853,627.9118350499155,635.2665405273438,17972400,0.0,0.0
2006-03-09 00:00:00+09:00,626.0730048870219,645.3792208967538,626.0730048870219,639.8631591796875,19885800,0.0,0.0
2006-03-10 00:00:00+09:00,639.8631150265957,655.4919779247425,639.8631150265957,648.13720703125,33221400,0.0,0.0
2006-03-13 00:00:00+09:00,657.3308715820312,663.7663238259805,656.4115501192209,657.3308715820312,17977800,0.0,0.0
2006-03-14 00:00:00+09:00,659.1693563224081,664.6854178815914,655.4920043945312,655.4920043945312,19039800,0.0,0.0
2006-03-15 00:00:00+09:00,657.3308356152196,661.9275773472718,654.5728040429393,660.0888671875,12356400,0.0,0.0
2006-03-16 00:00:00+09:00,661.9271385063558,666.5238771908869,647.2176689844515,650.89501953125,14664000,0.0,0.0
2006-03-17 00:00:00+09:00,655.4917582157809,655.4917582157809,644.459639240675,650.89501953125,8920800,0.0,0.0
2006-03-20 00:00:00+09:00,649.9761652100304,666.5243555491705,649.0567764124612,657.3308715820312,11248200,0.0,0.0
2006-03-21 00:00:00+09:00,657.3308715820312,657.3308715820312,657.3308715820312,657.3308715820312,0,0.0,0.0
2006-03-22 00:00:00+09:00,661.0078354938025,662.846477149332,650.8950370495412,654.5723876953125,14088600,0.0,0.0
2006-03-23 00:00:00+09:00,662.8468987597803,669.2823506516044,657.3308356152196,660.0888671875,17754600,0.0,0.0
2006-03-24 00:00:00+09:00,660.088754623965,667.4435266741039,658.2501121124881,663.7661743164062,9277200,0.0,0.0
2006-03-27 00:00:00+09:00,667.4435832797172,679.3950299568894,666.5242619460115,673.8789672851562,15389400,0.0,0.0
2006-03-28 00:00:00+09:00,668.3173164781597,680.3674663271065,668.3173164781597,675.7327880859375,12584400,10.0,0.0
2006-03-29 00:00:00+09:00,680.3673394760747,687.7827418108253,675.7326620990177,683.1481323242188,12528600,0.0,0.0
2006-03-30 00:00:00+09:00,685.9290771484375,695.1983660658267,684.0751922087735,685.9290771484375,12754800,0.0,0.0
2006-03-31 00:00:00+09:00,686.8559615523727,687.7828700444213,672.0250862272801,675.7327880859375,13367400,0.0,0.0
2006-04-03 00:00:00+09:00,678.5135195270715,689.636691978335,674.8058180068026,685.0020141601562,14838600,0.0,0.0
2006-04-04 00:00:00+09:00,685.9289278836578,685.9289278836578,678.5134576291454,681.2942504882812,12648600,0.0,0.0
2006-04-05 00:00:00+09:00,690.5633498337056,699.8327021069314,687.7825577298244,688.7095336914062,19028400,0.0,0.0
2006-04-06 00:00:00+09:00,700.7596707441882,729.4945023376795,699.8327625929265,727.6406860351562,34426800,0.0,0.0
2006-04-07 00:00:00+09:00,722.0794394759662,726.7140502929688,714.6639671221042,726.7140502929688,19810200,0.0,0.0
2006-04-10 00:00:00+09:00,721.15234375,723.0062285045234,713.7369405128235,721.15234375,16711200,0.0,0.0
2006-04-11 00:00:00+09:00,722.0793517027134,722.0793517027134,714.6638802502482,718.37158203125,11274000,0.0,0.0
2006-04-12 00:00:00+09:00,713.7368829797012,719.2984689045029,709.1022054122154,710.0291137695312,13279800,0.0,0.0
2006-04-13 00:00:00+09:00,710.9561501273079,714.6638517605038,697.9790925754337,706.3214721679688,12273000,0.0,0.0
2006-04-14 00:00:00+09:00,715.5906372070314,717.4445216502301,708.1752352151307,715.5906372070312,12900600,0.0,0.0
2006-04-17 00:00:00+09:00,715.5907930616189,716.5177694303359,704.4676197607105,707.2484130859375,8481600,0.0,0.0
2006-04-18 00:00:00+09:00,704.4675874061413,709.1022653654804,699.8329773372611,706.3214721679688,11583600,0.0,0.0
2006-04-19 00:00:00+09:00,709.1021454372092,710.9560298854948,702.6136517038806,704.4674682617188,11375400,0.0,0.0
2006-04-20 00:00:00+09:00,710.9559624533861,719.2983398437501,707.2481939084859,719.29833984375,14742000,0.0,0.0
2006-04-21 00:00:00+09:00,723.006213769585,761.0104091748053,722.079305356443,752.6680297851562,37592400,0.0,0.0
2006-04-24 00:00:00+09:00,737.836972671955,741.5447415267356,718.3714238009195,724.8599853515625,40599000,0.0,0.0
2006-04-25 00:00:00+09:00,722.0789504711307,723.0058584287185,706.3211078495943,717.4442749023438,22539000,0.0,0.0
2006-04-26 00:00:00+09:00,717.4447313699023,726.7140205145515,715.5908463847856,720.2255249023438,12205200,0.0,0.0
2006-04-27 00:00:00+09:00,775.8412189559014,794.379860915942,751.7409911968937,758.2295532226562,101754000,0.0,0.0
2006-04-28 00:00:00+09:00,750.8141154077748,758.2295860913365,742.4717363476884,749.88720703125,32953200,0.0,0.0
2006-05-01 00:00:00+09:00,755.4488229150393,761.0104091748053,748.0333519385322,752.6680297851562,26339400,0.0,0.0
2006-05-02 00:00:00+09:00,761.9371324811663,786.9642645699637,760.0832482148121,778.6218872070312,33458400,0.0,0.0
2006-05-03 00:00:00+09:00,778.6218872070312,778.6218872070312,778.6218872070312,778.6218872070312,0,0.0,0.0
2006-05-04 00:00:00+09:00,778.6218872070312,778.6218872070312,778.6218872070312,778.6218872070312,0,0.0,0.0
2006-05-05 00:00:00+09:00,778.6218872070312,778.6218872070312,778.6218872070312,778.6218872070312,0,0.0,0.0
2006-05-08 00:00:00+09:00,783.2567838458256,785.1106007422425,763.791231200229,764.7181396484375,38575200,0.0,0.0
2006-05-09 00:00:00+09:00,763.7911376953125,775.8412176086658,757.3025756808172,763.7911376953125,32028000,0.0,0.0
2006-05-10 00:00:00+09:00,756.375769008873,764.718148814118,744.325687475895,746.1795043945312,28781400,0.0,0.0
2006-05-11 00:00:00+09:00,747.106511692165,752.668098459376,733.2025447741376,739.6910400390625,28281000,0.0,0.0
2006-05-12 00:00:00+09:00,727.6406860351561,733.2022707236022,713.7367243140413,727.6406860351562,37734600,0.0,0.0
2006-05-15 00:00:00+09:00,712.8097788353953,720.2252480347546,706.3212857174814,719.29833984375,34498800,0.0,0.0
2006-05-16 00:00:00+09:00,725.7870556668264,732.2755507757117,708.1753872910165,712.8099975585938,28914600,0.0,0.0
2006-05-17 00:00:00+09:00,720.2254668669817,720.2254668669817,700.7599137084146,718.37158203125,21803400,0.0,0.0
2006-05-18 00:00:00+09:00,709.1021454372092,710.0290537161283,701.686675534514,704.4674682617188,59886000,0.0,0.0
2006-05-19 00:00:00+09:00,699.832855702476,701.686672251641,683.1480994173079,697.0520629882812,71923200,0.0,0.0
2006-05-22 00:00:00+09:00,706.3211049882193,722.0789475459192,697.978729732453,700.759521484375,54846000,0.0,0.0
2006-05-23 00:00:00+09:00,688.7099379183937,692.4176402695997,674.8059692382814,674.8059692382812,36213000,0.0,0.0
2006-05-24 00:00:00+09:00,684.074922631178,690.5634155273436,673.8786613168271,690.5634155273438,30591000,0.0,0.0
2006-05-25 00:00:00+09:00,687.7826236937769,690.5634160643589,676.6594542114494,679.4402465820312,25350000,0.0,0.0
2006-05-26 00:00:00+09:00,682.2212475311371,692.4175119707661,681.2943390877016,689.63671875,14182800,0.0,0.0
2006-05-29 00:00:00+09:00,696.1250002641825,698.9057926326019,688.7095992086898,690.5634155273438,35314800,0.0,0.0
2006-05-30 00:00:00+09:00,693.3445723806801,701.6869538714523,690.5637785504227,696.1253662109375,12712800,0.0,0.0
2006-05-31 00:00:00+09:00,683.1482892817467,685.0021063461351,678.5136108398438,678.5136108398438,20553000,0.0,0.0
2006-06-01 00:00:00+09:00,692.4174534855337,694.2713381062754,683.1481661627327,687.7827758789062,15604800,0.0,0.0
2006-06-02 00:00:00+09:00,695.1981785486691,698.9058795374463,689.6365931202797,697.0520629882812,26818200,0.0,0.0
2006-06-05 00:00:00+09:00,690.5636271934355,692.4175119707661,684.0751323084677,689.63671875,13348800,0.0,0.0
2006-06-06 00:00:00+09:00,680.3675537109374,684.075256045798,679.4405772093685,680.3675537109375,20052600,0.0,0.0
2006-06-07 00:00:00+09:00,678.5133344070088,680.3672186065729,659.0477879281192,666.4632568359375,24414600,0.0,0.0
2006-06-08 00:00:00+09:00,647.9245602826536,647.9245602826536,634.9475078328283,642.3629760742188,36344400,0.0,0.0
2006-06-09 00:00:00+09:00,638.6553039845421,653.4861732291,630.3129273050217,646.9976806640625,38365800,0.0,0.0
2006-06-12 00:00:00+09:00,647.924684368356,654.4131778906803,635.8746055724835,651.6323852539062,19316400,0.0,0.0
2006-06-13 00:00:00+09:00,639.58227450019,643.2899752004787,621.0436352178633,624.7514038085938,26013000,0.0,0.0
2006-06-14 00:00:00+09:00,606.2126803265329,637.7283016277376,606.2126803265329,629.3859252929688,46488000,0.0,0.0
2006-06-15 00:00:00+09:00,649.7783511691184,652.559142874706,636.8013005795686,639.5820922851562,20473200,0.0,0.0
2006-06-16 00:00:00+09:00,659.0479747100351,666.4634457194849,655.340273150539,662.7556762695312,20419200,0.0,0.0
2006-06-19 00:00:00+09:00,663.682710642271,669.2442974133222,653.4864455985226,664.609619140625,15777000,0.0,0.0
2006-06-20 00:00:00+09:00,665.5364676074898,672.0250301820894,662.7556744727922,668.3172607421875,15650400,0.0,0.0
2006-06-21 00:00:00+09:00,675.7325134277344,676.659421543032,658.120851894468,667.39013671875,19639800,0.0,0.0
2006-06-22 00:00:00+09:00,675.7326620990177,683.1481323242188,670.1710764027295,683.1481323242188,23841000,0.0,0.0
2006-06-23 00:00:00+09:00,678.5136715894872,680.3675567103263,665.5366115245583,674.8059692382812,22282800,0.0,0.0
2006-06-26 00:00:00+09:00,673.8789032113773,681.2943748191551,669.2442928606713,675.7327880859375,17883600,0.0,0.0
2006-06-27 00:00:00+09:00,671.0979614257812,676.6595469290072,659.9747904193293,671.0979614257812,15075000,0.0,2.0
2006-06-28 00:00:00+09:00,654.4130249023439,658.1207928115393,646.9976248648115,654.4130249023438,15331500,0.0,0.0
2006-06-29 00:00:00+09:00,654.413083652407,665.5362525977195,650.7053833007812,656.2669677734375,21612900,0.0,0.0
2006-06-30 00:00:00+09:00,678.5136749015367,682.2213772708412,665.5366147732624,672.9520874023438,25341300,0.0,0.0
2006-07-03 00:00:00+09:00,685.9290833896272,685.9290833896272,680.3674964104963,682.2213134765625,12345300,0.0,0.0
2006-07-04 00:00:00+09:00,689.6367854122257,691.4906703687581,680.3674964104963,682.2213134765625,9544800,0.0,0.0
2006-07-05 00:00:00+09:00,674.8056053124368,676.659421543032,661.8285522460938,667.39013671875,14979600,0.0,0.0
2006-07-06 00:00:00+09:00,667.3901390295184,667.3901390295184,656.2669700456931,659.9746704101562,12793200,0.0,0.0
2006-07-07 00:00:00+09:00,667.39013671875,678.5133056640625,667.39013671875,667.39013671875,16962600,0.0,0.0
2006-07-10 00:00:00+09:00,659.9749655600391,684.0751984330949,658.1211484939729,682.2213134765625,15733200,0.0,0.0
2006-07-11 00:00:00+09:00,674.8059662634106,680.3675537109374,669.2443788158838,680.3675537109375,9307500,0.0,0.0
2006-07-12 00:00:00+09:00,671.0980199110784,672.9519045371999,652.5594452116785,663.6826171875,14131500,0.0,0.0
2006-07-13 00:00:00+09:00,659.9746704101562,667.3901390295184,654.4130859182436,659.9746704101562,11330100,0.0,0.0
2006-07-14 00:00:00+09:00,650.7054468019478,656.2670318173491,646.9977460884944,648.8515625,16766100,0.0,0.0
2006-07-17 00:00:00+09:00,648.8515625000001,648.8515625000001,648.8515625000001,648.8515625,0,0.0,0.0
2006-07-18 00:00:00+09:00,650.7055090896829,656.267094637458,643.2900390625,643.2900390625,18794700,0.0,0.0
2006-07-19 00:00:00+09:00,634.0209297969424,650.7056911073882,632.1670447989592,645.1441040039062,14152500,0.0,0.0
2006-07-20 00:00:00+09:00,672.9520841174423,678.5136715894872,665.5366115245583,674.8059692382812,23965800,0.0,0.0
2006-07-21 00:00:00+09:00,665.5362525977195,676.659421543032,659.9746681250632,667.39013671875,11907300,0.0,0.0
2006-07-24 00:00:00+09:00,661.8286748838874,674.8057303548973,654.4132049161034,671.0979614257812,10996200,0.0,0.0
2006-07-25 00:00:00+09:00,689.636595703125,700.7597666015625,685.9288947004616,695.1981811523438,21580800,0.0,0.0
2006-07-26 00:00:00+09:00,702.6136526908422,711.882939164396,698.9058837890626,698.9058837890625,19260000,0.0,0.0
2006-07-27 00:00:00+09:00,706.3215277711062,713.7369995117188,700.7599409382628,713.7369995117188,23626200,0.0,0.0
2006-07-28 00:00:00+09:00,708.1754150390625,710.0292320625457,702.6138281876836,708.1754150390625,11391000,0.0,0.0
2006-07-31 00:00:00+09:00,711.8826884920635,713.7365722901528,700.759521484375,700.759521484375,12848700,0.0,0.0
2006-08-01 00:00:00+09:00,698.9061821520921,704.4677699885556,695.1984795579419,702.6139526367188,8212200,0.0,0.0
2006-08-02 00:00:00+09:00,710.0290537161283,711.8829381644139,697.0520662494711,704.4674682617188,10059300,0.0,0.0
2006-08-03 00:00:00+09:00,706.3214721679688,711.8830585629921,704.4675874061413,706.3214721679688,7569300,0.0,0.0
2006-08-04 00:00:00+09:00,710.0292320625457,713.7370018904413,704.4676452111669,708.1754150390625,8610300,0.0,0.0
2006-08-07 00:00:00+09:00,710.0290530534446,711.8829375,695.1981811523438,695.1981811523438,7413300,0.0,0.0
2006-08-08 00:00:00+09:00,700.7599409382628,713.7369995117188,697.0522390131887,713.7369995117188,10609200,0.0,0.0
2006-08-09 00:00:00+09:00,719.298160576428,730.4213276580716,710.0288094147757,728.5674438476562,27234900,0.0,0.0
2006-08-10 00:00:00+09:00,723.0058603068345,734.1290273884781,721.1519764964193,728.5674438476562,12373500,0.0,0.0
2006-08-11 00:00:00+09:00,723.0058584287185,724.8597422343181,713.7365751815686,717.4442749023438,12446100,0.0,0.0
2006-08-14 00:00:00+09:00,708.1751699899314,719.2983398437501,708.1751699899314,719.29833984375,13917300,0.0,0.0
2006-08-15 00:00:00+09:00,721.1524033618671,721.1524033618671,713.7369995117188,713.7369995117188,8720100,0.0,0.0
2006-08-16 00:00:00+09:00,723.0063416764671,732.2756311190859,717.4447544328019,730.4218139648438,17865300,0.0,0.0
2006-08-17 00:00:00+09:00,728.5676863158965,734.1292717076209,721.1522164967818,724.8599853515625,11543700,0.0,0.0
2006-08-18 00:00:00+09:00,730.4217536734982,735.9833404580921,726.7139838901264,734.1294555664062,11160900,0.0,0.0
2006-08-21 00:00:00+09:00,732.2753260795778,735.983094624478,715.5905712988499,719.29833984375,11133600,0.0,0.0
2006-08-22 00:00:00+09:00,728.5675681914918,737.8368530446988,726.713684064676,732.2752685546875,11354100,0.0,0.0
2006-08-23 00:00:00+09:00,732.2756311190859,735.9834012085088,726.7140438754208,730.4218139648438,8338500,0.0,0.0
2006-08-24 00:00:00+09:00,728.5678148776352,730.4216996321586,713.7369405128235,721.15234375,10661700,0.0,0.0
2006-08-25 00:00:00+09:00,724.8597422343181,732.2751416758686,717.4442749023438,717.4442749023438,9180300,0.0,0.0
2006-08-28 00:00:00+09:00,723.0058584287185,728.5674419550933,710.0288075703695,717.4442749023438,11437500,0.0,0.0
2006-08-29 00:00:00+09:00,726.713560037241,734.1290273884781,719.298160576428,728.5674438476562,14718300,0.0,0.0
2006-08-30 00:00:00+09:00,726.713560037241,732.2751435780629,719.298160576428,728.5674438476562,13247100,0.0,0.0
2006-08-31 00:00:00+09:00,728.5678665046405,747.106511692165,726.713981618749,739.6910400390625,20352900,0.0,0.0
2006-09-01 00:00:00+09:00,734.1297569254222,735.983642578125,730.4220535105081,735.983642578125,9536400,0.0,0.0
2006-09-04 00:00:00+09:00,735.982975909202,743.3983760220041,735.982975909202,737.8367919921875,8147400,0.0,0.0
2006-09-05 00:00:00+09:00,735.9830368083188,735.9830368083188,730.4214523183075,732.2752685546875,6508500,0.0,0.0
2006-09-06 00:00:00+09:00,737.8370306585134,747.1063856334965,732.2754448297044,741.5447998046875,16164900,0.0,0.0
2006-09-07 00:00:00+09:00,732.2755164962234,734.1294012507469,715.5907573768883,721.15234375,19261500,0.0,0.0
2006-09-08 00:00:00+09:00,713.7367549168407,723.0060404982092,711.8828706443907,719.29833984375,27346500,0.0,0.0
2006-09-11 00:00:00+09:00,719.2987161461094,719.2987161461094,700.7600673944054,702.6139526367188,13453500,0.0,0.0
2006-09-12 00:00:00+09:00,702.6136510481178,704.4674676042258,689.636595703125,695.1981811523438,15967200,0.0,0.0
2006-09-13 00:00:00+09:00,710.029050394225,711.8829348338372,697.0520629882812,697.0520629882812,11676900,0.0,0.0
2006-09-14 00:00:00+09:00,710.0290517678823,721.1522226461803,704.4674663287332,715.5906372070312,18572700,0.0,0.0
2006-09-15 00:00:00+09:00,711.8831146039496,715.5908165290238,700.7599409382628,713.7369995117188,9986400,0.0,0.0
2006-09-18 00:00:00+09:00,713.7369995117188,713.7369995117188,713.7369995117188,713.7369995117188,0,0.0,0.0
2006-09-19 00:00:00+09:00,715.5906372070314,728.5676925285283,713.7368206542798,715.5906372070312,14794200,0.0,0.0
2006-09-20 00:00:00+09:00,704.4675278447296,710.0291137695314,697.0521252052962,710.0291137695312,16721700,0.0,0.0
2006-09-21 00:00:00+09:00,721.151974623119,724.8597422343181,711.882691375969,717.4442749023438,12193500,0.0,0.0
2006-09-22 00:00:00+09:00,711.8829983746162,715.590699694333,706.3214124498146,710.0291137695312,8615700,0.0,0.0
2006-09-25 00:00:00+09:00,704.4675278447296,717.444584299418,700.759826525013,710.0291137695312,11600700,0.0,0.0
2006-09-26 00:00:00+09:00,711.8976343061792,719.3716480263403,704.423620586018,710.0291137695312,7823100,10.0,0.0
2006-09-27 00:00:00+09:00,717.5028464147288,726.8453085852859,715.6343266100558,723.1083374023438,9179100,0.0,0.0
2006-09-28 00:00:00+09:00,730.5823258999964,732.4507772212474,724.9768350834398,728.7138061523438,7893000,0.0,0.0
2006-09-29 00:00:00+09:00,732.4514672345609,741.7940063476562,730.5830141531147,741.7940063476562,11145000,0.0,0.0
2006-10-02 00:00:00+09:00,745.5304974989232,767.9524673485148,745.5304974989232,760.4784545898438,28613400,0.0,0.0
2006-10-03 00:00:00+09:00,756.7415021828947,766.0839670553571,751.1360095741325,764.2155151367188,17982900,0.0,0.0
2006-10-04 00:00:00+09:00,764.2155292046898,766.0839811577234,749.2675030218727,756.7415161132812,16323900,0.0,0.0
2006-10-05 00:00:00+09:00,764.2154715278259,769.8209638167185,760.4784310509511,766.0839233398438,20716800,0.0,0.0
2006-10-06 00:00:00+09:00,767.9525244865781,769.821044921875,760.4785111718171,769.821044921875,10318800,0.0,0.0
2006-10-09 00:00:00+09:00,769.821044921875,769.821044921875,769.821044921875,769.821044921875,0,0.0,0.0
2006-10-10 00:00:00+09:00,766.0841768970292,777.2951651854074,764.2157244665943,767.9526977539062,15543900,0.0,0.0
2006-10-11 00:00:00+09:00,781.031817056867,788.5057599009656,779.1632971326383,782.9002685546875,27646200,0.0,0.0
2006-10-12 00:00:00+09:00,777.2950025253064,781.0320434570312,771.6895095541469,781.0320434570312,17994600,0.0,0.0
2006-10-13 00:00:00+09:00,782.9001905600627,792.24272082407,771.6892089843749,771.689208984375,21241500,0.0,0.0
2006-10-16 00:00:00+09:00,777.2950025253064,781.0320434570312,775.4265504858718,781.0320434570312,11296200,0.0,0.0
2006-10-17 00:00:00+09:00,775.426456105611,777.2949079176288,764.2154715278259,766.0839233398438,12216000,0.0,0.0
2006-10-18 00:00:00+09:00,756.741482423719,760.4784545898438,743.66197720265,760.4784545898438,25052100,0.0,0.0
2006-10-19 00:00:00+09:00,766.0839811577234,766.0839811577234,751.136023401331,756.7415161132812,16279500,0.0,0.0
2006-10-20 00:00:00+09:00,751.1362144993008,760.4786819205775,749.2676936444685,758.6102294921875,16708500,0.0,0.0
2006-10-23 00:00:00+09:00,756.741459000496,769.8209638167185,754.8729387620587,766.0839233398438,16821600,0.0,0.0
2006-10-24 00:00:00+09:00,769.8212186107834,775.4267127549725,766.0841768970292,767.9526977539062,19060200,0.0,0.0
2006-10-25 00:00:00+09:00,771.6894395146396,773.5579598109127,760.4784545898438,760.4784545898438,22384500,0.0,0.0
2006-10-26 00:00:00+09:00,773.5581319826018,784.7691194026396,771.68961127045,777.2951049804688,27110100,0.0,0.0
2006-10-27 00:00:00+09:00,790.3744974140964,801.5854831930197,788.5059769754669,797.8485107421875,43375800,0.0,0.0
2006-10-30 00:00:00+09:00,784.7687102981444,792.24272082407,771.6892089843749,771.689208984375,35616900,0.0,0.0
2006-10-31 00:00:00+09:00,782.9001394503629,788.5056298722661,773.5576782226562,773.5576782226562,26325900,0.0,0.0
2006-11-01 00:00:00+09:00,767.9522379346128,775.4262484605383,758.6097760970067,771.689208984375,22398600,0.0,0.0
2006-11-02 00:00:00+09:00,769.8211589847349,777.2951049804688,762.3471445625642,777.2951049804688,23381400,0.0,0.0
2006-11-03 00:00:00+09:00,777.2951049804688,777.2951049804688,777.2951049804688,777.2951049804688,0,0.0,0.0
2006-11-06 00:00:00+09:00,764.215343018033,790.3742798251942,762.3468230938043,782.9002685546875,17803200,0.0,0.0
2006-11-07 00:00:00+09:00,794.1111555938097,801.5851659640459,790.3741846218915,795.9796752929688,24691800,0.0,0.0
2006-11-08 00:00:00+09:00,797.8486497131277,810.9280897824578,790.3746350831971,799.7171020507812,37226400,0.0,0.0
2006-11-09 00:00:00+09:00,794.1112650298345,805.3222479169682,792.242813499585,803.4537963867188,19781100,0.0,0.0
2006-11-10 00:00:00+09:00,795.9799432416335,801.5854357996731,788.5059303554395,790.3744506835938,22776000,0.0,0.0
2006-11-13 00:00:00+09:00,788.5056649227324,795.9796752929688,782.9001742516552,795.9796752929688,19309500,0.0,0.0
2006-11-14 00:00:00+09:00,801.5853841073267,803.4539043149845,790.3743997142172,792.242919921875,22698000,0.0,0.0
2006-11-15 00:00:00+09:00,799.7167585479519,801.5852785094578,792.2428155547474,794.1112670898438,17774700,0.0,0.0
2006-11-16 00:00:00+09:00,794.1112617196569,795.9797816685268,781.0318273567941,784.768798828125,15592500,0.0,0.0
2006-11-17 00:00:00+09:00,788.5059641889349,795.9799773958263,781.0320194084692,786.6375122070312,15164400,0.0,0.0
2006-11-20 00:00:00+09:00,779.1634281560663,782.9004002065215,762.3469512893886,766.0839233398438,14664300,0.0,0.0
2006-11-21 00:00:00+09:00,771.6894969307452,773.5580173660421,762.347031607114,769.821044921875,13144200,0.0,0.0
2006-11-22 00:00:00+09:00,767.9526977539062,771.6896710412183,762.3472036097172,767.9526977539062,13895100,0.0,0.0
2006-11-23 00:00:00+09:00,767.9526977539062,767.9526977539062,767.9526977539062,767.9526977539062,0,0.0,0.0
2006-11-24 00:00:00+09:00,753.0047353541329,758.6102294921874,747.3992412160785,758.6102294921875,17315700,0.0,0.0
2006-11-27 00:00:00+09:00,739.9253274120769,754.8732910156249,734.31983250744,754.873291015625,20406000,0.0,0.0
2006-11-28 00:00:00+09:00,736.1885102503854,741.7940063476562,730.5830141531147,741.7940063476562,23714700,0.0,0.0
2006-11-29 00:00:00+09:00,747.3990042187762,753.004496579351,745.5304839564445,749.2674560546875,15592500,0.0,0.0
2006-11-30 00:00:00+09:00,762.3469512893886,766.0839233398438,758.6099792389333,766.0839233398438,17580300,0.0,0.0
2006-12-01 00:00:00+09:00,762.3470088252316,766.0839811577234,753.0045437807894,756.7415161132812,18593100,0.0,0.0
2006-12-04 00:00:00+09:00,758.610333681213,758.610333681213,739.9253278459821,745.5308227539062,22015800,0.0,0.0
2006-12-05 00:00:00+09:00,751.1359385163101,753.0044586846092,739.9249543593503,743.6619262695312,20239800,0.0,0.0
2006-12-06 00:00:00+09:00,747.3990141800757,753.0045066153602,741.7935217447912,751.135986328125,20586900,0.0,0.0
2006-12-07 00:00:00+09:00,753.0047353541329,766.084176058632,753.0047353541329,758.6102294921875,23694300,0.0,0.0
2006-12-08 00:00:00+09:00,749.2674696650479,762.3469748861169,749.2674696650479,760.4784545898438,35675100,0.0,0.0
2006-12-11 00:00:00+09:00,766.083668184653,779.1631686445596,766.083668184653,773.5576782226562,21077100,0.0,0.0
2006-12-12 00:00:00+09:00,782.9002788792551,784.768798828125,775.4263359365932,784.768798828125,20458500,0.0,0.0
2006-12-13 00:00:00+09:00,779.1632971326383,788.5057599009656,777.2947772084096,782.9002685546875,18274800,0.0,0.0
2006-12-14 00:00:00+09:00,784.768798828125,786.637318776995,781.0318273567941,784.768798828125,16676100,0.0,0.0
2006-12-15 00:00:00+09:00,794.1112670898439,799.7167585479519,790.3742955932415,794.1112670898438,20565000,0.0,0.0
2006-12-18 00:00:00+09:00,803.454293381185,816.5337358891474,799.7172511562374,814.665283203125,19436700,0.0,0.0
2006-12-19 00:00:00+09:00,812.7964719136556,818.4019648234049,805.3224585585141,807.1909790039062,20730600,0.0,0.0
2006-12-20 00:00:00+09:00,822.1388749200526,829.6128877082131,816.5333824355375,825.8759155273438,22345500,0.0,0.0
2006-12-21 00:00:00+09:00,831.4816546403822,842.6926429347404,827.7446129246347,835.2186279296875,17126400,0.0,0.0
2006-12-22 00:00:00+09:00,829.613009607147,853.9035034179686,829.613009607147,853.9035034179688,23420700,0.0,0.0
2006-12-25 00:00:00+09:00,855.772052657918,866.9830405461284,855.772052657918,859.5090942382812,15456300,0.0,0.0
2006-12-26 00:00:00+09:00,868.3236013959197,870.1989845043352,851.4447413386356,858.9464111328125,12083100,5.666667,0.0
2006-12-27 00:00:00+09:00,866.4481565946402,881.4515649842449,864.5727047908429,868.3236083984375,10315800,0.0,0.0
2006-12-28 00:00:00+09:00,883.3267857478215,887.0776196941017,866.4479299692008,877.7005004882812,16241100,0.0,0.0
2006-12-29 00:00:00+09:00,879.5757286825456,888.9528455097045,877.7002778450247,881.4511108398438,6061200,0.0,0.0
2007-01-04 00:00:00+09:00,892.7040204667828,894.5794720227206,883.326900047592,888.9531860351562,11022000,0.0,0.0
2007-01-05 00:00:00+09:00,888.953245771239,890.8286974532039,853.3200758954298,862.697265625,23974200,0.0,0.0
2007-01-09 00:00:00+09:00,860.8218698635061,881.4515649842449,851.4447482050354,868.3236083984375,24765600,0.0,0.0
2007-01-10 00:00:00+09:00,868.3232529463298,870.1986353021728,842.0672131622293,845.818115234375,20559000,0.0,0.0
2007-01-11 00:00:00+09:00,847.6937622455868,860.8217862362893,845.8183793042373,849.5692138671875,20165100,0.0,0.0
2007-01-12 00:00:00+09:00,855.1953902223901,870.1987952276144,853.3199388416461,864.572509765625,20028300,0.0,0.0
2007-01-15 00:00:00+09:00,875.8251467602383,888.953170055315,873.9497639182615,879.5760498046875,16274700,0.0,0.0
2007-01-16 00:00:00+09:00,881.4514326466644,887.0777185330904,875.8251467602383,879.5760498046875,10845000,0.0,0.0
2007-01-17 00:00:00+09:00,875.8250527114253,877.7005040322581,864.5724821469091,872.07421875,22164900,0.0,0.0
2007-01-18 00:00:00+09:00,875.82516250409,890.828637591094,873.9497796284012,888.9531860351562,23766000,0.0,0.0
2007-01-19 00:00:00+09:00,896.4554975196706,907.7080766990795,896.4554975196706,902.081787109375,31945200,0.0,0.0
2007-01-22 00:00:00+09:00,905.8317306806457,909.5825638149004,894.5791625976562,894.5791625976562,19309200,0.0,0.0
2007-01-23 00:00:00+09:00,890.8285286876635,905.8319332602583,890.8285286876635,903.9564819335938,13155300,0.0,0.0
2007-01-24 00:00:00+09:00,905.8316612945744,920.8350613625686,900.205377684049,917.084228515625,21601800,0.0,0.0
2007-01-25 00:00:00+09:00,920.83552917621,922.7109808925807,894.5795485482946,898.3303833007812,18426600,0.0,0.0
2007-01-26 00:00:00+09:00,898.3303064543471,903.9565924419114,881.4514484916542,888.9531860351562,24591000,0.0,0.0
2007-01-29 00:00:00+09:00,881.4514484916542,898.3303064543471,875.82516250409,888.9531860351562,18475200,0.0,0.0
2007-01-30 00:00:00+09:00,894.5800447630048,909.5834607754524,890.8292079299662,902.081787109375,23001000,0.0,0.0
2007-01-31 00:00:00+09:00,905.8319572154617,905.8319572154617,887.0776494935701,890.8285522460938,18405300,0.0,0.0
2007-02-01 00:00:00+09:00,890.8285803229614,896.4548659488322,883.3268432617189,883.3268432617188,21249000,0.0,0.0
2007-02-02 00:00:00+09:00,887.0773946721837,892.7036785045236,877.7002778450247,881.4511108398438,25664100,0.0,0.0
2007-02-05 00:00:00+09:00,873.9498102269919,873.9498102269919,849.5692138671875,849.5692138671875,28195500,0.0,0.0
2007-02-06 00:00:00+09:00,866.447998046875,873.9497352090942,860.8217123452719,866.447998046875,27597600,0.0,0.0
2007-02-07 00:00:00+09:00,868.3236083984375,870.1989915219768,857.0710349361694,868.3236083984375,24597000,0.0,0.0
2007-02-08 00:00:00+09:00,879.5760090712198,894.5794145134605,879.5760090712198,883.3268432617188,32200500,0.0,0.0
2007-02-09 00:00:00+09:00,892.7040038193863,911.4583129882812,885.2023350960264,911.4583129882812,32387700,0.0,0.0
2007-02-13 00:00:00+09:00,911.4579449050997,924.5859628897321,903.9562105309926,917.084228515625,24068400,0.0,0.0
2007-02-14 00:00:00+09:00,915.2090454101562,926.4616159220853,913.3336627783281,915.2090454101562,21130500,0.0,0.0
2007-02-15 00:00:00+09:00,909.5828494521202,913.3337524445,892.7039920271515,896.4548950195312,30989700,0.0,0.0
2007-02-16 00:00:00+09:00,879.5759311233643,883.3267649814651,872.0741947269241,873.9496459960938,30892800,0.0,0.0
2007-02-19 00:00:00+09:00,879.576045682908,888.9531658895935,875.825142656036,885.2023315429688,11206500,0.0,0.0
2007-02-20 00:00:00+09:00,885.2022370610816,887.0776196941017,875.8250491750211,877.7005004882812,11553000,0.0,0.0
2007-02-21 00:00:00+09:00,870.1988322878619,875.825117989465,860.8217123452719,866.447998046875,18480000,0.0,0.0
2007-02-22 00:00:00+09:00,868.3234495074911,875.825117989465,866.447998046875,866.447998046875,16764000,0.0,0.0
2007-02-23 00:00:00+09:00,868.3234125271129,870.1987952276144,860.8216756843796,864.572509765625,14026200,0.0,0.0
2007-02-26 00:00:00+09:00,864.5724583304841,883.3267649814651,864.5724583304841,873.9496459960938,18419700,0.0,0.0
2007-02-27 00:00:00+09:00,875.8251383716,879.5760413801231,864.5725667065249,870.1988525390625,15770400,0.0,0.0
2007-02-28 00:00:00+09:00,813.9359787366928,838.3165731075076,812.0605959483387,828.939453125,34059000,0.0,0.0
2007-03-01 00:00:00+09:00,828.9396522468024,828.9396522468024,806.4345039385659,812.060791015625,31686300,0.0,0.0
2007-03-02 00:00:00+09:00,802.6834884467283,804.5589401049593,797.057202152288,800.80810546875,32219100,0.0,0.0
2007-03-05 00:00:00+09:00,789.5552343872728,795.1815185546875,782.0534992706442,795.1815185546875,69588000,0.0,0.0
2007-03-06 00:00:00+09:00,789.5553394017793,802.6832917516741,789.5553394017793,797.0570068359375,41576700,0.0,0.0
2007-03-07 00:00:00+09:00,812.060607577253,813.9359903924632,789.5554643527587,791.4308471679688,22658400,0.0,0.0
2007-03-08 00:00:00+09:00,793.3062629699708,810.1851196289064,787.6799774169923,810.1851196289062,20518800,0.0,0.0
2007-03-09 00:00:00+09:00,817.6868810382767,819.5622638251731,802.6834066616324,808.3096923828125,38127900,0.0,0.0
2007-03-12 00:00:00+09:00,813.9359781039929,819.5622638251731,800.808023874736,808.3096923828125,26534400,0.0,0.0
2007-03-13 00:00:00+09:00,802.6830837215441,804.5585344341439,793.305967518981,798.9322509765625,21679500,0.0,0.0
2007-03-14 00:00:00+09:00,780.1782674806724,780.1782674806724,765.1748617130476,770.8011474609375,29989200,0.0,0.0
2007-03-15 00:00:00+09:00,774.5517106652884,795.1814636413176,772.6763285258107,778.3026123046875,23299200,0.0,0.0
2007-03-16 00:00:00+09:00,774.5519613146867,778.3028641678992,761.4240073691755,767.05029296875,31081800,0.0,0.0
2007-03-19 00:00:00+09:00,768.9255948747528,780.1781648908723,765.1747610961253,774.5518798828125,22773000,0.0,0.0
2007-03-20 00:00:00+09:00,793.3064310603928,793.3064310603928,778.3030226335211,780.1784057617188,25571700,0.0,0.0
2007-03-22 00:00:00+09:00,793.3062168666294,797.0570507905525,783.9290977167018,787.679931640625,20756400,0.0,0.0
2007-03-23 00:00:00+09:00,797.057202152288,802.6834884467283,793.3063675160787,800.80810546875,22547100,0.0,0.0
2007-03-26 00:00:00+09:00,804.5585344341439,806.4339851467437,791.4305168063812,798.9322509765625,15599100,0.0,0.0
2007-03-27 00:00:00+09:00,795.1639121967022,798.9325076554184,787.6268592876728,791.3953857421875,19252200,6.666667,0.0
2007-03-28 00:00:00+09:00,785.7426204251208,789.5111471619686,766.8998487324687,772.5526733398438,27911700,0.0,0.0
2007-03-29 00:00:00+09:00,766.8997802734375,772.5526043762004,763.1312538729957,766.8997802734375,30325500,0.0,0.0
2007-03-30 00:00:00+09:00,783.8583635557742,787.6269594939521,774.43701171875,774.43701171875,27055500,0.0,0.0
2007-04-02 00:00:00+09:00,781.9739948981006,791.3953450520833,759.3626993251839,763.1312255859375,29260200,0.0,0.0
2007-04-03 00:00:00+09:00,772.5523989161859,785.7423413161728,765.0153481197781,781.9738159179688,33838500,0.0,0.0
2007-04-04 00:00:00+09:00,798.9324827593404,804.5853067670616,793.2796587516191,800.8167114257812,37007400,0.0,0.0
2007-04-05 00:00:00+09:00,795.1639121967022,798.9325076554184,787.6268592876728,791.3953857421875,18090900,0.0,0.0
2007-04-06 00:00:00+09:00,787.6270558719785,793.2798814667434,780.0899320775525,783.8584594726562,18074400,0.0,0.0
2007-04-09 00:00:00+09:00,789.5109252929688,793.2795199749697,783.8581022741547,789.5109252929688,21064500,0.0,0.0
2007-04-10 00:00:00+09:00,785.7426204251208,787.626918295648,766.8998487324687,772.5526733398438,30036900,0.0,0.0
2007-04-11 00:00:00+09:00,776.321302489761,780.0898293887867,765.0156527884742,768.7841796875,26974500,0.0,0.0
2007-04-12 00:00:00+09:00,768.7840494791666,768.7840494791666,757.4784016927083,763.1312255859375,21474000,0.0,0.0
2007-04-13 00:00:00+09:00,766.899922021064,766.899922021064,746.1729194813205,751.8257446289062,28284900,0.0,0.0
2007-04-16 00:00:00+09:00,759.3626993251839,772.5525757399201,757.4784016927083,763.1312255859375,20448000,0.0,0.0
2007-04-17 00:00:00+09:00,772.5525757399201,774.4368733723958,759.3626993251839,763.1312255859375,25822500,0.0,0.0
2007-04-18 00:00:00+09:00,765.0156198661482,776.3212690808981,759.3627952587732,772.5526733398438,30076800,0.0,0.0
2007-04-19 00:00:00+09:00,768.7841466029959,776.3212690808981,765.0156198661482,772.5526733398438,39468300,0.0,0.0
2007-04-20 00:00:00+09:00,776.3212817307354,780.0898085289898,766.8998612287879,770.66845703125,24600900,0.0,0.0
2007-04-23 00:00:00+09:00,772.5527539633118,787.6270004922618,770.6685249003534,776.3213500976562,34983600,0.0,0.0
2007-04-24 00:00:00+09:00,774.4369020785216,778.2054284789633,759.362727472554,766.8997802734375,27756000,0.0,0.0
2007-04-25 00:00:00+09:00,761.2470968734782,763.1313949240778,748.0572175319202,751.8257446289062,22864800,0.0,0.0
2007-04-26 00:00:00+09:00,757.4786233391636,772.5528017972434,744.2886740607074,765.0157470703125,32925300,0.0,0.0
2007-04-27 00:00:00+09:00,772.5525595261892,785.7425046683029,772.5525595261892,778.2053833007812,35663700,0.0,0.0
2007-05-01 00:00:00+09:00,774.4369020785216,774.4369020785216,765.0155515753169,766.8997802734375,26913000,0.0,0.0
2007-05-02 00:00:00+09:00,761.2471923828125,765.0157889568361,755.594366525999,761.2471923828125,31876200,0.0,0.0
2007-05-07 00:00:00+09:00,774.43701171875,778.2055386527176,772.552713749661,774.43701171875,21759600,0.0,0.0
2007-05-08 00:00:00+09:00,766.8998612287879,772.5526859282734,765.0156323317646,770.66845703125,16692000,0.0,0.0
2007-05-09 00:00:00+09:00,766.8999762499362,772.5528017972434,765.0157470703125,765.0157470703125,17461800,0.0,0.0
2007-05-10 00:00:00+09:00,765.0157889568361,766.9000182396261,759.3629631000226,761.2471923828125,18617400,0.0,0.0
2007-05-11 00:00:00+09:00,755.5941365068121,763.1312583561746,755.5941365068121,759.3627319335938,15081900,0.0,0.0
2007-05-14 00:00:00+09:00,772.5527065865257,772.5527065865257,768.7841796875,768.7841796875,14969100,0.0,0.0
2007-05-15 00:00:00+09:00,780.0897261812845,781.9740238836056,766.8997802734375,766.8997802734375,20961000,0.0,0.0
2007-05-16 00:00:00+09:00,781.9739784866404,781.9739784866404,776.3211547120483,778.2053833007812,16056900,0.0,0.0
2007-05-17 00:00:00+09:00,787.6266385173658,789.5108667143767,781.9738159179689,781.9738159179688,15805500,0.0,0.0
2007-05-18 00:00:00+09:00,787.6270558719785,789.511285067421,776.3214046824488,783.8584594726562,11271600,0.0,0.0
2007-05-21 00:00:00+09:00,787.6269737845273,791.3955007868705,778.2055527723521,785.74267578125,18254700,0.0,0.0
2007-05-22 00:00:00+09:00,787.6268022612325,787.6268022612325,776.3211547120483,778.2053833007812,13784100,0.0,0.0
2007-05-23 00:00:00+09:00,783.8582070753733,785.7425046683029,778.2053833007812,778.2053833007812,15093600,0.0,0.0
2007-05-24 00:00:00+09:00,785.7425615583147,795.1639121967022,783.8582638289566,791.3953857421875,24425100,0.0,0.0
2007-05-25 00:00:00+09:00,783.8583777779726,785.7426757812499,780.0898507756294,785.74267578125,14594100,0.0,0.0
2007-05-28 00:00:00+09:00,797.0482099260603,798.9325076554184,791.3953857421875,791.3953857421875,12157200,0.0,0.0
2007-05-29 00:00:00+09:00,797.0482994057403,798.9325973466368,795.1640014648438,795.1640014648438,10258200,0.0,0.0
2007-05-30 00:00:00+09:00,787.6266969561556,789.5109252929688,781.9738739373415,789.5109252929688,16258500,0.0,0.0
2007-05-31 00:00:00+09:00,795.1641962267253,806.4698486328124,793.2799668285281,806.4698486328125,18265800,0.0,0.0
2007-06-01 00:00:00+09:00,806.4696119791811,814.0067343729249,806.4696119791811,812.1224365234375,20288700,0.0,0.0
2007-06-04 00:00:00+09:00,808.3536787633517,810.2379760742188,806.4693814524846,810.2379760742188,15647700,0.0,0.0
2007-06-05 00:00:00+09:00,804.5851531458037,810.2379760742188,802.7008558349366,810.2379760742188,11904000,0.0,0.0
2007-06-06 00:00:00+09:00,804.5856192346153,808.3541470352357,800.8170224297688,806.4698486328125,11506800,0.0,0.0
2007-06-07 00:00:00+09:00,797.0484946291484,810.2384454376589,795.1641962267253,806.4698486328125,14278800,0.0,0.0
2007-06-08 00:00:00+09:00,785.7427576723173,787.6270558719785,781.9742302772137,783.8584594726562,36213300,0.0,0.0
2007-06-11 00:00:00+09:00,791.3953610809789,802.7010090964214,789.5110634103387,800.8167114257812,11683800,0.0,0.0
2007-06-12 00:00:00+09:00,789.5111766463633,795.1640014648438,787.626947709676,795.1640014648438,15312900,0.0,0.0
2007-06-13 00:00:00+09:00,791.3952524035399,802.7008988664476,783.8581317602047,798.932373046875,17594400,0.0,0.0
2007-06-14 00:00:00+09:00,808.3540375440815,812.1225648342568,804.5855102539064,804.5855102539062,15121200,0.0,0.0
2007-06-15 00:00:00+09:00,819.6593627929688,821.5436601915904,817.775065394347,819.6593627929688,14962500,0.0,0.0
2007-06-18 00:00:00+09:00,827.1965819279727,830.9651081699748,823.4279866817731,829.080810546875,15708600,0.0,0.0
2007-06-19 00:00:00+09:00,830.9652780068888,836.6181030273438,829.0809799986665,836.6181030273438,14550900,0.0,0.0
2007-06-20 00:00:00+09:00,834.7336753526157,838.5022707836512,830.9651489257811,830.9651489257812,14414400,0.0,0.0
2007-06-21 00:00:00+09:00,827.1965819279727,830.9651081699748,825.312284304873,829.080810546875,11202600,0.0,0.0
2007-06-22 00:00:00+09:00,827.1965819279727,830.9651081699748,825.312284304873,829.080810546875,10336800,0.0,0.0
2007-06-25 00:00:00+09:00,825.3124255616223,838.5023731724576,825.3124255616223,832.8495483398438,16233000,0.0,0.0
2007-06-26 00:00:00+09:00,832.849365234375,836.6350904841879,830.956571927322,832.849365234375,10919400,6.666667,0.0
2007-06-27 00:00:00+09:00,823.3854496025682,823.3854496025682,815.8140660404941,819.5997924804688,12049500,0.0,0.0
2007-06-28 00:00:00+09:00,838.5278640633027,840.420726643676,836.6350708007811,836.6350708007812,17832000,0.0,0.0
2007-06-29 00:00:00+09:00,840.42103515625,855.5637334044576,838.5281718810201,851.778076171875,23940000,0.0,0.0
2007-07-02 00:00:00+09:00,851.7779217884774,861.2420978135057,847.9922652420391,859.3493041992188,16461600,0.0,0.0
2007-07-03 00:00:00+09:00,865.0279541015625,870.7064744363257,863.1350908840163,865.0279541015625,25515300,0.0,0.0
2007-07-04 00:00:00+09:00,868.8133859840044,870.7062487108369,859.3492109855558,861.2420043945312,11709300,0.0,0.0
2007-07-05 00:00:00+09:00,863.1350583574736,868.8135784782463,855.5636750904855,866.9207153320312,20734800,0.0,0.0
2007-07-06 00:00:00+09:00,865.0277298481964,866.9205232571718,857.4563482587232,861.2420043945312,11697300,0.0,0.0
2007-07-09 00:00:00+09:00,866.9206665270618,868.8135295667146,863.1350097656249,863.135009765625,9180600,0.0,0.0
2007-07-10 00:00:00+09:00,865.0281109998213,865.0281109998213,847.9925469056316,857.4567260742188,11756400,0.0,0.0
2007-07-11 00:00:00+09:00,842.3140126641715,847.992533942092,838.5282856003,846.0996704101562,14326800,0.0,0.0
2007-07-12 00:00:00+09:00,838.527882670811,849.8849197693676,838.527882670811,847.9921264648438,14568300,0.0,0.0
2007-07-13 00:00:00+09:00,865.0276377243886,868.8132934570314,861.241912673896,868.8132934570312,32012400,0.0,0.0
2007-07-17 00:00:00+09:00,857.4566451204457,859.3495085026102,853.670987673998,855.5637817382812,12361800,0.0,0.0
2007-07-18 00:00:00+09:00,849.8850708007812,853.6707967182896,842.3137576014958,849.8850708007812,13822500,0.0,0.0
2007-07-19 00:00:00+09:00,842.3140126641715,849.8853281561411,840.4211491322358,846.0996704101562,11533800,0.0,0.0
2007-07-20 00:00:00+09:00,861.2420043945312,865.0277298481964,857.4563482587232,861.2420043945312,19376700,0.0,0.0
2007-07-23 00:00:00+09:00,842.3135666514834,846.099222392929,840.4207041218356,844.2063598632812,14799000,0.0,0.0
2007-07-24 00:00:00+09:00,849.885212896645,851.778076171875,847.9924189392924,851.778076171875,12243900,0.0,0.0
2007-07-25 00:00:00+09:00,832.8496420807652,838.5281625252201,830.9568481445312,830.9568481445312,16951200,0.0,0.0
2007-07-26 00:00:00+09:00,846.099245066944,847.9921076473173,836.6350708007811,836.6350708007812,20141100,0.0,0.0
2007-07-27 00:00:00+09:00,815.8137817382812,819.599506858972,806.3496075722568,815.8137817382812,25826400,0.0,0.0
2007-07-30 00:00:00+09:00,802.5642042048067,815.8140383412215,800.6713410490877,812.0283813476562,19790400,0.0,0.0
2007-07-31 00:00:00+09:00,812.0280360865951,813.9208984375,808.2423807026287,813.9208984375,18687600,0.0,0.0
2007-08-01 00:00:00+09:00,821.4920635855107,825.2777876162527,798.7779966723829,802.563720703125,20910000,0.0,0.0
2007-08-02 00:00:00+09:00,800.6711241358475,802.563986778763,776.0641870493619,789.3140869140625,30402300,0.0,0.0
2007-08-03 00:00:00+09:00,789.3140755319257,794.9925940609323,783.6355570029191,793.0997314453125,14197800,0.0,0.0
2007-08-06 00:00:00+09:00,783.6355683031699,800.6711241358475,781.7427056602544,789.3140869140625,24819000,0.0,0.0
2007-08-07 00:00:00+09:00,798.7782823484795,800.6711450408163,791.2069702148438,791.2069702148438,21852000,0.0,0.0
2007-08-08 00:00:00+09:00,787.4210923454414,793.0996100049465,779.849781677996,783.6354370117188,24358200,0.0,0.0
2007-08-09 00:00:00+09:00,781.7427690645164,789.3141509324113,777.9571127894989,779.8499755859375,28445400,0.0,0.0
2007-08-10 00:00:00+09:00,745.7787254488004,755.2428990730906,743.8858629968036,753.3500366210938,34403700,0.0,0.0
2007-08-13 00:00:00+09:00,760.9215203576197,764.7071764574267,757.1358642578125,757.1358642578125,16920900,0.0,0.0
2007-08-14 00:00:00+09:00,760.9215902423235,766.6001095724902,757.1359337948335,762.814453125,10566900,0.0,0.0
2007-08-15 00:00:00+09:00,747.6718063565786,751.4575327176719,738.2076290895931,741.9932861328125,17774100,0.0,0.0
2007-08-16 00:00:00+09:00,704.1361897786458,719.2788804313789,700.3505344449231,715.4932250976562,39256200,0.0,0.0
2007-08-17 00:00:00+09:00,681.4223084524125,681.4223084524125,649.2440558814469,656.8153686523438,49612200,0.0,0.0
2007-08-20 00:00:00+09:00,704.1364210254866,709.8149405498856,679.5294799804688,679.5294799804688,41129700,0.0,0.0
2007-08-21 00:00:00+09:00,698.4582046065343,702.2438628263499,688.9940243980477,694.6725463867188,27081300,0.0,0.0
2007-08-22 00:00:00+09:00,692.7792877953899,694.6721504854822,681.4222502905475,687.1007690429688,19492500,0.0,0.0
2007-08-23 00:00:00+09:00,711.7079193488183,721.1720969907699,702.2436723889903,704.1365356445312,21702300,0.0,0.0
2007-08-24 00:00:00+09:00,700.3506469726562,704.1363029146331,690.8864031409335,700.3506469726562,24832200,0.0,0.0
2007-08-27 00:00:00+09:00,719.2792686388889,721.1721319862826,713.6007479145874,717.386474609375,20131200,0.0,0.0
2007-08-28 00:00:00+09:00,711.7075697639335,723.064605082944,709.814707438151,715.4932250976562,11248200,0.0,0.0
2007-08-29 00:00:00+09:00,687.100967035061,698.4580078125,685.2081037995292,698.4580078125,29111100,0.0,0.0
2007-08-30 00:00:00+09:00,709.8149784275743,709.8149784275743,690.8865558968826,692.7794189453125,20328600,0.0,0.0
2007-08-31 00:00:00+09:00,706.0292613095766,723.0648193359375,698.4578790807952,723.0648193359375,26319600,0.0,0.0
2007-09-03 00:00:00+09:00,724.9575401353708,730.636058907496,717.3862279844412,726.8504028320312,16664400,0.0,0.0
2007-09-04 00:00:00+09:00,723.0649769426658,730.6362915039061,719.2792503441674,730.6362915039062,14472900,0.0,0.0
2007-09-05 00:00:00+09:00,741.9930753634558,743.885938006319,721.1718635633779,724.95751953125,18514500,0.0,0.0
2007-09-06 00:00:00+09:00,711.7080014421656,721.1721801757812,706.0294803384193,721.1721801757812,20934900,0.0,0.0
2007-09-07 00:00:00+09:00,713.6003627718736,726.8502604166666,707.9218451123684,715.4932250976562,20512200,0.0,0.0
2007-09-10 00:00:00+09:00,692.7792149674824,715.493287589367,687.1006968120113,706.0291137695312,27111300,0.0,0.0
2007-09-11 00:00:00+09:00,700.3506469726562,707.92195885661,694.672128400764,700.3506469726562,19174500,0.0,0.0
2007-09-12 00:00:00+09:00,711.7076841164406,713.6004774285022,700.3506469726562,700.3506469726562,17262000,0.0,0.0
2007-09-13 00:00:00+09:00,707.9218558573804,715.4932359575885,704.1362004661981,711.7075805664062,20806200,0.0,0.0
2007-09-14 00:00:00+09:00,713.6005025911203,734.421784300817,711.707709212316,726.8504028320312,39764100,0.0,0.0
2007-09-18 00:00:00+09:00,704.1362004661981,713.6003736030756,702.2433381116853,711.7075805664062,17942400,0.0,0.0
2007-09-19 00:00:00+09:00,734.4219644576665,736.3147583007812,728.7434442925759,736.3147583007812,18400200,0.0,0.0
2007-09-20 00:00:00+09:00,738.2073264898255,741.9929819812608,721.1717728015988,732.52880859375,17762700,0.0,0.0
2007-09-21 00:00:00+09:00,704.1362402343749,717.3861388286053,700.3505846293866,709.8147583007812,33030000,0.0,0.0
2007-09-25 00:00:00+09:00,715.9080097806207,736.8521031657541,715.9080097806207,725.4280395507812,24690900,7.333333,0.0
2007-09-26 00:00:00+09:00,715.9077626292964,729.2357857609256,714.0037294418094,719.7157592773438,17336400,0.0,0.0
2007-09-27 00:00:00+09:00,738.755914363331,740.6598779073736,731.1398510063714,733.0438842773438,26673300,0.0,0.0
2007-09-28 00:00:00+09:00,733.0439732366187,736.8519705137569,731.1399397345805,734.9479370117188,18407400,0.0,0.0
2007-10-01 00:00:00+09:00,736.8519705137569,740.6599677908952,727.3319424574423,734.9479370117188,17283000,0.0,0.0
2007-10-02 00:00:00+09:00,752.084011956271,752.084011956271,738.7559869310471,744.468017578125,19530600,0.0,0.0
2007-10-03 00:00:00+09:00,740.6598572801231,750.179953642922,736.8518605711602,746.3718872070312,21042000,0.0,0.0
2007-10-04 00:00:00+09:00,748.2760480516974,757.7960763113142,742.5640171505395,752.0840454101562,18252300,0.0,0.0
2007-10-05 00:00:00+09:00,759.7000539103002,767.3161177933165,753.9880234297716,757.7960205078125,19082100,0.0,0.0
2007-10-09 00:00:00+09:00,761.6039299781588,774.9319518614227,761.6039299781588,765.4119262695312,20198700,0.0,0.0
2007-10-10 00:00:00+09:00,774.9320618495233,774.9320618495233,767.3160681858207,769.2200317382812,18815400,0.0,0.0
2007-10-11 00:00:00+09:00,771.1239691341624,782.54802793615,767.315972775807,776.8359985351562,17347800,0.0,0.0
2007-10-12 00:00:00+09:00,776.8362753040577,776.8362753040577,763.5081787109375,763.5081787109375,23378100,0.0,0.0
2007-10-15 00:00:00+09:00,769.219587772732,769.219587772732,748.2755126953125,748.2755126953125,17173200,0.0,0.0
2007-10-16 00:00:00+09:00,745.9912025083668,745.9912025083668,744.4680175781249,744.468017578125,14926800,0.0,0.0
2007-10-17 00:00:00+09:00,732.0919216221305,734.9479370117188,732.0919216221305,734.9479370117188,23011800,0.0,0.0
2007-10-18 00:00:00+09:00,738.7555541992188,753.9876037601557,734.9474895138127,738.7555541992188,19319700,0.0,0.0
2007-10-19 00:00:00+09:00,728.8548780589251,729.2356567382812,728.8548780589251,729.2356567382812,17586000,0.0,0.0
2007-10-22 00:00:00+09:00,704.4836967449128,717.8117197589934,696.8676337890624,714.0037231445312,19705500,0.0,0.0
2007-10-23 00:00:00+09:00,714.194153678636,719.7157592773438,714.194153678636,719.7157592773438,13335000,0.0,0.0
2007-10-24 00:00:00+09:00,721.0485894812774,721.0485894812774,719.7157592773438,719.7157592773438,20740800,0.0,0.0
2007-10-25 00:00:00+09:00,719.7155399691612,719.7155399691612,706.387451171875,706.387451171875,26628300,0.0,0.0
2007-10-26 00:00:00+09:00,706.3877005146192,769.2200317382812,706.3877005146192,769.2200317382812,42792600,0.0,0.0
2007-10-29 00:00:00+09:00,774.9320257000236,799.6841782697289,773.0280622363803,792.068115234375,34936200,0.0,0.0
2007-10-30 00:00:00+09:00,799.6842041015625,799.6842041015625,799.6842041015625,799.6842041015625,38572800,0.0,0.0
2007-10-31 00:00:00+09:00,792.0681183346082,822.5323008683372,790.1641548635126,818.7243041992188,27368400,0.0,0.0
2007-11-01 00:00:00+09:00,815.8682288310096,833.956298828125,815.8682288310096,833.956298828125,29092500,0.0,0.0
2007-11-02 00:00:00+09:00,831.4810416086033,831.4810416086033,801.588134765625,801.588134765625,32871900,0.0,0.0
2007-11-05 00:00:00+09:00,809.5848070610734,813.0120239257812,809.5848070610734,813.0120239257812,18433200,0.0,0.0
2007-11-06 00:00:00+09:00,813.0122646486841,813.0122646486841,786.3560791015625,786.3560791015625,24635700,0.0,0.0
2007-11-07 00:00:00+09:00,786.356295515379,786.356295515379,784.4523315429688,784.4523315429688,23082300,0.0,0.0
2007-11-08 00:00:00+09:00,784.4522490585899,784.4522490585899,761.6041259765624,761.6041259765625,32537100,0.0,0.0
2007-11-09 00:00:00+09:00,761.0324488263577,761.0324488263577,742.5635375976562,742.5635375976562,30652500,0.0,0.0
2007-11-12 00:00:00+09:00,742.5637657469481,742.5637657469481,715.9076538085938,715.9076538085938,32636700,0.0,0.0
2007-11-13 00:00:00+09:00,715.9078099118399,723.5238037109374,715.9078099118399,723.5238037109375,27224100,0.0,0.0
2007-11-14 00:00:00+09:00,723.5234349113862,738.7555541992188,723.5234349113862,738.7555541992188,24240300,0.0,0.0
2007-11-15 00:00:00+09:00,738.7557512644129,738.7557512644129,729.2356567382812,729.2356567382812,17594700,0.0,0.0
2007-11-16 00:00:00+09:00,729.2357857609256,729.2357857609256,719.7157592773438,719.7157592773438,17921100,0.0,0.0
2007-11-19 00:00:00+09:00,719.7160222691028,721.6200561523438,719.7160222691028,721.6200561523438,17052300,0.0,0.0
2007-11-20 00:00:00+09:00,721.6200561523438,721.6200561523438,721.6200561523438,721.6200561523438,26761500,0.0,0.0
2007-11-21 00:00:00+09:00,722.1909419762195,722.1909419762195,689.2515258789064,689.2515258789062,34316100,0.0,0.0
2007-11-22 00:00:00+09:00,689.251655993836,689.251655993836,679.7316284179688,679.7316284179688,25614600,0.0,0.0
2007-11-26 00:00:00+09:00,696.8678734121512,708.291936910711,691.1558416628712,693.0598754882812,23562900,0.0,0.0
2007-11-27 00:00:00+09:00,693.0597396389566,696.8677368164062,693.0597396389566,696.8677368164062,28452300,0.0,0.0
2007-11-28 00:00:00+09:00,696.8676214458393,696.8676214458393,687.3475952148438,687.3475952148438,26208900,0.0,0.0
2007-11-29 00:00:00+09:00,687.3474706785483,712.0995483398438,687.3474706785483,712.0995483398438,27780900,0.0,0.0
2007-11-30 00:00:00+09:00,708.4820161511243,715.9076538085938,708.4820161511243,715.9076538085938,32414400,0.0,0.0
2007-12-03 00:00:00+09:00,718.0020339433347,718.0020339433347,710.1956176757812,710.1956176757812,16340700,0.0,0.0
2007-12-04 00:00:00+09:00,710.1955163864742,710.1955163864742,706.387451171875,706.387451171875,13119000,0.0,0.0
2007-12-05 00:00:00+09:00,704.1027403542082,710.1956176757812,704.1027403542082,710.1956176757812,17382900,0.0,0.0
2007-12-06 00:00:00+09:00,710.1958176261892,727.3319091796875,710.1958176261892,727.3319091796875,17436000,0.0,0.0
2007-12-07 00:00:00+09:00,725.0469088406584,736.8517456054688,725.0469088406584,736.8517456054688,19385100,0.0,0.0
2007-12-10 00:00:00+09:00,734.3830502925808,738.7555541992188,734.3830502925808,738.7555541992188,16593600,0.0,0.0
2007-12-11 00:00:00+09:00,736.6613087475642,740.6597290039062,736.6613087475642,740.6597290039062,15885300,0.0,0.0
2007-12-12 00:00:00+09:00,718.0020428180695,731.1397094726562,718.0020428180695,731.1397094726562,21495000,0.0,0.0
2007-12-13 00:00:00+09:00,717.8117675781249,717.8117675781249,717.8117675781249,717.811767578125,17838900,0.0,0.0
2007-12-14 00:00:00+09:00,712.0995735264743,714.003606385808,704.4835815429688,704.4835815429688,41496600,0.0,0.0
2007-12-17 00:00:00+09:00,706.3877701564957,706.3877701564957,702.5797729492188,702.5797729492188,22596300,0.0,0.0
2007-12-18 00:00:00+09:00,687.347714393174,708.2918036236026,687.347714393174,702.5797729492188,23256300,0.0,0.0
2007-12-19 00:00:00+09:00,702.5797729492188,702.5797729492188,702.5797729492188,702.5797729492188,17323500,0.0,0.0
2007-12-20 00:00:00+09:00,696.8677368164062,696.8677368164062,696.8677368164062,696.8677368164062,18252300,0.0,0.0
2007-12-21 00:00:00+09:00,713.2421434455811,717.8117675781249,713.2421434455811,717.811767578125,18519000,0.0,0.0
2007-12-25 00:00:00+09:00,716.0883663481233,731.6013793945312,716.0883663481233,731.6013793945312,13126800,7.333333,0.0
2007-12-26 00:00:00+09:00,739.2620798204525,739.2620798204525,731.6013793945312,731.6013793945312,8280600,0.0,0.0
2007-12-27 00:00:00+09:00,726.0468664117985,726.0468664117985,723.940185546875,723.940185546875,11101800,0.0,0.0
2007-12-28 00:00:00+09:00,720.1099725974858,720.1099725974858,710.533995664233,718.1947631835938,9452100,0.0,0.0
2008-01-04 00:00:00+09:00,699.0429487621038,700.9581583658853,681.8062727367133,689.467041015625,20490000,0.0,0.0
2008-01-07 00:00:00+09:00,681.997768062303,683.7214355468749,681.997768062303,683.721435546875,24796500,0.0,0.0
2008-01-08 00:00:00+09:00,683.7214016384548,683.7214016384548,672.2302856445312,672.2302856445312,22897500,0.0,0.0
2008-01-09 00:00:00+09:00,672.2304224474676,672.2304224474676,666.48486328125,666.48486328125,44502900,0.0,0.0
2008-01-10 00:00:00+09:00,666.4847337975093,666.4847337975093,651.1632690429688,651.1632690429688,27767700,0.0,0.0
2008-01-11 00:00:00+09:00,653.4616362913316,653.4616362913316,653.0785522460938,653.0785522460938,26240100,0.0,0.0
2008-01-15 00:00:00+09:00,625.6914229575848,625.6914229575848,624.3507690429688,624.3507690429688,37055100,0.0,0.0
2008-01-16 00:00:00+09:00,595.6226582452518,601.3682146596311,589.8771018308727,593.70751953125,41739300,0.0,0.0
2008-01-17 00:00:00+09:00,593.707590915172,616.6898193359375,593.707590915172,616.6898193359375,33297300,0.0,0.0
2008-01-18 00:00:00+09:00,603.2836962544329,618.6051635742188,601.3684865383777,618.6051635742188,22677300,0.0,0.0
2008-01-21 00:00:00+09:00,601.3682146596311,607.1137710740104,593.70751953125,593.70751953125,24183300,0.0,0.0
2008-01-22 00:00:00+09:00,559.2341196048131,568.8100581998992,558.2765502929688,558.2765502929688,29538000,0.0,0.0
2008-01-23 00:00:00+09:00,586.6853303399203,586.6853303399203,576.4710083007812,576.4710083007812,29653800,0.0,0.0
2008-01-24 00:00:00+09:00,576.6625230149184,587.9620971679688,576.6625230149184,587.9620971679688,35677800,0.0,0.0
2008-01-25 00:00:00+09:00,587.9621345680378,626.265869140625,587.9621345680378,626.265869140625,28260300,0.0,0.0
2008-01-28 00:00:00+09:00,619.9458624751918,619.9458624751918,601.3685302734375,601.3685302734375,27920100,0.0,0.0
2008-01-29 00:00:00+09:00,601.3685312851144,624.3507690429688,601.3685312851144,624.3507690429688,25695900,0.0,0.0
2008-01-30 00:00:00+09:00,620.7608935492485,632.0116577148438,620.7608935492485,632.0116577148438,33939300,0.0,0.0
2008-01-31 00:00:00+09:00,633.8336145528893,635.8416137695312,633.8336145528893,635.8416137695312,52056600,0.0,0.0
2008-02-01 00:00:00+09:00,636.0331688133446,637.7568359375,636.0331688133446,637.7568359375,25458600,0.0,0.0
2008-02-04 00:00:00+09:00,637.9484130311425,656.9087524414062,637.9484130311425,656.9087524414062,18447600,0.0,0.0
2008-02-05 00:00:00+09:00,659.2070293219361,659.2070293219361,633.9265747070312,633.9265747070312,27253500,0.0,0.0
2008-02-06 00:00:00+09:00,633.9267792429526,633.9267792429526,612.8596801757812,612.8596801757812,35000100,0.0,0.0
2008-02-07 00:00:00+09:00,615.3494122199293,615.3494122199293,609.029296875,609.029296875,24672900,0.0,0.0
2008-02-08 00:00:00+09:00,606.4413856746708,606.4413856746708,605.1988525390625,605.1988525390625,32288400,0.0,0.0
2008-02-12 00:00:00+09:00,605.1988525390625,605.1988525390625,605.1988525390625,605.1988525390625,16466100,0.0,0.0
2008-02-13 00:00:00+09:00,613.6256627042957,613.6256627042957,599.4533081054688,599.4533081054688,22471800,0.0,0.0
2008-02-14 00:00:00+09:00,626.2660971901634,632.0116577148438,626.2660971901634,632.0116577148438,24478200,0.0,0.0
2008-02-15 00:00:00+09:00,630.0961303710938,633.9265488838796,625.9268137323004,630.0961303710938,24899400,0.0,0.0
2008-02-18 00:00:00+09:00,630.4792143040934,630.4792143040934,630.0961303710938,630.0961303710938,14758800,0.0,0.0
2008-02-19 00:00:00+09:00,647.3329929297462,653.0785522460938,647.3329929297462,653.0785522460938,20522700,0.0,0.0
2008-02-20 00:00:00+09:00,650.205506174989,650.205506174989,635.8416137695312,635.8416137695312,24026700,0.0,0.0
2008-02-21 00:00:00+09:00,635.8417690122302,647.3328857421875,635.8417690122302,647.3328857421875,21686700,0.0,0.0
2008-02-22 00:00:00+09:00,647.3331290685792,647.3331290685792,632.0116577148438,632.0116577148438,22934400,0.0,0.0
2008-02-25 00:00:00+09:00,632.011458598551,645.4177856445312,632.011458598551,645.4177856445312,20608800,0.0,0.0
2008-02-26 00:00:00+09:00,645.6091828371851,651.1632690429688,645.6091828371851,651.1632690429688,20483400,0.0,0.0
2008-02-27 00:00:00+09:00,651.1630359023965,658.82373046875,651.1630359023965,658.82373046875,23523600,0.0,0.0
2008-02-28 00:00:00+09:00,659.0153841836112,659.0153841836112,643.5023803710938,643.5023803710938,16811400,0.0,0.0
2008-02-29 00:00:00+09:00,623.0101852645764,624.3507690429688,623.0101852645764,624.3507690429688,22597800,0.0,0.0
2008-03-03 00:00:00+09:00,591.2179250953088,591.2179250953088,587.9620971679688,587.9620971679688,29789400,0.0,0.0
2008-03-04 00:00:00+09:00,590.2843826670336,593.70751953125,590.2843826670336,593.70751953125,24165900,0.0,0.0
2008-03-05 00:00:00+09:00,586.4299717288351,587.9620971679688,586.4299717288351,587.9620971679688,21711000,0.0,0.0
2008-03-06 00:00:00+09:00,587.9622034407759,597.5381469726562,587.9622034407759,597.5381469726562,16220100,0.0,0.0
2008-03-07 00:00:00+09:00,574.5557380690408,576.4709121732378,572.6405639648438,572.6405639648438,20400900,0.0,0.0
2008-03-10 00:00:00+09:00,572.6406386969168,578.3861968274273,566.8950805664062,566.8950805664062,28581300,0.0,0.0
2008-03-11 00:00:00+09:00,566.8951005146571,580.3013916015625,566.8951005146571,580.3013916015625,25475100,0.0,0.0
2008-03-12 00:00:00+09:00,580.3013647679902,587.9620971679688,580.3013647679902,587.9620971679688,24006900,0.0,0.0
2008-03-13 00:00:00+09:00,560.5750278616097,563.0647583007812,560.5750278616097,563.0647583007812,34497900,0.0,0.0
2008-03-14 00:00:00+09:00,563.0648323017849,563.0648323017849,538.1674194335938,538.1674194335938,65049000,0.0,0.0
2008-03-17 00:00:00+09:00,516.142578125,516.142578125,516.142578125,516.142578125,33329100,0.0,0.0
2008-03-18 00:00:00+09:00,514.4188952981864,514.4188952981864,503.6938781738281,503.6938781738281,36640500,0.0,0.0
2008-03-19 00:00:00+09:00,506.6407214453633,530.5067138671875,506.6407214453633,530.5067138671875,28242600,0.0,0.0
2008-03-21 00:00:00+09:00,530.5065136695514,550.615966796875,530.5065136695514,550.615966796875,30285600,0.0,0.0
2008-03-24 00:00:00+09:00,550.6159039127901,564.9797973632812,550.6159039127901,564.9797973632812,37640700,0.0,0.0
2008-03-25 00:00:00+09:00,564.9799691749188,589.8773803710938,564.9799691749188,589.8773803710938,32028300,0.0,0.0
2008-03-26 00:00:00+09:00,590.262939453125,590.262939453125,590.262939453125,590.262939453125,18077100,7.333333,0.0
2008-03-27 00:00:00+09:00,574.445695964277,575.7959594726562,574.445695964277,575.7959594726562,24375600,0.0,0.0
2008-03-28 00:00:00+09:00,575.7958399659393,577.7247924804688,575.7958399659393,577.7247924804688,25375500,0.0,0.0
2008-03-31 00:00:00+09:00,580.2377323429763,580.2377323429763,548.7901611328125,548.7901611328125,40705800,0.0,0.0
2008-04-01 00:00:00+09:00,548.790287136464,558.4351196289062,548.790287136464,558.4351196289062,25093800,0.0,0.0
2008-04-02 00:00:00+09:00,558.4352441891094,599.907958984375,558.4352441891094,599.907958984375,29015100,0.0,0.0
2008-04-03 00:00:00+09:00,601.2581012580416,601.2581012580416,594.1209106445312,594.1209106445312,30164100,0.0,0.0
2008-04-04 00:00:00+09:00,574.0599047111596,574.0599047111596,563.2576904296875,563.2576904296875,28199400,0.0,0.0
2008-04-07 00:00:00+09:00,563.2576313899398,572.9024658203125,563.2576313899398,572.9024658203125,25848300,0.0,0.0
2008-04-08 00:00:00+09:00,572.9024328115036,572.9024328115036,567.1155395507812,567.1155395507812,18529200,0.0,0.0
2008-04-09 00:00:00+09:00,568.6585437426744,568.6585437426744,552.6481323242188,552.6481323242188,19109400,0.0,0.0
2008-04-10 00:00:00+09:00,554.1914514107649,554.1914514107649,549.7548217773438,549.7548217773438,22453200,0.0,0.0
2008-04-11 00:00:00+09:00,550.1405695476459,559.3995971679688,550.1405695476459,559.3995971679688,23536800,0.0,0.0
2008-04-14 00:00:00+09:00,557.856575160011,557.856575160011,539.1456298828125,539.1456298828125,21389100,0.0,0.0
2008-04-15 00:00:00+09:00,539.9169336387554,544.9322509765625,539.9169336387554,544.9322509765625,15116400,0.0,0.0
2008-04-16 00:00:00+09:00,560.3640556648274,560.3640556648274,559.3995971679688,559.3995971679688,16329300,0.0,0.0
2008-04-17 00:00:00+09:00,591.6288737068415,591.6288737068415,582.54736328125,582.54736328125,35669400,0.0,0.0
2008-04-18 00:00:00+09:00,584.2831632778779,590.262939453125,584.2831632778779,590.262939453125,26311800,0.0,0.0
2008-04-21 00:00:00+09:00,630.1924982844172,642.344970703125,630.1924982844172,642.344970703125,44334000,0.0,0.0
2008-04-22 00:00:00+09:00,642.731072433486,642.731072433486,624.984619140625,624.984619140625,31367100,0.0,0.0
2008-04-23 00:00:00+09:00,622.4326384720656,622.4326384720656,613.410888671875,613.410888671875,20496300,0.0,0.0
2008-04-24 00:00:00+09:00,613.9891853689033,619.1973876953125,613.9891853689033,619.1973876953125,15473100,0.0,0.0
2008-04-25 00:00:00+09:00,643.3094290941954,643.3094290941954,642.344970703125,642.344970703125,26286900,0.0,0.0
2008-04-28 00:00:00+09:00,642.344980940483,661.6346435546875,642.344980940483,661.6346435546875,39444000,0.0,0.0
2008-04-30 00:00:00+09:00,661.6351045202464,661.6351045202464,636.5585327148438,636.5585327148438,27158700,0.0,0.0
2008-05-01 00:00:00+09:00,633.8580049108714,636.5585327148438,633.8580049108714,636.5585327148438,18483000,0.0,0.0
2008-05-02 00:00:00+09:00,661.6346435546875,661.6346435546875,661.6346435546875,661.6346435546875,19992300,0.0,0.0
2008-05-07 00:00:00+09:00,672.203256439825,672.203256439825,663.5635375976562,663.5635375976562,30627600,0.0,0.0
2008-05-08 00:00:00+09:00,663.563642203958,663.563642203958,644.2740478515625,644.2740478515625,22771200,0.0,0.0
2008-05-09 00:00:00+09:00,644.273940961982,644.273940961982,619.1973876953125,619.1973876953125,35315700,0.0,0.0
2008-05-12 00:00:00+09:00,619.1975705773414,619.1975705773414,611.481689453125,611.481689453125,28457100,0.0,0.0
2008-05-13 00:00:00+09:00,611.4815371454675,621.1264038085938,611.4815371454675,621.1264038085938,24174000,0.0,0.0
2008-05-14 00:00:00+09:00,621.1263637880005,640.4159545898438,621.1263637880005,640.4159545898438,27810000,0.0,0.0
2008-05-15 00:00:00+09:00,664.9140758313631,664.9140758313631,659.7058715820312,659.7058715820312,28621500,0.0,0.0
2008-05-16 00:00:00+09:00,661.4419438855401,671.2796630859375,661.4419438855401,671.2796630859375,24516900,0.0,0.0
2008-05-19 00:00:00+09:00,671.2794395414056,671.2794395414056,661.6346435546875,661.6346435546875,23347200,0.0,0.0
2008-05-20 00:00:00+09:00,662.9850877476431,662.9850877476431,659.7058715820312,659.7058715820312,16030500,0.0,0.0
2008-05-21 00:00:00+09:00,640.4161706438429,646.2030639648438,640.4161706438429,646.2030639648438,19273200,0.0,0.0
2008-05-22 00:00:00+09:00,646.2029094466474,648.1318969726562,646.2029094466474,648.1318969726562,19034100,0.0,0.0
2008-05-23 00:00:00+09:00,651.4111680928227,651.4111680928227,644.2740478515625,644.2740478515625,16488000,0.0,0.0
2008-05-26 00:00:00+09:00,644.8528890569229,644.8528890569229,623.0555419921875,623.0555419921875,15265200,0.0,0.0
2008-05-27 00:00:00+09:00,623.0557524133474,636.5585327148438,623.0557524133474,636.5585327148438,14471700,0.0,0.0
2008-05-28 00:00:00+09:00,640.6091764713283,640.6091764713283,628.8424682617186,628.8424682617188,17270700,0.0,0.0
2008-05-29 00:00:00+09:00,628.8422336348798,648.1318969726562,628.8422336348798,648.1318969726562,18996300,0.0,0.0
2008-05-30 00:00:00+09:00,647.746122302363,680.9242553710939,647.746122302363,680.9242553710938,36834900,0.0,0.0
2008-06-02 00:00:00+09:00,680.9244382303715,696.356201171875,680.9244382303715,696.356201171875,30321300,0.0,0.0
2008-06-03 00:00:00+09:00,696.3560653503744,696.3560653503744,673.20849609375,673.20849609375,26705400,0.0,0.0
2008-06-04 00:00:00+09:00,673.2086963621417,731.07763671875,673.2086963621417,731.07763671875,54058200,0.0,0.0
2008-06-05 00:00:00+09:00,734.9354858398438,734.9354858398438,734.9354858398438,734.9354858398438,49480500,0.0,0.0
2008-06-06 00:00:00+09:00,734.9352817020801,744.5800781249999,734.9352817020801,744.580078125,29509800,0.0,0.0
2008-06-09 00:00:00+09:00,719.5036010742188,719.5036010742188,719.5036010742188,719.5036010742188,31119600,0.0,0.0
2008-06-10 00:00:00+09:00,719.5038126917858,719.5038126917858,713.7169189453125,713.7169189453125,26612100,0.0,0.0
2008-06-11 00:00:00+09:00,713.7168128316207,733.0064086914062,713.7168128316207,733.0064086914062,31621200,0.0,0.0
2008-06-12 00:00:00+09:00,734.7424654536189,734.7424654536189,717.57470703125,717.57470703125,29989200,0.0,0.0
2008-06-13 00:00:00+09:00,718.1533485889435,740.7222290039062,718.1533485889435,740.7222290039062,70363500,0.0,0.0
2008-06-16 00:00:00+09:00,741.1083311954685,742.6515502929689,741.1083311954685,742.6515502929688,32828700,0.0,0.0
2008-06-17 00:00:00+09:00,742.2652457053108,742.2652457053108,729.1483154296875,729.1483154296875,23319000,0.0,0.0
2008-06-18 00:00:00+09:00,729.1482354034578,738.7930297851561,729.1482354034578,738.7930297851562,26949300,0.0,0.0
2008-06-19 00:00:00+09:00,738.7934114195018,738.7934114195018,713.7169189453125,713.7169189453125,30865800,0.0,0.0
2008-06-20 00:00:00+09:00,713.9097355118927,713.9097355118927,707.9299926757811,707.9299926757812,23979000,0.0,0.0
2008-06-23 00:00:00+09:00,703.879167239349,707.9299926757811,703.879167239349,707.9299926757812,22291800,0.0,0.0
2008-06-24 00:00:00+09:00,707.7371456799784,727.2196655273438,707.7371456799784,727.2196655273438,35412600,0.0,0.0
2008-06-25 00:00:00+09:00,727.6074912800201,743.1297607421875,727.6074912800201,743.1297607421875,47126100,7.333333,0.0
2008-06-26 00:00:00+09:00,743.1297521937669,743.1297521937669,727.6074829101562,727.6074829101562,31724100,0.0,0.0
2008-06-27 00:00:00+09:00,702.3840326740134,708.2048950195312,702.3840326740134,708.2048950195312,38873700,0.0,0.0
2008-06-30 00:00:00+09:00,708.2045804214076,708.2045804214076,700.4434814453125,700.4434814453125,21342300,0.0,0.0
2008-07-01 00:00:00+09:00,700.4436045492272,706.2644653320312,700.4436045492272,706.2644653320312,29459400,0.0,0.0
2008-07-02 00:00:00+09:00,706.2643438891322,706.2643438891322,698.503173828125,698.503173828125,29770800,0.0,0.0
2008-07-03 00:00:00+09:00,698.5029928819405,698.5029928819405,696.5626831054689,696.5626831054688,31230600,0.0,0.0
2008-07-04 00:00:00+09:00,696.5629200451182,696.5629200451182,694.6226806640624,694.6226806640625,23625900,0.0,0.0
2008-07-07 00:00:00+09:00,694.6226216855326,700.4434814453125,694.6226216855326,700.4434814453125,13346100,0.0,0.0
2008-07-08 00:00:00+09:00,690.3540261259783,694.6226806640624,690.3540261259783,694.6226806640625,19701000,0.0,0.0
2008-07-09 00:00:00+09:00,694.6226216855326,700.4434814453125,694.6226216855326,700.4434814453125,24770700,0.0,0.0
2008-07-10 00:00:00+09:00,700.8316382496043,706.2644653320312,700.8316382496043,706.2644653320312,18215400,0.0,0.0
2008-07-11 00:00:00+09:00,706.2643438891322,706.2643438891322,698.503173828125,698.503173828125,25310700,0.0,0.0
2008-07-14 00:00:00+09:00,698.5034836205668,698.5034836205668,684.9214477539062,684.9214477539062,23229000,0.0,0.0
2008-07-15 00:00:00+09:00,667.4587333665062,667.4587333665062,665.5184936523439,665.5184936523438,25820100,0.0,0.0
2008-07-16 00:00:00+09:00,665.5185546580286,665.5185546580286,659.6976928710938,659.6976928710938,27004800,0.0,0.0
2008-07-17 00:00:00+09:00,659.6976928710938,659.6976928710938,659.6976928710938,659.6976928710938,21475500,0.0,0.0
2008-07-18 00:00:00+09:00,659.6976355329613,663.5781860351562,659.6976355329613,663.5781860351562,22422300,0.0,0.0
2008-07-22 00:00:00+09:00,679.1002842033158,700.4434841072311,673.2794244214148,698.503173828125,27523800,0.0,0.0
2008-07-23 00:00:00+09:00,721.7865550508553,721.7865550508553,717.906005859375,717.906005859375,25768800,0.0,0.0
2008-07-24 00:00:00+09:00,737.3088377294538,745.0700073242188,737.3088377294538,745.0700073242188,27911700,0.0,0.0
2008-07-25 00:00:00+09:00,745.0702467550644,745.0702467550644,729.5479736328125,729.5479736328125,23158800,0.0,0.0
2008-07-28 00:00:00+09:00,704.3243438076688,708.2048950195312,704.3243438076688,708.2048950195312,28246800,0.0,0.0
2008-07-29 00:00:00+09:00,681.8169110357887,692.6824951171875,681.8169110357887,692.6824951171875,28388400,0.0,0.0
2008-07-30 00:00:00+09:00,692.682559559241,692.682559559241,679.1005249023436,679.1005249023438,29733600,0.0,0.0
2008-07-31 00:00:00+09:00,679.1003345824695,679.1003345824695,677.1600952148438,677.1600952148438,35553300,0.0,0.0
2008-08-01 00:00:00+09:00,677.7423065788851,677.7423065788851,675.2199096679688,675.2199096679688,22748700,0.0,0.0
2008-08-04 00:00:00+09:00,675.2197728889364,675.2197728889364,636.4140625000001,636.4140625,37255500,0.0,0.0
2008-08-05 00:00:00+09:00,636.4140641898389,642.2349243164062,636.4140641898389,642.2349243164062,22373400,0.0,0.0
2008-08-06 00:00:00+09:00,642.2350552472419,667.458740234375,642.2350552472419,667.458740234375,25695300,0.0,0.0
2008-08-07 00:00:00+09:00,672.5390617941267,672.5390617941267,667.458740234375,667.458740234375,25097400,0.0,0.0
2008-08-08 00:00:00+09:00,675.4140264661696,675.4140264661696,673.2796630859375,673.2796630859375,28931700,0.0,0.0
2008-08-11 00:00:00+09:00,706.2644683358407,706.2644683358407,704.3241577148439,704.3241577148438,21432600,0.0,0.0
2008-08-12 00:00:00+09:00,704.3240389393156,723.7269287109375,704.3240389393156,723.7269287109375,33017400,0.0,0.0
2008-08-13 00:00:00+09:00,723.1448454099798,723.1448454099798,721.78662109375,721.78662109375,31892100,0.0,0.0
2008-08-14 00:00:00+09:00,721.7865550508553,721.7865550508553,717.906005859375,717.906005859375,28814100,0.0,0.0
2008-08-15 00:00:00+09:00,717.9060734898269,727.6074829101562,717.9060734898269,727.6074829101562,21156000,0.0,0.0
2008-08-18 00:00:00+09:00,738.8611642583938,738.8611642583938,723.7269287109375,723.7269287109375,21864900,0.0,0.0
2008-08-19 00:00:00+09:00,723.7270476804433,723.7270476804433,706.2644653320312,706.2644653320312,21629700,0.0,0.0
2008-08-20 00:00:00+09:00,706.264401172089,706.264401172089,694.6226806640624,694.6226806640625,15003600,0.0,0.0
2008-08-21 00:00:00+09:00,694.6229323967133,694.6229323967133,684.9214477539062,684.9214477539062,16582200,0.0,0.0
2008-08-22 00:00:00+09:00,685.3094289653039,685.3094289653039,667.458740234375,667.458740234375,23981700,0.0,0.0
2008-08-25 00:00:00+09:00,667.458391735388,696.5626831054689,667.458391735388,696.5626831054688,20790000,0.0,0.0
2008-08-26 00:00:00+09:00,696.5628609018479,700.4434814453125,696.5628609018479,700.4434814453125,16691400,0.0,0.0
2008-08-27 00:00:00+09:00,688.2199837968582,688.2199837968582,684.9214477539062,684.9214477539062,18846300,0.0,0.0
2008-08-28 00:00:00+09:00,685.1152471551235,685.1152471551235,677.1600952148438,677.1600952148438,16639200,0.0,0.0
2008-08-29 00:00:00+09:00,690.5480784862531,694.6226806640624,690.5480784862531,694.6226806640625,34602900,0.0,0.0
2008-09-01 00:00:00+09:00,694.6228636536897,694.6228636536897,671.3394165039061,671.3394165039062,22122600,0.0,0.0
2008-09-02 00:00:00+09:00,671.3393569923205,671.3393569923205,651.9364624023438,651.9364624023438,32107200,0.0,0.0
2008-09-03 00:00:00+09:00,651.9365847125291,684.9214477539062,651.9365847125291,684.9214477539062,34576500,0.0,0.0
2008-09-04 00:00:00+09:00,684.9212617581302,706.2644653320312,684.9212617581302,706.2644653320312,44147700,0.0,0.0
2008-09-05 00:00:00+09:00,695.0106579589844,698.503173828125,695.0106579589844,698.503173828125,41584500,0.0,0.0
2008-09-08 00:00:00+09:00,698.503481462151,708.2048950195312,698.503481462151,708.2048950195312,22588800,0.0,0.0
2008-09-09 00:00:00+09:00,708.2047638915377,708.2047638915377,682.9810791015626,682.9810791015625,29841900,0.0,0.0
2008-09-10 00:00:00+09:00,698.5032969072831,704.3241577148439,694.6227467207193,704.3241577148438,39477900,0.0,0.0
2008-09-11 00:00:00+09:00,704.3244011909799,704.3244011909799,688.8021240234375,688.8021240234375,28741500,0.0,0.0
2008-09-12 00:00:00+09:00,675.2199096679688,675.2199096679688,675.2199096679688,675.2199096679688,57894300,0.0,0.0
2008-09-16 00:00:00+09:00,675.4139598823352,675.4139598823352,651.9364624023438,651.9364624023438,41015400,0.0,0.0
2008-09-17 00:00:00+09:00,641.6528383037495,642.2349243164062,641.6528383037495,642.2349243164062,33330900,0.0,0.0
2008-09-18 00:00:00+09:00,642.2350433309317,642.2350433309317,613.1307373046875,613.1307373046875,30256800,0.0,0.0
2008-09-19 00:00:00+09:00,613.1305700029405,646.1154174804688,613.1305700029405,646.1154174804688,35225100,0.0,0.0
2008-09-22 00:00:00+09:00,646.5036985701441,679.1005249023436,646.5036985701441,679.1005249023438,30091800,0.0,0.0
2008-09-24 00:00:00+09:00,679.100455873221,679.100455873221,665.5184936523439,665.5184936523438,33593700,0.0,0.0
2008-09-25 00:00:00+09:00,665.9092026430707,665.9092026430707,644.4282836914062,644.4282836914062,28988100,7.333333,0.0
2008-09-26 00:00:00+09:00,644.4279253591965,652.2391967773438,644.4279253591965,652.2391967773438,34848600,0.0,0.0
2008-09-29 00:00:00+09:00,652.2393683546893,652.2393683546893,626.8527832031251,626.852783203125,23055000,0.0,0.0
2008-09-30 00:00:00+09:00,627.2433562375533,627.2433562375533,603.4190673828125,603.4190673828125,32927700,0.0,0.0
2008-10-01 00:00:00+09:00,603.4190667382138,613.18310546875,603.4190667382138,613.18310546875,22222800,0.0,0.0
2008-10-02 00:00:00+09:00,613.1831011619568,613.1831011619568,585.84375,585.84375,39009600,0.0,0.0
2008-10-03 00:00:00+09:00,584.0861234473173,584.0861234473173,553.6222534179688,553.6222534179688,45882900,0.0,0.0
2008-10-06 00:00:00+09:00,553.622392667875,553.622392667875,528.23583984375,528.23583984375,60981600,0.0,0.0
2008-10-07 00:00:00+09:00,497.9672568243656,501.8728942871094,497.9672568243656,501.8728942871094,45328500,0.0,0.0
2008-10-08 00:00:00+09:00,501.87271249226484,501.87271249226484,450.1231689453125,450.1231689453125,52685100,0.0,0.0
2008-10-09 00:00:00+09:00,463.01180587108405,463.01180587108405,452.07608032226557,452.0760803222656,70804800,0.0,0.0
2008-10-10 00:00:00+09:00,452.4666788666559,452.4666788666559,412.04345703125006,412.04345703125,52274100,0.0,0.0
2008-10-14 00:00:00+09:00,483.12567343512774,485.2737426757812,483.12567343512774,485.27374267578125,55547100,0.0,0.0
2008-10-15 00:00:00+09:00,486.83610843731344,486.83610843731344,459.88729858398443,459.8872985839844,42264900,0.0,0.0
2008-10-16 00:00:00+09:00,459.8872676335328,459.8872676335328,413.019775390625,413.019775390625,52633800,0.0,0.0
2008-10-17 00:00:00+09:00,413.01978600608464,434.50073242187494,413.01978600608464,434.500732421875,40812900,0.0,0.0
2008-10-20 00:00:00+09:00,434.50069548599913,445.24114990234375,434.50069548599913,445.24114990234375,35675400,0.0,0.0
2008-10-21 00:00:00+09:00,475.50964355468744,475.50964355468744,475.50964355468744,475.5096435546875,43188900,0.0,0.0
2008-10-22 00:00:00+09:00,475.5097777603371,475.5097777603371,441.33554077148443,441.3355407714844,34563300,0.0,0.0
2008-10-23 00:00:00+09:00,441.3356467670514,441.3356467670514,412.04345703125006,412.04345703125,43375200,0.0,0.0
2008-10-24 00:00:00+09:00,412.04343045285475,412.04343045285475,388.60968017578125,388.60968017578125,47763300,0.0,0.0
2008-10-27 00:00:00+09:00,388.60952435930983,388.60952435930983,353.8494873046875,353.8494873046875,35363100,0.0,0.0
2008-10-28 00:00:00+09:00,403.2557067871094,403.2557067871094,403.2557067871094,403.2557067871094,27288900,0.0,0.0
2008-10-29 00:00:00+09:00,403.64639417670566,476.4862976074219,403.64639417670566,476.4862976074219,69282300,0.0,0.0
2008-10-30 00:00:00+09:00,538.9762573242188,538.9762573242188,538.9762573242188,538.9762573242188,55411500,0.0,0.0
2008-10-31 00:00:00+09:00,541.1243415749865,541.1243415749865,468.6749877929688,468.67498779296875,41577900,0.0,0.0
2008-11-04 00:00:00+09:00,469.0655044307252,472.58056640625,469.0655044307252,472.58056640625,43379100,0.0,0.0
2008-11-05 00:00:00+09:00,474.3381919329325,536.0470581054688,474.3381919329325,536.0470581054688,44643300,0.0,0.0
2008-11-06 00:00:00+09:00,536.6328207859848,536.6328207859848,483.321044921875,483.321044921875,31434000,0.0,0.0
2008-11-07 00:00:00+09:00,483.3210145615033,483.3210145615033,441.33554077148443,441.3355407714844,52416600,0.0,0.0
2008-11-10 00:00:00+09:00,441.3355008210835,461.84002685546875,441.3355008210835,461.84002685546875,32516400,0.0,0.0
2008-11-11 00:00:00+09:00,462.4259032152494,462.4259032152494,437.429931640625,437.429931640625,30284100,0.0,0.0
2008-11-12 00:00:00+09:00,437.4300272162248,437.4300272162248,418.8782958984375,418.8782958984375,34877700,0.0,0.0
2008-11-13 00:00:00+09:00,418.8782072891733,418.8782072891733,399.35009765625,399.35009765625,29336400,0.0,0.0
2008-11-14 00:00:00+09:00,399.3501986504478,412.04345703125006,399.3501986504478,412.04345703125,900,0.0,0.0
2008-11-17 00:00:00+09:00,412.0434399903967,418.8782958984375,412.0434399903967,418.8782958984375,25613100,0.0,0.0
2008-11-18 00:00:00+09:00,418.878216283122,418.878216283122,403.2557067871094,403.2557067871094,29448300,0.0,0.0
2008-11-19 00:00:00+09:00,403.2556981285996,403.2556981285996,399.35009765625,399.35009765625,300,0.0,0.0
2008-11-20 00:00:00+09:00,399.3502380613298,399.3502380613298,372.20611572265625,372.20611572265625,38427900,0.0,0.0
2008-11-21 00:00:00+09:00,372.20597255124505,380.6030883789062,372.20597255124505,380.60308837890625,32898000,0.0,0.0
2008-11-25 00:00:00+09:00,380.6031616075041,408.1378173828125,380.6031616075041,408.1378173828125,32104200,0.0,0.0
2008-11-26 00:00:00+09:00,408.33292536540483,408.33292536540483,400.3263854980468,400.3263854980469,3000,0.0,0.0
2008-11-27 00:00:00+09:00,400.32657754300374,400.32657754300374,394.4681396484375,394.4681396484375,2700,0.0,0.0
2008-11-28 00:00:00+09:00,394.468114263626,407.1614074707031,394.468114263626,407.1614074707031,25794600,0.0,0.0
2008-12-01 00:00:00+09:00,407.1613622594763,407.1613622594763,395.4444885253906,395.4444885253906,900,0.0,0.0
2008-12-02 00:00:00+09:00,395.44449433620633,395.44449433620633,368.30041503906256,368.3004150390625,41676000,0.0,0.0
2008-12-03 00:00:00+09:00,368.3004214897136,368.3004214897136,350.9203796386719,350.9203796386719,67674900,0.0,0.0
2008-12-04 00:00:00+09:00,350.92040785899513,350.92040785899513,329.0489196777344,329.0489196777344,900,0.0,0.0
2008-12-05 00:00:00+09:00,329.0489390738403,329.0489390738403,322.7999267578125,322.7999267578125,38854800,0.0,0.0
2008-12-08 00:00:00+09:00,322.7998270201854,339.0081787109375,322.7998270201854,339.0081787109375,29636100,0.0,0.0
2008-12-09 00:00:00+09:00,339.0082412444782,360.29388427734375,339.0082412444782,360.29388427734375,40531800,0.0,0.0
2008-12-10 00:00:00+09:00,360.29394029753786,397.3973693847657,360.29394029753786,397.3973693847656,900,0.0,0.0
2008-12-11 00:00:00+09:00,428.64242553710943,428.64242553710943,428.64242553710943,428.6424255371094,6000,0.0,0.0
2008-12-12 00:00:00+09:00,372.9870930541247,375.1351623535156,372.9870930541247,375.1351623535156,300,0.0,0.0
2008-12-15 00:00:00+09:00,368.8862942749728,407.1614074707031,368.8862942749728,407.1614074707031,42548400,0.0,0.0
2008-12-16 00:00:00+09:00,385.28991699218756,385.28991699218756,385.28991699218756,385.2899169921875,54183300,0.0,0.0
2008-12-17 00:00:00+09:00,385.28997467272956,385.28997467272956,369.2768859863281,369.2768859863281,60093900,0.0,0.0
2008-12-18 00:00:00+09:00,369.2769643417088,369.2769643417088,356.3883972167968,356.3883972167969,48130500,0.0,0.0
2008-12-19 00:00:00+09:00,356.7788054450117,356.7788054450117,352.87316894531256,352.8731689453125,39054900,0.0,0.0
2008-12-22 00:00:00+09:00,352.87322767328203,372.0108032226562,352.87322767328203,372.01080322265625,38628300,0.0,0.0
2008-12-24 00:00:00+09:00,373.1824404504741,373.1824404504741,350.9203796386719,350.9203796386719,28790700,0.0,0.0
2008-12-25 00:00:00+09:00,357.99369594301083,363.4952697753907,357.99369594301083,363.4952697753906,13756500,3.666667,0.0
2008-12-26 00:00:00+09:00,367.8180646957106,370.1758728027344,367.8180646957106,370.1758728027344,12673200,0.0,0.0
2008-12-29 00:00:00+09:00,361.13759044877855,369.9793701171875,361.13759044877855,369.9793701171875,22635600,0.0,0.0
2008-12-30 00:00:00+09:00,365.4602225452026,376.4633380121129,364.67429857517084,374.49847412109375,10763700,0.0,0.0
2009-01-05 00:00:00+09:00,392.5749531178007,392.9679330312688,383.73317489442684,384.7156066894531,15287400,0.0,0.0
2009-01-06 00:00:00+09:00,388.84177738905294,391.19958496093744,388.84177738905294,391.1995849609375,28708800,0.0,0.0
2009-01-07 00:00:00+09:00,442.87476102100896,442.87476102100896,434.22949218749994,434.2294921875,56218500,0.0,0.0
2009-01-08 00:00:00+09:00,434.2296946836023,434.2296946836023,421.4582214355468,421.4582214355469,41578200,0.0,0.0
2009-01-09 00:00:00+09:00,421.8512214818511,421.8512214818511,408.686767578125,408.686767578125,26586900,0.0,0.0
2009-01-13 00:00:00+09:00,410.2584477947224,410.2584477947224,380.7858581542969,380.7858581542969,58415700,0.0,0.0
2009-01-14 00:00:00+09:00,380.7857880591319,382.1611633300781,380.7857880591319,382.1611633300781,27858000,0.0,0.0
2009-01-15 00:00:00+09:00,382.16142179479897,382.16142179479897,365.853271484375,365.853271484375,38447700,0.0,0.0
2009-01-16 00:00:00+09:00,365.85304185653297,394.93264770507807,365.85304185653297,394.9326477050781,42207900,0.0,0.0
2009-01-19 00:00:00+09:00,394.9327310828183,410.65145874023443,394.9327310828183,410.6514587402344,64387500,0.0,0.0
2009-01-20 00:00:00+09:00,410.6515771860021,418.51092529296875,410.6515771860021,418.51092529296875,44394900,0.0,0.0
2009-01-21 00:00:00+09:00,418.5109393442277,418.5109393442277,409.6691589355468,409.6691589355469,100006800,0.0,0.0
2009-01-22 00:00:00+09:00,409.6689937114405,409.6689937114405,395.9151306152344,395.9151306152344,47637300,0.0,0.0
2009-01-23 00:00:00+09:00,395.91515802058086,395.91515802058086,389.03820800781256,389.0382080078125,38073300,0.0,0.0
2009-01-26 00:00:00+09:00,389.0382667824074,389.0382667824074,381.96484375,381.96484375,21949200,0.0,0.0
2009-01-27 00:00:00+09:00,417.5284729003907,417.5284729003907,417.5284729003907,417.5284729003906,40608000,0.0,0.0
2009-01-28 00:00:00+09:00,417.5285937524721,431.2825012207031,417.5285937524721,431.2825012207031,54704100,0.0,0.0
2009-01-29 00:00:00+09:00,431.28239248131257,447.98352050781256,431.28239248131257,447.9835205078125,50406300,0.0,0.0
2009-01-30 00:00:00+09:00,406.7217407226562,406.7217407226562,406.7217407226562,406.72174072265625,40136100,0.0,0.0
2009-02-02 00:00:00+09:00,406.72189797666664,406.72189797666664,402.7922058105469,402.7922058105469,39235500,0.0,0.0
2009-02-03 00:00:00+09:00,414.1100546604653,414.1100546604653,404.7568969726563,404.75689697265625,27612300,0.0,0.0
2009-02-04 00:00:00+09:00,404.7568197812911,430.2997131347657,404.7568197812911,430.2997131347656,38757900,0.0,0.0
2009-02-05 00:00:00+09:00,430.2997769910337,430.2997769910337,426.37008666992193,426.3700866699219,31535400,0.0,0.0
2009-02-06 00:00:00+09:00,426.3701891997401,443.07135009765625,426.3701891997401,443.07135009765625,45102600,0.0,0.0
2009-02-09 00:00:00+09:00,443.0712238311725,444.0536193847656,443.0712238311725,444.0536193847656,37219500,0.0,0.0
2009-02-10 00:00:00+09:00,442.0892050810652,468.6145573859291,442.0892050810652,451.9134216308594,28922400,0.0,0.0
2009-02-12 00:00:00+09:00,442.08883730267587,442.08883730267587,434.22949218749994,434.2294921875,31993500,0.0,0.0
2009-02-13 00:00:00+09:00,434.22960563210285,439.1416931152344,434.22960563210285,439.1416931152344,31716900,0.0,0.0
2009-02-16 00:00:00+09:00,439.14162921258077,439.14162921258077,432.2646789550782,432.2646789550781,19827000,0.0,0.0
2009-02-17 00:00:00+09:00,432.2647562587332,437.1768798828125,432.2647562587332,437.1768798828125,21943200,0.0,0.0
2009-02-18 00:00:00+09:00,437.373282796224,442.0888977050781,437.373282796224,442.0888977050781,36355200,0.0,0.0
2009-02-19 00:00:00+09:00,442.08898598187676,449.9483337402344,442.08898598187676,449.9483337402344,30716700,0.0,0.0
2009-02-20 00:00:00+09:00,449.9483784995786,449.9483784995786,441.1065979003906,441.1065979003906,30775800,0.0,0.0
2009-02-23 00:00:00+09:00,441.69606898539547,441.69606898539547,424.4054870605469,424.4054870605469,33417000,0.0,0.0
2009-02-24 00:00:00+09:00,424.40545817990846,435.2120666503906,424.40545817990846,435.2120666503906,38518200,0.0,0.0
2009-02-25 00:00:00+09:00,435.211986556284,470.57910156250006,435.211986556284,470.5791015625,68932800,0.0,0.0
2009-02-26 00:00:00+09:00,470.57902307520243,476.4735412597657,470.57902307520243,476.4735412597656,61752900,0.0,0.0
2009-02-27 00:00:00+09:00,469.5965576171875,469.5965576171875,469.5965576171875,469.5965576171875,59962500,0.0,0.0
2009-03-02 00:00:00+09:00,469.59683669849363,469.59683669849363,454.86053466796875,454.86053466796875,34481400,0.0,0.0
2009-03-03 00:00:00+09:00,454.8605550113864,454.8605550113864,448.9660339355469,448.9660339355469,41279400,0.0,0.0
2009-03-04 00:00:00+09:00,448.965954998052,448.965954998052,433.2472229003907,433.2472229003906,46975200,0.0,0.0
2009-03-05 00:00:00+09:00,433.24701645429536,444.0536193847656,433.24701645429536,444.0536193847656,43116300,0.0,0.0
2009-03-06 00:00:00+09:00,444.05370053329995,444.05370053329995,422.44049072265625,422.44049072265625,34092900,0.0,0.0
2009-03-09 00:00:00+09:00,422.4405955743341,422.4405955743341,413.5988159179687,413.59881591796875,35218500,0.0,0.0
2009-03-10 00:00:00+09:00,406.72193928416146,408.686767578125,406.72193928416146,408.686767578125,31989300,0.0,0.0
2009-03-11 00:00:00+09:00,426.5666190075869,434.22949218749994,426.5666190075869,434.2294921875,42087900,0.0,0.0
2009-03-12 00:00:00+09:00,434.2293831213284,434.2293831213284,405.73919677734375,405.73919677734375,45410400,0.0,0.0
2009-03-13 00:00:00+09:00,405.739541098254,436.194580078125,405.739541098254,436.194580078125,59157600,0.0,0.0
2009-03-16 00:00:00+09:00,437.56988566071544,441.1065979003906,437.56988566071544,441.1065979003906,24429900,0.0,0.0
2009-03-17 00:00:00+09:00,441.8922883983457,455.84262084960943,441.8922883983457,455.8426208496094,27066000,0.0,0.0
2009-03-18 00:00:00+09:00,451.9134216308594,451.9134216308594,451.9134216308594,451.9134216308594,20889000,0.0,0.0
2009-03-19 00:00:00+09:00,451.9131111199026,451.9131111199026,438.1592102050781,438.1592102050781,24594300,0.0,0.0
2009-03-23 00:00:00+09:00,438.1592330817578,446.01861572265625,438.1592330817578,446.01861572265625,27703800,0.0,0.0
2009-03-24 00:00:00+09:00,456.82516479492193,456.82516479492193,456.82516479492193,456.8251647949219,35040600,0.0,0.0
2009-03-25 00:00:00+09:00,458.20055669840707,458.7900085449219,458.20055669840707,458.7900085449219,26227800,0.0,0.0
2009-03-26 00:00:00+09:00,456.4242449457641,468.2538146972657,456.4242449457641,468.2538146972656,19565400,2.666667,0.0
2009-03-27 00:00:00+09:00,469.04244028106274,485.99816894531244,469.04244028106274,485.9981689453125,40766100,0.0,0.0
2009-03-30 00:00:00+09:00,485.9982732349874,485.9982732349874,453.4669494628906,453.4669494628906,37248600,0.0,0.0
2009-03-31 00:00:00+09:00,453.4665596672672,456.42395019531244,453.4665596672672,456.4239501953125,41040300,0.0,0.0
2009-04-01 00:00:00+09:00,456.42402082825265,486.9837036132813,456.42402082825265,486.98370361328125,48871200,0.0,0.0
2009-04-02 00:00:00+09:00,486.98396892729806,539.2312622070312,486.98396892729806,539.2312622070312,69028200,0.0,0.0
2009-04-03 00:00:00+09:00,558.7632650411958,558.7632650411958,548.1033325195312,548.1033325195312,60137700,0.0,0.0
2009-04-06 00:00:00+09:00,552.0464556205998,552.0464556205998,541.2026977539062,541.2026977539062,42481800,0.0,0.0
2009-04-07 00:00:00+09:00,541.7942581258355,553.0323486328125,541.7942581258355,553.0323486328125,42219300,0.0,0.0
2009-04-08 00:00:00+09:00,541.5970592061319,542.1885375976562,541.5970592061319,542.1885375976562,48503100,0.0,0.0
2009-04-09 00:00:00+09:00,550.2721293135081,550.2721293135081,549.0891723632812,549.0891723632812,32173800,0.0,0.0
2009-04-10 00:00:00+09:00,557.9612983545311,557.9612983545311,555.00390625,555.00390625,48964200,0.0,0.0
2009-04-13 00:00:00+09:00,557.1725559447068,557.961181640625,557.1725559447068,557.961181640625,15472800,0.0,0.0
2009-04-14 00:00:00+09:00,544.7515679031122,544.7515679031122,541.2026977539062,541.2026977539062,32607600,0.0,0.0
2009-04-15 00:00:00+09:00,541.2029686873515,541.2029686873515,537.259765625,537.259765625,28221900,0.0,0.0
2009-04-16 00:00:00+09:00,537.25960269887,537.25960269887,532.3306274414062,532.3306274414062,28466100,0.0,0.0
2009-04-17 00:00:00+09:00,532.3306370054394,556.9755859375,532.3306370054394,556.9755859375,26164500,0.0,0.0
2009-04-20 00:00:00+09:00,546.7231057926255,565.8475952148438,546.7231057926255,565.8475952148438,29307000,0.0,0.0
2009-04-21 00:00:00+09:00,540.3286185885278,540.3286185885278,538.2454833984375,538.2454833984375,29029200,0.0,0.0
2009-04-22 00:00:00+09:00,535.2880249023438,535.2880249023438,535.2880249023438,535.2880249023438,29615400,0.0,0.0
2009-04-23 00:00:00+09:00,536.6681442888737,544.1602172851562,536.6681442888737,544.1602172851562,32840400,0.0,0.0
2009-04-24 00:00:00+09:00,545.6838652838862,545.6838652838862,528.387451171875,528.387451171875,26244900,0.0,0.0
2009-04-27 00:00:00+09:00,529.8140593858495,529.8140593858495,525.4299926757812,525.4299926757812,23459100,0.0,0.0
2009-04-28 00:00:00+09:00,525.4300903779288,525.4300903779288,512.61474609375,512.61474609375,24877500,0.0,0.0
2009-04-30 00:00:00+09:00,512.6145417178644,560.9185791015625,512.6145417178644,560.9185791015625,46856400,0.0,0.0
2009-05-01 00:00:00+09:00,559.3412066308096,562.8900756835938,559.3412066308096,562.8900756835938,24756300,0.0,0.0
2009-05-07 00:00:00+09:00,600.1536516470078,601.3366088867188,600.1536516470078,601.3366088867188,40470600,0.0,0.0
2009-05-08 00:00:00+09:00,601.336330255162,601.336330255162,581.620361328125,581.620361328125,37525500,0.0,0.0
2009-05-11 00:00:00+09:00,581.817707939303,581.817707939303,571.7625732421875,571.7625732421875,22851000,0.0,0.0
2009-05-12 00:00:00+09:00,569.9613006469122,569.9613006469122,563.8759765625,563.8759765625,21336000,0.0,0.0
2009-05-13 00:00:00+09:00,562.2988923075543,562.2988923075543,556.9755859375,556.9755859375,22168500,0.0,0.0
2009-05-14 00:00:00+09:00,556.9757448357653,556.9757448357653,537.259765625,537.259765625,21683100,0.0,0.0
2009-05-15 00:00:00+09:00,537.6538633233265,545.1459350585938,537.6538633233265,545.1459350585938,21149700,0.0,0.0
2009-05-18 00:00:00+09:00,545.3431803084002,545.3431803084002,528.387451171875,528.387451171875,24109800,0.0,0.0
2009-05-19 00:00:00+09:00,528.3872137619626,533.3162231445312,528.3872137619626,533.3162231445312,28117500,0.0,0.0
2009-05-20 00:00:00+09:00,533.3162473397548,533.3162473397548,529.373046875,529.373046875,23203800,0.0,0.0
2009-05-21 00:00:00+09:00,529.372997392149,529.372997392149,521.4866333007812,521.4866333007812,29295600,0.0,0.0
2009-05-22 00:00:00+09:00,520.5011522469305,534.3023071289062,520.5011522469305,534.3023071289062,40931700,0.0,0.0
2009-05-25 00:00:00+09:00,532.9219164629889,532.9219164629889,529.373046875,529.373046875,20639100,0.0,0.0
2009-05-26 00:00:00+09:00,529.373046875,529.373046875,529.373046875,529.373046875,17327100,0.0,0.0
2009-05-27 00:00:00+09:00,529.3730290497493,536.2736206054688,529.3730290497493,536.2736206054688,19487400,0.0,0.0
2009-05-28 00:00:00+09:00,536.6681243858998,549.0891723632812,536.6681243858998,549.0891723632812,29685000,0.0,0.0
2009-05-29 00:00:00+09:00,550.4692350789973,550.4692350789973,542.1885375976562,542.1885375976562,24546000,0.0,0.0
2009-06-01 00:00:00+09:00,536.7534148095053,544.1602172851562,536.7534148095053,544.1602172851562,21199200,0.0,0.0
2009-06-02 00:00:00+09:00,544.3572049623394,555.9896240234375,544.3572049623394,555.9896240234375,22665300,0.0,0.0
2009-06-03 00:00:00+09:00,566.8334350585938,566.8334350585938,566.8334350585938,566.8334350585938,26453700,0.0,0.0
2009-06-04 00:00:00+09:00,566.8334799373486,566.8334799373486,559.9329223632812,559.9329223632812,14367900,0.0,0.0
2009-06-05 00:00:00+09:00,561.6461637818813,561.9043579101562,561.6461637818813,561.9043579101562,14361000,0.0,0.0
2009-06-08 00:00:00+09:00,578.2688680176792,578.2688680176792,570.7767944335938,570.7767944335938,23260200,0.0,0.0
2009-06-09 00:00:00+09:00,570.7764393227933,570.7764393227933,562.8900756835938,562.8900756835938,14013600,0.0,0.0
2009-06-10 00:00:00+09:00,565.4533915352724,568.8051147460938,565.4533915352724,568.8051147460938,12713100,0.0,0.0
2009-06-11 00:00:00+09:00,560.9185791015625,561.904388307689,558.9469967902801,560.9185791015625,13444200,0.0,0.0
2009-06-12 00:00:00+09:00,555.9897208202583,561.9045050843035,555.9897208202583,559.9329223632812,36910500,0.0,0.0
2009-06-15 00:00:00+09:00,549.0891720324474,551.060791015625,547.1175891502511,551.060791015625,14940600,0.0,0.0
2009-06-16 00:00:00+09:00,532.3306532294579,533.3164627690993,525.4300586539337,528.387451171875,23256600,0.0,0.0
2009-06-17 00:00:00+09:00,524.4442798754516,527.4016723632812,520.5010778580179,527.4016723632812,24039900,0.0,0.0
2009-06-18 00:00:00+09:00,506.69978529449,514.5861510547754,505.7139760365896,513.600341796875,22477200,0.0,0.0
2009-06-19 00:00:00+09:00,511.6289412225857,516.5579170619739,509.6573581070275,515.5721435546875,24125100,0.0,0.0
2009-06-22 00:00:00+09:00,509.6572265625,517.5435930902161,508.6714172086695,509.6572265625,26265000,0.0,0.0
2009-06-23 00:00:00+09:00,497.82767800801275,503.74246215820307,496.8418686159885,503.7424621582031,26198700,0.0,0.0
2009-06-24 00:00:00+09:00,500.78501504139416,509.6571902915312,500.78501504139416,505.7139892578125,19974300,0.0,0.0
2009-06-25 00:00:00+09:00,507.2963221958706,527.0739445181617,506.30742840488045,519.1629028320312,27029400,2.666667,0.0
2009-06-26 00:00:00+09:00,522.1295798865552,527.0739767156853,517.1851830574251,521.1406860351562,14057100,0.0,0.0
2009-06-29 00:00:00+09:00,525.0959163402691,527.0736666657273,510.2626983645553,515.2070922851562,17735700,0.0,0.0
2009-06-30 00:00:00+09:00,525.0958846220802,529.0514212479752,522.1292412061364,526.0847778320312,20004600,0.0,0.0
2009-07-01 00:00:00+09:00,526.0848690278624,533.9959074371071,523.1182250976562,523.1182250976562,18101700,0.0,0.0
2009-07-02 00:00:00+09:00,531.0295156091919,532.0184094600356,511.25189208984375,511.25189208984375,17875800,0.0,0.0
2009-07-03 00:00:00+09:00,507.29614507768105,518.173828125,501.36285683115847,518.173828125,21238500,0.0,0.0
2009-07-06 00:00:00+09:00,513.2294923649278,520.1516748534883,507.2962034358535,510.2628479003906,13754700,0.0,0.0
2009-07-07 00:00:00+09:00,508.28519252513075,511.2518375472348,498.39636371347456,500.3741149902344,18899700,0.0,0.0
2009-07-08 00:00:00+09:00,492.4630132708558,492.4630132708558,467.7409623807297,472.6853942871094,32944200,0.0,0.0
2009-07-09 00:00:00+09:00,456.8632505355343,464.7742904215522,454.8854996175103,459.82989501953125,36796800,0.0,0.0
2009-07-10 00:00:00+09:00,458.84103112966056,466.75210774125895,457.85217371365394,465.7632141113281,32965800,0.0,0.0
2009-07-13 00:00:00+09:00,467.740751596967,483.56286138220685,466.75189463245107,468.7296447753906,21593700,0.0,0.0
2009-07-14 00:00:00+09:00,484.5519717998367,484.5519717998367,470.7076059506913,481.5853271484375,22004700,0.0,0.0
2009-07-15 00:00:00+09:00,484.55215693906723,490.48544850887646,477.62997136964384,483.5632629394531,22281000,0.0,0.0
2009-07-16 00:00:00+09:00,497.4072554467064,499.38504208441645,488.50732421874994,488.50732421875,15562800,0.0,0.0
2009-07-17 00:00:00+09:00,491.4741194415747,495.4296577222419,489.4963684082031,489.4963684082031,13772700,0.0,0.0
2009-07-21 00:00:00+09:00,502.3518388176315,505.31848346377126,498.39630055147063,504.32958984375,14202900,0.0,0.0
2009-07-22 00:00:00+09:00,500.37414192897063,514.2185102534169,500.37414192897063,512.24072265625,15198300,0.0,0.0
2009-07-23 00:00:00+09:00,511.25168264666866,523.1182591397138,510.26278920094234,518.173828125,16030200,0.0,0.0
2009-07-24 00:00:00+09:00,530.0405564197371,531.0294501486788,523.1184089589278,528.0628051757812,14517900,0.0,0.0
2009-07-27 00:00:00+09:00,534.985075690178,544.8738697290502,531.0295363462687,542.8961181640625,22062600,0.0,0.0
2009-07-28 00:00:00+09:00,537.9514810572373,543.8847693181115,536.962587609119,541.906982421875,14870700,0.0,0.0
2009-07-29 00:00:00+09:00,533.9961222623666,547.8404541015625,533.9961222623666,547.8404541015625,15838800,0.0,0.0
2009-07-30 00:00:00+09:00,595.3064575195312,597.2842440195827,588.384313411082,595.3064575195312,70229100,0.0,0.0
2009-07-31 00:00:00+09:00,599.262235062151,607.173275598924,588.3845497973477,603.2177734375,31539600,0.0,0.0
2009-08-03 00:00:00+09:00,605.1956493901185,613.1067277731339,601.240110198611,607.1734008789062,19581600,0.0,0.0
2009-08-04 00:00:00+09:00,613.1068544003803,617.0623581949005,595.3069424692799,601.240234375,19772400,0.0,0.0
2009-08-05 00:00:00+09:00,603.2178078883663,605.1955590820313,593.3289794921875,593.3289794921875,16761000,0.0,0.0
2009-08-06 00:00:00+09:00,597.2845174347294,619.039925396759,597.2845174347294,615.0843505859375,26768100,0.0,0.0
2009-08-07 00:00:00+09:00,609.1508717294088,613.1064453125,597.2843320497137,613.1064453125,22691100,0.0,0.0
2009-08-10 00:00:00+09:00,628.9288307261244,638.8176246766802,626.9510429648665,634.8621215820312,22857600,0.0,0.0
2009-08-11 00:00:00+09:00,628.928713285006,630.9065006769478,615.0843463971208,617.0621337890625,17629500,0.0,0.0
2009-08-12 00:00:00+09:00,607.1735262807202,609.1512781779803,599.2624824777399,601.240234375,17873700,0.0,0.0
2009-08-13 00:00:00+09:00,611.1287881877469,613.1065753989312,609.1510009765625,609.1510009765625,11805300,0.0,0.0
2009-08-14 00:00:00+09:00,615.0843463971208,621.0176361450925,605.195554293119,617.0621337890625,20175300,0.0,0.0
2009-08-17 00:00:00+09:00,609.1510614693613,611.1288488769532,593.3289794921875,593.3289794921875,15472500,0.0,0.0
2009-08-18 00:00:00+09:00,586.4065269110304,597.2842440195827,586.4065269110304,595.3064575195312,26616000,0.0,0.0
2009-08-19 00:00:00+09:00,605.1956493901185,615.0844430479891,601.240110198611,607.1734008789062,20741100,0.0,0.0
2009-08-20 00:00:00+09:00,609.1510009765625,615.0842901822688,605.1954989820406,609.1510009765625,15492300,0.0,0.0
2009-08-21 00:00:00+09:00,605.1955925801078,605.1955925801078,576.518035721968,584.4290771484375,33038700,0.0,0.0
2009-08-24 00:00:00+09:00,603.2177734375,607.173275598924,599.262235062151,603.2177734375,14820900,0.0,0.0
2009-08-25 00:00:00+09:00,595.3066984622836,599.2622368494299,591.3511962890625,591.3511962890625,16544700,0.0,0.0
2009-08-26 00:00:00+09:00,595.3064575195312,599.261994305724,593.32870723339,595.3064575195312,10027800,0.0,0.0
2009-08-27 00:00:00+09:00,595.3067005281473,597.2844878355463,583.4401215394538,590.3623046875,23592300,0.0,0.0
2009-08-28 00:00:00+09:00,591.3511962890625,595.3066984622836,586.4067642516486,591.3511962890625,12949800,0.0,0.0
2009-08-31 00:00:00+09:00,595.3067979404269,605.1956274537927,575.5291751276264,580.4735717773438,23810700,0.0,0.0
2009-09-02 00:00:00+09:00,571.5735751431051,576.5180074796195,566.6291790205179,575.5291137695312,27487200,0.0,0.0
2009-09-03 00:00:00+09:00,570.5848117043952,570.5848117043952,559.7070877420782,561.6848754882812,20013900,0.0,0.0
2009-09-04 00:00:00+09:00,563.6623523803424,571.5733908687614,561.6846018117167,570.5845336914062,23192400,0.0,0.0
2009-09-07 00:00:00+09:00,573.5511484177789,583.4399369707986,573.5511484177789,579.4844360351562,11777100,0.0,0.0
2009-09-08 00:00:00+09:00,579.4845600564166,580.4734173950056,569.595733173077,578.4956665039062,11857800,0.0,0.0
2009-09-09 00:00:00+09:00,579.4848407306682,580.4736985482117,560.6960714161338,564.651611328125,19810500,0.0,0.0
2009-09-10 00:00:00+09:00,570.5846267255873,581.462310947516,568.6068396205665,578.4956665039062,14700600,0.0,0.0
2009-09-11 00:00:00+09:00,579.4847479563186,580.4736056155481,566.6292724609375,566.6292724609375,35298300,0.0,0.0
2009-09-14 00:00:00+09:00,563.6624438901955,564.6513374420117,547.8403281307425,549.818115234375,19047600,0.0,0.0
2009-09-15 00:00:00+09:00,553.7736474312729,559.7069366402291,548.8292518284505,552.7847900390625,24380100,0.0,0.0
2009-09-16 00:00:00+09:00,552.7849414967525,567.6181685833028,551.7960476196713,555.7515869140625,21987600,0.0,0.0
2009-09-17 00:00:00+09:00,559.7070307111795,565.6403209173544,548.829344071169,554.7626342773438,22979100,0.0,0.0
2009-09-18 00:00:00+09:00,549.8179985456118,559.706787109375,544.8735680498164,559.706787109375,20411400,0.0,0.0
2009-09-21 00:00:00+09:00,559.706787109375,559.706787109375,559.706787109375,559.706787109375,0,0.0,0.0
2009-09-24 00:00:00+09:00,560.6957721360346,573.5512428277441,557.7291278390186,568.6068115234375,20441100,0.0,0.0
2009-09-25 00:00:00+09:00,553.3356307703835,559.2854762625382,552.3439777500328,558.2938232421875,13414200,2.666667,0.0
2009-09-28 00:00:00+09:00,534.4946169268698,534.4946169268698,526.5614991018933,530.528076171875,20669400,0.0,0.0
2009-09-29 00:00:00+09:00,540.4445688656488,543.4194931645698,532.5114495068574,536.47802734375,15066900,0.0,0.0
2009-09-30 00:00:00+09:00,541.4358825918489,548.3773803710938,538.4609601600256,548.3773803710938,13853400,0.0,0.0
2009-10-01 00:00:00+09:00,535.4860377282023,550.360649887319,533.502768211977,548.3773803710938,23030400,0.0,0.0
2009-10-02 00:00:00+09:00,537.4693701917955,537.4693701917955,527.5529851343106,529.5362548828125,18994200,0.0,0.0
2009-10-05 00:00:00+09:00,529.536234420159,531.5195040920221,513.6699681003314,514.66162109375,18602700,0.0,0.0
2009-10-06 00:00:00+09:00,522.5947810730211,526.5613570731026,515.6533184665994,520.6115112304688,24546900,0.0,0.0
2009-10-07 00:00:00+09:00,518.6281726394739,527.5529402203731,515.6532501125074,523.5863647460938,23934900,0.0,0.0
2009-10-08 00:00:00+09:00,524.578228724396,537.4695406506092,518.6283812769169,530.528076171875,23292900,0.0,0.0
2009-10-09 00:00:00+09:00,533.502716217589,546.3940212891418,523.5862969729603,545.4024047851562,28227000,0.0,0.0
2009-10-13 00:00:00+09:00,550.3606868136111,562.2603773393108,547.3857641821862,557.3021850585938,22724100,0.0,0.0
2009-10-14 00:00:00+09:00,555.3187948611566,556.3104476928711,541.4358367919922,547.3856811523438,19841100,0.0,0.0
2009-10-15 00:00:00+09:00,554.3272624271689,562.2603773393108,553.3356094450361,557.3021850585938,17031300,0.0,0.0
2009-10-16 00:00:00+09:00,565.2352539669503,565.2352539669503,546.3940667297285,551.352294921875,27245700,0.0,0.0
2009-10-19 00:00:00+09:00,547.3858556798986,551.3524319564852,536.4778163130097,550.3607788085938,15420600,0.0,0.0
2009-10-20 00:00:00+09:00,555.3188338976277,558.2937562869274,548.3773725325754,551.352294921875,12804300,0.0,0.0
2009-10-21 00:00:00+09:00,547.3857196311519,554.3272173111748,545.4024501432756,551.352294921875,10849200,0.0,0.0
2009-10-22 00:00:00+09:00,548.3772513916406,562.2602073698595,546.3939460269218,561.2685546875,23048700,0.0,0.0
2009-10-23 00:00:00+09:00,561.268739287611,564.2436619981725,554.3272771729505,556.310546875,21897600,0.0,0.0
2009-10-26 00:00:00+09:00,561.268855729292,577.1351255822517,561.268855729292,575.15185546875,27117300,0.0,0.0
2009-10-27 00:00:00+09:00,568.2102894591811,574.1601354221045,559.2855205147961,564.2437133789062,21917100,0.0,0.0
2009-10-28 00:00:00+09:00,591.0179538216138,592.0096068090322,583.0848388671875,583.0848388671875,36434100,0.0,0.0
2009-10-29 00:00:00+09:00,573.168494635302,578.1267239208958,571.1852247100516,577.1350708007812,29344200,0.0,0.0
2009-10-30 00:00:00+09:00,585.0680791815627,586.0597321192423,571.1851196289062,571.1851196289062,30424500,0.0,0.0
2009-11-02 00:00:00+09:00,557.3021309339462,561.2686698473038,554.3272085914427,559.285400390625,18021300,0.0,0.0
2009-11-04 00:00:00+09:00,561.2688424501252,568.210342155624,559.2855723835461,567.2186889648438,16141200,0.0,0.0
2009-11-05 00:00:00+09:00,563.2520687432512,567.21860831241,550.3607243560456,552.343994140625,22144200,0.0,0.0
2009-11-06 00:00:00+09:00,560.2772607115891,563.2521841555179,553.3357605707606,555.3190307617188,18760500,0.0,0.0
2009-11-09 00:00:00+09:00,554.3270948558719,567.2183981517313,548.3772513916406,561.2685546875,20327700,0.0,0.0
2009-11-10 00:00:00+09:00,569.2018660746319,573.1684053069471,563.2520209111862,565.2352905273438,16161300,0.0,0.0
2009-11-11 00:00:00+09:00,563.2521883503218,569.2020352824908,562.2605350899657,566.2271118164062,10114500,0.0,0.0
2009-11-12 00:00:00+09:00,577.1350246228012,581.101600470905,574.1601018154671,576.1433715820312,25917300,0.0,0.0
2009-11-13 00:00:00+09:00,576.1434723680098,582.093319023497,569.2020088132629,575.15185546875,28707300,0.0,0.0
2009-11-16 00:00:00+09:00,576.143311687361,577.1349646250407,563.2520050723843,571.1851196289062,16124400,0.0,0.0
2009-11-17 00:00:00+09:00,572.176772566586,575.1516950646532,567.2185441931593,571.1851196289062,16164000,0.0,0.0
2009-11-18 00:00:00+09:00,567.2186762748865,577.1350990158919,562.2604830618741,563.2521362304688,23983500,0.0,0.0
2009-11-19 00:00:00+09:00,563.2519679755017,563.2519679755017,537.4692838137028,543.4191284179688,31087500,0.0,0.0
2009-11-20 00:00:00+09:00,535.4860825393779,540.4442749023438,529.5362371778293,540.4442749023438,18024900,0.0,0.0
2009-11-24 00:00:00+09:00,541.4359279009266,542.4275808995094,530.5278901764121,540.4442749023438,19393500,0.0,0.0
2009-11-25 00:00:00+09:00,538.4610041372664,556.3105401860155,537.4693511406779,554.3272705078125,34023900,0.0,0.0
2009-11-26 00:00:00+09:00,544.4108050236723,549.3689969717208,540.4442296762508,548.3773803710938,23291700,0.0,0.0
2009-11-27 00:00:00+09:00,536.4775605412588,537.4691769014064,524.5778736997888,527.5527954101562,39851100,0.0,0.0
2009-11-30 00:00:00+09:00,535.4861450195312,540.4443379610157,527.5530290501606,535.4861450195312,29071800,0.0,0.0
2009-12-01 00:00:00+09:00,530.5278954884585,558.2938165770495,525.569666760873,556.310546875,33655500,0.0,0.0
2009-12-02 00:00:00+09:00,557.3022875978762,571.185250327225,551.352441240301,568.2103271484375,28638900,0.0,0.0
2009-12-03 00:00:00+09:00,586.0597978908213,594.9845663866206,586.0597978908213,592.0096435546875,35141700,0.0,0.0
2009-12-04 00:00:00+09:00,594.9845417891398,602.9176569080036,583.0848509533571,600.9343872070312,27760500,0.0,0.0
2009-12-07 00:00:00+09:00,604.9010009765625,612.8341165944761,600.9344250101173,604.9010009765625,19025700,0.0,0.0
2009-12-08 00:00:00+09:00,594.9847892958951,606.884485081813,593.9931358754054,602.9179077148438,13471800,0.0,0.0
2009-12-09 00:00:00+09:00,593.0014126720284,596.9679530143276,586.0599126005303,590.0264892578125,21625800,0.0,0.0
2009-12-10 00:00:00+09:00,586.0596316380497,591.0178228464118,576.1432129063597,581.1014404296875,21277200,0.0,0.0
2009-12-11 00:00:00+09:00,589.0345383762,600.9342260201637,583.0846945542182,596.9676513671875,34294200,0.0,0.0
2009-12-14 00:00:00+09:00,598.9512939453125,606.8844114011163,593.0014467747133,598.9512939453125,13834800,0.0,0.0
2009-12-15 00:00:00+09:00,602.9176569080036,606.8842326249227,596.9678114901121,600.9343872070312,12867000,0.0,0.0
2009-12-16 00:00:00+09:00,608.8675406280308,612.8341165944761,600.9344250101173,604.9010009765625,14316900,0.0,0.0
2009-12-17 00:00:00+09:00,604.9012145558231,612.8343329747719,602.9179077148438,602.9179077148438,12589200,0.0,0.0
2009-12-18 00:00:00+09:00,608.8674859562451,608.8674859562451,600.9343710506664,606.8842163085938,13201800,0.0,0.0
2009-12-21 00:00:00+09:00,608.867681686321,610.8509519715257,598.9512939453125,598.9512939453125,9270600,0.0,0.0
2009-12-22 00:00:00+09:00,604.900899528454,610.8507080078125,600.9343242272444,610.8507080078125,13253100,0.0,0.0
2009-12-24 00:00:00+09:00,614.8173648205905,622.7504433762467,610.8507529128157,616.8005981445312,19316100,0.0,0.0
2009-12-25 00:00:00+09:00,614.8173828125,618.7839222064043,612.8340768005735,614.8173828125,5765700,0.0,0.0
2009-12-28 00:00:00+09:00,618.796735123298,628.7452846551338,616.8070835089287,622.7761840820312,11906400,3.333333,0.0
2009-12-29 00:00:00+09:00,622.7762782605295,624.7659301757812,616.8071767847576,624.7659301757812,12844200,0.0,0.0
2009-12-30 00:00:00+09:00,624.765792050636,628.7452407313673,618.7966918945312,618.7966918945312,11585100,0.0,0.0
2010-01-04 00:00:00+09:00,624.7658238564245,632.7246487580655,624.7658238564245,630.7349243164062,12198900,0.0,0.0
2010-01-05 00:00:00+09:00,636.7038584906436,639.68840794117,623.7708351600214,625.7605590820312,20430600,0.0,0.0
2010-01-06 00:00:00+09:00,625.7605590820312,625.7605590820312,625.7605590820312,625.7605590820312,18505200,0.0,0.0
2010-01-07 00:00:00+09:00,626.7556466408147,627.750472585242,612.8277190937941,614.8174438476562,13289700,0.0,0.0
2010-01-08 00:00:00+09:00,631.7298308204854,634.7143810875665,626.7555560870181,633.719482421875,27406200,0.0,0.0
2010-01-12 00:00:00+09:00,631.7297946783077,663.5649471291724,630.7348960695358,659.5855712890625,33794400,0.0,0.0
2010-01-13 00:00:00+09:00,655.606173773535,668.5391994750496,653.6164494867672,657.5958251953125,35411100,0.0,0.0
2010-01-14 00:00:00+09:00,661.5751767514195,668.5391014363886,658.5906271914355,666.5493774414062,13667700,0.0,0.0
2010-01-15 00:00:00+09:00,675.5032701559112,678.4878207941038,670.5290676689275,676.4981689453125,22017600,0.0,0.0
2010-01-18 00:00:00+09:00,668.539267210854,673.5135419992672,662.570166610757,670.5289916992188,15727800,0.0,0.0
2010-01-19 00:00:00+09:00,666.5493651751565,667.5442635868286,652.6215160615268,656.6008911132812,13731000,0.0,0.0
2010-01-20 00:00:00+09:00,660.5803643565436,663.5649143052403,644.6627889184907,647.6473388671875,15311100,0.0,0.0
2010-01-21 00:00:00+09:00,648.6423303984872,664.5599827711546,644.6629537378242,658.5908813476562,22969200,0.0,0.0
2010-01-22 00:00:00+09:00,644.6630037257145,651.6269316381175,638.6939018393653,642.6732788085938,22386300,0.0,0.0
2010-01-25 00:00:00+09:00,630.7350206283472,638.6938467452845,630.7350206283472,631.7299194335938,17050200,0.0,0.0
2010-01-26 00:00:00+09:00,633.7195739818213,638.693849433973,613.8226179032289,614.8174438476562,17242200,0.0,0.0
2010-01-27 00:00:00+09:00,618.7969741632324,619.7918732197417,603.8742533983599,604.8690795898438,17232900,0.0,0.0
2010-01-28 00:00:00+09:00,632.7247564318131,641.6784086454709,624.7659301757812,624.7659301757812,34439700,0.0,0.0
2010-01-29 00:00:00+09:00,628.745175615818,628.745175615818,610.837840569568,611.8327026367188,28464900,0.0,0.0
2010-02-01 00:00:00+09:00,601.8841323044556,602.8789942741536,587.1603791748649,596.7109375,38320800,0.0,0.0
2010-02-02 00:00:00+09:00,606.8587574454319,618.7969258385207,604.8690323528257,610.838134765625,26621700,0.0,0.0
2010-02-03 00:00:00+09:00,618.7968287000094,625.7608289984154,614.8174520044977,624.7659301757812,24946200,0.0,0.0
2010-02-04 00:00:00+09:00,656.6011111203359,660.5804875054583,632.7247070795964,640.6835327148438,57444300,0.0,0.0
2010-02-05 00:00:00+09:00,626.7555442857097,636.7040207003257,615.8121692241353,616.8070678710938,31566000,0.0,0.0
2010-02-08 00:00:00+09:00,602.8790393231506,613.8224125100832,600.889351667568,603.8739013671875,20483400,0.0,0.0
2010-02-09 00:00:00+09:00,597.9049275486419,612.8276427485341,596.7111074180507,608.8482666015625,22295100,0.0,0.0
2010-02-10 00:00:00+09:00,610.8377953602371,613.8223813407939,598.8995971679688,598.8995971679688,24675600,0.0,0.0
2010-02-12 00:00:00+09:00,598.8995449504343,602.878956145059,594.9201701882962,601.8840942382812,25918200,0.0,0.0
2010-02-15 00:00:00+09:00,602.8791884225816,607.853427007974,593.1296691368123,593.925537109375,19811100,0.0,0.0
2010-02-16 00:00:00+09:00,596.9098575693653,605.8635054329058,596.5119055201569,601.8840942382812,13120800,0.0,0.0
2010-02-17 00:00:00+09:00,616.8071767847576,626.7556549560413,614.8174520044977,624.7659301757812,21123600,0.0,0.0
2010-02-18 00:00:00+09:00,633.7194865560544,636.7040368426057,621.7812854098494,622.7761840820312,20586000,0.0,0.0
2010-02-19 00:00:00+09:00,627.750582819213,630.7351340415945,614.8175518105671,615.8123779296875,21544800,0.0,0.0
2010-02-22 00:00:00+09:00,632.7246704101562,636.7040465646546,628.7452942556579,632.7246704101562,21214200,0.0,0.0
2010-02-23 00:00:00+09:00,625.7606906533149,629.740066469054,616.8070404191577,618.7966918945312,17736300,0.0,0.0
2010-02-24 00:00:00+09:00,609.8433119174348,616.807276913828,605.863898143423,615.8123779296875,16119300,0.0,0.0
2010-02-25 00:00:00+09:00,616.8070917605039,620.7864679074755,606.8585785280767,608.8482666015625,17148300,0.0,0.0
2010-02-26 00:00:00+09:00,608.848199972106,618.7966756833202,608.848199972106,612.8275756835938,16827300,0.0,0.0
2010-03-01 00:00:00+09:00,612.8275756835938,616.8070242600716,607.8533378279866,612.8275756835938,9162000,0.0,0.0
2010-03-02 00:00:00+09:00,611.832907036912,617.8020085689794,610.8380446373993,613.8226318359375,8482200,0.0,0.0
2010-03-03 00:00:00+09:00,611.8327932312881,616.8070678710938,609.8431052348644,616.8070678710938,14976900,0.0,0.0
2010-03-04 00:00:00+09:00,614.8172999718327,617.8018499716959,610.83788782785,612.8275756835938,11435700,0.0,0.0
2010-03-05 00:00:00+09:00,618.7966918945312,622.7761405752625,612.8275917384265,618.7966918945312,15367200,0.0,0.0
2010-03-08 00:00:00+09:00,633.7196259790699,642.6732788085936,629.7402490098415,642.6732788085938,23557500,0.0,0.0
2010-03-09 00:00:00+09:00,642.6732999198622,648.6424020022912,637.6990967611816,644.6630249023438,19482600,0.0,0.0
2010-03-10 00:00:00+09:00,648.6423878903448,651.6269388666271,643.6681848398837,645.6578369140625,11515800,0.0,0.0
2010-03-11 00:00:00+09:00,650.632080078125,654.6114568911835,647.6475292520786,650.632080078125,11738100,0.0,0.0
2010-03-12 00:00:00+09:00,660.5802661650357,660.5802661650357,653.6163416082209,656.6008911132812,35956800,0.0,0.0
2010-03-15 00:00:00+09:00,659.5855156410964,663.564891145474,653.6164159520367,655.6061401367188,12220200,0.0,0.0
2010-03-16 00:00:00+09:00,652.6218377687305,654.6114898429094,645.6578369140625,645.6578369140625,12744000,0.0,0.0
2010-03-17 00:00:00+09:00,644.6628025592397,649.6370768673171,639.6885282511623,646.6525268554688,21792000,0.0,0.0
2010-03-18 00:00:00+09:00,643.6680398129304,646.6525901167538,634.7143889014599,636.7040405273438,13268400,0.0,0.0
2010-03-19 00:00:00+09:00,642.6731720543946,651.6268233966307,639.6886216069826,648.6422729492188,19643700,0.0,0.0
2010-03-23 00:00:00+09:00,650.6321128295377,652.6218377687305,644.6630108769731,645.6578369140625,11879100,0.0,0.0
2010-03-24 00:00:00+09:00,647.6474672524231,650.6320177927569,641.6783661717556,643.6680908203125,21826800,0.0,0.0
2010-03-25 00:00:00+09:00,650.6318832982423,654.6112589077615,644.6627834514694,651.626708984375,17337900,0.0,0.0
2010-03-26 00:00:00+09:00,656.6011341658865,660.580510690678,649.63720703125,649.63720703125,37445100,0.0,0.0
2010-03-29 00:00:00+09:00,648.0395013334963,653.0321260635959,647.0410056409942,652.0336303710938,8617800,4.0,0.0
2010-03-30 00:00:00+09:00,653.0320947476017,659.0232148829008,648.0394702569222,658.0247192382812,16294200,0.0,0.0
2010-03-31 00:00:00+09:00,659.0230712890625,670.0068135218052,655.0290164470537,659.0230712890625,26189700,0.0,0.0
2010-04-01 00:00:00+09:00,664.0160584068387,666.0130503548085,655.0293752395303,657.0263671875,20831100,0.0,0.0
2010-04-02 00:00:00+09:00,666.0127563476562,672.0038758144532,663.0171966142578,666.0127563476562,18412800,0.0,0.0
2010-04-05 00:00:00+09:00,671.0055166754373,676.9966373600395,670.0070209392695,674.9995727539062,14495700,0.0,0.0
2010-04-06 00:00:00+09:00,677.994892658253,679.9919565561655,660.0215369783543,665.01416015625,20385300,0.0,0.0
2010-04-07 00:00:00+09:00,665.0143648300059,670.0069895444989,662.018804628069,664.015869140625,22152000,0.0,0.0
2010-04-08 00:00:00+09:00,656.0276862748968,657.0261819673991,651.0350615447973,652.0336303710938,12198900,0.0,0.0
2010-04-09 00:00:00+09:00,652.0336482088013,656.02770422187,645.0439587686858,654.0306396484375,31084500,0.0,0.0
2010-04-12 00:00:00+09:00,657.0262668175444,667.0115175672659,654.0307062193888,656.0277709960938,17150400,0.0,0.0
2010-04-13 00:00:00+09:00,656.0274340370283,657.0259293456163,646.042261549851,650.0363159179688,13570200,0.0,0.0
2010-04-14 00:00:00+09:00,651.0351008878594,657.0262216725139,650.0366051350165,653.0321655273438,14616000,0.0,0.0
2010-04-15 00:00:00+09:00,657.0261819673991,657.0261819673991,651.0350615447973,652.0336303710938,10244100,0.0,0.0
2010-04-16 00:00:00+09:00,650.0366136999052,651.0351094659043,641.0499324045148,643.0469970703125,16093500,0.0,0.0
2010-04-19 00:00:00+09:00,631.0645995732397,640.0512786503881,631.0645995732397,635.0586547851562,12511800,0.0,0.0
2010-04-20 00:00:00+09:00,640.0513245700321,648.0394355669617,638.0542602539062,638.0542602539062,12996000,0.0,0.0
2010-04-21 00:00:00+09:00,651.0351330023466,652.0337019382458,647.0410766601562,647.0410766601562,12699300,0.0,0.0
2010-04-22 00:00:00+09:00,638.0542144775391,641.0497741699219,632.0630950927734,635.0586547851562,13083000,0.0,0.0
2010-04-23 00:00:00+09:00,643.0470919964255,646.0426528704246,639.0529620752196,642.0485229492188,13169700,0.0,0.0
2010-04-26 00:00:00+09:00,653.0321396000468,663.0173161334305,651.0350750398518,661.0203247070312,19061400,0.0,0.0
2010-04-27 00:00:00+09:00,656.0275816142557,669.0083160810548,654.0305174140626,666.0127563476562,14731200,0.0,0.0
2010-04-28 00:00:00+09:00,643.0470327820204,660.0218274157002,641.0499680053153,656.0277709960938,25424400,0.0,0.0
2010-04-30 00:00:00+09:00,652.033774618423,653.0322705318192,635.0589052878242,642.0485229492188,30059100,0.0,0.0
2010-05-06 00:00:00+09:00,619.0824155227052,623.0764710876454,616.086855565553,621.0794067382812,27348300,0.0,0.0
2010-05-07 00:00:00+09:00,590.1254677347617,608.0988322342976,589.1269352958196,605.103271484375,36391200,0.0,0.0
2010-05-10 00:00:00+09:00,601.1089029218023,611.0941130361927,597.9136517746276,610.0955810546875,25603500,0.0,0.0
2010-05-11 00:00:00+09:00,614.0895961477395,617.0851551533382,592.1221512510547,598.912109375,30062100,0.0,0.0
2010-05-12 00:00:00+09:00,603.1062431733944,612.0929254231623,600.1106824234718,605.103271484375,22441500,0.0,0.0
2010-05-13 00:00:00+09:00,615.0882783088088,618.0838382244909,610.0956906383029,614.0897827148438,19515600,0.0,0.0
2010-05-14 00:00:00+09:00,599.1119232936878,609.0971342042126,596.3160554626872,602.1074829101562,24480600,0.0,0.0
2010-05-17 00:00:00+09:00,593.1208433587867,601.1089906763383,591.1238156711219,596.7155151367188,30840000,0.0,0.0
2010-05-18 00:00:00+09:00,600.1104522648179,605.1030394109283,595.3175569031472,601.1089477539062,29380800,0.0,0.0
2010-05-19 00:00:00+09:00,591.5231902081126,600.1104859240128,590.1252745048484,596.1163940429688,26253900,0.0,0.0
2010-05-20 00:00:00+09:00,589.3265800406401,589.925692105552,575.1475823154257,578.3428344726562,28670400,0.0,0.0
2010-05-21 00:00:00+09:00,556.175579728814,564.7628753643589,551.3826841431671,563.7643432617188,38908500,0.0,0.0
2010-05-24 00:00:00+09:00,562.1670381055593,564.3637954288963,556.7750273212068,561.9673461914062,15559500,0.0,0.0
2010-05-25 00:00:00+09:00,557.773251620206,560.1696995326452,549.3856839266691,553.5794677734375,16782300,0.0,0.0
2010-05-26 00:00:00+09:00,553.5793756197005,557.1740468899583,540.5986060659183,547.5882568359375,24747300,0.0,0.0
2010-05-27 00:00:00+09:00,539.6003282081114,554.5781312064222,539.2009079391892,554.1787109375,20366400,0.0,0.0
2010-05-28 00:00:00+09:00,562.1667457448145,563.1652779301093,552.1815701594443,554.7777099609375,25086300,0.0,0.0
2010-05-31 00:00:00+09:00,551.1830259508049,558.7717899463385,550.3842221601305,553.1800537109375,27365700,0.0,0.0
2010-06-01 00:00:00+09:00,553.1801577886474,553.779269886096,545.1920086782985,551.98193359375,12489600,0.0,0.0
2010-06-02 00:00:00+09:00,541.996664411694,550.1845039767019,539.6002164283954,541.7969360351562,18863400,0.0,0.0
2010-06-03 00:00:00+09:00,555.1772221233241,566.3606235570178,552.5810453248341,564.9627075195312,21525000,0.0,0.0
2010-06-04 00:00:00+09:00,565.7614259989188,570.3546302381208,561.367950139831,564.163818359375,19081200,0.0,0.0
2010-06-07 00:00:00+09:00,544.1932455771448,545.9905811073816,533.4092323957248,538.40185546875,23190000,0.0,0.0
2010-06-08 00:00:00+09:00,535.4063721065585,544.5927428180835,534.8072601782658,538.6016235351562,11177100,0.0,0.0
2010-06-09 00:00:00+09:00,533.209926817196,533.4096187206663,518.0324279806583,523.4244384765625,21132000,0.0,0.0
2010-06-10 00:00:00+09:00,524.6224488199636,526.2200565292225,515.8354601514533,523.8236083984375,17871600,0.0,0.0
2010-06-11 00:00:00+09:00,513.83841772869,524.8221258291477,513.6386893454975,520.4286499023438,66365400,0.0,0.0
2010-06-14 00:00:00+09:00,530.4138380857884,541.5972748287396,527.4182779373994,541.3975830078125,26124000,0.0,0.0
2010-06-15 00:00:00+09:00,545.1921492032553,551.5826920788569,540.1995592932943,542.5960083007812,18530700,0.0,0.0
2010-06-16 00:00:00+09:00,552.5808439368972,552.7805722743904,546.190341608632,550.7835083007812,16497000,0.0,0.0
2010-06-17 00:00:00+09:00,544.5929224114669,549.1861275654009,542.5958941808836,546.3902587890625,15023700,0.0,0.0
2010-06-18 00:00:00+09:00,546.1904147353234,546.1904147353234,534.2081755569756,537.2037353515625,15574200,0.0,0.0
2010-06-21 00:00:00+09:00,543.1948661596184,561.1682252983533,542.7954459897934,557.1741333007812,20356800,0.0,0.0
2010-06-22 00:00:00+09:00,547.189006680642,555.3768837505038,547.189006680642,551.58251953125,12762900,0.0,0.0
2010-06-23 00:00:00+09:00,542.1962921547319,543.5942077908452,538.2022004655496,543.19482421875,13722000,0.0,0.0
2010-06-24 00:00:00+09:00,540.3989837747943,544.3930756664544,536.2052000869633,539.4004516601562,11086800,0.0,0.0
2010-06-25 00:00:00+09:00,529.4154461540686,540.199464801415,529.2157177271081,534.6077270507812,17249100,0.0,0.0
2010-06-28 00:00:00+09:00,535.6107973400501,540.0240575836427,534.607768621777,538.2186279296875,10037400,4.0,0.0
2010-06-29 00:00:00+09:00,538.2183580611811,543.2334624063583,528.1882228339106,530.9966430664062,12200100,0.0,0.0
2010-06-30 00:00:00+09:00,519.5622448949335,521.5683012634721,515.550205620938,520.9664916992188,18986400,0.0,0.0
2010-07-01 00:00:00+09:00,511.538380909552,512.5414095865609,502.7118240539264,508.12811279296875,22576200,0.0,0.0
2010-07-02 00:00:00+09:00,504.1159854961178,504.51716751319304,497.4960781672977,500.505126953125,19418700,0.0,0.0
2010-07-05 00:00:00+09:00,506.5230871425161,507.52607864471935,502.10979229926824,503.7146301269531,13399500,0.0,0.0
2010-07-06 00:00:00+09:00,497.2953242062747,515.5502400279602,495.48989539302295,514.747802734375,14613000,0.0,0.0
2010-07-07 00:00:00+09:00,507.52612907309606,511.53820567518153,502.10984218947647,506.322509765625,22232700,0.0,0.0
2010-07-08 00:00:00+09:00,521.3677482073485,524.7780151367188,518.7599186328573,524.7780151367188,16949400,0.0,0.0
2010-07-09 00:00:00+09:00,529.5925632911392,529.5925632911392,521.7690367879746,522.97265625,15130200,0.0,0.0
2010-07-12 00:00:00+09:00,526.1823623889292,544.2366566005,525.5805525818769,539.02099609375,19911300,0.0,0.0
2010-07-13 00:00:00+09:00,536.4130567542993,540.8263525650959,527.1853198680392,529.3919677734375,18149400,0.0,0.0
2010-07-14 00:00:00+09:00,541.6287702039779,553.0631553527285,541.4281791996048,549.853515625,18720900,0.0,0.0
2010-07-15 00:00:00+09:00,543.2337029764858,545.2397235639943,536.8143856722769,538.0180053710938,14247600,0.0,0.0
2010-07-16 00:00:00+09:00,531.5985077375506,535.4099933119068,529.1912691565027,532.2003173828125,16311000,0.0,0.0
2010-07-21 00:00:00+09:00,524.5774075315259,526.3828364254414,519.9635214476713,521.568359375,13347900,0.0,0.0
2010-07-22 00:00:00+09:00,517.756949760007,520.5654073614913,513.5442817235556,518.5593872070312,11017800,0.0,0.0
2010-07-23 00:00:00+09:00,517.7568329862241,534.0056917478032,513.5441658998888,529.99365234375,15228300,0.0,0.0
2010-07-26 00:00:00+09:00,540.0239645568037,540.826402085815,531.3980366065881,531.7992553710938,10563600,0.0,0.0
2010-07-27 00:00:00+09:00,531.9997294184784,539.0208542300671,529.1912721475337,531.5985107421875,14283600,0.0,0.0
2010-07-28 00:00:00+09:00,538.619573784842,545.0388882115999,536.6135540965297,543.2334594726562,12676200,0.0,0.0
2010-07-29 00:00:00+09:00,536.6138458740625,547.245796407813,536.6138458740625,545.0391845703125,10389600,0.0,0.0
2010-07-30 00:00:00+09:00,548.850430206603,549.2516489052817,543.4341430664062,543.4341430664062,14644500,0.0,0.0
2010-08-02 00:00:00+09:00,552.662041784997,569.9139366591517,551.6590498407086,565.300048828125,29489100,0.0,0.0
2010-08-03 00:00:00+09:00,570.5154713168799,574.3269196760641,565.7009947656827,570.3148803710938,18084000,0.0,0.0
2010-08-04 00:00:00+09:00,562.8925999358572,566.7040854468663,555.6708843127392,557.6769409179688,20136300,0.0,0.0
2010-08-05 00:00:00+09:00,571.7194181135401,575.1296865356152,565.5007279147557,572.3212280273438,19504200,0.0,0.0
2010-08-06 00:00:00+09:00,570.7162349853324,585.5608877546522,570.515643978839,584.1566772460938,20334900,0.0,0.0
2010-08-09 00:00:00+09:00,574.1261862616046,578.1382613025248,572.9225674224817,574.5274047851562,15596400,0.0,0.0
2010-08-10 00:00:00+09:00,579.5428922798772,579.7434833216871,572.7223928111943,576.333251953125,10167600,0.0,0.0
2010-08-11 00:00:00+09:00,564.4975048831969,566.5035249950088,554.2667398693224,557.4763793945312,20475600,0.0,0.0
2010-08-12 00:00:00+09:00,548.8505488353989,561.2879638671875,547.847520237681,561.2879638671875,17443500,0.0,0.0
2010-08-13 00:00:00+09:00,560.4853523948078,561.4883806813165,552.0600176364601,559.4823608398438,18372600,0.0,0.0
2010-08-16 00:00:00+09:00,550.6558311276243,554.6679077148438,545.8413539155796,554.6679077148438,12585000,0.0,0.0
2010-08-17 00:00:00+09:00,547.2456274495431,556.0721822690931,546.6438177284726,554.066162109375,11020500,0.0,0.0
2010-08-18 00:00:00+09:00,558.6800106079547,570.7162049961445,558.4794196120017,567.1053466796875,19371000,0.0,0.0
2010-08-19 00:00:00+09:00,564.4974464935782,574.7282104492188,564.4974464935782,574.7282104492188,19048800,0.0,0.0
2010-08-20 00:00:00+09:00,567.1052600248935,577.336023691574,564.4974305497839,565.7010498046875,18139500,0.0,0.0
2010-08-23 00:00:00+09:00,559.683089801972,563.494539459998,553.6649920621658,562.692138671875,18000000,0.0,0.0
2010-08-24 00:00:00+09:00,558.2788792398684,567.3060258495776,557.0752596919071,562.692138671875,25025700,0.0,0.0
2010-08-25 00:00:00+09:00,553.263679706732,557.0751654515227,543.2335429915554,545.2395629882812,35559000,0.0,0.0
2010-08-26 00:00:00+09:00,548.4491543857473,554.8684692382812,543.0328678096687,554.8684692382812,20837100,0.0,0.0
2010-08-27 00:00:00+09:00,549.6528490564826,567.9077678428428,549.6528490564826,563.8956909179688,24690600,0.0,0.0
2010-08-30 00:00:00+09:00,574.5277192860526,585.9621045169903,570.1144233057087,572.7222900390625,24197100,0.0,0.0
2010-08-31 00:00:00+09:00,562.6920757631015,569.7132012517671,555.2697682910031,557.4763793945312,29110500,0.0,0.0
2010-09-01 00:00:00+09:00,558.6800874189241,563.0933837890625,555.0692286060229,563.0933837890625,21864000,0.0,0.0
2010-09-02 00:00:00+09:00,572.9229094594373,576.3331771167376,569.512641802137,573.5247192382812,29370900,0.0,0.0
2010-09-03 00:00:00+09:00,574.3270045558406,577.5366805520241,563.2938397392693,566.5034790039062,31850400,0.0,0.0
2010-09-06 00:00:00+09:00,568.3089940587184,572.7222900390625,567.7071843097218,572.7222900390625,14121000,0.0,0.0
2010-09-07 00:00:00+09:00,569.5124133108781,572.5214609978526,562.6919174642487,564.6979370117188,16747200,0.0,0.0
2010-09-08 00:00:00+09:00,554.6679904545672,556.272791943606,543.2336053702957,550.455322265625,17765100,0.0,0.0
2010-09-09 00:00:00+09:00,555.6709796578521,560.0842755613788,551.8595302243984,557.2758178710938,13767000,0.0,0.0
2010-09-10 00:00:00+09:00,557.4763732755954,565.7011180873822,556.6739725859878,558.6799926757812,29606400,0.0,0.0
2010-09-13 00:00:00+09:00,566.3028475228002,572.9227532855535,565.7010379080045,568.1082763671875,17041200,0.0,0.0
2010-09-14 00:00:00+09:00,565.2998192542927,569.9137052115748,563.6950181025333,568.1082763671875,14828100,0.0,0.0
2010-09-16 00:00:00+09:00,596.1928222984677,599.2018708014351,590.1747252925328,593.7855834960938,37670700,0.0,0.0
2010-09-17 00:00:00+09:00,601.2079281935052,606.8248068370148,595.9922315542489,604.8187866210938,24855600,0.0,0.0
2010-09-21 00:00:00+09:00,613.8460107421874,614.8490393434614,599.4025751953125,601.809814453125,17172900,0.0,0.0
2010-09-22 00:00:00+09:00,598.1987921487498,601.8096500490441,592.3812866210938,592.3812866210938,13684500,0.0,0.0
2010-09-24 00:00:00+09:00,582.3512003074305,602.8127301670535,577.9379046735379,587.9680786132812,30675600,0.0,0.0
2010-09-27 00:00:00+09:00,589.7735431728078,606.8248068370148,588.3693326948182,604.8187866210938,19834200,0.0,0.0
2010-09-28 00:00:00+09:00,605.2216203011284,608.2426932196394,602.4019399510744,602.6033325195312,11162400,4.0,0.0
2010-09-29 00:00:00+09:00,602.8047210042307,608.2426518880294,599.3808263031367,603.408935546875,19897500,0.0,0.0
2010-09-30 00:00:00+09:00,600.7906455918318,608.2426495074985,596.561143809875,596.7625732421875,21840600,0.0,0.0
2010-10-01 00:00:00+09:00,603.6105056484973,606.2287571439825,596.9641437244399,602.20068359375,19029300,0.0,0.0
2010-10-04 00:00:00+09:00,604.0132504015205,613.2778626345848,600.7907477200184,605.2216796875,17191800,0.0,0.0
2010-10-05 00:00:00+09:00,603.811761803862,609.2496930582347,591.7274701274783,607.2356567382812,34406100,0.0,0.0
2010-10-06 00:00:00+09:00,607.2354759982624,609.24951171875,599.9849031505219,609.24951171875,22131000,0.0,0.0
2010-10-07 00:00:00+09:00,605.2216204183278,609.2496930582347,604.2145838191853,607.2356567382812,12789300,0.0,0.0
2010-10-08 00:00:00+09:00,608.242474404877,609.2494737632258,601.9989013671875,601.9989013671875,16326900,0.0,0.0
2010-10-12 00:00:00+09:00,602.8045291900426,604.2143503814937,587.2963485708118,590.1160278320312,15336300,0.0,0.0
2010-10-13 00:00:00+09:00,592.533071009427,600.9920745669046,590.1162128501477,592.1302490234375,15322200,0.0,0.0
2010-10-14 00:00:00+09:00,602.2006064725513,611.2638261173973,601.19356977479,605.2216796875,15086100,0.0,0.0
2010-10-15 00:00:00+09:00,606.228600280103,606.228600280103,595.3527381276327,596.9639892578125,14172300,0.0,0.0
2010-10-18 00:00:00+09:00,597.5682332071369,605.2216303539323,595.7555894259222,603.0061645507812,12374400,0.0,0.0
2010-10-19 00:00:00+09:00,598.9781037910493,606.2286795069261,598.9781037910493,605.2216796875,10772700,0.0,0.0
2010-10-20 00:00:00+09:00,598.5752721994363,599.7837013917109,589.1092312338417,595.55419921875,16478700,0.0,0.0
2010-10-21 00:00:00+09:00,597.1651796269516,603.4087525934451,588.7061785946993,593.3385009765625,22642800,0.0,0.0
2010-10-22 00:00:00+09:00,590.9218572922695,592.5331084597357,585.081104078744,587.2965698242188,21084900,0.0,0.0
2010-10-25 00:00:00+09:00,585.0811373870878,590.5190688987423,580.046027909815,587.9008178710938,16586700,0.0,0.0
2010-10-26 00:00:00+09:00,584.6781851162573,592.7343653529144,582.8655417971352,584.8795776367188,12000600,0.0,0.0
2010-10-27 00:00:00+09:00,593.1374348412812,597.1655082017224,589.5121466898812,596.1585083007812,19905300,0.0,0.0
2010-10-28 00:00:00+09:00,592.5329176054145,596.5609889091452,591.3244888386314,593.5399169921875,14185800,0.0,0.0
2010-10-29 00:00:00+09:00,592.5329763062633,596.5610480090457,591.324547419764,591.5259399414062,15194700,0.0,0.0
2010-11-01 00:00:00+09:00,581.4556640280612,584.6781655173613,560.3081593471857,561.718017578125,46391700,0.0,0.0
2010-11-02 00:00:00+09:00,551.6476820896575,554.8701462165402,546.4111456149463,548.8280029296875,38248500,0.0,0.0
2010-11-04 00:00:00+09:00,563.9335062555573,563.9335062555573,553.2590749542999,557.0857543945312,40636500,0.0,0.0
2010-11-05 00:00:00+09:00,570.5799424395167,586.4909505844954,568.9687281836095,580.2473754882812,33161400,0.0,0.0
2010-11-08 00:00:00+09:00,589.9147355465853,599.3807748617062,588.9077359808226,599.1793823242188,25597800,0.0,0.0
2010-11-09 00:00:00+09:00,593.3386299538261,603.4088837597349,593.3386299538261,599.1793823242188,20022600,0.0,0.0
2010-11-10 00:00:00+09:00,602.4018039816677,610.256591796875,601.9989820573442,610.256591796875,17222700,0.0,0.0
2010-11-11 00:00:00+09:00,612.270751953125,615.2918248030225,610.2567156793035,612.270751953125,11566800,0.0,0.0
2010-11-12 00:00:00+09:00,612.2707120826296,613.2777485931284,600.3878508990539,600.9920654296875,14446200,0.0,0.0
2010-11-15 00:00:00+09:00,606.2285265350654,612.2706714403262,602.6032395919088,611.263671875,10761000,0.0,0.0
2010-11-16 00:00:00+09:00,616.2986920579378,618.3127277784256,608.2425122976664,609.24951171875,21073800,0.0,0.0
2010-11-17 00:00:00+09:00,604.2144289002977,621.3338623046875,604.2144289002977,621.3338623046875,15282600,0.0,0.0
2010-11-18 00:00:00+09:00,621.3340019851072,634.42529296875,618.3128922831161,634.42529296875,25196100,0.0,0.0
2010-11-19 00:00:00+09:00,638.4533813513851,643.4885274348646,629.3901626551194,631.4042358398438,18039600,0.0,0.0
2010-11-22 00:00:00+09:00,638.453335360674,638.453335360674,628.3831176757812,628.3831176757812,13897200,0.0,0.0
2010-11-24 00:00:00+09:00,614.284774566622,626.3690280936815,612.2707015801724,617.3058471679688,17749200,0.0,0.0
2010-11-25 00:00:00+09:00,627.3760065936905,629.3900055189287,620.3267890854241,621.3338623046875,12918900,0.0,0.0
2010-11-26 00:00:00+09:00,622.3409578649009,628.3831030868902,618.3128487574654,619.3198852539062,9116700,0.0,0.0
2010-11-29 00:00:00+09:00,622.3408399281872,629.3899834324415,621.3338405009056,623.3478393554688,9544500,0.0,0.0
2010-11-30 00:00:00+09:00,624.3549868928932,627.3760592911545,606.228515625,606.228515625,22118700,0.0,0.0
2010-12-01 00:00:00+09:00,611.2637230584152,621.333977703179,610.2566865304401,620.326904296875,15708900,0.0,0.0
2010-12-02 00:00:00+09:00,634.425308738599,636.4393819233234,629.3901626551194,631.4042358398438,17455500,0.0,0.0
2010-12-03 00:00:00+09:00,632.4112998410155,636.4394466199415,631.404300024619,635.432373046875,11747700,0.0,0.0
2010-12-06 00:00:00+09:00,632.4112355538746,633.4183090245681,628.3831629410885,631.4042358398438,7209300,0.0,0.0
2010-12-07 00:00:00+09:00,625.3620304758956,627.3761034687772,616.2988126429116,619.3198852539062,18873900,0.0,0.0
2010-12-08 00:00:00+09:00,621.3340174295472,631.4042358398438,619.3199442448229,631.4042358398438,17519400,0.0,0.0
2010-12-09 00:00:00+09:00,633.4182211267334,641.474365234375,633.4182211267334,641.474365234375,17014200,0.0,0.0
2010-12-10 00:00:00+09:00,647.5165573452647,647.5165573452647,632.4111938476562,632.4111938476562,38763000,0.0,0.0
2010-12-13 00:00:00+09:00,634.4254848430778,640.4676323177738,633.4184848495228,639.4606323242188,9901800,0.0,0.0
2010-12-14 00:00:00+09:00,634.425296604878,638.4533691406251,634.425296604878,638.453369140625,11708700,0.0,0.0
2010-12-15 00:00:00+09:00,642.4817060615668,643.4887060551217,638.4535585739808,639.4606323242188,11195700,0.0,0.0
2010-12-16 00:00:00+09:00,644.4954679062882,652.5516861479881,643.4884682848216,647.5165405273438,19212600,0.0,0.0
2010-12-17 00:00:00+09:00,644.4953988344638,653.5586157263077,643.4883993209194,651.5446166992188,17286600,0.0,0.0
2010-12-20 00:00:00+09:00,656.5797034589236,663.6289214893966,655.572703921706,660.6078491210938,20797800,0.0,0.0
2010-12-21 00:00:00+09:00,661.6150160149206,667.657162279897,658.5939428824323,663.6290893554688,17714100,0.0,0.0
2010-12-22 00:00:00+09:00,662.6218524489552,665.6429248366505,659.6007800612599,664.6359252929688,11064300,0.0,0.0
2010-12-24 00:00:00+09:00,658.593852681365,663.6289984647875,656.5797796166644,657.5868530273438,9282000,0.0,0.0
2010-12-27 00:00:00+09:00,657.5869430904924,665.6430889393488,657.5869430904924,663.6290893554688,12568200,0.0,0.0
2010-12-28 00:00:00+09:00,661.6056199002177,663.628903374654,659.5823364257812,659.5823364257812,5063400,5.0,0.0
2010-12-29 00:00:00+09:00,657.5590131607404,659.582222190822,653.5124469127043,658.5706176757812,7253100,0.0,0.0
2010-12-30 00:00:00+09:00,653.5127332068797,655.5360172172684,650.4778442382812,650.4778442382812,9246000,0.0,0.0
2011-01-04 00:00:00+09:00,657.5593245117218,659.582534499783,652.5011513536257,653.5127563476562,14211000,0.0,0.0
2011-01-05 00:00:00+09:00,652.5010220769769,654.524305758147,646.4312451274236,648.4545288085938,14937000,0.0,0.0
2011-01-06 00:00:00+09:00,657.5592864513198,660.5941753517199,655.5360024863974,656.547607421875,19985700,0.0,0.0
2011-01-07 00:00:00+09:00,658.5706176757812,660.5939007997994,655.5357300367224,658.5706176757812,21149100,0.0,0.0
2011-01-11 00:00:00+09:00,653.5126600146717,661.6057210558495,653.5126600146717,660.5941162109375,13466100,0.0,0.0
2011-01-12 00:00:00+09:00,662.6172748184064,672.7336188634815,661.6056700514808,669.69873046875,17615700,0.0,0.0
2011-01-13 00:00:00+09:00,677.7916897418214,682.8498615624904,675.7684802887153,681.8382568359375,19039200,0.0,0.0
2011-01-14 00:00:00+09:00,673.7450805116663,683.8613483138616,673.7450805116663,676.7799682617188,21073500,0.0,0.0
2011-01-17 00:00:00+09:00,681.8383080832698,682.8499128858556,671.7219636815817,672.733642578125,9951000,0.0,0.0
2011-01-18 00:00:00+09:00,672.7337860458886,677.7918852314695,669.6988968969507,671.7221069335938,10181700,0.0,0.0
2011-01-19 00:00:00+09:00,675.7685310798399,677.7917406850115,671.7219636815817,672.733642578125,7666500,0.0,0.0
2011-01-20 00:00:00+09:00,672.733634467423,675.7685229325483,667.675462327562,673.7452392578125,12441600,0.0,0.0
2011-01-21 00:00:00+09:00,676.7800228403813,677.7916274739996,661.6055828663817,662.6171875,20669400,0.0,0.0
2011-01-24 00:00:00+09:00,676.7801919634582,688.9197469762556,675.7685870770463,687.9081420898438,31404900,0.0,0.0
2011-01-25 00:00:00+09:00,687.9080305294367,699.035904757213,685.8847469907721,697.0126953125,22334700,0.0,0.0
2011-01-26 00:00:00+09:00,700.0475913141657,705.1056890758288,696.0010241920924,702.07080078125,17280000,0.0,0.0
2011-01-27 00:00:00+09:00,703.0826044023164,718.2570485685968,700.0477155690603,716.2337646484375,26288400,0.0,0.0
2011-01-28 00:00:00+09:00,716.2338025681515,719.2686915620844,706.1175306196985,713.1989135742188,22835100,0.0,0.0
2011-01-31 00:00:00+09:00,703.0826416015625,711.1756295224585,698.0244685805254,703.0826416015625,17895600,0.0,0.0
2011-02-01 00:00:00+09:00,716.2335735794244,721.2917449834757,714.2102901990147,717.2451782226562,20655000,0.0,0.0
2011-02-02 00:00:00+09:00,722.3035805801868,733.431531589636,720.2802965528406,723.315185546875,22251300,0.0,0.0
2011-02-03 00:00:00+09:00,722.3034032543043,722.3034032543043,710.1638502584336,712.1871337890625,12039300,0.0,0.0
2011-02-04 00:00:00+09:00,714.2104257088374,718.2569932374273,709.15232743904,711.175537109375,17503500,0.0,0.0
2011-02-07 00:00:00+09:00,714.2103725278544,715.2220513816509,708.1405957808926,710.1638793945312,17822400,0.0,0.0
2011-02-08 00:00:00+09:00,714.2106166858536,722.3036798131254,712.1874064745203,720.2803955078125,14463300,0.0,0.0
2011-02-09 00:00:00+09:00,728.3733585682555,735.4547415230127,722.3035805801868,723.315185546875,16591800,0.0,0.0
2011-02-10 00:00:00+09:00,718.2570485685968,723.3151472280466,714.2104807282783,716.2337646484375,17381400,0.0,0.0
2011-02-14 00:00:00+09:00,727.3615827155368,736.4662475585938,725.33829916354,736.4662475585938,17239500,0.0,0.0
2011-02-15 00:00:00+09:00,742.5362168881343,749.6176000175702,740.5129328108791,745.5711059570312,16981200,0.0,0.0
2011-02-16 00:00:00+09:00,743.5477141775328,745.5709979617171,737.4779369189407,739.501220703125,11392200,0.0,0.0
2011-02-17 00:00:00+09:00,751.6407446498819,757.7105216616064,746.5825724421255,747.5941772460938,24139500,0.0,0.0
2011-02-18 00:00:00+09:00,751.6408905200426,753.6641005206212,746.5827173306518,750.6292114257812,11445600,0.0,0.0
2011-02-21 00:00:00+09:00,750.628857357847,751.6405359749045,741.5241943679515,744.55908203125,12044100,0.0,0.0
2011-02-22 00:00:00+09:00,734.4431599292183,735.4547649280997,724.3268876584868,726.35009765625,16013400,0.0,0.0
2011-02-23 00:00:00+09:00,719.2686915620844,725.3384695499501,712.1873086075643,713.1989135742188,17574900,0.0,0.0
2011-02-24 00:00:00+09:00,706.1175305953909,709.1524195892193,701.0593575743537,703.0826416015625,20739600,0.0,0.0
2011-02-25 00:00:00+09:00,710.1639869819254,718.2570485685968,706.1174932355725,716.2337646484375,27567600,0.0,0.0
2011-02-28 00:00:00+09:00,709.1521928889092,719.268461603066,702.0707381044481,717.2451782226562,21464400,0.0,0.0
2011-03-01 00:00:00+09:00,719.2685357761192,732.4196938701031,719.2685357761192,730.396484375,18734400,0.0,0.0
2011-03-02 00:00:00+09:00,720.2801197236753,723.315007972643,712.1871337890625,712.1871337890625,16690200,0.0,0.0
2011-03-03 00:00:00+09:00,718.2569580078125,719.268562793362,713.1987858921522,718.2569580078125,12061800,0.0,0.0
2011-03-04 00:00:00+09:00,729.3847303172228,730.3964090544006,716.2335735794244,717.2451782226562,19138200,0.0,0.0
2011-03-07 00:00:00+09:00,706.117451718775,708.1406614260122,689.9313294971093,694.989501953125,26613600,0.0,0.0
2011-03-08 00:00:00+09:00,693.9778654248421,699.0359635560338,689.9312980071393,692.9661865234375,14918100,0.0,0.0
2011-03-09 00:00:00+09:00,700.0476424574385,701.0592472648854,689.9312980071393,692.9661865234375,13889700,0.0,0.0
2011-03-10 00:00:00+09:00,693.9779195962425,694.9895244826544,681.838364583445,687.9081420898438,18126300,0.0,0.0
2011-03-11 00:00:00+09:00,673.7452236304072,681.8382840476762,668.6870516078695,669.69873046875,46971000,0.0,0.0
2011-03-14 00:00:00+09:00,588.7684006212926,647.4428900745683,587.3521315942212,626.1986694335938,48100200,0.0,0.0
2011-03-15 00:00:00+09:00,617.0941426611092,618.1057476849411,570.5591631082493,601.7173461914062,53768700,0.0,0.0
2011-03-16 00:00:00+09:00,631.2569117870145,647.4429617502301,611.0243308095025,625.1871337890625,47560500,0.0,0.0
2011-03-17 00:00:00+09:00,606.3706414978855,624.1753430233,600.9078429258324,618.1055297851562,43123200,0.0,0.0
2011-03-18 00:00:00+09:00,632.2683610437433,645.4195928631389,615.0706733005603,623.1636962890625,37854000,0.0,0.0
2011-03-22 00:00:00+09:00,645.4196682596746,649.4661617031404,629.2335462978908,636.3150024414062,27819600,0.0,0.0
2011-03-23 00:00:00+09:00,629.233627756374,632.26851675535,621.1406027747662,625.1871337890625,37019400,0.0,0.0
2011-03-24 00:00:00+09:00,624.1754568547836,625.1870617064834,607.9893717108002,609.0009765625,25324800,0.0,0.0
2011-03-25 00:00:00+09:00,622.1522135194181,623.1638184369082,597.6707891738272,602.526611328125,35876100,0.0,0.0
2011-03-28 00:00:00+09:00,607.9892974263237,615.0706787109375,601.1101926309589,615.0706787109375,19101600,0.0,0.0
2011-03-29 00:00:00+09:00,612.0208492265396,627.2705757006673,606.7343151092712,623.2039794921875,28952400,5.0,0.0
2011-03-30 00:00:00+09:00,620.1540620185883,639.4703481051436,612.0208693344135,636.42041015625,31367100,0.0,0.0
2011-03-31 00:00:00+09:00,646.5868166635476,646.5868166635476,630.3205064736013,635.4036865234375,22664400,0.0,0.0
2011-04-01 00:00:00+09:00,638.4537057592787,642.5203396714086,619.1374552914988,620.1541137695312,42386100,0.0,0.0
2011-04-04 00:00:00+09:00,625.2371596070788,627.2704760034906,611.0041309855999,612.020751953125,33262200,0.0,0.0
2011-04-05 00:00:00+09:00,604.7009029257318,608.5641817446333,591.8911659835109,596.5677490234375,44729700,0.0,0.0
2011-04-06 00:00:00+09:00,598.8045344090292,603.2777646079581,585.9947942100736,588.6380615234375,35402400,0.0,0.0
2011-04-07 00:00:00+09:00,598.8044565452225,601.4477235148768,591.6879227276171,595.14453125,25139400,0.0,0.0
2011-04-08 00:00:00+09:00,589.8578107432028,606.124153680645,583.9612535168613,603.6842041015625,37950000,0.0,0.0
2011-04-11 00:00:00+09:00,597.9911328037583,597.9911328037583,589.6546608701277,590.2646484375,27784800,0.0,0.0
2011-04-12 00:00:00+09:00,583.1480756395767,583.5547464010178,578.0648586596411,581.9281005859375,28646400,0.0,0.0
2011-04-13 00:00:00+09:00,585.5880258314317,603.0743473463482,584.774721539116,601.244384765625,32509200,0.0,0.0
2011-04-14 00:00:00+09:00,594.5343802164006,606.937444562734,592.0944306905203,602.870849609375,24640500,0.0,0.0
2011-04-15 00:00:00+09:00,604.9042817836244,611.0041567689022,602.4643317895132,606.9375610351562,27717600,0.0,0.0
2011-04-18 00:00:00+09:00,608.9707284912422,611.0040446001782,600.8375757475245,606.1241455078125,14582100,0.0,0.0
2011-04-19 00:00:00+09:00,599.0077579450101,602.0576956127545,596.3644910431931,599.4144287109375,17439900,0.0,0.0
2011-04-20 00:00:00+09:00,603.4807919629799,620.1538039662457,601.4475132533482,619.1371459960938,20873700,0.0,0.0
2011-04-21 00:00:00+09:00,621.1704656290281,627.2703766211358,613.0373130240091,625.237060546875,17496900,0.0,0.0
2011-04-22 00:00:00+09:00,617.1039954692744,646.5867104210121,617.1039954692744,639.47021484375,25531800,0.0,0.0
2011-04-25 00:00:00+09:00,633.3704137667437,642.5202267691781,630.3204760992656,631.3370971679688,13683000,0.0,0.0
2011-04-26 00:00:00+09:00,624.2205307691096,628.287126522525,618.1206557543278,621.1705932617188,15889800,0.0,0.0
2011-04-27 00:00:00+09:00,626.2538016406945,635.4036140402892,624.2205224065674,630.3204345703125,14622300,0.0,0.0
2011-04-28 00:00:00+09:00,638.4537285755516,648.6202392578125,636.4204860082071,648.6202392578125,27070200,0.0,0.0
2011-05-02 00:00:00+09:00,659.8030694253986,661.8363857535429,651.669953035539,655.7365112304688,16402200,0.0,0.0
2011-05-06 00:00:00+09:00,631.336934308308,633.3702503825688,622.1871236661585,625.237060546875,27088200,0.0,0.0
2011-05-09 00:00:00+09:00,630.3205710890977,630.3205710890977,620.15409825518,622.1873779296875,17493300,0.0,0.0
2011-05-10 00:00:00+09:00,620.1540416434992,629.3038179588773,609.987569737643,623.2039794921875,22632300,0.0,0.0
2011-05-11 00:00:00+09:00,632.3537765834748,641.5035904301554,629.3038386345812,636.42041015625,25782300,0.0,0.0
2011-05-12 00:00:00+09:00,626.2538016406945,642.5201844364389,623.2039014048448,630.3204345703125,23375400,0.0,0.0
2011-05-13 00:00:00+09:00,635.4035821184343,643.5367731077055,630.32040290383,639.47021484375,27946800,0.0,0.0
2011-05-16 00:00:00+09:00,638.4536524812619,640.4869692676496,632.3537765834748,636.42041015625,21640800,0.0,0.0
2011-05-17 00:00:00+09:00,632.3537073619735,640.4868991558369,628.2871486957257,634.3870239257812,19418400,0.0,0.0
2011-05-18 00:00:00+09:00,633.370547822617,635.4037903903686,624.2206956528887,628.2872924804688,15943200,0.0,0.0
2011-05-19 00:00:00+09:00,626.2538452148438,629.303782893587,620.1540070880416,626.2538452148438,17481300,0.0,0.0
2011-05-20 00:00:00+09:00,623.2039794921875,631.3371346784605,621.1706627726043,623.2039794921875,10799700,0.0,0.0
2011-05-23 00:00:00+09:00,616.08740234375,618.1206816904321,609.9875270730198,616.08740234375,19043700,0.0,0.0
2011-05-24 00:00:00+09:00,609.9874622689232,620.153932383632,609.9874622689232,615.0706787109375,12168000,0.0,0.0
2011-05-25 00:00:00+09:00,622.1873211323958,629.3038179588773,621.1706627726043,623.2039794921875,14769600,0.0,0.0
2011-05-26 00:00:00+09:00,626.2538343468415,630.3204674888398,623.2039339517107,629.3037719726562,14565900,0.0,0.0
2011-05-27 00:00:00+09:00,629.3037982329356,630.3204937915448,622.1873016295255,624.2205810546875,16253700,0.0,0.0
2011-05-30 00:00:00+09:00,617.1040606324331,619.1373399791152,608.3608812572638,616.08740234375,24646800,0.0,0.0
2011-05-31 00:00:00+09:00,613.0376009154089,629.3039137643445,613.0376009154089,628.2872924804688,21163500,0.0,0.0
2011-06-01 00:00:00+09:00,629.3037697469458,636.420340489589,626.253832131918,634.3870239257812,16565100,0.0,0.0
2011-06-02 00:00:00+09:00,621.1704247057254,623.2037406460295,617.103867286462,619.1371459960938,17492100,0.0,0.0
2011-06-03 00:00:00+09:00,620.153890322252,620.153890322252,613.0373580015603,614.0540161132812,12489300,0.0,0.0
2011-06-06 00:00:00+09:00,612.020751953125,617.1040057134738,608.7674978418191,612.020751953125,14201100,0.0,0.0
2011-06-07 00:00:00+09:00,612.0206998898393,618.12057409881,608.9707627853539,614.0540161132812,11992200,0.0,0.0
2011-06-08 00:00:00+09:00,611.0043985645993,614.0543372642052,603.8878625219534,605.921142578125,21633900,0.0,0.0
2011-06-09 00:00:00+09:00,602.260997151699,603.6843261811126,597.9910845248252,601.4476928710938,17827200,0.0,0.0
2011-06-10 00:00:00+09:00,603.8876235425173,613.0374360204341,603.8876235425173,606.9375610351562,30670200,0.0,0.0
2011-06-13 00:00:00+09:00,597.787794029428,598.6010983457703,589.8579559453642,591.8912353515625,17570700,0.0,0.0
2011-06-14 00:00:00+09:00,589.8580701470742,598.1945806186734,588.6380948210202,595.9579467773438,17988900,0.0,0.0
2011-06-15 00:00:00+09:00,602.8709696215332,611.0041611473071,593.9245110661375,607.9542236328125,27120600,0.0,0.0
2011-06-16 00:00:00+09:00,602.8709190451834,606.5308437555367,599.8209817865558,600.4309692382812,14497200,0.0,0.0
2011-06-17 00:00:00+09:00,600.2277484164694,600.2277484164694,590.2646308563702,595.14453125,14568300,0.0,0.0
2011-06-20 00:00:00+09:00,597.5843799017778,599.2109882694614,588.2312142495417,589.0445556640625,10180800,0.0,0.0
2011-06-21 00:00:00+09:00,594.3313029065583,597.1779244219671,591.281364579582,595.3479614257812,14935500,0.0,0.0
2011-06-22 00:00:00+09:00,595.5509505083523,603.6841397250936,595.347633808669,599.8208618164062,18006000,0.0,0.0
2011-06-23 00:00:00+09:00,597.9909591022539,609.3774027959538,597.1776549922309,602.6675415039062,10174200,0.0,0.0
2011-06-24 00:00:00+09:00,602.87107533798,612.0208894859292,602.6677585449219,609.9876098632812,9616200,0.0,0.0
2011-06-27 00:00:00+09:00,615.0706369943247,620.153890322252,613.0373580015603,614.0540161132812,18516300,0.0,0.0
2011-06-28 00:00:00+09:00,623.2497043500387,627.3365626311116,619.1628086524322,621.2062377929688,15445200,5.0,0.0
2011-06-29 00:00:00+09:00,630.4017377506432,633.4669000495392,628.3582712736911,632.4451293945312,12736500,0.0,0.0
2011-06-30 00:00:00+09:00,634.4886529219062,634.4886529219062,623.2497359542441,630.4017944335938,17940000,0.0,0.0
2011-07-01 00:00:00+09:00,634.488619082087,637.5537814931115,633.4669232227676,635.5103149414062,9550200,0.0,0.0
2011-07-04 00:00:00+09:00,648.7924321029561,657.9879150390625,648.7924321029561,657.9879150390625,17661900,0.0,0.0
2011-07-05 00:00:00+09:00,655.9444946862162,656.9661901385781,651.8576380437319,652.8793334960938,8447700,0.0,0.0
2011-07-06 00:00:00+09:00,650.8360318360636,663.0966796875,649.8143361261292,663.0966796875,12702000,0.0,0.0
2011-07-07 00:00:00+09:00,657.9882624536305,660.0316542963116,653.9013291021258,656.9664916992188,12120000,0.0,0.0
2011-07-08 00:00:00+09:00,669.2270273057495,669.2270273057495,664.1184737421643,666.161865234375,14534700,0.0,0.0
2011-07-11 00:00:00+09:00,660.0313546368074,665.1399815902952,656.9661934313222,664.1182861328125,11049300,0.0,0.0
2011-07-12 00:00:00+09:00,649.814279061756,654.9229068289183,646.7491173680685,647.7708129882812,14781600,0.0,0.0
2011-07-13 00:00:00+09:00,644.7057309224904,653.9012171392916,643.6840351760875,648.7926635742188,12070800,0.0,0.0
2011-07-14 00:00:00+09:00,645.7274143630839,673.3138692907829,641.640482262874,661.05322265625,23052000,0.0,0.0
2011-07-15 00:00:00+09:00,656.9665201843899,660.031682914384,652.8796614887558,655.94482421875,10180200,0.0,0.0
2011-07-19 00:00:00+09:00,645.7273930025508,647.7707841520125,642.6622314453125,642.6622314453125,10868700,0.0,0.0
2011-07-20 00:00:00+09:00,651.8579524187986,659.0099737006495,650.836181640625,650.836181640625,11324100,0.0,0.0
2011-07-21 00:00:00+09:00,649.8143686592862,650.8360644203722,643.6840444266514,646.7492065429688,10710900,0.0,0.0
2011-07-22 00:00:00+09:00,652.8794332888787,664.1183843148833,650.8359672387737,661.05322265625,12453300,0.0,0.0
2011-07-25 00:00:00+09:00,653.901344309,656.9665069773752,648.7927897504235,650.836181640625,8591100,0.0,0.0
2011-07-26 00:00:00+09:00,648.7926913335394,661.0533401471934,648.7926913335394,653.9012451171875,9916500,0.0,0.0
2011-07-27 00:00:00+09:00,648.7925545597891,649.81425013452,641.6404610375359,642.6622314453125,13044000,0.0,0.0
2011-07-28 00:00:00+09:00,633.4669570080957,634.4886529219062,625.2931651984003,630.4017944335938,13990200,0.0,0.0
2011-07-29 00:00:00+09:00,630.4017755991663,634.4886339653763,626.3148798164223,629.3800048828125,11256300,0.0,0.0
2011-08-01 00:00:00+09:00,639.5971489520518,649.8143304614972,635.5102164818296,638.5753784179688,13104600,0.0,0.0
2011-08-02 00:00:00+09:00,631.4234566710624,645.7275728668659,625.2931318490132,635.5103149414062,18243900,0.0,0.0
2011-08-03 00:00:00+09:00,627.3365777052697,627.3365777052697,613.0324985447373,615.075927734375,16778400,0.0,0.0
2011-08-04 00:00:00+09:00,609.354116378292,621.2060619040858,600.7716640349357,608.1280517578125,34043100,0.0,0.0
2011-08-05 00:00:00+09:00,584.4241620685765,590.963186283865,582.7894340771485,589.7371215820312,29455500,0.0,0.0
2011-08-08 00:00:00+09:00,577.2720652438803,578.7024613980439,569.9156780227188,571.9591064453125,25036800,0.0,0.0
2011-08-09 00:00:00+09:00,551.9334439808657,556.8377027571978,535.3815706107449,556.2246704101562,31281900,0.0,0.0
2011-08-10 00:00:00+09:00,549.89013671875,549.89013671875,549.89013671875,549.89013671875,28907100,0.0,0.0
2011-08-11 00:00:00+09:00,531.2945909749909,536.403180219192,523.3251722974487,524.9598999023438,30111600,0.0,0.0
2011-08-12 00:00:00+09:00,524.9598999023438,524.9598999023438,524.9598999023438,524.9598999023438,27724800,0.0,0.0
2011-08-15 00:00:00+09:00,528.6383978718652,537.220853702731,525.1645716465877,536.1991577148438,19412100,0.0,0.0
2011-08-16 00:00:00+09:00,541.3074554993179,543.759584403052,531.4989398843812,534.7684326171875,16157400,0.0,0.0
2011-08-17 00:00:00+09:00,529.2512576605468,531.294723802321,515.1515133983237,521.4862060546875,24636000,0.0,0.0
2011-08-18 00:00:00+09:00,508.4081726074218,508.4081726074218,508.4081726074218,508.4081726074219,23551800,0.0,0.0
2011-08-19 00:00:00+09:00,490.63020920863005,495.7388370442838,488.9954812277629,491.0389099121094,26673300,0.0,0.0
2011-08-22 00:00:00+09:00,487.97388565822155,490.4260157369061,477.1436320051863,478.5740661621094,20974200,0.0,0.0
2011-08-23 00:00:00+09:00,483.06962459816475,485.3174229716038,471.0133059283163,483.2739562988281,30073200,0.0,0.0
2011-08-24 00:00:00+09:00,490.4259922279269,496.55631713077594,471.6263167203451,473.8741149902344,27923100,0.0,0.0
2011-08-25 00:00:00+09:00,484.49987061664206,504.32127416057597,483.0694743238982,499.212646484375,37957200,0.0,0.0
2011-08-26 00:00:00+09:00,496.35202658240877,502.8910154097788,492.26513050289975,499.62152099609375,17943600,0.0,0.0
2011-08-29 00:00:00+09:00,496.55632143911697,503.50401058378253,487.56516569808247,496.35198974609375,18369600,0.0,0.0
2011-08-30 00:00:00+09:00,507.7951285418575,512.086355085638,497.7822790785449,502.215576171875,20493900,0.0,0.0
2011-08-31 00:00:00+09:00,500.43876556702,508.20385503612926,499.41706985388083,505.5473937988281,16422000,0.0,0.0
2011-09-01 00:00:00+09:00,506.7734197386253,525.1643901636174,505.5473550436258,516.9906005859375,25686600,0.0,0.0
2011-09-02 00:00:00+09:00,511.26916013898483,517.1951540835986,507.7952964588266,512.2908935546875,22750800,0.0,0.0
2011-09-05 00:00:00+09:00,501.0517444734935,502.6865098231418,485.9303053012117,489.1997985839844,20339400,0.0,0.0
2011-09-06 00:00:00+09:00,485.5217171858811,487.76951538577106,476.1218984330794,481.6391906738281,21808500,0.0,0.0
2011-09-07 00:00:00+09:00,486.9522642174702,489.40439485963384,481.6393394371453,485.3175354003906,14560200,0.0,0.0
2011-09-08 00:00:00+09:00,491.24334789049607,496.5563085196744,479.8000998813117,484.90869140625,13908900,0.0,0.0
2011-09-09 00:00:00+09:00,480.61733373377007,486.9519885004337,477.96087284772204,479.9041748046875,29237100,0.0,0.0
2011-09-12 00:00:00+09:00,467.3351427175208,467.53951184867,458.75268687232295,463.0439147949219,21547800,0.0,0.0
2011-09-13 00:00:00+09:00,465.70036386486436,474.07844967395283,461.81779979086326,468.5611572265625,16440600,0.0,0.0
2011-09-14 00:00:00+09:00,466.3133402831041,473.87406099629317,462.83947742846226,469.17413330078125,15506700,0.0,0.0
2011-09-15 00:00:00+09:00,479.1869081151089,488.9954245291221,478.3695068029273,486.28216552734375,18267300,0.0,0.0
2011-09-16 00:00:00+09:00,494.5128546658095,501.664874959793,491.4476924208077,499.4171142578125,15500700,0.0,0.0
2011-09-20 00:00:00+09:00,494.512709418298,497.37350172901137,481.02599950158555,484.7041931152344,14168400,0.0,0.0
2011-09-21 00:00:00+09:00,483.27409935412584,489.81312729287964,482.4567348929866,483.68280029296875,9210300,0.0,0.0
2011-09-22 00:00:00+09:00,466.3134604169301,468.3568898726415,460.3874663538662,464.8830261230469,23501700,0.0,0.0
2011-09-26 00:00:00+09:00,465.0872874464925,466.72201566549313,455.0743993765933,458.7525939941406,21896400,0.0,0.0
2011-09-27 00:00:00+09:00,465.2914113991632,474.2825622558594,460.18282251649083,474.2825622558594,15414000,0.0,0.0
2011-09-28 00:00:00+09:00,477.3679218391539,481.6870627676342,472.02040146963344,474.89984130859375,20311800,5.0,0.0
2011-09-29 00:00:00+09:00,464.6161362954858,479.6302795410156,460.70835487375234,479.6302795410156,21960600,0.0,0.0
2011-09-30 00:00:00+09:00,476.5451993792658,479.8359985000876,468.31827689705113,472.84307861328125,16715400,0.0,0.0
2011-10-03 00:00:00+09:00,464.616179409406,466.6729007180262,453.5098165549979,465.8502197265625,17747700,0.0,0.0
2011-10-04 00:00:00+09:00,453.50953686789535,454.53791571794744,443.22586134706984,452.89251708984375,20691600,0.0,0.0
2011-10-05 00:00:00+09:00,462.1479730308592,464.20469377987337,449.19055322625564,451.4529724121094,31707600,0.0,0.0
2011-10-06 00:00:00+09:00,459.67999075112084,464.41049090499814,456.80055096268427,458.651611328125,21430500,0.0,0.0
2011-10-07 00:00:00+09:00,466.87854119983047,470.16930241672054,456.18350134008284,457.41754150390625,18694500,0.0,0.0
2011-10-11 00:00:00+09:00,473.0485603131299,486.2116377844503,470.58048093351334,482.7151794433594,34633500,0.0,0.0
2011-10-12 00:00:00+09:00,470.5807151251345,475.1055170196334,461.9424329975048,472.0204162597656,30638700,0.0,0.0
2011-10-13 00:00:00+09:00,482.3039697208344,483.3323112606395,472.63731069125174,473.4599914550781,15904800,0.0,0.0
2011-10-14 00:00:00+09:00,468.93525877535836,469.96363812422396,460.29697769265437,462.35369873046875,24438300,0.0,0.0
2011-10-17 00:00:00+09:00,473.0488025489924,481.4813863075183,472.43178238812845,479.0133056640625,16287600,0.0,0.0
2011-10-18 00:00:00+09:00,468.3182517339926,489.50259575890414,467.08421154497023,487.0345153808594,18093300,0.0,0.0
2011-10-19 00:00:00+09:00,487.24021297178496,491.9706752478768,483.5380924114082,488.2685546875,12390000,0.0,0.0
2011-10-20 00:00:00+09:00,487.85723071287555,488.2685523332112,472.63738926251733,473.8714294433594,14146800,0.0,0.0
2011-10-21 00:00:00+09:00,468.9353154998979,476.13389649289644,468.9353154998979,472.0204162597656,10933200,0.0,0.0
2011-10-24 00:00:00+09:00,474.89990625365095,486.41759186475565,474.07718752433965,484.3608703613281,9702300,0.0,0.0
2011-10-25 00:00:00+09:00,486.41744297709937,486.41744297709937,481.6869812011719,481.6869812011719,15852300,0.0,0.0
2011-10-26 00:00:00+09:00,474.2828428707203,483.949466950974,470.5807219055367,479.0133056640625,10722600,0.0,0.0
2011-10-27 00:00:00+09:00,476.7509773895354,492.7935033848873,475.5169369283545,492.1764831542969,13250700,0.0,0.0
2011-10-28 00:00:00+09:00,505.5450746994786,515.8287546094308,503.8997130290248,513.7720336914062,22920000,0.0,0.0
2011-10-31 00:00:00+09:00,502.0487086764627,513.1550706554265,494.6444673571536,494.8501281738281,23332200,0.0,0.0
2011-11-01 00:00:00+09:00,483.33240690159647,511.9210304355416,482.304065158305,494.8501281738281,18843000,0.0,0.0
2011-11-02 00:00:00+09:00,489.5025925140532,490.53097188472753,473.46007016310614,473.8714294433594,17700600,0.0,0.0
2011-11-04 00:00:00+09:00,488.4742496717378,494.6444505616549,484.56643066817867,493.2047119140625,17223300,0.0,0.0
2011-11-07 00:00:00+09:00,490.53099004148714,492.38205038126637,482.7153893868909,487.65155029296875,9723900,0.0,0.0
2011-11-08 00:00:00+09:00,483.53801406487435,488.0628147966639,473.66569417012516,475.5167541503906,13359000,0.0,0.0
2011-11-09 00:00:00+09:00,483.3324150548794,487.0345357769847,475.311153490318,480.247314453125,9714900,0.0,0.0
2011-11-10 00:00:00+09:00,469.96354384390855,474.07698509433175,463.7933443083645,464.8216857910156,16771200,0.0,0.0
2011-11-11 00:00:00+09:00,467.90684547201397,473.25436497417945,463.7934036948843,467.2898254394531,11395800,0.0,0.0
2011-11-14 00:00:00+09:00,478.19057564591554,480.24729675130163,467.49557317402264,469.9636535644531,10160100,0.0,0.0
2011-11-15 00:00:00+09:00,465.2331249948142,470.99196633180725,462.9707055560346,467.49554443359375,8085900,0.0,0.0
2011-11-16 00:00:00+09:00,467.2898628144936,468.31824217098546,457.0062198892432,457.41754150390625,10576500,0.0,0.0
2011-11-17 00:00:00+09:00,457.4175274235707,466.0558083044289,453.71540704605997,463.7934265136719,14201700,0.0,0.0
2011-11-18 00:00:00+09:00,458.4456950923078,458.4456950923078,451.0414577556891,452.89251708984375,17314800,0.0,0.0
2011-11-21 00:00:00+09:00,448.36790814140437,449.3962497677949,438.7012482978974,442.8147277832031,13867800,0.0,0.0
2011-11-22 00:00:00+09:00,438.08419339373836,453.5096931611235,437.467173403043,451.4529724121094,19442400,0.0,0.0
2011-11-24 00:00:00+09:00,440.9637489988331,455.3608733630571,438.4956683843992,451.65875244140625,16372800,0.0,0.0
2011-11-25 00:00:00+09:00,447.5452355628551,461.5310371197913,446.9282154597538,456.800537109375,14319900,0.0,0.0
2011-11-28 00:00:00+09:00,469.3464310008322,476.9563297019394,467.90669295420787,475.7222900390625,17070000,0.0,0.0
2011-11-29 00:00:00+09:00,482.30394462675355,494.85000450691757,479.6301663785887,492.58758544921875,19340100,0.0,0.0
2011-11-30 00:00:00+09:00,488.4742054629815,492.5876472440325,483.9493667799456,491.3536071777344,20769300,0.0,0.0
2011-12-01 00:00:00+09:00,512.1266181687802,515.4173790655562,509.4528772938943,510.892578125,24949500,0.0,0.0
2011-12-02 00:00:00+09:00,510.892790083498,511.7154712340265,504.51692643206195,509.8644104003906,14144700,0.0,0.0
2011-12-05 00:00:00+09:00,515.211783432379,516.445823632217,500.814660320908,505.95648193359375,15027600,0.0,0.0
2011-12-06 00:00:00+09:00,503.6939888511984,510.4812089599565,503.0769688413113,506.3677673339844,16260600,0.0,0.0
2011-12-07 00:00:00+09:00,509.65844849712977,514.1832486423492,507.39602959456664,513.1549072265625,13695300,0.0,0.0
2011-12-08 00:00:00+09:00,508.0131918917176,511.09829232357,503.8997497558594,503.8997497558594,12770100,0.0,0.0
2011-12-09 00:00:00+09:00,490.530833026408,507.1903707518332,490.530833026408,502.25421142578125,40151700,0.0,0.0
2011-12-12 00:00:00+09:00,508.218776680114,512.7435770814002,504.927978515625,504.927978515625,11607000,0.0,0.0
2011-12-13 00:00:00+09:00,491.5593575795311,497.3181992775783,486.417498319925,490.3253173828125,24357000,0.0,0.0
2011-12-14 00:00:00+09:00,484.360659094851,484.7720182800816,476.75075895749177,479.42449951171875,22249800,0.0,0.0
2011-12-15 00:00:00+09:00,478.1905539084503,479.63025485078316,470.58065227052447,470.9919738769531,12672900,0.0,0.0
2011-12-16 00:00:00+09:00,472.2260390917209,472.6373983799094,463.79345613324335,465.0274963378906,14610300,0.0,0.0
2011-12-19 00:00:00+09:00,461.3254512730335,468.7296937134749,460.09141086629324,462.14813232421875,13323300,0.0,0.0
2011-12-20 00:00:00+09:00,474.8998942096387,476.339595459533,466.8786315917969,466.8786315917969,12021000,0.0,0.0
2011-12-21 00:00:00+09:00,475.92807154657856,479.2188699226754,474.0770115824909,478.19049072265625,14478600,0.0,0.0
2011-12-22 00:00:00+09:00,475.1053907825101,480.4529098987339,475.1053907825101,478.19049072265625,15145200,0.0,0.0
2011-12-26 00:00:00+09:00,487.0344921960671,488.47423078800114,483.33237180523577,484.15509033203125,6321900,0.0,0.0
2011-12-27 00:00:00+09:00,484.1550127932706,486.41739422984136,481.27557373046875,481.27557373046875,6712800,0.0,0.0
2011-12-28 00:00:00+09:00,480.86153901275605,487.0715461369108,480.6545514095761,485.0015563964844,12316800,5.0,0.0
2011-12-29 00:00:00+09:00,483.13874666831174,483.13874666831174,477.1357247566451,481.0687561035156,8033400,0.0,0.0
2011-12-30 00:00:00+09:00,484.7946804181023,486.03668212890625,481.2756629365297,486.03668212890625,6443400,0.0,0.0
2012-01-04 00:00:00+09:00,496.5935834036329,506.52959482377815,495.3515819761148,505.7015686035156,18614400,0.0,0.0
2012-01-05 00:00:00+09:00,507.77172851562494,513.9817372707981,504.252710920065,507.771728515625,20196300,0.0,0.0
2012-01-06 00:00:00+09:00,510.66970733278214,511.0837205507555,504.8737117955823,507.771728515625,16224300,0.0,0.0
2012-01-10 00:00:00+09:00,513.3606422049352,517.0866467743995,511.497639920203,514.8096313476562,13820400,0.0,0.0
2012-01-11 00:00:00+09:00,514.1886365468899,515.2236504624769,508.18561648109136,511.91162109375,12144600,0.0,0.0
2012-01-12 00:00:00+09:00,509.22072015605033,512.7397377670337,505.49471488661584,511.29071044921875,11982000,0.0,0.0
2012-01-13 00:00:00+09:00,518.3285595490723,529.5065713435604,517.7075588938229,528.4715576171875,24901500,0.0,0.0
2012-01-16 00:00:00+09:00,528.2645495476373,528.2645495476373,521.6405301808913,527.4365234375,16799700,0.0,0.0
2012-01-17 00:00:00+09:00,527.8507940835322,535.9238062283391,527.6438064064232,531.3698120117188,14578500,0.0,0.0
2012-01-18 00:00:00+09:00,527.8506960972815,533.0256902874706,521.2266747276491,530.5416870117188,16345800,0.0,0.0
2012-01-19 00:00:00+09:00,535.0957238205738,537.5797271220188,531.7836941500587,533.0256958007812,13149300,0.0,0.0
2012-01-20 00:00:00+09:00,548.3436627872372,552.276654906798,545.6526721688933,550.2066650390625,21546000,0.0,0.0
2012-01-23 00:00:00+09:00,550.827581848761,556.4165877525253,549.5855805368135,553.3115844726562,13977900,0.0,0.0
2012-01-24 00:00:00+09:00,558.9007872027167,566.5597853560143,551.4487767066805,552.8977661132812,19068000,0.0,0.0
2012-01-25 00:00:00+09:00,561.3847152954215,578.9797250800481,560.3497013423681,574.01171875,27026400,0.0,0.0
2012-01-26 00:00:00+09:00,574.2187476760058,575.2537237322956,565.9387118084035,567.5947265625,16672500,0.0,0.0
2012-01-27 00:00:00+09:00,565.5247552181194,570.4927617415498,553.7257397249722,556.6237182617188,21650700,0.0,0.0
2012-01-30 00:00:00+09:00,549.9997493547556,564.9037693185769,549.3787485229298,555.1747436523438,14124000,0.0,0.0
2012-01-31 00:00:00+09:00,551.86279296875,563.66180965257,548.7577885782711,551.86279296875,14272500,0.0,0.0
2012-02-01 00:00:00+09:00,544.8244256237089,556.6234351148585,536.3374440653166,553.5184326171875,23180700,0.0,0.0
2012-02-02 00:00:00+09:00,561.798735053191,571.7347478299437,561.798735053191,563.4547119140625,24763500,0.0,0.0
2012-02-03 00:00:00+09:00,559.1078616910464,568.2158885683333,555.1748681749617,556.4168701171875,12922800,0.0,0.0
2012-02-06 00:00:00+09:00,574.8398210121492,575.0468086689516,569.4578008093182,572.5628051757812,16962600,0.0,0.0
2012-02-07 00:00:00+09:00,568.4227377569746,573.1837566764103,567.3877616592275,572.1487426757812,12132600,0.0,0.0
2012-02-08 00:00:00+09:00,579.6008940066032,587.6739066348157,578.772905345699,587.4669189453125,18702300,0.0,0.0
2012-02-09 00:00:00+09:00,587.8808515082128,588.5018523943472,579.6008144244964,584.1548461914062,16963800,0.0,0.0
2012-02-10 00:00:00+09:00,584.3616498345143,585.8106388115731,571.9416360229412,573.390625,14229900,0.0,0.0
2012-02-13 00:00:00+09:00,571.1138093654058,581.2568108811015,570.0787952872342,575.4608154296875,10477200,0.0,0.0
2012-02-14 00:00:00+09:00,573.8046990259522,584.1547242689383,573.8046990259522,578.772705078125,13653000,0.0,0.0
2012-02-15 00:00:00+09:00,588.0876874191899,603.1986924482561,585.810672123296,597.8167114257812,24435600,0.0,0.0
2012-02-16 00:00:00+09:00,594.711826551873,604.4408145983293,592.2278231522869,596.5748291015625,15456600,0.0,0.0
2012-02-17 00:00:00+09:00,612.7207234708401,614.5837256321674,608.9947191481854,610.6506958007812,17482200,0.0,0.0
2012-02-20 00:00:00+09:00,621.0007996938846,626.1757937237066,615.8258056640625,615.8258056640625,18511800,0.0,0.0
2012-02-21 00:00:00+09:00,614.7908601733619,617.6888768623461,604.8548462715702,607.5458374023438,15246600,0.0,0.0
2012-02-22 00:00:00+09:00,605.0618058527366,622.0358540826448,600.7147999723987,620.1728515625,22543200,0.0,0.0
2012-02-23 00:00:00+09:00,619.1378689309129,627.210880261005,617.0678786600561,623.0708618164062,20410800,0.0,0.0
2012-02-24 00:00:00+09:00,623.0707650365579,640.6657743630695,621.000775087227,639.6307983398438,21956400,0.0,0.0
2012-02-27 00:00:00+09:00,654.1210138251226,661.3659995057319,648.9459807356711,649.98095703125,22958700,0.0,0.0
2012-02-28 00:00:00+09:00,637.5607873959705,645.8408232186424,634.4558213410688,644.8058471679688,22798500,0.0,0.0
2012-02-29 00:00:00+09:00,646.8758408341172,648.9458688742344,636.5258522450624,640.6658325195312,22584000,0.0,0.0
2012-03-01 00:00:00+09:00,644.8058300674902,652.0508138415883,635.4907805383025,639.6307983398438,19335300,0.0,0.0
2012-03-02 00:00:00+09:00,649.980785989378,652.0508138415883,632.3857766628663,639.6307983398438,19303200,0.0,0.0
2012-03-05 00:00:00+09:00,637.5608618511734,640.6658661715619,628.2458867928929,631.3508911132812,12324300,0.0,0.0
2012-03-06 00:00:00+09:00,630.3159564141644,632.3859469208011,615.2049461196484,619.137939453125,19204800,0.0,0.0
2012-03-07 00:00:00+09:00,606.9247689331962,623.0707897252372,604.4407657344207,615.8258056640625,18680400,0.0,0.0
2012-03-08 00:00:00+09:00,621.0010686481393,628.24609375,619.759066510843,628.24609375,18174600,0.0,0.0
2012-03-09 00:00:00+09:00,641.7009009665809,649.9808617287315,634.4558784453735,645.8408813476562,39309000,0.0,0.0
2012-03-12 00:00:00+09:00,648.9458509306542,652.0508550020927,641.7008666992188,641.7008666992188,13436100,0.0,0.0
2012-03-13 00:00:00+09:00,643.7708188763355,649.9808270192126,638.5958626277802,641.7008666992188,18361200,0.0,0.0
2012-03-14 00:00:00+09:00,656.1907725918228,662.4007801425522,654.1208206120838,659.2957763671875,19980900,0.0,0.0
2012-03-15 00:00:00+09:00,668.6107301591646,683.100771799247,668.6107301591646,682.0657958984375,24378300,0.0,0.0
2012-03-16 00:00:00+09:00,678.9609552751841,681.0309075733915,672.7509467690262,677.9259033203125,16320600,0.0,0.0
2012-03-19 00:00:00+09:00,681.0306261931147,681.0306261931147,671.7156172825444,673.78564453125,12729600,0.0,0.0
2012-03-21 00:00:00+09:00,664.4706830527479,670.6806894364184,662.4006556562771,666.5407104492188,16400100,0.0,0.0
2012-03-22 00:00:00+09:00,666.5409382628683,679.9959314242877,664.470910158893,677.9259033203125,16507200,0.0,0.0
2012-03-23 00:00:00+09:00,663.4357117758959,667.575690791292,657.2257053499304,658.2606811523438,18187500,0.0,0.0
2012-03-26 00:00:00+09:00,658.2607681366828,663.4357994440775,653.0857368292883,654.1207885742188,15086400,0.0,0.0
2012-03-27 00:00:00+09:00,664.4706734473552,676.8906860351562,664.4706734473552,676.8906860351562,19248600,0.0,0.0
2012-03-28 00:00:00+09:00,677.9304693187579,681.0497814109532,671.6918451343672,674.8111572265625,15603300,5.0,0.0
2012-03-29 00:00:00+09:00,669.6125161725694,671.6920072993593,659.214755918225,660.2545776367188,14492100,0.0,0.0
2012-03-30 00:00:00+09:00,658.1749884460163,660.2545556586819,649.85679575045,654.0159301757812,16897500,0.0,0.0
2012-04-02 00:00:00+09:00,671.692201702248,675.8513374697731,667.5331420898438,667.5331420898438,15989400,0.0,0.0
2012-04-03 00:00:00+09:00,660.2545047076345,670.6521876583934,657.1351922068977,665.4533081054688,13614600,0.0,0.0
2012-04-04 00:00:00+09:00,666.4931470579012,667.5328925335145,641.5386464024427,644.657958984375,27063300,0.0,0.0
2012-04-05 00:00:00+09:00,634.2603863937464,640.4989749427608,621.3672120063179,637.3796997070312,31352700,0.0,0.0
2012-04-06 00:00:00+09:00,630.1012968673208,633.2206102181492,624.9024539751255,625.9421997070312,13942800,0.0,0.0
2012-04-09 00:00:00+09:00,611.3853982958535,618.6638085871318,609.9297314686197,610.7615356445312,19614600,0.0,0.0
2012-04-10 00:00:00+09:00,616.7920471828362,625.9420047774342,610.9693053562262,613.8806762695312,21096300,0.0,0.0
2012-04-11 00:00:00+09:00,600.3637415823393,607.2262299408673,596.4126246138853,602.8591918945312,27324000,0.0,0.0
2012-04-12 00:00:00+09:00,606.1865947448796,611.8013589697214,600.7797720580686,609.305908203125,14483400,0.0,0.0
2012-04-13 00:00:00+09:00,617.6239915114184,618.8717167467948,604.9387976442737,608.2660522460938,25700100,0.0,0.0
2012-04-16 00:00:00+09:00,602.651346501945,606.6024641005018,595.7888570490243,596.4127197265625,14284200,0.0,0.0
2012-04-17 00:00:00+09:00,599.3240034391185,601.6114742019728,583.3115177113872,585.18310546875,20556900,0.0,0.0
2012-04-18 00:00:00+09:00,598.9078995760134,610.1374226930636,598.0760957413374,607.8499145507812,20267100,0.0,0.0
2012-04-19 00:00:00+09:00,601.4036084044147,613.6729201618919,598.7002162182134,602.2354125976562,16593000,0.0,0.0
2012-04-20 00:00:00+09:00,606.8103475163558,607.0182890167192,589.5501368147992,595.9967041015625,15427800,0.0,0.0
2012-04-23 00:00:00+09:00,599.5320658365886,608.2661437988281,597.2445565349112,598.908203125,11877900,0.0,0.0
2012-04-24 00:00:00+09:00,590.589991991162,602.2354028176482,589.758149733874,597.0365600585938,15207600,0.0,0.0
2012-04-25 00:00:00+09:00,606.6024980938492,606.8104777163876,594.3332234664109,596.8286743164062,12363600,0.0,0.0
2012-04-26 00:00:00+09:00,605.1467843903343,608.889960376254,597.8683739474168,602.2354125976562,11625600,0.0,0.0
2012-04-27 00:00:00+09:00,602.443392204133,622.8228805202141,593.709314903654,602.2354125976562,26546700,0.0,0.0
2012-05-01 00:00:00+09:00,602.0273841130133,603.0671677625472,581.231977665184,582.0637817382812,26776200,0.0,0.0
2012-05-02 00:00:00+09:00,589.5500650843139,592.4614361229244,580.6080485709647,586.0148315429688,19591500,0.0,0.0
2012-05-07 00:00:00+09:00,558.3568607793395,562.5159562337102,551.494374222275,553.1580200195312,28432800,0.0,0.0
2012-05-08 00:00:00+09:00,564.5955641874249,566.88307272011,560.6444477014644,565.4273681640625,34705800,0.0,0.0
2012-05-09 00:00:00+09:00,560.4366714752899,569.7946123983146,556.4855535558659,567.5071411132812,23879400,0.0,0.0
2012-05-10 00:00:00+09:00,568.754632683385,575.2011988646245,562.1000869598988,563.7637329101562,17529000,0.0,0.0
2012-05-11 00:00:00+09:00,567.7149980614906,576.241133435518,565.6354686365671,572.2899780273438,20576100,0.0,0.0
2012-05-14 00:00:00+09:00,572.2900070533607,573.5377323871089,561.4764001867273,567.7150268554688,11350200,0.0,0.0
2012-05-15 00:00:00+09:00,561.4762852555615,563.1399313858716,545.047917749859,552.1183471679688,18176400,0.0,0.0
2012-05-16 00:00:00+09:00,551.9104344944991,552.5342970662422,536.9377327726669,540.680908203125,17294100,0.0,0.0
2012-05-17 00:00:00+09:00,538.6012049680041,555.4454901535262,535.4818928966113,553.1580200195312,16215900,0.0,0.0
2012-05-18 00:00:00+09:00,533.4025826440158,538.1855424713539,530.4912108259549,533.1946411132812,19365300,0.0,0.0
2012-05-21 00:00:00+09:00,532.3627266587923,537.7695484228459,528.2036681426439,532.15478515625,10596300,0.0,0.0
2012-05-22 00:00:00+09:00,542.5523841066017,542.9682670170235,536.9376221180312,541.0966796875,13442700,0.0,0.0
2012-05-23 00:00:00+09:00,541.3049569513989,545.6719964556004,533.6106238684785,533.818603515625,13260000,0.0,0.0
2012-05-24 00:00:00+09:00,530.4913116782411,532.9867628316905,522.381095429531,529.03564453125,16096500,0.0,0.0
2012-05-25 00:00:00+09:00,531.5308673640967,533.6103964061825,524.8763211208569,528.20361328125,11901300,0.0,0.0
2012-05-28 00:00:00+09:00,533.4023870571001,535.2739743801075,524.8762543375527,527.3717041015625,9074100,0.0,0.0
2012-05-29 00:00:00+09:00,523.6287273500617,531.3230590820312,516.9742175161305,531.3230590820312,12999000,0.0,0.0
2012-05-30 00:00:00+09:00,531.3230523779849,536.1059741212321,526.332151026732,535.274169921875,12351000,0.0,0.0
2012-05-31 00:00:00+09:00,519.8855915799609,524.2526306558497,517.8060618553906,522.3810424804688,19231500,0.0,0.0
2012-06-01 00:00:00+09:00,515.934354568876,520.3013926365691,508.0320825157719,511.359375,16656300,0.0,0.0
2012-06-04 00:00:00+09:00,496.80252362243647,500.5456988646588,489.524152703147,492.43548583984375,19586100,0.0,0.0
2012-06-05 00:00:00+09:00,497.01048152204874,503.0411270977111,493.891168956173,502.625244140625,12254400,0.0,0.0
2012-06-06 00:00:00+09:00,504.2889223161908,518.8457417014763,500.5457467161262,516.7661743164062,16970100,0.0,0.0
2012-06-07 00:00:00+09:00,516.7662667399893,524.044677734375,516.7662667399893,524.044677734375,13615200,0.0,0.0
2012-06-08 00:00:00+09:00,530.4911684132519,531.1150310331333,515.31052402199,518.013916015625,27628200,0.0,0.0
2012-06-11 00:00:00+09:00,530.2834182489114,534.0265953189037,528.4118297139152,532.7788696289062,11922000,0.0,0.0
2012-06-12 00:00:00+09:00,520.0932635941838,531.1148065009581,517.8057555958266,526.9557495117188,11937600,0.0,0.0
2012-06-13 00:00:00+09:00,529.4515380859375,532.7787934241693,527.5799498186394,529.4515380859375,12016200,0.0,0.0
2012-06-14 00:00:00+09:00,521.9652122889979,530.2833701079746,520.509507064444,529.03564453125,11111100,0.0,0.0
2012-06-15 00:00:00+09:00,536.5219704519958,537.1458332083354,525.0844992782913,526.7481079101562,14926500,0.0,0.0
2012-06-18 00:00:00+09:00,542.7604714280571,543.384334038894,535.48206160911,536.3139038085938,14035500,0.0,0.0
2012-06-19 00:00:00+09:00,533.4024493606358,533.4024493606358,526.7479031868182,530.0751953125,10998900,0.0,0.0
2012-06-20 00:00:00+09:00,539.8493068638309,539.8493068638309,534.2345412135915,535.6902465820312,14907600,0.0,0.0
2012-06-21 00:00:00+09:00,543.8002522709702,558.3570337545492,540.8888807432337,554.1979370117188,22881900,0.0,0.0
2012-06-22 00:00:00+09:00,554.1976611862799,562.515850531959,551.0783497010334,558.564697265625,22287600,0.0,0.0
2012-06-25 00:00:00+09:00,563.5558934462841,564.3877356669486,552.9502287920116,553.3661499023438,14853000,0.0,0.0
2012-06-26 00:00:00+09:00,545.0480064540725,546.7116147775802,538.6014004484307,544.8400268554688,17209200,0.0,0.0
2012-06-27 00:00:00+09:00,548.819818738072,549.0293175266719,540.0219435762481,546.0966796875,10546200,6.333333,0.0
2012-06-28 00:00:00+09:00,548.8199553504273,558.6652118388581,546.5157749478062,557.8273315429688,10867200,0.0,0.0
2012-06-29 00:00:00+09:00,557.8274234103045,579.1937004977086,549.6579645239442,575.8421020507812,21562200,0.0,0.0
2012-07-02 00:00:00+09:00,586.3155918666295,586.3155918666295,571.8619384765625,571.8619384765625,11242200,0.0,0.0
2012-07-03 00:00:00+09:00,571.8619245389673,576.4703228672366,569.9766654470806,572.2808837890625,13277400,0.0,0.0
2012-07-04 00:00:00+09:00,578.1462514530908,579.6125516244404,572.6999334005448,574.375732421875,9995100,0.0,0.0
2012-07-05 00:00:00+09:00,573.1186710937202,576.6797282534354,570.3955322984605,570.814453125,8601300,0.0,0.0
2012-07-06 00:00:00+09:00,567.8819737252584,573.1187920073448,561.597776444476,566.8345947265625,10896300,0.0,0.0
2012-07-09 00:00:00+09:00,556.3610192142095,558.8746985756528,547.982100794633,549.0294799804688,11939700,0.0,0.0
2012-07-10 00:00:00+09:00,545.6777350765489,550.7050924464847,539.6030371583383,543.65869140625,13786500,0.0,0.0
2012-07-11 00:00:00+09:00,536.251319579113,540.8597550370752,533.3187206757017,540.4407958984375,11250000,0.0,0.0
2012-07-12 00:00:00+09:00,544.002130649648,545.0494714978628,524.1021559094195,529.7579345703125,15269100,0.0,0.0
2012-07-13 00:00:00+09:00,523.6831125955779,530.5957298506046,519.2841743423791,521.16943359375,17794500,0.0,0.0
2012-07-17 00:00:00+09:00,519.0747931016725,523.4737320262631,515.7232333729334,519.1641235351562,13086900,0.0,0.0
2012-07-18 00:00:00+09:00,521.1694292155587,523.8926070151274,516.9799898181716,519.7135620117188,11385300,0.0,0.0
2012-07-19 00:00:00+09:00,525.358961087504,529.1294799469837,519.0747629883712,527.0332641601562,12961200,0.0,0.0
2012-07-20 00:00:00+09:00,527.034864837122,527.2443253635121,519.7032861449636,522.6359252929688,11631300,0.0,0.0
2012-07-23 00:00:00+09:00,513.2093248595252,519.2840217585184,510.90510699967706,511.3240661621094,9060600,0.0,0.0
2012-07-24 00:00:00+09:00,509.020008379403,513.2094862541783,504.2021107411964,506.7157897949219,10037700,0.0,0.0
2012-07-25 00:00:00+09:00,500.85058597239976,501.6884662628204,489.9579887741266,494.7758483886719,16660200,0.0,0.0
2012-07-26 00:00:00+09:00,496.4518287878862,504.41182870136913,489.9581678632408,500.85076904296875,12224100,0.0,0.0
2012-07-27 00:00:00+09:00,516.5612789176779,521.5886392964387,513.2097181170759,520.541259765625,11408700,0.0,0.0
2012-07-30 00:00:00+09:00,531.0147933685192,532.0621726101025,518.2369353863068,523.4737548828125,11605200,0.0,0.0
2012-07-31 00:00:00+09:00,523.4737194938839,537.9273756143633,520.331620337258,535.4136962890625,11162100,0.0,0.0
2012-08-01 00:00:00+09:00,502.9453149812872,511.743192434929,500.43163570881813,503.7832336425781,35582100,0.0,0.0
2012-08-02 00:00:00+09:00,500.4317161418791,509.22959500958063,499.1748763036361,501.4790954589844,34269600,0.0,0.0
2012-08-03 00:00:00+09:00,500.641118141819,507.3442370782184,497.4990191542254,503.3642578125,19088400,0.0,0.0
2012-08-06 00:00:00+09:00,515.3041338312038,520.331491234435,513.4188748049921,517.5103149414062,19537800,0.0,0.0
2012-08-07 00:00:00+09:00,518.0272270057178,526.8251016806955,517.3988073860766,522.2506103515625,13076700,0.0,0.0
2012-08-08 00:00:00+09:00,535.204248938079,540.8600275588723,527.4537119243007,531.0147705078125,22080300,0.0,0.0
2012-08-09 00:00:00+09:00,526.8252773118345,537.9273737452374,526.6158168206881,536.0421142578125,12788400,0.0,0.0
2012-08-10 00:00:00+09:00,525.5684015026322,533.5283982428033,519.2842036434707,523.2642211914062,17144400,0.0,0.0
2012-08-13 00:00:00+09:00,523.2643523958926,528.710633002312,522.8453929816644,527.129150390625,8542500,0.0,0.0
2012-08-14 00:00:00+09:00,527.4535141211109,531.4335305617928,525.3587948693813,527.2740478515625,10853700,0.0,0.0
2012-08-15 00:00:00+09:00,530.8053034623186,532.9000234737579,524.940026061164,528.9200439453125,12647700,0.0,0.0
2012-08-16 00:00:00+09:00,533.3189670808935,542.3263050555627,532.0621274399767,538.5557861328125,15967200,0.0,0.0
2012-08-17 00:00:00+09:00,549.0294771955101,554.6852557300685,543.7926196485986,554.2662963867188,16492500,0.0,0.0
2012-08-20 00:00:00+09:00,559.0841945902806,564.1115532876657,553.0094567123724,554.2662963867188,14645400,0.0,0.0
2012-08-21 00:00:00+09:00,552.1714323210639,560.3408880729218,550.2861733014043,554.9166259765625,10231800,0.0,0.0
2012-08-22 00:00:00+09:00,556.1516068890624,556.9894872968802,547.9821482567937,553.428466796875,13097400,0.0,0.0
2012-08-23 00:00:00+09:00,543.3735224176876,556.3608359363608,541.9071843694219,553.00927734375,14681100,0.0,0.0
2012-08-24 00:00:00+09:00,541.4886385478985,550.2865195080655,541.4886385478985,547.9822998046875,10184100,0.0,0.0
2012-08-27 00:00:00+09:00,553.8472219705783,556.7798600533067,545.8872645906933,547.1441040039062,10396800,0.0,0.0
2012-08-28 00:00:00+09:00,551.5431475832588,551.9620685640994,533.3189726013263,536.6705322265625,15012000,0.0,0.0
2012-08-29 00:00:00+09:00,536.4610735958078,541.278933382092,533.3189744500996,536.0421142578125,9504900,0.0,0.0
2012-08-30 00:00:00+09:00,537.2989831899345,539.6032021408961,528.5011051026139,530.5958251953125,9884100,0.0,0.0
2012-08-31 00:00:00+09:00,523.6829240961245,526.8250217174126,517.3987288535483,517.8176879882812,12948000,0.0,0.0
2012-09-03 00:00:00+09:00,517.817992571427,521.7979724475415,513.2095928014152,513.8380126953125,11304900,0.0,0.0
2012-09-04 00:00:00+09:00,517.3991436649562,519.0749431917335,511.3244422973534,517.608642578125,10496400,0.0,0.0
2012-09-05 00:00:00+09:00,518.8652027551606,525.1493996461973,512.37150706396,512.7904663085938,13737600,0.0,0.0
2012-09-06 00:00:00+09:00,517.3987288535483,519.4934861715295,509.22927503819915,517.8176879882812,12675900,0.0,0.0
2012-09-07 00:00:00+09:00,539.8126558553219,544.6305541992188,533.5284573005451,544.6305541992188,21125100,0.0,0.0
2012-09-10 00:00:00+09:00,542.5358725937978,546.3063922605246,541.2790327048888,543.583251953125,11081100,0.0,0.0
2012-09-11 00:00:00+09:00,534.1567763309765,542.7451921866285,533.1093973176444,542.3262329101562,10480500,0.0,0.0
2012-09-12 00:00:00+09:00,536.6706232028553,550.705322265625,536.4611626769273,550.705322265625,13540500,0.0,0.0
2012-09-13 00:00:00+09:00,548.6105327824433,552.3810519080959,546.7252732196171,549.2389526367188,11768700,0.0,0.0
2012-09-14 00:00:00+09:00,554.8945923970028,561.1787893663912,550.9146137682883,559.5029907226562,30602400,0.0,0.0
2012-09-18 00:00:00+09:00,546.9346226642492,553.0093594740064,542.5356845775242,545.4683227539062,25026900,0.0,0.0
2012-09-19 00:00:00+09:00,544.6305338106934,563.483128769267,544.6305338106934,560.1315307617188,19639200,0.0,0.0
2012-09-20 00:00:00+09:00,556.9893399654256,562.2261966072574,547.5630440369639,549.4483032226562,19232700,0.0,0.0
2012-09-21 00:00:00+09:00,549.8673735429646,551.5431726094731,544.0021343437411,544.6305541992188,11950200,0.0,0.0
2012-09-24 00:00:00+09:00,538.9746336357014,541.2788135954972,532.0620170449257,534.78515625,13809300,0.0,0.0
2012-09-25 00:00:00+09:00,529.3389066105185,538.7652031569407,526.6157670601184,536.8799438476562,15493200,0.0,0.0
2012-09-26 00:00:00+09:00,520.2080903101503,520.841203588969,513.2438442431437,514.5100708007812,27936900,6.333333,0.0
2012-09-27 00:00:00+09:00,514.7211044255766,524.6398921763291,514.5100795431074,519.7860107421875,18456300,0.0,0.0
2012-09-28 00:00:00+09:00,519.7859115887047,519.9969364309192,504.80222037960505,505.857421875,27880800,0.0,0.0
2012-10-01 00:00:00+09:00,505.4354336270616,506.4906353313917,498.6822509174223,502.69195556640625,19823100,0.0,0.0
2012-10-02 00:00:00+09:00,503.32491642164916,505.6463440112312,501.4255771143977,503.1138916015625,13578600,0.0,0.0
2012-10-03 00:00:00+09:00,504.1691757617708,507.5458055492845,496.57181670311456,497.8380432128906,17886000,0.0,0.0
2012-10-04 00:00:00+09:00,502.9029936262816,518.7308263950712,500.79262880449966,513.4548950195312,19939800,0.0,0.0
2012-10-05 00:00:00+09:00,513.6657838711463,515.9872116098245,506.4905144636314,511.1333312988281,11569800,0.0,0.0
2012-10-09 00:00:00+09:00,505.43534059995335,507.12365528770744,497.62695762314365,498.26007080078125,16404000,0.0,0.0
2012-10-10 00:00:00+09:00,488.3413354355655,494.25041813428504,487.708222192286,492.5621032714844,18970500,0.0,0.0
2012-10-11 00:00:00+09:00,485.59774476282035,492.7730136387012,484.12049375247466,489.39642333984375,13878900,0.0,0.0
2012-10-12 00:00:00+09:00,494.46135988942245,501.00351608961273,491.7178825104058,493.4061584472656,15339300,0.0,0.0
2012-10-15 00:00:00+09:00,495.51665968520786,516.4093973485997,495.0945712961342,512.6107177734375,17895600,0.0,0.0
2012-10-16 00:00:00+09:00,517.6756240151705,517.6756240151705,509.4451516000691,516.6204223632812,11397600,0.0,0.0
2012-10-17 00:00:00+09:00,521.6852499724671,524.4287274839968,517.2534578003709,518.9417724609375,13830900,0.0,0.0
2012-10-18 00:00:00+09:00,527.5944426063021,542.3671131213869,525.6951025665488,539.6235961914062,17731800,0.0,0.0
2012-10-19 00:00:00+09:00,539.6235704278122,545.7436786999895,538.3573437950977,545.5326538085938,14316300,0.0,0.0
2012-10-22 00:00:00+09:00,535.824665816952,553.551831240585,534.558439715264,551.4414672851562,14648100,0.0,0.0
2012-10-23 00:00:00+09:00,559.2499372711773,559.2499372711773,545.3214479466395,551.2305297851562,13239900,0.0,0.0
2012-10-24 00:00:00+09:00,540.6784836459587,549.5420653450728,538.9901694892205,539.2012329101562,13210500,0.0,0.0
2012-10-25 00:00:00+09:00,535.4026738109296,548.4869858412421,534.1364475730181,546.587646484375,17132100,0.0,0.0
2012-10-26 00:00:00+09:00,546.5875880313645,547.6427893308318,530.9708251953125,530.9708251953125,15635400,0.0,0.0
2012-10-29 00:00:00+09:00,530.9711161314716,535.824959755859,500.1595845406476,506.2796936035156,34561500,0.0,0.0
2012-10-30 00:00:00+09:00,504.3802257387961,509.23406813456415,492.35107421875,492.35107421875,36805800,0.0,0.0
2012-10-31 00:00:00+09:00,499.1040981791562,506.4904298282019,493.1950560452116,504.38006591796875,20162100,0.0,0.0
2012-11-01 00:00:00+09:00,506.4906789810015,509.23415727809123,498.8933187962865,504.16925048828125,15009000,0.0,0.0
2012-11-02 00:00:00+09:00,510.71125851823325,521.6852062875762,510.28917022789614,520.6300048828125,20083200,0.0,0.0
2012-11-05 00:00:00+09:00,524.4287897055458,527.8054194273036,521.8963367353103,526.9612426757812,14326200,0.0,0.0
2012-11-06 00:00:00+09:00,526.9609516673947,527.80512795273,515.1428700941451,521.4739990234375,19461000,0.0,0.0
2012-11-07 00:00:00+09:00,524.2178912272333,526.3282563305148,517.2536438800115,523.5847778320312,13549500,0.0,0.0
2012-11-08 00:00:00+09:00,513.0327222494516,515.7762385730873,504.1691373562112,505.43536376953125,19874400,0.0,0.0
2012-11-09 00:00:00+09:00,498.2601108263485,506.4905827967965,496.5717960029709,503.9581298828125,20430900,0.0,0.0
2012-11-12 00:00:00+09:00,498.68233811931617,502.0589300645823,497.2050477464946,497.62713623046875,9978000,0.0,0.0
2012-11-13 00:00:00+09:00,498.89333227946656,499.1043571873544,494.4615387186083,497.20501708984375,11636400,0.0,0.0
2012-11-14 00:00:00+09:00,497.2048424671349,497.62693077684276,494.2503402256587,494.8834533691406,8554800,0.0,0.0
2012-11-15 00:00:00+09:00,502.05880938958876,520.8411821003543,499.3153315086191,520.2080688476562,24504600,0.0,0.0
2012-11-16 00:00:00+09:00,534.7695568802699,548.6980453980167,530.9708781936116,546.7987060546875,34421400,0.0,0.0
2012-11-19 00:00:00+09:00,554.8180737787437,557.1395012479954,548.2759182735955,549.1200561523438,21867300,0.0,0.0
2012-11-20 00:00:00+09:00,550.386487574054,552.4968910212931,541.3118764058678,543.4222412109375,16350000,0.0,0.0
2012-11-21 00:00:00+09:00,552.496762821896,561.1492835645,550.3863598643474,560.7272338867188,26215500,0.0,0.0
2012-11-22 00:00:00+09:00,576.133052953368,580.3538208007812,572.5453983509584,580.3538208007812,31470600,0.0,0.0
2012-11-26 00:00:00+09:00,588.7953136386168,596.814760898646,583.3083193404741,583.7304077148438,29389500,0.0,0.0
2012-11-27 00:00:00+09:00,575.499973655096,580.7759047939469,571.0681806786541,575.7109985351562,23475900,0.0,0.0
2012-11-28 00:00:00+09:00,569.801927445419,578.2434246009253,563.4707949182477,563.8928833007812,16781400,0.0,0.0
2012-11-29 00:00:00+09:00,572.756548103505,577.3993663852355,570.2240947421662,575.2890014648438,20283300,0.0,0.0
2012-11-30 00:00:00+09:00,578.6653567342833,579.5094946292528,568.5355474260244,576.5549926757812,34368900,0.0,0.0
2012-12-03 00:00:00+09:00,580.3537794280301,580.3537794280301,567.902540283203,569.8018798828125,21866400,0.0,0.0
2012-12-04 00:00:00+09:00,571.4901957133991,580.9868937294517,570.4349941642278,574.65576171875,25491000,0.0,0.0
2012-12-05 00:00:00+09:00,568.7466526649753,576.5550742057077,564.5259239511234,570.8570556640625,19587300,0.0,0.0
2012-12-06 00:00:00+09:00,579.298614750835,581.6200428454946,574.0226839635164,579.720703125,19191300,0.0,0.0
2012-12-07 00:00:00+09:00,579.7206728288833,589.2173709350599,578.2433829175912,583.3082885742188,18809100,0.0,0.0
2012-12-10 00:00:00+09:00,586.0518661482046,586.0518661482046,577.3993051997951,579.2986450195312,14352600,0.0,0.0
2012-12-11 00:00:00+09:00,574.655752184422,577.6102546456215,571.9122359305278,572.5453491210938,14476800,0.0,0.0
2012-12-12 00:00:00+09:00,578.243360647228,582.4641280792475,577.8213109535394,580.1427001953125,16031700,0.0,0.0
2012-12-13 00:00:00+09:00,589.8503309648796,597.6587122770469,586.4737023092233,595.9703979492188,27605400,0.0,0.0
2012-12-14 00:00:00+09:00,589.2173734625301,601.2465244486201,586.8959454792301,597.0257568359375,37579200,0.0,0.0
2012-12-17 00:00:00+09:00,606.7334009932288,611.5872811849399,598.5029303354604,599.3471069335938,23265300,0.0,0.0
2012-12-18 00:00:00+09:00,601.6687267863529,614.7530826552776,601.6687267863529,610.3212890625,23971200,0.0,0.0
2012-12-19 00:00:00+09:00,631.0029298642207,647.8859252929688,626.7821616859493,647.8859252929688,37677900,0.0,0.0
2012-12-20 00:00:00+09:00,641.5546163170418,644.720181921636,632.4800077979245,636.2786865234375,30136800,0.0,0.0
2012-12-21 00:00:00+09:00,647.8857866798267,651.0513911178857,630.1586182227954,633.1131591796875,29887500,0.0,0.0
2012-12-25 00:00:00+09:00,647.8858324420925,648.9410339959777,637.3339714718927,639.4443359375,12812700,0.0,0.0
2012-12-26 00:00:00+09:00,647.726904174218,655.1598486747228,641.3558199983602,649.8505859375,18840600,6.333333,0.0
2012-12-27 00:00:00+09:00,656.2215095827751,670.0254959962753,655.1596884038918,660.4688720703125,23460600,0.0,0.0
2012-12-28 00:00:00+09:00,675.3348209997105,676.3966422785362,667.9019165039062,667.9019165039062,23020800,0.0,0.0
2013-01-04 00:00:00+09:00,707.1902874587872,708.2521088132481,690.2007569273268,694.4481201171875,30564600,0.0,0.0
2013-01-07 00:00:00+09:00,704.0046749152187,706.1283951828576,681.7058843070444,685.9532470703125,24229800,0.0,0.0
2013-01-08 00:00:00+09:00,687.0151352538028,693.3862181842183,675.3347906240383,679.5821533203125,22032600,0.0,0.0
2013-01-09 00:00:00+09:00,659.4069149298786,696.5715817919516,658.3450939699296,690.2005004882812,24446100,0.0,0.0
2013-01-10 00:00:00+09:00,699.7572211991089,714.6230278243286,696.5716800977048,707.1901245117188,21607200,0.0,0.0
2013-01-11 00:00:00+09:00,722.0560952764116,728.4271782412858,711.4375718202821,717.8086547851562,24316800,0.0,0.0
2013-01-15 00:00:00+09:00,724.1797377500304,730.5508207149046,713.5612920659097,717.8086547851562,24749100,0.0,0.0
2013-01-16 00:00:00+09:00,712.4994226436073,712.4994226436073,696.5717163085938,696.5717163085938,21189600,0.0,0.0
2013-01-17 00:00:00+09:00,709.3139131447189,719.9323585862961,691.2624858992313,708.2520141601562,28499700,0.0,0.0
2013-01-18 00:00:00+09:00,732.6745013809027,737.9837628221572,726.3034187601992,730.55078125,29600100,0.0,0.0
2013-01-21 00:00:00+09:00,731.6127285892765,732.6745498389529,719.9323837547971,726.303466796875,15549900,0.0,0.0
2013-01-22 00:00:00+09:00,723.1180771470458,726.303619337121,702.9430025339124,709.3140869140625,30047700,0.0,0.0
2013-01-23 00:00:00+09:00,698.6955494823725,710.3758965757884,695.5100073452613,697.6337280273438,18151500,0.0,0.0
2013-01-24 00:00:00+09:00,692.3242530348775,713.5612200312361,690.2006107756424,711.4375,20944500,0.0,0.0
2013-01-25 00:00:00+09:00,726.303466796875,726.303466796875,718.8705625051208,726.303466796875,23835600,0.0,0.0
2013-01-28 00:00:00+09:00,735.8600161972938,736.9218373385129,720.9941313602166,722.0560302734375,16879800,0.0,0.0
2013-01-29 00:00:00+09:00,718.8706809906495,732.6746705996794,717.8087817939393,728.4273071289062,16903800,0.0,0.0
2013-01-30 00:00:00+09:00,718.870457284638,740.1073458017983,717.8085584183812,737.9837036132812,23304300,0.0,0.0
2013-01-31 00:00:00+09:00,739.0455362649641,745.4166184741448,735.8599951603737,744.3547973632812,20359200,0.0,0.0
2013-02-01 00:00:00+09:00,751.7877157948815,760.2825181685415,736.9218310839766,746.4784545898438,32671200,0.0,0.0
2013-02-04 00:00:00+09:00,758.1588616802769,759.2206829014848,750.7259575878062,753.9114990234375,20245500,0.0,0.0
2013-02-05 00:00:00+09:00,743.2930118758699,748.6022737841585,734.7982861490218,735.860107421875,22723800,0.0,0.0
2013-02-06 00:00:00+09:00,760.2825317382812,767.7154353403977,753.9114492873236,760.2825317382812,30719400,0.0,0.0
2013-02-07 00:00:00+09:00,760.2825317382812,765.5917152660776,756.0350915896411,760.2825317382812,20999400,0.0,0.0
2013-02-08 00:00:00+09:00,749.6640625000001,757.0970444032009,747.540420046521,749.6640625,25859700,0.0,0.0
2013-02-12 00:00:00+09:00,765.591713207497,768.7772544244103,752.8495483398438,752.8495483398438,19535100,0.0,0.0
2013-02-13 00:00:00+09:00,750.7258946626744,760.2825181685415,743.2929134212213,746.4784545898438,19782900,0.0,0.0
2013-02-14 00:00:00+09:00,753.9112430728208,753.9112430728208,743.2927233776667,745.4164428710938,19258200,0.0,0.0
2013-02-15 00:00:00+09:00,736.9218694595108,737.9837684190179,711.437538783424,733.736328125,25235100,0.0,0.0
2013-02-18 00:00:00+09:00,747.5403384678716,756.0350628987795,743.2928984804181,744.3547973632812,18987300,0.0,0.0
2013-02-19 00:00:00+09:00,737.9838309541472,749.6640983224437,736.921931904657,741.1693725585938,13956300,0.0,0.0
2013-02-20 00:00:00+09:00,751.7877100232878,753.911430043399,739.0455454466219,743.2929077148438,18558600,0.0,0.0
2013-02-21 00:00:00+09:00,743.2928868565722,744.354785722829,732.674442597992,737.9837036132812,13546200,0.0,0.0
2013-02-22 00:00:00+09:00,728.4273308868633,739.0457787961326,723.118068046216,736.9220581054688,19128000,0.0,0.0
2013-02-25 00:00:00+09:00,749.6639939812524,754.9732551737035,745.4166316904921,748.6021728515625,17343000,0.0,0.0
2013-02-26 00:00:00+09:00,722.0560966948987,737.9838041383742,719.9323764450988,725.2416381835938,23562900,0.0,0.0
2013-02-27 00:00:00+09:00,727.3651922299451,730.5507333313492,707.1901245117188,707.1901245117188,20083500,0.0,0.0
2013-02-28 00:00:00+09:00,722.0560617464637,733.736328125,716.7468002649438,733.736328125,24229800,0.0,0.0
2013-03-01 00:00:00+09:00,730.5508455135863,735.860107421875,727.3653039230154,735.860107421875,11638500,0.0,0.0
2013-03-04 00:00:00+09:00,741.1692446680552,744.354785722829,732.674442597992,737.9837036132812,14653500,0.0,0.0
2013-03-05 00:00:00+09:00,748.6021478718613,749.6639689661199,735.8599836527659,737.9837036132812,12849300,0.0,0.0
2013-03-06 00:00:00+09:00,751.7877271915402,756.0350895567572,748.6021859746269,752.8495483398438,17296200,0.0,0.0
2013-03-07 00:00:00+09:00,760.2826486489216,764.5300116786873,754.9733865327037,757.0971069335938,17644800,0.0,0.0
2013-03-08 00:00:00+09:00,764.5298692046618,778.3338548079682,763.4680480880999,777.2720336914062,54236100,0.0,0.0
2013-03-11 00:00:00+09:00,796.385444289952,802.7565278442717,786.8288189584727,797.447265625,20291100,0.0,0.0
2013-03-12 00:00:00+09:00,811.2511866964551,812.3130078415282,788.9523982459033,792.137939453125,19879800,0.0,0.0
2013-03-13 00:00:00+09:00,783.6432721516254,799.570980935195,782.5814508233926,794.26171875,17589900,0.0,0.0
2013-03-14 00:00:00+09:00,802.7564555617022,802.7564555617022,785.7669268706428,791.0761108398438,15963600,0.0,0.0
2013-03-15 00:00:00+09:00,802.756478266484,813.3749242772221,800.6327579555319,811.2512817382812,41427000,0.0,0.0
2013-03-18 00:00:00+09:00,796.3853541428481,798.5090743445647,783.6431884765625,783.6431884765625,17704200,0.0,0.0
2013-03-19 00:00:00+09:00,798.5090462096331,807.0037711731794,794.2616059558554,802.7564086914062,13313700,0.0,0.0
2013-03-21 00:00:00+09:00,809.1274315022819,810.1892526012512,798.5089871965928,800.6326293945312,18820200,0.0,0.0
2013-03-22 00:00:00+09:00,790.014258277689,792.137978444373,777.2720928215973,779.3958129882812,16518600,0.0,0.0
2013-03-25 00:00:00+09:00,785.7667802819915,788.9523211780373,779.3956984898996,780.45751953125,16248600,0.0,0.0
2013-03-26 00:00:00+09:00,776.2102605568841,781.5194442398855,770.9009991018778,773.0247192382812,17947200,0.0,0.0
2013-03-27 00:00:00+09:00,779.2156613425825,783.4853884621051,773.8786197133057,781.3505249023438,12386400,6.333333,0.0
2013-03-28 00:00:00+09:00,774.945893351237,778.1481491088867,753.597495573548,768.5413818359375,19655400,0.0,0.0
2013-03-29 00:00:00+09:00,770.6765720092923,771.7439649879681,756.8000723859806,758.9349365234375,15668400,0.0,0.0
2013-04-01 00:00:00+09:00,757.8675341580414,764.2720483109823,737.5865205536589,738.6539916992188,18046500,0.0,0.0
2013-04-02 00:00:00+09:00,730.114593592265,731.1819865287109,715.170701581512,719.4404296875,21895200,0.0,0.0
2013-04-03 00:00:00+09:00,733.3166155875997,753.5975439615833,723.7098476978058,752.5301513671875,23927100,0.0,0.0
2013-04-04 00:00:00+09:00,733.3166677215953,778.1482543945314,730.1144115306713,778.1482543945312,30719400,0.0,0.0
2013-04-05 00:00:00+09:00,812.3057197318741,814.440505177314,776.0134289983569,783.4854125976562,43721700,0.0,0.0
2013-04-08 00:00:00+09:00,810.1709832075207,813.3732400581434,799.4968197654783,812.3058471679688,37605000,0.0,0.0
2013-04-09 00:00:00+09:00,821.912603846438,822.9799967185955,803.766455939173,809.1035766601562,24728400,0.0,0.0
2013-04-10 00:00:00+09:00,811.238137108888,819.7775122549019,808.0358812016424,816.5752563476562,22460400,0.0,0.0
2013-04-11 00:00:00+09:00,826.1823781524774,850.7330433565797,824.0475139060004,842.1936645507812,36528600,0.0,0.0
2013-04-12 00:00:00+09:00,851.8003368955333,851.8003368955333,832.5867954617994,844.3284301757812,27305700,0.0,0.0
2013-04-15 00:00:00+09:00,831.5193854375465,842.193548843207,826.1822646446669,829.384521484375,17549400,0.0,0.0
2013-04-16 00:00:00+09:00,803.7664228104542,826.1822194625386,800.5641661458707,815.508056640625,23383800,0.0,0.0
2013-04-17 00:00:00+09:00,827.2495736289684,838.9912069103908,824.0473171140432,834.7215576171875,17213400,0.0,0.0
2013-04-18 00:00:00+09:00,828.3170296423508,831.5192860994989,819.7776530299259,824.0473022460938,16566900,0.0,0.0
2013-04-19 00:00:00+09:00,821.9125366210938,824.047322190802,811.238296052188,821.9125366210938,14522100,0.0,0.0
2013-04-22 00:00:00+09:00,842.1933303774546,846.4629789961481,833.653954959989,835.788818359375,17360700,0.0,0.0
2013-04-23 00:00:00+09:00,837.9238132457594,841.1260697572973,825.1147871996081,827.2495727539062,12932700,0.0,0.0
2013-04-24 00:00:00+09:00,842.1936543430347,844.3285185636363,836.8565328815853,843.2610473632812,16011300,0.0,0.0
2013-04-25 00:00:00+09:00,849.6652098510697,858.2045850157292,849.6652098510697,853.9349365234375,27756900,0.0,0.0
2013-04-26 00:00:00+09:00,862.4745212896869,866.7442493867338,851.8003574072739,856.0700073242188,22992000,0.0,0.0
2013-04-30 00:00:00+09:00,845.3957190459842,846.4631118231332,824.0473162423685,827.2495727539062,30482100,0.0,0.0
2013-05-01 00:00:00+09:00,830.451868955285,831.5193399635425,815.508056640625,815.508056640625,15104400,0.0,0.0
2013-05-02 00:00:00+09:00,811.2383289677841,822.9799627979551,811.2383289677841,815.508056640625,14135100,0.0,0.0
2013-05-07 00:00:00+09:00,845.3955931265623,848.5978491611326,841.1259444738282,847.5304565429688,23088000,0.0,0.0
2013-05-08 00:00:00+09:00,852.8675393938153,856.0697955845055,845.3956343422323,849.665283203125,21820800,0.0,0.0
2013-05-09 00:00:00+09:00,855.0022447891818,856.0696372619794,837.9235743240773,838.990966796875,15514500,0.0,0.0
2013-05-10 00:00:00+09:00,864.6091820238199,868.8788309367491,856.0698060178777,865.6765747070312,27338400,0.0,0.0
2013-05-13 00:00:00+09:00,876.350810346235,882.755322777072,871.013690593843,878.485595703125,19175100,0.0,0.0
2013-05-14 00:00:00+09:00,883.8227339257912,883.8227339257912,867.811452514092,868.8788452148438,12763200,0.0,0.0
2013-05-15 00:00:00+09:00,881.6878719446106,894.4968970972204,881.6878719446106,893.4295043945312,24486000,0.0,0.0
2013-05-16 00:00:00+09:00,900.9013853038095,903.036248831524,881.6878480946282,891.2946166992188,23880900,0.0,0.0
2013-05-17 00:00:00+09:00,888.0922121344271,895.564194143129,881.6877008012941,892.3619384765625,22651200,0.0,0.0
2013-05-20 00:00:00+09:00,907.305885712405,914.7778688705856,905.1711003929952,912.6430053710938,19393500,0.0,0.0
2013-05-21 00:00:00+09:00,905.1711468603514,919.0475648691956,905.1711468603514,909.4407958984375,16815000,0.0,0.0
2013-05-22 00:00:00+09:00,917.9802095383209,922.2498587502832,905.1711837223447,907.3059692382812,17877000,0.0,0.0
2013-05-23 00:00:00+09:00,922.2498000152119,940.3959448255392,860.3395385742188,860.3395385742188,53798400,0.0,0.0
2013-05-24 00:00:00+09:00,881.6880767241278,896.6319689330463,828.3171783124677,866.7442626953125,38624400,0.0,0.0
2013-05-27 00:00:00+09:00,837.9238991169625,851.800319362331,824.0474006914955,829.384521484375,26081400,0.0,0.0
2013-05-28 00:00:00+09:00,821.9123376754303,869.9461740685384,816.5752186828387,861.4067993164062,24040800,0.0,0.0
2013-05-29 00:00:00+09:00,888.0925771515598,889.1600482658725,850.7329644730632,856.0700073242188,22648800,0.0,0.0
2013-05-30 00:00:00+09:00,829.384436488295,838.9912060229085,821.9125306880703,827.2495727539062,28181400,0.0,0.0
2013-05-31 00:00:00+09:00,841.1260893506533,841.1260893506533,817.642822265625,817.642822265625,24322200,0.0,0.0
2013-06-03 00:00:00+09:00,820.8450659780437,820.8450659780437,794.1596209054969,797.3618774414062,22785300,0.0,0.0
2013-06-04 00:00:00+09:00,779.2159356140995,806.968858939243,773.878892106269,803.7666015625,26893500,0.0,0.0
2013-06-05 00:00:00+09:00,804.8337361325747,814.440505177314,782.4179416948497,783.4854125976562,23776500,0.0,0.0
2013-06-06 00:00:00+09:00,778.14841376256,794.1596979963576,776.0135498046875,776.0135498046875,30639300,0.0,0.0
2013-06-07 00:00:00+09:00,761.0696837636982,762.1370765784268,733.3167669599148,746.1257934570312,37524600,0.0,0.0
2013-06-10 00:00:00+09:00,774.9462040659532,780.2833251953125,766.4068258949991,780.2833251953125,23485200,0.0,0.0
2013-06-11 00:00:00+09:00,788.8225771917255,792.024834038485,769.6090361111684,776.0135498046875,20441400,0.0,0.0
2013-06-12 00:00:00+09:00,749.3280484910418,769.6089810084036,746.1257918735587,763.2044677734375,19401300,0.0,0.0
2013-06-13 00:00:00+09:00,746.1257848906935,750.395434280681,724.7773815805713,730.114501953125,29208000,0.0,0.0
2013-06-14 00:00:00+09:00,739.7211869868728,753.5976045499754,726.9121621039833,735.4515380859375,41196900,0.0,0.0
2013-06-17 00:00:00+09:00,724.777389901806,747.1931862717598,717.3054838385193,746.1257934570312,15557700,0.0,0.0
2013-06-18 00:00:00+09:00,746.1257934570312,753.597699520318,738.6538873937444,746.1257934570312,12213000,0.0,0.0
2013-06-19 00:00:00+09:00,763.2044878294635,766.4067445310977,752.5303248840478,761.0697021484375,13366500,0.0,0.0
2013-06-20 00:00:00+09:00,761.0694498985814,764.2717055388559,747.1929566706793,749.3278198242188,16179000,0.0,0.0
2013-06-21 00:00:00+09:00,730.1144245470978,768.5414995232609,726.9121682990842,764.2718505859375,23194200,0.0,0.0
2013-06-24 00:00:00+09:00,767.4741240467089,770.676380366542,740.7886025947087,747.193115234375,15468000,0.0,0.0
2013-06-25 00:00:00+09:00,750.3953715542082,755.7324914806253,732.2493045285441,747.193115234375,18491400,0.0,0.0
2013-06-26 00:00:00+09:00,757.9287275134302,762.2229938351481,741.8254253805004,750.4138793945312,16405200,6.666667,0.0
2013-06-27 00:00:00+09:00,769.7378556880992,776.1791766562004,762.2230074351165,774.0320434570312,15987600,0.0,0.0
2013-06-28 00:00:00+09:00,784.767542065109,803.017896990983,783.6939362722476,791.2088623046875,22048800,0.0,0.0
2013-07-01 00:00:00+09:00,803.0180021561039,804.0916080895672,781.5469842985457,794.4296264648438,15684000,0.0,0.0
2013-07-02 00:00:00+09:00,813.7536410572039,815.9006958007812,804.091658822868,815.9006958007812,15604500,0.0,0.0
2013-07-03 00:00:00+09:00,826.6360188297733,829.8566785412796,815.9004340384936,819.12109375,15909900,0.0,0.0
2013-07-04 00:00:00+09:00,813.753438227821,821.268285216079,812.6798324942177,814.8269653320312,8178900,0.0,0.0
2013-07-05 00:00:00+09:00,821.2682926654816,825.5624797506665,818.0476326942444,824.4889526367188,12641400,0.0,0.0
2013-07-08 00:00:00+09:00,836.2980105952506,837.3715376388376,807.3120727539062,807.3120727539062,17238900,0.0,0.0
2013-07-09 00:00:00+09:00,819.121058781655,826.6359835406156,814.8268722260949,825.5623779296875,16710600,0.0,0.0
2013-07-10 00:00:00+09:00,827.7095252810501,829.8566579118078,811.6062271238312,818.0475463867188,15357900,0.0,0.0
2013-07-11 00:00:00+09:00,809.4593345392334,818.0477889797953,803.018013366164,813.7536010742188,14395200,0.0,0.0
2013-07-12 00:00:00+09:00,809.459316212684,821.2684309724166,808.3857889179474,816.9742431640625,17005200,0.0,0.0
2013-07-16 00:00:00+09:00,819.1210733874049,824.4888656496063,813.7533597545889,818.0475463867188,18612600,0.0,0.0
2013-07-17 00:00:00+09:00,812.6797396336227,825.5623779296875,812.6797396336227,825.5623779296875,13401600,0.0,0.0
2013-07-18 00:00:00+09:00,825.5625836693127,827.709716796875,821.2683960435919,827.709716796875,68945100,0.0,0.0
2013-07-19 00:00:00+09:00,837.3716383370602,838.4451655097442,815.9005444775927,832.0038452148438,21518400,0.0,0.0
2013-07-22 00:00:00+09:00,839.5188390361158,841.6658935546875,832.0039123329013,841.6658935546875,16901400,0.0,0.0
2013-07-23 00:00:00+09:00,835.2245934607947,845.9601808376046,835.2245934607947,839.5188598632812,16437900,0.0,0.0
2013-07-24 00:00:00+09:00,839.5189184902991,843.8131065632599,833.0775970661522,838.4453125,9809100,0.0,0.0
2013-07-25 00:00:00+09:00,841.6657486698008,842.7393543736799,833.0773748151131,836.2980346679688,11893200,0.0,0.0
2013-07-26 00:00:00+09:00,826.6362434203572,828.7832980584411,810.5329404876841,813.7536010742188,15942900,0.0,0.0
2013-07-29 00:00:00+09:00,791.2086558335168,804.0912929508637,786.9143910414831,789.0615234375,16413300,0.0,0.0
2013-07-30 00:00:00+09:00,785.8410310842025,800.8708037901464,784.7675039728472,796.5765380859375,15450900,0.0,0.0
2013-07-31 00:00:00+09:00,789.0618846042097,794.4296787364916,778.3263749690587,779.39990234375,17929500,0.0,0.0
2013-08-01 00:00:00+09:00,761.1494015208287,776.1791766562004,749.340365498914,774.0320434570312,36411900,0.0,0.0
2013-08-02 00:00:00+09:00,789.0616910476624,796.5765380859375,783.6938982320981,796.5765380859375,23363400,0.0,0.0
2013-08-05 00:00:00+09:00,797.6501667055092,807.3121468730211,795.503033791819,798.7236938476562,14876700,0.0,0.0
2013-08-06 00:00:00+09:00,794.429478575678,814.8269653320312,784.7674987496065,814.8269653320312,16919400,0.0,0.0
2013-08-07 00:00:00+09:00,796.5766037148464,820.1948311456894,796.5766037148464,801.9443969726562,17313000,0.0,0.0
2013-08-08 00:00:00+09:00,792.2823894681513,810.5328230234228,789.0617293483622,791.2088623046875,14895600,0.0,0.0
2013-08-09 00:00:00+09:00,794.4296264648438,798.7238143104738,785.8411721441759,794.4296264648438,15318600,0.0,0.0
2013-08-12 00:00:00+09:00,790.1352607991433,803.0179013482023,786.9146006618787,799.7972412109375,9833400,0.0,0.0
2013-08-13 00:00:00+09:00,811.6063053900075,818.0476252740551,807.3121183437734,814.8269653320312,10646700,0.0,0.0
2013-08-14 00:00:00+09:00,818.0477356669504,828.7832440459542,816.9742084178712,827.709716796875,14517600,0.0,0.0
2013-08-15 00:00:00+09:00,816.9740193860326,829.8566579118078,813.7533597545889,818.0475463867188,11346600,0.0,0.0
2013-08-16 00:00:00+09:00,800.8709587280803,815.9006557123026,796.5766921930948,813.7536010742188,12774600,0.0,0.0
2013-08-19 00:00:00+09:00,810.5329803124253,815.9006958007812,803.0180528216667,815.9006958007812,9855000,0.0,0.0
2013-08-20 00:00:00+09:00,805.1650435836227,808.3857037579572,777.2526291962575,782.6204223632812,17640600,0.0,0.0
2013-08-21 00:00:00+09:00,775.1056109519235,785.8411191568335,768.664290303097,776.1791381835938,12279900,0.0,0.0
2013-08-22 00:00:00+09:00,777.252669825305,793.3559715387396,765.4436343217217,781.5469360351562,16040700,0.0,0.0
2013-08-23 00:00:00+09:00,797.650128671949,812.6798224629466,795.5029958606384,800.8707885742188,18831900,0.0,0.0
2013-08-26 00:00:00+09:00,803.0179241724582,807.3121902304661,793.3559434860406,801.9443969726562,8126700,0.0,0.0
2013-08-27 00:00:00+09:00,786.9146994482314,804.0916080895672,783.6940389066569,794.4296264648438,11738700,0.0,0.0
2013-08-28 00:00:00+09:00,768.6642703387847,777.2526452278881,764.3700042648326,775.1055908203125,15583800,0.0,0.0
2013-08-29 00:00:00+09:00,770.8112387383172,778.3261642145088,768.6641845703125,768.6641845703125,12820800,0.0,0.0
2013-08-30 00:00:00+09:00,772.9584049441887,777.2525920951914,760.0757648617856,761.1492919921875,18107400,0.0,0.0
2013-09-02 00:00:00+09:00,761.1494787215622,770.8114611536953,761.1494787215622,766.5172729492188,7532100,0.0,0.0
2013-09-03 00:00:00+09:00,775.1057178890615,785.8412275750916,772.9585845000901,784.7677001953125,15844500,0.0,0.0
2013-09-04 00:00:00+09:00,777.2524132034729,790.1350503208199,774.0317539241362,789.0615234375,14505900,0.0,0.0
2013-09-05 00:00:00+09:00,803.0178073207813,814.826919317792,801.9442802771945,807.3120727539062,22246800,0.0,0.0
2013-09-06 00:00:00+09:00,813.7537208525711,820.195042973754,808.3859262084453,812.6801147460938,20432400,0.0,0.0
2013-09-09 00:00:00+09:00,836.2981068316518,836.2981068316518,819.1212003813092,823.4154663085938,14067600,0.0,0.0
2013-09-10 00:00:00+09:00,825.5624847477096,830.9302776087269,822.3418247569782,829.8567504882812,13276200,0.0,0.0
2013-09-11 00:00:00+09:00,834.1509963641705,839.5187896033409,825.5625429073777,828.783203125,13945800,0.0,0.0
2013-09-12 00:00:00+09:00,827.7095105221596,835.224356651736,821.2681913741272,825.5623779296875,9903600,0.0,0.0
2013-09-13 00:00:00+09:00,824.4888861456399,830.9302055686527,815.9004340384936,819.12109375,27426900,0.0,0.0
2013-09-17 00:00:00+09:00,823.4154180538926,826.6360779959164,814.8269653320312,814.8269653320312,11057700,0.0,0.0
2013-09-18 00:00:00+09:00,822.3418826897555,830.9303361465481,818.0476952760591,828.783203125,18643800,0.0,0.0
2013-09-19 00:00:00+09:00,834.1509829007663,837.3716430664062,823.415475225099,837.3716430664062,14509200,0.0,0.0
2013-09-20 00:00:00+09:00,843.8129612617741,847.0336214192619,827.7096604743357,833.0774536132812,23819100,0.0,0.0
2013-09-24 00:00:00+09:00,822.3418197794293,833.0774054364825,821.2682926654816,824.4889526367188,10897500,0.0,0.0
2013-09-25 00:00:00+09:00,825.5625206428382,827.7096536064805,821.2683333449514,823.4154663085938,11621100,0.0,0.0
2013-09-26 00:00:00+09:00,826.6531412985436,837.4450108029583,814.7821955019651,835.28662109375,14983800,6.666667,0.0
2013-09-27 00:00:00+09:00,834.2072124103316,841.7614555358886,826.6528902431717,828.811279296875,14208000,0.0,0.0
2013-09-30 00:00:00+09:00,814.7819143157407,818.0194582414435,802.9108935742971,806.1484375,15749400,0.0,0.0
2013-10-01 00:00:00+09:00,807.2276703131771,823.4153915028907,805.0693601822869,813.7027587890625,12630600,0.0,0.0
2013-10-02 00:00:00+09:00,809.3862152095924,822.3363946529458,800.7527359001492,801.8319702148438,19509900,0.0,0.0
2013-10-03 00:00:00+09:00,799.6733496485944,816.940224238476,798.5941946872266,806.1484375,15287700,0.0,0.0
2013-10-04 00:00:00+09:00,798.5943142658059,810.4652577431613,796.4359249782816,800.7526245117188,14337300,0.0,0.0
2013-10-07 00:00:00+09:00,800.7527426420028,805.0695218538804,795.3568871895907,797.5151977539062,12575400,0.0,0.0
2013-10-08 00:00:00+09:00,794.2776534242976,807.2278329857895,794.2776534242976,802.9111328125,16090800,0.0,0.0
2013-10-09 00:00:00+09:00,796.4359956545547,821.2571980180952,795.3568404358333,818.0196533203125,13985100,0.0,0.0
2013-10-10 00:00:00+09:00,825.5737493213079,838.52392578125,824.4945942968475,838.52392578125,17821800,0.0,0.0
2013-10-11 00:00:00+09:00,847.157290169985,847.157290169985,839.6029688809909,844.9989013671875,22971000,0.0,0.0
2013-10-15 00:00:00+09:00,849.3157914839,850.3950256495036,843.9199368223287,846.0782470703125,12504900,0.0,0.0
2013-10-16 00:00:00+09:00,841.7615431238479,848.2366319171083,836.3656094489272,842.8406982421875,10956900,0.0,0.0
2013-10-17 00:00:00+09:00,849.3159218862012,854.7118564178654,847.1576113068346,852.553466796875,18673800,0.0,0.0
2013-10-18 00:00:00+09:00,852.5534521438336,852.5534521438336,843.9200518915039,850.3951416015625,9958500,0.0,0.0
2013-10-21 00:00:00+09:00,852.553466796875,855.7910117075487,848.2367665965179,852.553466796875,7742700,0.0,0.0
2013-10-22 00:00:00+09:00,854.7116088867186,861.1866968328302,849.3156759177588,854.7116088867188,13968300,0.0,0.0
2013-10-23 00:00:00+09:00,856.8700179173742,856.8700179173742,828.8112764809737,830.9696655273438,17040900,0.0,0.0
2013-10-24 00:00:00+09:00,835.28656739184,839.6032674911021,828.8114777221358,836.36572265625,11719800,0.0,0.0
2013-10-25 00:00:00+09:00,839.6032553236099,842.8408001115437,822.3363761351702,826.653076171875,16541100,0.0,0.0
2013-10-28 00:00:00+09:00,834.2072992122479,848.2366319171083,829.8905206556668,842.8406982421875,15311400,0.0,0.0
2013-10-29 00:00:00+09:00,836.3654251975918,848.2364450505868,833.1278815141926,844.9989013671875,12081600,0.0,0.0
2013-10-30 00:00:00+09:00,848.2367704793891,860.1077948867413,847.1576151847659,855.791015625,33429900,0.0,0.0
2013-10-31 00:00:00+09:00,847.157290169985,854.7115324173851,839.6029688809909,844.9989013671875,20259300,0.0,0.0
2013-11-01 00:00:00+09:00,855.7906309098063,857.9490195703871,841.7613022200024,848.2363891601562,17465400,0.0,0.0
2013-11-05 00:00:00+09:00,859.0281743798831,861.186563040464,839.6029135594216,848.2363891601562,14376300,0.0,0.0
2013-11-06 00:00:00+09:00,842.8404570294985,851.4739326302332,836.3653700893447,848.2363891601562,12538200,0.0,0.0
2013-11-07 00:00:00+09:00,852.5534474921857,852.5534474921857,835.2865680401142,841.7616577148438,12654600,0.0,0.0
2013-11-08 00:00:00+09:00,833.1282313845417,838.524166136749,828.8115310077519,835.28662109375,10985700,0.0,0.0
2013-11-11 00:00:00+09:00,847.1574247591836,852.5532790610341,844.9990356134797,849.3157348632812,14261100,0.0,0.0
2013-11-12 00:00:00+09:00,850.394916777044,869.8201807716343,849.3156827496102,863.3450927734375,25451700,0.0,0.0
2013-11-13 00:00:00+09:00,859.0283874918052,868.741020311593,852.5532989452801,867.661865234375,21191400,0.0,0.0
2013-11-14 00:00:00+09:00,871.9783987253649,879.5327199538049,860.107458009119,875.2159423828125,20163900,0.0,0.0
2013-11-15 00:00:00+09:00,879.5329632594488,883.8496629829788,873.0578741533465,882.7705078125,24891900,0.0,0.0
2013-11-18 00:00:00+09:00,883.8497433869735,902.1958572037518,878.4538089604805,893.5623779296875,22378200,0.0,0.0
2013-11-19 00:00:00+09:00,889.245604391123,892.48314897138,879.5329706503521,883.8496704101562,13366200,0.0,0.0
2013-11-20 00:00:00+09:00,888.1662550982977,893.5621883801623,882.7704008580386,884.9287109375,11563200,0.0,0.0
2013-11-21 00:00:00+09:00,894.6414936054881,916.2251513146412,893.562338384597,915.14599609375,32860500,0.0,0.0
2013-11-22 00:00:00+09:00,928.0960798550994,937.8087129732054,922.7001462200593,927.016845703125,41931600,0.0,0.0
2013-11-25 00:00:00+09:00,936.7296755830959,946.4423107413594,927.0170404248323,942.1256103515625,25753500,0.0,0.0
2013-11-26 00:00:00+09:00,929.1751690923436,936.7294124125593,922.7000808059859,923.7792358398438,20239500,0.0,0.0
2013-11-27 00:00:00+09:00,919.4626960189331,923.7793959441162,911.908451389458,915.14599609375,13994100,0.0,0.0
2013-11-28 00:00:00+09:00,933.4918087651557,938.8877416736988,925.9375659264754,929.1751098632812,18052800,0.0,0.0
2013-11-29 00:00:00+09:00,929.1752333664332,935.6503221006941,918.3834451565353,934.5711669921875,19437600,0.0,0.0
2013-12-02 00:00:00+09:00,934.5710427718243,936.7293527019615,927.016720891544,929.1751098632812,15443700,0.0,0.0
2013-12-03 00:00:00+09:00,932.4126461319993,932.4126461319993,923.7791693576513,928.095947265625,16024200,0.0,0.0
2013-12-04 00:00:00+09:00,915.145876995474,919.4625763588763,910.8290985904633,912.9874877929688,20310600,0.0,0.0
2013-12-05 00:00:00+09:00,910.8292046817223,917.3042940018331,902.1958049493196,905.433349609375,18557700,0.0,0.0
2013-12-06 00:00:00+09:00,906.5125848884718,919.4627646725928,903.2750399424415,916.2252197265625,27927900,0.0,0.0
2013-12-09 00:00:00+09:00,927.0168457031251,930.254390075827,920.5417569577212,927.016845703125,14861700,0.0,0.0
2013-12-10 00:00:00+09:00,922.6999485925996,923.7791034718258,916.2248612340551,917.3040161132812,12987900,0.0,0.0
2013-12-11 00:00:00+09:00,911.907899896827,915.145442643157,904.3535807943429,909.74951171875,10437900,0.0,0.0
2013-12-12 00:00:00+09:00,908.6708241486252,908.6708241486252,892.4831020975311,898.9581909179688,16218300,0.0,0.0
2013-12-13 00:00:00+09:00,894.6414877820017,909.7500559842246,892.4831773542686,901.1165771484375,39624000,0.0,0.0
2013-12-16 00:00:00+09:00,897.879050143402,898.9582844201356,875.2162369146727,876.2954711914062,16839300,0.0,0.0
2013-12-17 00:00:00+09:00,889.2455969186025,894.6414518126111,878.4537290473551,882.7705078125,18048300,0.0,0.0
2013-12-18 00:00:00+09:00,882.7700151798564,910.828666287003,880.6116270017793,909.74951171875,21597600,0.0,0.0
2013-12-19 00:00:00+09:00,923.7793461770029,930.254435236752,916.2251019545004,919.462646484375,26867400,0.0,0.0
2013-12-20 00:00:00+09:00,917.3040815372902,928.095947265625,915.1457716249027,928.095947265625,19973400,0.0,0.0
2013-12-24 00:00:00+09:00,928.0960602885808,931.3336045930274,919.4625824628533,921.6209716796875,16317600,0.0,0.0
2013-12-25 00:00:00+09:00,919.4623466625548,922.6998901367188,917.3039579992493,922.6998901367188,14106900,0.0,0.0
2013-12-26 00:00:00+09:00,931.3739624023436,936.7952577259638,929.20550780339,931.3739624023438,14532000,6.666667,0.0
2013-12-27 00:00:00+09:00,930.2897788741774,936.7953018033675,924.8684832954784,932.4583129882812,12897300,0.0,0.0
2013-12-30 00:00:00+09:00,937.8798652111439,938.9641723632811,933.5428748420451,938.9641723632812,11659800,0.0,0.0
2014-01-06 00:00:00+09:00,932.4584668835997,936.7954564144736,920.5316464072779,927.0371704101562,19078200,0.0,0.0
2014-01-07 00:00:00+09:00,921.6159817373868,924.868744119299,916.1947640429627,917.2789916992188,12099600,0.0,0.0
2014-01-08 00:00:00+09:00,920.5318289935196,928.12158203125,919.4476012490298,928.12158203125,12299400,0.0,0.0
2014-01-09 00:00:00+09:00,925.9529583363257,928.1214134313901,919.44743422486,923.784423828125,12880500,0.0,0.0
2014-01-10 00:00:00+09:00,914.0263195765382,925.9531426256931,908.605021933622,924.8688354492188,21109800,0.0,0.0
2014-01-14 00:00:00+09:00,896.67776564216,897.3283178108452,887.5700352805669,892.3406982421875,27338400,0.0,0.0
2014-01-15 00:00:00+09:00,904.267959358882,904.7016345469984,895.3771018170495,899.9309692382812,19813200,0.0,0.0
2014-01-16 00:00:00+09:00,904.2678880642991,918.3631644048065,899.0634685646485,907.0869750976562,17296800,0.0,0.0
2014-01-17 00:00:00+09:00,903.1835448097266,903.8340971638721,892.340952631882,897.9791259765625,13676400,0.0,0.0
2014-01-20 00:00:00+09:00,902.0995282102346,905.1354931152074,893.8592222106398,901.232177734375,10689000,0.0,0.0
2014-01-21 00:00:00+09:00,904.267870831579,907.5206329568724,895.3770141601561,895.3770141601562,15254400,0.0,0.0
2014-01-22 00:00:00+09:00,895.3768268193659,897.9790359751372,885.8353403061234,893.6419677734375,20082900,0.0,0.0
2014-01-23 00:00:00+09:00,896.6781484453724,897.1118236052683,887.5704141955727,888.0040893554688,18281700,0.0,0.0
2014-01-24 00:00:00+09:00,877.8123631141581,878.2460383904574,863.2833281067682,866.3192138671875,28410000,0.0,0.0
2014-01-27 00:00:00+09:00,844.6338976549114,857.2111911900136,843.3327928469259,850.0551147460938,26568600,0.0,0.0
2014-01-28 00:00:00+09:00,850.0549406643726,856.9942178279655,842.0315156003269,842.6820678710938,20379600,0.0,0.0
2014-01-29 00:00:00+09:00,861.9821039550692,869.7887343305113,856.7776837047744,868.270751953125,17463600,0.0,0.0
2014-01-30 00:00:00+09:00,847.8868789573205,863.0663860341524,841.8150284786942,846.368896484375,22155600,0.0,0.0
2014-01-31 00:00:00+09:00,853.7415606531615,855.910015544914,836.6103222947964,844.2000732421875,17110200,0.0,0.0
2014-02-03 00:00:00+09:00,837.0438637733139,850.7054609456958,824.0328188472358,825.3339233398438,21243900,0.0,0.0
2014-02-04 00:00:00+09:00,802.3482311866239,806.4683447011655,771.9890569850098,773.0733642578125,34640400,0.0,0.0
2014-02-05 00:00:00+09:00,781.7470773502251,793.6738973608446,777.4100879886962,785.43359375,24991200,0.0,0.0
2014-02-06 00:00:00+09:00,791.5053475062083,791.5053475062083,775.2415384518812,775.67529296875,17550900,0.0,0.0
2014-02-07 00:00:00+09:00,791.5051590793271,800.6128899815504,788.6861524564274,798.0106811523438,15937800,0.0,0.0
2014-02-10 00:00:00+09:00,814.9254645355539,815.1423418557284,800.8301858135688,804.9503784179688,13267500,0.0,0.0
2014-02-12 00:00:00+09:00,825.984951684919,833.791583140318,819.6963028169014,831.40625,20970000,0.0,0.0
2014-02-13 00:00:00+09:00,833.1409469156039,833.1409469156039,809.5042569896311,813.8412475585938,14059800,0.0,0.0
2014-02-14 00:00:00+09:00,814.708480308953,830.5385357326252,801.9142301945352,805.1669921875,19674600,0.0,0.0
2014-02-17 00:00:00+09:00,805.166842636225,814.4914517551542,799.5287493666809,812.539794921875,11695800,0.0,0.0
2014-02-18 00:00:00+09:00,812.7569178292011,834.2251494846059,808.6367256869139,828.5869750976562,17429700,0.0,0.0
2014-02-19 00:00:00+09:00,823.1657175995431,823.5993927571205,809.0703617271673,814.0579833984375,16645800,0.0,0.0
2014-02-20 00:00:00+09:00,808.8535726853717,814.0579922856783,789.5537970588073,791.939208984375,27676200,0.0,0.0
2014-02-21 00:00:00+09:00,802.347797630157,805.3836816445852,794.324293447527,802.1309204101562,16479900,0.0,0.0
2014-02-24 00:00:00+09:00,805.8173076399638,814.2744863348855,788.469275249623,798.0106811523438,18263400,0.0,0.0
2014-02-25 00:00:00+09:00,800.6131649079992,808.6366713576546,800.3963670398589,804.5164794921875,16107000,0.0,0.0
2014-02-26 00:00:00+09:00,812.1061864586011,812.1061864586011,802.7815765751518,803.43212890625,13749600,0.0,0.0
2014-02-27 00:00:00+09:00,802.347797630157,808.2027678521289,794.7579684744122,802.1309204101562,12409500,0.0,0.0
2014-02-28 00:00:00+09:00,801.9141875512579,803.649046797341,784.349273723295,790.8547973632812,23000400,0.0,0.0
2014-03-03 00:00:00+09:00,782.180840589494,804.2996215820312,781.0965336771832,804.2996215820312,22459800,0.0,0.0
2014-03-04 00:00:00+09:00,798.4444794951871,809.0701131903136,795.8422705228108,799.0950317382812,16011600,0.0,0.0
2014-03-05 00:00:00+09:00,817.5274741844456,820.9971133903674,808.4197407553925,809.2871704101562,14749800,0.0,0.0
2014-03-06 00:00:00+09:00,820.9971758538884,827.2858229432653,813.1905466064663,823.1657104492188,14302200,0.0,0.0
2014-03-07 00:00:00+09:00,832.706938976378,834.0080435685286,824.4666363637982,826.201416015625,12052200,0.0,0.0
2014-03-10 00:00:00+09:00,820.9971133903674,827.9363123890779,807.3355132467876,809.2871704101562,15927300,0.0,0.0
2014-03-11 00:00:00+09:00,819.4791666918726,834.4418722563714,817.5275094443292,832.7070922851562,18250500,0.0,0.0
2014-03-12 00:00:00+09:00,818.6120164992207,822.9490071938808,815.1423762955989,816.4434814453125,15609300,0.0,0.0
2014-03-13 00:00:00+09:00,815.3587283174395,822.7315998069594,806.9015502929688,806.9015502929688,11790900,0.0,0.0
2014-03-14 00:00:00+09:00,793.6738509459602,794.1075260328118,778.7111471986184,782.1807861328125,37141500,0.0,0.0
2014-03-17 00:00:00+09:00,778.2775907388755,784.7831150988741,773.5068464038301,780.229248046875,13110900,0.0,0.0
2014-03-18 00:00:00+09:00,788.90302797633,788.90302797633,769.1696620193685,772.6392211914062,20062200,0.0,0.0
2014-03-19 00:00:00+09:00,776.3260829715789,786.9517218642596,768.95312747231,770.90478515625,13304700,0.0,0.0
2014-03-20 00:00:00+09:00,782.8314987326223,783.4820512026458,763.9654771019417,766.7844848632812,17104200,0.0,0.0
2014-03-24 00:00:00+09:00,771.3382582693324,773.0731175869973,752.2554410800881,758.1104125976562,27743100,0.0,0.0
2014-03-25 00:00:00+09:00,756.8094165630522,766.3508265286939,753.5566541414534,763.31494140625,20189700,0.0,0.0
2014-03-26 00:00:00+09:00,762.2304790196562,769.1697570472903,755.7249555019546,767.86865234375,24954900,0.0,0.0
2014-03-27 00:00:00+09:00,766.9958667493971,770.9235839843749,748.6665196528343,770.923583984375,28505700,7.333333,0.0
2014-03-28 00:00:00+09:00,774.6330256984738,777.4696566473248,768.3049845457468,775.5057983398438,13837200,0.0,0.0
2014-03-31 00:00:00+09:00,785.5434155950832,796.4537141751454,781.1793121449799,792.9624633789062,16252500,0.0,0.0
2014-04-01 00:00:00+09:00,798.6357707019724,799.726776539074,786.4162336337778,789.6893310546875,14972700,0.0,0.0
2014-04-02 00:00:00+09:00,797.1084069056243,813.0375098215436,796.6720204934128,799.072265625,19917900,0.0,0.0
2014-04-03 00:00:00+09:00,807.3641967773438,812.8193068160267,803.4364791928749,807.3641967773438,13704900,0.0,0.0
2014-04-04 00:00:00+09:00,802.1272011801793,806.2730718234055,796.6720114958741,801.6907348632812,14662500,0.0,0.0
2014-04-07 00:00:00+09:00,795.36283339577,795.36283339577,776.8152509735944,779.215576171875,24341100,0.0,0.0
2014-04-08 00:00:00+09:00,764.813882741038,768.0869805560359,751.7214914810467,753.9035034179688,34847400,0.0,0.0
2014-04-09 00:00:00+09:00,754.7762010332798,756.9582924314005,744.084057064966,749.5392456054688,22606500,0.0,0.0
2014-04-10 00:00:00+09:00,760.6679266678659,760.8861598238152,742.9931985955488,746.2662963867188,16072500,0.0,0.0
2014-04-11 00:00:00+09:00,733.173975063853,755.4310421640057,728.8098708964421,751.7215576171875,25512600,0.0,0.0
2014-04-14 00:00:00+09:00,742.3384727312178,761.104204076719,742.1202396065204,751.284912109375,12431400,0.0,0.0
2014-04-15 00:00:00+09:00,755.430975701506,758.2676871110424,748.4483936660488,753.9035034179688,12307500,0.0,0.0
2014-04-16 00:00:00+09:00,759.3586654290332,770.9235839843749,758.7040458898703,770.923583984375,13664100,0.0,0.0
2014-04-17 00:00:00+09:00,767.4322481101245,767.8686344513972,750.8485283169247,754.7762451171875,20082900,0.0,0.0
2014-04-18 00:00:00+09:00,759.358557041332,759.5767901597739,744.3023097896504,747.7936401367188,15665400,0.0,0.0
2014-04-21 00:00:00+09:00,748.0118021752777,757.6129407656497,748.0118021752777,749.7575073242188,9561000,0.0,0.0
2014-04-22 00:00:00+09:00,752.1578522496923,753.0307049404793,745.8298899929191,748.0119018554688,17585100,0.0,0.0
2014-04-23 00:00:00+09:00,751.7214909704256,759.1404594063049,750.8486382504809,758.48583984375,12952500,0.0,0.0
2014-04-24 00:00:00+09:00,757.1764456344939,757.3946787471854,748.4482398612074,749.5392456054688,11006700,0.0,0.0
2014-04-25 00:00:00+09:00,749.5393733761262,763.7227701076961,746.4845088256865,757.1765747070312,13345200,0.0,0.0
2014-04-28 00:00:00+09:00,730.9916924669732,733.1737839366516,718.3357697078005,723.3544921875,31817100,0.0,0.0
2014-04-30 00:00:00+09:00,731.6465698461923,742.5569511312486,730.3373304847557,737.5381469726562,27648600,0.0,0.0
2014-05-01 00:00:00+09:00,741.9019568227593,751.7212470752241,739.283479422102,749.3209228515625,16888800,0.0,0.0
2014-05-02 00:00:00+09:00,754.99468061099,761.104410664868,751.7215824001181,757.6131591796875,16473300,0.0,0.0
2014-05-07 00:00:00+09:00,742.3384633284436,742.9930827846415,733.3920240636058,735.5740356445312,26788500,0.0,0.0
2014-05-08 00:00:00+09:00,738.6289907734848,740.3746160462845,728.1550793174807,731.8645629882812,24326700,0.0,0.0
2014-05-09 00:00:00+09:00,720.0814234926996,734.2648188340514,718.3357981934944,728.1550903320312,21768300,0.0,0.0
2014-05-12 00:00:00+09:00,726.6276395586135,733.6102208697885,722.26353622783,722.481689453125,13334100,0.0,0.0
2014-05-13 00:00:00+09:00,737.7561153323975,750.4121179196198,735.5740238767798,747.7936401367188,15121800,0.0,0.0
2014-05-14 00:00:00+09:00,748.2302263374858,753.4671833022276,747.3573735401549,751.7215576171875,8748300,0.0,0.0
2014-05-15 00:00:00+09:00,743.8662600814566,744.3026466062164,733.1741109929309,739.5020751953125,16089600,0.0,0.0
2014-05-16 00:00:00+09:00,732.9556410300665,733.1738741767751,725.3184398105954,732.7374877929688,14453400,0.0,0.0
2014-05-19 00:00:00+09:00,736.0104956835786,739.0653598168815,728.8096817261068,737.1015014648438,17518800,0.0,0.0
2014-05-20 00:00:00+09:00,741.9022366187193,750.1940582113922,738.8472918927722,742.338623046875,14205900,0.0,0.0
2014-05-21 00:00:00+09:00,741.9021121973293,747.5754544503767,738.6290147610316,743.4295043945312,17900100,0.0,0.0
2014-05-22 00:00:00+09:00,751.7213872548507,760.4495936116025,746.9208178219147,757.8311157226562,15308400,0.0,0.0
2014-05-23 00:00:00+09:00,758.2675436996233,770.0506936050641,753.4669745090216,764.1591186523438,18098400,0.0,0.0
2014-05-26 00:00:00+09:00,771.3602361365859,778.9974392970722,763.5047997739263,777.9064331054688,15185400,0.0,0.0
2014-05-27 00:00:00+09:00,777.9061579833057,787.2889837138588,772.4509691353635,778.7789306640625,14612400,0.0,0.0
2014-05-28 00:00:00+09:00,770.2688908598275,775.0694603249514,766.9957934766985,769.3961181640625,12787500,0.0,0.0
2014-05-29 00:00:00+09:00,762.41349787673,775.2877348779886,761.7588783651274,771.1417846679688,10818900,0.0,0.0
2014-05-30 00:00:00+09:00,772.8873900996373,777.906192832034,770.7053783903926,777.4697265625,14408400,0.0,0.0
2014-06-02 00:00:00+09:00,783.1430702296567,789.2527982941803,780.524592513547,782.7066040039062,15329100,0.0,0.0
2014-06-03 00:00:00+09:00,789.9075232901382,789.9075232901382,783.361328125,783.361328125,14087700,0.0,0.0
2014-06-04 00:00:00+09:00,786.8527646414922,786.8527646414922,774.6332253268607,779.4337158203125,19405800,0.0,0.0
2014-06-05 00:00:00+09:00,780.7430651855641,785.3254030637821,773.978714924139,777.9064331054688,11904000,0.0,0.0
2014-06-06 00:00:00+09:00,784.2342470227717,786.8527253099929,777.9062844651921,781.1793823242188,14628600,0.0,0.0
2014-06-09 00:00:00+09:00,785.3253742671611,785.543607461332,776.5971652351207,777.6881713867188,9000000,0.0,0.0
2014-06-10 00:00:00+09:00,780.3064376760457,784.2341546442137,774.8512485837214,777.4697265625,10276200,0.0,0.0
2014-06-11 00:00:00+09:00,775.0695730174972,782.4886214678294,775.0695730174972,781.1793823242188,11478300,0.0,0.0
2014-06-12 00:00:00+09:00,776.3787727538644,780.9611095239125,772.6692886717912,780.0882568359375,10543200,0.0,0.0
2014-06-13 00:00:00+09:00,766.3413635774364,777.4698974330494,762.8501121115031,775.9425048828125,30239700,0.0,0.0
2014-06-16 00:00:00+09:00,775.9424011762663,776.378787573778,763.7227829498094,766.1231079101562,11813400,0.0,0.0
2014-06-17 00:00:00+09:00,773.324200167638,774.8515930612244,767.8690086500869,770.4874877929688,13333200,0.0,0.0
2014-06-18 00:00:00+09:00,770.4870759683698,777.0332703266398,768.9596039815739,775.5057983398438,9302400,0.0,0.0
2014-06-19 00:00:00+09:00,775.5055784506914,792.9621450627906,772.8871014498342,787.5069580078125,17658600,0.0,0.0
2014-06-20 00:00:00+09:00,794.2718162960298,796.2356751166164,788.8166262689713,790.9987182617188,19380000,0.0,0.0
2014-06-23 00:00:00+09:00,787.9436558907656,788.598275399927,782.924932957064,785.9797973632812,14404200,0.0,0.0
2014-06-24 00:00:00+09:00,780.0882421074423,780.742861633661,768.0869373998391,775.0695190429688,18694500,0.0,0.0
2014-06-25 00:00:00+09:00,774.6332053601437,778.1244565545519,770.9236410903607,771.360107421875,13666500,0.0,0.0
2014-06-26 00:00:00+09:00,775.0926847902422,783.2169128199228,775.0926847902422,775.7514038085938,13558800,7.333333,0.0
2014-06-27 00:00:00+09:00,773.9950839664907,777.2886800684757,768.5057303264953,773.3363647460938,17906700,0.0,0.0
2014-06-30 00:00:00+09:00,778.3861345543547,780.1427718820122,772.0185453691555,776.6295776367188,11871600,0.0,0.0
2014-07-01 00:00:00+09:00,776.6297675417161,782.7778388718282,774.6536103723987,779.0450439453125,16862400,0.0,0.0
2014-07-02 00:00:00+09:00,783.2171522695807,784.3149908324585,779.4844368277471,780.582275390625,10733700,0.0,0.0
2014-07-03 00:00:00+09:00,782.338787987536,782.777987715369,772.6776001260554,776.1907958984375,16658100,0.0,0.0
2014-07-04 00:00:00+09:00,785.192987214417,785.632106377078,779.9232356223739,783.8755493164062,13788000,0.0,0.0
2014-07-07 00:00:00+09:00,784.5344008427868,791.9999103297765,781.6799247780468,785.4127197265625,10257900,0.0,0.0
2014-07-08 00:00:00+09:00,779.7038189477112,793.9761198013307,779.045099844007,784.9735717773438,18606600,0.0,0.0
2014-07-09 00:00:00+09:00,778.3862260459964,790.0236481720109,778.166706661753,789.3649291992188,14213400,0.0,0.0
2014-07-10 00:00:00+09:00,789.1454573854692,790.2432957148221,782.7778664191515,784.534423828125,13098000,0.0,0.0
2014-07-11 00:00:00+09:00,777.2885470364366,779.4843041986458,771.1404752282796,771.7991943359375,22673400,0.0,0.0
2014-07-14 00:00:00+09:00,776.6297457495284,783.6560553510407,772.6774315217954,781.0211791992188,12048000,0.0,0.0
2014-07-15 00:00:00+09:00,786.0714672076049,798.8066492275698,786.0714672076049,791.9999389648438,14611200,0.0,0.0
2014-07-16 00:00:00+09:00,792.4390981400812,799.685008430639,791.3412597478917,795.073974609375,12123600,0.0,0.0
2014-07-17 00:00:00+09:00,794.8542676562045,796.3913055261849,789.1453962120509,790.6824340820312,13230600,0.0,0.0
2014-07-18 00:00:00+09:00,778.6060962579685,785.1932882736874,773.1167427748499,783.65625,14851200,0.0,0.0
2014-07-22 00:00:00+09:00,787.1691709721518,792.6585225382022,784.9734142637257,787.2789306640625,10862400,0.0,0.0
2014-07-23 00:00:00+09:00,785.1931535875475,786.8399513089978,777.9472436131657,779.9234008789062,13918800,0.0,0.0
2014-07-24 00:00:00+09:00,780.8017035094165,784.0952988835984,778.3863466283208,783.2169799804688,12745500,0.0,0.0
2014-07-25 00:00:00+09:00,782.8876076715019,785.5224839278637,779.5940123510496,784.6441650390625,12930600,0.0,0.0
2014-07-28 00:00:00+09:00,781.6799487007081,787.8280202552116,781.5701889906427,785.6322631835938,12031800,0.0,0.0
2014-07-29 00:00:00+09:00,785.7420746258042,787.1692724447419,778.7156844170929,779.0450439453125,16900800,0.0,0.0
2014-07-30 00:00:00+09:00,800.343644103048,807.8091534576988,799.026206005759,803.1981201171875,29962500,0.0,0.0
2014-07-31 00:00:00+09:00,810.2243913922991,811.9809486353327,801.9904036748977,802.3197631835938,19686600,0.0,0.0
2014-08-01 00:00:00+09:00,790.9019775390625,794.4151726015648,787.8279821156481,790.9019775390625,16933200,0.0,0.0
2014-08-04 00:00:00+09:00,783.4366565340265,783.8757758235745,778.0570632893208,778.8256225585938,17180400,0.0,0.0
2014-08-05 00:00:00+09:00,778.8255665543827,781.0212432542858,771.2502969966125,772.8970947265625,13335900,0.0,0.0
2014-08-06 00:00:00+09:00,771.7991624135682,774.1046791950127,764.9924521893327,767.078369140625,12643200,0.0,0.0
2014-08-07 00:00:00+09:00,768.0662339213291,772.6772662004452,762.2475235276754,769.603271484375,12526800,0.0,0.0
2014-08-08 00:00:00+09:00,759.5032094057526,762.6870455575819,743.8037089185293,748.8539428710938,23742000,0.0,0.0
2014-08-11 00:00:00+09:00,764.2238063731342,765.1021251841521,753.9039020863212,758.6246948242188,9960300,0.0,0.0
2014-08-12 00:00:00+09:00,760.2714496915929,763.674884637102,755.3310574255609,758.514892578125,9828000,0.0,0.0
2014-08-13 00:00:00+09:00,761.698823631764,770.4816907149338,759.2834668353578,766.4196166992188,14008500,0.0,0.0
2014-08-14 00:00:00+09:00,769.0545220926319,769.603481459929,761.3694930006931,761.6988525390625,13466100,0.0,0.0
2014-08-15 00:00:00+09:00,762.7964477539062,763.4551666207058,757.96581592737,762.7964477539062,11394600,0.0,0.0
2014-08-18 00:00:00+09:00,762.3575335110485,764.0043311205841,759.173697995933,760.8204956054688,5127000,0.0,0.0
2014-08-19 00:00:00+09:00,766.8586781284046,766.8586781284046,762.3574852208205,764.5531616210938,8747700,0.0,0.0
2014-08-20 00:00:00+09:00,769.6035099796426,769.713269693152,762.4673595805078,768.2860717773438,11012700,0.0,0.0
2014-08-21 00:00:00+09:00,777.3982609912271,789.6944038837564,776.5200225060768,785.9616088867188,19678200,0.0,0.0
2014-08-22 00:00:00+09:00,789.8042332324954,790.1335927959785,782.1192035545728,784.3148803710938,14818500,0.0,0.0
2014-08-25 00:00:00+09:00,786.0714905568818,787.279088640308,780.4723781753971,784.9735717773438,9135000,0.0,0.0
2014-08-26 00:00:00+09:00,784.97345279248,786.6202503021216,777.0688247462003,777.9471435546875,9199200,0.0,0.0
2014-08-27 00:00:00+09:00,775.9710094208,782.0092403308307,773.3361333276904,777.06884765625,10900500,0.0,0.0
2014-08-28 00:00:00+09:00,775.0928206088922,777.5081777061123,767.1881910035548,775.4221801757812,13482000,0.0,0.0
2014-08-29 00:00:00+09:00,775.2027238536082,780.362637214948,771.0308088633262,771.3601684570312,15297000,0.0,0.0
2014-09-01 00:00:00+09:00,774.8732444457388,775.0927638675611,761.2596630708848,762.2477416992188,18627000,0.0,0.0
2014-09-02 00:00:00+09:00,763.4553626955623,775.4220650457703,759.9421677003469,772.6774291992188,16615800,0.0,0.0
2014-09-03 00:00:00+09:00,779.4842816232011,785.8518726761276,779.154922078911,779.9234008789062,14487900,0.0,0.0
2014-09-04 00:00:00+09:00,779.4844368277471,786.8401079781447,777.6180389017998,780.582275390625,10346700,0.0,0.0
2014-09-05 00:00:00+09:00,785.4126827589398,786.2909211913372,778.7156523541921,780.4722900390625,8308500,0.0,0.0
2014-09-08 00:00:00+09:00,785.7419332378424,786.0712927067964,775.2024302313156,780.142822265625,11469300,0.0,0.0
2014-09-09 00:00:00+09:00,787.1693033684271,799.2458466809143,786.4008245757391,788.8161010742188,12325500,0.0,0.0
2014-09-10 00:00:00+09:00,788.8160697806763,796.5010986328126,786.4007933780143,796.5010986328125,13763100,0.0,0.0
2014-09-11 00:00:00+09:00,802.5393836928685,805.3937792351677,798.6968291889569,804.4057006835938,14628600,0.0,0.0
2014-09-12 00:00:00+09:00,811.3222310743117,811.6515905835989,804.7350408885661,809.565673828125,30484200,0.0,0.0
2014-09-16 00:00:00+09:00,810.2244762757008,810.44407610785,801.0024090660587,801.4415283203125,15177600,0.0,0.0
2014-09-17 00:00:00+09:00,800.3434525008054,802.978328064594,791.670347240008,798.6966552734375,13158000,0.0,0.0
2014-09-18 00:00:00+09:00,810.7736043759548,821.6424715634548,809.5659256628787,815.1650390625,22578000,0.0,0.0
2014-09-19 00:00:00+09:00,823.6184092826559,830.7544786913124,819.2268953588241,824.7162475585938,20955000,0.0,0.0
2014-09-22 00:00:00+09:00,823.3987843369448,829.8762149104078,823.3987843369448,828.5587768554688,11799300,0.0,0.0
2014-09-24 00:00:00+09:00,816.8114826502833,828.8880233100142,816.8114826502833,828.0097045898438,15247500,0.0,0.0
2014-09-25 00:00:00+09:00,830.644757675629,840.9646630982273,828.5588407311792,838.0004272460938,24902400,0.0,0.0
2014-09-26 00:00:00+09:00,826.1850735957358,827.6205459629376,820.0013572329049,826.9580078125,14609400,7.333333,0.0
2014-09-29 00:00:00+09:00,834.5772752833719,834.6877522363609,829.0561774263123,832.5896606445312,10590000,0.0,0.0
2014-09-30 00:00:00+09:00,831.2647498216984,839.2152099609375,818.8973943416361,839.2152099609375,22166400,0.0,0.0
2014-10-01 00:00:00+09:00,834.1359291118952,836.5652098630197,824.970786702211,826.7376098632812,16165800,0.0,0.0
2014-10-02 00:00:00+09:00,808.2966077925768,810.5050954283543,788.9726038273225,792.3956909179688,25195800,0.0,0.0
2014-10-03 00:00:00+09:00,772.5194801243243,782.8992174782834,768.7651242465602,781.4637451171875,25332600,0.0,0.0
2014-10-06 00:00:00+09:00,793.9418003150466,805.6466173028527,788.7518897196104,796.1502075195312,17989800,0.0,0.0
2014-10-07 00:00:00+09:00,792.0642373603687,807.192216433759,790.0766232139185,793.0580444335938,18160200,0.0,0.0
2014-10-08 00:00:00+09:00,783.3411288209946,788.530958155186,776.0532076590398,782.0160522460938,17430600,0.0,0.0
2014-10-09 00:00:00+09:00,782.2366721809448,787.9787233253232,777.267636119216,778.5927124023438,14948700,0.0,0.0
2014-10-10 00:00:00+09:00,768.7651744773691,769.6485048144191,758.7166246644128,766.9983520507812,18590400,0.0,0.0
2014-10-14 00:00:00+09:00,748.0057141925786,755.8457774234992,744.2513575843759,751.7600708007812,18462900,0.0,0.0
2014-10-15 00:00:00+09:00,753.9686871964853,758.1647906217713,750.8768683377983,754.6312255859375,15658800,0.0,0.0
2014-10-16 00:00:00+09:00,728.4609147581335,729.5651183810952,720.4000584703601,725.4794921875,28751100,0.0,0.0
2014-10-17 00:00:00+09:00,728.3502888005038,728.9023499996295,718.080947631419,718.8538818359375,17362200,0.0,0.0
2014-10-20 00:00:00+09:00,739.8342637248321,746.9013914637816,736.0799077159313,743.6990966796875,15621600,0.0,0.0
2014-10-21 00:00:00+09:00,743.3678409238391,745.4658515434564,729.0128739253528,732.215087890625,13645500,0.0,0.0
2014-10-22 00:00:00+09:00,752.2017789825073,754.7414549969722,746.4597269579555,753.52685546875,13650000,0.0,0.0
2014-10-23 00:00:00+09:00,748.8890208524032,749.7723511801375,741.1593547891459,743.2574462890625,11341200,0.0,0.0
2014-10-24 00:00:00+09:00,745.3554489308284,746.4596522667933,727.2460451387986,733.650634765625,23638800,0.0,0.0
2014-10-27 00:00:00+09:00,739.8341463525184,743.8093747464296,732.2149585975218,735.5276489257812,21066300,0.0,0.0
2014-10-28 00:00:00+09:00,735.8590974758722,738.6197273403798,724.8168206465872,730.1171264648438,16449300,0.0,0.0
2014-10-29 00:00:00+09:00,717.7497910121808,733.540231903856,715.3204302009611,729.5650024414062,28567200,0.0,0.0
2014-10-30 00:00:00+09:00,733.6507898431319,741.4907726752931,733.6507898431319,733.87158203125,22170900,0.0,0.0
2014-10-31 00:00:00+09:00,740.9385085717245,773.8445423463122,738.0674830255067,768.3233642578125,32797500,0.0,0.0
2014-11-04 00:00:00+09:00,823.5349974003321,823.6453934769012,780.0283484438584,781.0221557617188,37332000,0.0,0.0
2014-11-05 00:00:00+09:00,779.5866474257795,801.0087444738498,779.5866474257795,799.904541015625,27978300,0.0,0.0
2014-11-06 00:00:00+09:00,802.9964404681667,806.419528148373,792.3958273926793,798.68994140625,22503300,0.0,0.0
2014-11-07 00:00:00+09:00,810.9469596555035,810.9469596555035,802.5548339816581,804.8737182617188,16571400,0.0,0.0
2014-11-10 00:00:00+09:00,797.4752629782339,802.6651734356077,790.8498797885054,792.5062255859375,13904100,0.0,0.0
2014-11-11 00:00:00+09:00,797.6959159498233,800.5669414986432,765.2315472774468,780.0282592773438,39252000,0.0,0.0
2014-11-12 00:00:00+09:00,791.6228291452096,807.5237474761972,787.3163304305672,793.2791748046875,36010500,0.0,0.0
2014-11-13 00:00:00+09:00,797.2543585108189,805.3152132976791,794.0520634613479,800.787841796875,27986700,0.0,0.0
2014-11-14 00:00:00+09:00,816.0263665624623,821.5475463867186,808.4071756080693,821.5475463867188,36965100,0.0,0.0
2014-11-17 00:00:00+09:00,818.2347205296036,820.8848734705902,798.3585734722043,801.6712646484375,22986000,0.0,0.0
2014-11-18 00:00:00+09:00,809.7321694387598,813.3761299571177,806.088208920402,811.8302612304688,20693100,0.0,0.0
2014-11-19 00:00:00+09:00,811.6092359786913,814.921926737788,795.4874473256743,799.7939453125,22692300,0.0,0.0
2014-11-20 00:00:00+09:00,815.2532427074568,818.4555375841943,810.505079305048,811.9405517578125,21025200,0.0,0.0
2014-11-21 00:00:00+09:00,818.2346268320472,819.0075610592417,808.2965544413745,814.9219360351562,21387300,0.0,0.0
2014-11-25 00:00:00+09:00,826.0748010960388,828.5040810522758,815.4741891033667,826.2955932617188,28701900,0.0,0.0
2014-11-26 00:00:00+09:00,802.3338788114387,809.7321961797392,793.2792156982755,802.4442749023438,27306300,0.0,0.0
2014-11-27 00:00:00+09:00,791.7332385129407,793.6104572505931,773.6238320400857,775.721923828125,32296200,0.0,0.0
2014-11-28 00:00:00+09:00,783.4513428811014,788.7516479492188,778.2614338764909,788.7516479492188,27978900,0.0,0.0
2014-12-01 00:00:00+09:00,794.6041440571603,802.9962673067897,789.5246308030165,794.052001953125,19429200,0.0,0.0
2014-12-02 00:00:00+09:00,797.2542633081953,803.6587717661067,796.8125172930023,801.2294921875,18383100,0.0,0.0
2014-12-03 00:00:00+09:00,808.29640422386,810.8361603215565,801.0084858251203,806.5296630859375,23292300,0.0,0.0
2014-12-04 00:00:00+09:00,812.7135378454648,825.3017642568344,812.7135378454648,822.651611328125,27346500,0.0,0.0
2014-12-05 00:00:00+09:00,826.2956394537159,829.0562695653012,820.1120026964772,825.522705078125,16468800,0.0,0.0
2014-12-08 00:00:00+09:00,831.4854447847686,832.1479829877843,818.345076799541,823.755859375,19244100,0.0,0.0
2014-12-09 00:00:00+09:00,816.2469821470573,825.9641811662527,813.3759566039199,820.7743530273438,13716600,0.0,0.0
2014-12-10 00:00:00+09:00,811.0571588469024,817.0200026908105,790.9602205497463,797.2543334960938,24999000,0.0,0.0
2014-12-11 00:00:00+09:00,781.7951037558277,794.0520608909826,778.4824126382182,787.9788208007812,17321700,0.0,0.0
2014-12-12 00:00:00+09:00,778.0407120214796,785.1077591251805,775.7218283447386,777.378173828125,38702400,0.0,0.0
2014-12-15 00:00:00+09:00,772.9612574889477,779.1449747232793,769.9798353917922,772.5195922851562,22162800,0.0,0.0
2014-12-16 00:00:00+09:00,767.7714378759036,771.0841291354341,754.2997997950631,756.2874145507812,21727200,0.0,0.0
2014-12-17 00:00:00+09:00,750.8767126553139,770.5319871750911,747.0118792260664,763.023193359375,24168600,0.0,0.0
2014-12-18 00:00:00+09:00,785.7704209487325,789.3039854946629,771.8571166992188,771.8571166992188,26954400,0.0,0.0
2014-12-19 00:00:00+09:00,791.733187230801,791.733187230801,782.3472559029931,790.7393798828125,24032100,0.0,0.0
2014-12-22 00:00:00+09:00,792.6164927104887,794.7145032063655,788.0891217707143,790.8496704101562,12439800,0.0,0.0
2014-12-24 00:00:00+09:00,806.0881150866819,807.854937534689,804.5422465399819,807.3027954101562,18659700,0.0,0.0
2014-12-25 00:00:00+09:00,806.088217170395,810.8364621149606,805.6465519405828,808.517578125,9691500,0.0,0.0
2014-12-26 00:00:00+09:00,806.2957739392573,810.73945342969,800.0747528369847,804.296142578125,11460600,7.333333,0.0
2014-12-29 00:00:00+09:00,806.295522398129,808.8506332397461,790.076349550113,799.852294921875,15714900,0.0,0.0
2014-12-30 00:00:00+09:00,799.8524562564373,800.7412083295666,782.7445280637967,783.4110717773438,15326100,0.0,0.0
2015-01-05 00:00:00+09:00,784.0774947960903,791.0762027110073,776.1900349448516,784.4107666015625,15000000,0.0,0.0
2015-01-06 00:00:00+09:00,770.9687854410745,777.1898865546659,766.5251882829037,767.3027954101562,22077900,0.0,0.0
2015-01-07 00:00:00+09:00,763.3036674659445,769.7469780456225,759.8598851666028,761.0819091796875,16413000,0.0,0.0
2015-01-08 00:00:00+09:00,772.1908010312013,778.3007572293844,766.7473884679177,775.7457275390625,13938900,0.0,0.0
2015-01-09 00:00:00+09:00,783.6332410164057,787.1881681353647,780.0783952626506,784.633056640625,18753900,0.0,0.0
2015-01-13 00:00:00+09:00,777.6341856468357,784.5218300816576,769.4135353553116,784.4107666015625,15918600,0.0,0.0
2015-01-14 00:00:00+09:00,783.0778063416703,796.0754088624155,781.0781751846326,788.2990112304688,18348300,0.0,0.0
2015-01-15 00:00:00+09:00,788.5210713283899,799.2968323045559,787.7434642574866,797.9637451171875,15217800,0.0,0.0
2015-01-16 00:00:00+09:00,780.3004386195204,798.741534621675,780.1893751282479,797.408447265625,21522300,0.0,0.0
2015-01-19 00:00:00+09:00,800.9632223374426,807.9619303424256,796.4085618474995,805.1846923828125,19109100,0.0,0.0
2015-01-20 00:00:00+09:00,805.6290752701138,810.8503610532371,798.7415117049305,810.07275390625,22219500,0.0,0.0
2015-01-21 00:00:00+09:00,809.7393567527695,814.96056036261,800.1855386654413,807.9618530273438,18862800,0.0,0.0
2015-01-22 00:00:00+09:00,809.7394840985047,812.7389305710487,805.4069503048302,811.5169067382812,13029600,0.0,0.0
2015-01-23 00:00:00+09:00,819.0711258465991,824.7367471723782,817.1825582829408,818.7378540039062,17982900,0.0,0.0
2015-01-26 00:00:00+09:00,806.8510550048846,807.8508704385958,797.6305077722636,807.628662109375,15699300,0.0,0.0
2015-01-27 00:00:00+09:00,819.848759630947,824.6256290761696,816.0717057462501,823.4036865234375,17976300,0.0,0.0
2015-01-28 00:00:00+09:00,807.1843919558254,812.6278048569174,804.740425597922,810.628173828125,15955500,0.0,0.0
2015-01-29 00:00:00+09:00,802.2962029079906,805.1845853302941,797.8526064903659,801.8518676757812,20923500,0.0,0.0
2015-01-30 00:00:00+09:00,802.2962954528838,806.4067019443698,795.630859375,795.630859375,17208900,0.0,0.0
2015-02-02 00:00:00+09:00,787.4103439789232,830.9578129025017,778.6341307298527,821.95947265625,29571900,0.0,0.0
2015-02-03 00:00:00+09:00,821.9596084208556,822.0707533030047,794.0759123573723,798.408447265625,28084200,0.0,0.0
2015-02-04 00:00:00+09:00,810.9613371763675,823.4035383789176,804.2959013054242,819.6264038085938,19638600,0.0,0.0
2015-02-05 00:00:00+09:00,822.7369510132888,837.17870084348,812.0722541872572,830.7354736328125,25679100,0.0,0.0
2015-02-06 00:00:00+09:00,837.1788987793582,845.2884867864592,831.5132772509947,840.7338256835938,19971600,0.0,0.0
2015-02-09 00:00:00+09:00,845.3996626553427,854.9534019277605,837.178929485056,848.8434448242188,22095300,0.0,0.0
2015-02-10 00:00:00+09:00,850.6208132998108,854.1757401072541,844.6219200801735,853.8424682617188,13904100,0.0,0.0
2015-02-12 00:00:00+09:00,863.1739517017722,870.0615959413266,858.7303548765157,864.1737670898438,21314100,0.0,0.0
2015-02-13 00:00:00+09:00,861.5076308567336,867.8397952614832,860.2856070954911,862.5074462890625,13826100,0.0,0.0
2015-02-16 00:00:00+09:00,868.617319101698,876.2825700147835,860.9520681886123,874.7273559570312,12443700,0.0,0.0
2015-02-17 00:00:00+09:00,874.7272931008674,875.2826917822204,867.395314493473,873.6163330078125,10721100,0.0,0.0
2015-02-18 00:00:00+09:00,877.6158647879605,883.0593593736515,869.2840683457798,877.3937377929688,19226700,0.0,0.0
2015-02-19 00:00:00+09:00,879.837645872554,884.2812432249265,875.7273203557394,879.393310546875,12045000,0.0,0.0
2015-02-20 00:00:00+09:00,880.5041915425918,886.7252929421917,873.3944194896166,880.8374633789062,13959300,0.0,0.0
2015-02-23 00:00:00+09:00,887.1696170021805,888.7249126736275,866.506763413099,872.8389282226562,15861900,0.0,0.0
2015-02-24 00:00:00+09:00,871.838927511806,876.7269404656566,856.9527617195172,871.3945922851562,19782600,0.0,0.0
2015-02-25 00:00:00+09:00,879.8376409103881,880.9485199009174,868.0620632421571,875.83837890625,15628200,0.0,0.0
2015-02-26 00:00:00+09:00,877.5046339521895,888.7248114763952,875.8382749815245,887.8360595703125,15368700,0.0,0.0
2015-02-27 00:00:00+09:00,888.7249398875883,888.7249398875883,874.6163776539664,877.5047607421875,20027100,0.0,0.0
2015-03-02 00:00:00+09:00,888.2805460466635,888.3916909070833,876.1716959203527,879.171142578125,12105600,0.0,0.0
2015-03-03 00:00:00+09:00,886.5030752104775,888.7249145507812,881.837269551475,888.7249145507812,11380200,0.0,0.0
2015-03-04 00:00:00+09:00,886.502943337977,887.0584234317204,875.6160379647307,882.17041015625,11389800,0.0,0.0
2015-03-05 00:00:00+09:00,878.1713924974599,886.5031893902251,877.8381206217492,882.7261352539062,8768400,0.0,0.0
2015-03-06 00:00:00+09:00,887.6139550796156,903.9442749023438,884.9477804146803,903.9442749023438,19384500,0.0,0.0
2015-03-09 00:00:00+09:00,903.9442251990639,906.4993362341988,892.6129834961364,897.7232055664062,11513700,0.0,0.0
2015-03-10 00:00:00+09:00,899.8337718983067,910.9428036889057,897.2786612267462,906.9435424804688,15896700,0.0,0.0
2015-03-11 00:00:00+09:00,897.3899762962578,903.6109962238497,894.8348651399868,899.0563354492188,11291700,0.0,0.0
2015-03-12 00:00:00+09:00,899.278386131173,917.2750634563082,896.6122117126345,916.1641845703125,17197200,0.0,0.0
2015-03-13 00:00:00+09:00,921.1634495813315,922.6076005643437,911.9429007139086,919.163818359375,33516900,0.0,0.0
2015-03-16 00:00:00+09:00,912.2760703850719,919.7191955653287,907.1659294009443,918.2749633789062,13495200,0.0,0.0
2015-03-17 00:00:00+09:00,924.1627894461241,926.4956922683826,915.0533864999886,915.8309936523438,11023200,0.0,0.0
2015-03-18 00:00:00+09:00,915.8307116668179,919.6077641419744,911.3871157333888,917.4970703125,10851600,0.0,0.0
2015-03-19 00:00:00+09:00,918.4972193319607,926.2735353830917,899.8339957170876,908.27685546875,15247500,0.0,0.0
2015-03-20 00:00:00+09:00,913.8310966872522,914.6087036132812,902.0555225144399,914.6087036132812,13775700,0.0,0.0
2015-03-23 00:00:00+09:00,917.1640036028532,921.4965370501051,914.2756208496232,918.608154296875,9274800,0.0,0.0
2015-03-24 00:00:00+09:00,915.8308008885646,922.0519008935698,905.3883128133558,909.8319091796875,12576900,0.0,0.0
2015-03-25 00:00:00+09:00,904.6106700839026,913.1646728515625,900.9446805213598,913.1646728515625,12549600,0.0,0.0
2015-03-26 00:00:00+09:00,906.499318976924,913.1647551458719,896.501164723502,899.9449462890625,15748500,0.0,0.0
2015-03-27 00:00:00+09:00,896.1474750624768,906.423654671175,882.8555499464948,890.004150390625,13786500,7.333333,0.0
2015-03-30 00:00:00+09:00,888.3285920779451,895.8122836147394,879.6162030194666,892.4613647460938,11613300,0.0,0.0
2015-03-31 00:00:00+09:00,904.5248294265441,909.2161166556438,871.9092407226562,871.9092407226562,19584600,0.0,0.0
2015-04-01 00:00:00+09:00,869.4518154960266,875.4834697308947,861.1861879783955,865.654052734375,18204600,0.0,0.0
2015-04-02 00:00:00+09:00,888.7754673031083,889.8924949414317,875.7068820492392,880.2864990234375,17409000,0.0,0.0
2015-04-03 00:00:00+09:00,883.0786746402058,892.572998046875,880.8447835641334,892.572998046875,8872800,0.0,0.0
2015-04-06 00:00:00+09:00,887.881777881173,903.8544356747833,882.6319780262556,901.6205444335938,13889700,0.0,0.0
2015-04-07 00:00:00+09:00,904.524435209777,910.220995790965,900.3916636265986,903.9660034179688,10017000,0.0,0.0
2015-04-08 00:00:00+09:00,908.880571384435,912.9016727180413,907.3168642943766,910.5560302734375,11075100,0.0,0.0
2015-04-09 00:00:00+09:00,908.9925574382265,917.4815240603441,907.6521899816008,916.8113403320312,12710400,0.0,0.0
2015-04-10 00:00:00+09:00,921.0558929246714,935.5765135489708,918.1517360759956,931.8905029296875,22849500,0.0,0.0
2015-04-13 00:00:00+09:00,926.6405605172708,926.9756523402411,905.418105665663,908.2105102539062,16096800,0.0,0.0
2015-04-14 00:00:00+09:00,905.3065120027394,918.8218560657363,901.732171653135,918.1516723632812,11813100,0.0,0.0
2015-04-15 00:00:00+09:00,915.8059126590864,926.6405205310834,915.1357290420655,925.9703369140625,12829800,0.0,0.0
2015-04-16 00:00:00+09:00,926.6404259529322,941.4962158203125,924.2947835327685,941.4962158203125,16042800,0.0,0.0
2015-04-17 00:00:00+09:00,940.4913481372873,961.2670471493234,940.0445043715216,944.512451171875,19442100,0.0,0.0
2015-04-20 00:00:00+09:00,931.6672284682573,944.4007217129696,925.6355737733937,933.2310180664062,11296200,0.0,0.0
2015-04-21 00:00:00+09:00,933.3423343178866,948.0863735387555,930.326508113618,947.7512817382812,12156900,0.0,0.0
2015-04-22 00:00:00+09:00,946.1879333598281,953.7832958445766,942.8370140843354,950.5441284179688,12241200,0.0,0.0
2015-04-23 00:00:00+09:00,955.7936125065976,965.0645141601562,952.5544458760725,965.0645141601562,15488400,0.0,0.0
2015-04-24 00:00:00+09:00,968.4154287806921,979.1383677844921,963.053959278792,970.8727416992188,14262900,0.0,0.0
2015-04-27 00:00:00+09:00,976.234208331763,976.234208331763,960.5966435368715,964.2826538085938,10847400,0.0,0.0
2015-04-28 00:00:00+09:00,969.7557379812116,982.9359891128646,965.3995442722428,967.4100952148438,14865600,0.0,0.0
2015-04-30 00:00:00+09:00,893.5783010430425,911.00307738162,893.1314573664664,902.84912109375,42080400,0.0,0.0
2015-05-01 00:00:00+09:00,915.9175782022439,922.6194143398445,905.864823995843,915.805908203125,17538000,0.0,0.0
2015-05-07 00:00:00+09:00,905.8647034942218,914.353749345619,900.2798953288161,913.4601440429688,15477600,0.0,0.0
2015-05-08 00:00:00+09:00,922.6195906942819,942.3900110792274,921.5026450610238,934.5712280273438,18307500,0.0,0.0
2015-05-11 00:00:00+09:00,949.4269025514814,955.4585559879933,940.4911742222652,940.6028442382812,10732500,0.0,0.0
2015-05-12 00:00:00+09:00,938.2572240614713,939.8210133714197,918.2633821360299,931.77880859375,11258700,0.0,0.0
2015-05-13 00:00:00+09:00,926.8640107009439,937.2518575309256,919.938752211113,936.24658203125,9603000,0.0,0.0
2015-05-14 00:00:00+09:00,927.6461844654183,940.1563384288863,924.9654488746119,935.5767211914062,10957200,0.0,0.0
2015-05-15 00:00:00+09:00,940.1562414977031,940.3795815675385,926.5291430462212,933.3426513671875,9499500,0.0,0.0
2015-05-18 00:00:00+09:00,933.4540606139813,946.410888671875,933.4540606139813,946.410888671875,9966900,0.0,0.0
2015-05-19 00:00:00+09:00,944.1773018919314,944.8474856903144,932.6724254799907,933.901123046875,13101000,0.0,0.0
2015-05-20 00:00:00+09:00,938.257238607588,942.6134329296946,932.8957686726874,934.5712280273438,10922400,0.0,0.0
2015-05-21 00:00:00+09:00,929.3215356062035,936.916979495713,925.5238545662229,928.20458984375,12837600,0.0,0.0
2015-05-22 00:00:00+09:00,920.385773020764,925.4121514866366,914.8008807888347,921.279296875,13569600,0.0,0.0
2015-05-25 00:00:00+09:00,925.635495596968,937.028620169481,921.8378146759788,933.901123046875,10515000,0.0,0.0
2015-05-26 00:00:00+09:00,930.8853024509438,938.2573242846086,928.427989109571,934.6829833984375,8187000,0.0,0.0
2015-05-27 00:00:00+09:00,935.4647963585052,944.8473683708571,934.7946126433372,940.6028442382812,12246300,0.0,0.0
2015-05-28 00:00:00+09:00,949.4268531832575,966.069775181044,947.6397239722484,956.3521118164062,15822600,0.0,0.0
2015-05-29 00:00:00+09:00,955.0118352478834,962.2721864114271,950.3205490396482,951.8843383789062,14248200,0.0,0.0
2015-06-01 00:00:00+09:00,954.3413507362784,957.02208486756,946.5225701232113,951.4371948242188,8037900,0.0,0.0
2015-06-02 00:00:00+09:00,955.2352416426702,955.4585816807082,937.5870427321664,938.368896484375,10890000,0.0,0.0
2015-06-03 00:00:00+09:00,939.7091919546425,958.9211787071688,938.5922464214143,955.2351684570312,14919300,0.0,0.0
2015-06-04 00:00:00+09:00,953.7830486914169,957.9159025999494,946.9695418666786,951.6608276367188,9297900,0.0,0.0
2015-06-05 00:00:00+09:00,943.6188454498943,949.0919861993438,939.0392286128747,944.512451171875,10770900,0.0,0.0
2015-06-08 00:00:00+09:00,953.3362447506307,954.5649420488572,939.3740580673342,946.29931640625,7936500,0.0,0.0
2015-06-09 00:00:00+09:00,938.2572775811776,943.1719858288312,925.858877841712,926.1939697265625,9106500,0.0,0.0
2015-06-10 00:00:00+09:00,929.7683294276197,942.5018213120486,921.61437219,923.1781616210938,13130100,0.0,0.0
2015-06-11 00:00:00+09:00,927.9809408173852,931.4436109096349,920.6089206086999,929.8798217773438,12806700,0.0,0.0
2015-06-12 00:00:00+09:00,926.1937735214859,934.3476470556806,913.7953764084994,916.3644409179688,30670500,0.0,0.0
2015-06-15 00:00:00+09:00,902.6259547533166,914.4658418892637,895.8123645649973,910.3330688476562,14233800,0.0,0.0
2015-06-16 00:00:00+09:00,908.0990010569022,916.0295362080582,898.9398502103084,899.8333740234375,13808700,0.0,0.0
2015-06-17 00:00:00+09:00,903.6308830040175,909.2156916023741,895.5886800852461,897.8225708007812,10059600,0.0,0.0
2015-06-18 00:00:00+09:00,896.9291222201999,899.4981049387801,884.6423950195314,884.6423950195312,11761200,0.0,0.0
2015-06-19 00:00:00+09:00,894.5834517003082,903.1840868448747,890.2272582238706,890.3389282226562,11738100,0.0,0.0
2015-06-22 00:00:00+09:00,890.4505169434443,909.8858399104678,890.4505169434443,909.774169921875,10309200,0.0,0.0
2015-06-23 00:00:00+09:00,915.9176096157212,932.5605305314107,913.1252050657902,928.5394287109375,14599800,0.0,0.0
2015-06-24 00:00:00+09:00,932.1137836711309,932.4488754948821,904.0777404807704,907.0935668945312,20213400,0.0,0.0
2015-06-25 00:00:00+09:00,904.1894104855118,911.3380905985557,901.3970058907607,907.0935668945312,11136600,0.0,0.0
2015-06-26 00:00:00+09:00,906.9813842773438,913.9443693264024,897.6599780953203,906.9813842773438,11699400,7.333333,0.0
2015-06-29 00:00:00+09:00,884.9692583946711,891.7076027929677,880.1400567391048,882.1615600585938,15503700,0.0,0.0
2015-06-30 00:00:00+09:00,881.8249681566823,896.9862486460655,881.7126897936831,889.7987060546875,13782000,0.0,0.0
2015-07-01 00:00:00+09:00,889.4617093667105,889.7986266808646,875.6480994863941,876.2096557617188,13590600,0.0,0.0
2015-07-02 00:00:00+09:00,889.3493122226668,908.3289576331518,888.900034360336,907.0935668945312,16379400,0.0,0.0
2015-07-03 00:00:00+09:00,899.5692952855987,909.5645370960642,894.0663394993835,907.2061157226562,7908900,0.0,0.0
2015-07-06 00:00:00+09:00,889.4615036556904,895.4137355808721,886.9908046750417,890.5845336914062,10719300,0.0,0.0
2015-07-07 00:00:00+09:00,892.8311993278777,893.9542300218288,886.3174896945884,887.2158813476562,10413600,0.0,0.0
2015-07-08 00:00:00+09:00,882.7234471534716,888.7879593858237,861.3853759765625,861.3853759765625,15774300,0.0,0.0
2015-07-09 00:00:00+09:00,848.6945609267659,861.3851382174296,829.9394730776736,860.7113037109375,21971100,0.0,0.0
2015-07-10 00:00:00+09:00,864.7544895799014,874.637370300488,845.9993978522825,860.59912109375,16644000,0.0,0.0
2015-07-13 00:00:00+09:00,875.8727275073215,875.9850058589026,865.9897649121117,870.3696899414062,9929700,0.0,0.0
2015-07-14 00:00:00+09:00,878.1186641125848,891.03388067416,875.0864087511145,883.9586181640625,13099200,0.0,0.0
2015-07-15 00:00:00+09:00,891.9323789960627,897.9968904473824,885.7555891955262,897.6599731445312,12070500,0.0,0.0
2015-07-16 00:00:00+09:00,901.1414741525166,903.8368124777433,886.9909479450765,891.820068359375,11721300,0.0,0.0
2015-07-17 00:00:00+09:00,891.820235009287,893.8417391309551,885.868001010415,893.5048217773438,7183500,0.0,0.0
2015-07-21 00:00:00+09:00,896.649137016126,896.649137016126,878.4556043710368,884.4078369140625,11482200,0.0,0.0
2015-07-22 00:00:00+09:00,878.9047241210938,883.8461217063525,875.0862742309104,878.9047241210938,8421900,0.0,0.0
2015-07-23 00:00:00+09:00,883.8465808790836,885.0819720447934,874.974450475953,881.4881591796875,6842400,0.0,0.0
2015-07-24 00:00:00+09:00,874.8621792912897,880.5897748940519,872.0544795511605,875.1990966796875,6537600,0.0,0.0
2015-07-27 00:00:00+09:00,871.2680606786482,877.7817671503462,865.4281887473051,874.74951171875,8815200,0.0,0.0
2015-07-28 00:00:00+09:00,861.3852741413389,870.7065981152291,854.0853717507099,864.97900390625,11682600,0.0,0.0
2015-07-29 00:00:00+09:00,868.1236300480872,871.3804425432726,859.1391410242044,863.96826171875,6445800,0.0,0.0
2015-07-30 00:00:00+09:00,882.723227966986,887.8892652415254,875.9848827153296,880.3648071289062,10453200,0.0,0.0
2015-07-31 00:00:00+09:00,884.8567018966224,896.3118848373675,883.1721161700423,893.8411865234375,12369600,0.0,0.0
2015-08-03 00:00:00+09:00,962.4603562600454,981.4400016041028,942.4698768568778,972.23095703125,48553500,0.0,0.0
2015-08-04 00:00:00+09:00,972.0068147053098,974.2529583910934,957.9685606158223,970.7714233398438,17432700,0.0,0.0
2015-08-05 00:00:00+09:00,965.829408595892,988.7397799633583,961.5617629815974,978.6322631835938,17095200,0.0,0.0
2015-08-06 00:00:00+09:00,990.5367369724707,1010.5271334975095,990.3120980490917,1007.6072387695312,18715500,0.0,0.0
2015-08-07 00:00:00+09:00,991.8845727646759,996.6014151623341,981.2154970658576,992.8953247070312,15848400,0.0,0.0
2015-08-10 00:00:00+09:00,981.5523805988724,986.9430574392419,975.4878691534568,986.6061401367188,14727300,0.0,0.0
2015-08-11 00:00:00+09:00,995.9274249859269,1004.4626348587941,979.4184791725608,987.0552978515625,13997100,0.0,0.0
2015-08-12 00:00:00+09:00,975.9373534138876,979.4188055243492,959.765319473341,965.3805541992188,13685100,0.0,0.0
2015-08-13 00:00:00+09:00,953.5880364441575,971.8939273908974,951.5665330700525,967.6262817382812,11540400,0.0,0.0
2015-08-14 00:00:00+09:00,963.5834809615228,963.5834809615228,941.0100217921445,943.2561645507812,14965500,0.0,0.0
2015-08-17 00:00:00+09:00,961.3375013061741,965.6051485950852,942.6947682376303,945.61474609375,12766800,0.0,0.0
2015-08-18 00:00:00+09:00,953.3635385205066,956.058876518675,945.8389984388282,948.4220581054688,7939500,0.0,0.0
2015-08-19 00:00:00+09:00,943.705202807029,952.3527728430779,935.1699933560524,936.9668579101562,10089000,0.0,0.0
2015-08-20 00:00:00+09:00,931.3516660328042,937.7530945299367,911.8104632520844,914.1688842773438,12473700,0.0,0.0
2015-08-21 00:00:00+09:00,894.1785404648517,907.206037199244,886.4294423372362,890.0232543945312,16545600,0.0,0.0
2015-08-24 00:00:00+09:00,856.8928759327924,857.9036277191832,831.9609985351562,831.9609985351562,24287700,0.0,0.0
2015-08-25 00:00:00+09:00,800.5154444557575,853.5237349081672,789.397174393872,797.3709106445312,27506100,0.0,0.0
2015-08-26 00:00:00+09:00,804.5584956496057,828.5919017975122,790.6326082912672,824.6612548828125,26400600,0.0,0.0
2015-08-27 00:00:00+09:00,837.801068231889,845.1008884155802,823.875097971378,827.0197143554688,14660100,0.0,0.0
2015-08-28 00:00:00+09:00,860.2622717503949,870.8190702062458,852.8500900604288,866.7760620117188,19563600,0.0,0.0
2015-08-31 00:00:00+09:00,864.4173429587025,867.5618763867583,849.2560674490311,858.914306640625,13752300,0.0,0.0
2015-09-01 00:00:00+09:00,853.523602899287,856.4435795792938,826.4579467773438,826.4579467773438,14762700,0.0,0.0
2015-09-02 00:00:00+09:00,813.0937611529479,836.9026122145987,805.2323845382009,821.7413330078125,14975400,0.0,0.0
2015-09-03 00:00:00+09:00,836.0041342293858,848.2455181392147,824.8858628694811,825.6720581054688,12749100,0.0,0.0
2015-09-04 00:00:00+09:00,835.5548715194727,838.0255708716959,797.7078570424333,809.9491577148438,14336700,0.0,0.0
2015-09-07 00:00:00+09:00,808.9383478036326,828.7041879685852,796.3601307469489,819.607421875,11800500,0.0,0.0
2015-09-08 00:00:00+09:00,815.1150734877253,826.4579812025543,811.9705400318613,812.7566528320312,9729300,0.0,0.0
2015-09-09 00:00:00+09:00,836.565777164293,867.2252559085341,831.9612126451054,866.3267822265625,14798100,0.0,0.0
2015-09-10 00:00:00+09:00,840.0470863403682,849.5931311062438,831.2872367583917,840.608642578125,14626800,0.0,0.0
2015-09-11 00:00:00+09:00,827.9178437962017,843.1914784600593,826.6825355587374,835.4423828125,25407300,0.0,0.0
2015-09-14 00:00:00+09:00,839.8226318570662,841.1703011875375,818.5968399021441,820.9552612304688,9444000,0.0,0.0
2015-09-15 00:00:00+09:00,829.265732818102,849.7054092564152,823.2012215704353,831.3995971679688,12101400,0.0,0.0
2015-09-16 00:00:00+09:00,847.1222510788793,873.4017967726832,845.6623037365086,860.2620239257812,13105500,0.0,0.0
2015-09-17 00:00:00+09:00,866.551340331081,892.3816954161683,864.7544753900607,865.5405883789062,20614800,0.0,0.0
2015-09-18 00:00:00+09:00,860.9359927823558,860.9359927823558,842.5179016091224,853.2992553710938,15937800,0.0,0.0
2015-09-24 00:00:00+09:00,826.5702702490852,840.0469598849679,814.8905274014438,828.142578125,22836300,0.0,0.0
2015-09-25 00:00:00+09:00,826.5703536123037,838.9240144428454,815.3398052014803,832.1856689453125,17081700,0.0,0.0
2015-09-28 00:00:00+09:00,829.4743604804991,835.3492001966596,812.075987659298,817.9507446289062,16297200,7.333333,0.0
2015-09-29 00:00:00+09:00,803.4898000068904,804.3935578598723,779.9906063914054,785.6394653320312,15785700,0.0,0.0
2015-09-30 00:00:00+09:00,795.3553206721814,807.3308131280055,790.8362013425398,799.6483764648438,22347000,0.0,0.0
2015-10-01 00:00:00+09:00,803.2637067780922,826.084954690873,793.5476906188491,814.5613403320312,22562100,0.0,0.0
2015-10-02 00:00:00+09:00,808.9125869146078,823.599519208574,802.811849735285,822.6956787109375,20050200,0.0,0.0
2015-10-05 00:00:00+09:00,828.3443884287407,828.57036919925,818.8543545187551,822.24365234375,13950600,0.0,0.0
2015-10-06 00:00:00+09:00,836.0268124057382,845.7427442001466,826.9886574200642,830.829833984375,14380200,0.0,0.0
2015-10-07 00:00:00+09:00,834.8971638208699,878.7321459492905,834.8971638208699,872.6314086914062,20760900,0.0,0.0
2015-10-08 00:00:00+09:00,867.4346533832913,885.7368698871214,857.2667553256078,869.6942138671875,14992200,0.0,0.0
2015-10-09 00:00:00+09:00,878.505863764045,905.8462230117134,878.0539850376965,904.9423828125,17328600,0.0,0.0
2015-10-13 00:00:00+09:00,889.1257800053689,890.2556011259962,873.7609905822209,880.0877075195312,14108700,0.0,0.0
2015-10-14 00:00:00+09:00,871.0500183442774,871.727878280732,850.9402011449796,858.62255859375,11716500,0.0,0.0
2015-10-15 00:00:00+09:00,855.2330536437366,874.6650889891972,849.1323156799058,864.4971923828125,10245900,0.0,0.0
2015-10-16 00:00:00+09:00,872.1793181392547,877.828175680768,865.1748241540336,872.857177734375,10728600,0.0,0.0
2015-10-19 00:00:00+09:00,871.0496993546565,872.8572976077118,857.7184864019675,861.78564453125,8756700,0.0,0.0
2015-10-20 00:00:00+09:00,869.693973443189,871.9535333024373,859.7520590062741,863.141357421875,7062000,0.0,0.0
2015-10-21 00:00:00+09:00,870.8237169027352,897.7122063155941,867.2085204034344,893.4190673828125,14962800,0.0,0.0
2015-10-22 00:00:00+09:00,878.9580847995096,897.0343993444758,876.924505619192,882.5733642578125,8672400,0.0,0.0
2015-10-23 00:00:00+09:00,908.3322593970328,923.0191962080786,907.2025204874351,918.0482788085938,16877400,0.0,0.0
2015-10-26 00:00:00+09:00,934.3166413601771,935.8982588188964,922.341064906761,923.4708862304688,10175100,0.0,0.0
2015-10-27 00:00:00+09:00,923.9227489334786,928.4417859095439,909.235816701359,912.8510131835938,8820600,0.0,0.0
2015-10-28 00:00:00+09:00,911.0431659716554,917.1439014580728,908.105747229355,915.3363037109375,7848000,0.0,0.0
2015-10-29 00:00:00+09:00,919.4037262050805,923.6967824375802,897.4862351757567,898.3900756835938,13159500,0.0,0.0
2015-10-30 00:00:00+09:00,909.4617437630981,918.9517796380053,897.4862498840876,913.7548828125,12793500,0.0,0.0
2015-11-02 00:00:00+09:00,897.9381401925225,904.9427181524139,890.2557852652063,892.9672241210938,8924400,0.0,0.0
2015-11-04 00:00:00+09:00,908.7839289598144,921.2113850874503,905.1687321836858,910.1396484375,12554100,0.0,0.0
2015-11-05 00:00:00+09:00,890.2557750775728,905.8465483205124,890.0297942599858,893.8709716796875,17310300,0.0,0.0
2015-11-06 00:00:00+09:00,899.0678006166197,907.4280137614567,896.5822602792618,901.1013793945312,9648600,0.0,0.0
2015-11-09 00:00:00+09:00,911.2696798578696,921.6634764179338,904.4910809071455,918.0482788085938,12992100,0.0,0.0
2015-11-10 00:00:00+09:00,904.4909201865379,915.3366765804947,904.2649393461456,913.98095703125,7655100,0.0,0.0
2015-11-11 00:00:00+09:00,909.2358906167431,914.8846666094001,906.7503497432857,910.1396484375,8330700,0.0,0.0
2015-11-12 00:00:00+09:00,908.3321822503643,913.7550609503666,907.4283415515099,909.2360229492188,9048900,0.0,0.0
2015-11-13 00:00:00+09:00,899.7460408372119,903.8132001136033,893.1933401719809,903.5872192382812,10131600,0.0,0.0
2015-11-16 00:00:00+09:00,884.3809459130856,897.2602804785506,883.7030861991137,892.9672241210938,9870300,0.0,0.0
2015-11-17 00:00:00+09:00,903.5870305006118,908.3320486652813,898.1641525981325,899.0679931640625,12330000,0.0,0.0
2015-11-18 00:00:00+09:00,903.5868753160559,912.3990503941569,899.293736798392,904.7166137695312,12327000,0.0,0.0
2015-11-19 00:00:00+09:00,911.9469245396316,930.023148631543,910.8171036456592,920.0812377929688,13370100,0.0,0.0
2015-11-20 00:00:00+09:00,913.0769430842346,916.0143624654974,904.264767686985,911.9472045898438,8904300,0.0,0.0
2015-11-24 00:00:00+09:00,909.2358392141263,917.8220345052083,903.5869807942709,915.110595703125,9769800,0.0,0.0
2015-11-25 00:00:00+09:00,908.3320444072791,914.4327820189699,903.1351473572814,905.62060546875,11575200,0.0,0.0
2015-11-26 00:00:00+09:00,912.6249718121676,923.4707250488697,910.591393080286,918.7257080078125,9483600,0.0,0.0
2015-11-27 00:00:00+09:00,918.047960303276,921.6631566583686,904.4907671053272,906.750244140625,9469800,0.0,0.0
2015-11-30 00:00:00+09:00,910.5913652141412,915.3363821099902,903.3608081132576,904.2646484375,14329500,0.0,0.0
2015-12-01 00:00:00+09:00,915.1104776482832,930.4752679624219,910.3654603567736,927.3119506835938,13482300,0.0,0.0
2015-12-02 00:00:00+09:00,924.6004383607468,931.6050147183831,922.340878915519,924.1485595703125,8957100,0.0,0.0
2015-12-03 00:00:00+09:00,918.2736893450993,927.5378248229382,918.2736893450993,923.9225463867188,8012400,0.0,0.0
2015-12-04 00:00:00+09:00,904.2645384824365,907.6538358530603,897.4859437411889,901.5531005859375,11201400,0.0,0.0
2015-12-07 00:00:00+09:00,910.5912031401239,920.9849926595698,909.2354842683254,913.07666015625,8606100,0.0,0.0
2015-12-08 00:00:00+09:00,915.7886970674554,919.4039773397702,902.6833784835608,903.5872192382812,7507500,0.0,0.0
2015-12-09 00:00:00+09:00,901.5532607358466,906.0722971172573,892.0632264123113,899.293701171875,10899900,0.0,0.0
2015-12-10 00:00:00+09:00,883.7032166096884,889.1260951217326,872.6315614786376,878.7322998046875,13806000,0.0,0.0
2015-12-11 00:00:00+09:00,868.7903872750595,888.4483238401,868.7903872750595,884.3811645507812,23355900,0.0,0.0
2015-12-14 00:00:00+09:00,859.5258615069752,870.823492461959,852.5212856317631,869.4677734375,13066500,0.0,0.0
2015-12-15 00:00:00+09:00,869.6938292194247,869.6938292194247,852.9733207241169,853.19921875,13755300,0.0,0.0
2015-12-16 00:00:00+09:00,866.530729503499,891.3855590820312,865.4009081045541,891.3855590820312,17438100,0.0,0.0
2015-12-17 00:00:00+09:00,904.0388604945355,915.3365773444367,900.8755428047667,902.2312622070312,19486500,0.0,0.0
2015-12-18 00:00:00+09:00,904.2649574829956,925.0526300728332,882.7994251049399,885.5108642578125,20515200,0.0,0.0
2015-12-21 00:00:00+09:00,876.4725467370491,885.0587415771445,869.4679692840648,879.6358642578125,13651500,0.0,0.0
2015-12-22 00:00:00+09:00,877.3764070435243,882.3473228676119,874.6649683225519,876.6985473632812,8562300,0.0,0.0
2015-12-24 00:00:00+09:00,885.0587224241043,889.1258803255885,876.4725277698177,877.8282470703125,7923900,0.0,0.0
2015-12-25 00:00:00+09:00,877.8282470703124,877.8282470703124,877.8282470703124,877.8282470703125,0,0.0,0.0
2015-12-28 00:00:00+09:00,874.8741693053579,885.0999709600266,874.6469015293252,880.5551147460938,4309500,7.333333,0.0
2015-12-29 00:00:00+09:00,883.7368420000771,886.2364555456775,873.0565010316235,882.6005859375,5741700,0.0,0.0
2015-12-30 00:00:00+09:00,888.5086669921875,895.5530534105471,886.9179588245922,888.5086669921875,8961000,0.0,0.0
2016-01-04 00:00:00+09:00,868.284059611393,873.9650876604577,846.2418338878668,847.8324584960938,22713300,0.0,0.0
2016-01-05 00:00:00+09:00,847.6053157184701,848.2870357892309,828.2898859743212,831.698486328125,19505400,0.0,0.0
2016-01-06 00:00:00+09:00,840.5609970848159,843.0606100505876,818.0642307394802,826.244873046875,19350300,0.0,0.0
2016-01-07 00:00:00+09:00,823.9723686773704,826.6992491950206,797.8398191950821,800.7938842773438,19279500,0.0,0.0
2016-01-08 00:00:00+09:00,784.8871554043449,813.9738538784948,781.9330070340313,795.794677734375,29577300,0.0,0.0
2016-01-12 00:00:00+09:00,827.6081811505379,828.5171690008925,795.7946050015303,796.0217895507812,23700900,0.0,0.0
2016-01-13 00:00:00+09:00,818.0641720179909,823.9723855210794,808.5200900111143,819.4276123046875,15859200,0.0,0.0
2016-01-14 00:00:00+09:00,795.3402709960936,797.1582471574538,779.6607051067394,795.3402709960938,26678100,0.0,0.0
2016-01-15 00:00:00+09:00,808.7473548171314,814.6555682984423,785.5688700287238,793.74951171875,15456900,0.0,0.0
2016-01-18 00:00:00+09:00,772.6160830502153,778.9787480271976,768.7529472951409,774.888427734375,20933400,0.0,0.0
2016-01-19 00:00:00+09:00,771.4799739614181,783.2964847900603,766.707932713785,781.9330444335938,17926200,0.0,0.0
2016-01-20 00:00:00+09:00,775.5702788689557,777.1609869909502,752.1646087158858,753.30078125,18323400,0.0,0.0
2016-01-21 00:00:00+09:00,752.1645743125233,758.9817756409819,718.3057522359861,718.5330200195312,23863200,0.0,0.0
2016-01-22 00:00:00+09:00,740.8026907531112,763.9811807182102,738.5303452546802,761.4815673828125,19962000,0.0,0.0
2016-01-25 00:00:00+09:00,770.1163733041575,770.3436410555275,746.2561720325261,760.799560546875,12689100,0.0,0.0
2016-01-26 00:00:00+09:00,747.3923832152258,749.2102754649642,734.6668878137388,736.48486328125,14678400,0.0,0.0
2016-01-27 00:00:00+09:00,751.2557086551345,763.981125466589,746.7109347691444,753.5281372070312,15389400,0.0,0.0
2016-01-28 00:00:00+09:00,746.0290882062593,749.2104210660026,738.7573513585758,738.984619140625,20680200,0.0,0.0
2016-01-29 00:00:00+09:00,740.1208200476733,766.935173865801,726.4864169567257,759.208984375,31738800,0.0,0.0
2016-02-01 00:00:00+09:00,758.9815978634558,773.7521695427838,751.255410428324,769.2073974609375,25140000,0.0,0.0
2016-02-02 00:00:00+09:00,770.3437228536272,782.3874170350854,766.4806699768093,770.116455078125,24363900,0.0,0.0
2016-02-03 00:00:00+09:00,749.8920372490152,750.3464895323311,721.9415158606428,724.6683959960938,22002900,0.0,0.0
2016-02-04 00:00:00+09:00,713.9882731963553,733.7581577777578,712.3975650884724,723.0778198242188,19977300,0.0,0.0
2016-02-05 00:00:00+09:00,703.5350549474942,711.9429628653887,696.7178548026542,708.5343627929688,19628400,0.0,0.0
2016-02-08 00:00:00+09:00,694.6728946323706,716.7152091820196,693.5366804116867,711.0341796875,13212900,0.0,0.0
2016-02-09 00:00:00+09:00,681.7201572447987,685.5832520054846,661.4957787102375,663.0864868164062,26924700,0.0,0.0
2016-02-10 00:00:00+09:00,664.2223930176683,669.221699905577,647.8611158038862,658.0869140625,27501300,0.0,0.0
2016-02-12 00:00:00+09:00,638.5445508084132,645.0208921972941,619.4563867148695,621.8424072265625,36580800,0.0,0.0
2016-02-15 00:00:00+09:00,655.9284079854505,677.9706786227421,645.1344780391884,671.6079711914062,23423400,0.0,0.0
2016-02-16 00:00:00+09:00,660.2459780439841,680.6975829395127,659.7914840655624,670.1309204101562,18581100,0.0,0.0
2016-02-17 00:00:00+09:00,671.9487382101034,680.8110987949119,662.5182498485477,672.1759643554688,18986100,0.0,0.0
2016-02-18 00:00:00+09:00,691.9459969872419,698.0814787339268,678.4252270076988,689.2191162109375,15664200,0.0,0.0
2016-02-19 00:00:00+09:00,696.4906899792691,696.4906899792691,665.8132866269685,670.5853271484375,20786400,0.0,0.0
2016-02-22 00:00:00+09:00,663.3136837690304,667.6312307050213,655.3602684153577,664.6771240234375,14763000,0.0,0.0
2016-02-23 00:00:00+09:00,669.221975417588,678.1979298450958,658.9961729491133,660.4732055664062,19129500,0.0,0.0
2016-02-24 00:00:00+09:00,646.8387664014654,648.0886143731158,629.114043105788,647.1796264648438,21818700,0.0,0.0
2016-02-25 00:00:00+09:00,647.1794904397769,654.2239580082446,641.0440105885291,651.7243041992188,18014100,0.0,0.0
2016-02-26 00:00:00+09:00,663.0862961503036,676.8342876289984,658.0869886954289,658.2006225585938,12784800,0.0,0.0
2016-02-29 00:00:00+09:00,680.924650268402,682.6289502787592,656.0418701171875,656.0418701171875,20470800,0.0,0.0
2016-03-01 00:00:00+09:00,658.9960085464634,665.4723484941495,650.2472408778754,659.7913208007812,15789300,0.0,0.0
2016-03-02 00:00:00+09:00,688.3101152951923,709.8979336004227,685.5832347349061,701.2627563476562,23775000,0.0,0.0
2016-03-03 00:00:00+09:00,700.3539059374571,723.3051246933301,695.1273705887332,721.7144165039062,18436200,0.0,0.0
2016-03-04 00:00:00+09:00,717.8513501731404,726.0319923403557,710.8068805676621,724.4412841796875,17262000,0.0,0.0
2016-03-07 00:00:00+09:00,724.4411504064257,729.213190789443,712.3974571790228,720.350830078125,14793000,0.0,0.0
2016-03-08 00:00:00+09:00,716.2605105931716,720.5780986840548,703.9895495938215,713.5336303710938,16323600,0.0,0.0
2016-03-09 00:00:00+09:00,699.4448986166765,709.4434334307364,694.9000835864418,706.716552734375,13542900,0.0,0.0
2016-03-10 00:00:00+09:00,715.8061241128221,718.9874569251721,708.7616551521318,718.0785522460938,11398500,0.0,0.0
2016-03-11 00:00:00+09:00,702.3990172295911,716.2606047012124,698.9904165041446,715.80615234375,33114900,0.0,0.0
2016-03-14 00:00:00+09:00,722.6233835807909,727.3954247931168,716.487902022086,719.2147827148438,13661100,0.0,0.0
2016-03-15 00:00:00+09:00,719.2147902859986,731.9402059135631,712.1703206829527,714.4427490234375,12875400,0.0,0.0
2016-03-16 00:00:00+09:00,706.943702243712,708.9888624237806,697.8541153130371,698.7630615234375,12403800,0.0,0.0
2016-03-17 00:00:00+09:00,702.6261170355036,720.3508386695372,694.4455178902249,701.9443969726562,13247100,0.0,0.0
2016-03-18 00:00:00+09:00,699.4447776229545,707.3981505389262,684.6741625364655,694.8999633789062,15512400,0.0,0.0
2016-03-22 00:00:00+09:00,709.8980898020875,716.9424773209706,696.2636423917205,703.5353393554688,14108400,0.0,0.0
2016-03-23 00:00:00+09:00,700.3538191704932,706.4893001466916,691.4914161515356,694.6727905273438,11607600,0.0,0.0
2016-03-24 00:00:00+09:00,689.6736288854826,695.809110798309,681.1521262287794,683.5381469726562,11937900,0.0,0.0
2016-03-25 00:00:00+09:00,683.5381834764074,705.580457655928,681.6066150318012,702.8535766601562,10935300,0.0,0.0
2016-03-28 00:00:00+09:00,706.2621003575797,710.1251536048267,694.6728573980441,706.716552734375,10558200,0.0,0.0
2016-03-29 00:00:00+09:00,698.7064639789795,713.3534243966071,697.5621551366245,710.6071166992188,10663800,7.333333,0.0
2016-03-30 00:00:00+09:00,706.0300193991054,716.5574771743594,675.1340135237888,684.8605346679688,23101500,0.0,0.0
2016-03-31 00:00:00+09:00,704.8855742568365,713.5822706771523,700.994999843951,706.2587280273438,20964600,0.0,0.0
2016-04-01 00:00:00+09:00,704.8855963941418,704.8855963941418,665.7507546109622,673.3031005859375,22700400,0.0,0.0
2016-04-04 00:00:00+09:00,667.0094821825065,672.1588091164939,654.9943860032024,665.8651733398438,19215600,0.0,0.0
2016-04-05 00:00:00+09:00,659.3426028992125,663.462063886237,647.5563952343306,649.844970703125,20664900,0.0,0.0
2016-04-06 00:00:00+09:00,656.2532297409806,664.721041467672,651.6760772509544,656.4821166992188,19500900,0.0,0.0
2016-04-07 00:00:00+09:00,655.337736071706,664.7209688908368,644.6957927410497,652.7058715820312,17533800,0.0,0.0
2016-04-08 00:00:00+09:00,642.8647801671182,669.5268759277087,633.7104360845018,659.6859130859375,20432700,0.0,0.0
2016-04-11 00:00:00+09:00,649.0441253816638,649.5018573609341,634.0538744955842,645.9545288085938,12683700,0.0,0.0
2016-04-12 00:00:00+09:00,648.0141297805076,672.8453408518145,645.7255541542158,670.4423217773438,13988400,0.0,0.0
2016-04-13 00:00:00+09:00,686.57701194891,690.6964740206034,675.5917797577274,688.4078979492188,13893000,0.0,0.0
2016-04-14 00:00:00+09:00,692.5273555286644,702.8260106410934,690.0098925327368,701.6817016601562,17934300,0.0,0.0
2016-04-15 00:00:00+09:00,689.5521710991543,701.4528673478651,686.5770179896443,694.5870971679688,14515500,0.0,0.0
2016-04-18 00:00:00+09:00,655.681164758316,676.3929223255865,655.681164758316,674.3331909179688,17685300,0.0,0.0
2016-04-19 00:00:00+09:00,697.3332428797048,713.1244687114572,696.646666021571,704.4278564453125,15366900,0.0,0.0
2016-04-20 00:00:00+09:00,710.14931308214,713.3533102796548,697.104311701058,698.019775390625,15139500,0.0,0.0
2016-04-21 00:00:00+09:00,716.3286979885287,722.9655810521175,706.2588461140235,712.8958129882812,27762300,0.0,0.0
2016-04-22 00:00:00+09:00,700.0795081036774,726.1693852344499,698.0197776534593,723.1942749023438,22644000,0.0,0.0
2016-04-25 00:00:00+09:00,730.28897623637,732.3487070535305,722.2789398842995,729.3735961914062,11407500,0.0,0.0
2016-04-26 00:00:00+09:00,728.6870327132503,732.3487205820697,717.9306045956027,724.3386840820312,10976400,0.0,0.0
2016-04-27 00:00:00+09:00,724.3386392291067,727.3138337726209,711.064791047264,714.7265625,10004400,0.0,0.0
2016-04-28 00:00:00+09:00,717.0152510328774,730.7467905750923,676.392765918714,684.8605346679688,19644600,0.0,0.0
2016-05-02 00:00:00+09:00,650.6460502208412,659.4571063880711,643.5513943825051,657.626220703125,21927600,0.0,0.0
2016-05-06 00:00:00+09:00,667.467098666973,677.0791739480766,660.8301755758655,675.3627319335938,22829700,0.0,0.0
2016-05-09 00:00:00+09:00,682.2287117621048,688.6367499701851,676.278363629743,685.8904418945312,15861300,0.0,0.0
2016-05-10 00:00:00+09:00,684.9748970896263,702.139319486582,679.1389934746613,696.8755493164062,16445100,0.0,0.0
2016-05-11 00:00:00+09:00,702.5970313798155,709.4628424579292,692.9849545379175,695.7312622070312,12287400,0.0,0.0
2016-05-12 00:00:00+09:00,679.7112235232486,693.2139183630305,668.0394146344655,691.6118774414062,14710500,0.0,0.0
2016-05-13 00:00:00+09:00,698.2486299140269,702.8258227085187,673.4174208142608,676.6214599609375,15049800,0.0,0.0
2016-05-16 00:00:00+09:00,671.7011282345343,679.8256503956839,664.8353584675533,673.98974609375,17398200,0.0,0.0
2016-05-17 00:00:00+09:00,665.7506569455893,681.7707684527071,662.3177729151124,680.8553466796875,13200000,0.0,0.0
2016-05-18 00:00:00+09:00,677.4226824965806,684.1740093124527,667.5817171452608,672.3877563476562,15081000,0.0,0.0
2016-05-19 00:00:00+09:00,683.1438869996858,691.1539632947555,671.0143500794925,675.0194091796875,11324400,0.0,0.0
2016-05-20 00:00:00+09:00,670.2135801682854,676.5071745877207,664.3776758015119,674.6763305664062,8642700,0.0,0.0
2016-05-23 00:00:00+09:00,670.6712245288627,676.5071284980424,663.1188782158065,676.0494384765625,10591500,0.0,0.0
2016-05-24 00:00:00+09:00,673.3030254366372,675.3627559271926,667.5815239148786,668.6113891601562,9602100,0.0,0.0
2016-05-25 00:00:00+09:00,679.7111101957029,686.8057239767779,679.0245333167172,684.631591796875,9417600,0.0,0.0
2016-05-26 00:00:00+09:00,690.9252387628949,700.3084708042051,686.8057771699289,697.1044311523438,16186500,0.0,0.0
2016-05-27 00:00:00+09:00,694.8158342495665,699.3930276267681,680.2832756583147,692.756103515625,9958200,0.0,0.0
2016-05-30 00:00:00+09:00,700.079667176917,714.7266286270221,691.8407435039832,714.4977416992188,11623800,0.0,0.0
2016-05-31 00:00:00+09:00,706.945391352537,723.4232386134106,703.283703390564,721.1347045898438,14221500,0.0,0.0
2016-06-01 00:00:00+09:00,716.0997199241697,717.2439868417486,702.5970266730401,704.6567993164062,16525500,0.0,0.0
2016-06-02 00:00:00+09:00,691.1539984668352,692.5271520784214,675.1338450614477,675.3627319335938,18500100,0.0,0.0
2016-06-03 00:00:00+09:00,678.6811446486847,686.2334892021855,673.7606637741758,677.9945678710938,15657900,0.0,0.0
2016-06-06 00:00:00+09:00,655.1088796282808,666.2085128213491,654.7655911397254,665.2930908203125,15873900,0.0,0.0
2016-06-07 00:00:00+09:00,669.069187136919,673.7607819717282,664.835282297249,669.4124755859375,11688300,0.0,0.0
2016-06-08 00:00:00+09:00,669.6412810425248,673.8751856321912,662.0889356100703,673.7607421875,9256800,0.0,0.0
2016-06-09 00:00:00+09:00,670.3279122153463,672.8453748652579,658.5417031435381,662.0889892578125,10098000,0.0,0.0
2016-06-10 00:00:00+09:00,663.6912648063221,663.9201098898872,656.8254932459304,661.51708984375,19742400,0.0,0.0
2016-06-13 00:00:00+09:00,645.153525832692,646.1833913181085,635.3125610351562,635.3125610351562,12536100,0.0,0.0
2016-06-14 00:00:00+09:00,632.4517507447159,636.6856135732955,622.72523096372,626.5014038085938,12929100,0.0,0.0
2016-06-15 00:00:00+09:00,626.5013971161599,637.8299155297672,618.72020651768,634.511474609375,12396300,0.0,0.0
2016-06-16 00:00:00+09:00,631.8796865671779,633.481727507961,614.4864164933529,617.34716796875,12625500,0.0,0.0
2016-06-17 00:00:00+09:00,617.6903405458221,626.2725514560302,616.3171868001888,620.3222045898438,18081600,0.0,0.0
2016-06-20 00:00:00+09:00,630.9642746060933,642.2927953144725,628.4468115913417,628.7901000976562,14388300,0.0,0.0
2016-06-21 00:00:00+09:00,620.0934363481857,634.2826655390129,617.0038400381187,632.5662231445312,12686400,0.0,0.0
2016-06-22 00:00:00+09:00,628.9045335283923,629.1333785605037,617.34716796875,617.34716796875,16428900,0.0,0.0
2016-06-23 00:00:00+09:00,624.7851859296868,634.6261107872381,622.1533209097857,632.90966796875,14149800,0.0,0.0
2016-06-24 00:00:00+09:00,637.4867722099418,642.9793884486919,565.2817406029264,580.2720336914062,25525500,0.0,0.0
2016-06-27 00:00:00+09:00,582.1028198993001,590.1128984187059,575.0082052654639,583.361572265625,16630500,0.0,0.0
2016-06-28 00:00:00+09:00,577.9365462470998,586.7089145442188,567.6636718578254,582.5535888671875,18926700,7.333333,0.0
2016-06-29 00:00:00+09:00,594.0961482229428,596.7509678802592,587.2860450453709,592.5956420898438,15480000,0.0,0.0
2016-06-30 00:00:00+09:00,608.0627206518768,608.2935580123357,592.7110851026919,593.8653564453125,18992700,0.0,0.0
2016-07-01 00:00:00+09:00,597.0972450294604,598.1360764770643,589.132870597831,592.5956420898438,15388200,0.0,0.0
2016-07-04 00:00:00+09:00,592.4801936249155,606.4467191953144,589.1328619882742,602.9839477539062,10752000,0.0,0.0
2016-07-05 00:00:00+09:00,602.9839511870273,604.3690597714767,592.364757192809,596.2892456054688,9647700,0.0,0.0
2016-07-06 00:00:00+09:00,578.5134813390977,581.3991373656444,557.967738931328,569.1640014648438,21753600,0.0,0.0
2016-07-07 00:00:00+09:00,567.8945041812367,575.9743181275267,563.9700158752973,568.4716186523438,12198600,0.0,0.0
2016-07-08 00:00:00+09:00,572.6269438531879,584.5158062940073,571.3572751096636,571.7035522460938,17385000,0.0,0.0
2016-07-11 00:00:00+09:00,571.7035522460938,571.7035522460938,571.7035522460938,571.7035522460938,0,0.0,0.0
2016-07-12 00:00:00+09:00,610.6019263773177,621.336515761574,607.7162699796716,610.832763671875,19143900,0.0,0.0
2016-07-13 00:00:00+09:00,642.5748360863004,642.8057156585976,627.5695237736903,632.1865234375,23147700,0.0,0.0
2016-07-14 00:00:00+09:00,623.298744786783,626.4152385107169,619.4896969019749,623.4141845703125,17399400,0.0,0.0
2016-07-15 00:00:00+09:00,631.3787174282129,648.1154190440889,629.531891774464,646.384033203125,24993600,0.0,0.0
2016-07-19 00:00:00+09:00,652.1553568066163,655.5026887234259,643.4984274785204,652.0399169921875,15229500,0.0,0.0
2016-07-20 00:00:00+09:00,651.0010420157506,655.271807622574,640.9590046655077,645.806884765625,11355600,0.0,0.0
2016-07-21 00:00:00+09:00,665.1984048435295,678.1260991942934,662.312747838139,674.8941650390625,18197400,0.0,0.0
2016-07-22 00:00:00+09:00,656.7723150645646,664.5058521868428,655.0409293110814,658.619140625,10905300,0.0,0.0
2016-07-25 00:00:00+09:00,661.966608990455,667.0453697626411,658.2729993771849,659.0809936523438,11098500,0.0,0.0
2016-07-26 00:00:00+09:00,652.0398011204014,652.6169155496632,643.7291504422869,646.6148071289062,12140100,0.0,0.0
2016-07-27 00:00:00+09:00,655.2718411140725,670.8543136608829,652.3861839597944,660.9276733398438,13091400,0.0,0.0
2016-07-28 00:00:00+09:00,656.3106209721564,661.504778079032,651.9244156795778,655.2717895507812,9702900,0.0,0.0
2016-07-29 00:00:00+09:00,648.6924146730411,663.4668894218913,635.0721686846288,655.9642333984375,15879600,0.0,0.0
2016-08-01 00:00:00+09:00,636.4572963826232,659.5424218059064,635.3030253169055,656.0796508789062,9815100,0.0,0.0
2016-08-02 00:00:00+09:00,645.922169016191,650.6546081698816,635.0721401721995,637.0343627929688,12164400,0.0,0.0
2016-08-03 00:00:00+09:00,671.6622177493782,678.0106461290289,654.8100775434084,661.3893432617188,26673600,0.0,0.0
2016-08-04 00:00:00+09:00,666.5834508278377,678.9339872552886,655.6180228696396,675.1249389648438,23378100,0.0,0.0
2016-08-05 00:00:00+09:00,677.4334994206813,679.3957223813396,666.8143060249662,670.3925170898438,15453900,0.0,0.0
2016-08-08 00:00:00+09:00,681.0116289655457,694.401038602335,679.0494061179794,693.0159301757812,17675400,0.0,0.0
2016-08-09 00:00:00+09:00,692.5541004151146,693.4774917922855,683.5508971097181,690.707275390625,11475000,0.0,0.0
2016-08-10 00:00:00+09:00,687.3599284927251,688.8604764317085,679.8572733381011,683.6663208007812,8654400,0.0,0.0
2016-08-12 00:00:00+09:00,685.8595632657598,687.4755514059764,677.7797916453086,682.1659545898438,11993700,0.0,0.0
2016-08-15 00:00:00+09:00,682.2812710512097,687.7062644179646,680.4344459120344,680.665283203125,8387400,0.0,0.0
2016-08-16 00:00:00+09:00,683.5509547396905,687.3600026131134,675.4711421302584,676.1636962890625,19174800,0.0,0.0
2016-08-17 00:00:00+09:00,680.3192207064516,702.4809602858423,679.1649916168008,699.0181884765625,18551700,0.0,0.0
2016-08-18 00:00:00+09:00,695.5553516623364,701.326665651872,689.322362988153,689.6686401367188,13772700,0.0,0.0
2016-08-19 00:00:00+09:00,699.2489010321823,717.2552678678347,698.5563468358051,714.0233764648438,20892300,0.0,0.0
2016-08-22 00:00:00+09:00,720.2563780766076,726.9510405901655,717.717040821184,722.7957153320312,17380800,0.0,0.0
2016-08-23 00:00:00+09:00,706.6362560336312,712.6384076680222,701.7883757093589,707.79052734375,15243300,0.0,0.0
2016-08-24 00:00:00+09:00,707.790481929582,720.4873387157309,707.790481929582,713.1000366210938,9732000,0.0,0.0
2016-08-25 00:00:00+09:00,711.9457185606857,716.1010437662928,706.8670018438838,713.5617065429688,13011900,0.0,0.0
2016-08-26 00:00:00+09:00,710.3298242116967,710.3298242116967,693.0160091762386,698.0947265625,14105100,0.0,0.0
2016-08-29 00:00:00+09:00,719.1020722232694,727.1818422908455,715.6393015456939,723.949951171875,13801500,0.0,0.0
2016-08-30 00:00:00+09:00,726.720294466667,732.953282773445,723.2575231851238,728.5670776367188,15883500,0.0,0.0
2016-08-31 00:00:00+09:00,736.8778938318638,741.2640999514504,731.7991333007812,731.7991333007812,18449700,0.0,0.0
2016-09-01 00:00:00+09:00,736.6468525805166,740.3405034783182,733.6458404825979,739.64794921875,12281100,0.0,0.0
2016-09-02 00:00:00+09:00,732.2607067553912,735.9542729857269,726.4893932775627,735.26171875,11293800,0.0,0.0
2016-09-05 00:00:00+09:00,743.3417412158211,744.2650907103032,732.9534253504152,733.4151000976562,7810500,0.0,0.0
2016-09-06 00:00:00+09:00,734.1073443900087,737.3392353361556,729.4903452468996,733.87646484375,8694300,0.0,0.0
2016-09-07 00:00:00+09:00,721.1798022279243,732.260669434805,720.2563684472483,731.568115234375,11151600,0.0,0.0
2016-09-08 00:00:00+09:00,729.0287824576111,733.184108167389,723.9501073947611,731.1064453125,11773200,0.0,0.0
2016-09-09 00:00:00+09:00,728.3360710032707,733.6457090690863,721.4105296481198,723.949951171875,16037400,0.0,0.0
2016-09-12 00:00:00+09:00,713.5616901219759,718.1786898418537,711.484027566985,713.330810546875,10076100,0.0,0.0
2016-09-13 00:00:00+09:00,719.7947601025552,721.8724228951472,714.4851210501652,718.1787719726562,9413100,0.0,0.0
2016-09-14 00:00:00+09:00,716.5626948026751,718.1786827317713,707.7903700596628,708.9446411132812,12119700,0.0,0.0
2016-09-15 00:00:00+09:00,697.8638479722518,699.2489564748298,686.0904257003391,688.39892578125,16547700,0.0,0.0
2016-09-16 00:00:00+09:00,688.1681247746648,691.7462937484034,684.4744737260736,688.7452392578125,17988300,0.0,0.0
2016-09-20 00:00:00+09:00,682.5121940450466,695.0936099871043,681.0116457891592,683.551025390625,14170200,0.0,0.0
2016-09-21 00:00:00+09:00,686.8984387538856,712.8692677640709,681.4734440582451,711.0223999023438,19812900,0.0,0.0
2016-09-23 00:00:00+09:00,692.5542811514807,697.1713237825436,687.1292867058471,694.1702270507812,14990400,0.0,0.0
2016-09-26 00:00:00+09:00,687.9372014858545,688.7451955270864,678.7031589909951,679.2802734375,13689000,0.0,0.0
2016-09-27 00:00:00+09:00,674.0860917682779,686.0903930664062,666.5834351595639,686.0903930664062,16583400,0.0,0.0
2016-09-28 00:00:00+09:00,684.6948797037882,686.5554778497294,674.6942551633012,678.6480102539062,10959600,7.333333,0.0
2016-09-29 00:00:00+09:00,690.2766697555364,691.672107795868,686.3229570315234,687.2532348632812,11007600,0.0,0.0
2016-09-30 00:00:00+09:00,669.8102678571428,672.9500034877232,665.6239536830357,671.5545654296875,14388300,0.0,0.0
2016-10-03 00:00:00+09:00,682.1365755957784,685.9740298280016,676.4385232982579,681.5551147460938,10993500,0.0,0.0
2016-10-04 00:00:00+09:00,691.4395490768027,697.4864614475117,689.5789508276486,694.5792846679688,15647100,0.0,0.0
2016-10-05 00:00:00+09:00,706.3240748134335,717.2550182754037,705.1612383880662,714.9292602539062,13579200,0.0,0.0
2016-10-06 00:00:00+09:00,718.6505472660065,721.6740245606197,713.5339556229956,714.4642333984375,12390600,0.0,0.0
2016-10-07 00:00:00+09:00,713.9990993333636,716.0922989290962,708.8825075032074,713.7665405273438,8694900,0.0,0.0
2016-10-11 00:00:00+09:00,715.162057315602,718.883254134173,707.0219871835454,711.6734619140625,11249400,0.0,0.0
2016-10-12 00:00:00+09:00,704.4634692999226,715.3944119829739,701.6725939413034,706.7891845703125,10297800,0.0,0.0
2016-10-13 00:00:00+09:00,714.464244377644,723.9997088322697,706.324175314931,709.1150512695312,14180700,0.0,0.0
2016-10-14 00:00:00+09:00,713.9992065429688,716.0924064530029,703.7660213461061,713.9992065429688,16191300,0.0,0.0
2016-10-17 00:00:00+09:00,711.6732120753611,717.9526815936731,707.2543403131565,713.3012084960938,10320300,0.0,0.0
2016-10-18 00:00:00+09:00,711.6733196767907,719.813345596563,705.3938492090543,718.4179077148438,11418600,0.0,0.0
2016-10-19 00:00:00+09:00,711.6735030633915,714.2318207009082,708.1849074601397,710.7432250976562,12752100,0.0,0.0
2016-10-20 00:00:00+09:00,708.1848315878735,723.7672520032204,707.9522727677041,720.7437744140625,11980500,0.0,0.0
2016-10-21 00:00:00+09:00,722.6043599919715,729.3490344947626,718.6506469588352,720.2786865234375,10344000,0.0,0.0
2016-10-24 00:00:00+09:00,719.3481876183856,720.743625421719,713.0687175033852,716.5573120117188,8207700,0.0,0.0
2016-10-25 00:00:00+09:00,721.906495468884,732.6048808493207,721.4413779030453,731.674560546875,10209000,0.0,0.0
2016-10-26 00:00:00+09:00,726.5582232374684,733.0702117372603,723.7673466887595,731.2096557617188,10542600,0.0,0.0
2016-10-27 00:00:00+09:00,732.1399592420307,732.8376783629187,726.3256048443674,728.4187622070312,7964400,0.0,0.0
2016-10-28 00:00:00+09:00,734.4654749657072,735.1631939365964,727.9534880179237,732.6049194335938,14961600,0.0,0.0
2016-10-31 00:00:00+09:00,728.4187792130099,734.6982514476049,725.162784963114,731.2096557617188,11274300,0.0,0.0
2016-11-01 00:00:00+09:00,738.4193843393409,740.2799401530452,712.836337339675,716.3248901367188,19616400,0.0,0.0
2016-11-02 00:00:00+09:00,696.0910822179748,701.2076746037,687.0207341882751,691.555908203125,18362100,0.0,0.0
2016-11-04 00:00:00+09:00,675.857182906283,677.4851797851303,661.3213413555112,667.251953125,25782900,0.0,0.0
2016-11-07 00:00:00+09:00,683.997314453125,687.1370505757878,677.8341429259931,683.997314453125,13234200,0.0,0.0
2016-11-08 00:00:00+09:00,692.1373930185609,692.835112164749,685.7416199833714,690.2767944335938,10443000,0.0,0.0
2016-11-09 00:00:00+09:00,695.6259128749956,700.9751066074467,626.4354242297441,636.2034912109375,36974400,0.0,0.0
2016-11-10 00:00:00+09:00,694.3469005175081,697.6028950408281,679.5784966786063,693.1840209960938,33441000,0.0,0.0
2016-11-11 00:00:00+09:00,704.6961047662504,706.5567027363385,693.7651608932304,697.3700561523438,21114600,0.0,0.0
2016-11-14 00:00:00+09:00,707.0221189937708,718.1856689453125,701.90552564609,718.1856689453125,16197300,0.0,0.0
2016-11-15 00:00:00+09:00,718.4179514484381,725.1626250678414,715.6270755151055,720.5111083984375,12071100,0.0,0.0
2016-11-16 00:00:00+09:00,727.720964637618,732.1398803171451,723.9997680037645,730.5118408203125,13721400,0.0,0.0
2016-11-17 00:00:00+09:00,726.7907563416011,734.0005493164062,726.3256386296378,734.0005493164062,13572600,0.0,0.0
2016-11-18 00:00:00+09:00,744.233781254743,749.3504170863192,740.9777867278129,741.2103881835938,15998700,0.0,0.0
2016-11-21 00:00:00+09:00,745.8615718058498,746.3266893911497,739.1169835505289,740.9775390625,9637800,0.0,0.0
2016-11-22 00:00:00+09:00,737.4890523369284,744.0011253394365,733.5353393554688,733.5353393554688,10784400,0.0,0.0
2016-11-24 00:00:00+09:00,749.8152655160029,763.3045268611487,747.9547100504127,762.3742065429688,14804100,0.0,0.0
2016-11-25 00:00:00+09:00,767.4908803075953,793.539084029505,767.2582789233046,777.9566650390625,22345200,0.0,0.0
2016-11-28 00:00:00+09:00,777.9566683264557,779.1195049112745,765.6303279808985,773.3052368164062,14514000,0.0,0.0
2016-11-29 00:00:00+09:00,767.4909789968566,774.4681697150099,761.9092264223341,769.1190185546875,10162800,0.0,0.0
2016-11-30 00:00:00+09:00,776.7938683674311,787.4921698620467,773.7703908994162,774.9332275390625,21535500,0.0,0.0
2016-12-01 00:00:00+09:00,802.3768745125814,802.6094759099461,786.5619384196946,789.8179321289062,20353500,0.0,0.0
2016-12-02 00:00:00+09:00,790.0504930786028,792.6087676355249,781.677865251467,783.0733032226562,14059200,0.0,0.0
2016-12-05 00:00:00+09:00,772.3750930638292,774.2356490591444,764.7001824733125,767.9561767578125,14261100,0.0,0.0
2016-12-06 00:00:00+09:00,782.375650545619,784.0036048694639,771.9098648746942,774.4681396484375,16115700,0.0,0.0
2016-12-07 00:00:00+09:00,784.4687813018626,791.9110891384548,781.910421443363,784.9338989257812,15810000,0.0,0.0
2016-12-08 00:00:00+09:00,790.74824910973,799.8185963473944,788.4224906585308,799.3533935546875,20719800,0.0,0.0
2016-12-09 00:00:00+09:00,802.3769837524866,810.0518940318582,800.0512249745346,807.7261352539062,22315500,0.0,0.0
2016-12-12 00:00:00+09:00,818.4244866417012,826.3319979946851,801.2141109366278,806.09814453125,20121600,0.0,0.0
2016-12-13 00:00:00+09:00,805.8655885083045,808.1913473127338,797.0278413247399,804.237548828125,16025400,0.0,0.0
2016-12-14 00:00:00+09:00,812.1448446937014,812.8425636324417,805.1676553062985,808.65625,9596100,0.0,0.0
2016-12-15 00:00:00+09:00,822.3781636349197,832.3788318037674,814.470737799815,820.052490234375,19752900,0.0,0.0
2016-12-16 00:00:00+09:00,831.4486176904775,832.1463368340418,822.6108702622615,827.9600219726562,18723600,0.0,0.0
2016-12-19 00:00:00+09:00,827.9598912223074,829.5879306904575,820.0524656245054,821.680419921875,10963800,0.0,0.0
2016-12-20 00:00:00+09:00,821.6803186530445,821.9129200257646,814.4706129771914,819.8197631835938,11846400,0.0,0.0
2016-12-21 00:00:00+09:00,821.680288918502,829.5877984263624,815.8660213478332,820.2848510742188,11249400,0.0,0.0
2016-12-22 00:00:00+09:00,821.6806563934108,830.285888671875,821.6806563934108,830.285888671875,11663400,0.0,0.0
2016-12-26 00:00:00+09:00,825.6343190063222,826.5645543842356,811.2147337699653,812.8427734375,12497400,0.0,0.0
2016-12-27 00:00:00+09:00,809.3539052360836,817.0288129581498,805.6327094654338,813.3076171875,9386100,0.0,0.0
2016-12-28 00:00:00+09:00,818.9282058421239,821.270036643128,814.2446299994742,817.2890014648438,8184300,8.0,0.0
2016-12-29 00:00:00+09:00,813.073631172935,814.9470440671007,803.7063951834166,806.2823486328125,10495200,0.0,0.0
2016-12-30 00:00:00+09:00,796.6810924817165,802.0672088473748,791.9975167619856,799.7254638671875,12284400,0.0,0.0
2017-01-04 00:00:00+09:00,820.5673457378781,836.2574462890625,819.6305964371179,836.2574462890625,17823900,0.0,0.0
2017-01-05 00:00:00+09:00,843.0487384807469,843.9854878877319,831.3397568105206,835.7891235351562,13438200,0.0,0.0
2017-01-06 00:00:00+09:00,809.7950911254405,828.5295640233115,808.6242187290796,819.8648681640625,14132700,0.0,0.0
2017-01-10 00:00:00+09:00,819.6305683832196,823.1432709416611,810.7317504882812,810.7317504882812,14921100,0.0,0.0
2017-01-11 00:00:00+09:00,814.7128293844795,816.3521192545714,809.0925049834153,812.8394165039062,13063500,0.0,0.0
2017-01-12 00:00:00+09:00,807.9215014118241,815.6494462079372,801.1303057835015,809.560791015625,11458800,0.0,0.0
2017-01-13 00:00:00+09:00,805.1113895537635,811.2000451233386,804.643057820515,806.9848022460938,12214500,0.0,0.0
2017-01-16 00:00:00+09:00,809.326746993536,811.6685775099434,803.4722135821912,806.7507934570312,9735900,0.0,0.0
2017-01-17 00:00:00+09:00,803.472044870544,804.4087940322796,785.2059936523438,785.2059936523438,18731100,0.0,0.0
2017-01-18 00:00:00+09:00,779.8200395611109,799.7253844726935,777.0098772563861,796.9152221679688,13924800,0.0,0.0
2017-01-19 00:00:00+09:00,813.0736696398731,818.6939943476157,808.3900085438548,816.8204956054688,16551900,0.0,0.0
2017-01-20 00:00:00+09:00,813.7761068707108,821.5040523623312,813.7761068707108,817.7571411132812,13269000,0.0,0.0
2017-01-23 00:00:00+09:00,802.0670091426716,807.4532099265891,799.7252647455495,803.706298828125,13779300,0.0,0.0
2017-01-24 00:00:00+09:00,787.7821399145723,795.275876953125,787.5479311523438,790.3580932617188,13912800,0.0,0.0
2017-01-25 00:00:00+09:00,810.0292525050951,815.4153681243762,804.643136885814,807.921630859375,12723900,0.0,0.0
2017-01-26 00:00:00+09:00,830.1685657767464,830.1685657767464,817.0545065537848,820.098876953125,20087100,0.0,0.0
2017-01-27 00:00:00+09:00,816.5865128771377,816.820635940618,808.3901474305909,815.8839721679688,14022300,0.0,0.0
2017-01-30 00:00:00+09:00,810.0293242499007,817.288939147929,807.6874936274573,816.1179809570312,10133700,0.0,0.0
2017-01-31 00:00:00+09:00,791.5291667975505,801.5989455027956,790.3582942074014,793.16845703125,17937600,0.0,0.0
2017-02-01 00:00:00+09:00,773.9655830102772,800.1937957113537,770.9212973841625,799.7254638671875,15495900,0.0,0.0
2017-02-02 00:00:00+09:00,801.5988678969868,812.1369774661847,795.5102109545686,800.1937866210938,18765000,0.0,0.0
2017-02-03 00:00:00+09:00,796.446944273068,805.345850304742,796.2128212128509,801.5989379882812,14327700,0.0,0.0
2017-02-06 00:00:00+09:00,831.5738493041711,831.8080580871543,816.1179563329571,817.991455078125,19069500,0.0,0.0
2017-02-07 00:00:00+09:00,821.5041701000317,835.7891051256287,815.4154277277719,829.2321166992188,17553000,0.0,0.0
2017-02-08 00:00:00+09:00,827.3587580797648,838.1310776898956,827.1246350130298,836.960205078125,15314100,0.0,0.0
2017-02-09 00:00:00+09:00,826.4220390691714,827.3587027922501,815.1813883173521,820.5675048828125,12103200,0.0,0.0
2017-02-10 00:00:00+09:00,836.9601358715313,846.3272875098747,832.7448919064693,844.2196655273438,18425100,0.0,0.0
2017-02-13 00:00:00+09:00,851.9475280657989,860.6122239409054,847.4981614958748,854.7576904296875,14604600,0.0,0.0
2017-02-14 00:00:00+09:00,858.7388077815995,859.2071395874023,841.6436248779296,843.0487060546875,10879200,0.0,0.0
2017-02-15 00:00:00+09:00,854.7578390231016,857.0996699865689,850.0742628555314,850.3084716796875,9535800,0.0,0.0
2017-02-16 00:00:00+09:00,848.9033452967121,849.8400090250032,835.5550724546474,845.1564331054688,12824700,0.0,0.0
2017-02-17 00:00:00+09:00,835.7891429193702,842.5804261986528,835.7891429193702,839.770263671875,9775800,0.0,0.0
2017-02-20 00:00:00+09:00,840.0044910206016,842.814653896343,830.1689209555063,836.960205078125,10662300,0.0,0.0
2017-02-21 00:00:00+09:00,840.7066745302302,844.9219170528207,838.8332619955218,842.1117553710938,10036500,0.0,0.0
2017-02-22 00:00:00+09:00,846.7955673636045,851.2449336522035,843.0486558622133,847.4981079101562,12471000,0.0,0.0
2017-02-23 00:00:00+09:00,844.9222578281114,846.3273392356743,832.5107339810924,836.0234375,10091700,0.0,0.0
2017-02-24 00:00:00+09:00,832.5105681175512,837.8966838536633,829.7004058623021,832.042236328125,9762300,0.0,0.0
2017-02-27 00:00:00+09:00,824.3142237515408,825.0167642587837,810.9659541139241,819.1622314453125,11637300,0.0,0.0
2017-02-28 00:00:00+09:00,825.9537529831854,830.8715384702742,816.8207227928774,817.054931640625,13336800,0.0,0.0
2017-03-01 00:00:00+09:00,819.6306170053555,826.8902313099026,816.1179142385334,824.5484008789062,14905200,0.0,0.0
2017-03-02 00:00:00+09:00,843.0485866717825,843.0485866717825,829.2319856433294,829.7003173828125,18540300,0.0,0.0
2017-03-03 00:00:00+09:00,831.3396777288347,834.3839629330796,827.1244344374085,832.9788818359375,13193400,0.0,0.0
2017-03-06 00:00:00+09:00,825.9535354300928,832.2764008195021,823.845913633623,828.0611572265625,6864600,0.0,0.0
2017-03-07 00:00:00+09:00,828.0610979959403,834.6181717023846,825.0168127916953,832.9788818359375,9470100,0.0,0.0
2017-03-08 00:00:00+09:00,826.6561200851804,828.7637419939749,819.8649225210719,828.29541015625,10553400,0.0,0.0
2017-03-09 00:00:00+09:00,832.9787667104919,834.1497246358358,826.1875709326933,829.466064453125,8140200,0.0,0.0
2017-03-10 00:00:00+09:00,839.3017075181916,843.5169506124671,836.4915454553412,841.8777465820312,20446200,0.0,0.0
2017-03-13 00:00:00+09:00,831.8082183960929,836.9602122991906,830.6373457742203,832.2765502929688,11556900,0.0,0.0
2017-03-14 00:00:00+09:00,832.2764008195021,832.51060960556,827.3586166277393,828.0611572265625,7579200,0.0,0.0
2017-03-15 00:00:00+09:00,822.2068499804823,837.4285369709602,822.2068499804823,836.960205078125,9467100,0.0,0.0
2017-03-16 00:00:00+09:00,820.5673529963335,833.915623293363,818.4597313704868,832.7447509765625,17442300,0.0,0.0
2017-03-17 00:00:00+09:00,828.2954361661383,832.0423482636619,824.5485240686147,827.5928955078125,11752200,0.0,0.0
2017-03-21 00:00:00+09:00,835.5548055387826,835.5548055387826,821.503996509315,829.466064453125,11078400,0.0,0.0
2017-03-22 00:00:00+09:00,808.8583411798079,810.0292134511975,799.2568969726562,799.2568969726562,14646300,0.0,0.0
2017-03-23 00:00:00+09:00,800.1937090098878,807.2191147079553,796.9152149372386,804.1747436523438,12328200,0.0,0.0
2017-03-24 00:00:00+09:00,801.5986778294293,806.9847928567959,798.7885159439625,805.5797119140625,13951500,0.0,0.0
2017-03-27 00:00:00+09:00,794.5732680059111,799.2568425317912,789.8896934800312,793.8707275390625,10752000,0.0,0.0
2017-03-28 00:00:00+09:00,799.4911756941839,803.0038785750899,792.6999787108817,796.9152221679688,14645100,0.0,0.0
2017-03-29 00:00:00+09:00,804.9338184115251,810.8299345669753,803.0470992439066,810.3582763671875,10761300,8.0,0.0
2017-03-30 00:00:00+09:00,804.4621844855351,808.9432398083657,800.4528737451939,800.6886596679688,7595400,0.0,0.0
2017-03-31 00:00:00+09:00,800.9244803323635,807.5281267453222,790.3115234375,790.3115234375,14392500,0.0,0.0
2017-04-03 00:00:00+09:00,796.6792975744181,797.8584862176925,788.6605902421443,790.3115234375,11146500,0.0,0.0
2017-04-04 00:00:00+09:00,778.0478703906076,778.2837427385101,763.1897262110542,769.3217163085938,20204100,0.0,0.0
2017-04-05 00:00:00+09:00,766.019702944835,767.9065086315377,749.2748422783112,757.0576782226562,21142500,0.0,0.0
2017-04-06 00:00:00+09:00,740.5485581982266,755.4066986377891,739.3693694925129,742.4353637695312,20838000,0.0,0.0
2017-04-07 00:00:00+09:00,751.1616671951184,755.1710650666488,740.3129216295905,744.55810546875,16806900,0.0,0.0
2017-04-10 00:00:00+09:00,752.5765709675285,755.8784375081489,746.9163270332857,750.4539794921875,10332300,0.0,0.0
2017-04-11 00:00:00+09:00,744.322077352914,750.4539794921875,742.4353581643225,750.4539794921875,8952600,0.0,0.0
2017-04-12 00:00:00+09:00,741.0204229148203,743.1430147503162,734.1809027547896,738.4260864257812,12744300,0.0,0.0
2017-04-13 00:00:00+09:00,732.5298310005352,741.9635120205475,729.22796491192,739.3692626953125,14385600,0.0,0.0
2017-04-14 00:00:00+09:00,740.3126695208517,740.3126695208517,727.5771223403822,735.1240844726562,13593000,0.0,0.0
2017-04-17 00:00:00+09:00,727.577308770655,732.530022832115,725.4547170300292,730.8790893554688,7443600,0.0,0.0
2017-04-18 00:00:00+09:00,739.133616851565,744.3222034598542,728.0489993918155,730.6432495117188,9556800,0.0,0.0
2017-04-19 00:00:00+09:00,728.5204114979227,728.9921559919371,718.6150294661991,721.9168090820312,14009400,0.0,0.0
2017-04-20 00:00:00+09:00,726.1623574968139,732.765919665726,722.8605332281119,725.6906127929688,12675300,0.0,0.0
2017-04-21 00:00:00+09:00,731.8222832724924,739.1333729345712,731.3505387747455,734.6524047851562,13186800,0.0,0.0
2017-04-24 00:00:00+09:00,751.8690125593712,754.699134421412,743.1428610637219,746.4446411132812,13373100,0.0,0.0
2017-04-25 00:00:00+09:00,741.7278944446249,755.1709749986289,741.020363889151,752.10498046875,12341100,0.0,0.0
2017-04-26 00:00:00+09:00,760.1236583431472,767.906494140625,756.3501334094248,767.906494140625,15029700,0.0,0.0
2017-04-27 00:00:00+09:00,763.661408664083,768.1423783295711,763.4255363354055,765.312255859375,13276800,0.0,0.0
2017-04-28 00:00:00+09:00,761.7744712444085,766.0196542167336,758.0010328479874,762.2462158203125,11877600,0.0,0.0
2017-05-01 00:00:00+09:00,762.2463474289849,766.727317094473,761.3029444827583,765.312255859375,14033400,0.0,0.0
2017-05-02 00:00:00+09:00,760.1236134106831,765.7838572924419,760.1236134106831,762.9537353515625,17462100,0.0,0.0
2017-05-08 00:00:00+09:00,765.7839129777435,772.3874737410065,763.1895767643074,769.085693359375,28833300,0.0,0.0
2017-05-09 00:00:00+09:00,769.0855625828189,771.2081538318974,754.2274238392686,755.8783569335938,24353700,0.0,0.0
2017-05-10 00:00:00+09:00,762.2463418218537,766.49152549592,760.35953594328,761.7745971679688,20234400,0.0,0.0
2017-05-11 00:00:00+09:00,764.3688025699591,767.198924533972,758.2368140689525,766.4913940429688,12358200,0.0,0.0
2017-05-12 00:00:00+09:00,765.7838048595017,766.4913352962773,751.3973238555794,754.4633178710938,21291900,0.0,0.0
2017-05-15 00:00:00+09:00,746.4447463461744,756.5860465710176,743.3787517739014,753.2841796875,14490900,0.0,0.0
2017-05-16 00:00:00+09:00,757.0576817516978,762.01039555755,744.7937902048579,746.9163818359375,22085100,0.0,0.0
2017-05-17 00:00:00+09:00,738.1900741599251,742.6710424154712,732.5298310005352,739.3692626953125,18262500,0.0,0.0
2017-05-18 00:00:00+09:00,728.7563632136162,731.3506127397757,722.1527600776218,722.8602905273438,18646800,0.0,0.0
2017-05-19 00:00:00+09:00,719.5585219774887,723.8037049980048,718.3792900770447,719.3226928710938,28273200,0.0,0.0
2017-05-22 00:00:00+09:00,723.5678556705815,730.1714591232045,723.3319833865436,727.5772094726562,13284600,0.0,0.0
2017-05-23 00:00:00+09:00,726.6337717005935,730.8789543979678,721.445229465213,723.8036499023438,20409900,0.0,0.0
2017-05-24 00:00:00+09:00,733.4731472814625,740.78432348516,732.2939587460751,739.3692626953125,15633900,0.0,0.0
2017-05-25 00:00:00+09:00,732.0582606350099,733.0016635088122,727.3414190029525,729.9356689453125,19482000,0.0,0.0
2017-05-26 00:00:00+09:00,729.9354832155497,732.5298188662662,721.2092895507812,721.2092895507812,17244600,0.0,0.0
2017-05-29 00:00:00+09:00,721.445201068402,724.9828099927386,718.8509084607099,722.6243896484375,13307400,0.0,0.0
2017-05-30 00:00:00+09:00,722.8603080062088,725.2187285008984,719.7943138604564,724.7470703125,12660000,0.0,0.0
2017-05-31 00:00:00+09:00,724.0394271615789,735.5957426157806,722.1527082206246,735.1240844726562,36795000,0.0,0.0
2017-06-01 00:00:00+09:00,731.1148244992183,737.0108539824184,729.6997636042963,733.9449462890625,14929500,0.0,0.0
2017-06-02 00:00:00+09:00,741.7279047006198,754.2275825640018,739.1335683823592,753.2841796875,20463600,0.0,0.0
2017-06-05 00:00:00+09:00,742.4352607175966,743.1427911165116,733.7090236748263,735.1240844726562,18160200,0.0,0.0
2017-06-06 00:00:00+09:00,731.1148244992183,740.3127203162118,729.4638913323217,733.9449462890625,14709900,0.0,0.0
2017-06-07 00:00:00+09:00,731.1149941651432,732.5300553884509,727.3414687801617,730.6432495117188,15095400,0.0,0.0
2017-06-08 00:00:00+09:00,731.8224697051046,732.0582556455904,723.09623069522,723.5679321289062,15025500,0.0,0.0
2017-06-09 00:00:00+09:00,719.322616457434,727.8129384123043,718.8509151105184,725.2186889648438,23288700,0.0,0.0
2017-06-12 00:00:00+09:00,725.6904411899717,729.4639660859527,722.8603622943396,723.09619140625,13275600,0.0,0.0
2017-06-13 00:00:00+09:00,726.3977589466563,728.2845640262339,720.7375596290394,720.973388671875,16184400,0.0,0.0
2017-06-14 00:00:00+09:00,729.2279925230184,729.2279925230184,722.3885605692764,722.6243896484375,14346300,0.0,0.0
2017-06-15 00:00:00+09:00,720.973388671875,725.6902286339263,718.3790964637906,720.973388671875,15007500,0.0,0.0
2017-06-16 00:00:00+09:00,729.2282662293474,730.1716692685457,722.3888317085127,725.6906127929688,17629800,0.0,0.0
2017-06-19 00:00:00+09:00,722.388660886283,725.2187829661509,720.2660693263821,723.09619140625,9610500,0.0,0.0
2017-06-20 00:00:00+09:00,731.5865576458536,732.0582158696744,723.09619140625,723.09619140625,15331800,0.0,0.0
2017-06-21 00:00:00+09:00,724.0395006856063,724.9828602518788,720.0301901407737,723.3319702148438,13546800,0.0,0.0
2017-06-22 00:00:00+09:00,721.6812076662562,722.3887382620075,718.1435546875,718.1435546875,14733000,0.0,0.0
2017-06-23 00:00:00+09:00,721.4451509564706,723.0960407643868,719.5583889015472,721.9168090820312,9886500,0.0,0.0
2017-06-26 00:00:00+09:00,724.0394791540592,725.2187109650064,721.6810587163966,722.8602905273438,6609000,0.0,0.0
2017-06-27 00:00:00+09:00,728.5205014205924,729.2280318804922,724.9828491210938,724.9828491210938,11322900,0.0,0.0
2017-06-28 00:00:00+09:00,726.6466727777296,732.1137270047172,726.6466727777296,730.4498901367188,10529400,8.0,0.0
2017-06-29 00:00:00+09:00,733.7777952201635,734.4908931747021,729.0237943485582,733.064697265625,8581800,0.0,0.0
2017-06-30 00:00:00+09:00,727.3598252609656,728.7860209967715,724.5074337893541,728.3106079101562,14832300,0.0,0.0
2017-07-03 00:00:00+09:00,729.2614099380814,733.30231223042,728.5483120937887,729.023681640625,9485400,0.0,0.0
2017-07-04 00:00:00+09:00,736.8679751185531,750.4168373533414,736.8679751185531,743.5234985351562,17718600,0.0,0.0
2017-07-05 00:00:00+09:00,743.9989718483744,751.6053218005952,741.621949404762,748.7529296875,15614700,0.0,0.0
2017-07-06 00:00:00+09:00,745.6627085764012,745.9004369031069,734.2531416639254,737.34326171875,15362100,0.0,0.0
2017-07-07 00:00:00+09:00,734.4909911160336,740.6711451967689,732.3516969671518,733.7778930664062,16485900,0.0,0.0
2017-07-10 00:00:00+09:00,740.1956867806223,741.146513082177,737.105566586638,737.8186645507812,10583700,0.0,0.0
2017-07-11 00:00:00+09:00,737.3432949240496,739.0072191897474,733.0647071391904,737.8186645507812,13861800,0.0,0.0
2017-07-12 00:00:00+09:00,737.5811157226562,737.8187570417665,734.7287235085153,737.5811157226562,9482400,0.0,0.0
2017-07-13 00:00:00+09:00,736.8679316060577,739.0072255168029,734.0155397250641,734.7286376953125,9546300,0.0,0.0
2017-07-14 00:00:00+09:00,739.2448017013819,747.5643353202901,737.3432362975582,744.9495849609375,13930500,0.0,0.0
2017-07-17 00:00:00+09:00,744.9495849609375,744.9495849609375,744.9495849609375,744.9495849609375,0,0.0,0.0
2017-07-18 00:00:00+09:00,741.1465899215492,742.5727859976984,734.2532508547613,735.9171752929688,10992900,0.0,0.0
2017-07-19 00:00:00+09:00,734.0155397250641,734.9662789866672,730.2123215343752,734.7286376953125,8962200,0.0,0.0
2017-07-20 00:00:00+09:00,733.0646374712609,738.7694206422434,730.6876154673238,736.630126953125,9121800,0.0,0.0
2017-07-21 00:00:00+09:00,732.8269230284768,734.4908471675383,730.6876292988626,731.1630859375,9371700,0.0,0.0
2017-07-24 00:00:00+09:00,725.2207150431075,726.1714979327215,722.1306380088233,723.0814208984375,13547100,0.0,0.0
2017-07-25 00:00:00+09:00,725.9338624957956,732.5894737482041,725.6961776382287,728.7862548828125,11054100,0.0,0.0
2017-07-26 00:00:00+09:00,734.0154866596508,737.580976253127,731.6384645813048,732.3515625,10693800,0.0,0.0
2017-07-27 00:00:00+09:00,731.1630304223315,736.1547154124266,729.0236933311089,732.11376953125,10711200,0.0,0.0
2017-07-28 00:00:00+09:00,730.4500785721374,732.3516442181456,728.7861542268206,731.4008178710938,10321500,0.0,0.0
2017-07-31 00:00:00+09:00,728.786159206081,741.1465536098223,728.786159206081,738.76953125,13952400,0.0,0.0
2017-08-01 00:00:00+09:00,737.5810437649898,744.712023604651,730.6877052212548,743.2858276367188,12091800,0.0,0.0
2017-08-02 00:00:00+09:00,772.5226892189668,780.604406709039,761.3507650239811,763.9655151367188,32388000,0.0,0.0
2017-08-03 00:00:00+09:00,759.2117430160947,764.6788864447658,754.4577847307396,757.0724487304688,19737600,0.0,0.0
2017-08-04 00:00:00+09:00,748.9904811836219,755.6460031771782,742.3348721419871,742.8102416992188,15944700,0.0,0.0
2017-08-07 00:00:00+09:00,747.8020568364417,751.6052751002923,742.0972729647127,743.2858276367188,11532300,0.0,0.0
2017-08-08 00:00:00+09:00,743.9989492297561,746.6136129045709,737.3433388188408,739.0072631835938,10930800,0.0,0.0
2017-08-09 00:00:00+09:00,735.2039043307304,738.2940241182732,726.8844146686351,730.2122192382812,13101600,0.0,0.0
2017-08-10 00:00:00+09:00,732.5894372708747,733.0648069623386,729.4993166561015,731.6386108398438,9440100,0.0,0.0
2017-08-11 00:00:00+09:00,731.6386108398438,731.6386108398438,731.6386108398438,731.6386108398438,0,0.0,0.0
2017-08-14 00:00:00+09:00,724.9829297988483,726.1713973652625,719.515831011591,720.4666137695312,13705800,0.0,0.0
2017-08-15 00:00:00+09:00,725.4584142901105,731.400883635289,723.5568484731223,726.4092407226562,12283800,0.0,0.0
2017-08-16 00:00:00+09:00,724.7452069944827,729.2615230582489,721.6551303645731,727.8353271484375,11231700,0.0,0.0
2017-08-17 00:00:00+09:00,725.9336765863941,728.5483834462257,723.3189697265625,723.3189697265625,10540500,0.0,0.0
2017-08-18 00:00:00+09:00,715.9504414751583,718.5651488305281,713.0980492780461,717.85205078125,12898500,0.0,0.0
2017-08-21 00:00:00+09:00,720.4666755909577,720.4666755909577,713.3356954844023,715.2373046875,7793700,0.0,0.0
2017-08-22 00:00:00+09:00,714.7618417379506,719.0404295039724,714.048743776947,718.3273315429688,8076300,0.0,0.0
2017-08-23 00:00:00+09:00,725.9336894463501,727.8352984257367,717.138829524268,719.5158081054688,13904700,0.0,0.0
2017-08-24 00:00:00+09:00,719.7535525634163,724.2698688232908,719.278182922201,721.1797485351562,9546300,0.0,0.0
2017-08-25 00:00:00+09:00,721.4173357732186,727.5974880925786,721.1796074750628,725.6959228515625,7584300,0.0,0.0
2017-08-28 00:00:00+09:00,728.0730213785406,728.5484345293104,721.6551397013546,723.79443359375,7622700,0.0,0.0
2017-08-29 00:00:00+09:00,720.2290390462181,724.5076273969877,719.5159409877564,722.6060180664062,8231700,0.0,0.0
2017-08-30 00:00:00+09:00,723.794529338526,724.5076273969877,720.9421371046797,722.6060180664062,13646700,0.0,0.0
2017-08-31 00:00:00+09:00,724.5074853943526,734.0154866596508,723.3189743551795,732.3515625,13025400,0.0,0.0
2017-09-01 00:00:00+09:00,736.8680016931016,737.3433713691179,733.0647831406704,735.9171752929688,10845600,0.0,0.0
2017-09-04 00:00:00+09:00,728.5484611423082,731.638537925074,723.3190468649539,724.9829711914062,11111100,0.0,0.0
2017-09-05 00:00:00+09:00,727.3598874796829,729.4991812663878,724.9829088913585,726.6467895507812,8725200,0.0,0.0
2017-09-06 00:00:00+09:00,724.0320688751765,724.9828951116688,718.0896007552919,721.6550903320312,11532000,0.0,0.0
2017-09-07 00:00:00+09:00,724.269828106774,732.8269599321077,722.1305342694295,731.876220703125,11993400,0.0,0.0
2017-09-08 00:00:00+09:00,728.5485317622487,733.3025333322836,728.3108033931135,729.7369995117188,18635400,0.0,0.0
2017-09-11 00:00:00+09:00,735.6793109878473,744.9495837698024,733.777745587064,741.3840942382812,11144100,0.0,0.0
2017-09-12 00:00:00+09:00,748.75297589475,759.6871753524224,746.375953304446,757.7855224609375,15886500,0.0,0.0
2017-09-13 00:00:00+09:00,763.014816294225,767.293404049146,763.014816294225,764.9163818359375,11835600,0.0,0.0
2017-09-14 00:00:00+09:00,765.3918052575024,766.3425444630114,763.2525114729765,764.4409790039062,10001100,0.0,0.0
2017-09-15 00:00:00+09:00,763.0147213416795,775.1373851386969,758.9738624253671,771.3341674804688,20042700,0.0,0.0
2017-09-18 00:00:00+09:00,771.3341674804688,771.3341674804688,771.3341674804688,771.3341674804688,0,0.0,0.0
2017-09-19 00:00:00+09:00,784.4078856087773,789.1618437782499,780.6046668443361,782.981689453125,17885400,0.0,0.0
2017-09-20 00:00:00+09:00,782.0306848692035,788.4485661077754,777.9898256979831,786.7847290039062,16607400,0.0,0.0
2017-09-21 00:00:00+09:00,794.1534245017687,797.7189144157965,791.7764892578125,791.7764892578125,14811300,0.0,0.0
2017-09-22 00:00:00+09:00,795.1041423240737,797.243435980551,791.3009245854201,796.76806640625,14775900,0.0,0.0
2017-09-25 00:00:00+09:00,798.9075002967392,800.8090659758112,796.0551082540827,799.1451416015625,12542700,0.0,0.0
2017-09-26 00:00:00+09:00,796.5303839547294,798.9074060592534,795.1041881016322,798.669677734375,14461200,0.0,0.0
2017-09-27 00:00:00+09:00,796.0360405856813,803.2183203874339,790.0507781927829,802.9788818359375,13343400,8.0,0.0
2017-09-28 00:00:00+09:00,804.4155585844389,808.9643662654993,799.8667509033785,804.8943481445312,14011200,0.0,0.0
2017-09-29 00:00:00+09:00,798.4301421026746,801.0637033661958,793.8814229644496,797.7119140625,18617400,0.0,0.0
2017-10-02 00:00:00+09:00,799.8666779692352,802.5002394954525,796.5149760055306,802.0213623046875,11267700,0.0,0.0
2017-10-03 00:00:00+09:00,804.6548417900797,812.0764730726133,804.1759646481399,810.8794555664062,13895100,0.0,0.0
2017-10-04 00:00:00+09:00,816.8649487936702,817.3437383963026,806.0915251768472,806.8097534179688,14965800,0.0,0.0
2017-10-05 00:00:00+09:00,815.667738380594,816.3859665293513,809.6825622571729,811.1190185546875,11263800,0.0,0.0
2017-10-06 00:00:00+09:00,811.59790404367,814.4708169783379,811.1191144460071,812.794921875,10506600,0.0,0.0
2017-10-09 00:00:00+09:00,812.794921875,812.794921875,812.794921875,812.794921875,0,0.0,0.0
2017-10-10 00:00:00+09:00,812.0764919756662,816.3858603075081,808.964228852218,815.1888427734375,10971900,0.0,0.0
2017-10-11 00:00:00+09:00,813.0342445464341,816.8648238044103,808.9643143609379,814.2312622070312,8593500,0.0,0.0
2017-10-12 00:00:00+09:00,817.1042420252815,817.8224702156566,812.3160833142274,815.6677856445312,9101400,0.0,0.0
2017-10-13 00:00:00+09:00,817.1040693427328,817.5829464846726,804.1759646481399,810.8794555664062,20635800,0.0,0.0
2017-10-16 00:00:00+09:00,805.1335857208759,818.7799176822467,804.6547962803368,813.9917602539062,13715400,0.0,0.0
2017-10-17 00:00:00+09:00,817.582959382356,820.6952224824558,814.7100471826807,820.4558715820312,10217100,0.0,0.0
2017-10-18 00:00:00+09:00,819.9773029370715,822.6108652271616,816.3861613363626,821.6531982421875,10434000,0.0,0.0
2017-10-19 00:00:00+09:00,825.2440561206888,830.0322140506609,824.7652666299891,827.1593017578125,11712900,0.0,0.0
2017-10-20 00:00:00+09:00,818.780066714918,823.807663615799,815.667715599119,820.6953125,12852300,0.0,0.0
2017-10-23 00:00:00+09:00,827.1592892733055,832.426324288806,826.6804997898323,830.9898681640625,12090000,0.0,0.0
2017-10-24 00:00:00+09:00,826.9201736458746,836.4964920859564,825.4837171124274,836.2571411132812,11423400,0.0,0.0
2017-10-25 00:00:00+09:00,837.9327880044959,838.6510161335495,832.9051911011203,835.0598754882812,11813100,0.0,0.0
2017-10-26 00:00:00+09:00,831.9477558166612,842.002951361081,831.9477558166612,839.8482666015625,9534900,0.0,0.0
2017-10-27 00:00:00+09:00,842.0029154489974,847.5093025970218,839.6087921490835,846.5516357421875,11073600,0.0,0.0
2017-10-30 00:00:00+09:00,842.9605612247203,850.6217213199517,842.9605612247203,847.9881591796875,16294200,0.0,0.0
2017-10-31 00:00:00+09:00,844.1573759810591,847.5090775715403,839.3691306525769,843.4391479492188,11175000,0.0,0.0
2017-11-01 00:00:00+09:00,847.988042122997,857.8038857010874,846.7910243808824,856.1279907226562,15120300,0.0,0.0
2017-11-02 00:00:00+09:00,885.8147288266765,907.840362402811,880.3082546768933,900.6580810546875,35530200,0.0,0.0
2017-11-03 00:00:00+09:00,900.6580810546875,900.6580810546875,900.6580810546875,900.6580810546875,0,0.0,0.0
2017-11-06 00:00:00+09:00,902.5732753664034,920.0501882079317,900.658029674275,916.698486328125,21879900,0.0,0.0
2017-11-07 00:00:00+09:00,919.5715584511562,924.8385069380638,914.7833118775308,918.6138916015625,21246300,0.0,0.0
2017-11-08 00:00:00+09:00,915.0227482298769,920.7685739644445,912.3892739929811,918.3744506835938,13856700,0.0,0.0
2017-11-09 00:00:00+09:00,920.2895802639649,923.8807205515789,896.3486157884311,906.40380859375,26852400,0.0,0.0
2017-11-10 00:00:00+09:00,891.0816224668957,906.1644123800004,891.0816224668957,902.094482421875,21209700,0.0,0.0
2017-11-13 00:00:00+09:00,901.136982242646,903.7705441794938,891.0817871093751,891.081787109375,11437500,0.0,0.0
2017-11-14 00:00:00+09:00,894.1939423082523,897.3062931528417,884.8569774488087,888.2086791992188,16580400,0.0,0.0
2017-11-15 00:00:00+09:00,877.9139782672914,879.829223542751,865.4646647910326,866.6616821289062,21132900,0.0,0.0
2017-11-16 00:00:00+09:00,871.4500624439083,879.8293604616258,867.6194836225666,876.2382202148438,16363500,0.0,0.0
2017-11-17 00:00:00+09:00,890.3636329090831,895.6306695463285,877.9144011110137,878.6326293945312,20077500,0.0,0.0
2017-11-20 00:00:00+09:00,878.6325838111031,887.2513227661733,876.9566886783907,882.7025146484375,10193100,0.0,0.0
2017-11-21 00:00:00+09:00,886.2933936474818,892.0392179174817,884.3781481155886,886.053955078125,12563400,0.0,0.0
2017-11-22 00:00:00+09:00,894.1942262978481,898.024806425113,888.9271895821529,889.4060668945312,14342700,0.0,0.0
2017-11-23 00:00:00+09:00,889.4060668945312,889.4060668945312,889.4060668945312,889.4060668945312,0,0.0,0.0
2017-11-24 00:00:00+09:00,881.2659385907572,884.6176407270957,875.5201134002714,882.9418334960938,14477700,0.0,0.0
2017-11-27 00:00:00+09:00,890.3636365217883,893.2365496675153,878.632632959637,879.8296508789062,12443400,0.0,0.0
2017-11-28 00:00:00+09:00,882.2236583131534,892.7576425700257,881.9842196910632,888.9270629882812,16697400,0.0,0.0
2017-11-29 00:00:00+09:00,892.997091828018,893.2364427786191,885.096581622681,890.8424072265625,12190800,0.0,0.0
2017-11-30 00:00:00+09:00,897.7850278218586,901.1367293676205,890.3633090337582,896.3485717773438,21843300,0.0,0.0
2017-12-01 00:00:00+09:00,898.5033504661841,907.8403157388143,896.3486661725002,903.7703857421875,16455000,0.0,0.0
2017-12-04 00:00:00+09:00,909.2768455962097,909.7556351421506,903.0522308016355,906.6433715820312,14437200,0.0,0.0
2017-12-05 00:00:00+09:00,905.9249365046378,905.9249365046378,899.4608845763723,901.8549194335938,15992700,0.0,0.0
2017-12-06 00:00:00+09:00,896.5882028443716,900.6581332862233,887.0117979334018,891.3211669921875,19897500,0.0,0.0
2017-12-07 00:00:00+09:00,893.715232214447,902.8127593019137,891.5605478247049,899.2216186523438,16842000,0.0,0.0
2017-12-08 00:00:00+09:00,894.1940981121161,904.249292789682,894.1940981121161,903.2916259765625,23589600,0.0,0.0
2017-12-11 00:00:00+09:00,905.2069464587236,907.3616310012005,899.4611210121183,907.1221923828125,12958200,0.0,0.0
2017-12-12 00:00:00+09:00,909.7555604074064,918.6137361628116,908.5585428037191,911.1920166015625,11436300,0.0,0.0
2017-12-13 00:00:00+09:00,917.8956909179688,918.1351295561357,911.1921981184078,917.8956909179688,11096100,0.0,0.0
2017-12-14 00:00:00+09:00,916.4589757000202,918.134870345353,907.3614497846161,914.7830810546875,12298500,0.0,0.0
2017-12-15 00:00:00+09:00,909.7555354564671,911.191991611227,902.3339037730917,905.4461669921875,15513600,0.0,0.0
2017-12-18 00:00:00+09:00,911.6708577880433,919.5713665439749,909.7555244885706,916.9378051757812,12746100,0.0,0.0
2017-12-19 00:00:00+09:00,918.8530512370716,937.5269792508702,918.6136126787892,931.0629272460938,14921700,0.0,0.0
2017-12-20 00:00:00+09:00,939.9210434036447,940.1604819693828,926.7535881001182,931.3023071289062,10901400,0.0,0.0
2017-12-21 00:00:00+09:00,932.4995704422862,934.1753776637244,927.4719734293035,932.2601318359375,7591500,0.0,0.0
2017-12-22 00:00:00+09:00,932.2602575461387,934.893731873747,924.8385364918935,933.457275390625,8824200,0.0,0.0
2017-12-25 00:00:00+09:00,933.2177115745726,942.3152380012319,932.4994834968278,940.6393432617188,4715400,0.0,0.0
2017-12-26 00:00:00+09:00,938.9635495588949,939.6817776468608,935.1329705316343,936.0906372070312,5345400,0.0,0.0
2017-12-27 00:00:00+09:00,936.331755116252,941.6325964360827,934.6450756571088,938.5003051757812,4161300,8.333333,0.0
2017-12-28 00:00:00+09:00,938.0183454851808,940.4278749619793,930.3079746933646,931.5126953125,5310300,0.0,0.0
2017-12-29 00:00:00+09:00,930.0670523624094,934.8861116118042,928.1394816057715,930.5490112304688,6301200,0.0,0.0
2018-01-01 00:00:00+09:00,930.5490112304689,930.5490112304689,930.5490112304689,930.5490112304688,0,0.0,0.0
2018-01-02 00:00:00+09:00,930.5490112304689,930.5490112304689,930.5490112304689,930.5490112304688,0,0.0,0.0
2018-01-03 00:00:00+09:00,930.5490112304689,930.5490112304689,930.5490112304689,930.5490112304688,0,0.0,0.0
2018-01-04 00:00:00+09:00,945.7286850000165,960.4265747070312,941.150606044208,960.4265747070312,14886900,0.0,0.0
2018-01-05 00:00:00+09:00,963.7998531713615,976.8111507921016,961.3903241991288,968.8598022460938,14295600,0.0,0.0
2018-01-08 00:00:00+09:00,968.8598022460938,968.8598022460938,968.8598022460938,968.8598022460938,0,0.0,0.0
2018-01-09 00:00:00+09:00,973.9196854095509,977.5339345040463,963.0769381260644,966.209228515625,10341000,0.0,0.0
2018-01-10 00:00:00+09:00,972.2333333630921,1000.1835063468076,970.5466538056278,988.3770141601562,14077200,0.0,0.0
2018-01-11 00:00:00+09:00,972.233063744717,977.0520334086824,963.3178860397979,970.0645141601562,12093600,0.0,0.0
2018-01-12 00:00:00+09:00,965.0047176885518,966.2094382353721,955.607668003195,956.0895385742188,15017700,0.0,0.0
2018-01-15 00:00:00+09:00,963.7999417895974,965.2456416581625,956.8123335991877,959.2218627929688,8927700,0.0,0.0
2018-01-16 00:00:00+09:00,959.7039579961317,963.3182085136148,955.3668573751522,961.149658203125,8949600,0.0,0.0
2018-01-17 00:00:00+09:00,961.1494909455811,968.3779907226562,958.258091034751,968.3779907226562,10959900,0.0,0.0
2018-01-18 00:00:00+09:00,972.7149937199014,974.1606935313447,956.8122957940255,958.2579956054688,14196000,0.0,0.0
2018-01-19 00:00:00+09:00,962.1132369834795,967.8960363041916,959.2218373231235,964.5227661132812,8973900,0.0,0.0
2018-01-22 00:00:00+09:00,963.800077130682,963.800077130682,954.1620472406603,958.9810180664062,8491500,0.0,0.0
2018-01-23 00:00:00+09:00,962.1132051854096,979.7025819507476,961.6313346707811,976.3292236328125,10994400,0.0,0.0
2018-01-24 00:00:00+09:00,969.8237000985483,971.2694000680063,962.1133296742803,962.3543090820312,8643600,0.0,0.0
2018-01-25 00:00:00+09:00,950.0658084964166,952.4752494908835,945.7287088201538,949.8248291015625,12824700,0.0,0.0
2018-01-26 00:00:00+09:00,951.7523088559486,956.0894081189456,947.1743184595698,947.6561889648438,9950100,0.0,0.0
2018-01-29 00:00:00+09:00,945.0059109938717,958.0172107402703,939.4640022762046,951.0296020507812,9323700,0.0,0.0
2018-01-30 00:00:00+09:00,953.6800480521201,960.1856974971078,943.560148915473,945.7286987304688,11973000,0.0,0.0
2018-01-31 00:00:00+09:00,937.2953733638236,937.2953733638236,919.7060840140008,921.8746337890625,18855000,0.0,0.0
2018-02-01 00:00:00+09:00,927.6574389809305,932.7173884876655,926.2117391218634,929.8259887695312,14129700,0.0,0.0
2018-02-02 00:00:00+09:00,929.5849190000689,939.7048170296187,925.2478198445476,937.2952880859375,17043900,0.0,0.0
2018-02-05 00:00:00+09:00,959.7036553615826,971.0283622375694,950.7885657221159,956.812255859375,29530200,0.0,0.0
2018-02-06 00:00:00+09:00,923.079481422244,923.079481422244,897.0568805364173,918.01953125,31955700,0.0,0.0
2018-02-07 00:00:00+09:00,947.6563354969024,951.0296060324356,925.00700643069,925.2479858398438,27016800,0.0,0.0
2018-02-08 00:00:00+09:00,935.8497613813992,946.2106406923232,927.4165408771968,933.1993408203125,22871700,0.0,0.0
2018-02-09 00:00:00+09:00,903.803381923595,914.6461307540359,901.15287338381,914.4051513671875,25074600,0.0,0.0
2018-02-12 00:00:00+09:00,914.4051513671875,914.4051513671875,914.4051513671875,914.4051513671875,0,0.0,0.0
2018-02-13 00:00:00+09:00,915.1279765805658,919.94694651781,897.2977083981004,898.743408203125,23303100,0.0,0.0
2018-02-14 00:00:00+09:00,899.9482909560301,904.7672617624963,880.1903606440184,888.3826904296875,19877100,0.0,0.0
2018-02-15 00:00:00+09:00,899.2253437984274,904.2852934821806,892.2378236479891,899.7072143554688,12503100,0.0,0.0
2018-02-16 00:00:00+09:00,910.5497519700405,921.6334781131228,907.4174617197666,909.3450317382812,16684200,0.0,0.0
2018-02-19 00:00:00+09:00,915.1279962897725,927.8983154296876,913.4413170680798,927.8983154296875,12429000,0.0,0.0
2018-02-20 00:00:00+09:00,922.1158127534902,923.3206218302527,906.9359595900517,911.9959106445312,11265300,0.0,0.0
2018-02-21 00:00:00+09:00,925.2479520222754,929.1031812352085,919.9470228843074,926.9346313476562,16326900,0.0,0.0
2018-02-22 00:00:00+09:00,917.5376102671885,917.5376102671885,906.4538810856236,917.296630859375,14112600,0.0,0.0
2018-02-23 00:00:00+09:00,923.8022163715248,927.4164660443398,919.4651167641466,926.45263671875,12662100,0.0,0.0
2018-02-26 00:00:00+09:00,929.1034008331853,943.8012947192753,926.6938709757833,938.0184936523438,10834200,0.0,0.0
2018-02-27 00:00:00+09:00,945.0058748351911,961.872315035407,944.7648954362668,957.0533447265625,15199500,0.0,0.0
2018-02-28 00:00:00+09:00,950.3066560812496,953.1980557328543,935.8496578232259,936.0906372070312,14445900,0.0,0.0
2018-03-01 00:00:00+09:00,928.1395406103172,930.308090938846,920.9110395152213,923.07958984375,13789200,0.0,0.0
2018-03-02 00:00:00+09:00,906.2128501580372,906.2128501580372,885.7321605754407,888.1416015625,19872900,0.0,0.0
2018-03-05 00:00:00+09:00,878.7443987014346,881.3949068578567,866.2150606908154,869.3473510742188,18671400,0.0,0.0
2018-03-06 00:00:00+09:00,891.5150838190425,897.0569047443996,880.9132243463627,883.32275390625,12132300,0.0,0.0
2018-03-07 00:00:00+09:00,879.2265545854416,889.5873454671923,874.1666047283234,875.6123046875,14428200,0.0,0.0
2018-03-08 00:00:00+09:00,886.9370041268157,889.8284043032683,878.2628035974581,883.32275390625,12333600,0.0,0.0
2018-03-09 00:00:00+09:00,885.9729057313713,891.5148132130963,870.3111889423094,872.9616088867188,24544800,0.0,0.0
2018-03-12 00:00:00+09:00,891.7556481705891,901.6346539784001,889.8280781722716,900.9118041992188,12279000,0.0,0.0
2018-03-13 00:00:00+09:00,888.3827981794536,893.9246196909703,881.6361676412952,893.4427490234375,10815000,0.0,0.0
2018-03-14 00:00:00+09:00,888.141711005879,894.4064701166674,886.4551197548069,888.3826904296875,9767700,0.0,0.0
2018-03-15 00:00:00+09:00,882.3589375617181,891.0331382201246,880.4313668282496,890.0693969726562,9020400,0.0,0.0
2018-03-16 00:00:00+09:00,890.5511500497042,891.2740000091602,883.0816710558195,886.2140502929688,18915600,0.0,0.0
2018-03-19 00:00:00+09:00,881.3952185476946,885.2503601118788,875.8533091615618,876.817138671875,8811300,0.0,0.0
2018-03-20 00:00:00+09:00,877.7808964096955,880.672296465683,872.4799668942095,877.5399169921875,10146300,0.0,0.0
2018-03-21 00:00:00+09:00,877.5399169921875,877.5399169921875,877.5399169921875,877.5399169921875,0,0.0,0.0
2018-03-22 00:00:00+09:00,882.1180313051332,884.7684520482075,872.4800013253157,882.8408813476562,16445700,0.0,0.0
2018-03-23 00:00:00+09:00,853.4446351051704,855.8541638531763,833.6867993824254,836.3372192382812,25758900,0.0,0.0
2018-03-26 00:00:00+09:00,827.4222189247967,840.192626953125,825.7356278557871,840.192626953125,19783200,0.0,0.0
2018-03-27 00:00:00+09:00,851.7581386740675,871.2750854492188,845.0115103759931,871.2750854492188,18623700,0.0,0.0
2018-03-28 00:00:00+09:00,866.9054776415143,887.5402442149647,859.1370133505385,887.0547485351562,21900600,9.0,0.0
2018-03-29 00:00:00+09:00,897.0079252368178,898.2217977051364,872.2461359548598,883.8987426757812,16961400,0.0,0.0
2018-03-30 00:00:00+09:00,894.3374107485912,894.8229063103311,882.6848060482838,888.5111083984375,11669700,0.0,0.0
2018-04-02 00:00:00+09:00,888.511452085693,894.8232524390694,884.1417236328125,884.1417236328125,7400100,0.0,0.0
2018-04-03 00:00:00+09:00,873.2171866895748,880.9855612739983,869.3329549461974,877.5869140625,10804200,0.0,0.0
2018-04-04 00:00:00+09:00,882.9276977380525,893.1237279993574,879.5289617160652,888.9967041015625,12267900,0.0,0.0
2018-04-05 00:00:00+09:00,899.192582186148,903.8051009197625,888.268265897835,898.4642944335938,11541900,0.0,0.0
2018-04-06 00:00:00+09:00,903.319849591511,907.6895772881605,892.3955303498869,893.6093139648438,13094100,0.0,0.0
2018-04-09 00:00:00+09:00,890.93880574753,898.7071796108692,888.2683577770675,895.3085327148438,7573800,0.0,0.0
2018-04-10 00:00:00+09:00,898.2215904055851,923.2260772885821,892.6379917055533,918.6136474609375,18053100,0.0,0.0
2018-04-11 00:00:00+09:00,914.7295876853967,926.1394016344112,912.3019317570048,918.1282348632812,11909700,0.0,0.0
2018-04-12 00:00:00+09:00,913.7584701201164,914.7295502321788,901.6203687798068,906.7183837890625,10966500,0.0,0.0
2018-04-13 00:00:00+09:00,913.0303295415349,923.7119457902802,910.8454656137017,915.9434814453125,9731100,0.0,0.0
2018-04-16 00:00:00+09:00,915.9433711984276,920.0703951669268,912.544724020543,918.1282348632812,6908700,0.0,0.0
2018-04-17 00:00:00+09:00,916.4291152976122,919.584970761468,912.0593872070311,912.0593872070312,10613100,0.0,0.0
2018-04-18 00:00:00+09:00,906.7182985171856,910.6025296978178,897.4933494782922,902.3485717773438,14902800,0.0,0.0
2018-04-19 00:00:00+09:00,905.5047925093164,906.4757839251347,895.7942560347166,896.0370483398438,13884900,0.0,0.0
2018-04-20 00:00:00+09:00,897.7361936690183,901.1349298237308,892.1526827038938,893.85205078125,11760900,0.0,0.0
2018-04-23 00:00:00+09:00,893.8522003930442,896.7653524976361,891.1817516956037,892.15283203125,8375400,0.0,0.0
2018-04-24 00:00:00+09:00,904.2906897677192,909.1460012206421,901.8631229435804,907.93212890625,12093300,0.0,0.0
2018-04-25 00:00:00+09:00,903.3201176285976,919.3424572705313,902.5918294630552,918.8568725585938,10205400,0.0,0.0
2018-04-26 00:00:00+09:00,921.0414264355402,924.4401626634294,917.1572834641439,921.7697143554688,11863500,0.0,0.0
2018-04-27 00:00:00+09:00,929.0524504915528,931.237313914895,908.9031841103917,914.4866943359375,13548600,0.0,0.0
2018-04-30 00:00:00+09:00,914.4866943359375,914.4866943359375,914.4866943359375,914.4866943359375,0,0.0,0.0
2018-05-01 00:00:00+09:00,922.4979013068895,922.9834858019167,901.1348505954194,905.5045776367188,15101700,0.0,0.0
2018-05-02 00:00:00+09:00,907.9322440376816,907.9322440376816,881.4711755438119,883.8987426757812,12820200,0.0,0.0
2018-05-03 00:00:00+09:00,883.8987426757812,883.8987426757812,883.8987426757812,883.8987426757812,0,0.0,0.0
2018-05-04 00:00:00+09:00,883.8987426757812,883.8987426757812,883.8987426757812,883.8987426757812,0,0.0,0.0
2018-05-07 00:00:00+09:00,890.9391250502954,890.9391250502954,873.9457066752692,878.5582275390625,11381100,0.0,0.0
2018-05-08 00:00:00+09:00,880.9857233144035,886.0837395204985,877.3442831671928,881.228515625,10384500,0.0,0.0
2018-05-09 00:00:00+09:00,873.9456155611251,876.3732719051322,859.8653510096364,861.0792236328125,15727500,0.0,0.0
2018-05-10 00:00:00+09:00,866.9055111101859,870.0613665042893,860.593622517292,861.8074951171875,10608300,0.0,0.0
2018-05-11 00:00:00+09:00,865.6913413624534,880.2570963427656,864.9630536134378,879.52880859375,13914000,0.0,0.0
2018-05-14 00:00:00+09:00,873.945581896067,891.4244935339884,870.0613496757484,889.482421875,12396300,0.0,0.0
2018-05-15 00:00:00+09:00,881.470982325077,891.42421875,878.5578312834103,884.86962890625,11140500,0.0,0.0
2018-05-16 00:00:00+09:00,878.8006939745322,887.7829409493938,878.8006939745322,883.656005859375,10256700,0.0,0.0
2018-05-17 00:00:00+09:00,886.8119177737652,890.4533574702115,886.083629834476,888.2684936523438,9296700,0.0,0.0
2018-05-18 00:00:00+09:00,892.1526074119907,900.1637736826291,889.7249516352649,899.4354858398438,10289400,0.0,0.0
2018-05-21 00:00:00+09:00,895.7940007320249,902.1057987453526,894.5802173570096,895.5512084960938,9954300,0.0,0.0
2018-05-22 00:00:00+09:00,895.0657631744707,898.4644101567015,892.6381073858344,896.5223388671875,7930500,0.0,0.0
2018-05-23 00:00:00+09:00,888.5111466890675,894.8229448729699,882.4420518453353,887.29736328125,11124000,0.0,0.0
2018-05-24 00:00:00+09:00,881.2282612167786,884.6269080722127,853.7961163281597,857.1947631835938,17340600,0.0,0.0
2018-05-25 00:00:00+09:00,857.1948213397333,858.1659014653063,847.9698713049356,849.1836547851562,13011600,0.0,0.0
2018-05-28 00:00:00+09:00,853.3106813472874,858.8942815408528,847.4843777730189,858.6514892578125,10479300,0.0,0.0
2018-05-29 00:00:00+09:00,857.9231623178385,861.0791062445733,852.3396512803847,858.1659545898438,8666100,0.0,0.0
2018-05-30 00:00:00+09:00,836.0745555299725,836.0745555299725,826.6068123053299,829.7627563476562,16532100,0.0,0.0
2018-05-31 00:00:00+09:00,830.2481437663185,842.8718293875171,828.0632802300913,836.802734375,36969600,0.0,0.0
2018-06-01 00:00:00+09:00,842.6291889336679,846.9989167933068,833.4042375307665,841.4154052734375,14649000,0.0,0.0
2018-06-04 00:00:00+09:00,851.611336984112,863.992231133157,848.6981854196308,861.5645751953125,10384200,0.0,0.0
2018-06-05 00:00:00+09:00,855.9810890451323,856.2237924142929,842.6291143549788,851.8540649414062,12409500,0.0,0.0
2018-06-06 00:00:00+09:00,854.7673446404182,859.6226573836536,849.4266250861442,852.0969848632812,13254900,0.0,0.0
2018-06-07 00:00:00+09:00,860.350974199797,863.2641263822992,857.6805254309369,858.4088134765625,12100200,0.0,0.0
2018-06-08 00:00:00+09:00,858.4086343381242,865.9343055398643,853.5534113479571,853.7962036132812,20469300,0.0,0.0
2018-06-11 00:00:00+09:00,853.7962300307527,868.6046917247694,853.7962300307527,867.8764038085938,11838300,0.0,0.0
2018-06-12 00:00:00+09:00,878.0723089412106,878.5578934173733,862.2927693169831,863.0210571289062,10396500,0.0,0.0
2018-06-13 00:00:00+09:00,868.6046491328526,874.1882488179642,867.1480733719242,873.4599609375,11004600,0.0,0.0
2018-06-14 00:00:00+09:00,869.0902235064898,871.2750871223701,860.3507690429688,860.3507690429688,11025600,0.0,0.0
2018-06-15 00:00:00+09:00,864.2349500245796,864.7205345622722,854.0389193656849,857.6803588867188,14021700,0.0,0.0
2018-06-18 00:00:00+09:00,853.3105999171621,855.4954635490145,844.32844203221,846.5133056640625,9232800,0.0,0.0
2018-06-19 00:00:00+09:00,838.9876244602442,843.1145594140471,832.6758259010761,833.4041137695312,14237400,0.0,0.0
2018-06-20 00:00:00+09:00,832.67589160981,832.9185949835623,818.1101330912848,830.4910278320312,15043800,0.0,0.0
2018-06-21 00:00:00+09:00,825.6357204442456,832.6758963700029,821.7515774186573,827.577880859375,11024400,0.0,0.0
2018-06-22 00:00:00+09:00,817.1391089831478,817.1391089831478,805.001005685248,811.3128051757812,16389600,0.0,0.0
2018-06-25 00:00:00+09:00,813.4976112205256,813.4976112205256,802.5732923590145,803.5443725585938,9876600,0.0,0.0
2018-06-26 00:00:00+09:00,796.9896720843274,807.1857016252684,789.4640015985731,805.7291259765625,13610100,0.0,0.0
2018-06-27 00:00:00+09:00,804.5053881142999,804.750171693314,788.1069498444574,789.3306884765625,16400100,9.0,0.0
2018-06-28 00:00:00+09:00,786.1488806254932,795.4495812886274,785.1699255473101,790.3097534179688,15732600,0.0,0.0
2018-06-29 00:00:00+09:00,785.4146150399012,796.183837890625,783.4566152631714,796.183837890625,14297400,0.0,0.0
2018-07-02 00:00:00+09:00,789.8201582143182,796.4285080991865,779.7852864144566,781.7432861328125,14364300,0.0,0.0
2018-07-03 00:00:00+09:00,790.0648065584842,790.0648065584842,779.0508919689142,785.6592407226562,13460400,0.0,0.0
2018-07-04 00:00:00+09:00,778.5615640958107,786.1488691829778,776.1139971730078,780.2747802734375,11372400,0.0,0.0
2018-07-05 00:00:00+09:00,781.9880983175116,787.6174037334024,776.8482704412462,779.2958374023438,11201100,0.0,0.0
2018-07-06 00:00:00+09:00,786.8831134379242,797.8970299073422,786.3936359164439,790.06494140625,17454600,0.0,0.0
2018-07-09 00:00:00+09:00,789.8201252877712,795.4495198945204,787.6173420846462,793.001953125,11575800,0.0,0.0
2018-07-10 00:00:00+09:00,802.7921020276127,808.176623245037,797.6522747364056,801.0787963867188,15986400,0.0,0.0
2018-07-11 00:00:00+09:00,793.2467122169287,795.9389728383009,784.6802736036511,792.512451171875,12114600,0.0,0.0
2018-07-12 00:00:00+09:00,794.715116898226,801.3234653274127,788.1067684690394,797.6521606445312,12399600,0.0,0.0
2018-07-13 00:00:00+09:00,798.1417321932441,809.1556475408969,795.9389491237135,805.7291259765625,14548500,0.0,0.0
2018-07-16 00:00:00+09:00,805.7291259765625,805.7291259765625,805.7291259765625,805.7291259765625,0,0.0,0.0
2018-07-17 00:00:00+09:00,803.5264399169763,819.4354007960101,797.8970449720005,813.3165283203125,14335500,0.0,0.0
2018-07-18 00:00:00+09:00,824.085541214947,826.2883239895358,815.5191040039062,815.5191040039062,13698300,0.0,0.0
2018-07-19 00:00:00+09:00,811.6033121470444,818.7011396841857,807.1977454760982,813.3165283203125,9878700,0.0,0.0
2018-07-20 00:00:00+09:00,808.1766029661703,812.3374751851542,800.8339927344017,805.7291259765625,12720300,0.0,0.0
2018-07-23 00:00:00+09:00,794.9600096026202,802.3026208047118,791.7782711693701,796.183837890625,11031900,0.0,0.0
2018-07-24 00:00:00+09:00,807.1978885495433,809.6453662684438,804.0160599571734,805.9740600585938,8976000,0.0,0.0
2018-07-25 00:00:00+09:00,808.9109817639504,815.5193319346947,806.7081983737022,814.2955932617188,10349100,0.0,0.0
2018-07-26 00:00:00+09:00,824.8201430472594,827.0229267322834,813.3166573822468,818.2117919921875,12290100,0.0,0.0
2018-07-27 00:00:00+09:00,821.1485923912527,823.5960693359375,817.9667648053972,823.5960693359375,10818000,0.0,0.0
2018-07-30 00:00:00+09:00,824.5752725227061,828.7360558342896,824.0857949658987,825.7990112304688,7271400,0.0,0.0
2018-07-31 00:00:00+09:00,830.6941375488502,833.1416149414661,820.414481531699,821.1487426757812,14016900,0.0,0.0
2018-08-01 00:00:00+09:00,855.41420560167,855.41420560167,839.7499384831618,845.3793334960938,14776200,0.0,0.0
2018-08-02 00:00:00+09:00,834.854920821487,842.6870098145349,819.1906532039038,821.1487426757812,16026000,0.0,0.0
2018-08-03 00:00:00+09:00,829.9598064436967,833.8758057943797,825.309456379346,827.2674560546875,10807200,0.0,0.0
2018-08-06 00:00:00+09:00,833.3862955484317,840.9736896435056,827.2674235600509,830.2044677734375,7515000,0.0,0.0
2018-08-07 00:00:00+09:00,831.672897176129,838.7708129882812,827.7568984157687,838.7708129882812,9942600,0.0,0.0
2018-08-08 00:00:00+09:00,844.4002442974539,845.6239828902903,836.3233723954784,838.2813720703125,10042200,0.0,0.0
2018-08-09 00:00:00+09:00,837.0575389845136,837.0575389845136,826.0436239978753,827.5121459960938,7998900,0.0,0.0
2018-08-10 00:00:00+09:00,831.6731786059241,833.6312682801683,823.8410888034373,824.33056640625,10258800,0.0,0.0
2018-08-13 00:00:00+09:00,818.2114301106159,819.4351684061128,799.1206466172835,800.8338623046875,11263800,0.0,0.0
2018-08-14 00:00:00+09:00,811.3584029931817,816.7430135236866,803.7710094681252,816.4982299804688,7319400,0.0,0.0
2018-08-15 00:00:00+09:00,814.785030407406,820.6591191568292,800.0998085338482,804.2606811523438,8881500,0.0,0.0
2018-08-16 00:00:00+09:00,803.5263429070319,807.6871254945432,792.7571214794563,805.7291259765625,11122200,0.0,0.0
2018-08-17 00:00:00+09:00,819.924722049855,820.169505584302,808.176546499856,810.868896484375,9218100,0.0,0.0
2018-08-20 00:00:00+09:00,810.1347534786894,812.8270142237703,805.2396198657503,811.1137084960938,7932900,0.0,0.0
2018-08-21 00:00:00+09:00,811.3585041876623,816.0088542999856,806.2186765593242,812.8270263671875,10178700,0.0,0.0
2018-08-22 00:00:00+09:00,818.946091320379,830.4494878890667,816.7433075328747,828.2467041015625,9880500,0.0,0.0
2018-08-23 00:00:00+09:00,821.3933223899502,823.5961055158155,810.3794067606236,812.0927124023438,9626700,0.0,0.0
2018-08-24 00:00:00+09:00,810.1346962554564,814.0506953114289,803.5263470130957,805.2395629882812,7129200,0.0,0.0
2018-08-27 00:00:00+09:00,809.8899738688996,819.1905843685961,809.6451902976119,816.2535400390625,5845500,0.0,0.0
2018-08-28 00:00:00+09:00,834.6100134771434,837.0575801383317,826.5331420898438,826.5331420898438,11157600,0.0,0.0
2018-08-29 00:00:00+09:00,826.5331544261162,834.1205484470121,824.0856773598726,830.938720703125,8022600,0.0,0.0
2018-08-30 00:00:00+09:00,834.1206555961693,835.3443942864897,821.3934326171876,821.3934326171875,10593600,0.0,0.0
2018-08-31 00:00:00+09:00,812.5821691052314,812.8269526567813,805.4843424250126,805.7291259765625,13043700,0.0,0.0
2018-09-03 00:00:00+09:00,802.3026125588493,804.5053958968372,794.4705239009427,796.9180908203125,8017200,0.0,0.0
2018-09-04 00:00:00+09:00,796.9180708875522,796.9180708875522,785.1698933787994,787.6173706054688,9862500,0.0,0.0
2018-09-05 00:00:00+09:00,787.3727097793321,787.3727097793321,778.561576277163,779.2958374023438,12086400,0.0,0.0
2018-09-06 00:00:00+09:00,780.27482514181,784.4356981129873,776.6035193622351,779.0510864257812,10214400,0.0,0.0
2018-09-07 00:00:00+09:00,788.351694063104,788.351694063104,769.9951652535665,776.603515625,11708400,0.0,0.0
2018-09-10 00:00:00+09:00,768.5267120611704,775.3798466435186,766.8134956392057,773.1770629882812,9009300,0.0,0.0
2018-09-11 00:00:00+09:00,774.6454832369078,778.5615724290111,769.0161778488407,776.8482666015625,10610100,0.0,0.0
2018-09-12 00:00:00+09:00,772.1977649345937,772.1977649345937,760.4495892924498,762.8971557617188,12630600,0.0,0.0
2018-09-13 00:00:00+09:00,766.3239073842284,779.7853925630144,764.365907399339,777.827392578125,12058800,0.0,0.0
2018-09-14 00:00:00+09:00,780.5196077092123,787.8622192586876,778.3168242443697,787.3727416992188,20202900,0.0,0.0
2018-09-17 00:00:00+09:00,787.3727416992188,787.3727416992188,787.3727416992188,787.3727416992188,0,0.0,0.0
2018-09-18 00:00:00+09:00,781.2538077185092,804.015901740383,781.0090241421887,803.7711181640625,19684800,0.0,0.0
2018-09-19 00:00:00+09:00,812.0929284914394,830.6942430477344,810.6244060167712,828.0018920898438,16211100,0.0,0.0
2018-09-20 00:00:00+09:00,838.2814535749354,839.0157147283242,827.2675362741049,836.5682373046875,14043900,0.0,0.0
2018-09-21 00:00:00+09:00,842.6868218734273,854.4349975585938,839.0155169718128,854.4349975585938,24962100,0.0,0.0
2018-09-24 00:00:00+09:00,854.4349975585938,854.4349975585938,854.4349975585938,854.4349975585938,0,0.0,0.0
2018-09-25 00:00:00+09:00,856.6379877620666,861.288338306414,846.3583315503959,860.5540771484375,18643500,0.0,0.0
2018-09-26 00:00:00+09:00,851.6719898687668,858.3333874758397,838.8426917483959,845.5040893554688,18844500,9.333333,0.0
2018-09-27 00:00:00+09:00,856.1130883288622,859.5672072540017,840.3231659748151,840.56982421875,17484300,0.0,0.0
2018-09-28 00:00:00+09:00,854.1392769682293,854.6326837530033,842.7901981104629,848.4647827148438,16663800,0.0,0.0
2018-10-01 00:00:00+09:00,838.8427125116095,854.87938073451,834.6484388656434,847.2310791015625,13174500,0.0,0.0
2018-10-02 00:00:00+09:00,855.1261471338929,864.0080110151995,852.9056811635663,860.0604858398438,18584400,0.0,0.0
2018-10-03 00:00:00+09:00,845.7508653975009,848.9582355499994,823.5462036132812,823.5462036132812,22317300,0.0,0.0
2018-10-04 00:00:00+09:00,838.842816730404,839.3362235467057,823.5462115640413,825.52001953125,16368300,0.0,0.0
2018-10-05 00:00:00+09:00,818.1183860610493,826.753501438033,815.6511715172,820.5855102539062,14046300,0.0,0.0
2018-10-08 00:00:00+09:00,820.5855102539062,820.5855102539062,820.5855102539062,820.5855102539062,0,0.0,0.0
2018-10-09 00:00:00+09:00,805.2891338071995,808.7431624749092,793.1998979437041,795.1737060546875,19342500,0.0,0.0
2018-10-10 00:00:00+09:00,797.1473170566826,799.86118990707,787.2785488764631,791.22607421875,14874600,0.0,0.0
2018-10-11 00:00:00+09:00,764.8272416738639,770.2549874573664,756.9322360444548,761.12646484375,25862400,0.0,0.0
2018-10-12 00:00:00+09:00,753.4782434334006,762.853515625,752.9847914112889,762.853515625,18345300,0.0,0.0
2018-10-15 00:00:00+09:00,754.9584516003486,755.4519035553184,742.622514130079,742.8692626953125,16232400,0.0,0.0
2018-10-16 00:00:00+09:00,746.0766236689119,756.9322509765625,744.8430163093723,756.9322509765625,12926700,0.0,0.0
2018-10-17 00:00:00+09:00,760.8797878649028,766.3076245101238,757.9191661222378,764.087158203125,13615200,0.0,0.0
2018-10-18 00:00:00+09:00,764.8272345463754,766.8009520537106,760.1395538215837,763.346923828125,14858400,0.0,0.0
2018-10-19 00:00:00+09:00,754.2184366951238,756.1921997070312,748.5438962705808,756.1921997070312,11718900,0.0,0.0
2018-10-22 00:00:00+09:00,753.4781710678607,761.6198801854898,747.8036314728316,759.3994140625,10971900,0.0,0.0
2018-10-23 00:00:00+09:00,753.9715928659059,755.2051549900849,741.8823587853728,742.8692626953125,15412200,0.0,0.0
2018-10-24 00:00:00+09:00,754.9584895223823,754.9584895223823,740.8955372665731,744.843017578125,14699100,0.0,0.0
2018-10-25 00:00:00+09:00,727.819413938583,731.7669392637011,719.4310016798277,722.0215454101562,17321400,0.0,0.0
2018-10-26 00:00:00+09:00,733.2473724360992,739.6620231036914,725.8458176846431,734.6043090820312,19034400,0.0,0.0
2018-10-29 00:00:00+09:00,740.0321763857787,747.3104027513621,734.2343062971106,736.4547729492188,12322200,0.0,0.0
2018-10-30 00:00:00+09:00,735.2210349639194,751.9979061974282,733.3706464152052,751.0110473632812,36468900,0.0,0.0
2018-10-31 00:00:00+09:00,773.4623759800887,799.6145629882812,770.008347639761,799.6145629882812,31241100,0.0,0.0
2018-11-01 00:00:00+09:00,799.6144190345265,810.9634059743134,798.8742637840628,802.08154296875,17369400,0.0,0.0
2018-11-02 00:00:00+09:00,803.808767527642,805.7824851516548,788.7589108854155,801.341552734375,20850900,0.0,0.0
2018-11-05 00:00:00+09:00,789.2523496806789,799.8611827699829,780.6171437184146,793.446533203125,11127300,0.0,0.0
2018-11-06 00:00:00+09:00,797.887569484305,819.8454842294251,797.3941626381134,818.3651733398438,14196000,0.0,0.0
2018-11-07 00:00:00+09:00,812.9374111679169,816.6381883198937,792.9532145472419,796.6539916992188,18075600,0.0,0.0
2018-11-08 00:00:00+09:00,810.9634955615996,811.2102441226734,801.834973364774,805.2890014648438,10677300,0.0,0.0
2018-11-09 00:00:00+09:00,805.7824536200164,811.9504451863193,800.6013660026015,809.236572265625,10119300,0.0,0.0
2018-11-12 00:00:00+09:00,802.3284267167505,809.9767290441494,800.3547091665499,809.72998046875,7833300,0.0,0.0
2018-11-13 00:00:00+09:00,792.4595322095972,794.1865912606784,779.136737575215,791.9661254882812,12109200,0.0,0.0
2018-11-14 00:00:00+09:00,795.1737060546875,812.1972814936265,793.1998979437041,795.1737060546875,13026000,0.0,0.0
2018-11-15 00:00:00+09:00,794.4335501691843,794.4335501691843,785.551684727607,790.9794311523438,8465700,0.0,0.0
2018-11-16 00:00:00+09:00,792.213034407979,797.1473736730461,782.3442655268428,785.5516357421875,9294600,0.0,0.0
2018-11-19 00:00:00+09:00,784.3178100585938,789.2522385856021,777.4097546823532,784.3178100585938,7390200,0.0,0.0
2018-11-20 00:00:00+09:00,776.6697245591331,787.2785578642115,775.9295691959417,781.1106567382812,9792300,0.0,0.0
2018-11-21 00:00:00+09:00,766.5541890091546,777.6565191863921,765.0738783188563,776.1762084960938,12061200,0.0,0.0
2018-11-22 00:00:00+09:00,776.176158594901,781.8507427768824,773.9556927022096,779.1367797851562,8185200,0.0,0.0
2018-11-23 00:00:00+09:00,779.1367797851562,779.1367797851562,779.1367797851562,779.1367797851562,0,0.0,0.0
2018-11-26 00:00:00+09:00,773.7090345036808,780.1236836322374,768.2811988712167,779.1367797851562,8118600,0.0,0.0
2018-11-27 00:00:00+09:00,789.0056067406576,795.1735981361165,784.3179260520293,790.732666015625,12781200,0.0,0.0
2018-11-28 00:00:00+09:00,790.7327484105689,791.7195620839525,774.449328938689,779.8770751953125,10845600,0.0,0.0
2018-11-29 00:00:00+09:00,778.8901074754594,783.0842906353387,774.4491757705331,775.1893310546875,11017500,0.0,0.0
2018-11-30 00:00:00+09:00,782.3440698591369,795.4201153342391,779.8768556681636,789.9923706054688,18556200,0.0,0.0
2018-12-03 00:00:00+09:00,801.8351140522018,810.2234823885951,792.9532485070735,806.522705078125,11845500,0.0,0.0
2018-12-04 00:00:00+09:00,814.1708432044456,814.1708432044456,786.2916899026235,787.2785034179688,14231100,0.0,0.0
2018-12-05 00:00:00+09:00,769.7616995572669,772.9690700890924,762.8535516237237,768.5281372070312,12596700,0.0,0.0
2018-12-06 00:00:00+09:00,768.528043884818,771.7353236761733,756.4388090568635,759.6461791992188,13078200,0.0,0.0
2018-12-07 00:00:00+09:00,767.5411608175167,767.7879094047256,758.1658890666082,761.3731689453125,11788200,0.0,0.0
2018-12-10 00:00:00+09:00,740.8955046128331,750.0240721952513,740.1553492635695,748.2970581054688,12054600,0.0,0.0
2018-12-11 00:00:00+09:00,751.9978238269613,752.9846825530122,738.3049500663326,745.33642578125,15654900,0.0,0.0
2018-12-12 00:00:00+09:00,756.6855303238694,765.0739432220045,754.9585160971802,760.3863525390625,16065300,0.0,0.0
2018-12-13 00:00:00+09:00,767.787965211034,773.7092089264121,764.3338461430575,768.2813720703125,14392800,0.0,0.0
2018-12-14 00:00:00+09:00,759.3994537533384,765.8141038824671,750.517588797159,753.4782104492188,22917000,0.0,0.0
2018-12-17 00:00:00+09:00,753.4781306937169,759.6461219329618,752.2445234107687,752.4912719726562,13170600,0.0,0.0
2018-12-18 00:00:00+09:00,752.244625644479,756.6855582560414,743.1160570014351,747.0635375976562,12291600,0.0,0.0
2018-12-19 00:00:00+09:00,747.3101667311591,755.6985785980058,744.8429522243548,751.7510986328125,16094100,0.0,0.0
2018-12-20 00:00:00+09:00,745.5830915963602,749.0371647267207,728.436190570897,731.2734375,15171000,0.0,0.0
2018-12-21 00:00:00+09:00,729.5466228439476,733.6174781122803,719.6778526825002,720.7880859375,19208100,0.0,0.0
2018-12-24 00:00:00+09:00,720.7880859375,720.7880859375,720.7880859375,720.7880859375,0,0.0,0.0
2018-12-25 00:00:00+09:00,700.5569670599514,703.0241362488915,677.7355278296498,679.9559936523438,15939600,0.0,0.0
2018-12-26 00:00:00+09:00,692.4185617791518,697.7774679491039,681.2022783810014,693.2909545898438,11380500,9.333333,0.0
2018-12-27 00:00:00+09:00,718.2161332638631,727.313802082383,711.3617214987441,721.9548950195312,16866300,0.0,0.0
2018-12-28 00:00:00+09:00,719.586979033061,725.9428738558098,710.8632322514867,721.4563598632812,13717500,0.0,0.0
2018-12-31 00:00:00+09:00,721.4563598632812,721.4563598632812,721.4563598632812,721.4563598632812,0,0.0,0.0
2019-01-04 00:00:00+09:00,697.9022027166903,718.4653930664062,695.9082268058703,718.4653930664062,18771300,0.0,0.0
2019-01-07 00:00:00+09:00,738.4054286882597,750.2448254119732,736.2868122915813,745.0105590820312,14539500,0.0,0.0
2019-01-08 00:00:00+09:00,753.983461378733,777.1638254718022,752.986473647537,768.6892700195312,23053200,0.0,0.0
2019-01-09 00:00:00+09:00,777.4132310201461,779.6564882670253,769.9357068638818,778.6595458984375,12845400,0.0,0.0
2019-01-10 00:00:00+09:00,766.1968252160481,774.1729105902604,763.9536139584212,771.4310913085938,11188500,0.0,0.0
2019-01-11 00:00:00+09:00,780.404158584324,791.8697248438781,777.4131492364718,790.1249389648438,16104600,0.0,0.0
2019-01-15 00:00:00+09:00,793.6144496338496,802.3381958007812,787.6324313986154,802.3381958007812,13608900,0.0,0.0
2019-01-16 00:00:00+09:00,798.3501239871241,801.590414172021,788.8786258875767,800.0949096679688,10170600,0.0,0.0
2019-01-17 00:00:00+09:00,798.5994902974088,803.8337566195828,794.1129763069739,799.0979614257812,8426100,0.0,0.0
2019-01-18 00:00:00+09:00,802.3381589077596,804.5814156428232,797.3531743670683,801.3411254882812,8736600,0.0,0.0
2019-01-21 00:00:00+09:00,810.8127896043917,814.0529887796096,806.0769945227581,808.3202514648438,7765500,0.0,0.0
2019-01-22 00:00:00+09:00,813.8037617640862,816.2962085116599,804.0829821248271,807.3231811523438,6790200,0.0,0.0
2019-01-23 00:00:00+09:00,802.0889196993606,809.0679714441593,793.8636445737731,805.5784912109375,9430200,0.0,0.0
2019-01-24 00:00:00+09:00,794.6115803403403,808.5696870529807,794.6115803403403,806.0771484375,7980900,0.0,0.0
2019-01-25 00:00:00+09:00,814.0528379528314,820.0348553567184,810.064887202468,818.2901611328125,10991700,0.0,0.0
2019-01-28 00:00:00+09:00,818.290339196767,819.2872814621264,808.3202775946411,810.0650634765625,9540900,0.0,0.0
2019-01-29 00:00:00+09:00,806.8247498339072,810.8127926163266,800.593450101069,808.8187255859375,10941000,0.0,0.0
2019-01-30 00:00:00+09:00,819.287313832071,820.0350661998151,805.5785812756742,807.8218383789062,12406200,0.0,0.0
2019-01-31 00:00:00+09:00,819.5364529230147,819.5364529230147,807.8216982860589,809.815673828125,10586100,0.0,0.0
2019-02-01 00:00:00+09:00,809.3172879827142,813.3052394867748,803.3352694482645,808.8187255859375,8671200,0.0,0.0
2019-02-04 00:00:00+09:00,773.9237318367793,788.6294985695517,772.9266982134432,780.6535034179688,17195100,0.0,0.0
2019-02-05 00:00:00+09:00,773.1758900100918,779.9056608128876,760.2148651585078,761.2118530273438,16374000,0.0,0.0
2019-02-06 00:00:00+09:00,762.7074511013386,764.4521914953716,756.4761962890625,756.4761962890625,13667100,0.0,0.0
2019-02-07 00:00:00+09:00,748.7493867003642,753.73441790486,740.5241103144976,748.2509155273438,11463000,0.0,0.0
2019-02-08 00:00:00+09:00,743.2657906802601,745.0105308443842,729.432373046875,729.432373046875,15103200,0.0,0.0
2019-02-12 00:00:00+09:00,729.3077761275568,744.5121043225697,726.9399241142602,735.289794921875,16874700,0.0,0.0
2019-02-13 00:00:00+09:00,744.3874657622969,749.7463728266514,737.0345828538145,748.0015869140625,13986000,0.0,0.0
2019-02-14 00:00:00+09:00,761.4610377447228,764.7013279706606,750.9925060837647,757.9715576171875,14575500,0.0,0.0
2019-02-15 00:00:00+09:00,750.4940112939544,752.2387513026052,740.0254799636994,740.8978271484375,13374000,0.0,0.0
2019-02-18 00:00:00+09:00,751.491070270062,751.9895870222726,746.7553208611876,748.5000610351562,9990600,0.0,0.0
2019-02-19 00:00:00+09:00,747.7522346126557,751.7402313175318,743.6395973222861,751.2417602539062,9096300,0.0,0.0
2019-02-20 00:00:00+09:00,760.4640526474406,768.9386087340016,752.238777741716,755.9775390625,19532100,0.0,0.0
2019-02-21 00:00:00+09:00,766.1968377053358,775.1698654388207,764.4520975257735,773.4251708984375,17254500,0.0,0.0
2019-02-22 00:00:00+09:00,769.935662930741,779.6564437792091,763.2059372132923,778.90869140625,13145100,0.0,0.0
2019-02-25 00:00:00+09:00,787.3831357719735,790.8726159190776,784.3921267092119,785.38916015625,11847600,0.0,0.0
2019-02-26 00:00:00+09:00,782.6473912411434,790.3741955754429,781.650449008456,786.136962890625,9786000,0.0,0.0
2019-02-27 00:00:00+09:00,786.1370268375391,792.368235772957,785.3892744630198,791.6204833984375,15153900,0.0,0.0
2019-02-28 00:00:00+09:00,785.8877563476562,788.8787658865626,781.1519608182654,785.8877563476562,14536500,0.0,0.0
2019-03-01 00:00:00+09:00,787.6326064321149,789.6265825275242,784.8907866127556,786.3862915039062,12809700,0.0,0.0
2019-03-04 00:00:00+09:00,789.3771921042173,789.3771921042173,771.4311358926025,776.1669311523438,12909300,0.0,0.0
2019-03-05 00:00:00+09:00,772.6774778126108,774.422172486724,769.1879059076542,770.6834106445312,10898700,0.0,0.0
2019-03-06 00:00:00+09:00,772.4281722667605,774.9207105091665,769.4371628872184,771.680419921875,10597500,0.0,0.0
2019-03-07 00:00:00+09:00,764.2028651137247,769.6864125106538,757.7223298442536,759.2178344726562,12137400,0.0,0.0
2019-03-08 00:00:00+09:00,753.9834753436927,758.9685053703489,743.7642254019319,745.6336059570312,17345400,0.0,0.0
2019-03-11 00:00:00+09:00,747.1292337775634,753.2358475065151,745.3844478785646,751.9896240234375,4860000,0.0,0.0
2019-03-12 00:00:00+09:00,756.9745747162275,762.9565932076015,754.482082224548,761.2118530273438,5961000,0.0,0.0
2019-03-13 00:00:00+09:00,761.4610103674962,765.9475694143466,748.9985035500683,751.2417602539062,6523500,0.0,0.0
2019-03-14 00:00:00+09:00,758.2208355884,760.4640924984249,752.7373339102877,754.9805908203125,6355500,0.0,0.0
2019-03-15 00:00:00+09:00,759.2178818920081,766.1968887140564,758.7194107441932,761.9596557617188,14377200,0.0,0.0
2019-03-18 00:00:00+09:00,763.9537676018668,764.4522388086219,756.7254787120424,761.7105102539062,5833500,0.0,0.0
2019-03-19 00:00:00+09:00,764.2028993007964,769.1878845256919,761.7104066883487,767.1939086914062,5364300,0.0,0.0
2019-03-20 00:00:00+09:00,770.9326888889942,774.9207319314185,768.4401505776834,770.1849365234375,8901000,0.0,0.0
2019-03-22 00:00:00+09:00,762.7073576501873,763.4551099616091,753.485094355712,761.2118530273438,12645300,0.0,0.0
2019-03-25 00:00:00+09:00,743.764345161968,744.7613330721636,732.92193619656,737.9069213867188,11640000,0.0,0.0
2019-03-26 00:00:00+09:00,744.6368613768218,762.2090454101562,743.2659969844481,762.2090454101562,8381100,0.0,0.0
2019-03-27 00:00:00+09:00,764.4727608364694,766.9882859923267,757.4292627635156,760.9509887695312,6597000,9.333333,0.0
2019-03-28 00:00:00+09:00,754.6623171762944,756.9263041278233,749.8828045211553,754.033447265625,5274000,0.0,0.0
2019-03-29 00:00:00+09:00,758.9386391532897,759.9448400725013,752.3982180261011,753.4044189453125,8354100,0.0,0.0
2019-04-01 00:00:00+09:00,764.7243981975603,779.3145196814075,764.7243981975603,773.2772216796875,8151900,0.0,0.0
2019-04-02 00:00:00+09:00,783.0878574234354,785.6034290498698,776.2958969417363,782.8363647460938,5508000,0.0,0.0
2019-04-03 00:00:00+09:00,783.5910033380512,788.1189768556608,782.0816788321814,786.8611450195312,5431500,0.0,0.0
2019-04-04 00:00:00+09:00,792.3954977269186,797.9297192119847,790.3830954241092,794.6594848632812,6770100,0.0,0.0
2019-04-05 00:00:00+09:00,792.3952102740892,800.4449086870542,789.3765618539974,799.6902465820312,9067800,0.0,0.0
2019-04-08 00:00:00+09:00,796.9232436192694,798.1809831828512,784.345571617914,786.6095581054688,6200100,0.0,0.0
2019-04-09 00:00:00+09:00,786.609511214156,791.388976543961,784.8486022326359,788.1188354492188,4240500,0.0,0.0
2019-04-10 00:00:00+09:00,782.3331577043673,785.8549762371895,780.5723405598118,782.0816650390625,4265400,0.0,0.0
2019-04-11 00:00:00+09:00,772.5226685667728,778.3084283111372,772.2710837555404,773.5288696289062,6739200,0.0,0.0
2019-04-12 00:00:00+09:00,776.0442504882812,779.3143916206094,774.283341486522,776.0442504882812,10078500,0.0,0.0
2019-04-15 00:00:00+09:00,786.1063701881567,788.6219413783034,780.0690730292797,784.5970458984375,8750100,0.0,0.0
2019-04-16 00:00:00+09:00,777.5537579636202,789.3767700195312,776.7990956595862,789.3767700195312,10059600,0.0,0.0
2019-04-17 00:00:00+09:00,795.4139896973422,800.1935478569512,793.1500030093991,797.4263916015625,8134200,0.0,0.0
2019-04-18 00:00:00+09:00,802.4574537499095,811.2618148314968,801.9542842331252,808.4947509765625,12072000,0.0,0.0
2019-04-19 00:00:00+09:00,806.2308188516989,807.7401432600816,798.4326120344381,804.4699096679688,5556300,0.0,0.0
2019-04-22 00:00:00+09:00,804.2183138326602,805.2245607983606,795.9170297007183,796.6716918945312,6893400,0.0,0.0
2019-04-23 00:00:00+09:00,799.9419908962858,803.2122247110092,797.1749266665089,800.445068359375,7855800,0.0,0.0
2019-04-24 00:00:00+09:00,797.9295051590994,798.1809978033149,775.5411325130679,778.3082885742188,13357800,0.0,0.0
2019-04-25 00:00:00+09:00,776.7988685821781,783.5908273330273,774.534882331895,781.0752563476562,9426000,0.0,0.0
2019-04-26 00:00:00+09:00,779.8177211880577,783.3394477926196,775.5412401805249,780.0692138671875,9947700,0.0,0.0
2019-05-07 00:00:00+09:00,778.3083410537497,778.5598337149227,764.2212974585424,774.0318603515625,14041500,0.0,0.0
2019-05-08 00:00:00+09:00,768.2463605529509,771.7681339444958,750.6375857171062,752.0211181640625,18214800,0.0,0.0
2019-05-09 00:00:00+09:00,749.0022189530197,749.2537576611593,716.0486215060632,716.8032836914062,21940200,0.0,0.0
2019-05-10 00:00:00+09:00,725.3561729474499,730.7645547209245,708.3762732985572,712.401123046875,18616800,0.0,0.0
2019-05-13 00:00:00+09:00,712.5270327021268,714.7910196945845,707.2443963863923,708.5021362304688,10767300,0.0,0.0
2019-05-14 00:00:00+09:00,699.6976970258345,706.3638648698596,694.5408076184664,705.1060791015625,12107400,0.0,0.0
2019-05-15 00:00:00+09:00,703.3452051825702,705.6091918945312,693.9119272160658,705.6091918945312,12465600,0.0,0.0
2019-05-16 00:00:00+09:00,710.6403572372192,712.149681857149,697.3079744075294,701.3328247070312,11678400,0.0,0.0
2019-05-17 00:00:00+09:00,707.9989109689142,715.0424092330479,700.9553666438568,707.3699951171875,10133700,0.0,0.0
2019-05-20 00:00:00+09:00,711.5206930471785,716.4259975597527,705.7349799704015,711.7722778320312,7326600,0.0,0.0
2019-05-21 00:00:00+09:00,706.6153046404785,712.9041865403026,702.7162476083831,712.52685546875,8044200,0.0,0.0
2019-05-22 00:00:00+09:00,715.2940397056087,716.426033110837,710.5145273482881,712.275390625,8833800,0.0,0.0
2019-05-23 00:00:00+09:00,706.2381110086376,708.7536826824868,701.710137268826,705.986572265625,10263000,0.0,0.0
2019-05-24 00:00:00+09:00,697.0563643443528,702.5905386976016,692.5283909478054,701.8358764648438,11833200,0.0,0.0
2019-05-27 00:00:00+09:00,695.672790533748,700.2007639584353,691.7737330142188,694.0377197265625,8944500,0.0,0.0
2019-05-28 00:00:00+09:00,694.7923467113529,702.9678385152513,693.534561025782,696.8047485351562,17404200,0.0,0.0
2019-05-29 00:00:00+09:00,691.2706095022777,694.2892584520692,685.2333116026945,694.0377197265625,12439800,0.0,0.0
2019-05-30 00:00:00+09:00,690.6417173409061,697.4336772584644,689.3839316321607,696.55322265625,8222700,0.0,0.0
2019-05-31 00:00:00+09:00,679.196007458215,680.2022084119181,666.6182882627538,666.869873046875,20655000,0.0,0.0
2019-06-03 00:00:00+09:00,657.9396020579417,669.0079956054688,656.5560701373466,669.0079956054688,13720500,0.0,0.0
2019-06-04 00:00:00+09:00,669.0080379727171,683.5981584349873,667.6245059645051,683.472412109375,15796500,0.0,0.0
2019-06-05 00:00:00+09:00,704.6029523216217,706.2380230389339,694.9180900994269,703.0936279296875,11325900,0.0,0.0
2019-06-06 00:00:00+09:00,691.8994364145763,697.6851952296499,689.3839111328125,689.3839111328125,11489700,0.0,0.0
2019-06-07 00:00:00+09:00,689.2582044354651,693.5346394009389,686.4911400998031,688.755126953125,8160300,0.0,0.0
2019-06-10 00:00:00+09:00,699.3204345703125,702.213291454435,693.4088823336745,699.3204345703125,9596700,0.0,0.0
2019-06-11 00:00:00+09:00,696.9305964272133,701.8359011124076,691.0190907499812,701.20703125,7854600,0.0,0.0
2019-06-12 00:00:00+09:00,699.320334976059,709.6340212128465,698.4398803710938,698.4398803710938,12526800,0.0,0.0
2019-06-13 00:00:00+09:00,696.6791344660152,699.8235301854832,685.4849456794694,692.9058227539062,11089500,0.0,0.0
2019-06-14 00:00:00+09:00,693.031494140625,698.9430458907841,689.8870987612764,693.031494140625,12832800,0.0,0.0
2019-06-17 00:00:00+09:00,692.5284472670023,699.8234854029723,691.3964538258073,698.0626220703125,8655600,0.0,0.0
2019-06-18 00:00:00+09:00,699.6976261935732,703.3451446731799,694.4149909868004,695.7985229492188,7694100,0.0,0.0
2019-06-19 00:00:00+09:00,705.357500022176,712.0236663175084,702.2130593624182,710.3885498046875,9276600,0.0,0.0
2019-06-20 00:00:00+09:00,711.3948549865793,711.3948549865793,696.6789433463647,697.0562744140625,10402800,0.0,0.0
2019-06-21 00:00:00+09:00,696.804723825439,699.8233725150235,691.0190112110179,695.7985229492188,13915800,0.0,0.0
2019-06-24 00:00:00+09:00,694.2891682022415,701.458458526069,690.2643188126806,700.7037963867188,6753300,0.0,0.0
2019-06-25 00:00:00+09:00,694.2891975319064,699.8233714339543,693.7860740641117,695.6727294921875,9290700,0.0,0.0
2019-06-26 00:00:00+09:00,692.1149822467045,696.5622364958135,690.7172990286695,694.0209350585938,7588800,9.333333,0.0
2019-06-27 00:00:00+09:00,699.8659172858391,709.1415704076107,697.8328853124506,708.63330078125,9715800,0.0,0.0
2019-06-28 00:00:00+09:00,701.3907955344356,708.1251481692783,699.7389538748448,707.7439575195312,11857800,0.0,0.0
2019-07-01 00:00:00+09:00,711.6828166551709,723.2456131541825,708.2521014168759,722.991455078125,11406600,0.0,0.0
2019-07-02 00:00:00+09:00,722.9914815844223,724.0080208618136,716.3842089416544,720.95849609375,10097700,0.0,0.0
2019-07-03 00:00:00+09:00,712.8264324229251,713.2076230284988,706.0920805684741,709.0145263671875,8502300,0.0,0.0
2019-07-04 00:00:00+09:00,712.9533248651873,719.1794054386152,710.7932143109379,713.4615478515625,4887000,0.0,0.0
2019-07-05 00:00:00+09:00,718.290104935526,722.8643917247165,716.1299940414849,720.8313598632812,7117800,0.0,0.0
2019-07-08 00:00:00+09:00,720.95849609375,725.7868947991658,720.1961149017341,720.95849609375,9278400,0.0,0.0
2019-07-09 00:00:00+09:00,725.532748553347,727.0575108644699,719.5607318134136,724.8973999023438,8362200,0.0,0.0
2019-07-10 00:00:00+09:00,726.4222335033974,729.9800280891915,723.2456760648508,726.6763916015625,13548600,0.0,0.0
2019-07-11 00:00:00+09:00,719.1793891330042,726.0408180819015,716.3840231751858,722.7371826171875,9116100,0.0,0.0
2019-07-12 00:00:00+09:00,728.0739201986878,729.5986823352296,721.3395696063109,723.4996337890625,7051800,0.0,0.0
2019-07-16 00:00:00+09:00,719.179518567612,727.3115994813013,708.1249921604015,720.8313598632812,10938900,0.0,0.0
2019-07-17 00:00:00+09:00,718.2902025342852,722.1021087098925,710.9205017507585,713.08056640625,10214700,0.0,0.0
2019-07-18 00:00:00+09:00,711.5555974531899,713.5886290009109,697.0703581892825,699.23046875,11375400,0.0,0.0
2019-07-19 00:00:00+09:00,700.6283856253339,714.9865506688117,699.6118927782036,713.5888671875,13332600,0.0,0.0
2019-07-22 00:00:00+09:00,713.5887270811028,717.65474420336,706.0919949248018,712.06396484375,10801800,0.0,0.0
2019-07-23 00:00:00+09:00,704.1861339587016,717.6548377903599,701.3907206483307,715.2406616210938,10923600,0.0,0.0
2019-07-24 00:00:00+09:00,721.7208869834963,726.2951741970563,720.7043476924457,724.3892211914062,11139000,0.0,0.0
2019-07-25 00:00:00+09:00,720.9585748517458,723.3727512021524,716.1301290868121,722.4833374023438,7807800,0.0,0.0
2019-07-26 00:00:00+09:00,709.776741155194,715.4945988981199,706.7272170256336,707.8707885742188,9839100,0.0,0.0
2019-07-29 00:00:00+09:00,705.8378378695564,706.4731864907258,698.9764077916927,702.2800903320312,8711400,0.0,0.0
2019-07-30 00:00:00+09:00,705.5836961424196,708.7602995161604,702.1529812503171,704.4401245117188,7331700,0.0,0.0
2019-07-31 00:00:00+09:00,694.1480081597282,697.9599137509404,687.9218801833982,688.8113403320312,15250500,0.0,0.0
2019-08-01 00:00:00+09:00,685.8888096353444,695.6726839259965,683.728699047453,691.8607788085938,10686300,0.0,0.0
2019-08-02 00:00:00+09:00,679.7898895470158,680.5522707141594,662.3821552092023,664.0339965820312,19175100,0.0,0.0
2019-08-05 00:00:00+09:00,663.9068731203481,665.3046028546225,648.0239487116289,652.0899658203125,18026100,0.0,0.0
2019-08-06 00:00:00+09:00,639.383563436044,651.3275017121738,631.8867857279567,650.6921997070312,18975600,0.0,0.0
2019-08-07 00:00:00+09:00,645.1014091623897,649.0403466663774,640.654155612406,644.5931396484375,13745400,0.0,0.0
2019-08-08 00:00:00+09:00,640.2730515649068,646.8803700102857,639.383637960449,644.2120361328125,8949600,0.0,0.0
2019-08-09 00:00:00+09:00,649.5486383817453,649.802749881385,642.3060185875826,645.9908447265625,10047300,0.0,0.0
2019-08-13 00:00:00+09:00,635.4446517967613,637.0964930369702,627.1855386598162,630.7432861328125,15561000,0.0,0.0
2019-08-14 00:00:00+09:00,636.9694854783896,637.0965645209873,630.9975149891775,634.174072265625,12024900,0.0,0.0
2019-08-15 00:00:00+09:00,618.418115337402,625.5336563482517,616.1309721697667,625.1524658203125,12753000,0.0,0.0
2019-08-16 00:00:00+09:00,617.6557599628268,626.1689844194066,617.0204113684799,624.7713012695312,10599600,0.0,0.0
2019-08-19 00:00:00+09:00,625.6608323329219,628.5832779893598,624.517260571874,628.2020874023438,7834200,0.0,0.0
2019-08-20 00:00:00+09:00,628.8373615912401,634.4281876403884,628.8373615912401,634.0469970703125,7460700,0.0,0.0
2019-08-21 00:00:00+09:00,626.4233047011206,632.2681968648907,624.771463072893,630.3622436523438,8620500,0.0,0.0
2019-08-22 00:00:00+09:00,628.5832647735464,631.3786778635754,625.6608191785522,629.2185668945312,9822000,0.0,0.0
2019-08-23 00:00:00+09:00,625.0255022249024,633.5387744317219,624.7713906700313,632.3952026367188,9532500,0.0,0.0
2019-08-26 00:00:00+09:00,613.7167539111081,624.8983583129245,612.9543728503489,623.3735961914062,12259500,0.0,0.0
2019-08-27 00:00:00+09:00,631.8868890230584,633.4116513102905,628.7103319460265,631.2515869140625,10554900,0.0,0.0
2019-08-28 00:00:00+09:00,630.7433352360524,634.17405047984,628.3291592340153,632.7763671875,9538800,0.0,0.0
2019-08-29 00:00:00+09:00,627.6937255859375,630.2350268141712,624.3900898276903,627.6937255859375,13831500,0.0,0.0
2019-08-30 00:00:00+09:00,633.9199120208538,641.5437233500282,633.0304518550996,641.2896118164062,13117200,0.0,0.0
2019-09-02 00:00:00+09:00,640.1460062746481,645.101483376632,639.1294671297982,643.5767211914062,8393100,0.0,0.0
2019-09-03 00:00:00+09:00,643.9579830289788,652.8523990727791,643.7038249486044,651.32763671875,9771600,0.0,0.0
2019-09-04 00:00:00+09:00,650.5652008261422,657.553709871694,647.1344858181161,654.8853759765625,13907400,0.0,0.0
2019-09-05 00:00:00+09:00,663.0175291275156,682.3311705868875,662.0009898445633,674.4532470703125,19403100,0.0,0.0
2019-09-06 00:00:00+09:00,683.0934966414478,697.8328497338904,682.2040364736787,694.7833251953125,18229500,0.0,0.0
2019-09-09 00:00:00+09:00,690.3360607789294,693.8938546260395,684.8723142515904,693.00439453125,13527600,0.0,0.0
2019-09-10 00:00:00+09:00,699.6116979634987,709.2684936523438,698.7222378874023,709.2684936523438,15983400,0.0,0.0
2019-09-11 00:00:00+09:00,717.9089330788236,735.8248901367188,716.2570917401065,735.8248901367188,20779200,0.0,0.0
2019-09-12 00:00:00+09:00,735.4437149907847,750.818370845209,729.3446656516269,744.4652099609375,25234800,0.0,0.0
2019-09-13 00:00:00+09:00,752.2159826526677,752.2159826526677,740.3990764120925,745.3545532226562,27138600,0.0,0.0
2019-09-17 00:00:00+09:00,740.5261902505014,745.1004770396919,735.8248709607565,744.083984375,13888800,0.0,0.0
2019-09-18 00:00:00+09:00,738.7473708374872,740.0180216609301,732.648321336249,736.2061157226562,11714400,0.0,0.0
2019-09-19 00:00:00+09:00,739.5096974193963,744.0839842075575,733.2835693359375,733.2835693359375,12027900,0.0,0.0
2019-09-20 00:00:00+09:00,738.62032249993,740.5262755482973,734.3001932783353,738.3662109375,19232400,0.0,0.0
2019-09-24 00:00:00+09:00,729.9799131663052,733.283549133833,726.422119140625,726.422119140625,17534400,0.0,0.0
2019-09-25 00:00:00+09:00,714.6053063837204,728.201135670152,712.6993533559081,726.8034057617188,13293000,0.0,0.0
2019-09-26 00:00:00+09:00,734.1729969187618,738.8743625308631,732.775313750645,736.5872192382812,14374500,0.0,0.0
2019-09-27 00:00:00+09:00,732.6098918893499,740.3080692227373,723.372079089285,728.7608032226562,13631400,9.333333,0.0
2019-09-30 00:00:00+09:00,727.6060834246817,728.6324914167469,716.0588173166509,718.1116333007812,16474200,0.0,0.0
2019-10-01 00:00:00+09:00,721.8324082751635,737.7419426611257,721.7040896639088,736.0740356445312,10435500,0.0,0.0
2019-10-02 00:00:00+09:00,717.3417846750375,726.194688310032,716.7002855808598,723.1154174804688,11610900,0.0,0.0
2019-10-03 00:00:00+09:00,702.2020029109849,708.2322254000562,700.5340490370121,703.7416381835938,12187500,0.0,0.0
2019-10-04 00:00:00+09:00,705.1530540430985,709.0021427660412,703.2285096816272,706.9492797851562,9295800,0.0,0.0
2019-10-07 00:00:00+09:00,703.100100774318,709.386960543119,692.4509723369893,700.5340576171875,12927300,0.0,0.0
2019-10-08 00:00:00+09:00,699.635944865123,707.719030416784,698.4812183577428,698.9944458007812,12558300,0.0,0.0
2019-10-09 00:00:00+09:00,687.7037035285892,704.1265102362028,686.2923869310355,703.869873046875,12339900,0.0,0.0
2019-10-10 00:00:00+09:00,700.7906880150792,709.7719100588606,696.6850093310943,709.5153198242188,10830900,0.0,0.0
2019-10-11 00:00:00+09:00,718.4964854601187,726.0663906351882,716.9568501005714,725.8097534179688,12712200,0.0,0.0
2019-10-15 00:00:00+09:00,739.9230691488588,744.7985651970403,737.8702064510213,744.0287475585938,13993500,0.0,0.0
2019-10-16 00:00:00+09:00,750.5721685450759,754.164666381288,745.4400354913353,749.2891235351562,15348000,0.0,0.0
2019-10-17 00:00:00+09:00,747.4930460512624,750.5723170957577,745.5685016484528,746.5949096679688,10722900,0.0,0.0
2019-10-18 00:00:00+09:00,746.9798780963432,748.7761510061258,743.38742624868,746.33837890625,9758400,0.0,0.0
2019-10-21 00:00:00+09:00,746.7232956960411,747.2365232451014,742.3609789939086,742.8742065429688,9342900,0.0,0.0
2019-10-23 00:00:00+09:00,731.3268890221748,739.2816570653455,725.0400281738611,738.2552490234375,18955200,0.0,0.0
2019-10-24 00:00:00+09:00,744.1572311461132,753.6516351299617,742.6175955278701,752.1119995117188,11837400,0.0,0.0
2019-10-25 00:00:00+09:00,752.1118782840298,753.1382862021022,748.0061996257976,750.7005615234375,8316000,0.0,0.0
2019-10-28 00:00:00+09:00,753.2666566858667,760.0666977100286,751.5987025914343,756.9874267578125,9036300,0.0,0.0
2019-10-29 00:00:00+09:00,763.4026537451915,771.357421875,761.73469954622,771.357421875,12732900,0.0,0.0
2019-10-30 00:00:00+09:00,771.3574535115049,776.7461782366352,763.7875939643769,766.3536376953125,28658400,0.0,0.0
2019-10-31 00:00:00+09:00,760.4515658155215,763.9157454510694,745.0552118797528,754.9345703125,15571500,0.0,0.0
2019-11-01 00:00:00+09:00,746.3382945960986,758.3987881147134,746.2099759781951,758.1421508789062,8187600,0.0,0.0
2019-11-05 00:00:00+09:00,777.002709248786,778.5423447671033,768.6630325198834,775.4630737304688,13125900,0.0,0.0
2019-11-06 00:00:00+09:00,782.1348382416293,783.931064006055,772.8970251915314,777.7725219726562,9570000,0.0,0.0
2019-11-07 00:00:00+09:00,771.6138837236118,779.5686975154653,770.3308856172673,773.41015625,10927500,0.0,0.0
2019-11-08 00:00:00+09:00,785.2140641212463,794.1952394130494,781.878203040229,788.2933349609375,15321000,0.0,0.0
2019-11-11 00:00:00+09:00,820.3691138200386,825.5012949862306,811.9011182649081,821.3955688476562,19548300,0.0,0.0
2019-11-12 00:00:00+09:00,814.4672091518026,828.58056640625,800.6104891473296,828.58056640625,13692300,0.0,0.0
2019-11-13 00:00:00+09:00,821.6522463714675,828.8371500012753,819.599336215607,823.4484252929688,9483300,0.0,0.0
2019-11-14 00:00:00+09:00,817.8029833059969,819.5991618453601,804.4594460193549,805.4859008789062,8595600,0.0,0.0
2019-11-15 00:00:00+09:00,801.380234375,810.3614096482595,797.5311458333333,808.30859375,9484800,0.0,0.0
2019-11-18 00:00:00+09:00,808.5653448352788,816.5200662936124,805.7426168593138,810.10498046875,6530700,0.0,0.0
2019-11-19 00:00:00+09:00,804.4594570355913,807.7953648959038,799.3273706113187,804.2028198242188,8579100,0.0,0.0
2019-11-20 00:00:00+09:00,799.5840181756276,801.1236537009798,791.1160227861903,793.4254760742188,7893900,0.0,0.0
2019-11-21 00:00:00+09:00,792.6556843221625,799.327501132218,785.4707339633973,796.2482299804688,9675300,0.0,0.0
2019-11-22 00:00:00+09:00,795.2217357149456,802.40673270526,792.9122824650474,797.5311889648438,7702200,0.0,0.0
2019-11-25 00:00:00+09:00,806.2558045301965,810.104893199227,805.4859867963905,807.2821655273438,7546500,0.0,0.0
2019-11-26 00:00:00+09:00,807.5388354963807,815.7501936658647,797.787841796875,797.787841796875,14480700,0.0,0.0
2019-11-27 00:00:00+09:00,803.1764338491406,810.8746102311711,802.4066162109375,802.4066162109375,9345000,0.0,0.0
2019-11-28 00:00:00+09:00,800.6103975612252,804.2028487904226,789.3197694324008,790.3461303710938,12345300,0.0,0.0
2019-11-29 00:00:00+09:00,796.7613552407956,799.8406261789244,785.2140892228131,787.0103149414062,9921600,0.0,0.0
2019-12-02 00:00:00+09:00,795.4783996890023,802.9199401981291,794.1953074146761,796.5047607421875,9797400,0.0,0.0
2019-12-03 00:00:00+09:00,786.4969510287947,798.5574417192363,783.4176808087615,796.7611694335938,10461000,0.0,0.0
2019-12-04 00:00:00+09:00,791.6292488461822,794.195245250192,781.8782087868443,793.1688842773438,9039300,0.0,0.0
2019-12-05 00:00:00+09:00,802.9198608398438,806.7689493385966,801.3802254403425,802.9198608398438,10052700,0.0,0.0
2019-12-06 00:00:00+09:00,802.4067127827257,808.8217978919039,801.1236205833773,806.7689819335938,8915400,0.0,0.0
2019-12-09 00:00:00+09:00,813.4406854094868,815.2369580637759,805.7425082795172,805.9991455078125,7188600,0.0,0.0
2019-12-10 00:00:00+09:00,805.999169162586,810.361438340298,804.4595336914062,804.4595336914062,9640800,0.0,0.0
2019-12-11 00:00:00+09:00,808.5653375093889,812.9276071073998,805.9992468195527,808.0520629882812,9885300,0.0,0.0
2019-12-12 00:00:00+09:00,803.1765723342785,804.4595706285406,795.7349379006293,798.814208984375,10106400,0.0,0.0
2019-12-13 00:00:00+09:00,815.4936568544509,828.8371022391149,813.4407468168905,826.5276489257812,21012000,0.0,0.0
2019-12-16 00:00:00+09:00,822.678466796875,827.8106473370059,819.8558332801227,822.678466796875,9707400,0.0,0.0
2019-12-17 00:00:00+09:00,833.1993918595084,836.2786626714661,820.6256713867188,820.6256713867188,10929900,0.0,0.0
2019-12-18 00:00:00+09:00,823.4484379795714,827.2975271162348,815.2370791453235,816.0068969726562,10812000,0.0,0.0
2019-12-19 00:00:00+09:00,810.874591559211,813.4405876462143,807.795321077305,811.6444091796875,9800100,0.0,0.0
2019-12-20 00:00:00+09:00,815.4935836814811,816.0067641588764,809.5915853179416,813.440673828125,10193400,0.0,0.0
2019-12-23 00:00:00+09:00,812.9276009737833,815.2370543856407,805.7426034795939,807.0256958007812,6608400,0.0,0.0
2019-12-24 00:00:00+09:00,807.0256322363696,808.0519932461995,802.1500885380539,802.6632690429688,4706100,0.0,0.0
2019-12-25 00:00:00+09:00,801.8934313442732,801.8934313442732,798.0443427234657,798.5576171875,3362700,0.0,0.0
2019-12-26 00:00:00+09:00,799.5839215200692,808.8217335554945,798.0442861808316,806.2557373046875,6106500,0.0,0.0
2019-12-27 00:00:00+09:00,813.2464114248468,815.3176855471502,809.3627131849955,811.6929321289062,5804100,9.333333,0.0
2019-12-30 00:00:00+09:00,802.6309540837585,806.7735020853182,799.0061060613363,802.3720092773438,8989200,0.0,0.0
2020-01-06 00:00:00+09:00,794.0867322060454,795.6402587432738,775.7039274541019,778.5519409179688,14580900,0.0,0.0
2020-01-07 00:00:00+09:00,784.5071694477873,800.5597597912617,783.2125873587587,799.7830200195312,11294400,0.0,0.0
2020-01-08 00:00:00+09:00,781.6590113641885,787.8729287712795,775.0567241191542,783.471435546875,14103300,0.0,0.0
2020-01-09 00:00:00+09:00,794.3457841434555,796.6759557425465,789.9442435486676,793.8279418945312,9338700,0.0,0.0
2020-01-10 00:00:00+09:00,800.8186115938074,803.1488306382123,792.2744750976562,792.2744750976562,8653500,0.0,0.0
2020-01-14 00:00:00+09:00,792.0155192096381,796.6759095460072,791.2387795855059,795.899169921875,8302200,0.0,0.0
2020-01-15 00:00:00+09:00,791.756561828547,794.8635202757597,784.7659053223185,787.8728637695312,7950300,0.0,0.0
2020-01-16 00:00:00+09:00,776.7396821160717,785.5427160439112,776.3513122750137,782.6947021484375,7656600,0.0,0.0
2020-01-17 00:00:00+09:00,784.5069437914109,794.3456605394563,782.9534646947942,792.0154418945312,9733200,0.0,0.0
2020-01-20 00:00:00+09:00,792.0155651359372,797.1938453998978,790.7209832178404,793.8279418945312,6155700,0.0,0.0
2020-01-21 00:00:00+09:00,790.7209297580134,794.6046278413043,785.0248550386615,785.2837524414062,7461000,0.0,0.0
2020-01-22 00:00:00+09:00,783.2125590710099,786.3195180457159,778.5521206089508,784.5071411132812,10849200,0.0,0.0
2020-01-23 00:00:00+09:00,781.4000017902564,783.7302204834679,778.0341461473133,778.5519409179688,10308600,0.0,0.0
2020-01-24 00:00:00+09:00,775.8334491772051,775.8334491772051,764.7001965020762,766.5125732421875,11532000,0.0,0.0
2020-01-27 00:00:00+09:00,747.7412868896348,760.0396472560195,747.0939723277485,753.5668334960938,14058300,0.0,0.0
2020-01-28 00:00:00+09:00,742.304236909717,745.2817232145916,734.6662651148227,737.643798828125,19565100,0.0,0.0
2020-01-29 00:00:00+09:00,745.5405251779105,752.4017564140125,743.5986762258857,751.4955444335938,15644700,0.0,0.0
2020-01-30 00:00:00+09:00,747.0939902878591,749.4242089864612,735.1839994089227,737.902587890625,13259700,0.0,0.0
2020-01-31 00:00:00+09:00,736.7375632679183,741.3980012010838,732.4654951625166,732.9833374023438,17220300,0.0,0.0
2020-02-03 00:00:00+09:00,720.4258487699379,734.5366314219652,717.7072606613722,727.41650390625,12617100,0.0,0.0
2020-02-04 00:00:00+09:00,717.1896156949825,728.4523409549658,714.3416018325589,727.2872314453125,15355800,0.0,0.0
2020-02-05 00:00:00+09:00,732.3360460740267,741.0096549731322,732.0771486500809,737.643798828125,11774400,0.0,0.0
2020-02-06 00:00:00+09:00,750.5894430121549,766.2537093352493,749.6832783066832,760.4281616210938,18352800,0.0,0.0
2020-02-07 00:00:00+09:00,749.0358853858131,751.7544740351324,738.6793730007382,739.844482421875,15473400,0.0,0.0
2020-02-10 00:00:00+09:00,739.9739236934354,766.900864243393,739.9739236934354,761.0753173828125,16176300,0.0,0.0
2020-02-12 00:00:00+09:00,760.6869546480884,767.807083346539,754.3436129466756,765.865234375,18628500,0.0,0.0
2020-02-13 00:00:00+09:00,765.9947435100162,776.6101534578884,765.0885314770322,774.5388793945312,15947700,0.0,0.0
2020-02-14 00:00:00+09:00,766.6419540272902,769.748912300957,758.3567161613718,766.383056640625,19602000,0.0,0.0
2020-02-17 00:00:00+09:00,760.6868864351779,767.1597473654834,756.2853940999983,764.8295288085938,16317000,0.0,0.0
2020-02-18 00:00:00+09:00,764.8296952993451,775.3156810879739,763.146743505768,770.78466796875,15487200,0.0,0.0
2020-02-19 00:00:00+09:00,770.7847016139622,776.2218796676243,765.8653658444113,770.2669067382812,14310300,0.0,0.0
2020-02-20 00:00:00+09:00,781.6589196104178,793.8278555736828,781.6589196104178,787.3550415039062,17080500,0.0,0.0
2020-02-21 00:00:00+09:00,790.7209785966036,799.524059734731,786.8372802734375,786.8372802734375,16166700,0.0,0.0
2020-02-25 00:00:00+09:00,751.366202483161,770.2669005032799,751.366202483161,759.9103393554688,18717000,0.0,0.0
2020-02-26 00:00:00+09:00,749.1653141230173,765.0884752837451,740.6211788660415,762.6287841796875,23898000,0.0,0.0
2020-02-27 00:00:00+09:00,753.825885645878,761.2049128624012,751.7545639577282,757.0623168945312,24849300,0.0,0.0
2020-02-28 00:00:00+09:00,733.2421777927574,739.1971971581473,717.5779134883743,724.8275146484375,25368600,0.0,0.0
2020-03-02 00:00:00+09:00,705.5385152768965,731.3003967099553,704.7617756096528,724.0508422851562,19521900,0.0,0.0
2020-03-03 00:00:00+09:00,729.8763527886196,737.773174066319,715.377197265625,715.377197265625,18358500,0.0,0.0
2020-03-04 00:00:00+09:00,705.4090539263494,715.1182992666442,699.5835067221726,709.810546875,16194000,0.0,0.0
2020-03-05 00:00:00+09:00,726.7694366021958,727.4167038603052,714.0826570025733,727.2872314453125,20449800,0.0,0.0
2020-03-06 00:00:00+09:00,710.1989065309249,710.587276338982,691.9455255522416,695.8292236328125,21507600,0.0,0.0
2020-03-09 00:00:00+09:00,663.8535350497375,669.2907128594823,641.069139288998,646.3768920898438,25051500,0.0,0.0
2020-03-10 00:00:00+09:00,645.3411285301534,662.8177693496016,620.614933988408,658.2868041992188,24730800,0.0,0.0
2020-03-11 00:00:00+09:00,655.6976366874597,680.1649319188909,648.4480361243861,649.354248046875,24878700,0.0,0.0
2020-03-12 00:00:00+09:00,636.9264378004808,648.7070035707354,624.1102350886418,631.1008911132812,29031900,0.0,0.0
2020-03-13 00:00:00+09:00,579.318310904212,621.3917247360223,567.4083186495803,592.9112548828125,42752700,0.0,0.0
2020-03-16 00:00:00+09:00,590.3220827588706,599.7724301497036,569.0912166378939,572.9749145507812,23751000,0.0,0.0
2020-03-17 00:00:00+09:00,557.0517774334143,589.545368920702,548.8960114602029,579.44775390625,33089100,0.0,0.0
2020-03-18 00:00:00+09:00,578.9299986769488,613.7538616544513,571.6804436365421,589.2865600585938,24375900,0.0,0.0
2020-03-19 00:00:00+09:00,601.0669411910787,628.252825526361,584.1081434323521,587.4739990234375,35977500,0.0,0.0
2020-03-23 00:00:00+09:00,574.5285234604793,585.6617775221478,560.9355776957079,574.0106811523438,32929500,0.0,0.0
2020-03-24 00:00:00+09:00,595.2413902326879,608.3165375428649,586.0499880649594,607.1514282226562,20709600,0.0,0.0
2020-03-25 00:00:00+09:00,620.0970917402648,673.174328793199,620.0970917402648,671.620849609375,25584000,0.0,0.0
2020-03-26 00:00:00+09:00,660.2287905674032,675.5046881911852,648.3187968148803,654.53271484375,17568000,0.0,0.0
2020-03-27 00:00:00+09:00,665.406947540518,667.6076939633018,637.0559518108373,664.1123657226562,29430300,0.0,0.0
2020-03-30 00:00:00+09:00,641.3383622641292,666.9918641611679,637.4118009603318,665.1594848632812,20344200,9.333333,0.0
2020-03-31 00:00:00+09:00,666.8609195562378,667.515330373505,630.0821017518134,636.1028442382812,23101200,0.0,0.0
2020-04-01 00:00:00+09:00,627.2026983029036,636.1028873336463,595.1357512462575,601.156494140625,18504000,0.0,0.0
2020-04-02 00:00:00+09:00,596.444764184454,596.5756655608822,572.3618347532189,581.7855834960938,21688200,0.0,0.0
2020-04-03 00:00:00+09:00,628.1189592803472,636.1029839032668,559.011474609375,559.011474609375,18641100,0.0,0.0
2020-04-06 00:00:00+09:00,568.0424544321089,608.3551778349467,564.6394510013438,600.3711547851562,18512100,0.0,0.0
2020-04-07 00:00:00+09:00,615.2922043713505,625.6321659229881,599.3242031323815,616.60107421875,17245500,0.0,0.0
2020-04-08 00:00:00+09:00,623.014437434403,634.6632690429688,606.1302222053906,634.6632690429688,17461200,0.0,0.0
2020-04-09 00:00:00+09:00,632.4381924586529,634.2706198845556,620.7894086530107,633.0926513671875,12246600,0.0,0.0
2020-04-10 00:00:00+09:00,629.9512872174199,633.0925360247677,613.3288296346535,631.5219116210938,14215200,0.0,0.0
2020-04-13 00:00:00+09:00,621.7055868427211,627.3336263719063,609.4023448315315,611.6273803710938,9680700,0.0,0.0
2020-04-14 00:00:00+09:00,611.103929144043,629.0352123966044,603.3816588351689,625.7630615234375,16560300,0.0,0.0
2020-04-15 00:00:00+09:00,620.5275938419013,622.490874514327,610.4493877690113,620.658447265625,12927900,0.0,0.0
2020-04-16 00:00:00+09:00,599.3242408307367,601.8110313860601,594.0888090434827,596.83740234375,13767600,0.0,0.0
2020-04-17 00:00:00+09:00,609.9259097344295,648.5370663332895,609.9259097344295,646.4429321289062,24948900,0.0,0.0
2020-04-20 00:00:00+09:00,636.8883037248722,649.8459572531834,634.0088091858049,641.7310791015625,13581900,0.0,0.0
2020-04-21 00:00:00+09:00,635.9719707259891,635.9719707259891,619.0877586896208,624.9776000976562,14798700,0.0,0.0
2020-04-22 00:00:00+09:00,616.3392050214179,620.3966675586188,609.0096401160871,613.328857421875,8775600,0.0,0.0
2020-04-23 00:00:00+09:00,628.249751642065,640.42209058013,622.8834676573397,637.4117431640625,12891000,0.0,0.0
2020-04-24 00:00:00+09:00,628.3806810076985,641.3383327131802,624.061463772538,640.422119140625,14606700,0.0,0.0
2020-04-27 00:00:00+09:00,638.3281070593416,663.5890063144103,636.3648259755712,663.1963500976562,15516300,0.0,0.0
2020-04-28 00:00:00+09:00,653.1180557296145,661.2329332322848,646.8355575516355,649.976806640625,13131600,0.0,0.0
2020-04-30 00:00:00+09:00,677.8552929275343,692.3835678341736,676.6773246918608,683.3524780273438,21383400,0.0,0.0
2020-05-01 00:00:00+09:00,665.8137794961177,667.1226490126955,640.5529381408676,642.9088745117188,16170300,0.0,0.0
2020-05-07 00:00:00+09:00,623.668930001105,634.1397457388703,623.1453724381345,628.5116577148438,11595300,0.0,0.0
2020-05-08 00:00:00+09:00,634.5322225223478,664.8976418875976,630.3439069977668,664.3740844726562,15223800,0.0,0.0
2020-05-11 00:00:00+09:00,675.2375865132225,689.6350087126561,670.1330572445411,684.2686767578125,11603400,0.0,0.0
2020-05-12 00:00:00+09:00,667.5155040908795,670.3949987131982,657.568198248775,660.4476928710938,13718100,0.0,0.0
2020-05-13 00:00:00+09:00,643.8251481080022,669.2169429883459,643.0398358525617,660.1858520507812,14837100,0.0,0.0
2020-05-14 00:00:00+09:00,641.3383588960296,647.3590542424625,631.9146118164062,631.9146118164062,13554600,0.0,0.0
2020-05-15 00:00:00+09:00,645.5266609542937,652.7253724612133,633.485222590921,642.1236572265625,11247600,0.0,0.0
2020-05-18 00:00:00+09:00,646.5737042701685,652.070889745956,641.8618310052078,651.1547241210938,9655500,0.0,0.0
2020-05-19 00:00:00+09:00,677.9861353615206,682.6980082279674,673.1434090921055,675.106689453125,17001600,0.0,0.0
2020-05-20 00:00:00+09:00,669.740571318038,677.7245966415583,667.5155355102254,673.7980346679688,13267500,0.0,0.0
2020-05-21 00:00:00+09:00,676.4157057905222,680.0805128299525,668.5625820857883,669.217041015625,9478500,0.0,0.0
2020-05-22 00:00:00+09:00,677.9863195503784,678.7716319081323,660.0550366922167,660.4476928710938,9507300,0.0,0.0
2020-05-25 00:00:00+09:00,671.1802821930714,688.4571533203125,667.777230168114,688.4571533203125,9587100,0.0,0.0
2020-05-26 00:00:00+09:00,701.5455717115805,724.9740850459225,701.2838169471236,718.1680297851562,19600500,0.0,0.0
2020-05-27 00:00:00+09:00,731.2566321912694,738.7170988324366,717.5136673259615,735.968505859375,24582900,0.0,0.0
2020-05-28 00:00:00+09:00,749.0569849510719,764.3705738220503,746.5701947811622,758.6116333007812,30153900,0.0,0.0
2020-05-29 00:00:00+09:00,736.0993404877372,747.8790243571977,728.769775390625,728.769775390625,24869400,0.0,0.0
2020-06-01 00:00:00+09:00,732.9581559061668,739.2406545223101,725.2359340010441,731.5184326171875,9229500,0.0,0.0
2020-06-02 00:00:00+09:00,740.2877346449317,743.6907385908664,734.6596472563417,739.3715209960938,11079900,0.0,0.0
2020-06-03 00:00:00+09:00,757.8262410269629,762.0145566063717,752.1981545205302,758.4806518554688,15072300,0.0,0.0
2020-06-04 00:00:00+09:00,771.5692647298176,774.3178575303818,753.7688382346596,763.323486328125,20122800,0.0,0.0
2020-06-05 00:00:00+09:00,770.3912390751661,794.7359163548095,767.5117451401419,792.1182250976562,21480000,0.0,0.0
2020-06-08 00:00:00+09:00,807.3010102784209,809.6569470788443,793.427144254264,795.7830810546875,17515200,0.0,0.0
2020-06-09 00:00:00+09:00,795.7829832713406,799.4477893766759,783.2179885463634,792.1182250976562,11906400,0.0,0.0
2020-06-10 00:00:00+09:00,776.1502499866381,799.1861077099854,775.4958390954216,795.5213012695312,11339400,0.0,0.0
2020-06-11 00:00:00+09:00,764.1087040367443,772.2235800859545,748.6642161382646,750.4966430664062,20245800,0.0,0.0
2020-06-12 00:00:00+09:00,727.7226578328494,741.7273761503354,718.6915674932742,737.0155029296875,23418600,0.0,0.0
2020-06-15 00:00:00+09:00,730.0786062989484,741.5964868486919,715.9429864074557,717.5136108398438,12700800,0.0,0.0
2020-06-16 00:00:00+09:00,742.381795868278,777.7208454448443,741.9891397618717,773.0089721679688,23023200,0.0,0.0
2020-06-17 00:00:00+09:00,775.3649946551529,777.4591767650732,754.0307091327055,763.9779663085938,15369900,0.0,0.0
2020-06-18 00:00:00+09:00,756.5174534101258,769.6060069199974,754.9468289062074,759.1351928710938,10084500,0.0,0.0
2020-06-19 00:00:00+09:00,757.4336057544955,759.2659848836481,747.0936459627619,752.0673217773438,18228600,0.0,0.0
2020-06-22 00:00:00+09:00,756.910058330648,756.910058330648,746.0465888906854,746.177490234375,9737100,0.0,0.0
2020-06-23 00:00:00+09:00,758.3498125418942,760.0512903139596,739.7640749367541,753.637939453125,12587700,0.0,0.0
2020-06-24 00:00:00+09:00,740.5494741025058,752.8527157010815,740.5494741025058,747.3555297851562,11609700,0.0,0.0
2020-06-25 00:00:00+09:00,735.3139563106479,739.5023198979076,722.0945505717608,727.5917358398438,14334900,0.0,0.0
2020-06-26 00:00:00+09:00,735.0522782614822,737.4082150507818,724.4505627096339,726.6755981445312,12524400,0.0,0.0
2020-06-29 00:00:00+09:00,721.4193192397441,723.6532063732949,709.8555691200758,711.82666015625,12756900,3.666667,0.0
2020-06-30 00:00:00+09:00,722.7335041427034,735.0856444032444,722.7335041427034,724.178955078125,11784000,0.0,0.0
2020-07-01 00:00:00+09:00,724.0475009881856,726.8070287300383,704.4680106701077,709.46142578125,10406400,0.0,0.0
2020-07-02 00:00:00+09:00,722.6019897460938,729.6979176323074,712.6151122358275,722.6019897460938,12027000,0.0,0.0
2020-07-03 00:00:00+09:00,735.7425928520581,738.2392760695544,718.3969918270378,727.726806640625,10275900,0.0,0.0
2020-07-06 00:00:00+09:00,725.8870830585964,740.604529526278,723.9159921814662,739.421875,8299500,0.0,0.0
2020-07-07 00:00:00+09:00,740.3418433212653,740.7360615551956,723.5218813810164,727.3326416015625,9050400,0.0,0.0
2020-07-08 00:00:00+09:00,725.3614999602017,730.4863366447031,715.9002630041991,716.4259033203125,11807700,0.0,0.0
2020-07-09 00:00:00+09:00,718.6597164523316,723.2589123471598,712.8778660597761,714.19189453125,9296400,0.0,0.0
2020-07-10 00:00:00+09:00,706.9647183198938,707.753154790837,692.6414397236438,692.9042358398438,13647000,0.0,0.0
2020-07-13 00:00:00+09:00,714.849031716129,738.1079059393895,711.8266600462359,734.0343017578125,14472900,0.0,0.0
2020-07-14 00:00:00+09:00,722.2077576977978,735.6111767817089,720.8936809625167,724.96728515625,8430000,0.0,0.0
2020-07-15 00:00:00+09:00,742.4443371994288,754.5336800164528,741.7872747451609,747.8319702148438,12286200,0.0,0.0
2020-07-16 00:00:00+09:00,743.7583502311387,752.5625730811448,739.684794087535,747.0435180664062,12066000,0.0,0.0
2020-07-17 00:00:00+09:00,746.9121860375992,747.4378264288939,738.1080102480778,740.0791015625,7495500,0.0,0.0
2020-07-20 00:00:00+09:00,743.3640923340931,743.4955144396373,732.8516231936828,735.0855102539062,7058700,0.0,0.0
2020-07-21 00:00:00+09:00,739.8162354731495,739.8162354731495,722.3392584159292,726.6756591796875,11490900,0.0,0.0
2020-07-22 00:00:00+09:00,731.1434467559784,741.9187618530749,727.3326863012345,728.7781372070312,11080200,0.0,0.0
2020-07-27 00:00:00+09:00,711.6952414294748,725.3614557137372,708.1472777873967,724.8358154296875,12191400,0.0,0.0
2020-07-28 00:00:00+09:00,717.6085751214736,719.5796662011678,709.7242108026965,712.6151123046875,10322100,0.0,0.0
2020-07-29 00:00:00+09:00,708.0159248024831,714.5862124439825,695.6637378390163,698.5546875,13629900,0.0,0.0
2020-07-30 00:00:00+09:00,704.3364075495377,706.1761243195748,695.9264524837456,700.3942260742188,9563700,0.0,0.0
2020-07-31 00:00:00+09:00,686.8594851533978,687.7792954831258,662.8121764012246,663.3377685546875,14474400,0.0,0.0
2020-08-03 00:00:00+09:00,679.2379665004728,687.516548796764,673.981707731889,685.6768798828125,11432400,0.0,0.0
2020-08-04 00:00:00+09:00,696.8463698496033,727.201171875,692.509969560261,727.201171875,15712200,0.0,0.0
2020-08-05 00:00:00+09:00,716.4259153977131,743.2327538916262,715.9002750727386,742.9699096679688,15007800,0.0,0.0
2020-08-06 00:00:00+09:00,703.5481298904208,724.3103224234454,695.926609401193,696.0579833984375,23048100,0.0,0.0
2020-08-07 00:00:00+09:00,685.9395685825215,697.3718947255635,668.9881884393902,669.6452026367188,20802900,0.0,0.0
2020-08-11 00:00:00+09:00,693.0356029179061,714.9804002421794,691.7215261965841,712.352294921875,25957200,0.0,0.0
2020-08-12 00:00:00+09:00,712.3523002134857,724.4416425234973,712.2208781036754,724.0474243164062,14180400,0.0,0.0
2020-08-13 00:00:00+09:00,724.7045126087623,733.7715316954697,717.3457403988592,726.1499633789062,13431900,0.0,0.0
2020-08-14 00:00:00+09:00,721.9450926057108,723.259121457099,713.2722904482143,715.374755859375,13735200,0.0,0.0
2020-08-17 00:00:00+09:00,715.3745795957531,732.8516017386,714.5861432302462,720.3680419921875,9789900,0.0,0.0
2020-08-18 00:00:00+09:00,725.3614337198538,727.5953206452417,709.1984887293571,710.1183471679688,8821200,0.0,0.0
2020-08-19 00:00:00+09:00,699.0803289146531,715.6374942195607,698.2918924715623,713.92919921875,6540600,0.0,0.0
2020-08-20 00:00:00+09:00,704.5993054352364,711.3010144540946,696.7149418836385,697.7661743164062,13741500,0.0,0.0
2020-08-21 00:00:00+09:00,705.650589292144,710.3812077678455,696.4521484375,696.4521484375,8438700,0.0,0.0
2020-08-24 00:00:00+09:00,696.4521445863696,696.714988804015,686.9909076872839,690.1446533203125,6730200,0.0,0.0
2020-08-25 00:00:00+09:00,702.62824672888,714.3233704919608,702.3654025168972,709.3299560546875,12956700,0.0,0.0
2020-08-26 00:00:00+09:00,706.4390218594356,715.2432444598475,706.3075997506015,712.352294921875,10819500,0.0,0.0
2020-08-27 00:00:00+09:00,705.519082544764,709.329890163474,701.8397451421711,707.4901733398438,10395000,0.0,0.0
2020-08-28 00:00:00+09:00,715.3746398162594,731.4062126793334,704.7307479859104,712.6151123046875,16307100,0.0,0.0
2020-08-31 00:00:00+09:00,719.054024431999,727.595403052783,716.1630748134585,717.21435546875,11196600,0.0,0.0
2020-09-01 00:00:00+09:00,710.7755104870083,714.9804891468337,705.6506731956433,709.8556518554688,10355400,0.0,0.0
2020-09-02 00:00:00+09:00,705.9134054814349,710.6440240917848,700.9199907668459,701.314208984375,9845400,0.0,0.0
2020-09-03 00:00:00+09:00,712.0894062472842,716.1629617457992,705.6504937089758,708.5414428710938,9066600,0.0,0.0
2020-09-04 00:00:00+09:00,718.7913687146868,736.1369735689748,718.3971504225439,724.3104248046875,17733900,0.0,0.0
2020-09-07 00:00:00+09:00,725.4929691554582,732.9831155650827,718.7912592100048,721.025146484375,10570500,0.0,0.0
2020-09-08 00:00:00+09:00,722.3392403178539,722.7334585592275,708.2787576272959,709.5928344726562,11977800,0.0,0.0
2020-09-09 00:00:00+09:00,699.2118070924973,701.8399610426341,687.2538846720656,694.6126098632812,22419600,0.0,0.0
2020-09-10 00:00:00+09:00,699.4745400100193,702.4968636369625,690.8017392243778,701.314208984375,15486900,0.0,0.0
2020-09-11 00:00:00+09:00,688.1736153717824,698.5547115885406,687.3851789027209,697.5034790039062,17573700,0.0,0.0
2020-09-14 00:00:00+09:00,696.4522109849593,709.5928350828301,694.3497457773876,707.3589477539062,19629600,0.0,0.0
2020-09-15 00:00:00+09:00,704.8622289189437,709.46142578125,700.2630320566376,709.46142578125,14846400,0.0,0.0
2020-09-16 00:00:00+09:00,698.0290197490567,700.0001107763246,686.2024735854487,691.0645141601562,19288500,0.0,0.0
2020-09-17 00:00:00+09:00,682.7859849798368,689.2248988774331,680.6834716796875,680.6834716796875,15232200,0.0,0.0
2020-09-18 00:00:00+09:00,685.9396519973001,698.9488522938007,683.8371389389047,686.7280883789062,20888400,0.0,0.0
2020-09-23 00:00:00+09:00,668.4627927834078,670.9595246424847,661.1040674650098,667.4115600585938,27082800,0.0,0.0
2020-09-24 00:00:00+09:00,659.6585006842217,661.6295917737938,638.1078726900067,639.29052734375,31207800,0.0,0.0
2020-09-25 00:00:00+09:00,647.8319908762903,650.3286743164062,640.8674365500459,650.3286743164062,22863900,0.0,0.0
2020-09-28 00:00:00+09:00,644.9409675852477,648.2261352539062,633.9028581155735,648.2261352539062,25648500,0.0,0.0
2020-09-29 00:00:00+09:00,655.509579274267,659.482364603202,648.6234018721416,654.9798583984375,22231500,6.333333,0.0
2020-09-30 00:00:00+09:00,641.7372768314915,662.6605968579441,641.6048344877577,655.1123046875,25735200,0.0,0.0
2020-10-02 00:00:00+09:00,662.1307996547654,670.0763694446061,659.2174563957633,661.3362426757812,21493500,0.0,0.0
2020-10-05 00:00:00+09:00,675.7708040592728,686.4973247586264,674.7114107727901,678.4193115234375,16549800,0.0,0.0
2020-10-06 00:00:00+09:00,698.9454992731072,698.9454992731072,690.3377639485536,692.721435546875,17798700,0.0,0.0
2020-10-07 00:00:00+09:00,683.7164084321241,695.5023229951656,681.2002946955977,693.5159301757812,10860300,0.0,0.0
2020-10-08 00:00:00+09:00,696.5617159735218,696.5617159735218,688.616145253276,688.8809814453125,10666500,0.0,0.0
2020-10-09 00:00:00+09:00,688.8810561228177,688.8810561228177,679.8760911623359,683.848876953125,11278200,0.0,0.0
2020-10-12 00:00:00+09:00,672.7250309015214,674.97625986427,669.1495239334353,671.268310546875,9006900,0.0,0.0
2020-10-13 00:00:00+09:00,680.6705975662662,682.789384166086,671.9304694782383,678.2869262695312,9407400,0.0,0.0
2020-10-14 00:00:00+09:00,665.0443604237935,672.3278174141323,659.879738747862,671.4008178710938,8364300,0.0,0.0
2020-10-15 00:00:00+09:00,668.0900287411156,671.797977762194,665.5739637767349,669.414306640625,8575200,0.0,0.0
2020-10-16 00:00:00+09:00,672.7250409766631,678.4193346434702,669.8116487196544,670.3413696289062,10022700,0.0,0.0
2020-10-19 00:00:00+09:00,674.1817472256334,684.6434326171875,672.8574691329536,684.6434326171875,9822900,0.0,0.0
2020-10-20 00:00:00+09:00,677.0951453813727,680.9354888380619,675.7708672774465,679.3463745117188,11017500,0.0,0.0
2020-10-21 00:00:00+09:00,681.8624052830181,692.3240409928627,679.876012617109,691.6619262695312,8192700,0.0,0.0
2020-10-22 00:00:00+09:00,681.3327123167203,686.7621696606442,675.3735340748831,678.2869262695312,9023700,0.0,0.0
2020-10-23 00:00:00+09:00,688.0864957587663,688.0864957587663,679.346367059752,683.3191528320312,7569300,0.0,0.0
2020-10-26 00:00:00+09:00,679.3463687423884,685.0407111953995,676.962697273117,684.6434326171875,4913400,0.0,0.0
2020-10-27 00:00:00+09:00,682.1272795999535,683.0542790611629,669.5468081779956,672.7250366210938,8055900,0.0,0.0
2020-10-28 00:00:00+09:00,663.4552696692224,664.3822692452458,654.7151403681908,656.9663696289062,13741200,0.0,0.0
2020-10-29 00:00:00+09:00,644.6505603268505,660.6741425881997,641.869610839107,657.6283569335938,9442800,0.0,0.0
2020-10-30 00:00:00+09:00,656.8338216500508,661.2038852752518,644.2533031256826,644.9154663085938,11874000,0.0,0.0
2020-11-02 00:00:00+09:00,648.8883264955538,671.0034833557891,648.8883264955538,668.6198120117188,11815800,0.0,0.0
2020-11-04 00:00:00+09:00,678.1543657630665,685.3053784073168,667.5602891220726,675.9031372070312,13407600,0.0,0.0
2020-11-05 00:00:00+09:00,663.9848503787424,673.3870925359658,659.2175081307003,669.0170288085938,16575000,0.0,0.0
2020-11-06 00:00:00+09:00,672.8574070565595,688.3512701773935,671.5331775819704,685.835205078125,15512100,0.0,0.0
2020-11-09 00:00:00+09:00,723.5767277603966,753.5050147600342,723.3118430463298,750.459228515625,38541000,0.0,0.0
2020-11-10 00:00:00+09:00,773.3688320198584,787.2735801464752,763.8341475901783,775.355224609375,26615700,0.0,0.0
2020-11-11 00:00:00+09:00,784.7576139414539,793.1004638671875,778.7984354230728,793.1004638671875,24618600,0.0,0.0
2020-11-12 00:00:00+09:00,790.5843732032232,792.5707661007187,774.8256723817321,780.7848510742188,19437900,0.0,0.0
2020-11-13 00:00:00+09:00,780.5198515848724,780.6522939238705,762.1126457720685,771.7797241210938,15722100,0.0,0.0
2020-11-16 00:00:00+09:00,788.200641642332,813.0967478944926,787.9358054414943,809.1239624023438,21402900,0.0,0.0
2020-11-17 00:00:00+09:00,809.1238945286101,813.0966796875,797.4704237264747,813.0966796875,17676000,0.0,0.0
2020-11-18 00:00:00+09:00,800.1189312145168,802.2377661317959,780.3874477520549,782.3738403320312,18354000,0.0,0.0
2020-11-19 00:00:00+09:00,792.041038369661,795.8814302691615,777.3417310542654,784.3603515625,15278400,0.0,0.0
2020-11-20 00:00:00+09:00,781.4468222835608,791.3787849460361,775.4876446860756,788.4653930664062,13832700,0.0,0.0
2020-11-24 00:00:00+09:00,815.2155815451958,817.8641375325489,805.1511754842707,809.9185180664062,19997100,0.0,0.0
2020-11-25 00:00:00+09:00,821.042308749867,837.4631219476432,805.1511194200326,809.6536254882812,20249400,0.0,0.0
2020-11-26 00:00:00+09:00,794.8219101233368,799.5892525669208,790.4518462167182,793.4976806640625,14109900,0.0,0.0
2020-11-27 00:00:00+09:00,789.7896709200401,793.3651774785312,776.1497593649368,788.4653930664062,19584900,0.0,0.0
2020-11-30 00:00:00+09:00,781.5793219595508,788.8627294491178,759.8613963469592,760.5235595703125,35448300,0.0,0.0
2020-12-01 00:00:00+09:00,769.6609485374673,776.5470773361342,762.3774927161977,767.9393920898438,17390700,0.0,0.0
2020-12-02 00:00:00+09:00,788.465430114755,807.2699631379313,784.6250872034519,807.005126953125,28977600,0.0,0.0
2020-12-03 00:00:00+09:00,807.5349067450188,821.8369840494524,803.032448524804,817.0696411132812,19668900,0.0,0.0
2020-12-04 00:00:00+09:00,815.7452925033514,831.6364351949221,814.9507353687728,828.9879760742188,15603300,0.0,0.0
2020-12-07 00:00:00+09:00,837.9927743691806,838.787331391968,824.7501896533317,825.8096313476562,10113600,0.0,0.0
2020-12-08 00:00:00+09:00,819.1884120900692,820.247853941652,805.9457769126375,816.5398559570312,10911600,0.0,0.0
2020-12-09 00:00:00+09:00,818.1289483646776,832.4309765153885,816.0101617099991,828.4581909179688,11361900,0.0,0.0
2020-12-10 00:00:00+09:00,832.6956443463472,832.6956443463472,821.0421752929688,821.0421752929688,10365000,0.0,0.0
2020-12-11 00:00:00+09:00,816.8046928546137,822.3665925141296,802.5026651587158,811.5076293945312,15555300,0.0,0.0
2020-12-14 00:00:00+09:00,796.6759498489827,811.7725350284938,795.351671825825,804.6215209960938,13771800,0.0,0.0
2020-12-15 00:00:00+09:00,802.767381900351,813.0966225880978,798.5297608604246,810.7129516601562,7839900,0.0,0.0
2020-12-16 00:00:00+09:00,820.5125979811983,821.8369244731367,805.1511769101949,809.1239624023438,9032100,0.0,0.0
2020-12-17 00:00:00+09:00,809.123981598676,811.2428167433966,799.5892961913098,800.91357421875,10598100,0.0,0.0
2020-12-18 00:00:00+09:00,810.4482343579466,820.5125918657678,805.6808918028999,819.4532470703125,18362100,0.0,0.0
2020-12-21 00:00:00+09:00,815.7453415486868,815.7453415486868,792.1735108029189,798.5299682617188,12304800,0.0,0.0
2020-12-22 00:00:00+09:00,793.7625845638747,796.1462559889915,786.081849362081,789.9222412109375,10755000,0.0,0.0
2020-12-23 00:00:00+09:00,782.5062488954818,786.611476469973,764.8936000189349,771.514892578125,11772000,0.0,0.0
2020-12-24 00:00:00+09:00,785.2872446788144,792.5707008688124,776.5471166491834,780.2550659179688,8400300,0.0,0.0
2020-12-25 00:00:00+09:00,778.6659621299442,784.4926980622096,775.8850122651944,776.81201171875,5074800,0.0,0.0
2020-12-28 00:00:00+09:00,778.6658978514016,781.3144051481769,766.4827060911398,773.76611328125,9142200,0.0,0.0
2020-12-29 00:00:00+09:00,780.5804852521379,783.2527745525713,771.7618767361929,782.8519287109375,11801100,8.666667,0.0
2020-12-30 00:00:00+09:00,775.3695274338226,776.0375875589334,764.9475350389196,768.9559936523438,11725800,0.0,0.0
2021-01-04 00:00:00+09:00,776.7057980908268,778.1755991546246,753.5903652543049,764.680419921875,12083400,0.0,0.0
2021-01-05 00:00:00+09:00,762.8097572239249,762.8097572239249,747.9784587387514,752.9222412109375,12866100,0.0,0.0
2021-01-06 00:00:00+09:00,761.607154628209,769.223226174491,756.2625267063227,768.2879028320312,13332900,0.0,0.0
2021-01-07 00:00:00+09:00,788.1967602690798,788.7311889086778,772.9646143441295,776.705810546875,15641100,0.0,0.0
2021-01-08 00:00:00+09:00,773.098059832662,783.9208984375,765.2147739494749,783.9208984375,20401200,0.0,0.0
2021-01-12 00:00:00+09:00,782.9855857865249,783.653645900533,771.0937928100819,771.7619018554688,16945800,0.0,0.0
2021-01-13 00:00:00+09:00,775.636662904469,781.7829817978048,774.1669112059781,780.5804443359375,18481800,0.0,0.0
2021-01-14 00:00:00+09:00,774.5678708333435,784.989863700824,765.6156298803033,780.0460815429688,16411800,0.0,0.0
2021-01-15 00:00:00+09:00,776.7057265702773,779.2444335937499,756.5298487877956,757.5987548828125,16769400,0.0,0.0
2021-01-18 00:00:00+09:00,757.0643466595847,758.2668844758095,739.6943886017061,744.6381225585938,14392800,0.0,0.0
2021-01-19 00:00:00+09:00,748.2455745968768,760.0037359073087,743.8362702218872,757.1978149414062,10227600,0.0,0.0
2021-01-20 00:00:00+09:00,760.2709498918965,770.4257277895931,754.9263711511118,761.3399047851562,18904500,0.0,0.0
2021-01-21 00:00:00+09:00,763.2106305514134,778.8436214082964,763.2106305514134,772.8309326171875,16411500,0.0,0.0
2021-01-22 00:00:00+09:00,769.8913430378255,770.9602980597874,759.2021353378977,762.008056640625,11490300,0.0,0.0
2021-01-25 00:00:00+09:00,758.4003372070831,761.2062581164117,748.3791911023384,754.792724609375,12188400,0.0,0.0
2021-01-26 00:00:00+09:00,743.7027028098878,750.7842967014527,740.495935925952,749.9826049804688,11551800,0.0,0.0
2021-01-27 00:00:00+09:00,754.392078860478,758.9350159433922,746.6423741734811,758.2669067382812,11878800,0.0,0.0
2021-01-28 00:00:00+09:00,739.159895326346,750.9180589232726,733.0135747525045,746.3751220703125,20437500,0.0,0.0
2021-01-29 00:00:00+09:00,745.5732906712053,747.7111515427292,735.4185126956899,738.7589111328125,16693200,0.0,0.0
2021-02-01 00:00:00+09:00,743.1682662651813,747.577570973335,737.6900555139964,741.2976684570312,9743100,0.0,0.0
2021-02-02 00:00:00+09:00,743.5690434773762,751.9868062337239,742.0992916875208,750.3834228515625,10975500,0.0,0.0
2021-02-03 00:00:00+09:00,756.2626207965573,774.167104543337,756.2626207965573,773.8998413085938,14359800,0.0,0.0
2021-02-04 00:00:00+09:00,788.1966773413391,808.372555182471,774.4342850203367,777.6410522460938,18957600,0.0,0.0
2021-02-05 00:00:00+09:00,791.0025784507349,805.700244882745,783.787352377158,793.4076538085938,18631800,0.0,0.0
2021-02-08 00:00:00+09:00,802.4934818280428,812.1137833084989,799.2867146678908,805.165771484375,14020800,0.0,0.0
2021-02-09 00:00:00+09:00,801.6917912346667,809.1742316423956,788.3302450702943,795.5454711914062,10863600,0.0,0.0
2021-02-10 00:00:00+09:00,822.0013111221441,848.7243043491325,821.7340479165348,836.4317626953125,30115800,0.0,0.0
2021-02-12 00:00:00+09:00,827.8801782303835,830.5525162446214,802.2260953858611,806.7689819335938,19667100,0.0,0.0
2021-02-15 00:00:00+09:00,817.1910909870869,824.4063655224678,810.7775571168643,815.5877075195312,18245700,0.0,0.0
2021-02-16 00:00:00+09:00,819.5961813487766,824.4063807717998,814.5188165847259,817.9927978515625,17196000,0.0,0.0
2021-02-17 00:00:00+09:00,825.742497390095,828.9492643702507,822.0013018675006,825.2080688476562,11374800,0.0,0.0
2021-02-18 00:00:00+09:00,833.7594031289558,833.7594031289558,813.7171097845097,815.5877075195312,14361000,0.0,0.0
2021-02-19 00:00:00+09:00,803.562342381946,804.898511600109,791.0025376704612,796.6143798828125,18246600,0.0,0.0
2021-02-22 00:00:00+09:00,809.9758351889043,813.1826020044741,794.0756327054963,795.6790161132812,17590500,0.0,0.0
2021-02-24 00:00:00+09:00,799.9547348906141,809.7086674926527,795.4118475949094,798.752197265625,20268300,0.0,0.0
2021-02-25 00:00:00+09:00,813.7171967557778,817.4584415570708,807.5708764960933,808.6398315429688,15537600,0.0,0.0
2021-02-26 00:00:00+09:00,802.2262550505595,804.3640671697844,778.0418701171875,778.0418701171875,24113100,0.0,0.0
2021-03-01 00:00:00+09:00,793.9420985783308,807.0364306370022,791.0025945907796,806.501953125,17745600,0.0,0.0
2021-03-02 00:00:00+09:00,811.8465410657003,818.5272894421655,791.0025552424913,800.08837890625,22289100,0.0,0.0
2021-03-03 00:00:00+09:00,812.1137432793913,831.621608496362,811.5792658019159,828.6820068359375,23277300,0.0,0.0
2021-03-04 00:00:00+09:00,833.224974594024,835.0955233976654,801.9589480453079,815.5877075195312,15826500,0.0,0.0
2021-03-05 00:00:00+09:00,817.9927998060966,828.6820068359375,805.7002092752106,828.6820068359375,18196200,0.0,0.0
2021-03-08 00:00:00+09:00,843.3796895926339,855.9394939206541,836.1644641113281,841.7763061523438,19377600,0.0,0.0
2021-03-09 00:00:00+09:00,864.2237390810885,874.1113036581022,858.879159833853,872.7750854492188,18791100,0.0,0.0
2021-03-10 00:00:00+09:00,856.4740656508428,861.5513815720481,853.2672986004968,859.947998046875,15999000,0.0,0.0
2021-03-11 00:00:00+09:00,855.1378119906088,866.0943308665339,848.9915413533835,853.0,14197200,0.0,0.0
2021-03-12 00:00:00+09:00,857.0084528191246,860.4824829101562,845.7847686849171,860.4824829101562,20150400,0.0,0.0
2021-03-15 00:00:00+09:00,876.5162266640393,892.0155331461399,875.7145350231463,887.2053833007812,18588600,0.0,0.0
2021-03-16 00:00:00+09:00,886.403797302986,894.6879778671205,881.5936468843456,891.7484741210938,15314700,0.0,0.0
2021-03-17 00:00:00+09:00,889.3433841739511,891.7484593434154,875.9817902128653,879.7230834960938,13200300,0.0,0.0
2021-03-18 00:00:00+09:00,892.5502486868537,896.2914445165062,879.7231797134511,888.0072631835938,17991900,0.0,0.0
2021-03-19 00:00:00+09:00,897.3604082035974,928.6263891277108,896.8258817493722,927.5574340820312,28734300,0.0,0.0
2021-03-22 00:00:00+09:00,908.8511713864891,912.5924647542058,892.0156448200478,893.8862915039062,17145600,0.0,0.0
2021-03-23 00:00:00+09:00,897.3604833627043,898.9638671341309,880.257690513227,881.5938110351562,14527200,0.0,0.0
2021-03-24 00:00:00+09:00,883.4643782582169,887.7401005500815,865.2927297776404,867.4305419921875,14686800,0.0,0.0
2021-03-25 00:00:00+09:00,873.0423124543913,887.2055006966731,871.4389289604438,875.4473876953125,11907600,0.0,0.0
2021-03-26 00:00:00+09:00,887.205433320967,894.4206584957956,879.1885164600463,882.9298095703125,13614900,0.0,0.0
2021-03-29 00:00:00+09:00,894.6880608948309,896.0241812919703,877.5852696427041,888.0072631835938,14959800,0.0,0.0
2021-03-30 00:00:00+09:00,891.5012759910076,893.1138801070151,881.5569495593236,889.888671875,10876800,6.333333,0.0
2021-03-31 00:00:00+09:00,891.501279070309,904.1334103063633,889.0823728879426,892.0388793945312,19847100,0.0,0.0
2021-04-01 00:00:00+09:00,910.8524495282837,911.121249667081,880.4817740145597,886.9321899414062,12970500,0.0,0.0
2021-04-02 00:00:00+09:00,888.8135364853139,894.9951518729233,878.062811161814,879.6754150390625,7044000,0.0,0.0
2021-04-05 00:00:00+09:00,881.8256543408434,892.3075811310978,878.8692462597992,892.0388793945312,8777400,0.0,0.0
2021-04-06 00:00:00+09:00,889.6199488522741,891.2325529296949,863.2806833040413,867.5809936523438,14455800,0.0,0.0
2021-04-07 00:00:00+09:00,879.4065066765568,884.2443177128438,865.6993754070769,875.91259765625,13970400,0.0,0.0
2021-04-08 00:00:00+09:00,872.1499838370958,873.4938861515728,858.7116496711002,869.9998779296875,12932100,0.0,0.0
2021-04-09 00:00:00+09:00,872.1499953891602,873.2250975698743,863.0119713424829,864.0869750976562,10171200,0.0,0.0
2021-04-12 00:00:00+09:00,868.118433155213,873.4938453107113,865.1620253675633,867.8497314453125,7456500,0.0,0.0
2021-04-13 00:00:00+09:00,872.149916458101,892.3074653625681,871.8812147563959,884.2444458007812,11738100,0.0,0.0
2021-04-14 00:00:00+09:00,875.6439517091757,886.3946776019006,870.2686379755806,883.4381713867188,13520100,0.0,0.0
2021-04-15 00:00:00+09:00,892.3075330581348,905.4771654833545,891.2325293186951,894.9952392578125,11623200,0.0,0.0
2021-04-16 00:00:00+09:00,896.3390721459369,899.8330804760126,889.6199540676545,893.920166015625,10917000,0.0,0.0
2021-04-19 00:00:00+09:00,895.8015932472013,900.37060546875,888.8136748332658,900.37060546875,8546100,0.0,0.0
2021-04-20 00:00:00+09:00,894.9953367949252,895.8016389001458,876.7191885517736,879.9443969726562,10590300,0.0,0.0
2021-04-21 00:00:00+09:00,867.8498484283714,867.8498484283714,850.6487043780868,857.09912109375,10921500,0.0,0.0
2021-04-22 00:00:00+09:00,871.0749033696853,874.0313110351562,863.5493857183139,874.0313110351562,9159300,0.0,0.0
2021-04-23 00:00:00+09:00,868.6559809235276,872.4186904645261,861.9367653480392,868.9246826171875,8988900,0.0,0.0
2021-04-26 00:00:00+09:00,894.995171358341,898.2203791830558,878.3316304058254,884.2444458007812,14188500,0.0,0.0
2021-04-27 00:00:00+09:00,878.3317216538102,880.7506277736412,865.4308890147116,867.3121948242188,12951600,0.0,0.0
2021-04-28 00:00:00+09:00,870.2687330356557,877.5254516601562,869.9999328706775,877.5254516601562,12738900,0.0,0.0
2021-04-30 00:00:00+09:00,882.9007029618102,890.4262212141375,862.2056507998332,868.6560668945312,19468800,0.0,0.0
2021-05-06 00:00:00+09:00,889.6197309909459,899.2953530859816,883.7068180132516,891.7698364257812,19133700,0.0,0.0
2021-05-07 00:00:00+09:00,890.6948373682598,904.401970252694,882.6318180244749,903.0581665039062,10904100,0.0,0.0
2021-05-10 00:00:00+09:00,913.2714245007988,929.1287638027159,911.3901186636886,922.1407470703125,14582400,0.0,0.0
2021-05-11 00:00:00+09:00,915.6902022768659,918.6467083358989,889.3510384201669,895.5326538085938,14547600,0.0,0.0
2021-05-12 00:00:00+09:00,889.6199106616784,890.96371452666,871.3436662851321,883.1694946289062,16547400,0.0,0.0
2021-05-13 00:00:00+09:00,882.9007349900209,895.8015676474093,881.0193307523043,885.3196411132812,11072400,0.0,0.0
2021-05-14 00:00:00+09:00,898.4892752108755,899.5642789835001,885.5884425350414,894.18896484375,11051100,0.0,0.0
2021-05-17 00:00:00+09:00,880.4818028344364,893.1138349628033,861.9368564377404,870.2686767578125,15902700,0.0,0.0
2021-05-18 00:00:00+09:00,883.4382538650304,904.6709074971563,882.9007519691498,899.2955932617188,16399500,0.0,0.0
2021-05-19 00:00:00+09:00,888.5447722475634,895.5326898560022,884.5132623916307,889.35107421875,12313500,0.0,0.0
2021-05-20 00:00:00+09:00,887.200949318464,891.5011607884347,880.7505336879767,884.7820434570312,8607900,0.0,0.0
2021-05-21 00:00:00+09:00,880.212952403458,895.2639881492958,879.9442506967515,889.35107421875,12539400,0.0,0.0
2021-05-24 00:00:00+09:00,898.7579795233135,913.5402164820222,898.7579795233135,902.7894897460938,11820000,0.0,0.0
2021-05-25 00:00:00+09:00,903.5957613010262,907.6272713877731,887.7385211016681,894.9952392578125,13812300,0.0,0.0
2021-05-26 00:00:00+09:00,906.2834659260549,906.8209677948408,886.1259155273438,886.1259155273438,15841800,0.0,0.0
2021-05-27 00:00:00+09:00,884.2444713739195,899.564208984375,883.9757696644433,899.564208984375,37061700,0.0,0.0
2021-05-28 00:00:00+09:00,913.8089377181315,934.7727890660581,913.8089377181315,932.0850830078125,20349000,0.0,0.0
2021-05-31 00:00:00+09:00,916.4964944857471,919.7217022064307,900.9080561194621,901.1767578125,12785400,0.0,0.0
2021-06-01 00:00:00+09:00,903.8644757203227,907.8959854246953,892.8450486702144,904.4019775390625,11260200,0.0,0.0
2021-06-02 00:00:00+09:00,923.215781839039,947.1360414857451,922.1406797066969,945.5234375,19777800,0.0,0.0
2021-06-03 00:00:00+09:00,962.1872074916437,975.0880411186799,961.6496071401508,965.1436157226562,17867400,0.0,0.0
2021-06-04 00:00:00+09:00,978.3130998448017,979.3881035322142,962.1870602782695,974.819091796875,12567300,0.0,0.0
2021-06-07 00:00:00+09:00,971.056347687906,976.4316612114156,960.3056222153559,964.8746337890625,10338300,0.0,0.0
2021-06-08 00:00:00+09:00,964.3373122748458,972.6691334558595,960.0370015966533,965.4124145507812,9380700,0.0,0.0
2021-06-09 00:00:00+09:00,962.9935095933334,968.3688241294154,957.0805947057586,965.1436157226562,6472500,0.0,0.0
2021-06-10 00:00:00+09:00,963.2621665762724,966.2186730954321,957.3493503890431,961.112060546875,7659600,0.0,0.0
2021-06-11 00:00:00+09:00,958.69295036284,964.0682635053431,944.7170180817029,963.53076171875,14562900,0.0,0.0
2021-06-14 00:00:00+09:00,976.9692807949316,983.6884973283665,961.9183420596239,963.2621459960938,8366100,0.0,0.0
2021-06-15 00:00:00+09:00,963.530986082065,974.5504150390625,960.8432796722047,974.5504150390625,8801100,0.0,0.0
2021-06-16 00:00:00+09:00,977.7754034194202,984.4946187198741,971.0562865444911,974.281494140625,8232000,0.0,0.0
2021-06-17 00:00:00+09:00,974.0126481746718,975.8940519923459,965.6808294684237,970.2499389648438,9404700,0.0,0.0
2021-06-18 00:00:00+09:00,954.1239778888187,957.8866873989359,945.7921585176362,950.0924682617188,14068200,0.0,0.0
2021-06-21 00:00:00+09:00,928.322487326181,928.8599892336573,905.4772290880184,912.7339477539062,17977200,0.0,0.0
2021-06-22 00:00:00+09:00,943.1045302137644,946.5985383198796,932.0851024682971,945.792236328125,14485800,0.0,0.0
2021-06-23 00:00:00+09:00,926.9785158837681,937.9980423579651,925.9035121488748,936.1166381835938,9972900,0.0,0.0
2021-06-24 00:00:00+09:00,952.5114642040979,960.5744842215549,946.3297499070227,949.0174560546875,10377900,0.0,0.0
2021-06-25 00:00:00+09:00,957.6180099860848,966.7561324535981,956.0054059286142,965.6810302734375,10525200,0.0,0.0
2021-06-28 00:00:00+09:00,971.5939766724347,979.9257973860242,966.2186624454172,975.894287109375,10388100,0.0,0.0
2021-06-29 00:00:00+09:00,971.8006605295591,975.8941763700375,964.159397647549,969.8903198242188,9733200,18.333332,0.0
2021-06-30 00:00:00+09:00,976.9857986428865,987.6289396618421,968.7987670898438,968.7987670898438,10372200,0.0,0.0
2021-07-01 00:00:00+09:00,972.6195456063738,981.8982165599621,966.0699190366339,971.8008422851562,8861400,0.0,0.0
2021-07-02 00:00:00+09:00,975.6212479172268,985.1728515625,973.7110071396539,985.1728515625,9462000,0.0,0.0
2021-07-05 00:00:00+09:00,976.9859752050704,984.9000738234747,970.7091832538209,979.9878540039062,4467600,0.0,0.0
2021-07-06 00:00:00+09:00,981.0792163829788,985.9914348239406,976.4398323402883,981.35205078125,3962400,0.0,0.0
2021-07-07 00:00:00+09:00,964.4322553461399,974.8024613378225,960.6116741785396,971.5276489257812,10424700,0.0,0.0
2021-07-08 00:00:00+09:00,969.3446109280467,970.1633141467358,947.2396240234375,947.2396240234375,15849900,0.0,0.0
2021-07-09 00:00:00+09:00,937.4152043277464,942.6003581305978,920.7682052318048,940.9629516601562,17765100,0.0,0.0
2021-07-12 00:00:00+09:00,967.4342460359993,974.2568060017913,963.067895604525,972.892333984375,12132000,0.0,0.0
2021-07-13 00:00:00+09:00,981.8980353790221,984.3541448894705,972.8923005073782,978.8960571289062,7998300,0.0,0.0
2021-07-14 00:00:00+09:00,969.3446151278795,981.079394626387,967.9801430706049,976.1671752929688,6783900,0.0,0.0
2021-07-15 00:00:00+09:00,972.0735543422275,973.7109606101036,955.9723260818809,958.9743041992188,7635300,0.0,0.0
2021-07-16 00:00:00+09:00,959.5202026367189,968.5259383269952,955.9724552637927,959.5202026367188,7184400,0.0,0.0
2021-07-19 00:00:00+09:00,945.8751771041395,946.966714798489,937.4152103064488,943.4190673828125,7969800,0.0,0.0
2021-07-20 00:00:00+09:00,925.1344538961985,928.9550348469639,919.9493012249656,922.6783447265625,9919500,0.0,0.0
2021-07-21 00:00:00+09:00,945.0563650639285,948.3311776486844,932.7758178710938,932.7758178710938,9734400,0.0,0.0
2021-07-26 00:00:00+09:00,945.8751576500763,949.4228049927873,935.2320157432265,938.7796630859375,7828200,0.0,0.0
2021-07-27 00:00:00+09:00,946.1480712890625,949.1500499864417,939.5984449520413,946.1480712890625,8718900,0.0,0.0
2021-07-28 00:00:00+09:00,936.0506666221245,953.7892021618015,934.9590290719119,950.241455078125,8852400,0.0,0.0
2021-07-29 00:00:00+09:00,964.1595517243101,972.8924535391194,961.9763762402914,966.6156616210938,10359000,0.0,0.0
2021-07-30 00:00:00+09:00,955.4266444815327,963.6136765679212,951.6060628210035,953.2434692382812,9153300,0.0,0.0
2021-08-02 00:00:00+09:00,966.888330534669,979.9875797205747,962.5218808262537,978.6231079101562,9419400,0.0,0.0
2021-08-03 00:00:00+09:00,974.2566677102977,979.4418205434383,969.6173835581244,974.5296020507812,7606200,0.0,0.0
2021-08-04 00:00:00+09:00,971.5276884684498,975.0754353723412,963.6135914636823,967.9800415039062,9483900,0.0,0.0
2021-08-05 00:00:00+09:00,982.9895231525825,993.3598294083796,977.8044699640307,985.7185668945312,10642500,0.0,0.0
2021-08-06 00:00:00+09:00,981.352151668196,997.999149187058,980.8063828762064,991.4495239257812,8966400,0.0,0.0
2021-08-10 00:00:00+09:00,992.8140699465648,996.3618172075609,982.4438624889672,982.716796875,7693500,0.0,0.0
2021-08-11 00:00:00+09:00,988.7203637756792,1002.6383158186073,985.7184858638468,995.8158569335938,7384800,0.0,0.0
2021-08-12 00:00:00+09:00,1001.5468935629539,1003.4571342995949,980.8063803100586,982.4437866210938,7612500,0.0,0.0
2021-08-13 00:00:00+09:00,983.5356048366405,985.4458459242308,974.802702947145,975.3485717773438,6494400,0.0,0.0
2021-08-16 00:00:00+09:00,965.5239445390573,968.5258227645179,958.7013850019024,960.0658569335938,7160400,0.0,0.0
2021-08-17 00:00:00+09:00,963.6136765679212,966.0697861938377,952.6976004729511,953.2434692382812,6382800,0.0,0.0
2021-08-18 00:00:00+09:00,945.0563940533405,955.4266009100552,944.7834596831224,949.6956787109375,6840000,0.0,0.0
2021-08-19 00:00:00+09:00,944.2376591613831,947.2395373755302,922.6784430615579,923.7700805664062,10532700,0.0,0.0
2021-08-20 00:00:00+09:00,904.9399495905407,912.8540470289445,876.5581726829868,879.0142822265625,24783000,0.0,0.0
2021-08-23 00:00:00+09:00,892.3865076480675,909.3063408408138,889.6574636081958,900.0277709960938,11077800,0.0,0.0
2021-08-24 00:00:00+09:00,890.2032523754622,903.3025026866187,890.2032523754622,895.3883056640625,11874000,0.0,0.0
2021-08-25 00:00:00+09:00,900.0277663714558,910.9437425961374,894.2968438747229,895.6613159179688,8584800,0.0,0.0
2021-08-26 00:00:00+09:00,897.8444953441044,903.3025834211466,884.1994750302141,889.1116943359375,10117200,0.0,0.0
2021-08-27 00:00:00+09:00,884.1995223580961,889.6575107879263,880.3789404511513,886.10986328125,8394600,0.0,0.0
2021-08-30 00:00:00+09:00,898.117344621299,907.9417823017508,896.752872701019,903.8482666015625,8574000,0.0,0.0
2021-08-31 00:00:00+09:00,891.8405152475813,915.0370339837922,891.8405152475813,912.03515625,13088700,0.0,0.0
2021-09-01 00:00:00+09:00,924.042819402819,924.8615224619293,911.7622735161631,916.1287231445312,7575000,0.0,0.0
2021-09-02 00:00:00+09:00,918.0390654037521,919.1306028584904,904.1211133714625,911.4894409179688,7418100,0.0,0.0
2021-09-03 00:00:00+09:00,912.5809737160578,927.8634973977955,909.5790958218377,922.6783447265625,11176500,0.0,0.0
2021-09-06 00:00:00+09:00,922.4054252725857,926.226106224315,914.4913289114429,922.9512939453125,12128100,0.0,0.0
2021-09-07 00:00:00+09:00,940.14422900831,946.4209203689178,931.9571968251879,936.3235473632812,10709400,0.0,0.0
2021-09-08 00:00:00+09:00,928.136477752201,948.876991759516,928.136477752201,948.0582885742188,11386200,0.0,0.0
2021-09-09 00:00:00+09:00,938.7796612230211,941.5087052760712,928.9552225592709,929.77392578125,10920600,0.0,0.0
2021-09-10 00:00:00+09:00,935.777778530859,938.7796570182179,929.5010871702513,936.3235473632812,14751000,0.0,0.0
2021-09-13 00:00:00+09:00,923.7701491454832,927.3177964057512,916.6746547462351,924.31591796875,11009700,0.0,0.0
2021-09-14 00:00:00+09:00,936.0507099954331,944.5105765986851,930.8655563158521,940.1442260742188,12127200,0.0,0.0
2021-09-15 00:00:00+09:00,927.3176436910894,932.5027964459566,922.6783596089491,922.9512939453125,11002500,0.0,0.0
2021-09-16 00:00:00+09:00,934.6860824009577,939.325466973802,927.8636226351185,931.6842041015625,10107600,0.0,0.0
2021-09-17 00:00:00+09:00,934.4133257783903,942.8731925827648,930.5926440544538,940.9629516601562,17916900,0.0,0.0
2021-09-21 00:00:00+09:00,908.2146598457813,918.3119313150187,906.5772536681383,910.943603515625,12629400,0.0,0.0
2021-09-22 00:00:00+09:00,907.668952392205,909.5792932519086,896.4800415039062,896.4800415039062,10395900,0.0,0.0
2021-09-24 00:00:00+09:00,928.4093914333672,935.231951138558,926.4990507304695,931.6842041015625,13976100,0.0,0.0
2021-09-27 00:00:00+09:00,945.602311384957,950.24159677127,937.4152783859531,943.9649047851562,10145100,0.0,0.0
2021-09-28 00:00:00+09:00,956.2452548127637,971.2548454930889,954.0620797815579,970.1632080078125,19845900,0.0,0.0
2021-09-29 00:00:00+09:00,977.370243450292,986.2402739096656,969.6089033546965,983.1912231445312,24392100,18.333332,0.0
2021-09-30 00:00:00+09:00,989.5665238885604,990.1208690569308,956.0265602506863,957.689697265625,16347000,0.0,0.0
2021-10-01 00:00:00+09:00,952.9774963802661,961.0159580046892,934.960212804217,940.2267456054688,14037300,0.0,0.0
2021-10-04 00:00:00+09:00,947.1565213285958,956.3037748269404,942.7214554927895,946.0477294921875,9388200,0.0,0.0
2021-10-05 00:00:00+09:00,942.167132462205,968.2229799061837,930.5251731908273,945.7706298828125,15687600,0.0,0.0
2021-10-06 00:00:00+09:00,944.3844739620996,949.6511076367364,913.0620982356712,922.2093505859375,21345900,0.0,0.0
2021-10-07 00:00:00+09:00,913.3394539249362,929.1392557291955,910.8447483768952,923.5953979492188,10202400,0.0,0.0
2021-10-08 00:00:00+09:00,931.3566115252988,947.4336344894239,928.3075612170294,934.1285400390625,18368700,0.0,0.0
2021-10-11 00:00:00+09:00,941.6127310972298,959.3527907789394,938.2864572181813,951.591552734375,16549800,0.0,0.0
2021-10-12 00:00:00+09:00,948.265448842512,969.886232932094,946.325088228628,953.531982421875,13539300,0.0,0.0
2021-10-13 00:00:00+09:00,939.6723289528924,955.7493524883976,937.7319687733157,948.5423583984375,12348000,0.0,0.0
2021-10-14 00:00:00+09:00,938.8408878127246,953.8091216308195,928.0304967218784,950.7600708007812,9921300,0.0,0.0
2021-10-15 00:00:00+09:00,952.9775122049248,965.7282631914545,951.31437518537,963.7879028320312,9518100,0.0,0.0
2021-10-18 00:00:00+09:00,968.2230476227656,980.9736981385375,967.3914790452225,977.0930786132812,12345000,0.0,0.0
2021-10-19 00:00:00+09:00,976.8156314141722,976.8156314141722,966.5596889811724,970.4403076171875,7377600,0.0,0.0
2021-10-20 00:00:00+09:00,970.1631863117602,978.7560943839679,963.787861844536,967.1141357421875,8343300,0.0,0.0
2021-10-21 00:00:00+09:00,972.9352440196712,975.1527264087448,946.87939453125,946.87939453125,9555000,0.0,0.0
2021-10-22 00:00:00+09:00,948.8195699502545,956.0264624410536,941.0582308379821,947.1564331054688,8834100,0.0,0.0
2021-10-25 00:00:00+09:00,939.6723749551405,951.3143335829033,935.5145325880824,941.0582885742188,8593500,0.0,0.0
2021-10-26 00:00:00+09:00,952.4231182309613,959.9072344354571,944.9390020264656,945.4933471679688,10801500,0.0,0.0
2021-10-27 00:00:00+09:00,937.1776649525809,938.8408018912723,929.1392035855137,935.2373046875,11204100,0.0,0.0
2021-10-28 00:00:00+09:00,923.5954185640363,938.0093069999364,921.1007129603131,933.297119140625,10881900,0.0,0.0
2021-10-29 00:00:00+09:00,930.5250380453675,932.7425199383913,918.8830804648178,928.3075561523438,13080300,0.0,0.0
2021-11-01 00:00:00+09:00,942.4442619299231,967.1140917110536,938.2864197471584,964.3421630859375,16129800,0.0,0.0
2021-11-02 00:00:00+09:00,968.5001120255705,968.5001120255705,952.1459648072668,957.1353759765625,10428600,0.0,0.0
2021-11-04 00:00:00+09:00,969.3316086250559,975.152587890625,954.6405995533225,975.152587890625,13751100,0.0,0.0
2021-11-05 00:00:00+09:00,976.261405096208,976.8157502517042,942.721442237271,944.9390258789062,11892000,0.0,0.0
2021-11-08 00:00:00+09:00,923.0410149566321,929.9707861427645,912.2306246913743,913.3394165039062,20406000,0.0,0.0
2021-11-09 00:00:00+09:00,923.0410149566321,925.5357204024608,913.3394165039062,913.3394165039062,12762000,0.0,0.0
2021-11-10 00:00:00+09:00,903.360634514684,913.8938019133511,896.9852081990604,903.6377563476562,13041000,0.0,0.0
2021-11-11 00:00:00+09:00,909.1815705178119,910.567484145657,894.7676830508921,897.5396118164062,11985900,0.0,0.0
2021-11-12 00:00:00+09:00,897.5395018602129,910.5673725934391,895.04479672982,908.9042358398438,12197700,0.0,0.0
2021-11-15 00:00:00+09:00,914.4482458157466,923.5955005076314,911.121971382334,920.2692260742188,9899700,0.0,0.0
2021-11-16 00:00:00+09:00,920.8235017483098,925.5356891502636,915.5568677038996,918.3287963867188,11430600,0.0,0.0
2021-11-17 00:00:00+09:00,908.6271044339817,913.0621700620256,900.58864314861,903.9149169921875,14284500,0.0,0.0
2021-11-18 00:00:00+09:00,896.9852452094383,902.5291032352318,884.2345950717462,894.4905395507812,16503300,0.0,0.0
2021-11-19 00:00:00+09:00,897.5396062482471,923.0410055993697,894.7676774999295,921.3778686523438,17642100,0.0,0.0
2021-11-22 00:00:00+09:00,913.0621576297743,914.7252945289179,906.9639551629747,912.5078125,8650800,0.0,0.0
2021-11-24 00:00:00+09:00,921.3779111310239,929.693596249535,908.0728149414062,908.0728149414062,16896600,0.0,0.0
2021-11-25 00:00:00+09:00,910.2902522607994,925.2584847362135,908.3499935020167,915.2796630859375,9171900,0.0,0.0
2021-11-26 00:00:00+09:00,910.5674684697132,913.8937423271368,893.9360991825952,900.0343017578125,14078700,0.0,0.0
2021-11-29 00:00:00+09:00,885.6204224367257,886.4519909084974,865.1084339696347,865.9400024414062,18363300,0.0,0.0
2021-11-30 00:00:00+09:00,881.4626413457952,882.0169865288993,859.0102910473645,859.5646362304688,31977000,0.0,0.0
2021-12-01 00:00:00+09:00,862.0592757237353,883.9572791601071,859.5645703262937,880.07666015625,19695900,0.0,0.0
2021-12-02 00:00:00+09:00,875.9189269726423,885.6205264460816,865.385657419935,882.0170288085938,15993000,0.0,0.0
2021-12-03 00:00:00+09:00,882.016837432338,887.8378161553575,868.9889665078989,886.7291259765625,14366400,0.0,0.0
2021-12-06 00:00:00+09:00,886.7292669972335,887.5608355184845,875.6416528772774,883.6801147460938,11102400,0.0,0.0
2021-12-07 00:00:00+09:00,895.3219738221259,906.96393181645,887.8378579686319,903.0833129882812,14356200,0.0,0.0
2021-12-08 00:00:00+09:00,905.0237297885348,906.9639885691206,891.1641874453045,897.2623901367188,12049200,0.0,0.0
2021-12-09 00:00:00+09:00,892.8273253733433,895.3220308166497,887.0063460056288,887.2835693359375,10072800,0.0,0.0
2021-12-10 00:00:00+09:00,887.2836991974289,893.3819027879761,882.0170642096907,882.8486328125,14094000,0.0,0.0
2021-12-13 00:00:00+09:00,896.7079845672536,896.7079845672536,877.3046875,877.3046875,12132300,0.0,0.0
2021-12-14 00:00:00+09:00,875.0872340363973,888.1151059360559,875.0872340363973,882.5713500976562,12078000,0.0,0.0
2021-12-15 00:00:00+09:00,876.4732646548501,889.7783616515082,876.4732646548501,886.4520874023438,11825700,0.0,0.0
2021-12-16 00:00:00+09:00,889.7783732024593,895.8765765750381,885.6205303370272,887.8380126953125,9704400,0.0,0.0
2021-12-17 00:00:00+09:00,887.0064441222261,900.3115412916086,884.7889617639408,887.8380126953125,13052700,0.0,0.0
2021-12-20 00:00:00+09:00,876.4732360433695,878.413596461986,855.1296774779117,855.4067993164062,10934400,0.0,0.0
2021-12-21 00:00:00+09:00,864.554091241394,868.711934100057,860.1191265320437,862.3366088867188,8306100,0.0,0.0
2021-12-22 00:00:00+09:00,863.7224359758816,872.5925675239378,860.3961620228167,863.1680908203125,8613000,0.0,0.0
2021-12-23 00:00:00+09:00,871.7610782888783,886.1748657226562,868.989149239382,886.1748657226562,10523100,0.0,0.0
2021-12-24 00:00:00+09:00,888.6694510669496,891.7186030614171,880.0766447439032,882.5713500976562,4308600,0.0,0.0
2021-12-27 00:00:00+09:00,884.51171875,887.0064244138293,880.9083226865798,884.51171875,4974300,0.0,0.0
2021-12-28 00:00:00+09:00,893.9362123277452,898.3712785355954,891.7187299787377,898.0940551757812,7941600,0.0,0.0
2021-12-29 00:00:00+09:00,898.0940057304961,902.2518483496187,893.9361631113734,899.4799194335938,6797700,0.0,0.0
2021-12-30 00:00:00+09:00,891.7188081455672,900.3116164448518,888.3925335755617,895.3222045898438,6387300,0.0,0.0
2022-01-04 00:00:00+09:00,910.0131448633568,923.3182406078844,906.9639927486861,922.7637939453125,13733100,0.0,0.0
2022-01-05 00:00:00+09:00,937.7321401002959,947.4338412608962,934.128743906781,946.87939453125,19647600,0.0,0.0
2022-01-06 00:00:00+09:00,946.6021033510644,954.9177877099031,941.3354694205271,944.6617431640625,15117300,0.0,0.0
2022-01-07 00:00:00+09:00,956.0266039154079,961.2932385398668,943.2759538917338,950.7600708007812,12413700,0.0,0.0
2022-01-11 00:00:00+09:00,959.075787302671,966.5599044539956,950.7601015789768,965.1738891601562,12962400,0.0,0.0
2022-01-12 00:00:00+09:00,966.0055127850367,975.7072143554688,963.7880303022894,975.7072143554688,10980600,0.0,0.0
2022-01-13 00:00:00+09:00,969.3315732696434,976.8156891952565,963.5105942163889,974.3209838867188,10083600,0.0,0.0
2022-01-14 00:00:00+09:00,979.3105709386814,979.5877943039593,954.6407367240622,962.67919921875,15500400,0.0,0.0
2022-01-17 00:00:00+09:00,975.7071063947951,987.3490657832735,973.7667459934388,983.1912231445312,9347400,0.0,0.0
2022-01-18 00:00:00+09:00,983.4683465289075,989.289326232311,968.5001130058698,973.21240234375,10317000,0.0,0.0
2022-01-19 00:00:00+09:00,956.58091762635,964.6193786115066,946.6020964683,949.0968017578125,12626700,0.0,0.0
2022-01-20 00:00:00+09:00,943.8303163762678,952.9775705437911,934.6830622087444,947.9881591796875,11475600,0.0,0.0
2022-01-21 00:00:00+09:00,935.2374380711434,956.8582213576891,928.030544145574,952.7003784179688,15179100,0.0,0.0
2022-01-24 00:00:00+09:00,945.4932692379471,945.7704925407605,933.5740883543673,938.286376953125,10148100,0.0,0.0
2022-01-25 00:00:00+09:00,932.7425769589914,943.5529668017933,928.8619580315155,942.1670532226562,12444000,0.0,0.0
2022-01-26 00:00:00+09:00,939.3952064666494,944.6618409423155,924.7041964153651,925.81298828125,12154800,0.0,0.0
2022-01-27 00:00:00+09:00,940.7811098615094,947.7107790476446,915.0024887447398,917.219970703125,16324500,0.0,0.0
2022-01-28 00:00:00+09:00,920.2690424602878,936.3460661840088,920.2690424602878,930.2478637695312,11723700,0.0,0.0
2022-01-31 00:00:00+09:00,923.0409947704118,931.3566794079829,910.2902444895284,929.6935424804688,10782600,0.0,0.0
2022-02-01 00:00:00+09:00,923.0410250533314,927.4760908421481,913.062203160863,915.0025634765625,12233400,0.0,0.0
2022-02-02 00:00:00+09:00,924.1497927694396,940.7811621563532,923.0410009737044,935.2373046875,10986000,0.0,0.0
2022-02-03 00:00:00+09:00,946.6019920920937,961.5702221787105,942.9984954568614,956.3035888671875,11846100,0.0,0.0
2022-02-04 00:00:00+09:00,963.7879158781777,964.0651392217987,945.2161850718131,955.1950073242188,8608200,0.0,0.0
2022-02-07 00:00:00+09:00,947.9880664525933,951.0371170402481,937.4548995508393,943.27587890625,8985900,0.0,0.0
2022-02-08 00:00:00+09:00,944.1074573907493,956.8581065359384,943.2758889025924,944.9390258789062,7722000,0.0,0.0
2022-02-09 00:00:00+09:00,954.6405830857226,959.6299937987142,948.2652587890625,948.2652587890625,10399800,0.0,0.0
2022-02-10 00:00:00+09:00,997.8821595477513,1021.4432999292363,997.0505910814616,1001.4856567382812,29060400,0.0,0.0
2022-02-14 00:00:00+09:00,1005.6435651563871,1011.464544802946,982.9139917475002,990.9524536132812,15465000,0.0,0.0
2022-02-15 00:00:00+09:00,989.8436782973589,1001.7627584011859,985.4086127297602,998.1593627929688,13839000,0.0,0.0
2022-02-16 00:00:00+09:00,1025.601216129641,1032.2537643391092,1020.6118049725396,1028.927490234375,16031100,0.0,0.0
2022-02-17 00:00:00+09:00,1022.8291167839815,1031.9763690479033,1017.2853613697241,1020.3344116210938,13274700,0.0,0.0
2022-02-18 00:00:00+09:00,1013.6818746344843,1030.590465854929,1009.2468093529379,1021.99755859375,9644700,0.0,0.0
2022-02-21 00:00:00+09:00,1010.3557443867571,1018.1170843530865,1005.0891099621234,1015.0679321289062,7216500,0.0,0.0
2022-02-22 00:00:00+09:00,998.9911854075879,1005.6437346966287,989.5667067448311,993.4473266601562,9405900,0.0,0.0
2022-02-24 00:00:00+09:00,995.1102324348974,1000.3768665665352,972.9351071345355,981.5280151367188,15165600,0.0,0.0
2022-02-25 00:00:00+09:00,976.5386806326362,985.4087111438752,971.549269436971,979.0333862304688,10501500,0.0,0.0
2022-02-28 00:00:00+09:00,979.5877843459109,989.8438306388894,973.212459088025,977.0930786132812,13625100,0.0,0.0
2022-03-01 00:00:00+09:00,989.2893002719436,993.1700209789304,971.5492397907917,974.0439453125,11163000,0.0,0.0
2022-03-02 00:00:00+09:00,951.868643272892,951.868643272892,928.0303817596392,930.2478637695312,13778400,0.0,0.0
2022-03-03 00:00:00+09:00,943.8302283578307,950.4827762229079,932.4654929249319,932.7426147460938,13921500,0.0,0.0
2022-03-04 00:00:00+09:00,916.3884622249702,919.7147361350427,887.283565511836,891.1641845703125,19871700,0.0,0.0
2022-03-07 00:00:00+09:00,885.3431785227764,892.2729494630103,847.645425597349,862.6137084960938,21396900,0.0,0.0
2022-03-08 00:00:00+09:00,857.9014448964201,868.989058425862,843.4876082140399,843.7648315429688,20820300,0.0,0.0
2022-03-09 00:00:00+09:00,854.5751992624001,866.2171583250529,847.091133477037,850.694580078125,14892600,0.0,0.0
2022-03-10 00:00:00+09:00,879.5222632096967,894.2133746091853,876.7504358402231,888.3923950195312,15298200,0.0,0.0
2022-03-11 00:00:00+09:00,875.3643931357803,877.3047534412952,859.5645918889703,863.4453125,14877600,0.0,0.0
2022-03-14 00:00:00+09:00,871.2065751421426,879.5222602421626,867.325955932076,872.5925903320312,9669000,0.0,0.0
2022-03-15 00:00:00+09:00,867.0487751518001,890.8871412818645,867.0487751518001,878.6907348632812,12960900,0.0,0.0
2022-03-16 00:00:00+09:00,891.1641766460899,906.6868557616166,889.7782630324912,905.5780639648438,16487100,0.0,0.0
2022-03-17 00:00:00+09:00,923.8726926178481,933.8515155804171,914.1710930186292,931.634033203125,15110400,0.0,0.0
2022-03-18 00:00:00+09:00,924.1497056274483,927.4759791911825,917.4971584999797,926.3671875,19669200,0.0,0.0
2022-03-22 00:00:00+09:00,942.4443037031205,947.1564912158451,930.8023450753576,941.0582885742188,19992600,0.0,0.0
2022-03-23 00:00:00+09:00,950.2055761764692,970.99478876427,950.2055761764692,968.2229614257812,15583800,0.0,0.0
2022-03-24 00:00:00+09:00,949.3739183474001,954.9177755224163,940.781112292815,953.254638671875,17631300,0.0,0.0
2022-03-25 00:00:00+09:00,962.124761475457,964.8966903321626,951.0371475584624,957.9669189453125,13379100,0.0,0.0
2022-03-28 00:00:00+09:00,962.9564051270793,969.6089536944512,946.3250337086496,965.4511108398438,10977600,0.0,0.0
2022-03-29 00:00:00+09:00,976.2613855665396,987.6261208407292,970.1631829387724,987.3489990234375,17256900,0.0,0.0
2022-03-30 00:00:00+09:00,1002.0306531711966,1004.2893522152019,976.9022773430644,990.1723022460938,14661300,21.666668,0.0
2022-03-31 00:00:00+09:00,978.3140216670422,998.3602485401335,973.7965198575845,984.5255737304688,14172300,0.0,0.0
2022-04-01 00:00:00+09:00,973.5142786865923,979.725727555063,961.0911741564003,978.0316772460938,13226100,0.0,0.0
2022-04-04 00:00:00+09:00,974.0789264624033,979.7257263531653,965.6086749279476,975.4906005859375,8593500,0.0,0.0
2022-04-05 00:00:00+09:00,979.4434361905764,981.1374864674142,966.1733067575984,970.1261596679688,10305900,0.0,0.0
2022-04-06 00:00:00+09:00,964.4793643530307,965.0441167728903,946.9742106667163,949.23291015625,13197300,0.0,0.0
2022-04-07 00:00:00+09:00,920.998774071591,924.3868748917237,894.1762403144536,908.2933959960938,26263800,0.0,0.0
2022-04-08 00:00:00+09:00,908.2934304917915,910.2697537808391,894.7410266965599,906.8816528320312,16973400,0.0,0.0
2022-04-11 00:00:00+09:00,907.4464609232042,915.35196135764,905.4700341162743,913.09326171875,11211600,0.0,0.0
2022-04-12 00:00:00+09:00,916.481232342288,920.7163581849048,908.5756296371942,911.6814575195312,11131500,0.0,0.0
2022-04-13 00:00:00+09:00,918.175294091752,921.845770999851,908.5756409302929,920.7163696289062,13135200,0.0,0.0
2022-04-14 00:00:00+09:00,911.9637155417821,924.9514690476758,906.3169156419534,923.539794921875,7205400,0.0,0.0
2022-04-15 00:00:00+09:00,923.5398932413466,932.5747947222475,920.1517922614293,929.7513427734375,7571400,0.0,0.0
2022-04-18 00:00:00+09:00,914.2225364697113,921.2810106362497,907.1639589065455,919.3046875,7869600,0.0,0.0
2022-04-19 00:00:00+09:00,933.4217815289783,938.2215565873279,924.6691532257456,935.6804809570312,10220400,0.0,0.0
2022-04-20 00:00:00+09:00,954.3149944730854,975.7730000035202,951.773918952243,969.2791748046875,15872400,0.0,0.0
2022-04-21 00:00:00+09:00,950.362199479605,972.6672291200981,950.362199479605,969.5614013671875,9916200,0.0,0.0
2022-04-22 00:00:00+09:00,962.7851161204159,963.9145173315092,950.6444925367714,954.0325927734375,10194900,0.0,0.0
2022-04-25 00:00:00+09:00,932.0100998964582,958.5501540039971,929.469024286377,953.1857299804688,13021200,0.0,0.0
2022-04-26 00:00:00+09:00,952.9033031278444,966.173329476231,949.7975786794882,959.6795043945312,13932900,0.0,0.0
2022-04-27 00:00:00+09:00,937.6568359263724,941.0449365078588,929.1865844726562,929.1865844726562,16142100,0.0,0.0
2022-04-28 00:00:00+09:00,937.3745825562404,966.4558174896308,932.2924310181704,965.326416015625,15270300,0.0,0.0
2022-05-02 00:00:00+09:00,968.4320551731031,983.9607795769856,967.867302848026,968.9967041015625,15615600,0.0,0.0
2022-05-06 00:00:00+09:00,981.9845106391215,983.6785609142916,971.8202089881011,979.7257080078125,13277700,0.0,0.0
2022-05-09 00:00:00+09:00,981.1375013498345,981.1375013498345,956.2913957804603,958.267822265625,13046400,0.0,0.0
2022-05-10 00:00:00+09:00,952.6209129159594,959.1148412986647,936.5274351445469,945.5624389648438,13389900,0.0,0.0
2022-05-11 00:00:00+09:00,940.4803156182365,944.9977142639884,910.5520584561509,916.7636108398438,18601800,0.0,0.0
2022-05-12 00:00:00+09:00,918.7398600738259,929.4689136368953,904.6228094972732,917.3281860351562,16212000,0.0,0.0
2022-05-13 00:00:00+09:00,931.7278329036789,937.9393862552512,913.0932762456054,937.3746337890625,16616400,0.0,0.0
2022-05-16 00:00:00+09:00,906.3169233161246,918.1752755838123,893.8939220726606,896.4349975585938,24834300,0.0,0.0
2022-05-17 00:00:00+09:00,903.7758627548357,906.0345620918669,886.5529830446679,896.71728515625,11388300,0.0,0.0
2022-05-18 00:00:00+09:00,903.7759417616531,916.7636967273663,901.5172422271697,908.8580932617188,16718700,0.0,0.0
2022-05-19 00:00:00+09:00,886.553098412912,904.3406294228939,883.1649972681537,902.928955078125,15106500,0.0,0.0
2022-05-20 00:00:00+09:00,909.4227699046314,911.3991966802033,902.6465676988306,908.5757446289062,11655300,0.0,0.0
2022-05-23 00:00:00+09:00,911.3990987212098,912.5285000996663,900.1053951265316,904.9052734375,12534300,0.0,0.0
2022-05-24 00:00:00+09:00,908.2933648255259,910.2696879716926,894.7409620100832,896.71728515625,12115200,0.0,0.0
2022-05-25 00:00:00+09:00,879.7767784878071,888.8117825968469,875.5416526231407,876.9534301757812,17996700,0.0,0.0
2022-05-26 00:00:00+09:00,884.0120032950799,888.2471296337607,878.0828264209268,883.1649780273438,15549000,0.0,0.0
2022-05-27 00:00:00+09:00,897.5642988410785,897.5642988410785,882.8825982433979,887.682373046875,12394200,0.0,0.0
2022-05-30 00:00:00+09:00,892.1998729140776,900.670124544918,890.5058225879094,898.97607421875,12686100,0.0,0.0
2022-05-31 00:00:00+09:00,886.5530501270331,904.6229563804526,886.5530501270331,899.8231811523438,20578200,0.0,0.0
2022-06-01 00:00:00+09:00,919.3046433763504,938.5038452148438,916.198815631381,938.5038452148438,18415800,0.0,0.0
2022-06-02 00:00:00+09:00,941.0449494267293,941.327325611271,921.5633708157349,940.7625732421875,10973700,0.0,0.0
2022-06-03 00:00:00+09:00,948.6681921201039,948.6681921201039,927.4925628317087,931.4453125,11328600,0.0,0.0
2022-06-06 00:00:00+09:00,921.2810104415703,932.8570900503113,919.0223111163506,931.4453125,9188700,0.0,0.0
2022-06-07 00:00:00+09:00,950.6445740480655,959.6794743216516,948.6681476083405,954.8796997070312,12884100,0.0,0.0
2022-06-08 00:00:00+09:00,947.2564952991538,958.267822265625,947.2564952991538,958.267822265625,11918400,0.0,0.0
2022-06-09 00:00:00+09:00,957.9854690936746,975.2083487153368,956.2914187504497,964.197021484375,16800300,0.0,0.0
2022-06-10 00:00:00+09:00,963.3500701651852,964.4793682161579,953.4680401410449,959.397216796875,12647700,0.0,0.0
2022-06-13 00:00:00+09:00,933.704120020068,937.6568697086722,926.6455424221205,929.468994140625,12991500,0.0,0.0
2022-06-14 00:00:00+09:00,912.2461482395637,934.2688036288197,911.9637720382601,928.0572509765625,16676400,0.0,0.0
2022-06-15 00:00:00+09:00,935.9628561262992,943.0214340015439,932.292379087711,933.139404296875,12058800,0.0,0.0
2022-06-16 00:00:00+09:00,939.6331896803999,961.0910894381235,937.9391395207579,946.1270141601562,11653200,0.0,0.0
2022-06-17 00:00:00+09:00,911.6814688512337,923.2574451660605,908.293368135028,920.7163696289062,19698600,0.0,0.0
2022-06-20 00:00:00+09:00,939.3509748008693,940.4803762334122,922.1280940885999,926.3632202148438,10732200,0.0,0.0
2022-06-21 00:00:00+09:00,935.6804143319979,945.2800671617871,929.7512382834921,939.3508911132812,13626600,0.0,0.0
2022-06-22 00:00:00+09:00,960.8089944555438,972.9496205816296,958.2679187459023,959.397216796875,18877200,0.0,0.0
2022-06-23 00:00:00+09:00,944.7155522377777,956.5739060173454,942.1744764278703,950.927001953125,11035800,0.0,0.0
2022-06-24 00:00:00+09:00,937.3746337890625,939.9157096969816,932.2924819732242,937.3746337890625,10641600,0.0,0.0
2022-06-27 00:00:00+09:00,946.6917926317669,948.3858430232324,931.7277153060317,932.8571166992188,11789100,0.0,0.0
2022-06-28 00:00:00+09:00,936.8097957632363,956.291373794479,933.7040714122022,954.8796997070312,14279400,0.0,0.0
2022-06-29 00:00:00+09:00,960.8089686389983,965.0440947079379,945.8447875976562,945.8447875976562,17357700,0.0,0.0
2022-06-30 00:00:00+09:00,941.0450471720408,942.4567214481275,926.9279942212639,929.7513427734375,17331300,0.0,0.0
2022-07-01 00:00:00+09:00,923.8220779380054,926.9279058044317,896.7172726841115,901.5171508789062,15431400,0.0,0.0
2022-07-04 00:00:00+09:00,909.7050987917878,915.6342754133358,904.3405711924614,910.5521240234375,10097400,0.0,0.0
2022-07-05 00:00:00+09:00,914.7873169588371,915.069693188878,903.7759881435918,904.3406372070312,9948600,0.0,0.0
2022-07-06 00:00:00+09:00,897.5644516607027,898.976229440692,884.8590720206646,892.4822998046875,17359500,0.0,0.0
2022-07-07 00:00:00+09:00,902.9287124219846,911.6813391592804,895.8701358018034,905.4697875976562,12213300,0.0,0.0
2022-07-08 00:00:00+09:00,913.9401797836471,927.7749590157638,911.9637532085933,917.6106567382812,18333000,0.0,0.0
2022-07-11 00:00:00+09:00,934.5511071827832,939.0685056726904,931.4452793997704,935.3981323242188,12869400,0.0,0.0
2022-07-12 00:00:00+09:00,937.6569213363346,938.221570352474,917.8929650118489,918.739990234375,9350100,0.0,0.0
2022-07-13 00:00:00+09:00,935.1158545403515,947.8212329987801,934.2688293097896,941.6096801757812,15890100,0.0,0.0
2022-07-14 00:00:00+09:00,934.833310556155,946.9740378141831,930.598185163426,943.5859375,9469800,0.0,0.0
2022-07-15 00:00:00+09:00,949.5152323333086,956.0090576190787,942.1743818625846,952.3386840820312,13798500,0.0,0.0
2022-07-19 00:00:00+09:00,968.7144224245262,975.7730000035202,963.3499985893883,969.2791748046875,10839900,0.0,0.0
2022-07-20 00:00:00+09:00,983.9609083364537,998.0780639648438,980.2905347262424,998.0780639648438,21105300,0.0,0.0
2022-07-21 00:00:00+09:00,990.737027493751,995.819178281801,984.8078515743595,994.6898803710938,10906200,0.0,0.0
2022-07-22 00:00:00+09:00,983.6786963355673,984.807994410067,977.1847671223256,979.1611938476562,14712000,0.0,0.0
2022-07-25 00:00:00+09:00,966.7379707816211,985.9371710326409,964.7615445070257,980.0079956054688,11575500,0.0,0.0
2022-07-26 00:00:00+09:00,985.3725915974161,993.5604666323985,979.161039579755,981.4197387695312,7452000,0.0,0.0
2022-07-27 00:00:00+09:00,968.7143085582887,971.537759937333,961.9381079658749,970.6907348632812,11803500,0.0,0.0
2022-07-28 00:00:00+09:00,969.8439202962164,976.6201223594214,966.1734430464344,970.4085693359375,12108300,0.0,0.0
2022-07-29 00:00:00+09:00,969.843818012627,972.1025173299379,950.6446153239165,956.5737915039062,14650800,0.0,0.0
2022-08-01 00:00:00+09:00,965.6086376478553,981.4197387695312,962.5029133373354,981.4197387695312,12386700,0.0,0.0
2022-08-02 00:00:00+09:00,973.2319208427971,980.8551473768138,965.3263181197558,973.7965698242188,11377800,0.0,0.0
2022-08-03 00:00:00+09:00,961.6558337772456,968.4320343595946,956.291307184014,968.149658203125,13208400,0.0,0.0
2022-08-04 00:00:00+09:00,977.7494510913407,979.1611252839344,955.726796024401,961.3735961914062,9580800,0.0,0.0
2022-08-05 00:00:00+09:00,942.7390854525172,954.3150625184346,937.6569340484605,951.7739868164062,15531600,0.0,0.0
2022-08-08 00:00:00+09:00,951.4917021877942,963.3500553166768,946.1271746401361,959.1149291992188,9816300,0.0,0.0
2022-08-09 00:00:00+09:00,952.0562894726575,960.5265411583572,950.3622391355175,956.5737915039062,8883000,0.0,0.0
2022-08-10 00:00:00+09:00,954.3151011985389,967.8675054919934,952.3387778368362,967.3028564453125,12723300,0.0,0.0
2022-08-12 00:00:00+09:00,1002.0307903927743,1009.0893680422619,992.7135133899675,1004.2894897460938,27872100,0.0,0.0
2022-08-15 00:00:00+09:00,1008.8069405300259,1025.7474433097073,1006.5482412916097,1024.6180419921875,14064000,0.0,0.0
2022-08-16 00:00:00+09:00,1004.8542125084455,1018.6888878100401,1004.2894601392932,1015.8655395507812,11454300,0.0,0.0
2022-08-17 00:00:00+09:00,1024.9005003199768,1044.6644562792942,1024.6181241188074,1044.382080078125,15397200,0.0,0.0
2022-08-18 00:00:00+09:00,1044.6643219762357,1044.6643219762357,1033.9352684707223,1035.3470458984375,9489600,0.0,0.0
2022-08-19 00:00:00+09:00,1041.8411346720302,1050.3113877994451,1040.9941093592886,1048.3349609375,11918100,0.0,0.0
2022-08-22 00:00:00+09:00,1044.0995045460754,1055.110830133272,1039.8643793202307,1051.1580810546875,11004300,0.0,0.0
2022-08-23 00:00:00+09:00,1034.2178128570833,1040.711638532328,1026.3122095244898,1030.8297119140625,11683800,0.0,0.0
2022-08-24 00:00:00+09:00,1043.8176813648283,1046.6410304669923,1035.3474272650235,1038.1707763671875,13501500,0.0,0.0
2022-08-25 00:00:00+09:00,1039.582368302177,1043.2527421575803,1028.006287505984,1030.54736328125,8161200,0.0,0.0
2022-08-26 00:00:00+09:00,1037.8881879927121,1041.8409375721596,1029.700209254151,1031.6766357421875,7226100,0.0,0.0
2022-08-29 00:00:00+09:00,1017.5595663170759,1038.4528185765664,1017.2771901390344,1035.9117431640625,12030000,0.0,0.0
2022-08-30 00:00:00+09:00,1050.3111060787353,1060.1930309445822,1037.6057297955247,1044.664306640625,11800500,0.0,0.0
2022-08-31 00:00:00+09:00,1034.7823221070098,1053.9816271218378,1034.2176731583224,1051.4405517578125,20207100,0.0,0.0
2022-09-01 00:00:00+09:00,1037.6057841086902,1039.5822105439618,1025.7474322903051,1031.958984375,15821100,0.0,0.0
2022-09-02 00:00:00+09:00,1029.417911507672,1037.3234104748842,1029.417911507672,1037.0411376953125,13058700,0.0,0.0
2022-09-05 00:00:00+09:00,1029.418164686184,1034.217940482223,1020.6655350377384,1022.0772094726562,10048200,0.0,0.0
2022-09-06 00:00:00+09:00,1012.4773614897722,1025.7473868039706,1008.806884957497,1022.6416625976562,11477100,0.0,0.0
2022-09-07 00:00:00+09:00,1030.8297119140625,1039.5823404824112,1025.7475604995313,1030.8297119140625,16431600,0.0,0.0
2022-09-08 00:00:00+09:00,1027.7238060246239,1036.476329653527,1025.1827307652743,1033.37060546875,19769400,0.0,0.0
2022-09-09 00:00:00+09:00,1029.418148751826,1041.841152418092,1027.159345614944,1039.0177001953125,18528600,0.0,0.0
2022-09-12 00:00:00+09:00,1048.6171875,1052.5699372630513,1042.1233621614238,1048.6171875,8853900,0.0,0.0
2022-09-13 00:00:00+09:00,1037.0413132799308,1040.4294143814207,1021.5124820992218,1031.3944091796875,14055600,0.0,0.0
2022-09-14 00:00:00+09:00,1032.5236665082602,1037.0411684783503,1015.5831633662052,1015.8655395507812,16437300,0.0,0.0
2022-09-15 00:00:00+09:00,1013.8892736646022,1018.9714254122945,1005.7013969810898,1009.9365234375,16814400,0.0,0.0
2022-09-16 00:00:00+09:00,998.9251157764933,1004.5719161402926,990.1724873254655,995.254638671875,23128200,0.0,0.0
2022-09-20 00:00:00+09:00,1004.5718440286387,1010.7833963605749,997.7956427198452,1000.9013671875,20189700,0.0,0.0
2022-09-21 00:00:00+09:00,989.607812493056,994.6899637068921,980.29053526769,981.7022094726562,23869800,0.0,0.0
2022-09-22 00:00:00+09:00,981.4197387695312,984.2431903042174,970.1261394240289,981.4197387695312,15472200,0.0,0.0
2022-09-26 00:00:00+09:00,957.1384024529701,960.2441268154477,927.2101465537964,932.2922973632812,22744500,0.0,0.0
2022-09-27 00:00:00+09:00,945.2801651103703,957.7031674622851,943.8684908466586,947.256591796875,17101500,0.0,0.0
2022-09-28 00:00:00+09:00,937.9392678736153,940.7626162616376,921.5634129572386,932.8571166992188,18838200,0.0,0.0
2022-09-29 00:00:00+09:00,948.6730784536707,949.2482763429583,927.1057903309817,939.1834716796875,17597100,20.0,0.0
2022-09-30 00:00:00+09:00,929.6938354416745,934.5824908005679,898.3494479027547,902.0877075195312,27715200,0.0,0.0
2022-10-03 00:00:00+09:00,903.5255299250935,924.8052168516356,903.5255299250935,923.079833984375,17790000,0.0,0.0
2022-10-04 00:00:00+09:00,937.7454828400189,944.6470135324938,929.4061683562788,942.921630859375,17724600,0.0,0.0
2022-10-05 00:00:00+09:00,954.7118550388988,955.862145431232,945.5098478272837,946.9476318359375,16597200,0.0,0.0
2022-10-06 00:00:00+09:00,943.78434101439,961.0381680896073,942.0589583068682,954.9993286132812,14731200,0.0,0.0
2022-10-07 00:00:00+09:00,938.033182181744,950.1108621870496,936.0202004111889,946.3724975585938,13182900,0.0,0.0
2022-10-11 00:00:00+09:00,928.8311151342546,939.4710117105665,920.2042004261685,926.5306396484375,18180600,0.0,0.0
2022-10-12 00:00:00+09:00,926.5306417115977,929.9814076025161,917.9037269843016,918.7664184570312,16665900,0.0,0.0
2022-10-13 00:00:00+09:00,921.0669308099755,931.4192288970399,917.9037637197131,927.6809692382812,14052900,0.0,0.0
2022-10-14 00:00:00+09:00,938.3205752947248,948.9604702152906,934.007118611928,942.921630859375,16470600,0.0,0.0
2022-10-17 00:00:00+09:00,940.0461623618879,942.0591443545424,934.5825195817206,941.7715454101562,11346000,0.0,0.0
2022-10-18 00:00:00+09:00,948.9606773983145,951.5487519730372,934.294921474886,939.1834716796875,15988500,0.0,0.0
2022-10-19 00:00:00+09:00,939.1834265209552,946.66015625,937.4580435541017,946.66015625,12951000,0.0,0.0
2022-10-20 00:00:00+09:00,937.1706155954389,943.4969500444791,934.8700346057639,938.32080078125,15516600,0.0,0.0
2022-10-21 00:00:00+09:00,938.3207810005891,940.0461640519595,931.4192487951075,936.5953979492188,10692000,0.0,0.0
2022-10-24 00:00:00+09:00,945.7973865631412,948.097861892391,936.0201821230613,936.8828735351562,11495400,0.0,0.0
2022-10-25 00:00:00+09:00,941.4839855329277,958.7378148016495,939.7586026060554,957.5875244140625,13757100,0.0,0.0
2022-10-26 00:00:00+09:00,959.8880974657087,969.6653034816406,959.3130048679576,966.5021362304688,15384000,0.0,0.0
2022-10-27 00:00:00+09:00,963.6263242973571,965.9267996671608,948.3854775180096,949.2481689453125,11153400,0.0,0.0
2022-10-28 00:00:00+09:00,952.4114564547186,960.4632792330689,946.9477082862996,954.4244384765625,20724600,0.0,0.0
2022-10-31 00:00:00+09:00,961.9009975963404,971.3906038506541,961.6133986674461,969.9528198242188,11097600,0.0,0.0
2022-11-01 00:00:00+09:00,977.7171020507812,983.4683438121717,973.4036444024823,977.7171020507812,10304700,0.0,0.0
2022-11-02 00:00:00+09:00,977.1418416596396,987.78173828125,975.9916565663428,987.78173828125,9788700,0.0,0.0
2022-11-04 00:00:00+09:00,981.7428185605,983.7558002744943,966.5019721802852,973.4035034179688,17011500,0.0,0.0
2022-11-07 00:00:00+09:00,986.3439363094418,989.7947021445663,973.6910580413078,978.2921142578125,10437300,0.0,0.0
2022-11-08 00:00:00+09:00,992.3827514648438,999.2842829608403,982.6055467425108,992.3827514648438,12671700,0.0,0.0
2022-11-09 00:00:00+09:00,989.7946582745984,995.2583003987071,981.7428365798443,985.481201171875,12298200,0.0,0.0
2022-11-10 00:00:00+09:00,934.007237674474,946.6601157629372,931.1316697253806,945.7974243164062,30403500,0.0,0.0
2022-11-11 00:00:00+09:00,964.4891387981231,965.6394292843136,950.3984752511349,959.025390625,19276800,0.0,0.0
2022-11-14 00:00:00+09:00,956.7247928789337,959.3128671608425,948.9605700332075,949.2481689453125,17507100,0.0,0.0
2022-11-15 00:00:00+09:00,948.3855764155614,961.0383502324302,947.5228848982971,957.8751831054688,12352500,0.0,0.0
2022-11-16 00:00:00+09:00,953.5616660728581,956.7248330026234,946.6601343649942,952.698974609375,11325900,0.0,0.0
2022-11-17 00:00:00+09:00,950.9735517999184,957.8750832183417,948.3854775180096,949.2481689453125,8331600,0.0,0.0
2022-11-18 00:00:00+09:00,958.73779423048,962.4760536191487,956.1497198957028,958.4501953125,9024900,0.0,0.0
2022-11-21 00:00:00+09:00,964.4890547995072,968.2274195722782,958.1626156399755,962.763671875,8717100,0.0,0.0
2022-11-22 00:00:00+09:00,968.8025299857545,981.167809609208,968.5149310566915,972.2532958984375,11245800,0.0,0.0
2022-11-24 00:00:00+09:00,975.9916200931408,979.44238586211,969.9527799974446,971.3905639648438,11252400,0.0,0.0
2022-11-25 00:00:00+09:00,971.6782234137353,973.1160074707028,966.5020744378272,969.0901489257812,7538400,0.0,0.0
2022-11-28 00:00:00+09:00,974.2662994329303,976.8543739249519,958.1626546098929,963.9140014648438,10814400,0.0,0.0
2022-11-29 00:00:00+09:00,956.149640131559,960.4630969963493,946.6600350290198,948.9605102539062,13734600,0.0,0.0
2022-11-30 00:00:00+09:00,951.836282392297,965.0641479492188,947.5228250782972,965.0641479492188,23229600,0.0,0.0
2022-12-01 00:00:00+09:00,966.2145400675283,966.7896326669403,955.5746424697279,958.7379150390625,11043300,0.0,0.0
2022-12-02 00:00:00+09:00,954.7118772699058,954.7118772699058,934.0072815798909,940.9088134765625,13816200,0.0,0.0
2022-12-05 00:00:00+09:00,940.908772318629,942.0590626874306,929.693783477112,932.8570556640625,11941500,0.0,0.0
2022-12-06 00:00:00+09:00,946.3725180701188,946.6601169890064,931.4191645412111,940.6212768554688,11655300,0.0,0.0
2022-12-07 00:00:00+09:00,936.5954354717494,948.3856236678098,935.7327439115024,945.2223510742188,10963500,0.0,0.0
2022-12-08 00:00:00+09:00,934.294758460101,940.3335980808034,929.9813015881707,938.6082153320312,11972100,0.0,0.0
2022-12-09 00:00:00+09:00,933.7198297362842,946.9476962574411,933.7198297362842,936.5953979492188,11265000,0.0,0.0
2022-12-12 00:00:00+09:00,936.3078824310412,943.7845070425699,935.1575919873361,937.7456665039062,8595900,0.0,0.0
2022-12-13 00:00:00+09:00,951.8361832667684,958.4501153564454,948.9605102539062,948.9605102539062,10002000,0.0,0.0
2022-12-14 00:00:00+09:00,943.2094485001936,954.4244384765625,940.6213738902622,954.4244384765625,8850600,0.0,0.0
2022-12-15 00:00:00+09:00,939.1833062573794,953.2739671186968,937.745522405451,948.9605102539062,10400400,0.0,0.0
2022-12-16 00:00:00+09:00,944.0720645647335,948.3855219031209,938.6083168331038,939.4710083007812,12712200,0.0,0.0
2022-12-19 00:00:00+09:00,928.5436434340593,931.4192115319514,921.9296051290636,925.38037109375,11931900,0.0,0.0
2022-12-20 00:00:00+09:00,934.5824910559692,935.7326761803589,892.8857002258301,897.1991577148438,21821100,0.0,0.0
2022-12-21 00:00:00+09:00,891.1603340885179,891.7354266615919,869.880592521993,873.6189575195312,23544300,0.0,0.0
2022-12-22 00:00:00+09:00,891.4478985443277,898.924522941152,885.1214592491573,887.7095336914062,14943000,0.0,0.0
2022-12-23 00:00:00+09:00,872.756276110457,877.6448263107445,867.8676732556573,875.6318969726562,16206000,0.0,0.0
2022-12-26 00:00:00+09:00,880.2328560814651,888.8598235379962,879.9453098062341,885.4090576171875,5531100,0.0,0.0
2022-12-27 00:00:00+09:00,888.2846820124753,890.8727566172145,873.3313796254864,875.0567626953125,9500700,0.0,0.0
2022-12-28 00:00:00+09:00,875.0567820527805,878.5075482687685,870.16823168314,874.481689453125,10914300,0.0,0.0
2022-12-29 00:00:00+09:00,867.8676242789167,872.4686279296875,862.9790216999976,872.4686279296875,9963900,0.0,0.0
2022-12-30 00:00:00+09:00,874.1940302365671,879.3701792037333,871.8935546875,871.8935546875,10842600,0.0,0.0
2023-01-04 00:00:00+09:00,871.6058845641587,878.5074159566944,865.5670445956899,874.7691040039062,14172900,0.0,0.0
2023-01-05 00:00:00+09:00,886.8468753594954,892.3106233781418,875.9194319767138,881.0955810546875,13974900,0.0,0.0
2023-01-06 00:00:00+09:00,886.8468996720401,902.6629462802244,885.9842081353942,898.0618896484375,14922900,0.0,0.0
2023-01-10 00:00:00+09:00,915.8906442084008,921.066792474525,899.7871069279056,907.8389282226562,18772500,0.0,0.0
2023-01-11 00:00:00+09:00,902.0878088937673,905.5385752718232,897.7743509211974,902.9505004882812,14900100,0.0,0.0
2023-01-12 00:00:00+09:00,901.5125526098191,905.5384108837005,894.3234221909468,897.4866943359375,11572800,0.0,0.0
2023-01-13 00:00:00+09:00,892.5980961465422,899.4996280891934,880.2328689674622,881.958251953125,14348700,0.0,0.0
2023-01-16 00:00:00+09:00,862.691524942873,873.0438232421875,859.9596508957167,873.0438232421875,13221000,0.0,0.0
2023-01-17 00:00:00+09:00,876.4945026343158,894.8986217821355,876.4945026343158,889.7224731445312,11599500,0.0,0.0
2023-01-18 00:00:00+09:00,889.434974281978,911.5773552862156,881.38320415812,898.0618896484375,16388100,0.0,0.0
2023-01-19 00:00:00+09:00,877.3573498371752,883.1086446737489,874.4817287461465,877.9324951171875,13290900,0.0,0.0
2023-01-20 00:00:00+09:00,877.0696910617442,882.5333862304688,875.3443080974617,882.5333862304688,9860100,0.0,0.0
2023-01-23 00:00:00+09:00,894.6110855235738,895.7613759599445,888.5722450234148,889.4349365234375,8838000,0.0,0.0
2023-01-24 00:00:00+09:00,902.9503984982335,904.1006889306688,894.323483527521,899.7872314453125,13503000,0.0,0.0
2023-01-25 00:00:00+09:00,898.6368788935534,904.9633178710938,896.6240024122101,904.9633178710938,10779300,0.0,0.0
2023-01-26 00:00:00+09:00,898.0617869506602,908.4140842065757,898.0617869506602,902.375244140625,11205900,0.0,0.0
2023-01-27 00:00:00+09:00,906.9763598477526,912.4400024414062,900.0748278902784,912.4400024414062,14256000,0.0,0.0
2023-01-30 00:00:00+09:00,917.0410143606342,922.2171630776274,913.015156017089,917.32861328125,11408400,0.0,0.0
2023-01-31 00:00:00+09:00,925.3802687321747,928.2559418209922,919.3414289619639,922.2171020507812,12055200,0.0,0.0
2023-02-01 00:00:00+09:00,928.8311330280326,934.8699734400301,923.9425830356125,931.1317138671875,13883100,0.0,0.0
2023-02-02 00:00:00+09:00,930.5565215435904,930.5565215435904,917.0410565964148,920.2042236328125,11065800,0.0,0.0
2023-02-03 00:00:00+09:00,920.7795630642134,927.3934970877184,915.6034133130262,919.6292724609375,9714300,0.0,0.0
2023-02-06 00:00:00+09:00,940.9087316885962,945.7973865631412,936.5952746281212,936.8828735351562,15422700,0.0,0.0
2023-02-07 00:00:00+09:00,944.359539416786,945.509829787172,932.2818591092856,937.4580078125,11263500,0.0,0.0
2023-02-08 00:00:00+09:00,933.7197301021524,936.5952980082448,921.6420500313288,923.079833984375,14112000,0.0,0.0
2023-02-09 00:00:00+09:00,920.7794215005357,923.9425885369334,915.8907661699883,920.2042236328125,12521400,0.0,0.0
2023-02-10 00:00:00+09:00,920.2042246047752,922.7922990852034,912.1525075383456,912.7276000976562,13747500,0.0,0.0
2023-02-13 00:00:00+09:00,940.3337160631287,959.0253297503681,939.471024580502,954.1367797851562,28596300,0.0,0.0
2023-02-14 00:00:00+09:00,967.3646872464585,969.6651626122855,950.3983523328216,957.0123901367188,12848400,0.0,0.0
2023-02-15 00:00:00+09:00,964.2015355034221,969.6652836519187,961.9010598504353,964.7767333984375,13829100,0.0,0.0
2023-02-16 00:00:00+09:00,971.9656745058305,980.3050954747572,969.3776001311325,975.9916381835938,15251400,0.0,0.0
2023-02-17 00:00:00+09:00,969.3775383685545,988.6443481445312,967.9397544661117,988.6443481445312,14627100,0.0,0.0
2023-02-20 00:00:00+09:00,997.2712394133555,998.9966221805066,990.6573072422784,994.9707641601562,12688500,0.0,0.0
2023-02-21 00:00:00+09:00,997.846490756084,1019.9889766656012,996.6963056008789,1015.9630126953125,17993700,0.0,0.0
2023-02-22 00:00:00+09:00,1006.7610289081306,1011.0744866155347,1000.4345891675958,1004.748046875,15730200,0.0,0.0
2023-02-24 00:00:00+09:00,1017.4008216550062,1022.2893714506399,1010.7867836449553,1011.6494750976562,17389200,0.0,0.0
2023-02-27 00:00:00+09:00,1019.9889353274067,1027.7531587009785,1016.538169383597,1017.6883544921875,13677600,0.0,0.0
2023-02-28 00:00:00+09:00,1029.478582554466,1039.5432818539166,1018.2635927917266,1018.5510864257812,25266600,0.0,0.0
2023-03-01 00:00:00+09:00,1015.1002556010144,1035.2297582250628,1014.8127619852963,1029.19091796875,13368300,0.0,0.0
2023-03-02 00:00:00+09:00,1025.4526367630053,1034.367151066195,1017.4009193043424,1018.2636108398438,17329500,0.0,0.0
2023-03-03 00:00:00+09:00,1018.5508590075433,1037.242574644708,1018.5508590075433,1031.2037353515625,16638000,0.0,0.0
2023-03-06 00:00:00+09:00,1042.418864335076,1045.8696301146028,1034.3670424131753,1040.6934814453125,15491400,0.0,0.0
2023-03-07 00:00:00+09:00,1033.791869742454,1047.0197339991523,1030.6285978171081,1043.8565673828125,12396000,0.0,0.0
2023-03-08 00:00:00+09:00,1042.4187630880085,1051.9083680600102,1040.6933803658264,1044.71923828125,13121100,0.0,0.0
2023-03-09 00:00:00+09:00,1049.8956292803025,1057.6598533259253,1047.882647202502,1054.7841796875,14196600,0.0,0.0
2023-03-10 00:00:00+09:00,1048.7452395377877,1050.7582214251331,1034.6546822534247,1038.9681396484375,20144700,0.0,0.0
2023-03-13 00:00:00+09:00,1022.8642984682788,1025.7399712816275,1003.8850895799728,1008.4861450195312,16430400,0.0,0.0
2023-03-14 00:00:00+09:00,972.2533781350613,973.6911622839527,956.4373312611477,966.5021362304688,23603100,0.0,0.0
2023-03-15 00:00:00+09:00,985.481163162093,985.7686567518452,968.2273354166757,976.566650390625,16885500,0.0,0.0
2023-03-16 00:00:00+09:00,948.0979169725226,969.9528024516009,945.7974415096257,967.6522216796875,16423800,0.0,0.0
2023-03-17 00:00:00+09:00,967.65220047308,972.8283491329223,959.3128849574498,966.2144165039062,21644100,0.0,0.0
2023-03-20 00:00:00+09:00,957.0124551673367,964.7766785272337,950.9736147763058,951.2611083984375,13441200,0.0,0.0
2023-03-22 00:00:00+09:00,971.3906832926074,984.6186554682806,965.3518424550867,979.1549072265625,17254800,0.0,0.0
2023-03-23 00:00:00+09:00,967.9398365453015,980.0175172152072,964.4890706396142,975.1289672851562,12545100,0.0,0.0
2023-03-24 00:00:00+09:00,965.3517840068408,971.6782234137353,963.3388020798698,969.0901489257812,12924900,0.0,0.0
2023-03-27 00:00:00+09:00,973.1159854038326,979.4424246672654,966.7895461403998,975.1289672851562,9761700,0.0,0.0
2023-03-28 00:00:00+09:00,984.3310792530682,986.9191539575022,969.3777236355508,973.1160888671875,12756300,0.0,0.0
2023-03-29 00:00:00+09:00,978.8672206443101,998.421630859375,977.7170355556715,998.421630859375,14737200,0.0,0.0
2023-03-30 00:00:00+09:00,1009.2484611921901,1022.7090451461634,1005.4444646536853,1014.8082885742188,15134400,20.0,0.0
2023-03-31 00:00:00+09:00,1018.6125473708805,1031.1951642385277,1015.1010994709072,1027.0985107421875,19759200,0.0,0.0
2023-04-03 00:00:00+09:00,1033.2434617137624,1040.8515625,1029.439357740205,1040.8515625,14242500,0.0,0.0
2023-04-04 00:00:00+09:00,1035.2917484435345,1052.556328622248,1033.2433684640416,1051.678466796875,16991100,0.0,0.0
2023-04-05 00:00:00+09:00,1037.0475397246596,1043.777778437805,1025.9278844375287,1028.2689208984375,14580300,0.0,0.0
2023-04-06 00:00:00+09:00,1019.782830967366,1021.2460055165379,1009.8338012695312,1009.8338012695312,13515900,0.0,0.0
2023-04-07 00:00:00+09:00,1004.8592998346617,1023.0018519987251,1004.5667506184216,1017.7346801757812,10117200,0.0,0.0
2023-04-10 00:00:00+09:00,1026.8058146024107,1031.780437041997,1017.734645986001,1021.24609375,10699800,0.0,0.0
2023-04-11 00:00:00+09:00,1025.927951044108,1035.8770887467151,1023.0018160193096,1030.3172607421875,11806200,0.0,0.0
2023-04-12 00:00:00+09:00,1039.095920551282,1042.3148192289852,1032.950886734976,1035.58447265625,9268800,0.0,0.0
2023-04-13 00:00:00+09:00,1031.4876708984375,1034.9991182887302,1026.5131561491464,1031.4876708984375,8276100,0.0,0.0
2023-04-14 00:00:00+09:00,1031.1950279346204,1031.1950279346204,1016.8566890122357,1017.44189453125,14958600,0.0,0.0
2023-04-17 00:00:00+09:00,1030.024765889551,1031.487833479155,1021.5386952515427,1029.439453125,8534700,0.0,0.0
2023-04-18 00:00:00+09:00,1037.9253463364332,1044.0703791875578,1033.2433808248106,1038.2178955078125,10136700,0.0,0.0
2023-04-19 00:00:00+09:00,1037.9254822735675,1040.5590681261133,1033.2435161487476,1039.3885498046875,9200700,0.0,0.0
2023-04-20 00:00:00+09:00,1034.4137642550338,1036.7546931254922,1026.5130087612747,1035.2916259765625,7767300,0.0,0.0
2023-04-21 00:00:00+09:00,1016.5641684965816,1024.1722699037796,1013.930582567834,1018.612548828125,11755200,0.0,0.0
2023-04-24 00:00:00+09:00,1019.4903084782251,1028.268927359608,1018.9049957788828,1021.8312377929688,7071000,0.0,0.0
2023-04-25 00:00:00+09:00,1024.7576904296875,1030.9027249096696,1022.7093098827278,1024.7576904296875,7968900,0.0,0.0
2023-04-26 00:00:00+09:00,1017.4420094003275,1024.1722486918843,1014.8084235261247,1017.1493530273438,9167700,0.0,0.0
2023-04-27 00:00:00+09:00,1023.0019240769043,1029.7321639379002,1016.5642334527608,1028.5616455078125,10439100,0.0,0.0
2023-04-28 00:00:00+09:00,1040.2664914338484,1049.9229736328125,1034.121457307235,1049.9229736328125,15045600,0.0,0.0
2023-05-01 00:00:00+09:00,1057.5309654868577,1063.3834497730843,1050.2155208703944,1059.579345703125,10386900,0.0,0.0
2023-05-02 00:00:00+09:00,1059.2866893405499,1061.335069556817,1049.6302081452438,1059.579345703125,8619300,0.0,0.0
2023-05-08 00:00:00+09:00,1050.5080428432304,1061.6276984023148,1046.4113896777596,1056.653076171875,12050400,0.0,0.0
2023-05-09 00:00:00+09:00,1060.4572342625659,1073.3325071260338,1056.3605808880268,1070.4063720703125,12322800,0.0,0.0
2023-05-10 00:00:00+09:00,1074.5030655756193,1077.7218571214817,1062.5056542129626,1068.9432373046875,12104700,0.0,0.0
2023-05-11 00:00:00+09:00,1064.8464904478446,1066.3095579021165,1041.1442190199043,1048.1671142578125,14277000,0.0,0.0
2023-05-12 00:00:00+09:00,1082.6963160378439,1104.9354114362188,1075.0881085734106,1094.6937255859375,38887200,0.0,0.0
2023-05-15 00:00:00+09:00,1103.76513648431,1126.2968909970032,1097.0347900390625,1097.0347900390625,17549700,0.0,0.0
2023-05-16 00:00:00+09:00,1105.2281351584388,1116.0551343420252,1100.8388256462924,1111.9583740234375,18692100,0.0,0.0
2023-05-17 00:00:00+09:00,1111.373289336984,1130.3935969044458,1109.0323597295562,1119.8592529296875,17341800,0.0,0.0
2023-05-18 00:00:00+09:00,1141.2205682197227,1145.609878097491,1133.027154060927,1138.879638671875,14697600,0.0,0.0
2023-05-19 00:00:00+09:00,1152.925333564354,1161.4112962292086,1139.7574050356784,1142.9761962890625,13499400,0.0,0.0
2023-05-22 00:00:00+09:00,1140.9279352445922,1160.5335554877524,1137.416487270348,1159.363037109375,16745700,0.0,0.0
2023-05-23 00:00:00+09:00,1166.0933972085575,1177.7981524830288,1153.80332915774,1161.1187744140625,18732600,0.0,0.0
2023-05-24 00:00:00+09:00,1155.8514683706514,1164.0448818414618,1154.095744566969,1158.1925048828125,13071300,0.0,0.0
2023-05-25 00:00:00+09:00,1164.3374288465047,1176.9200434839436,1160.2406689154102,1169.019287109375,19010100,0.0,0.0
2023-05-26 00:00:00+09:00,1173.7015122742869,1184.2358564383046,1159.655720055597,1162.87451171875,15472800,0.0,0.0
2023-05-29 00:00:00+09:00,1192.7216254283426,1197.9887966502943,1177.5054244499527,1177.7979736328125,14022300,0.0,0.0
2023-05-30 00:00:00+09:00,1177.7980813623772,1196.23318232541,1173.1162223996555,1191.2586669921875,13775400,0.0,0.0
2023-05-31 00:00:00+09:00,1170.7750384667618,1180.7241750424275,1163.7521437453197,1171.945556640625,46445700,0.0,0.0
2023-06-01 00:00:00+09:00,1167.556247164581,1171.6529000308337,1155.2661814049538,1164.0447998046875,15285900,0.0,0.0
2023-06-02 00:00:00+09:00,1171.653007507741,1188.9176967181706,1169.6047344671592,1186.57666015625,13897200,0.0,0.0
2023-06-05 00:00:00+09:00,1210.8644173823911,1226.6659342044677,1210.5717609802027,1224.6175537109375,17659800,0.0,0.0
2023-06-06 00:00:00+09:00,1217.887203428267,1243.34520044667,1212.0347188799983,1242.7598876953125,14495400,0.0,0.0
2023-06-07 00:00:00+09:00,1250.9532353649402,1257.3909251619648,1215.8387585827663,1217.594482421875,19002600,0.0,0.0
2023-06-08 00:00:00+09:00,1229.006714603103,1233.1033679314862,1207.9380280670498,1213.7904052734375,14108100,0.0,0.0
2023-06-09 00:00:00+09:00,1229.0067668436127,1245.9788007727007,1222.2765274121452,1243.34521484375,19068900,0.0,0.0
2023-06-12 00:00:00+09:00,1254.7574053139358,1266.462160082242,1250.6606447002325,1257.3909912109375,13409700,0.0,0.0
2023-06-13 00:00:00+09:00,1267.0474023201427,1291.627535990902,1266.16954040333,1281.3857421875,18940500,0.0,0.0
2023-06-14 00:00:00+09:00,1302.1618105322123,1341.0802820242113,1302.1618105322123,1327.3271484375,28590000,0.0,0.0
2023-06-15 00:00:00+09:00,1311.5257556053778,1325.8642032008759,1301.2840685576693,1320.01171875,22490100,0.0,0.0
2023-06-16 00:00:00+09:00,1302.1618642886765,1306.843723018225,1286.0676936085501,1303.332275390625,31802700,0.0,0.0
2023-06-19 00:00:00+09:00,1297.4799543048741,1299.235678194326,1279.6300590418205,1286.0677490234375,18713400,0.0,0.0
2023-06-20 00:00:00+09:00,1279.0449624637974,1283.7269289549527,1268.5106182293666,1276.99658203125,16172100,0.0,0.0
2023-06-21 00:00:00+09:00,1267.925370234332,1300.6988130945876,1263.5360602833255,1294.846435546875,17967600,0.0,0.0
2023-06-22 00:00:00+09:00,1297.7725970250178,1307.7216275200249,1287.82345936913,1291.6275634765625,13575900,0.0,0.0
2023-06-23 00:00:00+09:00,1300.991223335952,1303.3321524799653,1260.0243739309526,1270.5587158203125,16215000,0.0,0.0
2023-06-26 00:00:00+09:00,1256.5131963300967,1269.681126518136,1254.1721595227407,1258.8541259765625,12295500,0.0,0.0
2023-06-27 00:00:00+09:00,1272.0220556159054,1272.6072612370467,1250.0755053119733,1259.4393310546875,11615700,0.0,0.0
2023-06-28 00:00:00+09:00,1277.2891428816781,1287.823486328125,1268.803179714557,1287.823486328125,13607100,0.0,0.0
2023-06-29 00:00:00+09:00,1299.5283078698199,1302.4544428515471,1277.581759702467,1281.9710693359375,13154700,0.0,0.0
2023-06-30 00:00:00+09:00,1281.970973818691,1284.3119030618304,1261.7801510091065,1270.26611328125,18810000,0.0,0.0
2023-07-03 00:00:00+09:00,1287.5308420018755,1298.6504982955198,1282.5563266036982,1298.065185546875,14400900,0.0,0.0
2023-07-04 00:00:00+09:00,1299.2357181670407,1304.5028899974477,1287.8235125344925,1291.920166015625,11439600,0.0,0.0
2023-07-05 00:00:00+09:00,1286.945515840399,1297.7725147453411,1281.385688214476,1297.4798583984375,11293500,0.0,0.0
2023-07-06 00:00:00+09:00,1294.5535759761992,1298.6503360613888,1279.3373753082312,1283.7266845703125,14590200,0.0,0.0
2023-07-07 00:00:00+09:00,1267.0474593383758,1269.0957324625274,1242.174668189089,1255.63525390625,22529400,0.0,0.0
2023-07-10 00:00:00+09:00,1254.7573380189924,1255.342543577757,1222.8616525900807,1233.981201171875,25166700,0.0,0.0
2023-07-11 00:00:00+09:00,1244.5155309437396,1244.5155309437396,1220.5207101984674,1224.32470703125,14001600,0.0,0.0
2023-07-12 00:00:00+09:00,1229.2992611883687,1232.2253959498064,1216.7165387993975,1223.44677734375,11704800,0.0,0.0
2023-07-13 00:00:00+09:00,1221.1059976502704,1231.9329976440042,1211.742172377321,1225.7879638671875,12108900,0.0,0.0
2023-07-14 00:00:00+09:00,1225.787922972574,1236.322266238528,1217.5945091565382,1228.4215087890625,14931300,0.0,0.0
2023-07-18 00:00:00+09:00,1223.1542551632058,1237.4925944290114,1221.6910805893183,1234.8590087890625,11346300,0.0,0.0
2023-07-19 00:00:00+09:00,1249.197468967259,1275.5333256566603,1245.9786777588463,1274.9481201171875,16506300,0.0,0.0
2023-07-20 00:00:00+09:00,1275.2407783617095,1281.9711248651458,1263.8285728203607,1265.876953125,13180200,0.0,0.0
2023-07-21 00:00:00+09:00,1267.6325546473672,1282.5562066065122,1264.706312660577,1281.6783447265625,12045000,0.0,0.0
2023-07-24 00:00:00+09:00,1294.5536163301178,1310.6477865130612,1294.2610671441068,1305.380615234375,12600600,0.0,0.0
2023-07-25 00:00:00+09:00,1306.2585171423254,1317.3780655733342,1293.3832448979533,1311.2330322265625,13578600,0.0,0.0
2023-07-26 00:00:00+09:00,1298.9429941352419,1301.5765799132773,1291.3348931634323,1297.7725830078125,11092800,0.0,0.0
2023-07-27 00:00:00+09:00,1294.846353867699,1299.5283199070623,1287.2382528195044,1292.7979736328125,15020700,0.0,0.0
2023-07-28 00:00:00+09:00,1274.948145820726,1301.8692085923408,1264.706352127785,1287.53076171875,19929600,0.0,0.0
2023-07-31 00:00:00+09:00,1311.8184262872378,1329.3756655096372,1310.3552515781153,1320.5970458984375,24425700,0.0,0.0
2023-08-01 00:00:00+09:00,1333.7648374305938,1348.3958328830795,1324.6935623831814,1343.7138671875,14523600,0.0,0.0
2023-08-02 00:00:00+09:00,1323.2305360732094,1350.7368040915314,1313.2813988465043,1324.693603515625,17280600,0.0,0.0
2023-08-03 00:00:00+09:00,1310.0627048322235,1311.233116008665,1292.7980147904273,1296.894775390625,15649800,0.0,0.0
2023-08-04 00:00:00+09:00,1288.408583790324,1296.8946534061981,1282.8488633229572,1288.993896484375,13530900,0.0,0.0
2023-08-07 00:00:00+09:00,1281.3857283673362,1291.6275220602772,1272.3145600986916,1287.53076171875,13463700,0.0,0.0
2023-08-08 00:00:00+09:00,1292.5054514834612,1307.429104687881,1292.2127951121,1303.039794921875,10680300,0.0,0.0
2023-08-09 00:00:00+09:00,1302.161961501049,1303.625029068148,1284.312065674546,1290.749755859375,12637800,0.0,0.0
2023-08-10 00:00:00+09:00,1361.5636933762007,1377.3652062587098,1352.1998696105586,1366.5382080078125,34150500,0.0,0.0
2023-08-14 00:00:00+09:00,1363.6122124392168,1365.0752799128284,1301.2840163788883,1311.818359375,22389900,0.0,0.0
2023-08-15 00:00:00+09:00,1322.6452916569408,1329.6681872005367,1317.085570792182,1317.6707763671875,10514400,0.0,0.0
2023-08-16 00:00:00+09:00,1306.5512158825852,1309.4773508925296,1291.6275629848749,1292.2127685546875,13366800,0.0,0.0
2023-08-17 00:00:00+09:00,1300.113512423551,1302.7470982015864,1274.655516569207,1297.7725830078125,14037000,0.0,0.0
2023-08-18 00:00:00+09:00,1284.604560093354,1301.5764846467678,1281.9709745080788,1293.3831787109375,10783500,0.0,0.0
2023-08-21 00:00:00+09:00,1298.9430346061,1311.2331019531844,1290.164415072468,1295.7242431640625,12977100,0.0,0.0
2023-08-22 00:00:00+09:00,1312.696301911588,1318.5486793263412,1301.8693018914541,1315.0372314453125,11059200,0.0,0.0
2023-08-23 00:00:00+09:00,1313.2814256357117,1337.5689029118014,1309.1847724168556,1335.5206298828125,11619900,0.0,0.0
2023-08-24 00:00:00+09:00,1331.7164844747083,1334.6427264891654,1320.0116235777546,1331.423828125,10592700,0.0,0.0
2023-08-25 00:00:00+09:00,1316.7929948405144,1333.7650291609773,1315.915132843954,1320.8896484375,10474500,0.0,0.0
2023-08-28 00:00:00+09:00,1335.813043681548,1358.9301075010144,1335.2278381841363,1358.637451171875,11613000,0.0,0.0
2023-08-29 00:00:00+09:00,1364.7826068963006,1365.0752632518024,1348.9810925949937,1350.73681640625,10395300,0.0,0.0
2023-08-30 00:00:00+09:00,1354.833604231224,1364.7826345896383,1354.833604231224,1360.9786376953125,10525500,0.0,0.0
2023-08-31 00:00:00+09:00,1364.4901911763109,1391.1186001445753,1362.7344671933092,1376.1949462890625,22521300,0.0,0.0
2023-09-01 00:00:00+09:00,1376.1948113557396,1389.6553962925955,1372.9760200894625,1381.16943359375,13597500,0.0,0.0
2023-09-04 00:00:00+09:00,1393.4593920774369,1414.528076171875,1391.1183557374757,1414.528076171875,15833700,0.0,0.0
2023-09-05 00:00:00+09:00,1414.2355548900673,1424.1846923828125,1401.067626073586,1424.1846923828125,17273700,0.0,0.0
2023-09-06 00:00:00+09:00,1435.3043869928078,1466.6147629765337,1435.3043869928078,1451.3985595703125,21854400,0.0,0.0
2023-09-07 00:00:00+09:00,1451.1056444685103,1455.7876100761764,1442.9122314453125,1442.9122314453125,16929000,0.0,0.0
2023-09-08 00:00:00+09:00,1458.7138541634577,1469.833509920108,1449.057373046875,1449.057373046875,24135900,0.0,0.0
2023-09-11 00:00:00+09:00,1451.3983557094398,1459.0064563439298,1437.6451147044431,1449.3499755859375,14131800,0.0,0.0
2023-09-12 00:00:00+09:00,1458.4213169731345,1478.6121412922448,1456.0802803941003,1474.515380859375,16180200,0.0,0.0
2023-09-13 00:00:00+09:00,1474.8080912863072,1488.2686770461196,1468.3704011992866,1480.953125,15881100,0.0,0.0
2023-09-14 00:00:00+09:00,1496.461833130982,1535.9656173106696,1492.9503856483432,1532.746826171875,21799500,0.0,0.0
2023-09-15 00:00:00+09:00,1545.0369882802042,1564.0572942716938,1530.4059919145107,1536.551025390625,30981900,0.0,0.0
2023-09-19 00:00:00+09:00,1547.0855911814097,1586.881932743028,1540.3552440124972,1582.2000732421875,30193200,0.0,0.0
2023-09-20 00:00:00+09:00,1582.1997335391181,1598.5864525955712,1562.5941162109375,1562.5941162109375,28186800,0.0,0.0
2023-09-21 00:00:00+09:00,1560.838405578588,1570.7875424967926,1539.7697206888881,1541.2327880859375,20133600,0.0,0.0
2023-09-22 00:00:00+09:00,1521.6273717030285,1549.7189532904022,1514.3118199443568,1537.721435546875,21105300,0.0,0.0
2023-09-25 00:00:00+09:00,1550.8891874717965,1552.352361953122,1532.4540891583813,1537.4287109375,13035000,0.0,0.0
2023-09-26 00:00:00+09:00,1539.4772013689135,1540.940376057068,1519.5790329223066,1533.91748046875,11856300,0.0,0.0
2023-09-27 00:00:00+09:00,1521.3347828486194,1540.355089672114,1489.1465465717324,1538.01416015625,28495500,0.0,0.0
2023-09-28 00:00:00+09:00,1553.6352353893722,1554.974191352075,1525.9634788268497,1544.7088623046875,15302600,29.0,3.0
2023-09-29 00:00:00+09:00,1546.0477572156474,1549.618306308524,1500.0769376448588,1501.4158935546875,21945500,0.0,0.0
2023-10-02 00:00:00+09:00,1529.9802677695625,1543.8161453369069,1506.7716989469202,1507.218017578125,15600800,0.0,3.0
2023-10-03 00:00:00+09:00,1513.4664876920474,1513.4664876920474,1466.1567124943601,1468.3883056640625,16131400,0.0,0.0
2023-10-04 00:00:00+09:00,1424.6490603766283,1425.5416976325034,1386.7119770019374,1387.6046142578125,21044900,0.0,0.0
2023-10-05 00:00:00+09:00,1423.310132834452,1434.914417391898,1397.4236518986106,1429.55859375,20623300,0.0,0.0
2023-10-06 00:00:00+09:00,1428.219609206055,1459.0155945295605,1409.4742268352256,1444.7333984375,16021700,0.0,0.0
2023-10-10 00:00:00+09:00,1472.8513969435182,1495.1673272002383,1459.9081573946207,1480.8851318359375,13569000,0.0,0.0
2023-10-11 00:00:00+09:00,1493.382327789762,1512.127712657416,1492.0433717277867,1495.1676025390625,13258800,0.0,0.0
2023-10-12 00:00:00+09:00,1514.8055489930175,1534.4435702527974,1510.7886810080627,1533.1046142578125,18784700,0.0,0.0
2023-10-13 00:00:00+09:00,1516.5908206027118,1519.2687325872957,1494.2748873978455,1501.8623046875,17443500,0.0,0.0
2023-10-16 00:00:00+09:00,1481.7780205318888,1487.1338447024862,1465.7105480200973,1484.4559326171875,11279300,0.0,0.0
2023-10-17 00:00:00+09:00,1517.037109375,1520.161339962121,1488.026396780303,1502.30859375,12475300,0.0,0.0
2023-10-18 00:00:00+09:00,1511.2350752827658,1515.2519434686917,1485.3485914179105,1495.1676025390625,10970500,0.0,0.0
2023-10-19 00:00:00+09:00,1468.3882837217482,1487.133666067132,1466.603009212664,1472.4051513671875,12021200,0.0,0.0
2023-10-20 00:00:00+09:00,1451.4283554974725,1469.7274214800666,1445.1798939424402,1456.7841796875,16130000,0.0,0.0
2023-10-23 00:00:00+09:00,1447.8577401283915,1457.6767506964632,1436.6997735737646,1439.377685546875,12111900,0.0,0.0
2023-10-24 00:00:00+09:00,1441.162919391663,1449.6429737330818,1409.4742952737292,1434.4681396484375,14842700,0.0,0.0
2023-10-25 00:00:00+09:00,1463.4787846617917,1467.4956523232604,1446.5186767578125,1446.5186767578125,10985000,0.0,0.0
2023-10-26 00:00:00+09:00,1440.7165144438127,1450.535524145722,1417.9542646802952,1422.86376953125,15272700,0.0,0.0
2023-10-27 00:00:00+09:00,1423.7564697265625,1434.9144357902503,1417.9543273734448,1423.7564697265625,15964300,0.0,0.0
2023-10-30 00:00:00+09:00,1380.0172073189444,1382.2488004743761,1359.0402316578868,1363.50341796875,19791500,0.0,0.0
2023-10-31 00:00:00+09:00,1352.3455962476405,1361.271969820232,1327.7980689230133,1344.7581787109375,23912700,0.0,0.0
2023-11-01 00:00:00+09:00,1384.480530933092,1400.5480032456617,1375.1078387507596,1400.1016845703125,23903700,0.0,0.0
2023-11-02 00:00:00+09:00,1435.807030893024,1450.5355456643854,1403.2257709442547,1404.118408203125,26008400,0.0,0.0
2023-11-06 00:00:00+09:00,1439.8239893692648,1446.965087890625,1425.9881109841292,1446.965087890625,27409900,0.0,0.0
2023-11-07 00:00:00+09:00,1449.1967295820384,1451.4283229444993,1436.253488079766,1440.7166748046875,12566300,0.0,0.0
2023-11-08 00:00:00+09:00,1449.6429139701881,1463.9251101669388,1433.1291246176952,1435.3607177734375,21234200,0.0,0.0
2023-11-09 00:00:00+09:00,1444.2870563843805,1483.5630950005195,1438.9312329367253,1476.4219970703125,19213000,0.0,0.0
2023-11-10 00:00:00+09:00,1401.440460474464,1420.185842429855,1369.7518385974936,1415.72265625,40653600,0.0,0.0
2023-11-13 00:00:00+09:00,1415.7227671165454,1423.7565028694137,1383.1415054521356,1395.638427734375,21563800,0.0,0.0
2023-11-14 00:00:00+09:00,1407.2426581899983,1429.5585899722691,1398.3162854770899,1427.7733154296875,16928900,0.0,0.0
2023-11-15 00:00:00+09:00,1438.931225624025,1452.7671027934869,1426.4343043096724,1430.451171875,18334400,0.0,0.0
2023-11-16 00:00:00+09:00,1432.6828724667569,1442.9482014595094,1426.8807299925925,1438.0386962890625,11386800,0.0,0.0
2023-11-17 00:00:00+09:00,1419.2933998248673,1451.4283447265625,1415.7228503913457,1451.4283447265625,17392100,0.0,0.0
2023-11-20 00:00:00+09:00,1451.4283247131173,1456.3378301165135,1396.5311279296875,1396.5311279296875,17403100,0.0,0.0
2023-11-21 00:00:00+09:00,1375.5541179981108,1379.12466729856,1354.1308221954146,1365.735107421875,22602100,0.0,0.0
2023-11-22 00:00:00+09:00,1354.1306946888928,1387.1582726081342,1352.3454202067717,1376.8929443359375,15166600,0.0,0.0
2023-11-24 00:00:00+09:00,1394.2994534049064,1406.7963755224919,1389.83626693434,1401.4405517578125,13584800,0.0,0.0
2023-11-27 00:00:00+09:00,1385.373065199369,1396.9773498949824,1376.4466923565897,1379.5709228515625,12264100,0.0,0.0
2023-11-28 00:00:00+09:00,1388.0510330700156,1390.7289450309224,1361.2719134609479,1362.16455078125,16072600,0.0,0.0
2023-11-29 00:00:00+09:00,1353.238077177637,1357.2549448209743,1334.9390134691002,1343.4190673828125,20460900,0.0,0.0
2023-11-30 00:00:00+09:00,1346.9896240234375,1354.1307220964577,1332.2611092478335,1346.9896240234375,26265900,0.0,0.0
2023-12-01 00:00:00+09:00,1356.8086422748447,1371.0908385093167,1349.6675441576087,1365.2886962890625,16299500,0.0,0.0
2023-12-04 00:00:00+09:00,1351.4530198998384,1356.8088442851745,1321.103348382933,1329.1370849609375,18510300,0.0,0.0
2023-12-05 00:00:00+09:00,1332.7074346163183,1347.4359494663981,1328.6905669299329,1335.8316650390625,13751400,0.0,0.0
2023-12-06 00:00:00+09:00,1343.4191087124468,1365.7350407508595,1336.2780104601547,1363.05712890625,15150300,0.0,0.0
2023-12-07 00:00:00+09:00,1358.5939152619133,1358.5939152619133,1329.1368855617534,1335.8316650390625,15179200,0.0,0.0
2023-12-08 00:00:00+09:00,1328.2443295074588,1330.0296041438935,1294.7704300743071,1301.4652099609375,28603200,0.0,0.0
2023-12-11 00:00:00+09:00,1335.3854648032368,1339.8486515171514,1326.905410046799,1334.0465087890625,14853900,0.0,0.0
2023-12-12 00:00:00+09:00,1339.8484341126004,1340.7410713105437,1318.8714599609375,1318.8714599609375,11315400,0.0,0.0
2023-12-13 00:00:00+09:00,1317.978836672415,1318.4251552760966,1299.6797739214603,1311.2840576171875,14080500,0.0,0.0
2023-12-14 00:00:00+09:00,1276.4714034438261,1284.9514582219495,1239.873272296136,1245.6754150390625,27037000,0.0,0.0
2023-12-15 00:00:00+09:00,1268.4375666929095,1274.2397089754597,1254.1553703050936,1271.115478515625,28276600,0.0,0.0
2023-12-18 00:00:00+09:00,1244.336450803736,1271.5618896484375,1237.1953520903717,1271.5618896484375,13316400,0.0,0.0
2023-12-19 00:00:00+09:00,1274.2397791553392,1297.0020309020722,1259.511263319218,1290.3072509765625,15536800,0.0,0.0
2023-12-20 00:00:00+09:00,1313.0694545975682,1330.9222004112673,1309.0525867894858,1326.0126953125,18845900,0.0,0.0
2023-12-21 00:00:00+09:00,1294.324081780676,1305.482048002923,1284.5050715050982,1287.1829833984375,14623200,0.0,0.0
2023-12-22 00:00:00+09:00,1287.1830830209774,1295.2168193227726,1280.9346214529144,1291.199951171875,11615300,0.0,0.0
2023-12-25 00:00:00+09:00,1298.341050106804,1298.7873687902372,1285.8441269706782,1291.199951171875,5255400,0.0,0.0
2023-12-26 00:00:00+09:00,1301.4651203750325,1301.4651203750325,1281.8271007260266,1288.0755615234375,8090600,0.0,0.0
2023-12-27 00:00:00+09:00,1292.5388884258862,1301.0189432877962,1287.1830643025744,1297.0020751953125,11590400,0.0,0.0
2023-12-28 00:00:00+09:00,1287.1829982152478,1297.0020086038523,1284.505086291083,1294.3240966796875,6368900,0.0,0.0
2023-12-29 00:00:00+09:00,1302.8041806084398,1316.6400591966076,1299.6799499594986,1308.6063232421875,9857400,0.0,0.0
2024-01-04 00:00:00+09:00,1317.5325719798973,1338.5095472112846,1299.2335084801764,1336.2779541015625,16984500,0.0,0.0
2024-01-05 00:00:00+09:00,1344.311811619179,1376.000436660667,1341.633899643842,1365.735107421875,16755100,0.0,0.0
2024-01-09 00:00:00+09:00,1386.7119673551406,1387.1582859799732,1352.7917518678566,1354.5770263671875,21329400,0.0,0.0
2024-01-10 00:00:00+09:00,1351.0065075377124,1374.21507654728,1348.7749143637157,1368.8592529296875,15548600,0.0,0.0
2024-01-11 00:00:00+09:00,1396.0848164921701,1414.8302008568348,1390.282673712631,1400.1016845703125,23455500,0.0,0.0
2024-01-12 00:00:00+09:00,1419.2933163400423,1420.6322722988539,1392.067878510878,1395.638427734375,17959300,0.0,0.0
2024-01-15 00:00:00+09:00,1392.5142894071691,1398.7627509622012,1390.2826959946576,1396.0848388671875,1801800,0.0,0.0
2024-01-16 00:00:00+09:00,1392.5141934588137,1398.7626545833084,1381.3562271650733,1393.8531494140625,14560100,0.0,0.0
2024-01-17 00:00:00+09:00,1407.689046249851,1436.2534403398922,1402.779541015625,1402.779541015625,21090500,0.0,0.0
2024-01-18 00:00:00+09:00,1414.8300343205967,1438.0386027069283,1410.8131667152702,1422.86376953125,17289400,0.0,0.0
2024-01-19 00:00:00+09:00,1445.1798737976037,1445.1798737976037,1405.0111929323211,1416.615478515625,17780600,0.0,0.0
2024-01-22 00:00:00+09:00,1432.6828097704774,1438.931270623059,1420.6322066976418,1437.14599609375,11972900,0.0,0.0
2024-01-23 00:00:00+09:00,1436.2533954961941,1444.2871310831833,1418.8469683910507,1425.541748046875,15113200,0.0,0.0
2024-01-24 00:00:00+09:00,1420.1860279258724,1425.0955333649624,1413.0449291053776,1416.615478515625,12037700,0.0,0.0
2024-01-25 00:00:00+09:00,1409.4743610976968,1422.8639212094545,1408.5817237569129,1422.4176025390625,10619200,0.0,0.0
2024-01-26 00:00:00+09:00,1418.4007162486187,1421.5249469011487,1405.4574749738515,1413.4912109375,10650000,0.0,0.0
2024-01-29 00:00:00+09:00,1446.5188420296586,1477.761149632891,1443.3946112693352,1467.942138671875,21146100,0.0,0.0
2024-01-30 00:00:00+09:00,1454.998805173531,1467.0494087746617,1448.750344047019,1452.7672119140625,13115300,0.0,0.0
2024-01-31 00:00:00+09:00,1451.8744241093493,1495.6136474609375,1449.1965124755786,1495.6136474609375,18665400,0.0,0.0
2024-02-01 00:00:00+09:00,1450.535710150074,1473.7442815124753,1445.17988598952,1467.942138671875,15869200,0.0,0.0
2024-02-02 00:00:00+09:00,1472.85147290711,1475.0830660478784,1457.6766395498853,1459.4619140625,13272600,0.0,0.0
2024-02-05 00:00:00+09:00,1490.7042793566231,1512.1275743892932,1477.3147199612044,1502.7548828125,16288700,0.0,0.0
2024-02-06 00:00:00+09:00,1492.043279303805,1518.8223988844895,1485.794818068312,1509.44970703125,22708100,0.0,0.0
2024-02-07 00:00:00+09:00,1493.3823002400156,1548.7258164473565,1492.9359815609243,1526.856201171875,24095300,0.0,0.0
2024-02-08 00:00:00+09:00,1545.1550960342777,1554.5277872580557,1522.8391645490917,1547.8330078125,24169500,0.0,0.0
2024-02-09 00:00:00+09:00,1545.6013867574457,1546.0477053790908,1514.8054018639243,1520.6075439453125,28664000,0.0,0.0
2024-02-13 00:00:00+09:00,1538.0140305586233,1538.906667836951,1498.7379903122046,1534.4434814453125,19632900,0.0,0.0
2024-02-14 00:00:00+09:00,1527.302543339838,1530.4267741415267,1497.8455100667727,1508.11083984375,12313800,0.0,0.0
2024-02-15 00:00:00+09:00,1517.483468212224,1538.014126899801,1511.6813255396478,1536.6751708984375,16827800,0.0,0.0
2024-02-16 00:00:00+09:00,1535.3361197693707,1570.1489736478622,1531.765570653628,1563.9005126953125,20611600,0.0,0.0
2024-02-19 00:00:00+09:00,1560.3299484952875,1565.2394534819716,1549.1719826164597,1556.7593994140625,9545700,0.0,0.0
2024-02-20 00:00:00+09:00,1556.759650538115,1568.3639369240068,1554.0817382952168,1560.3302001953125,10797400,0.0,0.0
2024-02-21 00:00:00+09:00,1542.9235877226472,1563.007927163642,1542.4772690684028,1559.4373779296875,11266400,0.0,0.0
2024-02-22 00:00:00+09:00,1570.5952901413586,1615.6734726660181,1567.0247410304944,1606.30078125,25472200,0.0,0.0
2024-02-26 00:00:00+09:00,1611.2102895357361,1612.9955640947785,1593.3575439453125,1593.3575439453125,20068100,0.0,0.0
2024-02-27 00:00:00+09:00,1580.4143178753538,1593.3575585470244,1576.3974500806976,1585.7701416015625,18153400,0.0,0.0
2024-02-28 00:00:00+09:00,1596.035496450465,1600.498682961792,1576.8437944517598,1583.53857421875,11529700,0.0,0.0
2024-02-29 00:00:00+09:00,1602.2839725378788,1606.300840435606,1584.4312263257575,1590.6796875,18224500,0.0,0.0
2024-03-01 00:00:00+09:00,1588.8944858159098,1620.5831117970697,1583.538661706418,1611.65673828125,20334000,0.0,0.0
2024-03-04 00:00:00+09:00,1614.780995094439,1626.8315995354424,1603.1767093364358,1609.4251708984375,19137800,0.0,0.0
2024-03-05 00:00:00+09:00,1595.5893140320384,1613.4420616016275,1587.5555776257231,1605.4083251953125,16517500,0.0,0.0
2024-03-06 00:00:00+09:00,1610.3177193270353,1633.972608219589,1604.0692581101343,1625.4925537109375,18383100,0.0,0.0
2024-03-07 00:00:00+09:00,1613.8881698020684,1621.9219051605965,1560.7762527095779,1564.3468017578125,24155200,0.0,0.0
2024-03-08 00:00:00+09:00,1552.2963123008144,1589.7870800504602,1541.5846643723442,1575.5048828125,22034400,0.0,0.0
2024-03-11 00:00:00+09:00,1546.9404146852355,1549.618326539855,1516.590746999547,1539.79931640625,17818400,0.0,0.0
2024-03-12 00:00:00+09:00,1529.5339876302082,1540.6919536911232,1512.1275605751812,1539.79931640625,14322600,0.0,0.0
2024-03-13 00:00:00+09:00,1564.346886837121,1570.5953480113635,1533.997218276515,1546.494140625,14207000,0.0,0.0
2024-03-14 00:00:00+09:00,1561.2226008585055,1577.2900718793478,1551.403590790213,1563.9005126953125,14315500,0.0,0.0
2024-03-15 00:00:00+09:00,1578.182735799439,1611.6566343245968,1573.719549329418,1591.1259765625,27177000,0.0,0.0
2024-03-18 00:00:00+09:00,1621.9220521203224,1639.3284803076347,1606.7472172903579,1633.97265625,18526200,0.0,0.0
2024-03-19 00:00:00+09:00,1630.848395482665,1663.8759765625,1621.9220222178446,1663.8759765625,21567200,0.0,0.0
2024-03-21 00:00:00+09:00,1689.7625067816841,1701.3667923538774,1669.231847692419,1687.0845947265625,23704800,0.0,0.0
2024-03-22 00:00:00+09:00,1712.5248465973543,1749.1229798840322,1702.2595165291398,1715.2027587890625,22409100,0.0,0.0
2024-03-25 00:00:00+09:00,1713.8637573177223,1713.8637573177223,1677.265625,1677.265625,15033000,0.0,0.0
2024-03-26 00:00:00+09:00,1671.9096201145903,1694.225552043509,1663.8758846201795,1678.1580810546875,13975400,0.0,0.0
2024-03-27 00:00:00+09:00,1688.4235651721694,1704.9373563197692,1683.0677410161911,1694.2257080078125,18653000,0.0,0.0
2024-03-28 00:00:00+09:00,1704.250648115735,1719.2881538344031,1696.0483722691886,1698.3267822265625,27686700,39.0,0.0
2024-03-29 00:00:00+09:00,1720.6551009209138,1734.3255598795015,1711.0857796499022,1725.6676025390625,6387800,0.0,0.0
2024-04-01 00:00:00+09:00,1736.1484652717381,1742.9836954499733,1667.7961634893863,1686.4791259765625,19552600,0.0,0.0
2024-04-02 00:00:00+09:00,1700.6051767347692,1701.5165407094394,1673.2642574946603,1680.0994873046875,11703600,0.0,0.0
2024-04-03 00:00:00+09:00,1673.2643201587696,1682.3779602467803,1653.6699939695463,1667.3404541015625,14291700,0.0,0.0
2024-04-04 00:00:00+09:00,1687.84590150164,1713.819772016109,1682.3777182354359,1684.6561279296875,15277300,0.0,0.0
2024-04-05 00:00:00+09:00,1676.909609311155,1681.4664289016746,1657.3152850719214,1672.8084716796875,12255900,0.0,0.0
2024-04-08 00:00:00+09:00,1696.0483722691886,1703.79496612426,1681.0108665505204,1698.3267822265625,10967000,0.0,0.0
2024-04-09 00:00:00+09:00,1708.8072662232125,1720.6549966023601,1699.6936274700222,1718.3765869140625,10779800,0.0,0.0
2024-04-10 00:00:00+09:00,1709.71875,1712.4528418176974,1692.4028351545844,1709.71875,7606300,0.0,0.0
2024-04-11 00:00:00+09:00,1698.7823438751336,1708.3516650182069,1689.668704691254,1706.984619140625,10524900,0.0,0.0
2024-04-12 00:00:00+09:00,1722.4778844194884,1722.4778844194884,1696.9596935391996,1712.452880859375,11031700,0.0,0.0
2024-04-15 00:00:00+09:00,1685.111837998257,1695.5925227667697,1657.7709212108325,1695.1368408203125,11874600,0.0,0.0
2024-04-16 00:00:00+09:00,1687.845926123828,1696.503883088286,1638.6322760100663,1652.302734375,14566800,0.0,0.0
2024-04-17 00:00:00+09:00,1674.1756538930438,1675.0870178853643,1618.5824503614838,1630.8858642578125,11587300,0.0,0.0
2024-04-18 00:00:00+09:00,1613.1142150143953,1642.733543821157,1602.6335294366183,1627.2403564453125,11606700,0.0,0.0
2024-04-19 00:00:00+09:00,1624.5062524875232,1626.3289804005528,1563.9005493792931,1592.15283203125,14719600,0.0,0.0
2024-04-22 00:00:00+09:00,1614.0255452175695,1624.050548604014,1601.2664499984583,1616.303955078125,11040600,0.0,0.0
2024-04-23 00:00:00+09:00,1626.7846454848443,1628.1516914054198,1601.266454967435,1608.1016845703125,7281600,0.0,0.0
2024-04-24 00:00:00+09:00,1629.5188182693316,1633.164274238614,1614.936994392201,1630.8858642578125,10259300,0.0,0.0
2024-04-25 00:00:00+09:00,1619.0380555247932,1629.0630589645752,1588.9630452054473,1591.241455078125,10643000,0.0,0.0
2024-04-26 00:00:00+09:00,1591.241391689428,1604.0004864681518,1570.28002169581,1595.342529296875,10209700,0.0,0.0
2024-04-30 00:00:00+09:00,1644.1005678829504,1657.77102715027,1627.2403347865898,1651.3914794921875,13717800,0.0,0.0
2024-05-01 00:00:00+09:00,1624.5061687336101,1638.1766273765297,1612.2027559549826,1629.06298828125,8257100,0.0,0.0
2024-05-02 00:00:00+09:00,1618.5823664469995,1632.7085075956077,1611.7471368589631,1624.9619140625,6737000,0.0,0.0
2024-05-07 00:00:00+09:00,1633.1641880462364,1634.9869159346808,1606.7346336637918,1616.303955078125,9936100,0.0,0.0
2024-05-08 00:00:00+09:00,1604.0004799107144,1608.5572994559152,1581.2163821847098,1594.8868408203125,15307800,0.0,0.0
2024-05-09 00:00:00+09:00,1610.3802476965864,1610.3802476965864,1587.1404648350906,1593.0643310546875,8269300,0.0,0.0
2024-05-10 00:00:00+09:00,1622.2277027133423,1622.2277027133423,1578.0265546337935,1582.5833740234375,13551700,0.0,0.0
2024-05-13 00:00:00+09:00,1691.947179876862,1691.947179876862,1600.3551025390625,1600.3551025390625,25708000,0.0,0.0
2024-05-14 00:00:00+09:00,1598.5323666706938,1601.7221404924426,1577.1153138675231,1591.241455078125,19200000,0.0,0.0
2024-05-15 00:00:00+09:00,1593.0641195149599,1628.6073121128338,1590.3300277766618,1595.342529296875,13296100,0.0,0.0
2024-05-16 00:00:00+09:00,1583.0391801762098,1592.6085016453235,1546.128940223915,1557.0653076171875,14321200,0.0,0.0
2024-05-17 00:00:00+09:00,1549.3188306922227,1576.2040692248231,1538.8381444845988,1573.9256591796875,15316100,0.0,0.0
2024-05-20 00:00:00+09:00,1573.925487246756,1617.6709553346795,1573.4698052875067,1613.1141357421875,13404600,0.0,0.0
2024-05-21 00:00:00+09:00,1610.835773399176,1614.0255472078873,1585.773264902159,1590.7857666015625,8458600,0.0,0.0
2024-05-22 00:00:00+09:00,1590.3299780245181,1590.3299780245181,1571.6470183972958,1574.8367919921875,8295300,0.0,0.0
2024-05-23 00:00:00+09:00,1573.4699134925802,1587.5960552007382,1561.1664997467649,1578.0267333984375,7241000,0.0,0.0
2024-05-24 00:00:00+09:00,1549.7744817854762,1582.5835857809348,1547.0403897858546,1580.30517578125,7569300,0.0,0.0
2024-05-27 00:00:00+09:00,1593.9754115413457,1598.5322308996685,1576.6594979797187,1590.3299560546875,5633700,0.0,0.0
2024-05-28 00:00:00+09:00,1587.5959165561123,1594.8868277687695,1580.7606872942463,1593.9754638671875,5917100,0.0,0.0
2024-05-29 00:00:00+09:00,1593.9755911991515,1604.0005949173851,1581.2164955577632,1585.7733154296875,7498500,0.0,0.0
2024-05-30 00:00:00+09:00,1565.7233067743698,1581.216494326852,1549.77443723505,1577.1153564453125,9447300,0.0,0.0
2024-05-31 00:00:00+09:00,1590.330151732812,1612.6585693359375,1578.4824199433986,1612.6585693359375,22006200,0.0,0.0
2024-06-03 00:00:00+09:00,1622.2279619353583,1636.3541043005257,1573.014304663162,1609.01318359375,19263200,0.0,0.0
2024-06-04 00:00:00+09:00,1585.7732553139485,1592.1528028927978,1563.4448387879763,1573.01416015625,16423900,0.0,0.0
2024-06-05 00:00:00+09:00,1541.5719577780158,1545.2174131910292,1516.509451813549,1520.1549072265625,16014700,0.0,0.0
2024-06-06 00:00:00+09:00,1531.5470931047764,1541.1164144243837,1526.990273428773,1529.724365234375,9986500,0.0,0.0
2024-06-07 00:00:00+09:00,1521.9778728799663,1526.990374856517,1515.1426429119424,1519.699462890625,9361200,0.0,0.0
2024-06-10 00:00:00+09:00,1531.0914286629097,1560.710756895972,1530.1800647172772,1556.609619140625,10029900,0.0,0.0
2024-06-11 00:00:00+09:00,1564.3562126785027,1575.292580026095,1552.0527994124616,1556.609619140625,8946600,0.0,0.0
2024-06-12 00:00:00+09:00,1549.3187075755634,1561.1664388687884,1542.027796010502,1556.609619140625,8311900,0.0,0.0
2024-06-13 00:00:00+09:00,1562.077864409413,1563.9005923725513,1532.0028530176332,1535.192626953125,9617700,0.0,0.0
2024-06-14 00:00:00+09:00,1517.420929684044,1551.597076749,1510.585700271053,1545.217529296875,18972600,0.0,0.0
2024-06-17 00:00:00+09:00,1531.0913063641551,1531.0913063641551,1489.624250150126,1496.9151611328125,12170700,0.0,0.0
2024-06-18 00:00:00+09:00,1520.1550553190493,1530.635740652484,1511.9527798407091,1521.977783203125,8416500,0.0,0.0
2024-06-19 00:00:00+09:00,1531.0913216649317,1535.192459133677,1523.8004106093842,1532.002685546875,5820200,0.0,0.0
2024-06-20 00:00:00+09:00,1524.7117899741932,1524.7117899741932,1502.3833746398432,1516.0538330078125,8975100,0.0,0.0
2024-06-21 00:00:00+09:00,1525.6232308629046,1535.1925522034426,1512.8641357421875,1512.8641357421875,13350100,0.0,0.0
2024-06-24 00:00:00+09:00,1531.0914127295616,1549.774373420607,1527.9016389530418,1538.38232421875,10667800,0.0,0.0
2024-06-25 00:00:00+09:00,1553.4198867356845,1578.4823959085982,1549.7744308559882,1576.65966796875,10631900,0.0,0.0
2024-06-26 00:00:00+09:00,1577.5709979553578,1579.8494078310878,1558.432354999227,1565.7232666015625,9953000,0.0,0.0
2024-06-27 00:00:00+09:00,1565.723317318659,1566.6346812984718,1552.0528576214645,1560.7108154296875,14845400,0.0,0.0
2024-06-28 00:00:00+09:00,1569.8244304213413,1578.4823880927506,1556.1539709401684,1567.5460205078125,13791500,0.0,0.0
2024-07-01 00:00:00+09:00,1589.4186721190713,1607.6459504690606,1585.3175344903236,1604.4561767578125,14646900,0.0,0.0
2024-07-02 00:00:00+09:00,1608.5573487735276,1641.8221324733765,1562.533469955928,1581.2164306640625,31216200,0.0,0.0
2024-07-03 00:00:00+09:00,1581.2164761288466,1586.2289779263733,1561.6221509203335,1584.40625,19428100,0.0,0.0
2024-07-04 00:00:00+09:00,1610.8358756128732,1636.809749703378,1605.3676915938197,1632.2529296875,12077300,0.0,0.0
2024-07-05 00:00:00+09:00,1609.4686861825141,1615.3925516752583,1573.4698112650683,1579.3936767578125,21057100,0.0,0.0
2024-07-08 00:00:00+09:00,1565.7232767980238,1566.634640754251,1545.6732697610294,1549.3187255859375,18178100,0.0,0.0
2024-07-09 00:00:00+09:00,1540.2052266325209,1555.6984153027888,1520.6108997848291,1550.6859130859375,19110400,0.0,0.0
2024-07-10 00:00:00+09:00,1544.761944612334,1553.8755844035572,1537.4710327793555,1552.0528564453125,14860500,0.0,0.0
2024-07-11 00:00:00+09:00,1567.5458222276616,1580.760598054581,1562.989002977,1570.735595703125,18014600,0.0,0.0
2024-07-12 00:00:00+09:00,1545.217633058432,1569.3687786060866,1543.3949050925712,1552.508544921875,20529700,0.0,0.0
2024-07-16 00:00:00+09:00,1553.4198063198771,1567.545947122434,1548.8629867061493,1553.87548828125,16113800,0.0,0.0
2024-07-17 00:00:00+09:00,1565.7232405655868,1577.5709717223694,1554.7868733439414,1563.9005126953125,33232100,0.0,0.0
2024-07-18 00:00:00+09:00,1521.9777179523273,1538.8379501571883,1517.4208984375,1517.4208984375,62354800,0.0,0.0
2024-07-19 00:00:00+09:00,1518.7880599760158,1520.6107879207814,1516.96533203125,1516.96533203125,55327000,0.0,0.0
2024-07-22 00:00:00+09:00,1512.4084747332718,1527.9016618802832,1501.4721073353812,1522.88916015625,25829400,0.0,0.0
2024-07-23 00:00:00+09:00,1534.2812487603373,1542.9392065050497,1523.344881082806,1525.623291015625,19990800,0.0,0.0
2024-07-24 00:00:00+09:00,1506.4846873651984,1517.87673733015,1482.789223438099,1485.5233154296875,78841300,0.0,0.0
2024-07-25 00:00:00+09:00,1467.2960632516758,1486.4347075549588,1444.511962890625,1444.511962890625,35754600,0.0,0.0
2024-07-26 00:00:00+09:00,1449.068724388791,1477.776689683286,1440.4107666015625,1440.4107666015625,34059200,0.0,0.0
2024-07-29 00:00:00+09:00,1466.8402570962537,1487.801627654324,1458.6379816604872,1478.68798828125,24222600,0.0,0.0
2024-07-30 00:00:00+09:00,1478.6880414818202,1500.1050947790914,1472.7641756761918,1490.991455078125,19774700,0.0,0.0
2024-07-31 00:00:00+09:00,1468.2073761153092,1508.307391353716,1462.7391922191628,1501.0164794921875,36506300,0.0,0.0
2024-08-01 00:00:00+09:00,1465.0175211588542,1483.2447998046875,1417.6265966796875,1435.398193359375,39400600,0.0,0.0
2024-08-02 00:00:00+09:00,1391.6528895374354,1409.8801703434267,1367.501742469497,1387.0960693359375,33654300,0.0,0.0
2024-08-05 00:00:00+09:00,1295.9595801444516,1308.7186758702057,1129.1799717292374,1140.572021484375,49034000,0.0,0.0
2024-08-06 00:00:00+09:00,1304.6174836831408,1360.6663661466498,1281.3777031494906,1308.262939453125,41128100,0.0,0.0
2024-08-07 00:00:00+09:00,1280.9221016836266,1355.6539496651687,1264.9732316875659,1296.8709716796875,43767700,0.0,0.0
2024-08-08 00:00:00+09:00,1275.9094667501759,1343.8060776593816,1270.4412833212466,1295.95947265625,33043800,0.0,0.0
2024-08-09 00:00:00+09:00,1328.3129897856377,1346.0845872476066,1280.010699247978,1294.1368408203125,29498300,0.0,0.0
2024-08-13 00:00:00+09:00,1303.2504407791553,1332.8697689786813,1302.7947588068548,1325.578857421875,21473800,0.0,0.0
2024-08-14 00:00:00+09:00,1347.9074398002751,1379.8051817833782,1345.1733476302948,1371.6029052734375,21558200,0.0,0.0
2024-08-15 00:00:00+09:00,1376.1595329928468,1426.7402310598025,1375.2481690637123,1409.42431640625,21463300,0.0,0.0
2024-08-16 00:00:00+09:00,1444.967509761001,1453.6254670884875,1426.2845492122149,1443.6004638671875,24351700,0.0,0.0
2024-08-19 00:00:00+09:00,1443.600616776316,1459.5494872268118,1423.5506082099782,1428.5631103515625,19410600,0.0,0.0
2024-08-20 00:00:00+09:00,1454.5368754455799,1471.8527906294557,1427.1959567341967,1438.13232421875,16105600,0.0,0.0
2024-08-21 00:00:00+09:00,1412.6140482141786,1429.929962353578,1400.310635536184,1423.5504150390625,13666700,0.0,0.0
2024-08-22 00:00:00+09:00,1414.8926234306591,1428.5630835604238,1413.069895413357,1418.0823974609375,12387300,0.0,0.0
2024-08-23 00:00:00+09:00,1428.1073206912429,1438.13232421875,1419.905045077828,1438.13232421875,12451200,0.0,0.0
2024-08-26 00:00:00+09:00,1408.0572294909143,1414.8924587602876,1380.7163124134208,1398.0322265625,18041100,0.0,0.0
2024-08-27 00:00:00+09:00,1407.601654619685,1425.373252071989,1400.7664248303372,1422.63916015625,12392500,0.0,0.0
2024-08-28 00:00:00+09:00,1419.4494067864262,1437.2210044957906,1417.1709968236871,1432.6641845703125,11243400,0.0,0.0
2024-08-29 00:00:00+09:00,1435.3981755462087,1444.056132795535,1430.3856739808093,1442.6890869140625,11402900,0.0,0.0
2024-08-30 00:00:00+09:00,1433.119709389636,1453.1697148628139,1429.0185719064862,1447.245849609375,22971300,0.0,0.0
2024-09-02 00:00:00+09:00,1470.4857944654382,1483.2448902959409,1455.4482886652029,1467.2960205078125,13237300,0.0,0.0
2024-09-03 00:00:00+09:00,1467.2960714433527,1483.2449417851283,1461.3722053164076,1462.2835693359375,11256600,0.0,0.0
2024-09-04 00:00:00+09:00,1425.828897034888,1435.8539004656225,1390.2857030531939,1394.3868408203125,26491400,0.0,0.0
2024-09-05 00:00:00+09:00,1377.0709144808,1426.7402492519473,1369.3243209843827,1402.1334228515625,17535000,0.0,0.0
2024-09-06 00:00:00+09:00,1385.27316898527,1413.981132684636,1385.27316898527,1392.1083984375,15379600,0.0,0.0
2024-09-09 00:00:00+09:00,1345.1732786872515,1378.4380650504525,1336.9710025976951,1375.248291015625,15104100,0.0,0.0
2024-09-10 00:00:00+09:00,1376.1596072004813,1382.5391550484305,1353.831189732659,1354.7425537109375,16114700,0.0,0.0
2024-09-11 00:00:00+09:00,1331.9584811048876,1340.1607570747433,1297.782331230489,1313.731201171875,17349400,0.0,0.0
2024-09-12 00:00:00+09:00,1344.2618371013978,1368.412981971355,1340.1606992932918,1361.1220703125,22186700,0.0,0.0
2024-09-13 00:00:00+09:00,1361.122034528981,1365.2231722292693,1339.7049820941427,1341.5277099609375,16136200,0.0,0.0
2024-09-17 00:00:00+09:00,1344.717533192736,1360.666402613863,1313.7311583174035,1327.8572998046875,18645900,0.0,0.0
2024-09-18 00:00:00+09:00,1351.0970667815743,1363.400480205892,1346.0845650161116,1361.1220703125,12664600,0.0,0.0
2024-09-19 00:00:00+09:00,1412.614173506084,1429.9300891813198,1401.2221237197446,1406.6903076171875,19787500,0.0,0.0
2024-09-20 00:00:00+09:00,1444.5119603025619,1447.701734347394,1415.3483118926679,1418.5380859375,22960800,0.0,0.0
2024-09-24 00:00:00+09:00,1444.5118954821628,1447.7016693838584,1416.2596123528588,1422.63916015625,14631400,0.0,0.0
2024-09-25 00:00:00+09:00,1417.6265966796875,1442.6891048177083,1417.1709147135416,1435.398193359375,13006400,0.0,0.0
2024-09-26 00:00:00+09:00,1453.62550415417,1471.852783203125,1438.5879989387818,1471.852783203125,22246800,0.0,0.0
2024-09-27 00:00:00+09:00,1493.2650281616175,1515.1426641727135,1464.8706495089184,1509.556884765625,21904600,34.0,0.0
2024-09-30 00:00:00+09:00,1398.7721860262488,1426.2355999948174,1398.7721860262488,1403.427001953125,29194200,0.0,0.0
2024-10-01 00:00:00+09:00,1424.3736083034412,1444.8547974424448,1423.4426451607592,1435.545166015625,17733500,0.0,0.0
2024-10-02 00:00:00+09:00,1419.7187925900312,1448.5786500131728,1418.7878294473492,1435.545166015625,15780100,0.0,0.0
2024-10-03 00:00:00+09:00,1471.852836338237,1481.6279500520584,1455.095498543115,1456.491943359375,15176200,0.0,0.0
2024-10-04 00:00:00+09:00,1456.4919674076546,1467.198044509085,1451.3716696634922,1460.2158203125,12929700,0.0,0.0
2024-10-07 00:00:00+09:00,1503.5055980134696,1506.2984876692221,1487.213741688246,1491.403076171875,18280500,0.0,0.0
2024-10-08 00:00:00+09:00,1480.6970270188526,1488.6102145257123,1454.1645747899704,1457.888427734375,14894300,0.0,0.0
2024-10-09 00:00:00+09:00,1470.921895751167,1482.0934544530749,1444.3894438341367,1445.785888671875,13295300,0.0,0.0
2024-10-10 00:00:00+09:00,1469.9909979736638,1477.90418573983,1465.336181640625,1465.336181640625,14295700,0.0,0.0
2024-10-11 00:00:00+09:00,1475.5766803707177,1485.3517940261704,1449.9751922254845,1450.440673828125,14151300,0.0,0.0
2024-10-15 00:00:00+09:00,1461.6122268844435,1471.8528221046531,1438.8036284394316,1440.2000732421875,16622400,0.0,0.0
2024-10-16 00:00:00+09:00,1422.511809844871,1453.699077927203,1416.4605488736725,1427.1666259765625,14541900,0.0,0.0
2024-10-17 00:00:00+09:00,1433.683380623982,1448.5787923707246,1429.028564453125,1429.028564453125,12555500,0.0,0.0
2024-10-18 00:00:00+09:00,1435.5452950136068,1453.233596314034,1424.8392179107168,1427.1666259765625,11771300,0.0,0.0
2024-10-21 00:00:00+09:00,1427.166672668157,1444.3894929188816,1420.1844482421875,1420.1844482421875,12349300,0.0,0.0
2024-10-22 00:00:00+09:00,1397.3758318536932,1425.3047292258523,1397.3758318536932,1408.0819091796875,17230300,0.0,0.0
2024-10-23 00:00:00+09:00,1415.0640008489652,1454.1644535040023,1415.0640008489652,1439.26904296875,15286000,0.0,0.0
2024-10-24 00:00:00+09:00,1414.1330710999787,1441.1310033329605,1405.2889208857262,1430.4249267578125,15156500,0.0,0.0
2024-10-25 00:00:00+09:00,1430.4249521673842,1440.6655473342187,1411.3402066291926,1415.529541015625,9334900,0.0,0.0
2024-10-28 00:00:00+09:00,1428.0975789336578,1478.3695927944254,1418.3224651273974,1472.7838134765625,13558500,0.0,0.0
2024-10-29 00:00:00+09:00,1470.9217772820984,1475.576593032991,1459.2847379048665,1474.6456298828125,10112200,0.0,0.0
2024-10-30 00:00:00+09:00,1457.888405370939,1477.9041146400803,1455.5609973163876,1468.594482421875,19372700,0.0,0.0
2024-10-31 00:00:00+09:00,1479.7660428605914,1479.7660428605914,1442.9929955545244,1449.9752197265625,18586100,0.0,0.0
2024-11-01 00:00:00+09:00,1419.7189270980714,1435.079820407657,1411.8057396355575,1418.7879638671875,11651900,0.0,0.0
2024-11-05 00:00:00+09:00,1418.787915554399,1436.9416979384612,1410.8747283613461,1411.3402099609375,12315900,0.0,0.0
2024-11-06 00:00:00+09:00,1406.6854136995605,1442.5274973709259,1295.4353098364913,1320.1058349609375,50754600,0.0,0.0
2024-11-07 00:00:00+09:00,1314.9855492820202,1341.5180010728432,1311.727178009463,1321.9677734375,36938800,0.0,0.0
2024-11-08 00:00:00+09:00,1314.5199868377895,1317.7783579099796,1279.6088682071825,1286.1256103515625,32359200,0.0,0.0
2024-11-11 00:00:00+09:00,1274.488679892086,1289.3840917827167,1269.368382054682,1284.2637939453125,21347800,0.0,0.0
2024-11-12 00:00:00+09:00,1285.1947811169446,1313.1236789318727,1277.281593402715,1287.9876708984375,23084700,0.0,0.0
2024-11-13 00:00:00+09:00,1266.575313513414,1272.6265737396816,1230.7332337116745,1233.526123046875,35152500,0.0,0.0
2024-11-14 00:00:00+09:00,1247.490708810846,1257.265822573916,1231.1988525390625,1231.1988525390625,26768300,0.0,0.0
2024-11-15 00:00:00+09:00,1247.490579405406,1266.1098417845913,1243.766726929569,1258.1966552734375,23484100,0.0,0.0
2024-11-18 00:00:00+09:00,1255.8694290570202,1271.6958043675977,1245.6288332678228,1267.5064697265625,15740400,0.0,0.0
2024-11-19 00:00:00+09:00,1281.4708122398401,1298.6936310022352,1278.21244112263,1298.2281494140625,16379400,0.0,0.0
2024-11-20 00:00:00+09:00,1291.245864817842,1294.5042357816938,1266.5753418058212,1270.2991943359375,16851200,0.0,0.0
2024-11-21 00:00:00+09:00,1266.109928058807,1271.2302255619861,1250.283553958072,1252.6109619140625,16086800,0.0,0.0
2024-11-22 00:00:00+09:00,1269.8338227494266,1274.4886388152236,1262.3861170441514,1268.4373779296875,13419700,0.0,0.0
2024-11-25 00:00:00+09:00,1286.5911360689063,1286.5911360689063,1264.7135009765625,1264.7135009765625,37222300,0.0,0.0
2024-11-26 00:00:00+09:00,1265.6444003884271,1269.368252982435,1224.2165402800895,1240.973876953125,26074400,0.0,0.0
2024-11-27 00:00:00+09:00,1216.3035052360372,1227.940546043883,1197.2187583111702,1203.27001953125,25162300,0.0,0.0
2024-11-28 00:00:00+09:00,1206.5281556726327,1220.0271203773034,1200.0114140910675,1209.321044921875,16712000,0.0,0.0
2024-11-29 00:00:00+09:00,1210.2521765661295,1216.7689190553317,1192.563875524009,1202.3389892578125,15859700,0.0,0.0
2024-12-02 00:00:00+09:00,1200.942576887421,1214.4415438369306,1199.0806504116265,1212.1141357421875,19779900,0.0,0.0
2024-12-03 00:00:00+09:00,1220.4927636016187,1233.5262484913385,1215.8379475695758,1229.3369140625,18299100,0.0,0.0
2024-12-04 00:00:00+09:00,1226.0785792415038,1227.9405057096,1200.9425719222018,1201.87353515625,20201500,0.0,0.0
2024-12-05 00:00:00+09:00,1211.1832146520135,1211.6486962871604,1191.6329859758473,1194.891357421875,16376800,0.0,0.0
2024-12-06 00:00:00+09:00,1201.8734161697191,1208.8556397338346,1194.4257110346628,1197.68408203125,13641500,0.0,0.0
2024-12-09 00:00:00+09:00,1208.8557524226262,1212.1141237229567,1199.5461201359674,1210.252197265625,16151800,0.0,0.0
2024-12-10 00:00:00+09:00,1238.181027905394,1247.0251781047184,1223.7510986328125,1223.7510986328125,16938500,0.0,0.0
2024-12-11 00:00:00+09:00,1233.0606812784783,1235.8535707037977,1212.1140105885834,1216.3033447265625,11876200,0.0,0.0
2024-12-12 00:00:00+09:00,1222.3547192382812,1225.1476089242788,1206.9938259652945,1210.252197265625,18267100,0.0,0.0
2024-12-13 00:00:00+09:00,1200.9424347171555,1211.6485106855641,1198.1495453340922,1204.2008056640625,16401500,0.0,0.0
2024-12-16 00:00:00+09:00,1205.5974590412623,1214.4416102851942,1197.6842710861652,1198.615234375,13340000,0.0,0.0
2024-12-17 00:00:00+09:00,1201.4081003139304,1215.8380310034818,1194.891357421875,1194.891357421875,19015100,0.0,0.0
2024-12-18 00:00:00+09:00,1191.63293491362,1210.2521995216453,1146.9466998543592,1158.583740234375,70954200,0.0,0.0
2024-12-19 00:00:00+09:00,1130.6547271728516,1152.5323608398437,1129.7237640380858,1135.7750244140625,45054900,0.0,0.0
2024-12-20 00:00:00+09:00,1147.8776339189267,1163.2385268302505,1136.2405938345903,1144.6192626953125,53318800,0.0,0.0
2024-12-23 00:00:00+09:00,1158.1182080518017,1191.1674012880067,1146.4811681798985,1188.37451171875,34534600,0.0,0.0
2024-12-24 00:00:00+09:00,1355.4823707460732,1391.7899342482003,1328.0189573277978,1333.604736328125,158482300,0.0,0.0
2024-12-25 00:00:00+09:00,1333.139326973001,1344.7763671875,1310.796209761163,1344.7763671875,52600200,0.0,0.0
2024-12-26 00:00:00+09:00,1349.8966634114583,1404.8234931640625,1346.638292154948,1396.44482421875,71143400,0.0,0.0
2024-12-27 00:00:00+09:00,1408.081867958034,1438.8036541680274,1394.5829012900065,1425.3046875,55925900,0.0,0.0
2024-12-30 00:00:00+09:00,1423.908266665182,1438.803678411925,1417.3915240259823,1429.028564453125,28320300,0.0,0.0
2025-01-06 00:00:00+09:00,1429.0284919920018,1485.8172463968958,1409.4782650657269,1469.525390625,72558800,0.0,0.0
2025-01-07 00:00:00+09:00,1469.5254523831413,1507.6949446528333,1463.008709800511,1493.2650146484375,53412100,0.0,0.0
2025-01-08 00:00:00+09:00,1493.2649264929248,1506.2984108887483,1483.024331610492,1484.4207763671875,37117900,0.0,0.0
2025-01-09 00:00:00+09:00,1473.7147573932098,1475.5766838081097,1441.5965267361878,1446.2513427734375,44153900,0.0,0.0
2025-01-10 00:00:00+09:00,1444.8548068469904,1457.8882909293732,1422.9771728515625,1422.9771728515625,28385100,0.0,0.0
2025-01-14 00:00:00+09:00,1412.2711317824544,1419.2533555717546,1375.9635680780934,1376.89453125,38451300,0.0,0.0
2025-01-15 00:00:00+09:00,1402.9614909406832,1416.4604568455538,1363.3955563919249,1370.84326171875,38326800,0.0,0.0
2025-01-16 00:00:00+09:00,1370.3778331043957,1370.8433147053142,1343.379900251116,1355.482421875,30366000,0.0,0.0
2025-01-17 00:00:00+09:00,1348.5001007080077,1367.1193634033202,1336.8630615234374,1359.2061767578125,24279300,0.0,0.0
2025-01-20 00:00:00+09:00,1362.9301619433197,1388.5316506410256,1357.8098642037787,1379.6875,18511300,0.0,0.0
2025-01-21 00:00:00+09:00,1401.099753992806,1420.6499831182869,1370.8434470128948,1375.9637451171875,24543300,0.0,0.0
2025-01-22 00:00:00+09:00,1391.78996315323,1401.0995950137867,1373.1706994321166,1384.8077392578125,18177000,0.0,0.0
2025-01-23 00:00:00+09:00,1382.4803553960726,1388.5316162109375,1372.2397601709165,1388.5316162109375,19358600,0.0,0.0
2025-01-24 00:00:00+09:00,1384.3422366252537,1391.3244604145539,1360.602675741633,1376.89453125,18990900,0.0,0.0
2025-01-27 00:00:00+09:00,1387.1351286095894,1402.9615025601686,1384.3422390888989,1391.324462890625,15342800,0.0,0.0
2025-01-28 00:00:00+09:00,1385.2731109957201,1397.3756314546881,1375.497998317323,1386.6695556640625,12381100,0.0,0.0
2025-01-29 00:00:00+09:00,1395.9793564439947,1395.9793564439947,1375.49816548583,1379.6875,19058200,0.0,0.0
2025-01-30 00:00:00+09:00,1380.618371755591,1387.6005954832826,1368.0503690457456,1375.0325927734375,14481000,0.0,0.0
2025-01-31 00:00:00+09:00,1369.912334814965,1379.2219667199258,1357.3443317432682,1376.4290771484375,21052000,0.0,0.0
2025-02-03 00:00:00+09:00,1290.7804603687875,1299.6246106562044,1273.5576413880285,1277.281494140625,54082800,0.0,0.0
2025-02-04 00:00:00+09:00,1303.3485211751713,1309.8652637810471,1289.8495543487143,1290.780517578125,23744300,0.0,0.0
2025-02-05 00:00:00+09:00,1303.3485026041667,1445.3203930664063,1303.3485026041667,1396.44482421875,80313800,0.0,0.0
2025-02-06 00:00:00+09:00,1336.863183254666,1363.395635011461,1329.8809591081408,1340.5870361328125,51037200,0.0,0.0
2025-02-07 00:00:00+09:00,1329.4154262204142,1342.9143923830163,1316.3819416496258,1337.32861328125,19658100,0.0,0.0
2025-02-10 00:00:00+09:00,1325.6915833077126,1331.7428440461256,1320.105804164562,1324.7606201171875,15059500,0.0,0.0
2025-02-12 00:00:00+09:00,1324.7606892381978,1326.6226157163962,1295.9008288261218,1307.0723876953125,23581400,0.0,0.0
2025-02-13 00:00:00+09:00,1334.0701355235847,1341.9833219520217,1321.967615103622,1335.0010986328125,22104000,0.0,0.0
2025-02-14 00:00:00+09:00,1374.1016758065032,1394.582866096302,1363.3955990641082,1368.0504150390625,37236700,0.0,0.0
2025-02-17 00:00:00+09:00,1354.5515107572749,1358.2753637078104,1321.0368342024558,1325.691650390625,16952300,0.0,0.0
2025-02-18 00:00:00+09:00,1321.967788938492,1333.6048293340773,1310.7962301587302,1319.640380859375,13599600,0.0,0.0
2025-02-19 00:00:00+09:00,1306.1413429725562,1310.7961588776616,1284.263708218561,1289.8494873046875,25517800,0.0,0.0
2025-02-20 00:00:00+09:00,1266.1099938826383,1278.677997498385,1249.3526557283092,1272.1612548828125,23769600,0.0,0.0
2025-02-21 00:00:00+09:00,1266.1099835824275,1293.1079170558764,1258.6622777966486,1284.729248046875,18289900,0.0,0.0
2025-02-25 00:00:00+09:00,1276.350599388532,1302.883051673414,1276.350599388532,1292.6424560546875,16450700,0.0,0.0
2025-02-26 00:00:00+09:00,1292.642297515597,1305.67578125,1282.401703152852,1305.67578125,12610500,0.0,0.0
2025-02-27 00:00:00+09:00,1294.0388174936281,1312.6580810546875,1289.8494831923897,1312.6580810546875,16823600,0.0,0.0
2025-02-28 00:00:00+09:00,1302.4175665226244,1308.0033459358735,1287.9876363717303,1296.831787109375,26051300,0.0,0.0
2025-03-03 00:00:00+09:00,1309.3998161815543,1321.502338478291,1307.0724080475663,1314.985595703125,16372900,0.0,0.0
2025-03-04 00:00:00+09:00,1298.6936408173426,1298.6936408173426,1274.0231164577299,1285.66015625,23308300,0.0,0.0
2025-03-05 00:00:00+09:00,1294.969753564228,1320.5712404247718,1287.5220482957063,1313.12353515625,25432900,0.0,0.0
2025-03-06 00:00:00+09:00,1336.8632381563802,1361.999246116145,1335.9322748986112,1339.6561279296875,24897500,0.0,0.0
2025-03-07 00:00:00+09:00,1318.7094072705795,1332.2083740234375,1310.7962198637315,1332.2083740234375,19812500,0.0,0.0
2025-03-10 00:00:00+09:00,1332.6738726333238,1344.776394704042,1326.6226115979648,1344.3109130859375,13249900,0.0,0.0
2025-03-11 00:00:00+09:00,1344.3108273841594,1354.5514223296068,1334.5357140271417,1349.8966064453125,20781500,0.0,0.0
2025-03-12 00:00:00+09:00,1328.9500433568796,1350.8276797974308,1328.0190801040903,1348.0347900390625,18480700,0.0,0.0
2025-03-13 00:00:00+09:00,1345.2418869535893,1351.2931480367715,1327.5535853258257,1331.742919921875,16241300,0.0,0.0
2025-03-14 00:00:00+09:00,1331.7428244965652,1358.7407566254715,1331.7428244965652,1349.8966064453125,18140400,0.0,0.0
2025-03-17 00:00:00+09:00,1349.8966413461742,1378.7565005749545,1349.8966413461742,1374.1016845703125,14024800,0.0,0.0
2025-03-18 00:00:00+09:00,1395.5138475018528,1416.9260012660573,1393.1864394840043,1413.2021484375,19261600,0.0,0.0
2025-03-19 00:00:00+09:00,1410.4091522206727,1423.4426361355834,1405.7543365367762,1410.8746337890625,18181500,0.0,0.0
2025-03-21 00:00:00+09:00,1390.3935206166443,1419.2533794309168,1388.0661126477514,1399.2376708984375,21187900,0.0,0.0
2025-03-24 00:00:00+09:00,1400.63419832121,1411.8057572310502,1396.44486373002,1397.84130859375,12395000,0.0,0.0
2025-03-25 00:00:00+09:00,1409.4782659615664,1420.6498242122525,1395.5138181482089,1399.2376708984375,13674100,0.0,0.0
2025-03-26 00:00:00+09:00,1396.4447205448341,1398.306646838894,1377.8254576042364,1389.927978515625,19642700,0.0,0.0
2025-03-27 00:00:00+09:00,1349.8966426639765,1365.7230170952093,1342.4489370492788,1355.482421875,27870900,0.0,0.0
2025-03-28 00:00:00+09:00,1327.8389146054265,1338.8009731251411,1316.4002448457243,1320.213134765625,23546600,34.0,0.0
2025-03-31 00:00:00+09:00,1281.1310055865922,1290.1866190933426,1263.973001047486,1279.701171875,21374300,0.0,0.0
2025-04-01 00:00:00+09:00,1292.0931875235972,1294.4762439373258,1277.7948490412261,1282.0843505859375,17648700,0.0,0.0
2025-04-02 00:00:00+09:00,1278.2714858100662,1297.3359375,1261.590090581374,1297.3359375,20889500,0.0,0.0
2025-04-03 00:00:00+09:00,1239.1892621462487,1274.9351062466212,1227.2739807794578,1267.309326171875,39244100,0.0,0.0
2025-04-04 00:00:00+09:00,1210.1160881388444,1222.0313706136262,1173.4170181165161,1198.2008056640625,43216200,0.0,0.0
2025-04-07 00:00:00+09:00,1112.4107216229577,1175.8000215269224,1101.9252735185426,1148.6331787109375,44335700,0.0,0.0
2025-04-08 00:00:00+09:00,1177.2298395745108,1237.7594710020262,1176.753228303428,1223.937744140625,31565700,0.0,0.0
2025-04-09 00:00:00+09:00,1185.8088866794833,1211.5458962778323,1166.7444351251509,1185.332275390625,33414800,0.0,0.0
2025-04-10 00:00:00+09:00,1303.531883389675,1303.531883389675,1248.2449735274436,1285.420654296875,31411600,0.0,0.0
2025-04-11 00:00:00+09:00,1210.5926555444985,1254.9175047435688,1199.6305960651587,1253.4876708984375,27173000,0.0,0.0
2025-04-14 00:00:00+09:00,1262.5432121505246,1281.607662315123,1254.4408208305701,1257.777099609375,16202100,0.0,0.0
2025-04-15 00:00:00+09:00,1324.979293588835,1331.651851182448,1302.1019532678768,1303.05517578125,26928700,0.0,0.0
2025-04-16 00:00:00+09:00,1307.8213362168265,1323.5495082631658,1280.6544935913312,1293.04638671875,22025600,0.0,0.0
2025-04-17 00:00:00+09:00,1293.99968391562,1329.268920235972,1290.186793502609,1317.3536376953125,23270800,0.0,0.0
2025-04-18 00:00:00+09:00,1317.3535173757396,1334.98813392527,1316.876906117644,1329.268798828125,16325000,0.0,0.0
2025-04-21 00:00:00+09:00,1326.8857651779247,1329.745432775291,1312.1108159248658,1315.9237060546875,10795700,0.0,0.0
2025-04-22 00:00:00+09:00,1315.9236580984934,1330.6986068131089,1310.6809343610491,1321.1663818359375,13890900,0.0,0.0
2025-04-23 00:00:00+09:00,1348.8098394093397,1362.6315656789054,1334.5115018890995,1352.1461181640625,25838700,0.0,0.0
2025-04-24 00:00:00+09:00,1355.4824955875108,1391.7049532755034,1349.2865488777227,1360.7252197265625,30509400,0.0,0.0
2025-04-25 00:00:00+09:00,1371.6871579483695,1379.7895490828805,1361.2017105978261,1370.25732421875,21836500,0.0,0.0
2025-04-28 00:00:00+09:00,1380.2662601188424,1406.4798803904366,1375.9767586198543,1383.6025390625,20017500,0.0,0.0
2025-04-30 00:00:00+09:00,1390.7516838646068,1405.526633213408,1372.640455630592,1385.0323486328125,26172900,0.0,0.0
2025-05-01 00:00:00+09:00,1374.5469501586497,1397.424291908863,1365.4913357158568,1396.4710693359375,10378000,0.0,0.0
2025-05-02 00:00:00+09:00,1425.0677235235744,1446.0386197894732,1411.7226077180023,1414.582275390625,30253500,0.0,0.0
2025-05-07 00:00:00+09:00,1415.0588591985088,1424.591084588866,1389.7984619140625,1389.7984619140625,17868500,0.0,0.0
2025-05-08 00:00:00+09:00,1389.7984601375715,1392.6581277510234,1373.593676994678,1375.5001220703125,16219100,0.0,0.0
2025-05-09 00:00:00+09:00,1404.0968513681757,1416.01213354204,1395.0412369160388,1413.1524658203125,19309000,0.0,0.0
2025-05-12 00:00:00+09:00,1416.0120365756609,1422.2079828817812,1407.9096452522726,1418.8717041015625,11517900,0.0,0.0
2025-05-13 00:00:00+09:00,1443.1790032242475,1446.0386709981397,1422.208106215705,1433.170166015625,17122800,0.0,0.0
2025-05-14 00:00:00+09:00,1436.9829778987958,1437.459589168414,1374.546901578815,1392.1815185546875,30348800,0.0,0.0
2025-05-15 00:00:00+09:00,1377.4065120576072,1377.883123307454,1336.4179445707719,1337.8477783203125,21581300,0.0,0.0
2025-05-16 00:00:00+09:00,1329.7453874612431,1342.1372799608819,1318.3067174615765,1340.2308349609375,17737100,0.0,0.0
2025-05-19 00:00:00+09:00,1341.1840582400835,1356.9122294987626,1338.3243907385056,1344.9969482421875,11147700,0.0,0.0
2025-05-20 00:00:00+09:00,1351.6695317994022,1359.2953119505978,1345.9501966860057,1355.482421875,20456500,0.0,0.0
2025-05-21 00:00:00+09:00,1384.079050271739,1398.3773875679349,1370.25732421875,1370.25732421875,22287700,0.0,0.0
2025-05-22 00:00:00+09:00,1351.6694819042625,1355.4823718391124,1343.5670907927065,1348.809814453125,15332200,0.0,0.0
2025-05-23 00:00:00+09:00,1355.4823969187853,1357.3888419214838,1343.5671156519184,1352.1461181640625,12287100,0.0,0.0
2025-05-26 00:00:00+09:00,1351.6695788804213,1358.3421367451342,1337.8478518749446,1340.70751953125,11639900,0.0,0.0
2025-05-27 00:00:00+09:00,1339.277637687013,1346.9034178304269,1331.1752462846362,1345.9501953125,9480700,0.0,0.0
2025-05-28 00:00:00+09:00,1369.7808343633906,1379.313060072252,1357.8655522273139,1363.1082763671875,15201000,0.0,0.0
2025-05-29 00:00:00+09:00,1378.359866545162,1426.4976073892358,1372.6405309993315,1426.02099609375,24271300,0.0,0.0
2025-05-30 00:00:00+09:00,1382.1726827595473,1409.8161364147384,1380.742848949796,1399.3306884765625,47301300,0.0,0.0
2025-06-02 00:00:00+09:00,1395.994381027912,1396.4709922880784,1363.108204076418,1369.78076171875,14847300,0.0,0.0
2025-06-03 00:00:00+09:00,1354.0525639396321,1366.444456464247,1340.2308376621772,1356.9122314453125,12936700,0.0,0.0
2025-06-04 00:00:00+09:00,1358.3420894316982,1363.5848132856452,1347.8566417238046,1355.482421875,16239100,0.0,0.0
2025-06-05 00:00:00+09:00,1332.6051254713466,1336.8946269481858,1312.5874519127642,1319.260009765625,23765000,0.0,0.0
2025-06-06 00:00:00+09:00,1327.8389660975392,1347.3800276948111,1324.979298546719,1336.41796875,16167400,0.0,0.0
2025-06-09 00:00:00+09:00,1340.230932094029,1347.380101361956,1332.6051515415736,1334.5115966796875,10920200,0.0,0.0
2025-06-10 00:00:00+09:00,1342.6139885166713,1344.5204336547852,1333.081762826102,1334.5115966796875,13586500,0.0,0.0
2025-06-11 00:00:00+09:00,1337.8478767543556,1353.0994378716123,1337.8478767543556,1346.4268798828125,13509400,0.0,0.0
2025-06-12 00:00:00+09:00,1346.4268295903669,1353.0993873299296,1332.6051028441293,1334.9881591796875,14085000,0.0,0.0
2025-06-13 00:00:00+09:00,1334.9881092478051,1340.2308329899422,1324.0260505142458,1328.3155517578125,23350200,0.0,0.0
2025-06-16 00:00:00+09:00,1349.763208952379,1380.7429436211305,1347.8567637419942,1367.3978271484375,29464400,0.0,0.0
2025-06-17 00:00:00+09:00,1368.35104975363,1375.0236079899764,1357.865601096514,1367.3978271484375,14979600,0.0,0.0
2025-06-18 00:00:00+09:00,1367.397682411542,1381.6960199759708,1365.014626150804,1378.3597412109375,15861500,0.0,0.0
2025-06-19 00:00:00+09:00,1377.4065656505318,1377.4065656505318,1357.8655036464932,1363.5848388671875,10122500,0.0,0.0
2025-06-20 00:00:00+09:00,1363.5847889585666,1375.0234589812878,1352.622730186792,1356.9122314453125,42031100,0.0,0.0
2025-06-23 00:00:00+09:00,1353.5759499605485,1353.5759499605485,1333.558277461132,1340.2308349609375,10516200,0.0,0.0
2025-06-24 00:00:00+09:00,1344.9969201396696,1345.9501426202787,1323.5494143259612,1324.979248046875,11014400,0.0,0.0
2025-06-25 00:00:00+09:00,1336.4180411593918,1336.4180411593918,1312.5874769447094,1327.3624267578125,11327500,0.0,0.0
2025-06-26 00:00:00+09:00,1315.923754838584,1323.0729240970334,1299.7189711860988,1315.4471435546875,17960100,0.0,0.0
2025-06-27 00:00:00+09:00,1334.511502270628,1358.8186760619858,1329.7453897625187,1354.5291748046875,21309000,0.0,0.0
2025-06-30 00:00:00+09:00,1356.9122517976593,1357.3888630557547,1329.268798828125,1329.268798828125,18535600,0.0,0.0
2025-07-01 00:00:00+09:00,1329.2688965893065,1338.3245111591152,1324.0261723646802,1330.69873046875,13683000,0.0,0.0
2025-07-02 00:00:00+09:00,1333.558351927981,1355.005859375,1330.6986842683784,1355.005859375,18316300,0.0,0.0
2025-07-03 00:00:00+09:00,1355.4824255804804,1390.751658876175,1348.3332566691909,1381.696044921875,23859700,0.0,0.0
2025-07-04 00:00:00+09:00,1390.7516826753888,1393.6113502888406,1367.3977304988657,1375.5001220703125,10246400,0.0,0.0
2025-07-07 00:00:00+09:00,1372.64042721519,1372.64042721519,1349.7630867616035,1355.482421875,8548600,0.0,0.0
2025-07-08 00:00:00+09:00,1357.8655039433906,1369.7807856557756,1352.6227799899414,1365.9678955078125,15416200,0.0,0.0
2025-07-09 00:00:00+09:00,1393.1346952759036,1413.6289791954603,1388.3685827364718,1411.7225341796875,21595400,0.0,0.0
2025-07-10 00:00:00+09:00,1411.7225590542375,1418.8717279893535,1403.1435563320983,1415.058837890625,19468700,0.0,0.0
2025-07-11 00:00:00+09:00,1428.880616205113,1447.945067388637,1411.7226101399415,1438.412841796875,20734500,0.0,0.0
2025-07-14 00:00:00+09:00,1438.4127946369908,1453.1877438198094,1435.5531270532194,1450.8046875,11014000,0.0,0.0
2025-07-15 00:00:00+09:00,1461.766845223163,1477.0184066992445,1444.6088385625717,1454.61767578125,16436800,0.0,0.0
2025-07-16 00:00:00+09:00,1454.6175254783693,1454.6175254783693,1428.4039068999584,1432.216796875,13892800,0.0,0.0
2025-07-17 00:00:00+09:00,1417.9184337855982,1427.4506585505433,1413.1523214031256,1424.1143798828125,10665800,0.0,0.0
2025-07-18 00:00:00+09:00,1430.7870098798965,1431.7402324047998,1417.44189453125,1417.44189453125,11220800,0.0,0.0
2025-07-22 00:00:00+09:00,1417.4418942023303,1431.2636208102213,1411.7225590542375,1415.058837890625,10910700,0.0,0.0
2025-07-23 00:00:00+09:00,1487.0271129261364,1587.1154762961648,1482.2610003847064,1572.817138671875,77162500,0.0,0.0
2025-07-24 00:00:00+09:00,1572.8170899325016,1596.1710406618024,1568.5275887781402,1573.293701171875,33826400,0.0,0.0
2025-07-25 00:00:00+09:00,1557.565721873072,1559.9487783630861,1538.977881250964,1545.173828125,20782400,0.0,0.0
2025-07-28 00:00:00+09:00,1562.3317646537384,1582.3494382704123,1549.9398714624642,1580.4429931640625,22897900,0.0,0.0
2025-07-29 00:00:00+09:00,1563.2849835614986,1567.5744850407834,1537.5479746857911,1547.0802001953125,15205600,0.0,0.0
2025-07-30 00:00:00+09:00,1526.109275930668,1528.4923322641014,1507.0448252632018,1515.147216796875,20788200,0.0,0.0
2025-07-31 00:00:00+09:00,1515.6238749925312,1516.5770975554194,1492.2699222017657,1495.606201171875,26164300,0.0,0.0
2025-08-01 00:00:00+09:00,1500.372265996552,1514.1939927163423,1495.1295420683557,1503.23193359375,17818400,0.0,0.0
2025-08-04 00:00:00+09:00,1470.8223641005666,1477.018310546875,1451.757913496541,1477.018310546875,18456500,0.0,0.0
2025-08-05 00:00:00+09:00,1463.1966078805062,1486.5505602538433,1458.907106424179,1475.5885009765625,16202700,0.0,0.0
2025-08-06 00:00:00+09:00,1481.784353491079,1507.5213605957808,1478.4480747923212,1497.9891357421875,17890200,0.0,0.0
2025-08-07 00:00:00+09:00,1493.6997290678835,1498.465841796243,1460.8135512422025,1473.2054443359375,30969000,0.0,0.0
2025-08-08 00:00:00+09:00,1490.8399729249338,1538.0244861345145,1484.1674155013568,1531.3519287109375,26288800,0.0,0.0
2025-08-12 00:00:00+09:00,1544.220487197168,1579.0131092852523,1535.1648732290364,1571.3873291015625,24678800,0.0,0.0
2025-08-13 00:00:00+09:00,1573.770458360658,1588.5454081514456,1564.7148439727562,1567.097900390625,19057900,0.0,0.0
2025-08-14 00:00:00+09:00,1567.0978243739412,1571.3873257180305,1539.4543712675884,1547.5567626953125,13617600,0.0,0.0
2025-08-15 00:00:00+09:00,1564.714745497376,1569.0042467795802,1553.7526866650765,1560.90185546875,11352700,0.0,0.0
2025-08-18 00:00:00+09:00,1566.1445347733763,1585.208984375,1558.518754932727,1585.208984375,15708300,0.0,0.0
2025-08-19 00:00:00+09:00,1585.2091313859814,1598.554247344733,1579.9664072593291,1590.928466796875,15231700,0.0,0.0
2025-08-20 00:00:00+09:00,1599.5073765602056,1628.5806632020924,1598.5541540473569,1622.861328125,24898100,0.0,0.0
2025-08-21 00:00:00+09:00,1596.6477532628126,1601.4138659591194,1582.8260264435226,1591.405029296875,14766200,0.0,0.0
2025-08-22 00:00:00+09:00,1596.647803083355,1605.2268062044,1586.6389661088028,1600.460693359375,8463900,0.0,0.0
2025-08-25 00:00:00+09:00,1619.5250728535202,1636.2064670706695,1604.2735124264123,1616.6654052734375,11138700,0.0,0.0
2025-08-26 00:00:00+09:00,1603.320310742539,1609.5162572465974,1578.0599134567617,1589.02197265625,35103500,0.0,0.0
2025-08-27 00:00:00+09:00,1589.4985093662292,1590.9283431077881,1576.1533944450134,1581.3961181640625,12340200,0.0,0.0
2025-08-28 00:00:00+09:00,1581.3961675865785,1595.2178941869436,1577.583277489926,1585.6856689453125,11708000,0.0,0.0
2025-08-29 00:00:00+09:00,1572.8171865484164,1583.3026344587392,1557.5656259515833,1565.19140625,18007200,0.0,0.0
2025-09-01 00:00:00+09:00,1565.1914574478542,1593.7881345023218,1562.3317897424074,1590.928466796875,10794700,0.0,0.0
2025-09-02 00:00:00+09:00,1589.0219974283757,1598.5542229678379,1578.0599380579938,1592.3582763671875,11176000,0.0,0.0
2025-09-03 00:00:00+09:00,1582.8260003794794,1589.975169306216,1570.434107573136,1578.5364990234375,16337000,0.0,0.0
2025-09-04 00:00:00+09:00,1579.48979640947,1597.1244139312414,1575.2002948501204,1595.694580078125,9832800,0.0,0.0
2025-09-05 00:00:00+09:00,1625.2444567964828,1649.075020679129,1602.3671154691422,1613.8057861328125,19763600,0.0,0.0
2025-09-08 00:00:00+09:00,1620.4782461191153,1623.3379136122667,1605.7032974044998,1614.7589111328125,11091800,0.0,0.0
2025-09-09 00:00:00+09:00,1620.4782711248158,1642.4023889106222,1616.6653810751104,1618.09521484375,14976000,0.0,0.0
2025-09-10 00:00:00+09:00,1611.8992886949702,1613.8057337436928,1588.0687255859375,1588.0687255859375,14623100,0.0,0.0
2025-09-11 00:00:00+09:00,1588.068649592453,1588.068649592453,1561.8550314269114,1573.293701171875,10486500,0.0,0.0
2025-09-12 00:00:00+09:00,1588.068748046283,1588.068748046283,1566.6212409448174,1572.340576171875,13243500,0.0,0.0
2025-09-16 00:00:00+09:00,1585.2090573526161,1596.6477276401877,1575.200220850991,1583.3026123046875,10277900,0.0,0.0
2025-09-17 00:00:00+09:00,1578.0599122861818,1583.3026362472654,1558.5188502494154,1579.48974609375,11618100,0.0,0.0
2025-09-18 00:00:00+09:00,1596.6476998678068,1597.1243111214987,1563.284912109375,1563.284912109375,12649200,0.0,0.0
2025-09-19 00:00:00+09:00,1572.817160526278,1602.3670586937415,1552.7994875741254,1554.7059326171875,41036300,0.0,0.0
2025-09-22 00:00:00+09:00,1558.5188988207192,1587.5921871473442,1558.5188988207192,1583.779296875,9481700,0.0,0.0
2025-09-24 00:00:00+09:00,1589.0220194350195,1593.7881322707574,1564.2382326891823,1567.097900390625,13827600,0.0,0.0
2025-09-25 00:00:00+09:00,1588.5454340923263,1588.5454340923263,1570.4342050207667,1582.3494873046875,11868300,0.0,0.0
2025-09-26 00:00:00+09:00,1580.9195299923058,1590.4517550751657,1569.004248638731,1572.817138671875,18272700,0.0,0.0
2025-09-29 00:00:00+09:00,1568.434740890932,1570.382502133889,1523.1492919921875,1523.1492919921875,20529500,35.0,0.0
2025-09-30 00:00:00+09:00,1510.488842885063,1514.8713056787333,1491.01123046875,1491.01123046875,19750800,0.0,0.0
2025-10-01 00:00:00+09:00,1480.2984928051603,1483.2201345672759,1467.6380451693267,1472.0205078125,17746200,0.0,0.0
2025-10-02 00:00:00+09:00,1455.9515070304706,1472.9944176478841,1439.8824770197664,1464.2294921875,17641100,0.0,0.0
2025-10-03 00:00:00+09:00,1454.9775512334986,1484.680908203125,1454.0036706771175,1484.680908203125,12100700,0.0,0.0
2025-10-06 00:00:00+09:00,1584.5036772433282,1584.99061752521,1543.6006935652583,1547.4962158203125,29066400,0.0,0.0
2025-10-07 00:00:00+09:00,1549.9310100939995,1562.104517870421,1548.4701891608288,1555.287353515625,16808600,0.0,0.0
2025-10-08 00:00:00+09:00,1555.2873571869125,1584.5037759192903,1547.4963121916117,1554.3134765625,20593300,0.0,0.0
2025-10-09 00:00:00+09:00,1548.4701529358317,1552.3656753331545,1513.4104513599261,1532.401123046875,17460300,0.0,0.0
2025-10-10 00:00:00+09:00,1519.2536765444247,1524.123079353862,1500.7499458685631,1515.358154296875,16689100,0.0,0.0
2025-10-14 00:00:00+09:00,1480.2985092603863,1510.9757481036113,1478.8376883630897,1500.2630615234375,15979400,0.0,0.0
2025-10-15 00:00:00+09:00,1513.4104385894982,1519.7406624317323,1497.3414088361349,1503.1846923828125,11397700,0.0,0.0
2025-10-16 00:00:00+09:00,1503.1846778684749,1513.4104239764238,1498.8022152507826,1507.0802001953125,10337300,0.0,0.0
2025-10-17 00:00:00+09:00,1480.2984709637562,1489.0633961207784,1474.4551875257414,1477.86376953125,14571700,0.0,0.0
2025-10-20 00:00:00+09:00,1504.6455565626247,1524.1231689453125,1502.6977953243559,1524.1231689453125,11377600,0.0,0.0
2025-10-21 00:00:00+09:00,1527.0447337962962,1531.9141366464119,1507.0801821108216,1511.9495849609375,10917200,0.0,0.0
2025-10-22 00:00:00+09:00,1548.4701063368054,1583.0428665726272,1539.7051812065972,1577.6865234375,21202900,0.0,0.0
2025-10-23 00:00:00+09:00,1565.0261634310384,1568.4347456164826,1552.3657153136746,1554.3134765625,11768500,0.0,0.0
2025-10-24 00:00:00+09:00,1554.3133598894638,1559.6697029216643,1545.0614946520266,1552.8525390625,10586600,0.0,0.0
2025-10-27 00:00:00+09:00,1587.425332779204,1587.425332779204,1562.591378186646,1576.712646484375,12614200,0.0,0.0
2025-10-28 00:00:00+09:00,1585.9645949834721,1586.4515352951037,1553.8265344157996,1554.8004150390625,10455900,0.0,0.0
2025-10-29 00:00:00+09:00,1557.2350415108444,1563.5652652568233,1537.757429984755,1542.139892578125,8781000,0.0,0.0
2025-10-30 00:00:00+09:00,1544.574554376372,1553.3394793381547,1528.9924655554248,1552.8525390625,41396000,0.0,0.0
2025-10-31 00:00:00+09:00,1547.4961981357671,1548.4700786884014,1514.8711996225209,1519.253662109375,15680900,0.0,0.0
2025-11-04 00:00:00+09:00,1537.270466316271,1557.7219581076183,1510.0018105944746,1548.4700927734375,16481300,0.0,0.0
2025-11-05 00:00:00+09:00,1552.3655972233344,1553.3394777736628,1502.2107488814263,1520.2275390625,16691600,0.0,0.0
2025-11-06 00:00:00+09:00,1538.244343840318,1540.1921049594573,1513.410389571291,1516.33203125,15774100,0.0,0.0
2025-11-07 00:00:00+09:00,1524.6100368367386,1549.443991445066,1513.4104102486692,1543.6007080078125,15210000,0.0,0.0
2025-11-10 00:00:00+09:00,1465.690285804491,1491.9850616960002,1463.7425246273422,1471.5335693359375,28707200,0.0,0.0
2025-11-11 00:00:00+09:00,1470.5596437069248,1487.1156132056121,1463.2555395163276,1483.70703125,15642500,0.0,0.0
2025-11-12 00:00:00+09:00,1498.3152858033927,1522.1753602279512,1494.9067037427415,1504.1585693359375,14337400,0.0,0.0
2025-11-13 00:00:00+09:00,1504.1586162530575,1524.1231689453125,1504.1586162530575,1524.1231689453125,9914900,0.0,0.0
2025-11-14 00:00:00+09:00,1519.2536747359861,1523.149196978899,1499.7760635214222,1515.8450927734375,10980200,0.0,0.0
2025-11-17 00:00:00+09:00,1498.8022036869902,1503.671606557968,1475.4290699062963,1477.3768310546875,11882000,0.0,0.0
2025-11-18 00:00:00+09:00,1472.5073980420298,1479.324561921854,1452.5428466796875,1452.5428466796875,13890500,0.0,0.0
2025-11-19 00:00:00+09:00,1468.6119203233436,1481.272367912338,1461.3078159450777,1473.4813232421875,11830200,0.0,0.0
2025-11-20 00:00:00+09:00,1479.8115433928517,1486.1417671717616,1464.2294540909197,1474.4552001953125,14241000,0.0,0.0
2025-11-21 00:00:00+09:00,1467.6380686247003,1511.4626957568248,1466.6641880217642,1498.3153076171875,47530100,0.0,0.0
2025-11-25 00:00:00+09:00,1498.3152966890634,1516.3320877119738,1494.906714603648,1501.2369384765625,11967800,0.0,0.0
2025-11-26 00:00:00+09:00,1517.7929267251568,1537.7574791780703,1507.0802400431057,1528.9925537109375,14425500,0.0,0.0
2025-11-27 00:00:00+09:00,1525.0969544730638,1529.9663572651234,1511.9495669345029,1516.8189697265625,10112700,0.0,0.0
2025-11-28 00:00:00+09:00,1525.097024000328,1537.757471836857,1519.2537403834685,1530.9403076171875,10215700,0.0,0.0
2025-12-01 00:00:00+09:00,1529.966440286543,1529.966440286543,1490.0373352249592,1494.90673828125,11433600,0.0,0.0
2025-12-02 00:00:00+09:00,1494.9066887279548,1497.8283304648824,1474.4551965694616,1475.4290771484375,8895300,0.0,0.0
2025-12-03 00:00:00+09:00,1470.5597161311107,1478.3507609847854,1462.768671277436,1464.2294921875,10492800,0.0,0.0
2025-12-04 00:00:00+09:00,1474.942140998902,1511.462662813005,1471.0466186720644,1507.0802001953125,12850700,0.0,0.0
2025-12-05 00:00:00+09:00,1479.811521630538,1489.5503273010254,1468.6118951094777,1480.2984619140625,12458400,0.0,0.0
2025-12-08 00:00:00+09:00,1490.0373590261593,1490.0373590261593,1472.5075077434985,1488.5765380859375,10528700,0.0,0.0
2025-12-09 00:00:00+09:00,1487.115607790087,1488.089488345287,1477.376802238089,1485.1678466796875,9104800,0.0,0.0
2025-12-10 00:00:00+09:00,1538.7313396292843,1562.5914141994851,1527.0447724928592,1534.348876953125,23848000,0.0,0.0
2025-12-11 00:00:00+09:00,1545.5485166593362,1550.4179196733858,1515.8451582736338,1530.9403076171875,10846400,0.0,0.0
2025-12-12 00:00:00+09:00,1542.62689453125,1564.0522680664062,1535.8097302246094,1558.208984375,15940500,0.0,0.0
2025-12-15 00:00:00+09:00,1560.6436512743549,1568.9216363201158,1555.2873080094507,1567.4608154296875,10523400,0.0,0.0
2025-12-16 00:00:00+09:00,1577.6865280584582,1582.0689906363984,1543.6007080078125,1543.6007080078125,12485100,0.0,0.0
2025-12-17 00:00:00+09:00,1537.757431791767,1545.0615361226335,1526.557805151105,1541.6529541015625,8402300,0.0,0.0
2025-12-18 00:00:00+09:00,1543.1137984863597,1545.5484999670894,1493.9328285756237,1502.69775390625,13318100,0.0,0.0
2025-12-19 00:00:00+09:00,1495.8805394990368,1521.2014340478486,1495.8805394990368,1516.33203125,24504100,0.0,0.0
2025-12-22 00:00:00+09:00,1531.9141519307789,1552.8525843951857,1531.427211640909,1540.6790771484375,9871300,0.0,0.0
2025-12-23 00:00:00+09:00,1537.7575013143633,1542.6269044217552,1514.384366398882,1523.1492919921875,8761800,0.0,0.0
2025-12-24 00:00:00+09:00,1527.0447301456388,1527.5316704294862,1512.9234619140625,1512.9234619140625,6954300,0.0,0.0
2025-12-25 00:00:00+09:00,1519.2536639097068,1524.123066678648,1512.923440310083,1518.7667236328125,5019400,0.0,0.0
2025-12-26 00:00:00+09:00,1514.384330197303,1517.7929122909948,1498.8022406261412,1500.2630615234375,11317000,0.0,0.0
2025-12-29 00:00:00+09:00,1499.776119402985,1503.6716417910447,1491.4981343283582,1500.75,11842800,0.0,0.0
2025-12-30 00:00:00+09:00,1492.9589734077454,1496.8544958432517,1483.22016731898,1495.880615234375,10606400,0.0,0.0
2026-01-05 00:00:00+09:00,1509.0279234664583,1533.861877676458,1505.132401237439,1517.305908203125,17380400,0.0,0.0
2026-01-06 00:00:00+09:00,1523.6362268039115,1547.4963019440177,1520.714584950021,1524.610107421875,13100100,0.0,0.0
2026-01-07 00:00:00+09:00,1493.9328686587182,1498.3153314416154,1481.2724206192377,1491.985107421875,21548300,0.0,0.0
2026-01-08 00:00:00+09:00,1490.0372512632216,1490.0372512632216,1478.3506845866473,1484.680908203125,15188100,0.0,0.0
2026-01-09 00:00:00+09:00,1519.2537403834685,1542.1399345495015,1516.3320985750388,1530.9403076171875,20042200,0.0,0.0
2026-01-13 00:00:00+09:00,1548.470165513184,1564.5391955326604,1545.548523691461,1561.6175537109375,20598000,0.0,0.0
2026-01-14 00:00:00+09:00,1568.434739272482,1599.5989191276321,1558.6959330677475,1588.3992919921875,16260500,0.0,0.0
2026-01-15 00:00:00+09:00,1574.7648914690672,1614.2070547989974,1563.565264844519,1607.8768310546875,16787100,0.0,0.0
2026-01-16 00:00:00+09:00,1585.9645740085696,1604.9552459110364,1581.095170956655,1592.78173828125,9759100,0.0,0.0
2026-01-19 00:00:00+09:00,1577.6864982281422,1584.9906023866058,1553.8264246438277,1584.503662109375,9548300,0.0,0.0
2026-01-20 00:00:00+09:00,1584.5036801715667,1593.7555455444185,1573.3040536675883,1579.63427734375,8617300,0.0,0.0
2026-01-21 00:00:00+09:00,1558.208957037325,1565.5130615234375,1550.4179122521384,1565.5130615234375,10923700,0.0,0.0
2026-01-22 00:00:00+09:00,1593.2686658094683,1606.9029942454906,1586.4515015914571,1596.1903076171875,12992000,0.0,0.0
2026-01-23 00:00:00+09:00,1597.1641495204208,1602.0335524153002,1565.5130307037052,1573.791015625,11985300,0.0,0.0
2026-01-26 00:00:00+09:00,1510.0018528684825,1531.4272258211472,1504.1585693359375,1504.1585693359375,21701100,0.0,0.0
2026-01-27 00:00:00+09:00,1510.9757646719615,1510.9757646719615,1495.3936749299369,1495.880615234375,11652900,0.0,0.0
2026-01-28 00:00:00+09:00,1490.0373413085938,1490.5242816162108,1460.8209228515625,1460.8209228515625,22410700,0.0,0.0
2026-01-29 00:00:00+09:00,1466.1772692333427,1494.419807132889,1458.3862242955367,1492.4720458984375,15788300,0.0,0.0
2026-01-30 00:00:00+09:00,1498.8021883164188,1520.7145010111033,1495.880546623794,1514.38427734375,15810200,0.0,0.0
2026-02-02 00:00:00+09:00,1553.3396006256503,1553.3396006256503,1507.5672111401295,1520.714599609375,14746500,0.0,0.0
2026-02-03 00:00:00+09:00,1521.201479913013,1538.731330513803,1514.8712560849497,1536.7835693359375,14097900,0.0,0.0
2026-02-04 00:00:00+09:00,1548.4701330850291,1579.634311864099,1536.783566042878,1570.3824462890625,14398000,0.0,0.0
2026-02-05 00:00:00+09:00,1602.0335894017803,1617.6156790251412,1581.5820967711193,1596.67724609375,17169200,0.0,0.0
2026-02-06 00:00:00+09:00,1597.1641190621306,1647.805908203125,1588.8861342986988,1647.805908203125,21363600,0.0,0.0
2026-02-09 00:00:00+09:00,1674.1007711707998,1677.0224130053039,1588.399277358682,1592.2947998046875,23686900,0.0,0.0
2026-02-10 00:00:00+09:00,1578.6604672203737,1629.3022588893803,1577.6865866113544,1625.8936767578125,19984000,0.0,0.0
2026-02-12 00:00:00+09:00,1563.0783473179993,1585.9645411883876,1558.6958846619675,1568.921630859375,24942400,0.0,0.0
2026-02-13 00:00:00+09:00,1558.208980715178,1576.2257720546972,1549.9309955051285,1559.182861328125,21236200,0.0,0.0
2026-02-16 00:00:00+09:00,1558.2089008759242,1561.1305425650667,1514.8712158203125,1514.8712158203125,22176600,0.0,0.0
2026-02-17 00:00:00+09:00,1538.7313579473098,1552.3656864354505,1529.4794921875,1529.4794921875,13335400,0.0,0.0
2026-02-18 00:00:00+09:00,1546.522358807267,1551.878701989534,1532.888030706951,1541.166015625,11565500,0.0,0.0
2026-02-19 00:00:00+09:00,1538.7313178005454,1555.2872876756146,1531.4272134438972,1540.192138671875,13364600,0.0,0.0
2026-02-20 00:00:00+09:00,1531.9141716750041,1532.40111197115,1502.2108136101042,1502.69775390625,19002400,0.0,0.0
2026-02-24 00:00:00+09:00,1515.3582016060434,1516.819022494481,1498.3152912409369,1502.69775390625,16072700,0.0,0.0
2026-02-25 00:00:00+09:00,1511.462659176219,1516.3320620730497,1503.184674251607,1508.0540771484375,15032800,0.0,0.0
2026-02-26 00:00:00+09:00,1516.818957136351,1540.6790306193948,1510.4887335592168,1520.2275390625,14910400,0.0,0.0
2026-02-27 00:00:00+09:00,1533.8619040780807,1543.600709818259,1519.2536954678133,1543.11376953125,16616700,0.0,0.0
2026-03-02 00:00:00+09:00,1511.4626428686413,1513.4104040063587,1487.1156286471748,1512.4365234375,26680300,0.0,0.0
2026-03-03 00:00:00+09:00,1504.6454581984092,1506.5932193093456,1451.568967925391,1452.055908203125,34432100,0.0,0.0
2026-03-04 00:00:00+09:00,1441.3432464021027,1446.6995895475159,1406.2835458139434,1412.61376953125,34646000,0.0,0.0
2026-03-05 00:00:00+09:00,1438.4216756284384,1443.2910787280607,1394.110107421875,1394.110107421875,39460400,0.0,0.0
2026-03-06 00:00:00+09:00,1394.110117441326,1423.8134765625,1394.110117441326,1423.8134765625,17523800,0.0,0.0
2026-03-09 00:00:00+09:00,1376.5801760583008,1426.2480847806025,1372.6846538055713,1416.0223388671875,34420500,0.0,0.0
2026-03-10 00:00:00+09:00,1426.7351019280866,1438.4216693158935,1416.996295771581,1428.1959228515625,22955900,0.0,0.0
2026-03-11 00:00:00+09:00,1446.212714241098,1457.8992816289049,1428.1959228515625,1428.1959228515625,17715300,0.0,0.0
2026-03-12 00:00:00+09:00,1420.4048213938988,1421.8656422592337,1396.5447472600965,1410.666015625,19333700,0.0,0.0
2026-03-13 00:00:00+09:00,1328.3731543111521,1348.8246471561185,1315.7127063595062,1332.2686767578125,63381600,0.0,0.0
2026-03-16 00:00:00+09:00,1319.6081924296614,1338.1119235412211,1303.0522224877393,1309.3824462890625,28599800,0.0,0.0
2026-03-17 00:00:00+09:00,1304.0261121314968,1312.3040971599642,1297.2089479904062,1306.94775390625,18735100,0.0,0.0
2026-03-18 00:00:00+09:00,1302.0783400978742,1313.277966807766,1301.5913998061396,1309.869384765625,17885200,0.0,0.0
2026-03-19 00:00:00+09:00,1292.8265092559675,1293.313449560772,1260.6884491388698,1267.9925537109375,49387200,0.0,0.0
2026-03-23 00:00:00+09:00,1253.3842881817684,1255.8189895962628,1225.1417517736322,1250.462646484375,27437400,0.0,0.0
2026-03-24 00:00:00+09:00,1273.835842884948,1275.7836041126009,1251.4365887669405,1266.53173828125,19876100,0.0,0.0
2026-03-25 00:00:00+09:00,1287.4701217581692,1299.1566886727667,1271.4010922505975,1279.6790771484375,20453000,0.0,0.0
2026-03-26 00:00:00+09:00,1275.7835332697089,1286.9831597068094,1272.3749513105913,1285.5223388671875,16891900,0.0,0.0
2026-03-27 00:00:00+09:00,1284.061567164179,1316.686567164179,1281.1399253731342,1305.0,31133700,0.0,0.0
2026-03-30 00:00:00+09:00,1262.5,1272.0,1251.0,1270.5,85290900,35.0,0.0
2026-03-31 00:00:00+09:00,1266.0,1285.5,1254.5,1257.5,23578800,0.0,0.0
2026-04-01 00:00:00+09:00,1282.5,1286.0,1265.5,1286.0,20216100,0.0,0.0
2026-04-02 00:00:00+09:00,1291.5,1294.0,1265.0,1273.0,19242900,0.0,0.0
2026-04-03 00:00:00+09:00,1259.5,1280.0,1259.0,1269.0,13387200,0.0,0.0
2026-04-06 00:00:00+09:00,1269.0,1272.5,1258.0,1262.0,11777800,0.0,0.0
2026-04-07 00:00:00+09:00,1260.0,1267.0,1246.0,1252.0,18059000,0.0,0.0
2026-04-08 00:00:00+09:00,1270.0,1289.5,1268.5,1283.5,21655500,0.0,0.0
2026-04-09 00:00:00+09:00,1290.0,1294.5,1271.0,1276.0,17295500,0.0,0.0
2026-04-10 00:00:00+09:00,1271.0,1276.0,1263.0,1269.5,15644900,0.0,0.0
2026-04-13 00:00:00+09:00,1258.0,1266.5,1250.0,1254.0,13321900,0.0,0.0
2026-04-14 00:00:00+09:00,1269.0,1281.5,1257.5,1269.0,17087000,0.0,0.0
2026-04-15 00:00:00+09:00,1267.5,1285.0,1262.5,1285.0,18743300,0.0,0.0
2026-04-16 00:00:00+09:00,1291.0,1303.5,1282.0,1301.5,17158800,0.0,0.0
2026-04-17 00:00:00+09:00,1297.0,1313.0,1293.5,1300.5,14245900,0.0,0.0
2026-04-20 00:00:00+09:00,1337.0,1341.0,1320.0,1341.0,23093600,0.0,0.0
2026-04-21 00:00:00+09:00,1341.0,1355.0,1331.0,1342.0,15629400,0.0,0.0
2026-04-22 00:00:00+09:00,1326.5,1330.0,1314.0,1322.5,12012300,0.0,0.0
2026-04-23 00:00:00+09:00,1320.5,1326.5,1300.5,1312.0,14495400,0.0,0.0
2026-04-24 00:00:00+09:00,1301.0,1310.0,1295.5,1296.5,14795400,0.0,0.0
2026-04-27 00:00:00+09:00,1302.0,1315.0,1292.0,1292.5,14123700,0.0,0.0
2026-04-28 00:00:00+09:00,1293.0,1298.0,1281.5,1293.5,16084400,0.0,0.0
2026-04-30 00:00:00+09:00,1278.0,1281.5,1260.5,1266.5,19163800,0.0,0.0
2026-05-01 00:00:00+09:00,1261.0,1268.5,1254.0,1262.5,14005300,0.0,0.0
2026-05-07 00:00:00+09:00,1272.5,1274.5,1240.0,1259.5,26977200,0.0,0.0
2026-05-08 00:00:00+09:00,1277.0,1286.0,1263.0,1269.0,19030100,0.0,0.0
2026-05-11 00:00:00+09:00,1250.0,1261.0,1238.0,1251.0,19386500,0.0,0.0
2026-05-12 00:00:00+09:00,1240.0,1257.0,1240.0,1255.5,14711200,0.0,0.0
2026-05-13 00:00:00+09:00,1263.5,1278.0,1251.5,1272.0,23030100,0.0,0.0
2026-05-14 00:00:00+09:00,1272.0,1383.0,1258.5,1320.0,49888000,0.0,0.0
2026-05-15 00:00:00+09:00,1366.0,1430.0,1362.5,1430.0,54232300,0.0,0.0
2026-05-18 00:00:00+09:00,1370.0,1376.5,1323.5,1342.5,30120600,0.0,0.0
2026-05-19 00:00:00+09:00,1359.5,1362.0,1328.5,1342.5,17970500,0.0,0.0
2026-05-20 00:00:00+09:00,1354.5,1355.0,1328.5,1343.0,17496100,0.0,0.0
2026-05-21 00:00:00+09:00,1357.0,1394.0,1353.0,1384.0,14716000,0.0,0.0
2026-05-22 00:00:00+09:00,1385.0,1411.0,1376.5,1401.0,15918800,0.0,0.0
2026-05-25 00:00:00+09:00,1421.0,1428.0,1398.5,1408.5,11394200,0.0,0.0
2026-05-26 00:00:00+09:00,1400.0,1412.0,1382.0,1407.0,12550300,0.0,0.0
2026-05-27 00:00:00+09:00,1405.0,1423.0,1396.0,1421.5,14205900,0.0,0.0
2026-05-28 00:00:00+09:00,1445.0,1448.0,1426.0,1441.5,16968500,0.0,0.0
2026-05-29 00:00:00+09:00,1433.0,1473.5,1433.0,1452.5,32589600,0.0,0.0
2026-06-01 00:00:00+09:00,1443.5,1445.0,1382.0,1402.0,16225900,0.0,0.0
2026-06-02 00:00:00+09:00,1372.0,1394.5,1366.5,1387.0,16234300,0.0,0.0
2026-06-03 00:00:00+09:00,1410.0,1537.0,1392.0,1496.5,55737500,0.0,0.0
2026-06-04 00:00:00+09:00,1495.0,1514.0,1483.0,1504.5,23709300,0.0,0.0
2026-06-05 00:00:00+09:00,1495.0,1503.0,1444.5,1444.5,20119800,0.0,0.0
2026-06-08 00:00:00+09:00,1425.5,1452.0,1421.0,1438.5,20146800,0.0,0.0
2026-06-09 00:00:00+09:00,1459.5,1473.5,1444.0,1444.5,19915900,0.0,0.0
2026-06-10 00:00:00+09:00,1447.0,1447.0,1418.0,1437.5,15411000,0.0,0.0
2026-06-11 00:00:00+09:00,1394.5,1437.0,1388.0,1427.5,19686100,0.0,0.0
2026-06-12 00:00:00+09:00,1429.0,1437.0,1400.5,1411.0,18868400,0.0,0.0
2026-06-15 00:00:00+09:00,1445.0,1475.0,1437.5,1458.0,15893600,0.0,0.0
2026-06-16 00:00:00+09:00,1448.0,1450.0,1420.0,1439.0,15234900,0.0,0.0
2026-06-17 00:00:00+09:00,1434.0,1436.0,1413.0,1415.5,14016300,0.0,0.0
2026-06-18 00:00:00+09:00,1400.0,1414.0,1384.5,1414.0,18460800,0.0,0.0
2026-06-19 00:00:00+09:00,1425.5,1425.5,1403.5,1412.5,25085100,0.0,0.0
2026-06-22 00:00:00+09:00,1401.0,1422.0,1400.0,1413.5,11723600,0.0,0.0
2026-06-23 00:00:00+09:00,1400.5,1408.5,1395.0,1397.5,13410000,0.0,0.0
2026-06-24 00:00:00+09:00,1409.0,1422.5,1387.0,1391.5,16467100,0.0,0.0
2026-06-25 00:00:00+09:00,1398.0,1415.0,1395.5,1414.0,13310600,0.0,0.0
2026-06-26 00:00:00+09:00,1421.5,1449.5,1415.0,1449.5,16150100,0.0,0.0
2026-06-29 00:00:00+09:00,1468.5,1483.0,1451.5,1476.0,30893200,0.0,0.0
2026-06-30 00:00:00+09:00,1480.0,1492.0,1467.5,1480.0,20049400,0.0,0.0
2026-07-01 00:00:00+09:00,1488.0,1495.0,1464.5,1472.5,16878100,0.0,0.0
2026-07-02 00:00:00+09:00,1484.0,1543.5,1480.0,1527.0,26070800,0.0,0.0
2026-07-03 00:00:00+09:00,1537.5,1562.0,1521.5,1550.0,18232100,0.0,0.0
2026-07-06 00:00:00+09:00,1572.0,1604.0,1566.5,1599.0,24491500,0.0,0.0
2026-07-07 00:00:00+09:00,1596.5,1602.0,1562.5,1570.5,27073600,0.0,0.0
2026-07-08 00:00:00+09:00,1550.5,1555.0,1520.5,1525.0,16470800,0.0,0.0
2026-07-09 00:00:00+09:00,1510.0,1512.5,1492.5,1502.0,12604200,0.0,0.0
2026-07-10 00:00:00+09:00,1525.0,1525.0,1494.5,1495.5,12499300,0.0,0.0
2026-07-13 00:00:00+09:00,1513.0,1513.5,1490.0,1495.0,8622600,0.0,0.0
2026-07-14 00:00:00+09:00,1521.5,1547.0,1511.0,1513.5,19873500,0.0,0.0
2026-07-15 00:00:00+09:00,1514.0,1529.5,1506.0,1511.5,11304200,0.0,0.0
2026-07-16 00:00:00+09:00,1512.0,1563.5,1506.0,1558.5,15957400,0.0,0.0
2026-07-17 00:00:00+09:00,1540.0,1551.0,1522.0,1535.5,16604800,0.0,0.0
2026-07-21 00:00:00+09:00,1510.0,1561.0,1510.0,1557.0,17780100,0.0,0.0
2026-07-22 00:00:00+09:00,1552.0,1566.5,1539.0,1559.0,11814100,0.0,0.0
2026-07-23 00:00:00+09:00,1546.0,1566.5,1543.0,1566.5,9386900,0.0,0.0
2026-07-24 00:00:00+09:00,1544.0,1550.0,1531.0,1536.0,9983700,0.0,0.0
2026-07-27 00:00:00+09:00,1563.5,1590.0,1560.0,1583.0,14458100,0.0,0.0
2026-07-28 00:00:00+09:00,1590.0,1616.0,1578.0,1612.0,19445800,0.0,0.0
2026-07-29 00:00:00+09:00,1640.0,1688.5,1635.5,1688.5,32478600,0.0,0.0
2026-07-30 00:00:00+09:00,1688.0,1688.0,1643.0,1670.0,21607300,0.0,0.0
2026-07-31 00:00:00+09:00,1605.0,1646.0,1603.0,1625.5,23442500,0.0,0.0
