Date,Open,High,Low,Close,Volume,Dividends,Stock Splits
2007-12-31 00:00:00+08:00,24.1133939258423,24.1133939258423,21.237871170043945,21.237871170043945,2,0.0,0.0
2008-01-02 00:00:00+08:00,24.1133975982666,24.1133975982666,24.1133975982666,24.1133975982666,1040489,0.0,0.0
2008-01-03 00:00:00+08:00,21.099218368530273,21.099218368530273,21.099218368530273,21.099218368530273,1300,0.0,0.0
2008-01-04 00:00:00+08:00,21.099218368530273,21.099218368530273,21.099218368530273,21.099218368530273,0,0.0,0.0
2008-01-07 00:00:00+08:00,21.099218368530273,21.099218368530273,21.099218368530273,21.099218368530273,0,0.0,0.0
2008-01-08 00:00:00+08:00,21.099218368530273,21.099218368530273,21.099218368530273,21.099218368530273,0,0.0,0.0
2008-01-09 00:00:00+08:00,21.099218368530273,21.099218368530273,21.099218368530273,21.099218368530273,0,0.0,0.0
2008-01-10 00:00:00+08:00,21.099218368530273,21.099218368530273,21.099218368530273,21.099218368530273,0,0.0,0.0
2008-01-11 00:00:00+08:00,21.099218368530273,21.099218368530273,21.099218368530273,21.099218368530273,0,0.0,0.0
2008-01-14 00:00:00+08:00,21.099218368530273,21.099218368530273,21.099218368530273,21.099218368530273,0,0.0,0.0
2008-01-15 00:00:00+08:00,21.099218368530273,21.099218368530273,21.099218368530273,21.099218368530273,0,0.0,0.0
2008-01-16 00:00:00+08:00,21.099218368530273,21.099218368530273,21.099218368530273,21.099218368530273,0,0.0,0.0
2008-01-17 00:00:00+08:00,21.099218368530273,21.099218368530273,21.099218368530273,21.099218368530273,0,0.0,0.0
2008-01-18 00:00:00+08:00,21.099218368530273,21.099218368530273,21.099218368530273,21.099218368530273,0,0.0,0.0
2008-01-21 00:00:00+08:00,21.099218368530273,21.099218368530273,21.099218368530273,21.099218368530273,0,0.0,0.0
2008-01-22 00:00:00+08:00,21.099218368530273,21.099218368530273,21.099218368530273,21.099218368530273,0,0.0,0.0
2008-01-23 00:00:00+08:00,21.099218368530273,21.099218368530273,21.099218368530273,21.099218368530273,0,0.0,0.0
2008-01-24 00:00:00+08:00,21.099218368530273,21.099218368530273,21.099218368530273,21.099218368530273,0,0.0,0.0
2008-01-25 00:00:00+08:00,19.8935489654541,19.8935489654541,19.8935489654541,19.8935489654541,1,0.0,0.0
2008-01-28 00:00:00+08:00,19.8935489654541,19.8935489654541,19.8935489654541,19.8935489654541,0,0.0,0.0
2008-01-29 00:00:00+08:00,19.8935489654541,19.8935489654541,19.8935489654541,19.8935489654541,0,0.0,0.0
2008-01-30 00:00:00+08:00,19.8935489654541,19.8935489654541,19.8935489654541,19.8935489654541,0,0.0,0.0
2008-01-31 00:00:00+08:00,19.8935489654541,19.8935489654541,19.8935489654541,19.8935489654541,0,0.0,0.0
2008-02-01 00:00:00+08:00,19.8935489654541,19.8935489654541,19.8935489654541,19.8935489654541,0,0.0,0.0
2008-02-12 00:00:00+08:00,19.8935489654541,19.8935489654541,19.8935489654541,19.8935489654541,0,0.0,0.0
2008-02-13 00:00:00+08:00,19.8935489654541,19.8935489654541,19.8935489654541,19.8935489654541,0,0.0,0.0
2008-02-14 00:00:00+08:00,19.8935489654541,19.8935489654541,19.8935489654541,19.8935489654541,0,0.0,0.0
2008-02-15 00:00:00+08:00,19.8935489654541,19.8935489654541,19.8935489654541,19.8935489654541,0,0.0,0.0
2008-02-18 00:00:00+08:00,19.8935489654541,19.8935489654541,19.8935489654541,19.8935489654541,0,0.0,0.0
2008-02-19 00:00:00+08:00,19.8935489654541,19.8935489654541,19.8935489654541,19.8935489654541,0,0.0,0.0
2008-02-20 00:00:00+08:00,19.8935489654541,19.8935489654541,19.8935489654541,19.8935489654541,0,0.0,0.0
2008-02-21 00:00:00+08:00,19.8935489654541,19.8935489654541,19.8935489654541,19.8935489654541,0,0.0,0.0
2008-02-22 00:00:00+08:00,19.8935489654541,19.8935489654541,19.8935489654541,19.8935489654541,0,0.0,0.0
2008-02-25 00:00:00+08:00,19.8935489654541,19.8935489654541,19.8935489654541,19.8935489654541,0,0.0,0.0
2008-02-26 00:00:00+08:00,19.8935489654541,19.8935489654541,19.8935489654541,19.8935489654541,0,0.0,0.0
2008-02-27 00:00:00+08:00,19.8935489654541,19.8935489654541,19.8935489654541,19.8935489654541,0,0.0,0.0
2008-02-29 00:00:00+08:00,19.8935489654541,19.8935489654541,19.8935489654541,19.8935489654541,0,0.0,0.0
2008-03-03 00:00:00+08:00,19.21837993369157,19.290719985961914,19.21837993369157,19.290719985961914,163876,0.0,0.0
2008-03-04 00:00:00+08:00,19.290719985961914,19.290719985961914,19.290719985961914,19.290719985961914,0,0.0,0.0
2008-03-05 00:00:00+08:00,19.290719985961914,19.290719985961914,19.290719985961914,19.290719985961914,0,0.0,0.0
2008-03-06 00:00:00+08:00,19.290719985961914,19.290719985961914,19.290719985961914,19.290719985961914,0,0.0,0.0
2008-03-07 00:00:00+08:00,19.290719985961914,19.290719985961914,19.290719985961914,19.290719985961914,0,0.0,0.0
2008-03-10 00:00:00+08:00,19.218374252319336,19.218374252319336,19.218374252319336,19.218374252319336,81938,0.0,0.0
2008-03-11 00:00:00+08:00,19.218374252319336,19.218374252319336,19.218374252319336,19.218374252319336,0,0.0,0.0
2008-03-12 00:00:00+08:00,19.218374252319336,19.218374252319336,19.218374252319336,19.218374252319336,0,0.0,0.0
2008-03-13 00:00:00+08:00,19.218374252319336,19.218374252319336,19.218374252319336,19.218374252319336,0,0.0,0.0
2008-03-14 00:00:00+08:00,19.218374252319336,19.218374252319336,19.218374252319336,19.218374252319336,0,0.0,0.0
2008-03-17 00:00:00+08:00,19.218374252319336,19.218374252319336,19.218374252319336,19.218374252319336,0,0.0,0.0
2008-03-18 00:00:00+08:00,19.218374252319336,19.218374252319336,19.218374252319336,19.218374252319336,0,0.0,0.0
2008-03-19 00:00:00+08:00,19.218374252319336,19.218374252319336,19.218374252319336,19.218374252319336,0,0.0,0.0
2008-03-20 00:00:00+08:00,19.218374252319336,19.218374252319336,19.218374252319336,19.218374252319336,0,0.0,0.0
2008-03-21 00:00:00+08:00,19.218374252319336,19.218374252319336,19.218374252319336,19.218374252319336,0,0.0,0.0
2008-03-24 00:00:00+08:00,19.218374252319336,19.218374252319336,19.218374252319336,19.218374252319336,0,0.0,0.0
2008-03-25 00:00:00+08:00,19.218374252319336,19.218374252319336,19.218374252319336,19.218374252319336,0,0.0,0.0
2008-03-26 00:00:00+08:00,19.218374252319336,19.218374252319336,19.218374252319336,19.218374252319336,0,0.0,0.0
2008-03-27 00:00:00+08:00,19.218374252319336,19.218374252319336,19.218374252319336,19.218374252319336,0,0.0,0.0
2008-03-28 00:00:00+08:00,19.218374252319336,19.218374252319336,19.218374252319336,19.218374252319336,0,0.0,0.0
2008-03-31 00:00:00+08:00,19.218374252319336,19.218374252319336,19.218374252319336,19.218374252319336,0,0.0,0.0
2008-04-01 00:00:00+08:00,19.218374252319336,19.218374252319336,19.218374252319336,19.218374252319336,0,0.0,0.0
2008-04-02 00:00:00+08:00,19.218374252319336,19.218374252319336,19.218374252319336,19.218374252319336,0,0.0,0.0
2008-04-03 00:00:00+08:00,19.218374252319336,19.218374252319336,19.218374252319336,19.218374252319336,0,0.0,0.0
2008-04-07 00:00:00+08:00,19.218374252319336,19.218374252319336,19.218374252319336,19.218374252319336,0,0.0,0.0
2008-04-08 00:00:00+08:00,19.218374252319336,19.218374252319336,19.218374252319336,19.218374252319336,0,0.0,0.0
2008-04-09 00:00:00+08:00,19.218374252319336,19.218374252319336,19.218374252319336,19.218374252319336,0,0.0,0.0
2008-04-10 00:00:00+08:00,19.218374252319336,19.218374252319336,19.218374252319336,19.218374252319336,0,0.0,0.0
2008-04-11 00:00:00+08:00,19.218374252319336,19.218374252319336,19.218374252319336,19.218374252319336,0,0.0,0.0
2008-04-14 00:00:00+08:00,19.218374252319336,19.218374252319336,19.218374252319336,19.218374252319336,0,0.0,0.0
2008-04-15 00:00:00+08:00,19.218374252319336,19.218374252319336,19.218374252319336,19.218374252319336,0,0.0,0.0
2008-04-16 00:00:00+08:00,19.218374252319336,19.218374252319336,19.218374252319336,19.218374252319336,0,0.0,0.0
2008-04-17 00:00:00+08:00,19.218374252319336,19.218374252319336,19.218374252319336,19.218374252319336,0,0.0,0.0
2008-04-18 00:00:00+08:00,19.218374252319336,19.218374252319336,19.218374252319336,19.218374252319336,0,0.0,0.0
2008-04-21 00:00:00+08:00,19.218374252319336,19.218374252319336,19.218374252319336,19.218374252319336,0,0.0,0.0
2008-04-22 00:00:00+08:00,19.218374252319336,19.218374252319336,19.218374252319336,19.218374252319336,0,0.0,0.0
2008-04-23 00:00:00+08:00,19.218374252319336,19.218374252319336,19.218374252319336,19.218374252319336,0,0.0,0.0
2008-04-24 00:00:00+08:00,19.218374252319336,19.218374252319336,19.218374252319336,19.218374252319336,0,0.0,0.0
2008-04-25 00:00:00+08:00,19.218374252319336,19.218374252319336,19.218374252319336,19.218374252319336,0,0.0,0.0
2008-04-28 00:00:00+08:00,19.218374252319336,19.218374252319336,19.218374252319336,19.218374252319336,0,0.0,0.0
2008-04-29 00:00:00+08:00,19.218374252319336,19.218374252319336,19.218374252319336,19.218374252319336,0,0.0,0.0
2008-04-30 00:00:00+08:00,19.218374252319336,19.218374252319336,19.218374252319336,19.218374252319336,0,0.0,0.0
2008-05-02 00:00:00+08:00,21.237871170043945,21.237871170043945,21.237871170043945,21.237871170043945,63,0.0,0.0
2008-05-05 00:00:00+08:00,21.237871170043945,21.237871170043945,21.237871170043945,21.237871170043945,0,0.0,0.0
2008-05-06 00:00:00+08:00,21.237871170043945,21.237871170043945,21.237871170043945,21.237871170043945,0,0.0,0.0
2008-05-07 00:00:00+08:00,21.237871170043945,21.237871170043945,21.237871170043945,21.237871170043945,0,0.0,0.0
2008-05-08 00:00:00+08:00,21.237871170043945,21.237871170043945,21.237871170043945,21.237871170043945,0,0.0,0.0
2008-05-09 00:00:00+08:00,21.237871170043945,21.237871170043945,21.237871170043945,21.237871170043945,0,0.0,0.0
2008-05-12 00:00:00+08:00,21.237871170043945,21.237871170043945,21.237871170043945,21.237871170043945,0,0.0,0.0
2008-05-13 00:00:00+08:00,21.237871170043945,21.237871170043945,21.237871170043945,21.237871170043945,0,0.0,0.0
2008-05-14 00:00:00+08:00,21.237871170043945,21.237871170043945,21.237871170043945,21.237871170043945,0,0.0,0.0
2008-05-15 00:00:00+08:00,21.237871170043945,21.237871170043945,21.237871170043945,21.237871170043945,0,0.0,0.0
2008-05-16 00:00:00+08:00,21.237871170043945,21.237871170043945,21.237871170043945,21.237871170043945,0,0.0,0.0
2008-05-19 00:00:00+08:00,21.237871170043945,21.237871170043945,21.237871170043945,21.237871170043945,0,0.0,0.0
2008-05-20 00:00:00+08:00,21.237871170043945,21.237871170043945,21.237871170043945,21.237871170043945,0,0.0,0.0
2008-05-21 00:00:00+08:00,21.237871170043945,21.237871170043945,21.237871170043945,21.237871170043945,0,0.0,0.0
2008-05-22 00:00:00+08:00,21.237871170043945,21.237871170043945,21.237871170043945,21.237871170043945,0,0.0,0.0
2008-05-23 00:00:00+08:00,21.237871170043945,21.237871170043945,21.237871170043945,21.237871170043945,0,0.0,0.0
2008-05-26 00:00:00+08:00,21.237871170043945,21.237871170043945,21.237871170043945,21.237871170043945,0,0.0,0.0
2008-05-27 00:00:00+08:00,21.237871170043945,21.237871170043945,21.237871170043945,21.237871170043945,0,0.0,0.0
2008-05-28 00:00:00+08:00,21.237871170043945,21.237871170043945,21.237871170043945,21.237871170043945,0,0.0,0.0
2008-05-29 00:00:00+08:00,21.237871170043945,21.237871170043945,21.237871170043945,21.237871170043945,0,0.0,0.0
2008-05-30 00:00:00+08:00,21.237871170043945,21.237871170043945,21.237871170043945,21.237871170043945,0,0.0,0.0
2008-06-02 00:00:00+08:00,21.237871170043945,21.237871170043945,21.237871170043945,21.237871170043945,0,0.0,0.0
2008-06-03 00:00:00+08:00,21.237871170043945,21.237871170043945,21.237871170043945,21.237871170043945,0,0.0,0.0
2008-06-04 00:00:00+08:00,21.237871170043945,21.237871170043945,21.237871170043945,21.237871170043945,0,0.0,0.0
2008-06-05 00:00:00+08:00,21.237871170043945,21.237871170043945,21.237871170043945,21.237871170043945,0,0.0,0.0
2008-06-06 00:00:00+08:00,21.237871170043945,21.237871170043945,21.237871170043945,21.237871170043945,0,0.0,0.0
2008-06-09 00:00:00+08:00,21.237871170043945,21.237871170043945,21.237871170043945,21.237871170043945,0,0.0,0.0
2008-06-10 00:00:00+08:00,21.237871170043945,21.237871170043945,21.237871170043945,21.237871170043945,0,0.0,0.0
2008-06-11 00:00:00+08:00,21.237871170043945,21.237871170043945,21.237871170043945,21.237871170043945,0,0.0,0.0
2008-06-12 00:00:00+08:00,21.237871170043945,21.237871170043945,21.237871170043945,21.237871170043945,0,0.0,0.0
2008-06-13 00:00:00+08:00,21.237871170043945,21.237871170043945,21.237871170043945,21.237871170043945,0,0.0,0.0
2008-06-16 00:00:00+08:00,21.237871170043945,21.237871170043945,21.237871170043945,21.237871170043945,0,0.0,0.0
2008-06-17 00:00:00+08:00,21.237871170043945,21.237871170043945,21.237871170043945,21.237871170043945,0,0.0,0.0
2008-06-18 00:00:00+08:00,21.237871170043945,21.237871170043945,21.237871170043945,21.237871170043945,0,0.0,0.0
2008-06-19 00:00:00+08:00,21.237871170043945,21.237871170043945,21.237871170043945,21.237871170043945,0,0.0,0.0
2008-06-20 00:00:00+08:00,21.237871170043945,21.237871170043945,21.237871170043945,21.237871170043945,0,0.0,0.0
2008-06-23 00:00:00+08:00,21.237871170043945,21.237871170043945,21.237871170043945,21.237871170043945,0,0.0,0.0
2008-06-24 00:00:00+08:00,21.237871170043945,21.237871170043945,21.237871170043945,21.237871170043945,0,0.0,0.0
2008-06-25 00:00:00+08:00,21.237871170043945,21.237871170043945,21.237871170043945,21.237871170043945,0,0.0,0.0
2008-06-26 00:00:00+08:00,21.237871170043945,21.237871170043945,21.237871170043945,21.237871170043945,0,0.0,0.0
2008-06-27 00:00:00+08:00,21.237871170043945,21.237871170043945,21.237871170043945,21.237871170043945,0,0.0,0.0
2008-06-30 00:00:00+08:00,21.237871170043945,21.237871170043945,21.237871170043945,21.237871170043945,0,0.0,0.0
2008-07-01 00:00:00+08:00,21.237871170043945,21.237871170043945,21.237871170043945,21.237871170043945,0,0.0,0.0
2008-07-02 00:00:00+08:00,21.237871170043945,21.237871170043945,21.237871170043945,21.237871170043945,0,0.0,0.0
2008-07-03 00:00:00+08:00,21.237871170043945,21.237871170043945,21.237871170043945,21.237871170043945,0,0.0,0.0
2008-07-04 00:00:00+08:00,21.237871170043945,21.237871170043945,21.237871170043945,21.237871170043945,0,0.0,0.0
2008-07-07 00:00:00+08:00,21.237871170043945,21.237871170043945,21.237871170043945,21.237871170043945,0,0.0,0.0
2008-07-08 00:00:00+08:00,21.237871170043945,21.237871170043945,21.237871170043945,21.237871170043945,0,0.0,0.0
2008-07-09 00:00:00+08:00,21.237871170043945,21.237871170043945,21.237871170043945,21.237871170043945,0,0.0,0.0
2008-07-10 00:00:00+08:00,21.237871170043945,21.237871170043945,21.237871170043945,21.237871170043945,0,0.0,0.0
2008-07-11 00:00:00+08:00,21.237871170043945,21.237871170043945,21.237871170043945,21.237871170043945,0,0.0,0.0
2008-07-14 00:00:00+08:00,21.237871170043945,21.237871170043945,21.237871170043945,21.237871170043945,0,0.0,0.0
2008-07-15 00:00:00+08:00,21.237871170043945,21.237871170043945,21.237871170043945,21.237871170043945,0,0.0,0.0
2008-07-16 00:00:00+08:00,21.237871170043945,21.237871170043945,21.237871170043945,21.237871170043945,0,0.0,0.0
2008-07-17 00:00:00+08:00,21.237871170043945,21.237871170043945,21.237871170043945,21.237871170043945,0,0.0,0.0
2008-07-18 00:00:00+08:00,21.237871170043945,21.237871170043945,21.237871170043945,21.237871170043945,0,0.0,0.0
2008-07-21 00:00:00+08:00,21.237871170043945,21.237871170043945,21.237871170043945,21.237871170043945,0,0.0,0.0
2008-07-22 00:00:00+08:00,21.237871170043945,21.237871170043945,21.237871170043945,21.237871170043945,0,0.0,0.0
2008-07-23 00:00:00+08:00,21.237871170043945,21.237871170043945,21.237871170043945,21.237871170043945,0,0.0,0.0
2008-07-24 00:00:00+08:00,21.237871170043945,21.237871170043945,21.237871170043945,21.237871170043945,0,0.0,0.0
2008-07-25 00:00:00+08:00,22.785789475116474,22.88386344909668,22.785789475116474,22.88386344909668,24174,0.214369,1.0759999999999998
2008-07-28 00:00:00+08:00,22.88386344909668,22.88386344909668,22.88386344909668,22.88386344909668,0,0.0,0.0
2008-07-29 00:00:00+08:00,22.88386344909668,22.88386344909668,22.88386344909668,22.88386344909668,0,0.0,0.0
2008-07-30 00:00:00+08:00,22.88386344909668,22.88386344909668,22.88386344909668,22.88386344909668,0,0.0,0.0
2008-07-31 00:00:00+08:00,22.88386344909668,22.88386344909668,22.88386344909668,22.88386344909668,0,0.0,0.0
2008-08-01 00:00:00+08:00,22.88386344909668,22.88386344909668,22.88386344909668,22.88386344909668,0,0.0,0.0
2008-08-04 00:00:00+08:00,22.88386344909668,22.88386344909668,22.88386344909668,22.88386344909668,0,0.0,0.0
2008-08-05 00:00:00+08:00,22.88386344909668,22.88386344909668,22.88386344909668,22.88386344909668,0,0.0,0.0
2008-08-06 00:00:00+08:00,22.88386344909668,22.88386344909668,22.88386344909668,22.88386344909668,0,0.0,0.0
2008-08-07 00:00:00+08:00,22.88386344909668,22.88386344909668,22.88386344909668,22.88386344909668,0,0.0,0.0
2008-08-08 00:00:00+08:00,22.88386344909668,22.88386344909668,22.88386344909668,22.88386344909668,0,0.0,0.0
2008-08-11 00:00:00+08:00,22.88386344909668,22.88386344909668,22.88386344909668,22.88386344909668,0,0.0,0.0
2008-08-12 00:00:00+08:00,22.88386344909668,22.88386344909668,22.88386344909668,22.88386344909668,0,0.0,0.0
2008-08-13 00:00:00+08:00,22.88386344909668,22.88386344909668,22.88386344909668,22.88386344909668,0,0.0,0.0
2008-08-14 00:00:00+08:00,22.88386344909668,22.88386344909668,22.88386344909668,22.88386344909668,0,0.0,0.0
2008-08-15 00:00:00+08:00,22.88386344909668,22.88386344909668,22.88386344909668,22.88386344909668,0,0.0,0.0
2008-08-18 00:00:00+08:00,22.785791397094727,22.88386537934746,22.785791397094727,22.785791397094727,72524,0.0,0.0
2008-08-19 00:00:00+08:00,22.785789475116474,22.88386344909668,22.785789475116474,22.88386344909668,48349,0.0,0.0
2008-08-20 00:00:00+08:00,22.88386344909668,22.88386344909668,22.88386344909668,22.88386344909668,0,0.0,0.0
2008-08-21 00:00:00+08:00,22.785789475116474,22.88386344909668,22.785789475116474,22.88386344909668,96699,0.0,0.0
2008-08-22 00:00:00+08:00,22.88386344909668,22.88386344909668,22.88386344909668,22.88386344909668,0,0.0,0.0
2008-08-25 00:00:00+08:00,22.88386344909668,22.88386344909668,22.88386344909668,22.88386344909668,0,0.0,0.0
2008-08-26 00:00:00+08:00,22.88386344909668,22.88386344909668,22.88386344909668,22.88386344909668,0,0.0,0.0
2008-08-27 00:00:00+08:00,22.88386344909668,22.88386344909668,22.88386344909668,22.88386344909668,0,0.0,0.0
2008-08-28 00:00:00+08:00,22.88386344909668,22.88386344909668,22.88386344909668,22.88386344909668,0,0.0,0.0
2008-08-29 00:00:00+08:00,22.88386344909668,22.88386344909668,22.88386344909668,22.88386344909668,0,0.0,0.0
2008-09-01 00:00:00+08:00,22.88386344909668,22.88386344909668,22.88386344909668,22.88386344909668,0,0.0,0.0
2008-09-02 00:00:00+08:00,22.88386344909668,22.88386344909668,22.88386344909668,22.88386344909668,0,0.0,0.0
2008-09-03 00:00:00+08:00,22.88386344909668,22.88386344909668,22.88386344909668,22.88386344909668,0,0.0,0.0
2008-09-04 00:00:00+08:00,22.88386344909668,22.88386344909668,22.88386344909668,22.88386344909668,0,0.0,0.0
2008-09-05 00:00:00+08:00,22.88386344909668,22.88386344909668,22.88386344909668,22.88386344909668,0,0.0,0.0
2008-09-08 00:00:00+08:00,22.88386344909668,22.88386344909668,22.88386344909668,22.88386344909668,0,0.0,0.0
2008-09-09 00:00:00+08:00,22.88386344909668,22.88386344909668,22.88386344909668,22.88386344909668,0,0.0,0.0
2008-09-10 00:00:00+08:00,22.88386344909668,22.88386344909668,22.88386344909668,22.88386344909668,0,0.0,0.0
2008-09-11 00:00:00+08:00,22.88386344909668,22.88386344909668,22.88386344909668,22.88386344909668,0,0.0,0.0
2008-09-12 00:00:00+08:00,22.88386344909668,22.88386344909668,22.88386344909668,22.88386344909668,0,0.0,0.0
2008-09-15 00:00:00+08:00,22.88386344909668,22.88386344909668,22.88386344909668,22.88386344909668,0,0.0,0.0
2008-09-16 00:00:00+08:00,22.88386344909668,22.88386344909668,22.88386344909668,22.88386344909668,0,0.0,0.0
2008-09-17 00:00:00+08:00,22.88386344909668,22.88386344909668,22.88386344909668,22.88386344909668,0,0.0,0.0
2008-09-18 00:00:00+08:00,22.88386344909668,22.88386344909668,22.88386344909668,22.88386344909668,0,0.0,0.0
2008-09-19 00:00:00+08:00,22.88386344909668,22.88386344909668,22.88386344909668,22.88386344909668,0,0.0,0.0
2008-09-22 00:00:00+08:00,22.88386344909668,22.88386344909668,22.88386344909668,22.88386344909668,0,0.0,0.0
2008-09-23 00:00:00+08:00,22.88386344909668,22.88386344909668,22.88386344909668,22.88386344909668,0,0.0,0.0
2008-09-24 00:00:00+08:00,22.88386344909668,22.88386344909668,22.88386344909668,22.88386344909668,0,0.0,0.0
2008-09-25 00:00:00+08:00,22.88386344909668,22.88386344909668,22.88386344909668,22.88386344909668,0,0.0,0.0
2008-09-26 00:00:00+08:00,22.88386344909668,22.88386344909668,22.88386344909668,22.88386344909668,0,0.0,0.0
2008-09-29 00:00:00+08:00,22.88386344909668,22.88386344909668,22.88386344909668,22.88386344909668,0,0.0,0.0
2008-09-30 00:00:00+08:00,22.88386344909668,22.88386344909668,22.88386344909668,22.88386344909668,0,0.0,0.0
2008-10-01 00:00:00+08:00,22.88386344909668,22.88386344909668,22.88386344909668,22.88386344909668,0,0.0,0.0
2008-10-02 00:00:00+08:00,22.88386344909668,22.88386344909668,22.88386344909668,22.88386344909668,0,0.0,0.0
2008-10-03 00:00:00+08:00,22.88386344909668,22.88386344909668,22.88386344909668,22.88386344909668,0,0.0,0.0
2008-10-06 00:00:00+08:00,22.88386344909668,22.88386344909668,22.88386344909668,22.88386344909668,0,0.0,0.0
2008-10-07 00:00:00+08:00,22.88386344909668,22.88386344909668,22.88386344909668,22.88386344909668,0,0.0,0.0
2008-10-08 00:00:00+08:00,22.88386344909668,22.88386344909668,22.88386344909668,22.88386344909668,0,0.0,0.0
2008-10-09 00:00:00+08:00,22.88386344909668,22.88386344909668,22.88386344909668,22.88386344909668,0,0.0,0.0
2008-10-13 00:00:00+08:00,22.88386344909668,22.88386344909668,22.88386344909668,22.88386344909668,0,0.0,0.0
2008-10-14 00:00:00+08:00,22.88386344909668,22.88386344909668,22.88386344909668,22.88386344909668,0,0.0,0.0
2008-10-15 00:00:00+08:00,22.88386344909668,22.88386344909668,22.88386344909668,22.88386344909668,0,0.0,0.0
2008-10-16 00:00:00+08:00,22.88386344909668,22.88386344909668,22.88386344909668,22.88386344909668,0,0.0,0.0
2008-10-17 00:00:00+08:00,22.88386344909668,22.88386344909668,22.88386344909668,22.88386344909668,0,0.0,0.0
2008-10-20 00:00:00+08:00,22.88386344909668,22.88386344909668,22.88386344909668,22.88386344909668,0,0.0,0.0
2008-10-21 00:00:00+08:00,22.88386344909668,22.88386344909668,22.88386344909668,22.88386344909668,0,0.0,0.0
2008-10-22 00:00:00+08:00,22.88386344909668,22.88386344909668,22.88386344909668,22.88386344909668,0,0.0,0.0
2008-10-23 00:00:00+08:00,22.88386344909668,22.88386344909668,22.88386344909668,22.88386344909668,0,0.0,0.0
2008-10-24 00:00:00+08:00,22.88386344909668,22.88386344909668,22.88386344909668,22.88386344909668,0,0.0,0.0
2008-10-27 00:00:00+08:00,22.88386344909668,22.88386344909668,22.88386344909668,22.88386344909668,0,0.0,0.0
2008-10-28 00:00:00+08:00,22.88386344909668,22.88386344909668,22.88386344909668,22.88386344909668,0,0.0,0.0
2008-10-29 00:00:00+08:00,22.88386344909668,22.88386344909668,22.88386344909668,22.88386344909668,0,0.0,0.0
2008-10-30 00:00:00+08:00,22.88386344909668,22.88386344909668,22.88386344909668,22.88386344909668,0,0.0,0.0
2008-10-31 00:00:00+08:00,22.88386344909668,22.88386344909668,22.88386344909668,22.88386344909668,0,0.0,0.0
2008-11-03 00:00:00+08:00,22.88386344909668,22.88386344909668,22.88386344909668,22.88386344909668,0,0.0,0.0
2008-11-04 00:00:00+08:00,22.88386344909668,22.88386344909668,22.88386344909668,22.88386344909668,0,0.0,0.0
2008-11-05 00:00:00+08:00,22.88386344909668,22.88386344909668,22.88386344909668,22.88386344909668,0,0.0,0.0
2008-11-06 00:00:00+08:00,22.88386344909668,22.88386344909668,22.88386344909668,22.88386344909668,0,0.0,0.0
2008-11-07 00:00:00+08:00,22.88386344909668,22.88386344909668,22.88386344909668,22.88386344909668,0,0.0,0.0
2008-11-10 00:00:00+08:00,22.88386344909668,22.88386344909668,22.88386344909668,22.88386344909668,0,0.0,0.0
2008-11-11 00:00:00+08:00,22.88386344909668,22.88386344909668,22.88386344909668,22.88386344909668,0,0.0,0.0
2008-11-12 00:00:00+08:00,22.88386344909668,22.88386344909668,22.88386344909668,22.88386344909668,0,0.0,0.0
2008-11-13 00:00:00+08:00,22.88386344909668,22.88386344909668,22.88386344909668,22.88386344909668,0,0.0,0.0
2008-11-14 00:00:00+08:00,22.88386344909668,22.88386344909668,22.88386344909668,22.88386344909668,0,0.0,0.0
2008-11-17 00:00:00+08:00,22.88386344909668,22.88386344909668,22.88386344909668,22.88386344909668,0,0.0,0.0
2008-11-18 00:00:00+08:00,22.88386344909668,22.88386344909668,22.88386344909668,22.88386344909668,0,0.0,0.0
2008-11-19 00:00:00+08:00,22.88386344909668,22.88386344909668,22.88386344909668,22.88386344909668,0,0.0,0.0
2008-11-20 00:00:00+08:00,22.88386344909668,22.88386344909668,22.88386344909668,22.88386344909668,0,0.0,0.0
2008-11-21 00:00:00+08:00,22.88386344909668,22.88386344909668,22.88386344909668,22.88386344909668,0,0.0,0.0
2008-11-24 00:00:00+08:00,22.88386344909668,22.88386344909668,22.88386344909668,22.88386344909668,0,0.0,0.0
2008-11-25 00:00:00+08:00,22.88386344909668,22.88386344909668,22.88386344909668,22.88386344909668,0,0.0,0.0
2008-11-26 00:00:00+08:00,22.88386344909668,22.88386344909668,22.88386344909668,22.88386344909668,0,0.0,0.0
2008-11-27 00:00:00+08:00,22.88386344909668,22.88386344909668,22.88386344909668,22.88386344909668,0,0.0,0.0
2008-11-28 00:00:00+08:00,22.88386344909668,22.88386344909668,22.88386344909668,22.88386344909668,0,0.0,0.0
2008-12-01 00:00:00+08:00,22.88386344909668,22.88386344909668,22.88386344909668,22.88386344909668,0,0.0,0.0
2008-12-02 00:00:00+08:00,22.88386344909668,22.88386344909668,22.88386344909668,22.88386344909668,0,0.0,0.0
2008-12-03 00:00:00+08:00,22.88386344909668,22.88386344909668,22.88386344909668,22.88386344909668,0,0.0,0.0
2008-12-04 00:00:00+08:00,22.88386344909668,22.88386344909668,22.88386344909668,22.88386344909668,0,0.0,0.0
2008-12-05 00:00:00+08:00,22.88386344909668,22.88386344909668,22.88386344909668,22.88386344909668,0,0.0,0.0
2008-12-08 00:00:00+08:00,22.88386344909668,22.88386344909668,22.88386344909668,22.88386344909668,0,0.0,0.0
2008-12-09 00:00:00+08:00,22.88386344909668,22.88386344909668,22.88386344909668,22.88386344909668,0,0.0,0.0
2008-12-10 00:00:00+08:00,22.88386344909668,22.88386344909668,22.88386344909668,22.88386344909668,0,0.0,0.0
2008-12-11 00:00:00+08:00,22.88386344909668,22.88386344909668,22.88386344909668,22.88386344909668,0,0.0,0.0
2008-12-12 00:00:00+08:00,22.88386344909668,22.88386344909668,22.88386344909668,22.88386344909668,0,0.0,0.0
2008-12-15 00:00:00+08:00,22.88386344909668,22.88386344909668,22.88386344909668,22.88386344909668,0,0.0,0.0
2008-12-16 00:00:00+08:00,22.88386344909668,22.88386344909668,22.88386344909668,22.88386344909668,0,0.0,0.0
2008-12-17 00:00:00+08:00,22.88386344909668,22.88386344909668,22.88386344909668,22.88386344909668,0,0.0,0.0
2008-12-18 00:00:00+08:00,22.88386344909668,22.88386344909668,22.88386344909668,22.88386344909668,0,0.0,0.0
2008-12-19 00:00:00+08:00,22.88386344909668,22.88386344909668,22.88386344909668,22.88386344909668,0,0.0,0.0
2008-12-22 00:00:00+08:00,22.88386344909668,22.88386344909668,22.88386344909668,22.88386344909668,0,0.0,0.0
2008-12-23 00:00:00+08:00,22.88386344909668,22.88386344909668,22.88386344909668,22.88386344909668,0,0.0,0.0
2008-12-24 00:00:00+08:00,22.88386344909668,22.88386344909668,22.88386344909668,22.88386344909668,0,0.0,0.0
2008-12-25 00:00:00+08:00,22.88386344909668,22.88386344909668,22.88386344909668,22.88386344909668,0,0.0,0.0
2008-12-26 00:00:00+08:00,22.88386344909668,22.88386344909668,22.88386344909668,22.88386344909668,0,0.0,0.0
2008-12-29 00:00:00+08:00,22.88386344909668,22.88386344909668,22.88386344909668,22.88386344909668,0,0.0,0.0
2008-12-30 00:00:00+08:00,22.88386344909668,22.88386344909668,22.88386344909668,22.88386344909668,0,0.0,0.0
2008-12-31 00:00:00+08:00,22.88386344909668,22.88386344909668,22.88386344909668,22.88386344909668,0,0.0,0.0
2009-01-02 00:00:00+08:00,22.88386344909668,22.88386344909668,22.88386344909668,22.88386344909668,0,0.0,0.0
2009-01-05 00:00:00+08:00,22.88386344909668,22.88386344909668,22.88386344909668,22.88386344909668,0,0.0,0.0
2009-01-06 00:00:00+08:00,22.88386344909668,22.88386344909668,22.88386344909668,22.88386344909668,0,0.0,0.0
2009-01-07 00:00:00+08:00,22.88386344909668,22.88386344909668,22.88386344909668,22.88386344909668,0,0.0,0.0
2009-01-08 00:00:00+08:00,22.88386344909668,22.88386344909668,22.88386344909668,22.88386344909668,0,0.0,0.0
2009-01-09 00:00:00+08:00,22.88386344909668,22.88386344909668,22.88386344909668,22.88386344909668,0,0.0,0.0
2009-01-12 00:00:00+08:00,22.88386344909668,22.88386344909668,22.88386344909668,22.88386344909668,0,0.0,0.0
2009-01-13 00:00:00+08:00,22.88386344909668,22.88386344909668,22.88386344909668,22.88386344909668,0,0.0,0.0
2009-01-14 00:00:00+08:00,22.88386344909668,22.88386344909668,22.88386344909668,22.88386344909668,0,0.0,0.0
2009-01-15 00:00:00+08:00,22.88386344909668,22.88386344909668,22.88386344909668,22.88386344909668,0,0.0,0.0
2009-01-16 00:00:00+08:00,22.88386344909668,22.88386344909668,22.88386344909668,22.88386344909668,0,0.0,0.0
2009-01-19 00:00:00+08:00,22.88386344909668,22.88386344909668,22.88386344909668,22.88386344909668,0,0.0,0.0
2009-01-20 00:00:00+08:00,22.88386344909668,22.88386344909668,22.88386344909668,22.88386344909668,0,0.0,0.0
2009-01-21 00:00:00+08:00,22.88386344909668,22.88386344909668,22.88386344909668,22.88386344909668,0,0.0,0.0
2009-02-02 00:00:00+08:00,22.88386344909668,22.88386344909668,22.88386344909668,22.88386344909668,0,0.0,0.0
2009-02-03 00:00:00+08:00,22.88386344909668,22.88386344909668,22.88386344909668,22.88386344909668,0,0.0,0.0
2009-02-04 00:00:00+08:00,22.88386344909668,22.88386344909668,22.88386344909668,22.88386344909668,0,0.0,0.0
2009-02-05 00:00:00+08:00,22.88386344909668,22.88386344909668,22.88386344909668,22.88386344909668,0,0.0,0.0
2009-02-06 00:00:00+08:00,22.88386344909668,22.88386344909668,22.88386344909668,22.88386344909668,0,0.0,0.0
2009-02-09 00:00:00+08:00,22.88386344909668,22.88386344909668,22.88386344909668,22.88386344909668,0,0.0,0.0
2009-02-10 00:00:00+08:00,22.88386344909668,22.88386344909668,22.88386344909668,22.88386344909668,0,0.0,0.0
2009-02-11 00:00:00+08:00,22.88386344909668,22.88386344909668,22.88386344909668,22.88386344909668,0,0.0,0.0
2009-02-12 00:00:00+08:00,22.88386344909668,22.88386344909668,22.88386344909668,22.88386344909668,0,0.0,0.0
2009-02-13 00:00:00+08:00,22.88386344909668,22.88386344909668,22.88386344909668,22.88386344909668,0,0.0,0.0
2009-02-16 00:00:00+08:00,22.88386344909668,22.88386344909668,22.88386344909668,22.88386344909668,0,0.0,0.0
2009-02-17 00:00:00+08:00,22.88386344909668,22.88386344909668,22.88386344909668,22.88386344909668,0,0.0,0.0
2009-02-18 00:00:00+08:00,22.88386344909668,22.88386344909668,22.88386344909668,22.88386344909668,0,0.0,0.0
2009-02-19 00:00:00+08:00,22.88386344909668,22.88386344909668,22.88386344909668,22.88386344909668,0,0.0,0.0
2009-02-20 00:00:00+08:00,22.88386344909668,22.88386344909668,22.88386344909668,22.88386344909668,0,0.0,0.0
2009-02-23 00:00:00+08:00,22.88386344909668,22.88386344909668,22.88386344909668,22.88386344909668,0,0.0,0.0
2009-02-24 00:00:00+08:00,22.88386344909668,22.88386344909668,22.88386344909668,22.88386344909668,0,0.0,0.0
2009-02-25 00:00:00+08:00,22.88386344909668,22.88386344909668,22.88386344909668,22.88386344909668,0,0.0,0.0
2009-02-26 00:00:00+08:00,22.88386344909668,22.88386344909668,22.88386344909668,22.88386344909668,0,0.0,0.0
2009-02-27 00:00:00+08:00,22.88386344909668,22.88386344909668,22.88386344909668,22.88386344909668,0,0.0,0.0
2009-03-02 00:00:00+08:00,22.88386344909668,22.88386344909668,22.88386344909668,22.88386344909668,0,0.0,0.0
2009-03-03 00:00:00+08:00,22.88386344909668,22.88386344909668,22.88386344909668,22.88386344909668,0,0.0,0.0
2009-03-04 00:00:00+08:00,22.88386344909668,22.88386344909668,22.88386344909668,22.88386344909668,0,0.0,0.0
2009-03-05 00:00:00+08:00,22.88386344909668,22.88386344909668,22.88386344909668,22.88386344909668,0,0.0,0.0
2009-03-06 00:00:00+08:00,22.88386344909668,22.88386344909668,22.88386344909668,22.88386344909668,0,0.0,0.0
2009-03-09 00:00:00+08:00,22.88386344909668,22.88386344909668,22.88386344909668,22.88386344909668,0,0.0,0.0
2009-03-10 00:00:00+08:00,22.88386344909668,22.88386344909668,22.88386344909668,22.88386344909668,0,0.0,0.0
2009-03-11 00:00:00+08:00,22.88386344909668,22.88386344909668,22.88386344909668,22.88386344909668,0,0.0,0.0
2009-03-12 00:00:00+08:00,22.88386344909668,22.88386344909668,22.88386344909668,22.88386344909668,0,0.0,0.0
2009-03-13 00:00:00+08:00,22.88386344909668,22.88386344909668,22.88386344909668,22.88386344909668,0,0.0,0.0
2009-03-16 00:00:00+08:00,22.88386344909668,22.88386344909668,22.88386344909668,22.88386344909668,0,0.0,0.0
2009-03-17 00:00:00+08:00,22.88386344909668,22.88386344909668,22.88386344909668,22.88386344909668,0,0.0,0.0
2009-03-18 00:00:00+08:00,22.88386344909668,22.88386344909668,22.88386344909668,22.88386344909668,0,0.0,0.0
2009-03-19 00:00:00+08:00,22.88386344909668,22.88386344909668,22.88386344909668,22.88386344909668,0,0.0,0.0
2009-03-20 00:00:00+08:00,22.88386344909668,22.88386344909668,22.88386344909668,22.88386344909668,0,0.0,0.0
2009-03-23 00:00:00+08:00,22.88386344909668,22.88386344909668,22.88386344909668,22.88386344909668,0,0.0,0.0
2009-03-24 00:00:00+08:00,22.88386344909668,22.88386344909668,22.88386344909668,22.88386344909668,0,0.0,0.0
2009-03-25 00:00:00+08:00,22.88386344909668,22.88386344909668,22.88386344909668,22.88386344909668,0,0.0,0.0
2009-03-26 00:00:00+08:00,22.88386344909668,22.88386344909668,22.88386344909668,22.88386344909668,0,0.0,0.0
2009-03-27 00:00:00+08:00,22.88386344909668,22.88386344909668,22.88386344909668,22.88386344909668,0,0.0,0.0
2009-03-30 00:00:00+08:00,22.88386344909668,22.88386344909668,22.88386344909668,22.88386344909668,0,0.0,0.0
2009-03-31 00:00:00+08:00,22.88386344909668,22.88386344909668,22.88386344909668,22.88386344909668,0,0.0,0.0
2009-04-02 00:00:00+08:00,22.88386344909668,22.88386344909668,22.88386344909668,22.88386344909668,0,0.0,0.0
2009-04-03 00:00:00+08:00,22.88386344909668,22.88386344909668,22.88386344909668,22.88386344909668,0,0.0,0.0
2009-04-06 00:00:00+08:00,22.88386344909668,22.88386344909668,22.88386344909668,22.88386344909668,0,0.0,0.0
2009-04-07 00:00:00+08:00,22.88386344909668,22.88386344909668,22.88386344909668,22.88386344909668,0,0.0,0.0
2009-04-08 00:00:00+08:00,22.88386344909668,22.88386344909668,22.88386344909668,22.88386344909668,0,0.0,0.0
2009-04-09 00:00:00+08:00,22.88386344909668,22.88386344909668,22.88386344909668,22.88386344909668,0,0.0,0.0
2009-04-10 00:00:00+08:00,22.88386344909668,22.88386344909668,22.88386344909668,22.88386344909668,0,0.0,0.0
2009-04-13 00:00:00+08:00,22.88386344909668,22.88386344909668,22.88386344909668,22.88386344909668,0,0.0,0.0
2009-04-14 00:00:00+08:00,22.88386344909668,22.88386344909668,22.88386344909668,22.88386344909668,0,0.0,0.0
2009-04-15 00:00:00+08:00,22.88386344909668,22.88386344909668,22.88386344909668,22.88386344909668,0,0.0,0.0
2009-04-16 00:00:00+08:00,22.88386344909668,22.88386344909668,22.88386344909668,22.88386344909668,0,0.0,0.0
2009-04-17 00:00:00+08:00,22.88386344909668,22.88386344909668,22.88386344909668,22.88386344909668,0,0.0,0.0
2009-04-20 00:00:00+08:00,22.88386344909668,22.88386344909668,22.88386344909668,22.88386344909668,0,0.0,0.0
2009-04-21 00:00:00+08:00,22.88386344909668,22.88386344909668,22.88386344909668,22.88386344909668,0,0.0,0.0
2009-04-22 00:00:00+08:00,22.88386344909668,22.88386344909668,22.88386344909668,22.88386344909668,0,0.0,0.0
2009-04-23 00:00:00+08:00,22.88386344909668,22.88386344909668,22.88386344909668,22.88386344909668,0,0.0,0.0
2009-04-24 00:00:00+08:00,22.88386344909668,22.88386344909668,22.88386344909668,22.88386344909668,0,0.0,0.0
2009-04-27 00:00:00+08:00,22.88386344909668,22.88386344909668,22.88386344909668,22.88386344909668,0,0.0,0.0
2009-04-28 00:00:00+08:00,22.88386344909668,22.88386344909668,22.88386344909668,22.88386344909668,0,0.0,0.0
2009-04-29 00:00:00+08:00,22.88386344909668,22.88386344909668,22.88386344909668,22.88386344909668,0,0.0,0.0
2009-04-30 00:00:00+08:00,22.88386344909668,22.88386344909668,22.88386344909668,22.88386344909668,0,0.0,0.0
2009-05-04 00:00:00+08:00,22.88386344909668,22.88386344909668,22.88386344909668,22.88386344909668,0,0.0,0.0
2009-05-05 00:00:00+08:00,22.88386344909668,22.88386344909668,22.88386344909668,22.88386344909668,0,0.0,0.0
2009-05-06 00:00:00+08:00,22.88386344909668,22.88386344909668,22.88386344909668,22.88386344909668,0,0.0,0.0
2009-05-07 00:00:00+08:00,22.88386344909668,22.88386344909668,22.88386344909668,22.88386344909668,0,0.0,0.0
2009-05-08 00:00:00+08:00,22.88386344909668,22.88386344909668,22.88386344909668,22.88386344909668,0,0.0,0.0
2009-05-11 00:00:00+08:00,22.88386344909668,22.88386344909668,22.88386344909668,22.88386344909668,0,0.0,0.0
2009-05-12 00:00:00+08:00,22.88386344909668,22.88386344909668,22.88386344909668,22.88386344909668,0,0.0,0.0
2009-05-13 00:00:00+08:00,22.88386344909668,22.88386344909668,22.88386344909668,22.88386344909668,0,0.0,0.0
2009-05-14 00:00:00+08:00,22.88386344909668,22.88386344909668,22.88386344909668,22.88386344909668,0,0.0,0.0
2009-05-15 00:00:00+08:00,22.88386344909668,22.88386344909668,22.88386344909668,22.88386344909668,0,0.0,0.0
2009-05-18 00:00:00+08:00,22.88386344909668,22.88386344909668,22.88386344909668,22.88386344909668,0,0.0,0.0
2009-05-19 00:00:00+08:00,22.88386344909668,22.88386344909668,22.88386344909668,22.88386344909668,0,0.0,0.0
2009-05-20 00:00:00+08:00,22.88386344909668,22.88386344909668,22.88386344909668,22.88386344909668,0,0.0,0.0
2009-05-21 00:00:00+08:00,22.88386344909668,22.88386344909668,22.88386344909668,22.88386344909668,0,0.0,0.0
2009-05-22 00:00:00+08:00,22.88386344909668,22.88386344909668,22.88386344909668,22.88386344909668,0,0.0,0.0
2009-05-25 00:00:00+08:00,22.88386344909668,22.88386344909668,22.88386344909668,22.88386344909668,0,0.0,0.0
2009-05-26 00:00:00+08:00,22.88386344909668,22.88386344909668,22.88386344909668,22.88386344909668,0,0.0,0.0
2009-05-27 00:00:00+08:00,22.88386344909668,22.88386344909668,22.88386344909668,22.88386344909668,0,0.0,0.0
2009-06-01 00:00:00+08:00,22.88386344909668,22.88386344909668,22.88386344909668,22.88386344909668,0,0.0,0.0
2009-06-02 00:00:00+08:00,22.88386344909668,22.88386344909668,22.88386344909668,22.88386344909668,0,0.0,0.0
2009-06-03 00:00:00+08:00,22.88386344909668,22.88386344909668,22.88386344909668,22.88386344909668,0,0.0,0.0
2009-06-04 00:00:00+08:00,22.88386344909668,22.88386344909668,22.88386344909668,22.88386344909668,0,0.0,0.0
2009-06-05 00:00:00+08:00,22.88386344909668,22.88386344909668,22.88386344909668,22.88386344909668,0,0.0,0.0
2009-06-08 00:00:00+08:00,22.88386344909668,22.88386344909668,22.88386344909668,22.88386344909668,0,0.0,0.0
2009-06-09 00:00:00+08:00,22.88386344909668,22.88386344909668,22.88386344909668,22.88386344909668,0,0.0,0.0
2009-06-10 00:00:00+08:00,22.88386344909668,22.88386344909668,22.88386344909668,22.88386344909668,0,0.0,0.0
2009-06-11 00:00:00+08:00,22.88386344909668,22.88386344909668,22.88386344909668,22.88386344909668,0,0.0,0.0
2009-06-12 00:00:00+08:00,22.88386344909668,22.88386344909668,22.88386344909668,22.88386344909668,0,0.0,0.0
2009-06-15 00:00:00+08:00,22.88386344909668,22.88386344909668,22.88386344909668,22.88386344909668,0,0.0,0.0
2009-06-16 00:00:00+08:00,22.88386344909668,22.88386344909668,22.88386344909668,22.88386344909668,0,0.0,0.0
2009-06-17 00:00:00+08:00,22.88386344909668,22.88386344909668,22.88386344909668,22.88386344909668,0,0.0,0.0
2009-06-18 00:00:00+08:00,22.88386344909668,22.88386344909668,22.88386344909668,22.88386344909668,0,0.0,0.0
2009-06-19 00:00:00+08:00,22.88386344909668,22.88386344909668,22.88386344909668,22.88386344909668,0,0.0,0.0
2009-06-22 00:00:00+08:00,22.88386344909668,22.88386344909668,22.88386344909668,22.88386344909668,0,0.0,0.0
2009-06-23 00:00:00+08:00,22.88386344909668,22.88386344909668,22.88386344909668,22.88386344909668,0,0.0,0.0
2009-06-24 00:00:00+08:00,22.88386344909668,22.88386344909668,22.88386344909668,22.88386344909668,0,0.0,0.0
2009-06-25 00:00:00+08:00,22.88386344909668,22.88386344909668,22.88386344909668,22.88386344909668,0,0.0,0.0
2009-06-26 00:00:00+08:00,22.88386344909668,22.88386344909668,22.88386344909668,22.88386344909668,0,0.0,0.0
2009-06-29 00:00:00+08:00,22.88386344909668,22.88386344909668,22.88386344909668,22.88386344909668,0,0.0,0.0
2009-06-30 00:00:00+08:00,22.88386344909668,22.88386344909668,22.88386344909668,22.88386344909668,0,0.0,0.0
2009-07-01 00:00:00+08:00,22.88386344909668,22.88386344909668,22.88386344909668,22.88386344909668,0,0.0,0.0
2009-07-02 00:00:00+08:00,22.88386344909668,22.88386344909668,22.88386344909668,22.88386344909668,0,0.0,0.0
2009-07-03 00:00:00+08:00,22.88386344909668,22.88386344909668,22.88386344909668,22.88386344909668,0,0.0,0.0
2009-07-06 00:00:00+08:00,22.88386344909668,22.88386344909668,22.88386344909668,22.88386344909668,0,0.0,0.0
2009-07-07 00:00:00+08:00,22.88386344909668,22.88386344909668,22.88386344909668,22.88386344909668,0,0.0,0.0
2009-07-08 00:00:00+08:00,22.88386344909668,22.88386344909668,22.88386344909668,22.88386344909668,0,0.0,0.0
2009-07-09 00:00:00+08:00,22.88386344909668,22.88386344909668,22.88386344909668,22.88386344909668,0,0.0,0.0
2009-07-10 00:00:00+08:00,22.88386344909668,22.88386344909668,22.88386344909668,22.88386344909668,0,0.0,0.0
2009-07-13 00:00:00+08:00,22.88386344909668,22.88386344909668,22.88386344909668,22.88386344909668,0,0.0,0.0
2009-07-14 00:00:00+08:00,22.88386344909668,22.88386344909668,22.88386344909668,22.88386344909668,0,0.0,0.0
2009-07-15 00:00:00+08:00,22.88386344909668,22.88386344909668,22.88386344909668,22.88386344909668,0,0.0,0.0
2009-07-16 00:00:00+08:00,22.88386344909668,22.88386344909668,22.88386344909668,22.88386344909668,0,0.0,0.0
2009-07-17 00:00:00+08:00,22.88386344909668,22.88386344909668,22.88386344909668,22.88386344909668,0,0.0,0.0
2009-07-20 00:00:00+08:00,22.88386344909668,22.88386344909668,22.88386344909668,22.88386344909668,0,0.0,0.0
2009-07-21 00:00:00+08:00,22.88386344909668,22.88386344909668,22.88386344909668,22.88386344909668,0,0.0,0.0
2009-07-22 00:00:00+08:00,22.88386344909668,22.88386344909668,22.88386344909668,22.88386344909668,0,0.0,0.0
2009-07-23 00:00:00+08:00,22.88386344909668,22.88386344909668,22.88386344909668,22.88386344909668,0,0.0,0.0
2009-07-24 00:00:00+08:00,22.88386344909668,22.88386344909668,22.88386344909668,22.88386344909668,0,0.0,0.0
2009-07-27 00:00:00+08:00,22.88386344909668,22.88386344909668,22.88386344909668,22.88386344909668,0,0.0,0.0
2009-07-28 00:00:00+08:00,22.88386344909668,22.88386344909668,22.88386344909668,22.88386344909668,0,0.0,0.0
2009-07-29 00:00:00+08:00,22.88386344909668,22.88386344909668,22.88386344909668,22.88386344909668,0,0.0,0.0
2009-07-30 00:00:00+08:00,22.88386344909668,22.88386344909668,22.88386344909668,22.88386344909668,0,0.0,0.0
2009-07-31 00:00:00+08:00,22.88386344909668,22.88386344909668,22.88386344909668,22.88386344909668,0,0.0,0.0
2009-08-03 00:00:00+08:00,22.88386344909668,22.88386344909668,22.88386344909668,22.88386344909668,0,0.0,0.0
2009-08-04 00:00:00+08:00,24.189165115356445,24.189165115356445,24.189165115356445,24.189165115356445,0,0.165461,1.051
2009-08-05 00:00:00+08:00,24.189165115356445,24.189165115356445,24.189165115356445,24.189165115356445,0,0.0,0.0
2009-08-06 00:00:00+08:00,24.189165115356445,24.189165115356445,24.189165115356445,24.189165115356445,0,0.0,0.0
2009-08-07 00:00:00+08:00,24.189165115356445,24.189165115356445,24.189165115356445,24.189165115356445,0,0.0,0.0
2009-08-10 00:00:00+08:00,24.189165115356445,24.189165115356445,24.189165115356445,24.189165115356445,0,0.0,0.0
2009-08-11 00:00:00+08:00,24.189165115356445,24.189165115356445,24.189165115356445,24.189165115356445,0,0.0,0.0
2009-08-12 00:00:00+08:00,24.189165115356445,24.189165115356445,24.189165115356445,24.189165115356445,0,0.0,0.0
2009-08-13 00:00:00+08:00,24.189165115356445,24.189165115356445,24.189165115356445,24.189165115356445,0,0.0,0.0
2009-08-14 00:00:00+08:00,24.189165115356445,24.189165115356445,24.189165115356445,24.189165115356445,0,0.0,0.0
2009-08-17 00:00:00+08:00,24.189165115356445,24.189165115356445,24.189165115356445,24.189165115356445,0,0.0,0.0
2009-08-18 00:00:00+08:00,24.189165115356445,24.189165115356445,24.189165115356445,24.189165115356445,0,0.0,0.0
2009-08-19 00:00:00+08:00,24.189165115356445,24.189165115356445,24.189165115356445,24.189165115356445,0,0.0,0.0
2009-08-20 00:00:00+08:00,24.189165115356445,24.189165115356445,24.189165115356445,24.189165115356445,0,0.0,0.0
2009-08-21 00:00:00+08:00,24.189165115356445,24.189165115356445,24.189165115356445,24.189165115356445,0,0.0,0.0
2009-08-24 00:00:00+08:00,24.189165115356445,24.189165115356445,24.189165115356445,24.189165115356445,0,0.0,0.0
2009-08-25 00:00:00+08:00,24.189165115356445,24.189165115356445,24.189165115356445,24.189165115356445,0,0.0,0.0
2009-08-26 00:00:00+08:00,24.189165115356445,24.189165115356445,24.189165115356445,24.189165115356445,0,0.0,0.0
2009-08-27 00:00:00+08:00,24.189165115356445,24.189165115356445,24.189165115356445,24.189165115356445,0,0.0,0.0
2009-08-28 00:00:00+08:00,24.189165115356445,24.189165115356445,24.189165115356445,24.189165115356445,0,0.0,0.0
2009-08-31 00:00:00+08:00,24.189165115356445,24.189165115356445,24.189165115356445,24.189165115356445,0,0.0,0.0
2009-09-01 00:00:00+08:00,24.189165115356445,24.189165115356445,24.189165115356445,24.189165115356445,0,0.0,0.0
2009-09-02 00:00:00+08:00,24.189165115356445,24.189165115356445,24.189165115356445,24.189165115356445,0,0.0,0.0
2009-09-03 00:00:00+08:00,24.189165115356445,24.189165115356445,24.189165115356445,24.189165115356445,0,0.0,0.0
2009-09-04 00:00:00+08:00,24.189165115356445,24.189165115356445,24.189165115356445,24.189165115356445,0,0.0,0.0
2009-09-07 00:00:00+08:00,24.189165115356445,24.189165115356445,24.189165115356445,24.189165115356445,0,0.0,0.0
2009-09-08 00:00:00+08:00,24.189165115356445,24.189165115356445,24.189165115356445,24.189165115356445,0,0.0,0.0
2009-09-09 00:00:00+08:00,24.189165115356445,24.189165115356445,24.189165115356445,24.189165115356445,0,0.0,0.0
2009-09-10 00:00:00+08:00,24.189165115356445,24.189165115356445,24.189165115356445,24.189165115356445,0,0.0,0.0
2009-09-11 00:00:00+08:00,24.189165115356445,24.189165115356445,24.189165115356445,24.189165115356445,0,0.0,0.0
2009-09-14 00:00:00+08:00,24.189165115356445,24.189165115356445,24.189165115356445,24.189165115356445,0,0.0,0.0
2009-09-15 00:00:00+08:00,24.189165115356445,24.189165115356445,24.189165115356445,24.189165115356445,0,0.0,0.0
2009-09-16 00:00:00+08:00,24.189165115356445,24.189165115356445,24.189165115356445,24.189165115356445,0,0.0,0.0
2009-09-17 00:00:00+08:00,24.189165115356445,24.189165115356445,24.189165115356445,24.189165115356445,0,0.0,0.0
2009-09-18 00:00:00+08:00,24.189165115356445,24.189165115356445,24.189165115356445,24.189165115356445,0,0.0,0.0
2009-09-21 00:00:00+08:00,24.189165115356445,24.189165115356445,24.189165115356445,24.189165115356445,0,0.0,0.0
2009-09-22 00:00:00+08:00,24.189165115356445,24.189165115356445,24.189165115356445,24.189165115356445,0,0.0,0.0
2009-09-23 00:00:00+08:00,24.189165115356445,24.189165115356445,24.189165115356445,24.189165115356445,0,0.0,0.0
2009-09-24 00:00:00+08:00,24.189165115356445,24.189165115356445,24.189165115356445,24.189165115356445,0,0.0,0.0
2009-09-25 00:00:00+08:00,24.189165115356445,24.189165115356445,24.189165115356445,24.189165115356445,0,0.0,0.0
2009-09-28 00:00:00+08:00,24.189165115356445,24.189165115356445,24.189165115356445,24.189165115356445,0,0.0,0.0
2009-09-29 00:00:00+08:00,24.189165115356445,24.189165115356445,24.189165115356445,24.189165115356445,0,0.0,0.0
2009-09-30 00:00:00+08:00,24.189165115356445,24.189165115356445,24.189165115356445,24.189165115356445,0,0.0,0.0
2009-10-01 00:00:00+08:00,24.189165115356445,24.189165115356445,24.189165115356445,24.189165115356445,0,0.0,0.0
2009-10-02 00:00:00+08:00,24.189165115356445,24.189165115356445,24.189165115356445,24.189165115356445,0,0.0,0.0
2009-10-05 00:00:00+08:00,24.189165115356445,24.189165115356445,24.189165115356445,24.189165115356445,0,0.0,0.0
2009-10-06 00:00:00+08:00,24.189165115356445,24.189165115356445,24.189165115356445,24.189165115356445,0,0.0,0.0
2009-10-07 00:00:00+08:00,24.189165115356445,24.189165115356445,24.189165115356445,24.189165115356445,0,0.0,0.0
2009-10-08 00:00:00+08:00,24.189165115356445,24.189165115356445,24.189165115356445,24.189165115356445,0,0.0,0.0
2009-10-09 00:00:00+08:00,24.189165115356445,24.189165115356445,24.189165115356445,24.189165115356445,0,0.0,0.0
2009-10-12 00:00:00+08:00,24.189165115356445,24.189165115356445,24.189165115356445,24.189165115356445,0,0.0,0.0
2009-10-13 00:00:00+08:00,24.189165115356445,24.189165115356445,24.189165115356445,24.189165115356445,0,0.0,0.0
2009-10-14 00:00:00+08:00,24.189165115356445,24.189165115356445,24.189165115356445,24.189165115356445,0,0.0,0.0
2009-10-15 00:00:00+08:00,24.189165115356445,24.189165115356445,24.189165115356445,24.189165115356445,0,0.0,0.0
2009-10-16 00:00:00+08:00,24.189165115356445,24.189165115356445,24.189165115356445,24.189165115356445,0,0.0,0.0
2009-10-19 00:00:00+08:00,24.189165115356445,24.189165115356445,24.189165115356445,24.189165115356445,0,0.0,0.0
2009-10-20 00:00:00+08:00,24.189165115356445,24.189165115356445,24.189165115356445,24.189165115356445,0,0.0,0.0
2009-10-21 00:00:00+08:00,24.189165115356445,24.189165115356445,24.189165115356445,24.189165115356445,0,0.0,0.0
2009-10-22 00:00:00+08:00,24.189165115356445,24.189165115356445,24.189165115356445,24.189165115356445,0,0.0,0.0
2009-10-23 00:00:00+08:00,24.189165115356445,24.189165115356445,24.189165115356445,24.189165115356445,0,0.0,0.0
2009-10-26 00:00:00+08:00,24.189165115356445,24.189165115356445,24.189165115356445,24.189165115356445,0,0.0,0.0
2009-10-27 00:00:00+08:00,24.189165115356445,24.189165115356445,24.189165115356445,24.189165115356445,0,0.0,0.0
2009-10-28 00:00:00+08:00,24.189165115356445,24.189165115356445,24.189165115356445,24.189165115356445,0,0.0,0.0
2009-10-29 00:00:00+08:00,24.189165115356445,24.189165115356445,24.189165115356445,24.189165115356445,0,0.0,0.0
2009-10-30 00:00:00+08:00,24.189165115356445,24.189165115356445,24.189165115356445,24.189165115356445,0,0.0,0.0
2009-11-02 00:00:00+08:00,24.189165115356445,24.189165115356445,24.189165115356445,24.189165115356445,0,0.0,0.0
2009-11-03 00:00:00+08:00,24.189165115356445,24.189165115356445,24.189165115356445,24.189165115356445,0,0.0,0.0
2009-11-04 00:00:00+08:00,24.189165115356445,24.189165115356445,24.189165115356445,24.189165115356445,0,0.0,0.0
2009-11-05 00:00:00+08:00,24.189165115356445,24.189165115356445,24.189165115356445,24.189165115356445,0,0.0,0.0
2009-11-06 00:00:00+08:00,24.189165115356445,24.189165115356445,24.189165115356445,24.189165115356445,0,0.0,0.0
2009-11-09 00:00:00+08:00,24.189165115356445,24.189165115356445,24.189165115356445,24.189165115356445,0,0.0,0.0
2009-11-10 00:00:00+08:00,24.189165115356445,24.189165115356445,24.189165115356445,24.189165115356445,0,0.0,0.0
2009-11-11 00:00:00+08:00,24.189165115356445,24.189165115356445,24.189165115356445,24.189165115356445,0,0.0,0.0
2009-11-12 00:00:00+08:00,24.189165115356445,24.189165115356445,24.189165115356445,24.189165115356445,0,0.0,0.0
2009-11-13 00:00:00+08:00,24.189165115356445,24.189165115356445,24.189165115356445,24.189165115356445,0,0.0,0.0
2009-11-16 00:00:00+08:00,24.189165115356445,24.189165115356445,24.189165115356445,24.189165115356445,0,0.0,0.0
2009-11-17 00:00:00+08:00,24.189165115356445,24.189165115356445,24.189165115356445,24.189165115356445,0,0.0,0.0
2009-11-18 00:00:00+08:00,24.189165115356445,24.189165115356445,24.189165115356445,24.189165115356445,0,0.0,0.0
2009-11-19 00:00:00+08:00,24.189165115356445,24.189165115356445,24.189165115356445,24.189165115356445,0,0.0,0.0
2009-11-20 00:00:00+08:00,24.189165115356445,24.189165115356445,24.189165115356445,24.189165115356445,0,0.0,0.0
2009-11-23 00:00:00+08:00,24.189165115356445,24.189165115356445,24.189165115356445,24.189165115356445,0,0.0,0.0
2009-11-24 00:00:00+08:00,24.189165115356445,24.189165115356445,24.189165115356445,24.189165115356445,0,0.0,0.0
2009-11-25 00:00:00+08:00,24.189165115356445,24.189165115356445,24.189165115356445,24.189165115356445,0,0.0,0.0
2009-11-26 00:00:00+08:00,24.189165115356445,24.189165115356445,24.189165115356445,24.189165115356445,0,0.0,0.0
2009-11-27 00:00:00+08:00,24.189165115356445,24.189165115356445,24.189165115356445,24.189165115356445,0,0.0,0.0
2009-11-30 00:00:00+08:00,24.189165115356445,24.189165115356445,24.189165115356445,24.189165115356445,0,0.0,0.0
2009-12-01 00:00:00+08:00,24.189165115356445,24.189165115356445,24.189165115356445,24.189165115356445,0,0.0,0.0
2009-12-02 00:00:00+08:00,24.189165115356445,24.189165115356445,24.189165115356445,24.189165115356445,0,0.0,0.0
2009-12-03 00:00:00+08:00,24.189165115356445,24.189165115356445,24.189165115356445,24.189165115356445,0,0.0,0.0
2009-12-04 00:00:00+08:00,24.189165115356445,24.189165115356445,24.189165115356445,24.189165115356445,0,0.0,0.0
2009-12-07 00:00:00+08:00,24.189165115356445,24.189165115356445,24.189165115356445,24.189165115356445,0,0.0,0.0
2009-12-08 00:00:00+08:00,24.189165115356445,24.189165115356445,24.189165115356445,24.189165115356445,0,0.0,0.0
2009-12-09 00:00:00+08:00,24.189165115356445,24.189165115356445,24.189165115356445,24.189165115356445,0,0.0,0.0
2009-12-10 00:00:00+08:00,24.189165115356445,24.189165115356445,24.189165115356445,24.189165115356445,0,0.0,0.0
2009-12-11 00:00:00+08:00,24.189165115356445,24.189165115356445,24.189165115356445,24.189165115356445,0,0.0,0.0
2009-12-14 00:00:00+08:00,24.189165115356445,24.189165115356445,24.189165115356445,24.189165115356445,0,0.0,0.0
2009-12-15 00:00:00+08:00,24.189165115356445,24.189165115356445,24.189165115356445,24.189165115356445,0,0.0,0.0
2009-12-16 00:00:00+08:00,24.189165115356445,24.189165115356445,24.189165115356445,24.189165115356445,0,0.0,0.0
2009-12-17 00:00:00+08:00,24.189165115356445,24.189165115356445,24.189165115356445,24.189165115356445,0,0.0,0.0
2009-12-18 00:00:00+08:00,24.189165115356445,24.189165115356445,24.189165115356445,24.189165115356445,0,0.0,0.0
2009-12-21 00:00:00+08:00,24.189165115356445,24.189165115356445,24.189165115356445,24.189165115356445,0,0.0,0.0
2009-12-22 00:00:00+08:00,24.189165115356445,24.189165115356445,24.189165115356445,24.189165115356445,0,0.0,0.0
2009-12-23 00:00:00+08:00,24.189165115356445,24.189165115356445,24.189165115356445,24.189165115356445,0,0.0,0.0
2009-12-24 00:00:00+08:00,24.189165115356445,24.189165115356445,24.189165115356445,24.189165115356445,0,0.0,0.0
2009-12-25 00:00:00+08:00,24.189165115356445,24.189165115356445,24.189165115356445,24.189165115356445,0,0.0,0.0
2009-12-28 00:00:00+08:00,24.189165115356445,24.189165115356445,24.189165115356445,24.189165115356445,0,0.0,0.0
2009-12-29 00:00:00+08:00,24.189165115356445,24.189165115356445,24.189165115356445,24.189165115356445,0,0.0,0.0
2009-12-30 00:00:00+08:00,24.189165115356445,24.189165115356445,24.189165115356445,24.189165115356445,0,0.0,0.0
2009-12-31 00:00:00+08:00,24.189165115356445,24.189165115356445,24.189165115356445,24.189165115356445,0,0.0,0.0
2010-01-04 00:00:00+08:00,24.189165115356445,24.189165115356445,24.189165115356445,24.189165115356445,0,0.0,0.0
2010-01-05 00:00:00+08:00,24.189165115356445,24.189165115356445,24.189165115356445,24.189165115356445,0,0.0,0.0
2010-01-06 00:00:00+08:00,24.189165115356445,24.189165115356445,24.189165115356445,24.189165115356445,0,0.0,0.0
2010-01-07 00:00:00+08:00,24.189165115356445,24.189165115356445,24.189165115356445,24.189165115356445,0,0.0,0.0
2010-01-08 00:00:00+08:00,24.189165115356445,24.189165115356445,24.189165115356445,24.189165115356445,0,0.0,0.0
2010-01-11 00:00:00+08:00,24.189165115356445,24.189165115356445,24.189165115356445,24.189165115356445,0,0.0,0.0
2010-01-12 00:00:00+08:00,24.189165115356445,24.189165115356445,24.189165115356445,24.189165115356445,0,0.0,0.0
2010-01-13 00:00:00+08:00,24.189165115356445,24.189165115356445,24.189165115356445,24.189165115356445,0,0.0,0.0
2010-01-14 00:00:00+08:00,24.189165115356445,24.189165115356445,24.189165115356445,24.189165115356445,0,0.0,0.0
2010-01-15 00:00:00+08:00,24.189165115356445,24.189165115356445,24.189165115356445,24.189165115356445,0,0.0,0.0
2010-01-18 00:00:00+08:00,24.189165115356445,24.189165115356445,24.189165115356445,24.189165115356445,0,0.0,0.0
2010-01-19 00:00:00+08:00,24.189165115356445,24.189165115356445,24.189165115356445,24.189165115356445,0,0.0,0.0
2010-01-20 00:00:00+08:00,24.189165115356445,24.189165115356445,24.189165115356445,24.189165115356445,0,0.0,0.0
2010-01-21 00:00:00+08:00,24.189165115356445,24.189165115356445,24.189165115356445,24.189165115356445,0,0.0,0.0
2010-01-22 00:00:00+08:00,24.189165115356445,24.189165115356445,24.189165115356445,24.189165115356445,0,0.0,0.0
2010-01-25 00:00:00+08:00,24.189165115356445,24.189165115356445,24.189165115356445,24.189165115356445,0,0.0,0.0
2010-01-26 00:00:00+08:00,24.189165115356445,24.189165115356445,24.189165115356445,24.189165115356445,0,0.0,0.0
2010-01-27 00:00:00+08:00,24.189165115356445,24.189165115356445,24.189165115356445,24.189165115356445,0,0.0,0.0
2010-01-28 00:00:00+08:00,24.189165115356445,24.189165115356445,24.189165115356445,24.189165115356445,0,0.0,0.0
2010-01-29 00:00:00+08:00,24.189165115356445,24.189165115356445,24.189165115356445,24.189165115356445,0,0.0,0.0
2010-02-01 00:00:00+08:00,24.189165115356445,24.189165115356445,24.189165115356445,24.189165115356445,0,0.0,0.0
2010-02-02 00:00:00+08:00,24.189165115356445,24.189165115356445,24.189165115356445,24.189165115356445,0,0.0,0.0
2010-02-03 00:00:00+08:00,24.189165115356445,24.189165115356445,24.189165115356445,24.189165115356445,0,0.0,0.0
2010-02-04 00:00:00+08:00,24.189165115356445,24.189165115356445,24.189165115356445,24.189165115356445,0,0.0,0.0
2010-02-05 00:00:00+08:00,24.189165115356445,24.189165115356445,24.189165115356445,24.189165115356445,0,0.0,0.0
2010-02-08 00:00:00+08:00,24.189165115356445,24.189165115356445,24.189165115356445,24.189165115356445,0,0.0,0.0
2010-02-09 00:00:00+08:00,24.189165115356445,24.189165115356445,24.189165115356445,24.189165115356445,0,0.0,0.0
2010-02-10 00:00:00+08:00,24.189165115356445,24.189165115356445,24.189165115356445,24.189165115356445,0,0.0,0.0
2010-02-22 00:00:00+08:00,24.189165115356445,24.189165115356445,24.189165115356445,24.189165115356445,0,0.0,0.0
2010-02-23 00:00:00+08:00,24.189165115356445,24.189165115356445,24.189165115356445,24.189165115356445,0,0.0,0.0
2010-02-24 00:00:00+08:00,24.189165115356445,24.189165115356445,24.189165115356445,24.189165115356445,0,0.0,0.0
2010-02-25 00:00:00+08:00,24.189165115356445,24.189165115356445,24.189165115356445,24.189165115356445,0,0.0,0.0
2010-02-26 00:00:00+08:00,24.189165115356445,24.189165115356445,24.189165115356445,24.189165115356445,0,0.0,0.0
2010-03-01 00:00:00+08:00,24.189165115356445,24.189165115356445,24.189165115356445,24.189165115356445,0,0.0,0.0
2010-03-02 00:00:00+08:00,24.189165115356445,24.189165115356445,24.189165115356445,24.189165115356445,0,0.0,0.0
2010-03-03 00:00:00+08:00,24.189165115356445,24.189165115356445,24.189165115356445,24.189165115356445,0,0.0,0.0
2010-03-04 00:00:00+08:00,24.189165115356445,24.189165115356445,24.189165115356445,24.189165115356445,0,0.0,0.0
2010-03-05 00:00:00+08:00,24.189165115356445,24.189165115356445,24.189165115356445,24.189165115356445,0,0.0,0.0
2010-03-08 00:00:00+08:00,24.189165115356445,24.189165115356445,24.189165115356445,24.189165115356445,0,0.0,0.0
2010-03-09 00:00:00+08:00,24.189165115356445,24.189165115356445,24.189165115356445,24.189165115356445,0,0.0,0.0
2010-03-10 00:00:00+08:00,24.189165115356445,24.189165115356445,24.189165115356445,24.189165115356445,0,0.0,0.0
2010-03-11 00:00:00+08:00,24.189165115356445,24.189165115356445,24.189165115356445,24.189165115356445,0,0.0,0.0
2010-03-12 00:00:00+08:00,24.189165115356445,24.189165115356445,24.189165115356445,24.189165115356445,0,0.0,0.0
2010-03-15 00:00:00+08:00,24.189165115356445,24.189165115356445,24.189165115356445,24.189165115356445,0,0.0,0.0
2010-03-16 00:00:00+08:00,24.189165115356445,24.189165115356445,24.189165115356445,24.189165115356445,0,0.0,0.0
2010-03-17 00:00:00+08:00,24.189165115356445,24.189165115356445,24.189165115356445,24.189165115356445,0,0.0,0.0
2010-03-18 00:00:00+08:00,24.189165115356445,24.189165115356445,24.189165115356445,24.189165115356445,0,0.0,0.0
2010-03-19 00:00:00+08:00,24.189165115356445,24.189165115356445,24.189165115356445,24.189165115356445,0,0.0,0.0
2010-03-22 00:00:00+08:00,24.189165115356445,24.189165115356445,24.189165115356445,24.189165115356445,0,0.0,0.0
2010-03-23 00:00:00+08:00,24.189165115356445,24.189165115356445,24.189165115356445,24.189165115356445,0,0.0,0.0
2010-03-24 00:00:00+08:00,24.189165115356445,24.189165115356445,24.189165115356445,24.189165115356445,0,0.0,0.0
2010-03-25 00:00:00+08:00,24.189165115356445,24.189165115356445,24.189165115356445,24.189165115356445,0,0.0,0.0
2010-03-26 00:00:00+08:00,24.189165115356445,24.189165115356445,24.189165115356445,24.189165115356445,0,0.0,0.0
2010-03-29 00:00:00+08:00,24.189165115356445,24.189165115356445,24.189165115356445,24.189165115356445,0,0.0,0.0
2010-03-30 00:00:00+08:00,24.189165115356445,24.189165115356445,24.189165115356445,24.189165115356445,0,0.0,0.0
2010-03-31 00:00:00+08:00,24.189165115356445,24.189165115356445,24.189165115356445,24.189165115356445,0,0.0,0.0
2010-04-01 00:00:00+08:00,24.189165115356445,24.189165115356445,24.189165115356445,24.189165115356445,0,0.0,0.0
2010-04-02 00:00:00+08:00,24.189165115356445,24.189165115356445,24.189165115356445,24.189165115356445,0,0.0,0.0
2010-04-06 00:00:00+08:00,24.189165115356445,24.189165115356445,24.189165115356445,24.189165115356445,0,0.0,0.0
2010-04-07 00:00:00+08:00,24.189165115356445,24.189165115356445,24.189165115356445,24.189165115356445,0,0.0,0.0
2010-04-08 00:00:00+08:00,24.189165115356445,24.189165115356445,24.189165115356445,24.189165115356445,0,0.0,0.0
2010-04-09 00:00:00+08:00,24.189165115356445,24.189165115356445,24.189165115356445,24.189165115356445,0,0.0,0.0
2010-04-12 00:00:00+08:00,24.189165115356445,24.189165115356445,24.189165115356445,24.189165115356445,0,0.0,0.0
2010-04-13 00:00:00+08:00,24.189165115356445,24.189165115356445,24.189165115356445,24.189165115356445,0,0.0,0.0
2010-04-14 00:00:00+08:00,24.189165115356445,24.189165115356445,24.189165115356445,24.189165115356445,0,0.0,0.0
2010-04-15 00:00:00+08:00,24.189165115356445,24.189165115356445,24.189165115356445,24.189165115356445,0,0.0,0.0
2010-04-16 00:00:00+08:00,24.189165115356445,24.189165115356445,24.189165115356445,24.189165115356445,0,0.0,0.0
2010-04-19 00:00:00+08:00,24.189165115356445,24.189165115356445,24.189165115356445,24.189165115356445,0,0.0,0.0
2010-04-20 00:00:00+08:00,24.189165115356445,24.189165115356445,24.189165115356445,24.189165115356445,0,0.0,0.0
2010-04-21 00:00:00+08:00,24.189165115356445,24.189165115356445,24.189165115356445,24.189165115356445,0,0.0,0.0
2010-04-22 00:00:00+08:00,24.189165115356445,24.189165115356445,24.189165115356445,24.189165115356445,0,0.0,0.0
2010-04-23 00:00:00+08:00,24.189165115356445,24.189165115356445,24.189165115356445,24.189165115356445,0,0.0,0.0
2010-04-26 00:00:00+08:00,24.189165115356445,24.189165115356445,24.189165115356445,24.189165115356445,0,0.0,0.0
2010-04-27 00:00:00+08:00,24.189165115356445,24.189165115356445,24.189165115356445,24.189165115356445,0,0.0,0.0
2010-04-28 00:00:00+08:00,24.189165115356445,24.189165115356445,24.189165115356445,24.189165115356445,0,0.0,0.0
2010-04-29 00:00:00+08:00,24.189165115356445,24.189165115356445,24.189165115356445,24.189165115356445,0,0.0,0.0
2010-04-30 00:00:00+08:00,24.189165115356445,24.189165115356445,24.189165115356445,24.189165115356445,0,0.0,0.0
2010-05-03 00:00:00+08:00,24.189165115356445,24.189165115356445,24.189165115356445,24.189165115356445,0,0.0,0.0
2010-05-04 00:00:00+08:00,24.189165115356445,24.189165115356445,24.189165115356445,24.189165115356445,0,0.0,0.0
2010-05-05 00:00:00+08:00,24.189165115356445,24.189165115356445,24.189165115356445,24.189165115356445,0,0.0,0.0
2010-05-06 00:00:00+08:00,24.189165115356445,24.189165115356445,24.189165115356445,24.189165115356445,0,0.0,0.0
2010-05-07 00:00:00+08:00,24.189165115356445,24.189165115356445,24.189165115356445,24.189165115356445,0,0.0,0.0
2010-05-10 00:00:00+08:00,24.189165115356445,24.189165115356445,24.189165115356445,24.189165115356445,0,0.0,0.0
2010-05-11 00:00:00+08:00,24.189165115356445,24.189165115356445,24.189165115356445,24.189165115356445,0,0.0,0.0
2010-05-12 00:00:00+08:00,24.189165115356445,24.189165115356445,24.189165115356445,24.189165115356445,0,0.0,0.0
2010-05-13 00:00:00+08:00,24.189165115356445,24.189165115356445,24.189165115356445,24.189165115356445,0,0.0,0.0
2010-05-14 00:00:00+08:00,24.189165115356445,24.189165115356445,24.189165115356445,24.189165115356445,0,0.0,0.0
2010-05-17 00:00:00+08:00,24.189165115356445,24.189165115356445,24.189165115356445,24.189165115356445,0,0.0,0.0
2010-05-18 00:00:00+08:00,24.189165115356445,24.189165115356445,24.189165115356445,24.189165115356445,0,0.0,0.0
2010-05-19 00:00:00+08:00,24.189165115356445,24.189165115356445,24.189165115356445,24.189165115356445,0,0.0,0.0
2010-05-20 00:00:00+08:00,24.189165115356445,24.189165115356445,24.189165115356445,24.189165115356445,0,0.0,0.0
2010-05-21 00:00:00+08:00,24.189165115356445,24.189165115356445,24.189165115356445,24.189165115356445,0,0.0,0.0
2010-05-24 00:00:00+08:00,24.189165115356445,24.189165115356445,24.189165115356445,24.189165115356445,0,0.0,0.0
2010-05-25 00:00:00+08:00,24.189165115356445,24.189165115356445,24.189165115356445,24.189165115356445,0,0.0,0.0
2010-05-26 00:00:00+08:00,24.189165115356445,24.189165115356445,24.189165115356445,24.189165115356445,0,0.0,0.0
2010-05-27 00:00:00+08:00,24.189165115356445,24.189165115356445,24.189165115356445,24.189165115356445,0,0.0,0.0
2010-05-28 00:00:00+08:00,24.189165115356445,24.189165115356445,24.189165115356445,24.189165115356445,0,0.0,0.0
2010-05-31 00:00:00+08:00,24.189165115356445,24.189165115356445,24.189165115356445,24.189165115356445,0,0.0,0.0
2010-06-01 00:00:00+08:00,24.189165115356445,24.189165115356445,24.189165115356445,24.189165115356445,0,0.0,0.0
2010-06-02 00:00:00+08:00,24.189165115356445,24.189165115356445,24.189165115356445,24.189165115356445,0,0.0,0.0
2010-06-03 00:00:00+08:00,24.189165115356445,24.189165115356445,24.189165115356445,24.189165115356445,0,0.0,0.0
2010-06-04 00:00:00+08:00,24.189165115356445,24.189165115356445,24.189165115356445,24.189165115356445,0,0.0,0.0
2010-06-07 00:00:00+08:00,24.189165115356445,24.189165115356445,24.189165115356445,24.189165115356445,0,0.0,0.0
2010-06-08 00:00:00+08:00,24.189165115356445,24.189165115356445,24.189165115356445,24.189165115356445,0,0.0,0.0
2010-06-09 00:00:00+08:00,24.189165115356445,24.189165115356445,24.189165115356445,24.189165115356445,0,0.0,0.0
2010-06-10 00:00:00+08:00,24.189165115356445,24.189165115356445,24.189165115356445,24.189165115356445,0,0.0,0.0
2010-06-11 00:00:00+08:00,24.189165115356445,24.189165115356445,24.189165115356445,24.189165115356445,0,0.0,0.0
2010-06-14 00:00:00+08:00,24.189165115356445,24.189165115356445,24.189165115356445,24.189165115356445,0,0.0,0.0
2010-06-15 00:00:00+08:00,24.189165115356445,24.189165115356445,24.189165115356445,24.189165115356445,0,0.0,0.0
2010-06-17 00:00:00+08:00,24.189165115356445,24.189165115356445,24.189165115356445,24.189165115356445,0,0.0,0.0
2010-06-18 00:00:00+08:00,24.189165115356445,24.189165115356445,24.189165115356445,24.189165115356445,0,0.0,0.0
2010-06-21 00:00:00+08:00,24.189165115356445,24.189165115356445,24.189165115356445,24.189165115356445,0,0.0,0.0
2010-06-22 00:00:00+08:00,24.189165115356445,24.189165115356445,24.189165115356445,24.189165115356445,0,0.0,0.0
2010-06-23 00:00:00+08:00,24.189165115356445,24.189165115356445,24.189165115356445,24.189165115356445,0,0.0,0.0
2010-06-24 00:00:00+08:00,24.189165115356445,24.189165115356445,24.189165115356445,24.189165115356445,0,0.0,0.0
2010-06-25 00:00:00+08:00,24.189165115356445,24.189165115356445,24.189165115356445,24.189165115356445,0,0.0,0.0
2010-06-28 00:00:00+08:00,24.189165115356445,24.189165115356445,24.189165115356445,24.189165115356445,0,0.0,0.0
2010-06-29 00:00:00+08:00,24.189165115356445,24.189165115356445,24.189165115356445,24.189165115356445,0,0.0,0.0
2010-06-30 00:00:00+08:00,24.189165115356445,24.189165115356445,24.189165115356445,24.189165115356445,0,0.0,0.0
2010-07-01 00:00:00+08:00,24.189165115356445,24.189165115356445,24.189165115356445,24.189165115356445,0,0.0,0.0
2010-07-02 00:00:00+08:00,24.189165115356445,24.189165115356445,24.189165115356445,24.189165115356445,0,0.0,0.0
2010-07-05 00:00:00+08:00,24.189165115356445,24.189165115356445,24.189165115356445,24.189165115356445,0,0.0,0.0
2010-07-06 00:00:00+08:00,24.189165115356445,24.189165115356445,24.189165115356445,24.189165115356445,0,0.0,0.0
2010-07-07 00:00:00+08:00,24.189165115356445,24.189165115356445,24.189165115356445,24.189165115356445,0,0.0,0.0
2010-07-08 00:00:00+08:00,24.189165115356445,24.189165115356445,24.189165115356445,24.189165115356445,0,0.0,0.0
2010-07-09 00:00:00+08:00,24.189165115356445,24.189165115356445,24.189165115356445,24.189165115356445,0,0.0,0.0
2010-07-12 00:00:00+08:00,24.189165115356445,24.189165115356445,24.189165115356445,24.189165115356445,0,0.0,0.0
2010-07-13 00:00:00+08:00,24.189165115356445,24.189165115356445,24.189165115356445,24.189165115356445,0,0.0,0.0
2010-07-14 00:00:00+08:00,24.189165115356445,24.189165115356445,24.189165115356445,24.189165115356445,0,0.0,0.0
2010-07-15 00:00:00+08:00,24.189165115356445,24.189165115356445,24.189165115356445,24.189165115356445,0,0.0,0.0
2010-07-16 00:00:00+08:00,24.189165115356445,24.189165115356445,24.189165115356445,24.189165115356445,0,0.0,0.0
2010-07-19 00:00:00+08:00,24.189165115356445,24.189165115356445,24.189165115356445,24.189165115356445,0,0.0,0.0
2010-07-20 00:00:00+08:00,24.189165115356445,24.189165115356445,24.189165115356445,24.189165115356445,0,0.0,0.0
2010-07-21 00:00:00+08:00,24.189165115356445,24.189165115356445,24.189165115356445,24.189165115356445,0,0.0,0.0
2010-07-22 00:00:00+08:00,24.189165115356445,24.189165115356445,24.189165115356445,24.189165115356445,0,0.0,0.0
2010-07-23 00:00:00+08:00,24.189165115356445,24.189165115356445,24.189165115356445,24.189165115356445,0,0.0,0.0
2010-07-26 00:00:00+08:00,24.189165115356445,24.189165115356445,24.189165115356445,24.189165115356445,0,0.0,0.0
2010-07-27 00:00:00+08:00,24.189165115356445,24.189165115356445,24.189165115356445,24.189165115356445,0,0.0,0.0
2010-07-28 00:00:00+08:00,24.779142379760742,24.779142379760742,24.779142379760742,24.779142379760742,0,0.130425,1.02
2010-07-29 00:00:00+08:00,24.779142379760742,24.779142379760742,24.779142379760742,24.779142379760742,0,0.0,0.0
2010-07-30 00:00:00+08:00,24.779142379760742,24.779142379760742,24.779142379760742,24.779142379760742,0,0.0,0.0
2010-08-02 00:00:00+08:00,24.779142379760742,24.779142379760742,24.779142379760742,24.779142379760742,0,0.0,0.0
2010-08-03 00:00:00+08:00,24.779142379760742,24.779142379760742,24.779142379760742,24.779142379760742,0,0.0,0.0
2010-08-04 00:00:00+08:00,24.779142379760742,24.779142379760742,24.779142379760742,24.779142379760742,0,0.0,0.0
2010-08-05 00:00:00+08:00,24.779142379760742,24.779142379760742,24.779142379760742,24.779142379760742,0,0.0,0.0
2010-08-06 00:00:00+08:00,24.779142379760742,24.779142379760742,24.779142379760742,24.779142379760742,0,0.0,0.0
2010-08-09 00:00:00+08:00,24.779142379760742,24.779142379760742,24.779142379760742,24.779142379760742,0,0.0,0.0
2010-08-10 00:00:00+08:00,24.779142379760742,24.779142379760742,24.779142379760742,24.779142379760742,0,0.0,0.0
2010-08-11 00:00:00+08:00,24.779142379760742,24.779142379760742,24.779142379760742,24.779142379760742,0,0.0,0.0
2010-08-12 00:00:00+08:00,24.779142379760742,24.779142379760742,24.779142379760742,24.779142379760742,0,0.0,0.0
2010-08-13 00:00:00+08:00,24.779142379760742,24.779142379760742,24.779142379760742,24.779142379760742,0,0.0,0.0
2010-08-16 00:00:00+08:00,24.779142379760742,24.779142379760742,24.779142379760742,24.779142379760742,0,0.0,0.0
2010-08-17 00:00:00+08:00,24.779142379760742,24.779142379760742,24.779142379760742,24.779142379760742,0,0.0,0.0
2010-08-18 00:00:00+08:00,24.779142379760742,24.779142379760742,24.779142379760742,24.779142379760742,0,0.0,0.0
2010-08-19 00:00:00+08:00,24.779142379760742,24.779142379760742,24.779142379760742,24.779142379760742,0,0.0,0.0
2010-08-20 00:00:00+08:00,24.779142379760742,24.779142379760742,24.779142379760742,24.779142379760742,0,0.0,0.0
2010-08-23 00:00:00+08:00,24.779142379760742,24.779142379760742,24.779142379760742,24.779142379760742,0,0.0,0.0
2010-08-24 00:00:00+08:00,24.779142379760742,24.779142379760742,24.779142379760742,24.779142379760742,0,0.0,0.0
2010-08-25 00:00:00+08:00,24.779142379760742,24.779142379760742,24.779142379760742,24.779142379760742,0,0.0,0.0
2010-08-26 00:00:00+08:00,24.779142379760742,24.779142379760742,24.779142379760742,24.779142379760742,0,0.0,0.0
2010-08-27 00:00:00+08:00,24.779142379760742,24.779142379760742,24.779142379760742,24.779142379760742,0,0.0,0.0
2010-08-30 00:00:00+08:00,24.779142379760742,24.779142379760742,24.779142379760742,24.779142379760742,0,0.0,0.0
2010-08-31 00:00:00+08:00,24.779142379760742,24.779142379760742,24.779142379760742,24.779142379760742,0,0.0,0.0
2010-09-01 00:00:00+08:00,24.779142379760742,24.779142379760742,24.779142379760742,24.779142379760742,0,0.0,0.0
2010-09-02 00:00:00+08:00,24.779142379760742,24.779142379760742,24.779142379760742,24.779142379760742,0,0.0,0.0
2010-09-03 00:00:00+08:00,24.779142379760742,24.779142379760742,24.779142379760742,24.779142379760742,0,0.0,0.0
2010-09-06 00:00:00+08:00,24.779142379760742,24.779142379760742,24.779142379760742,24.779142379760742,0,0.0,0.0
2010-09-07 00:00:00+08:00,24.779142379760742,24.779142379760742,24.779142379760742,24.779142379760742,0,0.0,0.0
2010-09-08 00:00:00+08:00,24.779142379760742,24.779142379760742,24.779142379760742,24.779142379760742,0,0.0,0.0
2010-09-09 00:00:00+08:00,24.779142379760742,24.779142379760742,24.779142379760742,24.779142379760742,0,0.0,0.0
2010-09-10 00:00:00+08:00,24.779142379760742,24.779142379760742,24.779142379760742,24.779142379760742,0,0.0,0.0
2010-09-13 00:00:00+08:00,24.779142379760742,24.779142379760742,24.779142379760742,24.779142379760742,0,0.0,0.0
2010-09-14 00:00:00+08:00,24.779142379760742,24.779142379760742,24.779142379760742,24.779142379760742,0,0.0,0.0
2010-09-15 00:00:00+08:00,24.779142379760742,24.779142379760742,24.779142379760742,24.779142379760742,0,0.0,0.0
2010-09-16 00:00:00+08:00,24.779142379760742,24.779142379760742,24.779142379760742,24.779142379760742,0,0.0,0.0
2010-09-17 00:00:00+08:00,24.779142379760742,24.779142379760742,24.779142379760742,24.779142379760742,0,0.0,0.0
2010-09-20 00:00:00+08:00,24.779142379760742,24.779142379760742,24.779142379760742,24.779142379760742,0,0.0,0.0
2010-09-21 00:00:00+08:00,24.779142379760742,24.779142379760742,24.779142379760742,24.779142379760742,0,0.0,0.0
2010-09-23 00:00:00+08:00,24.779142379760742,24.779142379760742,24.779142379760742,24.779142379760742,0,0.0,0.0
2010-09-24 00:00:00+08:00,24.779142379760742,24.779142379760742,24.779142379760742,24.779142379760742,0,0.0,0.0
2010-09-27 00:00:00+08:00,24.779142379760742,24.779142379760742,24.779142379760742,24.779142379760742,0,0.0,0.0
2010-09-28 00:00:00+08:00,24.779142379760742,24.779142379760742,24.779142379760742,24.779142379760742,0,0.0,0.0
2010-09-29 00:00:00+08:00,24.779142379760742,24.779142379760742,24.779142379760742,24.779142379760742,0,0.0,0.0
2010-09-30 00:00:00+08:00,24.779142379760742,24.779142379760742,24.779142379760742,24.779142379760742,0,0.0,0.0
2010-10-01 00:00:00+08:00,24.779142379760742,24.779142379760742,24.779142379760742,24.779142379760742,0,0.0,0.0
2010-10-04 00:00:00+08:00,24.779142379760742,24.779142379760742,24.779142379760742,24.779142379760742,0,0.0,0.0
2010-10-05 00:00:00+08:00,24.779142379760742,24.779142379760742,24.779142379760742,24.779142379760742,0,0.0,0.0
2010-10-06 00:00:00+08:00,24.779142379760742,24.779142379760742,24.779142379760742,24.779142379760742,0,0.0,0.0
2010-10-07 00:00:00+08:00,24.779142379760742,24.779142379760742,24.779142379760742,24.779142379760742,0,0.0,0.0
2010-10-08 00:00:00+08:00,24.779142379760742,24.779142379760742,24.779142379760742,24.779142379760742,0,0.0,0.0
2010-10-11 00:00:00+08:00,24.779142379760742,24.779142379760742,24.779142379760742,24.779142379760742,0,0.0,0.0
2010-10-12 00:00:00+08:00,24.779142379760742,24.779142379760742,24.779142379760742,24.779142379760742,0,0.0,0.0
2010-10-13 00:00:00+08:00,24.779142379760742,24.779142379760742,24.779142379760742,24.779142379760742,0,0.0,0.0
2010-10-14 00:00:00+08:00,24.779142379760742,24.779142379760742,24.779142379760742,24.779142379760742,0,0.0,0.0
2010-10-15 00:00:00+08:00,24.779142379760742,24.779142379760742,24.779142379760742,24.779142379760742,0,0.0,0.0
2010-10-18 00:00:00+08:00,24.779142379760742,24.779142379760742,24.779142379760742,24.779142379760742,0,0.0,0.0
2010-10-19 00:00:00+08:00,24.779142379760742,24.779142379760742,24.779142379760742,24.779142379760742,0,0.0,0.0
2010-10-20 00:00:00+08:00,24.779142379760742,24.779142379760742,24.779142379760742,24.779142379760742,0,0.0,0.0
2010-10-21 00:00:00+08:00,24.779142379760742,24.779142379760742,24.779142379760742,24.779142379760742,0,0.0,0.0
2010-10-22 00:00:00+08:00,24.779142379760742,24.779142379760742,24.779142379760742,24.779142379760742,0,0.0,0.0
2010-10-25 00:00:00+08:00,24.779142379760742,24.779142379760742,24.779142379760742,24.779142379760742,0,0.0,0.0
2010-10-26 00:00:00+08:00,24.779142379760742,24.779142379760742,24.779142379760742,24.779142379760742,0,0.0,0.0
2010-10-27 00:00:00+08:00,24.779142379760742,24.779142379760742,24.779142379760742,24.779142379760742,0,0.0,0.0
2010-10-28 00:00:00+08:00,24.779142379760742,24.779142379760742,24.779142379760742,24.779142379760742,0,0.0,0.0
2010-10-29 00:00:00+08:00,24.779142379760742,24.779142379760742,24.779142379760742,24.779142379760742,0,0.0,0.0
2010-11-01 00:00:00+08:00,24.779142379760742,24.779142379760742,24.779142379760742,24.779142379760742,0,0.0,0.0
2010-11-02 00:00:00+08:00,24.779142379760742,24.779142379760742,24.779142379760742,24.779142379760742,0,0.0,0.0
2010-11-03 00:00:00+08:00,24.779142379760742,24.779142379760742,24.779142379760742,24.779142379760742,0,0.0,0.0
2010-11-04 00:00:00+08:00,24.779142379760742,24.779142379760742,24.779142379760742,24.779142379760742,0,0.0,0.0
2010-11-05 00:00:00+08:00,24.779142379760742,24.779142379760742,24.779142379760742,24.779142379760742,0,0.0,0.0
2010-11-08 00:00:00+08:00,24.779142379760742,24.779142379760742,24.779142379760742,24.779142379760742,0,0.0,0.0
2010-11-09 00:00:00+08:00,24.779142379760742,24.779142379760742,24.779142379760742,24.779142379760742,0,0.0,0.0
2010-11-10 00:00:00+08:00,24.779142379760742,24.779142379760742,24.779142379760742,24.779142379760742,0,0.0,0.0
2010-11-11 00:00:00+08:00,24.779142379760742,24.779142379760742,24.779142379760742,24.779142379760742,0,0.0,0.0
2010-11-12 00:00:00+08:00,24.779142379760742,24.779142379760742,24.779142379760742,24.779142379760742,0,0.0,0.0
2010-11-15 00:00:00+08:00,24.779142379760742,24.779142379760742,24.779142379760742,24.779142379760742,0,0.0,0.0
2010-11-16 00:00:00+08:00,24.779142379760742,24.779142379760742,24.779142379760742,24.779142379760742,0,0.0,0.0
2010-11-17 00:00:00+08:00,24.779142379760742,24.779142379760742,24.779142379760742,24.779142379760742,0,0.0,0.0
2010-11-18 00:00:00+08:00,24.779142379760742,24.779142379760742,24.779142379760742,24.779142379760742,0,0.0,0.0
2010-11-19 00:00:00+08:00,24.779142379760742,24.779142379760742,24.779142379760742,24.779142379760742,0,0.0,0.0
2010-11-22 00:00:00+08:00,24.779142379760742,24.779142379760742,24.779142379760742,24.779142379760742,0,0.0,0.0
2010-11-23 00:00:00+08:00,24.779142379760742,24.779142379760742,24.779142379760742,24.779142379760742,0,0.0,0.0
2010-11-24 00:00:00+08:00,24.779142379760742,24.779142379760742,24.779142379760742,24.779142379760742,0,0.0,0.0
2010-11-25 00:00:00+08:00,24.779142379760742,24.779142379760742,24.779142379760742,24.779142379760742,0,0.0,0.0
2010-11-26 00:00:00+08:00,24.779142379760742,24.779142379760742,24.779142379760742,24.779142379760742,0,0.0,0.0
2010-11-29 00:00:00+08:00,24.779142379760742,24.779142379760742,24.779142379760742,24.779142379760742,0,0.0,0.0
2010-11-30 00:00:00+08:00,24.779142379760742,24.779142379760742,24.779142379760742,24.779142379760742,0,0.0,0.0
2010-12-01 00:00:00+08:00,24.779142379760742,24.779142379760742,24.779142379760742,24.779142379760742,0,0.0,0.0
2010-12-02 00:00:00+08:00,24.779142379760742,24.779142379760742,24.779142379760742,24.779142379760742,0,0.0,0.0
2010-12-03 00:00:00+08:00,24.779142379760742,24.779142379760742,24.779142379760742,24.779142379760742,0,0.0,0.0
2010-12-06 00:00:00+08:00,24.779142379760742,24.779142379760742,24.779142379760742,24.779142379760742,0,0.0,0.0
2010-12-07 00:00:00+08:00,24.779142379760742,24.779142379760742,24.779142379760742,24.779142379760742,0,0.0,0.0
2010-12-08 00:00:00+08:00,24.779142379760742,24.779142379760742,24.779142379760742,24.779142379760742,0,0.0,0.0
2010-12-09 00:00:00+08:00,24.779142379760742,24.779142379760742,24.779142379760742,24.779142379760742,0,0.0,0.0
2010-12-10 00:00:00+08:00,24.779142379760742,24.779142379760742,24.779142379760742,24.779142379760742,0,0.0,0.0
2010-12-13 00:00:00+08:00,24.779142379760742,24.779142379760742,24.779142379760742,24.779142379760742,0,0.0,0.0
2010-12-14 00:00:00+08:00,24.779142379760742,24.779142379760742,24.779142379760742,24.779142379760742,0,0.0,0.0
2010-12-15 00:00:00+08:00,24.779142379760742,24.779142379760742,24.779142379760742,24.779142379760742,0,0.0,0.0
2010-12-16 00:00:00+08:00,24.779142379760742,24.779142379760742,24.779142379760742,24.779142379760742,0,0.0,0.0
2010-12-17 00:00:00+08:00,24.779142379760742,24.779142379760742,24.779142379760742,24.779142379760742,0,0.0,0.0
2010-12-20 00:00:00+08:00,24.779142379760742,24.779142379760742,24.779142379760742,24.779142379760742,0,0.0,0.0
2010-12-21 00:00:00+08:00,24.779142379760742,24.779142379760742,24.779142379760742,24.779142379760742,0,0.0,0.0
2010-12-22 00:00:00+08:00,24.779142379760742,24.779142379760742,24.779142379760742,24.779142379760742,0,0.0,0.0
2010-12-23 00:00:00+08:00,24.779142379760742,24.779142379760742,24.779142379760742,24.779142379760742,0,0.0,0.0
2010-12-24 00:00:00+08:00,24.779142379760742,24.779142379760742,24.779142379760742,24.779142379760742,0,0.0,0.0
2010-12-27 00:00:00+08:00,24.779142379760742,24.779142379760742,24.779142379760742,24.779142379760742,0,0.0,0.0
2010-12-28 00:00:00+08:00,24.779142379760742,24.779142379760742,24.779142379760742,24.779142379760742,0,0.0,0.0
2010-12-29 00:00:00+08:00,24.779142379760742,24.779142379760742,24.779142379760742,24.779142379760742,0,0.0,0.0
2010-12-30 00:00:00+08:00,24.779142379760742,24.779142379760742,24.779142379760742,24.779142379760742,0,0.0,0.0
2010-12-31 00:00:00+08:00,24.779142379760742,24.779142379760742,24.779142379760742,24.779142379760742,0,0.0,0.0
2011-01-03 00:00:00+08:00,24.779142379760742,24.779142379760742,24.779142379760742,24.779142379760742,0,0.0,0.0
2011-01-04 00:00:00+08:00,24.779142379760742,24.779142379760742,24.779142379760742,24.779142379760742,0,0.0,0.0
2011-01-05 00:00:00+08:00,24.779142379760742,24.779142379760742,24.779142379760742,24.779142379760742,0,0.0,0.0
2011-01-06 00:00:00+08:00,24.779142379760742,24.779142379760742,24.779142379760742,24.779142379760742,0,0.0,0.0
2011-01-07 00:00:00+08:00,24.779142379760742,24.779142379760742,24.779142379760742,24.779142379760742,0,0.0,0.0
2011-01-10 00:00:00+08:00,24.779142379760742,24.779142379760742,24.779142379760742,24.779142379760742,0,0.0,0.0
2011-01-11 00:00:00+08:00,24.779142379760742,24.779142379760742,24.779142379760742,24.779142379760742,0,0.0,0.0
2011-01-12 00:00:00+08:00,24.779142379760742,24.779142379760742,24.779142379760742,24.779142379760742,0,0.0,0.0
2011-01-13 00:00:00+08:00,24.779142379760742,24.779142379760742,24.779142379760742,24.779142379760742,0,0.0,0.0
2011-01-14 00:00:00+08:00,24.779142379760742,24.779142379760742,24.779142379760742,24.779142379760742,0,0.0,0.0
2011-01-17 00:00:00+08:00,24.779142379760742,24.779142379760742,24.779142379760742,24.779142379760742,0,0.0,0.0
2011-01-18 00:00:00+08:00,24.779142379760742,24.779142379760742,24.779142379760742,24.779142379760742,0,0.0,0.0
2011-01-19 00:00:00+08:00,24.779142379760742,24.779142379760742,24.779142379760742,24.779142379760742,0,0.0,0.0
2011-01-20 00:00:00+08:00,24.779142379760742,24.779142379760742,24.779142379760742,24.779142379760742,0,0.0,0.0
2011-01-21 00:00:00+08:00,24.779142379760742,24.779142379760742,24.779142379760742,24.779142379760742,0,0.0,0.0
2011-01-24 00:00:00+08:00,24.779142379760742,24.779142379760742,24.779142379760742,24.779142379760742,0,0.0,0.0
2011-01-25 00:00:00+08:00,24.779142379760742,24.779142379760742,24.779142379760742,24.779142379760742,0,0.0,0.0
2011-01-26 00:00:00+08:00,24.779142379760742,24.779142379760742,24.779142379760742,24.779142379760742,0,0.0,0.0
2011-01-27 00:00:00+08:00,24.779142379760742,24.779142379760742,24.779142379760742,24.779142379760742,0,0.0,0.0
2011-01-28 00:00:00+08:00,24.779142379760742,24.779142379760742,24.779142379760742,24.779142379760742,0,0.0,0.0
2011-02-08 00:00:00+08:00,24.779142379760742,24.779142379760742,24.779142379760742,24.779142379760742,0,0.0,0.0
2011-02-09 00:00:00+08:00,24.779142379760742,24.779142379760742,24.779142379760742,24.779142379760742,0,0.0,0.0
2011-02-10 00:00:00+08:00,24.779142379760742,24.779142379760742,24.779142379760742,24.779142379760742,0,0.0,0.0
2011-02-11 00:00:00+08:00,24.779142379760742,24.779142379760742,24.779142379760742,24.779142379760742,0,0.0,0.0
2011-02-14 00:00:00+08:00,24.779142379760742,24.779142379760742,24.779142379760742,24.779142379760742,0,0.0,0.0
2011-02-15 00:00:00+08:00,24.779142379760742,24.779142379760742,24.779142379760742,24.779142379760742,0,0.0,0.0
2011-02-16 00:00:00+08:00,24.779142379760742,24.779142379760742,24.779142379760742,24.779142379760742,0,0.0,0.0
2011-02-17 00:00:00+08:00,24.779142379760742,24.779142379760742,24.779142379760742,24.779142379760742,0,0.0,0.0
2011-02-18 00:00:00+08:00,24.779142379760742,24.779142379760742,24.779142379760742,24.779142379760742,0,0.0,0.0
2011-02-21 00:00:00+08:00,24.779142379760742,24.779142379760742,24.779142379760742,24.779142379760742,0,0.0,0.0
2011-02-22 00:00:00+08:00,24.779142379760742,24.779142379760742,24.779142379760742,24.779142379760742,0,0.0,0.0
2011-02-23 00:00:00+08:00,24.779142379760742,24.779142379760742,24.779142379760742,24.779142379760742,0,0.0,0.0
2011-02-24 00:00:00+08:00,24.779142379760742,24.779142379760742,24.779142379760742,24.779142379760742,0,0.0,0.0
2011-02-25 00:00:00+08:00,24.779142379760742,24.779142379760742,24.779142379760742,24.779142379760742,0,0.0,0.0
2011-03-01 00:00:00+08:00,24.779142379760742,24.779142379760742,24.779142379760742,24.779142379760742,0,0.0,0.0
2011-03-02 00:00:00+08:00,24.779142379760742,24.779142379760742,24.779142379760742,24.779142379760742,0,0.0,0.0
2011-03-03 00:00:00+08:00,24.779142379760742,24.779142379760742,24.779142379760742,24.779142379760742,0,0.0,0.0
2011-03-04 00:00:00+08:00,24.779142379760742,24.779142379760742,24.779142379760742,24.779142379760742,0,0.0,0.0
2011-03-07 00:00:00+08:00,24.779142379760742,24.779142379760742,24.779142379760742,24.779142379760742,0,0.0,0.0
2011-03-08 00:00:00+08:00,24.779142379760742,24.779142379760742,24.779142379760742,24.779142379760742,0,0.0,0.0
2011-03-09 00:00:00+08:00,24.779142379760742,24.779142379760742,24.779142379760742,24.779142379760742,0,0.0,0.0
2011-03-10 00:00:00+08:00,24.779142379760742,24.779142379760742,24.779142379760742,24.779142379760742,0,0.0,0.0
2011-03-11 00:00:00+08:00,24.779142379760742,24.779142379760742,24.779142379760742,24.779142379760742,0,0.0,0.0
2011-03-14 00:00:00+08:00,24.779142379760742,24.779142379760742,24.779142379760742,24.779142379760742,0,0.0,0.0
2011-03-15 00:00:00+08:00,24.779142379760742,24.779142379760742,24.779142379760742,24.779142379760742,0,0.0,0.0
2011-03-16 00:00:00+08:00,24.779142379760742,24.779142379760742,24.779142379760742,24.779142379760742,0,0.0,0.0
2011-03-17 00:00:00+08:00,24.779142379760742,24.779142379760742,24.779142379760742,24.779142379760742,0,0.0,0.0
2011-03-18 00:00:00+08:00,24.779142379760742,24.779142379760742,24.779142379760742,24.779142379760742,0,0.0,0.0
2011-03-21 00:00:00+08:00,24.779142379760742,24.779142379760742,24.779142379760742,24.779142379760742,0,0.0,0.0
2011-03-22 00:00:00+08:00,24.779142379760742,24.779142379760742,24.779142379760742,24.779142379760742,0,0.0,0.0
2011-03-23 00:00:00+08:00,24.779142379760742,24.779142379760742,24.779142379760742,24.779142379760742,0,0.0,0.0
2011-03-24 00:00:00+08:00,24.779142379760742,24.779142379760742,24.779142379760742,24.779142379760742,0,0.0,0.0
2011-03-25 00:00:00+08:00,24.779142379760742,24.779142379760742,24.779142379760742,24.779142379760742,0,0.0,0.0
2011-03-28 00:00:00+08:00,24.779142379760742,24.779142379760742,24.779142379760742,24.779142379760742,0,0.0,0.0
2011-03-29 00:00:00+08:00,24.779142379760742,24.779142379760742,24.779142379760742,24.779142379760742,0,0.0,0.0
2011-03-30 00:00:00+08:00,24.779142379760742,24.779142379760742,24.779142379760742,24.779142379760742,0,0.0,0.0
2011-03-31 00:00:00+08:00,24.779142379760742,24.779142379760742,24.779142379760742,24.779142379760742,0,0.0,0.0
2011-04-01 00:00:00+08:00,24.779142379760742,24.779142379760742,24.779142379760742,24.779142379760742,0,0.0,0.0
2011-04-06 00:00:00+08:00,24.779142379760742,24.779142379760742,24.779142379760742,24.779142379760742,0,0.0,0.0
2011-04-07 00:00:00+08:00,24.779142379760742,24.779142379760742,24.779142379760742,24.779142379760742,0,0.0,0.0
2011-04-08 00:00:00+08:00,24.779142379760742,24.779142379760742,24.779142379760742,24.779142379760742,0,0.0,0.0
2011-04-11 00:00:00+08:00,24.779142379760742,24.779142379760742,24.779142379760742,24.779142379760742,0,0.0,0.0
2011-04-12 00:00:00+08:00,24.779142379760742,24.779142379760742,24.779142379760742,24.779142379760742,0,0.0,0.0
2011-04-13 00:00:00+08:00,24.779142379760742,24.779142379760742,24.779142379760742,24.779142379760742,0,0.0,0.0
2011-04-14 00:00:00+08:00,24.779142379760742,24.779142379760742,24.779142379760742,24.779142379760742,0,0.0,0.0
2011-04-15 00:00:00+08:00,24.779142379760742,24.779142379760742,24.779142379760742,24.779142379760742,0,0.0,0.0
2011-04-18 00:00:00+08:00,24.779142379760742,24.779142379760742,24.779142379760742,24.779142379760742,0,0.0,0.0
2011-04-19 00:00:00+08:00,24.779142379760742,24.779142379760742,24.779142379760742,24.779142379760742,0,0.0,0.0
2011-04-20 00:00:00+08:00,24.779142379760742,24.779142379760742,24.779142379760742,24.779142379760742,0,0.0,0.0
2011-04-21 00:00:00+08:00,24.779142379760742,24.779142379760742,24.779142379760742,24.779142379760742,0,0.0,0.0
2011-04-22 00:00:00+08:00,24.779142379760742,24.779142379760742,24.779142379760742,24.779142379760742,0,0.0,0.0
2011-04-25 00:00:00+08:00,24.779142379760742,24.779142379760742,24.779142379760742,24.779142379760742,0,0.0,0.0
2011-04-26 00:00:00+08:00,24.779142379760742,24.779142379760742,24.779142379760742,24.779142379760742,0,0.0,0.0
2011-04-27 00:00:00+08:00,24.779142379760742,24.779142379760742,24.779142379760742,24.779142379760742,0,0.0,0.0
2011-04-28 00:00:00+08:00,24.779142379760742,24.779142379760742,24.779142379760742,24.779142379760742,0,0.0,0.0
2011-04-29 00:00:00+08:00,24.779142379760742,24.779142379760742,24.779142379760742,24.779142379760742,0,0.0,0.0
2011-05-03 00:00:00+08:00,24.779142379760742,24.779142379760742,24.779142379760742,24.779142379760742,0,0.0,0.0
2011-05-04 00:00:00+08:00,24.779142379760742,24.779142379760742,24.779142379760742,24.779142379760742,0,0.0,0.0
2011-05-05 00:00:00+08:00,24.779142379760742,24.779142379760742,24.779142379760742,24.779142379760742,0,0.0,0.0
2011-05-06 00:00:00+08:00,24.779142379760742,24.779142379760742,24.779142379760742,24.779142379760742,0,0.0,0.0
2011-05-09 00:00:00+08:00,24.779142379760742,24.779142379760742,24.779142379760742,24.779142379760742,0,0.0,0.0
2011-05-10 00:00:00+08:00,24.779142379760742,24.779142379760742,24.779142379760742,24.779142379760742,0,0.0,0.0
2011-05-11 00:00:00+08:00,24.779142379760742,24.779142379760742,24.779142379760742,24.779142379760742,0,0.0,0.0
2011-05-12 00:00:00+08:00,24.779142379760742,24.779142379760742,24.779142379760742,24.779142379760742,0,0.0,0.0
2011-05-13 00:00:00+08:00,24.779142379760742,24.779142379760742,24.779142379760742,24.779142379760742,0,0.0,0.0
2011-05-16 00:00:00+08:00,24.779142379760742,24.779142379760742,24.779142379760742,24.779142379760742,0,0.0,0.0
2011-05-17 00:00:00+08:00,24.779142379760742,24.779142379760742,24.779142379760742,24.779142379760742,0,0.0,0.0
2011-05-18 00:00:00+08:00,24.779142379760742,24.779142379760742,24.779142379760742,24.779142379760742,0,0.0,0.0
2011-05-19 00:00:00+08:00,24.779142379760742,24.779142379760742,24.779142379760742,24.779142379760742,0,0.0,0.0
2011-05-20 00:00:00+08:00,24.779142379760742,24.779142379760742,24.779142379760742,24.779142379760742,0,0.0,0.0
2011-05-23 00:00:00+08:00,24.779142379760742,24.779142379760742,24.779142379760742,24.779142379760742,0,0.0,0.0
2011-05-24 00:00:00+08:00,24.779142379760742,24.779142379760742,24.779142379760742,24.779142379760742,0,0.0,0.0
2011-05-25 00:00:00+08:00,24.779142379760742,24.779142379760742,24.779142379760742,24.779142379760742,0,0.0,0.0
2011-05-26 00:00:00+08:00,24.779142379760742,24.779142379760742,24.779142379760742,24.779142379760742,0,0.0,0.0
2011-05-27 00:00:00+08:00,24.779142379760742,24.779142379760742,24.779142379760742,24.779142379760742,0,0.0,0.0
2011-05-30 00:00:00+08:00,24.779142379760742,24.779142379760742,24.779142379760742,24.779142379760742,0,0.0,0.0
2011-05-31 00:00:00+08:00,24.779142379760742,24.779142379760742,24.779142379760742,24.779142379760742,0,0.0,0.0
2011-06-01 00:00:00+08:00,24.779142379760742,24.779142379760742,24.779142379760742,24.779142379760742,0,0.0,0.0
2011-06-02 00:00:00+08:00,24.779142379760742,24.779142379760742,24.779142379760742,24.779142379760742,0,0.0,0.0
2011-06-03 00:00:00+08:00,24.779142379760742,24.779142379760742,24.779142379760742,24.779142379760742,0,0.0,0.0
2011-06-07 00:00:00+08:00,24.779142379760742,24.779142379760742,24.779142379760742,24.779142379760742,0,0.0,0.0
2011-06-08 00:00:00+08:00,24.779142379760742,24.779142379760742,24.779142379760742,24.779142379760742,0,0.0,0.0
2011-06-09 00:00:00+08:00,24.779142379760742,24.779142379760742,24.779142379760742,24.779142379760742,0,0.0,0.0
2011-06-10 00:00:00+08:00,24.779142379760742,24.779142379760742,24.779142379760742,24.779142379760742,0,0.0,0.0
2011-06-13 00:00:00+08:00,24.779142379760742,24.779142379760742,24.779142379760742,24.779142379760742,0,0.0,0.0
2011-06-14 00:00:00+08:00,24.779142379760742,24.779142379760742,24.779142379760742,24.779142379760742,0,0.0,0.0
2011-06-15 00:00:00+08:00,24.779142379760742,24.779142379760742,24.779142379760742,24.779142379760742,0,0.0,0.0
2011-06-16 00:00:00+08:00,24.779142379760742,24.779142379760742,24.779142379760742,24.779142379760742,0,0.0,0.0
2011-06-17 00:00:00+08:00,24.779142379760742,24.779142379760742,24.779142379760742,24.779142379760742,0,0.0,0.0
2011-06-20 00:00:00+08:00,24.921554565429688,24.921554565429688,24.921554565429688,24.921554565429688,0,0.177377,0.0
2011-06-21 00:00:00+08:00,24.921554565429688,24.921554565429688,24.921554565429688,24.921554565429688,0,0.0,0.0
2011-06-22 00:00:00+08:00,24.921554565429688,24.921554565429688,24.921554565429688,24.921554565429688,0,0.0,0.0
2011-06-23 00:00:00+08:00,24.921554565429688,24.921554565429688,24.921554565429688,24.921554565429688,0,0.0,0.0
2011-06-24 00:00:00+08:00,24.921554565429688,24.921554565429688,24.921554565429688,24.921554565429688,0,0.0,0.0
2011-06-27 00:00:00+08:00,24.921554565429688,24.921554565429688,24.921554565429688,24.921554565429688,0,0.0,0.0
2011-06-28 00:00:00+08:00,24.921554565429688,24.921554565429688,24.921554565429688,24.921554565429688,0,0.0,0.0
2011-06-29 00:00:00+08:00,24.921554565429688,24.921554565429688,24.921554565429688,24.921554565429688,0,0.0,0.0
2011-06-30 00:00:00+08:00,24.921554565429688,24.921554565429688,24.921554565429688,24.921554565429688,0,0.0,0.0
2011-07-01 00:00:00+08:00,24.921554565429688,24.921554565429688,24.921554565429688,24.921554565429688,0,0.0,0.0
2011-07-04 00:00:00+08:00,24.921554565429688,24.921554565429688,24.921554565429688,24.921554565429688,0,0.0,0.0
2011-07-05 00:00:00+08:00,24.921554565429688,24.921554565429688,24.921554565429688,24.921554565429688,0,0.0,0.0
2011-07-06 00:00:00+08:00,24.921554565429688,24.921554565429688,24.921554565429688,24.921554565429688,0,0.0,0.0
2011-07-07 00:00:00+08:00,24.921554565429688,24.921554565429688,24.921554565429688,24.921554565429688,0,0.0,0.0
2011-07-08 00:00:00+08:00,24.921554565429688,24.921554565429688,24.921554565429688,24.921554565429688,0,0.0,0.0
2011-07-11 00:00:00+08:00,24.921554565429688,24.921554565429688,24.921554565429688,24.921554565429688,0,0.0,0.0
2011-07-12 00:00:00+08:00,24.921554565429688,24.921554565429688,24.921554565429688,24.921554565429688,0,0.0,0.0
2011-07-13 00:00:00+08:00,24.921554565429688,24.921554565429688,24.921554565429688,24.921554565429688,0,0.0,0.0
2011-07-14 00:00:00+08:00,24.921554565429688,24.921554565429688,24.921554565429688,24.921554565429688,0,0.0,0.0
2011-07-15 00:00:00+08:00,24.921554565429688,24.921554565429688,24.921554565429688,24.921554565429688,0,0.0,0.0
2011-07-18 00:00:00+08:00,24.921554565429688,24.921554565429688,24.921554565429688,24.921554565429688,0,0.0,0.0
2011-07-19 00:00:00+08:00,24.921554565429688,24.921554565429688,24.921554565429688,24.921554565429688,0,0.0,0.0
2011-07-20 00:00:00+08:00,24.921554565429688,24.921554565429688,24.921554565429688,24.921554565429688,0,0.0,0.0
2011-07-21 00:00:00+08:00,24.921554565429688,24.921554565429688,24.921554565429688,24.921554565429688,0,0.0,0.0
2011-07-22 00:00:00+08:00,24.921554565429688,24.921554565429688,24.921554565429688,24.921554565429688,0,0.0,0.0
2011-07-25 00:00:00+08:00,24.921554565429688,24.921554565429688,24.921554565429688,24.921554565429688,0,0.0,0.0
2011-07-26 00:00:00+08:00,24.921554565429688,24.921554565429688,24.921554565429688,24.921554565429688,0,0.0,0.0
2011-07-27 00:00:00+08:00,24.921554565429688,24.921554565429688,24.921554565429688,24.921554565429688,0,0.0,0.0
2011-07-28 00:00:00+08:00,24.921554565429688,24.921554565429688,24.921554565429688,24.921554565429688,0,0.0,0.0
2011-07-29 00:00:00+08:00,24.921554565429688,24.921554565429688,24.921554565429688,24.921554565429688,0,0.0,0.0
2011-08-01 00:00:00+08:00,24.921554565429688,24.921554565429688,24.921554565429688,24.921554565429688,0,0.0,0.0
2011-08-02 00:00:00+08:00,24.921554565429688,24.921554565429688,24.921554565429688,24.921554565429688,0,0.0,0.0
2011-08-03 00:00:00+08:00,24.921554565429688,24.921554565429688,24.921554565429688,24.921554565429688,0,0.0,0.0
2011-08-04 00:00:00+08:00,24.921554565429688,24.921554565429688,24.921554565429688,24.921554565429688,0,0.0,0.0
2011-08-05 00:00:00+08:00,24.921554565429688,24.921554565429688,24.921554565429688,24.921554565429688,0,0.0,0.0
2011-08-08 00:00:00+08:00,24.921554565429688,24.921554565429688,24.921554565429688,24.921554565429688,0,0.0,0.0
2011-08-09 00:00:00+08:00,24.921554565429688,24.921554565429688,24.921554565429688,24.921554565429688,0,0.0,0.0
2011-08-10 00:00:00+08:00,24.921554565429688,24.921554565429688,24.921554565429688,24.921554565429688,0,0.0,0.0
2011-08-11 00:00:00+08:00,24.921554565429688,24.921554565429688,24.921554565429688,24.921554565429688,0,0.0,0.0
2011-08-12 00:00:00+08:00,24.921554565429688,24.921554565429688,24.921554565429688,24.921554565429688,0,0.0,0.0
2011-08-15 00:00:00+08:00,24.921554565429688,24.921554565429688,24.921554565429688,24.921554565429688,0,0.0,0.0
2011-08-16 00:00:00+08:00,24.921554565429688,24.921554565429688,24.921554565429688,24.921554565429688,0,0.0,0.0
2011-08-17 00:00:00+08:00,24.921554565429688,24.921554565429688,24.921554565429688,24.921554565429688,0,0.0,0.0
2011-08-18 00:00:00+08:00,24.921554565429688,24.921554565429688,24.921554565429688,24.921554565429688,0,0.0,0.0
2011-08-19 00:00:00+08:00,24.921554565429688,24.921554565429688,24.921554565429688,24.921554565429688,0,0.0,0.0
2011-08-22 00:00:00+08:00,24.921554565429688,24.921554565429688,24.921554565429688,24.921554565429688,0,0.0,0.0
2011-08-23 00:00:00+08:00,24.921554565429688,24.921554565429688,24.921554565429688,24.921554565429688,0,0.0,0.0
2011-08-24 00:00:00+08:00,24.921554565429688,24.921554565429688,24.921554565429688,24.921554565429688,0,0.0,0.0
2011-08-25 00:00:00+08:00,24.921554565429688,24.921554565429688,24.921554565429688,24.921554565429688,0,0.0,0.0
2011-08-26 00:00:00+08:00,24.921554565429688,24.921554565429688,24.921554565429688,24.921554565429688,0,0.0,0.0
2011-08-29 00:00:00+08:00,24.921554565429688,24.921554565429688,24.921554565429688,24.921554565429688,0,0.0,0.0
2011-08-30 00:00:00+08:00,24.921554565429688,24.921554565429688,24.921554565429688,24.921554565429688,0,0.0,0.0
2011-08-31 00:00:00+08:00,24.921554565429688,24.921554565429688,24.921554565429688,24.921554565429688,0,0.0,0.0
2011-09-01 00:00:00+08:00,24.921554565429688,24.921554565429688,24.921554565429688,24.921554565429688,0,0.0,0.0
2011-09-02 00:00:00+08:00,24.921554565429688,24.921554565429688,24.921554565429688,24.921554565429688,0,0.0,0.0
2011-09-05 00:00:00+08:00,24.921554565429688,24.921554565429688,24.921554565429688,24.921554565429688,0,0.0,0.0
2011-09-06 00:00:00+08:00,24.921554565429688,24.921554565429688,24.921554565429688,24.921554565429688,0,0.0,0.0
2011-09-07 00:00:00+08:00,24.921554565429688,24.921554565429688,24.921554565429688,24.921554565429688,0,0.0,0.0
2011-09-08 00:00:00+08:00,24.921554565429688,24.921554565429688,24.921554565429688,24.921554565429688,0,0.0,0.0
2011-09-09 00:00:00+08:00,24.921554565429688,24.921554565429688,24.921554565429688,24.921554565429688,0,0.0,0.0
2011-09-13 00:00:00+08:00,24.921554565429688,24.921554565429688,24.921554565429688,24.921554565429688,0,0.0,0.0
2011-09-14 00:00:00+08:00,24.921554565429688,24.921554565429688,24.921554565429688,24.921554565429688,0,0.0,0.0
2011-09-15 00:00:00+08:00,24.921554565429688,24.921554565429688,24.921554565429688,24.921554565429688,0,0.0,0.0
2011-09-16 00:00:00+08:00,24.921554565429688,24.921554565429688,24.921554565429688,24.921554565429688,0,0.0,0.0
2011-09-19 00:00:00+08:00,24.921554565429688,24.921554565429688,24.921554565429688,24.921554565429688,0,0.0,0.0
2011-09-20 00:00:00+08:00,24.921554565429688,24.921554565429688,24.921554565429688,24.921554565429688,0,0.0,0.0
2011-09-21 00:00:00+08:00,24.921554565429688,24.921554565429688,24.921554565429688,24.921554565429688,0,0.0,0.0
2011-09-22 00:00:00+08:00,24.921554565429688,24.921554565429688,24.921554565429688,24.921554565429688,0,0.0,0.0
2011-09-23 00:00:00+08:00,24.921554565429688,24.921554565429688,24.921554565429688,24.921554565429688,0,0.0,0.0
2011-09-26 00:00:00+08:00,24.921554565429688,24.921554565429688,24.921554565429688,24.921554565429688,0,0.0,0.0
2011-09-27 00:00:00+08:00,24.921554565429688,24.921554565429688,24.921554565429688,24.921554565429688,0,0.0,0.0
2011-09-28 00:00:00+08:00,24.921554565429688,24.921554565429688,24.921554565429688,24.921554565429688,0,0.0,0.0
2011-09-29 00:00:00+08:00,24.921554565429688,24.921554565429688,24.921554565429688,24.921554565429688,0,0.0,0.0
2011-09-30 00:00:00+08:00,24.921554565429688,24.921554565429688,24.921554565429688,24.921554565429688,0,0.0,0.0
2011-10-03 00:00:00+08:00,24.921554565429688,24.921554565429688,24.921554565429688,24.921554565429688,0,0.0,0.0
2011-10-04 00:00:00+08:00,24.921554565429688,24.921554565429688,24.921554565429688,24.921554565429688,0,0.0,0.0
2011-10-05 00:00:00+08:00,24.921554565429688,24.921554565429688,24.921554565429688,24.921554565429688,0,0.0,0.0
2011-10-06 00:00:00+08:00,24.921554565429688,24.921554565429688,24.921554565429688,24.921554565429688,0,0.0,0.0
2011-10-07 00:00:00+08:00,24.921554565429688,24.921554565429688,24.921554565429688,24.921554565429688,0,0.0,0.0
2011-10-11 00:00:00+08:00,24.921554565429688,24.921554565429688,24.921554565429688,24.921554565429688,0,0.0,0.0
2011-10-12 00:00:00+08:00,24.921554565429688,24.921554565429688,24.921554565429688,24.921554565429688,0,0.0,0.0
2011-10-13 00:00:00+08:00,24.921554565429688,24.921554565429688,24.921554565429688,24.921554565429688,0,0.0,0.0
2011-10-14 00:00:00+08:00,24.921554565429688,24.921554565429688,24.921554565429688,24.921554565429688,0,0.0,0.0
2011-10-17 00:00:00+08:00,24.921554565429688,24.921554565429688,24.921554565429688,24.921554565429688,0,0.0,0.0
2011-10-18 00:00:00+08:00,24.921554565429688,24.921554565429688,24.921554565429688,24.921554565429688,0,0.0,0.0
2011-10-19 00:00:00+08:00,24.921554565429688,24.921554565429688,24.921554565429688,24.921554565429688,0,0.0,0.0
2011-10-20 00:00:00+08:00,24.921554565429688,24.921554565429688,24.921554565429688,24.921554565429688,0,0.0,0.0
2011-10-21 00:00:00+08:00,24.921554565429688,24.921554565429688,24.921554565429688,24.921554565429688,0,0.0,0.0
2011-10-24 00:00:00+08:00,24.921554565429688,24.921554565429688,24.921554565429688,24.921554565429688,0,0.0,0.0
2011-10-25 00:00:00+08:00,24.921554565429688,24.921554565429688,24.921554565429688,24.921554565429688,0,0.0,0.0
2011-10-26 00:00:00+08:00,24.921554565429688,24.921554565429688,24.921554565429688,24.921554565429688,0,0.0,0.0
2011-10-27 00:00:00+08:00,24.921554565429688,24.921554565429688,24.921554565429688,24.921554565429688,0,0.0,0.0
2011-10-28 00:00:00+08:00,24.921554565429688,24.921554565429688,24.921554565429688,24.921554565429688,0,0.0,0.0
2011-10-31 00:00:00+08:00,24.921554565429688,24.921554565429688,24.921554565429688,24.921554565429688,0,0.0,0.0
2011-11-01 00:00:00+08:00,24.921554565429688,24.921554565429688,24.921554565429688,24.921554565429688,0,0.0,0.0
2011-11-02 00:00:00+08:00,24.921554565429688,24.921554565429688,24.921554565429688,24.921554565429688,0,0.0,0.0
2011-11-03 00:00:00+08:00,24.921554565429688,24.921554565429688,24.921554565429688,24.921554565429688,0,0.0,0.0
2011-11-04 00:00:00+08:00,24.921554565429688,24.921554565429688,24.921554565429688,24.921554565429688,0,0.0,0.0
2011-11-07 00:00:00+08:00,24.921554565429688,24.921554565429688,24.921554565429688,24.921554565429688,0,0.0,0.0
2011-11-08 00:00:00+08:00,24.921554565429688,24.921554565429688,24.921554565429688,24.921554565429688,0,0.0,0.0
2011-11-09 00:00:00+08:00,24.921554565429688,24.921554565429688,24.921554565429688,24.921554565429688,0,0.0,0.0
2011-11-10 00:00:00+08:00,24.921554565429688,24.921554565429688,24.921554565429688,24.921554565429688,0,0.0,0.0
2011-11-11 00:00:00+08:00,24.921554565429688,24.921554565429688,24.921554565429688,24.921554565429688,0,0.0,0.0
2011-11-14 00:00:00+08:00,24.921554565429688,24.921554565429688,24.921554565429688,24.921554565429688,0,0.0,0.0
2011-11-15 00:00:00+08:00,24.921554565429688,24.921554565429688,24.921554565429688,24.921554565429688,0,0.0,0.0
2011-11-16 00:00:00+08:00,24.921554565429688,24.921554565429688,24.921554565429688,24.921554565429688,0,0.0,0.0
2011-11-17 00:00:00+08:00,23.24825096130371,23.24825096130371,23.24825096130371,23.24825096130371,0,0.0,0.0
2011-11-18 00:00:00+08:00,23.24825096130371,23.24825096130371,23.24825096130371,23.24825096130371,0,0.0,0.0
2011-11-21 00:00:00+08:00,23.24825096130371,23.24825096130371,23.24825096130371,23.24825096130371,0,0.0,0.0
2011-11-22 00:00:00+08:00,23.24825096130371,23.24825096130371,23.24825096130371,23.24825096130371,0,0.0,0.0
2011-11-23 00:00:00+08:00,23.24825096130371,23.24825096130371,23.24825096130371,23.24825096130371,0,0.0,0.0
2011-11-24 00:00:00+08:00,23.24825096130371,23.24825096130371,23.24825096130371,23.24825096130371,0,0.0,0.0
2011-11-25 00:00:00+08:00,23.24825096130371,23.24825096130371,23.24825096130371,23.24825096130371,0,0.0,0.0
2011-11-28 00:00:00+08:00,23.24825096130371,23.24825096130371,23.24825096130371,23.24825096130371,0,0.0,0.0
2011-11-29 00:00:00+08:00,23.24825096130371,23.24825096130371,23.24825096130371,23.24825096130371,0,0.0,0.0
2011-11-30 00:00:00+08:00,23.24825096130371,23.24825096130371,23.24825096130371,23.24825096130371,0,0.0,0.0
2011-12-01 00:00:00+08:00,23.24825096130371,23.24825096130371,23.24825096130371,23.24825096130371,0,0.0,0.0
2011-12-02 00:00:00+08:00,23.24825096130371,23.24825096130371,23.24825096130371,23.24825096130371,0,0.0,0.0
2011-12-05 00:00:00+08:00,23.24825096130371,23.24825096130371,23.24825096130371,23.24825096130371,0,0.0,0.0
2011-12-06 00:00:00+08:00,23.24825096130371,23.24825096130371,23.24825096130371,23.24825096130371,0,0.0,0.0
2011-12-07 00:00:00+08:00,23.24825096130371,23.24825096130371,23.24825096130371,23.24825096130371,0,0.0,0.0
2011-12-08 00:00:00+08:00,23.24825096130371,23.24825096130371,23.24825096130371,23.24825096130371,0,0.0,0.0
2011-12-09 00:00:00+08:00,23.24825096130371,23.24825096130371,23.24825096130371,23.24825096130371,0,0.0,0.0
2011-12-12 00:00:00+08:00,23.24825096130371,23.24825096130371,23.24825096130371,23.24825096130371,0,0.0,0.0
2011-12-13 00:00:00+08:00,23.24825096130371,23.24825096130371,23.24825096130371,23.24825096130371,0,0.0,0.0
2011-12-14 00:00:00+08:00,23.24825096130371,23.24825096130371,23.24825096130371,23.24825096130371,0,0.0,0.0
2011-12-15 00:00:00+08:00,23.24825096130371,23.24825096130371,23.24825096130371,23.24825096130371,0,0.0,0.0
2011-12-16 00:00:00+08:00,23.24825096130371,23.24825096130371,23.24825096130371,23.24825096130371,0,0.0,0.0
2011-12-19 00:00:00+08:00,23.24825096130371,23.24825096130371,23.24825096130371,23.24825096130371,0,0.0,0.0
2011-12-20 00:00:00+08:00,23.24825096130371,23.24825096130371,23.24825096130371,23.24825096130371,0,0.0,0.0
2011-12-21 00:00:00+08:00,23.24825096130371,23.24825096130371,23.24825096130371,23.24825096130371,0,0.0,0.0
2011-12-22 00:00:00+08:00,23.24825096130371,23.24825096130371,23.24825096130371,23.24825096130371,0,0.0,0.0
2011-12-23 00:00:00+08:00,23.24825096130371,23.24825096130371,23.24825096130371,23.24825096130371,0,0.0,0.0
2011-12-26 00:00:00+08:00,23.24825096130371,23.24825096130371,23.24825096130371,23.24825096130371,0,0.0,0.0
2011-12-27 00:00:00+08:00,23.24825096130371,23.24825096130371,23.24825096130371,23.24825096130371,0,0.0,0.0
2011-12-28 00:00:00+08:00,23.24825096130371,23.24825096130371,23.24825096130371,23.24825096130371,0,0.0,0.0
2011-12-29 00:00:00+08:00,23.24825096130371,23.24825096130371,23.24825096130371,23.24825096130371,0,0.0,0.0
2011-12-30 00:00:00+08:00,23.24825096130371,23.24825096130371,23.24825096130371,23.24825096130371,0,0.0,0.0
2012-01-02 00:00:00+08:00,23.24825096130371,23.24825096130371,23.24825096130371,23.24825096130371,0,0.0,0.0
2012-01-03 00:00:00+08:00,23.24825096130371,23.24825096130371,23.24825096130371,23.24825096130371,0,0.0,0.0
2012-01-04 00:00:00+08:00,23.24825096130371,23.24825096130371,23.24825096130371,23.24825096130371,0,0.0,0.0
2012-01-05 00:00:00+08:00,23.24825096130371,23.24825096130371,23.24825096130371,23.24825096130371,0,0.0,0.0
2012-01-06 00:00:00+08:00,23.24825096130371,23.24825096130371,23.24825096130371,23.24825096130371,0,0.0,0.0
2012-01-09 00:00:00+08:00,23.24825096130371,23.24825096130371,23.24825096130371,23.24825096130371,0,0.0,0.0
2012-01-10 00:00:00+08:00,23.24825096130371,23.24825096130371,23.24825096130371,23.24825096130371,0,0.0,0.0
2012-01-11 00:00:00+08:00,23.24825096130371,23.24825096130371,23.24825096130371,23.24825096130371,0,0.0,0.0
2012-01-12 00:00:00+08:00,23.24825096130371,23.24825096130371,23.24825096130371,23.24825096130371,0,0.0,0.0
2012-01-13 00:00:00+08:00,23.24825096130371,23.24825096130371,23.24825096130371,23.24825096130371,0,0.0,0.0
2012-01-16 00:00:00+08:00,23.24825096130371,23.24825096130371,23.24825096130371,23.24825096130371,0,0.0,0.0
2012-01-17 00:00:00+08:00,23.24825096130371,23.24825096130371,23.24825096130371,23.24825096130371,0,0.0,0.0
2012-01-18 00:00:00+08:00,23.24825096130371,23.24825096130371,23.24825096130371,23.24825096130371,0,0.0,0.0
2012-01-30 00:00:00+08:00,23.24825096130371,23.24825096130371,23.24825096130371,23.24825096130371,0,0.0,0.0
2012-01-31 00:00:00+08:00,23.24825096130371,23.24825096130371,23.24825096130371,23.24825096130371,0,0.0,0.0
2012-02-01 00:00:00+08:00,23.24825096130371,23.24825096130371,23.24825096130371,23.24825096130371,0,0.0,0.0
2012-02-02 00:00:00+08:00,23.24825096130371,23.24825096130371,23.24825096130371,23.24825096130371,0,0.0,0.0
2012-02-03 00:00:00+08:00,23.24825096130371,23.24825096130371,23.24825096130371,23.24825096130371,0,0.0,0.0
2012-02-06 00:00:00+08:00,23.24825096130371,23.24825096130371,23.24825096130371,23.24825096130371,0,0.0,0.0
2012-02-07 00:00:00+08:00,23.24825096130371,23.24825096130371,23.24825096130371,23.24825096130371,0,0.0,0.0
2012-02-08 00:00:00+08:00,23.24825096130371,23.24825096130371,23.24825096130371,23.24825096130371,0,0.0,0.0
2012-02-09 00:00:00+08:00,23.24825096130371,23.24825096130371,23.24825096130371,23.24825096130371,0,0.0,0.0
2012-02-10 00:00:00+08:00,23.24825096130371,23.24825096130371,23.24825096130371,23.24825096130371,0,0.0,0.0
2012-02-13 00:00:00+08:00,23.24825096130371,23.24825096130371,23.24825096130371,23.24825096130371,0,0.0,0.0
2012-02-14 00:00:00+08:00,23.24825096130371,23.24825096130371,23.24825096130371,23.24825096130371,0,0.0,0.0
2012-02-15 00:00:00+08:00,23.24825096130371,23.24825096130371,23.24825096130371,23.24825096130371,0,0.0,0.0
2012-02-16 00:00:00+08:00,23.24825096130371,23.24825096130371,23.24825096130371,23.24825096130371,0,0.0,0.0
2012-02-17 00:00:00+08:00,23.24825096130371,23.24825096130371,23.24825096130371,23.24825096130371,0,0.0,0.0
2012-02-20 00:00:00+08:00,23.24825096130371,23.24825096130371,23.24825096130371,23.24825096130371,0,0.0,0.0
2012-02-21 00:00:00+08:00,23.24825096130371,23.24825096130371,23.24825096130371,23.24825096130371,0,0.0,0.0
2012-02-22 00:00:00+08:00,23.24825096130371,23.24825096130371,23.24825096130371,23.24825096130371,0,0.0,0.0
2012-02-23 00:00:00+08:00,23.24825096130371,23.24825096130371,23.24825096130371,23.24825096130371,0,0.0,0.0
2012-02-24 00:00:00+08:00,23.24825096130371,23.24825096130371,23.24825096130371,23.24825096130371,0,0.0,0.0
2012-02-29 00:00:00+08:00,23.24825096130371,23.24825096130371,23.24825096130371,23.24825096130371,0,0.0,0.0
2012-03-01 00:00:00+08:00,23.24825096130371,23.24825096130371,23.24825096130371,23.24825096130371,0,0.0,0.0
2012-03-02 00:00:00+08:00,23.24825096130371,23.24825096130371,23.24825096130371,23.24825096130371,0,0.0,0.0
2012-03-05 00:00:00+08:00,23.24825096130371,23.24825096130371,23.24825096130371,23.24825096130371,0,0.0,0.0
2012-03-06 00:00:00+08:00,23.24825096130371,23.24825096130371,23.24825096130371,23.24825096130371,0,0.0,0.0
2012-03-07 00:00:00+08:00,23.24825096130371,23.24825096130371,23.24825096130371,23.24825096130371,0,0.0,0.0
2012-03-08 00:00:00+08:00,23.24825096130371,23.24825096130371,23.24825096130371,23.24825096130371,0,0.0,0.0
2012-03-09 00:00:00+08:00,23.24825096130371,23.24825096130371,23.24825096130371,23.24825096130371,0,0.0,0.0
2012-03-12 00:00:00+08:00,23.24825096130371,23.24825096130371,23.24825096130371,23.24825096130371,0,0.0,0.0
2012-03-13 00:00:00+08:00,23.24825096130371,23.24825096130371,23.24825096130371,23.24825096130371,0,0.0,0.0
2012-03-14 00:00:00+08:00,23.24825096130371,23.24825096130371,23.24825096130371,23.24825096130371,0,0.0,0.0
2012-03-15 00:00:00+08:00,23.24825096130371,23.24825096130371,23.24825096130371,23.24825096130371,0,0.0,0.0
2012-03-16 00:00:00+08:00,23.24825096130371,23.24825096130371,23.24825096130371,23.24825096130371,0,0.0,0.0
2012-03-19 00:00:00+08:00,23.24825096130371,23.24825096130371,23.24825096130371,23.24825096130371,0,0.0,0.0
2012-03-20 00:00:00+08:00,23.24825096130371,23.24825096130371,23.24825096130371,23.24825096130371,0,0.0,0.0
2012-03-21 00:00:00+08:00,23.24825096130371,23.24825096130371,23.24825096130371,23.24825096130371,0,0.0,0.0
2012-03-22 00:00:00+08:00,23.24825096130371,23.24825096130371,23.24825096130371,23.24825096130371,0,0.0,0.0
2012-03-23 00:00:00+08:00,23.24825096130371,23.24825096130371,23.24825096130371,23.24825096130371,0,0.0,0.0
2012-03-26 00:00:00+08:00,23.24825096130371,23.24825096130371,23.24825096130371,23.24825096130371,0,0.0,0.0
2012-03-27 00:00:00+08:00,23.24825096130371,23.24825096130371,23.24825096130371,23.24825096130371,0,0.0,0.0
2012-03-28 00:00:00+08:00,23.24825096130371,23.24825096130371,23.24825096130371,23.24825096130371,0,0.0,0.0
2012-03-29 00:00:00+08:00,23.24825096130371,23.24825096130371,23.24825096130371,23.24825096130371,0,0.0,0.0
2012-03-30 00:00:00+08:00,23.24825096130371,23.24825096130371,23.24825096130371,23.24825096130371,0,0.0,0.0
2012-04-02 00:00:00+08:00,23.24825096130371,23.24825096130371,23.24825096130371,23.24825096130371,0,0.0,0.0
2012-04-03 00:00:00+08:00,23.24825096130371,23.24825096130371,23.24825096130371,23.24825096130371,0,0.0,0.0
2012-04-05 00:00:00+08:00,23.24825096130371,23.24825096130371,23.24825096130371,23.24825096130371,0,0.0,0.0
2012-04-06 00:00:00+08:00,23.24825096130371,23.24825096130371,23.24825096130371,23.24825096130371,0,0.0,0.0
2012-04-09 00:00:00+08:00,23.24825096130371,23.24825096130371,23.24825096130371,23.24825096130371,0,0.0,0.0
2012-04-10 00:00:00+08:00,23.24825096130371,23.24825096130371,23.24825096130371,23.24825096130371,0,0.0,0.0
2012-04-11 00:00:00+08:00,23.24825096130371,23.24825096130371,23.24825096130371,23.24825096130371,0,0.0,0.0
2012-04-12 00:00:00+08:00,23.24825096130371,23.24825096130371,23.24825096130371,23.24825096130371,0,0.0,0.0
2012-04-13 00:00:00+08:00,23.24825096130371,23.24825096130371,23.24825096130371,23.24825096130371,0,0.0,0.0
2012-04-16 00:00:00+08:00,23.24825096130371,23.24825096130371,23.24825096130371,23.24825096130371,0,0.0,0.0
2012-04-17 00:00:00+08:00,23.24825096130371,23.24825096130371,23.24825096130371,23.24825096130371,0,0.0,0.0
2012-04-18 00:00:00+08:00,23.24825096130371,23.24825096130371,23.24825096130371,23.24825096130371,0,0.0,0.0
2012-04-19 00:00:00+08:00,23.24825096130371,23.24825096130371,23.24825096130371,23.24825096130371,0,0.0,0.0
2012-04-20 00:00:00+08:00,23.24825096130371,23.24825096130371,23.24825096130371,23.24825096130371,0,0.0,0.0
2012-04-23 00:00:00+08:00,23.24825096130371,23.24825096130371,23.24825096130371,23.24825096130371,0,0.0,0.0
2012-04-24 00:00:00+08:00,23.24825096130371,23.24825096130371,23.24825096130371,23.24825096130371,0,0.0,0.0
2012-04-25 00:00:00+08:00,23.24825096130371,23.24825096130371,23.24825096130371,23.24825096130371,0,0.0,0.0
2012-04-26 00:00:00+08:00,23.24825096130371,23.24825096130371,23.24825096130371,23.24825096130371,0,0.0,0.0
2012-04-27 00:00:00+08:00,23.24825096130371,23.24825096130371,23.24825096130371,23.24825096130371,0,0.0,0.0
2012-04-30 00:00:00+08:00,23.24825096130371,23.24825096130371,23.24825096130371,23.24825096130371,0,0.0,0.0
2012-05-02 00:00:00+08:00,23.24825096130371,23.24825096130371,23.24825096130371,23.24825096130371,0,0.0,0.0
2012-05-03 00:00:00+08:00,23.24825096130371,23.24825096130371,23.24825096130371,23.24825096130371,0,0.0,0.0
2012-05-04 00:00:00+08:00,23.24825096130371,23.24825096130371,23.24825096130371,23.24825096130371,0,0.0,0.0
2012-05-07 00:00:00+08:00,23.24825096130371,23.24825096130371,23.24825096130371,23.24825096130371,0,0.0,0.0
2012-05-08 00:00:00+08:00,23.24825096130371,23.24825096130371,23.24825096130371,23.24825096130371,0,0.0,0.0
2012-05-09 00:00:00+08:00,23.24825096130371,23.24825096130371,23.24825096130371,23.24825096130371,0,0.0,0.0
2012-05-10 00:00:00+08:00,23.24825096130371,23.24825096130371,23.24825096130371,23.24825096130371,0,0.0,0.0
2012-05-11 00:00:00+08:00,23.24825096130371,23.24825096130371,23.24825096130371,23.24825096130371,0,0.0,0.0
2012-05-14 00:00:00+08:00,23.24825096130371,23.24825096130371,23.24825096130371,23.24825096130371,0,0.0,0.0
2012-05-15 00:00:00+08:00,23.24825096130371,23.24825096130371,23.24825096130371,23.24825096130371,0,0.0,0.0
2012-05-16 00:00:00+08:00,23.24825096130371,23.24825096130371,23.24825096130371,23.24825096130371,0,0.0,0.0
2012-05-17 00:00:00+08:00,23.24825096130371,23.24825096130371,23.24825096130371,23.24825096130371,0,0.0,0.0
2012-05-18 00:00:00+08:00,23.24825096130371,23.24825096130371,23.24825096130371,23.24825096130371,0,0.0,0.0
2012-05-21 00:00:00+08:00,23.24825096130371,23.24825096130371,23.24825096130371,23.24825096130371,0,0.0,0.0
2012-05-22 00:00:00+08:00,23.24825096130371,23.24825096130371,23.24825096130371,23.24825096130371,0,0.0,0.0
2012-05-23 00:00:00+08:00,23.24825096130371,23.24825096130371,23.24825096130371,23.24825096130371,0,0.0,0.0
2012-05-24 00:00:00+08:00,23.24825096130371,23.24825096130371,23.24825096130371,23.24825096130371,0,0.0,0.0
2012-05-25 00:00:00+08:00,23.24825096130371,23.24825096130371,23.24825096130371,23.24825096130371,0,0.0,0.0
2012-05-28 00:00:00+08:00,23.24825096130371,23.24825096130371,23.24825096130371,23.24825096130371,0,0.0,0.0
2012-05-29 00:00:00+08:00,23.24825096130371,23.24825096130371,23.24825096130371,23.24825096130371,0,0.0,0.0
2012-05-30 00:00:00+08:00,23.24825096130371,23.24825096130371,23.24825096130371,23.24825096130371,0,0.0,0.0
2012-05-31 00:00:00+08:00,23.24825096130371,23.24825096130371,23.24825096130371,23.24825096130371,0,0.0,0.0
2012-06-01 00:00:00+08:00,23.24825096130371,23.24825096130371,23.24825096130371,23.24825096130371,0,0.0,0.0
2012-06-04 00:00:00+08:00,23.24825096130371,23.24825096130371,23.24825096130371,23.24825096130371,0,0.0,0.0
2012-06-05 00:00:00+08:00,23.24825096130371,23.24825096130371,23.24825096130371,23.24825096130371,0,0.0,0.0
2012-06-06 00:00:00+08:00,23.24825096130371,23.24825096130371,23.24825096130371,23.24825096130371,0,0.0,0.0
2012-06-07 00:00:00+08:00,23.24825096130371,23.24825096130371,23.24825096130371,23.24825096130371,0,0.0,0.0
2012-06-08 00:00:00+08:00,23.24825096130371,23.24825096130371,23.24825096130371,23.24825096130371,0,0.0,0.0
2012-06-11 00:00:00+08:00,23.24825096130371,23.24825096130371,23.24825096130371,23.24825096130371,0,0.0,0.0
2012-06-12 00:00:00+08:00,23.24825096130371,23.24825096130371,23.24825096130371,23.24825096130371,0,0.0,0.0
2012-06-13 00:00:00+08:00,23.24825096130371,23.24825096130371,23.24825096130371,23.24825096130371,0,0.0,0.0
2012-06-14 00:00:00+08:00,23.24825096130371,23.24825096130371,23.24825096130371,23.24825096130371,0,0.0,0.0
2012-06-15 00:00:00+08:00,23.24825096130371,23.24825096130371,23.24825096130371,23.24825096130371,0,0.0,0.0
2012-06-18 00:00:00+08:00,23.24825096130371,23.24825096130371,23.24825096130371,23.24825096130371,0,0.0,0.0
2012-06-19 00:00:00+08:00,23.24825096130371,23.24825096130371,23.24825096130371,23.24825096130371,0,0.0,0.0
2012-06-20 00:00:00+08:00,10.441702842712402,10.441702842712402,10.441702842712402,10.441702842712402,0,0.62082,0.0
2012-06-21 00:00:00+08:00,10.441702842712402,10.441702842712402,10.441702842712402,10.441702842712402,0,0.0,0.0
2012-06-22 00:00:00+08:00,10.441702842712402,10.441702842712402,10.441702842712402,10.441702842712402,0,0.0,0.0
2012-06-25 00:00:00+08:00,10.441702842712402,10.441702842712402,10.441702842712402,10.441702842712402,0,0.0,0.0
2012-06-26 00:00:00+08:00,10.441702842712402,10.441702842712402,10.441702842712402,10.441702842712402,0,0.0,0.0
2012-06-27 00:00:00+08:00,10.441702842712402,10.441702842712402,10.441702842712402,10.441702842712402,0,0.0,0.0
2012-06-28 00:00:00+08:00,10.441702842712402,10.441702842712402,10.441702842712402,10.441702842712402,0,0.0,0.0
2012-06-29 00:00:00+08:00,10.441702842712402,10.441702842712402,10.441702842712402,10.441702842712402,0,0.0,0.0
2012-07-02 00:00:00+08:00,10.441702842712402,10.441702842712402,10.441702842712402,10.441702842712402,0,0.0,0.0
2012-07-03 00:00:00+08:00,10.441702842712402,10.441702842712402,10.441702842712402,10.441702842712402,0,0.0,0.0
2012-07-04 00:00:00+08:00,10.441702842712402,10.441702842712402,10.441702842712402,10.441702842712402,0,0.0,0.0
2012-07-05 00:00:00+08:00,10.441702842712402,10.441702842712402,10.441702842712402,10.441702842712402,0,0.0,0.0
2012-07-06 00:00:00+08:00,10.441702842712402,10.441702842712402,10.441702842712402,10.441702842712402,0,0.0,0.0
2012-07-09 00:00:00+08:00,10.441702842712402,10.441702842712402,10.441702842712402,10.441702842712402,0,0.0,0.0
2012-07-10 00:00:00+08:00,10.441702842712402,10.441702842712402,10.441702842712402,10.441702842712402,0,0.0,0.0
2012-07-11 00:00:00+08:00,10.441702842712402,10.441702842712402,10.441702842712402,10.441702842712402,0,0.0,0.0
2012-07-12 00:00:00+08:00,10.441702842712402,10.441702842712402,10.441702842712402,10.441702842712402,0,0.0,0.0
2012-07-13 00:00:00+08:00,10.441702842712402,10.441702842712402,10.441702842712402,10.441702842712402,0,0.0,0.0
2012-07-16 00:00:00+08:00,10.441702842712402,10.441702842712402,10.441702842712402,10.441702842712402,0,0.0,0.0
2012-07-17 00:00:00+08:00,10.441702842712402,10.441702842712402,10.441702842712402,10.441702842712402,0,0.0,0.0
2012-07-18 00:00:00+08:00,10.441702842712402,10.441702842712402,10.441702842712402,10.441702842712402,0,0.0,0.0
2012-07-19 00:00:00+08:00,10.441702842712402,10.441702842712402,10.441702842712402,10.441702842712402,0,0.0,0.0
2012-07-20 00:00:00+08:00,10.441702842712402,10.441702842712402,10.441702842712402,10.441702842712402,0,0.0,0.0
2012-07-23 00:00:00+08:00,10.441702842712402,10.441702842712402,10.441702842712402,10.441702842712402,0,0.0,0.0
2012-07-24 00:00:00+08:00,10.441702842712402,10.441702842712402,10.441702842712402,10.441702842712402,0,0.0,0.0
2012-07-25 00:00:00+08:00,10.441702842712402,10.441702842712402,10.441702842712402,10.441702842712402,0,0.0,0.0
2012-07-26 00:00:00+08:00,10.441702842712402,10.441702842712402,10.441702842712402,10.441702842712402,0,0.0,0.0
2012-07-27 00:00:00+08:00,10.441702842712402,10.441702842712402,10.441702842712402,10.441702842712402,0,0.0,0.0
2012-07-30 00:00:00+08:00,10.441702842712402,10.441702842712402,10.441702842712402,10.441702842712402,0,0.0,0.0
2012-07-31 00:00:00+08:00,10.441702842712402,10.441702842712402,10.441702842712402,10.441702842712402,0,0.0,0.0
2012-08-01 00:00:00+08:00,10.412596702575684,10.412596702575684,10.412596702575684,10.412596702575684,0,0.0,0.0
2012-08-02 00:00:00+08:00,10.412596702575684,10.412596702575684,10.412596702575684,10.412596702575684,0,0.0,0.0
2012-08-03 00:00:00+08:00,10.412596702575684,10.412596702575684,10.412596702575684,10.412596702575684,0,0.0,0.0
2012-08-06 00:00:00+08:00,10.412596702575684,10.412596702575684,10.412596702575684,10.412596702575684,0,0.0,0.0
2012-08-07 00:00:00+08:00,10.412596702575684,10.412596702575684,10.412596702575684,10.412596702575684,0,0.0,0.0
2012-08-08 00:00:00+08:00,10.412596702575684,10.412596702575684,10.412596702575684,10.412596702575684,0,0.0,0.0
2012-08-09 00:00:00+08:00,10.412596702575684,10.412596702575684,10.412596702575684,10.412596702575684,0,0.0,0.0
2012-08-10 00:00:00+08:00,10.412596702575684,10.412596702575684,10.412596702575684,10.412596702575684,0,0.0,0.0
2012-08-13 00:00:00+08:00,9.990560531616211,9.990560531616211,9.990560531616211,9.990560531616211,0,0.0,0.0
2012-08-14 00:00:00+08:00,9.990560531616211,9.990560531616211,9.990560531616211,9.990560531616211,0,0.0,0.0
2012-08-15 00:00:00+08:00,9.990560531616211,9.990560531616211,9.990560531616211,9.990560531616211,0,0.0,0.0
2012-08-16 00:00:00+08:00,9.990560531616211,9.990560531616211,9.990560531616211,9.990560531616211,0,0.0,0.0
2012-08-17 00:00:00+08:00,9.990560531616211,9.990560531616211,9.990560531616211,9.990560531616211,0,0.0,0.0
2012-08-20 00:00:00+08:00,9.990560531616211,9.990560531616211,9.990560531616211,9.990560531616211,0,0.0,0.0
2012-08-21 00:00:00+08:00,9.990560531616211,9.990560531616211,9.990560531616211,9.990560531616211,0,0.0,0.0
2012-08-22 00:00:00+08:00,9.990560531616211,9.990560531616211,9.990560531616211,9.990560531616211,0,0.0,0.0
2012-08-23 00:00:00+08:00,9.990560531616211,9.990560531616211,9.990560531616211,9.990560531616211,0,0.0,0.0
2012-08-24 00:00:00+08:00,9.990560531616211,9.990560531616211,9.990560531616211,9.990560531616211,0,0.0,0.0
2012-08-27 00:00:00+08:00,9.990560531616211,9.990560531616211,9.990560531616211,9.990560531616211,0,0.0,0.0
2012-08-28 00:00:00+08:00,10.187026023864746,10.187026023864746,10.187026023864746,10.187026023864746,0,0.0,0.0
2012-08-29 00:00:00+08:00,10.187026023864746,10.187026023864746,10.187026023864746,10.187026023864746,0,0.0,0.0
2012-08-30 00:00:00+08:00,10.187026023864746,10.187026023864746,10.187026023864746,10.187026023864746,0,0.0,0.0
2012-08-31 00:00:00+08:00,10.187026023864746,10.187026023864746,10.187026023864746,10.187026023864746,0,0.0,0.0
2012-09-03 00:00:00+08:00,10.187026023864746,10.187026023864746,10.187026023864746,10.187026023864746,0,0.0,0.0
2012-09-04 00:00:00+08:00,10.187026023864746,10.187026023864746,10.187026023864746,10.187026023864746,0,0.0,0.0
2012-09-05 00:00:00+08:00,10.187026023864746,10.187026023864746,10.187026023864746,10.187026023864746,0,0.0,0.0
2012-09-06 00:00:00+08:00,10.187026023864746,10.187026023864746,10.187026023864746,10.187026023864746,0,0.0,0.0
2012-09-07 00:00:00+08:00,10.187026023864746,10.187026023864746,10.187026023864746,10.187026023864746,0,0.0,0.0
2012-09-10 00:00:00+08:00,10.187026023864746,10.187026023864746,10.187026023864746,10.187026023864746,0,0.0,0.0
2012-09-11 00:00:00+08:00,10.187026023864746,10.187026023864746,10.187026023864746,10.187026023864746,0,0.0,0.0
2012-09-12 00:00:00+08:00,10.187026023864746,10.187026023864746,10.187026023864746,10.187026023864746,0,0.0,0.0
2012-09-13 00:00:00+08:00,10.187026023864746,10.187026023864746,10.187026023864746,10.187026023864746,0,0.0,0.0
2012-09-14 00:00:00+08:00,10.187026023864746,10.187026023864746,10.187026023864746,10.187026023864746,0,0.0,0.0
2012-09-17 00:00:00+08:00,10.187026023864746,10.187026023864746,10.187026023864746,10.187026023864746,0,0.0,0.0
2012-09-18 00:00:00+08:00,10.187026023864746,10.187026023864746,10.187026023864746,10.187026023864746,0,0.0,0.0
2012-09-19 00:00:00+08:00,10.187026023864746,10.187026023864746,10.187026023864746,10.187026023864746,0,0.0,0.0
2012-09-20 00:00:00+08:00,10.187026023864746,10.187026023864746,10.187026023864746,10.187026023864746,0,0.0,0.0
2012-09-21 00:00:00+08:00,10.041498184204102,10.041498184204102,10.041498184204102,10.041498184204102,0,0.0,0.0
2012-09-24 00:00:00+08:00,10.041498184204102,10.041498184204102,10.041498184204102,10.041498184204102,0,0.0,0.0
2012-09-25 00:00:00+08:00,10.041498184204102,10.041498184204102,10.041498184204102,10.041498184204102,0,0.0,0.0
2012-09-26 00:00:00+08:00,10.041498184204102,10.041498184204102,10.041498184204102,10.041498184204102,0,0.0,0.0
2012-09-27 00:00:00+08:00,10.041498184204102,10.041498184204102,10.041498184204102,10.041498184204102,0,0.0,0.0
2012-09-28 00:00:00+08:00,10.041498184204102,10.041498184204102,10.041498184204102,10.041498184204102,0,0.0,0.0
2012-10-01 00:00:00+08:00,10.041498184204102,10.041498184204102,10.041498184204102,10.041498184204102,0,0.0,0.0
2012-10-02 00:00:00+08:00,10.041498184204102,10.041498184204102,10.041498184204102,10.041498184204102,0,0.0,0.0
2012-10-03 00:00:00+08:00,10.041498184204102,10.041498184204102,10.041498184204102,10.041498184204102,0,0.0,0.0
2012-10-04 00:00:00+08:00,10.041498184204102,10.041498184204102,10.041498184204102,10.041498184204102,0,0.0,0.0
2012-10-05 00:00:00+08:00,10.041498184204102,10.041498184204102,10.041498184204102,10.041498184204102,0,0.0,0.0
2012-10-08 00:00:00+08:00,10.041498184204102,10.041498184204102,10.041498184204102,10.041498184204102,0,0.0,0.0
2012-10-09 00:00:00+08:00,9.677674293518066,9.677674293518066,9.677674293518066,9.677674293518066,0,0.0,0.0
2012-10-11 00:00:00+08:00,9.677674293518066,9.677674293518066,9.677674293518066,9.677674293518066,0,0.0,0.0
2012-10-12 00:00:00+08:00,9.677674293518066,9.677674293518066,9.677674293518066,9.677674293518066,0,0.0,0.0
2012-10-15 00:00:00+08:00,9.954179763793945,9.954179763793945,9.677674509541562,9.954179763793945,0,0.0,0.0
2012-10-16 00:00:00+08:00,9.954179763793945,9.954179763793945,9.954179763793945,9.954179763793945,0,0.0,0.0
2012-10-17 00:00:00+08:00,9.954179763793945,9.954179763793945,9.954179763793945,9.954179763793945,0,0.0,0.0
2012-10-18 00:00:00+08:00,10.187026023864746,10.187026023864746,10.041496700623929,10.187026023864746,0,0.0,0.0
2012-10-19 00:00:00+08:00,10.187026023864746,10.187026023864746,10.187026023864746,10.187026023864746,0,0.0,0.0
2012-10-22 00:00:00+08:00,10.550849914550781,10.550849914550781,10.550849914550781,10.550849914550781,0,0.0,0.0
2012-10-23 00:00:00+08:00,10.565402030944824,10.914671965756474,10.187026855062967,10.565402030944824,0,0.0,0.0
2012-10-24 00:00:00+08:00,10.565402030944824,10.565402030944824,10.565402030944824,10.565402030944824,0,0.0,0.0
2012-10-25 00:00:00+08:00,10.405320167541504,10.550849503946784,10.332556281779892,10.405320167541504,0,0.0,0.0
2012-10-26 00:00:00+08:00,10.718206405639648,10.718206405639648,10.718206405639648,10.718206405639648,0,0.0,0.0
2012-10-29 00:00:00+08:00,10.405320167541504,10.405320167541504,10.405320167541504,10.405320167541504,0,0.0,0.0
2012-10-30 00:00:00+08:00,10.550849914550781,10.550849914550781,10.550849914550781,10.550849914550781,0,0.0,0.0
2012-10-31 00:00:00+08:00,10.550849914550781,10.550849914550781,10.550849914550781,10.550849914550781,0,0.0,0.0
2012-11-01 00:00:00+08:00,10.65999698638916,10.914672954695357,10.65999698638916,10.65999698638916,0,0.0,0.0
2012-11-02 00:00:00+08:00,10.65999698638916,10.841908280544859,10.65999698638916,10.65999698638916,0,0.0,0.0
2012-11-05 00:00:00+08:00,10.65999698638916,10.65999698638916,10.65999698638916,10.65999698638916,0,0.0,0.0
2012-11-06 00:00:00+08:00,11.278493881225586,11.278493881225586,11.278493881225586,11.278493881225586,0,0.0,0.0
2012-11-07 00:00:00+08:00,12.006138801574707,12.006138801574707,12.006138801574707,12.006138801574707,0,0.0,0.0
2012-11-08 00:00:00+08:00,12.369961738586426,12.369961738586426,12.369961738586426,12.369961738586426,0,0.0,0.0
2012-11-09 00:00:00+08:00,12.369961738586426,12.369961738586426,12.369961738586426,12.369961738586426,0,0.0,0.0
2012-11-12 00:00:00+08:00,12.369961738586426,12.369961738586426,12.369961738586426,12.369961738586426,0,0.0,0.0
2012-11-13 00:00:00+08:00,10.914670944213867,12.369960246954193,10.914670944213867,10.914670944213867,0,0.0,0.0
2012-11-14 00:00:00+08:00,10.914670944213867,10.914670944213867,10.914670944213867,10.914670944213867,0,0.0,0.0
2012-11-15 00:00:00+08:00,11.642315864562988,11.642315864562988,11.023818169240629,11.642315864562988,0,0.0,0.0
2012-11-16 00:00:00+08:00,11.642315864562988,11.642315864562988,11.642315864562988,11.642315864562988,0,0.0,0.0
2012-11-19 00:00:00+08:00,10.95105266571045,10.95105266571045,10.95105266571045,10.95105266571045,0,0.0,0.0
2012-11-20 00:00:00+08:00,10.95105266571045,10.95105266571045,10.95105266571045,10.95105266571045,0,0.0,0.0
2012-11-21 00:00:00+08:00,10.841907501220703,10.841907501220703,10.841907501220703,10.841907501220703,0,0.0,0.0
2012-11-22 00:00:00+08:00,10.507190704345703,10.55084934813434,10.507190704345703,10.507190704345703,0,0.0,0.0
2012-11-23 00:00:00+08:00,10.623614311218262,10.623614311218262,10.623614311218262,10.623614311218262,0,0.0,0.0
2012-11-26 00:00:00+08:00,10.623614311218262,10.623614311218262,10.623614311218262,10.623614311218262,0,0.0,0.0
2012-11-27 00:00:00+08:00,10.623614311218262,10.623614311218262,10.623614311218262,10.623614311218262,0,0.0,0.0
2012-11-28 00:00:00+08:00,10.623614311218262,10.623614311218262,10.623614311218262,10.623614311218262,0,0.0,0.0
2012-11-29 00:00:00+08:00,10.623614311218262,10.623614311218262,10.623614311218262,10.623614311218262,0,0.0,0.0
2012-11-30 00:00:00+08:00,10.623614311218262,10.623614311218262,10.623614311218262,10.623614311218262,0,0.0,0.0
2012-12-03 00:00:00+08:00,10.623614311218262,10.623614311218262,10.623614311218262,10.623614311218262,0,0.0,0.0
2012-12-04 00:00:00+08:00,10.623614311218262,10.623614311218262,10.623614311218262,10.623614311218262,0,0.0,0.0
2012-12-05 00:00:00+08:00,10.623614311218262,10.623614311218262,10.623614311218262,10.623614311218262,0,0.0,0.0
2012-12-06 00:00:00+08:00,10.718206405639648,10.718206405639648,10.623611648285271,10.718206405639648,0,0.0,0.0
2012-12-07 00:00:00+08:00,10.514466285705566,10.71820766009795,10.514466285705566,10.514466285705566,0,0.0,0.0
2012-12-10 00:00:00+08:00,10.514466285705566,10.514466285705566,10.514466285705566,10.514466285705566,0,0.0,0.0
2012-12-11 00:00:00+08:00,10.514466285705566,10.514466285705566,10.514466285705566,10.514466285705566,0,0.0,0.0
2012-12-12 00:00:00+08:00,10.478084564208984,10.478084564208984,10.332556014016044,10.478084564208984,0,0.0,0.0
2012-12-13 00:00:00+08:00,10.478084564208984,10.478084564208984,10.478084564208984,10.478084564208984,0,0.0,0.0
2012-12-14 00:00:00+08:00,10.623614311218262,10.623614311218262,10.623614311218262,10.623614311218262,0,0.0,0.0
2012-12-17 00:00:00+08:00,10.623614311218262,10.623614311218262,10.623614311218262,10.623614311218262,0,0.0,0.0
2012-12-18 00:00:00+08:00,10.914670944213867,10.914670944213867,10.769141622719362,10.914670944213867,0,0.0,0.0
2012-12-19 00:00:00+08:00,10.914670944213867,11.642315204363557,10.914670944213867,10.914670944213867,0,0.0,0.0
2012-12-20 00:00:00+08:00,11.169347763061523,11.256665056114555,11.169347763061523,11.169347763061523,0,0.0,0.0
2012-12-21 00:00:00+08:00,10.914670944213867,11.642315204363557,10.914670944213867,10.914670944213867,0,0.0,0.0
2012-12-24 00:00:00+08:00,11.132965087890625,11.409469570267298,11.132965087890625,11.132965087890625,0,0.0,0.0
2012-12-25 00:00:00+08:00,10.95105266571045,11.205727799602643,10.914670727280402,10.95105266571045,0,0.0,0.0
2012-12-26 00:00:00+08:00,11.278493881225586,11.409469815020145,11.205729212748265,11.278493881225586,0,0.0,0.0
2012-12-27 00:00:00+08:00,11.67869758605957,11.67869758605957,11.205728446941546,11.67869758605957,0,0.0,0.0
2012-12-28 00:00:00+08:00,12.006138801574707,12.29719668820558,11.40946962539476,12.006138801574707,0,0.0,0.0
2013-01-02 00:00:00+08:00,12.406344413757324,12.406344413757324,12.151667680254295,12.406344413757324,0,0.0,0.0
2013-01-03 00:00:00+08:00,11.86060905456543,12.151666129432314,11.86060905456543,11.86060905456543,0,0.0,0.0
2013-01-04 00:00:00+08:00,11.86060905456543,11.86060905456543,11.86060905456543,11.86060905456543,0,0.0,0.0
2013-01-07 00:00:00+08:00,11.86060905456543,11.86060905456543,11.86060905456543,11.86060905456543,0,0.0,0.0
2013-01-08 00:00:00+08:00,11.86060905456543,11.86060905456543,11.86060905456543,11.86060905456543,0,0.0,0.0
2013-01-09 00:00:00+08:00,11.86060905456543,11.86060905456543,11.86060905456543,11.86060905456543,0,0.0,0.0
2013-01-10 00:00:00+08:00,12.042521476745605,12.042521476745605,11.61321171335648,12.042521476745605,0,0.0,0.0
2013-01-11 00:00:00+08:00,12.006138801574707,12.042520743988185,11.569551580407891,12.006138801574707,0,0.0,0.0
2013-01-14 00:00:00+08:00,12.042521476745605,12.042521476745605,12.042521476745605,12.042521476745605,0,0.0,0.0
2013-01-15 00:00:00+08:00,12.042521476745605,12.042521476745605,11.569552284386315,12.042521476745605,0,0.0,0.0
2013-01-16 00:00:00+08:00,12.078904151916504,12.369962055006985,12.042521425004532,12.078904151916504,0,0.0,0.0
2013-01-17 00:00:00+08:00,12.369961738586426,12.442726408108008,12.224432399543259,12.369961738586426,0,0.0,0.0
2013-01-18 00:00:00+08:00,12.515490531921387,12.588254415829232,12.515490531921387,12.515490531921387,0,0.0,0.0
2013-01-21 00:00:00+08:00,12.515490531921387,12.711954426866383,12.515490531921387,12.515490531921387,0,0.0,0.0
2013-01-22 00:00:00+08:00,12.515490531921387,12.515490531921387,12.515490531921387,12.515490531921387,0,0.0,0.0
2013-01-23 00:00:00+08:00,12.879313468933105,12.879313468933105,12.879313468933105,12.879313468933105,0,0.0,0.0
2013-01-24 00:00:00+08:00,12.879313468933105,12.879313468933105,12.515490908677629,12.879313468933105,0,0.0,0.0
2013-01-25 00:00:00+08:00,12.879313468933105,12.879313468933105,12.515490908677629,12.879313468933105,0,0.0,0.0
2013-01-28 00:00:00+08:00,12.879313468933105,12.879313468933105,12.879313468933105,12.879313468933105,0,0.0,0.0
2013-01-29 00:00:00+08:00,12.879313468933105,12.879313468933105,12.879313468933105,12.879313468933105,0,0.0,0.0
2013-01-30 00:00:00+08:00,12.515490531921387,12.515490531921387,12.442725865572534,12.515490531921387,0,0.0,0.0
2013-01-31 00:00:00+08:00,12.86475944519043,12.86475944519043,12.86475944519043,12.86475944519043,0,0.0,0.0
2013-02-01 00:00:00+08:00,12.86475944519043,12.86475944519043,12.86475944519043,12.86475944519043,0,0.0,0.0
2013-02-04 00:00:00+08:00,12.872035026550293,12.872035026550293,12.872035026550293,12.872035026550293,0,0.0,0.0
2013-02-05 00:00:00+08:00,12.872035026550293,12.872035026550293,12.872035026550293,12.872035026550293,0,0.0,0.0
2013-02-06 00:00:00+08:00,12.872035026550293,12.872035026550293,12.872035026550293,12.872035026550293,0,0.0,0.0
2013-02-18 00:00:00+08:00,12.588252067565918,12.872033978656319,12.588252067565918,12.588252067565918,0,0.0,0.0
2013-02-19 00:00:00+08:00,12.697400093078613,12.872035435998697,12.369960292180236,12.697400093078613,0,0.0,0.0
2013-02-20 00:00:00+08:00,12.733781814575195,12.733781814575195,12.733781814575195,12.733781814575195,0,0.0,0.0
2013-02-21 00:00:00+08:00,12.661020278930664,12.879314298610941,12.369962368464709,12.661020278930664,0,0.0,0.0
2013-02-22 00:00:00+08:00,12.661020278930664,12.95207818939662,12.515491714918227,12.661020278930664,0,0.0,0.0
2013-02-25 00:00:00+08:00,12.661020278930664,12.661020278930664,12.661020278930664,12.661020278930664,0,0.0,0.0
2013-02-26 00:00:00+08:00,12.95207691192627,12.95207691192627,12.515490480508634,12.95207691192627,0,0.0,0.0
2013-02-27 00:00:00+08:00,13.825250625610352,14.116307726368266,12.952076976013583,13.825250625610352,0,0.0,0.0
2013-03-01 00:00:00+08:00,13.34500503540039,14.043543302257888,13.34500503540039,13.34500503540039,0,0.0,0.0
2013-03-04 00:00:00+08:00,14.116307258605957,14.167242601649235,13.345005106470479,14.116307258605957,0,0.0,0.0
2013-03-05 00:00:00+08:00,13.825250625610352,14.043543842399291,13.825250625610352,13.825250625610352,0,0.0,0.0
2013-03-06 00:00:00+08:00,13.315897941589355,13.679720469296827,13.315897941589355,13.315897941589355,0,0.0,0.0
2013-03-07 00:00:00+08:00,13.46142864227295,13.46142864227295,13.315899303331115,13.46142864227295,0,0.0,0.0
2013-03-08 00:00:00+08:00,13.825250625610352,13.825250625610352,13.679721292790386,13.825250625610352,0,0.0,0.0
2013-03-11 00:00:00+08:00,13.898014068603516,13.934397574315591,13.825250186943297,13.898014068603516,0,0.0,0.0
2013-03-12 00:00:00+08:00,13.825250625610352,13.825250625610352,13.279516801196992,13.825250625610352,6765,0.0,0.0
2013-03-13 00:00:00+08:00,13.272238731384277,13.272238731384277,13.272238731384277,13.272238731384277,0,0.0,0.0
2013-03-14 00:00:00+08:00,13.388662338256836,13.388662338256836,13.315896899480848,13.388662338256836,6765,0.0,0.0
2013-03-15 00:00:00+08:00,13.315897941589355,13.388663386060003,13.315897941589355,13.315897941589355,7892,0.0,0.0
2013-03-18 00:00:00+08:00,13.898014068603516,14.014438157118226,13.898014068603516,13.898014068603516,29316,0.0,0.0
2013-03-19 00:00:00+08:00,13.825250625610352,13.825250625610352,13.825250625610352,13.825250625610352,11275,0.0,0.0
2013-03-20 00:00:00+08:00,13.745209693908691,13.745209693908691,13.534191618928388,13.745209693908691,13530,0.0,0.0
2013-03-21 00:00:00+08:00,13.745209693908691,13.745209693908691,13.745209693908691,13.745209693908691,0,0.0,0.0
2013-03-22 00:00:00+08:00,13.898014068603516,13.898014068603516,13.745209604140662,13.898014068603516,36081,0.0,0.0
2013-03-25 00:00:00+08:00,14.18907356262207,14.18907356262207,13.686998367858394,14.18907356262207,7892,0.0,0.0
2013-03-26 00:00:00+08:00,13.825250625610352,14.552895724828163,13.825250625610352,13.825250625610352,76108,0.0,0.0
2013-03-27 00:00:00+08:00,13.67972183227539,13.898015057673126,13.67972183227539,13.67972183227539,41718,0.0,0.0
2013-03-28 00:00:00+08:00,13.781593322753906,13.970781317333506,13.686999325464106,13.781593322753906,56377,0.0,0.0
2013-03-29 00:00:00+08:00,13.243134498596191,13.38866382745333,13.133987110732845,13.243134498596191,21423,0.0,0.0
2013-04-01 00:00:00+08:00,16.37200927734375,16.80859416749208,13.788869361169233,16.37200927734375,261589,0.0,0.0
2013-04-02 00:00:00+08:00,16.0081844329834,16.808593419900266,15.971802490829363,16.0081844329834,117281,0.0,0.0
2013-04-03 00:00:00+08:00,16.0081844329834,16.51753631778596,15.935420548675328,16.0081844329834,0,0.0,0.0
2013-04-08 00:00:00+08:00,15.644360542297363,16.444771025569636,15.644360542297363,15.644360542297363,54783,0.0,0.0
2013-04-09 00:00:00+08:00,16.226476669311523,16.444771438795957,16.080948909497806,16.226476669311523,106575,0.0,0.0
2013-04-10 00:00:00+08:00,16.0081844329834,16.44477243347789,15.862656664367258,16.0081844329834,44590,0.0,0.0
2013-04-11 00:00:00+08:00,16.0081844329834,16.44477243347789,15.862656664367258,16.0081844329834,39463,0.0,0.0
2013-04-12 00:00:00+08:00,15.717126846313477,16.080949386401304,15.644361399366726,15.717126846313477,84228,0.0,0.0
2013-04-15 00:00:00+08:00,16.15371322631836,16.226477108193283,15.644361358547988,16.15371322631836,65397,0.0,0.0
2013-04-16 00:00:00+08:00,16.226476669311523,16.299242114100313,15.644360935410868,16.226476669311523,57617,0.0,0.0
2013-04-17 00:00:00+08:00,15.5715970993042,16.66306469026876,15.5715970993042,15.5715970993042,104948,0.0,0.0
2013-04-18 00:00:00+08:00,14.62565981326229,15.280541037666296,13.752486933899666,14.916718482971191,3357770,0.0,0.0
2013-04-19 00:00:00+08:00,14.77118943663206,17.463475142056748,14.552896212527633,16.626684188842773,2641951,0.0,0.0
2013-04-22 00:00:00+08:00,16.590302597358406,17.31794780502271,14.989484392402739,15.316925048828125,2127781,0.0,0.0
2013-04-23 00:00:00+08:00,15.280538484851014,16.22647509116867,15.062243736597335,15.78989028930664,1741721,0.0,0.0
2013-04-24 00:00:00+08:00,16.04456701467495,16.153712834842246,15.498833219192667,15.5715970993042,1282633,0.0,0.0
2013-04-25 00:00:00+08:00,15.20777373566648,15.426066928921541,14.80756928721856,14.843951225280762,759822,0.0,0.0
2013-04-26 00:00:00+08:00,14.843953164398423,15.280541172823416,14.625659942626953,14.625659942626953,602988,0.0,0.0
2013-04-29 00:00:00+08:00,15.28053958702328,15.644360542297363,15.28053958702328,15.644360542297363,680205,0.0,0.0
2013-04-30 00:00:00+08:00,16.735830307006836,16.735830307006836,16.735830307006836,16.735830307006836,1060225,0.0,0.0
2013-05-02 00:00:00+08:00,17.463474562434822,17.900062561035156,16.262861087268448,17.900062561035156,3278189,0.0,0.0
2013-05-03 00:00:00+08:00,17.900061038744333,19.137056350708008,17.46347307727314,19.137056350708008,2651683,0.0,0.0
2013-05-06 00:00:00+08:00,19.791937743691445,20.44681739807129,19.137058089311598,20.44681739807129,2529287,0.0,0.0
2013-05-07 00:00:00+08:00,20.592349857315803,21.028934761774856,19.027912139892578,19.027912139892578,2349196,0.0,0.0
2013-05-08 00:00:00+08:00,19.02790864052702,20.337669372558594,18.300263615522606,20.337669372558594,2093977,0.0,0.0
2013-05-09 00:00:00+08:00,20.228524683847706,20.33767050474534,19.173439025878906,19.173439025878906,1632982,0.0,0.0
2013-05-10 00:00:00+08:00,18.51855640069931,19.79193349382273,18.482174466304073,18.773231506347656,879628,0.0,0.0
2013-05-13 00:00:00+08:00,18.627704973958657,18.91876205728452,17.609002834995255,17.863677978515625,1080612,0.0,0.0
2013-05-14 00:00:00+08:00,18.045591540820226,18.336648661216877,17.463475735144804,17.536239624023438,831561,0.0,0.0
2013-05-15 00:00:00+08:00,17.536238641069474,18.154737921397764,17.536238641069474,17.754531860351562,502488,0.0,0.0
2013-05-16 00:00:00+08:00,18.04558948019895,18.081971420483818,17.536237621564915,17.6090030670166,414089,0.0,0.0
2013-05-17 00:00:00+08:00,17.754534103680694,17.900065021432987,16.663067869360802,16.808595657348633,1308905,0.0,0.0
2013-05-20 00:00:00+08:00,16.8085940812679,16.8085940812679,16.117332458496094,16.117332458496094,908887,0.0,0.0
2013-05-21 00:00:00+08:00,16.11733353474932,16.844978714578097,16.11733353474932,16.51753807067871,682747,0.0,0.0
2013-05-22 00:00:00+08:00,16.517535966608826,16.808593062535003,16.33562469482422,16.33562469482422,379444,0.0,0.0
2013-05-23 00:00:00+08:00,16.335625795101535,16.990507043588096,16.335625795101535,16.735830307006836,747865,0.0,0.0
2013-05-24 00:00:00+08:00,16.735829827528356,16.735829827528356,16.33562532708884,16.444772720336914,316049,0.0,0.0
2013-05-27 00:00:00+08:00,16.735831763354717,16.990508522097883,16.51753851649074,16.808595657348633,251599,0.0,0.0
2013-05-28 00:00:00+08:00,16.844978228185067,17.972827911376953,16.844978228185067,17.972827911376953,932622,0.0,0.0
2013-05-29 00:00:00+08:00,18.84599915437577,19.209821701049805,18.51856011427474,19.209821701049805,2368994,0.0,0.0
2013-05-30 00:00:00+08:00,19.137054944319363,19.137054944319363,18.40940996022413,18.55493927001953,958499,0.0,0.0
2013-05-31 00:00:00+08:00,18.55494173007649,19.71917323303265,18.409412400986476,19.537261962890625,1063414,0.0,0.0
2013-06-03 00:00:00+08:00,18.773237050467685,19.246205467046366,18.591325759887695,18.591325759887695,699232,0.0,0.0
2013-06-04 00:00:00+08:00,18.700467014933164,19.209818816776178,18.26388065042873,18.55493927001953,456653,0.0,0.0
2013-06-05 00:00:00+08:00,18.373028096789373,18.55493934353391,18.04558753967285,18.04558753967285,367998,0.0,0.0
2013-06-06 00:00:00+08:00,18.045589765508197,19.28258514404297,17.827296555465708,19.28258514404297,1206513,0.0,0.0
2013-06-07 00:00:00+08:00,19.3553498762723,19.500879199223377,18.554940947364233,18.809616088867188,1051036,0.0,0.0
2013-06-10 00:00:00+08:00,19.282584641550947,19.282584641550947,18.736852413107144,18.991527557373047,276675,0.0,0.0
2013-06-11 00:00:00+08:00,18.991528486021785,19.500880364341835,18.627705939347752,19.209821701049805,673141,0.0,0.0
2013-06-13 00:00:00+08:00,18.918760731200155,19.02790810784802,18.3366450404691,18.845996856689453,377895,0.0,0.0
2013-06-14 00:00:00+08:00,19.06429300207897,19.13705688190296,18.518559208753235,18.991527557373047,560105,0.0,0.0
2013-06-17 00:00:00+08:00,19.646407137583683,20.301286697387695,19.646407137583683,20.301286697387695,2233975,0.0,0.0
2013-06-18 00:00:00+08:00,20.592346815031675,21.68381282713303,20.337670108139765,20.374052047729492,2420208,0.0,0.0
2013-06-19 00:00:00+08:00,20.22852624976202,20.883405920488677,19.646410465266527,19.937467575073242,1253125,0.0,0.0
2013-06-20 00:00:00+08:00,19.719173579369855,20.155760009425894,19.173439759358804,19.209821701049805,719447,0.0,0.0
2013-06-21 00:00:00+08:00,18.773231506347656,18.809613440742893,18.263879730169275,18.773231506347656,646080,0.0,0.0
2013-06-24 00:00:00+08:00,18.118351340633332,18.845996324728564,18.118351340633332,18.55493927001953,207467,0.0,0.0
2013-06-25 00:00:00+08:00,18.409411010866446,18.409411010866446,17.609002108634314,17.827295303344727,493950,0.0,0.0
2013-06-26 00:00:00+08:00,17.827296038710134,18.482177214736687,17.827296038710134,17.863677978515625,310141,0.0,0.0
2013-06-27 00:00:00+08:00,18.118353966151695,18.409412627919608,18.045590083150714,18.15473747253418,172513,0.0,0.0
2013-06-28 00:00:00+08:00,18.15473993718861,18.300267722947154,17.90006474722894,18.00921058654785,191681,0.0,0.0
2013-07-01 00:00:00+08:00,17.900064036223696,18.33664894104004,17.900064036223696,18.33664894104004,182661,0.0,0.0
2013-07-02 00:00:00+08:00,18.409413370394052,18.554942707147386,18.191120147705078,18.191120147705078,370961,0.0,0.0
2013-07-03 00:00:00+08:00,18.191117816156034,18.191117816156034,17.827295303344727,17.827295303344727,204084,0.0,0.0
2013-07-04 00:00:00+08:00,17.827294646950396,17.827294646950396,17.0996496481194,17.28156089782715,227479,0.0,0.0
2013-07-05 00:00:00+08:00,17.245180307176486,17.90006148320304,17.245180307176486,17.863677978515625,179391,0.0,0.0
2013-07-08 00:00:00+08:00,18.04558948019895,18.11835336076869,17.317944414973745,17.6090030670166,170484,0.0,0.0
2013-07-09 00:00:00+08:00,17.609002654085852,17.900061299303392,17.2815620694366,17.245180130004883,246931,0.0,0.0
2013-07-10 00:00:00+08:00,18.455367843039035,18.455367843039035,18.0771855157521,18.11500358581543,242421,0.798198,0.0
2013-07-11 00:00:00+08:00,17.963730275516976,17.963730275516976,17.547728237696894,17.736820220947266,306690,0.0,0.0
2013-07-12 00:00:00+08:00,17.77463893961527,18.039368701799397,17.77463893961527,17.925912857055664,154473,0.0,0.0
2013-07-15 00:00:00+08:00,18.606644687690945,19.0982828864641,17.963730944697797,18.984827041625977,568449,0.0,0.0
2013-07-16 00:00:00+08:00,18.909190718715507,18.909190718715507,18.455368970275654,18.64446258544922,249355,0.0,0.0
2013-07-17 00:00:00+08:00,18.644461111899446,19.060461501780377,18.493187207708637,18.909189224243164,393210,0.0,0.0
2013-07-18 00:00:00+08:00,19.06046215149231,19.06046215149231,18.568823979430757,18.606643676757812,126585,0.0,0.0
2013-07-19 00:00:00+08:00,18.606645985507736,18.833554437703416,18.039369975056985,18.30409812927246,146580,0.0,0.0
2013-07-22 00:00:00+08:00,18.379734871415213,18.833555043717,18.379734871415213,18.417552947998047,144325,0.0,0.0
2013-07-23 00:00:00+08:00,18.682278785392292,19.514282800830557,18.682278785392292,19.136098861694336,505363,0.0,0.0
2013-07-24 00:00:00+08:00,19.287372762679535,19.287372762679535,18.871370754960402,19.136098861694336,302316,0.0,0.0
2013-07-25 00:00:00+08:00,19.136102489414622,19.136102489414622,18.72010040283203,18.72010040283203,190990,0.0,0.0
2013-07-26 00:00:00+08:00,18.87137384882448,19.968106150800264,18.531007922469936,19.438648223876953,673017,0.0,0.0
2013-07-29 00:00:00+08:00,20.119376817796184,20.19501295511117,19.514282839315605,19.627737045288086,676871,0.0,0.0
2013-07-30 00:00:00+08:00,19.74119283898158,19.81683060280096,19.060461097874956,19.136098861694336,381108,0.0,0.0
2013-07-31 00:00:00+08:00,18.984826863461954,19.136100779608572,18.64446258544922,18.64446258544922,273104,0.0,0.0
2013-08-01 00:00:00+08:00,18.60664304251514,19.136099267202578,18.60664304251514,18.909189224243164,121774,0.0,0.0
2013-08-02 00:00:00+08:00,18.795733566566874,19.136099447540385,18.757915496826172,18.757915496826172,210850,0.0,0.0
2013-08-05 00:00:00+08:00,19.06046320126461,20.04374122619629,18.75791699256072,20.04374122619629,826844,0.0,0.0
2013-08-06 00:00:00+08:00,20.875747443434516,21.32956758032442,20.119379464182163,20.951383590698242,2499995,0.0,0.0
2013-08-07 00:00:00+08:00,20.573199769178153,20.573199769178153,19.58992171344637,19.665557861328125,766727,0.0,0.0
2013-08-08 00:00:00+08:00,19.589921099813587,20.04374122619629,19.589921099813587,20.04374122619629,305721,0.0,0.0
2013-08-09 00:00:00+08:00,20.043741484531218,20.043741484531218,19.47646713256836,19.47646713256836,302126,0.0,0.0
2013-08-12 00:00:00+08:00,19.287374731311665,19.36301087619755,18.682280692263422,19.21173858642578,323604,0.0,0.0
2013-08-13 00:00:00+08:00,19.287375569203043,19.665557936715363,19.17391972029169,19.249557495117188,280757,0.0,0.0
2013-08-14 00:00:00+08:00,19.287374025777883,19.287374025777883,18.79573422204269,18.94700813293457,219870,0.0,0.0
2013-08-15 00:00:00+08:00,18.682281503868012,19.4764675662861,18.606645355696305,19.249557495117188,261589,0.0,0.0
2013-08-16 00:00:00+08:00,19.24955595471833,19.24955595471833,18.94700813293457,18.94700813293457,124029,0.0,0.0
2013-08-19 00:00:00+08:00,18.909191087082643,19.249556998379717,18.75791716798908,18.833553314208984,119519,0.0,0.0
2013-08-20 00:00:00+08:00,18.75791847858429,18.984828559751715,18.682282327079772,18.72010040283203,145452,0.0,0.0
2013-08-22 00:00:00+08:00,18.22845928450703,18.606644895983134,18.22845928450703,18.341915130615234,120646,0.0,0.0
2013-08-23 00:00:00+08:00,18.341913879858232,18.531005859375,18.341913879858232,18.531005859375,59759,0.0,0.0
2013-08-26 00:00:00+08:00,18.455369796436063,18.682281494140625,17.963731580268373,18.682281494140625,144325,0.0,0.0
2013-08-27 00:00:00+08:00,18.682279818104618,18.682279818104618,18.152821948716017,18.606643676757812,90203,0.0,0.0
2013-08-28 00:00:00+08:00,18.228458041486714,18.531005859375,18.190639970914088,18.531005859375,42846,0.0,0.0
2013-08-29 00:00:00+08:00,18.531008208121992,18.531008208121992,18.228460351886717,18.30409812927246,82327,0.0,0.0
2013-08-30 00:00:00+08:00,18.15282440185547,18.304098331645616,18.15282440185547,18.15282440185547,135304,0.0,0.0
2013-09-02 00:00:00+08:00,18.19064247763954,18.304098331645616,18.077188250287332,18.15282440185547,61234,0.0,0.0
2013-09-03 00:00:00+08:00,18.152824201154825,18.56882628348794,17.925914122305294,18.30409812927246,156728,0.0,0.0
2013-09-04 00:00:00+08:00,18.304098537420007,18.379734689838447,17.925914522020037,18.001550674438477,75545,0.0,0.0
2013-09-05 00:00:00+08:00,18.15282440185547,18.304098331645616,18.001550472065322,18.15282440185547,68779,0.0,0.0
2013-09-06 00:00:00+08:00,17.963732598229257,18.455370842256887,17.925914522020037,18.001550674438477,149962,0.0,0.0
2013-09-09 00:00:00+08:00,17.925913048696295,17.925913048696295,17.6233668372348,17.774639129638672,124044,0.0,0.0
2013-09-10 00:00:00+08:00,17.85027611320511,17.88809581473397,17.661185738829957,17.812458038330078,124029,0.0,0.0
2013-09-11 00:00:00+08:00,17.774639762553978,17.81245783700156,17.32081961587534,17.396455764770508,111626,0.0,0.0
2013-09-12 00:00:00+08:00,17.43427258207577,17.43427258207577,16.64008656932804,17.093908309936523,236813,0.0,0.0
2013-09-13 00:00:00+08:00,17.09390890952075,17.69900295823592,17.09390890952075,17.20736312866211,55249,0.0,0.0
2013-09-16 00:00:00+08:00,17.20736205930797,17.396454039446173,17.131725917914153,17.245180130004883,91330,0.0,0.0
2013-09-17 00:00:00+08:00,17.093907600815005,17.32081764837929,16.829177856445312,16.829177856445312,76672,0.0,0.0
2013-09-18 00:00:00+08:00,16.829178785398437,17.169544688859524,16.829178785398437,17.018272399902344,83439,0.0,0.0
2013-09-23 00:00:00+08:00,17.472091291523427,17.925913048696295,17.169545080061933,17.774639129638672,147256,0.0,0.0
2013-09-24 00:00:00+08:00,17.472091291523427,17.925913048696295,17.472091291523427,17.774639129638672,80491,0.0,0.0
2013-09-25 00:00:00+08:00,17.58554737213393,17.774639366815684,17.32081923024099,17.699003219604492,92458,0.0,0.0
2013-09-26 00:00:00+08:00,17.699003414933134,17.699003414933134,17.396455569441866,17.5477294921875,40602,0.0,0.0
2013-09-27 00:00:00+08:00,17.396455602093013,17.472091750280896,17.05609130859375,17.05609130859375,89090,0.0,0.0
2013-09-30 00:00:00+08:00,17.131726379629203,17.623366191900107,17.131726379629203,17.585546493530273,85696,0.0,0.0
2013-10-01 00:00:00+08:00,17.585548783876547,18.115006736820327,17.585548783876547,17.850276947021484,155600,0.0,0.0
2013-10-02 00:00:00+08:00,18.001549840203708,18.001549840203708,17.661185543440137,17.96373176574707,78927,0.0,0.0
2013-10-03 00:00:00+08:00,18.001549840203708,18.001549840203708,17.774639766810058,17.96373176574707,49611,0.0,0.0
2013-10-04 00:00:00+08:00,17.77463852636534,17.850274670000175,17.62336623909567,17.661184310913086,54135,0.0,0.0
2013-10-07 00:00:00+08:00,17.66118553921122,17.66118553921122,17.396455764770508,17.396455764770508,67652,0.0,0.0
2013-10-08 00:00:00+08:00,17.2073652815339,17.245183359312566,17.131729125976562,17.131729125976562,40591,0.0,0.0
2013-10-09 00:00:00+08:00,17.245180738763086,17.43427272557627,16.86699676513672,16.86699676513672,39463,0.0,0.0
2013-10-11 00:00:00+08:00,16.904818588694095,17.358638763427734,16.26190477672521,17.358638763427734,234528,0.0,0.0
2013-10-14 00:00:00+08:00,17.35863658151248,17.35863658151248,16.86699676513672,16.86699676513672,15785,0.0,0.0
2013-10-15 00:00:00+08:00,16.64008923489202,17.131729125976562,16.64008923489202,17.131729125976562,46229,0.0,0.0
2013-10-16 00:00:00+08:00,16.791359175270948,16.791359175270948,16.640085273514938,16.715723037719727,69907,0.0,0.0
2013-10-17 00:00:00+08:00,16.715725346562778,17.018273191863923,16.37535942726244,16.980453491210938,109371,0.0,0.0
2013-10-18 00:00:00+08:00,17.812456699202638,17.812456699202638,16.488814418164058,16.86699676513672,170371,0.0,0.0
2013-10-21 00:00:00+08:00,16.79135912160949,17.093906924154634,16.640085220336914,16.640085220336914,77800,0.0,0.0
2013-10-22 00:00:00+08:00,16.640087364707934,16.715725138418275,16.4888150705948,16.564451217651367,65622,0.0,0.0
2013-10-23 00:00:00+08:00,16.602267841363215,16.602267841363215,16.413177490234375,16.413177490234375,45254,0.0,0.0
2013-10-24 00:00:00+08:00,16.640085416525636,16.640085416525636,15.808081389697392,16.072811126708984,189426,0.0,0.0
2013-10-25 00:00:00+08:00,15.959358667114891,16.224086833445607,15.656810797033565,15.73244857788086,117489,0.0,0.0
2013-10-28 00:00:00+08:00,15.883722512921523,16.186268756348923,15.581174642840196,15.73244857788086,108274,0.0,0.0
2013-10-29 00:00:00+08:00,15.883717587287027,15.883717587287027,15.65680594176571,15.770261764526367,36120,0.0,0.0
2013-10-30 00:00:00+08:00,15.80808246538547,15.80808246538547,15.24080651031397,15.354262351989746,193936,0.0,0.0
2013-10-31 00:00:00+08:00,15.165169538215395,15.31644344329834,14.597893614144551,15.31644344329834,331496,0.0,0.0
2013-11-01 00:00:00+08:00,15.202987571838932,15.921537399291992,14.900441389042738,15.921537399291992,226635,0.0,0.0
2013-11-04 00:00:00+08:00,15.921537462549935,15.921537462549935,15.505535442893848,15.80808162689209,47356,0.0,0.0
2013-11-05 00:00:00+08:00,15.808083026808282,15.808083026808282,15.089534759521484,15.089534759521484,143242,0.0,0.0
2013-11-06 00:00:00+08:00,15.089534324572037,15.127352396499083,14.068436622619629,14.068436622619629,297670,0.0,0.0
2013-11-07 00:00:00+08:00,14.29534793556735,15.051714234390966,14.219710167027426,14.370984077453613,287522,0.0,0.0
2013-11-08 00:00:00+08:00,14.219710167027426,14.74916804019225,14.219710167027426,14.370984077453613,76699,0.0,0.0
2013-11-11 00:00:00+08:00,14.673530203693423,14.673530203693423,14.295347869359956,14.484439849853516,74417,0.0,0.0
2013-11-12 00:00:00+08:00,14.63571243808155,14.673530509638042,14.295348167419434,14.295348167419434,73290,0.0,0.0
2013-11-13 00:00:00+08:00,13.9928000499088,14.522257920621497,13.9928000499088,14.484439849853516,32698,0.0,0.0
2013-11-14 00:00:00+08:00,14.522257689721012,14.78698580754142,14.522257689721012,14.560075759887695,42846,0.0,0.0
2013-11-15 00:00:00+08:00,14.635712553776068,14.824804539706976,14.635712553776068,14.749168395996094,32700,0.0,0.0
2013-11-18 00:00:00+08:00,14.862624578829882,15.467718622345277,14.862624578829882,15.127352714538574,84565,0.0,0.0
2013-11-19 00:00:00+08:00,15.27862533849419,15.694629027467593,15.27862533849419,15.505537033081055,74417,0.0,0.0
2013-11-20 00:00:00+08:00,15.694625602608234,15.694625602608234,15.127349743238767,15.165167808532715,138688,0.0,0.0
2013-11-21 00:00:00+08:00,15.278623571543424,15.467717170715332,14.824803488160878,15.467717170715332,47356,0.0,0.0
2013-11-22 00:00:00+08:00,15.127352906584326,15.127352906584326,14.862624767514841,14.976078987121582,34389,0.0,0.0
2013-11-25 00:00:00+08:00,15.316441696361922,15.316441696361922,14.862621659527717,15.165167808532715,23741,0.0,0.0
2013-11-26 00:00:00+08:00,14.938260840799199,15.202988978572886,14.900442767782064,15.089534759521484,33826,0.0,0.0
2013-11-27 00:00:00+08:00,15.089532797643953,15.127350865744141,15.013895034790039,15.013895034790039,13536,0.0,0.0
2013-11-28 00:00:00+08:00,15.127350865744141,15.127350865744141,15.013895034790039,15.013895034790039,25933,0.0,0.0
2013-11-29 00:00:00+08:00,15.051714478612752,15.392080375930869,14.976078335499253,15.278624534606934,50739,0.0,0.0
2013-12-02 00:00:00+08:00,15.278623138144894,15.278623138144894,14.97607696668985,15.013895034790039,38338,0.0,0.0
2013-12-03 00:00:00+08:00,15.013896453616109,15.429898495337802,14.976078381942079,15.354262351989746,36532,0.0,0.0
2013-12-04 00:00:00+08:00,15.770262889706553,15.770262889706553,15.240805056803305,15.618988990783691,99223,0.0,0.0
2013-12-05 00:00:00+08:00,15.543353309061228,15.543353309061228,15.202987433197526,15.467717170715332,23903,0.0,0.0
2013-12-06 00:00:00+08:00,15.278623571543424,15.543353309061228,15.278623571543424,15.467717170715332,64314,0.0,0.0
2013-12-09 00:00:00+08:00,15.505537033081055,15.808083248107252,15.467718959534501,15.505537033081055,149962,0.0,0.0
2013-12-10 00:00:00+08:00,15.505536217254804,15.581172360368303,15.278624534606934,15.278624534606934,37225,0.0,0.0
2013-12-11 00:00:00+08:00,15.202987712759553,15.202987712759553,14.446619808777688,14.597893714904785,163718,0.0,0.0
2013-12-12 00:00:00+08:00,14.78698580754142,14.78698580754142,14.295347642067288,14.560075759887695,45101,0.0,0.0
2013-12-13 00:00:00+08:00,14.635712623596191,14.635712623596191,14.446620636763212,14.635712623596191,23678,0.0,0.0
2013-12-16 00:00:00+08:00,14.93825936318065,14.93825936318065,14.446619582627227,14.673529624938965,24805,0.0,0.0
2013-12-17 00:00:00+08:00,14.446620219339875,14.673530271652327,14.370984077453613,14.370984077453613,22575,0.0,0.0
2013-12-18 00:00:00+08:00,14.786984668144907,14.786984668144907,14.106254577636719,14.106254577636719,42849,0.0,0.0
2013-12-19 00:00:00+08:00,14.29534793556735,14.635712200709195,14.219710167027426,14.370984077453613,81182,0.0,0.0
2013-12-20 00:00:00+08:00,14.21971010117034,14.484439849853516,14.21971010117034,14.484439849853516,49611,0.0,0.0
2013-12-23 00:00:00+08:00,14.522257987879799,14.522257987879799,14.370984077453613,14.370984077453613,40591,0.0,0.0
2013-12-24 00:00:00+08:00,14.370983444074511,14.74916739014527,14.370983444074511,14.673529624938965,91351,0.0,0.0
2013-12-25 00:00:00+08:00,14.673530271652327,14.673530271652327,14.370984077453613,14.370984077453613,58633,0.0,0.0
2013-12-26 00:00:00+08:00,14.333165374798153,14.862623224627933,14.333165374798153,14.673529624938965,98096,0.0,0.0
2013-12-27 00:00:00+08:00,14.900439963959682,15.694625854492186,14.824802205504454,15.694625854492188,320246,0.0,0.0
2013-12-30 00:00:00+08:00,16.072812220411052,16.072812220411052,15.354262351989746,15.354262351989746,485969,0.0,0.0
2013-12-31 00:00:00+08:00,15.35426311224107,15.505537033081055,15.16517111785453,15.505537033081055,121933,0.0,0.0
2014-01-02 00:00:00+08:00,15.429895892243765,15.429895892243765,15.127349743238767,15.165167808532715,77800,0.0,0.0
2014-01-03 00:00:00+08:00,15.127353044307977,15.732447101014147,15.127353044307977,15.505537033081055,101478,0.0,0.0
2014-01-06 00:00:00+08:00,15.656808938850661,15.656808938850661,15.013896824547405,15.051714897155762,87948,0.0,0.0
2014-01-07 00:00:00+08:00,14.824803352355957,15.127351156275173,14.824803352355957,14.824803352355957,77800,0.0,0.0
2014-01-08 00:00:00+08:00,14.862624534113978,15.051714897155762,14.824804834851891,15.051714897155762,66524,0.0,0.0
2014-01-09 00:00:00+08:00,14.711349145876428,14.862623047836035,14.711349145876428,14.824803352355957,45101,0.0,0.0
2014-01-10 00:00:00+08:00,15.013894303598363,15.013894303598363,14.900440104823133,14.938258171081543,70311,0.0,0.0
2014-01-13 00:00:00+08:00,14.44661941078372,14.824803352355957,14.44661941078372,14.824803352355957,30443,0.0,0.0
2014-01-14 00:00:00+08:00,14.749167214702936,14.824803352355957,14.560075243916819,14.824803352355957,13575,0.0,0.0
2014-01-15 00:00:00+08:00,14.824805067658836,15.051715133526075,14.824805067658836,14.976078987121582,39463,0.0,0.0
2014-01-16 00:00:00+08:00,15.240806932704984,15.278625005427122,14.976078796996292,15.127352714538574,94713,0.0,0.0
2014-01-17 00:00:00+08:00,15.127351837349286,16.18626594543457,15.127351837349286,16.18626594543457,564381,0.0,0.0
2014-01-20 00:00:00+08:00,16.337539482206022,16.488813387531945,15.694627417887851,15.80808162689209,579570,0.0,0.0
2014-01-21 00:00:00+08:00,15.808083248107252,15.808083248107252,15.392081185787623,15.505537033081055,89086,0.0,0.0
2014-01-22 00:00:00+08:00,15.581172173086333,15.581172173086333,15.278624350961518,15.429898262023926,46229,0.0,0.0
2014-01-23 00:00:00+08:00,15.202986439499314,15.392078399658203,15.202986439499314,15.392078399658203,67652,0.0,0.0
2014-01-24 00:00:00+08:00,15.392080375930869,15.392080375930869,15.127352248379937,15.278624534606934,53084,0.0,0.0
2014-01-27 00:00:00+08:00,14.976076686219008,15.202986717224121,14.749166655213896,15.202986717224121,98097,0.0,0.0
2014-02-05 00:00:00+08:00,14.97607696668985,15.013895034790039,14.938258898589662,15.013895034790039,23678,0.0,0.0
2014-02-06 00:00:00+08:00,14.976076412639344,15.732444253274897,14.976076412639344,15.392078399658203,65397,0.0,0.0
2014-02-07 00:00:00+08:00,15.505532051948553,15.58116817474365,15.31644011830756,15.581168174743652,77810,0.0,0.0
2014-02-10 00:00:00+08:00,15.581171378234176,15.732445281579553,15.278623571543424,15.467717170715332,45102,0.0,0.0
2014-02-11 00:00:00+08:00,15.278623571543424,15.467717170715332,14.976077391506253,15.467717170715332,319093,0.0,0.0
2014-02-12 00:00:00+08:00,15.581171378234176,15.581171378234176,15.392079405715851,15.467717170715332,222350,0.0,0.0
2014-02-13 00:00:00+08:00,15.316446476509478,16.224086833445607,15.316446476509478,15.73244857788086,299125,0.0,0.0
2014-02-14 00:00:00+08:00,16.110629643600674,16.829177856445312,16.034991876643495,16.829177856445312,1219268,0.0,0.0
2014-02-17 00:00:00+08:00,16.41317927222892,16.488815420892344,15.694629353311168,15.883721351623535,577903,0.0,0.0
2014-02-18 00:00:00+08:00,15.883719926171405,15.883719926171405,15.54335403442383,15.543354034423828,171498,0.0,0.0
2014-02-19 00:00:00+08:00,15.581173503662226,16.26190372159446,15.581173503662226,15.883721351623535,393511,0.0,0.0
2014-02-20 00:00:00+08:00,15.883715919230543,15.95935204202564,15.58116817474365,15.581168174743652,179802,0.0,0.0
2014-02-21 00:00:00+08:00,15.656807058851022,15.732444821639222,15.58117092271636,15.618988990783691,98096,0.0,0.0
2014-02-24 00:00:00+08:00,15.618990480361637,15.618990480361637,15.354262351989746,15.354262351989746,101479,0.0,0.0
2014-02-25 00:00:00+08:00,15.392076241102657,15.58116817474365,15.392076241102657,15.581168174743652,51866,0.0,0.0
2014-02-26 00:00:00+08:00,15.543352739969974,16.22408284012011,15.543352739969974,15.845900535583496,487522,0.0,0.0
2014-02-27 00:00:00+08:00,15.883722512921523,16.110632602155555,15.73244857788086,15.73244857788086,234528,0.0,0.0
2014-03-03 00:00:00+08:00,15.656807721566167,15.80808162689209,15.581171582230008,15.80808162689209,67652,0.0,0.0
2014-03-04 00:00:00+08:00,15.883717587287027,15.883717587287027,15.58116981102755,15.770261764526367,109371,0.0,0.0
2014-03-05 00:00:00+08:00,15.808080052194862,15.808080052194862,15.429896139879057,15.694625854492188,173641,0.0,0.0
2014-03-06 00:00:00+08:00,15.694628201692238,15.694628201692238,15.240806463050184,15.278624534606934,241566,0.0,0.0
2014-03-07 00:00:00+08:00,15.278624581987998,15.543354337013579,15.278624581987998,15.354262351989746,219879,0.0,0.0
2014-03-10 00:00:00+08:00,15.354261336542903,15.581171378234176,15.278623571543424,15.467717170715332,120768,0.0,0.0
2014-03-11 00:00:00+08:00,15.429898447487618,15.429898447487618,15.202988391493435,15.278624534606934,116136,0.0,0.0
2014-03-12 00:00:00+08:00,15.429897852234626,16.034991853760424,15.278623945189771,15.656807899475098,210850,0.0,0.0
2014-03-13 00:00:00+08:00,15.808083248107252,15.808083248107252,15.467718959534501,15.505537033081055,184916,0.0,0.0
2014-03-14 00:00:00+08:00,15.278625655700917,16.488815420892344,15.05171558305684,15.883721351623535,1186765,0.0,0.0
2014-03-17 00:00:00+08:00,16.0349935079621,16.980453491210938,16.0349935079621,16.980453491210938,1486608,0.0,0.0
2014-03-18 00:00:00+08:00,17.09390953349316,17.32081960671244,16.261903762817383,16.261903762817383,1999289,0.0,0.0
2014-03-19 00:00:00+08:00,16.488812731632372,16.942632802904274,16.299720764160156,16.299720764160156,1108814,0.0,0.0
2014-03-20 00:00:00+08:00,16.337537625022822,16.337537625022822,15.770261764526367,15.770261764526367,344011,0.0,0.0
2014-03-21 00:00:00+08:00,15.808082614975115,16.86699676513672,15.808082614975115,16.86699676513672,2561795,0.0,0.0
2014-03-24 00:00:00+08:00,17.16954554023427,18.039369378138005,16.71572539755202,17.623367309570312,4520035,0.0,0.0
2014-03-25 00:00:00+08:00,17.434274651338516,18.077188453510804,16.904818331101666,18.001550674438477,2142850,0.0,0.0
2014-03-26 00:00:00+08:00,19.211740689507025,19.211740689507025,18.266280641666718,18.417552947998047,2669008,0.0,0.0
2014-03-27 00:00:00+08:00,18.07718489276172,19.7033748626709,18.07718489276172,19.7033748626709,5421165,0.0,0.0
2014-03-28 00:00:00+08:00,20.043738914697038,20.043738914697038,18.341912823694315,18.568822860717773,2735597,0.0,0.0
2014-03-31 00:00:00+08:00,18.757918919688837,19.06046515947535,17.54773070723497,17.850276947021484,2358599,0.0,0.0
2014-04-01 00:00:00+08:00,18.001548583923544,18.001548583923544,17.245180640960402,17.661184310913086,1379318,0.0,0.0
2014-04-02 00:00:00+08:00,17.8502754879378,18.493189244908365,17.69900319373651,18.190641403198242,1673153,0.0,0.0
2014-04-03 00:00:00+08:00,18.077186305801177,18.152822449233458,17.47209065172816,17.585546493530273,892228,0.0,0.0
2014-04-07 00:00:00+08:00,17.58554738843426,18.68228128393575,17.58554738843426,18.266279220581055,1283087,0.0,0.0
2014-04-08 00:00:00+08:00,18.266279220581055,18.417551515143654,17.774639383291284,18.266279220581055,576134,0.0,0.0
2014-04-09 00:00:00+08:00,18.266275963290923,18.493185991325404,17.77463621367164,17.888092041015625,475398,0.0,0.0
2014-04-10 00:00:00+08:00,18.22845859266574,18.22845859266574,17.585546493530273,17.585546493530273,367578,0.0,0.0
2014-04-11 00:00:00+08:00,17.35863793335423,17.472092158285413,16.375359850681495,16.753543853759766,735256,0.0,0.0
2014-04-14 00:00:00+08:00,16.60226797456285,16.753541883333217,15.883719754547478,16.18626594543457,378859,0.0,0.0
2014-04-15 00:00:00+08:00,16.337541149827892,16.564451217651367,16.186267229060984,16.564451217651367,203058,0.0,0.0
2014-04-16 00:00:00+08:00,16.640087806148284,17.35863772886298,16.564451657085186,16.904817581176758,295775,0.0,0.0
2014-04-17 00:00:00+08:00,16.640088201773462,16.904817983096002,16.488815900050703,16.602270126342773,171487,0.0,0.0
2014-04-18 00:00:00+08:00,16.526634014987362,17.01827387672313,16.413179788424085,16.677907943725586,231511,0.0,0.0
2014-04-21 00:00:00+08:00,16.41317686086127,17.018270841231747,16.41317686086127,16.715723037719727,190554,0.0,0.0
2014-04-22 00:00:00+08:00,16.829178785398437,17.32081860447042,16.829178785398437,17.018272399902344,341811,0.0,0.0
2014-04-23 00:00:00+08:00,17.056090616322894,17.056090616322894,16.753542782543555,16.79136085510254,189641,0.0,0.0
2014-04-24 00:00:00+08:00,16.86699531282217,16.904815008251347,16.224083263676082,16.715723037719727,307818,0.0,0.0
2014-04-25 00:00:00+08:00,16.564448825734658,16.60226689380199,15.58117092271636,15.618988990783691,746431,0.0,0.0
2014-04-28 00:00:00+08:00,14.597891949163248,15.505533649485079,14.597891949163248,15.165167808532715,284145,0.0,0.0
2014-04-29 00:00:00+08:00,14.976079123467994,15.808083248107252,14.976079123467994,15.505537033081055,274105,0.0,0.0
2014-04-30 00:00:00+08:00,15.202989294158519,15.429899363625301,14.900443077087402,14.900443077087402,137822,0.0,0.0
2014-05-02 00:00:00+08:00,14.976076237339953,15.202986261543876,14.635710387707341,14.938258171081543,315711,0.0,0.0
2014-05-05 00:00:00+08:00,14.938260913919335,15.165170979786573,14.673531148196092,14.976078987121582,217615,0.0,0.0
2014-05-06 00:00:00+08:00,14.976078383429348,14.976078383429348,14.786986398386736,14.862624168395996,80077,0.0,0.0
2014-05-07 00:00:00+08:00,14.749169155224951,14.976079224691734,14.749169155224951,14.900443077087402,67564,0.0,0.0
2014-05-08 00:00:00+08:00,14.938259185489056,15.013895323142075,14.786985283529447,14.824803352355957,131922,0.0,0.0
2014-05-09 00:00:00+08:00,14.824803315594858,14.824803315594858,14.219709335910446,14.333165168762207,278502,0.0,0.0
2014-05-12 00:00:00+08:00,14.333163527646102,14.333163527646102,14.068433823520822,14.144071578979492,239322,0.0,0.0
2014-05-13 00:00:00+08:00,14.14407439312742,14.370984451343388,13.765890420549573,14.068436622619629,213750,0.0,0.0
2014-05-14 00:00:00+08:00,14.068435666299086,14.068435666299086,13.53897944200355,13.614616394042969,340765,0.0,0.0
2014-05-15 00:00:00+08:00,13.614616572689782,13.614616572689782,13.236431807530268,13.463342666625977,166875,0.0,0.0
2014-05-16 00:00:00+08:00,13.425524642554471,14.068435898874148,13.274250735974821,13.992799758911133,166875,0.0,0.0
2014-05-19 00:00:00+08:00,14.068434883730568,14.446618809564061,14.068434883730568,14.106254577636719,187171,0.0,0.0
2014-05-20 00:00:00+08:00,14.068436739844701,14.181892583224906,13.91716445087605,14.030618667602539,52090,0.0,0.0
2014-05-21 00:00:00+08:00,14.219710350036621,14.673530460502237,14.144074207176914,14.219710350036621,349264,0.0,0.0
2014-05-22 00:00:00+08:00,14.29534659320367,15.202986717224121,14.29534659320367,15.202986717224121,509811,0.0,0.0
2014-05-23 00:00:00+08:00,15.08953483338208,15.770265030983797,14.900442840717087,14.976078987121582,594239,0.0,0.0
2014-05-26 00:00:00+08:00,14.900442840717087,15.354262972451565,14.900442840717087,14.976078987121582,224408,0.0,0.0
2014-05-27 00:00:00+08:00,15.0517150598506,15.240807051590021,14.976078913816332,15.089534759521484,84838,0.0,0.0
2014-05-28 00:00:00+08:00,15.240804327802286,15.240804327802286,14.862622038564721,14.938258171081543,108243,0.0,0.0
2014-05-29 00:00:00+08:00,14.900441293904292,14.900441293904292,14.59789348638625,14.673529624938965,89075,0.0,0.0
2014-05-30 00:00:00+08:00,14.597894481920626,14.862624238216119,14.597894481920626,14.749168395996094,90203,0.0,0.0
2014-06-03 00:00:00+08:00,14.7491694692607,14.82480561847546,14.597895544177362,14.71135139465332,76672,0.0,0.0
2014-06-04 00:00:00+08:00,14.597894551560337,14.74916846635746,14.560076479524483,14.635712623596191,41718,0.0,0.0
2014-06-05 00:00:00+08:00,14.711350328097094,14.711350328097094,14.257530212402344,14.257530212402344,182661,0.0,0.0
2014-06-06 00:00:00+08:00,14.257528748661457,14.560074919179332,14.257528748661457,14.522256851196289,86820,0.0,0.0
2014-06-09 00:00:00+08:00,14.408801078796387,14.673529182400557,14.37098301066058,14.408801078796387,155600,0.0,0.0
2014-06-10 00:00:00+08:00,14.408802495989718,14.749168395996094,14.370984424134276,14.749168395996094,112866,0.0,0.0
2014-06-11 00:00:00+08:00,14.900443394344038,14.900443394344038,14.673531693392123,14.71135139465332,110498,0.0,0.0
2014-06-12 00:00:00+08:00,14.749168734009737,15.429898922969404,14.749168734009737,15.127352714538574,592207,0.0,0.0
2014-06-13 00:00:00+08:00,15.127352066552776,15.467717959779778,14.976078155490368,15.429898262023926,478433,0.0,0.0
2014-06-16 00:00:00+08:00,15.429898447487618,15.429898447487618,15.278624534606934,15.278624534606934,194293,0.0,0.0
2014-06-17 00:00:00+08:00,15.278623138144894,15.278623138144894,14.97607696668985,15.013895034790039,131922,0.0,0.0
2014-06-18 00:00:00+08:00,15.013895034790039,15.202987001944518,15.013895034790039,15.013895034790039,96457,0.0,0.0
2014-06-19 00:00:00+08:00,15.013895582384876,15.240805625915527,14.862623304466839,15.240805625915527,190554,0.0,0.0
2014-06-20 00:00:00+08:00,15.24080393912061,15.24080393912061,15.013893920703508,15.165167808532715,104861,0.0,0.0
2014-06-23 00:00:00+08:00,15.089532797643953,15.089532797643953,14.370982997126227,15.013895034790039,188711,0.0,0.0
2014-06-24 00:00:00+08:00,14.90044265155202,15.127352714538574,14.82480487945401,15.127352714538574,101647,0.0,0.0
2014-06-25 00:00:00+08:00,15.127351837349286,16.18626594543457,15.051714069637281,16.18626594543457,1399774,0.0,0.0
2014-06-26 00:00:00+08:00,16.488813322020153,16.866995643851997,15.921537399291992,15.921537399291992,1674889,0.0,0.0
2014-06-27 00:00:00+08:00,15.883721351623535,16.186267572931037,15.694629353311168,15.883721351623535,395281,0.0,0.0
2014-06-30 00:00:00+08:00,16.186267572931037,16.186267572931037,15.73244742764288,15.883721351623535,443123,0.0,0.0
2014-07-01 00:00:00+08:00,15.883719349379914,16.078372867174814,15.766928243400864,15.805858612060547,423717,0.532132,0.0
2014-07-02 00:00:00+08:00,15.883718395968485,16.311957449009633,15.805857663322664,16.000511169433594,368705,0.0,0.0
2014-07-03 00:00:00+08:00,16.03944163131637,16.15623440547731,15.883718490600586,15.883718490600586,187002,0.0,0.0
2014-07-04 00:00:00+08:00,15.922651060732624,16.03944216427793,15.727995872497559,15.727995872497559,85693,0.0,0.0
2014-07-07 00:00:00+08:00,15.80585852236665,15.80585852236665,15.533344268798828,15.533344268798828,139815,0.0,0.0
2014-07-08 00:00:00+08:00,15.533344356946282,16.078372867174814,15.338690839151383,15.805858612060547,332106,0.0,0.0
2014-07-09 00:00:00+08:00,15.80585852236665,15.80585852236665,15.533344268798828,15.533344268798828,67669,0.0,0.0
2014-07-10 00:00:00+08:00,15.533344370543588,15.727996214012398,15.41655158996582,15.41655158996582,138316,0.0,0.0
2014-07-11 00:00:00+08:00,15.416550963150627,15.416550963150627,14.482213780006763,14.715799331665039,407605,0.0,0.0
2014-07-14 00:00:00+08:00,14.560076380605684,14.87152099609375,14.560076380605684,14.87152099609375,161243,0.0,0.0
2014-07-15 00:00:00+08:00,14.793660695342275,14.871521432876989,14.4432840274431,14.637937545776367,220997,0.0,0.0
2014-07-16 00:00:00+08:00,14.599006653132916,14.599006653132916,14.404353141784668,14.404353141784668,78927,0.0,0.0
2014-07-17 00:00:00+08:00,14.443281514783363,14.67686703574421,14.443281514783363,14.521143913269043,38336,0.0,0.0
2014-07-18 00:00:00+08:00,14.560076285170283,14.871520898616957,14.560076285170283,14.793660163879395,72162,0.0,0.0
2014-07-21 00:00:00+08:00,14.793660695342275,14.871521432876989,14.59900717700901,14.637937545776367,52110,0.0,0.0
2014-07-22 00:00:00+08:00,14.599006555835901,14.715799331665039,14.560076188724993,14.715799331665039,48501,0.0,0.0
2014-07-23 00:00:00+08:00,14.715799331665039,14.715799331665039,14.715799331665039,14.715799331665039,0,0.0,0.0
2014-07-24 00:00:00+08:00,14.793660163879395,14.832590531248176,14.715799429141832,14.793660163879395,125397,0.0,0.0
2014-07-25 00:00:00+08:00,14.793657692222045,14.793657692222045,14.560073852539062,14.560073852539062,48485,0.0,0.0
2014-07-28 00:00:00+08:00,14.560073852539062,14.560073852539062,14.521143491674591,14.560073852539062,22550,0.0,0.0
2014-07-29 00:00:00+08:00,14.560076613161291,14.67686939239502,14.404353465681808,14.67686939239502,71050,0.0,0.0
2014-07-30 00:00:00+08:00,14.482214216594611,14.482214216594611,14.015047285435653,14.09290885925293,202975,0.0,0.0
2014-07-31 00:00:00+08:00,14.131838797470873,14.170769164570649,13.89825492037581,13.937185287475586,46260,0.0,0.0
2014-08-01 00:00:00+08:00,13.820392619961789,14.015046119689941,13.781462254915422,14.015046119689941,39802,0.0,0.0
2014-08-04 00:00:00+08:00,13.898255348205566,14.015047290348303,13.859324142659167,13.898255348205566,34069,0.0,0.0
2014-08-05 00:00:00+08:00,13.781462768592078,13.976115438327362,13.664669994603438,13.859323501586914,57626,0.0,0.0
2014-08-06 00:00:00+08:00,13.937184960113868,13.937184960113868,13.19750130460645,13.392155647277832,157855,0.0,0.0
2014-08-07 00:00:00+08:00,13.547877949267477,13.547877949267477,13.23643250804,13.392155647277832,28188,0.0,0.0
2014-08-08 00:00:00+08:00,13.392156174543649,13.392156174543649,12.769265267564709,13.236433029174805,55794,0.0,0.0
2014-08-11 00:00:00+08:00,13.236433029174805,13.314294601859226,13.236433029174805,13.236433029174805,56788,0.0,0.0
2014-08-12 00:00:00+08:00,13.275364981183454,13.275364981183454,13.15857219696045,13.15857219696045,36081,0.0,0.0
2014-08-13 00:00:00+08:00,13.08071010370724,13.08071010370724,12.92498779296875,12.92498779296875,82310,0.0,0.0
2014-08-14 00:00:00+08:00,13.158571242155075,13.158571242155075,12.96391773223877,12.96391773223877,51992,0.0,0.0
2014-08-15 00:00:00+08:00,12.769265271619153,12.88605637481054,12.613541288952645,12.847126007080078,69907,0.0,0.0
2014-08-18 00:00:00+08:00,12.652473331179547,12.847126007080078,12.652473331179547,12.847126007080078,47356,0.0,0.0
2014-08-19 00:00:00+08:00,12.847126007080078,12.847126007080078,12.769265271619153,12.847126007080078,47906,0.0,0.0
2014-08-20 00:00:00+08:00,12.847126007080078,12.963917947519684,12.847126007080078,12.847126007080078,39466,0.0,0.0
2014-08-21 00:00:00+08:00,12.847126725945062,13.15857219696045,12.847126725945062,13.15857219696045,67652,0.0,0.0
2014-08-22 00:00:00+08:00,13.158571027543731,13.19750139399277,13.080709457397461,13.080709457397461,76672,0.0,0.0
2014-08-25 00:00:00+08:00,13.158570816730816,13.23643238562967,13.080709247831964,13.197501182556152,83437,0.0,0.0
2014-08-26 00:00:00+08:00,13.236433029174805,13.314294601859226,13.11964025152406,13.236433029174805,24805,0.0,0.0
2014-08-27 00:00:00+08:00,13.158571456490382,13.275364234141126,13.158571456490382,13.236433029174805,39463,0.0,0.0
2014-08-28 00:00:00+08:00,13.236433122002225,13.625739313658112,13.19750191676288,13.508947372436523,93585,0.0,0.0
2014-08-29 00:00:00+08:00,13.470016593382782,13.470016593382782,13.236432718067851,13.27536392211914,31571,0.0,0.0
2014-09-01 00:00:00+08:00,13.314294601859226,13.392156174543649,13.080709883805959,13.236433029174805,58632,0.0,0.0
2014-09-02 00:00:00+08:00,13.27536392211914,13.27536392211914,13.158571147213475,13.27536392211914,41718,0.0,0.0
2014-09-03 00:00:00+08:00,13.236432718067851,13.392155859776604,13.119639943162186,13.27536392211914,43026,0.0,0.0
2014-09-04 00:00:00+08:00,13.080709883805959,13.236433029174805,13.080709883805959,13.236433029174805,48484,0.0,0.0
2014-09-05 00:00:00+08:00,13.23643238562967,13.23643238562967,13.158570816730816,13.197501182556152,31571,0.0,0.0
2014-09-09 00:00:00+08:00,13.197501824208484,13.314294601859226,13.158571456490382,13.236433029174805,29316,0.0,0.0
2014-09-10 00:00:00+08:00,13.080709883805959,13.236433029174805,13.080709883805959,13.236433029174805,31571,0.0,0.0
2014-09-11 00:00:00+08:00,13.470016255078049,13.470016255078049,13.1196396136573,13.197501182556152,71035,0.0,0.0
2014-09-12 00:00:00+08:00,13.158570816730816,13.197501182556152,13.158570816730816,13.197501182556152,13530,0.0,0.0
2014-09-15 00:00:00+08:00,13.158571456490382,13.236433029174805,13.158571456490382,13.236433029174805,21423,0.0,0.0
2014-09-16 00:00:00+08:00,13.1196398238465,13.158571027543731,13.080709457397461,13.080709457397461,38336,0.0,0.0
2014-09-17 00:00:00+08:00,13.236433031244829,13.236433031244829,12.963917945430842,13.041779518127441,45101,0.0,0.0
2014-09-18 00:00:00+08:00,13.158571242155075,13.158571242155075,12.924987365154792,12.96391773223877,15785,0.0,0.0
2014-09-19 00:00:00+08:00,12.963917520802152,13.19750139399277,12.963917520802152,13.080709457397461,23678,0.0,0.0
2014-09-22 00:00:00+08:00,12.924986516551417,13.080708811911428,12.769264221191406,12.769264221191406,46229,0.0,0.0
2014-09-23 00:00:00+08:00,12.769265271619153,12.924987579789223,12.769265271619153,12.847126007080078,27062,0.0,0.0
2014-09-24 00:00:00+08:00,13.002848315250148,13.002848315250148,12.847126007080078,12.847126007080078,20295,0.0,0.0
2014-09-25 00:00:00+08:00,12.924987264151984,12.924987264151984,12.69140338897705,12.69140338897705,19168,0.0,0.0
2014-09-26 00:00:00+08:00,12.457817826848244,12.613540120594173,12.457817826848244,12.574609756469727,40433,0.0,0.0
2014-09-29 00:00:00+08:00,12.574610283657469,12.652472689667013,12.574610283657469,12.613540649414062,13530,0.0,0.0
2014-09-30 00:00:00+08:00,12.457818469936274,12.808195114135742,12.379956900419927,12.808195114135742,63142,0.0,0.0
2014-10-01 00:00:00+08:00,12.730334066640472,12.924987579789223,12.53568055349172,12.847126007080078,29316,0.0,0.0
2014-10-02 00:00:00+08:00,12.924987798361897,12.924987798361897,12.691403913532579,12.730334281921387,12402,0.0,0.0
2014-10-03 00:00:00+08:00,12.847126218975388,12.92498779296875,12.808195850602823,12.92498779296875,33827,0.0,0.0
2014-10-06 00:00:00+08:00,12.92498779296875,12.92498779296875,12.92498779296875,12.92498779296875,9020,0.0,0.0
2014-10-07 00:00:00+08:00,13.002847882906382,13.002847882906382,12.886055946350098,12.886055946350098,19168,0.0,0.0
2014-10-08 00:00:00+08:00,12.769264221191406,12.886055314775302,12.769264221191406,12.769264221191406,7892,0.0,0.0
2014-10-09 00:00:00+08:00,12.691403268043937,12.769264838109724,12.496748924255371,12.496748924255371,19178,0.0,0.0
2014-10-13 00:00:00+08:00,11.834927670801362,12.146373951037795,11.640275001525879,11.640275001525879,210881,0.0,0.0
2014-10-14 00:00:00+08:00,11.601343581315973,11.601343581315973,11.328828509820086,11.562413215637207,92467,0.0,0.0
2014-10-15 00:00:00+08:00,11.56241405892503,11.640275633209457,11.367759704589844,11.367759704589844,19177,0.0,0.0
2014-10-16 00:00:00+08:00,10.978452670415944,11.367759704589844,10.93952230189785,11.367759704589844,72163,0.0,0.0
2014-10-17 00:00:00+08:00,11.289899314848554,11.289899314848554,11.056315422058105,11.056315422058105,43983,0.0,0.0
2014-10-20 00:00:00+08:00,11.134176461384389,11.250968410925362,11.056315719855931,11.212038040161133,63142,0.0,0.0
2014-10-21 00:00:00+08:00,11.25096723796305,11.25096723796305,10.939521792573903,11.134175300598145,56407,0.0,0.0
2014-10-22 00:00:00+08:00,11.173106930557568,11.289898872375488,10.978452577863392,11.289898872375488,36081,0.0,0.0
2014-10-23 00:00:00+08:00,10.978452807389381,11.0563152198935,10.78380012512207,10.78380012512207,81193,0.0,0.0
2014-10-24 00:00:00+08:00,10.939522004014364,10.939522004014364,10.78379969693407,10.82273006439209,36081,0.0,0.0
2014-10-27 00:00:00+08:00,10.58914727271996,10.58914727271996,10.238770580619017,10.433424949645996,76672,0.0,0.0
2014-10-28 00:00:00+08:00,10.277701789323734,10.433424949645996,10.277701789323734,10.433424949645996,25942,0.0,0.0
2014-10-29 00:00:00+08:00,10.355561262674003,10.744868278503418,10.355561262674003,10.744868278503418,32699,0.0,0.0
2014-10-30 00:00:00+08:00,10.511285241153246,10.744868278503418,10.511285241153246,10.744868278503418,21424,0.0,0.0
2014-10-31 00:00:00+08:00,11.056315422058105,11.056315422058105,10.978453008130272,11.056315422058105,18040,0.0,0.0
2014-11-03 00:00:00+08:00,10.978452586723392,10.978452586723392,10.667007966456408,10.900591850280762,23734,0.0,0.0
2014-11-04 00:00:00+08:00,10.900591850280762,10.978452586723392,10.900591850280762,10.900591850280762,7902,0.0,0.0
2014-11-05 00:00:00+08:00,10.783800322303739,11.056315422058105,10.783800322303739,11.056315422058105,9020,0.0,0.0
2014-11-06 00:00:00+08:00,10.82273006439209,10.82273006439209,10.82273006439209,10.82273006439209,10147,0.0,0.0
2014-11-07 00:00:00+08:00,10.78379948243528,10.78379948243528,10.744868278503418,10.744868278503418,14667,0.0,0.0
2014-11-10 00:00:00+08:00,10.744870100205654,10.744870100205654,10.589147769821396,10.667009353637695,20295,0.0,0.0
2014-11-11 00:00:00+08:00,10.705939726921674,10.705939726921674,10.667009353637695,10.667009353637695,19180,0.0,0.0
2014-11-12 00:00:00+08:00,10.589144706726074,10.628075068748766,10.472352783409903,10.589144706726074,34953,0.0,0.0
2014-11-13 00:00:00+08:00,10.550215089230914,10.744867750329085,10.550215089230914,10.705937385559082,15786,0.0,0.0
2014-11-14 00:00:00+08:00,10.667007020789079,10.86165968188725,10.62807581877092,10.705937385559082,12404,0.0,0.0
2014-11-17 00:00:00+08:00,10.667009353637695,10.667009353637695,10.667009353637695,10.667009353637695,10155,0.0,0.0
2014-11-18 00:00:00+08:00,10.667007020789079,10.90059088390541,10.62807581877092,10.705937385559082,82310,0.0,0.0
2014-11-19 00:00:00+08:00,10.78379948243528,10.78379948243528,10.705937911819756,10.744868278503418,21458,0.0,0.0
2014-11-20 00:00:00+08:00,10.783800002442234,11.05631509411345,10.783800002442234,10.978452682495117,80055,0.0,0.0
2014-11-21 00:00:00+08:00,11.056315719855931,11.289899618937877,11.056315719855931,11.212038040161133,58632,0.0,0.0
2014-11-24 00:00:00+08:00,11.056314896980574,11.212037205696015,11.01738452911377,11.01738452911377,33826,0.0,0.0
2014-11-25 00:00:00+08:00,10.978453008130272,11.056315422058105,10.900592268698965,11.056315422058105,13530,0.0,0.0
2014-11-26 00:00:00+08:00,10.939522638414617,11.056315422058105,10.939522638414617,11.056315422058105,5637,0.0,0.0
2014-11-27 00:00:00+08:00,11.289898979975497,11.289898979975497,10.861660739564092,10.978452682495117,26970,0.0,0.0
2014-11-28 00:00:00+08:00,10.978452156245593,10.978452156245593,10.939521789550781,10.939521789550781,3382,0.0,0.0
2014-12-01 00:00:00+08:00,10.939521789550781,10.939521789550781,10.939521789550781,10.939521789550781,0,0.0,0.0
2014-12-02 00:00:00+08:00,10.78380012512207,10.78380012512207,10.78380012512207,10.78380012512207,47361,0.0,0.0
2014-12-03 00:00:00+08:00,10.861661911010742,10.861661911010742,10.861661911010742,10.861661911010742,15785,0.0,0.0
2014-12-04 00:00:00+08:00,10.978452682495117,10.978452682495117,10.978452682495117,10.978452682495117,104071,0.0,0.0
2014-12-05 00:00:00+08:00,10.978452682495117,10.978452682495117,10.90059194537326,10.978452682495117,30566,0.0,0.0
2014-12-08 00:00:00+08:00,11.017385332410777,11.406691551208496,11.017385332410777,11.406691551208496,144325,0.0,0.0
2014-12-09 00:00:00+08:00,11.484551550573205,11.484551550573205,11.13417572511944,11.289898872375488,44425,0.0,0.0
2014-12-10 00:00:00+08:00,11.09524579177376,11.134176161489414,11.056315422058105,11.056315422058105,21423,0.0,0.0
2014-12-11 00:00:00+08:00,11.056315719855931,11.212038040161133,11.056315719855931,11.212038040161133,24805,0.0,0.0
2014-12-12 00:00:00+08:00,11.328829545516768,11.79599816261201,11.328829545516768,11.445621490478516,92458,0.0,0.0
2014-12-15 00:00:00+08:00,11.640274784242914,11.67920514992168,11.44562044410456,11.562413215637207,76672,0.0,0.0
2014-12-16 00:00:00+08:00,11.679205989728374,11.834928300889002,11.52348284131951,11.75706672668457,36081,0.0,0.0
2014-12-17 00:00:00+08:00,11.834928747694725,11.873859117642569,11.523483276367188,11.523483276367188,60003,0.0,0.0
2014-12-18 00:00:00+08:00,11.48455112158144,11.718135833740234,11.406690388110041,11.718135833740234,43270,0.0,0.0
2014-12-19 00:00:00+08:00,11.718136586888095,11.757066956125927,11.445621490478516,11.445621490478516,94938,0.0,0.0
2014-12-22 00:00:00+08:00,11.367759704589844,11.367759704589844,11.367759704589844,11.367759704589844,3382,0.0,0.0
2014-12-23 00:00:00+08:00,11.3677599147546,11.445621490478516,11.328829545516768,11.445621490478516,16913,0.0,0.0
2014-12-24 00:00:00+08:00,11.445621267115076,11.75706672668457,11.367759692910644,11.75706672668457,137954,0.0,0.0
2014-12-25 00:00:00+08:00,11.718136047489047,11.83492798707473,11.679205680043225,11.795997619628906,31571,0.0,0.0
2014-12-26 00:00:00+08:00,11.795996263945792,12.029580116271973,11.757065063726017,12.029580116271973,51145,0.0,0.0
2014-12-29 00:00:00+08:00,11.83492660522461,12.068510457122644,11.679204316375293,11.83492660522461,198447,0.0,0.0
2014-12-30 00:00:00+08:00,11.757066203310853,11.951719711532684,11.757066203310853,11.912789344787598,95962,0.0,0.0
2014-12-31 00:00:00+08:00,11.834926626917449,12.029580116271973,11.834926626917449,12.029580116271973,22550,0.0,0.0
2015-01-05 00:00:00+08:00,12.029580737375548,12.224234236780296,11.679204940795898,11.679204940795898,112754,0.0,0.0
2015-01-06 00:00:00+08:00,11.75706567075927,11.91278880518233,11.640274575814214,11.679204940795898,50832,0.0,0.0
2015-01-07 00:00:00+08:00,11.795997404459833,11.795997404459833,11.679205467004534,11.718135833740234,10147,0.0,0.0
2015-01-08 00:00:00+08:00,11.757066203310853,12.029581282271057,11.757066203310853,11.912789344787598,16913,0.0,0.0
2015-01-09 00:00:00+08:00,11.834927771195531,11.834927771195531,11.718135833740234,11.718135833740234,50861,0.0,0.0
2015-01-12 00:00:00+08:00,11.718135836565766,11.912789344787598,11.718135836565766,11.912789344787598,41740,0.0,0.0
2015-01-13 00:00:00+08:00,11.834928273744685,12.730334281921387,11.834928273744685,12.730334281921387,278525,0.0,0.0
2015-01-14 00:00:00+08:00,12.769265391240737,12.847126127431055,12.457819097486551,12.652473449707031,214271,0.0,0.0
2015-01-15 00:00:00+08:00,12.652473556202274,12.652473556202274,12.302096891403826,12.34102725982666,81698,0.0,0.0
2015-01-16 00:00:00+08:00,12.341026516475528,12.341026516475528,12.224234580993652,12.224234580993652,39463,0.0,0.0
2015-01-19 00:00:00+08:00,12.224233967605278,12.652472159214906,12.224233967605278,12.574609756469727,78927,0.0,0.0
2015-01-20 00:00:00+08:00,12.613540548087427,12.613540548087427,12.535679817199707,12.535679817199707,38336,0.0,0.0
2015-01-21 00:00:00+08:00,12.535680776437301,12.730334293047944,12.34102725982666,12.34102725982666,38336,0.0,0.0
2015-01-22 00:00:00+08:00,12.418888191437775,12.496748924255371,12.341026621371986,12.496748924255371,25933,0.0,0.0
2015-01-23 00:00:00+08:00,12.418888833920564,12.457819202343398,12.302096891403826,12.34102725982666,38336,0.0,0.0
2015-01-26 00:00:00+08:00,12.341027989239972,12.457819938659668,12.341027989239972,12.457819938659668,20361,0.0,0.0
2015-01-27 00:00:00+08:00,12.457819938659668,12.53568151735556,12.457819938659668,12.457819938659668,48484,0.0,0.0
2015-01-28 00:00:00+08:00,12.341027782698736,12.379958152770996,12.341027782698736,12.379958152770996,9020,0.0,0.0
2015-01-29 00:00:00+08:00,12.341026522598407,12.418888092041016,12.302096156501195,12.418888092041016,15785,0.0,0.0
2015-01-30 00:00:00+08:00,12.379957628249494,12.379957628249494,12.34102725982666,12.34102725982666,13530,0.0,0.0
2015-02-02 00:00:00+08:00,12.418888301612935,12.418888301612935,11.990650081076048,12.107442855834961,25933,0.0,0.0
2015-02-03 00:00:00+08:00,12.146374059837333,12.146374059837333,11.990650081076048,12.107442855834961,40591,0.0,0.0
2015-02-04 00:00:00+08:00,12.068510479243631,12.068510479243631,11.990648916052198,12.029580116271973,30443,0.0,0.0
2015-02-05 00:00:00+08:00,12.068512180357398,12.068512180357398,11.951720237731934,11.951720237731934,27060,0.0,0.0
2015-02-06 00:00:00+08:00,11.990648916052198,12.029580116271973,11.95171855308054,12.029580116271973,29316,0.0,0.0
2015-02-09 00:00:00+08:00,12.107443386064713,12.107443386064713,11.951720237731934,11.951720237731934,30443,0.0,0.0
2015-02-10 00:00:00+08:00,11.990650177001953,11.990650177001953,11.951719809936336,11.990650177001953,24805,0.0,0.0
2015-02-11 00:00:00+08:00,11.99065060619101,11.99065060619101,11.951720237731934,11.951720237731934,6765,0.0,0.0
2015-02-12 00:00:00+08:00,11.951720237731934,11.951720237731934,11.912789869272856,11.951720237731934,19168,0.0,0.0
2015-02-13 00:00:00+08:00,11.912789875093436,11.912789875093436,11.718136358206472,11.75706672668457,50739,0.0,0.0
2015-02-24 00:00:00+08:00,11.83492903462589,12.068512934472587,11.83492903462589,11.873859405517578,55926,0.0,0.0
2015-02-25 00:00:00+08:00,11.834927871491278,11.990650177001953,11.795997504425662,11.990650177001953,7892,0.0,0.0
2015-02-26 00:00:00+08:00,11.912789442870718,11.990650177001953,11.912789442870718,11.990650177001953,21423,0.0,0.0
2015-03-02 00:00:00+08:00,12.068511649016143,12.068511649016143,11.912789344787598,11.912789344787598,11275,0.0,0.0
2015-03-03 00:00:00+08:00,12.068511649016143,12.068511649016143,11.912789344787598,11.912789344787598,22550,0.0,0.0
2015-03-04 00:00:00+08:00,11.873859387898765,12.068512916564941,11.795998646230924,12.068512916564941,15785,0.0,0.0
2015-03-05 00:00:00+08:00,11.951719809936336,11.990650177001953,11.757066300111838,11.990650177001953,52994,0.0,0.0
2015-03-06 00:00:00+08:00,11.912790595980972,12.146375332729356,11.912790595980972,12.068512916564941,63162,0.0,0.0
2015-03-09 00:00:00+08:00,12.068512916564941,12.068512916564941,11.912790595980972,12.068512916564941,28414,0.0,0.0
2015-03-10 00:00:00+08:00,11.951718531173627,11.951718531173627,11.757065042175894,11.83492660522461,38429,0.0,0.0
2015-03-11 00:00:00+08:00,11.83492660522461,11.912788168273327,11.795996242324309,11.83492660522461,22550,0.0,0.0
2015-03-12 00:00:00+08:00,11.795998663734204,11.873859405517578,11.795998663734204,11.873859405517578,21423,0.0,0.0
2015-03-13 00:00:00+08:00,11.83492660522461,11.951718531173627,11.757065042175894,11.83492660522461,21423,0.0,0.0
2015-03-16 00:00:00+08:00,11.83492660522461,11.83492660522461,11.83492660522461,11.83492660522461,0,0.0,0.0
2015-03-17 00:00:00+08:00,11.795997407304139,11.99065007827777,11.757066203310853,11.912789344787598,45102,0.0,0.0
2015-03-18 00:00:00+08:00,12.068512590126439,12.652473997577813,11.912790273754567,12.30209732055664,213176,0.0,0.0
2015-03-19 00:00:00+08:00,12.379958359963776,12.53568151735556,12.341027989239972,12.457819938659668,66919,0.0,0.0
2015-03-20 00:00:00+08:00,12.613541513282971,12.613541513282971,12.34102725982666,12.34102725982666,34953,0.0,0.0
2015-03-23 00:00:00+08:00,12.068511442185695,12.263165784319735,12.068511442185695,12.224234580993652,21423,0.0,0.0
2015-03-24 00:00:00+08:00,12.224236039820276,12.53568151735556,12.146375298372668,12.457819938659668,54125,0.0,0.0
2015-03-25 00:00:00+08:00,12.457817826848244,12.769264088836389,12.418887462723797,12.574609756469727,102662,0.0,0.0
2015-03-26 00:00:00+08:00,12.691403055423606,12.7303334211802,12.574610283657469,12.613540649414062,43975,0.0,0.0
2015-03-27 00:00:00+08:00,12.691403055423606,12.691403055423606,12.535679917900875,12.613540649414062,58658,0.0,0.0
2015-03-30 00:00:00+08:00,12.457819938659668,12.730335045471149,12.457819938659668,12.457819938659668,77800,0.0,0.0
2015-03-31 00:00:00+08:00,12.457819730163784,12.457819730163784,12.302097412626477,12.379958152770996,18075,0.0,0.0
2015-04-01 00:00:00+08:00,12.379956987780785,12.53568012791236,12.379956987780785,12.496748924255371,15785,0.0,0.0
2015-04-02 00:00:00+08:00,12.496748614507677,12.574610182643568,12.457818249063816,12.535679817199707,34953,0.0,0.0
2015-04-07 00:00:00+08:00,12.535680670925098,12.69140381780219,12.49674946558171,12.652473449707031,50861,0.0,0.0
2015-04-08 00:00:00+08:00,12.769265357115872,13.508947372436523,12.769265357115872,13.508947372436523,431847,0.0,0.0
2015-04-09 00:00:00+08:00,14.092909041149566,14.443284034729004,13.781463579108882,14.443284034729004,1551877,0.0,0.0
2015-04-10 00:00:00+08:00,14.676869589040207,15.10510531997761,14.248630509109834,14.637937545776367,1112213,0.0,0.0
2015-04-13 00:00:00+08:00,14.754729896418613,14.754729896418613,14.365422871101858,14.482213973999023,454856,0.0,0.0
2015-04-14 00:00:00+08:00,14.48221445746524,15.494412422180176,14.48221445746524,15.494412422180176,790930,0.0,0.0
2015-04-15 00:00:00+08:00,16.195166101233028,16.273026840733063,15.494412747746601,15.572275161743164,1388102,0.0,0.0
2015-04-16 00:00:00+08:00,15.844786489119663,15.844786489119663,15.299758064597123,15.377618789672852,450412,0.0,0.0
2015-04-17 00:00:00+08:00,14.871518413950989,15.105102253633971,14.365420373720555,14.560073852539062,573989,0.0,0.0
2015-04-20 00:00:00+08:00,14.404352281898086,14.404352281898086,13.859322985008154,14.015046119689941,399149,0.0,0.0
2015-04-21 00:00:00+08:00,14.092907543198322,14.092907543198322,13.625738143920898,13.625738143920898,166875,0.0,0.0
2015-04-22 00:00:00+08:00,13.625738790857826,13.937185071829944,13.625738790857826,13.859323501586914,103970,0.0,0.0
2015-04-23 00:00:00+08:00,14.092907687030836,14.092907687030836,13.937184552349049,14.015046119689941,121774,0.0,0.0
2015-04-24 00:00:00+08:00,14.053975504052973,14.209698637145447,13.625738143920898,13.625738143920898,154473,0.0,0.0
2015-04-27 00:00:00+08:00,13.625738786805517,13.97611543417085,13.625738786805517,13.66466999053955,90325,0.0,0.0
2015-04-28 00:00:00+08:00,13.742530519552712,14.053975958561722,13.703600153644654,13.976115226745605,85693,0.0,0.0
2015-04-29 00:00:00+08:00,13.976115438327362,14.092908212316003,13.742530727598274,13.859323501586914,139815,0.0,0.0
2015-04-30 00:00:00+08:00,13.859323291773249,14.17076873078226,13.859323291773249,13.976115226745605,56377,0.0,0.0
2015-05-04 00:00:00+08:00,13.976118138404326,14.248632431030273,13.937187764385863,14.248632431030273,95734,0.0,0.0
2015-05-05 00:00:00+08:00,14.2486298987702,14.287561940366388,13.937185287475586,13.937185287475586,129667,0.0,0.0
2015-05-06 00:00:00+08:00,13.898254918217244,13.898254918217244,13.470016693945196,13.54787826538086,198447,0.0,0.0
2015-05-07 00:00:00+08:00,13.58680863247459,13.82039334678158,13.54787826538086,13.54787826538086,78927,0.0,0.0
2015-05-08 00:00:00+08:00,13.547878164237158,13.547878164237158,13.236432718067851,13.27536392211914,66524,0.0,0.0
2015-05-11 00:00:00+08:00,13.23643382959514,13.23643382959514,12.379958152770996,12.379958152770996,222125,0.0,0.0
2015-05-12 00:00:00+08:00,12.379957752584792,12.418888958646859,11.990650715453594,12.146374702453613,214232,0.0,0.0
2015-05-13 00:00:00+08:00,12.18530559539795,12.224235965886296,12.146375224909601,12.18530559539795,47356,0.0,0.0
2015-05-14 00:00:00+08:00,12.185304128906257,13.002847671508789,12.185304128906257,13.002847671508789,267444,0.0,0.0
2015-05-15 00:00:00+08:00,12.963916746706765,12.963916746706765,12.53567939234528,12.574609756469727,193936,0.0,0.0
2015-05-18 00:00:00+08:00,12.613542047701094,12.691404462342154,12.379958152770996,12.379958152770996,55249,0.0,0.0
2015-05-19 00:00:00+08:00,12.418889567935864,12.457819938659668,12.146375298372668,12.457819938659668,24063,0.0,0.0
2015-05-20 00:00:00+08:00,12.45781834913951,12.613540649414062,12.45781834913951,12.613540649414062,43188,0.0,0.0
2015-05-21 00:00:00+08:00,12.457819938659668,12.65247430402354,12.341027989239972,12.457819938659668,37208,0.0,0.0
2015-05-22 00:00:00+08:00,12.418887462723797,12.574609756469727,12.263165168977865,12.574609756469727,56377,0.0,0.0
2015-05-25 00:00:00+08:00,12.341027989239972,12.574611888079364,12.341027989239972,12.457819938659668,16913,0.0,0.0
2015-05-26 00:00:00+08:00,12.457817826848244,12.769264088836389,12.34102589722676,12.574609756469727,62014,0.0,0.0
2015-05-27 00:00:00+08:00,12.496749554629377,13.197502046073167,12.496749554629377,12.92498779296875,70245,0.0,0.0
2015-05-28 00:00:00+08:00,12.92498779296875,13.08071010370724,12.613541496995301,12.92498779296875,138169,0.0,0.0
2015-05-29 00:00:00+08:00,12.924986516551417,13.080708811911428,12.769264221191406,12.769264221191406,73290,0.0,0.0
2015-06-01 00:00:00+08:00,12.69140381780219,12.69140381780219,12.379957524048004,12.652473449707031,16123,0.0,0.0
2015-06-02 00:00:00+08:00,12.61354098092114,12.96391763093174,12.61354098092114,12.69140338897705,19168,0.0,0.0
2015-06-03 00:00:00+08:00,12.61354098092114,12.69140338897705,12.45781867655392,12.69140338897705,40591,0.0,0.0
2015-06-04 00:00:00+08:00,12.496750006709414,12.496750006709414,12.30209732055664,12.30209732055664,30443,0.0,0.0
2015-06-05 00:00:00+08:00,12.146374275634168,12.146374275634168,11.679205680043225,11.795997619628906,245803,0.0,0.0
2015-06-08 00:00:00+08:00,11.87385696812491,11.912788168273327,11.757065042175894,11.83492660522461,40670,0.0,0.0
2015-06-09 00:00:00+08:00,11.757066644308129,11.757066644308129,10.978452582215672,11.095245361328125,70471,0.0,0.0
2015-06-10 00:00:00+08:00,11.13417572511944,11.328829240565387,11.095245356929542,11.289898872375488,37713,0.0,0.0
2015-06-11 00:00:00+08:00,11.445620239161304,11.8349272379708,11.367758671949773,11.679204940795898,94713,0.0,0.0
2015-06-12 00:00:00+08:00,11.679204316375293,11.87385696812491,11.679204316375293,11.83492660522461,13810,0.0,0.0
2015-06-15 00:00:00+08:00,11.679204316375293,11.83492660522461,11.679204316375293,11.83492660522461,19168,0.0,0.0
2015-06-16 00:00:00+08:00,11.52348119027786,11.83492660522461,11.52348119027786,11.83492660522461,4510,0.0,0.0
2015-06-17 00:00:00+08:00,11.795997619628906,11.795997619628906,11.523482535763506,11.795997619628906,60887,0.0,0.0
2015-06-18 00:00:00+08:00,12.379958285087966,12.379958285087966,11.795998541521358,12.18530559539795,19168,0.0,0.0
2015-06-22 00:00:00+08:00,11.951720732983059,12.379958152770996,11.951720732983059,12.379958152770996,34953,0.0,0.0
2015-06-23 00:00:00+08:00,12.457818384752297,13.586808204650879,12.457818384752297,13.586808204650879,297968,0.0,0.0
2015-06-24 00:00:00+08:00,14.015046863867818,14.910452842712402,13.937185292392593,14.910452842712402,1085030,0.0,0.0
2015-06-25 00:00:00+08:00,15.805858566424915,16.19516560089068,13.625739508315919,14.170769691467285,1261021,0.0,0.0
2015-06-26 00:00:00+08:00,14.170769262489623,14.793660163879395,14.170769262489623,14.793660163879395,297670,0.0,0.0
2015-06-29 00:00:00+08:00,15.494411460563054,15.494411460563054,14.793659839787429,15.105104446411133,376717,0.0,0.0
2015-06-30 00:00:00+08:00,15.494411460563054,15.572273868091271,14.871520572819259,15.105104446411133,119636,0.0,0.0
2015-07-01 00:00:00+08:00,15.105102253633971,15.105102253633971,14.015044614196084,14.560073852539062,228184,0.0,0.0
2015-07-02 00:00:00+08:00,14.482213551786568,14.754729466261269,14.365422452294315,13.859323501586914,200814,0.0,0.0
2015-07-03 00:00:00+08:00,14.552289498758721,14.552289498758721,13.900086131324253,14.022374153137207,140942,0.709509,0.0
2015-07-06 00:00:00+08:00,13.940849694017135,14.593053116701714,13.940849694017135,14.185425758361816,128539,0.0,0.0
2015-07-07 00:00:00+08:00,14.103900238782494,14.348476305336739,13.940849819962379,13.981612205505371,77800,0.0,0.0
2015-07-08 00:00:00+08:00,14.103899556306324,14.103899556306324,13.207119227921645,13.859323501586914,154473,0.0,0.0
2015-07-09 00:00:00+08:00,13.614747047424316,13.859323987364398,13.084831659193009,13.614747047424316,36081,0.0,0.0
2015-07-10 00:00:00+08:00,13.614747047424316,13.614747047424316,13.614747047424316,13.614747047424316,0,0.0,0.0
2015-07-13 00:00:00+08:00,13.981611167929094,14.144661574649227,13.900086402893066,13.900086402893066,41752,0.0,0.0
2015-07-14 00:00:00+08:00,13.900086964269873,13.900086964269873,13.737034797668457,13.737034797668457,11275,0.0,0.0
2015-07-15 00:00:00+08:00,13.53322148921356,13.696271896362305,13.207118921619898,13.696271896362305,31753,0.0,0.0
2015-07-16 00:00:00+08:00,13.696271896362305,13.696271896362305,13.61474625446389,13.696271896362305,22550,0.0,0.0
2015-07-17 00:00:00+08:00,13.61474680967195,13.655510070607521,13.451696395874023,13.451696395874023,21423,0.0,0.0
2015-07-20 00:00:00+08:00,13.777798260351659,13.900087167932456,13.533222198486328,13.533222198486328,42846,0.0,0.0
2015-07-21 00:00:00+08:00,13.614746218674648,14.185424833815322,13.614746218674648,13.900086402893066,37208,0.0,0.0
2015-07-22 00:00:00+08:00,14.063137062934263,15.163729300578456,14.022374679681992,14.633814811706543,118391,0.0,0.0
2015-07-23 00:00:00+08:00,14.75610498384746,15.000681057691866,14.348476733026494,14.796867370605469,92458,0.0,0.0
2015-07-24 00:00:00+08:00,14.674578268617745,14.674578268617745,14.430002212524414,14.430002212524414,32792,0.0,0.0
2015-07-27 00:00:00+08:00,14.511526898604078,14.511526898604078,13.859323501586914,13.859323501586914,49712,0.0,0.0
2015-07-28 00:00:00+08:00,13.859324607578515,14.103900681815404,13.61474765669345,13.940850257873535,25933,0.0,0.0
2015-07-29 00:00:00+08:00,14.022375186299543,14.103899955749512,13.818560632730234,14.103899955749512,6887,0.0,0.0
2015-07-30 00:00:00+08:00,14.307712578484747,14.348474960206376,13.859322872954557,14.022374153137207,56377,0.0,0.0
2015-07-31 00:00:00+08:00,13.940850257873535,13.940850257873535,13.573985269870025,13.940850257873535,33826,0.0,0.0
2015-08-03 00:00:00+08:00,13.370172459104733,13.940850257873535,13.370172459104733,13.940850257873535,10147,0.0,0.0
2015-08-04 00:00:00+08:00,13.940849348434138,14.022374993410788,13.614746768527544,13.737034797668457,63142,0.0,0.0
2015-08-05 00:00:00+08:00,14.266949653625488,14.266949653625488,14.266949653625488,14.266949653625488,1127,0.0,0.0
2015-08-06 00:00:00+08:00,13.73703427898747,13.73703427898747,13.696271896362305,13.696271896362305,3382,0.0,0.0
2015-08-07 00:00:00+08:00,14.022375341014742,14.266950528711286,13.859324047019527,14.185425758361816,54121,0.0,0.0
2015-08-10 00:00:00+08:00,14.22618871893385,14.67457935723238,13.940850257873535,13.940850257873535,71035,0.0,0.0
2015-08-11 00:00:00+08:00,14.226188506131184,14.226188506131184,13.696273102112553,14.144662857055664,18040,0.0,0.0
2015-08-12 00:00:00+08:00,14.103898949263263,14.14466133107935,13.777797264790356,13.818559646606445,34953,0.0,0.0
2015-08-13 00:00:00+08:00,13.940849145376086,13.940849145376086,13.859323501586914,13.859323501586914,19168,0.0,0.0
2015-08-14 00:00:00+08:00,14.022374153137207,14.022374153137207,14.022374153137207,14.022374153137207,2255,0.0,0.0
2015-08-17 00:00:00+08:00,13.696271674577867,13.696271674577867,12.96254266266961,13.247882843017578,86874,0.0,0.0
2015-08-18 00:00:00+08:00,13.247882843017578,13.247882843017578,13.044068303247878,13.247882843017578,28188,0.0,0.0
2015-08-19 00:00:00+08:00,12.758731524118382,12.962544336916478,12.310340881347656,12.310340881347656,18040,0.0,0.0
2015-08-20 00:00:00+08:00,12.799492153624687,12.799492153624687,12.228814427533822,12.677204132080078,32698,0.0,0.0
2015-08-21 00:00:00+08:00,12.228814374146367,12.391864776611328,11.821187053011878,12.391864776611328,22550,0.0,0.0
2015-08-24 00:00:00+08:00,11.495086220713567,11.739663176105061,11.168985366821289,11.168985366821289,95840,0.0,0.0
2015-08-25 00:00:00+08:00,10.598305625127384,11.332034664914257,10.598305625127384,11.087458610534668,184916,0.0,0.0
2015-08-26 00:00:00+08:00,11.168984800957434,11.41356086730957,11.168984800957434,11.41356086730957,31571,0.0,0.0
2015-08-27 00:00:00+08:00,11.454323252818877,11.454323252818877,11.41356086730957,11.41356086730957,19168,0.0,0.0
2015-08-28 00:00:00+08:00,11.821187377262397,11.821187377262397,11.495084810091493,11.780424118041992,23678,0.0,0.0
2015-08-31 00:00:00+08:00,11.739662608381561,11.739662608381561,11.250509597901928,11.69890022277832,12402,0.0,0.0
2015-09-01 00:00:00+08:00,11.902713130069941,12.188053338345474,11.902713130069941,12.065764427185059,36081,0.0,0.0
2015-09-02 00:00:00+08:00,12.188053067591461,13.1663573219568,11.94347612735199,13.044069290161133,73389,0.0,0.0
2015-09-03 00:00:00+08:00,12.758730858567844,12.881018890526903,12.351103500938889,12.47339153289795,48484,0.0,0.0
2015-09-04 00:00:00+08:00,12.432628919685786,12.514154570793936,12.310340881347656,12.310340881347656,23678,0.0,0.0
2015-09-07 00:00:00+08:00,12.188053338345474,12.188053338345474,12.065764427185059,12.065764427185059,25933,0.0,0.0
2015-09-08 00:00:00+08:00,12.106528431227401,12.188054084777832,11.984239512577652,12.188054084777832,32732,0.0,0.0
2015-09-09 00:00:00+08:00,12.188052014519407,12.188052014519407,12.024999858466321,12.106526374816895,45102,0.0,0.0
2015-09-10 00:00:00+08:00,12.10652689285161,12.228814919314017,11.821187580007264,12.147289276123047,49611,0.0,0.0
2015-09-11 00:00:00+08:00,12.269578494117672,12.351104145225822,12.188053719657708,12.310340881347656,22550,0.0,0.0
2015-09-14 00:00:00+08:00,12.595678437178574,12.595678437178574,12.351102395157103,12.391864776611328,16913,0.0,0.0
2015-09-15 00:00:00+08:00,12.351104515230482,12.351104515230482,12.025001901028762,12.188054084777832,27060,0.0,0.0
2015-09-16 00:00:00+08:00,12.310339159101083,12.310339159101083,12.106526374816895,12.106526374816895,30444,0.0,0.0
2015-09-17 00:00:00+08:00,12.47339097223883,12.47339097223883,12.10652689285161,12.147289276123047,49611,0.0,0.0
2015-09-18 00:00:00+08:00,12.310339846341023,12.310339846341023,12.14728943448157,12.228815078735352,15785,0.0,0.0
2015-09-21 00:00:00+08:00,12.065764427185059,12.065764427185059,12.065764427185059,12.065764427185059,5637,0.0,0.0
2015-09-22 00:00:00+08:00,12.065764427185059,12.106527689787915,12.065764427185059,12.065764427185059,15787,0.0,0.0
2015-09-23 00:00:00+08:00,11.902712346550135,12.147289276123047,11.902712346550135,12.147289276123047,2256,0.0,0.0
2015-09-24 00:00:00+08:00,12.269577507147051,12.269577507147051,11.454322814941406,11.454322814941406,25933,0.0,0.0
2015-09-25 00:00:00+08:00,11.86195074411524,12.065764427185059,11.658137061045421,12.065764427185059,46229,0.0,0.0
2015-09-29 00:00:00+08:00,12.065764427185059,12.065764427185059,12.065764427185059,12.065764427185059,0,0.0,0.0
2015-09-30 00:00:00+08:00,11.821188775520381,12.025001589137876,11.739663124084473,11.739663124084473,41718,0.0,0.0
2015-10-01 00:00:00+08:00,11.90271341336785,11.943476676940918,11.821188639518066,11.943476676940918,24166,0.0,0.0
2015-10-02 00:00:00+08:00,12.147289276123047,12.391865329047858,11.984237989741105,12.147289276123047,75545,0.0,0.0
2015-10-05 00:00:00+08:00,12.106527713157183,12.351103782653809,12.025001187794098,12.351103782653809,34953,0.0,0.0
2015-10-06 00:00:00+08:00,12.391866144767137,12.391866144767137,11.9842387786275,12.065764427185059,60887,0.0,0.0
2015-10-07 00:00:00+08:00,12.025000913517216,12.47339153289795,11.943476143309935,12.47339153289795,41718,0.0,0.0
2015-10-08 00:00:00+08:00,12.228816015359692,12.228816015359692,11.943476676940918,11.943476676940918,44166,0.0,0.0
2015-10-12 00:00:00+08:00,11.943476083508122,11.943476083508122,11.861950437060909,11.90271282196045,21899,0.0,0.0
2015-10-13 00:00:00+08:00,12.065764559635776,12.065764559635776,11.861950874328613,11.861950874328613,31571,0.0,0.0
2015-10-14 00:00:00+08:00,11.821187019348145,11.821187019348145,11.821187019348145,11.821187019348145,15785,0.0,0.0
2015-10-15 00:00:00+08:00,11.984238468407662,11.984238468407662,11.90271282196045,11.90271282196045,10147,0.0,0.0
2015-10-16 00:00:00+08:00,11.943476083508122,11.984238468407662,11.90271282196045,11.90271282196045,28188,0.0,0.0
2015-10-19 00:00:00+08:00,11.984238468407662,11.984238468407662,11.90271282196045,11.90271282196045,10248,0.0,0.0
2015-10-20 00:00:00+08:00,11.902712543716502,12.02500057220459,11.902712543716502,12.02500057220459,13624,0.0,0.0
2015-10-21 00:00:00+08:00,12.147289477340788,12.147289477340788,11.943475804311273,12.02500057220459,25933,0.0,0.0
2015-10-22 00:00:00+08:00,12.065764714363771,12.065764714363771,11.943476676940918,11.943476676940918,22550,0.0,0.0
2015-10-23 00:00:00+08:00,12.024999836931062,12.96254250021078,12.024999836931062,12.391864776611328,124187,0.0,0.0
2015-10-26 00:00:00+08:00,12.432628783985791,12.514154434204102,12.351104010415655,12.514154434204102,37208,0.0,0.0
2015-10-27 00:00:00+08:00,12.269577026367188,12.269577026367188,12.10652662030401,12.269577026367188,43974,0.0,0.0
2015-10-28 00:00:00+08:00,12.351103859020958,12.432628631591797,12.188053437231115,12.432628631591797,23678,0.0,0.0
2015-10-29 00:00:00+08:00,12.351102667722817,12.351102667722817,12.269577026367188,12.269577026367188,39463,0.0,0.0
2015-10-30 00:00:00+08:00,12.228815823516536,12.432628631591797,12.228815823516536,12.432628631591797,4511,0.0,0.0
2015-11-02 00:00:00+08:00,12.432629292132702,12.432629292132702,12.147290819678512,12.188054084777832,14658,0.0,0.0
2015-11-03 00:00:00+08:00,12.188053338345474,12.391866144767137,11.86195074411524,12.065764427185059,33827,0.0,0.0
2015-11-04 00:00:00+08:00,12.188053719657708,12.310340881347656,12.065764804671392,12.310340881347656,11275,0.0,0.0
2015-11-05 00:00:00+08:00,12.310339159101083,12.310339159101083,12.065763116641609,12.106526374816895,13530,0.0,0.0
2015-11-06 00:00:00+08:00,12.10652689285161,12.147289276123047,11.861949963278699,12.147289276123047,18040,0.0,0.0
2015-11-09 00:00:00+08:00,12.147289276123047,12.310339685856889,12.065763632932075,12.147289276123047,9020,0.0,0.0
2015-11-10 00:00:00+08:00,12.065764114854877,12.065764114854877,11.821188052161368,11.90271282196045,13530,0.0,0.0
2015-11-11 00:00:00+08:00,11.90271242227873,11.90271242227873,11.49508508037853,11.658136367797852,25933,0.0,0.0
2015-11-12 00:00:00+08:00,11.780424311720378,11.780424311720378,11.413560232593733,11.576611518859863,13530,0.0,0.0
2015-11-13 00:00:00+08:00,11.45432309620126,11.495085481153215,11.332035064697266,11.332035064697266,19168,0.0,0.0
2015-11-16 00:00:00+08:00,11.576611518859863,11.576611518859863,11.576611518859863,11.576611518859863,4510,0.0,0.0
2015-11-17 00:00:00+08:00,11.49508508037853,11.658136367797852,11.413560313316973,11.658136367797852,11275,0.0,0.0
2015-11-18 00:00:00+08:00,11.658136805226253,11.698900066934625,11.57661203510578,11.617374420166016,25049,0.0,0.0
2015-11-19 00:00:00+08:00,11.454322696847752,11.739662011507512,11.454322696847752,11.658136367797852,31933,0.0,0.0
2015-11-20 00:00:00+08:00,11.739662405714155,11.984238468407662,11.576611989467859,11.90271282196045,23678,0.0,0.0
2015-11-23 00:00:00+08:00,11.821188052161368,11.821188052161368,11.739662405714155,11.90271282196045,21423,0.0,0.0
2015-11-24 00:00:00+08:00,11.86195074411524,12.065764427185059,11.658137061045421,12.065764427185059,40835,0.0,0.0
2015-11-25 00:00:00+08:00,11.861950437060909,12.065764114854877,11.780424790613694,11.90271282196045,33826,0.0,0.0
2015-11-26 00:00:00+08:00,11.739661380023799,12.228814339321817,11.739661380023799,11.821187019348145,16913,0.0,0.0
2015-11-27 00:00:00+08:00,11.90271282196045,11.90271282196045,11.780424790613694,11.90271282196045,5730,0.0,0.0
2015-11-30 00:00:00+08:00,11.861950874328613,11.861950874328613,11.821188487926447,11.861950874328613,7102,0.0,0.0
2015-12-01 00:00:00+08:00,11.943475682457612,11.943475682457612,11.658136367797852,11.658136367797852,42846,0.0,0.0
2015-12-02 00:00:00+08:00,11.78042439503829,11.78042439503829,11.658136367797852,11.658136367797852,7892,0.0,0.0
2015-12-03 00:00:00+08:00,11.739662405714155,11.90271282196045,11.65813675926694,11.90271282196045,65397,0.0,0.0
2015-12-04 00:00:00+08:00,11.90271282196045,11.90271282196045,11.90271282196045,11.90271282196045,1127,0.0,0.0
2015-12-07 00:00:00+08:00,11.86195059163248,11.984238624572754,11.82118820620177,11.984238624572754,3382,0.0,0.0
2015-12-08 00:00:00+08:00,12.06576383279936,12.06576383279936,12.02500057220459,12.02500057220459,3382,0.0,0.0
2015-12-09 00:00:00+08:00,11.984239201744016,11.984239201744016,11.739663124084473,11.739663124084473,5637,0.0,0.0
2015-12-10 00:00:00+08:00,11.90271282196045,11.90271282196045,11.90271282196045,11.90271282196045,1248,0.0,0.0
2015-12-11 00:00:00+08:00,11.90271282196045,11.90271282196045,11.90271282196045,11.90271282196045,0,0.0,0.0
2015-12-14 00:00:00+08:00,11.90271282196045,11.90271282196045,11.90271282196045,11.90271282196045,0,0.0,0.0
2015-12-15 00:00:00+08:00,11.16898437398792,11.454322814941406,10.965170700936508,11.454322814941406,76672,0.0,0.0
2015-12-16 00:00:00+08:00,11.168983950046536,11.53584889827322,11.168983950046536,11.495084762573242,24805,0.0,0.0
2015-12-17 00:00:00+08:00,11.332034403154124,11.780424118041992,11.332034403154124,11.780424118041992,49611,0.0,0.0
2015-12-18 00:00:00+08:00,11.69890019581916,11.69890019581916,11.372797605152115,11.41356086730957,18040,0.0,0.0
2015-12-21 00:00:00+08:00,11.128222825056255,11.57661350072663,11.128222825056255,11.372798919677734,28188,0.0,0.0
2015-12-22 00:00:00+08:00,11.37279744964922,11.413560711249307,11.332035064697266,11.332035064697266,10147,0.0,0.0
2015-12-23 00:00:00+08:00,11.372797605152115,11.41356086730957,11.332035219642808,11.41356086730957,14770,0.0,0.0
2015-12-24 00:00:00+08:00,11.413562186546812,11.413562186546812,11.372798919677734,11.372798919677734,22550,0.0,0.0
2015-12-25 00:00:00+08:00,11.413560430990369,11.454322814941406,11.372797170391218,11.454322814941406,30443,0.0,0.0
2015-12-28 00:00:00+08:00,11.454323252818877,11.454323252818877,11.41356086730957,11.41356086730957,18040,0.0,0.0
2015-12-29 00:00:00+08:00,11.41356086730957,11.454323252818877,11.41356086730957,11.41356086730957,22550,0.0,0.0
2015-12-30 00:00:00+08:00,11.454322814941406,11.454322814941406,11.413560430990369,11.454322814941406,5637,0.0,0.0
2015-12-31 00:00:00+08:00,11.454322814941406,11.454322814941406,11.413560430990369,11.454322814941406,14658,0.0,0.0
2016-01-04 00:00:00+08:00,11.454322937313817,11.454322937313817,11.250509262084961,11.250509262084961,2255,0.0,0.0
2016-01-05 00:00:00+08:00,10.557543614073202,11.332035064697266,10.557543614073202,11.332035064697266,51866,0.0,0.0
2016-01-06 00:00:00+08:00,11.168984800957434,11.41356086730957,11.168984800957434,11.41356086730957,27060,0.0,0.0
2016-01-07 00:00:00+08:00,11.413560711249307,11.413560711249307,11.005934231785366,11.332035064697266,66524,0.0,0.0
2016-01-08 00:00:00+08:00,11.087459001689274,11.332035064697266,11.087459001689274,11.332035064697266,12409,0.0,0.0
2016-01-11 00:00:00+08:00,11.332035219642808,11.69890019581916,11.332035219642808,11.41356086730957,5637,0.0,0.0
2016-01-12 00:00:00+08:00,11.209745582962537,11.209745582962537,10.639067884224406,11.005932807922363,45101,0.0,0.0
2016-01-13 00:00:00+08:00,11.046697616577148,11.332036090363161,10.924409574004825,11.046697616577148,15098,0.0,0.0
2016-01-14 00:00:00+08:00,11.209746877698437,11.332034907506127,11.087458847890748,11.250509262084961,12402,0.0,0.0
2016-01-15 00:00:00+08:00,11.332035064697266,11.332035064697266,11.332035064697266,11.332035064697266,2255,0.0,0.0
2016-01-18 00:00:00+08:00,11.087458847890748,11.250509262084961,11.087458847890748,11.250509262084961,4510,0.0,0.0
2016-01-19 00:00:00+08:00,11.372798919677734,11.372798919677734,11.372798919677734,11.372798919677734,4510,0.0,0.0
2016-01-20 00:00:00+08:00,11.250509262084961,11.250509262084961,11.209746877698437,11.250509262084961,14658,0.0,0.0
2016-01-21 00:00:00+08:00,11.005935654393763,11.372798919677734,10.924409997303854,11.372798919677734,28188,0.0,0.0
2016-01-22 00:00:00+08:00,11.332036529456904,11.372798919677734,11.332036529456904,11.372798919677734,3382,0.0,0.0
2016-01-25 00:00:00+08:00,11.372798919677734,11.372798919677734,11.372798919677734,11.372798919677734,3382,0.0,0.0
2016-01-26 00:00:00+08:00,11.372798919677734,11.413562186546812,11.372798919677734,11.372798919677734,12402,0.0,0.0
2016-01-27 00:00:00+08:00,11.372798919677734,11.372798919677734,11.372798919677734,11.372798919677734,10147,0.0,0.0
2016-01-28 00:00:00+08:00,11.372798919677734,11.372798919677734,11.372798919677734,11.372798919677734,3382,0.0,0.0
2016-01-29 00:00:00+08:00,11.332036529456904,11.413562186546812,11.332036529456904,11.372798919677734,30443,0.0,0.0
2016-02-01 00:00:00+08:00,11.495085638328185,11.495085638328185,11.332035219642808,11.41356086730957,12402,0.0,0.0
2016-02-02 00:00:00+08:00,11.291272163391113,11.291272163391113,11.250508903655144,11.291272163391113,13530,0.0,0.0
2016-02-03 00:00:00+08:00,11.33203435630989,11.495084762573242,11.29127197390607,11.495084762573242,17476,0.0,0.0
2016-02-15 00:00:00+08:00,11.495085638328185,11.535849777133784,11.250509571976048,11.41356086730957,15980,0.0,0.0
2016-02-16 00:00:00+08:00,11.087458615126435,11.658136367797852,11.087458615126435,11.658136367797852,20295,0.0,0.0
2016-02-17 00:00:00+08:00,11.698899545235411,11.698899545235411,11.576611518859863,11.576611518859863,4510,0.0,0.0
2016-02-18 00:00:00+08:00,11.61737335936131,11.943475040010634,11.61737335936131,11.821187019348145,48484,0.0,0.0
2016-02-19 00:00:00+08:00,11.658135740699453,11.821187019348145,11.658135740699453,11.821187019348145,2255,0.0,0.0
2016-02-22 00:00:00+08:00,11.821187019348145,11.821187019348145,11.821187019348145,11.821187019348145,0,0.0,0.0
2016-02-23 00:00:00+08:00,11.861949400686289,11.861949400686289,11.61737335936131,11.821187019348145,6765,0.0,0.0
2016-02-24 00:00:00+08:00,11.45432327921443,11.69890022277832,11.45432327921443,11.69890022277832,12402,0.0,0.0
2016-02-25 00:00:00+08:00,11.698900020814614,11.90271282196045,11.53584960456832,11.90271282196045,25933,0.0,0.0
2016-02-26 00:00:00+08:00,11.821187777093192,11.821187777093192,11.454322814941406,11.454322814941406,54121,0.0,0.0
2016-03-01 00:00:00+08:00,11.617373902102345,11.617373902102345,11.576611518859863,11.576611518859863,8136,0.0,0.0
2016-03-02 00:00:00+08:00,11.576611518859863,11.617373902102345,11.576611518859863,11.576611518859863,9020,0.0,0.0
2016-03-03 00:00:00+08:00,11.576611518859863,11.576611518859863,11.576611518859863,11.576611518859863,1127,0.0,0.0
2016-03-04 00:00:00+08:00,11.617374420166016,11.617374420166016,11.617374420166016,11.617374420166016,1127,0.0,0.0
2016-03-07 00:00:00+08:00,11.65813675926694,11.90271282196045,11.6173743743674,11.90271282196045,9021,0.0,0.0
2016-03-08 00:00:00+08:00,11.902712501720224,12.228815078735352,11.780424473663604,12.228815078735352,54121,0.0,0.0
2016-03-09 00:00:00+08:00,12.391865637919082,13.451696395874023,12.391865637919082,13.451696395874023,226606,0.0,0.0
2016-03-10 00:00:00+08:00,13.737036109827617,13.940850680061628,13.044070252954425,13.3294095993042,307832,0.0,0.0
2016-03-11 00:00:00+08:00,13.247883124163442,13.777797607547816,13.20711898803711,13.20711898803711,148851,0.0,0.0
2016-03-14 00:00:00+08:00,13.288646388202645,13.410934421450477,13.125595092773438,13.125595092773438,52994,0.0,0.0
2016-03-15 00:00:00+08:00,13.166357529816917,13.859324223129894,12.840256690979004,12.840256690979004,93599,0.0,0.0
2016-03-16 00:00:00+08:00,12.962542937760002,13.247883124163442,12.921780554929846,13.20711898803711,66532,0.0,0.0
2016-03-17 00:00:00+08:00,13.207119707005978,13.207119707005978,12.962543643414643,13.044069290161133,52994,0.0,0.0
2016-03-18 00:00:00+08:00,12.717967957156214,14.266949924636728,12.717967957156214,13.573984146118164,272864,0.0,0.0
2016-03-21 00:00:00+08:00,13.859325133397377,14.919155120849608,13.859325133397377,14.91915512084961,1410552,0.0,0.0
2016-03-22 00:00:00+08:00,14.919153411688383,15.408307275978652,14.266950012597572,15.286018371582031,1697430,0.0,0.0
2016-03-23 00:00:00+08:00,15.286018408851074,15.286018408851074,14.430002212524414,14.430002212524414,440896,0.0,0.0
2016-03-24 00:00:00+08:00,14.389237403869629,14.959916886965518,14.226186999633159,14.389237403869629,219870,0.0,0.0
2016-03-25 00:00:00+08:00,14.430001539062868,14.715339088990639,14.266949381530258,14.389237403869629,236783,0.0,0.0
2016-03-28 00:00:00+08:00,14.430002127081242,14.430002127081242,13.28864574432373,13.28864574432373,309622,0.0,0.0
2016-03-29 00:00:00+08:00,13.370171149301997,13.81855999037797,13.1255942223768,13.20711898803711,386746,0.0,0.0
2016-03-30 00:00:00+08:00,12.962543643414643,13.696272710836782,12.840256488267112,13.044069290161133,541219,0.0,0.0
2016-03-31 00:00:00+08:00,13.410934017835217,13.410934017835217,12.840256254304396,12.88101863861084,181533,0.0,0.0
2016-04-01 00:00:00+08:00,12.881018442712277,13.084831237792969,12.840256059025759,13.084831237792969,52994,0.0,0.0
2016-04-06 00:00:00+08:00,12.881018136019712,13.533221519363893,12.881018136019712,13.410933494567871,268354,0.0,0.0
2016-04-07 00:00:00+08:00,13.370171877147094,13.410934262196271,13.044069290161133,13.044069290161133,153345,0.0,0.0
2016-04-08 00:00:00+08:00,13.04406877228581,13.12559441579557,12.962543128776048,13.00330638885498,42534,0.0,0.0
2016-04-11 00:00:00+08:00,13.370171430191018,13.410933813877534,13.044068854106452,13.084831237792969,120646,0.0,0.0
2016-04-12 00:00:00+08:00,13.166357075917503,14.10389980436197,13.166357075917503,13.451696395874023,290905,0.0,0.0
2016-04-13 00:00:00+08:00,13.329408092129036,13.573984146118164,13.247883325231394,13.573984146118164,117264,0.0,0.0
2016-04-14 00:00:00+08:00,13.777797538260721,13.777797538260721,13.53322148921356,13.696271896362305,151101,0.0,0.0
2016-04-15 00:00:00+08:00,13.777797672177844,15.041442065617327,13.61474638679619,14.552289962768555,1359024,0.0,0.0
2016-04-18 00:00:00+08:00,14.552289801946108,14.91915299838026,14.38923764171831,14.47076416015625,443162,0.0,0.0
2016-04-19 00:00:00+08:00,14.756103160663,14.756103160663,13.777797232863232,14.022374153137207,426548,0.0,0.0
2016-04-20 00:00:00+08:00,14.144663496999236,14.144663496999236,13.3294095993042,13.3294095993042,173641,0.0,0.0
2016-04-21 00:00:00+08:00,13.329408509437904,14.633815340414955,13.329408509437904,14.103899955749512,352920,0.0,0.0
2016-04-22 00:00:00+08:00,13.818559920885885,14.552289821323539,13.696271896362305,13.696271896362305,295528,0.0,0.0
2016-04-25 00:00:00+08:00,13.777798100117996,13.818560484405447,13.451696395874023,13.451696395874023,60887,0.0,0.0
2016-04-26 00:00:00+08:00,13.696272614180506,13.98161193745548,13.492458937076686,13.533222198486328,85693,0.0,0.0
2016-04-27 00:00:00+08:00,13.655509544159917,13.737034309591875,13.370171111851892,13.410933494567871,117264,0.0,0.0
2016-04-28 00:00:00+08:00,13.32940861544978,13.492459032294626,12.962543643414643,13.044069290161133,140063,0.0,0.0
2016-04-29 00:00:00+08:00,13.044070313057338,13.288647272476162,12.717969453795314,12.758731842041016,112754,0.0,0.0
2016-05-03 00:00:00+08:00,12.758731384859033,12.799493771644102,12.432628783985791,12.514154434204102,111636,0.0,0.0
2016-05-04 00:00:00+08:00,12.39186588604253,12.51415391800159,12.22881546897983,12.47339153289795,105988,0.0,0.0
2016-05-05 00:00:00+08:00,12.473390470623041,12.881017793537115,12.391864830710613,12.677204132080078,44462,0.0,0.0
2016-05-06 00:00:00+08:00,12.758731384859033,12.758731384859033,12.473392047419035,12.514154434204102,36081,0.0,0.0
2016-05-09 00:00:00+08:00,12.554915456139769,12.554915456139769,12.269577026367188,12.269577026367188,43984,0.0,0.0
2016-05-10 00:00:00+08:00,12.269578494117672,12.351104145225822,12.22881610688769,12.310340881347656,48484,0.0,0.0
2016-05-11 00:00:00+08:00,12.473391817402122,12.595679852150434,12.351103782653809,12.351103782653809,55249,0.0,0.0
2016-05-12 00:00:00+08:00,12.310339423834249,12.310339423834249,11.495084762573242,11.495084762573242,110585,0.0,0.0
2016-05-13 00:00:00+08:00,11.658136933661707,11.658136933661707,11.250509571976048,11.41356086730957,81182,0.0,0.0
2016-05-16 00:00:00+08:00,11.332036529456904,11.495086966988474,11.250510872366995,11.372798919677734,49611,0.0,0.0
2016-05-17 00:00:00+08:00,11.37279740215671,11.739662371784814,11.37279740215671,11.535849571228027,47356,0.0,0.0
2016-05-18 00:00:00+08:00,11.41356018930283,11.454322572390705,11.291272163391113,11.291272163391113,65398,0.0,0.0
2016-05-19 00:00:00+08:00,11.413560711249307,11.45432309620126,11.332035064697266,11.332035064697266,64269,0.0,0.0
2016-05-20 00:00:00+08:00,11.372797170391218,11.454322814941406,11.209746757938957,11.454322814941406,23678,0.0,0.0
2016-05-23 00:00:00+08:00,11.495084999078701,11.82118757161096,11.495084999078701,11.576611518859863,45581,0.0,0.0
2016-05-24 00:00:00+08:00,11.454324576767643,11.495086966988474,11.372798919677734,11.372798919677734,24805,0.0,0.0
2016-05-25 00:00:00+08:00,11.495084999078701,11.617373902102345,11.332034589460669,11.576611518859863,42846,0.0,0.0
2016-05-26 00:00:00+08:00,11.65813628534483,11.65813628534483,11.53584913561738,11.576611518859863,18049,0.0,0.0
2016-05-27 00:00:00+08:00,11.495084999078701,11.576611518859863,11.495084999078701,11.576611518859863,7892,0.0,0.0
2016-05-30 00:00:00+08:00,11.53584889827322,11.53584889827322,11.495084762573242,11.495084762573242,11285,0.0,0.0
2016-05-31 00:00:00+08:00,11.372797605152115,11.41356086730957,11.372797605152115,11.41356086730957,16913,0.0,0.0
2016-06-01 00:00:00+08:00,11.413560893611189,11.69890022277832,11.372797631359798,11.69890022277832,39575,0.0,0.0
2016-06-02 00:00:00+08:00,11.454323048368304,11.61737434079149,11.454323048368304,11.535849571228027,12524,0.0,0.0
2016-06-03 00:00:00+08:00,11.984238433771463,11.984238433771463,11.495085433150035,11.535849571228027,21423,0.0,0.0
2016-06-06 00:00:00+08:00,11.57661203510578,11.617374420166016,11.413560741568563,11.617374420166016,49611,0.0,0.0
2016-06-07 00:00:00+08:00,11.617374420166016,11.617374420166016,11.617374420166016,11.617374420166016,0,0.0,0.0
2016-06-08 00:00:00+08:00,11.576611280677039,11.576611280677039,11.413559997765606,11.495084762573242,68779,0.0,0.0
2016-06-13 00:00:00+08:00,11.65813628534483,11.65813628534483,11.332034589460669,11.576611518859863,60887,0.0,0.0
2016-06-14 00:00:00+08:00,11.576611518859863,11.698899545235411,11.576611518859863,11.576611518859863,30443,0.0,0.0
2016-06-15 00:00:00+08:00,11.658136371770055,12.717967987060547,11.617373988225388,12.717967987060547,154593,0.0,0.0
2016-06-16 00:00:00+08:00,13.044068611677565,13.410933564630326,12.717967794949919,12.921780586242676,373845,0.0,0.0
2016-06-17 00:00:00+08:00,13.207118542232251,13.207118542232251,12.391864776611328,12.391864776611328,117431,0.0,0.0
2016-06-20 00:00:00+08:00,12.554917270867893,12.799494230286717,12.554917270867893,12.758731842041016,57504,0.0,0.0
2016-06-21 00:00:00+08:00,12.6364429240075,13.533223355246783,12.6364429240075,12.758731842041016,206461,0.0,0.0
2016-06-22 00:00:00+08:00,12.717968709464643,12.717968709464643,12.554916536079997,12.636442184448242,27206,0.0,0.0
2016-06-23 00:00:00+08:00,12.554915456139769,12.554915456139769,12.188052261659639,12.269577026367188,56377,0.0,0.0
2016-06-24 00:00:00+08:00,12.351103024357812,12.351103024357812,11.576611600736294,11.658136367797852,106153,0.0,0.0
2016-06-27 00:00:00+08:00,11.821187019348145,11.821187019348145,11.821187019348145,11.821187019348145,16913,0.0,0.0
2016-06-28 00:00:00+08:00,11.821188775520381,12.025001589137876,11.739663124084473,11.739663124084473,30443,0.0,0.0
2016-06-29 00:00:00+08:00,11.82118820620177,12.351103600041721,11.739662558692205,11.984238624572754,31571,0.0,0.0
2016-06-30 00:00:00+08:00,12.10652709339413,12.188052737935559,12.02500057220459,12.02500057220459,6765,0.0,0.0
2016-07-01 00:00:00+08:00,11.943475040010634,11.98423742134878,11.821187019348145,11.821187019348145,62014,0.0,0.0
2016-07-04 00:00:00+08:00,11.90271326073078,11.90271326073078,11.861950874328613,11.861950874328613,29316,0.0,0.0
2016-07-05 00:00:00+08:00,12.147290323193968,12.881019421862412,11.943476635972278,12.514154434204102,83574,0.0,0.0
2016-07-06 00:00:00+08:00,12.35110241727637,12.35110241727637,12.024999858466321,12.106526374816895,45101,0.0,0.0
2016-07-07 00:00:00+08:00,12.106527534161172,12.228815567101446,11.984238624572754,11.984238624572754,33826,0.0,0.0
2016-07-08 00:00:00+08:00,11.984238624572754,11.984238624572754,11.984238624572754,11.984238624572754,0,0.0,0.0
2016-07-11 00:00:00+08:00,12.065764427185059,12.473391793324696,12.065764427185059,12.065764427185059,55249,0.0,0.0
2016-07-12 00:00:00+08:00,12.188052014519407,12.188052014519407,12.065763116641609,12.106526374816895,62014,0.0,0.0
2016-07-13 00:00:00+08:00,12.106526249607771,12.881017627151476,12.106526249607771,12.595678329467773,356302,0.0,0.0
2016-07-14 00:00:00+08:00,12.717967334837368,12.717967334837368,12.391864776611328,12.391864776611328,101478,0.0,0.0
2016-07-15 00:00:00+08:00,12.514153633676449,13.614746772950326,12.391865604495807,13.166357040405273,457781,0.0,0.0
2016-07-18 00:00:00+08:00,13.370170865560942,13.533221270069404,13.044068303247878,13.247882843017578,178151,0.0,0.0
2016-07-19 00:00:00+08:00,13.329408169856393,13.451696197564052,12.881018442712277,13.084831237792969,66524,0.0,0.0
2016-07-20 00:00:00+08:00,13.329408330411539,13.329408330411539,13.08483139540214,13.166357040405273,99223,0.0,0.0
2016-07-21 00:00:00+08:00,13.207119863839894,13.247884002669418,12.840256640744546,13.125595092773438,67652,0.0,0.0
2016-07-22 00:00:00+08:00,13.166357478306667,13.166357478306667,13.044069445058835,13.125595092773438,13553,0.0,0.0
2016-07-25 00:00:00+08:00,13.125595144124215,13.166357529816917,12.799493428638153,12.840256690979004,49611,0.0,0.0
2016-07-26 00:00:00+08:00,12.88101817209969,13.573983940100861,12.88101817209969,13.20711898803711,174768,0.0,0.0
2016-07-27 00:00:00+08:00,13.207119707005978,13.207119707005978,12.881018873316288,13.044069290161133,90203,0.0,0.0
2016-07-28 00:00:00+08:00,13.044069496090662,13.044069496090662,12.636442132571046,12.840256690979004,110498,0.0,0.0
2016-07-29 00:00:00+08:00,12.840256095666552,12.96254324707506,12.717968067609933,12.228815078735352,183789,0.0,0.0
2016-08-01 00:00:00+08:00,12.610965442244723,12.610965442244723,12.483581168889893,12.526041984558105,218742,0.532132,0.0
2016-08-02 00:00:00+08:00,12.483582496643066,12.653427603730822,12.483582496643066,12.483582496643066,27060,0.0,0.0
2016-08-03 00:00:00+08:00,12.356197936334626,12.483581297830073,12.186353758732402,12.398658752441406,65397,0.0,0.0
2016-08-04 00:00:00+08:00,12.441122055053711,12.441122055053711,12.313738677449095,12.441122055053711,13530,0.0,0.0
2016-08-05 00:00:00+08:00,12.441120507976477,12.738348960876465,12.356197962408608,12.738348960876465,47356,0.0,0.0
2016-08-08 00:00:00+08:00,12.738349674347795,12.738349674347795,12.610966305448839,12.653427124023438,28188,0.0,0.0
2016-08-09 00:00:00+08:00,12.738350544914628,12.865733922519242,12.441122055053711,12.441122055053711,50739,0.0,0.0
2016-08-10 00:00:00+08:00,12.441120481723292,12.610965572500625,12.398658752441406,12.398658752441406,31571,0.0,0.0
2016-08-11 00:00:00+08:00,12.526043460385473,12.610966928077833,12.356199264526367,12.356199264526367,59759,0.0,0.0
2016-08-12 00:00:00+08:00,12.398659646158315,12.398659646158315,12.143892904803394,12.186354637145996,51269,0.0,0.0
2016-08-15 00:00:00+08:00,12.1863538872158,12.35619806660873,12.14389215748623,12.271275520324707,21892,0.0,0.0
2016-08-16 00:00:00+08:00,12.101432470266172,12.101432470266172,11.719281432912386,11.804203987121582,149323,0.0,0.0
2016-08-17 00:00:00+08:00,11.846664092844431,11.88912582397461,11.761742456934366,11.88912582397461,9142,0.0,0.0
2016-08-18 00:00:00+08:00,11.88912630005767,12.058971405029297,11.804203747571856,12.058971405029297,28188,0.0,0.0
2016-08-19 00:00:00+08:00,12.058971405029297,12.058971405029297,11.761742927916542,12.058971405029297,40241,0.0,0.0
2016-08-22 00:00:00+08:00,11.761742654314522,11.974047660827637,11.761742654314522,11.974047660827637,6887,0.0,0.0
2016-08-23 00:00:00+08:00,11.88912630005767,12.058971405029297,11.88912630005767,12.058971405029297,30864,0.0,0.0
2016-08-24 00:00:00+08:00,12.058970397236955,12.483581297830073,12.058970397236955,12.398658752441406,76275,0.0,0.0
2016-08-25 00:00:00+08:00,12.313738007823456,12.398659646158315,12.186354637145996,12.186354637145996,7892,0.0,0.0
2016-08-26 00:00:00+08:00,12.05897065418497,12.356198199615854,12.05897065418497,12.143892288208008,6765,0.0,0.0
2016-08-29 00:00:00+08:00,12.143892558055096,12.143892558055096,11.761742456934366,11.88912582397461,34954,0.0,0.0
2016-08-30 00:00:00+08:00,12.016511013395716,12.228816032409668,11.889126723542045,12.228816032409668,45165,0.0,0.0
2016-08-31 00:00:00+08:00,12.228816438279283,12.228816438279283,11.846665382385254,11.846665382385254,31571,0.0,0.0
2016-09-01 00:00:00+08:00,11.93158794071451,11.93158794071451,11.846665382385254,11.846665382385254,12402,0.0,0.0
2016-09-02 00:00:00+08:00,11.88912654133078,11.88912654133078,11.804203987121582,11.804203987121582,33826,0.0,0.0
2016-09-05 00:00:00+08:00,11.804203472982113,11.974047660827637,11.804203472982113,11.974047660827637,7892,0.0,0.0
2016-09-06 00:00:00+08:00,11.846665382385254,11.889127118137505,11.846665382385254,11.846665382385254,18045,0.0,0.0
2016-09-07 00:00:00+08:00,11.889124744505462,11.974046372705095,11.422052136707222,11.67681884765625,47356,0.0,0.0
2016-09-08 00:00:00+08:00,11.719282001478993,11.846665382385254,11.719282001478993,11.846665382385254,16913,0.0,0.0
2016-09-09 00:00:00+08:00,11.76174259185791,11.846664228742144,11.76174259185791,11.76174259185791,3383,0.0,0.0
2016-09-12 00:00:00+08:00,11.889126399228786,12.058971505617148,11.889126399228786,11.931587219238281,24242,0.0,0.0
2016-09-13 00:00:00+08:00,11.804203410300028,11.804203410300028,11.76174259185791,11.76174259185791,7892,0.0,0.0
2016-09-14 00:00:00+08:00,11.84666480763858,11.88912654133078,11.804203987121582,11.804203987121582,12402,0.0,0.0
2016-09-19 00:00:00+08:00,11.719281196594238,11.80420374909098,11.719281196594238,11.719281196594238,37330,0.0,0.0
2016-09-20 00:00:00+08:00,11.719279786927961,11.719279786927961,11.46451398643288,11.54943561553955,13530,0.0,0.0
2016-09-21 00:00:00+08:00,11.549435492181736,11.761741389030947,11.506974678081919,11.67681884765625,45101,0.0,0.0
2016-09-22 00:00:00+08:00,11.804203987121582,12.058971649749175,11.719281432912386,11.804203987121582,22550,0.0,0.0
2016-09-23 00:00:00+08:00,11.80420374909098,11.80420374909098,11.719281196594238,11.719281196594238,30443,0.0,0.0
2016-09-26 00:00:00+08:00,11.80420451627238,11.80420451627238,11.634360313415527,11.634360313415527,28189,0.0,0.0
2016-09-27 00:00:00+08:00,11.634360313415527,11.634360313415527,11.634360313415527,11.634360313415527,0,0.0,0.0
2016-09-28 00:00:00+08:00,11.634360313415527,11.634360313415527,11.634360313415527,11.634360313415527,0,0.0,0.0
2016-09-29 00:00:00+08:00,11.67681884765625,11.846663017230581,11.634358033556433,11.67681884765625,26055,0.0,0.0
2016-09-30 00:00:00+08:00,11.719281138042884,11.80420369011534,11.506976127624512,11.506976127624512,36081,0.0,0.0
2016-10-03 00:00:00+08:00,11.76174151465637,11.76174151465637,11.46451398643288,11.54943561553955,53774,0.0,0.0
2016-10-04 00:00:00+08:00,11.591898577819881,11.634360313415527,11.464516110558675,11.634360313415527,68779,0.0,0.0
2016-10-05 00:00:00+08:00,11.591897824436716,12.016510586920429,11.464515365454377,11.719281196594238,55249,0.0,0.0
2016-10-06 00:00:00+08:00,11.97404719381168,12.483581563825537,11.889125559788642,12.143892288208008,117826,0.0,0.0
2016-10-07 00:00:00+08:00,12.313738399201565,12.313738399201565,11.804203987121582,11.804203987121582,89685,0.0,0.0
2016-10-11 00:00:00+08:00,11.54943561553955,11.591896430092884,11.46451398643288,11.54943561553955,51866,0.0,0.0
2016-10-12 00:00:00+08:00,11.719279786927961,11.719279786927961,11.54943561553955,11.54943561553955,2255,0.0,0.0
2016-10-13 00:00:00+08:00,11.549436673297011,11.76174259185791,11.549436673297011,11.76174259185791,12402,0.0,0.0
2016-10-14 00:00:00+08:00,11.634358033556433,11.67681884765625,11.549435492181736,11.67681884765625,13531,0.0,0.0
2016-10-17 00:00:00+08:00,11.676820518000225,11.719281338173971,11.549437144303793,11.591897964477539,37208,0.0,0.0
2016-10-18 00:00:00+08:00,11.591897822944915,12.228815596825742,11.506976183634285,12.058971405029297,73290,0.0,0.0
2016-10-19 00:00:00+08:00,11.804203410300028,11.804203410300028,11.591897491739129,11.76174259185791,16913,0.0,0.0
2016-10-20 00:00:00+08:00,11.719281196594238,11.7617429294302,11.719281196594238,11.719281196594238,4511,0.0,0.0
2016-10-21 00:00:00+08:00,11.549435492181736,11.719279661756067,11.549435492181736,11.67681884765625,7893,0.0,0.0
2016-10-24 00:00:00+08:00,11.591897358763942,12.143892558055096,11.591897358763942,11.88912582397461,58632,0.0,0.0
2016-10-25 00:00:00+08:00,11.719279661756067,11.719279661756067,11.67681884765625,11.67681884765625,15785,0.0,0.0
2016-10-26 00:00:00+08:00,11.676820376933458,11.80420374909098,11.676820376933458,11.719281196594238,3384,0.0,0.0
2016-10-27 00:00:00+08:00,11.719280860240637,11.76174259185791,11.67682004179852,11.76174259185791,5639,0.0,0.0
2016-10-28 00:00:00+08:00,11.7617429294302,11.7617429294302,11.719281196594238,11.719281196594238,14658,0.0,0.0
2016-10-31 00:00:00+08:00,11.719279786927961,11.719279786927961,11.54943561553955,11.54943561553955,2255,0.0,0.0
2016-11-01 00:00:00+08:00,11.67682113583593,11.67682113583593,11.634360313415527,11.634360313415527,10147,0.0,0.0
2016-11-02 00:00:00+08:00,11.54943561553955,11.54943561553955,11.54943561553955,11.54943561553955,12402,0.0,0.0
2016-11-03 00:00:00+08:00,11.549436366992856,11.549436366992856,11.46451473236084,11.46451473236084,76672,0.0,0.0
2016-11-04 00:00:00+08:00,11.549436366992856,11.549436366992856,11.46451473236084,11.46451473236084,32698,0.0,0.0
2016-11-07 00:00:00+08:00,11.84666456875176,11.84666456875176,11.719281196594238,11.719281196594238,6765,0.0,0.0
2016-11-08 00:00:00+08:00,11.719281196594238,11.719281196594238,11.719281196594238,11.719281196594238,1127,0.0,0.0
2016-11-09 00:00:00+08:00,11.464516026054145,11.464516026054145,11.422054290771484,11.422054290771484,21423,0.0,0.0
2016-11-10 00:00:00+08:00,11.7617429294302,12.143893045902768,11.719281196594238,11.719281196594238,65397,0.0,0.0
2016-11-11 00:00:00+08:00,11.591896430092884,11.591896430092884,11.422052258704474,11.54943561553955,31571,0.0,0.0
2016-11-14 00:00:00+08:00,11.506975854854893,11.76174259185791,11.506975854854893,11.76174259185791,6765,0.0,0.0
2016-11-15 00:00:00+08:00,11.719279661756067,11.719279661756067,11.591896306281553,11.67681884765625,10147,0.0,0.0
2016-11-16 00:00:00+08:00,11.676820376933458,11.889126301587723,11.676820376933458,11.719281196594238,80055,0.0,0.0
2016-11-17 00:00:00+08:00,11.634360313415527,11.719281958256332,11.634360313415527,11.634360313415527,9020,0.0,0.0
2016-11-18 00:00:00+08:00,11.67682113583593,11.67682113583593,11.634360313415527,11.634360313415527,27304,0.0,0.0
2016-11-21 00:00:00+08:00,11.464516110558675,11.634360313415527,11.294670081351336,11.634360313415527,100373,0.0,0.0
2016-11-22 00:00:00+08:00,11.719279786927961,11.719279786927961,11.506974800986216,11.54943561553955,19168,0.0,0.0
2016-11-23 00:00:00+08:00,11.422053770607363,11.591897964477539,11.379592950433617,11.591897964477539,29316,0.0,0.0
2016-11-24 00:00:00+08:00,11.54943694707315,11.54943694707315,11.506976127624512,11.506976127624512,27060,0.0,0.0
2016-11-25 00:00:00+08:00,11.337131217084679,11.591897964477539,11.337131217084679,11.591897964477539,25933,0.0,0.0
2016-11-28 00:00:00+08:00,11.46451473236084,11.46451473236084,11.46451473236084,11.46451473236084,19168,0.0,0.0
2016-11-29 00:00:00+08:00,11.591898492376421,11.591898492376421,11.422054290771484,11.422054290771484,2255,0.0,0.0
2016-11-30 00:00:00+08:00,11.379593468664059,11.464516026054145,11.337131733381398,11.422054290771484,57504,0.0,0.0
2016-12-01 00:00:00+08:00,11.46451398643288,11.591896430092884,11.422052258704474,11.54943561553955,23131,0.0,0.0
2016-12-02 00:00:00+08:00,11.464515448620602,11.464515448620602,11.337131162363821,11.379592895507812,49611,0.0,0.0
2016-12-05 00:00:00+08:00,11.379593468664059,11.422054290771484,11.337131733381398,11.422054290771484,42846,0.0,0.0
2016-12-06 00:00:00+08:00,11.63435969782648,11.63435969782648,11.591897964477539,11.591897964477539,6765,0.0,0.0
2016-12-07 00:00:00+08:00,11.422052136707222,11.67681884765625,11.422052136707222,11.67681884765625,22550,0.0,0.0
2016-12-08 00:00:00+08:00,11.676820612395387,12.823271898106347,11.676820612395387,11.804203987121582,254824,0.0,0.0
2016-12-09 00:00:00+08:00,11.761743693851978,11.846665338692782,11.634360313415527,11.634360313415527,48484,0.0,0.0
2016-12-12 00:00:00+08:00,11.591896430092884,11.591896430092884,11.506974800986216,11.54943561553955,28200,0.0,0.0
2016-12-13 00:00:00+08:00,11.506975549676849,11.549436366992856,11.46451473236084,11.46451473236084,15785,0.0,0.0
2016-12-14 00:00:00+08:00,11.506975549676849,11.506975549676849,11.46451473236084,11.46451473236084,6765,0.0,0.0
2016-12-15 00:00:00+08:00,11.379592184553692,11.506975549676849,11.337130454062551,11.46451473236084,48484,0.0,0.0
2016-12-16 00:00:00+08:00,11.506975549676849,11.506975549676849,11.46451473236084,11.46451473236084,11275,0.0,0.0
2016-12-19 00:00:00+08:00,11.379592277407438,11.379592277407438,11.337130546569824,11.337130546569824,36081,0.0,0.0
2016-12-20 00:00:00+08:00,11.379592756103417,11.506976127624512,11.3371310234796,11.506976127624512,15785,0.0,0.0
2016-12-21 00:00:00+08:00,11.549437144303793,11.719281338173971,11.549437144303793,11.591897964477539,19168,0.0,0.0
2016-12-22 00:00:00+08:00,11.634359223356402,12.143892697362435,11.634359223356402,11.76174259185791,42846,0.0,0.0
2016-12-23 00:00:00+08:00,12.143891585161601,12.143891585161601,11.46451398643288,11.54943561553955,48484,0.0,0.0
2016-12-26 00:00:00+08:00,11.591897964477539,11.591897964477539,11.591897964477539,11.591897964477539,4516,0.0,0.0
2016-12-27 00:00:00+08:00,12.695888670521397,12.695888670521397,11.804203274889398,11.88912582397461,54121,0.0,0.0
2016-12-28 00:00:00+08:00,12.016510829232177,12.016510829232177,11.804203987121582,11.804203987121582,6765,0.0,0.0
2016-12-29 00:00:00+08:00,11.634359652821436,12.143893145636136,11.634359652821436,11.931587219238281,105988,0.0,0.0
2016-12-30 00:00:00+08:00,11.931587119712987,12.143893044339928,11.846664567227172,12.058971405029297,96968,0.0,0.0
2017-01-03 00:00:00+08:00,12.101431943180732,12.228815312358664,11.974047660827637,11.974047660827637,85693,0.0,0.0
2017-01-04 00:00:00+08:00,12.058971028289873,12.186354396451366,12.058971028289873,12.101431846618652,75545,0.0,0.0
2017-01-05 00:00:00+08:00,12.143893044339928,12.35619896896687,12.058971405029297,12.058971405029297,188307,0.0,0.0
2017-01-06 00:00:00+08:00,12.143892904803394,12.271276275480854,12.143892904803394,12.186354637145996,45101,0.0,0.0
2017-01-09 00:00:00+08:00,12.143893476898958,12.228816032409668,12.143893476898958,12.228816032409668,10147,0.0,0.0
2017-01-10 00:00:00+08:00,12.143892288208008,12.143892288208008,11.889125559788642,12.143892288208008,18040,0.0,0.0
2017-01-11 00:00:00+08:00,12.313738587920378,12.313738587920378,12.058971834563463,12.228816032409668,28188,0.0,0.0
2017-01-12 00:00:00+08:00,12.10143265573121,12.228816032409668,12.10143265573121,12.228816032409668,51866,0.0,0.0
2017-01-13 00:00:00+08:00,12.313738587920378,12.313738587920378,12.058971834563463,12.228816032409668,31571,0.0,0.0
2017-01-16 00:00:00+08:00,12.143892288208008,12.143892288208008,12.143892288208008,12.143892288208008,1127,0.0,0.0
2017-01-17 00:00:00+08:00,12.398659016627372,12.398659016627372,12.143892288208008,12.143892288208008,105988,0.0,0.0
2017-01-18 00:00:00+08:00,12.143893476898958,12.228816032409668,12.143893476898958,12.228816032409668,22550,0.0,0.0
2017-01-19 00:00:00+08:00,12.228815596825742,12.228815596825742,12.058971405029297,12.058971405029297,92458,0.0,0.0
2017-01-20 00:00:00+08:00,12.143892288208008,12.313737382604335,12.143892288208008,12.143892288208008,36324,0.0,0.0
2017-01-23 00:00:00+08:00,12.143893476898958,12.228816032409668,12.058971834563463,12.228816032409668,13530,0.0,0.0
2017-01-24 00:00:00+08:00,12.65342774874881,12.65342774874881,12.27127671000921,12.356199264526367,41718,0.0,0.0
2017-02-02 00:00:00+08:00,12.568504749178377,12.568504749178377,12.143892904803394,12.186354637145996,151090,0.0,0.0
2017-02-03 00:00:00+08:00,12.101432085635965,12.186354637145996,12.016510447301107,12.186354637145996,110498,0.0,0.0
2017-02-06 00:00:00+08:00,12.313738007823456,12.313738007823456,12.186354637145996,12.186354637145996,16913,0.0,0.0
2017-02-07 00:00:00+08:00,12.186354396451366,12.228815214780145,12.101431846618652,12.101431846618652,22644,0.0,0.0
2017-02-08 00:00:00+08:00,12.101431471196488,12.22881483540617,12.01650983717345,12.143892288208008,68779,0.0,0.0
2017-02-09 00:00:00+08:00,12.186355158780179,12.695889576475698,12.186355158780179,12.56850528717041,133049,0.0,0.0
2017-02-10 00:00:00+08:00,12.568505194231653,12.823271944607916,12.356199264526367,12.356199264526367,55249,0.0,0.0
2017-02-13 00:00:00+08:00,12.313738443855392,12.398660085197342,12.313738443855392,12.356199264526367,18040,0.0,0.0
2017-02-14 00:00:00+08:00,12.356198582941635,12.526042769431905,12.101431846618652,12.101431846618652,66524,0.0,0.0
2017-02-15 00:00:00+08:00,12.271276275480854,12.271276275480854,12.143892904803394,12.186354637145996,42282,0.0,0.0
2017-02-16 00:00:00+08:00,12.313737382604335,12.313737382604335,12.143892288208008,12.143892288208008,9020,0.0,0.0
2017-02-17 00:00:00+08:00,12.143892288208008,12.22881483540617,12.101431471196488,12.143892288208008,71035,0.0,0.0
2017-02-20 00:00:00+08:00,12.101431846618652,12.186354396451366,12.058971028289873,12.101431846618652,21435,0.0,0.0
2017-02-21 00:00:00+08:00,12.143893476898958,12.356199409088125,12.143893476898958,12.228816032409668,63142,0.0,0.0
2017-02-22 00:00:00+08:00,12.271276853577415,12.313738587920378,12.18635521124192,12.228816032409668,59759,0.0,0.0
2017-02-23 00:00:00+08:00,12.228816032409668,12.228816032409668,12.228816032409668,12.228816032409668,14658,0.0,0.0
2017-02-24 00:00:00+08:00,12.271276275480854,12.356198826990886,12.186354637145996,12.186354637145996,13533,0.0,0.0
2017-03-01 00:00:00+08:00,12.271276275480854,12.271276275480854,12.186354637145996,12.186354637145996,14883,0.0,0.0
2017-03-02 00:00:00+08:00,12.186354637145996,12.186354637145996,12.143892904803394,12.186354637145996,14658,0.0,0.0
2017-03-03 00:00:00+08:00,12.101432085635965,12.186354637145996,12.058971266468536,12.186354637145996,20476,0.0,0.0
2017-03-06 00:00:00+08:00,12.101432224684613,12.101432224684613,12.058971405029297,12.058971405029297,4510,0.0,0.0
2017-03-07 00:00:00+08:00,12.228815011047665,12.228815011047665,12.016510009765625,12.016510009765625,32698,0.0,0.0
2017-03-08 00:00:00+08:00,12.058971405029297,12.058971405029297,11.846664567227172,12.058971405029297,201829,0.0,0.0
2017-03-09 00:00:00+08:00,12.228815011047665,12.228815011047665,12.016510009765625,12.016510009765625,27060,0.0,0.0
2017-03-10 00:00:00+08:00,12.058970827387006,12.058970827387006,12.016510009765625,12.016510009765625,19168,0.0,0.0
2017-03-13 00:00:00+08:00,11.846664228742144,11.889125960359419,11.76174259185791,11.76174259185791,93585,0.0,0.0
2017-03-14 00:00:00+08:00,11.761743166604584,11.804203987121582,11.761743166604584,11.804203987121582,38336,0.0,0.0
2017-03-15 00:00:00+08:00,11.719281196594238,11.7617429294302,11.676820376933458,11.719281196594238,32698,0.0,0.0
2017-03-16 00:00:00+08:00,11.676820376933458,11.719281196594238,11.676820376933458,11.719281196594238,54121,0.0,0.0
2017-03-17 00:00:00+08:00,11.719281196594238,11.84666456875176,11.676820376933458,11.719281196594238,82310,0.0,0.0
2017-03-20 00:00:00+08:00,11.7617429294302,11.7617429294302,11.676820376933458,11.719281196594238,28188,0.0,0.0
2017-03-21 00:00:00+08:00,11.76174259185791,11.76174259185791,11.67682004179852,11.76174259185791,16913,0.0,0.0
2017-03-22 00:00:00+08:00,11.634358033556433,11.67681884765625,11.634358033556433,11.67681884765625,17034,0.0,0.0
2017-03-23 00:00:00+08:00,11.80420374909098,11.84666456875176,11.676820376933458,11.719281196594238,25180,0.0,0.0
2017-03-24 00:00:00+08:00,11.676820376933458,11.719281196594238,11.676820376933458,11.719281196594238,42846,0.0,0.0
2017-03-27 00:00:00+08:00,11.719279786927961,11.719279786927961,11.54943561553955,11.54943561553955,38523,0.0,0.0
2017-03-28 00:00:00+08:00,11.422054374963029,11.634360313415527,11.294670081351336,11.634360313415527,32698,0.0,0.0
2017-03-29 00:00:00+08:00,11.464515308175873,11.54943694707315,11.464515308175873,11.506976127624512,25933,0.0,0.0
2017-03-30 00:00:00+08:00,11.422054290771484,11.506976848161571,11.379593468664059,11.422054290771484,14658,0.0,0.0
2017-03-31 00:00:00+08:00,11.422054290771484,11.422054290771484,11.294669998098737,11.422054290771484,78165,0.0,0.0
2017-04-05 00:00:00+08:00,11.422053715476613,11.506976268589403,11.337131162363821,11.379592895507812,67900,0.0,0.0
2017-04-06 00:00:00+08:00,11.379591444151139,11.591896430092884,11.294667988694323,11.54943561553955,57504,0.0,0.0
2017-04-07 00:00:00+08:00,11.422054290771484,11.422054290771484,11.422054290771484,11.422054290771484,2255,0.0,0.0
2017-04-10 00:00:00+08:00,11.422054290771484,11.422054290771484,11.422054290771484,11.422054290771484,7892,0.0,0.0
2017-04-11 00:00:00+08:00,11.549437670268997,11.634360227659082,11.422054290771484,11.422054290771484,20295,0.0,0.0
2017-04-12 00:00:00+08:00,11.379592277407438,11.379592277407438,11.337130546569824,11.337130546569824,5637,0.0,0.0
2017-04-13 00:00:00+08:00,11.464516026054145,11.464516026054145,11.379593468664059,11.422054290771484,23678,0.0,0.0
2017-04-14 00:00:00+08:00,11.464515308175873,11.506976127624512,11.379592756103417,11.506976127624512,10147,0.0,0.0
2017-04-17 00:00:00+08:00,11.294669290855783,11.506976127624512,11.039902547813591,11.506976127624512,16913,0.0,0.0
2017-04-18 00:00:00+08:00,11.464516110558675,11.634360313415527,11.464516110558675,11.634360313415527,11275,0.0,0.0
2017-04-19 00:00:00+08:00,11.591898492376421,11.591898492376421,11.422054290771484,11.422054290771484,11275,0.0,0.0
2017-04-20 00:00:00+08:00,11.422054290771484,11.422054290771484,11.422054290771484,11.422054290771484,0,0.0,0.0
2017-04-21 00:00:00+08:00,11.889126986654107,11.889126986654107,11.379593468664059,11.422054290771484,56380,0.0,0.0
2017-04-24 00:00:00+08:00,11.422053095069913,11.422053095069913,11.337130546569824,11.337130546569824,2255,0.0,0.0
2017-04-25 00:00:00+08:00,11.337130546569824,11.337130546569824,11.337130546569824,11.337130546569824,1127,0.0,0.0
2017-04-26 00:00:00+08:00,11.33713088340534,11.33713088340534,11.082364143510883,11.294669151306152,22550,0.0,0.0
2017-04-27 00:00:00+08:00,11.209748268127441,11.209748268127441,11.124825711387027,11.209748268127441,11275,0.0,0.0
2017-04-28 00:00:00+08:00,11.209747513458112,11.422053434428548,11.209747513458112,11.294669151306152,9020,0.0,0.0
2017-05-02 00:00:00+08:00,11.379592166953186,11.379592166953186,10.912518611323843,11.124824523925781,105988,0.0,0.0
2017-05-03 00:00:00+08:00,11.124824962434904,11.294669151306152,11.124824962434904,11.294669151306152,7118,0.0,0.0
2017-05-04 00:00:00+08:00,11.29466929070889,11.29466929070889,11.167285919189453,11.167285919189453,3382,0.0,0.0
2017-05-05 00:00:00+08:00,11.167285095522443,11.167285095522443,11.039901733398438,11.039901733398438,28188,0.0,0.0
2017-05-08 00:00:00+08:00,11.082363462889846,11.082363462889846,11.039901733398438,11.039901733398438,11275,0.0,0.0
2017-05-09 00:00:00+08:00,11.08236397748219,11.167285614057992,10.870058059692383,10.870058059692383,30445,0.0,0.0
2017-05-10 00:00:00+08:00,10.99744091708214,11.124824279206145,10.954980100765841,11.039901733398438,6765,0.0,0.0
2017-05-11 00:00:00+08:00,11.506975921933448,11.506975921933448,11.082364082336426,11.082364082336426,22550,0.0,0.0
2017-05-12 00:00:00+08:00,11.209746825013852,11.209746825013852,11.039901733398438,11.039901733398438,14658,0.0,0.0
2017-05-15 00:00:00+08:00,11.039901733398438,11.039901733398438,11.039901733398438,11.039901733398438,1691,0.0,0.0
2017-05-16 00:00:00+08:00,11.039901733398438,11.082363462889846,11.039901733398438,11.039901733398438,63142,0.0,0.0
2017-05-17 00:00:00+08:00,10.91251837127443,11.209746825013852,10.91251837127443,11.039901733398438,24805,0.0,0.0
2017-05-18 00:00:00+08:00,11.039901733398438,11.039901733398438,11.039901733398438,11.039901733398438,0,0.0,0.0
2017-05-19 00:00:00+08:00,10.870059244883757,10.954981803894043,10.785137599048724,10.954981803894043,22550,0.0,0.0
2017-05-22 00:00:00+08:00,11.337130302715943,11.337130302715943,11.25220775604248,11.25220775604248,13530,0.0,0.0
2017-05-23 00:00:00+08:00,11.25220775604248,11.25220775604248,11.25220775604248,11.25220775604248,0,0.0,0.0
2017-05-24 00:00:00+08:00,11.039901733398438,11.039901733398438,10.785135922325537,11.039901733398438,45101,0.0,0.0
2017-05-25 00:00:00+08:00,10.997442009197105,11.209747938212129,10.912519454956055,10.912519454956055,49614,0.0,0.0
2017-05-26 00:00:00+08:00,10.912519689417739,10.997442245483398,10.785137225082082,10.997442245483398,40591,0.0,0.0
2017-05-31 00:00:00+08:00,10.912519257633301,10.912519257633301,10.827597618103027,10.827597618103027,33826,0.0,0.0
2017-06-01 00:00:00+08:00,10.954981803894043,10.954981803894043,10.954981803894043,10.954981803894043,1127,0.0,0.0
2017-06-02 00:00:00+08:00,10.912518877980283,10.912518877980283,10.700212960190473,10.870058059692383,59761,0.0,0.0
2017-06-05 00:00:00+08:00,10.827597241404481,10.870058059692383,10.785136423116581,10.870058059692383,11278,0.0,0.0
2017-06-06 00:00:00+08:00,10.870057554958134,11.379591916629268,10.785135922325537,11.039901733398438,133049,0.0,0.0
2017-06-07 00:00:00+08:00,11.124824541132245,11.46451473236084,11.124824541132245,11.46451473236084,80055,0.0,0.0
2017-06-08 00:00:00+08:00,11.464514579313699,11.549436212812042,11.209746939293309,11.25220775604248,67652,0.0,0.0
2017-06-09 00:00:00+08:00,11.422053770607363,11.63435969782648,11.209747843388246,11.591897964477539,104298,0.0,0.0
2017-06-12 00:00:00+08:00,11.676820376933458,11.719281196594238,11.464515365454377,11.719281196594238,32698,0.0,0.0
2017-06-13 00:00:00+08:00,11.88912654133078,12.865733631798545,11.804203987121582,11.804203987121582,1382375,0.0,0.0
2017-06-14 00:00:00+08:00,11.846664297800872,11.846664297800872,11.039902350471626,11.082364082336426,317966,0.0,0.0
2017-06-15 00:00:00+08:00,11.082364416200642,11.464515448620602,11.082364416200642,11.379592895507812,73411,0.0,0.0
2017-06-16 00:00:00+08:00,11.379592277407438,11.379592277407438,11.337130546569824,11.337130546569824,8014,0.0,0.0
2017-06-19 00:00:00+08:00,11.16728653316962,11.252209089910036,11.039903154646613,11.209748268127441,51866,0.0,0.0
2017-06-20 00:00:00+08:00,11.209747651812718,11.209747651812718,11.124825099741367,11.167285919189453,21536,0.0,0.0
2017-06-21 00:00:00+08:00,11.252208609251031,11.379592895507812,11.167286056138241,11.379592895507812,19168,0.0,0.0
2017-06-22 00:00:00+08:00,11.337130546569824,11.464514825907527,11.337130546569824,11.337130546569824,25933,0.0,0.0
2017-06-23 00:00:00+08:00,11.464515166527736,11.464515166527736,11.167285781358924,11.294669151306152,63142,0.0,0.0
2017-06-26 00:00:00+08:00,11.209747513458112,11.379592615504528,11.209747513458112,11.294669151306152,27060,0.0,0.0
2017-06-27 00:00:00+08:00,11.337131162363821,11.549437088558202,11.337131162363821,11.379592895507812,59759,0.0,0.0
2017-06-28 00:00:00+08:00,11.209747513458112,11.294669151306152,10.954980773563655,11.294669151306152,86820,0.0,0.0
2017-06-29 00:00:00+08:00,11.16728653316962,11.209748268127441,11.039903154646613,11.209748268127441,67652,0.0,0.0
2017-06-30 00:00:00+08:00,11.209747651812718,11.209747651812718,10.997441728221927,11.167285919189453,25933,0.0,0.0
2017-07-03 00:00:00+08:00,11.124824523925781,11.379592166953186,11.124824523925781,11.124824523925781,3382,0.0,0.0
2017-07-04 00:00:00+08:00,11.20974778928223,11.464515448620602,11.20974778928223,11.379592895507812,34953,0.0,0.0
2017-07-05 00:00:00+08:00,11.252209089910036,11.379593381608272,11.082364889604435,11.209748268127441,19168,0.0,0.0
2017-07-06 00:00:00+08:00,11.167285919189453,11.167285919189453,11.08236428029328,11.167285919189453,23678,0.0,0.0
2017-07-07 00:00:00+08:00,11.124825099741367,11.167285919189453,11.08236428029328,11.167285919189453,11397,0.0,0.0
2017-07-10 00:00:00+08:00,11.082363462889846,11.082363462889846,11.039901733398438,11.039901733398438,7892,0.0,0.0
2017-07-11 00:00:00+08:00,11.252208471407144,11.54943694707315,11.252208471407144,11.506976127624512,95840,0.0,0.0
2017-07-12 00:00:00+08:00,11.634359259656634,12.653427124023438,11.591897527906875,12.653427124023438,1001262,0.0,0.0
2017-07-13 00:00:00+08:00,13.035577412720787,13.120499964230818,12.186354637145996,12.186354637145996,816451,0.0,0.0
2017-07-14 00:00:00+08:00,12.101432514150105,12.695889482594989,12.05897169347913,12.356199264526367,208594,0.0,0.0
2017-07-17 00:00:00+08:00,12.483582057196406,12.526042875886045,12.14389276815382,12.313737869262695,115385,0.0,0.0
2017-07-18 00:00:00+08:00,12.483581647046222,13.545111211162046,12.483581647046222,13.375267028808594,1406750,0.0,0.0
2017-07-19 00:00:00+08:00,13.762332676482323,13.805339616360877,12.81617259979248,12.81617259979248,944202,0.177377,0.0
2017-07-20 00:00:00+08:00,12.902186994490938,12.988200871514875,11.99903296145799,12.042040824890137,529524,0.0,0.0
2017-07-21 00:00:00+08:00,12.042040824890137,12.214070428778369,11.956026022946022,12.042040824890137,192865,0.0,0.0
2017-07-24 00:00:00+08:00,12.042040006795263,12.042040006795263,11.78399654341368,11.827003479003906,138687,0.0,0.0
2017-07-25 00:00:00+08:00,11.913019193476687,11.956026132382307,11.783997451839637,11.870011329650879,64269,0.0,0.0
2017-07-26 00:00:00+08:00,11.91301913856313,12.21407048427533,11.91301913856313,11.956026077270508,100351,0.0,0.0
2017-07-27 00:00:00+08:00,12.12805479950826,12.12805479950826,11.913019180297852,11.913019180297852,54125,0.0,0.0
2017-07-28 00:00:00+08:00,11.870012177069368,12.08504873678964,11.783998293117463,11.99903392791748,50162,0.0,0.0
2017-07-31 00:00:00+08:00,11.999032895296882,12.171063423156738,11.999032895296882,12.171063423156738,14658,0.0,0.0
2017-08-01 00:00:00+08:00,12.17106338199999,12.214070320129395,11.999032854721857,12.214070320129395,30781,0.0,0.0
2017-08-02 00:00:00+08:00,12.214070320129395,12.214070320129395,12.042040717771433,12.214070320129395,52994,0.0,0.0
2017-08-03 00:00:00+08:00,12.21407013461648,12.472113609313965,12.21407013461648,12.472113609313965,177023,0.0,0.0
2017-08-04 00:00:00+08:00,12.515120546790161,12.515120546790161,12.343091871965223,12.472113609313965,78928,0.0,0.0
2017-08-07 00:00:00+08:00,12.472113609313965,12.472113609313965,12.30008400956887,12.472113609313965,63319,0.0,0.0
2017-08-08 00:00:00+08:00,12.515120694852364,12.515120694852364,12.25707721710205,12.25707721710205,30443,0.0,0.0
2017-08-09 00:00:00+08:00,12.12805479950826,12.12805479950826,11.870011316519621,11.913019180297852,62014,0.0,0.0
2017-08-10 00:00:00+08:00,11.827003855037429,11.827003855037429,11.224902113030184,11.267909049987793,155995,0.0,0.0
2017-08-11 00:00:00+08:00,11.267909945609551,11.396931691657722,11.267909945609551,11.353924751281738,37276,0.0,0.0
2017-08-14 00:00:00+08:00,11.353925112744474,11.353925112744474,10.923852920532227,10.923852920532227,65510,0.0,0.0
2017-08-15 00:00:00+08:00,10.923852787782641,11.052873611450195,10.923852787782641,11.052873611450195,38336,0.0,0.0
2017-08-16 00:00:00+08:00,11.00986580166027,11.052872739489976,10.966858863830566,10.966858863830566,58632,0.0,0.0
2017-08-17 00:00:00+08:00,11.009865578401852,11.267909049987793,11.009865578401852,11.267909049987793,27060,0.0,0.0
2017-08-18 00:00:00+08:00,11.22490197381413,11.482945442199707,11.095880239621344,11.482945442199707,46039,0.0,0.0
2017-08-21 00:00:00+08:00,11.48294538202946,11.611968040466309,11.48294538202946,11.611968040466309,40591,0.0,0.0
2017-08-22 00:00:00+08:00,11.568962097167969,11.568962097167969,11.482947285591187,11.568962097167969,24805,0.0,0.0
2017-08-23 00:00:00+08:00,11.6119699654165,11.6119699654165,11.482947285591187,11.568962097167969,11518,0.0,0.0
2017-08-24 00:00:00+08:00,11.568960383451488,11.568960383451488,11.267909049987793,11.267909049987793,18266,0.0,0.0
2017-08-25 00:00:00+08:00,11.267910719109373,11.568962097167969,11.224903775781124,11.568962097167969,40813,0.0,0.0
2017-08-28 00:00:00+08:00,11.439937722738371,11.439937722738371,11.18189425115243,11.267909049987793,32698,0.0,0.0
2017-08-29 00:00:00+08:00,11.22490197381413,11.525953303544059,11.22490197381413,11.482945442199707,32302,0.0,0.0
2017-08-30 00:00:00+08:00,11.525954246520996,11.525954246520996,11.310916772046568,11.525954246520996,29316,0.0,0.0
2017-08-31 00:00:00+08:00,11.43993854522705,11.525954275166768,11.396931605177405,11.43993854522705,23791,0.0,0.0
2017-09-01 00:00:00+08:00,11.439937580855354,11.525953303544059,11.439937580855354,11.482945442199707,26027,0.0,0.0
2017-09-04 00:00:00+08:00,11.568960015622325,11.913018275104472,11.568960015622325,11.827003479003906,83681,0.0,0.0
2017-09-05 00:00:00+08:00,11.956025916592452,12.300084196388203,11.870011115413472,12.214070320129395,148835,0.0,0.0
2017-09-06 00:00:00+08:00,11.956026317965962,11.956026317965962,11.6119689515401,11.654975891113281,65961,0.0,0.0
2017-09-07 00:00:00+08:00,11.783997765305068,11.783997765305068,11.353924665127758,11.43993854522705,118617,0.0,0.0
2017-09-08 00:00:00+08:00,11.48294605180861,11.956026077270508,11.48294605180861,11.956026077270508,49950,0.0,0.0
2017-09-11 00:00:00+08:00,11.99903296145799,12.042040824890137,11.697982542033852,12.042040824890137,23678,0.0,0.0
2017-09-12 00:00:00+08:00,12.300083470176844,12.300083470176844,11.827003479003906,11.827003479003906,38337,0.0,0.0
2017-09-13 00:00:00+08:00,11.827005432072117,11.827005432072117,11.783998489379883,11.783998489379883,4569,0.0,0.0
2017-09-14 00:00:00+08:00,11.783998489379883,11.783998489379883,11.783998489379883,11.783998489379883,19168,0.0,0.0
2017-09-15 00:00:00+08:00,11.69798259518587,11.956026077270508,11.69798259518587,11.956026077270508,12402,0.0,0.0
2017-09-18 00:00:00+08:00,11.827004336228189,11.956026077270508,11.78399739752081,11.956026077270508,25933,0.0,0.0
2017-09-19 00:00:00+08:00,11.956026402859743,12.81617259979248,11.74098985362656,12.81617259979248,46688,0.0,0.0
2017-09-20 00:00:00+08:00,12.300084221545259,12.386099022900163,12.085047680618084,12.12805461883545,46296,0.0,0.0
2017-09-21 00:00:00+08:00,11.99903287926318,12.12805461883545,11.99903287926318,12.12805461883545,12402,0.0,0.0
2017-09-22 00:00:00+08:00,11.827004377661575,11.913019180297852,11.740989575025301,11.913019180297852,16913,0.0,0.0
2017-09-25 00:00:00+08:00,11.913020242376852,11.913020242376852,11.611969793690681,11.783998489379883,9020,0.0,0.0
2017-09-26 00:00:00+08:00,11.611968101312629,11.611968101312629,11.482945442199707,11.482945442199707,46229,0.0,0.0
2017-09-27 00:00:00+08:00,11.697983852073,11.697983852073,11.482947285591187,11.568962097167969,16969,0.0,0.0
2017-09-28 00:00:00+08:00,11.439939417342654,11.568962097167969,11.439939417342654,11.568962097167969,7892,0.0,0.0
2017-09-29 00:00:00+08:00,11.439937520910467,11.611968040466309,11.267908851194887,11.611968040466309,36081,0.0,0.0
2017-10-02 00:00:00+08:00,11.525954147473533,11.654975891113281,11.439938418486761,11.654975891113281,18074,0.0,0.0
2017-10-03 00:00:00+08:00,11.568962097167969,11.568962097167969,11.439939417342654,11.568962097167969,15094,0.0,0.0
2017-10-05 00:00:00+08:00,11.52595515383972,11.65497690874475,11.52595515383972,11.568962097167969,7892,0.0,0.0
2017-10-06 00:00:00+08:00,11.525953303544059,11.525953303544059,11.396930644431137,11.482945442199707,24897,0.0,0.0
2017-10-11 00:00:00+08:00,11.525953303544059,11.525953303544059,11.482945442199707,11.482945442199707,20295,0.0,0.0
2017-10-12 00:00:00+08:00,11.482946381658026,11.697982931212245,11.482946381658026,11.525954246520996,11275,0.0,0.0
2017-10-13 00:00:00+08:00,11.525954246520996,11.525954246520996,11.439938516795056,11.525954246520996,5731,0.0,0.0
2017-10-16 00:00:00+08:00,11.568960179347316,11.611968040466309,11.439937520910467,11.611968040466309,12402,0.0,0.0
2017-10-17 00:00:00+08:00,11.611969051326726,11.611969051326726,11.396931576852296,11.525954246520996,16913,0.0,0.0
2017-10-18 00:00:00+08:00,11.396931691657722,11.654976108674285,11.353924751281738,11.353924751281738,19168,0.0,0.0
2017-10-19 00:00:00+08:00,11.48294641019691,11.913019510374218,11.43993854522705,11.43993854522705,43976,0.0,0.0
2017-10-20 00:00:00+08:00,11.439937520910467,11.697981912864034,11.439937520910467,11.611968040466309,30443,0.0,0.0
2017-10-23 00:00:00+08:00,11.783998489379883,12.085048938066054,11.697983679075147,11.783998489379883,93585,0.0,0.0
2017-10-24 00:00:00+08:00,11.783997451839637,12.042040935113738,11.783997451839637,11.870011329650879,36324,0.0,0.0
2017-10-25 00:00:00+08:00,11.87001142776207,12.042041034646832,11.740989685058594,11.740989685058594,50740,0.0,0.0
2017-10-26 00:00:00+08:00,11.654975656478491,11.956026077270508,11.654975656478491,11.956026077270508,23678,0.0,0.0
2017-10-27 00:00:00+08:00,11.87001142776207,11.87001142776207,11.740989685058594,11.740989685058594,29559,0.0,0.0
2017-10-30 00:00:00+08:00,11.740988849062896,11.740988849062896,11.611968040466309,11.611968040466309,12402,0.0,0.0
2017-10-31 00:00:00+08:00,11.482946199651643,11.740989685058594,11.439938335470353,11.740989685058594,12404,0.0,0.0
2017-11-01 00:00:00+08:00,11.611968040466309,11.611968040466309,11.439937520910467,11.611968040466309,19168,0.0,0.0
2017-11-02 00:00:00+08:00,11.52595515383972,11.6119699654165,11.52595515383972,11.568962097167969,7892,0.0,0.0
2017-11-03 00:00:00+08:00,11.611967962590747,12.558127027061229,11.611967962590747,11.697981834411621,33130,0.0,0.0
2017-11-06 00:00:00+08:00,11.697981834411621,11.697981834411621,11.697981834411621,11.697981834411621,7892,0.0,0.0
2017-11-07 00:00:00+08:00,11.654975891113281,11.654975891113281,11.654975891113281,11.654975891113281,4510,0.0,0.0
2017-11-08 00:00:00+08:00,11.654974898501184,11.697981834411621,11.482945305019188,11.697981834411621,6765,0.0,0.0
2017-11-09 00:00:00+08:00,11.870010502973493,11.870010502973493,11.697981834411621,11.697981834411621,18040,0.0,0.0
2017-11-10 00:00:00+08:00,11.56896192607818,11.783998489379883,11.439939248160941,11.783998489379883,18040,0.0,0.0
2017-11-13 00:00:00+08:00,11.956027185069086,12.429107254364727,11.783998489379883,11.783998489379883,111852,0.0,0.0
2017-11-14 00:00:00+08:00,11.783996631152618,11.95602529971449,11.439937444188628,11.697981834411621,31571,0.0,0.0
2017-11-15 00:00:00+08:00,11.396931576852296,11.568961186463756,11.396931576852296,11.525954246520996,19168,0.0,0.0
2017-11-16 00:00:00+08:00,11.35392476598667,11.35392476598667,11.224903019771398,11.310916900634766,21516,0.0,0.0
2017-11-17 00:00:00+08:00,11.310916772046568,11.783997736017973,11.18189502729808,11.525954246520996,71035,0.0,0.0
2017-11-20 00:00:00+08:00,11.310916674847013,11.654975891113281,11.26790973527383,11.654975891113281,156728,0.0,0.0
2017-11-21 00:00:00+08:00,11.482945492727133,11.482945492727133,11.353923757966621,11.396930694580078,33826,0.0,0.0
2017-11-22 00:00:00+08:00,11.396930644431137,11.482945442199707,11.396930644431137,11.482945442199707,18040,0.0,0.0
2017-11-23 00:00:00+08:00,11.439937722738371,11.439937722738371,11.267909049987793,11.267909049987793,40599,0.0,0.0
2017-11-24 00:00:00+08:00,11.267909049987793,11.568960383451488,11.267909049987793,11.267909049987793,52384,0.0,0.0
2017-11-27 00:00:00+08:00,11.3109159869454,11.353923848823154,11.18189425115243,11.267909049987793,39463,0.0,0.0
2017-11-28 00:00:00+08:00,11.224903005233566,11.525954362626113,11.181895139937364,11.353924751281738,42846,0.0,0.0
2017-11-29 00:00:00+08:00,11.353923889267705,11.39693082637851,11.224902153015137,11.224902153015137,22550,0.0,0.0
2017-11-30 00:00:00+08:00,11.267909090125944,11.267909090125944,11.224902153015137,11.224902153015137,10147,0.0,0.0
2017-12-01 00:00:00+08:00,11.35392476598667,11.35392476598667,11.181895154419493,11.310916900634766,9020,0.0,0.0
2017-12-04 00:00:00+08:00,11.267909101597494,11.267909101597494,11.181894302368164,11.181894302368164,3382,0.0,0.0
2017-12-05 00:00:00+08:00,11.009866670227677,11.052873611450195,11.009866670227677,11.052873611450195,15786,0.0,0.0
2017-12-06 00:00:00+08:00,11.00986580166027,11.740989294286232,10.880843138330828,10.966858863830566,157855,0.0,0.0
2017-12-07 00:00:00+08:00,10.96685972900516,11.052873611450195,10.923852787782641,11.052873611450195,20295,0.0,0.0
2017-12-08 00:00:00+08:00,11.052873596014473,11.095881462097168,10.923852772527102,11.095881462097168,32698,0.0,0.0
2017-12-11 00:00:00+08:00,11.09588147759295,11.267910167403262,11.052873611450195,11.052873611450195,19168,0.0,0.0
2017-12-12 00:00:00+08:00,11.267910106965582,11.267910106965582,11.138888359069824,11.138888359069824,15785,0.0,0.0
2017-12-13 00:00:00+08:00,11.353923708006919,11.482945442199707,11.267908910238349,11.482945442199707,20329,0.0,0.0
2017-12-14 00:00:00+08:00,11.482946512201945,11.482946512201945,11.310916900634766,11.310916900634766,10147,0.0,0.0
2017-12-15 00:00:00+08:00,11.310916900634766,11.310916900634766,11.310916900634766,11.310916900634766,0,0.0,0.0
2017-12-18 00:00:00+08:00,11.310916885985534,11.697983049050269,11.267909945609551,11.353924751281738,48485,0.0,0.0
2017-12-19 00:00:00+08:00,11.353923757966621,11.396930694580078,11.0958802884456,11.396930694580078,15785,0.0,0.0
2017-12-20 00:00:00+08:00,11.181895154419493,11.310916900634766,11.181895154419493,11.310916900634766,9142,0.0,0.0
2017-12-21 00:00:00+08:00,11.310916900634766,11.310916900634766,11.224903019771398,11.310916900634766,4510,0.0,0.0
2017-12-22 00:00:00+08:00,11.310916900634766,11.310916900634766,11.310916900634766,11.310916900634766,3382,0.0,0.0
2017-12-25 00:00:00+08:00,11.181894290984182,11.267909090125944,11.138887353873375,11.224902153015137,9020,0.0,0.0
2017-12-26 00:00:00+08:00,11.224902023206111,11.525953354260729,11.224902023206111,11.396930694580078,59898,0.0,0.0
2017-12-27 00:00:00+08:00,11.482945817467677,11.482945817467677,10.923851926000863,10.966858863830566,26160,0.0,0.0
2017-12-28 00:00:00+08:00,11.095881418077981,11.181895300061665,11.095881418077981,11.138888359069824,13530,0.0,0.0
2017-12-29 00:00:00+08:00,11.095880377237213,11.267909049987793,11.095880377237213,11.267909049987793,18162,0.0,0.0
2018-01-02 00:00:00+08:00,11.267909960203083,11.310916900634766,11.181895154419493,11.310916900634766,18040,0.0,0.0
2018-01-03 00:00:00+08:00,11.224902153015137,11.267909090125944,11.181894290984182,11.224902153015137,7892,0.0,0.0
2018-01-04 00:00:00+08:00,11.267909101597494,11.267909101597494,11.181894302368164,11.181894302368164,7892,0.0,0.0
2018-01-05 00:00:00+08:00,11.181895154419493,11.310916900634766,11.138888213987808,11.310916900634766,22765,0.0,0.0
2018-01-08 00:00:00+08:00,11.310916038752085,11.310916038752085,11.181894302368164,11.181894302368164,22550,0.0,0.0
2018-01-09 00:00:00+08:00,11.18189425115243,11.267909049987793,10.966858641444244,11.267909049987793,63142,0.0,0.0
2018-01-10 00:00:00+08:00,11.267909049987793,11.267909049987793,11.267909049987793,11.267909049987793,2555,0.0,0.0
2018-01-11 00:00:00+08:00,11.482946512201945,11.482946512201945,11.181895154419493,11.310916900634766,12402,0.0,0.0
2018-01-12 00:00:00+08:00,11.353923848823154,11.439937722738371,11.267909049987793,11.267909049987793,27060,0.0,0.0
2018-01-15 00:00:00+08:00,11.267909090125944,11.525953487551227,11.181894290984182,11.224902153015137,67652,0.0,0.0
2018-01-16 00:00:00+08:00,11.224903019771398,11.310916900634766,11.181895154419493,11.310916900634766,48596,0.0,0.0
2018-01-17 00:00:00+08:00,11.310917047957423,11.310917047957423,11.138888359069824,11.138888359069824,28188,0.0,0.0
2018-01-18 00:00:00+08:00,11.181895344422083,11.267910151667234,11.095881462097168,11.095881462097168,28189,0.0,0.0
2018-01-19 00:00:00+08:00,11.095881418077981,11.181895300061665,11.095881418077981,11.138888359069824,43974,0.0,0.0
2018-01-22 00:00:00+08:00,11.138888403259624,11.181895344422083,11.095881462097168,11.095881462097168,15361,0.0,0.0
2018-01-23 00:00:00+08:00,11.353924751281738,11.396931691657722,11.181895139937364,11.353924751281738,25933,0.0,0.0
2018-01-24 00:00:00+08:00,11.353923757966621,11.396930694580078,11.267908959819568,11.396930694580078,10147,0.0,0.0
2018-01-25 00:00:00+08:00,11.43993854522705,11.43993854522705,11.267909860108254,11.43993854522705,5714,0.0,0.0
2018-01-26 00:00:00+08:00,11.396930644431137,11.482945442199707,11.396930644431137,11.482945442199707,16913,0.0,0.0
2018-01-29 00:00:00+08:00,11.396930837981415,11.396930837981415,11.138887365213574,11.181894302368164,15785,0.0,0.0
2018-01-30 00:00:00+08:00,11.181894290984182,11.224902153015137,11.138887353873375,11.224902153015137,27060,0.0,0.0
2018-01-31 00:00:00+08:00,11.224902153015137,11.224902153015137,11.224902153015137,11.224902153015137,0,0.0,0.0
2018-02-01 00:00:00+08:00,11.224902153015137,11.224902153015137,11.052872554731614,11.224902153015137,31571,0.0,0.0
2018-02-02 00:00:00+08:00,11.181895139937364,11.353924751281738,11.181895139937364,11.353924751281738,7893,0.0,0.0
2018-02-05 00:00:00+08:00,11.009866453513208,11.353924751281738,11.009866453513208,11.353924751281738,24805,0.0,0.0
2018-02-06 00:00:00+08:00,11.052872515359459,11.267909049987793,10.923851704486635,11.267909049987793,36081,0.0,0.0
2018-02-07 00:00:00+08:00,10.880843097952576,11.05287269847333,10.880843097952576,11.009865760803223,64382,0.0,0.0
2018-02-08 00:00:00+08:00,10.923851926000863,10.966858863830566,10.880843138330828,10.966858863830566,10260,0.0,0.0
2018-02-09 00:00:00+08:00,10.966858863830566,10.966858863830566,10.966858863830566,10.966858863830566,0,0.0,0.0
2018-02-12 00:00:00+08:00,10.837837055497129,11.052873611450195,10.794830114274612,11.052873611450195,36703,0.0,0.0
2018-02-21 00:00:00+08:00,10.92385257276124,11.353924751281738,10.880843782544815,11.353924751281738,20295,0.0,0.0
2018-02-22 00:00:00+08:00,11.09588147759295,11.09588147759295,10.96685972900516,11.052873611450195,32698,0.0,0.0
2018-02-23 00:00:00+08:00,11.052872739489976,11.052872739489976,10.966858863830566,10.966858863830566,13530,0.0,0.0
2018-02-26 00:00:00+08:00,11.00986580166027,11.00986580166027,10.880843138330828,10.966858863830566,30443,0.0,0.0
2018-02-27 00:00:00+08:00,10.923851950302334,11.095880626924014,10.751821423840319,10.880843162536621,101479,0.0,0.0
2018-03-01 00:00:00+08:00,10.794828423677238,11.00986494595305,10.66580669529577,10.75182056427002,122904,0.0,0.0
2018-03-02 00:00:00+08:00,10.665807779013418,10.708814717870338,10.407764296031532,10.579792976379395,114497,0.0,0.0
2018-03-05 00:00:00+08:00,10.6658068560586,10.6658068560586,10.4507703305416,10.536785125732422,30443,0.0,0.0
2018-03-06 00:00:00+08:00,10.665807779013418,10.83783645936128,10.536786037522475,10.579792976379395,68403,0.0,0.0
2018-03-07 00:00:00+08:00,10.536785983173576,10.665807723999023,10.40776424234813,10.665807723999023,45101,0.0,0.0
2018-03-08 00:00:00+08:00,10.66580669529577,10.75182056427002,10.62279883588855,10.75182056427002,9020,0.0,0.0
2018-03-09 00:00:00+08:00,10.622799915236312,10.751821656727255,10.579792976379395,10.579792976379395,27272,0.0,0.0
2018-03-12 00:00:00+08:00,10.622799915236312,10.708814717870338,10.579792976379395,10.579792976379395,10147,0.0,0.0
2018-03-13 00:00:00+08:00,10.579792976379395,10.579792976379395,10.579792976379395,10.579792976379395,0,0.0,0.0
2018-03-14 00:00:00+08:00,10.622799915236312,10.622799915236312,10.579792976379395,10.579792976379395,4510,0.0,0.0
2018-03-15 00:00:00+08:00,10.665807723999023,10.665807723999023,10.665807723999023,10.665807723999023,5637,0.0,0.0
2018-03-16 00:00:00+08:00,10.66580869449498,10.66580869449498,10.622800827026367,10.622800827026367,12402,0.0,0.0
2018-03-19 00:00:00+08:00,10.622799915236312,10.622799915236312,10.579792976379395,10.579792976379395,10359,0.0,0.0
2018-03-20 00:00:00+08:00,10.493778173745369,10.579792976379395,10.493778173745369,10.579792976379395,18040,0.0,0.0
2018-03-21 00:00:00+08:00,10.579792827492499,10.794829368591309,10.579792827492499,10.794829368591309,42846,0.0,0.0
2018-03-22 00:00:00+08:00,10.794828586384778,10.923851241631063,10.536785125732422,10.536785125732422,63863,0.0,0.0
2018-03-23 00:00:00+08:00,10.407765296452371,10.536787050345213,10.36475742854124,10.493779182434082,65397,0.0,0.0
2018-03-26 00:00:00+08:00,10.493778173745369,10.579792976379395,10.493778173745369,10.579792976379395,9491,0.0,0.0
2018-03-27 00:00:00+08:00,10.66580869449498,10.66580869449498,10.57979388447802,10.622800827026367,37208,0.0,0.0
2018-03-28 00:00:00+08:00,10.622799860443754,10.665807723999023,10.40776424234813,10.665807723999023,22550,0.0,0.0
2018-03-29 00:00:00+08:00,10.66580863234824,10.708815574645996,10.66580863234824,10.708815574645996,51866,0.0,0.0
2018-03-30 00:00:00+08:00,10.708814717870338,10.708814717870338,10.493778173745369,10.579792976379395,37668,0.0,0.0
2018-04-02 00:00:00+08:00,10.579792921808664,10.79482946482447,10.536785983173576,10.665807723999023,17138,0.0,0.0
2018-04-03 00:00:00+08:00,10.536787050345213,10.579793993336068,10.407765296452371,10.493779182434082,62014,0.0,0.0
2018-04-09 00:00:00+08:00,10.536786941929675,10.622800827026367,10.536786941929675,10.622800827026367,25933,0.0,0.0
2018-04-10 00:00:00+08:00,10.622799860443754,10.665807723999023,10.579792921808664,10.665807723999023,32969,0.0,0.0
2018-04-11 00:00:00+08:00,10.665807779013418,10.665807779013418,10.579792976379395,10.579792976379395,11499,0.0,0.0
2018-04-12 00:00:00+08:00,10.536785889240807,10.794829368591309,10.536785889240807,10.794829368591309,12402,0.0,0.0
2018-04-13 00:00:00+08:00,10.79483005637439,11.181895300061665,10.79483005637439,11.138888359069824,41718,0.0,0.0
2018-04-16 00:00:00+08:00,11.009866654852017,11.181895344422083,11.009866654852017,11.095881462097168,28188,0.0,0.0
2018-04-17 00:00:00+08:00,11.224902298994085,11.224902298994085,10.966858823133116,11.009865760803223,45101,0.0,0.0
2018-04-18 00:00:00+08:00,10.96685972900516,11.052873611450195,10.751822248131855,11.052873611450195,68403,0.0,0.0
2018-04-19 00:00:00+08:00,11.05287269847333,11.05287269847333,10.966858823133116,11.009865760803223,20633,0.0,0.0
2018-04-20 00:00:00+08:00,11.095881462097168,11.095881462097168,11.095881462097168,11.095881462097168,1127,0.0,0.0
2018-04-23 00:00:00+08:00,11.095881462097168,11.095881462097168,11.009866654852017,11.095881462097168,10260,0.0,0.0
2018-04-24 00:00:00+08:00,11.009865909690118,11.05287284794181,10.794829368591309,10.794829368591309,5750,0.0,0.0
2018-04-25 00:00:00+08:00,10.62279883588855,10.75182056427002,10.62279883588855,10.75182056427002,9133,0.0,0.0
2018-04-26 00:00:00+08:00,10.751821601269201,10.837836403459558,10.665807723999023,10.665807723999023,6765,0.0,0.0
2018-04-27 00:00:00+08:00,10.665808526828913,10.837837219238281,10.536786776291823,10.837837219238281,29437,0.0,0.0
2018-04-30 00:00:00+08:00,11.009866945491076,11.052873887788834,10.708815574645996,10.708815574645996,11275,0.0,0.0
2018-05-02 00:00:00+08:00,10.66580863234824,10.708815574645996,10.66580863234824,10.708815574645996,23039,0.0,0.0
2018-05-03 00:00:00+08:00,10.665807723999023,10.708814662634111,10.665807723999023,10.665807723999023,21423,0.0,0.0
2018-05-04 00:00:00+08:00,10.837836403459558,10.837836403459558,10.665807723999023,10.665807723999023,11275,0.0,0.0
2018-05-07 00:00:00+08:00,10.665807628916058,11.69798247123824,10.665807628916058,10.794829368591309,1005878,0.0,0.0
2018-05-08 00:00:00+08:00,10.966858863830566,11.052872739489976,10.837836200501124,10.966858863830566,76672,0.0,0.0
2018-05-09 00:00:00+08:00,10.96686000319332,10.96686000319332,10.579793822832464,10.708815574645996,47694,0.0,0.0
2018-05-10 00:00:00+08:00,10.665807628916058,10.794829368591309,10.62279976574419,10.794829368591309,56377,0.0,0.0
2018-05-11 00:00:00+08:00,10.751821601269201,10.751821601269201,10.622799860443754,10.665807723999023,55127,0.0,0.0
2018-05-14 00:00:00+08:00,10.665808495300581,10.923852920532227,10.579793686890032,10.923852920532227,31683,0.0,0.0
2018-05-15 00:00:00+08:00,10.66580863234824,10.751822516943752,10.62280076513022,10.708815574645996,32811,0.0,0.0
2018-05-16 00:00:00+08:00,10.622800056886637,10.622800056886637,10.407764434814453,10.407764434814453,71035,0.0,0.0
2018-05-17 00:00:00+08:00,10.40776444857494,10.493778327549457,10.36475658416748,10.36475658416748,35292,0.0,0.0
2018-05-18 00:00:00+08:00,10.364756570463857,10.407764434814453,10.364756570463857,10.407764434814453,7892,0.0,0.0
2018-05-21 00:00:00+08:00,10.407764434814453,10.622800056886637,10.407764434814453,10.407764434814453,10260,0.0,0.0
2018-05-22 00:00:00+08:00,10.40776444857494,10.40776444857494,10.36475658416748,10.36475658416748,16913,0.0,0.0
2018-05-23 00:00:00+08:00,10.364756626859226,10.407764491443832,10.235734882945819,10.321749687194824,29489,0.0,0.0
2018-05-24 00:00:00+08:00,10.407764392531433,10.665807877905877,10.364756528355562,10.45077133178711,20295,0.0,0.0
2018-05-25 00:00:00+08:00,10.579793074474331,10.579793074474331,10.364756528355562,10.45077133178711,11275,0.0,0.0
2018-05-28 00:00:00+08:00,10.407765296452371,10.493779182434082,10.321750485550385,10.493779182434082,27060,0.0,0.0
2018-05-29 00:00:00+08:00,10.493778313675246,10.493778313675246,10.407764434814453,10.407764434814453,4510,0.0,0.0
2018-05-30 00:00:00+08:00,10.321749631033459,10.407764434814453,10.321749631033459,10.407764434814453,4511,0.0,0.0
2018-05-31 00:00:00+08:00,10.708814717870338,11.267909547611216,10.579792976379395,10.579792976379395,83926,0.0,0.0
2018-06-01 00:00:00+08:00,10.579793074474331,10.579793074474331,10.45077133178711,10.45077133178711,27060,0.0,0.0
2018-06-04 00:00:00+08:00,10.70881574722891,10.70881574722891,10.493779182434082,10.493779182434082,6415,0.0,0.0
2018-06-05 00:00:00+08:00,10.4507703305416,10.536785125732422,10.407763395406244,10.536785125732422,43010,0.0,0.0
2018-06-06 00:00:00+08:00,10.579793993336068,10.579793993336068,10.450772239443227,10.493779182434082,31653,0.0,0.0
2018-06-07 00:00:00+08:00,10.837836403459558,10.837836403459558,10.536785983173576,10.665807723999023,34953,0.0,0.0
2018-06-08 00:00:00+08:00,10.579792921808664,10.665807723999023,10.40776424234813,10.665807723999023,18040,0.0,0.0
2018-06-11 00:00:00+08:00,10.837835521520136,10.837835521520136,10.493777265676957,10.536785125732422,11275,0.0,0.0
2018-06-12 00:00:00+08:00,10.536785889240807,10.794829368591309,10.49377802606894,10.794829368591309,17034,0.0,0.0
2018-06-13 00:00:00+08:00,10.57979388447802,10.622800827026367,10.57979388447802,10.622800827026367,3382,0.0,0.0
2018-06-14 00:00:00+08:00,10.57979388447802,10.622800827026367,10.57979388447802,10.622800827026367,7892,0.0,0.0
2018-06-15 00:00:00+08:00,10.708814662634111,10.708814662634111,10.665807723999023,10.665807723999023,7892,0.0,0.0
2018-06-19 00:00:00+08:00,10.622800056886637,10.622800056886637,10.407764434814453,10.407764434814453,8863,0.0,0.0
2018-06-20 00:00:00+08:00,10.45077133178711,10.45077133178711,10.45077133178711,10.45077133178711,1127,0.0,0.0
2018-06-21 00:00:00+08:00,10.45077133178711,10.45077133178711,10.45077133178711,10.45077133178711,4510,0.0,0.0
2018-06-22 00:00:00+08:00,10.364756528355562,10.665807877905877,10.321749589099888,10.45077133178711,13530,0.0,0.0
2018-06-25 00:00:00+08:00,10.407764534671454,10.493778414357505,10.278742790222168,10.278742790222168,14163,0.0,0.0
2018-06-26 00:00:00+08:00,10.579793233554524,10.83783672280897,10.235734939575195,10.235734939575195,48484,0.0,0.0
2018-06-27 00:00:00+08:00,10.493778487870667,10.493778487870667,10.149720191955566,10.149720191955566,11275,0.0,0.0
2018-06-28 00:00:00+08:00,10.106713181009647,10.278742790222168,10.020698376403388,10.278742790222168,18040,0.0,0.0
2018-06-29 00:00:00+08:00,10.235734827252466,10.407764434814453,10.235734827252466,10.407764434814453,4510,0.0,0.0
2018-07-02 00:00:00+08:00,10.407764392531433,10.751821756417227,10.364756528355562,10.45077133178711,20295,0.0,0.0
2018-07-03 00:00:00+08:00,10.493778327549457,10.493778327549457,10.36475658416748,10.36475658416748,6765,0.0,0.0
2018-07-04 00:00:00+08:00,10.407764434814453,10.407764434814453,10.364756570463857,10.407764434814453,4510,0.0,0.0
2018-07-05 00:00:00+08:00,11.009867122925725,11.009867122925725,10.493779182434082,10.493779182434082,28188,0.0,0.0
2018-07-06 00:00:00+08:00,10.837837501121752,10.837837501121752,10.321750485550385,10.493779182434082,20295,0.0,0.0
2018-07-09 00:00:00+08:00,10.579793993336068,10.622800936326923,10.407765296452371,10.493779182434082,22550,0.0,0.0
2018-07-10 00:00:00+08:00,10.622800936326923,10.622800936326923,10.493779182434082,10.493779182434082,12402,0.0,0.0
2018-07-11 00:00:00+08:00,10.321749631033459,10.407764434814453,10.235734827252466,10.407764434814453,56464,0.0,0.0
2018-07-12 00:00:00+08:00,10.27874292104866,10.27874292104866,10.063705444335938,10.063705444335938,30443,0.0,0.0
2018-07-13 00:00:00+08:00,10.063705386746738,10.235734997164396,10.063705386746738,10.149720191955566,25933,0.0,0.0
2018-07-16 00:00:00+08:00,10.10671345771387,10.14972039873435,9.891676902770996,9.891676902770996,92458,0.0,0.0
2018-07-17 00:00:00+08:00,9.934683843791477,9.934683843791477,9.891676902770996,9.891676902770996,9020,0.0,0.0
2018-07-18 00:00:00+08:00,9.891676902770996,10.020698650752673,9.891676902770996,9.891676902770996,21423,0.0,0.0
2018-07-19 00:00:00+08:00,9.891675909367963,9.934682846069336,9.891675909367963,9.934682846069336,11275,0.0,0.0
2018-07-20 00:00:00+08:00,10.020697644392222,10.020697644392222,9.934682846069336,9.934682846069336,2255,0.0,0.0
2018-07-23 00:00:00+08:00,9.80566120147705,9.977690799709352,9.80566120147705,9.80566120147705,15785,0.0,0.0
2018-07-24 00:00:00+08:00,9.805662277013523,9.891677085564229,9.63363265991211,9.63363265991211,37208,0.0,0.0
2018-07-25 00:00:00+08:00,9.633631842252997,9.633631842252997,9.418596226507859,9.461603164672852,61008,0.0,0.0
2018-07-26 00:00:00+08:00,9.547618991710564,9.547618991710564,9.375589370727539,9.375589370727539,65397,0.0,0.0
2018-07-27 00:00:00+08:00,9.418596133385844,9.590624809265137,9.375588270725899,9.590624809265137,46905,0.0,0.0
2018-07-30 00:00:00+08:00,9.504610102837844,9.504610102837844,9.418596226507859,9.461603164672852,10213,0.0,0.0
2018-07-31 00:00:00+08:00,9.461603164672852,9.461603164672852,9.418596226507859,9.461603164672852,27060,0.0,0.0
2018-08-01 00:00:00+08:00,9.461604181219052,9.461604181219052,9.375589370727539,9.375589370727539,33826,0.0,0.0
2018-08-02 00:00:00+08:00,9.375587500613435,9.418595359740706,9.33258056640625,9.33258056640625,13530,0.0,0.0
2018-08-03 00:00:00+08:00,9.418597221374512,9.461604164082239,9.33258241103879,9.418597221374512,14658,0.0,0.0
2018-08-06 00:00:00+08:00,9.461603164672852,9.461603164672852,9.461603164672852,9.461603164672852,3382,0.0,0.0
2018-08-07 00:00:00+08:00,9.461604164082239,9.461604164082239,9.375589353746516,9.418597221374512,11275,0.0,0.0
2018-08-08 00:00:00+08:00,9.418597221374512,9.461604164082239,9.418597221374512,9.418597221374512,9020,0.0,0.0
2018-08-09 00:00:00+08:00,9.375589370727539,9.375589370727539,9.375589370727539,9.375589370727539,12524,0.0,0.0
2018-08-10 00:00:00+08:00,9.375587500613435,9.375587500613435,9.203558838864609,9.33258056640625,19168,0.0,0.0
2018-08-13 00:00:00+08:00,9.203558875754371,9.289573669433594,9.03153021331602,9.289573669433594,14658,0.0,0.0
2018-08-14 00:00:00+08:00,9.33258056640625,9.33258056640625,9.160551904657424,9.33258056640625,25933,0.0,0.0
2018-08-15 00:00:00+08:00,9.375589247249431,9.547618865966797,9.375589247249431,9.547618865966797,102606,0.0,0.0
2018-08-16 00:00:00+08:00,9.590624809265137,10.020697886343612,9.590624809265137,9.590624809265137,80055,0.0,0.0
2018-08-17 00:00:00+08:00,9.848669144811163,9.848669144811163,9.590624745332155,9.719647407531738,7892,0.0,0.0
2018-08-20 00:00:00+08:00,9.590625808186008,9.762655426903374,9.547618865966797,9.547618865966797,15785,0.0,0.0
2018-08-21 00:00:00+08:00,9.54761792454428,9.762654464277638,9.375588322789527,9.504610061645508,83437,0.0,0.0
2018-08-22 00:00:00+08:00,9.504610998827326,9.547618865966797,9.504610998827326,9.547618865966797,2255,0.0,0.0
2018-08-23 00:00:00+08:00,9.547618865966797,9.547618865966797,9.547618865966797,9.547618865966797,4510,0.0,0.0
2018-08-24 00:00:00+08:00,9.676640534585028,9.676640534585028,9.50461000886541,9.590624809265137,5637,0.0,0.0
2018-08-27 00:00:00+08:00,9.590624904088004,9.590624904088004,9.461603164672852,9.461603164672852,9020,0.0,0.0
2018-08-28 00:00:00+08:00,9.418595359740706,9.461602293947891,9.289573632199065,9.33258056640625,80853,0.0,0.0
2018-08-29 00:00:00+08:00,9.418597238433431,9.418597238433431,9.289575485156298,9.375589370727539,23678,0.0,0.0
2018-08-30 00:00:00+08:00,9.332581425257699,9.504610102837844,9.289574487092706,9.461603164672852,30443,0.0,0.0
2018-08-31 00:00:00+08:00,9.461603164672852,9.633631842252997,9.461603164672852,9.461603164672852,20295,0.0,0.0
2018-09-03 00:00:00+08:00,9.461604181219052,9.461604181219052,9.375589370727539,9.375589370727539,36081,0.0,0.0
2018-09-04 00:00:00+08:00,9.504610102837844,9.504610102837844,9.461603164672852,9.461603164672852,10486,0.0,0.0
2018-09-05 00:00:00+08:00,9.504611106789966,9.504611106789966,9.418597221374512,9.418597221374512,17758,0.0,0.0
2018-09-06 00:00:00+08:00,9.504611106789966,9.504611106789966,9.418597221374512,9.418597221374512,18097,0.0,0.0
2018-09-07 00:00:00+08:00,9.504610102837844,9.504610102837844,9.375588363422693,9.461603164672852,24805,0.0,0.0
2018-09-10 00:00:00+08:00,9.461603403097136,9.504610342345867,9.160552978515625,9.160552978515625,31814,0.0,0.0
2018-09-11 00:00:00+08:00,9.332581575092062,9.461603316578655,9.246566772460938,9.246566772460938,21423,0.0,0.0
2018-09-12 00:00:00+08:00,9.332581425257699,9.461603164672852,9.332581425257699,9.461603164672852,9245,0.0,0.0
2018-09-13 00:00:00+08:00,9.504610998827326,9.547618865966797,9.33258230503022,9.547618865966797,28188,0.0,0.0
2018-09-14 00:00:00+08:00,9.50461073390573,9.934683843791477,9.375588985924054,9.891676902770996,67652,0.0,0.0
2018-09-17 00:00:00+08:00,9.891676701249295,10.192727132099874,9.891676701249295,10.149720191955566,48484,0.0,0.0
2018-09-18 00:00:00+08:00,10.278743071636262,10.4937787016589,9.891676902770996,9.891676902770996,113881,0.0,0.0
2018-09-19 00:00:00+08:00,9.891676843940996,10.020698591155325,9.891676843940996,9.977691650390625,4510,0.0,0.0
2018-09-20 00:00:00+08:00,9.977691754357062,9.977691754357062,9.84867000579834,9.84867000579834,14658,0.0,0.0
2018-09-21 00:00:00+08:00,9.891676757854066,10.063705444335938,9.891676757854066,10.063705444335938,9020,0.0,0.0
2018-09-25 00:00:00+08:00,10.149720250036983,10.192727190427396,10.063705444335938,10.063705444335938,10147,0.0,0.0
2018-09-26 00:00:00+08:00,10.149720191955566,10.149720191955566,10.063705386746738,10.149720191955566,20295,0.0,0.0
2018-09-27 00:00:00+08:00,10.106713181009647,10.407764534671454,10.063705316246413,10.278742790222168,19168,0.0,0.0
2018-09-28 00:00:00+08:00,10.321749644680223,10.36475658416748,10.14972003689079,10.36475658416748,11388,0.0,0.0
2018-10-01 00:00:00+08:00,10.364755379125615,10.75182056427002,10.149718856849804,10.75182056427002,60003,0.0,0.0
2018-10-02 00:00:00+08:00,10.493778370772633,10.536786235357239,10.321749687194824,10.321749687194824,37226,0.0,0.0
2018-10-03 00:00:00+08:00,10.321749687194824,10.321749687194824,10.321749687194824,10.321749687194824,0,0.0,0.0
2018-10-04 00:00:00+08:00,10.235734882945819,10.321749687194824,10.063705274447805,10.321749687194824,10147,0.0,0.0
2018-10-05 00:00:00+08:00,10.063705444335938,10.063705444335938,10.063705444335938,10.063705444335938,3382,0.0,0.0
2018-10-08 00:00:00+08:00,9.977691650390625,9.977691650390625,9.848669903176294,9.977691650390625,31571,0.0,0.0
2018-10-09 00:00:00+08:00,9.805661937926152,10.10671329498291,9.805661937926152,10.10671329498291,11275,0.0,0.0
2018-10-11 00:00:00+08:00,9.676640300940958,9.934682846069336,9.375588044350787,9.934682846069336,54121,0.0,0.0
2018-10-12 00:00:00+08:00,9.590624577697932,9.934682846069336,9.590624577697932,9.934682846069336,4603,0.0,0.0
2018-10-15 00:00:00+08:00,9.676641464233398,9.805662289847955,9.676641464233398,9.676641464233398,4510,0.0,0.0
2018-10-16 00:00:00+08:00,9.590625730649856,9.805662289847955,9.461603980115049,9.676641464233398,18040,0.0,0.0
2018-10-17 00:00:00+08:00,9.676640534585028,9.676640534585028,9.590624809265137,9.590624809265137,11275,0.0,0.0
2018-10-18 00:00:00+08:00,9.590625386445641,10.10671329498291,9.547618446117626,10.10671329498291,7892,0.0,0.0
2018-10-19 00:00:00+08:00,9.80566120147705,9.80566120147705,9.80566120147705,9.80566120147705,1127,0.0,0.0
2018-10-22 00:00:00+08:00,9.848669817463653,10.063705444335938,9.848669817463653,10.063705444335938,4510,0.0,0.0
2018-10-23 00:00:00+08:00,9.84867000579834,9.84867000579834,9.84867000579834,9.84867000579834,1127,0.0,0.0
2018-10-24 00:00:00+08:00,9.891676902770996,10.063705591773154,9.891676902770996,9.891676902770996,10147,0.0,0.0
2018-10-25 00:00:00+08:00,9.590625483827406,9.977691650390625,9.590625483827406,9.977691650390625,12508,0.0,0.0
2018-10-26 00:00:00+08:00,9.977691650390625,9.977691650390625,9.977691650390625,9.977691650390625,1127,0.0,0.0
2018-10-29 00:00:00+08:00,9.46160300805273,9.719647407531738,9.46160300805273,9.719647407531738,7892,0.0,0.0
2018-10-30 00:00:00+08:00,9.504611106789966,9.504611106789966,9.33258241103879,9.418597221374512,15785,0.0,0.0
2018-10-31 00:00:00+08:00,9.418596226507859,9.633631842252997,9.418596226507859,9.461603164672852,6765,0.0,0.0
2018-11-01 00:00:00+08:00,9.461603164672852,9.461603164672852,9.461603164672852,9.461603164672852,5637,0.0,0.0
2018-11-02 00:00:00+08:00,9.461603164672852,9.461603164672852,9.461603164672852,9.461603164672852,14658,0.0,0.0
2018-11-05 00:00:00+08:00,9.461603164672852,9.461603164672852,9.461603164672852,9.461603164672852,30443,0.0,0.0
2018-11-06 00:00:00+08:00,9.461603164672852,9.461603164672852,9.461603164672852,9.461603164672852,74,0.0,0.0
2018-11-07 00:00:00+08:00,9.590624745332155,9.891676082264253,9.590624745332155,9.719647407531738,37208,0.0,0.0
2018-11-08 00:00:00+08:00,9.84866897266659,9.934682846069336,9.805661111045078,9.934682846069336,9020,0.0,0.0
2018-11-09 00:00:00+08:00,9.84867000579834,9.84867000579834,9.84867000579834,9.84867000579834,1127,0.0,0.0
2018-11-12 00:00:00+08:00,9.934683843791477,9.934683843791477,9.8056620958098,9.891676902770996,30443,0.0,0.0
2018-11-13 00:00:00+08:00,9.80566120147705,9.891676000593202,9.80566120147705,9.80566120147705,24805,0.0,0.0
2018-11-14 00:00:00+08:00,9.84867000579834,9.891676947011167,9.84867000579834,9.84867000579834,14658,0.0,0.0
2018-11-15 00:00:00+08:00,9.891676148204102,9.891676148204102,9.590624809265137,9.590624809265137,6765,0.0,0.0
2018-11-16 00:00:00+08:00,9.676640390183048,9.848669063495201,9.633631603244748,9.80566120147705,6765,0.0,0.0
2018-11-19 00:00:00+08:00,9.891676000593202,9.977690799709352,9.80566120147705,9.80566120147705,20295,0.0,0.0
2018-11-20 00:00:00+08:00,9.84867000579834,9.891676947011167,9.805662139665273,9.84867000579834,22550,0.0,0.0
2018-11-21 00:00:00+08:00,9.719648257239617,9.84867000579834,9.676641316026789,9.84867000579834,14658,0.0,0.0
2018-11-22 00:00:00+08:00,9.805662199654648,9.891677007526766,9.676641375226836,9.762655258178711,29316,0.0,0.0
2018-11-23 00:00:00+08:00,9.762655258178711,9.762655258178711,9.762655258178711,9.762655258178711,1127,0.0,0.0
2018-11-26 00:00:00+08:00,9.762655335198295,9.762655335198295,9.63363265991211,9.63363265991211,3382,0.0,0.0
2018-11-27 00:00:00+08:00,9.719648155961965,9.977691650390625,9.719648155961965,9.977691650390625,7892,0.0,0.0
2018-11-28 00:00:00+08:00,10.063705444335938,10.063705444335938,10.063705444335938,10.063705444335938,2255,0.0,0.0
2018-11-29 00:00:00+08:00,10.063705591773154,10.063705591773154,9.891676902770996,9.891676902770996,10147,0.0,0.0
2018-11-30 00:00:00+08:00,9.934683843791477,9.934683843791477,9.891676902770996,9.891676902770996,13530,0.0,0.0
2018-12-03 00:00:00+08:00,9.891676800712796,10.020698547363281,9.891676800712796,10.020698547363281,18040,0.0,0.0
2018-12-04 00:00:00+08:00,10.106713397604954,10.106713397604954,9.934683784705696,9.977691650390625,4510,0.0,0.0
2018-12-05 00:00:00+08:00,9.977691709732191,10.063705591773154,9.891676902770996,9.891676902770996,12402,0.0,0.0
2018-12-06 00:00:00+08:00,9.934683949002704,9.934683949002704,9.762655258178711,9.762655258178711,11275,0.0,0.0
2018-12-07 00:00:00+08:00,9.80566120147705,9.80566120147705,9.80566120147705,9.80566120147705,5637,0.0,0.0
2018-12-10 00:00:00+08:00,9.805662037491366,9.977691650390625,9.676641215197265,9.977691650390625,13530,0.0,0.0
2018-12-11 00:00:00+08:00,9.891676843940996,10.106713397604954,9.891676843940996,9.977691650390625,12515,0.0,0.0
2018-12-12 00:00:00+08:00,9.934683698244479,10.063705444335938,9.934683698244479,10.063705444335938,5637,0.0,0.0
2018-12-13 00:00:00+08:00,10.063705487940034,10.063705487940034,10.020698547363281,10.020698547363281,33938,0.0,0.0
2018-12-14 00:00:00+08:00,9.977691650390625,9.977691650390625,9.934683784705696,9.977691650390625,6877,0.0,0.0
2018-12-17 00:00:00+08:00,9.805661937926152,10.10671329498291,9.805661937926152,10.10671329498291,42846,0.0,0.0
2018-12-18 00:00:00+08:00,9.934682846069336,9.934682846069336,9.934682846069336,9.934682846069336,12402,0.0,0.0
2018-12-19 00:00:00+08:00,9.977690707690849,9.977690707690849,9.934682846069336,9.934682846069336,9020,0.0,0.0
2018-12-20 00:00:00+08:00,9.934682846069336,9.934682846069336,9.934682846069336,9.934682846069336,5637,0.0,0.0
2018-12-21 00:00:00+08:00,9.934682846069336,9.934682846069336,9.934682846069336,9.934682846069336,12515,0.0,0.0
2018-12-24 00:00:00+08:00,9.934683784705696,9.977691650390625,9.934683784705696,9.977691650390625,14658,0.0,0.0
2018-12-25 00:00:00+08:00,9.891676757854066,10.063705444335938,9.891676757854066,10.063705444335938,5637,0.0,0.0
2018-12-26 00:00:00+08:00,10.10671329498291,10.10671329498291,10.10671329498291,10.10671329498291,2255,0.0,0.0
2018-12-27 00:00:00+08:00,10.106713353437012,10.106713353437012,10.020698547363281,10.020698547363281,2498,0.0,0.0
2018-12-28 00:00:00+08:00,10.020698547363281,10.063705487940034,10.020698547363281,10.020698547363281,10147,0.0,0.0
2019-01-02 00:00:00+08:00,9.977691650390625,10.063705531920027,9.977691650390625,9.977691650390625,9142,0.0,0.0
2019-01-03 00:00:00+08:00,10.020698591155325,10.063705531920027,9.977691650390625,9.977691650390625,14779,0.0,0.0
2019-01-04 00:00:00+08:00,10.020698547363281,10.020698547363281,10.020698547363281,10.020698547363281,9020,0.0,0.0
2019-01-07 00:00:00+08:00,10.063705386746738,10.149720191955566,10.063705386746738,10.149720191955566,15785,0.0,0.0
2019-01-08 00:00:00+08:00,10.10671330964657,10.10671330964657,10.063705444335938,10.063705444335938,11275,0.0,0.0
2019-01-09 00:00:00+08:00,10.235734997164396,10.235734997164396,9.977691506458124,10.149720191955566,40591,0.0,0.0
2019-01-10 00:00:00+08:00,10.106713816765144,10.622800827026367,10.06370594929653,10.622800827026367,14860,0.0,0.0
2019-01-11 00:00:00+08:00,10.364756684202417,10.407764549024964,10.235734939575195,10.235734939575195,21423,0.0,0.0
2019-01-14 00:00:00+08:00,10.278742691603062,10.407764434814453,10.278742691603062,10.407764434814453,14658,0.0,0.0
2019-01-15 00:00:00+08:00,10.407765296452371,10.579793993336068,10.407765296452371,10.493779182434082,36081,0.0,0.0
2019-01-16 00:00:00+08:00,10.536786303555635,11.525954246520996,10.536786303555635,11.525954246520996,1212331,0.0,0.0
2019-01-17 00:00:00+08:00,11.697983019324136,12.644143104553223,11.697983019324136,12.644143104553223,1623714,0.0,0.0
2019-01-18 00:00:00+08:00,13.160229822441334,13.160229822441334,12.558127163626802,12.94519329071045,1285084,0.0,0.0
2019-01-21 00:00:00+08:00,12.902186683756549,12.902186683756549,12.30008400956887,12.472113609313965,508642,0.0,0.0
2019-01-22 00:00:00+08:00,12.81617180121239,12.94519353772887,12.429105666742798,12.558127403259277,478189,0.0,0.0
2019-01-23 00:00:00+08:00,13.074215274245349,13.074215274245349,12.472113528861726,12.558127403259277,546764,0.0,0.0
2019-01-24 00:00:00+08:00,12.687149139775757,12.773164864013612,12.558127403259277,12.558127403259277,501755,0.0,0.0
2019-01-25 00:00:00+08:00,12.773164749145508,12.816171685957526,12.60113515205715,12.773164749145508,276277,0.0,0.0
2019-01-28 00:00:00+08:00,12.988200782544148,12.988200782544148,12.12805461883545,12.12805461883545,590831,0.0,0.0
2019-01-29 00:00:00+08:00,12.042040534871383,12.472113609313965,11.99903267247503,12.472113609313965,481572,0.0,0.0
2019-01-30 00:00:00+08:00,12.558128171940059,13.246244758760879,12.472114292277613,12.859180450439453,1651508,0.0,0.0
2019-02-11 00:00:00+08:00,13.160230594667619,13.633310622267272,12.988200989220369,13.203237533569336,895830,0.0,0.0
2019-02-12 00:00:00+08:00,12.902187017513967,13.418274905179405,12.902187017513967,13.332259178161621,526795,0.0,0.0
2019-02-13 00:00:00+08:00,13.117221687488518,13.418273935535295,12.988199956125696,13.375266075134277,575868,0.0,0.0
2019-02-14 00:00:00+08:00,13.117222635377704,13.762332263729457,13.117222635377704,13.332259178161621,297670,0.0,0.0
2019-02-15 00:00:00+08:00,13.160230473657446,14.407441864461063,13.160230473657446,13.418274879455566,525659,0.0,0.0
2019-02-18 00:00:00+08:00,13.59030324703329,13.805338859558105,13.54729630951236,13.805338859558105,271936,0.0,0.0
2019-02-19 00:00:00+08:00,13.977368631577328,14.23541116772483,13.203236398534276,13.504287719726562,534679,0.0,0.0
2019-02-20 00:00:00+08:00,13.54729621920198,14.020376228459163,13.54729621920198,13.93436050415039,197680,0.0,0.0
2019-02-21 00:00:00+08:00,14.149397770695138,14.364433378832265,13.848346439430939,14.235411643981934,284365,0.0,0.0
2019-02-22 00:00:00+08:00,14.62247723677291,15.224579877202691,14.450447646672943,15.052549362182617,1130292,0.0,0.0
2019-02-25 00:00:00+08:00,15.052549565466963,15.396608750313408,14.106390506819707,14.794507026672363,1028718,0.0,0.0
2019-02-26 00:00:00+08:00,14.665485402549747,14.708492338511428,14.364433151137474,14.579469680786133,341870,0.0,0.0
2019-02-27 00:00:00+08:00,14.579470874524665,14.579470874524665,14.149398704934004,14.278420448303223,210304,0.0,0.0
2019-03-04 00:00:00+08:00,14.27841967826646,14.27841967826646,13.676317008454639,14.020376205444336,349537,0.0,0.0
2019-03-05 00:00:00+08:00,13.934360775433003,13.934360775433003,13.590303421020508,13.590303421020508,169311,0.0,0.0
2019-03-06 00:00:00+08:00,13.762332056738945,13.934360733426596,13.590303380051294,13.633310317993164,92458,0.0,0.0
2019-03-07 00:00:00+08:00,13.676317435413326,13.676317435413326,13.117222610231003,13.418274879455566,260642,0.0,0.0
2019-03-08 00:00:00+08:00,13.246244528117057,13.246244528117057,13.031208907784936,13.117222785949707,105222,0.0,0.0
2019-03-11 00:00:00+08:00,13.1172220012053,13.203236799144385,12.902186393737793,12.902186393737793,52205,0.0,0.0
2019-03-12 00:00:00+08:00,13.074215750559462,13.33225923299335,13.031208811793878,13.246244430541992,151203,0.0,0.0
2019-03-13 00:00:00+08:00,13.117222884494058,13.160230748819737,12.859180323140984,12.988201141357422,93659,0.0,0.0
2019-03-14 00:00:00+08:00,13.074216088904217,13.074216088904217,12.81617259979248,12.81617259979248,63322,0.0,0.0
2019-03-15 00:00:00+08:00,13.031209149025665,13.031209149025665,12.81617259979248,12.81617259979248,87948,0.0,0.0
2019-03-18 00:00:00+08:00,12.902187404469796,12.902187404469796,12.773165659913927,12.81617259979248,30041,0.0,0.0
2019-03-19 00:00:00+08:00,12.81617292473928,12.81617292473928,11.913019765029055,12.386099815368652,398134,0.0,0.0
2019-03-20 00:00:00+08:00,12.386099022900163,12.386099022900163,12.042040742400719,12.12805461883545,43997,0.0,0.0
2019-03-21 00:00:00+08:00,12.128053968276362,12.128053968276362,11.697981834411621,11.697981834411621,171386,0.0,0.0
2019-03-22 00:00:00+08:00,11.439937580855354,11.568960239968277,11.267908910238349,11.482945442199707,344356,0.0,0.0
2019-03-25 00:00:00+08:00,11.138888199561379,11.439938632033707,11.138888199561379,11.353924751281738,94713,0.0,0.0
2019-03-26 00:00:00+08:00,11.353924539340397,11.91301937839278,11.353924539340397,11.654975891113281,121154,0.0,0.0
2019-03-27 00:00:00+08:00,11.611969051326726,11.611969051326726,11.396931576852296,11.525954246520996,26271,0.0,0.0
2019-03-28 00:00:00+08:00,11.396932474014404,11.568962097167969,11.396932474014404,11.568962097167969,44172,0.0,0.0
2019-03-29 00:00:00+08:00,11.568960015622325,11.827003479003906,11.482945219521758,11.827003479003906,125382,0.0,0.0
2019-04-01 00:00:00+08:00,11.611969051326726,11.654975991269485,11.439938516795056,11.525954246520996,116268,0.0,0.0
2019-04-02 00:00:00+08:00,11.43993822825843,11.913019180297852,11.396931289400387,11.913019180297852,79605,0.0,0.0
2019-04-03 00:00:00+08:00,11.697981912864034,11.697981912864034,11.568960179347316,11.611968040466309,64628,0.0,0.0
2019-04-08 00:00:00+08:00,11.353924665127758,11.43993854522705,11.18189505508875,11.43993854522705,120852,0.0,0.0
2019-04-09 00:00:00+08:00,11.439938632033707,11.48294649732991,11.310916885985534,11.353924751281738,22550,0.0,0.0
2019-04-10 00:00:00+08:00,11.267909860108254,11.43993854522705,11.224902920058609,11.43993854522705,19168,0.0,0.0
2019-04-11 00:00:00+08:00,11.43993854522705,11.43993854522705,11.267909860108254,11.43993854522705,47459,0.0,0.0
2019-04-12 00:00:00+08:00,11.353924751281738,11.396931691657722,11.267909945609551,11.353924751281738,46229,0.0,0.0
2019-04-15 00:00:00+08:00,11.353923848823154,11.353923848823154,11.138887314194822,11.267909049987793,53558,0.0,0.0
2019-04-16 00:00:00+08:00,11.267909960203083,11.568961317985533,11.181895154419493,11.310916900634766,102042,0.0,0.0
2019-04-17 00:00:00+08:00,11.353923848823154,11.353923848823154,11.224902113030184,11.267909049987793,65397,0.0,0.0
2019-04-18 00:00:00+08:00,11.224902164442906,11.310916038752085,11.181894302368164,11.181894302368164,31571,0.0,0.0
2019-04-19 00:00:00+08:00,11.13888717604556,11.482945442199707,10.966858505428556,11.482945442199707,410424,0.0,0.0
2019-04-22 00:00:00+08:00,11.482946661765256,11.482946661765256,11.009866611174065,11.138888359069824,163493,0.0,0.0
2019-04-23 00:00:00+08:00,11.095881462097168,11.095881462097168,11.009866654852017,11.095881462097168,67032,0.0,0.0
2019-04-24 00:00:00+08:00,11.0958805610636,11.0958805610636,11.009865760803223,11.009865760803223,26271,0.0,0.0
2019-04-25 00:00:00+08:00,11.052873611450195,11.181895360037988,11.009866670227677,11.052873611450195,42846,0.0,0.0
2019-04-26 00:00:00+08:00,11.095881462097168,11.095881462097168,10.923852772527102,11.095881462097168,19203,0.0,0.0
2019-04-29 00:00:00+08:00,11.009865760803223,11.009865760803223,10.923851885463007,11.009865760803223,47469,0.0,0.0
2019-04-30 00:00:00+08:00,10.923851743399197,11.224902153015137,10.837836019337287,11.224902153015137,99357,0.0,0.0
2019-05-02 00:00:00+08:00,11.181895300061665,11.181895300061665,11.009866611174065,11.138888359069824,37265,0.0,0.0
2019-05-03 00:00:00+08:00,11.09588147759295,11.181895360037988,11.052873611450195,11.052873611450195,39707,0.0,0.0
2019-05-06 00:00:00+08:00,11.052872554731614,11.39693082637851,11.052872554731614,11.224902153015137,230018,0.0,0.0
2019-05-07 00:00:00+08:00,11.267909049987793,11.3109159869454,11.095880377237213,11.267909049987793,74417,0.0,0.0
2019-05-08 00:00:00+08:00,11.138888199561379,11.353924751281738,11.095881259185395,11.353924751281738,92458,0.0,0.0
2019-05-09 00:00:00+08:00,11.35392476598667,11.35392476598667,11.181895154419493,11.310916900634766,71035,0.0,0.0
2019-05-10 00:00:00+08:00,11.310916885985534,11.353924751281738,11.181895139937364,11.353924751281738,77800,0.0,0.0
2019-05-13 00:00:00+08:00,11.181895154419493,11.310916900634766,11.138888213987808,11.310916900634766,64269,0.0,0.0
2019-05-14 00:00:00+08:00,11.310915896433025,11.396930694580078,11.224902023206111,11.396930694580078,111626,0.0,0.0
2019-05-15 00:00:00+08:00,11.48294605180861,12.085047818312827,11.439938188181047,11.956026077270508,407042,0.0,0.0
2019-05-16 00:00:00+08:00,11.827003646380751,11.827003646380751,11.48294538202946,11.611968040466309,94713,0.0,0.0
2019-05-17 00:00:00+08:00,11.6119699654165,11.6119699654165,11.353925530686155,11.568962097167969,49612,0.0,0.0
2019-05-20 00:00:00+08:00,11.568961087046715,11.654975891113281,11.568961087046715,11.654975891113281,62016,0.0,0.0
2019-05-21 00:00:00+08:00,11.568960101760187,11.697981834411621,11.568960101760187,11.697981834411621,58632,0.0,0.0
2019-05-22 00:00:00+08:00,11.654975806536408,11.740989685058594,11.654975806536408,11.740989685058594,31571,0.0,0.0
2019-05-23 00:00:00+08:00,11.611967962590747,11.697981834411621,11.611967962590747,11.697981834411621,27060,0.0,0.0
2019-05-24 00:00:00+08:00,11.611967962590747,11.697981834411621,11.611967962590747,11.697981834411621,20295,0.0,0.0
2019-05-27 00:00:00+08:00,11.697981834411621,11.697981834411621,11.482945305019188,11.697981834411621,48484,0.0,0.0
2019-05-28 00:00:00+08:00,11.6119689515401,11.654975891113281,11.568961087046715,11.654975891113281,14658,0.0,0.0
2019-05-29 00:00:00+08:00,11.568960101760187,11.697981834411621,11.52595316584975,11.697981834411621,20295,0.0,0.0
2019-05-30 00:00:00+08:00,11.69798259518587,11.956026077270508,11.611968717771113,11.956026077270508,91330,0.0,0.0
2019-05-31 00:00:00+08:00,11.870011221001905,12.042040824890137,11.74098948054582,12.042040824890137,78927,0.0,0.0
2019-06-03 00:00:00+08:00,11.956026022946022,12.042040824890137,11.783997343977969,12.042040824890137,84565,0.0,0.0
2019-06-04 00:00:00+08:00,12.171063197140283,12.816171883884001,12.042040534871383,12.472113609313965,462404,0.0,0.0
2019-06-05 00:00:00+08:00,12.730157084011452,12.98820055870894,12.386098809441418,12.472113609313965,433435,0.0,0.0
2019-06-06 00:00:00+08:00,12.429106653812285,12.644143206723804,12.429106653812285,12.515121459960938,134763,0.0,0.0
2019-06-10 00:00:00+08:00,12.55812829909961,12.90218752091406,12.55812829909961,12.644143104553223,252253,0.0,0.0
2019-06-11 00:00:00+08:00,12.687149987181325,12.77316571716438,12.644143047110012,12.730157852172852,104009,0.0,0.0
2019-06-12 00:00:00+08:00,12.773164532875581,13.117221871386576,12.773164532875581,13.074214935302734,678102,0.0,0.0
2019-06-13 00:00:00+08:00,13.160229732390546,13.332258401646042,13.031207999218891,13.074214935302734,476950,0.0,0.0
2019-06-14 00:00:00+08:00,12.988200380822194,12.988200380822194,12.429105576688245,12.687149047851562,475822,0.0,0.0
2019-06-17 00:00:00+08:00,12.687149047851562,12.730156909658879,12.644142110964392,12.687149047851562,56377,0.0,0.0
2019-06-18 00:00:00+08:00,12.730157001894685,12.773164864013612,12.558127403259277,12.558127403259277,56602,0.0,0.0
2019-06-19 00:00:00+08:00,12.730157781105367,12.859180450439453,12.558128171940059,12.859180450439453,62127,0.0,0.0
2019-06-20 00:00:00+08:00,12.81617259979248,12.81617259979248,12.601136050559296,12.81617259979248,82310,0.0,0.0
2019-06-21 00:00:00+08:00,12.816172657235693,12.902187462298535,12.730157852172852,12.730157852172852,107116,0.0,0.0
2019-06-24 00:00:00+08:00,12.730157781105367,12.859180450439453,12.730157781105367,12.859180450439453,32698,0.0,0.0
2019-06-25 00:00:00+08:00,12.816172585688022,12.859180450439453,12.730157781105367,12.859180450439453,40591,0.0,0.0
2019-06-26 00:00:00+08:00,12.730156797859625,12.902186393737793,12.644141999920539,12.902186393737793,47356,0.0,0.0
2019-06-27 00:00:00+08:00,12.730156887413347,12.773164749145508,12.60113515205715,12.773164749145508,66524,0.0,0.0
2019-06-28 00:00:00+08:00,12.687149987181325,12.730157852172852,12.644143047110012,12.730157852172852,13530,0.0,0.0
2019-07-01 00:00:00+08:00,12.687149916353937,12.859180450439453,12.644142976522714,12.859180450439453,28188,0.0,0.0
2019-07-02 00:00:00+08:00,12.730157795115165,12.81617259979248,12.64414299043785,12.81617259979248,23678,0.0,0.0
2019-07-03 00:00:00+08:00,12.816172585688022,12.902187390270676,12.730157781105367,12.859180450439453,63142,0.0,0.0
2019-07-04 00:00:00+08:00,12.730157795115165,12.81617259979248,12.730157795115165,12.81617259979248,22550,0.0,0.0
2019-07-05 00:00:00+08:00,12.687149930316403,12.81617259979248,12.601136050559296,12.81617259979248,122901,0.0,0.0
2019-07-08 00:00:00+08:00,12.730156887413347,12.773164749145508,12.730156887413347,12.773164749145508,14658,0.0,0.0
2019-07-09 00:00:00+08:00,12.687149025681185,12.773164749145508,12.60113515205715,12.773164749145508,39463,0.0,0.0
2019-07-10 00:00:00+08:00,12.902187462298535,12.902187462298535,12.601136107038696,12.730157852172852,36081,0.0,0.0
2019-07-11 00:00:00+08:00,12.515120375382732,12.730156909658879,12.515120375382732,12.687149047851562,47356,0.0,0.0
2019-07-12 00:00:00+08:00,12.730156887413347,12.816171685957526,12.687149025681185,12.773164749145508,15785,0.0,0.0
2019-07-15 00:00:00+08:00,12.773164749145508,12.773164749145508,12.773164749145508,12.773164749145508,1465,0.0,0.0
2019-07-16 00:00:00+08:00,12.644143047110012,12.730157852172852,12.644143047110012,12.730157852172852,21814,0.0,0.0
2019-07-17 00:00:00+08:00,12.7731656458568,12.902187390270676,12.730157781105367,12.859180450439453,58632,0.0,0.0
2019-07-18 00:00:00+08:00,12.644143047110012,12.730157852172852,12.644143047110012,12.730157852172852,11275,0.0,0.0
2019-07-19 00:00:00+08:00,12.730157795115165,12.902187404469796,12.730157795115165,12.81617259979248,22550,0.0,0.0
2019-07-22 00:00:00+08:00,12.81617259979248,12.81617259979248,12.730157795115165,12.81617259979248,3382,0.0,0.0
2019-07-23 00:00:00+08:00,12.816171685957526,12.816171685957526,12.730156887413347,12.773164749145508,18040,0.0,0.0
2019-07-24 00:00:00+08:00,12.644143047110012,12.77316571716438,12.644143047110012,12.730157852172852,66691,0.0,0.0
2019-07-25 00:00:00+08:00,12.644142110964392,12.687149047851562,12.644142110964392,12.687149047851562,33826,0.0,0.0
2019-07-26 00:00:00+08:00,12.687149047851562,12.687149047851562,12.687149047851562,12.687149047851562,1240,0.0,0.0
2019-07-29 00:00:00+08:00,12.60113517407722,12.687149047851562,12.558127312269905,12.687149047851562,25933,0.0,0.0
2019-07-30 00:00:00+08:00,12.687149916353937,12.902187390270676,12.687149916353937,12.859180450439453,110498,0.0,0.0
2019-07-31 00:00:00+08:00,12.902187262546462,13.031209005683099,12.68714979075847,12.988201141357422,160335,0.0,0.0
2019-08-01 00:00:00+08:00,12.945194808456202,13.63331142070449,12.945194808456202,13.461282730102539,321573,0.0,0.0
2019-08-02 00:00:00+08:00,13.461280919903245,13.590302651734634,13.246243466957441,13.289251327514648,216487,0.0,0.0
2019-08-05 00:00:00+08:00,13.289251799221454,14.106391004691762,13.289251799221454,14.020376205444336,340267,0.0,0.0
2019-08-06 00:00:00+08:00,14.020376321923237,14.020376321923237,13.332258847147228,13.805338859558105,465786,0.0,0.0
2019-08-07 00:00:00+08:00,13.633310622267272,13.67631756116899,13.203237533569336,13.203237533569336,263844,0.0,0.0
2019-08-08 00:00:00+08:00,13.160230594667619,13.375267139016586,13.160230594667619,13.203237533569336,86030,0.0,0.0
2019-08-12 00:00:00+08:00,13.117222785949707,13.246244528117057,13.117222785949707,13.117222785949707,33339,0.0,0.0
2019-08-13 00:00:00+08:00,13.117222730845711,13.203237533569336,12.816172308693307,13.203237533569336,59083,0.0,0.0
2019-08-14 00:00:00+08:00,13.074215791943994,13.203237533569336,12.988200989220369,13.203237533569336,34953,0.0,0.0
2019-08-15 00:00:00+08:00,13.203236799144385,13.203236799144385,12.902186393737793,12.902186393737793,12648,0.0,0.0
2019-08-16 00:00:00+08:00,13.33225821473326,13.547295666898117,13.203236483370437,13.375266075134277,137654,0.0,0.0
2019-08-19 00:00:00+08:00,13.418273935535295,13.418273935535295,13.246243418851341,13.375266075134277,34389,0.0,0.0
2019-08-20 00:00:00+08:00,13.246243466957441,13.289251327514648,13.203236531320352,13.289251327514648,30443,0.0,0.0
2019-08-21 00:00:00+08:00,13.160230594667619,13.203237533569336,13.074215791943994,13.203237533569336,29316,0.0,0.0
2019-08-22 00:00:00+08:00,13.160230594667619,13.203237533569336,13.074215791943994,13.203237533569336,12402,0.0,0.0
2019-08-23 00:00:00+08:00,13.203237589034671,13.203237589034671,13.117222785949707,13.117222785949707,2255,0.0,0.0
2019-08-26 00:00:00+08:00,13.160229682922363,13.160229682922363,13.160229682922363,13.160229682922363,2255,0.0,0.0
2019-08-27 00:00:00+08:00,13.117221871386576,13.117221871386576,13.074214935302734,13.074214935302734,3382,0.0,0.0
2019-08-28 00:00:00+08:00,12.94519320213108,13.074214935302734,12.94519320213108,13.074214935302734,18041,0.0,0.0
2019-08-29 00:00:00+08:00,12.988200138214921,13.074214935302734,12.94519320213108,13.074214935302734,11275,0.0,0.0
2019-08-30 00:00:00+08:00,13.074214935302734,13.074214935302734,12.988200138214921,13.074214935302734,21445,0.0,0.0
2019-09-02 00:00:00+08:00,12.94519320213108,13.074214935302734,12.902186266047236,13.074214935302734,19286,0.0,0.0
2019-09-03 00:00:00+08:00,13.160943984985352,13.160943984985352,13.160943984985352,13.160943984985352,1127,0.132887,0.0
2019-09-04 00:00:00+08:00,13.204379076555874,13.508427607765196,13.204379076555874,13.464991569519043,38336,0.0,0.0
2019-09-05 00:00:00+08:00,13.464991569519043,13.464991569519043,13.334685323037458,13.464991569519043,20295,0.0,0.0
2019-09-06 00:00:00+08:00,13.464991564696033,13.464991564696033,13.334685318261124,13.378120422363281,18040,0.0,0.0
2019-09-10 00:00:00+08:00,13.291250228881836,13.291250228881836,13.204379086452855,13.291250228881836,10150,0.0,0.0
2019-09-11 00:00:00+08:00,13.291250228881836,13.291250228881836,13.291250228881836,13.291250228881836,1127,0.0,0.0
2019-09-12 00:00:00+08:00,13.291250216705714,13.291250216705714,13.247814178466797,13.247814178466797,5637,0.0,0.0
2019-09-16 00:00:00+08:00,13.204379076936688,13.204379076936688,13.117507934570312,13.117507934570312,14094,0.0,0.0
2019-09-17 00:00:00+08:00,13.117507946697788,13.160943984985352,13.074072842538664,13.160943984985352,8456,0.0,0.0
2019-09-18 00:00:00+08:00,13.247814181055656,13.247814181055656,13.117507934570312,13.117507934570312,4679,0.0,0.0
2019-09-19 00:00:00+08:00,13.247814181055656,13.247814181055656,13.030637726332376,13.117507934570312,4510,0.0,0.0
2019-09-20 00:00:00+08:00,13.11750793932819,13.204379081726074,13.11750793932819,13.204379081726074,2637,0.0,0.0
2019-09-23 00:00:00+08:00,13.160943977591351,13.204379081726074,13.07407283519347,13.204379081726074,6765,0.0,0.0
2019-09-24 00:00:00+08:00,13.204379081726074,13.334685328258681,13.204379081726074,13.204379081726074,51866,0.0,0.0
2019-09-25 00:00:00+08:00,13.204379074356316,13.464991567276073,13.160943970245835,13.247814178466797,22550,0.0,0.0
2019-09-26 00:00:00+08:00,13.160943977591351,13.247814185860797,13.11750793932819,13.204379081726074,14658,0.0,0.0
2019-09-27 00:00:00+08:00,13.247814185860797,13.247814185860797,13.160943977591351,13.204379081726074,20295,0.0,0.0
2019-10-01 00:00:00+08:00,13.204379081726074,13.204379081726074,13.160943977591351,13.204379081726074,12404,0.0,0.0
2019-10-02 00:00:00+08:00,13.16094397281772,13.16094397281772,13.030637726332376,13.117507934570312,51866,0.0,0.0
2019-10-03 00:00:00+08:00,13.117507944023874,13.421556475461088,13.117507944023874,13.291250228881836,22550,0.0,0.0
2019-10-04 00:00:00+08:00,13.16094397281772,13.204379076936688,13.117507934570312,13.117507934570312,10147,0.0,0.0
2019-10-07 00:00:00+08:00,13.074073802110227,13.074073802110227,12.770025248295394,13.030638694763184,59759,0.0,0.0
2019-10-08 00:00:00+08:00,12.900332438593543,13.030638694763184,12.900332438593543,13.030638694763184,6787,0.0,0.0
2019-10-09 00:00:00+08:00,13.030638694763184,13.117508909457273,12.98720358741614,13.030638694763184,12402,0.0,0.0
2019-10-14 00:00:00+08:00,12.943767545940586,13.030638694763184,12.639718992125754,13.030638694763184,45235,0.0,0.0
2019-10-15 00:00:00+08:00,12.856896398773639,12.943767547607422,12.856896398773639,12.943767547607422,5752,0.0,0.0
2019-10-16 00:00:00+08:00,12.943767545940586,13.030638694763184,12.943767545940586,13.030638694763184,5637,0.0,0.0
2019-10-17 00:00:00+08:00,12.987203589088567,12.987203589088567,12.726590142587217,12.943767547607422,19168,0.0,0.0
2019-10-18 00:00:00+08:00,12.900331497192383,12.900331497192383,12.900331497192383,12.900331497192383,2354,0.0,0.0
2019-10-21 00:00:00+08:00,12.900331497192383,12.900331497192383,12.770024316403395,12.900331497192383,13530,0.0,0.0
2019-10-22 00:00:00+08:00,13.11750794197307,13.421556473362749,12.72658920229643,13.07407283782959,83437,0.0,0.0
2019-10-23 00:00:00+08:00,13.07407283782959,13.07407283782959,13.07407283782959,13.07407283782959,12402,0.0,0.0
2019-10-24 00:00:00+08:00,13.074072832608866,13.378120429748694,12.94376658610202,13.334685325622559,59759,0.0,0.0
2019-10-25 00:00:00+08:00,13.204379081726074,13.204379081726074,13.204379081726074,13.204379081726074,1127,0.0,0.0
2019-10-28 00:00:00+08:00,12.987202644348145,12.987202644348145,12.987202644348145,12.987202644348145,1127,0.0,0.0
2019-10-29 00:00:00+08:00,12.987202644348145,12.987202644348145,12.987202644348145,12.987202644348145,6765,0.0,0.0
2019-10-30 00:00:00+08:00,12.98720263967556,12.98720263967556,12.900331497192383,12.900331497192383,10147,0.0,0.0
2019-10-31 00:00:00+08:00,12.900331497192383,12.900331497192383,12.813459420580765,12.900331497192383,18266,0.0,0.0
2019-11-01 00:00:00+08:00,12.900332441938476,12.900332441938476,12.813460358964846,12.85689640045166,12529,0.0,0.0
2019-11-04 00:00:00+08:00,12.943766606026708,12.987202644348145,12.639718074290412,12.987202644348145,28188,0.0,0.0
2019-11-05 00:00:00+08:00,12.987202644348145,13.074072852734139,12.900331501833712,12.987202644348145,19168,0.0,0.0
2019-11-06 00:00:00+08:00,12.900331472809727,12.943766576905002,12.813459396362305,12.813459396362305,7892,0.0,0.0
2019-11-07 00:00:00+08:00,12.900331472809727,12.943766576905002,12.813459396362305,12.813459396362305,7892,0.0,0.0
2019-11-08 00:00:00+08:00,12.813460357292493,12.943767547607422,12.770025249939854,12.943767547607422,16913,0.0,0.0
2019-11-11 00:00:00+08:00,12.856895458886573,12.900331497192383,12.639718069742846,12.900331497192383,38336,0.0,0.0
2019-11-12 00:00:00+08:00,12.900331472809727,12.900331472809727,12.726589188171758,12.813459396362305,28188,0.0,0.0
2019-11-13 00:00:00+08:00,12.856895441990599,12.856895441990599,12.770024299621582,12.770024299621582,2255,0.0,0.0
2019-11-14 00:00:00+08:00,12.813459416657327,12.813459416657327,11.814444547856208,12.46597671508789,122901,0.0,0.0
2019-11-15 00:00:00+08:00,12.292235374450684,12.379105582850537,12.292235374450684,12.292235374450684,33947,0.0,0.0
2019-11-18 00:00:00+08:00,12.509411829578756,12.509411829578756,12.205363297793951,12.292235374450684,29316,0.0,0.0
2019-11-19 00:00:00+08:00,12.292234419891168,12.59628199393657,12.292234419891168,12.509410858154297,29316,0.0,0.0
2019-11-20 00:00:00+08:00,12.50941181925196,12.50941181925196,12.335670468467242,12.46597671508789,19168,0.0,0.0
2019-11-21 00:00:00+08:00,12.248798387232506,12.379105567932129,12.248798387232506,12.379105567932129,5637,0.0,0.0
2019-11-22 00:00:00+08:00,12.205363297793951,12.292235374450684,12.205363297793951,12.292235374450684,11275,0.0,0.0
2019-11-25 00:00:00+08:00,12.161928169506703,12.205363273620605,12.161928169506703,12.205363273620605,20295,0.0,0.0
2019-11-26 00:00:00+08:00,13.334685321866411,13.334685321866411,12.205363273620605,12.205363273620605,27060,0.0,0.0
2019-11-27 00:00:00+08:00,12.248798377734506,12.248798377734506,12.161928169506703,12.205363273620605,6765,0.0,0.0
2019-11-28 00:00:00+08:00,12.248798377734506,12.248798377734506,12.161928169506703,12.205363273620605,5637,0.0,0.0
2019-11-29 00:00:00+08:00,12.161928176879883,12.161928176879883,12.075057034470976,12.161928176879883,9020,0.0,0.0
2019-12-02 00:00:00+08:00,11.640703193249793,12.118492141283017,11.597267154971545,12.031621932983398,28188,0.0,0.0
2019-12-03 00:00:00+08:00,11.640703193249793,12.118492141283017,11.597267154971545,12.031621932983398,28188,0.0,0.0
2019-12-04 00:00:00+08:00,11.98818684710245,11.98818684710245,11.944751739501953,11.944751739501953,5637,0.0,0.0
2019-12-05 00:00:00+08:00,11.814444541931152,11.814444541931152,11.684138295375854,11.814444541931152,21423,0.0,0.0
2019-12-06 00:00:00+08:00,11.771009442479688,11.944750793246511,11.727574338320093,11.901315689086914,54347,0.0,0.0
2019-12-09 00:00:00+08:00,11.640703176898336,11.640703176898336,11.553831100463867,11.553831100463867,13530,0.0,0.0
2019-12-10 00:00:00+08:00,11.640703176898336,11.640703176898336,11.553831100463867,11.553831100463867,13530,0.0,0.0
2019-12-11 00:00:00+08:00,11.55383013843799,11.55383013843799,11.423523902893066,11.423523902893066,28188,0.0,0.0
2019-12-12 00:00:00+08:00,11.380089755015367,11.380089755015367,11.293218612670898,11.293218612670898,9020,0.0,0.0
2019-12-13 00:00:00+08:00,11.206348419189453,11.206348419189453,11.076042172565638,11.206348419189453,48596,0.0,0.0
2019-12-16 00:00:00+08:00,11.032607063740135,11.162912376180468,10.945734987189702,11.119477272033691,90203,0.0,0.0
2019-12-17 00:00:00+08:00,11.03260801824484,11.03260801824484,10.858864784240723,10.858864784240723,91330,0.0,0.0
2019-12-18 00:00:00+08:00,10.858864809758883,10.858864809758883,10.424510927306205,10.685123443603516,250313,0.0,0.0
2019-12-19 00:00:00+08:00,10.641687393188477,10.641687393188477,10.59825135489986,10.641687393188477,36081,0.0,0.0
2019-12-20 00:00:00+08:00,10.685123440641414,10.858864806748619,10.641688332646744,10.771994590759277,42430,0.0,0.0
2019-12-23 00:00:00+08:00,10.858863842714442,10.902299880981445,10.771993634437312,10.902299880981445,15785,0.0,0.0
2019-12-24 00:00:00+08:00,10.902299880981445,10.902299880981445,10.858863842714442,10.902299880981445,14658,0.0,0.0
2019-12-25 00:00:00+08:00,10.858863842714442,10.902299880981445,10.858863842714442,10.902299880981445,11275,0.0,0.0
2019-12-26 00:00:00+08:00,10.858864784240723,10.902300826273882,10.728558526398285,10.858864784240723,24805,0.0,0.0
2019-12-27 00:00:00+08:00,10.815429676336084,10.858864784240723,10.728558526398285,10.858864784240723,30170,0.0,0.0
2019-12-30 00:00:00+08:00,10.72855759145827,10.858863837945172,10.685122487338782,10.815428733825684,37208,0.0,0.0
2019-12-31 00:00:00+08:00,10.685122501196822,11.076042175292969,10.685122501196822,11.076042175292969,103846,0.0,0.0
2020-01-02 00:00:00+08:00,11.032607061654016,11.032607061654016,10.815428738575877,10.902299880981445,42846,0.0,0.0
2020-01-03 00:00:00+08:00,10.858864784240723,10.858864784240723,10.858864784240723,10.858864784240723,8014,0.0,0.0
2020-01-06 00:00:00+08:00,10.858864784240723,10.858864784240723,10.815429676336084,10.858864784240723,7892,0.0,0.0
2020-01-07 00:00:00+08:00,10.815428733825684,10.815428733825684,10.685122487338782,10.815428733825684,28188,0.0,0.0
2020-01-08 00:00:00+08:00,10.815428733825684,10.815428733825684,10.815428733825684,10.815428733825684,7892,0.0,0.0
2020-01-09 00:00:00+08:00,10.815428733825684,10.815428733825684,10.815428733825684,10.815428733825684,7892,0.0,0.0
2020-01-10 00:00:00+08:00,10.771993634437312,11.032607061654016,10.771993634437312,10.902299880981445,21423,0.0,0.0
2020-01-13 00:00:00+08:00,11.076042150879934,11.076042150879934,10.945734970382807,10.98917007446289,9020,0.0,0.0
2020-01-14 00:00:00+08:00,10.72855759145827,10.815428733825684,10.685122487338782,10.815428733825684,9020,0.0,0.0
2020-01-15 00:00:00+08:00,10.72855759145827,10.815428733825684,10.685122487338782,10.815428733825684,9020,0.0,0.0
2020-01-16 00:00:00+08:00,10.771994568431444,10.858864784240723,10.771994568431444,10.858864784240723,27060,0.0,0.0
2020-01-17 00:00:00+08:00,10.815428738575877,10.902299880981445,10.815428738575877,10.902299880981445,63347,0.0,0.0
2020-01-20 00:00:00+08:00,10.902299880981445,10.94573498512001,10.815428738575877,10.902299880981445,44199,0.0,0.0
2020-01-30 00:00:00+08:00,10.598252293461572,10.685123443603516,10.16389747688037,10.685123443603516,58632,0.0,0.0
2020-01-31 00:00:00+08:00,10.815429676336084,10.858864784240723,10.815429676336084,10.858864784240723,10598,0.0,0.0
2020-02-03 00:00:00+08:00,10.424509994755837,10.554816241247623,10.424509994755837,10.467945098876953,22550,0.0,0.0
2020-02-04 00:00:00+08:00,10.424509994755837,10.554816241247623,10.424509994755837,10.467945098876953,22550,0.0,0.0
2020-02-05 00:00:00+08:00,10.424509994755837,10.467945098876953,10.07702635940159,10.467945098876953,42846,0.0,0.0
2020-02-06 00:00:00+08:00,10.511381134552478,10.641687381012355,10.511381134552478,10.598251342773438,4510,0.0,0.0
2020-02-07 00:00:00+08:00,10.598251342773438,10.598251342773438,10.598251342773438,10.598251342773438,0,0.0,0.0
2020-02-10 00:00:00+08:00,10.424509999481852,10.554816246032715,10.424509999481852,10.554816246032715,13304,0.0,0.0
2020-02-11 00:00:00+08:00,10.598251350173523,10.598251350173523,10.381074895341044,10.554816246032715,24805,0.0,0.0
2020-02-12 00:00:00+08:00,10.424510014910307,11.032607078552246,10.381074910705214,11.032607078552246,100351,0.0,0.0
2020-02-13 00:00:00+08:00,11.249783526124693,11.249783526124693,10.989170098684449,11.076042175292969,24805,0.0,0.0
2020-02-14 00:00:00+08:00,10.945734984589638,11.249783515930176,10.902299880453178,11.249783515930176,18311,0.0,0.0
2020-02-17 00:00:00+08:00,10.98917007446289,11.03260704679985,10.945734970382807,10.98917007446289,18040,0.0,0.0
2020-02-18 00:00:00+08:00,10.815429676336084,10.858864784240723,10.815429676336084,10.858864784240723,6765,0.0,0.0
2020-02-19 00:00:00+08:00,10.858864806748619,10.858864806748619,10.771994590759277,10.771994590759277,12402,0.0,0.0
2020-02-20 00:00:00+08:00,10.815429676336084,10.858864784240723,10.641688310589005,10.858864784240723,13530,0.0,0.0
2020-02-21 00:00:00+08:00,10.685122487338782,10.815428733825684,10.641687383219294,10.815428733825684,26314,0.0,0.0
2020-02-24 00:00:00+08:00,10.685122487338782,10.815428733825684,10.641687383219294,10.815428733825684,19168,0.0,0.0
2020-02-25 00:00:00+08:00,10.685123443603516,10.685123443603516,10.685123443603516,10.685123443603516,2255,0.0,0.0
2020-02-26 00:00:00+08:00,10.598251342773438,10.598251342773438,10.598251342773438,10.598251342773438,2255,0.0,0.0
2020-02-27 00:00:00+08:00,10.554817182528883,10.771994590759277,10.511382074534211,10.771994590759277,19168,0.0,0.0
2020-03-02 00:00:00+08:00,10.685122486963094,11.162912368774414,10.641687382845133,11.162912368774414,24805,0.0,0.0
2020-03-03 00:00:00+08:00,11.07604215598449,11.07604215598449,10.728557586669922,10.728557586669922,56377,0.0,0.0
2020-03-04 00:00:00+08:00,10.641688335596804,10.685123443603516,10.598252293461572,10.685123443603516,7892,0.0,0.0
2020-03-05 00:00:00+08:00,10.771994593745461,10.771994593745461,10.641688335596804,10.685123443603516,5637,0.0,0.0
2020-03-06 00:00:00+08:00,10.641687381012355,10.641687381012355,10.598251342773438,10.598251342773438,18040,0.0,0.0
2020-03-09 00:00:00+08:00,10.598251342773438,10.598251342773438,10.598251342773438,10.598251342773438,0,0.0,0.0
2020-03-10 00:00:00+08:00,10.641686417609908,10.641686417609908,10.424509048461914,10.424509048461914,3382,0.0,0.0
2020-03-11 00:00:00+08:00,10.55481528312504,10.55481528312504,10.294201879670435,10.424509048461914,25933,0.0,0.0
2020-03-12 00:00:00+08:00,10.207332604054328,10.337638850522637,9.382059087002736,9.903284072875977,245803,0.0,0.0
2020-03-13 00:00:00+08:00,9.903284072875977,9.903284072875977,9.903284072875977,9.903284072875977,0,0.0,0.0
2020-03-16 00:00:00+08:00,8.435164815732225,8.435164815732225,8.052932580541336,8.25273609161377,523178,0.0,0.0
2020-03-17 00:00:00+08:00,7.444837244893956,8.252737410589017,7.444837244893956,8.200613975524902,227763,0.0,0.0
2020-03-18 00:00:00+08:00,8.200613975524902,8.200613975524902,8.200613975524902,8.200613975524902,0,0.0,0.0
2020-03-19 00:00:00+08:00,7.479585950780882,7.644640382725236,7.245034694671631,7.245034694671631,124029,0.0,0.0
2020-03-20 00:00:00+08:00,6.697747063509545,7.375340938568115,6.697747063509545,7.375340938568115,205212,0.0,0.0
2020-03-23 00:00:00+08:00,7.123415448178067,7.253720760345459,6.95836009109632,7.253720760345459,46229,0.0,0.0
2020-03-24 00:00:00+08:00,7.92262716116959,7.92262716116959,7.7228240966796875,7.7228240966796875,9020,0.0,0.0
2020-03-25 00:00:00+08:00,7.731511860552107,8.078995041126332,7.479585819009623,7.887878894805908,233400,0.0,0.0
2020-03-26 00:00:00+08:00,7.827068817776704,7.827068817776704,7.531708144502462,7.653327465057373,92458,0.0,0.0
2020-03-27 00:00:00+08:00,7.653327175292932,7.801008206935004,7.514333537902869,7.5838303565979,190554,0.0,0.0
2020-03-30 00:00:00+08:00,7.218972977534841,7.375340938568115,7.210285583160418,7.375340938568115,29316,0.0,0.0
2020-03-31 00:00:00+08:00,7.375341018310409,7.453523832011825,7.236347377458967,7.340591907501221,48484,0.0,0.0
2020-04-01 00:00:00+08:00,7.349279294659971,7.384027004241943,7.262408152448168,7.384027004241943,24805,0.0,0.0
2020-04-06 00:00:00+08:00,7.384027011586104,7.453523832011825,7.21028566111813,7.340591907501221,51866,0.0,0.0
2020-04-07 00:00:00+08:00,7.340591623443592,7.45352354358409,7.297156521039509,7.444836616516113,124029,0.0,0.0
2020-04-08 00:00:00+08:00,7.392714305811007,7.523021017491389,7.297156704468626,7.505646228790283,87948,0.0,0.0
2020-04-09 00:00:00+08:00,7.505646056315066,7.731511298276007,7.505646056315066,7.618578910827637,178151,0.0,0.0
2020-04-10 00:00:00+08:00,7.71413679394045,8.078994750976562,7.505646332606578,8.078994750976562,213105,0.0,0.0
2020-04-13 00:00:00+08:00,8.078993969630304,8.078993969630304,7.748885155338749,8.009496688842773,146580,0.0,0.0
2020-04-14 00:00:00+08:00,8.061620116497595,8.061620116497595,7.957374195316299,8.009496688842773,13530,0.0,0.0
2020-04-15 00:00:00+08:00,7.992125664446268,8.226676940917969,7.861819399739768,8.226676940917969,65397,0.0,0.0
2020-04-16 00:00:00+08:00,8.226676396348127,8.226676396348127,7.99212513540269,8.000812530517578,75545,0.0,0.0
2020-04-17 00:00:00+08:00,8.15717850779815,8.687091822654184,8.15717850779815,8.600220680236816,222125,0.0,0.0
2020-04-20 00:00:00+08:00,8.608908827259542,8.77396279791366,8.443853922476903,8.582846641540527,151090,0.0,0.0
2020-04-21 00:00:00+08:00,8.669717215737993,8.669717215737993,8.443853361664338,8.530723571777344,19168,0.0,0.0
2020-04-22 00:00:00+08:00,8.339606659609219,8.417791336111799,8.244049063639087,8.33091926574707,54121,0.0,0.0
2020-04-23 00:00:00+08:00,8.33091985386759,8.817398064308392,8.33091985386759,8.513349533081055,24805,0.0,0.0
2020-04-24 00:00:00+08:00,8.513349542463075,8.687091827392578,8.426478399998325,8.687091827392578,96968,0.0,0.0
2020-04-27 00:00:00+08:00,8.77396297454834,8.947705278068376,8.687092756916861,8.77396297454834,192809,0.0,0.0
2020-04-28 00:00:00+08:00,8.904269235124097,9.078011538644132,8.687092756916861,8.77396297454834,233400,0.0,0.0
2020-04-29 00:00:00+08:00,8.94770431039489,8.94770431039489,8.817398063911451,8.860833168029785,90203,0.0,0.0
2020-04-30 00:00:00+08:00,8.99113941192627,9.07801055426638,8.817398061374487,8.99113941192627,122901,0.0,0.0
2020-05-04 00:00:00+08:00,8.991139414513224,8.991139414513224,8.687091817428012,8.860833168029785,20295,0.0,0.0
2020-05-05 00:00:00+08:00,8.947704315185547,9.16488170415037,8.817398068632341,8.947704315185547,142070,0.0,0.0
2020-05-06 00:00:00+08:00,9.121447581588411,9.121447581588411,8.77396297454834,8.77396297454834,58632,0.0,0.0
2020-05-07 00:00:00+08:00,8.773962033005947,8.817398071289062,8.687091824696596,8.817398071289062,63142,0.0,0.0
2020-05-08 00:00:00+08:00,8.904268282361798,8.904268282361798,8.678404432907572,8.687091827392578,43974,0.0,0.0
2020-05-11 00:00:00+08:00,8.730527689972343,8.730527689972343,8.522036743119866,8.582846641540527,130794,0.0,0.0
2020-05-12 00:00:00+08:00,8.582845489009806,8.600220277156009,8.478600496646164,8.522035598754883,25933,0.0,0.0
2020-05-13 00:00:00+08:00,8.5915329059092,8.66102925629347,8.5915329059092,8.652342796325684,14658,0.0,0.0
2020-05-14 00:00:00+08:00,8.556785014820662,8.634968757629395,8.530722833089373,8.634968757629395,7892,0.0,0.0
2020-05-15 00:00:00+08:00,8.63496931663315,8.652343171450365,8.452539637474407,8.643655776977539,9020,0.0,0.0
2020-05-18 00:00:00+08:00,8.643655776977539,8.643655776977539,8.643655776977539,8.643655776977539,0,0.0,0.0
2020-05-19 00:00:00+08:00,8.574159435601246,8.687091827392578,8.556785580759671,8.687091827392578,18040,0.0,0.0
2020-05-20 00:00:00+08:00,8.687091830170672,8.687091830170672,8.556785583496094,8.556785583496094,16913,0.0,0.0
2020-05-21 00:00:00+08:00,8.556785583496094,8.556785583496094,8.53072340003274,8.556785583496094,9020,0.0,0.0
2020-05-22 00:00:00+08:00,8.487288086937093,8.556785372871827,8.400416946582885,8.452539443969727,36081,0.0,0.0
2020-05-25 00:00:00+08:00,8.426478402693077,8.556785583496094,8.38304329851103,8.556785583496094,14658,0.0,0.0
2020-05-26 00:00:00+08:00,8.55678517153766,8.55678517153766,8.391729354858398,8.391729354858398,18040,0.0,0.0
2020-05-27 00:00:00+08:00,8.391730126303834,8.469913877731871,8.356982415088138,8.461227416992188,15785,0.0,0.0
2020-05-28 00:00:00+08:00,8.504662888896304,8.687091630037932,8.443852997139624,8.62628173828125,20295,0.0,0.0
2020-05-29 00:00:00+08:00,8.513349909537835,8.61759491133895,8.452540013777693,8.591533660888672,15785,0.0,0.0
2020-06-01 00:00:00+08:00,8.661029646707318,8.661029646707318,8.513349545185608,8.556785583496094,14658,0.0,0.0
2020-06-02 00:00:00+08:00,8.548098372298655,8.582846082737985,8.522036188276468,8.574159622192383,7892,0.0,0.0
2020-06-03 00:00:00+08:00,8.582846814327716,8.860834126308358,8.530724310097412,8.77396297454834,605489,0.0,0.0
2020-06-04 00:00:00+08:00,9.55580044268165,9.642671585083008,9.55580044268165,9.642671585083008,188299,0.0,0.0
2020-06-05 00:00:00+08:00,10.598251342773438,10.598251342773438,10.598251342773438,10.598251342773438,713733,0.0,0.0
2020-06-08 00:00:00+08:00,11.640702247619629,11.640702247619629,11.640702247619629,11.640702247619629,587448,0.0,0.0
2020-06-09 00:00:00+08:00,11.640704199552392,11.640704199552392,10.598252268555846,10.858864784240723,691182,0.0,0.0
2020-06-10 00:00:00+08:00,11.119477275464192,11.94475079340665,10.467945108290886,10.641687393188477,2053250,0.0,0.0
2020-06-11 00:00:00+08:00,10.989170100469538,11.162912385457924,10.12046147791293,10.381074905395508,470184,0.0,0.0
2020-06-12 00:00:00+08:00,10.294203735029027,10.685123443603516,10.250768627022316,10.685123443603516,107116,0.0,0.0
2020-06-15 00:00:00+08:00,11.55383113139868,11.55383113139868,10.945735001885181,11.032607078552246,228890,0.0,0.0
2020-06-16 00:00:00+08:00,10.945734068391147,11.336653709411621,10.945734068391147,11.336653709411621,326986,0.0,0.0
2020-06-17 00:00:00+08:00,11.380089763019413,11.380089763019413,10.685122492031743,10.902299880981445,214232,0.0,0.0
2020-06-18 00:00:00+08:00,10.902300851894116,11.032608044171294,10.598252293461572,10.685123443603516,111626,0.0,0.0
2020-06-19 00:00:00+08:00,10.728557601508832,10.728557601508832,10.554816250739682,10.641687393188477,48484,0.0,0.0
2020-06-22 00:00:00+08:00,10.641688335596804,10.945735959900828,10.641688335596804,10.685123443603516,119519,0.0,0.0
2020-06-23 00:00:00+08:00,10.381074905395508,10.467945113761262,10.381074905395508,10.381074905395508,112754,0.0,0.0
2020-06-24 00:00:00+08:00,10.250768602933173,10.858864784240723,10.250768602933173,10.858864784240723,89075,0.0,0.0
2020-06-29 00:00:00+08:00,11.032607068400512,11.206348419189453,10.858863849354693,11.206348419189453,38336,0.0,0.0
2020-06-30 00:00:00+08:00,11.032607063740135,11.206348414455686,11.032607063740135,11.119477272033691,30443,0.0,0.0
2020-07-01 00:00:00+08:00,11.206348407020814,11.206348407020814,11.032607056420533,11.162912368774414,25933,0.0,0.0
2020-07-02 00:00:00+08:00,11.640703189141826,11.640703189141826,11.162912373020335,11.597267150878906,164620,0.0,0.0
2020-07-03 00:00:00+08:00,11.988185883499115,11.988185883499115,10.945734977722168,10.945734977722168,173641,0.0,0.0
2020-07-06 00:00:00+08:00,10.945734977722168,11.466960897674861,10.858863835375313,10.945734977722168,55249,0.0,0.0
2020-07-07 00:00:00+08:00,10.945734982049117,11.38008975982666,10.771993631415164,11.38008975982666,139815,0.0,0.0
2020-07-08 00:00:00+08:00,11.293218622749242,11.293218622749242,10.945734987189702,11.119477272033691,67652,0.0,0.0
2020-07-09 00:00:00+08:00,11.11947727946879,11.162912383644612,10.945734994508628,11.076042175292969,28188,0.0,0.0
2020-07-10 00:00:00+08:00,11.07604218275734,11.07604218275734,10.858863859346554,11.032607078552246,47356,0.0,0.0
2020-07-13 00:00:00+08:00,11.076043149107534,11.076043149107534,10.771994590759277,10.771994590759277,39463,0.0,0.0
2020-07-14 00:00:00+08:00,10.771994590759277,10.815429698753947,10.294203732175296,10.771994590759277,42846,0.0,0.0
2020-07-15 00:00:00+08:00,10.554816238662957,10.598251342773438,10.511381134552478,10.598251342773438,63142,0.0,0.0
2020-07-16 00:00:00+08:00,10.598250491423169,11.640702247619629,10.598250491423169,11.640702247619629,407042,0.0,0.0
2020-07-17 00:00:00+08:00,12.770023235477732,12.770023235477732,11.293217674782479,11.336653709411621,1221126,0.0,0.0
2020-07-20 00:00:00+08:00,11.032608041112864,11.032608041112864,10.771994590759277,10.771994590759277,105988,0.0,0.0
2020-07-21 00:00:00+08:00,10.771993624898462,11.07604215598449,10.68512248256982,10.728557586669922,153345,0.0,0.0
2020-07-22 00:00:00+08:00,10.771994568431444,10.858864784240723,10.728558526398285,10.858864784240723,30443,0.0,0.0
2020-07-23 00:00:00+08:00,10.858864806748619,10.858864806748619,10.771994590759277,10.771994590759277,90203,0.0,0.0
2020-07-24 00:00:00+08:00,10.771993634437312,10.989170089258575,10.771993634437312,10.902299880981445,36081,0.0,0.0
2020-07-27 00:00:00+08:00,10.685123443603516,10.728558551610227,10.598252293461572,10.685123443603516,27060,0.0,0.0
2020-07-28 00:00:00+08:00,10.511380182946782,10.598250383303297,10.424509048461914,10.424509048461914,115009,0.0,0.0
2020-07-29 00:00:00+08:00,10.424509989712332,10.815428728998564,10.424509989712332,10.728557586669922,19168,0.0,0.0
2020-07-30 00:00:00+08:00,10.511381134552478,10.511381134552478,10.294202811614763,10.598251342773438,152217,0.0,0.0
2020-07-31 00:00:00+08:00,10.207332603393802,10.815428731582713,10.163896565154884,10.598251342773438,138687,0.0,0.0
2020-08-03 00:00:00+08:00,10.33763884985368,10.42450999220308,10.207332603393802,10.598251342773438,39463,0.0,0.0
2020-08-04 00:00:00+08:00,10.467945096313558,10.598251342773438,10.33763884985368,10.598251342773438,22550,0.0,0.0
2020-08-05 00:00:00+08:00,10.598251345368741,10.685122487739411,10.337638852385165,10.467945098876953,71035,0.0,0.0
2020-08-06 00:00:00+08:00,10.467945103622661,10.554816246032715,10.337638857071797,10.554816246032715,37208,0.0,0.0
2020-08-07 00:00:00+08:00,10.467944161258705,10.511380195617676,10.424509061028088,10.511380195617676,14658,0.0,0.0
2020-08-10 00:00:00+08:00,10.511381137126508,10.771993630110083,10.424509994755837,10.467945098876953,15785,0.0,0.0
2020-08-11 00:00:00+08:00,10.685121491372573,10.685121491372573,10.163895619880284,10.25076675415039,94713,0.0,0.0
2020-08-12 00:00:00+08:00,10.077026363970072,10.554816246032715,10.077026363970072,10.554816246032715,66524,0.0,0.0
2020-08-13 00:00:00+08:00,10.250766779492178,10.55481528312504,10.16389564500731,10.424509048461914,77800,0.0,0.0
2020-08-14 00:00:00+08:00,10.163896560668945,10.250767702980003,9.990155210175269,10.163896560668945,110498,0.0,0.0
2020-08-17 00:00:00+08:00,9.903284077634973,10.120461466562666,9.772978765232482,9.990155220031738,57504,0.0,0.0
2020-08-18 00:00:00+08:00,9.859848970934205,10.120461463928223,9.859848970934205,10.120461463928223,49611,0.0,0.0
2020-08-19 00:00:00+08:00,10.077027237186094,10.858864784240723,9.903284937310497,10.858864784240723,283012,0.0,0.0
2020-08-20 00:00:00+08:00,10.902298886936158,10.945733987114416,9.816412975324544,10.424509048461914,155600,0.0,0.0
2020-08-21 00:00:00+08:00,10.858864784240723,11.03260801824484,10.250768602933173,10.858864784240723,199574,0.0,0.0
2020-08-24 00:00:00+08:00,10.8588638280942,11.11947725496002,10.598251335356819,10.98917007446289,206339,0.0,0.0
2020-08-25 00:00:00+08:00,11.11947727946879,11.11947727946879,10.685122501196822,11.076042175292969,152217,0.0,0.0
2020-08-26 00:00:00+08:00,10.858863848117807,10.858863848117807,10.641687393188477,10.641687393188477,108243,0.0,0.0
2020-08-27 00:00:00+08:00,10.641687383618295,10.771993630110083,10.467945098876953,10.467945098876953,125156,0.0,0.0
2020-08-28 00:00:00+08:00,10.467944161258705,10.598250396078907,10.424509061028088,10.511380195617676,110498,0.0,0.0
2020-08-31 00:00:00+08:00,10.685122485122836,10.685122485122836,10.42450999220308,10.598251342773438,82310,0.0,0.0
2020-09-01 00:00:00+08:00,10.598250396078907,10.598250396078907,10.424509061028088,10.511380195617676,48484,0.0,0.0
2020-09-02 00:00:00+08:00,10.511381134552478,10.598251342773438,10.42450999220308,10.598251342773438,77800,0.0,0.0
2020-09-03 00:00:00+08:00,10.641688310589005,11.11947823405412,10.598252268555846,10.858864784240723,111626,0.0,0.0
2020-09-04 00:00:00+08:00,10.858863842714442,11.032607061654016,10.598251349626175,10.902299880981445,72162,0.0,0.0
2020-09-07 00:00:00+08:00,10.771993627472233,10.989170082153072,10.598251342773438,10.598251342773438,124029,0.0,0.0
2020-09-08 00:00:00+08:00,10.728558551610227,10.728558551610227,10.685123443603516,10.685123443603516,5637,0.0,0.0
2020-09-09 00:00:00+08:00,10.64168738844277,10.64168738844277,10.511381141891906,10.554816246032715,23678,0.0,0.0
2020-09-10 00:00:00+08:00,10.554816246032715,10.598251350173523,10.424509999481852,10.554816246032715,78927,0.0,0.0
2020-09-11 00:00:00+08:00,10.55481528312504,10.55481528312504,10.337637913977046,10.424509048461914,28188,0.0,0.0
2020-09-14 00:00:00+08:00,10.424510927306205,10.685123443603516,10.077027260866949,10.685123443603516,65397,0.0,0.0
2020-09-15 00:00:00+08:00,10.554816256255455,10.641687398749648,10.381074905395508,10.381074905395508,93585,0.0,0.0
2020-09-16 00:00:00+08:00,10.424509989712332,10.858863833098665,10.38107488561223,10.728557586669922,219870,0.0,0.0
2020-09-17 00:00:00+08:00,10.815429698753947,10.815429698753947,10.511382074534211,10.771994590759277,62014,0.0,0.0
2020-09-18 00:00:00+08:00,10.815429698753947,10.98917106486115,10.511382074534211,10.771994590759277,126284,0.0,0.0
2020-09-21 00:00:00+08:00,10.858864784240723,10.858864784240723,10.685123418493646,10.858864784240723,217615,0.0,0.0
2020-09-22 00:00:00+08:00,10.771994593745461,10.98917106790754,10.641688335596804,10.685123443603516,62014,0.0,0.0
2020-09-23 00:00:00+08:00,11.727574348449707,11.727574348449707,11.727574348449707,11.727574348449707,491607,0.0,0.0
2020-09-24 00:00:00+08:00,12.900331497192383,12.900331497192383,12.46597671890493,12.900331497192383,2247187,0.0,0.0
2020-09-25 00:00:00+08:00,12.726589218835269,13.595298775861316,12.075057051065732,12.292235374450684,1669887,0.0,0.0
2020-09-28 00:00:00+08:00,12.422540674728609,13.508427619934082,12.422540674728609,13.508427619934082,571662,0.0,0.0
2020-09-29 00:00:00+08:00,14.33370114230078,14.854927062988281,13.986217506551926,14.854927062988281,3146965,0.0,0.0
2020-09-30 00:00:00+08:00,14.811491954826172,15.115539552194205,14.029652606941406,14.420572280883789,2276503,0.0,0.0
2020-10-05 00:00:00+08:00,14.681184763906632,14.811491944549307,14.073087701335615,14.594313621520996,519796,0.0,0.0
2020-10-06 00:00:00+08:00,14.594313634412957,14.811491957633114,14.290266036987305,14.290266036987305,439740,0.0,0.0
2020-10-07 00:00:00+08:00,14.116524683642053,14.116524683642053,12.94376659593285,13.160943984985352,940368,0.0,0.0
2020-10-08 00:00:00+08:00,13.160943044515522,13.421555519104004,12.726588297449139,13.421555519104004,368705,0.0,0.0
2020-10-12 00:00:00+08:00,13.551863656168779,13.551863656168779,12.68315316600741,13.291250228881836,525433,0.0,0.0
2020-10-13 00:00:00+08:00,13.291251207102466,13.291251207102466,12.770025248295394,13.030638694763184,148835,0.0,0.0
2020-10-14 00:00:00+08:00,13.204379076936688,13.595298750521152,13.030637726332376,13.117507934570312,179278,0.0,0.0
2020-10-15 00:00:00+08:00,13.204379077338224,13.204379077338224,12.59628294901199,12.770024299621582,228890,0.0,0.0
2020-10-16 00:00:00+08:00,12.900331497192383,13.334685341351395,12.856895458886573,12.900331497192383,227763,0.0,0.0
2020-10-19 00:00:00+08:00,12.943766600768166,14.15995979309082,12.943766600768166,14.15995979309082,841145,0.0,0.0
2020-10-20 00:00:00+08:00,14.2468309222438,14.2468309222438,13.07407283519347,13.204379081726074,725008,0.0,0.0
2020-10-21 00:00:00+08:00,13.20437909038564,13.812475219312743,13.20437909038564,13.725605010986328,278502,0.0,0.0
2020-10-22 00:00:00+08:00,13.725604994324268,13.725604994324268,13.160943970245835,13.247814178466797,191681,0.0,0.0
2020-10-23 00:00:00+08:00,13.464991577506229,13.464991577506229,13.07407283782959,13.07407283782959,102606,0.0,0.0
2020-10-26 00:00:00+08:00,13.074072844027063,13.074072844027063,12.335670468467242,12.46597671508789,719370,0.0,0.0
2020-10-27 00:00:00+08:00,12.465976710355731,12.770024307645679,12.335670463784547,12.379105567932129,122901,0.0,0.0
2020-10-28 00:00:00+08:00,12.422540669978162,12.5528469165273,12.075057034470976,12.161928176879883,316838,0.0,0.0
2020-10-29 00:00:00+08:00,11.814444529531078,12.118492126464844,11.727574321337682,12.118492126464844,453271,0.0,0.0
2020-10-30 00:00:00+08:00,12.161928192806153,12.161928192806153,11.727574348449707,11.727574348449707,489352,0.0,0.0
2020-11-02 00:00:00+08:00,11.814444541931152,11.901315684344164,11.72757433364658,11.814444541931152,248058,0.0,0.0
2020-11-03 00:00:00+08:00,11.944750787921837,12.161928176879883,11.814444541372698,12.161928176879883,533326,0.0,0.0
2020-11-04 00:00:00+08:00,12.205363271354416,12.596282944820695,11.98818588256836,11.98818588256836,356302,0.0,0.0
2020-11-05 00:00:00+08:00,12.205363287718155,12.770024312493257,12.031621936933437,12.46597671508789,1019296,0.0,0.0
2020-11-06 00:00:00+08:00,12.68315315246582,12.726589190698155,12.422540659585568,12.68315315246582,136432,0.0,0.0
2020-11-09 00:00:00+08:00,12.683154102761417,12.900332441938476,12.639718995403111,12.85689640045166,54121,0.0,0.0
2020-11-10 00:00:00+08:00,12.856895458886573,13.117507952207669,12.5094118230823,12.900331497192383,86820,0.0,0.0
2020-11-11 00:00:00+08:00,12.900331501833712,12.987202644348145,12.639718074290412,12.987202644348145,65397,0.0,0.0
2020-11-12 00:00:00+08:00,13.07407282331926,13.07407282331926,12.683153149948046,12.813459396362305,57504,0.0,0.0
2020-11-13 00:00:00+08:00,12.639717113296893,12.770023350097183,12.161927266986375,12.726588249206543,60887,0.0,0.0
2020-11-16 00:00:00+08:00,12.552846910763261,12.770024299621582,12.509411806642973,12.770024299621582,20295,0.0,0.0
2020-11-17 00:00:00+08:00,12.770023331372746,12.770023331372746,12.33566952071812,12.509410858154297,41718,0.0,0.0
2020-11-18 00:00:00+08:00,12.596283888044805,13.68217091328755,12.596283888044805,12.85689640045166,605489,0.0,0.0
2020-11-19 00:00:00+08:00,12.856895439743534,13.117507932676595,12.552846908569336,12.552846908569336,188299,0.0,0.0
2020-11-20 00:00:00+08:00,12.552846927259669,12.900331497192383,12.335670472244383,12.900331497192383,155600,0.0,0.0
2020-11-23 00:00:00+08:00,13.0306377244512,13.0306377244512,12.552846908569336,12.552846908569336,58632,0.0,0.0
2020-11-24 00:00:00+08:00,12.552846919294872,12.552846919294872,12.031621932983398,12.031621932983398,305563,0.0,0.0
2020-11-25 00:00:00+08:00,12.031621932983398,12.161928179561267,11.90131568640553,12.031621932983398,59759,0.0,0.0
2020-11-26 00:00:00+08:00,12.031621012544353,12.509410858154297,11.988184977589032,12.509410858154297,121774,0.0,0.0
2020-11-27 00:00:00+08:00,12.683153170036679,12.813459416657327,12.422540676795382,12.46597671508789,89075,0.0,0.0
2020-11-30 00:00:00+08:00,12.465976695752182,12.465976695752182,12.031621918271446,12.118492126464844,162365,0.0,0.0
2020-12-01 00:00:00+08:00,12.11849213384728,12.11849213384728,11.901315679103048,12.075057029724121,86820,0.0,0.0
2020-12-02 00:00:00+08:00,12.075057996431957,12.075057996431957,11.81444548257195,11.944751739501953,147707,0.0,0.0
2020-12-03 00:00:00+08:00,12.075057998645512,12.075057998645512,11.814445484737732,11.857880592346191,76672,0.0,0.0
2020-12-04 00:00:00+08:00,11.857880592346191,11.944751741691622,11.727575269520814,11.857880592346191,34953,0.0,0.0
2020-12-07 00:00:00+08:00,11.901315699366597,11.901315699366597,11.510396025078824,11.727574348449707,37208,0.0,0.0
2020-12-08 00:00:00+08:00,11.684138294823558,12.161928176879883,11.640703190683325,12.161928176879883,68779,0.0,0.0
2020-12-09 00:00:00+08:00,12.161928182301368,12.161928182301368,11.814444546639285,11.901315689086914,87948,0.0,0.0
2020-12-10 00:00:00+08:00,11.814443640152856,12.509410858154297,11.597266267761361,12.509410858154297,241293,0.0,0.0
2020-12-11 00:00:00+08:00,12.50941181925196,12.596282961708539,12.118492145261575,12.46597671508789,137559,0.0,0.0
2020-12-14 00:00:00+08:00,12.509411809209062,12.770024302241133,12.509411809209062,12.639718055725098,99223,0.0,0.0
2020-12-15 00:00:00+08:00,12.639718065872609,12.770024312493257,12.46597671508789,12.46597671508789,51866,0.0,0.0
2020-12-16 00:00:00+08:00,12.509411812387066,12.509411812387066,12.11849213861121,12.161928176879883,175896,0.0,0.0
2020-12-17 00:00:00+08:00,12.075057039853737,12.118492144013333,11.727574338320093,11.901315689086914,200702,0.0,0.0
2020-12-18 00:00:00+08:00,12.118492144013333,12.118492144013333,11.814444546639285,11.901315689086914,57504,0.0,0.0
2020-12-21 00:00:00+08:00,11.814445506553408,11.988186871436577,11.771010398864746,11.771010398864746,86820,0.0,0.0
2020-12-22 00:00:00+08:00,11.771009452646819,11.901315699366597,11.684138310124155,11.727574348449707,62014,0.0,0.0
2020-12-23 00:00:00+08:00,11.55383023280604,12.509410858154297,11.55383023280604,12.509410858154297,739666,0.0,0.0
2020-12-24 00:00:00+08:00,12.509411809209062,12.639718055725098,12.07505703140332,12.639718055725098,321348,0.0,0.0
2020-12-25 00:00:00+08:00,12.63971805092317,12.63971805092317,12.33567045387741,12.552846908569336,140942,0.0,0.0
2020-12-28 00:00:00+08:00,12.55284595898125,12.55284595898125,12.465975757327344,12.509410858154297,25933,0.0,0.0
2020-12-29 00:00:00+08:00,12.509410846701272,12.683152183978379,12.37910461021135,12.422539710998535,109371,0.0,0.0
2020-12-30 00:00:00+08:00,12.46597670034394,12.552846908569336,12.33567045387741,12.552846908569336,74417,0.0,0.0
2020-12-31 00:00:00+08:00,12.552846913338263,12.639718055725098,12.335670458563829,12.639718055725098,90203,0.0,0.0
2021-01-04 00:00:00+08:00,12.639718063139052,12.639718063139052,12.379105569954117,12.596282958984375,101478,0.0,0.0
2021-01-05 00:00:00+08:00,12.42254067551582,12.639718064570678,11.771009442479688,11.901315689086914,276247,0.0,0.0
2021-01-06 00:00:00+08:00,11.94475079120457,11.94475079120457,11.640703193882498,11.684138298034668,179278,0.0,0.0
2021-01-07 00:00:00+08:00,11.771009439827662,12.031621932983398,11.684138297399603,12.031621932983398,69907,0.0,0.0
2021-01-08 00:00:00+08:00,12.205363297793951,12.292235374450684,11.814444557609294,12.292235374450684,138687,0.0,0.0
2021-01-11 00:00:00+08:00,12.509411829578756,12.509411829578756,12.292235374450684,12.292235374450684,43974,0.0,0.0
2021-01-12 00:00:00+08:00,11.98818589206207,12.248798385160349,11.944750787921837,12.161928176879883,62014,0.0,0.0
2021-01-13 00:00:00+08:00,12.118491211053582,12.33566951751709,11.944749873662492,12.33566951751709,151090,0.0,0.0
2021-01-14 00:00:00+08:00,12.292235349764713,12.683153155035868,12.161928169169745,12.552846908569336,259334,0.0,0.0
2021-01-15 00:00:00+08:00,12.59628199393657,12.59628199393657,12.118491214198258,12.509410858154297,83437,0.0,0.0
2021-01-18 00:00:00+08:00,12.422540657527046,12.422540657527046,12.075057022368146,12.118492126464844,62014,0.0,0.0
2021-01-19 00:00:00+08:00,12.161928167248579,12.248798375460252,11.98818588256836,11.98818588256836,49611,0.0,0.0
2021-01-20 00:00:00+08:00,11.988185877577923,12.248798370361328,11.988185877577923,12.248798370361328,47356,0.0,0.0
2021-01-21 00:00:00+08:00,12.33567044933365,12.422540657527046,12.118492126464844,12.118492126464844,28188,0.0,0.0
2021-01-22 00:00:00+08:00,12.118492126464844,12.379105553430348,11.901315671852913,12.118492126464844,27060,0.0,0.0
2021-01-25 00:00:00+08:00,12.161928176879883,12.29223535755746,12.031621930330743,12.161928176879883,68779,0.0,0.0
2021-01-26 00:00:00+08:00,12.11849213861121,12.161928176879883,12.031621930330743,12.161928176879883,20295,0.0,0.0
2021-01-27 00:00:00+08:00,12.075057038486067,12.596282958984375,11.944750791893599,12.596282958984375,178151,0.0,0.0
2021-01-28 00:00:00+08:00,12.596282961708539,12.596282961708539,12.205363287718155,12.46597671508789,29316,0.0,0.0
2021-01-29 00:00:00+08:00,12.465976700689325,12.465976700689325,12.205363273620605,12.205363273620605,45101,0.0,0.0
2021-02-01 00:00:00+08:00,11.988185894705149,12.161928179561267,11.988185894705149,12.031621932983398,65397,0.0,0.0
2021-02-02 00:00:00+08:00,12.161928162185818,12.29223534270596,12.118492123969625,12.248798370361328,12402,0.0,0.0
2021-02-03 00:00:00+08:00,12.248798370361328,12.248798370361328,12.07505701988187,12.248798370361328,118391,0.0,0.0
2021-02-04 00:00:00+08:00,12.11849213861121,12.161928176879883,12.031621930330743,12.161928176879883,40591,0.0,0.0
2021-02-05 00:00:00+08:00,12.248798387232506,12.639718061074495,12.205363283084925,12.379105567932129,40591,0.0,0.0
2021-02-17 00:00:00+08:00,12.596283888044805,13.334686317907066,12.596283888044805,12.85689640045166,249186,0.0,0.0
2021-02-18 00:00:00+08:00,13.030638694763184,13.030638694763184,12.770025248295394,13.030638694763184,305563,0.0,0.0
2021-02-19 00:00:00+08:00,12.98720262983681,14.333701133728027,12.98720262983681,14.333701133728027,1658611,0.0,0.0
2021-02-22 00:00:00+08:00,14.681185698990602,15.33271697305955,14.20339578663054,15.115540504455566,2380237,0.0,0.0
2021-02-23 00:00:00+08:00,15.115539534817076,16.592344284057617,14.6811847572153,16.592344284057617,3240550,0.0,0.0
2021-02-24 00:00:00+08:00,16.50547311186262,17.20044034178557,14.985232413172218,16.02768325805664,4220383,0.0,0.0
2021-02-25 00:00:00+08:00,16.02768514416184,16.896394750857688,15.463024086635238,16.462039947509766,1991236,0.0,0.0
2021-02-26 00:00:00+08:00,16.07111930227558,16.418603871747045,14.854927045639203,15.072103500366211,2262973,0.0,0.0
2021-03-02 00:00:00+08:00,15.245845803420298,15.549894335008936,13.595298767089844,13.595298767089844,2008149,0.0,0.0
2021-03-03 00:00:00+08:00,13.812475222077797,13.85591126037814,13.074072846384814,13.595298767089844,854675,0.0,0.0
2021-03-04 00:00:00+08:00,13.551863667556853,13.812475226805919,13.42155648673966,13.682169914245605,437485,0.0,0.0
2021-03-05 00:00:00+08:00,13.682169914245605,14.073087720183423,13.551863667556853,13.682169914245605,365323,0.0,0.0
2021-03-08 00:00:00+08:00,13.682169902748031,13.812475215198845,13.247814190603126,13.291250228881836,280757,0.0,0.0
2021-03-09 00:00:00+08:00,13.29125021930306,13.464991569907372,12.987202622213408,13.117507934570312,214232,0.0,0.0
2021-03-10 00:00:00+08:00,13.3346853469852,13.638733878740563,13.117507957749718,13.551863670349121,170258,0.0,0.0
2021-03-11 00:00:00+08:00,13.812475214551952,13.855911252828628,13.334685332407593,13.638733863830566,456653,0.0,0.0
2021-03-12 00:00:00+08:00,13.638733871261746,13.682169909562088,13.378120443845011,13.595298767089844,189426,0.0,0.0
2021-03-15 00:00:00+08:00,13.595298745259381,13.812475199898607,13.334685318261124,13.378120422363281,400276,0.0,0.0
2021-03-16 00:00:00+08:00,13.421556465401327,13.55186364601135,13.334685323037458,13.464991569519043,204084,0.0,0.0
2021-03-17 00:00:00+08:00,13.551862796690003,14.811491012573242,13.508426761166069,14.811491012573242,5089717,0.0,0.0
2021-03-18 00:00:00+08:00,14.811491965353692,14.941798212050958,13.986217512723613,14.246830940246582,2028445,0.0,0.0
2021-03-19 00:00:00+08:00,14.116524680888434,15.072103511101858,14.116524680888434,14.550878524780273,1072290,0.0,0.0
2021-03-22 00:00:00+08:00,14.637748723458206,14.811491942331907,14.333701126346652,14.37713623046875,631422,0.0,0.0
2021-03-23 00:00:00+08:00,14.377136248096013,14.377136248096013,14.029652612307888,14.15995979309082,407042,0.0,0.0
2021-03-24 00:00:00+08:00,14.116524686190994,14.290266036987305,13.899346362970837,14.290266036987305,283012,0.0,0.0
2021-03-25 00:00:00+08:00,14.290266022224555,14.768055904081372,14.290266022224555,14.37713623046875,412679,0.0,0.0
2021-03-26 00:00:00+08:00,14.507442474365234,14.9417981861506,14.464007370250917,14.507442474365234,392384,0.0,0.0
2021-03-29 00:00:00+08:00,14.594313628930927,14.811491952069504,14.550878524780273,14.550878524780273,278502,0.0,0.0
2021-03-30 00:00:00+08:00,14.637748730405608,15.072103508346482,14.42057227556361,14.681184768676758,426210,0.0,0.0
2021-03-31 00:00:00+08:00,14.854927068572817,15.593329444518561,14.724619887755626,15.50645923614502,960664,0.0,0.0
2021-04-01 00:00:00+08:00,15.63676546093985,15.810506811572107,15.2458457872925,15.289280891418457,869333,0.0,0.0
2021-04-07 00:00:00+08:00,15.897377028980657,16.244861598702194,15.810506820678711,15.810506820678711,611126,0.0,0.0
2021-04-08 00:00:00+08:00,15.940813981469633,16.288296682500096,15.897377009116058,16.157989501953125,508520,0.0,0.0
2021-04-09 00:00:00+08:00,16.331731816660344,16.331731816660344,15.897377038380046,15.984249114990234,562642,0.0,0.0
2021-04-12 00:00:00+08:00,16.244862524973193,17.54792506508651,16.11455533683337,17.07013702392578,1721754,0.0,0.0
2021-04-13 00:00:00+08:00,17.374184640012004,17.374184640012004,16.157990444796415,16.54891014099121,879481,0.0,0.0
2021-04-14 00:00:00+08:00,16.418603892139433,16.462038996313094,15.028668414912543,15.419588088989258,947133,0.0,0.0
2021-04-15 00:00:00+08:00,15.332716012385054,15.593329439812344,15.332716012385054,15.419588088989258,164620,0.0,0.0
2021-04-16 00:00:00+08:00,15.463023200637853,15.636765485673367,15.289280915602339,15.376152992248535,246931,0.0,0.0
2021-04-19 00:00:00+08:00,15.54989344179146,16.505473151710394,15.463022304309268,16.375167846679688,302180,0.0,0.0
2021-04-20 00:00:00+08:00,16.37516685622239,16.635779318777345,16.07111742636106,16.331729888916016,257079,0.0,0.0
2021-04-21 00:00:00+08:00,16.331731820464306,16.418603897094727,16.11455443127357,16.418603897094727,207467,0.0,0.0
2021-04-22 00:00:00+08:00,16.505474102520875,16.592344310878904,15.59332944173405,15.636765480041504,389001,0.0,0.0
2021-04-23 00:00:00+08:00,15.940814016413713,15.940814016413713,15.20240977212367,15.723636627197266,191681,0.0,0.0
2021-04-26 00:00:00+08:00,15.68019962601187,15.68019962601187,15.202409744262695,15.202409744262695,292032,0.0,0.0
2021-04-27 00:00:00+08:00,15.419588067209565,15.549894313674937,15.158974640150385,15.202409744262695,137559,0.0,0.0
2021-04-28 00:00:00+08:00,15.202409754903055,15.289280897316917,14.42057227556361,14.681184768676758,357430,0.0,0.0
2021-04-29 00:00:00+08:00,14.681184768676758,15.289280897316917,14.37713623729246,14.681184768676758,411552,0.0,0.0
2021-05-03 00:00:00+08:00,14.76805592996569,14.941798215015476,14.073087723894991,14.116524696350098,198447,0.0,0.0
2021-05-04 00:00:00+08:00,14.420572291133457,14.420572291133457,13.117507955903923,14.246830940246582,434103,0.0,0.0
2021-05-05 00:00:00+08:00,14.24683093556996,14.507442494750505,14.15995979309082,14.15995979309082,161238,0.0,0.0
2021-05-06 00:00:00+08:00,14.333701151469668,14.55087854071768,14.073087723894991,14.116524696350098,80055,0.0,0.0
2021-05-07 00:00:00+08:00,14.420572278199877,14.550878524780273,14.203394889189738,14.550878524780273,86820,0.0,0.0
2021-05-10 00:00:00+08:00,14.594312694090664,15.463022194485943,14.46400645585705,14.898361206054688,169131,0.0,0.0
2021-05-11 00:00:00+08:00,15.028668420430176,15.289280913824706,14.116524693549318,14.246830940246582,201829,0.0,0.0
2021-05-12 00:00:00+08:00,14.15995977194282,14.246830914292218,13.074072827896439,13.247814178466797,370960,0.0,0.0
2021-05-13 00:00:00+08:00,11.988186780257465,13.378121425265372,11.988186780257465,12.85689640045166,231145,0.0,0.0
2021-05-14 00:00:00+08:00,12.943766601369752,13.247814198868216,12.639718069742846,12.900331497192383,105988,0.0,0.0
2021-05-17 00:00:00+08:00,12.205363281597048,12.726589201946682,11.814444541931152,11.814444541931152,202957,0.0,0.0
2021-05-18 00:00:00+08:00,11.727574320952963,12.813459396362305,11.727574320952963,12.813459396362305,56377,0.0,0.0
2021-05-19 00:00:00+08:00,13.117507929020249,13.204379071349868,12.683153151500592,14.073087692260742,66524,0.0,0.0
2021-05-20 00:00:00+08:00,13.464991580976971,13.464991580976971,12.85689545216931,13.855911254882812,62014,0.0,0.0
2021-05-21 00:00:00+08:00,13.204379079115713,13.638733856890823,12.987202624356595,13.334685325622559,65397,0.0,0.0
2021-05-24 00:00:00+08:00,13.030637725956574,13.334685323037458,12.943766583592705,13.464991569519043,80055,0.0,0.0
2021-05-25 00:00:00+08:00,13.378120439206674,13.682169904818332,13.291250230892986,13.508427619934082,30443,0.0,0.0
2021-05-26 00:00:00+08:00,13.508426685202398,13.899345397949219,13.247813275909476,13.899345397949219,43974,0.0,0.0
2021-05-27 00:00:00+08:00,13.899346365653397,14.15995979309082,13.595298768169064,14.15995979309082,76672,0.0,0.0
2021-05-28 00:00:00+08:00,14.333701151469668,14.333701151469668,13.942781477171872,14.116524696350098,46229,0.0,0.0
2021-05-31 00:00:00+08:00,13.899346359037489,14.073087709784632,13.769040112445023,13.855911254882812,31571,0.0,0.0
2021-06-01 00:00:00+08:00,13.551863658809989,14.246830930120405,13.551863658809989,14.420572280883789,66524,0.0,0.0
2021-06-02 00:00:00+08:00,13.942781445830533,14.1599597687188,13.812475199400323,14.073087692260742,31571,0.0,0.0
2021-06-03 00:00:00+08:00,13.855911238129202,13.986217484564111,13.291250214158966,13.378120422363281,113881,0.0,0.0
2021-06-04 00:00:00+08:00,13.551864653570254,13.551864653570254,12.900332438593543,13.030638694763184,220997,0.0,0.0
2021-06-07 00:00:00+08:00,12.943766576905002,12.943766576905002,12.726589188171758,12.813459396362305,41718,0.0,0.0
2021-06-08 00:00:00+08:00,12.900331480239325,12.900331480239325,12.770024299621582,12.770024299621582,12402,0.0,0.0
2021-06-09 00:00:00+08:00,12.943766599740666,13.812475222077797,12.856895457268422,13.595298767089844,86820,0.0,0.0
2021-06-10 00:00:00+08:00,13.59529875968233,13.72560500625548,13.24781418998268,13.638733863830566,47356,0.0,0.0
2021-06-11 00:00:00+08:00,13.378120427155174,13.63873385424678,13.204379076555874,13.464991569519043,140942,0.0,0.0
2021-06-15 00:00:00+08:00,13.769039149675883,13.812474250793457,13.50842667471369,13.812474250793457,98096,0.0,0.0
2021-06-16 00:00:00+08:00,13.464991578980742,13.899346356976865,13.464991578980742,13.638733863830566,94713,0.0,0.0
2021-06-17 00:00:00+08:00,13.638733865852554,13.855911254882812,13.421556476822296,13.855911254882812,126284,0.0,0.0
2021-06-18 00:00:00+08:00,13.85591029679792,13.85591029679792,13.508426685202398,13.899345397949219,51866,0.0,0.0
2021-06-21 00:00:00+08:00,13.59529875968233,13.59529875968233,13.204379085834443,13.638733863830566,39463,0.0,0.0
2021-06-22 00:00:00+08:00,13.551863656168779,13.725605006898302,13.291250228881836,13.291250228881836,48484,0.0,0.0
2021-06-23 00:00:00+08:00,13.378120451180921,13.551863670349121,13.117507957749718,13.551863670349121,87948,0.0,0.0
2021-06-24 00:00:00+08:00,13.551863655534094,13.638733863830566,13.464991578980742,13.638733863830566,32698,0.0,0.0
2021-06-25 00:00:00+08:00,13.595298774544842,14.029652618887367,13.464991593700802,13.551863670349121,154473,0.0,0.0
2021-06-28 00:00:00+08:00,13.29125021930306,13.378120427540997,13.030637726332376,13.117507934570312,72162,0.0,0.0
2021-06-29 00:00:00+08:00,13.030637735723332,13.291250228881836,12.900331489144081,13.291250228881836,42846,0.0,0.0
2021-06-30 00:00:00+08:00,13.334685320816195,13.464991567276073,13.160943970245835,13.247814178466797,83437,0.0,0.0
2021-07-01 00:00:00+08:00,13.334685333032107,13.334685333032107,12.987202631573062,13.291250228881836,137559,0.0,0.0
2021-07-02 00:00:00+08:00,13.160943981686207,13.812475214551952,12.770024307838321,13.638733863830566,355175,0.0,0.0
2021-07-05 00:00:00+08:00,13.378120436555829,13.72560500625548,13.030637735113057,13.638733863830566,254824,0.0,0.0
2021-07-06 00:00:00+08:00,13.291251208814046,13.334686316166684,12.943767547607422,12.943767547607422,257079,0.0,0.0
2021-07-07 00:00:00+08:00,12.98720263967556,13.117507952207669,12.856895458886573,12.900331497192383,85693,0.0,0.0
2021-07-08 00:00:00+08:00,13.030638698141903,13.030638698141903,12.85689640045166,12.85689640045166,45101,0.0,0.0
2021-07-09 00:00:00+08:00,12.943766606026708,12.987202644348145,12.813459425190839,12.987202644348145,48484,0.0,0.0
2021-07-12 00:00:00+08:00,14.246830940246582,14.246830940246582,13.942781474405564,14.246830940246582,223252,0.0,0.0
2021-07-13 00:00:00+08:00,15.376151902951737,15.636764377913929,13.334684401986646,13.812474250793457,1982215,0.0,0.0
2021-07-14 00:00:00+08:00,13.942781473494671,14.159959796813844,13.551863667556853,13.682169914245605,220997,0.0,0.0
2021-07-15 00:00:00+08:00,13.942781465930805,13.986217504222452,13.50842762191341,13.725605010986328,99223,0.0,0.0
2021-07-16 00:00:00+08:00,13.94278145273403,14.507442476963478,13.812475206239302,14.37713623046875,134177,0.0,0.0
2021-07-19 00:00:00+08:00,14.420573189363022,15.463024162001837,14.420573189363022,15.115540504455566,355175,0.0,0.0
2021-07-20 00:00:00+08:00,15.158974655627762,15.158974655627762,14.420572280193936,14.76805591583252,234528,0.0,0.0
2021-07-21 00:00:00+08:00,15.15897465635294,15.15897465635294,14.29026603427914,14.420572280883789,317966,0.0,0.0
2021-07-22 00:00:00+08:00,14.420572278851497,14.550878525437781,14.07308770911682,14.203394889831543,135304,0.0,0.0
2021-07-23 00:00:00+08:00,14.203395845754956,14.246831886959363,13.89934729383812,14.029653549194336,165748,0.0,0.0
2021-07-26 00:00:00+08:00,14.159959780412413,14.55087852002587,14.073087703882615,14.464007377624512,133049,0.0,0.0
2021-07-27 00:00:00+08:00,14.464007390575153,14.594313637229645,14.15995979309082,14.15995979309082,84565,0.0,0.0
2021-07-28 00:00:00+08:00,14.029652612307888,14.507442494750505,14.029652612307888,14.15995979309082,100351,0.0,0.0
2021-07-29 00:00:00+08:00,14.333701138437878,14.594313631647173,14.333701138437878,14.420572280883789,68779,0.0,0.0
2021-07-30 00:00:00+08:00,14.420572273488052,14.941798193767767,14.290266026950233,14.464007377624512,32698,0.0,0.0
2021-08-02 00:00:00+08:00,14.159959779845916,14.159959779845916,13.11750793932819,13.204379081726074,518668,0.0,0.0
2021-08-03 00:00:00+08:00,13.334685335750292,13.334685335750292,12.900331491773724,13.160943984985352,200702,0.0,0.0
2021-08-04 00:00:00+08:00,13.11750794197307,13.24781418853195,13.03063773368611,13.07407283782959,65397,0.0,0.0
2021-08-05 00:00:00+08:00,13.117507934570312,13.117507934570312,12.943766583966003,13.117507934570312,40591,0.0,0.0
2021-08-06 00:00:00+08:00,12.98720262954263,13.07407283782959,12.94376659127071,13.07407283782959,21423,0.0,0.0
2021-08-09 00:00:00+08:00,13.074072839873603,13.291250228881836,13.030637735723332,13.291250228881836,31571,0.0,0.0
2021-08-10 00:00:00+08:00,13.247814190603126,13.291250228881836,13.074072839873603,13.291250228881836,80055,0.0,0.0
2021-08-11 00:00:00+08:00,13.204380058279868,13.204380058279868,12.85689639711799,13.030638694763184,119519,0.0,0.0
2021-08-12 00:00:00+08:00,13.030637748541142,13.030637748541142,12.726589216804845,12.987202644348145,5637,0.0,0.0
2021-08-13 00:00:00+08:00,13.030637748541142,13.030637748541142,12.379105580875553,12.987202644348145,121774,0.0,0.0
2021-08-16 00:00:00+08:00,12.900331475370615,12.900331475370615,12.422540659585568,12.68315315246582,89075,0.0,0.0
2021-08-17 00:00:00+08:00,12.68315315246582,12.68315315246582,12.68315315246582,12.68315315246582,0,0.0,0.0
2021-08-18 00:00:00+08:00,12.379105555481672,12.987202617706846,11.94475077792896,12.68315315246582,144325,0.0,0.0
2021-08-19 00:00:00+08:00,12.683153150364113,12.683153150364113,12.50941179984888,12.118492126464844,14658,0.0,0.0
2021-08-20 00:00:00+08:00,12.552846908569336,12.726589193277002,12.552846908569336,12.552846908569336,15785,0.0,0.0
2021-08-23 00:00:00+08:00,12.770024303865096,13.204379081726074,12.770024303865096,13.204379081726074,38336,0.0,0.0
2021-08-24 00:00:00+08:00,13.421555519104004,13.421555519104004,13.07407190827657,13.421555519104004,15785,0.0,0.0
2021-08-25 00:00:00+08:00,13.37812043509083,13.37812043509083,13.07407283782959,13.07407283782959,28188,0.0,0.0
2021-08-26 00:00:00+08:00,13.117508909457273,13.117508909457273,13.030638694763184,13.030638694763184,15785,0.0,0.0
2021-08-27 00:00:00+08:00,12.94259116854923,13.250748439259349,12.854546098810378,12.898569107055664,34953,0.177377,0.0
2021-08-30 00:00:00+08:00,13.030637741088867,13.030637741088867,12.766503448161885,13.030637741088867,78927,0.0,0.0
2021-08-31 00:00:00+08:00,13.030636692552461,13.206726838168889,12.766502420879574,12.854546546936035,103733,0.0,0.0
2021-09-01 00:00:00+08:00,13.074659660846173,13.074659660846173,12.722479370730797,12.766502380371094,55249,0.0,0.0
2021-09-02 00:00:00+08:00,12.766502875893492,12.898570016436972,12.634435735350014,12.810524940490723,11275,0.0,0.0
2021-09-03 00:00:00+08:00,12.810524346170615,12.898569418032178,12.678457211754141,12.590412139892578,10147,0.0,0.0
2021-09-06 00:00:00+08:00,12.898569971530907,12.898569971530907,12.458346486835866,12.722479820251465,87948,0.0,0.0
2021-09-07 00:00:00+08:00,12.546390533447266,12.546390533447266,12.546390533447266,12.546390533447266,12402,0.0,0.0
2021-09-08 00:00:00+08:00,12.502368877779206,12.502368877779206,12.326278721901168,12.414322853088379,39463,0.0,0.0
2021-09-09 00:00:00+08:00,12.414322817457952,12.414322817457952,12.326278686523438,12.326278686523438,10147,0.0,0.0
2021-09-10 00:00:00+08:00,12.326277964478624,12.766502380371094,12.326277964478624,12.766502380371094,14658,0.0,0.0
2021-09-13 00:00:00+08:00,12.414322817457952,12.590412972830594,12.238233608837117,12.326278686523438,122901,0.0,0.0
2021-09-14 00:00:00+08:00,12.326278600184141,12.326278600184141,12.150188446044922,12.150188446044922,28188,0.0,0.0
2021-09-15 00:00:00+08:00,12.018121759193892,12.282256053659207,11.93007762554001,12.10616683959961,93585,0.0,0.0
2021-09-16 00:00:00+08:00,12.282255551364864,12.282255551364864,11.930077137648333,12.06214427947998,105988,0.0,0.0
2021-09-17 00:00:00+08:00,12.062143868829075,12.19421100616455,11.930076731493601,12.19421100616455,13530,0.0,0.0
2021-09-22 00:00:00+08:00,11.93007676986986,12.370300246820284,11.798009632109554,12.282255172729492,85693,0.0,0.0
2021-09-23 00:00:00+08:00,12.414322817457952,12.414322817457952,12.282255674304375,12.326278686523438,20295,0.0,0.0
2021-09-24 00:00:00+08:00,12.326278229135008,12.502368377973513,12.238233154715758,12.37030029296875,25933,0.0,0.0
2021-09-27 00:00:00+08:00,12.370300751990696,12.370300751990696,12.238233608837117,12.326278686523438,20295,0.0,0.0
2021-09-28 00:00:00+08:00,12.326278686523438,12.45834677642882,12.326278686523438,12.326278686523438,5637,0.0,0.0
2021-09-29 00:00:00+08:00,12.326278183150771,12.502368331332356,12.23823310905998,12.282255172729492,15785,0.0,0.0
2021-09-30 00:00:00+08:00,12.326278686523438,12.370300751990696,12.282255674304375,12.326278686523438,6765,0.0,0.0
2021-10-01 00:00:00+08:00,12.326278721901168,12.502368877779206,12.326278721901168,12.414322853088379,5637,0.0,0.0
2021-10-04 00:00:00+08:00,12.326278183150771,12.326278183150771,12.194211045390468,12.282255172729492,13530,0.0,0.0
2021-10-05 00:00:00+08:00,12.062144358275615,12.23823356628418,12.062144358275615,12.23823356628418,24805,0.0,0.0
2021-10-06 00:00:00+08:00,12.150188531150798,12.326278686523438,12.062144400216283,12.326278686523438,27060,0.0,0.0
2021-10-07 00:00:00+08:00,12.282255631598371,12.326278643664363,12.23823356628418,12.23823356628418,21423,0.0,0.0
2021-10-08 00:00:00+08:00,12.238233608837117,12.326278686523438,12.238233608837117,12.326278686523438,6765,0.0,0.0
2021-10-12 00:00:00+08:00,12.282255631598371,12.282255631598371,12.23823356628418,12.23823356628418,9020,0.0,0.0
2021-10-13 00:00:00+08:00,12.194211457955626,12.194211457955626,12.150188446044922,12.150188446044922,4510,0.0,0.0
2021-10-14 00:00:00+08:00,12.282255674304375,12.414322817457952,12.282255674304375,12.326278686523438,6765,0.0,0.0
2021-10-15 00:00:00+08:00,12.414322270555834,12.414322270555834,11.974098795021504,12.19421100616455,24805,0.0,0.0
2021-10-18 00:00:00+08:00,12.062144732793215,12.062144732793215,12.018121719360352,12.018121719360352,11275,0.0,0.0
2021-10-19 00:00:00+08:00,12.326278363242341,12.678457717999214,12.194211223552486,12.634435653686523,126284,0.0,0.0
2021-10-20 00:00:00+08:00,12.766503128203233,13.867064232402722,12.150188531150798,12.326278686523438,1602234,0.0,0.0
2021-10-21 00:00:00+08:00,12.370300708978554,12.50236879842473,12.150188488903996,12.23823356628418,230018,0.0,0.0
2021-10-22 00:00:00+08:00,12.238233486338245,12.546390781779957,11.886055072621714,12.06214427947998,334879,0.0,0.0
2021-10-25 00:00:00+08:00,12.062144699222777,12.062144699222777,11.798010406368043,11.93007755279541,87948,0.0,0.0
2021-10-26 00:00:00+08:00,11.930076502883391,11.930076502883391,11.753986358642578,11.753986358642578,86820,0.0,0.0
2021-10-27 00:00:00+08:00,11.709963349206502,11.842031430762985,11.709963349206502,11.753986358642578,77800,0.0,0.0
2021-10-28 00:00:00+08:00,11.753986358642578,11.930076502883391,11.709963349206502,11.753986358642578,64269,0.0,0.0
2021-10-29 00:00:00+08:00,11.930076502883391,12.10616570037246,11.709963349206502,11.753986358642578,71035,0.0,0.0
2021-11-01 00:00:00+08:00,11.842031981193468,11.97409912213683,11.842031981193468,11.886054992675781,9020,0.0,0.0
2021-11-02 00:00:00+08:00,11.974098109545078,11.974098109545078,11.753985911002706,11.798008918762207,86820,0.0,0.0
2021-11-03 00:00:00+08:00,11.75398680964821,11.842031885146943,11.621919669775997,11.70996379852295,222125,0.0,0.0
2021-11-04 00:00:00+08:00,11.798009820773467,11.798009820773467,11.70996379852295,11.70996379852295,56377,0.0,0.0
2021-11-05 00:00:00+08:00,11.75398680964821,11.75398680964821,11.621919669775997,11.70996379852295,100351,0.0,0.0
2021-11-08 00:00:00+08:00,11.70996379852295,11.75398680964821,11.533874594277261,11.70996379852295,86820,0.0,0.0
2021-11-09 00:00:00+08:00,11.753986310160565,11.753986310160565,11.577896166646076,11.66594123840332,64269,0.0,0.0
2021-11-10 00:00:00+08:00,11.70996379852295,11.70996379852295,11.665941734149474,11.70996379852295,11275,0.0,0.0
2021-11-11 00:00:00+08:00,11.709963760418463,11.709963760418463,11.533874556745774,11.621919631958008,63142,0.0,0.0
2021-11-12 00:00:00+08:00,11.621919842206621,12.194211421311628,11.621919842206621,12.06214427947998,263844,0.0,0.0
2021-11-15 00:00:00+08:00,12.15018836546025,12.15018836546025,11.974099159240723,11.974099159240723,85693,0.0,0.0
2021-11-16 00:00:00+08:00,12.106166799474247,12.106166799474247,12.018121719360352,12.018121719360352,47356,0.0,0.0
2021-11-17 00:00:00+08:00,11.974099159240723,12.018121224107656,11.974099159240723,11.974099159240723,36081,0.0,0.0
2021-11-18 00:00:00+08:00,11.97409912213683,12.018121186867353,11.75398690498063,11.886054992675781,51866,0.0,0.0
2021-11-19 00:00:00+08:00,11.798009416018626,11.842031478881836,11.798009416018626,11.842031478881836,18040,0.0,0.0
2021-11-22 00:00:00+08:00,11.753986310160565,11.798009319415058,11.66594123840332,11.66594123840332,32698,0.0,0.0
2021-11-23 00:00:00+08:00,11.62191927106229,12.018120677086424,11.533874198584119,11.842031478881836,222125,0.0,0.0
2021-11-24 00:00:00+08:00,11.974099619353924,12.018121685912437,11.886055486236897,11.93007755279541,32698,0.0,0.0
2021-11-25 00:00:00+08:00,11.93007755279541,11.93007755279541,11.842032472926554,11.93007755279541,29316,0.0,0.0
2021-11-26 00:00:00+08:00,11.930077057406304,11.930077057406304,11.709963893498315,11.886054992675781,29316,0.0,0.0
2021-11-29 00:00:00+08:00,11.886054488496795,12.150187812427802,11.753986406403667,11.842031478881836,20295,0.0,0.0
2021-11-30 00:00:00+08:00,12.018120677086424,12.018120677086424,11.798009416018626,11.842031478881836,28188,0.0,0.0
2021-12-01 00:00:00+08:00,11.974099619353924,11.974099619353924,11.93007755279541,11.93007755279541,9020,0.0,0.0
2021-12-02 00:00:00+08:00,11.974098109545078,11.974098109545078,11.709962903243207,11.798008918762207,23678,0.0,0.0
2021-12-03 00:00:00+08:00,11.798009368078654,11.798009368078654,11.577896214401763,11.753986358642578,27060,0.0,0.0
2021-12-06 00:00:00+08:00,11.974098109545078,11.974098109545078,11.753985911002706,11.798008918762207,20295,0.0,0.0
2021-12-07 00:00:00+08:00,11.842030979769998,11.886053987529497,11.798008918762207,11.798008918762207,4510,0.0,0.0
2021-12-08 00:00:00+08:00,11.93007755279541,11.93007755279541,11.7539873930577,11.93007755279541,5637,0.0,0.0
2021-12-09 00:00:00+08:00,11.798008918762207,11.886053987529497,11.798008918762207,11.798008918762207,25933,0.0,0.0
2021-12-10 00:00:00+08:00,11.798009916462943,12.062144198349666,11.798009916462943,11.886054992675781,36081,0.0,0.0
2021-12-13 00:00:00+08:00,11.886055029506855,11.974099159240723,11.886055029506855,11.974099159240723,16913,0.0,0.0
2021-12-14 00:00:00+08:00,12.018121186867353,12.018121186867353,11.886054992675781,11.886054992675781,6765,0.0,0.0
2021-12-15 00:00:00+08:00,12.062143907630164,12.282255172729492,11.974098833539372,12.282255172729492,49611,0.0,0.0
2021-12-16 00:00:00+08:00,12.282255674304375,12.326278686523438,12.018121387997219,12.326278686523438,56377,0.0,0.0
2021-12-17 00:00:00+08:00,12.282255133220358,12.326278143500026,12.19421100616455,12.19421100616455,4510,0.0,0.0
2021-12-20 00:00:00+08:00,11.974099238657502,12.23823352311453,11.886055108339692,12.150188446044922,54121,0.0,0.0
2021-12-21 00:00:00+08:00,12.062144732793215,12.062144732793215,11.97409965267932,12.018121719360352,30443,0.0,0.0
2021-12-22 00:00:00+08:00,12.018121759193892,12.15018890642655,11.88605555871307,12.10616683959961,33826,0.0,0.0
2021-12-23 00:00:00+08:00,12.06214427947998,12.106166344506597,11.930077137648333,12.06214427947998,32698,0.0,0.0
2021-12-24 00:00:00+08:00,12.062144358275615,12.23823356628418,12.062144358275615,12.23823356628418,36081,0.0,0.0
2021-12-27 00:00:00+08:00,12.282255709555756,12.546390943372812,12.23823364396215,12.414322853088379,77800,0.0,0.0
2021-12-28 00:00:00+08:00,12.634435569714531,12.722479697754748,12.32627828131845,12.458346366882324,86820,0.0,0.0
2021-12-29 00:00:00+08:00,12.458346366882324,12.458346366882324,12.414322409358666,12.458346366882324,25933,0.0,0.0
2021-12-30 00:00:00+08:00,12.458346046647765,13.558905192875438,12.458346046647765,12.766502380371094,284140,0.0,0.0
2022-01-03 00:00:00+08:00,13.074659750247482,13.074659750247482,12.854546594044418,12.942591667175293,96968,0.0,0.0
2022-01-04 00:00:00+08:00,12.942592740274714,13.294772115246438,12.942592740274714,13.206727981567383,103733,0.0,0.0
2022-01-05 00:00:00+08:00,13.206727194275956,13.99913003066102,13.162705130060713,13.558905601501465,260461,0.0,0.0
2022-01-06 00:00:00+08:00,13.338794377713043,13.646950721740723,13.294771366600674,13.646950721740723,50739,0.0,0.0
2022-01-07 00:00:00+08:00,13.646950545037985,13.734996566122692,13.294771194458008,13.294771194458008,57504,0.0,0.0
2022-01-10 00:00:00+08:00,13.206727600223136,13.470861887137092,13.206727600223136,13.426838874816895,28188,0.0,0.0
2022-01-11 00:00:00+08:00,13.382816360003503,13.64695063805079,13.33879429591288,13.470861434936523,253696,0.0,0.0
2022-01-12 00:00:00+08:00,13.294771696048683,13.426838839154886,13.250749630597216,13.338794708251953,67652,0.0,0.0
2022-01-13 00:00:00+08:00,13.338794333673468,13.558905601501465,13.11868211909369,13.558905601501465,41718,0.0,0.0
2022-01-14 00:00:00+08:00,13.514884342947743,13.514884342947743,13.206727981567383,13.206727981567383,283012,0.0,0.0
2022-01-17 00:00:00+08:00,13.426838378638855,13.426838378638855,13.118682037544179,13.382816314697266,39463,0.0,0.0
2022-01-18 00:00:00+08:00,13.51488430193711,13.51488430193711,13.074660794622183,13.118682861328125,38336,0.0,0.0
2022-01-19 00:00:00+08:00,13.118682366253127,13.206727443094186,12.94259221257101,13.074660301208496,25933,0.0,0.0
2022-01-20 00:00:00+08:00,13.074660794622183,13.250750008197787,13.030637781164407,13.118682861328125,13530,0.0,0.0
2022-01-21 00:00:00+08:00,13.118682366253127,13.118682366253127,12.85454713572995,13.074660301208496,21423,0.0,0.0
2022-01-24 00:00:00+08:00,13.030636740306168,13.030636740306168,12.854546594044418,12.942591667175293,21423,0.0,0.0
2022-01-25 00:00:00+08:00,12.63443528504313,12.854546546936035,12.41432212964672,12.854546546936035,50739,0.0,0.0
2022-01-26 00:00:00+08:00,12.722478967577961,13.162704316272217,12.722478967577961,12.898569107055664,39463,0.0,0.0
2022-02-07 00:00:00+08:00,13.074660834296965,13.382817195677328,13.030637820705604,13.206727981567383,27060,0.0,0.0
2022-02-08 00:00:00+08:00,13.426838332581529,13.426838332581529,13.20672706687684,13.294771194458008,5637,0.0,0.0
2022-02-09 00:00:00+08:00,13.11868240950618,13.20672748663753,13.074660344316404,13.162705421447754,15785,0.0,0.0
2022-02-10 00:00:00+08:00,13.11868244533092,13.294771653322686,13.07466038002093,13.250749588012695,11275,0.0,0.0
2022-02-11 00:00:00+08:00,12.986614320433256,13.162705421447754,12.81052511292236,13.162705421447754,37208,0.0,0.0
2022-02-14 00:00:00+08:00,12.678457348071362,12.854546546936035,12.678457348071362,12.854546546936035,15785,0.0,0.0
2022-02-15 00:00:00+08:00,12.986614227294922,12.986614227294922,12.942592162420867,12.986614227294922,4510,0.0,0.0
2022-02-16 00:00:00+08:00,12.854546506148187,12.854546506148187,12.766502380371094,12.766502380371094,22550,0.0,0.0
2022-02-17 00:00:00+08:00,12.854546960335155,12.854546960335155,12.678457755807496,12.722479820251465,22550,0.0,0.0
2022-02-18 00:00:00+08:00,12.678457755807496,12.722479820251465,12.634435691363526,12.722479820251465,23678,0.0,0.0
2022-02-21 00:00:00+08:00,12.458346131834876,13.030636740306168,12.458346131834876,12.942591667175293,119519,0.0,0.0
2022-02-22 00:00:00+08:00,12.810524037316812,12.898569107055664,12.590411836345544,12.898569107055664,49611,0.0,0.0
2022-02-23 00:00:00+08:00,13.162704316272217,13.162704316272217,12.766501975823246,12.898569107055664,27060,0.0,0.0
2022-02-24 00:00:00+08:00,12.81052485768907,12.81052485768907,12.634435653686523,12.634435653686523,69907,0.0,0.0
2022-02-25 00:00:00+08:00,12.678457260131836,12.85454645777513,12.678457260131836,12.678457260131836,19168,0.0,0.0
2022-03-01 00:00:00+08:00,12.85454762083697,13.426839221773392,12.85454762083697,13.118682861328125,125156,0.0,0.0
2022-03-02 00:00:00+08:00,13.118682901136493,13.206727981567383,13.118682901136493,13.206727981567383,32698,0.0,0.0
2022-03-03 00:00:00+08:00,13.25075004840691,13.3387951288378,13.030637820705604,13.206727981567383,45101,0.0,0.0
2022-03-04 00:00:00+08:00,13.03063733237483,13.20672748663753,12.942592255243483,13.162705421447754,28188,0.0,0.0
2022-03-07 00:00:00+08:00,13.030637820705604,13.206727981567383,12.942592740274714,13.206727981567383,75545,0.0,0.0
2022-03-08 00:00:00+08:00,13.206727981567383,13.294772115246438,13.118682901136493,13.206727981567383,71035,0.0,0.0
2022-03-09 00:00:00+08:00,13.382816851185323,14.527400027068248,13.382816851185323,13.514883995056152,976449,0.0,0.0
2022-03-10 00:00:00+08:00,13.470862235231168,13.779019542428268,13.074660794622183,13.118682861328125,227763,0.0,0.0
2022-03-11 00:00:00+08:00,13.07465997360259,13.382816314697266,12.942591888274274,13.382816314697266,116136,0.0,0.0
2022-03-14 00:00:00+08:00,13.382816694148426,13.514883836469549,12.766503047732584,13.162705421447754,204084,0.0,0.0
2022-03-15 00:00:00+08:00,13.162704733375016,13.162704733375016,12.766502380371094,12.766502380371094,149962,0.0,0.0
2022-03-16 00:00:00+08:00,12.810524483907804,12.942591619744247,12.678457348071362,12.854546546936035,67652,0.0,0.0
2022-03-17 00:00:00+08:00,12.854547178112133,13.162705421447754,12.854547178112133,13.162705421447754,23678,0.0,0.0
2022-03-18 00:00:00+08:00,13.294771285070482,13.558905563117769,13.25074922097986,13.470861434936523,113881,0.0,0.0
2022-03-21 00:00:00+08:00,13.690973555580339,13.734996566122692,13.250749130667424,13.294771194458008,93585,0.0,0.0
2022-03-22 00:00:00+08:00,13.382815742146548,14.351309628192865,13.382815742146548,14.087174415588379,364195,0.0,0.0
2022-03-23 00:00:00+08:00,13.999130212029659,14.263264494246727,13.867064017672917,13.911086082458496,263844,0.0,0.0
2022-03-24 00:00:00+08:00,13.999129344720217,14.39533169025108,13.955107282662002,14.087174415588379,304435,0.0,0.0
2022-03-25 00:00:00+08:00,14.087175018273344,14.263264220791477,13.382816314697266,13.382816314697266,295415,0.0,0.0
2022-03-28 00:00:00+08:00,13.514883831392597,14.263264619848428,13.382816689121086,14.175220489501953,237911,0.0,0.0
2022-03-29 00:00:00+08:00,14.351310381990379,15.583938598632812,14.351310381990379,15.583938598632812,1895395,0.0,0.0
2022-03-30 00:00:00+08:00,16.112206722444036,17.124723702601393,15.627961158752441,15.627961158752441,6773134,0.0,0.0
2022-03-31 00:00:00+08:00,15.892094359917136,16.50840895572825,15.275780710857825,16.376340866088867,1508648,0.0,0.0
2022-04-01 00:00:00+08:00,16.464387433291773,17.388858410742696,16.112207111642054,16.50840950012207,1620275,0.0,0.0
2022-04-06 00:00:00+08:00,16.64047593518091,16.948632265775693,15.760027112334697,16.112205505371094,825359,0.0,0.0
2022-04-07 00:00:00+08:00,15.539914322743828,16.024161754667947,14.835555626720078,14.967623710632324,557004,0.0,0.0
2022-04-08 00:00:00+08:00,14.967623303746576,15.451869775754988,14.879578232449118,15.099690437316895,489352,0.0,0.0
2022-04-11 00:00:00+08:00,15.451870969977865,15.451870969977865,14.35131080733215,14.527400016784668,439740,0.0,0.0
2022-04-12 00:00:00+08:00,14.571422046923175,15.40784791997434,14.263264747693038,14.439355850219727,883991,0.0,0.0
2022-04-13 00:00:00+08:00,14.483377494654407,14.659466698557335,14.395332419327053,14.57142162322998,107116,0.0,0.0
2022-04-14 00:00:00+08:00,14.571421585009677,14.70348872427841,14.395332381568624,14.483377456665039,242421,0.0,0.0
2022-04-15 00:00:00+08:00,14.087174415588379,14.39533169025108,14.087174415588379,14.087174415588379,421700,0.0,0.0
2022-04-18 00:00:00+08:00,14.131197513460029,14.439355757462389,13.823041162961271,14.263264656066895,173641,0.0,0.0
2022-04-19 00:00:00+08:00,13.955107926940476,14.08717506596412,12.854546857157152,13.470861434936523,1767983,0.0,0.0
2022-04-20 00:00:00+08:00,13.55890547070505,14.351310192949713,13.118681992543904,13.294771194458008,2400533,0.0,0.0
2022-04-21 00:00:00+08:00,13.426838424094125,14.61544456881047,13.33879429591288,13.470861434936523,2470440,0.0,0.0
2022-04-22 00:00:00+08:00,13.470861887137092,13.823041251939637,13.03063744444596,13.426838874816895,803936,0.0,0.0
2022-04-25 00:00:00+08:00,12.766502420879574,13.118681765360675,12.766502420879574,12.854546546936035,682161,0.0,0.0
2022-04-26 00:00:00+08:00,12.98661427761564,13.470861726865568,12.94259221257101,13.074660301208496,110498,0.0,0.0
2022-04-27 00:00:00+08:00,13.074660054878446,13.823040827048265,12.942591968729158,13.558905601501465,140942,0.0,0.0
2022-04-28 00:00:00+08:00,13.558905734089548,14.395332536372555,13.558905734089548,13.823040962219238,276247,0.0,0.0
2022-04-29 00:00:00+08:00,14.175220489501953,14.439355720796776,14.08717541240368,14.175220489501953,216487,0.0,0.0
2022-05-03 00:00:00+08:00,14.263263932392759,14.967623568478679,14.263263932392759,14.70348834991455,293160,0.0,0.0
2022-05-04 00:00:00+08:00,14.527400363274074,15.407848325039629,14.527400363274074,15.319804191589355,336007,0.0,0.0
2022-05-05 00:00:00+08:00,15.980140438367442,15.980140438367442,15.3198037749385,15.451870918273926,236783,0.0,0.0
2022-05-06 00:00:00+08:00,15.363825110214478,16.0681838056927,14.967623699039889,15.892093658447266,336007,0.0,0.0
2022-05-09 00:00:00+08:00,16.15623103338161,16.15623103338161,15.143714977936979,15.319804191589355,230018,0.0,0.0
2022-05-10 00:00:00+08:00,15.760027802866428,15.848072878359126,14.967624016935703,15.583938598632812,201829,0.0,0.0
2022-05-11 00:00:00+08:00,15.583938327898553,15.848072603036156,15.055668830871582,15.055668830871582,184916,0.0,0.0
2022-05-12 00:00:00+08:00,15.319802036772586,16.55242919921875,15.099689840603263,16.55242919921875,1912308,0.0,0.0
2022-05-13 00:00:00+08:00,17.08069909461436,17.564947480169877,15.40784740447998,15.40784740447998,4467314,0.0,0.0
2022-05-16 00:00:00+08:00,15.363825840466372,15.627961073889034,14.747512189317108,15.451870918273926,1001255,0.0,0.0
2022-05-17 00:00:00+08:00,16.024162082592742,16.772542857401223,15.583938598632812,15.583938598632812,1000128,0.0,0.0
2022-05-18 00:00:00+08:00,15.848073686616472,16.420365286378413,15.363826220085729,16.332319259643555,616764,0.0,0.0
2022-05-19 00:00:00+08:00,16.42036462622615,16.728520973650113,15.848073049472198,15.936118125915527,557004,0.0,0.0
2022-05-20 00:00:00+08:00,16.11220592310974,16.376340198111077,15.583938319858836,15.98013973236084,346154,0.0,0.0
2022-05-23 00:00:00+08:00,16.112204907859866,17.56494616908349,16.024160786241698,16.728519439697266,2460293,0.0,0.0
2022-05-24 00:00:00+08:00,16.728520596456285,17.036676936931958,15.231758117675781,15.231758117675781,1929221,0.0,0.0
2022-05-25 00:00:00+08:00,15.275780397900274,16.024162121266745,15.143714204470161,15.671982765197754,429592,0.0,0.0
2022-05-26 00:00:00+08:00,15.583938636244344,15.936117992313335,15.539914678264072,15.671982765197754,170258,0.0,0.0
2022-05-27 00:00:00+08:00,15.716005153441355,17.212766647338867,15.539914062259461,17.212766647338867,2801937,0.0,0.0
2022-05-30 00:00:00+08:00,17.87310248825049,18.92963952168213,16.728519439697266,16.728519439697266,6779900,0.0,0.0
2022-05-31 00:00:00+08:00,16.728522402622772,17.30081497501451,16.728522402622772,16.992656707763672,1332752,0.0,0.0
2022-06-01 00:00:00+08:00,17.34483499332432,18.66550636291504,17.168744846211048,18.66550636291504,4615022,0.0,0.0
2022-06-02 00:00:00+08:00,19.19377822396964,20.118249197815665,18.225283289961318,18.5334415435791,9149989,0.0,0.0
2022-06-06 00:00:00+08:00,18.5334416197346,18.5334416197346,17.388858414388537,17.608970642089844,1660866,0.0,0.0
2022-06-07 00:00:00+08:00,17.961146765234677,18.797573501856093,17.82908058166504,17.82908058166504,1354175,0.0,0.0
2022-06-08 00:00:00+08:00,17.69701385498047,17.917126071229177,17.608969725882414,17.69701385498047,721625,0.0,0.0
2022-06-09 00:00:00+08:00,17.476900404355725,18.401371268605132,17.43287834291593,18.005170822143555,604361,0.0,0.0
2022-06-10 00:00:00+08:00,17.69701313425911,18.181259611584327,17.4328788642184,18.137237548828125,729518,0.0,0.0
2022-06-13 00:00:00+08:00,17.96114740429982,18.97366431520996,17.652991071502907,18.137237548828125,1143325,0.0,0.0
2022-06-14 00:00:00+08:00,17.873104686699772,18.005172778875234,16.77254356358308,17.080699920654297,1780386,0.0,0.0
2022-06-15 00:00:00+08:00,17.432879124036138,18.049193692318948,16.992654702906066,17.74103546142578,547984,0.0,0.0
2022-06-16 00:00:00+08:00,18.04919446550541,18.357350816095767,17.256789716125045,17.300813674926758,522051,0.0,0.0
2022-06-17 00:00:00+08:00,16.81656483125921,17.78505781621079,16.81656483125921,17.34483528137207,348409,0.0,0.0
2022-06-20 00:00:00+08:00,17.564947027881697,17.564947027881697,16.332317903940297,16.464385986328125,526561,0.0,0.0
2022-06-21 00:00:00+08:00,16.46438686024829,17.564947960219012,16.46438686024829,17.300813674926758,395766,0.0,0.0
2022-06-22 00:00:00+08:00,17.124723520230724,17.60897002551712,17.08069956142901,17.300813674926758,182661,0.0,0.0
2022-06-23 00:00:00+08:00,17.608969271188872,18.049193692318948,17.34483499721153,17.74103546142578,402531,0.0,0.0
2022-06-24 00:00:00+08:00,18.00517067467375,18.841595515689466,16.772541603434657,16.90460968017578,1067780,0.0,0.0
2022-06-27 00:00:00+08:00,17.344835740224866,17.47690193611919,17.08069956142901,17.300813674926758,260461,0.0,0.0
2022-06-28 00:00:00+08:00,17.344836411692775,18.093217231243372,17.080700222671457,17.785058975219727,342772,0.0,0.0
2022-06-29 00:00:00+08:00,17.785057893961316,18.181260259902142,17.344835357198086,17.520923614501953,379981,0.0,0.0
2022-06-30 00:00:00+08:00,17.564948413173376,17.785058745339988,17.168746028266167,17.256790161132812,487097,0.0,0.0
2022-07-01 00:00:00+08:00,17.38885734550559,17.47690147377262,16.904610853029798,17.34483528137207,315711,0.0,0.0
2022-07-04 00:00:00+08:00,17.388858478695102,17.961149136732715,17.388858478695102,17.785058975219727,234528,0.0,0.0
2022-07-05 00:00:00+08:00,18.00517294842251,18.09321708169946,17.25679024155376,17.432880401611328,573918,0.0,0.0
2022-07-06 00:00:00+08:00,17.60897002551712,17.87310431080937,17.212767650826937,17.300813674926758,188299,0.0,0.0
2022-07-07 00:00:00+08:00,17.212767650826937,17.60897002551712,17.212767650826937,17.300813674926758,84565,0.0,0.0
2022-07-08 00:00:00+08:00,17.608969191509004,18.04919361064708,17.52092317157928,17.5649471282959,253696,0.0,0.0
2022-07-11 00:00:00+08:00,17.873102539364837,18.40137105759143,17.520922264878166,17.652990341186523,438613,0.0,0.0
2022-07-12 00:00:00+08:00,17.961148044768745,18.005172002598275,17.25678933504259,17.520923614501953,139815,0.0,0.0
2022-07-13 00:00:00+08:00,17.961149750706248,18.093217849731445,17.741037514666743,18.093217849731445,207467,0.0,0.0
2022-07-14 00:00:00+08:00,18.225283128891654,18.885619803446332,18.049194863813323,18.18126106262207,496117,0.0,0.0
2022-07-15 00:00:00+08:00,18.04919377771255,18.841596603393555,17.78505760898202,18.841596603393555,239038,0.0,0.0
2022-07-18 00:00:00+08:00,18.929642037010495,19.36986649060419,18.489419476920464,18.5334415435791,409297,0.0,0.0
2022-07-19 00:00:00+08:00,18.533440273397332,18.621484400680536,17.917125701904297,17.917125701904297,340517,0.0,0.0
2022-07-20 00:00:00+08:00,18.049193892940103,18.093215956841725,17.168745040893555,17.168745040893555,460036,0.0,0.0
2022-07-21 00:00:00+08:00,17.256788062313078,17.520922322291906,16.72851954235542,16.90460968017578,409297,0.0,0.0
2022-07-22 00:00:00+08:00,16.904610580286555,17.1687448543296,16.684498369666763,16.816564559936523,218742,0.0,0.0
2022-07-25 00:00:00+08:00,16.860587515627927,17.03667575886426,16.728519439697266,16.728519439697266,117264,0.0,0.0
2022-07-26 00:00:00+08:00,16.728519439697266,16.860587515627927,16.596453257270014,16.728519439697266,86820,0.0,0.0
2022-07-27 00:00:00+08:00,16.684498013489044,17.16874448781427,16.684498013489044,17.03667640686035,138687,0.0,0.0
2022-07-28 00:00:00+08:00,17.036677323674702,17.388857629501782,16.816565105908676,16.948633193969727,340517,0.0,0.0
2022-07-29 00:00:00+08:00,16.948633193969727,17.43287969435427,16.640476846498725,16.948633193969727,333751,0.0,0.0
2022-08-01 00:00:00+08:00,16.90460968017578,17.036675863413482,16.772541603434657,16.90460968017578,38336,0.0,0.0
2022-08-02 00:00:00+08:00,16.99265380233425,16.99265380233425,16.640475420196953,16.90460968017578,76672,0.0,0.0
2022-08-03 00:00:00+08:00,16.81656494248473,16.90461096483766,16.596454620361328,16.596454620361328,164620,0.0,0.0
2022-08-04 00:00:00+08:00,16.596453257270014,17.16874383479492,16.596453257270014,16.728519439697266,275119,0.0,0.0
2022-08-05 00:00:00+08:00,16.860590501945094,17.25679101290457,16.816566539835154,16.992656707763672,1033954,0.0,0.0
2022-08-08 00:00:00+08:00,16.90460968017578,17.917124659011858,16.68449748127619,16.90460968017578,2138944,0.0,0.0
2022-08-09 00:00:00+08:00,17.16874513133445,17.87310383798138,16.904610853029798,17.34483528137207,1822105,0.0,0.0
2022-08-10 00:00:00+08:00,17.080697924492718,17.82908053685339,16.72851954235542,16.90460968017578,2584322,0.0,0.0
2022-08-11 00:00:00+08:00,17.873103743830086,17.873103743830086,17.124722976991936,17.168745040893555,328114,0.0,0.0
2022-08-12 00:00:00+08:00,17.43287978349496,17.43287978349496,16.99265534571188,17.124723434448242,180406,0.0,0.0
2022-08-15 00:00:00+08:00,17.388856281476137,18.137237006462936,17.168744080773735,18.005170822143555,1168131,0.0,0.0
2022-08-16 00:00:00+08:00,18.533441462468144,18.92964195416558,18.225283210199006,18.357351303100586,1133178,0.0,0.0
2022-08-17 00:00:00+08:00,18.48941794347187,20.162269592285156,18.48941794347187,20.162269592285156,2697076,0.0,0.0
2022-08-18 00:00:00+08:00,21.570987501723565,22.143278121948242,21.130763073779864,22.143278121948242,2032955,0.0,0.0
2022-08-19 00:00:00+08:00,23.904175975332183,24.34440040588379,23.684063760056382,24.34440040588379,1489480,0.0,0.0
2022-08-22 00:00:00+08:00,26.765635542256685,26.765635542256685,24.43244523595478,24.82864761352539,4434616,0.0,0.0
2022-08-23 00:00:00+08:00,25.70909650325083,27.954238891601562,24.740601592007256,27.954238891601562,5741435,0.0,0.0
2022-08-24 00:00:00+08:00,27.866193960679777,28.966755037212295,27.073791121678504,27.293901443481445,2889885,0.0,0.0
2022-08-25 00:00:00+08:00,27.293900072681268,30.023292541503906,27.293900072681268,30.023292541503906,2288906,0.0,0.0
2022-08-26 00:00:00+08:00,29.89122656038567,29.89122656038567,29.14284387727972,29.45100212097168,1592086,0.0,0.0
2022-08-29 00:00:00+08:00,28.526530465375792,29.935247878961988,28.526530465375792,29.891225814819336,765599,0.0,0.0
2022-08-30 00:00:00+08:00,30.3754710172287,30.3754710172287,29.583068215806794,30.19938087463379,482587,0.0,0.0
2022-08-31 00:00:00+08:00,30.727652036755874,31.60809898376465,30.287427616499723,31.60809898376465,326986,0.0,0.0
2022-09-01 00:00:00+08:00,32.00430416199685,32.00430416199685,31.211899425162745,31.520055770874023,272864,0.0,0.0
2022-09-02 00:00:00+08:00,30.63960838317871,31.432013158245827,30.63960838317871,30.63960838317871,387873,0.0,0.0
2022-09-05 00:00:00+08:00,29.715134282505094,29.93524648648309,29.098819732666016,29.098819732666016,647208,0.0,0.0
2022-09-06 00:00:00+08:00,29.27491222133984,29.318936180467347,27.425970317107698,27.954238891601562,1021551,0.0,0.0
2022-09-07 00:00:00+08:00,28.04228561904148,28.482510073318796,27.514017031310168,28.438488006591797,483714,0.0,0.0
2022-09-08 00:00:00+08:00,28.878711700439453,28.878711700439453,28.482509323321874,28.878711700439453,230018,0.0,0.0
2022-09-12 00:00:00+08:00,29.45100249656195,29.495024562364048,28.218375186585167,29.23089027404785,440868,0.0,0.0
2022-09-13 00:00:00+08:00,30.815698544886363,31.255922999163676,27.734129258448824,28.438488006591797,3416447,0.0,0.0
2022-09-14 00:00:00+08:00,27.55803849702533,31.255922317504883,27.33792627468709,31.255922317504883,1561643,0.0,0.0
2022-09-15 00:00:00+08:00,34.38151168823242,34.38151168823242,33.80921921613331,34.38151168823242,2765856,0.0,0.0
2022-09-16 00:00:00+08:00,35.2179389636666,37.72721743672344,33.19290887444839,33.413021087646484,12977989,0.0,0.0
2022-09-19 00:00:00+08:00,33.368997566964794,33.809221999123,30.19938241282715,30.41949462890625,3760347,0.0,0.0
2022-09-20 00:00:00+08:00,31.123850721479002,33.45703887939453,30.59558220476318,33.45703887939453,6891526,0.0,0.0
2022-09-21 00:00:00+08:00,35.43805191230164,36.71470126054173,33.7211781285295,33.89726638793945,14722294,0.0,0.0
2022-09-22 00:00:00+08:00,33.941291871198736,34.11738013851993,32.26843818361807,33.01681900024414,4096354,0.0,0.0
2022-09-23 00:00:00+08:00,33.01681637639285,33.72117696371665,29.715135117454274,29.759157180786133,5276888,0.0,0.0
2022-09-26 00:00:00+08:00,29.75915816351121,29.891226251371535,27.11781344783695,27.822172164916992,3141327,0.0,0.0
2022-09-27 00:00:00+08:00,27.91021680518297,28.790665691019168,26.721611566705544,26.853679656982422,1979960,0.0,0.0
2022-09-28 00:00:00+08:00,27.293902223178137,27.293902223178137,24.696579523167316,24.82864761352539,1810829,0.0,0.0
2022-09-29 00:00:00+08:00,25.7090957654789,27.293901443481445,25.7090957654789,27.293901443481445,2592215,0.0,0.0
2022-09-30 00:00:00+08:00,27.16183434214292,27.46999256936975,25.04875828196117,25.533004760742188,4476335,0.0,0.0
2022-10-03 00:00:00+08:00,25.00473667675793,25.929207588352877,24.520490189113293,24.564512252807617,2049868,0.0,0.0
2022-10-04 00:00:00+08:00,25.88518342519921,26.98574447631836,25.577027088287252,26.98574447631836,1404915,0.0,0.0
2022-10-05 00:00:00+08:00,28.3504403765255,28.87871082788881,26.457476466275093,27.117813110351562,7174539,0.0,0.0
2022-10-06 00:00:00+08:00,27.073791662096575,27.822172451675637,26.54552119871406,27.42597007751465,1446634,0.0,0.0
2022-10-07 00:00:00+08:00,27.381946467770494,27.734126756827106,27.02976807221738,27.205856323242188,826487,0.0,0.0
2022-10-11 00:00:00+08:00,26.413453592527127,26.72160992625045,24.65255592895725,25.533004760742188,1762345,0.0,0.0
2022-10-12 00:00:00+08:00,25.136803917058355,26.10529882627642,24.300378991442972,25.75311851501465,1535709,0.0,0.0
2022-10-13 00:00:00+08:00,25.79714059417898,25.79714059417898,23.596020274892375,23.728086471557617,1569536,0.0,0.0
2022-10-14 00:00:00+08:00,25.092781525408903,25.797140245274655,24.91669326557016,25.04875946044922,1198575,0.0,0.0
2022-10-17 00:00:00+08:00,24.300378054096555,25.57702737279273,23.59601935224608,24.7406005859375,987725,0.0,0.0
2022-10-18 00:00:00+08:00,25.53300465390033,25.57702671660467,24.3003774306614,24.432443618774414,728391,0.0,0.0
2022-10-19 00:00:00+08:00,24.432444273171885,24.872668699013204,23.816131591796875,23.816131591796875,793788,0.0,0.0
2022-10-20 00:00:00+08:00,24.03624352885961,24.03624352885961,22.627526028761746,23.111774444580078,1102734,0.0,0.0
2022-10-21 00:00:00+08:00,23.15579469790218,23.46395103519439,22.363391876220703,22.363391876220703,549112,0.0,0.0
2022-10-24 00:00:00+08:00,22.8036137610637,23.94819684468301,22.8036137610637,22.979703903198242,845655,0.0,0.0
2022-10-25 00:00:00+08:00,23.243838824698948,23.243838824698948,22.319367919318797,22.363391876220703,463419,0.0,0.0
2022-10-26 00:00:00+08:00,22.891657837361016,22.891657837361016,21.130762100219727,21.130762100219727,757707,0.0,0.0
2022-10-27 00:00:00+08:00,21.218807288100034,22.49545851301975,21.218807288100034,22.319368362426758,662993,0.0,0.0
2022-10-28 00:00:00+08:00,22.18729982531843,22.27534584557784,21.394897004004868,21.438919067382812,389001,0.0,0.0
2022-10-31 00:00:00+08:00,21.74707900807147,22.627526025373026,21.74707900807147,22.011213302612305,432975,0.0,0.0
2022-11-01 00:00:00+08:00,21.96719116283306,23.684065018399618,21.96719116283306,22.935684204101562,699075,0.0,0.0
2022-11-02 00:00:00+08:00,23.728085679065114,24.476468342520786,22.84763682335507,23.067750930786133,1064398,0.0,0.0
2022-11-03 00:00:00+08:00,22.539481000476677,23.28786178766847,22.187300692678424,23.199817657470703,354047,0.0,0.0
2022-11-04 00:00:00+08:00,23.243838971741127,25.488983154296875,22.97970469617637,25.488983154296875,2103990,0.0,0.0
2022-11-07 00:00:00+08:00,26.237364121885644,26.589542527550062,24.3884222850127,24.91669273376465,3887759,0.0,0.0
2022-11-08 00:00:00+08:00,25.048759888044557,25.488984332163458,23.8161325806138,23.904176712036133,967429,0.0,0.0
2022-11-09 00:00:00+08:00,24.21233403206286,25.004736865037913,23.992219924926758,23.992219924926758,699075,0.0,0.0
2022-11-10 00:00:00+08:00,24.168310753174783,24.520491062277436,23.37590789794922,23.37590789794922,519796,0.0,0.0
2022-11-11 00:00:00+08:00,24.30037731938459,25.092780124944568,23.33188247680664,23.33188247680664,725008,0.0,0.0
2022-11-14 00:00:00+08:00,23.33188462637769,23.904177172149332,23.111774293585125,23.86015510559082,529943,0.0,0.0
2022-11-15 00:00:00+08:00,23.59601873615731,24.080265212691927,23.24383844767568,23.507972717285156,537836,0.0,0.0
2022-11-16 00:00:00+08:00,23.6840641605656,23.904176379563612,23.199817657470703,23.199817657470703,510775,0.0,0.0
2022-11-17 00:00:00+08:00,23.19981750283798,25.400937784643443,23.111773373227052,24.872669219970703,1671014,0.0,0.0
2022-11-18 00:00:00+08:00,24.828645980582042,25.356914520263672,24.300377440900412,25.356914520263672,1309074,0.0,0.0
2022-11-21 00:00:00+08:00,25.400938192286837,27.866194689495572,25.356916126774887,27.77815055847168,5601620,0.0,0.0
2022-11-22 00:00:00+08:00,27.38194711287037,27.646081389133904,26.677588411666434,27.514015197753906,1787151,0.0,0.0
2022-11-23 00:00:00+08:00,27.558035962358986,28.13032655169948,26.8976993560791,26.8976993560791,1345155,0.0,0.0
2022-11-24 00:00:00+08:00,26.941722053201477,27.778148819583308,26.897699990445275,27.205856323242188,740794,0.0,0.0
2022-11-25 00:00:00+08:00,27.690102897597438,28.086305250798603,27.33792450081024,27.381946563720703,907669,0.0,0.0
2022-11-28 00:00:00+08:00,27.5580376166521,27.5580376166521,26.6335666910655,27.293901443481445,436358,0.0,0.0
2022-11-29 00:00:00+08:00,27.293901091780167,28.61457626010491,26.4134541354029,27.514015197753906,1819850,0.0,0.0
2022-11-30 00:00:00+08:00,27.77814901301648,27.99826122183374,27.2058565126902,27.55803680419922,785895,0.0,0.0
2022-12-01 00:00:00+08:00,27.91021649405214,28.17435267166142,27.205857771935783,27.249879837036133,1400405,0.0,0.0
2022-12-02 00:00:00+08:00,27.381947368271035,29.67111364191154,27.381947368271035,28.04228401184082,2990237,0.0,0.0
2022-12-05 00:00:00+08:00,28.174353091339793,28.790665798932302,27.99826293481181,28.130329132080078,753196,0.0,0.0
2022-12-06 00:00:00+08:00,28.17435202543179,28.17435202543179,26.941722869873047,26.941722869873047,646080,0.0,0.0
2022-12-07 00:00:00+08:00,26.89770180677065,27.205858160376486,25.885184827488118,27.029769897460938,906542,0.0,0.0
2022-12-08 00:00:00+08:00,27.029768260439198,28.218373430651,26.94172224081019,27.55803680419922,697947,0.0,0.0
2022-12-09 00:00:00+08:00,27.734128233650747,28.130328713057477,27.205857771935783,27.249879837036133,426210,0.0,0.0
2022-12-12 00:00:00+08:00,27.073791160634403,27.073791160634403,26.36943244934082,26.36943244934082,457781,0.0,0.0
2022-12-13 00:00:00+08:00,26.50149673138664,26.63356480863756,24.696577072143555,24.696577072143555,1272993,0.0,0.0
2022-12-14 00:00:00+08:00,24.916691821837386,25.488982420160603,24.740599785194657,25.004735946655273,513030,0.0,0.0
2022-12-15 00:00:00+08:00,25.004735946655273,25.885182875344565,25.004735946655273,25.004735946655273,1189555,0.0,0.0
2022-12-16 00:00:00+08:00,24.91669199953131,26.985744095534944,24.696577898909887,25.356914520263672,2257335,0.0,0.0
2022-12-19 00:00:00+08:00,25.356915345329774,25.356915345329774,25.004736938583967,25.09278106689453,394639,0.0,0.0
2022-12-20 00:00:00+08:00,25.268870580243643,25.31289264328957,24.74060014318201,24.784624099731445,354047,0.0,0.0
2022-12-21 00:00:00+08:00,24.740600928888725,25.66507374972991,24.740600928888725,25.44495964050293,326986,0.0,0.0
2022-12-22 00:00:00+08:00,25.841162111435175,25.841162111435175,25.224849419733754,25.621051788330078,248058,0.0,0.0
2022-12-23 00:00:00+08:00,25.62105218931476,26.72161139607895,25.268871879827625,26.50149917602539,973067,0.0,0.0
2022-12-26 00:00:00+08:00,26.501499016277638,26.985745518775765,26.105298537372363,26.149320602416992,541219,0.0,0.0
2022-12-27 00:00:00+08:00,26.36943223224964,28.042283921111895,26.193342082500045,27.866193771362305,1868334,0.0,0.0
2022-12-28 00:00:00+08:00,28.87870995720093,28.87870995720093,27.117812292754426,27.381946563720703,1542475,0.0,0.0
2022-12-29 00:00:00+08:00,26.853678723933356,28.35044026304602,26.853678723933356,27.866193771362305,960664,0.0,0.0
2022-12-30 00:00:00+08:00,28.218373608192728,28.48250788173459,27.73412712444872,27.910215377807617,422827,0.0,0.0
2023-01-03 00:00:00+08:00,27.910217446287685,28.658600152541165,27.910217446287685,28.26239776611328,700202,0.0,0.0
2023-01-04 00:00:00+08:00,28.658598709521755,31.03580912138429,28.262396343043477,30.243404388427734,3007150,0.0,0.0
2023-01-05 00:00:00+08:00,30.199382361649004,33.016817207884024,29.80317999467734,32.268436431884766,3392768,0.0,0.0
2023-01-06 00:00:00+08:00,32.22441422328411,33.58911154954902,31.255923072506558,33.01681900024414,4913820,0.0,0.0
2023-01-09 00:00:00+08:00,33.01681628732762,35.92229518143471,32.576591868189546,35.1298942565918,4408682,0.0,0.0
2023-01-10 00:00:00+08:00,34.77771552749405,36.49458932452078,34.68967139710936,36.45056915283203,4193322,0.0,0.0
2023-01-11 00:00:00+08:00,35.39402942049256,39.26800537109375,35.35000924731968,39.26800537109375,4130180,0.0,0.0
2023-01-12 00:00:00+08:00,38.95984712799288,39.576159818686406,35.39402770996094,35.39402770996094,6909567,0.0,0.0
2023-01-13 00:00:00+08:00,34.95380522427275,38.56364501440606,34.07335631023987,37.771240234375,7253467,0.0,0.0
2023-01-16 00:00:00+08:00,36.978837494597755,38.431575104523766,36.62665718821893,37.022857666015625,3993747,0.0,0.0
2023-01-17 00:00:00+08:00,37.06688129635021,38.12341841912779,36.31850051879883,36.31850051879883,2755708,0.0,0.0
2023-01-30 00:00:00+08:00,36.934813954269636,39.928340911865234,36.582633643904174,39.928340911865234,2636189,0.0,0.0
2023-01-31 00:00:00+08:00,40.324538693730055,43.89035415649414,40.324538693730055,43.89035415649414,2544858,0.0,0.0
2023-02-01 00:00:00+08:00,48.24857633107673,48.24857633107673,43.18599917200136,43.71426773071289,9470211,0.0,0.0
2023-02-02 00:00:00+08:00,43.626225978223786,48.07249069213867,43.31806961777541,48.07249069213867,6183431,0.0,0.0
2023-02-03 00:00:00+08:00,51.50623856777531,52.7388678004887,46.04745683476833,46.223548889160156,11615920,0.0,0.0
2023-02-06 00:00:00+08:00,45.87136565505749,49.74533758762024,45.43114122753835,47.98444366455078,6844169,0.0,0.0
2023-02-07 00:00:00+08:00,47.103994447784146,48.6888001024785,46.83985827849822,47.28008270263672,2848166,0.0,0.0
2023-02-08 00:00:00+08:00,46.839860097313,47.98444515932073,46.839860097313,47.10399627685547,1383492,0.0,0.0
2023-02-09 00:00:00+08:00,47.19204023552495,50.09751926485563,46.75181579589844,46.75181579589844,3371345,0.0,0.0
2023-02-10 00:00:00+08:00,46.75181731608492,47.28008590341252,45.07896363370805,45.871368408203125,1685672,0.0,0.0
2023-02-13 00:00:00+08:00,45.519184827368704,47.80835106649993,45.43114070028809,46.92790222167969,1422955,0.0,0.0
2023-02-14 00:00:00+08:00,46.92790280210562,48.424668129016965,46.135501861572266,46.135501861572266,1082438,0.0,0.0
2023-02-15 00:00:00+08:00,46.5757261050183,48.33662002245931,45.783321380615234,45.783321380615234,1247059,0.0,0.0
2023-02-16 00:00:00+08:00,46.22354577830295,47.80835143912744,46.135501650536106,47.63226318359375,903159,0.0,0.0
2023-02-17 00:00:00+08:00,47.632262798918596,48.952936065776875,46.92790220845802,48.7768440246582,2352049,0.0,0.0
2023-02-20 00:00:00+08:00,49.481204261281846,53.61931228637695,48.51271129657948,53.61931228637695,3637445,0.0,0.0
2023-02-21 00:00:00+08:00,54.41171571732206,58.90200424194336,53.79540301694535,58.90200424194336,5950030,0.0,0.0
2023-02-22 00:00:00+08:00,60.22267662342105,62.511842915364376,58.990047454833984,58.990047454833984,12463830,0.0,0.0
2023-02-23 00:00:00+08:00,59.60636746983602,64.8890609741211,59.60636746983602,64.8890609741211,4503396,0.0,0.0
2023-02-24 00:00:00+08:00,67.79453042339041,68.32280275730342,63.2161979675293,63.2161979675293,9677678,0.0,0.0
2023-03-01 00:00:00+08:00,62.51183720303991,69.46738335939185,62.423793081973535,66.209716796875,7106886,0.0,0.0
2023-03-02 00:00:00+08:00,66.20972186304104,71.31632671971387,66.20972186304104,68.67498016357422,6572432,0.0,0.0
2023-03-03 00:00:00+08:00,68.76303219972279,70.25979382310805,65.85754929902512,67.17822265625,3531456,0.0,0.0
2023-03-06 00:00:00+08:00,67.79453346213874,69.99565566208018,66.47386014217388,69.20325469970703,2801937,0.0,0.0
2023-03-07 00:00:00+08:00,69.11520533122054,72.90113695044752,68.23475646972656,68.23475646972656,4118904,0.0,0.0
2023-03-08 00:00:00+08:00,68.41084184636331,69.99565124511719,68.05866534620198,69.99565124511719,1691310,0.0,0.0
2023-03-09 00:00:00+08:00,70.08369949386999,72.10872574054746,68.67497833842882,68.85106658935547,2362197,0.0,0.0
2023-03-10 00:00:00+08:00,67.97061884708374,69.5554282787816,66.56190524314106,69.11520385742188,1624785,0.0,0.0
2023-03-13 00:00:00+08:00,69.11520920215153,70.43588256835938,65.15318910352802,70.43588256835938,2453527,0.0,0.0
2023-03-14 00:00:00+08:00,69.29130025026294,70.4358853950464,67.97062683105469,67.97062683105469,2040848,0.0,0.0
2023-03-15 00:00:00+08:00,68.76302991526569,70.96415210418111,68.49889373779297,68.49889373779297,2106245,0.0,0.0
2023-03-16 00:00:00+08:00,68.67497794819688,69.29129060994508,64.7129582417977,66.29776763916016,2361069,0.0,0.0
2023-03-17 00:00:00+08:00,67.79452707950873,69.4673843383789,67.1782144363518,69.4673843383789,1571791,0.0,0.0
2023-03-20 00:00:00+08:00,69.37933688014537,76.33487939273583,68.93911247874057,72.02068328857422,5555391,0.0,0.0
2023-03-21 00:00:00+08:00,72.63699961628453,75.98270675129216,68.85106805756574,69.81956481933594,4927351,0.0,0.0
2023-03-22 00:00:00+08:00,72.6369984685561,72.6369984685561,69.02715522155765,69.55542755126953,1498501,0.0,0.0
2023-03-23 00:00:00+08:00,69.55543378393496,70.25979442866188,68.23476041532747,68.5869369506836,765599,0.0,0.0
2023-03-24 00:00:00+08:00,68.58693298471844,69.29129358871648,67.97062029647552,68.23475646972656,659611,0.0,0.0
2023-03-27 00:00:00+08:00,68.67498473235017,68.85107299967135,66.03363800048828,66.03363800048828,651718,0.0,0.0
2023-03-28 00:00:00+08:00,65.59341404881398,65.94559816017517,62.95207108367882,64.8890609741211,2079184,0.0,0.0
2023-03-29 00:00:00+08:00,64.53687069544821,68.58693078395694,64.53687069544821,65.8575439453125,1595469,0.0,0.0
2023-03-30 00:00:00+08:00,65.85754677434073,68.49889338753306,65.85754677434073,67.7945327758789,758834,0.0,0.0
2023-03-31 00:00:00+08:00,68.67498128840924,69.90760667185805,67.09017181396484,67.09017181396484,1068908,0.0,0.0
2023-04-06 00:00:00+08:00,66.56190594826816,69.1152045895975,66.56190594826816,68.67498016357422,568280,0.0,0.0
2023-04-07 00:00:00+08:00,68.67498499850535,75.54248046875,68.67498499850535,75.54248046875,5521565,0.0,0.0
2023-04-10 00:00:00+08:00,77.91969764901226,78.71209863240715,73.42940521240234,73.42940521240234,8033724,0.0,0.0
2023-04-11 00:00:00+08:00,73.86963010694653,74.1337662943333,70.78805892680185,72.28482055664062,1914563,0.0,0.0
2023-04-12 00:00:00+08:00,72.5489501953125,73.60548727547535,72.19677369326288,72.5489501953125,841145,0.0,0.0
2023-04-13 00:00:00+08:00,72.63700396026931,73.51745286034601,70.61196997528998,72.72505187988281,1240294,0.0,0.0
2023-04-14 00:00:00+08:00,72.90113388193109,73.51744654423251,71.14023623306191,71.84458923339844,1091459,0.0,0.0
2023-04-17 00:00:00+08:00,71.84458751430793,74.75007008022276,71.84458751430793,73.86962127685547,1084693,0.0,0.0
2023-04-18 00:00:00+08:00,74.22181349521028,80.82517267177094,72.72505187988281,72.72505187988281,4233914,0.0,0.0
2023-04-19 00:00:00+08:00,72.72504389168898,75.71856679353229,72.72504389168898,73.86962127685547,1671014,0.0,0.0
2023-04-20 00:00:00+08:00,74.04571620070222,74.83812473960616,71.14024094676446,71.75655364990234,1708223,0.0,0.0
2023-04-21 00:00:00+08:00,72.63699956875364,74.48593760272215,69.02715626707864,71.66850280761719,2551623,0.0,0.0
2023-04-24 00:00:00+08:00,72.02068299061598,73.95766883398083,71.75654683606311,73.16526794433594,473566,0.0,0.0
2023-04-25 00:00:00+08:00,72.46091249791866,74.66203465099194,69.90760625594507,70.08370208740234,1359813,0.0,0.0
2023-04-26 00:00:00+08:00,69.2912924812769,70.43587749772873,66.73799385335784,69.81956481933594,1288778,0.0,0.0
2023-04-27 00:00:00+08:00,69.81956629770569,69.99565455611585,67.8825803071654,68.93911743164062,696819,0.0,0.0
2023-04-28 00:00:00+08:00,69.29129347735119,75.01421106786417,69.29129347735119,73.78158569335938,1931476,0.0,0.0
2023-05-02 00:00:00+08:00,73.86962457820192,76.51097110634961,73.7815842383388,74.66203308105469,1413935,0.0,0.0
2023-05-03 00:00:00+08:00,74.22181206774886,79.94472223416767,74.04571623190859,78.00773620605469,3247316,0.0,0.0
2023-05-04 00:00:00+08:00,78.44795861230092,80.64908076305196,71.49241564553338,71.9326400756836,4241806,0.0,0.0
2023-05-05 00:00:00+08:00,71.75655364990234,73.16527489194415,70.87610476712983,71.75655364990234,1024934,0.0,0.0
2023-05-08 00:00:00+08:00,73.07722252240092,73.51744693696993,71.84458961719928,72.5489501953125,588576,0.0,0.0
2023-05-09 00:00:00+08:00,72.6369992470918,72.6369992470918,70.17174097203667,70.96414947509766,908797,0.0,0.0
2023-05-10 00:00:00+08:00,70.96414873388231,73.42939940917397,70.43587640402609,73.25331115722656,616764,0.0,0.0
2023-05-11 00:00:00+08:00,70.96414535607157,72.72504293975695,68.76302337646484,68.76302337646484,1525562,0.0,0.0
2023-05-12 00:00:00+08:00,69.11520279958945,71.2282769601692,67.79452955572361,70.70001220703125,992235,0.0,0.0
2023-05-15 00:00:00+08:00,70.70001434465941,71.58046320052382,69.9076058299729,71.22827911376953,226635,0.0,0.0
2023-05-16 00:00:00+08:00,71.93263497032532,72.37285936923097,70.8760979277545,71.31632232666016,158983,0.0,0.0
2023-05-17 00:00:00+08:00,71.75654999589524,72.6369988338333,71.58046174311045,72.10872650146484,120646,0.0,0.0
2023-05-18 00:00:00+08:00,72.54895351027488,72.54895351027488,71.40437603930772,71.49241638183594,85693,0.0,0.0
2023-05-19 00:00:00+08:00,71.40437389657127,71.5804621503579,70.87610156119729,70.96414947509766,113881,0.0,0.0
2023-05-22 00:00:00+08:00,70.61197115181956,71.40437971950037,70.43588288367317,71.14024353027344,76672,0.0,0.0
2023-05-23 00:00:00+08:00,71.58046538815073,71.75655364990234,71.58046538815073,71.75655364990234,124029,0.0,0.0
2023-05-24 00:00:00+08:00,71.58046319146798,73.25331298779308,71.58046319146798,73.07722473144531,195064,0.0,0.0
2023-05-25 00:00:00+08:00,73.78158348708278,73.78158348708278,73.07722290527916,73.25331115722656,146580,0.0,0.0
2023-05-26 00:00:00+08:00,73.95766848231635,74.39789287980666,73.51744408482605,74.30984497070312,191681,0.0,0.0
2023-05-29 00:00:00+08:00,74.75007555387343,79.06427197667911,74.3098511199539,75.19029998779297,1609000,0.0,0.0
2023-05-30 00:00:00+08:00,75.19029971547799,76.24683683825558,72.5489531215269,72.63700103759766,640442,0.0,0.0
2023-05-31 00:00:00+08:00,72.63699598174675,73.86962127685547,71.40437068663805,73.86962127685547,351792,0.0,0.0
2023-06-01 00:00:00+08:00,73.69353518799474,73.69353518799474,72.19677369326288,72.5489501953125,268354,0.0,0.0
2023-06-02 00:00:00+08:00,72.54895461479182,72.98917905617809,71.75655364990234,71.75655364990234,236783,0.0,0.0
2023-06-05 00:00:00+08:00,72.28481659019806,74.04571431079889,71.31632738827616,71.9326400756836,390128,0.0,0.0
2023-06-06 00:00:00+08:00,72.98917171454106,73.07721962356776,70.78804972901025,72.46090698242188,345027,0.0,0.0
2023-06-07 00:00:00+08:00,73.60549391955978,73.86963010694653,71.93264402280138,72.28482055664062,288650,0.0,0.0
2023-06-08 00:00:00+08:00,72.6370003127583,72.6370003127583,71.14023877259162,71.22827911376953,299925,0.0,0.0
2023-06-09 00:00:00+08:00,71.75655036718915,72.8130874633789,70.87610152469534,72.8130874633789,165748,0.0,0.0
2023-06-12 00:00:00+08:00,73.60549689114102,73.60549689114102,71.75655865281817,72.37287139892578,198447,0.0,0.0
2023-06-13 00:00:00+08:00,72.46091093921055,76.86314757664628,72.28481511154128,76.51097106933594,1248187,0.0,0.0
2023-06-14 00:00:00+08:00,77.47947126041593,77.91969570107771,73.34136303299806,73.6054916381836,1185044,0.0,0.0
2023-06-15 00:00:00+08:00,74.57399375932081,74.57399375932081,72.10873520087539,72.37287139892578,419445,0.0,0.0
2023-06-16 00:00:00+08:00,72.72504674723272,73.34135941898656,71.93263824868005,72.10872650146484,226635,0.0,0.0
2023-06-19 00:00:00+08:00,72.10872719660198,76.15879491976581,71.58046243315505,75.36638641357422,785895,0.0,0.0
2023-06-20 00:00:00+08:00,75.36639176116535,78.71209912977909,74.30985458529119,76.68706512451172,1400405,0.0,0.0
2023-06-21 00:00:00+08:00,77.91969189138331,84.34696235158798,72.98917536743123,73.95767211914062,5663635,0.0,0.0
2023-06-26 00:00:00+08:00,74.75007304398353,74.75007304398353,73.16527119429772,73.95767211914062,405914,0.0,0.0
2023-06-27 00:00:00+08:00,73.95767469295059,74.57398738638946,73.25331408301432,73.34136199951172,352920,0.0,0.0
2023-06-28 00:00:00+08:00,74.04571211289566,80.64907836914062,73.60548769581267,80.64907836914062,2574174,0.0,0.0
2023-06-29 00:00:00+08:00,79.1523230744935,88.48507690429688,78.9762348086509,88.48507690429688,4439126,0.0,0.0
2023-06-30 00:00:00+08:00,90.68619925880972,97.28956604003906,85.4915537538485,97.28956604003906,8448659,0.0,0.0
2023-07-03 00:00:00+08:00,101.25157555820428,106.9744932670294,98.61023649737632,103.45269775390625,6893781,0.0,0.0
2023-07-04 00:00:00+08:00,102.57224717513743,113.5778579711914,102.13202274329527,113.5778579711914,4562028,0.0,0.0
2023-07-05 00:00:00+08:00,112.69740423106835,113.1376286438619,102.5722427368164,102.5722427368164,4332010,0.0,0.0
2023-07-06 00:00:00+08:00,101.25157021118382,104.3331411224311,99.05044813172147,102.13201904296875,1128667,0.0,0.0
2023-07-07 00:00:00+08:00,103.89292523874514,103.89292523874514,100.37112962237792,101.69180297851562,554749,0.0,0.0
2023-07-10 00:00:00+08:00,102.57225188260743,103.45270078669924,100.37112962237792,101.69180297851562,383363,0.0,0.0
2023-07-11 00:00:00+08:00,103.01247633465333,103.01247633465333,101.25157852646973,101.69180297851562,270609,0.0,0.0
2023-07-12 00:00:00+08:00,102.57224566283209,103.01247008818366,100.37112353607421,100.81134796142578,325859,0.0,0.0
2023-07-13 00:00:00+08:00,101.69179653896357,101.69179653896357,96.40911102294922,96.40911102294922,523178,0.0,0.0
2023-07-14 00:00:00+08:00,95.08843556480943,97.72977447509766,95.08843556480943,97.72977447509766,302180,0.0,0.0
2023-07-17 00:00:00+08:00,96.84933362627312,103.45269229064616,96.84933362627312,102.13201904296875,396894,0.0,0.0
2023-07-18 00:00:00+08:00,101.25157619912974,104.33314729261895,96.40911491194689,98.61023712158203,500627,0.0,0.0
2023-07-19 00:00:00+08:00,97.28956227858811,101.69179905519186,97.28956227858811,99.49067687988281,242421,0.0,0.0
2023-07-20 00:00:00+08:00,99.49067184726147,103.01246714960996,99.0504474344679,102.5722427368164,267227,0.0,0.0
2023-07-21 00:00:00+08:00,101.25157095767325,112.69740585526324,100.3711221193971,110.93650817871094,1145580,0.0,0.0
2023-07-24 00:00:00+08:00,112.69740909583032,118.8605435669677,99.93090057373047,99.93090057373047,3655485,0.0,0.0
2023-07-25 00:00:00+08:00,97.72977873106312,98.17000316428451,90.68619537353516,90.68619537353516,1810829,0.0,0.0
2023-07-26 00:00:00+08:00,88.48507466442938,97.28956347383252,88.04485022395922,89.80574798583984,1021551,0.0,0.0
2023-07-27 00:00:00+08:00,90.68619537353516,92.88731753964211,89.36552207387098,90.68619537353516,473566,0.0,0.0
2023-07-28 00:00:00+08:00,90.68619320407227,90.68619320407227,85.05132362324574,86.46003723144531,1099351,0.0,0.0
2023-07-31 00:00:00+08:00,89.365526763277,89.365526763277,84.6111056646061,86.19591522216797,638187,0.0,0.0
2023-08-01 00:00:00+08:00,87.16439786644628,87.34048612080814,83.64260248315267,84.61109924316406,493862,0.0,0.0
2023-08-02 00:00:00+08:00,84.52305471677025,85.31546325418056,80.56103475176201,81.70561981201172,771237,0.0,0.0
2023-08-04 00:00:00+08:00,81.44148004413645,83.37847355644237,80.5610312018207,82.05780029296875,270609,0.0,0.0
2023-08-07 00:00:00+08:00,82.58606645282892,87.3404872522608,81.44148142362813,84.87523651123047,520923,0.0,0.0
2023-08-08 00:00:00+08:00,86.28395164797261,86.72417608428917,83.37847642749486,83.99478912353516,310073,0.0,0.0
2023-08-09 00:00:00+08:00,87.16439484684604,88.92529247749079,84.08282399321772,84.5230484008789,755452,0.0,0.0
2023-08-10 00:00:00+08:00,85.02088288589017,89.69454241922982,82.33601593467661,83.72816467285156,913000,0.141712,1.1275404
2023-08-11 00:00:00+08:00,84.02649291635257,87.20855825249248,83.52929473341557,85.02088928222656,253000,0.0,0.0
2023-08-14 00:00:00+08:00,83.62873049926186,85.91584511106679,82.33601981198942,82.73377227783203,260000,0.0,0.0
2023-08-15 00:00:00+08:00,84.02648903730977,86.31360360789328,83.13153083201006,86.0152816772461,190000,0.0,0.0
2023-08-16 00:00:00+08:00,85.41864291137543,90.29118625444102,84.92144476589203,88.6007080078125,230000,0.0,0.0
2023-08-17 00:00:00+08:00,88.70014961748139,96.35700591185964,88.70014961748139,94.4676513671875,462000,0.0,0.0
2023-08-18 00:00:00+08:00,97.35140281164568,97.4508409279172,94.06989186819168,96.257568359375,368000,0.0,0.0
2023-08-21 00:00:00+08:00,96.55587948049225,102.92001733547303,96.55587948049225,101.92562103271484,555000,0.0,0.0
2023-08-22 00:00:00+08:00,103.41722106933594,111.37239192082332,101.92562653468205,103.41722106933594,755000,0.0,0.0
2023-08-23 00:00:00+08:00,104.90881298883865,110.37799281290134,104.41161482301477,108.88639831542969,669000,0.0,0.0
2023-08-24 00:00:00+08:00,110.37799168032083,119.32755857331982,108.88639719815434,118.83036041259766,2048000,0.0,0.0
2023-08-25 00:00:00+08:00,117.83596224744781,122.80794377687599,114.35557517684809,118.33316040039062,1863000,0.0,0.0
2023-08-28 00:00:00+08:00,119.32756284787419,122.80795009760385,115.84717559814453,115.84717559814453,1074000,0.0,0.0
2023-08-29 00:00:00+08:00,115.84717530842069,121.813553435893,115.84717530842069,117.83596801757812,716000,0.0,0.0
2023-08-30 00:00:00+08:00,119.32755633098323,124.29953784477419,119.32755633098323,122.31074523925781,1059000,0.0,0.0
2023-08-31 00:00:00+08:00,124.29953784477419,124.79673599615329,120.32195263374142,122.31074523925781,553000,0.0,0.0
2023-09-01 00:00:00+08:00,121.31635468152105,123.80234555614238,120.32195833167252,121.81355285644531,469000,0.0,0.0
2023-09-04 00:00:00+08:00,122.80794949353482,122.80794949353482,119.82476043701172,119.82476043701172,241000,0.0,0.0
2023-09-05 00:00:00+08:00,120.8191515715226,121.81354788075323,114.35557556152344,114.35557556152344,401000,0.0,0.0
2023-09-06 00:00:00+08:00,114.35557597392315,114.35557597392315,109.38359440983953,110.37799072265625,569000,0.0,0.0
2023-09-07 00:00:00+08:00,110.37799137660436,110.87518953595843,104.41161346435547,104.41161346435547,704000,0.0,0.0
2023-09-08 00:00:00+08:00,106.40041013864371,108.38920285151555,103.41722106933594,103.41722106933594,625000,0.0,0.0
2023-09-11 00:00:00+08:00,103.9144129009469,104.41161104879832,96.15811875980808,97.25196075439453,886000,0.0,0.0
2023-09-12 00:00:00+08:00,97.45084225320068,98.54467672034696,94.96485137939453,94.96485137939453,544000,0.0,0.0
2023-09-13 00:00:00+08:00,96.45644021541514,98.14691087525546,93.47325134277344,93.47325134277344,674000,0.0,0.0
2023-09-14 00:00:00+08:00,95.0642857793503,96.25756590409702,93.57269131339824,93.97045135498047,459000,0.0,0.0
2023-09-15 00:00:00+08:00,94.46764893792755,101.92562122250078,93.87101267249004,99.93682861328125,1314000,0.0,0.0
2023-09-18 00:00:00+08:00,100.43402909740959,101.92562358895529,96.4564437866211,96.4564437866211,1238000,0.0,0.0
2023-09-19 00:00:00+08:00,97.15252225809756,97.25196796435378,92.57830047607422,92.57830047607422,641000,0.0,0.0
2023-09-20 00:00:00+08:00,92.47885521598484,94.26877157740249,91.48445892333984,91.48445892333984,411000,0.0,0.0
2023-09-21 00:00:00+08:00,91.78278398419182,92.4788583781881,89.29679316757387,90.6889419555664,302000,0.0,0.0
2023-09-22 00:00:00+08:00,91.38502064925257,94.06988759997346,89.2967899557317,93.47325134277344,347000,0.0,0.0
2023-09-25 00:00:00+08:00,94.4676547762297,96.05868744460618,93.87101847391878,94.56709289550781,342000,0.0,0.0
2023-09-26 00:00:00+08:00,94.76597646848872,94.76597646848872,93.67213439941406,93.67213439941406,179000,0.0,0.0
2023-09-27 00:00:00+08:00,93.47325507606054,97.35140228271484,93.47325507606054,97.35140228271484,364000,0.0,0.0
2023-09-28 00:00:00+08:00,99.04186953467465,99.04186953467465,96.55587879541754,97.25196075439453,375000,0.0,0.0
2023-10-02 00:00:00+08:00,97.74916233228178,98.84299677860943,97.35140228271484,97.35140228271484,244000,0.0,0.0
2023-10-03 00:00:00+08:00,97.94803889074991,106.8976058959961,97.35140260772855,106.8976058959961,1410000,0.0,0.0
2023-10-04 00:00:00+08:00,105.90320605410344,109.38359310752467,102.92001715117094,103.91441345214844,2050000,0.0,0.0
2023-10-05 00:00:00+08:00,104.41161742577187,106.40041013864371,103.41722106933594,103.41722106933594,535000,0.0,0.0
2023-10-06 00:00:00+08:00,104.41161696291714,104.41161696291714,98.64411508649917,98.74356079101562,740000,0.0,0.0
2023-10-11 00:00:00+08:00,100.43403073411491,104.41161610972343,98.54467616337246,98.94243621826172,696000,0.0,0.0
2023-10-12 00:00:00+08:00,100.4340284032729,103.9144155261586,99.34019396769435,102.42282104492188,422000,0.0,0.0
2023-10-13 00:00:00+08:00,103.91441986083984,103.91441986083984,99.34019811156672,99.43963623046875,435000,0.0,0.0
2023-10-16 00:00:00+08:00,99.24075969407112,102.9200231888715,98.74356151441472,101.42842864990234,361000,0.0,0.0
2023-10-17 00:00:00+08:00,102.92002056033112,109.38359673078669,102.92002056033112,106.8976058959961,1432000,0.0,0.0
2023-10-18 00:00:00+08:00,105.90321138170032,109.38359861020689,105.90321138170032,107.39480590820312,879000,0.0,0.0
2023-10-19 00:00:00+08:00,107.39480032047754,109.38359291900491,105.40600772195019,105.90320587158203,715000,0.0,0.0
2023-10-20 00:00:00+08:00,106.40040772903797,107.89200222991234,104.41161506120548,106.8976058959961,487000,0.0,0.0
2023-10-23 00:00:00+08:00,106.40040527613817,114.35557576407373,106.40040527613817,112.36678314208984,1226000,0.0,0.0
2023-10-24 00:00:00+08:00,112.36678631022825,120.3219570224568,110.37799363217111,117.3387680053711,1735000,0.0,0.0
2023-10-25 00:00:00+08:00,122.3107494354248,122.80794760386149,113.36118240356446,119.32756042480469,2524000,0.0,0.0
2023-10-26 00:00:00+08:00,117.3387680053711,122.31074970051394,116.84156983585682,117.3387680053711,1058000,0.0,0.0
2023-10-27 00:00:00+08:00,118.83035800170899,128.27712286376953,116.84156539916992,124.2995376586914,2377000,0.0,0.0
2023-10-30 00:00:00+08:00,125.79113716914735,130.26592070480874,124.29954265726023,129.7687225341797,1801000,0.0,0.0
2023-10-31 00:00:00+08:00,130.26591719085096,133.24910613415287,125.29393561868106,126.78553009033203,1601000,0.0,0.0
2023-11-01 00:00:00+08:00,127.7799301147461,129.76872280135692,126.28833559978797,127.7799301147461,866000,0.0,0.0
2023-11-02 00:00:00+08:00,128.77432013617621,136.2322923448351,128.77432013617621,134.24349975585938,1817000,0.0,0.0
2023-11-03 00:00:00+08:00,135.23789677657481,140.70707642562746,125.79113192821112,126.288330078125,2874000,0.0,0.0
2023-11-06 00:00:00+08:00,127.28272804054055,131.7575114482158,125.79113357131547,128.77432250976562,836000,0.0,0.0
2023-11-07 00:00:00+08:00,128.7743261929216,131.2603170460668,127.28273168103448,129.7687225341797,597000,0.0,0.0
2023-11-08 00:00:00+08:00,131.7575099182129,132.25470806884766,124.2995376586914,124.2995376586914,1010000,0.0,0.0
2023-11-09 00:00:00+08:00,124.29953995064943,125.29393627025463,119.82475651242605,120.81915283203125,1173000,0.0,0.0
2023-11-10 00:00:00+08:00,120.32195263374142,122.80794339063691,119.32755633098323,122.31074523925781,518000,0.0,0.0
2023-11-13 00:00:00+08:00,126.28833401392376,127.77992851015121,122.80794685605973,125.29393768310547,1015000,0.0,0.0
2023-11-14 00:00:00+08:00,126.78553377144067,130.76311914466234,123.30514656987171,127.7799301147461,1636000,0.0,0.0
2023-11-15 00:00:00+08:00,128.27712395485867,132.7519073486328,128.27712395485867,132.7519073486328,1001000,0.0,0.0
2023-11-16 00:00:00+08:00,131.757508696412,138.71828274075077,130.76311240436362,138.22108459472656,1750000,0.0,0.0
2023-11-17 00:00:00+08:00,137.7238937810803,142.69587550602907,130.76311936615207,140.2098846435547,3689000,0.0,0.0
2023-11-20 00:00:00+08:00,141.20428533139435,143.69027627032736,136.72950164131495,137.22669982910156,1499000,0.0,0.0
2023-11-21 00:00:00+08:00,138.71829312468228,149.15945497277664,137.22669857495453,145.18186950683594,3183000,0.0,0.0
2023-11-22 00:00:00+08:00,144.1874669477393,151.1482412141819,143.19307062396177,149.65664672851562,1677000,0.0,0.0
2023-11-23 00:00:00+08:00,149.65665252685548,153.63423797607422,145.67906707763672,149.15945434570312,2082000,0.0,0.0
2023-11-24 00:00:00+08:00,150.65103894957502,153.13702969131717,148.6622463561813,152.63983154296875,1123000,0.0,0.0
2023-11-27 00:00:00+08:00,151.64544744523687,154.13143838696206,145.18187099675137,147.66786193847656,1140000,0.0,0.0
2023-11-28 00:00:00+08:00,148.16504820783285,155.12582228471092,148.16504820783285,152.63983154296875,1098000,0.0,0.0
2023-11-29 00:00:00+08:00,152.63984100539963,156.1202282595944,152.14264282622895,153.1370391845703,1028000,0.0,0.0
2023-11-30 00:00:00+08:00,155.12582816329657,155.12582816329657,151.14824282577615,152.14263916015625,469000,0.0,0.0
2023-12-01 00:00:00+08:00,154.13142564561633,157.61181267632378,152.63983120388457,156.61741638183594,1050000,0.0,0.0
2023-12-04 00:00:00+08:00,157.11461742504224,158.60621189426732,147.170654296875,147.170654296875,1505000,0.0,0.0
2023-12-05 00:00:00+08:00,147.17066310194673,152.6398431496542,147.17066310194673,151.64544677734375,920000,0.0,0.0
2023-12-06 00:00:00+08:00,152.14264073019243,155.62302793643866,150.15384804090885,154.62863159179688,924000,0.0,0.0
2023-12-07 00:00:00+08:00,158.10901769855678,162.0866030494639,145.67906347697215,148.16505432128906,3082000,0.0,0.0
2023-12-08 00:00:00+08:00,149.15945223062346,153.13703762344008,147.17065953421513,150.6510467529297,969000,0.0,0.0
2023-12-11 00:00:00+08:00,150.65105040503332,152.6398431496542,149.15945584656762,151.64544677734375,337000,0.0,0.0
2023-12-12 00:00:00+08:00,150.6510405907264,157.61181474343326,150.6510405907264,155.12582397460938,1410000,0.0,0.0
2023-12-13 00:00:00+08:00,155.12583022519766,170.04177543915898,155.12583022519766,165.06979370117188,3154000,0.0,0.0
2023-12-14 00:00:00+08:00,167.55578457016543,170.04177543915898,156.6174247465938,165.06979370117188,3315000,0.0,0.0
2023-12-15 00:00:00+08:00,166.06418183792468,176.5053429714469,166.06418183792468,171.03616333007812,3432000,0.0,0.0
2023-12-18 00:00:00+08:00,171.03616911329266,173.0249617774007,167.55578195110354,170.53897094726562,1515000,0.0,0.0
2023-12-19 00:00:00+08:00,171.53336727931966,172.52776361137367,166.56138561904953,170.53897094726562,1186000,0.0,0.0
2023-12-20 00:00:00+08:00,169.04738008803216,177.49974909243377,166.0641910276551,171.5333709716797,1980000,0.0,0.0
2023-12-21 00:00:00+08:00,168.05297443478605,175.5109466730162,168.05297443478605,171.03616333007812,1156000,0.0,0.0
2023-12-22 00:00:00+08:00,171.53336147929346,175.01374852380087,169.04737073321675,171.03616333007812,984000,0.0,0.0
2023-12-25 00:00:00+08:00,173.02496391745174,177.00254929486442,169.04737854003906,169.04737854003906,1472000,0.0,0.0
2023-12-26 00:00:00+08:00,169.54458038151614,171.03617493032712,164.57259855214616,170.04177856445312,1190000,0.0,0.0
2023-12-27 00:00:00+08:00,170.04177920404308,171.5333737584645,166.06419372558594,166.06419372558594,809000,0.0,0.0
2023-12-28 00:00:00+08:00,166.0641863273852,168.55017714066938,161.09220470081675,164.0753936767578,995000,0.0,0.0
2023-12-29 00:00:00+08:00,165.06979583461958,166.0641921950691,163.5782012939453,163.5782012939453,362000,0.0,0.0
2024-01-02 00:00:00+08:00,163.57819109184797,173.0249559269395,162.08659664420193,171.03616333007812,1444000,0.0,0.0
2024-01-03 00:00:00+08:00,171.03617557365737,174.01936468250022,166.06419372558594,166.06419372558594,1045000,0.0,0.0
2024-01-04 00:00:00+08:00,166.5613823968011,171.5333639608847,164.0753916147593,165.56698608398438,1078000,0.0,0.0
2024-01-05 00:00:00+08:00,166.06418424039273,171.03616580447635,165.06978792757602,165.56698608398438,963000,0.0,0.0
2024-01-08 00:00:00+08:00,167.05858055320948,170.04176949165964,165.06978792757602,165.56698608398438,1036000,0.0,0.0
2024-01-09 00:00:00+08:00,166.0641925048828,166.56139068603517,149.15945434570312,149.15945434570312,3159000,0.0,0.0
2024-01-10 00:00:00+08:00,144.68467280840633,149.15945650351168,143.19307824337122,147.66786193847656,2117000,0.0,0.0
2024-01-11 00:00:00+08:00,146.6734577571831,150.15384489040437,145.67906143340556,149.65664672851562,1045000,0.0,0.0
2024-01-12 00:00:00+08:00,150.15385288020175,152.63984382192695,147.66786193847656,147.66786193847656,896000,0.0,0.0
2024-01-15 00:00:00+08:00,149.65665421749185,162.08660888671875,149.65665421749185,162.08660888671875,2068783,0.0,0.0
2024-01-16 00:00:00+08:00,160.0978063634924,169.04737317884292,159.60060820708404,165.56698608398438,2130000,0.0,0.0
2024-01-17 00:00:00+08:00,166.06419438087136,166.56139256764044,160.59501432641153,162.08660888671875,989000,0.0,0.0
2024-01-18 00:00:00+08:00,163.5781900978679,166.06418082883852,160.59500122070312,160.59500122070312,927000,0.0,0.0
2024-01-19 00:00:00+08:00,164.0753903388977,164.0753903388977,159.10340881347656,159.10340881347656,546000,0.0,0.0
2024-01-22 00:00:00+08:00,160.59500122070312,162.0865956592855,158.1090104897325,160.59500122070312,625000,0.0,0.0
2024-01-23 00:00:00+08:00,161.09220728380927,162.5838017956964,158.60621643066406,158.60621643066406,475000,0.0,0.0
2024-01-24 00:00:00+08:00,159.60060659269007,167.0585788633765,159.10340844131096,163.08099365234375,1190000,0.0,0.0
2024-01-25 00:00:00+08:00,164.57259447821255,165.0697926488416,158.60621643066406,158.60621643066406,883000,0.0,0.0
2024-01-26 00:00:00+08:00,158.6062127242705,160.09780720130126,155.623023770209,157.61181640625,504000,0.0,0.0
2024-01-29 00:00:00+08:00,158.10901213855277,165.06978625786013,158.10901213855277,163.08099365234375,1022000,0.0,0.0
2024-01-30 00:00:00+08:00,162.58379756047177,165.56698650653544,161.0922030874399,161.5894012451172,1084000,0.0,0.0
2024-01-31 00:00:00+08:00,162.08659772872923,162.08659772872923,159.10340881347656,159.10340881347656,541000,0.0,0.0
2024-02-01 00:00:00+08:00,159.1034189047524,160.59501345698445,155.62303161621094,155.62303161621094,661000,0.0,0.0
2024-02-02 00:00:00+08:00,157.61182279710644,157.61182279710644,151.64544464705827,153.1370391845703,854000,0.0,0.0
2024-02-05 00:00:00+08:00,160.09780932383933,163.57819648305323,154.1314313366155,156.12022399902344,1188000,0.0,0.0
2024-02-15 00:00:00+08:00,160.09780592667428,169.54457087265817,151.1482391357422,151.1482391357422,4590000,0.0,0.0
2024-02-16 00:00:00+08:00,152.14263586095862,153.13703217377534,146.67345614046664,147.170654296875,1276000,0.0,0.0
2024-02-19 00:00:00+08:00,147.17065591907183,151.64543937607064,146.6734577571831,149.65664672851562,666000,0.0,0.0
2024-02-20 00:00:00+08:00,150.1538507080078,151.1482470703125,148.6622561645508,149.15945434570312,464000,0.0,0.0
2024-02-21 00:00:00+08:00,150.1538469967426,150.651045165606,147.66785615242568,148.16505432128906,505000,0.0,0.0
2024-02-22 00:00:00+08:00,149.15944692250847,149.15944692250847,144.18746535842484,147.170654296875,706000,0.0,0.0
2024-02-23 00:00:00+08:00,147.66785245328336,149.65664507891682,147.170654296875,147.170654296875,380000,0.0,0.0
2024-02-26 00:00:00+08:00,148.66224439067224,157.11461280084424,147.6678481071226,154.1314239501953,1439000,0.0,0.0
2024-02-27 00:00:00+08:00,154.13143770811988,157.11462682505123,150.65105040503332,151.64544677734375,665000,0.0,0.0
2024-02-29 00:00:00+08:00,150.6510452130519,164.07539577659117,150.6510452130519,162.58380126953125,2258000,0.0,0.0
2024-03-01 00:00:00+08:00,164.0753968182732,169.04737854003906,160.0978114408605,169.04737854003906,2151000,0.0,0.0
2024-03-04 00:00:00+08:00,176.00815439479237,185.95211791992188,175.01375804227942,185.95211791992188,6219000,0.0,0.0
2024-03-05 00:00:00+08:00,185.95211736069925,191.91849545783398,181.47733378784818,189.92970275878906,4429000,0.0,0.0
2024-03-06 00:00:00+08:00,186.94650846354168,190.92409375,184.4605176595052,186.44931030273438,1535000,0.0,0.0
2024-03-07 00:00:00+08:00,186.94651106949692,186.94651106949692,177.9969440502125,180.98013305664062,1391000,0.0,0.0
2024-03-08 00:00:00+08:00,180.98012710199123,183.46611785888672,163.08099365234375,163.08099365234375,2455000,0.0,0.0
2024-03-11 00:00:00+08:00,161.0922000648921,166.0641815483764,152.63983154296875,152.63983154296875,1747000,0.0,0.0
2024-03-12 00:00:00+08:00,153.634236782412,158.6062185553056,152.1426422505439,157.1146240234375,1337000,0.0,0.0
2024-03-13 00:00:00+08:00,158.60622072067505,159.1034189047524,154.1314370639789,155.62303161621094,637000,0.0,0.0
2024-03-14 00:00:00+08:00,155.62303099825374,161.58940918349032,154.1314364519446,159.60061645507812,578000,0.0,0.0
2024-03-15 00:00:00+08:00,158.10901289719803,160.0978055122571,152.63983320578552,155.12582397460938,722000,0.0,0.0
2024-03-18 00:00:00+08:00,155.12582397460938,155.12582397460938,155.12582397460938,155.12582397460938,0,0.0,0.0
2024-03-19 00:00:00+08:00,166.06419310095714,173.52216584501213,165.06979673508317,170.04177856445312,1143000,0.0,0.0
2024-03-20 00:00:00+08:00,170.04177856445312,170.04177856445312,170.04177856445312,170.04177856445312,0,0.0,0.0
2024-03-21 00:00:00+08:00,172.03055759396952,176.00814274065087,169.54456687729365,172.5277557373047,1121000,0.0,0.0
2024-03-22 00:00:00+08:00,174.01936490770797,176.50535583496094,173.02496853680677,176.50535583496094,875000,0.0,0.0
2024-03-25 00:00:00+08:00,178.4941427252266,183.9633225858881,174.51655737201818,177.00254821777344,1451000,0.0,0.0
2024-03-26 00:00:00+08:00,177.0025524902344,180.98013793945313,171.5333724975586,174.0193634033203,814000,0.0,0.0
2024-03-27 00:00:00+08:00,174.0193522253702,175.5109466730162,170.5389651808628,171.03616333007812,474000,0.0,0.0
2024-03-28 00:00:00+08:00,172.03055999392555,172.03055999392555,167.05857849121094,167.05857849121094,473000,0.0,0.0
2024-03-29 00:00:00+08:00,168.05297275419431,170.04176533116706,165.06978388873526,168.5501708984375,459000,0.0,0.0
2024-04-01 00:00:00+08:00,170.04177881666453,182.96893159220042,169.54458063299006,180.48294067382812,1954000,0.0,0.0
2024-04-02 00:00:00+08:00,181.97453208685596,181.97453208685596,174.51655946034546,175.51095581054688,953000,0.0,0.0
2024-04-03 00:00:00+08:00,173.52215407615483,173.52215407615483,169.5445688824321,171.03616333007812,800000,0.0,0.0
2024-04-08 00:00:00+08:00,169.5445688824321,173.52215407615483,168.05297443478605,171.03616333007812,711000,0.0,0.0
2024-04-09 00:00:00+08:00,174.01935431964236,177.00254325083623,169.54457092285156,169.54457092285156,727000,0.0,0.0
2024-04-10 00:00:00+08:00,172.03057129620112,172.03057129620112,168.55018401564215,170.04177856445312,425000,0.0,0.0
2024-04-11 00:00:00+08:00,169.04738066811944,172.52776791716894,166.56138977594122,167.5557861328125,568000,0.0,0.0
2024-04-12 00:00:00+08:00,168.05298431124814,169.54457884655508,167.5557861328125,167.5557861328125,343000,0.0,0.0
2024-04-15 00:00:00+08:00,167.555782959731,167.555782959731,162.58380126953125,162.58380126953125,528000,0.0,0.0
2024-04-16 00:00:00+08:00,162.08660029439093,162.08660029439093,152.63983524655833,153.6342315673828,1016000,0.0,0.0
2024-04-17 00:00:00+08:00,155.12582604861956,157.11461869026851,153.6342315673828,153.6342315673828,476000,0.0,0.0
2024-04-18 00:00:00+08:00,154.62862903286953,166.5613849710974,154.62862903286953,160.09780883789062,942000,0.0,0.0
2024-04-19 00:00:00+08:00,160.59499949329305,160.59499949329305,150.15383853552476,158.1090087890625,854000,0.0,0.0
2024-04-22 00:00:00+08:00,158.1090090843939,160.59499979326802,154.1314239501953,154.1314239501953,533000,0.0,0.0
2024-04-23 00:00:00+08:00,156.61741465906942,158.1090090843939,154.1314239501953,154.1314239501953,309000,0.0,0.0
2024-04-24 00:00:00+08:00,155.62301808483195,159.10340507075472,155.62301808483195,158.1090087890625,381000,0.0,0.0
2024-04-25 00:00:00+08:00,158.10901373785896,170.04176949165964,155.62302295581716,165.56698608398438,1173000,0.0,0.0
2024-04-26 00:00:00+08:00,168.0529806108617,172.52776411825153,165.06979160593517,166.56138610839844,1233000,0.0,0.0
2024-04-29 00:00:00+08:00,167.55578457016543,169.04737909156157,164.57259552737315,165.06979370117188,454000,0.0,0.0
2024-04-30 00:00:00+08:00,165.06978911471504,172.0305633544922,164.07539279474688,172.0305633544922,1152000,0.0,0.0
2024-05-02 00:00:00+08:00,173.0249676620751,177.9969494914451,170.04177856445312,170.04177856445312,1158000,0.0,0.0
2024-05-03 00:00:00+08:00,176.50534945815357,177.99694396061685,165.56698977342293,166.56138610839844,1748000,0.0,0.0
2024-05-06 00:00:00+08:00,169.04737909156157,169.04737909156157,164.57259552737315,165.06979370117188,520000,0.0,0.0
2024-05-07 00:00:00+08:00,168.05297275419431,169.04736904268069,160.59500059054665,168.5501708984375,1020000,0.0,0.0
2024-05-08 00:00:00+08:00,170.04176907805055,173.02495800924441,168.55017461245362,169.54457092285156,873000,0.0,0.0
2024-05-09 00:00:00+08:00,172.03057129620112,172.03057129620112,168.05298583270513,170.04177856445312,537000,0.0,0.0
2024-05-10 00:00:00+08:00,170.041769925631,170.041769925631,161.5894012451172,161.5894012451172,1093000,0.0,0.0
2024-05-13 00:00:00+08:00,162.08660736559335,162.08660736559335,157.61182372666593,159.60061645507812,591000,0.0,0.0
2024-05-14 00:00:00+08:00,161.09220626603312,171.533367783276,161.09220626603312,166.56138610839844,1199000,0.0,0.0
2024-05-15 00:00:00+08:00,167.05858265269887,170.0417716286399,164.0753936767578,164.0753936767578,602000,0.0,0.0
2024-05-16 00:00:00+08:00,164.57259183941466,169.54457346598306,164.0753936767578,164.0753936767578,616000,0.0,0.0
2024-05-17 00:00:00+08:00,165.5669902836511,165.5669902836511,162.0866031005113,162.58380126953125,362000,0.0,0.0
2024-05-20 00:00:00+08:00,163.08099162398508,166.56137864035063,160.09780275281463,164.5725860595703,943000,0.0,0.0
2024-05-21 00:00:00+08:00,166.0641921950691,168.5501830961929,163.5782012939453,163.5782012939453,531000,0.0,0.0
2024-05-22 00:00:00+08:00,165.56698977342293,168.55017877834948,162.5838007684964,166.56138610839844,880000,0.0,0.0
2024-05-23 00:00:00+08:00,167.55578894117858,169.54458168825488,162.08660888671875,162.08660888671875,1013000,0.0,0.0
2024-05-24 00:00:00+08:00,161.58939751309137,163.08099195167375,159.60060492831488,160.59500122070312,738000,0.0,0.0
2024-05-27 00:00:00+08:00,161.58939751309137,164.07538824406203,160.097803074509,160.59500122070312,463000,0.0,0.0
2024-05-28 00:00:00+08:00,162.08660888671875,163.57820344702597,161.58941069994967,162.08660888671875,254000,0.0,0.0
2024-05-29 00:00:00+08:00,165.56698864291172,170.04177211974718,160.09780883789062,160.09780883789062,1625000,0.0,0.0
2024-05-30 00:00:00+08:00,160.097803074509,161.58939751309137,157.11461419734422,160.59500122070312,802000,0.0,0.0
2024-05-31 00:00:00+08:00,160.59501345698445,162.0866080092165,154.62863524805624,155.62303161621094,868000,0.0,0.0
2024-06-03 00:00:00+08:00,157.61182220072686,158.6062185553056,152.63984042783326,157.1146240234375,657000,0.0,0.0
2024-06-04 00:00:00+08:00,157.11462191877692,164.0753963075835,156.12022557751885,158.60621643066406,762000,0.0,0.0
2024-06-05 00:00:00+08:00,158.6062179848,163.08100156430845,158.6062179848,161.0922088623047,664000,0.0,0.0
2024-06-06 00:00:00+08:00,163.08100372979945,164.5725982761086,159.60061645507812,159.60061645507812,787000,0.0,0.0
2024-06-07 00:00:00+08:00,159.60061732309308,169.0473828344288,155.12583365982877,166.06419372558594,2843000,0.0,0.0
2024-06-11 00:00:00+08:00,166.0641858704697,168.55017667691385,164.5725913866032,168.052978515625,1186000,0.0,0.0
2024-06-12 00:00:00+08:00,169.04736904268069,169.04736904268069,166.0641801772216,168.5501708984375,640000,0.0,0.0
2024-06-13 00:00:00+08:00,170.5389680388224,184.46051645015484,170.5389680388224,179.98573303222656,4634000,0.0,0.0
2024-06-14 00:00:00+08:00,179.98572788733225,183.46611489067845,172.03055759396952,172.5277557373047,1854000,0.0,0.0
2024-06-17 00:00:00+08:00,172.5277701280788,172.5277701280788,166.06419372558594,166.06419372558594,1405000,0.0,0.0
2024-06-18 00:00:00+08:00,168.5501733175138,168.5501733175138,162.58379550096464,163.08099365234375,1048000,0.0,0.0
2024-06-19 00:00:00+08:00,164.57258810648105,165.56698440923924,161.58939919820645,163.08099365234375,655000,0.0,0.0
2024-06-20 00:00:00+08:00,163.08099365234375,164.57258810648105,163.08099365234375,163.08099365234375,314000,0.0,0.0
2024-06-21 00:00:00+08:00,164.07539735357446,167.0585863963667,163.08100100597701,165.06979370117188,543000,0.0,0.0
2024-06-24 00:00:00+08:00,164.07538995510194,165.06978625786013,163.08099365234375,163.08099365234375,297000,0.0,0.0
2024-06-25 00:00:00+08:00,163.08099735144413,166.56138449004203,161.09220470081675,164.0753936767578,481000,0.0,0.0
2024-06-26 00:00:00+08:00,164.07539978027344,175.51095794677735,164.07539978027344,174.0193634033203,1953000,0.0,0.0
2024-06-27 00:00:00+08:00,171.03616748335799,175.51095093495746,168.052978515625,168.052978515625,1147000,0.0,0.0
2024-06-28 00:00:00+08:00,169.04737237531342,175.0137502238539,169.04737237531342,173.52215576171875,1006000,0.0,0.0
2024-07-01 00:00:00+08:00,174.5165500207381,176.00814446535978,172.52775742790917,175.0137481689453,732000,0.0,0.0
2024-07-02 00:00:00+08:00,177.00253902732123,180.9801241740026,172.5277557373047,172.5277557373047,1149000,0.0,0.0
2024-07-03 00:00:00+08:00,173.02496704101563,176.50535430908204,172.5277688598633,174.0193634033203,527000,0.0,0.0
2024-07-04 00:00:00+08:00,174.51656286730736,176.50535560653594,164.07540098635735,166.06419372558594,1881000,0.0,0.0
2024-07-05 00:00:00+08:00,166.0641900487693,168.05298274396412,164.57259552737315,165.06979370117188,638000,0.0,0.0
2024-07-08 00:00:00+08:00,165.06978625786013,165.06978625786013,161.58939919820645,163.08099365234375,940000,0.0,0.0
2024-07-09 00:00:00+08:00,163.57820344702597,164.07540163379505,161.09221251318058,162.08660888671875,691000,0.0,0.0
2024-07-10 00:00:00+08:00,161.0922030874399,164.0753920335036,161.0922030874399,161.5894012451172,352000,0.0,0.0
2024-07-11 00:00:00+08:00,162.08660149426194,163.5781959865404,160.09780883789062,160.09780883789062,506000,0.0,0.0
2024-07-12 00:00:00+08:00,160.09780511856079,161.092201423645,159.10340881347656,159.10340881347656,363000,0.0,0.0
2024-07-15 00:00:00+08:00,161.58939957618713,162.08659772872923,159.10340881347656,159.10340881347656,313000,0.0,0.0
2024-07-16 00:00:00+08:00,160.59501281928422,161.58940918349032,159.1034182729751,159.60061645507812,317000,0.0,0.0
2024-07-17 00:00:00+08:00,160.09781613964245,163.57820344702597,160.09781613964245,162.08660888671875,334000,0.0,0.0
2024-07-18 00:00:00+08:00,162.58379588127136,163.08099403381348,159.10340881347656,159.10340881347656,447000,0.0,0.0
2024-07-19 00:00:00+08:00,159.10340711805557,159.6006052652995,156.61741638183594,156.61741638183594,514000,0.0,0.0
2024-07-22 00:00:00+08:00,156.61741843590372,159.10340920472757,149.1594461294321,155.12582397460938,755000,0.0,0.0
2024-07-23 00:00:00+08:00,157.61182008940597,159.10341460129308,156.12022557751885,158.60621643066406,297000,0.0,0.0
2024-07-26 00:00:00+08:00,156.6174176844155,163.08099365234375,154.13142692752,163.08099365234375,617000,0.0,0.0
2024-07-29 00:00:00+08:00,164.57259183941466,167.05858265269887,162.58379918878728,164.0753936767578,1137000,0.0,0.0
2024-07-30 00:00:00+08:00,164.07539527095966,167.0585842758862,161.58940443352088,166.56138610839844,493000,0.0,0.0
2024-07-31 00:00:00+08:00,167.5557766414824,172.03055999392555,166.56138034093948,167.05857849121094,823000,0.0,0.0
2024-08-01 00:00:00+08:00,168.05298011713057,171.53336727931966,167.05858378507654,170.53897094726562,976000,0.0,0.0
2024-08-02 00:00:00+08:00,164.57259552737315,170.53897361295768,164.07539735357446,165.06979370117188,690000,0.0,0.0
2024-08-05 00:00:00+08:00,158.10901154483042,161.0922004419027,148.66224670410156,148.66224670410156,1174000,0.0,0.0
2024-08-06 00:00:00+08:00,154.62863372208236,157.61182279710644,142.19867924281527,153.1370391845703,1315000,0.0,0.0
2024-08-07 00:00:00+08:00,155.12582674893466,164.57259183941466,155.12582674893466,164.0753936767578,1166000,0.0,0.0
2024-08-08 00:00:00+08:00,159.60061433580188,165.06979426631221,159.60061433580188,161.0922088623047,580000,0.0,0.0
2024-08-09 00:00:00+08:00,164.07539791531033,166.0641906173141,161.0922088623047,161.0922088623047,498000,0.0,0.0
2024-08-12 00:00:00+08:00,163.08099403381348,163.08099403381348,158.60621066093444,159.10340881347656,299000,0.0,0.0
2024-08-13 00:00:00+08:00,161.09221100138726,161.09221100138726,159.1034182729751,159.60061645507812,156000,0.0,0.0
2024-08-14 00:00:00+08:00,161.58940918349032,163.08100372979945,159.60061645507812,159.60061645507812,329000,0.0,0.0
2024-08-15 00:00:00+08:00,160.09781463718116,162.08660736559335,159.1034182729751,159.60061645507812,253000,0.0,0.0
2024-08-16 00:00:00+08:00,161.09221251318058,162.08660888671875,159.60061795287336,162.08660888671875,306000,0.0,0.0
2024-08-19 00:00:00+08:00,162.08660362506734,162.5838017956964,158.60621643066406,158.60621643066406,325000,0.0,0.0
2024-08-20 00:00:00+08:00,160.097814032372,165.06979583461958,159.1034176719225,163.5782012939453,623000,0.0,0.0
2024-08-21 00:00:00+08:00,164.07540163379505,167.55578894117858,162.08660888671875,162.08660888671875,721000,0.0,0.0
2024-08-22 00:00:00+08:00,162.08660149426194,164.07539415063326,160.09780883789062,160.09780883789062,234000,0.0,0.0
2024-08-23 00:00:00+08:00,159.10341460129308,160.09781094255118,157.61182008940597,158.60621643066406,360000,0.0,0.0
2024-08-26 00:00:00+08:00,160.09780511856079,161.58939957618713,159.10340881347656,159.10340881347656,147000,0.0,0.0
2024-08-27 00:00:00+08:00,159.60061645507812,160.09781463718116,159.1034182729751,159.60061645507812,123000,0.0,0.0
2024-08-28 00:00:00+08:00,161.09219936689726,162.0865956592855,159.10340678212074,160.59500122070312,242000,0.0,0.0
2024-08-29 00:00:00+08:00,160.59500700198345,161.09220516607627,159.6006106737978,160.09780883789062,124000,0.0,0.0
2024-08-30 00:00:00+08:00,160.59500289544826,166.06418256061832,160.59500289544826,163.08099365234375,710000,0.0,0.0
2024-09-02 00:00:00+08:00,165.06979160593517,170.04177328081272,165.06979160593517,166.56138610839844,963000,0.0,0.0
2024-09-03 00:00:00+08:00,167.0,169.5,164.5,165.5,665000,0.938611,0.0
2024-09-04 00:00:00+08:00,160.0,163.5,158.0,160.5,604000,0.0,0.0
2024-09-05 00:00:00+08:00,161.5,164.0,158.5,158.5,378000,0.0,0.0
2024-09-06 00:00:00+08:00,160.0,161.0,156.0,158.0,377000,0.0,0.0
2024-09-09 00:00:00+08:00,156.0,158.5,156.0,157.0,279000,0.0,0.0
2024-09-10 00:00:00+08:00,160.0,163.0,156.5,158.0,537000,0.0,0.0
2024-09-11 00:00:00+08:00,161.0,161.0,156.0,156.0,317000,0.0,0.0
2024-09-12 00:00:00+08:00,158.0,159.0,156.5,156.5,301000,0.0,0.0
2024-09-13 00:00:00+08:00,157.5,158.0,153.0,154.5,317000,0.0,0.0
2024-09-16 00:00:00+08:00,154.5,156.0,154.5,155.0,170000,0.0,0.0
2024-09-18 00:00:00+08:00,157.0,158.0,155.0,155.0,165000,0.0,0.0
2024-09-19 00:00:00+08:00,156.5,163.0,156.5,159.5,489000,0.0,0.0
2024-09-20 00:00:00+08:00,161.0,162.0,159.0,161.0,367000,0.0,0.0
2024-09-23 00:00:00+08:00,162.0,162.0,159.0,159.0,171000,0.0,0.0
2024-09-24 00:00:00+08:00,158.0,160.0,156.0,156.5,308000,0.0,0.0
2024-09-25 00:00:00+08:00,158.0,163.5,158.0,161.5,755000,0.0,0.0
2024-09-26 00:00:00+08:00,162.0,163.0,160.0,160.0,341000,0.0,0.0
2024-09-27 00:00:00+08:00,162.5,166.5,161.0,165.5,890000,0.0,0.0
2024-09-30 00:00:00+08:00,165.5,167.0,162.5,165.0,792000,0.0,0.0
2024-10-01 00:00:00+08:00,165.5,171.0,165.5,167.5,1793000,0.0,0.0
2024-10-04 00:00:00+08:00,168.0,178.0,164.5,174.0,2069000,0.0,0.0
2024-10-07 00:00:00+08:00,177.5,177.5,170.0,170.5,1951000,0.0,0.0
2024-10-08 00:00:00+08:00,172.5,176.0,170.0,170.5,1929000,0.0,0.0
2024-10-09 00:00:00+08:00,178.0,180.0,166.5,166.5,2148000,0.0,0.0
2024-10-11 00:00:00+08:00,168.5,169.0,163.5,165.5,814000,0.0,0.0
2024-10-14 00:00:00+08:00,166.5,166.5,163.5,165.0,487000,0.0,0.0
2024-10-15 00:00:00+08:00,165.0,166.0,160.5,162.5,819000,0.0,0.0
2024-10-16 00:00:00+08:00,162.5,164.0,161.0,161.0,547000,0.0,0.0
2024-10-17 00:00:00+08:00,163.0,164.0,162.0,163.0,417000,0.0,0.0
2024-10-18 00:00:00+08:00,164.0,164.0,161.5,164.0,533000,0.0,0.0
2024-10-21 00:00:00+08:00,165.5,167.0,164.5,164.5,911000,0.0,0.0
2024-10-22 00:00:00+08:00,166.0,166.5,163.0,163.0,627000,0.0,0.0
2024-10-23 00:00:00+08:00,164.0,166.0,163.0,166.0,468000,0.0,0.0
2024-10-24 00:00:00+08:00,166.0,166.5,161.0,161.5,490000,0.0,0.0
2024-10-25 00:00:00+08:00,162.5,162.5,161.0,162.0,312000,0.0,0.0
2024-10-28 00:00:00+08:00,164.0,170.0,163.5,166.5,1463000,0.0,0.0
2024-10-29 00:00:00+08:00,165.0,172.0,164.0,169.5,1540000,0.0,0.0
2024-10-30 00:00:00+08:00,168.5,173.5,168.5,170.5,1745000,0.0,0.0
2024-11-01 00:00:00+08:00,168.0,173.5,168.0,171.0,1061000,0.0,0.0
