Date,Open,High,Low,Close,Volume,Dividends,Stock Splits
2000-01-04 00:00:00+09:00,1132.72119140625,1132.72119140625,1132.72119140625,1132.72119140625,400,0.0,0.0
2000-01-05 00:00:00+09:00,1111.3491324491279,1111.3491324491279,919.000244140625,919.000244140625,1600,0.0,0.0
2000-01-06 00:00:00+09:00,961.7443957136351,961.7443957136351,948.9211371041199,953.195556640625,600,0.0,0.0
2000-01-07 00:00:00+09:00,953.195556640625,953.195556640625,953.195556640625,953.195556640625,0,0.0,0.0
2000-01-10 00:00:00+09:00,953.195556640625,953.195556640625,953.195556640625,953.195556640625,0,0.0,0.0
2000-01-11 00:00:00+09:00,1115.62353515625,1115.62353515625,1115.62353515625,1115.62353515625,600,0.0,0.0
2000-01-12 00:00:00+09:00,1111.34912109375,1111.34912109375,1111.34912109375,1111.34912109375,1000,0.0,0.0
2000-01-13 00:00:00+09:00,1111.34912109375,1111.34912109375,1111.34912109375,1111.34912109375,1000,0.0,0.0
2000-01-14 00:00:00+09:00,1111.34912109375,1111.34912109375,1111.34912109375,1111.34912109375,0,0.0,0.0
2000-01-17 00:00:00+09:00,1068.6048583984375,1068.6048583984375,1068.6048583984375,1068.6048583984375,200,0.0,0.0
2000-01-18 00:00:00+09:00,1068.6048583984375,1068.6048583984375,1068.6048583984375,1068.6048583984375,0,0.0,0.0
2000-01-19 00:00:00+09:00,1068.6048583984375,1068.6048583984375,1068.6048583984375,1068.6048583984375,0,0.0,0.0
2000-01-20 00:00:00+09:00,1068.6048583984375,1068.6048583984375,1068.6048583984375,1068.6048583984375,0,0.0,0.0
2000-01-21 00:00:00+09:00,1068.6048583984375,1068.6048583984375,1068.6048583984375,1068.6048583984375,200,0.0,0.0
2000-01-24 00:00:00+09:00,1068.6048583984375,1068.6048583984375,1068.6048583984375,1068.6048583984375,600,0.0,0.0
2000-01-25 00:00:00+09:00,1068.6048583984375,1068.6048583984375,1068.6048583984375,1068.6048583984375,0,0.0,0.0
2000-01-26 00:00:00+09:00,1111.34912109375,1111.34912109375,1111.34912109375,1111.34912109375,200,0.0,0.0
2000-01-27 00:00:00+09:00,1115.6235407902645,1115.6235407902645,1111.34912109375,1111.34912109375,1200,0.0,0.0
2000-01-28 00:00:00+09:00,1111.34912109375,1111.34912109375,1111.34912109375,1111.34912109375,0,0.0,0.0
2000-01-31 00:00:00+09:00,1089.97705078125,1089.97705078125,1089.97705078125,1089.97705078125,400,0.0,0.0
2000-02-01 00:00:00+09:00,1089.97705078125,1089.97705078125,1089.97705078125,1089.97705078125,0,0.0,0.0
2000-02-02 00:00:00+09:00,1111.34912109375,1111.34912109375,1111.34912109375,1111.34912109375,1000,0.0,0.0
2000-02-03 00:00:00+09:00,1089.97705078125,1089.97705078125,1089.97705078125,1089.97705078125,1000,0.0,0.0
2000-02-04 00:00:00+09:00,1089.97705078125,1089.97705078125,1089.97705078125,1089.97705078125,0,0.0,0.0
2000-02-07 00:00:00+09:00,1004.4887084960938,1004.4887084960938,1004.4887084960938,1004.4887084960938,200,0.0,0.0
2000-02-08 00:00:00+09:00,1004.4887084960938,1004.4887084960938,1004.4887084960938,1004.4887084960938,0,0.0,0.0
2000-02-09 00:00:00+09:00,1004.4887084960938,1004.4887084960938,1004.4887084960938,1004.4887084960938,0,0.0,0.0
2000-02-10 00:00:00+09:00,1004.4887084960938,1004.4887084960938,1004.4887084960938,1004.4887084960938,1200,0.0,0.0
2000-02-11 00:00:00+09:00,1004.4887084960938,1004.4887084960938,1004.4887084960938,1004.4887084960938,0,0.0,0.0
2000-02-14 00:00:00+09:00,1004.4887084960938,1004.4887084960938,1004.4887084960938,1004.4887084960938,600,0.0,0.0
2000-02-15 00:00:00+09:00,1004.4887084960938,1004.4887084960938,1004.4887084960938,1004.4887084960938,0,0.0,0.0
2000-02-16 00:00:00+09:00,940.372308640253,940.372308640253,897.6281127929688,897.6281127929688,2800,0.0,0.0
2000-02-17 00:00:00+09:00,901.9025964910334,940.3723754882812,901.9025964910334,940.3723754882812,400,0.0,0.0
2000-02-18 00:00:00+09:00,966.0188888618849,966.0188888618849,944.6467895507812,944.6467895507812,600,0.0,0.0
2000-02-21 00:00:00+09:00,944.6467895507812,944.6467895507812,944.6467895507812,944.6467895507812,0,0.0,0.0
2000-02-22 00:00:00+09:00,944.6467895507812,944.6467895507812,944.6467895507812,944.6467895507812,0,0.0,0.0
2000-02-23 00:00:00+09:00,1111.3490527343752,1111.3490527343752,1068.6048583984375,1068.6048583984375,800,0.0,0.0
2000-02-24 00:00:00+09:00,1068.6048583984375,1068.6048583984375,1068.6048583984375,1068.6048583984375,0,0.0,0.0
2000-02-25 00:00:00+09:00,1068.6048583984375,1068.6048583984375,1068.6048583984375,1068.6048583984375,0,0.0,0.0
2000-02-28 00:00:00+09:00,1089.97705078125,1089.97705078125,1089.97705078125,1089.97705078125,200,0.0,0.0
2000-02-29 00:00:00+09:00,1089.97705078125,1089.97705078125,1089.97705078125,1089.97705078125,200,0.0,0.0
2000-03-01 00:00:00+09:00,1089.97705078125,1089.97705078125,1089.97705078125,1089.97705078125,400,0.0,0.0
2000-03-02 00:00:00+09:00,1111.34912109375,1111.34912109375,1111.34912109375,1111.34912109375,200,0.0,0.0
2000-03-03 00:00:00+09:00,1111.34912109375,1111.34912109375,1111.34912109375,1111.34912109375,1000,0.0,0.0
2000-03-06 00:00:00+09:00,1111.3491498161764,1111.3491498161764,1089.97705078125,1089.97705078125,600,0.0,0.0
2000-03-07 00:00:00+09:00,1089.97705078125,1089.97705078125,1089.97705078125,1089.97705078125,2200,0.0,0.0
2000-03-08 00:00:00+09:00,1072.87939453125,1072.87939453125,1072.87939453125,1072.87939453125,400,0.0,0.0
2000-03-09 00:00:00+09:00,1068.6048583984375,1068.6048583984375,1068.6048583984375,1068.6048583984375,1600,0.0,0.0
2000-03-10 00:00:00+09:00,1068.6048583984375,1068.6048583984375,1068.6048583984375,1068.6048583984375,0,0.0,0.0
2000-03-13 00:00:00+09:00,1068.6048583984375,1068.6048583984375,1068.6048583984375,1068.6048583984375,0,0.0,0.0
2000-03-14 00:00:00+09:00,1068.6048583984375,1068.6048583984375,1068.6048583984375,1068.6048583984375,2000,0.0,0.0
2000-03-15 00:00:00+09:00,1068.6048583984375,1068.6048583984375,1068.6048583984375,1068.6048583984375,0,0.0,0.0
2000-03-16 00:00:00+09:00,1068.6048583984375,1068.6048583984375,1068.6048583984375,1068.6048583984375,200,0.0,0.0
2000-03-17 00:00:00+09:00,1068.6048583984375,1068.6048583984375,1068.6048583984375,1068.6048583984375,1400,0.0,0.0
2000-03-20 00:00:00+09:00,1068.6048583984375,1068.6048583984375,1068.6048583984375,1068.6048583984375,0,0.0,0.0
2000-03-21 00:00:00+09:00,1068.6050103635205,1068.6050103635205,1047.23291015625,1047.23291015625,1400,0.0,0.0
2000-03-22 00:00:00+09:00,1051.50732421875,1051.50732421875,1051.50732421875,1051.50732421875,200,0.0,0.0
2000-03-23 00:00:00+09:00,1051.50732421875,1051.50732421875,1051.50732421875,1051.50732421875,0,0.0,0.0
2000-03-24 00:00:00+09:00,1051.50732421875,1051.50732421875,1051.50732421875,1051.50732421875,0,0.0,0.0
2000-03-27 00:00:00+09:00,1094.25146484375,1094.25146484375,1094.25146484375,1094.25146484375,400,0.0,0.0
2000-03-28 00:00:00+09:00,1051.50732421875,1051.50732421875,1051.50732421875,1051.50732421875,800,0.0,0.0
2000-03-29 00:00:00+09:00,1051.50732421875,1051.50732421875,1051.50732421875,1051.50732421875,0,0.0,0.0
2000-03-30 00:00:00+09:00,1111.34912109375,1111.34912109375,1111.34912109375,1111.34912109375,400,0.0,0.0
2000-03-31 00:00:00+09:00,1111.34912109375,1111.34912109375,1111.34912109375,1111.34912109375,400,0.0,0.0
2000-04-03 00:00:00+09:00,1111.34912109375,1111.34912109375,1111.34912109375,1111.34912109375,0,0.0,0.0
2000-04-04 00:00:00+09:00,1111.34912109375,1111.34912109375,1111.34912109375,1111.34912109375,0,0.0,0.0
2000-04-05 00:00:00+09:00,940.3723696885605,944.6467895507812,940.3723696885605,944.6467895507812,800,0.0,0.0
2000-04-06 00:00:00+09:00,953.195556640625,953.195556640625,953.195556640625,953.195556640625,400,0.0,0.0
2000-04-07 00:00:00+09:00,940.3723754882812,940.3723754882812,940.3723754882812,940.3723754882812,200,0.0,0.0
2000-04-10 00:00:00+09:00,940.3723754882812,940.3723754882812,940.3723754882812,940.3723754882812,0,0.0,0.0
2000-04-11 00:00:00+09:00,940.3723754882812,940.3723754882812,940.3723754882812,940.3723754882812,0,0.0,0.0
2000-04-12 00:00:00+09:00,1000.2142333984375,1000.2142333984375,1000.2142333984375,1000.2142333984375,200,0.0,0.0
2000-04-13 00:00:00+09:00,1000.2142333984375,1000.2142333984375,1000.2142333984375,1000.2142333984375,0,0.0,0.0
2000-04-14 00:00:00+09:00,1000.2142333984375,1000.2142333984375,1000.2142333984375,1000.2142333984375,0,0.0,0.0
2000-04-17 00:00:00+09:00,1000.2142333984375,1000.2142333984375,1000.2142333984375,1000.2142333984375,0,0.0,0.0
2000-04-18 00:00:00+09:00,983.1165683107678,983.1165683107678,944.6467895507812,944.6467895507812,400,0.0,0.0
2000-04-19 00:00:00+09:00,940.3723754882812,940.3723754882812,940.3723754882812,940.3723754882812,200,0.0,0.0
2000-04-20 00:00:00+09:00,940.3723754882812,940.3723754882812,940.3723754882812,940.3723754882812,600,0.0,0.0
2000-04-21 00:00:00+09:00,940.3723754882812,940.3723754882812,940.3723754882812,940.3723754882812,0,0.0,0.0
2000-04-24 00:00:00+09:00,940.3723754882812,940.3723754882812,940.3723754882812,940.3723754882812,1000,0.0,0.0
2000-04-25 00:00:00+09:00,940.3723754882812,940.3723754882812,940.3723754882812,940.3723754882812,200,0.0,0.0
2000-04-26 00:00:00+09:00,940.3723028824793,944.646722441036,901.9025268554688,901.9025268554688,1600,0.0,0.0
2000-04-27 00:00:00+09:00,897.6281127929688,901.9025323776972,897.6281127929688,897.6281127929688,800,0.0,0.0
2000-04-28 00:00:00+09:00,859.158363602801,897.6281410775534,859.158363602801,876.2560424804688,1000,0.0,0.0
2000-05-01 00:00:00+09:00,876.2560424804688,876.2560424804688,876.2560424804688,876.2560424804688,0,0.0,0.0
2000-05-02 00:00:00+09:00,876.2560424804688,876.2560424804688,876.2560424804688,876.2560424804688,0,0.0,0.0
2000-05-03 00:00:00+09:00,876.2560424804688,876.2560424804688,876.2560424804688,876.2560424804688,0,0.0,0.0
2000-05-04 00:00:00+09:00,876.2560424804688,876.2560424804688,876.2560424804688,876.2560424804688,0,0.0,0.0
2000-05-05 00:00:00+09:00,876.2560424804688,876.2560424804688,876.2560424804688,876.2560424804688,0,0.0,0.0
2000-05-08 00:00:00+09:00,876.2560424804688,876.2560424804688,876.2560424804688,876.2560424804688,0,0.0,0.0
2000-05-09 00:00:00+09:00,876.2560424804688,876.2560424804688,876.2560424804688,876.2560424804688,0,0.0,0.0
2000-05-10 00:00:00+09:00,991.6654663085938,991.6654663085938,991.6654663085938,991.6654663085938,400,0.0,0.0
2000-05-11 00:00:00+09:00,991.6654663085938,991.6654663085938,991.6654663085938,991.6654663085938,0,0.0,0.0
2000-05-12 00:00:00+09:00,983.1165771484375,983.1165771484375,983.1165771484375,983.1165771484375,200,0.0,0.0
2000-05-15 00:00:00+09:00,940.3723754882812,940.3723754882812,940.3723754882812,940.3723754882812,400,0.0,0.0
2000-05-16 00:00:00+09:00,940.3723754882812,940.3723754882812,940.3723754882812,940.3723754882812,1000,0.0,0.0
2000-05-17 00:00:00+09:00,940.3723754882812,940.3723754882812,940.3723754882812,940.3723754882812,0,0.0,0.0
2000-05-18 00:00:00+09:00,940.3723754882812,940.3723754882812,940.3723754882812,940.3723754882812,800,0.0,0.0
2000-05-19 00:00:00+09:00,940.3723754882812,940.3723754882812,940.3723754882812,940.3723754882812,0,0.0,0.0
2000-05-22 00:00:00+09:00,940.3723754882812,940.3723754882812,940.3723754882812,940.3723754882812,0,0.0,0.0
2000-05-23 00:00:00+09:00,940.3723754882812,940.3723754882812,940.3723754882812,940.3723754882812,0,0.0,0.0
2000-05-24 00:00:00+09:00,940.3723754882812,940.3723754882812,940.3723754882812,940.3723754882812,0,0.0,0.0
2000-05-25 00:00:00+09:00,919.0002050896957,919.0002050896957,901.9025268554688,901.9025268554688,2200,0.0,0.0
2000-05-26 00:00:00+09:00,901.9025268554688,901.9025268554688,901.9025268554688,901.9025268554688,1000,0.0,0.0
2000-05-29 00:00:00+09:00,901.9025268554688,901.9025268554688,901.9025268554688,901.9025268554688,400,0.0,0.0
2000-05-30 00:00:00+09:00,901.9025268554688,901.9025268554688,901.9025268554688,901.9025268554688,0,0.0,0.0
2000-05-31 00:00:00+09:00,897.6281127929688,897.6281127929688,897.6281127929688,897.6281127929688,200,0.0,0.0
2000-06-01 00:00:00+09:00,901.9025268554688,901.9025268554688,901.9025268554688,901.9025268554688,1000,0.0,0.0
2000-06-02 00:00:00+09:00,923.2746246482524,923.2746246482524,897.628107296912,901.9025268554688,1200,0.0,0.0
2000-06-05 00:00:00+09:00,901.9025268554688,901.9025268554688,901.9025268554688,901.9025268554688,400,0.0,0.0
2000-06-06 00:00:00+09:00,901.9025268554688,901.9025268554688,901.9025268554688,901.9025268554688,0,0.0,0.0
2000-06-07 00:00:00+09:00,901.9025268554688,901.9025268554688,901.9025268554688,901.9025268554688,600,0.0,0.0
2000-06-08 00:00:00+09:00,901.9025268554688,901.9025268554688,901.9025268554688,901.9025268554688,0,0.0,0.0
2000-06-09 00:00:00+09:00,901.9025268554688,901.9025268554688,901.9025268554688,901.9025268554688,0,0.0,0.0
2000-06-12 00:00:00+09:00,901.9025268554688,901.9025268554688,901.9025268554688,901.9025268554688,400,0.0,0.0
2000-06-13 00:00:00+09:00,906.1769464140255,906.1769464140255,901.9025268554688,901.9025268554688,600,0.0,0.0
2000-06-14 00:00:00+09:00,983.1165771484375,983.1165771484375,983.1165771484375,983.1165771484375,200,0.0,0.0
2000-06-15 00:00:00+09:00,983.1165771484375,983.1165771484375,983.1165771484375,983.1165771484375,0,0.0,0.0
2000-06-16 00:00:00+09:00,983.1165771484375,983.1165771484375,983.1165771484375,983.1165771484375,0,0.0,0.0
2000-06-19 00:00:00+09:00,940.3723754882812,940.3723754882812,940.3723754882812,940.3723754882812,600,0.0,0.0
2000-06-20 00:00:00+09:00,940.3723754882812,995.9398340398615,940.3723754882812,940.3723754882812,3600,0.0,0.0
2000-06-21 00:00:00+09:00,940.3723754882812,948.9212152654474,940.3723754882812,940.3723754882812,2200,0.0,0.0
2000-06-22 00:00:00+09:00,940.3723754882812,940.3723754882812,940.3723754882812,940.3723754882812,0,0.0,0.0
2000-06-23 00:00:00+09:00,940.3723754882812,940.3723754882812,940.3723754882812,940.3723754882812,0,0.0,0.0
2000-06-26 00:00:00+09:00,983.1165771484375,983.1165771484375,983.1165771484375,983.1165771484375,200,0.0,0.0
2000-06-27 00:00:00+09:00,991.6654663085938,991.6654663085938,987.3910461951947,991.6654663085938,1000,0.0,0.0
2000-06-28 00:00:00+09:00,1013.0374532992414,1030.1351318359375,1013.0374532992414,1030.1351318359375,1000,0.0,0.0
2000-06-29 00:00:00+09:00,1034.409506405101,1034.409506405101,1017.3118286132811,1017.3118286132812,1800,0.0,0.0
2000-06-30 00:00:00+09:00,1017.3118840301386,1021.5863037109375,1017.3118840301386,1021.5863037109375,600,0.0,0.0
2000-07-03 00:00:00+09:00,1025.8607177734375,1025.8607177734375,1025.8607177734375,1025.8607177734375,200,0.0,0.0
2000-07-04 00:00:00+09:00,1034.4095570882162,1034.4095570882162,1025.8607177734375,1025.8607177734375,1200,0.0,0.0
2000-07-05 00:00:00+09:00,1047.2328309755067,1107.07470703125,1034.4095718207045,1107.07470703125,2800,0.0,0.0
2000-07-06 00:00:00+09:00,1111.3492107780612,1111.3492107780612,1047.23291015625,1047.23291015625,1600,0.0,0.0
2000-07-07 00:00:00+09:00,1051.50732421875,1051.50732421875,1051.50732421875,1051.50732421875,400,0.0,0.0
2000-07-10 00:00:00+09:00,1055.7816000976563,1068.6048583984375,1055.7816000976563,1068.6048583984375,600,0.0,0.0
2000-07-11 00:00:00+09:00,1081.428244809751,1175.46548348886,1081.428244809751,1154.0933837890625,4800,0.0,0.0
2000-07-12 00:00:00+09:00,1175.4653984203674,1256.6793714021383,1175.4653984203674,1218.2095947265625,6600,0.0,0.0
2000-07-13 00:00:00+09:00,1239.58169287966,1260.9537910327576,1218.2095947265625,1218.2095947265625,5600,0.0,0.0
2000-07-14 00:00:00+09:00,1175.4654541015625,1175.4654541015625,1175.4654541015625,1175.4654541015625,600,0.0,0.0
2000-07-17 00:00:00+09:00,1111.3491324491279,1132.7212311500725,1102.80029296875,1102.80029296875,600,0.0,0.0
2000-07-18 00:00:00+09:00,1098.5258111992346,1098.5258111992346,1055.7816162109375,1055.7816162109375,1600,0.0,0.0
2000-07-19 00:00:00+09:00,1098.5258111992346,1098.5258111992346,1055.7816162109375,1055.7816162109375,1600,0.0,0.0
2000-07-20 00:00:00+09:00,1055.7816162109375,1055.7816162109375,1055.7816162109375,1055.7816162109375,0,0.0,0.0
2000-07-21 00:00:00+09:00,1025.8607177734375,1025.8607177734375,1025.8607177734375,1025.8607177734375,600,0.0,0.0
2000-07-24 00:00:00+09:00,1025.8607177734375,1025.8607177734375,1025.8607177734375,1025.8607177734375,200,0.0,0.0
2000-07-25 00:00:00+09:00,1025.8607177734375,1025.8607177734375,1025.8607177734375,1025.8607177734375,200,0.0,0.0
2000-07-26 00:00:00+09:00,1025.8608086768618,1025.8608086768618,1004.4887084960938,1004.4887084960938,1200,0.0,0.0
2000-07-27 00:00:00+09:00,1017.3118784586588,1025.8607177734375,1017.3118784586588,1025.8607177734375,400,0.0,0.0
2000-07-28 00:00:00+09:00,1025.8607177734375,1025.8607177734375,1025.8607177734375,1025.8607177734375,400,0.0,0.0
2000-07-31 00:00:00+09:00,1021.5863886407082,1025.8608086768618,1004.4887084960938,1004.4887084960938,1800,0.0,0.0
2000-08-01 00:00:00+09:00,1008.7630558577267,1025.8607347705695,1008.7630558577267,1013.0374755859375,800,0.0,0.0
2000-08-02 00:00:00+09:00,1013.0374812756555,1025.8607405323094,1008.7630615234375,1008.7630615234375,1800,0.0,0.0
2000-08-03 00:00:00+09:00,1004.4887084960938,1004.4887084960938,1004.4887084960938,1004.4887084960938,200,0.0,0.0
2000-08-04 00:00:00+09:00,1008.7630615234375,1008.7630615234375,1008.7630615234375,1008.7630615234375,600,0.0,0.0
2000-08-07 00:00:00+09:00,1004.4887084960938,1004.4887084960938,1004.4887084960938,1004.4887084960938,200,0.0,0.0
2000-08-08 00:00:00+09:00,1004.4887084960938,1004.4887084960938,1004.4887084960938,1004.4887084960938,200,0.0,0.0
2000-08-09 00:00:00+09:00,1004.4885702694163,1017.3118286132811,1004.4885702694163,1017.3118286132812,400,0.0,0.0
2000-08-10 00:00:00+09:00,974.5677202085569,995.9398193359375,974.5677202085569,995.9398193359375,600,0.0,0.0
2000-08-11 00:00:00+09:00,957.4700317382812,957.4700317382812,957.4700317382812,957.4700317382812,200,0.0,0.0
2000-08-14 00:00:00+09:00,940.3723470052083,961.7444458007812,940.3723470052083,961.7444458007812,600,0.0,0.0
2000-08-15 00:00:00+09:00,961.7444458007812,961.7444458007812,961.7444458007812,961.7444458007812,200,0.0,0.0
2000-08-16 00:00:00+09:00,970.2933349609375,970.2933349609375,970.2933349609375,970.2933349609375,200,0.0,0.0
2000-08-17 00:00:00+09:00,961.7444458007812,961.7444458007812,961.7444458007812,961.7444458007812,200,0.0,0.0
2000-08-18 00:00:00+09:00,961.7444458007812,961.7444458007812,961.7444458007812,961.7444458007812,200,0.0,0.0
2000-08-21 00:00:00+09:00,966.0189208984375,966.0189208984375,966.0189208984375,966.0189208984375,200,0.0,0.0
2000-08-22 00:00:00+09:00,966.0188975458559,983.1165771484375,966.0188975458559,983.1165771484375,400,0.0,0.0
2000-08-23 00:00:00+09:00,966.0189208984375,966.0189208984375,966.0189208984375,966.0189208984375,600,0.0,0.0
2000-08-24 00:00:00+09:00,970.2933349609375,970.2933349609375,970.2933349609375,970.2933349609375,400,0.0,0.0
2000-08-25 00:00:00+09:00,966.0189208984375,966.0189208984375,966.0189208984375,966.0189208984375,200,0.0,0.0
2000-08-28 00:00:00+09:00,970.2933349609375,970.2933349609375,966.018914983136,970.2933349609375,1000,0.0,0.0
2000-08-29 00:00:00+09:00,940.3723754882812,940.3723754882812,940.3723754882812,940.3723754882812,400,0.0,0.0
2000-08-30 00:00:00+09:00,940.3723754882812,940.3723754882812,940.3723754882812,940.3723754882812,400,0.0,0.0
2000-08-31 00:00:00+09:00,944.6467895507812,944.6467895507812,944.6467895507812,944.6467895507812,200,0.0,0.0
2000-09-01 00:00:00+09:00,944.6467895507812,944.6467895507812,944.6467895507812,944.6467895507812,200,0.0,0.0
2000-09-04 00:00:00+09:00,948.921142578125,948.921142578125,948.921142578125,948.921142578125,400,0.0,0.0
2000-09-05 00:00:00+09:00,940.3723034557995,948.921142578125,940.3723034557995,948.921142578125,1000,0.0,0.0
2000-09-06 00:00:00+09:00,948.921142578125,948.921142578125,948.921142578125,948.921142578125,200,0.0,0.0
2000-09-07 00:00:00+09:00,948.921142578125,948.921142578125,948.921142578125,948.921142578125,200,0.0,0.0
2000-09-08 00:00:00+09:00,948.921142578125,948.921142578125,948.921142578125,948.921142578125,400,0.0,0.0
2000-09-11 00:00:00+09:00,940.3723754882812,940.3723754882812,940.3723754882812,940.3723754882812,400,0.0,0.0
2000-09-12 00:00:00+09:00,940.3723754882812,940.3723754882812,940.3723754882812,940.3723754882812,200,0.0,0.0
2000-09-13 00:00:00+09:00,940.3723754882812,940.3723754882812,940.3723754882812,940.3723754882812,200,0.0,0.0
2000-09-14 00:00:00+09:00,919.000244140625,919.000244140625,919.000244140625,919.000244140625,200,0.0,0.0
2000-09-15 00:00:00+09:00,919.000244140625,919.000244140625,919.000244140625,919.000244140625,0,0.0,0.0
2000-09-18 00:00:00+09:00,919.000244140625,919.000244140625,919.000244140625,919.000244140625,1200,0.0,0.0
2000-09-19 00:00:00+09:00,919.000244140625,919.000244140625,919.000244140625,919.000244140625,400,0.0,0.0
2000-09-20 00:00:00+09:00,919.000244140625,919.000244140625,919.000244140625,919.000244140625,200,0.0,0.0
2000-09-21 00:00:00+09:00,919.000244140625,919.000244140625,919.000244140625,919.000244140625,400,0.0,0.0
2000-09-22 00:00:00+09:00,919.000244140625,919.000244140625,919.000244140625,919.000244140625,400,0.0,0.0
2000-09-25 00:00:00+09:00,919.000244140625,919.000244140625,919.000244140625,919.000244140625,0,0.0,0.0
2000-09-26 00:00:00+09:00,995.9398193359375,995.9398193359375,995.9398193359375,995.9398193359375,600,0.0,0.0
2000-09-27 00:00:00+09:00,995.9398193359375,995.9398193359375,995.9398193359375,995.9398193359375,0,0.0,0.0
2000-09-28 00:00:00+09:00,995.9398193359375,995.9398193359375,995.9398193359375,995.9398193359375,0,0.0,0.0
2000-09-29 00:00:00+09:00,983.1165771484375,983.1165771484375,983.1165771484375,983.1165771484375,200,0.0,0.0
2000-10-02 00:00:00+09:00,983.1165771484375,983.1165771484375,983.1165771484375,983.1165771484375,1200,0.0,0.0
2000-10-03 00:00:00+09:00,983.1165771484375,983.1165771484375,983.1165771484375,983.1165771484375,0,0.0,0.0
2000-10-04 00:00:00+09:00,1017.3118286132811,1017.3118286132811,1017.3118286132811,1017.3118286132812,200,0.0,0.0
2000-10-05 00:00:00+09:00,1017.3118286132811,1017.3118286132811,1017.3118286132811,1017.3118286132812,0,0.0,0.0
2000-10-06 00:00:00+09:00,919.000244140625,919.000244140625,919.000244140625,919.000244140625,600,0.0,0.0
2000-10-09 00:00:00+09:00,919.000244140625,919.000244140625,919.000244140625,919.000244140625,0,0.0,0.0
2000-10-10 00:00:00+09:00,940.3723754882812,940.3723754882812,940.3723754882812,940.3723754882812,200,0.0,0.0
2000-10-11 00:00:00+09:00,940.3723754882812,940.3723754882812,940.3723754882812,940.3723754882812,600,0.0,0.0
2000-10-12 00:00:00+09:00,940.3723754882812,944.6467953768644,940.3723754882812,940.3723754882812,600,0.0,0.0
2000-10-13 00:00:00+09:00,940.3723754882812,940.3723754882812,940.3723754882812,940.3723754882812,0,0.0,0.0
2000-10-16 00:00:00+09:00,940.3723754882812,940.3723754882812,940.3723754882812,940.3723754882812,0,0.0,0.0
2000-10-17 00:00:00+09:00,966.0189208984375,966.0189208984375,966.0189208984375,966.0189208984375,400,0.0,0.0
2000-10-18 00:00:00+09:00,966.0189208984375,966.0189208984375,966.0189208984375,966.0189208984375,0,0.0,0.0
2000-10-19 00:00:00+09:00,966.0189208984375,966.0189208984375,966.0189208984375,966.0189208984375,0,0.0,0.0
2000-10-20 00:00:00+09:00,966.0189208984375,966.0189208984375,966.0189208984375,966.0189208984375,0,0.0,0.0
2000-10-23 00:00:00+09:00,966.0189208984375,966.0189208984375,966.0189208984375,966.0189208984375,0,0.0,0.0
2000-10-24 00:00:00+09:00,897.6281127929688,897.6281127929688,897.6281127929688,897.6281127929688,200,0.0,0.0
2000-10-25 00:00:00+09:00,897.6281127929688,897.6281127929688,897.6281127929688,897.6281127929688,0,0.0,0.0
2000-10-26 00:00:00+09:00,897.6281127929688,897.6281127929688,897.6281127929688,897.6281127929688,0,0.0,0.0
2000-10-27 00:00:00+09:00,897.6281127929688,897.6281127929688,897.6281127929688,897.6281127929688,0,0.0,0.0
2000-10-30 00:00:00+09:00,948.921142578125,948.921142578125,948.921142578125,948.921142578125,800,0.0,0.0
2000-10-31 00:00:00+09:00,948.9211900833205,948.9211900833205,867.7072143554688,867.7072143554688,1400,0.0,0.0
2000-11-01 00:00:00+09:00,867.7071983924279,867.7071983924279,833.5118408203125,833.5118408203125,1800,0.0,0.0
2000-11-02 00:00:00+09:00,854.8839111328125,854.8839111328125,854.8839111328125,854.8839111328125,600,0.0,0.0
2000-11-03 00:00:00+09:00,854.8839111328125,854.8839111328125,854.8839111328125,854.8839111328125,0,0.0,0.0
2000-11-06 00:00:00+09:00,859.1583804895382,863.4328002929688,859.1583804895382,863.4328002929688,400,0.0,0.0
2000-11-07 00:00:00+09:00,871.9816457264459,871.9816457264459,859.1583862304688,859.1583862304688,800,0.0,0.0
2000-11-08 00:00:00+09:00,859.1583862304688,859.1583862304688,859.1583862304688,859.1583862304688,0,0.0,0.0
2000-11-09 00:00:00+09:00,859.1583862304688,859.1583862304688,859.1583862304688,859.1583862304688,0,0.0,0.0
2000-11-10 00:00:00+09:00,948.921142578125,948.921142578125,948.921142578125,948.921142578125,200,0.0,0.0
2000-11-13 00:00:00+09:00,948.921142578125,948.921142578125,948.921142578125,948.921142578125,0,0.0,0.0
2000-11-14 00:00:00+09:00,948.921142578125,948.921142578125,948.921142578125,948.921142578125,0,0.0,0.0
2000-11-15 00:00:00+09:00,948.921142578125,948.921142578125,948.921142578125,948.921142578125,0,0.0,0.0
2000-11-16 00:00:00+09:00,948.921142578125,948.921142578125,948.921142578125,948.921142578125,0,0.0,0.0
2000-11-17 00:00:00+09:00,948.921142578125,948.921142578125,948.921142578125,948.921142578125,0,0.0,0.0
2000-11-20 00:00:00+09:00,948.921142578125,948.921142578125,948.921142578125,948.921142578125,0,0.0,0.0
2000-11-21 00:00:00+09:00,897.6281127929688,897.6281127929688,897.6281127929688,897.6281127929688,200,0.0,0.0
2000-11-22 00:00:00+09:00,897.6281127929688,897.6281127929688,897.6281127929688,897.6281127929688,200,0.0,0.0
2000-11-23 00:00:00+09:00,897.6281127929688,897.6281127929688,897.6281127929688,897.6281127929688,0,0.0,0.0
2000-11-24 00:00:00+09:00,897.6281127929688,897.6281127929688,897.6281127929688,897.6281127929688,0,0.0,0.0
2000-11-27 00:00:00+09:00,906.177001953125,906.177001953125,906.177001953125,906.177001953125,400,0.0,0.0
2000-11-28 00:00:00+09:00,906.177001953125,906.177001953125,897.6281623120578,906.177001953125,1000,0.0,0.0
2000-11-29 00:00:00+09:00,906.177001953125,906.177001953125,906.177001953125,906.177001953125,0,0.0,0.0
2000-11-30 00:00:00+09:00,919.0002760453657,940.3723754882812,919.0002760453657,940.3723754882812,600,0.0,0.0
2000-12-01 00:00:00+09:00,940.3723754882812,940.3723754882812,940.3723754882812,940.3723754882812,400,0.0,0.0
2000-12-04 00:00:00+09:00,940.3723754882812,940.3723754882812,940.3723754882812,940.3723754882812,600,0.0,0.0
2000-12-05 00:00:00+09:00,1004.4886589868897,1004.4886589868897,991.6653995104614,995.9398193359375,800,0.0,0.0
2000-12-06 00:00:00+09:00,995.9398193359375,995.9398193359375,995.9398193359375,995.9398193359375,600,0.0,0.0
2000-12-07 00:00:00+09:00,995.9398193359375,995.9398193359375,995.9398193359375,995.9398193359375,0,0.0,0.0
2000-12-08 00:00:00+09:00,987.3909912109375,987.3909912109375,987.3909912109375,987.3909912109375,400,0.0,0.0
2000-12-11 00:00:00+09:00,987.3909912109375,987.3909912109375,987.3909912109375,987.3909912109375,400,0.0,0.0
2000-12-12 00:00:00+09:00,987.3909912109375,987.3909912109375,987.3909912109375,987.3909912109375,0,0.0,0.0
2000-12-13 00:00:00+09:00,1025.8607177734375,1025.8607177734375,1025.8607177734375,1025.8607177734375,1200,0.0,0.0
2000-12-14 00:00:00+09:00,1025.8607177734375,1025.8607177734375,1025.8607177734375,1025.8607177734375,400,0.0,0.0
2000-12-15 00:00:00+09:00,1008.7630615234375,1008.7630615234375,1008.7630615234375,1008.7630615234375,600,0.0,0.0
2000-12-18 00:00:00+09:00,1008.7630615234375,1008.7630615234375,1008.7630615234375,1008.7630615234375,0,0.0,0.0
2000-12-19 00:00:00+09:00,1008.7630615234375,1008.7630615234375,1008.7630615234375,1008.7630615234375,0,0.0,0.0
2000-12-20 00:00:00+09:00,970.2933349609375,970.2933349609375,970.2933349609375,970.2933349609375,400,0.0,0.0
2000-12-21 00:00:00+09:00,970.2933349609375,970.2933349609375,970.2933349609375,970.2933349609375,0,0.0,0.0
2000-12-22 00:00:00+09:00,970.2933349609375,970.2933349609375,970.2933349609375,970.2933349609375,0,0.0,0.0
2000-12-25 00:00:00+09:00,970.2933349609375,970.2933349609375,970.2933349609375,970.2933349609375,0,0.0,0.0
2000-12-26 00:00:00+09:00,966.0189208984375,966.0189208984375,966.0189208984375,966.0189208984375,200,0.0,0.0
2000-12-27 00:00:00+09:00,966.0189208984375,966.0189208984375,966.0189208984375,966.0189208984375,400,0.0,0.0
2000-12-28 00:00:00+09:00,966.0189208984375,966.0189208984375,966.0189208984375,966.0189208984375,0,0.0,0.0
2000-12-29 00:00:00+09:00,944.6467895507812,944.6467895507812,944.6467895507812,944.6467895507812,200,0.0,0.0
2001-01-01 00:00:00+09:00,944.6467895507812,944.6467895507812,944.6467895507812,944.6467895507812,0,0.0,0.0
2001-01-02 00:00:00+09:00,944.6467895507812,944.6467895507812,944.6467895507812,944.6467895507812,0,0.0,0.0
2001-01-03 00:00:00+09:00,944.6467895507812,944.6467895507812,944.6467895507812,944.6467895507812,0,0.0,0.0
2001-01-04 00:00:00+09:00,944.6467895507812,944.6467895507812,944.6467895507812,944.6467895507812,400,0.0,0.0
2001-01-05 00:00:00+09:00,944.6467895507812,944.6467895507812,944.6467895507812,944.6467895507812,0,0.0,0.0
2001-01-08 00:00:00+09:00,944.6467895507812,944.6467895507812,944.6467895507812,944.6467895507812,0,0.0,0.0
2001-01-09 00:00:00+09:00,957.4700317382812,957.4700317382812,957.4700317382812,957.4700317382812,200,0.0,0.0
2001-01-10 00:00:00+09:00,957.4700317382812,957.4700317382812,957.4700317382812,957.4700317382812,0,0.0,0.0
2001-01-11 00:00:00+09:00,991.6654663085938,991.6654663085938,991.6654663085938,991.6654663085938,400,0.0,0.0
2001-01-12 00:00:00+09:00,991.6654663085938,991.6654663085938,991.6654663085938,991.6654663085938,0,0.0,0.0
2001-01-15 00:00:00+09:00,991.6654663085938,991.6654663085938,991.6654663085938,991.6654663085938,0,0.0,0.0
2001-01-16 00:00:00+09:00,991.6654663085938,991.6654663085938,991.6654663085938,991.6654663085938,0,0.0,0.0
2001-01-17 00:00:00+09:00,991.6654663085938,991.6654663085938,991.6654663085938,991.6654663085938,0,0.0,0.0
2001-01-18 00:00:00+09:00,991.6654663085938,991.6654663085938,991.6654663085938,991.6654663085938,0,0.0,0.0
2001-01-19 00:00:00+09:00,991.6654663085938,991.6654663085938,991.6654663085938,991.6654663085938,0,0.0,0.0
2001-01-22 00:00:00+09:00,991.6654663085938,991.6654663085938,991.6654663085938,991.6654663085938,0,0.0,0.0
2001-01-23 00:00:00+09:00,897.6281127929688,897.6281127929688,897.6281127929688,897.6281127929688,600,0.0,0.0
2001-01-24 00:00:00+09:00,897.6281127929688,897.6281127929688,897.6281127929688,897.6281127929688,0,0.0,0.0
2001-01-25 00:00:00+09:00,897.6281127929688,897.6281127929688,897.6281127929688,897.6281127929688,0,0.0,0.0
2001-01-26 00:00:00+09:00,897.6281127929688,897.6281127929688,897.6281127929688,897.6281127929688,0,0.0,0.0
2001-01-29 00:00:00+09:00,944.6467895507812,944.6467895507812,944.6467895507812,944.6467895507812,400,0.0,0.0
2001-01-30 00:00:00+09:00,966.0189208984375,966.0189208984375,966.0189208984375,966.0189208984375,200,0.0,0.0
2001-01-31 00:00:00+09:00,966.0189208984375,966.0189208984375,966.0189208984375,966.0189208984375,0,0.0,0.0
2001-02-01 00:00:00+09:00,966.0189208984375,966.0189208984375,966.0189208984375,966.0189208984375,0,0.0,0.0
2001-02-02 00:00:00+09:00,983.1165217103917,983.1165217103917,978.8421020507812,978.8421020507812,600,0.0,0.0
2001-02-05 00:00:00+09:00,978.8421020507812,978.8421020507812,978.8421020507812,978.8421020507812,400,0.0,0.0
2001-02-06 00:00:00+09:00,978.8421020507812,978.8421020507812,978.8421020507812,978.8421020507812,0,0.0,0.0
2001-02-07 00:00:00+09:00,983.1165771484375,983.1165771484375,983.1165771484375,983.1165771484375,600,0.0,0.0
2001-02-08 00:00:00+09:00,983.1165771484375,983.1165771484375,983.1165771484375,983.1165771484375,0,0.0,0.0
2001-02-09 00:00:00+09:00,983.1165771484375,983.1165771484375,983.1165771484375,983.1165771484375,0,0.0,0.0
2001-02-12 00:00:00+09:00,983.1165771484375,983.1165771484375,983.1165771484375,983.1165771484375,0,0.0,0.0
2001-02-13 00:00:00+09:00,983.1165771484375,983.1165771484375,983.1165771484375,983.1165771484375,0,0.0,0.0
2001-02-14 00:00:00+09:00,983.1165771484375,983.1165771484375,983.1165771484375,983.1165771484375,0,0.0,0.0
2001-02-15 00:00:00+09:00,983.1165771484375,983.1165771484375,983.1165771484375,983.1165771484375,0,0.0,0.0
2001-02-16 00:00:00+09:00,983.1165771484375,983.1165771484375,983.1165771484375,983.1165771484375,0,0.0,0.0
2001-02-19 00:00:00+09:00,983.1165771484375,983.1165771484375,983.1165771484375,983.1165771484375,0,0.0,0.0
2001-02-20 00:00:00+09:00,983.1165771484375,983.1165771484375,983.1165771484375,983.1165771484375,0,0.0,0.0
2001-02-21 00:00:00+09:00,983.1165771484375,983.1165771484375,983.1165771484375,983.1165771484375,0,0.0,0.0
2001-02-22 00:00:00+09:00,983.1165771484375,983.1165771484375,983.1165771484375,983.1165771484375,0,0.0,0.0
2001-02-23 00:00:00+09:00,983.1165771484375,983.1165771484375,983.1165771484375,983.1165771484375,0,0.0,0.0
2001-02-26 00:00:00+09:00,940.372324625651,1025.8607177734375,940.372324625651,1025.8607177734375,1400,0.0,0.0
2001-02-27 00:00:00+09:00,1025.8607177734375,1025.8607177734375,1025.8607177734375,1025.8607177734375,0,0.0,0.0
2001-02-28 00:00:00+09:00,1025.8607177734375,1025.8607177734375,1025.8607177734375,1025.8607177734375,0,0.0,0.0
2001-03-01 00:00:00+09:00,1042.9583740234375,1042.9583740234375,1042.9583740234375,1042.9583740234375,400,0.0,0.0
2001-03-02 00:00:00+09:00,1042.9583740234375,1042.9583740234375,1042.9583740234375,1042.9583740234375,0,0.0,0.0
2001-03-05 00:00:00+09:00,1042.9583740234375,1042.9583740234375,1042.9583740234375,1042.9583740234375,0,0.0,0.0
2001-03-06 00:00:00+09:00,1042.9583740234375,1042.9583740234375,1042.9583740234375,1042.9583740234375,0,0.0,0.0
2001-03-07 00:00:00+09:00,1042.9583740234375,1042.9583740234375,1042.9583740234375,1042.9583740234375,0,0.0,0.0
2001-03-08 00:00:00+09:00,1042.9583740234375,1042.9583740234375,1042.9583740234375,1042.9583740234375,0,0.0,0.0
2001-03-09 00:00:00+09:00,1042.9583740234375,1042.9583740234375,1042.9583740234375,1042.9583740234375,0,0.0,0.0
2001-03-12 00:00:00+09:00,1042.9583740234375,1042.9583740234375,1042.9583740234375,1042.9583740234375,0,0.0,0.0
2001-03-13 00:00:00+09:00,983.1165771484375,983.1165771484375,983.1165771484375,983.1165771484375,200,0.0,0.0
2001-03-14 00:00:00+09:00,983.1165771484375,983.1165771484375,983.1165771484375,983.1165771484375,0,0.0,0.0
2001-03-15 00:00:00+09:00,983.1165771484375,983.1165771484375,983.1165771484375,983.1165771484375,0,0.0,0.0
2001-03-16 00:00:00+09:00,983.1165771484375,983.1165771484375,983.1165771484375,983.1165771484375,0,0.0,0.0
2001-03-19 00:00:00+09:00,983.1165771484375,983.1165771484375,983.1165771484375,983.1165771484375,0,0.0,0.0
2001-03-20 00:00:00+09:00,983.1165771484375,983.1165771484375,983.1165771484375,983.1165771484375,0,0.0,0.0
2001-03-21 00:00:00+09:00,983.1165771484375,983.1165771484375,983.1165771484375,983.1165771484375,0,0.0,0.0
2001-03-22 00:00:00+09:00,983.1165771484375,983.1165771484375,983.1165771484375,983.1165771484375,0,0.0,0.0
2001-03-23 00:00:00+09:00,983.1165771484375,983.1165771484375,983.1165771484375,983.1165771484375,0,0.0,0.0
2001-03-26 00:00:00+09:00,1042.9583907384595,1042.9583907384595,1030.1351318359375,1030.1351318359375,600,0.0,0.0
2001-03-27 00:00:00+09:00,1004.4887084960938,1004.4887084960938,1004.4887084960938,1004.4887084960938,200,0.0,0.0
2001-03-28 00:00:00+09:00,1025.8608086768618,1025.8608086768618,1004.4887084960938,1004.4887084960938,1200,0.0,0.0
2001-03-29 00:00:00+09:00,1004.4887084960938,1004.4887084960938,1004.4887084960938,1004.4887084960938,0,0.0,0.0
2001-03-30 00:00:00+09:00,1004.4887084960938,1004.4887084960938,1004.4887084960938,1004.4887084960938,0,0.0,0.0
2001-04-02 00:00:00+09:00,1004.4887084960938,1004.4887084960938,1004.4887084960938,1004.4887084960938,0,0.0,0.0
2001-04-03 00:00:00+09:00,1004.4887084960938,1004.4887084960938,1004.4887084960938,1004.4887084960938,0,0.0,0.0
2001-04-04 00:00:00+09:00,995.9398193359375,995.9398193359375,995.9398193359375,995.9398193359375,400,0.0,0.0
2001-04-05 00:00:00+09:00,995.9398193359375,995.9398193359375,995.9398193359375,995.9398193359375,0,0.0,0.0
2001-04-06 00:00:00+09:00,897.6281127929688,897.6281127929688,897.6281127929688,897.6281127929688,800,0.0,0.0
2001-04-09 00:00:00+09:00,897.6281127929688,897.6281127929688,897.6281127929688,897.6281127929688,0,0.0,0.0
2001-04-10 00:00:00+09:00,897.6281127929688,897.6281127929688,897.6281127929688,897.6281127929688,0,0.0,0.0
2001-04-11 00:00:00+09:00,940.3723754882812,940.3723754882812,940.3723754882812,940.3723754882812,200,0.0,0.0
2001-04-12 00:00:00+09:00,940.3723754882812,940.3723754882812,940.3723754882812,940.3723754882812,0,0.0,0.0
2001-04-13 00:00:00+09:00,940.3723754882812,940.3723754882812,940.3723754882812,940.3723754882812,0,0.0,0.0
2001-04-16 00:00:00+09:00,940.3723754882812,940.3723754882812,940.3723754882812,940.3723754882812,0,0.0,0.0
2001-04-17 00:00:00+09:00,940.3723754882812,940.3723754882812,940.3723754882812,940.3723754882812,0,0.0,0.0
2001-04-18 00:00:00+09:00,974.567626953125,974.567626953125,974.567626953125,974.567626953125,200,0.0,0.0
2001-04-19 00:00:00+09:00,974.567626953125,974.567626953125,974.567626953125,974.567626953125,200,0.0,0.0
2001-04-20 00:00:00+09:00,961.7444458007812,961.7444458007812,961.7444458007812,961.7444458007812,200,0.0,0.0
2001-04-23 00:00:00+09:00,961.7444458007812,961.7444458007812,961.7444458007812,961.7444458007812,0,0.0,0.0
2001-04-24 00:00:00+09:00,961.7444458007812,961.7444458007812,961.7444458007812,961.7444458007812,0,0.0,0.0
2001-04-25 00:00:00+09:00,940.3723754882812,940.3723754882812,927.5491158225319,940.3723754882812,600,0.0,0.0
2001-04-26 00:00:00+09:00,940.3723754882812,940.3723754882812,927.5491158225319,940.3723754882812,600,0.0,0.0
2001-04-27 00:00:00+09:00,957.4700317382812,957.4700317382812,957.4700317382812,957.4700317382812,600,0.0,0.0
2001-04-30 00:00:00+09:00,957.4700317382812,957.4700317382812,957.4700317382812,957.4700317382812,0,0.0,0.0
2001-05-01 00:00:00+09:00,957.4700317382812,957.4700317382812,957.4700317382812,957.4700317382812,0,0.0,0.0
2001-05-02 00:00:00+09:00,1034.40966796875,1034.40966796875,1034.40966796875,1034.40966796875,200,0.0,0.0
2001-05-03 00:00:00+09:00,1034.40966796875,1034.40966796875,1034.40966796875,1034.40966796875,0,0.0,0.0
2001-05-04 00:00:00+09:00,1034.40966796875,1034.40966796875,1034.40966796875,1034.40966796875,0,0.0,0.0
2001-05-07 00:00:00+09:00,1051.5072861062995,1051.5072861062995,944.6467895507812,944.6467895507812,1000,0.0,0.0
2001-05-08 00:00:00+09:00,944.6467895507812,944.6467895507812,944.6467895507812,944.6467895507812,0,0.0,0.0
2001-05-09 00:00:00+09:00,944.6467895507812,944.6467895507812,944.6467895507812,944.6467895507812,0,0.0,0.0
2001-05-10 00:00:00+09:00,944.6467895507812,944.6467895507812,944.6467895507812,944.6467895507812,0,0.0,0.0
2001-05-11 00:00:00+09:00,970.2933349609375,970.2933349609375,970.2933349609375,970.2933349609375,200,0.0,0.0
2001-05-14 00:00:00+09:00,970.2933349609375,970.2933349609375,970.2933349609375,970.2933349609375,400,0.0,0.0
2001-05-15 00:00:00+09:00,970.2933349609375,970.2933349609375,970.2933349609375,970.2933349609375,0,0.0,0.0
2001-05-16 00:00:00+09:00,1021.5862761950884,1042.9583740234375,1021.5862761950884,1042.9583740234375,400,0.0,0.0
2001-05-17 00:00:00+09:00,1042.9583740234375,1042.9583740234375,1042.9583740234375,1042.9583740234375,0,0.0,0.0
2001-05-18 00:00:00+09:00,1042.9583740234375,1042.9583740234375,1042.9583740234375,1042.9583740234375,0,0.0,0.0
2001-05-21 00:00:00+09:00,1042.9583740234375,1042.9583740234375,1042.9583740234375,1042.9583740234375,0,0.0,0.0
2001-05-22 00:00:00+09:00,1042.9583740234375,1042.9583740234375,1042.9583740234375,1042.9583740234375,0,0.0,0.0
2001-05-23 00:00:00+09:00,1042.9583740234375,1042.9583740234375,1042.9583740234375,1042.9583740234375,0,0.0,0.0
2001-05-24 00:00:00+09:00,1042.9583740234375,1042.9583740234375,1042.9583740234375,1042.9583740234375,0,0.0,0.0
2001-05-25 00:00:00+09:00,1025.8607177734375,1025.8607177734375,1025.8607177734375,1025.8607177734375,200,0.0,0.0
2001-05-28 00:00:00+09:00,1034.4095029296875,1068.6048583984375,1034.4095029296875,1068.6048583984375,1000,0.0,0.0
2001-05-29 00:00:00+09:00,1068.6049143473308,1068.6049143473308,1025.8607177734375,1025.8607177734375,2400,0.0,0.0
2001-05-30 00:00:00+09:00,1025.8607177734375,1025.8607177734375,1025.8607177734375,1025.8607177734375,0,0.0,0.0
2001-05-31 00:00:00+09:00,1025.8607177734375,1025.8607177734375,1025.8607177734375,1025.8607177734375,0,0.0,0.0
2001-06-01 00:00:00+09:00,1094.25146484375,1094.25146484375,1094.25146484375,1094.25146484375,400,0.0,0.0
2001-06-04 00:00:00+09:00,1094.25146484375,1094.25146484375,1094.25146484375,1094.25146484375,0,0.0,0.0
2001-06-05 00:00:00+09:00,1013.0374755859375,1013.0374755859375,1013.0374755859375,1013.0374755859375,200,0.0,0.0
2001-06-06 00:00:00+09:00,940.3723754882812,940.3723754882812,940.3723754882812,940.3723754882812,400,0.0,0.0
2001-06-07 00:00:00+09:00,940.3723754882812,940.3723754882812,940.3723754882812,940.3723754882812,0,0.0,0.0
2001-06-08 00:00:00+09:00,940.3723754882812,940.3723754882812,940.3723754882812,940.3723754882812,0,0.0,0.0
2001-06-11 00:00:00+09:00,940.3723754882812,940.3723754882812,940.3723754882812,940.3723754882812,0,0.0,0.0
2001-06-12 00:00:00+09:00,940.3723754882812,940.3723754882812,940.3723754882812,940.3723754882812,0,0.0,0.0
2001-06-13 00:00:00+09:00,940.3723754882812,940.3723754882812,940.3723754882812,940.3723754882812,0,0.0,0.0
2001-06-14 00:00:00+09:00,940.3723754882812,940.3723754882812,940.3723754882812,940.3723754882812,0,0.0,0.0
2001-06-15 00:00:00+09:00,983.1165771484375,983.1165771484375,983.1165771484375,983.1165771484375,200,0.0,0.0
2001-06-18 00:00:00+09:00,1004.4887084960938,1004.4887084960938,1004.4887084960938,1004.4887084960938,600,0.0,0.0
2001-06-19 00:00:00+09:00,1004.4887084960938,1004.4887084960938,1004.4887084960938,1004.4887084960938,0,0.0,0.0
2001-06-20 00:00:00+09:00,1004.4887084960938,1004.4887084960938,1004.4887084960938,1004.4887084960938,0,0.0,0.0
2001-06-21 00:00:00+09:00,1008.7630905877976,1008.7630905877976,987.3909912109375,987.3909912109375,400,0.0,0.0
2001-06-22 00:00:00+09:00,987.3909912109375,987.3909912109375,987.3909912109375,987.3909912109375,0,0.0,0.0
2001-06-25 00:00:00+09:00,987.3909912109375,987.3909912109375,987.3909912109375,987.3909912109375,0,0.0,0.0
2001-06-26 00:00:00+09:00,1025.8606675091912,1025.8606675091912,1017.3118286132811,1017.3118286132812,800,0.0,0.0
2001-06-27 00:00:00+09:00,1017.3118286132811,1017.3118286132811,1017.3118286132811,1017.3118286132812,800,0.0,0.0
2001-06-28 00:00:00+09:00,1017.3118286132811,1017.3118286132811,1017.3118286132811,1017.3118286132812,0,0.0,0.0
2001-06-29 00:00:00+09:00,1017.3118286132811,1017.3118286132811,1017.3118286132811,1017.3118286132812,0,0.0,0.0
2001-07-02 00:00:00+09:00,1055.7816162109375,1055.7816162109375,1055.7816162109375,1055.7816162109375,400,0.0,0.0
2001-07-03 00:00:00+09:00,1055.7816162109375,1055.7816162109375,1055.7816162109375,1055.7816162109375,0,0.0,0.0
2001-07-04 00:00:00+09:00,1055.7816162109375,1055.7816162109375,1055.7816162109375,1055.7816162109375,0,0.0,0.0
2001-07-05 00:00:00+09:00,1055.7816162109375,1055.7816162109375,1055.7816162109375,1055.7816162109375,0,0.0,0.0
2001-07-06 00:00:00+09:00,1055.7816162109375,1055.7816162109375,1055.7816162109375,1055.7816162109375,0,0.0,0.0
2001-07-09 00:00:00+09:00,1004.4886707124256,1004.4886707124256,987.3909912109375,987.3909912109375,600,0.0,0.0
2001-07-10 00:00:00+09:00,987.3909912109375,987.3909912109375,987.3909912109375,987.3909912109375,2600,0.0,0.0
2001-07-11 00:00:00+09:00,987.3909912109375,987.3909912109375,987.3909912109375,987.3909912109375,600,0.0,0.0
2001-07-12 00:00:00+09:00,1008.7630615234375,1008.7630615234375,1008.7630615234375,1008.7630615234375,1600,0.0,0.0
2001-07-13 00:00:00+09:00,1008.7630615234375,1008.7630615234375,1008.7630615234375,1008.7630615234375,0,0.0,0.0
2001-07-16 00:00:00+09:00,1008.7630615234375,1008.7630615234375,1008.7630615234375,1008.7630615234375,0,0.0,0.0
2001-07-17 00:00:00+09:00,1008.7630615234375,1008.7630615234375,1008.7630615234375,1008.7630615234375,0,0.0,0.0
2001-07-18 00:00:00+09:00,1021.5863037109375,1021.5863037109375,1021.5863037109375,1021.5863037109375,1400,0.0,0.0
2001-07-19 00:00:00+09:00,1021.5863037109375,1021.5863037109375,1021.5863037109375,1021.5863037109375,400,0.0,0.0
2001-07-20 00:00:00+09:00,1021.5863037109375,1021.5863037109375,1021.5863037109375,1021.5863037109375,0,0.0,0.0
2001-07-23 00:00:00+09:00,1021.5863037109375,1021.5863037109375,1021.5863037109375,1021.5863037109375,0,0.0,0.0
2001-07-24 00:00:00+09:00,1008.7630965523098,1008.7630965523098,983.1165771484375,983.1165771484375,800,0.0,0.0
2001-07-25 00:00:00+09:00,983.1165771484375,983.1165771484375,983.1165771484375,983.1165771484375,800,0.0,0.0
2001-07-26 00:00:00+09:00,983.1165771484375,983.1165771484375,983.1165771484375,983.1165771484375,1000,0.0,0.0
2001-07-27 00:00:00+09:00,983.1165771484375,983.1165771484375,983.1165771484375,983.1165771484375,0,0.0,0.0
2001-07-30 00:00:00+09:00,1060.0560750325521,1060.0560750325521,1025.8607177734375,1025.8607177734375,600,0.0,0.0
2001-07-31 00:00:00+09:00,1025.8607177734375,1025.8607177734375,1025.8607177734375,1025.8607177734375,0,0.0,0.0
2001-08-01 00:00:00+09:00,1004.4886433919271,1004.4886433919271,961.7444458007812,961.7444458007812,1400,0.0,0.0
2001-08-02 00:00:00+09:00,961.7444458007812,961.7444458007812,961.7444458007812,961.7444458007812,0,0.0,0.0
2001-08-03 00:00:00+09:00,961.7444458007812,961.7444458007812,961.7444458007812,961.7444458007812,0,0.0,0.0
2001-08-06 00:00:00+09:00,1047.23276651528,1064.3304443359375,1047.23276651528,1064.3304443359375,1000,0.0,0.0
2001-08-07 00:00:00+09:00,1064.3304443359375,1064.3304443359375,1064.3304443359375,1064.3304443359375,0,0.0,0.0
2001-08-08 00:00:00+09:00,1064.3304443359375,1064.3304443359375,1064.3304443359375,1064.3304443359375,0,0.0,0.0
2001-08-09 00:00:00+09:00,1064.3304443359375,1064.3304443359375,1064.3304443359375,1064.3304443359375,0,0.0,0.0
2001-08-10 00:00:00+09:00,1064.3304443359375,1064.3304443359375,1064.3304443359375,1064.3304443359375,0,0.0,0.0
2001-08-13 00:00:00+09:00,1064.3304443359375,1064.3304443359375,1064.3304443359375,1064.3304443359375,0,0.0,0.0
2001-08-14 00:00:00+09:00,1064.3304443359375,1064.3304443359375,1064.3304443359375,1064.3304443359375,0,0.0,0.0
2001-08-15 00:00:00+09:00,1064.3304443359375,1064.3304443359375,1064.3304443359375,1064.3304443359375,0,0.0,0.0
2001-08-16 00:00:00+09:00,1064.3304443359375,1064.3304443359375,1064.3304443359375,1064.3304443359375,0,0.0,0.0
2001-08-17 00:00:00+09:00,1064.3304443359375,1064.3304443359375,1064.3304443359375,1064.3304443359375,0,0.0,0.0
2001-08-20 00:00:00+09:00,1064.3304443359375,1064.3304443359375,1064.3304443359375,1064.3304443359375,0,0.0,0.0
2001-08-21 00:00:00+09:00,1025.8607177734375,1025.8607177734375,1025.8607177734375,1025.8607177734375,200,0.0,0.0
2001-08-22 00:00:00+09:00,1025.8607177734375,1025.8607177734375,1025.8607177734375,1025.8607177734375,0,0.0,0.0
2001-08-23 00:00:00+09:00,1025.8607177734375,1025.8607177734375,1025.8607177734375,1025.8607177734375,0,0.0,0.0
2001-08-24 00:00:00+09:00,927.5490112304688,927.5490112304688,927.5490112304688,927.5490112304688,200,0.0,0.0
2001-08-27 00:00:00+09:00,944.6467895507812,944.6467895507812,944.6467895507812,944.6467895507812,400,0.0,0.0
2001-08-28 00:00:00+09:00,970.2933349609375,970.2933349609375,970.2933349609375,970.2933349609375,200,0.0,0.0
2001-08-29 00:00:00+09:00,970.2933349609375,970.2933349609375,970.2933349609375,970.2933349609375,0,0.0,0.0
2001-08-30 00:00:00+09:00,1038.68408203125,1038.68408203125,1038.68408203125,1038.68408203125,200,0.0,0.0
2001-08-31 00:00:00+09:00,1038.68408203125,1038.68408203125,1038.68408203125,1038.68408203125,0,0.0,0.0
2001-09-03 00:00:00+09:00,1004.4887084960938,1004.4887084960938,1004.4887084960938,1004.4887084960938,200,0.0,0.0
2001-09-04 00:00:00+09:00,1004.4886738170277,1004.4886738170277,940.3723754882812,940.3723754882812,1200,0.0,0.0
2001-09-05 00:00:00+09:00,940.3723754882812,940.3723754882812,940.3723754882812,940.3723754882812,0,0.0,0.0
2001-09-06 00:00:00+09:00,940.3723754882812,940.3723754882812,940.3723754882812,940.3723754882812,200,0.0,0.0
2001-09-07 00:00:00+09:00,940.3723754882812,940.3723754882812,940.3723754882812,940.3723754882812,0,0.0,0.0
2001-09-10 00:00:00+09:00,940.3723754882812,940.3723754882812,940.3723754882812,940.3723754882812,0,0.0,0.0
2001-09-11 00:00:00+09:00,936.0978833239226,936.0978833239226,901.9025268554688,901.9025268554688,400,0.0,0.0
2001-09-12 00:00:00+09:00,914.725819955221,914.725819955221,876.2560424804688,876.2560424804688,1200,0.0,0.0
2001-09-13 00:00:00+09:00,876.2560424804688,876.2560424804688,876.2560424804688,876.2560424804688,200,0.0,0.0
2001-09-14 00:00:00+09:00,880.5304565429688,880.5304565429688,880.5304565429688,880.5304565429688,400,0.0,0.0
2001-09-17 00:00:00+09:00,880.5304565429688,880.5304565429688,880.5304565429688,880.5304565429688,200,0.0,0.0
2001-09-18 00:00:00+09:00,880.5304565429688,880.5304565429688,880.5304565429688,880.5304565429688,0,0.0,0.0
2001-09-19 00:00:00+09:00,880.5304565429688,880.5304565429688,880.5304565429688,880.5304565429688,0,0.0,0.0
2001-09-20 00:00:00+09:00,880.5304565429688,880.5304565429688,880.5304565429688,880.5304565429688,0,0.0,0.0
2001-09-21 00:00:00+09:00,880.5304565429688,880.5304565429688,880.5304565429688,880.5304565429688,0,0.0,0.0
2001-09-24 00:00:00+09:00,880.5304565429688,880.5304565429688,880.5304565429688,880.5304565429688,0,0.0,0.0
2001-09-25 00:00:00+09:00,901.9025268554688,901.9025268554688,901.9025268554688,901.9025268554688,200,0.0,0.0
2001-09-26 00:00:00+09:00,901.9025268554688,901.9025268554688,901.9025268554688,901.9025268554688,0,0.0,0.0
2001-09-27 00:00:00+09:00,931.823486328125,931.823486328125,931.823486328125,931.823486328125,200,0.0,0.0
2001-09-28 00:00:00+09:00,931.823486328125,931.823486328125,931.823486328125,931.823486328125,0,0.0,0.0
2001-10-01 00:00:00+09:00,953.195556640625,953.195556640625,953.195556640625,953.195556640625,400,0.0,0.0
2001-10-02 00:00:00+09:00,953.195556640625,953.195556640625,953.195556640625,953.195556640625,0,0.0,0.0
2001-10-03 00:00:00+09:00,953.195556640625,953.195556640625,953.195556640625,953.195556640625,0,0.0,0.0
2001-10-04 00:00:00+09:00,953.195556640625,953.195556640625,953.195556640625,953.195556640625,0,0.0,0.0
2001-10-05 00:00:00+09:00,953.195556640625,953.195556640625,953.195556640625,953.195556640625,0,0.0,0.0
2001-10-08 00:00:00+09:00,953.195556640625,953.195556640625,953.195556640625,953.195556640625,0,0.0,0.0
2001-10-09 00:00:00+09:00,953.195556640625,953.195556640625,953.195556640625,953.195556640625,0,0.0,0.0
2001-10-10 00:00:00+09:00,953.195556640625,953.195556640625,953.195556640625,953.195556640625,0,0.0,0.0
2001-10-11 00:00:00+09:00,953.195556640625,953.195556640625,953.195556640625,953.195556640625,0,0.0,0.0
2001-10-12 00:00:00+09:00,931.823486328125,931.823486328125,931.823486328125,931.823486328125,200,0.0,0.0
2001-10-15 00:00:00+09:00,931.823486328125,931.823486328125,931.823486328125,931.823486328125,0,0.0,0.0
2001-10-16 00:00:00+09:00,897.6281127929688,897.6281127929688,897.6281127929688,897.6281127929688,600,0.0,0.0
2001-10-17 00:00:00+09:00,931.823486328125,940.3723256522362,931.823486328125,931.823486328125,600,0.0,0.0
2001-10-18 00:00:00+09:00,919.000244140625,919.000244140625,919.000244140625,919.000244140625,200,0.0,0.0
2001-10-19 00:00:00+09:00,897.6281353107934,897.6281353107934,880.5304565429688,880.5304565429688,1200,0.0,0.0
2001-10-22 00:00:00+09:00,880.5304565429688,880.5304565429688,880.5304565429688,880.5304565429688,200,0.0,0.0
2001-10-23 00:00:00+09:00,880.5304565429688,880.5304565429688,880.5304565429688,880.5304565429688,0,0.0,0.0
2001-10-24 00:00:00+09:00,880.5304565429688,880.5304565429688,880.5304565429688,880.5304565429688,0,0.0,0.0
2001-10-25 00:00:00+09:00,919.000244140625,919.000244140625,919.000244140625,919.000244140625,200,0.0,0.0
2001-10-26 00:00:00+09:00,919.000244140625,919.000244140625,919.000244140625,919.000244140625,0,0.0,0.0
2001-10-29 00:00:00+09:00,940.3723256522362,940.3723256522362,931.823486328125,931.823486328125,600,0.0,0.0
2001-10-30 00:00:00+09:00,953.195556640625,953.195556640625,953.195556640625,953.195556640625,200,0.0,0.0
2001-10-31 00:00:00+09:00,953.195556640625,953.195556640625,953.195556640625,953.195556640625,0,0.0,0.0
2001-11-01 00:00:00+09:00,961.7444782165819,961.7444782165819,893.353759765625,893.353759765625,1000,0.0,0.0
2001-11-02 00:00:00+09:00,893.353759765625,893.353759765625,893.353759765625,893.353759765625,0,0.0,0.0
2001-11-05 00:00:00+09:00,876.2560424804688,876.2560424804688,876.2560424804688,876.2560424804688,200,0.0,0.0
2001-11-06 00:00:00+09:00,876.2560424804688,876.2560424804688,876.2560424804688,876.2560424804688,0,0.0,0.0
2001-11-07 00:00:00+09:00,880.5304565429688,880.5304565429688,880.5304565429688,880.5304565429688,200,0.0,0.0
2001-11-08 00:00:00+09:00,880.5304565429688,880.5304565429688,880.5304565429688,880.5304565429688,400,0.0,0.0
2001-11-09 00:00:00+09:00,880.5304565429688,880.5304565429688,880.5304565429688,880.5304565429688,0,0.0,0.0
2001-11-12 00:00:00+09:00,876.2560424804688,876.2560424804688,876.2560424804688,876.2560424804688,400,0.0,0.0
2001-11-13 00:00:00+09:00,876.2560424804688,876.2560424804688,876.2560424804688,876.2560424804688,0,0.0,0.0
2001-11-14 00:00:00+09:00,876.2560424804688,876.2560424804688,876.2560424804688,876.2560424804688,0,0.0,0.0
2001-11-15 00:00:00+09:00,884.804931640625,884.804931640625,884.804931640625,884.804931640625,200,0.0,0.0
2001-11-16 00:00:00+09:00,884.804931640625,884.804931640625,884.804931640625,884.804931640625,0,0.0,0.0
2001-11-19 00:00:00+09:00,884.804931640625,884.804931640625,884.804931640625,884.804931640625,0,0.0,0.0
2001-11-20 00:00:00+09:00,884.804931640625,884.804931640625,884.804931640625,884.804931640625,0,0.0,0.0
2001-11-21 00:00:00+09:00,884.804931640625,884.804931640625,884.804931640625,884.804931640625,0,0.0,0.0
2001-11-22 00:00:00+09:00,884.804931640625,884.804931640625,884.804931640625,884.804931640625,0,0.0,0.0
2001-11-23 00:00:00+09:00,884.804931640625,884.804931640625,884.804931640625,884.804931640625,0,0.0,0.0
2001-11-26 00:00:00+09:00,884.804931640625,884.804931640625,884.804931640625,884.804931640625,0,0.0,0.0
2001-11-27 00:00:00+09:00,893.3536932082403,897.6281127929688,893.3536932082403,897.6281127929688,1000,0.0,0.0
2001-11-28 00:00:00+09:00,919.0002107166109,919.0002107166109,897.6281127929688,897.6281127929688,600,0.0,0.0
2001-11-29 00:00:00+09:00,876.2560424804688,876.2560424804688,876.2560424804688,876.2560424804688,1000,0.0,0.0
2001-11-30 00:00:00+09:00,876.2560424804688,876.2560424804688,876.2560424804688,876.2560424804688,200,0.0,0.0
2001-12-03 00:00:00+09:00,876.2560424804688,876.2560424804688,876.2560424804688,876.2560424804688,0,0.0,0.0
2001-12-04 00:00:00+09:00,910.451371547154,910.451371547154,897.6281127929688,897.6281127929688,600,0.0,0.0
2001-12-05 00:00:00+09:00,897.6281127929688,897.6281127929688,897.6281127929688,897.6281127929688,0,0.0,0.0
2001-12-06 00:00:00+09:00,897.6281127929688,897.6281127929688,897.6281127929688,897.6281127929688,0,0.0,0.0
2001-12-07 00:00:00+09:00,910.451416015625,910.451416015625,910.451416015625,910.451416015625,200,0.0,0.0
2001-12-10 00:00:00+09:00,910.451416015625,910.451416015625,910.451416015625,910.451416015625,1200,0.0,0.0
2001-12-11 00:00:00+09:00,906.177001953125,906.177001953125,906.177001953125,906.177001953125,200,0.0,0.0
2001-12-12 00:00:00+09:00,906.177001953125,906.177001953125,906.177001953125,906.177001953125,0,0.0,0.0
2001-12-13 00:00:00+09:00,906.177001953125,906.177001953125,906.177001953125,906.177001953125,0,0.0,0.0
2001-12-14 00:00:00+09:00,880.5304565429688,880.5304565429688,880.5304565429688,880.5304565429688,400,0.0,0.0
2001-12-17 00:00:00+09:00,880.5304565429688,880.5304565429688,880.5304565429688,880.5304565429688,0,0.0,0.0
2001-12-18 00:00:00+09:00,876.2560424804688,876.2560424804688,876.2560424804688,876.2560424804688,600,0.0,0.0
2001-12-19 00:00:00+09:00,876.2560655584383,876.2560655584383,859.1583862304688,859.1583862304688,1800,0.0,0.0
2001-12-20 00:00:00+09:00,833.5118672385145,876.2560655584383,833.5118672385145,859.1583862304688,1400,0.0,0.0
2001-12-21 00:00:00+09:00,859.1583862304688,859.1583862304688,859.1583862304688,859.1583862304688,1600,0.0,0.0
2001-12-24 00:00:00+09:00,859.1583862304688,859.1583862304688,859.1583862304688,859.1583862304688,0,0.0,0.0
2001-12-25 00:00:00+09:00,876.2560148693267,897.6281127929688,876.2560148693267,897.6281127929688,600,0.0,0.0
2001-12-26 00:00:00+09:00,897.6281127929688,897.6281127929688,897.6281127929688,897.6281127929688,0,0.0,0.0
2001-12-27 00:00:00+09:00,897.6281127929688,897.6281127929688,897.6281127929688,897.6281127929688,0,0.0,0.0
2001-12-28 00:00:00+09:00,953.195556640625,953.195556640625,953.195556640625,953.195556640625,400,0.0,0.0
2001-12-31 00:00:00+09:00,953.195556640625,953.195556640625,953.195556640625,953.195556640625,0,0.0,0.0
2002-01-01 00:00:00+09:00,953.195556640625,953.195556640625,953.195556640625,953.195556640625,0,0.0,0.0
2002-01-02 00:00:00+09:00,953.195556640625,953.195556640625,953.195556640625,953.195556640625,0,0.0,0.0
2002-01-03 00:00:00+09:00,953.195556640625,953.195556640625,953.195556640625,953.195556640625,0,0.0,0.0
2002-01-04 00:00:00+09:00,974.567626953125,974.567626953125,974.567626953125,974.567626953125,400,0.0,0.0
2002-01-07 00:00:00+09:00,974.567626953125,974.567626953125,974.567626953125,974.567626953125,400,0.0,0.0
2002-01-08 00:00:00+09:00,974.567626953125,974.567626953125,974.567626953125,974.567626953125,0,0.0,0.0
2002-01-09 00:00:00+09:00,974.567626953125,974.567626953125,974.567626953125,974.567626953125,0,0.0,0.0
2002-01-10 00:00:00+09:00,974.567626953125,974.567626953125,974.567626953125,974.567626953125,0,0.0,0.0
2002-01-11 00:00:00+09:00,974.567626953125,974.567626953125,974.567626953125,974.567626953125,0,0.0,0.0
2002-01-14 00:00:00+09:00,974.567626953125,974.567626953125,974.567626953125,974.567626953125,0,0.0,0.0
2002-01-15 00:00:00+09:00,974.567626953125,974.567626953125,974.567626953125,974.567626953125,0,0.0,0.0
2002-01-16 00:00:00+09:00,974.567626953125,974.567626953125,974.567626953125,974.567626953125,0,0.0,0.0
2002-01-17 00:00:00+09:00,974.567626953125,974.567626953125,974.567626953125,974.567626953125,0,0.0,0.0
2002-01-18 00:00:00+09:00,974.567626953125,974.567626953125,974.567626953125,974.567626953125,0,0.0,0.0
2002-01-21 00:00:00+09:00,974.567626953125,974.567626953125,974.567626953125,974.567626953125,0,0.0,0.0
2002-01-22 00:00:00+09:00,974.567626953125,974.567626953125,974.567626953125,974.567626953125,0,0.0,0.0
2002-01-23 00:00:00+09:00,974.567626953125,974.567626953125,974.567626953125,974.567626953125,0,0.0,0.0
2002-01-24 00:00:00+09:00,974.567626953125,974.567626953125,974.567626953125,974.567626953125,0,0.0,0.0
2002-01-25 00:00:00+09:00,974.567626953125,974.567626953125,974.567626953125,974.567626953125,0,0.0,0.0
2002-01-28 00:00:00+09:00,910.451416015625,910.451416015625,910.451416015625,910.451416015625,600,0.0,0.0
2002-01-29 00:00:00+09:00,889.0793016387196,889.0793016387196,876.2560424804688,876.2560424804688,600,0.0,0.0
2002-01-30 00:00:00+09:00,876.2560424804688,876.2560424804688,876.2560424804688,876.2560424804688,0,0.0,0.0
2002-01-31 00:00:00+09:00,876.2560424804688,876.2560424804688,876.2560424804688,876.2560424804688,0,0.0,0.0
2002-02-01 00:00:00+09:00,919.0002498448453,919.0002498448453,914.725830078125,914.725830078125,1000,0.0,0.0
2002-02-04 00:00:00+09:00,914.725830078125,914.725830078125,914.725830078125,914.725830078125,0,0.0,0.0
2002-02-05 00:00:00+09:00,854.8839663984764,859.1583862304688,854.8839663984764,859.1583862304688,1000,0.0,0.0
2002-02-06 00:00:00+09:00,854.8839111328125,854.8839111328125,854.8839111328125,854.8839111328125,200,0.0,0.0
2002-02-07 00:00:00+09:00,854.8839111328125,854.8839111328125,854.8839111328125,854.8839111328125,600,0.0,0.0
2002-02-08 00:00:00+09:00,854.8839111328125,854.8839111328125,854.8839111328125,854.8839111328125,0,0.0,0.0
2002-02-11 00:00:00+09:00,854.8839111328125,854.8839111328125,854.8839111328125,854.8839111328125,0,0.0,0.0
2002-02-12 00:00:00+09:00,854.8839111328125,854.8839111328125,854.8839111328125,854.8839111328125,0,0.0,0.0
2002-02-13 00:00:00+09:00,854.8839111328125,854.8839111328125,854.8839111328125,854.8839111328125,0,0.0,0.0
2002-02-14 00:00:00+09:00,854.8839111328125,854.8839111328125,854.8839111328125,854.8839111328125,0,0.0,0.0
2002-02-15 00:00:00+09:00,854.8839111328125,854.8839111328125,854.8839111328125,854.8839111328125,0,0.0,0.0
2002-02-18 00:00:00+09:00,854.8839111328125,854.8839111328125,854.8839111328125,854.8839111328125,0,0.0,0.0
2002-02-19 00:00:00+09:00,854.8839111328125,854.8839111328125,854.8839111328125,854.8839111328125,0,0.0,0.0
2002-02-20 00:00:00+09:00,854.8839111328125,854.8839111328125,854.8839111328125,854.8839111328125,0,0.0,0.0
2002-02-21 00:00:00+09:00,854.8839111328125,854.8839111328125,854.8839111328125,854.8839111328125,0,0.0,0.0
2002-02-22 00:00:00+09:00,854.8839111328125,854.8839111328125,854.8839111328125,854.8839111328125,0,0.0,0.0
2002-02-25 00:00:00+09:00,854.8839111328125,854.8839111328125,854.8839111328125,854.8839111328125,0,0.0,0.0
2002-02-26 00:00:00+09:00,854.8839111328125,854.8839111328125,854.8839111328125,854.8839111328125,0,0.0,0.0
2002-02-27 00:00:00+09:00,940.3723754882812,940.3723754882812,940.3723754882812,940.3723754882812,400,0.0,0.0
2002-02-28 00:00:00+09:00,940.3723470052083,961.7444458007812,940.3723470052083,961.7444458007812,1000,0.0,0.0
2002-03-01 00:00:00+09:00,961.7444458007812,961.7444458007812,961.7444458007812,961.7444458007812,0,0.0,0.0
2002-03-04 00:00:00+09:00,961.7444458007812,961.7444458007812,961.7444458007812,961.7444458007812,0,0.0,0.0
2002-03-05 00:00:00+09:00,961.7444458007812,961.7444458007812,961.7444458007812,961.7444458007812,0,0.0,0.0
2002-03-06 00:00:00+09:00,961.7444458007812,961.7444458007812,961.7444458007812,961.7444458007812,0,0.0,0.0
2002-03-07 00:00:00+09:00,961.7444458007812,961.7444458007812,961.7444458007812,961.7444458007812,0,0.0,0.0
2002-03-08 00:00:00+09:00,961.7444458007812,961.7444458007812,961.7444458007812,961.7444458007812,0,0.0,0.0
2002-03-11 00:00:00+09:00,859.1583976052024,940.3723754882812,859.1583976052024,940.3723754882812,3000,0.0,0.0
2002-03-12 00:00:00+09:00,940.3723754882812,940.3723754882812,940.3723754882812,940.3723754882812,0,0.0,0.0
2002-03-13 00:00:00+09:00,919.000244140625,919.000244140625,919.000244140625,919.000244140625,200,0.0,0.0
2002-03-14 00:00:00+09:00,919.000244140625,919.000244140625,919.000244140625,919.000244140625,600,0.0,0.0
2002-03-15 00:00:00+09:00,919.000244140625,919.000244140625,919.000244140625,919.000244140625,0,0.0,0.0
2002-03-18 00:00:00+09:00,919.000244140625,919.000244140625,919.000244140625,919.000244140625,400,0.0,0.0
2002-03-19 00:00:00+09:00,919.0002107166109,919.0002107166109,897.6281127929688,897.6281127929688,1200,0.0,0.0
2002-03-20 00:00:00+09:00,897.6281127929688,897.6281127929688,897.6281127929688,897.6281127929688,0,0.0,0.0
2002-03-21 00:00:00+09:00,897.6281127929688,897.6281127929688,897.6281127929688,897.6281127929688,0,0.0,0.0
2002-03-22 00:00:00+09:00,919.000244140625,919.000244140625,919.000244140625,919.000244140625,1800,0.0,0.0
2002-03-25 00:00:00+09:00,919.0002003485846,953.195556640625,919.0002003485846,953.195556640625,2600,0.0,0.0
2002-03-26 00:00:00+09:00,919.0002556026261,919.0002556026261,910.451416015625,910.451416015625,800,0.0,0.0
2002-03-27 00:00:00+09:00,910.451416015625,910.451416015625,910.451416015625,910.451416015625,0,0.0,0.0
2002-03-28 00:00:00+09:00,910.451416015625,910.451416015625,910.451416015625,910.451416015625,0,0.0,0.0
2002-03-29 00:00:00+09:00,910.451416015625,910.451416015625,910.451416015625,910.451416015625,0,0.0,0.0
2002-04-01 00:00:00+09:00,893.353759765625,893.353759765625,893.353759765625,893.353759765625,400,0.0,0.0
2002-04-02 00:00:00+09:00,893.353759765625,893.353759765625,893.353759765625,893.353759765625,0,0.0,0.0
2002-04-03 00:00:00+09:00,893.353759765625,893.353759765625,893.353759765625,893.353759765625,0,0.0,0.0
2002-04-04 00:00:00+09:00,876.2560424804688,876.2560424804688,876.2560424804688,876.2560424804688,200,0.0,0.0
2002-04-05 00:00:00+09:00,871.9815893554687,871.9815893554687,854.8839111328125,854.8839111328125,400,0.0,0.0
2002-04-08 00:00:00+09:00,859.1583862304688,859.1583862304688,859.1583862304688,859.1583862304688,200,0.0,0.0
2002-04-09 00:00:00+09:00,859.1583862304688,859.1583862304688,859.1583862304688,859.1583862304688,0,0.0,0.0
2002-04-10 00:00:00+09:00,859.1583862304688,859.1583862304688,859.1583862304688,859.1583862304688,0,0.0,0.0
2002-04-11 00:00:00+09:00,859.1583862304688,859.1583862304688,859.1583862304688,859.1583862304688,0,0.0,0.0
2002-04-12 00:00:00+09:00,859.1583862304688,859.1583862304688,859.1583862304688,859.1583862304688,0,0.0,0.0
2002-04-15 00:00:00+09:00,859.1583862304688,859.1583862304688,859.1583862304688,859.1583862304688,0,0.0,0.0
2002-04-16 00:00:00+09:00,863.4328002929688,863.4328002929688,863.4328002929688,863.4328002929688,400,0.0,0.0
2002-04-17 00:00:00+09:00,863.4328002929688,863.4328002929688,863.4328002929688,863.4328002929688,0,0.0,0.0
2002-04-18 00:00:00+09:00,863.4328002929688,863.4328002929688,863.4328002929688,863.4328002929688,0,0.0,0.0
2002-04-19 00:00:00+09:00,863.4328002929688,863.4328002929688,863.4328002929688,863.4328002929688,0,0.0,0.0
2002-04-22 00:00:00+09:00,863.4328002929688,863.4328002929688,863.4328002929688,863.4328002929688,0,0.0,0.0
2002-04-23 00:00:00+09:00,859.1583862304688,859.1583862304688,859.1583862304688,859.1583862304688,200,0.0,0.0
2002-04-24 00:00:00+09:00,859.1583862304688,859.1583862304688,859.1583862304688,859.1583862304688,0,0.0,0.0
2002-04-25 00:00:00+09:00,859.1583862304688,859.1583862304688,859.1583862304688,859.1583862304688,0,0.0,0.0
2002-04-26 00:00:00+09:00,867.7072143554688,867.7072143554688,867.7072143554688,867.7072143554688,200,0.0,0.0
2002-04-29 00:00:00+09:00,867.7072143554688,867.7072143554688,867.7072143554688,867.7072143554688,0,0.0,0.0
2002-04-30 00:00:00+09:00,876.2560424804688,876.2560424804688,876.2560424804688,876.2560424804688,400,0.0,0.0
2002-05-01 00:00:00+09:00,893.353759765625,893.353759765625,893.353759765625,893.353759765625,1200,0.0,0.0
2002-05-02 00:00:00+09:00,893.353759765625,893.353759765625,893.353759765625,893.353759765625,0,0.0,0.0
2002-05-03 00:00:00+09:00,893.353759765625,893.353759765625,893.353759765625,893.353759765625,0,0.0,0.0
2002-05-06 00:00:00+09:00,893.353759765625,893.353759765625,893.353759765625,893.353759765625,0,0.0,0.0
2002-05-07 00:00:00+09:00,927.5490112304688,927.5490112304688,927.5490112304688,927.5490112304688,600,0.0,0.0
2002-05-08 00:00:00+09:00,927.5490112304688,927.5490112304688,927.5490112304688,927.5490112304688,0,0.0,0.0
2002-05-09 00:00:00+09:00,927.5490112304688,927.5490112304688,927.5490112304688,927.5490112304688,0,0.0,0.0
2002-05-10 00:00:00+09:00,927.5490112304688,927.5490112304688,927.5490112304688,927.5490112304688,0,0.0,0.0
2002-05-13 00:00:00+09:00,927.5490112304688,927.5490112304688,927.5490112304688,927.5490112304688,0,0.0,0.0
2002-05-14 00:00:00+09:00,927.5490112304688,927.5490112304688,927.5490112304688,927.5490112304688,0,0.0,0.0
2002-05-15 00:00:00+09:00,927.5490112304688,927.5490112304688,927.5490112304688,927.5490112304688,0,0.0,0.0
2002-05-16 00:00:00+09:00,927.5490112304688,927.5490112304688,927.5490112304688,927.5490112304688,0,0.0,0.0
2002-05-17 00:00:00+09:00,927.5490112304688,927.5490112304688,927.5490112304688,927.5490112304688,0,0.0,0.0
2002-05-20 00:00:00+09:00,927.5490112304688,927.5490112304688,927.5490112304688,927.5490112304688,0,0.0,0.0
2002-05-21 00:00:00+09:00,927.5490112304688,927.5490112304688,927.5490112304688,927.5490112304688,0,0.0,0.0
2002-05-22 00:00:00+09:00,927.5490112304688,927.5490112304688,927.5490112304688,927.5490112304688,0,0.0,0.0
2002-05-23 00:00:00+09:00,927.5490112304688,927.5490112304688,927.5490112304688,927.5490112304688,0,0.0,0.0
2002-05-24 00:00:00+09:00,927.5490112304688,927.5490112304688,927.5490112304688,927.5490112304688,0,0.0,0.0
2002-05-27 00:00:00+09:00,897.6281353107934,897.6281353107934,880.5304565429688,880.5304565429688,1600,0.0,0.0
2002-05-28 00:00:00+09:00,880.5304565429688,880.5304565429688,880.5304565429688,880.5304565429688,0,0.0,0.0
2002-05-29 00:00:00+09:00,927.5490112304688,927.5490112304688,927.5490112304688,927.5490112304688,200,0.0,0.0
2002-05-30 00:00:00+09:00,927.5490112304688,927.5490112304688,927.5490112304688,927.5490112304688,0,0.0,0.0
2002-05-31 00:00:00+09:00,923.2746775409963,923.2746775409963,863.4328002929688,863.4328002929688,1400,0.0,0.0
2002-06-03 00:00:00+09:00,897.6281127929688,897.6281127929688,897.6281127929688,897.6281127929688,200,0.0,0.0
2002-06-04 00:00:00+09:00,901.9025268554688,901.9025268554688,901.9025268554688,901.9025268554688,200,0.0,0.0
2002-06-05 00:00:00+09:00,901.9025268554688,901.9025268554688,901.9025268554688,901.9025268554688,0,0.0,0.0
2002-06-06 00:00:00+09:00,901.9025268554688,901.9025268554688,901.9025268554688,901.9025268554688,0,0.0,0.0
2002-06-07 00:00:00+09:00,901.9025268554688,901.9025268554688,901.9025268554688,901.9025268554688,0,0.0,0.0
2002-06-10 00:00:00+09:00,901.9025268554688,901.9025268554688,901.9025268554688,901.9025268554688,0,0.0,0.0
2002-06-11 00:00:00+09:00,901.9025268554688,901.9025268554688,901.9025268554688,901.9025268554688,0,0.0,0.0
2002-06-12 00:00:00+09:00,901.9025268554688,901.9025268554688,901.9025268554688,901.9025268554688,0,0.0,0.0
2002-06-13 00:00:00+09:00,884.804931640625,884.804931640625,884.804931640625,884.804931640625,200,0.0,0.0
2002-06-14 00:00:00+09:00,884.804931640625,884.804931640625,884.804931640625,884.804931640625,0,0.0,0.0
2002-06-17 00:00:00+09:00,884.804931640625,884.804931640625,884.804931640625,884.804931640625,0,0.0,0.0
2002-06-18 00:00:00+09:00,897.6281127929688,897.6281127929688,897.6281127929688,897.6281127929688,400,0.0,0.0
2002-06-19 00:00:00+09:00,897.6281127929688,897.6281127929688,897.6281127929688,897.6281127929688,0,0.0,0.0
2002-06-20 00:00:00+09:00,897.6281127929688,897.6281127929688,897.6281127929688,897.6281127929688,0,0.0,0.0
2002-06-21 00:00:00+09:00,897.6281127929688,897.6281127929688,897.6281127929688,897.6281127929688,0,0.0,0.0
2002-06-24 00:00:00+09:00,897.6281127929688,897.6281127929688,897.6281127929688,897.6281127929688,400,0.0,0.0
2002-06-25 00:00:00+09:00,897.6281127929688,897.6281127929688,897.6281127929688,897.6281127929688,0,0.0,0.0
2002-06-26 00:00:00+09:00,906.1769464140255,906.1769464140255,901.9025268554688,901.9025268554688,400,0.0,0.0
2002-06-27 00:00:00+09:00,901.9025268554688,901.9025268554688,901.9025268554688,901.9025268554688,400,0.0,0.0
2002-06-28 00:00:00+09:00,897.628107296912,901.9025268554688,897.628107296912,901.9025268554688,400,0.0,0.0
2002-07-01 00:00:00+09:00,901.9025268554688,901.9025268554688,901.9025268554688,901.9025268554688,1200,0.0,0.0
2002-07-02 00:00:00+09:00,897.6281127929688,897.6281127929688,897.6281127929688,897.6281127929688,200,0.0,0.0
2002-07-03 00:00:00+09:00,897.6281127929688,897.6281127929688,897.6281127929688,897.6281127929688,0,0.0,0.0
2002-07-04 00:00:00+09:00,897.6281127929688,897.6281127929688,897.6281127929688,897.6281127929688,0,0.0,0.0
2002-07-05 00:00:00+09:00,897.6281127929688,897.6281127929688,897.6281127929688,897.6281127929688,0,0.0,0.0
2002-07-08 00:00:00+09:00,897.6281454396802,919.000244140625,897.6281454396802,919.000244140625,1200,0.0,0.0
2002-07-09 00:00:00+09:00,919.000244140625,919.000244140625,919.000244140625,919.000244140625,0,0.0,0.0
2002-07-10 00:00:00+09:00,919.000244140625,919.000244140625,919.000244140625,919.000244140625,0,0.0,0.0
2002-07-11 00:00:00+09:00,897.6281127929688,897.6281127929688,897.6281127929688,897.6281127929688,5800,0.0,0.0
2002-07-12 00:00:00+09:00,919.000244140625,919.000244140625,919.000244140625,919.000244140625,400,0.0,0.0
2002-07-15 00:00:00+09:00,919.000244140625,919.000244140625,919.000244140625,919.000244140625,0,0.0,0.0
2002-07-16 00:00:00+09:00,919.000244140625,919.000244140625,919.000244140625,919.000244140625,0,0.0,0.0
2002-07-17 00:00:00+09:00,919.000244140625,919.000244140625,919.000244140625,919.000244140625,0,0.0,0.0
2002-07-18 00:00:00+09:00,919.000244140625,919.000244140625,919.000244140625,919.000244140625,0,0.0,0.0
2002-07-19 00:00:00+09:00,919.000244140625,919.000244140625,919.000244140625,919.000244140625,0,0.0,0.0
2002-07-22 00:00:00+09:00,919.000244140625,919.000244140625,919.000244140625,919.000244140625,0,0.0,0.0
2002-07-23 00:00:00+09:00,919.000244140625,919.000244140625,919.000244140625,919.000244140625,0,0.0,0.0
2002-07-24 00:00:00+09:00,914.725830078125,914.725830078125,914.725830078125,914.725830078125,1000,0.0,0.0
2002-07-25 00:00:00+09:00,914.725830078125,914.725830078125,914.725830078125,914.725830078125,0,0.0,0.0
2002-07-26 00:00:00+09:00,914.725830078125,914.725830078125,914.725830078125,914.725830078125,1000,0.0,0.0
2002-07-29 00:00:00+09:00,914.725830078125,914.725830078125,914.725830078125,914.725830078125,0,0.0,0.0
2002-07-30 00:00:00+09:00,914.725830078125,914.725830078125,914.725830078125,914.725830078125,0,0.0,0.0
2002-07-31 00:00:00+09:00,923.2747192382812,923.2747192382812,923.2747192382812,923.2747192382812,200,0.0,0.0
2002-08-01 00:00:00+09:00,923.2747192382812,923.2747192382812,923.2747192382812,923.2747192382812,0,0.0,0.0
2002-08-02 00:00:00+09:00,931.8235592312283,931.8235592312283,923.2747192382812,923.2747192382812,1400,0.0,0.0
2002-08-05 00:00:00+09:00,931.823486328125,931.823486328125,931.823486328125,931.823486328125,600,0.0,0.0
2002-08-06 00:00:00+09:00,931.823486328125,931.823486328125,931.823486328125,931.823486328125,0,0.0,0.0
2002-08-07 00:00:00+09:00,931.823486328125,931.823486328125,931.823486328125,931.823486328125,0,0.0,0.0
2002-08-08 00:00:00+09:00,919.000244140625,919.000244140625,919.000244140625,919.000244140625,600,0.0,0.0
2002-08-09 00:00:00+09:00,919.000244140625,919.000244140625,919.000244140625,919.000244140625,1400,0.0,0.0
2002-08-12 00:00:00+09:00,897.6281454396802,919.000244140625,897.6281454396802,919.000244140625,400,0.0,0.0
2002-08-13 00:00:00+09:00,919.000244140625,919.000244140625,919.000244140625,919.000244140625,200,0.0,0.0
2002-08-14 00:00:00+09:00,919.000244140625,919.000244140625,919.000244140625,919.000244140625,0,0.0,0.0
2002-08-15 00:00:00+09:00,901.9025268554688,901.9025268554688,901.9025268554688,901.9025268554688,200,0.0,0.0
2002-08-16 00:00:00+09:00,931.823486328125,931.823486328125,931.823486328125,931.823486328125,800,0.0,0.0
2002-08-19 00:00:00+09:00,931.823486328125,931.823486328125,931.823486328125,931.823486328125,0,0.0,0.0
2002-08-20 00:00:00+09:00,931.823486328125,931.823486328125,931.823486328125,931.823486328125,0,0.0,0.0
2002-08-21 00:00:00+09:00,931.823486328125,931.823486328125,931.823486328125,931.823486328125,200,0.0,0.0
2002-08-22 00:00:00+09:00,931.823486328125,931.823486328125,931.823486328125,931.823486328125,0,0.0,0.0
2002-08-23 00:00:00+09:00,931.823486328125,931.823486328125,931.823486328125,931.823486328125,0,0.0,0.0
2002-08-26 00:00:00+09:00,871.9816284179688,871.9816284179688,871.9816284179688,871.9816284179688,3200,0.0,0.0
2002-08-27 00:00:00+09:00,897.6281127929688,897.6281127929688,897.6281127929688,897.6281127929688,200,0.0,0.0
2002-08-28 00:00:00+09:00,880.5304565429688,880.5304565429688,880.5304565429688,880.5304565429688,200,0.0,0.0
2002-08-29 00:00:00+09:00,880.5304565429688,880.5304565429688,880.5304565429688,880.5304565429688,0,0.0,0.0
2002-08-30 00:00:00+09:00,880.5304565429688,880.5304565429688,880.5304565429688,880.5304565429688,0,0.0,0.0
2002-09-02 00:00:00+09:00,897.6281127929688,897.6281127929688,897.6281127929688,897.6281127929688,200,0.0,0.0
2002-09-03 00:00:00+09:00,897.6281410775534,897.6281410775534,876.2560424804688,876.2560424804688,2400,0.0,0.0
2002-09-04 00:00:00+09:00,876.2560424804688,876.2560424804688,876.2560424804688,876.2560424804688,200,0.0,0.0
2002-09-05 00:00:00+09:00,876.2560424804688,876.2560424804688,876.2560424804688,876.2560424804688,0,0.0,0.0
2002-09-06 00:00:00+09:00,876.2560424804688,876.2560424804688,876.2560424804688,876.2560424804688,0,0.0,0.0
2002-09-09 00:00:00+09:00,876.2560424804688,876.2560424804688,876.2560424804688,876.2560424804688,0,0.0,0.0
2002-09-10 00:00:00+09:00,897.6281127929688,897.6281127929688,897.6281127929688,897.6281127929688,400,0.0,0.0
2002-09-11 00:00:00+09:00,897.6281127929688,897.6281127929688,897.6281127929688,897.6281127929688,0,0.0,0.0
2002-09-12 00:00:00+09:00,897.6281127929688,897.6281127929688,897.6281127929688,897.6281127929688,0,0.0,0.0
2002-09-13 00:00:00+09:00,897.6281127929688,897.6281127929688,897.6281127929688,897.6281127929688,0,0.0,0.0
2002-09-16 00:00:00+09:00,897.6281127929688,897.6281127929688,897.6281127929688,897.6281127929688,0,0.0,0.0
2002-09-17 00:00:00+09:00,897.6281127929688,897.6281127929688,897.6281127929688,897.6281127929688,0,0.0,0.0
2002-09-18 00:00:00+09:00,897.6281127929688,897.6281127929688,897.6281127929688,897.6281127929688,0,0.0,0.0
2002-09-19 00:00:00+09:00,897.6281127929688,897.6281127929688,897.6281127929688,897.6281127929688,0,0.0,0.0
2002-09-20 00:00:00+09:00,897.6281127929688,897.6281127929688,897.6281127929688,897.6281127929688,0,0.0,0.0
2002-09-23 00:00:00+09:00,897.6281127929688,897.6281127929688,897.6281127929688,897.6281127929688,0,0.0,0.0
2002-09-24 00:00:00+09:00,897.6281127929688,897.6281127929688,897.6281127929688,897.6281127929688,0,0.0,0.0
2002-09-25 00:00:00+09:00,897.6281127929688,897.6281127929688,897.6281127929688,897.6281127929688,0,0.0,0.0
2002-09-26 00:00:00+09:00,876.2560368510126,880.5304565429688,876.2560368510126,880.5304565429688,2400,0.0,0.0
2002-09-27 00:00:00+09:00,880.5304565429688,880.5304565429688,880.5304565429688,880.5304565429688,0,0.0,0.0
2002-09-30 00:00:00+09:00,906.177001953125,906.177001953125,906.177001953125,906.177001953125,200,0.0,0.0
2002-10-01 00:00:00+09:00,906.177001953125,906.177001953125,906.177001953125,906.177001953125,0,0.0,0.0
2002-10-02 00:00:00+09:00,923.2747192382812,923.2747192382812,923.2747192382812,923.2747192382812,200,0.0,0.0
2002-10-03 00:00:00+09:00,923.2747192382812,923.2747192382812,923.2747192382812,923.2747192382812,0,0.0,0.0
2002-10-04 00:00:00+09:00,923.2747192382812,923.2747192382812,923.2747192382812,923.2747192382812,0,0.0,0.0
2002-10-07 00:00:00+09:00,923.2747192382812,923.2747192382812,923.2747192382812,923.2747192382812,0,0.0,0.0
2002-10-08 00:00:00+09:00,923.2747192382812,923.2747192382812,923.2747192382812,923.2747192382812,0,0.0,0.0
2002-10-09 00:00:00+09:00,880.5304565429688,880.5304565429688,880.5304565429688,880.5304565429688,400,0.0,0.0
2002-10-10 00:00:00+09:00,880.5304565429688,880.5304565429688,880.5304565429688,880.5304565429688,0,0.0,0.0
2002-10-11 00:00:00+09:00,880.5304565429688,880.5304565429688,880.5304565429688,880.5304565429688,0,0.0,0.0
2002-10-14 00:00:00+09:00,880.5304565429688,880.5304565429688,880.5304565429688,880.5304565429688,0,0.0,0.0
2002-10-15 00:00:00+09:00,880.5304565429688,880.5304565429688,880.5304565429688,880.5304565429688,0,0.0,0.0
2002-10-16 00:00:00+09:00,880.5304565429688,880.5304565429688,880.5304565429688,880.5304565429688,0,0.0,0.0
2002-10-17 00:00:00+09:00,846.3350885846288,850.6095082239451,842.0606689453125,842.0606689453125,2000,0.0,0.0
2002-10-18 00:00:00+09:00,842.0606689453125,842.0606689453125,842.0606689453125,842.0606689453125,0,0.0,0.0
2002-10-21 00:00:00+09:00,842.0606689453125,842.0606689453125,842.0606689453125,842.0606689453125,0,0.0,0.0
2002-10-22 00:00:00+09:00,846.3350720214844,854.8839111328125,846.3350720214844,854.8839111328125,400,0.0,0.0
2002-10-23 00:00:00+09:00,854.8839111328125,854.8839111328125,854.8839111328125,854.8839111328125,600,0.0,0.0
2002-10-24 00:00:00+09:00,854.8839111328125,854.8839111328125,854.8839111328125,854.8839111328125,0,0.0,0.0
2002-10-25 00:00:00+09:00,854.8839111328125,854.8839111328125,854.8839111328125,854.8839111328125,0,0.0,0.0
2002-10-28 00:00:00+09:00,842.0606689453125,842.0606689453125,842.0606689453125,842.0606689453125,800,0.0,0.0
2002-10-29 00:00:00+09:00,842.0606802133414,842.0606802133414,833.5118408203125,833.5118408203125,800,0.0,0.0
2002-10-30 00:00:00+09:00,833.5118408203125,833.5118408203125,833.5118408203125,833.5118408203125,600,0.0,0.0
2002-10-31 00:00:00+09:00,833.5118408203125,833.5118408203125,833.5118408203125,833.5118408203125,400,0.0,0.0
2002-11-01 00:00:00+09:00,833.5118408203125,833.5118408203125,833.5118408203125,833.5118408203125,0,0.0,0.0
2002-11-04 00:00:00+09:00,833.5118408203125,833.5118408203125,833.5118408203125,833.5118408203125,0,0.0,0.0
2002-11-05 00:00:00+09:00,906.177001953125,906.177001953125,906.177001953125,906.177001953125,400,0.0,0.0
2002-11-06 00:00:00+09:00,906.177001953125,906.177001953125,906.177001953125,906.177001953125,0,0.0,0.0
2002-11-07 00:00:00+09:00,906.177001953125,906.177001953125,906.177001953125,906.177001953125,0,0.0,0.0
2002-11-08 00:00:00+09:00,906.177001953125,906.177001953125,906.177001953125,906.177001953125,0,0.0,0.0
2002-11-11 00:00:00+09:00,906.177001953125,906.177001953125,906.177001953125,906.177001953125,0,0.0,0.0
2002-11-12 00:00:00+09:00,906.177001953125,906.177001953125,906.177001953125,906.177001953125,0,0.0,0.0
2002-11-13 00:00:00+09:00,906.177001953125,906.177001953125,906.177001953125,906.177001953125,0,0.0,0.0
2002-11-14 00:00:00+09:00,906.177001953125,906.177001953125,906.177001953125,906.177001953125,0,0.0,0.0
2002-11-15 00:00:00+09:00,906.177001953125,906.177001953125,906.177001953125,906.177001953125,0,0.0,0.0
2002-11-18 00:00:00+09:00,846.3350830078125,846.3350830078125,846.3350830078125,846.3350830078125,400,0.0,0.0
2002-11-19 00:00:00+09:00,846.3350830078125,846.3350830078125,846.3350830078125,846.3350830078125,0,0.0,0.0
2002-11-20 00:00:00+09:00,837.7863159179688,837.7863159179688,837.7863159179688,837.7863159179688,400,0.0,0.0
2002-11-21 00:00:00+09:00,837.7863159179688,837.7863159179688,837.7863159179688,837.7863159179688,0,0.0,0.0
2002-11-22 00:00:00+09:00,837.7863159179688,837.7863159179688,837.7863159179688,837.7863159179688,0,0.0,0.0
2002-11-25 00:00:00+09:00,837.7863525390625,837.7863525390625,769.3956298828125,769.3956298828125,600,0.0,0.0
2002-11-26 00:00:00+09:00,769.3956298828125,769.3956298828125,769.3956298828125,769.3956298828125,0,0.0,0.0
2002-11-27 00:00:00+09:00,867.7072143554688,867.7072143554688,867.7072143554688,867.7072143554688,600,0.0,0.0
2002-11-28 00:00:00+09:00,842.0606689453125,842.0606689453125,842.0606689453125,842.0606689453125,800,0.0,0.0
2002-11-29 00:00:00+09:00,842.0606689453125,842.0606689453125,842.0606689453125,842.0606689453125,0,0.0,0.0
2002-12-02 00:00:00+09:00,842.0606689453125,842.0606689453125,842.0606689453125,842.0606689453125,0,0.0,0.0
2002-12-03 00:00:00+09:00,863.4328060624612,863.4328060624612,859.1583862304688,859.1583862304688,800,0.0,0.0
2002-12-04 00:00:00+09:00,859.1583862304688,859.1583862304688,859.1583862304688,859.1583862304688,0,0.0,0.0
2002-12-05 00:00:00+09:00,854.8839111328125,854.8839111328125,854.8839111328125,854.8839111328125,600,0.0,0.0
2002-12-06 00:00:00+09:00,854.8839111328125,854.8839111328125,854.8839111328125,854.8839111328125,0,0.0,0.0
2002-12-09 00:00:00+09:00,854.8839111328125,854.8839111328125,854.8839111328125,854.8839111328125,0,0.0,0.0
2002-12-10 00:00:00+09:00,854.8839111328125,854.8839111328125,854.8839111328125,854.8839111328125,0,0.0,0.0
2002-12-11 00:00:00+09:00,846.3350830078125,846.3350830078125,846.3350830078125,846.3350830078125,400,0.0,0.0
2002-12-12 00:00:00+09:00,846.3350830078125,846.3350830078125,846.3350830078125,846.3350830078125,200,0.0,0.0
2002-12-13 00:00:00+09:00,867.7072143554688,867.7072143554688,867.7072143554688,867.7072143554688,600,0.0,0.0
2002-12-16 00:00:00+09:00,859.1583862304688,859.1583862304688,859.1583862304688,859.1583862304688,400,0.0,0.0
2002-12-17 00:00:00+09:00,859.1583862304688,859.1583862304688,859.1583862304688,859.1583862304688,0,0.0,0.0
2002-12-18 00:00:00+09:00,863.4328002929688,863.4328002929688,863.4328002929688,863.4328002929688,600,0.0,0.0
2002-12-19 00:00:00+09:00,863.4327502441406,863.4327502441406,854.8839111328125,854.8839111328125,800,0.0,0.0
2002-12-20 00:00:00+09:00,854.8839111328125,854.8839111328125,854.8839111328125,854.8839111328125,200,0.0,0.0
2002-12-23 00:00:00+09:00,854.8839111328125,854.8839111328125,854.8839111328125,854.8839111328125,0,0.0,0.0
2002-12-24 00:00:00+09:00,863.4328002929688,863.4328002929688,863.4328002929688,863.4328002929688,400,0.0,0.0
2002-12-25 00:00:00+09:00,863.4328002929688,863.4328002929688,863.4328002929688,863.4328002929688,600,0.0,0.0
2002-12-26 00:00:00+09:00,863.4328002929688,863.4328002929688,863.4328002929688,863.4328002929688,0,0.0,0.0
2002-12-27 00:00:00+09:00,863.4328002929688,863.4328002929688,863.4328002929688,863.4328002929688,0,0.0,0.0
2002-12-30 00:00:00+09:00,901.9025268554688,901.9025268554688,901.9025268554688,901.9025268554688,600,0.0,0.0
2002-12-31 00:00:00+09:00,901.9025268554688,901.9025268554688,901.9025268554688,901.9025268554688,0,0.0,0.0
2003-01-01 00:00:00+09:00,901.9025268554688,901.9025268554688,901.9025268554688,901.9025268554688,0,0.0,0.0
2003-01-02 00:00:00+09:00,901.9025268554688,901.9025268554688,901.9025268554688,901.9025268554688,0,0.0,0.0
2003-01-03 00:00:00+09:00,901.9025268554688,901.9025268554688,901.9025268554688,901.9025268554688,0,0.0,0.0
2003-01-06 00:00:00+09:00,901.9025268554688,901.9025268554688,901.9025268554688,901.9025268554688,0,0.0,0.0
2003-01-07 00:00:00+09:00,914.725830078125,914.725830078125,914.725830078125,914.725830078125,200,0.0,0.0
2003-01-08 00:00:00+09:00,931.823486328125,931.823486328125,931.823486328125,931.823486328125,200,0.0,0.0
2003-01-09 00:00:00+09:00,931.823486328125,931.823486328125,931.823486328125,931.823486328125,0,0.0,0.0
2003-01-10 00:00:00+09:00,931.823486328125,931.823486328125,931.823486328125,931.823486328125,0,0.0,0.0
2003-01-13 00:00:00+09:00,931.823486328125,931.823486328125,931.823486328125,931.823486328125,0,0.0,0.0
2003-01-14 00:00:00+09:00,931.823486328125,931.823486328125,931.823486328125,931.823486328125,0,0.0,0.0
2003-01-15 00:00:00+09:00,931.823486328125,931.823486328125,931.823486328125,931.823486328125,0,0.0,0.0
2003-01-16 00:00:00+09:00,931.823486328125,931.823486328125,931.823486328125,931.823486328125,0,0.0,0.0
2003-01-17 00:00:00+09:00,931.823486328125,931.823486328125,931.823486328125,931.823486328125,0,0.0,0.0
2003-01-20 00:00:00+09:00,931.823486328125,931.823486328125,931.823486328125,931.823486328125,0,0.0,0.0
2003-01-21 00:00:00+09:00,931.823486328125,931.823486328125,931.823486328125,931.823486328125,0,0.0,0.0
2003-01-22 00:00:00+09:00,931.823486328125,931.823486328125,931.823486328125,931.823486328125,0,0.0,0.0
2003-01-23 00:00:00+09:00,931.823486328125,931.823486328125,931.823486328125,931.823486328125,0,0.0,0.0
2003-01-24 00:00:00+09:00,931.823486328125,931.823486328125,931.823486328125,931.823486328125,0,0.0,0.0
2003-01-27 00:00:00+09:00,931.823486328125,931.823486328125,931.823486328125,931.823486328125,0,0.0,0.0
2003-01-28 00:00:00+09:00,931.823486328125,931.823486328125,931.823486328125,931.823486328125,0,0.0,0.0
2003-01-29 00:00:00+09:00,919.000244140625,919.000244140625,919.000244140625,919.000244140625,400,0.0,0.0
2003-01-30 00:00:00+09:00,919.000244140625,919.000244140625,919.000244140625,919.000244140625,0,0.0,0.0
2003-01-31 00:00:00+09:00,919.000244140625,919.000244140625,919.000244140625,919.000244140625,0,0.0,0.0
2003-02-03 00:00:00+09:00,906.1769805163872,914.725819955221,876.2560424804688,876.2560424804688,1600,0.0,0.0
2003-02-04 00:00:00+09:00,871.9816284179688,871.9816284179688,871.9816284179688,871.9816284179688,400,0.0,0.0
2003-02-05 00:00:00+09:00,871.9816284179688,871.9816284179688,871.9816284179688,871.9816284179688,0,0.0,0.0
2003-02-06 00:00:00+09:00,871.9816284179688,871.9816284179688,871.9816284179688,871.9816284179688,0,0.0,0.0
2003-02-07 00:00:00+09:00,871.9816284179688,871.9816284179688,871.9816284179688,871.9816284179688,0,0.0,0.0
2003-02-10 00:00:00+09:00,871.9816284179688,871.9816284179688,871.9816284179688,871.9816284179688,0,0.0,0.0
2003-02-11 00:00:00+09:00,871.9816284179688,871.9816284179688,871.9816284179688,871.9816284179688,0,0.0,0.0
2003-02-12 00:00:00+09:00,871.9816284179688,871.9816284179688,871.9816284179688,871.9816284179688,0,0.0,0.0
2003-02-13 00:00:00+09:00,897.6281127929688,897.6281127929688,897.6281127929688,897.6281127929688,800,0.0,0.0
2003-02-14 00:00:00+09:00,919.000244140625,919.000244140625,919.000244140625,919.000244140625,200,0.0,0.0
2003-02-17 00:00:00+09:00,919.000244140625,919.000244140625,919.000244140625,919.000244140625,400,0.0,0.0
2003-02-18 00:00:00+09:00,919.000244140625,919.000244140625,919.000244140625,919.000244140625,0,0.0,0.0
2003-02-19 00:00:00+09:00,931.823486328125,931.823486328125,931.823486328125,931.823486328125,200,0.0,0.0
2003-02-20 00:00:00+09:00,931.823486328125,931.823486328125,931.823486328125,931.823486328125,0,0.0,0.0
2003-02-21 00:00:00+09:00,940.3723754882812,940.3723754882812,940.3723754882812,940.3723754882812,600,0.0,0.0
2003-02-24 00:00:00+09:00,940.3723754882812,940.3723754882812,940.3723754882812,940.3723754882812,200,0.0,0.0
2003-02-25 00:00:00+09:00,940.3723754882812,940.3723754882812,940.3723754882812,940.3723754882812,0,0.0,0.0
2003-02-26 00:00:00+09:00,897.6281127929688,897.6281127929688,897.6281127929688,897.6281127929688,200,0.0,0.0
2003-02-27 00:00:00+09:00,897.6281127929688,897.6281127929688,897.6281127929688,897.6281127929688,0,0.0,0.0
2003-02-28 00:00:00+09:00,936.0979614257812,936.0979614257812,936.0979614257812,936.0979614257812,200,0.0,0.0
2003-03-03 00:00:00+09:00,936.0979614257812,936.0979614257812,936.0979614257812,936.0979614257812,400,0.0,0.0
2003-03-04 00:00:00+09:00,936.0979614257812,936.0979614257812,936.0979614257812,936.0979614257812,0,0.0,0.0
2003-03-05 00:00:00+09:00,936.0979614257812,936.0979614257812,936.0979614257812,936.0979614257812,0,0.0,0.0
2003-03-06 00:00:00+09:00,936.0979614257812,936.0979614257812,936.0979614257812,936.0979614257812,0,0.0,0.0
2003-03-07 00:00:00+09:00,936.0979614257812,936.0979614257812,936.0979614257812,936.0979614257812,0,0.0,0.0
2003-03-10 00:00:00+09:00,936.0979614257812,936.0979614257812,936.0979614257812,936.0979614257812,0,0.0,0.0
2003-03-11 00:00:00+09:00,936.0979614257812,936.0979614257812,936.0979614257812,936.0979614257812,0,0.0,0.0
2003-03-12 00:00:00+09:00,936.0979614257812,936.0979614257812,936.0979614257812,936.0979614257812,0,0.0,0.0
2003-03-13 00:00:00+09:00,936.0979614257812,936.0979614257812,936.0979614257812,936.0979614257812,0,0.0,0.0
2003-03-14 00:00:00+09:00,919.0002992418077,936.0979792277018,919.0002992418077,923.2747192382812,1200,0.0,0.0
2003-03-17 00:00:00+09:00,923.2747192382812,923.2747192382812,923.2747192382812,923.2747192382812,200,0.0,0.0
2003-03-18 00:00:00+09:00,923.2747192382812,923.2747192382812,923.2747192382812,923.2747192382812,0,0.0,0.0
2003-03-19 00:00:00+09:00,897.6281127929688,897.6281127929688,897.6281127929688,897.6281127929688,400,0.0,0.0
2003-03-20 00:00:00+09:00,897.6281127929688,897.6281127929688,897.6281127929688,897.6281127929688,200,0.0,0.0
2003-03-21 00:00:00+09:00,897.6281127929688,897.6281127929688,897.6281127929688,897.6281127929688,0,0.0,0.0
2003-03-24 00:00:00+09:00,901.9025268554688,901.9025268554688,901.9025268554688,901.9025268554688,200,0.0,0.0
2003-03-25 00:00:00+09:00,931.823541510595,936.0979614257812,931.823541510595,936.0979614257812,400,0.0,0.0
2003-03-26 00:00:00+09:00,940.3723754882812,940.3723754882812,940.3723754882812,940.3723754882812,400,0.0,0.0
2003-03-27 00:00:00+09:00,940.3723754882812,940.3723754882812,940.3723754882812,940.3723754882812,400,0.0,0.0
2003-03-28 00:00:00+09:00,940.3723754882812,940.3723754882812,940.3723754882812,940.3723754882812,0,0.0,0.0
2003-03-31 00:00:00+09:00,940.3723754882812,940.3723754882812,940.3723754882812,940.3723754882812,0,0.0,0.0
2003-04-01 00:00:00+09:00,940.3723754882812,940.3723754882812,940.3723754882812,940.3723754882812,0,0.0,0.0
2003-04-02 00:00:00+09:00,940.3723754882812,940.3723754882812,940.3723754882812,940.3723754882812,0,0.0,0.0
2003-04-03 00:00:00+09:00,897.6281127929688,897.6281127929688,897.6281127929688,897.6281127929688,400,0.0,0.0
2003-04-04 00:00:00+09:00,897.6281127929688,897.6281127929688,897.6281127929688,897.6281127929688,0,0.0,0.0
2003-04-07 00:00:00+09:00,897.6281127929688,897.6281127929688,897.6281127929688,897.6281127929688,0,0.0,0.0
2003-04-08 00:00:00+09:00,897.6281127929688,897.6281127929688,897.6281127929688,897.6281127929688,0,0.0,0.0
2003-04-09 00:00:00+09:00,897.6281127929688,897.6281127929688,897.6281127929688,897.6281127929688,0,0.0,0.0
2003-04-10 00:00:00+09:00,897.6281127929688,897.6281127929688,897.6281127929688,897.6281127929688,0,0.0,0.0
2003-04-11 00:00:00+09:00,897.6281127929688,897.6281127929688,897.6281127929688,897.6281127929688,0,0.0,0.0
2003-04-14 00:00:00+09:00,897.6281127929688,897.6281127929688,897.6281127929688,897.6281127929688,0,0.0,0.0
2003-04-15 00:00:00+09:00,897.6281127929688,897.6281127929688,897.6281127929688,897.6281127929688,0,0.0,0.0
2003-04-16 00:00:00+09:00,897.6281127929688,897.6281127929688,897.6281127929688,897.6281127929688,0,0.0,0.0
2003-04-17 00:00:00+09:00,876.2560424804688,876.2560424804688,876.2560424804688,876.2560424804688,200,0.0,0.0
2003-04-18 00:00:00+09:00,876.2560424804688,876.2560424804688,876.2560424804688,876.2560424804688,0,0.0,0.0
2003-04-21 00:00:00+09:00,876.2560424804688,876.2560424804688,876.2560424804688,876.2560424804688,0,0.0,0.0
2003-04-22 00:00:00+09:00,876.2560424804688,876.2560424804688,876.2560424804688,876.2560424804688,0,0.0,0.0
2003-04-23 00:00:00+09:00,876.2560424804688,876.2560424804688,876.2560424804688,876.2560424804688,0,0.0,0.0
2003-04-24 00:00:00+09:00,893.353759765625,893.353759765625,893.353759765625,893.353759765625,600,0.0,0.0
2003-04-25 00:00:00+09:00,893.353759765625,893.353759765625,893.353759765625,893.353759765625,0,0.0,0.0
2003-04-28 00:00:00+09:00,919.000244140625,927.5490836210029,919.000244140625,919.000244140625,600,0.0,0.0
2003-04-29 00:00:00+09:00,919.000244140625,919.000244140625,919.000244140625,919.000244140625,0,0.0,0.0
2003-04-30 00:00:00+09:00,919.000244140625,919.000244140625,919.000244140625,919.000244140625,200,0.0,0.0
2003-05-01 00:00:00+09:00,940.372308640253,940.372308640253,897.6281127929688,897.6281127929688,1000,0.0,0.0
2003-05-02 00:00:00+09:00,897.6281127929688,897.6281127929688,897.6281127929688,897.6281127929688,0,0.0,0.0
2003-05-05 00:00:00+09:00,897.6281127929688,897.6281127929688,897.6281127929688,897.6281127929688,0,0.0,0.0
2003-05-06 00:00:00+09:00,897.6281127929688,897.6281127929688,897.6281127929688,897.6281127929688,0,0.0,0.0
2003-05-07 00:00:00+09:00,897.6281127929688,897.6281127929688,897.6281127929688,897.6281127929688,0,0.0,0.0
2003-05-08 00:00:00+09:00,897.6281127929688,897.6281127929688,897.6281127929688,897.6281127929688,0,0.0,0.0
2003-05-09 00:00:00+09:00,897.6281127929688,897.6281127929688,897.6281127929688,897.6281127929688,0,0.0,0.0
2003-05-12 00:00:00+09:00,897.6281127929688,897.6281127929688,897.6281127929688,897.6281127929688,800,0.0,0.0
2003-05-13 00:00:00+09:00,897.6281127929688,897.6281127929688,897.6281127929688,897.6281127929688,0,0.0,0.0
2003-05-14 00:00:00+09:00,897.6281127929688,897.6281127929688,897.6281127929688,897.6281127929688,0,0.0,0.0
2003-05-15 00:00:00+09:00,897.6281127929688,897.6281127929688,897.6281127929688,897.6281127929688,0,0.0,0.0
2003-05-16 00:00:00+09:00,897.6281127929688,897.6281127929688,897.6281127929688,897.6281127929688,0,0.0,0.0
2003-05-19 00:00:00+09:00,863.4328002929688,863.4328002929688,863.4328002929688,863.4328002929688,400,0.0,0.0
2003-05-20 00:00:00+09:00,863.4328002929688,863.4328002929688,863.4328002929688,863.4328002929688,0,0.0,0.0
2003-05-21 00:00:00+09:00,871.9816284179688,871.9816284179688,871.9816284179688,871.9816284179688,400,0.0,0.0
2003-05-22 00:00:00+09:00,876.2560424804688,876.2560424804688,876.2560424804688,876.2560424804688,400,0.0,0.0
2003-05-23 00:00:00+09:00,876.2560424804688,876.2560424804688,876.2560424804688,876.2560424804688,0,0.0,0.0
2003-05-26 00:00:00+09:00,876.2560424804688,876.2560424804688,876.2560424804688,876.2560424804688,0,0.0,0.0
2003-05-27 00:00:00+09:00,923.2747192382812,923.2747192382812,923.2747192382812,923.2747192382812,400,0.0,0.0
2003-05-28 00:00:00+09:00,919.000244140625,919.000244140625,919.000244140625,919.000244140625,200,0.0,0.0
2003-05-29 00:00:00+09:00,919.000244140625,919.000244140625,919.000244140625,919.000244140625,0,0.0,0.0
2003-05-30 00:00:00+09:00,919.000244140625,919.000244140625,919.000244140625,919.000244140625,0,0.0,0.0
2003-06-02 00:00:00+09:00,923.2746246482524,923.2746246482524,901.9025268554688,901.9025268554688,800,0.0,0.0
2003-06-03 00:00:00+09:00,901.9025268554688,901.9025268554688,901.9025268554688,901.9025268554688,0,0.0,0.0
2003-06-04 00:00:00+09:00,901.9025268554688,901.9025268554688,901.9025268554688,901.9025268554688,1000,0.0,0.0
2003-06-05 00:00:00+09:00,906.1769464140255,906.1769464140255,901.9025268554688,901.9025268554688,1200,0.0,0.0
2003-06-06 00:00:00+09:00,901.9025268554688,901.9025268554688,901.9025268554688,901.9025268554688,200,0.0,0.0
2003-06-09 00:00:00+09:00,901.9025268554688,901.9025268554688,901.9025268554688,901.9025268554688,1400,0.0,0.0
2003-06-10 00:00:00+09:00,923.2746246482524,923.2746246482524,901.9025268554688,901.9025268554688,400,0.0,0.0
2003-06-11 00:00:00+09:00,897.628185565655,897.628185565655,889.079345703125,889.079345703125,800,0.0,0.0
2003-06-12 00:00:00+09:00,889.079345703125,889.079345703125,889.079345703125,889.079345703125,0,0.0,0.0
2003-06-13 00:00:00+09:00,889.079345703125,889.079345703125,889.079345703125,889.079345703125,0,0.0,0.0
2003-06-16 00:00:00+09:00,919.000244140625,919.000244140625,919.000244140625,919.000244140625,200,0.0,0.0
2003-06-17 00:00:00+09:00,931.823486328125,931.823486328125,931.823486328125,931.823486328125,400,0.0,0.0
2003-06-18 00:00:00+09:00,940.3723428415698,940.3723428415698,919.000244140625,919.000244140625,1000,0.0,0.0
2003-06-19 00:00:00+09:00,940.3723754882812,940.3723754882812,940.3723754882812,940.3723754882812,400,0.0,0.0
2003-06-20 00:00:00+09:00,940.3723754882812,940.3723754882812,940.3723754882812,940.3723754882812,600,0.0,0.0
2003-06-23 00:00:00+09:00,961.7444458007812,961.7444458007812,961.7444458007812,961.7444458007812,400,0.0,0.0
2003-06-24 00:00:00+09:00,944.6467895507812,944.6467895507812,944.6467895507812,944.6467895507812,800,0.0,0.0
2003-06-25 00:00:00+09:00,953.195556640625,953.195556640625,953.195556640625,953.195556640625,600,0.0,0.0
2003-06-26 00:00:00+09:00,974.5677373471467,983.1165771484375,966.0188975458559,983.1165771484375,800,0.0,0.0
2003-06-27 00:00:00+09:00,983.1165771484375,983.1165771484375,983.1165771484375,983.1165771484375,0,0.0,0.0
2003-06-30 00:00:00+09:00,1021.5863037109375,1021.5863037109375,1021.5863037109375,1021.5863037109375,400,0.0,0.0
2003-07-01 00:00:00+09:00,1021.5863037109375,1021.5863037109375,1021.5863037109375,1021.5863037109375,400,0.0,0.0
2003-07-02 00:00:00+09:00,1021.5863037109375,1021.5863037109375,1021.5863037109375,1021.5863037109375,200,0.0,0.0
2003-07-03 00:00:00+09:00,961.7444458007812,961.7444458007812,961.7444458007812,961.7444458007812,1200,0.0,0.0
2003-07-04 00:00:00+09:00,961.7444458007812,961.7444458007812,961.7444458007812,961.7444458007812,0,0.0,0.0
2003-07-07 00:00:00+09:00,961.7444458007812,961.7444458007812,961.7444458007812,961.7444458007812,0,0.0,0.0
2003-07-08 00:00:00+09:00,961.7444458007812,961.7444458007812,961.7444458007812,961.7444458007812,0,0.0,0.0
2003-07-09 00:00:00+09:00,961.7444458007812,961.7444458007812,961.7444458007812,961.7444458007812,0,0.0,0.0
2003-07-10 00:00:00+09:00,961.7444458007812,961.7444458007812,961.7444458007812,961.7444458007812,0,0.0,0.0
2003-07-11 00:00:00+09:00,1004.4887266487912,1004.4887266487912,991.6654663085938,991.6654663085938,5000,0.0,0.0
2003-07-14 00:00:00+09:00,991.6654663085938,991.6654663085938,991.6654663085938,991.6654663085938,600,0.0,0.0
2003-07-15 00:00:00+09:00,991.6654663085938,991.6654663085938,991.6654663085938,991.6654663085938,0,0.0,0.0
2003-07-16 00:00:00+09:00,991.6654663085938,991.6654663085938,991.6654663085938,991.6654663085938,0,0.0,0.0
2003-07-17 00:00:00+09:00,991.6654663085938,991.6654663085938,991.6654663085938,991.6654663085938,200,0.0,0.0
2003-07-18 00:00:00+09:00,991.6654663085938,991.6654663085938,991.6654663085938,991.6654663085938,0,0.0,0.0
2003-07-21 00:00:00+09:00,991.6654663085938,991.6654663085938,991.6654663085938,991.6654663085938,0,0.0,0.0
2003-07-22 00:00:00+09:00,983.1165771484375,983.1165771484375,983.1165771484375,983.1165771484375,200,0.0,0.0
2003-07-23 00:00:00+09:00,983.1165771484375,983.1165771484375,983.1165771484375,983.1165771484375,1400,0.0,0.0
2003-07-24 00:00:00+09:00,983.1165771484375,983.1165771484375,983.1165771484375,983.1165771484375,1000,0.0,0.0
2003-07-25 00:00:00+09:00,983.1165771484375,983.1165771484375,983.1165771484375,983.1165771484375,0,0.0,0.0
2003-07-28 00:00:00+09:00,987.3909912109375,987.3909912109375,987.3909912109375,987.3909912109375,1000,0.0,0.0
2003-07-29 00:00:00+09:00,987.3909912109375,987.3909912109375,987.3909912109375,987.3909912109375,200,0.0,0.0
2003-07-30 00:00:00+09:00,987.3909912109375,987.3909912109375,987.3909912109375,987.3909912109375,400,0.0,0.0
2003-07-31 00:00:00+09:00,987.3909912109375,987.3909912109375,987.3909912109375,987.3909912109375,400,0.0,0.0
2003-08-01 00:00:00+09:00,987.3909912109375,987.3909912109375,987.3909912109375,987.3909912109375,200,0.0,0.0
2003-08-04 00:00:00+09:00,987.3909912109375,987.3909912109375,987.3909912109375,987.3909912109375,600,0.0,0.0
2003-08-05 00:00:00+09:00,987.3909912109375,987.3909912109375,987.3909912109375,987.3909912109375,200,0.0,0.0
2003-08-06 00:00:00+09:00,987.3909912109375,987.3909912109375,987.3909912109375,987.3909912109375,0,0.0,0.0
2003-08-07 00:00:00+09:00,987.3909912109375,987.3909912109375,987.3909912109375,987.3909912109375,0,0.0,0.0
2003-08-08 00:00:00+09:00,987.3909912109375,987.3909912109375,987.3909912109375,987.3909912109375,400,0.0,0.0
2003-08-11 00:00:00+09:00,987.3909912109375,987.3909912109375,987.3909912109375,987.3909912109375,0,0.0,0.0
2003-08-12 00:00:00+09:00,987.3909912109375,987.3909912109375,987.3909912109375,987.3909912109375,0,0.0,0.0
2003-08-13 00:00:00+09:00,987.3909912109375,987.3909912109375,987.3909912109375,987.3909912109375,0,0.0,0.0
2003-08-14 00:00:00+09:00,987.3909912109375,987.3909912109375,987.3909912109375,987.3909912109375,0,0.0,0.0
2003-08-15 00:00:00+09:00,987.3909912109375,987.3909912109375,987.3909912109375,987.3909912109375,0,0.0,0.0
2003-08-18 00:00:00+09:00,991.6654663085938,991.6654663085938,991.6654663085938,991.6654663085938,400,0.0,0.0
2003-08-19 00:00:00+09:00,987.3910461951947,991.6654663085938,987.3910461951947,991.6654663085938,800,0.0,0.0
2003-08-20 00:00:00+09:00,991.6654663085938,991.6654663085938,991.6654663085938,991.6654663085938,200,0.0,0.0
2003-08-21 00:00:00+09:00,991.6654663085938,991.6654663085938,991.6654663085938,991.6654663085938,400,0.0,0.0
2003-08-22 00:00:00+09:00,1013.0374755859375,1013.0374755859375,1013.0374755859375,1013.0374755859375,600,0.0,0.0
2003-08-25 00:00:00+09:00,1025.8607177734375,1025.8607177734375,1025.8607177734375,1025.8607177734375,600,0.0,0.0
2003-08-26 00:00:00+09:00,1030.1351318359375,1030.1351318359375,1030.1351318359375,1030.1351318359375,200,0.0,0.0
2003-08-27 00:00:00+09:00,1030.1351318359375,1030.1351318359375,1030.1351318359375,1030.1351318359375,800,0.0,0.0
2003-08-28 00:00:00+09:00,1030.1351318359375,1030.1351318359375,1030.1351318359375,1030.1351318359375,0,0.0,0.0
2003-08-29 00:00:00+09:00,995.9398193359375,995.9398193359375,995.9398193359375,995.9398193359375,200,0.0,0.0
2003-09-01 00:00:00+09:00,1004.4887084960938,1004.4887084960938,1004.4887084960938,1004.4887084960938,200,0.0,0.0
2003-09-02 00:00:00+09:00,1017.3118953141482,1017.3118953141482,1013.0374755859375,1013.0374755859375,400,0.0,0.0
2003-09-03 00:00:00+09:00,1030.1351318359375,1030.1351318359375,1030.1351318359375,1030.1351318359375,400,0.0,0.0
2003-09-04 00:00:00+09:00,1030.135086957146,1030.135086957146,1017.3118286132811,1017.3118286132812,400,0.0,0.0
2003-09-05 00:00:00+09:00,1017.3118286132811,1017.3118286132811,1017.3118286132811,1017.3118286132812,0,0.0,0.0
2003-09-08 00:00:00+09:00,1017.3118286132811,1017.3118286132811,1017.3118286132811,1017.3118286132812,0,0.0,0.0
2003-09-09 00:00:00+09:00,1017.3118286132811,1017.3118286132811,1017.3118286132811,1017.3118286132812,200,0.0,0.0
2003-09-10 00:00:00+09:00,1017.3118286132811,1017.3118286132811,1017.3118286132811,1017.3118286132812,400,0.0,0.0
2003-09-11 00:00:00+09:00,1017.3118286132811,1017.3118286132811,1017.3118286132811,1017.3118286132812,0,0.0,0.0
2003-09-12 00:00:00+09:00,1025.8607177734375,1025.8607177734375,1025.8607177734375,1025.8607177734375,400,0.0,0.0
2003-09-15 00:00:00+09:00,1025.8607177734375,1025.8607177734375,1025.8607177734375,1025.8607177734375,0,0.0,0.0
2003-09-16 00:00:00+09:00,1030.135224133003,1051.50732421875,1030.135224133003,1051.50732421875,1800,0.0,0.0
2003-09-17 00:00:00+09:00,1089.97705078125,1089.97705078125,1089.97705078125,1089.97705078125,800,0.0,0.0
2003-09-18 00:00:00+09:00,1089.97705078125,1089.97705078125,1089.97705078125,1089.97705078125,600,0.0,0.0
2003-09-19 00:00:00+09:00,1089.97705078125,1089.97705078125,1089.97705078125,1089.97705078125,0,0.0,0.0
2003-09-22 00:00:00+09:00,1089.97705078125,1089.97705078125,1089.97705078125,1089.97705078125,0,0.0,0.0
2003-09-23 00:00:00+09:00,1089.97705078125,1089.97705078125,1089.97705078125,1089.97705078125,0,0.0,0.0
2003-09-24 00:00:00+09:00,1111.3491324491279,1111.3491324491279,1102.80029296875,1102.80029296875,800,0.0,0.0
2003-09-25 00:00:00+09:00,1102.80029296875,1102.80029296875,1102.80029296875,1102.80029296875,400,0.0,0.0
2003-09-26 00:00:00+09:00,1107.0746333007812,1107.0746333007812,1068.6048583984375,1068.6048583984375,600,0.0,0.0
2003-09-29 00:00:00+09:00,1068.6048583984375,1068.6048583984375,1068.6048583984375,1068.6048583984375,0,0.0,0.0
2003-09-30 00:00:00+09:00,1089.97705078125,1089.97705078125,1089.97705078125,1089.97705078125,800,0.0,0.0
2003-10-01 00:00:00+09:00,1089.97705078125,1089.97705078125,1089.97705078125,1089.97705078125,0,0.0,0.0
2003-10-02 00:00:00+09:00,1089.97705078125,1089.97705078125,1089.97705078125,1089.97705078125,1000,0.0,0.0
2003-10-03 00:00:00+09:00,1089.97705078125,1089.97705078125,1089.97705078125,1089.97705078125,0,0.0,0.0
2003-10-06 00:00:00+09:00,1089.97705078125,1089.97705078125,1089.97705078125,1089.97705078125,0,0.0,0.0
2003-10-07 00:00:00+09:00,1111.34912109375,1111.34912109375,1111.34912109375,1111.34912109375,400,0.0,0.0
2003-10-08 00:00:00+09:00,1111.34912109375,1111.34912109375,1111.34912109375,1111.34912109375,0,0.0,0.0
2003-10-09 00:00:00+09:00,1111.34912109375,1111.34912109375,1111.34912109375,1111.34912109375,200,0.0,0.0
2003-10-10 00:00:00+09:00,1094.25146484375,1094.25146484375,1094.25146484375,1094.25146484375,200,0.0,0.0
2003-10-13 00:00:00+09:00,1094.25146484375,1094.25146484375,1094.25146484375,1094.25146484375,0,0.0,0.0
2003-10-14 00:00:00+09:00,1094.25146484375,1094.25146484375,1094.25146484375,1094.25146484375,0,0.0,0.0
2003-10-15 00:00:00+09:00,1081.4282168891486,1085.70263671875,1081.4282168891486,1085.70263671875,400,0.0,0.0
2003-10-16 00:00:00+09:00,1085.70263671875,1085.70263671875,1085.70263671875,1085.70263671875,0,0.0,0.0
2003-10-17 00:00:00+09:00,1085.70263671875,1085.70263671875,1085.70263671875,1085.70263671875,0,0.0,0.0
2003-10-20 00:00:00+09:00,1115.6235407902645,1115.6235407902645,1111.34912109375,1111.34912109375,800,0.0,0.0
2003-10-21 00:00:00+09:00,1111.34912109375,1111.34912109375,1111.34912109375,1111.34912109375,800,0.0,0.0
2003-10-22 00:00:00+09:00,1111.3491043845056,1132.721202545746,1111.3491043845056,1124.17236328125,1200,0.0,0.0
2003-10-23 00:00:00+09:00,1124.17236328125,1124.17236328125,1124.17236328125,1124.17236328125,400,0.0,0.0
2003-10-24 00:00:00+09:00,1098.525873228561,1102.80029296875,1098.525873228561,1102.80029296875,1000,0.0,0.0
2003-10-27 00:00:00+09:00,1102.80029296875,1102.80029296875,1102.80029296875,1102.80029296875,400,0.0,0.0
2003-10-28 00:00:00+09:00,1107.0747013972357,1132.7212195763223,1102.8002817007211,1111.34912109375,1800,0.0,0.0
2003-10-29 00:00:00+09:00,1132.7213194876006,1132.7213194876006,1128.4468994140625,1128.4468994140625,800,0.0,0.0
2003-10-30 00:00:00+09:00,1107.0747644495082,1154.0933837890625,1107.0747644495082,1154.0933837890625,1000,0.0,0.0
2003-10-31 00:00:00+09:00,1154.0933837890625,1154.0933837890625,1154.0933837890625,1154.0933837890625,400,0.0,0.0
2003-11-03 00:00:00+09:00,1154.0933837890625,1154.0933837890625,1154.0933837890625,1154.0933837890625,0,0.0,0.0
2003-11-04 00:00:00+09:00,1154.0933837890625,1154.0933837890625,1154.0933837890625,1154.0933837890625,200,0.0,0.0
2003-11-05 00:00:00+09:00,1154.0933837890625,1154.0933837890625,1154.0933837890625,1154.0933837890625,0,0.0,0.0
2003-11-06 00:00:00+09:00,1175.4654541015625,1175.4654541015625,1175.4654541015625,1175.4654541015625,1000,0.0,0.0
2003-11-07 00:00:00+09:00,1175.4654541015625,1175.4654541015625,1175.4654541015625,1175.4654541015625,0,0.0,0.0
2003-11-10 00:00:00+09:00,1175.4654541015625,1175.4654541015625,1175.4654541015625,1175.4654541015625,0,0.0,0.0
2003-11-11 00:00:00+09:00,1128.4468994140625,1128.4468994140625,1128.4468994140625,1128.4468994140625,200,0.0,0.0
2003-11-12 00:00:00+09:00,1128.4468994140625,1128.4468994140625,1128.4468994140625,1128.4468994140625,0,0.0,0.0
2003-11-13 00:00:00+09:00,1128.4468994140625,1128.4468994140625,1128.4468994140625,1128.4468994140625,0,0.0,0.0
2003-11-14 00:00:00+09:00,1128.4468994140625,1128.4468994140625,1128.4468994140625,1128.4468994140625,0,0.0,0.0
2003-11-17 00:00:00+09:00,1128.4468994140625,1128.4468994140625,1128.4468994140625,1128.4468994140625,0,0.0,0.0
2003-11-18 00:00:00+09:00,1128.4468994140625,1128.4468994140625,1128.4468994140625,1128.4468994140625,0,0.0,0.0
2003-11-19 00:00:00+09:00,1128.4468994140625,1128.4468994140625,1128.4468994140625,1128.4468994140625,0,0.0,0.0
2003-11-20 00:00:00+09:00,1128.4468994140625,1128.4468994140625,1128.4468994140625,1128.4468994140625,0,0.0,0.0
2003-11-21 00:00:00+09:00,1128.4468994140625,1128.4468994140625,1128.4468994140625,1128.4468994140625,0,0.0,0.0
2003-11-24 00:00:00+09:00,1128.4468994140625,1128.4468994140625,1128.4468994140625,1128.4468994140625,0,0.0,0.0
2003-11-25 00:00:00+09:00,1128.4468994140625,1128.4468994140625,1128.4468994140625,1128.4468994140625,0,0.0,0.0
2003-11-26 00:00:00+09:00,1128.4468994140625,1128.4468994140625,1128.4468994140625,1128.4468994140625,0,0.0,0.0
2003-11-27 00:00:00+09:00,1128.4468994140625,1128.4468994140625,1128.4468994140625,1128.4468994140625,0,0.0,0.0
2003-11-28 00:00:00+09:00,1119.89794921875,1119.89794921875,1119.89794921875,1119.89794921875,200,0.0,0.0
2003-12-01 00:00:00+09:00,1119.89794921875,1119.89794921875,1119.89794921875,1119.89794921875,400,0.0,0.0
2003-12-02 00:00:00+09:00,1119.89794921875,1119.89794921875,1119.89794921875,1119.89794921875,0,0.0,0.0
2003-12-03 00:00:00+09:00,1119.89794921875,1119.89794921875,1119.89794921875,1119.89794921875,200,0.0,0.0
2003-12-04 00:00:00+09:00,1119.89794921875,1119.89794921875,1119.89794921875,1119.89794921875,0,0.0,0.0
2003-12-05 00:00:00+09:00,1119.89794921875,1119.89794921875,1119.89794921875,1119.89794921875,0,0.0,0.0
2003-12-08 00:00:00+09:00,1119.89794921875,1119.89794921875,1119.89794921875,1119.89794921875,0,0.0,0.0
2003-12-09 00:00:00+09:00,1119.89794921875,1119.89794921875,1119.89794921875,1119.89794921875,0,0.0,0.0
2003-12-10 00:00:00+09:00,1119.89794921875,1119.89794921875,1119.89794921875,1119.89794921875,0,0.0,0.0
2003-12-11 00:00:00+09:00,1119.89794921875,1119.89794921875,1119.89794921875,1119.89794921875,0,0.0,0.0
2003-12-12 00:00:00+09:00,1077.1538410017974,1077.1538410017974,966.0189208984375,966.0189208984375,16400,0.0,0.0
2003-12-15 00:00:00+09:00,966.0189208984375,966.0189208984375,966.0189208984375,966.0189208984375,0,0.0,0.0
2003-12-16 00:00:00+09:00,1064.3305552606996,1068.604975161345,983.1165771484375,983.1165771484375,4600,0.0,0.0
2003-12-17 00:00:00+09:00,983.1165771484375,983.1165771484375,983.1165771484375,983.1165771484375,0,0.0,0.0
2003-12-18 00:00:00+09:00,983.1165771484375,983.1165771484375,983.1165771484375,983.1165771484375,0,0.0,0.0
2003-12-19 00:00:00+09:00,983.1165771484375,983.1165771484375,983.1165771484375,983.1165771484375,0,0.0,0.0
2003-12-22 00:00:00+09:00,995.9398309616815,995.9398309616815,987.3909912109375,987.3909912109375,400,0.0,0.0
2003-12-23 00:00:00+09:00,987.3909912109375,987.3909912109375,987.3909912109375,987.3909912109375,0,0.0,0.0
2003-12-24 00:00:00+09:00,1030.135115326428,1042.9583740234375,1030.135115326428,1042.9583740234375,600,0.0,0.0
2003-12-25 00:00:00+09:00,1042.9583964029948,1042.9583964029948,1025.8607177734375,1025.8607177734375,2000,0.0,0.0
2003-12-26 00:00:00+09:00,1025.8607177734375,1025.8607177734375,1025.8607177734375,1025.8607177734375,200,0.0,0.0
2003-12-29 00:00:00+09:00,1025.8607177734375,1025.8607177734375,1025.8607177734375,1025.8607177734375,0,0.0,0.0
2003-12-30 00:00:00+09:00,1085.7026029146634,1111.34912109375,1085.7026029146634,1111.34912109375,400,0.0,0.0
2003-12-31 00:00:00+09:00,1111.34912109375,1111.34912109375,1111.34912109375,1111.34912109375,0,0.0,0.0
2004-01-01 00:00:00+09:00,1111.34912109375,1111.34912109375,1111.34912109375,1111.34912109375,0,0.0,0.0
2004-01-02 00:00:00+09:00,1111.34912109375,1111.34912109375,1111.34912109375,1111.34912109375,0,0.0,0.0
2004-01-05 00:00:00+09:00,1111.34912109375,1111.34912109375,1111.34912109375,1111.34912109375,800,0.0,0.0
2004-01-06 00:00:00+09:00,1111.34912109375,1111.34912109375,1111.34912109375,1111.34912109375,600,0.0,0.0
2004-01-07 00:00:00+09:00,1145.5444786658654,1145.5444786658654,1111.34912109375,1111.34912109375,400,0.0,0.0
2004-01-08 00:00:00+09:00,1115.62353515625,1115.62353515625,1115.62353515625,1115.62353515625,200,0.0,0.0
2004-01-09 00:00:00+09:00,1115.6235130454008,1132.72119140625,1115.6235130454008,1132.72119140625,400,0.0,0.0
2004-01-12 00:00:00+09:00,1132.72119140625,1132.72119140625,1132.72119140625,1132.72119140625,0,0.0,0.0
2004-01-13 00:00:00+09:00,1149.818963849103,1154.0933837890625,1149.818963849103,1154.0933837890625,600,0.0,0.0
2004-01-14 00:00:00+09:00,1154.0933837890625,1154.0933837890625,1154.0933837890625,1154.0933837890625,400,0.0,0.0
2004-01-15 00:00:00+09:00,1149.8189697265625,1149.8189697265625,1149.8189697265625,1149.8189697265625,400,0.0,0.0
2004-01-16 00:00:00+09:00,1149.8189697265625,1149.8189697265625,1149.8189697265625,1149.8189697265625,1200,0.0,0.0
2004-01-19 00:00:00+09:00,1149.8189464750744,1166.9166259765625,1149.8189464750744,1166.9166259765625,400,0.0,0.0
2004-01-20 00:00:00+09:00,1166.9166555831682,1166.9166555831682,1145.5445556640625,1145.5445556640625,1200,0.0,0.0
2004-01-21 00:00:00+09:00,1171.1910400390625,1171.1910400390625,1171.1910400390625,1171.1910400390625,400,0.0,0.0
2004-01-22 00:00:00+09:00,1171.1910400390625,1171.1910400390625,1171.1910400390625,1171.1910400390625,0,0.0,0.0
2004-01-23 00:00:00+09:00,1188.2887194556913,1188.2887194556913,1171.1910400390625,1171.1910400390625,1400,0.0,0.0
2004-01-26 00:00:00+09:00,1184.0143054780506,1184.0143054780506,1154.0933663504463,1166.9166259765625,3000,0.0,0.0
2004-01-27 00:00:00+09:00,1166.9166259765625,1166.9166259765625,1166.9166259765625,1166.9166259765625,200,0.0,0.0
2004-01-28 00:00:00+09:00,1154.0933837890625,1154.0933837890625,1154.0933837890625,1154.0933837890625,200,0.0,0.0
2004-01-29 00:00:00+09:00,1154.0933837890625,1154.0933837890625,1154.0933837890625,1154.0933837890625,200,0.0,0.0
2004-01-30 00:00:00+09:00,1154.0933837890625,1154.0933837890625,1154.0933837890625,1154.0933837890625,0,0.0,0.0
2004-02-02 00:00:00+09:00,1154.0933122306035,1154.0933122306035,1115.62353515625,1115.62353515625,1600,0.0,0.0
2004-02-03 00:00:00+09:00,1115.6235464677848,1115.6235464677848,1107.07470703125,1107.07470703125,1200,0.0,0.0
2004-02-04 00:00:00+09:00,1107.07470703125,1107.07470703125,1107.07470703125,1107.07470703125,0,0.0,0.0
2004-02-05 00:00:00+09:00,1111.34912109375,1111.34912109375,1111.34912109375,1111.34912109375,9600,0.0,0.0
2004-02-06 00:00:00+09:00,1111.34912109375,1111.34912109375,1111.34912109375,1111.34912109375,400,0.0,0.0
2004-02-09 00:00:00+09:00,1115.62353515625,1115.62353515625,1115.62353515625,1115.62353515625,200,0.0,0.0
2004-02-10 00:00:00+09:00,1136.99560546875,1136.99560546875,1132.7211858993185,1136.99560546875,600,0.0,0.0
2004-02-11 00:00:00+09:00,1136.99560546875,1136.99560546875,1136.99560546875,1136.99560546875,0,0.0,0.0
2004-02-12 00:00:00+09:00,1141.2701067243304,1166.9166259765625,1141.2701067243304,1166.9166259765625,2000,0.0,0.0
2004-02-13 00:00:00+09:00,1166.9166555831682,1166.9166555831682,1145.5445556640625,1145.5445556640625,1000,0.0,0.0
2004-02-16 00:00:00+09:00,1166.9166259765625,1166.9166259765625,1166.9166259765625,1166.9166259765625,200,0.0,0.0
2004-02-17 00:00:00+09:00,1175.4654426436991,1184.0142822265625,1175.4654426436991,1184.0142822265625,600,0.0,0.0
2004-02-18 00:00:00+09:00,1196.837646484375,1196.837646484375,1196.837646484375,1196.837646484375,200,0.0,0.0
2004-02-19 00:00:00+09:00,1213.935175095943,1222.484014357182,1213.935175095943,1218.2095947265625,800,0.0,0.0
2004-02-20 00:00:00+09:00,1218.2095947265625,1218.2095947265625,1218.2095947265625,1218.2095947265625,400,0.0,0.0
2004-02-23 00:00:00+09:00,1218.2095947265625,1218.2095947265625,1218.2095947265625,1218.2095947265625,200,0.0,0.0
2004-02-24 00:00:00+09:00,1218.209583667928,1226.7584228515625,1218.209583667928,1226.7584228515625,800,0.0,0.0
2004-02-25 00:00:00+09:00,1226.7584228515625,1226.7584228515625,1226.7584228515625,1226.7584228515625,200,0.0,0.0
2004-02-26 00:00:00+09:00,1239.5818481445312,1239.5818481445312,1196.837646484375,1196.837646484375,2400,0.0,0.0
2004-02-27 00:00:00+09:00,1218.2097473144531,1218.2097473144531,1196.837646484375,1196.837646484375,2000,0.0,0.0
2004-03-01 00:00:00+09:00,1201.1119217133858,1213.9351806640625,1196.8375020631602,1213.9351806640625,5000,0.0,0.0
2004-03-02 00:00:00+09:00,1218.2096059415028,1218.2096059415028,1196.837507591652,1209.6607666015625,2400,0.0,0.0
2004-03-03 00:00:00+09:00,1213.9351976062055,1218.2096173160867,1201.1119384765625,1201.1119384765625,1600,0.0,0.0
2004-03-04 00:00:00+09:00,1231.0329184322034,1260.953857421875,1231.0329184322034,1260.953857421875,3200,0.0,0.0
2004-03-05 00:00:00+09:00,1260.9538868871227,1260.9538868871227,1239.581787109375,1239.581787109375,2000,0.0,0.0
2004-03-08 00:00:00+09:00,1239.5816816270144,1239.5816816270144,1226.7584228515625,1226.7584228515625,2800,0.0,0.0
2004-03-09 00:00:00+09:00,1226.7584228515625,1226.7584228515625,1226.7584228515625,1226.7584228515625,0,0.0,0.0
2004-03-10 00:00:00+09:00,1239.581758143538,1260.953857421875,1239.581758143538,1260.953857421875,1400,0.0,0.0
2004-03-11 00:00:00+09:00,1453.3027060688407,1474.6748046875,1389.1864102128625,1474.6748046875,9800,0.0,0.0
2004-03-12 00:00:00+09:00,1470.4002900965072,1470.4002900965072,1410.558417825138,1453.3026123046875,4200,0.0,0.0
2004-03-15 00:00:00+09:00,1419.1074043843284,1440.4795038479479,1419.1074043843284,1431.9306640625,1400,0.0,0.0
2004-03-16 00:00:00+09:00,1444.7537734087775,1474.6747095444623,1427.6560956169576,1453.3026123046875,3000,0.0,0.0
2004-03-17 00:00:00+09:00,1457.5770982142858,1496.046875,1457.5770982142858,1496.046875,2600,0.0,0.0
2004-03-18 00:00:00+09:00,1496.046875,1496.046875,1496.046875,1496.046875,2200,0.0,0.0
2004-03-19 00:00:00+09:00,1496.046875,1496.046875,1496.046875,1496.046875,0,0.0,0.0
2004-03-22 00:00:00+09:00,1457.5771484375,1457.5771484375,1457.5771484375,1457.5771484375,200,0.0,0.0
2004-03-23 00:00:00+09:00,1440.479509730539,1440.479509730539,1419.1074101796407,1427.65625,1000,0.0,0.0
2004-03-24 00:00:00+09:00,1427.65625,1427.65625,1427.65625,1427.65625,0,0.0,0.0
2004-03-25 00:00:00+09:00,1453.3026123046875,1474.6747095444623,1453.3026123046875,1453.3026123046875,2000,0.0,0.0
2004-03-26 00:00:00+09:00,1431.9306640625,1431.9306640625,1431.9306640625,1431.9306640625,600,0.0,0.0
2004-03-29 00:00:00+09:00,1431.9306640625,1431.9306640625,1431.9306640625,1431.9306640625,200,0.0,0.0
2004-03-30 00:00:00+09:00,1325.0701904296875,1325.0701904296875,1325.0701904296875,1325.0701904296875,600,0.0,0.0
2004-03-31 00:00:00+09:00,1333.618891024361,1337.893310546875,1333.618891024361,1337.893310546875,400,0.0,0.0
2004-04-01 00:00:00+09:00,1342.1677300693889,1342.1677300693889,1337.893310546875,1337.893310546875,400,0.0,0.0
2004-04-02 00:00:00+09:00,1367.8143310546875,1367.8143310546875,1367.8143310546875,1367.8143310546875,200,0.0,0.0
2004-04-05 00:00:00+09:00,1431.930717983129,1431.930717983129,1393.4609375,1393.4609375,1600,0.0,0.0
2004-04-06 00:00:00+09:00,1410.5584716796875,1410.5584716796875,1410.5584716796875,1410.5584716796875,400,0.0,0.0
2004-04-07 00:00:00+09:00,1393.4609375,1393.4609375,1393.4609375,1393.4609375,400,0.0,0.0
2004-04-08 00:00:00+09:00,1393.4609375,1393.4609375,1393.4609375,1393.4609375,0,0.0,0.0
2004-04-09 00:00:00+09:00,1393.4609375,1393.4609375,1393.4609375,1393.4609375,0,0.0,0.0
2004-04-12 00:00:00+09:00,1363.539928544583,1363.539928544583,1350.7166690284896,1354.9910888671875,1000,0.0,0.0
2004-04-13 00:00:00+09:00,1367.814342570755,1367.814342570755,1359.2655029296875,1359.2655029296875,400,0.0,0.0
2004-04-14 00:00:00+09:00,1367.814342570755,1367.814342570755,1354.991083109154,1359.2655029296875,800,0.0,0.0
2004-04-15 00:00:00+09:00,1367.8142306170885,1367.8142306170885,1350.716552734375,1350.716552734375,1800,0.0,0.0
2004-04-16 00:00:00+09:00,1337.8934038270195,1359.2655029296875,1337.8934038270195,1359.2655029296875,400,0.0,0.0
2004-04-19 00:00:00+09:00,1367.8143483832807,1367.8143483832807,1354.9910888671875,1354.9910888671875,600,0.0,0.0
2004-04-20 00:00:00+09:00,1354.9910888671875,1354.9910888671875,1354.9910888671875,1354.9910888671875,200,0.0,0.0
2004-04-21 00:00:00+09:00,1354.9910717010498,1367.8143310546875,1354.9910717010498,1367.8143310546875,1200,0.0,0.0
2004-04-22 00:00:00+09:00,1389.1864013671875,1389.1864013671875,1389.1864013671875,1389.1864013671875,400,0.0,0.0
2004-04-23 00:00:00+09:00,1389.1864013671875,1389.1864013671875,1389.1864013671875,1389.1864013671875,0,0.0,0.0
2004-04-26 00:00:00+09:00,1350.7166462835864,1372.0887451171875,1350.7166462835864,1372.0887451171875,800,0.0,0.0
2004-04-27 00:00:00+09:00,1354.9910888671875,1354.9910888671875,1354.9910888671875,1354.9910888671875,200,0.0,0.0
2004-04-28 00:00:00+09:00,1389.1864013671875,1389.1864013671875,1389.1864013671875,1389.1864013671875,600,0.0,0.0
2004-04-29 00:00:00+09:00,1389.1864013671875,1389.1864013671875,1389.1864013671875,1389.1864013671875,0,0.0,0.0
2004-04-30 00:00:00+09:00,1384.9120218528892,1384.9120218528892,1337.8934038270195,1359.2655029296875,1200,0.0,0.0
2004-05-03 00:00:00+09:00,1359.2655029296875,1359.2655029296875,1359.2655029296875,1359.2655029296875,0,0.0,0.0
2004-05-04 00:00:00+09:00,1359.2655029296875,1359.2655029296875,1359.2655029296875,1359.2655029296875,0,0.0,0.0
2004-05-05 00:00:00+09:00,1359.2655029296875,1359.2655029296875,1359.2655029296875,1359.2655029296875,0,0.0,0.0
2004-05-06 00:00:00+09:00,1380.6376197451636,1380.6376197451636,1346.4422607421875,1346.4422607421875,400,0.0,0.0
2004-05-07 00:00:00+09:00,1346.442266573572,1346.442266573572,1342.1678466796875,1342.1678466796875,800,0.0,0.0
2004-05-10 00:00:00+09:00,1286.6003474934896,1286.6003474934896,1282.325927734375,1282.325927734375,800,0.0,0.0
2004-05-11 00:00:00+09:00,1282.3260498046875,1282.3260498046875,1196.837646484375,1196.837646484375,400,0.0,0.0
2004-05-12 00:00:00+09:00,1260.953857421875,1260.953857421875,1260.953857421875,1260.953857421875,200,0.0,0.0
2004-05-13 00:00:00+09:00,1239.581758143538,1260.953857421875,1239.581758143538,1260.953857421875,400,0.0,0.0
2004-05-14 00:00:00+09:00,1243.8561012188318,1282.3258775451873,1226.7584228515625,1226.7584228515625,600,0.0,0.0
2004-05-17 00:00:00+09:00,1226.7584228515625,1226.7584228515625,1226.7584228515625,1226.7584228515625,0,0.0,0.0
2004-05-18 00:00:00+09:00,1175.4654426436991,1184.0142822265625,1175.4654426436991,1184.0142822265625,600,0.0,0.0
2004-05-19 00:00:00+09:00,1239.581787109375,1239.581787109375,1239.581787109375,1239.581787109375,200,0.0,0.0
2004-05-20 00:00:00+09:00,1239.581787109375,1239.581787109375,1239.581787109375,1239.581787109375,200,0.0,0.0
2004-05-21 00:00:00+09:00,1239.581787109375,1239.581787109375,1239.581787109375,1239.581787109375,0,0.0,0.0
2004-05-24 00:00:00+09:00,1325.0701904296875,1325.0701904296875,1325.0701904296875,1325.0701904296875,600,0.0,0.0
2004-05-25 00:00:00+09:00,1329.3445529937744,1367.8143310546875,1329.3445529937744,1367.8143310546875,400,0.0,0.0
2004-05-26 00:00:00+09:00,1363.539794921875,1363.539794921875,1363.539794921875,1363.539794921875,200,0.0,0.0
2004-05-27 00:00:00+09:00,1363.539794921875,1363.539794921875,1363.539794921875,1363.539794921875,0,0.0,0.0
2004-05-28 00:00:00+09:00,1363.539794921875,1363.539794921875,1363.539794921875,1363.539794921875,0,0.0,0.0
2004-05-31 00:00:00+09:00,1354.9910888671875,1354.9910888671875,1354.9910888671875,1354.9910888671875,200,0.0,0.0
2004-06-01 00:00:00+09:00,1260.953857421875,1260.953857421875,1260.953857421875,1260.953857421875,200,0.0,0.0
2004-06-02 00:00:00+09:00,1260.953857421875,1260.953857421875,1260.953857421875,1260.953857421875,0,0.0,0.0
2004-06-03 00:00:00+09:00,1286.6003474934896,1286.6003474934896,1282.325927734375,1282.325927734375,2000,0.0,0.0
2004-06-04 00:00:00+09:00,1282.325927734375,1282.325927734375,1282.325927734375,1282.325927734375,0,0.0,0.0
2004-06-07 00:00:00+09:00,1282.325927734375,1282.325927734375,1282.325927734375,1282.325927734375,0,0.0,0.0
2004-06-08 00:00:00+09:00,1282.325927734375,1282.325927734375,1282.325927734375,1282.325927734375,1000,0.0,0.0
2004-06-09 00:00:00+09:00,1260.953857421875,1260.953857421875,1260.953857421875,1260.953857421875,200,0.0,0.0
2004-06-10 00:00:00+09:00,1260.953857421875,1260.953857421875,1260.953857421875,1260.953857421875,0,0.0,0.0
2004-06-11 00:00:00+09:00,1265.2282772775425,1265.2282772775425,1260.953857421875,1260.953857421875,400,0.0,0.0
2004-06-14 00:00:00+09:00,1260.953828938802,1290.8747672526042,1260.953828938802,1282.325927734375,3200,0.0,0.0
2004-06-15 00:00:00+09:00,1303.6980905840473,1325.0701904296875,1303.6980905840473,1325.0701904296875,1400,0.0,0.0
2004-06-16 00:00:00+09:00,1325.0701904296875,1325.0701904296875,1325.0701904296875,1325.0701904296875,0,0.0,0.0
2004-06-17 00:00:00+09:00,1282.325927734375,1282.325927734375,1282.325927734375,1282.325927734375,200,0.0,0.0
2004-06-18 00:00:00+09:00,1282.325927734375,1282.325927734375,1282.325927734375,1282.325927734375,0,0.0,0.0
2004-06-21 00:00:00+09:00,1286.600445797569,1299.4237060546875,1282.3260257118627,1299.4237060546875,3000,0.0,0.0
2004-06-22 00:00:00+09:00,1299.4235896245875,1303.6980093272998,1295.149169921875,1295.149169921875,2200,0.0,0.0
2004-06-23 00:00:00+09:00,1295.149169921875,1295.149169921875,1290.8747502191625,1295.149169921875,600,0.0,0.0
2004-06-24 00:00:00+09:00,1303.697998046875,1307.9724177126025,1303.697998046875,1303.697998046875,1200,0.0,0.0
2004-06-25 00:00:00+09:00,1307.972412109375,1307.972412109375,1307.972412109375,1307.972412109375,200,0.0,0.0
2004-06-28 00:00:00+09:00,1346.442249189792,1354.9910888671875,1346.442249189792,1354.9910888671875,400,0.0,0.0
2004-06-29 00:00:00+09:00,1354.9911004929315,1354.9911004929315,1346.4422607421875,1346.4422607421875,400,0.0,0.0
2004-06-30 00:00:00+09:00,1367.8143028846155,1389.1864013671875,1367.8143028846155,1389.1864013671875,400,0.0,0.0
2004-07-01 00:00:00+09:00,1389.1864013671875,1389.1864013671875,1389.1864013671875,1389.1864013671875,400,0.0,0.0
2004-07-02 00:00:00+09:00,1372.0887508392334,1372.0887508392334,1367.8143310546875,1367.8143310546875,400,0.0,0.0
2004-07-05 00:00:00+09:00,1359.2654634915866,1389.1864013671875,1359.2654634915866,1389.1864013671875,600,0.0,0.0
2004-07-06 00:00:00+09:00,1389.1864013671875,1389.1864013671875,1389.1864013671875,1389.1864013671875,400,0.0,0.0
2004-07-07 00:00:00+09:00,1389.1864241840685,1389.1864241840685,1367.8143253504675,1372.0887451171875,1400,0.0,0.0
2004-07-08 00:00:00+09:00,1393.460821063702,1393.460821063702,1380.6375619741586,1389.1864013671875,1400,0.0,0.0
2004-07-09 00:00:00+09:00,1393.4607987331403,1410.5584772452032,1393.4607987331403,1406.2840576171875,1800,0.0,0.0
2004-07-12 00:00:00+09:00,1423.3818418204066,1436.2051016566265,1419.107421875,1419.107421875,1600,0.0,0.0
2004-07-13 00:00:00+09:00,1423.3818242770524,1453.3027635261194,1423.3818242770524,1431.9306640625,600,0.0,0.0
2004-07-14 00:00:00+09:00,1453.302757626488,1453.302757626488,1436.205078125,1436.205078125,1000,0.0,0.0
2004-07-15 00:00:00+09:00,1457.57717750186,1457.57717750186,1436.205078125,1436.205078125,2800,0.0,0.0
2004-07-16 00:00:00+09:00,1436.204989346591,1436.204989346591,1410.5584716796875,1410.5584716796875,2400,0.0,0.0
2004-07-19 00:00:00+09:00,1410.5584716796875,1410.5584716796875,1410.5584716796875,1410.5584716796875,0,0.0,0.0
2004-07-20 00:00:00+09:00,1410.5584716796875,1410.5584716796875,1410.5584716796875,1410.5584716796875,1200,0.0,0.0
2004-07-21 00:00:00+09:00,1410.5584716796875,1423.3817305131392,1410.5584716796875,1410.5584716796875,600,0.0,0.0
2004-07-22 00:00:00+09:00,1393.4607932350852,1410.5584716796875,1393.4607932350852,1410.5584716796875,1000,0.0,0.0
2004-07-23 00:00:00+09:00,1410.5584716796875,1410.5584716796875,1410.5584716796875,1410.5584716796875,0,0.0,0.0
2004-07-26 00:00:00+09:00,1402.0096435546875,1402.0096435546875,1402.0096435546875,1402.0096435546875,200,0.0,0.0
2004-07-27 00:00:00+09:00,1367.8143310546875,1367.8143310546875,1367.8143310546875,1367.8143310546875,2600,0.0,0.0
2004-07-28 00:00:00+09:00,1367.8143310546875,1367.8143310546875,1367.8143310546875,1367.8143310546875,600,0.0,0.0
2004-07-29 00:00:00+09:00,1367.8143310546875,1367.8143310546875,1367.8143310546875,1367.8143310546875,0,0.0,0.0
2004-07-30 00:00:00+09:00,1367.8142306170885,1367.8142306170885,1350.716552734375,1350.716552734375,600,0.0,0.0
2004-08-02 00:00:00+09:00,1367.8142306170885,1367.8142306170885,1350.716552734375,1350.716552734375,2600,0.0,0.0
2004-08-03 00:00:00+09:00,1354.9910717010498,1367.8143310546875,1354.9910717010498,1367.8143310546875,1200,0.0,0.0
2004-08-04 00:00:00+09:00,1367.8143310546875,1367.8143310546875,1367.8143310546875,1367.8143310546875,2800,0.0,0.0
2004-08-05 00:00:00+09:00,1406.2840576171875,1406.2840576171875,1406.2840576171875,1406.2840576171875,400,0.0,0.0
2004-08-06 00:00:00+09:00,1406.2840576171875,1406.2840576171875,1406.2840576171875,1406.2840576171875,0,0.0,0.0
2004-08-09 00:00:00+09:00,1372.0887451171875,1372.0887451171875,1367.8143253504675,1372.0887451171875,1200,0.0,0.0
2004-08-10 00:00:00+09:00,1372.0887451171875,1372.0887451171875,1372.0887451171875,1372.0887451171875,0,0.0,0.0
2004-08-11 00:00:00+09:00,1372.0887451171875,1372.0887451171875,1372.0887451171875,1372.0887451171875,0,0.0,0.0
2004-08-12 00:00:00+09:00,1372.0887451171875,1372.0887451171875,1372.0887451171875,1372.0887451171875,0,0.0,0.0
2004-08-13 00:00:00+09:00,1372.0887451171875,1372.0887451171875,1372.0887451171875,1372.0887451171875,0,0.0,0.0
2004-08-16 00:00:00+09:00,1376.3631648839078,1376.3631648839078,1372.0887451171875,1372.0887451171875,600,0.0,0.0
2004-08-17 00:00:00+09:00,1376.3631591796875,1376.3631591796875,1376.3631591796875,1376.3631591796875,400,0.0,0.0
2004-08-18 00:00:00+09:00,1333.6190185546875,1333.6190185546875,1333.6190185546875,1333.6190185546875,2000,0.0,0.0
2004-08-19 00:00:00+09:00,1342.1678466796875,1342.1678466796875,1342.1678466796875,1342.1678466796875,600,0.0,0.0
2004-08-20 00:00:00+09:00,1342.1678466796875,1342.1678466796875,1342.1678466796875,1342.1678466796875,0,0.0,0.0
2004-08-23 00:00:00+09:00,1354.9910888671875,1354.9910888671875,1354.9910888671875,1354.9910888671875,200,0.0,0.0
2004-08-24 00:00:00+09:00,1354.9910888671875,1354.9910888671875,1354.9910888671875,1354.9910888671875,0,0.0,0.0
2004-08-25 00:00:00+09:00,1354.9911004929315,1354.9911004929315,1346.4422607421875,1346.4422607421875,600,0.0,0.0
2004-08-26 00:00:00+09:00,1346.4422607421875,1346.4422607421875,1346.4422607421875,1346.4422607421875,0,0.0,0.0
2004-08-27 00:00:00+09:00,1380.6376953125,1380.6376953125,1380.6376953125,1380.6376953125,200,0.0,0.0
2004-08-30 00:00:00+09:00,1414.8329960820195,1423.3818359375,1414.8329960820195,1423.3818359375,1200,0.0,0.0
2004-08-31 00:00:00+09:00,1440.4794921875,1440.4794921875,1440.4794921875,1440.4794921875,2000,0.0,0.0
2004-09-01 00:00:00+09:00,1440.4794921875,1440.4794921875,1440.4794921875,1440.4794921875,400,0.0,0.0
2004-09-02 00:00:00+09:00,1440.4794921875,1440.4794921875,1440.4794921875,1440.4794921875,600,0.0,0.0
2004-09-03 00:00:00+09:00,1440.4794921875,1440.4794921875,1440.4794921875,1440.4794921875,0,0.0,0.0
2004-09-06 00:00:00+09:00,1440.4794921875,1440.4794921875,1440.4794921875,1440.4794921875,0,0.0,0.0
2004-09-07 00:00:00+09:00,1440.4794921875,1440.4794921875,1440.4794921875,1440.4794921875,0,0.0,0.0
2004-09-08 00:00:00+09:00,1453.3026123046875,1453.3026123046875,1453.3026123046875,1453.3026123046875,1600,0.0,0.0
2004-09-09 00:00:00+09:00,1453.3026123046875,1453.3026123046875,1453.3026123046875,1453.3026123046875,0,0.0,0.0
2004-09-10 00:00:00+09:00,1376.3631591796875,1376.3631591796875,1376.3631591796875,1376.3631591796875,400,0.0,0.0
2004-09-13 00:00:00+09:00,1376.3631591796875,1376.3631591796875,1376.3631591796875,1376.3631591796875,0,0.0,0.0
2004-09-14 00:00:00+09:00,1376.3631591796875,1376.3631591796875,1376.3631591796875,1376.3631591796875,0,0.0,0.0
2004-09-15 00:00:00+09:00,1410.5584716796875,1410.5584716796875,1410.5584716796875,1410.5584716796875,400,0.0,0.0
2004-09-16 00:00:00+09:00,1414.8328857421875,1414.8328857421875,1414.8328857421875,1414.8328857421875,400,0.0,0.0
2004-09-17 00:00:00+09:00,1414.8328857421875,1414.8328857421875,1414.8328857421875,1414.8328857421875,0,0.0,0.0
2004-09-20 00:00:00+09:00,1414.8328857421875,1414.8328857421875,1414.8328857421875,1414.8328857421875,0,0.0,0.0
2004-09-21 00:00:00+09:00,1393.4609375,1393.4609375,1393.4609375,1393.4609375,200,0.0,0.0
2004-09-22 00:00:00+09:00,1380.6376953125,1380.6376953125,1380.6376953125,1380.6376953125,200,0.0,0.0
2004-09-23 00:00:00+09:00,1380.6376953125,1380.6376953125,1380.6376953125,1380.6376953125,0,0.0,0.0
2004-09-24 00:00:00+09:00,1431.9306640625,1431.9306640625,1431.9306640625,1431.9306640625,200,0.0,0.0
2004-09-27 00:00:00+09:00,1431.9306640625,1431.9306640625,1431.9306640625,1431.9306640625,200,0.0,0.0
2004-09-28 00:00:00+09:00,1376.3631591796875,1376.3631591796875,1376.3631591796875,1376.3631591796875,200,0.0,0.0
2004-09-29 00:00:00+09:00,1372.0887451171875,1372.0887451171875,1372.0887451171875,1372.0887451171875,400,0.0,0.0
2004-09-30 00:00:00+09:00,1372.0887451171875,1372.0887451171875,1372.0887451171875,1372.0887451171875,0,0.0,0.0
2004-10-01 00:00:00+09:00,1402.0096435546875,1402.0096435546875,1402.0096435546875,1402.0096435546875,200,0.0,0.0
2004-10-04 00:00:00+09:00,1389.1864013671875,1389.1864013671875,1389.1864013671875,1389.1864013671875,200,0.0,0.0
2004-10-05 00:00:00+09:00,1389.1864013671875,1389.1864013671875,1389.1864013671875,1389.1864013671875,200,0.0,0.0
2004-10-06 00:00:00+09:00,1389.1864013671875,1389.1864013671875,1389.1864013671875,1389.1864013671875,0,0.0,0.0
2004-10-07 00:00:00+09:00,1389.1864013671875,1389.1864013671875,1389.1864013671875,1389.1864013671875,0,0.0,0.0
2004-10-08 00:00:00+09:00,1419.107421875,1419.107421875,1419.107421875,1419.107421875,400,0.0,0.0
2004-10-11 00:00:00+09:00,1419.107421875,1419.107421875,1419.107421875,1419.107421875,0,0.0,0.0
2004-10-12 00:00:00+09:00,1414.8328912908382,1414.8328912908382,1410.5584716796875,1410.5584716796875,1200,0.0,0.0
2004-10-13 00:00:00+09:00,1410.5584716796875,1410.5584716796875,1410.5584716796875,1410.5584716796875,0,0.0,0.0
2004-10-14 00:00:00+09:00,1406.2840576171875,1406.2840576171875,1406.2840576171875,1406.2840576171875,200,0.0,0.0
2004-10-15 00:00:00+09:00,1393.4607932350852,1410.5584716796875,1359.2654363458807,1410.5584716796875,800,0.0,0.0
2004-10-18 00:00:00+09:00,1367.8143310546875,1367.8143310546875,1367.8143310546875,1367.8143310546875,200,0.0,0.0
2004-10-19 00:00:00+09:00,1367.8143310546875,1367.8143310546875,1367.8143310546875,1367.8143310546875,400,0.0,0.0
2004-10-20 00:00:00+09:00,1367.8144349845202,1380.6376953125,1367.8144349845202,1380.6376953125,400,0.0,0.0
2004-10-21 00:00:00+09:00,1380.6376953125,1380.6376953125,1380.6376953125,1380.6376953125,400,0.0,0.0
2004-10-22 00:00:00+09:00,1380.6376953125,1380.6376953125,1380.6376953125,1380.6376953125,0,0.0,0.0
2004-10-25 00:00:00+09:00,1376.3631591796875,1376.3631591796875,1376.3631591796875,1376.3631591796875,200,0.0,0.0
2004-10-26 00:00:00+09:00,1376.3631591796875,1376.3631591796875,1376.3631591796875,1376.3631591796875,1000,0.0,0.0
2004-10-27 00:00:00+09:00,1389.1864013671875,1389.1864013671875,1389.1864013671875,1389.1864013671875,400,0.0,0.0
2004-10-28 00:00:00+09:00,1410.5584716796875,1410.5584716796875,1410.5584716796875,1410.5584716796875,2200,0.0,0.0
2004-10-29 00:00:00+09:00,1410.5584716796875,1410.5584716796875,1410.5584716796875,1410.5584716796875,0,0.0,0.0
2004-11-01 00:00:00+09:00,1410.5584716796875,1410.5584716796875,1410.5584716796875,1410.5584716796875,0,0.0,0.0
2004-11-02 00:00:00+09:00,1354.9910888671875,1354.9910888671875,1354.9910888671875,1354.9910888671875,1600,0.0,0.0
2004-11-03 00:00:00+09:00,1354.9910888671875,1354.9910888671875,1354.9910888671875,1354.9910888671875,0,0.0,0.0
2004-11-04 00:00:00+09:00,1372.0887451171875,1372.0887451171875,1372.0887451171875,1372.0887451171875,400,0.0,0.0
2004-11-05 00:00:00+09:00,1372.0887451171875,1372.0887451171875,1372.0887451171875,1372.0887451171875,0,0.0,0.0
2004-11-08 00:00:00+09:00,1384.9119873046875,1384.9119873046875,1384.9119873046875,1384.9119873046875,600,0.0,0.0
2004-11-09 00:00:00+09:00,1384.9119873046875,1384.9119873046875,1384.9119873046875,1384.9119873046875,0,0.0,0.0
2004-11-10 00:00:00+09:00,1384.9119873046875,1384.9119873046875,1384.9119873046875,1384.9119873046875,0,0.0,0.0
2004-11-11 00:00:00+09:00,1384.9119873046875,1384.9119873046875,1384.9119873046875,1384.9119873046875,0,0.0,0.0
2004-11-12 00:00:00+09:00,1372.0887451171875,1372.0887451171875,1372.0887451171875,1372.0887451171875,200,0.0,0.0
2004-11-15 00:00:00+09:00,1376.3631706237793,1376.3631706237793,1367.8143310546875,1367.8143310546875,800,0.0,0.0
2004-11-16 00:00:00+09:00,1367.8143253504675,1372.0887451171875,1367.8143253504675,1372.0887451171875,400,0.0,0.0
2004-11-17 00:00:00+09:00,1372.0887451171875,1372.0887451171875,1372.0887451171875,1372.0887451171875,0,0.0,0.0
2004-11-18 00:00:00+09:00,1372.0887451171875,1372.0887451171875,1372.0887451171875,1372.0887451171875,0,0.0,0.0
2004-11-19 00:00:00+09:00,1372.0887451171875,1372.0887451171875,1372.0887451171875,1372.0887451171875,0,0.0,0.0
2004-11-22 00:00:00+09:00,1372.0887451171875,1372.0887451171875,1372.0887451171875,1372.0887451171875,0,0.0,0.0
2004-11-23 00:00:00+09:00,1372.0887451171875,1372.0887451171875,1372.0887451171875,1372.0887451171875,0,0.0,0.0
2004-11-24 00:00:00+09:00,1363.539794921875,1363.539794921875,1363.539794921875,1363.539794921875,400,0.0,0.0
2004-11-25 00:00:00+09:00,1363.5399112701416,1367.8143310546875,1363.5399112701416,1367.8143310546875,600,0.0,0.0
2004-11-26 00:00:00+09:00,1406.2840576171875,1406.2840576171875,1406.2840576171875,1406.2840576171875,800,0.0,0.0
2004-11-29 00:00:00+09:00,1406.284052068537,1410.5584716796875,1389.1863736239347,1410.5584716796875,1400,0.0,0.0
2004-11-30 00:00:00+09:00,1410.5585761542793,1423.3818359375,1410.5585761542793,1423.3818359375,1000,0.0,0.0
2004-12-01 00:00:00+09:00,1410.5584716796875,1410.5584716796875,1410.5584716796875,1410.5584716796875,200,0.0,0.0
2004-12-02 00:00:00+09:00,1410.5584716796875,1410.5584716796875,1410.5584716796875,1410.5584716796875,200,0.0,0.0
2004-12-03 00:00:00+09:00,1410.5584716796875,1410.5584716796875,1410.5584716796875,1410.5584716796875,2600,0.0,0.0
2004-12-06 00:00:00+09:00,1410.5584716796875,1410.5584716796875,1410.5584716796875,1410.5584716796875,0,0.0,0.0
2004-12-07 00:00:00+09:00,1410.5584716796875,1410.5584716796875,1410.5584716796875,1410.5584716796875,0,0.0,0.0
2004-12-08 00:00:00+09:00,1410.5584716796875,1410.5584716796875,1410.5584716796875,1410.5584716796875,0,0.0,0.0
2004-12-09 00:00:00+09:00,1410.5584716796875,1410.5584716796875,1410.5584716796875,1410.5584716796875,0,0.0,0.0
2004-12-10 00:00:00+09:00,1410.5584716796875,1410.5584716796875,1410.5584716796875,1410.5584716796875,0,0.0,0.0
2004-12-13 00:00:00+09:00,1410.5584716796875,1410.5584716796875,1389.1863736239347,1410.5584716796875,2600,0.0,0.0
2004-12-14 00:00:00+09:00,1410.5584716796875,1410.5584716796875,1410.5584716796875,1410.5584716796875,0,0.0,0.0
2004-12-15 00:00:00+09:00,1410.5584716796875,1410.5584716796875,1410.5584716796875,1410.5584716796875,400,0.0,0.0
2004-12-16 00:00:00+09:00,1410.5584716796875,1410.5584716796875,1410.5584716796875,1410.5584716796875,0,0.0,0.0
2004-12-17 00:00:00+09:00,1410.5585645988806,1431.9306640625,1410.5585645988806,1431.9306640625,2000,0.0,0.0
2004-12-20 00:00:00+09:00,1431.9305810695741,1431.9305810695741,1402.0096435546875,1402.0096435546875,800,0.0,0.0
2004-12-21 00:00:00+09:00,1402.0096435546875,1402.0096435546875,1402.0096435546875,1402.0096435546875,0,0.0,0.0
2004-12-22 00:00:00+09:00,1389.1864651352612,1431.9306640625,1389.1864651352612,1431.9306640625,800,0.0,0.0
2004-12-23 00:00:00+09:00,1431.9306640625,1431.9306640625,1431.9306640625,1431.9306640625,0,0.0,0.0
2004-12-24 00:00:00+09:00,1389.1863736239347,1410.5584716796875,1389.1863736239347,1410.5584716796875,400,0.0,0.0
2004-12-27 00:00:00+09:00,1410.5585289001465,1410.5585289001465,1367.8143310546875,1367.8143310546875,1200,0.0,0.0
2004-12-28 00:00:00+09:00,1389.1863736239347,1410.5584716796875,1389.1863736239347,1410.5584716796875,600,0.0,0.0
2004-12-29 00:00:00+09:00,1419.107421875,1440.4795216020332,1419.107421875,1419.107421875,600,0.0,0.0
2004-12-30 00:00:00+09:00,1419.107421875,1419.107421875,1419.107421875,1419.107421875,0,0.0,0.0
2004-12-31 00:00:00+09:00,1419.107421875,1419.107421875,1419.107421875,1419.107421875,0,0.0,0.0
2005-01-03 00:00:00+09:00,1419.107421875,1419.107421875,1419.107421875,1419.107421875,0,0.0,0.0
2005-01-04 00:00:00+09:00,1419.1074160097596,1423.3818359375,1419.1074160097596,1423.3818359375,400,0.0,0.0
2005-01-05 00:00:00+09:00,1423.3818127550073,1440.4794921875,1423.3818127550073,1440.4794921875,800,0.0,0.0
2005-01-06 00:00:00+09:00,1440.4793539608224,1453.3026123046875,1440.4793539608224,1453.3026123046875,400,0.0,0.0
2005-01-07 00:00:00+09:00,1466.1259652400363,1474.6748046875,1466.1259652400363,1474.6748046875,1200,0.0,0.0
2005-01-10 00:00:00+09:00,1474.6748046875,1474.6748046875,1474.6748046875,1474.6748046875,0,0.0,0.0
2005-01-11 00:00:00+09:00,1483.2236160714285,1504.5957142857144,1483.2236160714285,1496.046875,1000,0.0,0.0
2005-01-12 00:00:00+09:00,1504.595703125,1504.595703125,1504.595703125,1504.595703125,400,0.0,0.0
2005-01-13 00:00:00+09:00,1496.0469148596937,1496.0469148596937,1466.1259765625,1466.1259765625,2000,0.0,0.0
2005-01-14 00:00:00+09:00,1478.9493229819573,1491.7725830078125,1478.9493229819573,1491.7725830078125,600,0.0,0.0
2005-01-17 00:00:00+09:00,1508.8701283164173,1530.2422264512109,1500.3212890625,1500.3212890625,2600,0.0,0.0
2005-01-18 00:00:00+09:00,1504.5957086894587,1504.5957086894587,1500.3212890625,1500.3212890625,600,0.0,0.0
2005-01-19 00:00:00+09:00,1500.3212890625,1500.3212890625,1500.3212890625,1500.3212890625,0,0.0,0.0
2005-01-20 00:00:00+09:00,1521.6933871972933,1530.2422264512109,1500.3212890625,1500.3212890625,1200,0.0,0.0
2005-01-21 00:00:00+09:00,1500.3212890625,1500.3212890625,1500.3212890625,1500.3212890625,0,0.0,0.0
2005-01-24 00:00:00+09:00,1500.3212890625,1500.3212890625,1500.3212890625,1500.3212890625,200,0.0,0.0
2005-01-25 00:00:00+09:00,1500.3212890625,1500.3212890625,1496.0468694355413,1500.3212890625,600,0.0,0.0
2005-01-26 00:00:00+09:00,1504.5957349694295,1572.9864501953125,1504.5957349694295,1572.9864501953125,2000,0.0,0.0
2005-01-27 00:00:00+09:00,1581.5352671633484,1590.0841064453125,1572.9864278813843,1590.0841064453125,1800,0.0,0.0
2005-01-28 00:00:00+09:00,1602.9073486328125,1602.9073486328125,1602.9073486328125,1602.9073486328125,1200,0.0,0.0
2005-01-31 00:00:00+09:00,1602.9073486328125,1602.9073486328125,1602.9073486328125,1602.9073486328125,200,0.0,0.0
2005-02-01 00:00:00+09:00,1602.9073486328125,1602.9073486328125,1602.9073486328125,1602.9073486328125,0,0.0,0.0
2005-02-02 00:00:00+09:00,1538.7911092679794,1560.1632080078125,1538.7911092679794,1560.1632080078125,1400,0.0,0.0
2005-02-03 00:00:00+09:00,1564.4376277557792,1564.4376277557792,1560.1632080078125,1560.1632080078125,400,0.0,0.0
2005-02-04 00:00:00+09:00,1577.2608475223665,1590.0841064453125,1572.9864278813843,1590.0841064453125,800,0.0,0.0
2005-02-07 00:00:00+09:00,1590.08408984375,1602.9073486328125,1590.08408984375,1602.9073486328125,600,0.0,0.0
2005-02-08 00:00:00+09:00,1602.9073486328125,1602.9073486328125,1602.9073486328125,1602.9073486328125,800,0.0,0.0
2005-02-09 00:00:00+09:00,1594.358642578125,1594.358642578125,1594.358642578125,1594.358642578125,600,0.0,0.0
2005-02-10 00:00:00+09:00,1598.6329290364583,1602.9073486328125,1598.6329290364583,1602.9073486328125,1200,0.0,0.0
2005-02-11 00:00:00+09:00,1602.9073486328125,1602.9073486328125,1602.9073486328125,1602.9073486328125,0,0.0,0.0
2005-02-14 00:00:00+09:00,1615.7307013260693,1628.553960860403,1615.7307013260693,1624.279541015625,1800,0.0,0.0
2005-02-15 00:00:00+09:00,1624.279541015625,1624.279541015625,1624.279541015625,1624.279541015625,0,0.0,0.0
2005-02-16 00:00:00+09:00,1628.5540710768773,1632.8284912109375,1628.5540710768773,1632.8284912109375,400,0.0,0.0
2005-02-17 00:00:00+09:00,1632.8283520190746,1645.651611328125,1632.8283520190746,1645.651611328125,400,0.0,0.0
2005-02-18 00:00:00+09:00,1645.6516576412337,1701.2191162109375,1645.6516576412337,1701.2191162109375,2200,0.0,0.0
2005-02-21 00:00:00+09:00,1658.474853515625,1658.474853515625,1658.474853515625,1658.474853515625,200,0.0,0.0
2005-02-22 00:00:00+09:00,1667.023681640625,1667.023681640625,1667.023681640625,1667.023681640625,800,0.0,0.0
2005-02-23 00:00:00+09:00,1671.2982177734375,1671.2982177734375,1671.2982177734375,1671.2982177734375,800,0.0,0.0
2005-02-24 00:00:00+09:00,1667.023681640625,1667.023681640625,1667.023681640625,1667.023681640625,2000,0.0,0.0
2005-02-25 00:00:00+09:00,1679.8470577620485,1705.4935777278813,1671.2982177734375,1671.2982177734375,1000,0.0,0.0
2005-02-28 00:00:00+09:00,1709.767822265625,1709.767822265625,1709.767822265625,1709.767822265625,2600,0.0,0.0
2005-03-01 00:00:00+09:00,1709.7678557265228,1709.7678557265228,1684.121337890625,1684.121337890625,600,0.0,0.0
2005-03-02 00:00:00+09:00,1714.042329835187,1748.2376880363877,1714.042329835187,1735.4144287109375,2800,0.0,0.0
2005-03-03 00:00:00+09:00,1748.2376900523273,1825.17724609375,1748.2376900523273,1825.17724609375,3400,0.0,0.0
2005-03-04 00:00:00+09:00,1795.2562255859375,1795.2562255859375,1790.9818060012092,1795.2562255859375,800,0.0,0.0
2005-03-07 00:00:00+09:00,1795.2563189338234,1816.62841796875,1795.2563189338234,1816.62841796875,1400,0.0,0.0
2005-03-08 00:00:00+09:00,1825.1772575827206,1838.0005170036764,1816.62841796875,1816.62841796875,600,0.0,0.0
2005-03-09 00:00:00+09:00,1812.3539039248512,1812.3539039248512,1795.2562255859375,1795.2562255859375,600,0.0,0.0
2005-03-10 00:00:00+09:00,1795.2563534829953,1795.2563534829953,1790.98193359375,1790.98193359375,1000,0.0,0.0
2005-03-11 00:00:00+09:00,1816.628452647816,1880.7447509765625,1816.628452647816,1880.7447509765625,2000,0.0,0.0
2005-03-14 00:00:00+09:00,1880.7447052001953,1919.2144832611084,1880.7447052001953,1914.9400634765625,1800,0.0,0.0
2005-03-15 00:00:00+09:00,1914.9401100852272,1914.9401100852272,1880.7447509765625,1880.7447509765625,2800,0.0,0.0
2005-03-16 00:00:00+09:00,1880.7447509765625,1880.7447509765625,1880.7447509765625,1880.7447509765625,1400,0.0,0.0
2005-03-17 00:00:00+09:00,1880.7447509765625,1880.7447509765625,1880.7447509765625,1880.7447509765625,3600,0.0,0.0
2005-03-18 00:00:00+09:00,1885.0191708651455,1885.0191708651455,1880.7447509765625,1880.7447509765625,1000,0.0,0.0
2005-03-21 00:00:00+09:00,1880.7447509765625,1880.7447509765625,1880.7447509765625,1880.7447509765625,0,0.0,0.0
2005-03-22 00:00:00+09:00,1795.256298828125,1923.4888916015625,1795.256298828125,1923.4888916015625,2800,0.0,0.0
2005-03-23 00:00:00+09:00,1902.1167843840842,1902.1167843840842,1838.00048828125,1838.00048828125,800,0.0,0.0
2005-03-24 00:00:00+09:00,1842.2748910670468,1850.82373046875,1829.451631964492,1850.82373046875,800,0.0,0.0
2005-03-25 00:00:00+09:00,1846.5491836477536,1872.1957000873058,1846.5491836477536,1855.0980224609375,2200,0.0,0.0
2005-03-28 00:00:00+09:00,1812.35400390625,1812.35400390625,1812.35400390625,1812.35400390625,800,0.0,0.0
2005-03-29 00:00:00+09:00,1812.35400390625,1812.35400390625,1812.35400390625,1812.35400390625,0,0.0,0.0
2005-03-30 00:00:00+09:00,1752.5120793177844,1756.7864990234375,1752.5120793177844,1756.7864990234375,400,0.0,0.0
2005-03-31 00:00:00+09:00,1748.2376677522955,1748.2376677522955,1658.474853515625,1658.474853515625,1000,0.0,0.0
2005-04-01 00:00:00+09:00,1675.5726318359375,1675.5726318359375,1675.5726318359375,1675.5726318359375,200,0.0,0.0
2005-04-04 00:00:00+09:00,1696.944580078125,1696.944580078125,1696.944580078125,1696.944580078125,200,0.0,0.0
2005-04-05 00:00:00+09:00,1696.944580078125,1696.944580078125,1696.944580078125,1696.944580078125,0,0.0,0.0
2005-04-06 00:00:00+09:00,1696.9446963209602,1701.2191162109375,1696.9446963209602,1701.2191162109375,800,0.0,0.0
2005-04-07 00:00:00+09:00,1662.749267578125,1662.749267578125,1662.749267578125,1662.749267578125,400,0.0,0.0
2005-04-08 00:00:00+09:00,1684.121337890625,1684.121337890625,1684.121337890625,1684.121337890625,200,0.0,0.0
2005-04-11 00:00:00+09:00,1684.121383429809,1684.121383429809,1649.926025390625,1649.926025390625,400,0.0,0.0
2005-04-12 00:00:00+09:00,1649.926025390625,1649.926025390625,1649.926025390625,1649.926025390625,0,0.0,0.0
2005-04-13 00:00:00+09:00,1649.926025390625,1649.926025390625,1649.926025390625,1649.926025390625,400,0.0,0.0
2005-04-14 00:00:00+09:00,1671.2982177734375,1671.2982177734375,1671.2982177734375,1671.2982177734375,400,0.0,0.0
2005-04-15 00:00:00+09:00,1671.2982177734375,1671.2982177734375,1671.2982177734375,1671.2982177734375,0,0.0,0.0
2005-04-18 00:00:00+09:00,1607.181819394638,1607.181819394638,1564.4376220703125,1564.4376220703125,2000,0.0,0.0
2005-04-19 00:00:00+09:00,1564.4376220703125,1564.4376220703125,1564.4376220703125,1564.4376220703125,0,0.0,0.0
2005-04-20 00:00:00+09:00,1564.437702905077,1594.358642578125,1560.1632829517846,1594.358642578125,1200,0.0,0.0
2005-04-21 00:00:00+09:00,1538.791259765625,1538.791259765625,1538.791259765625,1538.791259765625,200,0.0,0.0
2005-04-22 00:00:00+09:00,1547.3401000976562,1547.3401000976562,1538.791259765625,1538.791259765625,400,0.0,0.0
2005-04-25 00:00:00+09:00,1538.791259765625,1538.791259765625,1538.791259765625,1538.791259765625,200,0.0,0.0
2005-04-26 00:00:00+09:00,1521.6935791015626,1538.791259765625,1521.6935791015626,1538.791259765625,1000,0.0,0.0
2005-04-27 00:00:00+09:00,1538.791259765625,1538.791259765625,1538.791259765625,1538.791259765625,200,0.0,0.0
2005-04-28 00:00:00+09:00,1555.8887939453125,1555.8887939453125,1555.8887939453125,1555.8887939453125,200,0.0,0.0
2005-04-29 00:00:00+09:00,1555.8887939453125,1555.8887939453125,1555.8887939453125,1555.8887939453125,0,0.0,0.0
2005-05-02 00:00:00+09:00,1568.7120361328125,1568.7120361328125,1568.7120361328125,1568.7120361328125,400,0.0,0.0
2005-05-03 00:00:00+09:00,1568.7120361328125,1568.7120361328125,1568.7120361328125,1568.7120361328125,0,0.0,0.0
2005-05-04 00:00:00+09:00,1568.7120361328125,1568.7120361328125,1568.7120361328125,1568.7120361328125,0,0.0,0.0
2005-05-05 00:00:00+09:00,1568.7120361328125,1568.7120361328125,1568.7120361328125,1568.7120361328125,0,0.0,0.0
2005-05-06 00:00:00+09:00,1572.9863952959656,1615.7305908203125,1572.9863952959656,1615.7305908203125,600,0.0,0.0
2005-05-09 00:00:00+09:00,1637.1029113449974,1637.1029113449974,1632.8284912109375,1632.8284912109375,1000,0.0,0.0
2005-05-10 00:00:00+09:00,1632.828422157758,1632.828422157758,1594.358642578125,1594.358642578125,1200,0.0,0.0
2005-05-11 00:00:00+09:00,1594.358642578125,1594.358642578125,1594.358642578125,1594.358642578125,200,0.0,0.0
2005-05-12 00:00:00+09:00,1620.0051444844999,1620.0051444844999,1607.181884765625,1607.181884765625,600,0.0,0.0
2005-05-13 00:00:00+09:00,1607.181884765625,1607.181884765625,1607.181884765625,1607.181884765625,0,0.0,0.0
2005-05-16 00:00:00+09:00,1607.181884765625,1607.181884765625,1607.181884765625,1607.181884765625,1400,0.0,0.0
2005-05-17 00:00:00+09:00,1598.6329345703125,1624.279452237216,1594.358514959162,1598.6329345703125,2000,0.0,0.0
2005-05-18 00:00:00+09:00,1598.6329345703125,1598.6329345703125,1598.6329345703125,1598.6329345703125,0,0.0,0.0
2005-05-19 00:00:00+09:00,1598.6329345703125,1598.6329345703125,1598.6329345703125,1598.6329345703125,200,0.0,0.0
2005-05-20 00:00:00+09:00,1598.6329345703125,1598.6329345703125,1598.6329345703125,1598.6329345703125,200,0.0,0.0
2005-05-23 00:00:00+09:00,1594.358642578125,1594.358642578125,1594.358642578125,1594.358642578125,1000,0.0,0.0
2005-05-24 00:00:00+09:00,1598.6329345703125,1598.6329345703125,1598.6329345703125,1598.6329345703125,2200,0.0,0.0
2005-05-25 00:00:00+09:00,1590.0841064453125,1590.0841064453125,1590.0841064453125,1590.0841064453125,1000,0.0,0.0
2005-05-26 00:00:00+09:00,1590.0841064453125,1590.0841064453125,1590.0841064453125,1590.0841064453125,200,0.0,0.0
2005-05-27 00:00:00+09:00,1598.6329345703125,1598.6329345703125,1594.358514959162,1598.6329345703125,1600,0.0,0.0
2005-05-30 00:00:00+09:00,1598.6329345703125,1598.6329345703125,1598.6329345703125,1598.6329345703125,400,0.0,0.0
2005-05-31 00:00:00+09:00,1598.6329345703125,1598.6329345703125,1598.6329345703125,1598.6329345703125,400,0.0,0.0
2005-06-01 00:00:00+09:00,1598.6329345703125,1598.6329345703125,1598.6329345703125,1598.6329345703125,200,0.0,0.0
2005-06-02 00:00:00+09:00,1598.6329345703125,1607.1817737926137,1590.0840953480115,1598.6329345703125,1600,0.0,0.0
2005-06-03 00:00:00+09:00,1585.809814453125,1585.809814453125,1585.809814453125,1585.809814453125,200,0.0,0.0
2005-06-06 00:00:00+09:00,1598.6329345703125,1598.6329345703125,1598.6329345703125,1598.6329345703125,1000,0.0,0.0
2005-06-07 00:00:00+09:00,1598.6331420898437,1598.6331420898437,1538.791259765625,1538.791259765625,1800,0.0,0.0
2005-06-08 00:00:00+09:00,1538.791259765625,1538.791259765625,1538.791259765625,1538.791259765625,0,0.0,0.0
2005-06-09 00:00:00+09:00,1560.1632080078125,1560.1632080078125,1560.1632080078125,1560.1632080078125,400,0.0,0.0
2005-06-10 00:00:00+09:00,1560.1632080078125,1560.1632080078125,1560.1632080078125,1560.1632080078125,200,0.0,0.0
2005-06-13 00:00:00+09:00,1581.535400390625,1581.535400390625,1581.535400390625,1581.535400390625,600,0.0,0.0
2005-06-14 00:00:00+09:00,1594.3586544232228,1594.3586544232228,1585.809814453125,1585.809814453125,1000,0.0,0.0
2005-06-15 00:00:00+09:00,1568.7121345129297,1585.809814453125,1568.7121345129297,1585.809814453125,800,0.0,0.0
2005-06-16 00:00:00+09:00,1585.8097322904146,1598.6329915811727,1555.8887939453125,1555.8887939453125,1000,0.0,0.0
2005-06-17 00:00:00+09:00,1564.437610792077,1585.8097093001657,1564.437610792077,1572.9864501953125,1800,0.0,0.0
2005-06-20 00:00:00+09:00,1590.0840953480115,1598.6329345703125,1590.0840953480115,1598.6329345703125,1800,0.0,0.0
2005-06-21 00:00:00+09:00,1645.6517516131175,1645.6517516131175,1632.8284912109375,1632.8284912109375,400,0.0,0.0
2005-06-22 00:00:00+09:00,1632.8284912109375,1632.8284912109375,1632.8284912109375,1632.8284912109375,200,0.0,0.0
2005-06-23 00:00:00+09:00,1611.4561767578125,1615.7305963248093,1602.9073376238186,1611.4561767578125,1800,0.0,0.0
2005-06-24 00:00:00+09:00,1632.828363403639,1637.102783203125,1632.828363403639,1637.102783203125,600,0.0,0.0
2005-06-27 00:00:00+09:00,1637.102771788758,1645.651611328125,1637.102771788758,1645.651611328125,600,0.0,0.0
2005-06-28 00:00:00+09:00,1645.651611328125,1645.651611328125,1645.651611328125,1645.651611328125,0,0.0,0.0
2005-06-29 00:00:00+09:00,1654.2004508674918,1667.0237101765422,1645.651611328125,1645.651611328125,1200,0.0,0.0
2005-06-30 00:00:00+09:00,1671.2982177734375,1671.2982177734375,1671.2982177734375,1671.2982177734375,200,0.0,0.0
2005-07-01 00:00:00+09:00,1671.2981013371395,1671.2981013371395,1667.023681640625,1667.023681640625,1000,0.0,0.0
2005-07-04 00:00:00+09:00,1688.3958740234375,1709.7679736946202,1688.3958740234375,1688.3958740234375,2000,0.0,0.0
2005-07-05 00:00:00+09:00,1692.670166015625,1692.670166015625,1692.670166015625,1692.670166015625,600,0.0,0.0
2005-07-06 00:00:00+09:00,1692.670166015625,1692.670166015625,1692.670166015625,1692.670166015625,0,0.0,0.0
2005-07-07 00:00:00+09:00,1718.3167667057614,1722.5911865234375,1718.3167667057614,1722.5911865234375,400,0.0,0.0
2005-07-08 00:00:00+09:00,1731.1400146484375,1731.1400146484375,1731.1400146484375,1731.1400146484375,600,0.0,0.0
2005-07-11 00:00:00+09:00,1731.1400146484375,1731.1400146484375,1731.1400146484375,1731.1400146484375,0,0.0,0.0
2005-07-12 00:00:00+09:00,1739.6888258026868,1752.5120849609375,1731.139986363853,1752.5120849609375,1600,0.0,0.0
2005-07-13 00:00:00+09:00,1761.0609531732255,1761.0609531732255,1731.1400146484375,1731.1400146484375,1200,0.0,0.0
2005-07-14 00:00:00+09:00,1739.6888484860876,1739.6888484860876,1731.1400089357874,1735.4144287109375,1200,0.0,0.0
2005-07-15 00:00:00+09:00,1735.4144287109375,1735.4144287109375,1735.4144287109375,1735.4144287109375,0,0.0,0.0
2005-07-18 00:00:00+09:00,1735.4144287109375,1735.4144287109375,1735.4144287109375,1735.4144287109375,0,0.0,0.0
2005-07-19 00:00:00+09:00,1731.1400146484375,1731.1400146484375,1731.1400146484375,1731.1400146484375,200,0.0,0.0
2005-07-20 00:00:00+09:00,1731.1400146484375,1731.1400146484375,1731.1400146484375,1731.1400146484375,0,0.0,0.0
2005-07-21 00:00:00+09:00,1709.767822265625,1709.767822265625,1709.767822265625,1709.767822265625,800,0.0,0.0
2005-07-22 00:00:00+09:00,1705.4935537603837,1705.4935537603837,1688.3958740234375,1688.3958740234375,800,0.0,0.0
2005-07-25 00:00:00+09:00,1705.493408203125,1705.493408203125,1701.2189886336935,1705.493408203125,1400,0.0,0.0
2005-07-26 00:00:00+09:00,1705.493402709961,1709.767822265625,1705.493402709961,1709.767822265625,2000,0.0,0.0
2005-07-27 00:00:00+09:00,1714.042335491416,1731.1400146484375,1714.042335491416,1731.1400146484375,800,0.0,0.0
2005-07-28 00:00:00+09:00,1752.5121135947145,1756.78653338397,1731.1400146484375,1731.1400146484375,1800,0.0,0.0
2005-07-29 00:00:00+09:00,1752.5120849609375,1752.5120849609375,1752.5120849609375,1752.5120849609375,600,0.0,0.0
2005-08-01 00:00:00+09:00,1773.8841552734375,1773.8841552734375,1773.8841552734375,1773.8841552734375,200,0.0,0.0
2005-08-02 00:00:00+09:00,1773.8842656343677,1782.43310546875,1773.8842656343677,1782.43310546875,600,0.0,0.0
2005-08-03 00:00:00+09:00,1782.43310546875,1782.43310546875,1782.43310546875,1782.43310546875,0,0.0,0.0
2005-08-04 00:00:00+09:00,1769.6097638386052,1769.6097638386052,1752.5120849609375,1752.5120849609375,600,0.0,0.0
2005-08-05 00:00:00+09:00,1722.5911980911978,1739.6888774767185,1714.0423583984375,1714.0423583984375,1800,0.0,0.0
2005-08-08 00:00:00+09:00,1692.670166015625,1692.670166015625,1692.670166015625,1692.670166015625,400,0.0,0.0
2005-08-09 00:00:00+09:00,1726.8655948591822,1731.1400146484375,1726.8655948591822,1731.1400146484375,400,0.0,0.0
2005-08-10 00:00:00+09:00,1731.1400146484375,1731.1400146484375,1731.1400146484375,1731.1400146484375,0,0.0,0.0
2005-08-11 00:00:00+09:00,1795.256214593824,1816.6283123866078,1795.256214593824,1803.8050537109375,2000,0.0,0.0
2005-08-12 00:00:00+09:00,1803.8050537109375,1803.8050537109375,1803.8050537109375,1803.8050537109375,200,0.0,0.0
2005-08-15 00:00:00+09:00,1820.9027319451645,1820.9027319451645,1803.8050537109375,1803.8050537109375,400,0.0,0.0
2005-08-16 00:00:00+09:00,1803.8050537109375,1803.8050537109375,1803.8050537109375,1803.8050537109375,0,0.0,0.0
2005-08-17 00:00:00+09:00,1803.8050537109375,1803.8050537109375,1803.8050537109375,1803.8050537109375,0,0.0,0.0
2005-08-18 00:00:00+09:00,1803.8050537109375,1803.8050537109375,1803.8050537109375,1803.8050537109375,0,0.0,0.0
2005-08-19 00:00:00+09:00,1803.8050537109375,1803.8050537109375,1803.8050537109375,1803.8050537109375,0,0.0,0.0
2005-08-22 00:00:00+09:00,1803.8050537109375,1803.8050537109375,1803.8050537109375,1803.8050537109375,0,0.0,0.0
2005-08-23 00:00:00+09:00,1803.8050537109375,1803.8050537109375,1803.8050537109375,1803.8050537109375,0,0.0,0.0
2005-08-24 00:00:00+09:00,1795.2562255859375,1795.2562255859375,1795.2562255859375,1795.2562255859375,400,0.0,0.0
2005-08-25 00:00:00+09:00,1808.07958984375,1808.07958984375,1808.07958984375,1808.07958984375,400,0.0,0.0
2005-08-26 00:00:00+09:00,1808.07958984375,1808.07958984375,1808.07958984375,1808.07958984375,200,0.0,0.0
2005-08-29 00:00:00+09:00,1850.82373046875,1850.82373046875,1850.82373046875,1850.82373046875,600,0.0,0.0
2005-08-30 00:00:00+09:00,1838.00048828125,1838.00048828125,1838.00048828125,1838.00048828125,800,0.0,0.0
2005-08-31 00:00:00+09:00,1838.00048828125,1838.00048828125,1838.00048828125,1838.00048828125,200,0.0,0.0
2005-09-01 00:00:00+09:00,1833.7260971966912,1833.7260971966912,1816.62841796875,1816.62841796875,400,0.0,0.0
2005-09-02 00:00:00+09:00,1816.62841796875,1816.62841796875,1816.62841796875,1816.62841796875,200,0.0,0.0
2005-09-05 00:00:00+09:00,1816.62841796875,1816.62841796875,1816.62841796875,1816.62841796875,0,0.0,0.0
2005-09-06 00:00:00+09:00,1808.079484340123,1808.079484340123,1795.2562255859375,1795.2562255859375,400,0.0,0.0
2005-09-07 00:00:00+09:00,1795.2563076331967,1825.17724609375,1795.2563076331967,1825.17724609375,1000,0.0,0.0
2005-09-08 00:00:00+09:00,1825.17724609375,1825.17724609375,1825.17724609375,1825.17724609375,0,0.0,0.0
2005-09-09 00:00:00+09:00,1825.17724609375,1825.17724609375,1825.17724609375,1825.17724609375,0,0.0,0.0
2005-09-12 00:00:00+09:00,1825.17724609375,1825.17724609375,1825.17724609375,1825.17724609375,0,0.0,0.0
2005-09-13 00:00:00+09:00,1833.7261962890625,1833.7261962890625,1833.7261962890625,1833.7261962890625,400,0.0,0.0
2005-09-14 00:00:00+09:00,1833.725981160664,1906.39111328125,1833.725981160664,1906.39111328125,1600,0.0,0.0
2005-09-15 00:00:00+09:00,1906.3912296167157,1910.6656494140625,1893.567970224675,1910.6656494140625,800,0.0,0.0
2005-09-16 00:00:00+09:00,1919.214443734976,1944.8609619140625,1919.214443734976,1944.8609619140625,3400,0.0,0.0
2005-09-19 00:00:00+09:00,1944.8609619140625,1944.8609619140625,1944.8609619140625,1944.8609619140625,0,0.0,0.0
2005-09-20 00:00:00+09:00,1932.0377836681546,1932.0377836681546,1885.0191650390625,1885.0191650390625,1400,0.0,0.0
2005-09-21 00:00:00+09:00,1889.2935849144344,1889.2935849144344,1885.0191650390625,1885.0191650390625,400,0.0,0.0
2005-09-22 00:00:00+09:00,1906.391270308061,1923.4889498623934,1880.7447509765625,1880.7447509765625,3000,0.0,0.0
2005-09-23 00:00:00+09:00,1880.7447509765625,1880.7447509765625,1880.7447509765625,1880.7447509765625,0,0.0,0.0
2005-09-26 00:00:00+09:00,1919.214471842448,1923.4888916015625,1919.214471842448,1923.4888916015625,600,0.0,0.0
2005-09-27 00:00:00+09:00,1923.4889498623934,1923.4889498623934,1880.7447509765625,1880.7447509765625,800,0.0,0.0
2005-09-28 00:00:00+09:00,1902.1167843840842,1902.1167843840842,1838.00048828125,1838.00048828125,600,0.0,0.0
2005-09-29 00:00:00+09:00,1846.5494384765625,1846.5494384765625,1846.5494384765625,1846.5494384765625,200,0.0,0.0
2005-09-30 00:00:00+09:00,1846.5493277616279,1846.5493277616279,1838.00048828125,1838.00048828125,1000,0.0,0.0
2005-10-03 00:00:00+09:00,1820.9028377757352,1820.9028377757352,1795.2563189338234,1816.62841796875,1000,0.0,0.0
2005-10-04 00:00:00+09:00,1816.62841796875,1816.62841796875,1816.62841796875,1816.62841796875,0,0.0,0.0
2005-10-05 00:00:00+09:00,1833.7259254279775,1855.0980224609375,1833.7259254279775,1855.0980224609375,600,0.0,0.0
2005-10-06 00:00:00+09:00,1820.90283203125,1820.90283203125,1820.90283203125,1820.90283203125,200,0.0,0.0
2005-10-07 00:00:00+09:00,1820.9028377757352,1820.9028377757352,1816.62841796875,1816.62841796875,800,0.0,0.0
2005-10-10 00:00:00+09:00,1816.62841796875,1816.62841796875,1816.62841796875,1816.62841796875,0,0.0,0.0
2005-10-11 00:00:00+09:00,1825.177356213123,1833.7261962890625,1825.177356213123,1833.7261962890625,800,0.0,0.0
2005-10-12 00:00:00+09:00,1829.451582263765,1829.451582263765,1795.2562255859375,1795.2562255859375,800,0.0,0.0
2005-10-13 00:00:00+09:00,1799.5306396484377,1799.5306396484377,1799.5306396484377,1799.5306396484375,200,0.0,0.0
2005-10-14 00:00:00+09:00,1816.62841796875,1816.62841796875,1816.62841796875,1816.62841796875,200,0.0,0.0
2005-10-17 00:00:00+09:00,1812.3539867535128,1825.17724609375,1812.3539867535128,1825.17724609375,1200,0.0,0.0
2005-10-18 00:00:00+09:00,1825.17724609375,1825.17724609375,1825.17724609375,1825.17724609375,0,0.0,0.0
2005-10-19 00:00:00+09:00,1838.0005286827718,1855.0982080193558,1808.07958984375,1808.07958984375,1400,0.0,0.0
2005-10-20 00:00:00+09:00,1833.726160930765,1859.3726806640625,1833.726160930765,1859.3726806640625,800,0.0,0.0
2005-10-21 00:00:00+09:00,1842.2748743459717,1863.64697265625,1842.2748743459717,1863.64697265625,400,0.0,0.0
2005-10-24 00:00:00+09:00,1863.64697265625,1863.64697265625,1859.3725529941944,1863.64697265625,600,0.0,0.0
2005-10-25 00:00:00+09:00,1859.3725529941944,1863.64697265625,1859.3725529941944,1863.64697265625,600,0.0,0.0
2005-10-26 00:00:00+09:00,1867.9215087890625,1867.9215087890625,1867.9215087890625,1867.9215087890625,400,0.0,0.0
2005-10-27 00:00:00+09:00,1872.1959228515625,1872.1959228515625,1872.1959228515625,1872.1959228515625,200,0.0,0.0
2005-10-28 00:00:00+09:00,1885.0191650390625,1885.0191650390625,1885.0191650390625,1885.0191650390625,200,0.0,0.0
2005-10-31 00:00:00+09:00,1885.0190861628607,1944.8609619140625,1880.7446664663462,1944.8609619140625,2800,0.0,0.0
2005-11-01 00:00:00+09:00,1944.8609619140625,1944.8609619140625,1944.8609619140625,1944.8609619140625,0,0.0,0.0
2005-11-02 00:00:00+09:00,1944.8609395743974,1961.9586181640625,1919.2144216898998,1961.9586181640625,1400,0.0,0.0
2005-11-03 00:00:00+09:00,1961.9586181640625,1961.9586181640625,1961.9586181640625,1961.9586181640625,0,0.0,0.0
2005-11-04 00:00:00+09:00,1940.586564903513,1944.8609846499965,1927.7633056640625,1927.7633056640625,800,0.0,0.0
2005-11-07 00:00:00+09:00,1932.037841796875,1932.037841796875,1932.037841796875,1932.037841796875,400,0.0,0.0
2005-11-08 00:00:00+09:00,1949.13525390625,1949.13525390625,1949.13525390625,1949.13525390625,400,0.0,0.0
2005-11-09 00:00:00+09:00,1940.5865511924342,2030.349365234375,1940.5865511924342,2030.349365234375,3400,0.0,0.0
2005-11-10 00:00:00+09:00,2051.7215127701375,2175.6796875,2043.1726731335953,2175.6796875,8400,0.0,0.0
2005-11-11 00:00:00+09:00,2167.1309784386544,2603.121826171875,2141.484457983759,2603.121826171875,16600,0.0,0.0
2005-11-14 00:00:00+09:00,3030.563720703125,3030.563720703125,3030.563720703125,3030.563720703125,22200,0.0,0.0
2005-11-15 00:00:00+09:00,2992.093835538321,2992.093835538321,2645.865834568887,2927.9775390625,80200,0.0,0.0
2005-11-16 00:00:00+09:00,2927.9773218491496,2949.3494190889246,2799.7447384105008,2906.605224609375,13000,0.0,0.0
2005-11-17 00:00:00+09:00,2919.4286324762375,2992.093766813128,2919.4286324762375,2979.2705078125,15200,0.0,0.0
2005-11-18 00:00:00+09:00,2992.093851023707,3163.070642510776,2992.093851023707,3098.954345703125,19800,0.0,0.0
2005-11-21 00:00:00+09:00,3205.8147638494315,3526.396240234375,3163.0705669981057,3526.396240234375,32000,0.0,0.0
2005-11-22 00:00:00+09:00,3932.4661103219696,3932.4661103219696,3505.024141808712,3526.396240234375,21200,0.0,0.0
2005-11-23 00:00:00+09:00,3526.396240234375,3526.396240234375,3526.396240234375,3526.396240234375,0,0.0,0.0
2005-11-24 00:00:00+09:00,3526.3961669921873,3590.5124609375,3205.814697265625,3205.814697265625,11200,0.0,0.0
2005-11-25 00:00:00+09:00,3120.3263392857143,3120.3263392857143,2778.372767857143,2992.09375,25200,0.0,0.0
2005-11-28 00:00:00+09:00,2906.6055035237387,2992.093900686202,2842.4892056518916,2880.958984375,6200,0.0,0.0
2005-11-29 00:00:00+09:00,2923.7030966527577,2949.3496150444485,2893.7821585291185,2945.0751953125,4800,0.0,0.0
2005-11-30 00:00:00+09:00,2970.7217079936595,2970.7217079936595,2906.6054121376815,2949.349609375,3400,0.0,0.0
2005-12-01 00:00:00+09:00,2949.349609375,2949.349609375,2932.2519304800726,2949.349609375,2400,0.0,0.0
2005-12-02 00:00:00+09:00,2927.9773218491496,2927.9773218491496,2842.4889328900504,2906.605224609375,4200,0.0,0.0
2005-12-05 00:00:00+09:00,2872.4100014291157,2872.4100014291157,2804.019287109375,2804.019287109375,3600,0.0,0.0
2005-12-06 00:00:00+09:00,2808.293892525338,2876.6846113691818,2782.647372958896,2846.763671875,3400,0.0,0.0
2005-12-07 00:00:00+09:00,2833.9405764011153,2833.9405764011153,2611.6707272716158,2731.3544921875,6400,0.0,0.0
2005-12-08 00:00:00+09:00,2607.39628890028,2607.39628890028,2564.6520874428984,2573.200927734375,7600,0.0,0.0
2005-12-09 00:00:00+09:00,2564.6517994364754,2628.7680944223875,2564.6517994364754,2607.39599609375,3400,0.0,0.0
2005-12-12 00:00:00+09:00,2769.8239633413464,2778.372802734375,2697.158828500601,2778.372802734375,3800,0.0,0.0
2005-12-13 00:00:00+09:00,2795.470604537212,2795.470604537212,2607.3961296142193,2688.610107421875,6400,0.0,0.0
2005-12-14 00:00:00+09:00,2688.6101786460445,2688.6101786460445,2628.76829867618,2637.317138671875,1800,0.0,0.0
2005-12-15 00:00:00+09:00,2680.061279296875,2680.061279296875,2680.061279296875,2680.061279296875,200,0.0,0.0
2005-12-16 00:00:00+09:00,2611.6702965845034,2701.43310546875,2611.6702965845034,2701.43310546875,2000,0.0,0.0
2005-12-19 00:00:00+09:00,2607.39599609375,2688.6099697425716,2607.39599609375,2607.39599609375,2800,0.0,0.0
2005-12-20 00:00:00+09:00,2568.9265075886365,2577.475347880113,2568.9265075886365,2573.200927734375,1600,0.0,0.0
2005-12-21 00:00:00+09:00,2577.475347880113,2577.475347880113,2564.6520874428984,2573.200927734375,2000,0.0,0.0
2005-12-22 00:00:00+09:00,2568.92626953125,2568.92626953125,2568.92626953125,2568.92626953125,1000,0.0,0.0
2005-12-23 00:00:00+09:00,2568.92626953125,2568.92626953125,2568.92626953125,2568.92626953125,0,0.0,0.0
2005-12-26 00:00:00+09:00,2586.02417598497,2586.02417598497,2568.92649548259,2581.749755859375,2000,0.0,0.0
2005-12-27 00:00:00+09:00,2581.749506069215,2586.02392578125,2564.6518272210747,2586.02392578125,2600,0.0,0.0
2005-12-28 00:00:00+09:00,2586.02417598497,2586.02417598497,2547.554394854615,2581.749755859375,3800,0.0,0.0
2005-12-29 00:00:00+09:00,2543.27978515625,2581.7495634191177,2543.27978515625,2543.27978515625,2400,0.0,0.0
2005-12-30 00:00:00+09:00,2543.27980828971,2560.3774876731704,2526.18212890625,2526.18212890625,2200,0.0,0.0
2006-01-02 00:00:00+09:00,2526.18212890625,2526.18212890625,2526.18212890625,2526.18212890625,0,0.0,0.0
2006-01-03 00:00:00+09:00,2526.18212890625,2526.18212890625,2526.18212890625,2526.18212890625,0,0.0,0.0
2006-01-04 00:00:00+09:00,2526.1820776367185,2564.65185546875,2526.1820776367185,2564.65185546875,800,0.0,0.0
2006-01-05 00:00:00+09:00,2564.6520874428984,2573.200927734375,2560.3776672971603,2573.200927734375,2200,0.0,0.0
2006-01-06 00:00:00+09:00,2573.2007531117583,2573.2007531117583,2500.535615565413,2521.90771484375,6800,0.0,0.0
2006-01-09 00:00:00+09:00,2521.90771484375,2521.90771484375,2521.90771484375,2521.90771484375,0,0.0,0.0
2006-01-10 00:00:00+09:00,2530.456514342546,2564.6518726444724,2526.182094554805,2551.82861328125,2600,0.0,0.0
2006-01-11 00:00:00+09:00,2573.200677925477,2577.47509765625,2564.6518384639303,2577.47509765625,6400,0.0,0.0
2006-01-12 00:00:00+09:00,2581.7497257927957,2603.121826171875,2581.7497257927957,2603.121826171875,3000,0.0,0.0
2006-01-13 00:00:00+09:00,2607.395990499693,2620.2192494693636,2603.121570843136,2611.67041015625,6200,0.0,0.0
2006-01-16 00:00:00+09:00,2641.5912703125,2671.51220703125,2633.04243125,2671.51220703125,9000,0.0,0.0
2006-01-17 00:00:00+09:00,2671.5125167796978,2671.5125167796978,2624.493896484375,2624.493896484375,4200,0.0,0.0
2006-01-18 00:00:00+09:00,2615.9448139391448,2615.9448139391448,2350.9307968407347,2436.419189453125,4400,0.0,0.0
2006-01-19 00:00:00+09:00,2350.930867513021,2564.65185546875,2350.930867513021,2564.65185546875,4400,0.0,0.0
2006-01-20 00:00:00+09:00,2573.200689280886,2573.200689280886,2543.279751033434,2568.92626953125,600,0.0,0.0
2006-01-23 00:00:00+09:00,2568.92626953125,2568.92626953125,2568.92626953125,2568.92626953125,200,0.0,0.0
2006-01-24 00:00:00+09:00,2479.16328689679,2513.358642578125,2466.3400285162893,2513.358642578125,800,0.0,0.0
2006-01-25 00:00:00+09:00,2500.5356919207647,2500.5356919207647,2466.34033203125,2466.34033203125,1200,0.0,0.0
2006-01-26 00:00:00+09:00,2479.16357421875,2479.16357421875,2479.16357421875,2479.16357421875,400,0.0,0.0
2006-01-27 00:00:00+09:00,2483.437744140625,2483.437744140625,2483.437744140625,2483.437744140625,600,0.0,0.0
2006-01-30 00:00:00+09:00,2487.7123848157053,2500.53564453125,2483.4379649105235,2500.53564453125,1400,0.0,0.0
2006-01-31 00:00:00+09:00,2500.5356621496458,2500.5356621496458,2487.71240234375,2487.71240234375,400,0.0,0.0
2006-02-01 00:00:00+09:00,2487.712414129849,2496.261254040948,2479.16357421875,2479.16357421875,4600,0.0,0.0
2006-02-02 00:00:00+09:00,2479.1635860456317,2483.438006021572,2470.61474609375,2470.61474609375,3200,0.0,0.0
2006-02-03 00:00:00+09:00,2466.340093400743,2466.340093400743,2462.065673828125,2462.065673828125,800,0.0,0.0
2006-02-06 00:00:00+09:00,2462.0658238636365,2462.0658238636365,2269.7169313742897,2350.930908203125,3800,0.0,0.0
2006-02-07 00:00:00+09:00,2376.577175022686,2376.577175022686,2350.9306587454626,2355.205078125,2200,0.0,0.0
2006-02-08 00:00:00+09:00,2372.303192138672,2393.67529296875,2372.303192138672,2393.67529296875,800,0.0,0.0
2006-02-09 00:00:00+09:00,2380.8520023852325,2415.04736328125,2380.8520023852325,2415.04736328125,1200,0.0,0.0
2006-02-10 00:00:00+09:00,2419.321522027674,2427.870361328125,2350.9308076240645,2427.870361328125,1200,0.0,0.0
2006-02-13 00:00:00+09:00,2427.8706236172566,2449.2427241772675,2415.04736328125,2415.04736328125,1200,0.0,0.0
2006-02-14 00:00:00+09:00,2415.0471763267174,2415.0471763267174,2372.302978515625,2372.302978515625,2200,0.0,0.0
2006-02-15 00:00:00+09:00,2372.302978515625,2372.302978515625,2372.302978515625,2372.302978515625,400,0.0,0.0
2006-02-16 00:00:00+09:00,2372.302978515625,2376.5773982967344,2372.302978515625,2372.302978515625,1200,0.0,0.0
2006-02-17 00:00:00+09:00,2372.3031095179117,2372.3031095179117,2269.717029106326,2278.265869140625,1800,0.0,0.0
2006-02-20 00:00:00+09:00,2269.716947710396,2269.716947710396,2137.209931930693,2158.58203125,2200,0.0,0.0
2006-02-21 00:00:00+09:00,2154.30739453125,2154.30739453125,2137.209716796875,2137.209716796875,1600,0.0,0.0
2006-02-22 00:00:00+09:00,2158.5820546407185,2158.5820546407185,2141.484375,2141.484375,800,0.0,0.0
2006-02-23 00:00:00+09:00,2158.5820025275734,2179.9541015625,2158.5820025275734,2179.9541015625,1000,0.0,0.0
2006-02-24 00:00:00+09:00,2308.186550817757,2308.186550817757,2286.814453125,2286.814453125,400,0.0,0.0
2006-02-27 00:00:00+09:00,2308.186767578125,2308.186767578125,2308.186767578125,2308.186767578125,400,0.0,0.0
2006-02-28 00:00:00+09:00,2308.186767578125,2308.186767578125,2308.186767578125,2308.186767578125,400,0.0,0.0
2006-03-01 00:00:00+09:00,2308.186550817757,2308.186550817757,2286.814453125,2286.814453125,1400,0.0,0.0
2006-03-02 00:00:00+09:00,2312.461181640625,2312.461181640625,2312.461181640625,2312.461181640625,200,0.0,0.0
2006-03-03 00:00:00+09:00,2312.461181640625,2312.461181640625,2312.461181640625,2312.461181640625,0,0.0,0.0
2006-03-06 00:00:00+09:00,2312.461181640625,2312.461181640625,2312.461181640625,2312.461181640625,0,0.0,0.0
2006-03-07 00:00:00+09:00,2291.0890878182868,2308.186767578125,2291.0890878182868,2308.186767578125,1000,0.0,0.0
2006-03-08 00:00:00+09:00,2308.186767578125,2308.186767578125,2308.186767578125,2308.186767578125,0,0.0,0.0
2006-03-09 00:00:00+09:00,2308.186767578125,2308.186767578125,2308.186767578125,2308.186767578125,0,0.0,0.0
2006-03-10 00:00:00+09:00,2338.107666015625,2338.107666015625,2338.107666015625,2338.107666015625,200,0.0,0.0
2006-03-13 00:00:00+09:00,2338.1076602239677,2342.382080078125,2338.1076602239677,2342.382080078125,1200,0.0,0.0
2006-03-14 00:00:00+09:00,2342.382139071213,2342.382139071213,2299.637939453125,2299.637939453125,400,0.0,0.0
2006-03-15 00:00:00+09:00,2286.814453125,2286.814453125,2286.814453125,2286.814453125,200,0.0,0.0
2006-03-16 00:00:00+09:00,2282.5401890071357,2282.5401890071357,2171.4052734375,2171.4052734375,1200,0.0,0.0
2006-03-17 00:00:00+09:00,2184.2284375,2244.0703125,2184.2284375,2244.0703125,600,0.0,0.0
2006-03-20 00:00:00+09:00,2244.0703125,2244.0703125,2244.0703125,2244.0703125,0,0.0,0.0
2006-03-21 00:00:00+09:00,2244.0703125,2244.0703125,2244.0703125,2244.0703125,0,0.0,0.0
2006-03-22 00:00:00+09:00,2265.442410714286,2265.442410714286,2244.0703125,2244.0703125,600,0.0,0.0
2006-03-23 00:00:00+09:00,2244.0704799496107,2299.637939453125,2244.0704799496107,2299.637939453125,800,0.0,0.0
2006-03-24 00:00:00+09:00,2299.637933564761,2303.912353515625,2278.2658338104416,2303.912353515625,1000,0.0,0.0
2006-03-27 00:00:00+09:00,2299.638005700012,2316.735686039789,2252.619384765625,2252.619384765625,1200,0.0,0.0
2006-03-28 00:00:00+09:00,2252.619384765625,2252.619384765625,2252.619384765625,2252.619384765625,0,0.0,0.0
2006-03-29 00:00:00+09:00,2252.619384765625,2252.619384765625,2252.619384765625,2252.619384765625,0,0.0,0.0
2006-03-30 00:00:00+09:00,2184.228509902954,2188.5029296875,2184.228509902954,2188.5029296875,600,0.0,0.0
2006-03-31 00:00:00+09:00,2192.77734375,2265.4424798976606,2192.77734375,2192.77734375,800,0.0,0.0
2006-04-03 00:00:00+09:00,2201.326166197311,2205.6005859375,2201.326166197311,2205.6005859375,1200,0.0,0.0
2006-04-04 00:00:00+09:00,2205.6005859375,2205.6005859375,2205.6005859375,2205.6005859375,400,0.0,0.0
2006-04-05 00:00:00+09:00,2218.423845158067,2222.6982648982557,2205.6005859375,2205.6005859375,600,0.0,0.0
2006-04-06 00:00:00+09:00,2205.6005859375,2205.6005859375,2205.6005859375,2205.6005859375,0,0.0,0.0
2006-04-07 00:00:00+09:00,2218.4238224909855,2222.6982421875,2218.4238224909855,2222.6982421875,400,0.0,0.0
2006-04-10 00:00:00+09:00,2188.5029354207436,2188.5029354207436,2184.228515625,2184.228515625,800,0.0,0.0
2006-04-11 00:00:00+09:00,2179.9540958292564,2184.228515625,2179.9540958292564,2184.228515625,600,0.0,0.0
2006-04-12 00:00:00+09:00,2188.5029354207436,2188.5029354207436,2184.228515625,2184.228515625,400,0.0,0.0
2006-04-13 00:00:00+09:00,2175.6796817555146,2179.9541015625,2175.6796817555146,2179.9541015625,600,0.0,0.0
2006-04-14 00:00:00+09:00,2179.9541015625,2179.9541015625,2179.9541015625,2179.9541015625,0,0.0,0.0
2006-04-17 00:00:00+09:00,2137.209716796875,2137.209716796875,2137.209716796875,2137.209716796875,800,0.0,0.0
2006-04-18 00:00:00+09:00,2137.209716796875,2137.209716796875,2137.209716796875,2137.209716796875,800,0.0,0.0
2006-04-19 00:00:00+09:00,2137.209716796875,2137.209716796875,2137.209716796875,2137.209716796875,1000,0.0,0.0
2006-04-20 00:00:00+09:00,2137.209716796875,2137.209716796875,2128.6608779296876,2137.209716796875,1400,0.0,0.0
2006-04-21 00:00:00+09:00,2128.6611387072435,2128.6611387072435,2124.38671875,2124.38671875,600,0.0,0.0
2006-04-24 00:00:00+09:00,2137.210020727041,2137.210020727041,2094.4658203125,2094.4658203125,1200,0.0,0.0
2006-04-25 00:00:00+09:00,2064.544728725771,2064.544728725771,2026.074951171875,2026.074951171875,1800,0.0,0.0
2006-04-26 00:00:00+09:00,2055.9958552042644,2055.9958552042644,2051.721435546875,2051.721435546875,800,0.0,0.0
2006-04-27 00:00:00+09:00,2051.721435546875,2051.721435546875,2051.721435546875,2051.721435546875,400,0.0,0.0
2006-04-28 00:00:00+09:00,2051.721435546875,2051.721435546875,2051.721435546875,2051.721435546875,0,0.0,0.0
2006-05-01 00:00:00+09:00,2051.721435546875,2051.721435546875,2051.721435546875,2051.721435546875,800,0.0,0.0
2006-05-02 00:00:00+09:00,2055.99609375,2055.99609375,2055.99609375,2055.99609375,200,0.0,0.0
2006-05-03 00:00:00+09:00,2055.99609375,2055.99609375,2055.99609375,2055.99609375,0,0.0,0.0
2006-05-04 00:00:00+09:00,2055.99609375,2055.99609375,2055.99609375,2055.99609375,0,0.0,0.0
2006-05-05 00:00:00+09:00,2055.99609375,2055.99609375,2055.99609375,2055.99609375,0,0.0,0.0
2006-05-08 00:00:00+09:00,2098.740234375,2098.740234375,2098.740234375,2098.740234375,200,0.0,0.0
2006-05-09 00:00:00+09:00,2055.99609375,2055.99609375,2055.99609375,2055.99609375,400,0.0,0.0
2006-05-10 00:00:00+09:00,2055.99609375,2055.99609375,2055.99609375,2055.99609375,0,0.0,0.0
2006-05-11 00:00:00+09:00,2055.99609375,2055.99609375,2055.99609375,2055.99609375,200,0.0,0.0
2006-05-12 00:00:00+09:00,2043.1726300847176,2043.1726300847176,2026.074951171875,2026.074951171875,800,0.0,0.0
2006-05-15 00:00:00+09:00,2047.446966565216,2090.191162109375,2047.446966565216,2090.191162109375,600,0.0,0.0
2006-05-16 00:00:00+09:00,2030.3494528065557,2030.3494528065557,1966.233154296875,1966.233154296875,600,0.0,0.0
2006-05-17 00:00:00+09:00,1944.8609619140625,1944.8609619140625,1944.8609619140625,1944.8609619140625,200,0.0,0.0
2006-05-18 00:00:00+09:00,1910.6657384236653,1910.6657384236653,1846.5494384765625,1846.5494384765625,800,0.0,0.0
2006-05-19 00:00:00+09:00,1850.82373046875,1850.82373046875,1850.82373046875,1850.82373046875,200,0.0,0.0
2006-05-22 00:00:00+09:00,1863.6470067223836,1863.6470067223836,1838.00048828125,1838.00048828125,1000,0.0,0.0
2006-05-23 00:00:00+09:00,1820.90283203125,1820.90283203125,1820.90283203125,1820.90283203125,200,0.0,0.0
2006-05-24 00:00:00+09:00,1820.902809320494,1838.00048828125,1820.902809320494,1838.00048828125,400,0.0,0.0
2006-05-25 00:00:00+09:00,1825.1772575827206,1825.1772575827206,1816.62841796875,1816.62841796875,600,0.0,0.0
2006-05-26 00:00:00+09:00,1816.62841796875,1816.62841796875,1816.62841796875,1816.62841796875,0,0.0,0.0
2006-05-29 00:00:00+09:00,1838.00048828125,1838.00048828125,1838.00048828125,1838.00048828125,200,0.0,0.0
2006-05-30 00:00:00+09:00,1859.3726806640625,1859.3726806640625,1859.3726806640625,1859.3726806640625,400,0.0,0.0
2006-05-31 00:00:00+09:00,1859.3726101727552,1859.3726101727552,1820.90283203125,1820.90283203125,800,0.0,0.0
2006-06-01 00:00:00+09:00,1803.8050647553944,1803.8050647553944,1795.2562255859375,1795.2562255859375,800,0.0,0.0
2006-06-02 00:00:00+09:00,1795.2562255859375,1795.2562255859375,1795.2562255859375,1795.2562255859375,0,0.0,0.0
2006-06-05 00:00:00+09:00,1795.2562255859375,1795.2562255859375,1795.2562255859375,1795.2562255859375,0,0.0,0.0
2006-06-06 00:00:00+09:00,1790.98186243569,1790.98186243569,1752.5120849609375,1752.5120849609375,400,0.0,0.0
2006-06-07 00:00:00+09:00,1722.5911435320934,1722.5911435320934,1658.4748478671272,1662.749267578125,1600,0.0,0.0
2006-06-08 00:00:00+09:00,1662.749240342007,1684.121338546917,1590.0841064453125,1590.0841064453125,1000,0.0,0.0
2006-06-09 00:00:00+09:00,1590.0841064453125,1590.0841064453125,1590.0841064453125,1590.0841064453125,0,0.0,0.0
2006-06-12 00:00:00+09:00,1654.200531940071,1675.5726318359375,1654.200531940071,1675.5726318359375,400,0.0,0.0
2006-06-13 00:00:00+09:00,1675.5726318359375,1675.5726318359375,1675.5726318359375,1675.5726318359375,0,0.0,0.0
2006-06-14 00:00:00+09:00,1675.5726318359375,1675.5726318359375,1675.5726318359375,1675.5726318359375,0,0.0,0.0
2006-06-15 00:00:00+09:00,1675.5726318359375,1675.5726318359375,1675.5726318359375,1675.5726318359375,0,0.0,0.0
2006-06-16 00:00:00+09:00,1667.023681640625,1667.023681640625,1667.023681640625,1667.023681640625,200,0.0,0.0
2006-06-19 00:00:00+09:00,1692.670166015625,1692.670166015625,1692.670166015625,1692.670166015625,200,0.0,0.0
2006-06-20 00:00:00+09:00,1692.670166015625,1692.670166015625,1692.670166015625,1692.670166015625,400,0.0,0.0
2006-06-21 00:00:00+09:00,1688.3958740234375,1688.3958740234375,1688.3958740234375,1688.3958740234375,200,0.0,0.0
2006-06-22 00:00:00+09:00,1688.3957801231973,1688.3957801231973,1667.023681640625,1667.023681640625,600,0.0,0.0
2006-06-23 00:00:00+09:00,1667.023681640625,1667.023681640625,1667.023681640625,1667.023681640625,0,0.0,0.0
2006-06-26 00:00:00+09:00,1667.023681640625,1667.023681640625,1667.023681640625,1667.023681640625,0,0.0,0.0
2006-06-27 00:00:00+09:00,1667.023681640625,1667.023681640625,1667.023681640625,1667.023681640625,0,0.0,0.0
2006-06-28 00:00:00+09:00,1752.5120849609375,1752.5120849609375,1752.5120849609375,1752.5120849609375,200,0.0,0.0
2006-06-29 00:00:00+09:00,1773.8841552734375,1773.8841552734375,1773.8841552734375,1773.8841552734375,200,0.0,0.0
2006-06-30 00:00:00+09:00,1795.2562255859375,1795.2562255859375,1795.2562255859375,1795.2562255859375,200,0.0,0.0
2006-07-03 00:00:00+09:00,1795.2562255859375,1795.2562255859375,1795.2562255859375,1795.2562255859375,0,0.0,0.0
2006-07-04 00:00:00+09:00,1795.2562255859375,1795.2562255859375,1795.2562255859375,1795.2562255859375,0,0.0,0.0
2006-07-05 00:00:00+09:00,1795.2562255859375,1795.2562255859375,1795.2562255859375,1795.2562255859375,0,0.0,0.0
2006-07-06 00:00:00+09:00,1867.9215087890625,1867.9215087890625,1867.9215087890625,1867.9215087890625,200,0.0,0.0
2006-07-07 00:00:00+09:00,1825.17724609375,1825.17724609375,1825.17724609375,1825.17724609375,200,0.0,0.0
2006-07-10 00:00:00+09:00,1825.17724609375,1825.17724609375,1825.17724609375,1825.17724609375,600,0.0,0.0
2006-07-11 00:00:00+09:00,1825.17724609375,1825.17724609375,1825.17724609375,1825.17724609375,0,0.0,0.0
2006-07-12 00:00:00+09:00,1846.5492606026787,1846.5492606026787,1795.2562255859375,1795.2562255859375,600,0.0,0.0
2006-07-13 00:00:00+09:00,1795.2562255859375,1795.2562255859375,1795.2562255859375,1795.2562255859375,0,0.0,0.0
2006-07-14 00:00:00+09:00,1709.767822265625,1709.767822265625,1709.767822265625,1709.767822265625,200,0.0,0.0
2006-07-17 00:00:00+09:00,1709.767822265625,1709.767822265625,1709.767822265625,1709.767822265625,0,0.0,0.0
2006-07-18 00:00:00+09:00,1671.2982177734375,1671.2982177734375,1671.2982177734375,1671.2982177734375,600,0.0,0.0
2006-07-19 00:00:00+09:00,1675.5726318359375,1675.5726318359375,1675.5726318359375,1675.5726318359375,200,0.0,0.0
2006-07-20 00:00:00+09:00,1675.5726318359375,1675.5726318359375,1675.5726318359375,1675.5726318359375,200,0.0,0.0
2006-07-21 00:00:00+09:00,1675.5726318359375,1675.5726318359375,1675.5726318359375,1675.5726318359375,0,0.0,0.0
2006-07-24 00:00:00+09:00,1671.2982177734375,1671.2982177734375,1671.2982177734375,1671.2982177734375,400,0.0,0.0
2006-07-25 00:00:00+09:00,1671.2982177734375,1671.2982177734375,1671.2982177734375,1671.2982177734375,0,0.0,0.0
2006-07-26 00:00:00+09:00,1696.944580078125,1696.944580078125,1696.944580078125,1696.944580078125,1000,0.0,0.0
2006-07-27 00:00:00+09:00,1696.944580078125,1696.944580078125,1696.944580078125,1696.944580078125,1200,0.0,0.0
2006-07-28 00:00:00+09:00,1718.3167355559592,1718.3167355559592,1654.200439453125,1654.200439453125,800,0.0,0.0
2006-07-31 00:00:00+09:00,1714.0423583984375,1714.0423583984375,1714.0423583984375,1714.0423583984375,200,0.0,0.0
2006-08-01 00:00:00+09:00,1714.0423158157703,1714.0423158157703,1654.200439453125,1654.200439453125,400,0.0,0.0
2006-08-02 00:00:00+09:00,1654.200439453125,1654.200439453125,1654.200439453125,1654.200439453125,0,0.0,0.0
2006-08-03 00:00:00+09:00,1654.200439453125,1654.200439453125,1654.200439453125,1654.200439453125,200,0.0,0.0
2006-08-04 00:00:00+09:00,1654.200439453125,1654.200439453125,1654.200439453125,1654.200439453125,200,0.0,0.0
2006-08-07 00:00:00+09:00,1654.200439453125,1654.200439453125,1654.200439453125,1654.200439453125,0,0.0,0.0
2006-08-08 00:00:00+09:00,1654.200439453125,1654.200439453125,1654.200439453125,1654.200439453125,0,0.0,0.0
2006-08-09 00:00:00+09:00,1654.200439453125,1654.200439453125,1654.200439453125,1654.200439453125,600,0.0,0.0
2006-08-10 00:00:00+09:00,1667.023681640625,1667.023681640625,1667.023681640625,1667.023681640625,200,0.0,0.0
2006-08-11 00:00:00+09:00,1667.023681640625,1684.1213604266827,1667.023681640625,1667.023681640625,2400,0.0,0.0
2006-08-14 00:00:00+09:00,1667.023681640625,1667.023681640625,1667.023681640625,1667.023681640625,0,0.0,0.0
2006-08-15 00:00:00+09:00,1667.023681640625,1667.023681640625,1667.023681640625,1667.023681640625,0,0.0,0.0
2006-08-16 00:00:00+09:00,1611.4561767578125,1611.4561767578125,1611.4561767578125,1611.4561767578125,400,0.0,0.0
2006-08-17 00:00:00+09:00,1615.7308106746973,1632.8284912109375,1615.7308106746973,1632.8284912109375,2000,0.0,0.0
2006-08-18 00:00:00+09:00,1667.023681640625,1667.023681640625,1667.023681640625,1667.023681640625,400,0.0,0.0
2006-08-21 00:00:00+09:00,1667.0237394634048,1667.0237394634048,1624.279541015625,1624.279541015625,400,0.0,0.0
2006-08-22 00:00:00+09:00,1624.279541015625,1624.279541015625,1624.279541015625,1624.279541015625,0,0.0,0.0
2006-08-23 00:00:00+09:00,1667.023681640625,1667.023681640625,1667.023681640625,1667.023681640625,400,0.0,0.0
2006-08-24 00:00:00+09:00,1667.023681640625,1667.023681640625,1667.023681640625,1667.023681640625,600,0.0,0.0
2006-08-25 00:00:00+09:00,1667.023681640625,1667.023681640625,1667.023681640625,1667.023681640625,0,0.0,0.0
2006-08-28 00:00:00+09:00,1667.0236872891228,1667.0236872891228,1662.749267578125,1662.749267578125,1000,0.0,0.0
2006-08-29 00:00:00+09:00,1645.651611328125,1645.651611328125,1645.651611328125,1645.651611328125,200,0.0,0.0
2006-08-30 00:00:00+09:00,1645.651611328125,1645.651611328125,1645.651611328125,1645.651611328125,0,0.0,0.0
2006-08-31 00:00:00+09:00,1645.651611328125,1645.651611328125,1645.651611328125,1645.651611328125,0,0.0,0.0
2006-09-01 00:00:00+09:00,1654.200439453125,1654.200439453125,1654.200439453125,1654.200439453125,400,0.0,0.0
2006-09-04 00:00:00+09:00,1667.023681640625,1667.023681640625,1667.023681640625,1667.023681640625,3200,0.0,0.0
2006-09-05 00:00:00+09:00,1667.023681640625,1667.023681640625,1667.023681640625,1667.023681640625,0,0.0,0.0
2006-09-06 00:00:00+09:00,1667.023681640625,1667.023681640625,1667.023681640625,1667.023681640625,0,0.0,0.0
2006-09-07 00:00:00+09:00,1667.023681640625,1667.023681640625,1667.023681640625,1667.023681640625,200,0.0,0.0
2006-09-08 00:00:00+09:00,1667.023681640625,1667.023681640625,1667.023681640625,1667.023681640625,0,0.0,0.0
2006-09-11 00:00:00+09:00,1667.023681640625,1667.023681640625,1667.023681640625,1667.023681640625,0,0.0,0.0
2006-09-12 00:00:00+09:00,1667.023681640625,1667.023681640625,1667.023681640625,1667.023681640625,0,0.0,0.0
2006-09-13 00:00:00+09:00,1667.023681640625,1667.023681640625,1667.023681640625,1667.023681640625,0,0.0,0.0
2006-09-14 00:00:00+09:00,1667.023681640625,1667.023681640625,1667.023681640625,1667.023681640625,0,0.0,0.0
2006-09-15 00:00:00+09:00,1667.023681640625,1667.023681640625,1667.023681640625,1667.023681640625,0,0.0,0.0
2006-09-18 00:00:00+09:00,1667.023681640625,1667.023681640625,1667.023681640625,1667.023681640625,0,0.0,0.0
2006-09-19 00:00:00+09:00,1667.023681640625,1667.023681640625,1667.023681640625,1667.023681640625,200,0.0,0.0
2006-09-20 00:00:00+09:00,1538.791259765625,1538.791259765625,1538.791259765625,1538.791259765625,200,0.0,0.0
2006-09-21 00:00:00+09:00,1560.1632664640185,1564.437686372139,1517.4190673828125,1517.4190673828125,1200,0.0,0.0
2006-09-22 00:00:00+09:00,1517.4190673828125,1517.4190673828125,1517.4190673828125,1517.4190673828125,0,0.0,0.0
2006-09-25 00:00:00+09:00,1534.5167236328125,1534.5167236328125,1534.5167236328125,1534.5167236328125,200,0.0,0.0
2006-09-26 00:00:00+09:00,1534.5167236328125,1534.5167236328125,1534.5167236328125,1534.5167236328125,200,0.0,0.0
2006-09-27 00:00:00+09:00,1538.791259765625,1538.791259765625,1538.791259765625,1538.791259765625,200,0.0,0.0
2006-09-28 00:00:00+09:00,1581.5354614257812,1581.5354614257812,1538.791259765625,1538.791259765625,1000,0.0,0.0
2006-09-29 00:00:00+09:00,1517.4191589355469,1538.791259765625,1517.4191589355469,1538.791259765625,400,0.0,0.0
2006-10-02 00:00:00+09:00,1538.791259765625,1538.791259765625,1538.791259765625,1538.791259765625,200,0.0,0.0
2006-10-03 00:00:00+09:00,1560.1632080078125,1560.1632080078125,1560.1632080078125,1560.1632080078125,200,0.0,0.0
2006-10-04 00:00:00+09:00,1560.1632080078125,1560.1632080078125,1560.1632080078125,1560.1632080078125,0,0.0,0.0
2006-10-05 00:00:00+09:00,1602.9073486328125,1602.9073486328125,1602.9073486328125,1602.9073486328125,200,0.0,0.0
2006-10-06 00:00:00+09:00,1602.9073486328125,1602.9073486328125,1602.9073486328125,1602.9073486328125,200,0.0,0.0
2006-10-09 00:00:00+09:00,1602.9073486328125,1602.9073486328125,1602.9073486328125,1602.9073486328125,0,0.0,0.0
2006-10-10 00:00:00+09:00,1602.9073486328125,1602.9073486328125,1602.9073486328125,1602.9073486328125,0,0.0,0.0
2006-10-11 00:00:00+09:00,1602.9073486328125,1602.9073486328125,1602.9073486328125,1602.9073486328125,0,0.0,0.0
2006-10-12 00:00:00+09:00,1534.5166673944573,1577.2608642578125,1534.5166673944573,1577.2608642578125,800,0.0,0.0
2006-10-13 00:00:00+09:00,1577.2608642578125,1577.2608642578125,1577.2608642578125,1577.2608642578125,0,0.0,0.0
2006-10-16 00:00:00+09:00,1577.2608642578125,1577.2608642578125,1577.2608642578125,1577.2608642578125,0,0.0,0.0
2006-10-17 00:00:00+09:00,1517.4190673828125,1517.4190673828125,1517.4190673828125,1517.4190673828125,200,0.0,0.0
2006-10-18 00:00:00+09:00,1517.4190673828125,1517.4190673828125,1517.4190673828125,1517.4190673828125,0,0.0,0.0
2006-10-19 00:00:00+09:00,1594.358642578125,1594.358642578125,1594.358642578125,1594.358642578125,200,0.0,0.0
2006-10-20 00:00:00+09:00,1594.358642578125,1594.358642578125,1594.358642578125,1594.358642578125,0,0.0,0.0
2006-10-23 00:00:00+09:00,1594.358642578125,1594.358642578125,1594.358642578125,1594.358642578125,0,0.0,0.0
2006-10-24 00:00:00+09:00,1594.358642578125,1594.358642578125,1594.358642578125,1594.358642578125,0,0.0,0.0
2006-10-25 00:00:00+09:00,1530.2423692023617,1530.2423692023617,1487.4981689453125,1487.4981689453125,600,0.0,0.0
2006-10-26 00:00:00+09:00,1487.4981689453125,1487.4981689453125,1487.4981689453125,1487.4981689453125,0,0.0,0.0
2006-10-27 00:00:00+09:00,1513.1445535714286,1513.1445535714286,1496.046875,1496.046875,800,0.0,0.0
2006-10-30 00:00:00+09:00,1491.772455357143,1496.046875,1491.772455357143,1496.046875,400,0.0,0.0
2006-10-31 00:00:00+09:00,1496.046875,1496.046875,1496.046875,1496.046875,0,0.0,0.0
2006-11-01 00:00:00+09:00,1500.321294642857,1500.321294642857,1491.772455357143,1496.046875,1800,0.0,0.0
2006-11-02 00:00:00+09:00,1487.4981689453125,1487.4981689453125,1487.4981689453125,1487.4981689453125,200,0.0,0.0
2006-11-03 00:00:00+09:00,1487.4981689453125,1487.4981689453125,1487.4981689453125,1487.4981689453125,0,0.0,0.0
2006-11-06 00:00:00+09:00,1487.4981689453125,1487.4981689453125,1487.4981689453125,1487.4981689453125,0,0.0,0.0
2006-11-07 00:00:00+09:00,1487.4981689453125,1487.4981689453125,1487.4981689453125,1487.4981689453125,0,0.0,0.0
2006-11-08 00:00:00+09:00,1466.1259540480908,1483.2236328125,1466.1259540480908,1483.2236328125,600,0.0,0.0
2006-11-09 00:00:00+09:00,1470.4003849637681,1474.6748046875,1470.4003849637681,1474.6748046875,800,0.0,0.0
2006-11-10 00:00:00+09:00,1414.8328857421875,1414.8328857421875,1414.8328857421875,1414.8328857421875,200,0.0,0.0
2006-11-13 00:00:00+09:00,1393.460868158284,1444.75390625,1393.460868158284,1444.75390625,800,0.0,0.0
2006-11-14 00:00:00+09:00,1393.4609375,1393.4609375,1393.4609375,1393.4609375,400,0.0,0.0
2006-11-15 00:00:00+09:00,1397.7352992466517,1397.7352992466517,1346.4422607421875,1346.4422607421875,800,0.0,0.0
2006-11-16 00:00:00+09:00,1325.0701613653273,1346.4422607421875,1320.7957414899554,1346.4422607421875,1200,0.0,0.0
2006-11-17 00:00:00+09:00,1384.9120396205356,1384.9120396205356,1346.4422607421875,1346.4422607421875,2600,0.0,0.0
2006-11-20 00:00:00+09:00,1346.4422607421875,1346.4422607421875,1346.4422607421875,1346.4422607421875,0,0.0,0.0
2006-11-21 00:00:00+09:00,1320.795654296875,1320.795654296875,1320.795654296875,1320.795654296875,200,0.0,0.0
2006-11-22 00:00:00+09:00,1278.051519406722,1278.051519406722,1269.5026798120282,1273.777099609375,2400,0.0,0.0
2006-11-23 00:00:00+09:00,1273.777099609375,1273.777099609375,1273.777099609375,1273.777099609375,0,0.0,0.0
2006-11-24 00:00:00+09:00,1282.325927734375,1282.325927734375,1282.325927734375,1282.325927734375,600,0.0,0.0
2006-11-27 00:00:00+09:00,1303.697998046875,1303.697998046875,1303.697998046875,1303.697998046875,200,0.0,0.0
2006-11-28 00:00:00+09:00,1307.972412109375,1307.972412109375,1307.972412109375,1307.972412109375,200,0.0,0.0
2006-11-29 00:00:00+09:00,1329.3445812406994,1346.4422607421875,1329.3445812406994,1346.4422607421875,1200,0.0,0.0
2006-11-30 00:00:00+09:00,1346.4421332636966,1350.716552734375,1346.4421332636966,1350.716552734375,600,0.0,0.0
2006-12-01 00:00:00+09:00,1350.7166632886203,1359.2655029296875,1350.7166632886203,1359.2655029296875,400,0.0,0.0
2006-12-04 00:00:00+09:00,1359.2655029296875,1359.2655029296875,1359.2655029296875,1359.2655029296875,0,0.0,0.0
2006-12-05 00:00:00+09:00,1359.2654081594449,1359.2654081594449,1325.0700519793331,1337.893310546875,1000,0.0,0.0
2006-12-06 00:00:00+09:00,1337.893310546875,1337.893310546875,1337.893310546875,1337.893310546875,0,0.0,0.0
2006-12-07 00:00:00+09:00,1346.442266573572,1346.442266573572,1337.8934267858033,1342.1678466796875,800,0.0,0.0
2006-12-08 00:00:00+09:00,1350.716552734375,1350.716552734375,1325.0700359103046,1350.716552734375,2600,0.0,0.0
2006-12-11 00:00:00+09:00,1350.716552734375,1350.716552734375,1350.716552734375,1350.716552734375,0,0.0,0.0
2006-12-12 00:00:00+09:00,1350.7166806175594,1350.7166806175594,1346.4422607421875,1346.4422607421875,1200,0.0,0.0
2006-12-13 00:00:00+09:00,1346.4421828249667,1406.2840576171875,1346.4421828249667,1406.2840576171875,600,0.0,0.0
2006-12-14 00:00:00+09:00,1397.7352294921875,1397.7352294921875,1397.7352294921875,1397.7352294921875,800,0.0,0.0
2006-12-15 00:00:00+09:00,1354.9910604346612,1376.3631591796875,1354.9910604346612,1376.3631591796875,400,0.0,0.0
2006-12-18 00:00:00+09:00,1402.0096435546875,1402.0096435546875,1402.0096435546875,1402.0096435546875,400,0.0,0.0
2006-12-19 00:00:00+09:00,1402.0096435546875,1402.0096435546875,1402.0096435546875,1402.0096435546875,400,0.0,0.0
2006-12-20 00:00:00+09:00,1359.2655770705521,1397.735357553681,1350.7167369631902,1393.4609375,1800,0.0,0.0
2006-12-21 00:00:00+09:00,1389.186441673423,1389.186441673423,1359.2655029296875,1359.2655029296875,600,0.0,0.0
2006-12-22 00:00:00+09:00,1354.9910888671875,1354.9910888671875,1350.7166690284896,1354.9910888671875,1200,0.0,0.0
2006-12-25 00:00:00+09:00,1346.4421332636966,1350.716552734375,1329.344455380983,1350.716552734375,1000,0.0,0.0
2006-12-26 00:00:00+09:00,1342.1679257617836,1342.1679257617836,1286.6004638671875,1286.6004638671875,3000,0.0,0.0
2006-12-27 00:00:00+09:00,1303.6981261403937,1303.6981261403937,1299.4237060546875,1299.4237060546875,800,0.0,0.0
2006-12-28 00:00:00+09:00,1329.344471501847,1337.893310546875,1329.344471501847,1337.893310546875,800,0.0,0.0
2006-12-29 00:00:00+09:00,1329.3446044921875,1329.3446044921875,1329.3446044921875,1329.3446044921875,400,0.0,0.0
2007-01-04 00:00:00+09:00,1329.3446044921875,1329.3446044921875,1329.3446044921875,1329.3446044921875,200,0.0,0.0
2007-01-05 00:00:00+09:00,1333.6190185546875,1333.6190185546875,1333.6190185546875,1333.6190185546875,400,0.0,0.0
2007-01-09 00:00:00+09:00,1354.9910888671875,1354.9910888671875,1354.9910888671875,1354.9910888671875,200,0.0,0.0
2007-01-10 00:00:00+09:00,1354.9910717010498,1367.8143310546875,1346.442232131958,1367.8143310546875,1200,0.0,0.0
2007-01-11 00:00:00+09:00,1367.8143310546875,1367.8143310546875,1367.8143310546875,1367.8143310546875,0,0.0,0.0
2007-01-12 00:00:00+09:00,1367.8143310546875,1367.8143310546875,1367.8143310546875,1367.8143310546875,0,0.0,0.0
2007-01-15 00:00:00+09:00,1346.4422902753277,1346.4422902753277,1325.0701904296875,1325.0701904296875,1600,0.0,0.0
2007-01-16 00:00:00+09:00,1346.4422607421875,1346.4422607421875,1346.4422607421875,1346.4422607421875,400,0.0,0.0
2007-01-17 00:00:00+09:00,1329.344569835001,1354.9910888671875,1325.0701499963031,1354.9910888671875,1400,0.0,0.0
2007-01-18 00:00:00+09:00,1354.9910888671875,1354.9910888671875,1333.6189896736987,1354.9910888671875,1400,0.0,0.0
2007-01-19 00:00:00+09:00,1346.4422902753277,1346.4422902753277,1325.0701904296875,1325.0701904296875,4800,0.0,0.0
2007-01-22 00:00:00+09:00,1325.0701904296875,1346.4422902753277,1325.0701904296875,1325.0701904296875,6400,0.0,0.0
2007-01-23 00:00:00+09:00,1329.3445869980344,1342.1678466796875,1325.0701671041502,1342.1678466796875,1800,0.0,0.0
2007-01-24 00:00:00+09:00,1337.8934267858033,1342.1678466796875,1337.8934267858033,1342.1678466796875,600,0.0,0.0
2007-01-25 00:00:00+09:00,1350.7166864674562,1350.7166864674562,1342.1678466796875,1342.1678466796875,1800,0.0,0.0
2007-01-26 00:00:00+09:00,1342.1678466796875,1342.1678466796875,1342.1678466796875,1342.1678466796875,200,0.0,0.0
2007-01-29 00:00:00+09:00,1333.6190303679437,1333.6190303679437,1325.0701904296875,1325.0701904296875,2600,0.0,0.0
2007-01-30 00:00:00+09:00,1333.6190303679437,1333.6190303679437,1325.0701904296875,1325.0701904296875,6800,0.0,0.0
2007-01-31 00:00:00+09:00,1346.4422607421875,1346.4422607421875,1346.4422607421875,1346.4422607421875,200,0.0,0.0
2007-02-01 00:00:00+09:00,1346.4422607421875,1346.4422607421875,1346.4422607421875,1346.4422607421875,1000,0.0,0.0
2007-02-02 00:00:00+09:00,1342.1678643425944,1342.1678643425944,1329.3446044921875,1329.3446044921875,600,0.0,0.0
2007-02-05 00:00:00+09:00,1333.619024442323,1333.619024442323,1329.3446044921875,1329.3446044921875,600,0.0,0.0
2007-02-06 00:00:00+09:00,1329.3446044921875,1329.3446044921875,1329.3446044921875,1329.3446044921875,200,0.0,0.0
2007-02-07 00:00:00+09:00,1346.4422607421875,1346.4422607421875,1346.4422607421875,1346.4422607421875,400,0.0,0.0
2007-02-08 00:00:00+09:00,1346.4422607421875,1346.4422607421875,1346.4422607421875,1346.4422607421875,200,0.0,0.0
2007-02-09 00:00:00+09:00,1333.619024442323,1333.619024442323,1329.3446044921875,1329.3446044921875,2000,0.0,0.0
2007-02-13 00:00:00+09:00,1342.1677300693889,1346.442149591903,1329.344471501847,1337.893310546875,1800,0.0,0.0
2007-02-14 00:00:00+09:00,1337.8934503370717,1337.8934503370717,1325.0701904296875,1325.0701904296875,5400,0.0,0.0
2007-02-15 00:00:00+09:00,1325.0701904296875,1325.0701904296875,1325.0701904296875,1325.0701904296875,0,0.0,0.0
2007-02-16 00:00:00+09:00,1329.3446044921875,1329.3446044921875,1329.3446044921875,1329.3446044921875,200,0.0,0.0
2007-02-19 00:00:00+09:00,1333.6189896736987,1354.9910888671875,1333.6189896736987,1354.9910888671875,2800,0.0,0.0
2007-02-20 00:00:00+09:00,1342.1678466796875,1342.1678466796875,1342.1678466796875,1342.1678466796875,200,0.0,0.0
2007-02-21 00:00:00+09:00,1346.4422607421875,1346.4422607421875,1342.1678408668154,1346.4422607421875,600,0.0,0.0
2007-02-22 00:00:00+09:00,1346.4422607421875,1346.4422607421875,1346.4422607421875,1346.4422607421875,0,0.0,0.0
2007-02-23 00:00:00+09:00,1367.814342570755,1367.814342570755,1359.2655029296875,1359.2655029296875,600,0.0,0.0
2007-02-26 00:00:00+09:00,1389.1863736239347,1410.5584716796875,1389.1863736239347,1410.5584716796875,1200,0.0,0.0
2007-02-27 00:00:00+09:00,1410.5585761542793,1423.3818359375,1402.0097362987988,1423.3818359375,1600,0.0,0.0
2007-02-28 00:00:00+09:00,1380.6375619741586,1389.1864013671875,1367.8143028846155,1389.1864013671875,1800,0.0,0.0
2007-03-01 00:00:00+09:00,1389.1864013671875,1389.1864013671875,1389.1864013671875,1389.1864013671875,800,0.0,0.0
2007-03-02 00:00:00+09:00,1397.7353757498065,1397.7353757498065,1380.6376953125,1380.6376953125,600,0.0,0.0
2007-03-05 00:00:00+09:00,1372.0887451171875,1372.0887451171875,1372.0887451171875,1372.0887451171875,1000,0.0,0.0
2007-03-06 00:00:00+09:00,1367.8143028846155,1389.1864013671875,1367.8143028846155,1389.1864013671875,800,0.0,0.0
2007-03-07 00:00:00+09:00,1367.8143310546875,1367.8143310546875,1367.8143310546875,1367.8143310546875,200,0.0,0.0
2007-03-08 00:00:00+09:00,1389.1863736239347,1410.5584716796875,1389.1863736239347,1410.5584716796875,1800,0.0,0.0
2007-03-09 00:00:00+09:00,1410.5584716796875,1410.5584716796875,1410.5584716796875,1410.5584716796875,0,0.0,0.0
2007-03-12 00:00:00+09:00,1410.5584716796875,1410.5584716796875,1410.5584716796875,1410.5584716796875,0,0.0,0.0
2007-03-13 00:00:00+09:00,1389.1863736239347,1410.5584716796875,1389.1863736239347,1410.5584716796875,800,0.0,0.0
2007-03-14 00:00:00+09:00,1410.5584716796875,1410.5584716796875,1410.5584716796875,1410.5584716796875,0,0.0,0.0
2007-03-15 00:00:00+09:00,1410.5584716796875,1410.5584716796875,1410.5584716796875,1410.5584716796875,0,0.0,0.0
2007-03-16 00:00:00+09:00,1397.7352294921875,1397.7352294921875,1397.7352294921875,1397.7352294921875,200,0.0,0.0
2007-03-19 00:00:00+09:00,1397.7352294921875,1397.7352294921875,1397.7352294921875,1397.7352294921875,0,0.0,0.0
2007-03-20 00:00:00+09:00,1419.107421875,1419.107421875,1419.107421875,1419.107421875,200,0.0,0.0
2007-03-22 00:00:00+09:00,1376.3632752031733,1380.6376953125,1376.3632752031733,1380.6376953125,400,0.0,0.0
2007-03-23 00:00:00+09:00,1384.9121154218267,1402.0097958591332,1380.6376953125,1380.6376953125,1000,0.0,0.0
2007-03-26 00:00:00+09:00,1402.0097305389222,1431.9306699101796,1402.0097305389222,1427.65625,1600,0.0,0.0
2007-03-27 00:00:00+09:00,1384.911998677698,1384.911998677698,1376.3631591796875,1376.3631591796875,600,0.0,0.0
2007-03-28 00:00:00+09:00,1376.3631591796875,1376.3631591796875,1376.3631591796875,1376.3631591796875,0,0.0,0.0
2007-03-29 00:00:00+09:00,1376.3631591796875,1376.3631591796875,1376.3631591796875,1376.3631591796875,0,0.0,0.0
2007-03-30 00:00:00+09:00,1376.3631591796875,1376.3631591796875,1376.3631591796875,1376.3631591796875,0,0.0,0.0
2007-04-02 00:00:00+09:00,1367.8143601190475,1367.8143601190475,1346.4422607421875,1346.4422607421875,1000,0.0,0.0
2007-04-03 00:00:00+09:00,1346.4422607421875,1346.4422607421875,1346.4422607421875,1346.4422607421875,0,0.0,0.0
2007-04-04 00:00:00+09:00,1346.4422842927302,1346.4422842927302,1329.3446044921875,1329.3446044921875,400,0.0,0.0
2007-04-05 00:00:00+09:00,1329.3446044921875,1329.3446044921875,1329.3446044921875,1329.3446044921875,0,0.0,0.0
2007-04-06 00:00:00+09:00,1329.3446044921875,1329.3446044921875,1329.3446044921875,1329.3446044921875,0,0.0,0.0
2007-04-09 00:00:00+09:00,1329.3446044921875,1329.3446044921875,1329.3446044921875,1329.3446044921875,0,0.0,0.0
2007-04-10 00:00:00+09:00,1329.3446044921875,1329.3446044921875,1329.3446044921875,1329.3446044921875,0,0.0,0.0
2007-04-11 00:00:00+09:00,1329.3446044921875,1329.3446044921875,1329.3446044921875,1329.3446044921875,0,0.0,0.0
2007-04-12 00:00:00+09:00,1329.3446044921875,1329.3446044921875,1329.3446044921875,1329.3446044921875,0,0.0,0.0
2007-04-13 00:00:00+09:00,1329.3446044921875,1329.3446044921875,1329.3446044921875,1329.3446044921875,0,0.0,0.0
2007-04-16 00:00:00+09:00,1325.0701253255208,1325.0701253255208,1282.325927734375,1282.325927734375,1400,0.0,0.0
2007-04-17 00:00:00+09:00,1286.6004638671875,1286.6004638671875,1286.6004638671875,1286.6004638671875,200,0.0,0.0
2007-04-18 00:00:00+09:00,1286.6004638671875,1286.6004638671875,1286.6004638671875,1286.6004638671875,0,0.0,0.0
2007-04-19 00:00:00+09:00,1290.8748143862372,1290.8748143862372,1248.130615234375,1248.130615234375,400,0.0,0.0
2007-04-20 00:00:00+09:00,1248.130615234375,1248.130615234375,1248.130615234375,1248.130615234375,0,0.0,0.0
2007-04-23 00:00:00+09:00,1325.0701904296875,1325.0701904296875,1325.0701904296875,1325.0701904296875,400,0.0,0.0
2007-04-24 00:00:00+09:00,1325.0701904296875,1325.0701904296875,1325.0701904296875,1325.0701904296875,0,0.0,0.0
2007-04-25 00:00:00+09:00,1282.325927734375,1282.325927734375,1282.325927734375,1282.325927734375,200,0.0,0.0
2007-04-26 00:00:00+09:00,1282.325927734375,1282.325927734375,1282.325927734375,1282.325927734375,400,0.0,0.0
2007-04-27 00:00:00+09:00,1290.8746605047875,1290.8746605047875,1269.5025634765625,1269.5025634765625,400,0.0,0.0
2007-05-01 00:00:00+09:00,1282.325927734375,1282.325927734375,1282.325927734375,1282.325927734375,200,0.0,0.0
2007-05-02 00:00:00+09:00,1282.325927734375,1282.325927734375,1282.325927734375,1282.325927734375,1000,0.0,0.0
2007-05-07 00:00:00+09:00,1303.6980905840473,1325.0701904296875,1303.6980905840473,1325.0701904296875,1200,0.0,0.0
2007-05-08 00:00:00+09:00,1320.7957055664062,1320.7957055664062,1282.325927734375,1282.325927734375,600,0.0,0.0
2007-05-09 00:00:00+09:00,1282.3260257118627,1299.4237060546875,1282.3260257118627,1299.4237060546875,400,0.0,0.0
2007-05-10 00:00:00+09:00,1299.4237060546875,1299.4237060546875,1299.4237060546875,1299.4237060546875,0,0.0,0.0
2007-05-11 00:00:00+09:00,1299.4237060546875,1299.4237060546875,1299.4237060546875,1299.4237060546875,0,0.0,0.0
2007-05-14 00:00:00+09:00,1303.6980265299478,1303.6980265299478,1282.325927734375,1282.325927734375,3200,0.0,0.0
2007-05-15 00:00:00+09:00,1282.325927734375,1282.325927734375,1282.325927734375,1282.325927734375,0,0.0,0.0
2007-05-16 00:00:00+09:00,1282.325927734375,1282.325927734375,1282.325927734375,1282.325927734375,0,0.0,0.0
2007-05-17 00:00:00+09:00,1282.325927734375,1282.325927734375,1282.325927734375,1282.325927734375,0,0.0,0.0
2007-05-18 00:00:00+09:00,1239.581758143538,1260.953857421875,1239.581758143538,1260.953857421875,600,0.0,0.0
2007-05-21 00:00:00+09:00,1260.953857421875,1260.953857421875,1260.953857421875,1260.953857421875,0,0.0,0.0
2007-05-22 00:00:00+09:00,1218.2096173160867,1218.2096173160867,1201.1119384765625,1201.1119384765625,400,0.0,0.0
2007-05-23 00:00:00+09:00,1239.581703060963,1303.697998046875,1239.581703060963,1303.697998046875,1200,0.0,0.0
2007-05-24 00:00:00+09:00,1303.697998046875,1303.697998046875,1303.697998046875,1303.697998046875,0,0.0,0.0
2007-05-25 00:00:00+09:00,1256.6793212890625,1256.6793212890625,1256.6793212890625,1256.6793212890625,200,0.0,0.0
2007-05-28 00:00:00+09:00,1256.6793212890625,1256.6793212890625,1256.6793212890625,1256.6793212890625,0,0.0,0.0
2007-05-29 00:00:00+09:00,1256.6793212890625,1256.6793212890625,1256.6793212890625,1256.6793212890625,0,0.0,0.0
2007-05-30 00:00:00+09:00,1290.8747672526042,1299.4236067708332,1282.325927734375,1282.325927734375,800,0.0,0.0
2007-05-31 00:00:00+09:00,1282.3259392040688,1282.3259392040688,1260.9538402173343,1273.777099609375,800,0.0,0.0
2007-06-01 00:00:00+09:00,1278.0515309926625,1282.3259508287583,1265.228271484375,1265.228271484375,1200,0.0,0.0
2007-06-04 00:00:00+09:00,1269.5025634765625,1269.5025634765625,1269.5025634765625,1269.5025634765625,600,0.0,0.0
2007-06-05 00:00:00+09:00,1269.5025634765625,1269.5025634765625,1269.5025634765625,1269.5025634765625,0,0.0,0.0
2007-06-06 00:00:00+09:00,1273.777099609375,1273.777099609375,1273.777099609375,1273.777099609375,200,0.0,0.0
2007-06-07 00:00:00+09:00,1273.777099609375,1273.777099609375,1273.777099609375,1273.777099609375,0,0.0,0.0
2007-06-08 00:00:00+09:00,1269.5025634765625,1269.5025634765625,1269.5025634765625,1269.5025634765625,400,0.0,0.0
2007-06-11 00:00:00+09:00,1269.5025634765625,1269.5025634765625,1269.5025634765625,1269.5025634765625,0,0.0,0.0
2007-06-12 00:00:00+09:00,1269.5025634765625,1269.5025634765625,1269.5025634765625,1269.5025634765625,0,0.0,0.0
2007-06-13 00:00:00+09:00,1282.325927734375,1282.325927734375,1282.325927734375,1282.325927734375,800,0.0,0.0
2007-06-14 00:00:00+09:00,1303.697998046875,1303.697998046875,1303.697998046875,1303.697998046875,200,0.0,0.0
2007-06-15 00:00:00+09:00,1269.5025634765625,1269.5025634765625,1269.5025634765625,1269.5025634765625,800,0.0,0.0
2007-06-18 00:00:00+09:00,1295.1492391733022,1333.6190185546875,1295.1492391733022,1333.6190185546875,1200,0.0,0.0
2007-06-19 00:00:00+09:00,1333.619048376425,1333.619048376425,1312.2469482421875,1312.2469482421875,400,0.0,0.0
2007-06-20 00:00:00+09:00,1312.2469482421875,1312.2469482421875,1312.2469482421875,1312.2469482421875,200,0.0,0.0
2007-06-21 00:00:00+09:00,1312.2469482421875,1312.2469482421875,1312.2469482421875,1312.2469482421875,200,0.0,0.0
2007-06-22 00:00:00+09:00,1316.521240234375,1316.521240234375,1316.521240234375,1316.521240234375,400,0.0,0.0
2007-06-25 00:00:00+09:00,1316.5213504914316,1325.0701904296875,1316.5213504914316,1325.0701904296875,400,0.0,0.0
2007-06-26 00:00:00+09:00,1316.521240234375,1316.521240234375,1316.521240234375,1316.521240234375,600,0.0,0.0
2007-06-27 00:00:00+09:00,1316.521240234375,1316.521240234375,1316.521240234375,1316.521240234375,800,0.0,0.0
2007-06-28 00:00:00+09:00,1316.521240234375,1316.521240234375,1316.521240234375,1316.521240234375,0,0.0,0.0
2007-06-29 00:00:00+09:00,1316.521240234375,1316.521240234375,1316.521240234375,1316.521240234375,0,0.0,0.0
2007-07-02 00:00:00+09:00,1316.5213504914316,1325.0701904296875,1316.5213504914316,1325.0701904296875,600,0.0,0.0
2007-07-03 00:00:00+09:00,1325.0701904296875,1325.0701904296875,1325.0701904296875,1325.0701904296875,0,0.0,0.0
2007-07-04 00:00:00+09:00,1346.4422607421875,1346.4422607421875,1346.4422607421875,1346.4422607421875,400,0.0,0.0
2007-07-05 00:00:00+09:00,1346.4422607421875,1346.4422607421875,1346.4422607421875,1346.4422607421875,0,0.0,0.0
2007-07-06 00:00:00+09:00,1346.4422607421875,1346.4422607421875,1346.4422607421875,1346.4422607421875,0,0.0,0.0
2007-07-09 00:00:00+09:00,1346.442117242604,1363.539794921875,1346.442117242604,1363.539794921875,2000,0.0,0.0
2007-07-10 00:00:00+09:00,1363.5399112701416,1367.8143310546875,1363.5399112701416,1367.8143310546875,2000,0.0,0.0
2007-07-11 00:00:00+09:00,1380.637567590784,1384.9119873046875,1376.3631478768807,1384.9119873046875,1000,0.0,0.0
2007-07-12 00:00:00+09:00,1384.9119649747522,1402.0096435546875,1384.9119649747522,1402.0096435546875,800,0.0,0.0
2007-07-13 00:00:00+09:00,1350.716552734375,1350.716552734375,1350.716552734375,1350.716552734375,400,0.0,0.0
2007-07-17 00:00:00+09:00,1350.716552734375,1350.716552734375,1350.716552734375,1350.716552734375,0,0.0,0.0
2007-07-18 00:00:00+09:00,1350.716552734375,1350.716552734375,1350.716552734375,1350.716552734375,0,0.0,0.0
2007-07-19 00:00:00+09:00,1367.8143310546875,1367.8143310546875,1367.8143310546875,1367.8143310546875,200,0.0,0.0
2007-07-20 00:00:00+09:00,1359.2655029296875,1359.2655029296875,1359.2655029296875,1359.2655029296875,200,0.0,0.0
2007-07-23 00:00:00+09:00,1359.2655029296875,1359.2655029296875,1359.2655029296875,1359.2655029296875,0,0.0,0.0
2007-07-24 00:00:00+09:00,1346.4422607421875,1346.4422607421875,1346.4422607421875,1346.4422607421875,200,0.0,0.0
2007-07-25 00:00:00+09:00,1325.0701904296875,1325.0701904296875,1325.0701904296875,1325.0701904296875,400,0.0,0.0
2007-07-26 00:00:00+09:00,1333.6190185546875,1333.6190185546875,1333.6190185546875,1333.6190185546875,200,0.0,0.0
2007-07-27 00:00:00+09:00,1337.8933488799305,1402.0096435546875,1337.8933488799305,1402.0096435546875,600,0.0,0.0
2007-07-30 00:00:00+09:00,1337.8932943223397,1393.460747441159,1325.0700359103046,1350.716552734375,3800,0.0,0.0
2007-07-31 00:00:00+09:00,1372.0887451171875,1372.0887451171875,1372.0887451171875,1372.0887451171875,200,0.0,0.0
2007-08-01 00:00:00+09:00,1367.8143310546875,1367.8143310546875,1367.8143310546875,1367.8143310546875,1200,0.0,0.0
2007-08-02 00:00:00+09:00,1325.0701904296875,1325.0701904296875,1325.0701904296875,1325.0701904296875,1200,0.0,0.0
2007-08-03 00:00:00+09:00,1325.0701904296875,1325.0701904296875,1325.0701904296875,1325.0701904296875,1000,0.0,0.0
2007-08-06 00:00:00+09:00,1325.0701904296875,1325.0701904296875,1325.0701904296875,1325.0701904296875,200,0.0,0.0
2007-08-07 00:00:00+09:00,1325.0701904296875,1325.0701904296875,1325.0701904296875,1325.0701904296875,0,0.0,0.0
2007-08-08 00:00:00+09:00,1325.0701904296875,1325.0701904296875,1325.0701904296875,1325.0701904296875,0,0.0,0.0
2007-08-09 00:00:00+09:00,1325.0701904296875,1325.0701904296875,1325.0701904296875,1325.0701904296875,600,0.0,0.0
2007-08-10 00:00:00+09:00,1325.0701904296875,1325.0701904296875,1325.0701904296875,1325.0701904296875,0,0.0,0.0
2007-08-13 00:00:00+09:00,1325.0701904296875,1325.0701904296875,1325.0701904296875,1325.0701904296875,0,0.0,0.0
2007-08-14 00:00:00+09:00,1325.0701904296875,1325.0701904296875,1325.0701904296875,1325.0701904296875,0,0.0,0.0
2007-08-15 00:00:00+09:00,1325.0701904296875,1325.0701904296875,1325.0701904296875,1325.0701904296875,0,0.0,0.0
2007-08-16 00:00:00+09:00,1243.8561610279469,1273.777099609375,1243.8561610279469,1273.777099609375,400,0.0,0.0
2007-08-17 00:00:00+09:00,1273.777099609375,1273.777099609375,1273.777099609375,1273.777099609375,0,0.0,0.0
2007-08-20 00:00:00+09:00,1273.777099609375,1273.777099609375,1273.777099609375,1273.777099609375,0,0.0,0.0
2007-08-21 00:00:00+09:00,1196.837646484375,1196.837646484375,1196.837646484375,1196.837646484375,400,0.0,0.0
2007-08-22 00:00:00+09:00,1201.1119384765625,1201.1119384765625,1201.1119384765625,1201.1119384765625,200,0.0,0.0
2007-08-23 00:00:00+09:00,1231.0328369140625,1231.0328369140625,1231.0328369140625,1231.0328369140625,200,0.0,0.0
2007-08-24 00:00:00+09:00,1231.0328369140625,1231.0328369140625,1231.0328369140625,1231.0328369140625,0,0.0,0.0
2007-08-27 00:00:00+09:00,1166.9165974349426,1188.2886962890625,1166.9165974349426,1188.2886962890625,3600,0.0,0.0
2007-08-28 00:00:00+09:00,1196.837646484375,1196.837646484375,1196.837646484375,1196.837646484375,400,0.0,0.0
2007-08-29 00:00:00+09:00,1196.837646484375,1196.837646484375,1196.837646484375,1196.837646484375,0,0.0,0.0
2007-08-30 00:00:00+09:00,1196.837646484375,1196.837646484375,1196.837646484375,1196.837646484375,0,0.0,0.0
2007-08-31 00:00:00+09:00,1196.837646484375,1196.837646484375,1196.837646484375,1196.837646484375,400,0.0,0.0
2007-09-03 00:00:00+09:00,1196.837646484375,1196.837646484375,1196.837646484375,1196.837646484375,0,0.0,0.0
2007-09-04 00:00:00+09:00,1201.1119384765625,1205.3863581864437,1201.1119384765625,1201.1119384765625,2200,0.0,0.0
2007-09-05 00:00:00+09:00,1201.1119384765625,1201.1119384765625,1201.1119384765625,1201.1119384765625,0,0.0,0.0
2007-09-06 00:00:00+09:00,1201.1119384765625,1201.1119384765625,1201.1119384765625,1201.1119384765625,0,0.0,0.0
2007-09-07 00:00:00+09:00,1201.1119384765625,1201.1119384765625,1201.1119384765625,1201.1119384765625,0,0.0,0.0
2007-09-10 00:00:00+09:00,1201.1119384765625,1201.1119384765625,1201.1119384765625,1201.1119384765625,0,0.0,0.0
2007-09-11 00:00:00+09:00,1201.1119384765625,1201.1119384765625,1201.1119384765625,1201.1119384765625,0,0.0,0.0
2007-09-12 00:00:00+09:00,1201.1119384765625,1201.1119384765625,1201.1119384765625,1201.1119384765625,0,0.0,0.0
2007-09-13 00:00:00+09:00,1201.1119384765625,1201.1119384765625,1201.1119384765625,1201.1119384765625,0,0.0,0.0
2007-09-14 00:00:00+09:00,1201.1119384765625,1201.1119384765625,1201.1119384765625,1201.1119384765625,0,0.0,0.0
2007-09-18 00:00:00+09:00,1201.1119384765625,1201.1119384765625,1201.1119384765625,1201.1119384765625,0,0.0,0.0
2007-09-19 00:00:00+09:00,1201.1119384765625,1201.1119384765625,1201.1119384765625,1201.1119384765625,400,0.0,0.0
2007-09-20 00:00:00+09:00,1205.3863525390625,1205.3863525390625,1205.3863525390625,1205.3863525390625,200,0.0,0.0
2007-09-21 00:00:00+09:00,1162.6421832694043,1184.0142822265625,1162.6421832694043,1184.0142822265625,400,0.0,0.0
2007-09-25 00:00:00+09:00,1184.0142822265625,1184.0142822265625,1184.0142822265625,1184.0142822265625,0,0.0,0.0
2007-09-26 00:00:00+09:00,1205.3863525390625,1205.3863525390625,1205.3863525390625,1205.3863525390625,400,0.0,0.0
2007-09-27 00:00:00+09:00,1205.3863525390625,1205.3863525390625,1205.3863525390625,1205.3863525390625,0,0.0,0.0
2007-09-28 00:00:00+09:00,1205.3863525390625,1205.3863525390625,1205.3863525390625,1205.3863525390625,0,0.0,0.0
2007-10-01 00:00:00+09:00,1205.3863525390625,1205.3863525390625,1205.3863525390625,1205.3863525390625,400,0.0,0.0
2007-10-02 00:00:00+09:00,1196.837646484375,1196.837646484375,1196.837646484375,1196.837646484375,200,0.0,0.0
2007-10-03 00:00:00+09:00,1196.837646484375,1196.837646484375,1196.837646484375,1196.837646484375,600,0.0,0.0
2007-10-04 00:00:00+09:00,1196.837646484375,1196.837646484375,1196.837646484375,1196.837646484375,600,0.0,0.0
2007-10-05 00:00:00+09:00,1196.837646484375,1196.837646484375,1196.837646484375,1196.837646484375,0,0.0,0.0
2007-10-09 00:00:00+09:00,1196.837646484375,1196.837646484375,1196.837646484375,1196.837646484375,0,0.0,0.0
2007-10-10 00:00:00+09:00,1218.2095947265625,1218.2095947265625,1218.2095947265625,1218.2095947265625,800,0.0,0.0
2007-10-11 00:00:00+09:00,1218.2095947265625,1218.2095947265625,1218.2095947265625,1218.2095947265625,200,0.0,0.0
2007-10-12 00:00:00+09:00,1218.2095947265625,1218.2095947265625,1218.2095947265625,1218.2095947265625,0,0.0,0.0
2007-10-15 00:00:00+09:00,1218.2095947265625,1218.2095947265625,1218.2095947265625,1218.2095947265625,0,0.0,0.0
2007-10-16 00:00:00+09:00,1218.2095947265625,1218.2095947265625,1218.2095947265625,1218.2095947265625,200,0.0,0.0
2007-10-17 00:00:00+09:00,1218.2095947265625,1218.2095947265625,1218.2095947265625,1218.2095947265625,200,0.0,0.0
2007-10-18 00:00:00+09:00,1218.2095947265625,1218.2095947265625,1218.2095947265625,1218.2095947265625,0,0.0,0.0
2007-10-19 00:00:00+09:00,1175.4654541015625,1175.4654541015625,1175.4654541015625,1175.4654541015625,200,0.0,0.0
2007-10-22 00:00:00+09:00,1175.4654541015625,1175.4654541015625,1175.4654541015625,1175.4654541015625,0,0.0,0.0
2007-10-23 00:00:00+09:00,1175.4654541015625,1175.4654541015625,1175.4654541015625,1175.4654541015625,200,0.0,0.0
2007-10-24 00:00:00+09:00,1196.837646484375,1196.837646484375,1196.837646484375,1196.837646484375,200,0.0,0.0
2007-10-25 00:00:00+09:00,1196.837646484375,1196.837646484375,1196.837646484375,1196.837646484375,0,0.0,0.0
2007-10-26 00:00:00+09:00,1196.837646484375,1196.837646484375,1196.837646484375,1196.837646484375,0,0.0,0.0
2007-10-29 00:00:00+09:00,1196.837646484375,1196.837646484375,1196.837646484375,1196.837646484375,200,0.0,0.0
2007-10-30 00:00:00+09:00,1196.837646484375,1196.837646484375,1196.837646484375,1196.837646484375,0,0.0,0.0
2007-10-31 00:00:00+09:00,1235.307373046875,1235.307373046875,1235.307373046875,1235.307373046875,200,0.0,0.0
2007-11-01 00:00:00+09:00,1278.051513671875,1278.051513671875,1278.051513671875,1278.051513671875,200,0.0,0.0
2007-11-02 00:00:00+09:00,1273.7772094726563,1273.7772094726563,1196.837646484375,1196.837646484375,600,0.0,0.0
2007-11-05 00:00:00+09:00,1196.837646484375,1196.837646484375,1196.837646484375,1196.837646484375,0,0.0,0.0
2007-11-06 00:00:00+09:00,1196.837646484375,1196.837646484375,1196.837646484375,1196.837646484375,0,0.0,0.0
2007-11-07 00:00:00+09:00,1201.1120666503907,1201.1120666503907,1196.837646484375,1196.837646484375,400,0.0,0.0
2007-11-08 00:00:00+09:00,1196.837646484375,1196.837646484375,1196.837646484375,1196.837646484375,0,0.0,0.0
2007-11-09 00:00:00+09:00,1196.837646484375,1196.837646484375,1196.837646484375,1196.837646484375,0,0.0,0.0
2007-11-12 00:00:00+09:00,1166.916643608941,1166.916643608941,1154.0933837890625,1154.0933837890625,400,0.0,0.0
2007-11-13 00:00:00+09:00,1154.0933837890625,1154.0933837890625,1154.0933837890625,1154.0933837890625,0,0.0,0.0
2007-11-14 00:00:00+09:00,1154.0933837890625,1154.0933837890625,1154.0933837890625,1154.0933837890625,0,0.0,0.0
2007-11-15 00:00:00+09:00,1154.0933837890625,1154.0933837890625,1154.0933837890625,1154.0933837890625,0,0.0,0.0
2007-11-16 00:00:00+09:00,1154.0933837890625,1154.0933837890625,1154.0933837890625,1154.0933837890625,400,0.0,0.0
2007-11-19 00:00:00+09:00,1154.0933837890625,1154.0933837890625,1154.0933837890625,1154.0933837890625,0,0.0,0.0
2007-11-20 00:00:00+09:00,1111.34912109375,1111.34912109375,1111.34912109375,1111.34912109375,600,0.0,0.0
2007-11-21 00:00:00+09:00,1154.0933837890625,1154.0933837890625,1154.0933837890625,1154.0933837890625,1000,0.0,0.0
2007-11-22 00:00:00+09:00,1154.0933837890625,1154.0933837890625,1154.0933837890625,1154.0933837890625,0,0.0,0.0
2007-11-26 00:00:00+09:00,1136.9957040292245,1154.0933837890625,1136.9957040292245,1154.0933837890625,600,0.0,0.0
2007-11-27 00:00:00+09:00,1136.99560546875,1136.99560546875,1136.99560546875,1136.99560546875,200,0.0,0.0
2007-11-28 00:00:00+09:00,1115.62353515625,1115.62353515625,1115.62353515625,1115.62353515625,200,0.0,0.0
2007-11-29 00:00:00+09:00,1115.62353515625,1115.62353515625,1115.62353515625,1115.62353515625,0,0.0,0.0
2007-11-30 00:00:00+09:00,1124.17236328125,1124.17236328125,1124.17236328125,1124.17236328125,200,0.0,0.0
2007-12-03 00:00:00+09:00,1124.17236328125,1124.17236328125,1124.17236328125,1124.17236328125,0,0.0,0.0
2007-12-04 00:00:00+09:00,1154.0933837890625,1154.0933837890625,1154.0933837890625,1154.0933837890625,800,0.0,0.0
2007-12-05 00:00:00+09:00,1175.4654541015625,1175.4654541015625,1175.4654541015625,1175.4654541015625,600,0.0,0.0
2007-12-06 00:00:00+09:00,1175.4654541015625,1175.4654541015625,1175.4654541015625,1175.4654541015625,0,0.0,0.0
2007-12-07 00:00:00+09:00,1175.4654541015625,1175.4654541015625,1175.4654541015625,1175.4654541015625,0,0.0,0.0
2007-12-10 00:00:00+09:00,1175.4654541015625,1175.4654541015625,1175.4654541015625,1175.4654541015625,0,0.0,0.0
2007-12-11 00:00:00+09:00,1231.0328369140625,1231.0328369140625,1231.0328369140625,1231.0328369140625,400,0.0,0.0
2007-12-12 00:00:00+09:00,1231.0328369140625,1231.0328369140625,1231.0328369140625,1231.0328369140625,0,0.0,0.0
2007-12-13 00:00:00+09:00,1231.0328369140625,1231.0328369140625,1231.0328369140625,1231.0328369140625,0,0.0,0.0
2007-12-14 00:00:00+09:00,1226.7584228515625,1226.7584228515625,1226.7584228515625,1226.7584228515625,1200,0.0,0.0
2007-12-17 00:00:00+09:00,1162.64208984375,1162.64208984375,1162.64208984375,1162.64208984375,800,0.0,0.0
2007-12-18 00:00:00+09:00,1141.2701416015625,1141.2701416015625,1141.2701416015625,1141.2701416015625,200,0.0,0.0
2007-12-19 00:00:00+09:00,1145.5445556640625,1145.5445556640625,1145.5445556640625,1145.5445556640625,400,0.0,0.0
2007-12-20 00:00:00+09:00,1124.17236328125,1124.17236328125,1124.17236328125,1124.17236328125,600,0.0,0.0
2007-12-21 00:00:00+09:00,1124.17236328125,1124.17236328125,1124.17236328125,1124.17236328125,0,0.0,0.0
2007-12-25 00:00:00+09:00,1124.17236328125,1124.17236328125,1124.17236328125,1124.17236328125,0,0.0,0.0
2007-12-26 00:00:00+09:00,1124.1723522258253,1132.72119140625,1124.1723522258253,1132.72119140625,1000,0.0,0.0
2007-12-27 00:00:00+09:00,1132.72119140625,1132.72119140625,1132.72119140625,1132.72119140625,400,0.0,0.0
2007-12-28 00:00:00+09:00,1132.72119140625,1132.72119140625,1132.72119140625,1132.72119140625,0,0.0,0.0
2008-01-04 00:00:00+09:00,1136.99560546875,1136.99560546875,1136.99560546875,1136.99560546875,200,0.0,0.0
2008-01-07 00:00:00+09:00,1136.99560546875,1136.99560546875,1136.99560546875,1136.99560546875,400,0.0,0.0
2008-01-08 00:00:00+09:00,1136.99560546875,1136.99560546875,1136.99560546875,1136.99560546875,0,0.0,0.0
2008-01-09 00:00:00+09:00,1115.62353515625,1115.62353515625,1115.62353515625,1115.62353515625,200,0.0,0.0
2008-01-10 00:00:00+09:00,1115.62353515625,1115.62353515625,1115.62353515625,1115.62353515625,0,0.0,0.0
2008-01-11 00:00:00+09:00,1094.25146484375,1094.25146484375,1094.25146484375,1094.25146484375,600,0.0,0.0
2008-01-15 00:00:00+09:00,1089.97705078125,1094.2514705882352,1089.97705078125,1089.97705078125,1000,0.0,0.0
2008-01-16 00:00:00+09:00,1089.9770741253735,1089.9770741253735,1072.87939453125,1072.87939453125,600,0.0,0.0
2008-01-17 00:00:00+09:00,1072.87939453125,1072.87939453125,1072.87939453125,1072.87939453125,0,0.0,0.0
2008-01-18 00:00:00+09:00,1068.6049517463234,1089.97705078125,1068.6049517463234,1089.97705078125,600,0.0,0.0
2008-01-21 00:00:00+09:00,1089.9770067143736,1089.9770067143736,1030.1351318359375,1030.1351318359375,400,0.0,0.0
2008-01-22 00:00:00+09:00,1030.1351318359375,1030.1351318359375,1030.1351318359375,1030.1351318359375,0,0.0,0.0
2008-01-23 00:00:00+09:00,1047.23291015625,1047.23291015625,1047.23291015625,1047.23291015625,200,0.0,0.0
2008-01-24 00:00:00+09:00,1004.4887084960938,1004.4887084960938,1004.4887084960938,1004.4887084960938,400,0.0,0.0
2008-01-25 00:00:00+09:00,1004.4887084960938,1004.4887084960938,1004.4887084960938,1004.4887084960938,0,0.0,0.0
2008-01-28 00:00:00+09:00,1013.0374812756555,1013.0374812756555,1008.7630615234375,1008.7630615234375,400,0.0,0.0
2008-01-29 00:00:00+09:00,1008.7630615234375,1008.7630615234375,1008.7630615234375,1008.7630615234375,0,0.0,0.0
2008-01-30 00:00:00+09:00,1042.9583740234375,1042.9583740234375,1042.9583740234375,1042.9583740234375,200,0.0,0.0
2008-01-31 00:00:00+09:00,1042.9583740234375,1042.9583740234375,1042.9583740234375,1042.9583740234375,0,0.0,0.0
2008-02-01 00:00:00+09:00,1085.70263671875,1085.70263671875,1085.70263671875,1085.70263671875,200,0.0,0.0
2008-02-04 00:00:00+09:00,1102.80029296875,1102.80029296875,1102.80029296875,1102.80029296875,200,0.0,0.0
2008-02-05 00:00:00+09:00,1102.80029296875,1102.80029296875,1102.80029296875,1102.80029296875,0,0.0,0.0
2008-02-06 00:00:00+09:00,1102.80029296875,1102.80029296875,1102.80029296875,1102.80029296875,0,0.0,0.0
2008-02-07 00:00:00+09:00,1102.80029296875,1102.80029296875,1102.80029296875,1102.80029296875,0,0.0,0.0
2008-02-08 00:00:00+09:00,1102.8002817007211,1111.34912109375,1102.8002817007211,1111.34912109375,1400,0.0,0.0
2008-02-12 00:00:00+09:00,1115.6235407902645,1115.6235407902645,1094.2514423076923,1111.34912109375,800,0.0,0.0
2008-02-13 00:00:00+09:00,1107.0747300091912,1107.0747300091912,1089.97705078125,1089.97705078125,600,0.0,0.0
2008-02-14 00:00:00+09:00,1089.97705078125,1089.97705078125,1089.97705078125,1089.97705078125,0,0.0,0.0
2008-02-15 00:00:00+09:00,1072.8792778320312,1072.8792778320312,1068.6048583984375,1068.6048583984375,600,0.0,0.0
2008-02-18 00:00:00+09:00,1132.72119140625,1132.72119140625,1132.72119140625,1132.72119140625,200,0.0,0.0
2008-02-19 00:00:00+09:00,1132.72119140625,1132.72119140625,1132.72119140625,1132.72119140625,0,0.0,0.0
2008-02-20 00:00:00+09:00,1132.72119140625,1132.72119140625,1132.72119140625,1132.72119140625,0,0.0,0.0
2008-02-21 00:00:00+09:00,1132.72119140625,1132.72119140625,1132.72119140625,1132.72119140625,0,0.0,0.0
2008-02-22 00:00:00+09:00,1068.6048583984375,1068.6048583984375,1068.6048583984375,1068.6048583984375,400,0.0,0.0
2008-02-25 00:00:00+09:00,1068.6049241286057,1111.34912109375,1068.6049241286057,1111.34912109375,400,0.0,0.0
2008-02-26 00:00:00+09:00,1107.07470703125,1107.07470703125,1107.07470703125,1107.07470703125,200,0.0,0.0
2008-02-27 00:00:00+09:00,1081.42822265625,1081.42822265625,1081.42822265625,1081.42822265625,200,0.0,0.0
2008-02-28 00:00:00+09:00,1081.42822265625,1081.42822265625,1081.42822265625,1081.42822265625,0,0.0,0.0
2008-02-29 00:00:00+09:00,1081.42822265625,1081.42822265625,1081.42822265625,1081.42822265625,0,0.0,0.0
2008-03-03 00:00:00+09:00,1081.42822265625,1081.42822265625,1081.42822265625,1081.42822265625,1000,0.0,0.0
2008-03-04 00:00:00+09:00,1081.42822265625,1081.42822265625,1081.42822265625,1081.42822265625,0,0.0,0.0
2008-03-05 00:00:00+09:00,1047.232761230469,1068.6048583984375,1047.232761230469,1068.6048583984375,400,0.0,0.0
2008-03-06 00:00:00+09:00,1047.23291015625,1047.23291015625,1047.23291015625,1047.23291015625,200,0.0,0.0
2008-03-07 00:00:00+09:00,1047.23291015625,1047.23291015625,1047.23291015625,1047.23291015625,200,0.0,0.0
2008-03-10 00:00:00+09:00,1047.23291015625,1047.23291015625,1047.23291015625,1047.23291015625,0,0.0,0.0
2008-03-11 00:00:00+09:00,1047.23291015625,1047.23291015625,1047.23291015625,1047.23291015625,0,0.0,0.0
2008-03-12 00:00:00+09:00,1047.23291015625,1047.23291015625,1047.23291015625,1047.23291015625,0,0.0,0.0
2008-03-13 00:00:00+09:00,1047.23291015625,1047.23291015625,1047.23291015625,1047.23291015625,0,0.0,0.0
2008-03-14 00:00:00+09:00,1047.23291015625,1047.23291015625,1047.23291015625,1047.23291015625,0,0.0,0.0
2008-03-17 00:00:00+09:00,1047.23291015625,1047.23291015625,1047.23291015625,1047.23291015625,0,0.0,0.0
2008-03-18 00:00:00+09:00,1025.8607177734375,1025.8607177734375,1025.8607177734375,1025.8607177734375,200,0.0,0.0
2008-03-19 00:00:00+09:00,1025.8607177734375,1025.8607177734375,1025.8607177734375,1025.8607177734375,0,0.0,0.0
2008-03-21 00:00:00+09:00,1025.8607177734375,1025.8607177734375,1025.8607177734375,1025.8607177734375,0,0.0,0.0
2008-03-24 00:00:00+09:00,1034.40966796875,1034.40966796875,1034.40966796875,1034.40966796875,200,0.0,0.0
2008-03-25 00:00:00+09:00,1068.6048583984375,1068.6048583984375,1068.6048583984375,1068.6048583984375,400,0.0,0.0
2008-03-26 00:00:00+09:00,1047.23291015625,1047.23291015625,1047.23291015625,1047.23291015625,200,0.0,0.0
2008-03-27 00:00:00+09:00,1047.23291015625,1047.23291015625,1047.23291015625,1047.23291015625,200,0.0,0.0
2008-03-28 00:00:00+09:00,1047.23291015625,1047.23291015625,1047.23291015625,1047.23291015625,0,0.0,0.0
2008-03-31 00:00:00+09:00,1047.23291015625,1047.23291015625,1047.23291015625,1047.23291015625,200,0.0,0.0
2008-04-01 00:00:00+09:00,1047.23291015625,1047.23291015625,1047.23291015625,1047.23291015625,0,0.0,0.0
2008-04-02 00:00:00+09:00,1068.6049143473308,1068.6049143473308,1025.8607177734375,1025.8607177734375,400,0.0,0.0
2008-04-03 00:00:00+09:00,1025.8607177734375,1025.8607177734375,1025.8607177734375,1025.8607177734375,0,0.0,0.0
2008-04-04 00:00:00+09:00,1025.8607177734375,1025.8607177734375,1025.8607177734375,1025.8607177734375,0,0.0,0.0
2008-04-07 00:00:00+09:00,1068.6048583984375,1068.6048583984375,1068.6048583984375,1068.6048583984375,200,0.0,0.0
2008-04-08 00:00:00+09:00,1068.6048583984375,1068.6048583984375,1068.6048583984375,1068.6048583984375,0,0.0,0.0
2008-04-09 00:00:00+09:00,1068.6048583984375,1068.6048583984375,1068.6048583984375,1068.6048583984375,0,0.0,0.0
2008-04-10 00:00:00+09:00,1021.5863562542459,1021.5863562542459,983.1165771484375,983.1165771484375,600,0.0,0.0
2008-04-11 00:00:00+09:00,983.1165771484375,983.1165771484375,983.1165771484375,983.1165771484375,200,0.0,0.0
2008-04-14 00:00:00+09:00,983.1165771484375,983.1165771484375,983.1165771484375,983.1165771484375,0,0.0,0.0
2008-04-15 00:00:00+09:00,983.1165771484375,983.1165771484375,983.1165771484375,983.1165771484375,0,0.0,0.0
2008-04-16 00:00:00+09:00,983.1165771484375,983.1165771484375,983.1165771484375,983.1165771484375,0,0.0,0.0
2008-04-17 00:00:00+09:00,983.1165771484375,983.1165771484375,983.1165771484375,983.1165771484375,200,0.0,0.0
2008-04-18 00:00:00+09:00,961.7444458007812,961.7444458007812,961.7444458007812,961.7444458007812,200,0.0,0.0
2008-04-21 00:00:00+09:00,983.1166095344388,1047.23291015625,983.1166095344388,1047.23291015625,1400,0.0,0.0
2008-04-22 00:00:00+09:00,1047.23291015625,1047.23291015625,1047.23291015625,1047.23291015625,0,0.0,0.0
2008-04-23 00:00:00+09:00,1047.23291015625,1047.23291015625,1047.23291015625,1047.23291015625,0,0.0,0.0
2008-04-24 00:00:00+09:00,1047.23291015625,1047.23291015625,1047.23291015625,1047.23291015625,0,0.0,0.0
2008-04-25 00:00:00+09:00,1047.23291015625,1047.23291015625,1047.23291015625,1047.23291015625,0,0.0,0.0
2008-04-28 00:00:00+09:00,1025.8607700892858,1025.8607700892858,987.3909912109375,987.3909912109375,400,0.0,0.0
2008-04-30 00:00:00+09:00,1004.4887084960938,1004.4887084960938,1004.4887084960938,1004.4887084960938,200,0.0,0.0
2008-05-01 00:00:00+09:00,1004.4887084960938,1004.4887084960938,1004.4887084960938,1004.4887084960938,0,0.0,0.0
2008-05-02 00:00:00+09:00,1025.8607177734375,1025.8607177734375,1025.8607177734375,1025.8607177734375,200,0.0,0.0
2008-05-07 00:00:00+09:00,991.6654663085938,991.6654663085938,991.6654663085938,991.6654663085938,200,0.0,0.0
2008-05-08 00:00:00+09:00,1064.3304443359375,1064.3304443359375,1064.3304443359375,1064.3304443359375,800,0.0,0.0
2008-05-09 00:00:00+09:00,1064.3304443359375,1064.3304443359375,1064.3304443359375,1064.3304443359375,0,0.0,0.0
2008-05-12 00:00:00+09:00,1064.3304443359375,1064.3304443359375,1064.3304443359375,1064.3304443359375,0,0.0,0.0
2008-05-13 00:00:00+09:00,1064.3304443359375,1064.3304443359375,1064.3304443359375,1064.3304443359375,0,0.0,0.0
2008-05-14 00:00:00+09:00,1064.3304443359375,1064.3304443359375,1064.3304443359375,1064.3304443359375,0,0.0,0.0
2008-05-15 00:00:00+09:00,1068.6048583984375,1068.6048583984375,1068.6048583984375,1068.6048583984375,600,0.0,0.0
2008-05-16 00:00:00+09:00,1068.6048583984375,1068.6048583984375,1068.6048583984375,1068.6048583984375,0,0.0,0.0
2008-05-19 00:00:00+09:00,1068.6048583984375,1068.6048583984375,1068.6048583984375,1068.6048583984375,0,0.0,0.0
2008-05-20 00:00:00+09:00,1068.6048583984375,1068.6048583984375,1068.6048583984375,1068.6048583984375,400,0.0,0.0
2008-05-21 00:00:00+09:00,1068.6048583984375,1068.6048583984375,1068.6048583984375,1068.6048583984375,0,0.0,0.0
2008-05-22 00:00:00+09:00,1068.6048583984375,1068.6048583984375,1068.6048583984375,1068.6048583984375,0,0.0,0.0
2008-05-23 00:00:00+09:00,1068.6048583984375,1068.6048583984375,1068.6048583984375,1068.6048583984375,0,0.0,0.0
2008-05-26 00:00:00+09:00,1068.6048583984375,1068.6048583984375,1068.6048583984375,1068.6048583984375,200,0.0,0.0
2008-05-27 00:00:00+09:00,1068.6049143473308,1068.6049143473308,1025.8607177734375,1025.8607177734375,800,0.0,0.0
2008-05-28 00:00:00+09:00,1025.8607177734375,1025.8607177734375,1025.8607177734375,1025.8607177734375,0,0.0,0.0
2008-05-29 00:00:00+09:00,1064.3304443359375,1064.3304443359375,1064.3304443359375,1064.3304443359375,400,0.0,0.0
2008-05-30 00:00:00+09:00,1064.3304443359375,1064.3304443359375,1064.3304443359375,1064.3304443359375,0,0.0,0.0
2008-06-02 00:00:00+09:00,1064.3304443359375,1064.3304443359375,1064.3304443359375,1064.3304443359375,400,0.0,0.0
2008-06-03 00:00:00+09:00,1064.3304443359375,1064.3304443359375,1064.3304443359375,1064.3304443359375,0,0.0,0.0
2008-06-04 00:00:00+09:00,1064.3304443359375,1064.3304443359375,1064.3304443359375,1064.3304443359375,0,0.0,0.0
2008-06-05 00:00:00+09:00,1068.6049080620246,1124.17236328125,1068.6049080620246,1124.17236328125,600,0.0,0.0
2008-06-06 00:00:00+09:00,1124.17236328125,1124.17236328125,1124.17236328125,1124.17236328125,200,0.0,0.0
2008-06-09 00:00:00+09:00,1154.0933837890625,1154.0933837890625,1154.0933837890625,1154.0933837890625,200,0.0,0.0
2008-06-10 00:00:00+09:00,1154.0933837890625,1154.0933837890625,1154.0933837890625,1154.0933837890625,0,0.0,0.0
2008-06-11 00:00:00+09:00,1111.34912109375,1111.34912109375,1111.34912109375,1111.34912109375,400,0.0,0.0
2008-06-12 00:00:00+09:00,1111.34912109375,1111.34912109375,1111.34912109375,1111.34912109375,0,0.0,0.0
2008-06-13 00:00:00+09:00,1081.428166958769,1124.17236328125,1081.428166958769,1124.17236328125,800,0.0,0.0
2008-06-16 00:00:00+09:00,1124.17236328125,1124.17236328125,1124.17236328125,1124.17236328125,0,0.0,0.0
2008-06-17 00:00:00+09:00,1124.17236328125,1124.17236328125,1124.17236328125,1124.17236328125,0,0.0,0.0
2008-06-18 00:00:00+09:00,1081.42822265625,1081.42822265625,1081.42822265625,1081.42822265625,400,0.0,0.0
2008-06-19 00:00:00+09:00,1111.34912109375,1111.34912109375,1111.34912109375,1111.34912109375,200,0.0,0.0
2008-06-20 00:00:00+09:00,1111.34912109375,1111.34912109375,1111.34912109375,1111.34912109375,0,0.0,0.0
2008-06-23 00:00:00+09:00,1089.97705078125,1089.97705078125,1089.97705078125,1089.97705078125,200,0.0,0.0
2008-06-24 00:00:00+09:00,1089.97705078125,1089.97705078125,1089.97705078125,1089.97705078125,0,0.0,0.0
2008-06-25 00:00:00+09:00,1068.6048583984375,1068.6048583984375,1068.6048583984375,1068.6048583984375,200,0.0,0.0
2008-06-26 00:00:00+09:00,1068.6048583984375,1068.6048583984375,1068.6048583984375,1068.6048583984375,200,0.0,0.0
2008-06-27 00:00:00+09:00,1068.6048583984375,1068.6048583984375,1068.6048583984375,1068.6048583984375,0,0.0,0.0
2008-06-30 00:00:00+09:00,1068.6048583984375,1068.6048583984375,1068.6048583984375,1068.6048583984375,200,0.0,0.0
2008-07-01 00:00:00+09:00,1068.6048583984375,1068.6048583984375,1068.6048583984375,1068.6048583984375,0,0.0,0.0
2008-07-02 00:00:00+09:00,1068.6048583984375,1068.6048583984375,1068.6048583984375,1068.6048583984375,0,0.0,0.0
2008-07-03 00:00:00+09:00,1068.6048583984375,1068.6048583984375,1068.6048583984375,1068.6048583984375,0,0.0,0.0
2008-07-04 00:00:00+09:00,1068.6048583984375,1068.6048583984375,1068.6048583984375,1068.6048583984375,0,0.0,0.0
2008-07-07 00:00:00+09:00,1068.6048583984375,1068.6048583984375,1068.6048583984375,1068.6048583984375,0,0.0,0.0
2008-07-08 00:00:00+09:00,1068.6048583984375,1068.6048583984375,1068.6048583984375,1068.6048583984375,0,0.0,0.0
2008-07-09 00:00:00+09:00,1068.6048583984375,1068.6048583984375,1068.6048583984375,1068.6048583984375,0,0.0,0.0
2008-07-10 00:00:00+09:00,1068.6049241286057,1111.34912109375,1068.6049241286057,1111.34912109375,600,0.0,0.0
2008-07-11 00:00:00+09:00,1107.07470703125,1107.07470703125,1107.07470703125,1107.07470703125,600,0.0,0.0
2008-07-14 00:00:00+09:00,1107.07470703125,1107.07470703125,1107.07470703125,1107.07470703125,0,0.0,0.0
2008-07-15 00:00:00+09:00,1068.6048583984375,1068.6048583984375,1068.6048583984375,1068.6048583984375,600,0.0,0.0
2008-07-16 00:00:00+09:00,1068.6048583984375,1068.6048583984375,1068.6048583984375,1068.6048583984375,0,0.0,0.0
2008-07-17 00:00:00+09:00,1068.6048583984375,1068.6048583984375,1068.6048583984375,1068.6048583984375,0,0.0,0.0
2008-07-18 00:00:00+09:00,1068.6048583984375,1068.6048583984375,1068.6048583984375,1068.6048583984375,0,0.0,0.0
2008-07-22 00:00:00+09:00,1068.6048583984375,1068.6048583984375,1068.6048583984375,1068.6048583984375,0,0.0,0.0
2008-07-23 00:00:00+09:00,1068.6048583984375,1068.6048583984375,1068.6048583984375,1068.6048583984375,0,0.0,0.0
2008-07-24 00:00:00+09:00,1047.23291015625,1047.23291015625,1047.23291015625,1047.23291015625,200,0.0,0.0
2008-07-25 00:00:00+09:00,1047.23291015625,1047.23291015625,1047.23291015625,1047.23291015625,0,0.0,0.0
2008-07-28 00:00:00+09:00,1051.507330197704,1051.507330197704,1047.23291015625,1047.23291015625,2800,0.0,0.0
2008-07-29 00:00:00+09:00,1047.23291015625,1047.23291015625,1047.23291015625,1047.23291015625,200,0.0,0.0
2008-07-30 00:00:00+09:00,1047.23291015625,1047.23291015625,1047.23291015625,1047.23291015625,0,0.0,0.0
2008-07-31 00:00:00+09:00,1047.23276651528,1064.3304443359375,1047.23276651528,1064.3304443359375,600,0.0,0.0
2008-08-01 00:00:00+09:00,1064.3304443359375,1064.3304443359375,1064.3304443359375,1064.3304443359375,0,0.0,0.0
2008-08-04 00:00:00+09:00,1025.8607177734375,1025.8607177734375,1025.8607177734375,1025.8607177734375,200,0.0,0.0
2008-08-05 00:00:00+09:00,1025.8607177734375,1025.8607177734375,1025.8607177734375,1025.8607177734375,0,0.0,0.0
2008-08-06 00:00:00+09:00,1025.8607177734375,1025.8607177734375,1025.8607177734375,1025.8607177734375,0,0.0,0.0
2008-08-07 00:00:00+09:00,1025.8607177734375,1025.8607177734375,1025.8607177734375,1025.8607177734375,0,0.0,0.0
2008-08-08 00:00:00+09:00,1025.8607177734375,1025.8607177734375,1025.8607177734375,1025.8607177734375,0,0.0,0.0
2008-08-11 00:00:00+09:00,1025.8607177734375,1025.8607177734375,1025.8607177734375,1025.8607177734375,800,0.0,0.0
2008-08-12 00:00:00+09:00,1025.8607177734375,1025.8607177734375,1025.8607177734375,1025.8607177734375,0,0.0,0.0
2008-08-13 00:00:00+09:00,1025.8607177734375,1025.8607177734375,1025.8607177734375,1025.8607177734375,0,0.0,0.0
2008-08-14 00:00:00+09:00,1004.4887084960938,1004.4887084960938,1004.4887084960938,1004.4887084960938,400,0.0,0.0
2008-08-15 00:00:00+09:00,1004.4886766516644,1004.4886766516644,983.1165771484375,983.1165771484375,600,0.0,0.0
2008-08-18 00:00:00+09:00,1025.8607177734375,1025.8607177734375,1025.8607177734375,1025.8607177734375,600,0.0,0.0
2008-08-19 00:00:00+09:00,983.1165265837474,1021.5863037109375,983.1165265837474,1021.5863037109375,400,0.0,0.0
2008-08-20 00:00:00+09:00,1025.8607177734375,1025.8607177734375,1025.8607177734375,1025.8607177734375,600,0.0,0.0
2008-08-21 00:00:00+09:00,1025.8607177734375,1025.8607177734375,1025.8607177734375,1025.8607177734375,0,0.0,0.0
2008-08-22 00:00:00+09:00,1025.8607177734375,1025.8607177734375,1025.8607177734375,1025.8607177734375,0,0.0,0.0
2008-08-25 00:00:00+09:00,983.1165771484375,983.1165771484375,983.1165771484375,983.1165771484375,200,0.0,0.0
2008-08-26 00:00:00+09:00,987.3909240722656,987.3909240722656,897.6281127929688,897.6281127929688,2200,0.0,0.0
2008-08-27 00:00:00+09:00,897.6281127929688,897.6281127929688,897.6281127929688,897.6281127929688,0,0.0,0.0
2008-08-28 00:00:00+09:00,944.6467895507812,944.6467895507812,944.6467895507812,944.6467895507812,200,0.0,0.0
2008-08-29 00:00:00+09:00,944.6467895507812,944.6467895507812,944.6467895507812,944.6467895507812,0,0.0,0.0
2008-09-01 00:00:00+09:00,944.6467895507812,944.6467895507812,944.6467895507812,944.6467895507812,0,0.0,0.0
2008-09-02 00:00:00+09:00,1004.4886766516644,1004.4886766516644,983.1165771484375,983.1165771484375,800,0.0,0.0
2008-09-03 00:00:00+09:00,983.1165771484375,983.1165771484375,983.1165771484375,983.1165771484375,0,0.0,0.0
2008-09-04 00:00:00+09:00,983.1165771484375,983.1165771484375,983.1165771484375,983.1165771484375,0,0.0,0.0
2008-09-05 00:00:00+09:00,983.1165771484375,983.1165771484375,983.1165771484375,983.1165771484375,0,0.0,0.0
2008-09-08 00:00:00+09:00,983.1165771484375,983.1165771484375,983.1165771484375,983.1165771484375,1000,0.0,0.0
2008-09-09 00:00:00+09:00,983.1165771484375,983.1165771484375,983.1165771484375,983.1165771484375,0,0.0,0.0
2008-09-10 00:00:00+09:00,983.1165771484375,983.1165771484375,983.1165771484375,983.1165771484375,0,0.0,0.0
2008-09-11 00:00:00+09:00,983.1165771484375,983.1165771484375,983.1165771484375,983.1165771484375,0,0.0,0.0
2008-09-12 00:00:00+09:00,983.1165771484375,983.1165771484375,983.1165771484375,983.1165771484375,0,0.0,0.0
2008-09-16 00:00:00+09:00,983.1165771484375,983.1165771484375,983.1165771484375,983.1165771484375,0,0.0,0.0
2008-09-17 00:00:00+09:00,983.1165771484375,983.1165771484375,983.1165771484375,983.1165771484375,0,0.0,0.0
2008-09-18 00:00:00+09:00,961.7444458007812,961.7444458007812,961.7444458007812,961.7444458007812,200,0.0,0.0
2008-09-19 00:00:00+09:00,961.7444458007812,961.7444458007812,961.7444458007812,961.7444458007812,0,0.0,0.0
2008-09-22 00:00:00+09:00,961.7444458007812,961.7444458007812,961.7444458007812,961.7444458007812,0,0.0,0.0
2008-09-24 00:00:00+09:00,1025.8607177734375,1025.8607177734375,1025.8607177734375,1025.8607177734375,200,0.0,0.0
2008-09-25 00:00:00+09:00,1025.8607177734375,1025.8607177734375,1025.8607177734375,1025.8607177734375,0,0.0,0.0
2008-09-26 00:00:00+09:00,1025.8607177734375,1025.8607177734375,1025.8607177734375,1025.8607177734375,200,0.0,0.0
2008-09-29 00:00:00+09:00,1025.8607177734375,1025.8607177734375,1025.8607177734375,1025.8607177734375,0,0.0,0.0
2008-09-30 00:00:00+09:00,1025.8607177734375,1025.8607177734375,1025.8607177734375,1025.8607177734375,400,0.0,0.0
2008-10-01 00:00:00+09:00,1025.8607177734375,1025.8607177734375,1025.8607177734375,1025.8607177734375,0,0.0,0.0
2008-10-02 00:00:00+09:00,936.0979614257812,936.0979614257812,936.0979614257812,936.0979614257812,400,0.0,0.0
2008-10-03 00:00:00+09:00,914.7257911318825,914.7257911318825,897.6281127929688,897.6281127929688,400,0.0,0.0
2008-10-06 00:00:00+09:00,901.9025262451172,901.9025262451172,854.8839111328125,854.8839111328125,1000,0.0,0.0
2008-10-07 00:00:00+09:00,850.6095196063702,850.6095196063702,833.5118408203125,833.5118408203125,1800,0.0,0.0
2008-10-08 00:00:00+09:00,812.1397506359011,812.1397506359011,735.2001953125,735.2001953125,1000,0.0,0.0
2008-10-09 00:00:00+09:00,735.2001953125,735.2001953125,735.2001953125,735.2001953125,200,0.0,0.0
2008-10-10 00:00:00+09:00,713.8281021564327,730.92578125,713.8281021564327,730.92578125,600,0.0,0.0
2008-10-14 00:00:00+09:00,730.92578125,730.92578125,730.92578125,730.92578125,0,0.0,0.0
2008-10-15 00:00:00+09:00,730.92578125,730.92578125,730.92578125,730.92578125,0,0.0,0.0
2008-10-16 00:00:00+09:00,730.92578125,730.92578125,730.92578125,730.92578125,0,0.0,0.0
2008-10-17 00:00:00+09:00,730.92578125,730.92578125,730.92578125,730.92578125,0,0.0,0.0
2008-10-20 00:00:00+09:00,730.92578125,730.92578125,730.92578125,730.92578125,0,0.0,0.0
2008-10-21 00:00:00+09:00,790.7677001953125,790.7677001953125,790.7677001953125,790.7677001953125,200,0.0,0.0
2008-10-22 00:00:00+09:00,790.7677001953125,790.7677001953125,790.7677001953125,790.7677001953125,0,0.0,0.0
2008-10-23 00:00:00+09:00,842.0606518296337,842.0606518296337,807.8652954101562,807.8652954101562,600,0.0,0.0
2008-10-24 00:00:00+09:00,795.0420532226562,795.0420532226562,795.0420532226562,795.0420532226562,200,0.0,0.0
2008-10-27 00:00:00+09:00,795.0420532226562,795.0420532226562,795.0420532226562,795.0420532226562,400,0.0,0.0
2008-10-28 00:00:00+09:00,795.0420532226562,795.0420532226562,795.0420532226562,795.0420532226562,400,0.0,0.0
2008-10-29 00:00:00+09:00,837.7863159179688,837.7863159179688,837.7863159179688,837.7863159179688,200,0.0,0.0
2008-10-30 00:00:00+09:00,837.7863159179688,837.7863159179688,837.7863159179688,837.7863159179688,200,0.0,0.0
2008-10-31 00:00:00+09:00,842.0607264592097,889.079345703125,842.0607264592097,889.079345703125,800,0.0,0.0
2008-11-04 00:00:00+09:00,889.0792681797986,901.9025268554688,889.0792681797986,901.9025268554688,1200,0.0,0.0
2008-11-05 00:00:00+09:00,859.1583862304688,859.1583862304688,859.1583862304688,859.1583862304688,200,0.0,0.0
2008-11-06 00:00:00+09:00,859.1583862304688,859.1583862304688,859.1583862304688,859.1583862304688,0,0.0,0.0
2008-11-07 00:00:00+09:00,880.5304565429688,880.5304565429688,880.5304565429688,880.5304565429688,200,0.0,0.0
2008-11-10 00:00:00+09:00,884.8048762349249,884.8048762349249,880.5304565429688,880.5304565429688,600,0.0,0.0
2008-11-11 00:00:00+09:00,880.5304565429688,880.5304565429688,880.5304565429688,880.5304565429688,0,0.0,0.0
2008-11-12 00:00:00+09:00,880.5304565429688,880.5304565429688,880.5304565429688,880.5304565429688,0,0.0,0.0
2008-11-13 00:00:00+09:00,880.5304565429688,880.5304565429688,880.5304565429688,880.5304565429688,0,0.0,0.0
2008-11-14 00:00:00+09:00,880.5304565429688,880.5304565429688,880.5304565429688,880.5304565429688,0,0.0,0.0
2008-11-17 00:00:00+09:00,880.5304565429688,880.5304565429688,880.5304565429688,880.5304565429688,0,0.0,0.0
2008-11-18 00:00:00+09:00,880.5304565429688,880.5304565429688,880.5304565429688,880.5304565429688,0,0.0,0.0
2008-11-19 00:00:00+09:00,880.5304565429688,880.5304565429688,880.5304565429688,880.5304565429688,0,0.0,0.0
2008-11-20 00:00:00+09:00,880.5304565429688,880.5304565429688,880.5304565429688,880.5304565429688,0,0.0,0.0
2008-11-21 00:00:00+09:00,880.5304565429688,880.5304565429688,880.5304565429688,880.5304565429688,0,0.0,0.0
2008-11-25 00:00:00+09:00,880.5304565429688,880.5304565429688,880.5304565429688,880.5304565429688,0,0.0,0.0
2008-11-26 00:00:00+09:00,850.6095026189631,850.6095026189631,846.3350830078125,846.3350830078125,400,0.0,0.0
2008-11-27 00:00:00+09:00,876.2560424804688,876.2560424804688,876.2560424804688,876.2560424804688,200,0.0,0.0
2008-11-28 00:00:00+09:00,889.079345703125,889.079345703125,889.079345703125,889.079345703125,200,0.0,0.0
2008-12-01 00:00:00+09:00,897.6281510112442,914.725830078125,897.6281510112442,914.725830078125,400,0.0,0.0
2008-12-02 00:00:00+09:00,936.0979614257812,936.0979614257812,936.0979614257812,936.0979614257812,1200,0.0,0.0
2008-12-03 00:00:00+09:00,936.0979614257812,936.0979614257812,936.0979614257812,936.0979614257812,0,0.0,0.0
2008-12-04 00:00:00+09:00,936.0979614257812,936.0979614257812,936.0979614257812,936.0979614257812,0,0.0,0.0
2008-12-05 00:00:00+09:00,936.0979614257812,936.0979614257812,936.0979614257812,936.0979614257812,0,0.0,0.0
2008-12-08 00:00:00+09:00,936.0979614257812,936.0979614257812,936.0979614257812,936.0979614257812,0,0.0,0.0
2008-12-09 00:00:00+09:00,854.8839480377907,919.000244140625,854.8839480377907,919.000244140625,1200,0.0,0.0
2008-12-10 00:00:00+09:00,919.000244140625,919.000244140625,919.000244140625,919.000244140625,0,0.0,0.0
2008-12-11 00:00:00+09:00,914.725830078125,914.725830078125,914.725830078125,914.725830078125,400,0.0,0.0
2008-12-12 00:00:00+09:00,914.725830078125,914.725830078125,914.725830078125,914.725830078125,0,0.0,0.0
2008-12-15 00:00:00+09:00,914.725830078125,914.725830078125,914.725830078125,914.725830078125,0,0.0,0.0
2008-12-16 00:00:00+09:00,914.725830078125,914.725830078125,914.725830078125,914.725830078125,0,0.0,0.0
2008-12-17 00:00:00+09:00,914.725830078125,914.725830078125,914.725830078125,914.725830078125,0,0.0,0.0
2008-12-18 00:00:00+09:00,914.725830078125,914.725830078125,914.725830078125,914.725830078125,0,0.0,0.0
2008-12-19 00:00:00+09:00,914.725830078125,914.725830078125,914.725830078125,914.725830078125,0,0.0,0.0
2008-12-22 00:00:00+09:00,854.8839169456845,897.6281127929688,854.8839169456845,897.6281127929688,600,0.0,0.0
2008-12-24 00:00:00+09:00,876.2560424804688,876.2560424804688,876.2560424804688,876.2560424804688,600,0.0,0.0
2008-12-25 00:00:00+09:00,876.2560424804688,876.2560424804688,876.2560424804688,876.2560424804688,0,0.0,0.0
2008-12-26 00:00:00+09:00,957.4700317382812,957.4700317382812,957.4700317382812,957.4700317382812,200,0.0,0.0
2008-12-29 00:00:00+09:00,957.4700317382812,957.4700317382812,957.4700317382812,957.4700317382812,0,0.0,0.0
2008-12-30 00:00:00+09:00,957.4700317382812,957.4700317382812,957.4700317382812,957.4700317382812,0,0.0,0.0
2009-01-05 00:00:00+09:00,906.177001953125,906.177001953125,906.177001953125,906.177001953125,600,0.0,0.0
2009-01-06 00:00:00+09:00,901.9025821325914,906.177001953125,901.9025821325914,906.177001953125,400,0.0,0.0
2009-01-07 00:00:00+09:00,897.6281127929688,897.6281127929688,897.6281127929688,897.6281127929688,200,0.0,0.0
2009-01-08 00:00:00+09:00,897.6281127929688,897.6281127929688,897.6281127929688,897.6281127929688,0,0.0,0.0
2009-01-09 00:00:00+09:00,897.6281127929688,897.6281127929688,897.6281127929688,897.6281127929688,0,0.0,0.0
2009-01-13 00:00:00+09:00,897.6281127929688,897.6281127929688,897.6281127929688,897.6281127929688,0,0.0,0.0
2009-01-14 00:00:00+09:00,897.6281127929688,897.6281127929688,897.6281127929688,897.6281127929688,0,0.0,0.0
2009-01-15 00:00:00+09:00,897.6281127929688,897.6281127929688,897.6281127929688,897.6281127929688,0,0.0,0.0
2009-01-16 00:00:00+09:00,897.6281127929688,897.6281127929688,897.6281127929688,897.6281127929688,0,0.0,0.0
2009-01-19 00:00:00+09:00,897.6281127929688,897.6281127929688,897.6281127929688,897.6281127929688,0,0.0,0.0
2009-01-20 00:00:00+09:00,897.6281127929688,897.6281127929688,897.6281127929688,897.6281127929688,0,0.0,0.0
2009-01-21 00:00:00+09:00,897.6281127929688,897.6281127929688,897.6281127929688,897.6281127929688,0,0.0,0.0
2009-01-22 00:00:00+09:00,897.6281127929688,897.6281127929688,897.6281127929688,897.6281127929688,0,0.0,0.0
2009-01-23 00:00:00+09:00,897.6281127929688,897.6281127929688,897.6281127929688,897.6281127929688,0,0.0,0.0
2009-01-26 00:00:00+09:00,897.6281242564245,897.6281242564245,842.0606689453125,842.0606689453125,400,0.0,0.0
2009-01-27 00:00:00+09:00,842.0606689453125,842.0606689453125,842.0606689453125,842.0606689453125,0,0.0,0.0
2009-01-28 00:00:00+09:00,842.0606689453125,842.0606689453125,842.0606689453125,842.0606689453125,0,0.0,0.0
2009-01-29 00:00:00+09:00,842.0606689453125,842.0606689453125,842.0606689453125,842.0606689453125,0,0.0,0.0
2009-01-30 00:00:00+09:00,842.0606689453125,842.0606689453125,842.0606689453125,842.0606689453125,0,0.0,0.0
2009-02-02 00:00:00+09:00,842.0606689453125,842.0606689453125,842.0606689453125,842.0606689453125,0,0.0,0.0
2009-02-03 00:00:00+09:00,880.5304565429688,880.5304565429688,880.5304565429688,880.5304565429688,200,0.0,0.0
2009-02-04 00:00:00+09:00,927.5490112304688,927.5490112304688,927.5490112304688,927.5490112304688,600,0.0,0.0
2009-02-05 00:00:00+09:00,927.5490112304688,927.5490112304688,927.5490112304688,927.5490112304688,0,0.0,0.0
2009-02-06 00:00:00+09:00,927.5490112304688,927.5490112304688,927.5490112304688,927.5490112304688,0,0.0,0.0
2009-02-09 00:00:00+09:00,927.5490112304688,927.5490112304688,927.5490112304688,927.5490112304688,0,0.0,0.0
2009-02-10 00:00:00+09:00,927.5490112304688,927.5490112304688,927.5490112304688,927.5490112304688,0,0.0,0.0
2009-02-12 00:00:00+09:00,927.5490112304688,927.5490112304688,927.5490112304688,927.5490112304688,0,0.0,0.0
2009-02-13 00:00:00+09:00,927.5490112304688,927.5490112304688,927.5490112304688,927.5490112304688,0,0.0,0.0
2009-02-16 00:00:00+09:00,927.5490112304688,927.5490112304688,927.5490112304688,927.5490112304688,0,0.0,0.0
2009-02-17 00:00:00+09:00,927.5490112304688,927.5490112304688,927.5490112304688,927.5490112304688,0,0.0,0.0
2009-02-18 00:00:00+09:00,927.5490112304688,927.5490112304688,927.5490112304688,927.5490112304688,0,0.0,0.0
2009-02-19 00:00:00+09:00,927.5490112304688,927.5490112304688,927.5490112304688,927.5490112304688,0,0.0,0.0
2009-02-20 00:00:00+09:00,927.5490112304688,927.5490112304688,927.5490112304688,927.5490112304688,0,0.0,0.0
2009-02-23 00:00:00+09:00,927.5490112304688,927.5490112304688,927.5490112304688,927.5490112304688,0,0.0,0.0
2009-02-24 00:00:00+09:00,927.5490112304688,927.5490112304688,927.5490112304688,927.5490112304688,0,0.0,0.0
2009-02-25 00:00:00+09:00,927.5490112304688,927.5490112304688,927.5490112304688,927.5490112304688,0,0.0,0.0
2009-02-26 00:00:00+09:00,914.725830078125,914.725830078125,914.725830078125,914.725830078125,400,0.0,0.0
2009-02-27 00:00:00+09:00,914.725830078125,914.725830078125,914.725830078125,914.725830078125,200,0.0,0.0
2009-03-02 00:00:00+09:00,910.451416015625,910.451416015625,910.451416015625,910.451416015625,600,0.0,0.0
2009-03-03 00:00:00+09:00,910.451416015625,910.451416015625,910.451416015625,910.451416015625,200,0.0,0.0
2009-03-04 00:00:00+09:00,910.4514419346639,940.3723813409674,910.4514419346639,936.0979614257812,1800,0.0,0.0
2009-03-05 00:00:00+09:00,936.0979614257812,936.0979614257812,936.0979614257812,936.0979614257812,0,0.0,0.0
2009-03-06 00:00:00+09:00,936.0979614257812,936.0979614257812,936.0979614257812,936.0979614257812,0,0.0,0.0
2009-03-09 00:00:00+09:00,897.628185565655,897.628185565655,889.079345703125,889.079345703125,400,0.0,0.0
2009-03-10 00:00:00+09:00,889.079345703125,889.079345703125,889.079345703125,889.079345703125,0,0.0,0.0
2009-03-11 00:00:00+09:00,889.079345703125,889.079345703125,889.079345703125,889.079345703125,0,0.0,0.0
2009-03-12 00:00:00+09:00,867.7072143554688,867.7072143554688,867.7072143554688,867.7072143554688,200,0.0,0.0
2009-03-13 00:00:00+09:00,867.7072143554688,867.7072143554688,867.7072143554688,867.7072143554688,0,0.0,0.0
2009-03-16 00:00:00+09:00,867.7072143554688,867.7072143554688,867.7072143554688,867.7072143554688,0,0.0,0.0
2009-03-17 00:00:00+09:00,867.7072143554688,867.7072143554688,867.7072143554688,867.7072143554688,0,0.0,0.0
2009-03-18 00:00:00+09:00,867.7072143554688,867.7072143554688,867.7072143554688,867.7072143554688,0,0.0,0.0
2009-03-19 00:00:00+09:00,867.7072143554688,867.7072143554688,867.7072143554688,867.7072143554688,0,0.0,0.0
2009-03-23 00:00:00+09:00,867.7072143554688,867.7072143554688,867.7072143554688,867.7072143554688,0,0.0,0.0
2009-03-24 00:00:00+09:00,948.921142578125,948.921142578125,948.921142578125,948.921142578125,400,0.0,0.0
2009-03-25 00:00:00+09:00,948.921142578125,948.921142578125,948.921142578125,948.921142578125,0,0.0,0.0
2009-03-26 00:00:00+09:00,948.921142578125,948.921142578125,948.921142578125,948.921142578125,0,0.0,0.0
2009-03-27 00:00:00+09:00,948.921142578125,948.921142578125,948.921142578125,948.921142578125,0,0.0,0.0
2009-03-30 00:00:00+09:00,948.921142578125,948.921142578125,948.921142578125,948.921142578125,0,0.0,0.0
2009-03-31 00:00:00+09:00,974.5677108764648,974.5677108764648,957.4700317382812,957.4700317382812,800,0.0,0.0
2009-04-01 00:00:00+09:00,919.000244140625,919.000244140625,919.000244140625,919.000244140625,200,0.0,0.0
2009-04-02 00:00:00+09:00,919.000244140625,919.000244140625,919.000244140625,919.000244140625,0,0.0,0.0
2009-04-03 00:00:00+09:00,919.000244140625,919.000244140625,919.000244140625,919.000244140625,0,0.0,0.0
2009-04-06 00:00:00+09:00,919.000244140625,919.000244140625,919.000244140625,919.000244140625,0,0.0,0.0
2009-04-07 00:00:00+09:00,876.2560424804688,876.2560424804688,876.2560424804688,876.2560424804688,200,0.0,0.0
2009-04-08 00:00:00+09:00,876.2560424804688,876.2560424804688,876.2560424804688,876.2560424804688,0,0.0,0.0
2009-04-09 00:00:00+09:00,876.2560424804688,876.2560424804688,876.2560424804688,876.2560424804688,200,0.0,0.0
2009-04-10 00:00:00+09:00,876.2560424804688,876.2560424804688,876.2560424804688,876.2560424804688,0,0.0,0.0
2009-04-13 00:00:00+09:00,876.2560424804688,876.2560424804688,876.2560424804688,876.2560424804688,0,0.0,0.0
2009-04-14 00:00:00+09:00,876.2560424804688,876.2560424804688,876.2560424804688,876.2560424804688,0,0.0,0.0
2009-04-15 00:00:00+09:00,876.2560424804688,876.2560424804688,876.2560424804688,876.2560424804688,0,0.0,0.0
2009-04-16 00:00:00+09:00,876.2560424804688,876.2560424804688,876.2560424804688,876.2560424804688,0,0.0,0.0
2009-04-17 00:00:00+09:00,876.2560424804688,876.2560424804688,876.2560424804688,876.2560424804688,0,0.0,0.0
2009-04-20 00:00:00+09:00,876.2560424804688,876.2560424804688,876.2560424804688,876.2560424804688,0,0.0,0.0
2009-04-21 00:00:00+09:00,876.2560424804688,876.2560424804688,876.2560424804688,876.2560424804688,0,0.0,0.0
2009-04-22 00:00:00+09:00,876.2560424804688,876.2560424804688,876.2560424804688,876.2560424804688,0,0.0,0.0
2009-04-23 00:00:00+09:00,876.2560424804688,876.2560424804688,876.2560424804688,876.2560424804688,0,0.0,0.0
2009-04-24 00:00:00+09:00,842.0606689453125,842.0606689453125,842.0606689453125,842.0606689453125,400,0.0,0.0
2009-04-27 00:00:00+09:00,893.3536932082403,897.6281127929688,893.3536932082403,897.6281127929688,600,0.0,0.0
2009-04-28 00:00:00+09:00,897.6281127929688,897.6281127929688,897.6281127929688,897.6281127929688,0,0.0,0.0
2009-04-30 00:00:00+09:00,893.353759765625,893.353759765625,893.353759765625,893.353759765625,600,0.0,0.0
2009-05-01 00:00:00+09:00,893.353759765625,893.353759765625,893.353759765625,893.353759765625,0,0.0,0.0
2009-05-07 00:00:00+09:00,893.353759765625,893.353759765625,893.353759765625,893.353759765625,0,0.0,0.0
2009-05-08 00:00:00+09:00,893.353759765625,893.353759765625,893.353759765625,893.353759765625,0,0.0,0.0
2009-05-11 00:00:00+09:00,893.353759765625,893.353759765625,893.353759765625,893.353759765625,0,0.0,0.0
2009-05-12 00:00:00+09:00,850.609546566484,859.1583862304688,850.609546566484,859.1583862304688,400,0.0,0.0
2009-05-13 00:00:00+09:00,859.1583862304688,859.1583862304688,859.1583862304688,859.1583862304688,0,0.0,0.0
2009-05-14 00:00:00+09:00,859.1583862304688,859.1583862304688,859.1583862304688,859.1583862304688,0,0.0,0.0
2009-05-15 00:00:00+09:00,859.1583862304688,859.1583862304688,859.1583862304688,859.1583862304688,0,0.0,0.0
2009-05-18 00:00:00+09:00,859.1583862304688,859.1583862304688,859.1583862304688,859.1583862304688,0,0.0,0.0
2009-05-19 00:00:00+09:00,859.1583862304688,859.1583862304688,859.1583862304688,859.1583862304688,0,0.0,0.0
2009-05-20 00:00:00+09:00,859.1583862304688,859.1583862304688,859.1583862304688,859.1583862304688,0,0.0,0.0
2009-05-21 00:00:00+09:00,859.1583888003701,863.432808645148,812.1397705078125,812.1397705078125,1600,0.0,0.0
2009-05-22 00:00:00+09:00,812.1397705078125,812.1397705078125,812.1397705078125,812.1397705078125,0,0.0,0.0
2009-05-25 00:00:00+09:00,837.7863159179688,837.7863159179688,837.7863159179688,837.7863159179688,400,0.0,0.0
2009-05-26 00:00:00+09:00,854.8839663984764,859.1583862304688,854.8839663984764,859.1583862304688,800,0.0,0.0
2009-05-27 00:00:00+09:00,859.1583418412642,859.1583418412642,846.3350830078125,846.3350830078125,600,0.0,0.0
2009-05-28 00:00:00+09:00,846.3350830078125,846.3350830078125,846.3350830078125,846.3350830078125,0,0.0,0.0
2009-05-29 00:00:00+09:00,854.8839111328125,854.8839111328125,854.8839111328125,854.8839111328125,200,0.0,0.0
2009-06-01 00:00:00+09:00,863.432783322218,876.2560424804688,863.432783322218,876.2560424804688,1000,0.0,0.0
2009-06-02 00:00:00+09:00,880.5304344540551,897.6281127929688,876.2560148693267,897.6281127929688,1800,0.0,0.0
2009-06-03 00:00:00+09:00,897.6281127929688,897.6281127929688,897.6281127929688,897.6281127929688,0,0.0,0.0
2009-06-04 00:00:00+09:00,897.6281127929688,897.6281127929688,897.6281127929688,897.6281127929688,0,0.0,0.0
2009-06-05 00:00:00+09:00,927.5491215954088,936.0979614257812,927.5491215954088,936.0979614257812,2800,0.0,0.0
2009-06-08 00:00:00+09:00,936.0979614257812,936.0979614257812,936.0979614257812,936.0979614257812,0,0.0,0.0
2009-06-09 00:00:00+09:00,884.8048540387836,897.6281127929688,884.8048540387836,897.6281127929688,400,0.0,0.0
2009-06-10 00:00:00+09:00,884.804931640625,884.804931640625,884.804931640625,884.804931640625,200,0.0,0.0
2009-06-11 00:00:00+09:00,884.804931640625,884.804931640625,884.804931640625,884.804931640625,0,0.0,0.0
2009-06-12 00:00:00+09:00,884.804931640625,884.804931640625,884.804931640625,884.804931640625,0,0.0,0.0
2009-06-15 00:00:00+09:00,884.804931640625,884.804931640625,884.804931640625,884.804931640625,0,0.0,0.0
2009-06-16 00:00:00+09:00,884.804931640625,884.804931640625,884.804931640625,884.804931640625,200,0.0,0.0
2009-06-17 00:00:00+09:00,884.804931640625,884.804931640625,884.804931640625,884.804931640625,0,0.0,0.0
2009-06-18 00:00:00+09:00,867.7072258944536,867.7072258944536,859.1583862304688,859.1583862304688,600,0.0,0.0
2009-06-19 00:00:00+09:00,859.1583862304688,859.1583862304688,859.1583862304688,859.1583862304688,0,0.0,0.0
2009-06-22 00:00:00+09:00,859.1583862304688,859.1583862304688,859.1583862304688,859.1583862304688,0,0.0,0.0
2009-06-23 00:00:00+09:00,854.8839919233092,884.804931640625,854.8839919233092,884.804931640625,2000,0.0,0.0
2009-06-24 00:00:00+09:00,884.804931640625,884.804931640625,884.804931640625,884.804931640625,0,0.0,0.0
2009-06-25 00:00:00+09:00,884.804931640625,884.804931640625,884.804931640625,884.804931640625,0,0.0,0.0
2009-06-26 00:00:00+09:00,884.804931640625,884.804931640625,884.804931640625,884.804931640625,200,0.0,0.0
2009-06-29 00:00:00+09:00,884.8048540387836,897.6281127929688,884.8048540387836,897.6281127929688,600,0.0,0.0
2009-06-30 00:00:00+09:00,914.725824400436,919.000244140625,914.725824400436,919.000244140625,400,0.0,0.0
2009-07-01 00:00:00+09:00,919.0002273419581,931.823486328125,889.0792897075688,931.823486328125,2200,0.0,0.0
2009-07-02 00:00:00+09:00,931.823486328125,931.823486328125,931.823486328125,931.823486328125,0,0.0,0.0
2009-07-03 00:00:00+09:00,931.823486328125,931.823486328125,931.823486328125,931.823486328125,0,0.0,0.0
2009-07-06 00:00:00+09:00,931.823486328125,931.823486328125,931.823486328125,931.823486328125,0,0.0,0.0
2009-07-07 00:00:00+09:00,931.823486328125,931.823486328125,931.823486328125,931.823486328125,0,0.0,0.0
2009-07-08 00:00:00+09:00,897.6280753843247,927.5490112304688,897.6280753843247,927.5490112304688,1400,0.0,0.0
2009-07-09 00:00:00+09:00,927.5490112304688,927.5490112304688,927.5490112304688,927.5490112304688,0,0.0,0.0
2009-07-10 00:00:00+09:00,897.6281127929688,897.6281127929688,897.6281127929688,897.6281127929688,200,0.0,0.0
2009-07-13 00:00:00+09:00,910.4513336041007,927.5490112304688,910.4513336041007,927.5490112304688,800,0.0,0.0
2009-07-14 00:00:00+09:00,927.5490112304688,927.5490112304688,927.5490112304688,927.5490112304688,600,0.0,0.0
2009-07-15 00:00:00+09:00,927.5490112304688,927.5490112304688,927.5490112304688,927.5490112304688,0,0.0,0.0
2009-07-16 00:00:00+09:00,897.6281127929688,897.6281127929688,897.6281127929688,897.6281127929688,400,0.0,0.0
2009-07-17 00:00:00+09:00,897.6281127929688,897.6281127929688,897.6281127929688,897.6281127929688,0,0.0,0.0
2009-07-21 00:00:00+09:00,897.6281127929688,897.6281127929688,897.6281127929688,897.6281127929688,200,0.0,0.0
2009-07-22 00:00:00+09:00,897.6281127929688,897.6281127929688,897.6281127929688,897.6281127929688,0,0.0,0.0
2009-07-23 00:00:00+09:00,923.2747192382812,923.2747192382812,923.2747192382812,923.2747192382812,200,0.0,0.0
2009-07-24 00:00:00+09:00,923.2747192382812,923.2747192382812,923.2747192382812,923.2747192382812,0,0.0,0.0
2009-07-27 00:00:00+09:00,927.5491184400476,995.9398368503736,927.5491184400476,983.1165771484375,2400,0.0,0.0
2009-07-28 00:00:00+09:00,983.1165771484375,983.1165771484375,983.1165771484375,983.1165771484375,3200,0.0,0.0
2009-07-29 00:00:00+09:00,927.5490112304688,927.5490112304688,927.5490112304688,927.5490112304688,200,0.0,0.0
2009-07-30 00:00:00+09:00,927.5490112304688,927.5490112304688,927.5490112304688,927.5490112304688,0,0.0,0.0
2009-07-31 00:00:00+09:00,923.2747192382812,923.2747192382812,923.2747192382812,923.2747192382812,800,0.0,0.0
2009-08-03 00:00:00+09:00,919.000244140625,919.000244140625,919.000244140625,919.000244140625,200,0.0,0.0
2009-08-04 00:00:00+09:00,919.000244140625,919.000244140625,919.000244140625,919.000244140625,0,0.0,0.0
2009-08-05 00:00:00+09:00,919.000244140625,919.000244140625,919.000244140625,919.000244140625,0,0.0,0.0
2009-08-06 00:00:00+09:00,919.000244140625,919.000244140625,919.000244140625,919.000244140625,0,0.0,0.0
2009-08-07 00:00:00+09:00,919.000244140625,919.000244140625,919.000244140625,919.000244140625,0,0.0,0.0
2009-08-10 00:00:00+09:00,961.7444415425146,961.7444415425146,919.000244140625,919.000244140625,400,0.0,0.0
2009-08-11 00:00:00+09:00,906.177001953125,906.177001953125,906.177001953125,906.177001953125,600,0.0,0.0
2009-08-12 00:00:00+09:00,906.177001953125,906.177001953125,906.177001953125,906.177001953125,0,0.0,0.0
2009-08-13 00:00:00+09:00,914.725830078125,914.725830078125,914.725830078125,914.725830078125,200,0.0,0.0
2009-08-14 00:00:00+09:00,914.725830078125,914.725830078125,914.725830078125,914.725830078125,0,0.0,0.0
2009-08-17 00:00:00+09:00,914.725830078125,914.725830078125,914.725830078125,914.725830078125,0,0.0,0.0
2009-08-18 00:00:00+09:00,914.725830078125,914.725830078125,914.725830078125,914.725830078125,0,0.0,0.0
2009-08-19 00:00:00+09:00,914.725830078125,914.725830078125,914.725830078125,914.725830078125,0,0.0,0.0
2009-08-20 00:00:00+09:00,914.725830078125,914.725830078125,914.725830078125,914.725830078125,0,0.0,0.0
2009-08-21 00:00:00+09:00,914.725830078125,914.725830078125,914.725830078125,914.725830078125,0,0.0,0.0
2009-08-24 00:00:00+09:00,914.7258618498502,936.0979614257812,914.7258618498502,936.0979614257812,600,0.0,0.0
2009-08-25 00:00:00+09:00,936.0979614257812,936.0979614257812,936.0979614257812,936.0979614257812,600,0.0,0.0
2009-08-26 00:00:00+09:00,936.0979614257812,936.0979614257812,936.0979614257812,936.0979614257812,400,0.0,0.0
2009-08-27 00:00:00+09:00,936.0979614257812,936.0979614257812,936.0979614257812,936.0979614257812,0,0.0,0.0
2009-08-28 00:00:00+09:00,914.725830078125,914.725830078125,914.725830078125,914.725830078125,200,0.0,0.0
2009-08-31 00:00:00+09:00,910.451416015625,910.451416015625,910.451416015625,910.451416015625,600,0.0,0.0
2009-09-02 00:00:00+09:00,910.451416015625,910.451416015625,910.451416015625,910.451416015625,0,0.0,0.0
2009-09-03 00:00:00+09:00,897.6281127929688,897.6281127929688,897.6281127929688,897.6281127929688,200,0.0,0.0
2009-09-04 00:00:00+09:00,897.6281127929688,897.6281127929688,897.6281127929688,897.6281127929688,0,0.0,0.0
2009-09-07 00:00:00+09:00,901.9025550027495,901.9025550027495,880.5304565429688,880.5304565429688,800,0.0,0.0
2009-09-08 00:00:00+09:00,884.8048762349249,884.8048762349249,880.5304565429688,880.5304565429688,400,0.0,0.0
2009-09-09 00:00:00+09:00,880.5304565429688,880.5304565429688,880.5304565429688,880.5304565429688,0,0.0,0.0
2009-09-10 00:00:00+09:00,880.5304565429688,880.5304565429688,880.5304565429688,880.5304565429688,200,0.0,0.0
2009-09-11 00:00:00+09:00,880.5304565429688,880.5304565429688,880.5304565429688,880.5304565429688,0,0.0,0.0
2009-09-14 00:00:00+09:00,880.5304565429688,880.5304565429688,880.5304565429688,880.5304565429688,0,0.0,0.0
2009-09-15 00:00:00+09:00,880.5304565429688,880.5304565429688,880.5304565429688,880.5304565429688,0,0.0,0.0
2009-09-16 00:00:00+09:00,880.5304565429688,880.5304565429688,880.5304565429688,880.5304565429688,0,0.0,0.0
2009-09-17 00:00:00+09:00,889.079345703125,889.079345703125,889.079345703125,889.079345703125,200,0.0,0.0
2009-09-18 00:00:00+09:00,889.079345703125,889.079345703125,889.079345703125,889.079345703125,0,0.0,0.0
2009-09-21 00:00:00+09:00,889.079345703125,889.079345703125,889.079345703125,889.079345703125,0,0.0,0.0
2009-09-24 00:00:00+09:00,876.2560148693267,897.6281127929688,876.2560148693267,897.6281127929688,800,0.0,0.0
2009-09-25 00:00:00+09:00,897.6281127929688,897.6281127929688,897.6281127929688,897.6281127929688,0,0.0,0.0
2009-09-28 00:00:00+09:00,897.6281127929688,897.6281127929688,897.6281127929688,897.6281127929688,200,0.0,0.0
2009-09-29 00:00:00+09:00,867.7072143554688,867.7072143554688,867.7072143554688,867.7072143554688,600,0.0,0.0
2009-09-30 00:00:00+09:00,893.353759765625,893.353759765625,893.353759765625,893.353759765625,200,0.0,0.0
2009-10-01 00:00:00+09:00,893.353759765625,893.353759765625,893.353759765625,893.353759765625,600,0.0,0.0
2009-10-02 00:00:00+09:00,893.353759765625,893.353759765625,893.353759765625,893.353759765625,0,0.0,0.0
2009-10-05 00:00:00+09:00,893.353759765625,893.353759765625,893.353759765625,893.353759765625,0,0.0,0.0
2009-10-06 00:00:00+09:00,893.353759765625,893.353759765625,893.353759765625,893.353759765625,0,0.0,0.0
2009-10-07 00:00:00+09:00,893.353759765625,893.353759765625,893.353759765625,893.353759765625,0,0.0,0.0
2009-10-08 00:00:00+09:00,893.353759765625,893.353759765625,893.353759765625,893.353759765625,0,0.0,0.0
2009-10-09 00:00:00+09:00,893.353759765625,893.353759765625,893.353759765625,893.353759765625,0,0.0,0.0
2009-10-13 00:00:00+09:00,893.353759765625,893.353759765625,893.353759765625,893.353759765625,0,0.0,0.0
2009-10-14 00:00:00+09:00,893.353759765625,893.353759765625,893.353759765625,893.353759765625,0,0.0,0.0
2009-10-15 00:00:00+09:00,893.353759765625,893.353759765625,893.353759765625,893.353759765625,0,0.0,0.0
2009-10-16 00:00:00+09:00,871.9816284179688,871.9816284179688,871.9816284179688,871.9816284179688,200,0.0,0.0
2009-10-19 00:00:00+09:00,876.2560424804688,880.5304621998857,876.2560424804688,876.2560424804688,1000,0.0,0.0
2009-10-20 00:00:00+09:00,876.2560424804688,876.2560424804688,876.2560424804688,876.2560424804688,0,0.0,0.0
2009-10-21 00:00:00+09:00,876.2560424804688,876.2560424804688,876.2560424804688,876.2560424804688,0,0.0,0.0
2009-10-22 00:00:00+09:00,876.2560424804688,876.2560424804688,876.2560424804688,876.2560424804688,0,0.0,0.0
2009-10-23 00:00:00+09:00,876.2560424804688,876.2560424804688,876.2560424804688,876.2560424804688,0,0.0,0.0
2009-10-26 00:00:00+09:00,901.9025268554688,901.9025268554688,901.9025268554688,901.9025268554688,200,0.0,0.0
2009-10-27 00:00:00+09:00,901.9025268554688,901.9025268554688,901.9025268554688,901.9025268554688,0,0.0,0.0
2009-10-28 00:00:00+09:00,901.9025268554688,901.9025268554688,901.9025268554688,901.9025268554688,0,0.0,0.0
2009-10-29 00:00:00+09:00,901.9025268554688,901.9025268554688,901.9025268554688,901.9025268554688,0,0.0,0.0
2009-10-30 00:00:00+09:00,901.9025268554688,901.9025268554688,901.9025268554688,901.9025268554688,0,0.0,0.0
2009-11-02 00:00:00+09:00,901.9025964910334,940.3723754882812,901.9025964910334,940.3723754882812,1000,0.0,0.0
2009-11-04 00:00:00+09:00,897.6281127929688,897.6281127929688,897.6281127929688,897.6281127929688,600,0.0,0.0
2009-11-05 00:00:00+09:00,897.6281127929688,897.6281127929688,897.6281127929688,897.6281127929688,0,0.0,0.0
2009-11-06 00:00:00+09:00,897.6281127929688,897.6281127929688,897.6281127929688,897.6281127929688,0,0.0,0.0
2009-11-09 00:00:00+09:00,897.6281127929688,897.6281127929688,897.6281127929688,897.6281127929688,0,0.0,0.0
2009-11-10 00:00:00+09:00,876.2560424804688,876.2560424804688,876.2560424804688,876.2560424804688,200,0.0,0.0
2009-11-11 00:00:00+09:00,876.2560424804688,876.2560424804688,876.2560424804688,876.2560424804688,0,0.0,0.0
2009-11-12 00:00:00+09:00,893.353759765625,893.353759765625,893.353759765625,893.353759765625,200,0.0,0.0
2009-11-13 00:00:00+09:00,893.353759765625,893.353759765625,893.353759765625,893.353759765625,0,0.0,0.0
2009-11-16 00:00:00+09:00,893.353759765625,893.353759765625,893.353759765625,893.353759765625,0,0.0,0.0
2009-11-17 00:00:00+09:00,876.2560424804688,876.2560424804688,876.2560424804688,876.2560424804688,200,0.0,0.0
2009-11-18 00:00:00+09:00,876.2560424804688,876.2560424804688,876.2560424804688,876.2560424804688,0,0.0,0.0
2009-11-19 00:00:00+09:00,876.2560424804688,876.2560424804688,876.2560424804688,876.2560424804688,0,0.0,0.0
2009-11-20 00:00:00+09:00,867.7072143554688,867.7072143554688,867.7072143554688,867.7072143554688,200,0.0,0.0
2009-11-24 00:00:00+09:00,906.177001953125,906.177001953125,906.177001953125,906.177001953125,400,0.0,0.0
2009-11-25 00:00:00+09:00,906.177001953125,906.177001953125,906.177001953125,906.177001953125,0,0.0,0.0
2009-11-26 00:00:00+09:00,906.177001953125,906.177001953125,906.177001953125,906.177001953125,400,0.0,0.0
2009-11-27 00:00:00+09:00,914.7257530106928,927.5490112304688,914.7257530106928,927.5490112304688,400,0.0,0.0
2009-11-30 00:00:00+09:00,927.5490112304688,927.5490112304688,927.5490112304688,927.5490112304688,1000,0.0,0.0
2009-12-01 00:00:00+09:00,927.5490112304688,927.5490112304688,927.5490112304688,927.5490112304688,200,0.0,0.0
2009-12-02 00:00:00+09:00,927.5490112304688,927.5490112304688,927.5490112304688,927.5490112304688,0,0.0,0.0
2009-12-03 00:00:00+09:00,927.5490112304688,927.5490112304688,927.5490112304688,927.5490112304688,0,0.0,0.0
2009-12-04 00:00:00+09:00,884.804931640625,884.804931640625,884.804931640625,884.804931640625,400,0.0,0.0
2009-12-07 00:00:00+09:00,884.804931640625,884.804931640625,884.804931640625,884.804931640625,0,0.0,0.0
2009-12-08 00:00:00+09:00,884.804931640625,884.804931640625,884.804931640625,884.804931640625,0,0.0,0.0
2009-12-09 00:00:00+09:00,927.5490112304688,927.5490112304688,927.5490112304688,927.5490112304688,200,0.0,0.0
2009-12-10 00:00:00+09:00,927.5490112304688,927.5490112304688,927.5490112304688,927.5490112304688,200,0.0,0.0
2009-12-11 00:00:00+09:00,927.5490112304688,927.5490112304688,927.5490112304688,927.5490112304688,1000,0.0,0.0
2009-12-14 00:00:00+09:00,927.5490112304688,927.5490112304688,927.5490112304688,927.5490112304688,200,0.0,0.0
2009-12-15 00:00:00+09:00,927.5490112304688,927.5490112304688,927.5490112304688,927.5490112304688,0,0.0,0.0
2009-12-16 00:00:00+09:00,906.177001953125,906.177001953125,906.177001953125,906.177001953125,200,0.0,0.0
2009-12-17 00:00:00+09:00,906.177001953125,906.177001953125,906.177001953125,906.177001953125,0,0.0,0.0
2009-12-18 00:00:00+09:00,897.6281127929688,897.6281127929688,897.6281127929688,897.6281127929688,200,0.0,0.0
2009-12-21 00:00:00+09:00,897.6280753843247,927.5490112304688,897.6280753843247,927.5490112304688,1200,0.0,0.0
2009-12-22 00:00:00+09:00,927.5490112304688,927.5490112304688,927.5490112304688,927.5490112304688,200,0.0,0.0
2009-12-24 00:00:00+09:00,927.5490112304688,927.5490112304688,927.5490112304688,927.5490112304688,0,0.0,0.0
2009-12-25 00:00:00+09:00,906.1770189368207,983.1165771484375,906.1770189368207,983.1165771484375,800,0.0,0.0
2009-12-28 00:00:00+09:00,983.1165771484375,983.1165771484375,983.1165771484375,983.1165771484375,200,0.0,0.0
2009-12-29 00:00:00+09:00,983.1165771484375,983.1165771484375,983.1165771484375,983.1165771484375,0,0.0,0.0
2009-12-30 00:00:00+09:00,961.7444458007812,961.7444458007812,961.7444458007812,961.7444458007812,200,0.0,0.0
2010-01-04 00:00:00+09:00,961.7444458007812,961.7444458007812,961.7444458007812,961.7444458007812,600,0.0,0.0
2010-01-05 00:00:00+09:00,961.7444458007812,961.7444458007812,961.7444458007812,961.7444458007812,0,0.0,0.0
2010-01-06 00:00:00+09:00,961.7444458007812,961.7444458007812,961.7444458007812,961.7444458007812,0,0.0,0.0
2010-01-07 00:00:00+09:00,961.7444458007812,961.7444458007812,961.7444458007812,961.7444458007812,0,0.0,0.0
2010-01-08 00:00:00+09:00,961.7444458007812,961.7444458007812,961.7444458007812,961.7444458007812,0,0.0,0.0
2010-01-12 00:00:00+09:00,961.7444458007812,961.7444458007812,961.7444458007812,961.7444458007812,0,0.0,0.0
2010-01-13 00:00:00+09:00,961.7444458007812,961.7444458007812,961.7444458007812,961.7444458007812,0,0.0,0.0
2010-01-14 00:00:00+09:00,961.7444458007812,961.7444458007812,961.7444458007812,961.7444458007812,0,0.0,0.0
2010-01-15 00:00:00+09:00,961.7444458007812,961.7444458007812,961.7444458007812,961.7444458007812,0,0.0,0.0
2010-01-18 00:00:00+09:00,961.7444458007812,961.7444458007812,961.7444458007812,961.7444458007812,0,0.0,0.0
2010-01-19 00:00:00+09:00,961.7444458007812,961.7444458007812,961.7444458007812,961.7444458007812,0,0.0,0.0
2010-01-20 00:00:00+09:00,961.7444458007812,961.7444458007812,961.7444458007812,961.7444458007812,0,0.0,0.0
2010-01-21 00:00:00+09:00,961.7444458007812,961.7444458007812,961.7444458007812,961.7444458007812,0,0.0,0.0
2010-01-22 00:00:00+09:00,961.7444458007812,961.7444458007812,961.7444458007812,961.7444458007812,0,0.0,0.0
2010-01-25 00:00:00+09:00,897.6281026660594,953.195556640625,897.6281026660594,953.195556640625,600,0.0,0.0
2010-01-26 00:00:00+09:00,940.3723754882812,940.3723754882812,940.3723754882812,940.3723754882812,200,0.0,0.0
2010-01-27 00:00:00+09:00,940.3723754882812,940.3723754882812,940.3723754882812,940.3723754882812,0,0.0,0.0
2010-01-28 00:00:00+09:00,940.3723754882812,940.3723754882812,940.3723754882812,940.3723754882812,0,0.0,0.0
2010-01-29 00:00:00+09:00,940.3723754882812,940.3723754882812,940.3723754882812,940.3723754882812,0,0.0,0.0
2010-02-01 00:00:00+09:00,919.000244140625,919.000244140625,919.000244140625,919.000244140625,800,0.0,0.0
2010-02-02 00:00:00+09:00,919.000244140625,919.000244140625,919.000244140625,919.000244140625,0,0.0,0.0
2010-02-03 00:00:00+09:00,893.353759765625,893.353759765625,893.353759765625,893.353759765625,400,0.0,0.0
2010-02-04 00:00:00+09:00,893.353759765625,893.353759765625,893.353759765625,893.353759765625,0,0.0,0.0
2010-02-05 00:00:00+09:00,893.353759765625,893.353759765625,893.353759765625,893.353759765625,0,0.0,0.0
2010-02-08 00:00:00+09:00,893.353759765625,893.353759765625,893.353759765625,893.353759765625,0,0.0,0.0
2010-02-09 00:00:00+09:00,893.353759765625,893.353759765625,893.353759765625,893.353759765625,0,0.0,0.0
2010-02-10 00:00:00+09:00,893.353759765625,893.353759765625,893.353759765625,893.353759765625,0,0.0,0.0
2010-02-12 00:00:00+09:00,893.353759765625,893.353759765625,893.353759765625,893.353759765625,0,0.0,0.0
2010-02-15 00:00:00+09:00,893.353759765625,893.353759765625,893.353759765625,893.353759765625,0,0.0,0.0
2010-02-16 00:00:00+09:00,893.353759765625,893.353759765625,893.353759765625,893.353759765625,0,0.0,0.0
2010-02-17 00:00:00+09:00,893.353759765625,893.353759765625,893.353759765625,893.353759765625,0,0.0,0.0
2010-02-18 00:00:00+09:00,961.7444458007812,961.7444458007812,961.7444458007812,961.7444458007812,600,0.0,0.0
2010-02-19 00:00:00+09:00,961.7444458007812,961.7444458007812,961.7444458007812,961.7444458007812,600,0.0,0.0
2010-02-22 00:00:00+09:00,961.7444458007812,961.7444458007812,961.7444458007812,961.7444458007812,0,0.0,0.0
2010-02-23 00:00:00+09:00,961.7444458007812,961.7444458007812,961.7444458007812,961.7444458007812,0,0.0,0.0
2010-02-24 00:00:00+09:00,961.7444458007812,961.7444458007812,961.7444458007812,961.7444458007812,0,0.0,0.0
2010-02-25 00:00:00+09:00,961.7444458007812,961.7444458007812,961.7444458007812,961.7444458007812,0,0.0,0.0
2010-02-26 00:00:00+09:00,961.7444749311967,961.7444749311967,940.3723754882812,940.3723754882812,400,0.0,0.0
2010-03-01 00:00:00+09:00,940.3723754882812,940.3723754882812,940.3723754882812,940.3723754882812,600,0.0,0.0
2010-03-02 00:00:00+09:00,940.3723754882812,940.3723754882812,940.3723754882812,940.3723754882812,600,0.0,0.0
2010-03-03 00:00:00+09:00,940.3723754882812,940.3723754882812,940.3723754882812,940.3723754882812,0,0.0,0.0
2010-03-04 00:00:00+09:00,940.3723754882812,940.3723754882812,940.3723754882812,940.3723754882812,0,0.0,0.0
2010-03-05 00:00:00+09:00,906.177001953125,906.177001953125,906.177001953125,906.177001953125,400,0.0,0.0
2010-03-08 00:00:00+09:00,906.177001953125,906.177001953125,906.177001953125,906.177001953125,0,0.0,0.0
2010-03-09 00:00:00+09:00,927.5490112304688,927.5490112304688,927.5490112304688,927.5490112304688,1000,0.0,0.0
2010-03-10 00:00:00+09:00,927.5490112304688,927.5490112304688,927.5490112304688,927.5490112304688,0,0.0,0.0
2010-03-11 00:00:00+09:00,961.7444458007812,961.7444458007812,961.7444458007812,961.7444458007812,800,0.0,0.0
2010-03-12 00:00:00+09:00,961.7444458007812,961.7444458007812,961.7444458007812,961.7444458007812,600,0.0,0.0
2010-03-15 00:00:00+09:00,961.7444458007812,961.7444458007812,961.7444458007812,961.7444458007812,0,0.0,0.0
2010-03-16 00:00:00+09:00,983.1166083153258,1004.4887084960938,983.1166083153258,1004.4887084960938,1200,0.0,0.0
2010-03-17 00:00:00+09:00,1004.4885968732403,1004.4885968732403,948.921142578125,948.921142578125,1600,0.0,0.0
2010-03-18 00:00:00+09:00,948.921142578125,948.921142578125,948.921142578125,948.921142578125,0,0.0,0.0
2010-03-19 00:00:00+09:00,948.921142578125,948.921142578125,948.921142578125,948.921142578125,0,0.0,0.0
2010-03-23 00:00:00+09:00,948.921142578125,948.921142578125,948.921142578125,948.921142578125,0,0.0,0.0
2010-03-24 00:00:00+09:00,948.921142578125,948.921142578125,948.921142578125,948.921142578125,200,0.0,0.0
2010-03-25 00:00:00+09:00,957.4699563419117,1025.8606675091912,957.4699563419117,1017.3118286132812,6000,0.0,0.0
2010-03-26 00:00:00+09:00,1017.3118286132811,1017.3118286132811,1017.3118286132811,1017.3118286132812,600,0.0,0.0
2010-03-29 00:00:00+09:00,1017.3118286132811,1017.3118286132811,1017.3118286132811,1017.3118286132812,0,0.0,0.0
2010-03-30 00:00:00+09:00,906.177001953125,906.177001953125,906.177001953125,906.177001953125,5000,0.0,0.0
2010-03-31 00:00:00+09:00,966.0189208984375,966.0189208984375,966.0189208984375,966.0189208984375,600,0.0,0.0
2010-04-01 00:00:00+09:00,966.0189208984375,966.0189208984375,966.0189208984375,966.0189208984375,0,0.0,0.0
2010-04-02 00:00:00+09:00,966.0189208984375,966.0189208984375,966.0189208984375,966.0189208984375,0,0.0,0.0
2010-04-05 00:00:00+09:00,966.0189208984375,966.0189208984375,966.0189208984375,966.0189208984375,0,0.0,0.0
2010-04-06 00:00:00+09:00,966.0189208984375,966.0189208984375,966.0189208984375,966.0189208984375,0,0.0,0.0
2010-04-07 00:00:00+09:00,966.0189208984375,966.0189208984375,966.0189208984375,966.0189208984375,0,0.0,0.0
2010-04-08 00:00:00+09:00,966.0189208984375,966.0189208984375,966.0189208984375,966.0189208984375,0,0.0,0.0
2010-04-09 00:00:00+09:00,961.7444458007812,961.7444458007812,961.7444458007812,961.7444458007812,200,0.0,0.0
2010-04-12 00:00:00+09:00,961.7444458007812,961.7444458007812,961.7444458007812,961.7444458007812,200,0.0,0.0
2010-04-13 00:00:00+09:00,961.7444458007812,961.7444458007812,961.7444458007812,961.7444458007812,0,0.0,0.0
2010-04-14 00:00:00+09:00,961.7444458007812,961.7444458007812,961.7444458007812,961.7444458007812,0,0.0,0.0
2010-04-15 00:00:00+09:00,961.7444458007812,961.7444458007812,961.7444458007812,961.7444458007812,0,0.0,0.0
2010-04-16 00:00:00+09:00,983.1165771484375,983.1165771484375,983.1165771484375,983.1165771484375,200,0.0,0.0
2010-04-19 00:00:00+09:00,978.8421020507812,978.8421020507812,978.8421020507812,978.8421020507812,400,0.0,0.0
2010-04-20 00:00:00+09:00,978.8421020507812,978.8421020507812,978.8421020507812,978.8421020507812,0,0.0,0.0
2010-04-21 00:00:00+09:00,978.8421020507812,978.8421020507812,978.8421020507812,978.8421020507812,0,0.0,0.0
2010-04-22 00:00:00+09:00,978.8421020507812,978.8421020507812,978.8421020507812,978.8421020507812,0,0.0,0.0
2010-04-23 00:00:00+09:00,948.921142578125,948.921142578125,948.921142578125,948.921142578125,400,0.0,0.0
2010-04-26 00:00:00+09:00,961.7444458007812,961.7444458007812,961.7444458007812,961.7444458007812,400,0.0,0.0
2010-04-27 00:00:00+09:00,961.7444458007812,961.7444458007812,961.7444458007812,961.7444458007812,0,0.0,0.0
2010-04-28 00:00:00+09:00,983.1165771484375,983.1165771484375,983.1165771484375,983.1165771484375,200,0.0,0.0
2010-04-30 00:00:00+09:00,983.1165771484375,983.1165771484375,983.1165771484375,983.1165771484375,600,0.0,0.0
2010-05-06 00:00:00+09:00,966.0189208984375,966.0189208984375,966.0189208984375,966.0189208984375,400,0.0,0.0
2010-05-07 00:00:00+09:00,957.4700317382812,957.4700317382812,957.4700317382812,957.4700317382812,400,0.0,0.0
2010-05-10 00:00:00+09:00,957.4700317382812,957.4700317382812,957.4700317382812,957.4700317382812,0,0.0,0.0
2010-05-11 00:00:00+09:00,957.4700317382812,957.4700317382812,957.4700317382812,957.4700317382812,0,0.0,0.0
2010-05-12 00:00:00+09:00,957.4700317382812,957.4700317382812,957.4700317382812,957.4700317382812,0,0.0,0.0
2010-05-13 00:00:00+09:00,957.4700317382812,957.4700317382812,957.4700317382812,957.4700317382812,0,0.0,0.0
2010-05-14 00:00:00+09:00,957.4700317382812,957.4700317382812,957.4700317382812,957.4700317382812,0,0.0,0.0
2010-05-17 00:00:00+09:00,953.195556640625,953.195556640625,953.195556640625,953.195556640625,400,0.0,0.0
2010-05-18 00:00:00+09:00,953.195556640625,953.195556640625,953.195556640625,953.195556640625,0,0.0,0.0
2010-05-19 00:00:00+09:00,953.195556640625,953.195556640625,953.195556640625,953.195556640625,0,0.0,0.0
2010-05-20 00:00:00+09:00,953.195556640625,953.195556640625,953.195556640625,953.195556640625,0,0.0,0.0
2010-05-21 00:00:00+09:00,948.921142578125,948.921142578125,948.921142578125,948.921142578125,400,0.0,0.0
2010-05-24 00:00:00+09:00,948.921142578125,948.921142578125,948.921142578125,948.921142578125,0,0.0,0.0
2010-05-25 00:00:00+09:00,948.921142578125,948.921142578125,948.921142578125,948.921142578125,0,0.0,0.0
2010-05-26 00:00:00+09:00,948.921142578125,948.921142578125,948.921142578125,948.921142578125,0,0.0,0.0
2010-05-27 00:00:00+09:00,948.921142578125,948.921142578125,948.921142578125,948.921142578125,0,0.0,0.0
2010-05-28 00:00:00+09:00,957.4700317382812,957.4700317382812,957.4700317382812,957.4700317382812,400,0.0,0.0
2010-05-31 00:00:00+09:00,995.9398193359375,995.9398193359375,995.9398193359375,995.9398193359375,600,0.0,0.0
2010-06-01 00:00:00+09:00,995.9398193359375,995.9398193359375,995.9398193359375,995.9398193359375,0,0.0,0.0
2010-06-02 00:00:00+09:00,995.9398193359375,995.9398193359375,995.9398193359375,995.9398193359375,0,0.0,0.0
2010-06-03 00:00:00+09:00,944.6467895507812,944.6467895507812,944.6467895507812,944.6467895507812,400,0.0,0.0
2010-06-04 00:00:00+09:00,944.6467895507812,944.6467895507812,944.6467895507812,944.6467895507812,0,0.0,0.0
2010-06-07 00:00:00+09:00,944.6467895507812,944.6467895507812,944.6467895507812,944.6467895507812,0,0.0,0.0
2010-06-08 00:00:00+09:00,944.6467895507812,944.6467895507812,944.6467895507812,944.6467895507812,0,0.0,0.0
2010-06-09 00:00:00+09:00,927.5490973444269,927.5490973444269,863.4328002929688,863.4328002929688,1200,0.0,0.0
2010-06-10 00:00:00+09:00,863.4328002929688,863.4328002929688,863.4328002929688,863.4328002929688,0,0.0,0.0
2010-06-11 00:00:00+09:00,940.3723754882812,940.3723754882812,940.3723754882812,940.3723754882812,200,0.0,0.0
2010-06-14 00:00:00+09:00,940.3723754882812,940.3723754882812,940.3723754882812,940.3723754882812,0,0.0,0.0
2010-06-15 00:00:00+09:00,940.3723754882812,940.3723754882812,940.3723754882812,940.3723754882812,0,0.0,0.0
2010-06-16 00:00:00+09:00,940.3723754882812,940.3723754882812,940.3723754882812,940.3723754882812,0,0.0,0.0
2010-06-17 00:00:00+09:00,940.3723754882812,940.3723754882812,940.3723754882812,940.3723754882812,0,0.0,0.0
2010-06-18 00:00:00+09:00,897.62812903168,931.823486328125,897.62812903168,931.823486328125,1000,0.0,0.0
2010-06-21 00:00:00+09:00,931.823486328125,931.823486328125,931.823486328125,931.823486328125,0,0.0,0.0
2010-06-22 00:00:00+09:00,901.9025486937356,931.823486328125,901.9025486937356,931.823486328125,400,0.0,0.0
2010-06-23 00:00:00+09:00,931.823486328125,931.823486328125,931.823486328125,931.823486328125,0,0.0,0.0
2010-06-24 00:00:00+09:00,944.6467895507812,944.6467895507812,944.6467895507812,944.6467895507812,200,0.0,0.0
2010-06-25 00:00:00+09:00,944.6467895507812,944.6467895507812,944.6467895507812,944.6467895507812,0,0.0,0.0
2010-06-28 00:00:00+09:00,974.567626953125,974.567626953125,974.567626953125,974.567626953125,200,0.0,0.0
2010-06-29 00:00:00+09:00,974.567626953125,974.567626953125,974.567626953125,974.567626953125,200,0.0,0.0
2010-06-30 00:00:00+09:00,974.567626953125,974.567626953125,974.567626953125,974.567626953125,600,0.0,0.0
2010-07-01 00:00:00+09:00,974.567626953125,974.567626953125,974.567626953125,974.567626953125,0,0.0,0.0
2010-07-02 00:00:00+09:00,974.567626953125,974.567626953125,974.567626953125,974.567626953125,0,0.0,0.0
2010-07-05 00:00:00+09:00,974.567626953125,974.567626953125,974.567626953125,974.567626953125,0,0.0,0.0
2010-07-06 00:00:00+09:00,974.567626953125,974.567626953125,974.567626953125,974.567626953125,0,0.0,0.0
2010-07-07 00:00:00+09:00,974.567626953125,974.567626953125,974.567626953125,974.567626953125,0,0.0,0.0
2010-07-08 00:00:00+09:00,974.567626953125,974.567626953125,974.567626953125,974.567626953125,0,0.0,0.0
2010-07-09 00:00:00+09:00,974.567626953125,974.567626953125,974.567626953125,974.567626953125,0,0.0,0.0
2010-07-12 00:00:00+09:00,974.5677858549973,991.6654663085938,974.5677858549973,991.6654663085938,800,0.0,0.0
2010-07-13 00:00:00+09:00,991.6654663085938,991.6654663085938,991.6654663085938,991.6654663085938,0,0.0,0.0
2010-07-14 00:00:00+09:00,991.6654663085938,991.6654663085938,991.6654663085938,991.6654663085938,0,0.0,0.0
2010-07-15 00:00:00+09:00,991.6654663085938,991.6654663085938,991.6654663085938,991.6654663085938,0,0.0,0.0
2010-07-16 00:00:00+09:00,923.2747192382812,923.2747192382812,923.2747192382812,923.2747192382812,2000,0.0,0.0
2010-07-21 00:00:00+09:00,923.2747192382812,923.2747192382812,923.2747192382812,923.2747192382812,0,0.0,0.0
2010-07-22 00:00:00+09:00,923.2747192382812,923.2747192382812,923.2747192382812,923.2747192382812,0,0.0,0.0
2010-07-23 00:00:00+09:00,923.2747192382812,923.2747192382812,923.2747192382812,923.2747192382812,0,0.0,0.0
2010-07-26 00:00:00+09:00,1000.2142809302405,1000.2142809302405,966.0189208984375,966.0189208984375,400,0.0,0.0
2010-07-27 00:00:00+09:00,1000.2142333984375,1000.2142333984375,1000.2142333984375,1000.2142333984375,200,0.0,0.0
2010-07-28 00:00:00+09:00,1017.3118286132811,1017.3118286132811,1017.3118286132811,1017.3118286132812,2800,0.0,0.0
2010-07-29 00:00:00+09:00,961.7444458007812,961.7444458007812,961.7444458007812,961.7444458007812,200,0.0,0.0
2010-07-30 00:00:00+09:00,961.7444458007812,961.7444458007812,961.7444458007812,961.7444458007812,0,0.0,0.0
2010-08-02 00:00:00+09:00,1004.4887084960938,1004.4887084960938,1004.4887084960938,1004.4887084960938,200,0.0,0.0
2010-08-03 00:00:00+09:00,1004.4887084960938,1004.4887084960938,1004.4887084960938,1004.4887084960938,400,0.0,0.0
2010-08-04 00:00:00+09:00,1004.4887084960938,1004.4887084960938,1004.4887084960938,1004.4887084960938,0,0.0,0.0
2010-08-05 00:00:00+09:00,961.7444458007812,961.7444458007812,961.7444458007812,961.7444458007812,200,0.0,0.0
2010-08-06 00:00:00+09:00,893.3536559777326,927.5490112304688,893.3536559777326,927.5490112304688,1600,0.0,0.0
2010-08-09 00:00:00+09:00,927.5490112304688,927.5490112304688,927.5490112304688,927.5490112304688,0,0.0,0.0
2010-08-10 00:00:00+09:00,927.5490112304688,927.5490112304688,927.5490112304688,927.5490112304688,0,0.0,0.0
2010-08-11 00:00:00+09:00,948.921142578125,948.921142578125,948.921142578125,948.921142578125,200,0.0,0.0
2010-08-12 00:00:00+09:00,948.921142578125,948.921142578125,948.921142578125,948.921142578125,0,0.0,0.0
2010-08-13 00:00:00+09:00,948.921142578125,948.921142578125,948.921142578125,948.921142578125,600,0.0,0.0
2010-08-16 00:00:00+09:00,948.921142578125,948.921142578125,948.921142578125,948.921142578125,0,0.0,0.0
2010-08-17 00:00:00+09:00,948.921142578125,948.921142578125,948.921142578125,948.921142578125,0,0.0,0.0
2010-08-18 00:00:00+09:00,961.7444458007812,961.7444458007812,961.7444458007812,961.7444458007812,200,0.0,0.0
2010-08-19 00:00:00+09:00,961.7444458007812,961.7444458007812,961.7444458007812,961.7444458007812,0,0.0,0.0
2010-08-20 00:00:00+09:00,961.7444458007812,961.7444458007812,961.7444458007812,961.7444458007812,0,0.0,0.0
2010-08-23 00:00:00+09:00,961.7444458007812,961.7444458007812,961.7444458007812,961.7444458007812,0,0.0,0.0
2010-08-24 00:00:00+09:00,961.7444458007812,961.7444458007812,961.7444458007812,961.7444458007812,0,0.0,0.0
2010-08-25 00:00:00+09:00,961.7444458007812,961.7444458007812,961.7444458007812,961.7444458007812,0,0.0,0.0
2010-08-26 00:00:00+09:00,961.7444551908053,1000.2142333984375,961.7444551908053,1000.2142333984375,400,0.0,0.0
2010-08-27 00:00:00+09:00,1000.2142333984375,1000.2142333984375,1000.2142333984375,1000.2142333984375,0,0.0,0.0
2010-08-30 00:00:00+09:00,931.823516584869,1000.2142333984375,931.823516584869,1000.2142333984375,800,0.0,0.0
2010-08-31 00:00:00+09:00,1000.2142333984375,1000.2142333984375,1000.2142333984375,1000.2142333984375,600,0.0,0.0
2010-09-01 00:00:00+09:00,940.3723754882812,940.3723754882812,940.3723754882812,940.3723754882812,1000,0.0,0.0
2010-09-02 00:00:00+09:00,944.6467895507812,944.6467895507812,944.6467895507812,944.6467895507812,400,0.0,0.0
2010-09-03 00:00:00+09:00,944.6467895507812,944.6467895507812,944.6467895507812,944.6467895507812,0,0.0,0.0
2010-09-06 00:00:00+09:00,948.921142578125,948.921142578125,948.921142578125,948.921142578125,200,0.0,0.0
2010-09-07 00:00:00+09:00,948.9211649763474,948.9211649763474,923.2746470040137,931.823486328125,1000,0.0,0.0
2010-09-08 00:00:00+09:00,931.823486328125,931.823486328125,931.823486328125,931.823486328125,0,0.0,0.0
2010-09-09 00:00:00+09:00,936.0979614257812,936.0979614257812,936.0979614257812,936.0979614257812,200,0.0,0.0
2010-09-10 00:00:00+09:00,936.0979614257812,936.0979614257812,936.0979614257812,936.0979614257812,0,0.0,0.0
2010-09-13 00:00:00+09:00,936.0979614257812,936.0979614257812,936.0979614257812,936.0979614257812,800,0.0,0.0
2010-09-14 00:00:00+09:00,936.0979614257812,936.0979614257812,936.0979614257812,936.0979614257812,400,0.0,0.0
2010-09-16 00:00:00+09:00,914.7258284505208,961.7444458007812,914.7258284505208,961.7444458007812,1200,0.0,0.0
2010-09-17 00:00:00+09:00,961.7444239625142,961.7444239625142,931.823486328125,931.823486328125,800,0.0,0.0
2010-09-21 00:00:00+09:00,931.823486328125,931.823486328125,931.823486328125,931.823486328125,0,0.0,0.0
2010-09-22 00:00:00+09:00,901.9025268554688,901.9025268554688,901.9025268554688,901.9025268554688,400,0.0,0.0
2010-09-24 00:00:00+09:00,901.9025268554688,901.9025268554688,901.9025268554688,901.9025268554688,0,0.0,0.0
2010-09-27 00:00:00+09:00,961.7444458007812,961.7444458007812,961.7444458007812,961.7444458007812,200,0.0,0.0
2010-09-28 00:00:00+09:00,961.7444239625142,961.7444239625142,897.62812903168,931.823486328125,2400,0.0,0.0
2010-09-29 00:00:00+09:00,931.823486328125,931.823486328125,931.823486328125,931.823486328125,0,0.0,0.0
2010-09-30 00:00:00+09:00,931.823486328125,931.823486328125,931.823486328125,931.823486328125,0,0.0,0.0
2010-10-01 00:00:00+09:00,970.2933349609375,970.2933349609375,970.2933349609375,970.2933349609375,600,0.0,0.0
2010-10-04 00:00:00+09:00,970.2933349609375,970.2933349609375,970.2933349609375,970.2933349609375,0,0.0,0.0
2010-10-05 00:00:00+09:00,970.2933349609375,970.2933349609375,970.2933349609375,970.2933349609375,0,0.0,0.0
2010-10-06 00:00:00+09:00,970.2933349609375,970.2933349609375,970.2933349609375,970.2933349609375,0,0.0,0.0
2010-10-07 00:00:00+09:00,1166.9166259765625,1166.9166259765625,1166.9166259765625,1166.9166259765625,200,0.0,0.0
2010-10-08 00:00:00+09:00,1166.9166259765625,1166.9166259765625,1166.9166259765625,1166.9166259765625,0,0.0,0.0
2010-10-12 00:00:00+09:00,970.2933349609375,970.2933349609375,970.2933349609375,970.2933349609375,400,0.0,0.0
2010-10-13 00:00:00+09:00,970.2933349609375,970.2933349609375,970.2933349609375,970.2933349609375,400,0.0,0.0
2010-10-14 00:00:00+09:00,919.0002482096354,961.7444458007812,919.0002482096354,961.7444458007812,1000,0.0,0.0
2010-10-15 00:00:00+09:00,961.7444458007812,961.7444458007812,961.7444458007812,961.7444458007812,1000,0.0,0.0
2010-10-18 00:00:00+09:00,961.7444458007812,961.7444458007812,961.7444458007812,961.7444458007812,1000,0.0,0.0
2010-10-19 00:00:00+09:00,931.823486328125,931.823486328125,931.823486328125,931.823486328125,400,0.0,0.0
2010-10-20 00:00:00+09:00,931.823486328125,931.823486328125,931.823486328125,931.823486328125,400,0.0,0.0
2010-10-21 00:00:00+09:00,931.823486328125,931.823486328125,931.823486328125,931.823486328125,400,0.0,0.0
2010-10-22 00:00:00+09:00,931.823486328125,931.823486328125,931.823486328125,931.823486328125,400,0.0,0.0
2010-10-25 00:00:00+09:00,978.8421020507812,978.8421020507812,978.8421020507812,978.8421020507812,200,0.0,0.0
2010-10-26 00:00:00+09:00,978.8421020507812,978.8421020507812,978.8421020507812,978.8421020507812,400,0.0,0.0
2010-10-27 00:00:00+09:00,978.8421020507812,978.8421020507812,978.8421020507812,978.8421020507812,400,0.0,0.0
2010-10-28 00:00:00+09:00,978.8421020507812,978.8421020507812,978.8421020507812,978.8421020507812,400,0.0,0.0
2010-10-29 00:00:00+09:00,978.8421020507812,978.8421020507812,978.8421020507812,978.8421020507812,400,0.0,0.0
2010-11-01 00:00:00+09:00,978.8421020507812,978.8421020507812,978.8421020507812,978.8421020507812,400,0.0,0.0
2010-11-02 00:00:00+09:00,978.8421020507812,978.8421020507812,978.8421020507812,978.8421020507812,400,0.0,0.0
2010-11-04 00:00:00+09:00,978.8421020507812,978.8421020507812,978.8421020507812,978.8421020507812,400,0.0,0.0
2010-11-05 00:00:00+09:00,978.8421020507812,978.8421020507812,978.8421020507812,978.8421020507812,400,0.0,0.0
2010-11-08 00:00:00+09:00,978.8421020507812,978.8421020507812,978.8421020507812,978.8421020507812,400,0.0,0.0
2010-11-09 00:00:00+09:00,978.8421020507812,978.8421020507812,978.8421020507812,978.8421020507812,400,0.0,0.0
2010-11-10 00:00:00+09:00,978.8421020507812,978.8421020507812,978.8421020507812,978.8421020507812,400,0.0,0.0
2010-11-11 00:00:00+09:00,978.8421020507812,978.8421020507812,978.8421020507812,978.8421020507812,400,0.0,0.0
2010-11-12 00:00:00+09:00,978.8421020507812,978.8421020507812,978.8421020507812,978.8421020507812,400,0.0,0.0
2010-11-15 00:00:00+09:00,978.8421020507812,978.8421020507812,978.8421020507812,978.8421020507812,400,0.0,0.0
2010-11-16 00:00:00+09:00,978.8421020507812,978.8421020507812,978.8421020507812,978.8421020507812,400,0.0,0.0
2010-11-17 00:00:00+09:00,978.8421020507812,978.8421020507812,978.8421020507812,978.8421020507812,600,0.0,0.0
2010-11-18 00:00:00+09:00,978.8421020507812,978.8421020507812,978.8421020507812,978.8421020507812,600,0.0,0.0
2010-11-19 00:00:00+09:00,978.8421020507812,978.8421020507812,978.8421020507812,978.8421020507812,600,0.0,0.0
2010-11-22 00:00:00+09:00,978.8421020507812,978.8421020507812,978.8421020507812,978.8421020507812,600,0.0,0.0
2010-11-24 00:00:00+09:00,978.8421020507812,978.8421020507812,978.8421020507812,978.8421020507812,600,0.0,0.0
2010-11-25 00:00:00+09:00,978.8421020507812,978.8421020507812,978.8421020507812,978.8421020507812,600,0.0,0.0
2010-11-26 00:00:00+09:00,974.567626953125,974.567626953125,974.567626953125,974.567626953125,200,0.0,0.0
2010-11-29 00:00:00+09:00,970.2933349609375,970.2933349609375,970.2933349609375,970.2933349609375,600,0.0,0.0
2010-11-30 00:00:00+09:00,970.2933349609375,970.2933349609375,970.2933349609375,970.2933349609375,600,0.0,0.0
2010-12-01 00:00:00+09:00,970.2933349609375,970.2933349609375,970.2933349609375,970.2933349609375,600,0.0,0.0
2010-12-02 00:00:00+09:00,936.0979614257812,936.0979614257812,936.0979614257812,936.0979614257812,2000,0.0,0.0
2010-12-03 00:00:00+09:00,953.195556640625,953.195556640625,953.195556640625,953.195556640625,1000,0.0,0.0
2010-12-06 00:00:00+09:00,953.195556640625,953.195556640625,953.195556640625,953.195556640625,600,0.0,0.0
2010-12-07 00:00:00+09:00,953.195556640625,953.195556640625,953.195556640625,953.195556640625,600,0.0,0.0
2010-12-08 00:00:00+09:00,919.000244140625,919.000244140625,919.000244140625,919.000244140625,200,0.0,0.0
2010-12-09 00:00:00+09:00,919.000244140625,919.000244140625,919.000244140625,919.000244140625,200,0.0,0.0
2010-12-10 00:00:00+09:00,919.0002482096354,961.7444458007812,919.0002482096354,961.7444458007812,1600,0.0,0.0
2010-12-13 00:00:00+09:00,961.7444458007812,961.7444458007812,961.7444458007812,961.7444458007812,400,0.0,0.0
2010-12-14 00:00:00+09:00,961.7444458007812,961.7444458007812,961.7444458007812,961.7444458007812,400,0.0,0.0
2010-12-15 00:00:00+09:00,940.3723470052083,961.7444458007812,940.3723470052083,961.7444458007812,600,0.0,0.0
2010-12-16 00:00:00+09:00,953.1955621392876,953.1955621392876,948.921142578125,948.921142578125,800,0.0,0.0
2010-12-17 00:00:00+09:00,940.3723754882812,940.3723754882812,940.3723754882812,940.3723754882812,1000,0.0,0.0
2010-12-20 00:00:00+09:00,940.3723754882812,940.3723754882812,940.3723754882812,940.3723754882812,1000,0.0,0.0
2010-12-21 00:00:00+09:00,957.4700317382812,957.4700317382812,957.4700317382812,957.4700317382812,1000,0.0,0.0
2010-12-22 00:00:00+09:00,940.3723992241753,948.9212392171223,923.2747192382812,923.2747192382812,2600,0.0,0.0
2010-12-24 00:00:00+09:00,923.2746734619141,957.4700317382812,923.2746734619141,957.4700317382812,800,0.0,0.0
2010-12-27 00:00:00+09:00,953.195556640625,953.195556640625,953.195556640625,953.195556640625,200,0.0,0.0
2010-12-28 00:00:00+09:00,953.195556640625,953.195556640625,953.195556640625,953.195556640625,200,0.0,0.0
2010-12-29 00:00:00+09:00,953.1956155891093,1000.2142333984375,953.1956155891093,1000.2142333984375,600,0.0,0.0
2010-12-30 00:00:00+09:00,1000.2142333984375,1000.2142333984375,1000.2142333984375,1000.2142333984375,600,0.0,0.0
2011-01-04 00:00:00+09:00,1000.2142333984375,1000.2142333984375,1000.2142333984375,1000.2142333984375,400,0.0,0.0
2011-01-05 00:00:00+09:00,966.0189208984375,966.0189208984375,966.0189208984375,966.0189208984375,1200,0.0,0.0
2011-01-06 00:00:00+09:00,966.0189208984375,966.0189208984375,966.0189208984375,966.0189208984375,1200,0.0,0.0
2011-01-07 00:00:00+09:00,966.0189208984375,966.0189208984375,966.0189208984375,966.0189208984375,1200,0.0,0.0
2011-01-11 00:00:00+09:00,966.0189208984375,966.0189208984375,966.0189208984375,966.0189208984375,1200,0.0,0.0
2011-01-12 00:00:00+09:00,1000.2142333984375,1000.2142333984375,1000.2142333984375,1000.2142333984375,200,0.0,0.0
2011-01-13 00:00:00+09:00,995.9398193359375,995.9398193359375,995.9398193359375,995.9398193359375,400,0.0,0.0
2011-01-14 00:00:00+09:00,995.9398193359375,995.9398193359375,995.9398193359375,995.9398193359375,400,0.0,0.0
2011-01-17 00:00:00+09:00,1013.0374755859375,1013.0374755859375,1013.0374755859375,1013.0374755859375,200,0.0,0.0
2011-01-18 00:00:00+09:00,1013.0374755859375,1013.0374755859375,1013.0374755859375,1013.0374755859375,200,0.0,0.0
2011-01-19 00:00:00+09:00,1013.0374755859375,1013.0374755859375,1013.0374755859375,1013.0374755859375,200,0.0,0.0
2011-01-20 00:00:00+09:00,1013.0374755859375,1013.0374755859375,1013.0374755859375,1013.0374755859375,200,0.0,0.0
2011-01-21 00:00:00+09:00,1013.0374755859375,1013.0374755859375,1013.0374755859375,1013.0374755859375,200,0.0,0.0
2011-01-24 00:00:00+09:00,1025.8606692394578,1064.3304443359375,1025.8606692394578,1064.3304443359375,800,0.0,0.0
2011-01-25 00:00:00+09:00,1064.3304443359375,1064.3304443359375,1064.3304443359375,1064.3304443359375,800,0.0,0.0
2011-01-26 00:00:00+09:00,1064.3304443359375,1064.3304443359375,1064.3304443359375,1064.3304443359375,0,0.0,0.0
2011-01-27 00:00:00+09:00,1017.3119640815548,1051.50732421875,1017.3119640815548,1051.50732421875,800,0.0,0.0
2011-01-28 00:00:00+09:00,1017.3119640815548,1051.50732421875,1017.3119640815548,1051.50732421875,800,0.0,0.0
2011-01-31 00:00:00+09:00,1025.8607177734375,1025.8607177734375,1025.8607177734375,1025.8607177734375,2600,0.0,0.0
2011-02-01 00:00:00+09:00,966.0187881202028,991.6653046189692,966.0187881202028,974.567626953125,1400,0.0,0.0
2011-02-02 00:00:00+09:00,978.8421514601935,987.3909912109375,978.8421514601935,987.3909912109375,800,0.0,0.0
2011-02-03 00:00:00+09:00,978.8421020507812,978.8421020507812,978.8421020507812,978.8421020507812,600,0.0,0.0
2011-02-04 00:00:00+09:00,978.8421572477921,983.1165771484375,970.2933174465013,983.1165771484375,2000,0.0,0.0
2011-02-07 00:00:00+09:00,978.8421572477921,983.1165771484375,978.8421572477921,983.1165771484375,2600,0.0,0.0
2011-02-08 00:00:00+09:00,983.1165771484375,983.1165771484375,983.1165771484375,983.1165771484375,1000,0.0,0.0
2011-02-09 00:00:00+09:00,974.5677609063882,974.5677609063882,953.1956608865113,966.0189208984375,2600,0.0,0.0
2011-02-10 00:00:00+09:00,957.4700808904868,966.0189208984375,957.4700808904868,966.0189208984375,1200,0.0,0.0
2011-02-14 00:00:00+09:00,974.567626953125,974.567626953125,974.567626953125,974.567626953125,1000,0.0,0.0
2011-02-15 00:00:00+09:00,978.842046369586,978.842046369586,974.567626953125,974.567626953125,800,0.0,0.0
2011-02-16 00:00:00+09:00,974.5677373471467,983.1165771484375,974.5677373471467,983.1165771484375,800,0.0,0.0
2011-02-17 00:00:00+09:00,978.842046369586,983.1164657860471,974.567626953125,974.567626953125,1200,0.0,0.0
2011-02-18 00:00:00+09:00,974.5677373471467,983.1165771484375,974.5677373471467,983.1165771484375,800,0.0,0.0
2011-02-21 00:00:00+09:00,978.8421572477921,987.3909970490829,978.8421572477921,983.1165771484375,1600,0.0,0.0
2011-02-22 00:00:00+09:00,983.1165771484375,983.1165771484375,983.1165771484375,983.1165771484375,200,0.0,0.0
2011-02-23 00:00:00+09:00,1004.4887084960938,1004.4887084960938,1004.4887084960938,1004.4887084960938,400,0.0,0.0
2011-02-24 00:00:00+09:00,1000.214256751019,1000.214256751019,983.1165771484375,983.1165771484375,1200,0.0,0.0
2011-02-25 00:00:00+09:00,983.1165771484375,983.1165771484375,983.1165771484375,983.1165771484375,200,0.0,0.0
2011-02-28 00:00:00+09:00,983.1165217103917,983.1165217103917,978.8421020507812,978.8421020507812,800,0.0,0.0
2011-03-01 00:00:00+09:00,978.8421020507812,978.8421020507812,978.8421020507812,978.8421020507812,800,0.0,0.0
2011-03-02 00:00:00+09:00,983.1165771484375,983.1165771484375,983.1165771484375,983.1165771484375,600,0.0,0.0
2011-03-03 00:00:00+09:00,978.8421020507812,978.8421020507812,978.8421020507812,978.8421020507812,200,0.0,0.0
2011-03-04 00:00:00+09:00,978.8421020507812,978.8421020507812,978.8421020507812,978.8421020507812,200,0.0,0.0
2011-03-07 00:00:00+09:00,987.3909627623477,1008.7630615234375,987.3909627623477,1008.7630615234375,400,0.0,0.0
2011-03-08 00:00:00+09:00,1008.7630615234375,1008.7630615234375,1008.7630615234375,1008.7630615234375,0,0.0,0.0
2011-03-09 00:00:00+09:00,1008.7630615234375,1008.7630615234375,1008.7630615234375,1008.7630615234375,400,0.0,0.0
2011-03-10 00:00:00+09:00,1008.7630615234375,1008.7630615234375,1008.7630615234375,1008.7630615234375,400,0.0,0.0
2011-03-11 00:00:00+09:00,978.842101542155,1025.8607177734375,978.842101542155,1025.8607177734375,6600,0.0,0.0
2011-03-14 00:00:00+09:00,1025.8607177734375,1025.8607177734375,1025.8607177734375,1025.8607177734375,0,0.0,0.0
2011-03-15 00:00:00+09:00,961.744462198286,961.744462198286,859.1583862304688,859.1583862304688,1800,0.0,0.0
2011-03-16 00:00:00+09:00,859.158336530413,897.6281127929688,859.158336530413,897.6281127929688,600,0.0,0.0
2011-03-17 00:00:00+09:00,833.5118452862996,876.2560424804688,833.5118452862996,876.2560424804688,2200,0.0,0.0
2011-03-18 00:00:00+09:00,876.2560424804688,876.2560424804688,876.2560424804688,876.2560424804688,2200,0.0,0.0
2011-03-22 00:00:00+09:00,940.3723470052083,961.7444458007812,940.3723470052083,961.7444458007812,400,0.0,0.0
2011-03-23 00:00:00+09:00,961.7444458007812,961.7444458007812,961.7444458007812,961.7444458007812,800,0.0,0.0
2011-03-24 00:00:00+09:00,948.9211865234375,961.7444458007812,948.9211865234375,961.7444458007812,400,0.0,0.0
2011-03-25 00:00:00+09:00,995.9398193359375,995.9398193359375,995.9398193359375,995.9398193359375,200,0.0,0.0
2011-03-28 00:00:00+09:00,995.9398368503736,995.9398368503736,983.1165771484375,983.1165771484375,800,0.0,0.0
2011-03-29 00:00:00+09:00,957.4700317382812,957.4700317382812,957.4700317382812,957.4700317382812,200,0.0,0.0
2011-03-30 00:00:00+09:00,957.4700317382812,957.4700317382812,957.4700317382812,957.4700317382812,200,0.0,0.0
2011-03-31 00:00:00+09:00,957.4700317382812,957.4700317382812,957.4700317382812,957.4700317382812,600,0.0,0.0
2011-04-01 00:00:00+09:00,957.4700317382812,957.4700317382812,957.4700317382812,957.4700317382812,600,0.0,0.0
2011-04-04 00:00:00+09:00,957.4700317382812,957.4700317382812,957.4700317382812,957.4700317382812,600,0.0,0.0
2011-04-05 00:00:00+09:00,957.4700750275331,970.2933349609375,957.4700750275331,970.2933349609375,400,0.0,0.0
2011-04-06 00:00:00+09:00,970.2933349609375,970.2933349609375,970.2933349609375,970.2933349609375,400,0.0,0.0
2011-04-07 00:00:00+09:00,970.2933349609375,970.2933349609375,970.2933349609375,970.2933349609375,400,0.0,0.0
2011-04-08 00:00:00+09:00,970.2933349609375,970.2933349609375,970.2933349609375,970.2933349609375,400,0.0,0.0
2011-04-11 00:00:00+09:00,970.2933349609375,970.2933349609375,970.2933349609375,970.2933349609375,400,0.0,0.0
2011-04-12 00:00:00+09:00,983.1165771484375,983.1165771484375,978.8421572477921,983.1165771484375,1000,0.0,0.0
2011-04-13 00:00:00+09:00,983.1165445963542,983.1165445963542,961.7444458007812,961.7444458007812,1600,0.0,0.0
2011-04-14 00:00:00+09:00,961.7443957136351,961.7443957136351,953.195556640625,953.195556640625,1000,0.0,0.0
2011-04-15 00:00:00+09:00,970.2932075366639,974.567626953125,970.2932075366639,974.567626953125,400,0.0,0.0
2011-04-18 00:00:00+09:00,974.567626953125,974.567626953125,974.567626953125,974.567626953125,400,0.0,0.0
2011-04-19 00:00:00+09:00,974.567626953125,974.567626953125,974.567626953125,974.567626953125,400,0.0,0.0
2011-04-20 00:00:00+09:00,974.567626953125,974.567626953125,974.567626953125,974.567626953125,200,0.0,0.0
2011-04-21 00:00:00+09:00,974.567626953125,974.567626953125,974.567626953125,974.567626953125,200,0.0,0.0
2011-04-22 00:00:00+09:00,970.2932075366639,974.567626953125,970.2932075366639,974.567626953125,400,0.0,0.0
2011-04-25 00:00:00+09:00,974.567626953125,974.567626953125,974.567626953125,974.567626953125,400,0.0,0.0
2011-04-26 00:00:00+09:00,974.567754938739,974.567754938739,966.018914983136,970.2933349609375,800,0.0,0.0
2011-04-27 00:00:00+09:00,970.2933349609375,970.2933349609375,970.2933349609375,970.2933349609375,800,0.0,0.0
2011-04-28 00:00:00+09:00,970.2933349609375,970.2933349609375,970.2933349609375,970.2933349609375,800,0.0,0.0
2011-05-02 00:00:00+09:00,970.2933349609375,970.2933349609375,970.2933349609375,970.2933349609375,0,0.0,0.0
2011-05-06 00:00:00+09:00,970.2933349609375,970.2933349609375,970.2933349609375,970.2933349609375,0,0.0,0.0
2011-05-09 00:00:00+09:00,970.2933349609375,970.2933349609375,970.2933349609375,970.2933349609375,0,0.0,0.0
2011-05-10 00:00:00+09:00,936.0979328155518,957.4700317382812,936.0979328155518,957.4700317382812,400,0.0,0.0
2011-05-11 00:00:00+09:00,948.921142578125,948.921142578125,948.921142578125,948.921142578125,400,0.0,0.0
2011-05-12 00:00:00+09:00,948.921142578125,948.921142578125,948.921142578125,948.921142578125,400,0.0,0.0
2011-05-13 00:00:00+09:00,948.921142578125,948.921142578125,948.921142578125,948.921142578125,400,0.0,0.0
2011-05-16 00:00:00+09:00,948.921142578125,948.921142578125,948.921142578125,948.921142578125,400,0.0,0.0
2011-05-17 00:00:00+09:00,957.4700753348214,957.4700753348214,837.7863159179688,837.7863159179688,9800,0.0,0.0
2011-05-18 00:00:00+09:00,889.079345703125,889.079345703125,889.079345703125,889.079345703125,600,0.0,0.0
2011-05-19 00:00:00+09:00,889.079345703125,889.079345703125,889.079345703125,889.079345703125,600,0.0,0.0
2011-05-20 00:00:00+09:00,923.2747016802225,936.0979614257812,923.2747016802225,936.0979614257812,1800,0.0,0.0
2011-05-23 00:00:00+09:00,931.823486328125,931.823486328125,931.823486328125,931.823486328125,800,0.0,0.0
2011-05-24 00:00:00+09:00,931.823541510595,936.0979614257812,931.823541510595,936.0979614257812,600,0.0,0.0
2011-05-25 00:00:00+09:00,948.9211371041199,953.195556640625,948.9211371041199,953.195556640625,400,0.0,0.0
2011-05-26 00:00:00+09:00,961.7444458007812,961.7444458007812,961.7444458007812,961.7444458007812,1400,0.0,0.0
2011-05-27 00:00:00+09:00,966.0188655598959,966.0188655598959,961.7444458007812,961.7444458007812,1400,0.0,0.0
2011-05-30 00:00:00+09:00,961.7444458007812,961.7444458007812,961.7444458007812,961.7444458007812,0,0.0,0.0
2011-05-31 00:00:00+09:00,961.7444458007812,961.7444458007812,961.7444458007812,961.7444458007812,0,0.0,0.0
2011-06-01 00:00:00+09:00,978.8421020507812,978.8421020507812,978.8421020507812,978.8421020507812,400,0.0,0.0
2011-06-02 00:00:00+09:00,978.8421020507812,978.8421020507812,978.8421020507812,978.8421020507812,800,0.0,0.0
2011-06-03 00:00:00+09:00,978.8421020507812,978.8421020507812,978.8421020507812,978.8421020507812,800,0.0,0.0
2011-06-06 00:00:00+09:00,978.8421020507812,978.8421020507812,978.8421020507812,978.8421020507812,600,0.0,0.0
2011-06-07 00:00:00+09:00,978.8421020507812,978.8421020507812,978.8421020507812,978.8421020507812,600,0.0,0.0
2011-06-08 00:00:00+09:00,978.8421882791722,1004.4887084960938,974.5677682430187,1004.4887084960938,1200,0.0,0.0
2011-06-09 00:00:00+09:00,1004.4887084960938,1004.4887084960938,1004.4887084960938,1004.4887084960938,1200,0.0,0.0
2011-06-10 00:00:00+09:00,1000.2142333984375,1000.2142333984375,1000.2142333984375,1000.2142333984375,200,0.0,0.0
2011-06-13 00:00:00+09:00,1000.214306535392,1000.214306535392,991.6654663085938,991.6654663085938,1000,0.0,0.0
2011-06-14 00:00:00+09:00,991.6654110863095,991.6654110863095,987.3909912109375,987.3909912109375,800,0.0,0.0
2011-06-15 00:00:00+09:00,957.4700750275331,970.2933349609375,957.4700750275331,970.2933349609375,1400,0.0,0.0
2011-06-16 00:00:00+09:00,970.2933349609375,970.2933349609375,970.2933349609375,970.2933349609375,1400,0.0,0.0
2011-06-17 00:00:00+09:00,970.2933349609375,970.2933349609375,970.2933349609375,970.2933349609375,1400,0.0,0.0
2011-06-20 00:00:00+09:00,991.6654110863095,991.6654110863095,987.3909912109375,987.3909912109375,800,0.0,0.0
2011-06-21 00:00:00+09:00,987.3909912109375,987.3909912109375,987.3909912109375,987.3909912109375,800,0.0,0.0
2011-06-22 00:00:00+09:00,1025.8607177734375,1025.8607177734375,1025.8607177734375,1025.8607177734375,200,0.0,0.0
2011-06-23 00:00:00+09:00,1025.8607177734375,1025.8607177734375,1025.8607177734375,1025.8607177734375,200,0.0,0.0
2011-06-24 00:00:00+09:00,1025.8607177734375,1025.8607177734375,1025.8607177734375,1025.8607177734375,200,0.0,0.0
2011-06-27 00:00:00+09:00,1025.8607177734375,1025.8607177734375,1025.8607177734375,1025.8607177734375,400,0.0,0.0
2011-06-28 00:00:00+09:00,1004.4887084960938,1004.4887084960938,1004.4887084960938,1004.4887084960938,400,0.0,0.0
2011-06-29 00:00:00+09:00,1004.4887084960938,1004.4887084960938,1004.4887084960938,1004.4887084960938,400,0.0,0.0
2011-06-30 00:00:00+09:00,1004.4886589868897,1004.4886589868897,995.9398193359375,995.9398193359375,2400,0.0,0.0
2011-07-01 00:00:00+09:00,995.9398193359375,995.9398193359375,995.9398193359375,995.9398193359375,600,0.0,0.0
2011-07-04 00:00:00+09:00,1021.5863037109375,1021.5863037109375,1021.5863037109375,1021.5863037109375,200,0.0,0.0
2011-07-05 00:00:00+09:00,1021.5863037109375,1021.5863037109375,1021.5863037109375,1021.5863037109375,200,0.0,0.0
2011-07-06 00:00:00+09:00,1021.5863037109375,1021.5863037109375,1021.5863037109375,1021.5863037109375,200,0.0,0.0
2011-07-07 00:00:00+09:00,1021.5863037109375,1021.5863037109375,1021.5863037109375,1021.5863037109375,200,0.0,0.0
2011-07-08 00:00:00+09:00,1004.4886531992855,1004.4886531992855,1000.2142333984375,1000.2142333984375,1400,0.0,0.0
2011-07-11 00:00:00+09:00,1000.2142333984375,1000.2142333984375,1000.2142333984375,1000.2142333984375,400,0.0,0.0
2011-07-12 00:00:00+09:00,1000.2142333984375,1000.2142333984375,1000.2142333984375,1000.2142333984375,400,0.0,0.0
2011-07-13 00:00:00+09:00,1000.2142333984375,1000.2142333984375,1000.2142333984375,1000.2142333984375,400,0.0,0.0
2011-07-14 00:00:00+09:00,1000.2142333984375,1000.2142333984375,1000.2142333984375,1000.2142333984375,0,0.0,0.0
2011-07-15 00:00:00+09:00,1000.2142333984375,1000.2142333984375,1000.2142333984375,1000.2142333984375,400,0.0,0.0
2011-07-19 00:00:00+09:00,1000.2142333984375,1000.2142333984375,1000.2142333984375,1000.2142333984375,400,0.0,0.0
2011-07-20 00:00:00+09:00,966.0188436245699,966.0188436245699,931.823486328125,931.823486328125,400,0.0,0.0
2011-07-21 00:00:00+09:00,931.823486328125,931.823486328125,931.823486328125,931.823486328125,400,0.0,0.0
2011-07-22 00:00:00+09:00,974.567626953125,974.567626953125,974.567626953125,974.567626953125,400,0.0,0.0
2011-07-25 00:00:00+09:00,970.2933349609375,970.2933349609375,970.2933349609375,970.2933349609375,200,0.0,0.0
2011-07-26 00:00:00+09:00,974.5677145933494,1000.2142333984375,974.5677145933494,1000.2142333984375,400,0.0,0.0
2011-07-27 00:00:00+09:00,1004.4886531992855,1004.4886531992855,1000.2142333984375,1000.2142333984375,3000,0.0,0.0
2011-07-28 00:00:00+09:00,1000.2142333984375,1000.2142333984375,1000.2142333984375,1000.2142333984375,3000,0.0,0.0
2011-07-29 00:00:00+09:00,1000.2142333984375,1000.2142333984375,1000.2142333984375,1000.2142333984375,3000,0.0,0.0
2011-08-01 00:00:00+09:00,1000.2142333984375,1000.2142333984375,1000.2142333984375,1000.2142333984375,600,0.0,0.0
2011-08-02 00:00:00+09:00,1000.2142333984375,1000.2142333984375,1000.2142333984375,1000.2142333984375,600,0.0,0.0
2011-08-03 00:00:00+09:00,1000.2142333984375,1000.2142333984375,1000.2142333984375,1000.2142333984375,600,0.0,0.0
2011-08-04 00:00:00+09:00,1000.2142333984375,1000.2142333984375,1000.2142333984375,1000.2142333984375,600,0.0,0.0
2011-08-05 00:00:00+09:00,978.8421248372396,978.8421248372396,961.7444458007812,961.7444458007812,400,0.0,0.0
2011-08-08 00:00:00+09:00,961.7444458007812,961.7444458007812,961.7444458007812,961.7444458007812,400,0.0,0.0
2011-08-09 00:00:00+09:00,944.6467895507812,944.6467895507812,944.6467895507812,944.6467895507812,200,0.0,0.0
2011-08-10 00:00:00+09:00,944.6467895507812,944.6467895507812,944.6467895507812,944.6467895507812,200,0.0,0.0
2011-08-11 00:00:00+09:00,944.6467895507812,944.6467895507812,944.6467895507812,944.6467895507812,200,0.0,0.0
2011-08-12 00:00:00+09:00,974.567626953125,974.567626953125,974.567626953125,974.567626953125,800,0.0,0.0
2011-08-15 00:00:00+09:00,940.3723754882812,940.3723754882812,940.3723754882812,940.3723754882812,200,0.0,0.0
2011-08-16 00:00:00+09:00,940.3723754882812,940.3723754882812,940.3723754882812,940.3723754882812,200,0.0,0.0
2011-08-17 00:00:00+09:00,940.3723754882812,940.3723754882812,940.3723754882812,940.3723754882812,200,0.0,0.0
2011-08-18 00:00:00+09:00,940.3722716214363,974.567626953125,940.3722716214363,974.567626953125,1800,0.0,0.0
2011-08-19 00:00:00+09:00,974.567626953125,974.567626953125,974.567626953125,974.567626953125,600,0.0,0.0
2011-08-22 00:00:00+09:00,974.567626953125,974.567626953125,974.567626953125,974.567626953125,600,0.0,0.0
2011-08-23 00:00:00+09:00,974.567626953125,974.567626953125,974.567626953125,974.567626953125,600,0.0,0.0
2011-08-24 00:00:00+09:00,974.567626953125,974.567626953125,974.567626953125,974.567626953125,600,0.0,0.0
2011-08-25 00:00:00+09:00,974.567626953125,974.567626953125,974.567626953125,974.567626953125,600,0.0,0.0
2011-08-26 00:00:00+09:00,974.567626953125,974.567626953125,974.567626953125,974.567626953125,1000,0.0,0.0
2011-08-29 00:00:00+09:00,974.567626953125,974.567626953125,974.567626953125,974.567626953125,0,0.0,0.0
2011-08-30 00:00:00+09:00,974.567626953125,974.567626953125,974.567626953125,974.567626953125,1000,0.0,0.0
2011-08-31 00:00:00+09:00,974.567626953125,974.567626953125,974.567626953125,974.567626953125,400,0.0,0.0
2011-09-01 00:00:00+09:00,974.567626953125,974.567626953125,974.567626953125,974.567626953125,400,0.0,0.0
2011-09-02 00:00:00+09:00,974.567626953125,974.567626953125,974.567626953125,974.567626953125,600,0.0,0.0
2011-09-05 00:00:00+09:00,974.567626953125,974.567626953125,974.567626953125,974.567626953125,600,0.0,0.0
2011-09-06 00:00:00+09:00,974.567626953125,974.567626953125,974.567626953125,974.567626953125,600,0.0,0.0
2011-09-07 00:00:00+09:00,974.567626953125,974.567626953125,974.567626953125,974.567626953125,600,0.0,0.0
2011-09-08 00:00:00+09:00,940.3723754882812,940.3723754882812,940.3723754882812,940.3723754882812,600,0.0,0.0
2011-09-09 00:00:00+09:00,940.3723754882812,940.3723754882812,940.3723754882812,940.3723754882812,600,0.0,0.0
2011-09-12 00:00:00+09:00,944.6467895507812,944.6467895507812,944.6467895507812,944.6467895507812,400,0.0,0.0
2011-09-13 00:00:00+09:00,944.6467895507812,944.6467895507812,944.6467895507812,944.6467895507812,400,0.0,0.0
2011-09-14 00:00:00+09:00,978.8421020507812,978.8421020507812,978.8421020507812,978.8421020507812,200,0.0,0.0
2011-09-15 00:00:00+09:00,978.8421020507812,978.8421020507812,978.8421020507812,978.8421020507812,600,0.0,0.0
2011-09-16 00:00:00+09:00,948.921142578125,948.921142578125,948.921142578125,948.921142578125,200,0.0,0.0
2011-09-20 00:00:00+09:00,948.921142578125,948.921142578125,948.921142578125,948.921142578125,200,0.0,0.0
2011-09-21 00:00:00+09:00,948.921142578125,948.921142578125,948.921142578125,948.921142578125,200,0.0,0.0
2011-09-22 00:00:00+09:00,953.1956155891093,1000.2142333984375,953.1956155891093,1000.2142333984375,400,0.0,0.0
2011-09-26 00:00:00+09:00,1000.2142333984375,1000.2142333984375,1000.2142333984375,1000.2142333984375,200,0.0,0.0
2011-09-27 00:00:00+09:00,1000.2142333984375,1000.2142333984375,1000.2142333984375,1000.2142333984375,200,0.0,0.0
2011-09-28 00:00:00+09:00,1000.2142333984375,1000.2142333984375,1000.2142333984375,1000.2142333984375,200,0.0,0.0
2011-09-29 00:00:00+09:00,1000.2142333984375,1000.2142333984375,1000.2142333984375,1000.2142333984375,200,0.0,0.0
2011-09-30 00:00:00+09:00,1000.2142333984375,1000.2142333984375,1000.2142333984375,1000.2142333984375,400,0.0,0.0
2011-10-03 00:00:00+09:00,1000.2142333984375,1000.2142333984375,1000.2142333984375,1000.2142333984375,400,0.0,0.0
2011-10-04 00:00:00+09:00,1000.2142333984375,1000.2142333984375,1000.2142333984375,1000.2142333984375,400,0.0,0.0
2011-10-05 00:00:00+09:00,1000.2142333984375,1000.2142333984375,1000.2142333984375,1000.2142333984375,400,0.0,0.0
2011-10-06 00:00:00+09:00,1000.2142333984375,1000.2142333984375,1000.2142333984375,1000.2142333984375,400,0.0,0.0
2011-10-07 00:00:00+09:00,927.5490112304688,927.5490112304688,927.5490112304688,927.5490112304688,1000,0.0,0.0
2011-10-11 00:00:00+09:00,940.3722694502449,940.3722694502449,927.5490112304688,927.5490112304688,1200,0.0,0.0
2011-10-12 00:00:00+09:00,893.3537424915243,910.4514217736587,893.3537424915243,906.177001953125,1600,0.0,0.0
2011-10-13 00:00:00+09:00,906.177001953125,906.177001953125,906.177001953125,906.177001953125,1600,0.0,0.0
2011-10-14 00:00:00+09:00,906.177001953125,906.177001953125,906.177001953125,906.177001953125,1600,0.0,0.0
2011-10-17 00:00:00+09:00,906.177001953125,906.177001953125,906.177001953125,906.177001953125,1600,0.0,0.0
2011-10-18 00:00:00+09:00,906.177001953125,906.177001953125,906.177001953125,906.177001953125,0,0.0,0.0
2011-10-19 00:00:00+09:00,906.177001953125,906.177001953125,906.177001953125,906.177001953125,1600,0.0,0.0
2011-10-20 00:00:00+09:00,906.177001953125,906.177001953125,906.177001953125,906.177001953125,1600,0.0,0.0
2011-10-21 00:00:00+09:00,906.177001953125,906.177001953125,906.177001953125,906.177001953125,1600,0.0,0.0
2011-10-24 00:00:00+09:00,906.177001953125,906.177001953125,906.177001953125,906.177001953125,1600,0.0,0.0
2011-10-25 00:00:00+09:00,906.177001953125,906.177001953125,906.177001953125,906.177001953125,1600,0.0,0.0
2011-10-26 00:00:00+09:00,906.177001953125,906.177001953125,906.177001953125,906.177001953125,1600,0.0,0.0
2011-10-27 00:00:00+09:00,906.177001953125,906.177001953125,906.177001953125,906.177001953125,1600,0.0,0.0
2011-10-28 00:00:00+09:00,927.5490112304688,927.5490112304688,927.5490112304688,927.5490112304688,200,0.0,0.0
2011-10-31 00:00:00+09:00,927.5490112304688,927.5490112304688,927.5490112304688,927.5490112304688,1000,0.0,0.0
2011-11-01 00:00:00+09:00,927.5490112304688,927.5490112304688,927.5490112304688,927.5490112304688,1000,0.0,0.0
2011-11-02 00:00:00+09:00,927.5490112304688,927.5490112304688,927.5490112304688,927.5490112304688,1000,0.0,0.0
2011-11-04 00:00:00+09:00,927.5490112304688,927.5490112304688,927.5490112304688,927.5490112304688,1000,0.0,0.0
2011-11-07 00:00:00+09:00,897.628185565655,897.628185565655,889.079345703125,889.079345703125,400,0.0,0.0
2011-11-08 00:00:00+09:00,889.079345703125,889.079345703125,889.079345703125,889.079345703125,400,0.0,0.0
2011-11-09 00:00:00+09:00,889.079345703125,889.079345703125,889.079345703125,889.079345703125,400,0.0,0.0
2011-11-10 00:00:00+09:00,889.079345703125,889.079345703125,889.079345703125,889.079345703125,400,0.0,0.0
2011-11-11 00:00:00+09:00,889.079345703125,889.079345703125,889.079345703125,889.079345703125,400,0.0,0.0
2011-11-14 00:00:00+09:00,889.0792736235119,897.6281127929688,889.0792736235119,897.6281127929688,800,0.0,0.0
2011-11-15 00:00:00+09:00,897.6281127929688,897.6281127929688,897.6281127929688,897.6281127929688,600,0.0,0.0
2011-11-16 00:00:00+09:00,897.6281127929688,897.6281127929688,897.6281127929688,897.6281127929688,600,0.0,0.0
2011-11-17 00:00:00+09:00,880.5304565429688,880.5304565429688,880.5304565429688,880.5304565429688,200,0.0,0.0
2011-11-18 00:00:00+09:00,880.5304565429688,880.5304565429688,880.5304565429688,880.5304565429688,200,0.0,0.0
2011-11-21 00:00:00+09:00,880.5304565429688,880.5304565429688,880.5304565429688,880.5304565429688,400,0.0,0.0
2011-11-22 00:00:00+09:00,880.5304565429688,880.5304565429688,880.5304565429688,880.5304565429688,0,0.0,0.0
2011-11-24 00:00:00+09:00,880.5304565429688,880.5304565429688,880.5304565429688,880.5304565429688,400,0.0,0.0
2011-11-25 00:00:00+09:00,880.5304565429688,880.5304565429688,880.5304565429688,880.5304565429688,400,0.0,0.0
2011-11-28 00:00:00+09:00,884.804931640625,884.804931640625,884.804931640625,884.804931640625,200,0.0,0.0
2011-11-29 00:00:00+09:00,884.804931640625,884.804931640625,884.804931640625,884.804931640625,200,0.0,0.0
2011-11-30 00:00:00+09:00,906.1770254281851,906.1770254281851,889.079345703125,889.079345703125,1000,0.0,0.0
2011-12-01 00:00:00+09:00,889.079345703125,889.079345703125,889.079345703125,889.079345703125,600,0.0,0.0
2011-12-02 00:00:00+09:00,897.6281127929688,897.6281127929688,897.6281127929688,897.6281127929688,600,0.0,0.0
2011-12-05 00:00:00+09:00,897.6281127929688,897.6281127929688,897.6281127929688,897.6281127929688,600,0.0,0.0
2011-12-06 00:00:00+09:00,897.6281915194746,897.6281915194746,884.804931640625,884.804931640625,1000,0.0,0.0
2011-12-07 00:00:00+09:00,889.079345703125,889.079345703125,889.079345703125,889.079345703125,200,0.0,0.0
2011-12-08 00:00:00+09:00,906.177001953125,906.177001953125,906.177001953125,906.177001953125,800,0.0,0.0
2011-12-09 00:00:00+09:00,906.177001953125,906.177001953125,906.177001953125,906.177001953125,600,0.0,0.0
2011-12-12 00:00:00+09:00,906.177001953125,906.177001953125,906.177001953125,906.177001953125,400,0.0,0.0
2011-12-13 00:00:00+09:00,897.6281127929688,897.6281127929688,897.6281127929688,897.6281127929688,200,0.0,0.0
2011-12-14 00:00:00+09:00,897.6281127929688,897.6281127929688,897.6281127929688,897.6281127929688,600,0.0,0.0
2011-12-15 00:00:00+09:00,897.6281127929688,897.6281127929688,897.6281127929688,897.6281127929688,0,0.0,0.0
2011-12-16 00:00:00+09:00,897.6281127929688,897.6281127929688,897.6281127929688,897.6281127929688,600,0.0,0.0
2011-12-19 00:00:00+09:00,897.6281127929688,897.6281127929688,897.6281127929688,897.6281127929688,600,0.0,0.0
2011-12-20 00:00:00+09:00,897.6281127929688,897.6281127929688,897.6281127929688,897.6281127929688,200,0.0,0.0
2011-12-21 00:00:00+09:00,897.6281127929688,897.6281127929688,897.6281127929688,897.6281127929688,400,0.0,0.0
2011-12-22 00:00:00+09:00,897.6281127929688,897.6281127929688,897.6281127929688,897.6281127929688,400,0.0,0.0
2011-12-26 00:00:00+09:00,897.6281127929688,897.6281127929688,897.6281127929688,897.6281127929688,0,0.0,0.0
2011-12-27 00:00:00+09:00,897.6281127929688,897.6281127929688,897.6281127929688,897.6281127929688,400,0.0,0.0
2011-12-28 00:00:00+09:00,910.451416015625,910.451416015625,910.451416015625,910.451416015625,200,0.0,0.0
2011-12-29 00:00:00+09:00,910.451416015625,910.451416015625,910.451416015625,910.451416015625,200,0.0,0.0
2011-12-30 00:00:00+09:00,910.451416015625,910.451416015625,910.451416015625,910.451416015625,200,0.0,0.0
2012-01-04 00:00:00+09:00,910.451416015625,910.451416015625,910.451416015625,910.451416015625,400,0.0,0.0
2012-01-05 00:00:00+09:00,910.451416015625,910.451416015625,910.451416015625,910.451416015625,400,0.0,0.0
2012-01-06 00:00:00+09:00,910.451416015625,910.451416015625,910.451416015625,910.451416015625,400,0.0,0.0
2012-01-10 00:00:00+09:00,910.451416015625,910.451416015625,910.451416015625,910.451416015625,400,0.0,0.0
2012-01-11 00:00:00+09:00,910.451416015625,910.451416015625,910.451416015625,910.451416015625,400,0.0,0.0
2012-01-12 00:00:00+09:00,910.451416015625,910.451416015625,910.451416015625,910.451416015625,400,0.0,0.0
2012-01-13 00:00:00+09:00,910.451416015625,910.451416015625,910.451416015625,910.451416015625,400,0.0,0.0
2012-01-16 00:00:00+09:00,910.451416015625,910.451416015625,910.451416015625,910.451416015625,400,0.0,0.0
2012-01-17 00:00:00+09:00,910.451416015625,910.451416015625,910.451416015625,910.451416015625,400,0.0,0.0
2012-01-18 00:00:00+09:00,910.451416015625,910.451416015625,910.451416015625,910.451416015625,400,0.0,0.0
2012-01-19 00:00:00+09:00,910.451416015625,910.451416015625,910.451416015625,910.451416015625,400,0.0,0.0
2012-01-20 00:00:00+09:00,910.451371547154,910.451371547154,897.6281127929688,897.6281127929688,1000,0.0,0.0
2012-01-23 00:00:00+09:00,897.6281127929688,897.6281127929688,897.6281127929688,897.6281127929688,1000,0.0,0.0
2012-01-24 00:00:00+09:00,897.6281127929688,897.6281127929688,897.6281127929688,897.6281127929688,1000,0.0,0.0
2012-01-25 00:00:00+09:00,897.6281623120578,906.177001953125,897.6281623120578,906.177001953125,600,0.0,0.0
2012-01-26 00:00:00+09:00,906.177001953125,906.177001953125,906.177001953125,906.177001953125,400,0.0,0.0
2012-01-27 00:00:00+09:00,906.177001953125,906.177001953125,906.177001953125,906.177001953125,400,0.0,0.0
2012-01-30 00:00:00+09:00,906.177001953125,906.177001953125,906.177001953125,906.177001953125,400,0.0,0.0
2012-01-31 00:00:00+09:00,906.177001953125,906.177001953125,906.177001953125,906.177001953125,600,0.0,0.0
2012-02-01 00:00:00+09:00,897.6281127929688,897.6281127929688,897.6281127929688,897.6281127929688,400,0.0,0.0
2012-02-02 00:00:00+09:00,897.6281127929688,897.6281127929688,897.6281127929688,897.6281127929688,400,0.0,0.0
2012-02-03 00:00:00+09:00,897.6281127929688,897.6281127929688,897.6281127929688,897.6281127929688,400,0.0,0.0
2012-02-06 00:00:00+09:00,897.6281566351232,910.451416015625,897.6281566351232,910.451416015625,400,0.0,0.0
2012-02-07 00:00:00+09:00,910.451416015625,910.451416015625,910.451416015625,910.451416015625,400,0.0,0.0
2012-02-08 00:00:00+09:00,901.9025268554688,901.9025268554688,901.9025268554688,901.9025268554688,200,0.0,0.0
2012-02-09 00:00:00+09:00,906.177001953125,906.177001953125,906.177001953125,906.177001953125,200,0.0,0.0
2012-02-10 00:00:00+09:00,880.5305000560705,893.353759765625,880.5305000560705,893.353759765625,800,0.0,0.0
2012-02-13 00:00:00+09:00,893.353759765625,893.353759765625,893.353759765625,893.353759765625,800,0.0,0.0
2012-02-14 00:00:00+09:00,897.6281127929688,897.6281127929688,897.6281127929688,897.6281127929688,200,0.0,0.0
2012-02-15 00:00:00+09:00,897.6281127929688,897.6281127929688,897.6281127929688,897.6281127929688,200,0.0,0.0
2012-02-16 00:00:00+09:00,897.6281127929688,897.6281127929688,897.6281127929688,897.6281127929688,200,0.0,0.0
2012-02-17 00:00:00+09:00,893.3536932082403,897.6281127929688,893.3536932082403,897.6281127929688,800,0.0,0.0
2012-02-20 00:00:00+09:00,897.6281127929688,897.6281127929688,897.6281127929688,897.6281127929688,800,0.0,0.0
2012-02-21 00:00:00+09:00,906.177001953125,906.177001953125,906.177001953125,906.177001953125,200,0.0,0.0
2012-02-22 00:00:00+09:00,901.9025268554688,901.9025268554688,901.9025268554688,901.9025268554688,200,0.0,0.0
2012-02-23 00:00:00+09:00,910.451416015625,910.451416015625,910.451416015625,910.451416015625,800,0.0,0.0
2012-02-24 00:00:00+09:00,910.451416015625,910.451416015625,910.451416015625,910.451416015625,800,0.0,0.0
2012-02-27 00:00:00+09:00,927.5490836210029,927.5490836210029,919.000244140625,919.000244140625,800,0.0,0.0
2012-02-28 00:00:00+09:00,936.0979614257812,936.0979614257812,936.0979614257812,936.0979614257812,200,0.0,0.0
2012-02-29 00:00:00+09:00,936.0979614257812,936.0979614257812,936.0979614257812,936.0979614257812,1200,0.0,0.0
2012-03-01 00:00:00+09:00,936.0979231013807,936.0979231013807,919.000244140625,919.000244140625,400,0.0,0.0
2012-03-02 00:00:00+09:00,919.000244140625,919.000244140625,919.000244140625,919.000244140625,600,0.0,0.0
2012-03-05 00:00:00+09:00,919.000244140625,919.000244140625,919.000244140625,919.000244140625,600,0.0,0.0
2012-03-06 00:00:00+09:00,919.000244140625,919.000244140625,919.000244140625,919.000244140625,0,0.0,0.0
2012-03-07 00:00:00+09:00,936.0979614257812,936.0979614257812,936.0979614257812,936.0979614257812,600,0.0,0.0
2012-03-08 00:00:00+09:00,936.0979614257812,936.0979614257812,936.0979614257812,936.0979614257812,0,0.0,0.0
2012-03-09 00:00:00+09:00,914.725830078125,914.725830078125,914.725830078125,914.725830078125,800,0.0,0.0
2012-03-12 00:00:00+09:00,914.725830078125,914.725830078125,914.725830078125,914.725830078125,0,0.0,0.0
2012-03-13 00:00:00+09:00,936.0979614257812,936.0979614257812,936.0979614257812,936.0979614257812,200,0.0,0.0
2012-03-14 00:00:00+09:00,940.3723754882812,940.3723754882812,940.3723754882812,940.3723754882812,400,0.0,0.0
2012-03-15 00:00:00+09:00,940.3723754882812,940.3723754882812,940.3723754882812,940.3723754882812,400,0.0,0.0
2012-03-16 00:00:00+09:00,957.4700260416666,961.7444458007812,957.4700260416666,961.7444458007812,600,0.0,0.0
2012-03-19 00:00:00+09:00,927.549140862659,974.5677609063882,927.549140862659,966.0189208984375,800,0.0,0.0
2012-03-21 00:00:00+09:00,940.3723813409674,940.3723813409674,936.0979614257812,936.0979614257812,2400,0.0,0.0
2012-03-22 00:00:00+09:00,931.8235551607241,970.2933349609375,919.0002952273197,970.2933349609375,1400,0.0,0.0
2012-03-23 00:00:00+09:00,970.2932853190104,970.2932853190104,944.6467667643229,961.7444458007812,1400,0.0,0.0
2012-03-26 00:00:00+09:00,961.7444458007812,961.7444458007812,961.7444458007812,961.7444458007812,400,0.0,0.0
2012-03-27 00:00:00+09:00,961.7444458007812,961.7444458007812,961.7444458007812,961.7444458007812,400,0.0,0.0
2012-03-28 00:00:00+09:00,901.9025268554688,901.9025268554688,901.9025268554688,901.9025268554688,200,0.0,0.0
2012-03-29 00:00:00+09:00,914.7258318821198,914.7258318821198,867.7072143554688,867.7072143554688,600,0.0,0.0
2012-03-30 00:00:00+09:00,867.7072143554688,867.7072143554688,867.7072143554688,867.7072143554688,600,0.0,0.0
2012-04-02 00:00:00+09:00,867.7072143554688,867.7072143554688,867.7072143554688,867.7072143554688,600,0.0,0.0
2012-04-03 00:00:00+09:00,867.7072143554688,867.7072143554688,867.7072143554688,867.7072143554688,600,0.0,0.0
2012-04-04 00:00:00+09:00,893.35376563439,893.35376563439,889.079345703125,889.079345703125,400,0.0,0.0
2012-04-05 00:00:00+09:00,910.451416015625,910.451416015625,910.451416015625,910.451416015625,400,0.0,0.0
2012-04-06 00:00:00+09:00,876.2560424804688,876.2560424804688,876.2560424804688,876.2560424804688,400,0.0,0.0
2012-04-09 00:00:00+09:00,876.2560424804688,876.2560424804688,876.2560424804688,876.2560424804688,400,0.0,0.0
2012-04-10 00:00:00+09:00,876.2560424804688,876.2560424804688,876.2560424804688,876.2560424804688,400,0.0,0.0
2012-04-11 00:00:00+09:00,876.2560424804688,876.2560424804688,876.2560424804688,876.2560424804688,400,0.0,0.0
2012-04-12 00:00:00+09:00,876.2560424804688,876.2560424804688,876.2560424804688,876.2560424804688,400,0.0,0.0
2012-04-13 00:00:00+09:00,876.2560424804688,876.2560424804688,876.2560424804688,876.2560424804688,400,0.0,0.0
2012-04-16 00:00:00+09:00,876.2560424804688,876.2560424804688,876.2560424804688,876.2560424804688,400,0.0,0.0
2012-04-17 00:00:00+09:00,876.2560424804688,876.2560424804688,876.2560424804688,876.2560424804688,400,0.0,0.0
2012-04-18 00:00:00+09:00,876.2560424804688,876.2560424804688,876.2560424804688,876.2560424804688,400,0.0,0.0
2012-04-19 00:00:00+09:00,876.2560424804688,876.2560424804688,876.2560424804688,876.2560424804688,400,0.0,0.0
2012-04-20 00:00:00+09:00,876.2560424804688,876.2560424804688,876.2560424804688,876.2560424804688,400,0.0,0.0
2012-04-23 00:00:00+09:00,876.2560424804688,876.2560424804688,876.2560424804688,876.2560424804688,400,0.0,0.0
2012-04-24 00:00:00+09:00,876.2560424804688,876.2560424804688,876.2560424804688,876.2560424804688,400,0.0,0.0
2012-04-25 00:00:00+09:00,876.2560424804688,876.2560424804688,876.2560424804688,876.2560424804688,400,0.0,0.0
2012-04-26 00:00:00+09:00,876.2560424804688,876.2560424804688,876.2560424804688,876.2560424804688,400,0.0,0.0
2012-04-27 00:00:00+09:00,876.2560424804688,876.2560424804688,876.2560424804688,876.2560424804688,400,0.0,0.0
2012-05-01 00:00:00+09:00,876.2560424804688,876.2560424804688,876.2560424804688,876.2560424804688,0,0.0,0.0
2012-05-02 00:00:00+09:00,876.2560424804688,876.2560424804688,876.2560424804688,876.2560424804688,400,0.0,0.0
2012-05-07 00:00:00+09:00,897.6281127929688,897.6281127929688,897.6281127929688,897.6281127929688,400,0.0,0.0
2012-05-08 00:00:00+09:00,897.6281127929688,897.6281127929688,897.6281127929688,897.6281127929688,400,0.0,0.0
2012-05-09 00:00:00+09:00,897.6281127929688,897.6281127929688,897.6281127929688,897.6281127929688,400,0.0,0.0
2012-05-10 00:00:00+09:00,897.6281127929688,897.6281127929688,897.6281127929688,897.6281127929688,400,0.0,0.0
2012-05-11 00:00:00+09:00,897.6281127929688,897.6281127929688,897.6281127929688,897.6281127929688,400,0.0,0.0
2012-05-14 00:00:00+09:00,897.6281127929688,897.6281127929688,897.6281127929688,897.6281127929688,400,0.0,0.0
2012-05-15 00:00:00+09:00,867.7072143554688,867.7072143554688,867.7072143554688,867.7072143554688,200,0.0,0.0
2012-05-16 00:00:00+09:00,867.7072143554688,867.7072143554688,867.7072143554688,867.7072143554688,200,0.0,0.0
2012-05-17 00:00:00+09:00,876.2560424804688,876.2560424804688,876.2560424804688,876.2560424804688,600,0.0,0.0
2012-05-18 00:00:00+09:00,854.8839111328125,854.8839111328125,854.8839111328125,854.8839111328125,200,0.0,0.0
2012-05-21 00:00:00+09:00,854.8839111328125,854.8839111328125,854.8839111328125,854.8839111328125,200,0.0,0.0
2012-05-22 00:00:00+09:00,854.8839111328125,854.8839111328125,854.8839111328125,854.8839111328125,200,0.0,0.0
2012-05-23 00:00:00+09:00,833.5118408203125,833.5118408203125,833.5118408203125,833.5118408203125,200,0.0,0.0
2012-05-24 00:00:00+09:00,833.5118408203125,833.5118408203125,833.5118408203125,833.5118408203125,200,0.0,0.0
2012-05-25 00:00:00+09:00,833.5118408203125,833.5118408203125,833.5118408203125,833.5118408203125,200,0.0,0.0
2012-05-28 00:00:00+09:00,833.5118408203125,833.5118408203125,833.5118408203125,833.5118408203125,200,0.0,0.0
2012-05-29 00:00:00+09:00,833.5118408203125,833.5118408203125,833.5118408203125,833.5118408203125,200,0.0,0.0
2012-05-30 00:00:00+09:00,859.1583862304688,859.1583862304688,859.1583862304688,859.1583862304688,200,0.0,0.0
2012-05-31 00:00:00+09:00,880.5304565429688,880.5304565429688,880.5304565429688,880.5304565429688,200,0.0,0.0
2012-06-01 00:00:00+09:00,893.353759765625,893.353759765625,893.353759765625,893.353759765625,200,0.0,0.0
2012-06-04 00:00:00+09:00,893.353759765625,893.353759765625,893.353759765625,893.353759765625,600,0.0,0.0
2012-06-05 00:00:00+09:00,893.353759765625,893.353759765625,893.353759765625,893.353759765625,600,0.0,0.0
2012-06-06 00:00:00+09:00,833.5118697317024,833.5118697317024,812.1397705078125,812.1397705078125,1600,0.0,0.0
2012-06-07 00:00:00+09:00,812.1397705078125,812.1397705078125,812.1397705078125,812.1397705078125,400,0.0,0.0
2012-06-08 00:00:00+09:00,812.1397705078125,812.1397705078125,812.1397705078125,812.1397705078125,400,0.0,0.0
2012-06-11 00:00:00+09:00,812.1397705078125,812.1397705078125,812.1397705078125,812.1397705078125,600,0.0,0.0
2012-06-12 00:00:00+09:00,812.1397705078125,812.1397705078125,812.1397705078125,812.1397705078125,200,0.0,0.0
2012-06-13 00:00:00+09:00,812.1397705078125,812.1397705078125,812.1397705078125,812.1397705078125,200,0.0,0.0
2012-06-14 00:00:00+09:00,812.1397705078125,812.1397705078125,812.1397705078125,812.1397705078125,200,0.0,0.0
2012-06-15 00:00:00+09:00,812.1397705078125,812.1397705078125,812.1397705078125,812.1397705078125,200,0.0,0.0
2012-06-18 00:00:00+09:00,812.1397705078125,812.1397705078125,812.1397705078125,812.1397705078125,200,0.0,0.0
2012-06-19 00:00:00+09:00,812.1397705078125,812.1397705078125,812.1397705078125,812.1397705078125,200,0.0,0.0
2012-06-20 00:00:00+09:00,833.5118408203125,833.5118408203125,833.5118408203125,833.5118408203125,200,0.0,0.0
2012-06-21 00:00:00+09:00,833.5118408203125,833.5118408203125,833.5118408203125,833.5118408203125,200,0.0,0.0
2012-06-22 00:00:00+09:00,833.5118408203125,833.5118408203125,833.5118408203125,833.5118408203125,200,0.0,0.0
2012-06-25 00:00:00+09:00,854.8839111328125,854.8839111328125,854.8839111328125,854.8839111328125,200,0.0,0.0
2012-06-26 00:00:00+09:00,854.8839111328125,854.8839111328125,854.8839111328125,854.8839111328125,200,0.0,0.0
2012-06-27 00:00:00+09:00,884.804931640625,884.804931640625,884.804931640625,884.804931640625,200,0.0,0.0
2012-06-28 00:00:00+09:00,906.177001953125,906.177001953125,906.177001953125,906.177001953125,200,0.0,0.0
2012-06-29 00:00:00+09:00,906.177001953125,906.177001953125,906.177001953125,906.177001953125,200,0.0,0.0
2012-07-02 00:00:00+09:00,906.1769849200581,919.000244140625,906.1769849200581,919.000244140625,800,0.0,0.0
2012-07-03 00:00:00+09:00,919.000244140625,919.000244140625,919.000244140625,919.000244140625,800,0.0,0.0
2012-07-04 00:00:00+09:00,919.000244140625,919.000244140625,919.000244140625,919.000244140625,800,0.0,0.0
2012-07-05 00:00:00+09:00,919.000244140625,919.000244140625,919.000244140625,919.000244140625,800,0.0,0.0
2012-07-06 00:00:00+09:00,919.000244140625,919.000244140625,919.000244140625,919.000244140625,800,0.0,0.0
2012-07-09 00:00:00+09:00,919.000244140625,919.000244140625,919.000244140625,919.000244140625,800,0.0,0.0
2012-07-10 00:00:00+09:00,919.000244140625,919.000244140625,919.000244140625,919.000244140625,800,0.0,0.0
2012-07-11 00:00:00+09:00,897.6281127929688,897.6281127929688,897.6281127929688,897.6281127929688,800,0.0,0.0
2012-07-12 00:00:00+09:00,897.6281127929688,897.6281127929688,897.6281127929688,897.6281127929688,800,0.0,0.0
2012-07-13 00:00:00+09:00,897.6281127929688,897.6281127929688,897.6281127929688,897.6281127929688,400,0.0,0.0
2012-07-17 00:00:00+09:00,897.6281127929688,897.6281127929688,897.6281127929688,897.6281127929688,200,0.0,0.0
2012-07-18 00:00:00+09:00,897.6281127929688,897.6281127929688,897.6281127929688,897.6281127929688,200,0.0,0.0
2012-07-19 00:00:00+09:00,897.6281127929688,897.6281127929688,897.6281127929688,897.6281127929688,200,0.0,0.0
2012-07-20 00:00:00+09:00,897.6281127929688,897.6281127929688,897.6281127929688,897.6281127929688,200,0.0,0.0
2012-07-23 00:00:00+09:00,897.6281127929688,897.6281127929688,897.6281127929688,897.6281127929688,200,0.0,0.0
2012-07-24 00:00:00+09:00,906.177001953125,906.177001953125,906.177001953125,906.177001953125,200,0.0,0.0
2012-07-25 00:00:00+09:00,897.6281510112442,914.725830078125,884.8048917110835,914.725830078125,600,0.0,0.0
2012-07-26 00:00:00+09:00,914.725830078125,914.725830078125,914.725830078125,914.725830078125,3200,0.0,0.0
2012-07-27 00:00:00+09:00,914.725830078125,914.725830078125,914.725830078125,914.725830078125,3200,0.0,0.0
2012-07-30 00:00:00+09:00,914.725830078125,914.725830078125,914.725830078125,914.725830078125,3200,0.0,0.0
2012-07-31 00:00:00+09:00,914.725830078125,914.725830078125,914.725830078125,914.725830078125,600,0.0,0.0
2012-08-01 00:00:00+09:00,914.725830078125,914.725830078125,914.725830078125,914.725830078125,600,0.0,0.0
2012-08-02 00:00:00+09:00,914.725830078125,914.725830078125,914.725830078125,914.725830078125,600,0.0,0.0
2012-08-03 00:00:00+09:00,914.725830078125,914.725830078125,914.725830078125,914.725830078125,600,0.0,0.0
2012-08-06 00:00:00+09:00,914.725830078125,914.725830078125,914.725830078125,914.725830078125,600,0.0,0.0
2012-08-07 00:00:00+09:00,914.725830078125,914.725830078125,914.725830078125,914.725830078125,600,0.0,0.0
2012-08-08 00:00:00+09:00,897.6281127929688,897.6281127929688,897.6281127929688,897.6281127929688,200,0.0,0.0
2012-08-09 00:00:00+09:00,897.6281127929688,897.6281127929688,897.6281127929688,897.6281127929688,200,0.0,0.0
2012-08-10 00:00:00+09:00,897.6281127929688,897.6281127929688,897.6281127929688,897.6281127929688,200,0.0,0.0
2012-08-13 00:00:00+09:00,897.6281127929688,897.6281127929688,897.6281127929688,897.6281127929688,200,0.0,0.0
2012-08-14 00:00:00+09:00,897.6281127929688,897.6281127929688,897.6281127929688,897.6281127929688,200,0.0,0.0
2012-08-15 00:00:00+09:00,897.6281127929688,897.6281127929688,897.6281127929688,897.6281127929688,200,0.0,0.0
2012-08-16 00:00:00+09:00,893.353759765625,893.353759765625,893.353759765625,893.353759765625,800,0.0,0.0
2012-08-17 00:00:00+09:00,906.177001953125,906.177001953125,906.177001953125,906.177001953125,200,0.0,0.0
2012-08-20 00:00:00+09:00,906.177001953125,906.177001953125,906.177001953125,906.177001953125,200,0.0,0.0
2012-08-21 00:00:00+09:00,919.000244140625,919.000244140625,919.000244140625,919.000244140625,800,0.0,0.0
2012-08-22 00:00:00+09:00,910.4514217736587,910.4514217736587,906.177001953125,906.177001953125,400,0.0,0.0
2012-08-23 00:00:00+09:00,910.451416015625,910.451416015625,910.451416015625,910.451416015625,200,0.0,0.0
2012-08-24 00:00:00+09:00,910.451416015625,910.451416015625,910.451416015625,910.451416015625,200,0.0,0.0
2012-08-27 00:00:00+09:00,897.6281127929688,897.6281127929688,897.6281127929688,897.6281127929688,600,0.0,0.0
2012-08-28 00:00:00+09:00,897.628107296912,901.9025268554688,897.628107296912,901.9025268554688,400,0.0,0.0
2012-08-29 00:00:00+09:00,901.9025268554688,901.9025268554688,901.9025268554688,901.9025268554688,400,0.0,0.0
2012-08-30 00:00:00+09:00,901.9025268554688,901.9025268554688,901.9025268554688,901.9025268554688,400,0.0,0.0
2012-08-31 00:00:00+09:00,906.1769464140255,906.1769464140255,901.9025268554688,901.9025268554688,400,0.0,0.0
2012-09-03 00:00:00+09:00,901.9025268554688,901.9025268554688,901.9025268554688,901.9025268554688,800,0.0,0.0
2012-09-04 00:00:00+09:00,901.9025268554688,901.9025268554688,901.9025268554688,901.9025268554688,600,0.0,0.0
2012-09-05 00:00:00+09:00,901.9025268554688,901.9025268554688,901.9025268554688,901.9025268554688,600,0.0,0.0
2012-09-06 00:00:00+09:00,876.2560424804688,876.2560424804688,876.2560424804688,876.2560424804688,200,0.0,0.0
2012-09-07 00:00:00+09:00,876.2560424804688,876.2560424804688,876.2560424804688,876.2560424804688,200,0.0,0.0
2012-09-10 00:00:00+09:00,880.5304565429688,880.5304565429688,880.5304565429688,880.5304565429688,800,0.0,0.0
2012-09-11 00:00:00+09:00,880.5304565429688,880.5304565429688,880.5304565429688,880.5304565429688,200,0.0,0.0
2012-09-12 00:00:00+09:00,880.5304565429688,880.5304565429688,880.5304565429688,880.5304565429688,200,0.0,0.0
2012-09-13 00:00:00+09:00,906.177001953125,906.177001953125,906.177001953125,906.177001953125,200,0.0,0.0
2012-09-14 00:00:00+09:00,906.1770254281851,906.1770254281851,889.079345703125,889.079345703125,800,0.0,0.0
2012-09-18 00:00:00+09:00,893.353759765625,893.353759765625,893.353759765625,893.353759765625,200,0.0,0.0
2012-09-19 00:00:00+09:00,897.6281915194746,897.6281915194746,884.804931640625,884.804931640625,1800,0.0,0.0
2012-09-20 00:00:00+09:00,884.804931640625,884.804931640625,884.804931640625,884.804931640625,1800,0.0,0.0
2012-09-21 00:00:00+09:00,897.628185565655,897.628185565655,889.079345703125,889.079345703125,600,0.0,0.0
2012-09-24 00:00:00+09:00,889.079345703125,889.079345703125,889.079345703125,889.079345703125,600,0.0,0.0
2012-09-25 00:00:00+09:00,889.079345703125,889.079345703125,889.079345703125,889.079345703125,600,0.0,0.0
2012-09-26 00:00:00+09:00,889.079345703125,889.079345703125,889.079345703125,889.079345703125,600,0.0,0.0
2012-09-27 00:00:00+09:00,893.35376563439,893.35376563439,889.079345703125,889.079345703125,800,0.0,0.0
2012-09-28 00:00:00+09:00,889.079345703125,889.079345703125,889.079345703125,889.079345703125,800,0.0,0.0
2012-10-01 00:00:00+09:00,889.079345703125,889.079345703125,889.079345703125,889.079345703125,800,0.0,0.0
2012-10-02 00:00:00+09:00,889.079345703125,889.079345703125,889.079345703125,889.079345703125,800,0.0,0.0
2012-10-03 00:00:00+09:00,906.1770314387078,906.1770314387078,884.804931640625,884.804931640625,800,0.0,0.0
2012-10-04 00:00:00+09:00,884.804931640625,884.804931640625,884.804931640625,884.804931640625,800,0.0,0.0
2012-10-05 00:00:00+09:00,884.804931640625,884.804931640625,884.804931640625,884.804931640625,800,0.0,0.0
2012-10-09 00:00:00+09:00,884.804931640625,884.804931640625,884.804931640625,884.804931640625,800,0.0,0.0
2012-10-10 00:00:00+09:00,884.804931640625,884.804931640625,884.804931640625,884.804931640625,800,0.0,0.0
2012-10-11 00:00:00+09:00,884.804931640625,884.804931640625,884.804931640625,884.804931640625,800,0.0,0.0
2012-10-12 00:00:00+09:00,884.804931640625,884.804931640625,884.804931640625,884.804931640625,800,0.0,0.0
2012-10-15 00:00:00+09:00,884.804931640625,884.804931640625,884.804931640625,884.804931640625,800,0.0,0.0
2012-10-16 00:00:00+09:00,884.804931640625,884.804931640625,884.804931640625,884.804931640625,800,0.0,0.0
2012-10-17 00:00:00+09:00,884.804931640625,884.804931640625,884.804931640625,884.804931640625,800,0.0,0.0
2012-10-18 00:00:00+09:00,893.353759765625,893.353759765625,893.353759765625,893.353759765625,200,0.0,0.0
2012-10-19 00:00:00+09:00,897.6281127929688,897.6281127929688,897.6281127929688,897.6281127929688,200,0.0,0.0
2012-10-22 00:00:00+09:00,897.6281127929688,897.6281127929688,897.6281127929688,897.6281127929688,200,0.0,0.0
2012-10-23 00:00:00+09:00,897.6281127929688,897.6281127929688,897.6281127929688,897.6281127929688,200,0.0,0.0
2012-10-24 00:00:00+09:00,897.6281127929688,897.6281127929688,897.6281127929688,897.6281127929688,200,0.0,0.0
2012-10-25 00:00:00+09:00,897.6281127929688,897.6281127929688,897.6281127929688,897.6281127929688,200,0.0,0.0
2012-10-26 00:00:00+09:00,897.6281527815194,897.6281527815194,867.7072143554688,867.7072143554688,400,0.0,0.0
2012-10-29 00:00:00+09:00,867.7072143554688,867.7072143554688,867.7072143554688,867.7072143554688,400,0.0,0.0
2012-10-30 00:00:00+09:00,867.7072143554688,867.7072143554688,867.7072143554688,867.7072143554688,400,0.0,0.0
2012-10-31 00:00:00+09:00,906.1770314387078,906.1770314387078,884.804931640625,884.804931640625,1000,0.0,0.0
2012-11-01 00:00:00+09:00,884.804931640625,884.804931640625,884.804931640625,884.804931640625,1000,0.0,0.0
2012-11-02 00:00:00+09:00,906.1769746947057,906.1769746947057,880.5304565429688,880.5304565429688,1000,0.0,0.0
2012-11-05 00:00:00+09:00,880.5304565429688,880.5304565429688,880.5304565429688,880.5304565429688,1000,0.0,0.0
2012-11-06 00:00:00+09:00,876.2560424804688,876.2560424804688,876.2560424804688,876.2560424804688,1000,0.0,0.0
2012-11-07 00:00:00+09:00,876.2560424804688,876.2560424804688,876.2560424804688,876.2560424804688,1000,0.0,0.0
2012-11-08 00:00:00+09:00,876.2560424804688,876.2560424804688,876.2560424804688,876.2560424804688,1000,0.0,0.0
2012-11-09 00:00:00+09:00,863.4327614524148,863.4327614524148,846.3350830078125,846.3350830078125,800,0.0,0.0
2012-11-12 00:00:00+09:00,846.3350830078125,846.3350830078125,846.3350830078125,846.3350830078125,800,0.0,0.0
2012-11-13 00:00:00+09:00,846.3350830078125,846.3350830078125,846.3350830078125,846.3350830078125,800,0.0,0.0
2012-11-14 00:00:00+09:00,846.3350830078125,846.3350830078125,846.3350830078125,846.3350830078125,800,0.0,0.0
2012-11-15 00:00:00+09:00,846.3350830078125,846.3350830078125,846.3350830078125,846.3350830078125,800,0.0,0.0
2012-11-16 00:00:00+09:00,846.3350830078125,846.3350830078125,846.3350830078125,846.3350830078125,800,0.0,0.0
2012-11-19 00:00:00+09:00,901.9025607969703,901.9025607969703,876.2560424804688,876.2560424804688,1200,0.0,0.0
2012-11-20 00:00:00+09:00,876.2560424804688,876.2560424804688,876.2560424804688,876.2560424804688,1200,0.0,0.0
2012-11-21 00:00:00+09:00,897.6281127929688,897.6281127929688,897.6281127929688,897.6281127929688,1000,0.0,0.0
2012-11-22 00:00:00+09:00,897.6281127929688,897.6281127929688,897.6281127929688,897.6281127929688,600,0.0,0.0
2012-11-26 00:00:00+09:00,897.6281127929688,897.6281127929688,897.6281127929688,897.6281127929688,1200,0.0,0.0
2012-11-27 00:00:00+09:00,880.5304565429688,880.5304565429688,880.5304565429688,880.5304565429688,600,0.0,0.0
2012-11-28 00:00:00+09:00,880.5304565429688,880.5304565429688,880.5304565429688,880.5304565429688,200,0.0,0.0
2012-11-29 00:00:00+09:00,880.5304565429688,880.5304565429688,880.5304565429688,880.5304565429688,200,0.0,0.0
2012-11-30 00:00:00+09:00,880.5304565429688,880.5304565429688,880.5304565429688,880.5304565429688,200,0.0,0.0
2012-12-03 00:00:00+09:00,880.5304565429688,880.5304565429688,880.5304565429688,880.5304565429688,200,0.0,0.0
2012-12-04 00:00:00+09:00,897.6281127929688,897.6281127929688,897.6281127929688,897.6281127929688,400,0.0,0.0
2012-12-05 00:00:00+09:00,897.6281127929688,897.6281127929688,897.6281127929688,897.6281127929688,400,0.0,0.0
2012-12-06 00:00:00+09:00,914.725830078125,914.725830078125,914.725830078125,914.725830078125,200,0.0,0.0
2012-12-07 00:00:00+09:00,914.725830078125,914.725830078125,914.725830078125,914.725830078125,200,0.0,0.0
2012-12-10 00:00:00+09:00,914.725830078125,914.725830078125,914.725830078125,914.725830078125,400,0.0,0.0
2012-12-11 00:00:00+09:00,884.804931640625,884.804931640625,884.804931640625,884.804931640625,400,0.0,0.0
2012-12-12 00:00:00+09:00,884.804931640625,884.804931640625,884.804931640625,884.804931640625,400,0.0,0.0
2012-12-13 00:00:00+09:00,876.2560424804688,876.2560424804688,876.2560424804688,876.2560424804688,400,0.0,0.0
2012-12-14 00:00:00+09:00,876.2560424804688,876.2560424804688,876.2560424804688,876.2560424804688,400,0.0,0.0
2012-12-17 00:00:00+09:00,901.9025323776972,906.1769519624256,889.0792736235119,897.6281127929688,800,0.0,0.0
2012-12-18 00:00:00+09:00,897.6281127929688,897.6281127929688,897.6281127929688,897.6281127929688,800,0.0,0.0
2012-12-19 00:00:00+09:00,897.6281127929688,897.6281127929688,897.6281127929688,897.6281127929688,2600,0.0,0.0
2012-12-20 00:00:00+09:00,897.6281127929688,897.6281127929688,897.6281127929688,897.6281127929688,2600,0.0,0.0
2012-12-21 00:00:00+09:00,897.6281127929688,897.6281127929688,897.6281127929688,897.6281127929688,2600,0.0,0.0
2012-12-25 00:00:00+09:00,897.628185565655,901.90260549692,889.079345703125,889.079345703125,3600,0.0,0.0
2012-12-26 00:00:00+09:00,889.079345703125,889.079345703125,889.079345703125,889.079345703125,0,0.0,0.0
2012-12-27 00:00:00+09:00,889.079345703125,889.079345703125,889.079345703125,889.079345703125,3600,0.0,0.0
2012-12-28 00:00:00+09:00,919.0002498448453,919.0002498448453,914.725830078125,914.725830078125,1000,0.0,0.0
2013-01-04 00:00:00+09:00,919.0002992418077,927.5491392347548,914.7258792453341,923.2747192382812,1800,0.0,0.0
2013-01-07 00:00:00+09:00,931.823486328125,931.823486328125,931.823486328125,931.823486328125,200,0.0,0.0
2013-01-08 00:00:00+09:00,931.823486328125,931.823486328125,931.823486328125,931.823486328125,1000,0.0,0.0
2013-01-09 00:00:00+09:00,936.0979555996981,940.3723754882812,936.0979555996981,940.3723754882812,1000,0.0,0.0
2013-01-10 00:00:00+09:00,940.3723428415698,940.3723428415698,919.000244140625,919.000244140625,1000,0.0,0.0
2013-01-11 00:00:00+09:00,919.000244140625,919.000244140625,919.000244140625,919.000244140625,1000,0.0,0.0
2013-01-15 00:00:00+09:00,953.195556640625,953.195556640625,953.195556640625,953.195556640625,400,0.0,0.0
2013-01-16 00:00:00+09:00,961.7444458007812,961.7444458007812,961.7444458007812,961.7444458007812,400,0.0,0.0
2013-01-17 00:00:00+09:00,961.7444809168985,961.7444809168985,936.0979614257812,936.0979614257812,600,0.0,0.0
2013-01-18 00:00:00+09:00,936.0979614257812,936.0979614257812,936.0979614257812,936.0979614257812,600,0.0,0.0
2013-01-21 00:00:00+09:00,936.0979614257812,936.0979614257812,936.0979614257812,936.0979614257812,600,0.0,0.0
2013-01-22 00:00:00+09:00,936.0979614257812,936.0979614257812,936.0979614257812,936.0979614257812,600,0.0,0.0
2013-01-23 00:00:00+09:00,936.0979614257812,936.0979614257812,936.0979614257812,936.0979614257812,600,0.0,0.0
2013-01-24 00:00:00+09:00,936.0979614257812,936.0979614257812,936.0979614257812,936.0979614257812,600,0.0,0.0
2013-01-25 00:00:00+09:00,936.0979614257812,936.0979614257812,936.0979614257812,936.0979614257812,600,0.0,0.0
2013-01-28 00:00:00+09:00,940.3723992241753,940.3723992241753,923.2747192382812,923.2747192382812,1200,0.0,0.0
2013-01-29 00:00:00+09:00,936.0979614257812,936.0979614257812,936.0979614257812,936.0979614257812,200,0.0,0.0
2013-01-30 00:00:00+09:00,944.6467599345661,1013.0374755859375,944.6467599345661,1013.0374755859375,400,0.0,0.0
2013-01-31 00:00:00+09:00,1013.0374812756555,1013.0374812756555,1008.7630615234375,1008.7630615234375,800,0.0,0.0
2013-02-01 00:00:00+09:00,957.4700317382812,957.4700317382812,957.4700317382812,957.4700317382812,200,0.0,0.0
2013-02-04 00:00:00+09:00,1013.0374829101562,1013.0374829101562,961.7444458007812,961.7444458007812,600,0.0,0.0
2013-02-05 00:00:00+09:00,961.7444458007812,961.7444458007812,961.7444458007812,961.7444458007812,600,0.0,0.0
2013-02-06 00:00:00+09:00,961.7444458007812,961.7444458007812,961.7444458007812,961.7444458007812,600,0.0,0.0
2013-02-07 00:00:00+09:00,961.7444458007812,961.7444458007812,961.7444458007812,961.7444458007812,600,0.0,0.0
2013-02-08 00:00:00+09:00,961.7444458007812,961.7444458007812,961.7444458007812,961.7444458007812,600,0.0,0.0
2013-02-12 00:00:00+09:00,940.3723454879503,1008.7630615234375,940.3723454879503,1008.7630615234375,1800,0.0,0.0
2013-02-13 00:00:00+09:00,1008.7630615234375,1008.7630615234375,1008.7630615234375,1008.7630615234375,600,0.0,0.0
2013-02-14 00:00:00+09:00,1008.7630615234375,1008.7630615234375,1008.7630615234375,1008.7630615234375,600,0.0,0.0
2013-02-15 00:00:00+09:00,1008.7630615234375,1008.7630615234375,1008.7630615234375,1008.7630615234375,600,0.0,0.0
2013-02-18 00:00:00+09:00,1008.7630615234375,1008.7630615234375,1008.7630615234375,1008.7630615234375,600,0.0,0.0
2013-02-19 00:00:00+09:00,1008.7630615234375,1008.7630615234375,1008.7630615234375,1008.7630615234375,600,0.0,0.0
2013-02-20 00:00:00+09:00,1008.7630615234375,1008.7630615234375,1008.7630615234375,1008.7630615234375,600,0.0,0.0
2013-02-21 00:00:00+09:00,1008.7630615234375,1008.7630615234375,1008.7630615234375,1008.7630615234375,600,0.0,0.0
2013-02-22 00:00:00+09:00,978.8421020507812,978.8421020507812,978.8421020507812,978.8421020507812,1200,0.0,0.0
2013-02-25 00:00:00+09:00,978.8421020507812,978.8421020507812,978.8421020507812,978.8421020507812,2400,0.0,0.0
2013-02-26 00:00:00+09:00,983.1165771484375,983.1165771484375,983.1165771484375,983.1165771484375,200,0.0,0.0
2013-02-27 00:00:00+09:00,983.1165771484375,983.1165771484375,983.1165771484375,983.1165771484375,200,0.0,0.0
2013-02-28 00:00:00+09:00,983.1165541950454,1000.2142333984375,983.1165541950454,1000.2142333984375,1000,0.0,0.0
2013-03-01 00:00:00+09:00,1000.2141998291015,1025.8607177734375,1000.2141998291015,1025.8607177734375,2000,0.0,0.0
2013-03-04 00:00:00+09:00,1025.8606640625,1068.6048583984375,1025.8606640625,1068.6048583984375,2000,0.0,0.0
2013-03-05 00:00:00+09:00,1068.6048583984375,1068.6048583984375,1068.6048583984375,1068.6048583984375,400,0.0,0.0
2013-03-06 00:00:00+09:00,1107.0746847522576,1124.17236328125,1094.2514258555134,1124.17236328125,1600,0.0,0.0
2013-03-07 00:00:00+09:00,1089.9769892458055,1089.9769892458055,1021.5862761950884,1042.9583740234375,1200,0.0,0.0
2013-03-08 00:00:00+09:00,1102.80029296875,1102.80029296875,1102.80029296875,1102.80029296875,800,0.0,0.0
2013-03-11 00:00:00+09:00,1124.17236328125,1124.17236328125,1124.17236328125,1124.17236328125,200,0.0,0.0
2013-03-12 00:00:00+09:00,1072.87939453125,1072.87939453125,1072.87939453125,1072.87939453125,200,0.0,0.0
2013-03-13 00:00:00+09:00,1072.87939453125,1072.87939453125,1072.87939453125,1072.87939453125,1200,0.0,0.0
2013-03-14 00:00:00+09:00,1072.87939453125,1072.87939453125,1072.87939453125,1072.87939453125,1200,0.0,0.0
2013-03-15 00:00:00+09:00,1072.87939453125,1072.87939453125,1072.87939453125,1072.87939453125,1200,0.0,0.0
2013-03-18 00:00:00+09:00,1085.70263671875,1085.70263671875,1064.3305375707432,1085.70263671875,600,0.0,0.0
2013-03-19 00:00:00+09:00,1085.70263671875,1085.70263671875,1085.70263671875,1085.70263671875,600,0.0,0.0
2013-03-21 00:00:00+09:00,1085.7025361328126,1085.7025361328126,1064.3304389648438,1068.6048583984375,1200,0.0,0.0
2013-03-22 00:00:00+09:00,1085.7025361328126,1085.7025361328126,1068.6048583984375,1068.6048583984375,800,0.0,0.0
2013-03-25 00:00:00+09:00,1060.05615234375,1060.05615234375,1060.05615234375,1060.05615234375,800,0.0,0.0
2013-03-26 00:00:00+09:00,1060.0562065972222,1192.563232421875,1060.0562065972222,1192.563232421875,1200,0.0,0.0
2013-03-27 00:00:00+09:00,1188.2886962890625,1188.2886962890625,1034.4095845393997,1188.2886962890625,4200,0.0,0.0
2013-03-28 00:00:00+09:00,1145.5445556640625,1145.5445556640625,1145.5445556640625,1145.5445556640625,4200,0.0,0.0
2013-03-29 00:00:00+09:00,1089.97705078125,1089.97705078125,1089.97705078125,1089.97705078125,400,0.0,0.0
2013-04-01 00:00:00+09:00,1154.0933478860293,1154.0933478860293,1089.97705078125,1089.97705078125,1600,0.0,0.0
2013-04-02 00:00:00+09:00,1064.3304443359375,1064.3304443359375,1064.3304443359375,1064.3304443359375,200,0.0,0.0
2013-04-03 00:00:00+09:00,1030.1351374308267,1030.1351374308267,1025.8607177734375,1025.8607177734375,1600,0.0,0.0
2013-04-04 00:00:00+09:00,1021.5863502139136,1021.5863502139136,957.4700520833333,987.3909912109375,2800,0.0,0.0
2013-04-05 00:00:00+09:00,1021.5863037109375,1021.5863037109375,1021.5863037109375,1021.5863037109375,200,0.0,0.0
2013-04-08 00:00:00+09:00,1030.1351318359375,1030.1351318359375,1030.1351318359375,1030.1351318359375,800,0.0,0.0
2013-04-09 00:00:00+09:00,1042.9584136834123,1047.232833411623,1013.0374755859375,1013.0374755859375,1600,0.0,0.0
2013-04-10 00:00:00+09:00,1013.0374755859375,1013.0374755859375,1013.0374755859375,1013.0374755859375,1600,0.0,0.0
2013-04-11 00:00:00+09:00,1013.0374755859375,1013.0374755859375,1013.0374755859375,1013.0374755859375,200,0.0,0.0
2013-04-12 00:00:00+09:00,1013.0374755859375,1013.0374755859375,1013.0374755859375,1013.0374755859375,200,0.0,0.0
2013-04-15 00:00:00+09:00,1013.037548568401,1013.037548568401,1004.4887084960938,1004.4887084960938,400,0.0,0.0
2013-04-16 00:00:00+09:00,1004.4886707124256,1008.7630905877976,987.3909912109375,987.3909912109375,1200,0.0,0.0
2013-04-17 00:00:00+09:00,987.3909912109375,987.3909912109375,987.3909912109375,987.3909912109375,1200,0.0,0.0
2013-04-18 00:00:00+09:00,987.3909912109375,987.3909912109375,987.3909912109375,987.3909912109375,1200,0.0,0.0
2013-04-19 00:00:00+09:00,987.3909912109375,987.3909912109375,987.3909912109375,987.3909912109375,1200,0.0,0.0
2013-04-22 00:00:00+09:00,1017.3119184633182,1025.8607581142703,995.9398193359375,995.9398193359375,1200,0.0,0.0
2013-04-23 00:00:00+09:00,1030.135241849923,1038.68408203125,1030.135241849923,1038.68408203125,400,0.0,0.0
2013-04-24 00:00:00+09:00,1047.232833411623,1047.232833411623,1013.0374755859375,1013.0374755859375,600,0.0,0.0
2013-04-25 00:00:00+09:00,1038.68408203125,1038.68408203125,1038.68408203125,1038.68408203125,200,0.0,0.0
2013-04-26 00:00:00+09:00,1038.68408203125,1038.68408203125,1038.68408203125,1038.68408203125,400,0.0,0.0
2013-04-30 00:00:00+09:00,1051.507330197704,1051.507330197704,1047.23291015625,1047.23291015625,400,0.0,0.0
2013-05-01 00:00:00+09:00,1047.23291015625,1047.23291015625,1047.23291015625,1047.23291015625,400,0.0,0.0
2013-05-02 00:00:00+09:00,1068.6049574003446,1085.70263671875,1068.6049574003446,1085.70263671875,400,0.0,0.0
2013-05-07 00:00:00+09:00,1107.07469025823,1119.89794921875,1107.07469025823,1119.89794921875,600,0.0,0.0
2013-05-08 00:00:00+09:00,1119.89794921875,1119.89794921875,1111.3491099117366,1119.89794921875,1400,0.0,0.0
2013-05-09 00:00:00+09:00,1102.8002986685312,1102.8002986685312,1098.52587890625,1098.52587890625,600,0.0,0.0
2013-05-10 00:00:00+09:00,1111.3491736180279,1111.3491736180279,1068.604974632719,1072.87939453125,3000,0.0,0.0
2013-05-13 00:00:00+09:00,1072.8792778320312,1072.8792778320312,1068.6048583984375,1068.6048583984375,1400,0.0,0.0
2013-05-14 00:00:00+09:00,1089.9770741253735,1089.9770741253735,1072.87939453125,1072.87939453125,400,0.0,0.0
2013-05-15 00:00:00+09:00,1098.5258111992346,1098.5258111992346,1055.7816162109375,1055.7816162109375,1800,0.0,0.0
2013-05-16 00:00:00+09:00,1081.42822265625,1081.42822265625,1081.42822265625,1081.42822265625,600,0.0,0.0
2013-05-17 00:00:00+09:00,1081.42822265625,1081.42822265625,1081.42822265625,1081.42822265625,600,0.0,0.0
2013-05-20 00:00:00+09:00,1102.8002817007211,1111.34912109375,1102.8002817007211,1111.34912109375,400,0.0,0.0
2013-05-21 00:00:00+09:00,1077.15380859375,1077.15380859375,1077.15380859375,1077.15380859375,200,0.0,0.0
2013-05-22 00:00:00+09:00,1115.62353515625,1115.62353515625,1115.62353515625,1115.62353515625,200,0.0,0.0
2013-05-23 00:00:00+09:00,1132.7213194876006,1132.7213194876006,1111.34921911991,1128.4468994140625,2400,0.0,0.0
2013-05-24 00:00:00+09:00,1077.153858531605,1128.4468994140625,1077.153858531605,1128.4468994140625,600,0.0,0.0
2013-05-27 00:00:00+09:00,1124.1723745061063,1124.1723745061063,1115.62353515625,1115.62353515625,600,0.0,0.0
2013-05-28 00:00:00+09:00,1128.4468994140625,1128.4468994140625,1128.4468994140625,1128.4468994140625,800,0.0,0.0
2013-05-29 00:00:00+09:00,1132.72119140625,1132.72119140625,1132.72119140625,1132.72119140625,200,0.0,0.0
2013-05-30 00:00:00+09:00,1128.4468994140625,1128.4468994140625,1128.4468994140625,1128.4468994140625,400,0.0,0.0
2013-05-31 00:00:00+09:00,1132.7213194876006,1132.7213194876006,1128.4468994140625,1128.4468994140625,1400,0.0,0.0
2013-06-03 00:00:00+09:00,1124.17236328125,1124.17236328125,1124.17236328125,1124.17236328125,400,0.0,0.0
2013-06-04 00:00:00+09:00,1119.8980073474702,1119.8980073474702,1077.15380859375,1077.15380859375,800,0.0,0.0
2013-06-05 00:00:00+09:00,1111.34912109375,1111.34912109375,1111.34912109375,1111.34912109375,400,0.0,0.0
2013-06-06 00:00:00+09:00,1128.4468994140625,1128.4468994140625,1119.8980592669864,1128.4468994140625,1000,0.0,0.0
2013-06-07 00:00:00+09:00,1034.40966796875,1034.40966796875,1034.40966796875,1034.40966796875,200,0.0,0.0
2013-06-10 00:00:00+09:00,1115.62353515625,1115.62353515625,1115.62353515625,1115.62353515625,200,0.0,0.0
2013-06-11 00:00:00+09:00,1132.72119140625,1132.72119140625,1128.4467718160377,1132.72119140625,1000,0.0,0.0
2013-06-12 00:00:00+09:00,1132.7213194876006,1132.7213194876006,1128.4468994140625,1128.4468994140625,600,0.0,0.0
2013-06-13 00:00:00+09:00,1132.721202545746,1132.721202545746,1124.17236328125,1124.17236328125,1600,0.0,0.0
2013-06-14 00:00:00+09:00,1128.446782913498,1128.446782913498,1124.17236328125,1124.17236328125,800,0.0,0.0
2013-06-17 00:00:00+09:00,1124.17236328125,1124.17236328125,1124.17236328125,1124.17236328125,800,0.0,0.0
2013-06-18 00:00:00+09:00,1132.72119140625,1132.72119140625,1132.72119140625,1132.72119140625,200,0.0,0.0
2013-06-19 00:00:00+09:00,1132.72119140625,1132.72119140625,1132.72119140625,1132.72119140625,200,0.0,0.0
2013-06-20 00:00:00+09:00,1132.72119140625,1132.72119140625,1132.72119140625,1132.72119140625,200,0.0,0.0
2013-06-21 00:00:00+09:00,1132.72119140625,1132.72119140625,1132.72119140625,1132.72119140625,200,0.0,0.0
2013-06-24 00:00:00+09:00,1132.72119140625,1132.72119140625,1132.72119140625,1132.72119140625,200,0.0,0.0
2013-06-25 00:00:00+09:00,1132.72119140625,1132.72119140625,1132.72119140625,1132.72119140625,200,0.0,0.0
2013-06-26 00:00:00+09:00,1132.7213015895659,1141.2701416015625,1132.7213015895659,1141.2701416015625,800,0.0,0.0
2013-06-27 00:00:00+09:00,1141.2701416015625,1141.2701416015625,1141.2701416015625,1141.2701416015625,800,0.0,0.0
2013-06-28 00:00:00+09:00,1141.2701416015625,1141.2701416015625,1141.2701416015625,1141.2701416015625,600,0.0,0.0
2013-07-01 00:00:00+09:00,1141.2700250381813,1141.2700250381813,1136.99560546875,1136.99560546875,800,0.0,0.0
2013-07-02 00:00:00+09:00,1132.72119140625,1132.72119140625,1132.72119140625,1132.72119140625,1000,0.0,0.0
2013-07-03 00:00:00+09:00,1132.72119140625,1132.72119140625,1132.72119140625,1132.72119140625,1000,0.0,0.0
2013-07-04 00:00:00+09:00,1132.72119140625,1132.72119140625,1132.72119140625,1132.72119140625,1000,0.0,0.0
2013-07-05 00:00:00+09:00,1132.72119140625,1132.72119140625,1132.72119140625,1132.72119140625,1000,0.0,0.0
2013-07-08 00:00:00+09:00,1141.2701416015625,1141.2701416015625,1141.2701416015625,1141.2701416015625,800,0.0,0.0
2013-07-09 00:00:00+09:00,1141.2701416015625,1141.2701416015625,1141.2701416015625,1141.2701416015625,800,0.0,0.0
2013-07-10 00:00:00+09:00,1141.2701416015625,1141.2701416015625,1141.2701416015625,1141.2701416015625,800,0.0,0.0
2013-07-11 00:00:00+09:00,1141.2701416015625,1141.2701416015625,1141.2701416015625,1141.2701416015625,800,0.0,0.0
2013-07-12 00:00:00+09:00,1145.5445556640625,1145.5445556640625,1145.5445556640625,1145.5445556640625,200,0.0,0.0
2013-07-16 00:00:00+09:00,1145.5445556640625,1145.5445556640625,1145.5445556640625,1145.5445556640625,800,0.0,0.0
2013-07-17 00:00:00+09:00,1124.17236328125,1124.17236328125,1124.17236328125,1124.17236328125,200,0.0,0.0
2013-07-18 00:00:00+09:00,1154.0933837890625,1154.0933837890625,1154.0933837890625,1154.0933837890625,600,0.0,0.0
2013-07-19 00:00:00+09:00,1154.0933837890625,1154.0933837890625,1154.0933837890625,1154.0933837890625,400,0.0,0.0
2013-07-22 00:00:00+09:00,1154.0933837890625,1154.0933837890625,1154.0933837890625,1154.0933837890625,0,0.0,0.0
2013-07-23 00:00:00+09:00,1158.3678709187388,1192.563232421875,1158.3678709187388,1192.563232421875,600,0.0,0.0
2013-07-24 00:00:00+09:00,1192.563232421875,1192.563232421875,1192.563232421875,1192.563232421875,0,0.0,0.0
2013-07-25 00:00:00+09:00,1192.563232421875,1192.563232421875,1192.563232421875,1192.563232421875,0,0.0,0.0
2013-07-26 00:00:00+09:00,1192.563232421875,1192.563232421875,1192.563232421875,1192.563232421875,2000,0.0,0.0
2013-07-29 00:00:00+09:00,1192.563232421875,1192.563232421875,1192.563232421875,1192.563232421875,200,0.0,0.0
2013-07-30 00:00:00+09:00,1192.563232421875,1192.563232421875,1192.563232421875,1192.563232421875,0,0.0,0.0
2013-07-31 00:00:00+09:00,1192.563232421875,1192.563232421875,1192.563232421875,1192.563232421875,400,0.0,0.0
2013-08-01 00:00:00+09:00,1107.074712708939,1107.074712708939,1102.80029296875,1102.80029296875,400,0.0,0.0
2013-08-02 00:00:00+09:00,1102.80029296875,1102.80029296875,1102.80029296875,1102.80029296875,0,0.0,0.0
2013-08-05 00:00:00+09:00,1102.80029296875,1102.80029296875,1102.80029296875,1102.80029296875,200,0.0,0.0
2013-08-06 00:00:00+09:00,1102.80029296875,1102.80029296875,1102.80029296875,1102.80029296875,0,0.0,0.0
2013-08-07 00:00:00+09:00,1068.6048583984375,1068.6048583984375,1068.6048583984375,1068.6048583984375,400,0.0,0.0
2013-08-08 00:00:00+09:00,1055.7816162109375,1055.7816162109375,1055.7816162109375,1055.7816162109375,400,0.0,0.0
2013-08-09 00:00:00+09:00,1055.7816162109375,1055.7816162109375,1055.7816162109375,1055.7816162109375,0,0.0,0.0
2013-08-12 00:00:00+09:00,1089.9771187522194,1128.4468994140625,1089.9771187522194,1128.4468994140625,800,0.0,0.0
2013-08-13 00:00:00+09:00,1128.4468994140625,1128.4468994140625,1128.4468994140625,1128.4468994140625,0,0.0,0.0
2013-08-14 00:00:00+09:00,1128.4468994140625,1128.4468994140625,1128.4468994140625,1128.4468994140625,0,0.0,0.0
2013-08-15 00:00:00+09:00,1154.0933837890625,1154.0933837890625,1154.0933837890625,1154.0933837890625,1000,0.0,0.0
2013-08-16 00:00:00+09:00,1154.0933837890625,1154.0933837890625,1154.0933837890625,1154.0933837890625,0,0.0,0.0
2013-08-19 00:00:00+09:00,1166.9166144353694,1175.4654541015625,1166.9166144353694,1175.4654541015625,600,0.0,0.0
2013-08-20 00:00:00+09:00,1175.4654541015625,1175.4654541015625,1175.4654541015625,1175.4654541015625,800,0.0,0.0
2013-08-21 00:00:00+09:00,1175.4654541015625,1175.4654541015625,1175.4654541015625,1175.4654541015625,600,0.0,0.0
2013-08-22 00:00:00+09:00,1158.36767578125,1158.36767578125,1158.36767578125,1158.36767578125,200,0.0,0.0
2013-08-23 00:00:00+09:00,1154.0933837890625,1154.0933837890625,1154.0933837890625,1154.0933837890625,600,0.0,0.0
2013-08-26 00:00:00+09:00,1154.0933837890625,1154.0933837890625,1154.0933837890625,1154.0933837890625,200,0.0,0.0
2013-08-27 00:00:00+09:00,1154.0933837890625,1154.0933837890625,1154.0933837890625,1154.0933837890625,1200,0.0,0.0
2013-08-28 00:00:00+09:00,1154.0933837890625,1154.0933837890625,1154.0933837890625,1154.0933837890625,400,0.0,0.0
2013-08-29 00:00:00+09:00,1154.0933837890625,1154.0933837890625,1154.0933837890625,1154.0933837890625,0,0.0,0.0
2013-08-30 00:00:00+09:00,1154.0933837890625,1154.0933837890625,1154.0933837890625,1154.0933837890625,400,0.0,0.0
2013-09-02 00:00:00+09:00,1154.0933837890625,1154.0933837890625,1154.0933837890625,1154.0933837890625,400,0.0,0.0
2013-09-03 00:00:00+09:00,1154.0933837890625,1154.0933837890625,1154.0933837890625,1154.0933837890625,0,0.0,0.0
2013-09-04 00:00:00+09:00,1154.0933837890625,1154.0933837890625,1154.0933837890625,1154.0933837890625,600,0.0,0.0
2013-09-05 00:00:00+09:00,1154.0933837890625,1154.0933837890625,1154.0933837890625,1154.0933837890625,800,0.0,0.0
2013-09-06 00:00:00+09:00,1154.0933837890625,1154.0933837890625,1154.0933837890625,1154.0933837890625,0,0.0,0.0
2013-09-09 00:00:00+09:00,1136.99560546875,1136.99560546875,1136.99560546875,1136.99560546875,200,0.0,0.0
2013-09-10 00:00:00+09:00,1136.99560546875,1136.99560546875,1136.99560546875,1136.99560546875,0,0.0,0.0
2013-09-11 00:00:00+09:00,1115.62353515625,1115.62353515625,1115.62353515625,1115.62353515625,200,0.0,0.0
2013-09-12 00:00:00+09:00,1115.62353515625,1115.62353515625,1115.62353515625,1115.62353515625,0,0.0,0.0
2013-09-13 00:00:00+09:00,1115.62353515625,1115.62353515625,1115.62353515625,1115.62353515625,0,0.0,0.0
2013-09-17 00:00:00+09:00,1119.89794921875,1119.89794921875,1119.89794921875,1119.89794921875,200,0.0,0.0
2013-09-18 00:00:00+09:00,1119.89794921875,1119.89794921875,1119.89794921875,1119.89794921875,0,0.0,0.0
2013-09-19 00:00:00+09:00,1115.62353515625,1115.62353515625,1115.62353515625,1115.62353515625,200,0.0,0.0
2013-09-20 00:00:00+09:00,1115.623507621593,1136.99560546875,1111.3490880521615,1136.99560546875,1200,0.0,0.0
2013-09-24 00:00:00+09:00,1136.99560546875,1136.99560546875,1136.99560546875,1136.99560546875,0,0.0,0.0
2013-09-25 00:00:00+09:00,1136.99560546875,1136.99560546875,1136.99560546875,1136.99560546875,0,0.0,0.0
2013-09-26 00:00:00+09:00,1136.9956868489583,1136.9956868489583,1068.604968843006,1077.15380859375,1800,0.0,0.0
2013-09-27 00:00:00+09:00,1077.15380859375,1077.15380859375,1077.15380859375,1077.15380859375,0,0.0,0.0
2013-09-30 00:00:00+09:00,1077.15380859375,1077.15380859375,1077.15380859375,1077.15380859375,0,0.0,0.0
2013-10-01 00:00:00+09:00,1107.07470703125,1107.07470703125,1107.07470703125,1107.07470703125,200,0.0,0.0
2013-10-02 00:00:00+09:00,1124.17236328125,1124.17236328125,1124.17236328125,1124.17236328125,400,0.0,0.0
2013-10-03 00:00:00+09:00,1124.17236328125,1124.17236328125,1124.17236328125,1124.17236328125,0,0.0,0.0
2013-10-04 00:00:00+09:00,1124.17236328125,1124.17236328125,1124.17236328125,1124.17236328125,0,0.0,0.0
2013-10-07 00:00:00+09:00,1124.17236328125,1124.17236328125,1124.17236328125,1124.17236328125,0,0.0,0.0
2013-10-08 00:00:00+09:00,1124.17236328125,1124.17236328125,1124.17236328125,1124.17236328125,0,0.0,0.0
2013-10-09 00:00:00+09:00,1124.17236328125,1124.17236328125,1124.17236328125,1124.17236328125,0,0.0,0.0
2013-10-10 00:00:00+09:00,1089.97705078125,1089.97705078125,1089.97705078125,1089.97705078125,200,0.0,0.0
2013-10-11 00:00:00+09:00,1089.97705078125,1089.97705078125,1089.97705078125,1089.97705078125,0,0.0,0.0
2013-10-15 00:00:00+09:00,1077.15380859375,1077.15380859375,1077.15380859375,1077.15380859375,200,0.0,0.0
2013-10-16 00:00:00+09:00,1077.15380859375,1077.15380859375,1077.15380859375,1077.15380859375,0,0.0,0.0
2013-10-17 00:00:00+09:00,1042.9583577144483,1055.7816162109375,1042.9583577144483,1055.7816162109375,1400,0.0,0.0
2013-10-18 00:00:00+09:00,1089.9770281581805,1107.07470703125,1089.9770281581805,1107.07470703125,800,0.0,0.0
2013-10-21 00:00:00+09:00,1064.330572312878,1064.330572312878,1060.05615234375,1060.05615234375,2000,0.0,0.0
2013-10-22 00:00:00+09:00,1060.05615234375,1060.05615234375,1060.05615234375,1060.05615234375,400,0.0,0.0
2013-10-23 00:00:00+09:00,1060.05615234375,1060.05615234375,1060.05615234375,1060.05615234375,0,0.0,0.0
2013-10-24 00:00:00+09:00,1064.3304443359375,1064.3304443359375,1064.3304443359375,1064.3304443359375,200,0.0,0.0
2013-10-25 00:00:00+09:00,1064.3304443359375,1064.3304443359375,1064.3304443359375,1064.3304443359375,0,0.0,0.0
2013-10-28 00:00:00+09:00,1064.3304443359375,1064.3304443359375,1064.3304443359375,1064.3304443359375,0,0.0,0.0
2013-10-29 00:00:00+09:00,1064.3304443359375,1064.3304443359375,1064.3304443359375,1064.3304443359375,0,0.0,0.0
2013-10-30 00:00:00+09:00,1068.6048583984375,1068.6048583984375,1064.3304389648438,1068.6048583984375,600,0.0,0.0
2013-10-31 00:00:00+09:00,1068.6048583984375,1068.6048583984375,1068.6048583984375,1068.6048583984375,0,0.0,0.0
2013-11-01 00:00:00+09:00,1068.6048583984375,1068.6048583984375,1068.6048583984375,1068.6048583984375,200,0.0,0.0
2013-11-05 00:00:00+09:00,1081.42822265625,1081.42822265625,1081.42822265625,1081.42822265625,400,0.0,0.0
2013-11-06 00:00:00+09:00,1081.42822265625,1081.42822265625,1081.42822265625,1081.42822265625,0,0.0,0.0
2013-11-07 00:00:00+09:00,1081.42822265625,1081.42822265625,1081.42822265625,1081.42822265625,0,0.0,0.0
2013-11-08 00:00:00+09:00,1081.42822265625,1081.42822265625,1081.42822265625,1081.42822265625,0,0.0,0.0
2013-11-11 00:00:00+09:00,1081.42822265625,1081.42822265625,1081.42822265625,1081.42822265625,0,0.0,0.0
2013-11-12 00:00:00+09:00,1081.42822265625,1081.42822265625,1081.42822265625,1081.42822265625,0,0.0,0.0
2013-11-13 00:00:00+09:00,1051.5071859704442,1064.3304443359375,1051.5071859704442,1064.3304443359375,1200,0.0,0.0
2013-11-14 00:00:00+09:00,1051.5071967121078,1055.7816162109375,1051.5071967121078,1055.7816162109375,400,0.0,0.0
2013-11-15 00:00:00+09:00,1055.7816162109375,1055.7816162109375,1055.7816162109375,1055.7816162109375,0,0.0,0.0
2013-11-18 00:00:00+09:00,1055.7816162109375,1055.7816162109375,1055.7816162109375,1055.7816162109375,0,0.0,0.0
2013-11-19 00:00:00+09:00,1055.7816162109375,1055.7816162109375,1051.5071967121078,1055.7816162109375,1400,0.0,0.0
2013-11-20 00:00:00+09:00,1055.781732374622,1060.05615234375,1055.781732374622,1060.05615234375,800,0.0,0.0
2013-11-21 00:00:00+09:00,1060.056024880773,1064.3304443359375,1060.056024880773,1064.3304443359375,600,0.0,0.0
2013-11-22 00:00:00+09:00,1051.5072131547772,1051.5072131547772,1042.9583740234375,1042.9583740234375,800,0.0,0.0
2013-11-25 00:00:00+09:00,1034.40966796875,1034.40966796875,1034.40966796875,1034.40966796875,400,0.0,0.0
2013-11-26 00:00:00+09:00,1038.68408203125,1038.68408203125,1038.68408203125,1038.68408203125,200,0.0,0.0
2013-11-27 00:00:00+09:00,1038.6840641673018,1051.50732421875,1038.6840641673018,1051.50732421875,1200,0.0,0.0
2013-11-28 00:00:00+09:00,1072.8793109831263,1072.8793109831263,1042.9583740234375,1042.9583740234375,400,0.0,0.0
2013-11-29 00:00:00+09:00,1042.9583740234375,1042.9583740234375,1042.9583740234375,1042.9583740234375,0,0.0,0.0
2013-12-02 00:00:00+09:00,1042.9583740234375,1042.9583740234375,1042.9583740234375,1042.9583740234375,0,0.0,0.0
2013-12-03 00:00:00+09:00,1051.5072357177735,1051.5072357177735,1025.8607177734375,1025.8607177734375,2200,0.0,0.0
2013-12-04 00:00:00+09:00,1030.1351318359375,1030.1351318359375,1030.1351318359375,1030.1351318359375,200,0.0,0.0
2013-12-05 00:00:00+09:00,1051.50732421875,1051.50732421875,1051.50732421875,1051.50732421875,800,0.0,0.0
2013-12-06 00:00:00+09:00,1051.50732421875,1051.50732421875,1051.50732421875,1051.50732421875,400,0.0,0.0
2013-12-09 00:00:00+09:00,1051.50732421875,1051.50732421875,1051.50732421875,1051.50732421875,600,0.0,0.0
2013-12-10 00:00:00+09:00,1051.50732421875,1051.50732421875,1051.50732421875,1051.50732421875,1000,0.0,0.0
2013-12-11 00:00:00+09:00,1051.50732421875,1051.50732421875,1051.50732421875,1051.50732421875,200,0.0,0.0
2013-12-12 00:00:00+09:00,1051.50732421875,1051.50732421875,1051.50732421875,1051.50732421875,0,0.0,0.0
2013-12-13 00:00:00+09:00,1051.507330197704,1051.507330197704,1047.23291015625,1047.23291015625,1000,0.0,0.0
2013-12-16 00:00:00+09:00,1047.23291015625,1047.23291015625,1047.23291015625,1047.23291015625,600,0.0,0.0
2013-12-17 00:00:00+09:00,1038.68408203125,1038.68408203125,1038.68408203125,1038.68408203125,800,0.0,0.0
2013-12-18 00:00:00+09:00,1042.9583740234375,1042.9583740234375,1042.9583740234375,1042.9583740234375,200,0.0,0.0
2013-12-19 00:00:00+09:00,1047.23291015625,1047.23291015625,1047.23291015625,1047.23291015625,1000,0.0,0.0
2013-12-20 00:00:00+09:00,1051.5072950385957,1072.87939453125,1047.2328751400646,1072.87939453125,800,0.0,0.0
2013-12-24 00:00:00+09:00,1038.68408203125,1038.68408203125,1038.68408203125,1038.68408203125,800,0.0,0.0
2013-12-25 00:00:00+09:00,1034.40966796875,1034.40966796875,1034.40966796875,1034.40966796875,200,0.0,0.0
2013-12-26 00:00:00+09:00,1042.9583740234375,1077.1537305487961,1042.9583740234375,1042.9583740234375,600,0.0,0.0
2013-12-27 00:00:00+09:00,1051.50732421875,1051.50732421875,1051.50732421875,1051.50732421875,400,0.0,0.0
2013-12-30 00:00:00+09:00,1064.3304443359375,1064.3304443359375,1064.3304443359375,1064.3304443359375,200,0.0,0.0
2014-01-06 00:00:00+09:00,1077.153791360294,1089.97705078125,1077.153791360294,1089.97705078125,600,0.0,0.0
2014-01-07 00:00:00+09:00,1089.97705078125,1089.97705078125,1089.97705078125,1089.97705078125,600,0.0,0.0
2014-01-08 00:00:00+09:00,1102.800327845982,1102.800327845982,1077.15380859375,1077.15380859375,1800,0.0,0.0
2014-01-09 00:00:00+09:00,1068.6048583984375,1068.6048583984375,1068.6048583984375,1068.6048583984375,800,0.0,0.0
2014-01-10 00:00:00+09:00,1089.97705078125,1089.97705078125,1089.97705078125,1089.97705078125,200,0.0,0.0
2014-01-14 00:00:00+09:00,1089.97705078125,1089.97705078125,1089.97705078125,1089.97705078125,200,0.0,0.0
2014-01-15 00:00:00+09:00,1089.97705078125,1089.97705078125,1089.97705078125,1089.97705078125,0,0.0,0.0
2014-01-16 00:00:00+09:00,1089.97705078125,1089.97705078125,1089.97705078125,1089.97705078125,200,0.0,0.0
2014-01-17 00:00:00+09:00,1089.97705078125,1089.97705078125,1089.97705078125,1089.97705078125,0,0.0,0.0
2014-01-20 00:00:00+09:00,1089.97705078125,1089.97705078125,1089.97705078125,1089.97705078125,0,0.0,0.0
2014-01-21 00:00:00+09:00,1089.97705078125,1089.97705078125,1089.97705078125,1089.97705078125,0,0.0,0.0
2014-01-22 00:00:00+09:00,1089.97705078125,1089.97705078125,1089.97705078125,1089.97705078125,0,0.0,0.0
2014-01-23 00:00:00+09:00,1089.97705078125,1089.97705078125,1089.97705078125,1089.97705078125,0,0.0,0.0
2014-01-24 00:00:00+09:00,1089.97705078125,1089.97705078125,1089.97705078125,1089.97705078125,0,0.0,0.0
2014-01-27 00:00:00+09:00,1089.97705078125,1089.97705078125,1089.97705078125,1089.97705078125,800,0.0,0.0
2014-01-28 00:00:00+09:00,1068.6049187320402,1115.62353515625,1068.6049187320402,1115.62353515625,400,0.0,0.0
2014-01-29 00:00:00+09:00,1115.62353515625,1115.62353515625,1115.62353515625,1115.62353515625,0,0.0,0.0
2014-01-30 00:00:00+09:00,1081.42822265625,1081.42822265625,1081.42822265625,1081.42822265625,200,0.0,0.0
2014-01-31 00:00:00+09:00,1081.428194267805,1102.80029296875,1081.428194267805,1102.80029296875,400,0.0,0.0
2014-02-03 00:00:00+09:00,1102.8002138671875,1102.8002138671875,1068.6048583984375,1068.6048583984375,600,0.0,0.0
2014-02-04 00:00:00+09:00,1064.3304389648438,1068.6048583984375,1060.05601953125,1068.6048583984375,1000,0.0,0.0
2014-02-05 00:00:00+09:00,1068.6048583984375,1068.6048583984375,1068.6048583984375,1068.6048583984375,0,0.0,0.0
2014-02-06 00:00:00+09:00,1068.6048583984375,1068.6048583984375,1068.6048583984375,1068.6048583984375,0,0.0,0.0
2014-02-07 00:00:00+09:00,1042.9583740234375,1042.9583740234375,1042.9583740234375,1042.9583740234375,200,0.0,0.0
2014-02-10 00:00:00+09:00,1081.42822265625,1081.42822265625,1081.42822265625,1081.42822265625,200,0.0,0.0
2014-02-12 00:00:00+09:00,1081.42822265625,1081.42822265625,1081.42822265625,1081.42822265625,0,0.0,0.0
2014-02-13 00:00:00+09:00,1081.42822265625,1081.42822265625,1081.42822265625,1081.42822265625,0,0.0,0.0
2014-02-14 00:00:00+09:00,1081.42822265625,1081.42822265625,1081.42822265625,1081.42822265625,0,0.0,0.0
2014-02-17 00:00:00+09:00,1081.42822265625,1081.42822265625,1081.42822265625,1081.42822265625,0,0.0,0.0
2014-02-18 00:00:00+09:00,1081.42822265625,1081.42822265625,1081.42822265625,1081.42822265625,0,0.0,0.0
2014-02-19 00:00:00+09:00,1072.87939453125,1072.87939453125,1072.87939453125,1072.87939453125,400,0.0,0.0
2014-02-20 00:00:00+09:00,1072.87939453125,1072.87939453125,1072.87939453125,1072.87939453125,0,0.0,0.0
2014-02-21 00:00:00+09:00,1072.87939453125,1072.87939453125,1072.87939453125,1072.87939453125,0,0.0,0.0
2014-02-24 00:00:00+09:00,1072.87939453125,1072.87939453125,1072.87939453125,1072.87939453125,0,0.0,0.0
2014-02-25 00:00:00+09:00,1072.87939453125,1072.87939453125,1072.87939453125,1072.87939453125,0,0.0,0.0
2014-02-26 00:00:00+09:00,1072.87939453125,1072.87939453125,1072.87939453125,1072.87939453125,200,0.0,0.0
2014-02-27 00:00:00+09:00,1072.87939453125,1072.87939453125,1072.87939453125,1072.87939453125,0,0.0,0.0
2014-02-28 00:00:00+09:00,1072.879424304497,1072.879424304497,1051.50732421875,1051.50732421875,800,0.0,0.0
2014-03-03 00:00:00+09:00,1042.9583907384595,1042.9583907384595,1030.1351318359375,1030.1351318359375,800,0.0,0.0
2014-03-04 00:00:00+09:00,1030.1351318359375,1030.1351318359375,1030.1351318359375,1030.1351318359375,0,0.0,0.0
2014-03-05 00:00:00+09:00,1060.0560357097672,1060.0560357097672,1055.7816162109375,1055.7816162109375,600,0.0,0.0
2014-03-06 00:00:00+09:00,1055.7816162109375,1055.7816162109375,1055.7816162109375,1055.7816162109375,400,0.0,0.0
2014-03-07 00:00:00+09:00,1055.7816162109375,1055.7816162109375,1055.7816162109375,1055.7816162109375,0,0.0,0.0
2014-03-10 00:00:00+09:00,1055.7816162109375,1055.7816162109375,1055.7816162109375,1055.7816162109375,0,0.0,0.0
2014-03-11 00:00:00+09:00,1072.87939453125,1072.87939453125,1072.87939453125,1072.87939453125,200,0.0,0.0
2014-03-12 00:00:00+09:00,1060.05615234375,1060.05615234375,1060.05615234375,1060.05615234375,200,0.0,0.0
2014-03-13 00:00:00+09:00,1060.05615234375,1060.05615234375,1060.05615234375,1060.05615234375,600,0.0,0.0
2014-03-14 00:00:00+09:00,1060.05615234375,1060.05615234375,1060.05615234375,1060.05615234375,0,0.0,0.0
2014-03-17 00:00:00+09:00,1068.6049350472383,1102.80029296875,1068.6049350472383,1102.80029296875,800,0.0,0.0
2014-03-18 00:00:00+09:00,1102.80029296875,1102.80029296875,1102.80029296875,1102.80029296875,200,0.0,0.0
2014-03-19 00:00:00+09:00,1098.52587890625,1098.52587890625,1098.52587890625,1098.52587890625,200,0.0,0.0
2014-03-20 00:00:00+09:00,1098.52587890625,1098.52587890625,1098.52587890625,1098.52587890625,0,0.0,0.0
2014-03-24 00:00:00+09:00,1072.87939453125,1072.87939453125,1072.87939453125,1072.87939453125,200,0.0,0.0
2014-03-25 00:00:00+09:00,1072.87939453125,1072.87939453125,1072.87939453125,1072.87939453125,600,0.0,0.0
2014-03-26 00:00:00+09:00,1072.87939453125,1072.87939453125,1072.87939453125,1072.87939453125,200,0.0,0.0
2014-03-27 00:00:00+09:00,1072.87939453125,1072.87939453125,1072.87939453125,1072.87939453125,0,0.0,0.0
2014-03-28 00:00:00+09:00,1072.87939453125,1072.87939453125,1072.87939453125,1072.87939453125,0,0.0,0.0
2014-03-31 00:00:00+09:00,1072.87939453125,1072.87939453125,1072.87939453125,1072.87939453125,0,0.0,0.0
2014-04-01 00:00:00+09:00,1072.87939453125,1072.87939453125,1072.87939453125,1072.87939453125,0,0.0,0.0
2014-04-02 00:00:00+09:00,1072.87939453125,1072.87939453125,1072.87939453125,1072.87939453125,0,0.0,0.0
2014-04-03 00:00:00+09:00,1064.3305842701982,1064.3305842701982,1051.50732421875,1051.50732421875,800,0.0,0.0
2014-04-04 00:00:00+09:00,1068.6048583984375,1068.6048583984375,1068.6048583984375,1068.6048583984375,800,0.0,0.0
2014-04-07 00:00:00+09:00,1068.6048583984375,1068.6048583984375,1068.6048583984375,1068.6048583984375,0,0.0,0.0
2014-04-08 00:00:00+09:00,1068.6048583984375,1068.6048583984375,1068.6048583984375,1068.6048583984375,0,0.0,0.0
2014-04-09 00:00:00+09:00,1025.8607177734375,1025.8607177734375,1025.8607177734375,1025.8607177734375,200,0.0,0.0
2014-04-10 00:00:00+09:00,1060.05615234375,1060.05615234375,1060.05615234375,1060.05615234375,200,0.0,0.0
2014-04-11 00:00:00+09:00,1072.87939453125,1072.87939453125,1072.87939453125,1072.87939453125,200,0.0,0.0
2014-04-14 00:00:00+09:00,1072.87939453125,1072.87939453125,1072.87939453125,1072.87939453125,0,0.0,0.0
2014-04-15 00:00:00+09:00,1072.87939453125,1072.87939453125,1072.87939453125,1072.87939453125,0,0.0,0.0
2014-04-16 00:00:00+09:00,1072.87939453125,1072.87939453125,1072.87939453125,1072.87939453125,0,0.0,0.0
2014-04-17 00:00:00+09:00,1072.87939453125,1072.87939453125,1072.87939453125,1072.87939453125,0,0.0,0.0
2014-04-18 00:00:00+09:00,1047.23291015625,1047.23291015625,1047.23291015625,1047.23291015625,400,0.0,0.0
2014-04-21 00:00:00+09:00,1111.3492044588415,1111.3492044588415,1051.50732421875,1051.50732421875,1600,0.0,0.0
2014-04-22 00:00:00+09:00,1094.2515120967741,1094.2515120967741,1060.05615234375,1060.05615234375,800,0.0,0.0
2014-04-23 00:00:00+09:00,1060.05615234375,1060.05615234375,1060.05615234375,1060.05615234375,0,0.0,0.0
2014-04-24 00:00:00+09:00,1064.330572312878,1064.330572312878,1060.05615234375,1060.05615234375,400,0.0,0.0
2014-04-25 00:00:00+09:00,1060.05615234375,1060.05615234375,1060.05615234375,1060.05615234375,0,0.0,0.0
2014-04-28 00:00:00+09:00,1072.87939453125,1072.87939453125,1072.87939453125,1072.87939453125,400,0.0,0.0
2014-04-30 00:00:00+09:00,1072.87939453125,1072.87939453125,1072.87939453125,1072.87939453125,600,0.0,0.0
2014-05-01 00:00:00+09:00,1072.87939453125,1072.87939453125,1072.87939453125,1072.87939453125,0,0.0,0.0
2014-05-02 00:00:00+09:00,1072.87939453125,1072.87939453125,1072.87939453125,1072.87939453125,0,0.0,0.0
2014-05-07 00:00:00+09:00,1068.6050042873476,1068.6050042873476,1051.50732421875,1051.50732421875,400,0.0,0.0
2014-05-08 00:00:00+09:00,1047.2328103726336,1047.2328103726336,1030.1351318359375,1030.1351318359375,400,0.0,0.0
2014-05-09 00:00:00+09:00,1030.1351318359375,1030.1351318359375,1030.1351318359375,1030.1351318359375,0,0.0,0.0
2014-05-12 00:00:00+09:00,1030.1351318359375,1030.1351318359375,1030.1351318359375,1030.1351318359375,0,0.0,0.0
2014-05-13 00:00:00+09:00,1030.1351318359375,1030.1351318359375,1030.1351318359375,1030.1351318359375,0,0.0,0.0
2014-05-14 00:00:00+09:00,1068.6048583984375,1068.6048583984375,1068.6048583984375,1068.6048583984375,200,0.0,0.0
2014-05-15 00:00:00+09:00,1072.87939453125,1072.87939453125,1072.87939453125,1072.87939453125,400,0.0,0.0
2014-05-16 00:00:00+09:00,1072.87939453125,1072.87939453125,1072.87939453125,1072.87939453125,0,0.0,0.0
2014-05-19 00:00:00+09:00,1072.87939453125,1072.87939453125,1072.87939453125,1072.87939453125,0,0.0,0.0
2014-05-20 00:00:00+09:00,1072.87939453125,1072.87939453125,1072.87939453125,1072.87939453125,0,0.0,0.0
2014-05-21 00:00:00+09:00,1072.87939453125,1072.87939453125,1072.87939453125,1072.87939453125,0,0.0,0.0
2014-05-22 00:00:00+09:00,1072.87939453125,1072.87939453125,1072.87939453125,1072.87939453125,0,0.0,0.0
2014-05-23 00:00:00+09:00,1072.87939453125,1072.87939453125,1072.87939453125,1072.87939453125,0,0.0,0.0
2014-05-26 00:00:00+09:00,1068.6048583984375,1068.6048583984375,1068.6048583984375,1068.6048583984375,200,0.0,0.0
2014-05-27 00:00:00+09:00,1094.2513805220883,1094.2513805220883,1064.3304443359375,1064.3304443359375,400,0.0,0.0
2014-05-28 00:00:00+09:00,1081.42822265625,1081.42822265625,1081.42822265625,1081.42822265625,200,0.0,0.0
2014-05-29 00:00:00+09:00,1081.42822265625,1081.42822265625,1081.42822265625,1081.42822265625,0,0.0,0.0
2014-05-30 00:00:00+09:00,1081.42822265625,1081.42822265625,1081.42822265625,1081.42822265625,0,0.0,0.0
2014-06-02 00:00:00+09:00,1081.42822265625,1081.42822265625,1081.42822265625,1081.42822265625,800,0.0,0.0
2014-06-03 00:00:00+09:00,1081.42822265625,1081.42822265625,1081.42822265625,1081.42822265625,0,0.0,0.0
2014-06-04 00:00:00+09:00,1081.42822265625,1081.42822265625,1081.42822265625,1081.42822265625,0,0.0,0.0
2014-06-05 00:00:00+09:00,1081.42822265625,1081.42822265625,1081.42822265625,1081.42822265625,0,0.0,0.0
2014-06-06 00:00:00+09:00,1072.8793887183779,1077.15380859375,1072.8793887183779,1077.15380859375,600,0.0,0.0
2014-06-09 00:00:00+09:00,1077.1538144297808,1077.1538144297808,1072.87939453125,1072.87939453125,400,0.0,0.0
2014-06-10 00:00:00+09:00,1072.87939453125,1072.87939453125,1072.87939453125,1072.87939453125,0,0.0,0.0
2014-06-11 00:00:00+09:00,1072.87939453125,1072.87939453125,1072.87939453125,1072.87939453125,0,0.0,0.0
2014-06-12 00:00:00+09:00,1072.87939453125,1072.87939453125,1072.87939453125,1072.87939453125,0,0.0,0.0
2014-06-13 00:00:00+09:00,1068.6048583984375,1068.6048583984375,1068.6048583984375,1068.6048583984375,600,0.0,0.0
2014-06-16 00:00:00+09:00,1081.42822265625,1081.42822265625,1081.42822265625,1081.42822265625,600,0.0,0.0
2014-06-17 00:00:00+09:00,1081.42822265625,1081.42822265625,1081.42822265625,1081.42822265625,0,0.0,0.0
2014-06-18 00:00:00+09:00,1081.42822265625,1081.42822265625,1081.42822265625,1081.42822265625,400,0.0,0.0
2014-06-19 00:00:00+09:00,1089.977045059204,1094.25146484375,1089.977045059204,1094.25146484375,600,0.0,0.0
2014-06-20 00:00:00+09:00,1094.25146484375,1094.25146484375,1094.25146484375,1094.25146484375,0,0.0,0.0
2014-06-23 00:00:00+09:00,1068.6048583984375,1068.6048583984375,1068.6048583984375,1068.6048583984375,800,0.0,0.0
2014-06-24 00:00:00+09:00,1068.6048583984375,1068.6048583984375,1068.6048583984375,1068.6048583984375,0,0.0,0.0
2014-06-25 00:00:00+09:00,1068.6048583984375,1068.6048583984375,1068.6048583984375,1068.6048583984375,0,0.0,0.0
2014-06-26 00:00:00+09:00,1068.6048583984375,1068.6048583984375,1068.6048583984375,1068.6048583984375,200,0.0,0.0
2014-06-27 00:00:00+09:00,1068.6048583984375,1068.6048583984375,1068.6048583984375,1068.6048583984375,400,0.0,0.0
2014-06-30 00:00:00+09:00,1068.6048583984375,1068.6048583984375,1068.6048583984375,1068.6048583984375,1800,0.0,0.0
2014-07-01 00:00:00+09:00,1068.604974632719,1081.4282343283116,1068.604974632719,1072.87939453125,6200,0.0,0.0
2014-07-02 00:00:00+09:00,1081.4282111672794,1089.97705078125,1081.4282111672794,1089.97705078125,1200,0.0,0.0
2014-07-03 00:00:00+09:00,1089.97705078125,1089.97705078125,1089.97705078125,1089.97705078125,600,0.0,0.0
2014-07-04 00:00:00+09:00,1089.97705078125,1089.97705078125,1089.97705078125,1089.97705078125,0,0.0,0.0
2014-07-07 00:00:00+09:00,1107.07469025823,1119.89794921875,1107.07469025823,1119.89794921875,2400,0.0,0.0
2014-07-08 00:00:00+09:00,1124.1723745061063,1128.4467941810344,1111.3491154813219,1115.62353515625,4400,0.0,0.0
2014-07-09 00:00:00+09:00,1124.17236328125,1128.446782913498,1124.17236328125,1124.17236328125,1400,0.0,0.0
2014-07-10 00:00:00+09:00,1115.6235130454008,1132.72119140625,1102.800254274764,1132.72119140625,1800,0.0,0.0
2014-07-11 00:00:00+09:00,1132.72119140625,1132.72119140625,1115.6235130454008,1132.72119140625,1600,0.0,0.0
2014-07-14 00:00:00+09:00,1128.4468994140625,1128.4468994140625,1128.4468994140625,1128.4468994140625,200,0.0,0.0
2014-07-15 00:00:00+09:00,1128.4468994140625,1128.4468994140625,1128.4468994140625,1128.4468994140625,0,0.0,0.0
2014-07-16 00:00:00+09:00,1128.4468994140625,1128.4468994140625,1128.4468994140625,1128.4468994140625,0,0.0,0.0
2014-07-17 00:00:00+09:00,1124.17236328125,1124.17236328125,1124.17236328125,1124.17236328125,200,0.0,0.0
2014-07-18 00:00:00+09:00,1128.4468994140625,1128.4468994140625,1128.4468994140625,1128.4468994140625,200,0.0,0.0
2014-07-22 00:00:00+09:00,1128.446805622587,1136.9956450591217,1107.07470703125,1107.07470703125,1000,0.0,0.0
2014-07-23 00:00:00+09:00,1107.074712708939,1107.074712708939,1102.80029296875,1102.80029296875,1200,0.0,0.0
2014-07-24 00:00:00+09:00,1102.8002817007211,1111.34912109375,1102.8002817007211,1111.34912109375,1400,0.0,0.0
2014-07-25 00:00:00+09:00,1119.8979719295057,1119.8979719295057,1102.80029296875,1102.80029296875,800,0.0,0.0
2014-07-28 00:00:00+09:00,1102.8002873129826,1107.07470703125,1102.8002873129826,1107.07470703125,1000,0.0,0.0
2014-07-29 00:00:00+09:00,1107.074712708939,1107.074712708939,1102.80029296875,1102.80029296875,1000,0.0,0.0
2014-07-30 00:00:00+09:00,1098.52587890625,1098.52587890625,1098.52587890625,1098.52587890625,600,0.0,0.0
2014-07-31 00:00:00+09:00,1098.52587890625,1098.52587890625,1098.52587890625,1098.52587890625,0,0.0,0.0
2014-08-01 00:00:00+09:00,1098.52587890625,1098.52587890625,1098.52587890625,1098.52587890625,200,0.0,0.0
2014-08-04 00:00:00+09:00,1119.89794921875,1119.89794921875,1119.89794921875,1119.89794921875,400,0.0,0.0
2014-08-05 00:00:00+09:00,1119.89794921875,1119.89794921875,1119.89794921875,1119.89794921875,1800,0.0,0.0
2014-08-06 00:00:00+09:00,1119.89794921875,1119.89794921875,1119.89794921875,1119.89794921875,200,0.0,0.0
2014-08-07 00:00:00+09:00,1119.89794921875,1119.89794921875,1119.89794921875,1119.89794921875,0,0.0,0.0
2014-08-08 00:00:00+09:00,1098.52587890625,1098.52587890625,1098.52587890625,1098.52587890625,600,0.0,0.0
2014-08-11 00:00:00+09:00,1115.62353515625,1115.62353515625,1115.62353515625,1115.62353515625,200,0.0,0.0
2014-08-12 00:00:00+09:00,1115.62353515625,1115.62353515625,1115.62353515625,1115.62353515625,200,0.0,0.0
2014-08-13 00:00:00+09:00,1124.1723801832934,1124.1723801832934,1111.34912109375,1111.34912109375,1400,0.0,0.0
2014-08-14 00:00:00+09:00,1128.4468994140625,1128.4468994140625,1128.4468994140625,1128.4468994140625,800,0.0,0.0
2014-08-15 00:00:00+09:00,1128.4467941810344,1128.4467941810344,1115.62353515625,1115.62353515625,1800,0.0,0.0
2014-08-18 00:00:00+09:00,1119.89794921875,1119.89794921875,1119.89794921875,1119.89794921875,400,0.0,0.0
2014-08-19 00:00:00+09:00,1132.7212195763223,1132.7212195763223,1111.34912109375,1111.34912109375,1200,0.0,0.0
2014-08-20 00:00:00+09:00,1107.07470703125,1107.07470703125,1107.07470703125,1107.07470703125,200,0.0,0.0
2014-08-21 00:00:00+09:00,1107.07470703125,1111.3491267495174,1107.07470703125,1107.07470703125,2800,0.0,0.0
2014-08-22 00:00:00+09:00,1098.525873228561,1102.80029296875,1098.525873228561,1102.80029296875,600,0.0,0.0
2014-08-25 00:00:00+09:00,1111.34912109375,1111.34912109375,1107.0747013972357,1111.34912109375,1200,0.0,0.0
2014-08-26 00:00:00+09:00,1119.8980415715707,1141.2701416015625,1119.8980415715707,1141.2701416015625,3200,0.0,0.0
2014-08-27 00:00:00+09:00,1145.5444614424905,1145.5444614424905,1124.17236328125,1124.17236328125,1600,0.0,0.0
2014-08-28 00:00:00+09:00,1141.2700250381813,1145.5444446076128,1136.99560546875,1136.99560546875,1000,0.0,0.0
2014-08-29 00:00:00+09:00,1136.99560546875,1136.99560546875,1136.99560546875,1136.99560546875,0,0.0,0.0
2014-09-01 00:00:00+09:00,1136.99560546875,1136.99560546875,1136.99560546875,1136.99560546875,600,0.0,0.0
2014-09-02 00:00:00+09:00,1141.2701416015625,1141.2701416015625,1141.2701416015625,1141.2701416015625,200,0.0,0.0
2014-09-03 00:00:00+09:00,1145.5445556640625,1145.5445556640625,1145.5445556640625,1145.5445556640625,400,0.0,0.0
2014-09-04 00:00:00+09:00,1145.5445556640625,1145.5445556640625,1145.5445556640625,1145.5445556640625,800,0.0,0.0
2014-09-05 00:00:00+09:00,1128.4468994140625,1128.4468994140625,1128.4468994140625,1128.4468994140625,400,0.0,0.0
2014-09-08 00:00:00+09:00,1128.4468994140625,1132.7213194876006,1128.4468994140625,1128.4468994140625,1800,0.0,0.0
2014-09-09 00:00:00+09:00,1128.4468994140625,1128.4468994140625,1128.4468994140625,1128.4468994140625,0,0.0,0.0
2014-09-10 00:00:00+09:00,1128.4468994140625,1128.4468994140625,1128.4468994140625,1128.4468994140625,0,0.0,0.0
2014-09-11 00:00:00+09:00,1124.17236328125,1124.17236328125,1124.17236328125,1124.17236328125,200,0.0,0.0
2014-09-12 00:00:00+09:00,1124.1723522258253,1132.72119140625,1124.1723522258253,1132.72119140625,800,0.0,0.0
2014-09-16 00:00:00+09:00,1132.72119140625,1132.72119140625,1132.72119140625,1132.72119140625,600,0.0,0.0
2014-09-17 00:00:00+09:00,1124.17236328125,1124.17236328125,1124.17236328125,1124.17236328125,200,0.0,0.0
2014-09-18 00:00:00+09:00,1124.17236328125,1124.17236328125,1124.17236328125,1124.17236328125,200,0.0,0.0
2014-09-19 00:00:00+09:00,1124.17236328125,1124.17236328125,1124.17236328125,1124.17236328125,1000,0.0,0.0
2014-09-22 00:00:00+09:00,1136.9957156964203,1162.642235599347,1136.9957156964203,1145.5445556640625,2200,0.0,0.0
2014-09-24 00:00:00+09:00,1145.5445556640625,1145.5445556640625,1145.5445556640625,1145.5445556640625,0,0.0,0.0
2014-09-25 00:00:00+09:00,1166.9166259765625,1166.9166259765625,1136.9956868489583,1166.9166259765625,2400,0.0,0.0
2014-09-26 00:00:00+09:00,1154.0933837890625,1154.0933837890625,1154.0933837890625,1154.0933837890625,200,0.0,0.0
2014-09-29 00:00:00+09:00,1154.0933837890625,1154.0933837890625,1154.0933837890625,1154.0933837890625,0,0.0,0.0
2014-09-30 00:00:00+09:00,1154.0933837890625,1154.0933837890625,1154.0933837890625,1154.0933837890625,400,0.0,0.0
2014-10-01 00:00:00+09:00,1124.1724272228423,1124.1724272228423,1077.15380859375,1077.15380859375,2200,0.0,0.0
2014-10-02 00:00:00+09:00,1094.25146484375,1094.25146484375,1094.25146484375,1094.25146484375,400,0.0,0.0
2014-10-03 00:00:00+09:00,1094.25146484375,1094.25146484375,1094.25146484375,1094.25146484375,1000,0.0,0.0
2014-10-06 00:00:00+09:00,1094.25146484375,1094.25146484375,1094.25146484375,1094.25146484375,0,0.0,0.0
2014-10-07 00:00:00+09:00,1094.25146484375,1094.25146484375,1094.25146484375,1094.25146484375,0,0.0,0.0
2014-10-08 00:00:00+09:00,1102.80029296875,1102.80029296875,1102.80029296875,1102.80029296875,200,0.0,0.0
2014-10-09 00:00:00+09:00,1102.80029296875,1102.80029296875,1102.80029296875,1102.80029296875,200,0.0,0.0
2014-10-10 00:00:00+09:00,1094.2514763779527,1107.074735866757,1081.4282168891486,1085.70263671875,2000,0.0,0.0
2014-10-14 00:00:00+09:00,1102.8003102022058,1102.8003102022058,1089.97705078125,1089.97705078125,1000,0.0,0.0
2014-10-15 00:00:00+09:00,1089.97705078125,1089.97705078125,1089.97705078125,1089.97705078125,0,0.0,0.0
2014-10-16 00:00:00+09:00,1094.25146484375,1094.25146484375,1094.25146484375,1094.25146484375,600,0.0,0.0
2014-10-17 00:00:00+09:00,1094.25146484375,1094.25146484375,1094.25146484375,1094.25146484375,0,0.0,0.0
2014-10-20 00:00:00+09:00,1102.8002817007211,1111.34912109375,1077.1537635216346,1111.34912109375,1200,0.0,0.0
2014-10-21 00:00:00+09:00,1107.07470703125,1107.07470703125,1107.07470703125,1107.07470703125,200,0.0,0.0
2014-10-22 00:00:00+09:00,1089.97705078125,1089.97705078125,1089.97705078125,1089.97705078125,200,0.0,0.0
2014-10-23 00:00:00+09:00,1107.0746847522576,1124.17236328125,1107.0746847522576,1124.17236328125,800,0.0,0.0
2014-10-24 00:00:00+09:00,1124.17236328125,1124.17236328125,1124.17236328125,1124.17236328125,0,0.0,0.0
2014-10-27 00:00:00+09:00,1124.17236328125,1124.17236328125,1124.17236328125,1124.17236328125,0,0.0,0.0
2014-10-28 00:00:00+09:00,1124.17236328125,1124.17236328125,1124.17236328125,1124.17236328125,0,0.0,0.0
2014-10-29 00:00:00+09:00,1098.52587890625,1098.52587890625,1098.52587890625,1098.52587890625,200,0.0,0.0
2014-10-30 00:00:00+09:00,1102.80029296875,1102.80029296875,1102.80029296875,1102.80029296875,400,0.0,0.0
2014-10-31 00:00:00+09:00,1115.62353515625,1115.62353515625,1115.62353515625,1115.62353515625,600,0.0,0.0
2014-11-04 00:00:00+09:00,1115.62353515625,1115.62353515625,1115.62353515625,1115.62353515625,0,0.0,0.0
2014-11-05 00:00:00+09:00,1136.99560546875,1136.99560546875,1136.99560546875,1136.99560546875,600,0.0,0.0
2014-11-06 00:00:00+09:00,1141.270159634677,1141.270159634677,1128.4468994140625,1128.4468994140625,400,0.0,0.0
2014-11-07 00:00:00+09:00,1141.2701416015625,1141.2701416015625,1141.2701416015625,1141.2701416015625,600,0.0,0.0
2014-11-10 00:00:00+09:00,1128.4468718497985,1128.4468718497985,1038.6840524981098,1060.05615234375,6400,0.0,0.0
2014-11-11 00:00:00+09:00,1068.604974632719,1072.87939453125,1068.604974632719,1072.87939453125,1000,0.0,0.0
2014-11-12 00:00:00+09:00,1077.153697265625,1077.153697265625,1068.6048583984375,1068.6048583984375,600,0.0,0.0
2014-11-13 00:00:00+09:00,1077.1538144297808,1077.1538144297808,1072.87939453125,1072.87939453125,400,0.0,0.0
2014-11-14 00:00:00+09:00,1077.15380859375,1077.15380859375,1077.15380859375,1077.15380859375,200,0.0,0.0
2014-11-17 00:00:00+09:00,1085.70263671875,1085.70263671875,1085.70263671875,1085.70263671875,400,0.0,0.0
2014-11-18 00:00:00+09:00,1089.977045059204,1094.25146484375,1089.977045059204,1094.25146484375,600,0.0,0.0
2014-11-19 00:00:00+09:00,1094.25146484375,1094.25146484375,1094.25146484375,1094.25146484375,200,0.0,0.0
2014-11-20 00:00:00+09:00,1098.52587890625,1098.52587890625,1098.52587890625,1098.52587890625,600,0.0,0.0
2014-11-21 00:00:00+09:00,1089.9770741253735,1089.9770741253735,1072.87939453125,1072.87939453125,1800,0.0,0.0
2014-11-25 00:00:00+09:00,1085.70263671875,1085.70263671875,1085.70263671875,1085.70263671875,200,0.0,0.0
2014-11-26 00:00:00+09:00,1089.9770565483514,1089.9770565483514,1085.70263671875,1085.70263671875,800,0.0,0.0
2014-11-27 00:00:00+09:00,1085.7026425086462,1085.7026425086462,1077.1538028038538,1081.42822265625,1000,0.0,0.0
2014-11-28 00:00:00+09:00,1072.8793603325632,1098.52587890625,1072.8793603325632,1098.52587890625,3000,0.0,0.0
2014-12-01 00:00:00+09:00,1098.5258620042068,1111.34912109375,1098.5258620042068,1111.34912109375,1000,0.0,0.0
2014-12-02 00:00:00+09:00,1111.34912109375,1111.34912109375,1111.34912109375,1111.34912109375,0,0.0,0.0
2014-12-03 00:00:00+09:00,1102.8002986685312,1102.8002986685312,1098.52587890625,1098.52587890625,600,0.0,0.0
2014-12-04 00:00:00+09:00,1098.525884628296,1098.525884628296,1094.25146484375,1094.25146484375,800,0.0,0.0
2014-12-05 00:00:00+09:00,1107.0747013972357,1132.7212195763223,1107.0747013972357,1111.34912109375,2800,0.0,0.0
2014-12-08 00:00:00+09:00,1124.1723148121553,1162.64208984375,1119.8978953642004,1162.64208984375,2000,0.0,0.0
2014-12-09 00:00:00+09:00,1162.6422236689814,1162.6422236689814,1154.0933837890625,1154.0933837890625,1000,0.0,0.0
2014-12-10 00:00:00+09:00,1154.0933837890625,1154.0933837890625,1154.0933837890625,1154.0933837890625,0,0.0,0.0
2014-12-11 00:00:00+09:00,1154.0933837890625,1154.0933837890625,1154.0933837890625,1154.0933837890625,400,0.0,0.0
2014-12-12 00:00:00+09:00,1154.0933837890625,1154.0933837890625,1154.0933837890625,1154.0933837890625,0,0.0,0.0
2014-12-15 00:00:00+09:00,1154.0933837890625,1154.0933837890625,1154.0933837890625,1154.0933837890625,0,0.0,0.0
2014-12-16 00:00:00+09:00,1111.34912109375,1111.34912109375,1111.34912109375,1111.34912109375,400,0.0,0.0
2014-12-17 00:00:00+09:00,1111.34912109375,1111.34912109375,1111.34912109375,1111.34912109375,200,0.0,0.0
2014-12-18 00:00:00+09:00,1111.3491267495174,1111.3491267495174,1107.07470703125,1107.07470703125,1200,0.0,0.0
2014-12-19 00:00:00+09:00,1102.8002651200095,1124.17236328125,1102.8002651200095,1124.17236328125,800,0.0,0.0
2014-12-22 00:00:00+09:00,1124.17236328125,1124.17236328125,1124.17236328125,1124.17236328125,0,0.0,0.0
2014-12-24 00:00:00+09:00,1124.1723522258253,1154.0932893573113,1115.6235130454008,1132.72119140625,2200,0.0,0.0
2014-12-25 00:00:00+09:00,1132.7213015895659,1141.2701416015625,1132.7213015895659,1141.2701416015625,800,0.0,0.0
2014-12-26 00:00:00+09:00,1141.2701416015625,1141.2701416015625,1141.2701416015625,1141.2701416015625,0,0.0,0.0
2014-12-29 00:00:00+09:00,1141.2701416015625,1141.2701416015625,1141.2701416015625,1141.2701416015625,0,0.0,0.0
2014-12-30 00:00:00+09:00,1141.2701416015625,1141.2701416015625,1141.2701416015625,1141.2701416015625,0,0.0,0.0
2015-01-05 00:00:00+09:00,1141.2701416015625,1141.2701416015625,1141.2701416015625,1141.2701416015625,200,0.0,0.0
2015-01-06 00:00:00+09:00,1141.2701416015625,1141.2701416015625,1141.2701416015625,1141.2701416015625,200,0.0,0.0
2015-01-07 00:00:00+09:00,1141.2701416015625,1141.2701416015625,1141.2701416015625,1141.2701416015625,0,0.0,0.0
2015-01-08 00:00:00+09:00,1141.2701416015625,1141.2701416015625,1141.2701416015625,1141.2701416015625,200,0.0,0.0
2015-01-09 00:00:00+09:00,1162.64208984375,1162.64208984375,1162.64208984375,1162.64208984375,400,0.0,0.0
2015-01-13 00:00:00+09:00,1162.64208984375,1162.64208984375,1162.64208984375,1162.64208984375,0,0.0,0.0
2015-01-14 00:00:00+09:00,1158.36767578125,1158.36767578125,1158.36767578125,1158.36767578125,400,0.0,0.0
2015-01-15 00:00:00+09:00,1145.5444728807472,1145.5444728807472,1115.62353515625,1115.62353515625,1200,0.0,0.0
2015-01-16 00:00:00+09:00,1115.62353515625,1115.62353515625,1115.62353515625,1115.62353515625,0,0.0,0.0
2015-01-19 00:00:00+09:00,1115.62353515625,1115.62353515625,1115.62353515625,1115.62353515625,0,0.0,0.0
2015-01-20 00:00:00+09:00,1149.8189697265625,1149.8189697265625,1149.8189697265625,1149.8189697265625,400,0.0,0.0
2015-01-21 00:00:00+09:00,1132.7212957125992,1145.5445556640625,1111.3491957934934,1145.5445556640625,1200,0.0,0.0
2015-01-22 00:00:00+09:00,1145.5445556640625,1145.5445556640625,1145.5445556640625,1145.5445556640625,0,0.0,0.0
2015-01-23 00:00:00+09:00,1145.5445556640625,1145.5445556640625,1145.5445556640625,1145.5445556640625,0,0.0,0.0
2015-01-26 00:00:00+09:00,1145.5445497647538,1149.8189697265625,1145.5445497647538,1149.8189697265625,600,0.0,0.0
2015-01-27 00:00:00+09:00,1149.8189697265625,1149.8189697265625,1149.8189697265625,1149.8189697265625,200,0.0,0.0
2015-01-28 00:00:00+09:00,1149.8189697265625,1149.8189697265625,1149.8189697265625,1149.8189697265625,0,0.0,0.0
2015-01-29 00:00:00+09:00,1149.8189697265625,1149.8189697265625,1149.8189697265625,1149.8189697265625,0,0.0,0.0
2015-01-30 00:00:00+09:00,1149.8189697265625,1158.36780965018,1149.8189697265625,1149.8189697265625,1200,0.0,0.0
2015-02-02 00:00:00+09:00,1149.8189697265625,1149.8189697265625,1149.8189697265625,1149.8189697265625,800,0.0,0.0
2015-02-03 00:00:00+09:00,1141.2701416015625,1141.2701416015625,1141.2701416015625,1141.2701416015625,200,0.0,0.0
2015-02-04 00:00:00+09:00,1141.2701416015625,1141.2701416015625,1141.2701416015625,1141.2701416015625,0,0.0,0.0
2015-02-05 00:00:00+09:00,1141.2701416015625,1141.2701416015625,1141.2701416015625,1141.2701416015625,0,0.0,0.0
2015-02-06 00:00:00+09:00,1145.5445497647538,1149.8189697265625,1145.5445497647538,1149.8189697265625,400,0.0,0.0
2015-02-09 00:00:00+09:00,1149.8189697265625,1149.8189697265625,1149.8189697265625,1149.8189697265625,0,0.0,0.0
2015-02-10 00:00:00+09:00,1149.8189697265625,1149.8189697265625,1149.8189697265625,1149.8189697265625,600,0.0,0.0
2015-02-12 00:00:00+09:00,1149.8189697265625,1149.8189697265625,1149.8189697265625,1149.8189697265625,200,0.0,0.0
2015-02-13 00:00:00+09:00,1136.9957156964203,1145.5445556640625,1136.9957156964203,1145.5445556640625,400,0.0,0.0
2015-02-16 00:00:00+09:00,1149.8189697265625,1149.8189697265625,1149.8189697265625,1149.8189697265625,200,0.0,0.0
2015-02-17 00:00:00+09:00,1149.8189697265625,1149.8189697265625,1149.8189697265625,1149.8189697265625,0,0.0,0.0
2015-02-18 00:00:00+09:00,1149.8189697265625,1149.8189697265625,1149.8189697265625,1149.8189697265625,600,0.0,0.0
2015-02-19 00:00:00+09:00,1145.5445556640625,1145.5445556640625,1145.5445556640625,1145.5445556640625,200,0.0,0.0
2015-02-20 00:00:00+09:00,1149.8189697265625,1149.8189697265625,1149.8189697265625,1149.8189697265625,600,0.0,0.0
2015-02-23 00:00:00+09:00,1149.8189756478837,1149.8189756478837,1145.5445556640625,1145.5445556640625,1600,0.0,0.0
2015-02-24 00:00:00+09:00,1149.8189697265625,1149.8189697265625,1149.8189697265625,1149.8189697265625,600,0.0,0.0
2015-02-25 00:00:00+09:00,1162.64208984375,1162.64208984375,1162.64208984375,1162.64208984375,200,0.0,0.0
2015-02-26 00:00:00+09:00,1166.9166259765625,1166.9166259765625,1166.9166259765625,1166.9166259765625,400,0.0,0.0
2015-02-27 00:00:00+09:00,1162.64208984375,1162.64208984375,1162.64208984375,1162.64208984375,2600,0.0,0.0
2015-03-02 00:00:00+09:00,1158.36767578125,1166.916514716905,1154.0932563134227,1158.36767578125,3000,0.0,0.0
2015-03-03 00:00:00+09:00,1158.36767578125,1158.36767578125,1158.36767578125,1158.36767578125,200,0.0,0.0
2015-03-04 00:00:00+09:00,1162.64208984375,1162.64208984375,1162.64208984375,1162.64208984375,2200,0.0,0.0
2015-03-05 00:00:00+09:00,1166.9166259765625,1166.9166259765625,1166.9166259765625,1166.9166259765625,400,0.0,0.0
2015-03-06 00:00:00+09:00,1166.9166259765625,1166.9166259765625,1162.6422061011904,1166.9166259765625,1800,0.0,0.0
2015-03-09 00:00:00+09:00,1166.9166259765625,1166.9166259765625,1162.6422061011904,1166.9166259765625,800,0.0,0.0
2015-03-10 00:00:00+09:00,1166.9166259765625,1171.1910458519344,1166.9166259765625,1166.9166259765625,2400,0.0,0.0
2015-03-11 00:00:00+09:00,1171.1910458519344,1171.1910458519344,1166.9166259765625,1166.9166259765625,1000,0.0,0.0
2015-03-12 00:00:00+09:00,1171.19092873966,1171.19092873966,1162.64208984375,1162.64208984375,2000,0.0,0.0
2015-03-13 00:00:00+09:00,1175.4654426436991,1184.0142822265625,1175.4654426436991,1184.0142822265625,2600,0.0,0.0
2015-03-16 00:00:00+09:00,1184.014392046091,1192.563232421875,1175.465551670307,1192.563232421875,1400,0.0,0.0
2015-03-17 00:00:00+09:00,1192.5630824129346,1213.9351806640625,1192.5630824129346,1213.9351806640625,2200,0.0,0.0
2015-03-18 00:00:00+09:00,1213.9351640761106,1312.2468146879085,1213.9351640761106,1226.7584228515625,3200,0.0,0.0
2015-03-19 00:00:00+09:00,1222.4841131190528,1243.8562129987565,1205.3864332152898,1235.307373046875,1800,0.0,0.0
2015-03-20 00:00:00+09:00,1243.8562310492243,1243.8562310492243,1209.6608707454654,1222.484130859375,1000,0.0,0.0
2015-03-23 00:00:00+09:00,1226.758521430681,1243.856201171875,1226.758521430681,1243.856201171875,2400,0.0,0.0
2015-03-24 00:00:00+09:00,1252.4050469760236,1260.9538868871227,1239.581787109375,1239.581787109375,2600,0.0,0.0
2015-03-25 00:00:00+09:00,1239.581787109375,1243.8562070649245,1239.581787109375,1239.581787109375,1600,0.0,0.0
2015-03-26 00:00:00+09:00,1260.9538809130693,1265.2283008483678,1239.5817812365765,1243.856201171875,3200,0.0,0.0
2015-03-27 00:00:00+09:00,1179.7398289117712,1209.6607666015625,1162.6421502318904,1209.6607666015625,1800,0.0,0.0
2015-03-30 00:00:00+09:00,1158.36767578125,1171.1909341847324,1158.36767578125,1158.36767578125,1600,0.0,0.0
2015-03-31 00:00:00+09:00,1162.6420952490776,1166.916514716905,1158.36767578125,1158.36767578125,1200,0.0,0.0
2015-04-01 00:00:00+09:00,1158.36767578125,1171.1909341847324,1158.36767578125,1158.36767578125,600,0.0,0.0
2015-04-02 00:00:00+09:00,1158.367803729022,1158.367803729022,1149.818963849103,1154.0933837890625,1600,0.0,0.0
2015-04-03 00:00:00+09:00,1145.544561607561,1145.544561607561,1141.2701416015625,1141.2701416015625,1000,0.0,0.0
2015-04-06 00:00:00+09:00,1145.5445556640625,1145.5445556640625,1145.5445556640625,1145.5445556640625,200,0.0,0.0
2015-04-07 00:00:00+09:00,1154.09325094784,1162.64208984375,1154.09325094784,1162.64208984375,800,0.0,0.0
2015-04-08 00:00:00+09:00,1154.0933837890625,1154.0933837890625,1154.0933837890625,1154.0933837890625,200,0.0,0.0
2015-04-09 00:00:00+09:00,1154.0933837890625,1154.0933837890625,1154.0933837890625,1154.0933837890625,0,0.0,0.0
2015-04-10 00:00:00+09:00,1154.0933837890625,1154.0933837890625,1154.0933837890625,1154.0933837890625,0,0.0,0.0
2015-04-13 00:00:00+09:00,1145.5444614424905,1154.0933007069866,1124.17236328125,1124.17236328125,1600,0.0,0.0
2015-04-14 00:00:00+09:00,1132.72119140625,1132.72119140625,1132.72119140625,1132.72119140625,200,0.0,0.0
2015-04-15 00:00:00+09:00,1132.72119140625,1132.72119140625,1132.72119140625,1132.72119140625,0,0.0,0.0
2015-04-16 00:00:00+09:00,1132.72119140625,1132.72119140625,1132.72119140625,1132.72119140625,0,0.0,0.0
2015-04-17 00:00:00+09:00,1162.6422416315543,1162.6422416315543,1141.2701416015625,1141.2701416015625,400,0.0,0.0
2015-04-20 00:00:00+09:00,1158.3677862258185,1166.9166259765625,1158.3677862258185,1166.9166259765625,600,0.0,0.0
2015-04-21 00:00:00+09:00,1166.9166201849055,1171.1910400390625,1158.3677804765912,1171.1910400390625,1400,0.0,0.0
2015-04-22 00:00:00+09:00,1175.4655456542969,1201.1120666503907,1175.4655456542969,1196.837646484375,1000,0.0,0.0
2015-04-23 00:00:00+09:00,1196.837646484375,1196.837646484375,1196.837646484375,1196.837646484375,200,0.0,0.0
2015-04-24 00:00:00+09:00,1196.8375416008573,1196.8375416008573,1179.7398624351308,1184.0142822265625,1200,0.0,0.0
2015-04-27 00:00:00+09:00,1184.0142822265625,1184.0142822265625,1184.0142822265625,1184.0142822265625,200,0.0,0.0
2015-04-28 00:00:00+09:00,1192.563232421875,1192.563232421875,1192.563232421875,1192.563232421875,200,0.0,0.0
2015-04-30 00:00:00+09:00,1196.8375591640056,1196.8375591640056,1171.1910400390625,1171.1910400390625,4400,0.0,0.0
2015-05-01 00:00:00+09:00,1175.4654541015625,1175.4654541015625,1175.4654541015625,1175.4654541015625,200,0.0,0.0
2015-05-07 00:00:00+09:00,1175.4654541015625,1175.4654541015625,1175.4654541015625,1175.4654541015625,0,0.0,0.0
2015-05-08 00:00:00+09:00,1175.4654541015625,1175.4654541015625,1175.4654541015625,1175.4654541015625,0,0.0,0.0
2015-05-11 00:00:00+09:00,1141.2700250381813,1196.8374794407894,1136.99560546875,1136.99560546875,1200,0.0,0.0
2015-05-12 00:00:00+09:00,1141.270123969184,1154.0933837890625,1141.270123969184,1154.0933837890625,600,0.0,0.0
2015-05-13 00:00:00+09:00,1154.0933837890625,1154.0933837890625,1154.0933837890625,1154.0933837890625,200,0.0,0.0
2015-05-14 00:00:00+09:00,1154.0933837890625,1154.0933837890625,1154.0933837890625,1154.0933837890625,0,0.0,0.0
2015-05-15 00:00:00+09:00,1154.0933837890625,1154.0933837890625,1154.0933837890625,1154.0933837890625,0,0.0,0.0
2015-05-18 00:00:00+09:00,1136.99560546875,1136.99560546875,1136.99560546875,1136.99560546875,200,0.0,0.0
2015-05-19 00:00:00+09:00,1136.9957040292245,1154.0933837890625,1136.9957040292245,1154.0933837890625,600,0.0,0.0
2015-05-20 00:00:00+09:00,1145.5446044921875,1196.837646484375,1145.5446044921875,1196.837646484375,600,0.0,0.0
2015-05-21 00:00:00+09:00,1196.837646484375,1196.837646484375,1196.837646484375,1196.837646484375,0,0.0,0.0
2015-05-22 00:00:00+09:00,1196.837646484375,1196.837646484375,1196.837646484375,1196.837646484375,0,0.0,0.0
2015-05-25 00:00:00+09:00,1184.0142822265625,1184.0142822265625,1184.0142822265625,1184.0142822265625,200,0.0,0.0
2015-05-26 00:00:00+09:00,1184.0142822265625,1184.0142822265625,1184.0142822265625,1184.0142822265625,200,0.0,0.0
2015-05-27 00:00:00+09:00,1184.0142822265625,1184.0142822265625,1184.0142822265625,1184.0142822265625,0,0.0,0.0
2015-05-28 00:00:00+09:00,1162.6422236689814,1188.2887433087385,1154.0933837890625,1154.0933837890625,1000,0.0,0.0
2015-05-29 00:00:00+09:00,1154.0933837890625,1154.0933837890625,1154.0933837890625,1154.0933837890625,200,0.0,0.0
2015-06-01 00:00:00+09:00,1158.3677578932948,1188.2886962890625,1158.3677578932948,1188.2886962890625,1200,0.0,0.0
2015-06-02 00:00:00+09:00,1188.2887555022737,1188.2887555022737,1119.8980357611358,1145.5445556640625,9200,0.0,0.0
2015-06-03 00:00:00+09:00,1149.8188368455951,1158.36767578125,1149.8188368455951,1158.36767578125,600,0.0,0.0
2015-06-04 00:00:00+09:00,1158.36767578125,1158.36767578125,1158.36767578125,1158.36767578125,200,0.0,0.0
2015-06-05 00:00:00+09:00,1162.64208984375,1162.64208984375,1162.64208984375,1162.64208984375,200,0.0,0.0
2015-06-08 00:00:00+09:00,1162.64208984375,1162.64208984375,1162.64208984375,1162.64208984375,0,0.0,0.0
2015-06-09 00:00:00+09:00,1162.64208984375,1162.64208984375,1162.64208984375,1162.64208984375,200,0.0,0.0
2015-06-10 00:00:00+09:00,1136.99560546875,1136.99560546875,1136.99560546875,1136.99560546875,600,0.0,0.0
2015-06-11 00:00:00+09:00,1136.99560546875,1136.99560546875,1136.99560546875,1136.99560546875,0,0.0,0.0
2015-06-12 00:00:00+09:00,1136.9957040292245,1154.0933837890625,1136.9957040292245,1154.0933837890625,600,0.0,0.0
2015-06-15 00:00:00+09:00,1128.4467718160377,1132.72119140625,1124.1723522258253,1132.72119140625,1400,0.0,0.0
2015-06-16 00:00:00+09:00,1124.1723859043195,1124.1723859043195,1107.07470703125,1107.07470703125,1800,0.0,0.0
2015-06-17 00:00:00+09:00,1107.0747013972357,1111.34912109375,1107.0747013972357,1111.34912109375,600,0.0,0.0
2015-06-18 00:00:00+09:00,1111.3491381930935,1111.3491381930935,1098.52587890625,1098.52587890625,1200,0.0,0.0
2015-06-19 00:00:00+09:00,1102.8003044128418,1102.8003044128418,1094.25146484375,1094.25146484375,800,0.0,0.0
2015-06-22 00:00:00+09:00,1098.525884628296,1098.525884628296,1094.25146484375,1094.25146484375,1800,0.0,0.0
2015-06-23 00:00:00+09:00,1089.977068219866,1089.977068219866,1077.15380859375,1077.15380859375,2000,0.0,0.0
2015-06-24 00:00:00+09:00,1081.4282111672794,1141.2700884650735,1072.8793715533088,1089.97705078125,5800,0.0,0.0
2015-06-25 00:00:00+09:00,1089.97705078125,1089.97705078125,1089.97705078125,1089.97705078125,0,0.0,0.0
2015-06-26 00:00:00+09:00,1094.2514534883721,1111.3491324491279,1085.702614007994,1102.80029296875,2200,0.0,0.0
2015-06-29 00:00:00+09:00,1072.8793659210205,1094.25146484375,1072.8793659210205,1094.25146484375,600,0.0,0.0
2015-06-30 00:00:00+09:00,1102.8003044128418,1102.8003044128418,1094.25146484375,1094.25146484375,1000,0.0,0.0
2015-07-01 00:00:00+09:00,1111.34912109375,1111.34912109375,1111.34912109375,1111.34912109375,200,0.0,0.0
2015-07-02 00:00:00+09:00,1085.70263671875,1085.70263671875,1085.70263671875,1085.70263671875,200,0.0,0.0
2015-07-03 00:00:00+09:00,1081.4282054901123,1111.3491439819336,1081.4282054901123,1094.25146484375,1400,0.0,0.0
2015-07-06 00:00:00+09:00,1081.4282168891486,1085.70263671875,1081.4282168891486,1085.70263671875,800,0.0,0.0
2015-07-07 00:00:00+09:00,1085.70263671875,1085.70263671875,1085.70263671875,1085.70263671875,0,0.0,0.0
2015-07-08 00:00:00+09:00,1081.42822265625,1081.42822265625,1081.42822265625,1081.42822265625,200,0.0,0.0
2015-07-09 00:00:00+09:00,1072.8794122511342,1077.153832220262,1038.6840524981098,1060.05615234375,2200,0.0,0.0
2015-07-10 00:00:00+09:00,1081.42822265625,1081.42822265625,1081.42822265625,1081.42822265625,200,0.0,0.0
2015-07-13 00:00:00+09:00,1081.428116699219,1081.428116699219,1068.6048583984375,1068.6048583984375,1200,0.0,0.0
2015-07-14 00:00:00+09:00,1077.15380859375,1077.15380859375,1077.15380859375,1077.15380859375,200,0.0,0.0
2015-07-15 00:00:00+09:00,1081.42822265625,1081.42822265625,1081.42822265625,1081.42822265625,400,0.0,0.0
2015-07-16 00:00:00+09:00,1115.62353515625,1115.62353515625,1115.62353515625,1115.62353515625,200,0.0,0.0
2015-07-17 00:00:00+09:00,1081.428228469122,1081.428228469122,1064.3305489676338,1077.15380859375,5600,0.0,0.0
2015-07-21 00:00:00+09:00,1098.52587890625,1098.52587890625,1098.52587890625,1098.52587890625,200,0.0,0.0
2015-07-22 00:00:00+09:00,1107.0747184308123,1107.0747184308123,1098.52587890625,1098.52587890625,1800,0.0,0.0
2015-07-23 00:00:00+09:00,1098.52587890625,1098.52587890625,1098.52587890625,1098.52587890625,200,0.0,0.0
2015-07-24 00:00:00+09:00,1085.70263671875,1085.70263671875,1085.70263671875,1085.70263671875,200,0.0,0.0
2015-07-27 00:00:00+09:00,1111.3491498161764,1111.3491498161764,1089.97705078125,1089.97705078125,800,0.0,0.0
2015-07-28 00:00:00+09:00,1089.97705078125,1089.97705078125,1089.97705078125,1089.97705078125,2000,0.0,0.0
2015-07-29 00:00:00+09:00,1089.97705078125,1089.97705078125,1089.97705078125,1089.97705078125,200,0.0,0.0
2015-07-30 00:00:00+09:00,1107.0747417706275,1111.3491616230237,1081.42822265625,1081.42822265625,1000,0.0,0.0
2015-07-31 00:00:00+09:00,1081.42822265625,1081.42822265625,1081.42822265625,1081.42822265625,600,0.0,0.0
2015-08-03 00:00:00+09:00,1089.9770623610425,1089.9770623610425,1081.42822265625,1081.42822265625,600,0.0,0.0
2015-08-04 00:00:00+09:00,1072.87939453125,1081.4282343283116,1072.87939453125,1072.87939453125,1400,0.0,0.0
2015-08-05 00:00:00+09:00,1072.8792778320312,1089.9769555664063,1068.6048583984375,1068.6048583984375,600,0.0,0.0
2015-08-06 00:00:00+09:00,1068.604974632719,1072.87939453125,1068.604974632719,1072.87939453125,400,0.0,0.0
2015-08-07 00:00:00+09:00,1098.52590797061,1098.52590797061,1072.8793887183779,1077.15380859375,800,0.0,0.0
2015-08-10 00:00:00+09:00,1081.428244809751,1154.0933837890625,1081.428244809751,1154.0933837890625,5200,0.0,0.0
2015-08-11 00:00:00+09:00,1094.2514150943396,1132.72119140625,1094.2514150943396,1132.72119140625,2200,0.0,0.0
2015-08-12 00:00:00+09:00,1089.977045059204,1094.25146484375,1089.977045059204,1094.25146484375,400,0.0,0.0
2015-08-13 00:00:00+09:00,1089.977068219866,1107.074747721354,1077.15380859375,1077.15380859375,2800,0.0,0.0
2015-08-14 00:00:00+09:00,1077.1537027014308,1077.1537027014308,1064.3304443359375,1064.3304443359375,1800,0.0,0.0
2015-08-17 00:00:00+09:00,1068.604974632719,1072.87939453125,1068.604974632719,1072.87939453125,1000,0.0,0.0
2015-08-18 00:00:00+09:00,1102.80029296875,1102.80029296875,1102.80029296875,1102.80029296875,400,0.0,0.0
2015-08-19 00:00:00+09:00,1072.8792778320312,1072.8792778320312,1068.6048583984375,1068.6048583984375,600,0.0,0.0
2015-08-20 00:00:00+09:00,1064.3304443359375,1064.3304443359375,1064.3304443359375,1064.3304443359375,1000,0.0,0.0
2015-08-21 00:00:00+09:00,1064.3304443359375,1064.3304443359375,1064.3304443359375,1064.3304443359375,0,0.0,0.0
2015-08-24 00:00:00+09:00,1051.50732421875,1051.50732421875,1051.50732421875,1051.50732421875,200,0.0,0.0
2015-08-25 00:00:00+09:00,1047.232840983073,1047.232840983073,880.5304703776042,961.7444458007812,6200,0.0,0.0
2015-08-26 00:00:00+09:00,1064.3304443359375,1064.3304443359375,1064.3304443359375,1064.3304443359375,200,0.0,0.0
2015-08-27 00:00:00+09:00,1064.3304718517866,1064.3304718517866,1042.9583740234375,1042.9583740234375,800,0.0,0.0
2015-08-28 00:00:00+09:00,1042.9583740234375,1042.9583740234375,1042.9583740234375,1042.9583740234375,0,0.0,0.0
2015-08-31 00:00:00+09:00,1042.9583740234375,1042.9583740234375,1042.9583740234375,1042.9583740234375,0,0.0,0.0
2015-09-01 00:00:00+09:00,1042.9583740234375,1042.9583740234375,1042.9583740234375,1042.9583740234375,0,0.0,0.0
2015-09-02 00:00:00+09:00,1008.7630615234375,1008.7630615234375,940.3723454879503,1008.7630615234375,4400,0.0,0.0
2015-09-03 00:00:00+09:00,1008.7630615234375,1008.7630615234375,1008.7630615234375,1008.7630615234375,200,0.0,0.0
2015-09-04 00:00:00+09:00,1008.7630615234375,1008.7630615234375,1008.7630615234375,1008.7630615234375,0,0.0,0.0
2015-09-07 00:00:00+09:00,1008.7630615234375,1008.7630615234375,1008.7630615234375,1008.7630615234375,0,0.0,0.0
2015-09-08 00:00:00+09:00,983.1165771484375,983.1165771484375,983.1165771484375,983.1165771484375,400,0.0,0.0
2015-09-09 00:00:00+09:00,1017.3118286132811,1017.3118286132811,1017.3118286132811,1017.3118286132812,200,0.0,0.0
2015-09-10 00:00:00+09:00,1017.3118286132811,1017.3118286132811,1017.3118286132811,1017.3118286132812,0,0.0,0.0
2015-09-11 00:00:00+09:00,987.3909462645463,1021.5863037109375,987.3909462645463,1021.5863037109375,600,0.0,0.0
2015-09-14 00:00:00+09:00,987.3909739958934,1038.6840116060696,987.3909739958934,1000.2142333984375,1000,0.0,0.0
2015-09-15 00:00:00+09:00,987.3909912109375,987.3909912109375,987.3909912109375,987.3909912109375,200,0.0,0.0
2015-09-16 00:00:00+09:00,987.3909912109375,987.3909912109375,987.3909912109375,987.3909912109375,0,0.0,0.0
2015-09-17 00:00:00+09:00,987.3909912109375,987.3909912109375,987.3909912109375,987.3909912109375,0,0.0,0.0
2015-09-18 00:00:00+09:00,1004.4887084960938,1004.4887084960938,1004.4887084960938,1004.4887084960938,200,0.0,0.0
2015-09-24 00:00:00+09:00,983.1165771484375,983.1165771484375,983.1165771484375,983.1165771484375,200,0.0,0.0
2015-09-25 00:00:00+09:00,983.1165771484375,983.1165771484375,983.1165771484375,983.1165771484375,0,0.0,0.0
2015-09-28 00:00:00+09:00,983.1165598595092,995.9398193359375,983.1165598595092,995.9398193359375,800,0.0,0.0
2015-09-29 00:00:00+09:00,995.9398193359375,995.9398193359375,995.9398193359375,995.9398193359375,0,0.0,0.0
2015-09-30 00:00:00+09:00,987.3909912109375,987.3909912109375,987.3909912109375,987.3909912109375,800,0.0,0.0
2015-10-01 00:00:00+09:00,987.3909912109375,987.3909912109375,987.3909912109375,987.3909912109375,0,0.0,0.0
2015-10-02 00:00:00+09:00,983.1165771484375,983.1165771484375,983.1165771484375,983.1165771484375,200,0.0,0.0
2015-10-05 00:00:00+09:00,991.6654663085938,991.6654663085938,991.6654663085938,991.6654663085938,200,0.0,0.0
2015-10-06 00:00:00+09:00,987.3909912109375,991.6654110863095,983.1165713355655,987.3909912109375,4800,0.0,0.0
2015-10-07 00:00:00+09:00,1000.2142508370536,1000.2142508370536,970.2933117094493,987.3909912109375,1200,0.0,0.0
2015-10-08 00:00:00+09:00,991.6654663085938,991.6654663085938,991.6654663085938,991.6654663085938,200,0.0,0.0
2015-10-09 00:00:00+09:00,991.6654663085938,991.6654663085938,991.6654663085938,991.6654663085938,0,0.0,0.0
2015-10-13 00:00:00+09:00,978.8421020507812,978.8421020507812,978.8421020507812,978.8421020507812,200,0.0,0.0
2015-10-14 00:00:00+09:00,991.6654663085938,991.6654663085938,991.6654663085938,991.6654663085938,200,0.0,0.0
2015-10-15 00:00:00+09:00,991.6654663085938,991.6654663085938,991.6654663085938,991.6654663085938,0,0.0,0.0
2015-10-16 00:00:00+09:00,983.1165771484375,983.1165771484375,983.1165771484375,983.1165771484375,600,0.0,0.0
2015-10-19 00:00:00+09:00,983.1165771484375,983.1165771484375,983.1165771484375,983.1165771484375,400,0.0,0.0
2015-10-20 00:00:00+09:00,987.3909912109375,987.3909912109375,987.3909912109375,987.3909912109375,400,0.0,0.0
2015-10-21 00:00:00+09:00,991.6654663085938,991.6654663085938,978.8422059683965,991.6654663085938,600,0.0,0.0
2015-10-22 00:00:00+09:00,987.3909912109375,987.3909912109375,987.3909912109375,987.3909912109375,200,0.0,0.0
2015-10-23 00:00:00+09:00,991.6654663085938,991.6654663085938,991.6654663085938,991.6654663085938,400,0.0,0.0
2015-10-26 00:00:00+09:00,991.6654110863095,991.6654110863095,978.8421514601935,987.3909912109375,1000,0.0,0.0
2015-10-27 00:00:00+09:00,987.3909912109375,987.3909912109375,987.3909912109375,987.3909912109375,0,0.0,0.0
2015-10-28 00:00:00+09:00,995.9398864219929,995.9398864219929,991.6654663085938,991.6654663085938,600,0.0,0.0
2015-10-29 00:00:00+09:00,991.6654663085938,991.6654663085938,991.6654663085938,991.6654663085938,0,0.0,0.0
2015-10-30 00:00:00+09:00,991.6654663085938,991.6654663085938,991.6654663085938,991.6654663085938,1400,0.0,0.0
2015-11-02 00:00:00+09:00,991.6654663085938,991.6654663085938,991.6654663085938,991.6654663085938,600,0.0,0.0
2015-11-04 00:00:00+09:00,1004.4887084960938,1004.4887084960938,1004.4887084960938,1004.4887084960938,200,0.0,0.0
2015-11-05 00:00:00+09:00,1004.4887084960938,1004.4887084960938,1004.4887084960938,1004.4887084960938,0,0.0,0.0
2015-11-06 00:00:00+09:00,1004.4887084960938,1004.4887084960938,1004.4887084960938,1004.4887084960938,0,0.0,0.0
2015-11-09 00:00:00+09:00,1004.4887084960938,1004.4887084960938,1004.4887084960938,1004.4887084960938,200,0.0,0.0
2015-11-10 00:00:00+09:00,1004.4887084960938,1004.4887084960938,1004.4887084960938,1004.4887084960938,200,0.0,0.0
2015-11-11 00:00:00+09:00,1004.4887084960938,1004.4887084960938,1004.4887084960938,1004.4887084960938,0,0.0,0.0
2015-11-12 00:00:00+09:00,970.2933349609375,970.2933349609375,970.2933349609375,970.2933349609375,200,0.0,0.0
2015-11-13 00:00:00+09:00,970.2932947925013,1000.2142333984375,970.2932947925013,1000.2142333984375,400,0.0,0.0
2015-11-16 00:00:00+09:00,966.0189208984375,966.0189208984375,966.0189208984375,966.0189208984375,2400,0.0,0.0
2015-11-17 00:00:00+09:00,966.0189208984375,966.0189208984375,966.0189208984375,966.0189208984375,0,0.0,0.0
2015-11-18 00:00:00+09:00,987.3909912109375,987.3909912109375,987.3909912109375,987.3909912109375,200,0.0,0.0
2015-11-19 00:00:00+09:00,974.567626953125,974.567626953125,974.567626953125,974.567626953125,600,0.0,0.0
2015-11-20 00:00:00+09:00,974.567626953125,974.567626953125,974.567626953125,974.567626953125,0,0.0,0.0
2015-11-24 00:00:00+09:00,974.567626953125,974.567626953125,974.567626953125,974.567626953125,400,0.0,0.0
2015-11-25 00:00:00+09:00,983.1165771484375,983.1165771484375,983.1165771484375,983.1165771484375,200,0.0,0.0
2015-11-26 00:00:00+09:00,983.1165771484375,983.1165771484375,983.1165771484375,983.1165771484375,400,0.0,0.0
2015-11-27 00:00:00+09:00,983.1165771484375,983.1165771484375,983.1165771484375,983.1165771484375,400,0.0,0.0
2015-11-30 00:00:00+09:00,983.1165771484375,987.3909970490829,983.1165771484375,983.1165771484375,2000,0.0,0.0
2015-12-01 00:00:00+09:00,983.1165771484375,983.1165771484375,983.1165771484375,983.1165771484375,0,0.0,0.0
2015-12-02 00:00:00+09:00,983.1165771484375,983.1165771484375,983.1165771484375,983.1165771484375,0,0.0,0.0
2015-12-03 00:00:00+09:00,983.1165771484375,983.1165771484375,983.1165771484375,983.1165771484375,200,0.0,0.0
2015-12-04 00:00:00+09:00,983.1166009143391,983.1166009143391,966.0189208984375,966.0189208984375,2400,0.0,0.0
2015-12-07 00:00:00+09:00,970.2933349609375,970.2933349609375,970.2933349609375,970.2933349609375,200,0.0,0.0
2015-12-08 00:00:00+09:00,966.0189208984375,966.0189208984375,966.0189208984375,966.0189208984375,400,0.0,0.0
2015-12-09 00:00:00+09:00,957.4700260416666,961.7444458007812,957.4700260416666,961.7444458007812,1400,0.0,0.0
2015-12-10 00:00:00+09:00,953.195556640625,953.195556640625,953.195556640625,953.195556640625,400,0.0,0.0
2015-12-11 00:00:00+09:00,953.195556640625,953.195556640625,953.195556640625,953.195556640625,200,0.0,0.0
2015-12-14 00:00:00+09:00,953.195556640625,953.195556640625,953.195556640625,953.195556640625,0,0.0,0.0
2015-12-15 00:00:00+09:00,966.0189208984375,966.0189208984375,966.0189208984375,966.0189208984375,200,0.0,0.0
2015-12-16 00:00:00+09:00,966.0188948197798,966.0188948197798,940.3723754882812,940.3723754882812,1400,0.0,0.0
2015-12-17 00:00:00+09:00,944.6467895507812,944.6467895507812,944.6467895507812,944.6467895507812,600,0.0,0.0
2015-12-18 00:00:00+09:00,953.195641086526,953.195641086526,936.0979614257812,936.0979614257812,600,0.0,0.0
2015-12-21 00:00:00+09:00,936.0979231013807,936.0979231013807,919.000244140625,919.000244140625,600,0.0,0.0
2015-12-22 00:00:00+09:00,919.0002852219801,919.0002852219801,889.079345703125,889.079345703125,1200,0.0,0.0
2015-12-24 00:00:00+09:00,889.0792675781249,889.0792675781249,854.8839111328125,854.8839111328125,3600,0.0,0.0
2015-12-25 00:00:00+09:00,854.8839111328125,854.8839111328125,854.8839111328125,854.8839111328125,0,0.0,0.0
2015-12-28 00:00:00+09:00,880.5304565429688,880.5304565429688,880.5304565429688,880.5304565429688,200,0.0,0.0
2015-12-29 00:00:00+09:00,901.9025268554688,901.9025268554688,901.9025268554688,901.9025268554688,200,0.0,0.0
2015-12-30 00:00:00+09:00,919.0002498448453,919.0002498448453,914.725830078125,914.725830078125,400,0.0,0.0
2016-01-04 00:00:00+09:00,914.725830078125,914.725830078125,914.725830078125,914.725830078125,400,0.0,0.0
2016-01-05 00:00:00+09:00,927.5490112304688,927.5490112304688,927.5490112304688,927.5490112304688,200,0.0,0.0
2016-01-06 00:00:00+09:00,927.5490112304688,927.5490112304688,927.5490112304688,927.5490112304688,0,0.0,0.0
2016-01-07 00:00:00+09:00,927.5490112304688,927.5490112304688,927.5490112304688,927.5490112304688,0,0.0,0.0
2016-01-08 00:00:00+09:00,927.5490112304688,927.5490112304688,927.5490112304688,927.5490112304688,0,0.0,0.0
2016-01-12 00:00:00+09:00,927.5490112304688,927.5490112304688,927.5490112304688,927.5490112304688,0,0.0,0.0
2016-01-13 00:00:00+09:00,914.725830078125,914.725830078125,914.725830078125,914.725830078125,200,0.0,0.0
2016-01-14 00:00:00+09:00,897.6281587204131,897.6281587204131,863.4328002929688,863.4328002929688,600,0.0,0.0
2016-01-15 00:00:00+09:00,931.823486328125,931.823486328125,931.823486328125,931.823486328125,1000,0.0,0.0
2016-01-18 00:00:00+09:00,927.5491392347548,927.5491392347548,923.2747192382812,923.2747192382812,400,0.0,0.0
2016-01-19 00:00:00+09:00,919.000244140625,919.000244140625,919.000244140625,919.000244140625,200,0.0,0.0
2016-01-20 00:00:00+09:00,884.804902850457,906.177001953125,884.804902850457,906.177001953125,400,0.0,0.0
2016-01-21 00:00:00+09:00,906.177001953125,906.177001953125,906.177001953125,906.177001953125,0,0.0,0.0
2016-01-22 00:00:00+09:00,871.9816457264459,876.2560655584383,859.1583862304688,859.1583862304688,2000,0.0,0.0
2016-01-25 00:00:00+09:00,863.432783322218,876.2560424804688,863.432783322218,876.2560424804688,400,0.0,0.0
2016-01-26 00:00:00+09:00,876.2560424804688,876.2560424804688,876.2560424804688,876.2560424804688,400,0.0,0.0
2016-01-27 00:00:00+09:00,876.2560424804688,876.2560424804688,876.2560424804688,876.2560424804688,0,0.0,0.0
2016-01-28 00:00:00+09:00,876.2560424804688,876.2560424804688,876.2560424804688,876.2560424804688,0,0.0,0.0
2016-01-29 00:00:00+09:00,876.2560424804688,876.2560424804688,876.2560424804688,876.2560424804688,0,0.0,0.0
2016-02-01 00:00:00+09:00,876.2560539057689,876.2560539057689,867.7072143554688,867.7072143554688,1200,0.0,0.0
2016-02-02 00:00:00+09:00,867.7072143554688,867.7072143554688,867.7072143554688,867.7072143554688,400,0.0,0.0
2016-02-03 00:00:00+09:00,867.7072376653778,867.7072376653778,850.6095581054688,850.6095581054688,1400,0.0,0.0
2016-02-04 00:00:00+09:00,850.6095352548683,871.9816341306189,850.6095352548683,867.7072143554688,5400,0.0,0.0
2016-02-05 00:00:00+09:00,867.7071697998047,867.7071697998047,854.8839111328125,854.8839111328125,800,0.0,0.0
2016-02-08 00:00:00+09:00,854.8839111328125,854.8839111328125,854.8839111328125,854.8839111328125,600,0.0,0.0
2016-02-09 00:00:00+09:00,854.8839111328125,854.8839111328125,854.8839111328125,854.8839111328125,0,0.0,0.0
2016-02-10 00:00:00+09:00,837.7862719600065,837.7862719600065,824.9630126953125,824.9630126953125,400,0.0,0.0
2016-02-12 00:00:00+09:00,812.1397550813444,812.1397550813444,777.9443969726562,777.9443969726562,2000,0.0,0.0
2016-02-15 00:00:00+09:00,777.9443969726562,777.9443969726562,777.9443969726562,777.9443969726562,0,0.0,0.0
2016-02-16 00:00:00+09:00,786.4932307675888,786.4932307675888,782.2188110351562,782.2188110351562,1000,0.0,0.0
2016-02-17 00:00:00+09:00,782.2188110351562,782.2188110351562,782.2188110351562,782.2188110351562,200,0.0,0.0
2016-02-18 00:00:00+09:00,803.5909139208226,824.9630126953125,803.5909139208226,824.9630126953125,1000,0.0,0.0
2016-02-19 00:00:00+09:00,820.6885986328125,820.6885986328125,820.6885986328125,820.6885986328125,200,0.0,0.0
2016-02-22 00:00:00+09:00,820.6885986328125,820.6885986328125,820.6885986328125,820.6885986328125,0,0.0,0.0
2016-02-23 00:00:00+09:00,820.6885986328125,820.6885986328125,820.6885986328125,820.6885986328125,0,0.0,0.0
2016-02-24 00:00:00+09:00,820.6885986328125,820.6885986328125,820.6885986328125,820.6885986328125,0,0.0,0.0
2016-02-25 00:00:00+09:00,820.6885986328125,820.6885986328125,820.6885986328125,820.6885986328125,0,0.0,0.0
2016-02-26 00:00:00+09:00,820.6885986328125,820.6885986328125,820.6885986328125,820.6885986328125,200,0.0,0.0
2016-02-29 00:00:00+09:00,820.6885986328125,820.6885986328125,820.6885986328125,820.6885986328125,400,0.0,0.0
2016-03-01 00:00:00+09:00,820.6885986328125,820.6885986328125,820.6885986328125,820.6885986328125,0,0.0,0.0
2016-03-02 00:00:00+09:00,829.2373931723297,829.2373931723297,807.8652954101562,807.8652954101562,400,0.0,0.0
2016-03-03 00:00:00+09:00,807.8652954101562,807.8652954101562,807.8652954101562,807.8652954101562,200,0.0,0.0
2016-03-04 00:00:00+09:00,807.8652954101562,807.8652954101562,807.8652954101562,807.8652954101562,0,0.0,0.0
2016-03-07 00:00:00+09:00,812.139726118608,812.139726118608,799.3164672851562,799.3164672851562,600,0.0,0.0
2016-03-08 00:00:00+09:00,812.1397705078125,812.1397705078125,812.1397705078125,812.1397705078125,200,0.0,0.0
2016-03-09 00:00:00+09:00,812.1397705078125,812.1397705078125,812.1397705078125,812.1397705078125,0,0.0,0.0
2016-03-10 00:00:00+09:00,812.1397705078125,812.1397705078125,812.1397705078125,812.1397705078125,0,0.0,0.0
2016-03-11 00:00:00+09:00,812.1397705078125,812.1397705078125,812.1397705078125,812.1397705078125,0,0.0,0.0
2016-03-14 00:00:00+09:00,812.1397705078125,812.1397705078125,812.1397705078125,812.1397705078125,0,0.0,0.0
2016-03-15 00:00:00+09:00,812.1397534306185,824.9630126953125,812.1397534306185,824.9630126953125,1200,0.0,0.0
2016-03-16 00:00:00+09:00,833.5118408203125,833.5118408203125,833.5118408203125,833.5118408203125,400,0.0,0.0
2016-03-17 00:00:00+09:00,833.5118408203125,833.5118408203125,833.5118408203125,833.5118408203125,0,0.0,0.0
2016-03-18 00:00:00+09:00,833.5118408203125,833.5118408203125,833.5118408203125,833.5118408203125,200,0.0,0.0
2016-03-22 00:00:00+09:00,829.2374267578125,829.2374267578125,829.2374267578125,829.2374267578125,200,0.0,0.0
2016-03-23 00:00:00+09:00,833.5118408203125,833.5118408203125,833.5118408203125,833.5118408203125,200,0.0,0.0
2016-03-24 00:00:00+09:00,833.5118408203125,833.5118408203125,833.5118408203125,833.5118408203125,0,0.0,0.0
2016-03-25 00:00:00+09:00,833.5118408203125,833.5118408203125,833.5118408203125,833.5118408203125,0,0.0,0.0
2016-03-28 00:00:00+09:00,833.5118296666799,842.0606689453125,829.2374100273636,842.0606689453125,1200,0.0,0.0
2016-03-29 00:00:00+09:00,887.0906372070312,887.0906372070312,887.0906372070312,887.0906372070312,0,50.0,0.0
2016-03-30 00:00:00+09:00,878.0846557617188,878.0846557617188,878.0846557617188,878.0846557617188,200,0.0,0.0
2016-03-31 00:00:00+09:00,878.0846557617188,878.0846557617188,878.0846557617188,878.0846557617188,400,0.0,0.0
2016-04-01 00:00:00+09:00,878.0846557617188,878.0846557617188,878.0846557617188,878.0846557617188,0,0.0,0.0
2016-04-04 00:00:00+09:00,878.0846557617188,878.0846557617188,878.0846557617188,878.0846557617188,0,0.0,0.0
2016-04-05 00:00:00+09:00,860.0726392244038,860.0726392244038,855.5696411132812,855.5696411132812,600,0.0,0.0
2016-04-06 00:00:00+09:00,855.5696411132812,855.5696411132812,855.5696411132812,855.5696411132812,0,0.0,0.0
2016-04-07 00:00:00+09:00,833.0546799526419,837.5576782226562,833.0546799526419,837.5576782226562,1000,0.0,0.0
2016-04-08 00:00:00+09:00,837.5576782226562,837.5576782226562,837.5576782226562,837.5576782226562,0,0.0,0.0
2016-04-11 00:00:00+09:00,837.5576782226562,837.5576782226562,837.5576782226562,837.5576782226562,0,0.0,0.0
2016-04-12 00:00:00+09:00,837.5576782226562,837.5576782226562,837.5576782226562,837.5576782226562,0,0.0,0.0
2016-04-13 00:00:00+09:00,837.5576782226562,837.5576782226562,837.5576782226562,837.5576782226562,0,0.0,0.0
2016-04-14 00:00:00+09:00,837.5576782226562,837.5576782226562,837.5576782226562,837.5576782226562,0,0.0,0.0
2016-04-15 00:00:00+09:00,837.5576782226562,837.5576782226562,837.5576782226562,837.5576782226562,0,0.0,0.0
2016-04-18 00:00:00+09:00,846.5636901855469,864.57568359375,846.5636901855469,864.57568359375,600,0.0,0.0
2016-04-19 00:00:00+09:00,905.1026611328125,905.1026611328125,905.1026611328125,905.1026611328125,400,0.0,0.0
2016-04-20 00:00:00+09:00,869.0786592923679,878.0846557617188,869.0786592923679,878.0846557617188,400,0.0,0.0
2016-04-21 00:00:00+09:00,878.0846557617188,878.0846557617188,878.0846557617188,878.0846557617188,0,0.0,0.0
2016-04-22 00:00:00+09:00,878.0846557617188,878.0846557617188,878.0846557617188,878.0846557617188,0,0.0,0.0
2016-04-25 00:00:00+09:00,878.0846557617188,878.0846557617188,878.0846557617188,878.0846557617188,0,0.0,0.0
2016-04-26 00:00:00+09:00,878.0846557617188,878.0846557617188,878.0846557617188,878.0846557617188,200,0.0,0.0
2016-04-27 00:00:00+09:00,878.0846557617188,878.0846557617188,878.0846557617188,878.0846557617188,0,0.0,0.0
2016-04-28 00:00:00+09:00,878.0846557617188,878.0846557617188,878.0846557617188,878.0846557617188,1000,0.0,0.0
2016-05-02 00:00:00+09:00,878.0846557617188,878.0846557617188,878.0846557617188,878.0846557617188,200,0.0,0.0
2016-05-06 00:00:00+09:00,878.0846557617188,878.0846557617188,878.0846557617188,878.0846557617188,200,0.0,0.0
2016-05-09 00:00:00+09:00,878.0846557617188,878.0846557617188,878.0846557617188,878.0846557617188,0,0.0,0.0
2016-05-10 00:00:00+09:00,878.0846557617188,878.0846557617188,878.0846557617188,878.0846557617188,0,0.0,0.0
2016-05-11 00:00:00+09:00,869.0786743164062,869.0786743164062,869.0786743164062,869.0786743164062,200,0.0,0.0
2016-05-12 00:00:00+09:00,869.0786743164062,869.0786743164062,869.0786743164062,869.0786743164062,0,0.0,0.0
2016-05-13 00:00:00+09:00,869.0786743164062,869.0786743164062,869.0786743164062,869.0786743164062,0,0.0,0.0
2016-05-16 00:00:00+09:00,869.0786743164062,869.0786743164062,869.0786743164062,869.0786743164062,0,0.0,0.0
2016-05-17 00:00:00+09:00,842.0606841216216,842.0606841216216,833.0546875,833.0546875,800,0.0,0.0
2016-05-18 00:00:00+09:00,851.0666730326991,851.0666730326991,837.5576782226562,837.5576782226562,600,0.0,0.0
2016-05-19 00:00:00+09:00,833.0546875,833.0546875,833.0546875,833.0546875,200,0.0,0.0
2016-05-20 00:00:00+09:00,842.0606689453125,842.0606689453125,842.0606689453125,842.0606689453125,200,0.0,0.0
2016-05-23 00:00:00+09:00,842.0606689453125,842.0606689453125,842.0606689453125,842.0606689453125,0,0.0,0.0
2016-05-24 00:00:00+09:00,842.0606689453125,842.0606689453125,842.0606689453125,842.0606689453125,0,0.0,0.0
2016-05-25 00:00:00+09:00,842.0606689453125,842.0606689453125,842.0606689453125,842.0606689453125,0,0.0,0.0
2016-05-26 00:00:00+09:00,842.0606689453125,842.0606689453125,842.0606689453125,842.0606689453125,0,0.0,0.0
2016-05-27 00:00:00+09:00,833.0546724860044,846.5636671749666,833.0546724860044,842.0606689453125,2200,0.0,0.0
2016-05-30 00:00:00+09:00,842.0606689453125,842.0606689453125,842.0606689453125,842.0606689453125,200,0.0,0.0
2016-05-31 00:00:00+09:00,842.0606689453125,842.0606689453125,842.0606689453125,842.0606689453125,0,0.0,0.0
2016-06-01 00:00:00+09:00,842.0606689453125,842.0606689453125,842.0606689453125,842.0606689453125,600,0.0,0.0
2016-06-02 00:00:00+09:00,842.0606689453125,842.0606689453125,842.0606689453125,842.0606689453125,200,0.0,0.0
2016-06-03 00:00:00+09:00,842.0606689453125,842.0606689453125,842.0606689453125,842.0606689453125,0,0.0,0.0
2016-06-06 00:00:00+09:00,828.5516430797474,828.5516430797474,824.0486450195312,824.0486450195312,400,0.0,0.0
2016-06-07 00:00:00+09:00,824.0486450195312,824.0486450195312,824.0486450195312,824.0486450195312,0,0.0,0.0
2016-06-08 00:00:00+09:00,819.5457153320312,819.5457153320312,819.5457153320312,819.5457153320312,800,0.0,0.0
2016-06-09 00:00:00+09:00,828.5516891891891,833.0546875,828.5516891891891,833.0546875,400,0.0,0.0
2016-06-10 00:00:00+09:00,833.0546875,833.0546875,833.0546875,833.0546875,0,0.0,0.0
2016-06-13 00:00:00+09:00,833.0546875,833.0546875,833.0546875,833.0546875,0,0.0,0.0
2016-06-14 00:00:00+09:00,833.0546875,833.0546875,833.0546875,833.0546875,0,0.0,0.0
2016-06-15 00:00:00+09:00,833.0546875,833.0546875,833.0546875,833.0546875,0,0.0,0.0
2016-06-16 00:00:00+09:00,833.0546875,833.0546875,833.0546875,833.0546875,0,0.0,0.0
2016-06-17 00:00:00+09:00,810.5397033691406,810.5397033691406,792.5277099609375,792.5277099609375,2000,0.0,0.0
2016-06-20 00:00:00+09:00,806.0366821289062,806.0366821289062,806.0366821289062,806.0366821289062,1600,0.0,0.0
2016-06-21 00:00:00+09:00,810.5396728515625,810.5396728515625,810.5396728515625,810.5396728515625,200,0.0,0.0
2016-06-22 00:00:00+09:00,810.5396728515625,810.5396728515625,810.5396728515625,810.5396728515625,200,0.0,0.0
2016-06-23 00:00:00+09:00,810.5396728515625,810.5396728515625,810.5396728515625,810.5396728515625,400,0.0,0.0
2016-06-24 00:00:00+09:00,810.5396728515625,810.5396728515625,810.5396728515625,810.5396728515625,400,0.0,0.0
2016-06-27 00:00:00+09:00,810.5396728515625,810.5396728515625,810.5396728515625,810.5396728515625,800,0.0,0.0
2016-06-28 00:00:00+09:00,810.5396728515625,810.5396728515625,810.5396728515625,810.5396728515625,0,0.0,0.0
2016-06-29 00:00:00+09:00,810.5396728515625,810.5396728515625,810.5396728515625,810.5396728515625,200,0.0,0.0
2016-06-30 00:00:00+09:00,810.5396728515625,810.5396728515625,810.5396728515625,810.5396728515625,0,0.0,0.0
2016-07-01 00:00:00+09:00,810.5396728515625,810.5396728515625,810.5396728515625,810.5396728515625,0,0.0,0.0
2016-07-04 00:00:00+09:00,833.0546875,833.0546875,833.0546875,833.0546875,600,0.0,0.0
2016-07-05 00:00:00+09:00,815.042724609375,815.042724609375,815.042724609375,815.042724609375,200,0.0,0.0
2016-07-06 00:00:00+09:00,815.042724609375,815.042724609375,815.042724609375,815.042724609375,0,0.0,0.0
2016-07-07 00:00:00+09:00,815.042724609375,815.042724609375,815.042724609375,815.042724609375,0,0.0,0.0
2016-07-08 00:00:00+09:00,815.042724609375,815.042724609375,815.042724609375,815.042724609375,0,0.0,0.0
2016-07-11 00:00:00+09:00,815.042724609375,815.042724609375,815.042724609375,815.042724609375,0,0.0,0.0
2016-07-12 00:00:00+09:00,815.042724609375,815.042724609375,815.042724609375,815.042724609375,200,0.0,0.0
2016-07-13 00:00:00+09:00,815.042724609375,815.042724609375,815.042724609375,815.042724609375,200,0.0,0.0
2016-07-14 00:00:00+09:00,815.042724609375,815.042724609375,815.042724609375,815.042724609375,0,0.0,0.0
2016-07-15 00:00:00+09:00,815.042724609375,815.042724609375,815.042724609375,815.042724609375,0,0.0,0.0
2016-07-19 00:00:00+09:00,824.0486450195312,824.0486450195312,824.0486450195312,824.0486450195312,200,0.0,0.0
2016-07-20 00:00:00+09:00,824.0486450195312,824.0486450195312,824.0486450195312,824.0486450195312,200,0.0,0.0
2016-07-21 00:00:00+09:00,815.042724609375,815.042724609375,815.042724609375,815.042724609375,200,0.0,0.0
2016-07-22 00:00:00+09:00,815.042724609375,815.042724609375,815.042724609375,815.042724609375,0,0.0,0.0
2016-07-25 00:00:00+09:00,828.5516816826276,846.5636747626847,828.5516816826276,837.5576782226562,1200,0.0,0.0
2016-07-26 00:00:00+09:00,837.5576782226562,837.5576782226562,837.5576782226562,837.5576782226562,200,0.0,0.0
2016-07-27 00:00:00+09:00,846.563720703125,846.563720703125,846.563720703125,846.563720703125,400,0.0,0.0
2016-07-28 00:00:00+09:00,869.0786743164062,869.0786743164062,869.0786743164062,869.0786743164062,1000,0.0,0.0
2016-07-29 00:00:00+09:00,869.0786743164062,869.0786743164062,869.0786743164062,869.0786743164062,0,0.0,0.0
2016-08-01 00:00:00+09:00,869.0786743164062,869.0786743164062,869.0786743164062,869.0786743164062,200,0.0,0.0
2016-08-02 00:00:00+09:00,869.0786743164062,869.0786743164062,869.0786743164062,869.0786743164062,800,0.0,0.0
2016-08-03 00:00:00+09:00,869.0786743164062,869.0786743164062,869.0786743164062,869.0786743164062,0,0.0,0.0
2016-08-04 00:00:00+09:00,869.0786743164062,869.0786743164062,869.0786743164062,869.0786743164062,0,0.0,0.0
2016-08-05 00:00:00+09:00,869.0786743164062,869.0786743164062,869.0786743164062,869.0786743164062,0,0.0,0.0
2016-08-08 00:00:00+09:00,869.0786743164062,869.0786743164062,869.0786743164062,869.0786743164062,0,0.0,0.0
2016-08-09 00:00:00+09:00,869.0786743164062,869.0786743164062,869.0786743164062,869.0786743164062,0,0.0,0.0
2016-08-10 00:00:00+09:00,869.0786743164062,869.0786743164062,869.0786743164062,869.0786743164062,0,0.0,0.0
2016-08-12 00:00:00+09:00,869.0786743164062,869.0786743164062,869.0786743164062,869.0786743164062,0,0.0,0.0
2016-08-15 00:00:00+09:00,869.0786743164062,869.0786743164062,869.0786743164062,869.0786743164062,0,0.0,0.0
2016-08-16 00:00:00+09:00,869.0786743164062,869.0786743164062,869.0786743164062,869.0786743164062,0,0.0,0.0
2016-08-17 00:00:00+09:00,869.0786743164062,869.0786743164062,869.0786743164062,869.0786743164062,0,0.0,0.0
2016-08-18 00:00:00+09:00,869.0786743164062,869.0786743164062,869.0786743164062,869.0786743164062,200,0.0,0.0
2016-08-19 00:00:00+09:00,846.563720703125,846.563720703125,846.563720703125,846.563720703125,200,0.0,0.0
2016-08-22 00:00:00+09:00,846.563720703125,846.563720703125,846.563720703125,846.563720703125,0,0.0,0.0
2016-08-23 00:00:00+09:00,846.563720703125,846.563720703125,846.563720703125,846.563720703125,0,0.0,0.0
2016-08-24 00:00:00+09:00,846.563720703125,846.563720703125,846.563720703125,846.563720703125,0,0.0,0.0
2016-08-25 00:00:00+09:00,846.563720703125,846.563720703125,846.563720703125,846.563720703125,0,0.0,0.0
2016-08-26 00:00:00+09:00,842.0607075114826,842.0607075114826,819.5457153320312,819.5457153320312,400,0.0,0.0
2016-08-29 00:00:00+09:00,824.0487137679215,824.0487137679215,815.042716896141,819.5457153320312,600,0.0,0.0
2016-08-30 00:00:00+09:00,819.5457153320312,819.5457153320312,819.5457153320312,819.5457153320312,0,0.0,0.0
2016-08-31 00:00:00+09:00,819.5457153320312,819.5457153320312,819.5457153320312,819.5457153320312,0,0.0,0.0
2016-09-01 00:00:00+09:00,819.5457153320312,819.5457153320312,819.5457153320312,819.5457153320312,0,0.0,0.0
2016-09-02 00:00:00+09:00,833.0546875,833.0546875,833.0546875,833.0546875,400,0.0,0.0
2016-09-05 00:00:00+09:00,833.0546875,833.0546875,833.0546875,833.0546875,0,0.0,0.0
2016-09-06 00:00:00+09:00,833.0546875,833.0546875,833.0546875,833.0546875,0,0.0,0.0
2016-09-07 00:00:00+09:00,833.054663764106,833.054663764106,810.5396728515625,810.5396728515625,1800,0.0,0.0
2016-09-08 00:00:00+09:00,810.5396728515625,810.5396728515625,810.5396728515625,810.5396728515625,200,0.0,0.0
2016-09-09 00:00:00+09:00,810.5396728515625,810.5396728515625,810.5396728515625,810.5396728515625,0,0.0,0.0
2016-09-12 00:00:00+09:00,806.0366821289062,806.0366821289062,806.0366821289062,806.0366821289062,200,0.0,0.0
2016-09-13 00:00:00+09:00,806.0366821289062,806.0366821289062,806.0366821289062,806.0366821289062,200,0.0,0.0
2016-09-14 00:00:00+09:00,806.0366821289062,806.0366821289062,806.0366821289062,806.0366821289062,0,0.0,0.0
2016-09-15 00:00:00+09:00,806.0366821289062,806.0366821289062,806.0366821289062,806.0366821289062,0,0.0,0.0
2016-09-16 00:00:00+09:00,806.0366821289062,806.0366821289062,806.0366821289062,806.0366821289062,0,0.0,0.0
2016-09-20 00:00:00+09:00,806.0366821289062,806.0366821289062,806.0366821289062,806.0366821289062,0,0.0,0.0
2016-09-21 00:00:00+09:00,824.0486450195312,824.0486450195312,824.0486450195312,824.0486450195312,200,0.0,0.0
2016-09-23 00:00:00+09:00,801.53369140625,801.53369140625,801.53369140625,801.53369140625,400,0.0,0.0
2016-09-26 00:00:00+09:00,797.0307006835938,797.0307006835938,797.0307006835938,797.0307006835938,200,0.0,0.0
2016-09-27 00:00:00+09:00,797.0307006835938,797.0307006835938,797.0307006835938,797.0307006835938,0,0.0,0.0
2016-09-28 00:00:00+09:00,797.0307006835938,797.0307006835938,797.0307006835938,797.0307006835938,0,0.0,0.0
2016-09-29 00:00:00+09:00,797.0307006835938,797.0307006835938,797.0307006835938,797.0307006835938,0,0.0,0.0
2016-09-30 00:00:00+09:00,797.0307006835938,797.0307006835938,797.0307006835938,797.0307006835938,0,0.0,0.0
2016-10-03 00:00:00+09:00,815.042724609375,815.042724609375,815.042724609375,815.042724609375,200,0.0,0.0
2016-10-04 00:00:00+09:00,828.5516655815973,828.5516655815973,810.5396728515625,810.5396728515625,400,0.0,0.0
2016-10-05 00:00:00+09:00,797.0307083129883,797.0307083129883,792.5277099609375,792.5277099609375,1800,0.0,0.0
2016-10-06 00:00:00+09:00,792.5277099609375,792.5277099609375,792.5277099609375,792.5277099609375,0,0.0,0.0
2016-10-07 00:00:00+09:00,792.5277099609375,792.5277099609375,792.5277099609375,792.5277099609375,0,0.0,0.0
2016-10-11 00:00:00+09:00,792.5276711524567,792.5276711524567,779.0186767578125,779.0186767578125,600,0.0,0.0
2016-10-12 00:00:00+09:00,797.0307006835938,797.0307006835938,797.0307006835938,797.0307006835938,400,0.0,0.0
2016-10-13 00:00:00+09:00,797.0307006835938,797.0307006835938,797.0307006835938,797.0307006835938,0,0.0,0.0
2016-10-14 00:00:00+09:00,797.0307006835938,797.0307006835938,797.0307006835938,797.0307006835938,0,0.0,0.0
2016-10-17 00:00:00+09:00,797.0307006835938,797.0307006835938,797.0307006835938,797.0307006835938,0,0.0,0.0
2016-10-18 00:00:00+09:00,806.0366973014875,810.5396956104344,797.0307006835938,797.0307006835938,600,0.0,0.0
2016-10-19 00:00:00+09:00,801.5336839047225,806.0366821289062,801.5336839047225,806.0366821289062,800,0.0,0.0
2016-10-20 00:00:00+09:00,806.0366821289062,806.0366821289062,806.0366821289062,806.0366821289062,0,0.0,0.0
2016-10-21 00:00:00+09:00,810.5396803530901,810.5396803530901,806.0366821289062,806.0366821289062,1200,0.0,0.0
2016-10-24 00:00:00+09:00,810.5396728515625,810.5396728515625,810.5396728515625,810.5396728515625,800,0.0,0.0
2016-10-25 00:00:00+09:00,810.5396728515625,810.5396728515625,810.5396728515625,810.5396728515625,400,0.0,0.0
2016-10-26 00:00:00+09:00,815.042716896141,819.5457153320312,815.042716896141,819.5457153320312,1400,0.0,0.0
2016-10-27 00:00:00+09:00,819.5457153320312,819.5457153320312,819.5457153320312,819.5457153320312,400,0.0,0.0
2016-10-28 00:00:00+09:00,819.5457153320312,819.5457153320312,819.5457153320312,819.5457153320312,1800,0.0,0.0
2016-10-31 00:00:00+09:00,819.5457153320312,819.5457153320312,819.5457153320312,819.5457153320312,800,0.0,0.0
2016-11-01 00:00:00+09:00,810.5396728515625,810.5396728515625,810.5396728515625,810.5396728515625,200,0.0,0.0
2016-11-02 00:00:00+09:00,819.5456692165799,819.5456692165799,810.5396728515625,810.5396728515625,800,0.0,0.0
2016-11-04 00:00:00+09:00,810.5396728515625,810.5396728515625,810.5396728515625,810.5396728515625,0,0.0,0.0
2016-11-07 00:00:00+09:00,810.5396728515625,810.5396728515625,810.5396728515625,810.5396728515625,0,0.0,0.0
2016-11-08 00:00:00+09:00,810.5396728515625,810.5396728515625,810.5396728515625,810.5396728515625,0,0.0,0.0
2016-11-09 00:00:00+09:00,810.5396728515625,810.5396728515625,810.5396728515625,810.5396728515625,0,0.0,0.0
2016-11-10 00:00:00+09:00,810.5396728515625,810.5396728515625,810.5396728515625,810.5396728515625,400,0.0,0.0
2016-11-11 00:00:00+09:00,810.5396728515625,810.5396728515625,810.5396728515625,810.5396728515625,0,0.0,0.0
2016-11-14 00:00:00+09:00,806.0367050170898,806.0367050170898,792.5277099609375,792.5277099609375,3800,0.0,0.0
2016-11-15 00:00:00+09:00,792.5277176339285,792.5277176339285,788.0247192382812,788.0247192382812,2200,0.0,0.0
2016-11-16 00:00:00+09:00,792.5277099609375,792.5277099609375,792.5277099609375,792.5277099609375,800,0.0,0.0
2016-11-17 00:00:00+09:00,792.5277099609375,792.5277099609375,792.5277099609375,792.5277099609375,200,0.0,0.0
2016-11-18 00:00:00+09:00,797.0307006835938,797.0307006835938,797.0307006835938,797.0307006835938,800,0.0,0.0
2016-11-21 00:00:00+09:00,788.0246819390192,810.5396728515625,788.0246819390192,810.5396728515625,800,0.0,0.0
2016-11-22 00:00:00+09:00,810.5396728515625,810.5396728515625,810.5396728515625,810.5396728515625,0,0.0,0.0
2016-11-24 00:00:00+09:00,810.5396728515625,810.5396728515625,810.5396728515625,810.5396728515625,400,0.0,0.0
2016-11-25 00:00:00+09:00,810.5396728515625,810.5396728515625,810.5396728515625,810.5396728515625,400,0.0,0.0
2016-11-28 00:00:00+09:00,810.5397184602507,819.5457153320312,810.5397184602507,819.5457153320312,800,0.0,0.0
2016-11-29 00:00:00+09:00,819.5457153320312,819.5457153320312,819.5457153320312,819.5457153320312,0,0.0,0.0
2016-11-30 00:00:00+09:00,819.5457000732422,819.5457000732422,783.5217132568359,792.5277099609375,7800,0.0,0.0
2016-12-01 00:00:00+09:00,792.5276948735955,801.53369140625,792.5276948735955,801.53369140625,1000,0.0,0.0
2016-12-02 00:00:00+09:00,801.53369140625,801.53369140625,801.53369140625,801.53369140625,0,0.0,0.0
2016-12-05 00:00:00+09:00,806.0366821289062,806.0366821289062,806.0366821289062,806.0366821289062,400,0.0,0.0
2016-12-06 00:00:00+09:00,806.0366746690538,810.5396728515625,806.0366746690538,810.5396728515625,800,0.0,0.0
2016-12-07 00:00:00+09:00,810.5397261308702,815.042724609375,810.5397261308702,815.042724609375,1000,0.0,0.0
2016-12-08 00:00:00+09:00,815.042724609375,815.042724609375,815.042724609375,815.042724609375,0,0.0,0.0
2016-12-09 00:00:00+09:00,815.042724609375,815.042724609375,815.042724609375,815.042724609375,0,0.0,0.0
2016-12-12 00:00:00+09:00,815.0426785772739,819.5456768014578,806.0366821289062,806.0366821289062,1200,0.0,0.0
2016-12-13 00:00:00+09:00,806.0366821289062,806.0366821289062,806.0366821289062,806.0366821289062,1000,0.0,0.0
2016-12-14 00:00:00+09:00,801.5336764865451,810.5396728515625,801.5336764865451,810.5396728515625,400,0.0,0.0
2016-12-15 00:00:00+09:00,806.0366821289062,806.0366821289062,806.0366821289062,806.0366821289062,400,0.0,0.0
2016-12-16 00:00:00+09:00,801.5336839047225,806.0366821289062,801.5336839047225,806.0366821289062,600,0.0,0.0
2016-12-19 00:00:00+09:00,806.0366821289062,806.0366821289062,806.0366821289062,806.0366821289062,800,0.0,0.0
2016-12-20 00:00:00+09:00,806.0366973014875,806.0366973014875,797.0307006835938,797.0307006835938,800,0.0,0.0
2016-12-21 00:00:00+09:00,797.0307006835938,797.0307006835938,797.0307006835938,797.0307006835938,600,0.0,0.0
2016-12-22 00:00:00+09:00,797.0307006835938,797.0307006835938,797.0307006835938,797.0307006835938,0,0.0,0.0
2016-12-26 00:00:00+09:00,797.0307006835938,797.0307006835938,797.0307006835938,797.0307006835938,200,0.0,0.0
2016-12-27 00:00:00+09:00,797.0307006835938,797.0307006835938,797.0307006835938,797.0307006835938,200,0.0,0.0
2016-12-28 00:00:00+09:00,797.0307006835938,797.0307006835938,797.0307006835938,797.0307006835938,0,0.0,0.0
2016-12-29 00:00:00+09:00,801.5336989925406,801.5336989925406,797.0307006835938,797.0307006835938,1000,0.0,0.0
2016-12-30 00:00:00+09:00,806.0366821289062,806.0366821289062,806.0366821289062,806.0366821289062,200,0.0,0.0
2017-01-04 00:00:00+09:00,810.5396728515625,810.5396728515625,810.5396728515625,810.5396728515625,400,0.0,0.0
2017-01-05 00:00:00+09:00,810.5397261308702,815.042724609375,810.5397261308702,815.042724609375,1200,0.0,0.0
2017-01-06 00:00:00+09:00,815.042724609375,815.042724609375,815.042724609375,815.042724609375,800,0.0,0.0
2017-01-10 00:00:00+09:00,806.0367276523654,815.042724609375,806.0367276523654,815.042724609375,800,0.0,0.0
2017-01-11 00:00:00+09:00,810.5397261308702,819.5457230878799,810.5397261308702,815.042724609375,1000,0.0,0.0
2017-01-12 00:00:00+09:00,815.042724609375,815.042724609375,815.042724609375,815.042724609375,0,0.0,0.0
2017-01-13 00:00:00+09:00,815.042724609375,815.042724609375,815.042724609375,815.042724609375,600,0.0,0.0
2017-01-16 00:00:00+09:00,815.042724609375,815.042724609375,815.042724609375,815.042724609375,800,0.0,0.0
2017-01-17 00:00:00+09:00,815.042724609375,815.042724609375,815.042724609375,815.042724609375,200,0.0,0.0
2017-01-18 00:00:00+09:00,815.0426710340712,815.0426710340712,810.5396728515625,810.5396728515625,400,0.0,0.0
2017-01-19 00:00:00+09:00,810.5396728515625,810.5396728515625,810.5396728515625,810.5396728515625,1400,0.0,0.0
2017-01-20 00:00:00+09:00,810.5396728515625,810.5396728515625,810.5396728515625,810.5396728515625,0,0.0,0.0
2017-01-23 00:00:00+09:00,810.5396728515625,810.5396728515625,810.5396728515625,810.5396728515625,0,0.0,0.0
2017-01-24 00:00:00+09:00,810.5396728515625,810.5396728515625,810.5396728515625,810.5396728515625,0,0.0,0.0
2017-01-25 00:00:00+09:00,819.5457153320312,819.5457153320312,819.5457153320312,819.5457153320312,600,0.0,0.0
2017-01-26 00:00:00+09:00,819.5457153320312,819.5457153320312,819.5457153320312,819.5457153320312,400,0.0,0.0
2017-01-27 00:00:00+09:00,819.5457153320312,819.5457153320312,819.5457153320312,819.5457153320312,0,0.0,0.0
2017-01-30 00:00:00+09:00,810.5396728515625,810.5396728515625,810.5396728515625,810.5396728515625,200,0.0,0.0
2017-01-31 00:00:00+09:00,810.5397184602507,819.5457153320312,810.5397184602507,819.5457153320312,600,0.0,0.0
2017-02-01 00:00:00+09:00,819.5456469593153,833.0546411399633,819.5456469593153,824.0486450195312,6400,0.0,0.0
2017-02-02 00:00:00+09:00,824.0486834126134,1004.1686142131846,824.0486834126134,837.5576782226562,55000,0.0,0.0
2017-02-03 00:00:00+09:00,842.060669884315,878.0846557617188,842.060669884315,878.0846557617188,7600,0.0,0.0
2017-02-06 00:00:00+09:00,860.0726702188708,873.5816650390625,860.0726702188708,873.5816650390625,1000,0.0,0.0
2017-02-07 00:00:00+09:00,878.0846633124597,878.0846633124597,869.0786667656653,873.5816650390625,2600,0.0,0.0
2017-02-08 00:00:00+09:00,891.5936226222826,1067.210548290308,864.5756340579711,932.12060546875,57600,0.0,0.0
2017-02-09 00:00:00+09:00,896.0966720581055,968.144645690918,864.57568359375,864.57568359375,15000,0.0,0.0
2017-02-10 00:00:00+09:00,891.5936353654425,918.6116243159105,887.0906372070312,887.0906372070312,5000,0.0,0.0
2017-02-13 00:00:00+09:00,887.0906446807238,887.0906446807238,882.587646484375,882.587646484375,800,0.0,0.0
2017-02-14 00:00:00+09:00,869.0786743164062,869.0786743164062,869.0786743164062,869.0786743164062,800,0.0,0.0
2017-02-15 00:00:00+09:00,869.0786896550843,882.5876848310701,855.5696944790985,860.0726928710938,3200,0.0,0.0
2017-02-16 00:00:00+09:00,860.0726618639288,860.0726618639288,842.0606689453125,842.0606689453125,3000,0.0,0.0
2017-02-17 00:00:00+09:00,842.0606764926705,842.0606764926705,837.5576782226562,837.5576782226562,1800,0.0,0.0
2017-02-20 00:00:00+09:00,842.0606841216216,842.0606841216216,828.5516891891891,833.0546875,3200,0.0,0.0
2017-02-21 00:00:00+09:00,828.5516816826276,837.5576782226562,828.5516816826276,837.5576782226562,600,0.0,0.0
2017-02-22 00:00:00+09:00,842.0606689453125,842.0606689453125,842.0606689453125,842.0606689453125,400,0.0,0.0
2017-02-23 00:00:00+09:00,837.5576782226562,837.5576782226562,837.5576782226562,837.5576782226562,200,0.0,0.0
2017-02-24 00:00:00+09:00,837.5576782226562,837.5576782226562,837.5576782226562,837.5576782226562,0,0.0,0.0
2017-02-27 00:00:00+09:00,837.5576782226562,837.5576782226562,833.0546799526419,837.5576782226562,1400,0.0,0.0
2017-02-28 00:00:00+09:00,855.5696636342748,855.5696636342748,842.0606689453125,842.0606689453125,1000,0.0,0.0
2017-03-01 00:00:00+09:00,864.5756448412698,869.0786429914848,846.56365224041,851.066650390625,1800,0.0,0.0
2017-03-02 00:00:00+09:00,864.5756373355264,864.5756373355264,855.5696411132812,855.5696411132812,1200,0.0,0.0
2017-03-03 00:00:00+09:00,864.5756448412698,864.5756448412698,851.066650390625,851.066650390625,400,0.0,0.0
2017-03-06 00:00:00+09:00,851.066650390625,851.066650390625,851.066650390625,851.066650390625,0,0.0,0.0
2017-03-07 00:00:00+09:00,855.5696411132812,855.5696411132812,855.5696411132812,855.5696411132812,400,0.0,0.0
2017-03-08 00:00:00+09:00,851.0667192175033,851.0667192175033,846.563720703125,846.563720703125,600,0.0,0.0
2017-03-09 00:00:00+09:00,851.0667192175033,855.5697177318817,846.563720703125,846.563720703125,800,0.0,0.0
2017-03-10 00:00:00+09:00,842.0607221887467,846.563720703125,833.0547251599901,846.563720703125,1400,0.0,0.0
2017-03-13 00:00:00+09:00,855.5696485408399,855.5696485408399,851.066650390625,851.066650390625,600,0.0,0.0
2017-03-14 00:00:00+09:00,860.0726928710938,860.0726928710938,860.0726928710938,860.0726928710938,1200,0.0,0.0
2017-03-15 00:00:00+09:00,851.066650390625,851.066650390625,851.066650390625,851.066650390625,200,0.0,0.0
2017-03-16 00:00:00+09:00,846.563720703125,846.563720703125,846.563720703125,846.563720703125,1200,0.0,0.0
2017-03-17 00:00:00+09:00,846.563720703125,846.563720703125,846.563720703125,846.563720703125,0,0.0,0.0
2017-03-21 00:00:00+09:00,837.5576782226562,846.5636747626847,837.5576782226562,837.5576782226562,2200,0.0,0.0
2017-03-22 00:00:00+09:00,837.5576782226562,837.5576782226562,837.5576782226562,837.5576782226562,800,0.0,0.0
2017-03-23 00:00:00+09:00,842.0606918334961,842.0606918334961,824.048698425293,828.5516967773438,2000,0.0,0.0
2017-03-24 00:00:00+09:00,828.5516430797474,828.5516430797474,819.5456469593153,824.0486450195312,1600,0.0,0.0
2017-03-27 00:00:00+09:00,824.048698425293,833.0546951293945,824.048698425293,828.5516967773438,800,0.0,0.0
2017-03-28 00:00:00+09:00,833.0546951293945,837.5576934814453,828.5516967773438,828.5516967773438,600,0.0,0.0
2017-03-29 00:00:00+09:00,885.6931535436752,895.2167358398438,885.6931535436752,895.2167358398438,600,50.0,0.0
2017-03-30 00:00:00+09:00,895.2167358398438,895.2167358398438,895.2167358398438,895.2167358398438,0,0.0,0.0
2017-03-31 00:00:00+09:00,904.7403067129629,904.7403067129629,895.216724537037,899.978515625,600,0.0,0.0
2017-04-03 00:00:00+09:00,885.6931762695312,885.6931762695312,885.6931762695312,885.6931762695312,400,0.0,0.0
2017-04-04 00:00:00+09:00,899.978561813767,899.978561813767,880.931396484375,880.931396484375,1800,0.0,0.0
2017-04-05 00:00:00+09:00,885.693187816723,885.693187816723,880.931396484375,880.931396484375,2000,0.0,0.0
2017-04-06 00:00:00+09:00,876.1695937289986,885.6931762695312,876.1695937289986,885.6931762695312,1400,0.0,0.0
2017-04-07 00:00:00+09:00,876.1695556640625,876.1695556640625,876.1695556640625,876.1695556640625,800,0.0,0.0
2017-04-10 00:00:00+09:00,876.1695556640625,876.1695556640625,876.1695556640625,876.1695556640625,0,0.0,0.0
2017-04-11 00:00:00+09:00,876.1695556640625,876.1695556640625,876.1695556640625,876.1695556640625,0,0.0,0.0
2017-04-12 00:00:00+09:00,876.1695784684066,876.1695784684066,861.8842049064217,866.64599609375,1800,0.0,0.0
2017-04-13 00:00:00+09:00,861.8842163085938,861.8842163085938,861.8842163085938,861.8842163085938,1000,0.0,0.0
2017-04-14 00:00:00+09:00,861.8842163085938,866.6460075589175,861.8842163085938,861.8842163085938,1000,0.0,0.0
2017-04-17 00:00:00+09:00,861.8842163085938,861.8842163085938,857.1224250582701,861.8842163085938,800,0.0,0.0
2017-04-18 00:00:00+09:00,866.6460191514757,866.6460191514757,857.1224365234375,857.1224365234375,800,0.0,0.0
2017-04-19 00:00:00+09:00,857.1224250582701,861.8842163085938,857.1224250582701,861.8842163085938,2000,0.0,0.0
2017-04-20 00:00:00+09:00,857.1224365234375,857.1224365234375,857.1224365234375,857.1224365234375,200,0.0,0.0
2017-04-21 00:00:00+09:00,852.3606567382812,852.3606567382812,852.3606567382812,852.3606567382812,800,0.0,0.0
2017-04-24 00:00:00+09:00,852.3606452094184,857.1224365234375,852.3606452094184,857.1224365234375,400,0.0,0.0
2017-04-25 00:00:00+09:00,857.1224365234375,857.1224365234375,857.1224365234375,857.1224365234375,0,0.0,0.0
2017-04-26 00:00:00+09:00,866.64599609375,866.64599609375,866.64599609375,866.64599609375,200,0.0,0.0
2017-04-27 00:00:00+09:00,880.931396484375,880.931396484375,880.931396484375,880.931396484375,400,0.0,0.0
2017-04-28 00:00:00+09:00,866.64599609375,866.64599609375,866.64599609375,866.64599609375,1200,0.0,0.0
2017-05-01 00:00:00+09:00,866.6459847538849,871.4077758789062,866.6459847538849,871.4077758789062,600,0.0,0.0
2017-05-02 00:00:00+09:00,871.4077758789062,871.4077758789062,871.4077758789062,871.4077758789062,0,0.0,0.0
2017-05-08 00:00:00+09:00,876.1696051520271,880.931396484375,876.1696051520271,880.931396484375,2400,0.0,0.0
2017-05-09 00:00:00+09:00,880.931396484375,880.931396484375,880.931396484375,880.931396484375,2800,0.0,0.0
2017-05-10 00:00:00+09:00,885.6931762695312,885.6931762695312,885.6931762695312,885.6931762695312,200,0.0,0.0
2017-05-11 00:00:00+09:00,876.1696051520271,885.693187816723,876.1696051520271,880.931396484375,1000,0.0,0.0
2017-05-12 00:00:00+09:00,885.6931762695312,885.6931762695312,885.6931762695312,885.6931762695312,200,0.0,0.0
2017-05-15 00:00:00+09:00,880.9313736369903,890.4549560546875,880.9313736369903,890.4549560546875,600,0.0,0.0
2017-05-16 00:00:00+09:00,890.4549560546875,895.2167472635361,890.4549560546875,890.4549560546875,800,0.0,0.0
2017-05-17 00:00:00+09:00,890.4549446917595,895.2167358398438,890.4549446917595,895.2167358398438,600,0.0,0.0
2017-05-18 00:00:00+09:00,895.2167588100638,895.2167588100638,885.6931762695312,885.6931762695312,800,0.0,0.0
2017-05-19 00:00:00+09:00,885.693164845839,890.4549560546875,885.693164845839,890.4549560546875,600,0.0,0.0
2017-05-22 00:00:00+09:00,890.4549560546875,895.2167472635361,890.4549560546875,890.4549560546875,1200,0.0,0.0
2017-05-23 00:00:00+09:00,890.4549560546875,890.4549560546875,890.4549560546875,890.4549560546875,1200,0.0,0.0
2017-05-24 00:00:00+09:00,895.2167358398438,895.2167358398438,895.2167358398438,895.2167358398438,200,0.0,0.0
2017-05-25 00:00:00+09:00,899.978515625,899.978515625,899.978515625,899.978515625,1600,0.0,0.0
2017-05-26 00:00:00+09:00,904.7403067129629,904.7403067129629,899.978515625,899.978515625,400,0.0,0.0
2017-05-29 00:00:00+09:00,909.5020978009259,909.5020978009259,899.978515625,899.978515625,400,0.0,0.0
2017-05-30 00:00:00+09:00,904.7403564453125,904.7403564453125,904.7403564453125,904.7403564453125,200,0.0,0.0
2017-05-31 00:00:00+09:00,914.263916015625,914.263916015625,914.263916015625,914.263916015625,800,0.0,0.0
2017-06-01 00:00:00+09:00,914.2639391447368,914.2639391447368,904.7403564453125,904.7403564453125,600,0.0,0.0
2017-06-02 00:00:00+09:00,919.0256958007812,919.0256958007812,919.0256958007812,919.0256958007812,200,0.0,0.0
2017-06-05 00:00:00+09:00,914.263916015625,914.263916015625,914.263916015625,914.263916015625,1000,0.0,0.0
2017-06-06 00:00:00+09:00,909.5021362304688,909.5021362304688,909.5021362304688,909.5021362304688,400,0.0,0.0
2017-06-07 00:00:00+09:00,919.0256958007812,919.0256958007812,919.0256958007812,919.0256958007812,200,0.0,0.0
2017-06-08 00:00:00+09:00,919.0256958007812,919.0256958007812,919.0256958007812,919.0256958007812,0,0.0,0.0
2017-06-09 00:00:00+09:00,928.5492897033691,928.5492897033691,914.263916015625,914.263916015625,400,0.0,0.0
2017-06-12 00:00:00+09:00,904.7403067129629,904.7403067129629,899.978515625,899.978515625,2600,0.0,0.0
2017-06-13 00:00:00+09:00,895.2167358398438,895.2167358398438,895.2167358398438,895.2167358398438,400,0.0,0.0
2017-06-14 00:00:00+09:00,899.9785650956003,904.7403564453125,899.9785650956003,904.7403564453125,1600,0.0,0.0
2017-06-15 00:00:00+09:00,904.7403564453125,904.7403564453125,904.7403564453125,904.7403564453125,0,0.0,0.0
2017-06-16 00:00:00+09:00,914.263916015625,914.263916015625,914.263916015625,914.263916015625,200,0.0,0.0
2017-06-19 00:00:00+09:00,919.025730494449,919.025730494449,904.7403564453125,904.7403564453125,2400,0.0,0.0
2017-06-20 00:00:00+09:00,919.025730494449,919.025730494449,904.7403564453125,904.7403564453125,400,0.0,0.0
2017-06-21 00:00:00+09:00,904.740344941304,909.5021362304688,904.740344941304,909.5021362304688,800,0.0,0.0
2017-06-22 00:00:00+09:00,909.5021362304688,909.5021362304688,909.5021362304688,909.5021362304688,0,0.0,0.0
2017-06-23 00:00:00+09:00,923.7875022307265,947.5964584737865,919.0257109821146,938.0728759765625,3000,0.0,0.0
2017-06-26 00:00:00+09:00,928.5492897033691,928.5492897033691,914.263916015625,914.263916015625,1000,0.0,0.0
2017-06-27 00:00:00+09:00,923.7874869707335,923.7874869707335,919.0256958007812,919.0256958007812,600,0.0,0.0
2017-06-28 00:00:00+09:00,919.0256958007812,933.311069310638,919.0256958007812,919.0256958007812,1800,0.0,0.0
2017-06-29 00:00:00+09:00,928.5492781406857,928.5492781406857,919.0256958007812,919.0256958007812,1000,0.0,0.0
2017-06-30 00:00:00+09:00,919.025707244873,919.025707244873,914.263916015625,914.263916015625,1000,0.0,0.0
2017-07-03 00:00:00+09:00,919.0256958007812,919.0256958007812,919.0256958007812,919.0256958007812,200,0.0,0.0
2017-07-04 00:00:00+09:00,933.311069310638,933.311069310638,914.2639046308291,919.0256958007812,2000,0.0,0.0
2017-07-05 00:00:00+09:00,923.7874869707335,923.7874869707335,919.0256958007812,919.0256958007812,2000,0.0,0.0
2017-07-06 00:00:00+09:00,919.0256958007812,919.0256958007812,919.0256958007812,919.0256958007812,400,0.0,0.0
2017-07-07 00:00:00+09:00,919.0256958007812,919.0256958007812,919.0256958007812,919.0256958007812,800,0.0,0.0
2017-07-10 00:00:00+09:00,919.0256958007812,919.0256958007812,919.0256958007812,919.0256958007812,0,0.0,0.0
2017-07-11 00:00:00+09:00,919.0256958007812,919.0256958007812,919.0256958007812,919.0256958007812,0,0.0,0.0
2017-07-12 00:00:00+09:00,919.0256958007812,919.0256958007812,919.0256958007812,919.0256958007812,400,0.0,0.0
2017-07-13 00:00:00+09:00,928.5492781406857,938.0728604805903,919.0256958007812,919.0256958007812,1800,0.0,0.0
2017-07-14 00:00:00+09:00,928.54931640625,928.54931640625,923.7875250400641,928.54931640625,1600,0.0,0.0
2017-07-17 00:00:00+09:00,928.54931640625,928.54931640625,928.54931640625,928.54931640625,0,0.0,0.0
2017-07-18 00:00:00+09:00,928.5493048843073,933.3110961914062,928.5493048843073,933.3110961914062,600,0.0,0.0
2017-07-19 00:00:00+09:00,928.54931640625,928.54931640625,928.54931640625,928.54931640625,1000,0.0,0.0
2017-07-20 00:00:00+09:00,923.7875135772082,933.3110961914062,923.7875135772082,933.3110961914062,400,0.0,0.0
2017-07-21 00:00:00+09:00,933.3110961914062,933.3110961914062,933.3110961914062,933.3110961914062,0,0.0,0.0
2017-07-24 00:00:00+09:00,923.7874755859375,923.7874755859375,923.7874755859375,923.7874755859375,400,0.0,0.0
2017-07-25 00:00:00+09:00,923.7874755859375,923.7874755859375,923.7874755859375,923.7874755859375,400,0.0,0.0
2017-07-26 00:00:00+09:00,923.7874869707335,928.5492781406857,919.0256958007812,919.0256958007812,1800,0.0,0.0
2017-07-27 00:00:00+09:00,928.5492781406857,928.5492781406857,919.0256958007812,919.0256958007812,1400,0.0,0.0
2017-07-28 00:00:00+09:00,923.7874869707335,933.311069310638,919.0256958007812,919.0256958007812,1400,0.0,0.0
2017-07-31 00:00:00+09:00,923.7874755859375,923.7874755859375,923.7874755859375,923.7874755859375,200,0.0,0.0
2017-08-01 00:00:00+09:00,923.7874755859375,923.7874755859375,923.7874755859375,923.7874755859375,800,0.0,0.0
2017-08-02 00:00:00+09:00,923.7874755859375,923.7874755859375,923.7874755859375,923.7874755859375,400,0.0,0.0
2017-08-03 00:00:00+09:00,923.7874869707335,923.7874869707335,919.0256958007812,919.0256958007812,1400,0.0,0.0
2017-08-04 00:00:00+09:00,919.0256958007812,919.0256958007812,919.0256958007812,919.0256958007812,200,0.0,0.0
2017-08-07 00:00:00+09:00,923.7875250400641,928.54931640625,923.7875250400641,928.54931640625,2000,0.0,0.0
2017-08-08 00:00:00+09:00,933.3110961914062,933.3110961914062,933.3110961914062,933.3110961914062,800,0.0,0.0
2017-08-09 00:00:00+09:00,933.3110578084729,933.3110578084729,919.0256844746698,923.7874755859375,1600,0.0,0.0
2017-08-10 00:00:00+09:00,928.5493048843073,933.3110961914062,928.5493048843073,933.3110961914062,1800,0.0,0.0
2017-08-11 00:00:00+09:00,933.3110961914062,933.3110961914062,933.3110961914062,933.3110961914062,0,0.0,0.0
2017-08-14 00:00:00+09:00,909.502124786377,914.263916015625,904.7403335571289,914.263916015625,2800,0.0,0.0
2017-08-15 00:00:00+09:00,919.0256844746698,923.7874755859375,909.5021022521344,923.7874755859375,3200,0.0,0.0
2017-08-16 00:00:00+09:00,914.2638933634021,923.7874755859375,914.2638933634021,923.7874755859375,1200,0.0,0.0
2017-08-17 00:00:00+09:00,914.2639046308291,919.0256958007812,914.2639046308291,919.0256958007812,400,0.0,0.0
2017-08-18 00:00:00+09:00,919.0256958007812,919.0256958007812,919.0256958007812,919.0256958007812,200,0.0,0.0
2017-08-21 00:00:00+09:00,914.263916015625,914.263916015625,914.263916015625,914.263916015625,600,0.0,0.0
2017-08-22 00:00:00+09:00,919.0256844746698,923.7874755859375,919.0256844746698,923.7874755859375,600,0.0,0.0
2017-08-23 00:00:00+09:00,923.7874755859375,923.7874755859375,923.7874755859375,923.7874755859375,0,0.0,0.0
2017-08-24 00:00:00+09:00,933.3110578084729,933.3110578084729,923.7874755859375,923.7874755859375,1400,0.0,0.0
2017-08-25 00:00:00+09:00,923.7875250400641,928.54931640625,923.7875250400641,928.54931640625,600,0.0,0.0
2017-08-28 00:00:00+09:00,928.5493194580079,952.3582763671875,928.5493194580079,952.3582763671875,1200,0.0,0.0
2017-08-29 00:00:00+09:00,952.3582763671875,952.3582763671875,952.3582763671875,952.3582763671875,0,0.0,0.0
2017-08-30 00:00:00+09:00,947.596435546875,947.596435546875,947.596435546875,947.596435546875,200,0.0,0.0
2017-08-31 00:00:00+09:00,947.596435546875,947.596435546875,947.596435546875,947.596435546875,200,0.0,0.0
2017-09-01 00:00:00+09:00,947.596435546875,947.596435546875,947.596435546875,947.596435546875,0,0.0,0.0
2017-09-04 00:00:00+09:00,938.0728759765625,938.0728759765625,938.0728759765625,938.0728759765625,200,0.0,0.0
2017-09-05 00:00:00+09:00,938.0728759765625,938.0728759765625,938.0728759765625,938.0728759765625,0,0.0,0.0
2017-09-06 00:00:00+09:00,938.0728759765625,938.0728759765625,938.0728759765625,938.0728759765625,0,0.0,0.0
2017-09-07 00:00:00+09:00,938.0728759765625,938.0728759765625,938.0728759765625,938.0728759765625,0,0.0,0.0
2017-09-08 00:00:00+09:00,928.54931640625,933.3111077724359,928.54931640625,928.54931640625,600,0.0,0.0
2017-09-11 00:00:00+09:00,933.3110961914062,933.3110961914062,933.3110961914062,933.3110961914062,400,0.0,0.0
2017-09-12 00:00:00+09:00,933.3110961914062,933.3110961914062,933.3110961914062,933.3110961914062,0,0.0,0.0
2017-09-13 00:00:00+09:00,933.3110961914062,933.3110961914062,933.3110961914062,933.3110961914062,0,0.0,0.0
2017-09-14 00:00:00+09:00,933.3111077724359,933.3111077724359,928.54931640625,928.54931640625,600,0.0,0.0
2017-09-15 00:00:00+09:00,933.3110733802872,942.8346557617188,933.3110733802872,942.8346557617188,400,0.0,0.0
2017-09-18 00:00:00+09:00,942.8346557617188,942.8346557617188,942.8346557617188,942.8346557617188,0,0.0,0.0
2017-09-19 00:00:00+09:00,938.0728759765625,938.0728759765625,938.0728759765625,938.0728759765625,2400,0.0,0.0
2017-09-20 00:00:00+09:00,947.596435546875,947.596435546875,947.596435546875,947.596435546875,1000,0.0,0.0
2017-09-21 00:00:00+09:00,942.8346557617188,942.8346557617188,942.8346557617188,942.8346557617188,200,0.0,0.0
2017-09-22 00:00:00+09:00,942.8346557617188,942.8346557617188,942.8346557617188,942.8346557617188,800,0.0,0.0
2017-09-25 00:00:00+09:00,938.072864571003,942.8346557617188,938.072864571003,942.8346557617188,600,0.0,0.0
2017-09-26 00:00:00+09:00,942.8346557617188,942.8346557617188,942.8346557617188,942.8346557617188,1000,0.0,0.0
2017-09-27 00:00:00+09:00,939.9776000976562,939.9776000976562,939.9776000976562,939.9776000976562,200,0.0,0.1
2017-09-28 00:00:00+09:00,939.9776000976562,939.9776000976562,939.9776000976562,939.9776000976562,200,0.0,0.0
2017-09-29 00:00:00+09:00,939.9776000976562,939.9776000976562,939.9776000976562,939.9776000976562,0,0.0,0.0
2017-10-02 00:00:00+09:00,939.9776000976562,939.9776000976562,939.9776000976562,939.9776000976562,600,0.0,0.0
2017-10-03 00:00:00+09:00,939.9776000976562,939.9776000976562,939.9776000976562,939.9776000976562,0,0.0,0.0
2017-10-04 00:00:00+09:00,939.9776000976562,939.9776000976562,939.9776000976562,939.9776000976562,0,0.0,0.0
2017-10-05 00:00:00+09:00,941.88232421875,941.88232421875,941.88232421875,941.88232421875,400,0.0,0.0
2017-10-06 00:00:00+09:00,951.8820572844113,961.8818187666387,951.8820572844113,961.4056396484375,1400,0.0,0.0
2017-10-09 00:00:00+09:00,961.4056396484375,961.4056396484375,961.4056396484375,961.4056396484375,0,0.0,0.0
2017-10-10 00:00:00+09:00,961.4056396484375,961.4056396484375,961.4056396484375,961.4056396484375,0,0.0,0.0
2017-10-11 00:00:00+09:00,961.4056396484375,961.4056396484375,961.4056396484375,961.4056396484375,0,0.0,0.0
2017-10-12 00:00:00+09:00,961.4056396484375,961.4056396484375,961.4056396484375,961.4056396484375,0,0.0,0.0
2017-10-13 00:00:00+09:00,952.3582763671875,952.3582763671875,952.3582763671875,952.3582763671875,600,0.0,0.0
2017-10-16 00:00:00+09:00,952.3582288112593,959.5009155273438,952.3582288112593,959.5009155273438,1200,0.0,0.0
2017-10-17 00:00:00+09:00,959.5009155273438,959.5009155273438,959.5009155273438,959.5009155273438,0,0.0,0.0
2017-10-18 00:00:00+09:00,959.5009155273438,959.5009155273438,959.5009155273438,959.5009155273438,0,0.0,0.0
2017-10-19 00:00:00+09:00,959.5009155273438,959.5009155273438,959.5009155273438,959.5009155273438,0,0.0,0.0
2017-10-20 00:00:00+09:00,959.5009155273438,959.5009155273438,959.5009155273438,959.5009155273438,0,0.0,0.0
2017-10-23 00:00:00+09:00,959.5009155273438,959.5009155273438,959.5009155273438,959.5009155273438,0,0.0,0.0
2017-10-24 00:00:00+09:00,959.5009155273438,959.5009155273438,959.5009155273438,959.5009155273438,0,0.0,0.0
2017-10-25 00:00:00+09:00,959.5009155273438,959.5009155273438,959.5009155273438,959.5009155273438,0,0.0,0.0
2017-10-26 00:00:00+09:00,959.5009155273438,959.5009155273438,959.5009155273438,959.5009155273438,0,0.0,0.0
2017-10-27 00:00:00+09:00,953.7868041992188,953.7868041992188,953.7868041992188,953.7868041992188,1200,0.0,0.0
2017-10-30 00:00:00+09:00,953.7868041992188,953.7868041992188,953.7868041992188,953.7868041992188,0,0.0,0.0
2017-10-31 00:00:00+09:00,953.7868041992188,953.7868041992188,953.7868041992188,953.7868041992188,0,0.0,0.0
2017-11-01 00:00:00+09:00,953.7868041992188,953.7868041992188,953.7868041992188,953.7868041992188,0,0.0,0.0
2017-11-02 00:00:00+09:00,953.7868041992188,953.7868041992188,953.7868041992188,953.7868041992188,0,0.0,0.0
2017-11-03 00:00:00+09:00,953.7868041992188,953.7868041992188,953.7868041992188,953.7868041992188,0,0.0,0.0
2017-11-06 00:00:00+09:00,948.5488185796523,949.9773559570312,948.5488185796523,949.9773559570312,600,0.0,0.0
2017-11-07 00:00:00+09:00,952.8344479180529,952.8344479180529,950.4535522460938,950.4535522460938,2800,0.0,0.0
2017-11-08 00:00:00+09:00,950.4535522460938,950.4535522460938,950.4535522460938,950.4535522460938,0,0.0,0.0
2017-11-09 00:00:00+09:00,958.0723914832801,962.8341826934355,950.929704668047,951.4058837890625,3200,0.0,0.0
2017-11-10 00:00:00+09:00,951.4058837890625,951.4058837890625,951.4058837890625,951.4058837890625,200,0.0,0.0
2017-11-13 00:00:00+09:00,952.3582723668694,959.0247802734375,952.3582723668694,959.0247802734375,800,0.0,0.0
2017-11-14 00:00:00+09:00,959.0247802734375,959.0247802734375,959.0247802734375,959.0247802734375,0,0.0,0.0
2017-11-15 00:00:00+09:00,952.8344479180529,952.8344479180529,950.4535522460938,950.4535522460938,1000,0.0,0.0
2017-11-16 00:00:00+09:00,950.4535522460938,950.4535522460938,950.4535522460938,950.4535522460938,0,0.0,0.0
2017-11-17 00:00:00+09:00,950.4535522460938,950.4535522460938,950.4535522460938,950.4535522460938,0,0.0,0.0
2017-11-20 00:00:00+09:00,948.0726318359375,948.0726318359375,948.0726318359375,948.0726318359375,400,0.0,0.0
2017-11-21 00:00:00+09:00,951.8820972290039,952.3582763671875,951.8820972290039,952.3582763671875,400,0.0,0.0
2017-11-22 00:00:00+09:00,952.3582763671875,952.3582763671875,952.3582763671875,952.3582763671875,0,0.0,0.0
2017-11-23 00:00:00+09:00,952.3582763671875,952.3582763671875,952.3582763671875,952.3582763671875,0,0.0,0.0
2017-11-24 00:00:00+09:00,952.3582763671875,952.3582763671875,952.3582763671875,952.3582763671875,0,0.0,0.0
2017-11-27 00:00:00+09:00,952.3582763671875,952.3582763671875,952.3582763671875,952.3582763671875,0,0.0,0.0
2017-11-28 00:00:00+09:00,961.8818359375,961.8818359375,961.8818359375,961.8818359375,200,0.0,0.0
2017-11-29 00:00:00+09:00,961.8818359375,966.6436272045173,961.8818359375,961.8818359375,800,0.0,0.0
2017-11-30 00:00:00+09:00,980.4528393639248,980.4528393639248,962.3580322265625,962.3580322265625,400,0.0,0.0
2017-12-01 00:00:00+09:00,962.3580322265625,962.3580322265625,962.3580322265625,962.3580322265625,0,0.0,0.0
2017-12-04 00:00:00+09:00,957.1200561523438,957.1200561523438,957.1200561523438,957.1200561523438,400,0.0,0.0
2017-12-05 00:00:00+09:00,960.4533081054688,960.4533081054688,960.4533081054688,960.4533081054688,1000,0.0,0.0
2017-12-06 00:00:00+09:00,960.4533081054688,960.4533081054688,960.4533081054688,960.4533081054688,0,0.0,0.0
2017-12-07 00:00:00+09:00,957.59619140625,957.59619140625,957.59619140625,957.59619140625,800,0.0,0.0
2017-12-08 00:00:00+09:00,957.59619140625,957.59619140625,957.59619140625,957.59619140625,0,0.0,0.0
2017-12-11 00:00:00+09:00,957.59619140625,957.59619140625,957.59619140625,957.59619140625,0,0.0,0.0
2017-12-12 00:00:00+09:00,957.59619140625,957.59619140625,957.59619140625,957.59619140625,200,0.0,0.0
2017-12-13 00:00:00+09:00,975.2148247322298,978.0718994140625,975.2148247322298,978.0718994140625,800,0.0,0.0
2017-12-14 00:00:00+09:00,978.0718994140625,978.0718994140625,978.0718994140625,978.0718994140625,0,0.0,0.0
2017-12-15 00:00:00+09:00,985.6907692102851,1023.3089193395666,985.6907692102851,986.6431274414062,4000,0.0,0.0
2017-12-18 00:00:00+09:00,986.6431274414061,986.6431274414061,986.6431274414061,986.6431274414062,0,0.0,0.0
2017-12-19 00:00:00+09:00,967.119829650879,967.119829650879,923.7875280761718,952.3582763671875,3000,0.0,0.0
2017-12-20 00:00:00+09:00,956.6438598632812,956.6438598632812,956.6438598632812,956.6438598632812,200,0.0,0.0
2017-12-21 00:00:00+09:00,957.1200561523438,957.1200561523438,957.1200561523438,957.1200561523438,200,0.0,0.0
2017-12-22 00:00:00+09:00,957.1200561523438,957.1200561523438,957.1200561523438,957.1200561523438,0,0.0,0.0
2017-12-25 00:00:00+09:00,957.1200561523438,957.1200561523438,957.1200561523438,957.1200561523438,0,0.0,0.0
2017-12-26 00:00:00+09:00,979.9766622655086,979.9766622655086,959.0247802734375,959.0247802734375,2400,0.0,0.0
2017-12-27 00:00:00+09:00,959.0247802734375,959.0247802734375,959.0247802734375,959.0247802734375,0,0.0,0.0
2017-12-28 00:00:00+09:00,970.9292602539062,970.9292602539062,970.9292602539062,970.9292602539062,400,0.0,0.0
2017-12-29 00:00:00+09:00,970.9292602539062,970.9292602539062,970.9292602539062,970.9292602539062,0,0.0,0.0
2018-01-01 00:00:00+09:00,970.9292602539062,970.9292602539062,970.9292602539062,970.9292602539062,0,0.0,0.0
2018-01-02 00:00:00+09:00,970.9292602539062,970.9292602539062,970.9292602539062,970.9292602539062,0,0.0,0.0
2018-01-03 00:00:00+09:00,970.9292602539062,970.9292602539062,970.9292602539062,970.9292602539062,0,0.0,0.0
2018-01-04 00:00:00+09:00,970.9292602539062,970.9292602539062,970.9292602539062,970.9292602539062,0,0.0,0.0
2018-01-05 00:00:00+09:00,970.9292602539062,970.9292602539062,970.9292602539062,970.9292602539062,0,0.0,0.0
2018-01-08 00:00:00+09:00,970.9292602539062,970.9292602539062,970.9292602539062,970.9292602539062,0,0.0,0.0
2018-01-09 00:00:00+09:00,964.738883934436,964.738883934436,962.8341674804688,962.8341674804688,400,0.0,0.0
2018-01-10 00:00:00+09:00,961.8818341018563,961.8818341018563,949.9773559570312,949.9773559570312,2400,0.0,0.0
2018-01-11 00:00:00+09:00,949.9773559570312,949.9773559570312,949.9773559570312,949.9773559570312,0,0.0,0.0
2018-01-12 00:00:00+09:00,949.9773559570312,949.9773559570312,949.9773559570312,949.9773559570312,0,0.0,0.0
2018-01-15 00:00:00+09:00,966.1674249960606,966.1674249960606,956.1676635742188,956.1676635742188,1800,0.0,0.0
2018-01-16 00:00:00+09:00,956.1676635742188,956.1676635742188,956.1676635742188,956.1676635742188,0,0.0,0.0
2018-01-17 00:00:00+09:00,962.8341674804688,962.8341674804688,962.8341674804688,962.8341674804688,200,0.0,0.0
2018-01-18 00:00:00+09:00,962.8341579861111,964.2626953125,956.6438295717592,964.2626953125,1600,0.0,0.0
2018-01-19 00:00:00+09:00,964.2626953125,964.2626953125,964.2626953125,964.2626953125,0,0.0,0.0
2018-01-22 00:00:00+09:00,970.4530259741806,976.1671752929688,970.4530259741806,976.1671752929688,1200,0.0,0.0
2018-01-23 00:00:00+09:00,990.4525756835938,990.4525756835938,990.4525756835938,990.4525756835938,600,0.0,0.0
2018-01-24 00:00:00+09:00,990.4525756835938,990.4525756835938,990.4525756835938,990.4525756835938,0,0.0,0.0
2018-01-25 00:00:00+09:00,990.4525756835938,990.4525756835938,990.4525756835938,990.4525756835938,200,0.0,0.0
2018-01-26 00:00:00+09:00,990.4525756835938,990.4525756835938,990.4525756835938,990.4525756835938,0,0.0,0.0
2018-01-29 00:00:00+09:00,972.8339233398438,972.8339233398438,972.8339233398438,972.8339233398438,200,0.0,0.0
2018-01-30 00:00:00+09:00,962.3579886639826,978.0718994140625,961.8818095503439,978.0718994140625,2000,0.0,0.0
2018-01-31 00:00:00+09:00,978.0718994140625,978.0718994140625,978.0718994140625,978.0718994140625,0,0.0,0.0
2018-02-01 00:00:00+09:00,985.6907958984375,985.6907958984375,985.6907958984375,985.6907958984375,1000,0.0,0.0
2018-02-02 00:00:00+09:00,985.6907958984375,985.6907958984375,985.6907958984375,985.6907958984375,0,0.0,0.0
2018-02-05 00:00:00+09:00,985.6907958984375,985.6907958984375,985.6907958984375,985.6907958984375,0,0.0,0.0
2018-02-06 00:00:00+09:00,957.1200313425421,969.024509344315,954.7391357421875,954.7391357421875,6600,0.0,0.0
2018-02-07 00:00:00+09:00,953.3106079101562,953.3106079101562,953.3106079101562,953.3106079101562,400,0.0,0.0
2018-02-08 00:00:00+09:00,955.21533203125,955.21533203125,955.21533203125,955.21533203125,600,0.0,0.0
2018-02-09 00:00:00+09:00,955.21533203125,955.21533203125,955.21533203125,955.21533203125,0,0.0,0.0
2018-02-12 00:00:00+09:00,955.21533203125,955.21533203125,955.21533203125,955.21533203125,0,0.0,0.0
2018-02-13 00:00:00+09:00,992.3572998046875,992.3572998046875,992.3572998046875,992.3572998046875,200,0.0,0.0
2018-02-14 00:00:00+09:00,966.6436022434282,966.6436022434282,959.5009155273438,959.5009155273438,1200,0.0,0.0
2018-02-15 00:00:00+09:00,975.6910400390625,975.6910400390625,975.6910400390625,975.6910400390625,200,0.0,0.0
2018-02-16 00:00:00+09:00,975.6910400390625,975.6910400390625,975.6910400390625,975.6910400390625,0,0.0,0.0
2018-02-19 00:00:00+09:00,975.2148170731707,976.1671752929688,975.2148170731707,976.1671752929688,800,0.0,0.0
2018-02-20 00:00:00+09:00,976.1671752929688,976.1671752929688,976.1671752929688,976.1671752929688,200,0.0,0.0
2018-02-21 00:00:00+09:00,976.1671752929688,976.1671752929688,976.1671752929688,976.1671752929688,0,0.0,0.0
2018-02-22 00:00:00+09:00,961.8818359375,961.8818359375,961.8818359375,961.8818359375,800,0.0,0.0
2018-02-23 00:00:00+09:00,961.8818359375,961.8818359375,961.8818359375,961.8818359375,0,0.0,0.0
2018-02-26 00:00:00+09:00,961.8818359375,961.8818359375,961.8818359375,961.8818359375,0,0.0,0.0
2018-02-27 00:00:00+09:00,973.3101196289062,973.3101196289062,973.3101196289062,973.3101196289062,200,0.0,0.0
2018-02-28 00:00:00+09:00,973.3101196289062,973.3101196289062,973.3101196289062,973.3101196289062,200,0.0,0.0
2018-03-01 00:00:00+09:00,957.1200561523438,957.1200561523438,957.1200561523438,957.1200561523438,200,0.0,0.0
2018-03-02 00:00:00+09:00,957.1200561523438,957.1200561523438,957.1200561523438,957.1200561523438,0,0.0,0.0
2018-03-05 00:00:00+09:00,957.1200561523438,957.1200561523438,957.1200561523438,957.1200561523438,0,0.0,0.0
2018-03-06 00:00:00+09:00,957.1200561523438,957.1200561523438,957.1200561523438,957.1200561523438,0,0.0,0.0
2018-03-07 00:00:00+09:00,958.548583984375,958.548583984375,958.548583984375,958.548583984375,200,0.0,0.0
2018-03-08 00:00:00+09:00,958.548583984375,958.548583984375,958.548583984375,958.548583984375,0,0.0,0.0
2018-03-09 00:00:00+09:00,958.548583984375,958.548583984375,958.548583984375,958.548583984375,0,0.0,0.0
2018-03-12 00:00:00+09:00,958.548583984375,958.548583984375,958.548583984375,958.548583984375,0,0.0,0.0
2018-03-13 00:00:00+09:00,958.548583984375,958.548583984375,958.548583984375,958.548583984375,0,0.0,0.0
2018-03-14 00:00:00+09:00,962.3579923143574,971.4053955078125,962.3579923143574,971.4053955078125,1400,0.0,0.0
2018-03-15 00:00:00+09:00,971.4053955078125,971.4053955078125,971.4053955078125,971.4053955078125,0,0.0,0.0
2018-03-16 00:00:00+09:00,971.4053955078125,971.4053955078125,971.4053955078125,971.4053955078125,0,0.0,0.0
2018-03-19 00:00:00+09:00,971.4053955078125,971.4053955078125,971.4053955078125,971.4053955078125,0,0.0,0.0
2018-03-20 00:00:00+09:00,971.4053955078125,971.4053955078125,971.4053955078125,971.4053955078125,0,0.0,0.0
2018-03-21 00:00:00+09:00,971.4053955078125,971.4053955078125,971.4053955078125,971.4053955078125,0,0.0,0.0
2018-03-22 00:00:00+09:00,971.4053955078125,971.4053955078125,971.4053955078125,971.4053955078125,0,0.0,0.0
2018-03-23 00:00:00+09:00,959.5009155273438,959.5009155273438,959.5009155273438,959.5009155273438,1600,0.0,0.0
2018-03-26 00:00:00+09:00,966.6436000804805,966.6436000804805,947.596435546875,947.596435546875,1800,0.0,0.0
2018-03-27 00:00:00+09:00,952.3582763671875,952.3582763671875,952.3582763671875,952.3582763671875,3000,0.0,0.0
2018-03-28 00:00:00+09:00,947.5964384687708,947.5964384687708,857.1224066551695,895.2167358398438,28200,0.0,0.0
2018-03-29 00:00:00+09:00,899.978526987928,899.978526987928,895.2167358398438,895.2167358398438,400,0.0,0.0
2018-03-30 00:00:00+09:00,895.2167358398438,895.2167358398438,895.2167358398438,895.2167358398438,0,0.0,0.0
2018-04-02 00:00:00+09:00,895.2167358398438,895.2167358398438,895.2167358398438,895.2167358398438,0,0.0,0.0
2018-04-03 00:00:00+09:00,895.2167358398438,895.2167358398438,895.2167358398438,895.2167358398438,0,0.0,0.0
2018-04-04 00:00:00+09:00,895.2167358398438,895.2167358398438,895.2167358398438,895.2167358398438,0,0.0,0.0
2018-04-05 00:00:00+09:00,907.1212158203125,907.1212158203125,907.1212158203125,907.1212158203125,200,0.0,0.0
2018-04-06 00:00:00+09:00,907.1212158203125,907.1212158203125,907.1212158203125,907.1212158203125,0,0.0,0.0
2018-04-09 00:00:00+09:00,907.1212158203125,907.1212158203125,907.1212158203125,907.1212158203125,0,0.0,0.0
2018-04-10 00:00:00+09:00,907.1212158203125,907.1212158203125,907.1212158203125,907.1212158203125,0,0.0,0.0
2018-04-11 00:00:00+09:00,907.1212158203125,907.1212158203125,907.1212158203125,907.1212158203125,0,0.0,0.0
2018-04-12 00:00:00+09:00,910.4544677734375,910.4544677734375,910.4544677734375,910.4544677734375,200,0.0,0.0
2018-04-13 00:00:00+09:00,895.2167358398438,904.7403181360122,895.2167358398438,895.2167358398438,5200,0.0,0.0
2018-04-16 00:00:00+09:00,895.2167358398438,895.2167358398438,895.2167358398438,895.2167358398438,0,0.0,0.0
2018-04-17 00:00:00+09:00,895.2167358398438,895.2167358398438,895.2167358398438,895.2167358398438,0,0.0,0.0
2018-04-18 00:00:00+09:00,895.2167358398438,895.2167358398438,895.2167358398438,895.2167358398438,0,0.0,0.0
2018-04-19 00:00:00+09:00,909.9783269299959,910.4545060649671,904.2641773103413,904.7403564453125,1600,0.0,0.0
2018-04-20 00:00:00+09:00,905.2164916992188,905.2164916992188,905.2164916992188,905.2164916992188,600,0.0,0.0
2018-04-23 00:00:00+09:00,905.2164916992188,905.2164916992188,905.2164916992188,905.2164916992188,0,0.0,0.0
2018-04-24 00:00:00+09:00,905.2164916992188,905.2164916992188,905.2164916992188,905.2164916992188,0,0.0,0.0
2018-04-25 00:00:00+09:00,905.2164916992188,905.2164916992188,905.2164916992188,905.2164916992188,0,0.0,0.0
2018-04-26 00:00:00+09:00,905.2164916992188,905.2164916992188,905.2164916992188,905.2164916992188,0,0.0,0.0
2018-04-27 00:00:00+09:00,905.2164916992188,905.2164916992188,905.2164916992188,905.2164916992188,0,0.0,0.0
2018-04-30 00:00:00+09:00,905.2164916992188,905.2164916992188,905.2164916992188,905.2164916992188,0,0.0,0.0
2018-05-01 00:00:00+09:00,905.2164916992188,905.2164916992188,905.2164916992188,905.2164916992188,0,0.0,0.0
2018-05-02 00:00:00+09:00,917.121011593343,923.3113403320312,917.121011593343,923.3113403320312,1200,0.0,0.0
2018-05-03 00:00:00+09:00,923.3113403320312,923.3113403320312,923.3113403320312,923.3113403320312,0,0.0,0.0
2018-05-04 00:00:00+09:00,923.3113403320312,923.3113403320312,923.3113403320312,923.3113403320312,0,0.0,0.0
2018-05-07 00:00:00+09:00,923.3113403320312,923.3113403320312,923.3113403320312,923.3113403320312,0,0.0,0.0
2018-05-08 00:00:00+09:00,923.3113403320312,923.3113403320312,923.3113403320312,923.3113403320312,0,0.0,0.0
2018-05-09 00:00:00+09:00,923.3113403320312,923.3113403320312,923.3113403320312,923.3113403320312,0,0.0,0.0
2018-05-10 00:00:00+09:00,923.3113403320312,923.3113403320312,923.3113403320312,923.3113403320312,0,0.0,0.0
2018-05-11 00:00:00+09:00,923.3113403320312,923.3113403320312,923.3113403320312,923.3113403320312,0,0.0,0.0
2018-05-14 00:00:00+09:00,942.3584594726562,942.3584594726562,942.3584594726562,942.3584594726562,200,0.0,0.0
2018-05-15 00:00:00+09:00,942.8346538879671,946.1679077148438,942.3584747698418,946.1679077148438,1600,0.0,0.0
2018-05-16 00:00:00+09:00,946.1679077148438,946.1679077148438,946.1679077148438,946.1679077148438,0,0.0,0.0
2018-05-17 00:00:00+09:00,942.8346557617188,942.8346557617188,942.3584766426471,942.8346557617188,600,0.0,0.0
2018-05-18 00:00:00+09:00,942.8346557617188,942.8346557617188,942.8346557617188,942.8346557617188,0,0.0,0.0
2018-05-21 00:00:00+09:00,938.072858803644,941.4061126166519,937.120500571356,937.5966796875,1200,0.0,0.0
2018-05-22 00:00:00+09:00,937.5966796875,937.5966796875,937.5966796875,937.5966796875,0,0.0,0.0
2018-05-23 00:00:00+09:00,937.5966796875,937.5966796875,937.5966796875,937.5966796875,0,0.0,0.0
2018-05-24 00:00:00+09:00,937.5966796875,937.5966796875,937.5966796875,937.5966796875,0,0.0,0.0
2018-05-25 00:00:00+09:00,937.5966796875,937.5966796875,937.5966796875,937.5966796875,0,0.0,0.0
2018-05-28 00:00:00+09:00,937.5966796875,937.5966796875,937.5966796875,937.5966796875,0,0.0,0.0
2018-05-29 00:00:00+09:00,937.5966796875,937.5966796875,937.5966796875,937.5966796875,0,0.0,0.0
2018-05-30 00:00:00+09:00,937.5966796875,937.5966796875,937.5966796875,937.5966796875,0,0.0,0.0
2018-05-31 00:00:00+09:00,937.5966796875,937.5966796875,937.5966796875,937.5966796875,0,0.0,0.0
2018-06-01 00:00:00+09:00,937.5966796875,937.5966796875,937.5966796875,937.5966796875,0,0.0,0.0
2018-06-04 00:00:00+09:00,937.5966796875,937.5966796875,937.5966796875,937.5966796875,0,0.0,0.0
2018-06-05 00:00:00+09:00,937.5966796875,937.5966796875,937.5966796875,937.5966796875,0,0.0,0.0
2018-06-06 00:00:00+09:00,935.6919592579226,935.6919592579226,929.0254516601562,929.0254516601562,800,0.0,0.0
2018-06-07 00:00:00+09:00,929.0254516601562,929.0254516601562,929.0254516601562,929.0254516601562,0,0.0,0.0
2018-06-08 00:00:00+09:00,929.0254516601562,929.0254516601562,929.0254516601562,929.0254516601562,0,0.0,0.0
2018-06-11 00:00:00+09:00,929.0254516601562,929.0254516601562,929.0254516601562,929.0254516601562,0,0.0,0.0
2018-06-12 00:00:00+09:00,929.0254516601562,929.0254516601562,929.0254516601562,929.0254516601562,400,0.0,0.0
2018-06-13 00:00:00+09:00,929.0254516601562,929.0254516601562,929.0254516601562,929.0254516601562,0,0.0,0.0
2018-06-14 00:00:00+09:00,929.0254516601562,929.0254516601562,929.0254516601562,929.0254516601562,0,0.0,0.0
2018-06-15 00:00:00+09:00,942.3584861774666,942.3584861774666,941.4061279296875,941.4061279296875,1400,0.0,0.0
2018-06-18 00:00:00+09:00,941.4061279296875,941.4061279296875,941.4061279296875,941.4061279296875,0,0.0,0.0
2018-06-19 00:00:00+09:00,963.7865409963824,966.6436157226562,963.7865409963824,966.6436157226562,2600,0.0,0.0
2018-06-20 00:00:00+09:00,966.6436157226562,966.6436157226562,966.6436157226562,966.6436157226562,0,0.0,0.0
2018-06-21 00:00:00+09:00,966.6436157226562,966.6436157226562,966.6436157226562,966.6436157226562,0,0.0,0.0
2018-06-22 00:00:00+09:00,966.6436157226562,966.6436157226562,966.6436157226562,966.6436157226562,0,0.0,0.0
2018-06-25 00:00:00+09:00,966.6436157226562,966.6436157226562,966.6436157226562,966.6436157226562,0,0.0,0.0
2018-06-26 00:00:00+09:00,966.6436157226562,966.6436157226562,966.6436157226562,966.6436157226562,0,0.0,0.0
2018-06-27 00:00:00+09:00,966.6436157226562,966.6436157226562,966.6436157226562,966.6436157226562,0,0.0,0.0
2018-06-28 00:00:00+09:00,966.6436157226562,966.6436157226562,966.6436157226562,966.6436157226562,0,0.0,0.0
2018-06-29 00:00:00+09:00,926.1683959960938,926.6445751199992,926.1683959960938,926.1683959960938,600,0.0,0.0
2018-07-02 00:00:00+09:00,926.1683959960938,926.1683959960938,926.1683959960938,926.1683959960938,0,0.0,0.0
2018-07-03 00:00:00+09:00,926.1683959960938,926.1683959960938,926.1683959960938,926.1683959960938,0,0.0,0.0
2018-07-04 00:00:00+09:00,926.1683959960938,926.1683959960938,926.1683959960938,926.1683959960938,0,0.0,0.0
2018-07-05 00:00:00+09:00,926.1683959960938,926.1683959960938,926.1683959960938,926.1683959960938,0,0.0,0.0
2018-07-06 00:00:00+09:00,926.1683959960938,926.1683959960938,926.1683959960938,926.1683959960938,0,0.0,0.0
2018-07-09 00:00:00+09:00,926.1683959960938,926.1683959960938,926.1683959960938,926.1683959960938,0,0.0,0.0
2018-07-10 00:00:00+09:00,926.1683959960938,926.1683959960938,926.1683959960938,926.1683959960938,0,0.0,0.0
2018-07-11 00:00:00+09:00,926.1683959960938,926.1683959960938,926.1683959960938,926.1683959960938,0,0.0,0.0
2018-07-12 00:00:00+09:00,926.1683959960938,926.1683959960938,926.1683959960938,926.1683959960938,0,0.0,0.0
2018-07-13 00:00:00+09:00,926.1683959960938,926.1683959960938,926.1683959960938,926.1683959960938,0,0.0,0.0
2018-07-16 00:00:00+09:00,926.1683959960938,926.1683959960938,926.1683959960938,926.1683959960938,0,0.0,0.0
2018-07-17 00:00:00+09:00,926.1683959960938,926.1683959960938,926.1683959960938,926.1683959960938,0,0.0,0.0
2018-07-18 00:00:00+09:00,926.1683959960938,926.1683959960938,926.1683959960938,926.1683959960938,0,0.0,0.0
2018-07-19 00:00:00+09:00,926.1683959960938,926.1683959960938,926.1683959960938,926.1683959960938,0,0.0,0.0
2018-07-20 00:00:00+09:00,926.1683959960938,926.1683959960938,926.1683959960938,926.1683959960938,0,0.0,0.0
2018-07-23 00:00:00+09:00,926.1683959960938,926.1683959960938,926.1683959960938,926.1683959960938,0,0.0,0.0
2018-07-24 00:00:00+09:00,926.1683959960938,926.1683959960938,926.1683959960938,926.1683959960938,0,0.0,0.0
2018-07-25 00:00:00+09:00,952.3582763671875,952.3582763671875,952.3582763671875,952.3582763671875,200,0.0,0.0
2018-07-26 00:00:00+09:00,952.3582614198023,952.3582614198023,928.5493048843073,933.3110961914062,5000,0.0,0.0
2018-07-27 00:00:00+09:00,933.3110961914062,933.3110961914062,933.3110961914062,933.3110961914062,0,0.0,0.0
2018-07-30 00:00:00+09:00,933.3110961914062,933.3110961914062,933.3110961914062,933.3110961914062,0,0.0,0.0
2018-07-31 00:00:00+09:00,933.3110961914062,933.3110961914062,933.3110961914062,933.3110961914062,0,0.0,0.0
2018-08-01 00:00:00+09:00,933.3110961914062,933.3110961914062,933.3110961914062,933.3110961914062,0,0.0,0.0
2018-08-02 00:00:00+09:00,933.3110961914062,933.3110961914062,933.3110961914062,933.3110961914062,0,0.0,0.0
2018-08-03 00:00:00+09:00,933.3110961914062,933.3110961914062,933.3110961914062,933.3110961914062,0,0.0,0.0
2018-08-06 00:00:00+09:00,933.3110961914062,933.3110961914062,933.3110961914062,933.3110961914062,0,0.0,0.0
2018-08-07 00:00:00+09:00,933.3110827934452,956.6438598632812,933.3110827934452,956.6438598632812,4600,0.0,0.0
2018-08-08 00:00:00+09:00,945.6917190935144,947.596435546875,945.6917190935144,947.596435546875,1200,0.0,0.0
2018-08-09 00:00:00+09:00,947.596435546875,947.596435546875,947.596435546875,947.596435546875,0,0.0,0.0
2018-08-10 00:00:00+09:00,947.596435546875,947.596435546875,947.596435546875,947.596435546875,0,0.0,0.0
2018-08-13 00:00:00+09:00,947.596435546875,947.596435546875,947.596435546875,947.596435546875,0,0.0,0.0
2018-08-14 00:00:00+09:00,947.596435546875,947.596435546875,947.596435546875,947.596435546875,0,0.0,0.0
2018-08-15 00:00:00+09:00,947.596435546875,947.596435546875,947.596435546875,947.596435546875,0,0.0,0.0
2018-08-16 00:00:00+09:00,930.9302151489258,952.3582763671875,921.4066323852539,952.3582763671875,4000,0.0,0.0
2018-08-17 00:00:00+09:00,952.3582763671875,952.3582763671875,952.3582763671875,952.3582763671875,0,0.0,0.0
2018-08-20 00:00:00+09:00,952.3582763671875,952.3582763671875,952.3582763671875,952.3582763671875,0,0.0,0.0
2018-08-21 00:00:00+09:00,952.3582763671875,952.3582763671875,952.3582763671875,952.3582763671875,0,0.0,0.0
2018-08-22 00:00:00+09:00,952.3582763671875,952.3582763671875,952.3582763671875,952.3582763671875,0,0.0,0.0
2018-08-23 00:00:00+09:00,928.5492710132695,947.596435546875,928.5492710132695,947.596435546875,400,0.0,0.0
2018-08-24 00:00:00+09:00,947.596435546875,947.596435546875,947.596435546875,947.596435546875,0,0.0,0.0
2018-08-27 00:00:00+09:00,947.596435546875,947.596435546875,947.596435546875,947.596435546875,0,0.0,0.0
2018-08-28 00:00:00+09:00,947.596435546875,947.596435546875,947.596435546875,947.596435546875,0,0.0,0.0
2018-08-29 00:00:00+09:00,952.3582763671875,952.3582763671875,952.3582763671875,952.3582763671875,400,0.0,0.0
2018-08-30 00:00:00+09:00,957.1200352132756,978.548095703125,957.1200352132756,978.548095703125,1600,0.0,0.0
2018-08-31 00:00:00+09:00,978.548095703125,978.548095703125,978.548095703125,978.548095703125,0,0.0,0.0
2018-09-03 00:00:00+09:00,939.5014038085938,939.5014038085938,939.5014038085938,939.5014038085938,200,0.0,0.0
2018-09-04 00:00:00+09:00,939.5014038085938,939.5014038085938,939.5014038085938,939.5014038085938,0,0.0,0.0
2018-09-05 00:00:00+09:00,939.5014038085938,939.5014038085938,939.5014038085938,939.5014038085938,0,0.0,0.0
2018-09-06 00:00:00+09:00,975.21484375,975.21484375,975.21484375,975.21484375,200,0.0,0.0
2018-09-07 00:00:00+09:00,975.21484375,975.21484375,975.21484375,975.21484375,0,0.0,0.0
2018-09-10 00:00:00+09:00,974.7386474609375,974.7386474609375,974.7386474609375,974.7386474609375,200,0.0,0.0
2018-09-11 00:00:00+09:00,974.7386474609375,974.7386474609375,974.7386474609375,974.7386474609375,0,0.0,0.0
2018-09-12 00:00:00+09:00,974.7386474609375,974.7386474609375,974.7386474609375,974.7386474609375,0,0.0,0.0
2018-09-13 00:00:00+09:00,974.7386474609375,974.7386474609375,974.7386474609375,974.7386474609375,0,0.0,0.0
2018-09-14 00:00:00+09:00,974.7386474609375,974.7386474609375,974.7386474609375,974.7386474609375,0,0.0,0.0
2018-09-17 00:00:00+09:00,974.7386474609375,974.7386474609375,974.7386474609375,974.7386474609375,0,0.0,0.0
2018-09-18 00:00:00+09:00,974.7386474609375,974.7386474609375,974.7386474609375,974.7386474609375,0,0.0,0.0
2018-09-19 00:00:00+09:00,974.7386474609375,974.7386474609375,974.7386474609375,974.7386474609375,0,0.0,0.0
2018-09-20 00:00:00+09:00,974.7386474609375,974.7386474609375,974.7386474609375,974.7386474609375,0,0.0,0.0
2018-09-21 00:00:00+09:00,974.7386474609375,974.7386474609375,974.7386474609375,974.7386474609375,0,0.0,0.0
2018-09-24 00:00:00+09:00,974.7386474609375,974.7386474609375,974.7386474609375,974.7386474609375,0,0.0,0.0
2018-09-25 00:00:00+09:00,974.7386474609375,974.7386474609375,974.7386474609375,974.7386474609375,0,0.0,0.0
2018-09-26 00:00:00+09:00,974.7386474609375,974.7386474609375,974.7386474609375,974.7386474609375,0,0.0,0.0
2018-09-27 00:00:00+09:00,974.7386474609375,974.7386474609375,974.7386474609375,974.7386474609375,0,0.0,0.0
2018-09-28 00:00:00+09:00,974.7386474609375,974.7386474609375,974.7386474609375,974.7386474609375,0,0.0,0.0
2018-10-01 00:00:00+09:00,974.7386474609375,974.7386474609375,974.7386474609375,974.7386474609375,0,0.0,0.0
2018-10-02 00:00:00+09:00,974.7386474609375,974.7386474609375,974.7386474609375,974.7386474609375,0,0.0,0.0
2018-10-03 00:00:00+09:00,974.7386474609375,974.7386474609375,974.7386474609375,974.7386474609375,0,0.0,0.0
2018-10-04 00:00:00+09:00,948.548828125,948.548828125,948.548828125,948.548828125,200,0.0,0.0
2018-10-05 00:00:00+09:00,948.548828125,948.548828125,948.548828125,948.548828125,0,0.0,0.0
2018-10-08 00:00:00+09:00,948.548828125,948.548828125,948.548828125,948.548828125,0,0.0,0.0
2018-10-09 00:00:00+09:00,948.548828125,948.548828125,948.548828125,948.548828125,0,0.0,0.0
2018-10-10 00:00:00+09:00,948.548828125,948.548828125,948.548828125,948.548828125,0,0.0,0.0
2018-10-11 00:00:00+09:00,914.2639046308291,919.5018749177765,914.2639046308291,919.0256958007812,2800,0.0,0.0
2018-10-12 00:00:00+09:00,924.263671875,924.263671875,924.263671875,924.263671875,800,0.0,0.0
2018-10-15 00:00:00+09:00,924.263671875,924.263671875,924.263671875,924.263671875,0,0.0,0.0
2018-10-16 00:00:00+09:00,924.263671875,924.263671875,924.263671875,924.263671875,0,0.0,0.0
2018-10-17 00:00:00+09:00,924.263671875,924.263671875,924.263671875,924.263671875,0,0.0,0.0
2018-10-18 00:00:00+09:00,924.263671875,924.263671875,924.263671875,924.263671875,0,0.0,0.0
2018-10-19 00:00:00+09:00,932.8349230069362,932.8349230069362,923.3113403320312,923.3113403320312,400,0.0,0.0
2018-10-22 00:00:00+09:00,923.3113403320312,923.3113403320312,923.3113403320312,923.3113403320312,0,0.0,0.0
2018-10-23 00:00:00+09:00,923.3113403320312,923.3113403320312,923.3113403320312,923.3113403320312,0,0.0,0.0
2018-10-24 00:00:00+09:00,909.5021362304688,909.5021362304688,909.5021362304688,909.5021362304688,200,0.0,0.0
2018-10-25 00:00:00+09:00,909.5021362304688,909.5021362304688,909.5021362304688,909.5021362304688,0,0.0,0.0
2018-10-26 00:00:00+09:00,909.5021362304688,909.5021362304688,909.5021362304688,909.5021362304688,0,0.0,0.0
2018-10-29 00:00:00+09:00,909.5021362304688,909.5021362304688,909.5021362304688,909.5021362304688,0,0.0,0.0
2018-10-30 00:00:00+09:00,909.5021362304688,909.5021362304688,909.5021362304688,909.5021362304688,0,0.0,0.0
2018-10-31 00:00:00+09:00,909.5021362304688,909.5021362304688,909.5021362304688,909.5021362304688,0,0.0,0.0
2018-11-01 00:00:00+09:00,909.5021362304688,909.5021362304688,909.5021362304688,909.5021362304688,0,0.0,0.0
2018-11-02 00:00:00+09:00,909.5021362304688,909.5021362304688,909.5021362304688,909.5021362304688,0,0.0,0.0
2018-11-05 00:00:00+09:00,909.5021362304688,909.5021362304688,909.5021362304688,909.5021362304688,0,0.0,0.0
2018-11-06 00:00:00+09:00,909.5021362304688,909.5021362304688,909.5021362304688,909.5021362304688,0,0.0,0.0
2018-11-07 00:00:00+09:00,909.5021362304688,909.5021362304688,909.5021362304688,909.5021362304688,0,0.0,0.0
2018-11-08 00:00:00+09:00,909.5021362304688,909.5021362304688,909.5021362304688,909.5021362304688,0,0.0,0.0
2018-11-09 00:00:00+09:00,909.5021362304688,909.5021362304688,909.5021362304688,909.5021362304688,0,0.0,0.0
2018-11-12 00:00:00+09:00,909.5021362304688,909.5021362304688,909.5021362304688,909.5021362304688,0,0.0,0.0
2018-11-13 00:00:00+09:00,909.0259399414062,909.0259399414062,909.0259399414062,909.0259399414062,800,0.0,0.0
2018-11-14 00:00:00+09:00,909.0259399414062,909.0259399414062,909.0259399414062,909.0259399414062,0,0.0,0.0
2018-11-15 00:00:00+09:00,909.0259399414062,909.0259399414062,909.0259399414062,909.0259399414062,0,0.0,0.0
2018-11-16 00:00:00+09:00,909.0259399414062,909.0259399414062,909.0259399414062,909.0259399414062,0,0.0,0.0
2018-11-19 00:00:00+09:00,942.8346557617188,942.8346557617188,942.8346557617188,942.8346557617188,200,0.0,0.0
2018-11-20 00:00:00+09:00,928.54931640625,928.54931640625,928.54931640625,928.54931640625,200,0.0,0.0
2018-11-21 00:00:00+09:00,928.54931640625,928.54931640625,928.54931640625,928.54931640625,0,0.0,0.0
2018-11-22 00:00:00+09:00,928.54931640625,928.54931640625,928.54931640625,928.54931640625,0,0.0,0.0
2018-11-23 00:00:00+09:00,928.54931640625,928.54931640625,928.54931640625,928.54931640625,0,0.0,0.0
2018-11-26 00:00:00+09:00,928.54931640625,928.54931640625,928.54931640625,928.54931640625,0,0.0,0.0
2018-11-27 00:00:00+09:00,928.54931640625,928.54931640625,928.54931640625,928.54931640625,0,0.0,0.0
2018-11-28 00:00:00+09:00,940.4537792263785,940.4537792263785,939.9776000976562,939.9776000976562,400,0.0,0.0
2018-11-29 00:00:00+09:00,939.9776000976562,939.9776000976562,939.9776000976562,939.9776000976562,400,0.0,0.0
2018-11-30 00:00:00+09:00,939.9776000976562,939.9776000976562,939.9776000976562,939.9776000976562,0,0.0,0.0
2018-12-03 00:00:00+09:00,939.9776000976562,939.9776000976562,939.9776000976562,939.9776000976562,0,0.0,0.0
2018-12-04 00:00:00+09:00,939.9776000976562,939.9776000976562,939.9776000976562,939.9776000976562,0,0.0,0.0
2018-12-05 00:00:00+09:00,928.5492666972052,928.5492666972052,923.7874755859375,923.7874755859375,800,0.0,0.0
2018-12-06 00:00:00+09:00,923.7874755859375,923.7874755859375,923.7874755859375,923.7874755859375,0,0.0,0.0
2018-12-07 00:00:00+09:00,923.7874755859375,923.7874755859375,923.7874755859375,923.7874755859375,0,0.0,0.0
2018-12-10 00:00:00+09:00,923.7874755859375,923.7874755859375,923.7874755859375,923.7874755859375,0,0.0,0.0
2018-12-11 00:00:00+09:00,919.9780883789062,919.9780883789062,919.9780883789062,919.9780883789062,200,0.0,0.0
2018-12-12 00:00:00+09:00,916.6448364257812,916.6448364257812,916.6448364257812,916.6448364257812,200,0.0,0.0
2018-12-13 00:00:00+09:00,916.6448364257812,916.6448364257812,916.6448364257812,916.6448364257812,0,0.0,0.0
2018-12-14 00:00:00+09:00,918.5495513594778,918.5495513594778,904.7403564453125,904.7403564453125,2600,0.0,0.0
2018-12-17 00:00:00+09:00,933.3110961914062,933.3110961914062,933.3110961914062,933.3110961914062,200,0.0,0.0
2018-12-18 00:00:00+09:00,916.6448364257812,916.6448364257812,916.6448364257812,916.6448364257812,1800,0.0,0.0
2018-12-19 00:00:00+09:00,916.6448364257812,916.6448364257812,916.6448364257812,916.6448364257812,0,0.0,0.0
2018-12-20 00:00:00+09:00,897.5976709935572,916.6448364257812,895.2167753145293,916.6448364257812,1000,0.0,0.0
2018-12-21 00:00:00+09:00,897.5976661475929,897.5976661475929,880.931396484375,880.931396484375,1400,0.0,0.0
2018-12-24 00:00:00+09:00,880.931396484375,880.931396484375,880.931396484375,880.931396484375,0,0.0,0.0
2018-12-25 00:00:00+09:00,799.9809283755811,819.5042724609375,799.9809283755811,819.5042724609375,2200,0.0,0.0
2018-12-26 00:00:00+09:00,838.0752563476562,838.0752563476562,838.0752563476562,838.0752563476562,200,0.0,0.0
2018-12-27 00:00:00+09:00,819.028076171875,819.028076171875,819.028076171875,819.028076171875,200,0.0,0.0
2018-12-28 00:00:00+09:00,819.028076171875,819.028076171875,819.028076171875,819.028076171875,0,0.0,0.0
2018-12-31 00:00:00+09:00,819.028076171875,819.028076171875,819.028076171875,819.028076171875,0,0.0,0.0
2019-01-04 00:00:00+09:00,819.028076171875,819.028076171875,819.028076171875,819.028076171875,0,0.0,0.0
2019-01-07 00:00:00+09:00,861.8842163085938,861.8842163085938,861.8842163085938,861.8842163085938,200,0.0,0.0
2019-01-08 00:00:00+09:00,861.8842163085938,861.8842163085938,861.8842163085938,861.8842163085938,0,0.0,0.0
2019-01-09 00:00:00+09:00,914.263916015625,914.263916015625,914.263916015625,914.263916015625,600,0.0,0.0
2019-01-10 00:00:00+09:00,914.263916015625,914.263916015625,914.263916015625,914.263916015625,0,0.0,0.0
2019-01-11 00:00:00+09:00,914.263916015625,914.263916015625,914.263916015625,914.263916015625,0,0.0,0.0
2019-01-15 00:00:00+09:00,914.263916015625,914.263916015625,914.263916015625,914.263916015625,0,0.0,0.0
2019-01-16 00:00:00+09:00,914.263916015625,914.263916015625,914.263916015625,914.263916015625,0,0.0,0.0
2019-01-17 00:00:00+09:00,933.3110961914062,933.3110961914062,933.3110961914062,933.3110961914062,200,0.0,0.0
2019-01-18 00:00:00+09:00,933.3110961914062,933.3110961914062,933.3110961914062,933.3110961914062,0,0.0,0.0
2019-01-21 00:00:00+09:00,933.3110961914062,933.3110961914062,933.3110961914062,933.3110961914062,0,0.0,0.0
2019-01-22 00:00:00+09:00,933.3110961914062,933.3110961914062,933.3110961914062,933.3110961914062,0,0.0,0.0
2019-01-23 00:00:00+09:00,933.3110961914062,933.3110961914062,933.3110961914062,933.3110961914062,0,0.0,0.0
2019-01-24 00:00:00+09:00,933.3110961914062,933.3110961914062,933.3110961914062,933.3110961914062,0,0.0,0.0
2019-01-25 00:00:00+09:00,933.3110961914062,933.3110961914062,933.3110961914062,933.3110961914062,0,0.0,0.0
2019-01-28 00:00:00+09:00,933.3110961914062,933.3110961914062,933.3110961914062,933.3110961914062,0,0.0,0.0
2019-01-29 00:00:00+09:00,933.3110961914062,933.3110961914062,933.3110961914062,933.3110961914062,0,0.0,0.0
2019-01-30 00:00:00+09:00,942.3584594726562,942.3584594726562,942.3584594726562,942.3584594726562,400,0.0,0.0
2019-01-31 00:00:00+09:00,942.3584594726562,942.3584594726562,942.3584594726562,942.3584594726562,0,0.0,0.0
2019-02-01 00:00:00+09:00,942.3584594726562,942.3584594726562,942.3584594726562,942.3584594726562,0,0.0,0.0
2019-02-04 00:00:00+09:00,942.3584594726562,942.3584594726562,942.3584594726562,942.3584594726562,0,0.0,0.0
2019-02-05 00:00:00+09:00,942.3584594726562,942.3584594726562,942.3584594726562,942.3584594726562,0,0.0,0.0
2019-02-06 00:00:00+09:00,942.3584594726562,942.3584594726562,942.3584594726562,942.3584594726562,0,0.0,0.0
2019-02-07 00:00:00+09:00,940.4537601663609,942.8346557617188,940.4537601663609,942.8346557617188,1400,0.0,0.0
2019-02-08 00:00:00+09:00,942.8346557617188,942.8346557617188,942.8346557617188,942.8346557617188,0,0.0,0.0
2019-02-12 00:00:00+09:00,945.2155892944336,952.3582763671875,942.8346936035156,952.3582763671875,1600,0.0,0.0
2019-02-13 00:00:00+09:00,952.3582763671875,952.3582763671875,952.3582763671875,952.3582763671875,0,0.0,0.0
2019-02-14 00:00:00+09:00,895.6929528808594,904.7403564453125,895.6929528808594,904.7403564453125,800,0.0,0.0
2019-02-15 00:00:00+09:00,904.7403564453125,904.7403564453125,904.7403564453125,904.7403564453125,0,0.0,0.0
2019-02-18 00:00:00+09:00,912.8353881835938,912.8353881835938,912.8353881835938,912.8353881835938,200,0.0,0.0
2019-02-19 00:00:00+09:00,904.7403564453125,904.7403564453125,904.7403564453125,904.7403564453125,200,0.0,0.0
2019-02-20 00:00:00+09:00,904.7403564453125,904.7403564453125,904.7403564453125,904.7403564453125,0,0.0,0.0
2019-02-21 00:00:00+09:00,904.7403335571289,914.263916015625,904.7403335571289,914.263916015625,600,0.0,0.0
2019-02-22 00:00:00+09:00,914.263916015625,914.263916015625,914.263916015625,914.263916015625,0,0.0,0.0
2019-02-25 00:00:00+09:00,945.6917114257812,945.6917114257812,945.6917114257812,945.6917114257812,200,0.0,0.0
2019-02-26 00:00:00+09:00,916.6448364257812,916.6448364257812,916.6448364257812,916.6448364257812,200,0.0,0.0
2019-02-27 00:00:00+09:00,916.6448364257812,916.6448364257812,916.6448364257812,916.6448364257812,0,0.0,0.0
2019-02-28 00:00:00+09:00,916.6448364257812,916.6448364257812,916.6448364257812,916.6448364257812,0,0.0,0.0
2019-03-01 00:00:00+09:00,916.6448364257812,916.6448364257812,916.6448364257812,916.6448364257812,0,0.0,0.0
2019-03-04 00:00:00+09:00,916.6448364257812,916.6448364257812,916.6448364257812,916.6448364257812,0,0.0,0.0
2019-03-05 00:00:00+09:00,916.6448364257812,916.6448364257812,916.6448364257812,916.6448364257812,0,0.0,0.0
2019-03-06 00:00:00+09:00,942.8346557617188,942.8346557617188,942.8346557617188,942.8346557617188,200,0.0,0.0
2019-03-07 00:00:00+09:00,919.0256958007812,919.0256958007812,919.0256958007812,919.0256958007812,200,0.0,0.0
2019-03-08 00:00:00+09:00,919.0256958007812,919.0256958007812,919.0256958007812,919.0256958007812,0,0.0,0.0
2019-03-11 00:00:00+09:00,938.0728759765625,938.0728759765625,938.0728759765625,938.0728759765625,400,0.0,0.0
2019-03-12 00:00:00+09:00,938.0728759765625,938.0728759765625,938.0728759765625,938.0728759765625,0,0.0,0.0
2019-03-13 00:00:00+09:00,938.0728759765625,938.0728759765625,938.0728759765625,938.0728759765625,0,0.0,0.0
2019-03-14 00:00:00+09:00,920.4542236328125,920.4542236328125,920.4542236328125,920.4542236328125,200,0.0,0.0
2019-03-15 00:00:00+09:00,920.4542236328125,920.4542236328125,920.4542236328125,920.4542236328125,0,0.0,0.0
2019-03-18 00:00:00+09:00,939.5014038085938,939.5014038085938,939.5014038085938,939.5014038085938,200,0.0,0.0
2019-03-19 00:00:00+09:00,920.4542236328125,920.4542236328125,919.0256862966002,920.4542236328125,1200,0.0,0.0
2019-03-20 00:00:00+09:00,920.4542236328125,920.4542236328125,920.4542236328125,920.4542236328125,0,0.0,0.0
2019-03-22 00:00:00+09:00,920.4542236328125,920.4542236328125,920.4542236328125,920.4542236328125,0,0.0,0.0
2019-03-25 00:00:00+09:00,919.0256958007812,919.0256958007812,919.0256958007812,919.0256958007812,200,0.0,0.0
2019-03-26 00:00:00+09:00,919.0256958007812,919.0256958007812,919.0256958007812,919.0256958007812,200,0.0,0.0
2019-03-27 00:00:00+09:00,919.0256958007812,919.0256958007812,919.0256958007812,919.0256958007812,0,0.0,0.0
2019-03-28 00:00:00+09:00,919.0256958007812,919.0256958007812,919.0256958007812,919.0256958007812,0,0.0,0.0
2019-03-29 00:00:00+09:00,919.0256958007812,919.0256958007812,919.0256958007812,919.0256958007812,0,0.0,0.0
2019-04-01 00:00:00+09:00,933.3110578084729,942.8346400310083,923.7874755859375,923.7874755859375,1800,0.0,0.0
2019-04-02 00:00:00+09:00,923.7874755859375,923.7874755859375,923.7874755859375,923.7874755859375,0,0.0,0.0
2019-04-03 00:00:00+09:00,923.7874755859375,923.7874755859375,923.7874755859375,923.7874755859375,0,0.0,0.0
2019-04-04 00:00:00+09:00,923.7874755859375,923.7874755859375,923.7874755859375,923.7874755859375,0,0.0,0.0
2019-04-05 00:00:00+09:00,923.7874755859375,923.7874755859375,923.7874755859375,923.7874755859375,0,0.0,0.0
2019-04-08 00:00:00+09:00,923.7874755859375,923.7874755859375,923.7874755859375,923.7874755859375,0,0.0,0.0
2019-04-09 00:00:00+09:00,923.7874755859375,923.7874755859375,923.7874755859375,923.7874755859375,0,0.0,0.0
2019-04-10 00:00:00+09:00,923.7874755859375,923.7874755859375,923.7874755859375,923.7874755859375,0,0.0,0.0
2019-04-11 00:00:00+09:00,923.7874755859375,923.7874755859375,923.7874755859375,923.7874755859375,0,0.0,0.0
2019-04-12 00:00:00+09:00,923.7874755859375,923.7874755859375,923.7874755859375,923.7874755859375,0,0.0,0.0
2019-04-15 00:00:00+09:00,923.7874755859375,923.7874755859375,923.7874755859375,923.7874755859375,0,0.0,0.0
2019-04-16 00:00:00+09:00,923.7874755859375,923.7874755859375,923.7874755859375,923.7874755859375,0,0.0,0.0
2019-04-17 00:00:00+09:00,885.6931535436752,895.2167358398438,885.6931535436752,895.2167358398438,1000,0.0,0.0
2019-04-18 00:00:00+09:00,914.2639309630102,933.3110961914062,914.2639309630102,933.3110961914062,400,0.0,0.0
2019-04-19 00:00:00+09:00,914.2639294863374,914.2639294863374,906.1688842773438,906.1688842773438,400,0.0,0.0
2019-04-22 00:00:00+09:00,895.2167358398438,895.2167358398438,895.2167358398438,895.2167358398438,200,0.0,0.0
2019-04-23 00:00:00+09:00,895.2167358398438,895.2167358398438,895.2167358398438,895.2167358398438,0,0.0,0.0
2019-04-24 00:00:00+09:00,895.2167358398438,895.2167358398438,895.2167358398438,895.2167358398438,0,0.0,0.0
2019-04-25 00:00:00+09:00,895.2167358398438,895.2167358398438,895.2167358398438,895.2167358398438,0,0.0,0.0
2019-04-26 00:00:00+09:00,895.2167510986328,914.263916015625,895.2167510986328,914.263916015625,1200,0.0,0.0
2019-05-07 00:00:00+09:00,914.263916015625,914.263916015625,914.263916015625,914.263916015625,600,0.0,0.0
2019-05-08 00:00:00+09:00,928.54931640625,928.54931640625,928.54931640625,928.54931640625,200,0.0,0.0
2019-05-09 00:00:00+09:00,928.54931640625,928.54931640625,928.54931640625,928.54931640625,0,0.0,0.0
2019-05-10 00:00:00+09:00,928.54931640625,928.54931640625,928.54931640625,928.54931640625,0,0.0,0.0
2019-05-13 00:00:00+09:00,928.54931640625,928.54931640625,928.54931640625,928.54931640625,0,0.0,0.0
2019-05-14 00:00:00+09:00,928.54931640625,928.54931640625,928.54931640625,928.54931640625,0,0.0,0.0
2019-05-15 00:00:00+09:00,928.54931640625,928.54931640625,928.54931640625,928.54931640625,0,0.0,0.0
2019-05-16 00:00:00+09:00,890.4549638105361,890.4549638105361,861.8842163085938,861.8842163085938,1000,0.0,0.0
2019-05-17 00:00:00+09:00,861.8842163085938,861.8842163085938,861.8842163085938,861.8842163085938,0,0.0,0.0
2019-05-20 00:00:00+09:00,899.5023803710938,899.5023803710938,899.5023803710938,899.5023803710938,200,0.0,0.0
2019-05-21 00:00:00+09:00,880.4552001953125,880.4552001953125,880.4552001953125,880.4552001953125,200,0.0,0.0
2019-05-22 00:00:00+09:00,874.264892578125,874.264892578125,874.264892578125,874.264892578125,200,0.0,0.0
2019-05-23 00:00:00+09:00,874.264892578125,874.264892578125,874.264892578125,874.264892578125,0,0.0,0.0
2019-05-24 00:00:00+09:00,874.264892578125,874.264892578125,874.264892578125,874.264892578125,0,0.0,0.0
2019-05-27 00:00:00+09:00,874.264892578125,874.264892578125,874.264892578125,874.264892578125,0,0.0,0.0
2019-05-28 00:00:00+09:00,874.264892578125,874.264892578125,874.264892578125,874.264892578125,0,0.0,0.0
2019-05-29 00:00:00+09:00,893.31201171875,893.31201171875,893.31201171875,893.31201171875,200,0.0,0.0
2019-05-30 00:00:00+09:00,893.31201171875,893.31201171875,893.31201171875,893.31201171875,0,0.0,0.0
2019-05-31 00:00:00+09:00,893.31201171875,893.31201171875,893.31201171875,893.31201171875,0,0.0,0.0
2019-06-03 00:00:00+09:00,893.31201171875,893.31201171875,893.31201171875,893.31201171875,400,0.0,0.0
2019-06-04 00:00:00+09:00,893.31201171875,893.31201171875,893.31201171875,893.31201171875,0,0.0,0.0
2019-06-05 00:00:00+09:00,893.31201171875,893.31201171875,893.31201171875,893.31201171875,0,0.0,0.0
2019-06-06 00:00:00+09:00,904.7403564453125,904.7403564453125,904.7403564453125,904.7403564453125,400,0.0,0.0
2019-06-07 00:00:00+09:00,904.7403564453125,904.7403564453125,904.7403564453125,904.7403564453125,0,0.0,0.0
2019-06-10 00:00:00+09:00,904.7403564453125,904.7403564453125,904.7403564453125,904.7403564453125,0,0.0,0.0
2019-06-11 00:00:00+09:00,904.7403564453125,904.7403564453125,904.7403564453125,904.7403564453125,200,0.0,0.0
2019-06-12 00:00:00+09:00,923.787515251102,945.215576171875,923.787515251102,945.215576171875,2000,0.0,0.0
2019-06-13 00:00:00+09:00,928.54931640625,928.54931640625,928.54931640625,928.54931640625,1000,0.0,0.0
2019-06-14 00:00:00+09:00,928.54931640625,928.54931640625,928.54931640625,928.54931640625,400,0.0,0.0
2019-06-17 00:00:00+09:00,928.54931640625,928.54931640625,928.54931640625,928.54931640625,0,0.0,0.0
2019-06-18 00:00:00+09:00,938.0728429435385,938.0728429435385,918.5494995117188,918.5494995117188,1200,0.0,0.0
2019-06-19 00:00:00+09:00,904.7403111408667,923.7874755859375,904.7403111408667,923.7874755859375,3000,0.0,0.0
2019-06-20 00:00:00+09:00,914.263916015625,914.263916015625,914.263916015625,914.263916015625,400,0.0,0.0
2019-06-21 00:00:00+09:00,904.7403564453125,904.7403564453125,904.7403564453125,904.7403564453125,400,0.0,0.0
2019-06-24 00:00:00+09:00,904.7403564453125,904.7403564453125,904.7403564453125,904.7403564453125,0,0.0,0.0
2019-06-25 00:00:00+09:00,904.7403564453125,904.7403564453125,904.7403564453125,904.7403564453125,0,0.0,0.0
2019-06-26 00:00:00+09:00,904.7403564453125,904.7403564453125,904.7403564453125,904.7403564453125,400,0.0,0.0
2019-06-27 00:00:00+09:00,904.7403067129629,904.7403067129629,899.978515625,899.978515625,600,0.0,0.0
2019-06-28 00:00:00+09:00,928.0731201171875,928.0731201171875,928.0731201171875,928.0731201171875,1200,0.0,0.0
2019-07-01 00:00:00+09:00,928.0731201171875,928.0731201171875,928.0731201171875,928.0731201171875,400,0.0,0.0
2019-07-02 00:00:00+09:00,923.7875250400641,928.54931640625,923.7875250400641,928.54931640625,1600,0.0,0.0
2019-07-03 00:00:00+09:00,928.54931640625,928.54931640625,928.54931640625,928.54931640625,0,0.0,0.0
2019-07-04 00:00:00+09:00,928.54931640625,928.54931640625,928.54931640625,928.54931640625,0,0.0,0.0
2019-07-05 00:00:00+09:00,928.54931640625,928.54931640625,928.54931640625,928.54931640625,0,0.0,0.0
2019-07-08 00:00:00+09:00,928.54931640625,928.54931640625,928.54931640625,928.54931640625,1000,0.0,0.0
2019-07-09 00:00:00+09:00,928.5492781406857,928.5492781406857,919.0256958007812,919.0256958007812,400,0.0,0.0
2019-07-10 00:00:00+09:00,919.0256958007812,919.0256958007812,919.0256958007812,919.0256958007812,4400,0.0,0.0
2019-07-11 00:00:00+09:00,919.0256958007812,919.0256958007812,919.0256958007812,919.0256958007812,200,0.0,0.0
2019-07-12 00:00:00+09:00,914.263916015625,914.263916015625,914.263916015625,914.263916015625,200,0.0,0.0
2019-07-16 00:00:00+09:00,914.263916015625,914.263916015625,914.263916015625,914.263916015625,0,0.0,0.0
2019-07-17 00:00:00+09:00,914.263916015625,914.263916015625,914.263916015625,914.263916015625,0,0.0,0.0
2019-07-18 00:00:00+09:00,914.263916015625,914.263916015625,914.263916015625,914.263916015625,200,0.0,0.0
2019-07-19 00:00:00+09:00,914.263916015625,914.263916015625,914.263916015625,914.263916015625,200,0.0,0.0
2019-07-22 00:00:00+09:00,914.263916015625,914.263916015625,914.263916015625,914.263916015625,0,0.0,0.0
2019-07-23 00:00:00+09:00,914.263916015625,914.263916015625,914.263916015625,914.263916015625,0,0.0,0.0
2019-07-24 00:00:00+09:00,914.263916015625,914.263916015625,914.263916015625,914.263916015625,2000,0.0,0.0
2019-07-25 00:00:00+09:00,897.1214409722222,899.978515625,897.1214409722222,899.978515625,1200,0.0,0.0
2019-07-26 00:00:00+09:00,899.978515625,899.978515625,899.978515625,899.978515625,0,0.0,0.0
2019-07-29 00:00:00+09:00,899.978515625,899.978515625,899.978515625,899.978515625,0,0.0,0.0
2019-07-30 00:00:00+09:00,923.7874755859375,923.7874755859375,923.7874755859375,923.7874755859375,1000,0.0,0.0
2019-07-31 00:00:00+09:00,923.7874755859375,923.7874755859375,923.7874755859375,923.7874755859375,400,0.0,0.0
2019-08-01 00:00:00+09:00,923.7874755859375,923.7874755859375,923.7874755859375,923.7874755859375,0,0.0,0.0
2019-08-02 00:00:00+09:00,923.7874755859375,923.7874755859375,923.7874755859375,923.7874755859375,0,0.0,0.0
2019-08-05 00:00:00+09:00,923.7874755859375,923.7874755859375,923.7874755859375,923.7874755859375,0,0.0,0.0
2019-08-06 00:00:00+09:00,923.7874755859375,923.7874755859375,923.7874755859375,923.7874755859375,0,0.0,0.0
2019-08-07 00:00:00+09:00,911.883020401001,914.263916015625,911.883020401001,914.263916015625,400,0.0,0.0
2019-08-08 00:00:00+09:00,914.263916015625,914.263916015625,914.263916015625,914.263916015625,0,0.0,0.0
2019-08-09 00:00:00+09:00,901.8832397460938,901.8832397460938,901.8832397460938,901.8832397460938,200,0.0,0.0
2019-08-13 00:00:00+09:00,901.8832397460938,901.8832397460938,901.8832397460938,901.8832397460938,200,0.0,0.0
2019-08-14 00:00:00+09:00,939.9776000976562,939.9776000976562,939.9776000976562,939.9776000976562,200,0.0,0.0
2019-08-15 00:00:00+09:00,920.930419921875,920.930419921875,920.930419921875,920.930419921875,400,0.0,0.0
2019-08-16 00:00:00+09:00,904.7403564453125,904.7403564453125,904.7403564453125,904.7403564453125,200,0.0,0.0
2019-08-19 00:00:00+09:00,904.7403564453125,904.7403564453125,904.7403564453125,904.7403564453125,0,0.0,0.0
2019-08-20 00:00:00+09:00,904.7403564453125,904.7403564453125,886.6455493164062,904.7403564453125,2400,0.0,0.0
2019-08-21 00:00:00+09:00,904.7403564453125,904.7403564453125,904.7403564453125,904.7403564453125,200,0.0,0.0
2019-08-22 00:00:00+09:00,904.7403564453125,904.7403564453125,904.7403564453125,904.7403564453125,0,0.0,0.0
2019-08-23 00:00:00+09:00,904.7403564453125,904.7403564453125,904.7403564453125,904.7403564453125,0,0.0,0.0
2019-08-26 00:00:00+09:00,904.7403564453125,904.7403564453125,904.7403564453125,904.7403564453125,0,0.0,0.0
2019-08-27 00:00:00+09:00,904.7403564453125,904.7403564453125,904.7403564453125,904.7403564453125,0,0.0,0.0
2019-08-28 00:00:00+09:00,923.7874755859375,923.7874755859375,923.7874755859375,923.7874755859375,200,0.0,0.0
2019-08-29 00:00:00+09:00,923.7874755859375,923.7874755859375,923.7874755859375,923.7874755859375,0,0.0,0.0
2019-08-30 00:00:00+09:00,904.7403564453125,904.7403564453125,904.7403564453125,904.7403564453125,200,0.0,0.0
2019-09-02 00:00:00+09:00,904.7403564453125,904.7403564453125,904.7403564453125,904.7403564453125,0,0.0,0.0
2019-09-03 00:00:00+09:00,904.7403588722881,904.7403588722881,885.6931934223452,886.1693725585938,1600,0.0,0.0
2019-09-04 00:00:00+09:00,886.1693725585938,886.1693725585938,886.1693725585938,886.1693725585938,0,0.0,0.0
2019-09-05 00:00:00+09:00,886.1693725585938,886.1693725585938,886.1693725585938,886.1693725585938,0,0.0,0.0
2019-09-06 00:00:00+09:00,886.1693725585938,886.1693725585938,886.1693725585938,886.1693725585938,400,0.0,0.0
2019-09-09 00:00:00+09:00,886.1693725585938,886.1693725585938,886.1693725585938,886.1693725585938,0,0.0,0.0
2019-09-10 00:00:00+09:00,886.1693725585938,886.1693725585938,886.1693725585938,886.1693725585938,0,0.0,0.0
2019-09-11 00:00:00+09:00,886.1693725585938,886.1693725585938,886.1693725585938,886.1693725585938,0,0.0,0.0
2019-09-12 00:00:00+09:00,886.1693725585938,886.1693725585938,886.1693725585938,886.1693725585938,0,0.0,0.0
2019-09-13 00:00:00+09:00,886.1693725585938,886.1693725585938,886.1693725585938,886.1693725585938,0,0.0,0.0
2019-09-17 00:00:00+09:00,886.1693725585938,886.1693725585938,886.1693725585938,886.1693725585938,0,0.0,0.0
2019-09-18 00:00:00+09:00,923.7874755859375,923.7874755859375,923.7874755859375,923.7874755859375,200,0.0,0.0
2019-09-19 00:00:00+09:00,904.7403564453125,904.7403564453125,904.7403564453125,904.7403564453125,200,0.0,0.0
2019-09-20 00:00:00+09:00,904.7403564453125,904.7403564453125,904.7403564453125,904.7403564453125,0,0.0,0.0
2019-09-24 00:00:00+09:00,904.7403564453125,904.7403564453125,904.7403564453125,904.7403564453125,200,0.0,0.0
2019-09-25 00:00:00+09:00,904.7403564453125,904.7403564453125,904.7403564453125,904.7403564453125,0,0.0,0.0
2019-09-26 00:00:00+09:00,923.7875022307265,938.0728759765625,923.7875022307265,938.0728759765625,3400,0.0,0.0
2019-09-27 00:00:00+09:00,929.5016307742824,929.5016307742824,929.0254516601562,929.0254516601562,600,0.0,0.0
2019-09-30 00:00:00+09:00,929.0254516601562,929.0254516601562,929.0254516601562,929.0254516601562,600,0.0,0.0
2019-10-01 00:00:00+09:00,929.0254516601562,929.0254516601562,929.0254516601562,929.0254516601562,0,0.0,0.0
2019-10-02 00:00:00+09:00,890.93115234375,890.93115234375,890.93115234375,890.93115234375,400,0.0,0.0
2019-10-03 00:00:00+09:00,911.8830364445118,976.1672191703651,909.5021407879988,975.6910400390625,3800,0.0,0.0
2019-10-04 00:00:00+09:00,973.7862910850375,973.7862910850375,970.9292163923675,971.4053955078125,5600,0.0,0.0
2019-10-07 00:00:00+09:00,971.4053955078125,971.4053955078125,971.4053955078125,971.4053955078125,0,0.0,0.0
2019-10-08 00:00:00+09:00,971.4053955078125,971.4053955078125,971.4053955078125,971.4053955078125,0,0.0,0.0
2019-10-09 00:00:00+09:00,971.4053955078125,971.4053955078125,971.4053955078125,971.4053955078125,0,0.0,0.0
2019-10-10 00:00:00+09:00,928.5493188974808,928.5493188974808,909.5021533816351,909.9783325195312,600,0.0,0.0
2019-10-11 00:00:00+09:00,909.9783330688476,952.3582763671875,909.9783330688476,952.3582763671875,1400,0.0,0.0
2019-10-15 00:00:00+09:00,919.0256958007812,919.0256958007812,919.0256958007812,919.0256958007812,200,0.0,0.0
2019-10-16 00:00:00+09:00,904.7403241344498,930.9301756225523,904.7403241344498,915.6924438476562,1600,0.0,0.0
2019-10-17 00:00:00+09:00,904.7403111408667,924.2636546970643,904.7403111408667,923.7874755859375,2200,0.0,0.0
2019-10-18 00:00:00+09:00,942.8346425888833,952.3582248372559,922.8351198673009,950.9296875,5800,0.0,0.0
2019-10-21 00:00:00+09:00,931.8825703625802,931.8825703625802,928.54931640625,928.54931640625,3400,0.0,0.0
2019-10-23 00:00:00+09:00,921.406608593396,935.6919823700377,919.5018920898438,919.5018920898438,1600,0.0,0.0
2019-10-24 00:00:00+09:00,919.025701555255,942.358478434119,919.025701555255,924.263671875,8200,0.0,0.0
2019-10-25 00:00:00+09:00,924.2636909898862,924.2636909898862,921.4066162109375,921.4066162109375,2000,0.0,0.0
2019-10-28 00:00:00+09:00,921.4065913857575,933.311069310638,919.0256958007812,919.0256958007812,3800,0.0,0.0
2019-10-29 00:00:00+09:00,914.7401123046875,914.7401123046875,914.7401123046875,914.7401123046875,800,0.0,0.0
2019-10-30 00:00:00+09:00,914.7401123046875,914.7401123046875,914.7401123046875,914.7401123046875,200,0.0,0.0
2019-10-31 00:00:00+09:00,915.6924683551399,933.3110961914062,914.7401100937201,933.3110961914062,2400,0.0,0.0
2019-11-01 00:00:00+09:00,919.9780827551568,919.9780827551568,914.7401123046875,914.7401123046875,2400,0.0,0.0
2019-11-05 00:00:00+09:00,914.263916015625,914.263916015625,914.263916015625,914.263916015625,400,0.0,0.0
2019-11-06 00:00:00+09:00,914.263916015625,915.6924533843994,914.263916015625,914.263916015625,2600,0.0,0.0
2019-11-07 00:00:00+09:00,914.263916015625,928.0731105804443,914.263916015625,914.263916015625,800,0.0,0.0
2019-11-08 00:00:00+09:00,914.263916015625,914.263916015625,914.263916015625,914.263916015625,0,0.0,0.0
2019-11-11 00:00:00+09:00,906.64502938276,920.4542236328125,906.64502938276,920.4542236328125,800,0.0,0.0
2019-11-12 00:00:00+09:00,904.7403564453125,904.7403564453125,904.7403564453125,904.7403564453125,200,0.0,0.0
2019-11-13 00:00:00+09:00,904.7403564453125,904.7403564453125,904.7403564453125,904.7403564453125,200,0.0,0.0
2019-11-14 00:00:00+09:00,904.7403564453125,904.7403564453125,904.7403564453125,904.7403564453125,0,0.0,0.0
2019-11-15 00:00:00+09:00,904.7403564453125,904.7403564453125,904.7403564453125,904.7403564453125,0,0.0,0.0
2019-11-18 00:00:00+09:00,910.4544944883017,928.5493013871278,909.5021362304688,909.5021362304688,1200,0.0,0.0
2019-11-19 00:00:00+09:00,904.7403564453125,904.7403564453125,904.7403564453125,904.7403564453125,400,0.0,0.0
2019-11-20 00:00:00+09:00,904.7403564453125,904.7403564453125,904.7403564453125,904.7403564453125,400,0.0,0.0
2019-11-21 00:00:00+09:00,904.7403564453125,904.7403564453125,904.7403564453125,904.7403564453125,400,0.0,0.0
2019-11-22 00:00:00+09:00,904.7403564453125,904.7403564453125,904.7403564453125,904.7403564453125,0,0.0,0.0
2019-11-25 00:00:00+09:00,904.7403564453125,904.7403564453125,904.7403564453125,904.7403564453125,800,0.0,0.0
2019-11-26 00:00:00+09:00,900.9309233655428,904.7403564453125,900.9309233655428,904.7403564453125,600,0.0,0.0
2019-11-27 00:00:00+09:00,900.9309233655428,904.7403564453125,900.9309233655428,904.7403564453125,600,0.0,0.0
2019-11-28 00:00:00+09:00,904.7403564453125,904.7403564453125,904.7403564453125,904.7403564453125,0,0.0,0.0
2019-11-29 00:00:00+09:00,909.9782923868257,909.9782923868257,903.7879638671875,903.7879638671875,600,0.0,0.0
2019-12-02 00:00:00+09:00,899.9785650956003,904.7403564453125,899.9785650956003,904.7403564453125,400,0.0,0.0
2019-12-03 00:00:00+09:00,899.9785650956003,904.7403564453125,899.9785650956003,904.7403564453125,400,0.0,0.0
2019-12-04 00:00:00+09:00,891.8835198010896,904.7403564453125,891.8835198010896,904.7403564453125,2000,0.0,0.0
2019-12-05 00:00:00+09:00,892.8358780710321,904.7403564453125,892.8358780710321,904.7403564453125,600,0.0,0.0
2019-12-06 00:00:00+09:00,895.2167623629745,909.5021362304688,895.2167623629745,909.5021362304688,2400,0.0,0.0
2019-12-09 00:00:00+09:00,919.5018920898438,919.5018920898438,919.5018920898438,919.5018920898438,200,0.0,0.0
2019-12-10 00:00:00+09:00,919.5019072620693,923.3113403320312,904.7403541159666,923.3113403320312,800,0.0,0.0
2019-12-11 00:00:00+09:00,919.5019072620693,923.3113403320312,904.7403541159666,923.3113403320312,800,0.0,0.0
2019-12-12 00:00:00+09:00,916.6448348195929,923.31134270919,904.7403564453125,904.7403564453125,4400,0.0,0.0
2019-12-13 00:00:00+09:00,904.7403372970282,922.8351440429688,904.7403372970282,922.8351440429688,2200,0.0,0.0
2019-12-16 00:00:00+09:00,902.8356151570746,904.7403316447477,902.3594360351562,902.3594360351562,1200,0.0,0.0
2019-12-17 00:00:00+09:00,902.8356151570746,904.7403316447477,902.3594360351562,902.3594360351562,1200,0.0,0.0
2019-12-18 00:00:00+09:00,886.16934965013,904.7403354837437,886.16934965013,895.6929321289062,2400,0.0,0.0
2019-12-19 00:00:00+09:00,883.788474506579,904.7403564453125,883.788474506579,904.7403564453125,1200,0.0,0.0
2019-12-20 00:00:00+09:00,883.788474506579,904.7403564453125,883.788474506579,904.7403564453125,1200,0.0,0.0
2019-12-23 00:00:00+09:00,895.6929528808594,904.7403564453125,895.6929528808594,904.7403564453125,2200,0.0,0.0
2019-12-24 00:00:00+09:00,904.7403564453125,904.7403564453125,904.7403564453125,904.7403564453125,400,0.0,0.0
2019-12-25 00:00:00+09:00,904.7403564453125,904.7403564453125,904.7403564453125,904.7403564453125,600,0.0,0.0
2019-12-26 00:00:00+09:00,904.7403564453125,904.7403564453125,904.7403564453125,904.7403564453125,800,0.0,0.0
2019-12-27 00:00:00+09:00,904.7403564453125,904.7403564453125,904.7403564453125,904.7403564453125,800,0.0,0.0
2019-12-30 00:00:00+09:00,898.0738065168503,898.0738065168503,886.6455078125,886.6455078125,1200,0.0,0.0
2020-01-06 00:00:00+09:00,887.5978645593602,905.2164916992188,887.5978645593602,905.2164916992188,600,0.0,0.0
2020-01-07 00:00:00+09:00,887.5978645593602,905.2164916992188,887.5978645593602,905.2164916992188,600,0.0,0.0
2020-01-08 00:00:00+09:00,915.6924419818147,919.0256958007812,915.6924419818147,919.0256958007812,2000,0.0,0.0
2020-01-09 00:00:00+09:00,899.9785650956003,919.025730494449,899.9785650956003,904.7403564453125,3000,0.0,0.0
2020-01-10 00:00:00+09:00,904.7403144232197,904.7403144232197,901.8832397460938,901.8832397460938,1400,0.0,0.0
2020-01-14 00:00:00+09:00,901.8832816354852,905.2165355802837,901.8832816354852,904.7403564453125,2400,0.0,0.0
2020-01-15 00:00:00+09:00,904.7403413505964,904.7403413505964,885.6931762695312,885.6931762695312,1400,0.0,0.0
2020-01-16 00:00:00+09:00,904.7403548177084,904.7403548177084,892.8358764648438,892.8358764648438,400,0.0,0.0
2020-01-17 00:00:00+09:00,904.7403548177084,904.7403548177084,892.8358764648438,892.8358764648438,400,0.0,0.0
2020-01-20 00:00:00+09:00,904.7403564453125,904.7403564453125,904.7403564453125,904.7403564453125,1200,0.0,0.0
2020-01-21 00:00:00+09:00,904.7403564453125,904.7403564453125,904.7403564453125,904.7403564453125,800,0.0,0.0
2020-01-22 00:00:00+09:00,904.7403564453125,904.7403564453125,904.7403564453125,904.7403564453125,800,0.0,0.0
2020-01-23 00:00:00+09:00,904.7403564453125,904.7403564453125,904.7403564453125,904.7403564453125,200,0.0,0.0
2020-01-24 00:00:00+09:00,904.7403564453125,904.7403564453125,904.7403564453125,904.7403564453125,200,0.0,0.0
2020-01-27 00:00:00+09:00,941.8823289730675,941.8823289730675,904.7403564453125,904.7403564453125,1000,0.0,0.0
2020-01-28 00:00:00+09:00,941.8823289730675,941.8823289730675,904.7403564453125,904.7403564453125,1000,0.0,0.0
2020-01-29 00:00:00+09:00,904.7403564453125,904.7403564453125,904.7403564453125,904.7403564453125,200,0.0,0.0
2020-01-30 00:00:00+09:00,904.7403564453125,904.7403564453125,904.7403564453125,904.7403564453125,800,0.0,0.0
2020-01-31 00:00:00+09:00,904.7403564453125,904.7403564453125,904.7403564453125,904.7403564453125,800,0.0,0.0
2020-02-03 00:00:00+09:00,899.9785650956003,904.7403564453125,899.9785650956003,904.7403564453125,1200,0.0,0.0
2020-02-04 00:00:00+09:00,904.7403564453125,907.1212521201686,904.7403564453125,904.7403564453125,2400,0.0,0.0
2020-02-05 00:00:00+09:00,904.7403297464429,905.6926879882812,904.7403297464429,905.6926879882812,400,0.0,0.0
2020-02-06 00:00:00+09:00,904.7403297464429,905.6926879882812,904.7403297464429,905.6926879882812,400,0.0,0.0
2020-02-07 00:00:00+09:00,904.7403564453125,904.7403564453125,904.7403564453125,904.7403564453125,200,0.0,0.0
2020-02-10 00:00:00+09:00,904.7403564453125,904.7403564453125,904.7403564453125,904.7403564453125,0,0.0,0.0
2020-02-12 00:00:00+09:00,904.7403564453125,904.7403564453125,904.7403564453125,904.7403564453125,0,0.0,0.0
2020-02-13 00:00:00+09:00,904.7403183941062,910.4544677734375,904.7403183941062,910.4544677734375,1000,0.0,0.0
2020-02-14 00:00:00+09:00,910.4544677734375,910.4544677734375,910.4544677734375,910.4544677734375,0,0.0,0.0
2020-02-17 00:00:00+09:00,936.6443481445312,936.6443481445312,936.6443481445312,936.6443481445312,200,0.0,0.0
2020-02-18 00:00:00+09:00,936.6443481445312,936.6443481445312,936.6443481445312,936.6443481445312,200,0.0,0.0
2020-02-19 00:00:00+09:00,917.5971582571498,917.5971582571498,903.7879638671875,903.7879638671875,400,0.0,0.0
2020-02-20 00:00:00+09:00,903.7879638671875,903.7879638671875,903.7879638671875,903.7879638671875,0,0.0,0.0
2020-02-21 00:00:00+09:00,900.4547027239299,917.1209716796875,900.4547027239299,917.1209716796875,800,0.0,0.0
2020-02-25 00:00:00+09:00,904.7403564453125,904.7403564453125,904.7403564453125,904.7403564453125,400,0.0,0.0
2020-02-26 00:00:00+09:00,904.7403564453125,904.7403564453125,904.7403564453125,904.7403564453125,200,0.0,0.0
2020-02-27 00:00:00+09:00,899.9785518899205,904.7403431697613,897.59765625,897.59765625,2000,0.0,0.0
2020-02-28 00:00:00+09:00,897.5976332762759,904.7403200132225,891.8834838867188,891.8834838867188,2000,0.0,0.0
2020-03-02 00:00:00+09:00,891.8834838867188,891.8834838867188,891.8834838867188,891.8834838867188,600,0.0,0.0
2020-03-03 00:00:00+09:00,891.8834838867188,891.8834838867188,891.8834838867188,891.8834838867188,0,0.0,0.0
2020-03-04 00:00:00+09:00,891.8834838867188,891.8834838867188,891.8834838867188,891.8834838867188,0,0.0,0.0
2020-03-05 00:00:00+09:00,891.8834838867188,891.8834838867188,891.8834838867188,891.8834838867188,0,0.0,0.0
2020-03-06 00:00:00+09:00,889.5025883077366,891.8834838867188,889.5025883077366,891.8834838867188,800,0.0,0.0
2020-03-09 00:00:00+09:00,857.1224365234375,857.1224365234375,857.1224365234375,857.1224365234375,600,0.0,0.0
2020-03-10 00:00:00+09:00,857.1224365234375,857.1224365234375,857.1224365234375,857.1224365234375,0,0.0,0.0
2020-03-11 00:00:00+09:00,857.1224365234375,857.1224365234375,857.1224365234375,857.1224365234375,200,0.0,0.0
2020-03-12 00:00:00+09:00,857.1224365234375,857.1224365234375,857.1224365234375,857.1224365234375,0,0.0,0.0
2020-03-13 00:00:00+09:00,857.1224365234375,857.1224365234375,857.1224365234375,857.1224365234375,0,0.0,0.0
2020-03-16 00:00:00+09:00,857.1224365234375,857.1224365234375,857.1224365234375,857.1224365234375,0,0.0,0.0
2020-03-17 00:00:00+09:00,794.2667986544067,794.2667986544067,770.9340209960938,770.9340209960938,2800,0.0,0.0
2020-03-18 00:00:00+09:00,847.1226806640625,847.1226806640625,847.1226806640625,847.1226806640625,200,0.0,0.0
2020-03-19 00:00:00+09:00,809.0283203125,809.0283203125,809.0283203125,809.0283203125,200,0.0,0.0
2020-03-23 00:00:00+09:00,809.0283203125,809.0283203125,809.0283203125,809.0283203125,0,0.0,0.0
2020-03-24 00:00:00+09:00,809.0283203125,809.0283203125,809.0283203125,809.0283203125,0,0.0,0.0
2020-03-25 00:00:00+09:00,809.0283203125,809.0283203125,809.0283203125,809.0283203125,800,0.0,0.0
2020-03-26 00:00:00+09:00,809.0283203125,809.0283203125,809.0283203125,809.0283203125,200,0.0,0.0
2020-03-27 00:00:00+09:00,809.0283203125,809.0283203125,809.0283203125,809.0283203125,200,0.0,0.0
2020-03-30 00:00:00+09:00,809.0283203125,809.0283203125,809.0283203125,809.0283203125,0,0.0,0.0
2020-03-31 00:00:00+09:00,809.0283203125,809.0283203125,809.0283203125,809.0283203125,0,0.0,0.0
2020-04-01 00:00:00+09:00,809.0283203125,809.0283203125,809.0283203125,809.0283203125,0,0.0,0.0
2020-04-02 00:00:00+09:00,804.2665405273438,804.2665405273438,804.2665405273438,804.2665405273438,400,0.0,0.0
2020-04-03 00:00:00+09:00,804.2665405273438,804.2665405273438,804.2665405273438,804.2665405273438,0,0.0,0.0
2020-04-06 00:00:00+09:00,804.2665405273438,804.2665405273438,804.2665405273438,804.2665405273438,0,0.0,0.0
2020-04-07 00:00:00+09:00,804.2665405273438,804.2665405273438,804.2665405273438,804.2665405273438,0,0.0,0.0
2020-04-08 00:00:00+09:00,804.2665405273438,804.2665405273438,804.2665405273438,804.2665405273438,0,0.0,0.0
2020-04-09 00:00:00+09:00,804.2665405273438,804.2665405273438,804.2665405273438,804.2665405273438,0,0.0,0.0
2020-04-10 00:00:00+09:00,804.2665405273438,804.2665405273438,804.2665405273438,804.2665405273438,0,0.0,0.0
2020-04-13 00:00:00+09:00,804.2665405273438,804.2665405273438,804.2665405273438,804.2665405273438,0,0.0,0.0
2020-04-14 00:00:00+09:00,804.2665405273438,804.2665405273438,804.2665405273438,804.2665405273438,0,0.0,0.0
2020-04-15 00:00:00+09:00,804.2665405273438,804.2665405273438,804.2665405273438,804.2665405273438,0,0.0,0.0
2020-04-16 00:00:00+09:00,804.2665405273438,804.2665405273438,804.2665405273438,804.2665405273438,0,0.0,0.0
2020-04-17 00:00:00+09:00,804.2665405273438,804.2665405273438,804.2665405273438,804.2665405273438,200,0.0,0.0
2020-04-20 00:00:00+09:00,861.4080555017766,880.4552209081178,816.647216796875,816.647216796875,8600,0.0,0.0
2020-04-21 00:00:00+09:00,832.8373140961685,832.8373140961685,778.5528922511352,791.4097290039062,2400,0.0,0.0
2020-04-22 00:00:00+09:00,772.3625091050617,781.409912109375,753.3153448854547,781.409912109375,2800,0.0,0.0
2020-04-23 00:00:00+09:00,781.4099676026888,781.4099676026888,776.1719970703125,776.1719970703125,3400,0.0,0.0
2020-04-24 00:00:00+09:00,776.1719970703125,776.1719970703125,776.1719970703125,776.1719970703125,1000,0.0,0.0
2020-04-27 00:00:00+09:00,776.1719970703125,776.1719970703125,776.1719970703125,776.1719970703125,4000,0.0,0.0
2020-04-28 00:00:00+09:00,757.1248168945312,757.1248168945312,757.1248168945312,757.1248168945312,400,0.0,0.0
2020-04-30 00:00:00+09:00,814.2662963867188,814.2662963867188,814.2662963867188,814.2662963867188,200,0.0,0.0
2020-05-01 00:00:00+09:00,814.2662847437565,814.2662847437565,803.7903442382812,803.7903442382812,800,0.0,0.0
2020-05-07 00:00:00+09:00,803.7903442382812,803.7903442382812,803.7903442382812,803.7903442382812,0,0.0,0.0
2020-05-08 00:00:00+09:00,803.7903442382812,803.7903442382812,803.7903442382812,803.7903442382812,0,0.0,0.0
2020-05-11 00:00:00+09:00,792.8382568359375,792.8382568359375,792.8382568359375,792.8382568359375,200,0.0,0.0
2020-05-12 00:00:00+09:00,792.8382568359375,792.8382568359375,792.8382568359375,792.8382568359375,200,0.0,0.0
2020-05-13 00:00:00+09:00,792.8382568359375,792.8382568359375,792.8382568359375,792.8382568359375,0,0.0,0.0
2020-05-14 00:00:00+09:00,792.8382568359375,792.8382568359375,792.8382568359375,792.8382568359375,0,0.0,0.0
2020-05-15 00:00:00+09:00,792.8382568359375,792.8382568359375,792.8382568359375,792.8382568359375,0,0.0,0.0
2020-05-18 00:00:00+09:00,792.8382568359375,792.8382568359375,792.8382568359375,792.8382568359375,200,0.0,0.0
2020-05-19 00:00:00+09:00,811.8853759765625,811.8853759765625,811.8853759765625,811.8853759765625,200,0.0,0.0
2020-05-20 00:00:00+09:00,773.7911013737778,776.1719970703125,773.7911013737778,776.1719970703125,4000,0.0,0.0
2020-05-21 00:00:00+09:00,776.1719970703125,776.1719970703125,766.6484142841737,776.1719970703125,1000,0.0,0.0
2020-05-22 00:00:00+09:00,776.1719970703125,776.1719970703125,776.1719970703125,776.1719970703125,0,0.0,0.0
2020-05-25 00:00:00+09:00,776.1719970703125,776.1719970703125,776.1719970703125,776.1719970703125,0,0.0,0.0
2020-05-26 00:00:00+09:00,776.1719970703125,776.1719970703125,776.1719970703125,776.1719970703125,1800,0.0,0.0
2020-05-27 00:00:00+09:00,776.171991490817,776.171991490817,770.9340209960938,770.9340209960938,600,0.0,0.0
2020-05-28 00:00:00+09:00,770.9340116680793,770.9340116680793,757.1248168945312,757.1248168945312,1600,0.0,0.0
2020-05-29 00:00:00+09:00,776.1719450277968,776.1719450277968,759.5056762695312,759.5056762695312,1000,0.0,0.0
2020-06-01 00:00:00+09:00,759.9818763395326,759.9818763395326,753.3153686523438,753.3153686523438,2000,0.0,0.0
2020-06-02 00:00:00+09:00,753.7915685631051,766.6484051715724,752.3630311621642,762.36279296875,5800,0.0,0.0
2020-06-03 00:00:00+09:00,764.2674829325545,779.0290355624044,764.2674829325545,778.5528564453125,1800,0.0,0.0
2020-06-04 00:00:00+09:00,778.5528564453125,778.5528564453125,778.5528564453125,778.5528564453125,0,0.0,0.0
2020-06-05 00:00:00+09:00,770.9340131397166,784.2670288085938,765.2198635673408,784.2670288085938,2600,0.0,0.0
2020-06-08 00:00:00+09:00,790.4573364257812,790.4573364257812,790.4573364257812,790.4573364257812,200,0.0,0.0
2020-06-09 00:00:00+09:00,790.4573364257812,790.4573364257812,790.4573364257812,790.4573364257812,0,0.0,0.0
2020-06-10 00:00:00+09:00,771.4101734196677,771.8863525390625,771.4101734196677,771.8863525390625,2000,0.0,0.0
2020-06-11 00:00:00+09:00,771.8863525390625,771.8863525390625,771.8863525390625,771.8863525390625,200,0.0,0.0
2020-06-12 00:00:00+09:00,763.79133795147,764.2675170898438,763.79133795147,764.2675170898438,400,0.0,0.0
2020-06-15 00:00:00+09:00,782.8385009765625,782.8385009765625,782.8385009765625,782.8385009765625,200,0.0,0.0
2020-06-16 00:00:00+09:00,782.8385009765625,782.8385009765625,782.8385009765625,782.8385009765625,0,0.0,0.0
2020-06-17 00:00:00+09:00,782.8385009765625,782.8385009765625,782.8385009765625,782.8385009765625,0,0.0,0.0
2020-06-18 00:00:00+09:00,795.2191162109375,795.2191162109375,795.2191162109375,795.2191162109375,200,0.0,0.0
2020-06-19 00:00:00+09:00,776.1719970703125,776.1719970703125,776.1719970703125,776.1719970703125,600,0.0,0.0
2020-06-22 00:00:00+09:00,776.1719970703125,776.1719970703125,776.1719970703125,776.1719970703125,0,0.0,0.0
2020-06-23 00:00:00+09:00,776.1719970703125,776.1719970703125,776.1719970703125,776.1719970703125,0,0.0,0.0
2020-06-24 00:00:00+09:00,776.1719970703125,776.1719970703125,776.1719970703125,776.1719970703125,0,0.0,0.0
2020-06-25 00:00:00+09:00,776.1719970703125,776.1719970703125,776.1719970703125,776.1719970703125,0,0.0,0.0
2020-06-26 00:00:00+09:00,776.1719970703125,776.1719970703125,776.1719970703125,776.1719970703125,0,0.0,0.0
2020-06-29 00:00:00+09:00,776.171972280649,776.171972280649,773.7910766601562,773.7910766601562,800,0.0,0.0
2020-06-30 00:00:00+09:00,774.2672576349432,785.695556640625,774.2672576349432,785.695556640625,600,0.0,0.0
2020-07-01 00:00:00+09:00,785.695575359044,798.0762329101562,776.1719926274193,798.0762329101562,1400,0.0,0.0
2020-07-02 00:00:00+09:00,798.0762329101562,798.0762329101562,798.0762329101562,798.0762329101562,0,0.0,0.0
2020-07-03 00:00:00+09:00,798.0762329101562,798.0762329101562,798.0762329101562,798.0762329101562,0,0.0,0.0
2020-07-06 00:00:00+09:00,790.4573232870267,798.5523681640625,790.4573232870267,798.5523681640625,1000,0.0,0.0
2020-07-07 00:00:00+09:00,798.5523681640625,798.5523681640625,798.5523681640625,798.5523681640625,200,0.0,0.0
2020-07-08 00:00:00+09:00,798.5523681640625,798.5523681640625,798.5523681640625,798.5523681640625,200,0.0,0.0
2020-07-09 00:00:00+09:00,798.5523681640625,798.5523681640625,798.5523681640625,798.5523681640625,400,0.0,0.0
2020-07-10 00:00:00+09:00,798.0761890536487,798.5523681640625,798.0761890536487,798.5523681640625,800,0.0,0.0
2020-07-13 00:00:00+09:00,798.5523815831394,805.695068359375,798.5523815831394,805.695068359375,600,0.0,0.0
2020-07-14 00:00:00+09:00,805.695095084828,805.695095084828,804.7427368164062,804.7427368164062,1200,0.0,0.0
2020-07-15 00:00:00+09:00,799.504732495685,838.0752407340116,799.504732495685,819.028076171875,2600,0.0,0.0
2020-07-16 00:00:00+09:00,809.5045166015625,809.5045166015625,809.5045166015625,809.5045166015625,400,0.0,0.0
2020-07-17 00:00:00+09:00,809.5045281585151,809.5045281585151,804.7427368164062,804.7427368164062,600,0.0,0.0
2020-07-20 00:00:00+09:00,804.7427006274198,807.1235961914062,804.7427006274198,807.1235961914062,400,0.0,0.0
2020-07-21 00:00:00+09:00,807.1236171299546,816.1710205078125,807.1236171299546,816.1710205078125,600,0.0,0.0
2020-07-22 00:00:00+09:00,816.1710223329005,828.0755004882812,816.1710223329005,828.0755004882812,1000,0.0,0.0
2020-07-27 00:00:00+09:00,828.0755061383928,838.0752678571429,828.0755061383928,833.3134765625,800,0.0,0.0
2020-07-28 00:00:00+09:00,842.8370361328125,842.8370361328125,842.8370361328125,842.8370361328125,400,0.0,0.0
2020-07-29 00:00:00+09:00,861.8842163085938,866.6460075589175,861.4080371835614,861.8842163085938,4200,0.0,0.0
2020-07-30 00:00:00+09:00,861.8842163085938,861.8842163085938,861.8842163085938,861.8842163085938,400,0.0,0.0
2020-07-31 00:00:00+09:00,861.8842163085938,862.3603954336262,857.1224250582701,861.8842163085938,3200,0.0,0.0
2020-08-03 00:00:00+09:00,857.1224365234375,857.1224365234375,857.1224365234375,857.1224365234375,400,0.0,0.0
2020-08-04 00:00:00+09:00,857.1224365234375,857.1224365234375,857.1224365234375,857.1224365234375,600,0.0,0.0
2020-08-05 00:00:00+09:00,857.1224365234375,857.1224365234375,857.1224365234375,857.1224365234375,1800,0.0,0.0
2020-08-06 00:00:00+09:00,857.1224365234375,857.5986156548394,857.1224365234375,857.1224365234375,1200,0.0,0.0
2020-08-07 00:00:00+09:00,857.1224365234375,857.1224365234375,857.1224365234375,857.1224365234375,400,0.0,0.0
2020-08-11 00:00:00+09:00,857.1224365234375,857.1224365234375,857.1224365234375,857.1224365234375,400,0.0,0.0
2020-08-12 00:00:00+09:00,838.0752712673611,857.1224365234375,838.0752712673611,857.1224365234375,600,0.0,0.0
2020-08-13 00:00:00+09:00,857.1224365234375,857.1224365234375,857.1224365234375,857.1224365234375,600,0.0,0.0
2020-08-14 00:00:00+09:00,857.1224117013405,857.1224117013405,854.7415161132812,854.7415161132812,1400,0.0,0.0
2020-08-17 00:00:00+09:00,853.7891845703125,854.74154283531,853.7891845703125,853.7891845703125,600,0.0,0.0
2020-08-18 00:00:00+09:00,854.7415350506033,876.1695958178885,852.3606394097937,867.1221923828125,2200,0.0,0.0
2020-08-19 00:00:00+09:00,859.5033354888092,880.931396484375,857.1224398226352,880.931396484375,3200,0.0,0.0
2020-08-20 00:00:00+09:00,880.931393093533,880.931393093533,857.1224365234375,857.1224365234375,2000,0.0,0.0
2020-08-21 00:00:00+09:00,857.1224381956335,869.0269165039062,845.6941390196918,869.0269165039062,1400,0.0,0.0
2020-08-24 00:00:00+09:00,869.0269165039062,869.0269165039062,869.0269165039062,869.0269165039062,0,0.0,0.0
2020-08-25 00:00:00+09:00,857.5986156548394,857.5986156548394,857.1224365234375,857.1224365234375,400,0.0,0.0
2020-08-26 00:00:00+09:00,857.1224365234375,870.9316313340928,857.1224365234375,857.1224365234375,1800,0.0,0.0
2020-08-27 00:00:00+09:00,857.1224365234375,870.4554522026909,857.1224365234375,857.1224365234375,1000,0.0,0.0
2020-08-28 00:00:00+09:00,857.1224365234375,857.1224365234375,857.1224365234375,857.1224365234375,200,0.0,0.0
2020-08-31 00:00:00+09:00,857.1224021699459,858.5509395068957,838.0752376772804,856.1700439453125,2000,0.0,0.0
2020-09-01 00:00:00+09:00,854.2653198242188,854.2653198242188,854.2653198242188,854.2653198242188,400,0.0,0.0
2020-09-02 00:00:00+09:00,854.2653198242188,854.2653198242188,854.2653198242188,854.2653198242188,2000,0.0,0.0
2020-09-03 00:00:00+09:00,854.2653198242188,854.2653198242188,854.2653198242188,854.2653198242188,400,0.0,0.0
2020-09-04 00:00:00+09:00,854.2653660355571,854.2653660355571,835.2182006835938,835.2182006835938,800,0.0,0.0
2020-09-07 00:00:00+09:00,835.2182108028605,835.2182108028605,809.5045372661704,818.5519409179688,12800,0.0,0.0
2020-09-08 00:00:00+09:00,818.5519409179688,818.5519409179688,818.5519409179688,818.5519409179688,400,0.0,0.0
2020-09-09 00:00:00+09:00,818.5519409179688,818.5519409179688,818.5519409179688,818.5519409179688,200,0.0,0.0
2020-09-10 00:00:00+09:00,818.5518970578215,819.028076171875,818.5518970578215,819.028076171875,2400,0.0,0.0
2020-09-11 00:00:00+09:00,816.6472223487402,821.8851928710938,816.6472223487402,821.8851928710938,1200,0.0,0.0
2020-09-14 00:00:00+09:00,821.8851774553572,833.3134765625,821.8851774553572,833.3134765625,400,0.0,0.0
2020-09-15 00:00:00+09:00,833.313446217728,840.9323120117188,833.313446217728,840.9323120117188,800,0.0,0.0
2020-09-16 00:00:00+09:00,822.361328125,822.361328125,822.361328125,822.361328125,400,0.0,0.0
2020-09-17 00:00:00+09:00,822.3613604708202,827.1231517879644,822.3613604708202,826.64697265625,1600,0.0,0.0
2020-09-18 00:00:00+09:00,826.64696119031,831.4087524414062,826.64696119031,831.4087524414062,400,0.0,0.0
2020-09-23 00:00:00+09:00,824.7422652376947,840.4561767578125,824.7422652376947,840.4561767578125,800,0.0,0.0
2020-09-24 00:00:00+09:00,840.4561306922208,840.4561306922208,829.02783203125,829.02783203125,1200,0.0,0.0
2020-09-25 00:00:00+09:00,829.5040283203125,829.5040283203125,829.5040283203125,829.5040283203125,200,0.0,0.0
2020-09-28 00:00:00+09:00,829.9802417580141,843.7894368302932,829.9802417580141,830.4564208984375,600,0.0,0.0
2020-09-29 00:00:00+09:00,830.4564208984375,834.2658540218249,830.4564208984375,830.4564208984375,1000,0.0,0.0
2020-09-30 00:00:00+09:00,830.9325656825174,830.9325656825174,829.5040283203125,829.5040283203125,1200,0.0,0.0
2020-10-02 00:00:00+09:00,830.4564208984375,830.4564208984375,830.4564208984375,830.4564208984375,2000,0.0,0.0
2020-10-05 00:00:00+09:00,830.4564208984375,830.4564208984375,830.4564208984375,830.4564208984375,400,0.0,0.0
2020-10-06 00:00:00+09:00,830.932600038861,831.4087791792844,830.4564208984375,830.4564208984375,1800,0.0,0.0
2020-10-07 00:00:00+09:00,830.4564037399598,830.4564037399598,829.980224609375,829.980224609375,1200,0.0,0.0
2020-10-08 00:00:00+09:00,830.4564017857142,833.3134765625,830.4564017857142,833.3134765625,600,0.0,0.0
2020-10-09 00:00:00+09:00,833.3134937122984,834.2658519908267,833.3134937122984,833.7896728515625,1600,0.0,0.0
2020-10-12 00:00:00+09:00,833.7896728515625,833.7896728515625,833.7896728515625,833.7896728515625,400,0.0,0.0
2020-10-13 00:00:00+09:00,833.7896728515625,833.7896728515625,833.7896728515625,833.7896728515625,0,0.0,0.0
2020-10-14 00:00:00+09:00,843.7894287109375,843.7894287109375,843.7894287109375,843.7894287109375,200,0.0,0.0
2020-10-15 00:00:00+09:00,843.7894287109375,843.7894287109375,843.7894287109375,843.7894287109375,0,0.0,0.0
2020-10-16 00:00:00+09:00,843.3132152492717,843.3132152492717,842.8370361328125,842.8370361328125,400,0.0,0.0
2020-10-19 00:00:00+09:00,842.36083984375,842.36083984375,842.36083984375,842.36083984375,200,0.0,0.0
2020-10-20 00:00:00+09:00,841.8847182190534,841.8847182190534,833.7896728515625,833.7896728515625,2000,0.0,0.0
2020-10-21 00:00:00+09:00,828.5516852678571,833.7896556919643,828.5516852678571,833.3134765625,3200,0.0,0.0
2020-10-22 00:00:00+09:00,833.3134937122984,833.7896728515625,833.3134937122984,833.7896728515625,800,0.0,0.0
2020-10-23 00:00:00+09:00,833.7896556919643,833.7896556919643,833.3134765625,833.3134765625,1400,0.0,0.0
2020-10-26 00:00:00+09:00,833.3134765625,833.3134765625,833.3134765625,833.3134765625,0,0.0,0.0
2020-10-27 00:00:00+09:00,833.3134765625,833.3134765625,833.3134765625,833.3134765625,0,0.0,0.0
2020-10-28 00:00:00+09:00,852.3606225317651,866.64599609375,852.3606225317651,866.64599609375,400,0.0,0.0
2020-10-29 00:00:00+09:00,866.64599609375,866.64599609375,866.64599609375,866.64599609375,0,0.0,0.0
2020-10-30 00:00:00+09:00,866.64599609375,866.64599609375,866.64599609375,866.64599609375,0,0.0,0.0
2020-11-02 00:00:00+09:00,878.5504985625558,899.5023803710938,878.5504985625558,899.5023803710938,2600,0.0,0.0
2020-11-04 00:00:00+09:00,897.5976467132568,899.0261840820312,897.5976467132568,899.0261840820312,1000,0.0,0.0
2020-11-05 00:00:00+09:00,897.5976408671557,897.5976408671557,878.5504760742188,878.5504760742188,600,0.0,0.0
2020-11-06 00:00:00+09:00,878.5504760742188,878.5504760742188,878.5504760742188,878.5504760742188,400,0.0,0.0
2020-11-09 00:00:00+09:00,878.5504760742188,878.5504760742188,878.5504760742188,878.5504760742188,200,0.0,0.0
2020-11-10 00:00:00+09:00,894.2643928527832,899.0261840820312,894.2643928527832,899.0261840820312,800,0.0,0.0
2020-11-11 00:00:00+09:00,897.1214599609375,897.1214599609375,897.1214599609375,897.1214599609375,400,0.0,0.0
2020-11-12 00:00:00+09:00,899.9785384723847,899.9785384723847,890.4549560546875,890.4549560546875,2000,0.0,0.0
2020-11-13 00:00:00+09:00,889.5025766002751,889.5025766002751,881.4075317382812,881.4075317382812,1000,0.0,0.0
2020-11-16 00:00:00+09:00,881.8837451883348,882.3599243164062,881.8837451883348,882.3599243164062,400,0.0,0.0
2020-11-17 00:00:00+09:00,882.8361206054688,882.8361206054688,882.8361206054688,882.8361206054688,200,0.0,0.0
2020-11-18 00:00:00+09:00,899.0261918262769,903.3118039695165,885.6931762695312,885.6931762695312,1200,0.0,0.0
2020-11-19 00:00:00+09:00,885.6931762695312,885.6931762695312,885.6931762695312,885.6931762695312,200,0.0,0.0
2020-11-20 00:00:00+09:00,885.6931762695312,885.6931762695312,885.6931762695312,885.6931762695312,0,0.0,0.0
2020-11-24 00:00:00+09:00,885.6931762695312,885.6931762695312,885.6931762695312,885.6931762695312,0,0.0,0.0
2020-11-25 00:00:00+09:00,903.7879965494792,903.7879965494792,887.1217268554688,892.8358764648438,600,0.0,0.0
2020-11-26 00:00:00+09:00,903.7879638671875,903.7879638671875,903.7879638671875,903.7879638671875,600,0.0,0.0
2020-11-27 00:00:00+09:00,904.7403468875214,906.1688842773438,887.1217190797117,906.1688842773438,1800,0.0,0.0
2020-11-30 00:00:00+09:00,906.1688999015641,906.1688999015641,885.6931969610664,894.7406005859375,1600,0.0,0.0
2020-12-01 00:00:00+09:00,894.7406005859375,894.7406005859375,894.7406005859375,894.7406005859375,0,0.0,0.0
2020-12-02 00:00:00+09:00,904.7403564453125,904.7403564453125,904.7403564453125,904.7403564453125,1200,0.0,0.0
2020-12-03 00:00:00+09:00,904.7403564453125,904.7403564453125,904.7403564453125,904.7403564453125,0,0.0,0.0
2020-12-04 00:00:00+09:00,904.7403564453125,904.7403564453125,904.7403564453125,904.7403564453125,600,0.0,0.0
2020-12-07 00:00:00+09:00,904.7403335571289,914.263916015625,904.7403335571289,914.263916015625,1200,0.0,0.0
2020-12-08 00:00:00+09:00,899.0261840820312,899.0261840820312,899.0261840820312,899.0261840820312,200,0.0,0.0
2020-12-09 00:00:00+09:00,899.0261840820312,899.0261840820312,899.0261840820312,899.0261840820312,0,0.0,0.0
2020-12-10 00:00:00+09:00,899.0261840820312,899.0261840820312,899.0261840820312,899.0261840820312,0,0.0,0.0
2020-12-11 00:00:00+09:00,899.0261840820312,899.0261840820312,899.0261840820312,899.0261840820312,0,0.0,0.0
2020-12-14 00:00:00+09:00,914.263898840542,914.263898840542,904.740316560953,913.7877197265625,1600,0.0,0.0
2020-12-15 00:00:00+09:00,913.7877255138338,919.0256958007812,913.7877255138338,919.0256958007812,2000,0.0,0.0
2020-12-16 00:00:00+09:00,919.0257336738782,928.54931640625,919.0257336738782,928.54931640625,1000,0.0,0.0
2020-12-17 00:00:00+09:00,927.596923828125,927.596923828125,925.6922073520918,927.596923828125,2400,0.0,0.0
2020-12-18 00:00:00+09:00,927.5969352296161,938.0728759765625,927.5969352296161,938.0728759765625,2200,0.0,0.0
2020-12-21 00:00:00+09:00,919.0257277892727,938.549072265625,907.1212494500334,938.549072265625,2600,0.0,0.0
2020-12-22 00:00:00+09:00,928.5492821895715,942.8346557617188,928.5492821895715,942.8346557617188,1400,0.0,0.0
2020-12-23 00:00:00+09:00,942.8346557617188,942.8346557617188,942.8346557617188,942.8346557617188,0,0.0,0.0
2020-12-24 00:00:00+09:00,938.5490551014237,938.5490551014237,938.0728759765625,938.0728759765625,1000,0.0,0.0
2020-12-25 00:00:00+09:00,928.5492710132695,947.596435546875,925.6921963332286,947.596435546875,2400,0.0,0.0
2020-12-28 00:00:00+09:00,952.3582458496094,959.9771118164062,928.5492897033691,959.9771118164062,3200,0.0,0.0
2020-12-29 00:00:00+09:00,955.2153281636757,961.8818359375,955.2153281636757,961.8818359375,1600,0.0,0.0
2020-12-30 00:00:00+09:00,961.8818359375,961.8818359375,961.8818359375,961.8818359375,0,0.0,0.0
2021-01-04 00:00:00+09:00,961.8818187666387,961.8818187666387,961.4056396484375,961.4056396484375,600,0.0,0.0
2021-01-05 00:00:00+09:00,961.4056396484375,961.4056396484375,961.4056396484375,961.4056396484375,0,0.0,0.0
2021-01-06 00:00:00+09:00,961.4056396484375,961.4056396484375,961.4056396484375,961.4056396484375,0,0.0,0.0
2021-01-07 00:00:00+09:00,961.4056396484375,961.4056396484375,961.4056396484375,961.4056396484375,0,0.0,0.0
2021-01-08 00:00:00+09:00,952.8344269030373,952.8344269030373,941.4061279296875,941.4061279296875,1800,0.0,0.0
2021-01-12 00:00:00+09:00,941.4061279296875,941.4061279296875,941.4061279296875,941.4061279296875,0,0.0,0.0
2021-01-13 00:00:00+09:00,941.4061279296875,941.4061279296875,941.4061279296875,941.4061279296875,0,0.0,0.0
2021-01-14 00:00:00+09:00,941.4061279296875,941.4061279296875,941.4061279296875,941.4061279296875,0,0.0,0.0
2021-01-15 00:00:00+09:00,942.8346821799207,957.1200561523438,942.8346821799207,957.1200561523438,800,0.0,0.0
2021-01-18 00:00:00+09:00,948.0726318359375,948.0726318359375,948.0726318359375,948.0726318359375,200,0.0,0.0
2021-01-19 00:00:00+09:00,961.4056568107983,962.3580150642017,961.4056568107983,961.8818359375,1400,0.0,0.0
2021-01-20 00:00:00+09:00,949.5011596679688,949.5011596679688,949.5011596679688,949.5011596679688,200,0.0,0.0
2021-01-21 00:00:00+09:00,948.0726601412185,959.0247802734375,948.0726601412185,959.0247802734375,800,0.0,0.0
2021-01-22 00:00:00+09:00,959.0247802734375,959.0247802734375,959.0247802734375,959.0247802734375,0,0.0,0.0
2021-01-25 00:00:00+09:00,959.0247802734375,959.0247802734375,959.0247802734375,959.0247802734375,0,0.0,0.0
2021-01-26 00:00:00+09:00,959.0247264912001,959.0247264912001,945.6917114257812,945.6917114257812,2200,0.0,0.0
2021-01-27 00:00:00+09:00,945.6917114257812,945.6917114257812,945.6917114257812,945.6917114257812,0,0.0,0.0
2021-01-28 00:00:00+09:00,944.7393798828125,944.7393798828125,944.7393798828125,944.7393798828125,1000,0.0,0.0
2021-01-29 00:00:00+09:00,944.7393798828125,944.7393798828125,944.7393798828125,944.7393798828125,0,0.0,0.0
2021-02-01 00:00:00+09:00,944.7393798828125,944.7393798828125,944.7393798828125,944.7393798828125,200,0.0,0.0
2021-02-02 00:00:00+09:00,944.7393798828125,944.7393798828125,944.7393798828125,944.7393798828125,0,0.0,0.0
2021-02-03 00:00:00+09:00,959.9771118164062,959.9771118164062,959.9771118164062,959.9771118164062,200,0.0,0.0
2021-02-04 00:00:00+09:00,960.4532642496825,960.929443359375,960.4532642496825,960.929443359375,600,0.0,0.0
2021-02-05 00:00:00+09:00,960.929443359375,960.929443359375,960.929443359375,960.929443359375,0,0.0,0.0
2021-02-08 00:00:00+09:00,960.929443359375,960.929443359375,960.929443359375,960.929443359375,0,0.0,0.0
2021-02-09 00:00:00+09:00,945.6917456296411,961.8818359375,944.2632082495359,961.8818359375,2000,0.0,0.0
2021-02-10 00:00:00+09:00,961.8818359375,961.8818359375,961.8818359375,961.8818359375,0,0.0,0.0
2021-02-12 00:00:00+09:00,961.8818359375,961.8818359375,961.8818359375,961.8818359375,0,0.0,0.0
2021-02-15 00:00:00+09:00,944.26318359375,944.26318359375,944.26318359375,944.26318359375,200,0.0,0.0
2021-02-16 00:00:00+09:00,947.596435546875,947.596435546875,947.596435546875,947.596435546875,400,0.0,0.0
2021-02-17 00:00:00+09:00,960.929443359375,961.8818015787599,960.4532642496825,960.929443359375,1400,0.0,0.0
2021-02-18 00:00:00+09:00,984.7384527828741,999.9761851276768,975.6910492031475,989.500244140625,5200,0.0,0.0
2021-02-19 00:00:00+09:00,965.6912861729187,966.1674653081125,962.3580322265625,962.3580322265625,1000,0.0,0.0
2021-02-22 00:00:00+09:00,962.3579825121985,962.3579825121985,957.59619140625,957.59619140625,2000,0.0,0.0
2021-02-24 00:00:00+09:00,966.6436157226562,966.6436157226562,966.6436157226562,966.6436157226562,1000,0.0,0.0
2021-02-25 00:00:00+09:00,966.6436404666385,969.0245361328125,966.6436404666385,969.0245361328125,2600,0.0,0.0
2021-02-26 00:00:00+09:00,966.6436290041449,973.7863159179688,966.6436290041449,973.7863159179688,6400,0.0,0.0
2021-03-01 00:00:00+09:00,981.88134765625,981.88134765625,981.88134765625,981.88134765625,400,0.0,0.0
2021-03-02 00:00:00+09:00,981.88134765625,981.88134765625,981.88134765625,981.88134765625,400,0.0,0.0
2021-03-03 00:00:00+09:00,981.88134765625,981.88134765625,981.88134765625,981.88134765625,0,0.0,0.0
2021-03-04 00:00:00+09:00,981.88134765625,981.88134765625,981.88134765625,981.88134765625,0,0.0,0.0
2021-03-05 00:00:00+09:00,983.3098850194745,983.3098850194745,981.88134765625,981.88134765625,1800,0.0,0.0
2021-03-08 00:00:00+09:00,998.5476207733154,1038.0704879760742,994.2620086669922,1005.6903076171875,11200,0.0,0.0
2021-03-09 00:00:00+09:00,1028.0707072413245,1028.5468863553779,1023.7850952148438,1023.7850952148438,8600,0.0,0.0
2021-03-10 00:00:00+09:00,1023.7850952148438,1023.7850952148438,1023.7850952148438,1023.7850952148438,2200,0.0,0.0
2021-03-11 00:00:00+09:00,1023.7850952148438,1023.7850952148438,1023.7850952148438,1023.7850952148438,800,0.0,0.0
2021-03-12 00:00:00+09:00,980.9289836465063,990.4525660120063,976.6433715820312,976.6433715820312,3000,0.0,0.0
2021-03-15 00:00:00+09:00,976.1671752929688,976.1671752929688,976.1671752929688,976.1671752929688,1000,0.0,0.0
2021-03-16 00:00:00+09:00,976.1671752929688,976.1671752929688,976.1671752929688,976.1671752929688,0,0.0,0.0
2021-03-17 00:00:00+09:00,976.1671752929688,976.1671752929688,976.1671752929688,976.1671752929688,0,0.0,0.0
2021-03-18 00:00:00+09:00,999.023777029855,999.9761352539062,999.023777029855,999.9761352539062,1000,0.0,0.0
2021-03-19 00:00:00+09:00,999.9761791329204,999.9761791329204,999.5,999.5,400,0.0,0.0
2021-03-22 00:00:00+09:00,975.6910433539781,999.5,975.6910433539781,999.5,400,0.0,0.0
2021-03-23 00:00:00+09:00,999.5,999.5,999.5,999.5,0,0.0,0.0
2021-03-24 00:00:00+09:00,999.5,999.5,999.5,999.5,0,0.0,0.0
2021-03-25 00:00:00+09:00,999.5,999.5,999.5,999.5,0,0.0,0.0
2021-03-26 00:00:00+09:00,999.5,999.5,999.5,999.5,200,0.0,0.0
2021-03-29 00:00:00+09:00,999.5,999.5,999.5,999.5,0,0.0,0.0
2021-03-30 00:00:00+09:00,1049.5,1049.5,1049.5,1049.5,0,50.0,0.0
2021-03-31 00:00:00+09:00,1049.5,1049.5,1024.5,1024.5,1600,0.0,0.0
2021-04-01 00:00:00+09:00,1024.5,1024.5,1024.5,1024.5,0,0.0,0.0
2021-04-02 00:00:00+09:00,1024.5,1024.5,1024.5,1024.5,0,0.0,0.0
2021-04-05 00:00:00+09:00,1000.0,1000.0,1000.0,1000.0,1600,0.0,0.0
2021-04-06 00:00:00+09:00,1000.0,1000.0,1000.0,1000.0,0,0.0,0.0
2021-04-07 00:00:00+09:00,1000.0,1000.0,1000.0,1000.0,400,0.0,0.0
2021-04-08 00:00:00+09:00,1000.0,1000.0,1000.0,1000.0,400,0.0,0.0
2021-04-09 00:00:00+09:00,1000.0,1000.0,1000.0,1000.0,0,0.0,0.0
2021-04-12 00:00:00+09:00,1050.0,1069.0,1044.0,1044.0,600,0.0,0.0
2021-04-13 00:00:00+09:00,1044.0,1044.0,1044.0,1044.0,0,0.0,0.0
2021-04-14 00:00:00+09:00,1044.0,1044.0,1019.0,1019.0,800,0.0,0.0
2021-04-15 00:00:00+09:00,1044.5,1044.5,1044.5,1044.5,200,0.0,0.0
2021-04-16 00:00:00+09:00,1044.5,1044.5,1044.5,1044.5,0,0.0,0.0
2021-04-19 00:00:00+09:00,1026.0,1026.0,1025.0,1025.0,2000,0.0,0.0
2021-04-20 00:00:00+09:00,1034.5,1034.5,1034.5,1034.5,1600,0.0,0.0
2021-04-21 00:00:00+09:00,1020.5,1020.5,1020.5,1020.5,200,0.0,0.0
2021-04-22 00:00:00+09:00,1020.5,1020.5,1020.5,1020.5,0,0.0,0.0
2021-04-23 00:00:00+09:00,1020.5,1020.5,1020.5,1020.5,0,0.0,0.0
2021-04-26 00:00:00+09:00,1020.5,1020.5,1020.5,1020.5,0,0.0,0.0
2021-04-27 00:00:00+09:00,1020.5,1034.5,1020.5,1034.5,400,0.0,0.0
2021-04-28 00:00:00+09:00,1040.0,1040.0,1040.0,1040.0,200,0.0,0.0
2021-04-30 00:00:00+09:00,1040.0,1042.5,1026.5,1026.5,2400,0.0,0.0
2021-05-06 00:00:00+09:00,1030.0,1030.0,1016.5,1019.5,1600,0.0,0.0
2021-05-07 00:00:00+09:00,1019.5,1019.5,1019.5,1019.5,0,0.0,0.0
2021-05-10 00:00:00+09:00,1044.5,1044.5,1044.5,1044.5,200,0.0,0.0
2021-05-11 00:00:00+09:00,1044.5,1044.5,1044.5,1044.5,0,0.0,0.0
2021-05-12 00:00:00+09:00,1044.5,1044.5,1044.5,1044.5,0,0.0,0.0
2021-05-13 00:00:00+09:00,1044.5,1044.5,1044.5,1044.5,0,0.0,0.0
2021-05-14 00:00:00+09:00,1044.5,1044.5,1044.5,1044.5,0,0.0,0.0
2021-05-17 00:00:00+09:00,1044.5,1044.5,1044.5,1044.5,0,0.0,0.0
2021-05-18 00:00:00+09:00,1044.0,1044.0,1044.0,1044.0,200,0.0,0.0
2021-05-19 00:00:00+09:00,1019.0,1019.0,1015.0,1015.0,5400,0.0,0.0
2021-05-20 00:00:00+09:00,1015.0,1015.0,1006.5,1006.5,2200,0.0,0.0
2021-05-21 00:00:00+09:00,1015.5,1015.5,1015.0,1015.0,2200,0.0,0.0
2021-05-24 00:00:00+09:00,1015.0,1015.0,1015.0,1015.0,0,0.0,0.0
2021-05-25 00:00:00+09:00,1015.0,1015.0,1015.0,1015.0,1000,0.0,0.0
2021-05-26 00:00:00+09:00,1015.5,1020.5,1015.5,1020.5,400,0.0,0.0
2021-05-27 00:00:00+09:00,1020.5,1020.5,1018.0,1018.0,1200,0.0,0.0
2021-05-28 00:00:00+09:00,1018.0,1018.0,1018.0,1018.0,0,0.0,0.0
2021-05-31 00:00:00+09:00,1018.0,1018.0,1018.0,1018.0,0,0.0,0.0
2021-06-01 00:00:00+09:00,1018.0,1018.0,1018.0,1018.0,0,0.0,0.0
2021-06-02 00:00:00+09:00,1034.0,1040.0,1034.0,1040.0,1400,0.0,0.0
2021-06-03 00:00:00+09:00,1040.0,1040.0,1040.0,1040.0,0,0.0,0.0
2021-06-04 00:00:00+09:00,1015.0,1015.0,1011.0,1011.0,1000,0.0,0.0
2021-06-07 00:00:00+09:00,1011.0,1011.0,1011.0,1011.0,0,0.0,0.0
2021-06-08 00:00:00+09:00,1011.0,1011.0,1011.0,1011.0,0,0.0,0.0
2021-06-09 00:00:00+09:00,1010.0,1010.0,1010.0,1010.0,2200,0.0,0.0
2021-06-10 00:00:00+09:00,1025.0,1036.5,1005.0,1036.5,3800,0.0,0.0
2021-06-11 00:00:00+09:00,1036.5,1036.5,1036.5,1036.5,0,0.0,0.0
2021-06-14 00:00:00+09:00,1011.5,1011.5,1011.5,1011.5,600,0.0,0.0
2021-06-15 00:00:00+09:00,1011.5,1011.5,1011.5,1011.5,0,0.0,0.0
2021-06-16 00:00:00+09:00,1011.5,1011.5,1011.5,1011.5,0,0.0,0.0
2021-06-17 00:00:00+09:00,1005.0,1022.5,1005.0,1022.5,1800,0.0,0.0
2021-06-18 00:00:00+09:00,1041.0,1041.0,1041.0,1041.0,200,0.0,0.0
2021-06-21 00:00:00+09:00,1016.0,1028.5,1016.0,1028.5,400,0.0,0.0
2021-06-22 00:00:00+09:00,1028.5,1028.5,1028.5,1028.5,0,0.0,0.0
2021-06-23 00:00:00+09:00,1028.5,1028.5,1028.5,1028.5,0,0.0,0.0
2021-06-24 00:00:00+09:00,1028.5,1028.5,1028.5,1028.5,0,0.0,0.0
2021-06-25 00:00:00+09:00,1028.5,1028.5,1028.5,1028.5,0,0.0,0.0
2021-06-28 00:00:00+09:00,1028.5,1028.5,1028.5,1028.5,200,0.0,0.0
2021-06-29 00:00:00+09:00,1028.5,1028.5,1028.5,1028.5,0,0.0,0.0
2021-06-30 00:00:00+09:00,1028.5,1028.5,1028.5,1028.5,400,0.0,0.0
2021-07-01 00:00:00+09:00,1025.0,1030.5,1025.0,1030.5,1200,0.0,0.0
2021-07-02 00:00:00+09:00,1030.5,1030.5,1030.5,1030.5,0,0.0,0.0
2021-07-05 00:00:00+09:00,1030.5,1030.5,1030.5,1030.5,0,0.0,0.0
2021-07-06 00:00:00+09:00,1030.5,1030.5,1030.5,1030.5,0,0.0,0.0
2021-07-07 00:00:00+09:00,1035.5,1035.5,1035.5,1035.5,800,0.0,0.0
2021-07-08 00:00:00+09:00,1035.5,1035.5,1035.5,1035.5,0,0.0,0.0
2021-07-09 00:00:00+09:00,1025.5,1025.5,1025.5,1025.5,400,0.0,0.0
2021-07-12 00:00:00+09:00,1026.0,1027.0,1026.0,1027.0,600,0.0,0.0
2021-07-13 00:00:00+09:00,1027.5,1031.5,1021.5,1021.5,1800,0.0,0.0
2021-07-14 00:00:00+09:00,1036.5,1036.5,1036.5,1036.5,200,0.0,0.0
2021-07-15 00:00:00+09:00,1036.5,1036.5,1036.5,1036.5,0,0.0,0.0
2021-07-16 00:00:00+09:00,1036.5,1036.5,1036.5,1036.5,0,0.0,0.0
2021-07-19 00:00:00+09:00,1020.5,1020.5,1020.5,1020.5,200,0.0,0.0
2021-07-20 00:00:00+09:00,1045.5,1045.5,1020.0,1020.0,1200,0.0,0.0
2021-07-21 00:00:00+09:00,1020.0,1023.5,1020.0,1023.5,600,0.0,0.0
2021-07-26 00:00:00+09:00,1024.5,1027.5,1020.0,1020.0,3000,0.0,0.0
2021-07-27 00:00:00+09:00,1020.0,1020.0,1020.0,1020.0,0,0.0,0.0
2021-07-28 00:00:00+09:00,1020.0,1020.0,1020.0,1020.0,200,0.0,0.0
2021-07-29 00:00:00+09:00,1020.0,1020.0,1020.0,1020.0,0,0.0,0.0
2021-07-30 00:00:00+09:00,1020.0,1020.0,1020.0,1020.0,0,0.0,0.0
2021-08-02 00:00:00+09:00,1020.0,1020.0,1020.0,1020.0,0,0.0,0.0
2021-08-03 00:00:00+09:00,1020.0,1020.0,1020.0,1020.0,0,0.0,0.0
2021-08-04 00:00:00+09:00,1035.0,1035.0,1035.0,1035.0,400,0.0,0.0
2021-08-05 00:00:00+09:00,1035.0,1035.0,1035.0,1035.0,0,0.0,0.0
2021-08-06 00:00:00+09:00,1035.0,1035.0,1035.0,1035.0,0,0.0,0.0
2021-08-10 00:00:00+09:00,1035.0,1035.0,1035.0,1035.0,0,0.0,0.0
2021-08-11 00:00:00+09:00,1035.0,1035.0,1035.0,1035.0,0,0.0,0.0
2021-08-12 00:00:00+09:00,1035.0,1035.0,1035.0,1035.0,0,0.0,0.0
2021-08-13 00:00:00+09:00,1025.0,1026.0,1025.0,1026.0,400,0.0,0.0
2021-08-16 00:00:00+09:00,1015.5,1015.5,1015.5,1015.5,1400,0.0,0.0
2021-08-17 00:00:00+09:00,1015.5,1015.5,1015.5,1015.5,0,0.0,0.0
2021-08-18 00:00:00+09:00,1023.0,1025.0,1023.0,1025.0,1400,0.0,0.0
2021-08-19 00:00:00+09:00,1007.0,1030.0,1007.0,1030.0,1400,0.0,0.0
2021-08-20 00:00:00+09:00,1029.5,1029.5,1029.5,1029.5,800,0.0,0.0
2021-08-23 00:00:00+09:00,1034.5,1034.5,1015.0,1034.5,2800,0.0,0.0
2021-08-24 00:00:00+09:00,1034.5,1042.5,1034.5,1037.5,2600,0.0,0.0
2021-08-25 00:00:00+09:00,1037.5,1052.5,1037.5,1052.5,2600,0.0,0.0
2021-08-26 00:00:00+09:00,1052.5,1052.5,1052.5,1052.5,0,0.0,0.0
2021-08-27 00:00:00+09:00,1050.0,1050.0,1050.0,1050.0,1200,0.0,0.0
2021-08-30 00:00:00+09:00,1050.0,1050.0,1050.0,1050.0,0,0.0,0.0
2021-08-31 00:00:00+09:00,1050.0,1050.0,1050.0,1050.0,1200,0.0,0.0
2021-09-01 00:00:00+09:00,1055.5,1055.5,1055.5,1055.5,1000,0.0,0.0
2021-09-02 00:00:00+09:00,1052.5,1075.0,1052.5,1075.0,1400,0.0,0.0
2021-09-03 00:00:00+09:00,1075.0,1075.0,1075.0,1075.0,0,0.0,0.0
2021-09-06 00:00:00+09:00,1075.0,1075.0,1075.0,1075.0,0,0.0,0.0
2021-09-07 00:00:00+09:00,1075.0,1075.0,1075.0,1075.0,0,0.0,0.0
2021-09-08 00:00:00+09:00,1075.0,1075.0,1075.0,1075.0,0,0.0,0.0
2021-09-09 00:00:00+09:00,1075.0,1075.0,1075.0,1075.0,0,0.0,0.0
2021-09-10 00:00:00+09:00,1050.0,1065.0,1050.0,1065.0,1000,0.0,0.0
2021-09-13 00:00:00+09:00,1065.0,1065.0,1065.0,1065.0,0,0.0,0.0
2021-09-14 00:00:00+09:00,1065.0,1065.0,1065.0,1065.0,0,0.0,0.0
2021-09-15 00:00:00+09:00,1065.0,1065.0,1065.0,1065.0,0,0.0,0.0
2021-09-16 00:00:00+09:00,1065.0,1065.0,1065.0,1065.0,0,0.0,0.0
2021-09-17 00:00:00+09:00,1065.0,1065.0,1065.0,1065.0,0,0.0,0.0
2021-09-21 00:00:00+09:00,1090.0,1090.0,1090.0,1090.0,200,0.0,0.0
2021-09-22 00:00:00+09:00,1040.0,1090.0,1040.0,1090.0,600,0.0,0.0
2021-09-24 00:00:00+09:00,1090.0,1090.0,1090.0,1090.0,0,0.0,0.0
2021-09-27 00:00:00+09:00,1090.0,1090.0,1065.0,1065.0,400,0.0,0.0
2021-09-28 00:00:00+09:00,1065.0,1065.0,1065.0,1065.0,0,0.0,0.0
2021-09-29 00:00:00+09:00,1065.0,1065.0,1065.0,1065.0,0,0.0,0.0
2021-09-30 00:00:00+09:00,1065.0,1065.0,1065.0,1065.0,200,0.0,0.0
2021-10-01 00:00:00+09:00,1065.0,1065.0,1065.0,1065.0,0,0.0,0.0
2021-10-04 00:00:00+09:00,1065.0,1065.0,1065.0,1065.0,0,0.0,0.0
2021-10-05 00:00:00+09:00,1065.0,1065.0,1065.0,1065.0,0,0.0,0.0
2021-10-06 00:00:00+09:00,1065.0,1065.0,1065.0,1065.0,0,0.0,0.0
2021-10-07 00:00:00+09:00,1065.0,1065.0,1065.0,1065.0,0,0.0,0.0
2021-10-08 00:00:00+09:00,1065.0,1065.0,1065.0,1065.0,400,0.0,0.0
2021-10-11 00:00:00+09:00,1065.0,1065.0,1065.0,1065.0,0,0.0,0.0
2021-10-12 00:00:00+09:00,1065.0,1065.0,1065.0,1065.0,0,0.0,0.0
2021-10-13 00:00:00+09:00,1065.0,1065.0,1065.0,1065.0,0,0.0,0.0
2021-10-14 00:00:00+09:00,1065.0,1065.0,1065.0,1065.0,0,0.0,0.0
2021-10-15 00:00:00+09:00,1065.0,1065.0,1065.0,1065.0,0,0.0,0.0
2021-10-18 00:00:00+09:00,1065.0,1065.0,1065.0,1065.0,0,0.0,0.0
2021-10-19 00:00:00+09:00,1080.0,1080.0,1080.0,1080.0,200,0.0,0.0
2021-10-20 00:00:00+09:00,1030.0,1030.0,1030.0,1030.0,200,0.0,0.0
2021-10-21 00:00:00+09:00,1030.0,1030.0,1030.0,1030.0,0,0.0,0.0
2021-10-22 00:00:00+09:00,1030.0,1030.0,1030.0,1030.0,0,0.0,0.0
2021-10-25 00:00:00+09:00,1030.0,1030.0,1030.0,1030.0,0,0.0,0.0
2021-10-26 00:00:00+09:00,1030.0,1030.0,1030.0,1030.0,0,0.0,0.0
2021-10-27 00:00:00+09:00,1030.0,1030.0,1030.0,1030.0,0,0.0,0.0
2021-10-28 00:00:00+09:00,1055.0,1055.0,1055.0,1055.0,200,0.0,0.0
2021-10-29 00:00:00+09:00,1055.0,1055.0,1055.0,1055.0,0,0.0,0.0
2021-11-01 00:00:00+09:00,1055.0,1058.5,1054.0,1058.5,800,0.0,0.0
2021-11-02 00:00:00+09:00,1058.5,1058.5,1058.5,1058.5,0,0.0,0.0
2021-11-04 00:00:00+09:00,1058.5,1058.5,1058.5,1058.5,0,0.0,0.0
2021-11-05 00:00:00+09:00,1058.5,1058.5,1058.5,1058.5,0,0.0,0.0
2021-11-08 00:00:00+09:00,1058.5,1058.5,1058.5,1058.5,0,0.0,0.0
2021-11-09 00:00:00+09:00,1058.5,1058.5,1058.5,1058.5,0,0.0,0.0
2021-11-10 00:00:00+09:00,1058.5,1058.5,1058.5,1058.5,0,0.0,0.0
2021-11-11 00:00:00+09:00,1058.5,1058.5,1058.5,1058.5,0,0.0,0.0
2021-11-12 00:00:00+09:00,1058.5,1058.5,1058.5,1058.5,0,0.0,0.0
2021-11-15 00:00:00+09:00,1058.5,1058.5,1058.5,1058.5,0,0.0,0.0
2021-11-16 00:00:00+09:00,1055.0,1055.0,1030.0,1030.0,400,0.0,0.0
2021-11-17 00:00:00+09:00,1030.0,1030.0,1030.0,1030.0,0,0.0,0.0
2021-11-18 00:00:00+09:00,1055.0,1055.0,1027.5,1029.0,800,0.0,0.0
2021-11-19 00:00:00+09:00,1029.0,1040.0,1029.0,1040.0,400,0.0,0.0
2021-11-22 00:00:00+09:00,1015.0,1015.0,1015.0,1015.0,200,0.0,0.0
2021-11-24 00:00:00+09:00,1015.0,1015.0,1015.0,1015.0,0,0.0,0.0
2021-11-25 00:00:00+09:00,1025.0,1025.0,1025.0,1025.0,200,0.0,0.0
2021-11-26 00:00:00+09:00,1025.0,1025.0,1025.0,1025.0,0,0.0,0.0
2021-11-29 00:00:00+09:00,1025.0,1025.0,1025.0,1025.0,0,0.0,0.0
2021-11-30 00:00:00+09:00,1025.0,1025.0,1002.0,1002.0,400,0.0,0.0
2021-12-01 00:00:00+09:00,1002.0,1002.0,1002.0,1002.0,0,0.0,0.0
2021-12-02 00:00:00+09:00,1002.0,1002.0,1002.0,1002.0,0,0.0,0.0
2021-12-03 00:00:00+09:00,1002.0,1002.0,1002.0,1002.0,0,0.0,0.0
2021-12-06 00:00:00+09:00,1002.0,1002.0,1002.0,1002.0,0,0.0,0.0
2021-12-07 00:00:00+09:00,1002.0,1002.0,1002.0,1002.0,0,0.0,0.0
2021-12-08 00:00:00+09:00,1002.0,1002.0,1002.0,1002.0,0,0.0,0.0
2021-12-09 00:00:00+09:00,1002.0,1002.0,1002.0,1002.0,0,0.0,0.0
2021-12-10 00:00:00+09:00,1002.0,1002.0,1002.0,1002.0,0,0.0,0.0
2021-12-13 00:00:00+09:00,1002.0,1002.0,1002.0,1002.0,0,0.0,0.0
2021-12-14 00:00:00+09:00,1002.0,1002.0,1002.0,1002.0,0,0.0,0.0
2021-12-15 00:00:00+09:00,1000.5,1016.5,1000.5,1016.5,400,0.0,0.0
2021-12-16 00:00:00+09:00,1000.0,1032.0,1000.0,1032.0,1000,0.0,0.0
2021-12-17 00:00:00+09:00,1031.5,1031.5,1030.0,1030.0,400,0.0,0.0
2021-12-20 00:00:00+09:00,1005.0,1030.0,1005.0,1030.0,400,0.0,0.0
2021-12-21 00:00:00+09:00,1005.0,1005.0,1005.0,1005.0,200,0.0,0.0
2021-12-22 00:00:00+09:00,1005.0,1005.0,1005.0,1005.0,0,0.0,0.0
2021-12-23 00:00:00+09:00,1005.0,1005.0,1005.0,1005.0,0,0.0,0.0
2021-12-24 00:00:00+09:00,1025.0,1025.0,1025.0,1025.0,1000,0.0,0.0
2021-12-27 00:00:00+09:00,1025.0,1025.0,1025.0,1025.0,200,0.0,0.0
2021-12-28 00:00:00+09:00,1025.0,1025.0,1025.0,1025.0,1000,0.0,0.0
2021-12-29 00:00:00+09:00,1025.0,1025.0,1025.0,1025.0,0,0.0,0.0
2021-12-30 00:00:00+09:00,1025.0,1025.0,1025.0,1025.0,0,0.0,0.0
2022-01-04 00:00:00+09:00,1030.5,1030.5,1030.5,1030.5,200,0.0,0.0
2022-01-05 00:00:00+09:00,1030.5,1030.5,1030.5,1030.5,1400,0.0,0.0
2022-01-06 00:00:00+09:00,1030.5,1050.0,1030.5,1049.5,3000,0.0,0.0
2022-01-07 00:00:00+09:00,1050.5,1060.0,1050.5,1060.0,6400,0.0,0.0
2022-01-11 00:00:00+09:00,1060.0,1060.0,1060.0,1060.0,0,0.0,0.0
2022-01-12 00:00:00+09:00,1060.0,1060.0,1060.0,1060.0,0,0.0,0.0
2022-01-13 00:00:00+09:00,1060.0,1060.0,1060.0,1060.0,0,0.0,0.0
2022-01-14 00:00:00+09:00,1060.0,1060.0,1060.0,1060.0,0,0.0,0.0
2022-01-17 00:00:00+09:00,1060.0,1060.0,1060.0,1060.0,0,0.0,0.0
2022-01-18 00:00:00+09:00,1058.5,1058.5,1058.5,1058.5,200,0.0,0.0
2022-01-19 00:00:00+09:00,1033.5,1040.5,1033.5,1040.5,400,0.0,0.0
2022-01-20 00:00:00+09:00,1040.5,1040.5,1040.5,1040.5,0,0.0,0.0
2022-01-21 00:00:00+09:00,1040.5,1040.5,1040.5,1040.5,0,0.0,0.0
2022-01-24 00:00:00+09:00,1040.5,1040.5,1040.5,1040.5,0,0.0,0.0
2022-01-25 00:00:00+09:00,1040.5,1040.5,1040.5,1040.5,0,0.0,0.0
2022-01-26 00:00:00+09:00,1040.5,1040.5,1040.5,1040.5,0,0.0,0.0
2022-01-27 00:00:00+09:00,1040.5,1040.5,1040.5,1040.5,0,0.0,0.0
2022-01-28 00:00:00+09:00,1040.5,1040.5,1040.5,1040.5,0,0.0,0.0
2022-01-31 00:00:00+09:00,1040.5,1040.5,1040.5,1040.5,400,0.0,0.0
2022-02-01 00:00:00+09:00,1040.5,1040.5,1040.5,1040.5,0,0.0,0.0
2022-02-02 00:00:00+09:00,1040.5,1040.5,1040.5,1040.5,0,0.0,0.0
2022-02-03 00:00:00+09:00,1040.5,1040.5,1040.5,1040.5,0,0.0,0.0
2022-02-04 00:00:00+09:00,1040.5,1040.5,1040.5,1040.5,0,0.0,0.0
2022-02-07 00:00:00+09:00,1040.5,1040.5,1040.5,1040.5,0,0.0,0.0
2022-02-08 00:00:00+09:00,1040.5,1040.5,1040.5,1040.5,0,0.0,0.0
2022-02-09 00:00:00+09:00,1040.5,1040.5,1040.5,1040.5,0,0.0,0.0
2022-02-10 00:00:00+09:00,1040.5,1040.5,1040.5,1040.5,0,0.0,0.0
2022-02-14 00:00:00+09:00,1040.5,1040.5,1040.5,1040.5,0,0.0,0.0
2022-02-15 00:00:00+09:00,1040.5,1040.5,1040.5,1040.5,0,0.0,0.0
2022-02-16 00:00:00+09:00,1040.5,1040.5,1040.5,1040.5,0,0.0,0.0
2022-02-17 00:00:00+09:00,1040.5,1040.5,1040.5,1040.5,0,0.0,0.0
2022-02-18 00:00:00+09:00,1040.5,1040.5,1040.5,1040.5,200,0.0,0.0
2022-02-21 00:00:00+09:00,1015.5,1015.5,1015.5,1015.5,200,0.0,0.0
2022-02-22 00:00:00+09:00,1015.5,1015.5,1015.5,1015.5,0,0.0,0.0
2022-02-24 00:00:00+09:00,1015.5,1015.5,1015.5,1015.5,0,0.0,0.0
2022-02-25 00:00:00+09:00,1015.5,1015.5,1015.5,1015.5,0,0.0,0.0
2022-02-28 00:00:00+09:00,1090.5,1090.5,1040.5,1087.5,4000,0.0,0.0
2022-03-01 00:00:00+09:00,1037.5,1074.5,1037.5,1074.5,3400,0.0,0.0
2022-03-02 00:00:00+09:00,1074.5,1074.5,1074.5,1074.5,0,0.0,0.0
2022-03-03 00:00:00+09:00,1074.5,1074.5,1074.5,1074.5,0,0.0,0.0
2022-03-04 00:00:00+09:00,1074.5,1074.5,1074.5,1074.5,0,0.0,0.0
2022-03-07 00:00:00+09:00,1074.5,1074.5,1074.5,1074.5,0,0.0,0.0
2022-03-08 00:00:00+09:00,1074.5,1074.5,1074.5,1074.5,0,0.0,0.0
2022-03-09 00:00:00+09:00,1074.5,1074.5,1074.5,1074.5,0,0.0,0.0
2022-03-10 00:00:00+09:00,1074.5,1074.5,1074.5,1074.5,0,0.0,0.0
2022-03-11 00:00:00+09:00,1074.5,1074.5,1074.5,1074.5,0,0.0,0.0
2022-03-14 00:00:00+09:00,1082.0,1082.0,1082.0,1082.0,200,0.0,0.0
2022-03-15 00:00:00+09:00,1082.0,1082.0,1082.0,1082.0,0,0.0,0.0
2022-03-16 00:00:00+09:00,1082.0,1082.0,1082.0,1082.0,0,0.0,0.0
2022-03-17 00:00:00+09:00,1082.0,1082.0,1082.0,1082.0,0,0.0,0.0
2022-03-18 00:00:00+09:00,1082.0,1082.0,1082.0,1082.0,200,0.0,0.0
2022-03-22 00:00:00+09:00,1042.0,1042.0,1042.0,1042.0,200,0.0,0.0
2022-03-23 00:00:00+09:00,1042.0,1042.0,1042.0,1042.0,0,0.0,0.0
2022-03-24 00:00:00+09:00,1042.0,1042.0,1042.0,1042.0,0,0.0,0.0
2022-03-25 00:00:00+09:00,1042.0,1042.0,1042.0,1042.0,0,0.0,0.0
2022-03-28 00:00:00+09:00,1042.0,1042.0,1042.0,1042.0,200,0.0,0.0
2022-03-29 00:00:00+09:00,1042.0,1042.0,1042.0,1042.0,0,0.0,0.0
2022-03-30 00:00:00+09:00,1042.0,1042.0,1042.0,1042.0,0,0.0,0.0
2022-03-31 00:00:00+09:00,1007.0,1007.0,1007.0,1007.0,200,0.0,0.0
2022-04-01 00:00:00+09:00,1007.0,1007.0,1007.0,1007.0,0,0.0,0.0
2022-04-04 00:00:00+09:00,1005.0,1005.0,1005.0,1005.0,200,0.0,0.0
2022-04-05 00:00:00+09:00,1000.0,1007.0,1000.0,1007.0,600,0.0,0.0
2022-04-06 00:00:00+09:00,1007.0,1007.0,1007.0,1007.0,1000,0.0,0.0
2022-04-07 00:00:00+09:00,1007.0,1007.0,1007.0,1007.0,0,0.0,0.0
2022-04-08 00:00:00+09:00,1007.0,1007.0,1007.0,1007.0,0,0.0,0.0
2022-04-11 00:00:00+09:00,1007.0,1007.0,1007.0,1007.0,0,0.0,0.0
2022-04-12 00:00:00+09:00,1007.0,1007.0,1007.0,1007.0,0,0.0,0.0
2022-04-13 00:00:00+09:00,1007.0,1007.0,1007.0,1007.0,0,0.0,0.0
2022-04-14 00:00:00+09:00,1007.0,1007.0,1007.0,1007.0,0,0.0,0.0
2022-04-15 00:00:00+09:00,1007.0,1007.0,1007.0,1007.0,0,0.0,0.0
2022-04-18 00:00:00+09:00,1007.0,1007.0,1007.0,1007.0,0,0.0,0.0
2022-04-19 00:00:00+09:00,1057.0,1057.0,1057.0,1057.0,200,0.0,0.0
2022-04-20 00:00:00+09:00,1057.0,1057.0,1057.0,1057.0,0,0.0,0.0
2022-04-21 00:00:00+09:00,1057.0,1057.0,1057.0,1057.0,0,0.0,0.0
2022-04-22 00:00:00+09:00,1057.0,1057.0,1057.0,1057.0,0,0.0,0.0
2022-04-25 00:00:00+09:00,1057.0,1057.0,1057.0,1057.0,0,0.0,0.0
2022-04-26 00:00:00+09:00,1057.0,1057.0,1057.0,1057.0,0,0.0,0.0
2022-04-27 00:00:00+09:00,1007.0,1007.0,1007.0,1007.0,200,0.0,0.0
2022-04-28 00:00:00+09:00,1007.0,1007.0,1007.0,1007.0,0,0.0,0.0
2022-05-02 00:00:00+09:00,1007.0,1007.0,1007.0,1007.0,0,0.0,0.0
2022-05-06 00:00:00+09:00,1007.0,1007.0,1007.0,1007.0,0,0.0,0.0
2022-05-09 00:00:00+09:00,1032.0,1032.0,1032.0,1032.0,200,0.0,0.0
2022-05-10 00:00:00+09:00,1032.0,1032.0,1032.0,1032.0,0,0.0,0.0
2022-05-11 00:00:00+09:00,1032.0,1032.0,1032.0,1032.0,0,0.0,0.0
2022-05-12 00:00:00+09:00,1032.0,1032.0,1032.0,1032.0,0,0.0,0.0
2022-05-13 00:00:00+09:00,1032.0,1032.0,1032.0,1032.0,0,0.0,0.0
2022-05-16 00:00:00+09:00,1032.5,1032.5,1032.5,1032.5,200,0.0,0.0
2022-05-17 00:00:00+09:00,1032.5,1032.5,1032.5,1032.5,0,0.0,0.0
2022-05-18 00:00:00+09:00,1057.5,1057.5,1057.5,1057.5,200,0.0,0.0
2022-05-19 00:00:00+09:00,1007.5,1007.5,1007.5,1007.5,200,0.0,0.0
2022-05-20 00:00:00+09:00,1007.5,1007.5,1007.5,1007.5,0,0.0,0.0
2022-05-23 00:00:00+09:00,1007.5,1007.5,1007.5,1007.5,0,0.0,0.0
2022-05-24 00:00:00+09:00,1007.5,1007.5,1007.5,1007.5,0,0.0,0.0
2022-05-25 00:00:00+09:00,1017.5,1017.5,1017.5,1017.5,200,0.0,0.0
2022-05-26 00:00:00+09:00,1017.5,1017.5,1017.5,1017.5,0,0.0,0.0
2022-05-27 00:00:00+09:00,1017.5,1017.5,1017.5,1017.5,0,0.0,0.0
2022-05-30 00:00:00+09:00,1017.5,1017.5,1017.5,1017.5,0,0.0,0.0
2022-05-31 00:00:00+09:00,1042.5,1042.5,1042.5,1042.5,400,0.0,0.0
2022-06-01 00:00:00+09:00,1042.5,1042.5,1042.5,1042.5,400,0.0,0.0
2022-06-02 00:00:00+09:00,1042.5,1042.5,1042.5,1042.5,0,0.0,0.0
2022-06-03 00:00:00+09:00,1042.5,1042.5,1042.5,1042.5,0,0.0,0.0
2022-06-06 00:00:00+09:00,1042.5,1042.5,1042.5,1042.5,0,0.0,0.0
2022-06-07 00:00:00+09:00,1042.5,1042.5,1042.5,1042.5,0,0.0,0.0
2022-06-08 00:00:00+09:00,1042.5,1042.5,1042.5,1042.5,0,0.0,0.0
2022-06-09 00:00:00+09:00,1042.5,1042.5,1042.5,1042.5,0,0.0,0.0
2022-06-10 00:00:00+09:00,1042.5,1042.5,1042.5,1042.5,0,0.0,0.0
2022-06-13 00:00:00+09:00,1042.5,1042.5,1042.5,1042.5,0,0.0,0.0
2022-06-14 00:00:00+09:00,1042.5,1042.5,1042.5,1042.5,0,0.0,0.0
2022-06-15 00:00:00+09:00,1042.5,1042.5,1042.5,1042.5,0,0.0,0.0
2022-06-16 00:00:00+09:00,1042.5,1042.5,1042.5,1042.5,0,0.0,0.0
2022-06-17 00:00:00+09:00,1042.5,1042.5,1042.5,1042.5,0,0.0,0.0
2022-06-20 00:00:00+09:00,1042.5,1042.5,1042.5,1042.5,200,0.0,0.0
2022-06-21 00:00:00+09:00,992.5,992.5,992.5,992.5,200,0.0,0.0
2022-06-22 00:00:00+09:00,995.0,995.0,995.0,995.0,200,0.0,0.0
2022-06-23 00:00:00+09:00,995.0,995.0,995.0,995.0,200,0.0,0.0
2022-06-24 00:00:00+09:00,994.5,995.0,994.5,995.0,800,0.0,0.0
2022-06-27 00:00:00+09:00,995.0,995.0,995.0,995.0,400,0.0,0.0
2022-06-28 00:00:00+09:00,995.0,995.0,995.0,995.0,600,0.0,0.0
2022-06-29 00:00:00+09:00,995.0,995.0,995.0,995.0,200,0.0,0.0
2022-06-30 00:00:00+09:00,996.0,1000.0,996.0,1000.0,600,0.0,0.0
2022-07-01 00:00:00+09:00,1000.0,1000.0,1000.0,1000.0,200,0.0,0.0
2022-07-04 00:00:00+09:00,1024.5,1024.5,1024.5,1024.5,200,0.0,0.0
2022-07-05 00:00:00+09:00,1024.5,1024.5,1024.5,1024.5,0,0.0,0.0
2022-07-06 00:00:00+09:00,1024.5,1024.5,1024.5,1024.5,0,0.0,0.0
2022-07-07 00:00:00+09:00,1024.5,1024.5,1024.5,1024.5,0,0.0,0.0
2022-07-08 00:00:00+09:00,1024.5,1024.5,1024.5,1024.5,0,0.0,0.0
2022-07-11 00:00:00+09:00,1024.5,1024.5,1024.5,1024.5,200,0.0,0.0
2022-07-12 00:00:00+09:00,1024.5,1024.5,1024.5,1024.5,0,0.0,0.0
2022-07-13 00:00:00+09:00,1024.5,1024.5,1024.5,1024.5,0,0.0,0.0
2022-07-14 00:00:00+09:00,1024.5,1024.5,1024.5,1024.5,0,0.0,0.0
2022-07-15 00:00:00+09:00,1024.5,1024.5,1024.5,1024.5,0,0.0,0.0
2022-07-19 00:00:00+09:00,1024.5,1024.5,1024.5,1024.5,0,0.0,0.0
2022-07-20 00:00:00+09:00,1024.5,1024.5,1024.5,1024.5,200,0.0,0.0
2022-07-21 00:00:00+09:00,1014.0,1014.0,1014.0,1014.0,200,0.0,0.0
2022-07-22 00:00:00+09:00,1014.0,1014.0,1014.0,1014.0,0,0.0,0.0
2022-07-25 00:00:00+09:00,1014.0,1014.0,1014.0,1014.0,0,0.0,0.0
2022-07-26 00:00:00+09:00,1014.0,1014.0,1014.0,1014.0,1600,0.0,0.0
2022-07-27 00:00:00+09:00,1014.0,1014.0,1014.0,1014.0,0,0.0,0.0
2022-07-28 00:00:00+09:00,1014.0,1014.0,1014.0,1014.0,0,0.0,0.0
2022-07-29 00:00:00+09:00,1014.0,1014.0,1014.0,1014.0,0,0.0,0.0
2022-08-01 00:00:00+09:00,1014.0,1014.0,1014.0,1014.0,0,0.0,0.0
2022-08-02 00:00:00+09:00,1014.0,1014.0,1014.0,1014.0,0,0.0,0.0
2022-08-03 00:00:00+09:00,1039.0,1039.0,1039.0,1039.0,200,0.0,0.0
2022-08-04 00:00:00+09:00,1035.0,1035.0,998.0,998.0,1400,0.0,0.0
2022-08-05 00:00:00+09:00,998.0,998.0,998.0,998.0,400,0.0,0.0
2022-08-08 00:00:00+09:00,998.0,998.0,998.0,998.0,0,0.0,0.0
2022-08-09 00:00:00+09:00,998.0,998.0,998.0,998.0,0,0.0,0.0
2022-08-10 00:00:00+09:00,998.0,998.0,998.0,998.0,0,0.0,0.0
2022-08-12 00:00:00+09:00,1000.0,1000.0,1000.0,1000.0,200,0.0,0.0
2022-08-15 00:00:00+09:00,1000.0,1000.0,1000.0,1000.0,0,0.0,0.0
2022-08-16 00:00:00+09:00,1000.0,1000.0,1000.0,1000.0,0,0.0,0.0
2022-08-17 00:00:00+09:00,1000.0,1000.0,1000.0,1000.0,0,0.0,0.0
2022-08-18 00:00:00+09:00,1020.0,1020.0,1020.0,1020.0,400,0.0,0.0
2022-08-19 00:00:00+09:00,1005.0,1005.0,1005.0,1005.0,200,0.0,0.0
2022-08-22 00:00:00+09:00,1005.0,1005.0,1005.0,1005.0,0,0.0,0.0
2022-08-23 00:00:00+09:00,1005.0,1005.0,1005.0,1005.0,0,0.0,0.0
2022-08-24 00:00:00+09:00,1005.0,1005.0,1005.0,1005.0,0,0.0,0.0
2022-08-25 00:00:00+09:00,1005.0,1005.0,1005.0,1005.0,0,0.0,0.0
2022-08-26 00:00:00+09:00,1005.0,1015.0,1005.0,1015.0,400,0.0,0.0
2022-08-29 00:00:00+09:00,1015.0,1015.0,1015.0,1015.0,400,0.0,0.0
2022-08-30 00:00:00+09:00,1015.0,1075.0,1015.0,1075.0,1800,0.0,0.0
2022-08-31 00:00:00+09:00,1225.0,1325.0,1101.0,1200.0,91400,0.0,0.0
2022-09-01 00:00:00+09:00,1107.5,1163.5,1105.0,1107.5,21800,0.0,0.0
2022-09-02 00:00:00+09:00,1157.5,1357.5,1120.0,1357.5,49200,0.0,0.0
2022-09-05 00:00:00+09:00,1407.5,1607.5,1403.0,1607.5,111400,0.0,0.0
2022-09-06 00:00:00+09:00,1747.5,1850.0,1315.5,1420.0,299000,0.0,0.0
2022-09-07 00:00:00+09:00,1370.0,1370.0,1261.0,1329.5,76400,0.0,0.0
2022-09-08 00:00:00+09:00,1349.0,1349.0,1253.0,1253.0,44600,0.0,0.0
2022-09-09 00:00:00+09:00,1250.0,1272.0,1190.5,1247.5,32400,0.0,0.0
2022-09-12 00:00:00+09:00,1225.0,1225.0,1182.0,1184.0,16600,0.0,0.0
2022-09-13 00:00:00+09:00,1200.0,1242.5,1160.0,1177.0,18200,0.0,0.0
2022-09-14 00:00:00+09:00,1174.0,1249.5,1156.0,1202.0,16600,0.0,0.0
2022-09-15 00:00:00+09:00,1203.5,1228.5,1162.5,1162.5,6600,0.0,0.0
2022-09-16 00:00:00+09:00,1162.5,1175.0,1143.0,1148.0,5400,0.0,0.0
2022-09-20 00:00:00+09:00,1146.0,1146.5,1092.5,1097.5,7000,0.0,0.0
2022-09-21 00:00:00+09:00,1083.0,1101.0,1081.0,1082.5,3400,0.0,0.0
2022-09-22 00:00:00+09:00,1080.5,1091.0,1062.0,1080.5,6600,0.0,0.0
2022-09-26 00:00:00+09:00,1080.5,1080.5,1050.5,1064.5,8200,0.0,0.0
2022-09-27 00:00:00+09:00,1052.0,1074.0,1052.0,1074.0,1000,0.0,0.0
2022-09-28 00:00:00+09:00,1071.5,1074.5,1040.5,1059.5,4400,0.0,0.0
2022-09-29 00:00:00+09:00,1063.5,1065.0,1063.5,1065.0,600,0.0,0.0
2022-09-30 00:00:00+09:00,1065.0,1065.0,1042.5,1065.0,2200,0.0,0.0
2022-10-03 00:00:00+09:00,1077.0,1079.5,1077.0,1079.5,400,0.0,0.0
2022-10-04 00:00:00+09:00,1075.0,1075.0,1075.0,1075.0,200,0.0,0.0
2022-10-05 00:00:00+09:00,1075.0,1075.0,1057.5,1074.0,1800,0.0,0.0
2022-10-06 00:00:00+09:00,1050.5,1077.0,1035.0,1077.0,2800,0.0,0.0
2022-10-07 00:00:00+09:00,1077.0,1077.0,1077.0,1077.0,0,0.0,0.0
2022-10-11 00:00:00+09:00,1041.0,1065.0,1041.0,1065.0,400,0.0,0.0
2022-10-12 00:00:00+09:00,1055.0,1055.0,1025.5,1035.0,2400,0.0,0.0
2022-10-13 00:00:00+09:00,1026.0,1026.0,1015.0,1025.0,1800,0.0,0.0
2022-10-14 00:00:00+09:00,1028.0,1028.0,1025.0,1025.0,1800,0.0,0.0
2022-10-17 00:00:00+09:00,1011.0,1011.0,1011.0,1011.0,200,0.0,0.0
2022-10-18 00:00:00+09:00,1061.0,1062.5,1037.5,1037.5,1200,0.0,0.0
2022-10-19 00:00:00+09:00,1037.5,1037.5,1022.5,1022.5,800,0.0,0.0
2022-10-20 00:00:00+09:00,1022.5,1022.5,1022.5,1022.5,0,0.0,0.0
2022-10-21 00:00:00+09:00,1022.5,1022.5,1022.5,1022.5,0,0.0,0.0
2022-10-24 00:00:00+09:00,1033.5,1050.0,1033.5,1050.0,600,0.0,0.0
2022-10-25 00:00:00+09:00,1036.5,1043.5,1031.5,1031.5,1200,0.0,0.0
2022-10-26 00:00:00+09:00,1031.5,1035.0,1015.0,1025.0,5000,0.0,0.0
2022-10-27 00:00:00+09:00,1023.0,1023.0,1015.0,1015.0,600,0.0,0.0
2022-10-28 00:00:00+09:00,1010.5,1010.5,1010.5,1010.5,200,0.0,0.0
2022-10-31 00:00:00+09:00,1025.0,1025.0,1013.0,1013.0,600,0.0,0.0
2022-11-01 00:00:00+09:00,1025.0,1025.0,1025.0,1025.0,200,0.0,0.0
2022-11-02 00:00:00+09:00,1037.0,1037.0,1037.0,1037.0,200,0.0,0.0
2022-11-04 00:00:00+09:00,1038.5,1038.5,1038.5,1038.5,200,0.0,0.0
2022-11-07 00:00:00+09:00,1024.0,1038.5,1024.0,1038.5,600,0.0,0.0
2022-11-08 00:00:00+09:00,1050.0,1050.0,1050.0,1050.0,800,0.0,0.0
2022-11-09 00:00:00+09:00,1040.0,1093.5,1035.0,1093.5,3200,0.0,0.0
2022-11-10 00:00:00+09:00,1018.5,1045.0,1008.5,1024.0,6200,0.0,0.0
2022-11-11 00:00:00+09:00,1020.0,1020.0,1016.0,1016.0,400,0.0,0.0
2022-11-14 00:00:00+09:00,1015.5,1015.5,1008.0,1009.0,1200,0.0,0.0
2022-11-15 00:00:00+09:00,1007.5,1008.0,1007.5,1008.0,600,0.0,0.0
2022-11-16 00:00:00+09:00,1012.5,1013.5,1012.5,1013.5,400,0.0,0.0
2022-11-17 00:00:00+09:00,1013.5,1013.5,1013.5,1013.5,0,0.0,0.0
2022-11-18 00:00:00+09:00,1038.5,1038.5,1017.5,1017.5,1800,0.0,0.0
2022-11-21 00:00:00+09:00,1017.5,1017.5,1015.5,1015.5,400,0.0,0.0
2022-11-22 00:00:00+09:00,1018.0,1018.0,1018.0,1018.0,200,0.0,0.0
2022-11-24 00:00:00+09:00,1018.0,1018.0,1018.0,1018.0,400,0.0,0.0
2022-11-25 00:00:00+09:00,1022.5,1025.0,1022.5,1025.0,400,0.0,0.0
2022-11-28 00:00:00+09:00,1027.5,1027.5,1027.5,1027.5,600,0.0,0.0
2022-11-29 00:00:00+09:00,1030.0,1030.0,1030.0,1030.0,200,0.0,0.0
2022-11-30 00:00:00+09:00,1042.5,1049.0,1042.5,1047.5,1800,0.0,0.0
2022-12-01 00:00:00+09:00,1047.5,1047.5,1047.5,1047.5,800,0.0,0.0
2022-12-02 00:00:00+09:00,1050.0,1050.0,1031.5,1031.5,1200,0.0,0.0
2022-12-05 00:00:00+09:00,1031.5,1031.5,1031.5,1031.5,200,0.0,0.0
2022-12-06 00:00:00+09:00,1032.5,1032.5,1032.5,1032.5,200,0.0,0.0
2022-12-07 00:00:00+09:00,1032.5,1032.5,1032.5,1032.5,600,0.0,0.0
2022-12-08 00:00:00+09:00,1063.5,1063.5,1063.5,1063.5,200,0.0,0.0
2022-12-09 00:00:00+09:00,1063.5,1063.5,1063.5,1063.5,0,0.0,0.0
2022-12-12 00:00:00+09:00,1063.5,1063.5,1063.5,1063.5,0,0.0,0.0
2022-12-13 00:00:00+09:00,1063.5,1063.5,1063.5,1063.5,0,0.0,0.0
2022-12-14 00:00:00+09:00,1042.5,1042.5,1040.0,1040.0,1400,0.0,0.0
2022-12-15 00:00:00+09:00,1040.0,1053.5,1040.0,1045.0,1200,0.0,0.0
2022-12-16 00:00:00+09:00,1056.5,1056.5,1056.5,1056.5,200,0.0,0.0
2022-12-19 00:00:00+09:00,1053.0,1066.5,1053.0,1066.5,400,0.0,0.0
2022-12-20 00:00:00+09:00,1066.0,1077.0,1055.5,1055.5,3800,0.0,0.0
2022-12-21 00:00:00+09:00,1055.5,1064.5,1052.5,1062.0,2000,0.0,0.0
2022-12-22 00:00:00+09:00,1062.0,1062.0,1062.0,1062.0,0,0.0,0.0
2022-12-23 00:00:00+09:00,1055.5,1055.5,1055.5,1055.5,200,0.0,0.0
2022-12-26 00:00:00+09:00,1057.5,1057.5,1055.0,1055.0,1400,0.0,0.0
2022-12-27 00:00:00+09:00,1050.0,1050.0,1050.0,1050.0,400,0.0,0.0
2022-12-28 00:00:00+09:00,1050.0,1050.0,1050.0,1050.0,3200,0.0,0.0
2022-12-29 00:00:00+09:00,1050.0,1050.0,1050.0,1050.0,0,0.0,0.0
2022-12-30 00:00:00+09:00,1077.5,1077.5,1077.5,1077.5,1000,0.0,0.0
2023-01-04 00:00:00+09:00,1077.5,1082.0,1062.5,1077.5,2400,0.0,0.0
2023-01-05 00:00:00+09:00,1077.5,1077.5,1077.5,1077.5,0,0.0,0.0
2023-01-06 00:00:00+09:00,1082.0,1082.0,1082.0,1082.0,800,0.0,0.0
2023-01-10 00:00:00+09:00,1082.5,1082.5,1082.0,1082.0,400,0.0,0.0
2023-01-11 00:00:00+09:00,1082.0,1082.0,1082.0,1082.0,0,0.0,0.0
2023-01-12 00:00:00+09:00,1082.0,1082.0,1082.0,1082.0,0,0.0,0.0
2023-01-13 00:00:00+09:00,1063.0,1063.0,1063.0,1063.0,200,0.0,0.0
2023-01-16 00:00:00+09:00,1063.0,1063.0,1063.0,1063.0,0,0.0,0.0
2023-01-17 00:00:00+09:00,1063.0,1063.0,1063.0,1063.0,0,0.0,0.0
2023-01-18 00:00:00+09:00,1088.0,1088.5,1063.5,1065.0,1000,0.0,0.0
2023-01-19 00:00:00+09:00,1066.0,1066.0,1066.0,1066.0,200,0.0,0.0
2023-01-20 00:00:00+09:00,1087.5,1087.5,1087.5,1087.5,2200,0.0,0.0
2023-01-23 00:00:00+09:00,1087.5,1087.5,1087.5,1087.5,0,0.0,0.0
2023-01-24 00:00:00+09:00,1100.0,1100.0,1100.0,1100.0,600,0.0,0.0
2023-01-25 00:00:00+09:00,1125.0,1125.0,1096.0,1096.0,400,0.0,0.0
2023-01-26 00:00:00+09:00,1096.0,1100.0,1095.0,1100.0,1600,0.0,0.0
2023-01-27 00:00:00+09:00,1087.5,1087.5,1080.0,1087.5,600,0.0,0.0
2023-01-30 00:00:00+09:00,1087.5,1087.5,1087.5,1087.5,0,0.0,0.0
2023-01-31 00:00:00+09:00,1087.5,1087.5,1087.5,1087.5,0,0.0,0.0
2023-02-01 00:00:00+09:00,1087.5,1087.5,1087.5,1087.5,0,0.0,0.0
2023-02-02 00:00:00+09:00,1112.0,1112.0,1112.0,1112.0,400,0.0,0.0
2023-02-03 00:00:00+09:00,1131.0,1131.5,1131.0,1131.5,400,0.0,0.0
2023-02-06 00:00:00+09:00,1131.5,1131.5,1131.5,1131.5,0,0.0,0.0
2023-02-07 00:00:00+09:00,1131.5,1134.0,1131.5,1134.0,1400,0.0,0.0
2023-02-08 00:00:00+09:00,1144.0,1183.5,1144.0,1173.5,5400,0.0,0.0
2023-02-09 00:00:00+09:00,1132.5,1145.5,1119.0,1144.5,3800,0.0,0.0
2023-02-10 00:00:00+09:00,1129.5,1129.5,1100.0,1120.0,4400,0.0,0.0
2023-02-13 00:00:00+09:00,1120.0,1120.0,1107.5,1107.5,800,0.0,0.0
2023-02-14 00:00:00+09:00,1110.0,1110.0,1110.0,1110.0,400,0.0,0.0
2023-02-15 00:00:00+09:00,1115.0,1115.0,1115.0,1115.0,200,0.0,0.0
2023-02-16 00:00:00+09:00,1132.0,1144.0,1132.0,1144.0,2400,0.0,0.0
2023-02-17 00:00:00+09:00,1150.0,1150.0,1150.0,1150.0,1400,0.0,0.0
2023-02-20 00:00:00+09:00,1144.0,1144.0,1144.0,1144.0,1400,0.0,0.0
2023-02-21 00:00:00+09:00,1144.0,1144.0,1144.0,1144.0,1800,0.0,0.0
2023-02-22 00:00:00+09:00,1140.0,1140.0,1140.0,1140.0,400,0.0,0.0
2023-02-24 00:00:00+09:00,1140.0,1140.0,1140.0,1140.0,0,0.0,0.0
2023-02-27 00:00:00+09:00,1140.0,1140.0,1140.0,1140.0,0,0.0,0.0
2023-02-28 00:00:00+09:00,1140.0,1140.0,1131.5,1140.0,2000,0.0,0.0
2023-03-01 00:00:00+09:00,1140.0,1140.0,1140.0,1140.0,0,0.0,0.0
2023-03-02 00:00:00+09:00,1147.0,1152.0,1147.0,1150.0,1200,0.0,0.0
2023-03-03 00:00:00+09:00,1150.0,1155.0,1150.0,1155.0,800,0.0,0.0
2023-03-06 00:00:00+09:00,1149.0,1168.5,1142.5,1168.5,1400,0.0,0.0
2023-03-07 00:00:00+09:00,1157.5,1157.5,1157.5,1157.5,400,0.0,0.0
2023-03-08 00:00:00+09:00,1160.0,1165.0,1160.0,1160.0,600,0.0,0.0
2023-03-09 00:00:00+09:00,1157.5,1165.0,1157.5,1165.0,600,0.0,0.0
2023-03-10 00:00:00+09:00,1160.0,1180.0,1160.0,1179.5,1800,0.0,0.0
2023-03-13 00:00:00+09:00,1163.0,1163.0,1162.5,1162.5,600,0.0,0.0
2023-03-14 00:00:00+09:00,1162.5,1162.5,1160.0,1160.5,1000,0.0,0.0
2023-03-15 00:00:00+09:00,1185.5,1185.5,1179.0,1179.0,600,0.0,0.0
2023-03-16 00:00:00+09:00,1204.0,1241.0,1203.5,1236.0,2200,0.0,0.0
2023-03-17 00:00:00+09:00,1253.5,1297.5,1243.5,1243.5,4400,0.0,0.0
2023-03-20 00:00:00+09:00,1262.5,1262.5,1261.0,1261.0,800,0.0,0.0
2023-03-22 00:00:00+09:00,1236.0,1261.0,1236.0,1261.0,600,0.0,0.0
2023-03-23 00:00:00+09:00,1265.0,1265.0,1264.5,1265.0,3200,0.0,0.0
2023-03-24 00:00:00+09:00,1250.0,1320.0,1250.0,1320.0,5000,0.0,0.0
2023-03-27 00:00:00+09:00,1283.5,1307.5,1282.5,1307.5,2800,0.0,0.0
2023-03-28 00:00:00+09:00,1307.5,1307.5,1307.5,1307.5,0,0.0,0.0
2023-03-29 00:00:00+09:00,1316.5,1316.5,1300.0,1300.0,1000,0.0,0.0
2023-03-30 00:00:00+09:00,1250.0,1300.0,1250.0,1290.0,1000,0.0,0.0
2023-03-31 00:00:00+09:00,1290.0,1290.5,1251.5,1251.5,1400,0.0,0.0
2023-04-03 00:00:00+09:00,1264.5,1290.0,1264.5,1290.0,1200,0.0,0.0
2023-04-04 00:00:00+09:00,1285.0,1324.0,1284.5,1324.0,6200,0.0,0.0
2023-04-05 00:00:00+09:00,1316.5,1393.0,1316.0,1324.0,7400,0.0,0.0
2023-04-06 00:00:00+09:00,1330.5,1357.5,1330.5,1357.5,2800,0.0,0.0
2023-04-07 00:00:00+09:00,1382.5,1575.0,1350.5,1405.0,11600,0.0,0.0
2023-04-10 00:00:00+09:00,1394.0,1405.5,1380.5,1405.5,2000,0.0,0.0
2023-04-11 00:00:00+09:00,1455.5,1455.5,1410.0,1442.5,2200,0.0,0.0
2023-04-12 00:00:00+09:00,1442.5,1450.0,1425.0,1446.0,1600,0.0,0.0
2023-04-13 00:00:00+09:00,1437.5,1481.0,1437.5,1481.0,1800,0.0,0.0
2023-04-14 00:00:00+09:00,1481.0,1490.0,1481.0,1490.0,800,0.0,0.0
2023-04-17 00:00:00+09:00,1490.0,1525.0,1455.0,1480.0,3400,0.0,0.0
2023-04-18 00:00:00+09:00,1505.0,1550.0,1475.0,1495.5,4800,0.0,0.0
2023-04-19 00:00:00+09:00,1476.5,1476.5,1451.0,1452.0,2400,0.0,0.0
2023-04-20 00:00:00+09:00,1452.0,1452.0,1452.0,1452.0,0,0.0,0.0
2023-04-21 00:00:00+09:00,1450.0,1475.5,1450.0,1475.5,3000,0.0,0.0
2023-04-24 00:00:00+09:00,1530.0,1530.0,1480.0,1480.0,1000,0.0,0.0
2023-04-25 00:00:00+09:00,1480.0,1480.0,1480.0,1480.0,0,0.0,0.0
2023-04-26 00:00:00+09:00,1480.0,1480.0,1480.0,1480.0,0,0.0,0.0
2023-04-27 00:00:00+09:00,1475.0,1475.0,1450.0,1450.0,3200,0.0,0.0
2023-04-28 00:00:00+09:00,1450.5,1475.0,1450.5,1475.0,2800,0.0,0.0
2023-05-01 00:00:00+09:00,1475.0,1475.0,1475.0,1475.0,0,0.0,0.0
2023-05-02 00:00:00+09:00,1475.0,1475.0,1450.5,1450.5,1000,0.0,0.0
2023-05-08 00:00:00+09:00,1450.5,1450.5,1450.0,1450.0,600,0.0,0.0
2023-05-09 00:00:00+09:00,1450.0,1450.0,1450.0,1450.0,0,0.0,0.0
2023-05-10 00:00:00+09:00,1450.0,1450.0,1425.0,1425.0,800,0.0,0.0
2023-05-11 00:00:00+09:00,1385.0,1410.0,1375.0,1410.0,3600,0.0,0.0
2023-05-12 00:00:00+09:00,1410.0,1429.5,1410.0,1425.0,1200,0.0,0.0
2023-05-15 00:00:00+09:00,1450.5,1465.0,1450.5,1465.0,600,0.0,0.0
2023-05-16 00:00:00+09:00,1457.5,1500.0,1457.5,1500.0,2400,0.0,0.0
2023-05-17 00:00:00+09:00,1500.0,1500.0,1500.0,1500.0,2400,0.0,0.0
2023-05-18 00:00:00+09:00,1515.0,1515.0,1480.0,1515.0,2600,0.0,0.0
2023-05-19 00:00:00+09:00,1480.5,1480.5,1480.5,1480.5,200,0.0,0.0
2023-05-22 00:00:00+09:00,1500.0,1500.0,1475.5,1475.5,400,0.0,0.0
2023-05-23 00:00:00+09:00,1477.5,1477.5,1477.5,1477.5,600,0.0,0.0
2023-05-24 00:00:00+09:00,1477.5,1477.5,1477.5,1477.5,0,0.0,0.0
2023-05-25 00:00:00+09:00,1477.5,1477.5,1477.5,1477.5,0,0.0,0.0
2023-05-26 00:00:00+09:00,1477.5,1477.5,1477.5,1477.5,200,0.0,0.0
2023-05-29 00:00:00+09:00,1477.5,1477.5,1477.5,1477.5,0,0.0,0.0
2023-05-30 00:00:00+09:00,1427.5,1450.0,1402.5,1450.0,1400,0.0,0.0
2023-05-31 00:00:00+09:00,1475.0,1475.0,1475.0,1475.0,400,0.0,0.0
2023-06-01 00:00:00+09:00,1475.0,1475.0,1475.0,1475.0,0,0.0,0.0
2023-06-02 00:00:00+09:00,1475.0,1475.0,1475.0,1475.0,0,0.0,0.0
2023-06-05 00:00:00+09:00,1475.0,1475.0,1475.0,1475.0,0,0.0,0.0
2023-06-06 00:00:00+09:00,1475.0,1475.0,1475.0,1475.0,0,0.0,0.0
2023-06-07 00:00:00+09:00,1450.0,1450.0,1450.0,1450.0,200,0.0,0.0
2023-06-08 00:00:00+09:00,1425.0,1425.0,1425.0,1425.0,200,0.0,0.0
2023-06-09 00:00:00+09:00,1425.0,1425.0,1425.0,1425.0,0,0.0,0.0
2023-06-12 00:00:00+09:00,1425.0,1425.0,1425.0,1425.0,0,0.0,0.0
2023-06-13 00:00:00+09:00,1400.0,1400.0,1400.0,1400.0,200,0.0,0.0
2023-06-14 00:00:00+09:00,1374.5,1400.0,1374.5,1400.0,2600,0.0,0.0
2023-06-15 00:00:00+09:00,1450.0,1550.0,1450.0,1535.0,5200,0.0,0.0
2023-06-16 00:00:00+09:00,1540.0,1540.0,1505.0,1507.5,3200,0.0,0.0
2023-06-19 00:00:00+09:00,1507.5,1507.5,1507.5,1507.5,0,0.0,0.0
2023-06-20 00:00:00+09:00,1527.5,1527.5,1527.5,1527.5,200,0.0,0.0
2023-06-21 00:00:00+09:00,1507.5,1507.5,1507.5,1507.5,200,0.0,0.0
2023-06-22 00:00:00+09:00,1505.0,1505.0,1500.0,1500.0,800,0.0,0.0
2023-06-23 00:00:00+09:00,1502.5,1502.5,1500.0,1500.0,800,0.0,0.0
2023-06-26 00:00:00+09:00,1500.0,1500.0,1500.0,1500.0,0,0.0,0.0
2023-06-27 00:00:00+09:00,1500.0,1500.0,1500.0,1500.0,0,0.0,0.0
2023-06-28 00:00:00+09:00,1500.0,1500.0,1500.0,1500.0,0,0.0,0.0
2023-06-29 00:00:00+09:00,1500.0,1500.0,1500.0,1500.0,0,0.0,0.0
2023-06-30 00:00:00+09:00,1500.0,1500.0,1500.0,1500.0,0,0.0,0.0
2023-07-03 00:00:00+09:00,1500.0,1500.0,1500.0,1500.0,0,0.0,0.0
2023-07-04 00:00:00+09:00,1500.0,1500.0,1500.0,1500.0,1000,0.0,0.0
2023-07-05 00:00:00+09:00,1465.0,1465.0,1465.0,1465.0,200,0.0,0.0
2023-07-06 00:00:00+09:00,1500.0,1500.0,1500.0,1500.0,200,0.0,0.0
2023-07-07 00:00:00+09:00,1500.0,1500.0,1500.0,1500.0,0,0.0,0.0
2023-07-10 00:00:00+09:00,1500.0,1500.0,1500.0,1500.0,0,0.0,0.0
2023-07-11 00:00:00+09:00,1497.5,1497.5,1497.5,1497.5,200,0.0,0.0
2023-07-12 00:00:00+09:00,1497.5,1497.5,1497.5,1497.5,0,0.0,0.0
2023-07-13 00:00:00+09:00,1497.5,1497.5,1497.5,1497.5,0,0.0,0.0
2023-07-14 00:00:00+09:00,1500.0,1500.0,1500.0,1500.0,600,0.0,0.0
2023-07-18 00:00:00+09:00,1500.0,1500.0,1500.0,1500.0,400,0.0,0.0
2023-07-19 00:00:00+09:00,1535.0,1535.0,1535.0,1535.0,200,0.0,0.0
2023-07-20 00:00:00+09:00,1465.0,1495.0,1465.0,1495.0,800,0.0,0.0
2023-07-21 00:00:00+09:00,1495.0,1495.0,1495.0,1495.0,800,0.0,0.0
2023-07-24 00:00:00+09:00,1500.0,1502.5,1500.0,1502.5,400,0.0,0.0
2023-07-25 00:00:00+09:00,1502.5,1502.5,1502.5,1502.5,0,0.0,0.0
2023-07-26 00:00:00+09:00,1502.5,1502.5,1502.5,1502.5,800,0.0,0.0
2023-07-27 00:00:00+09:00,1502.5,1502.5,1502.5,1502.5,0,0.0,0.0
2023-07-28 00:00:00+09:00,1475.0,1475.0,1475.0,1475.0,1200,0.0,0.0
2023-07-31 00:00:00+09:00,1450.0,1498.5,1450.0,1498.5,2000,0.0,0.0
2023-08-01 00:00:00+09:00,1498.5,1498.5,1498.5,1498.5,0,0.0,0.0
2023-08-02 00:00:00+09:00,1498.5,1498.5,1498.5,1498.5,0,0.0,0.0
2023-08-03 00:00:00+09:00,1498.5,1498.5,1498.5,1498.5,0,0.0,0.0
2023-08-04 00:00:00+09:00,1515.0,1515.0,1510.0,1510.0,1200,0.0,0.0
2023-08-07 00:00:00+09:00,1510.0,1510.0,1510.0,1510.0,0,0.0,0.0
2023-08-08 00:00:00+09:00,1510.0,1510.0,1510.0,1510.0,0,0.0,0.0
2023-08-09 00:00:00+09:00,1510.0,1510.0,1510.0,1510.0,200,0.0,0.0
2023-08-10 00:00:00+09:00,1510.0,1510.0,1510.0,1510.0,0,0.0,0.0
2023-08-14 00:00:00+09:00,1500.0,1500.0,1500.0,1500.0,1000,0.0,0.0
2023-08-15 00:00:00+09:00,1500.0,1500.0,1500.0,1500.0,2000,0.0,0.0
2023-08-16 00:00:00+09:00,1500.0,1500.0,1500.0,1500.0,0,0.0,0.0
2023-08-17 00:00:00+09:00,1500.0,1500.0,1500.0,1500.0,0,0.0,0.0
2023-08-18 00:00:00+09:00,1525.0,1525.0,1500.0,1500.0,1200,0.0,0.0
2023-08-21 00:00:00+09:00,1465.0,1465.0,1465.0,1465.0,200,0.0,0.0
2023-08-22 00:00:00+09:00,1465.0,1465.0,1465.0,1465.0,0,0.0,0.0
2023-08-23 00:00:00+09:00,1465.0,1465.0,1465.0,1465.0,0,0.0,0.0
2023-08-24 00:00:00+09:00,1465.0,1465.0,1465.0,1465.0,0,0.0,0.0
2023-08-25 00:00:00+09:00,1465.0,1465.0,1465.0,1465.0,0,0.0,0.0
2023-08-28 00:00:00+09:00,1465.0,1465.0,1465.0,1465.0,200,0.0,0.0
2023-08-29 00:00:00+09:00,1465.0,1465.0,1465.0,1465.0,1400,0.0,0.0
2023-08-30 00:00:00+09:00,1465.0,1465.0,1465.0,1465.0,0,0.0,0.0
2023-08-31 00:00:00+09:00,1465.0,1465.0,1465.0,1465.0,0,0.0,0.0
2023-09-01 00:00:00+09:00,1450.0,1450.0,1450.0,1450.0,1000,0.0,0.0
2023-09-04 00:00:00+09:00,1425.0,1425.0,1418.5,1418.5,400,0.0,0.0
2023-09-05 00:00:00+09:00,1418.5,1418.5,1418.5,1418.5,0,0.0,0.0
2023-09-06 00:00:00+09:00,1400.0,1400.0,1363.5,1388.5,800,0.0,0.0
2023-09-07 00:00:00+09:00,1388.5,1388.5,1388.5,1388.5,0,0.0,0.0
2023-09-08 00:00:00+09:00,1388.5,1388.5,1388.5,1388.5,0,0.0,0.0
2023-09-11 00:00:00+09:00,1388.5,1388.5,1388.5,1388.5,0,0.0,0.0
2023-09-12 00:00:00+09:00,1388.5,1388.5,1388.5,1388.5,0,0.0,0.0
2023-09-13 00:00:00+09:00,1388.5,1388.5,1388.5,1388.5,0,0.0,0.0
2023-09-14 00:00:00+09:00,1350.0,1350.0,1350.0,1350.0,1000,0.0,0.0
2023-09-15 00:00:00+09:00,1350.0,1350.0,1350.0,1350.0,0,0.0,0.0
2023-09-19 00:00:00+09:00,1350.0,1350.0,1350.0,1350.0,600,0.0,0.0
2023-09-20 00:00:00+09:00,1400.0,1400.0,1369.0,1369.0,600,0.0,0.0
2023-09-21 00:00:00+09:00,1374.0,1395.5,1374.0,1395.0,800,0.0,0.0
2023-09-22 00:00:00+09:00,1395.0,1395.0,1395.0,1395.0,0,0.0,0.0
2023-09-25 00:00:00+09:00,1395.0,1395.0,1395.0,1395.0,0,0.0,0.0
2023-09-26 00:00:00+09:00,1350.5,1350.5,1350.0,1350.0,1200,0.0,0.0
2023-09-27 00:00:00+09:00,1350.0,1350.0,1350.0,1350.0,0,0.0,0.0
2023-09-28 00:00:00+09:00,1350.0,1350.0,1350.0,1350.0,0,0.0,0.0
2023-09-29 00:00:00+09:00,1350.0,1350.0,1350.0,1350.0,0,0.0,0.0
2023-10-02 00:00:00+09:00,1350.0,1350.0,1350.0,1350.0,0,0.0,0.0
2023-10-03 00:00:00+09:00,1375.0,1375.0,1375.0,1375.0,200,0.0,0.0
2023-10-04 00:00:00+09:00,1365.0,1365.0,1365.0,1365.0,200,0.0,0.0
2023-10-05 00:00:00+09:00,1365.0,1365.0,1365.0,1365.0,0,0.0,0.0
2023-10-06 00:00:00+09:00,1296.0,1296.0,1296.0,1296.0,200,0.0,0.0
2023-10-10 00:00:00+09:00,1296.0,1296.0,1296.0,1296.0,200,0.0,0.0
2023-10-11 00:00:00+09:00,1296.0,1296.5,1296.0,1296.0,1200,0.0,0.0
2023-10-12 00:00:00+09:00,1275.0,1275.0,1275.0,1275.0,200,0.0,0.0
2023-10-13 00:00:00+09:00,1275.0,1275.0,1275.0,1275.0,200,0.0,0.0
2023-10-16 00:00:00+09:00,1250.0,1250.0,1250.0,1250.0,400,0.0,0.0
2023-10-17 00:00:00+09:00,1375.0,1375.0,1362.5,1362.5,400,0.0,0.0
2023-10-18 00:00:00+09:00,1360.0,1360.5,1360.0,1360.5,800,0.0,0.0
2023-10-19 00:00:00+09:00,1335.5,1335.5,1325.0,1325.0,400,0.0,0.0
2023-10-20 00:00:00+09:00,1321.5,1321.5,1321.5,1321.5,600,0.0,0.0
2023-10-23 00:00:00+09:00,1321.5,1321.5,1321.5,1321.5,0,0.0,0.0
2023-10-24 00:00:00+09:00,1321.5,1321.5,1321.5,1321.5,0,0.0,0.0
2023-10-25 00:00:00+09:00,1321.5,1321.5,1321.5,1321.5,0,0.0,0.0
2023-10-26 00:00:00+09:00,1321.5,1321.5,1321.5,1321.5,200,0.0,0.0
2023-10-27 00:00:00+09:00,1321.5,1321.5,1321.5,1321.5,0,0.0,0.0
2023-10-30 00:00:00+09:00,1321.5,1321.5,1321.5,1321.5,200,0.0,0.0
2023-10-31 00:00:00+09:00,1321.5,1321.5,1321.5,1321.5,0,0.0,0.0
2023-11-01 00:00:00+09:00,1321.5,1321.5,1321.5,1321.5,200,0.0,0.0
2023-11-02 00:00:00+09:00,1321.5,1321.5,1321.5,1321.5,0,0.0,0.0
2023-11-06 00:00:00+09:00,1321.5,1321.5,1321.5,1321.5,0,0.0,0.0
2023-11-07 00:00:00+09:00,1321.5,1321.5,1321.5,1321.5,0,0.0,0.0
2023-11-08 00:00:00+09:00,1315.0,1315.0,1315.0,1315.0,200,0.0,0.0
2023-11-09 00:00:00+09:00,1315.0,1315.0,1315.0,1315.0,0,0.0,0.0
2023-11-10 00:00:00+09:00,1315.0,1315.0,1315.0,1315.0,0,0.0,0.0
2023-11-13 00:00:00+09:00,1315.0,1315.0,1315.0,1315.0,0,0.0,0.0
2023-11-14 00:00:00+09:00,1315.0,1315.0,1315.0,1315.0,0,0.0,0.0
2023-11-15 00:00:00+09:00,1315.0,1315.0,1315.0,1315.0,200,0.0,0.0
2023-11-16 00:00:00+09:00,1315.0,1315.0,1315.0,1315.0,0,0.0,0.0
2023-11-17 00:00:00+09:00,1315.0,1315.0,1315.0,1315.0,0,0.0,0.0
2023-11-20 00:00:00+09:00,1340.0,1340.0,1340.0,1340.0,200,0.0,0.0
2023-11-21 00:00:00+09:00,1300.0,1300.0,1300.0,1300.0,200,0.0,0.0
2023-11-22 00:00:00+09:00,1300.0,1300.0,1300.0,1300.0,0,0.0,0.0
2023-11-24 00:00:00+09:00,1300.0,1300.0,1300.0,1300.0,0,0.0,0.0
2023-11-27 00:00:00+09:00,1300.0,1300.0,1300.0,1300.0,0,0.0,0.0
2023-11-28 00:00:00+09:00,1335.0,1335.0,1335.0,1335.0,200,0.0,0.0
2023-11-29 00:00:00+09:00,1353.5,1353.5,1353.5,1353.5,200,0.0,0.0
2023-11-30 00:00:00+09:00,1353.5,1353.5,1353.5,1353.5,200,0.0,0.0
2023-12-01 00:00:00+09:00,1374.5,1374.5,1374.5,1374.5,200,0.0,0.0
2023-12-04 00:00:00+09:00,1365.5,1365.5,1365.5,1365.5,200,0.0,0.0
2023-12-05 00:00:00+09:00,1365.5,1365.5,1365.5,1365.5,0,0.0,0.0
2023-12-06 00:00:00+09:00,1365.5,1365.5,1365.5,1365.5,0,0.0,0.0
2023-12-07 00:00:00+09:00,1300.0,1300.0,1300.0,1300.0,200,0.0,0.0
2023-12-08 00:00:00+09:00,1300.0,1300.0,1300.0,1300.0,200,0.0,0.0
2023-12-11 00:00:00+09:00,1299.5,1300.0,1274.5,1276.5,1400,0.0,0.0
2023-12-12 00:00:00+09:00,1280.5,1280.5,1280.5,1280.5,200,0.0,0.0
2023-12-13 00:00:00+09:00,1300.0,1300.0,1300.0,1300.0,200,0.0,0.0
2023-12-14 00:00:00+09:00,1275.0,1275.0,1275.0,1275.0,200,0.0,0.0
2023-12-15 00:00:00+09:00,1275.0,1275.0,1275.0,1275.0,800,0.0,0.0
2023-12-18 00:00:00+09:00,1275.0,1275.0,1275.0,1275.0,0,0.0,0.0
2023-12-19 00:00:00+09:00,1350.0,1350.5,1334.5,1334.5,2200,0.0,0.0
2023-12-20 00:00:00+09:00,1334.5,1334.5,1310.0,1310.0,400,0.0,0.0
2023-12-21 00:00:00+09:00,1321.5,1397.0,1321.5,1397.0,800,0.0,0.0
2023-12-22 00:00:00+09:00,1397.0,1397.0,1397.0,1397.0,0,0.0,0.0
2023-12-25 00:00:00+09:00,1397.0,1397.0,1397.0,1397.0,0,0.0,0.0
2023-12-26 00:00:00+09:00,1395.5,1395.5,1348.5,1348.5,600,0.0,0.0
2023-12-27 00:00:00+09:00,1348.5,1348.5,1348.5,1348.5,0,0.0,0.0
2023-12-28 00:00:00+09:00,1348.5,1348.5,1348.5,1348.5,0,0.0,0.0
2023-12-29 00:00:00+09:00,1329.5,1329.5,1329.5,1329.5,400,0.0,0.0
2024-01-04 00:00:00+09:00,1305.0,1305.0,1305.0,1305.0,200,0.0,0.0
2024-01-05 00:00:00+09:00,1255.0,1255.0,1255.0,1255.0,1000,0.0,0.0
2024-01-09 00:00:00+09:00,1255.0,1260.0,1255.0,1260.0,1800,0.0,0.0
2024-01-10 00:00:00+09:00,1260.0,1260.0,1260.0,1260.0,0,0.0,0.0
2024-01-11 00:00:00+09:00,1261.5,1261.5,1261.5,1261.5,200,0.0,0.0
2024-01-12 00:00:00+09:00,1311.0,1311.0,1311.0,1311.0,200,0.0,0.0
2024-01-15 00:00:00+09:00,1330.0,1330.0,1330.0,1330.0,400,0.0,0.0
2024-01-16 00:00:00+09:00,1380.0,1380.0,1339.0,1339.0,400,0.0,0.0
2024-01-17 00:00:00+09:00,1339.0,1339.0,1339.0,1339.0,0,0.0,0.0
2024-01-18 00:00:00+09:00,1339.0,1339.0,1339.0,1339.0,200,0.0,0.0
2024-01-19 00:00:00+09:00,1339.0,1339.0,1339.0,1339.0,200,0.0,0.0
2024-01-22 00:00:00+09:00,1339.0,1339.0,1339.0,1339.0,0,0.0,0.0
2024-01-23 00:00:00+09:00,1339.0,1339.0,1339.0,1339.0,400,0.0,0.0
2024-01-24 00:00:00+09:00,1339.0,1339.0,1339.0,1339.0,0,0.0,0.0
2024-01-25 00:00:00+09:00,1339.0,1339.0,1339.0,1339.0,0,0.0,0.0
2024-01-26 00:00:00+09:00,1339.0,1339.0,1339.0,1339.0,0,0.0,0.0
2024-01-29 00:00:00+09:00,1318.5,1320.0,1311.5,1311.5,1400,0.0,0.0
2024-01-30 00:00:00+09:00,1312.5,1312.5,1312.0,1312.0,400,0.0,0.0
2024-01-31 00:00:00+09:00,1312.0,1320.0,1312.0,1320.0,600,0.0,0.0
2024-02-01 00:00:00+09:00,1330.5,1455.5,1330.5,1400.0,3400,0.0,0.0
2024-02-02 00:00:00+09:00,1425.0,1425.0,1330.5,1405.5,2400,0.0,0.0
2024-02-05 00:00:00+09:00,1380.5,1380.5,1346.0,1346.0,1400,0.0,0.0
2024-02-06 00:00:00+09:00,1371.0,1421.0,1371.0,1421.0,400,0.0,0.0
2024-02-07 00:00:00+09:00,1371.0,1396.0,1371.0,1388.5,800,0.0,0.0
2024-02-08 00:00:00+09:00,1388.5,1388.5,1388.5,1388.5,0,0.0,0.0
2024-02-09 00:00:00+09:00,1388.5,1388.5,1388.5,1388.5,0,0.0,0.0
2024-02-13 00:00:00+09:00,1388.5,1388.5,1388.5,1388.5,0,0.0,0.0
2024-02-14 00:00:00+09:00,1388.5,1388.5,1388.5,1388.5,0,0.0,0.0
2024-02-15 00:00:00+09:00,1388.5,1388.5,1388.5,1388.5,0,0.0,0.0
2024-02-16 00:00:00+09:00,1330.0,1330.0,1330.0,1330.0,1000,0.0,0.0
2024-02-19 00:00:00+09:00,1330.0,1330.0,1330.0,1330.0,0,0.0,0.0
2024-02-20 00:00:00+09:00,1334.0,1334.0,1334.0,1334.0,200,0.0,0.0
2024-02-21 00:00:00+09:00,1309.0,1309.0,1309.0,1309.0,400,0.0,0.0
2024-02-22 00:00:00+09:00,1309.0,1309.0,1309.0,1309.0,200,0.0,0.0
2024-02-26 00:00:00+09:00,1315.0,1330.5,1315.0,1330.0,600,0.0,0.0
2024-02-27 00:00:00+09:00,1330.0,1330.0,1330.0,1330.0,0,0.0,0.0
2024-02-28 00:00:00+09:00,1332.0,1332.0,1315.5,1315.5,400,0.0,0.0
2024-02-29 00:00:00+09:00,1325.0,1325.0,1325.0,1325.0,200,0.0,0.0
2024-03-01 00:00:00+09:00,1325.0,1325.0,1325.0,1325.0,0,0.0,0.0
2024-03-04 00:00:00+09:00,1325.0,1325.0,1325.0,1325.0,400,0.0,0.0
2024-03-05 00:00:00+09:00,1325.0,1325.0,1325.0,1325.0,0,0.0,0.0
2024-03-06 00:00:00+09:00,1325.0,1325.0,1325.0,1325.0,0,0.0,0.0
2024-03-07 00:00:00+09:00,1325.0,1325.0,1325.0,1325.0,0,0.0,0.0
2024-03-08 00:00:00+09:00,1325.0,1325.0,1325.0,1325.0,0,0.0,0.0
2024-03-11 00:00:00+09:00,1375.0,1375.0,1375.0,1375.0,1000,0.0,0.0
2024-03-12 00:00:00+09:00,1322.5,1322.5,1322.5,1322.5,400,0.0,0.0
2024-03-13 00:00:00+09:00,1347.5,1347.5,1347.5,1347.5,400,0.0,0.0
2024-03-14 00:00:00+09:00,1347.5,1347.5,1347.5,1347.5,0,0.0,0.0
2024-03-15 00:00:00+09:00,1327.0,1327.0,1327.0,1327.0,600,0.0,0.0
2024-03-18 00:00:00+09:00,1323.5,1323.5,1322.0,1322.0,400,0.0,0.0
2024-03-19 00:00:00+09:00,1328.0,1328.0,1328.0,1328.0,200,0.0,0.0
2024-03-21 00:00:00+09:00,1328.0,1328.0,1328.0,1328.0,40200,0.0,0.0
2024-03-22 00:00:00+09:00,1330.0,1330.0,1330.0,1330.0,34400,0.0,0.0
2024-03-25 00:00:00+09:00,1330.0,1330.0,1330.0,1330.0,0,0.0,0.0
2024-03-26 00:00:00+09:00,1330.0,1330.0,1330.0,1330.0,0,0.0,0.0
2024-03-27 00:00:00+09:00,1349.5,1349.5,1349.5,1349.5,200,0.0,0.0
2024-03-28 00:00:00+09:00,1349.5,1350.0,1349.5,1350.0,400,0.0,0.0
2024-03-29 00:00:00+09:00,1350.0,1350.0,1340.0,1340.0,800,0.0,0.0
2024-04-01 00:00:00+09:00,1397.5,1397.5,1397.5,1397.5,200,0.0,0.0
2024-04-02 00:00:00+09:00,1397.5,1397.5,1397.5,1397.5,0,0.0,0.0
2024-04-03 00:00:00+09:00,1397.5,1397.5,1397.5,1397.5,0,0.0,0.0
2024-04-04 00:00:00+09:00,1397.5,1397.5,1397.5,1397.5,0,0.0,0.0
2024-04-05 00:00:00+09:00,1397.5,1397.5,1397.5,1397.5,0,0.0,0.0
2024-04-08 00:00:00+09:00,1350.0,1350.0,1350.0,1350.0,400,0.0,0.0
2024-04-09 00:00:00+09:00,1327.5,1351.0,1327.5,1351.0,800,0.0,0.0
2024-04-10 00:00:00+09:00,1351.0,1351.0,1351.0,1351.0,0,0.0,0.0
2024-04-11 00:00:00+09:00,1400.0,1400.0,1400.0,1400.0,2000,0.0,0.0
2024-04-12 00:00:00+09:00,1350.0,1350.0,1350.0,1350.0,1000,0.0,0.0
2024-04-15 00:00:00+09:00,1350.0,1350.0,1326.5,1326.5,800,0.0,0.0
2024-04-16 00:00:00+09:00,1326.5,1326.5,1326.5,1326.5,0,0.0,0.0
2024-04-17 00:00:00+09:00,1326.5,1326.5,1325.5,1325.5,400,0.0,0.0
2024-04-18 00:00:00+09:00,1348.5,1348.5,1348.5,1348.5,200,0.0,0.0
2024-04-19 00:00:00+09:00,1325.5,1325.5,1325.5,1325.5,200,0.0,0.0
2024-04-22 00:00:00+09:00,1300.5,1300.5,1300.5,1300.5,200,0.0,0.0
2024-04-23 00:00:00+09:00,1350.5,1350.5,1350.5,1350.5,200,0.0,0.0
2024-04-24 00:00:00+09:00,1350.5,1350.5,1350.5,1350.5,0,0.0,0.0
2024-04-25 00:00:00+09:00,1350.5,1350.5,1350.5,1350.5,0,0.0,0.0
2024-04-26 00:00:00+09:00,1350.5,1350.5,1350.5,1350.5,0,0.0,0.0
2024-04-30 00:00:00+09:00,1323.0,1323.0,1285.5,1285.5,1000,0.0,0.0
2024-05-01 00:00:00+09:00,1285.5,1285.5,1285.5,1285.5,0,0.0,0.0
2024-05-02 00:00:00+09:00,1285.5,1285.5,1285.5,1285.5,0,0.0,0.0
2024-05-07 00:00:00+09:00,1285.5,1285.5,1285.5,1285.5,0,0.0,0.0
2024-05-08 00:00:00+09:00,1285.5,1285.5,1285.5,1285.5,0,0.0,0.0
2024-05-09 00:00:00+09:00,1285.5,1285.5,1285.5,1285.5,0,0.0,0.0
2024-05-10 00:00:00+09:00,1286.0,1286.0,1286.0,1286.0,600,0.0,0.0
2024-05-13 00:00:00+09:00,1261.0,1263.5,1261.0,1263.5,2000,0.0,0.0
2024-05-14 00:00:00+09:00,1263.5,1263.5,1263.5,1263.5,0,0.0,0.0
2024-05-15 00:00:00+09:00,1263.5,1263.5,1263.5,1263.5,0,0.0,0.0
2024-05-16 00:00:00+09:00,1263.5,1263.5,1263.5,1263.5,0,0.0,0.0
2024-05-17 00:00:00+09:00,1263.5,1263.5,1263.5,1263.5,0,0.0,0.0
2024-05-20 00:00:00+09:00,1313.5,1313.5,1313.5,1313.5,400,0.0,0.0
2024-05-21 00:00:00+09:00,1288.5,1288.5,1288.5,1288.5,600,0.0,0.0
2024-05-22 00:00:00+09:00,1300.0,1300.0,1300.0,1300.0,200,0.0,0.0
2024-05-23 00:00:00+09:00,1300.0,1300.0,1300.0,1300.0,0,0.0,0.0
2024-05-24 00:00:00+09:00,1275.0,1278.0,1275.0,1278.0,400,0.0,0.0
2024-05-27 00:00:00+09:00,1275.0,1275.5,1255.0,1255.0,4000,0.0,0.0
2024-05-28 00:00:00+09:00,1255.0,1255.0,1255.0,1255.0,0,0.0,0.0
2024-05-29 00:00:00+09:00,1262.5,1262.5,1254.0,1254.0,1000,0.0,0.0
2024-05-30 00:00:00+09:00,1254.0,1254.0,1254.0,1254.0,0,0.0,0.0
2024-05-31 00:00:00+09:00,1261.0,1261.0,1257.5,1257.5,1400,0.0,0.0
2024-06-03 00:00:00+09:00,1257.5,1257.5,1257.5,1257.5,0,0.0,0.0
2024-06-04 00:00:00+09:00,1282.5,1282.5,1282.5,1282.5,600,0.0,0.0
2024-06-05 00:00:00+09:00,1282.5,1282.5,1282.5,1282.5,200,0.0,0.0
2024-06-06 00:00:00+09:00,1282.5,1282.5,1282.5,1282.5,0,0.0,0.0
2024-06-07 00:00:00+09:00,1257.5,1257.5,1257.5,1257.5,400,0.0,0.0
2024-06-10 00:00:00+09:00,1257.5,1257.5,1257.5,1257.5,0,0.0,0.0
2024-06-11 00:00:00+09:00,1257.5,1257.5,1257.5,1257.5,0,0.0,0.0
2024-06-12 00:00:00+09:00,1257.5,1257.5,1257.5,1257.5,0,0.0,0.0
2024-06-13 00:00:00+09:00,1261.0,1261.0,1261.0,1261.0,200,0.0,0.0
2024-06-14 00:00:00+09:00,1261.0,1261.0,1261.0,1261.0,0,0.0,0.0
2024-06-17 00:00:00+09:00,1261.0,1261.0,1261.0,1261.0,0,0.0,0.0
2024-06-18 00:00:00+09:00,1286.0,1286.0,1286.0,1286.0,200,0.0,0.0
2024-06-19 00:00:00+09:00,1265.0,1265.0,1265.0,1265.0,200,0.0,0.0
2024-06-20 00:00:00+09:00,1265.5,1265.5,1265.5,1265.5,200,0.0,0.0
2024-06-21 00:00:00+09:00,1265.5,1265.5,1265.5,1265.5,0,0.0,0.0
2024-06-24 00:00:00+09:00,1265.5,1265.5,1265.5,1265.5,0,0.0,0.0
2024-06-25 00:00:00+09:00,1265.5,1265.5,1265.5,1265.5,0,0.0,0.0
2024-06-26 00:00:00+09:00,1315.5,1315.5,1276.0,1276.0,1200,0.0,0.0
2024-06-27 00:00:00+09:00,1276.0,1276.0,1276.0,1276.0,200,0.0,0.0
2024-06-28 00:00:00+09:00,1276.0,1276.0,1276.0,1276.0,0,0.0,0.0
2024-07-01 00:00:00+09:00,1277.5,1277.5,1277.5,1277.5,200,0.0,0.0
2024-07-02 00:00:00+09:00,1277.5,1277.5,1277.5,1277.5,0,0.0,0.0
2024-07-03 00:00:00+09:00,1298.5,1298.5,1298.5,1298.5,200,0.0,0.0
2024-07-04 00:00:00+09:00,1287.0,1287.0,1287.0,1287.0,200,0.0,0.0
2024-07-05 00:00:00+09:00,1277.5,1300.0,1277.5,1300.0,1200,0.0,0.0
2024-07-08 00:00:00+09:00,1300.0,1300.0,1300.0,1300.0,0,0.0,0.0
2024-07-09 00:00:00+09:00,1300.0,1300.0,1300.0,1300.0,0,0.0,0.0
2024-07-10 00:00:00+09:00,1300.5,1300.5,1300.0,1300.0,400,0.0,0.0
2024-07-11 00:00:00+09:00,1300.0,1300.0,1300.0,1300.0,0,0.0,0.0
2024-07-12 00:00:00+09:00,1300.0,1300.0,1300.0,1300.0,0,0.0,0.0
2024-07-16 00:00:00+09:00,1300.0,1300.0,1300.0,1300.0,0,0.0,0.0
2024-07-17 00:00:00+09:00,1300.0,1300.0,1300.0,1300.0,0,0.0,0.0
2024-07-18 00:00:00+09:00,1325.0,1325.0,1325.0,1325.0,400,0.0,0.0
2024-07-19 00:00:00+09:00,1288.5,1288.5,1284.5,1285.0,2000,0.0,0.0
2024-07-22 00:00:00+09:00,1285.0,1285.0,1285.0,1285.0,0,0.0,0.0
2024-07-23 00:00:00+09:00,1285.0,1285.0,1285.0,1285.0,400,0.0,0.0
2024-07-24 00:00:00+09:00,1265.5,1285.0,1265.5,1285.0,400,0.0,0.0
2024-07-25 00:00:00+09:00,1285.0,1285.0,1285.0,1285.0,0,0.0,0.0
2024-07-26 00:00:00+09:00,1285.0,1285.0,1285.0,1285.0,800,0.0,0.0
2024-07-29 00:00:00+09:00,1265.0,1275.0,1265.0,1275.0,600,0.0,0.0
2024-07-30 00:00:00+09:00,1275.0,1275.0,1275.0,1275.0,0,0.0,0.0
2024-07-31 00:00:00+09:00,1275.5,1275.5,1275.5,1275.5,200,0.0,0.0
2024-08-01 00:00:00+09:00,1274.5,1274.5,1274.5,1274.5,200,0.0,0.0
2024-08-02 00:00:00+09:00,1274.5,1274.5,1274.5,1274.5,0,0.0,0.0
2024-08-05 00:00:00+09:00,1255.5,1255.5,1246.5,1246.5,1400,0.0,0.0
2024-08-06 00:00:00+09:00,1228.0,1274.0,1228.0,1274.0,600,0.0,0.0
2024-08-07 00:00:00+09:00,1274.0,1274.0,1274.0,1274.0,0,0.0,0.0
2024-08-08 00:00:00+09:00,1274.0,1274.0,1274.0,1274.0,0,0.0,0.0
2024-08-09 00:00:00+09:00,1265.0,1275.0,1265.0,1275.0,2600,0.0,0.0
2024-08-13 00:00:00+09:00,1227.5,1227.5,1227.5,1227.5,600,0.0,0.0
2024-08-14 00:00:00+09:00,1245.0,1245.0,1245.0,1245.0,200,0.0,0.0
2024-08-15 00:00:00+09:00,1260.5,1260.5,1257.5,1257.5,1200,0.0,0.0
2024-08-16 00:00:00+09:00,1270.0,1270.0,1269.5,1269.5,800,0.0,0.0
2024-08-19 00:00:00+09:00,1275.0,1275.0,1275.0,1275.0,600,0.0,0.0
2024-08-20 00:00:00+09:00,1275.0,1275.0,1275.0,1275.0,200,0.0,0.0
2024-08-21 00:00:00+09:00,1270.5,1270.5,1270.5,1270.5,200,0.0,0.0
2024-08-22 00:00:00+09:00,1275.0,1275.0,1275.0,1275.0,600,0.0,0.0
2024-08-23 00:00:00+09:00,1276.0,1300.5,1275.5,1300.5,1400,0.0,0.0
2024-08-26 00:00:00+09:00,1300.5,1300.5,1275.5,1275.5,600,0.0,0.0
2024-08-27 00:00:00+09:00,1290.0,1365.0,1281.0,1314.5,14200,0.0,0.0
2024-08-28 00:00:00+09:00,1314.0,1314.0,1288.0,1299.0,4000,0.0,0.0
2024-08-29 00:00:00+09:00,1302.0,1302.0,1302.0,1302.0,600,0.0,0.0
2024-08-30 00:00:00+09:00,1300.0,1300.0,1300.0,1300.0,400,0.0,0.0
2024-09-02 00:00:00+09:00,1300.0,1300.0,1300.0,1300.0,400,0.0,0.0
2024-09-03 00:00:00+09:00,1300.0,1300.0,1300.0,1300.0,0,0.0,0.0
2024-09-04 00:00:00+09:00,1276.0,1278.0,1270.0,1270.0,2000,0.0,0.0
2024-09-05 00:00:00+09:00,1280.5,1280.5,1273.0,1273.0,600,0.0,0.0
2024-09-06 00:00:00+09:00,1277.0,1277.0,1276.5,1276.5,400,0.0,0.0
2024-09-09 00:00:00+09:00,1265.0,1265.0,1265.0,1265.0,200,0.0,0.0
2024-09-10 00:00:00+09:00,1265.0,1265.0,1265.0,1265.0,0,0.0,0.0
2024-09-11 00:00:00+09:00,1263.0,1263.0,1261.5,1261.5,800,0.0,0.0
2024-09-12 00:00:00+09:00,1265.0,1265.0,1265.0,1265.0,400,0.0,0.0
2024-09-13 00:00:00+09:00,1265.0,1265.0,1265.0,1265.0,0,0.0,0.0
2024-09-17 00:00:00+09:00,1269.5,1276.0,1269.5,1276.0,400,0.0,0.0
2024-09-18 00:00:00+09:00,1276.0,1276.0,1251.0,1276.0,600,0.0,0.0
2024-09-19 00:00:00+09:00,1271.0,1271.0,1270.0,1270.0,400,0.0,0.0
2024-09-20 00:00:00+09:00,1280.0,1280.0,1280.0,1280.0,200,0.0,0.0
2024-09-24 00:00:00+09:00,1280.0,1280.0,1280.0,1280.0,0,0.0,0.0
2024-09-25 00:00:00+09:00,1280.0,1280.0,1280.0,1280.0,800,0.0,0.0
2024-09-26 00:00:00+09:00,1280.0,1297.5,1280.0,1297.5,400,0.0,0.0
2024-09-27 00:00:00+09:00,1208.0,1255.0,1208.0,1255.0,1400,0.0,0.0
2024-09-30 00:00:00+09:00,1255.0,1290.0,1255.0,1290.0,500,0.0,0.0
2024-10-01 00:00:00+09:00,1290.0,1300.0,1286.0,1290.0,1600,0.0,0.0
2024-10-02 00:00:00+09:00,1230.0,1243.0,1229.0,1243.0,14000,0.0,0.0
2024-10-03 00:00:00+09:00,1250.0,1250.0,1243.0,1243.0,2000,0.0,0.0
2024-10-04 00:00:00+09:00,1243.0,1243.0,1243.0,1243.0,0,0.0,0.0
