Date,Open,High,Low,Close,Volume,Dividends,Stock Splits
2001-01-04 00:00:00+09:00,2396.045632755055,2468.653076171875,2359.7419110466453,2468.653076171875,10000,0.0,0.0
2001-01-05 00:00:00+09:00,2396.045632755055,2468.653076171875,2396.045632755055,2468.653076171875,10000,0.0,0.0
2001-01-08 00:00:00+09:00,2468.653076171875,2468.653076171875,2468.653076171875,2468.653076171875,0,0.0,0.0
2001-01-09 00:00:00+09:00,2468.6539001464844,2468.6539001464844,2323.43896484375,2323.43896484375,2000,0.0,0.0
2001-01-10 00:00:00+09:00,2323.43896484375,2323.43896484375,2323.43896484375,2323.43896484375,1000,0.0,0.0
2001-01-11 00:00:00+09:00,2323.4375,2323.4375,2178.22265625,2178.22265625,2000,0.0,0.0
2001-01-12 00:00:00+09:00,2105.615740094866,2105.615740094866,2033.00830078125,2033.00830078125,3000,0.0,0.0
2001-01-15 00:00:00+09:00,2040.2690197960806,2141.91943359375,2040.2690197960806,2141.91943359375,3000,0.0,0.0
2001-01-16 00:00:00+09:00,2141.91943359375,2141.91943359375,2141.91943359375,2141.91943359375,0,0.0,0.0
2001-01-17 00:00:00+09:00,2145.5498088537224,2170.9624123426834,2127.39794921875,2127.39794921875,5000,0.0,0.0
2001-01-18 00:00:00+09:00,2178.2231561966723,2178.2231561966723,2127.39794921875,2127.39794921875,11000,0.0,0.0
2001-01-19 00:00:00+09:00,2178.22265625,2287.1337890625,2178.22265625,2287.1337890625,8000,0.0,0.0
2001-01-22 00:00:00+09:00,2287.1337890625,2287.1337890625,2287.1337890625,2287.1337890625,0,0.0,0.0
2001-01-23 00:00:00+09:00,2214.5266145725186,2214.5266145725186,2185.483642578125,2185.483642578125,7000,0.0,0.0
2001-01-24 00:00:00+09:00,2192.7448981298157,2192.7448981298157,2120.137451171875,2120.137451171875,9000,0.0,0.0
2001-01-25 00:00:00+09:00,2105.615626261243,2112.8763698000753,1967.6614990234375,1967.6614990234375,14000,0.0,0.0
2001-01-26 00:00:00+09:00,2141.91935144869,2141.91935144869,1895.0540702647731,1931.3577880859375,17000,0.0,0.0
2001-01-29 00:00:00+09:00,1942.2491559510904,1960.4010172216613,1909.5758056640627,1909.5758056640625,14000,0.0,0.0
2001-01-30 00:00:00+09:00,1902.314575663015,1924.096803628622,1895.0538330078125,1895.0538330078125,7000,0.0,0.0
2001-01-31 00:00:00+09:00,1902.3146656327865,2185.483642578125,1902.3146656327865,2185.483642578125,20000,0.0,0.0
2001-02-01 00:00:00+09:00,2178.223351587223,2504.9568543253067,2178.223351587223,2294.395263671875,30000,0.0,0.0
2001-02-02 00:00:00+09:00,2250.830078125,2250.830078125,2178.22265625,2178.22265625,5000,0.0,0.0
2001-02-05 00:00:00+09:00,2287.1337890625,2287.1337890625,2287.1337890625,2287.1337890625,1000,0.0,0.0
2001-02-06 00:00:00+09:00,2170.9619140625,2178.22265625,2170.9619140625,2178.22265625,3000,0.0,0.0
2001-02-07 00:00:00+09:00,2178.22265625,2178.22265625,2091.09375,2091.09375,3000,0.0,0.0
2001-02-08 00:00:00+09:00,2120.1372279575894,2120.1372279575894,2033.00830078125,2033.00830078125,14000,0.0,0.0
2001-02-09 00:00:00+09:00,1974.9220022150384,1974.9220022150384,1887.79309035261,1895.0538330078125,17000,0.0,0.0
2001-02-12 00:00:00+09:00,1895.0538330078125,1895.0538330078125,1895.0538330078125,1895.0538330078125,0,0.0,0.0
2001-02-13 00:00:00+09:00,1953.14013671875,1953.14013671875,1953.14013671875,1953.14013671875,2000,0.0,0.0
2001-02-14 00:00:00+09:00,1905.9456643093836,1938.6190185546873,1905.9456643093836,1938.6190185546875,4000,0.0,0.0
2001-02-15 00:00:00+09:00,1938.6184128622972,1938.6184128622972,1902.314697265625,1902.314697265625,7000,0.0,0.0
2001-02-16 00:00:00+09:00,1902.314697265625,1902.314697265625,1902.314697265625,1902.314697265625,2000,0.0,0.0
2001-02-19 00:00:00+09:00,1887.793212890625,1887.793212890625,1887.793212890625,1887.793212890625,1000,0.0,0.0
2001-02-20 00:00:00+09:00,1887.793212890625,1887.793212890625,1887.793212890625,1887.793212890625,1000,0.0,0.0
2001-02-21 00:00:00+09:00,1887.7935898513942,1887.7935898513942,1826.0772609524065,1855.1202392578125,7000,0.0,0.0
2001-02-22 00:00:00+09:00,1855.1201279296874,1855.1201279296874,1815.1860351562498,1815.18603515625,3000,0.0,0.0
2001-02-23 00:00:00+09:00,2047.5303955078125,2047.5303955078125,2047.5303955078125,2047.5303955078125,1000,0.0,0.0
2001-02-26 00:00:00+09:00,1887.7937039997587,1887.7937039997587,1876.9025864766832,1880.532958984375,3000,0.0,0.0
2001-02-27 00:00:00+09:00,1887.7935984778026,1895.0543430873327,1829.7076416015625,1829.7076416015625,5000,0.0,0.0
2001-02-28 00:00:00+09:00,1887.7934745393425,1887.7934745393425,1822.44677734375,1822.44677734375,5000,0.0,0.0
2001-03-01 00:00:00+09:00,1793.403802734375,1815.1860351562498,1793.403802734375,1815.18603515625,3000,0.0,0.0
2001-03-02 00:00:00+09:00,1873.271484375,1873.271484375,1822.4462890625,1844.228515625,4000,0.0,0.0
2001-03-05 00:00:00+09:00,1793.4034431286595,1840.5982705794138,1782.5123291015623,1782.5123291015625,6000,0.0,0.0
2001-03-06 00:00:00+09:00,1778.882314453125,1815.1860351562498,1778.882314453125,1815.18603515625,11000,0.0,0.0
2001-03-07 00:00:00+09:00,1738.94775390625,1800.6640625,1735.3173828125,1742.578125,47000,0.0,0.0
2001-03-08 00:00:00+09:00,1742.5787379053347,1742.5787379053347,1735.3179931640625,1735.3179931640625,6000,0.0,0.0
2001-03-09 00:00:00+09:00,1735.3177552568152,1735.3177552568152,1706.2747802734375,1706.2747802734375,6000,0.0,0.0
2001-03-12 00:00:00+09:00,1669.9710825327281,1669.9710825327281,1553.7991811391469,1611.8851318359375,5000,0.0,0.0
2001-03-13 00:00:00+09:00,1510.234617972488,1517.495361328125,1510.234617972488,1517.495361328125,2000,0.0,0.0
2001-03-14 00:00:00+09:00,1517.495361328125,1517.495361328125,1517.495361328125,1517.495361328125,0,0.0,0.0
2001-03-15 00:00:00+09:00,1452.1483154296875,1452.1483154296875,1452.1483154296875,1452.1483154296875,6000,0.0,0.0
2001-03-16 00:00:00+09:00,1379.541259765625,1401.323490182977,1372.2805162931743,1379.541259765625,20000,0.0,0.0
2001-03-19 00:00:00+09:00,1343.2374432335603,1343.2374432335603,1168.9796127600173,1183.5010986328125,53000,0.0,0.0
2001-03-20 00:00:00+09:00,1183.5010986328125,1183.5010986328125,1183.5010986328125,1183.5010986328125,0,0.0,0.0
2001-03-21 00:00:00+09:00,1227.0658174672521,1234.3265619493068,1125.4153947184857,1158.8148193359375,70000,0.0,0.0
2001-03-22 00:00:00+09:00,1202.3794269156472,1233.6006318415969,1126.1416009336767,1127.59375,39000,0.0,0.0
2001-03-23 00:00:00+09:00,1139.9368718927558,1241.587293590199,1139.9368718927558,1198.0228271484375,77000,0.0,0.0
2001-03-26 00:00:00+09:00,1256.8347061410134,1357.7590412961843,1241.5871447146926,1314.194580078125,95000,0.0,0.0
2001-03-27 00:00:00+09:00,1354.239324776786,1361.5201813616072,1274.14990234375,1274.14990234375,54000,5.0,0.0
2001-03-28 00:00:00+09:00,1274.1498879825367,1274.1498879825367,1224.6400637637867,1237.74560546875,50000,0.0,0.0
2001-03-29 00:00:00+09:00,1194.0605735085228,1201.3414306640625,1172.2180020419034,1201.3414306640625,26000,0.0,0.0
2001-03-30 00:00:00+09:00,1201.3417715396522,1201.3417715396522,1157.6566162109375,1157.6566162109375,81000,0.0,0.0
2001-04-02 00:00:00+09:00,1201.3414519423739,1201.3414519423739,1172.218022804377,1190.420166015625,25000,0.0,0.0
2001-04-03 00:00:00+09:00,1175.8582292721594,1186.0514275444878,1172.2178013177565,1179.4986572265625,47000,0.0,0.0
2001-04-04 00:00:00+09:00,1164.9373502396165,1164.9373502396165,1139.454345703125,1139.454345703125,40000,0.0,0.0
2001-04-05 00:00:00+09:00,1128.532482328869,1157.6559012276787,1128.532482328869,1146.734619140625,38000,0.0,0.0
2001-04-06 00:00:00+09:00,1186.7795685558783,1223.1838497999238,1186.7795685558783,1194.0604248046875,27000,0.0,0.0
2001-04-09 00:00:00+09:00,1230.464648588204,1245.026360405816,1172.2178013177565,1179.4986572265625,21000,0.0,0.0
2001-04-10 00:00:00+09:00,1191.1485686296187,1191.1485686296187,1157.6566162109375,1157.6566162109375,12000,0.0,0.0
2001-04-11 00:00:00+09:00,1186.779775885087,1193.3325476537777,1150.37548828125,1150.37548828125,14000,0.0,0.0
2001-04-12 00:00:00+09:00,1164.9374754323899,1201.3417715396522,1157.6566162109375,1157.6566162109375,34000,0.0,0.0
2001-04-13 00:00:00+09:00,1164.9371921904315,1194.0606219951924,1162.0248492099554,1164.2091064453125,23000,0.0,0.0
2001-04-16 00:00:00+09:00,1200.6130669934992,1200.6130669934992,1192.6041259765625,1192.6041259765625,9000,0.0,0.0
2001-04-17 00:00:00+09:00,1201.3414192199707,1201.3414192199707,1164.9371337890625,1164.9371337890625,13000,0.0,0.0
2001-04-18 00:00:00+09:00,1186.7796730122013,1186.7796730122013,1167.1213594101587,1172.946044921875,6000,0.0,0.0
2001-04-19 00:00:00+09:00,1209.3498490833101,1237.7451796758744,1208.6217636835008,1223.1834716796875,21000,0.0,0.0
2001-04-20 00:00:00+09:00,1245.0263948662337,1252.3072509765625,1237.7455387559048,1252.3072509765625,15000,0.0,0.0
2001-04-23 00:00:00+09:00,1252.3070780738772,1252.3070780738772,1223.9117431640625,1223.9117431640625,8000,0.0,0.0
2001-04-24 00:00:00+09:00,1208.6219482421875,1209.3500337531766,1208.6219482421875,1208.6219482421875,22000,0.0,0.0
2001-04-25 00:00:00+09:00,1201.341504791352,1206.4381051147093,1201.341504791352,1204.98193359375,7000,0.0,0.0
2001-04-26 00:00:00+09:00,1201.341504791352,1206.4381051147093,1201.341504791352,1204.98193359375,7000,0.0,0.0
2001-04-27 00:00:00+09:00,1179.4986572265625,1186.7795131353685,1179.4986572265625,1179.4986572265625,13000,0.0,0.0
2001-04-30 00:00:00+09:00,1179.4986572265625,1179.4986572265625,1179.4986572265625,1179.4986572265625,0,0.0,0.0
2001-05-01 00:00:00+09:00,1167.1214696966065,1186.77978515625,1167.1214696966065,1186.77978515625,22000,0.0,0.0
2001-05-02 00:00:00+09:00,1201.3415346766365,1237.7458236062316,1201.3415346766365,1230.4649658203125,27000,0.0,0.0
2001-05-03 00:00:00+09:00,1230.4649658203125,1230.4649658203125,1230.4649658203125,1230.4649658203125,0,0.0,0.0
2001-05-04 00:00:00+09:00,1230.4649658203125,1230.4649658203125,1230.4649658203125,1230.4649658203125,0,0.0,0.0
2001-05-07 00:00:00+09:00,1260.3162497598616,1332.396728515625,1252.307307675888,1332.396728515625,300,0.0,0.0
2001-05-08 00:00:00+09:00,1331.668281631896,1331.668281631896,1295.9920947538408,1303.27294921875,300,0.0,0.0
2001-05-09 00:00:00+09:00,1305.4574779595268,1310.5540771484375,1303.2732211642794,1310.5540771484375,100,0.0,0.0
2001-05-10 00:00:00+09:00,1310.5539471170175,1339.6773681640625,1310.5539471170175,1339.6773681640625,100,0.0,0.0
2001-05-11 00:00:00+09:00,1346.9581298828125,1354.2389846389358,1339.6772751266892,1346.9581298828125,200,0.0,0.0
2001-05-14 00:00:00+09:00,1346.9581298828125,1346.9581298828125,1346.9581298828125,1346.9581298828125,60,0.0,0.0
2001-05-15 00:00:00+09:00,1347.6862153584248,1347.6862153584248,1346.9581298828125,1346.9581298828125,7000,0.0,0.0
2001-05-16 00:00:00+09:00,1317.8354719776216,1317.8354719776216,1288.7120361328125,1288.7120361328125,19000,0.0,0.0
2001-05-17 00:00:00+09:00,1288.7120361328125,1288.7120361328125,1288.7120361328125,1288.7120361328125,0,0.0,0.0
2001-05-18 00:00:00+09:00,1274.1500899239368,1274.1500899239368,1241.38623046875,1241.38623046875,10000,0.0,0.0
2001-05-21 00:00:00+09:00,1306.9136718040288,1306.9136718040288,1252.3072509765625,1252.3072509765625,6000,0.0,0.0
2001-05-22 00:00:00+09:00,1266.8689412434894,1310.5540771484375,1266.8689412434894,1310.5540771484375,14000,0.0,0.0
2001-05-23 00:00:00+09:00,1299.6328125,1310.5540966386554,1299.6328125,1299.6328125,10000,0.0,0.0
2001-05-24 00:00:00+09:00,1274.1497238247382,1274.1497238247382,1259.5880126953125,1259.5880126953125,8000,0.0,0.0
2001-05-25 00:00:00+09:00,1266.8688682600252,1266.8688682600252,1259.5880126953125,1259.5880126953125,2000,0.0,0.0
2001-05-28 00:00:00+09:00,1258.8599271388412,1259.5880126953125,1258.8599271388412,1259.5880126953125,5000,0.0,0.0
2001-05-29 00:00:00+09:00,1259.5883969639885,1259.5883969639885,1230.4649658203125,1230.4649658203125,5000,0.0,0.0
2001-05-30 00:00:00+09:00,1223.1836584619728,1223.1836584619728,1201.3410931322946,1208.6219482421875,5000,0.0,0.0
2001-05-31 00:00:00+09:00,1204.981520687241,1212.2623757971337,1201.3410931322946,1208.6219482421875,6000,0.0,0.0
2001-06-01 00:00:00+09:00,1186.7796102361451,1201.3413232451776,1186.7796102361451,1188.9638671875,7000,0.0,0.0
2001-06-04 00:00:00+09:00,1215.9031982421875,1215.9031982421875,1215.9031982421875,1215.9031982421875,1000,0.0,0.0
2001-06-05 00:00:00+09:00,1215.903085931585,1215.903085931585,1202.0694580078125,1202.0694580078125,3000,0.0,0.0
2001-06-06 00:00:00+09:00,1202.0694580078125,1203.5256293682096,1202.0694580078125,1202.0694580078125,7000,0.0,0.0
2001-06-07 00:00:00+09:00,1204.981416516802,1212.9903564453125,1204.981416516802,1212.9903564453125,4000,0.0,0.0
2001-06-08 00:00:00+09:00,1273.421875,1273.421875,1273.421875,1273.421875,1000,0.0,0.0
2001-06-11 00:00:00+09:00,1252.3073184742645,1252.3073184742645,1237.74560546875,1237.74560546875,4000,0.0,0.0
2001-06-12 00:00:00+09:00,1223.1836584619728,1223.1836584619728,1208.6219482421875,1208.6219482421875,2000,0.0,0.0
2001-06-13 00:00:00+09:00,1202.0694580078125,1202.0694580078125,1202.0694580078125,1202.0694580078125,1000,0.0,0.0
2001-06-14 00:00:00+09:00,1203.525576461183,1204.253662109375,1203.525576461183,1204.253662109375,4000,0.0,0.0
2001-06-15 00:00:00+09:00,1202.7973961347413,1202.7973961347413,1179.4986572265625,1179.4986572265625,8000,0.0,0.0
2001-06-18 00:00:00+09:00,1160.5681272960844,1223.1834716796875,1160.5681272960844,1223.1834716796875,5000,0.0,0.0
2001-06-19 00:00:00+09:00,1223.1840021306818,1223.1840021306818,1201.3414306640625,1201.3414306640625,8000,0.0,0.0
2001-06-20 00:00:00+09:00,1201.3417715396522,1201.3417715396522,1157.6566162109375,1157.6566162109375,5000,0.0,0.0
2001-06-21 00:00:00+09:00,1157.6566162109375,1157.6566162109375,1157.6566162109375,1157.6566162109375,0,0.0,0.0
2001-06-22 00:00:00+09:00,1172.2177734375,1172.2177734375,1172.2177734375,1172.2177734375,1000,0.0,0.0
2001-06-25 00:00:00+09:00,1221.7276611328125,1221.7276611328125,1221.7276611328125,1221.7276611328125,1000,0.0,0.0
2001-06-26 00:00:00+09:00,1194.060562133789,1194.060562133789,1164.9371337890625,1164.9371337890625,9000,0.0,0.0
2001-06-27 00:00:00+09:00,1164.9370521496814,1164.9370521496814,1143.094482421875,1143.094482421875,7000,0.0,0.0
2001-06-28 00:00:00+09:00,1144.5505953860998,1144.5505953860998,1143.822509765625,1143.822509765625,2000,0.0,0.0
2001-06-29 00:00:00+09:00,1143.0944241451505,1144.5505953860998,1143.0944241451505,1143.822509765625,3000,0.0,0.0
2001-07-02 00:00:00+09:00,1135.8135679404043,1143.822509765625,1135.8135679404043,1143.822509765625,3000,0.0,0.0
2001-07-03 00:00:00+09:00,1128.5325927734375,1128.5325927734375,1128.5325927734375,1128.5325927734375,4000,0.0,0.0
2001-07-04 00:00:00+09:00,1128.5327826605903,1128.5327826605903,1113.9710693359375,1113.9710693359375,5000,0.0,0.0
2001-07-05 00:00:00+09:00,1115.4269082031249,1115.4269082031249,1092.128173828125,1092.128173828125,8000,0.0,0.0
2001-07-06 00:00:00+09:00,1077.56660225022,1077.56660225022,1033.8814697265625,1033.8814697265625,13000,0.0,0.0
2001-07-09 00:00:00+09:00,1019.3201752822764,1019.3201752822764,997.4776000976562,997.4776000976562,7000,0.0,0.0
2001-07-10 00:00:00+09:00,961.8013939627765,997.4776000976562,961.8013939627765,997.4776000976562,5000,0.0,0.0
2001-07-11 00:00:00+09:00,968.3536987304688,968.3536987304688,968.3536987304688,968.3536987304688,4000,0.0,0.0
2001-07-12 00:00:00+09:00,968.3536987304688,968.3536987304688,968.3536987304688,968.3536987304688,0,0.0,0.0
2001-07-13 00:00:00+09:00,975.6345565188299,975.6345565188299,969.081787109375,969.081787109375,2000,0.0,0.0
2001-07-16 00:00:00+09:00,947.9675238506611,947.9675238506611,946.5113525390625,946.5113525390625,8000,0.0,0.0
2001-07-17 00:00:00+09:00,947.2394409179688,947.2394409179688,946.5113552600764,947.2394409179688,4000,0.0,0.0
2001-07-18 00:00:00+09:00,946.5113525390625,946.5113525390625,946.5113525390625,946.5113525390625,3000,0.0,0.0
2001-07-19 00:00:00+09:00,946.5113525390625,946.5113525390625,946.5113525390625,946.5113525390625,0,0.0,0.0
2001-07-20 00:00:00+09:00,946.5113525390625,946.5113525390625,946.5113525390625,946.5113525390625,0,0.0,0.0
2001-07-23 00:00:00+09:00,946.511558206165,946.511558206165,935.5902709960938,935.5902709960938,4000,0.0,0.0
2001-07-24 00:00:00+09:00,910.1071104711416,910.1071104711416,873.7028260522959,891.9049682617188,11000,0.0,0.0
2001-07-25 00:00:00+09:00,895.5456542968749,895.5456542968749,895.5456542968749,895.545654296875,1000,0.0,0.0
2001-07-26 00:00:00+09:00,910.1073722529217,910.1073722529217,895.5456542968749,895.545654296875,5000,0.0,0.0
2001-07-27 00:00:00+09:00,895.5456542968749,895.5456542968749,895.5456542968749,895.545654296875,0,0.0,0.0
2001-07-30 00:00:00+09:00,891.9047792079085,891.9047792079085,851.8600748353085,859.1409301757812,12000,0.0,0.0
2001-07-31 00:00:00+09:00,859.1409301757812,859.1409301757812,859.1409301757812,859.1409301757812,2000,0.0,0.0
2001-08-01 00:00:00+09:00,860.5969769287109,873.7025146484375,860.5969769287109,873.7025146484375,5600,0.0,0.0
2001-08-02 00:00:00+09:00,873.7030773628048,910.1073722529217,873.7030773628048,895.545654296875,11100,0.0,0.0
2001-08-03 00:00:00+09:00,939.2304386030808,939.2304386030808,895.5453019238677,899.1857299804688,16900,0.0,0.0
2001-08-06 00:00:00+09:00,899.1860837858866,899.1860837858866,895.5456542968749,895.545654296875,3800,0.0,0.0
2001-08-07 00:00:00+09:00,910.1073722529217,910.1073722529217,895.5456542968749,895.545654296875,3500,0.0,0.0
2001-08-08 00:00:00+09:00,895.5454930434992,895.5454930434992,884.6242065429686,884.6242065429688,1000,0.0,0.0
2001-08-09 00:00:00+09:00,884.6242065429686,884.6242065429686,884.6242065429686,884.6242065429688,500,0.0,0.0
2001-08-10 00:00:00+09:00,884.6242065429686,886.0803780763728,884.6242065429686,884.6242065429688,3700,0.0,0.0
2001-08-13 00:00:00+09:00,873.7025146484375,873.7025146484375,873.7025146484375,873.7025146484375,1000,0.0,0.0
2001-08-14 00:00:00+09:00,873.7026695443803,880.9835251239168,866.4218139648439,866.4218139648438,3800,0.0,0.0
2001-08-15 00:00:00+09:00,859.1409301757812,859.1409301757812,859.1409301757812,859.1409301757812,200,0.0,0.0
2001-08-16 00:00:00+09:00,866.421785516254,866.421785516254,859.1409301757812,859.1409301757812,3900,0.0,0.0
2001-08-17 00:00:00+09:00,866.4216603597005,873.7025146484375,851.8599517822265,873.7025146484375,8500,0.0,0.0
2001-08-20 00:00:00+09:00,873.7027527856045,888.2644653320312,873.7027527856045,888.2644653320312,1100,0.0,0.0
2001-08-21 00:00:00+09:00,888.2649299054106,888.2649299054106,880.9840698242186,880.9840698242188,1300,0.0,0.0
2001-08-22 00:00:00+09:00,880.9834483987671,888.2643033442114,862.7813110351562,862.7813110351562,3800,0.0,0.0
2001-08-23 00:00:00+09:00,921.0283185614915,921.0283185614915,888.2644653320312,888.2644653320312,1500,0.0,0.0
2001-08-24 00:00:00+09:00,888.2642232259115,888.2642232259115,873.7025146484375,873.7025146484375,1500,0.0,0.0
2001-08-27 00:00:00+09:00,873.7026408567267,910.1069175590903,859.1409301757812,859.1409301757812,11100,0.0,0.0
2001-08-28 00:00:00+09:00,859.1408060709634,873.7025146484375,859.1408060709634,873.7025146484375,4100,0.0,0.0
2001-08-29 00:00:00+09:00,873.7027428668479,873.7027428668479,837.2984619140625,837.2984619140625,3400,0.0,0.0
2001-08-30 00:00:00+09:00,837.2984619140625,837.2984619140625,837.2984619140625,837.2984619140625,1100,0.0,0.0
2001-08-31 00:00:00+09:00,830.0174355790989,830.0174355790989,794.3412475585938,794.3412475585938,7200,0.0,0.0
2001-09-03 00:00:00+09:00,808.175179297771,808.175179297771,793.6134643554688,793.6134643554688,4500,0.0,0.0
2001-09-04 00:00:00+09:00,764.490259755956,764.490259755956,728.0859616723391,735.3668212890625,3800,0.0,0.0
2001-09-05 00:00:00+09:00,728.085825394611,735.3666836485571,713.5241088867188,713.5241088867188,700,0.0,0.0
2001-09-06 00:00:00+09:00,714.2519587131628,720.8047289765863,714.2519587131628,715.7081298828125,3000,0.0,0.0
2001-09-07 00:00:00+09:00,713.5238364308151,713.5238364308151,706.2429809570312,706.2429809570312,2800,0.0,0.0
2001-09-10 00:00:00+09:00,706.2430756886799,706.2430756886799,698.9622192382812,698.9622192382812,6400,0.0,0.0
2001-09-11 00:00:00+09:00,706.2432506327726,713.5241088867188,706.2432506327726,713.5241088867188,1700,0.0,0.0
2001-09-12 00:00:00+09:00,677.1197509765625,680.7601797452537,677.1197509765625,677.1197509765625,23300,0.0,0.0
2001-09-13 00:00:00+09:00,677.1197509765625,677.1197509765625,677.1197509765625,677.1197509765625,200,0.0,0.0
2001-09-14 00:00:00+09:00,677.1197165631233,684.4005737304688,677.1197165631233,684.4005737304688,4900,0.0,0.0
2001-09-17 00:00:00+09:00,677.1197509765625,677.1197509765625,677.1197509765625,677.1197509765625,2400,0.0,0.0
2001-09-18 00:00:00+09:00,677.1197509765625,677.1197509765625,677.1197509765625,677.1197509765625,2200,0.0,0.0
2001-09-19 00:00:00+09:00,677.1195826037177,684.4004383306394,633.4344482421875,633.4344482421875,6500,0.0,0.0
2001-09-20 00:00:00+09:00,633.4344815986101,633.4344815986101,624.6974542662155,626.1536254882812,2500,0.0,0.0
2001-09-21 00:00:00+09:00,624.6974542662155,626.1536254882812,618.8727693779524,626.1536254882812,2400,0.0,0.0
2001-09-24 00:00:00+09:00,626.1536254882812,626.1536254882812,626.1536254882812,626.1536254882812,0,0.0,0.0
2001-09-25 00:00:00+09:00,629.0795884076286,629.0795884076286,621.7647094726562,621.7647094726562,6700,4.0,0.0
2001-09-26 00:00:00+09:00,621.7647094726562,621.7647094726562,621.7647094726562,621.7647094726562,3200,0.0,0.0
2001-09-27 00:00:00+09:00,592.5051879882812,592.5051879882812,592.5051879882812,592.5051879882812,5100,0.0,0.0
2001-09-28 00:00:00+09:00,592.5051879882812,592.5051879882812,592.5051879882812,592.5051879882812,0,0.0,0.0
2001-10-01 00:00:00+09:00,637.126019216954,637.126019216954,636.39453125,636.39453125,1600,0.0,0.0
2001-10-02 00:00:00+09:00,629.0796515804598,636.39453125,629.0796515804598,636.39453125,2500,0.0,0.0
2001-10-03 00:00:00+09:00,637.8574829101562,637.8574829101562,637.8574829101562,637.8574829101562,1000,0.0,0.0
2001-10-04 00:00:00+09:00,630.5425641946232,630.5425641946232,621.7647094726562,621.7647094726562,3000,0.0,0.0
2001-10-05 00:00:00+09:00,636.39453125,636.39453125,636.39453125,636.39453125,1700,0.0,0.0
2001-10-08 00:00:00+09:00,636.39453125,636.39453125,636.39453125,636.39453125,0,0.0,0.0
2001-10-09 00:00:00+09:00,658.3392958207563,658.3392958207563,643.7095336914062,643.7095336914062,3900,0.0,0.0
2001-10-10 00:00:00+09:00,651.0242919921875,658.339171677493,651.0242919921875,651.0242919921875,7600,0.0,0.0
2001-10-11 00:00:00+09:00,655.4131229120267,656.8760986328125,654.6816350516339,656.8760986328125,2400,0.0,0.0
2001-10-12 00:00:00+09:00,672.968994140625,680.2838745117188,672.968994140625,680.2838745117188,600,0.0,0.0
2001-10-15 00:00:00+09:00,709.5431518554688,709.5431518554688,709.5431518554688,709.5431518554688,700,0.0,0.0
2001-10-16 00:00:00+09:00,705.8859252929688,705.8859252929688,705.8859252929688,705.8859252929688,100,0.0,0.0
2001-10-17 00:00:00+09:00,749.7750179731667,749.7750179731667,727.8303833007812,727.8303833007812,4000,0.0,0.0
2001-10-18 00:00:00+09:00,727.8303833007812,727.8303833007812,727.8303833007812,727.8303833007812,1500,0.0,0.0
2001-10-19 00:00:00+09:00,724.1728515625,724.1728515625,724.1728515625,724.1728515625,1500,0.0,0.0
2001-10-22 00:00:00+09:00,727.8302932739258,790.0067504882812,720.5154159545898,731.4877319335938,4200,0.0,0.0
2001-10-23 00:00:00+09:00,731.4877319335938,731.4877319335938,731.4877319335938,731.4877319335938,0,0.0,0.0
2001-10-24 00:00:00+09:00,742.4602396647135,768.0623168945312,742.4602396647135,768.0623168945312,2400,0.0,0.0
2001-10-25 00:00:00+09:00,752.7010705566406,768.0623168945312,752.7010705566406,768.0623168945312,5100,0.0,0.0
2001-10-26 00:00:00+09:00,782.6920753115699,782.6920753115699,768.0623168945312,768.0623168945312,600,0.0,0.0
2001-10-29 00:00:00+09:00,775.37744140625,775.37744140625,775.37744140625,775.37744140625,300,0.0,0.0
2001-10-30 00:00:00+09:00,746.1176781287561,764.4048761221079,746.1176781287561,760.7474365234375,3300,0.0,0.0
2001-10-31 00:00:00+09:00,760.0160705566407,760.0160705566407,738.8029174804688,738.8029174804688,2200,0.0,0.0
2001-11-01 00:00:00+09:00,738.8029174804688,738.8029174804688,738.8029174804688,738.8029174804688,0,0.0,0.0
2001-11-02 00:00:00+09:00,738.8026092529296,738.8026092529296,731.4877319335938,731.4877319335938,3000,0.0,0.0
2001-11-05 00:00:00+09:00,731.4877319335938,731.4877319335938,731.4877319335938,731.4877319335938,1600,0.0,0.0
2001-11-06 00:00:00+09:00,731.48772885101,731.48772885101,724.1728515625,724.1728515625,13500,0.0,0.0
2001-11-07 00:00:00+09:00,724.1728515625,724.1728515625,724.1728515625,724.1728515625,1000,0.0,0.0
2001-11-08 00:00:00+09:00,731.4877319335938,731.4877319335938,731.4877319335938,731.4877319335938,400,0.0,0.0
2001-11-09 00:00:00+09:00,731.4877319335938,731.4877319335938,731.4877319335938,731.4877319335938,0,0.0,0.0
2001-11-12 00:00:00+09:00,731.48772885101,731.48772885101,724.1728515625,724.1728515625,2000,0.0,0.0
2001-11-13 00:00:00+09:00,724.1728515625,724.1728515625,724.1728515625,724.1728515625,0,0.0,0.0
2001-11-14 00:00:00+09:00,716.8582153320312,716.8582153320312,716.8582153320312,716.8582153320312,700,0.0,0.0
2001-11-15 00:00:00+09:00,716.8582153320312,716.8582153320312,716.8582153320312,716.8582153320312,0,0.0,0.0
2001-11-16 00:00:00+09:00,731.4877319335938,731.4877319335938,731.4877319335938,731.4877319335938,500,0.0,0.0
2001-11-19 00:00:00+09:00,731.4877319335938,731.4877319335938,731.4877319335938,731.4877319335938,1600,0.0,0.0
2001-11-20 00:00:00+09:00,731.4878979806739,738.0712890625,731.4878979806739,738.0712890625,2400,0.0,0.0
2001-11-21 00:00:00+09:00,709.5431638231464,746.1175537109375,709.5431638231464,746.1175537109375,2100,0.0,0.0
2001-11-22 00:00:00+09:00,731.4879748286032,731.4879748286032,716.8582153320312,716.8582153320312,2000,0.0,0.0
2001-11-23 00:00:00+09:00,716.8582153320312,716.8582153320312,716.8582153320312,716.8582153320312,0,0.0,0.0
2001-11-26 00:00:00+09:00,746.1175411263692,746.1175411263692,709.5431518554688,709.5431518554688,1500,0.0,0.0
2001-11-27 00:00:00+09:00,724.172907563829,724.172907563829,709.5431518554688,709.5431518554688,1400,0.0,0.0
2001-11-28 00:00:00+09:00,709.5431518554688,709.5431518554688,709.5431518554688,709.5431518554688,0,0.0,0.0
2001-11-29 00:00:00+09:00,709.5431518554688,709.5431518554688,709.5431518554688,709.5431518554688,2400,0.0,0.0
2001-11-30 00:00:00+09:00,709.5431518554688,709.5431518554688,709.5431518554688,709.5431518554688,0,0.0,0.0
2001-12-03 00:00:00+09:00,709.5431518554688,709.5431518554688,709.5431518554688,709.5431518554688,0,0.0,0.0
2001-12-04 00:00:00+09:00,713.2005907825588,716.8580297096489,709.5431518554688,709.5431518554688,7000,0.0,0.0
2001-12-05 00:00:00+09:00,709.5431518554688,709.5431518554688,709.5431518554688,709.5431518554688,0,0.0,0.0
2001-12-06 00:00:00+09:00,709.5431518554688,709.5431518554688,709.5431518554688,709.5431518554688,3000,0.0,0.0
2001-12-07 00:00:00+09:00,709.5431518554688,709.5431518554688,709.5431518554688,709.5431518554688,1000,0.0,0.0
2001-12-10 00:00:00+09:00,709.5431518554688,709.5431518554688,709.5431518554688,709.5431518554688,3200,0.0,0.0
2001-12-11 00:00:00+09:00,694.9134521484375,694.9134521484375,694.9134521484375,694.9134521484375,1200,0.0,0.0
2001-12-12 00:00:00+09:00,694.9134521484375,694.9134521484375,694.9134521484375,694.9134521484375,400,0.0,0.0
2001-12-13 00:00:00+09:00,702.2282740012887,709.5431518554688,702.2282740012887,709.5431518554688,800,0.0,0.0
2001-12-14 00:00:00+09:00,694.913409661294,695.6448974609375,694.913409661294,695.6448974609375,900,0.0,0.0
2001-12-17 00:00:00+09:00,694.9134521484375,694.9134521484375,694.9134521484375,694.9134521484375,900,0.0,0.0
2001-12-18 00:00:00+09:00,694.9134521484375,694.9134521484375,694.9134521484375,694.9134521484375,3300,0.0,0.0
2001-12-19 00:00:00+09:00,658.3390599300986,694.9134521484375,658.3390599300986,694.9134521484375,400,0.0,0.0
2001-12-20 00:00:00+09:00,694.9134521484375,694.9134521484375,694.9134521484375,694.9134521484375,0,0.0,0.0
2001-12-21 00:00:00+09:00,694.9134521484375,694.9134521484375,694.9134521484375,694.9134521484375,0,0.0,0.0
2001-12-24 00:00:00+09:00,694.9134521484375,694.9134521484375,694.9134521484375,694.9134521484375,0,0.0,0.0
2001-12-25 00:00:00+09:00,694.9134521484375,694.9134521484375,694.9134521484375,694.9134521484375,0,0.0,0.0
2001-12-26 00:00:00+09:00,694.9134521484375,694.9134521484375,694.9134521484375,694.9134521484375,0,0.0,0.0
2001-12-27 00:00:00+09:00,643.709347747093,643.709347747093,629.07958984375,629.07958984375,1300,0.0,0.0
2001-12-28 00:00:00+09:00,629.07958984375,629.07958984375,628.3481019485829,629.07958984375,1700,0.0,0.0
2001-12-31 00:00:00+09:00,629.07958984375,629.07958984375,629.07958984375,629.07958984375,0,0.0,0.0
2002-01-01 00:00:00+09:00,629.07958984375,629.07958984375,629.07958984375,629.07958984375,0,0.0,0.0
2002-01-02 00:00:00+09:00,629.07958984375,629.07958984375,629.07958984375,629.07958984375,0,0.0,0.0
2002-01-03 00:00:00+09:00,629.07958984375,629.07958984375,629.07958984375,629.07958984375,0,0.0,0.0
2002-01-04 00:00:00+09:00,629.07958984375,629.07958984375,629.07958984375,629.07958984375,1200,0.0,0.0
2002-01-07 00:00:00+09:00,629.07958984375,629.07958984375,629.07958984375,629.07958984375,0,0.0,0.0
2002-01-08 00:00:00+09:00,607.1349529887354,629.07958984375,607.1349529887354,629.07958984375,2500,0.0,0.0
2002-01-09 00:00:00+09:00,629.07958984375,629.07958984375,629.07958984375,629.07958984375,100,0.0,0.0
2002-01-10 00:00:00+09:00,629.07958984375,629.07958984375,629.07958984375,629.07958984375,1700,0.0,0.0
2002-01-11 00:00:00+09:00,629.07958984375,629.07958984375,629.07958984375,629.07958984375,0,0.0,0.0
2002-01-14 00:00:00+09:00,629.07958984375,629.07958984375,629.07958984375,629.07958984375,0,0.0,0.0
2002-01-15 00:00:00+09:00,629.07958984375,629.07958984375,629.07958984375,629.07958984375,0,0.0,0.0
2002-01-16 00:00:00+09:00,607.1349529887354,629.07958984375,607.1349529887354,629.07958984375,8100,0.0,0.0
2002-01-17 00:00:00+09:00,621.7647094726562,621.7647094726562,621.7647094726562,621.7647094726562,3000,0.0,0.0
2002-01-18 00:00:00+09:00,619.5704527800938,620.3019409179688,607.1351544362194,620.3019409179688,3300,0.0,0.0
2002-01-21 00:00:00+09:00,621.0331562088197,621.0331562088197,607.1348876953125,607.1348876953125,2000,0.0,0.0
2002-01-22 00:00:00+09:00,606.403331097508,606.403331097508,554.4677020167805,558.8566284179688,3000,0.0,0.0
2002-01-23 00:00:00+09:00,522.2823357380612,526.6712629291374,504.7266269737566,519.3563842773438,7400,0.0,0.0
2002-01-24 00:00:00+09:00,520.819482421875,521.5509704589844,504.7267456054688,504.72674560546875,11000,0.0,0.0
2002-01-25 00:00:00+09:00,504.7266822757578,504.7266822757578,486.4394836425782,486.4394836425781,2200,0.0,0.0
2002-01-28 00:00:00+09:00,479.8560921346335,486.4394836425782,479.8560921346335,486.4394836425781,2200,0.0,0.0
2002-01-29 00:00:00+09:00,479.85612201112684,486.43951392896247,479.85612201112684,482.7820739746094,5000,0.0,0.0
2002-01-30 00:00:00+09:00,483.5134361562803,483.5134361562803,471.80963134765625,471.80963134765625,2600,0.0,0.0
2002-01-31 00:00:00+09:00,471.80963134765625,471.80963134765625,471.80963134765625,471.80963134765625,0,0.0,0.0
2002-02-01 00:00:00+09:00,468.15233767496113,475.4672179511324,468.15233767496113,470.3468017578125,2700,0.0,0.0
2002-02-04 00:00:00+09:00,486.4395763874054,493.7544572353363,468.1523742675781,468.1523742675781,22400,0.0,0.0
2002-02-05 00:00:00+09:00,504.7266269737566,525.939775063958,503.99513910857723,519.3563842773438,3900,0.0,0.0
2002-02-06 00:00:00+09:00,547.8845086960565,548.6159966916455,526.6713568239796,537.6436767578125,22400,0.0,0.0
2002-02-07 00:00:00+09:00,537.6437072753906,537.6437072753906,518.6250183105469,526.67138671875,10100,0.0,0.0
2002-02-08 00:00:00+09:00,536.9120132621678,536.9120132621678,509.115478515625,509.115478515625,12600,0.0,0.0
2002-02-11 00:00:00+09:00,509.115478515625,509.115478515625,509.115478515625,509.115478515625,0,0.0,0.0
2002-02-12 00:00:00+09:00,512.0415281339457,512.0415281339457,475.4671332672352,479.12457275390625,19500,0.0,0.0
2002-02-13 00:00:00+09:00,487.9025511328854,514.2361221085733,482.78213455427937,490.0970153808594,6500,0.0,0.0
2002-02-14 00:00:00+09:00,491.55999154617535,491.55999154617535,483.5136226369374,490.0970153808594,10800,0.0,0.0
2002-02-15 00:00:00+09:00,490.0970153808594,493.02296771149133,484.24511071959535,490.0970153808594,8400,0.0,0.0
2002-02-18 00:00:00+09:00,494.4859316714175,508.38420489886863,486.43956296078795,487.1710510253906,5500,0.0,0.0
2002-02-19 00:00:00+09:00,490.8283856303362,490.8283856303362,480.5875549316407,480.5875549316406,15600,0.0,0.0
2002-02-20 00:00:00+09:00,475.4671395822929,480.5875549316407,475.4671395822929,480.5875549316406,600,0.0,0.0
2002-02-21 00:00:00+09:00,482.0506344381637,497.4118837905179,482.0506344381637,490.8284912109375,4100,0.0,0.0
2002-02-22 00:00:00+09:00,493.75425548088265,497.4116944103706,475.46706083344253,479.8559875488281,8100,0.0,0.0
2002-02-25 00:00:00+09:00,501.8006953718372,501.8006953718372,490.09688906578856,499.6062316894531,16500,0.0,0.0
2002-02-26 00:00:00+09:00,491.5598992598685,493.75436309585,482.7820439159422,486.4394836425781,25300,0.0,0.0
2002-02-27 00:00:00+09:00,487.17095488827783,496.6802978515625,486.43946696802516,496.6802978515625,14300,0.0,0.0
2002-02-28 00:00:00+09:00,497.41186523437506,512.0416259765625,496.68037719726567,504.72674560546875,14200,0.0,0.0
2002-03-01 00:00:00+09:00,512.0415576668672,512.7730456063913,488.63394360209617,503.2637023925781,16900,0.0,0.0
2002-03-04 00:00:00+09:00,517.8933993252841,555.1992797851562,515.698935768821,555.1992797851562,48600,0.0,0.0
2002-03-05 00:00:00+09:00,573.4865214029948,576.4124730428059,548.6159324645996,561.78271484375,33400,0.0,0.0
2002-03-06 00:00:00+09:00,548.6160152214618,548.6160152214618,528.8658386734892,531.060302734375,43000,0.0,0.0
2002-03-07 00:00:00+09:00,533.9863442168255,585.1905142102197,533.2548560740627,549.3475952148438,91500,0.0,0.0
2002-03-08 00:00:00+09:00,578.6069784769197,599.8201293945312,577.8754905142436,599.8201293945312,81400,0.0,0.0
2002-03-11 00:00:00+09:00,672.2372240801764,672.9687118104051,643.7092026012571,654.6815185546875,80200,0.0,0.0
2002-03-12 00:00:00+09:00,681.7467082192771,694.9134901376751,658.3390959199028,672.2373657226562,21500,0.0,0.0
2002-03-13 00:00:00+09:00,651.0242266987646,667.848448287609,623.2276866824128,629.07958984375,21700,0.0,0.0
2002-03-14 00:00:00+09:00,600.5517611953447,620.3019409179688,600.5517611953447,620.3019409179688,19200,0.0,0.0
2002-03-15 00:00:00+09:00,620.3017351017442,632.7370293195858,610.7923924645712,629.07958984375,9200,0.0,0.0
2002-03-18 00:00:00+09:00,679.5525446552064,686.8674267289977,661.9968276781075,681.7470092773438,24800,0.0,0.0
2002-03-19 00:00:00+09:00,694.9134920850212,724.1730075412327,694.9134920850212,711.0062255859375,27300,0.0,0.0
2002-03-20 00:00:00+09:00,730.0250294739718,730.0250294739718,705.8859252929688,705.8859252929688,18500,0.0,0.0
2002-03-21 00:00:00+09:00,705.8859252929688,705.8859252929688,705.8859252929688,705.8859252929688,0,0.0,0.0
2002-03-22 00:00:00+09:00,720.5156552061742,720.5156552061742,708.0803596340879,716.8582153320312,25000,0.0,0.0
2002-03-25 00:00:00+09:00,715.395239382374,716.8582153320312,694.9135760871732,716.8582153320312,13100,0.0,0.0
2002-03-26 00:00:00+09:00,711.7169366926594,712.4514226954382,683.0719825842862,684.5409545898438,2800,4.0,0.0
2002-03-27 00:00:00+09:00,691.8856811523438,697.761568041111,669.8511053194666,691.8856811523438,10400,0.0,0.0
2002-03-28 00:00:00+09:00,691.8856699312151,691.8856699312151,686.0097831377441,691.1511840820312,7300,0.0,0.0
2002-03-29 00:00:00+09:00,683.8063304933728,712.4512788169405,683.8063304933728,687.478759765625,3700,0.0,0.0
2002-04-01 00:00:00+09:00,686.7442676175026,689.6822110083796,679.39940914031,683.0718383789062,6400,0.0,0.0
2002-04-02 00:00:00+09:00,666.913224950905,682.3374294927212,661.0373375064037,672.0546264648438,5100,0.0,0.0
2002-04-03 00:00:00+09:00,664.709637286212,694.0890687684755,664.709637286212,679.3993530273438,4100,0.0,0.0
2002-04-04 00:00:00+09:00,694.0890325832861,708.7787475585938,683.0717463518054,708.7787475585938,9000,0.0,0.0
2002-04-05 00:00:00+09:00,708.7789200220352,716.123779296875,708.7789200220352,716.123779296875,9300,0.0,0.0
2002-04-08 00:00:00+09:00,716.1238488485648,789.5724487304689,710.2479608580124,789.5724487304688,31300,0.0,0.0
2002-04-09 00:00:00+09:00,877.7104448954265,910.7623026529948,863.0207303365072,881.3828735351562,64300,0.0,0.0
2002-04-10 00:00:00+09:00,837.3136438830146,866.693069984173,833.6412156203697,852.0033569335938,22600,0.0,0.0
2002-04-11 00:00:00+09:00,874.0383244598261,877.7107543945312,837.3140251127745,877.7107543945312,13600,0.0,0.0
2002-04-12 00:00:00+09:00,874.0382799051577,874.0382799051577,844.6588419251524,866.6934204101562,14700,0.0,0.0
2002-04-15 00:00:00+09:00,873.303838472885,877.7107543945312,871.8348664990029,877.7107543945312,25900,0.0,0.0
2002-04-16 00:00:00+09:00,866.6935105096727,866.6935105096727,848.3313598632814,848.3313598632812,7700,0.0,0.0
2002-04-17 00:00:00+09:00,865.9585032989268,870.3654168017202,844.658421368758,858.6136474609375,7800,0.0,0.0
2002-04-18 00:00:00+09:00,852.0034571136604,870.3656005859375,844.6585997247495,870.3656005859375,9000,0.0,0.0
2002-04-19 00:00:00+09:00,876.9759521484375,876.9759521484375,859.3482948188206,876.9759521484375,4200,0.0,0.0
2002-04-22 00:00:00+09:00,877.7105986831972,877.7105986831972,863.020881550424,875.5071411132812,7100,0.0,0.0
2002-04-23 00:00:00+09:00,877.7105337289664,877.7105337289664,859.3483886718751,859.348388671875,5600,0.0,0.0
2002-04-24 00:00:00+09:00,852.7380164513222,859.3483886718751,849.0655874399039,859.348388671875,10800,0.0,0.0
2002-04-25 00:00:00+09:00,866.6932659646739,874.0381241508152,844.65869140625,844.65869140625,10300,0.0,0.0
2002-04-26 00:00:00+09:00,848.3308492877527,858.6136474609375,843.9239357849591,858.6136474609375,10100,0.0,0.0
2002-04-29 00:00:00+09:00,858.6136474609375,858.6136474609375,858.6136474609375,858.6136474609375,0,0.0,0.0
2002-04-30 00:00:00+09:00,845.393047892964,855.6758477804544,815.2791339367419,840.2516479492188,10600,0.0,0.0
2002-05-01 00:00:00+09:00,837.3138623918805,848.3311500549316,815.2792870657785,822.6241455078125,2800,0.0,0.0
2002-05-02 00:00:00+09:00,818.9514089626737,826.2962646484375,818.9514089626737,826.2962646484375,4700,0.0,0.0
2002-05-03 00:00:00+09:00,826.2962646484375,826.2962646484375,826.2962646484375,826.2962646484375,0,0.0,0.0
2002-05-06 00:00:00+09:00,826.2962646484375,826.2962646484375,826.2962646484375,826.2962646484375,0,0.0,0.0
2002-05-07 00:00:00+09:00,818.9516937821,818.9516937821,793.2446899414062,793.2446899414062,5100,0.0,0.0
2002-05-08 00:00:00+09:00,758.7240367800691,793.244878724564,758.7240367800691,789.5724487304688,5300,0.0,0.0
2002-05-09 00:00:00+09:00,794.7136579924938,800.5895445580576,749.175537109375,749.175537109375,5800,0.0,0.0
2002-05-10 00:00:00+09:00,756.5203753869215,756.5203753869215,735.2202871478722,735.9547729492188,6500,0.0,0.0
2002-05-13 00:00:00+09:00,727.1408912777283,727.1408912777283,706.5752903122975,708.7787475585938,10100,0.0,0.0
2002-05-14 00:00:00+09:00,713.1855765644628,741.096031672032,713.1855765644628,730.813232421875,4500,0.0,0.0
2002-05-15 00:00:00+09:00,733.7515031833093,756.5205688476562,730.8135592266193,756.5205688476562,7000,0.0,0.0
2002-05-16 00:00:00+09:00,800.5897387127544,800.5897387127544,769.7413267623547,789.5724487304688,4600,0.0,0.0
2002-05-17 00:00:00+09:00,793.2447909268466,807.9345092773438,791.7758190917968,807.9345092773438,4500,0.0,0.0
2002-05-20 00:00:00+09:00,822.62437682393,954.8318659563473,822.62437682393,943.8145751953125,60400,0.0,0.0
2002-05-21 00:00:00+09:00,973.1937917073568,1013.5905151367189,954.8316446940105,969.5213623046875,87800,0.0,0.0
2002-05-22 00:00:00+09:00,969.5211569393382,969.5211569393382,923.2485562672334,936.4692993164062,13700,0.0,0.0
2002-05-23 00:00:00+09:00,954.8313679066739,954.8313679066739,921.7795128637506,947.4865112304688,14600,0.0,0.0
2002-05-24 00:00:00+09:00,947.486628583553,947.486628583553,910.762340653958,931.3279418945312,6600,0.0,0.0
2002-05-27 00:00:00+09:00,925.4521681262602,925.4521681262602,889.4623615880167,910.762451171875,6800,0.0,0.0
2002-05-28 00:00:00+09:00,885.0555974786932,903.4177468039773,877.7107377485795,888.72802734375,13000,0.0,0.0
2002-05-29 00:00:00+09:00,881.3829627403846,881.3829627403846,852.0035306490386,859.348388671875,4700,0.0,0.0
2002-05-30 00:00:00+09:00,849.800010437591,855.675896421602,837.3137527215677,851.2689819335938,8300,0.0,0.0
2002-05-31 00:00:00+09:00,851.2689586893717,901.9484739176432,851.2689586893717,881.3828735351562,9500,0.0,0.0
2002-06-03 00:00:00+09:00,896.0726928710936,910.762409147669,889.4623205466348,896.0726928710938,7600,0.0,0.0
2002-06-04 00:00:00+09:00,888.7276304649015,894.603515625,856.4102620843596,894.603515625,6200,0.0,0.0
2002-06-05 00:00:00+09:00,874.0381184562307,896.0726928710936,874.0381184562307,896.0726928710938,14200,0.0,0.0
2002-06-06 00:00:00+09:00,888.7276775456277,888.7276775456277,874.0379638671875,874.0379638671875,3900,0.0,0.0
2002-06-07 00:00:00+09:00,844.6587208339146,844.6587208339146,818.9517162867954,822.6241455078125,3100,0.0,0.0
2002-06-10 00:00:00+09:00,822.6239308324353,852.0033569335938,822.6239308324353,852.0033569335938,4500,0.0,0.0
2002-06-11 00:00:00+09:00,822.6239543003319,829.9688110351562,822.6239543003319,829.9688110351562,1100,0.0,0.0
2002-06-12 00:00:00+09:00,837.3135481770834,837.3135481770834,822.6238368055556,826.2962646484375,1700,0.0,0.0
2002-06-13 00:00:00+09:00,865.2240917185411,865.2240917185411,824.0928955078125,824.0928955078125,4200,0.0,0.0
2002-06-14 00:00:00+09:00,822.6241768846503,822.6241768846503,807.9344594402816,808.6689453125,7200,0.0,0.0
2002-06-17 00:00:00+09:00,809.4034003121512,829.9690039498465,807.9344286237445,822.6241455078125,11700,0.0,0.0
2002-06-18 00:00:00+09:00,844.6586504374466,859.3483660972282,844.6586504374466,857.87939453125,4000,0.0,0.0
2002-06-19 00:00:00+09:00,881.3831208881579,881.3831208881579,822.6242461622808,837.31396484375,15700,0.0,0.0
2002-06-20 00:00:00+09:00,802.0584914748733,829.9689518009221,793.2446618982264,815.2792358398438,11200,0.0,0.0
2002-06-21 00:00:00+09:00,807.9345274808114,844.6588241844847,793.2448087993422,837.31396484375,6000,0.0,0.0
2002-06-24 00:00:00+09:00,806.4654865789852,815.2793170334003,800.589599609375,800.589599609375,12900,0.0,0.0
2002-06-25 00:00:00+09:00,802.7931078546698,815.2793684525923,802.7931078546698,807.9345092773438,2900,0.0,0.0
2002-06-26 00:00:00+09:00,793.9791426013765,799.1205431547619,771.2100830078125,771.2100830078125,6400,0.0,0.0
2002-06-27 00:00:00+09:00,778.554909026465,778.554909026465,774.8824802103024,777.0859375,3500,0.0,0.0
2002-06-28 00:00:00+09:00,790.306746645327,793.2446899414062,785.8998317012081,793.2446899414062,4800,0.0,0.0
2002-07-01 00:00:00+09:00,793.2446899414062,800.5895481816045,785.8998317012081,793.2446899414062,2500,0.0,0.0
2002-07-02 00:00:00+09:00,789.5722137594447,789.5722137594447,771.2100692534111,782.2273559570312,3600,0.0,0.0
2002-07-03 00:00:00+09:00,777.8204907869039,781.492919921875,763.130774247019,781.492919921875,4500,0.0,0.0
2002-07-04 00:00:00+09:00,790.3069347292878,790.3069347292878,760.9274947765263,789.5724487304688,8000,0.0,0.0
2002-07-05 00:00:00+09:00,793.2446899414062,822.6241229021991,793.2446899414062,793.2446899414062,4300,0.0,0.0
2002-07-08 00:00:00+09:00,822.6240198272875,835.8447630030831,794.7135620117188,794.7135620117188,6300,0.0,0.0
2002-07-09 00:00:00+09:00,821.8895509469563,821.8895509469563,810.872264741233,811.6067504882812,1300,0.0,0.0
2002-07-10 00:00:00+09:00,806.4653842019109,806.4653842019109,779.2894104173292,793.9791259765625,2600,0.0,0.0
2002-07-11 00:00:00+09:00,749.9102047942406,789.5724487304689,749.9102047942406,789.5724487304688,1200,0.0,0.0
2002-07-12 00:00:00+09:00,771.9445550336525,782.2273559570312,771.2100692534111,782.2273559570312,1700,0.0,0.0
2002-07-15 00:00:00+09:00,770.475668158898,770.475668158898,763.8652954101562,763.8652954101562,4000,0.0,0.0
2002-07-16 00:00:00+09:00,742.5650606689453,742.5650606689453,723.468432006836,734.4857177734375,4700,0.0,0.0
2002-07-17 00:00:00+09:00,719.796083452242,727.8754272460938,708.778796460626,727.8754272460938,4900,0.0,0.0
2002-07-18 00:00:00+09:00,734.4856969321646,755.7857821431974,734.4856969321646,752.8478393554688,2200,0.0,0.0
2002-07-19 00:00:00+09:00,734.4856607255025,734.4856607255025,730.813232421875,730.813232421875,1200,0.0,0.0
2002-07-22 00:00:00+09:00,716.1237740030093,719.7962036132812,716.1237740030093,719.7962036132812,1000,0.0,0.0
2002-07-23 00:00:00+09:00,716.1236322323883,726.4064331054688,697.7614878161733,726.4064331054688,2300,0.0,0.0
2002-07-24 00:00:00+09:00,712.4512129070378,712.4512129070378,699.23046875,699.23046875,900,0.0,0.0
2002-07-25 00:00:00+09:00,705.1063842773438,723.4685297012329,705.1063842773438,705.1063842773438,2200,0.0,0.0
2002-07-26 00:00:00+09:00,701.4339266390414,701.4339266390414,679.3993530273438,679.3993530273438,5800,0.0,0.0
2002-07-29 00:00:00+09:00,666.9132411024306,674.2581005859375,661.037353515625,661.037353515625,5500,0.0,0.0
2002-07-30 00:00:00+09:00,669.1166072722405,686.7442676175026,668.3821214245212,683.0718383789062,5200,0.0,0.0
2002-07-31 00:00:00+09:00,690.4167914496528,690.4167914496528,661.037353515625,661.037353515625,5800,0.0,0.0
2002-08-01 00:00:00+09:00,661.0372121710527,661.0372121710527,627.9853515625,627.9853515625,7100,0.0,0.0
2002-08-02 00:00:00+09:00,620.6406302273776,620.6406302273776,608.8888549804688,608.8888549804688,9300,0.0,0.0
2002-08-05 00:00:00+09:00,580.2435810728842,594.9332919861218,580.2435810728842,591.2608642578125,12100,0.0,0.0
2002-08-06 00:00:00+09:00,586.8541790506114,586.8541790506114,565.5540899486493,574.367919921875,6900,0.0,0.0
2002-08-07 00:00:00+09:00,603.7473434264401,611.0922016189759,603.7473434264401,609.6232299804688,1700,0.0,0.0
2002-08-08 00:00:00+09:00,635.330355158823,635.330355158823,613.2957763671875,613.2957763671875,2300,0.0,0.0
2002-08-09 00:00:00+09:00,613.2957820265506,636.7993329545142,613.2957820265506,625.7820434570312,3800,0.0,0.0
2002-08-12 00:00:00+09:00,633.1267924838596,634.5957641601562,627.9853916168213,634.5957641601562,1400,0.0,0.0
2002-08-13 00:00:00+09:00,633.1266949103859,633.1266949103859,624.3128662109375,624.3128662109375,900,0.0,0.0
2002-08-14 00:00:00+09:00,624.3128662109375,624.3128662109375,624.3128662109375,624.3128662109375,200,0.0,0.0
2002-08-15 00:00:00+09:00,639.0026245117188,639.0026245117188,639.0026245117188,639.0026245117188,500,0.0,0.0
2002-08-16 00:00:00+09:00,656.6302784598214,656.6302784598214,642.675048828125,642.675048828125,600,0.0,0.0
2002-08-19 00:00:00+09:00,642.675048828125,642.675048828125,642.675048828125,642.675048828125,200,0.0,0.0
2002-08-20 00:00:00+09:00,639.0026245117188,639.0026245117188,639.0026245117188,639.0026245117188,700,0.0,0.0
2002-08-21 00:00:00+09:00,639.0026245117188,639.0026245117188,639.0026245117188,639.0026245117188,1000,0.0,0.0
2002-08-22 00:00:00+09:00,639.0026245117188,639.0026245117188,639.0026245117188,639.0026245117188,400,0.0,0.0
2002-08-23 00:00:00+09:00,639.0026245117188,639.0026245117188,639.0026245117188,639.0026245117188,0,0.0,0.0
2002-08-26 00:00:00+09:00,653.6924438476562,653.6924438476562,653.6924438476562,653.6924438476562,2100,0.0,0.0
2002-08-27 00:00:00+09:00,639.0025851458487,639.0025851458487,620.6404418945312,620.6404418945312,6100,0.0,0.0
2002-08-28 00:00:00+09:00,619.906057918773,619.906057918773,599.3404541015625,599.3404541015625,4700,0.0,0.0
2002-08-29 00:00:00+09:00,606.685306200569,606.685306200569,594.9335327148438,594.9335327148438,1900,0.0,0.0
2002-08-30 00:00:00+09:00,580.2438465660803,625.0474853515625,573.6334736305174,625.0474853515625,3400,0.0,0.0
2002-09-02 00:00:00+09:00,624.3129463655403,624.3129463655403,609.6232299804688,609.6232299804688,400,0.0,0.0
2002-09-03 00:00:00+09:00,609.6232299804688,609.6232299804688,609.6232299804688,609.6232299804688,100,0.0,0.0
2002-09-04 00:00:00+09:00,587.5886537507631,601.5438842773438,587.5886537507631,601.5438842773438,4700,0.0,0.0
2002-09-05 00:00:00+09:00,573.6334385784126,598.60595703125,573.6334385784126,598.60595703125,700,0.0,0.0
2002-09-06 00:00:00+09:00,591.2611801819231,591.2611801819231,580.2438911102104,583.9163208007812,4000,0.0,0.0
2002-09-09 00:00:00+09:00,578.7749192339819,583.9163208007812,573.6335176671826,583.9163208007812,6600,0.0,0.0
2002-09-10 00:00:00+09:00,580.2437263734879,580.2437263734879,569.2264404296875,569.2264404296875,4000,0.0,0.0
2002-09-11 00:00:00+09:00,566.2886138916016,572.8989868164062,566.2886138916016,572.8989868164062,5700,0.0,0.0
2002-09-12 00:00:00+09:00,583.9162548065185,587.5886840820312,583.9162548065185,587.5886840820312,1300,0.0,0.0
2002-09-13 00:00:00+09:00,588.3232364294664,591.2611801819231,583.9163208007812,583.9163208007812,2800,0.0,0.0
2002-09-16 00:00:00+09:00,583.9163208007812,583.9163208007812,583.9163208007812,583.9163208007812,0,0.0,0.0
2002-09-17 00:00:00+09:00,569.2265377044678,588.3231699371338,569.2265377044678,587.5886840820312,4000,0.0,0.0
2002-09-18 00:00:00+09:00,588.3231395679517,609.6232282664167,587.5886537507631,601.5438842773438,3200,0.0,0.0
2002-09-19 00:00:00+09:00,620.6404936494883,627.9853515625,620.6404936494883,627.9853515625,1500,0.0,0.0
2002-09-20 00:00:00+09:00,622.1095418246456,625.0474853515625,620.6405700611872,625.0474853515625,1200,0.0,0.0
2002-09-23 00:00:00+09:00,625.0474853515625,625.0474853515625,625.0474853515625,625.0474853515625,0,0.0,0.0
2002-09-24 00:00:00+09:00,607.4196590516626,609.6231160977992,582.4471458621142,602.2782592773438,3800,0.0,0.0
2002-09-25 00:00:00+09:00,605.2344101981882,605.2344101981882,602.2784423828125,602.2784423828125,400,5.0,0.0
2002-09-26 00:00:00+09:00,600.8002319335938,600.8002319335938,600.8002319335938,600.8002319335938,100,0.0,0.0
2002-09-27 00:00:00+09:00,598.5833639796776,598.5833639796776,580.847560602502,583.8035278320312,1200,0.0,0.0
2002-09-30 00:00:00+09:00,583.8035278320312,583.8035278320312,583.8035278320312,583.8035278320312,1600,0.0,0.0
2002-10-01 00:00:00+09:00,569.7626654225327,583.0645175335646,569.7626654225327,574.9356079101562,1700,0.0,0.0
2002-10-02 00:00:00+09:00,572.7188531975997,572.7188531975997,554.2440514815481,561.6339721679688,9700,0.0,0.0
2002-10-03 00:00:00+09:00,557.2000123799354,557.2000123799354,518.0334332603909,521.7283935546875,5700,0.0,0.0
2002-10-04 00:00:00+09:00,512.8603514736569,512.8603514736569,503.99244914270037,507.6874084472656,6400,0.0,0.0
2002-10-07 00:00:00+09:00,505.470458984375,505.470458984375,495.1245723969755,505.470458984375,1200,0.0,0.0
2002-10-08 00:00:00+09:00,495.12452880120674,501.03646347345995,480.34469212057365,488.4736022949219,15500,0.0,0.0
2002-10-09 00:00:00+09:00,501.0364511826459,509.9043529734892,501.0364511826459,502.5144348144531,5400,0.0,0.0
2002-10-10 00:00:00+09:00,502.5144988248607,530.59619140625,502.5144988248607,530.59619140625,6400,0.0,0.0
2002-10-11 00:00:00+09:00,560.1558983251755,560.1558983251755,546.1150512695312,546.1150512695312,3400,0.0,0.0
2002-10-14 00:00:00+09:00,546.1150512695312,546.1150512695312,546.1150512695312,546.1150512695312,0,0.0,0.0
2002-10-15 00:00:00+09:00,561.6337420757477,569.7626515005282,561.6337420757477,568.28466796875,5000,0.0,0.0
2002-10-16 00:00:00+09:00,582.3254513702796,582.3254513702796,530.596033101346,560.1557006835938,5200,0.0,0.0
2002-10-17 00:00:00+09:00,552.7659342447917,565.3287963867188,552.02694235409,565.3287963867188,2300,0.0,0.0
2002-10-18 00:00:00+09:00,576.4137170179835,589.7155720260909,576.4137170179835,587.4985961914062,5600,0.0,0.0
2002-10-21 00:00:00+09:00,611.8852009098705,611.8852009098705,591.1934308307927,605.9732666015625,6600,0.0,0.0
2002-10-22 00:00:00+09:00,605.9734436035156,605.9734436035156,591.193603515625,591.193603515625,6400,0.0,0.0
2002-10-23 00:00:00+09:00,590.4544540984722,590.4544540984722,574.1966343360612,583.8035278320312,1700,0.0,0.0
2002-10-24 00:00:00+09:00,575.6745460411171,575.6745460411171,569.0236206054688,569.0236206054688,1000,0.0,0.0
2002-10-25 00:00:00+09:00,552.7660560658705,554.9830322265625,552.7660560658705,554.9830322265625,2000,0.0,0.0
2002-10-28 00:00:00+09:00,554.9829306578025,576.4136962890625,554.9829306578025,576.4136962890625,2200,0.0,0.0
2002-10-29 00:00:00+09:00,569.7626123205408,569.7626123205408,569.0236206054688,569.0236206054688,4100,0.0,0.0
2002-10-30 00:00:00+09:00,569.0236206054688,569.0236206054688,569.0236206054688,569.0236206054688,0,0.0,0.0
2002-10-31 00:00:00+09:00,569.0236206054688,569.0236206054688,569.0236206054688,569.0236206054688,0,0.0,0.0
2002-11-01 00:00:00+09:00,569.0236206054688,569.0236206054688,569.0236206054688,569.0236206054688,0,0.0,0.0
2002-11-04 00:00:00+09:00,569.0236206054688,569.0236206054688,569.0236206054688,569.0236206054688,0,0.0,0.0
2002-11-05 00:00:00+09:00,541.6810913085938,541.6810913085938,541.6810913085938,541.6810913085938,2000,0.0,0.0
2002-11-06 00:00:00+09:00,558.6777101521703,566.067626953125,558.6777101521703,566.067626953125,1600,0.0,0.0
2002-11-07 00:00:00+09:00,580.1085915291848,605.2343139648438,576.4136323474702,605.2343139648438,6100,0.0,0.0
2002-11-08 00:00:00+09:00,605.2344101981882,605.2344101981882,591.1935630751533,602.2784423828125,11400,0.0,0.0
2002-11-11 00:00:00+09:00,598.5833639796776,598.5833639796776,583.8035278320312,583.8035278320312,11000,0.0,0.0
2002-11-12 00:00:00+09:00,567.5457720588236,569.0237558402267,565.3287963867188,565.3287963867188,3700,0.0,0.0
2002-11-13 00:00:00+09:00,565.3287963867188,565.3287963867188,565.3287963867188,565.3287963867188,0,0.0,0.0
2002-11-14 00:00:00+09:00,560.1556653212983,560.1556653212983,543.1588575345042,544.6368408203125,25900,0.0,0.0
2002-11-15 00:00:00+09:00,543.1589747124862,543.1589747124862,542.4199829101562,542.4199829101562,6000,0.0,0.0
2002-11-18 00:00:00+09:00,539.4641154915054,543.1590751866527,539.4641154915054,541.6810913085938,10300,0.0,0.0
2002-11-19 00:00:00+09:00,554.2438117825255,554.2438117825255,543.158935546875,543.158935546875,6000,0.0,0.0
2002-11-20 00:00:00+09:00,542.4199420225273,542.4199420225273,517.2942226372876,532.8130493164062,8100,0.0,0.0
2002-11-21 00:00:00+09:00,541.6810944824219,569.0237963867188,541.6810944824219,554.2439575195312,14600,0.0,0.0
2002-11-22 00:00:00+09:00,605.9734436035156,605.9734436035156,591.193603515625,591.193603515625,5700,0.0,0.0
2002-11-25 00:00:00+09:00,598.5833869128494,598.5833869128494,587.4985093774262,594.888427734375,7300,0.0,0.0
2002-11-26 00:00:00+09:00,602.278483581543,602.278483581543,580.1087234497071,591.193603515625,9600,0.0,0.0
2002-11-27 00:00:00+09:00,591.1935346554487,591.1935346554487,576.4136962890625,576.4136962890625,3000,0.0,0.0
2002-11-28 00:00:00+09:00,576.4137239982745,602.2784423828125,576.4137239982745,602.2784423828125,18000,0.0,0.0
2002-11-29 00:00:00+09:00,605.2343192784926,628.14306640625,603.01734375,628.14306640625,17900,0.0,0.0
2002-12-02 00:00:00+09:00,628.14306640625,628.14306640625,628.14306640625,628.14306640625,0,0.0,0.0
2002-12-03 00:00:00+09:00,687.2621649937914,694.6520807464128,669.5263671875,669.5263671875,15300,0.0,0.0
2002-12-04 00:00:00+09:00,668.0487120262727,669.526695902437,642.1839941933971,649.5739135742188,12100,0.0,0.0
2002-12-05 00:00:00+09:00,648.0958555725799,648.0958555725799,635.532994062051,642.9229125976562,5500,0.0,0.0
2002-12-06 00:00:00+09:00,635.5329848345589,635.5329848345589,628.14306640625,628.14306640625,2900,0.0,0.0
2002-12-09 00:00:00+09:00,628.1429690406436,628.1429690406436,620.7530517578125,620.7530517578125,3100,0.0,0.0
2002-12-10 00:00:00+09:00,620.7530517578125,620.7530517578125,620.7530517578125,620.7530517578125,3400,0.0,0.0
2002-12-11 00:00:00+09:00,598.5832999093192,620.7530517578125,598.5832999093192,620.7530517578125,3400,0.0,0.0
2002-12-12 00:00:00+09:00,621.4920434860956,621.4920434860956,620.7530517578125,620.7530517578125,3700,0.0,0.0
2002-12-13 00:00:00+09:00,613.3631927039236,613.3631927039236,591.9324305492081,600.0613403320312,12600,0.0,0.0
2002-12-16 00:00:00+09:00,611.8852165125594,620.7531182011472,569.0236916843849,583.8035278320312,25100,0.0,0.0
2002-12-17 00:00:00+09:00,598.5834659942209,611.8853207940924,593.4105224609375,593.4105224609375,13600,0.0,0.0
2002-12-18 00:00:00+09:00,591.193603515625,591.193603515625,591.193603515625,591.193603515625,2400,0.0,0.0
2002-12-19 00:00:00+09:00,576.4136962890625,583.8036154722556,561.6338579226763,576.4136962890625,18300,0.0,0.0
2002-12-20 00:00:00+09:00,577.8917474365235,591.193603515625,577.8917474365235,591.193603515625,3900,0.0,0.0
2002-12-23 00:00:00+09:00,591.193603515625,591.193603515625,591.193603515625,591.193603515625,0,0.0,0.0
2002-12-24 00:00:00+09:00,583.8036834716797,591.193603515625,583.8036834716797,591.193603515625,1500,0.0,0.0
2002-12-25 00:00:00+09:00,583.8034178132464,583.8034178132464,580.1084594726562,580.1084594726562,2500,0.0,0.0
2002-12-26 00:00:00+09:00,583.8034888577748,613.3631591796875,583.8034888577748,613.3631591796875,900,0.0,0.0
2002-12-27 00:00:00+09:00,628.14306640625,628.14306640625,628.14306640625,628.14306640625,2700,0.0,0.0
2002-12-30 00:00:00+09:00,628.1431336879142,628.1431336879142,599.3224487304688,599.3224487304688,2200,0.0,0.0
2002-12-31 00:00:00+09:00,599.3224487304688,599.3224487304688,599.3224487304688,599.3224487304688,0,0.0,0.0
2003-01-01 00:00:00+09:00,599.3224487304688,599.3224487304688,599.3224487304688,599.3224487304688,0,0.0,0.0
2003-01-02 00:00:00+09:00,599.3224487304688,599.3224487304688,599.3224487304688,599.3224487304688,0,0.0,0.0
2003-01-03 00:00:00+09:00,599.3224487304688,599.3224487304688,599.3224487304688,599.3224487304688,0,0.0,0.0
2003-01-06 00:00:00+09:00,605.9732666015625,613.3631844869475,603.0172994474086,605.9732666015625,4300,0.0,0.0
2003-01-07 00:00:00+09:00,607.4513027909874,620.7531561367754,607.4513027909874,611.88525390625,13700,0.0,0.0
2003-01-08 00:00:00+09:00,614.1021262032644,620.7530517578125,598.5832999093192,620.7530517578125,10200,0.0,0.0
2003-01-09 00:00:00+09:00,598.5834724672379,618.5362548828125,598.5834724672379,618.5362548828125,2300,0.0,0.0
2003-01-10 00:00:00+09:00,618.536153157552,618.536153157552,594.8884149245273,598.5833740234375,5300,0.0,0.0
2003-01-13 00:00:00+09:00,598.5833740234375,598.5833740234375,598.5833740234375,598.5833740234375,0,0.0,0.0
2003-01-14 00:00:00+09:00,598.5834013840248,642.9229125976562,594.1494502626616,642.9229125976562,78200,0.0,0.0
2003-01-15 00:00:00+09:00,665.0926992511222,676.1775775719743,663.6147154750087,668.7876586914062,29100,0.0,0.0
2003-01-16 00:00:00+09:00,661.3977446122603,661.3977446122603,642.1839553833008,650.3128662109375,28200,0.0,0.0
2003-01-17 00:00:00+09:00,665.0925949958471,679.8724304401993,661.3976361347591,667.3095703125,29300,0.0,0.0
2003-01-20 00:00:00+09:00,665.092541572102,665.092541572102,661.3975830078125,661.3975830078125,13500,0.0,0.0
2003-01-21 00:00:00+09:00,662.136648525281,662.136648525281,650.3127798016152,657.7026977539062,4800,0.0,0.0
2003-01-22 00:00:00+09:00,665.0926731799736,672.4825917708622,660.6587220254404,665.8316650390625,9400,0.0,0.0
2003-01-23 00:00:00+09:00,665.0925856370192,665.0925856370192,661.3976268279247,662.8756103515625,7200,0.0,0.0
2003-01-24 00:00:00+09:00,674.6997791877795,687.2626447367305,674.6997791877795,681.3507080078125,7100,0.0,0.0
2003-01-27 00:00:00+09:00,676.177492634634,676.177492634634,657.7026977539062,657.7026977539062,4000,0.0,0.0
2003-01-28 00:00:00+09:00,646.6177487506548,661.3975830078125,646.6177487506548,661.3975830078125,8300,0.0,0.0
2003-01-29 00:00:00+09:00,661.3977845835333,661.3977845835333,649.5739135742188,649.5739135742188,2700,0.0,0.0
2003-01-30 00:00:00+09:00,649.5738262416295,650.3128180803571,642.9228996930804,646.6178588867188,4100,0.0,0.0
2003-01-31 00:00:00+09:00,650.3128311332615,650.3128311332615,642.9229125976562,642.9229125976562,2900,0.0,0.0
2003-02-03 00:00:00+09:00,657.7026977539062,665.0926157061974,642.9228618493241,657.7026977539062,15500,0.0,0.0
2003-02-04 00:00:00+09:00,665.0926157061974,665.0926157061974,654.0077387777608,657.7026977539062,31900,0.0,0.0
2003-02-05 00:00:00+09:00,661.3977227032503,690.9573974609375,661.3977227032503,690.9573974609375,11300,0.0,0.0
2003-02-06 00:00:00+09:00,690.9574924045139,698.347412109375,687.2625325520834,698.347412109375,19500,0.0,0.0
2003-02-07 00:00:00+09:00,698.3473287963867,753.0327280883789,698.3473287963867,738.9918823242188,18100,0.0,0.0
2003-02-10 00:00:00+09:00,748.5987679617746,753.771711077009,709.4321986607142,724.2120361328125,17000,0.0,0.0
2003-02-11 00:00:00+09:00,724.2120361328125,724.2120361328125,724.2120361328125,724.2120361328125,0,0.0,0.0
2003-02-12 00:00:00+09:00,724.2119788139352,724.2119788139352,709.4321425116099,716.0830688476562,10300,0.0,0.0
2003-02-13 00:00:00+09:00,709.432284954897,731.6020438597375,709.432284954897,716.8222045898438,12900,0.0,0.0
2003-02-14 00:00:00+09:00,716.8221173967634,724.2120361328125,709.4321986607142,724.2120361328125,5600,0.0,0.0
2003-02-17 00:00:00+09:00,719.0391015014649,738.9918823242188,719.0391015014649,738.9918823242188,14400,0.0,0.0
2003-02-18 00:00:00+09:00,738.9918692669465,742.6868286132812,731.601950574277,742.6868286132812,11000,0.0,0.0
2003-02-19 00:00:00+09:00,746.3818011474609,746.3818011474609,738.9918823242188,738.9918823242188,9100,0.0,0.0
2003-02-20 00:00:00+09:00,738.9919167698021,746.3818359375,724.212078434406,746.3818359375,16400,0.0,0.0
2003-02-21 00:00:00+09:00,738.9918823242188,742.6868417358398,731.6019635009766,738.9918823242188,5900,0.0,0.0
2003-02-24 00:00:00+09:00,736.7749066772461,746.3818011474609,731.6019635009766,738.9918823242188,16000,0.0,0.0
2003-02-25 00:00:00+09:00,735.296968460083,735.296968460083,709.4322509765625,709.4322509765625,3600,0.0,0.0
2003-02-26 00:00:00+09:00,709.4322509765625,709.4322509765625,709.4322509765625,709.4322509765625,12000,0.0,0.0
2003-02-27 00:00:00+09:00,709.4320555375648,713.1270141601562,709.4320555375648,713.1270141601562,5100,0.0,0.0
2003-02-28 00:00:00+09:00,716.8222247283471,727.9071044921875,716.8222247283471,727.9071044921875,10500,0.0,0.0
2003-03-03 00:00:00+09:00,734.5579652691832,746.3818359375,734.5579652691832,746.3818359375,6500,0.0,0.0
2003-03-04 00:00:00+09:00,746.381787959616,749.3377554366838,731.601950574277,742.6868286132812,16800,0.0,0.0
2003-03-05 00:00:00+09:00,742.6867298799402,753.7716064453125,742.6867298799402,753.7716064453125,1600,0.0,0.0
2003-03-06 00:00:00+09:00,753.7716517857143,790.7212425595238,746.3817336309525,775.94140625,17500,0.0,0.0
2003-03-07 00:00:00+09:00,760.4224838719223,768.551392834596,731.601806640625,731.601806640625,17100,0.0,0.0
2003-03-10 00:00:00+09:00,733.0797777952262,746.3816286019944,733.0797777952262,735.2967529296875,7500,0.0,0.0
2003-03-11 00:00:00+09:00,730.8629716186523,738.9918823242188,717.5611177368164,738.9918823242188,6200,0.0,0.0
2003-03-12 00:00:00+09:00,733.0797777952262,738.252719775636,731.6017943722519,735.2967529296875,8700,0.0,0.0
2003-03-13 00:00:00+09:00,736.7747363526618,738.9917114871232,731.6017943722519,735.2967529296875,7000,0.0,0.0
2003-03-14 00:00:00+09:00,738.9917238794192,753.0325666331281,731.601806640625,731.601806640625,3200,0.0,0.0
2003-03-17 00:00:00+09:00,731.601806640625,735.2967652600221,730.1238231928661,731.601806640625,14100,0.0,0.0
2003-03-18 00:00:00+09:00,732.3409121098642,753.7716754309399,732.3409121098642,737.5138549804688,2800,0.0,0.0
2003-03-19 00:00:00+09:00,742.6868417358398,742.6868417358398,731.6019635009766,738.9918823242188,4400,0.0,0.0
2003-03-20 00:00:00+09:00,738.9918823242188,750.076760559082,731.6019635009766,738.9918823242188,3000,0.0,0.0
2003-03-21 00:00:00+09:00,738.9918823242188,738.9918823242188,738.9918823242188,738.9918823242188,0,0.0,0.0
2003-03-24 00:00:00+09:00,738.9917238794192,738.9917238794192,731.601806640625,731.601806640625,15400,0.0,0.0
2003-03-25 00:00:00+09:00,716.8218423486726,728.6457077894754,709.4319264481708,727.167724609375,6600,0.0,0.0
2003-03-26 00:00:00+09:00,730.1451362594512,739.8208618164062,729.400849678147,739.8208618164062,1400,7.0,0.0
2003-03-27 00:00:00+09:00,740.5650057983398,744.2864379882812,736.8435736083984,744.2864379882812,2500,0.0,0.0
2003-03-28 00:00:00+09:00,740.5650024414062,740.5650024414062,740.5650024414062,740.5650024414062,1000,0.0,0.0
2003-03-31 00:00:00+09:00,736.8437450175383,740.5651780731824,729.40087890625,729.40087890625,2300,0.0,0.0
2003-04-01 00:00:00+09:00,729.4009264494243,729.4009264494243,707.0723266601562,707.0723266601562,10200,0.0,0.0
2003-04-02 00:00:00+09:00,714.5150756835938,714.5150756835938,710.7936429977417,714.5150756835938,2400,0.0,0.0
2003-04-03 00:00:00+09:00,722.7022275924683,729.400806427002,714.5150756835938,714.5150756835938,5000,0.0,0.0
2003-04-04 00:00:00+09:00,714.5149605347938,721.9578247070312,714.5149605347938,721.9578247070312,1500,0.0,0.0
2003-04-07 00:00:00+09:00,714.5152327405858,718.236666244443,711.5380859375,711.5380859375,4100,0.0,0.0
2003-04-08 00:00:00+09:00,718.9808663504465,729.40087890625,714.5151466836735,729.40087890625,2700,0.0,0.0
2003-04-09 00:00:00+09:00,729.4007630011048,736.8436279296875,729.4007630011048,736.8436279296875,1700,0.0,0.0
2003-04-10 00:00:00+09:00,736.8435530515061,736.8435530515061,721.9578247070312,721.9578247070312,5000,0.0,0.0
2003-04-11 00:00:00+09:00,721.9579262146975,721.9579262146975,695.9078979492188,695.9078979492188,6700,0.0,0.0
2003-04-14 00:00:00+09:00,685.4878866430273,695.9078979492188,685.4878866430273,695.9078979492188,5200,0.0,0.0
2003-04-15 00:00:00+09:00,695.9079347173852,695.9079347173852,677.3007706875085,679.5336303710938,7300,0.0,0.0
2003-04-16 00:00:00+09:00,680.2780281966429,681.7666015625,680.2780281966429,681.7666015625,500,0.0,0.0
2003-04-17 00:00:00+09:00,684.7436046807212,692.18646994899,684.7436046807212,686.232177734375,4500,0.0,0.0
2003-04-18 00:00:00+09:00,695.9079796927316,708.5608520507812,695.9079796927316,708.5608520507812,6100,0.0,0.0
2003-04-21 00:00:00+09:00,701.1178762724905,736.8436279296875,701.1178762724905,736.8436279296875,4100,0.0,0.0
2003-04-22 00:00:00+09:00,736.0993414368293,744.2864928582702,727.16790352253,736.8436279296875,4200,0.0,0.0
2003-04-23 00:00:00+09:00,736.8438595165585,759.916748046875,733.1224258826365,759.916748046875,12800,0.0,0.0
2003-04-24 00:00:00+09:00,752.473743654647,788.9437866210938,752.473743654647,788.9437866210938,6800,0.0,0.0
2003-04-25 00:00:00+09:00,784.4780006045387,788.9437197730655,774.0579892113095,781.5008544921875,8200,0.0,0.0
2003-04-28 00:00:00+09:00,774.0580336626838,782.2451859418084,759.1723022460938,759.1723022460938,13600,0.0,0.0
2003-04-29 00:00:00+09:00,759.1723022460938,759.1723022460938,759.1723022460938,759.1723022460938,0,0.0,0.0
2003-04-30 00:00:00+09:00,766.6151888865345,788.9437866210938,766.6151888865345,788.9437866210938,5600,0.0,0.0
2003-05-01 00:00:00+09:00,794.8981454439253,807.5510185455607,781.5009856892523,796.38671875,4600,0.0,0.0
2003-05-02 00:00:00+09:00,781.5008544921875,782.2451410202752,781.5008544921875,781.5008544921875,2100,0.0,0.0
2003-05-05 00:00:00+09:00,781.5008544921875,781.5008544921875,781.5008544921875,781.5008544921875,0,0.0,0.0
2003-05-06 00:00:00+09:00,807.55108444779,811.2725180166739,803.8296508789062,803.8296508789062,900,0.0,0.0
2003-05-07 00:00:00+09:00,805.31787109375,805.31787109375,805.31787109375,805.31787109375,700,0.0,0.0
2003-05-08 00:00:00+09:00,791.1765793573288,791.1765793573288,781.5008544921875,781.5008544921875,2000,0.0,0.0
2003-05-09 00:00:00+09:00,782.9895321494654,848.4867553710938,782.2452455219469,848.4867553710938,8700,0.0,0.0
2003-05-12 00:00:00+09:00,870.8151443481445,922.915195719401,863.3722798665364,893.1437377929688,11700,0.0,0.0
2003-05-13 00:00:00+09:00,922.9151338743933,937.8008618401093,893.1436779429612,919.93798828125,15100,0.0,0.0
2003-05-14 00:00:00+09:00,915.4723312377929,915.4723312377929,893.1437377929688,893.1437377929688,4800,0.0,0.0
2003-05-15 00:00:00+09:00,881.9798061906798,900.5869750976562,881.9798061906798,900.5869750976562,4300,0.0,0.0
2003-05-16 00:00:00+09:00,922.9155025158898,937.8012364274365,870.8154338254767,878.25830078125,7900,0.0,0.0
2003-05-19 00:00:00+09:00,893.144056532118,900.5869236698857,781.5010494656033,803.8296508789062,5800,0.0,0.0
2003-05-20 00:00:00+09:00,803.8294554666212,832.1123437145209,803.8294554666212,819.45947265625,4800,0.0,0.0
2003-05-21 00:00:00+09:00,833.60107421875,833.60107421875,818.715340750558,833.60107421875,2800,0.0,0.0
2003-05-22 00:00:00+09:00,878.2580961638529,878.2580961638529,804.57373046875,804.57373046875,1800,0.0,0.0
2003-05-23 00:00:00+09:00,820.2037830699574,826.158075506037,807.5509116432884,818.7152099609375,6000,0.0,0.0
2003-05-26 00:00:00+09:00,818.7150260657347,818.7150260657347,804.5735847064175,805.31787109375,4600,0.0,0.0
2003-05-27 00:00:00+09:00,826.1580200195312,826.1580200195312,818.7151549743103,826.1580200195312,6800,0.0,0.0
2003-05-28 00:00:00+09:00,826.1582772200804,852.2083129882812,826.1582772200804,852.2083129882812,7400,0.0,0.0
2003-05-29 00:00:00+09:00,855.9296288428368,870.071074884588,852.9524823077313,859.6510620117188,6500,0.0,0.0
2003-05-30 00:00:00+09:00,859.6507819680608,885.7008056640625,859.6507819680608,885.7008056640625,6000,0.0,0.0
2003-06-02 00:00:00+09:00,893.1437800480769,900.5866448818109,867.093753130008,870.815185546875,4700,0.0,0.0
2003-06-03 00:00:00+09:00,893.1439479051438,893.1439479051438,827.6467250587666,841.0438842773438,3600,0.0,0.0
2003-06-04 00:00:00+09:00,841.0438338569973,855.9295654296875,832.8566814920176,855.9295654296875,6600,0.0,0.0
2003-06-05 00:00:00+09:00,855.9295630076575,940.0339461553664,855.9295630076575,937.8010864257812,21300,0.0,0.0
2003-06-06 00:00:00+09:00,926.636627960205,926.636627960205,881.9794410705566,893.1437377929688,5900,0.0,0.0
2003-06-09 00:00:00+09:00,893.1439234310166,900.5867894596083,885.7010574024248,896.8653564453125,16400,0.0,0.0
2003-06-10 00:00:00+09:00,893.1437377929688,893.8880242411295,886.4451597595214,893.1437377929688,15000,0.0,0.0
2003-06-11 00:00:00+09:00,911.7508989969889,915.4723312377929,885.7008733113606,893.1437377929688,5300,0.0,0.0
2003-06-12 00:00:00+09:00,885.7008733113606,908.0294667561849,885.7008733113606,893.1437377929688,14200,0.0,0.0
2003-06-13 00:00:00+09:00,885.7008733113606,930.358060201009,879.0022952779134,893.1437377929688,15700,0.0,0.0
2003-06-16 00:00:00+09:00,892.3994513448079,893.1437377929688,892.3994513448079,893.1437377929688,10400,0.0,0.0
2003-06-17 00:00:00+09:00,896.865541316261,926.6370115674231,893.1441075348656,900.5869750976562,30400,0.0,0.0
2003-06-18 00:00:00+09:00,926.6369528848618,926.6369528848618,900.5869180648053,908.02978515625,9700,0.0,0.0
2003-06-19 00:00:00+09:00,908.0295499114372,919.19384765625,908.0295499114372,919.19384765625,3500,0.0,0.0
2003-06-20 00:00:00+09:00,893.1437377929688,893.1437377929688,887.1894462076822,893.1437377929688,6100,0.0,0.0
2003-06-23 00:00:00+09:00,893.1437377929688,893.1437377929688,878.2580088297525,893.1437377929688,5900,0.0,0.0
2003-06-24 00:00:00+09:00,886.4450920553769,893.143669577206,885.7008056640625,885.7008056640625,2100,0.0,0.0
2003-06-25 00:00:00+09:00,885.7008056640625,900.5865334903493,885.7008056640625,885.7008056640625,5200,0.0,0.0
2003-06-26 00:00:00+09:00,885.7008056640625,885.7008056640625,884.9565192727482,885.7008056640625,11200,0.0,0.0
2003-06-27 00:00:00+09:00,885.7008056640625,893.143669577206,885.7008056640625,885.7008056640625,3600,0.0,0.0
2003-06-30 00:00:00+09:00,893.1440548780488,922.9155233739837,893.1440548780488,915.47265625,11600,0.0,0.0
2003-07-01 00:00:00+09:00,930.3581572148904,948.9653203591882,930.3581572148904,934.07958984375,15900,0.0,0.0
2003-07-02 00:00:00+09:00,944.4996012045567,944.4996012045567,919.1938593283118,934.07958984375,8700,0.0,0.0
2003-07-03 00:00:00+09:00,938.5454291992187,945.2440087890625,922.91541015625,930.3582763671875,5900,0.0,0.0
2003-07-04 00:00:00+09:00,909.5183063137916,922.9154663085938,900.5868663172569,922.9154663085938,3800,0.0,0.0
2003-07-07 00:00:00+09:00,902.0753963694852,948.9654541015625,902.0753963694852,948.9654541015625,2200,0.0,0.0
2003-07-08 00:00:00+09:00,952.6865772637796,952.6865772637796,922.9151217242865,945.2437133789062,7900,0.0,0.0
2003-07-09 00:00:00+09:00,932.5909773479137,960.1295776367189,922.9152529221174,960.1295776367188,5400,0.0,0.0
2003-07-10 00:00:00+09:00,959.3852367225061,975.759538668119,952.6866586538462,967.5723876953125,18400,0.0,0.0
2003-07-11 00:00:00+09:00,967.5723876953125,975.0152522160457,952.6866586538462,967.5723876953125,17300,0.0,0.0
2003-07-14 00:00:00+09:00,967.5723876953125,967.5723876953125,952.6866586538462,967.5723876953125,4400,0.0,0.0
2003-07-15 00:00:00+09:00,982.4581167367788,982.4581167367788,967.5723876953125,967.5723876953125,4600,0.0,0.0
2003-07-16 00:00:00+09:00,967.5727011940696,982.4584350585939,967.5727011940696,982.4584350585938,3200,0.0,0.0
2003-07-17 00:00:00+09:00,975.0153075225594,975.0153075225594,937.8009828079579,960.1295776367188,6800,0.0,0.0
2003-07-18 00:00:00+09:00,900.5866112773842,931.1023559570311,900.5866112773842,931.1023559570312,1000,0.0,0.0
2003-07-21 00:00:00+09:00,931.1023559570311,931.1023559570311,931.1023559570311,931.1023559570312,0,0.0,0.0
2003-07-22 00:00:00+09:00,922.9154663085938,963.8512329593782,922.9154663085938,922.9154663085938,1800,0.0,0.0
2003-07-23 00:00:00+09:00,931.1025072370256,937.8010864257812,930.3582206604973,937.8010864257812,3100,0.0,0.0
2003-07-24 00:00:00+09:00,938.54526930225,960.1295776367189,936.3124098193739,960.1295776367188,3900,0.0,0.0
2003-07-25 00:00:00+09:00,952.6871948242188,952.6871948242188,952.6871948242188,952.6871948242188,600,0.0,0.0
2003-07-28 00:00:00+09:00,960.1295231745794,975.0152522160457,960.1295231745794,967.5723876953125,8800,0.0,0.0
2003-07-29 00:00:00+09:00,967.572645603266,989.9012451171875,967.572645603266,989.9012451171875,6100,0.0,0.0
2003-07-30 00:00:00+09:00,989.9008332429108,1010.7408507848668,989.9008332429108,1004.7865600585938,7700,0.0,0.0
2003-07-31 00:00:00+09:00,989.9008332429108,1004.7865600585936,975.0151064272279,1004.7865600585938,1100,0.0,0.0
2003-08-01 00:00:00+09:00,1012.2295748197116,1012.2295748197116,967.5723876953125,967.5723876953125,3800,0.0,0.0
2003-08-04 00:00:00+09:00,1012.2296322371609,1012.2296322371609,960.1295776367189,960.1295776367188,2500,0.0,0.0
2003-08-05 00:00:00+09:00,967.572645603266,989.9012451171875,967.572645603266,989.9012451171875,900,0.0,0.0
2003-08-06 00:00:00+09:00,989.9014314110599,997.3442993164062,952.6870918843283,997.3442993164062,11400,0.0,0.0
2003-08-07 00:00:00+09:00,997.3442993164062,997.3442993164062,997.3442993164062,997.3442993164062,0,0.0,0.0
2003-08-08 00:00:00+09:00,989.9013019908559,989.9013019908559,930.3583665327593,982.4584350585938,3200,0.0,0.0
2003-08-11 00:00:00+09:00,983.2024031888523,983.9466896409256,960.1295231745794,967.5723876953125,2900,0.0,0.0
2003-08-12 00:00:00+09:00,968.317008596952,968.317008596952,952.6869877049181,953.4312744140625,1700,0.0,0.0
2003-08-13 00:00:00+09:00,960.1295231745794,967.5723876953125,960.1295231745794,967.5723876953125,2500,0.0,0.0
2003-08-14 00:00:00+09:00,975.0155121079065,997.344111621828,975.0155121079065,989.9012451171875,10100,0.0,0.0
2003-08-15 00:00:00+09:00,1001.0654907226561,1001.0654907226561,1001.0654907226561,1001.0654907226562,7900,0.0,0.0
2003-08-18 00:00:00+09:00,998.8321306501116,1056.8864571707588,998.8321306501116,1042.000732421875,11000,0.0,0.0
2003-08-19 00:00:00+09:00,1042.001013725555,1056.886742493063,1042.001013725555,1056.1424560546875,22600,0.0,0.0
2003-08-20 00:00:00+09:00,1064.329705896512,1064.329705896512,1056.8868408203125,1056.8868408203125,20500,0.0,0.0
2003-08-21 00:00:00+09:00,1057.631103515625,1064.3296819333875,1057.631103515625,1057.631103515625,3000,0.0,0.0
2003-08-22 00:00:00+09:00,1056.887087102522,1062.8413805509867,1056.887087102522,1060.6085205078125,17100,0.0,0.0
2003-08-25 00:00:00+09:00,1071.0285446693158,1079.2156982421875,1064.3299644733297,1079.2156982421875,7000,0.0,0.0
2003-08-26 00:00:00+09:00,1071.7728313577586,1079.2156982421875,1027.1156300511852,1079.2156982421875,2500,0.0,0.0
2003-08-27 00:00:00+09:00,1079.2156982421875,1101.5442988954742,1064.3299644733297,1079.2156982421875,2000,0.0,0.0
2003-08-28 00:00:00+09:00,1101.5440312775088,1116.4297614299076,1056.8868408203125,1056.8868408203125,3600,0.0,0.0
2003-08-29 00:00:00+09:00,1056.8868408203125,1056.8868408203125,1042.0011106679137,1056.8868408203125,4100,0.0,0.0
2003-09-01 00:00:00+09:00,1108.2427978515625,1116.4299508242739,1108.2427978515625,1108.2427978515625,2100,0.0,0.0
2003-09-02 00:00:00+09:00,1112.7082595150027,1112.7082595150027,1093.3568115234375,1093.3568115234375,5200,0.0,0.0
2003-09-03 00:00:00+09:00,1112.708569962808,1112.708569962808,1072.51708984375,1072.51708984375,2400,0.0,0.0
2003-09-04 00:00:00+09:00,1071.7729559075342,1086.65869140625,1071.7729559075342,1086.65869140625,2200,0.0,0.0
2003-09-05 00:00:00+09:00,1085.9141367782395,1087.4027099609375,1079.2155574560982,1087.4027099609375,2500,0.0,0.0
2003-09-08 00:00:00+09:00,1064.3299473972186,1064.3299473972186,1034.5584803371564,1049.4442138671875,900,0.0,0.0
2003-09-09 00:00:00+09:00,1060.6082733584124,1062.841132881272,1056.8868408203125,1056.8868408203125,3200,0.0,0.0
2003-09-10 00:00:00+09:00,1057.6311333076103,1090.379739828043,1056.8868467957823,1064.3297119140625,10400,0.0,0.0
2003-09-11 00:00:00+09:00,1079.215442150623,1079.215442150623,1064.3297119140625,1064.3297119140625,7900,0.0,0.0
2003-09-12 00:00:00+09:00,1064.3297119140625,1079.215442150623,1064.3297119140625,1064.3297119140625,8100,0.0,0.0
2003-09-15 00:00:00+09:00,1064.3297119140625,1064.3297119140625,1064.3297119140625,1064.3297119140625,0,0.0,0.0
2003-09-16 00:00:00+09:00,1056.8868408203125,1056.8868408203125,1035.3025320993343,1056.8868408203125,6700,0.0,0.0
2003-09-17 00:00:00+09:00,1064.329705896512,1064.329705896512,1056.8868408203125,1056.8868408203125,10500,0.0,0.0
2003-09-18 00:00:00+09:00,1056.887175664146,1056.887175664146,1042.7457275390625,1042.7457275390625,5700,0.0,0.0
2003-09-19 00:00:00+09:00,1056.887175664146,1056.887175664146,1042.7457275390625,1042.7457275390625,8000,0.0,0.0
2003-09-22 00:00:00+09:00,1042.000732421875,1049.443594796317,1042.000732421875,1042.000732421875,12700,0.0,0.0
2003-09-23 00:00:00+09:00,1042.000732421875,1042.000732421875,1042.000732421875,1042.000732421875,0,0.0,0.0
2003-09-24 00:00:00+09:00,1029.3478663853236,1042.000732421875,1012.2292829241071,1042.000732421875,13800,0.0,0.0
2003-09-25 00:00:00+09:00,1027.0620402167826,1027.0620402167826,1012.1229559954476,1015.8577270507812,14300,5.0,0.0
2003-09-26 00:00:00+09:00,1023.3268563406808,1045.7354736328125,1023.3268563406808,1045.7354736328125,3800,0.0,0.0
2003-09-29 00:00:00+09:00,1045.7354736328125,1045.7354736328125,1044.241565813337,1045.7354736328125,6900,0.0,0.0
2003-09-30 00:00:00+09:00,1030.796395438058,1060.674551827567,1030.796395438058,1045.7354736328125,10900,0.0,0.0
2003-10-01 00:00:00+09:00,1045.7354736328125,1047.229381452288,1042.000704084124,1045.7354736328125,8700,0.0,0.0
2003-10-02 00:00:00+09:00,1045.7354736328125,1049.4702431815012,1045.7354736328125,1045.7354736328125,15700,0.0,0.0
2003-10-03 00:00:00+09:00,1045.7354736328125,1064.4093213762555,1045.7354736328125,1045.7354736328125,17200,0.0,0.0
2003-10-06 00:00:00+09:00,1045.7359021775267,1056.940215415143,1045.7359021775267,1053.2054443359375,15600,0.0,0.0
2003-10-07 00:00:00+09:00,1056.9405766736525,1056.9405766736525,1053.2058043179152,1053.9527587890625,2000,0.0,0.0
2003-10-08 00:00:00+09:00,1045.7354736328125,1060.674551827567,1030.796395438058,1045.7354736328125,18300,0.0,0.0
2003-10-09 00:00:00+09:00,1045.7359021775267,1075.6140708111702,1045.7359021775267,1053.2054443359375,11200,0.0,0.0
2003-10-10 00:00:00+09:00,1053.2054443359375,1056.940215415143,1049.4706732567322,1053.2054443359375,11100,0.0,0.0
2003-10-13 00:00:00+09:00,1053.2054443359375,1053.2054443359375,1053.2054443359375,1053.2054443359375,0,0.0,0.0
2003-10-14 00:00:00+09:00,1053.2054443359375,1074.8671165953292,1049.4706732567322,1053.2054443359375,15200,0.0,0.0
2003-10-15 00:00:00+09:00,1053.205530198954,1059.9281186895855,1053.205530198954,1057.687255859375,4200,0.0,0.0
2003-10-16 00:00:00+09:00,1071.1324462890625,1073.3733091474078,1056.9403148528756,1071.1324462890625,10100,0.0,0.0
2003-10-17 00:00:00+09:00,1083.0836301350462,1105.4922569654263,1080.842767452008,1081.5897216796875,10200,0.0,0.0
2003-10-20 00:00:00+09:00,1103.2514559173583,1195.1268310546875,1101.75754737854,1195.1268310546875,31700,0.0,0.0
2003-10-21 00:00:00+09:00,1277.291723794495,1277.291723794495,1127.90087890625,1127.90087890625,26000,0.0,0.0
2003-10-22 00:00:00+09:00,1217.5354591369628,1232.4745445251465,1172.718202972412,1195.1268310546875,28200,0.0,0.0
2003-10-23 00:00:00+09:00,1195.1270153264331,1262.352909938545,1172.7183837890625,1172.7183837890625,45500,0.0,0.0
2003-10-24 00:00:00+09:00,1194.3800586536618,1217.53564453125,1172.7183815423696,1217.53564453125,11000,0.0,0.0
2003-10-27 00:00:00+09:00,1195.8737788953279,1232.4745378996197,1135.3704833984375,1135.3704833984375,15100,0.0,0.0
2003-10-28 00:00:00+09:00,1195.1268310546875,1195.1268310546875,1195.1268310546875,1195.1268310546875,8200,0.0,0.0
2003-10-29 00:00:00+09:00,1195.8739674199578,1217.53564453125,1172.7183815423696,1217.53564453125,11400,0.0,0.0
2003-10-30 00:00:00+09:00,1216.7885048675537,1217.5354591369628,1172.718202972412,1195.1268310546875,11700,0.0,0.0
2003-10-31 00:00:00+09:00,1217.5354591369628,1217.5354591369628,1195.1268310546875,1195.1268310546875,5200,0.0,0.0
2003-11-03 00:00:00+09:00,1195.1268310546875,1195.1268310546875,1195.1268310546875,1195.1268310546875,0,0.0,0.0
2003-11-04 00:00:00+09:00,1195.8739666933002,1232.4747314453125,1195.8739666933002,1232.4747314453125,4900,0.0,0.0
2003-11-05 00:00:00+09:00,1232.4743064053087,1254.8829301581325,1217.5352239034262,1239.94384765625,10300,0.0,0.0
2003-11-06 00:00:00+09:00,1239.94384765625,1247.4133889071913,1228.7395357798382,1239.94384765625,11800,0.0,0.0
2003-11-07 00:00:00+09:00,1196.620771000629,1236.2093483183776,1196.620771000629,1206.3311767578125,13100,0.0,0.0
2003-11-10 00:00:00+09:00,1225.0051876183713,1247.413819099195,1206.331328051018,1232.4747314453125,22300,0.0,0.0
2003-11-11 00:00:00+09:00,1221.2704164469899,1232.47473219421,1198.86178495255,1217.53564453125,18200,0.0,0.0
2003-11-12 00:00:00+09:00,1150.3098743069556,1157.7794189453125,1150.3098743069556,1157.7794189453125,300,0.0,0.0
2003-11-13 00:00:00+09:00,1173.465462685862,1173.465462685862,1127.9012403918853,1157.7794189453125,1400,0.0,0.0
2003-11-14 00:00:00+09:00,1120.4312744140625,1120.4312744140625,1105.4921907552084,1120.4312744140625,3000,0.0,0.0
2003-11-17 00:00:00+09:00,1120.4312744140625,1120.4312744140625,1083.083565266927,1120.4312744140625,20400,0.0,0.0
2003-11-18 00:00:00+09:00,1074.867303466797,1074.867303466797,1030.7969970703125,1030.7969970703125,5400,0.0,0.0
2003-11-19 00:00:00+09:00,985.9797973632812,985.9797973632812,963.5711656050248,985.9797973632812,6500,0.0,0.0
2003-11-20 00:00:00+09:00,1090.5533447265625,1090.5533447265625,1030.7969970703125,1030.7969970703125,4700,0.0,0.0
2003-11-21 00:00:00+09:00,1030.7969970703125,1045.736083984375,1030.7969970703125,1030.7969970703125,4900,0.0,0.0
2003-11-24 00:00:00+09:00,1030.7969970703125,1030.7969970703125,1030.7969970703125,1030.7969970703125,0,0.0,0.0
2003-11-25 00:00:00+09:00,1045.7354736328125,1075.6136300223216,1045.7354736328125,1045.7354736328125,2600,0.0,0.0
2003-11-26 00:00:00+09:00,1075.6136300223216,1075.6136300223216,1045.7354736328125,1045.7354736328125,1500,0.0,0.0
2003-11-27 00:00:00+09:00,1047.9763353620258,1053.9519666399276,1045.7354736328125,1045.7354736328125,1600,0.0,0.0
2003-11-28 00:00:00+09:00,1045.7359653049045,1075.6141357421875,1045.7359653049045,1075.6141357421875,2300,0.0,0.0
2003-12-01 00:00:00+09:00,1060.6752306707974,1083.0838623046875,1045.7361429148707,1083.0838623046875,2800,0.0,0.0
2003-12-02 00:00:00+09:00,1112.962037816541,1112.962037816541,1060.6752306707974,1083.0838623046875,2100,0.0,0.0
2003-12-03 00:00:00+09:00,1120.4315185546875,1127.9010620117188,1105.492431640625,1105.492431640625,4300,0.0,0.0
2003-12-04 00:00:00+09:00,1120.4315185546875,1142.8401489257812,1105.492431640625,1105.492431640625,1800,0.0,0.0
2003-12-05 00:00:00+09:00,1098.0228881835938,1105.492431640625,1098.0228881835938,1105.492431640625,1900,0.0,0.0
2003-12-08 00:00:00+09:00,1142.0929700066063,1142.0929700066063,1053.2054203461837,1117.4434814453125,5000,0.0,0.0
2003-12-09 00:00:00+09:00,1068.1446533203125,1068.1446533203125,1068.1446533203125,1068.1446533203125,600,0.0,0.0
2003-12-10 00:00:00+09:00,1068.1448832850303,1157.7794189453125,1068.1448832850303,1157.7794189453125,11200,0.0,0.0
2003-12-11 00:00:00+09:00,1083.083334853444,1120.431036055287,1083.083334853444,1119.68408203125,4700,0.0,0.0
2003-12-12 00:00:00+09:00,1112.962068212724,1112.962068212724,1068.1448037209366,1094.2882080078125,2700,0.0,0.0
2003-12-15 00:00:00+09:00,1120.4311967635467,1120.4311967635467,1083.0834902047618,1083.8304443359375,5700,0.0,0.0
2003-12-16 00:00:00+09:00,1106.239144938151,1120.4312744140625,1083.083565266927,1120.4312744140625,5800,0.0,0.0
2003-12-17 00:00:00+09:00,1120.4313317123724,1120.4313317123724,1098.022705078125,1098.022705078125,3400,0.0,0.0
2003-12-18 00:00:00+09:00,1098.0229500606142,1098.0229500606142,1083.0838623046875,1083.0838623046875,2300,0.0,0.0
2003-12-19 00:00:00+09:00,1053.2055672598885,1068.1446533203125,1053.2055672598885,1068.1446533203125,1900,0.0,0.0
2003-12-22 00:00:00+09:00,1053.2056029230102,1053.2056029230102,1045.7360596398682,1048.723876953125,5900,0.0,0.0
2003-12-23 00:00:00+09:00,1048.723876953125,1048.723876953125,1048.723876953125,1048.723876953125,0,0.0,0.0
2003-12-24 00:00:00+09:00,1053.9523985517785,1060.6749864943483,1045.7359021775267,1053.2054443359375,3700,0.0,0.0
2003-12-25 00:00:00+09:00,1038.2664967637425,1049.4708114770203,1009.1352785092203,1013.6170043945312,3500,0.0,0.0
2003-12-26 00:00:00+09:00,1059.9279725840393,1075.6140102332745,1038.2663015446192,1060.6749267578125,7000,0.0,0.0
2003-12-29 00:00:00+09:00,1075.6144384523388,1105.492617298237,1045.7362596064404,1053.9527587890625,2000,0.0,0.0
2003-12-30 00:00:00+09:00,1098.76953125,1099.5164853840924,1084.5774027022435,1098.76953125,700,0.0,0.0
2003-12-31 00:00:00+09:00,1098.76953125,1098.76953125,1098.76953125,1098.76953125,0,0.0,0.0
2004-01-01 00:00:00+09:00,1098.76953125,1098.76953125,1098.76953125,1098.76953125,0,0.0,0.0
2004-01-02 00:00:00+09:00,1098.76953125,1098.76953125,1098.76953125,1098.76953125,0,0.0,0.0
2004-01-05 00:00:00+09:00,1120.4312744140625,1157.778983561198,1120.4312744140625,1120.4312744140625,2800,0.0,0.0
2004-01-06 00:00:00+09:00,1144.3340273563915,1154.04443359375,1127.9010321854773,1154.04443359375,3700,0.0,0.0
2004-01-07 00:00:00+09:00,1143.5869140625,1143.5869140625,1128.647829620142,1143.5869140625,900,0.0,0.0
2004-01-08 00:00:00+09:00,1135.3703512949487,1135.3703512949487,1090.5531005859375,1090.5531005859375,1700,0.0,0.0
2004-01-09 00:00:00+09:00,1142.8396567763928,1142.8396567763928,1106.2389095985866,1119.68408203125,1200,0.0,0.0
2004-01-12 00:00:00+09:00,1119.68408203125,1119.68408203125,1119.68408203125,1119.68408203125,0,0.0,0.0
2004-01-13 00:00:00+09:00,1128.6477644460983,1128.6477644460983,1120.4312684772651,1121.17822265625,2300,0.0,0.0
2004-01-14 00:00:00+09:00,1142.8400260523747,1142.8400260523747,1124.1661694175318,1135.3704833984375,800,0.0,0.0
2004-01-15 00:00:00+09:00,1112.9615536722424,1120.431094300915,1105.4920130435696,1112.214599609375,2500,0.0,0.0
2004-01-16 00:00:00+09:00,1112.9617593021717,1112.9617593021717,1101.7574462890625,1101.7574462890625,2800,0.0,0.0
2004-01-19 00:00:00+09:00,1142.8398999023436,1142.8398999023436,1120.4312744140625,1120.4312744140625,2500,0.0,0.0
2004-01-20 00:00:00+09:00,1116.6966855861997,1116.6966855861997,1112.9619140625,1112.9619140625,3500,0.0,0.0
2004-01-21 00:00:00+09:00,1107.7332946777344,1116.6967468261719,1105.492431640625,1105.492431640625,3400,0.0,0.0
2004-01-22 00:00:00+09:00,1105.4921721368416,1112.214759670106,1090.553088729587,1092.0469970703125,9000,0.0,0.0
2004-01-23 00:00:00+09:00,1090.5534061826509,1090.5534061826509,1075.6143184267241,1083.0838623046875,6500,0.0,0.0
2004-01-26 00:00:00+09:00,1082.3366819011317,1082.3366819011317,1077.1080022784208,1080.8427734375,5400,0.0,0.0
2004-01-27 00:00:00+09:00,1120.4312744140625,1135.3703580729166,1120.4312744140625,1120.4312744140625,23100,0.0,0.0
2004-01-28 00:00:00+09:00,1127.9010620117188,1127.9010620117188,1083.8307556152345,1105.492431640625,9200,0.0,0.0
2004-01-29 00:00:00+09:00,1103.2513942823884,1105.4922569654263,1080.0958132243288,1081.5897216796875,7000,0.0,0.0
2004-01-30 00:00:00+09:00,1083.0840749838917,1086.81884765625,1083.0840749838917,1086.81884765625,200,0.0,0.0
2004-02-02 00:00:00+09:00,1082.336907916891,1083.0838623046875,1081.5899535290948,1083.0838623046875,17600,0.0,0.0
2004-02-03 00:00:00+09:00,1098.0229500606142,1098.0229500606142,1075.6143184267241,1083.0838623046875,10300,0.0,0.0
2004-02-04 00:00:00+09:00,1083.0836783515083,1083.0836783515083,1075.6141357421875,1075.6141357421875,5900,0.0,0.0
2004-02-05 00:00:00+09:00,1064.410002609779,1083.0838623046875,1064.410002609779,1083.0838623046875,800,0.0,0.0
2004-02-06 00:00:00+09:00,1058.4336900983537,1059.1806440080916,1045.7354736328125,1045.7354736328125,1100,0.0,0.0
2004-02-09 00:00:00+09:00,1055.4464843227215,1056.9403930054145,1046.4830322265625,1046.4830322265625,9900,0.0,0.0
2004-02-10 00:00:00+09:00,1047.9769287109375,1049.470837376242,1045.7360657129811,1047.9769287109375,11600,0.0,0.0
2004-02-11 00:00:00+09:00,1047.9769287109375,1047.9769287109375,1047.9769287109375,1047.9769287109375,0,0.0,0.0
2004-02-12 00:00:00+09:00,1047.9763353620258,1047.9763353620258,1045.7354736328125,1045.7354736328125,4200,0.0,0.0
2004-02-13 00:00:00+09:00,1038.2659345354352,1045.7354736328125,1038.2659345354352,1045.7354736328125,700,0.0,0.0
2004-02-16 00:00:00+09:00,1045.736083984375,1045.736083984375,1030.7969970703125,1030.7969970703125,6100,0.0,0.0
2004-02-17 00:00:00+09:00,1016.6045965379285,1037.5193127047633,1015.8576423891129,1018.845458984375,12900,0.0,0.0
2004-02-18 00:00:00+09:00,1031.5440673828125,1041.2544749686028,1031.5440673828125,1031.5440673828125,1700,0.0,0.0
2004-02-19 00:00:00+09:00,1035.2785524923452,1039.0133236052325,1034.5315982697678,1036.7724609375,4500,0.0,0.0
2004-02-20 00:00:00+09:00,1038.2659345354352,1045.7354736328125,1036.0250728062222,1045.7354736328125,12600,0.0,0.0
2004-02-23 00:00:00+09:00,1068.144481608073,1142.8398999023436,1053.9523521321614,1120.4312744140625,22700,0.0,0.0
2004-02-24 00:00:00+09:00,1127.901304242608,1210.0662999159106,1120.4317591813985,1193.63330078125,37300,0.0,0.0
2004-02-25 00:00:00+09:00,1148.8154360170718,1210.065673828125,1148.8154360170718,1210.065673828125,16500,0.0,0.0
2004-02-26 00:00:00+09:00,1195.1270123106062,1232.4747314453125,1172.7183808297823,1232.4747314453125,13200,0.0,0.0
2004-02-27 00:00:00+09:00,1239.9442717633929,1355.7222007533483,1239.9442717633929,1307.170166015625,92200,0.0,0.0
2004-03-01 00:00:00+09:00,1307.1700446349753,1344.5177601959747,1307.1700446349753,1322.109130859375,36400,0.0,0.0
2004-03-02 00:00:00+09:00,1277.2919944069604,1303.4353978012548,1232.4747314453125,1232.4747314453125,14100,0.0,0.0
2004-03-03 00:00:00+09:00,1269.822446986607,1343.0239762834822,1269.0754926060267,1307.170166015625,89400,0.0,0.0
2004-03-04 00:00:00+09:00,1344.5174797075097,1366.9261043693016,1337.0479381535793,1341.5296630859375,209500,0.0,0.0
2004-03-05 00:00:00+09:00,1344.5177608894903,1344.5177608894903,1307.1700453092267,1337.0482177734375,51600,0.0,0.0
2004-03-08 00:00:00+09:00,1314.6397098214286,1329.5787974330358,1307.170166015625,1307.170166015625,11700,0.0,0.0
2004-03-09 00:00:00+09:00,1307.9172446543082,1307.9172446543082,1269.822567625542,1292.231201171875,4800,0.0,0.0
2004-03-10 00:00:00+09:00,1269.8223876953125,1273.5571594238281,1269.8223876953125,1269.8223876953125,20900,0.0,0.0
2004-03-11 00:00:00+09:00,1269.8224544804161,1277.2919983303009,1266.0876825554737,1276.5450439453125,4000,0.0,0.0
2004-03-12 00:00:00+09:00,1269.8223876953125,1273.5571594238281,1261.6058898925783,1269.8223876953125,7900,0.0,0.0
2004-03-15 00:00:00+09:00,1261.6058898925783,1273.5571594238281,1261.6058898925783,1269.8223876953125,16000,0.0,0.0
2004-03-16 00:00:00+09:00,1269.8223876953125,1307.1701049804688,1269.8223876953125,1269.8223876953125,6300,0.0,0.0
2004-03-17 00:00:00+09:00,1269.8222958725112,1284.7613817063052,1266.0875244140625,1266.0875244140625,15300,0.0,0.0
2004-03-18 00:00:00+09:00,1243.678864615304,1262.3527214413598,1243.678864615304,1254.8831787109375,9200,0.0,0.0
2004-03-19 00:00:00+09:00,1254.88330078125,1329.5787353515625,1239.9442138671875,1329.5787353515625,6800,0.0,0.0
2004-03-22 00:00:00+09:00,1320.615283203125,1320.615283203125,1269.8223876953125,1284.761474609375,6700,0.0,0.0
2004-03-23 00:00:00+09:00,1277.2919311523438,1292.2310180664062,1269.8223876953125,1269.8223876953125,5400,0.0,0.0
2004-03-24 00:00:00+09:00,1344.517962880843,1366.9265955955238,1329.5788744043894,1342.277099609375,36600,0.0,0.0
2004-03-25 00:00:00+09:00,1344.517822265625,1344.517822265625,1307.1701049804688,1314.6396484375,7500,0.0,0.0
2004-03-26 00:00:00+09:00,1350.6982440895415,1352.2006892998747,1327.4103433293772,1349.947021484375,1600,10.0,0.0
2004-03-29 00:00:00+09:00,1351.449234707795,1351.449234707795,1327.4101154689683,1344.688232421875,6400,0.0,0.0
2004-03-30 00:00:00+09:00,1344.6887003580728,1427.3232014973958,1337.1764729817708,1352.200927734375,33700,0.0,0.0
2004-03-31 00:00:00+09:00,1352.200927734375,1352.200927734375,1337.1764729817708,1352.200927734375,4200,0.0,0.0
2004-04-01 00:00:00+09:00,1337.176477010046,1352.2009318079117,1337.176477010046,1350.698486328125,3700,0.0,0.0
2004-04-02 00:00:00+09:00,1350.6980122315817,1359.7126819461419,1337.1760076597418,1344.688232421875,26400,0.0,0.0
2004-04-05 00:00:00+09:00,1352.200927734375,1363.4692687988281,1346.9423685709635,1352.200927734375,24200,0.0,0.0
2004-04-06 00:00:00+09:00,1352.200516374144,1389.0104193198845,1348.4444038286601,1370.9810791015625,67100,0.0,0.0
2004-04-07 00:00:00+09:00,1382.2496473080332,1389.010651017692,1370.9813077919353,1376.9910888671875,21600,0.0,0.0
2004-04-08 00:00:00+09:00,1374.7374267578125,1378.4935399456754,1345.439743892482,1374.7374267578125,24500,0.0,0.0
2004-04-09 00:00:00+09:00,1352.2005985560043,1367.225049651071,1337.1761474609375,1337.1761474609375,15200,0.0,0.0
2004-04-12 00:00:00+09:00,1352.200653479488,1389.0105601575406,1349.1957631384223,1364.22021484375,14700,0.0,0.0
2004-04-13 00:00:00+09:00,1375.488649395385,1382.2496531335382,1367.2252003820868,1374.7374267578125,17600,0.0,0.0
2004-04-14 00:00:00+09:00,1374.7374267578125,1427.3230113878928,1374.7374267578125,1374.7374267578125,33800,0.0,0.0
2004-04-15 00:00:00+09:00,1413.049949017693,1428.0744035527032,1386.0059308546752,1404.7864990234375,29000,0.0,0.0
2004-04-16 00:00:00+09:00,1434.8351053895135,1434.8351053895135,1401.0300898175094,1425.8204345703125,15800,0.0,0.0
2004-04-19 00:00:00+09:00,1425.820387337076,1497.937751501649,1425.820387337076,1494.932861328125,48300,0.0,0.0
2004-04-20 00:00:00+09:00,1494.9327368875151,1547.518310546875,1491.1766244832752,1547.518310546875,53700,0.0,0.0
2004-04-21 00:00:00+09:00,1570.0549460331947,1802.9339093204148,1547.5182721666895,1720.2994384765625,74700,0.0,0.0
2004-04-22 00:00:00+09:00,1682.738581730769,1727.8119365985576,1637.6652268629807,1660.201904296875,27900,0.0,0.0
2004-04-23 00:00:00+09:00,1600.1037955729166,1720.2993858506943,1577.5671223958334,1690.25048828125,24700,0.0,0.0
2004-04-26 00:00:00+09:00,1742.8360590277778,1742.8360590277778,1652.6893663194444,1690.25048828125,12000,0.0,0.0
2004-04-27 00:00:00+09:00,1690.2504522150211,1690.2504522150211,1615.1282098943536,1652.6893310546875,5100,0.0,0.0
2004-04-28 00:00:00+09:00,1637.6652268629807,1660.201904296875,1615.1285494290864,1660.201904296875,8200,0.0,0.0
2004-04-29 00:00:00+09:00,1660.201904296875,1660.201904296875,1660.201904296875,1660.201904296875,0,0.0,0.0
2004-04-30 00:00:00+09:00,1585.0799370161983,1660.2022089127006,1585.0799370161983,1637.66552734375,2800,0.0,0.0
2004-05-03 00:00:00+09:00,1637.66552734375,1637.66552734375,1637.66552734375,1637.66552734375,0,0.0,0.0
2004-05-04 00:00:00+09:00,1637.66552734375,1637.66552734375,1637.66552734375,1637.66552734375,0,0.0,0.0
2004-05-05 00:00:00+09:00,1637.66552734375,1637.66552734375,1637.66552734375,1637.66552734375,0,0.0,0.0
2004-05-06 00:00:00+09:00,1660.2015907118055,1690.25048828125,1637.6649175347222,1690.25048828125,8200,0.0,0.0
2004-05-07 00:00:00+09:00,1690.25048828125,1690.25048828125,1652.6893663194444,1690.25048828125,4100,0.0,0.0
2004-05-10 00:00:00+09:00,1690.2506647883233,1690.2506647883233,1615.1284130199535,1667.7139892578125,14900,0.0,0.0
2004-05-11 00:00:00+09:00,1547.5187043220767,1645.1776516822079,1502.4453440020163,1630.1531982421875,5800,0.0,0.0
2004-05-12 00:00:00+09:00,1630.1531982421877,1630.1531982421877,1630.1531982421877,1630.1531982421875,0,0.0,0.0
2004-05-13 00:00:00+09:00,1600.10400390625,1622.6406800176057,1434.8350457563088,1600.10400390625,4900,0.0,0.0
2004-05-14 00:00:00+09:00,1479.908335077195,1600.1039358956473,1479.908335077195,1577.5672607421875,10800,0.0,0.0
2004-05-17 00:00:00+09:00,1573.811276405736,1573.811276405736,1427.3228759765625,1427.3228759765625,600,0.0,0.0
2004-05-18 00:00:00+09:00,1292.1027276067452,1517.469482421875,1277.0782772857365,1517.469482421875,12500,0.0,0.0
2004-05-19 00:00:00+09:00,1517.4699719487405,1517.4699719487405,1429.576909217056,1472.3966064453125,8300,0.0,0.0
2004-05-20 00:00:00+09:00,1428.074054967219,1494.932861328125,1428.074054967219,1494.932861328125,2400,0.0,0.0
2004-05-21 00:00:00+09:00,1494.932806940362,1524.9817075823794,1494.932806940362,1517.469482421875,7200,0.0,0.0
2004-05-24 00:00:00+09:00,1517.4699099657012,1540.006591796875,1502.4454554115853,1540.006591796875,10500,0.0,0.0
2004-05-25 00:00:00+09:00,1492.67955995141,1540.006591796875,1492.67955995141,1540.006591796875,1300,0.0,0.0
2004-05-26 00:00:00+09:00,1547.518819073933,1562.5432736280488,1540.006591796875,1540.006591796875,1200,0.0,0.0
2004-05-27 00:00:00+09:00,1457.371676650344,1570.0550537109375,1457.371676650344,1570.0550537109375,3300,0.0,0.0
2004-05-28 00:00:00+09:00,1502.4450274745814,1570.0550537109375,1502.4450274745814,1570.0550537109375,9800,0.0,0.0
2004-05-31 00:00:00+09:00,1540.006591796875,1540.006591796875,1540.006591796875,1540.006591796875,1800,0.0,0.0
2004-06-01 00:00:00+09:00,1540.0065319354717,1562.543212890625,1540.0065319354717,1562.543212890625,1800,0.0,0.0
2004-06-02 00:00:00+09:00,1562.542760163835,1562.542760163835,1547.518310546875,1547.518310546875,3700,0.0,0.0
2004-06-03 00:00:00+09:00,1540.0065319354717,1562.543212890625,1532.4943049504207,1562.543212890625,12400,0.0,0.0
2004-06-04 00:00:00+09:00,1562.5432736280488,1562.5432736280488,1442.347637195122,1540.006591796875,1500,0.0,0.0
2004-06-07 00:00:00+09:00,1540.005944824219,1540.005944824219,1502.44482421875,1502.44482421875,1700,0.0,0.0
2004-06-08 00:00:00+09:00,1479.90869140625,1479.90869140625,1434.835330246669,1479.90869140625,2500,0.0,0.0
2004-06-09 00:00:00+09:00,1479.9084154930295,1479.9084154930295,1442.347288196252,1443.0985107421875,2000,0.0,0.0
2004-06-10 00:00:00+09:00,1443.8499795277912,1446.854870223999,1420.5620766321817,1442.3475341796875,2800,0.0,0.0
2004-06-11 00:00:00+09:00,1446.1033661832516,1461.1278167409996,1446.1033661832516,1457.3717041015625,2900,0.0,0.0
2004-06-14 00:00:00+09:00,1458.1231418463274,1468.6402587890625,1458.1231418463274,1468.6402587890625,2800,0.0,0.0
2004-06-15 00:00:00+09:00,1473.1471501464844,1502.44482421875,1473.1471501464844,1502.44482421875,2500,0.0,0.0
2004-06-16 00:00:00+09:00,1502.445342018262,1502.445342018262,1487.4208885980793,1491.177001953125,4900,0.0,0.0
2004-06-17 00:00:00+09:00,1494.9331153081707,1502.445342018262,1491.177001953125,1491.177001953125,3300,0.0,0.0
2004-06-18 00:00:00+09:00,1494.932861328125,1502.4450867619348,1494.932861328125,1494.932861328125,2900,0.0,0.0
2004-06-21 00:00:00+09:00,1502.44482421875,1502.44482421875,1494.9326000976562,1502.44482421875,1600,0.0,0.0
2004-06-22 00:00:00+09:00,1502.4452383306962,1502.4452383306962,1483.6646728515625,1483.6646728515625,9800,0.0,0.0
2004-06-23 00:00:00+09:00,1487.420785947389,1490.4256764240506,1479.9085597557357,1483.6646728515625,10100,0.0,0.0
2004-06-24 00:00:00+09:00,1487.4208984375,1487.4208984375,1476.152558297822,1487.4208984375,9700,0.0,0.0
2004-06-25 00:00:00+09:00,1487.4208984375,1487.4208984375,1487.4208984375,1487.4208984375,3600,0.0,0.0
2004-06-28 00:00:00+09:00,1487.4208984375,1488.1721211134784,1487.4208984375,1487.4208984375,11500,0.0,0.0
2004-06-29 00:00:00+09:00,1487.420785947389,1491.1768990432158,1476.152446659909,1483.6646728515625,8700,0.0,0.0
2004-06-30 00:00:00+09:00,1487.4209023871967,1487.4209023871967,1485.1672343532766,1485.91845703125,12700,0.0,0.0
2004-07-01 00:00:00+09:00,1487.4210266205898,1491.9283630648947,1483.6649129170025,1485.1673583984375,10000,0.0,0.0
2004-07-02 00:00:00+09:00,1487.4208984375,1488.1721211134784,1486.6696757615214,1487.4208984375,7700,0.0,0.0
2004-07-05 00:00:00+09:00,1486.6696757615214,1487.4208984375,1483.6647850576073,1487.4208984375,6300,0.0,0.0
2004-07-06 00:00:00+09:00,1487.4208984375,1487.4208984375,1455.8695460464014,1487.4208984375,2600,0.0,0.0
2004-07-07 00:00:00+09:00,1479.9086736415961,1487.4209004113504,1472.3964468718418,1486.669677734375,2900,0.0,0.0
2004-07-08 00:00:00+09:00,1487.4208984375,1487.4208984375,1486.6696757615214,1487.4208984375,8500,0.0,0.0
2004-07-09 00:00:00+09:00,1487.4208984375,1491.1770118173927,1487.4208984375,1487.4208984375,13100,0.0,0.0
2004-07-12 00:00:00+09:00,1487.4203759765626,1502.44482421875,1487.4203759765626,1502.44482421875,4000,0.0,0.0
2004-07-13 00:00:00+09:00,1502.4452245630923,1592.591938036878,1502.4452245630923,1585.0797119140625,5300,0.0,0.0
2004-07-14 00:00:00+09:00,1607.6159619140626,1615.1281860351562,1500.9423793945314,1502.44482421875,28800,0.0,0.0
2004-07-15 00:00:00+09:00,1502.44482421875,1517.4692724609374,1499.4399345703125,1502.44482421875,18200,0.0,0.0
2004-07-16 00:00:00+09:00,1498.688712158203,1502.44482421875,1453.6153674316406,1502.44482421875,11700,0.0,0.0
2004-07-19 00:00:00+09:00,1502.44482421875,1502.44482421875,1502.44482421875,1502.44482421875,0,0.0,0.0
2004-07-20 00:00:00+09:00,1502.44482421875,1517.4692724609374,1498.688712158203,1502.44482421875,15000,0.0,0.0
2004-07-21 00:00:00+09:00,1502.44482421875,1502.44482421875,1498.688712158203,1502.44482421875,10200,0.0,0.0
2004-07-22 00:00:00+09:00,1501.6936018066406,1502.44482421875,1494.9326000976562,1502.44482421875,5800,0.0,0.0
2004-07-23 00:00:00+09:00,1540.005944824219,1540.005944824219,1502.44482421875,1502.44482421875,5200,0.0,0.0
2004-07-26 00:00:00+09:00,1502.4450867619348,1502.4450867619348,1494.932861328125,1494.932861328125,5000,0.0,0.0
2004-07-27 00:00:00+09:00,1495.6840838715061,1495.6840838715061,1491.1767486112203,1494.932861328125,1400,0.0,0.0
2004-07-28 00:00:00+09:00,1472.3961546593107,1479.9083799381847,1453.6155914621256,1457.3717041015625,14700,0.0,0.0
2004-07-29 00:00:00+09:00,1456.6208275741187,1487.420958533654,1428.0743647335737,1464.88427734375,8900,0.0,0.0
2004-07-30 00:00:00+09:00,1427.3228759765625,1442.3473273026316,1389.7617476613898,1427.3228759765625,21100,0.0,0.0
2004-08-02 00:00:00+09:00,1390.5130349494177,1427.3229424116118,1389.7618123481484,1401.0301513671875,9200,0.0,0.0
2004-08-03 00:00:00+09:00,1423.5667335304054,1423.5667335304054,1389.76171875,1389.76171875,1600,0.0,0.0
2004-08-04 00:00:00+09:00,1343.9371691687631,1352.2006173861228,1329.6639404296875,1329.6639404296875,5400,0.0,0.0
2004-08-05 00:00:00+09:00,1314.6396972109767,1374.7375119406215,1314.6396972109767,1342.4349365234375,13400,0.0,0.0
2004-08-06 00:00:00+09:00,1352.200927734375,1352.200927734375,1344.6887003580728,1352.200927734375,7800,0.0,0.0
2004-08-09 00:00:00+09:00,1352.2004686361151,1352.2004686361151,1278.5806653437044,1288.3465576171875,17500,0.0,0.0
2004-08-10 00:00:00+09:00,1292.1025732504588,1330.4149169921875,1292.1025732504588,1330.4149169921875,6000,0.0,0.0
2004-08-11 00:00:00+09:00,1352.9519702682078,1374.7374267578125,1352.2007476306353,1374.7374267578125,1600,0.0,0.0
2004-08-12 00:00:00+09:00,1352.2006647099447,1374.7373424551104,1352.2006647099447,1359.712890625,8500,0.0,0.0
2004-08-13 00:00:00+09:00,1337.1761567451586,1337.1761567451586,1329.6639311454667,1333.4200439453125,2600,0.0,0.0
2004-08-16 00:00:00+09:00,1333.420091029576,1352.2006556919644,1314.6395263671875,1314.6395263671875,800,0.0,0.0
2004-08-17 00:00:00+09:00,1333.4200439453125,1333.4200439453125,1333.4200439453125,1333.4200439453125,200,0.0,0.0
2004-08-18 00:00:00+09:00,1337.1762599571077,1340.932373046875,1337.1762599571077,1340.932373046875,3800,0.0,0.0
2004-08-19 00:00:00+09:00,1340.932373046875,1340.932373046875,1340.932373046875,1340.932373046875,300,0.0,0.0
2004-08-20 00:00:00+09:00,1341.683809407552,1352.200927734375,1340.9325866699219,1352.200927734375,11400,0.0,0.0
2004-08-23 00:00:00+09:00,1352.200927734375,1367.225382486979,1352.200927734375,1352.200927734375,9600,0.0,0.0
2004-08-24 00:00:00+09:00,1352.2006816959326,1352.951904296875,1352.2006816959326,1352.951904296875,2400,0.0,0.0
2004-08-25 00:00:00+09:00,1352.9517803975402,1353.7030029296875,1352.2005578653927,1353.7030029296875,4500,0.0,0.0
2004-08-26 00:00:00+09:00,1352.2006647099447,1374.7373424551104,1352.2006647099447,1359.712890625,4200,0.0,0.0
2004-08-27 00:00:00+09:00,1352.2009175900278,1359.7131449099725,1352.2009175900278,1355.95703125,8700,0.0,0.0
2004-08-30 00:00:00+09:00,1359.712890625,1359.712890625,1359.712890625,1359.712890625,2500,0.0,0.0
2004-08-31 00:00:00+09:00,1359.7131146441448,1367.225341796875,1352.2008874914147,1367.225341796875,10700,0.0,0.0
2004-09-01 00:00:00+09:00,1322.1519615207862,1337.1764156289769,1322.1519615207862,1328.1617431640625,3200,0.0,0.0
2004-09-02 00:00:00+09:00,1350.6982364940484,1359.7129077053546,1350.6982364940484,1352.951904296875,1900,0.0,0.0
2004-09-03 00:00:00+09:00,1330.4154683430988,1353.7033732096354,1330.4154683430988,1352.200927734375,3900,0.0,0.0
2004-09-06 00:00:00+09:00,1352.2003673551314,1352.2003673551314,1322.1514703027951,1330.4149169921875,2000,0.0,0.0
2004-09-07 00:00:00+09:00,1322.1516095258376,1322.90283203125,1322.1516095258376,1322.90283203125,9200,0.0,0.0
2004-09-08 00:00:00+09:00,1321.400510822643,1322.1517333984375,1321.400510822643,1322.1517333984375,1100,0.0,0.0
2004-09-09 00:00:00+09:00,1301.1174500716827,1316.1419009962979,1292.1027795169134,1293.605224609375,7300,0.0,0.0
2004-09-10 00:00:00+09:00,1293.6054907240832,1304.122608534848,1285.342041015625,1285.342041015625,15300,0.0,0.0
2004-09-13 00:00:00+09:00,1295.8589239484054,1314.6394880635996,1280.83447265625,1280.83447265625,6200,0.0,0.0
2004-09-14 00:00:00+09:00,1307.127245270804,1337.1761474609375,1307.127245270804,1337.1761474609375,3400,0.0,0.0
2004-09-15 00:00:00+09:00,1344.6887003580728,1352.200927734375,1322.1520182291665,1352.200927734375,5000,0.0,0.0
2004-09-16 00:00:00+09:00,1322.1517522321428,1322.1517522321428,1314.6395263671875,1314.6395263671875,3300,0.0,0.0
2004-09-17 00:00:00+09:00,1314.6395263671875,1314.6395263671875,1314.6395263671875,1314.6395263671875,600,0.0,0.0
2004-09-20 00:00:00+09:00,1314.6395263671875,1314.6395263671875,1314.6395263671875,1314.6395263671875,0,0.0,0.0
2004-09-21 00:00:00+09:00,1322.1514703027951,1330.4149169921875,1322.1514703027951,1330.4149169921875,4100,0.0,0.0
2004-09-22 00:00:00+09:00,1329.663959156383,1331.1664043079722,1322.1517333984375,1322.1517333984375,3300,0.0,0.0
2004-09-23 00:00:00+09:00,1322.1517333984375,1322.1517333984375,1322.1517333984375,1322.1517333984375,0,0.0,0.0
2004-09-24 00:00:00+09:00,1329.6641415281792,1329.6641415281792,1292.1030075867052,1299.615234375,6700,0.0,0.0
2004-09-27 00:00:00+09:00,1305.6529541015625,1305.6529541015625,1305.6529541015625,1305.6529541015625,200,8.0,0.0
2004-09-28 00:00:00+09:00,1305.6529541015625,1305.6529541015625,1305.6529541015625,1305.6529541015625,0,0.0,0.0
2004-09-29 00:00:00+09:00,1231.6909337006077,1262.634149559508,1231.6909337006077,1241.502197265625,500,0.0,0.0
2004-09-30 00:00:00+09:00,1218.8607147593557,1245.2756528501156,1215.0871521749614,1222.63427734375,10800,0.0,0.0
2004-10-01 00:00:00+09:00,1207.5400270061727,1230.1814025125386,1207.5400270061727,1222.63427734375,19200,0.0,0.0
2004-10-04 00:00:00+09:00,1234.709901751894,1283.0115116003788,1231.6910511363637,1245.27587890625,9000,0.0,0.0
2004-10-05 00:00:00+09:00,1267.9171410537347,1267.9171410537347,1233.9550747755097,1237.7286376953125,7200,0.0,0.0
2004-10-06 00:00:00+09:00,1230.9362244396675,1275.4642668933404,1230.181511855707,1237.7286376953125,7300,0.0,0.0
2004-10-07 00:00:00+09:00,1246.0305915601327,1252.8230054450758,1238.483465021307,1245.27587890625,8600,0.0,0.0
2004-10-08 00:00:00+09:00,1245.2758261923582,1245.2758261923582,1222.6344475343153,1223.38916015625,5500,0.0,0.0
2004-10-11 00:00:00+09:00,1223.38916015625,1223.38916015625,1223.38916015625,1223.38916015625,0,0.0,0.0
2004-10-12 00:00:00+09:00,1245.2758226007552,1245.2758226007552,1227.1627197265625,1227.1627197265625,900,0.0,0.0
2004-10-13 00:00:00+09:00,1231.690960864486,1231.690960864486,1210.5590081045561,1211.313720703125,6900,0.0,0.0
2004-10-14 00:00:00+09:00,1215.0873238424372,1215.0873238424372,1175.842267420197,1194.7100830078125,10800,0.0,0.0
2004-10-15 00:00:00+09:00,1177.3515751826299,1177.3515751826299,1141.8800854175122,1162.25732421875,7100,0.0,0.0
2004-10-18 00:00:00+09:00,1161.5027517790843,1161.5027517790843,1139.6160852413366,1143.3896484375,5100,0.0,0.0
2004-10-19 00:00:00+09:00,1144.1443574604236,1147.1632080078125,1132.0689552708677,1147.1632080078125,8900,0.0,0.0
2004-10-20 00:00:00+09:00,1149.4271127115885,1152.4459626464845,1132.0687255859375,1132.0687255859375,5100,0.0,0.0
2004-10-21 00:00:00+09:00,1132.8237045602805,1135.8425552053445,1132.8237045602805,1134.3331298828125,11000,0.0,0.0
2004-10-22 00:00:00+09:00,1136.597081632183,1169.8044332867755,1136.597081632183,1152.446044921875,2500,0.0,0.0
2004-10-25 00:00:00+09:00,1169.8044561248978,1169.8044561248978,1153.2007799734477,1154.710205078125,13800,0.0,0.0
2004-10-26 00:00:00+09:00,1177.3515688004034,1184.8986942414315,1154.7101924773185,1169.804443359375,4300,0.0,0.0
2004-10-27 00:00:00+09:00,1169.80458711323,1184.898839850175,1147.1632080078125,1147.1632080078125,15400,0.0,0.0
2004-10-28 00:00:00+09:00,1146.4087175584264,1147.1634303415458,1133.5786002453958,1144.8992919921875,4500,0.0,0.0
2004-10-29 00:00:00+09:00,1150.9364086429016,1150.9364086429016,1139.61572265625,1139.61572265625,10500,0.0,0.0
2004-11-01 00:00:00+09:00,1132.8234380696615,1132.8234380696615,1132.0687255859375,1132.0687255859375,5500,0.0,0.0
2004-11-02 00:00:00+09:00,1116.9744873046875,1124.5216122189083,1109.4273623904667,1116.9744873046875,4400,0.0,0.0
2004-11-03 00:00:00+09:00,1116.9744873046875,1116.9744873046875,1116.9744873046875,1116.9744873046875,0,0.0,0.0
2004-11-04 00:00:00+09:00,1132.0687371331294,1132.0687371331294,1116.9744873046875,1116.9744873046875,4200,0.0,0.0
2004-11-05 00:00:00+09:00,1107.1630859375,1116.9743470944104,1107.1630859375,1107.1630859375,10400,0.0,0.0
2004-11-08 00:00:00+09:00,1107.9180201129184,1109.42744520844,1095.087906800984,1104.899169921875,9800,0.0,0.0
2004-11-09 00:00:00+09:00,1094.3331658151342,1120.7481043003272,1094.3331658151342,1110.18212890625,5000,0.0,0.0
2004-11-10 00:00:00+09:00,1110.1824429786811,1113.2012939453125,1110.1824429786811,1113.2012939453125,6600,0.0,0.0
2004-11-11 00:00:00+09:00,1120.7479985897753,1121.502711046738,1116.9744363049613,1119.9932861328125,8100,0.0,0.0
2004-11-12 00:00:00+09:00,1120.7483380275623,1146.4085693359375,1119.993625342022,1146.4085693359375,10800,0.0,0.0
2004-11-15 00:00:00+09:00,1156.2196175655242,1169.804443359375,1156.2196175655242,1169.804443359375,19900,0.0,0.0
2004-11-16 00:00:00+09:00,1170.5592312462513,1170.5592312462513,1139.6160149463828,1140.3707275390625,29200,0.0,0.0
2004-11-17 00:00:00+09:00,1139.61572265625,1139.61572265625,1132.068598665149,1139.61572265625,8900,0.0,0.0
2004-11-18 00:00:00+09:00,1139.6161551660734,1147.163282021478,1132.069028310669,1146.4085693359375,5100,0.0,0.0
2004-11-19 00:00:00+09:00,1146.4082627766927,1146.4082627766927,1094.3331013997397,1132.0687255859375,7800,0.0,0.0
2004-11-22 00:00:00+09:00,1133.5781505533855,1133.5781505533855,1132.0687255859375,1132.0687255859375,7200,0.0,0.0
2004-11-23 00:00:00+09:00,1132.0687255859375,1132.0687255859375,1132.0687255859375,1132.0687255859375,0,0.0,0.0
2004-11-24 00:00:00+09:00,1132.068598665149,1139.61572265625,1109.427226691846,1139.61572265625,1300,0.0,0.0
2004-11-25 00:00:00+09:00,1139.61572265625,1139.61572265625,1139.61572265625,1139.61572265625,500,0.0,0.0
2004-11-26 00:00:00+09:00,1146.4084953709653,1147.1632080078125,1146.4084953709653,1147.1632080078125,16500,0.0,0.0
2004-11-29 00:00:00+09:00,1109.427226691846,1147.162846647351,1094.332978709644,1139.61572265625,9000,0.0,0.0
2004-11-30 00:00:00+09:00,1139.61572265625,1139.61572265625,1135.8421606606996,1139.61572265625,1000,0.0,0.0
2004-12-01 00:00:00+09:00,1146.4084953709653,1169.80458711323,1146.4084953709653,1147.1632080078125,5200,0.0,0.0
2004-12-02 00:00:00+09:00,1169.80458711323,1169.80458711323,1147.1632080078125,1147.1632080078125,1600,0.0,0.0
2004-12-03 00:00:00+09:00,1147.1630670362904,1169.804443359375,1143.3895043157763,1169.804443359375,3700,0.0,0.0
2004-12-06 00:00:00+09:00,1192.4458196824598,1192.4458196824598,1169.804443359375,1169.804443359375,7600,0.0,0.0
2004-12-07 00:00:00+09:00,1162.2575462802943,1162.2575462802943,1156.219844741176,1159.993408203125,1500,0.0,0.0
2004-12-08 00:00:00+09:00,1154.710205078125,1162.2573306015113,1154.710205078125,1154.710205078125,5800,0.0,0.0
2004-12-09 00:00:00+09:00,1153.9557567710497,1153.9557567710497,1132.0690877413829,1135.8426513671875,3200,0.0,0.0
2004-12-10 00:00:00+09:00,1135.84232742994,1181.1250780251535,1135.84232742994,1144.1441650390625,4600,0.0,0.0
2004-12-13 00:00:00+09:00,1144.1442849692346,1144.1442849692346,1101.8803799835637,1119.23876953125,5200,0.0,0.0
2004-12-14 00:00:00+09:00,1120.748038330078,1132.0687255859375,1116.9744759114585,1132.0687255859375,2000,0.0,0.0
2004-12-15 00:00:00+09:00,1117.7291883951823,1132.0687255859375,1117.7291883951823,1132.0687255859375,9000,0.0,0.0
2004-12-16 00:00:00+09:00,1132.0689552708677,1147.1632080078125,1132.0689552708677,1147.1632080078125,4600,0.0,0.0
2004-12-17 00:00:00+09:00,1147.1631340914694,1147.9178466796875,1147.1631340914694,1147.9178466796875,2100,0.0,0.0
2004-12-20 00:00:00+09:00,1148.6725592679056,1153.955547385432,1145.6537089150333,1147.9178466796875,9700,0.0,0.0
2004-12-21 00:00:00+09:00,1154.710061237311,1184.8985595703125,1153.955348778986,1184.8985595703125,5900,0.0,0.0
2004-12-22 00:00:00+09:00,1209.804158628499,1245.275646747987,1209.0494461153182,1230.181396484375,9500,0.0,0.0
2004-12-23 00:00:00+09:00,1230.181396484375,1230.181396484375,1230.181396484375,1230.181396484375,0,0.0,0.0
2004-12-24 00:00:00+09:00,1230.9361764406278,1233.9550266587532,1193.9552612685918,1208.2947998046875,9900,0.0,0.0
2004-12-27 00:00:00+09:00,1233.9550266587532,1245.2757149767235,1208.2947998046875,1208.2947998046875,6400,0.0,0.0
2004-12-28 00:00:00+09:00,1212.0684075346628,1233.955072427879,1212.0684075346628,1212.8231201171875,2000,0.0,0.0
2004-12-29 00:00:00+09:00,1232.4457187948576,1232.4457187948576,1215.0873283892963,1215.842041015625,3700,0.0,0.0
2004-12-30 00:00:00+09:00,1222.6344475343153,1223.38916015625,1222.6344475343153,1223.38916015625,1900,0.0,0.0
2004-12-31 00:00:00+09:00,1223.38916015625,1223.38916015625,1223.38916015625,1223.38916015625,0,0.0,0.0
2005-01-03 00:00:00+09:00,1223.38916015625,1223.38916015625,1223.38916015625,1223.38916015625,0,0.0,0.0
2005-01-04 00:00:00+09:00,1230.181511855707,1245.275763534918,1230.181511855707,1237.7286376953125,4800,0.0,0.0
2005-01-05 00:00:00+09:00,1236.97412109375,1236.97412109375,1227.9175686513308,1236.97412109375,6000,0.0,0.0
2005-01-06 00:00:00+09:00,1241.5020902657213,1241.5020902657213,1220.3701397931134,1222.63427734375,3700,0.0,0.0
2005-01-07 00:00:00+09:00,1230.9361089975557,1241.502084182084,1222.6342713525692,1230.181396484375,7200,0.0,0.0
2005-01-10 00:00:00+09:00,1230.181396484375,1230.181396484375,1230.181396484375,1230.181396484375,0,0.0,0.0
2005-01-11 00:00:00+09:00,1230.1816258285985,1267.9172585227273,1230.1816258285985,1245.27587890625,6100,0.0,0.0
2005-01-12 00:00:00+09:00,1267.917120836452,1273.9548214118638,1252.822869397923,1260.3699951171875,7200,0.0,0.0
2005-01-13 00:00:00+09:00,1267.9173786820243,1275.464505936084,1245.2759969198453,1249.049560546875,6400,0.0,0.0
2005-01-14 00:00:00+09:00,1241.502180819026,1262.6341328329668,1241.502180819026,1260.3699951171875,6800,0.0,0.0
2005-01-17 00:00:00+09:00,1256.596731866863,1264.1438593855828,1252.8231681075029,1253.577880859375,5400,0.0,0.0
2005-01-18 00:00:00+09:00,1256.5966394648153,1256.5966394648153,1246.785374411937,1248.2947998046875,2100,0.0,0.0
2005-01-19 00:00:00+09:00,1245.2760968889509,1252.823224748884,1245.2760968889509,1246.7855224609375,4700,0.0,0.0
2005-01-20 00:00:00+09:00,1244.5210509509575,1252.8228893745236,1222.6343860161014,1237.7286376953125,8200,0.0,0.0
2005-01-21 00:00:00+09:00,1230.181688674749,1250.5589313705884,1230.181688674749,1230.9364013671875,5300,0.0,0.0
2005-01-24 00:00:00+09:00,1233.9551890980115,1245.27587890625,1233.9551890980115,1245.27587890625,1700,0.0,0.0
2005-01-25 00:00:00+09:00,1251.3135801373107,1251.3135801373107,1245.27587890625,1245.27587890625,6100,0.0,0.0
2005-01-26 00:00:00+09:00,1248.2948738739697,1249.0495866151268,1245.276022909341,1247.5401611328125,4500,0.0,0.0
2005-01-27 00:00:00+09:00,1252.822509765625,1252.822509765625,1245.27538621282,1252.822509765625,7600,0.0,0.0
2005-01-28 00:00:00+09:00,1254.331934476186,1260.36963331843,1252.822509765625,1252.822509765625,3900,0.0,0.0
2005-01-31 00:00:00+09:00,1252.822942899472,1260.3700690615171,1230.9362770295415,1259.6153564453125,7700,0.0,0.0
2005-02-01 00:00:00+09:00,1256.5962317124854,1256.5962317124854,1192.4456733367729,1199.9927978515625,13900,0.0,0.0
2005-02-02 00:00:00+09:00,1207.5399090557275,1218.860595703125,1199.9927846241294,1218.860595703125,6000,0.0,0.0
2005-02-03 00:00:00+09:00,1230.1812823505225,1241.50196899792,1207.5399090557275,1218.860595703125,25000,0.0,0.0
2005-02-04 00:00:00+09:00,1218.8611100936482,1218.8611100936482,1207.5404186686299,1217.3516845703125,13600,0.0,0.0
2005-02-07 00:00:00+09:00,1230.1813136319108,1230.1813136319108,1207.5399397613849,1209.8040771484375,8500,0.0,0.0
2005-02-08 00:00:00+09:00,1211.313650022813,1215.0872127954697,1208.2947998046875,1208.2947998046875,8800,0.0,0.0
2005-02-09 00:00:00+09:00,1212.0684333016939,1225.6532600759347,1199.9930317245912,1211.313720703125,6800,0.0,0.0
2005-02-10 00:00:00+09:00,1215.8422590469768,1217.3516845703125,1215.087546285309,1217.3516845703125,8100,0.0,0.0
2005-02-11 00:00:00+09:00,1217.3516845703125,1217.3516845703125,1217.3516845703125,1217.3516845703125,0,0.0,0.0
2005-02-14 00:00:00+09:00,1221.1249608481803,1237.7286376953125,1221.1249608481803,1237.7286376953125,5800,0.0,0.0
2005-02-15 00:00:00+09:00,1242.2569131990758,1245.275763534918,1230.181511855707,1237.7286376953125,6200,0.0,0.0
2005-02-16 00:00:00+09:00,1237.7286376953125,1237.7286376953125,1237.7286376953125,1237.7286376953125,1000,0.0,0.0
2005-02-17 00:00:00+09:00,1230.9362277809635,1233.955078125,1218.8608264048166,1233.955078125,8400,0.0,0.0
2005-02-18 00:00:00+09:00,1233.9553653270061,1235.464790850342,1217.3516845703125,1217.3516845703125,10600,0.0,0.0
2005-02-21 00:00:00+09:00,1212.8230206412559,1233.9549712187015,1211.3135956000099,1215.087158203125,6000,0.0,0.0
2005-02-22 00:00:00+09:00,1215.087033487326,1233.9548445663218,1215.087033487326,1218.860595703125,5700,0.0,0.0
2005-02-23 00:00:00+09:00,1218.8608915209402,1222.6344546525838,1215.842041015625,1215.842041015625,7600,0.0,0.0
2005-02-24 00:00:00+09:00,1222.63427734375,1222.63427734375,1211.313589590567,1222.63427734375,4500,0.0,0.0
2005-02-25 00:00:00+09:00,1222.6342834093557,1222.6342834093557,1215.087158203125,1215.087158203125,5500,0.0,0.0
2005-02-28 00:00:00+09:00,1222.6346151576663,1260.3702514279646,1222.6346151576663,1249.049560546875,20100,0.0,0.0
2005-03-01 00:00:00+09:00,1252.822850269818,1283.0113526859582,1249.0492874678005,1254.332275390625,8400,0.0,0.0
2005-03-02 00:00:00+09:00,1271.6904026776895,1316.9731469866872,1257.3508669798402,1313.1995849609375,12200,0.0,0.0
2005-03-03 00:00:00+09:00,1320.7469482421875,1320.7469482421875,1301.8791346958706,1320.7469482421875,10500,0.0,0.0
2005-03-04 00:00:00+09:00,1320.7469482421875,1320.7469482421875,1297.3508594447544,1320.7469482421875,9300,0.0,0.0
2005-03-07 00:00:00+09:00,1290.5584465680804,1320.7469482421875,1290.5584465680804,1320.7469482421875,5900,0.0,0.0
2005-03-08 00:00:00+09:00,1305.6529541015625,1305.6529541015625,1283.011573394599,1305.6529541015625,7000,0.0,0.0
2005-03-09 00:00:00+09:00,1305.6529513761384,1305.6529513761384,1283.0115707164366,1284.52099609375,1500,0.0,0.0
2005-03-10 00:00:00+09:00,1304.1435807140788,1304.8982934343994,1284.521049985742,1302.6341552734375,4200,0.0,0.0
2005-03-11 00:00:00+09:00,1305.6527131453804,1305.6527131453804,1286.7848993716032,1301.879150390625,5700,0.0,0.0
2005-03-14 00:00:00+09:00,1301.878898883688,1328.2938330639367,1298.860049263088,1313.1995849609375,11800,0.0,0.0
2005-03-15 00:00:00+09:00,1320.7467090124371,1328.2938330639367,1313.1995849609375,1313.1995849609375,6300,0.0,0.0
2005-03-16 00:00:00+09:00,1320.746958087678,1338.1053466796875,1313.1998326128912,1338.1053466796875,7600,0.0,0.0
2005-03-17 00:00:00+09:00,1336.5960022041936,1336.5960022041936,1320.7470377511795,1329.8035888671875,8900,0.0,0.0
2005-03-18 00:00:00+09:00,1305.6525237672772,1328.2938970117966,1305.6525237672772,1327.5391845703125,9500,0.0,0.0
2005-03-21 00:00:00+09:00,1327.5391845703125,1327.5391845703125,1327.5391845703125,1327.5391845703125,0,0.0,0.0
2005-03-22 00:00:00+09:00,1328.2938970117966,1335.8410214266364,1320.7467725969568,1327.5391845703125,10800,0.0,0.0
2005-03-23 00:00:00+09:00,1320.7467725969568,1332.0674592192165,1307.916661091729,1327.5391845703125,22400,0.0,0.0
2005-03-24 00:00:00+09:00,1327.5393611188615,1327.5393611188615,1301.8791346958706,1320.7469482421875,5800,0.0,0.0
2005-03-25 00:00:00+09:00,1319.992267850079,1319.992267850079,1283.7660649588247,1311.6904296875,8000,0.0,0.0
2005-03-28 00:00:00+09:00,1313.2086090333717,1319.28125,1313.2086090333717,1319.28125,2300,10.0,0.0
2005-03-29 00:00:00+09:00,1319.2812687151027,1320.7994289782962,1305.6178263463617,1317.0040283203125,7200,0.0,0.0
2005-03-30 00:00:00+09:00,1290.4358921389608,1305.6174908700073,1267.6634940423908,1282.8450927734375,9800,0.0,0.0
2005-03-31 00:00:00+09:00,1284.3632526465422,1290.4358921389608,1282.8450927734375,1282.8450927734375,4500,0.0,0.0
2005-04-01 00:00:00+09:00,1288.917685338973,1290.4358451568044,1279.8087264319836,1283.6041259765625,25600,0.0,0.0
2005-04-04 00:00:00+09:00,1285.1223325830945,1286.6404924561991,1252.4818953113443,1282.8450927734375,8700,0.0,0.0
2005-04-05 00:00:00+09:00,1282.086546560572,1291.95458984375,1275.2548242876028,1291.95458984375,12600,0.0,0.0
2005-04-06 00:00:00+09:00,1291.9544396254596,1294.2316801183365,1282.8454776539522,1290.436279296875,41000,0.0,0.0
2005-04-07 00:00:00+09:00,1298.7860768162927,1305.6177978515625,1296.5088364712028,1305.6177978515625,16000,0.0,0.0
2005-04-08 00:00:00+09:00,1307.8950381966524,1313.2085990018622,1301.0633171613827,1305.6177978515625,25900,0.0,0.0
2005-04-11 00:00:00+09:00,1305.6174908700073,1305.6174908700073,1282.8450927734375,1282.8450927734375,14000,0.0,0.0
2005-04-12 00:00:00+09:00,1276.01346431903,1282.8451842350746,1260.0727845149254,1271.458984375,12100,0.0,0.0
2005-04-13 00:00:00+09:00,1268.4227379336103,1271.4590580722902,1260.83193758691,1262.35009765625,21400,0.0,0.0
2005-04-14 00:00:00+09:00,1260.8321818033855,1260.8321818033855,1248.6868988961885,1252.4822998046875,6800,0.0,0.0
2005-04-15 00:00:00+09:00,1229.7098760837462,1247.9278001738758,1229.7098760837462,1244.8914794921875,3000,0.0,0.0
2005-04-18 00:00:00+09:00,1244.891328125,1260.0729296875,1226.67340625,1233.505126953125,16500,0.0,0.0
2005-04-19 00:00:00+09:00,1252.482327298001,1267.6639312652496,1252.482327298001,1263.8685302734375,7000,0.0,0.0
2005-04-20 00:00:00+09:00,1279.0497532120671,1279.0497532120671,1260.07275390625,1260.07275390625,6700,0.0,0.0
2005-04-21 00:00:00+09:00,1273.7361934064384,1273.7361934064384,1260.07275390625,1260.07275390625,4500,0.0,0.0
2005-04-22 00:00:00+09:00,1291.1950744628905,1328.3899943033855,1282.845194498698,1320.7991943359375,12600,0.0,0.0
2005-04-25 00:00:00+09:00,1327.6311504442579,1328.3902305760155,1320.7994292584383,1326.8720703125,8200,0.0,0.0
2005-04-26 00:00:00+09:00,1304.099722254136,1313.2086842256433,1290.436279296875,1290.436279296875,3900,0.0,0.0
2005-04-27 00:00:00+09:00,1307.8951230755974,1307.8951230755974,1286.6408784754137,1290.436279296875,8200,0.0,0.0
2005-04-28 00:00:00+09:00,1291.1951351768091,1298.02685546875,1290.4360551443713,1298.02685546875,3900,0.0,0.0
2005-04-29 00:00:00+09:00,1298.02685546875,1298.02685546875,1298.02685546875,1298.02685546875,0,0.0,0.0
2005-05-02 00:00:00+09:00,1294.2316801183365,1298.0270809397978,1290.436279296875,1290.436279296875,5900,0.0,0.0
2005-05-03 00:00:00+09:00,1290.436279296875,1290.436279296875,1290.436279296875,1290.436279296875,0,0.0,0.0
2005-05-04 00:00:00+09:00,1290.436279296875,1290.436279296875,1290.436279296875,1290.436279296875,0,0.0,0.0
2005-05-05 00:00:00+09:00,1290.436279296875,1290.436279296875,1290.436279296875,1290.436279296875,0,0.0,0.0
2005-05-06 00:00:00+09:00,1290.4362231545313,1305.6178257798786,1290.4362231545313,1297.2679443359375,8900,0.0,0.0
2005-05-09 00:00:00+09:00,1313.2088971819196,1328.3905029296875,1313.2088971819196,1328.3905029296875,17000,0.0,0.0
2005-05-10 00:00:00+09:00,1335.9812279929577,1347.367431640625,1328.3904255611794,1347.367431640625,25200,0.0,0.0
2005-05-11 00:00:00+09:00,1351.1626822731712,1351.1626822731712,1328.390277515758,1335.9810791015625,13600,0.0,0.0
2005-05-12 00:00:00+09:00,1332.1856783086603,1335.9810791015625,1320.7994759299538,1335.9810791015625,13300,0.0,0.0
2005-05-13 00:00:00+09:00,1305.6177978515625,1305.6177978515625,1296.5088364712028,1305.6177978515625,5800,0.0,0.0
2005-05-16 00:00:00+09:00,1286.64085030485,1290.4362510432122,1279.050048828125,1279.050048828125,6700,0.0,0.0
2005-05-17 00:00:00+09:00,1278.2907393450898,1278.2907393450898,1257.0364990234375,1257.0364990234375,6000,0.0,0.0
2005-05-18 00:00:00+09:00,1256.2777007131865,1260.0731016216857,1252.4822998046875,1252.4822998046875,6300,0.0,0.0
2005-05-19 00:00:00+09:00,1252.4820423185126,1260.0728425749885,1215.287121061781,1228.9505615234375,15800,0.0,0.0
2005-05-20 00:00:00+09:00,1260.0728957124813,1290.4360980188062,1248.6866948476095,1267.6636962890625,9800,0.0,0.0
2005-05-23 00:00:00+09:00,1271.4590965773532,1271.4590965773532,1267.6636962890625,1267.6636962890625,1400,0.0,0.0
2005-05-24 00:00:00+09:00,1267.6638749502238,1267.6638749502238,1250.964111328125,1250.964111328125,5600,0.0,0.0
2005-05-25 00:00:00+09:00,1252.4822811964082,1252.4822811964082,1244.8914794921875,1244.8914794921875,4000,0.0,0.0
2005-05-26 00:00:00+09:00,1241.0960786400772,1245.6505596626096,1241.0960786400772,1244.8914794921875,1500,0.0,0.0
2005-05-27 00:00:00+09:00,1245.6502344338292,1274.495273378671,1241.095754600433,1260.07275390625,6000,0.0,0.0
2005-05-30 00:00:00+09:00,1260.0732333364804,1260.0732333364804,1244.891628115559,1256.27783203125,7200,0.0,0.0
2005-05-31 00:00:00+09:00,1257.0366486987082,1260.0729691061929,1248.686767578125,1248.686767578125,7500,0.0,0.0
2005-06-01 00:00:00+09:00,1271.4592280714637,1271.4592280714637,1231.9870609910363,1251.72314453125,14000,0.0,0.0
2005-06-02 00:00:00+09:00,1248.6866910877147,1248.6866910877147,1238.0595703125,1238.0595703125,10600,0.0,0.0
2005-06-03 00:00:00+09:00,1234.2643007266595,1241.0960219483939,1222.1190185546875,1222.1190185546875,18400,0.0,0.0
2005-06-06 00:00:00+09:00,1231.227754720052,1237.3003946940105,1225.9141947428386,1229.7095947265625,12800,0.0,0.0
2005-06-07 00:00:00+09:00,1233.5049947102864,1237.3003946940105,1229.7095947265625,1229.7095947265625,7000,0.0,0.0
2005-06-08 00:00:00+09:00,1241.0957946777344,1241.0957946777344,1229.7095947265625,1229.7095947265625,8600,0.0,0.0
2005-06-09 00:00:00+09:00,1241.095984583621,1241.095984583621,1231.2279431159836,1236.54150390625,3900,0.0,0.0
2005-06-10 00:00:00+09:00,1237.3007440948957,1244.8915462059072,1231.9871826171875,1231.9871826171875,8800,0.0,0.0
2005-06-13 00:00:00+09:00,1237.3006591796875,1237.3006591796875,1234.2643385436638,1237.3006591796875,3300,0.0,0.0
2005-06-14 00:00:00+09:00,1237.300678011678,1244.891479717271,1235.0234375,1235.0234375,2300,0.0,0.0
2005-06-15 00:00:00+09:00,1237.3007440948957,1244.8915462059072,1230.4690221949852,1231.9871826171875,15100,0.0,0.0
2005-06-16 00:00:00+09:00,1231.9871826171875,1244.8915462059072,1231.9871826171875,1231.9871826171875,11900,0.0,0.0
2005-06-17 00:00:00+09:00,1233.5052583846577,1237.3006591796875,1230.468937748634,1237.3006591796875,13300,0.0,0.0
2005-06-20 00:00:00+09:00,1244.8914039677504,1250.9640449627152,1233.5052021021918,1234.2642822265625,15600,0.0,0.0
2005-06-21 00:00:00+09:00,1234.2643385436638,1240.3369798157114,1231.22801790764,1237.3006591796875,8200,0.0,0.0
2005-06-22 00:00:00+09:00,1237.3005087662682,1238.0595888329958,1232.7460283659016,1235.7823486328125,8600,0.0,0.0
2005-06-23 00:00:00+09:00,1237.300331894042,1248.6865312673,1234.2640120611734,1242.6138916015625,11400,0.0,0.0
2005-06-24 00:00:00+09:00,1239.577730423245,1244.8912908108523,1237.3004902571276,1238.0595703125,17500,0.0,0.0
2005-06-27 00:00:00+09:00,1231.22788671875,1241.095927734375,1231.22788671875,1233.505126953125,6700,0.0,0.0
2005-06-28 00:00:00+09:00,1240.3369235957518,1244.8914043433494,1237.3006030973536,1244.13232421875,1100,0.0,0.0
2005-06-29 00:00:00+09:00,1244.8914043433494,1247.927724841748,1241.0960037203515,1244.13232421875,6600,0.0,0.0
2005-06-30 00:00:00+09:00,1246.4095835781156,1251.72314453125,1244.1323431696294,1251.72314453125,17500,0.0,0.0
2005-07-01 00:00:00+09:00,1251.723050778884,1263.868332047812,1246.409490223728,1253.2412109375,14200,0.0,0.0
2005-07-04 00:00:00+09:00,1259.3140115241388,1279.0500960929317,1258.554931348416,1268.4229736328125,28300,0.0,0.0
2005-07-05 00:00:00+09:00,1277.531803787713,1279.0499639823508,1263.8683620359727,1274.4954833984375,9000,0.0,0.0
2005-07-06 00:00:00+09:00,1278.2909404824904,1278.2909404824904,1268.4228987804283,1277.5318603515625,7300,0.0,0.0
2005-07-07 00:00:00+09:00,1267.663724616384,1271.4591249894868,1260.8320039447985,1269.181884765625,3700,0.0,0.0
2005-07-08 00:00:00+09:00,1269.1820638020833,1269.1820638020833,1248.6868988961885,1252.4822998046875,9200,0.0,0.0
2005-07-11 00:00:00+09:00,1254.7595217076744,1263.8684837527392,1240.336998469655,1244.8914794921875,15500,0.0,0.0
2005-07-12 00:00:00+09:00,1245.650540928753,1248.6868615647768,1237.3006591796875,1237.3006591796875,12400,0.0,0.0
2005-07-13 00:00:00+09:00,1237.300790209289,1241.09619140625,1233.505389012328,1241.09619140625,7800,0.0,0.0
2005-07-14 00:00:00+09:00,1241.0960599747173,1244.132380610741,1237.3006591796875,1237.3006591796875,6400,0.0,0.0
2005-07-15 00:00:00+09:00,1240.3371111668578,1243.3734321244265,1238.059870448681,1241.09619140625,9300,0.0,0.0
2005-07-18 00:00:00+09:00,1241.09619140625,1241.09619140625,1241.09619140625,1241.09619140625,0,0.0,0.0
2005-07-19 00:00:00+09:00,1241.8552716456422,1244.891592603211,1241.09619140625,1241.09619140625,6300,0.0,0.0
2005-07-20 00:00:00+09:00,1248.6868801220792,1258.55492233581,1238.0597577380615,1254.759521484375,23000,0.0,0.0
2005-07-21 00:00:00+09:00,1256.277681824949,1260.0730826763838,1254.759521484375,1254.759521484375,8900,0.0,0.0
2005-07-22 00:00:00+09:00,1249.44596051472,1249.44596051472,1244.8914794921875,1244.8914794921875,7100,0.0,0.0
2005-07-25 00:00:00+09:00,1254.0003849397363,1254.0003849397363,1246.4095835781156,1251.72314453125,4900,0.0,0.0
2005-07-26 00:00:00+09:00,1251.723201025986,1253.2413613668302,1244.8914794921875,1244.8914794921875,5600,0.0,0.0
2005-07-27 00:00:00+09:00,1248.6868239866017,1252.482224667412,1243.3732630334673,1251.72314453125,8700,0.0,0.0
2005-07-28 00:00:00+09:00,1242.614089827188,1253.2412109375,1242.614089827188,1253.2412109375,15100,0.0,0.0
2005-07-29 00:00:00+09:00,1249.44596051472,1251.723201025986,1244.8914794921875,1244.8914794921875,10400,0.0,0.0
2005-08-01 00:00:00+09:00,1245.65044717064,1248.686767578125,1245.65044717064,1248.686767578125,11200,0.0,0.0
2005-08-02 00:00:00+09:00,1248.6869655966539,1248.6869655966539,1238.8189227074404,1239.5780029296875,9100,0.0,0.0
2005-08-03 00:00:00+09:00,1242.614239205593,1242.614239205593,1222.1190746004918,1235.0234375,26600,0.0,0.0
2005-08-04 00:00:00+09:00,1229.70981991217,1230.4689000479182,1213.0100569257083,1222.1190185546875,17800,0.0,0.0
2005-08-05 00:00:00+09:00,1191.755945217994,1191.755945217994,1168.9835386214718,1176.5743408203125,33400,0.0,0.0
2005-08-08 00:00:00+09:00,1153.8016556883172,1161.3924560546875,1147.7290153952206,1161.3924560546875,18300,0.0,0.0
2005-08-09 00:00:00+09:00,1161.3925712153598,1206.9373779296875,1161.3925712153598,1206.9373779296875,20000,0.0,0.0
2005-08-10 00:00:00+09:00,1211.4918966542118,1222.1190185546875,1206.9374158397225,1222.1190185546875,24400,0.0,0.0
2005-08-11 00:00:00+09:00,1228.9505431602092,1234.264103260346,1225.9142231029882,1231.227783203125,16600,0.0,0.0
2005-08-12 00:00:00+09:00,1222.1187824911244,1228.9505023932488,1206.937182708626,1216.046142578125,8900,0.0,0.0
2005-08-15 00:00:00+09:00,1214.5279825998753,1218.3233825455,1212.2507426325005,1216.046142578125,6300,0.0,0.0
2005-08-16 00:00:00+09:00,1222.1187824911244,1225.9141824367491,1216.046142578125,1216.046142578125,4800,0.0,0.0
2005-08-17 00:00:00+09:00,1214.528207749221,1235.7824513848325,1210.732807100005,1218.3236083984375,4200,0.0,0.0
2005-08-18 00:00:00+09:00,1223.6368954206955,1223.6368954206955,1214.5279359014348,1216.80517578125,2400,0.0,0.0
2005-08-19 00:00:00+09:00,1222.8780986904358,1226.6734993691769,1222.1190185546875,1222.1190185546875,3600,0.0,0.0
2005-08-22 00:00:00+09:00,1228.1914347330728,1229.7095947265625,1223.6369547526042,1229.7095947265625,7100,0.0,0.0
2005-08-23 00:00:00+09:00,1229.7098576646567,1229.7098576646567,1200.1057314616187,1227.4326171875,13600,0.0,0.0
2005-08-24 00:00:00+09:00,1231.986891647865,1233.5050517115099,1227.4324114569301,1232.7459716796875,8000,0.0,0.0
2005-08-25 00:00:00+09:00,1231.986834716797,1231.986834716797,1223.6369547526042,1229.7095947265625,7600,0.0,0.0
2005-08-26 00:00:00+09:00,1228.1913751803258,1228.1913751803258,1216.80517578125,1216.80517578125,3700,0.0,0.0
2005-08-29 00:00:00+09:00,1229.7095947265625,1229.7095947265625,1220.600634765625,1229.7095947265625,2300,0.0,0.0
2005-08-30 00:00:00+09:00,1229.7096029049706,1232.7459229121432,1222.877882888832,1223.636962890625,9000,0.0,0.0
2005-08-31 00:00:00+09:00,1222.1187947591145,1231.227754720052,1218.3233947753906,1229.7095947265625,9700,0.0,0.0
2005-09-01 00:00:00+09:00,1229.7096231745145,1231.9868632174303,1229.7096231745145,1231.227783203125,5900,0.0,0.0
2005-09-02 00:00:00+09:00,1228.9505431602092,1231.227783203125,1223.6369830600725,1231.227783203125,8900,0.0,0.0
2005-09-05 00:00:00+09:00,1229.7095947265625,1232.7459147135417,1228.1914347330728,1229.7095947265625,8900,0.0,0.0
2005-09-06 00:00:00+09:00,1229.7098943536932,1277.5319458007812,1229.7098943536932,1252.4822998046875,22800,0.0,0.0
2005-09-07 00:00:00+09:00,1252.4821221073971,1259.3138427734375,1238.0596007013119,1259.3138427734375,13400,0.0,0.0
2005-09-08 00:00:00+09:00,1252.4822998046875,1252.4822998046875,1248.6868988961885,1252.4822998046875,5000,0.0,0.0
2005-09-09 00:00:00+09:00,1251.7230420333926,1259.3138427734375,1248.6867217373747,1259.3138427734375,8100,0.0,0.0
2005-09-12 00:00:00+09:00,1258.5545939617848,1263.8681537674136,1252.4819541839233,1260.07275390625,9100,0.0,0.0
2005-09-13 00:00:00+09:00,1263.8681720924722,1263.8681720924722,1257.0364522433238,1257.7955322265625,2000,0.0,0.0
2005-09-14 00:00:00+09:00,1257.0369122922962,1257.795992553342,1252.4824307260196,1256.27783203125,5300,0.0,0.0
2005-09-15 00:00:00+09:00,1256.2779050247623,1266.905029296875,1256.2779050247623,1266.905029296875,5100,0.0,0.0
2005-09-16 00:00:00+09:00,1266.1455361737462,1271.4590965773532,1263.8682960007718,1267.6636962890625,9500,0.0,0.0
2005-09-19 00:00:00+09:00,1267.6636962890625,1267.6636962890625,1267.6636962890625,1267.6636962890625,0,0.0,0.0
2005-09-20 00:00:00+09:00,1281.3273815194905,1329.1494342657747,1281.3273815194905,1307.1361083984375,27400,0.0,0.0
2005-09-21 00:00:00+09:00,1325.354152387005,1343.572078880297,1320.799670763682,1336.7403564453125,32400,0.0,0.0
2005-09-22 00:00:00+09:00,1320.7994575137996,1357.994384765625,1320.7994575137996,1357.994384765625,25200,0.0,0.0
2005-09-23 00:00:00+09:00,1357.994384765625,1357.994384765625,1357.994384765625,1357.994384765625,0,0.0,0.0
2005-09-26 00:00:00+09:00,1366.3441184838787,1404.2981217750976,1366.3441184838787,1386.0802001953125,34200,0.0,0.0
2005-09-27 00:00:00+09:00,1400.5823154244372,1427.2964195333502,1396.7660148374496,1419.663818359375,29200,10.0,0.0
2005-09-28 00:00:00+09:00,1434.9289273946576,1487.5938720703125,1405.9250448196592,1487.5938720703125,51000,0.0,0.0
2005-09-29 00:00:00+09:00,1502.8592840213128,1504.3858043707503,1488.3573407016556,1501.332763671875,47500,0.0,0.0
2005-09-30 00:00:00+09:00,1488.3569620685694,1511.2547614850089,1484.5406621658294,1505.148681640625,49500,0.0,0.0
2005-10-03 00:00:00+09:00,1495.9897786458334,1495.9897786458334,1473.0919759114583,1488.357177734375,30600,0.0,0.0
2005-10-04 00:00:00+09:00,1473.0921297368316,1488.3573331537937,1450.1943246113885,1480.7247314453125,20800,0.0,0.0
2005-10-05 00:00:00+09:00,1457.8267740885417,1495.2265185546876,1457.8267740885417,1488.357177734375,22500,0.0,0.0
2005-10-06 00:00:00+09:00,1480.7247578085019,1491.410400390625,1460.1167328286929,1491.410400390625,10900,0.0,0.0
2005-10-07 00:00:00+09:00,1486.067138671875,1488.356918546562,1473.854979340211,1486.067138671875,7800,0.0,0.0
2005-10-10 00:00:00+09:00,1486.067138671875,1486.067138671875,1486.067138671875,1486.067138671875,0,0.0,0.0
2005-10-11 00:00:00+09:00,1484.540877278646,1488.357177734375,1476.9082763671877,1488.357177734375,15200,0.0,0.0
2005-10-12 00:00:00+09:00,1495.9898583984375,1526.520263671875,1488.3572570800782,1526.520263671875,43000,0.0,0.0
2005-10-13 00:00:00+09:00,1525.7569383073562,1557.0506023746907,1511.2549964224938,1541.785400390625,62600,0.0,0.0
2005-10-14 00:00:00+09:00,1534.1527832031252,1602.84619140625,1526.5201822916667,1602.84619140625,29200,0.0,0.0
2005-10-17 00:00:00+09:00,1572.3158318770559,1572.3158318770559,1450.1942138671875,1450.1942138671875,13900,0.0,0.0
2005-10-18 00:00:00+09:00,1452.484083181651,1469.275806686641,1450.1943027036978,1457.826904296875,12500,0.0,0.0
2005-10-19 00:00:00+09:00,1457.8268548346184,1470.0390169693587,1457.8268548346184,1469.2757568359375,3500,0.0,0.0
2005-10-20 00:00:00+09:00,1469.2758550419412,1491.410400390625,1469.2758550419412,1491.410400390625,4900,0.0,0.0
2005-10-21 00:00:00+09:00,1495.226608027244,1496.753128300881,1492.1735674799704,1495.9898681640625,7000,0.0,0.0
2005-10-24 00:00:00+09:00,1511.2550048828125,1511.2550048828125,1503.6224038480507,1511.2550048828125,3700,0.0,0.0
2005-10-25 00:00:00+09:00,1510.4917203776042,1510.4917203776042,1488.357177734375,1488.357177734375,1400,0.0,0.0
2005-10-26 00:00:00+09:00,1488.3571132911643,1503.622314453125,1466.2225716063215,1503.622314453125,3100,0.0,0.0
2005-10-27 00:00:00+09:00,1510.4916549760073,1510.4916549760073,1480.724512710184,1503.622314453125,700,0.0,0.0
2005-10-28 00:00:00+09:00,1502.8591162059702,1503.6223762954603,1484.5408740582084,1500.5693359375,4400,0.0,0.0
2005-10-31 00:00:00+09:00,1511.2551651859967,1511.2551651859967,1488.3573596528756,1491.410400390625,18800,0.0,0.0
2005-11-01 00:00:00+09:00,1495.9899994867988,1510.491943359375,1495.9899994867988,1510.491943359375,500,0.0,0.0
2005-11-02 00:00:00+09:00,1510.4917301531084,1511.2549902491937,1503.6223892883393,1508.9652099609375,4500,0.0,0.0
2005-11-03 00:00:00+09:00,1508.9652099609375,1508.9652099609375,1508.9652099609375,1508.9652099609375,0,0.0,0.0
2005-11-04 00:00:00+09:00,1508.9653420610753,1526.5203258078657,1508.9653420610753,1523.46728515625,15800,0.0,0.0
2005-11-07 00:00:00+09:00,1530.3366266223854,1560.8670331385426,1522.704024993346,1523.46728515625,11600,0.0,0.0
2005-11-08 00:00:00+09:00,1549.417911055076,1549.417911055076,1521.9405490856266,1534.1527099609375,3800,0.0,0.0
2005-11-09 00:00:00+09:00,1534.1527993985924,1549.4180013826578,1530.3364989025758,1541.785400390625,7500,0.0,0.0
2005-11-10 00:00:00+09:00,1541.7853679187192,1557.0505695812808,1537.9690675030788,1549.41796875,5000,0.0,0.0
2005-11-11 00:00:00+09:00,1534.1528230992758,1579.9484297589559,1534.1528230992758,1564.6832275390625,16800,0.0,0.0
2005-11-14 00:00:00+09:00,1576.1323411071185,1618.111652855734,1572.3160400390625,1572.3160400390625,32200,0.0,0.0
2005-11-15 00:00:00+09:00,1530.336432925314,1557.0505352457062,1465.4593272900763,1499.8060302734375,20100,0.0,0.0
2005-11-16 00:00:00+09:00,1499.8062433224375,1541.7855529319713,1499.8062433224375,1501.332763671875,19900,0.0,0.0
2005-11-17 00:00:00+09:00,1489.1205172119141,1534.1528649902345,1484.5409564208985,1526.520263671875,15100,0.0,0.0
2005-11-18 00:00:00+09:00,1557.0505209925122,1564.6831215856128,1511.254917433909,1560.8668212890625,16400,0.0,0.0
2005-11-21 00:00:00+09:00,1564.6833385120738,1637.1930541992188,1564.6833385120738,1595.2137451171875,19300,0.0,0.0
2005-11-22 00:00:00+09:00,1602.8464019920023,1618.1116058204975,1602.8464019920023,1610.47900390625,12700,0.0,0.0
2005-11-23 00:00:00+09:00,1610.47900390625,1610.47900390625,1610.47900390625,1610.47900390625,0,0.0,0.0
2005-11-24 00:00:00+09:00,1618.1115500710227,1618.1115500710227,1545.6018343838778,1595.2137451171875,17500,0.0,0.0
2005-11-25 00:00:00+09:00,1587.581143465909,1602.846346768466,1572.3159401633523,1595.2137451171875,7000,0.0,0.0
2005-11-28 00:00:00+09:00,1602.8462316176472,1625.7440349264707,1564.6832261029413,1621.927734375,18200,0.0,0.0
2005-11-29 00:00:00+09:00,1599.029794898951,1625.743896484375,1599.029794898951,1625.743896484375,9300,0.0,0.0
2005-11-30 00:00:00+09:00,1641.0095410828196,1671.5399511494768,1641.0095410828196,1663.9073486328125,10100,0.0,0.0
2005-12-01 00:00:00+09:00,1667.7235955132378,1671.5398966471355,1648.64208984375,1648.64208984375,5400,0.0,0.0
2005-12-02 00:00:00+09:00,1671.539392743792,1747.8653924124583,1667.7230927603587,1709.702392578125,20400,0.0,0.0
2005-12-05 00:00:00+09:00,1717.3352440367355,1793.6612548828125,1717.3352440367355,1793.6612548828125,18300,0.0,0.0
2005-12-06 00:00:00+09:00,1831.824896364796,1869.9879150390625,1755.4988590162627,1869.9879150390625,20800,0.0,0.0
2005-12-07 00:00:00+09:00,1869.987337706519,1908.1503445984888,1824.1917294361554,1862.354736328125,16700,0.0,0.0
2005-12-08 00:00:00+09:00,1831.8243447580646,1831.8243447580646,1740.2331275201614,1774.579833984375,22200,0.0,0.0
2005-12-09 00:00:00+09:00,1786.029277384782,1820.3759942575664,1755.4988623867516,1816.5596923828125,6700,0.0,0.0
2005-12-12 00:00:00+09:00,1786.0288032978578,1820.375511053586,1759.314697265625,1759.314697265625,14900,0.0,0.0
2005-12-13 00:00:00+09:00,1984.4760844105788,2064.6183878194674,1931.0478821379863,2011.190185546875,119800,0.0,0.0
2005-12-14 00:00:00+09:00,2011.1904528190225,2056.9860608528525,2011.1904528190225,2034.0882568359375,42200,0.0,0.0
2005-12-15 00:00:00+09:00,2015.006475360577,2022.6390756460337,1984.47607421875,1984.47607421875,12100,0.0,0.0
2005-12-16 00:00:00+09:00,1988.2923254394532,2007.3738256835939,1877.6196240234376,1908.1500244140625,16800,0.0,0.0
2005-12-19 00:00:00+09:00,1911.9667353630066,1976.8438501358035,1911.9667353630066,1953.946044921875,7800,0.0,0.0
2005-12-20 00:00:00+09:00,1953.9459786821706,1980.6600838594659,1953.9459786821706,1969.211181640625,6600,0.0,0.0
2005-12-21 00:00:00+09:00,1950.129677942557,1984.4763845990794,1931.048174244489,1969.211181640625,32700,0.0,0.0
2005-12-22 00:00:00+09:00,1984.4764518737795,1988.2927527427676,1950.129744052887,1953.946044921875,18900,0.0,0.0
2005-12-23 00:00:00+09:00,1953.946044921875,1953.946044921875,1953.946044921875,1953.946044921875,0,0.0,0.0
2005-12-26 00:00:00+09:00,1946.3132980406992,1984.4763038846345,1927.2317951187315,1931.048095703125,17500,0.0,0.0
2005-12-27 00:00:00+09:00,1931.0484790764233,1973.027793838954,1911.9669723661818,1927.232177734375,20700,0.0,0.0
2005-12-28 00:00:00+09:00,1908.1501978349863,2098.965217618485,1908.1501978349863,2068.434814453125,32100,0.0,0.0
2005-12-29 00:00:00+09:00,2072.250766517376,2327.9428500471445,2022.6388697130926,2213.453857421875,86700,0.0,0.0
2005-12-30 00:00:00+09:00,2209.637557667699,2213.453857421875,2175.2908598801187,2213.453857421875,24900,0.0,0.0
2006-01-02 00:00:00+09:00,2213.453857421875,2213.453857421875,2213.453857421875,2213.453857421875,0,0.0,0.0
2006-01-03 00:00:00+09:00,2213.453857421875,2213.453857421875,2213.453857421875,2213.453857421875,0,0.0,0.0
2006-01-04 00:00:00+09:00,2209.6379638671874,2213.454264322917,2175.291259765625,2175.291259765625,7200,0.0,0.0
2006-01-05 00:00:00+09:00,2114.2309386808106,2404.2698400160843,2114.2309386808106,2335.576416015625,66000,0.0,0.0
2006-01-06 00:00:00+09:00,2297.413139586236,2396.636962890625,2274.5153342083004,2396.636962890625,55600,0.0,0.0
2006-01-09 00:00:00+09:00,2396.636962890625,2396.636962890625,2396.636962890625,2396.636962890625,0,0.0,0.0
2006-01-10 00:00:00+09:00,2389.004338424398,2602.717186590159,2366.106533263781,2457.69775390625,86100,0.0,0.0
2006-01-11 00:00:00+09:00,2465.3299427521533,2480.595143636068,2305.0453334710537,2381.371337890625,38900,0.0,0.0
2006-01-12 00:00:00+09:00,2419.5348783289114,2434.800082608589,2389.0044697695557,2427.16748046875,21400,0.0,0.0
2006-01-13 00:00:00+09:00,2404.269984764389,2434.800397269333,2327.9439535020274,2411.902587890625,26300,0.0,0.0
2006-01-16 00:00:00+09:00,2411.9022761890724,2427.16748046875,2404.2696740492333,2427.16748046875,30200,0.0,0.0
2006-01-17 00:00:00+09:00,2396.6356031405217,2404.2682006027526,2305.04443359375,2305.04443359375,17700,0.0,0.0
2006-01-18 00:00:00+09:00,2274.5153517740296,2274.5153517740296,1923.4156666008573,2114.230712890625,30700,0.0,0.0
2006-01-19 00:00:00+09:00,2053.169801548549,2251.617440359933,2037.904598563058,2137.12841796875,21500,0.0,0.0
2006-01-20 00:00:00+09:00,2259.249454471983,2289.779852505388,2175.2908598801187,2213.453857421875,14200,0.0,0.0
2006-01-23 00:00:00+09:00,2198.189768602541,2198.189768602541,2102.7822265625,2102.7822265625,5000,0.0,0.0
2006-01-24 00:00:00+09:00,2098.965148389444,2171.474853515625,2068.4347462310525,2171.474853515625,12400,0.0,0.0
2006-01-25 00:00:00+09:00,2171.4751246861047,2251.617440359933,2137.12841796875,2137.12841796875,18800,0.0,0.0
2006-01-26 00:00:00+09:00,2228.719310322746,2366.1061171234633,2213.4541095671107,2327.943115234375,52200,0.0,0.0
2006-01-27 00:00:00+09:00,2366.1062989871743,2404.269303809548,2327.9432941648006,2343.20849609375,47600,0.0,0.0
2006-01-30 00:00:00+09:00,2411.902587890625,2434.800397269333,2404.269984764389,2411.902587890625,37600,0.0,0.0
2006-01-31 00:00:00+09:00,2411.9017193903687,2480.5951227907276,2327.943115234375,2327.943115234375,32600,0.0,0.0
2006-02-01 00:00:00+09:00,2327.943115234375,2366.1061171234633,2305.045314100922,2327.943115234375,4700,0.0,0.0
2006-02-02 00:00:00+09:00,2358.473357169859,2427.1667559223793,2343.2081574470767,2366.10595703125,17800,0.0,0.0
2006-02-03 00:00:00+09:00,2327.9429577242945,2366.10595703125,2259.249558971774,2366.10595703125,17800,0.0,0.0
2006-02-06 00:00:00+09:00,2366.1063470322483,2389.004150390625,2335.575942554413,2389.004150390625,8300,0.0,0.0
2006-02-07 00:00:00+09:00,2389.004327876984,2427.1673363095238,2366.1065228174602,2404.26953125,14100,0.0,0.0
2006-02-08 00:00:00+09:00,2327.943115234375,2366.1061171234633,2320.3105148565573,2327.943115234375,5700,0.0,0.0
2006-02-09 00:00:00+09:00,2312.677031055981,2366.1052132915975,2175.2902767358237,2305.04443359375,25700,0.0,0.0
2006-02-10 00:00:00+09:00,2289.7798978365386,2289.7798978365386,2182.9235026041665,2232.535400390625,11500,0.0,0.0
2006-02-13 00:00:00+09:00,2232.5364837369552,2232.5364837369552,2064.6192097464836,2102.7822265625,13500,0.0,0.0
2006-02-14 00:00:00+09:00,2098.9646316420103,2152.392822265625,1995.9245497250388,2152.392822265625,12400,0.0,0.0
2006-02-15 00:00:00+09:00,2179.1075929453673,2209.637997049681,2121.86308524978,2167.65869140625,3700,0.0,0.0
2006-02-16 00:00:00+09:00,2190.556291725852,2190.556291725852,2098.965087890625,2098.965087890625,3000,0.0,0.0
2006-02-17 00:00:00+09:00,2098.964966055515,2098.964966055515,1961.578168277336,1980.65966796875,12500,0.0,0.0
2006-02-20 00:00:00+09:00,1858.5386655253749,1923.415785266507,1824.1919550741873,1892.8853759765625,18600,0.0,0.0
2006-02-21 00:00:00+09:00,1896.7011820475261,1923.415283203125,1839.4566795712426,1923.415283203125,38200,0.0,0.0
2006-02-22 00:00:00+09:00,1950.1303202913123,1950.1303202913123,1900.5183943347818,1934.8651123046875,3900,0.0,0.0
2006-02-23 00:00:00+09:00,1965.3944797298302,2041.7204789426391,1946.3129799266278,2007.373779296875,10200,0.0,0.0
2006-02-24 00:00:00+09:00,2026.455827360333,2045.5373323260612,2007.3743223946049,2022.6395263671875,5000,0.0,0.0
2006-02-27 00:00:00+09:00,2053.169517350023,2125.6792214943544,2053.169517350023,2091.33251953125,14600,0.0,0.0
2006-02-28 00:00:00+09:00,2114.2304524739584,2186.740161132813,2114.2304524739584,2175.291259765625,13100,0.0,0.0
2006-03-01 00:00:00+09:00,2175.291234417691,2175.291234417691,2053.1696212573997,2095.14892578125,11800,0.0,0.0
2006-03-02 00:00:00+09:00,2068.4346019603586,2098.965001989294,2056.985701949508,2060.802001953125,5600,0.0,0.0
2006-03-03 00:00:00+09:00,2022.6388538374883,2037.904052734375,2022.6388538374883,2037.904052734375,2800,0.0,0.0
2006-03-06 00:00:00+09:00,1976.8436279296875,1999.7414305697996,1973.0273274896688,1976.8436279296875,3700,0.0,0.0
2006-03-07 00:00:00+09:00,1976.8434252929687,1976.8434252929687,1908.1500244140625,1908.1500244140625,3900,0.0,0.0
2006-03-08 00:00:00+09:00,1931.0478247070314,1938.6804248046876,1908.1500244140625,1908.1500244140625,3300,0.0,0.0
2006-03-09 00:00:00+09:00,1908.1500562798067,1953.9456576305222,1881.4359554918894,1900.5174560546875,12000,0.0,0.0
2006-03-10 00:00:00+09:00,1908.1505806215348,1961.5787968789377,1892.8853759765625,1892.8853759765625,15600,0.0,0.0
2006-03-13 00:00:00+09:00,1946.313224409538,2060.802237610099,1934.8643230894818,1976.8436279296875,12600,0.0,0.0
2006-03-14 00:00:00+09:00,1961.578450210222,2045.5370609196088,1961.578450210222,1999.741455078125,13700,0.0,0.0
2006-03-15 00:00:00+09:00,2060.80224609375,2175.291259765625,2060.80224609375,2175.291259765625,17200,0.0,0.0
2006-03-16 00:00:00+09:00,2144.7606898082386,2152.393290127841,2060.8020862926137,2098.965087890625,8700,0.0,0.0
2006-03-17 00:00:00+09:00,2072.2514267251395,2076.0677276951674,2049.353620904972,2053.169921875,1800,0.0,0.0
2006-03-20 00:00:00+09:00,2064.618418004391,2118.046621058109,2064.618418004391,2091.33251953125,5700,0.0,0.0
2006-03-21 00:00:00+09:00,2091.33251953125,2091.33251953125,2091.33251953125,2091.33251953125,0,0.0,0.0
2006-03-22 00:00:00+09:00,2064.618418004391,2091.33251953125,2064.618418004391,2091.33251953125,2600,0.0,0.0
2006-03-23 00:00:00+09:00,2072.250704731067,2079.8833040118443,2007.3736108444589,2018.822509765625,22100,0.0,0.0
2006-03-24 00:00:00+09:00,1995.924773530506,2037.9040708705356,1992.1084737723213,2003.557373046875,6900,0.0,0.0
2006-03-27 00:00:00+09:00,2045.5368019386574,2072.2509019639756,1999.7412018952546,2060.802001953125,4200,0.0,0.0
2006-03-28 00:00:00+09:00,2099.1075285734955,2099.1075285734955,2056.9721584743925,2068.463623046875,2100,10.0,0.0
2006-03-29 00:00:00+09:00,2076.1236860795457,2125.920010653409,2056.971253551136,2106.767578125,18200,0.0,0.0
2006-03-30 00:00:00+09:00,2129.751264897298,2206.361022627417,2129.751264897298,2179.547607421875,19300,0.0,0.0
2006-03-31 00:00:00+09:00,2148.9030172836838,2286.800537109375,2148.9030172836838,2286.800537109375,21500,0.0,0.0
2006-04-03 00:00:00+09:00,2282.970672660312,2294.4621357777296,2210.19140625,2210.19140625,16700,0.0,0.0
2006-04-04 00:00:00+09:00,2225.5130911036154,2282.970399824019,2225.5130911036154,2244.66552734375,4400,0.0,0.0
2006-04-05 00:00:00+09:00,2217.851886196794,2233.1738335971177,2210.190912496633,2221.682373046875,9100,0.0,0.0
2006-04-06 00:00:00+09:00,2259.9872415476834,2259.9872415476834,2191.038478246229,2221.682373046875,4500,0.0,0.0
2006-04-07 00:00:00+09:00,2206.3609969723184,2214.02197265625,2198.700021288387,2214.02197265625,3000,0.0,0.0
2006-04-10 00:00:00+09:00,2214.02197265625,2214.02197265625,2175.717094236592,2214.02197265625,5800,0.0,0.0
2006-04-11 00:00:00+09:00,2187.2084408248384,2187.2084408248384,2148.903564453125,2148.903564453125,9600,0.0,0.0
2006-04-12 00:00:00+09:00,2145.072933148734,2145.072933148734,2114.429034103752,2118.259521484375,6700,0.0,0.0
2006-04-13 00:00:00+09:00,2148.9041090414557,2179.5480179047922,2145.073620433539,2175.717529296875,10800,0.0,0.0
2006-04-14 00:00:00+09:00,2183.377953187667,2183.377953187667,2148.903564453125,2148.903564453125,5800,0.0,0.0
2006-04-17 00:00:00+09:00,2148.903070977394,2160.39453125,2129.7506371897166,2160.39453125,7600,0.0,0.0
2006-04-18 00:00:00+09:00,2156.5642212571533,2156.5642212571533,2110.5983763990967,2133.581298828125,8200,0.0,0.0
2006-04-19 00:00:00+09:00,2145.072674418605,2160.3946220930234,2133.581213662791,2141.2421875,9000,0.0,0.0
2006-04-20 00:00:00+09:00,2148.9034855433874,2148.9034855433874,2114.429098074777,2145.072998046875,5100,0.0,0.0
2006-04-21 00:00:00+09:00,2118.259521484375,2129.7509836262434,2118.259521484375,2118.259521484375,2600,0.0,0.0
2006-04-24 00:00:00+09:00,2125.9202869450933,2125.9202869450933,2022.4971378504672,2049.310546875,6600,0.0,0.0
2006-04-25 00:00:00+09:00,2072.293468896028,2076.1239558995326,2049.310546875,2049.310546875,4200,0.0,0.0
2006-04-26 00:00:00+09:00,2053.141670283565,2068.463623046875,2045.4806939019097,2068.463623046875,2500,0.0,0.0
2006-04-27 00:00:00+09:00,2087.6160640010125,2106.7685049551505,2068.463623046875,2068.463623046875,4700,0.0,0.0
2006-04-28 00:00:00+09:00,2056.9718607200766,2068.4633236291274,2011.006009083874,2030.158447265625,9700,0.0,0.0
2006-05-01 00:00:00+09:00,2053.1413345756882,2106.7681604787845,2053.1413345756882,2087.61572265625,7000,0.0,0.0
2006-05-02 00:00:00+09:00,2087.61572265625,2114.4291356077983,2087.61572265625,2087.61572265625,2500,0.0,0.0
2006-05-03 00:00:00+09:00,2087.61572265625,2087.61572265625,2087.61572265625,2087.61572265625,0,0.0,0.0
2006-05-04 00:00:00+09:00,2087.61572265625,2087.61572265625,2087.61572265625,2087.61572265625,0,0.0,0.0
2006-05-05 00:00:00+09:00,2087.61572265625,2087.61572265625,2087.61572265625,2087.61572265625,0,0.0,0.0
2006-05-08 00:00:00+09:00,2118.2595144587453,2145.0729260341727,2087.6156155154003,2129.7509765625,12300,0.0,0.0
2006-05-09 00:00:00+09:00,2122.08984375,2122.08984375,2102.937408337094,2122.08984375,7500,0.0,0.0
2006-05-10 00:00:00+09:00,2122.090095423094,2145.073020644283,2110.5986328125,2110.5986328125,8700,0.0,0.0
2006-05-11 00:00:00+09:00,2114.428801988117,2114.428801988117,2095.2763671875,2095.2763671875,1700,0.0,0.0
2006-05-12 00:00:00+09:00,2091.4461456639174,2091.4461456639174,2060.80224609375,2060.80224609375,1300,0.0,0.0
2006-05-15 00:00:00+09:00,1991.8537962906003,2014.8367247093381,1942.0574513833353,1945.887939453125,8800,0.0,0.0
2006-05-16 00:00:00+09:00,1953.548504842522,1965.0399666357134,1949.718017578125,1949.718017578125,11400,0.0,0.0
2006-05-17 00:00:00+09:00,1945.88761633999,1945.88761633999,1922.9046917375492,1942.05712890625,2700,0.0,0.0
2006-05-18 00:00:00+09:00,1942.0572316295697,2030.158447265625,1942.0572316295697,2030.158447265625,4300,0.0,0.0
2006-05-19 00:00:00+09:00,1999.51459691733,2030.1584987857948,1999.51459691733,2014.8365478515625,5900,0.0,0.0
2006-05-22 00:00:00+09:00,2068.4633236291274,2114.4291752653303,2030.158447265625,2030.158447265625,11500,0.0,0.0
2006-05-23 00:00:00+09:00,2091.4466015625003,2091.4466015625003,2007.175859375,2011.00634765625,5000,0.0,0.0
2006-05-24 00:00:00+09:00,2014.8363967384992,2068.463220986292,2014.8363967384992,2060.80224609375,6500,0.0,0.0
2006-05-25 00:00:00+09:00,2068.463623046875,2068.463623046875,1999.5148356119792,2068.463623046875,4800,0.0,0.0
2006-05-26 00:00:00+09:00,2064.632399104192,2064.632399104192,1961.2092548076926,1991.8531494140625,4000,0.0,0.0
2006-05-29 00:00:00+09:00,2018.666748046875,2018.666748046875,1980.3618761674277,2018.666748046875,900,0.0,0.0
2006-05-30 00:00:00+09:00,2018.6670355851204,2022.4975233186785,1984.1926459830975,2014.8365478515625,5500,0.0,0.0
2006-05-31 00:00:00+09:00,1988.0227967496048,1988.0227967496048,1968.870361328125,1968.870361328125,1400,0.0,0.0
2006-06-01 00:00:00+09:00,1991.853458180147,1991.853458180147,1938.2266343060662,1953.548583984375,8700,0.0,0.0
2006-06-02 00:00:00+09:00,1957.3803216257402,1957.3803216257402,1746.703378985005,1899.9229736328125,8500,0.0,0.0
2006-06-05 00:00:00+09:00,1896.0913518372818,1915.243789734628,1853.9559884631199,1892.2608642578125,10400,0.0,0.0
2006-06-06 00:00:00+09:00,1853.9566090067879,1869.278564453125,1823.3126981141138,1869.278564453125,5000,0.0,0.0
2006-06-07 00:00:00+09:00,1876.9384765625,1907.582370057398,1873.1079898756377,1876.9384765625,10000,0.0,0.0
2006-06-08 00:00:00+09:00,1804.1598684019962,1838.6342607918432,1800.3293803586798,1807.9903564453125,5400,0.0,0.0
2006-06-09 00:00:00+09:00,1746.7020536060177,1865.4471493555495,1746.7020536060177,1853.9556884765625,7600,0.0,0.0
2006-06-12 00:00:00+09:00,1865.4473173828123,1915.24365234375,1846.2948808593749,1915.24365234375,4300,0.0,0.0
2006-06-13 00:00:00+09:00,1884.6001342773438,1915.2440388997397,1807.9903727213543,1838.63427734375,5800,0.0,0.0
2006-06-14 00:00:00+09:00,1819.4818369547527,1869.278181966146,1819.4818369547527,1838.63427734375,2700,0.0,0.0
2006-06-15 00:00:00+09:00,1869.2775031887757,1899.9213966836735,1838.6336096938776,1876.9384765625,7000,0.0,0.0
2006-06-16 00:00:00+09:00,1907.5828314103144,1988.0230712890625,1907.5828314103144,1988.0230712890625,17300,0.0,0.0
2006-06-19 00:00:00+09:00,1988.022890222096,1991.8533774864932,1945.887530313728,1949.718017578125,7300,0.0,0.0
2006-06-20 00:00:00+09:00,1903.7521904296875,1915.24365234375,1899.921703125,1915.24365234375,5600,0.0,0.0
2006-06-21 00:00:00+09:00,1945.8876447677612,1961.2095947265625,1926.7352073192596,1961.2095947265625,1300,0.0,0.0
2006-06-22 00:00:00+09:00,1961.2095947265625,1961.2095947265625,1915.2437448501587,1961.2095947265625,6700,0.0,0.0
2006-06-23 00:00:00+09:00,1965.0398742438292,1968.870361328125,1942.0569517380534,1968.870361328125,6900,0.0,0.0
2006-06-26 00:00:00+09:00,1991.8536561908143,2053.1414609966855,1991.8536561908143,2022.49755859375,14600,0.0,0.0
2006-06-27 00:00:00+09:00,2022.4974719929246,2030.158447265625,2014.8364967202242,2030.158447265625,6900,0.0,0.0
2006-06-28 00:00:00+09:00,2030.1588811410054,2045.4808349609377,1999.5149735011412,2045.4808349609375,3900,0.0,0.0
2006-06-29 00:00:00+09:00,2053.14111328125,2053.14111328125,1991.853318854944,2053.14111328125,8600,0.0,0.0
2006-06-30 00:00:00+09:00,1991.8533867859703,2026.3277723264969,1991.8533867859703,2003.3448486328125,27400,0.0,0.0
2006-07-03 00:00:00+09:00,1995.6835886249105,2007.175048828125,1995.6835886249105,2007.175048828125,3000,0.0,0.0
2006-07-04 00:00:00+09:00,1999.5143613505318,2007.1753359150932,1999.5143613505318,2003.3448486328125,8900,0.0,0.0
2006-07-05 00:00:00+09:00,1999.5140380859375,1999.5140380859375,1991.8530647599378,1999.5140380859375,2400,0.0,0.0
2006-07-06 00:00:00+09:00,1991.8530647599378,2007.1750114119372,1988.0225780969379,1999.5140380859375,11200,0.0,0.0
2006-07-07 00:00:00+09:00,1968.8713498348825,1976.5323278498042,1915.2445037304306,1957.3798828125,33100,0.0,0.0
2006-07-10 00:00:00+09:00,1957.3790926546665,1991.85347980514,1957.3790926546665,1984.1925048828125,5600,0.0,0.0
2006-07-11 00:00:00+09:00,1984.1922666679307,1984.1922666679307,1915.2435006447208,1972.7008056640625,5300,0.0,0.0
2006-07-12 00:00:00+09:00,1953.5487576812623,1976.5316842422183,1915.243880079669,1938.226806640625,2700,0.0,0.0
2006-07-13 00:00:00+09:00,1991.8531976744187,1991.8531976744187,1938.2263808139537,1976.53125,8900,0.0,0.0
2006-07-14 00:00:00+09:00,1953.5486982022112,1965.0401611328125,1915.243821766874,1965.0401611328125,4500,0.0,0.0
2006-07-17 00:00:00+09:00,1965.0401611328125,1965.0401611328125,1965.0401611328125,1965.0401611328125,0,0.0,0.0
2006-07-18 00:00:00+09:00,1965.0399873046874,1965.0399873046874,1884.59975390625,1915.24365234375,14200,0.0,0.0
2006-07-19 00:00:00+09:00,1911.4131650390625,1915.24365234375,1853.9558554687499,1915.24365234375,11700,0.0,0.0
2006-07-20 00:00:00+09:00,1876.9389139399354,1892.2608642578125,1876.9389139399354,1892.2608642578125,4600,0.0,0.0
2006-07-21 00:00:00+09:00,1880.769448929474,1880.769448929474,1823.3121337890625,1823.3121337890625,8300,0.0,0.0
2006-07-24 00:00:00+09:00,1830.9734565449946,1853.9563869618776,1792.6685725168568,1846.29541015625,7400,0.0,0.0
2006-07-25 00:00:00+09:00,1792.6684204101564,1838.63427734375,1792.6684204101564,1838.63427734375,4000,0.0,0.0
2006-07-26 00:00:00+09:00,1838.6342607918432,1838.6342607918432,1807.9903564453125,1807.9903564453125,1300,0.0,0.0
2006-07-27 00:00:00+09:00,1807.9903727213543,1861.617205810547,1781.1769561767578,1838.63427734375,2000,0.0,0.0
2006-07-28 00:00:00+09:00,1811.8202028858418,1876.9384765625,1811.8202028858418,1876.9384765625,2300,0.0,0.0
2006-07-31 00:00:00+09:00,1934.3959775694614,1968.870361328125,1915.2435421479815,1968.870361328125,1700,0.0,0.0
2006-08-01 00:00:00+09:00,1953.5486197471619,1968.870569705963,1953.5486197471619,1961.2095947265625,6700,0.0,0.0
2006-08-02 00:00:00+09:00,1988.0230712890625,1988.0230712890625,1976.5316084492415,1988.0230712890625,1600,0.0,0.0
2006-08-03 00:00:00+09:00,1991.85347980514,2053.1412791837597,1953.5486051935027,1984.1925048828125,11500,0.0,0.0
2006-08-04 00:00:00+09:00,2007.1750114119372,2053.1408513679357,1999.5140380859375,1999.5140380859375,7000,0.0,0.0
2006-08-07 00:00:00+09:00,1999.5144330193016,2003.3449204388787,1953.548583984375,1953.548583984375,2600,0.0,0.0
2006-08-08 00:00:00+09:00,1953.548525390625,1953.548525390625,1915.24365234375,1915.24365234375,3300,0.0,0.0
2006-08-09 00:00:00+09:00,1915.2449330975933,1922.9059128299837,1899.9229736328125,1899.9229736328125,2500,0.0,0.0
2006-08-10 00:00:00+09:00,1915.24365234375,1919.0741396484375,1915.24365234375,1915.24365234375,3300,0.0,0.0
2006-08-11 00:00:00+09:00,1919.0741972081803,1953.548583984375,1919.0741972081803,1953.548583984375,400,0.0,0.0
2006-08-14 00:00:00+09:00,1838.6337127379759,1915.2434507687249,1838.6337127379759,1911.4129638671875,6400,0.0,0.0
2006-08-15 00:00:00+09:00,1915.2441746685133,1945.8880814632096,1911.4136863191763,1922.9051513671875,2300,0.0,0.0
2006-08-16 00:00:00+09:00,1934.3961540387697,1949.7181037737303,1934.3961540387697,1942.05712890625,900,0.0,0.0
2006-08-17 00:00:00+09:00,1945.8874388223494,1991.8532838339008,1945.8874388223494,1968.870361328125,11400,0.0,0.0
2006-08-18 00:00:00+09:00,1968.8706332226939,1991.8535589023363,1968.8706332226939,1988.0230712890625,1000,0.0,0.0
2006-08-21 00:00:00+09:00,1957.3798828125,1984.193305864726,1949.7189047975783,1957.3798828125,3700,0.0,0.0
2006-08-22 00:00:00+09:00,1938.226806640625,1938.226806640625,1938.226806640625,1938.226806640625,200,0.0,0.0
2006-08-23 00:00:00+09:00,1919.0746630178503,1926.7356397165245,1919.0746630178503,1922.9051513671875,2300,0.0,0.0
2006-08-24 00:00:00+09:00,1922.904626953125,1942.0570634765625,1907.582677734375,1915.24365234375,10800,0.0,0.0
2006-08-25 00:00:00+09:00,1915.24365234375,1930.5656015625,1899.921703125,1915.24365234375,12700,0.0,0.0
2006-08-28 00:00:00+09:00,1915.2442288685995,1919.0747173263367,1907.583251953125,1907.583251953125,2900,0.0,0.0
2006-08-29 00:00:00+09:00,1907.582677734375,1915.24365234375,1903.7521904296875,1915.24365234375,2700,0.0,0.0
2006-08-30 00:00:00+09:00,1915.243880079669,1945.8877821609437,1915.243880079669,1938.226806640625,5400,0.0,0.0
2006-08-31 00:00:00+09:00,1953.5489155927041,1957.3794036624938,1934.396475243756,1945.887939453125,2600,0.0,0.0
2006-09-01 00:00:00+09:00,1942.0570634765625,1942.0570634765625,1915.24365234375,1915.24365234375,9000,0.0,0.0
2006-09-04 00:00:00+09:00,1945.887939453125,1961.2098917322833,1922.9050110343871,1945.887939453125,7600,0.0,0.0
2006-09-05 00:00:00+09:00,1930.5654069767443,1988.0227107558142,1915.2434593023256,1976.53125,7800,0.0,0.0
2006-09-06 00:00:00+09:00,1991.8531494140627,2033.9885044978216,1968.870228459285,1991.8531494140625,18600,0.0,0.0
2006-09-07 00:00:00+09:00,1995.6849365234375,2022.4983617742323,1984.1934685588112,1995.6849365234375,11900,0.0,0.0
2006-09-08 00:00:00+09:00,1995.6840465156101,1995.6840465156101,1968.8706332226939,1988.0230712890625,3800,0.0,0.0
2006-09-11 00:00:00+09:00,1988.0239578803532,2030.1593404173166,1976.532489915727,1995.6849365234375,11800,0.0,0.0
2006-09-12 00:00:00+09:00,2022.4975233186785,2022.4975233186785,1991.8536214502137,2014.8365478515625,1700,0.0,0.0
2006-09-13 00:00:00+09:00,2014.8360222969347,2014.8360222969347,1991.8531018905057,2007.175048828125,600,0.0,0.0
2006-09-14 00:00:00+09:00,1988.0230071544645,1988.0230071544645,1953.5486197471619,1961.2095947265625,3600,0.0,0.0
2006-09-15 00:00:00+09:00,1961.2108114919354,1961.2108114919354,1896.0924837666173,1899.9229736328125,9400,0.0,0.0
2006-09-18 00:00:00+09:00,1899.9229736328125,1899.9229736328125,1899.9229736328125,1899.9229736328125,0,0.0,0.0
2006-09-19 00:00:00+09:00,1930.5658311203063,1972.701196482059,1930.5658311203063,1938.226806640625,3500,0.0,0.0
2006-09-20 00:00:00+09:00,1938.2269376902648,1938.2269376902648,1907.583033537059,1926.7354736328125,2300,0.0,0.0
2006-09-21 00:00:00+09:00,1919.0746630178503,1949.7185698125465,1919.0746630178503,1922.9051513671875,700,0.0,0.0
2006-09-22 00:00:00+09:00,1915.2435421479815,1968.870361328125,1915.2435421479815,1968.870361328125,10800,0.0,0.0
2006-09-25 00:00:00+09:00,1919.0741972081803,1953.548583984375,1919.0741972081803,1953.548583984375,2800,0.0,0.0
2006-09-26 00:00:00+09:00,1945.8577259543413,1949.7032945827095,1926.6298828125,1926.6298828125,5100,10.0,0.0
2006-09-27 00:00:00+09:00,1934.3212270661602,1961.240210345411,1934.3212270661602,1953.549072265625,600,0.0,0.0
2006-09-28 00:00:00+09:00,1934.3204616433322,1942.0115966796875,1934.3204616433322,1942.0115966796875,1100,0.0,0.0
2006-09-29 00:00:00+09:00,1957.3938798922936,1999.6951228762136,1953.548312348301,1980.46728515625,4700,0.0,0.0
2006-10-02 00:00:00+09:00,1999.6957767370977,2030.4603271484375,1999.6957767370977,2030.4603271484375,3300,0.0,0.0
2006-10-03 00:00:00+09:00,2030.4603271484375,2041.99703355269,1999.6957767370977,2030.4603271484375,11600,0.0,0.0
2006-10-04 00:00:00+09:00,2034.305216626957,2038.15078414421,2007.3862440061844,2011.2318115234375,4600,0.0,0.0
2006-10-05 00:00:00+09:00,2015.0779888904117,2015.0779888904117,1953.5488899929946,1972.7767333984375,3300,0.0,0.0
2006-10-06 00:00:00+09:00,1980.4672713854118,2018.922946557944,1976.6217038681584,2011.2318115234375,5100,0.0,0.0
2006-10-09 00:00:00+09:00,2011.2318115234375,2011.2318115234375,2011.2318115234375,2011.2318115234375,0,0.0,0.0
2006-10-10 00:00:00+09:00,2011.23248314135,2038.1514647512727,2011.23248314135,2030.4603271484375,14000,0.0,0.0
2006-10-11 00:00:00+09:00,2038.1511230468748,2038.1511230468748,2022.768850420106,2038.151123046875,18100,0.0,0.0
2006-10-12 00:00:00+09:00,2007.38620323768,2030.459607872596,1999.6950683593748,1999.695068359375,2100,0.0,0.0
2006-10-13 00:00:00+09:00,2030.4603271484375,2061.2248775597777,2015.0780519427676,2030.4603271484375,18400,0.0,0.0
2006-10-16 00:00:00+09:00,2057.3791166073283,2084.298095703125,2049.687979722815,2084.298095703125,7600,0.0,0.0
2006-10-17 00:00:00+09:00,2107.371285831227,2111.216853871065,2076.606741512523,2091.989013671875,12100,0.0,0.0
2006-10-18 00:00:00+09:00,2068.9158625422297,2134.29052734375,2068.9158625422297,2134.29052734375,10100,0.0,0.0
2006-10-19 00:00:00+09:00,2134.29052734375,2145.8272328969592,2134.29052734375,2134.29052734375,10200,0.0,0.0
2006-10-20 00:00:00+09:00,2126.599090576172,2153.51806640625,2107.3712506975444,2153.51806640625,4300,0.0,0.0
2006-10-23 00:00:00+09:00,2176.5923727519985,2176.5923727519985,2157.364524936168,2165.0556640625,3500,0.0,0.0
2006-10-24 00:00:00+09:00,2165.0547173589252,2165.0547173589252,2134.290174305868,2138.1357421875,4600,0.0,0.0
2006-10-25 00:00:00+09:00,2138.1357421875,2138.1357421875,2138.1357421875,2138.1357421875,100,0.0,0.0
2006-10-26 00:00:00+09:00,2122.753146306818,2122.753146306818,2091.9886079545454,2115.06201171875,400,0.0,0.0
2006-10-27 00:00:00+09:00,2084.297877592199,2091.989013671875,2084.297877592199,2091.989013671875,1500,0.0,0.0
2006-10-30 00:00:00+09:00,2091.989077240566,2091.989077240566,1945.8574872862616,2038.151123046875,3200,0.0,0.0
2006-10-31 00:00:00+09:00,2049.6875,2049.6875,2049.6875,2049.6875,100,0.0,0.0
2006-11-01 00:00:00+09:00,2049.687687870295,2072.7610952384407,2049.687687870295,2068.91552734375,1400,0.0,0.0
2006-11-02 00:00:00+09:00,2038.1511230468748,2038.1511230468748,2038.1511230468748,2038.151123046875,600,0.0,0.0
2006-11-03 00:00:00+09:00,2038.1511230468748,2038.1511230468748,2038.1511230468748,2038.151123046875,0,0.0,0.0
2006-11-06 00:00:00+09:00,2038.1511230468748,2053.5333956736436,2015.0777141067215,2038.151123046875,1300,0.0,0.0
2006-11-07 00:00:00+09:00,2038.151427641369,2038.151427641369,1976.622327938988,2018.923583984375,3200,0.0,0.0
2006-11-08 00:00:00+09:00,1999.6951228762136,2018.922960596177,1980.46728515625,1980.46728515625,2100,0.0,0.0
2006-11-09 00:00:00+09:00,1980.467858314514,1980.467858314514,1968.93115234375,1968.93115234375,400,0.0,0.0
2006-11-10 00:00:00+09:00,1968.9308122568093,1976.6219482421875,1961.239676271431,1976.6219482421875,4000,0.0,0.0
2006-11-13 00:00:00+09:00,1976.622300377423,1976.622300377423,1930.475476244098,1934.321044921875,1600,0.0,0.0
2006-11-14 00:00:00+09:00,1922.784340544286,1972.7767333984375,1922.784340544286,1972.7767333984375,3800,0.0,0.0
2006-11-15 00:00:00+09:00,1972.7762049057906,1988.1584755093445,1961.2395019531252,1961.239501953125,4900,0.0,0.0
2006-11-16 00:00:00+09:00,1999.6954414799527,2038.1511230468748,1999.6954414799527,2038.151123046875,1300,0.0,0.0
2006-11-17 00:00:00+09:00,2038.150665838068,2122.753146306818,2007.3861274857954,2115.06201171875,6800,0.0,0.0
2006-11-20 00:00:00+09:00,2115.0630422299273,2115.0630422299273,2038.151658876112,2053.533935546875,7200,0.0,0.0
2006-11-21 00:00:00+09:00,2038.1511230468748,2045.8422593602593,2038.1511230468748,2038.151123046875,1600,0.0,0.0
2006-11-22 00:00:00+09:00,2034.3055548901827,2053.5333956736436,2007.3865777933372,2038.151123046875,2700,0.0,0.0
2006-11-23 00:00:00+09:00,2038.1511230468748,2038.1511230468748,2038.1511230468748,2038.151123046875,0,0.0,0.0
2006-11-24 00:00:00+09:00,2061.224660011574,2099.680343967014,2061.224660011574,2076.60693359375,9000,0.0,0.0
2006-11-27 00:00:00+09:00,2015.0780519427676,2038.1514647512727,1984.3135015314276,2030.4603271484375,6300,0.0,0.0
2006-11-28 00:00:00+09:00,2030.4603271484375,2038.1514647512727,2030.4603271484375,2030.4603271484375,900,0.0,0.0
2006-11-29 00:00:00+09:00,2030.4592937440364,2030.4592937440364,1992.0036253019143,2015.0770263671875,1800,0.0,0.0
2006-11-30 00:00:00+09:00,2076.60693359375,2076.60693359375,2076.60693359375,2076.60693359375,1000,0.0,0.0
2006-12-01 00:00:00+09:00,2015.0779059232414,2038.151317059767,2015.0779059232414,2022.76904296875,800,0.0,0.0
2006-12-04 00:00:00+09:00,2007.3862570356473,2049.6875,2007.3862570356473,2049.6875,600,0.0,0.0
2006-12-05 00:00:00+09:00,2072.760986328125,2072.760986328125,2072.760986328125,2072.760986328125,100,0.0,0.0
2006-12-06 00:00:00+09:00,2007.3865777933372,2038.1511230468748,1972.7764643831072,2038.151123046875,5900,0.0,0.0
2006-12-07 00:00:00+09:00,2003.541009636645,2038.1511230468748,2003.541009636645,2038.151123046875,5500,0.0,0.0
2006-12-08 00:00:00+09:00,2038.1511230468748,2038.1511230468748,1999.6954414799527,2038.151123046875,5300,0.0,0.0
2006-12-11 00:00:00+09:00,2011.2321459500295,2038.1511230468748,1999.6954414799527,2038.151123046875,5900,0.0,0.0
2006-12-12 00:00:00+09:00,2038.15124963831,2076.60693359375,2038.15124963831,2076.60693359375,11800,0.0,0.0
2006-12-13 00:00:00+09:00,2045.8422278718576,2076.6067726518854,2030.4599554818437,2065.070068359375,6200,0.0,0.0
2006-12-14 00:00:00+09:00,2053.5334339971128,2122.753662109375,2053.5334339971128,2122.753662109375,10200,0.0,0.0
2006-12-15 00:00:00+09:00,2118.908228289585,2126.599365234375,2107.3715228724004,2126.599365234375,6400,0.0,0.0
2006-12-18 00:00:00+09:00,2126.598768544111,2130.4443359375,2126.598768544111,2130.4443359375,9100,0.0,0.0
2006-12-19 00:00:00+09:00,2122.753662109375,2122.753662109375,2107.371389195539,2122.753662109375,4900,0.0,0.0
2006-12-20 00:00:00+09:00,2099.6797425426134,2115.06201171875,2099.6797425426134,2115.06201171875,500,0.0,0.0
2006-12-21 00:00:00+09:00,2118.907902779339,2149.6724458323965,2080.452223963017,2138.1357421875,5700,0.0,0.0
2006-12-22 00:00:00+09:00,2138.1360958614864,2191.974055109797,2049.688019953547,2134.29052734375,33300,0.0,0.0
2006-12-25 00:00:00+09:00,2153.5187183471453,2168.900994906768,2084.298473828844,2088.14404296875,7900,0.0,0.0
2006-12-26 00:00:00+09:00,2076.6066595492457,2115.0623384297874,2053.533252220921,2103.525634765625,15200,0.0,0.0
2006-12-27 00:00:00+09:00,2130.4446064242356,2138.1357421875,2076.6066560813847,2138.1357421875,2700,0.0,0.0
2006-12-28 00:00:00+09:00,2095.834581711713,2107.371285831227,2091.989013671875,2091.989013671875,4200,0.0,0.0
2006-12-29 00:00:00+09:00,2091.9892325876385,2095.834801029895,2084.298095703125,2084.298095703125,1200,0.0,0.0
2007-01-04 00:00:00+09:00,2115.06201171875,2115.06201171875,2115.06201171875,2115.06201171875,100,0.0,0.0
2007-01-05 00:00:00+09:00,2111.216853871065,2138.135830149931,2065.070037393009,2091.989013671875,5400,0.0,0.0
2007-01-09 00:00:00+09:00,2065.0699558850833,2103.525634765625,2053.533252220921,2103.525634765625,5700,0.0,0.0
2007-01-10 00:00:00+09:00,2103.525634765625,2115.0623384297874,2103.525634765625,2103.525634765625,1000,0.0,0.0
2007-01-11 00:00:00+09:00,2072.760905253283,2091.9887429643527,2049.6875,2049.6875,5800,0.0,0.0
2007-01-12 00:00:00+09:00,2065.070037393009,2091.989013671875,2065.070037393009,2091.989013671875,2500,0.0,0.0
2007-01-15 00:00:00+09:00,2084.297689406018,2091.98882479128,2072.760986328125,2072.760986328125,1900,0.0,0.0
2007-01-16 00:00:00+09:00,2057.379504714566,2088.144058056092,2053.533935546875,2053.533935546875,3300,0.0,0.0
2007-01-17 00:00:00+09:00,2057.3787155576006,2072.760986328125,2057.3787155576006,2072.760986328125,800,0.0,0.0
2007-01-18 00:00:00+09:00,2072.7610881997525,2138.1357421875,2072.7610881997525,2138.1357421875,5800,0.0,0.0
2007-01-19 00:00:00+09:00,2138.135830149931,2138.135830149931,2091.989013671875,2091.989013671875,1000,0.0,0.0
2007-01-22 00:00:00+09:00,2072.760986328125,2111.2166632544354,2072.760986328125,2072.760986328125,2900,0.0,0.0
2007-01-23 00:00:00+09:00,2076.606663133132,2099.680070501278,2065.069959449059,2068.91552734375,6000,0.0,0.0
2007-01-24 00:00:00+09:00,2068.9153648875586,2084.2976352584697,2057.378662109375,2057.378662109375,2700,0.0,0.0
2007-01-25 00:00:00+09:00,2061.224660011574,2080.452501989294,2038.15124963831,2076.60693359375,5500,0.0,0.0
2007-01-26 00:00:00+09:00,2045.8422593602593,2084.2979409271816,2038.1511230468748,2038.151123046875,13300,0.0,0.0
2007-01-29 00:00:00+09:00,2038.15078414421,2041.9963516614635,2003.540676488931,2011.2318115234375,4700,0.0,0.0
2007-01-30 00:00:00+09:00,2007.3858926787632,2015.0770263671875,1999.6947589903386,2015.0770263671875,5100,0.0,0.0
2007-01-31 00:00:00+09:00,2022.7685004340276,2041.996337890625,2015.077365451389,2041.996337890625,1800,0.0,0.0
2007-02-01 00:00:00+09:00,2045.8418776292067,2045.8418776292067,1999.6950683593748,1999.695068359375,1100,0.0,0.0
2007-02-02 00:00:00+09:00,1995.8498733232605,2053.5333956736436,1976.6220325397994,2038.151123046875,4200,0.0,0.0
2007-02-05 00:00:00+09:00,1999.6950134750487,2038.150686811107,1968.9304748062018,1984.312744140625,10700,0.0,0.0
2007-02-06 00:00:00+09:00,1980.467858314514,1992.004564285278,1968.93115234375,1968.93115234375,3800,0.0,0.0
2007-02-07 00:00:00+09:00,1961.2400273551716,1972.7767333984375,1957.3944586740831,1972.7767333984375,3100,0.0,0.0
2007-02-08 00:00:00+09:00,1957.3939343022366,1961.2395019531252,1957.3939343022366,1961.239501953125,1100,0.0,0.0
2007-02-09 00:00:00+09:00,1961.2396108331288,1961.2396108331288,1953.5484751043714,1957.39404296875,1700,0.0,0.0
2007-02-13 00:00:00+09:00,1957.3940429687502,1957.3940429687502,1934.3206357824781,1957.39404296875,3000,0.0,0.0
2007-02-14 00:00:00+09:00,1957.3939343022366,1961.2395019531252,1938.1660960477943,1961.239501953125,1300,0.0,0.0
2007-02-15 00:00:00+09:00,1972.77707619863,1972.77707619863,1949.7036601027396,1965.0859375,1500,0.0,0.0
2007-02-16 00:00:00+09:00,1965.0850696040136,1965.0850696040136,1953.5483666513483,1961.239501953125,1000,0.0,0.0
2007-02-19 00:00:00+09:00,1934.3212270661602,1953.549072265625,1934.3212270661602,1953.549072265625,3100,0.0,0.0
2007-02-20 00:00:00+09:00,1953.5491228445594,1953.5491228445594,1926.6301388683548,1930.4757080078125,4700,0.0,0.0
2007-02-21 00:00:00+09:00,1930.4757080078125,1938.1668462867283,1930.4757080078125,1930.4757080078125,800,0.0,0.0
2007-02-22 00:00:00+09:00,1930.475476244098,1934.321044921875,1926.6299075663208,1934.321044921875,1100,0.0,0.0
2007-02-23 00:00:00+09:00,1938.1668462867283,1953.5491228445594,1930.4757080078125,1930.4757080078125,8000,0.0,0.0
2007-02-26 00:00:00+09:00,1922.7842388731062,1945.8576497395834,1903.5563964843752,1903.556396484375,8300,0.0,0.0
2007-02-27 00:00:00+09:00,1907.4022931710658,1938.1668462867283,1903.556724031608,1930.4757080078125,10200,0.0,0.0
2007-02-28 00:00:00+09:00,1907.4022457015562,1922.7845218765688,1865.1009862202718,1915.0933837890625,3100,0.0,0.0
2007-03-01 00:00:00+09:00,1899.7104358479653,1899.7104358479653,1880.4825974284513,1895.8648681640625,3400,0.0,0.0
2007-03-02 00:00:00+09:00,1895.8648278061225,1895.8648278061225,1884.328125,1884.328125,3500,0.0,0.0
2007-03-05 00:00:00+09:00,1872.7920288085938,1876.63759765625,1845.873046875,1845.873046875,3200,0.0,0.0
2007-03-06 00:00:00+09:00,1822.7993355347937,1884.3284270296392,1822.7993355347937,1865.1005859375,3100,0.0,0.0
2007-03-07 00:00:00+09:00,1884.3283300380197,1884.3283300380197,1872.7916259765625,1872.7916259765625,1500,0.0,0.0
2007-03-08 00:00:00+09:00,1884.328125,1884.328125,1884.328125,1884.328125,100,0.0,0.0
2007-03-09 00:00:00+09:00,1884.328243890124,1922.7839223368612,1880.4826760454503,1918.9383544921875,4500,0.0,0.0
2007-03-12 00:00:00+09:00,1942.0117784177696,1942.0117784177696,1884.3282602469449,1888.173828125,3900,0.0,0.0
2007-03-13 00:00:00+09:00,1907.402371766137,1907.402371766137,1876.6378173828125,1876.6378173828125,2000,0.0,0.0
2007-03-14 00:00:00+09:00,1868.9466787869812,1876.6378173828125,1861.25554019115,1876.6378173828125,3400,0.0,0.0
2007-03-15 00:00:00+09:00,1899.7103954081633,1899.7103954081633,1868.9458545918367,1884.328125,3200,0.0,0.0
2007-03-16 00:00:00+09:00,1892.0195702304359,1918.9385478556658,1830.490478515625,1830.490478515625,4200,0.0,0.0
2007-03-19 00:00:00+09:00,1768.9613804768042,1865.1005859375,1765.1158122583763,1865.1005859375,7500,0.0,0.0
2007-03-20 00:00:00+09:00,1899.7109743421468,1911.2476806640625,1884.3286992462588,1911.2476806640625,4200,0.0,0.0
2007-03-22 00:00:00+09:00,1918.9382607064597,1918.9382607064597,1888.1737194526486,1892.019287109375,1300,0.0,0.0
2007-03-23 00:00:00+09:00,1884.3281668670907,1884.3281668670907,1853.5636253672199,1861.2547607421875,2700,0.0,0.0
2007-03-26 00:00:00+09:00,1845.8727448453608,1865.1005859375,1845.8727448453608,1865.1005859375,2500,0.0,0.0
2007-03-27 00:00:00+09:00,1868.961953245563,1876.6849365234375,1853.5159866898148,1876.6849365234375,3500,10.0,0.0
2007-03-28 00:00:00+09:00,1876.6849342767446,1888.2694091796873,1876.6849342767446,1888.2694091796875,1200,0.0,0.0
2007-03-29 00:00:00+09:00,1892.130615234375,1892.130615234375,1853.5157047193877,1892.130615234375,2900,0.0,0.0
2007-03-30 00:00:00+09:00,1861.2386868223853,1892.130615234375,1861.2386868223853,1892.130615234375,300,0.0,0.0
2007-04-02 00:00:00+09:00,1892.130615234375,1892.130615234375,1892.130615234375,1892.130615234375,0,0.0,0.0
2007-04-03 00:00:00+09:00,1892.1307398268016,1892.1307398268016,1868.9617919921875,1868.9617919921875,900,0.0,0.0
2007-04-04 00:00:00+09:00,1892.130615234375,1892.130615234375,1892.130615234375,1892.130615234375,300,0.0,0.0
2007-04-05 00:00:00+09:00,1892.130615234375,1892.130615234375,1868.9616689253826,1892.130615234375,900,0.0,0.0
2007-04-06 00:00:00+09:00,1830.347039074631,1865.1004638671873,1830.347039074631,1865.1004638671875,2500,0.0,0.0
2007-04-09 00:00:00+09:00,1868.9619466145834,1911.4383544921875,1861.2389633641098,1911.4383544921875,5100,0.0,0.0
2007-04-10 00:00:00+09:00,1911.4381494140625,1930.74560546875,1880.5462197265624,1930.74560546875,2600,0.0,0.0
2007-04-11 00:00:00+09:00,1903.715531224456,1919.1614990234375,1899.8540392747107,1919.1614990234375,800,0.0,0.0
2007-04-12 00:00:00+09:00,1915.2995600576153,1930.7455242516282,1915.2995600576153,1926.884033203125,600,0.0,0.0
2007-04-13 00:00:00+09:00,1930.74560546875,1930.74560546875,1930.74560546875,1930.74560546875,100,0.0,0.0
2007-04-16 00:00:00+09:00,1895.9921062858737,1907.5765794403699,1892.130615234375,1892.130615234375,2100,0.0,0.0
2007-04-17 00:00:00+09:00,1892.131251965539,1892.131251965539,1799.455435542737,1822.6243896484375,5100,0.0,0.0
2007-04-18 00:00:00+09:00,1830.3476019401312,1857.3780517578125,1822.6246162779366,1857.3780517578125,7000,0.0,0.0
2007-04-19 00:00:00+09:00,1857.3780092104837,1868.9624874384076,1849.6550237252009,1861.239501953125,5800,0.0,0.0
2007-04-20 00:00:00+09:00,1861.239501953125,1861.239501953125,1861.239501953125,1861.239501953125,1400,0.0,0.0
2007-04-23 00:00:00+09:00,1861.239501953125,1861.239501953125,1822.6245745267115,1861.239501953125,4300,0.0,0.0
2007-04-24 00:00:00+09:00,1861.2386888320477,1861.2386888320477,1814.9007961640298,1845.792724609375,1000,0.0,0.0
2007-04-25 00:00:00+09:00,1845.7930518398764,1853.516035320378,1799.455150956867,1838.070068359375,4600,0.0,0.0
2007-04-26 00:00:00+09:00,1838.0700683593748,1838.0700683593748,1799.455150956867,1838.070068359375,2900,0.0,0.0
2007-04-27 00:00:00+09:00,1838.0701456705729,1861.2390970865886,1814.9011942545571,1853.51611328125,4800,0.0,0.0
2007-05-01 00:00:00+09:00,1849.6542968750002,1849.6542968750002,1849.6542968750002,1849.654296875,300,0.0,0.0
2007-05-02 00:00:00+09:00,1849.6542968750002,1849.6542968750002,1849.6542968750002,1849.654296875,300,0.0,0.0
2007-05-07 00:00:00+09:00,1853.51611328125,1853.51611328125,1853.51611328125,1853.51611328125,400,0.0,0.0
2007-05-08 00:00:00+09:00,1857.3780517578125,1857.3780517578125,1857.3780517578125,1857.3780517578125,1000,0.0,0.0
2007-05-09 00:00:00+09:00,1834.2086181640627,1834.2086181640627,1834.2086181640627,1834.2086181640625,600,0.0,0.0
2007-05-10 00:00:00+09:00,1807.1783447265625,1814.9013291057358,1803.3168525369758,1807.1783447265625,3700,0.0,0.0
2007-05-11 00:00:00+09:00,1803.316661122081,1803.316661122081,1756.978759765625,1756.978759765625,6400,0.0,0.0
2007-05-14 00:00:00+09:00,1803.3170166015625,1803.3170166015625,1803.3170166015625,1803.3170166015625,3500,0.0,0.0
2007-05-15 00:00:00+09:00,1776.2862998560856,1776.2862998560856,1760.84033203125,1760.84033203125,400,0.0,0.0
2007-05-16 00:00:00+09:00,1760.8402123861754,1760.8402123861754,1745.394245610858,1749.2557373046875,5500,0.0,0.0
2007-05-17 00:00:00+09:00,1652.7183837890625,1668.1643499926986,1652.7183837890625,1652.7183837890625,18300,0.0,0.0
2007-05-18 00:00:00+09:00,1575.4885236085765,1587.072998046875,1548.458083252547,1587.072998046875,11600,0.0,0.0
2007-05-21 00:00:00+09:00,1590.934482583481,1633.410888671875,1587.0729911208998,1633.410888671875,7000,0.0,0.0
2007-05-22 00:00:00+09:00,1633.4110553167886,1633.4110553167886,1617.965087890625,1617.965087890625,500,0.0,0.0
2007-05-23 00:00:00+09:00,1648.8571510314941,1648.8571510314941,1606.3807373046875,1606.3807373046875,5500,0.0,0.0
2007-05-24 00:00:00+09:00,1590.9344895263077,1606.380455444039,1587.072998046875,1587.072998046875,800,0.0,0.0
2007-05-25 00:00:00+09:00,1544.5968328737745,1575.48876953125,1544.5968328737745,1575.48876953125,5700,0.0,0.0
2007-05-28 00:00:00+09:00,1648.856567666697,1660.4410400390625,1621.8261321311775,1660.4410400390625,8800,0.0,0.0
2007-05-29 00:00:00+09:00,1683.6102741659383,1683.6102741659383,1587.0729878032125,1656.579833984375,8100,0.0,0.0
2007-05-30 00:00:00+09:00,1629.5498046875,1629.5498046875,1629.5498046875,1629.5498046875,900,0.0,0.0
2007-05-31 00:00:00+09:00,1629.549690246582,1629.549690246582,1606.3807373046875,1606.3807373046875,3400,0.0,0.0
2007-06-01 00:00:00+09:00,1598.6573089375763,1598.6573089375763,1575.4883624312347,1579.349853515625,13100,0.0,0.0
2007-06-04 00:00:00+09:00,1606.3807373046875,1606.3807373046875,1606.3807373046875,1606.3807373046875,1000,0.0,0.0
2007-06-05 00:00:00+09:00,1579.349853515625,1579.349853515625,1579.349853515625,1579.349853515625,5200,0.0,0.0
2007-06-06 00:00:00+09:00,1571.6273193359375,1571.6273193359375,1571.6273193359375,1571.6273193359375,1100,0.0,0.0
2007-06-07 00:00:00+09:00,1552.3194171157725,1560.0423992904778,1548.4579260284197,1556.180908203125,3100,0.0,0.0
2007-06-08 00:00:00+09:00,1544.5965174987457,1544.5965174987457,1536.873534911252,1539.1904296875,5400,0.0,0.0
2007-06-11 00:00:00+09:00,1552.319499103803,1552.319499103803,1544.596516521197,1548.4580078125,1600,0.0,0.0
2007-06-12 00:00:00+09:00,1556.1811939448266,1556.1811939448266,1548.4582103520484,1552.3197021484375,2600,0.0,0.0
2007-06-13 00:00:00+09:00,1548.4582103520484,1552.3197021484375,1544.5967185556592,1552.3197021484375,3400,0.0,0.0
2007-06-14 00:00:00+09:00,1552.3194171157725,1556.180908203125,1544.596434941067,1556.180908203125,4200,0.0,0.0
2007-06-15 00:00:00+09:00,1560.04248046875,1567.765463045328,1556.180989180461,1560.04248046875,7600,0.0,0.0
2007-06-18 00:00:00+09:00,1556.180908203125,1556.180908203125,1556.180908203125,1556.180908203125,4100,0.0,0.0
2007-06-19 00:00:00+09:00,1544.596516521197,1548.4580078125,1544.596516521197,1548.4580078125,4800,0.0,0.0
2007-06-20 00:00:00+09:00,1544.596721295426,1544.596721295426,1540.7352294921875,1540.7352294921875,3600,0.0,0.0
2007-06-21 00:00:00+09:00,1538.4184990524348,1540.735394382333,1533.784708392638,1534.5570068359375,4100,0.0,0.0
2007-06-22 00:00:00+09:00,1533.7845029296875,1544.5966796875,1533.7845029296875,1544.5966796875,8600,0.0,0.0
2007-06-25 00:00:00+09:00,1537.6460366000133,1548.4582136529516,1537.6460366000133,1538.4183349609375,3700,0.0,0.0
2007-06-26 00:00:00+09:00,1535.3291415172407,1538.4183349609375,1533.0122464344684,1538.4183349609375,12300,0.0,0.0
2007-06-27 00:00:00+09:00,1556.180990395106,1567.765464269015,1538.4181304551123,1548.4580078125,7800,0.0,0.0
2007-06-28 00:00:00+09:00,1544.5966796875,1544.5966796875,1544.5966796875,1544.5966796875,900,0.0,0.0
2007-06-29 00:00:00+09:00,1543.0520830078124,1548.4581713867187,1529.1507128906248,1544.5966796875,4200,0.0,0.0
2007-07-02 00:00:00+09:00,1544.596721295426,1544.596721295426,1539.9629311315398,1540.7352294921875,2000,0.0,0.0
2007-07-03 00:00:00+09:00,1544.596516521197,1548.4580078125,1542.2796217464152,1548.4580078125,3100,0.0,0.0
2007-07-04 00:00:00+09:00,1543.0522483031673,1543.0522483031673,1536.1015625,1536.1015625,800,0.0,0.0
2007-07-05 00:00:00+09:00,1535.3292640774257,1536.1015625,1529.9231751194066,1536.1015625,4500,0.0,0.0
2007-07-06 00:00:00+09:00,1532.2399086901762,1536.1014003955447,1532.2399086901762,1533.01220703125,2000,0.0,0.0
2007-07-09 00:00:00+09:00,1532.2399062499999,1552.3196630859375,1532.2399062499999,1544.5966796875,9900,0.0,0.0
2007-07-10 00:00:00+09:00,1544.596434941067,1583.2113458145936,1544.596434941067,1556.180908203125,12400,0.0,0.0
2007-07-11 00:00:00+09:00,1556.1812583521794,1614.1036376953125,1552.3197663959704,1614.1036376953125,8000,0.0,0.0
2007-07-12 00:00:00+09:00,1637.2720952943314,1660.4410400390625,1614.1031505496003,1660.4410400390625,13100,0.0,0.0
2007-07-13 00:00:00+09:00,1660.4413648990358,1664.3028564453125,1637.2724156213749,1664.3028564453125,7400,0.0,0.0
2007-07-17 00:00:00+09:00,1683.609944847683,1687.471435546875,1683.609944847683,1687.471435546875,6100,0.0,0.0
2007-07-18 00:00:00+09:00,1683.609944847683,1687.471435546875,1683.609944847683,1687.471435546875,3600,0.0,0.0
2007-07-19 00:00:00+09:00,1687.471435546875,1687.471435546875,1675.8869634492992,1687.471435546875,4600,0.0,0.0
2007-07-20 00:00:00+09:00,1664.3028135102372,1687.471762190194,1664.3028135102372,1679.748779296875,5200,0.0,0.0
2007-07-23 00:00:00+09:00,1668.1640216206397,1668.1640216206397,1660.4410400390625,1660.4410400390625,2700,0.0,0.0
2007-07-24 00:00:00+09:00,1668.16455078125,1668.16455078125,1668.16455078125,1668.16455078125,4700,0.0,0.0
2007-07-25 00:00:00+09:00,1664.3030587655528,1668.16455078125,1656.580074734158,1668.16455078125,2700,0.0,0.0
2007-07-26 00:00:00+09:00,1668.16455078125,1668.16455078125,1668.16455078125,1668.16455078125,1600,0.0,0.0
2007-07-27 00:00:00+09:00,1621.826494324882,1637.2724609375,1621.826494324882,1637.2724609375,1400,0.0,0.0
2007-07-30 00:00:00+09:00,1590.9345189745181,1652.7183837890625,1590.9345189745181,1652.7183837890625,4700,0.0,0.0
2007-07-31 00:00:00+09:00,1660.441410856427,1660.441410856427,1594.7960527528007,1637.2724609375,8500,0.0,0.0
2007-08-01 00:00:00+09:00,1664.3028564453125,1664.3028564453125,1660.4413648990358,1664.3028564453125,1700,0.0,0.0
2007-08-02 00:00:00+09:00,1637.2726146556713,1668.16455078125,1637.2726146556713,1668.16455078125,4700,0.0,0.0
2007-08-03 00:00:00+09:00,1617.9650219726561,1617.9650219726561,1482.8128124999998,1544.5966796875,22400,0.0,0.0
2007-08-06 00:00:00+09:00,1514.4770089338854,1520.6553955078125,1490.5357609599178,1520.6553955078125,2300,0.0,0.0
2007-08-07 00:00:00+09:00,1520.6554311523437,1544.5966796875,1520.6554311523437,1544.5966796875,5600,0.0,0.0
2007-08-08 00:00:00+09:00,1544.5966796875,1544.5966796875,1544.5966796875,1544.5966796875,0,0.0,0.0
2007-08-09 00:00:00+09:00,1499.8031814653446,1529.1505145733172,1492.0801990685095,1505.9815673828125,1300,0.0,0.0
2007-08-10 00:00:00+09:00,1476.6343588517136,1476.6343588517136,1475.862060546875,1475.862060546875,2000,0.0,0.0
2007-08-13 00:00:00+09:00,1475.0895588130304,1478.9510498046875,1475.0895588130304,1478.9510498046875,1900,0.0,0.0
2007-08-14 00:00:00+09:00,1478.178955078125,1478.178955078125,1478.178955078125,1478.178955078125,200,0.0,0.0
2007-08-15 00:00:00+09:00,1475.0897216796875,1475.0897216796875,1475.0897216796875,1475.0897216796875,2600,0.0,0.0
2007-08-16 00:00:00+09:00,1459.6436767578125,1459.6436767578125,1459.6436767578125,1459.6436767578125,1600,0.0,0.0
2007-08-17 00:00:00+09:00,1459.6440850619613,1459.6440850619613,1451.9211004849137,1455.7825927734375,2500,0.0,0.0
2007-08-20 00:00:00+09:00,1432.6138609172217,1432.6138609172217,1413.306396484375,1413.306396484375,800,0.0,0.0
2007-08-21 00:00:00+09:00,1410.2168839034737,1420.256763142655,1390.137125425111,1390.909423828125,5500,0.0,0.0
2007-08-22 00:00:00+09:00,1366.968017578125,1366.968017578125,1366.968017578125,1366.968017578125,1800,0.0,0.0
2007-08-23 00:00:00+09:00,1366.968017578125,1366.968017578125,1366.968017578125,1366.968017578125,2400,0.0,0.0
2007-08-24 00:00:00+09:00,1374.691044921875,1374.691044921875,1351.5220947265625,1351.5220947265625,2900,0.0,0.0
2007-08-27 00:00:00+09:00,1390.1371614225618,1412.5338156899254,1390.1371614225618,1405.5831298828125,7800,0.0,0.0
2007-08-28 00:00:00+09:00,1390.1368408203125,1390.1368408203125,1390.1368408203125,1390.1368408203125,100,0.0,0.0
2007-08-29 00:00:00+09:00,1339.937744140625,1339.937744140625,1339.937744140625,1339.937744140625,1200,0.0,0.0
2007-08-30 00:00:00+09:00,1390.137241908482,1390.137241908482,1297.46142578125,1297.46142578125,3400,0.0,0.0
2007-08-31 00:00:00+09:00,1328.3533935546875,1328.3533935546875,1305.1844390159429,1328.3533935546875,700,0.0,0.0
2007-09-03 00:00:00+09:00,1305.1843618858343,1326.036419738448,1302.867466568877,1319.8580322265625,2200,0.0,0.0
2007-09-04 00:00:00+09:00,1320.6300794775032,1366.1956787109375,1315.9962897249504,1366.1956787109375,2000,0.0,0.0
2007-09-05 00:00:00+09:00,1343.7991943359375,1343.7991943359375,1320.6302427094558,1343.7991943359375,1500,0.0,0.0
2007-09-06 00:00:00+09:00,1343.7991943359375,1343.7991943359375,1343.7991943359375,1343.7991943359375,100,0.0,0.0
2007-09-07 00:00:00+09:00,1320.6303252291816,1352.2945610972497,1319.858026793375,1336.0762939453125,2300,0.0,0.0
2007-09-10 00:00:00+09:00,1336.0762939453125,1336.0762939453125,1336.0762939453125,1336.0762939453125,800,0.0,0.0
2007-09-11 00:00:00+09:00,1312.9071459024703,1324.4916207192568,1305.1841626912794,1309.045654296875,1200,0.0,0.0
2007-09-12 00:00:00+09:00,1312.9071027127368,1325.263875444151,1312.9071027127368,1324.4915771484375,2100,0.0,0.0
2007-09-13 00:00:00+09:00,1312.907423862191,1328.3533935546875,1312.907423862191,1328.3533935546875,4600,0.0,0.0
2007-09-14 00:00:00+09:00,1327.5809780971804,1328.3532765137581,1266.5694031875369,1312.135009765625,19300,0.0,0.0
2007-09-18 00:00:00+09:00,1305.1842041015625,1305.9565024471847,1303.639607410318,1305.1842041015625,2600,0.0,0.0
2007-09-19 00:00:00+09:00,1303.6395263671875,1304.4118246647984,1303.6395263671875,1303.6395263671875,1800,0.0,0.0
2007-09-20 00:00:00+09:00,1312.9071875577847,1312.9071875577847,1305.1842041015625,1305.1842041015625,3200,0.0,0.0
2007-09-21 00:00:00+09:00,1311.3627127902575,1311.3627127902575,1306.7289222856984,1307.501220703125,10200,0.0,0.0
2007-09-25 00:00:00+09:00,1312.9390869140625,1312.9390869140625,1312.1621998803855,1312.9390869140625,3100,10.0,0.0
2007-09-26 00:00:00+09:00,1313.7161865234375,1314.4930736828246,1312.9392993640506,1313.7161865234375,4200,0.0,0.0
2007-09-27 00:00:00+09:00,1313.7162986786805,1320.7082837100868,1313.7162986786805,1319.931396484375,2200,0.0,0.0
2007-09-28 00:00:00+09:00,1312.9394163958796,1317.6007397676992,1312.1625291672428,1316.8238525390625,2700,0.0,0.0
2007-10-01 00:00:00+09:00,1320.7081298828125,1320.7081298828125,1316.8236942066865,1320.7081298828125,2000,0.0,0.0
2007-10-02 00:00:00+09:00,1324.5925655589383,1325.3694526941636,1320.7081298828125,1320.7081298828125,4900,0.0,0.0
2007-10-03 00:00:00+09:00,1315.2699608422115,1320.7081709579206,1312.9392993640506,1313.7161865234375,5200,0.0,0.0
2007-10-04 00:00:00+09:00,1320.7079572508321,1320.7079572508321,1281.8636055669842,1312.9390869140625,6800,0.0,0.0
2007-10-05 00:00:00+09:00,1309.055170360721,1312.9396070680227,1309.055170360721,1312.1627197265625,12400,0.0,0.0
2007-10-09 00:00:00+09:00,1320.7079657192887,1351.783447265625,1320.7079657192887,1351.783447265625,4400,0.0,0.0
2007-10-10 00:00:00+09:00,1398.3971474387429,1407.7197950883346,1367.3216552734375,1367.3216552734375,3400,0.0,0.0
2007-10-11 00:00:00+09:00,1363.4370532478254,1363.4370532478254,1356.445068359375,1356.445068359375,2800,0.0,0.0
2007-10-12 00:00:00+09:00,1349.4529946874545,1352.5605433223134,1328.4770414021573,1334.692138671875,6200,0.0,0.0
2007-10-15 00:00:00+09:00,1317.600840491706,1333.1385862522216,1311.3857421875,1311.3857421875,7200,0.0,0.0
2007-10-16 00:00:00+09:00,1302.839662867304,1308.277872551306,1301.285888671875,1301.285888671875,5900,0.0,0.0
2007-10-17 00:00:00+09:00,1281.0870528990965,1301.2861210466867,1281.0870528990965,1289.6328125,4900,0.0,0.0
2007-10-18 00:00:00+09:00,1281.0870578784297,1344.0149242751263,1281.0870578784297,1286.5252685546875,2500,0.0,0.0
2007-10-19 00:00:00+09:00,1279.5331480177185,1295.8477783203125,1278.7562608604521,1295.8477783203125,1800,0.0,0.0
2007-10-22 00:00:00+09:00,1281.8638916015625,1284.9714404296876,1281.8638916015625,1281.8638916015625,3100,0.0,0.0
2007-10-23 00:00:00+09:00,1280.3101806640625,1281.8639551551596,1280.3101806640625,1280.3101806640625,2300,0.0,0.0
2007-10-24 00:00:00+09:00,1279.5331444273604,1318.377502181682,1277.9793701171875,1277.9793701171875,3800,0.0,0.0
2007-10-25 00:00:00+09:00,1277.9795661016342,1277.9795661016342,1270.210693359375,1270.210693359375,4400,0.0,0.0
2007-10-26 00:00:00+09:00,1273.318156873083,1273.318156873083,1266.326171875,1266.326171875,4400,0.0,0.0
2007-10-29 00:00:00+09:00,1253.1193391051472,1260.1113254981703,1227.4820556640625,1227.4820556640625,13800,0.0,0.0
2007-10-30 00:00:00+09:00,1205.7287368527507,1205.7287368527507,1200.29052734375,1200.29052734375,13800,0.0,0.0
2007-10-31 00:00:00+09:00,1192.521612955729,1194.8522740885417,1165.33056640625,1165.33056640625,3900,0.0,0.0
2007-11-01 00:00:00+09:00,1167.6614598129736,1180.868542192761,1138.9166334569654,1153.677490234375,9900,0.0,0.0
2007-11-02 00:00:00+09:00,1131.1478589454468,1131.1478589454468,1118.717662693299,1130.3709716796875,11100,0.0,0.0
2007-11-05 00:00:00+09:00,1119.4947094025106,1119.4947094025106,1107.0645113799985,1108.6182861328125,6900,0.0,0.0
2007-11-06 00:00:00+09:00,1110.948486328125,1126.4862273956512,1104.7333899011144,1110.948486328125,7300,0.0,0.0
2007-11-07 00:00:00+09:00,1110.948698735587,1111.7255859375,1110.948698735587,1111.7255859375,8600,0.0,0.0
2007-11-08 00:00:00+09:00,1119.49472298645,1135.032470703125,1118.7178356006161,1135.032470703125,10200,0.0,0.0
2007-11-09 00:00:00+09:00,1223.5972853232365,1227.4817211496595,1205.7288805216908,1226.704833984375,7700,0.0,0.0
2007-11-12 00:00:00+09:00,1214.274558758584,1219.7127685546875,1192.521719574169,1219.7127685546875,10700,0.0,0.0
2007-11-13 00:00:00+09:00,1203.3980756346075,1204.174962707322,1181.6452375986044,1200.29052734375,6000,0.0,0.0
2007-11-14 00:00:00+09:00,1200.291085345471,1200.291085345471,1165.3311508208456,1195.6297607421875,400,0.0,0.0
2007-11-15 00:00:00+09:00,1143.5779043991047,1143.5779043991047,1128.0401611328125,1128.0401611328125,400,0.0,0.0
2007-11-16 00:00:00+09:00,1103.1800060948583,1103.1800060948583,1093.8573581560283,1095.4111328125,9400,0.0,0.0
2007-11-19 00:00:00+09:00,1049.5746166992187,1056.5666015625,1048.7977294921875,1048.7977294921875,7300,0.0,0.0
2007-11-20 00:00:00+09:00,1041.028942888811,1070.5506591796875,1041.028942888811,1070.5506591796875,2200,0.0,0.0
2007-11-21 00:00:00+09:00,1056.5667197145062,1069.7738037109375,1056.5667197145062,1069.7738037109375,10000,0.0,0.0
2007-11-22 00:00:00+09:00,1064.3355926535835,1069.7738037109375,1064.3355926535835,1069.7738037109375,900,0.0,0.0
2007-11-26 00:00:00+09:00,1069.7734963663943,1071.3272705078125,1063.5583998007216,1071.3272705078125,2700,0.0,0.0
2007-11-27 00:00:00+09:00,1062.0048510456643,1062.78173828125,1060.4510765744928,1062.78173828125,4400,0.0,0.0
2007-11-28 00:00:00+09:00,1068.2198082425618,1068.2198082425618,1054.23583984375,1054.23583984375,4400,0.0,0.0
2007-11-29 00:00:00+09:00,1050.3514673662362,1052.68212890625,1050.3514673662362,1052.68212890625,4400,0.0,0.0
2007-11-30 00:00:00+09:00,1009.9533978630515,1030.1524658203125,1009.9533978630515,1030.1524658203125,6100,0.0,0.0
2007-12-03 00:00:00+09:00,992.8618626794149,1006.068945359814,990.5312010299327,1002.1845092773438,12900,0.0,0.0
2007-12-04 00:00:00+09:00,993.6390790159597,993.6390790159597,988.2008666992188,988.2008666992188,9400,0.0,0.0
2007-12-05 00:00:00+09:00,988.2006214488636,1026.2680982185132,987.4237341678504,1025.4912109375,9000,0.0,0.0
2007-12-06 00:00:00+09:00,1031.7064045009329,1044.9134894983092,1027.0450803842118,1041.029052734375,11000,0.0,0.0
2007-12-07 00:00:00+09:00,1048.7980779572206,1059.6745024693696,1048.021190492067,1058.1207275390625,8700,0.0,0.0
2007-12-10 00:00:00+09:00,1058.1203343810362,1059.6741087340185,1048.7976882631415,1055.7896728515625,11200,0.0,0.0
2007-12-11 00:00:00+09:00,1061.228048681605,1066.666259765625,1055.7898375975851,1066.666259765625,10700,0.0,0.0
2007-12-12 00:00:00+09:00,1048.7976661095252,1051.1283275897686,1044.9132303091196,1050.3514404296875,15200,0.0,0.0
2007-12-13 00:00:00+09:00,1062.0048510456643,1062.78173828125,1062.0048510456643,1062.78173828125,15200,0.0,0.0
2007-12-14 00:00:00+09:00,1064.3356190557065,1072.1044921875,1062.7818444293478,1072.1044921875,19600,0.0,0.0
2007-12-17 00:00:00+09:00,1087.6418154083028,1087.6418154083028,1064.335205078125,1064.335205078125,7300,0.0,0.0
2007-12-18 00:00:00+09:00,1064.3353858703078,1072.1042573000182,1064.3353858703078,1065.88916015625,9800,0.0,0.0
2007-12-19 00:00:00+09:00,1065.112548828125,1065.889436172274,1065.112548828125,1065.112548828125,15800,0.0,0.0
2007-12-20 00:00:00+09:00,1025.491150973136,1062.78173828125,1025.491150973136,1062.78173828125,37300,0.0,0.0
2007-12-21 00:00:00+09:00,1033.2600631257017,1037.92138671875,1033.2600631257017,1037.92138671875,21500,0.0,0.0
2007-12-25 00:00:00+09:00,1030.1523944805194,1063.5585430194806,1009.953327922078,1016.9453125,18600,0.0,0.0
2007-12-26 00:00:00+09:00,1010.7300623769979,1017.7220458984376,994.4154341603054,1017.7220458984375,11400,0.0,0.0
2007-12-27 00:00:00+09:00,995.9694115453912,1002.1845092773438,995.9694115453912,1002.1845092773438,11400,0.0,0.0
2007-12-28 00:00:00+09:00,988.977754173039,1003.7386161756216,988.2008666992188,988.2008666992188,4400,0.0,0.0
2008-01-04 00:00:00+09:00,975.77046262349,975.77046262349,948.5794067382812,948.5794067382812,3300,0.0,0.0
2008-01-07 00:00:00+09:00,940.8105996350529,945.4719238281249,940.0337122695408,945.471923828125,6400,0.0,0.0
2008-01-08 00:00:00+09:00,943.1410252817597,943.9179124525024,940.8103637695312,940.8103637695312,1600,0.0,0.0
2008-01-09 00:00:00+09:00,939.2566091068455,959.4556759693584,939.2566091068455,947.8023681640625,6900,0.0,0.0
2008-01-10 00:00:00+09:00,971.8861028542082,978.8780892056773,966.4478912475099,974.99365234375,4100,0.0,0.0
2008-01-11 00:00:00+09:00,977.3238778616451,982.7620870389356,971.1087816590274,981.2083129882812,9000,0.0,0.0
2008-01-15 00:00:00+09:00,947.8023681640625,951.6868040991611,932.264624423668,947.8023681640625,8100,0.0,0.0
2008-01-16 00:00:00+09:00,916.7266510345123,923.7186339661315,916.7266510345123,919.0573120117188,14100,0.0,0.0
2008-01-17 00:00:00+09:00,876.3288657375819,889.5359497070312,876.3288657375819,889.5359497070312,14100,0.0,0.0
2008-01-18 00:00:00+09:00,910.5117797851562,910.5117797851562,910.5117797851562,910.5117797851562,14100,0.0,0.0
2008-01-21 00:00:00+09:00,880.9900325874661,907.4041958220109,878.6593711255945,893.4202270507812,3800,0.0,0.0
2008-01-22 00:00:00+09:00,889.5357912809952,893.4202270507812,877.8824839716373,893.4202270507812,11200,0.0,0.0
2008-01-23 00:00:00+09:00,877.8824664376303,884.8744506835938,877.8824664376303,884.8744506835938,6900,0.0,0.0
2008-01-24 00:00:00+09:00,900.412244026665,914.396213304042,900.412244026665,912.0655517578125,8800,0.0,0.0
2008-01-25 00:00:00+09:00,936.1490115331223,940.033447265625,932.2645758006198,940.033447265625,9100,0.0,0.0
2008-01-28 00:00:00+09:00,918.2805786132812,918.2805786132812,918.2805786132812,918.2805786132812,9100,0.0,0.0
2008-01-29 00:00:00+09:00,919.057773965092,919.057773965092,916.7271118164062,916.7271118164062,9100,0.0,0.0
2008-01-30 00:00:00+09:00,901.9661203539935,912.8425421325946,893.4203603850925,905.0736694335938,4700,0.0,0.0
2008-01-31 00:00:00+09:00,905.0736452299973,924.4958264581088,889.535900247508,901.189208984375,8400,0.0,0.0
2008-02-01 00:00:00+09:00,916.7268430019947,916.7268430019947,893.4202283494016,912.8424072265625,3200,0.0,0.0
2008-02-04 00:00:00+09:00,908.9579714511302,916.7268430019947,903.5197613655253,912.8424072265625,6600,0.0,0.0
2008-02-05 00:00:00+09:00,908.9581298828125,908.9581298828125,908.9581298828125,908.9581298828125,800,0.0,0.0
2008-02-06 00:00:00+09:00,906.6271951249565,908.1809692382812,906.6271951249565,908.1809692382812,800,0.0,0.0
2008-02-07 00:00:00+09:00,905.8505414445823,914.3963012695312,905.8505414445823,914.3963012695312,5500,0.0,0.0
2008-02-08 00:00:00+09:00,932.2648594743114,932.2648594743114,916.7271118164062,916.7271118164062,6400,0.0,0.0
2008-02-12 00:00:00+09:00,939.2565601191244,940.033447265625,932.2645758006198,940.033447265625,2700,0.0,0.0
2008-02-13 00:00:00+09:00,971.8858642578125,971.8858642578125,971.8858642578125,971.8858642578125,2300,0.0,0.0
2008-02-14 00:00:00+09:00,978.8776245117188,978.8776245117188,978.8776245117188,978.8776245117188,900,0.0,0.0
2008-02-15 00:00:00+09:00,978.8776245117188,978.8776245117188,978.8776245117188,978.8776245117188,0,0.0,0.0
2008-02-18 00:00:00+09:00,1055.7895961295844,1055.7895961295844,1024.714111328125,1024.714111328125,3200,0.0,0.0
2008-02-19 00:00:00+09:00,1024.714111328125,1024.714111328125,1024.714111328125,1024.714111328125,0,0.0,0.0
2008-02-20 00:00:00+09:00,1025.4912586642388,1033.2601318359375,1025.4912586642388,1033.2601318359375,3200,0.0,0.0
2008-02-21 00:00:00+09:00,1034.0370665592934,1041.029052734375,1033.2601792065066,1041.029052734375,2000,0.0,0.0
2008-02-22 00:00:00+09:00,1039.4750753576918,1039.4750753576918,995.1925048828125,995.1925048828125,3000,0.0,0.0
2008-02-25 00:00:00+09:00,1058.1207275390625,1058.1207275390625,1058.1207275390625,1058.1207275390625,1400,0.0,0.0
2008-02-26 00:00:00+09:00,1041.805419921875,1041.805419921875,1041.805419921875,1041.805419921875,1500,0.0,0.0
2008-02-27 00:00:00+09:00,1037.1444213867187,1048.7977294921875,1037.1444213867187,1048.7977294921875,2000,0.0,0.0
2008-02-28 00:00:00+09:00,1051.9049623377182,1056.5662841796875,1048.797414443072,1056.5662841796875,2200,0.0,0.0
2008-02-29 00:00:00+09:00,1048.7976661095252,1056.5665377103364,1048.7976661095252,1050.3514404296875,2500,0.0,0.0
2008-03-03 00:00:00+09:00,1052.68212890625,1052.68212890625,1052.68212890625,1052.68212890625,400,0.0,0.0
2008-03-04 00:00:00+09:00,1062.0044929953183,1062.7813799689798,1056.5662841796875,1056.5662841796875,3200,0.0,0.0
2008-03-05 00:00:00+09:00,978.878203361265,978.878203361265,963.3404541015625,963.3404541015625,3500,0.0,0.0
2008-03-06 00:00:00+09:00,959.4559326171875,959.4559326171875,955.5714956430288,959.4559326171875,2400,0.0,0.0
2008-03-07 00:00:00+09:00,916.7269368914546,922.9420347686848,835.1537772528083,892.6434326171875,5900,0.0,0.0
2008-03-10 00:00:00+09:00,881.7670288085938,884.0976905587486,877.8825925583355,881.7670288085938,6300,0.0,0.0
2008-03-11 00:00:00+09:00,854.575903756278,870.1136474609375,854.575903756278,870.1136474609375,1000,0.0,0.0
2008-03-12 00:00:00+09:00,877.8826904296875,877.8826904296875,877.8826904296875,877.8826904296875,300,0.0,0.0
2008-03-13 00:00:00+09:00,881.7670288085938,881.7670288085938,881.7670288085938,881.7670288085938,300,0.0,0.0
2008-03-14 00:00:00+09:00,877.8825193132674,881.7669552394323,870.1136474609375,870.1136474609375,3500,0.0,0.0
2008-03-17 00:00:00+09:00,854.5758056640626,854.5758056640626,854.5758056640626,854.5758056640625,900,0.0,0.0
2008-03-18 00:00:00+09:00,862.3446655273438,862.3446655273438,862.3446655273438,862.3446655273438,400,0.0,0.0
2008-03-19 00:00:00+09:00,862.3446655273438,862.3446655273438,862.3446655273438,862.3446655273438,100,0.0,0.0
2008-03-21 00:00:00+09:00,924.4957275390625,924.4957275390625,924.4957275390625,924.4957275390625,500,0.0,0.0
2008-03-24 00:00:00+09:00,901.1892346833881,901.1892346833881,885.6514892578125,885.6514892578125,400,0.0,0.0
2008-03-25 00:00:00+09:00,901.1891125590861,924.4957275390625,901.1891125590861,924.4957275390625,400,0.0,0.0
2008-03-26 00:00:00+09:00,885.3222045898438,885.3222045898438,885.3222045898438,885.3222045898438,100,10.0,0.0
2008-03-27 00:00:00+09:00,908.826180221688,916.660888671875,908.826180221688,916.660888671875,400,0.0,0.0
2008-03-28 00:00:00+09:00,879.837731074097,879.837731074097,879.0542602539062,879.0542602539062,600,0.0,0.0
2008-03-31 00:00:00+09:00,877.4874267578125,877.4874267578125,877.4874267578125,877.4874267578125,600,0.0,0.0
2008-04-01 00:00:00+09:00,839.8810319767442,855.5504542151162,839.8810319767442,842.2314453125,800,0.0,0.0
2008-04-02 00:00:00+09:00,871.2197056995739,871.2197056995739,861.8180541992188,861.8180541992188,4200,0.0,0.0
2008-04-03 00:00:00+09:00,861.818223110465,861.818223110465,822.6446675145348,842.2314453125,3000,0.0,0.0
2008-04-04 00:00:00+09:00,838.3139267475916,838.3139267475916,822.6445075560478,823.427978515625,6500,0.0,0.0
2008-04-07 00:00:00+09:00,805.408219872811,810.8925170898438,803.0578067797969,810.8925170898438,2500,0.0,0.0
2008-04-08 00:00:00+09:00,827.3454320639258,827.3454320639258,822.6446057453808,824.2115478515625,600,0.0,0.0
2008-04-09 00:00:00+09:00,823.4280767984717,824.2115478515625,823.4280767984717,824.2115478515625,400,0.0,0.0
2008-04-10 00:00:00+09:00,803.8411254882812,803.8411254882812,803.8411254882812,803.8411254882812,1800,0.0,0.0
2008-04-11 00:00:00+09:00,838.313765199343,838.313765199343,806.1914620468448,812.459228515625,3000,0.0,0.0
2008-04-14 00:00:00+09:00,822.6444702148438,823.4279411388578,812.45934820266,822.6444702148438,2800,0.0,0.0
2008-04-15 00:00:00+09:00,846.1486713248239,846.1486713248239,834.3966064453125,834.3966064453125,300,0.0,0.0
2008-04-16 00:00:00+09:00,846.148800872093,861.818223110465,842.2314453125,842.2314453125,6400,0.0,0.0
2008-04-17 00:00:00+09:00,846.1487426757812,846.1487426757812,846.1487426757812,846.1487426757812,4900,0.0,0.0
2008-04-18 00:00:00+09:00,841.4479163275824,846.1487426757812,841.4479163275824,846.1487426757812,4700,0.0,0.0
2008-04-21 00:00:00+09:00,846.1487426757812,846.1487426757812,843.7983295016818,846.1487426757812,20700,0.0,0.0
2008-04-22 00:00:00+09:00,846.1487426757812,846.9322137338144,839.8809742115162,846.1487426757812,15800,0.0,0.0
2008-04-23 00:00:00+09:00,846.1487426757812,846.1487426757812,846.1487426757812,846.1487426757812,34300,0.0,0.0
2008-04-24 00:00:00+09:00,850.0662841796875,850.0662841796875,850.0662841796875,850.0662841796875,3100,0.0,0.0
2008-04-25 00:00:00+09:00,857.9008550713532,861.8182105739622,857.9008550713532,858.684326171875,1900,0.0,0.0
2008-04-28 00:00:00+09:00,875.1369093510142,893.15673828125,861.8179053591009,893.15673828125,8400,0.0,0.0
2008-04-30 00:00:00+09:00,926.0625843877377,926.0625843877377,900.9915161132812,900.9915161132812,8400,0.0,0.0
2008-05-01 00:00:00+09:00,900.9915658555892,916.6609843922081,877.4874380506608,889.239501953125,6300,0.0,0.0
2008-05-02 00:00:00+09:00,908.8262249490489,916.6609337848166,900.9915161132812,900.9915161132812,4200,0.0,0.0
2008-05-07 00:00:00+09:00,924.4959218343099,940.1653442382812,924.4959218343099,940.1653442382812,4200,0.0,0.0
2008-05-08 00:00:00+09:00,908.8264294622686,924.495850659894,908.8264294622686,910.3933715820312,3700,0.0,0.0
2008-05-09 00:00:00+09:00,916.6610033758755,916.6610033758755,908.8262939453124,908.8262939453125,3600,0.0,0.0
2008-05-12 00:00:00+09:00,916.6610302350908,916.6610302350908,897.8577270507812,897.8577270507812,3900,0.0,0.0
2008-05-13 00:00:00+09:00,908.8262939453124,908.8262939453124,900.9915845147494,908.8262939453125,1900,0.0,0.0
2008-05-14 00:00:00+09:00,917.4444046683933,917.4444046683933,900.9915161132812,900.9915161132812,10000,0.0,0.0
2008-05-15 00:00:00+09:00,910.393235831425,910.393235831425,908.8262939453124,908.8262939453125,10000,0.0,0.0
2008-05-16 00:00:00+09:00,919.7950067382812,979.3388061523438,919.7950067382812,979.3388061523438,5200,0.0,0.0
2008-05-19 00:00:00+09:00,998.9255981445312,998.9255981445312,998.9255981445312,998.9255981445312,2700,0.0,0.0
2008-05-20 00:00:00+09:00,1008.3272467192655,1009.1107177734375,1006.7603046109217,1009.1107177734375,1200,0.0,0.0
2008-05-21 00:00:00+09:00,1010.6777609776492,1013.8116455078125,1010.6777609776492,1013.8116455078125,1200,0.0,0.0
2008-05-22 00:00:00+09:00,998.1421508789062,998.1421508789062,998.1421508789062,998.1421508789062,200,0.0,0.0
2008-05-23 00:00:00+09:00,998.9255981445312,998.9255981445312,998.9255981445312,998.9255981445312,100,0.0,0.0
2008-05-26 00:00:00+09:00,998.9255981445312,998.9255981445312,998.9255981445312,998.9255981445312,100,0.0,0.0
2008-05-27 00:00:00+09:00,998.9255981445312,998.9255981445312,998.9255981445312,998.9255981445312,0,0.0,0.0
2008-05-28 00:00:00+09:00,940.1652676196808,940.1652676196808,920.5784912109375,920.5784912109375,1400,0.0,0.0
2008-05-29 00:00:00+09:00,940.9485611126805,942.5155029296875,940.9485611126805,942.5155029296875,1400,0.0,0.0
2008-05-30 00:00:00+09:00,948.7835719459936,952.700927734375,948.7835719459936,952.700927734375,1400,0.0,0.0
2008-06-02 00:00:00+09:00,1002.8429309475807,1002.8429309475807,971.5040893554688,971.5040893554688,1100,0.0,0.0
2008-06-03 00:00:00+09:00,959.7518310546874,959.7518310546874,959.7518310546874,959.7518310546875,100,0.0,0.0
2008-06-04 00:00:00+09:00,940.1651466498942,944.082501427602,924.4957275390625,924.4957275390625,13000,0.0,0.0
2008-06-05 00:00:00+09:00,925.279205681296,940.165153952206,900.991605870864,932.3304443359375,10000,0.0,0.0
2008-06-06 00:00:00+09:00,940.1652459406276,940.1652459406276,932.3305355577891,939.3817749023438,3300,0.0,0.0
2008-06-09 00:00:00+09:00,948.0,948.0,948.0,948.0,3100,0.0,0.0
2008-06-10 00:00:00+09:00,940.9488153584798,948.0000554402669,940.1653442382812,940.1653442382812,11000,0.0,0.0
2008-06-11 00:00:00+09:00,944.0826416015625,944.0826416015625,944.0826416015625,944.0826416015625,8400,0.0,0.0
2008-06-12 00:00:00+09:00,944.082699839274,944.082699839274,940.1653442382812,940.1653442382812,7300,0.0,0.0
2008-06-13 00:00:00+09:00,967.5866088867188,967.5866088867188,967.5866088867188,967.5866088867188,900,0.0,0.0
2008-06-16 00:00:00+09:00,967.5865881098141,996.5750122070312,967.5865881098141,996.5750122070312,13600,0.0,0.0
2008-06-17 00:00:00+09:00,995.7915412854848,998.9254249716704,980.905593776103,996.5750122070312,8600,0.0,0.0
2008-06-18 00:00:00+09:00,996.5750824494373,996.5750824494373,966.0197143554688,966.0197143554688,700,0.0,0.0
2008-06-19 00:00:00+09:00,966.8032836914062,966.8032836914062,966.8032836914062,966.8032836914062,300,0.0,0.0
2008-06-20 00:00:00+09:00,979.3388061523438,979.3388061523438,978.5553351074219,979.3388061523438,1800,0.0,0.0
2008-06-23 00:00:00+09:00,966.0197983886719,979.3388061523438,966.0197983886719,979.3388061523438,900,0.0,0.0
2008-06-24 00:00:00+09:00,940.9486083984375,940.9486083984375,940.9486083984375,940.9486083984375,100,0.0,0.0
2008-06-25 00:00:00+09:00,941.7320958754595,941.7320958754595,932.3304443359375,932.3304443359375,2400,0.0,0.0
2008-06-26 00:00:00+09:00,963.6691081380729,978.5550537109375,963.6691081380729,978.5550537109375,300,0.0,0.0
2008-06-27 00:00:00+09:00,944.0826416015625,944.0826416015625,943.299170529694,944.0826416015625,2600,0.0,0.0
2008-06-30 00:00:00+09:00,944.0826416015625,944.0826416015625,944.0826416015625,944.0826416015625,0,0.0,0.0
2008-07-01 00:00:00+09:00,940.9488153584798,940.9488153584798,940.1653442382812,940.1653442382812,700,0.0,0.0
2008-07-02 00:00:00+09:00,940.1653442382812,940.1653442382812,940.1653442382812,940.1653442382812,800,0.0,0.0
2008-07-03 00:00:00+09:00,940.1653442382812,940.1653442382812,940.1653442382812,940.1653442382812,9500,0.0,0.0
2008-07-04 00:00:00+09:00,940.165137450562,955.8345564080714,940.165137450562,940.9486083984375,3600,0.0,0.0
2008-07-07 00:00:00+09:00,940.9486083984375,940.9486083984375,940.9486083984375,940.9486083984375,0,0.0,0.0
2008-07-08 00:00:00+09:00,948.0,948.0,948.0,948.0,800,0.0,0.0
2008-07-09 00:00:00+09:00,945.6495867768595,948.0,945.6495867768595,948.0,800,0.0,0.0
2008-07-10 00:00:00+09:00,948.0,948.0,948.0,948.0,1800,0.0,0.0
2008-07-11 00:00:00+09:00,951.917236328125,951.917236328125,951.917236328125,951.917236328125,500,0.0,0.0
2008-07-14 00:00:00+09:00,952.7010194359756,963.6696166992188,952.7010194359756,963.6696166992188,500,0.0,0.0
2008-07-15 00:00:00+09:00,967.5869728646627,967.5869728646627,963.6696166992188,963.6696166992188,2300,0.0,0.0
2008-07-16 00:00:00+09:00,963.6696166992188,971.5043290301068,963.6696166992188,963.6696166992188,7300,0.0,0.0
2008-07-17 00:00:00+09:00,963.6696166992188,963.6696166992188,963.6696166992188,963.6696166992188,2300,0.0,0.0
2008-07-18 00:00:00+09:00,957.4017088826497,957.4017088826497,940.1653442382812,940.1653442382812,2300,0.0,0.0
2008-07-22 00:00:00+09:00,940.1653442382812,940.9488153584798,940.1653442382812,940.1653442382812,1600,0.0,0.0
2008-07-23 00:00:00+09:00,900.9915161132812,900.9915161132812,900.9915161132812,900.9915161132812,100,0.0,0.0
2008-07-24 00:00:00+09:00,931.5468347272302,931.5468347272302,916.660888671875,916.660888671875,1800,0.0,0.0
2008-07-25 00:00:00+09:00,916.660888671875,916.660888671875,916.660888671875,916.660888671875,300,0.0,0.0
2008-07-28 00:00:00+09:00,908.04296875,908.04296875,908.04296875,908.04296875,200,0.0,0.0
2008-07-29 00:00:00+09:00,885.3222045898438,885.3222045898438,885.3222045898438,885.3222045898438,300,0.0,0.0
2008-07-30 00:00:00+09:00,885.3222045898438,885.3222045898438,885.3222045898438,885.3222045898438,4000,0.0,0.0
2008-07-31 00:00:00+09:00,889.239501953125,889.239501953125,885.3221473189702,889.239501953125,2300,0.0,0.0
2008-08-01 00:00:00+09:00,948.0,948.0,948.0,948.0,1600,0.0,0.0
2008-08-04 00:00:00+09:00,948.0,948.0,948.0,948.0,600,0.0,0.0
2008-08-05 00:00:00+09:00,930.7635498046875,930.7635498046875,930.7635498046875,930.7635498046875,200,0.0,0.0
2008-08-06 00:00:00+09:00,937.031334785238,937.031334785238,936.2478637695312,936.2478637695312,400,0.0,0.0
2008-08-07 00:00:00+09:00,937.8147410673254,937.8147410673254,932.3304443359375,932.3304443359375,400,0.0,0.0
2008-08-08 00:00:00+09:00,932.3304443359375,932.3304443359375,932.3304443359375,932.3304443359375,2100,0.0,0.0
2008-08-11 00:00:00+09:00,947.2163739773337,947.2163739773337,900.2081172042649,912.74365234375,1400,0.0,0.0
2008-08-12 00:00:00+09:00,928.4131469726562,928.4131469726562,928.4131469726562,928.4131469726562,700,0.0,0.0
2008-08-13 00:00:00+09:00,944.0826416015625,944.0826416015625,944.0826416015625,944.0826416015625,100,0.0,0.0
2008-08-14 00:00:00+09:00,936.2478637695312,936.2478637695312,936.2478637695312,936.2478637695312,400,0.0,0.0
2008-08-15 00:00:00+09:00,936.2478637695312,936.2478637695312,936.2478637695312,936.2478637695312,300,0.0,0.0
2008-08-18 00:00:00+09:00,938.5983276367188,938.5983276367188,938.5983276367188,938.5983276367188,200,0.0,0.0
2008-08-19 00:00:00+09:00,938.5983276367188,938.5983276367188,938.5983276367188,938.5983276367188,700,0.0,0.0
2008-08-20 00:00:00+09:00,924.4957275390625,924.4957275390625,924.4957275390625,924.4957275390625,1800,0.0,0.0
2008-08-21 00:00:00+09:00,924.4957275390625,924.4957275390625,924.4957275390625,924.4957275390625,600,0.0,0.0
2008-08-22 00:00:00+09:00,924.4957275390625,924.4957275390625,924.4957275390625,924.4957275390625,0,0.0,0.0
2008-08-25 00:00:00+09:00,924.4957275390625,924.4957275390625,924.4957275390625,924.4957275390625,2000,0.0,0.0
2008-08-26 00:00:00+09:00,924.4957275390625,924.4957275390625,924.4957275390625,924.4957275390625,0,0.0,0.0
2008-08-27 00:00:00+09:00,924.4957275390625,924.4957275390625,924.4957275390625,924.4957275390625,0,0.0,0.0
2008-08-28 00:00:00+09:00,924.4957275390625,924.4957275390625,924.4957275390625,924.4957275390625,0,0.0,0.0
2008-08-29 00:00:00+09:00,903.3417961502399,923.7120361328125,903.3417961502399,923.7120361328125,2000,0.0,0.0
2008-09-01 00:00:00+09:00,963.6696166992188,963.6696166992188,963.6696166992188,963.6696166992188,4200,0.0,0.0
2008-09-02 00:00:00+09:00,899.4248657226562,899.4248657226562,899.4248657226562,899.4248657226562,1300,0.0,0.0
2008-09-03 00:00:00+09:00,886.1058959960938,886.1058959960938,886.1058959960938,886.1058959960938,1300,0.0,0.0
2008-09-04 00:00:00+09:00,882.1882934570312,889.2395320370608,882.1882934570312,882.1882934570312,2900,0.0,0.0
2008-09-05 00:00:00+09:00,881.4048497022782,885.3222045898438,881.4048497022782,885.3222045898438,1500,0.0,0.0
2008-09-08 00:00:00+09:00,869.6528744167751,869.6528744167751,830.4793215151186,846.1487426757812,5100,0.0,0.0
2008-09-09 00:00:00+09:00,877.4874267578125,877.4874267578125,877.4874267578125,877.4874267578125,2000,0.0,0.0
2008-09-10 00:00:00+09:00,849.2824857407721,864.951904296875,849.2824857407721,864.951904296875,3400,0.0,0.0
2008-09-11 00:00:00+09:00,863.3850750749518,863.3850750749518,838.3140021145176,839.0974731445312,1900,0.0,0.0
2008-09-12 00:00:00+09:00,838.3139819036237,838.3139819036237,823.4280326922509,829.69580078125,2400,0.0,0.0
2008-09-16 00:00:00+09:00,829.69580078125,829.69580078125,829.69580078125,829.69580078125,1100,0.0,0.0
2008-09-17 00:00:00+09:00,783.470947265625,783.470947265625,783.470947265625,783.470947265625,1200,0.0,0.0
2008-09-18 00:00:00+09:00,791.3056567382813,791.3056567382813,775.6362377929688,783.470947265625,2700,0.0,0.0
2008-09-19 00:00:00+09:00,767.8015914081934,787.3883666992188,767.8015914081934,787.3883666992188,400,0.0,0.0
2008-09-22 00:00:00+09:00,791.3056567382813,791.3056567382813,783.470947265625,783.470947265625,3400,0.0,0.0
2008-09-24 00:00:00+09:00,762.3172134164664,763.8841552734375,762.3172134164664,763.8841552734375,400,0.0,0.0
2008-09-25 00:00:00+09:00,767.842243955925,767.842243955925,757.5515747070312,757.5515747070312,400,10.0,0.0
2008-09-26 00:00:00+09:00,744.8859560414908,744.8859560414908,732.2205200195312,732.2205200195312,6100,0.0,0.0
2008-09-29 00:00:00+09:00,720.3468768572991,720.3468768572991,717.9721069335938,717.9721069335938,700,0.0,0.0
2008-09-30 00:00:00+09:00,718.7635771419415,718.7635771419415,714.0140380859375,714.0140380859375,700,0.0,0.0
2008-10-01 00:00:00+09:00,704.51513671875,704.51513671875,704.51513671875,704.51513671875,500,0.0,0.0
2008-10-02 00:00:00+09:00,704.51513671875,704.51513671875,704.51513671875,704.51513671875,0,0.0,0.0
2008-10-03 00:00:00+09:00,680.7672228784619,680.7672228784619,660.9774780273438,660.9774780273438,1400,0.0,0.0
2008-10-06 00:00:00+09:00,625.355933871665,625.355933871665,600.816650390625,600.816650390625,4100,0.0,0.0
2008-10-07 00:00:00+09:00,585.7764780101414,585.7764780101414,584.1932983398438,584.1932983398438,3900,0.0,0.0
2008-10-08 00:00:00+09:00,531.1568298339844,531.1568298339844,522.4493408203125,522.4493408203125,1700,0.0,0.0
2008-10-09 00:00:00+09:00,539.8642377580915,554.1128540039062,539.8642377580915,554.1128540039062,1700,0.0,0.0
2008-10-10 00:00:00+09:00,557.2792643229167,569.9447021484375,557.2792643229167,569.9447021484375,1700,0.0,0.0
2008-10-14 00:00:00+09:00,634.06341634992,634.06341634992,587.359619140625,587.359619140625,4400,0.0,0.0
2008-10-15 00:00:00+09:00,588.1512089238333,588.1512089238333,587.359619140625,587.359619140625,4400,0.0,0.0
2008-10-16 00:00:00+09:00,585.7764892578125,585.7764892578125,585.7764892578125,585.7764892578125,3500,0.0,0.0
2008-10-17 00:00:00+09:00,585.7764892578125,585.7764892578125,585.7764892578125,585.7764892578125,2000,0.0,0.0
2008-10-20 00:00:00+09:00,585.7764892578125,585.7764892578125,585.7764892578125,585.7764892578125,0,0.0,0.0
2008-10-21 00:00:00+09:00,554.1128540039062,554.1128540039062,554.1128540039062,554.1128540039062,1600,0.0,0.0
2008-10-22 00:00:00+09:00,554.9045722408571,554.9045722408571,546.1970825195312,546.1970825195312,1600,0.0,0.0
2008-10-23 00:00:00+09:00,546.1970575224991,546.9886474609375,546.1970575224991,546.9886474609375,1500,0.0,0.0
2008-10-24 00:00:00+09:00,584.1934047298537,584.1934047298537,573.1111450195312,573.1111450195312,1500,0.0,0.0
2008-10-27 00:00:00+09:00,519.2828635817308,535.114658203125,504.24265869140623,514.5333251953125,6100,0.0,0.0
2008-10-28 00:00:00+09:00,478.12024951582197,478.12024951582197,449.62301610097165,470.9959411621094,3700,0.0,0.0
2008-10-29 00:00:00+09:00,512.95028203125,512.95028203125,494.7437133789063,494.74371337890625,3700,0.0,0.0
2008-10-30 00:00:00+09:00,542.239013671875,542.239013671875,542.239013671875,542.239013671875,100,0.0,0.0
2008-10-31 00:00:00+09:00,503.4509841192336,503.4509841192336,498.7014465332031,498.7014465332031,100,0.0,0.0
2008-11-04 00:00:00+09:00,490.78583111026427,498.7017316120427,482.8699306084858,486.827880859375,6300,0.0,0.0
2008-11-05 00:00:00+09:00,477.3286437988281,486.827721287362,477.3286437988281,477.3286437988281,12700,0.0,0.0
2008-11-06 00:00:00+09:00,530.3651733398438,530.3651733398438,530.3651733398438,530.3651733398438,2700,0.0,0.0
2008-11-07 00:00:00+09:00,491.577362560835,491.577362560835,474.9539734887295,482.869873046875,4600,0.0,0.0
2008-11-10 00:00:00+09:00,506.6175231933594,506.6175231933594,506.6175231933594,506.6175231933594,1500,0.0,0.0
2008-11-11 00:00:00+09:00,506.61753402217744,506.61753402217744,490.7857360839844,490.7857360839844,2300,0.0,0.0
2008-11-12 00:00:00+09:00,483.66146603418775,483.66146603418775,478.91192626953125,478.91192626953125,2100,0.0,0.0
2008-11-13 00:00:00+09:00,470.2044396972656,474.9539794921875,467.0380798339844,474.9539794921875,2400,0.0,0.0
2008-11-14 00:00:00+09:00,483.6614685058594,483.6614685058594,483.6614685058594,483.6614685058594,2300,0.0,0.0
2008-11-17 00:00:00+09:00,483.6614685058594,483.6614685058594,483.6614685058594,483.6614685058594,0,0.0,0.0
2008-11-18 00:00:00+09:00,486.827880859375,486.827880859375,486.827880859375,486.827880859375,300,0.0,0.0
2008-11-19 00:00:00+09:00,474.9539794921875,474.9539794921875,474.9539794921875,474.9539794921875,200,0.0,0.0
2008-11-20 00:00:00+09:00,467.0380291938782,506.6175231933594,467.0380291938782,506.6175231933594,1200,0.0,0.0
2008-11-21 00:00:00+09:00,467.0379943847656,467.0379943847656,467.0379943847656,467.0379943847656,300,0.0,0.0
2008-11-25 00:00:00+09:00,474.9539794921875,482.8698791503906,474.9539794921875,474.9539794921875,700,0.0,0.0
2008-11-26 00:00:00+09:00,474.9539794921875,474.9539794921875,474.9539794921875,474.9539794921875,500,0.0,0.0
2008-11-27 00:00:00+09:00,467.82958984375,467.82958984375,467.82958984375,467.82958984375,2400,0.0,0.0
2008-11-28 00:00:00+09:00,471.78753097918855,471.78753097918855,467.0379920767135,470.9959411621094,1500,0.0,0.0
2008-12-01 00:00:00+09:00,468.62118530273443,468.62118530273443,468.62118530273443,468.6211853027344,200,0.0,0.0
2008-12-02 00:00:00+09:00,463.87155994544474,463.87155994544474,444.0818176269531,444.0818176269531,1100,0.0,0.0
2008-12-03 00:00:00+09:00,449.6230186882493,449.6230186882493,445.6650695800781,445.6650695800781,1100,0.0,0.0
2008-12-04 00:00:00+09:00,451.2061462402344,451.2061462402344,451.2061462402344,451.2061462402344,400,0.0,0.0
2008-12-05 00:00:00+09:00,455.1641531869875,455.1641531869875,446.4566650390625,446.4566650390625,600,0.0,0.0
2008-12-08 00:00:00+09:00,448.0397644042969,448.0397644042969,448.0397644042969,448.0397644042969,200,0.0,0.0
2008-12-09 00:00:00+09:00,445.66507373678274,459.1221008300781,445.66507373678274,459.1221008300781,200,0.0,0.0
2008-12-10 00:00:00+09:00,463.8716351008011,467.0379943847656,463.08004527981,467.0379943847656,2100,0.0,0.0
2008-12-11 00:00:00+09:00,470.9959411621094,470.9959411621094,467.0379920767135,470.9959411621094,6500,0.0,0.0
2008-12-12 00:00:00+09:00,470.99599389281616,474.162353515625,470.99599389281616,474.162353515625,4500,0.0,0.0
2008-12-15 00:00:00+09:00,485.2445068359375,485.2445068359375,485.2445068359375,485.2445068359375,400,0.0,0.0
2008-12-16 00:00:00+09:00,496.3267631095152,497.90994257716915,485.2445068359375,485.2445068359375,2300,0.0,0.0
2008-12-17 00:00:00+09:00,485.24456087343253,497.11840820312506,485.24456087343253,497.118408203125,3900,0.0,0.0
2008-12-18 00:00:00+09:00,498.701587847084,500.284767491043,497.11840820312506,497.118408203125,2300,0.0,0.0
2008-12-19 00:00:00+09:00,485.24456126995375,485.24456126995375,475.7454833984375,475.7454833984375,400,0.0,0.0
2008-12-22 00:00:00+09:00,477.32863812113914,477.32863812113914,476.5370483398437,476.53704833984375,1700,0.0,0.0
2008-12-24 00:00:00+09:00,474.95383619225544,474.95383619225544,455.1640930175781,455.1640930175781,1600,0.0,0.0
2008-12-25 00:00:00+09:00,455.1640930175781,455.1640930175781,455.1640930175781,455.1640930175781,0,0.0,0.0
2008-12-26 00:00:00+09:00,457.5390319824219,457.5390319824219,457.5390319824219,457.5390319824219,200,0.0,0.0
2008-12-29 00:00:00+09:00,459.12209617485433,467.0379943847656,459.12209617485433,467.0379943847656,600,0.0,0.0
2008-12-30 00:00:00+09:00,468.62118530273443,468.62118530273443,468.62118530273443,468.6211853027344,200,0.0,0.0
2009-01-05 00:00:00+09:00,474.9539794921875,474.9539794921875,474.9539794921875,474.9539794921875,1000,0.0,0.0
2009-01-06 00:00:00+09:00,474.95394620028407,474.95394620028407,468.6212269176136,470.20440673828125,1000,0.0,0.0
2009-01-07 00:00:00+09:00,490.7857360839844,490.7857360839844,490.7857360839844,490.7857360839844,3700,0.0,0.0
2009-01-08 00:00:00+09:00,493.9522218342069,500.2849426269531,490.7858614378338,500.2849426269531,1100,0.0,0.0
2009-01-09 00:00:00+09:00,500.2849426269531,502.65971292423296,500.2849426269531,500.2849426269531,1900,0.0,0.0
2009-01-13 00:00:00+09:00,492.3688502720424,554.1128540039062,492.3688502720424,554.1128540039062,3300,0.0,0.0
2009-01-14 00:00:00+09:00,554.112940011959,554.112940011959,553.3213500976562,553.3213500976562,2100,0.0,0.0
2009-01-15 00:00:00+09:00,547.7801513671875,547.7801513671875,547.7801513671875,547.7801513671875,300,0.0,0.0
2009-01-16 00:00:00+09:00,549.3633309954164,549.3633309954164,547.7801513671875,547.7801513671875,400,0.0,0.0
2009-01-19 00:00:00+09:00,538.2811279296875,538.2811279296875,538.2811279296875,538.2811279296875,300,0.0,0.0
2009-01-20 00:00:00+09:00,514.5333251953125,514.5333251953125,514.5333251953125,514.5333251953125,700,0.0,0.0
2009-01-21 00:00:00+09:00,516.9080943885216,516.9080943885216,514.5333251953125,514.5333251953125,3600,0.0,0.0
2009-01-22 00:00:00+09:00,510.5755310058594,510.5755310058594,510.5755310058594,510.5755310058594,200,0.0,0.0
2009-01-23 00:00:00+09:00,498.7014465332031,498.7014465332031,498.7014465332031,498.7014465332031,100,0.0,0.0
2009-01-26 00:00:00+09:00,553.3213500976562,553.3213500976562,553.3213500976562,553.3213500976562,1300,0.0,0.0
2009-01-27 00:00:00+09:00,514.5333251953125,514.5333251953125,514.5333251953125,514.5333251953125,500,0.0,0.0
2009-01-28 00:00:00+09:00,506.6175231933594,506.6175231933594,506.6175231933594,506.6175231933594,1100,0.0,0.0
2009-01-29 00:00:00+09:00,506.6173425099206,506.6173425099206,498.7014465332031,498.7014465332031,1400,0.0,0.0
2009-01-30 00:00:00+09:00,498.7014465332031,498.7014465332031,498.7014465332031,498.7014465332031,0,0.0,0.0
2009-02-02 00:00:00+09:00,498.7014465332031,498.7014465332031,498.7014465332031,498.7014465332031,0,0.0,0.0
2009-02-03 00:00:00+09:00,498.7014465332031,498.7014465332031,498.7014465332031,498.7014465332031,100,0.0,0.0
2009-02-04 00:00:00+09:00,491.577362560835,491.577362560835,482.869873046875,482.869873046875,800,0.0,0.0
2009-02-05 00:00:00+09:00,467.03808242468523,467.8296723948966,439.33243346728864,440.1240234375,4100,0.0,0.0
2009-02-06 00:00:00+09:00,436.16602081468056,436.16602081468056,428.2501220703125,428.2501220703125,2000,0.0,0.0
2009-02-09 00:00:00+09:00,421.12586616238946,421.12586616238946,413.2099664224949,414.0015563964844,8500,0.0,0.0
2009-02-10 00:00:00+09:00,417.1677972447802,418.75097674096537,396.5864637943736,406.0855407714844,6900,0.0,0.0
2009-02-12 00:00:00+09:00,407.6688232421875,407.6688232421875,407.6688232421875,407.6688232421875,1100,0.0,0.0
2009-02-13 00:00:00+09:00,408.4603278808593,408.4603278808593,395.7948913574219,395.7948913574219,800,0.0,0.0
2009-02-16 00:00:00+09:00,383.9210871315787,384.7126770019531,383.9210871315787,384.7126770019531,800,0.0,0.0
2009-02-17 00:00:00+09:00,379.9631064967105,380.754696301912,376.0051574707031,376.0051574707031,5900,0.0,0.0
2009-02-18 00:00:00+09:00,348.2995886736751,348.2995886736751,342.75845885386667,343.550048828125,5200,0.0,0.0
2009-02-19 00:00:00+09:00,336.4256896972656,337.2172795553768,333.25933026482073,336.4256896972656,7000,0.0,0.0
2009-02-20 00:00:00+09:00,337.21729900820037,337.21729900820037,334.842529296875,334.842529296875,5200,0.0,0.0
2009-02-23 00:00:00+09:00,337.21730458961343,337.21730458961343,334.8425348389824,335.6341247558594,1000,0.0,0.0
2009-02-24 00:00:00+09:00,336.4256896972656,336.4256896972656,336.4256896972656,336.4256896972656,3300,0.0,0.0
2009-02-25 00:00:00+09:00,341.17522632687593,341.9668161791424,340.3836364746094,340.3836364746094,1400,0.0,0.0
2009-02-26 00:00:00+09:00,336.42566483905057,337.2172546386719,336.42566483905057,337.2172546386719,200,0.0,0.0
2009-02-27 00:00:00+09:00,340.38362520877445,340.38362520877445,338.8004455566406,338.8004455566406,2700,0.0,0.0
2009-03-02 00:00:00+09:00,339.5920104980469,339.5920104980469,339.5920104980469,339.5920104980469,600,0.0,0.0
2009-03-03 00:00:00+09:00,338.8004207299862,339.5920104980469,338.8004207299862,339.5920104980469,2200,0.0,0.0
2009-03-04 00:00:00+09:00,332.46775113619293,332.46775113619293,329.3013916015625,329.3013916015625,7000,0.0,0.0
2009-03-05 00:00:00+09:00,330.88452716545163,331.6761169433594,330.88452716545163,331.6761169433594,2200,0.0,0.0
2009-03-06 00:00:00+09:00,330.0929373875438,331.6761169433594,330.0929373875438,331.6761169433594,2400,0.0,0.0
2009-03-09 00:00:00+09:00,332.4677067212672,336.4256556108061,331.6761169433594,331.6761169433594,1500,0.0,0.0
2009-03-10 00:00:00+09:00,331.6762261680733,331.6762261680733,324.5519158207877,325.343505859375,8700,0.0,0.0
2009-03-11 00:00:00+09:00,329.3013886242378,329.3013886242378,324.5518493652344,324.5518493652344,2900,0.0,0.0
2009-03-12 00:00:00+09:00,326.1350958979623,326.1350958979623,325.343505859375,325.343505859375,1700,0.0,0.0
2009-03-13 00:00:00+09:00,329.3013916015625,329.3013916015625,329.3013916015625,329.3013916015625,4300,0.0,0.0
2009-03-16 00:00:00+09:00,329.3014026988636,332.4677623401988,328.5098127885298,330.88458251953125,11300,0.0,0.0
2009-03-17 00:00:00+09:00,337.2172795553768,337.2172795553768,336.4256896972656,336.4256896972656,2200,0.0,0.0
2009-03-18 00:00:00+09:00,338.0088944358387,344.34161376953125,338.0088944358387,344.34161376953125,1800,0.0,0.0
2009-03-19 00:00:00+09:00,338.0089416503906,338.0089416503906,337.2173516231063,338.0089416503906,1500,0.0,0.0
2009-03-23 00:00:00+09:00,338.0088444382932,338.8004342379145,337.2172546386719,337.2172546386719,7000,0.0,0.0
2009-03-24 00:00:00+09:00,338.00886691780977,340.3836364746094,338.00886691780977,340.3836364746094,3200,0.0,0.0
2009-03-25 00:00:00+09:00,348.2996181530899,352.257568359375,348.2996181530899,352.257568359375,2900,0.0,0.0
2009-03-26 00:00:00+09:00,357.07197028266063,361.0840148925781,357.07197028266063,361.0840148925781,4600,6.0,0.0
2009-03-27 00:00:00+09:00,367.5033264160156,367.5033264160156,367.5033264160156,367.5033264160156,2500,0.0,0.0
2009-03-30 00:00:00+09:00,369.1080523480426,369.1080523480426,365.09600830078125,365.09600830078125,3500,0.0,0.0
2009-03-31 00:00:00+09:00,361.0840148925781,361.0840148925781,361.0840148925781,361.0840148925781,800,0.0,0.0
2009-04-01 00:00:00+09:00,361.88641357421875,361.88641357421875,361.88641357421875,361.88641357421875,300,0.0,0.0
2009-04-02 00:00:00+09:00,369.1080421313905,369.1080421313905,365.09599819517973,365.8984069824219,2000,0.0,0.0
2009-04-03 00:00:00+09:00,378.737052551003,378.737052551003,366.70091740637366,367.5033264160156,3400,0.0,0.0
2009-04-06 00:00:00+09:00,386.76111899659224,387.56352795716606,383.5514831542969,383.5514831542969,1900,0.0,0.0
2009-04-07 00:00:00+09:00,369.108062939349,376.3297424316406,369.108062939349,376.3297424316406,2200,0.0,0.0
2009-04-08 00:00:00+09:00,379.53943835142763,383.5514831542969,379.53943835142763,383.5514831542969,1000,0.0,0.0
2009-04-09 00:00:00+09:00,401.2044780478927,401.2044780478927,400.4020690917969,400.4020690917969,1300,0.0,0.0
2009-04-10 00:00:00+09:00,410.83334338803087,415.6477966308594,409.22852564042137,415.6477966308594,2500,0.0,0.0
2009-04-13 00:00:00+09:00,429.2887077194816,447.7441101074219,429.2887077194816,447.7441101074219,3500,0.0,0.0
2009-04-14 00:00:00+09:00,464.5947760573956,477.4333190917969,464.5947760573956,477.4333190917969,3300,0.0,0.0
2009-04-15 00:00:00+09:00,476.63078644851157,483.05005629966996,465.3970642089844,465.3970642089844,7100,0.0,0.0
2009-04-16 00:00:00+09:00,460.582692607974,460.582692607974,454.1634216308594,454.1634216308594,400,0.0,0.0
2009-04-17 00:00:00+09:00,454.1634216308594,454.1634216308594,454.1634216308594,454.1634216308594,900,0.0,0.0
2009-04-20 00:00:00+09:00,449.348876953125,449.348876953125,449.348876953125,449.348876953125,100,0.0,0.0
2009-04-21 00:00:00+09:00,450.15128566196984,450.15128566196984,449.348876953125,449.348876953125,1300,0.0,0.0
2009-04-22 00:00:00+09:00,456.5706481933594,456.5706481933594,456.5706481933594,456.5706481933594,200,0.0,0.0
2009-04-23 00:00:00+09:00,479.03818631763295,485.4574584960937,479.03818631763295,485.45745849609375,1600,0.0,0.0
2009-04-24 00:00:00+09:00,473.4212646484375,473.4212646484375,473.4212646484375,473.4212646484375,1300,0.0,0.0
2009-04-27 00:00:00+09:00,471.8164265605104,472.61883544921875,471.8164265605104,472.61883544921875,700,0.0,0.0
2009-04-28 00:00:00+09:00,450.1512964839429,453.3609313964844,450.1512964839429,453.3609313964844,800,0.0,0.0
2009-04-30 00:00:00+09:00,461.3851203918457,481.4453430175781,454.163440246582,481.4453430175781,1900,0.0,0.0
2009-05-01 00:00:00+09:00,471.81643557081037,491.0742492675781,471.81643557081037,491.0742492675781,1400,0.0,0.0
2009-05-07 00:00:00+09:00,489.4694320678711,489.4694320678711,481.4453430175781,481.4453430175781,2700,0.0,0.0
2009-05-08 00:00:00+09:00,495.88871243384574,497.4935302734375,482.247760797316,497.4935302734375,2000,0.0,0.0
2009-05-11 00:00:00+09:00,497.49351026191084,497.49351026191084,489.46942138671875,489.46942138671875,3000,0.0,0.0
2009-05-12 00:00:00+09:00,484.6549680616035,497.49351026191084,483.85255917408426,489.46942138671875,2400,0.0,0.0
2009-05-13 00:00:00+09:00,496.6910400390625,496.6910400390625,496.6910400390625,496.6910400390625,500,0.0,0.0
2009-05-14 00:00:00+09:00,492.678955078125,492.678955078125,492.678955078125,492.678955078125,200,0.0,0.0
2009-05-15 00:00:00+09:00,496.6911122131348,496.6911122131348,481.4453430175781,481.4453430175781,3000,0.0,0.0
2009-05-18 00:00:00+09:00,467.0019836425782,467.0019836425782,467.0019836425782,467.0019836425781,800,0.0,0.0
2009-05-19 00:00:00+09:00,467.0019836425782,467.0019836425782,467.0019836425782,467.0019836425781,0,0.0,0.0
2009-05-20 00:00:00+09:00,467.0019836425782,467.0019836425782,467.0019836425782,467.0019836425781,0,0.0,0.0
2009-05-21 00:00:00+09:00,473.4212548953971,473.4212548953971,461.3851212963616,467.0019836425781,1700,0.0,0.0
2009-05-22 00:00:00+09:00,457.37294145063925,457.37294145063925,433.3006813742898,441.32476806640625,2600,0.0,0.0
2009-05-25 00:00:00+09:00,457.37297689503635,469.4091078659584,457.37297689503635,465.3970642089844,2500,0.0,0.0
2009-05-26 00:00:00+09:00,481.4453430175781,481.4453430175781,481.4453430175781,481.4453430175781,200,0.0,0.0
2009-05-27 00:00:00+09:00,482.24776280289984,482.24776280289984,473.4212646484375,473.4212646484375,1100,0.0,0.0
2009-05-28 00:00:00+09:00,495.08632337130035,500.70318603515625,495.08632337130035,500.70318603515625,600,0.0,0.0
2009-05-29 00:00:00+09:00,500.70316595262096,500.70316595262096,497.4935302734375,497.4935302734375,800,0.0,0.0
2009-06-01 00:00:00+09:00,524.775390625,529.58984375,523.1705729166666,529.58984375,2500,0.0,0.0
2009-06-02 00:00:00+09:00,535.2067057291666,535.2067057291666,529.58984375,529.58984375,3900,0.0,0.0
2009-06-03 00:00:00+09:00,546.4405098899919,561.6862803568198,546.4405098899919,554.464599609375,4600,0.0,0.0
2009-06-04 00:00:00+09:00,538.4164020901635,539.2188110351562,533.6019484202067,539.2188110351562,2100,0.0,0.0
2009-06-05 00:00:00+09:00,541.6260986328125,542.4285076678241,541.6260986328125,541.6260986328125,5300,0.0,0.0
2009-06-08 00:00:00+09:00,564.8957164115646,589.7703857421875,564.8957164115646,589.7703857421875,9600,0.0,0.0
2009-06-09 00:00:00+09:00,593.7824306693128,596.9920654296875,593.7824306693128,596.9920654296875,10100,0.0,0.0
2009-06-10 00:00:00+09:00,584.9561327482525,609.830810546875,584.9561327482525,609.830810546875,16600,0.0,0.0
2009-06-11 00:00:00+09:00,609.8307696437336,615.4476319957154,609.8307696437336,613.0404052734375,4400,0.0,0.0
2009-06-12 00:00:00+09:00,609.830810546875,610.6332195081209,593.7826313219572,609.830810546875,6800,0.0,0.0
2009-06-15 00:00:00+09:00,601.8065798330117,605.0162149254544,601.8065798330117,604.2138061523438,5300,0.0,0.0
2009-06-16 00:00:00+09:00,588.9679785287508,596.9920654296875,588.1655698386572,596.9920654296875,1500,0.0,0.0
2009-06-17 00:00:00+09:00,597.7946555614471,616.2500610351562,596.9922466278076,616.2500610351562,2000,0.0,0.0
2009-06-18 00:00:00+09:00,620.2621463924258,620.2621463924258,617.8549194335938,617.8549194335938,3100,0.0,0.0
2009-06-19 00:00:00+09:00,626.6814378028978,626.6814378028978,623.4718017578125,623.4718017578125,2800,0.0,0.0
2009-06-22 00:00:00+09:00,629.891091499473,636.3103637695312,628.2862734319583,636.3103637695312,2000,0.0,0.0
2009-06-23 00:00:00+09:00,648.3463137764896,653.1607666015625,645.9390873639531,653.1607666015625,4700,0.0,0.0
2009-06-24 00:00:00+09:00,645.9391880387309,652.3584594726562,645.9391880387309,652.3584594726562,4400,0.0,0.0
2009-06-25 00:00:00+09:00,649.9510900909196,653.9631338569129,646.741455078125,646.741455078125,4400,0.0,0.0
2009-06-26 00:00:00+09:00,648.346435546875,656.3705250957224,648.346435546875,648.346435546875,800,0.0,0.0
2009-06-29 00:00:00+09:00,648.3463943593367,656.3704833984375,643.5319409358764,656.3704833984375,2100,0.0,0.0
2009-06-30 00:00:00+09:00,664.3945515705104,669.2090048427605,664.3945515705104,665.1969604492188,2900,0.0,0.0
2009-07-01 00:00:00+09:00,673.2211073071177,696.490966796875,670.0114715154269,696.490966796875,6200,0.0,0.0
2009-07-02 00:00:00+09:00,714.1438427582891,776.7317301011504,714.1438427582891,775.9293212890625,14600,0.0,0.0
2009-07-03 00:00:00+09:00,802.4089124619447,840.9245402601182,802.4089124619447,840.1221313476562,16800,0.0,0.0
2009-07-06 00:00:00+09:00,856.170092337472,914.7459280831473,850.553231375558,898.69775390625,24100,0.0,0.0
2009-07-07 00:00:00+09:00,882.6497601150372,898.6979375716743,836.1100454907898,874.6256713867188,16400,0.0,0.0
2009-07-08 00:00:00+09:00,850.5531989692153,850.5531989692153,826.4809386210298,835.3074340820312,10500,0.0,0.0
2009-07-09 00:00:00+09:00,835.3075962179959,835.3075962179959,802.4088340230508,810.4329223632812,4100,0.0,0.0
2009-07-10 00:00:00+09:00,819.2595385510774,846.5414428710938,802.4089505887144,846.5414428710938,8300,0.0,0.0
2009-07-13 00:00:00+09:00,882.6497599468978,882.6497599468978,849.7509961670588,881.8473510742188,4200,0.0,0.0
2009-07-14 00:00:00+09:00,882.6498427149337,882.6498427149337,870.6137084960938,870.6137084960938,9100,0.0,0.0
2009-07-15 00:00:00+09:00,854.5655112208226,856.1703290822701,850.5534665672037,852.960693359375,5200,0.0,0.0
2009-07-16 00:00:00+09:00,853.7631022900988,854.5655112208226,851.3558754979275,852.960693359375,5200,0.0,0.0
2009-07-17 00:00:00+09:00,850.5535278320312,854.5655727746353,850.5535278320312,850.5535278320312,2400,0.0,0.0
2009-07-21 00:00:00+09:00,854.5654907226561,858.5775352800396,852.9606728997029,854.5654907226562,4700,0.0,0.0
2009-07-22 00:00:00+09:00,858.5775352800396,866.6016243948063,854.5654907226561,854.5654907226562,3400,0.0,0.0
2009-07-23 00:00:00+09:00,874.625513667554,906.7218627929688,870.613470026877,906.7218627929688,4800,0.0,0.0
2009-07-24 00:00:00+09:00,922.7702805975906,954.8666381835938,922.7702805975906,954.8666381835938,8400,0.0,0.0
2009-07-27 00:00:00+09:00,962.8906860351562,963.6930949401855,958.8786415100097,962.8906860351562,6900,0.0,0.0
2009-07-28 00:00:00+09:00,962.8907275800946,966.9027722783449,922.7702805975906,954.8666381835938,10800,0.0,0.0
2009-07-29 00:00:00+09:00,954.866477263683,1004.6158231379253,954.866477263683,984.5556030273438,4400,0.0,0.0
2009-07-30 00:00:00+09:00,1000.6038411458333,1035.107421875,1000.6038411458333,1027.8857421875,12100,0.0,0.0
2009-07-31 00:00:00+09:00,1022.2688802083333,1029.4905598958333,1004.6158854166666,1023.0712890625,10600,0.0,0.0
2009-08-03 00:00:00+09:00,1023.0711869367465,1043.1314062884474,1003.0109675850456,1019.0591430664062,8400,0.0,0.0
2009-08-04 00:00:00+09:00,1012.639871665681,1035.1073173127802,1007.0230102539062,1007.0230102539062,7200,0.0,0.0
2009-08-05 00:00:00+09:00,1007.0230497034585,1007.0230497034585,978.9387415443979,986.9628295898438,4800,0.0,0.0
2009-08-06 00:00:00+09:00,986.9629117248433,991.7773649527693,950.0521036440767,951.6569213867188,16100,0.0,0.0
2009-08-07 00:00:00+09:00,952.4593306250838,952.4593306250838,934.0039265775885,934.8063354492188,6600,0.0,0.0
2009-08-10 00:00:00+09:00,934.8061682777067,966.1001086749861,906.7218627929688,906.7218627929688,4500,0.0,0.0
2009-08-11 00:00:00+09:00,926.7821243949559,950.8543873662534,882.6496422809104,922.7700805664062,13800,0.0,0.0
2009-08-12 00:00:00+09:00,954.866386481091,954.866386481091,898.6977755116151,906.7218627929688,5400,0.0,0.0
2009-08-13 00:00:00+09:00,900.3025929678857,922.7700373556761,900.3025929678857,906.7218627929688,2600,0.0,0.0
2009-08-14 00:00:00+09:00,916.3507712528623,946.8423030458647,914.7459537900727,930.7941284179688,4700,0.0,0.0
2009-08-17 00:00:00+09:00,930.7943119487696,933.2015386176026,906.7220452604394,921.1654052734375,3200,0.0,0.0
2009-08-18 00:00:00+09:00,921.165241656387,943.6326865748355,898.6977967379386,914.7459716796875,8100,0.0,0.0
2009-08-19 00:00:00+09:00,938.0158253452233,938.0158253452233,907.5242929559005,914.7459716796875,9600,0.0,0.0
2009-08-20 00:00:00+09:00,914.7461685672884,994.987060546875,914.7461685672884,994.987060546875,31400,0.0,0.0
2009-08-21 00:00:00+09:00,1043.1316206190322,1155.4688720703125,1043.1316206190322,1155.4688720703125,91400,0.0,0.0
2009-08-24 00:00:00+09:00,1203.6132068168827,1315.950439453125,1203.6132068168827,1315.950439453125,58800,0.0,0.0
2009-08-25 00:00:00+09:00,1340.0229146705483,1356.0710932893573,1187.5652177918632,1275.8302001953125,56200,0.0,0.0
2009-08-26 00:00:00+09:00,1276.6323220416998,1283.8540007961785,1211.6372132513934,1259.78173828125,18100,0.0,0.0
2009-08-27 00:00:00+09:00,1259.782062771954,1267.80615234375,1210.835116383999,1267.80615234375,7000,0.0,0.0
2009-08-28 00:00:00+09:00,1267.80615234375,1275.0278329583664,1235.7097940565664,1267.80615234375,6700,0.0,0.0
2009-08-31 00:00:00+09:00,1299.0998937225343,1299.9023025512695,1243.733684539795,1283.8541259765625,6400,0.0,0.0
2009-09-02 00:00:00+09:00,1291.8785121144813,1291.8785121144813,1227.685791015625,1227.685791015625,2700,0.0,0.0
2009-09-03 00:00:00+09:00,1215.6491624481823,1227.6852927694515,1131.3962501992985,1179.540771484375,4700,0.0,0.0
2009-09-04 00:00:00+09:00,1244.5360065917969,1244.5360065917969,1155.4686328125,1203.6131591796875,4600,0.0,0.0
2009-09-07 00:00:00+09:00,1179.541140238444,1181.1459581163194,1155.4688720703125,1155.4688720703125,2000,0.0,0.0
2009-09-08 00:00:00+09:00,1155.468669734589,1171.516845703125,1123.372317797517,1171.516845703125,3300,0.0,0.0
2009-09-09 00:00:00+09:00,1187.56534032884,1227.685791015625,1171.5171600541257,1227.685791015625,5600,0.0,0.0
2009-09-10 00:00:00+09:00,1231.6974662272135,1231.6974662272135,1195.5890714518227,1203.6131591796875,3300,0.0,0.0
2009-09-11 00:00:00+09:00,1247.7460163590176,1247.7460163590176,1208.4279746859681,1227.685791015625,5100,0.0,0.0
2009-09-14 00:00:00+09:00,1203.613364234577,1203.613364234577,1167.5049633075396,1180.343505859375,1600,0.0,0.0
2009-09-15 00:00:00+09:00,1180.343505859375,1180.343505859375,1171.5170078549882,1180.343505859375,1400,0.0,0.0
2009-09-16 00:00:00+09:00,1192.3797944112541,1227.685791015625,1188.3677493425755,1227.685791015625,1800,0.0,0.0
2009-09-17 00:00:00+09:00,1227.685672644413,1227.685672644413,1191.5772705078125,1191.5772705078125,800,0.0,0.0
2009-09-18 00:00:00+09:00,1166.7023922409142,1168.3072098368439,1147.4445810897573,1161.887939453125,4200,0.0,0.0
2009-09-21 00:00:00+09:00,1161.887939453125,1161.887939453125,1161.887939453125,1161.887939453125,0,0.0,0.0
2009-09-24 00:00:00+09:00,1193.9845343338816,1243.7338899311267,1172.3194923802425,1219.66162109375,10400,0.0,0.0
2009-09-25 00:00:00+09:00,1220.4669736581018,1248.6625803102693,1192.2713670059345,1213.2166748046875,2800,6.0,0.0
2009-09-28 00:00:00+09:00,1237.3846153846152,1237.3846153846152,1204.35546875,1204.35546875,1700,0.0,0.0
2009-09-29 00:00:00+09:00,1209.994234049479,1216.4389436848958,1207.5774679361978,1208.383056640625,3300,0.0,0.0
2009-09-30 00:00:00+09:00,1208.383363720387,1368.695556640625,1208.383363720387,1368.695556640625,11200,0.0,0.0
2009-10-01 00:00:00+09:00,1321.16552734375,1321.16552734375,1240.6066537252286,1321.16552734375,5000,0.0,0.0
2009-10-02 00:00:00+09:00,1325.1933300902638,1369.5007058683577,1296.192138671875,1296.192138671875,11300,0.0,0.0
2009-10-05 00:00:00+09:00,1247.8573898878449,1288.942429838962,1244.6350338132477,1288.1368408203125,2100,0.0,0.0
2009-10-06 00:00:00+09:00,1243.023804269429,1263.9691178864123,1232.5511474609375,1232.5511474609375,4000,0.0,0.0
2009-10-07 00:00:00+09:00,1246.2461701040982,1246.2461701040982,1214.828199429205,1226.1064453125,1700,0.0,0.0
2009-10-08 00:00:00+09:00,1248.6627098503236,1248.6627098503236,1244.634765625,1244.634765625,3800,0.0,0.0
2009-10-09 00:00:00+09:00,1251.8848515437198,1256.7183837890625,1244.634553175706,1256.7183837890625,1400,0.0,0.0
2009-10-13 00:00:00+09:00,1288.942026869159,1329.22146520882,1280.0805504344335,1292.969970703125,8400,0.0,0.0
2009-10-14 00:00:00+09:00,1297.8037194593899,1297.8037194593899,1224.495129471305,1280.8863525390625,7400,0.0,0.0
2009-10-15 00:00:00+09:00,1248.6626913381178,1249.4682801712393,1234.9676811750546,1247.051513671875,2500,0.0,0.0
2009-10-16 00:00:00+09:00,1249.468106292919,1264.7742919921875,1248.6625175719048,1264.7742919921875,3200,0.0,0.0
2009-10-19 00:00:00+09:00,1264.77444932201,1264.77444932201,1248.6626728975257,1249.46826171875,2000,0.0,0.0
2009-10-20 00:00:00+09:00,1256.7187119521104,1256.7187119521104,1232.5510444145698,1240.60693359375,2900,0.0,0.0
2009-10-21 00:00:00+09:00,1243.0237752749958,1255.1076097721605,1241.4125973420407,1251.88525390625,1700,0.0,0.0
2009-10-22 00:00:00+09:00,1251.8851787618723,1251.8851787618723,1250.274000925628,1251.07958984375,500,0.0,0.0
2009-10-23 00:00:00+09:00,1251.0792837349472,1264.7742919921875,1232.550743151622,1264.7742919921875,2800,0.0,0.0
2009-10-26 00:00:00+09:00,1264.7745554477353,1272.8304443359375,1256.7186665595332,1272.8304443359375,400,0.0,0.0
2009-10-27 00:00:00+09:00,1248.6626728975257,1276.8582816403732,1244.6347287914048,1249.46826171875,2500,0.0,0.0
2009-10-28 00:00:00+09:00,1248.6628227729302,1248.6628227729302,1240.60693359375,1240.60693359375,2200,0.0,0.0
2009-10-29 00:00:00+09:00,1232.5507469532808,1232.5507469532808,1208.3830852483147,1209.9942626953125,9200,0.0,0.0
2009-10-30 00:00:00+09:00,1217.2449567408344,1236.5790923872803,1217.2449567408344,1232.5511474609375,1600,0.0,0.0
2009-11-02 00:00:00+09:00,1208.3830099595061,1232.5506701586962,1204.3550665929745,1209.1885986328125,10500,0.0,0.0
2009-11-04 00:00:00+09:00,1208.3831290080416,1236.5787353515625,1208.3831290080416,1236.5787353515625,5600,0.0,0.0
2009-11-05 00:00:00+09:00,1213.2166748046875,1216.4390298506494,1208.3831422357443,1213.2166748046875,8000,0.0,0.0
2009-11-06 00:00:00+09:00,1212.411086043197,1215.6334410891589,1212.411086043197,1213.2166748046875,800,0.0,0.0
2009-11-09 00:00:00+09:00,1208.383056640625,1208.383056640625,1208.383056640625,1208.383056640625,2800,0.0,0.0
2009-11-10 00:00:00+09:00,1208.3833849107896,1208.3833849107896,1184.215717212574,1192.2716064453125,7200,0.0,0.0
2009-11-11 00:00:00+09:00,1176.1595894774573,1216.4390274732605,1176.1595894774573,1202.7440185546875,13500,0.0,0.0
2009-11-12 00:00:00+09:00,1202.7442538262674,1220.467210011249,1202.7442538262674,1219.66162109375,5000,0.0,0.0
2009-11-13 00:00:00+09:00,1200.3275146484375,1200.3275146484375,1200.3275146484375,1200.3275146484375,2200,0.0,0.0
2009-11-16 00:00:00+09:00,1216.4393310546875,1220.4672758595043,1212.4113862498707,1216.4393310546875,6100,0.0,0.0
2009-11-17 00:00:00+09:00,1216.4393310546875,1216.4393310546875,1216.4393310546875,1216.4393310546875,6200,0.0,0.0
2009-11-18 00:00:00+09:00,1216.4392186533107,1220.4671630859375,1216.4392186533107,1220.4671630859375,3900,0.0,0.0
2009-11-19 00:00:00+09:00,1220.4671630859375,1221.2727519724629,1216.4392186533107,1220.4671630859375,3800,0.0,0.0
2009-11-20 00:00:00+09:00,1220.4673126819087,1232.5511474609375,1216.4393677555656,1232.5511474609375,5800,0.0,0.0
2009-11-24 00:00:00+09:00,1232.5511474609375,1235.7735034020118,1216.4393677555656,1232.5511474609375,3100,0.0,0.0
2009-11-25 00:00:00+09:00,1232.551183688256,1248.6629638671875,1232.551183688256,1248.6629638671875,1800,0.0,0.0
2009-11-26 00:00:00+09:00,1248.6628227729302,1251.8851784446022,1224.4951552353896,1240.60693359375,1800,0.0,0.0
2009-11-27 00:00:00+09:00,1240.6070737777218,1248.6629638671875,1232.551183688256,1248.6629638671875,9000,0.0,0.0
2009-11-30 00:00:00+09:00,1232.5508143139743,1256.7184773397385,1176.159600587191,1255.1072998046875,9100,0.0,0.0
2009-12-01 00:00:00+09:00,1240.60693359375,1240.60693359375,1240.60693359375,1240.60693359375,200,0.0,0.0
2009-12-02 00:00:00+09:00,1249.4684116908481,1252.6907673625203,1238.190166839996,1240.60693359375,1400,0.0,0.0
2009-12-03 00:00:00+09:00,1240.6068672563888,1240.6068672563888,1233.3565673828125,1233.3565673828125,1000,0.0,0.0
2009-12-04 00:00:00+09:00,1233.3566333324877,1252.6907673625203,1232.5510444145698,1240.60693359375,2300,0.0,0.0
2009-12-07 00:00:00+09:00,1248.6629638671875,1248.6629638671875,1240.6070737777218,1248.6629638671875,5700,0.0,0.0
2009-12-08 00:00:00+09:00,1247.857374858241,1248.6629638671875,1240.6070737777218,1248.6629638671875,2100,0.0,0.0
2009-12-09 00:00:00+09:00,1260.7468602415615,1301.0263126454454,1260.7468602415615,1287.331298828125,24600,0.0,0.0
2009-12-10 00:00:00+09:00,1287.3308493355726,1305.0538022050234,1280.8861392012268,1292.969970703125,13400,0.0,0.0
2009-12-11 00:00:00+09:00,1292.164412434896,1329.2214965820312,1276.8582255045574,1305.0538330078125,12900,0.0,0.0
2009-12-14 00:00:00+09:00,1353.389051303742,1353.389051303742,1258.3295822240743,1264.7742919921875,3000,0.0,0.0
2009-12-15 00:00:00+09:00,1266.3857332253758,1272.8304443359375,1264.7745554477353,1272.8304443359375,2600,0.0,0.0
2009-12-16 00:00:00+09:00,1264.7744223464008,1264.7744223464008,1258.3297119140625,1258.3297119140625,600,0.0,0.0
2009-12-17 00:00:00+09:00,1259.9408212280273,1296.9979042053224,1258.3296437072754,1288.9420166015625,3800,0.0,0.0
2009-12-18 00:00:00+09:00,1288.9421583850933,1313.1098238548138,1288.9421583850933,1296.998046875,5700,0.0,0.0
2009-12-21 00:00:00+09:00,1311.49850189209,1311.49850189209,1288.9420166015625,1288.9420166015625,700,0.0,0.0
2009-12-22 00:00:00+09:00,1305.054211225666,1305.054211225666,1268.8027053582864,1277.6641845703125,1200,0.0,0.0
2009-12-24 00:00:00+09:00,1272.8303752022655,1272.8303752022655,1217.2447448927994,1244.634765625,2800,0.0,0.0
2009-12-25 00:00:00+09:00,1220.4672106457995,1303.4428691913554,1220.4672106457995,1240.60693359375,500,0.0,0.0
2009-12-28 00:00:00+09:00,1241.412522511668,1301.8316913555195,1240.60693359375,1240.60693359375,1500,0.0,0.0
2009-12-29 00:00:00+09:00,1265.5797981464932,1265.5797981464932,1243.0233154296875,1243.0233154296875,300,0.0,0.0
2009-12-30 00:00:00+09:00,1243.023700347504,1243.023700347504,1240.60693359375,1240.60693359375,1300,0.0,0.0
2010-01-04 00:00:00+09:00,1218.0505089766143,1218.0505089766143,1208.3834414450537,1216.4393310546875,500,0.0,0.0
2010-01-05 00:00:00+09:00,1232.5511474609375,1233.356736446206,1216.4393677555656,1232.5511474609375,4000,0.0,0.0
2010-01-06 00:00:00+09:00,1264.774706871681,1264.774706871681,1232.5511474609375,1232.5511474609375,1100,0.0,0.0
2010-01-07 00:00:00+09:00,1232.5511474609375,1232.5511474609375,1232.5511474609375,1232.5511474609375,1700,0.0,0.0
2010-01-08 00:00:00+09:00,1232.5511474609375,1240.6070373136233,1232.5511474609375,1232.5511474609375,6000,0.0,0.0
2010-01-12 00:00:00+09:00,1232.5511474609375,1232.5511474609375,1228.5232025345945,1232.5511474609375,1300,0.0,0.0
2010-01-13 00:00:00+09:00,1224.4952576082517,1232.5511474609375,1224.4952576082517,1232.5511474609375,1600,0.0,0.0
2010-01-14 00:00:00+09:00,1233.3563318726362,1288.9419536226114,1233.3563318726362,1264.7742919921875,2900,0.0,0.0
2010-01-15 00:00:00+09:00,1302.6370255279542,1349.3611736297607,1288.9420166015625,1288.9420166015625,5800,0.0,0.0
2010-01-18 00:00:00+09:00,1260.7464599609375,1260.7464599609375,1260.7464599609375,1260.7464599609375,1400,0.0,0.0
2010-01-19 00:00:00+09:00,1262.357666015625,1262.357666015625,1262.357666015625,1262.357666015625,200,0.0,0.0
2010-01-20 00:00:00+09:00,1326.8049111819134,1326.8049111819134,1296.9981220418217,1297.8037109375,1300,0.0,0.0
2010-01-21 00:00:00+09:00,1385.6129266323323,1442.004150390625,1371.1123262373428,1442.004150390625,3400,0.0,0.0
2010-01-22 00:00:00+09:00,1450.0599365234375,1450.0599365234375,1409.7804938422307,1450.0599365234375,2800,0.0,0.0
2010-01-25 00:00:00+09:00,1450.060267073385,1450.060267073385,1433.948486328125,1433.948486328125,1800,0.0,0.0
2010-01-26 00:00:00+09:00,1417.8360379464286,1417.8360379464286,1409.7801513671875,1409.7801513671875,800,0.0,0.0
2010-01-27 00:00:00+09:00,1409.7807063612827,1425.8924858625544,1337.2776986055594,1385.613037109375,2300,0.0,0.0
2010-01-28 00:00:00+09:00,1410.5860058593748,1410.5860058593748,1369.5009765625,1369.5009765625,300,0.0,0.0
2010-01-29 00:00:00+09:00,1393.6685932390412,1401.7244810612324,1370.3065185546875,1370.3065185546875,1400,0.0,0.0
2010-02-01 00:00:00+09:00,1370.3065185546875,1370.3065185546875,1370.3065185546875,1370.3065185546875,100,0.0,0.0
2010-02-02 00:00:00+09:00,1370.3065185546875,1370.3065185546875,1370.3065185546875,1370.3065185546875,200,0.0,0.0
2010-02-03 00:00:00+09:00,1369.501145549772,1369.501145549772,1368.695556640625,1368.695556640625,1200,0.0,0.0
2010-02-04 00:00:00+09:00,1368.695481443012,1368.695481443012,1367.889892578125,1367.889892578125,600,0.0,0.0
2010-02-05 00:00:00+09:00,1238.9954529197353,1264.7742919921875,1233.3563318726362,1264.7742919921875,1800,0.0,0.0
2010-02-08 00:00:00+09:00,1264.7742919921875,1264.7742919921875,1264.7742919921875,1264.7742919921875,700,0.0,0.0
2010-02-09 00:00:00+09:00,1296.9981578480113,1296.9981578480113,1200.327487697849,1240.60693359375,4400,0.0,0.0
2010-02-10 00:00:00+09:00,1208.3831422357443,1216.4390298506494,1208.3831422357443,1213.2166748046875,4700,0.0,0.0
2010-02-12 00:00:00+09:00,1216.4393310546875,1216.4393310546875,1216.4393310546875,1216.4393310546875,600,0.0,0.0
2010-02-15 00:00:00+09:00,1208.3834414450537,1216.4393310546875,1184.2157726161527,1216.4393310546875,2400,0.0,0.0
2010-02-16 00:00:00+09:00,1208.383135728433,1208.383135728433,1143.93603515625,1143.93603515625,3800,0.0,0.0
2010-02-17 00:00:00+09:00,1192.2715284559463,1192.2715284559463,1139.908251868354,1160.0479736328125,800,0.0,0.0
2010-02-18 00:00:00+09:00,1139.102898830102,1139.102898830102,1114.129638671875,1114.129638671875,8000,0.0,0.0
2010-02-19 00:00:00+09:00,1143.9361698669795,1143.9361698669795,1089.1561279296875,1089.1561279296875,1700,0.0,0.0
2010-02-22 00:00:00+09:00,1075.4612668648294,1083.5171565042663,1006.9862049296155,1048.8768310546875,7100,0.0,0.0
2010-02-23 00:00:00+09:00,1000.5411557250682,1000.5411557250682,975.567906266552,998.1243896484375,12300,0.0,0.0
2010-02-24 00:00:00+09:00,1046.460017335296,1051.2935509026645,1046.460017335296,1049.682373046875,6700,0.0,0.0
2010-02-25 00:00:00+09:00,1092.3786609550457,1092.3786609550457,1021.4868304505885,1022.2924194335938,2400,0.0,0.0
2010-02-26 00:00:00+09:00,998.1246479157479,1017.4587815315493,998.1246479157479,998.9302368164062,1700,0.0,0.0
2010-03-01 00:00:00+09:00,980.4016921012633,1006.9861258229902,978.7905142999465,998.9302368164062,6900,0.0,0.0
2010-03-02 00:00:00+09:00,998.9299391526444,1055.3211453951324,998.9299391526444,1047.2652587890625,5600,0.0,0.0
2010-03-03 00:00:00+09:00,1067.4050671603645,1069.0162446202291,997.31884765625,997.31884765625,3800,0.0,0.0
2010-03-04 00:00:00+09:00,980.401671698824,1041.626426874757,980.401671698824,1035.9873046875,7100,0.0,0.0
2010-03-05 00:00:00+09:00,1031.1535625000001,1033.5703286621094,1006.9859008789062,1006.9859008789062,7600,0.0,0.0
2010-03-08 00:00:00+09:00,1014.2364259289158,1015.0420148295741,991.6799367104808,998.9302368164062,3800,0.0,0.0
2010-03-09 00:00:00+09:00,998.9300251161146,998.9300251161146,992.4853152766559,997.31884765625,2600,0.0,0.0
2010-03-10 00:00:00+09:00,997.3188046598241,997.3188046598241,993.2908611838152,994.9020385742188,3600,0.0,0.0
2010-03-11 00:00:00+09:00,993.2908935546875,999.7356033263318,990.8741273903208,993.2908935546875,6600,0.0,0.0
2010-03-12 00:00:00+09:00,1006.9862287564949,1022.2924194335938,1002.958283841469,1022.2924194335938,2200,0.0,0.0
2010-03-15 00:00:00+09:00,1019.0700543077687,1019.0700543077687,1011.014164550395,1018.2644653320312,3300,0.0,0.0
2010-03-16 00:00:00+09:00,1011.013439844525,1023.0972658187624,1011.013439844525,1015.0413818359375,6500,0.0,0.0
2010-03-17 00:00:00+09:00,1062.5719066478587,1087.545166015625,1049.682482458044,1087.545166015625,2800,0.0,0.0
2010-03-18 00:00:00+09:00,1126.2130824988997,1143.93603515625,1109.2957185987016,1143.93603515625,5700,0.0,0.0
2010-03-19 00:00:00+09:00,1135.8801475847272,1144.7416239134022,1119.7683724416813,1143.93603515625,2200,0.0,0.0
2010-03-23 00:00:00+09:00,1143.1305384299933,1151.9920154720862,1127.8243508118328,1131.852294921875,3400,0.0,0.0
2010-03-24 00:00:00+09:00,1135.8799830845423,1151.9917558942523,1127.8240966796875,1127.8240966796875,10600,0.0,0.0
2010-03-25 00:00:00+09:00,1151.9918139886126,1158.4365234375,1151.1862253075017,1158.4365234375,1000,0.0,0.0
2010-03-26 00:00:00+09:00,1134.269146438696,1152.7976907342143,1128.630024261799,1136.6859130859375,1600,0.0,0.0
2010-03-29 00:00:00+09:00,1161.025893990653,1217.0082746233259,1135.8743896484375,1135.8743896484375,12800,10.0,0.0
2010-03-30 00:00:00+09:00,1162.648681640625,1162.648681640625,1162.648681640625,1162.648681640625,300,0.0,0.0
2010-03-31 00:00:00+09:00,1147.2331688698757,1200.781534602133,1147.2331688698757,1155.3465576171875,2000,0.0,0.0
2010-04-01 00:00:00+09:00,1183.743196251426,1200.7813094257099,1159.403034573878,1199.969970703125,6200,0.0,0.0
2010-04-02 00:00:00+09:00,1217.0085382024083,1326.539306640625,1200.781757693043,1326.539306640625,10300,0.0,0.0
2010-04-05 00:00:00+09:00,1321.670915222168,1321.670915222168,1298.14208984375,1298.14208984375,7300,0.0,0.0
2010-04-06 00:00:00+09:00,1298.1423554226737,1306.2557451440655,1225.1218479301483,1238.103271484375,8700,0.0,0.0
2010-04-07 00:00:00+09:00,1245.4055703754075,1322.4827880859375,1244.5942312416125,1322.4827880859375,8600,0.0,0.0
2010-04-08 00:00:00+09:00,1321.6709167368888,1334.652337650204,1318.42556150856,1331.406982421875,13300,0.0,0.0
2010-04-09 00:00:00+09:00,1333.0297344785747,1346.8224949692235,1330.5957179214015,1338.7091064453125,26100,0.0,0.0
2010-04-12 00:00:00+09:00,1338.7092699323382,1363.0494384765625,1338.7092699323382,1363.0494384765625,9800,0.0,0.0
2010-04-13 00:00:00+09:00,1363.0493308524408,1379.2761086006842,1363.0493308524408,1371.1627197265625,8000,0.0,0.0
2010-04-14 00:00:00+09:00,1371.1629147947783,1379.2763048231498,1354.9361347380352,1378.4649658203125,4300,0.0,0.0
2010-04-15 00:00:00+09:00,1371.163184617094,1371.163184617094,1354.9364013671875,1354.9364013671875,25000,0.0,0.0
2010-04-16 00:00:00+09:00,1339.5206088838124,1411.729775565011,1339.5206088838124,1363.0494384765625,14100,0.0,0.0
2010-04-19 00:00:00+09:00,1364.6722673952038,1375.2196749315522,1342.76611328125,1342.76611328125,6600,0.0,0.0
2010-04-20 00:00:00+09:00,1367.1062004662663,1419.8432349056177,1363.0495055093932,1403.616455078125,11600,0.0,0.0
2010-04-21 00:00:00+09:00,1404.4276495361328,1460.4100341796875,1380.8988212076824,1460.4100341796875,7100,0.0,0.0
2010-04-22 00:00:00+09:00,1444.1832560221355,1460.4100341796875,1387.3895324707032,1460.4100341796875,4600,0.0,0.0
2010-04-23 00:00:00+09:00,1396.3142007061215,1472.580054783039,1396.3142007061215,1459.5986328125,3200,0.0,0.0
2010-04-26 00:00:00+09:00,1419.8430627841522,1460.410007435128,1410.9183349609375,1410.9183349609375,3600,0.0,0.0
2010-04-27 00:00:00+09:00,1411.7297218697124,1444.1832786943035,1379.2761650451212,1438.50390625,1200,0.0,0.0
2010-04-28 00:00:00+09:00,1373.5966292078353,1406.05018217199,1373.5966292078353,1379.2760009765625,1400,0.0,0.0
2010-04-30 00:00:00+09:00,1435.2583754102882,1442.5604248046875,1389.8234014006916,1442.5604248046875,6300,0.0,0.0
2010-05-06 00:00:00+09:00,1440.1268858828787,1451.485633151814,1419.0320695262844,1436.0701904296875,6600,0.0,0.0
2010-05-07 00:00:00+09:00,1404.42769984654,1419.8431396484375,1403.6163609095981,1419.8431396484375,10200,0.0,0.0
2010-05-10 00:00:00+09:00,1413.3523573927405,1414.1636962890625,1410.918340703775,1414.1636962890625,3100,0.0,0.0
2010-05-11 00:00:00+09:00,1381.71003246642,1387.389404296875,1371.162627638432,1387.389404296875,4100,0.0,0.0
2010-05-12 00:00:00+09:00,1381.710017448874,1460.4098833869484,1346.8224480124081,1379.2760009765625,12200,0.0,0.0
2010-05-13 00:00:00+09:00,1391.4460984614857,1402.804842122396,1379.2760159676536,1387.389404296875,15500,0.0,0.0
2010-05-14 00:00:00+09:00,1395.5033594919537,1403.616751116907,1347.6343489047297,1354.9364013671875,4200,0.0,0.0
2010-05-17 00:00:00+09:00,1387.3893270837254,1387.3893270837254,1330.5956119399473,1346.8223876953125,6500,0.0,0.0
2010-05-18 00:00:00+09:00,1358.9928282952483,1377.6536253404963,1339.5206922480327,1340.33203125,8500,0.0,0.0
2010-05-19 00:00:00+09:00,1338.7093532460653,1354.9361332854116,1300.5764201536017,1340.33203125,14400,0.0,0.0
2010-05-20 00:00:00+09:00,1338.7093532460653,1377.6536253404963,1300.5764201536017,1340.33203125,3500,0.0,0.0
2010-05-21 00:00:00+09:00,1265.6889522429435,1298.1425151209678,1257.5755615234375,1257.5755615234375,4400,0.0,0.0
2010-05-24 00:00:00+09:00,1257.5755615234375,1257.5755615234375,1257.5755615234375,1257.5755615234375,0,0.0,0.0
2010-05-25 00:00:00+09:00,1225.1215665690104,1251.0844077148438,1217.0081787109375,1217.0081787109375,13900,0.0,0.0
2010-05-26 00:00:00+09:00,1191.0457383296325,1245.405455269745,1191.0457383296325,1244.5941162109375,4200,0.0,0.0
2010-05-27 00:00:00+09:00,1256.7640169489305,1267.3114231596057,1203.215646956271,1208.89501953125,7900,0.0,0.0
2010-05-28 00:00:00+09:00,1265.6886097301137,1338.7091064453125,1265.6886097301137,1338.7091064453125,5200,0.0,0.0
2010-05-31 00:00:00+09:00,1363.0494384765625,1367.1061332339332,1347.6339983985538,1363.0494384765625,8100,0.0,0.0
2010-06-01 00:00:00+09:00,1356.5585139016544,1379.2760009765625,1356.5585139016544,1379.2760009765625,6800,0.0,0.0
2010-06-02 00:00:00+09:00,1402.804818646434,1407.6728515625,1401.182141007745,1407.6728515625,16600,0.0,0.0
2010-06-03 00:00:00+09:00,1407.6728515625,1409.2955292011889,1403.616157465778,1407.6728515625,5600,0.0,0.0
2010-06-04 00:00:00+09:00,1407.6729851184873,1414.9750351853843,1407.6729851184873,1414.1636962890625,5100,0.0,0.0
2010-06-07 00:00:00+09:00,1348.4452553030596,1348.4452553030596,1315.99169921875,1315.99169921875,400,0.0,0.0
2010-06-08 00:00:00+09:00,1348.4453125,1348.4453125,1348.4453125,1348.4453125,100,0.0,0.0
2010-06-09 00:00:00+09:00,1315.9919614321227,1315.9919614321227,1192.6684237393467,1249.462158203125,6800,0.0,0.0
2010-06-10 00:00:00+09:00,1268.1225540161133,1298.9534286499024,1267.311215209961,1298.14208984375,1900,0.0,0.0
2010-06-11 00:00:00+09:00,1298.9534286499024,1300.576106262207,1298.14208984375,1298.14208984375,2300,0.0,0.0
2010-06-14 00:00:00+09:00,1298.1420943015826,1333.0296630859375,1298.1420943015826,1333.0296630859375,1000,0.0,0.0
2010-06-15 00:00:00+09:00,1326.539306640625,1326.539306640625,1326.539306640625,1326.539306640625,700,0.0,0.0
2010-06-16 00:00:00+09:00,1338.7091064453125,1354.9358834931345,1338.7091064453125,1338.7091064453125,4100,0.0,0.0
2010-06-17 00:00:00+09:00,1341.1430161809346,1347.6337264830806,1338.7089998176298,1346.8223876953125,4500,0.0,0.0
2010-06-18 00:00:00+09:00,1346.0111114116119,1347.6337890625,1346.0111114116119,1347.6337890625,500,0.0,0.0
2010-06-21 00:00:00+09:00,1347.6338885329917,1347.6338885329917,1266.5,1266.5,0,0.0,0.0
2010-06-22 00:00:00+09:00,1341.143063374825,1341.143063374825,1339.5203857421875,1339.5203857421875,1500,0.0,0.0
2010-06-23 00:00:00+09:00,1339.5209572797764,1354.9364013671875,1339.5209572797764,1354.9364013671875,600,0.0,0.0
2010-06-24 00:00:00+09:00,1290.0289328438896,1363.0494384765625,1290.0289328438896,1363.0494384765625,1500,0.0,0.0
2010-06-25 00:00:00+09:00,1363.0494384765625,1363.8607774280367,1363.0494384765625,1363.0494384765625,1300,0.0,0.0
2010-06-28 00:00:00+09:00,1330.5957179214015,1338.7091064453125,1307.0668912020597,1338.7091064453125,800,0.0,0.0
2010-06-29 00:00:00+09:00,1306.255843791556,1338.709405127992,1281.915672789229,1334.6527099609375,1500,0.0,0.0
2010-06-30 00:00:00+09:00,1269.745231628418,1298.14208984375,1269.745231628418,1298.14208984375,400,0.0,0.0
2010-07-01 00:00:00+09:00,1257.5752578036852,1258.3865966796875,1257.5752578036852,1258.3865966796875,1000,0.0,0.0
2010-07-02 00:00:00+09:00,1237.2918417287426,1237.2918417287426,1217.0083689135174,1221.0650634765625,3800,0.0,0.0
2010-07-05 00:00:00+09:00,1184.5548095703125,1186.1774873916418,1184.5548095703125,1184.5548095703125,4200,0.0,0.0
2010-07-06 00:00:00+09:00,1184.5545494342673,1184.5545494342673,1160.2143874595906,1176.441162109375,700,0.0,0.0
2010-07-07 00:00:00+09:00,1174.8188368055555,1174.8188368055555,1168.328125,1168.328125,400,0.0,0.0
2010-07-08 00:00:00+09:00,1143.988127633427,1160.2149095856741,1077.4583216292135,1083.1376953125,5100,0.0,0.0
2010-07-09 00:00:00+09:00,1111.5345307969556,1111.5345307969556,1092.873732104744,1101.7984619140625,2800,0.0,0.0
2010-07-12 00:00:00+09:00,1102.609681522145,1111.5344103644875,1095.3076306511373,1103.4210205078125,7500,0.0,0.0
2010-07-13 00:00:00+09:00,1095.307373046875,1099.3640670211228,1095.307373046875,1095.307373046875,8200,0.0,0.0
2010-07-14 00:00:00+09:00,1085.5716603672806,1088.8170166015625,1085.5716603672806,1088.8170166015625,4200,0.0,0.0
2010-07-15 00:00:00+09:00,1087.1941345660357,1112.3456406642051,1087.1941345660357,1111.5343017578125,1700,0.0,0.0
2010-07-16 00:00:00+09:00,1118.8366554556053,1124.5160293411668,1109.1005859375,1109.1005859375,1900,0.0,0.0
2010-07-21 00:00:00+09:00,1066.910667182496,1067.722006092901,1040.9478220495378,1045.0045166015625,6300,0.0,0.0
2010-07-22 00:00:00+09:00,1053.9294395446777,1053.9294395446777,973.6068725585938,973.6068725585938,14300,0.0,0.0
2010-07-23 00:00:00+09:00,989.8335034045016,1036.8911617630763,974.4180635973823,1029.589111328125,3800,0.0,0.0
2010-07-26 00:00:00+09:00,1014.1737210123163,1014.9850599891261,986.5881958007812,986.5881958007812,8100,0.0,0.0
2010-07-27 00:00:00+09:00,990.644927929452,1014.1737591415356,949.2666385564773,1009.3057250976562,12200,0.0,0.0
2010-07-28 00:00:00+09:00,1005.249095916748,1006.0604349772135,972.7955334981282,973.6068725585938,12700,0.0,0.0
2010-07-29 00:00:00+09:00,973.6068725585938,981.7202631632487,971.9841944376627,973.6068725585938,8000,0.0,0.0
2010-07-30 00:00:00+09:00,973.6066574346823,989.8334350585938,973.6066574346823,989.8334350585938,1600,0.0,0.0
2010-08-02 00:00:00+09:00,989.833611633552,989.833611633552,973.6068311149692,985.7769165039062,500,0.0,0.0
2010-08-03 00:00:00+09:00,991.4559166992187,1014.1734008789062,991.4559166992187,1014.1734008789062,3000,0.0,0.0
2010-08-04 00:00:00+09:00,997.9468653047438,1014.173643602382,985.7767815815153,1013.3623046875,4500,0.0,0.0
2010-08-05 00:00:00+09:00,1021.4756779832486,1022.2870168855387,997.1355109145453,1004.4375610351562,2700,0.0,0.0
2010-08-06 00:00:00+09:00,985.7768771522924,985.7768771522924,924.9264526367188,924.9264526367188,12100,0.0,0.0
2010-08-09 00:00:00+09:00,892.4729013584769,892.4729013584769,795.1122212102794,818.6410522460938,27000,0.0,0.0
2010-08-10 00:00:00+09:00,821.0749707925356,824.3203264083163,783.7533812110566,797.546142578125,36600,0.0,0.0
2010-08-11 00:00:00+09:00,783.7533659904234,783.7533659904234,743.99776046917,754.545166015625,32900,0.0,0.0
2010-08-12 00:00:00+09:00,762.6586054768375,783.75341796875,746.4318266369047,783.75341796875,31100,0.0,0.0
2010-08-13 00:00:00+09:00,783.7533010230254,791.8666892323735,752.1110870065679,753.7337646484375,19100,0.0,0.0
2010-08-16 00:00:00+09:00,756.1678111878786,756.1678111878786,720.46890164682,736.6956787109375,18300,0.0,0.0
2010-08-17 00:00:00+09:00,738.3184343420941,751.2998573634935,738.3184343420941,746.4318237304688,6800,0.0,0.0
2010-08-18 00:00:00+09:00,738.3184814453125,750.4885663043012,730.20509153932,738.3184814453125,27800,0.0,0.0
2010-08-19 00:00:00+09:00,742.375027083124,758.601803631389,742.375027083124,756.9791259765625,2500,0.0,0.0
2010-08-20 00:00:00+09:00,735.8844243559965,750.488525390625,735.8844243559965,750.488525390625,4800,0.0,0.0
2010-08-23 00:00:00+09:00,750.4885525173611,766.71533203125,750.4885525173611,766.71533203125,3500,0.0,0.0
2010-08-24 00:00:00+09:00,754.5452201224662,754.5452201224662,742.3751359269426,750.488525390625,4200,0.0,0.0
2010-08-25 00:00:00+09:00,742.3750697828659,758.6018472644587,742.3750697828659,747.2431030273438,5000,0.0,0.0
2010-08-26 00:00:00+09:00,748.0544419014234,757.790508390379,746.4317641532641,747.2431030273438,5500,0.0,0.0
2010-08-27 00:00:00+09:00,748.0546462459605,761.0360717773438,746.4319680545376,761.0360717773438,1800,0.0,0.0
2010-08-30 00:00:00+09:00,762.658695289717,774.0174418153085,762.658695289717,765.0927124023438,3900,0.0,0.0
2010-08-31 00:00:00+09:00,747.2431030273438,754.5451528940605,745.6204252791845,747.2431030273438,6400,0.0,0.0
2010-09-01 00:00:00+09:00,742.3751655121864,742.3751655121864,713.978301257622,731.8277587890625,11700,0.0,0.0
2010-09-02 00:00:00+09:00,742.3751763983088,746.431871351305,736.6958034641141,738.3184814453125,7600,0.0,0.0
2010-09-03 00:00:00+09:00,735.0731254829155,738.3184814453125,726.1483965863239,738.3184814453125,4000,0.0,0.0
2010-09-06 00:00:00+09:00,742.3749341462789,765.9037571957238,739.94091796875,739.94091796875,5100,0.0,0.0
2010-09-07 00:00:00+09:00,742.3750625010662,746.431756831673,734.2616738398523,743.1864013671875,4100,0.0,0.0
2010-09-08 00:00:00+09:00,738.3184343420941,748.8658405469811,735.0730785867441,746.4318237304688,1800,0.0,0.0
2010-09-09 00:00:00+09:00,747.2431542461237,750.4885099648908,713.9782581287609,741.5637817382812,2600,0.0,0.0
2010-09-10 00:00:00+09:00,741.5637704205039,742.375109337813,732.639042330104,735.0730590820312,2000,0.0,0.0
2010-09-13 00:00:00+09:00,747.2430838026139,750.4884392154374,736.6956787109375,736.6956787109375,12700,0.0,0.0
2010-09-14 00:00:00+09:00,738.3184190001031,742.3751136099938,736.6957411561468,737.507080078125,3900,0.0,0.0
2010-09-16 00:00:00+09:00,770.7719182393638,772.394595961973,739.1297026484846,740.7523803710938,14400,0.0,0.0
2010-09-17 00:00:00+09:00,747.2431160219254,755.3565049038137,746.4317771337365,754.545166015625,3300,0.0,0.0
2010-09-21 00:00:00+09:00,766.7152493384576,778.8853326612902,752.9224882392473,754.545166015625,5700,0.0,0.0
2010-09-22 00:00:00+09:00,751.2998643369932,754.5452201224662,748.0545085515203,750.488525390625,1400,0.0,0.0
2010-09-24 00:00:00+09:00,738.3184061686198,738.3184061686198,730.2050170898438,730.2050170898438,6400,0.0,0.0
2010-09-27 00:00:00+09:00,726.1483211326387,731.8276934766928,726.1483211326387,729.3936767578125,8900,0.0,0.0
2010-09-28 00:00:00+09:00,730.2143209794738,737.5985107421875,728.5733899210929,737.5985107421875,1700,10.0,0.0
2010-09-29 00:00:00+09:00,730.2142221690257,767.9556314047281,718.7277063146814,758.1100463867188,10000,0.0,0.0
2010-09-30 00:00:00+09:00,735.1368721941639,754.007573154505,730.2140806392922,731.0345458984375,10200,0.0,0.0
2010-10-01 00:00:00+09:00,730.2140806392922,746.6233858221976,730.2140806392922,731.0345458984375,2700,0.0,0.0
2010-10-04 00:00:00+09:00,730.2141548311326,735.136946886174,676.8839075681848,688.3704223632812,8400,0.0,0.0
2010-10-05 00:00:00+09:00,676.0633921835292,678.5247880288575,638.3219892218273,645.7061767578125,38200,0.0,0.0
2010-10-06 00:00:00+09:00,648.1676417816926,656.3722954751318,621.0922845933434,622.7332153320312,34700,0.0,0.0
2010-10-07 00:00:00+09:00,626.8356126434949,639.1425945671238,603.0421142578125,603.0421142578125,59400,0.0,0.0
2010-10-08 00:00:00+09:00,607.9648961684284,627.6560668945312,604.6830343807445,627.6560668945312,8900,0.0,0.0
2010-10-12 00:00:00+09:00,623.553644751039,653.0903963445093,623.553644751039,641.6038818359375,11900,0.0,0.0
2010-10-13 00:00:00+09:00,656.3722230913643,660.4745494856852,648.1675703027222,655.5517578125,14600,0.0,0.0
2010-10-14 00:00:00+09:00,660.4747075114758,660.4747075114758,646.5267944335938,646.5267944335938,7200,0.0,0.0
2010-10-15 00:00:00+09:00,639.9630178082052,639.9630178082052,626.8355712890625,626.8355712890625,20200,0.0,0.0
2010-10-18 00:00:00+09:00,619.4513838918585,626.8355725740131,616.9899876644737,623.5537109375,5200,0.0,0.0
2010-10-19 00:00:00+09:00,619.4513826220448,627.656036696509,619.4513826220448,626.8355712890625,12100,0.0,0.0
2010-10-20 00:00:00+09:00,635.0401669921876,635.0401669921876,612.8876030273437,615.3489990234375,16000,0.0,0.0
2010-10-21 00:00:00+09:00,617.8103975038271,617.8103975038271,601.4010907972181,607.1443481445312,20100,0.0,0.0
2010-10-22 00:00:00+09:00,607.1442877728006,613.7080098027768,603.8624267578125,603.8624267578125,6900,0.0,0.0
2010-10-25 00:00:00+09:00,609.6058270622702,627.6560668945312,607.1444307215073,627.6560668945312,8300,0.0,0.0
2010-10-26 00:00:00+09:00,627.6559122669053,644.0652171627721,626.8354470221119,638.3219604492188,6300,0.0,0.0
2010-10-27 00:00:00+09:00,640.7835361074069,652.2700527597805,639.9630706322374,646.5267944335938,5000,0.0,0.0
2010-10-28 00:00:00+09:00,632.5786736094353,637.50146484375,631.7582084037163,637.50146484375,4500,0.0,0.0
2010-10-29 00:00:00+09:00,633.3992309570312,633.3992309570312,633.3992309570312,633.3992309570312,1900,0.0,0.0
2010-11-01 00:00:00+09:00,620.2716981193088,633.3991414657492,607.9647199820209,619.4512329101562,4700,0.0,0.0
2010-11-02 00:00:00+09:00,644.0653468310676,645.7062776510194,618.6309191218152,621.9127807617188,6400,0.0,0.0
2010-11-04 00:00:00+09:00,615.3490568462171,630.1174342105263,614.5285914370888,623.5537109375,14800,0.0,0.0
2010-11-05 00:00:00+09:00,630.9379258248352,635.8607184840668,627.6560640520142,634.2197875976562,46200,0.0,0.0
2010-11-08 00:00:00+09:00,636.6811762971698,656.3723466981132,636.6811762971698,652.27001953125,15800,0.0,0.0
2010-11-09 00:00:00+09:00,656.3724365234375,658.0133676147461,644.065453338623,656.3724365234375,21600,0.0,0.0
2010-11-10 00:00:00+09:00,656.3724365234375,656.3724365234375,648.1677810668945,656.3724365234375,22400,0.0,0.0
2010-11-11 00:00:00+09:00,652.2698674057469,652.2698674057469,647.3470759536281,649.8084716796875,5700,0.0,0.0
2010-11-12 00:00:00+09:00,650.6289369217072,651.4494021637271,649.8084716796875,649.8084716796875,5000,0.0,0.0
2010-11-15 00:00:00+09:00,648.1675411956479,650.6289369217072,644.8856802275686,649.8084716796875,9500,0.0,0.0
2010-11-16 00:00:00+09:00,655.5519092588353,660.4747020692896,655.5519092588353,658.0133056640625,7900,0.0,0.0
2010-11-17 00:00:00+09:00,656.372223474749,656.372223474749,648.1675706813146,653.9108276367188,8900,0.0,0.0
2010-11-18 00:00:00+09:00,659.6541712143842,672.7816174077053,659.6541712143842,669.499755859375,19900,0.0,0.0
2010-11-19 00:00:00+09:00,683.4476033182978,686.7294645587217,671.9610889768137,676.0634155273438,41900,0.0,0.0
2010-11-22 00:00:00+09:00,687.5500504255555,752.3668212890625,686.729584971587,752.3668212890625,63600,0.0,0.0
2010-11-24 00:00:00+09:00,730.214335341525,775.3399403345406,722.0096798882495,766.3148193359375,41300,0.0,0.0
2010-11-25 00:00:00+09:00,775.3397678684544,820.4653628237612,763.032787426098,819.6448974609375,40800,0.0,0.0
2010-11-26 00:00:00+09:00,831.9519168297613,845.0793632491658,795.8514391763989,799.13330078125,39600,0.0,0.0
2010-11-29 00:00:00+09:00,799.9537303728639,821.2858298494737,799.9537303728639,814.7221069335938,33200,0.0,0.0
2010-11-30 00:00:00+09:00,812.2607517242432,812.2607517242432,781.9035317103069,787.6467895507812,9800,0.0,0.0
2010-12-01 00:00:00+09:00,779.442018549493,787.6466713763298,763.8531781785032,771.2373657226562,10400,0.0,0.0
2010-12-02 00:00:00+09:00,795.8513482183004,808.9787931373651,784.3648339141187,798.312744140625,13700,0.0,0.0
2010-12-03 00:00:00+09:00,803.2356546934486,808.978912694321,799.1333275499683,808.158447265625,10300,0.0,0.0
2010-12-06 00:00:00+09:00,795.8515851330974,809.7994995117188,782.7241363061597,809.7994995117188,9100,0.0,0.0
2010-12-07 00:00:00+09:00,809.7993491036551,809.7993491036551,792.5695757184709,804.0560913085938,6600,0.0,0.0
2010-12-08 00:00:00+09:00,816.3630722980109,818.0040030966,799.1332989128268,804.0560913085938,5600,0.0,0.0
2010-12-09 00:00:00+09:00,816.3628853863551,818.0038158092422,799.13311594604,810.61962890625,17700,0.0,0.0
2010-12-10 00:00:00+09:00,816.363067933971,819.644929513605,809.7993447747028,815.5426025390625,8400,0.0,0.0
2010-12-13 00:00:00+09:00,819.6449850252359,828.6701049804688,808.1584687185759,828.6701049804688,9100,0.0,0.0
2010-12-14 00:00:00+09:00,846.7203419503622,846.7203419503622,822.926843969199,835.2338256835938,4200,0.0,0.0
2010-12-15 00:00:00+09:00,827.0291162109374,828.6700469970702,820.4653930664062,820.4653930664062,5800,0.0,0.0
2010-12-16 00:00:00+09:00,820.4653992944834,820.4653992944834,804.0560913085938,804.0560913085938,20200,0.0,0.0
2010-12-17 00:00:00+09:00,804.0561208016753,814.7221713837384,804.0561208016753,806.5175170898438,7800,0.0,0.0
2010-12-20 00:00:00+09:00,804.055974228577,814.7220228663031,772.8782935952241,782.723876953125,22900,0.0,0.0
2010-12-21 00:00:00+09:00,784.3649894698428,795.8515060520372,784.3649894698428,786.0059204101562,9300,0.0,0.0
2010-12-22 00:00:00+09:00,786.8263360225793,787.6468014407468,758.1100463867188,758.1100463867188,28600,0.0,0.0
2010-12-24 00:00:00+09:00,763.0328078811233,765.4942040355785,758.9304809570312,758.9304809570312,12800,0.0,0.0
2010-12-27 00:00:00+09:00,775.3397886533995,775.3397886533995,754.8281540329392,758.9304809570312,15200,0.0,0.0
2010-12-28 00:00:00+09:00,768.7760922039496,774.5193500966151,767.9556267907116,769.5965576171875,5600,0.0,0.0
2010-12-29 00:00:00+09:00,766.314669420397,766.314669420397,754.8281540329392,758.9304809570312,18100,0.0,0.0
2010-12-30 00:00:00+09:00,759.7509463418496,759.7509463418496,751.5462924936655,758.9304809570312,9400,0.0,0.0
2011-01-04 00:00:00+09:00,760.5716284710428,763.0330253269361,754.828369140625,754.828369140625,16500,0.0,0.0
2011-01-05 00:00:00+09:00,758.1098318805266,779.4419267169916,758.1098318805266,765.4940185546875,13300,0.0,0.0
2011-01-06 00:00:00+09:00,769.596510328688,820.4653628237612,767.9555796030405,819.6448974609375,20000,0.0,0.0
2011-01-07 00:00:00+09:00,828.670048234932,832.772375206392,805.6970171947556,817.1835327148438,21100,0.0,0.0
2011-01-11 00:00:00+09:00,816.3629464814157,816.3629464814157,804.0559673887311,812.2606201171875,20200,0.0,0.0
2011-01-12 00:00:00+09:00,812.2606525946101,813.9015832059123,798.312742398541,804.87646484375,16700,0.0,0.0
2011-01-13 00:00:00+09:00,802.4150379460032,808.9787601377906,801.5945726720298,807.3378295898438,12600,0.0,0.0
2011-01-14 00:00:00+09:00,819.6449667593148,819.6449667593148,798.3128655223356,799.9537963867188,12200,0.0,0.0
2011-01-17 00:00:00+09:00,820.465272845644,820.465272845644,800.7741062973486,812.2606201171875,30900,0.0,0.0
2011-01-18 00:00:00+09:00,824.5677380382842,859.0272852995857,813.9016876955005,852.4635620117188,32300,0.0,0.0
2011-01-19 00:00:00+09:00,865.5910281280974,886.1026638657299,842.6179961019488,879.5389404296875,53200,0.0,0.0
2011-01-20 00:00:00+09:00,854.924868567013,862.3090564912964,840.9769580433671,845.0792846679688,32100,0.0,0.0
2011-01-21 00:00:00+09:00,838.515638078962,853.2840152662627,798.3128335135323,804.0560913085938,32800,0.0,0.0
2011-01-24 00:00:00+09:00,801.5945715701941,816.3629464814157,799.9536410245029,812.2606201171875,12400,0.0,0.0
2011-01-25 00:00:00+09:00,818.8244320981138,822.1062935494087,806.5174516557573,819.6448974609375,17100,0.0,0.0
2011-01-26 00:00:00+09:00,820.4653025871546,823.7471637975032,811.4401842586958,816.3629760742188,5900,0.0,0.0
2011-01-27 00:00:00+09:00,816.3630974711243,819.6449591695007,808.9789086497774,818.0040283203125,7500,0.0,0.0
2011-01-28 00:00:00+09:00,815.5426031543363,820.4653955275013,811.4402761766988,813.9016723632812,5600,0.0,0.0
2011-01-31 00:00:00+09:00,801.5945434570312,807.3378001655259,798.3126824807487,801.5945434570312,11000,0.0,0.0
2011-02-01 00:00:00+09:00,804.0561235476762,807.3379852764423,794.2105383613782,799.9537963867188,12000,0.0,0.0
2011-02-02 00:00:00+09:00,800.7741062973486,814.7220159357245,800.7741062973486,812.2606201171875,7400,0.0,0.0
2011-02-03 00:00:00+09:00,812.2607397412012,824.5677206463708,811.4402743475232,818.824462890625,19300,0.0,0.0
2011-02-04 00:00:00+09:00,828.6700469970702,832.7723739624023,813.0812045288086,820.4653930664062,20300,0.0,0.0
2011-02-07 00:00:00+09:00,828.6700469970702,828.6700469970702,812.2607391357421,820.4653930664062,17100,0.0,0.0
2011-02-08 00:00:00+09:00,824.5676252660724,831.13134765625,814.7220416808058,831.13134765625,20100,0.0,0.0
2011-02-09 00:00:00+09:00,832.7722757479039,853.2839081554878,823.747157488567,840.9769287109375,21600,0.0,0.0
2011-02-10 00:00:00+09:00,840.9769892112189,842.617919921875,823.7472167493305,842.617919921875,9400,0.0,0.0
2011-02-14 00:00:00+09:00,831.1315013318958,845.079413989983,808.1584687185759,828.6701049804688,14200,0.0,0.0
2011-02-15 00:00:00+09:00,840.1564613526571,849.1815795898438,827.8494819383116,849.1815795898438,10700,0.0,0.0
2011-02-16 00:00:00+09:00,848.3611422186827,877.8978937852906,847.5406768973882,858.2067260742188,37700,0.0,0.0
2011-02-17 00:00:00+09:00,890.2048990782663,981.2765523480244,890.2048990782663,974.7128295898438,132800,0.0,0.0
2011-02-18 00:00:00+09:00,1020.6587205864043,1061.6819810601344,1009.1722076537599,1029.683837890625,135100,0.0,0.0
2011-02-21 00:00:00+09:00,1043.6321305006377,1046.0935270348373,992.7632687938457,1005.0702514648438,56000,0.0,0.0
2011-02-22 00:00:00+09:00,983.738140764807,984.558606270032,943.5353310087808,959.9446411132812,49800,0.0,0.0
2011-02-23 00:00:00+09:00,927.9462890625,959.944436961207,927.9462890625,927.9462890625,42900,0.0,0.0
2011-02-24 00:00:00+09:00,910.7164300065923,924.6643392949815,877.8978199162647,913.998291015625,48400,0.0,0.0
2011-02-25 00:00:00+09:00,913.9986135461095,937.7921142578125,895.9483716268866,937.7921142578125,22000,0.0,0.0
2011-02-28 00:00:00+09:00,946.8172041779193,996.8656005859375,946.8172041779193,996.8656005859375,37300,0.0,0.0
2011-03-01 00:00:00+09:00,1003.4290193043308,1016.5564635470695,976.3536655536825,988.66064453125,32500,0.0,0.0
2011-03-02 00:00:00+09:00,944.3554661438874,982.0968661809151,944.3554661438874,960.7647705078125,20900,0.0,0.0
2011-03-03 00:00:00+09:00,975.5333944034167,975.5333944034167,955.8422241210938,955.8422241210938,9200,0.0,0.0
2011-03-04 00:00:00+09:00,972.2514038085938,987.8402448823181,958.3034933742089,972.2514038085938,29700,0.0,0.0
2011-03-07 00:00:00+09:00,972.2514366617008,977.1742287460638,964.0467831877625,964.8672485351562,16100,0.0,0.0
2011-03-08 00:00:00+09:00,959.9447282398021,967.3289184570314,945.1763478053435,967.3289184570312,7400,0.0,0.0
2011-03-09 00:00:00+09:00,967.3286737479162,981.2765850742221,953.3807624216104,968.9696044921875,11600,0.0,0.0
2011-03-10 00:00:00+09:00,971.4310352900256,971.4310352900256,947.6375386486314,958.3035888671875,18500,0.0,0.0
2011-03-11 00:00:00+09:00,919.74169921875,934.5100761910403,918.9212338314005,919.74169921875,15600,0.0,0.0
2011-03-14 00:00:00+09:00,735.1371364571092,819.6450885275136,685.088737658132,698.2161865234375,73600,0.0,0.0
2011-03-15 00:00:00+09:00,661.295176638006,661.295176638006,575.1463012695312,575.1463012695312,80400,0.0,0.0
2011-03-16 00:00:00+09:00,575.9667312148194,698.2160801478794,575.9667312148194,660.4746704101562,46100,0.0,0.0
2011-03-17 00:00:00+09:00,634.219715553705,680.1657751539733,615.3490125035947,668.6792602539062,15900,0.0,0.0
2011-03-18 00:00:00+09:00,680.9864634638247,763.0330253269361,680.9864634638247,754.828369140625,22800,0.0,0.0
2011-03-22 00:00:00+09:00,804.0560976664226,804.0560976664226,771.23748143514,787.6467895507812,19800,0.0,0.0
2011-03-23 00:00:00+09:00,791.7490234375,797.4922806023317,778.6215784893135,791.7490234375,18600,0.0,0.0
2011-03-24 00:00:00+09:00,795.851441060216,795.851441060216,764.6737557403312,794.2105102539062,19100,0.0,0.0
2011-03-25 00:00:00+09:00,795.8513553435031,882.8206787109375,795.8513553435031,882.8206787109375,45300,0.0,0.0
2011-03-28 00:00:00+09:00,882.000245166426,890.2048986098346,845.0793046710872,878.7183837890625,53900,0.0,0.0
2011-03-29 00:00:00+09:00,860.4979502968318,911.0180417002069,860.4979502968318,900.25146484375,23400,10.0,0.0
2011-03-30 00:00:00+09:00,882.0311731094904,964.8510015704754,882.0311731094904,953.2562255859375,30400,0.0,0.0
2011-03-31 00:00:00+09:00,930.0666259765626,981.4149169921875,929.238427734375,981.4149169921875,30400,0.0,0.0
2011-04-01 00:00:00+09:00,993.8380934128155,1020.3404425704906,968.9921410774951,1017.0276489257812,51200,0.0,0.0
2011-04-04 00:00:00+09:00,993.8377181455004,1013.7144725084105,979.7583504717725,984.7275390625,19900,0.0,0.0
2011-04-05 00:00:00+09:00,959.8817626953125,973.1329345703125,927.58203125,944.14599609375,15500,0.0,0.0
2011-04-06 00:00:00+09:00,919.3001850693056,923.4411768939422,905.2208128655415,906.0490112304688,8700,0.0,0.0
2011-04-07 00:00:00+09:00,875.405671137913,944.1461353805306,875.405671137913,910.1900024414062,17900,0.0,0.0
2011-04-08 00:00:00+09:00,909.361658071017,944.1459837895806,892.7976934431297,936.6921997070312,21600,0.0,0.0
2011-04-11 00:00:00+09:00,935.8640505540817,942.4896367526947,911.0181023092831,929.2384643554688,14000,0.0,0.0
2011-04-12 00:00:00+09:00,919.3002219095717,935.8641898719064,894.4542699660699,907.7054443359375,19800,0.0,0.0
2011-04-13 00:00:00+09:00,906.0488650401079,928.4102172851562,902.7360721149156,928.4102172851562,7300,0.0,0.0
2011-04-14 00:00:00+09:00,928.410596030099,943.318170275007,927.5823974609375,927.5823974609375,8800,0.0,0.0
2011-04-15 00:00:00+09:00,925.9255310264793,985.5557977831041,915.1589550843111,980.5866088867188,34100,0.0,0.0
2011-04-18 00:00:00+09:00,977.27392578125,1012.8864501953126,973.1329345703125,989.6968994140625,33100,0.0,0.0
2011-04-19 00:00:00+09:00,966.507465880594,1006.260986328125,964.8510691952803,1006.260986328125,20200,0.0,0.0
2011-04-20 00:00:00+09:00,1006.2610220401846,1021.9967911091258,997.9790383196893,1012.0584106445312,16300,0.0,0.0
2011-04-21 00:00:00+09:00,1026.9659404451886,1046.0145022437687,1019.5121553935702,1043.5299072265625,28000,0.0,0.0
2011-04-22 00:00:00+09:00,1041.8732961631683,1099.84716796875,1041.8732961631683,1099.84716796875,52700,0.0,0.0
2011-04-25 00:00:00+09:00,1124.6932381414222,1124.6932381414222,1060.0937738004568,1087.42431640625,56300,0.0,0.0
2011-04-26 00:00:00+09:00,1112.2701225742326,1176.0413805326957,1109.7855281083184,1163.618408203125,51600,0.0,0.0
2011-04-27 00:00:00+09:00,1138.7727068799009,1159.477665186808,1122.208740234375,1122.208740234375,13600,0.0,0.0
2011-04-28 00:00:00+09:00,1149.5393294689063,1166.9314951164906,1133.8035605496632,1160.305908203125,24200,0.0,0.0
2011-05-02 00:00:00+09:00,1135.4595873339622,1142.0851720886462,1086.595899768168,1094.0496826171875,55100,0.0,0.0
2011-05-06 00:00:00+09:00,1092.3936982137013,1130.4908249141035,1056.7811667328908,1107.30126953125,16100,0.0,0.0
2011-05-09 00:00:00+09:00,1107.3010261855836,1144.5699462890625,1107.3010261855836,1144.5699462890625,27400,0.0,0.0
2011-05-10 00:00:00+09:00,1144.5698960565887,1144.5698960565887,1111.4419685296252,1123.0367431640625,8200,0.0,0.0
2011-05-11 00:00:00+09:00,1107.3012462928834,1126.349809243322,1099.0192624013885,1100.6756591796875,16800,0.0,0.0
2011-05-12 00:00:00+09:00,1089.0807623365906,1089.0807623365906,1065.0630116843008,1079.9705810546875,16200,0.0,0.0
2011-05-13 00:00:00+09:00,1077.4857207304776,1113.9264368812394,1026.137438881677,1094.0496826171875,31900,0.0,0.0
2011-05-16 00:00:00+09:00,1094.049828841443,1105.6446037118294,1061.7500988453673,1088.25244140625,12700,0.0,0.0
2011-05-17 00:00:00+09:00,1063.406567212877,1079.9705324342615,1047.670800252562,1070.8603515625,7300,0.0,0.0
2011-05-18 00:00:00+09:00,1084.9397700080553,1093.221752985216,1084.9397700080553,1092.3935546875,6200,0.0,0.0
2011-05-19 00:00:00+09:00,1093.2216796875,1100.6754638671875,1048.498974609375,1060.09375,9200,0.0,0.0
2011-05-20 00:00:00+09:00,1060.0937962620283,1118.8958740234375,1060.0937962620283,1118.8958740234375,12900,0.0,0.0
2011-05-23 00:00:00+09:00,1108.129493656015,1108.129493656015,1093.2219219924812,1101.50390625,4700,0.0,0.0
2011-05-24 00:00:00+09:00,1085.7680881749964,1101.503857568837,1065.063128446259,1100.6756591796875,8500,0.0,0.0
2011-05-25 00:00:00+09:00,1101.503836817232,1109.7858205526998,1077.486083984375,1077.486083984375,6700,0.0,0.0
2011-05-26 00:00:00+09:00,1093.2216796875,1093.2216796875,1076.65771484375,1084.939697265625,1900,0.0,0.0
2011-05-27 00:00:00+09:00,1077.4860352501503,1094.8782003079928,1076.6578369140625,1076.6578369140625,1100,0.0,0.0
2011-05-30 00:00:00+09:00,1093.2218031609195,1093.2218031609195,1080.798828125,1080.798828125,2200,0.0,0.0
2011-05-31 00:00:00+09:00,1084.939931569082,1134.631836831788,1084.939931569082,1130.4908447265625,16900,0.0,0.0
2011-06-01 00:00:00+09:00,1110.6137241529382,1156.1646226081295,1107.3009315380152,1142.9134521484375,11400,0.0,0.0
2011-06-02 00:00:00+09:00,1138.7726987641433,1200.8875732421875,1137.1163021113955,1200.8875732421875,48400,0.0,0.0
2011-06-03 00:00:00+09:00,1209.9977548323006,1221.5925314015356,1192.6055899784483,1200.8875732421875,24800,0.0,0.0
2011-06-06 00:00:00+09:00,1201.7157903615612,1248.923095703125,1149.5392949840434,1248.923095703125,38100,0.0,0.0
2011-06-07 00:00:00+09:00,1242.297554889327,1298.61504404431,1238.156563039696,1266.3153076171875,30400,0.0,0.0
2011-06-08 00:00:00+09:00,1267.1430748780067,1316.8349601673403,1252.2355092912067,1312.6939697265625,38600,0.0,0.0
2011-06-09 00:00:00+09:00,1308.5534120937884,1366.5272974397158,1308.5534120937884,1349.1351318359375,51300,0.0,0.0
2011-06-10 00:00:00+09:00,1354.104422389871,1378.1221766707922,1258.0334052661858,1338.36865234375,51200,0.0,0.0
2011-06-13 00:00:00+09:00,1349.9629923866557,1389.716503818901,1349.9629923866557,1388.8883056640625,38800,0.0,0.0
2011-06-14 00:00:00+09:00,1391.373167509191,1410.4217287310432,1391.373167509191,1407.9371337890625,38000,0.0,0.0
2011-06-15 00:00:00+09:00,1407.9373257457835,1424.5012942839692,1312.6945066512158,1313.522705078125,32200,0.0,0.0
2011-06-16 00:00:00+09:00,1313.5224121093752,1353.275927734375,1312.6942138671875,1337.5401611328125,39000,0.0,0.0
2011-06-17 00:00:00+09:00,1350.791407021448,1363.21438133495,1325.1172601068774,1336.7120361328125,31100,0.0,0.0
2011-06-20 00:00:00+09:00,1337.5404548289835,1349.1352327655813,1325.1174784683426,1334.2276611328125,28400,0.0,0.0
2011-06-21 00:00:00+09:00,1320.976631918481,1337.5406022246689,1308.55365418884,1332.5714111328125,22100,0.0,0.0
2011-06-22 00:00:00+09:00,1336.7119873957847,1336.7119873957847,1329.2582030794513,1331.7427978515625,23200,0.0,0.0
2011-06-23 00:00:00+09:00,1333.3992434380357,1333.3992434380357,1316.0070793931918,1328.4300537109375,50900,0.0,0.0
2011-06-24 00:00:00+09:00,1330.0866220092773,1346.6505899047852,1308.5534637451171,1325.117431640625,25500,0.0,0.0
2011-06-27 00:00:00+09:00,1316.8352783664059,1320.9762698078096,1303.5841057539137,1316.007080078125,37300,0.0,0.0
2011-06-28 00:00:00+09:00,1329.2581787109375,1333.399169921875,1325.1171875,1329.2581787109375,14400,0.0,0.0
2011-06-29 00:00:00+09:00,1325.9454839505145,1329.2582771646319,1316.8353026116913,1318.49169921875,16300,0.0,0.0
2011-06-30 00:00:00+09:00,1316.8352776810414,1330.9146485744866,1312.694286241793,1328.4300537109375,33300,0.0,0.0
2011-07-01 00:00:00+09:00,1308.5530532588025,1325.9452140932551,1308.5530532588025,1320.1478271484375,10000,0.0,0.0
2011-07-04 00:00:00+09:00,1325.1170164946843,1326.7734127653025,1315.178638870974,1324.288818359375,9300,0.0,0.0
2011-07-05 00:00:00+09:00,1317.6632332769016,1330.0862053065393,1317.6632332769016,1324.288818359375,23400,0.0,0.0
2011-07-06 00:00:00+09:00,1322.632568359375,1326.7735594938752,1322.632568359375,1322.632568359375,12500,0.0,0.0
2011-07-07 00:00:00+09:00,1316.8354023760126,1316.8354023760126,1297.7868399517054,1303.584228515625,25600,0.0,0.0
2011-07-08 00:00:00+09:00,1315.178955078125,1323.4609384224457,1308.5533684026686,1315.178955078125,30100,0.0,0.0
2011-07-11 00:00:00+09:00,1315.1791019319435,1316.8354987857622,1308.5535145166693,1313.522705078125,16400,0.0,0.0
2011-07-12 00:00:00+09:00,1305.2403079262263,1316.0068840702877,1304.4121097612983,1308.5531005859375,14300,0.0,0.0
2011-07-13 00:00:00+09:00,1300.2713137575427,1300.2713137575427,1291.9893308673672,1295.3021240234375,12400,0.0,0.0
2011-07-14 00:00:00+09:00,1295.3022203784303,1308.55339398844,1295.3022203784303,1305.2406005859375,4100,0.0,0.0
2011-07-15 00:00:00+09:00,1325.117362108876,1325.117362108876,1289.5048330022,1296.9586181640625,7000,0.0,0.0
2011-07-19 00:00:00+09:00,1291.1611084925792,1291.9893067661471,1284.5355223040349,1288.676513671875,8500,0.0,0.0
2011-07-20 00:00:00+09:00,1286.1921615844963,1308.5535191909235,1286.1921615844963,1292.8177490234375,4000,0.0,0.0
2011-07-21 00:00:00+09:00,1292.817700351813,1293.645898750501,1289.5049067570615,1291.989501953125,1700,0.0,0.0
2011-07-22 00:00:00+09:00,1287.8485099596855,1295.3022955478766,1287.8485099596855,1291.989501953125,5200,0.0,0.0
2011-07-25 00:00:00+09:00,1291.9893814681411,1291.9893814681411,1267.971630145977,1275.4254150390625,2200,0.0,0.0
2011-07-26 00:00:00+09:00,1243.1257401575285,1254.7205172142942,1162.7904991213659,1189.2928466796875,15700,0.0,0.0
2011-07-27 00:00:00+09:00,1195.9185040136383,1205.0286865234375,1189.2929167337843,1205.0286865234375,8900,0.0,0.0
2011-07-28 00:00:00+09:00,1200.887574089898,1200.887574089898,1171.0724343193901,1192.6055908203125,6200,0.0,0.0
2011-07-29 00:00:00+09:00,1180.1827640493236,1188.4647483584415,1178.5263671875,1178.5263671875,2700,0.0,0.0
2011-08-01 00:00:00+09:00,1178.5263671875,1200.8877248221188,1176.0417718947645,1178.5263671875,7600,0.0,0.0
2011-08-02 00:00:00+09:00,1153.6802719657303,1176.0416268423094,1118.067743828956,1167.7596435546875,4100,0.0,0.0
2011-08-03 00:00:00+09:00,1118.8957056902457,1163.6184059917064,1118.8957056902457,1142.9134521484375,5200,0.0,0.0
2011-08-04 00:00:00+09:00,1142.9136235473097,1142.9136235473097,1116.411278653459,1131.31884765625,2600,0.0,0.0
2011-08-05 00:00:00+09:00,1013.7150098320578,1107.3014445632855,1012.0586127571688,1095.7066650390625,11600,0.0,0.0
2011-08-08 00:00:00+09:00,1046.014611724624,1101.50390625,1037.7326274671052,1101.50390625,9400,0.0,0.0
2011-08-09 00:00:00+09:00,1035.247802734375,1060.09375,1014.5428466796875,1060.09375,4000,0.0,0.0
2011-08-10 00:00:00+09:00,1101.5037618657593,1101.5037618657593,1073.3450190812212,1078.314208984375,3000,0.0,0.0
2011-08-11 00:00:00+09:00,1078.3139841796874,1078.3139841796874,1035.2476806640625,1035.2476806640625,2200,0.0,0.0
2011-08-12 00:00:00+09:00,1060.093625,1060.093625,1035.2476806640625,1035.2476806640625,4300,0.0,0.0
2011-08-15 00:00:00+09:00,1036.9044389552696,1055.9530029296875,1036.9044389552696,1055.9530029296875,1300,0.0,0.0
2011-08-16 00:00:00+09:00,1055.952513687254,1060.0935039370079,1051.8115234375,1051.8115234375,1700,0.0,0.0
2011-08-17 00:00:00+09:00,1051.811645025321,1054.2962394623887,1006.2607470124135,1047.670654296875,5600,0.0,0.0
2011-08-18 00:00:00+09:00,1043.5300744514107,1056.78125,1035.2480897335422,1056.78125,1600,0.0,0.0
2011-08-19 00:00:00+09:00,1039.3886713867187,1039.3886713867187,1002.1197548828125,1035.2476806640625,7000,0.0,0.0
2011-08-22 00:00:00+09:00,1035.2476806640625,1060.093625,1010.4017363281249,1035.2476806640625,1600,0.0,0.0
2011-08-23 00:00:00+09:00,1035.2476806640625,1035.2476806640625,1002.1197548828125,1035.2476806640625,900,0.0,0.0
2011-08-24 00:00:00+09:00,1035.2476806640625,1051.8116435546874,981.4148012695312,1035.2476806640625,5200,0.0,0.0
2011-08-25 00:00:00+09:00,1037.7325208110194,1051.8118926017514,993.8380087575605,1026.9659423828125,7100,0.0,0.0
2011-08-26 00:00:00+09:00,1002.120212877786,1035.2481537993658,1002.120212877786,1007.9176025390625,5800,0.0,0.0
2011-08-29 00:00:00+09:00,1026.9661588333665,1056.7813053801417,1026.9661588333665,1036.904541015625,7600,0.0,0.0
2011-08-30 00:00:00+09:00,1055.9528794399528,1077.4860361971596,1050.983689419059,1068.3758544921875,16000,0.0,0.0
2011-08-31 00:00:00+09:00,1118.0677517977629,1118.0677517977629,1055.9528766978872,1093.2218017578125,10600,0.0,0.0
2011-09-01 00:00:00+09:00,1068.3758512676886,1113.0985613207547,1068.3758512676886,1097.36279296875,6700,0.0,0.0
2011-09-02 00:00:00+09:00,1081.6270758521089,1108.1294238056062,1077.486083984375,1077.486083984375,3100,0.0,0.0
2011-09-05 00:00:00+09:00,1063.4066635366587,1105.6447786771334,1063.4066635366587,1076.6578369140625,4400,0.0,0.0
2011-09-06 00:00:00+09:00,1062.5783447265626,1083.28330078125,1060.09375,1060.09375,6200,0.0,0.0
2011-09-07 00:00:00+09:00,1083.283447265625,1083.283447265625,1058.4374966402668,1083.283447265625,3900,0.0,0.0
2011-09-08 00:00:00+09:00,1058.4374735201322,1076.6578369140625,1058.4374735201322,1076.6578369140625,2500,0.0,0.0
2011-09-09 00:00:00+09:00,1076.6578896415224,1076.6578896415224,1052.64013671875,1052.64013671875,1100,0.0,0.0
2011-09-12 00:00:00+09:00,1052.640199130639,1118.0678747650377,1035.2480321898497,1101.50390625,9700,0.0,0.0
2011-09-13 00:00:00+09:00,1094.8781741988778,1094.8781741988778,1075.829612923103,1090.7371826171875,2700,0.0,0.0
2011-09-14 00:00:00+09:00,1065.8912875565134,1115.5831890742995,1041.87353515625,1041.87353515625,2100,0.0,0.0
2011-09-15 00:00:00+09:00,1047.670997492169,1076.6579420868138,1026.9660370674226,1041.04541015625,3400,0.0,0.0
2011-09-16 00:00:00+09:00,1056.7807117372047,1056.7807117372047,1051.8115234375,1051.8115234375,900,0.0,0.0
2011-09-20 00:00:00+09:00,1051.8115234375,1051.8115234375,1051.8115234375,1051.8115234375,100,0.0,0.0
2011-09-21 00:00:00+09:00,1026.9658436356412,1075.0013427734375,1026.9658436356412,1075.0013427734375,500,0.0,0.0
2011-09-22 00:00:00+09:00,1053.4682780478945,1053.4682780478945,1015.3711547851561,1015.3711547851562,600,0.0,0.0
2011-09-26 00:00:00+09:00,1015.3710962625966,1015.3710962625966,936.6922592765063,965.67919921875,6100,0.0,0.0
2011-09-27 00:00:00+09:00,965.6791884478401,965.6791884478401,901.0797230113636,929.2384643554688,10200,0.0,0.0
2011-09-28 00:00:00+09:00,953.4721913854352,983.5554507104796,933.4166851687388,940.9375,5600,10.0,0.0
2011-09-29 00:00:00+09:00,935.9236150568182,940.9374915660511,906.6760020862926,919.210693359375,3200,0.0,0.0
2011-09-30 00:00:00+09:00,919.210693359375,923.3889237837358,873.2501586914062,919.210693359375,16900,0.0,0.0
2011-10-03 00:00:00+09:00,877.4283272879464,902.497708067602,854.8658845862565,859.8797607421875,1700,0.0,0.0
2011-10-04 00:00:00+09:00,845.6740388569078,885.7850604627691,835.6462834554426,873.2503662109375,3300,0.0,0.0
2011-10-05 00:00:00+09:00,877.4285976282147,877.4285976282147,873.2503662109375,873.2503662109375,3700,0.0,0.0
2011-10-06 00:00:00+09:00,869.0719689600971,869.0719689600971,826.4540166360924,838.9887084960938,2300,0.0,0.0
2011-10-07 00:00:00+09:00,848.1807326515122,858.2084851557665,836.4816880632155,844.0025024414062,7400,0.0,0.0
2011-10-11 00:00:00+09:00,869.0718837020421,877.428344122254,844.0025024414062,844.0025024414062,8700,0.0,0.0
2011-10-12 00:00:00+09:00,818.933271928267,835.6461958451704,818.933271928267,827.2897338867188,14700,0.0,0.0
2011-10-13 00:00:00+09:00,864.8936889758016,933.4166672328216,864.8936889758016,930.9097290039062,12400,0.0,0.0
2011-10-14 00:00:00+09:00,930.9098706389127,934.252455452697,915.0325927734375,915.0325927734375,7000,0.0,0.0
2011-10-17 00:00:00+09:00,916.7040612117777,980.2131848691115,916.7040612117777,951.8012084960938,3500,0.0,0.0
2011-10-18 00:00:00+09:00,884.9494312322029,915.8683443158586,884.9494312322029,894.1415405273438,7000,0.0,0.0
2011-10-19 00:00:00+09:00,902.4979355755974,931.7455538581399,902.4979355755974,909.18310546875,7300,0.0,0.0
2011-10-20 00:00:00+09:00,909.1830357142858,909.1830357142858,894.1414046087185,894.97705078125,3000,0.0,0.0
2011-10-21 00:00:00+09:00,894.9770842315354,894.9770842315354,878.26416015625,878.26416015625,1500,0.0,0.0
2011-10-24 00:00:00+09:00,879.935359954834,889.127467228816,869.0719604492188,869.0719604492188,6000,0.0,0.0
2011-10-25 00:00:00+09:00,869.90777421934,869.90777421934,828.9611066528197,829.7967529296875,7100,0.0,0.0
2011-10-26 00:00:00+09:00,834.810535665718,836.4818280294131,827.28972002909,828.1253662109375,5000,0.0,0.0
2011-10-27 00:00:00+09:00,828.1254385795077,864.8938737939359,828.1254385795077,864.0582275390625,2900,0.0,0.0
2011-10-28 00:00:00+09:00,873.2503574916295,894.1415143694196,873.2503574916295,877.4285888671875,5600,0.0,0.0
2011-10-31 00:00:00+09:00,877.4286145361784,894.1415405273438,877.4286145361784,894.1415405273438,600,0.0,0.0
2011-11-01 00:00:00+09:00,869.0719705622564,877.4284318176626,857.3729248046875,857.3729248046875,2100,0.0,0.0
2011-11-02 00:00:00+09:00,849.8520247355546,856.5371930717241,838.1529801472578,844.0025024414062,7800,0.0,0.0
2011-11-04 00:00:00+09:00,844.8382254638673,874.9214857177735,835.6461181640625,835.6461181640625,5500,0.0,0.0
2011-11-07 00:00:00+09:00,835.6461181640625,837.3174104003907,831.4678875732423,835.6461181640625,10000,0.0,0.0
2011-11-08 00:00:00+09:00,831.4679648659445,831.4679648659445,827.2897338867188,827.2897338867188,5800,0.0,0.0
2011-11-09 00:00:00+09:00,835.6461529874163,835.6461529874163,811.4124145507812,811.4124145507812,17200,0.0,0.0
2011-11-10 00:00:00+09:00,811.4124957813935,817.262019437902,792.19263233858,795.5352172851562,9700,0.0,0.0
2011-11-11 00:00:00+09:00,794.6995265131411,799.7134036520252,768.7944946289062,768.7944946289062,7300,0.0,0.0
2011-11-14 00:00:00+09:00,768.7945731026786,818.933349609375,768.7945731026786,818.933349609375,4600,0.0,0.0
2011-11-15 00:00:00+09:00,775.4796234292328,789.6856079101562,775.4796234292328,789.6856079101562,1300,0.0,0.0
2011-11-16 00:00:00+09:00,793.8639239364092,813.91943359375,793.8639239364092,813.91943359375,1300,0.0,0.0
2011-11-17 00:00:00+09:00,801.3846621898895,801.3846621898895,785.5073852539062,785.5073852539062,1400,0.0,0.0
2011-11-18 00:00:00+09:00,772.9728707198166,772.9728707198166,751.2460657049893,752.9173583984375,10000,0.0,0.0
2011-11-21 00:00:00+09:00,762.109296875,762.109296875,749.5746044921875,752.08154296875,8800,0.0,0.0
2011-11-22 00:00:00+09:00,739.5468505859376,756.2597737630209,739.5468505859376,752.08154296875,800,0.0,0.0
2011-11-24 00:00:00+09:00,739.5467804404375,742.0537186792186,735.3685500424689,737.87548828125,3200,0.0,0.0
2011-11-25 00:00:00+09:00,735.368579344892,765.4518394090013,735.368579344892,754.5884399414062,2600,0.0,0.0
2011-11-28 00:00:00+09:00,754.5885013064823,772.9727172851562,754.5885013064823,772.9727172851562,2400,0.0,0.0
2011-11-29 00:00:00+09:00,777.1509355368073,810.5767822265625,777.1509355368073,810.5767822265625,3000,0.0,0.0
2011-11-30 00:00:00+09:00,835.6462751116071,835.6462751116071,818.933349609375,818.933349609375,2500,0.0,0.0
2011-12-01 00:00:00+09:00,835.6461588541667,847.345205078125,798.8777278645833,814.7550048828125,12600,0.0,0.0
2011-12-02 00:00:00+09:00,827.2898140990842,829.7967529296875,814.7551199460678,829.7967529296875,7200,0.0,0.0
2011-12-05 00:00:00+09:00,827.2895496815174,849.8519919455589,827.2895496815174,834.8103637695312,5900,0.0,0.0
2011-12-06 00:00:00+09:00,852.3591197620739,853.194765957919,834.8105496493253,845.6739501953125,16600,0.0,0.0
2011-12-07 00:00:00+09:00,838.9887562188109,883.2780033100429,838.9887562188109,858.2086181640625,4800,0.0,0.0
2011-12-08 00:00:00+09:00,857.3728391137454,857.3728391137454,839.8242722313003,844.0025024414062,4100,0.0,0.0
2011-12-09 00:00:00+09:00,844.0026994597451,844.0026994597451,822.2758972954348,843.1670532226562,6900,0.0,0.0
2011-12-12 00:00:00+09:00,843.166886590754,860.7154541015625,843.166886590754,860.7154541015625,3300,0.0,0.0
2011-12-13 00:00:00+09:00,845.6739529344512,860.7155845083842,845.6739529344512,856.537353515625,1200,0.0,0.0
2011-12-14 00:00:00+09:00,856.5372237418462,860.7154541015625,848.1807630224135,860.7154541015625,1400,0.0,0.0
2011-12-15 00:00:00+09:00,860.7155017089844,860.7155017089844,835.6461181640625,835.6461181640625,3600,0.0,0.0
2011-12-16 00:00:00+09:00,835.6459078912487,838.1528456149224,828.1250947202275,837.3171997070312,3500,0.0,0.0
2011-12-19 00:00:00+09:00,837.3171997070312,837.3171997070312,837.3171997070312,837.3171997070312,1500,0.0,0.0
2011-12-20 00:00:00+09:00,849.8521728515625,849.8521728515625,849.8521728515625,849.8521728515625,100,0.0,0.0
2011-12-21 00:00:00+09:00,849.8521728515625,849.8521728515625,849.8521728515625,849.8521728515625,100,0.0,0.0
2011-12-22 00:00:00+09:00,844.0025024414062,848.1807326515122,844.0025024414062,844.0025024414062,600,0.0,0.0
2011-12-26 00:00:00+09:00,844.0025793457031,844.0025793457031,835.6461181640625,835.6461181640625,400,0.0,0.0
2011-12-27 00:00:00+09:00,860.7154541015625,860.7154541015625,860.7154541015625,860.7154541015625,100,0.0,0.0
2011-12-28 00:00:00+09:00,860.7154541015625,860.7154541015625,860.7154541015625,860.7154541015625,0,0.0,0.0
2011-12-29 00:00:00+09:00,837.3174104003907,837.3174104003907,835.6461181640625,835.6461181640625,1000,0.0,0.0
2011-12-30 00:00:00+09:00,835.6461181640625,835.6461181640625,835.6461181640625,835.6461181640625,0,0.0,0.0
2012-01-04 00:00:00+09:00,852.3590087890625,852.3590087890625,844.0025479185815,852.3590087890625,1800,0.0,0.0
2012-01-05 00:00:00+09:00,854.0304704716577,854.0304704716577,837.3175454135039,853.19482421875,1200,0.0,0.0
2012-01-06 00:00:00+09:00,852.3588260490736,852.3588260490736,837.3171997070312,837.3171997070312,500,0.0,0.0
2012-01-10 00:00:00+09:00,851.5233307321147,901.6620940725729,851.5233307321147,876.5927124023438,3800,0.0,0.0
2012-01-11 00:00:00+09:00,901.6620940725729,901.6620940725729,876.5927124023438,876.5927124023438,2700,0.0,0.0
2012-01-12 00:00:00+09:00,869.0718457503019,869.0718457503019,859.0440936839523,864.8936157226562,2000,0.0,0.0
2012-01-13 00:00:00+09:00,864.8938717594576,864.8938717594576,853.19482421875,853.19482421875,800,0.0,0.0
2012-01-16 00:00:00+09:00,853.19482421875,853.19482421875,853.19482421875,853.19482421875,0,0.0,0.0
2012-01-17 00:00:00+09:00,856.5374319893973,856.5374319893973,848.1809692382812,848.1809692382812,500,0.0,0.0
2012-01-18 00:00:00+09:00,849.0165377286586,856.537353515625,849.0165377286586,856.537353515625,300,0.0,0.0
2012-01-19 00:00:00+09:00,856.5371556673649,864.8936157226562,856.5371556673649,864.8936157226562,1900,0.0,0.0
2012-01-20 00:00:00+09:00,861.5511356476815,880.77099609375,860.7154895413307,880.77099609375,13700,0.0,0.0
2012-01-23 00:00:00+09:00,884.949405343192,894.9771606445313,874.9216500418527,877.4285888671875,3300,0.0,0.0
2012-01-24 00:00:00+09:00,879.0998118613004,881.6067504882812,877.4285194433131,881.6067504882812,1400,0.0,0.0
2012-01-25 00:00:00+09:00,864.8937630973713,885.7849167953755,864.8937630973713,870.7432861328125,5800,0.0,0.0
2012-01-26 00:00:00+09:00,866.5650337161,880.7710178753803,865.7293875890834,875.7571411132812,500,0.0,0.0
2012-01-27 00:00:00+09:00,873.2501969026879,877.4284275098778,872.41455078125,872.41455078125,4800,0.0,0.0
2012-01-30 00:00:00+09:00,872.4145566052154,875.7571411132812,862.3868030810174,875.7571411132812,3000,0.0,0.0
2012-01-31 00:00:00+09:00,873.2501910283015,875.7571293757512,860.7154992910531,869.0719604492188,1300,0.0,0.0
2012-02-01 00:00:00+09:00,875.7572751072896,878.2642138719098,864.0582275390625,864.0582275390625,3100,0.0,0.0
2012-02-02 00:00:00+09:00,864.8936844612788,864.8936844612788,860.7154541015625,860.7154541015625,1700,0.0,0.0
2012-02-03 00:00:00+09:00,862.3869111473881,862.3869111473881,835.6462317319651,839.824462890625,6200,0.0,0.0
2012-02-06 00:00:00+09:00,839.8243487548829,845.6738715820313,835.6461181640625,835.6461181640625,4700,0.0,0.0
2012-02-07 00:00:00+09:00,840.660058938651,840.660058938651,827.28972002909,828.1253662109375,6800,0.0,0.0
2012-02-08 00:00:00+09:00,829.7967511858259,860.7156633649554,828.9611049107143,848.1809692382812,3700,0.0,0.0
2012-02-09 00:00:00+09:00,870.7434186662947,881.6068202427456,870.7434186662947,877.4285888671875,4000,0.0,0.0
2012-02-10 00:00:00+09:00,879.0997138390173,889.9631133446326,869.0719604492188,869.0719604492188,5300,0.0,0.0
2012-02-13 00:00:00+09:00,877.4283584580181,877.4283584580181,870.7431900126237,876.5927124023438,500,0.0,0.0
2012-02-14 00:00:00+09:00,885.7849731445312,885.7849731445312,873.250280128335,885.7849731445312,3500,0.0,0.0
2012-02-15 00:00:00+09:00,885.7850086300872,903.3335795557776,884.1137161609739,898.3197021484375,1700,0.0,0.0
2012-02-16 00:00:00+09:00,904.1692902359716,920.0465698242188,899.1554124712619,920.0465698242188,4600,0.0,0.0
2012-02-17 00:00:00+09:00,950.1298112894603,972.692260634065,943.4446411132812,943.4446411132812,9800,0.0,0.0
2012-02-20 00:00:00+09:00,973.5278687025784,1015.3101806640625,969.34963750643,1015.3101806640625,10900,0.0,0.0
2012-02-21 00:00:00+09:00,1052.0784559242156,1052.0784559242156,1032.02294921875,1032.02294921875,7900,0.0,0.0
2012-02-22 00:00:00+09:00,1027.8446581214043,1027.8446581214043,986.0623549457374,998.5970458984375,3800,0.0,0.0
2012-02-23 00:00:00+09:00,1000.268438359879,1027.009115074596,999.4327922125442,1003.6110229492188,1200,0.0,0.0
2012-02-24 00:00:00+09:00,1027.84471282959,1027.84471282959,1002.7753295898438,1002.7753295898438,2100,0.0,0.0
2012-02-27 00:00:00+09:00,1027.844840945765,1027.844840945765,986.8981765503647,995.254638671875,3000,0.0,0.0
2012-02-28 00:00:00+09:00,970.1851217442413,994.418858635355,970.1851217442413,988.5693359375,3600,0.0,0.0
2012-02-29 00:00:00+09:00,986.0623094260944,998.596999800155,986.0623094260944,990.2405395507812,5900,0.0,0.0
2012-03-01 00:00:00+09:00,990.2405395507812,994.4187696754681,990.2405395507812,990.2405395507812,1800,0.0,0.0
2012-03-02 00:00:00+09:00,994.4188842773438,994.4188842773438,994.4188842773438,994.4188842773438,500,0.0,0.0
2012-03-05 00:00:00+09:00,981.8843383789062,981.8843383789062,981.8843383789062,981.8843383789062,100,0.0,0.0
2012-03-06 00:00:00+09:00,973.52783203125,973.52783203125,973.52783203125,973.52783203125,500,0.0,0.0
2012-03-07 00:00:00+09:00,948.4582444575796,952.636474609375,944.280014305784,952.636474609375,2800,0.0,0.0
2012-03-08 00:00:00+09:00,927.5675050977251,992.7479243748625,927.5675050977251,949.2943115234375,2600,0.0,0.0
2012-03-09 00:00:00+09:00,955.1437617824388,975.1992738408627,953.4724691109035,960.9932861328125,2500,0.0,0.0
2012-03-12 00:00:00+09:00,960.9934043884277,969.3498687744141,935.9240112304688,935.9240112304688,3800,0.0,0.0
2012-03-13 00:00:00+09:00,938.4304586905021,938.4304586905021,902.4976806640625,902.4976806640625,11700,0.0,0.0
2012-03-14 00:00:00+09:00,952.6369400024414,952.6369400024414,910.8546180725098,935.9240112304688,10100,0.0,0.0
2012-03-15 00:00:00+09:00,929.2384186067945,937.5948792057765,911.6898513489324,920.8819580078125,6600,0.0,0.0
2012-03-16 00:00:00+09:00,920.0462416992187,940.1017456054688,920.0462416992187,940.1017456054688,3400,0.0,0.0
2012-03-19 00:00:00+09:00,927.5675468444824,941.7735363006592,919.2110824584961,935.9240112304688,27600,0.0,0.0
2012-03-21 00:00:00+09:00,941.7733713015847,941.7733713015847,931.7456157952679,938.4307861328125,5000,0.0,0.0
2012-03-22 00:00:00+09:00,941.773114095782,942.6087601597534,931.7453613281251,931.745361328125,10300,0.0,0.0
2012-03-23 00:00:00+09:00,920.8819305862206,923.3888686912647,920.0462845512059,922.55322265625,2800,0.0,0.0
2012-03-26 00:00:00+09:00,947.62257227683,947.62257227683,946.7869262695312,946.7869262695312,200,0.0,0.0
2012-03-27 00:00:00+09:00,947.6226747225871,947.6226747225871,929.2384605745299,944.2800903320312,3600,0.0,0.0
2012-03-28 00:00:00+09:00,928.2611837430082,944.280223244477,928.2611837430082,935.0060424804688,2500,10.0,0.0
2012-03-29 00:00:00+09:00,942.5938682419425,942.5938682419425,920.6730806084089,940.9076538085938,5800,0.0,0.0
2012-03-30 00:00:00+09:00,940.0646621034971,980.5338134765624,927.4180522994142,980.5338134765625,24800,0.0,0.0
2012-04-02 00:00:00+09:00,978.0043334960938,979.6905478641905,978.0043334960938,978.0043334960938,6700,0.0,0.0
2012-04-03 00:00:00+09:00,976.318159137775,982.2199096679689,976.318159137775,982.2199096679688,6600,0.0,0.0
2012-04-04 00:00:00+09:00,969.5734007745726,994.8666199252137,969.5734007745726,986.435546875,15300,0.0,0.0
2012-04-05 00:00:00+09:00,986.4356002807617,1045.4531148274739,980.5338488260904,1011.7288208007812,14400,0.0,0.0
2012-04-06 00:00:00+09:00,1011.7286299383362,1012.5717371299514,1007.5130939802598,1008.356201171875,3500,0.0,0.0
2012-04-09 00:00:00+09:00,1003.2975580221834,1008.356201171875,994.8664861060306,1008.356201171875,2400,0.0,0.0
2012-04-10 00:00:00+09:00,1008.356201171875,1011.7286299383362,1008.356201171875,1008.356201171875,4600,0.0,0.0
2012-04-11 00:00:00+09:00,1004.1408368278952,1004.1408368278952,999.0821928136488,1003.2977294921875,3600,0.0,0.0
2012-04-12 00:00:00+09:00,1010.0425341428823,1011.7287487240891,1006.6701049804686,1006.6701049804688,2800,0.0,0.0
2012-04-13 00:00:00+09:00,1050.5118401141206,1050.5118401141206,1020.1599731445312,1020.1599731445312,300,0.0,0.0
2012-04-16 00:00:00+09:00,1045.4527994791667,1045.4527994791667,1020.1595865885417,1024.3751220703125,4000,0.0,0.0
2012-04-17 00:00:00+09:00,1024.3751220703125,1024.3751220703125,1024.3751220703125,1024.3751220703125,0,0.0,0.0
2012-04-18 00:00:00+09:00,1024.3753912897394,1024.3753912897394,1020.1598547000696,1021.8460693359375,5900,0.0,0.0
2012-04-19 00:00:00+09:00,1020.1596659998739,1045.452880859375,1020.1596659998739,1045.452880859375,3900,0.0,0.0
2012-04-20 00:00:00+09:00,1037.02197265625,1039.5512945407775,1037.02197265625,1037.02197265625,5900,0.0,0.0
2012-04-23 00:00:00+09:00,1011.7284915717364,1026.9044189453125,1003.2974208086385,1026.9044189453125,700,0.0,0.0
2012-04-24 00:00:00+09:00,1026.904483982774,1028.5906982421875,1001.6112700915728,1028.5906982421875,900,0.0,0.0
2012-04-25 00:00:00+09:00,1053.88423374721,1069.9032741001674,1026.9047973632812,1062.3153076171875,4800,0.0,0.0
2012-04-26 00:00:00+09:00,1070.7461666277984,1138.1947440531717,1070.7461666277984,1129.763671875,12500,0.0,0.0
2012-04-27 00:00:00+09:00,1104.470533130787,1138.19482421875,1096.0394603587963,1138.19482421875,6800,0.0,0.0
2012-05-01 00:00:00+09:00,1128.920596001687,1128.920596001687,1089.2945556640625,1089.2945556640625,1600,0.0,0.0
2012-05-02 00:00:00+09:00,1117.1172344501201,1117.1172344501201,1087.608477313702,1096.03955078125,1400,0.0,0.0
2012-05-07 00:00:00+09:00,1096.0392661076255,1096.0392661076255,1053.8839097188707,1091.82373046875,4800,0.0,0.0
2012-05-08 00:00:00+09:00,1091.82373046875,1091.82373046875,1091.82373046875,1091.82373046875,0,0.0,0.0
2012-05-09 00:00:00+09:00,1090.9807871599414,1090.9807871599414,1042.08056640625,1042.08056640625,1500,0.0,0.0
2012-05-10 00:00:00+09:00,1042.08056640625,1042.08056640625,1042.08056640625,1042.08056640625,700,0.0,0.0
2012-05-11 00:00:00+09:00,1042.08037109375,1042.08037109375,1024.3751220703125,1024.3751220703125,300,0.0,0.0
2012-05-14 00:00:00+09:00,961.1423627068015,961.1423627068015,928.2611766142004,945.9664306640625,400,0.0,0.0
2012-05-15 00:00:00+09:00,845.6367091587612,893.693830217634,843.1073869977679,885.2627563476562,9300,0.0,0.0
2012-05-16 00:00:00+09:00,885.2627563476562,885.2627563476562,885.2627563476562,885.2627563476562,400,0.0,0.0
2012-05-17 00:00:00+09:00,886.9489851573048,936.6923217773438,886.9489851573048,936.6923217773438,400,0.0,0.0
2012-05-18 00:00:00+09:00,911.399135920827,911.399135920827,864.1851196289062,864.1851196289062,1600,0.0,0.0
2012-05-21 00:00:00+09:00,864.1848059694739,1091.82373046875,864.1848059694739,1091.82373046875,1100,0.0,0.0
2012-05-22 00:00:00+09:00,1028.5906982421875,1028.5906982421875,1028.5906982421875,1028.5906982421875,100,0.0,0.0
2012-05-23 00:00:00+09:00,952.7114586871604,969.5736083984375,952.7114586871604,969.5736083984375,300,0.0,0.0
2012-05-24 00:00:00+09:00,956.9267796462144,1041.2375091304625,956.9267796462144,1037.02197265625,2900,0.0,0.0
2012-05-25 00:00:00+09:00,1037.0218092395412,1045.452880859375,1037.0218092395412,1045.452880859375,5800,0.0,0.0
2012-05-28 00:00:00+09:00,1043.7667859810756,1062.3151456673306,1043.7667859810756,1058.099609375,5700,0.0,0.0
2012-05-29 00:00:00+09:00,1044.610088203367,1044.610088203367,968.7304207793936,1020.1599731445312,2500,0.0,0.0
2012-05-30 00:00:00+09:00,1035.3358154296875,1035.3358154296875,1035.3358154296875,1035.3358154296875,100,0.0,0.0
2012-05-31 00:00:00+09:00,1010.0423014322917,1024.3751220703125,1009.1991943359376,1024.3751220703125,1700,0.0,0.0
2012-06-01 00:00:00+09:00,997.3959429757575,997.3959429757575,916.4576416015625,916.4576416015625,1800,0.0,0.0
2012-06-04 00:00:00+09:00,900.4386131541879,922.3594033620615,899.5955058385005,907.1834716796875,600,0.0,0.0
2012-06-05 00:00:00+09:00,906.3403472900391,927.4180297851562,906.3403472900391,927.4180297851562,1100,0.0,0.0
2012-06-06 00:00:00+09:00,902.124612799597,931.6333618164062,902.124612799597,931.6333618164062,1400,0.0,0.0
2012-06-07 00:00:00+09:00,935.84912109375,947.6526235219595,935.0060137774493,935.84912109375,2900,0.0,0.0
2012-06-08 00:00:00+09:00,939.2213885106079,939.2213885106079,918.98681640625,918.98681640625,1700,0.0,0.0
2012-06-11 00:00:00+09:00,927.4181806791685,927.4181806791685,915.6146765614336,926.5750732421875,3600,0.0,0.0
2012-06-12 00:00:00+09:00,918.9868187094635,918.9868187094635,893.693603515625,893.693603515625,500,0.0,0.0
2012-06-13 00:00:00+09:00,890.3214006696429,890.3214006696429,880.2041120256697,885.2627563476562,4000,0.0,0.0
2012-06-14 00:00:00+09:00,885.2626498909883,906.34033203125,885.2626498909883,906.34033203125,500,0.0,0.0
2012-06-15 00:00:00+09:00,909.7129057411836,910.5560131607768,901.2818315452505,902.1249389648438,1800,0.0,0.0
2012-06-18 00:00:00+09:00,918.987159264606,969.5736083984375,918.987159264606,969.5736083984375,1100,0.0,0.0
2012-06-19 00:00:00+09:00,969.5734506792727,969.5734506792727,952.7113037109375,952.7113037109375,2400,0.0,0.0
2012-06-20 00:00:00+09:00,944.2799877183406,968.7300945431905,944.2799877183406,965.357666015625,2600,0.0,0.0
2012-06-21 00:00:00+09:00,969.5735346937101,1037.0221284115335,969.5735346937101,1023.5324096679688,3300,0.0,0.0
2012-06-22 00:00:00+09:00,998.2392332075369,998.2392332075369,970.4166870117188,970.4166870117188,1300,0.0,0.0
2012-06-25 00:00:00+09:00,986.435546875,986.435546875,986.435546875,986.435546875,100,0.0,0.0
2012-06-26 00:00:00+09:00,1007.5134452488112,1007.5134452488112,969.5736083984375,969.5736083984375,1200,0.0,0.0
2012-06-27 00:00:00+09:00,969.5734360638786,1003.2977294921875,969.5734360638786,1003.2977294921875,1000,0.0,0.0
2012-06-28 00:00:00+09:00,974.6321726901472,1020.1599731445312,974.6321726901472,1020.1599731445312,2600,0.0,0.0
2012-06-29 00:00:00+09:00,969.573580994898,1032.806640625,969.573580994898,1032.806640625,4800,0.0,0.0
2012-07-02 00:00:00+09:00,1028.5906956405186,1028.5906956405186,986.4353392618087,988.9646606445312,2500,0.0,0.0
2012-07-03 00:00:00+09:00,1014.2578770371734,1045.4528408363217,995.7095201836258,1028.5906982421875,2500,0.0,0.0
2012-07-04 00:00:00+09:00,1028.5909566972466,1053.8841769439002,1011.7288098661442,1035.3358154296875,4200,0.0,0.0
2012-07-05 00:00:00+09:00,1035.335963010204,1035.335963010204,1032.806640625,1032.806640625,900,0.0,0.0
2012-07-06 00:00:00+09:00,999.9254438826807,1015.9444855637691,978.0046500032964,999.0823364257812,2200,0.0,0.0
2012-07-09 00:00:00+09:00,986.4357245722904,999.0823364257812,986.4357245722904,999.0823364257812,1300,0.0,0.0
2012-07-10 00:00:00+09:00,999.0823364257812,999.9254438826807,999.0823364257812,999.0823364257812,2700,0.0,0.0
2012-07-11 00:00:00+09:00,999.0821856390968,999.92529296875,986.435575694298,999.92529296875,2100,0.0,0.0
2012-07-12 00:00:00+09:00,1003.2978737102783,1008.3565184516746,999.0823364257812,999.0823364257812,2400,0.0,0.0
2012-07-13 00:00:00+09:00,982.2202206818954,998.2392629076087,969.5736083984375,969.5736083984375,700,0.0,0.0
2012-07-17 00:00:00+09:00,944.2803838315218,969.5736083984375,944.2803838315218,969.5736083984375,700,0.0,0.0
2012-07-18 00:00:00+09:00,969.5734506792727,969.5734506792727,952.7113037109375,952.7113037109375,900,0.0,0.0
2012-07-19 00:00:00+09:00,952.7114586871604,969.5736083984375,952.7114586871604,969.5736083984375,5600,0.0,0.0
2012-07-20 00:00:00+09:00,944.2802302267698,968.7303433308559,944.2802302267698,952.7113037109375,2000,0.0,0.0
2012-07-23 00:00:00+09:00,936.6920235313182,965.357666015625,936.6920235313182,965.357666015625,1200,0.0,0.0
2012-07-24 00:00:00+09:00,969.5736083984375,969.5736083984375,969.5736083984375,969.5736083984375,500,0.0,0.0
2012-07-25 00:00:00+09:00,969.5736083984375,969.5736083984375,945.1234913170856,969.5736083984375,1000,0.0,0.0
2012-07-26 00:00:00+09:00,969.5735103905898,969.5735103905898,934.1629995763249,936.6923217773438,2100,0.0,0.0
2012-07-27 00:00:00+09:00,936.6923217773438,936.6923217773438,920.6732811708906,936.6923217773438,800,0.0,0.0
2012-07-30 00:00:00+09:00,928.2611370849609,928.2611370849609,927.4180297851562,927.4180297851562,500,0.0,0.0
2012-07-31 00:00:00+09:00,932.4767456054688,932.4767456054688,932.4767456054688,932.4767456054688,100,0.0,0.0
2012-08-01 00:00:00+09:00,944.2802334910792,968.7303466796875,932.4767305724407,968.7303466796875,700,0.0,0.0
2012-08-02 00:00:00+09:00,948.4957308382602,948.4957308382602,920.6731894003378,935.84912109375,1100,0.0,0.0
2012-08-03 00:00:00+09:00,935.8489949098633,1003.2975711195833,935.8489949098633,1000.7682495117188,3400,0.0,0.0
2012-08-06 00:00:00+09:00,951.0248824814619,994.866455078125,927.4178818524895,994.866455078125,6300,0.0,0.0
2012-08-07 00:00:00+09:00,993.180405315171,993.180405315171,969.5734007745726,986.435546875,1300,0.0,0.0
2012-08-08 00:00:00+09:00,994.8666737874348,1011.7288208007812,978.0045267740885,1011.7288208007812,9100,0.0,0.0
2012-08-09 00:00:00+09:00,986.4357581097147,986.4357581097147,969.5736083984375,969.5736083984375,1700,0.0,0.0
2012-08-10 00:00:00+09:00,969.5736083984375,970.4167158840014,969.5736083984375,969.5736083984375,1100,0.0,0.0
2012-08-13 00:00:00+09:00,969.5736083984375,969.5736083984375,969.5736083984375,969.5736083984375,1400,0.0,0.0
2012-08-14 00:00:00+09:00,1003.2977294921875,1003.2977294921875,945.9664306640625,945.9664306640625,1600,0.0,0.0
2012-08-15 00:00:00+09:00,942.594141719801,948.4958939488158,940.0648193359375,940.0648193359375,1200,0.0,0.0
2012-08-16 00:00:00+09:00,940.0645219054576,972.1025952977512,940.0645219054576,943.4369506835938,2200,0.0,0.0
2012-08-17 00:00:00+09:00,948.4955938507981,948.4955938507981,939.2214147109236,943.4369506835938,900,0.0,0.0
2012-08-20 00:00:00+09:00,956.9269596938547,956.9269596938547,940.0648106243594,951.0252075195312,1200,0.0,0.0
2012-08-21 00:00:00+09:00,944.2802124023439,945.123319734846,942.5939977373396,944.2802124023438,2300,0.0,0.0
2012-08-22 00:00:00+09:00,944.2802124023439,944.2802124023439,935.8491390773229,944.2802124023438,2200,0.0,0.0
2012-08-23 00:00:00+09:00,952.7113037109375,952.7113037109375,951.8681963625207,952.7113037109375,500,0.0,0.0
2012-08-24 00:00:00+09:00,952.7113037109375,952.7113037109375,952.7113037109375,952.7113037109375,600,0.0,0.0
2012-08-27 00:00:00+09:00,952.711431255255,952.711431255255,940.0648193359375,940.0648193359375,500,0.0,0.0
2012-08-28 00:00:00+09:00,933.3195760459382,933.3195760459382,931.6333618164062,931.6333618164062,300,0.0,0.0
2012-08-29 00:00:00+09:00,931.6337447230592,940.0648193359375,924.0457775714686,940.0648193359375,300,0.0,0.0
2012-08-30 00:00:00+09:00,927.4180297851562,927.4180297851562,927.4180297851562,927.4180297851562,200,0.0,0.0
2012-08-31 00:00:00+09:00,902.1248253038194,951.8681567925347,902.1248253038194,948.4957275390625,1100,0.0,0.0
2012-09-03 00:00:00+09:00,940.0648193359375,940.0648193359375,940.0648193359375,940.0648193359375,100,0.0,0.0
2012-09-04 00:00:00+09:00,940.0648193359375,940.0648193359375,940.0648193359375,940.0648193359375,100,0.0,0.0
2012-09-05 00:00:00+09:00,940.0646719281523,940.0646719281523,902.1248421193928,913.9283447265625,700,0.0,0.0
2012-09-06 00:00:00+09:00,906.3404410226004,906.3404410226004,873.4592529296875,885.2627563476562,1400,0.0,0.0
2012-09-07 00:00:00+09:00,881.0470601794789,885.2625963525865,856.5969503754551,868.4004516601562,1600,0.0,0.0
2012-09-10 00:00:00+09:00,872.6159685920267,872.6159685920267,859.9693603515625,859.9693603515625,2700,0.0,0.0
2012-09-11 00:00:00+09:00,859.9694969109329,860.8126042608455,852.3815307617188,852.3815307617188,5300,0.0,0.0
2012-09-12 00:00:00+09:00,859.9693835449218,868.4004559326171,843.1072387695312,843.1072387695312,3800,0.0,0.0
2012-09-13 00:00:00+09:00,851.5383111572265,851.5383111572265,843.1072387695312,843.1072387695312,4700,0.0,0.0
2012-09-14 00:00:00+09:00,843.1072674236736,846.4796964933684,834.676194749437,842.26416015625,6000,0.0,0.0
2012-09-18 00:00:00+09:00,854.9106993708779,855.7538065694685,838.8916625976562,838.8916625976562,2100,0.0,0.0
2012-09-19 00:00:00+09:00,838.8917025756836,843.1072387695312,838.8917025756836,843.1072387695312,2200,0.0,0.0
2012-09-20 00:00:00+09:00,843.1072387695312,843.1072387695312,838.8917025756836,843.1072387695312,3500,0.0,0.0
2012-09-21 00:00:00+09:00,843.1072387695312,843.1072387695312,843.1072387695312,843.1072387695312,2000,0.0,0.0
2012-09-24 00:00:00+09:00,851.5384786586568,851.5384786586568,834.6763305664062,834.6763305664062,1800,0.0,0.0
2012-09-25 00:00:00+09:00,830.4606132311699,830.4606132311699,822.029541015625,822.029541015625,5100,0.0,0.0
2012-09-26 00:00:00+09:00,832.2942615509032,832.2942615509032,821.1741943359375,821.1741943359375,2800,14.0,0.0
2012-09-27 00:00:00+09:00,834.0050372880759,834.0050372880759,829.7280883789062,829.7280883789062,800,0.0,0.0
2012-09-28 00:00:00+09:00,838.2821044921875,838.2821044921875,838.2821044921875,838.2821044921875,100,0.0,0.0
2012-10-01 00:00:00+09:00,834.0050411224365,834.0050411224365,821.1741943359375,821.1741943359375,600,0.0,0.0
2012-10-02 00:00:00+09:00,816.8972713458297,816.8972713458297,804.9218139648438,804.9218139648438,1000,0.0,0.0
2012-10-03 00:00:00+09:00,792.0909244351773,796.3678732712204,773.2723495565878,791.2355346679688,2800,0.0,0.0
2012-10-04 00:00:00+09:00,779.2601297691386,808.3433837890625,778.4047399450232,808.3433837890625,1000,0.0,0.0
2012-10-05 00:00:00+09:00,808.3433837890625,812.6203329096396,808.3433837890625,808.3433837890625,600,0.0,0.0
2012-10-09 00:00:00+09:00,808.3433796348372,816.8972778320312,808.3433796348372,816.8972778320312,500,0.0,0.0
2012-10-10 00:00:00+09:00,841.7035453245812,841.7035453245812,829.7280883789062,829.7280883789062,1300,0.0,0.0
2012-10-11 00:00:00+09:00,828.8727924248097,828.8727924248097,825.4512329101562,825.4512329101562,1300,0.0,0.0
2012-10-12 00:00:00+09:00,816.8972778320312,816.8972778320312,816.8972778320312,816.8972778320312,100,0.0,0.0
2012-10-15 00:00:00+09:00,945.2058537801107,945.2058537801107,885.3285598754883,944.3504638671875,85600,0.0,0.0
2012-10-16 00:00:00+09:00,919.5439775413441,940.9287212050964,886.1837774258908,915.2670288085938,21200,0.0,0.0
2012-10-17 00:00:00+09:00,947.7719685759052,966.5905455692897,921.2548828125,921.2548828125,38800,0.0,0.0
2012-10-18 00:00:00+09:00,932.3748672513453,944.350324261913,928.9533081054688,928.9533081054688,30700,0.0,0.0
2012-10-19 00:00:00+09:00,932.3747076599383,996.5289306640625,932.3747076599383,996.5289306640625,19100,0.0,0.0
2012-10-22 00:00:00+09:00,1008.5046069834184,1064.1049457908164,990.5414205994898,1047.8525390625,33400,0.0,0.0
2012-10-23 00:00:00+09:00,1073.5143082274435,1092.3328857421875,1069.2373587922743,1092.3328857421875,24300,0.0,0.0
2012-10-24 00:00:00+09:00,1066.6709565107274,1086.344919621992,1066.6709565107274,1075.224853515625,6200,0.0,0.0
2012-10-25 00:00:00+09:00,1074.3695944864241,1076.0803740954789,1039.2986125008003,1043.5755615234375,13000,0.0,0.0
2012-10-26 00:00:00+09:00,1044.4308790854357,1060.6832842472893,1010.215289271007,1025.6123046875,12700,0.0,0.0
2012-10-29 00:00:00+09:00,1017.9137857174833,1017.9137857174833,987.1197552251897,1007.6491088867188,6500,0.0,0.0
2012-10-30 00:00:00+09:00,1007.6490308678669,1007.6490308678669,975.9996130901835,983.6981201171875,6700,0.0,0.0
2012-10-31 00:00:00+09:00,984.5535860174986,1009.3598883585129,983.6981962816016,1007.6491088867188,3700,0.0,0.0
2012-11-01 00:00:00+09:00,1017.913818359375,1020.4799876493565,1005.0829719094669,1017.913818359375,7200,0.0,0.0
2012-11-02 00:00:00+09:00,1029.0337369861522,1058.9723743880768,983.6980860632377,996.5289306640625,23500,0.0,0.0
2012-11-05 00:00:00+09:00,1011.0707075070113,1013.6368768154047,996.5290814261151,1000.8060302734375,10400,0.0,0.0
2012-11-06 00:00:00+09:00,996.529338016815,996.529338016815,961.4583484385408,963.1691284179688,11000,0.0,0.0
2012-11-07 00:00:00+09:00,988.8307155667397,988.8307155667397,946.0612209488012,952.0489501953125,7100,0.0,0.0
2012-11-08 00:00:00+09:00,946.9164856989682,963.1688915059063,932.3748594506553,960.6027221679688,12500,0.0,0.0
2012-11-09 00:00:00+09:00,958.0368747914814,961.4584350585938,923.821272120357,961.4584350585938,11700,0.0,0.0
2012-11-12 00:00:00+09:00,958.0365773286467,974.2889835511862,958.0365773286467,973.43359375,5200,0.0,0.0
2012-11-13 00:00:00+09:00,973.4336715903518,975.9998411991136,941.7842464156215,953.7597045898438,5900,0.0,0.0
2012-11-14 00:00:00+09:00,950.3380802408855,972.5782153320313,949.4826904296875,962.3135375976562,2700,0.0,0.0
2012-11-15 00:00:00+09:00,952.0487023395041,983.6981201171875,952.0487023395041,983.6981201171875,3100,0.0,0.0
2012-11-16 00:00:00+09:00,983.6981201171875,1012.7813688858696,981.9873407778533,983.6981201171875,13500,0.0,0.0
2012-11-19 00:00:00+09:00,992.2520168138587,992.2520168138587,983.6981201171875,983.6981201171875,2900,0.0,0.0
2012-11-20 00:00:00+09:00,983.6981876339532,985.4089670907078,966.5903930664061,966.5903930664062,3100,0.0,0.0
2012-11-21 00:00:00+09:00,967.445768705556,983.6981733080366,967.445768705556,971.7227172851562,7400,0.0,0.0
2012-11-22 00:00:00+09:00,1023.0460095057672,1023.0460095057672,996.5289306640625,996.5289306640625,14400,0.0,0.0
2012-11-26 00:00:00+09:00,1026.467570193528,1026.467570193528,1009.3597773569692,1011.070556640625,8300,0.0,0.0
2012-11-27 00:00:00+09:00,1009.3598285499478,1022.190673828125,1003.372100753465,1022.190673828125,8000,0.0,0.0
2012-11-28 00:00:00+09:00,1017.9137555290671,1017.9137555290671,988.8305053710938,988.8305053710938,8800,0.0,0.0
2012-11-29 00:00:00+09:00,1005.082975484557,1013.6368731482554,997.3844675872285,1009.3599243164062,19500,0.0,0.0
2012-11-30 00:00:00+09:00,1017.9137643203434,1082.0679931640625,1017.9137643203434,1082.0679931640625,46100,0.0,0.0
2012-12-03 00:00:00+09:00,1070.9479908491037,1084.6342271538845,1069.237211311006,1073.51416015625,20100,0.0,0.0
2012-12-04 00:00:00+09:00,1075.2250999204575,1077.791269610005,1049.5634030249812,1060.6834716796875,7000,0.0,0.0
2012-12-05 00:00:00+09:00,1049.5632466228835,1073.51416015625,1046.1416875466882,1073.51416015625,9400,0.0,0.0
2012-12-06 00:00:00+09:00,1082.0679091218847,1110.2957676207166,1082.0679091218847,1098.3203125,18700,0.0,0.0
2012-12-07 00:00:00+09:00,1107.729952553446,1110.2961223277011,1094.8991036821706,1103.4530029296875,11400,0.0,0.0
2012-12-10 00:00:00+09:00,1112.0067607622343,1166.751708984375,1112.0067607622343,1166.751708984375,33000,0.0,0.0
2012-12-11 00:00:00+09:00,1167.6070624801714,1192.4133663716914,1166.7516726908086,1179.58251953125,15200,0.0,0.0
2012-12-12 00:00:00+09:00,1179.5824836282168,1179.5824836282168,1153.0654009650734,1177.8717041015625,19400,0.0,0.0
2012-12-13 00:00:00+09:00,1180.4378733915441,1183.0040426815258,1137.6683852251838,1177.8717041015625,15300,0.0,0.0
2012-12-14 00:00:00+09:00,1181.2932849014014,1188.9917929130688,1154.776201750103,1170.1732177734375,9500,0.0,0.0
2012-12-17 00:00:00+09:00,1177.8718369213502,1184.7149557996152,1138.523903371327,1146.222412109375,15900,0.0,0.0
2012-12-18 00:00:00+09:00,1171.8841622145092,1171.8841622145092,1128.25927734375,1128.25927734375,13500,0.0,0.0
2012-12-19 00:00:00+09:00,1133.3915173500338,1146.2223647162607,1087.2004668316174,1106.01904296875,15500,0.0,0.0
2012-12-20 00:00:00+09:00,1090.6220261292779,1107.7298226175803,1088.0558566560326,1106.01904296875,8500,0.0,0.0
2012-12-21 00:00:00+09:00,1102.597647150389,1110.2961567115633,1030.7448912460968,1078.646728515625,17700,0.0,0.0
2012-12-25 00:00:00+09:00,1079.501852777436,1086.344970703125,1078.646463036725,1086.344970703125,11100,0.0,0.0
2012-12-26 00:00:00+09:00,1077.7910732960138,1086.344970703125,1077.7910732960138,1086.344970703125,11600,0.0,0.0
2012-12-27 00:00:00+09:00,1090.6217204282295,1103.4525641979735,1090.6217204282295,1100.031005859375,17700,0.0,0.0
2012-12-28 00:00:00+09:00,1114.5730418113426,1164.185656105324,1114.5730418113426,1154.7763671875,6800,0.0,0.0
2013-01-04 00:00:00+09:00,1180.4378082943658,1184.7147568751425,1154.7761168097056,1171.8839111328125,17400,0.0,0.0
2013-01-07 00:00:00+09:00,1186.425739758559,1186.425739758559,1163.3302134618891,1172.739501953125,14200,0.0,0.0
2013-01-08 00:00:00+09:00,1192.4133811111617,1192.4133811111617,1154.7762299139658,1174.4501953125,13800,0.0,0.0
2013-01-09 00:00:00+09:00,1171.0286144471893,1183.0040714247355,1146.2223107079865,1182.148681640625,17900,0.0,0.0
2013-01-10 00:00:00+09:00,1192.4132805598497,1223.2073107608214,1188.9917216486308,1210.37646484375,14600,0.0,0.0
2013-01-11 00:00:00+09:00,1227.4843246958337,1231.7612735623698,1222.3519860559907,1230.9058837890625,9100,0.0,0.0
2013-01-15 00:00:00+09:00,1223.2074521192862,1265.1215536254717,1223.2074521192862,1260.8446044921875,22900,0.0,0.0
2013-01-16 00:00:00+09:00,1260.8445327447384,1269.3984305245535,1240.3151780731823,1257.4229736328125,16000,0.0,0.0
2013-01-17 00:00:00+09:00,1265.9770608144265,1265.9770608144265,1231.7614645761987,1248.8692626953125,7100,0.0,0.0
2013-01-18 00:00:00+09:00,1261.7000344421347,1291.6386793272022,1261.7000344421347,1289.072509765625,20500,0.0,0.0
2013-01-21 00:00:00+09:00,1274.5307260304194,1287.361572265625,1270.253777285351,1287.361572265625,16400,0.0,0.0
2013-01-22 00:00:00+09:00,1283.0847673875126,1289.9278861469127,1270.2539197136375,1279.6632080078125,14100,0.0,0.0
2013-01-23 00:00:00+09:00,1277.952430469701,1405.405517578125,1277.952430469701,1405.405517578125,59200,0.0,0.0
2013-01-24 00:00:00+09:00,1415.6699394674863,1462.716372501149,1405.4052631692325,1454.1624755859375,52000,0.0,0.0
2013-01-25 00:00:00+09:00,1462.7166205837802,1462.7166205837802,1411.3932303878582,1425.0794677734375,31900,0.0,0.0
2013-01-28 00:00:00+09:00,1422.5133145054303,1427.6456535836219,1394.2854495753766,1405.405517578125,21400,0.0,0.0
2013-01-29 00:00:00+09:00,1402.839443936745,1411.39334298514,1345.5283203125,1345.5283203125,12600,0.0,0.0
2013-01-30 00:00:00+09:00,1342.9620496447067,1367.7683550203094,1330.131202036636,1352.371337890625,22700,0.0,0.0
2013-01-31 00:00:00+09:00,1386.5870587820032,1435.3442841679218,1352.3714620199548,1419.947265625,17600,0.0,0.0
2013-02-01 00:00:00+09:00,1439.62099474259,1454.1626209521112,1330.986493059697,1344.6727294921875,85800,0.0,0.0
2013-02-04 00:00:00+09:00,1347.238832420843,1347.238832420843,1291.6384996542686,1295.06005859375,44700,0.0,0.0
2013-02-05 00:00:00+09:00,1291.6387610283666,1339.5405958744518,1291.6387610283666,1316.445068359375,23700,0.0,0.0
2013-02-06 00:00:00+09:00,1334.40796532569,1335.2633550470525,1311.312442848899,1317.3001708984375,17600,0.0,0.0
2013-02-07 00:00:00+09:00,1318.1556181483115,1332.697244046119,1312.1678898374496,1325.8541259765625,10000,0.0,0.0
2013-02-08 00:00:00+09:00,1325.854183649445,1325.854183649445,1296.7709305887477,1319.866455078125,11600,0.0,0.0
2013-02-12 00:00:00+09:00,1325.854220565077,1325.854220565077,1304.4694750720917,1307.03564453125,5900,0.0,0.0
2013-02-13 00:00:00+09:00,1308.746700402462,1308.746700402462,1253.146350385364,1270.254150390625,24100,0.0,0.0
2013-02-14 00:00:00+09:00,1242.0260074714358,1256.5676342806746,1240.3152278468197,1254.00146484375,21300,0.0,0.0
2013-02-15 00:00:00+09:00,1349.8053827163583,1349.8053827163583,1256.5678752917177,1268.5433349609375,18600,0.0,0.0
2013-02-18 00:00:00+09:00,1304.4692674025991,1338.6848547443067,1301.903098351971,1308.7462158203125,9400,0.0,0.0
2013-02-19 00:00:00+09:00,1308.746425141411,1308.746425141411,1292.4940185546875,1292.4940185546875,11700,0.0,0.0
2013-02-20 00:00:00+09:00,1288.2169203721082,1325.8540681120637,1288.2169203721082,1317.3001708984375,8000,0.0,0.0
2013-02-21 00:00:00+09:00,1319.8666459941612,1319.8666459941612,1288.2172189677297,1296.7711181640625,13900,0.0,0.0
2013-02-22 00:00:00+09:00,1294.2048771772436,1299.3372164125797,1274.5309101084554,1293.3494873046875,6300,0.0,0.0
2013-02-25 00:00:00+09:00,1292.4939107597072,1306.1801467439266,1284.795403018584,1287.361572265625,14300,0.0,0.0
2013-02-26 00:00:00+09:00,1283.084738902163,1287.3616880318368,1275.38623046875,1275.38623046875,8700,0.0,0.0
2013-02-27 00:00:00+09:00,1267.6876509685906,1270.253820302535,1254.0014145208863,1257.4229736328125,8000,0.0,0.0
2013-02-28 00:00:00+09:00,1257.4233003866793,1281.3742203940446,1254.001740385627,1270.254150390625,8100,0.0,0.0
2013-03-01 00:00:00+09:00,1272.8199607029687,1283.084637805412,1270.2537914273578,1282.229248046875,7100,0.0,0.0
2013-03-04 00:00:00+09:00,1271.1091460173795,1313.023243026028,1271.1091460173795,1295.06005859375,26500,0.0,0.0
2013-03-05 00:00:00+09:00,1317.3004986434887,1330.13134765625,1309.601989235832,1330.13134765625,30400,0.0,0.0
2013-03-06 00:00:00+09:00,1349.8050681543714,1349.8050681543714,1335.2634419448505,1344.6727294921875,29300,0.0,0.0
2013-03-07 00:00:00+09:00,1351.515833324992,1355.792782164628,1334.4080379664479,1335.263427734375,19100,0.0,0.0
2013-03-08 00:00:00+09:00,1347.2390512319712,1350.6606107271634,1332.697423377404,1334.408203125,15200,0.0,0.0
2013-03-11 00:00:00+09:00,1347.2391572138386,1351.5161069192793,1304.469660159431,1313.0235595703125,16500,0.0,0.0
2013-03-12 00:00:00+09:00,1313.0233585601368,1347.2389509656127,1307.8910196993154,1312.16796875,19500,0.0,0.0
2013-03-13 00:00:00+09:00,1306.1803894637853,1321.57740780717,1295.9157105681957,1316.445068359375,10000,0.0,0.0
2013-03-14 00:00:00+09:00,1316.4450531894722,1325.8543420686692,1313.0234935970368,1321.577392578125,16400,0.0,0.0
2013-03-15 00:00:00+09:00,1321.5771771830898,1325.8541259765625,1309.601720561366,1325.8541259765625,19800,0.0,0.0
2013-03-18 00:00:00+09:00,1304.4692674025991,1325.8540094911664,1301.903098351971,1308.7462158203125,14300,0.0,0.0
2013-03-19 00:00:00+09:00,1325.8542837555874,1334.4081823604622,1319.0111648716877,1327.5650634765625,10300,0.0,0.0
2013-03-21 00:00:00+09:00,1334.408341753746,1360.9254305962886,1327.5652220524448,1355.7930908203125,18700,0.0,0.0
2013-03-22 00:00:00+09:00,1362.636154436384,1362.636154436384,1346.383745814732,1347.2391357421875,12300,0.0,0.0
2013-03-25 00:00:00+09:00,1351.5159614601328,1377.1776569308947,1351.5159614601328,1361.7806396484375,15700,0.0,0.0
2013-03-26 00:00:00+09:00,1377.1776569308947,1378.8884366289456,1361.7806396484375,1361.7806396484375,17000,0.0,0.0
2013-03-27 00:00:00+09:00,1375.5535758320411,1385.8831396054982,1370.3887939453125,1370.3887939453125,12100,10.0,0.0
2013-03-28 00:00:00+09:00,1377.2748088164637,1377.2748088164637,1304.9678813535995,1343.7037353515625,7700,0.0,0.0
2013-03-29 00:00:00+09:00,1360.0590425262944,1374.6925891863875,1329.93115234375,1329.93115234375,11200,0.0,0.0
2013-04-01 00:00:00+09:00,1324.7664302024866,1324.7664302024866,1274.8402099609375,1274.8402099609375,16000,0.0,0.0
2013-04-02 00:00:00+09:00,1274.8400448360958,1274.8400448360958,1237.8257828995988,1273.979248046875,10700,0.0,0.0
2013-04-03 00:00:00+09:00,1274.8403661674306,1276.5619601798107,1255.04203502506,1255.90283203125,15600,0.0,0.0
2013-04-04 00:00:00+09:00,1255.9029291307177,1255.9029291307177,1236.1045964576494,1245.5733642578125,18000,0.0,0.0
2013-04-05 00:00:00+09:00,1269.6754591715548,1316.158492931056,1269.6754591715548,1302.3857421875,22900,0.0,0.0
2013-04-08 00:00:00+09:00,1308.4113206378058,1333.3744313605007,1298.0817575801389,1302.3857421875,20100,0.0,0.0
2013-04-09 00:00:00+09:00,1325.6272522376862,1325.6272522376862,1299.8033447265625,1299.8033447265625,31500,0.0,0.0
2013-04-10 00:00:00+09:00,1300.6639616313732,1308.4111328125,1297.2207744397615,1308.4111328125,22100,0.0,0.0
2013-04-11 00:00:00+09:00,1325.6271766946645,1325.6271766946645,1308.4112393349935,1317.8800048828125,23400,0.0,0.0
2013-04-12 00:00:00+09:00,1324.7665060893714,1368.6671505406762,1324.7665060893714,1366.945556640625,17400,0.0,0.0
2013-04-15 00:00:00+09:00,1371.2492817776736,1376.4140625,1360.0589235459663,1376.4140625,19800,0.0,0.0
2013-04-16 00:00:00+09:00,1351.4510047993508,1383.3004870780617,1343.7038334342592,1379.8572998046875,18700,0.0,0.0
2013-04-17 00:00:00+09:00,1391.9083255688447,1428.9225853087707,1385.88274840188,1406.5418701171875,26200,0.0,0.0
2013-04-18 00:00:00+09:00,1418.593330270551,1418.593330270551,1377.2750779325738,1397.9342041015625,11400,0.0,0.0
2013-04-19 00:00:00+09:00,1392.769373010706,1452.1643586335358,1366.9454662181713,1394.490966796875,22800,0.0,0.0
2013-04-22 00:00:00+09:00,1416.8718130716463,1449.5820979420732,1395.3518888147867,1411.70703125,13800,0.0,0.0
2013-04-23 00:00:00+09:00,1424.618659708138,1434.087424213751,1401.3771468307243,1412.5675048828125,11300,0.0,0.0
2013-04-24 00:00:00+09:00,1411.7068507339015,1422.0364130563446,1403.0988821318656,1420.3148193359375,14200,0.0,0.0
2013-04-25 00:00:00+09:00,1416.0108778622568,1422.036456065926,1409.9852996585876,1421.1756591796875,17800,0.0,0.0
2013-04-26 00:00:00+09:00,1420.3147916130092,1422.8971821432149,1406.5420421185802,1409.9852294921875,22300,0.0,0.0
2013-04-30 00:00:00+09:00,1409.9852570134942,1420.3148193359375,1401.3772884114583,1420.3148193359375,21800,0.0,0.0
2013-05-01 00:00:00+09:00,1416.0108778622568,1429.783628042072,1414.2892840897798,1421.1756591796875,15700,0.0,0.0
2013-05-02 00:00:00+09:00,1422.8972732727786,1437.5308205478163,1403.959741505083,1428.9228515625,16300,0.0,0.0
2013-05-07 00:00:00+09:00,1450.4425687773369,1489.1784237298473,1449.5817720006144,1488.317626953125,27700,0.0,0.0
2013-05-08 00:00:00+09:00,1489.1787374278317,1506.3946765888472,1462.494031728258,1467.6588134765625,28900,0.0,0.0
2013-05-09 00:00:00+09:00,1467.658725117528,1489.1786477732103,1464.215537492619,1480.5706787109375,17100,0.0,0.0
2013-05-10 00:00:00+09:00,1506.3944523418513,1539.965528708327,1385.8828961545032,1416.87158203125,53100,0.0,0.0
2013-05-13 00:00:00+09:00,1414.2890407604277,1460.7720646198698,1391.0475288307068,1406.5418701171875,28500,0.0,0.0
2013-05-14 00:00:00+09:00,1411.7069159407336,1422.8972756402636,1403.098946941095,1414.289306640625,23300,0.0,0.0
2013-05-15 00:00:00+09:00,1403.0989446065512,1428.9228515625,1403.0989446065512,1428.9228515625,34300,0.0,0.0
2013-05-16 00:00:00+09:00,1437.5308229396494,1437.5308229396494,1378.135836842143,1414.289306640625,28600,0.0,0.0
2013-05-17 00:00:00+09:00,1398.7949180488058,1433.2267929546226,1398.7949180488058,1428.06201171875,10500,0.0,0.0
2013-05-20 00:00:00+09:00,1450.4425986427357,1450.4425986427357,1437.5306467260348,1440.113037109375,13100,0.0,0.0
2013-05-21 00:00:00+09:00,1446.1385498046875,1450.442533583868,1433.2265984671455,1446.1385498046875,22900,0.0,0.0
2013-05-22 00:00:00+09:00,1446.1390443961675,1448.721435546875,1437.5310738938094,1448.721435546875,10400,0.0,0.0
2013-05-23 00:00:00+09:00,1437.5306866337044,1446.13865481714,1222.3314820478206,1379.8572998046875,38800,0.0,0.0
2013-05-24 00:00:00+09:00,1377.2748091236956,1420.314646908811,1377.2748091236956,1402.2379150390625,24500,0.0,0.0
2013-05-27 00:00:00+09:00,1390.1868182502585,1391.908411833231,1368.6668984631026,1378.9964599609375,13000,0.0,0.0
2013-05-28 00:00:00+09:00,1344.564617379104,1377.2748961629748,1344.564617379104,1360.0589599609375,4800,0.0,0.0
2013-05-29 00:00:00+09:00,1377.2748658508337,1394.4908016739691,1377.2748658508337,1393.6300048828125,10300,0.0,0.0
2013-05-30 00:00:00+09:00,1377.2751266891892,1377.2751266891892,1329.9312942092483,1337.678466796875,7600,0.0,0.0
2013-05-31 00:00:00+09:00,1364.3628718836617,1381.578807175569,1364.3628718836617,1378.1356201171875,6800,0.0,0.0
2013-06-03 00:00:00+09:00,1411.7066497802734,1411.7066497802734,1377.2747802734375,1377.2747802734375,16200,0.0,0.0
2013-06-04 00:00:00+09:00,1308.4112774884259,1394.490966796875,1308.4112774884259,1394.490966796875,15200,0.0,0.0
2013-06-05 00:00:00+09:00,1373.8317523645044,1381.5789239003943,1360.9197998046875,1360.9197998046875,4000,0.0,0.0
2013-06-06 00:00:00+09:00,1326.488031022311,1326.488031022311,1196.5076983264194,1277.422607421875,15400,0.0,0.0
2013-06-07 00:00:00+09:00,1230.9393310546875,1283.4479318898875,1206.8370224745959,1230.9393310546875,15100,0.0,0.0
2013-06-10 00:00:00+09:00,1292.0561684013212,1307.5505128591653,1218.0276337694002,1282.58740234375,9500,0.0,0.0
2013-06-11 00:00:00+09:00,1266.2321863639168,1289.4737016812694,1253.3202334098319,1254.1810302734375,6000,0.0,0.0
2013-06-12 00:00:00+09:00,1239.5472843294588,1250.737641757433,1226.635333451027,1240.4080810546875,4800,0.0,0.0
2013-06-13 00:00:00+09:00,1240.4082251879524,1256.7633648677381,1213.7235236051442,1233.5218505859375,6000,0.0,0.0
2013-06-14 00:00:00+09:00,1236.9649881249447,1244.7121592405497,1213.7234747781295,1215.445068359375,4300,0.0,0.0
2013-06-17 00:00:00+09:00,1214.584492514167,1222.3316650390625,1205.1157260948503,1222.3316650390625,6400,0.0,0.0
2013-06-18 00:00:00+09:00,1224.0532092078256,1239.5475536281779,1213.7236462609242,1218.888427734375,6100,0.0,0.0
2013-06-19 00:00:00+09:00,1219.7491177053214,1225.7746955627224,1205.1155714802046,1209.4195556640625,7300,0.0,0.0
2013-06-20 00:00:00+09:00,1222.331155528193,1223.191952116593,1183.5953090501869,1187.8992919921875,5600,0.0,0.0
2013-06-21 00:00:00+09:00,1213.7234933035716,1213.7234933035716,1121.6182353011018,1132.80859375,11600,0.0,0.0
2013-06-24 00:00:00+09:00,1145.7205303737096,1162.936466217041,1145.7205303737096,1156.910888671875,1900,0.0,0.0
2013-06-25 00:00:00+09:00,1136.2521053647813,1164.6584079989009,1119.8969614239247,1131.9481201171875,5600,0.0,0.0
2013-06-26 00:00:00+09:00,1150.885429866823,1150.885429866823,1125.0615234375,1125.0615234375,1800,0.0,0.0
2013-06-27 00:00:00+09:00,1127.6439276852866,1163.7973971225247,1106.984802292579,1130.226318359375,4800,0.0,0.0
2013-06-28 00:00:00+09:00,1125.9222689541903,1149.1637836803088,1116.4535036954012,1136.2518310546875,12300,0.0,0.0
2013-07-01 00:00:00+09:00,1142.2775353275129,1153.4678955078125,1119.0360180299672,1153.4678955078125,6700,0.0,0.0
2013-07-02 00:00:00+09:00,1154.3286828811622,1168.9622306880078,1144.8599166532035,1165.51904296875,11900,0.0,0.0
2013-07-03 00:00:00+09:00,1168.9622104800767,1169.8230073950103,1154.3286629262025,1157.7718505859375,11000,0.0,0.0
2013-07-04 00:00:00+09:00,1154.3285926612648,1162.075764424092,1144.8598271733647,1146.5814208984375,3400,0.0,0.0
2013-07-05 00:00:00+09:00,1196.5074168787985,1196.5074168787985,1145.720411414159,1186.1778564453125,8900,0.0,0.0
2013-07-08 00:00:00+09:00,1205.115650318287,1229.2179633246528,1205.115650318287,1208.558837890625,3600,0.0,0.0
2013-07-09 00:00:00+09:00,1213.7236955669564,1227.4964467223263,1211.1413047253245,1222.3316650390625,2300,0.0,0.0
2013-07-10 00:00:00+09:00,1223.1922860166574,1253.3201748348017,1050.1721245181718,1172.4052734375,54200,0.0,0.0
2013-07-11 00:00:00+09:00,1180.1525744763048,1187.8997467376373,1172.4054022149726,1174.98779296875,10600,0.0,0.0
2013-07-12 00:00:00+09:00,1195.6468505859375,1195.6468505859375,1191.3428662425756,1195.6468505859375,1600,0.0,0.0
2013-07-16 00:00:00+09:00,1197.3683146709895,1207.6978759765625,1197.3683146709895,1207.6978759765625,3500,0.0,0.0
2013-07-17 00:00:00+09:00,1209.4197108309033,1222.3316650390625,1209.4197108309033,1222.3316650390625,7600,0.0,0.0
2013-07-18 00:00:00+09:00,1224.9139043654056,1230.9394822505483,1204.254780187774,1226.635498046875,55300,0.0,0.0
2013-07-19 00:00:00+09:00,1226.6354408856002,1235.243408891815,1213.7234888762782,1220.60986328125,5200,0.0,0.0
2013-07-22 00:00:00+09:00,1218.8883417499114,1224.0531228590214,1213.7235606408017,1217.166748046875,3400,0.0,0.0
2013-07-23 00:00:00+09:00,1224.053170765734,1242.9907022403092,1224.053170765734,1235.2435302734375,3300,0.0,0.0
2013-07-24 00:00:00+09:00,1236.1043938646544,1261.0675048828125,1231.8004092063513,1261.0675048828125,4300,0.0,0.0
2013-07-25 00:00:00+09:00,1269.675191945043,1269.675191945043,1247.2944766971982,1248.1552734375,1300,0.0,0.0
2013-07-26 00:00:00+09:00,1268.8147071315816,1268.8147071315816,1188.7605906029269,1256.7635498046875,4200,0.0,0.0
2013-07-29 00:00:00+09:00,1268.8143869495864,1268.8143869495864,1205.1154285816967,1216.3057861328125,5500,0.0,0.0
2013-07-30 00:00:00+09:00,1216.3057861328125,1222.331363275721,1175.8483396018555,1216.3057861328125,11300,0.0,0.0
2013-07-31 00:00:00+09:00,1242.1296886097302,1242.1296886097302,1218.8881767646417,1230.9393310546875,1300,0.0,0.0
2013-08-01 00:00:00+09:00,1230.939595300013,1238.686767578125,1188.7605462302922,1238.686767578125,4100,0.0,0.0
2013-08-02 00:00:00+09:00,1264.5106640831898,1264.5106640831898,1197.3685049283301,1218.888427734375,19900,0.0,0.0
2013-08-05 00:00:00+09:00,1216.3060167389892,1216.3060167389892,1203.3940632704223,1211.1412353515625,6100,0.0,0.0
2013-08-06 00:00:00+09:00,1194.7860094389457,1209.4195556640625,1194.7860094389457,1209.4195556640625,3700,0.0,0.0
2013-08-07 00:00:00+09:00,1205.115905322617,1211.14148484923,1196.5079345703125,1196.5079345703125,13800,0.0,0.0
2013-08-08 00:00:00+09:00,1213.7233667149023,1217.1665535708312,1205.9761962890625,1205.9761962890625,8500,0.0,0.0
2013-08-09 00:00:00+09:00,1216.305756856849,1216.305756856849,1205.9761962890625,1205.9761962890625,2600,0.0,0.0
2013-08-12 00:00:00+09:00,1218.027642976506,1218.027642976506,1189.6213445890683,1192.2037353515625,3400,0.0,0.0
2013-08-13 00:00:00+09:00,1183.5954817255254,1207.697789717027,1179.2914981556144,1205.9761962890625,3000,0.0,0.0
2013-08-14 00:00:00+09:00,1210.2802734375,1212.8626637791162,1200.8115088515735,1210.2802734375,4100,0.0,0.0
2013-08-15 00:00:00+09:00,1213.7233667149023,1213.7233667149023,1205.1153995750803,1205.9761962890625,5500,0.0,0.0
2013-08-16 00:00:00+09:00,1216.3060829380581,1216.3060829380581,1200.8117379324779,1205.11572265625,3200,0.0,0.0
2013-08-19 00:00:00+09:00,1204.2549257114956,1205.11572265625,1183.5957990373884,1205.11572265625,2100,0.0,0.0
2013-08-20 00:00:00+09:00,1184.4565630640795,1193.064532272394,1184.4565630640795,1192.2037353515625,500,0.0,0.0
2013-08-21 00:00:00+09:00,1205.1158211447976,1212.002197265625,1181.0135047219017,1212.002197265625,3700,0.0,0.0
2013-08-22 00:00:00+09:00,1187.8996072017453,1203.3939499043768,1184.4564199344939,1199.0899658203125,3600,0.0,0.0
2013-08-23 00:00:00+09:00,1210.2803663528193,1217.1667411258084,1204.254788426454,1214.5843505859375,3800,0.0,0.0
2013-08-26 00:00:00+09:00,1197.368480547607,1205.115652600036,1182.7349333374639,1193.92529296875,1900,0.0,0.0
2013-08-27 00:00:00+09:00,1193.92529296875,1193.92529296875,1193.92529296875,1193.92529296875,0,0.0,0.0
2013-08-28 00:00:00+09:00,1196.5076859745666,1197.3684828709513,1179.291748046875,1179.291748046875,2800,0.0,0.0
2013-08-29 00:00:00+09:00,1177.5700991943722,1177.5700991943722,1158.632568359375,1158.632568359375,1100,0.0,0.0
2013-08-30 00:00:00+09:00,1157.77175209739,1160.3541426225142,1136.2518310546875,1136.2518310546875,4900,0.0,0.0
2013-09-02 00:00:00+09:00,1131.9478454818097,1150.8853759765625,1121.6182833937628,1150.8853759765625,2700,0.0,0.0
2013-09-03 00:00:00+09:00,1126.7830846823342,1158.632568359375,1126.7830846823342,1158.632568359375,3000,0.0,0.0
2013-09-04 00:00:00+09:00,1143.1382181333768,1164.658139408478,1143.1382181333768,1156.0501708984375,3800,0.0,0.0
2013-09-05 00:00:00+09:00,1157.77182119864,1162.936602557147,1157.77182119864,1162.0758056640625,800,0.0,0.0
2013-09-06 00:00:00+09:00,1162.936602557147,1169.8229777018228,1162.0758056640625,1162.0758056640625,2300,0.0,0.0
2013-09-09 00:00:00+09:00,1170.683890105672,1191.343017578125,1166.3799052155775,1191.343017578125,1000,0.0,0.0
2013-09-10 00:00:00+09:00,1191.3429451098702,1196.5077266638148,1181.0133820019812,1194.7861328125,2800,0.0,0.0
2013-09-11 00:00:00+09:00,1205.115593682892,1210.2803747986757,1198.229218861847,1202.533203125,8600,0.0,0.0
2013-09-12 00:00:00+09:00,1193.9251999585915,1194.7859967862473,1188.7604189926567,1189.6212158203125,5700,0.0,0.0
2013-09-13 00:00:00+09:00,1187.8996825270988,1187.8996825270988,1162.9365732566016,1166.3797607421875,4300,0.0,0.0
2013-09-17 00:00:00+09:00,1163.7973031205229,1221.4706901834481,1160.354115833184,1201.67236328125,14100,0.0,0.0
2013-09-18 00:00:00+09:00,1215.445259028278,1217.1668528795929,1168.10142811712,1194.7861328125,4000,0.0,0.0
2013-09-19 00:00:00+09:00,1194.7860190934316,1218.0275338740676,1181.0132695937955,1182.73486328125,7000,0.0,0.0
2013-09-20 00:00:00+09:00,1187.8999451258146,1205.1158863595222,1187.8999451258146,1188.7607421875,4800,0.0,0.0
2013-09-24 00:00:00+09:00,1192.2035912858096,1212.0019180725053,1188.7604040185581,1199.0899658203125,4300,0.0,0.0
2013-09-25 00:00:00+09:00,1205.1157424092885,1212.8629150390625,1198.2293667383783,1212.8629150390625,3400,0.0,0.0
2013-09-26 00:00:00+09:00,1208.5279095777012,1214.5965576171875,1205.0601106979948,1214.5965576171875,1700,10.0,0.0
2013-09-27 00:00:00+09:00,1213.7298846313126,1213.7298846313126,1208.52818512575,1210.2620849609375,1100,0.0,0.0
2013-09-30 00:00:00+09:00,1205.0602063816175,1211.9958046917275,1200.7254574377987,1201.5924072265625,3000,0.0,0.0
2013-10-01 00:00:00+09:00,1201.5923118182884,1229.3347028559401,1201.5923118182884,1214.5965576171875,3400,0.0,0.0
2013-10-02 00:00:00+09:00,1214.5967497761321,1235.403546346173,1202.4594517769417,1221.5323486328125,5100,0.0,0.0
2013-10-03 00:00:00+09:00,1219.7983914989502,1231.0687391105255,1209.39499370365,1212.86279296875,5100,0.0,0.0
2013-10-04 00:00:00+09:00,1212.8628198490585,1213.7297696845476,1192.9229736328125,1192.9229736328125,5500,0.0,0.0
2013-10-07 00:00:00+09:00,1196.390625,1200.7253736413043,1196.390625,1196.390625,1600,0.0,0.0
2013-10-08 00:00:00+09:00,1196.3906303854549,1196.3906303854549,1172.1160378848804,1179.0516357421875,2100,0.0,0.0
2013-10-09 00:00:00+09:00,1196.3908235512797,1205.0603222726659,1196.3908235512797,1202.45947265625,1000,0.0,0.0
2013-10-10 00:00:00+09:00,1203.326416015625,1203.326416015625,1203.326416015625,1203.326416015625,100,0.0,0.0
2013-10-11 00:00:00+09:00,1204.193301221332,1236.2704445943982,1204.193301221332,1211.995849609375,2100,0.0,0.0
2013-10-15 00:00:00+09:00,1211.9957084574078,1218.9313062168205,1211.9957084574078,1214.5965576171875,2600,0.0,0.0
2013-10-16 00:00:00+09:00,1213.729582545596,1218.0643310546875,1211.9956831419595,1218.0643310546875,3600,0.0,0.0
2013-10-17 00:00:00+09:00,1218.064350122732,1219.7982495535118,1215.4635009765625,1215.4635009765625,1600,0.0,0.0
2013-10-18 00:00:00+09:00,1214.596659422863,1404.458664000741,1214.596659422863,1316.02978515625,67000,0.0,0.0
2013-10-21 00:00:00+09:00,1343.7722491909385,1360.2442961165048,1322.098503236246,1339.4375,23100,0.0,0.0
2013-10-22 00:00:00+09:00,1339.4373645083442,1340.3043142588351,1319.497520247055,1324.69921875,8800,0.0,0.0
2013-10-23 00:00:00+09:00,1326.4331182509816,1326.4331182509816,1297.823776484784,1324.69921875,6200,0.0,0.0
2013-10-24 00:00:00+09:00,1294.3560912277524,1314.295937241308,1294.3560912277524,1309.09423828125,6400,0.0,0.0
2013-10-25 00:00:00+09:00,1311.6950812854172,1312.5620311078135,1300.424733594267,1309.961181640625,3200,0.0,0.0
2013-10-28 00:00:00+09:00,1309.0942902952313,1309.0942902952313,1300.4247916840047,1302.15869140625,1900,0.0,0.0
2013-10-29 00:00:00+09:00,1302.15869140625,1302.15869140625,1302.15869140625,1302.15869140625,0,0.0,0.0
2013-10-30 00:00:00+09:00,1301.2915812120514,1307.3602294921875,1300.424631457746,1307.3602294921875,4800,0.0,0.0
2013-10-31 00:00:00+09:00,1307.3602294921875,1307.3602294921875,1307.3602294921875,1307.3602294921875,0,0.0,0.0
2013-11-01 00:00:00+09:00,1285.6865937650643,1309.0942390999644,1285.6865937650643,1292.6221923828125,11300,0.0,0.0
2013-11-05 00:00:00+09:00,1290.0214817829296,1306.4935302734375,1290.0214817829296,1306.4935302734375,7800,0.0,0.0
2013-11-06 00:00:00+09:00,1290.0214712667785,1296.0901206611786,1290.0214712667785,1291.75537109375,2100,0.0,0.0
2013-11-07 00:00:00+09:00,1299.5579203151217,1299.5579203151217,1291.75537109375,1291.75537109375,5600,0.0,0.0
2013-11-08 00:00:00+09:00,1291.7553384327966,1296.9570377821906,1285.6866891918373,1296.090087890625,5000,0.0,0.0
2013-11-11 00:00:00+09:00,1300.4246761924342,1317.763671875,1290.0212787828948,1317.763671875,9800,0.0,0.0
2013-11-12 00:00:00+09:00,1296.9571007261884,1303.8927001953125,1292.622351057986,1303.8927001953125,5600,0.0,0.0
2013-11-13 00:00:00+09:00,1300.4248834425402,1304.7596330540155,1290.021484375,1290.021484375,6200,0.0,0.0
2013-11-14 00:00:00+09:00,1284.8196956457034,1291.7552945425764,1284.8196956457034,1285.6866455078125,3000,0.0,0.0
2013-11-15 00:00:00+09:00,1286.5534603851008,1296.9568576388888,1285.686510613952,1287.42041015625,1300,0.0,0.0
2013-11-18 00:00:00+09:00,1287.4205452320307,1288.2874950941398,1285.6866455078125,1285.6866455078125,5200,0.0,0.0
2013-11-19 00:00:00+09:00,1287.42041015625,1287.42041015625,1287.42041015625,1287.42041015625,300,0.0,0.0
2013-11-20 00:00:00+09:00,1284.8194564224837,1287.4203055245534,1262.2787642045455,1268.347412109375,2700,0.0,0.0
2013-11-21 00:00:00+09:00,1287.4204164055834,1287.4204164055834,1269.21447112308,1270.0814208984375,5000,0.0,0.0
2013-11-22 00:00:00+09:00,1270.0815444038783,1272.6823939828623,1240.6052491753924,1253.6094970703125,12100,0.0,0.0
2013-11-25 00:00:00+09:00,1253.6094331044494,1257.944182181574,1240.6051858730755,1245.806884765625,9700,0.0,0.0
2013-11-26 00:00:00+09:00,1245.8068841787485,1265.7467299241287,1241.4721351036658,1262.2789306640625,10900,0.0,0.0
2013-11-27 00:00:00+09:00,1262.2789838829601,1265.7467832892319,1237.1374381874891,1238.871337890625,15200,0.0,0.0
2013-11-28 00:00:00+09:00,1241.4720522962527,1247.5407005965835,1239.7381527818725,1240.6051025390625,7900,0.0,0.0
2013-11-29 00:00:00+09:00,1240.6051475439178,1251.8754947962386,1233.6695492347974,1234.5364990234375,5100,0.0,0.0
2013-12-02 00:00:00+09:00,1234.5365821678322,1250.1416794143356,1233.6696323208043,1239.73828125,3400,0.0,0.0
2013-12-03 00:00:00+09:00,1232.8028498399617,1242.3392994519445,1232.8028498399617,1233.6697998046875,5700,0.0,0.0
2013-12-04 00:00:00+09:00,1218.9315577915736,1222.3993573869977,1213.7298583984375,1213.7298583984375,11600,0.0,0.0
2013-12-05 00:00:00+09:00,1211.9959015990332,1213.7298013151978,1205.060302734375,1205.060302734375,6800,0.0,0.0
2013-12-06 00:00:00+09:00,1204.1933658830715,1211.9959146900892,1203.326416015625,1203.326416015625,3200,0.0,0.0
2013-12-09 00:00:00+09:00,1209.3951089041575,1214.5968082972936,1209.3951089041575,1213.7298583984375,9800,0.0,0.0
2013-12-10 00:00:00+09:00,1217.1976579938616,1219.7985076904297,1213.7298583984375,1213.7298583984375,11500,0.0,0.0
2013-12-11 00:00:00+09:00,1213.7299309024029,1213.7299309024029,1204.1934814453125,1204.1934814453125,2900,0.0,0.0
2013-12-12 00:00:00+09:00,1213.7298912130377,1213.7298912130377,1203.3264921454972,1209.3951416015625,1200,0.0,0.0
2013-12-13 00:00:00+09:00,1209.3951416015625,1209.3951416015625,1209.3951416015625,1209.3951416015625,2000,0.0,0.0
2013-12-16 00:00:00+09:00,1218.931330931377,1218.931330931377,1136.571105868446,1194.65673828125,16700,0.0,0.0
2013-12-17 00:00:00+09:00,1198.9916731676956,1210.2620215054974,1187.7213248298938,1202.45947265625,7900,0.0,0.0
2013-12-18 00:00:00+09:00,1196.390637756259,1209.394883818827,1177.3177435311593,1194.65673828125,8100,0.0,0.0
2013-12-19 00:00:00+09:00,1205.0601222826087,1205.0601222826087,1187.7211277173913,1196.390625,3300,0.0,0.0
2013-12-20 00:00:00+09:00,1185.1204638850081,1199.8586115704836,1185.1204638850081,1187.7213134765625,8300,0.0,0.0
2013-12-24 00:00:00+09:00,1187.7213441705428,1210.2620412131955,1183.3865947392635,1199.858642578125,16500,0.0,0.0
2013-12-25 00:00:00+09:00,1173.8498454593346,1210.2617313598457,1173.8498454593346,1208.52783203125,11000,0.0,0.0
2013-12-26 00:00:00+09:00,1213.7295300170374,1213.7295300170374,1198.9913857239733,1208.52783203125,43100,0.0,0.0
2013-12-27 00:00:00+09:00,1198.124537231268,1204.1931853938,1175.5838440561502,1194.65673828125,10600,0.0,0.0
2013-12-30 00:00:00+09:00,1201.5924072265625,1208.5280055366725,1199.858507649035,1201.5924072265625,14600,0.0,0.0
2014-01-06 00:00:00+09:00,1205.9271176217617,1211.1288161880668,1200.7254190554565,1206.7940673828125,13800,0.0,0.0
2014-01-07 00:00:00+09:00,1206.7942592075892,1213.7298583984375,1206.7942592075892,1213.7298583984375,5500,0.0,0.0
2014-01-08 00:00:00+09:00,1213.7296468904703,1225.866943359375,1207.660998656018,1225.866943359375,12200,0.0,0.0
2014-01-09 00:00:00+09:00,1222.3993275466473,1257.0773226543538,1222.3993275466473,1250.1417236328125,14600,0.0,0.0
2014-01-10 00:00:00+09:00,1255.3431665990258,1352.4415330762986,1252.742317496956,1335.1025390625,60000,0.0,0.0
2014-01-14 00:00:00+09:00,1283.0857752803156,1309.0942707251868,1283.0857752803156,1304.759521484375,23100,0.0,0.0
2014-01-15 00:00:00+09:00,1290.8885786369967,1316.0301291947355,1289.154678598532,1303.02587890625,9000,0.0,0.0
2014-01-16 00:00:00+09:00,1309.9608192593444,1347.2396513097426,1304.75912176394,1326.432861328125,13300,0.0,0.0
2014-01-17 00:00:00+09:00,1335.102797829061,1336.8366975665015,1316.8968505859375,1316.8968505859375,8300,0.0,0.0
2014-01-20 00:00:00+09:00,1314.2960205078125,1320.3646696790229,1314.2960205078125,1314.2960205078125,6100,0.0,0.0
2014-01-21 00:00:00+09:00,1302.1585757606908,1324.6992701480262,1300.4246761924342,1301.2916259765625,11400,0.0,0.0
2014-01-22 00:00:00+09:00,1287.4204358726156,1300.4246826996116,1258.8110928532242,1283.95263671875,12400,0.0,0.0
2014-01-23 00:00:00+09:00,1284.8194264025199,1298.6906212894567,1278.750778639485,1289.1541748046875,13100,0.0,0.0
2014-01-24 00:00:00+09:00,1287.4204164055834,1287.4204164055834,1263.1458226955792,1270.0814208984375,10100,0.0,0.0
2014-01-27 00:00:00+09:00,1231.068757936727,1232.8026575957929,1214.5967111756017,1226.7340087890625,8400,0.0,0.0
2014-01-28 00:00:00+09:00,1220.6653771551723,1257.0772705078125,1220.6653771551723,1257.0772705078125,12400,0.0,0.0
2014-01-29 00:00:00+09:00,1283.0857944615514,1307.360390572986,1270.0815465447113,1302.15869140625,7400,0.0,0.0
2014-01-30 00:00:00+09:00,1265.7466148262592,1277.8839111328125,1265.7466148262592,1277.8839111328125,3100,0.0,0.0
2014-01-31 00:00:00+09:00,1309.0941629464285,1520.6299084821428,1290.021267857143,1517.162109375,113900,0.0,0.0
2014-02-03 00:00:00+09:00,1502.423893700534,1541.4366318520194,1447.8060602884548,1526.698486328125,96200,0.0,0.0
2014-02-04 00:00:00+09:00,1457.342535102748,1472.9476306600645,1408.793348924429,1440.0035400390625,28900,0.0,0.0
2014-02-05 00:00:00+09:00,1463.4109972572658,1560.5093572648568,1463.4109972572658,1498.9559326171875,50700,0.0,0.0
2014-02-06 00:00:00+09:00,1517.1619435490547,1517.1619435490547,1442.604270894644,1472.947509765625,23500,0.0,0.0
2014-02-07 00:00:00+09:00,1486.8188797800165,1487.6858295641448,1440.870541221217,1449.5400390625,7500,0.0,0.0
2014-02-10 00:00:00+09:00,1472.0809368853802,1491.1538347719988,1458.2097384223848,1487.68603515625,13400,0.0,0.0
2014-02-12 00:00:00+09:00,1543.1705417684468,1629.865516025101,1533.6340946002147,1608.1917724609375,39100,0.0,0.0
2014-02-13 00:00:00+09:00,1577.8487580338979,1581.3165575021044,1517.1622673402865,1544.9046630859375,13000,0.0,0.0
2014-02-14 00:00:00+09:00,1629.8655066808394,1690.5519883125728,1573.5137737370871,1675.8138427734375,41800,0.0,0.0
2014-02-17 00:00:00+09:00,1733.8996081618789,1733.8996081618789,1639.4020795170566,1674.947021484375,36600,0.0,0.0
2014-02-18 00:00:00+09:00,1651.539402877304,1673.213148321888,1638.5351556105536,1655.0072021484375,13400,0.0,0.0
2014-02-19 00:00:00+09:00,1638.5350069506414,1646.3375546027873,1599.522268689912,1609.0587158203125,16700,0.0,0.0
2014-02-20 00:00:00+09:00,1612.5267347908743,1632.4665815114067,1564.8444926330799,1596.0546875,11200,0.0,0.0
2014-02-21 00:00:00+09:00,1596.0546221564798,1636.8012637867648,1596.0546221564798,1621.1961669921875,9300,0.0,0.0
2014-02-24 00:00:00+09:00,1647.2047771474042,1647.2047771474042,1629.865779493221,1638.5352783203125,5900,0.0,0.0
2014-02-25 00:00:00+09:00,1642.8700112456484,1673.2132568359375,1637.668312001599,1673.2132568359375,10500,0.0,0.0
2014-02-26 00:00:00+09:00,1689.685187118499,1689.685187118499,1673.2131406560816,1688.8182373046875,5400,0.0,0.0
2014-02-27 00:00:00+09:00,1697.4876837545135,1699.2215833293392,1687.9512360929712,1695.7537841796875,9800,0.0,0.0
2014-02-28 00:00:00+09:00,1690.5519764645437,1698.3545240482263,1689.6850267330235,1694.019775390625,14900,0.0,0.0
2014-03-03 00:00:00+09:00,1694.020037181522,1694.020037181522,1623.797098076249,1642.8699951171875,6000,0.0,0.0
2014-03-04 00:00:00+09:00,1629.865714946546,1671.4793076685855,1628.9987650981702,1647.2047119140625,8800,0.0,0.0
2014-03-05 00:00:00+09:00,1684.483613562459,1687.0844631973985,1640.2691697684882,1655.874267578125,15600,0.0,0.0
2014-03-06 00:00:00+09:00,1684.483521396058,1684.483521396058,1622.9300834037163,1668.011474609375,6000,0.0,0.0
2014-03-07 00:00:00+09:00,1671.4792804212168,1681.0157285978937,1656.7411332390795,1667.14453125,3200,0.0,0.0
2014-03-10 00:00:00+09:00,1667.144519993914,1667.144519993914,1625.5309282311953,1635.934326171875,5000,0.0,0.0
2014-03-11 00:00:00+09:00,1642.869985004854,1646.3377844454976,1565.7114474505363,1611.6597900390625,17400,0.0,0.0
2014-03-12 00:00:00+09:00,1590.8529701546447,1607.3250172570633,1582.1834716796875,1582.1834716796875,8200,0.0,0.0
2014-03-13 00:00:00+09:00,1582.183388604058,1594.3206858317058,1560.5096435546875,1560.5096435546875,3100,0.0,0.0
2014-03-14 00:00:00+09:00,1569.1791221715978,1576.9816702928929,1531.9002811476316,1563.1104736328125,7100,0.0,0.0
2014-03-17 00:00:00+09:00,1632.4666929529596,1632.4666929529596,1585.6513974566985,1597.7886962890625,12900,0.0,0.0
2014-03-18 00:00:00+09:00,1646.3378338225625,1646.3378338225625,1612.5267882622254,1637.6683349609375,5300,0.0,0.0
2014-03-19 00:00:00+09:00,1671.4793303901629,1671.4793303901629,1581.316544933432,1611.6597900390625,16600,0.0,0.0
2014-03-20 00:00:00+09:00,1646.3376663257284,1646.3376663257284,1606.4579756195758,1610.792724609375,11200,0.0,0.0
2014-03-24 00:00:00+09:00,1671.4790886616743,1717.4274246051746,1637.6680490051363,1693.15283203125,30200,0.0,0.0
2014-03-25 00:00:00+09:00,1723.4960727486557,1723.4960727486557,1683.6163849486366,1693.15283203125,22000,0.0,0.0
2014-03-26 00:00:00+09:00,1690.5522330862575,1713.9598793905288,1673.2132358238343,1692.2861328125,20800,0.0,0.0
2014-03-27 00:00:00+09:00,1704.5234791975904,1730.7469173390916,1693.1599893362732,1729.872802734375,14500,16.0,0.0
2014-03-28 00:00:00+09:00,1721.1318611027643,1732.495352313702,1703.6495669320914,1704.523681640625,12000,0.0,0.0
2014-03-31 00:00:00+09:00,1704.523649632471,1713.2647965536632,1700.153076171875,1700.153076171875,12100,0.0,0.0
2014-04-01 00:00:00+09:00,1704.5237037773986,1704.5237037773986,1673.929688581394,1677.4261474609375,6200,0.0,0.0
2014-04-02 00:00:00+09:00,1694.0342209350028,1734.2434955289193,1678.3001569634703,1722.8800048828125,14200,0.0,0.0
2014-04-03 00:00:00+09:00,1736.8659916554675,1857.4938260029535,1713.2648936309595,1824.2774658203125,49700,0.0,0.0
2014-04-04 00:00:00+09:00,1835.640844369396,1898.5771018906325,1818.158550613497,1852.2490234375,26300,0.0,0.0
2014-04-07 00:00:00+09:00,1826.8995346113227,1835.6406807099413,1797.1796378760187,1823.403076171875,8400,0.0,0.0
2014-04-08 00:00:00+09:00,1780.5716280341148,1817.2844451069832,1780.5716280341148,1790.1868896484375,4100,0.0,0.0
2014-04-09 00:00:00+09:00,1746.4811218890948,1746.4811218890948,1660.8178836783184,1695.782470703125,14500,0.0,0.0
2014-04-10 00:00:00+09:00,1730.7472459532373,1762.2153776978416,1701.02734375,1701.02734375,15700,0.0,0.0
2014-04-11 00:00:00+09:00,1701.027138255684,1738.614068854345,1663.440207657023,1722.8800048828125,5800,0.0,0.0
2014-04-14 00:00:00+09:00,1704.5235257981549,1735.1175377996603,1690.537691740324,1696.656494140625,11500,0.0,0.0
2014-04-15 00:00:00+09:00,1696.6568163358247,1696.6568163358247,1599.6300741342397,1636.3428955078125,18900,0.0,0.0
2014-04-16 00:00:00+09:00,1671.3073292648176,1725.50244140625,1652.0768056017287,1725.50244140625,15600,0.0,0.0
2014-04-17 00:00:00+09:00,1742.9847057074323,1742.9847057074323,1700.1530855571493,1728.124755859375,6600,0.0,0.0
2014-04-18 00:00:00+09:00,1737.740059435781,1806.7951221598387,1727.2506828194685,1763.9635009765625,15600,0.0,0.0
2014-04-21 00:00:00+09:00,1806.7949568484814,1806.7949568484814,1732.495212614267,1742.1104736328125,7600,0.0,0.0
2014-04-22 00:00:00+09:00,1730.747251249207,1737.7401694360724,1708.0202671418942,1722.006103515625,4000,0.0,0.0
2014-04-23 00:00:00+09:00,1718.5095388027248,1782.3199133360913,1718.5095388027248,1774.452880859375,10300,0.0,0.0
2014-04-24 00:00:00+09:00,1748.2293029846744,1770.0821692719828,1714.1388315764734,1732.4952392578125,2100,0.0,0.0
2014-04-25 00:00:00+09:00,1732.4952609245124,1743.8587515360255,1708.8941650390625,1708.8941650390625,3900,0.0,0.0
2014-04-28 00:00:00+09:00,1679.174477067739,1711.5167236328125,1679.174477067739,1711.5167236328125,3400,0.0,0.0
2014-04-30 00:00:00+09:00,1705.3978073963567,1739.48828125,1666.0626452575375,1739.48828125,10400,0.0,0.0
2014-05-01 00:00:00+09:00,1734.2436173423996,1736.8659615218487,1719.3836669921875,1719.3836669921875,3300,0.0,0.0
2014-05-02 00:00:00+09:00,1700.153076171875,1713.2647965536632,1696.656617403398,1700.153076171875,1300,0.0,0.0
2014-05-07 00:00:00+09:00,1700.1531345259002,1700.1531345259002,1687.9155284162023,1691.4119873046875,600,0.0,0.0
2014-05-08 00:00:00+09:00,1701.0272481672384,1704.5237070535022,1685.2931831790524,1687.91552734375,2800,0.0,0.0
2014-05-09 00:00:00+09:00,1704.5235235238722,1967.6320263857622,1687.9153456023575,1838.2630615234375,36200,0.0,0.0
2014-05-12 00:00:00+09:00,1881.968921591035,1887.213609714373,1829.5220403576575,1848.7525634765625,24900,0.0,0.0
2014-05-13 00:00:00+09:00,1805.0468477164618,1829.5220592109224,1801.550388931539,1814.662109375,6800,0.0,0.0
2014-05-14 00:00:00+09:00,1770.95639576807,1822.5291634631915,1767.4599369412822,1787.5645751953125,11300,0.0,0.0
2014-05-15 00:00:00+09:00,1763.0893884265295,1773.5787650557402,1749.1035529209148,1770.9564208984375,3800,0.0,0.0
2014-05-16 00:00:00+09:00,1753.4739723337955,1790.186787307883,1749.9775137648348,1763.0892333984375,2400,0.0,0.0
2014-05-19 00:00:00+09:00,1796.3056777954102,1796.3056777954102,1747.355255432129,1748.2293701171875,46500,0.0,0.0
2014-05-20 00:00:00+09:00,1749.1036330737713,1764.8376987386027,1714.139042707479,1731.621337890625,4100,0.0,0.0
2014-05-21 00:00:00+09:00,1731.6212510117539,1746.481201171875,1715.0130714210304,1746.481201171875,6400,0.0,0.0
2014-05-22 00:00:00+09:00,1747.3554301752836,1756.9706926724962,1708.894380186433,1715.01318359375,3000,0.0,0.0
2014-05-23 00:00:00+09:00,1717.6353394092444,1800.676233680938,1717.6353394092444,1785.8162841796875,10400,0.0,0.0
2014-05-26 00:00:00+09:00,1791.9349365234375,1824.2771768411776,1791.9349365234375,1791.9349365234375,3400,0.0,0.0
2014-05-27 00:00:00+09:00,1771.8303502451076,1783.1938404045484,1765.7115478515625,1765.7115478515625,6100,0.0,0.0
2014-05-28 00:00:00+09:00,1765.7114583333334,1770.08203125,1732.4951041666668,1770.08203125,7700,0.0,0.0
2014-05-29 00:00:00+09:00,1774.4528103738016,1834.7667236328125,1774.4528103738016,1834.7667236328125,7800,0.0,0.0
2014-05-30 00:00:00+09:00,1835.6410056517877,1913.4372197008397,1822.5292841828464,1891.5843505859375,14000,0.0,0.0
2014-06-02 00:00:00+09:00,1938.7862939039512,1979.869682458273,1915.1851983514684,1960.63916015625,23300,0.0,0.0
2014-06-03 00:00:00+09:00,1984.2402157727613,1984.2402157727613,1921.3039622328322,1938.7862548828125,17100,0.0,0.0
2014-06-04 00:00:00+09:00,1932.6673988055784,1935.2897426302807,1883.7169807444693,1885.4652099609375,8200,0.0,0.0
2014-06-05 00:00:00+09:00,1972.8771665857194,2027.072285915943,1945.7796069206076,1972.0030517578125,20400,0.0,0.0
2014-06-06 00:00:00+09:00,1988.6106475003814,1992.9812203520305,1953.6460646871878,1969.380126953125,5700,0.0,0.0
2014-06-09 00:00:00+09:00,2054.1696182535943,2071.651912877029,1999.9745049209464,2059.414306640625,18200,0.0,0.0
2014-06-10 00:00:00+09:00,2054.1695650540864,2080.393006310096,1987.7368472055286,1988.6109619140625,16800,0.0,0.0
2014-06-11 00:00:00+09:00,1988.610468542176,2053.294940925526,1988.610468542176,2033.1903076171875,19500,0.0,0.0
2014-06-12 00:00:00+09:00,2032.316273038981,2032.316273038981,2010.4634098880242,2011.3375244140625,4700,0.0,0.0
2014-06-13 00:00:00+09:00,2012.2117468157385,2065.532735762637,1977.2471638997397,2045.4281005859375,20600,0.0,0.0
2014-06-16 00:00:00+09:00,2089.13423770851,2089.13423770851,2053.2955332122556,2056.7919921875,17300,0.0,0.0
2014-06-17 00:00:00+09:00,2056.7917934541806,2097.0010677843516,2023.575436398822,2096.126953125,10800,0.0,0.0
2014-06-18 00:00:00+09:00,2097.0010909231087,2159.063232421875,2080.3929122121713,2159.063232421875,26900,0.0,0.0
2014-06-19 00:00:00+09:00,2180.916045113896,2202.7689112974017,2161.6855228724107,2178.293701171875,13600,0.0,0.0
2014-06-20 00:00:00+09:00,2134.5882131237568,2316.404080580653,2134.5882131237568,2306.788818359375,43900,0.0,0.0
2014-06-23 00:00:00+09:00,2272.698271894253,2298.9217134930327,2256.090092215026,2270.075927734375,25600,0.0,0.0
2014-06-24 00:00:00+09:00,2270.0756864990703,2307.662615463052,2270.0756864990703,2277.068603515625,13500,0.0,0.0
2014-06-25 00:00:00+09:00,2272.698663449755,2272.698663449755,2222.8741158279718,2228.992919921875,8200,0.0,0.0
2014-06-26 00:00:00+09:00,2223.747838998538,2273.5723778440242,2222.8737242819507,2242.104248046875,13200,0.0,0.0
2014-06-27 00:00:00+09:00,2237.733674463938,2298.921704625061,2216.754921265838,2242.104248046875,47000,0.0,0.0
2014-06-30 00:00:00+09:00,2285.8097149715245,2386.332895553446,2280.5650272889893,2338.256591796875,31200,0.0,0.0
2014-07-01 00:00:00+09:00,2381.962548177565,2381.962548177565,2283.187587464147,2361.85791015625,33900,0.0,0.0
2014-07-02 00:00:00+09:00,2386.3334579041552,2387.2075727239003,2338.257142818174,2346.998291015625,28100,0.0,0.0
2014-07-03 00:00:00+09:00,2367.976489381742,2430.038626977203,2365.3541455396803,2410.80810546875,23700,0.0,0.0
2014-07-04 00:00:00+09:00,2430.0388328627787,2491.226861028388,2422.171800670057,2471.996337890625,25400,0.0,0.0
2014-07-07 00:00:00+09:00,2476.3672340189128,2569.8975178311343,2473.7448896129627,2550.6669921875,24100,0.0,0.0
2014-07-08 00:00:00+09:00,2526.1913734354,2619.7216422788556,2509.5831948557206,2601.365234375,18100,0.0,0.0
2014-07-09 00:00:00+09:00,2596.120722159693,2596.120722159693,2559.4079038665254,2578.638427734375,17000,0.0,0.0
2014-07-10 00:00:00+09:00,2604.861869774674,2762.202519626835,2604.861869774674,2679.16162109375,59900,0.0,0.0
2014-07-11 00:00:00+09:00,2683.5319687242163,2683.5319687242163,2527.939561417079,2648.5673828125,30800,0.0,0.0
2014-07-14 00:00:00+09:00,2626.7146395369728,2652.9380801979078,2409.934196739912,2565.526611328125,58400,0.0,0.0
2014-07-15 00:00:00+09:00,2596.1208198000754,2620.5960329160357,2562.0303443885596,2598.7431640625,23100,0.0,0.0
2014-07-16 00:00:00+09:00,2598.743038652878,2648.5675772345176,2541.92558237557,2588.253662109375,20000,0.0,0.0
2014-07-17 00:00:00+09:00,2552.4151023890786,2600.4914142491466,2552.4151023890786,2561.15625,18800,0.0,0.0
2014-07-18 00:00:00+09:00,2556.785676194539,2561.15625,2486.8564953071673,2561.15625,14700,0.0,0.0
2014-07-22 00:00:00+09:00,2569.8970229945235,2622.34390101482,2506.960769370168,2543.673583984375,21000,0.0,0.0
2014-07-23 00:00:00+09:00,2587.3799418172944,2599.617549650214,2519.198983891028,2575.142333984375,12500,0.0,0.0
2014-07-24 00:00:00+09:00,2618.847715692935,2639.826469089674,2610.1065684442933,2613.60302734375,9000,0.0,0.0
2014-07-25 00:00:00+09:00,2613.6028474934897,2622.343994140625,2569.8971142578125,2622.343994140625,9500,0.0,0.0
2014-07-28 00:00:00+09:00,2622.344121869826,2639.826416015625,2590.0018777000982,2639.826416015625,10800,0.0,0.0
2014-07-29 00:00:00+09:00,2621.470007162536,2644.1969895520747,2613.6029747969264,2639.826416015625,8500,0.0,0.0
2014-07-30 00:00:00+09:00,2648.5678396177686,2648.5678396177686,2626.7149696539254,2644.197265625,6200,0.0,0.0
2014-07-31 00:00:00+09:00,2626.7149069107586,2644.1972024642414,2596.9950044698385,2635.4560546875,9600,0.0,0.0
2014-08-01 00:00:00+09:00,2556.785327808277,3041.9189541103606,2556.785327808277,2910.8017578125,85800,0.0,0.0
2014-08-04 00:00:00+09:00,3277.930321631494,3352.2300755884744,2993.8430270900976,3028.8076171875,74800,0.0,0.0
2014-08-05 00:00:00+09:00,2910.8015960598877,2954.5073257304566,2819.019563751693,2823.39013671875,36100,0.0,0.0
2014-08-06 00:00:00+09:00,2823.390476785198,2884.5785056938557,2788.425888837394,2836.502197265625,9900,0.0,0.0
2014-08-07 00:00:00+09:00,2862.7253082229777,2932.654476057432,2836.501870285057,2923.913330078125,9900,0.0,0.0
2014-08-08 00:00:00+09:00,2923.9139043968844,2923.9139043968844,2823.390705889966,2902.06103515625,21900,0.0,0.0
2014-08-11 00:00:00+09:00,2963.2489776824737,3129.330778791521,2963.2489776824737,3124.960205078125,17100,0.0,0.0
2014-08-12 00:00:00+09:00,3120.5892443378825,3120.5892443378825,3015.6954882256846,3072.512939453125,7800,0.0,0.0
2014-08-13 00:00:00+09:00,3015.695704830786,3081.254307109716,2989.472263919214,3002.583984375,9600,0.0,0.0
2014-08-14 00:00:00+09:00,2998.2132635586504,3055.030716075068,2910.8017981487774,3015.695556640625,15000,0.0,0.0
2014-08-15 00:00:00+09:00,3076.8837890625,3085.6249361905184,3037.548626986417,3076.8837890625,8800,0.0,0.0
2014-08-18 00:00:00+09:00,3020.06633273038,3103.1072304465556,3015.695759166371,3076.8837890625,8800,0.0,0.0
2014-08-19 00:00:00+09:00,3212.3709654616287,3277.9295565934985,3151.1829470718835,3260.447265625,31100,0.0,0.0
2014-08-20 00:00:00+09:00,3260.4479881224593,3295.412577807419,3190.5188087525407,3225.4833984375,10500,0.0,0.0
2014-08-21 00:00:00+09:00,3286.671513310185,3304.15380859375,3199.2600368923613,3304.15380859375,13200,0.0,0.0
2014-08-22 00:00:00+09:00,3304.153174615675,3308.523747597971,3238.594579881237,3251.706298828125,6600,0.0,0.0
2014-08-25 00:00:00+09:00,3251.706298828125,3256.0768718104205,3234.2240068989413,3251.706298828125,6800,0.0,0.0
2014-08-26 00:00:00+09:00,3251.7064072646103,3374.0824548498376,3181.777237215909,3365.34130859375,13600,0.0,0.0
2014-08-27 00:00:00+09:00,3360.970649235423,3627.575603205983,3330.376638124047,3583.869873046875,86700,0.0,0.0
2014-08-28 00:00:00+09:00,3828.6224949048915,3828.6224949048915,3592.611519191576,3618.8349609375,67500,0.0,0.0
2014-08-29 00:00:00+09:00,3662.539961096846,3872.327452901916,3658.169388350907,3749.951416015625,75300,0.0,0.0
2014-09-01 00:00:00+09:00,3802.3994238627142,3802.3994238627142,3675.6527764006237,3701.876220703125,45900,0.0,0.0
2014-09-02 00:00:00+09:00,3736.8404799107143,3950.9985892857144,3706.2464642857144,3824.251953125,54000,0.0,0.0
2014-09-03 00:00:00+09:00,3806.7690765843786,3811.1396495770127,3745.5810546875,3745.5810546875,43700,0.0,0.0
2014-09-04 00:00:00+09:00,3745.5810746355755,3745.5810746355755,3566.3875809832316,3583.869873046875,56600,0.0,0.0
2014-09-05 00:00:00+09:00,3579.499735169492,3714.987515133172,3575.129161622276,3610.09375,24800,0.0,0.0
2014-09-08 00:00:00+09:00,3610.0937533597335,3819.881283821316,3610.0937533597335,3811.14013671875,46400,0.0,0.0
2014-09-09 00:00:00+09:00,3749.952212027616,3771.8050803960755,3723.728769985465,3758.693359375,16500,0.0,0.0
2014-09-10 00:00:00+09:00,3697.5050948825815,3806.7694298377405,3653.799360900518,3693.134521484375,27700,0.0,0.0
2014-09-11 00:00:00+09:00,3754.322912145544,3789.287502712674,3701.8760262948495,3776.17578125,17200,0.0,0.0
2014-09-12 00:00:00+09:00,3832.9939054262627,3937.8876953125,3832.9939054262627,3937.8876953125,46200,0.0,0.0
2014-09-16 00:00:00+09:00,4020.9279725609754,4160.786336823966,3959.739938195917,4121.451171875,47500,0.0,0.0
2014-09-17 00:00:00+09:00,4239.456328701872,4239.456328701872,4103.968549124802,4143.3037109375,33600,0.0,0.0
2014-09-18 00:00:00+09:00,4204.491878536686,4361.832530955939,4187.009583823436,4296.27392578125,48300,0.0,0.0
2014-09-19 00:00:00+09:00,4326.867509765625,4370.5732421875,4278.7912041015625,4370.5732421875,45000,0.0,0.0
2014-09-22 00:00:00+09:00,4335.6086562499995,4405.537828125,4318.12636328125,4370.5732421875,48700,0.0,0.0
2014-09-24 00:00:00+09:00,4353.0914119387135,4510.4320653822815,4256.938790389867,4501.69091796875,39000,0.0,0.0
2014-09-25 00:00:00+09:00,4510.431485863842,4545.396071025577,4313.755694329081,4357.46142578125,51300,0.0,0.0
2014-09-26 00:00:00+09:00,4282.861934807114,4432.059994011461,4256.532865535759,4379.40185546875,28200,20.0,0.0
2014-09-29 00:00:00+09:00,4467.165129729811,4625.139535103361,4432.059706313467,4537.3759765625,23900,0.0,0.0
2014-09-30 00:00:00+09:00,4502.271559351007,4642.693284398993,4475.942485904511,4572.482421875,30200,0.0,0.0
2014-10-01 00:00:00+09:00,4572.482788808247,4572.482788808247,4388.179259892751,4449.61376953125,34500,0.0,0.0
2014-10-02 00:00:00+09:00,4238.980975153028,4348.685451735663,4168.770110140142,4256.53369140625,33200,0.0,0.0
2014-10-03 00:00:00+09:00,4296.026001953125,4388.177734375,4296.026001953125,4388.177734375,19200,0.0,0.0
2014-10-06 00:00:00+09:00,4563.705919589921,4581.258634665267,4405.731483911808,4440.8369140625,22200,0.0,0.0
2014-10-07 00:00:00+09:00,4383.79057094029,4432.06053718688,4344.29696219308,4423.2841796875,20200,0.0,0.0
2014-10-08 00:00:00+09:00,4467.167500495911,4607.589268684387,4405.732976913452,4493.49658203125,51400,0.0,0.0
2014-10-09 00:00:00+09:00,4563.706439160926,4563.706439160926,4432.061061108207,4458.39013671875,33300,0.0,0.0
2014-10-10 00:00:00+09:00,4282.862990765655,4519.8246726317875,4282.862990765655,4484.71923828125,39700,0.0,0.0
2014-10-14 00:00:00+09:00,4300.415024069217,4361.849524413063,4190.710559169492,4287.25048828125,37600,0.0,0.0
2014-10-15 00:00:00+09:00,4348.685451735663,4348.685451735663,4072.2301707474226,4256.53369140625,40000,0.0,0.0
2014-10-16 00:00:00+09:00,4133.664624176344,4282.862710399269,4120.500087156674,4203.87548828125,25300,0.0,0.0
2014-10-17 00:00:00+09:00,4291.639757160164,4449.614226748882,4291.639757160164,4414.5087890625,24300,0.0,0.0
2014-10-20 00:00:00+09:00,4590.034595105075,4756.785373894743,4519.823740877847,4528.60009765625,60100,0.0,0.0
2014-10-21 00:00:00+09:00,4607.587371475395,4607.587371475395,4528.6001593929595,4581.25830078125,27500,0.0,0.0
2014-10-22 00:00:00+09:00,4616.364771015477,4730.457436458825,4590.035694374705,4642.69384765625,41100,0.0,0.0
2014-10-23 00:00:00+09:00,4607.587871952677,4607.587871952677,4546.153366993308,4590.03515625,12900,0.0,0.0
2014-10-24 00:00:00+09:00,4625.140948918861,4651.470024529404,4370.626551350271,4458.39013671875,40500,0.0,0.0
2014-10-27 00:00:00+09:00,4546.154296875,4581.259735460908,4423.285261824324,4546.154296875,13800,0.0,0.0
2014-10-28 00:00:00+09:00,4458.389629137846,4493.495059288538,4396.955126374136,4440.8369140625,10200,0.0,0.0
2014-10-29 00:00:00+09:00,4440.837445343077,4519.8246726317875,4440.837445343077,4484.71923828125,8000,0.0,0.0
2014-10-30 00:00:00+09:00,4484.719571584117,4484.719571584117,4269.698770206797,4313.58056640625,25800,0.0,0.0
2014-10-31 00:00:00+09:00,4405.731641371893,4607.587871952677,4353.073494263862,4590.03515625,42100,0.0,0.0
2014-11-04 00:00:00+09:00,4739.233469719435,4818.220694214759,4616.364453837819,4809.4443359375,51900,0.0,0.0
2014-11-05 00:00:00+09:00,4826.997123004721,4923.537065464816,4826.997123004721,4879.6552734375,39400,0.0,0.0
2014-11-06 00:00:00+09:00,4888.431003697244,4932.312790085909,4607.58757080979,4756.78564453125,34100,0.0,0.0
2014-11-07 00:00:00+09:00,4756.785664277919,4888.431023990407,4695.351163078757,4774.33837890625,18200,0.0,0.0
2014-11-10 00:00:00+09:00,4818.220155494648,4818.220155494648,4730.456582534818,4765.56201171875,4900,0.0,0.0
2014-11-11 00:00:00+09:00,4765.562914216117,4765.562914216117,4625.141170887465,4686.57568359375,18900,0.0,0.0
2014-11-12 00:00:00+09:00,4721.680654969739,4721.680654969739,4572.482567359171,4712.904296875,22900,0.0,0.0
2014-11-13 00:00:00+09:00,4695.352873802185,4695.352873802185,4475.94386100769,4493.49658203125,22000,0.0,0.0
2014-11-14 00:00:00+09:00,4493.495059288538,4563.705919589921,4405.731483911808,4440.8369140625,16100,0.0,0.0
2014-11-17 00:00:00+09:00,4528.601508779469,4528.601508779469,4366.238857786407,4467.1669921875,11600,0.0,0.0
2014-11-18 00:00:00+09:00,4396.955201620258,4563.705997689689,4388.178843932394,4511.0478515625,10000,0.0,0.0
2014-11-19 00:00:00+09:00,4686.574389204546,4826.99609375,4651.468963068181,4826.99609375,35300,0.0,0.0
2014-11-20 00:00:00+09:00,4800.6677738088165,4809.444131713402,4607.587899907913,4616.3642578125,21500,0.0,0.0
2014-11-21 00:00:00+09:00,4730.457120190118,4835.773419711976,4651.469895548725,4818.220703125,24600,0.0,0.0
2014-11-25 00:00:00+09:00,4905.983738618739,4914.760095932905,4774.33837890625,4774.33837890625,74900,0.0,0.0
2014-11-26 00:00:00+09:00,4791.891538149351,4791.891538149351,4695.351598736085,4730.45703125,17200,0.0,0.0
2014-11-27 00:00:00+09:00,4879.65499851576,5081.51123046875,4835.773208960762,5081.51123046875,55600,0.0,0.0
2014-11-28 00:00:00+09:00,5090.287652650384,5239.485739021171,5037.629504519518,5142.94580078125,41100,0.0,0.0
2014-12-01 00:00:00+09:00,5406.237140834732,5467.671653798762,5151.722729983746,5230.7099609375,51100,0.0,0.0
2014-12-02 00:00:00+09:00,5265.814006881208,5397.459357053239,5257.037650203073,5300.91943359375,28000,0.0,0.0
2014-12-03 00:00:00+09:00,5300.920832896392,5300.920832896392,5186.828165963192,5230.7099609375,22500,0.0,0.0
2014-12-04 00:00:00+09:00,5178.050440099855,5327.248503628156,5178.050440099855,5300.91943359375,15200,0.0,0.0
2014-12-05 00:00:00+09:00,5265.815089394247,5423.789542076073,5257.038730911922,5415.01318359375,24600,0.0,0.0
2014-12-08 00:00:00+09:00,5371.130990415335,5555.434504792332,5362.354632587859,5494.0,26600,0.0,0.0
2014-12-09 00:00:00+09:00,5397.459883713447,5432.565313851421,5292.143593299526,5327.2490234375,23500,0.0,0.0
2014-12-10 00:00:00+09:00,5151.72225793682,5309.696705369294,5099.0641087926615,5239.48583984375,20000,0.0,0.0
2014-12-11 00:00:00+09:00,5107.840130974265,5397.459932215073,5107.840130974265,5371.130859375,22900,0.0,0.0
2014-12-12 00:00:00+09:00,5406.235713731374,5529.104707225269,5274.590363559344,5300.91943359375,24000,0.0,0.0
2014-12-15 00:00:00+09:00,5213.156729223757,5292.143952393813,5116.616789793687,5204.38037109375,15300,0.0,0.0
2014-12-16 00:00:00+09:00,5090.287208686441,5204.379853019068,5090.287208686441,5178.05078125,14800,0.0,0.0
2014-12-17 00:00:00+09:00,5046.405402981505,5178.0507613201535,4993.747259646046,5160.498046875,10100,0.0,0.0
2014-12-18 00:00:00+09:00,5362.355312038112,5362.355312038112,5178.051774308487,5195.6044921875,16100,0.0,0.0
2014-12-19 00:00:00+09:00,5213.1572429477765,5257.039037922084,5195.604524958054,5230.7099609375,17300,0.0,0.0
2014-12-22 00:00:00+09:00,5239.48630346433,5248.262662431608,5142.946354824285,5213.1572265625,7900,0.0,0.0
2014-12-24 00:00:00+09:00,5248.262645824535,5257.039004764041,5169.275415368982,5195.6044921875,8000,0.0,0.0
2014-12-25 00:00:00+09:00,5142.945292433647,5221.93250682256,5081.5107923533815,5125.392578125,13700,0.0,0.0
2014-12-26 00:00:00+09:00,5037.629036014693,5186.827108509902,5037.629036014693,5151.7216796875,10300,0.0,0.0
2014-12-29 00:00:00+09:00,5195.603475765306,5195.603475765306,5055.181760204082,5160.498046875,8800,0.0,0.0
2014-12-30 00:00:00+09:00,5142.945282348842,5195.603425171526,5020.076282429245,5116.6162109375,15600,0.0,0.0
2015-01-05 00:00:00+09:00,5037.629289589809,5072.734720179285,4914.760282526643,4941.08935546875,30400,0.0,0.0
2015-01-06 00:00:00+09:00,4853.32605432581,4853.32605432581,4721.680682146991,4739.2333984375,27800,0.0,0.0
2015-01-07 00:00:00+09:00,4739.23338028578,4783.115170843982,4642.693441057737,4721.6806640625,21700,0.0,0.0
2015-01-08 00:00:00+09:00,4756.785760872631,4914.760195735559,4730.456688395476,4862.10205078125,20500,0.0,0.0
2015-01-09 00:00:00+09:00,4897.207981418918,4949.866131756757,4809.444397522522,4870.87890625,13900,0.0,0.0
2015-01-13 00:00:00+09:00,4748.009403380246,4862.10205078125,4695.351258425936,4862.10205078125,14600,0.0,0.0
2015-01-14 00:00:00+09:00,4870.878309362075,4870.878309362075,4756.785664277919,4774.33837890625,5700,0.0,0.0
2015-01-15 00:00:00+09:00,4774.339371565934,4897.208399510645,4607.588547926683,4791.89208984375,15500,0.0,0.0
2015-01-16 00:00:00+09:00,4704.128401509832,4756.786555258076,4633.917529845506,4686.57568359375,15200,0.0,0.0
2015-01-19 00:00:00+09:00,4704.128401509832,4748.010196300035,4651.470247761587,4686.57568359375,10000,0.0,0.0
2015-01-20 00:00:00+09:00,4642.692799067589,4660.245512863686,4475.94201800467,4581.25830078125,23200,0.0,0.0
2015-01-21 00:00:00+09:00,4493.495463709677,4502.271822037235,4300.415580503402,4353.07373046875,59400,0.0,0.0
2015-01-22 00:00:00+09:00,4370.626525758044,4440.837393641708,4353.073808787129,4432.06103515625,20600,0.0,0.0
2015-01-23 00:00:00+09:00,4440.8369140625,4467.165986675519,4405.731483911808,4440.8369140625,10400,0.0,0.0
2015-01-26 00:00:00+09:00,4458.389797531011,4642.693312783278,4458.389797531011,4598.8115234375,18800,0.0,0.0
2015-01-27 00:00:00+09:00,4686.574786309387,4835.7728600308465,4633.916642642989,4756.78564453125,26500,0.0,0.0
2015-01-28 00:00:00+09:00,4748.00927734375,4818.220135419074,4739.232920084335,4748.00927734375,14300,0.0,0.0
2015-01-29 00:00:00+09:00,4704.12836821934,4756.78652159493,4590.035702572229,4651.47021484375,19600,0.0,0.0
2015-01-30 00:00:00+09:00,4686.575231615939,5028.853197969912,4274.086400368843,4721.6806640625,126100,0.0,0.0
2015-02-02 00:00:00+09:00,4695.35135039201,4958.642080320534,4660.2459197348735,4949.86572265625,59800,0.0,0.0
2015-02-03 00:00:00+09:00,4905.984203197338,4923.536919487847,4712.904324001735,4739.2333984375,31200,0.0,0.0
2015-02-04 00:00:00+09:00,4669.022414611006,4756.7859938330175,4581.258835388994,4625.140625,16100,0.0,0.0
2015-02-05 00:00:00+09:00,4607.588249655331,4607.588249655331,4388.17928538603,4475.94287109375,23100,0.0,0.0
2015-02-06 00:00:00+09:00,4493.49535123967,4511.048067455449,4221.42824989508,4247.75732421875,37300,0.0,0.0
2015-02-09 00:00:00+09:00,4300.415454405472,4344.297244756548,4221.428231773535,4230.20458984375,17600,0.0,0.0
2015-02-10 00:00:00+09:00,4449.61411816107,4449.61411816107,4287.251472823832,4296.02783203125,15300,0.0,0.0
2015-02-12 00:00:00+09:00,4383.790590067626,4484.718701750865,4370.626053761117,4440.8369140625,13800,0.0,0.0
2015-02-13 00:00:00+09:00,4458.390153952206,4511.0483053768385,4458.390153952206,4475.94287109375,11700,0.0,0.0
2015-02-16 00:00:00+09:00,4475.942295097305,4493.49500998004,4396.955078125,4396.955078125,13800,0.0,0.0
2015-02-17 00:00:00+09:00,4348.685048719508,4366.237763346025,4212.651510364004,4339.90869140625,19000,0.0,0.0
2015-02-18 00:00:00+09:00,4348.685073330608,4405.731396189638,4300.415107834507,4361.849609375,19000,0.0,0.0
2015-02-19 00:00:00+09:00,4317.968374845297,4475.94282758354,4317.968374845297,4432.06103515625,21700,0.0,0.0
2015-02-20 00:00:00+09:00,4432.060556524827,4449.613271600173,4405.731483911808,4440.8369140625,8400,0.0,0.0
2015-02-23 00:00:00+09:00,4537.377336981745,4537.377336981745,4432.06103515625,4432.06103515625,12400,0.0,0.0
2015-02-24 00:00:00+09:00,4440.8358671875,4440.8358671875,4317.966890625,4388.177734375,14500,0.0,0.0
2015-02-25 00:00:00+09:00,4388.179683589839,4405.732402324199,4370.62696485548,4383.79150390625,6300,0.0,0.0
2015-02-26 00:00:00+09:00,4405.732429640905,4432.061507905691,4344.297913689737,4414.5087890625,7500,0.0,0.0
2015-02-27 00:00:00+09:00,4423.28315625,4423.28315625,4383.789556640625,4388.177734375,8000,0.0,0.0
2015-03-02 00:00:00+09:00,4449.613439661856,4616.364239175811,4388.178934577767,4598.8115234375,22800,0.0,0.0
2015-03-03 00:00:00+09:00,4651.469092553901,4651.469092553901,4519.823740877847,4528.60009765625,22800,0.0,0.0
2015-03-04 00:00:00+09:00,4475.943419703186,4554.930656521477,4458.390700410232,4546.154296875,14800,0.0,0.0
2015-03-05 00:00:00+09:00,4554.9296875,4563.706045279384,4502.2715408237,4554.9296875,9400,0.0,0.0
2015-03-06 00:00:00+09:00,4590.036095107384,4783.116007329875,4537.3779372285235,4546.154296875,34900,0.0,0.0
2015-03-09 00:00:00+09:00,4546.1523324165855,4554.928688270672,4475.941485583898,4537.3759765625,11700,0.0,0.0
2015-03-10 00:00:00+09:00,4563.7055247698645,4581.258238326672,4511.047384099443,4528.60009765625,13100,0.0,0.0
2015-03-11 00:00:00+09:00,4519.824209250365,4554.929640001824,4502.271493874636,4511.0478515625,7800,0.0,0.0
2015-03-12 00:00:00+09:00,4616.364366722816,4756.786096509061,4607.588008611176,4721.6806640625,25900,0.0,0.0
2015-03-13 00:00:00+09:00,4651.470264036264,4721.681135946245,4590.0357511150305,4704.12841796875,18900,0.0,0.0
2015-03-16 00:00:00+09:00,4651.469790211825,4739.233371159218,4625.140715927607,4712.904296875,15700,0.0,0.0
2015-03-17 00:00:00+09:00,4739.233927035551,4853.32659564937,4730.4575679114105,4783.11572265625,35300,0.0,0.0
2015-03-18 00:00:00+09:00,4756.785807873994,4905.98388671875,4756.785807873994,4905.98388671875,20400,0.0,0.0
2015-03-19 00:00:00+09:00,4914.760671422101,4976.1951798148775,4774.338937952899,4844.5498046875,25200,0.0,0.0
2015-03-20 00:00:00+09:00,4818.220329733456,4923.53662109375,4791.891256893383,4923.53662109375,19100,0.0,0.0
2015-03-23 00:00:00+09:00,4862.102412471065,4888.4314869068285,4686.575249565972,4739.2333984375,30500,0.0,0.0
2015-03-24 00:00:00+09:00,4704.128409754673,4756.78656359521,4651.470255914136,4695.35205078125,12000,0.0,0.0
2015-03-25 00:00:00+09:00,4642.693537255237,4844.549778005465,4642.693537255237,4818.220703125,14500,0.0,0.0
2015-03-26 00:00:00+09:00,4765.562001808983,4774.338359086716,4695.35114358712,4756.78564453125,10500,0.0,0.0
2015-03-27 00:00:00+09:00,4741.774927455357,4741.774927455357,4591.6628720238095,4635.8134765625,16000,33.0,0.0
2015-03-30 00:00:00+09:00,4600.492480088765,4679.963559399319,4512.191280854815,4538.681640625,25700,0.0,0.0
2015-03-31 00:00:00+09:00,4574.002829920801,4582.832951214084,4494.53173828125,4494.53173828125,20500,0.0,0.0
2015-04-01 00:00:00+09:00,4494.531334750986,4529.851816752959,4326.759045241618,4476.87109375,29700,0.0,0.0
2015-04-02 00:00:00+09:00,4388.569803117149,4450.380645414573,4344.419201476131,4392.98486328125,38500,0.0,0.0
2015-04-03 00:00:00+09:00,4370.909346757256,4375.324406703475,4335.5888671875,4335.5888671875,20100,0.0,0.0
2015-04-06 00:00:00+09:00,4326.759570115015,4406.230664259985,4317.929448543352,4366.4951171875,20300,0.0,0.0
2015-04-07 00:00:00+09:00,4379.739831098178,4388.5699517253925,4335.5892279621075,4362.07958984375,27300,0.0,0.0
2015-04-08 00:00:00+09:00,4401.8141676758805,4406.229227021593,4340.003336835898,4357.66357421875,16300,0.0,0.0
2015-04-09 00:00:00+09:00,4388.570552915184,4397.400674752035,4273.778969036114,4340.0048828125,31200,0.0,0.0
2015-04-10 00:00:00+09:00,4340.004204042497,4384.154806321667,4304.68372221916,4379.73974609375,15800,0.0,0.0
2015-04-13 00:00:00+09:00,4375.324312055229,4485.700808323019,4344.418893100247,4459.21044921875,31700,0.0,0.0
2015-04-14 00:00:00+09:00,4423.890412703804,4512.191618546196,4370.90968919837,4468.041015625,25500,0.0,0.0
2015-04-15 00:00:00+09:00,4441.5506754886765,4441.5506754886765,4326.759107334894,4362.07958984375,35100,0.0,0.0
2015-04-16 00:00:00+09:00,4397.39933203125,4415.0595703125,4362.07885546875,4415.0595703125,21200,0.0,0.0
2015-04-17 00:00:00+09:00,4415.06090410661,4441.55126953125,4366.495234161437,4441.55126953125,21500,0.0,0.0
2015-04-20 00:00:00+09:00,4353.2494692165355,4415.060313607034,4344.419348589322,4362.07958984375,19500,0.0,0.0
2015-04-21 00:00:00+09:00,4362.07952724359,4476.87109375,4362.07952724359,4476.87109375,16800,0.0,0.0
2015-04-22 00:00:00+09:00,4503.361455251479,4503.361455251479,4397.400009245563,4476.87109375,17800,0.0,0.0
2015-04-23 00:00:00+09:00,4432.720931886688,4521.022145669292,4432.720931886688,4485.70166015625,12000,0.0,0.0
2015-04-24 00:00:00+09:00,4459.210895040761,4503.361497961957,4450.380774456522,4468.041015625,17100,0.0,0.0
2015-04-27 00:00:00+09:00,4468.0413744013995,4503.361859574533,4432.720889228266,4494.53173828125,13500,0.0,0.0
2015-04-28 00:00:00+09:00,4450.380088301604,4450.380088301604,4388.569253741859,4406.2294921875,29900,0.0,0.0
2015-04-30 00:00:00+09:00,4384.155477777864,4450.381391339463,4370.910295065544,4441.55126953125,12600,0.0,0.0
2015-05-01 00:00:00+09:00,4370.909304735137,4401.814724061547,4326.758705697409,4344.4189453125,14800,0.0,0.0
2015-05-07 00:00:00+09:00,4340.003644527231,4362.078942820859,4291.43798828125,4291.43798828125,15400,0.0,0.0
2015-05-08 00:00:00+09:00,4300.268724524457,4317.928965692935,4251.703061311141,4264.9482421875,14300,0.0,0.0
2015-05-11 00:00:00+09:00,4322.344346064072,4340.00458854033,4273.778679254363,4300.26904296875,13700,0.0,0.0
2015-05-12 00:00:00+09:00,4340.003336835898,4410.644286367306,4154.570844315951,4357.66357421875,54100,0.0,0.0
2015-05-13 00:00:00+09:00,4295.8542736282425,4357.665126486203,4282.609090872966,4340.0048828125,23300,0.0,0.0
2015-05-14 00:00:00+09:00,4278.192995826032,4304.683354933314,4194.306858652973,4251.70263671875,21100,0.0,0.0
2015-05-15 00:00:00+09:00,4282.608590498179,4291.43871130333,4238.457986472425,4242.873046875,14600,0.0,0.0
2015-05-18 00:00:00+09:00,4198.722933422877,4340.0048828125,4198.722933422877,4340.0048828125,21400,0.0,0.0
2015-05-19 00:00:00+09:00,4287.023207779086,4340.003927133719,4260.53284810177,4335.5888671875,17500,0.0,0.0
2015-05-20 00:00:00+09:00,4273.778679254363,4322.344346064072,4273.778679254363,4300.26904296875,13800,0.0,0.0
2015-05-21 00:00:00+09:00,4326.759625826634,4326.759625826634,4251.703591501069,4256.11865234375,16000,0.0,0.0
2015-05-22 00:00:00+09:00,4256.117696569963,4269.362876123604,4234.042397313895,4251.70263671875,8600,0.0,0.0
2015-05-25 00:00:00+09:00,4251.70263671875,4273.777935974818,4238.457457165109,4251.70263671875,9000,0.0,0.0
2015-05-26 00:00:00+09:00,4225.212890625,4256.118314067398,4216.382769641458,4225.212890625,22800,0.0,0.0
2015-05-27 00:00:00+09:00,4238.458267405063,4247.28838879549,4163.402235586432,4185.4775390625,32700,0.0,0.0
2015-05-28 00:00:00+09:00,4189.891757913698,4291.438133500647,4172.231518681185,4260.53271484375,25300,0.0,0.0
2015-05-29 00:00:00+09:00,4229.628359851857,4348.8350046493515,4229.628359851857,4340.0048828125,28500,0.0,0.0
2015-06-01 00:00:00+09:00,4340.0047524725105,4392.98548190249,4331.174630900847,4366.4951171875,18200,0.0,0.0
2015-06-02 00:00:00+09:00,4415.059974943974,4450.380454743526,4375.324435169478,4432.72021484375,20600,0.0,0.0
2015-06-03 00:00:00+09:00,4432.72021484375,4432.72021484375,4397.399735044198,4432.72021484375,11900,0.0,0.0
2015-06-04 00:00:00+09:00,4450.380088301604,4450.380088301604,4379.739134519038,4406.2294921875,17800,0.0,0.0
2015-06-05 00:00:00+09:00,4375.324685865833,4415.060227917087,4375.324685865833,4379.73974609375,10400,0.0,0.0
2015-06-08 00:00:00+09:00,4432.720846737133,4503.36181640625,4432.720846737133,4503.36181640625,19700,0.0,0.0
2015-06-09 00:00:00+09:00,4485.701573988971,4529.85218003217,4450.381089154412,4503.36181640625,25300,0.0,0.0
2015-06-10 00:00:00+09:00,4450.38066681338,4485.701148296026,4357.664402921435,4388.56982421875,15400,0.0,0.0
2015-06-11 00:00:00+09:00,4406.22973101021,4485.700808323019,4406.22973101021,4459.21044921875,8300,0.0,0.0
2015-06-12 00:00:00+09:00,4450.381479229042,4459.211601211639,4388.570625350861,4423.89111328125,12000,0.0,0.0
2015-06-15 00:00:00+09:00,4384.154555119366,4468.040694643301,4384.154555119366,4432.72021484375,5800,0.0,0.0
2015-06-16 00:00:00+09:00,4432.7208044123045,4521.022015655577,4423.890683287977,4512.19189453125,11600,0.0,0.0
2015-06-17 00:00:00+09:00,4512.192024291031,4538.682388425812,4450.381174643208,4485.70166015625,11000,0.0,0.0
2015-06-18 00:00:00+09:00,4450.381479229042,4476.871845176834,4392.985686342159,4423.89111328125,9400,0.0,0.0
2015-06-19 00:00:00+09:00,4401.81572139429,4450.381391339463,4388.570538681971,4441.55126953125,11300,0.0,0.0
2015-06-22 00:00:00+09:00,4441.55052508637,4441.55052508637,4335.589081147928,4392.98486328125,14500,0.0,0.0
2015-06-23 00:00:00+09:00,4353.249934830005,4370.910177973332,4344.4198132583415,4366.4951171875,9500,0.0,0.0
2015-06-24 00:00:00+09:00,4348.834047026158,4366.494286811037,4326.758747295061,4335.5888671875,11000,0.0,0.0
2015-06-25 00:00:00+09:00,4317.928585889863,4353.249065120046,4300.268346274772,4344.4189453125,10500,0.0,0.0
2015-06-26 00:00:00+09:00,4309.098738414006,4326.758979145211,4260.533076403192,4287.0234375,14600,0.0,0.0
2015-06-29 00:00:00+09:00,4198.722975797974,4344.4199875764525,4198.722975797974,4331.1748046875,15300,0.0,0.0
2015-06-30 00:00:00+09:00,4273.778425297921,4357.664572075463,4273.778425297921,4353.24951171875,11300,0.0,0.0
2015-07-01 00:00:00+09:00,4313.514531962077,4313.514531962077,4238.45849609375,4238.45849609375,18400,0.0,0.0
2015-07-02 00:00:00+09:00,4247.28838879549,4264.948631576344,4185.4775390625,4185.4775390625,24300,0.0,0.0
2015-07-03 00:00:00+09:00,4150.156444493579,4225.212465298251,4150.156444493579,4211.96728515625,7300,0.0,0.0
2015-07-06 00:00:00+09:00,4150.1556562160695,4163.400833842291,4066.26953125,4066.26953125,17100,0.0,0.0
2015-07-07 00:00:00+09:00,4075.1001183102294,4136.910954340937,4035.364580861917,4070.68505859375,24900,0.0,0.0
2015-07-08 00:00:00+09:00,4061.8562880138425,4066.2713491964664,3933.819513717754,3947.064697265625,15800,0.0,0.0
2015-07-09 00:00:00+09:00,3761.6318024935786,3894.0836265250427,3638.010100064212,3867.59326171875,21600,0.0,0.0
2015-07-10 00:00:00+09:00,3867.592891670911,3876.4230124281503,3774.8766237198956,3792.536865234375,14100,0.0,0.0
2015-07-13 00:00:00+09:00,3801.3671659748406,3827.8575295007977,3796.952105387181,3805.7822265625,7300,0.0,0.0
2015-07-14 00:00:00+09:00,3845.5174623781495,3938.233727257531,3845.5174623781495,3920.573486328125,12800,0.0,0.0
2015-07-15 00:00:00+09:00,3933.819113467784,4039.7805710696102,3929.404052734375,3929.404052734375,10300,0.0,0.0
2015-07-16 00:00:00+09:00,3929.403501299167,3982.3842226649986,3916.1583209577093,3942.648681640625,13000,0.0,0.0
2015-07-17 00:00:00+09:00,3947.063911877648,3973.55427370233,3894.0831882282837,3907.328369140625,8700,0.0,0.0
2015-07-21 00:00:00+09:00,3911.7434294447385,3947.063911877648,3889.66812792417,3907.328369140625,7300,0.0,0.0
2015-07-22 00:00:00+09:00,3942.649566685268,3942.649566685268,3814.612794642857,3863.178466796875,18000,0.0,0.0
2015-07-23 00:00:00+09:00,3841.1023794971493,3876.422861147698,3814.6120182592376,3823.442138671875,10300,0.0,0.0
2015-07-24 00:00:00+09:00,3827.8578262848105,3916.1590448842294,3814.612643494898,3894.083740234375,7200,0.0,0.0
2015-07-27 00:00:00+09:00,3898.4976383299136,3955.8934132996633,3849.9319825862794,3933.818115234375,15100,0.0,0.0
2015-07-28 00:00:00+09:00,3867.5935279017854,3916.1592000558035,3805.7826724330357,3863.178466796875,13600,0.0,0.0
2015-07-29 00:00:00+09:00,3845.5175248830333,3929.4036706611932,3845.5175248830333,3907.328369140625,7300,0.0,0.0
2015-07-30 00:00:00+09:00,3894.083740234375,3947.064471394026,3885.253618374433,3894.083740234375,5100,0.0,0.0
2015-07-31 00:00:00+09:00,3898.498432984104,3991.2147037572254,3735.14119400289,3819.02734375,28000,0.0,0.0
2015-08-03 00:00:00+09:00,3717.4813357806966,3783.7072503136064,3708.651213842975,3739.556640625,13700,0.0,0.0
2015-08-04 00:00:00+09:00,3726.311457718418,3739.556640625,3593.859628652597,3739.556640625,20400,0.0,0.0
2015-08-05 00:00:00+09:00,3642.4248046875,3730.7260120738633,3633.5946839488633,3642.4248046875,12600,0.0,0.0
2015-08-06 00:00:00+09:00,3624.7647846951613,3664.5003304469965,3620.3497240560687,3646.840087890625,15500,0.0,0.0
2015-08-07 00:00:00+09:00,3660.0852698079034,3664.5003304469965,3638.0099666124397,3646.840087890625,13800,0.0,0.0
2015-08-10 00:00:00+09:00,3646.840023395092,3677.745447322169,3620.349660029026,3660.085205078125,18100,0.0,0.0
2015-08-11 00:00:00+09:00,3629.179845334254,3668.915391086089,3629.179845334254,3646.840087890625,12600,0.0,0.0
2015-08-12 00:00:00+09:00,3624.7647488232724,3638.0099306094717,3549.708718701475,3554.123779296875,20100,0.0,0.0
2015-08-13 00:00:00+09:00,3558.538926561525,3585.0292907791045,3532.0485623439454,3536.463623046875,19000,0.0,0.0
2015-08-14 00:00:00+09:00,3598.2741595975203,3602.6892199160447,3536.4633151381763,3549.70849609375,9900,0.0,0.0
2015-08-17 00:00:00+09:00,3549.7085173762453,3576.1988794462172,3474.652491511325,3545.29345703125,7500,0.0,0.0
2015-08-18 00:00:00+09:00,3540.8785547117022,3580.6140995900128,3536.4634941696677,3562.953857421875,5900,0.0,0.0
2015-08-19 00:00:00+09:00,3562.953857421875,3598.274341758151,3562.953857421875,3562.953857421875,2500,0.0,0.0
2015-08-20 00:00:00+09:00,3558.5386167307993,3585.0289786419467,3549.70849609375,3549.70849609375,7500,0.0,0.0
2015-08-21 00:00:00+09:00,3448.1625233247214,3492.3131318179953,3351.031184639518,3364.2763671875,19700,0.0,0.0
2015-08-24 00:00:00+09:00,3055.2219381893383,3214.164119944853,2980.165907915901,3002.2412109375,26400,0.0,0.0
2015-08-25 00:00:00+09:00,2825.638597328244,3002.2410096612593,2746.167511778387,2891.864501953125,14600,0.0,0.0
2015-08-26 00:00:00+09:00,2891.8644402905884,3046.391547787032,2891.8644402905884,3006.656005859375,11300,0.0,0.0
2015-08-27 00:00:00+09:00,3006.656215173023,3121.447788733227,3002.241154651477,3064.052001953125,11400,0.0,0.0
2015-08-28 00:00:00+09:00,3094.957052176339,3143.5227120535715,3055.2215122767857,3090.5419921875,15500,0.0,0.0
2015-08-31 00:00:00+09:00,3059.6367929325293,3143.5229387705062,3055.2217326252676,3094.957275390625,13700,0.0,0.0
2015-09-01 00:00:00+09:00,3090.5423788031526,3108.202620967742,3011.0712890625,3011.0712890625,7100,0.0,0.0
2015-09-02 00:00:00+09:00,2922.770177159581,2949.260541303022,2816.80872058582,2940.430419921875,10700,0.0,0.0
2015-09-03 00:00:00+09:00,3002.2408408117712,3050.806501471962,2971.33542039165,3028.731201171875,5800,0.0,0.0
2015-09-04 00:00:00+09:00,2984.5812789562137,3059.637317036473,2984.5812789562137,3037.56201171875,6900,0.0,0.0
2015-09-07 00:00:00+09:00,3037.56201171875,3077.297561290652,2962.50597363849,3037.56201171875,9100,0.0,0.0
2015-09-08 00:00:00+09:00,2975.7505843600866,3059.6367284295843,2940.4301026466137,3006.656005859375,8100,0.0,0.0
2015-09-09 00:00:00+09:00,3090.5420420121172,3090.5420420121172,3028.731201171875,3028.731201171875,3400,0.0,0.0
2015-09-10 00:00:00+09:00,3028.73153328496,3161.183349609375,3028.73153328496,3161.183349609375,4300,0.0,0.0
2015-09-11 00:00:00+09:00,3161.1834795884683,3161.1834795884683,3121.4479330573286,3134.693115234375,1400,0.0,0.0
2015-09-14 00:00:00+09:00,3139.1076795414215,3187.67333984375,3139.1076795414215,3187.67333984375,3600,0.0,0.0
2015-09-15 00:00:00+09:00,3125.862780761719,3178.843505859375,3117.0326599121095,3178.843505859375,2500,0.0,0.0
2015-09-16 00:00:00+09:00,3130.278124455954,3174.4287326993385,3130.278124455954,3170.013671875,1700,0.0,0.0
2015-09-17 00:00:00+09:00,3170.0135761849833,3328.9557610633387,3170.0135761849833,3289.22021484375,10800,0.0,0.0
2015-09-18 00:00:00+09:00,3271.5598931430786,3328.95568074208,3112.6177120996904,3205.333984375,9900,0.0,0.0
2015-09-24 00:00:00+09:00,3130.277822587415,3130.277822587415,2962.505527441686,3081.712158203125,6800,0.0,0.0
2015-09-25 00:00:00+09:00,3072.882016161481,3117.0326198419616,2975.7506880644223,3086.127197265625,9500,0.0,0.0
2015-09-28 00:00:00+09:00,3113.7055598078546,3291.631591796875,3113.7055598078546,3291.631591796875,10600,26.0,0.0
2015-09-29 00:00:00+09:00,3202.668698489011,3242.7020572201236,3118.153830056662,3238.25390625,4600,0.0,0.0
2015-09-30 00:00:00+09:00,3233.806027434593,3233.806027434593,3060.328125,3060.328125,18600,0.0,0.0
2015-10-01 00:00:00+09:00,3127.0502558020908,3184.876220703125,3073.6724420472897,3184.876220703125,3000,0.0,0.0
2015-10-02 00:00:00+09:00,3233.805883311693,3233.805883311693,3144.8428603870243,3184.876220703125,1200,0.0,0.0
2015-10-05 00:00:00+09:00,3175.9799184106582,3216.013278726759,3158.1873138257247,3184.876220703125,4100,0.0,0.0
2015-10-06 00:00:00+09:00,3207.1168548926876,3238.2539117363062,3167.08349609375,3167.08349609375,8500,0.0,0.0
2015-10-07 00:00:00+09:00,3167.0837243121605,3322.7690197488537,3167.0837243121605,3273.83935546875,3500,0.0,0.0
2015-10-08 00:00:00+09:00,3229.357270408163,3309.4239795918365,3229.357270408163,3269.390625,3700,0.0,0.0
2015-10-09 00:00:00+09:00,3269.391015625,3362.8021875,3269.391015625,3336.11328125,8000,0.0,0.0
2015-10-13 00:00:00+09:00,3456.213498632062,3491.7987083991875,3371.698625435139,3474.006103515625,10600,0.0,0.0
2015-10-14 00:00:00+09:00,3411.7316594148806,3478.4539213330336,3380.594603853076,3398.38720703125,7600,0.0,0.0
2015-10-15 00:00:00+09:00,3336.1129153628563,3451.764829762102,3318.320313147588,3353.905517578125,4500,0.0,0.0
2015-10-16 00:00:00+09:00,3331.664430818393,3376.1459318974103,3331.664430818393,3349.45703125,3500,0.0,0.0
2015-10-19 00:00:00+09:00,3349.457664883014,3487.350344313789,3349.457664883014,3451.76513671875,9800,0.0,0.0
2015-10-20 00:00:00+09:00,3420.628410525438,3647.484130859375,3389.4913508717605,3647.484130859375,13600,0.0,0.0
2015-10-21 00:00:00+09:00,3585.2098745539915,3585.2098745539915,3505.1431527897585,3545.176513671875,5700,0.0,0.0
2015-10-22 00:00:00+09:00,3522.9357040229884,3562.969064295977,3474.006041467114,3482.90234375,7600,0.0,0.0
2015-10-23 00:00:00+09:00,3500.6948535774327,3567.417118893394,3500.6948535774327,3514.039306640625,5000,0.0,0.0
2015-10-26 00:00:00+09:00,3594.105774077233,3603.0020754982165,3562.968719103792,3585.20947265625,3000,0.0,0.0
2015-10-27 00:00:00+09:00,3558.5209912592823,3594.106201171875,3549.624688781134,3594.106201171875,1200,0.0,0.0
2015-10-28 00:00:00+09:00,3531.8322190028157,3554.072976049433,3496.247007728228,3505.143310546875,5200,0.0,0.0
2015-10-29 00:00:00+09:00,3460.6613470262096,3554.0725144909275,3447.31689453125,3447.31689453125,6700,0.0,0.0
2015-10-30 00:00:00+09:00,3456.2135134256596,3456.2135134256596,3122.6021704309046,3140.394775390625,24000,0.0,0.0
2015-11-02 00:00:00+09:00,3113.7057291666665,3113.7057291666665,3002.501953125,3002.501953125,10300,0.0,0.0
2015-11-04 00:00:00+09:00,3002.502082375919,3020.294687308517,2877.953847847733,2949.124267578125,7600,0.0,0.0
2015-11-05 00:00:00+09:00,2953.5726355350375,2989.1578480113635,2900.194816820549,2935.780029296875,5300,0.0,0.0
2015-11-06 00:00:00+09:00,2998.054052075525,2998.054052075525,2940.22808371205,2966.9169921875,5300,0.0,0.0
2015-11-09 00:00:00+09:00,2966.916777197994,2989.157532649254,2949.124172836987,2980.26123046875,13600,0.0,0.0
2015-11-10 00:00:00+09:00,2980.261446425225,2993.60590066295,2958.0206893623504,2966.9169921875,6500,0.0,0.0
2015-11-11 00:00:00+09:00,2966.9169353075363,2971.365086634834,2917.987270707262,2940.22802734375,6100,0.0,0.0
2015-11-12 00:00:00+09:00,2940.22802734375,2966.9169353075363,2926.883573361857,2940.22802734375,2800,0.0,0.0
2015-11-13 00:00:00+09:00,2935.7799322994756,2966.9169921875,2926.8836294743255,2966.9169921875,2900,0.0,0.0
2015-11-16 00:00:00+09:00,2935.7794495091994,2935.7794495091994,2891.297942698454,2931.331298828125,4300,0.0,0.0
2015-11-17 00:00:00+09:00,2935.779572697996,2958.0203270366173,2909.0906674916505,2913.538818359375,6500,0.0,0.0
2015-11-18 00:00:00+09:00,2935.7798760164524,2953.572481325643,2931.3317246891547,2940.22802734375,6600,0.0,0.0
2015-11-19 00:00:00+09:00,2953.572481325643,2962.4687839802386,2940.22802734375,2940.22802734375,7800,0.0,0.0
2015-11-20 00:00:00+09:00,2953.5725379497753,2971.365143600075,2953.5725379497753,2966.9169921875,7300,0.0,0.0
2015-11-24 00:00:00+09:00,2966.91709021366,2980.261544892282,2935.780029296875,2935.780029296875,12900,0.0,0.0
2015-11-25 00:00:00+09:00,2958.0198394275103,2984.708740234375,2958.0198394275103,2984.708740234375,10700,0.0,0.0
2015-11-26 00:00:00+09:00,2984.7093256508433,2984.7093256508433,2909.0907585330124,2917.987060546875,16100,0.0,0.0
2015-11-27 00:00:00+09:00,2922.435369190992,3113.705872806232,2922.435369190992,3104.8095703125,12200,0.0,0.0
2015-11-30 00:00:00+09:00,3104.809263412562,3153.7389222915563,3100.3611126053806,3149.290771484375,8700,0.0,0.0
2015-12-01 00:00:00+09:00,3149.291077870485,3149.291077870485,3073.672506791674,3140.394775390625,4000,0.0,0.0
2015-12-02 00:00:00+09:00,3144.8424107142855,3304.9758290816326,3131.497959183673,3269.390625,18300,0.0,0.0
2015-12-03 00:00:00+09:00,3202.6687736401295,3256.0465865341316,3046.983486032623,3087.016845703125,18200,0.0,0.0
2015-12-04 00:00:00+09:00,3104.809320085267,3260.4946011783677,3104.809320085267,3211.56494140625,31000,0.0,0.0
2015-12-07 00:00:00+09:00,3211.565068634463,3211.565068634463,3109.2575941488776,3158.187255859375,7400,0.0,0.0
2015-12-08 00:00:00+09:00,3202.6686396295013,3224.909394071373,3118.1537727503896,3211.56494140625,14300,0.0,0.0
2015-12-09 00:00:00+09:00,3211.5650617951533,3287.1836297321584,3184.8761554644457,3229.357666015625,25300,0.0,0.0
2015-12-10 00:00:00+09:00,3229.3577321654593,3229.3577321654593,3127.0502558020908,3184.876220703125,6100,0.0,0.0
2015-12-11 00:00:00+09:00,3140.3947174944196,3162.6354732840405,3113.705810546875,3113.705810546875,6800,0.0,0.0
2015-12-14 00:00:00+09:00,2958.0202312858737,3073.672150103066,2944.6757791146592,3051.431396484375,7500,0.0,0.0
2015-12-15 00:00:00+09:00,3113.7060617435873,3113.7060617435873,2998.054122307397,3078.120849609375,8700,0.0,0.0
2015-12-16 00:00:00+09:00,3015.846435546875,3082.568701820036,2966.916773613224,3015.846435546875,17600,0.0,0.0
2015-12-17 00:00:00+09:00,3069.2241531706204,3069.2241531706204,3024.7426437043796,3046.9833984375,13200,0.0,0.0
2015-12-18 00:00:00+09:00,3046.9830295058273,3046.9830295058273,2980.260773385262,2993.605224609375,4100,0.0,0.0
2015-12-21 00:00:00+09:00,2931.331453951322,2940.227755784255,2860.1610392878606,2891.298095703125,24000,0.0,0.0
2015-12-22 00:00:00+09:00,2891.2988395334405,2922.435903959185,2833.4728627427717,2855.713623046875,17600,0.0,0.0
2015-12-24 00:00:00+09:00,2855.712900230533,2855.712900230533,2695.579466572746,2713.3720703125,24500,0.0,0.0
2015-12-25 00:00:00+09:00,2713.3720703125,2713.3720703125,2713.3720703125,2713.3720703125,0,0.0,0.0
2015-12-28 00:00:00+09:00,2793.4389359375,2824.575994140625,2753.405575390625,2780.094482421875,5700,0.0,0.0
2015-12-29 00:00:00+09:00,2748.9571816683947,2820.127594138774,2748.9571816683947,2815.679443359375,15000,0.0,0.0
2015-12-30 00:00:00+09:00,2820.1272918084173,2877.953245741398,2788.990239690659,2860.16064453125,7200,0.0,0.0
2016-01-04 00:00:00+09:00,2855.7124942287132,2940.227349976915,2837.9198930185653,2860.16064453125,2900,0.0,0.0
2016-01-05 00:00:00+09:00,2909.091372250048,2966.9173475394223,2837.9209411246648,2900.195068359375,9000,0.0,0.0
2016-01-06 00:00:00+09:00,2855.7127075195312,2922.4349670410156,2797.886749267578,2811.231201171875,2900,0.0,0.0
2016-01-07 00:00:00+09:00,2757.85358926635,2766.7498911672087,2644.870555125438,2666.2216796875,13900,0.0,0.0
2016-01-08 00:00:00+09:00,2666.2213847430453,2677.78657593479,2616.402099609375,2616.402099609375,9800,0.0,0.0
2016-01-12 00:00:00+09:00,2618.181998412872,2618.181998412872,2539.004900941331,2539.89453125,9700,0.0,0.0
2016-01-13 00:00:00+09:00,2544.3423418168727,2659.1046362554657,2544.3423418168727,2606.616455078125,3900,0.0,0.0
2016-01-14 00:00:00+09:00,2604.837131574303,2604.837131574303,2516.7637449534504,2520.322265625,4000,0.0,0.0
2016-01-15 00:00:00+09:00,2529.218984561406,2570.1419790354917,2496.3026629192073,2516.76416015625,5300,0.0,0.0
2016-01-18 00:00:00+09:00,2490.964286934925,2490.964286934925,2435.807220581366,2440.25537109375,4300,0.0,0.0
2016-01-19 00:00:00+09:00,2428.6907002362723,2445.593675805682,2410.898094373735,2418.01513671875,6500,0.0,0.0
2016-01-20 00:00:00+09:00,2428.690321079487,2428.690321079487,2330.8310041129143,2387.767333984375,6200,0.0,0.0
2016-01-21 00:00:00+09:00,2432.2495475801484,2432.2495475801484,2297.0257248909816,2301.473876953125,10000,0.0,0.0
2016-01-22 00:00:00+09:00,2299.6942036091777,2346.8446070100626,2269.446775012384,2329.052001953125,8200,0.0,0.0
2016-01-25 00:00:00+09:00,2373.533036697743,2497.1916169454885,2373.533036697743,2448.261962890625,8000,0.0,0.0
2016-01-26 00:00:00+09:00,2479.3993620215583,2609.2853709398028,2463.386018456295,2595.94091796875,4200,0.0,0.0
2016-01-27 00:00:00+09:00,2597.7203288775554,2621.740345617177,2558.576597894469,2567.472900390625,5900,0.0,0.0
2016-01-28 00:00:00+09:00,2624.409094472622,2624.409094472622,2536.335704522524,2548.79052734375,5200,0.0,0.0
2016-01-29 00:00:00+09:00,2561.245135498047,2561.245135498047,2410.008013916016,2490.96435546875,9900,0.0,0.0
2016-02-01 00:00:00+09:00,2446.4828171502973,2446.4828171502973,2286.349396391369,2335.279052734375,20200,0.0,0.0
2016-02-02 00:00:00+09:00,2335.2796204696747,2335.2796204696747,2244.53732664571,2255.212890625,8100,0.0,0.0
2016-02-03 00:00:00+09:00,2255.212280990093,2274.7841429947407,2226.7441180742417,2273.0048828125,7000,0.0,0.0
2016-02-04 00:00:00+09:00,2250.7641784836774,2318.376066849195,2250.7641784836774,2251.65380859375,8300,0.0,0.0
2016-02-05 00:00:00+09:00,2251.6543202075536,2264.9987748907274,2168.918701171875,2168.918701171875,8300,0.0,0.0
2016-02-08 00:00:00+09:00,2105.7551800772044,2264.9990234375,2100.4173976182,2264.9990234375,9900,0.0,0.0
2016-02-09 00:00:00+09:00,2190.2696350643773,2190.2696350643773,2055.935469794385,2087.962158203125,5700,0.0,0.0
2016-02-10 00:00:00+09:00,2055.0456570586466,2099.5271647871887,1966.0826416015625,1966.0826416015625,8900,0.0,0.0
2016-02-12 00:00:00+09:00,1859.3269653320312,1888.6847595214845,1780.1498840332033,1814.845458984375,15000,0.0,0.0
2016-02-15 00:00:00+09:00,1850.4306879258695,1911.8151674772564,1833.5277152957774,1893.1329345703125,18500,0.0,0.0
2016-02-16 00:00:00+09:00,1920.711637168577,1990.992424262749,1918.932376735813,1942.952392578125,6700,0.0,0.0
2016-02-17 00:00:00+09:00,1942.952510178257,1956.296964231679,1845.0931804531617,1894.9124755859375,16800,0.0,0.0
2016-02-18 00:00:00+09:00,1967.8620016935438,1974.0894130913082,1919.82197091079,1941.173095703125,3300,0.0,0.0
2016-02-19 00:00:00+09:00,1941.1734302662037,2055.046115451389,1941.1734302662037,2041.70166015625,3600,0.0,0.0
2016-02-22 00:00:00+09:00,2019.4606622381525,2117.3199894831732,2019.4606622381525,2023.9088134765625,2600,0.0,0.0
2016-02-23 00:00:00+09:00,2024.7983998643235,2066.611020599659,2007.0057952960958,2033.6947021484375,2000,0.0,0.0
2016-02-24 00:00:00+09:00,2033.6948038917183,2049.7081488042513,2008.78515625,2008.78515625,2500,0.0,0.0
2016-02-25 00:00:00+09:00,2001.6679545907018,2058.604287521282,1962.5242257009281,2024.79833984375,3600,0.0,0.0
2016-02-26 00:00:00+09:00,2002.5577903620067,2079.955625884661,2002.5577903620067,2023.019287109375,3600,0.0,0.0
2016-02-29 00:00:00+09:00,1983.8752837510874,2079.955342336342,1983.8752837510874,2045.259765625,2100,0.0,0.0
2016-03-01 00:00:00+09:00,2027.467223401151,2036.363525390625,2004.3368382285182,2036.363525390625,1000,0.0,0.0
2016-03-02 00:00:00+09:00,2047.0394332594847,2088.852059666784,2046.1498029103932,2053.266845703125,4000,0.0,0.0
2016-03-03 00:00:00+09:00,2046.1495121741204,2098.6376953125,2046.1495121741204,2098.6376953125,2300,0.0,0.0
2016-03-04 00:00:00+09:00,2099.5271909685516,2144.008699251784,2090.6308893119053,2103.975341796875,4800,0.0,0.0
2016-03-07 00:00:00+09:00,2192.9385589305803,2192.9385589305803,2110.202945956729,2125.32666015625,800,0.0,0.0
2016-03-08 00:00:00+09:00,2166.249735776349,2188.490492817174,2130.664524511029,2141.340087890625,1200,0.0,0.0
2016-03-09 00:00:00+09:00,2134.222852750931,2141.3398943607717,2119.09913933002,2119.98876953125,1300,0.0,0.0
2016-03-10 00:00:00+09:00,2130.6643360185426,2152.0154608888743,2119.9887735833763,2144.0087890625,6500,0.0,0.0
2016-03-11 00:00:00+09:00,2188.490197823434,2188.490197823434,2144.0086897375913,2186.7109375,1500,0.0,0.0
2016-03-14 00:00:00+09:00,2192.9383893694194,2203.613951508338,2116.4301940405066,2117.31982421875,7200,0.0,0.0
2016-03-15 00:00:00+09:00,2125.3266419581632,2135.1125745917084,2073.728088072197,2124.43701171875,5800,0.0,0.0
2016-03-16 00:00:00+09:00,2124.4369348615824,2126.2161952760393,2074.617643256788,2096.8583984375,4000,0.0,0.0
2016-03-17 00:00:00+09:00,2141.339690801868,2144.0085811518497,2109.3130066020894,2110.20263671875,800,0.0,0.0
2016-03-18 00:00:00+09:00,2087.072265625,2136.891552442988,2010.5640751545182,2087.072265625,5600,0.0,0.0
2016-03-22 00:00:00+09:00,2087.0722599260107,2134.22265625,2087.0722599260107,2134.22265625,4900,0.0,0.0
2016-03-23 00:00:00+09:00,2134.22279760537,2152.9050313484768,2100.4168508321295,2117.31982421875,3100,0.0,0.0
2016-03-24 00:00:00+09:00,2148.456880457261,2168.918374556854,2095.0790697626708,2117.31982421875,11700,0.0,0.0
2016-03-25 00:00:00+09:00,2092.4101496432345,2111.092383122192,2092.4101496432345,2103.975341796875,4000,0.0,0.0
2016-03-28 00:00:00+09:00,2147.5671143181935,2185.8212095608123,2143.1189637085868,2158.24267578125,1800,0.0,0.0
2016-03-29 00:00:00+09:00,2248.2074828047935,2249.1071256550554,2178.035340484356,2188.8310546875,1700,27.0,0.0
2016-03-30 00:00:00+09:00,2201.4254434937975,2222.1172233059583,2192.42901748851,2196.027587890625,3000,0.0,0.0
2016-03-31 00:00:00+09:00,2243.70852739383,2282.3931571764824,2209.5221103766025,2245.5078125,1800,0.0,0.0
2016-04-01 00:00:00+09:00,2285.0927693360195,2285.0927693360195,2132.1534894985693,2142.049560546875,1700,0.0,0.0
2016-04-04 00:00:00+09:00,2105.1639074235513,2114.160334378353,2096.16748046875,2096.16748046875,1800,0.0,0.0
2016-04-05 00:00:00+09:00,2069.1779167503187,2074.5757721853192,2022.3965029803112,2030.4932861328125,2800,0.0,0.0
2016-04-06 00:00:00+09:00,2075.475788074814,2075.475788074814,1895.5472412109375,1895.5472412109375,2300,0.0,0.0
2016-04-07 00:00:00+09:00,1919.8373950542432,1961.2209565221417,1895.547043757868,1898.2459716796875,5400,0.0,0.0
2016-04-08 00:00:00+09:00,1898.2461660230974,1908.1422360829336,1871.2568840417264,1881.1529541015625,10400,0.0,0.0
2016-04-11 00:00:00+09:00,1888.3500612059252,1893.7479175028454,1864.9593505859375,1864.9593505859375,10100,0.0,0.0
2016-04-12 00:00:00+09:00,1846.0668875257802,1882.052596834275,1835.2711747332316,1881.1529541015625,7300,0.0,0.0
2016-04-13 00:00:00+09:00,1979.2141590444141,2018.7984422253023,1844.2677391095676,1896.447021484375,6400,0.0,0.0
2016-04-14 00:00:00+09:00,1896.4469120032659,1954.0240478515625,1876.654771555414,1954.0240478515625,2600,0.0,0.0
2016-04-15 00:00:00+09:00,1954.0238371655878,1975.615260780677,1909.0417046341515,1963.020263671875,1500,0.0,0.0
2016-04-18 00:00:00+09:00,1976.514718061521,1976.514718061521,1924.33544921875,1924.33544921875,1700,0.0,0.0
2016-04-19 00:00:00+09:00,1924.3361526003848,1964.8200828794952,1924.3361526003848,1951.325439453125,4500,0.0,0.0
2016-04-20 00:00:00+09:00,1951.3248167462677,1999.905517578125,1949.525531530273,1999.905517578125,2200,0.0,0.0
2016-04-21 00:00:00+09:00,1954.9237369230423,2016.9990879804238,1954.9237369230423,1956.7230224609375,5300,0.0,0.0
2016-04-22 00:00:00+09:00,1959.421832211319,1979.2139719306253,1959.421832211319,1971.1171875,1300,0.0,0.0
2016-04-25 00:00:00+09:00,1979.213787328417,1979.213787328417,1925.2352294921877,1925.2352294921875,2000,0.0,0.0
2016-04-26 00:00:00+09:00,1925.2351181893428,1969.317604540407,1876.6544189453125,1876.6544189453125,2400,0.0,0.0
2016-04-27 00:00:00+09:00,1893.7478938082315,1899.1457500376137,1891.0489656935406,1891.9486083984375,700,0.0,0.0
2016-04-28 00:00:00+09:00,1902.744501913275,1929.7337856283568,1873.9559326171875,1873.9559326171875,2000,0.0,0.0
2016-05-02 00:00:00+09:00,1817.278321997889,1827.1743920681745,1808.2818946612658,1824.4754638671875,1900,0.0,0.0
2016-05-06 00:00:00+09:00,1869.4576113427368,1869.4576113427368,1803.78369140625,1803.78369140625,4200,0.0,0.0
2016-05-09 00:00:00+09:00,1795.686738798311,1808.281735964231,1795.686738798311,1801.0845947265625,4400,0.0,0.0
2016-05-10 00:00:00+09:00,1826.2748535399055,1828.9737818948906,1801.0848555600448,1809.181640625,3600,0.0,0.0
2016-05-11 00:00:00+09:00,1854.1636426046357,1874.8554251276375,1822.6761474609375,1822.6761474609375,4800,0.0,0.0
2016-05-12 00:00:00+09:00,1844.2675883627667,1844.2675883627667,1822.676162938032,1823.5758056640625,2500,0.0,0.0
2016-05-13 00:00:00+09:00,1824.4754727305801,1889.249749868944,1796.5865478515625,1796.5865478515625,10200,0.0,0.0
2016-05-16 00:00:00+09:00,1831.6725356013899,1832.5721783006047,1792.0882568359375,1792.0882568359375,6200,0.0,0.0
2016-05-17 00:00:00+09:00,1785.7907050135177,1785.7907050135177,1727.31393129771,1767.7978515625,4900,0.0,0.0
2016-05-18 00:00:00+09:00,1767.7979497694432,1811.8804431733631,1755.2029516540374,1794.7872314453125,3000,0.0,0.0
2016-05-19 00:00:00+09:00,1790.2891228590368,1797.4862650614853,1783.9916234318944,1786.6905517578125,10100,0.0,0.0
2016-05-20 00:00:00+09:00,1781.2926923877696,1805.5830472839666,1772.2962646484375,1772.2962646484375,9000,0.0,0.0
2016-05-23 00:00:00+09:00,1772.2962774486493,1785.7909191551112,1754.3034218400337,1758.8016357421875,7100,0.0,0.0
2016-05-24 00:00:00+09:00,1764.1991351884665,1765.0987777867267,1745.306640625,1745.306640625,4800,0.0,0.0
2016-05-25 00:00:00+09:00,1747.106102773932,1778.5935969021955,1747.106102773932,1776.7943115234375,1900,0.0,0.0
2016-05-26 00:00:00+09:00,1812.7800858958922,1812.7800858958922,1765.9986643243851,1794.7872314453125,7600,0.0,0.0
2016-05-27 00:00:00+09:00,1785.7908455675738,1798.3858439745995,1775.894775390625,1775.894775390625,7400,0.0,0.0
2016-05-30 00:00:00+09:00,1800.1850998387192,1800.1850998387192,1777.6940316248422,1781.2926025390625,7900,0.0,0.0
2016-05-31 00:00:00+09:00,1784.8910449080622,1933.332084429146,1784.8910449080622,1908.14208984375,26500,0.0,0.0
2016-06-01 00:00:00+09:00,1863.1600031458624,1907.2424947702696,1788.489660190234,1861.3607177734375,25900,0.0,0.0
2016-06-02 00:00:00+09:00,1817.2784269653139,1846.0669961053584,1816.3787841796875,1816.3787841796875,4000,0.0,0.0
2016-06-03 00:00:00+09:00,1816.3785198566081,1826.2745890584024,1799.2853094171453,1801.0845947265625,7000,0.0,0.0
2016-06-06 00:00:00+09:00,1783.091952758789,1835.2712329101562,1780.3930244750975,1799.2855224609375,4200,0.0,0.0
2016-06-07 00:00:00+09:00,1833.4719017884975,1833.4719017884975,1803.78369140625,1803.78369140625,2400,0.0,0.0
2016-06-08 00:00:00+09:00,1833.4719532643717,1835.2712387925997,1800.185170992153,1828.0740966796875,1700,0.0,0.0
2016-06-09 00:00:00+09:00,1830.7730249720296,1851.464808546652,1819.0776690385474,1828.0740966796875,2600,0.0,0.0
2016-06-10 00:00:00+09:00,1828.0739058991392,1864.0596127081774,1784.8910577282934,1802.8839111328125,9000,0.0,0.0
2016-06-13 00:00:00+09:00,1783.091965252086,1819.07767595344,1777.694108646883,1785.7908935546875,3900,0.0,0.0
2016-06-14 00:00:00+09:00,1777.6941509674134,1788.4898644348268,1766.8984375,1766.8984375,6100,0.0,0.0
2016-06-15 00:00:00+09:00,1766.898224404724,1787.5900060550848,1766.898224404724,1768.697509765625,4200,0.0,0.0
2016-06-16 00:00:00+09:00,1768.697471557941,1772.296042202006,1670.63642150717,1695.826416015625,3000,0.0,0.0
2016-06-17 00:00:00+09:00,1696.7261247129265,1736.3104033382547,1696.7261247129265,1713.8193359375,2100,0.0,0.0
2016-06-20 00:00:00+09:00,1719.2173051440027,1786.6905117823073,1719.2173051440027,1741.7083740234375,2700,0.0,0.0
2016-06-21 00:00:00+09:00,1746.206608994592,1771.3966064453125,1746.206608994592,1771.3966064453125,1700,0.0,0.0
2016-06-22 00:00:00+09:00,1754.3030666076031,1754.3030666076031,1742.607712830219,1745.306640625,4000,0.0,0.0
2016-06-23 00:00:00+09:00,1745.3068287129306,1763.2996826171875,1742.6079006272919,1763.2996826171875,3600,0.0,0.0
2016-06-24 00:00:00+09:00,1763.2998271372126,1764.1994699061602,1705.7226899245688,1721.916259765625,5800,0.0,0.0
2016-06-27 00:00:00+09:00,1703.923376819405,1739.909086995105,1696.7262347842648,1734.51123046875,2200,0.0,0.0
2016-06-28 00:00:00+09:00,1725.5147184132898,1725.5147184132898,1692.2279381310732,1701.224365234375,3500,0.0,0.0
2016-06-29 00:00:00+09:00,1809.1815150057762,1809.1815150057762,1794.7872314453125,1794.7872314453125,1900,0.0,0.0
2016-06-30 00:00:00+09:00,1792.9880783795825,1803.7837918469959,1760.600937977342,1766.8984375,1900,0.0,0.0
2016-07-01 00:00:00+09:00,1772.2963569424896,1798.3859987451963,1772.2963569424896,1777.6942138671875,500,0.0,0.0
2016-07-04 00:00:00+09:00,1780.3929190190063,1812.7800565049506,1780.3929190190063,1800.18505859375,2300,0.0,0.0
2016-07-05 00:00:00+09:00,1808.2818429652361,1808.2818429652361,1799.2854158858072,1800.18505859375,1100,0.0,0.0
2016-07-06 00:00:00+09:00,1801.0849600804365,1801.0849600804365,1757.002461057489,1793.8878173828125,1700,0.0,0.0
2016-07-07 00:00:00+09:00,1796.586414865407,1796.586414865407,1760.6007080078125,1760.6007080078125,600,0.0,0.0
2016-07-08 00:00:00+09:00,1762.4000752820048,1781.2925722605255,1722.8157958984375,1722.8157958984375,9400,0.0,0.0
2016-07-11 00:00:00+09:00,1722.8157958984375,1722.8157958984375,1722.8157958984375,1722.8157958984375,0,0.0,0.0
2016-07-12 00:00:00+09:00,1831.6726271305026,1831.6726271305026,1770.49692052693,1783.0919189453125,2100,0.0,0.0
2016-07-13 00:00:00+09:00,1844.2673861449834,1844.2673861449834,1801.984182657757,1819.077392578125,5100,0.0,0.0
2016-07-14 00:00:00+09:00,1812.7799299651501,1842.4681372549019,1812.7799299651501,1835.27099609375,1900,0.0,0.0
2016-07-15 00:00:00+09:00,1840.6691550075416,1840.6691550075416,1781.2927306524596,1817.2784423828125,4800,0.0,0.0
2016-07-19 00:00:00+09:00,1840.6692509051068,1853.2642506669208,1818.1781799018675,1844.267822265625,4400,0.0,0.0
2016-07-20 00:00:00+09:00,1844.2676777148065,1885.6512451171875,1844.2676777148065,1885.6512451171875,2200,0.0,0.0
2016-07-21 00:00:00+09:00,1873.9556641784814,1934.2317225077938,1873.9556641784814,1893.747802734375,3800,0.0,0.0
2016-07-22 00:00:00+09:00,1890.149265800402,1890.149265800402,1838.8696331727851,1853.263916015625,1000,0.0,0.0
2016-07-25 00:00:00+09:00,1853.264015623073,1854.1636583491036,1823.5758056640625,1823.5758056640625,1300,0.0,0.0
2016-07-26 00:00:00+09:00,1823.575779065324,1823.575779065324,1764.1993600133696,1779.4932861328125,1300,0.0,0.0
2016-07-27 00:00:00+09:00,1779.49325904693,1799.2853984296562,1779.49325904693,1792.0882568359375,3600,0.0,0.0
2016-07-28 00:00:00+09:00,1871.2569272917708,1871.2569272917708,1769.5972961456314,1798.3858642578125,4300,0.0,0.0
2016-07-29 00:00:00+09:00,1801.9843802393277,1868.5579419655933,1794.7872384310826,1823.5758056640625,10900,0.0,0.0
2016-08-01 00:00:00+09:00,1853.263916015625,1871.2567695691748,1803.783568743363,1853.263916015625,4500,0.0,0.0
2016-08-02 00:00:00+09:00,1817.2782467457534,1862.2603815661928,1817.2782467457534,1827.17431640625,3800,0.0,0.0
2016-08-03 00:00:00+09:00,1827.174242869177,1827.174242869177,1787.5899658203125,1787.5899658203125,1300,0.0,0.0
2016-08-04 00:00:00+09:00,1787.590323337462,1844.267822265625,1787.590323337462,1844.267822265625,1300,0.0,0.0
2016-08-05 00:00:00+09:00,1844.267726180577,1844.267726180577,1817.2784423828125,1817.2784423828125,200,0.0,0.0
2016-08-08 00:00:00+09:00,1826.274669713477,1827.1743124079171,1812.780029296875,1812.780029296875,2800,0.0,0.0
2016-08-09 00:00:00+09:00,1816.378571085149,1826.2746405660487,1816.378571085149,1818.1778564453125,400,0.0,0.0
2016-08-10 00:00:00+09:00,1842.4682716049383,1842.4682716049383,1819.0775611255788,1821.7764892578125,600,0.0,0.0
2016-08-12 00:00:00+09:00,1823.5758382041606,1835.2711938512518,1823.5758382041606,1832.572265625,700,0.0,0.0
2016-08-15 00:00:00+09:00,1848.7656058908624,1929.7334426452067,1848.7656058908624,1925.2352294921875,3800,0.0,0.0
2016-08-16 00:00:00+09:00,1934.2318849865667,2051.1854408229638,1934.2318849865667,1988.21044921875,19400,0.0,0.0
2016-08-17 00:00:00+09:00,1997.2067004145408,2204.12451171875,1988.210273836097,2204.12451171875,30500,0.0,0.0
2016-08-18 00:00:00+09:00,2242.8091460060587,2242.8091460060587,2172.6370186941967,2204.12451171875,15300,0.0,0.0
2016-08-19 00:00:00+09:00,2161.841277478785,2199.6262685957677,2070.9773702688985,2160.0419921875,7800,0.0,0.0
2016-08-22 00:00:00+09:00,2115.9594309480153,2115.9594309480153,2025.9951694281167,2085.37158203125,900,0.0,0.0
2016-08-23 00:00:00+09:00,2043.9884812636762,2124.056692017403,2043.9884812636762,2055.683837890625,3800,0.0,0.0
2016-08-24 00:00:00+09:00,2042.1889203082073,2068.2785584971666,2042.1889203082073,2046.6871337890625,1100,0.0,0.0
2016-08-25 00:00:00+09:00,2028.6943479265485,2043.0886315482003,2015.19970703125,2015.19970703125,1600,0.0,0.0
2016-08-26 00:00:00+09:00,2195.1279329950785,2204.1243589499763,2097.0668900866917,2124.955810546875,13600,0.0,0.0
2016-08-29 00:00:00+09:00,2183.432610196689,2186.131538021407,2037.6905076619287,2042.188720703125,9400,0.0,0.0
2016-08-30 00:00:00+09:00,2047.5869589989954,2092.569097817075,2038.5905312353796,2043.0887451171875,3000,0.0,0.0
2016-08-31 00:00:00+09:00,2055.6837971166237,2191.5298598582476,2055.6837971166237,2181.6337890625,5400,0.0,0.0
2016-09-01 00:00:00+09:00,2145.647519954965,2178.034652331644,2115.9593152763427,2177.135009765625,3500,0.0,0.0
2016-09-02 00:00:00+09:00,2177.135009765625,2184.3321502937756,2159.142158445248,2177.135009765625,1400,0.0,0.0
2016-09-05 00:00:00+09:00,2142.049112625184,2249.1065861247207,2142.049112625184,2214.920166015625,5700,0.0,0.0
2016-09-06 00:00:00+09:00,2172.637145059428,2241.009991032313,2166.3396460882414,2169.03857421875,4300,0.0,0.0
2016-09-07 00:00:00+09:00,2141.149886950268,2141.149886950268,2131.2538160441954,2140.250244140625,1500,0.0,0.0
2016-09-08 00:00:00+09:00,2128.554697815801,2171.737548828125,2122.257198709837,2171.737548828125,3400,0.0,0.0
2016-09-09 00:00:00+09:00,2171.7374906610676,2213.1210551061417,2171.7374906610676,2182.533203125,2200,0.0,0.0
2016-09-12 00:00:00+09:00,2139.3504473119,2216.7197233711195,2138.4508045670254,2202.325439453125,4000,0.0,0.0
2016-09-13 00:00:00+09:00,2167.2389415394177,2239.2103468209257,2158.242515879229,2177.135009765625,3100,0.0,0.0
2016-09-14 00:00:00+09:00,2161.8411690705334,2219.418295504372,2161.8411690705334,2196.027587890625,2300,0.0,0.0
2016-09-15 00:00:00+09:00,2164.540437812047,2204.1247184702893,2164.540437812047,2173.536865234375,1300,0.0,0.0
2016-09-16 00:00:00+09:00,2186.131637081023,2231.11376953125,2160.0420002598917,2231.11376953125,3700,0.0,0.0
2016-09-20 00:00:00+09:00,2236.511976453993,2236.511976453993,2137.55126953125,2137.55126953125,1900,0.0,0.0
2016-09-21 00:00:00+09:00,2142.049142713671,2216.719482421875,2142.049142713671,2216.719482421875,500,0.0,0.0
2016-09-23 00:00:00+09:00,2171.7376386036294,2213.1212058678243,2154.6444260379835,2162.7412109375,1600,0.0,0.0
2016-09-26 00:00:00+09:00,2212.2214751318156,2212.2214751318156,2169.038624051569,2186.1318359375,1100,0.0,0.0
2016-09-27 00:00:00+09:00,2199.6267501831053,2199.6267501831053,2157.3435365804035,2159.142822265625,1000,0.0,0.0
2016-09-28 00:00:00+09:00,2173.694226581798,2209.16455078125,2173.694226581798,2209.16455078125,1200,26.0,0.0
2016-09-29 00:00:00+09:00,2200.979263117284,2210.07421875,2200.979263117284,2210.07421875,500,0.0,0.0
2016-09-30 00:00:00+09:00,2210.0742036173165,2210.0742036173165,2173.69438133555,2200.979248046875,500,0.0,0.0
2016-10-03 00:00:00+09:00,2155.5047676809213,2180.0611511101974,2155.5047676809213,2160.05224609375,1200,0.0,0.0
2016-10-04 00:00:00+09:00,2205.5267258320955,2205.5267258320955,2160.9614435369317,2200.979248046875,1900,0.0,0.0
2016-10-05 00:00:00+09:00,2200.9787881540697,2200.9787881540697,2150.95654296875,2150.95654296875,3600,0.0,0.0
2016-10-06 00:00:00+09:00,2194.6130803837823,2195.5225760656654,2146.409809243981,2190.97509765625,2300,0.0,0.0
2016-10-07 00:00:00+09:00,2190.974982766544,2191.8844784007356,2142.7717141544117,2164.599609375,1000,0.0,0.0
2016-10-11 00:00:00+09:00,2164.599666675398,2194.613023398208,2162.7806753588643,2170.056640625,2300,0.0,0.0
2016-10-12 00:00:00+09:00,2130.038538416852,2195.522216796875,2130.038538416852,2195.522216796875,500,0.0,0.0
2016-10-13 00:00:00+09:00,2150.047693637919,2174.604075925662,2142.771728515625,2142.771728515625,700,0.0,0.0
2016-10-14 00:00:00+09:00,2141.8621050756683,2169.14697265625,2141.8621050756683,2169.14697265625,2700,0.0,0.0
2016-10-17 00:00:00+09:00,2155.504019803779,2168.2369549418604,2147.3185615007264,2150.95654296875,1200,0.0,0.0
2016-10-18 00:00:00+09:00,2137.314966566951,2182.789753089652,2137.314966566951,2170.96630859375,2800,0.0,0.0
2016-10-19 00:00:00+09:00,2170.965441042878,2170.965441042878,2142.7710846656973,2150.95654296875,1500,0.0,0.0
2016-10-20 00:00:00+09:00,2141.8622618430095,2141.8622618430095,2130.038818359375,2130.038818359375,600,0.0,0.0
2016-10-21 00:00:00+09:00,2130.948256712322,2155.504638671875,2130.948256712322,2155.504638671875,700,0.0,0.0
2016-10-24 00:00:00+09:00,2123.6721503272224,2181.879866653108,2123.6721503272224,2157.323486328125,1800,0.0,0.0
2016-10-25 00:00:00+09:00,2121.8532861741924,2146.40966796875,2121.8532861741924,2146.40966796875,600,0.0,0.0
2016-10-26 00:00:00+09:00,2146.4093679157,2168.237259792809,2146.4093679157,2156.413818359375,400,0.0,0.0
2016-10-27 00:00:00+09:00,2158.2328675317826,2177.3322734391436,2158.2328675317826,2161.870849609375,1700,0.0,0.0
2016-10-28 00:00:00+09:00,2146.4095593078637,2271.9199487928154,2146.4095593078637,2243.7255859375,3300,0.0,0.0
2016-10-31 00:00:00+09:00,2363.7792264774484,2418.3489662191364,2294.657556137977,2318.304443359375,5400,0.0,0.0
2016-11-01 00:00:00+09:00,2364.688578071652,2410.163358419184,2328.3087537936267,2397.430419921875,5500,0.0,0.0
2016-11-02 00:00:00+09:00,2397.4304627748566,2397.4304627748566,2329.2182910342976,2378.3310546875,1300,0.0,0.0
2016-11-04 00:00:00+09:00,2328.3088094325153,2381.9690515249054,2310.118896858824,2371.964599609375,5100,0.0,0.0
2016-11-07 00:00:00+09:00,2407.434634417472,2537.492493398091,2395.611192691961,2459.27587890625,15200,0.0,0.0
2016-11-08 00:00:00+09:00,2429.2630323553567,2429.2630323553567,2320.1235475621543,2344.679931640625,4800,0.0,0.0
2016-11-09 00:00:00+09:00,2364.6884645061727,2410.1632426697533,2199.160271990741,2210.07421875,8600,0.0,0.0
2016-11-10 00:00:00+09:00,2353.7747732318285,2360.141242865763,2302.8430161603515,2349.227294921875,6400,0.0,0.0
2016-11-11 00:00:00+09:00,2349.227092805456,2363.779022145327,2303.7523136183586,2330.127685546875,2700,0.0,0.0
2016-11-14 00:00:00+09:00,2437.4481374221746,2437.4481374221746,2373.783447265625,2373.783447265625,9200,0.0,0.0
2016-11-15 00:00:00+09:00,2391.973297475377,2436.538579443549,2330.127600050158,2337.403564453125,6300,0.0,0.0
2016-11-16 00:00:00+09:00,2337.4035522178583,2364.6884185861604,2337.4035522178583,2359.2314453125,1200,0.0,0.0
2016-11-17 00:00:00+09:00,2351.955501533554,2431.9911102477663,2351.955501533554,2430.172119140625,6300,0.0,0.0
2016-11-18 00:00:00+09:00,2398.3399155288257,2428.3532705581965,2382.878490210665,2397.430419921875,4100,0.0,0.0
2016-11-21 00:00:00+09:00,2371.055232221364,2409.254050692134,2371.055232221364,2391.9736328125,2700,0.0,0.0
2016-11-22 00:00:00+09:00,2405.6158083878463,2408.3442951270385,2383.787914474308,2398.33984375,2800,0.0,0.0
2016-11-24 00:00:00+09:00,2398.339713980724,2422.896093304759,2346.498468741095,2393.792236328125,7800,0.0,0.0
2016-11-25 00:00:00+09:00,2370.1457365434885,2411.073042047885,2364.6887624762358,2391.9736328125,2600,0.0,0.0
2016-11-28 00:00:00+09:00,2365.5982158983034,2383.788129130893,2365.5982158983034,2380.150146484375,1300,0.0,0.0
2016-11-29 00:00:00+09:00,2391.973301764892,2391.973301764892,2383.787841796875,2383.787841796875,300,0.0,0.0
2016-11-30 00:00:00+09:00,2391.973308554774,2500.203279550218,2391.973308554774,2461.094970703125,6800,0.0,0.0
2016-12-01 00:00:00+09:00,2546.5873912778857,2573.8722561844347,2537.4924363090363,2568.415283203125,7400,0.0,0.0
2016-12-02 00:00:00+09:00,2590.24320447913,2590.24320447913,2546.587420133976,2571.143798828125,3000,0.0,0.0
2016-12-05 00:00:00+09:00,2573.8725432641927,2576.601030059172,2547.497170912722,2549.316162109375,2400,0.0,0.0
2016-12-06 00:00:00+09:00,2554.7733656479368,2573.8727749318837,2546.5879045262454,2555.682861328125,11400,0.0,0.0
2016-12-07 00:00:00+09:00,2601.1575428650444,2601.1575428650444,2569.3251953125,2569.3251953125,600,0.0,0.0
2016-12-08 00:00:00+09:00,2655.727119459181,2655.727119459181,2580.2389855841425,2592.971923828125,4400,0.0,0.0
2016-12-09 00:00:00+09:00,2637.5373391544117,2653.908260569853,2505.6604721966914,2612.98095703125,14400,0.0,0.0
2016-12-12 00:00:00+09:00,2612.981112728479,2683.0122807340804,2612.981112728479,2651.179931640625,7000,0.0,0.0
2016-12-13 00:00:00+09:00,2642.084676381704,2699.3828982791383,2642.084676381704,2692.10693359375,7500,0.0,0.0
2016-12-14 00:00:00+09:00,2718.482213766164,2874.005953663793,2637.537109375,2637.537109375,27500,0.0,0.0
2016-12-15 00:00:00+09:00,2659.3650750393454,2688.468933589708,2635.7181899671764,2636.627685546875,10300,0.0,0.0
2016-12-16 00:00:00+09:00,2619.347468964041,2659.3652775176583,2619.347468964041,2655.727294921875,3700,0.0,0.0
2016-12-19 00:00:00+09:00,2681.192969888653,2695.744899168917,2638.4466776278773,2652.089111328125,5000,0.0,0.0
2016-12-20 00:00:00+09:00,2652.0889730996337,2773.9613744697817,2652.0889730996337,2700.292236328125,5700,0.0,0.0
2016-12-21 00:00:00+09:00,2726.6679988744704,2727.5774945378707,2666.6412850900424,2683.01220703125,7200,0.0,0.0
2016-12-22 00:00:00+09:00,2685.740520982105,2787.604028719997,2666.64111328125,2666.64111328125,12900,0.0,0.0
2016-12-26 00:00:00+09:00,2712.115743240656,2801.246307572508,2712.115743240656,2783.056396484375,5900,0.0,0.0
2016-12-27 00:00:00+09:00,2773.9613064409446,2855.81590236871,2773.9613064409446,2846.720947265625,4100,0.0,0.0
2016-12-28 00:00:00+09:00,2851.2686544565054,2851.2686544565054,2773.961529854016,2837.626220703125,7100,0.0,0.0
2016-12-29 00:00:00+09:00,2755.7715688695926,2819.436258579451,2728.4867018510818,2733.0341796875,11800,0.0,0.0
2016-12-30 00:00:00+09:00,2737.581702243359,2787.6039592610946,2737.581702243359,2760.319091796875,1900,0.0,0.0
2017-01-04 00:00:00+09:00,2773.9617127257507,2833.0789295543323,2746.6768434202518,2801.24658203125,3700,0.0,0.0
2017-01-05 00:00:00+09:00,2796.698974609375,2796.698974609375,2683.012024422002,2796.698974609375,5000,0.0,0.0
2017-01-06 00:00:00+09:00,2769.4139480340673,2810.341247758709,2737.581603803791,2773.96142578125,8300,0.0,0.0
2017-01-10 00:00:00+09:00,2773.96142578125,2805.7937700115267,2764.866470286885,2773.96142578125,4600,0.0,0.0
2017-01-11 00:00:00+09:00,2819.4360193542675,2833.078451705982,2783.0561997496966,2810.341064453125,3400,0.0,0.0
2017-01-12 00:00:00+09:00,2819.4361648928143,2842.173553319369,2769.413910354393,2823.983642578125,10400,0.0,0.0
2017-01-13 00:00:00+09:00,2823.983642578125,2823.983642578125,2801.24625415157,2823.983642578125,2100,0.0,0.0
2017-01-16 00:00:00+09:00,2783.0563812756145,2819.4362032530735,2773.96142578125,2773.96142578125,1900,0.0,0.0
2017-01-17 00:00:00+09:00,2801.2463162164995,2801.2463162164995,2714.84423828125,2714.84423828125,6000,0.0,0.0
2017-01-18 00:00:00+09:00,2676.6452053175276,2683.9211691783976,2553.863315165347,2671.188232421875,3700,0.0,0.0
2017-01-19 00:00:00+09:00,2671.1885897773122,2671.1885897773122,2598.428941434723,2620.2568359375,6000,0.0,0.0
2017-01-20 00:00:00+09:00,2610.252257671553,2713.9347515302834,2610.252257671553,2646.632080078125,10500,0.0,0.0
2017-01-23 00:00:00+09:00,2737.581682477679,2974.0505321269134,2737.581682477679,2896.743408203125,19600,0.0,0.0
2017-01-24 00:00:00+09:00,2878.553374801857,2901.290763228412,2778.5088657250153,2823.983642578125,8300,0.0,0.0
2017-01-25 00:00:00+09:00,2819.4364375,2883.10113125,2773.96165625,2842.173828125,3600,0.0,0.0
2017-01-26 00:00:00+09:00,2864.9110579952116,2887.64844734438,2801.2463678175404,2819.436279296875,4300,0.0,0.0
2017-01-27 00:00:00+09:00,2823.9838419479765,3224.161906507432,2819.4363639416188,3174.1396484375,71900,0.0,0.0
2017-01-30 00:00:00+09:00,3296.9215672326823,3296.9215672326823,3019.52540778276,3105.927490234375,71900,0.0,0.0
2017-01-31 00:00:00+09:00,3055.9052202722064,3274.184164577364,3042.262786253134,3174.1396484375,72300,0.0,0.0
2017-02-01 00:00:00+09:00,3178.6869791442787,3306.016357421875,3174.1395013486504,3306.016357421875,27900,0.0,0.0
2017-02-02 00:00:00+09:00,3237.8041840889086,3292.373917528609,3228.709228515625,3228.709228515625,16500,0.0,0.0
2017-02-03 00:00:00+09:00,3210.5194724883595,3219.6144285010746,3174.1396484375,3174.1396484375,8300,0.0,0.0
2017-02-06 00:00:00+09:00,3165.0443552979227,3165.0443552979227,3096.8321924682264,3119.569580078125,7800,0.0,0.0
2017-02-07 00:00:00+09:00,3092.285012001477,3092.285012001477,3024.0728426190913,3078.642578125,7600,0.0,0.0
2017-02-08 00:00:00+09:00,3024.072736342176,3160.4970703125,3024.072736342176,3160.4970703125,10200,0.0,0.0
2017-02-09 00:00:00+09:00,3128.6648392471184,3155.94970703125,3110.47492739103,3155.94970703125,5100,0.0,0.0
2017-02-10 00:00:00+09:00,3155.9495925134893,3187.781937106565,3119.5697701214026,3160.4970703125,6100,0.0,0.0
2017-02-13 00:00:00+09:00,3201.424370503597,3215.0668039006296,3160.4970703125,3160.4970703125,9600,0.0,0.0
2017-02-14 00:00:00+09:00,3183.2347767065603,3228.7095592309397,3183.2347767065603,3205.97216796875,8400,0.0,0.0
2017-02-15 00:00:00+09:00,3233.25667582828,3233.25667582828,3183.234420646689,3210.519287109375,6900,0.0,0.0
2017-02-16 00:00:00+09:00,3201.4241708273894,3201.4241708273894,3183.23426076587,3187.78173828125,5600,0.0,0.0
2017-02-17 00:00:00+09:00,3233.2567762046583,3251.446687744488,3183.234519470128,3196.876953125,19100,0.0,0.0
2017-02-20 00:00:00+09:00,3183.234420646689,3224.1617203407177,3183.234420646689,3210.519287109375,6200,0.0,0.0
2017-02-21 00:00:00+09:00,3210.519646221188,3242.3519939882535,3205.97216796875,3205.97216796875,6600,0.0,0.0
2017-02-22 00:00:00+09:00,3210.5194460926514,3251.446747813379,3196.877012185742,3233.2568359375,9600,0.0,0.0
2017-02-23 00:00:00+09:00,3233.2572424892705,3251.4471566523603,3165.045064377682,3178.6875,19800,0.0,0.0
2017-02-24 00:00:00+09:00,3192.32921579663,3278.7312885888464,3187.78173828125,3187.78173828125,27800,0.0,0.0
2017-02-27 00:00:00+09:00,3228.7094289606266,3228.7094289606266,3192.3296044089575,3201.424560546875,6600,0.0,0.0
2017-02-28 00:00:00+09:00,3201.424560546875,3219.6144728227096,3196.8770824779162,3201.424560546875,16700,0.0,0.0
2017-03-01 00:00:00+09:00,3201.4243617957745,3228.709228515625,3155.9495839293572,3228.709228515625,10500,0.0,0.0
2017-03-02 00:00:00+09:00,3233.2567063022666,3246.899139662192,3205.9718395824166,3228.709228515625,4900,0.0,0.0
2017-03-03 00:00:00+09:00,3219.6144020305906,3242.3517918754396,3201.4244901547117,3233.2568359375,3900,0.0,0.0
2017-03-06 00:00:00+09:00,3233.2567810058595,3287.82651570638,3219.6143473307293,3274.18408203125,32800,0.0,0.0
2017-03-07 00:00:00+09:00,3292.373763742209,3401.513225523719,3274.183853445291,3283.27880859375,21800,0.0,0.0
2017-03-08 00:00:00+09:00,3274.1839369769873,3274.1839369769873,3205.9717716233004,3260.54150390625,6900,0.0,0.0
2017-03-09 00:00:00+09:00,3237.804053905148,3251.446486716546,3196.876755470954,3224.16162109375,7100,0.0,0.0
2017-03-10 00:00:00+09:00,3224.161491092316,3287.826174978483,3201.424103990113,3219.614013671875,12900,0.0,0.0
2017-03-13 00:00:00+09:00,3187.78200761662,3187.78200761662,3115.022361223088,3128.664794921875,9100,0.0,0.0
2017-03-14 00:00:00+09:00,3096.8324899603026,3124.1173577132568,3055.905188330871,3078.642578125,15100,0.0,0.0
2017-03-15 00:00:00+09:00,3092.2848969856195,3101.379852564989,3069.5475080371957,3083.18994140625,15500,0.0,0.0
2017-03-16 00:00:00+09:00,3069.5475230497473,3101.379867733226,3069.5475230497473,3092.284912109375,5100,0.0,0.0
2017-03-17 00:00:00+09:00,3115.0222472701607,3151.4020691360893,3115.0222472701607,3133.212158203125,6000,0.0,0.0
2017-03-21 00:00:00+09:00,3133.2122877038046,3165.044633152174,3115.022376019022,3137.759765625,18100,0.0,0.0
2017-03-22 00:00:00+09:00,3110.474799614448,3178.6869662726594,3110.474799614448,3151.402099609375,5300,0.0,0.0
2017-03-23 00:00:00+09:00,3137.759490166044,3137.759490166044,3101.379669990206,3119.569580078125,5000,0.0,0.0
2017-03-24 00:00:00+09:00,3078.642978343796,3119.5702852937134,3033.1681928438875,3101.38037109375,16500,0.0,0.0
2017-03-27 00:00:00+09:00,3046.8102902600367,3115.0224609375,3042.2628122148726,3115.0224609375,7100,0.0,0.0
2017-03-28 00:00:00+09:00,3092.284912109375,3105.9273455451516,3060.452567425896,3092.284912109375,7500,0.0,0.0
2017-03-29 00:00:00+09:00,3094.1184459013098,3121.621720975988,3094.1184459013098,3117.037841796875,6200,27.0,0.0
2017-03-30 00:00:00+09:00,3084.9507915031895,3149.1251021733897,3066.6152741688466,3121.621826171875,21200,0.0,0.0
2017-03-31 00:00:00+09:00,3176.628236832157,3185.7959950914133,3126.20556640625,3126.20556640625,2500,0.0,0.0
2017-04-03 00:00:00+09:00,3167.460585051016,3167.460585051016,3126.2056714975292,3130.78955078125,3000,0.0,0.0
2017-04-04 00:00:00+09:00,3130.7892416616587,3130.7892416616587,2933.682451923077,2979.521240234375,7100,0.0,0.0
2017-04-05 00:00:00+09:00,2984.105428632996,2993.2731872463078,2864.9245666599422,2929.098876953125,8400,0.0,0.0
2017-04-06 00:00:00+09:00,2924.514918483722,2924.514918483722,2773.246905458702,2851.1728515625,11500,0.0,0.0
2017-04-07 00:00:00+09:00,2851.172862953198,2974.937601377211,2828.253466948751,2947.434326171875,10600,0.0,0.0
2017-04-10 00:00:00+09:00,2970.35400390625,2970.35400390625,2878.6764111930943,2970.35400390625,5900,0.0,0.0
2017-04-11 00:00:00+09:00,2919.931013436153,2924.514892578125,2860.340584590517,2924.514892578125,5100,0.0,0.0
2017-04-12 00:00:00+09:00,2883.2602146836575,2883.2602146836575,2796.16650390625,2796.16650390625,7300,0.0,0.0
2017-04-13 00:00:00+09:00,2731.992155216942,2777.830949767562,2704.4888784865702,2773.2470703125,9600,0.0,0.0
2017-04-14 00:00:00+09:00,2744.826632057046,2915.346923828125,2744.826632057046,2915.346923828125,2700,0.0,0.0
2017-04-17 00:00:00+09:00,2855.756974085366,2855.756974085366,2750.327743902439,2819.0859375,2900,0.0,0.0
2017-04-18 00:00:00+09:00,2883.260009765625,2883.260009765625,2837.4212178774596,2883.260009765625,1600,0.0,0.0
2017-04-19 00:00:00+09:00,2851.172855443909,2883.260009765625,2805.3340635557433,2883.260009765625,3200,0.0,0.0
2017-04-20 00:00:00+09:00,2869.5083721991755,2919.9310432761577,2869.5083721991755,2883.260009765625,1500,0.0,0.0
2017-04-21 00:00:00+09:00,2933.6826171875,2933.6826171875,2901.595463562012,2933.6826171875,1500,0.0,0.0
2017-04-24 00:00:00+09:00,2947.4342924842535,2961.185929929748,2942.8504133357555,2956.60205078125,1300,0.0,0.0
2017-04-25 00:00:00+09:00,2961.185934055071,2988.689208984375,2956.602054900187,2988.689208984375,1500,0.0,0.0
2017-04-26 00:00:00+09:00,3052.863667079381,3112.4540990193686,3016.192632039388,3080.366943359375,7000,0.0,0.0
2017-04-27 00:00:00+09:00,3071.1990168507145,3139.957203795134,3057.447379461831,3126.20556640625,5800,0.0,0.0
2017-04-28 00:00:00+09:00,3121.621720975988,3121.621720975988,3103.2862042595357,3117.037841796875,1400,0.0,0.0
2017-05-01 00:00:00+09:00,3117.037983441144,3167.460656702692,3094.118586504077,3144.541259765625,4800,0.0,0.0
2017-05-02 00:00:00+09:00,3172.0445789808637,3263.72216796875,3172.0445789808637,3263.72216796875,8500,0.0,0.0
2017-05-08 00:00:00+09:00,3263.722173964018,3364.56752203594,3263.722173964018,3359.983642578125,11300,0.0,0.0
2017-05-09 00:00:00+09:00,3378.318993815104,3483.7482161458333,3337.0640807291666,3437.909423828125,11100,0.0,0.0
2017-05-10 00:00:00+09:00,3460.829029467282,3479.1645475041946,3369.1514392827185,3414.990234375,9800,0.0,0.0
2017-05-11 00:00:00+09:00,3414.989952293602,3437.909347946579,3378.3189192488385,3392.070556640625,19700,0.0,0.0
2017-05-12 00:00:00+09:00,3410.4061484374997,3502.0837330729164,3355.39959765625,3437.909423828125,18100,0.0,0.0
2017-05-15 00:00:00+09:00,3309.5609393253503,3483.748357184579,3309.5609393253503,3433.32568359375,12900,0.0,0.0
2017-05-16 00:00:00+09:00,3428.741772654189,3474.58056640625,3359.983582026097,3474.58056640625,3300,0.0,0.0
2017-05-17 00:00:00+09:00,3437.909356478987,3492.915906182651,3410.406081627155,3456.244873046875,3600,0.0,0.0
2017-05-18 00:00:00+09:00,3309.560732289907,3392.070556640625,3300.3929740287163,3392.070556640625,11300,0.0,0.0
2017-05-19 00:00:00+09:00,3346.2317653346704,3392.070556640625,3318.728490551098,3392.070556640625,6400,0.0,0.0
2017-05-22 00:00:00+09:00,3392.0707987828278,3401.238557698457,3327.8964863734227,3359.983642578125,3400,0.0,0.0
2017-05-23 00:00:00+09:00,3314.1447780661383,3364.567451038099,3314.1447780661383,3346.23193359375,3600,0.0,0.0
2017-05-24 00:00:00+09:00,3346.231790616367,3346.231790616367,3309.560757294544,3318.728515625,2300,0.0,0.0
2017-05-25 00:00:00+09:00,3318.7283714528203,3318.7283714528203,3217.883034198729,3291.22509765625,5800,0.0,0.0
2017-05-26 00:00:00+09:00,3277.47353224417,3323.312322904928,3277.47353224417,3304.976806640625,3000,0.0,0.0
2017-05-29 00:00:00+09:00,3327.8965533565615,3327.8965533565615,3304.977155606172,3309.56103515625,800,0.0,0.0
2017-05-30 00:00:00+09:00,3263.721881241678,3456.2448012025634,3263.721881241678,3442.4931640625,7900,0.0,0.0
2017-05-31 00:00:00+09:00,3456.244873046875,3456.244873046875,3318.7284987877156,3456.244873046875,7700,0.0,0.0
2017-06-01 00:00:00+09:00,3474.5804059353018,3584.593505859375,3474.5804059353018,3584.593505859375,12300,0.0,0.0
2017-06-02 00:00:00+09:00,3676.2713129954973,3850.458731815733,3676.2713129954973,3722.110107421875,18500,0.0,0.0
2017-06-05 00:00:00+09:00,3772.532712151022,3772.532712151022,3717.5261598474835,3740.445556640625,10800,0.0,0.0
2017-06-06 00:00:00+09:00,3740.4454821262407,3813.787550403226,3694.606689453125,3694.606689453125,11500,0.0,0.0
2017-06-07 00:00:00+09:00,3694.607039152136,3795.452392578125,3690.023159450955,3795.452392578125,11000,0.0,0.0
2017-06-08 00:00:00+09:00,3813.7876317771083,3932.968495270143,3800.0359936817586,3804.619873046875,12600,0.0,0.0
2017-06-09 00:00:00+09:00,3804.619767910321,3841.2908018178905,3758.7809755258595,3800.035888671875,6900,0.0,0.0
2017-06-12 00:00:00+09:00,3804.619833053179,3809.20371237011,3612.096901742054,3749.61328125,6900,0.0,0.0
2017-06-13 00:00:00+09:00,3749.6134920316276,3790.868408203125,3630.4326230917472,3790.868408203125,8100,0.0,0.0
2017-06-14 00:00:00+09:00,3781.700540176166,3845.874852373095,3717.5262279792373,3722.110107421875,2700,0.0,0.0
2017-06-15 00:00:00+09:00,3722.1101835891163,3864.21044921875,3680.855267761158,3864.21044921875,11100,0.0,0.0
2017-06-16 00:00:00+09:00,3864.2101041436617,3891.71337890625,3800.035796364289,3891.71337890625,10100,0.0,0.0
2017-06-19 00:00:00+09:00,3891.7137952951284,3960.471989558293,3767.9490456214317,3813.787841796875,10500,0.0,0.0
2017-06-20 00:00:00+09:00,3896.2974656814645,3896.2974656814645,3850.458671967565,3868.794189453125,6000,0.0,0.0
2017-06-21 00:00:00+09:00,3822.955217047757,3859.6262503048097,3818.371337890625,3818.371337890625,3600,0.0,0.0
2017-06-22 00:00:00+09:00,3818.3712275094695,3850.458380681818,3767.948558238636,3781.7001953125,2300,0.0,0.0
2017-06-23 00:00:00+09:00,3818.371861430048,3841.291260358199,3749.613664645593,3777.116943359375,3900,0.0,0.0
2017-06-26 00:00:00+09:00,3749.613732646695,3841.2913300219197,3676.271654746515,3822.955810546875,10100,0.0,0.0
2017-06-27 00:00:00+09:00,3822.955390507342,3850.458666698042,3777.116596856175,3804.619873046875,3300,0.0,0.0
2017-06-28 00:00:00+09:00,3786.284771596785,3850.459089759442,3781.7008917280236,3822.955810546875,5200,0.0,0.0
2017-06-29 00:00:00+09:00,3822.9554976506565,3855.0426541057577,3754.1973052468675,3841.291015625,10200,0.0,0.0
2017-06-30 00:00:00+09:00,3786.284187825521,3896.2972877139136,3712.9421212332586,3850.45849609375,10100,0.0,0.0
2017-07-03 00:00:00+09:00,3813.787774317912,3873.3782082916296,3781.7006175628335,3864.21044921875,2300,0.0,0.0
2017-07-04 00:00:00+09:00,3864.2102390429923,3914.632911201323,3809.2036875975405,3855.04248046875,4800,0.0,0.0
2017-07-05 00:00:00+09:00,3896.29717092803,3896.29717092803,3781.7001953125,3781.7001953125,2700,0.0,0.0
2017-07-06 00:00:00+09:00,3822.955465521694,3882.5458984375,3786.2844298811983,3882.5458984375,4500,0.0,0.0
2017-07-07 00:00:00+09:00,3832.12353515625,3859.6268141167016,3832.12353515625,3832.12353515625,3500,0.0,0.0
2017-07-10 00:00:00+09:00,3850.458601181629,3887.1296354785973,3836.7069633202664,3855.04248046875,4200,0.0,0.0
2017-07-11 00:00:00+09:00,3882.5458687332525,3955.887939453125,3882.5458687332525,3955.887939453125,9700,0.0,0.0
2017-07-12 00:00:00+09:00,3955.8881477329064,3955.8881477329064,3882.5460731515313,3900.881591796875,5800,0.0,0.0
2017-07-13 00:00:00+09:00,3896.29715253722,3923.80042655513,3850.45836250737,3887.12939453125,3000,0.0,0.0
2017-07-14 00:00:00+09:00,3859.62612051334,3905.46491054319,3749.613024441701,3887.12939453125,4300,0.0,0.0
2017-07-17 00:00:00+09:00,3887.12939453125,3887.12939453125,3887.12939453125,3887.12939453125,0,0.0,0.0
2017-07-18 00:00:00+09:00,3873.378175547425,3905.46533203125,3809.2038625797754,3905.46533203125,1600,0.0,0.0
2017-07-19 00:00:00+09:00,3882.545967364509,3887.129846900949,3850.4588106094307,3864.21044921875,800,0.0,0.0
2017-07-20 00:00:00+09:00,3896.2974977778817,3896.2974977778817,3813.787668413174,3827.539306640625,1600,0.0,0.0
2017-07-21 00:00:00+09:00,3800.035862379808,3891.713446514423,3800.035862379808,3873.3779296875,2200,0.0,0.0
2017-07-24 00:00:00+09:00,3836.7067254984154,3887.12939453125,3836.7067254984154,3887.12939453125,1300,0.0,0.0
2017-07-25 00:00:00+09:00,3914.6323079427084,4001.7260009765623,3887.1290364583333,3987.974365234375,13500,0.0,0.0
2017-07-26 00:00:00+09:00,3987.975446348486,4033.8142445823764,3983.391566525097,3992.559326171875,10700,0.0,0.0
2017-07-27 00:00:00+09:00,4029.2296309416824,4033.8135099302394,3987.9747200446686,4024.645751953125,5000,0.0,0.0
2017-07-28 00:00:00+09:00,4065.9011278866674,4308.846742067043,4065.9011278866674,4162.16259765625,32100,0.0,0.0
2017-07-31 00:00:00+09:00,4120.90771484375,4120.90771484375,3946.7202919693755,4120.90771484375,9800,0.0,0.0
2017-08-01 00:00:00+09:00,4079.651936848958,4079.651936848958,3896.2967936197915,3987.974365234375,15700,0.0,0.0
2017-08-02 00:00:00+09:00,3946.7194421910267,4125.490706123024,3946.7194421910267,4061.31640625,12200,0.0,0.0
2017-08-03 00:00:00+09:00,4061.3172807025167,4143.827112590378,4038.3978829558882,4120.90771484375,5700,0.0,0.0
2017-08-04 00:00:00+09:00,4070.485004194631,4097.98828125,4033.8139681208054,4097.98828125,4400,0.0,0.0
2017-08-07 00:00:00+09:00,4107.1552884615385,4171.32958984375,4107.1552884615385,4171.32958984375,6900,0.0,0.0
2017-08-08 00:00:00+09:00,4157.57769735843,4244.67138671875,4157.57769735843,4244.67138671875,8900,0.0,0.0
2017-08-09 00:00:00+09:00,4217.169008106985,4217.169008106985,4079.6526274078437,4134.6591796875,3200,0.0,0.0
2017-08-10 00:00:00+09:00,4139.243511915992,4185.082310497564,4125.49187234152,4175.91455078125,6200,0.0,0.0
2017-08-11 00:00:00+09:00,4175.91455078125,4175.91455078125,4175.91455078125,4175.91455078125,0,0.0,0.0
2017-08-14 00:00:00+09:00,4120.907255091292,4120.907255091292,4061.316827598315,4079.65234375,2400,0.0,0.0
2017-08-15 00:00:00+09:00,4029.229888309706,4235.504455970613,4029.229888309706,4152.99462890625,4700,0.0,0.0
2017-08-16 00:00:00+09:00,4180.4981516977,4198.8336699069005,4171.3303925930995,4185.08203125,1100,0.0,0.0
2017-08-17 00:00:00+09:00,4157.578297302786,4162.162176351632,4102.571748716641,4143.82666015625,2100,0.0,0.0
2017-08-18 00:00:00+09:00,4102.57139478411,4125.49078805106,4070.4842442103795,4107.1552734375,3700,0.0,0.0
2017-08-21 00:00:00+09:00,4107.155836092716,4157.578508187604,4107.155836092716,4152.99462890625,4300,0.0,0.0
2017-08-22 00:00:00+09:00,4180.498290745856,4180.498290745856,4130.075613993439,4148.4111328125,400,0.0,0.0
2017-08-23 00:00:00+09:00,4185.081852610519,4203.41737003707,4134.6591796875,4134.6591796875,1800,0.0,0.0
2017-08-24 00:00:00+09:00,4162.16263610774,4253.8402272114345,4152.994876997371,4249.25634765625,4800,0.0,0.0
2017-08-25 00:00:00+09:00,4253.839852043525,4318.01416015625,4253.839852043525,4318.01416015625,2800,0.0,0.0
2017-08-28 00:00:00+09:00,4318.01503242063,4350.102192958788,4240.089071113675,4313.43115234375,3800,0.0,0.0
2017-08-29 00:00:00+09:00,4249.256661101311,4299.679339927755,4194.250102381552,4263.00830078125,3100,0.0,0.0
2017-08-30 00:00:00+09:00,4263.0070475958955,4285.926440324906,4226.3360192294795,4272.1748046875,2100,0.0,0.0
2017-08-31 00:00:00+09:00,4308.845833053916,4327.181347237124,4253.839290504292,4272.1748046875,2700,0.0,0.0
2017-09-01 00:00:00+09:00,4290.511026503164,4400.524129746836,4290.511026503164,4345.517578125,5200,0.0,0.0
2017-09-04 00:00:00+09:00,4295.094899604356,4318.014296080367,4276.759382423548,4281.34326171875,7200,0.0,0.0
2017-09-05 00:00:00+09:00,4263.0070475958955,4382.187889786749,4075.0680272180125,4272.1748046875,14200,0.0,0.0
2017-09-06 00:00:00+09:00,4208.001845084251,4313.431085211634,4152.99528501779,4267.59228515625,5100,0.0,0.0
2017-09-07 00:00:00+09:00,4331.765797608977,4368.436830816248,4221.752697987162,4318.01416015625,6600,0.0,0.0
2017-09-08 00:00:00+09:00,4308.846258179755,4308.846258179755,4267.591347197183,4290.5107421875,3800,0.0,0.0
2017-09-11 00:00:00+09:00,4244.6723051768,4473.866274138831,4226.336787659838,4391.3564453125,13600,0.0,0.0
2017-09-12 00:00:00+09:00,4405.108635224491,4565.54443359375,4405.108635224491,4565.54443359375,12100,0.0,0.0
2017-09-13 00:00:00+09:00,4583.87995340738,4675.557552475527,4501.370114246047,4565.54443359375,11800,0.0,0.0
2017-09-14 00:00:00+09:00,4560.959892998468,4583.879289445696,4560.959892998468,4579.29541015625,4400,0.0,0.0
2017-09-15 00:00:00+09:00,4579.2961406366485,4611.38330078125,4538.041220450733,4611.38330078125,6200,0.0,0.0
2017-09-18 00:00:00+09:00,4611.38330078125,4611.38330078125,4611.38330078125,4611.38330078125,0,0.0,0.0
2017-09-19 00:00:00+09:00,4767.23486328125,4831.409178748498,4730.563825871394,4767.23486328125,16700,0.0,0.0
2017-09-20 00:00:00+09:00,4739.731376633249,4758.06689453125,4638.886028194243,4758.06689453125,8400,0.0,0.0
2017-09-21 00:00:00+09:00,4767.234653480251,4767.234653480251,4657.221546092244,4758.06689453125,12500,0.0,0.0
2017-09-22 00:00:00+09:00,4776.401844069188,4776.401844069188,4657.22099191391,4712.2275390625,4500,0.0,0.0
2017-09-25 00:00:00+09:00,4767.233965773809,4831.408269159227,4693.891904761905,4813.07275390625,12900,0.0,0.0
2017-09-26 00:00:00+09:00,4813.07331034148,4813.07331034148,4675.556930046008,4794.73779296875,4400,0.0,0.0
2017-09-27 00:00:00+09:00,4865.696300287356,4874.911634189416,4580.020949323515,4810.404296875,4900,27.0,0.0
2017-09-28 00:00:00+09:00,4745.8969558832305,4838.050294832419,4736.681621988311,4828.8349609375,3900,0.0,0.0
2017-09-29 00:00:00+09:00,4819.61865234375,4838.04931640625,4782.75732421875,4838.04931640625,4900,0.0,0.0
2017-10-02 00:00:00+09:00,4847.265632483238,4847.265632483238,4755.112293462644,4810.404296875,5800,0.0,0.0
2017-10-03 00:00:00+09:00,4764.327142835803,4847.265139519598,4699.81981208174,4819.619140625,9000,0.0,0.0
2017-10-04 00:00:00+09:00,4782.757808765535,4856.480472484464,4773.542475800669,4819.619140625,9600,0.0,0.0
2017-10-05 00:00:00+09:00,4819.619649887085,4819.619649887085,4718.2509765625,4718.2509765625,7500,0.0,0.0
2017-10-06 00:00:00+09:00,4782.75732421875,4838.04931640625,4736.6806640625,4838.04931640625,4600,0.0,0.0
2017-10-09 00:00:00+09:00,4838.04931640625,4838.04931640625,4838.04931640625,4838.04931640625,0,0.0,0.0
2017-10-10 00:00:00+09:00,4874.911123753478,4985.495118999304,4838.04979200487,4967.064453125,11500,0.0,0.0
2017-10-11 00:00:00+09:00,4920.987794804394,4930.203127753465,4874.911130059034,4902.55712890625,4700,0.0,0.0
2017-10-12 00:00:00+09:00,4884.127523110682,4902.558193009213,4626.09814453125,4626.09814453125,15900,0.0,0.0
2017-10-13 00:00:00+09:00,4709.03515816859,4755.111823121316,4662.958493215864,4690.6044921875,13000,0.0,0.0
2017-10-16 00:00:00+09:00,4782.758310280886,4782.758310280886,4709.035638831469,4736.681640625,5900,0.0,0.0
2017-10-17 00:00:00+09:00,4819.619136001124,4884.1264666933,4810.403803045099,4865.69580078125,13600,0.0,0.0
2017-10-18 00:00:00+09:00,4810.404289448669,4856.4809588878325,4745.89695223384,4847.265625,9900,0.0,0.0
2017-10-19 00:00:00+09:00,4865.6953125,4884.1259765625,4791.97265625,4884.1259765625,6500,0.0,0.0
2017-10-20 00:00:00+09:00,4874.9111328125,4902.557131675331,4810.403802132561,4874.9111328125,3900,0.0,0.0
2017-10-23 00:00:00+09:00,4911.772464629608,4930.2031305381615,4819.6191350868385,4874.9111328125,5600,0.0,0.0
2017-10-24 00:00:00+09:00,4791.973634694123,4902.557641648603,4672.17429382677,4782.75830078125,27200,0.0,0.0
2017-10-25 00:00:00+09:00,4782.758306458939,4782.758306458939,4626.097629754118,4755.1123046875,18600,0.0,0.0
2017-10-26 00:00:00+09:00,4755.1118044069,4884.126465766777,4745.896471452623,4874.9111328125,14600,0.0,0.0
2017-10-27 00:00:00+09:00,4920.987791146806,5040.787119395697,4828.83446172458,4939.41845703125,39000,0.0,0.0
2017-10-30 00:00:00+09:00,4856.480465071799,4930.203128678201,4828.834466219398,4893.341796875,21500,0.0,0.0
2017-10-31 00:00:00+09:00,4893.341796875,4930.203128678201,4838.049799170198,4893.341796875,11600,0.0,0.0
2017-11-01 00:00:00+09:00,4847.2646484375,4948.63330078125,4847.2646484375,4911.77197265625,6200,0.0,0.0
2017-11-02 00:00:00+09:00,4976.279789719626,5013.141121495328,4847.265128504673,4930.203125,27000,0.0,0.0
2017-11-03 00:00:00+09:00,4930.203125,4930.203125,4930.203125,4930.203125,0,0.0,0.0
2017-11-06 00:00:00+09:00,4985.495113603784,5022.3564453125,4948.633781895069,5022.3564453125,14000,0.0,0.0
2017-11-07 00:00:00+09:00,5040.78662109375,5059.21728515625,4976.279296875,5059.21728515625,4600,0.0,0.0
2017-11-08 00:00:00+09:00,5096.079106017621,5096.079106017621,5031.5717755617015,5050.00244140625,8700,0.0,0.0
2017-11-09 00:00:00+09:00,5040.787109375,5040.787109375,4957.849113059872,5040.787109375,8500,0.0,0.0
2017-11-10 00:00:00+09:00,4985.495113603784,5022.3564453125,4920.987783113532,5022.3564453125,7800,0.0,0.0
2017-11-13 00:00:00+09:00,4985.49462890625,5068.4326171875,4985.49462890625,5059.21728515625,8300,0.0,0.0
2017-11-14 00:00:00+09:00,5151.371108137661,5179.017106929097,4930.20311780617,5003.92578125,34000,0.0,0.0
2017-11-15 00:00:00+09:00,4902.557149969362,4902.557149969362,4699.81982421875,4699.81982421875,74600,0.0,0.0
2017-11-16 00:00:00+09:00,4644.527808955577,4902.557131675331,4584.628144752776,4874.9111328125,32000,0.0,0.0
2017-11-17 00:00:00+09:00,4893.34130859375,4920.9873046875,4856.47998046875,4911.77197265625,28300,0.0,0.0
2017-11-20 00:00:00+09:00,4865.695798022599,4920.987795727401,4856.480465071799,4893.341796875,10700,0.0,0.0
2017-11-21 00:00:00+09:00,4893.341798721054,4920.9877975838845,4874.9111328125,4874.9111328125,8800,0.0,0.0
2017-11-22 00:00:00+09:00,4884.126463008106,4911.772461855322,4856.480464160891,4902.55712890625,11900,0.0,0.0
2017-11-23 00:00:00+09:00,4902.55712890625,4902.55712890625,4902.55712890625,4902.55712890625,0,0.0,0.0
2017-11-24 00:00:00+09:00,4865.695805449331,4884.126471379063,4791.973141730401,4819.619140625,12300,0.0,0.0
2017-11-27 00:00:00+09:00,4847.2646484375,4874.91064453125,4819.61865234375,4838.04931640625,6900,0.0,0.0
2017-11-28 00:00:00+09:00,4847.265636268029,4847.265636268029,4755.112297175481,4791.9736328125,12600,0.0,0.0
2017-11-29 00:00:00+09:00,4782.757800568315,4920.987794804394,4745.896468772027,4902.55712890625,15400,0.0,0.0
2017-11-30 00:00:00+09:00,4819.619132364603,4930.203127753465,4764.327134670171,4902.55712890625,90100,0.0,0.0
2017-12-01 00:00:00+09:00,4902.556640625,4985.49462890625,4884.1259765625,4976.279296875,28500,0.0,0.0
2017-12-04 00:00:00+09:00,4976.2797888001405,4985.495121742362,4902.55712526236,4939.41845703125,10100,0.0,0.0
2017-12-05 00:00:00+09:00,4976.279779790522,5031.57177734375,4920.987782237294,5031.57177734375,12500,0.0,0.0
2017-12-06 00:00:00+09:00,5031.571780041437,5059.217778832873,5003.92578125,5003.92578125,17100,0.0,0.0
2017-12-07 00:00:00+09:00,5003.92578125,5086.8637776243095,4957.849116597606,5003.92578125,41100,0.0,0.0
2017-12-08 00:00:00+09:00,5068.43310106982,5114.509765625,5059.217768158784,5114.509765625,12900,0.0,0.0
2017-12-11 00:00:00+09:00,5114.509769169691,5142.1557679219595,5068.433104582577,5077.6484375,4800,0.0,0.0
2017-12-12 00:00:00+09:00,5077.648440173072,5096.079106017621,5050.00244140625,5050.00244140625,4600,0.0,0.0
2017-12-13 00:00:00+09:00,5096.079103334845,5105.2944362522685,5003.925774160617,5077.6484375,17400,0.0,0.0
2017-12-14 00:00:00+09:00,5068.43359375,5105.294928977273,5068.43359375,5068.43359375,19400,0.0,0.0
2017-12-15 00:00:00+09:00,5068.4331072507985,5077.648440173072,4939.41844633896,5050.00244140625,20100,0.0,0.0
2017-12-18 00:00:00+09:00,5050.00244140625,5096.079106017621,4976.279778028056,5050.00244140625,14600,0.0,0.0
2017-12-19 00:00:00+09:00,5050.001953125,5086.86328125,5050.001953125,5059.21728515625,3200,0.0,0.0
2017-12-20 00:00:00+09:00,5086.863759142288,5225.09375259724,5068.433093348293,5197.44775390625,18400,0.0,0.0
2017-12-21 00:00:00+09:00,5215.878426750787,5215.878426750787,5123.72509765625,5123.72509765625,3700,0.0,0.0
2017-12-22 00:00:00+09:00,5114.508790815754,5160.585446588869,5068.432135042639,5132.939453125,6600,0.0,0.0
2017-12-25 00:00:00+09:00,5197.447754773535,5197.447754773535,5105.294425788188,5188.232421875,11400,0.0,0.0
2017-12-26 00:00:00+09:00,5188.2329189068105,5188.2329189068105,5114.510248655914,5142.15625,2300,0.0,0.0
2017-12-27 00:00:00+09:00,5142.156217842829,5317.24755859375,5142.156217842829,5317.24755859375,17200,0.0,0.0
2017-12-28 00:00:00+09:00,5317.24755859375,5427.8315632785425,5206.663553908958,5317.24755859375,15600,0.0,0.0
2017-12-29 00:00:00+09:00,5390.969730771821,5437.046395137392,5344.89306640625,5344.89306640625,3500,0.0,0.0
2018-01-01 00:00:00+09:00,5344.89306640625,5344.89306640625,5344.89306640625,5344.89306640625,0,0.0,0.0
2018-01-02 00:00:00+09:00,5344.89306640625,5344.89306640625,5344.89306640625,5344.89306640625,0,0.0,0.0
2018-01-03 00:00:00+09:00,5344.89306640625,5344.89306640625,5344.89306640625,5344.89306640625,0,0.0,0.0
2018-01-04 00:00:00+09:00,5409.400873940678,5437.046875,5363.324205508475,5437.046875,8600,0.0,0.0
2018-01-05 00:00:00+09:00,5473.90819659281,5519.984864914298,5446.262195599917,5510.76953125,13200,0.0,0.0
2018-01-08 00:00:00+09:00,5510.76953125,5510.76953125,5510.76953125,5510.76953125,0,0.0,0.0
2018-01-09 00:00:00+09:00,5529.2001953125,5538.415528971354,5492.338860677083,5529.2001953125,7000,0.0,0.0
2018-01-10 00:00:00+09:00,5556.846196289062,5556.846196289062,5437.046858723958,5529.2001953125,7000,0.0,0.0
2018-01-11 00:00:00+09:00,5455.4779982408945,5575.277346175238,5455.4779982408945,5566.06201171875,23200,0.0,0.0
2018-01-12 00:00:00+09:00,5612.138178806679,5667.430180568321,5584.4921779258575,5639.7841796875,24800,0.0,0.0
2018-01-15 00:00:00+09:00,5713.507340946167,5731.938009787928,5621.353996737357,5649.0,13900,0.0,0.0
2018-01-16 00:00:00+09:00,5639.784187731672,5648.999521371757,5510.769516770491,5593.70751953125,28500,0.0,0.0
2018-01-17 00:00:00+09:00,5575.277315260332,5704.291996935778,5529.200643233387,5685.861328125,11500,0.0,0.0
2018-01-18 00:00:00+09:00,5713.506850322217,5713.506850322217,5584.49217950849,5630.56884765625,10200,0.0,0.0
2018-01-19 00:00:00+09:00,5621.353989638292,5685.861330502993,5602.923320819806,5676.64599609375,11600,0.0,0.0
2018-01-22 00:00:00+09:00,5639.7841749237805,5695.0761766387195,5639.7841749237805,5667.43017578125,5900,0.0,0.0
2018-01-23 00:00:00+09:00,5639.7841749237805,5685.860843019563,5639.7841749237805,5667.43017578125,17000,0.0,0.0
2018-01-24 00:00:00+09:00,5667.429688295246,5667.429688295246,5593.707025683276,5658.21435546875,8800,0.0,0.0
2018-01-25 00:00:00+09:00,5621.353987287277,5713.507331341167,5593.70798407111,5685.861328125,9800,0.0,0.0
2018-01-26 00:00:00+09:00,5731.935978175494,5879.381276649461,4994.709485805655,5132.939453125,164000,0.0,0.0
2018-01-29 00:00:00+09:00,5132.940416882921,5363.323739005135,5123.725083998033,5271.17041015625,43800,0.0,0.0
2018-01-30 00:00:00+09:00,5308.031747787611,5519.984404383296,5197.447753042035,5206.6630859375,40900,0.0,0.0
2018-01-31 00:00:00+09:00,5132.940417715631,5335.677741216068,5105.29441905648,5261.955078125,22500,0.0,0.0
2018-02-01 00:00:00+09:00,5234.3090854942375,5298.816415773216,5197.44775390625,5197.44775390625,9200,0.0,0.0
2018-02-02 00:00:00+09:00,5197.44775390625,5225.09375259724,5151.371089421265,5197.44775390625,9700,0.0,0.0
2018-02-05 00:00:00+09:00,5013.141110603291,5077.6484410706125,4957.849113059872,5040.787109375,17100,0.0,0.0
2018-02-06 00:00:00+09:00,4699.8203360316265,4764.327673977159,4520.121323183359,4589.236328125,22100,0.0,0.0
2018-02-07 00:00:00+09:00,4791.9731640625,4838.049829101562,4593.843504394531,4607.66650390625,12100,0.0,0.0
2018-02-08 00:00:00+09:00,4607.666990238274,4764.327667906375,4607.666990238274,4616.88232421875,11200,0.0,0.0
2018-02-09 00:00:00+09:00,4552.374514702138,4552.374514702138,4404.929186290733,4524.728515625,11900,0.0,0.0
2018-02-12 00:00:00+09:00,4524.728515625,4524.728515625,4524.728515625,4524.728515625,0,0.0,0.0
2018-02-13 00:00:00+09:00,4589.236619362618,4589.236619362618,4418.7529296875,4418.7529296875,6700,0.0,0.0
2018-02-14 00:00:00+09:00,4469.437026019875,4469.437026019875,4303.561012683054,4404.9296875,7600,0.0,0.0
2018-02-15 00:00:00+09:00,4469.436973043008,4801.188995784344,4404.929635287747,4653.74365234375,24000,0.0,0.0
2018-02-16 00:00:00+09:00,4745.896499023437,4764.3271650390625,4607.66650390625,4607.66650390625,3500,0.0,0.0
2018-02-19 00:00:00+09:00,4593.844472208821,4626.09814453125,4543.160129987861,4626.09814453125,6800,0.0,0.0
2018-02-20 00:00:00+09:00,4580.020751217023,4644.528085741205,4575.413084465295,4584.62841796875,6000,0.0,0.0
2018-02-21 00:00:00+09:00,4529.335936018864,4607.6662624810415,4529.335936018864,4556.98193359375,5400,0.0,0.0
2018-02-22 00:00:00+09:00,4556.982912629813,4593.844250649063,4478.652569338906,4547.767578125,2000,0.0,0.0
2018-02-23 00:00:00+09:00,4547.766831765963,4718.250492125984,4520.1208327886625,4681.38916015625,12000,0.0,0.0
2018-02-26 00:00:00+09:00,4773.542488128063,4791.973154105392,4607.6664943321075,4699.81982421875,3900,0.0,0.0
2018-02-27 00:00:00+09:00,4709.03466796875,5003.92529296875,4709.03466796875,4884.1259765625,14700,0.0,0.0
2018-02-28 00:00:00+09:00,4791.97265625,4911.77197265625,4791.97265625,4838.04931640625,7100,0.0,0.0
2018-03-01 00:00:00+09:00,4838.050310001817,4838.050310001817,4690.604967220809,4755.1123046875,2200,0.0,0.0
2018-03-02 00:00:00+09:00,4755.111828031994,4755.111828031994,4515.513170030382,4644.52783203125,11300,0.0,0.0
2018-03-05 00:00:00+09:00,4644.527850115741,4709.035181367348,4451.005856360918,4478.65185546875,8800,0.0,0.0
2018-03-06 00:00:00+09:00,4506.298331920322,4699.820346174569,4487.867663896108,4543.15966796875,7800,0.0,0.0
2018-03-07 00:00:00+09:00,4520.121351005618,4570.805688274793,4451.006345638559,4460.2216796875,1400,0.0,0.0
2018-03-08 00:00:00+09:00,4437.182860821609,4460.221193432313,4414.144528210905,4441.79052734375,4800,0.0,0.0
2018-03-09 00:00:00+09:00,4469.437234834093,4556.982912629813,4441.791231319656,4547.767578125,2800,0.0,0.0
2018-03-12 00:00:00+09:00,4547.767106541451,4593.843774287565,4404.929436528498,4446.3984375,7300,0.0,0.0
2018-03-13 00:00:00+09:00,4409.537106326417,4455.613774104123,4395.714105993106,4427.9677734375,4100,0.0,0.0
2018-03-14 00:00:00+09:00,4427.967041015625,4441.7900390625,4395.71337890625,4395.71337890625,800,0.0,0.0
2018-03-15 00:00:00+09:00,4395.7143785206545,4441.791049155043,4234.446031300295,4294.345703125,10900,0.0,0.0
2018-03-16 00:00:00+09:00,4294.345686642932,4400.32202869528,4248.269016185391,4368.068359375,4700,0.0,0.0
2018-03-19 00:00:00+09:00,4368.068138346708,4368.068138346708,4234.44580078125,4234.44580078125,7900,0.0,0.0
2018-03-20 00:00:00+09:00,4220.623261115548,4335.814944006257,4197.584924537407,4326.599609375,7800,0.0,0.0
2018-03-21 00:00:00+09:00,4326.599609375,4326.599609375,4326.599609375,4326.599609375,0,0.0,0.0
2018-03-22 00:00:00+09:00,4262.0915607829675,4289.737560096154,4073.177232142857,4192.9765625,12600,0.0,0.0
2018-03-23 00:00:00+09:00,3934.94755146291,4031.708556826752,3709.1718722806118,3722.994873046875,17200,0.0,0.0
2018-03-26 00:00:00+09:00,3709.171635760567,3736.817635530211,3621.625969823361,3672.310302734375,7200,0.0,0.0
2018-03-27 00:00:00+09:00,3718.387206124787,3778.2868761119275,3690.741204592261,3722.994873046875,5500,0.0,0.0
2018-03-28 00:00:00+09:00,3694.2210311498397,3694.2210311498397,3485.376877378806,3619.96533203125,13300,29.0,0.0
2018-03-29 00:00:00+09:00,3619.9653692896586,3629.247331775017,3411.1212133691015,3466.81298828125,19900,0.0,0.0
2018-03-30 00:00:00+09:00,3536.4271353372715,3963.3973406535824,3536.4271353372715,3805.60400390625,12500,0.0,0.0
2018-04-02 00:00:00+09:00,3958.7562080685025,4139.7544403248585,3852.0136608403955,4107.267578125,13400,0.0,0.0
2018-04-03 00:00:00+09:00,3977.3207296915784,4084.063293032192,3977.3207296915784,4000.525634765625,3100,0.0,0.0
2018-04-04 00:00:00+09:00,4000.5253773684954,4121.190875989819,3995.884396652291,4102.626953125,8900,0.0,0.0
2018-04-05 00:00:00+09:00,4037.6530924847816,4149.036626070569,4037.6530924847816,4097.98583984375,6400,0.0,0.0
2018-04-06 00:00:00+09:00,4097.98592423804,4167.600634162809,4037.653175636574,4135.11376953125,9400,0.0,0.0
2018-04-09 00:00:00+09:00,4070.1402632012423,4070.1402632012423,3773.1174845867845,3852.01416015625,10800,0.0,0.0
2018-04-10 00:00:00+09:00,3907.705526847793,3907.705526847793,3800.96297682701,3838.0908203125,9100,0.0,0.0
2018-04-11 00:00:00+09:00,3838.0908203125,3838.0908203125,3838.0908203125,3838.0908203125,0,0.0,0.0
2018-04-12 00:00:00+09:00,3856.654767547085,3856.654767547085,3689.5794707580417,3796.322021484375,4800,0.0,0.0
2018-04-13 00:00:00+09:00,3796.321882467831,3944.833251953125,3796.321882467831,3944.833251953125,8700,0.0,0.0
2018-04-16 00:00:00+09:00,3954.1152806028103,3954.1152806028103,3847.37273194804,3921.62841796875,1500,0.0,0.0
2018-04-17 00:00:00+09:00,3852.014127204755,3870.578050709356,3773.1174523101995,3782.3994140625,3000,0.0,0.0
2018-04-18 00:00:00+09:00,3763.835158219839,3805.6039824171,3763.835158219839,3796.322021484375,1800,0.0,0.0
2018-04-19 00:00:00+09:00,3805.6041721179727,3879.85986328125,3805.6041721179727,3879.85986328125,1400,0.0,0.0
2018-04-20 00:00:00+09:00,3856.6548155609394,3856.6548155609394,3712.784419312577,3763.835205078125,5500,0.0,0.0
2018-04-23 00:00:00+09:00,3680.2974889418656,3787.0400390625,3680.2974889418656,3787.0400390625,3500,0.0,0.0
2018-04-24 00:00:00+09:00,3787.03997126218,3847.3727159023865,3735.989187335852,3810.244873046875,3300,0.0,0.0
2018-04-25 00:00:00+09:00,3810.245249653095,3819.5272112844054,3773.1174031278515,3814.88623046875,1200,0.0,0.0
2018-04-26 00:00:00+09:00,3819.5273847748053,3958.756815568541,3796.322479642516,3949.474853515625,4600,0.0,0.0
2018-04-27 00:00:00+09:00,3949.474853515625,3977.3207396743724,3949.474853515625,3949.474853515625,400,0.0,0.0
2018-04-30 00:00:00+09:00,3949.474853515625,3949.474853515625,3949.474853515625,3949.474853515625,0,0.0,0.0
2018-05-01 00:00:00+09:00,3926.2693819703486,3944.8333033981044,3754.5531087636077,3810.244873046875,3800,0.0,0.0
2018-05-02 00:00:00+09:00,3856.655141072101,3870.578083819654,3814.886312829443,3852.01416015625,1200,0.0,0.0
2018-05-03 00:00:00+09:00,3852.01416015625,3852.01416015625,3852.01416015625,3852.01416015625,0,0.0,0.0
2018-05-04 00:00:00+09:00,3852.01416015625,3852.01416015625,3852.01416015625,3852.01416015625,0,0.0,0.0
2018-05-07 00:00:00+09:00,3879.859691787348,3889.141652772485,3800.9630234136816,3805.60400390625,3600,0.0,0.0
2018-05-08 00:00:00+09:00,3810.2449376983827,3875.2186637979894,3800.96297682701,3838.0908203125,5200,0.0,0.0
2018-05-09 00:00:00+09:00,3903.0645942501906,3903.0645942501906,3800.9630234136816,3805.60400390625,1900,0.0,0.0
2018-05-10 00:00:00+09:00,3810.2454325358076,3898.424072265625,3810.2454325358076,3898.424072265625,1300,0.0,0.0
2018-05-11 00:00:00+09:00,3898.423346532534,3926.269227579195,3327.5827850759847,3387.91552734375,18800,0.0,0.0
2018-05-14 00:00:00+09:00,3392.5571190353353,3452.8898721782343,3392.5571190353353,3443.60791015625,11600,0.0,0.0
2018-05-15 00:00:00+09:00,3401.8391830947376,3406.480164244935,3364.7113338931576,3378.63427734375,6300,0.0,0.0
2018-05-16 00:00:00+09:00,3341.506408186983,3378.634257166839,3322.9424836970556,3369.352294921875,12600,0.0,0.0
2018-05-17 00:00:00+09:00,3397.1979144185943,3397.1979144185943,3341.506145329765,3360.070068359375,6400,0.0,0.0
2018-05-18 00:00:00+09:00,3364.7107611762153,3364.7107611762153,3322.941937934028,3341.505859375,6800,0.0,0.0
2018-05-21 00:00:00+09:00,3341.5059534348443,3341.5059534348443,3271.8912460716183,3276.5322265625,6700,0.0,0.0
2018-05-22 00:00:00+09:00,3309.019021336036,3313.660001730617,3276.532158573971,3299.737060546875,5400,0.0,0.0
2018-05-23 00:00:00+09:00,3313.6601773906687,3322.942138671875,3257.9684097034306,3322.942138671875,7900,0.0,0.0
2018-05-24 00:00:00+09:00,3318.301050980436,3318.301050980436,3253.3273241080915,3276.5322265625,2100,0.0,0.0
2018-05-25 00:00:00+09:00,3248.6861472906066,3299.7369296051734,3165.148503503134,3192.994384765625,5500,0.0,0.0
2018-05-28 00:00:00+09:00,3197.6354520951195,3230.122314453125,3192.9944717582616,3230.122314453125,1600,0.0,0.0
2018-05-29 00:00:00+09:00,3239.4044128951805,3239.4044128951805,3183.712646484375,3183.712646484375,900,0.0,0.0
2018-05-30 00:00:00+09:00,3220.8406459769594,3220.8406459769594,3086.252203998095,3197.6357421875,7200,0.0,0.0
2018-05-31 00:00:00+09:00,3202.2770238884304,3336.865478515625,3202.2770238884304,3336.865478515625,8600,0.0,0.0
2018-06-01 00:00:00+09:00,3234.7634350719345,3397.19775390625,3234.7634350719345,3397.19775390625,10500,0.0,0.0
2018-06-04 00:00:00+09:00,3401.8389474141227,3601.401123046875,3401.8389474141227,3601.401123046875,8000,0.0,0.0
2018-06-05 00:00:00+09:00,3619.964810075431,3671.0155958585465,3499.29931640625,3499.29931640625,7200,0.0,0.0
2018-06-06 00:00:00+09:00,3434.3257877604165,3480.735595703125,3387.9159798177084,3480.735595703125,9700,0.0,0.0
2018-06-07 00:00:00+09:00,3545.708964869757,3550.349945190267,3485.376220703125,3485.376220703125,1000,0.0,0.0
2018-06-08 00:00:00+09:00,3550.3503076171874,3550.3503076171874,3364.711075846354,3480.735595703125,5900,0.0,0.0
2018-06-11 00:00:00+09:00,3545.7092772147457,3545.7092772147457,3513.222412109375,3513.222412109375,3400,0.0,0.0
2018-06-12 00:00:00+09:00,3513.2223910906455,3527.1453331953644,3392.556892849752,3503.9404296875,6300,0.0,0.0
2018-06-13 00:00:00+09:00,3568.914180861439,3568.914180861439,3429.6847589812787,3513.222412109375,6700,0.0,0.0
2018-06-14 00:00:00+09:00,3513.222440179019,3545.7093055439504,3462.1716517484124,3471.45361328125,1700,0.0,0.0
2018-06-15 00:00:00+09:00,3513.2227306994764,3545.7095987508587,3378.63427734375,3378.63427734375,7600,0.0,0.0
2018-06-18 00:00:00+09:00,3448.24840766059,3448.24840766059,3253.327232530382,3341.505859375,7600,0.0,0.0
2018-06-19 00:00:00+09:00,3373.9927218967014,3438.966446940104,3336.8648790147568,3341.505859375,9600,0.0,0.0
2018-06-20 00:00:00+09:00,3262.609375,3322.942123044097,3165.14878200569,3262.609375,9000,0.0,0.0
2018-06-21 00:00:00+09:00,3257.968539569168,3355.4291369067073,3257.968539569168,3327.583251953125,3000,0.0,0.0
2018-06-22 00:00:00+09:00,3327.583383521704,3327.583383521704,3155.8670861851588,3220.8408203125,6400,0.0,0.0
2018-06-25 00:00:00+09:00,3220.8406745461857,3253.327540139591,3155.866943359375,3155.866943359375,4900,0.0,0.0
2018-06-26 00:00:00+09:00,3155.867116218066,3244.0457562300408,3104.816324632185,3179.072021484375,5300,0.0,0.0
2018-06-27 00:00:00+09:00,3206.917519199274,3322.9420314713175,3206.917519199274,3276.5322265625,4600,0.0,0.0
2018-06-28 00:00:00+09:00,3309.019560090788,3378.63427734375,3174.431106735062,3378.63427734375,2300,0.0,0.0
2018-06-29 00:00:00+09:00,3383.27502186029,3383.27502186029,3327.583251953125,3327.583251953125,2000,0.0,0.0
2018-07-02 00:00:00+09:00,3350.7880377121915,3392.5568636670523,3216.1995985243057,3383.27490234375,3300,0.0,0.0
2018-07-03 00:00:00+09:00,3322.9424836970556,3369.352294921875,3248.686785737345,3369.352294921875,1400,0.0,0.0
2018-07-04 00:00:00+09:00,3369.352294921875,3369.352294921875,3369.352294921875,3369.352294921875,0,0.0,0.0
2018-07-05 00:00:00+09:00,3253.3272661867395,3253.3272661867395,3137.302755980365,3146.584716796875,1300,0.0,0.0
2018-07-06 00:00:00+09:00,3114.0980748283796,3146.5849399905233,3114.0980748283796,3137.302978515625,2200,0.0,0.0
2018-07-09 00:00:00+09:00,3109.4571077875544,3230.122607492743,3109.4571077875544,3197.6357421875,1000,0.0,0.0
2018-07-10 00:00:00+09:00,3206.9177660605887,3239.404631997527,3206.9177660605887,3225.481689453125,900,0.0,0.0
2018-07-11 00:00:00+09:00,3225.4815988622627,3299.7372903468618,3225.4815988622627,3239.404541015625,2700,0.0,0.0
2018-07-12 00:00:00+09:00,3239.404541015625,3239.404541015625,3239.404541015625,3239.404541015625,0,0.0,0.0
2018-07-13 00:00:00+09:00,3248.686767578125,3262.609710867746,3234.7638242885046,3248.686767578125,1200,0.0,0.0
2018-07-16 00:00:00+09:00,3248.686767578125,3248.686767578125,3248.686767578125,3248.686767578125,0,0.0,0.0
2018-07-17 00:00:00+09:00,3276.5322265625,3276.5322265625,3276.5322265625,3276.5322265625,600,0.0,0.0
2018-07-18 00:00:00+09:00,3304.378519412223,3387.9161786108466,3304.378519412223,3350.788330078125,1300,0.0,0.0
2018-07-19 00:00:00+09:00,3355.428955078125,3355.428955078125,3355.428955078125,3355.428955078125,100,0.0,0.0
2018-07-20 00:00:00+09:00,3387.916032176907,3387.916032176907,3262.6095487950215,3285.814453125,2400,0.0,0.0
2018-07-23 00:00:00+09:00,3285.814453125,3285.814453125,3285.814453125,3285.814453125,0,0.0,0.0
2018-07-24 00:00:00+09:00,3346.146839735243,3346.146839735243,3318.3009575737847,3341.505859375,2400,0.0,0.0
2018-07-25 00:00:00+09:00,3373.9931640625,3387.9161069678476,3373.9931640625,3373.9931640625,800,0.0,0.0
2018-07-26 00:00:00+09:00,3434.325753348214,3434.325753348214,3411.120849609375,3411.120849609375,500,0.0,0.0
2018-07-27 00:00:00+09:00,3346.146839735243,3712.7842881944443,3341.505859375,3341.505859375,19700,0.0,0.0
2018-07-30 00:00:00+09:00,3401.8386040581595,3415.761545138889,3336.8648790147568,3341.505859375,11900,0.0,0.0
2018-07-31 00:00:00+09:00,3401.8388190192145,3434.32568359375,3360.069993137669,3434.32568359375,6700,0.0,0.0
2018-08-01 00:00:00+09:00,3462.1716240866494,3513.222412109375,3397.197893875908,3513.222412109375,7600,0.0,0.0
2018-08-02 00:00:00+09:00,3527.145279147801,3587.47802734375,3517.863317886886,3587.47802734375,1600,0.0,0.0
2018-08-03 00:00:00+09:00,3610.6829938974247,3619.9649553213253,3568.9141674898706,3615.323974609375,1000,0.0,0.0
2018-08-06 00:00:00+09:00,3615.323974609375,3615.323974609375,3615.323974609375,3615.323974609375,0,0.0,0.0
2018-08-07 00:00:00+09:00,3680.2978354156335,3680.2978354156335,3508.58154296875,3508.58154296875,1300,0.0,0.0
2018-08-08 00:00:00+09:00,3503.940471503417,3522.50439453125,3438.966740906003,3522.50439453125,1700,0.0,0.0
2018-08-09 00:00:00+09:00,3457.5306304030605,3661.733781728879,3457.5306304030605,3615.323974609375,3000,0.0,0.0
2018-08-10 00:00:00+09:00,3619.9650964625325,3619.9650964625325,3568.914306640625,3568.914306640625,7800,0.0,0.0
2018-08-13 00:00:00+09:00,3503.940525644833,3657.0928929908987,3503.940525644833,3601.401123046875,3300,0.0,0.0
2018-08-14 00:00:00+09:00,3490.0172227755647,3545.7089869687916,3387.9156550879816,3494.658203125,4400,0.0,0.0
2018-08-15 00:00:00+09:00,3513.2224330173335,3522.50439453125,3508.5814522603755,3522.50439453125,1300,0.0,0.0
2018-08-16 00:00:00+09:00,3522.50439453125,3522.50439453125,3522.50439453125,3522.50439453125,0,0.0,0.0
2018-08-17 00:00:00+09:00,3457.5307912411895,3457.5307912411895,3415.761962890625,3415.761962890625,2200,0.0,0.0
2018-08-20 00:00:00+09:00,3364.710777036605,3452.889404296875,3364.710777036605,3452.889404296875,1200,0.0,0.0
2018-08-21 00:00:00+09:00,3387.915734800032,3619.9647577315413,3387.915734800032,3582.8369140625,2900,0.0,0.0
2018-08-22 00:00:00+09:00,3582.8369140625,3582.8369140625,3582.8369140625,3582.8369140625,0,0.0,0.0
2018-08-23 00:00:00+09:00,3610.682898580352,3680.297607421875,3545.709170328263,3680.297607421875,2700,0.0,0.0
2018-08-24 00:00:00+09:00,3680.2974339783423,3680.2974339783423,3550.349983598275,3606.041748046875,2000,0.0,0.0
2018-08-27 00:00:00+09:00,3606.0425337357956,3689.5801986099837,3573.5556640625,3573.5556640625,2100,0.0,0.0
2018-08-28 00:00:00+09:00,3638.528744577442,3675.656588909865,3587.477958620361,3610.682861328125,3500,0.0,0.0
2018-08-29 00:00:00+09:00,3582.8370467132927,3638.528814278784,3582.8370467132927,3587.47802734375,1800,0.0,0.0
2018-08-30 00:00:00+09:00,3587.478230212228,3652.4519627128375,3485.376650568413,3568.914306640625,3100,0.0,0.0
2018-08-31 00:00:00+09:00,3536.4277671331092,3675.657206784019,3536.4277671331092,3666.375244140625,3700,0.0,0.0
2018-09-03 00:00:00+09:00,3601.4014072516024,3708.1439747345753,3559.632576497396,3619.96533203125,3700,0.0,0.0
2018-09-04 00:00:00+09:00,3573.5551482018213,3615.323974609375,3573.5551482018213,3615.323974609375,1000,0.0,0.0
2018-09-05 00:00:00+09:00,3610.6828521728517,3712.784423828125,3610.6828521728517,3712.784423828125,4300,0.0,0.0
2018-09-06 00:00:00+09:00,3708.1435546875,3731.3484580334793,3633.887863980366,3708.1435546875,4300,0.0,0.0
2018-09-07 00:00:00+09:00,3708.1435546875,3708.1435546875,3708.1435546875,3708.1435546875,0,0.0,0.0
2018-09-10 00:00:00+09:00,3633.888374888746,3708.144076035898,3619.965430923655,3666.375244140625,8500,0.0,0.0
2018-09-11 00:00:00+09:00,3601.401005314086,3684.938657499207,3601.401005314086,3657.0927734375,2000,0.0,0.0
2018-09-12 00:00:00+09:00,3657.092814718874,3657.092814718874,3285.81435637178,3513.222412109375,6200,0.0,0.0
2018-09-13 00:00:00+09:00,3578.196599028382,3698.862113392504,3527.1458044897154,3666.375244140625,1800,0.0,0.0
2018-09-14 00:00:00+09:00,3698.8614179097135,3698.8614179097135,3619.964750275504,3684.9384765625,5200,0.0,0.0
2018-09-17 00:00:00+09:00,3684.9384765625,3684.9384765625,3684.9384765625,3684.9384765625,0,0.0,0.0
2018-09-18 00:00:00+09:00,3712.784445137157,3722.06640625,3647.8107173472567,3722.06640625,4800,0.0,0.0
2018-09-19 00:00:00+09:00,3722.0665178048926,3722.0665178048926,3717.425537109375,3717.425537109375,300,0.0,0.0
2018-09-20 00:00:00+09:00,3652.4513945665776,3671.015315250525,3536.426890291909,3592.11865234375,2600,0.0,0.0
2018-09-21 00:00:00+09:00,3592.118930053711,3712.784423828125,3536.427163696289,3712.784423828125,3500,0.0,0.0
2018-09-24 00:00:00+09:00,3712.784423828125,3712.784423828125,3712.784423828125,3712.784423828125,0,0.0,0.0
2018-09-25 00:00:00+09:00,3712.7844874379653,3740.63037109375,3708.143506828668,3740.63037109375,3900,0.0,0.0
2018-09-26 00:00:00+09:00,3737.8271484375,3737.8271484375,3737.8271484375,3737.8271484375,100,27.0,0.0
2018-09-27 00:00:00+09:00,3737.8269526196636,3737.8269526196636,3607.0030092779753,3611.67529296875,1800,0.0,0.0
2018-09-28 00:00:00+09:00,3625.6922181668274,3691.1041911749917,3625.6922181668274,3630.364501953125,600,0.0,0.0
2018-10-01 00:00:00+09:00,3723.8102291535306,3723.8102291535306,3649.0536875394073,3705.12109375,800,0.0,0.0
2018-10-02 00:00:00+09:00,3733.154555849486,3733.154555849486,3649.053451963014,3691.10400390625,2200,0.0,0.0
2018-10-03 00:00:00+09:00,3733.154716722893,3737.827000473485,3700.44873046875,3700.44873046875,1100,0.0,0.0
2018-10-04 00:00:00+09:00,3737.827052696078,3737.827052696078,3574.297119140625,3574.297119140625,2100,0.0,0.0
2018-10-05 00:00:00+09:00,3583.641569839769,3667.74267578125,3583.641569839769,3667.74267578125,2100,0.0,0.0
2018-10-08 00:00:00+09:00,3667.74267578125,3667.74267578125,3667.74267578125,3667.74267578125,0,0.0,0.0
2018-10-09 00:00:00+09:00,3602.330725587201,3611.67529296875,3583.6415908241024,3611.67529296875,600,0.0,0.0
2018-10-10 00:00:00+09:00,3611.675716230826,3616.348000469158,3578.9697265625,3578.9697265625,700,0.0,0.0
2018-10-11 00:00:00+09:00,3569.6248120364507,3569.6248120364507,3228.548095703125,3228.548095703125,4000,0.0,0.0
2018-10-12 00:00:00+09:00,3321.993457830619,3485.523374882759,3321.993457830619,3424.78369140625,1300,0.0,0.0
2018-10-15 00:00:00+09:00,3312.649226392075,3382.7334836500177,3312.649226392075,3373.388916015625,500,0.0,0.0
2018-10-16 00:00:00+09:00,3392.0779767474755,3438.8008138927576,3326.6660047440805,3354.69970703125,1900,0.0,0.0
2018-10-17 00:00:00+09:00,3443.473568600171,3466.8349903681506,3354.700165881849,3410.767578125,1300,0.0,0.0
2018-10-18 00:00:00+09:00,3471.506620083513,3471.506620083513,3387.405517578125,3387.405517578125,300,0.0,0.0
2018-10-19 00:00:00+09:00,3270.598593342568,3583.6416015625,3223.875756294817,3583.6416015625,8700,0.0,0.0
2018-10-22 00:00:00+09:00,3504.212976139497,3560.280383757729,3415.4395807439632,3494.868408203125,1800,0.0,0.0
2018-10-23 00:00:00+09:00,3429.456139402963,3429.456139402963,3415.4392886969563,3420.111572265625,600,0.0,0.0
2018-10-24 00:00:00+09:00,3415.4397091202222,3578.969654153338,3415.4397091202222,3560.280517578125,1400,0.0,0.0
2018-10-25 00:00:00+09:00,3527.574229832485,3527.574229832485,3485.5236760993826,3499.54052734375,1400,0.0,0.0
2018-10-26 00:00:00+09:00,3434.1284382293825,3466.8344233553767,3378.06103515625,3378.06103515625,800,0.0,0.0
2018-10-29 00:00:00+09:00,3378.0611884148566,3401.422607421875,3293.9600799895907,3401.422607421875,600,0.0,0.0
2018-10-30 00:00:00+09:00,3336.01032067399,3420.111421195183,3336.01032067399,3382.733154296875,2400,0.0,0.0
2018-10-31 00:00:00+09:00,3471.5072747217464,3471.5072747217464,3382.7338720034245,3410.767578125,1700,0.0,0.0
2018-11-01 00:00:00+09:00,3279.9430503183708,3279.9430503183708,3233.22021484375,3233.22021484375,1100,0.0,0.0
2018-11-02 00:00:00+09:00,3233.22021484375,3233.22021484375,3233.22021484375,3233.22021484375,0,0.0,0.0
2018-11-05 00:00:00+09:00,3350.0271707608554,3429.45598791976,3350.0271707608554,3382.733154296875,600,0.0,0.0
2018-11-06 00:00:00+09:00,3382.7337083725206,3415.439697265625,3317.3217305863113,3415.439697265625,500,0.0,0.0
2018-11-07 00:00:00+09:00,3415.4393090142144,3466.8344285753037,3364.044189453125,3364.044189453125,1100,0.0,0.0
2018-11-08 00:00:00+09:00,3392.0779822716345,3410.7671171601833,3340.682861328125,3340.682861328125,1800,0.0,0.0
2018-11-09 00:00:00+09:00,3340.682861328125,3340.682861328125,3340.682861328125,3340.682861328125,0,0.0,0.0
2018-11-12 00:00:00+09:00,3364.044189453125,3368.7164730495874,3364.044189453125,3364.044189453125,700,0.0,0.0
2018-11-13 00:00:00+09:00,3364.044189453125,3364.044189453125,3364.044189453125,3364.044189453125,400,0.0,0.0
2018-11-14 00:00:00+09:00,3364.044189453125,3364.044189453125,3364.044189453125,3364.044189453125,0,0.0,0.0
2018-11-15 00:00:00+09:00,3415.4391378328946,3415.4391378328946,3364.0440208477207,3382.733154296875,800,0.0,0.0
2018-11-16 00:00:00+09:00,3392.07805128441,3392.07805128441,3364.044348381233,3373.388916015625,1400,0.0,0.0
2018-11-19 00:00:00+09:00,3373.389303296233,3410.767578125,3368.717018942637,3410.767578125,600,0.0,0.0
2018-11-20 00:00:00+09:00,3410.767578125,3410.767578125,3410.767578125,3410.767578125,0,0.0,0.0
2018-11-21 00:00:00+09:00,3410.767020282244,3420.1115874610996,3321.993632083117,3378.06103515625,2500,0.0,0.0
2018-11-22 00:00:00+09:00,3373.3889393981076,3392.078074796435,3289.287830105634,3317.321533203125,1800,0.0,0.0
2018-11-23 00:00:00+09:00,3317.321533203125,3317.321533203125,3317.321533203125,3317.321533203125,0,0.0,0.0
2018-11-26 00:00:00+09:00,3317.3213086497135,3350.0272933828796,3256.58162271669,3261.25390625,1500,0.0,0.0
2018-11-27 00:00:00+09:00,3275.2709165736605,3303.304619140625,3270.5986328125,3270.5986328125,1800,0.0,0.0
2018-11-28 00:00:00+09:00,3270.598748627379,3270.598748627379,3186.497637948389,3191.169921875,1600,0.0,0.0
2018-11-29 00:00:00+09:00,3205.186705459504,3205.186705459504,3144.4470157058986,3158.4638671875,2100,0.0,0.0
2018-11-30 00:00:00+09:00,3158.463832685292,3158.463832685292,3032.3121707289265,3041.65673828125,3600,0.0,0.0
2018-12-03 00:00:00+09:00,3107.0687741555175,3107.0687741555175,3074.3627870591436,3088.379638671875,1900,0.0,0.0
2018-12-04 00:00:00+09:00,3111.741311116784,3177.1532906297493,3074.363037109375,3074.363037109375,6700,0.0,0.0
2018-12-05 00:00:00+09:00,3074.362951290246,3093.052087772254,3065.0183830492424,3083.70751953125,1100,0.0,0.0
2018-12-06 00:00:00+09:00,3083.707286589736,3153.7915431031392,3055.673583984375,3055.673583984375,2000,0.0,0.0
2018-12-07 00:00:00+09:00,3060.3458733858965,3125.75784625216,3013.62303562428,3041.65673828125,1200,0.0,0.0
2018-12-10 00:00:00+09:00,3046.3291513236463,3046.3291513236463,2929.522051963077,2934.1943359375,2200,0.0,0.0
2018-12-11 00:00:00+09:00,2901.4883481165407,2985.5894596561507,2873.454644270004,2934.1943359375,1200,0.0,0.0
2018-12-12 00:00:00+09:00,2929.52164428905,2938.8662109375,2864.1096777499006,2938.8662109375,1600,0.0,0.0
2018-12-13 00:00:00+09:00,2878.1265580026725,2878.1265580026725,2695.9075064408153,2840.748291015625,2600,0.0,0.0
2018-12-14 00:00:00+09:00,2840.748291015625,2840.748291015625,2840.748291015625,2840.748291015625,0,0.0,0.0
2018-12-17 00:00:00+09:00,2802.435860433923,2802.435860433923,2705.252356104104,2714.596923828125,1100,0.0,0.0
2018-12-18 00:00:00+09:00,2714.596939002237,2729.548247444246,2523.033299588998,2525.836669921875,5500,0.0,0.0
2018-12-19 00:00:00+09:00,2657.5949354528743,2657.5949354528743,2609.0031855782086,2621.151123046875,2200,0.0,0.0
2018-12-20 00:00:00+09:00,2574.4284730340446,2615.5445720589078,2533.3123740091814,2560.41162109375,3000,0.0,0.0
2018-12-21 00:00:00+09:00,2523.0337117917493,2523.0337117917493,2350.1591796875,2350.1591796875,4000,0.0,0.0
2018-12-24 00:00:00+09:00,2350.1591796875,2350.1591796875,2350.1591796875,2350.1591796875,0,0.0,0.0
2018-12-25 00:00:00+09:00,2163.2673016230838,2240.8272091974754,1973.5725879170425,2072.625,11500,0.0,0.0
2018-12-26 00:00:00+09:00,2177.2844918097026,2241.7620153868997,2067.9530387874984,2077.297607421875,7700,0.0,0.0
2018-12-27 00:00:00+09:00,2310.9117944959553,2451.080322265625,2211.859368205389,2451.080322265625,5800,0.0,0.0
2018-12-28 00:00:00+09:00,2418.373998238388,2418.373998238388,2262.3197255545356,2353.896484375,3200,0.0,0.0
2018-12-31 00:00:00+09:00,2353.896484375,2353.896484375,2353.896484375,2353.896484375,0,0.0,0.0
2019-01-04 00:00:00+09:00,2335.207275390625,2347.355212397459,2278.2054171277887,2335.207275390625,11700,0.0,0.0
2019-01-07 00:00:00+09:00,2372.5858859858486,2424.915468347096,2372.5858859858486,2378.192626953125,4000,0.0,0.0
2019-01-08 00:00:00+09:00,2380.995832567402,2477.244879174326,2353.8965864353554,2382.86474609375,11600,0.0,0.0
2019-01-09 00:00:00+09:00,2384.7333984375,2429.5873181573274,2384.7333984375,2384.7333984375,1700,0.0,0.0
2019-01-10 00:00:00+09:00,2389.405805456983,2389.405805456983,2357.63427734375,2357.63427734375,3100,0.0,0.0
2019-01-11 00:00:00+09:00,2357.6343061511875,2369.7822435193866,2357.6343061511875,2367.913330078125,4300,0.0,0.0
2019-01-15 00:00:00+09:00,2382.8649558214443,2394.0784379664865,2349.224509386318,2386.602783203125,4500,0.0,0.0
2019-01-16 00:00:00+09:00,2386.602262444452,2508.0816258421733,2371.6509561801176,2444.53857421875,6200,0.0,0.0
2019-01-17 00:00:00+09:00,2444.5387947936774,2448.2766216970317,2419.3084631960364,2420.242919921875,2000,0.0,0.0
2019-01-18 00:00:00+09:00,2420.2428619289694,2462.293413584106,2363.2410030186734,2399.684814453125,3300,0.0,0.0
2019-01-21 00:00:00+09:00,2447.3422739141643,2494.065112285951,2435.1943359375,2435.1943359375,2000,0.0,0.0
2019-01-22 00:00:00+09:00,2440.801248761359,2440.801248761359,2395.947320759619,2416.50537109375,5200,0.0,0.0
2019-01-23 00:00:00+09:00,2416.505246555453,2416.505246555453,2393.14382692518,2403.4228515625,3900,0.0,0.0
2019-01-24 00:00:00+09:00,2452.014339477345,2452.014339477345,2351.093017578125,2351.093017578125,4400,0.0,0.0
2019-01-25 00:00:00+09:00,2381.9303009517607,2381.9303009517607,2354.8310546875,2354.8310546875,2900,0.0,0.0
2019-01-28 00:00:00+09:00,2428.653341247033,2428.653341247033,2386.602783203125,2386.602783203125,600,0.0,0.0
2019-01-29 00:00:00+09:00,2396.881677317759,2438.9322330601763,2387.537109375,2387.537109375,1700,0.0,0.0
2019-01-30 00:00:00+09:00,2400.6194934859977,2404.3573206459605,2375.38916015625,2375.38916015625,2000,0.0,0.0
2019-01-31 00:00:00+09:00,2376.3231585121976,2386.602181219093,2376.3231585121976,2385.667724609375,1400,0.0,0.0
2019-02-01 00:00:00+09:00,2389.405664082528,2458.555456472871,2083.838338249526,2278.205322265625,11400,0.0,0.0
2019-02-04 00:00:00+09:00,2322.1253403053406,2326.797624692273,2322.1253403053406,2324.9287109375,2300,0.0,0.0
2019-02-05 00:00:00+09:00,2378.1923388880136,2471.638010357091,2378.1923388880136,2409.9638671875,1200,0.0,0.0
2019-02-06 00:00:00+09:00,2402.487943584294,2402.487943584294,2385.667724609375,2385.667724609375,2700,0.0,0.0
2019-02-07 00:00:00+09:00,2410.898053071754,2410.898053071754,2385.667724609375,2385.667724609375,400,0.0,0.0
2019-02-08 00:00:00+09:00,2426.783815436955,2426.783815436955,2385.667724609375,2385.667724609375,800,0.0,0.0
2019-02-12 00:00:00+09:00,2385.667952204325,2494.0649292727553,2385.667952204325,2481.9169921875,2400,0.0,0.0
2019-02-13 00:00:00+09:00,2481.917214234791,2488.458411712066,2457.621337890625,2457.621337890625,3800,0.0,0.0
2019-02-14 00:00:00+09:00,2504.344113372093,2531.443359375,2462.2935592296512,2531.443359375,4800,0.0,0.0
2019-02-15 00:00:00+09:00,2484.7205717063507,2664.136273010457,2484.7205717063507,2525.836669921875,6200,0.0,0.0
2019-02-18 00:00:00+09:00,2525.8366647196262,2550.1325408878506,2499.671875,2499.671875,3600,0.0,0.0
2019-02-19 00:00:00+09:00,2499.6721536914133,2501.5410674511827,2466.966162895451,2495.934326171875,7200,0.0,0.0
2019-02-20 00:00:00+09:00,2495.934326171875,2501.5410674511827,2495.934326171875,2495.934326171875,3400,0.0,0.0
2019-02-21 00:00:00+09:00,2510.885395469821,2522.098876953125,2510.885395469821,2522.098876953125,200,0.0,0.0
2019-02-22 00:00:00+09:00,2522.098876953125,2522.098876953125,2522.098876953125,2522.098876953125,0,0.0,0.0
2019-02-25 00:00:00+09:00,2523.0332830989387,2526.7711101850114,2487.52392578125,2487.52392578125,7100,0.0,0.0
2019-02-26 00:00:00+09:00,2489.3931377200543,2508.082275390625,2437.998009125984,2508.082275390625,3300,0.0,0.0
2019-02-27 00:00:00+09:00,2485.655300493144,2509.01672249026,2485.655300493144,2495.934326171875,2700,0.0,0.0
2019-02-28 00:00:00+09:00,2494.999449010456,2521.1642372397787,2487.5237952306493,2488.458251953125,2500,0.0,0.0
2019-03-01 00:00:00+09:00,2512.7540397183093,2562.280244294386,2512.7540397183093,2552.001220703125,1300,0.0,0.0
2019-03-04 00:00:00+09:00,2509.9507971686594,2510.88525390625,2509.9507971686594,2510.88525390625,800,0.0,0.0
2019-03-05 00:00:00+09:00,2510.88525390625,2510.88525390625,2510.88525390625,2510.88525390625,0,0.0,0.0
2019-03-06 00:00:00+09:00,2510.885147668196,2536.115478515625,2510.885147668196,2536.115478515625,1700,0.0,0.0
2019-03-07 00:00:00+09:00,2532.3777705439816,2537.0500542534724,2508.0818952546297,2523.033203125,3300,0.0,0.0
2019-03-08 00:00:00+09:00,2523.033203125,2523.033203125,2523.033203125,2523.033203125,0,0.0,0.0
2019-03-11 00:00:00+09:00,2523.033203125,2523.033203125,2523.033203125,2523.033203125,0,0.0,0.0
2019-03-12 00:00:00+09:00,2530.509143480744,2530.509143480744,2505.27880859375,2505.27880859375,1000,0.0,0.0
2019-03-13 00:00:00+09:00,2494.999755859375,2496.868669534176,2494.999755859375,2494.999755859375,600,0.0,0.0
2019-03-14 00:00:00+09:00,2504.3442026494313,2548.263671875,2504.3442026494313,2548.263671875,500,0.0,0.0
2019-03-15 00:00:00+09:00,2548.263671875,2548.263671875,2548.263671875,2548.263671875,0,0.0,0.0
2019-03-18 00:00:00+09:00,2523.0337117917493,2523.0337117917493,2347.35580889662,2350.1591796875,6600,0.0,0.0
2019-03-19 00:00:00+09:00,2357.6343506835938,2367.9133748046875,2336.141845703125,2336.141845703125,2500,0.0,0.0
2019-03-20 00:00:00+09:00,2329.600375342915,2331.4692886003104,2320.25580905594,2325.862548828125,2800,0.0,0.0
2019-03-22 00:00:00+09:00,2329.6005942100337,2329.6005942100337,2261.38525390625,2261.38525390625,4100,0.0,0.0
2019-03-25 00:00:00+09:00,2245.49945612237,2286.615551032642,2167.9395498143563,2170.742919921875,3400,0.0,0.0
2019-03-26 00:00:00+09:00,2241.7618540035037,2311.8461137159934,2241.7618540035037,2266.9921875,2200,0.0,0.0
2019-03-27 00:00:00+09:00,2214.4461962273053,2299.833740234375,2214.4461962273053,2299.833740234375,800,10.0,0.0
2019-03-28 00:00:00+09:00,2354.256014381653,2354.256014381653,2224.7672419684736,2225.70556640625,4500,0.0,0.0
2019-03-29 00:00:00+09:00,2233.2125883460585,2298.895311532707,2233.2125883460585,2273.560546875,800,0.0,0.0
2019-04-01 00:00:00+09:00,2273.5605520307645,2273.5605520307645,2261.362331982725,2266.053955078125,1100,0.0,0.0
2019-04-02 00:00:00+09:00,2270.7454727102536,2270.7454727102536,2239.78076171875,2239.78076171875,1200,0.0,0.0
2019-04-03 00:00:00+09:00,2270.7452494303384,2273.5602228800453,2251.978759765625,2251.978759765625,300,0.0,0.0
2019-04-04 00:00:00+09:00,2251.978759765625,2251.978759765625,2251.978759765625,2251.978759765625,0,0.0,0.0
2019-04-05 00:00:00+09:00,2298.8952537716063,2332.674939133148,2298.8952537716063,2313.908447265625,1400,0.0,0.0
2019-04-08 00:00:00+09:00,2313.908447265625,2313.908447265625,2313.908447265625,2313.908447265625,0,0.0,0.0
2019-04-09 00:00:00+09:00,2342.05831133225,2342.05831133225,2310.1552734375,2310.1552734375,800,0.0,0.0
2019-04-10 00:00:00+09:00,2342.05831133225,2342.05831133225,2310.1552734375,2310.1552734375,800,0.0,0.0
2019-04-11 00:00:00+09:00,2332.6747725146897,2336.4280706201034,2330.798123461983,2335.48974609375,500,0.0,0.0
2019-04-12 00:00:00+09:00,2317.6617456391295,2317.6617456391295,2308.2784997053677,2313.908447265625,900,0.0,0.0
2019-04-15 00:00:00+09:00,2319.5384072833167,2341.119873046875,2312.9701350944074,2341.119873046875,4200,0.0,0.0
2019-04-16 00:00:00+09:00,2341.1199035769246,2341.1199035769246,2290.4503746017126,2296.080322265625,1800,0.0,0.0
2019-04-17 00:00:00+09:00,2296.0803724554903,2355.19482421875,2296.0803724554903,2355.19482421875,1300,0.0,0.0
2019-04-18 00:00:00+09:00,2355.1946900861535,2373.961181640625,2329.859926487617,2373.961181640625,1600,0.0,0.0
2019-04-19 00:00:00+09:00,2373.961181640625,2373.961181640625,2356.133014663877,2373.961181640625,2100,0.0,0.0
2019-04-22 00:00:00+09:00,2373.96087743059,2373.96087743059,2372.084228515625,2372.084228515625,400,0.0,0.0
2019-04-23 00:00:00+09:00,2372.0846400948103,2372.0846400948103,2321.415110599114,2350.503173828125,800,0.0,0.0
2019-04-24 00:00:00+09:00,2350.502888659719,2351.4412131661697,2261.362060546875,2261.362060546875,2300,0.0,0.0
2019-04-25 00:00:00+09:00,2308.278487013362,2308.278487013362,2260.423933014304,2286.697021484375,1300,0.0,0.0
2019-04-26 00:00:00+09:00,2286.696729143444,2286.696729143444,2253.8553727544327,2262.30029296875,1900,0.0,0.0
2019-05-07 00:00:00+09:00,2261.362028473697,2264.177001953125,2223.8290487479926,2264.177001953125,1600,0.0,0.0
2019-05-08 00:00:00+09:00,2261.3619600426614,2261.3619600426614,2215.38406127001,2220.07568359375,1900,0.0,0.0
2019-05-09 00:00:00+09:00,2220.076166321675,2238.842659697175,2218.199516984125,2227.582763671875,1100,0.0,0.0
2019-05-10 00:00:00+09:00,2251.9787397540986,2251.9787397540986,2214.4457607581967,2232.27392578125,5300,0.0,0.0
2019-05-13 00:00:00+09:00,2233.21240234375,2280.128629283745,2233.21240234375,2233.21240234375,1500,0.0,0.0
2019-05-14 00:00:00+09:00,2233.212449048913,2242.595694633152,2154.3931861413043,2158.146484375,4500,0.0,0.0
2019-05-15 00:00:00+09:00,2204.1243311186545,2204.1243311186545,2148.76318359375,2148.76318359375,3600,0.0,0.0
2019-05-16 00:00:00+09:00,2148.7632696004193,2149.7015941722975,1970.481600943616,2013.64453125,9400,0.0,0.0
2019-05-17 00:00:00+09:00,2044.6090623235127,2044.6090623235127,1932.948448089232,1947.0233154296875,9000,0.0,0.0
2019-05-20 00:00:00+09:00,1900.1072845458984,1926.3803729248048,1876.649169921875,1876.649169921875,13100,0.0,0.0
2019-05-21 00:00:00+09:00,1923.5653891064846,1923.5653891064846,1746.2220434766673,1749.975341796875,16100,0.0,0.0
2019-05-22 00:00:00+09:00,1782.8166630518074,1782.8166630518074,1658.9578211976818,1664.5877685546875,22600,0.0,0.0
2019-05-23 00:00:00+09:00,1676.786074056665,1700.2441892505187,1555.7421996563796,1582.95361328125,20500,0.0,0.0
2019-05-24 00:00:00+09:00,1625.1781700764877,1644.882986226376,1587.6451869338437,1612.0416259765625,10300,0.0,0.0
2019-05-27 00:00:00+09:00,1641.1296879121116,1641.1296879121116,1583.8918886195793,1612.0416259765625,5600,0.0,0.0
2019-05-28 00:00:00+09:00,1612.0416949849366,1677.7244182963136,1612.0416949849366,1644.883056640625,52900,0.0,0.0
2019-05-29 00:00:00+09:00,1621.424825203519,1827.8562265604485,1618.6098515486517,1786.5699462890625,8600,0.0,0.0
2019-05-30 00:00:00+09:00,1733.0854468465855,1839.1161211799174,1654.2661845103032,1786.5699462890625,18500,0.0,0.0
2019-05-31 00:00:00+09:00,1775.3100471017751,1810.9663799716839,1737.77706513345,1794.0765380859375,10400,0.0,0.0
2019-06-03 00:00:00+09:00,1764.9884444256218,1795.01482944509,1735.9003839380118,1747.1602783203125,11500,0.0,0.0
2019-06-04 00:00:00+09:00,1781.8783212337855,1849.4376888635024,1781.8783212337855,1840.054443359375,7500,0.0,0.0
2019-06-05 00:00:00+09:00,1845.6845502461472,1946.0852858213063,1839.1162778253424,1917.935546875,11400,0.0,0.0
2019-06-06 00:00:00+09:00,1917.9355929043552,2000.5081624618813,1917.9355929043552,1980.8033447265625,4300,0.0,0.0
2019-06-07 00:00:00+09:00,1998.6312652250058,2126.243402347354,1927.3186003625174,2034.28759765625,6400,0.0,0.0
2019-06-10 00:00:00+09:00,2068.0673810817734,2117.798583984375,2052.115863169618,2117.798583984375,2000,0.0,0.0
2019-06-11 00:00:00+09:00,2101.846966319295,2183.481201171875,2036.1642486218173,2183.481201171875,3700,0.0,0.0
2019-06-12 00:00:00+09:00,2205.062665558189,2206.0009900967248,2178.789578479198,2183.481201171875,3500,0.0,0.0
2019-06-13 00:00:00+09:00,2158.1464659492926,2159.0847904997054,2072.7589318617333,2138.441650390625,3700,0.0,0.0
2019-06-14 00:00:00+09:00,2129.9965702232844,2181.604416638386,2064.3138566040643,2095.278564453125,6400,0.0,0.0
2019-06-17 00:00:00+09:00,2095.2788157875807,2096.2171403804095,1941.3935825635933,2038.041015625,5000,0.0,0.0
2019-06-18 00:00:00+09:00,2038.0407790827976,2083.080354311147,2038.0407790827976,2080.265380859375,4000,0.0,0.0
2019-06-19 00:00:00+09:00,2080.265733700967,2105.6004990640367,2080.265733700967,2099.0322265625,1100,0.0,0.0
2019-06-20 00:00:00+09:00,2099.031909795713,2129.996618344331,2028.6575721852175,2119.675048828125,2400,0.0,0.0
2019-06-21 00:00:00+09:00,2109.353675395068,2145.010009765625,2109.353675395068,2145.010009765625,1900,0.0,0.0
2019-06-24 00:00:00+09:00,2132.8113361881638,2145.0095532451132,2104.6616045182805,2142.194580078125,1100,0.0,0.0
2019-06-25 00:00:00+09:00,2148.762850801098,2148.762850801098,2092.463387461331,2142.194580078125,3100,0.0,0.0
2019-06-26 00:00:00+09:00,2096.2172636080927,2146.886794599515,2096.2172636080927,2126.24365234375,1000,0.0,0.0
2019-06-27 00:00:00+09:00,2127.1815515841718,2127.1815515841718,2045.5473235348454,2063.37548828125,5400,0.0,0.0
2019-06-28 00:00:00+09:00,2046.4861166037147,2049.3010906293043,1977.0500906391687,2043.671142578125,1900,0.0,0.0
2019-07-01 00:00:00+09:00,2049.3008815456083,2145.9483132302225,2049.3008815456083,2083.08056640625,5900,0.0,0.0
2019-07-02 00:00:00+09:00,2096.21720471062,2124.366943359375,2096.21720471062,2124.366943359375,500,0.0,0.0
2019-07-03 00:00:00+09:00,2124.3665471028503,2124.3665471028503,2085.895244792242,2123.42822265625,1700,0.0,0.0
2019-07-04 00:00:00+09:00,2123.428639729818,2134.688535300634,2084.9573298628616,2094.340576171875,5600,0.0,0.0
2019-07-05 00:00:00+09:00,2094.340625,2094.340625,2037.1028211805556,2069.005859375,3000,0.0,0.0
2019-07-08 00:00:00+09:00,2069.005412956313,2069.005412956313,1974.2346434739607,1986.432861328125,3600,0.0,0.0
2019-07-09 00:00:00+09:00,2031.4725514590468,2054.9306640625,2011.767736872146,2054.9306640625,1300,0.0,0.0
2019-07-10 00:00:00+09:00,2055.8690529847754,2061.499000186012,2045.5474831158424,2049.30078125,5900,0.0,0.0
2019-07-11 00:00:00+09:00,2049.30078125,2049.30078125,2045.5474831158424,2049.30078125,300,0.0,0.0
2019-07-12 00:00:00+09:00,2049.300940789663,2049.300940789663,2010.8296319195272,2038.9793701171875,2200,0.0,0.0
2019-07-16 00:00:00+09:00,2038.9793701171875,2038.9793701171875,2013.6446057392932,2038.9793701171875,700,0.0,0.0
2019-07-17 00:00:00+09:00,2041.7940653669725,2047.4240122383887,2041.7940653669725,2045.54736328125,1100,0.0,0.0
2019-07-18 00:00:00+09:00,2045.5475128345597,2045.5475128345597,1995.8163118344535,2000.5079345703125,1800,0.0,0.0
2019-07-19 00:00:00+09:00,1997.6930853477995,2019.2745512768738,1966.7283733626057,1996.7547607421875,6000,0.0,0.0
2019-07-22 00:00:00+09:00,1996.7547607421875,1996.7547607421875,1911.367221631502,1996.7547607421875,2200,0.0,0.0
2019-07-23 00:00:00+09:00,1996.7547033311732,1996.7547033311732,1971.4199397080804,1991.124755859375,1400,0.0,0.0
2019-07-24 00:00:00+09:00,1987.3714516899552,1987.3714516899552,1948.9001440793377,1952.6534423828125,2700,0.0,0.0
2019-07-25 00:00:00+09:00,1958.283318391012,1969.543212890625,1958.283318391012,1969.543212890625,600,0.0,0.0
2019-07-26 00:00:00+09:00,1964.851729661471,1966.7283788779575,1924.5037715070089,1943.270263671875,6500,0.0,0.0
2019-07-29 00:00:00+09:00,1947.023432928956,1989.2480374984998,1947.023432928956,1954.530029296875,1300,0.0,0.0
2019-07-30 00:00:00+09:00,1972.3582072555455,2038.0409258606303,1972.3582072555455,1985.4947509765625,4200,0.0,0.0
2019-07-31 00:00:00+09:00,1993.939927463487,2012.7064208984375,1993.939927463487,2012.7064208984375,500,0.0,0.0
2019-08-01 00:00:00+09:00,2013.6447076187603,2013.6447076187603,1980.8033447265625,1980.8033447265625,3700,0.0,0.0
2019-08-02 00:00:00+09:00,1999.5697604796708,2363.6397121765795,1931.0720633820565,2181.604736328125,42100,0.0,0.0
2019-08-05 00:00:00+09:00,2181.6045310280538,2181.6045310280538,2064.31396484375,2064.31396484375,4400,0.0,0.0
2019-08-06 00:00:00+09:00,2043.6708251953125,2064.31396484375,1970.4815118963068,2064.31396484375,3100,0.0,0.0
2019-08-07 00:00:00+09:00,2040.8558716835685,2043.6708452996836,2017.3977582159412,2030.5343017578125,1800,0.0,0.0
2019-08-08 00:00:00+09:00,2107.4771977075084,2128.1203403386594,2051.1777178043694,2073.697509765625,4200,0.0,0.0
2019-08-09 00:00:00+09:00,2092.4637018827652,2096.217000002734,2010.8294677734375,2010.8294677734375,6600,0.0,0.0
2019-08-13 00:00:00+09:00,2010.829662511489,2013.6446363740808,1972.3583530560663,1993.9398193359375,2000,0.0,0.0
2019-08-14 00:00:00+09:00,1993.9398193359375,2017.3979348575367,1971.4200284352023,1993.9398193359375,3200,0.0,0.0
2019-08-15 00:00:00+09:00,1993.939746758316,2003.322992625414,1953.5917895297948,1964.8516845703125,4900,0.0,0.0
2019-08-16 00:00:00+09:00,1987.3714599609375,1987.3714599609375,1973.2965912643303,1987.3714599609375,800,0.0,0.0
2019-08-19 00:00:00+09:00,1993.9397139724344,1993.9397139724344,1939.5168888381281,1967.6666259765625,3500,0.0,0.0
2019-08-20 00:00:00+09:00,1968.605124223746,1998.6315131537556,1968.605124223746,1980.8033447265625,1000,0.0,0.0
2019-08-21 00:00:00+09:00,1980.8030706179652,1980.8030706179652,1968.6048518031696,1979.86474609375,2400,0.0,0.0
2019-08-22 00:00:00+09:00,1980.8031572895666,1983.6181309853832,1839.1161479334678,1890.7239990234375,4300,0.0,0.0
2019-08-23 00:00:00+09:00,1895.4156058613378,1909.4904742216943,1857.882623567054,1867.265869140625,8000,0.0,0.0
2019-08-26 00:00:00+09:00,1864.4509503173829,1901.9839337158203,1848.4994323730468,1876.649169921875,15200,0.0,0.0
2019-08-27 00:00:00+09:00,1876.6490679894348,1912.305400281234,1840.0544111636407,1842.869384765625,6200,0.0,0.0
2019-08-28 00:00:00+09:00,1842.8694601144784,1866.3275744234713,1745.2837045890683,1772.4951171875,11600,0.0,0.0
2019-08-29 00:00:00+09:00,1846.6227199835528,1846.6227199835528,1764.9884838867188,1782.816650390625,7100,0.0,0.0
2019-08-30 00:00:00+09:00,1788.4465053343633,1837.2393795617438,1761.2350947075552,1783.7548828125,7300,0.0,0.0
2019-09-02 00:00:00+09:00,1797.829776208688,1812.8429684943553,1784.6932329587287,1792.1998291015625,7800,0.0,0.0
2019-09-03 00:00:00+09:00,1775.3098965998659,1819.411146673964,1775.3098965998659,1793.1380615234375,8000,0.0,0.0
2019-09-04 00:00:00+09:00,1830.671066792806,1830.671066792806,1799.7063588460287,1801.5830078125,5600,0.0,0.0
2019-09-05 00:00:00+09:00,1821.2879694796156,1962.9749779244491,1821.2879694796156,1959.2216796875,9000,0.0,0.0
2019-09-06 00:00:00+09:00,1931.0719177306346,1960.1599786877043,1900.1072076795604,1901.0455322265625,12700,0.0,0.0
2019-09-09 00:00:00+09:00,1947.9617983383505,1947.9617983383505,1815.658034578376,1840.9927978515625,17800,0.0,0.0
2019-09-10 00:00:00+09:00,1874.7726315014984,1912.3056171171438,1849.4378662109375,1849.4378662109375,7200,0.0,0.0
2019-09-11 00:00:00+09:00,1886.970673184371,1910.4287869733364,1862.574234843847,1886.0323486328125,11000,0.0,0.0
2019-09-12 00:00:00+09:00,1932.0103683729553,1974.234975743904,1908.5522531668728,1943.270263671875,10800,0.0,0.0
2019-09-13 00:00:00+09:00,1945.1468530049237,1962.9750200126873,1928.2570105765164,1941.3935546875,13100,0.0,0.0
2019-09-17 00:00:00+09:00,1941.393649493077,1963.9134404973468,1924.5038062398748,1936.7020263671875,9000,0.0,0.0
2019-09-18 00:00:00+09:00,1926.3801980246549,1982.6796680107627,1926.3801980246549,1962.974853515625,7400,0.0,0.0
2019-09-19 00:00:00+09:00,1962.9749502107836,2047.424159349871,1931.0719156471284,1954.530029296875,15900,0.0,0.0
2019-09-20 00:00:00+09:00,2095.278711673602,2101.8469834970306,2008.9528534228314,2053.992431640625,109700,0.0,0.0
2019-09-24 00:00:00+09:00,2084.957116068809,2270.7453739363264,2007.0761796900008,2198.494384765625,17000,0.0,0.0
2019-09-25 00:00:00+09:00,2198.4942812677787,2198.4942812677787,2135.6265404035275,2164.714599609375,8800,0.0,0.0
2019-09-26 00:00:00+09:00,2170.3448167017605,2197.5562303136717,2127.181884765625,2127.181884765625,5000,0.0,0.0
2019-09-27 00:00:00+09:00,2174.6634007794823,2180.361208816459,2098.692626953125,2098.692626953125,5600,27.0,0.0
2019-09-30 00:00:00+09:00,2067.354718325949,2129.080973122084,2067.354718325949,2086.347412109375,4600,0.0,0.0
2019-10-01 00:00:00+09:00,2085.3978769219816,2087.2971463909453,2072.102990639237,2084.4482421875,2700,0.0,0.0
2019-10-02 00:00:00+09:00,2084.4484520745573,2096.7937048658873,2065.455755472511,2071.153564453125,1600,0.0,0.0
2019-10-03 00:00:00+09:00,2060.70751953125,2060.70751953125,2015.1250490531395,2060.70751953125,5300,0.0,0.0
2019-10-04 00:00:00+09:00,2081.5993379840547,2163.2679251494874,2081.5993379840547,2084.4482421875,3000,0.0,0.0
2019-10-07 00:00:00+09:00,2110.0883157454914,2158.519685728849,2099.642333984375,2099.642333984375,3200,0.0,0.0
2019-10-08 00:00:00+09:00,2119.584779383081,2173.7139605770035,2117.6855098675046,2130.03076171875,4900,0.0,0.0
2019-10-09 00:00:00+09:00,2136.67819534891,2176.5628549954226,2122.4336740465837,2139.527099609375,2700,0.0,0.0
2019-10-10 00:00:00+09:00,2144.2751903369226,2232.591218991189,2144.2751903369226,2199.35400390625,3300,0.0,0.0
2019-10-11 00:00:00+09:00,2230.6920374428355,2266.778158099637,2213.5986118685605,2258.2314453125,5400,0.0,0.0
2019-10-15 00:00:00+09:00,2305.713191137135,2311.4109996819548,2260.130722778575,2274.375244140625,6400,0.0,0.0
2019-10-16 00:00:00+09:00,2277.224040055475,2277.224040055475,2232.591208578158,2260.130615234375,3800,0.0,0.0
2019-10-17 00:00:00+09:00,2260.1306162839905,2260.1306162839905,2204.102168233253,2208.850341796875,2900,0.0,0.0
2019-10-18 00:00:00+09:00,2217.397149290216,2306.6628161138906,2217.397149290216,2283.87158203125,4800,0.0,0.0
2019-10-21 00:00:00+09:00,2285.7706525334684,2319.9575006810396,2284.8210178627023,2287.669921875,4800,0.0,0.0
2019-10-23 00:00:00+09:00,2325.655418672971,2325.655418672971,2293.3678383402307,2301.91455078125,5300,0.0,0.0
2019-10-24 00:00:00+09:00,2298.1160580064297,2302.8642316799965,2275.324824373308,2280.072998046875,3900,0.0,0.0
2019-10-25 00:00:00+09:00,2279.1233644429235,2279.1233644429235,2244.9365139762795,2254.432861328125,3400,0.0,0.0
2019-10-28 00:00:00+09:00,2264.878826434796,2270.5766348031852,2222.145263671875,2222.145263671875,12400,0.0,0.0
2019-10-29 00:00:00+09:00,2227.8430981321385,2279.1233740482235,2227.8430981321385,2244.9365234375,4900,0.0,0.0
2019-10-30 00:00:00+09:00,2279.1233740482235,2279.1233740482235,2231.6416370888855,2244.9365234375,4400,0.0,0.0
2019-10-31 00:00:00+09:00,2236.389999196499,2421.5687889388846,2177.5126404066127,2250.634521484375,33600,0.0,0.0
2019-11-01 00:00:00+09:00,2273.425757144976,2319.008228466179,2210.749859078323,2250.634521484375,9600,0.0,0.0
2019-11-05 00:00:00+09:00,2252.5335375361083,2319.0079673959426,2243.037190413275,2260.130615234375,8600,0.0,0.0
2019-11-06 00:00:00+09:00,2264.878861236252,2292.4182687732964,2235.4401842138936,2261.080322265625,5700,0.0,0.0
2019-11-07 00:00:00+09:00,2273.4256191037734,2310.461374803459,2264.87890625,2264.87890625,10500,0.0,0.0
2019-11-08 00:00:00+09:00,2281.022380131105,2321.856669200896,2281.022380131105,2289.569091796875,3900,0.0,0.0
2019-11-11 00:00:00+09:00,2294.317572318848,2326.6051540485005,2293.3679375620936,2300.015380859375,3800,0.0,0.0
2019-11-12 00:00:00+09:00,2304.7634555401282,2306.66272497197,2276.2744140625,2276.2744140625,6800,0.0,0.0
2019-11-13 00:00:00+09:00,2276.2741406003083,2287.6697558223373,2231.6413143140276,2253.48291015625,5600,0.0,0.0
2019-11-14 00:00:00+09:00,2253.483282989541,2255.382552507442,2223.094970703125,2223.094970703125,2300,0.0,0.0
2019-11-15 00:00:00+09:00,2245.8860858234366,2255.382432909371,2223.094852817195,2243.98681640625,1100,0.0,0.0
2019-11-18 00:00:00+09:00,2243.9868982358817,2286.7204616809154,2193.6562568450645,2235.440185546875,4500,0.0,0.0
2019-11-19 00:00:00+09:00,2252.5335654920214,2257.281739112367,2231.6416015625,2231.6416015625,800,0.0,0.0
2019-11-20 00:00:00+09:00,2231.6415743781213,2247.7853644906436,2221.1955925406064,2234.490478515625,4300,0.0,0.0
2019-11-21 00:00:00+09:00,2234.4903778248586,2234.4903778248586,2108.1889667535856,2185.109375,6800,0.0,0.0
2019-11-22 00:00:00+09:00,2193.65628529744,2206.951171875,2175.6132249421794,2206.951171875,2300,0.0,0.0
2019-11-25 00:00:00+09:00,2184.159758933351,2224.0444154008296,2184.159758933351,2217.39697265625,2500,0.0,0.0
2019-11-26 00:00:00+09:00,2245.8861414045737,2252.5335845292384,2212.64892578125,2212.64892578125,7100,0.0,0.0
2019-11-27 00:00:00+09:00,2247.785319010417,2266.7780128761574,2230.69189453125,2256.33203125,6000,0.0,0.0
2019-11-28 00:00:00+09:00,2324.7056671875,2442.460366015625,2317.10858984375,2374.086669921875,22900,0.0,0.0
2019-11-29 00:00:00+09:00,2421.5685231100297,2421.5685231100297,2374.0867873627744,2378.8349609375,8000,0.0,0.0
2019-12-02 00:00:00+09:00,2374.0867422562224,2407.3239566478096,2374.0867422562224,2375.036376953125,9700,0.0,0.0
2019-12-03 00:00:00+09:00,2374.0867422562224,2388.33126270976,2361.74149119649,2375.036376953125,10100,0.0,0.0
2019-12-04 00:00:00+09:00,2374.0869762887046,2393.0796720990143,2373.137341498189,2384.532958984375,5900,0.0,0.0
2019-12-05 00:00:00+09:00,2377.885371257224,2390.2306227853164,2374.086832325503,2382.633544921875,4700,0.0,0.0
2019-12-06 00:00:00+09:00,2370.288454378475,2399.7271330987205,2370.288454378475,2391.180419921875,3200,0.0,0.0
2019-12-09 00:00:00+09:00,2393.0794088832868,2398.7772169996756,2366.4896376734723,2377.88525390625,9400,0.0,0.0
2019-12-10 00:00:00+09:00,2377.885443382719,2394.0292343322026,2377.885443382719,2383.583251953125,1800,0.0,0.0
2019-12-11 00:00:00+09:00,2383.58316179088,2383.58316179088,2372.1875450811226,2375.986083984375,3100,0.0,0.0
2019-12-12 00:00:00+09:00,2376.935546875,2379.784450846484,2374.086642903516,2376.935546875,2400,0.0,0.0
2019-12-13 00:00:00+09:00,2389.2808611618684,2396.8779386218425,2377.8852449719075,2387.381591796875,5000,0.0,0.0
2019-12-16 00:00:00+09:00,2387.381627915781,2402.5757830656025,2385.482358522053,2400.676513671875,8300,0.0,0.0
2019-12-17 00:00:00+09:00,2407.3241061130334,2485.1941560938103,2403.5255670895813,2470.0,17100,0.0,0.0
2019-12-18 00:00:00+09:00,2532.6758617209325,2764.386739208712,2509.8846278696756,2719.75390625,31500,0.0,0.0
2019-12-19 00:00:00+09:00,2759.638532567601,2781.4801314144884,2620.0422268940165,2629.53857421875,19500,0.0,0.0
2019-12-20 00:00:00+09:00,2658.9770951704545,2658.9770951704545,2564.963262162642,2611.495361328125,5500,0.0,0.0
2019-12-23 00:00:00+09:00,2639.984530574526,2686.5166320127105,2581.107177734375,2581.107177734375,10700,0.0,0.0
2019-12-24 00:00:00+09:00,2574.459859271641,2621.941597731096,2574.459859271641,2601.999267578125,5500,0.0,0.0
2019-12-25 00:00:00+09:00,2597.2511134428137,2611.4956350887524,2581.107322244083,2583.006591796875,5300,0.0,0.0
2019-12-26 00:00:00+09:00,2568.7620701509363,2617.1934437471277,2563.064261492561,2583.006591796875,9200,0.0,0.0
2019-12-27 00:00:00+09:00,2583.006391794668,2753.9406383104915,2581.1071223889367,2689.365478515625,7900,0.0,0.0
2019-12-30 00:00:00+09:00,2706.458541773881,2877.392765464863,2706.458541773881,2710.257080078125,14600,0.0,0.0
2020-01-06 00:00:00+09:00,2723.5521725077024,2725.4514418051276,2682.717882613061,2696.96240234375,10000,0.0,0.0
2020-01-07 00:00:00+09:00,2659.926634205638,2748.2426559768355,2659.926634205638,2715.955078125,7800,0.0,0.0
2020-01-08 00:00:00+09:00,2696.9625009917936,2696.9625009917936,2568.761818726339,2618.142822265625,8100,0.0,0.0
2020-01-09 00:00:00+09:00,2649.4808300296777,2691.264757098246,2649.4808300296777,2679.869140625,3800,0.0,0.0
2020-01-10 00:00:00+09:00,2692.2145624910845,2704.559814453125,2663.725519501761,2704.559814453125,5400,0.0,0.0
2020-01-14 00:00:00+09:00,2698.8620384905566,2768.185377269519,2687.466421157029,2743.494873046875,8700,0.0,0.0
2020-01-15 00:00:00+09:00,2768.185000997194,2775.782078186895,2684.6171519104864,2696.96240234375,3800,0.0,0.0
2020-01-16 00:00:00+09:00,2695.063614069972,2696.962883706385,2680.819091796875,2680.819091796875,1600,0.0,0.0
2020-01-17 00:00:00+09:00,2689.3653314683897,2708.358024487234,2629.5383484590293,2636.185791015625,7000,0.0,0.0
2020-01-20 00:00:00+09:00,2642.8333692967362,2673.2216796875,2636.1859263987567,2673.2216796875,2000,0.0,0.0
2020-01-21 00:00:00+09:00,2680.8185496648825,2698.861607562025,2680.8185496648825,2686.516357421875,1500,0.0,0.0
2020-01-22 00:00:00+09:00,2686.516773445097,2694.113851630873,2666.5744432074343,2685.567138671875,3700,0.0,0.0
2020-01-23 00:00:00+09:00,2687.4662182738307,2696.012930628765,2662.775715915131,2679.869140625,2900,0.0,0.0
2020-01-24 00:00:00+09:00,2679.8694987213103,2688.416212218295,2624.7906784074066,2642.833740234375,3500,0.0,0.0
2020-01-27 00:00:00+09:00,2587.754755823604,2620.991972870879,2574.4598690046932,2592.5029296875,6100,0.0,0.0
2020-01-28 00:00:00+09:00,2545.021175758068,2567.8124101678413,2525.0788456495156,2560.21533203125,4600,0.0,0.0
2020-01-29 00:00:00+09:00,2557.366499887027,2573.5102913827864,2508.9351253997497,2561.1650390625,4100,0.0,0.0
2020-01-30 00:00:00+09:00,2561.1649787389233,2561.1649787389233,2477.5971188468116,2525.078857421875,4000,0.0,0.0
2020-01-31 00:00:00+09:00,2525.0789948240385,2592.5030672695093,2509.8848376532283,2578.258544921875,8900,0.0,0.0
2020-02-03 00:00:00+09:00,2494.690481344918,2575.4094348714953,2494.690481344918,2540.27294921875,5000,0.0,0.0
2020-02-04 00:00:00+09:00,2560.214878692229,2587.754282060951,2545.0207251094857,2547.86962890625,2300,0.0,0.0
2020-02-05 00:00:00+09:00,2690.3151709056233,2690.3151709056233,2555.467040207212,2581.107177734375,4000,0.0,0.0
2020-02-06 00:00:00+09:00,2636.1858722781894,2667.5238167253005,2605.797562511294,2627.63916015625,8200,0.0,0.0
2020-02-07 00:00:00+09:00,2629.538521475675,2635.236329756229,2540.2728584136626,2558.31591796875,9100,0.0,0.0
2020-02-10 00:00:00+09:00,2558.31585444947,2558.31585444947,2456.7049426357753,2496.589599609375,9900,0.0,0.0
2020-02-12 00:00:00+09:00,2496.589663807219,2500.388202664286,2417.769982523081,2455.75537109375,6600,0.0,0.0
2020-02-13 00:00:00+09:00,2455.7554067758415,2505.1364126352164,2455.7554067758415,2469.05029296875,2600,0.0,0.0
2020-02-14 00:00:00+09:00,2449.107963679387,2487.093352801983,2449.107963679387,2469.05029296875,3300,0.0,0.0
2020-02-17 00:00:00+09:00,2469.05029296875,2496.589700082632,2461.453215144231,2469.05029296875,4900,0.0,0.0
2020-02-18 00:00:00+09:00,2469.0500744771402,2469.0500744771402,2399.726745462974,2440.56103515625,2800,0.0,0.0
2020-02-19 00:00:00+09:00,2424.4175143510265,2481.395599294646,2424.4175143510265,2463.3525390625,1600,0.0,0.0
2020-02-20 00:00:00+09:00,2464.3019373136244,2464.3019373136244,2423.4676470228783,2428.2158203125,3100,0.0,0.0
2020-02-21 00:00:00+09:00,2430.115171040246,2430.115171040246,2379.7845324841173,2419.669189453125,5200,0.0,0.0
2020-02-25 00:00:00+09:00,2229.7422863769534,2308.56196685791,2229.7422863769534,2279.123291015625,11100,0.0,0.0
2020-02-26 00:00:00+09:00,2193.655997440733,2212.648690059267,2153.7713429418104,2203.15234375,12700,0.0,0.0
2020-02-27 00:00:00+09:00,2181.311166445859,2181.311166445859,2036.9666748046875,2036.9666748046875,7500,0.0,0.0
2020-02-28 00:00:00+09:00,1894.521344207054,1979.9884725171466,1862.233762401019,1960.046142578125,9100,0.0,0.0
2020-03-02 00:00:00+09:00,1946.7511294477274,2158.5196669437487,1946.7511294477274,2144.275146484375,5900,0.0,0.0
2020-03-03 00:00:00+09:00,2191.756815702421,2191.756815702421,2089.1962714667793,2108.18896484375,6200,0.0,0.0
2020-03-04 00:00:00+09:00,2090.1459148976596,2112.937147045567,2090.1459148976596,2098.692626953125,2400,0.0,0.0
2020-03-05 00:00:00+09:00,2193.65630859375,2193.65630859375,2136.67822265625,2136.67822265625,900,0.0,0.0
2020-03-06 00:00:00+09:00,2089.196306981078,2136.678041230648,2070.20361328125,2070.20361328125,8200,0.0,0.0
2020-03-09 00:00:00+09:00,2022.7219612085078,2052.160637639242,1937.2548360870214,1984.736572265625,27300,0.0,0.0
2020-03-10 00:00:00+09:00,1946.751125539262,2175.6130871270484,1946.751125539262,2046.4627685546875,12800,0.0,0.0
2020-03-11 00:00:00+09:00,2030.3190836243223,2087.297168291048,2014.17529296875,2014.17529296875,3000,0.0,0.0
2020-03-12 00:00:00+09:00,2014.1751473119702,2021.7722247181446,1955.2977974141193,1960.99560546875,5500,0.0,0.0
2020-03-13 00:00:00+09:00,1790.0615417386132,1880.2768449031587,1752.0761509324889,1843.2410888671875,11100,0.0,0.0
2020-03-16 00:00:00+09:00,1818.550537109375,1854.6366574279944,1795.759303223931,1818.550537109375,4800,0.0,0.0
2020-03-17 00:00:00+09:00,1704.594316110474,1849.888427734375,1664.7096580176383,1849.888427734375,15900,0.0,0.0
2020-03-18 00:00:00+09:00,1899.269459939148,1918.2621545385396,1872.6796875,1872.6796875,5600,0.0,0.0
2020-03-19 00:00:00+09:00,1899.2694620046923,1899.2694620046923,1821.3994140625,1821.3994140625,7000,0.0,0.0
2020-03-23 00:00:00+09:00,1821.3994177120248,1890.7227532140987,1747.3279085454253,1842.2913818359375,8500,0.0,0.0
2020-03-24 00:00:00+09:00,1828.046883171545,1869.830811929752,1804.3060145589277,1844.190673828125,12500,0.0,0.0
2020-03-25 00:00:00+09:00,1908.7658217346782,1913.5139954205854,1827.0972343370752,1858.4351806640625,12400,0.0,0.0
2020-03-26 00:00:00+09:00,1927.7583846848756,1927.7583846848756,1824.2482054086927,1837.5430908203125,11600,0.0,0.0
2020-03-27 00:00:00+09:00,1857.4856153756134,1879.3272151474125,1826.147667876945,1838.492919921875,26000,0.0,0.0
2020-03-30 00:00:00+09:00,1877.0559037747066,1882.8403595644593,1822.1035737720572,1833.6724853515625,13500,29.0,0.0
2020-03-31 00:00:00+09:00,1838.4927499513474,1887.6606210827154,1834.6364463332009,1877.0557861328125,21600,0.0,0.0
2020-04-01 00:00:00+09:00,1877.0558533280566,1907.9062833776188,1840.4209676442013,1872.2354736328125,3100,0.0,0.0
2020-04-02 00:00:00+09:00,1833.6724108712608,1857.7743090162564,1817.283120132664,1824.9957275390625,3900,0.0,0.0
2020-04-03 00:00:00+09:00,1870.3075148609619,1886.69680751696,1764.259150616268,1794.1455078125,5300,0.0,0.0
2020-04-06 00:00:00+09:00,1755.5823256282483,1851.0258458024364,1755.5823256282483,1820.1754150390625,4500,0.0,0.0
2020-04-07 00:00:00+09:00,1831.7442911534222,1885.7325439453125,1831.7442911534222,1885.7325439453125,4400,0.0,0.0
2020-04-08 00:00:00+09:00,1876.0917506764529,1951.2896728515625,1876.0917506764529,1951.2896728515625,1700,0.0,0.0
2020-04-09 00:00:00+09:00,1976.3557553801488,2027.4517822265625,1976.3557553801488,2027.4517822265625,1300,0.0,0.0
2020-04-10 00:00:00+09:00,2027.451749159713,2027.451749159713,1975.3916471841426,1996.601318359375,1300,0.0,0.0
2020-04-13 00:00:00+09:00,2044.8050378486935,2079.5117711643716,2032.2720508180319,2047.697265625,3200,0.0,0.0
2020-04-14 00:00:00+09:00,2192.3087453954167,2222.19510032385,2108.434136402716,2216.41064453125,9200,0.0,0.0
2020-04-15 00:00:00+09:00,2227.015576448,2256.9019326687308,2008.1703228316815,2045.769287109375,12600,0.0,0.0
2020-04-16 00:00:00+09:00,2027.4517235649955,2103.6137236418544,2008.1702045581958,2082.404052734375,2400,0.0,0.0
2020-04-17 00:00:00+09:00,2140.248639089427,2140.248639089427,2069.87109375,2069.87109375,1400,0.0,0.0
2020-04-20 00:00:00+09:00,2072.76318359375,2084.332094385901,2072.76318359375,2072.76318359375,3200,0.0,0.0
2020-04-21 00:00:00+09:00,2075.6554533212584,2075.6554533212584,1985.9963928666011,1990.8167724609375,2700,0.0,0.0
2020-04-22 00:00:00+09:00,1942.6130656452922,1942.6130656452922,1883.8044318962288,1930.080078125,3200,0.0,0.0
2020-04-23 00:00:00+09:00,1918.5111363909205,2039.0206298828125,1918.5111363909205,2039.0206298828125,3900,0.0,0.0
2020-04-24 00:00:00+09:00,2034.2003688052212,2034.2003688052212,2032.272216796875,2032.272216796875,500,0.0,0.0
2020-04-27 00:00:00+09:00,2033.2363142032118,2079.511962890625,2033.2363142032118,2079.511962890625,900,0.0,0.0
2020-04-28 00:00:00+09:00,2040.948776466259,2082.404042119565,2040.948776466259,2062.158447265625,2000,0.0,0.0
2020-04-30 00:00:00+09:00,2047.6974349968623,2112.29052734375,2047.6974349968623,2112.29052734375,3200,0.0,0.0
2020-05-01 00:00:00+09:00,2098.7932687331113,2105.5418001438284,2073.727294921875,2073.727294921875,1800,0.0,0.0
2020-05-07 00:00:00+09:00,2043.841348616803,2085.296621253842,2043.841348616803,2058.302490234375,2700,0.0,0.0
2020-05-08 00:00:00+09:00,2154.709723042064,2154.709723042064,2033.2361547631824,2035.164306640625,14400,0.0,0.0
2020-05-11 00:00:00+09:00,2045.7693519049913,2045.7693519049913,2027.4519071895365,2034.200439453125,5800,0.0,0.0
2020-05-12 00:00:00+09:00,2028.415744565706,2028.415744565706,2010.0983020054643,2011.0623779296875,1900,0.0,0.0
2020-05-13 00:00:00+09:00,2011.0623852539063,2024.5594482421875,1949.3615258789061,2024.5594482421875,4700,0.0,0.0
2020-05-14 00:00:00+09:00,2014.918839327159,2029.3799793223302,1995.6373193335978,2012.026611328125,1500,0.0,0.0
2020-05-15 00:00:00+09:00,2011.0624739095365,2014.9187777904754,1993.7091064453125,1993.7091064453125,1400,0.0,0.0
2020-05-18 00:00:00+09:00,2010.098491560548,2010.098491560548,1985.032515166987,2006.2421875,1000,0.0,0.0
2020-05-19 00:00:00+09:00,2040.948956960655,2040.948956960655,1993.7092314570782,2000.457763671875,1800,0.0,0.0
2020-05-20 00:00:00+09:00,2000.4576769408004,2013.9547407852203,1997.5654489741391,2001.4217529296875,1100,0.0,0.0
2020-05-21 00:00:00+09:00,2012.026611935138,2012.026611935138,1938.7568359375,1938.7568359375,7900,0.0,0.0
2020-05-22 00:00:00+09:00,1967.6790223486998,1976.3557059357347,1962.858642578125,1962.858642578125,900,0.0,0.0
2020-05-25 00:00:00+09:00,2010.098290838283,2018.7749741080886,1981.1760132722645,1990.8167724609375,1600,0.0,0.0
2020-05-26 00:00:00+09:00,2036.1283630457997,2045.769122340524,2008.1701610910989,2031.3079833984375,3700,0.0,0.0
2020-05-27 00:00:00+09:00,2021.6673488129732,2049.625552492313,1973.463549365835,2038.056640625,7100,0.0,0.0
2020-05-28 00:00:00+09:00,2072.7631139971013,2142.1765764193296,2051.5534449236425,2130.607666015625,6900,0.0,0.0
2020-05-29 00:00:00+09:00,2082.404307586837,2130.608111003199,2082.404307586837,2109.3984375,1700,0.0,0.0
2020-06-01 00:00:00+09:00,2110.362491571881,2173.0274353599907,2055.41015625,2055.41015625,7400,0.0,0.0
2020-06-02 00:00:00+09:00,2072.7633112910103,2086.2603747133703,2049.62548828125,2049.62548828125,3600,0.0,0.0
2020-06-03 00:00:00+09:00,2072.763212227527,2087.2243509174864,2030.3438720703125,2030.3438720703125,16600,0.0,0.0
2020-06-04 00:00:00+09:00,2078.547825277719,2078.547825277719,1980.2120747311847,1987.9246826171875,7100,0.0,0.0
2020-06-05 00:00:00+09:00,2008.1703733624151,2063.122707151017,1979.2480924210458,2043.8411865234375,7800,0.0,0.0
2020-06-08 00:00:00+09:00,2082.404208264414,2120.003173135855,2039.98486328125,2039.98486328125,6800,0.0,0.0
2020-06-09 00:00:00+09:00,2087.2244576427424,2087.2244576427424,2061.1944066698306,2063.12255859375,3900,0.0,0.0
2020-06-10 00:00:00+09:00,2255.937808321923,2386.088066494342,2222.195148795741,2244.368896484375,31300,0.0,0.0
2020-06-11 00:00:00+09:00,2218.338905569071,2274.2553143144014,2218.338905569071,2226.051513671875,8700,0.0,0.0
2020-06-12 00:00:00+09:00,2054.4459058720586,2216.4106699201607,2054.4459058720586,2197.129150390625,12200,0.0,0.0
2020-06-15 00:00:00+09:00,2293.5368579068254,2293.5368579068254,2069.8712206498335,2120.003173828125,10200,0.0,0.0
2020-06-16 00:00:00+09:00,2142.1768066189334,2176.883541559654,2142.1768066189334,2170.135009765625,3400,0.0,0.0
2020-06-17 00:00:00+09:00,2217.3746123568703,2281.0036229723282,2212.55423276479,2273.291015625,8500,0.0,0.0
2020-06-18 00:00:00+09:00,2283.8959861118506,2316.674569281037,2253.0455548937925,2263.650390625,11700,0.0,0.0
2020-06-19 00:00:00+09:00,2312.8181506347655,2326.315213623047,2266.5425061035157,2313.7822265625,6600,0.0,0.0
2020-06-22 00:00:00+09:00,2342.704404738374,2351.381087718886,2313.7821281366655,2324.386962890625,4600,0.0,0.0
2020-06-23 00:00:00+09:00,2349.4529197907377,2360.0577544717794,2294.500594625341,2297.392822265625,12500,0.0,0.0
2020-06-24 00:00:00+09:00,2312.8179965049344,2312.8179965049344,2263.6501274671054,2289.68017578125,4100,0.0,0.0
2020-06-25 00:00:00+09:00,2289.6803345507396,2289.6803345507396,2247.260993615905,2260.758056640625,5500,0.0,0.0
2020-06-26 00:00:00+09:00,2260.7579850734146,2375.483017151767,2260.7579850734146,2318.6025390625,3700,0.0,0.0
2020-06-29 00:00:00+09:00,2260.7579301785327,2285.8239029651604,2223.158970998591,2224.123046875,4200,0.0,0.0
2020-06-30 00:00:00+09:00,2294.500732421875,2294.500732421875,2264.614378344111,2294.500732421875,6200,0.0,0.0
2020-07-01 00:00:00+09:00,2294.5008081896553,2299.321188038793,2236.65625,2236.65625,4100,0.0,0.0
2020-07-02 00:00:00+09:00,2259.794037536384,2259.794037536384,2210.6261638527853,2235.692138671875,3800,0.0,0.0
2020-07-03 00:00:00+09:00,2235.6920008302045,2268.470581264972,2193.272661444034,2238.584228515625,6500,0.0,0.0
2020-07-06 00:00:00+09:00,2254.973735592044,2254.973735592044,2206.769936199311,2251.117431640625,2200,0.0,0.0
2020-07-07 00:00:00+09:00,2254.973650712615,2273.291093792367,2198.0931695702275,2222.195068359375,5300,0.0,0.0
2020-07-08 00:00:00+09:00,2196.1649755219705,2223.159101647789,2196.1649755219705,2207.73388671875,6000,0.0,0.0
2020-07-09 00:00:00+09:00,2234.727964055794,2281.003607832618,2184.5960166309014,2246.296875,7600,0.0,0.0
2020-07-10 00:00:00+09:00,2246.2971304086536,2246.2971304086536,2188.452569110577,2193.27294921875,6100,0.0,0.0
2020-07-13 00:00:00+09:00,2193.27281459416,2249.1892204167807,2188.4524347818656,2202.91357421875,4600,0.0,0.0
2020-07-14 00:00:00+09:00,2202.91344018076,2212.55419921875,2178.8115425857845,2212.55419921875,3500,0.0,0.0
2020-07-15 00:00:00+09:00,2198.093329326923,2204.8418614783654,2176.8836568509614,2193.27294921875,13000,0.0,0.0
2020-07-16 00:00:00+09:00,2193.272742069129,2205.805729166667,2067.94287109375,2067.94287109375,6300,0.0,0.0
2020-07-17 00:00:00+09:00,2066.9788142277644,2105.541851806641,2005.2779541015625,2005.2779541015625,24700,0.0,0.0
2020-07-20 00:00:00+09:00,2029.3799887843556,2050.5896608761636,2026.4877607718365,2032.272216796875,2400,0.0,0.0
2020-07-21 00:00:00+09:00,2032.2720194212147,2066.0146762901627,2032.2720194212147,2053.481689453125,1700,0.0,0.0
2020-07-22 00:00:00+09:00,2053.481700689723,2104.577724228012,2053.481700689723,2073.727294921875,4600,0.0,0.0
2020-07-27 00:00:00+09:00,2068.907094187905,2158.566162109375,2068.907094187905,2158.566162109375,6000,0.0,0.0
2020-07-28 00:00:00+09:00,2158.565921881957,2211.590095934439,2122.8951138830143,2165.314453125,5900,0.0,0.0
2020-07-29 00:00:00+09:00,2155.673725673131,2207.7338245936803,2113.254385811942,2159.530029296875,4200,0.0,0.0
2020-07-30 00:00:00+09:00,2159.53009647651,2176.8834633231963,2080.475869730495,2154.709716796875,8400,0.0,0.0
2020-07-31 00:00:00+09:00,2147.961271750061,2182.668006841175,1851.0258715260848,1977.31982421875,28300,0.0,0.0
2020-08-03 00:00:00+09:00,1975.3916578316869,1975.3916578316869,1899.2296563828322,1913.6907958984375,13700,0.0,0.0
2020-08-04 00:00:00+09:00,1914.6548019319946,1985.0323450040166,1913.6907259995012,1978.2838134765625,9900,0.0,0.0
2020-08-05 00:00:00+09:00,1955.1461410408078,1955.1461410408078,1918.5112527964534,1929.1160888671875,3600,0.0,0.0
2020-08-06 00:00:00+09:00,1932.0081333303315,2043.8409394512487,1932.0081333303315,2007.2060546875,8900,0.0,0.0
2020-08-07 00:00:00+09:00,2008.170532626793,2106.5062956262805,2008.170532626793,2058.302490234375,5600,0.0,0.0
2020-08-11 00:00:00+09:00,2120.967350319927,2177.847838351234,2074.691699040219,2109.3984375,5400,0.0,0.0
2020-08-12 00:00:00+09:00,2109.3983224244744,2119.039082581807,2043.8411533546096,2086.260498046875,4100,0.0,0.0
2020-08-13 00:00:00+09:00,2086.2605304028616,2096.865366740399,2024.559664439006,2080.47607421875,4400,0.0,0.0
2020-08-14 00:00:00+09:00,2073.7275743449045,2113.254692219447,2047.6975211104495,2074.691650390625,2100,0.0,0.0
2020-08-17 00:00:00+09:00,2074.6916774155725,2074.6916774155725,2053.482004133443,2055.41015625,600,0.0,0.0
2020-08-18 00:00:00+09:00,2058.3022107425536,2058.3022107425536,2056.3740587886964,2057.338134765625,2500,0.0,0.0
2020-08-19 00:00:00+09:00,2057.338102821992,2076.6196220611855,2057.338102821992,2063.12255859375,1700,0.0,0.0
2020-08-20 00:00:00+09:00,2034.20037939905,2058.3022796288965,1977.319894856612,1979.248046875,4700,0.0,0.0
2020-08-21 00:00:00+09:00,2007.206018968062,2039.020523591475,2007.206018968062,2036.1282958984375,1100,0.0,0.0
2020-08-24 00:00:00+09:00,2043.8409303477113,2076.619511306118,2033.2360953317561,2053.481689453125,3500,0.0,0.0
2020-08-25 00:00:00+09:00,2053.481971733586,2063.12273216426,2050.5897436043833,2061.194580078125,900,0.0,0.0
2020-08-26 00:00:00+09:00,2061.194612599672,2077.583905590408,2038.0567872009851,2055.41015625,1800,0.0,0.0
2020-08-27 00:00:00+09:00,2075.6557264363455,2075.6557264363455,2027.4519241503178,2074.691650390625,1400,0.0,0.0
2020-08-28 00:00:00+09:00,2066.979011276533,2109.398356657208,2043.8411865234375,2043.8411865234375,4100,0.0,0.0
2020-08-31 00:00:00+09:00,2044.8049205741213,2140.2484317183166,2044.8049205741213,2084.33203125,3100,0.0,0.0
2020-09-01 00:00:00+09:00,2082.404307586837,2139.2847956181445,2082.404307586837,2109.3984375,2400,0.0,0.0
2020-09-02 00:00:00+09:00,2109.398111377742,2119.038870570511,2087.224365234375,2087.224365234375,1500,0.0,0.0
2020-09-03 00:00:00+09:00,2092.045154008709,2111.3266761654713,2058.302490234375,2058.302490234375,6900,0.0,0.0
2020-09-04 00:00:00+09:00,2030.3441220841316,2053.481946837227,2030.3441220841316,2043.8411865234375,700,0.0,0.0
2020-09-07 00:00:00+09:00,2039.0205552842883,2043.8409348476082,2019.739037031009,2030.3438720703125,5600,0.0,0.0
2020-09-08 00:00:00+09:00,2031.3081087024007,2039.0207166139428,2031.3081087024007,2038.056640625,1000,0.0,0.0
2020-09-09 00:00:00+09:00,2026.4876109855684,2048.661357442594,2025.5235350526543,2044.8050537109375,3500,0.0,0.0
2020-09-10 00:00:00+09:00,2046.7331625856,2060.2302253628955,2024.5594165943287,2030.3438720703125,5300,0.0,0.0
2020-09-11 00:00:00+09:00,2030.343809133211,2053.481630319914,2028.4156573676523,2041.9127197265625,10600,0.0,0.0
2020-09-14 00:00:00+09:00,2025.5235994265254,2069.87109375,2025.5235994265254,2069.87109375,3100,0.0,0.0
2020-09-15 00:00:00+09:00,2046.7330991404592,2074.691299741059,2039.984567961004,2041.9127197265625,4300,0.0,0.0
2020-09-16 00:00:00+09:00,2070.8353462077425,2092.045019213595,2041.9130648361263,2074.691650390625,1700,0.0,0.0
2020-09-17 00:00:00+09:00,2085.296302248154,2099.7574416534812,2056.3740234375,2056.3740234375,3100,0.0,0.0
2020-09-18 00:00:00+09:00,2045.7690859247045,2096.8651092772066,2045.7690859247045,2060.230224609375,3200,0.0,0.0
2020-09-23 00:00:00+09:00,2055.4100899516884,2055.4100899516884,2007.2062885925964,2023.5955810546875,3100,0.0,0.0
2020-09-24 00:00:00+09:00,2024.559537492822,2080.4759437664334,1993.7091064453125,1993.7091064453125,14300,0.0,0.0
2020-09-25 00:00:00+09:00,2001.421682183055,2042.8769482398332,1999.4935302734375,1999.4935302734375,2500,0.0,0.0
2020-09-28 00:00:00+09:00,2047.6973649912743,2047.6973649912743,1993.7091105470597,2037.092529296875,2200,0.0,0.0
2020-09-29 00:00:00+09:00,2002.9131482290047,2054.670533336824,2002.9131482290047,2040.022216796875,1400,27.0,0.0
2020-09-30 00:00:00+09:00,2035.13940596093,2035.13940596093,2005.8427734375,2005.8427734375,1800,0.0,0.0
2020-10-02 00:00:00+09:00,2036.1158366428208,2062.4828043115767,2033.1861735685147,2049.78759765625,4800,0.0,0.0
2020-10-05 00:00:00+09:00,2060.529908683249,2065.4126809787067,2044.9050373377834,2045.881591796875,700,0.0,0.0
2020-10-06 00:00:00+09:00,2080.0610030022635,2080.0610030022635,2060.5299137721954,2076.15478515625,1600,0.0,0.0
2020-10-07 00:00:00+09:00,2052.7175612925125,2056.623779296875,2052.7175612925125,2056.623779296875,400,0.0,0.0
2020-10-08 00:00:00+09:00,2057.600202452462,2081.0375089825325,2057.600202452462,2070.29541015625,1400,0.0,0.0
2020-10-09 00:00:00+09:00,2078.1078456662735,2080.0609545437796,2053.69398469745,2070.29541015625,1800,0.0,0.0
2020-10-12 00:00:00+09:00,2072.248559283088,2075.17822265625,2070.295450367647,2075.17822265625,300,0.0,0.0
2020-10-13 00:00:00+09:00,2065.4126379624854,2070.29541015625,2065.4126379624854,2070.29541015625,200,0.0,0.0
2020-10-14 00:00:00+09:00,2070.29541015625,2070.29541015625,2065.4126379624854,2070.29541015625,3300,0.0,0.0
2020-10-15 00:00:00+09:00,2070.2953535405823,2071.2719079526296,2049.787710887586,2063.45947265625,1400,0.0,0.0
2020-10-16 00:00:00+09:00,2083.9671937515154,2083.9671937515154,2013.6552734375,2013.6552734375,5600,0.0,0.0
2020-10-19 00:00:00+09:00,2016.584879262436,2031.2331955766908,2016.584879262436,2021.4676513671875,1300,0.0,0.0
2020-10-20 00:00:00+09:00,2017.56150454983,2048.8112471178815,2011.7021778183203,2044.905029296875,3200,0.0,0.0
2020-10-21 00:00:00+09:00,2040.998779296875,2040.998779296875,2040.998779296875,2040.998779296875,500,0.0,0.0
2020-10-22 00:00:00+09:00,2021.4677090279463,2032.2098079648097,2013.6552734375,2013.6552734375,1300,0.0,0.0
2020-10-23 00:00:00+09:00,2019.5144863128662,2019.5144863128662,1987.288191318512,1999.9833984375,3000,0.0,0.0
2020-10-26 00:00:00+09:00,2005.84283233898,2018.538040138594,1983.382080078125,1983.382080078125,2600,0.0,0.0
2020-10-27 00:00:00+09:00,1987.2881836778536,1987.2881836778536,1984.3585205078125,1984.3585205078125,500,0.0,0.0
2020-10-28 00:00:00+09:00,1987.2882080078125,1987.2882080078125,1982.4054359979652,1987.2882080078125,1700,0.0,0.0
2020-10-29 00:00:00+09:00,1987.2882395059944,2005.8427734375,1973.6164776617272,2005.8427734375,1700,0.0,0.0
2020-10-30 00:00:00+09:00,1979.4757401064578,2030.256568170363,1979.4757401064578,1998.0302734375,3000,0.0,0.0
2020-11-02 00:00:00+09:00,1998.0303470387178,1998.0303470387178,1954.085398056928,1992.1710205078125,5400,0.0,0.0
2020-11-04 00:00:00+09:00,1993.1475015082783,2031.2331225562073,1993.1475015082783,1998.0302734375,3400,0.0,0.0
2020-11-05 00:00:00+09:00,2008.772445678711,2008.772445678711,1972.6399320714613,1992.1710205078125,3500,0.0,0.0
2020-11-06 00:00:00+09:00,1983.382080078125,1987.2882978626214,1981.4289711858767,1983.382080078125,1200,0.0,0.0
2020-11-09 00:00:00+09:00,2006.8193123863794,2006.8193123863794,1988.264778597892,1989.2413330078125,3600,0.0,0.0
2020-11-10 00:00:00+09:00,2001.936572839792,2015.6083348006491,1989.2413653047104,1993.1475830078125,5500,0.0,0.0
2020-11-11 00:00:00+09:00,2011.702140374575,2030.2566746790008,2010.7255859375,2010.7255859375,2700,0.0,0.0
2020-11-12 00:00:00+09:00,2010.7254962930388,2027.3269209831706,2010.7254962930388,2014.6317138671875,1900,0.0,0.0
2020-11-13 00:00:00+09:00,2014.6317640363498,2014.6317640363498,1991.1944580078125,1991.1944580078125,2200,0.0,0.0
2020-11-16 00:00:00+09:00,2012.678580748919,2022.4441245662356,2011.7020263671875,2011.7020263671875,400,0.0,0.0
2020-11-17 00:00:00+09:00,2030.256705819241,2030.256705819241,2012.678725682278,2029.2801513671875,4900,0.0,0.0
2020-11-18 00:00:00+09:00,2021.4675455572062,2023.420654296875,1996.0771319415119,2023.420654296875,5400,0.0,0.0
2020-11-19 00:00:00+09:00,2025.3738771417416,2030.2566492659985,2017.5614417429306,2022.4442138671875,1200,0.0,0.0
2020-11-20 00:00:00+09:00,2011.7020837140594,2011.7020837140594,1997.0537675705104,2003.8896484375,2200,0.0,0.0
2020-11-24 00:00:00+09:00,2021.4676513671875,2036.1159676814425,2016.584879262436,2021.4676513671875,4700,0.0,0.0
2020-11-25 00:00:00+09:00,2031.2332198956826,2038.0691009241777,2019.514566703977,2024.3973388671875,5500,0.0,0.0
2020-11-26 00:00:00+09:00,2040.9987469944722,2047.8346279652671,2036.1159748724758,2037.092529296875,5900,0.0,0.0
2020-11-27 00:00:00+09:00,2050.764233085882,2074.2015386068633,2037.0924715319761,2059.55322265625,7400,0.0,0.0
2020-11-30 00:00:00+09:00,2060.5298497071235,2082.0140471922214,2060.5298497071235,2068.34228515625,2400,0.0,0.0
2020-12-01 00:00:00+09:00,2065.4126780790443,2084.9437672334557,2065.4126780790443,2075.17822265625,3100,0.0,0.0
2020-12-02 00:00:00+09:00,2083.9670653497164,2089.8263916815336,2083.9670653497164,2086.896728515625,2100,0.0,0.0
2020-12-03 00:00:00+09:00,2086.8967851097905,2093.732666015625,2083.9671218644326,2093.732666015625,4100,0.0,0.0
2020-12-04 00:00:00+09:00,2099.591830187228,2147.4429928287045,2093.7325041494964,2132.794677734375,6600,0.0,0.0
2020-12-07 00:00:00+09:00,2230.450410590278,2230.450410590278,2099.592111545139,2197.24755859375,6600,0.0,0.0
2020-12-08 00:00:00+09:00,2194.317601811272,2194.317601811272,2129.8650153762283,2162.09130859375,4100,0.0,0.0
2020-12-09 00:00:00+09:00,2170.8805911502322,2184.5523537575664,2143.5370659355644,2167.950927734375,8300,0.0,0.0
2020-12-10 00:00:00+09:00,2169.904026940092,2169.904026940092,2036.1160648830298,2107.404541015625,10200,0.0,0.0
2020-12-11 00:00:00+09:00,2156.2321615763826,2165.9977057864203,2108.3809949471965,2154.279052734375,4700,0.0,0.0
2020-12-14 00:00:00+09:00,2203.1068150016963,2237.2862203762793,2159.161865234375,2159.161865234375,20100,0.0,0.0
2020-12-15 00:00:00+09:00,2159.161776123047,2170.880428910689,2114.240273770419,2148.419677734375,9300,0.0,0.0
2020-12-16 00:00:00+09:00,2148.4198173868313,2148.4198173868313,2102.521757651749,2135.724609375,9900,0.0,0.0
2020-12-17 00:00:00+09:00,2135.7245448385156,2135.7245448385156,2101.5451396856356,2127.912109375,8000,0.0,0.0
2020-12-18 00:00:00+09:00,2102.5216800741223,2102.5216800741223,2095.6857990892086,2096.662353515625,4000,0.0,0.0
2020-12-21 00:00:00+09:00,2097.6388186336903,2136.7009940272414,2085.920166015625,2085.920166015625,5900,0.0,0.0
2020-12-22 00:00:00+09:00,2075.178143617918,2076.154698038444,2012.678660704249,2036.115966796875,15100,0.0,0.0
2020-12-23 00:00:00+09:00,2016.5848231315613,2069.31876039505,1993.1475176811218,1999.9833984375,15300,0.0,0.0
2020-12-24 00:00:00+09:00,2001.9365153352244,2030.256592869235,1993.1475257557038,2000.9599609375,41800,0.0,0.0
2020-12-25 00:00:00+09:00,1995.100699937542,2020.4911151105114,1993.1475910780828,1994.1241455078125,23900,0.0,0.0
2020-12-28 00:00:00+09:00,1997.0538087970012,2089.8264796213116,1994.1241455078125,1994.1241455078125,14900,0.0,0.0
2020-12-29 00:00:00+09:00,2006.8193341810925,2047.834619843188,2006.8193341810925,2036.115966796875,4100,0.0,0.0
2020-12-30 00:00:00+09:00,2036.1159344168593,2054.670468111785,2022.4441727469139,2032.209716796875,5200,0.0,0.0
2021-01-04 00:00:00+09:00,2041.975261499898,2046.8580335264398,2007.7958573141032,2017.5614013671875,7500,0.0,0.0
2021-01-05 00:00:00+09:00,2017.5614013671875,2056.623577579524,2017.5614013671875,2017.5614013671875,3200,0.0,0.0
2021-01-06 00:00:00+09:00,2022.4442138671875,2058.5767275866883,2021.467659442336,2022.4442138671875,2800,0.0,0.0
2021-01-07 00:00:00+09:00,2023.4207366288986,2036.1159439533078,2001.9365396183603,2003.8896484375,17500,0.0,0.0
2021-01-08 00:00:00+09:00,2031.2332198956826,2031.2332198956826,2006.8193590796288,2024.3973388671875,5400,0.0,0.0
2021-01-12 00:00:00+09:00,2054.67048147311,2105.45131086313,2031.2331756007932,2092.756103515625,39500,0.0,0.0
2021-01-13 00:00:00+09:00,2141.5838876590437,2147.443214301066,2119.123135531293,2129.865234375,18800,0.0,0.0
2021-01-14 00:00:00+09:00,2148.4196883392688,2177.716320452986,2056.6235743829548,2090.802978515625,35400,0.0,0.0
2021-01-15 00:00:00+09:00,2123.0291912449406,2123.0291912449406,2031.2330808599247,2081.037353515625,39500,0.0,0.0
2021-01-18 00:00:00+09:00,2126.9356171544273,2142.560488538482,2058.5768048491886,2076.15478515625,22000,0.0,0.0
2021-01-19 00:00:00+09:00,2090.8030510764897,2133.771446334484,2084.9437244503997,2099.592041015625,14000,0.0,0.0
2021-01-20 00:00:00+09:00,2119.1231650372233,2119.1231650372233,2052.7174621696977,2074.20166015625,27700,0.0,0.0
2021-01-21 00:00:00+09:00,2074.2015793149835,2093.73266763245,2052.71738216577,2064.43603515625,24500,0.0,0.0
2021-01-22 00:00:00+09:00,2064.4361831273045,2070.2955100425193,2045.8816478957913,2052.717529296875,42700,0.0,0.0
2021-01-25 00:00:00+09:00,2094.709420316282,2134.748155156826,2072.248666625245,2118.146728515625,51200,0.0,0.0
2021-01-26 00:00:00+09:00,2143.536923234634,2154.2790217109805,2085.920213225138,2121.076171875,43400,0.0,0.0
2021-01-27 00:00:00+09:00,2122.052898377001,2134.74810669679,2101.5452541681116,2112.287353515625,22100,0.0,0.0
2021-01-28 00:00:00+09:00,2052.7174542032208,2130.841810214761,2001.9366227957196,2073.22509765625,109200,0.0,0.0
2021-01-29 00:00:00+09:00,2099.5918950225728,2158.185157209249,2001.9364580447786,2038.0689697265625,138600,0.0,0.0
2021-02-01 00:00:00+09:00,2050.764329362624,2093.7327248349834,2028.3035771838902,2071.27197265625,142200,0.0,0.0
2021-02-02 00:00:00+09:00,2096.6623800025795,2101.545152196344,2064.436083523732,2070.29541015625,71700,0.0,0.0
2021-02-03 00:00:00+09:00,2095.685844809322,2134.748022718163,2086.8968547798327,2131.818359375,65600,0.0,0.0
2021-02-04 00:00:00+09:00,2135.7243896484374,2267.559228515625,2130.841617838542,2255.840576171875,89100,0.0,0.0
2021-02-05 00:00:00+09:00,2246.0751453077937,2282.2076585149193,2231.426829142743,2269.512451171875,37200,0.0,0.0
2021-02-08 00:00:00+09:00,2292.9498409695093,2292.9498409695093,2187.481960720486,2249.9814453125,37800,0.0,0.0
2021-02-09 00:00:00+09:00,2249.9813308189655,2274.3951907453866,2241.192341245454,2265.606201171875,19100,0.0,0.0
2021-02-10 00:00:00+09:00,2262.676555427165,2262.676555427165,2211.895726388662,2238.2626953125,32100,0.0,0.0
2021-02-12 00:00:00+09:00,2238.262687213553,2265.606210443038,2230.4502520051287,2237.2861328125,14400,0.0,0.0
2021-02-15 00:00:00+09:00,2260.7235337121265,2287.0905036517493,2239.2393359835446,2278.301513671875,24800,0.0,0.0
2021-02-16 00:00:00+09:00,2285.13719888975,2308.574503493747,2277.324764021751,2284.16064453125,24900,0.0,0.0
2021-02-17 00:00:00+09:00,2313.4575371993215,2380.8397955643504,2295.8795567562706,2374.98046875,29100,0.0,0.0
2021-02-18 00:00:00+09:00,2381.816443307059,2391.5819883800687,2277.3251110258557,2296.856201171875,21500,0.0,0.0
2021-02-19 00:00:00+09:00,2273.418792632092,2308.5747533428976,2247.051822098988,2254.8642578125,12400,0.0,0.0
2021-02-22 00:00:00+09:00,2279.2782324513023,2308.5748678298537,2249.0050425601326,2268.5361328125,9300,0.0,0.0
2021-02-24 00:00:00+09:00,2265.6062116458424,2265.6062116458424,2200.177066740553,2207.989501953125,17600,0.0,0.0
2021-02-25 00:00:00+09:00,2216.778506425807,2249.004801893671,2216.778506425807,2239.2392578125,4800,0.0,0.0
2021-02-26 00:00:00+09:00,2202.1302175777755,2216.7785338809535,2173.8101393916313,2183.57568359375,20000,0.0,0.0
2021-03-01 00:00:00+09:00,2186.5052488068086,2227.520532616494,2186.5052488068086,2201.153564453125,7400,0.0,0.0
2021-03-02 00:00:00+09:00,2237.2860184021406,2237.2860184021406,2164.0444420685917,2194.317626953125,7700,0.0,0.0
2021-03-03 00:00:00+09:00,2176.7398267833714,2200.17713312828,2158.1852925936523,2186.50537109375,13100,0.0,0.0
2021-03-04 00:00:00+09:00,2196.270751843102,2196.270751843102,2148.419588285827,2166.97412109375,13500,0.0,0.0
2021-03-05 00:00:00+09:00,2166.9741051219335,2194.317626953125,2121.076050619576,2194.317626953125,23600,0.0,0.0
2021-03-08 00:00:00+09:00,2235.3332318245098,2244.1222222510805,2177.7165168058787,2203.10693359375,14800,0.0,0.0
2021-03-09 00:00:00+09:00,2203.106763842282,2231.4268419235877,2129.8651825975253,2182.59912109375,16200,0.0,0.0
2021-03-10 00:00:00+09:00,2188.458568359375,2236.3097374131944,2163.068152126736,2197.24755859375,9900,0.0,0.0
2021-03-11 00:00:00+09:00,2198.224022210879,2216.77855638325,2187.4819234795063,2215.802001953125,5700,0.0,0.0
2021-03-12 00:00:00+09:00,2224.590788931957,2279.27783203125,2216.7783542034867,2279.27783203125,12100,0.0,0.0
2021-03-15 00:00:00+09:00,2279.2779952819087,2288.0669849809397,2243.1454820747836,2269.512451171875,10900,0.0,0.0
2021-03-16 00:00:00+09:00,2270.489045958398,2293.926352239259,2270.489045958398,2274.395263671875,3700,0.0,0.0
2021-03-17 00:00:00+09:00,2265.606257721852,2272.442138671875,2231.426852971738,2272.442138671875,6300,0.0,0.0
2021-03-18 00:00:00+09:00,2276.348420875435,2284.1608564683147,2249.981450749465,2280.254638671875,9500,0.0,0.0
2021-03-19 00:00:00+09:00,2278.3016062911183,2319.31689453125,2265.6063980263157,2319.31689453125,13500,0.0,0.0
2021-03-22 00:00:00+09:00,2332.988523473026,2375.956918212588,2257.793832678793,2362.28515625,20900,0.0,0.0
2021-03-23 00:00:00+09:00,2411.1130158305923,2418.9254516858555,2314.4341221217105,2319.31689453125,17500,0.0,0.0
2021-03-24 00:00:00+09:00,2275.371924543953,2291.973350602857,2149.39639739109,2198.22412109375,71400,0.0,0.0
2021-03-25 00:00:00+09:00,2197.2474035358387,2207.989501953125,2149.3962378588362,2207.989501953125,80600,0.0,0.0
2021-03-26 00:00:00+09:00,2236.30953721226,2273.4186037686204,2213.848786401831,2261.699951171875,16300,0.0,0.0
2021-03-29 00:00:00+09:00,2291.9731875647635,2291.9731875647635,2227.520596862047,2238.2626953125,16600,0.0,0.0
2021-03-30 00:00:00+09:00,2276.8362768533625,2292.661376953125,2260.0221079973644,2292.661376953125,9100,29.0,0.0
2021-03-31 00:00:00+09:00,2280.792701064971,2280.792701064971,2255.0769117207865,2276.83642578125,11300,0.0,0.0
2021-04-01 00:00:00+09:00,2263.9784999639583,2292.6614953763456,2247.164330239455,2251.12060546875,14000,0.0,0.0
2021-04-02 00:00:00+09:00,2252.109681928749,2272.880126953125,2250.13154430738,2272.880126953125,7600,0.0,0.0
2021-04-05 00:00:00+09:00,2297.6069019225865,2308.4866590991464,2278.814594072165,2302.55224609375,12800,0.0,0.0
2021-04-06 00:00:00+09:00,2303.5412600843465,2316.3991546232455,2255.076888360803,2272.880126953125,12000,0.0,0.0
2021-04-07 00:00:00+09:00,2277.8254785998115,2294.6396484375,2268.923859273976,2294.6396484375,7200,0.0,0.0
2021-04-08 00:00:00+09:00,2294.6396719691265,2304.5303602103727,2274.8582954866342,2298.595947265625,18900,0.0,0.0
2021-04-09 00:00:00+09:00,2298.5959616996147,2346.0712655557168,2289.6943422265954,2342.114990234375,24200,0.0,0.0
2021-04-12 00:00:00+09:00,2343.1039023935373,2366.841552734375,2326.2897334021104,2366.841552734375,10300,0.0,0.0
2021-04-13 00:00:00+09:00,2364.863587640411,2401.45913458424,2343.1040732413776,2385.634033203125,29900,0.0,0.0
2021-04-14 00:00:00+09:00,2374.754284195537,2401.4591428682897,2353.983838561174,2376.732421875,9800,0.0,0.0
2021-04-15 00:00:00+09:00,2354.972798364699,2423.218545146372,2349.038385601075,2409.37158203125,13500,0.0,0.0
2021-04-16 00:00:00+09:00,2409.371496932496,2482.562585098754,2385.6338467164123,2445.967041015625,32800,0.0,0.0
2021-04-19 00:00:00+09:00,2420.2512747881083,2420.2512747881083,2348.0492547392596,2388.60107421875,33600,0.0,0.0
2021-04-20 00:00:00+09:00,2380.6887138446673,2403.4372973172167,2351.016648445689,2358.92919921875,27400,0.0,0.0
2021-04-21 00:00:00+09:00,2274.858186415117,2319.366281366717,2274.858186415117,2300.573974609375,18400,0.0,0.0
2021-04-22 00:00:00+09:00,2350.0274302808543,2350.0274302808543,2327.278848253725,2344.093017578125,6100,0.0,0.0
2021-04-23 00:00:00+09:00,2332.2242076640227,2350.0274458904655,2308.4865566954322,2326.289794921875,7600,0.0,0.0
2021-04-26 00:00:00+09:00,2375.7431887069783,2487.5079598659663,2348.049263110061,2410.360595703125,91800,0.0,0.0
2021-04-27 00:00:00+09:00,2413.327787956305,2474.6500514207687,2403.437100300747,2458.824951171875,38200,0.0,0.0
2021-04-28 00:00:00+09:00,2472.671897508719,2472.671897508719,2413.3277719685098,2445.967041015625,23900,0.0,0.0
2021-04-30 00:00:00+09:00,2460.8031679923884,2655.6497210850334,2443.9889984361703,2615.097900390625,90600,0.0,0.0
2021-05-06 00:00:00+09:00,2643.7808956983613,2697.1906107629743,2579.4914238613264,2676.420166015625,56400,0.0,0.0
2021-05-07 00:00:00+09:00,2676.4202182154095,2679.3874246657588,2364.863540928693,2377.721435546875,154000,0.0,0.0
2021-05-10 00:00:00+09:00,2393.546558704453,2443.0,2385.634008097166,2443.0,45000,0.0,0.0
2021-05-11 00:00:00+09:00,2432.1203162327283,2433.1093850884554,2385.6340800135586,2393.546630859375,20500,0.0,0.0
2021-05-12 00:00:00+09:00,2383.655727232047,2393.54641489691,2266.94561278666,2296.61767578125,46100,0.0,0.0
2021-05-13 00:00:00+09:00,2241.229854230183,2264.9675049369457,2215.514065964523,2230.35009765625,48300,0.0,0.0
2021-05-14 00:00:00+09:00,2255.076880486021,2287.7161511246345,2225.4048162690997,2281.78173828125,16900,0.0,0.0
2021-05-17 00:00:00+09:00,2306.5084425403224,2307.497511340726,2214.5250441028224,2238.2626953125,32200,0.0,0.0
2021-05-18 00:00:00+09:00,2238.2627878956982,2295.6287806919645,2219.4704799107144,2284.7490234375,16500,0.0,0.0
2021-05-19 00:00:00+09:00,2284.748866601981,2324.311617538812,2254.087734625937,2309.4755859375,25400,0.0,0.0
2021-05-20 00:00:00+09:00,2326.2898880392872,2372.776123046875,2312.4429244200055,2372.776123046875,14600,0.0,0.0
2021-05-21 00:00:00+09:00,2388.601049086627,2388.601049086627,2337.169473702567,2353.983642578125,9000,0.0,0.0
2021-05-24 00:00:00+09:00,2389.5903334643604,2389.5903334643604,2339.147822286098,2358.92919921875,4100,0.0,0.0
2021-05-25 00:00:00+09:00,2373.765231918239,2373.765231918239,2351.016648445689,2358.92919921875,2800,0.0,0.0
2021-05-26 00:00:00+09:00,2355.9617876159846,2372.775956545234,2344.092962489456,2345.08203125,5200,0.0,0.0
2021-05-27 00:00:00+09:00,2344.092977631614,2357.9399403686784,2327.27880859375,2327.27880859375,4600,0.0,0.0
2021-05-28 00:00:00+09:00,2324.311649175161,2339.1476809784067,2296.617723142436,2304.5302734375,13700,0.0,0.0
2021-05-31 00:00:00+09:00,2353.983721051897,2353.983721051897,2324.311657341159,2326.289794921875,8600,0.0,0.0
2021-06-01 00:00:00+09:00,2348.0493643925106,2349.0384332064923,2289.6943043675915,2294.6396484375,15600,0.0,0.0
2021-06-02 00:00:00+09:00,2313.4318610311834,2338.1585803667026,2290.6832792425053,2309.4755859375,10200,0.0,0.0
2021-06-03 00:00:00+09:00,2314.4209458515224,2339.147665358483,2298.595845367068,2322.33349609375,9000,0.0,0.0
2021-06-04 00:00:00+09:00,2303.54122828048,2329.2570170032336,2300.5740218893934,2308.486572265625,6800,0.0,0.0
2021-06-07 00:00:00+09:00,2316.399091116329,2334.2023292205536,2296.6177154449683,2313.431884765625,11200,0.0,0.0
2021-06-08 00:00:00+09:00,2312.442823732564,2317.38816766698,2299.584929503085,2304.5302734375,10500,0.0,0.0
2021-06-09 00:00:00+09:00,2305.519476077569,2314.421095676324,2293.6506499458956,2306.508544921875,11700,0.0,0.0
2021-06-10 00:00:00+09:00,2305.5194843766817,2306.508553224548,2292.6615893544176,2297.60693359375,4800,0.0,0.0
2021-06-11 00:00:00+09:00,2305.5193817739673,2305.5193817739673,2252.1096663660765,2260.022216796875,15700,0.0,0.0
2021-06-14 00:00:00+09:00,2260.0222089213707,2284.7489289314517,2260.0222089213707,2268.923828125,4500,0.0,0.0
2021-06-15 00:00:00+09:00,2284.7490385714864,2307.4976220724143,2274.8583500928216,2297.60693359375,5100,0.0,0.0
2021-06-16 00:00:00+09:00,2316.3991386163157,2316.3991386163157,2243.2080471314275,2260.022216796875,50400,0.0,0.0
2021-06-17 00:00:00+09:00,2260.022137948654,2272.8800319501124,2226.3937997909934,2257.054931640625,26300,0.0,0.0
2021-06-18 00:00:00+09:00,2269.9128169507053,2269.9128169507053,2234.3063413906943,2235.29541015625,5400,0.0,0.0
2021-06-21 00:00:00+09:00,2218.481447078436,2218.481447078436,2156.1701090641955,2187.8203125,16800,0.0,0.0
2021-06-22 00:00:00+09:00,2229.3610365910927,2234.306380505447,2209.579660933674,2221.448486328125,30700,0.0,0.0
2021-06-23 00:00:00+09:00,2212.546836063312,2239.2516928240225,2197.710804529584,2226.393798828125,8700,0.0,0.0
2021-06-24 00:00:00+09:00,2226.3939165445427,2250.1315682535915,2216.503228332439,2246.17529296875,6800,0.0,0.0
2021-06-25 00:00:00+09:00,2252.109714012247,2252.109714012247,2236.28461281585,2237.273681640625,5500,0.0,0.0
2021-06-28 00:00:00+09:00,2245.1861769153224,2250.1315209173385,2227.3829385080644,2238.2626953125,6600,0.0,0.0
2021-06-29 00:00:00+09:00,2252.109705896012,2252.109705896012,2229.3611230081738,2246.17529296875,5300,0.0,0.0
2021-06-30 00:00:00+09:00,2246.1751904167472,2255.0768094012255,2237.2735714322685,2239.251708984375,4100,0.0,0.0
2021-07-01 00:00:00+09:00,2238.262679470486,2255.0768489583334,2225.40478515625,2225.40478515625,6600,0.0,0.0
2021-07-02 00:00:00+09:00,2251.1206377301896,2251.1206377301896,2187.8202331542966,2215.51416015625,8900,0.0,0.0
2021-07-05 00:00:00+09:00,2222.437491112184,2222.437491112184,2197.710772252458,2200.677978515625,11100,0.0,0.0
2021-07-06 00:00:00+09:00,2215.514081358963,2216.503150145284,2201.6671183504695,2212.546875,6200,0.0,0.0
2021-07-07 00:00:00+09:00,2211.5578298436803,2220.459449015681,2186.8311099214566,2216.503173828125,10600,0.0,0.0
2021-07-08 00:00:00+09:00,2216.503205382973,2235.2955127913965,2202.656242029398,2211.557861328125,7900,0.0,0.0
2021-07-09 00:00:00+09:00,2210.568729168136,2210.568729168136,2158.1480836889814,2190.787353515625,14700,0.0,0.0
2021-07-12 00:00:00+09:00,2228.3719678082216,2228.3719678082216,2201.6671106707063,2221.448486328125,4300,0.0,0.0
2021-07-13 00:00:00+09:00,2225.404698797997,2231.339111328125,2225.404698797997,2231.339111328125,3400,0.0,0.0
2021-07-14 00:00:00+09:00,2231.3391823743386,2250.1314893180943,2221.448494509204,2243.2080078125,8000,0.0,0.0
2021-07-15 00:00:00+09:00,2243.2079917890796,2243.2079917890796,2221.448478641214,2230.35009765625,3500,0.0,0.0
2021-07-16 00:00:00+09:00,2230.350160730443,2232.3282983452814,2215.514128619154,2220.45947265625,3700,0.0,0.0
2021-07-19 00:00:00+09:00,2215.514168254146,2215.514168254146,2189.798378801196,2206.612548828125,7500,0.0,0.0
2021-07-20 00:00:00+09:00,2177.929585394718,2193.754686832645,2161.1154151169203,2171.006103515625,8700,0.0,0.0
2021-07-21 00:00:00+09:00,2193.7545992943546,2193.7545992943546,2165.071604082661,2176.9404296875,18500,0.0,0.0
2021-07-26 00:00:00+09:00,2183.864013671875,2222.4376986959705,2174.96239405093,2183.864013671875,17600,0.0,0.0
2021-07-27 00:00:00+09:00,2185.84206461368,2199.689027918925,2185.84206461368,2189.79833984375,2000,0.0,0.0
2021-07-28 00:00:00+09:00,2170.0168923721067,2183.863855222248,2142.3229666718244,2147.268310546875,13000,0.0,0.0
2021-07-29 00:00:00+09:00,2152.213733325667,2164.082559060919,2150.235595703125,2150.235595703125,3000,0.0,0.0
2021-07-30 00:00:00+09:00,2147.2683359273055,2302.552135439322,2123.5306850464876,2273.869140625,57000,0.0,0.0
2021-08-02 00:00:00+09:00,2243.207970733122,2334.2022975882574,2243.207970733122,2318.377197265625,40400,0.0,0.0
2021-08-03 00:00:00+09:00,2305.5193973867204,2305.5193973867204,2265.956644964812,2303.541259765625,14900,0.0,0.0
2021-08-04 00:00:00+09:00,2309.4757432053607,2324.3117758169583,2293.65064175299,2315.41015625,12200,0.0,0.0
2021-08-05 00:00:00+09:00,2323.3226824580015,2354.972885028736,2323.3226824580015,2342.114990234375,14800,0.0,0.0
2021-08-06 00:00:00+09:00,2344.093096283383,2347.060302734375,2304.530343603495,2347.060302734375,16100,0.0,0.0
2021-08-10 00:00:00+09:00,2339.147609874714,2352.005503713349,2304.5302033860817,2323.322509765625,6200,0.0,0.0
2021-08-11 00:00:00+09:00,2323.322564241543,2324.3116330215526,2269.912850121048,2291.67236328125,13500,0.0,0.0
2021-08-12 00:00:00+09:00,2291.672323263417,2299.5848733653193,2274.858154296875,2274.858154296875,3500,0.0,0.0
2021-08-13 00:00:00+09:00,2300.574045834935,2300.574045834935,2185.8420641853854,2251.12060546875,16100,0.0,0.0
2021-08-16 00:00:00+09:00,2251.1206937911734,2251.1206937911734,2198.7000449463,2214.525146484375,13300,0.0,0.0
2021-08-17 00:00:00+09:00,2197.7108355392224,2229.3610365910927,2197.7108355392224,2221.448486328125,10700,0.0,0.0
2021-08-18 00:00:00+09:00,2199.689097460678,2245.1862640448467,2199.689097460678,2232.328369140625,6300,0.0,0.0
2021-08-19 00:00:00+09:00,2233.317415335284,2233.317415335284,2197.7109375,2197.7109375,6600,0.0,0.0
2021-08-20 00:00:00+09:00,2197.7109375,2211.5579011026102,2182.874905068632,2197.7109375,7000,0.0,0.0
2021-08-23 00:00:00+09:00,2210.56884765625,2231.3392932046977,2206.6125723136884,2210.56884765625,6500,0.0,0.0
2021-08-24 00:00:00+09:00,2255.076780184202,2333.2132124800582,2226.39378605028,2305.519287109375,32000,0.0,0.0
2021-08-25 00:00:00+09:00,2305.5194371794005,2311.4538501451134,2252.1097204879857,2289.6943359375,7000,0.0,0.0
2021-08-26 00:00:00+09:00,2295.6287890073268,2305.519477456303,2265.956723660399,2275.847412109375,6500,0.0,0.0
2021-08-27 00:00:00+09:00,2294.639735374352,2295.628804225806,2283.759978008353,2288.705322265625,900,0.0,0.0
2021-08-30 00:00:00+09:00,2285.7379583031507,2295.62864613657,2274.8582016863897,2282.770751953125,6400,0.0,0.0
2021-08-31 00:00:00+09:00,2288.705282414492,2302.55224609375,2288.705282414492,2302.55224609375,2600,0.0,0.0
2021-09-01 00:00:00+09:00,2302.5522695446507,2322.333646430773,2299.5850630117325,2306.508544921875,3600,0.0,0.0
2021-09-02 00:00:00+09:00,2306.5083949813875,2306.5083949813875,2291.67236328125,2291.67236328125,1600,0.0,0.0
2021-09-03 00:00:00+09:00,2308.486699294714,2309.475768146169,2288.705322265625,2288.705322265625,7700,0.0,0.0
2021-09-06 00:00:00+09:00,2314.420922184967,2325.3006786567767,2307.4974407938153,2318.377197265625,10100,0.0,0.0
2021-09-07 00:00:00+09:00,2315.4100300932137,2329.2569931095763,2295.6286543555525,2304.5302734375,7800,0.0,0.0
2021-09-08 00:00:00+09:00,2299.584882080709,2332.2241513747576,2294.6395382482774,2296.61767578125,13500,0.0,0.0
2021-09-09 00:00:00+09:00,2299.5850466464426,2324.311767578125,2283.7599452501663,2324.311767578125,10800,0.0,0.0
2021-09-10 00:00:00+09:00,2324.311751288337,2344.093127895046,2324.311751288337,2342.114990234375,7400,0.0,0.0
2021-09-13 00:00:00+09:00,2349.038447816088,2368.81982421875,2337.169621974491,2368.81982421875,5200,0.0,0.0
2021-09-14 00:00:00+09:00,2373.765097478252,2387.612060546875,2373.765097478252,2387.612060546875,6300,0.0,0.0
2021-09-15 00:00:00+09:00,2387.6121392334894,2390.579345703125,2363.8744874764043,2390.579345703125,9100,0.0,0.0
2021-09-16 00:00:00+09:00,2379.6996435708556,2389.59033203125,2354.97292241987,2389.59033203125,9300,0.0,0.0
2021-09-17 00:00:00+09:00,2383.655942302105,2393.546630859375,2364.8636340432913,2393.546630859375,6200,0.0,0.0
2021-09-21 00:00:00+09:00,2324.311719440581,2399.480949516106,2324.311719440581,2377.721435546875,6900,0.0,0.0
2021-09-22 00:00:00+09:00,2373.76513671875,2378.7104807535807,2361.8963110351565,2373.76513671875,3300,0.0,0.0
2021-09-24 00:00:00+09:00,2394.5354629700137,2414.3168381287915,2344.0929563151312,2384.644775390625,12300,0.0,0.0
2021-09-27 00:00:00+09:00,2366.8417619410566,2447.9454077743903,2366.8417619410566,2433.109375,23500,0.0,0.0
2021-09-28 00:00:00+09:00,2423.2186234817814,2456.846963562753,2412.338866396761,2443.0,11000,0.0,0.0
2021-09-29 00:00:00+09:00,2461.0,2470.0,2402.0,2429.0,6900,27.0,0.0
2021-09-30 00:00:00+09:00,2425.0,2442.0,2410.0,2415.0,4700,0.0,0.0
2021-10-01 00:00:00+09:00,2407.0,2409.0,2358.0,2365.0,9200,0.0,0.0
2021-10-04 00:00:00+09:00,2409.0,2409.0,2314.0,2315.0,11200,0.0,0.0
2021-10-05 00:00:00+09:00,2306.0,2330.0,2250.0,2287.0,18000,0.0,0.0
2021-10-06 00:00:00+09:00,2302.0,2344.0,2294.0,2306.0,9800,0.0,0.0
2021-10-07 00:00:00+09:00,2302.0,2315.0,2283.0,2310.0,6400,0.0,0.0
2021-10-08 00:00:00+09:00,2312.0,2339.0,2312.0,2321.0,7500,0.0,0.0
2021-10-11 00:00:00+09:00,2321.0,2348.0,2300.0,2348.0,3100,0.0,0.0
2021-10-12 00:00:00+09:00,2348.0,2348.0,2321.0,2347.0,1600,0.0,0.0
2021-10-13 00:00:00+09:00,2349.0,2349.0,2290.0,2309.0,7300,0.0,0.0
2021-10-14 00:00:00+09:00,2285.0,2296.0,2280.0,2286.0,1100,0.0,0.0
2021-10-15 00:00:00+09:00,2300.0,2335.0,2288.0,2315.0,6200,0.0,0.0
2021-10-18 00:00:00+09:00,2315.0,2325.0,2311.0,2325.0,11800,0.0,0.0
2021-10-19 00:00:00+09:00,2325.0,2327.0,2313.0,2320.0,5000,0.0,0.0
2021-10-20 00:00:00+09:00,2319.0,2319.0,2302.0,2303.0,4700,0.0,0.0
2021-10-21 00:00:00+09:00,2303.0,2303.0,2256.0,2271.0,13700,0.0,0.0
2021-10-22 00:00:00+09:00,2259.0,2283.0,2255.0,2283.0,5000,0.0,0.0
2021-10-25 00:00:00+09:00,2316.0,2404.0,2312.0,2379.0,34400,0.0,0.0
2021-10-26 00:00:00+09:00,2396.0,2396.0,2362.0,2387.0,11500,0.0,0.0
2021-10-27 00:00:00+09:00,2394.0,2415.0,2380.0,2409.0,11600,0.0,0.0
2021-10-28 00:00:00+09:00,2403.0,2403.0,2366.0,2383.0,8400,0.0,0.0
2021-10-29 00:00:00+09:00,2400.0,2580.0,2395.0,2458.0,68700,0.0,0.0
2021-11-01 00:00:00+09:00,2501.0,2510.0,2420.0,2443.0,24300,0.0,0.0
2021-11-02 00:00:00+09:00,2443.0,2490.0,2443.0,2463.0,11100,0.0,0.0
2021-11-04 00:00:00+09:00,2489.0,2570.0,2489.0,2570.0,31100,0.0,0.0
2021-11-05 00:00:00+09:00,2570.0,2570.0,2487.0,2537.0,18900,0.0,0.0
2021-11-08 00:00:00+09:00,2533.0,2533.0,2493.0,2503.0,10700,0.0,0.0
2021-11-09 00:00:00+09:00,2491.0,2502.0,2419.0,2436.0,16800,0.0,0.0
2021-11-10 00:00:00+09:00,2436.0,2437.0,2411.0,2430.0,6000,0.0,0.0
2021-11-11 00:00:00+09:00,2424.0,2455.0,2404.0,2420.0,5000,0.0,0.0
2021-11-12 00:00:00+09:00,2420.0,2442.0,2413.0,2430.0,3100,0.0,0.0
2021-11-15 00:00:00+09:00,2437.0,2525.0,2437.0,2525.0,14300,0.0,0.0
2021-11-16 00:00:00+09:00,2525.0,2540.0,2475.0,2513.0,20900,0.0,0.0
2021-11-17 00:00:00+09:00,2534.0,2556.0,2515.0,2529.0,13100,0.0,0.0
2021-11-18 00:00:00+09:00,2523.0,2523.0,2430.0,2442.0,16000,0.0,0.0
2021-11-19 00:00:00+09:00,2440.0,2499.0,2416.0,2499.0,9700,0.0,0.0
2021-11-22 00:00:00+09:00,2579.0,2684.0,2551.0,2684.0,55000,0.0,0.0
2021-11-24 00:00:00+09:00,2684.0,2684.0,2607.0,2643.0,23400,0.0,0.0
2021-11-25 00:00:00+09:00,2680.0,2694.0,2588.0,2588.0,15300,0.0,0.0
2021-11-26 00:00:00+09:00,2638.0,2638.0,2534.0,2562.0,14600,0.0,0.0
2021-11-29 00:00:00+09:00,2610.0,2610.0,2442.0,2446.0,35500,0.0,0.0
2021-11-30 00:00:00+09:00,2500.0,2538.0,2404.0,2417.0,18200,0.0,0.0
2021-12-01 00:00:00+09:00,2417.0,2488.0,2417.0,2481.0,13300,0.0,0.0
2021-12-02 00:00:00+09:00,2440.0,2493.0,2391.0,2413.0,15800,0.0,0.0
2021-12-03 00:00:00+09:00,2410.0,2410.0,2347.0,2410.0,10300,0.0,0.0
2021-12-06 00:00:00+09:00,2409.0,2429.0,2370.0,2397.0,7500,0.0,0.0
2021-12-07 00:00:00+09:00,2447.0,2495.0,2413.0,2495.0,7700,0.0,0.0
2021-12-08 00:00:00+09:00,2496.0,2524.0,2477.0,2497.0,7500,0.0,0.0
2021-12-09 00:00:00+09:00,2476.0,2500.0,2469.0,2476.0,4100,0.0,0.0
2021-12-10 00:00:00+09:00,2476.0,2486.0,2427.0,2469.0,7700,0.0,0.0
2021-12-13 00:00:00+09:00,2489.0,2512.0,2474.0,2507.0,8700,0.0,0.0
2021-12-14 00:00:00+09:00,2508.0,2515.0,2476.0,2515.0,5000,0.0,0.0
2021-12-15 00:00:00+09:00,2515.0,2519.0,2485.0,2501.0,4200,0.0,0.0
2021-12-16 00:00:00+09:00,2521.0,2573.0,2510.0,2572.0,14100,0.0,0.0
2021-12-17 00:00:00+09:00,2547.0,2547.0,2480.0,2499.0,13500,0.0,0.0
2021-12-20 00:00:00+09:00,2486.0,2512.0,2408.0,2418.0,15100,0.0,0.0
2021-12-21 00:00:00+09:00,2412.0,2459.0,2383.0,2421.0,8400,0.0,0.0
2021-12-22 00:00:00+09:00,2435.0,2446.0,2426.0,2438.0,4200,0.0,0.0
2021-12-23 00:00:00+09:00,2440.0,2469.0,2431.0,2439.0,4800,0.0,0.0
2021-12-24 00:00:00+09:00,2439.0,2460.0,2417.0,2425.0,4000,0.0,0.0
2021-12-27 00:00:00+09:00,2425.0,2437.0,2405.0,2420.0,5000,0.0,0.0
2021-12-28 00:00:00+09:00,2450.0,2473.0,2416.0,2473.0,11300,0.0,0.0
2021-12-29 00:00:00+09:00,2485.0,2505.0,2460.0,2504.0,4600,0.0,0.0
2021-12-30 00:00:00+09:00,2490.0,2543.0,2478.0,2529.0,8200,0.0,0.0
2022-01-04 00:00:00+09:00,2579.0,2616.0,2533.0,2607.0,19600,0.0,0.0
2022-01-05 00:00:00+09:00,2618.0,2618.0,2551.0,2578.0,6400,0.0,0.0
2022-01-06 00:00:00+09:00,2552.0,2555.0,2505.0,2520.0,5000,0.0,0.0
2022-01-07 00:00:00+09:00,2520.0,2533.0,2445.0,2483.0,11200,0.0,0.0
2022-01-11 00:00:00+09:00,2483.0,2483.0,2437.0,2477.0,5600,0.0,0.0
2022-01-12 00:00:00+09:00,2477.0,2505.0,2462.0,2500.0,7900,0.0,0.0
2022-01-13 00:00:00+09:00,2500.0,2535.0,2484.0,2500.0,8500,0.0,0.0
2022-01-14 00:00:00+09:00,2500.0,2523.0,2451.0,2523.0,6600,0.0,0.0
2022-01-17 00:00:00+09:00,2568.0,2568.0,2472.0,2472.0,9500,0.0,0.0
2022-01-18 00:00:00+09:00,2472.0,2491.0,2414.0,2442.0,10800,0.0,0.0
2022-01-19 00:00:00+09:00,2400.0,2408.0,2314.0,2323.0,20600,0.0,0.0
2022-01-20 00:00:00+09:00,2313.0,2339.0,2276.0,2314.0,12100,0.0,0.0
2022-01-21 00:00:00+09:00,2295.0,2297.0,2222.0,2273.0,9100,0.0,0.0
2022-01-24 00:00:00+09:00,2223.0,2320.0,2223.0,2316.0,12700,0.0,0.0
2022-01-25 00:00:00+09:00,2322.0,2322.0,2230.0,2295.0,10400,0.0,0.0
2022-01-26 00:00:00+09:00,2245.0,2288.0,2245.0,2266.0,3800,0.0,0.0
2022-01-27 00:00:00+09:00,2251.0,2266.0,2179.0,2201.0,13600,0.0,0.0
2022-01-28 00:00:00+09:00,2216.0,2322.0,2107.0,2182.0,58400,0.0,0.0
2022-01-31 00:00:00+09:00,2182.0,2215.0,2150.0,2202.0,11500,0.0,0.0
2022-02-01 00:00:00+09:00,2228.0,2240.0,2199.0,2199.0,11400,0.0,0.0
2022-02-02 00:00:00+09:00,2268.0,2268.0,2210.0,2223.0,14200,0.0,0.0
2022-02-03 00:00:00+09:00,2212.0,2259.0,2212.0,2253.0,7500,0.0,0.0
2022-02-04 00:00:00+09:00,2236.0,2242.0,2216.0,2216.0,14100,0.0,0.0
2022-02-07 00:00:00+09:00,2220.0,2242.0,2216.0,2221.0,4000,0.0,0.0
2022-02-08 00:00:00+09:00,2234.0,2234.0,2216.0,2216.0,5100,0.0,0.0
2022-02-09 00:00:00+09:00,2217.0,2230.0,2217.0,2218.0,3700,0.0,0.0
2022-02-10 00:00:00+09:00,2218.0,2241.0,2218.0,2237.0,4500,0.0,0.0
2022-02-14 00:00:00+09:00,2212.0,2212.0,2109.0,2170.0,15600,0.0,0.0
2022-02-15 00:00:00+09:00,2164.0,2213.0,2138.0,2144.0,7800,0.0,0.0
2022-02-16 00:00:00+09:00,2207.0,2207.0,2158.0,2162.0,6000,0.0,0.0
2022-02-17 00:00:00+09:00,2160.0,2214.0,2155.0,2178.0,11200,0.0,0.0
2022-02-18 00:00:00+09:00,2152.0,2212.0,2139.0,2196.0,16000,0.0,0.0
2022-02-21 00:00:00+09:00,2196.0,2215.0,2177.0,2204.0,5000,0.0,0.0
2022-02-22 00:00:00+09:00,2182.0,2200.0,2131.0,2151.0,14700,0.0,0.0
2022-02-24 00:00:00+09:00,2126.0,2145.0,2069.0,2086.0,19200,0.0,0.0
2022-02-25 00:00:00+09:00,2103.0,2178.0,2103.0,2167.0,6800,0.0,0.0
2022-02-28 00:00:00+09:00,2192.0,2192.0,2150.0,2155.0,8000,0.0,0.0
2022-03-01 00:00:00+09:00,2174.0,2174.0,2151.0,2170.0,3100,0.0,0.0
2022-03-02 00:00:00+09:00,2154.0,2154.0,2113.0,2140.0,6100,0.0,0.0
2022-03-03 00:00:00+09:00,2144.0,2172.0,2144.0,2164.0,6800,0.0,0.0
2022-03-04 00:00:00+09:00,2168.0,2168.0,2131.0,2152.0,6000,0.0,0.0
2022-03-07 00:00:00+09:00,2126.0,2126.0,2067.0,2097.0,10300,0.0,0.0
2022-03-08 00:00:00+09:00,2062.0,2100.0,2036.0,2053.0,18000,0.0,0.0
2022-03-09 00:00:00+09:00,2060.0,2125.0,2060.0,2071.0,5800,0.0,0.0
2022-03-10 00:00:00+09:00,2100.0,2127.0,2100.0,2113.0,3400,0.0,0.0
2022-03-11 00:00:00+09:00,2113.0,2126.0,2057.0,2061.0,4300,0.0,0.0
2022-03-14 00:00:00+09:00,2064.0,2119.0,2064.0,2088.0,5400,0.0,0.0
2022-03-15 00:00:00+09:00,2086.0,2120.0,2086.0,2087.0,1500,0.0,0.0
2022-03-16 00:00:00+09:00,2096.0,2118.0,2088.0,2088.0,2100,0.0,0.0
2022-03-17 00:00:00+09:00,2118.0,2149.0,2099.0,2145.0,5500,0.0,0.0
2022-03-18 00:00:00+09:00,2156.0,2176.0,2154.0,2155.0,6200,0.0,0.0
2022-03-22 00:00:00+09:00,2178.0,2179.0,2159.0,2159.0,3800,0.0,0.0
2022-03-23 00:00:00+09:00,2176.0,2196.0,2152.0,2152.0,12900,0.0,0.0
2022-03-24 00:00:00+09:00,2149.0,2169.0,2139.0,2142.0,10800,0.0,0.0
2022-03-25 00:00:00+09:00,2146.0,2160.0,2137.0,2141.0,9700,0.0,0.0
2022-03-28 00:00:00+09:00,2136.0,2136.0,2061.0,2098.0,27800,0.0,0.0
2022-03-29 00:00:00+09:00,2102.0,2109.0,2072.0,2106.0,8600,0.0,0.0
2022-03-30 00:00:00+09:00,2100.0,2101.0,2066.0,2088.0,7900,0.0,0.0
2022-03-31 00:00:00+09:00,2080.0,2097.0,1979.0,2015.0,47800,0.0,0.0
2022-04-01 00:00:00+09:00,2007.0,2074.0,1982.0,2052.0,50400,0.0,0.0
2022-04-04 00:00:00+09:00,2064.0,2080.0,2026.0,2047.0,19700,0.0,0.0
2022-04-05 00:00:00+09:00,2047.0,2088.0,2042.0,2088.0,18800,0.0,0.0
2022-04-06 00:00:00+09:00,2062.0,2062.0,2012.0,2034.0,23500,0.0,0.0
2022-04-07 00:00:00+09:00,2016.0,2028.0,1992.0,2027.0,17700,0.0,0.0
2022-04-08 00:00:00+09:00,2028.0,2028.0,2003.0,2016.0,6800,0.0,0.0
2022-04-11 00:00:00+09:00,2016.0,2028.0,2000.0,2018.0,7200,0.0,0.0
2022-04-12 00:00:00+09:00,2018.0,2029.0,2000.0,2008.0,5100,0.0,0.0
2022-04-13 00:00:00+09:00,2010.0,2028.0,2001.0,2027.0,4800,0.0,0.0
2022-04-14 00:00:00+09:00,2027.0,2055.0,2021.0,2051.0,9600,0.0,0.0
2022-04-15 00:00:00+09:00,2045.0,2054.0,2031.0,2049.0,6300,0.0,0.0
2022-04-18 00:00:00+09:00,2049.0,2049.0,2010.0,2037.0,9000,0.0,0.0
2022-04-19 00:00:00+09:00,2038.0,2061.0,2038.0,2058.0,3200,0.0,0.0
2022-04-20 00:00:00+09:00,2059.0,2063.0,2015.0,2061.0,7400,0.0,0.0
2022-04-21 00:00:00+09:00,2044.0,2074.0,2044.0,2068.0,5400,0.0,0.0
2022-04-22 00:00:00+09:00,2067.0,2081.0,2034.0,2076.0,6100,0.0,0.0
2022-04-25 00:00:00+09:00,2032.0,2043.0,2018.0,2018.0,5300,0.0,0.0
2022-04-26 00:00:00+09:00,2037.0,2037.0,2015.0,2025.0,2900,0.0,0.0
2022-04-27 00:00:00+09:00,2003.0,2017.0,1994.0,2008.0,7500,0.0,0.0
2022-04-28 00:00:00+09:00,2002.0,2031.0,2002.0,2015.0,2900,0.0,0.0
2022-05-02 00:00:00+09:00,2004.0,2023.0,2004.0,2005.0,7700,0.0,0.0
2022-05-06 00:00:00+09:00,2003.0,2022.0,1999.0,2012.0,6600,0.0,0.0
2022-05-09 00:00:00+09:00,2002.0,2019.0,1995.0,2011.0,11600,0.0,0.0
2022-05-10 00:00:00+09:00,2011.0,2011.0,1970.0,1985.0,27100,0.0,0.0
2022-05-11 00:00:00+09:00,1986.0,2056.0,1957.0,1982.0,42100,0.0,0.0
2022-05-12 00:00:00+09:00,1962.0,1962.0,1910.0,1913.0,40200,0.0,0.0
2022-05-13 00:00:00+09:00,1911.0,1959.0,1908.0,1915.0,16400,0.0,0.0
2022-05-16 00:00:00+09:00,1914.0,1937.0,1912.0,1916.0,4800,0.0,0.0
2022-05-17 00:00:00+09:00,1914.0,1923.0,1901.0,1909.0,6000,0.0,0.0
2022-05-18 00:00:00+09:00,1927.0,1927.0,1910.0,1923.0,1700,0.0,0.0
2022-05-19 00:00:00+09:00,1913.0,1926.0,1885.0,1907.0,7900,0.0,0.0
2022-05-20 00:00:00+09:00,1907.0,1925.0,1907.0,1915.0,2000,0.0,0.0
2022-05-23 00:00:00+09:00,1910.0,1927.0,1885.0,1904.0,17100,0.0,0.0
2022-05-24 00:00:00+09:00,1906.0,1914.0,1900.0,1906.0,3400,0.0,0.0
2022-05-25 00:00:00+09:00,1896.0,1900.0,1885.0,1890.0,8400,0.0,0.0
2022-05-26 00:00:00+09:00,1890.0,1900.0,1890.0,1898.0,3900,0.0,0.0
2022-05-27 00:00:00+09:00,1898.0,1911.0,1887.0,1894.0,5100,0.0,0.0
2022-05-30 00:00:00+09:00,1920.0,1925.0,1904.0,1915.0,7600,0.0,0.0
2022-05-31 00:00:00+09:00,1915.0,1938.0,1915.0,1923.0,9800,0.0,0.0
2022-06-01 00:00:00+09:00,1921.0,1946.0,1921.0,1935.0,4200,0.0,0.0
2022-06-02 00:00:00+09:00,1952.0,1952.0,1913.0,1914.0,7100,0.0,0.0
2022-06-03 00:00:00+09:00,1925.0,1943.0,1915.0,1915.0,1800,0.0,0.0
2022-06-06 00:00:00+09:00,1929.0,1952.0,1915.0,1952.0,7300,0.0,0.0
2022-06-07 00:00:00+09:00,1952.0,1961.0,1948.0,1948.0,3100,0.0,0.0
2022-06-08 00:00:00+09:00,1950.0,1968.0,1950.0,1950.0,4000,0.0,0.0
2022-06-09 00:00:00+09:00,1968.0,1985.0,1956.0,1970.0,6200,0.0,0.0
2022-06-10 00:00:00+09:00,1970.0,1970.0,1953.0,1953.0,6500,0.0,0.0
2022-06-13 00:00:00+09:00,1931.0,1937.0,1918.0,1936.0,5000,0.0,0.0
2022-06-14 00:00:00+09:00,1918.0,1934.0,1915.0,1919.0,10400,0.0,0.0
2022-06-15 00:00:00+09:00,1920.0,1921.0,1903.0,1915.0,4400,0.0,0.0
2022-06-16 00:00:00+09:00,1921.0,1951.0,1901.0,1901.0,7600,0.0,0.0
2022-06-17 00:00:00+09:00,1900.0,1900.0,1858.0,1871.0,16400,0.0,0.0
2022-06-20 00:00:00+09:00,1872.0,1873.0,1843.0,1850.0,12600,0.0,0.0
2022-06-21 00:00:00+09:00,1852.0,1868.0,1848.0,1853.0,5000,0.0,0.0
2022-06-22 00:00:00+09:00,1856.0,1865.0,1838.0,1843.0,4600,0.0,0.0
2022-06-23 00:00:00+09:00,1845.0,1863.0,1845.0,1863.0,2500,0.0,0.0
2022-06-24 00:00:00+09:00,1863.0,1871.0,1846.0,1865.0,4300,0.0,0.0
2022-06-27 00:00:00+09:00,1870.0,1977.0,1870.0,1924.0,12200,0.0,0.0
2022-06-28 00:00:00+09:00,1924.0,1924.0,1881.0,1892.0,4900,0.0,0.0
2022-06-29 00:00:00+09:00,1892.0,1905.0,1872.0,1885.0,3200,0.0,0.0
2022-06-30 00:00:00+09:00,1883.0,1905.0,1880.0,1891.0,8100,0.0,0.0
2022-07-01 00:00:00+09:00,1888.0,1905.0,1883.0,1892.0,4200,0.0,0.0
2022-07-04 00:00:00+09:00,1890.0,1906.0,1867.0,1873.0,11300,0.0,0.0
2022-07-05 00:00:00+09:00,1873.0,1880.0,1867.0,1877.0,2700,0.0,0.0
2022-07-06 00:00:00+09:00,1890.0,1893.0,1871.0,1871.0,6900,0.0,0.0
2022-07-07 00:00:00+09:00,1874.0,1900.0,1874.0,1885.0,2900,0.0,0.0
2022-07-08 00:00:00+09:00,1895.0,1912.0,1876.0,1890.0,5500,0.0,0.0
2022-07-11 00:00:00+09:00,1893.0,1900.0,1886.0,1888.0,3600,0.0,0.0
2022-07-12 00:00:00+09:00,1888.0,1903.0,1886.0,1891.0,2400,0.0,0.0
2022-07-13 00:00:00+09:00,1901.0,1901.0,1887.0,1896.0,1700,0.0,0.0
2022-07-14 00:00:00+09:00,1891.0,1900.0,1891.0,1899.0,1100,0.0,0.0
2022-07-15 00:00:00+09:00,1899.0,1910.0,1899.0,1910.0,2400,0.0,0.0
2022-07-19 00:00:00+09:00,1911.0,1923.0,1905.0,1915.0,3200,0.0,0.0
2022-07-20 00:00:00+09:00,1922.0,1932.0,1921.0,1931.0,2100,0.0,0.0
2022-07-21 00:00:00+09:00,1931.0,1941.0,1923.0,1940.0,2500,0.0,0.0
2022-07-22 00:00:00+09:00,1932.0,1950.0,1932.0,1950.0,2800,0.0,0.0
2022-07-25 00:00:00+09:00,1962.0,1976.0,1962.0,1966.0,7100,0.0,0.0
2022-07-26 00:00:00+09:00,1984.0,2050.0,1977.0,2000.0,11600,0.0,0.0
2022-07-27 00:00:00+09:00,2020.0,2020.0,2003.0,2006.0,2800,0.0,0.0
2022-07-28 00:00:00+09:00,2016.0,2020.0,2006.0,2011.0,3400,0.0,0.0
2022-07-29 00:00:00+09:00,2014.0,2019.0,1995.0,2002.0,9700,0.0,0.0
2022-08-01 00:00:00+09:00,1994.0,2025.0,1994.0,2010.0,5600,0.0,0.0
2022-08-02 00:00:00+09:00,2030.0,2030.0,2001.0,2017.0,9600,0.0,0.0
2022-08-03 00:00:00+09:00,2020.0,2020.0,2000.0,2010.0,13100,0.0,0.0
2022-08-04 00:00:00+09:00,2015.0,2015.0,1993.0,1993.0,2700,0.0,0.0
2022-08-05 00:00:00+09:00,1980.0,2024.0,1980.0,2005.0,11000,0.0,0.0
2022-08-08 00:00:00+09:00,2020.0,2022.0,2009.0,2015.0,1000,0.0,0.0
2022-08-09 00:00:00+09:00,2020.0,2020.0,2005.0,2005.0,1600,0.0,0.0
2022-08-10 00:00:00+09:00,2005.0,2016.0,2005.0,2016.0,1000,0.0,0.0
2022-08-12 00:00:00+09:00,2016.0,2020.0,2005.0,2005.0,3300,0.0,0.0
2022-08-15 00:00:00+09:00,2005.0,2010.0,2000.0,2001.0,3500,0.0,0.0
2022-08-16 00:00:00+09:00,2001.0,2008.0,1998.0,1999.0,1500,0.0,0.0
2022-08-17 00:00:00+09:00,2015.0,2015.0,2001.0,2013.0,2500,0.0,0.0
2022-08-18 00:00:00+09:00,2005.0,2010.0,1998.0,2010.0,3000,0.0,0.0
2022-08-19 00:00:00+09:00,2012.0,2015.0,1998.0,2015.0,3700,0.0,0.0
2022-08-22 00:00:00+09:00,2014.0,2015.0,1998.0,2015.0,2500,0.0,0.0
2022-08-23 00:00:00+09:00,2013.0,2030.0,2001.0,2020.0,5500,0.0,0.0
2022-08-24 00:00:00+09:00,2020.0,2043.0,2013.0,2023.0,4700,0.0,0.0
2022-08-25 00:00:00+09:00,2025.0,2027.0,2020.0,2021.0,2200,0.0,0.0
2022-08-26 00:00:00+09:00,2021.0,2041.0,2013.0,2017.0,5300,0.0,0.0
2022-08-29 00:00:00+09:00,1992.0,2008.0,1992.0,2002.0,3300,0.0,0.0
2022-08-30 00:00:00+09:00,2002.0,2007.0,1997.0,2004.0,4900,0.0,0.0
2022-08-31 00:00:00+09:00,2000.0,2010.0,1997.0,2010.0,2700,0.0,0.0
2022-09-01 00:00:00+09:00,2000.0,2004.0,1990.0,1999.0,5400,0.0,0.0
2022-09-02 00:00:00+09:00,1999.0,2001.0,1989.0,1990.0,4900,0.0,0.0
2022-09-05 00:00:00+09:00,1983.0,1985.0,1978.0,1978.0,3300,0.0,0.0
2022-09-06 00:00:00+09:00,1973.0,2060.0,1970.0,2037.0,7100,0.0,0.0
2022-09-07 00:00:00+09:00,2023.0,2027.0,1896.0,1959.0,53400,0.0,0.0
2022-09-08 00:00:00+09:00,1982.0,2010.0,1959.0,2010.0,6800,0.0,0.0
2022-09-09 00:00:00+09:00,2010.0,2022.0,1990.0,2016.0,4900,0.0,0.0
2022-09-12 00:00:00+09:00,2015.0,2015.0,2015.0,2015.0,200,0.0,0.0
2022-09-13 00:00:00+09:00,2014.0,2014.0,1977.0,1999.0,4500,0.0,0.0
2022-09-14 00:00:00+09:00,1980.0,2008.0,1980.0,2004.0,5400,0.0,0.0
2022-09-15 00:00:00+09:00,1987.0,1998.0,1977.0,1977.0,4000,0.0,0.0
2022-09-16 00:00:00+09:00,1977.0,1985.0,1959.0,1960.0,3000,0.0,0.0
2022-09-20 00:00:00+09:00,1962.0,1985.0,1956.0,1979.0,2700,0.0,0.0
2022-09-21 00:00:00+09:00,1965.0,1974.0,1941.0,1969.0,2700,0.0,0.0
2022-09-22 00:00:00+09:00,1951.0,1964.0,1904.0,1956.0,5400,0.0,0.0
2022-09-26 00:00:00+09:00,1950.0,1950.0,1915.0,1915.0,4900,0.0,0.0
2022-09-27 00:00:00+09:00,1950.0,1952.0,1921.0,1952.0,10000,0.0,0.0
2022-09-28 00:00:00+09:00,1952.0,1952.0,1906.0,1911.0,5600,0.0,0.0
2022-09-29 00:00:00+09:00,1891.0,1918.0,1890.0,1901.0,4700,0.0,0.0
2022-09-30 00:00:00+09:00,1891.0,1895.0,1864.0,1895.0,8000,0.0,0.0
2022-10-03 00:00:00+09:00,1873.0,1898.0,1869.0,1898.0,2100,0.0,0.0
2022-10-04 00:00:00+09:00,1898.0,1909.0,1891.0,1904.0,2300,0.0,0.0
2022-10-05 00:00:00+09:00,1900.0,2050.0,1899.0,2005.0,21800,0.0,0.0
2022-10-06 00:00:00+09:00,1970.0,1984.0,1960.0,1984.0,7700,0.0,0.0
2022-10-07 00:00:00+09:00,1984.0,2028.0,1965.0,2020.0,10400,0.0,0.0
2022-10-11 00:00:00+09:00,1985.0,1985.0,1934.0,1959.0,10100,0.0,0.0
2022-10-12 00:00:00+09:00,1954.0,1954.0,1934.0,1942.0,400,0.0,0.0
2022-10-13 00:00:00+09:00,1958.0,1958.0,1929.0,1941.0,12100,0.0,0.0
2022-10-14 00:00:00+09:00,1945.0,1977.0,1945.0,1976.0,2800,0.0,0.0
2022-10-17 00:00:00+09:00,1976.0,2001.0,1960.0,1995.0,10000,0.0,0.0
2022-10-18 00:00:00+09:00,1995.0,1995.0,1973.0,1990.0,8000,0.0,0.0
2022-10-19 00:00:00+09:00,1999.0,2000.0,1986.0,2000.0,1700,0.0,0.0
2022-10-20 00:00:00+09:00,1980.0,2000.0,1969.0,2000.0,1600,0.0,0.0
2022-10-21 00:00:00+09:00,2000.0,2002.0,1990.0,1996.0,2600,0.0,0.0
2022-10-24 00:00:00+09:00,2000.0,2003.0,1970.0,1970.0,4700,0.0,0.0
2022-10-25 00:00:00+09:00,1969.0,1999.0,1969.0,1999.0,1000,0.0,0.0
2022-10-26 00:00:00+09:00,1998.0,1998.0,1976.0,1976.0,500,0.0,0.0
2022-10-27 00:00:00+09:00,1992.0,2004.0,1969.0,2003.0,3700,0.0,0.0
2022-10-28 00:00:00+09:00,1983.0,2022.0,1925.0,1931.0,15500,0.0,0.0
2022-10-31 00:00:00+09:00,1936.0,1943.0,1920.0,1926.0,7400,0.0,0.0
2022-11-01 00:00:00+09:00,1920.0,1920.0,1887.0,1890.0,12100,0.0,0.0
2022-11-02 00:00:00+09:00,1882.0,1903.0,1878.0,1887.0,6600,0.0,0.0
2022-11-04 00:00:00+09:00,1898.0,1904.0,1886.0,1892.0,8600,0.0,0.0
2022-11-07 00:00:00+09:00,1900.0,1900.0,1886.0,1887.0,2400,0.0,0.0
2022-11-08 00:00:00+09:00,1887.0,1898.0,1887.0,1888.0,5300,0.0,0.0
2022-11-09 00:00:00+09:00,1885.0,1892.0,1885.0,1885.0,3700,0.0,0.0
2022-11-10 00:00:00+09:00,1885.0,1890.0,1885.0,1890.0,3400,0.0,0.0
2022-11-11 00:00:00+09:00,1881.0,1892.0,1866.0,1866.0,25500,0.0,0.0
2022-11-14 00:00:00+09:00,1871.0,1881.0,1869.0,1869.0,4600,0.0,0.0
2022-11-15 00:00:00+09:00,1869.0,1882.0,1869.0,1882.0,2300,0.0,0.0
2022-11-16 00:00:00+09:00,1889.0,1897.0,1875.0,1897.0,8000,0.0,0.0
2022-11-17 00:00:00+09:00,1899.0,1918.0,1895.0,1918.0,8700,0.0,0.0
2022-11-18 00:00:00+09:00,1918.0,1949.0,1918.0,1943.0,8000,0.0,0.0
2022-11-21 00:00:00+09:00,1948.0,1948.0,1920.0,1931.0,4000,0.0,0.0
2022-11-22 00:00:00+09:00,1921.0,1925.0,1910.0,1913.0,6900,0.0,0.0
2022-11-24 00:00:00+09:00,1932.0,1944.0,1919.0,1941.0,8200,0.0,0.0
2022-11-25 00:00:00+09:00,1950.0,1965.0,1940.0,1955.0,9000,0.0,0.0
2022-11-28 00:00:00+09:00,1951.0,1959.0,1950.0,1959.0,1200,0.0,0.0
2022-11-29 00:00:00+09:00,1951.0,1952.0,1939.0,1939.0,6800,0.0,0.0
2022-11-30 00:00:00+09:00,1939.0,1953.0,1938.0,1946.0,1900,0.0,0.0
2022-12-01 00:00:00+09:00,1950.0,1950.0,1930.0,1932.0,2600,0.0,0.0
2022-12-02 00:00:00+09:00,1930.0,1939.0,1908.0,1937.0,3000,0.0,0.0
2022-12-05 00:00:00+09:00,1937.0,1937.0,1905.0,1910.0,3900,0.0,0.0
2022-12-06 00:00:00+09:00,1912.0,1936.0,1910.0,1936.0,8300,0.0,0.0
2022-12-07 00:00:00+09:00,1944.0,1949.0,1917.0,1929.0,7700,0.0,0.0
2022-12-08 00:00:00+09:00,1907.0,1911.0,1898.0,1899.0,4100,0.0,0.0
2022-12-09 00:00:00+09:00,1903.0,1923.0,1900.0,1903.0,3600,0.0,0.0
2022-12-12 00:00:00+09:00,1905.0,1909.0,1894.0,1894.0,4200,0.0,0.0
2022-12-13 00:00:00+09:00,1894.0,1912.0,1894.0,1898.0,2800,0.0,0.0
2022-12-14 00:00:00+09:00,1895.0,1902.0,1887.0,1896.0,6600,0.0,0.0
2022-12-15 00:00:00+09:00,1896.0,1896.0,1889.0,1889.0,6800,0.0,0.0
2022-12-16 00:00:00+09:00,1887.0,1897.0,1885.0,1896.0,3400,0.0,0.0
2022-12-19 00:00:00+09:00,1896.0,1899.0,1883.0,1883.0,4700,0.0,0.0
2022-12-20 00:00:00+09:00,1894.0,1895.0,1850.0,1852.0,7800,0.0,0.0
2022-12-21 00:00:00+09:00,1865.0,1876.0,1819.0,1819.0,8700,0.0,0.0
2022-12-22 00:00:00+09:00,1837.0,1874.0,1832.0,1862.0,8500,0.0,0.0
2022-12-23 00:00:00+09:00,1861.0,1861.0,1825.0,1825.0,28000,0.0,0.0
2022-12-26 00:00:00+09:00,1821.0,1826.0,1821.0,1822.0,3400,0.0,0.0
2022-12-27 00:00:00+09:00,1825.0,1825.0,1810.0,1810.0,15900,0.0,0.0
2022-12-28 00:00:00+09:00,1801.0,1801.0,1751.0,1782.0,15500,0.0,0.0
2022-12-29 00:00:00+09:00,1782.0,1815.0,1782.0,1795.0,5100,0.0,0.0
2022-12-30 00:00:00+09:00,1798.0,1831.0,1798.0,1810.0,2300,0.0,0.0
2023-01-04 00:00:00+09:00,1846.0,1846.0,1820.0,1835.0,1900,0.0,0.0
2023-01-05 00:00:00+09:00,1835.0,1843.0,1819.0,1819.0,1700,0.0,0.0
2023-01-06 00:00:00+09:00,1825.0,1838.0,1802.0,1819.0,3000,0.0,0.0
2023-01-10 00:00:00+09:00,1819.0,1855.0,1818.0,1818.0,11400,0.0,0.0
2023-01-11 00:00:00+09:00,1808.0,1825.0,1803.0,1819.0,5100,0.0,0.0
2023-01-12 00:00:00+09:00,1809.0,1825.0,1806.0,1825.0,1000,0.0,0.0
2023-01-13 00:00:00+09:00,1825.0,1837.0,1820.0,1836.0,2600,0.0,0.0
2023-01-16 00:00:00+09:00,1827.0,1849.0,1811.0,1849.0,2000,0.0,0.0
2023-01-17 00:00:00+09:00,1848.0,1848.0,1827.0,1831.0,1000,0.0,0.0
2023-01-18 00:00:00+09:00,1813.0,1847.0,1813.0,1840.0,1300,0.0,0.0
2023-01-19 00:00:00+09:00,1816.0,1843.0,1816.0,1818.0,1600,0.0,0.0
2023-01-20 00:00:00+09:00,1825.0,1842.0,1825.0,1842.0,400,0.0,0.0
2023-01-23 00:00:00+09:00,1839.0,1850.0,1831.0,1850.0,3200,0.0,0.0
2023-01-24 00:00:00+09:00,1851.0,1852.0,1837.0,1844.0,3400,0.0,0.0
2023-01-25 00:00:00+09:00,1840.0,1864.0,1840.0,1853.0,3500,0.0,0.0
2023-01-26 00:00:00+09:00,1865.0,1865.0,1843.0,1850.0,1200,0.0,0.0
2023-01-27 00:00:00+09:00,1850.0,1860.0,1850.0,1860.0,300,0.0,0.0
2023-01-30 00:00:00+09:00,1860.0,1860.0,1833.0,1833.0,4900,0.0,0.0
2023-01-31 00:00:00+09:00,1850.0,1850.0,1833.0,1835.0,1800,0.0,0.0
2023-02-01 00:00:00+09:00,1835.0,1880.0,1834.0,1873.0,9000,0.0,0.0
2023-02-02 00:00:00+09:00,1876.0,1897.0,1868.0,1868.0,7600,0.0,0.0
2023-02-03 00:00:00+09:00,1861.0,1873.0,1818.0,1830.0,19000,0.0,0.0
2023-02-06 00:00:00+09:00,1805.0,1810.0,1780.0,1809.0,17600,0.0,0.0
2023-02-07 00:00:00+09:00,1809.0,1809.0,1796.0,1799.0,2800,0.0,0.0
2023-02-08 00:00:00+09:00,1820.0,1820.0,1800.0,1801.0,3800,0.0,0.0
2023-02-09 00:00:00+09:00,1801.0,1815.0,1795.0,1815.0,2400,0.0,0.0
2023-02-10 00:00:00+09:00,1815.0,1815.0,1802.0,1812.0,1700,0.0,0.0
2023-02-13 00:00:00+09:00,1813.0,1813.0,1796.0,1808.0,4000,0.0,0.0
2023-02-14 00:00:00+09:00,1822.0,1822.0,1770.0,1778.0,33800,0.0,0.0
2023-02-15 00:00:00+09:00,1775.0,1793.0,1766.0,1780.0,8200,0.0,0.0
2023-02-16 00:00:00+09:00,1772.0,1778.0,1766.0,1767.0,5800,0.0,0.0
2023-02-17 00:00:00+09:00,1763.0,1764.0,1729.0,1750.0,20400,0.0,0.0
2023-02-20 00:00:00+09:00,1751.0,1774.0,1746.0,1764.0,16300,0.0,0.0
2023-02-21 00:00:00+09:00,1764.0,1766.0,1747.0,1756.0,12600,0.0,0.0
2023-02-22 00:00:00+09:00,1753.0,1773.0,1748.0,1773.0,11900,0.0,0.0
2023-02-24 00:00:00+09:00,1773.0,1795.0,1761.0,1795.0,8900,0.0,0.0
2023-02-27 00:00:00+09:00,1793.0,1800.0,1782.0,1800.0,5700,0.0,0.0
2023-02-28 00:00:00+09:00,1801.0,1813.0,1793.0,1811.0,2400,0.0,0.0
2023-03-01 00:00:00+09:00,1811.0,1825.0,1806.0,1825.0,5300,0.0,0.0
2023-03-02 00:00:00+09:00,1844.0,1844.0,1812.0,1840.0,1900,0.0,0.0
2023-03-03 00:00:00+09:00,1840.0,1847.0,1829.0,1835.0,4400,0.0,0.0
2023-03-06 00:00:00+09:00,1853.0,1866.0,1848.0,1855.0,6400,0.0,0.0
2023-03-07 00:00:00+09:00,1855.0,1872.0,1855.0,1866.0,4100,0.0,0.0
2023-03-08 00:00:00+09:00,1866.0,1870.0,1857.0,1857.0,4300,0.0,0.0
2023-03-09 00:00:00+09:00,1870.0,1870.0,1860.0,1866.0,3900,0.0,0.0
2023-03-10 00:00:00+09:00,1873.0,1885.0,1866.0,1871.0,5400,0.0,0.0
2023-03-13 00:00:00+09:00,1871.0,1871.0,1855.0,1855.0,5700,0.0,0.0
2023-03-14 00:00:00+09:00,1851.0,1851.0,1775.0,1811.0,8100,0.0,0.0
2023-03-15 00:00:00+09:00,1839.0,1861.0,1830.0,1860.0,4900,0.0,0.0
2023-03-16 00:00:00+09:00,1841.0,1872.0,1840.0,1872.0,2700,0.0,0.0
2023-03-17 00:00:00+09:00,1880.0,1884.0,1855.0,1855.0,1700,0.0,0.0
2023-03-20 00:00:00+09:00,1850.0,1874.0,1840.0,1841.0,1100,0.0,0.0
2023-03-22 00:00:00+09:00,1871.0,1871.0,1840.0,1852.0,2200,0.0,0.0
2023-03-23 00:00:00+09:00,1852.0,1874.0,1852.0,1874.0,700,0.0,0.0
2023-03-24 00:00:00+09:00,1875.0,1875.0,1850.0,1860.0,800,0.0,0.0
2023-03-27 00:00:00+09:00,1866.0,1886.0,1865.0,1875.0,1700,0.0,0.0
2023-03-28 00:00:00+09:00,1868.0,1868.0,1843.0,1843.0,1400,0.0,0.0
2023-03-29 00:00:00+09:00,1840.0,1877.0,1840.0,1869.0,3900,0.0,0.0
2023-03-30 00:00:00+09:00,1815.0,1848.0,1815.0,1835.0,3900,0.0,0.0
2023-03-31 00:00:00+09:00,1854.0,1869.0,1830.0,1850.0,3100,0.0,0.0
2023-04-03 00:00:00+09:00,1890.0,1910.0,1860.0,1899.0,13400,0.0,0.0
2023-04-04 00:00:00+09:00,1905.0,1980.0,1900.0,1921.0,24100,0.0,0.0
2023-04-05 00:00:00+09:00,1910.0,1936.0,1906.0,1906.0,2100,0.0,0.0
2023-04-06 00:00:00+09:00,1906.0,1942.0,1900.0,1912.0,2300,0.0,0.0
2023-04-07 00:00:00+09:00,1911.0,1911.0,1900.0,1902.0,1100,0.0,0.0
2023-04-10 00:00:00+09:00,1903.0,1917.0,1902.0,1909.0,2800,0.0,0.0
2023-04-11 00:00:00+09:00,1900.0,1908.0,1880.0,1907.0,2800,0.0,0.0
2023-04-12 00:00:00+09:00,1907.0,1907.0,1882.0,1883.0,2000,0.0,0.0
2023-04-13 00:00:00+09:00,1886.0,1899.0,1883.0,1894.0,1200,0.0,0.0
2023-04-14 00:00:00+09:00,1886.0,1889.0,1880.0,1880.0,1800,0.0,0.0
2023-04-17 00:00:00+09:00,1875.0,1901.0,1875.0,1882.0,6600,0.0,0.0
2023-04-18 00:00:00+09:00,1873.0,1886.0,1873.0,1880.0,3600,0.0,0.0
2023-04-19 00:00:00+09:00,1880.0,1897.0,1866.0,1881.0,5200,0.0,0.0
2023-04-20 00:00:00+09:00,1885.0,1899.0,1871.0,1880.0,3000,0.0,0.0
2023-04-21 00:00:00+09:00,1874.0,1890.0,1872.0,1876.0,800,0.0,0.0
2023-04-24 00:00:00+09:00,1916.0,1916.0,1907.0,1910.0,6000,0.0,0.0
2023-04-25 00:00:00+09:00,1910.0,1910.0,1870.0,1889.0,8200,0.0,0.0
2023-04-26 00:00:00+09:00,1889.0,1908.0,1879.0,1886.0,4100,0.0,0.0
2023-04-27 00:00:00+09:00,1890.0,1890.0,1876.0,1880.0,3200,0.0,0.0
2023-04-28 00:00:00+09:00,1880.0,1929.0,1880.0,1894.0,8600,0.0,0.0
2023-05-01 00:00:00+09:00,1892.0,1897.0,1880.0,1883.0,6400,0.0,0.0
2023-05-02 00:00:00+09:00,1883.0,1910.0,1867.0,1910.0,2600,0.0,0.0
2023-05-08 00:00:00+09:00,1914.0,1933.0,1901.0,1921.0,15200,0.0,0.0
2023-05-09 00:00:00+09:00,1905.0,1912.0,1900.0,1905.0,2000,0.0,0.0
2023-05-10 00:00:00+09:00,1905.0,1921.0,1870.0,1883.0,12500,0.0,0.0
2023-05-11 00:00:00+09:00,1898.0,1898.0,1865.0,1880.0,7200,0.0,0.0
2023-05-12 00:00:00+09:00,1885.0,1885.0,1854.0,1864.0,7600,0.0,0.0
2023-05-15 00:00:00+09:00,1857.0,1857.0,1825.0,1825.0,10300,0.0,0.0
2023-05-16 00:00:00+09:00,1822.0,1833.0,1817.0,1820.0,4600,0.0,0.0
2023-05-17 00:00:00+09:00,1815.0,1825.0,1800.0,1816.0,10400,0.0,0.0
2023-05-18 00:00:00+09:00,1825.0,1835.0,1809.0,1820.0,12900,0.0,0.0
2023-05-19 00:00:00+09:00,1847.0,1847.0,1803.0,1834.0,5200,0.0,0.0
2023-05-22 00:00:00+09:00,1834.0,1863.0,1802.0,1835.0,17000,0.0,0.0
2023-05-23 00:00:00+09:00,1849.0,1850.0,1750.0,1820.0,18700,0.0,0.0
2023-05-24 00:00:00+09:00,1810.0,1823.0,1800.0,1810.0,7100,0.0,0.0
2023-05-25 00:00:00+09:00,1795.0,1812.0,1789.0,1791.0,10200,0.0,0.0
2023-05-26 00:00:00+09:00,1815.0,1815.0,1788.0,1788.0,13300,0.0,0.0
2023-05-29 00:00:00+09:00,1807.0,1808.0,1778.0,1778.0,9100,0.0,0.0
2023-05-30 00:00:00+09:00,1793.0,1802.0,1767.0,1780.0,14500,0.0,0.0
2023-05-31 00:00:00+09:00,1785.0,1801.0,1750.0,1790.0,13700,0.0,0.0
2023-06-01 00:00:00+09:00,1791.0,1791.0,1771.0,1780.0,1900,0.0,0.0
2023-06-02 00:00:00+09:00,1803.0,1803.0,1776.0,1780.0,7100,0.0,0.0
2023-06-05 00:00:00+09:00,1781.0,1785.0,1769.0,1773.0,8800,0.0,0.0
2023-06-06 00:00:00+09:00,1764.0,1796.0,1764.0,1772.0,6100,0.0,0.0
2023-06-07 00:00:00+09:00,1772.0,1801.0,1768.0,1776.0,10500,0.0,0.0
2023-06-08 00:00:00+09:00,1776.0,1781.0,1756.0,1760.0,6300,0.0,0.0
2023-06-09 00:00:00+09:00,1777.0,1777.0,1751.0,1756.0,11700,0.0,0.0
2023-06-12 00:00:00+09:00,1750.0,1780.0,1750.0,1758.0,8900,0.0,0.0
2023-06-13 00:00:00+09:00,1753.0,1773.0,1751.0,1766.0,6300,0.0,0.0
2023-06-14 00:00:00+09:00,1775.0,1782.0,1760.0,1763.0,15500,0.0,0.0
2023-06-15 00:00:00+09:00,1760.0,1772.0,1760.0,1767.0,11200,0.0,0.0
2023-06-16 00:00:00+09:00,1777.0,1788.0,1763.0,1778.0,4200,0.0,0.0
2023-06-19 00:00:00+09:00,1789.0,1840.0,1789.0,1833.0,21500,0.0,0.0
2023-06-20 00:00:00+09:00,1855.0,1855.0,1804.0,1840.0,11500,0.0,0.0
2023-06-21 00:00:00+09:00,1819.0,1844.0,1819.0,1841.0,6600,0.0,0.0
2023-06-22 00:00:00+09:00,1841.0,1841.0,1819.0,1821.0,7100,0.0,0.0
2023-06-23 00:00:00+09:00,1830.0,1836.0,1808.0,1817.0,7700,0.0,0.0
2023-06-26 00:00:00+09:00,1822.0,1830.0,1812.0,1812.0,2500,0.0,0.0
2023-06-27 00:00:00+09:00,1807.0,1824.0,1796.0,1819.0,6400,0.0,0.0
2023-06-28 00:00:00+09:00,1838.0,1878.0,1826.0,1859.0,14200,0.0,0.0
2023-06-29 00:00:00+09:00,1877.0,1877.0,1843.0,1843.0,11000,0.0,0.0
2023-06-30 00:00:00+09:00,1850.0,1850.0,1830.0,1843.0,7400,0.0,0.0
2023-07-03 00:00:00+09:00,1843.0,1863.0,1843.0,1863.0,3300,0.0,0.0
2023-07-04 00:00:00+09:00,1853.0,1863.0,1845.0,1845.0,6600,0.0,0.0
2023-07-05 00:00:00+09:00,1848.0,1856.0,1844.0,1844.0,5200,0.0,0.0
2023-07-06 00:00:00+09:00,1843.0,1843.0,1817.0,1817.0,7300,0.0,0.0
2023-07-07 00:00:00+09:00,1817.0,1826.0,1799.0,1800.0,13000,0.0,0.0
2023-07-10 00:00:00+09:00,1805.0,1819.0,1785.0,1789.0,9000,0.0,0.0
2023-07-11 00:00:00+09:00,1790.0,1806.0,1790.0,1790.0,2900,0.0,0.0
2023-07-12 00:00:00+09:00,1784.0,1816.0,1784.0,1790.0,9000,0.0,0.0
2023-07-13 00:00:00+09:00,1790.0,1800.0,1778.0,1790.0,6800,0.0,0.0
2023-07-14 00:00:00+09:00,1790.0,1795.0,1765.0,1787.0,12800,0.0,0.0
2023-07-18 00:00:00+09:00,1765.0,1796.0,1765.0,1779.0,10600,0.0,0.0
2023-07-19 00:00:00+09:00,1779.0,1813.0,1779.0,1809.0,7200,0.0,0.0
2023-07-20 00:00:00+09:00,1827.0,1837.0,1815.0,1837.0,6400,0.0,0.0
2023-07-21 00:00:00+09:00,1827.0,1832.0,1809.0,1818.0,6400,0.0,0.0
2023-07-24 00:00:00+09:00,1842.0,1865.0,1812.0,1833.0,6800,0.0,0.0
2023-07-25 00:00:00+09:00,1823.0,1849.0,1809.0,1809.0,4900,0.0,0.0
2023-07-26 00:00:00+09:00,1827.0,1827.0,1776.0,1799.0,7100,0.0,0.0
2023-07-27 00:00:00+09:00,1818.0,1823.0,1803.0,1823.0,4900,0.0,0.0
2023-07-28 00:00:00+09:00,1826.0,1826.0,1799.0,1800.0,8100,0.0,0.0
2023-07-31 00:00:00+09:00,1802.0,1822.0,1789.0,1802.0,5100,0.0,0.0
2023-08-01 00:00:00+09:00,1799.0,1808.0,1790.0,1807.0,1900,0.0,0.0
2023-08-02 00:00:00+09:00,1825.0,1859.0,1825.0,1844.0,25100,0.0,0.0
2023-08-03 00:00:00+09:00,1843.0,1863.0,1811.0,1853.0,16600,0.0,0.0
2023-08-04 00:00:00+09:00,1868.0,1868.0,1783.0,1809.0,16400,0.0,0.0
2023-08-07 00:00:00+09:00,1809.0,1819.0,1791.0,1795.0,2900,0.0,0.0
2023-08-08 00:00:00+09:00,1811.0,1811.0,1781.0,1785.0,10200,0.0,0.0
2023-08-09 00:00:00+09:00,1786.0,1807.0,1786.0,1807.0,2300,0.0,0.0
2023-08-10 00:00:00+09:00,1807.0,1808.0,1800.0,1807.0,1700,0.0,0.0
2023-08-14 00:00:00+09:00,1801.0,1807.0,1799.0,1800.0,1800,0.0,0.0
2023-08-15 00:00:00+09:00,1800.0,1803.0,1786.0,1796.0,5700,0.0,0.0
2023-08-16 00:00:00+09:00,1794.0,1794.0,1777.0,1782.0,4300,0.0,0.0
2023-08-17 00:00:00+09:00,1777.0,1777.0,1760.0,1765.0,6000,0.0,0.0
2023-08-18 00:00:00+09:00,1755.0,1774.0,1755.0,1767.0,3900,0.0,0.0
2023-08-21 00:00:00+09:00,1771.0,1771.0,1756.0,1762.0,10200,0.0,0.0
2023-08-22 00:00:00+09:00,1761.0,1771.0,1757.0,1771.0,500,0.0,0.0
2023-08-23 00:00:00+09:00,1773.0,1790.0,1764.0,1779.0,2500,0.0,0.0
2023-08-24 00:00:00+09:00,1779.0,1799.0,1779.0,1793.0,2400,0.0,0.0
2023-08-25 00:00:00+09:00,1798.0,1798.0,1751.0,1767.0,10400,0.0,0.0
2023-08-28 00:00:00+09:00,1768.0,1795.0,1768.0,1793.0,4300,0.0,0.0
2023-08-29 00:00:00+09:00,1794.0,1794.0,1780.0,1781.0,6400,0.0,0.0
2023-08-30 00:00:00+09:00,1785.0,1788.0,1776.0,1783.0,11900,0.0,0.0
2023-08-31 00:00:00+09:00,1777.0,1788.0,1775.0,1780.0,3600,0.0,0.0
2023-09-01 00:00:00+09:00,1776.0,1790.0,1776.0,1781.0,5500,0.0,0.0
2023-09-04 00:00:00+09:00,1782.0,1855.0,1782.0,1855.0,22600,0.0,0.0
2023-09-05 00:00:00+09:00,1850.0,1853.0,1821.0,1853.0,10900,0.0,0.0
2023-09-06 00:00:00+09:00,1860.0,1865.0,1835.0,1840.0,12400,0.0,0.0
2023-09-07 00:00:00+09:00,1843.0,1856.0,1830.0,1850.0,8000,0.0,0.0
2023-09-08 00:00:00+09:00,1860.0,1862.0,1847.0,1862.0,4500,0.0,0.0
2023-09-11 00:00:00+09:00,1862.0,1875.0,1846.0,1852.0,5400,0.0,0.0
2023-09-12 00:00:00+09:00,1852.0,1875.0,1850.0,1850.0,4300,0.0,0.0
2023-09-13 00:00:00+09:00,1850.0,1862.0,1847.0,1847.0,4000,0.0,0.0
2023-09-14 00:00:00+09:00,1847.0,1888.0,1842.0,1854.0,7400,0.0,0.0
2023-09-15 00:00:00+09:00,1820.0,1874.0,1820.0,1871.0,11400,0.0,0.0
2023-09-19 00:00:00+09:00,1871.0,1874.0,1855.0,1862.0,7700,0.0,0.0
2023-09-20 00:00:00+09:00,1862.0,1886.0,1837.0,1840.0,10100,0.0,0.0
2023-09-21 00:00:00+09:00,1840.0,1873.0,1839.0,1840.0,1400,0.0,0.0
2023-09-22 00:00:00+09:00,1871.0,1871.0,1838.0,1842.0,5300,0.0,0.0
2023-09-25 00:00:00+09:00,1845.0,1875.0,1845.0,1855.0,8600,0.0,0.0
2023-09-26 00:00:00+09:00,1860.0,1875.0,1860.0,1863.0,6400,0.0,0.0
2023-09-27 00:00:00+09:00,1870.0,1876.0,1863.0,1864.0,5200,0.0,0.0
2023-09-28 00:00:00+09:00,1839.0,1863.0,1839.0,1863.0,1400,0.0,0.0
2023-09-29 00:00:00+09:00,1865.0,1871.0,1855.0,1856.0,2000,0.0,0.0
2023-10-02 00:00:00+09:00,1856.0,1857.0,1831.0,1834.0,4800,0.0,0.0
2023-10-03 00:00:00+09:00,1850.0,1850.0,1810.0,1813.0,5800,0.0,0.0
2023-10-04 00:00:00+09:00,1801.0,1841.0,1786.0,1786.0,12800,0.0,0.0
2023-10-05 00:00:00+09:00,1788.0,1829.0,1788.0,1829.0,1700,0.0,0.0
2023-10-06 00:00:00+09:00,1806.0,1822.0,1806.0,1810.0,900,0.0,0.0
2023-10-10 00:00:00+09:00,1810.0,1837.0,1810.0,1837.0,4500,0.0,0.0
2023-10-11 00:00:00+09:00,1828.0,1830.0,1820.0,1830.0,3400,0.0,0.0
2023-10-12 00:00:00+09:00,1822.0,1828.0,1790.0,1828.0,7100,0.0,0.0
2023-10-13 00:00:00+09:00,1828.0,1828.0,1816.0,1816.0,1700,0.0,0.0
2023-10-16 00:00:00+09:00,1818.0,1827.0,1781.0,1793.0,8400,0.0,0.0
2023-10-17 00:00:00+09:00,1821.0,1821.0,1797.0,1820.0,500,0.0,0.0
2023-10-18 00:00:00+09:00,1820.0,1822.0,1789.0,1814.0,3400,0.0,0.0
2023-10-19 00:00:00+09:00,1807.0,1860.0,1807.0,1855.0,7600,0.0,0.0
2023-10-20 00:00:00+09:00,1815.0,1844.0,1815.0,1824.0,1600,0.0,0.0
2023-10-23 00:00:00+09:00,1827.0,1850.0,1827.0,1831.0,2300,0.0,0.0
2023-10-24 00:00:00+09:00,1830.0,1830.0,1808.0,1821.0,3900,0.0,0.0
2023-10-25 00:00:00+09:00,1835.0,1947.0,1813.0,1863.0,26400,0.0,0.0
2023-10-26 00:00:00+09:00,1865.0,1866.0,1821.0,1821.0,6200,0.0,0.0
2023-10-27 00:00:00+09:00,1821.0,1831.0,1791.0,1793.0,23000,0.0,0.0
2023-10-30 00:00:00+09:00,1788.0,1790.0,1753.0,1770.0,8600,0.0,0.0
2023-10-31 00:00:00+09:00,1784.0,1799.0,1756.0,1774.0,5800,0.0,0.0
2023-11-01 00:00:00+09:00,1790.0,1798.0,1777.0,1780.0,4300,0.0,0.0
2023-11-02 00:00:00+09:00,1779.0,1793.0,1769.0,1769.0,3800,0.0,0.0
2023-11-06 00:00:00+09:00,1797.0,1818.0,1795.0,1806.0,10700,0.0,0.0
2023-11-07 00:00:00+09:00,1801.0,1802.0,1792.0,1792.0,4200,0.0,0.0
2023-11-08 00:00:00+09:00,1805.0,1805.0,1773.0,1785.0,7000,0.0,0.0
2023-11-09 00:00:00+09:00,1785.0,1803.0,1780.0,1798.0,4700,0.0,0.0
2023-11-10 00:00:00+09:00,1806.0,1833.0,1800.0,1818.0,16000,0.0,0.0
2023-11-13 00:00:00+09:00,1848.0,1848.0,1777.0,1792.0,44200,0.0,0.0
2023-11-14 00:00:00+09:00,1790.0,1811.0,1781.0,1811.0,4500,0.0,0.0
2023-11-15 00:00:00+09:00,1807.0,1814.0,1795.0,1812.0,13200,0.0,0.0
2023-11-16 00:00:00+09:00,1810.0,1830.0,1810.0,1818.0,4700,0.0,0.0
2023-11-17 00:00:00+09:00,1810.0,1850.0,1810.0,1847.0,13800,0.0,0.0
2023-11-20 00:00:00+09:00,1856.0,1884.0,1851.0,1855.0,12300,0.0,0.0
2023-11-21 00:00:00+09:00,1855.0,1868.0,1851.0,1864.0,5600,0.0,0.0
2023-11-22 00:00:00+09:00,1874.0,1935.0,1874.0,1901.0,27500,0.0,0.0
2023-11-24 00:00:00+09:00,1939.0,2039.0,1927.0,2001.0,50600,0.0,0.0
2023-11-27 00:00:00+09:00,2059.0,2059.0,1999.0,2004.0,56700,0.0,0.0
2023-11-28 00:00:00+09:00,2033.0,2033.0,2000.0,2004.0,22600,0.0,0.0
2023-11-29 00:00:00+09:00,2002.0,2005.0,1955.0,1984.0,19000,0.0,0.0
2023-11-30 00:00:00+09:00,2012.0,2078.0,2000.0,2069.0,34100,0.0,0.0
2023-12-01 00:00:00+09:00,2099.0,2332.0,2094.0,2199.0,141600,0.0,0.0
2023-12-04 00:00:00+09:00,2211.0,2250.0,2116.0,2208.0,48300,0.0,0.0
2023-12-05 00:00:00+09:00,2213.0,2270.0,2158.0,2221.0,90200,0.0,0.0
2023-12-06 00:00:00+09:00,2235.0,2340.0,2231.0,2262.0,61100,0.0,0.0
2023-12-07 00:00:00+09:00,2242.0,2260.0,2196.0,2220.0,31600,0.0,0.0
2023-12-08 00:00:00+09:00,2220.0,2220.0,2081.0,2083.0,61400,0.0,0.0
2023-12-11 00:00:00+09:00,2095.0,2182.0,2095.0,2125.0,26800,0.0,0.0
2023-12-12 00:00:00+09:00,2152.0,2160.0,2107.0,2111.0,16700,0.0,0.0
2023-12-13 00:00:00+09:00,2115.0,2211.0,2115.0,2186.0,21200,0.0,0.0
2023-12-14 00:00:00+09:00,2194.0,2247.0,2134.0,2134.0,25000,0.0,0.0
2023-12-15 00:00:00+09:00,2134.0,2196.0,2134.0,2158.0,9300,0.0,0.0
2023-12-18 00:00:00+09:00,2160.0,2191.0,2158.0,2180.0,12800,0.0,0.0
2023-12-19 00:00:00+09:00,2169.0,2191.0,2141.0,2191.0,17400,0.0,0.0
2023-12-20 00:00:00+09:00,2194.0,2230.0,2185.0,2186.0,29900,0.0,0.0
2023-12-21 00:00:00+09:00,2180.0,2273.0,2180.0,2234.0,44900,0.0,0.0
2023-12-22 00:00:00+09:00,2260.0,2299.0,2245.0,2253.0,55700,0.0,0.0
2023-12-25 00:00:00+09:00,2350.0,2650.0,2350.0,2540.0,238100,0.0,0.0
2023-12-26 00:00:00+09:00,2565.0,2759.0,2560.0,2683.0,186900,0.0,0.0
2023-12-27 00:00:00+09:00,2748.0,2748.0,2601.0,2690.0,98600,0.0,0.0
2023-12-28 00:00:00+09:00,2713.0,2800.0,2680.0,2680.0,84500,0.0,0.0
2023-12-29 00:00:00+09:00,2680.0,2886.0,2660.0,2837.0,121900,0.0,0.0
2024-01-04 00:00:00+09:00,2830.0,2844.0,2717.0,2770.0,93800,0.0,0.0
2024-01-05 00:00:00+09:00,2759.0,2770.0,2644.0,2644.0,79600,0.0,0.0
2024-01-09 00:00:00+09:00,2689.0,2760.0,2680.0,2689.0,58000,0.0,0.0
2024-01-10 00:00:00+09:00,2704.0,2738.0,2645.0,2683.0,62000,0.0,0.0
2024-01-11 00:00:00+09:00,2683.0,2745.0,2469.0,2530.0,146000,0.0,0.0
2024-01-12 00:00:00+09:00,2531.0,2580.0,2508.0,2535.0,66000,0.0,0.0
2024-01-15 00:00:00+09:00,2585.0,2639.0,2581.0,2620.0,12700,0.0,0.0
2024-01-16 00:00:00+09:00,2576.0,2607.0,2475.0,2490.0,45500,0.0,0.0
2024-01-17 00:00:00+09:00,2489.0,2518.0,2393.0,2436.0,82500,0.0,0.0
2024-01-18 00:00:00+09:00,2433.0,2563.0,2432.0,2556.0,51600,0.0,0.0
2024-01-19 00:00:00+09:00,2588.0,2681.0,2565.0,2671.0,74000,0.0,0.0
2024-01-22 00:00:00+09:00,2735.0,3050.0,2720.0,2899.0,237300,0.0,0.0
2024-01-23 00:00:00+09:00,2900.0,2955.0,2815.0,2865.0,100500,0.0,0.0
2024-01-24 00:00:00+09:00,2965.0,2970.0,2860.0,2941.0,106200,0.0,0.0
2024-01-25 00:00:00+09:00,2978.0,3025.0,2922.0,2992.0,116600,0.0,0.0
2024-01-26 00:00:00+09:00,2993.0,3015.0,2896.0,2950.0,87200,0.0,0.0
2024-01-29 00:00:00+09:00,2910.0,2915.0,2805.0,2871.0,82900,0.0,0.0
2024-01-30 00:00:00+09:00,2910.0,2924.0,2815.0,2908.0,61400,0.0,0.0
2024-01-31 00:00:00+09:00,2849.0,2895.0,2800.0,2840.0,56700,0.0,0.0
2024-02-01 00:00:00+09:00,2790.0,2870.0,2790.0,2839.0,61500,0.0,0.0
2024-02-02 00:00:00+09:00,2802.0,2993.0,2792.0,2976.0,164000,0.0,0.0
2024-02-05 00:00:00+09:00,3010.0,3240.0,2976.0,3055.0,134700,0.0,0.0
2024-02-06 00:00:00+09:00,3075.0,3160.0,2971.0,3070.0,71000,0.0,0.0
2024-02-07 00:00:00+09:00,3070.0,3070.0,2935.0,2961.0,54500,0.0,0.0
2024-02-08 00:00:00+09:00,2940.0,2959.0,2850.0,2883.0,60100,0.0,0.0
2024-02-09 00:00:00+09:00,2899.0,3010.0,2899.0,2911.0,74900,0.0,0.0
2024-02-13 00:00:00+09:00,2927.0,3070.0,2921.0,3030.0,77200,0.0,0.0
2024-02-14 00:00:00+09:00,3015.0,3120.0,2956.0,3100.0,67200,0.0,0.0
2024-02-15 00:00:00+09:00,3110.0,3140.0,3050.0,3065.0,56200,0.0,0.0
2024-02-16 00:00:00+09:00,3135.0,3255.0,3035.0,3035.0,77300,0.0,0.0
2024-02-19 00:00:00+09:00,3200.0,3365.0,3190.0,3200.0,124400,0.0,0.0
2024-02-20 00:00:00+09:00,3220.0,3240.0,3125.0,3155.0,46100,0.0,0.0
2024-02-21 00:00:00+09:00,3195.0,3285.0,3165.0,3225.0,54600,0.0,0.0
2024-02-22 00:00:00+09:00,3365.0,3395.0,3280.0,3395.0,75800,0.0,0.0
2024-02-26 00:00:00+09:00,3420.0,3510.0,3305.0,3305.0,93800,0.0,0.0
2024-02-27 00:00:00+09:00,3340.0,3385.0,3265.0,3310.0,51100,0.0,0.0
2024-02-28 00:00:00+09:00,3335.0,3350.0,3235.0,3295.0,67100,0.0,0.0
2024-02-29 00:00:00+09:00,3210.0,3250.0,3170.0,3195.0,60600,0.0,0.0
2024-03-01 00:00:00+09:00,3225.0,3585.0,3225.0,3465.0,187900,0.0,0.0
2024-03-04 00:00:00+09:00,3535.0,3550.0,3255.0,3275.0,158900,0.0,0.0
2024-03-05 00:00:00+09:00,3280.0,3325.0,3160.0,3225.0,92100,0.0,0.0
2024-03-06 00:00:00+09:00,3225.0,3360.0,3225.0,3315.0,70300,0.0,0.0
2024-03-07 00:00:00+09:00,3350.0,3370.0,3120.0,3120.0,120800,0.0,0.0
2024-03-08 00:00:00+09:00,3140.0,3245.0,3115.0,3220.0,86800,0.0,0.0
2024-03-11 00:00:00+09:00,3015.0,3080.0,2910.0,2970.0,123600,0.0,0.0
2024-03-12 00:00:00+09:00,2640.0,2783.0,2621.0,2754.0,174800,0.0,0.0
2024-03-13 00:00:00+09:00,2804.0,2870.0,2512.0,2542.0,207000,0.0,0.0
2024-03-14 00:00:00+09:00,2563.0,2600.0,2417.0,2449.0,131300,0.0,0.0
2024-03-15 00:00:00+09:00,2549.0,2556.0,2428.0,2551.0,128100,0.0,0.0
2024-03-18 00:00:00+09:00,2562.0,2687.0,2562.0,2653.0,79100,0.0,0.0
2024-03-19 00:00:00+09:00,2750.0,2750.0,2613.0,2657.0,95700,0.0,0.0
2024-03-21 00:00:00+09:00,2739.0,2739.0,2647.0,2654.0,52900,0.0,0.0
2024-03-22 00:00:00+09:00,2671.0,2730.0,2654.0,2716.0,50700,0.0,0.0
2024-03-25 00:00:00+09:00,2704.0,2739.0,2620.0,2620.0,54400,0.0,0.0
2024-03-26 00:00:00+09:00,2615.0,2660.0,2589.0,2624.0,35700,0.0,0.0
2024-03-27 00:00:00+09:00,2601.0,2702.0,2593.0,2667.0,45700,0.0,0.0
2024-03-28 00:00:00+09:00,2628.0,2693.0,2601.0,2608.0,22200,0.0,0.0
2024-03-29 00:00:00+09:00,2597.0,2620.0,2572.0,2577.0,14600,0.0,0.0
2024-04-01 00:00:00+09:00,2600.0,2605.0,2511.0,2523.0,26400,0.0,0.0
2024-04-02 00:00:00+09:00,2504.0,2549.0,2426.0,2435.0,66600,0.0,0.0
2024-04-03 00:00:00+09:00,2417.0,2503.0,2386.0,2477.0,45200,0.0,0.0
2024-04-04 00:00:00+09:00,2479.0,2544.0,2460.0,2498.0,22600,0.0,0.0
2024-04-05 00:00:00+09:00,2441.0,2510.0,2437.0,2498.0,25800,0.0,0.0
2024-04-08 00:00:00+09:00,2519.0,2605.0,2519.0,2605.0,32800,0.0,0.0
2024-04-09 00:00:00+09:00,2605.0,2635.0,2520.0,2525.0,30400,0.0,0.0
2024-04-10 00:00:00+09:00,2525.0,2583.0,2523.0,2546.0,11400,0.0,0.0
2024-04-11 00:00:00+09:00,2548.0,2565.0,2468.0,2565.0,16400,0.0,0.0
2024-04-12 00:00:00+09:00,2599.0,2616.0,2550.0,2550.0,13200,0.0,0.0
2024-04-15 00:00:00+09:00,2550.0,2563.0,2505.0,2552.0,10600,0.0,0.0
2024-04-16 00:00:00+09:00,2515.0,2549.0,2432.0,2432.0,21100,0.0,0.0
2024-04-17 00:00:00+09:00,2482.0,2482.0,2373.0,2399.0,27800,0.0,0.0
2024-04-18 00:00:00+09:00,2377.0,2446.0,2336.0,2441.0,29500,0.0,0.0
2024-04-19 00:00:00+09:00,2421.0,2437.0,2293.0,2344.0,29100,0.0,0.0
2024-04-22 00:00:00+09:00,2367.0,2396.0,2313.0,2336.0,21000,0.0,0.0
2024-04-23 00:00:00+09:00,2329.0,2357.0,2287.0,2321.0,24400,0.0,0.0
2024-04-24 00:00:00+09:00,2321.0,2400.0,2321.0,2400.0,8400,0.0,0.0
2024-04-25 00:00:00+09:00,2362.0,2365.0,2316.0,2347.0,8100,0.0,0.0
2024-04-26 00:00:00+09:00,2338.0,2391.0,2338.0,2346.0,6800,0.0,0.0
2024-04-30 00:00:00+09:00,2336.0,2409.0,2336.0,2379.0,9900,0.0,0.0
2024-05-01 00:00:00+09:00,2353.0,2423.0,2351.0,2382.0,8100,0.0,0.0
2024-05-02 00:00:00+09:00,2382.0,2405.0,2350.0,2361.0,4800,0.0,0.0
2024-05-07 00:00:00+09:00,2393.0,2444.0,2380.0,2381.0,10300,0.0,0.0
2024-05-08 00:00:00+09:00,2381.0,2475.0,2381.0,2454.0,12400,0.0,0.0
2024-05-09 00:00:00+09:00,2431.0,2431.0,2336.0,2350.0,34900,0.0,0.0
2024-05-10 00:00:00+09:00,2355.0,2698.0,2237.0,2598.0,151800,0.0,0.0
2024-05-13 00:00:00+09:00,2469.0,2561.0,2401.0,2550.0,42000,0.0,0.0
2024-05-14 00:00:00+09:00,2567.0,2781.0,2531.0,2752.0,76100,0.0,0.0
2024-05-15 00:00:00+09:00,2750.0,2801.0,2718.0,2740.0,44900,0.0,0.0
2024-05-16 00:00:00+09:00,2755.0,2870.0,2755.0,2838.0,47200,0.0,0.0
2024-05-17 00:00:00+09:00,2831.0,2890.0,2800.0,2830.0,26300,0.0,0.0
2024-05-20 00:00:00+09:00,2809.0,2890.0,2800.0,2818.0,32100,0.0,0.0
2024-05-21 00:00:00+09:00,2819.0,2829.0,2752.0,2752.0,13100,0.0,0.0
2024-05-22 00:00:00+09:00,2778.0,2787.0,2706.0,2719.0,10100,0.0,0.0
2024-05-23 00:00:00+09:00,2707.0,2748.0,2645.0,2674.0,14700,0.0,0.0
2024-05-24 00:00:00+09:00,2653.0,2731.0,2620.0,2683.0,18900,0.0,0.0
2024-05-27 00:00:00+09:00,2733.0,2743.0,2647.0,2729.0,21300,0.0,0.0
2024-05-28 00:00:00+09:00,2728.0,2766.0,2630.0,2713.0,18600,0.0,0.0
2024-05-29 00:00:00+09:00,2760.0,2760.0,2605.0,2632.0,21800,0.0,0.0
2024-05-30 00:00:00+09:00,2586.0,2724.0,2561.0,2724.0,25100,0.0,0.0
2024-05-31 00:00:00+09:00,2674.0,2799.0,2674.0,2740.0,8800,0.0,0.0
2024-06-03 00:00:00+09:00,2727.0,2763.0,2691.0,2719.0,10000,0.0,0.0
2024-06-04 00:00:00+09:00,2765.0,2779.0,2703.0,2730.0,8200,0.0,0.0
2024-06-05 00:00:00+09:00,2680.0,2727.0,2599.0,2601.0,15900,0.0,0.0
2024-06-06 00:00:00+09:00,2673.0,2673.0,2610.0,2646.0,8100,0.0,0.0
2024-06-07 00:00:00+09:00,2620.0,2647.0,2608.0,2629.0,7000,0.0,0.0
2024-06-10 00:00:00+09:00,2647.0,2669.0,2630.0,2669.0,2400,0.0,0.0
2024-06-11 00:00:00+09:00,2670.0,2694.0,2645.0,2646.0,3300,0.0,0.0
2024-06-12 00:00:00+09:00,2646.0,2646.0,2496.0,2615.0,7000,0.0,0.0
2024-06-13 00:00:00+09:00,2600.0,2638.0,2549.0,2556.0,7700,0.0,0.0
2024-06-14 00:00:00+09:00,2530.0,2609.0,2463.0,2571.0,13900,0.0,0.0
