Date,Open,High,Low,Close,Volume,Dividends,Stock Splits
2003-09-03 00:00:00+09:00,-75.10327087402344,-84.27338717906177,-73.36095058949292,-82.53106689453125,180000,0.0,0.0
2003-09-04 00:00:00+09:00,-83.44809471679855,-83.44809471679855,-79.32154047174153,-79.41324615478516,60000,0.0,0.0
2003-09-05 00:00:00+09:00,-77.94600126636347,-79.41322463346911,-76.20368107386997,-77.02899169921875,60000,0.0,0.0
2003-09-08 00:00:00+09:00,-78.67961972125907,-78.67961972125907,-73.45265197753906,-73.45265197753906,55800,0.0,0.0
2003-09-09 00:00:00+09:00,-77.12071189181243,-79.5049454830441,-76.75390930716021,-79.32154083251953,240000,0.0,0.0
2003-09-10 00:00:00+09:00,-77.48751975406188,-77.9460212972644,-75.65349343206147,-76.57050323486328,60000,0.0,0.0
2003-09-11 00:00:00+09:00,-76.11199230673313,-76.11199230673313,-73.8194580078125,-73.8194580078125,48600,0.0,0.0
2003-09-12 00:00:00+09:00,-74.27796013658765,-75.47007330738874,-74.27796013658765,-74.46136474609375,41400,0.0,0.0
2003-09-15 00:00:00+09:00,-74.46136474609375,-74.46136474609375,-74.46136474609375,-74.46136474609375,0,0.0,0.0
2003-09-16 00:00:00+09:00,-75.37838687816374,-75.37838687816374,-74.27797247118325,-74.73648071289062,41400,0.0,0.0
2003-09-17 00:00:00+09:00,-75.28668115124985,-76.57049336643493,-75.19497548131098,-76.11199188232422,48000,0.0,0.0
2003-09-18 00:00:00+09:00,-76.11199188232422,-77.48750976744817,-75.01157757422506,-76.11199188232422,60000,0.0,0.0
2003-09-19 00:00:00+09:00,-76.57047762488654,-77.02898573113194,-73.54433889973492,-73.91114807128906,120000,0.0,0.0
2003-09-22 00:00:00+09:00,-74.0945615863713,-74.18626725682154,-73.45265547519942,-73.8194580078125,60000,0.0,0.0
2003-09-23 00:00:00+09:00,-73.8194580078125,-73.8194580078125,-73.8194580078125,-73.8194580078125,0,0.0,0.0
2003-09-24 00:00:00+09:00,-74.18626499518399,-74.18626499518399,-72.71904147666943,-73.36095428466797,180000,0.0,0.0
2003-09-25 00:00:00+09:00,-73.31501145503692,-73.31501145503692,-64.21954010911128,-65.322021484375,60000,2.5,3.0
2003-09-26 00:00:00+09:00,-66.70013502028105,-73.59064483642578,-66.70013502028105,-73.59064483642578,40000,0.0,0.0
2003-09-29 00:00:00+09:00,-75.7956079775921,-75.7956079775921,-72.48816326584263,-73.59064483642578,40000,0.0,0.0
2003-09-30 00:00:00+09:00,-73.59063390437389,-84.33982762074311,-73.03939320097034,-82.1348648071289,120000,0.0,0.0
2003-10-01 00:00:00+09:00,-86.8203935115295,-93.15966033935547,-85.44229202721951,-93.15966033935547,300000,0.0,0.0
2003-10-02 00:00:00+09:00,-94.5378126619703,-96.74277622259936,-85.16671752929688,-85.16671752929688,140000,0.0,0.0
2003-10-03 00:00:00+09:00,-97.56961072838826,-98.94771257483441,-92.33282371189284,-95.08902740478516,320000,0.0,0.0
2003-10-06 00:00:00+09:00,-101.97954626928401,-108.87005615234375,-101.42830547863923,-108.87005615234375,220000,0.0,0.0
2003-10-07 00:00:00+09:00,-108.87003847009994,-122.6510559979607,-108.87003847009994,-117.1386489868164,220000,0.0,0.0
2003-10-08 00:00:00+09:00,-114.38246459582308,-115.76056657890528,-105.56261190409695,-111.07501983642578,120000,0.0,0.0
2003-10-09 00:00:00+09:00,-109.97253357479944,-110.24815395969868,-106.11384818620998,-107.76757049560547,40000,0.0,0.0
2003-10-10 00:00:00+09:00,-106.38947259444224,-110.2481581289557,-104.7357502225079,-108.87005615234375,60000,0.0,0.0
2003-10-13 00:00:00+09:00,-108.87005615234375,-108.87005615234375,-108.87005615234375,-108.87005615234375,0,0.0,0.0
2003-10-14 00:00:00+09:00,-113.00434454432073,-120.72171441564021,-111.62624278158512,-116.86302947998047,240000,0.0,0.0
2003-10-15 00:00:00+09:00,-119.34358958000146,-119.34358958000146,-111.90184149995518,-114.10680389404297,80000,0.0,0.0
2003-10-16 00:00:00+09:00,-111.62624864017262,-112.45310974121094,-109.14566533705768,-112.45310974121094,60000,0.0,0.0
2003-10-17 00:00:00+09:00,-111.62626010556764,-111.62626010556764,-107.4919541757318,-108.87005615234375,80000,0.0,0.0
2003-10-20 00:00:00+09:00,-106.11384515737032,-108.04318779659525,-103.35764138704901,-103.90888214111328,40000,0.0,0.0
2003-10-21 00:00:00+09:00,-101.97953033447266,-103.35763209574931,-99.49894716417467,-101.97953033447266,60000,0.0,0.0
2003-10-22 00:00:00+09:00,-100.87707328240309,-101.9795549576206,-93.7109423934892,-94.53780364990234,40000,0.0,0.0
2003-10-23 00:00:00+09:00,-86.26918274550714,-86.26918274550714,-80.75677490234375,-80.75677490234375,120000,0.0,0.0
2003-10-24 00:00:00+09:00,-91.23033211015837,-91.23033211015837,-88.19850838444314,-88.47412872314453,80000,0.0,0.0
2003-10-27 00:00:00+09:00,-91.2303598022461,-97.29400909423828,-90.12787811279297,-96.46714782714844,20000,0.0,0.0
2003-10-28 00:00:00+09:00,-99.22333850599315,-101.15268119916524,-98.12085696703767,-100.6014404296875,40000,0.0,0.0
2003-10-29 00:00:00+09:00,-98.39647083551111,-98.67209120199713,-96.46712827010893,-97.84523010253906,20000,0.0,0.0
2003-10-30 00:00:00+09:00,-98.67211521816792,-98.67211521816792,-96.19153131603521,-97.56963348388672,20000,0.0,0.0
2003-10-31 00:00:00+09:00,-96.46713520676671,-97.5696167519869,-92.88407018480109,-95.64027404785156,20000,0.0,0.0
2003-11-03 00:00:00+09:00,-95.64027404785156,-95.64027404785156,-95.64027404785156,-95.64027404785156,0,0.0,0.0
2003-11-04 00:00:00+09:00,-96.46714658153302,-96.7427670003374,-91.50597904305417,-94.53780364990234,40000,0.0,0.0
2003-11-05 00:00:00+09:00,-90.95472542636367,-93.43530884708267,-90.127864286124,-91.50596618652344,20000,0.0,0.0
2003-11-06 00:00:00+09:00,-90.40348139304999,-94.53778694456142,-90.12786102294922,-90.12786102294922,20000,0.0,0.0
2003-11-07 00:00:00+09:00,-91.23034755822384,-91.7815883289684,-90.95472717285156,-90.95472717285156,4800,0.0,0.0
2003-11-10 00:00:00+09:00,-91.2303451490991,-91.2303451490991,-88.7497617462535,-89.3010025024414,20000,0.0,0.0
2003-11-11 00:00:00+09:00,-87.64730744314666,-87.64730744314666,-79.92993446073123,-83.51300048828125,60000,0.0,0.0
2003-11-12 00:00:00+09:00,-81.3080165810781,-82.96173895221868,-80.48115539550781,-80.48115539550781,20000,0.0,0.0
2003-11-13 00:00:00+09:00,-82.68613909730817,-84.06424141559664,-81.58365724267739,-83.51300048828125,60000,0.0,0.0
2003-11-14 00:00:00+09:00,-84.89107859220437,-84.89107859220437,-74.96874473077789,-76.62246704101562,40000,0.0,0.0
2003-11-17 00:00:00+09:00,-74.41750004606426,-74.41750004606426,-71.11005559957252,-73.03939819335938,60000,0.0,0.0
2003-11-18 00:00:00+09:00,-67.52699619821841,-73.59064483642578,-67.52699619821841,-73.59064483642578,80000,0.0,0.0
2003-11-19 00:00:00+09:00,-73.0394020355005,-77.17370781109487,-72.21254088038164,-76.62246704101562,60000,0.0,0.0
2003-11-20 00:00:00+09:00,-78.82745260610045,-83.51300048828125,-78.82745260610045,-83.51300048828125,200000,0.0,0.0
2003-11-21 00:00:00+09:00,-84.89107869466146,-94.53779218269116,-83.51297676780007,-90.95472717285156,220000,0.0,0.0
2003-11-24 00:00:00+09:00,-90.95472717285156,-90.95472717285156,-90.95472717285156,-90.95472717285156,0,0.0,0.0
2003-11-25 00:00:00+09:00,-89.5766372680664,-90.40349853515625,-84.89109008789063,-89.5766372680664,300000,0.0,0.0
2003-11-26 00:00:00+09:00,-89.5766372680664,-103.35765838623047,-89.5766372680664,-103.35765838623047,420000,0.0,0.0
2003-11-27 00:00:00+09:00,-101.97955627441407,-107.4919647216797,-98.94773162841797,-103.35765838623047,220000,0.0,0.0
2003-11-28 00:00:00+09:00,-103.35763295491537,-105.01135508219402,-93.71092054578993,-99.22332763671875,60000,0.0,0.0
2003-12-01 00:00:00+09:00,-93.15967983669705,-99.77456834581164,-93.15967983669705,-99.22332763671875,40000,0.0,0.0
2003-12-02 00:00:00+09:00,-99.22335205078126,-100.60145416259766,-93.71094360351563,-96.46714782714844,100000,0.0,0.0
2003-12-03 00:00:00+09:00,-93.71094512939453,-93.9865655562457,-92.33284299513873,-93.71094512939453,80000,0.0,0.0
2003-12-04 00:00:00+09:00,-92.3328277238119,-97.8452353491141,-92.3328277238119,-96.19151306152344,100000,0.0,0.0
2003-12-05 00:00:00+09:00,-97.56961496784899,-97.8452353491141,-95.91589268025832,-96.19151306152344,60000,0.0,0.0
2003-12-08 00:00:00+09:00,-96.46713279209528,-96.46713279209528,-93.43530861862943,-93.9865493774414,19800,0.0,0.0
2003-12-09 00:00:00+09:00,-93.71094512939453,-95.08904726365033,-89.57663872662712,-93.71094512939453,60000,0.0,0.0
2003-12-10 00:00:00+09:00,-93.71094360351563,-96.46714782714844,-88.19853515625,-96.46714782714844,140000,0.0,0.0
2003-12-11 00:00:00+09:00,-96.19152897105498,-97.29401067845961,-93.1597042756922,-93.71094512939453,80000,0.0,0.0
2003-12-12 00:00:00+09:00,-93.710925558339,-97.01836998980978,-93.710925558339,-95.08902740478516,20000,0.0,0.0
2003-12-15 00:00:00+09:00,-99.22332763671875,-101.42829047309029,-98.67208692762587,-99.22332763671875,120000,0.0,0.0
2003-12-16 00:00:00+09:00,-96.46712409125435,-99.22332763671875,-96.46712409125435,-99.22332763671875,20000,0.0,0.0
2003-12-17 00:00:00+09:00,-100.60145447374056,-100.60145447374056,-96.19152770228892,-98.67211151123047,20000,0.0,0.0
2003-12-18 00:00:00+09:00,-98.94773162841797,-98.94773162841797,-96.46714782714844,-96.46714782714844,16000,0.0,0.0
2003-12-19 00:00:00+09:00,-99.22335608530852,-99.22335608530852,-97.01839261674611,-97.56963348388672,40000,0.0,0.0
2003-12-22 00:00:00+09:00,-94.81342683679917,-95.08904726365033,-92.05722256828757,-93.71094512939453,15400,0.0,0.0
2003-12-23 00:00:00+09:00,-93.71094512939453,-93.71094512939453,-93.71094512939453,-93.71094512939453,0,0.0,0.0
2003-12-24 00:00:00+09:00,-92.3328248708526,-93.71092673459668,-89.85224151611328,-89.85224151611328,15200,0.0,0.0
2003-12-25 00:00:00+09:00,-91.23036949700985,-91.78161040031505,-88.74978543213646,-89.02540588378906,19400,0.0,0.0
2003-12-26 00:00:00+09:00,-86.82042340126158,-88.19852536001176,-84.89108065901132,-87.92290496826172,20000,0.0,0.0
2003-12-29 00:00:00+09:00,-88.19852162556477,-93.15968846700278,-88.19852162556477,-91.50596618652344,20000,0.0,0.0
2003-12-30 00:00:00+09:00,-94.53779036740222,-94.53779036740222,-90.127864286124,-91.50596618652344,5600,0.0,0.0
2003-12-31 00:00:00+09:00,-91.50596618652344,-91.50596618652344,-91.50596618652344,-91.50596618652344,0,0.0,0.0
2004-01-01 00:00:00+09:00,-91.50596618652344,-91.50596618652344,-91.50596618652344,-91.50596618652344,0,0.0,0.0
2004-01-02 00:00:00+09:00,-91.50596618652344,-91.50596618652344,-91.50596618652344,-91.50596618652344,0,0.0,0.0
2004-01-05 00:00:00+09:00,-91.23031826132147,-93.15966033935547,-90.95469796445948,-93.15966033935547,7800,0.0,0.0
2004-01-06 00:00:00+09:00,-93.71091887008312,-95.91588166702626,-93.71091887008312,-94.81340026855469,20000,0.0,0.0
2004-01-07 00:00:00+09:00,-97.8452417910265,-100.60144578513993,-97.56962139161516,-98.94772338867188,60000,0.0,0.0
2004-01-08 00:00:00+09:00,-99.22333850599315,-100.87706081442637,-99.22333850599315,-100.6014404296875,60000,0.0,0.0
2004-01-09 00:00:00+09:00,-101.42831814673639,-102.53079986572266,-99.49897513851043,-102.53079986572266,100000,0.0,0.0
2004-01-12 00:00:00+09:00,-102.53079986572266,-102.53079986572266,-102.53079986572266,-102.53079986572266,0,0.0,0.0
2004-01-13 00:00:00+09:00,-104.7357633036952,-106.11386545242802,-101.97955900622952,-102.53079986572266,60000,0.0,0.0
2004-01-14 00:00:00+09:00,-103.63328366557127,-104.18452453613281,-103.3576632302905,-104.18452453613281,40000,0.0,0.0
2004-01-15 00:00:00+09:00,-104.73575899198458,-107.21634275758421,-104.73575899198458,-106.11386108398438,100000,0.0,0.0
2004-01-16 00:00:00+09:00,-106.94072476724037,-110.24816986313441,-103.90890009600417,-109.97254943847656,80000,0.0,0.0
2004-01-19 00:00:00+09:00,-110.52377553653952,-112.17749786376953,-110.52377553653952,-112.17749786376953,100000,0.0,0.0
2004-01-20 00:00:00+09:00,-111.62624694079888,-115.76055238305068,-111.0750062151653,-113.00434875488281,60000,0.0,0.0
2004-01-21 00:00:00+09:00,-111.62626921240962,-111.62626921240962,-108.59444461651702,-110.79940795898438,20000,0.0,0.0
2004-01-22 00:00:00+09:00,-110.2481635333282,-112.45312680399476,-108.04320026266163,-111.90188598632812,20000,0.0,0.0
2004-01-23 00:00:00+09:00,-111.90189334735199,-111.90189334735199,-106.38948480807356,-109.69692993164062,40000,0.0,0.0
2004-01-26 00:00:00+09:00,-110.24816131591797,-111.07502252578736,-109.14567970275878,-110.24816131591797,60000,0.0,0.0
2004-01-27 00:00:00+09:00,-107.76757457105418,-108.87005615234375,-107.21633378040941,-108.87005615234375,20000,0.0,0.0
2004-01-28 00:00:00+09:00,-106.94072233918426,-106.94072233918426,-105.83824066558442,-106.11386108398438,19000,0.0,0.0
2004-01-29 00:00:00+09:00,-102.25517851801405,-103.08203979983087,-101.97955809074178,-102.8064193725586,40000,0.0,0.0
2004-01-30 00:00:00+09:00,-101.97955718014967,-104.73576142826182,-101.97955718014967,-103.08203887939453,17400,0.0,0.0
2004-02-02 00:00:00+09:00,-104.73575501930057,-105.56261624313716,-104.46013461135504,-105.0113754272461,13200,0.0,0.0
2004-02-03 00:00:00+09:00,-103.35766022710315,-103.35766022710315,-99.22335381801902,-102.8064193725586,17400,0.0,0.0
2004-02-04 00:00:00+09:00,-102.8063922458225,-103.35763295491537,-98.67208692762587,-99.22332763671875,40000,0.0,0.0
2004-02-05 00:00:00+09:00,-97.01836998980978,-97.29399035909901,-94.26216629691747,-95.08902740478516,80000,0.0,0.0
2004-02-06 00:00:00+09:00,-95.08903609088253,-99.49896240234375,-95.08903609088253,-99.49896240234375,20000,0.0,0.0
2004-02-09 00:00:00+09:00,-105.01138490863086,-105.01138490863086,-100.60145798333402,-104.46014404296875,20000,0.0,0.0
2004-02-10 00:00:00+09:00,-105.01138122399233,-106.11386291663267,-103.35765868503182,-105.5626220703125,20000,0.0,0.0
2004-02-11 00:00:00+09:00,-105.5626220703125,-105.5626220703125,-105.5626220703125,-105.5626220703125,0,0.0,0.0
2004-02-12 00:00:00+09:00,-105.0113636492418,-105.0113636492418,-103.35764138704901,-103.90888214111328,80000,0.0,0.0
2004-02-13 00:00:00+09:00,-104.4601341443184,-108.59444024501703,-104.18451373760516,-107.49195861816406,80000,0.0,0.0
2004-02-16 00:00:00+09:00,-108.04319496637657,-108.87005615234375,-107.21633378040941,-108.87005615234375,80000,0.0,0.0
2004-02-17 00:00:00+09:00,-108.87005203520245,-109.69691318990019,-106.38946857110923,-107.76757049560547,80000,0.0,0.0
2004-02-18 00:00:00+09:00,-105.83823040834407,-108.87005471691643,-105.83823040834407,-106.94071197509766,60000,0.0,0.0
2004-02-19 00:00:00+09:00,-104.46013461135504,-105.0113754272461,-103.0820325716274,-105.0113754272461,40000,0.0,0.0
2004-02-20 00:00:00+09:00,-104.46012790077611,-105.01136868125514,-103.35764633981805,-104.73574829101562,40000,0.0,0.0
2004-02-23 00:00:00+09:00,-103.35764427707619,-103.35764427707619,-99.22333850599315,-100.6014404296875,140000,0.0,0.0
2004-02-24 00:00:00+09:00,-103.63326673005756,-104.73574829101562,-103.35764633981805,-104.73574829101562,80000,0.0,0.0
2004-02-25 00:00:00+09:00,-104.46014404296875,-104.7357644757998,-100.60145798333402,-104.46014404296875,60000,0.0,0.0
2004-02-26 00:00:00+09:00,-103.63328158470893,-104.7357633036952,-102.25517943597609,-102.53079986572266,60000,0.0,0.0
2004-02-27 00:00:00+09:00,-101.97952859001055,-104.73573206541623,-100.05018615722656,-100.05018615722656,100000,0.0,0.0
2004-03-01 00:00:00+09:00,-104.46012790077611,-104.73574829101562,-104.46012790077611,-104.73574829101562,160000,0.0,0.0
2004-03-02 00:00:00+09:00,-104.73576080083224,-105.5626220703125,-104.18451995451207,-105.5626220703125,140000,0.0,0.0
2004-03-03 00:00:00+09:00,-104.73576049804687,-105.01138092041016,-103.35765838623047,-103.35765838623047,100000,0.0,0.0
2004-03-04 00:00:00+09:00,-104.73576049804687,-105.01138092041016,-103.35765838623047,-103.35765838623047,80000,0.0,0.0
2004-03-05 00:00:00+09:00,-103.3576468831485,-107.49195275847445,-103.3576468831485,-106.94071197509766,400000,0.0,0.0
2004-03-08 00:00:00+09:00,-109.69689561710801,-119.8948482247286,-108.594414254122,-118.5167465209961,820000,0.0,0.0
2004-03-09 00:00:00+09:00,-119.89487083037316,-120.99735240122718,-115.76056493967064,-116.31180572509766,360000,0.0,0.0
2004-03-10 00:00:00+09:00,-117.96555980151852,-125.40731240581994,-116.86307793421462,-124.85607147216797,500000,0.0,0.0
2004-03-11 00:00:00+09:00,-127.6122337279281,-138.63704873682036,-125.40727072614965,-135.605224609375,560000,0.0,0.0
2004-03-12 00:00:00+09:00,-134.22713786878083,-137.810203150699,-130.91969299316406,-130.91969299316406,200000,0.0,0.0
2004-03-15 00:00:00+09:00,-132.29778673715205,-133.6758886823307,-128.7147216796875,-128.7147216796875,140000,0.0,0.0
2004-03-16 00:00:00+09:00,-127.33662956639341,-128.16349079734402,-124.85604587354159,-125.68290710449219,180000,0.0,0.0
2004-03-17 00:00:00+09:00,-128.16348090161603,-131.47092557004484,-126.50975856740163,-128.7147216796875,140000,0.0,0.0
2004-03-18 00:00:00+09:00,-130.0928254158266,-130.91968659431703,-127.88786227318548,-128.16348266601562,100000,0.0,0.0
2004-03-19 00:00:00+09:00,-127.61224188035534,-128.43910305884577,-125.95851952337449,-128.16348266601562,120000,0.0,0.0
2004-03-22 00:00:00+09:00,-125.68289599006557,-134.77836872618875,-125.68289599006557,-133.95150756835938,340000,0.0,0.0
2004-03-23 00:00:00+09:00,-132.29780303765529,-133.12466430664062,-130.9197009226797,-133.12466430664062,160000,0.0,0.0
2004-03-24 00:00:00+09:00,-133.1246624818782,-133.6759033203125,-131.19531954735825,-133.6759033203125,100000,0.0,0.0
2004-03-25 00:00:00+09:00,-135.05397202538663,-135.05397202538663,-132.29776851466445,-134.5027313232422,160000,0.0,0.0
2004-03-26 00:00:00+09:00,-136.98845840081935,-139.19794966534872,-124.28388362977563,-135.8837127685547,110000,5.0,2.0
2004-03-29 00:00:00+09:00,-139.7502899169922,-145.82638947860053,-136.43605379247853,-139.7502899169922,140000,0.0,0.0
2004-03-30 00:00:00+09:00,-144.1692777745864,-144.72165048636643,-139.19792336856617,-140.85504150390625,80000,0.0,0.0
2004-03-31 00:00:00+09:00,-140.85503819477128,-140.85503819477128,-136.9884293031501,-137.54080200195312,90000,0.0,0.0
2004-04-01 00:00:00+09:00,-146.37879473940313,-159.6357421875,-146.37879473940313,-159.6357421875,420000,0.0,0.0
2004-04-02 00:00:00+09:00,-165.71181500544313,-175.1021511890849,-160.18808783859504,-168.4736785888672,420000,0.0,0.0
2004-04-05 00:00:00+09:00,-172.34031471046242,-173.44506031758075,-162.94997704995646,-163.50234985351562,190000,0.0,0.0
2004-04-06 00:00:00+09:00,-165.71184925197326,-167.368967744493,-155.21676546601498,-160.74049377441406,150000,0.0,0.0
2004-04-07 00:00:00+09:00,-161.2928724016462,-161.2928724016462,-152.45490679059708,-154.66439819335938,120000,0.0,0.0
2004-04-08 00:00:00+09:00,-153.55962219238282,-165.71182250976562,-153.55962219238282,-165.71182250976562,140000,0.0,0.0
2004-04-09 00:00:00+09:00,-156.32143724468392,-160.74041780283753,-155.2166921051455,-156.87380981445312,90000,0.0,0.0
2004-04-12 00:00:00+09:00,-161.29285730355429,-163.5023484994934,-159.63573890659995,-161.84523010253906,50000,0.0,0.0
2004-04-13 00:00:00+09:00,-165.1594702908737,-167.92133434256056,-158.53099656682525,-159.6357421875,100000,0.0,0.0
2004-04-14 00:00:00+09:00,-159.6357421875,-164.05472467019896,-158.53099656682525,-159.6357421875,80000,0.0,0.0
2004-04-15 00:00:00+09:00,-163.502289900543,-163.502289900543,-155.21670088531278,-155.76907348632812,70000,0.0,0.0
2004-04-16 00:00:00+09:00,-157.42621921992802,-160.74045541403177,-154.66435572484156,-157.9785919189453,50000,0.0,0.0
2004-04-19 00:00:00+09:00,-160.18812670026506,-160.18812670026506,-149.69304253714424,-154.66439819335938,60000,0.0,0.0
2004-04-20 00:00:00+09:00,-154.66432270250823,-154.66432270250823,-146.9311065673828,-146.9311065673828,50000,0.0,0.0
2004-04-21 00:00:00+09:00,-149.14062667679002,-151.3501174423721,-146.93113591120795,-150.79774475097656,50000,0.0,0.0
2004-04-22 00:00:00+09:00,-151.90250245242342,-157.97860255052035,-151.90250245242342,-153.0072479248047,40000,0.0,0.0
2004-04-23 00:00:00+09:00,-157.9786072883053,-157.9786072883053,-152.4548797607422,-152.4548797607422,30000,0.0,0.0
2004-04-26 00:00:00+09:00,-154.66436613337657,-155.76911160575784,-150.79775698004215,-153.0072479248047,20000,0.0,0.0
2004-04-27 00:00:00+09:00,-153.00727964128765,-155.21677104404995,-151.90253393990653,-154.66439819335938,40000,0.0,0.0
2004-04-28 00:00:00+09:00,-155.7691438947405,-159.0833809988839,-151.90253393990653,-154.66439819335938,60000,0.0,0.0
2004-04-29 00:00:00+09:00,-154.66439819335938,-154.66439819335938,-154.66439819335938,-154.66439819335938,0,0.0,0.0
2004-04-30 00:00:00+09:00,-154.66436908583435,-167.3689422607422,-153.55962359236412,-167.3689422607422,150000,0.0,0.0
2004-05-03 00:00:00+09:00,-167.3689422607422,-167.3689422607422,-167.3689422607422,-167.3689422607422,0,0.0,0.0
2004-05-04 00:00:00+09:00,-167.3689422607422,-167.3689422607422,-167.3689422607422,-167.3689422607422,0,0.0,0.0
2004-05-05 00:00:00+09:00,-167.3689422607422,-167.3689422607422,-167.3689422607422,-167.3689422607422,0,0.0,0.0
2004-05-06 00:00:00+09:00,-170.13080135144685,-181.73062871631822,-164.60707403484145,-167.9213104248047,310000,0.0,0.0
2004-05-07 00:00:00+09:00,-168.47367532277187,-168.47367532277187,-164.60706638093777,-165.15943908691406,70000,0.0,0.0
2004-05-10 00:00:00+09:00,-163.5022980866609,-163.5022980866609,-143.06451082582825,-149.14060974121094,120000,0.0,0.0
2004-05-11 00:00:00+09:00,-140.3026848171068,-148.0359036652938,-127.04573822021484,-127.04573822021484,130000,0.0,0.0
2004-05-12 00:00:00+09:00,-138.0931571677879,-149.14060974121094,-138.0931571677879,-149.14060974121094,210000,0.0,0.0
2004-05-13 00:00:00+09:00,-142.51216735839844,-143.06454010009767,-136.43606719970703,-138.0931854248047,100000,0.0,0.0
2004-05-14 00:00:00+09:00,-134.77895706840184,-140.85505759197733,-123.17912879612135,-127.04573822021484,130000,0.0,0.0
2004-05-17 00:00:00+09:00,-120.9696148491894,-121.52198751973364,-104.95080740340633,-106.60792541503906,150000,0.0,0.0
2004-05-18 00:00:00+09:00,-110.47454973973265,-121.52200471370593,-110.47454973973265,-120.4172592163086,80000,0.0,0.0
2004-05-19 00:00:00+09:00,-125.94097648179235,-141.95978489395014,-125.94097648179235,-133.6741943359375,130000,0.0,0.0
2004-05-20 00:00:00+09:00,-135.33131244754003,-138.09317596687757,-127.04572188952737,-133.6741943359375,50000,0.0,0.0
2004-05-21 00:00:00+09:00,-135.33132934570312,-135.88370211854274,-133.67421102718433,-135.33132934570312,60000,0.0,0.0
2004-05-24 00:00:00+09:00,-137.54082187529534,-140.8550585469892,-136.9884490966797,-136.9884490966797,160000,0.0,0.0
2004-05-25 00:00:00+09:00,-135.33132816183155,-136.4360736978465,-127.04573664171942,-128.15048217773438,60000,0.0,0.0
2004-05-26 00:00:00+09:00,-130.35997935238046,-132.56947052784454,-126.49336979531834,-129.25523376464844,60000,0.0,0.0
2004-05-27 00:00:00+09:00,-130.35997486943782,-130.35997486943782,-126.49336544534434,-127.04573822021484,40000,0.0,0.0
2004-05-28 00:00:00+09:00,-130.35995649393632,-133.67419267598555,-128.1504657059035,-132.01707458496094,90000,0.0,0.0
2004-05-31 00:00:00+09:00,-132.56944728196913,-132.56944728196913,-129.2552110999199,-132.01707458496094,30000,0.0,0.0
2004-06-01 00:00:00+09:00,-130.35998460723133,-137.54083121695172,-130.35998460723133,-135.8837127685547,80000,0.0,0.0
2004-06-02 00:00:00+09:00,-135.33132325474617,-135.33132325474617,-132.01708676687485,-134.22657775878906,60000,0.0,0.0
2004-06-03 00:00:00+09:00,-129.80758666992188,-132.0170775068567,-128.70284125145446,-129.80758666992188,50000,0.0,0.0
2004-06-04 00:00:00+09:00,-129.8076004817568,-130.91234601777174,-128.15048217773438,-128.15048217773438,50000,0.0,0.0
2004-06-07 00:00:00+09:00,-134.22656703980502,-135.33131244754003,-130.35995811273244,-133.6741943359375,110000,0.0,0.0
2004-06-08 00:00:00+09:00,-135.33133174267766,-145.2740418298948,-135.33133174267766,-144.16929626464844,520000,0.0,0.0
2004-06-09 00:00:00+09:00,-141.95979314796932,-148.58826597978114,-136.98843852411048,-147.4835205078125,270000,0.0,0.0
2004-06-10 00:00:00+09:00,-146.93111922652633,-149.14060974121094,-143.06451082582825,-149.14060974121094,120000,0.0,0.0
2004-06-11 00:00:00+09:00,-149.14060856745792,-149.14060856745792,-142.5121370755709,-143.61688232421875,130000,0.0,0.0
2004-06-14 00:00:00+09:00,-143.61689120205966,-153.55959905450993,-143.61689120205966,-151.90248107910156,200000,0.0,0.0
2004-06-15 00:00:00+09:00,-151.90250245242342,-157.97860255052035,-150.24538424385153,-153.0072479248047,250000,0.0,0.0
2004-06-16 00:00:00+09:00,-154.66436613337657,-156.87385707813908,-151.3501297162328,-153.0072479248047,100000,0.0,0.0
2004-06-17 00:00:00+09:00,-153.00727964128765,-155.7691438947405,-151.90253393990653,-154.66439819335938,90000,0.0,0.0
2004-06-18 00:00:00+09:00,-155.21677104404995,-155.21677104404995,-151.90253393990653,-154.66439819335938,120000,0.0,0.0
2004-06-21 00:00:00+09:00,-154.6643471805812,-155.21671984908326,-148.03587515855628,-149.6929931640625,100000,0.0,0.0
2004-06-22 00:00:00+09:00,-150.79770563609566,-150.79770563609566,-146.9310977992727,-148.0358428955078,30000,0.0,0.0
2004-06-23 00:00:00+09:00,-151.3500781842132,-151.3500781842132,-148.0358428955078,-148.0358428955078,30000,0.0,0.0
2004-06-24 00:00:00+09:00,-150.24540441176472,-162.94997904952422,-149.69303160142735,-159.6357421875,370000,0.0,0.0
2004-06-25 00:00:00+09:00,-159.08333276622386,-159.63570544943994,-155.76909666692754,-158.5309600830078,70000,0.0,0.0
2004-06-28 00:00:00+09:00,-157.97856389038952,-158.53093649140487,-155.76907348632812,-155.76907348632812,50000,0.0,0.0
2004-06-29 00:00:00+09:00,-157.97861600084372,-164.05471661626078,-156.3214976511845,-162.39759826660156,210000,0.0,0.0
2004-06-30 00:00:00+09:00,-164.6070770263672,-169.57843170166018,-162.39758605957033,-165.71182250976562,340000,0.0,0.0
2004-07-01 00:00:00+09:00,-168.4736980754099,-175.65454422288641,-166.81657973368456,-173.44505310058594,490000,0.0,0.0
2004-07-02 00:00:00+09:00,-169.5784016180476,-181.1782271358945,-167.3689110432196,-180.6258544921875,510000,0.0,0.0
2004-07-05 00:00:00+09:00,-179.5211361096151,-184.49249064803521,-164.60707249435475,-166.26419067382812,410000,0.0,0.0
2004-07-06 00:00:00+09:00,-169.02601623535156,-175.65448746026732,-168.47364363327526,-169.02601623535156,180000,0.0,0.0
2004-07-07 00:00:00+09:00,-163.50234383304104,-168.47369888201862,-155.76912486796476,-162.39759826660156,190000,0.0,0.0
2004-07-08 00:00:00+09:00,-165.15947642113335,-167.92134057533292,-159.08337528189435,-160.74049377441406,160000,0.0,0.0
2004-07-09 00:00:00+09:00,-159.083349609375,-167.92131347656252,-159.083349609375,-165.71182250976562,80000,0.0,0.0
2004-07-12 00:00:00+09:00,-164.0546802748118,-167.92128890081747,-163.50230761395386,-166.81654357910156,110000,0.0,0.0
2004-07-13 00:00:00+09:00,-165.71181475105934,-165.71181475105934,-162.39757845603813,-162.949951171875,70000,0.0,0.0
2004-07-14 00:00:00+09:00,-164.05473075945355,-165.71184925197326,-160.74049377441406,-160.74049377441406,110000,0.0,0.0
2004-07-15 00:00:00+09:00,-165.15940770358904,-166.8165255066351,-155.21670088531278,-155.76907348632812,170000,0.0,0.0
2004-07-16 00:00:00+09:00,-154.6643382105334,-162.94992775752627,-146.37874866354053,-160.1880645751953,150000,0.0,0.0
2004-07-19 00:00:00+09:00,-160.1880645751953,-160.1880645751953,-160.1880645751953,-160.1880645751953,0,0.0,0.0
2004-07-20 00:00:00+09:00,-159.08331363990212,-159.08331363990212,-154.6643327054604,-155.21670532226562,50000,0.0,0.0
2004-07-21 00:00:00+09:00,-156.32145055587605,-159.63568625670734,-155.21670532226562,-155.21670532226562,70000,0.0,0.0
2004-07-22 00:00:00+09:00,-155.76906467491472,-157.42618238422233,-151.90245668653031,-156.87380981445312,30000,0.0,0.0
2004-07-23 00:00:00+09:00,-157.42619578948648,-158.53094102309691,-153.00721485504477,-155.21670532226562,50000,0.0,0.0
2004-07-26 00:00:00+09:00,-156.32149522081554,-156.32149522081554,-150.79776747449696,-153.55963134765625,40000,0.0,0.0
2004-07-27 00:00:00+09:00,-149.69300605068688,-150.79775148279526,-131.46470642089844,-131.46470642089844,220000,0.0,0.0
2004-07-28 00:00:00+09:00,-135.88368709788602,-141.9597869274663,-131.46470540364584,-140.85504150390625,160000,0.0,0.0
2004-07-29 00:00:00+09:00,-141.40743522970087,-141.95980802356686,-127.59811538305038,-129.25523376464844,140000,0.0,0.0
2004-07-30 00:00:00+09:00,-131.464726315269,-135.3313359127769,-129.25523511669303,-130.912353515625,50000,0.0,0.0
2004-08-02 00:00:00+09:00,-134.22656580913497,-138.09317470075615,-132.56944771272592,-137.54080200195312,50000,0.0,0.0
2004-08-03 00:00:00+09:00,-137.54082043706154,-137.54082043706154,-133.67421102718433,-135.33132934570312,50000,0.0,0.0
2004-08-04 00:00:00+09:00,-130.9123236775881,-136.98842308878417,-122.07436089766654,-136.43605041503906,90000,0.0,0.0
2004-08-05 00:00:00+09:00,-138.0931854248047,-141.407421875,-136.43606719970703,-138.0931854248047,80000,0.0,0.0
2004-08-06 00:00:00+09:00,-132.5694423334144,-141.95977783203125,-130.3599516278575,-141.95977783203125,70000,0.0,0.0
2004-08-09 00:00:00+09:00,-138.0931370293916,-149.14058799174296,-138.0931370293916,-148.0358428955078,110000,0.0,0.0
2004-08-10 00:00:00+09:00,-149.14060974121094,-153.007218141909,-148.03586448386864,-149.14060974121094,70000,0.0,0.0
2004-08-11 00:00:00+09:00,-153.00727721722455,-153.559650059164,-149.1406673236485,-151.35015869140625,90000,0.0,0.0
2004-08-12 00:00:00+09:00,-148.03590574301066,-149.6930240908802,-142.5121779167789,-144.16929626464844,120000,0.0,0.0
2004-08-13 00:00:00+09:00,-143.61689872892478,-143.61689872892478,-139.19791722957325,-139.7502899169922,80000,0.0,0.0
2004-08-16 00:00:00+09:00,-143.61691435027032,-145.27403259277344,-140.85505061276513,-145.27403259277344,60000,0.0,0.0
2004-08-17 00:00:00+09:00,-145.27403743683345,-145.27403743683345,-138.09319147987972,-139.19793701171875,90000,0.0,0.0
2004-08-18 00:00:00+09:00,-136.98845431170886,-137.54082711135285,-127.0457439181171,-130.912353515625,200000,0.0,0.0
2004-08-19 00:00:00+09:00,-133.12183074951173,-139.75030364990235,-131.46471252441407,-138.0931854248047,140000,0.0,0.0
2004-08-20 00:00:00+09:00,-138.64554739955918,-139.75029279716523,-134.778938507938,-137.54080200195312,100000,0.0,0.0
2004-08-23 00:00:00+09:00,-144.1693055730989,-146.37879684624986,-141.40744148166024,-143.06455993652344,330000,0.0,0.0
2004-08-24 00:00:00+09:00,-141.95972773825477,-144.7215901456138,-141.40735525678295,-142.51210021972656,240000,0.0,0.0
2004-08-25 00:00:00+09:00,-143.61693275481116,-144.72167839138663,-141.40744148166024,-143.06455993652344,190000,0.0,0.0
2004-08-26 00:00:00+09:00,-143.61690044403076,-143.61690044403076,-140.85503697395325,-141.40740966796875,80000,0.0,0.0
2004-08-27 00:00:00+09:00,-142.51211741433215,-149.6929605398605,-142.51211741433215,-148.0358428955078,290000,0.0,0.0
2004-08-30 00:00:00+09:00,-150.24536310369317,-154.1119717129794,-149.69299044522373,-151.90248107910156,310000,0.0,0.0
2004-08-31 00:00:00+09:00,-151.9025070079859,-152.4548797607422,-146.93115223317906,-152.4548797607422,880000,0.0,0.0
2004-09-01 00:00:00+09:00,-153.0072479248047,-156.32148434194846,-152.45487518861404,-153.0072479248047,380000,0.0,0.0
2004-09-02 00:00:00+09:00,-154.11199801901114,-154.11199801901114,-150.24538874971694,-152.4548797607422,210000,0.0,0.0
2004-09-03 00:00:00+09:00,-153.007218141909,-153.55959077058014,-148.5882371125398,-149.14060974121094,120000,0.0,0.0
2004-09-06 00:00:00+09:00,-146.9310977992727,-148.0358428955078,-144.72160760680242,-148.0358428955078,100000,0.0,0.0
2004-09-07 00:00:00+09:00,-148.0358932437968,-148.0358932437968,-146.37877503584386,-147.4835205078125,50000,0.0,0.0
2004-09-08 00:00:00+09:00,-148.03587515855628,-150.79773850106665,-146.93112982155213,-149.6929931640625,70000,0.0,0.0
2004-09-09 00:00:00+09:00,-149.69298119178185,-150.24535381610576,-141.959764451247,-143.61688232421875,70000,0.0,0.0
2004-09-10 00:00:00+09:00,-141.4074108935743,-143.0645289899834,-135.88368390554405,-137.54080200195312,220000,0.0,0.0
2004-09-13 00:00:00+09:00,-139.19791099274775,-140.30265631808703,-137.54079300473884,-138.64553833007812,110000,0.0,0.0
2004-09-14 00:00:00+09:00,-139.75031152841996,-139.75031152841996,-133.1218382543447,-135.33132934570312,90000,0.0,0.0
2004-09-15 00:00:00+09:00,-134.226572994582,-134.226572994582,-125.38860934061775,-126.49335479736328,240000,0.0,0.0
2004-09-16 00:00:00+09:00,-127.59810333251954,-134.7789489746094,-127.59810333251954,-132.5694580078125,230000,0.0,0.0
2004-09-17 00:00:00+09:00,-134.77895539382408,-135.33132816183155,-128.15048217773438,-128.15048217773438,100000,0.0,0.0
2004-09-20 00:00:00+09:00,-128.15048217773438,-128.15048217773438,-128.15048217773438,-128.15048217773438,0,0.0,0.0
2004-09-21 00:00:00+09:00,-128.15045525045954,-128.7028279024012,-121.52198342715992,-122.07435607910156,160000,0.0,0.0
2004-09-22 00:00:00+09:00,-121.52200628209997,-121.52200628209997,-116.55065147965043,-119.31251525878906,210000,0.0,0.0
2004-09-23 00:00:00+09:00,-119.31251525878906,-119.31251525878906,-119.31251525878906,-119.31251525878906,0,0.0,0.0
2004-09-24 00:00:00+09:00,-119.31251220703126,-119.86488494873048,-116.55064849853517,-118.76013946533203,150000,0.0,0.0
2004-09-27 00:00:00+09:00,-157.62705758901743,-159.7863323505108,-153.30850806603064,-159.0665740966797,100000,500.0,0.0
2004-09-28 00:00:00+09:00,-158.34683479519066,-158.34683479519066,-154.74804309529995,-156.90731811523438,130000,0.0,0.0
2004-09-29 00:00:00+09:00,-159.7863288606916,-161.22584533691406,-154.74802119391305,-161.22584533691406,90000,0.0,0.0
2004-09-30 00:00:00+09:00,-161.94560357502527,-163.38512005124772,-159.06657062258037,-161.22584533691406,70000,0.0,0.0
2004-10-01 00:00:00+09:00,-163.3851294371759,-164.82464599609375,-162.66537115771698,-164.82464599609375,40000,0.0,0.0
2004-10-04 00:00:00+09:00,-170.5827256190924,-176.3407923066567,-169.86296728314687,-174.90127563476562,210000,0.0,0.0
2004-10-05 00:00:00+09:00,-175.6210056162474,-175.6210056162474,-170.58269807807636,-173.46173095703125,80000,0.0,0.0
2004-10-06 00:00:00+09:00,-172.74198438300462,-177.06053399257974,-170.58270957821705,-175.6210174560547,150000,0.0,0.0
2004-10-07 00:00:00+09:00,-174.1815586245157,-178.50010966479294,-174.1815586245157,-177.0605926513672,90000,0.0,0.0
2004-10-08 00:00:00+09:00,-174.9012903550092,-184.9779079063266,-173.46177356196384,-183.53839111328125,130000,0.0,0.0
2004-10-11 00:00:00+09:00,-183.53839111328125,-183.53839111328125,-183.53839111328125,-183.53839111328125,0,0.0,0.0
2004-10-12 00:00:00+09:00,-182.09888372113627,-182.09888372113627,-178.50009155273438,-178.50009155273438,50000,0.0,0.0
2004-10-13 00:00:00+09:00,-176.34079990616763,-181.37910847491528,-176.34079990616763,-179.21983337402344,60000,0.0,0.0
2004-10-14 00:00:00+09:00,-176.34080902604035,-179.219842642792,-172.0222586009128,-174.18153381347656,90000,0.0,0.0
2004-10-15 00:00:00+09:00,-169.14320622390943,-169.14320622390943,-166.2641729264812,-167.7036895751953,100000,0.0,0.0
2004-10-18 00:00:00+09:00,-169.14316545452988,-169.14316545452988,-163.38510024756715,-164.1048583984375,50000,0.0,0.0
2004-10-19 00:00:00+09:00,-166.26416015625,-167.70367669439938,-164.82464361810065,-166.26416015625,40000,0.0,0.0
2004-10-20 00:00:00+09:00,-164.10488771663483,-165.54440427555267,-162.66537115771698,-164.82464599609375,80000,0.0,0.0
2004-10-21 00:00:00+09:00,-162.6653759765625,-164.104892578125,-161.94561767578125,-161.94561767578125,40000,0.0,0.0
2004-10-22 00:00:00+09:00,-161.94560357502527,-162.66536181313649,-157.62705414635792,-161.22584533691406,50000,0.0,0.0
2004-10-25 00:00:00+09:00,-156.9072959082467,-161.94560357502527,-155.46777943202426,-161.22584533691406,50000,0.0,0.0
2004-10-26 00:00:00+09:00,-159.06662985543224,-159.06662985543224,-152.58880330023362,-154.0283203125,110000,0.0,0.0
2004-10-27 00:00:00+09:00,-154.74810481620824,-159.78641520557318,-154.0283461891561,-156.1876220703125,120000,0.0,0.0
2004-10-28 00:00:00+09:00,-160.5061354078688,-161.22589386261262,-157.62710158889357,-159.786376953125,70000,0.0,0.0
2004-10-29 00:00:00+09:00,-158.34681820107377,-159.0665764656241,-155.46778514287243,-157.62705993652344,50000,0.0,0.0
2004-11-01 00:00:00+09:00,-157.62708560889365,-157.62708560889365,-148.9899850275844,-151.8690185546875,100000,0.0,0.0
2004-11-02 00:00:00+09:00,-151.86904479410046,-156.1875958308995,-151.14928628796727,-154.0283203125,150000,0.0,0.0
2004-11-03 00:00:00+09:00,-154.0283203125,-154.0283203125,-154.0283203125,-154.0283203125,0,0.0,0.0
2004-11-04 00:00:00+09:00,-156.90733783012996,-163.38516370385094,-155.4678209693031,-162.6654052734375,120000,0.0,0.0
2004-11-05 00:00:00+09:00,-164.82464480192766,-166.98391962466033,-164.10488652768345,-165.54440307617188,80000,0.0,0.0
2004-11-08 00:00:00+09:00,-162.66541077210022,-164.82468613633165,-158.34686004363738,-159.786376953125,110000,0.0,0.0
2004-11-09 00:00:00+09:00,-165.54443650573265,-188.57670593261722,-164.10491966655238,-188.5767059326172,1010000,0.0,0.0
2004-11-10 00:00:00+09:00,-187.85694751302705,-190.73598119138762,-181.37912173671577,-188.5767059326172,640000,0.0,0.0
2004-11-11 00:00:00+09:00,-191.4557497236464,-217.36705419752334,-190.7359912660387,-207.29043579101562,1920000,0.0,0.0
2004-11-12 00:00:00+09:00,-209.44966552734374,-222.40531494140623,-194.3347412109375,-197.93353271484375,2340000,0.0,0.0
2004-11-15 00:00:00+09:00,-203.6915642202717,-215.20769505958035,-199.37301515553096,-210.1693878173828,640000,0.0,0.0
2004-11-16 00:00:00+09:00,-205.13113148121053,-209.44968161765706,-199.37306463261515,-206.57064819335938,330000,0.0,0.0
2004-11-17 00:00:00+09:00,-203.69159614299906,-210.88917904557852,-200.09280469170932,-208.7299041748047,270000,0.0,0.0
2004-11-18 00:00:00+09:00,-210.8892280790541,-210.8892280790541,-205.13116041819256,-207.29043579101562,110000,0.0,0.0
2004-11-19 00:00:00+09:00,-208.0101507760428,-216.64725046224527,-202.97184262575803,-205.8508758544922,600000,0.0,0.0
2004-11-22 00:00:00+09:00,-201.53226926554217,-203.69154357910153,-201.53226926554217,-203.69154357910156,80000,0.0,0.0
2004-11-23 00:00:00+09:00,-203.69154357910153,-203.69154357910153,-203.69154357910153,-203.69154357910156,0,0.0,0.0
2004-11-24 00:00:00+09:00,-204.41135742187498,-204.41135742187498,-197.2137744140625,-197.93353271484375,90000,0.0,0.0
2004-11-25 00:00:00+09:00,-189.29642888119346,-194.33473687422904,-185.6976374575966,-191.45570373535156,430000,0.0,0.0
2004-11-26 00:00:00+09:00,-193.61504689384907,-197.2138395870433,-192.17552981657138,-195.77432250976562,170000,0.0,0.0
2004-11-29 00:00:00+09:00,-196.49403381347656,-196.49403381347656,-190.7359668885395,-196.49403381347656,60000,0.0,0.0
2004-11-30 00:00:00+09:00,-193.61500035100804,-197.2137921790937,-193.61500035100804,-196.49403381347656,100000,0.0,0.0
2004-12-01 00:00:00+09:00,-194.33476127821578,-196.4940364035293,-193.6150029031113,-195.0545196533203,80000,0.0,0.0
2004-12-02 00:00:00+09:00,-197.21382816859654,-202.97189614432196,-196.49406967163085,-201.53237915039062,90000,0.0,0.0
2004-12-03 00:00:00+09:00,-201.53233463191646,-201.53233463191646,-197.9335429420608,-200.8125762939453,90000,0.0,0.0
2004-12-06 00:00:00+09:00,-201.53234237279648,-202.97185910403073,-196.49403381347656,-196.49403381347656,110000,0.0,0.0
2004-12-07 00:00:00+09:00,-196.4940299987793,-202.25209681193033,-196.4940299987793,-198.65330505371094,120000,0.0,0.0
2004-12-08 00:00:00+09:00,-198.6532927826568,-208.72990908322635,-198.6532927826568,-205.8508758544922,350000,0.0,0.0
2004-12-09 00:00:00+09:00,-206.5706469217936,-206.5706469217936,-197.21378835042316,-198.65330505371094,240000,0.0,0.0
2004-12-10 00:00:00+09:00,-198.65330128003194,-202.25209296988757,-196.49402626611854,-200.8125762939453,90000,0.0,0.0
2004-12-13 00:00:00+09:00,-203.69157523297247,-205.13109166571434,-200.81254236748876,-202.97181701660156,70000,0.0,0.0
2004-12-14 00:00:00+09:00,-202.9718334700289,-203.69159174474532,-199.37304209644682,-202.2520751953125,30000,0.0,0.0
2004-12-15 00:00:00+09:00,-202.97183125813802,-202.97183125813802,-192.8952155219184,-194.33473205566406,110000,0.0,0.0
2004-12-16 00:00:00+09:00,-190.0162435198362,-195.0545530071046,-190.0162435198362,-193.6150360107422,130000,0.0,0.0
2004-12-17 00:00:00+09:00,-194.3347821132742,-202.97188354053085,-194.3347821132742,-200.0928497314453,100000,0.0,0.0
2004-12-20 00:00:00+09:00,-202.25208552845737,-205.85087708590325,-200.09281059398987,-205.13111877441406,70000,0.0,0.0
2004-12-21 00:00:00+09:00,-204.4113334493434,-205.13109166571434,-201.5323005838597,-202.97181701660156,40000,0.0,0.0
2004-12-22 00:00:00+09:00,-205.13112001016106,-205.8508783259862,-201.53232843103544,-204.41136169433594,120000,0.0,0.0
2004-12-23 00:00:00+09:00,-204.41136169433594,-204.41136169433594,-204.41136169433594,-204.41136169433594,0,0.0,0.0
2004-12-24 00:00:00+09:00,-205.13110829417815,-205.13110829417815,-201.53231692059606,-202.2520751953125,40000,0.0,0.0
2004-12-27 00:00:00+09:00,-200.0928179559742,-202.9718513078587,-200.0928179559742,-200.8125762939453,30000,0.0,0.0
2004-12-28 00:00:00+09:00,-199.37306213378906,-202.97185386905602,-197.9335454396823,-199.37306213378906,60000,0.0,0.0
2004-12-29 00:00:00+09:00,-201.5322896879013,-212.3286623497532,-201.5322896879013,-210.1693878173828,240000,0.0,0.0
2004-12-30 00:00:00+09:00,-208.72993078654946,-210.88920593261722,-206.5706556404817,-210.8892059326172,100000,0.0,0.0
2004-12-31 00:00:00+09:00,-210.88920593261722,-210.88920593261722,-210.88920593261722,-210.8892059326172,0,0.0,0.0
2005-01-03 00:00:00+09:00,-210.88920593261722,-210.88920593261722,-210.88920593261722,-210.8892059326172,0,0.0,0.0
2005-01-04 00:00:00+09:00,-211.60896648746908,-220.246067160427,-210.16944970864276,-218.0867919921875,190000,0.0,0.0
2005-01-05 00:00:00+09:00,-218.08676974572867,-236.0807276455413,-215.92749479775117,-231.04241943359375,890000,0.0,0.0
2005-01-06 00:00:00+09:00,-227.4436430205805,-228.88315974855888,-218.80654265271036,-222.40533447265625,280000,0.0,0.0
2005-01-07 00:00:00+09:00,-223.12509938290245,-224.5646161531147,-214.4879987616288,-218.80654907226562,270000,0.0,0.0
2005-01-10 00:00:00+09:00,-218.80654907226562,-218.80654907226562,-218.80654907226562,-218.80654907226562,0,0.0,0.0
2005-01-11 00:00:00+09:00,-220.24604305144277,-223.1250762939453,-218.80652643019152,-223.1250762939453,70000,0.0,0.0
2005-01-12 00:00:00+09:00,-221.6855504770748,-222.40530875784452,-218.8065173539959,-219.52627563476562,40000,0.0,0.0
2005-01-13 00:00:00+09:00,-218.08675907322618,-219.52627563476562,-216.64724251168673,-219.52627563476562,40000,0.0,0.0
2005-01-14 00:00:00+09:00,-217.36703889266303,-219.52631411345106,-215.207763671875,-215.207763671875,110000,0.0,0.0
2005-01-17 00:00:00+09:00,-215.927484230917,-220.96579219630507,-215.927484230917,-219.52627563476562,90000,0.0,0.0
2005-01-18 00:00:00+09:00,-223.1250762939453,-229.60290108957597,-219.52628474081715,-223.1250762939453,170000,0.0,0.0
2005-01-19 00:00:00+09:00,-220.24607388285185,-220.9658322942337,-214.4880065917969,-214.48800659179688,220000,0.0,0.0
2005-01-20 00:00:00+09:00,-216.64727521336118,-219.52630877101384,-215.20775843453487,-218.0867919921875,100000,0.0,0.0
2005-01-21 00:00:00+09:00,-218.0867906871595,-221.68558261269015,-217.36703230205333,-218.80654907226562,80000,0.0,0.0
2005-01-24 00:00:00+09:00,-217.3670068359375,-219.52628173828123,-215.20773193359375,-215.927490234375,100000,0.0,0.0
2005-01-25 00:00:00+09:00,-215.927490234375,-217.3670068359375,-215.20773193359375,-215.927490234375,60000,0.0,0.0
2005-01-26 00:00:00+09:00,-216.6472804857337,-217.36703889266303,-214.48800526494563,-215.207763671875,90000,0.0,0.0
2005-01-27 00:00:00+09:00,-215.92752611314927,-215.92752611314927,-212.32873401126346,-213.04849243164062,70000,0.0,0.0
2005-01-28 00:00:00+09:00,-210.1694501634316,-210.88920855440227,-208.01017499051963,-209.44969177246094,90000,0.0,0.0
2005-01-31 00:00:00+09:00,-210.1694501634316,-211.6089669453729,-208.7299333814903,-209.44969177246094,80000,0.0,0.0
2005-02-01 00:00:00+09:00,-209.44962963992603,-210.8891459948396,-209.44962963992603,-210.1693878173828,90000,0.0,0.0
2005-02-02 00:00:00+09:00,-212.32875061035156,-215.2077845169326,-208.72995822712528,-212.32875061035156,120000,0.0,0.0
2005-02-03 00:00:00+09:00,-223.12512776003047,-223.12512776003047,-212.32875061035156,-212.32875061035156,300000,0.0,0.0
2005-02-04 00:00:00+09:00,-212.32870236791746,-213.76821899414062,-208.72991080235954,-213.76821899414062,120000,0.0,0.0
2005-02-07 00:00:00+09:00,-214.48800927239495,-214.48800927239495,-213.04849243164062,-213.04849243164062,50000,0.0,0.0
2005-02-08 00:00:00+09:00,-192.8952634343841,-195.77429721698687,-184.25816208657585,-184.97792053222656,920000,0.0,0.0
2005-02-09 00:00:00+09:00,-187.85694885253906,-189.2964657019838,-175.62105563225876,-187.85694885253906,890000,0.0,0.0
2005-02-10 00:00:00+09:00,-190.01625420065486,-196.49408104840444,-187.85697858473833,-195.77432250976562,430000,0.0,0.0
2005-02-11 00:00:00+09:00,-195.7743225097656,-195.7743225097656,-195.7743225097656,-195.77432250976562,0,0.0,0.0
2005-02-14 00:00:00+09:00,-197.2137947786338,-199.3730699039473,-193.6150029031113,-195.0545196533203,260000,0.0,0.0
2005-02-15 00:00:00+09:00,-194.3347510862886,-195.05450942364524,-189.29644272479226,-192.17547607421875,240000,0.0,0.0
2005-02-16 00:00:00+09:00,-189.2964657019838,-191.45574097615093,-187.1371904278167,-187.85694885253906,110000,0.0,0.0
2005-02-17 00:00:00+09:00,-185.69766630284926,-186.41742469937194,-182.81863271675857,-183.53839111328125,180000,0.0,0.0
2005-02-18 00:00:00+09:00,-182.09886169433594,-182.81862004095387,-178.50006996124628,-182.09886169433594,120000,0.0,0.0
2005-02-21 00:00:00+09:00,-183.53836260343851,-192.17546202007094,-182.0988460339998,-191.45570373535156,220000,0.0,0.0
2005-02-22 00:00:00+09:00,-189.29643619243916,-191.4557111299955,-186.41740294236405,-187.1371612548828,160000,0.0,0.0
2005-02-23 00:00:00+09:00,-186.41740294236405,-188.5766778799204,-185.69764462984526,-187.1371612548828,110000,0.0,0.0
2005-02-24 00:00:00+09:00,-187.8569195674016,-187.8569195674016,-183.5383696922889,-187.1371612548828,130000,0.0,0.0
2005-02-25 00:00:00+09:00,-187.1371612548828,-189.29643619243916,-184.9778863173265,-187.1371612548828,120000,0.0,0.0
2005-02-28 00:00:00+09:00,-189.29644648234049,-194.33475494384766,-188.5766881306966,-190.01620483398438,220000,0.0,0.0
2005-03-01 00:00:00+09:00,-192.1754572550456,-194.33473205566406,-189.29642418755427,-194.33473205566406,140000,0.0,0.0
2005-03-02 00:00:00+09:00,-195.77425072286476,-203.69159174474532,-195.77425072286476,-202.2520751953125,360000,0.0,0.0
2005-03-03 00:00:00+09:00,-200.8125762939453,-202.25209296988757,-199.37305961800305,-200.8125762939453,110000,0.0,0.0
2005-03-04 00:00:00+09:00,-200.09284973144528,-200.8126081837167,-198.65333282690253,-200.0928497314453,70000,0.0,0.0
2005-03-07 00:00:00+09:00,-202.25209296988757,-202.25209296988757,-199.37305961800305,-200.8125762939453,90000,0.0,0.0
2005-03-08 00:00:00+09:00,-200.81258400717934,-200.81258400717934,-195.05451708224228,-196.49403381347656,100000,0.0,0.0
2005-03-09 00:00:00+09:00,-195.77424858940972,-197.21376512315538,-193.61497378879125,-194.33473205566406,110000,0.0,0.0
2005-03-10 00:00:00+09:00,-188.5767099977,-190.73598530301715,-186.4174346923828,-186.4174346923828,320000,0.0,0.0
2005-03-11 00:00:00+09:00,-187.13719312748853,-188.5767099977,-186.4174346923828,-186.4174346923828,190000,0.0,0.0
2005-03-14 00:00:00+09:00,-191.4557177368621,-194.3347510862886,-190.01620106214887,-192.17547607421875,220000,0.0,0.0
2005-03-15 00:00:00+09:00,-196.49400685628257,-196.49400685628257,-193.61497378879125,-194.33473205566406,180000,0.0,0.0
2005-03-16 00:00:00+09:00,-195.05449272269635,-195.05449272269635,-191.4557013440488,-192.8952178955078,180000,0.0,0.0
2005-03-17 00:00:00+09:00,-190.73596318562824,-191.45572153727213,-190.01620483398438,-190.01620483398438,120000,0.0,0.0
2005-03-18 00:00:00+09:00,-190.01620106214887,-192.89523441157536,-189.29644272479226,-192.17547607421875,150000,0.0,0.0
2005-03-21 00:00:00+09:00,-192.17547607421875,-192.17547607421875,-192.17547607421875,-192.17547607421875,0,0.0,0.0
2005-03-22 00:00:00+09:00,-191.4557177368621,-194.3347510862886,-191.4557177368621,-192.17547607421875,140000,0.0,0.0
2005-03-23 00:00:00+09:00,-193.6150218800348,-193.6150218800348,-182.81864519527448,-184.97792053222656,310000,0.0,0.0
2005-03-24 00:00:00+09:00,-184.97794011634167,-185.69769863819513,-182.81866455078125,-182.81866455078125,110000,0.0,0.0
2005-03-25 00:00:00+09:00,-182.81864519527448,-184.97792053222656,-182.81864519527448,-184.97792053222656,110000,0.0,0.0
2005-03-28 00:00:00+09:00,-307.51101932969203,-307.51101932969203,-303.9764099121094,-303.9764099121094,80000,1000.0,0.0
2005-03-29 00:00:00+09:00,-306.33281619049785,-307.51101932969203,-303.9764099121094,-303.9764099121094,130000,0.0,0.0
2005-03-30 00:00:00+09:00,-302.7982626451334,-305.1546693583251,-296.9072458621541,-298.08544921875,120000,0.0,0.0
2005-03-31 00:00:00+09:00,-295.7289757267121,-296.9071788172568,-289.83796027398876,-292.1943664550781,170000,0.0,0.0
2005-04-01 00:00:00+09:00,-292.194429397583,-301.62005615234375,-292.194429397583,-301.62005615234375,230000,0.0,0.0
2005-04-04 00:00:00+09:00,-300.44183349609375,-302.798240033318,-298.08542695886945,-300.44183349609375,100000,0.0,0.0
2005-04-05 00:00:00+09:00,-303.97639895406013,-306.3328051475024,-301.6199927606178,-305.15460205078125,80000,0.0,0.0
2005-04-06 00:00:00+09:00,-307.5110527554849,-315.7584756263217,-306.3328494882225,-313.4020690917969,230000,0.0,0.0
2005-04-07 00:00:00+09:00,-313.40202523690687,-319.29304074887875,-312.22382213451243,-318.1148376464844,150000,0.0,0.0
2005-04-08 00:00:00+09:00,-318.11484865096423,-319.29305179411597,-312.2238329352056,-316.9366455078125,140000,0.0,0.0
2005-04-11 00:00:00+09:00,-314.5802723590593,-315.7584756263217,-309.8674592900097,-313.4020690917969,90000,0.0,0.0
2005-04-12 00:00:00+09:00,-311.045654296875,-312.223857532848,-309.867451060902,-311.045654296875,40000,0.0,0.0
2005-04-13 00:00:00+09:00,-309.8674621582031,-313.40207199270736,-308.6892588800351,-309.8674621582031,30000,0.0,0.0
2005-04-14 00:00:00+09:00,-306.33285232369894,-309.8674621582031,-305.15464904553085,-309.8674621582031,70000,0.0,0.0
2005-04-15 00:00:00+09:00,-305.15461058634907,-308.6892199753801,-305.15461058634907,-307.5110168457031,80000,0.0,0.0
2005-04-18 00:00:00+09:00,-298.08547069408274,-299.26367413556136,-282.76882595486114,-286.3034362792969,120000,0.0,0.0
2005-04-19 00:00:00+09:00,-286.30340278439405,-293.37262260623095,-286.30340278439405,-289.8380126953125,110000,0.0,0.0
2005-04-20 00:00:00+09:00,-298.0855025941157,-299.2637061616814,-294.5508918914187,-295.7290954589844,80000,0.0,0.0
2005-04-21 00:00:00+09:00,-294.55078625288166,-294.55078625288166,-286.30336423780096,-287.4815673828125,130000,0.0,0.0
2005-04-22 00:00:00+09:00,-296.9071719395975,-305.1545933823641,-293.3725627498404,-302.7981872558594,100000,0.0,0.0
2005-04-25 00:00:00+09:00,-300.44183349609375,-300.44183349609375,-296.90722369025735,-300.44183349609375,30000,0.0,0.0
2005-04-26 00:00:00+09:00,-300.44178112935464,-302.7981872558594,-299.2635780661023,-302.7981872558594,100000,0.0,0.0
2005-04-27 00:00:00+09:00,-298.08540178781533,-300.4418081260589,-293.3725891113281,-293.3725891113281,90000,0.0,0.0
2005-04-28 00:00:00+09:00,-295.7290954589844,-299.2637061616814,-293.372688323853,-295.7290954589844,40000,0.0,0.0
2005-04-29 00:00:00+09:00,-295.7290954589844,-295.7290954589844,-295.7290954589844,-295.7290954589844,0,0.0,0.0
2005-05-02 00:00:00+09:00,-295.7290425055583,-299.2636525753459,-294.55083914896244,-298.08544921875,50000,0.0,0.0
2005-05-03 00:00:00+09:00,-298.08544921875,-298.08544921875,-298.08544921875,-298.08544921875,0,0.0,0.0
2005-05-04 00:00:00+09:00,-298.08544921875,-298.08544921875,-298.08544921875,-298.08544921875,0,0.0,0.0
2005-05-05 00:00:00+09:00,-298.08544921875,-298.08544921875,-298.08544921875,-298.08544921875,0,0.0,0.0
2005-05-06 00:00:00+09:00,-299.2635849983461,-299.2635849983461,-289.83796027398876,-292.1943664550781,260000,0.0,0.0
2005-05-09 00:00:00+09:00,-292.19440809242155,-293.37261135085873,-289.8380015755472,-291.0162048339844,110000,0.0,0.0
2005-05-10 00:00:00+09:00,-309.86748325123506,-333.43155041862934,-307.5110765344956,-320.4713134765625,1590000,0.0,0.0
2005-05-11 00:00:00+09:00,-316.93664648873465,-332.25328739711216,-315.7584433419364,-329.8968811035156,430000,0.0,0.0
2005-05-12 00:00:00+09:00,-332.2533153089112,-339.32253478356887,-329.8969088173586,-333.4315185546875,410000,0.0,0.0
2005-05-13 00:00:00+09:00,-333.4314990753823,-333.4314990753823,-327.5404831906582,-332.2532958984375,160000,0.0,0.0
2005-05-16 00:00:00+09:00,-328.7186883954859,-342.85712660604446,-314.5802501849274,-315.7584533691406,410000,0.0,0.0
2005-05-17 00:00:00+09:00,-324.0058531584563,-326.3622593632451,-316.93663454409,-318.1148376464844,150000,0.0,0.0
2005-05-18 00:00:00+09:00,-318.1148821608465,-319.29308542810884,-307.5110527554849,-313.4020690917969,170000,0.0,0.0
2005-05-19 00:00:00+09:00,-316.936640625,-326.36226562499996,-312.223828125,-324.005859375,80000,0.0,0.0
2005-05-20 00:00:00+09:00,-328.7187141362768,-328.7187141362768,-318.1148846480098,-322.82769775390625,70000,0.0,0.0
2005-05-23 00:00:00+09:00,-322.8276647023776,-328.71868048161804,-318.1148520789852,-326.3622741699219,80000,0.0,0.0
2005-05-24 00:00:00+09:00,-324.00586436672285,-324.00586436672285,-316.9366455078125,-316.9366455078125,50000,0.0,0.0
2005-05-25 00:00:00+09:00,-318.11487371271306,-318.11487371271306,-308.68924782492894,-311.045654296875,70000,0.0,0.0
2005-05-26 00:00:00+09:00,-314.5802501849274,-321.6494692902067,-309.86743744807455,-315.7584533691406,130000,0.0,0.0
2005-05-27 00:00:00+09:00,-315.7584756263217,-316.9366788935841,-309.8674592900097,-313.4020690917969,90000,0.0,0.0
2005-05-30 00:00:00+09:00,-315.7584890288748,-326.36231888432206,-315.7584890288748,-321.6495056152344,160000,0.0,0.0
2005-05-31 00:00:00+09:00,-321.649453125,-324.005859375,-319.293046875,-324.005859375,50000,0.0,0.0
2005-06-01 00:00:00+09:00,-322.8277089325063,-325.1841155670501,-320.4713022979625,-321.6495056152344,40000,0.0,0.0
2005-06-02 00:00:00+09:00,-321.64944695366756,-321.64944695366756,-316.93663454409,-318.1148376464844,30000,0.0,0.0
2005-06-03 00:00:00+09:00,-319.2930879244839,-325.18410430685446,-319.2930879244839,-322.82769775390625,80000,0.0,0.0
2005-06-06 00:00:00+09:00,-320.4713134765625,-322.8277201933019,-319.29311011819277,-320.4713134765625,40000,0.0,0.0
2005-06-07 00:00:00+09:00,-320.4712328470941,-322.8276389709698,-318.1148267232184,-319.29302978515625,70000,0.0,0.0
2005-06-08 00:00:00+09:00,-319.2931360823385,-319.2931360823385,-311.0457119030899,-314.580322265625,140000,0.0,0.0
2005-06-09 00:00:00+09:00,-313.40203249408825,-313.40203249408825,-306.3328137160261,-307.5110168457031,100000,0.0,0.0
2005-06-10 00:00:00+09:00,-307.5110168457031,-311.0456262347342,-307.5110168457031,-307.5110168457031,100000,0.0,0.0
2005-06-13 00:00:00+09:00,-308.68924782492894,-311.045654296875,-303.97643488103694,-311.045654296875,110000,0.0,0.0
2005-06-14 00:00:00+09:00,-309.86734161376955,-309.86734161376955,-306.3327331542969,-306.3327331542969,60000,0.0,0.0
2005-06-15 00:00:00+09:00,-306.3328936627803,-309.8675039742739,-305.15469022561575,-308.6893005371094,140000,0.0,0.0
2005-06-16 00:00:00+09:00,-308.6892113409448,-308.6892113409448,-305.15460205078125,-305.15460205078125,80000,0.0,0.0
2005-06-17 00:00:00+09:00,-307.5109359741211,-309.86734161376955,-305.15453033447267,-306.3327331542969,120000,0.0,0.0
2005-06-20 00:00:00+09:00,-311.045654296875,-314.580264004794,-308.68924782492894,-311.045654296875,120000,0.0,0.0
2005-06-21 00:00:00+09:00,-308.6893005371094,-311.04570741143846,-306.3328936627803,-308.6893005371094,80000,0.0,0.0
2005-06-22 00:00:00+09:00,-308.6892588800351,-311.0456654363712,-307.511055601867,-309.8674621582031,100000,0.0,0.0
2005-06-23 00:00:00+09:00,-312.223857532848,-341.67893843217325,-312.223857532848,-336.96612548828125,1050000,0.0,0.0
2005-06-24 00:00:00+09:00,-326.3622631923758,-333.4314818896836,-325.18406007615783,-327.54046630859375,320000,0.0,0.0
2005-06-27 00:00:00+09:00,-324.0058531584563,-325.1840562608507,-313.40202523690687,-318.1148376464844,200000,0.0,0.0
2005-06-28 00:00:00+09:00,-319.29304449506805,-331.0750756572477,-314.58023203019616,-327.54046630859375,280000,0.0,0.0
2005-06-29 00:00:00+09:00,-325.1840277295096,-331.0750427246094,-321.64941873244965,-331.0750427246094,130000,0.0,0.0
2005-06-30 00:00:00+09:00,-331.0750427246094,-332.25324572362933,-328.71863672656946,-331.0750427246094,80000,0.0,0.0
2005-07-01 00:00:00+09:00,-331.0750842503139,-331.0750842503139,-328.71867795671733,-329.8968811035156,80000,0.0,0.0
2005-07-04 00:00:00+09:00,-332.25325028046603,-347.56988947779246,-331.0750472652871,-340.50067138671875,240000,0.0,0.0
2005-07-05 00:00:00+09:00,-346.3917236328125,-347.5699267744207,-338.14430164155505,-346.3917236328125,280000,0.0,0.0
2005-07-06 00:00:00+09:00,-346.3918039095604,-354.63922781216894,-344.0353970802436,-347.57000732421875,410000,0.0,0.0
2005-07-07 00:00:00+09:00,-342.85719366558527,-347.57000732421875,-338.1443800069518,-347.57000732421875,210000,0.0,0.0
2005-07-08 00:00:00+09:00,-347.5699715449892,-347.5699715449892,-339.3225484913793,-341.678955078125,200000,0.0,0.0
2005-07-11 00:00:00+09:00,-339.32249638805655,-346.3917150628077,-336.9660901631395,-344.0353088378906,110000,0.0,0.0
2005-07-12 00:00:00+09:00,-348.7480541748858,-359.3518801464195,-345.2134455177079,-354.6390686035156,760000,0.0,0.0
2005-07-13 00:00:00+09:00,-358.17383805614406,-359.3520414708024,-336.96617659229344,-347.57000732421875,500000,0.0,0.0
2005-07-14 00:00:00+09:00,-351.1046175681939,-351.1046175681939,-346.3918039095604,-347.57000732421875,130000,0.0,0.0
2005-07-15 00:00:00+09:00,-347.5699546120383,-354.6391740278764,-346.3917513760653,-349.9263610839844,150000,0.0,0.0
2005-07-18 00:00:00+09:00,-349.9263610839844,-349.9263610839844,-349.9263610839844,-349.9263610839844,0,0.0,0.0
2005-07-19 00:00:00+09:00,-349.9262955081504,-351.10449852332937,-339.3224683715398,-340.50067138671875,120000,0.0,0.0
2005-07-20 00:00:00+09:00,-345.2135119503492,-346.3917150628077,-341.67890261297356,-344.0353088378906,90000,0.0,0.0
2005-07-21 00:00:00+09:00,-345.2135368107919,-346.39174000809834,-336.96611442964667,-338.1443176269531,90000,0.0,0.0
2005-07-22 00:00:00+09:00,-336.96611442964667,-340.50072402156604,-335.7879112323402,-338.1443176269531,80000,0.0,0.0
2005-07-25 00:00:00+09:00,-340.50075178475214,-345.2135649582435,-336.9661419046336,-341.678955078125,80000,0.0,0.0
2005-07-26 00:00:00+09:00,-346.3917513760653,-348.7481578480113,-335.7879222523082,-336.96612548828125,190000,0.0,0.0
2005-07-27 00:00:00+09:00,-340.50073519620025,-342.8571416681463,-335.7879222523082,-336.96612548828125,100000,0.0,0.0
2005-07-28 00:00:00+09:00,-338.14428947341275,-338.14428947341275,-332.25327397736027,-334.60968017578125,90000,0.0,0.0
2005-07-29 00:00:00+09:00,-332.25327397736027,-338.14428947341275,-332.25327397736027,-334.60968017578125,110000,0.0,0.0
2005-08-01 00:00:00+09:00,-332.25330164042083,-339.3225208242596,-332.25330164042083,-338.1443176269531,120000,0.0,0.0
2005-08-02 00:00:00+09:00,-340.50069950051505,-345.2135119503492,-338.144293275598,-344.0353088378906,160000,0.0,0.0
2005-08-03 00:00:00+09:00,-347.5699142670967,-347.5699142670967,-334.60968017578125,-334.60968017578125,100000,0.0,0.0
2005-08-04 00:00:00+09:00,-333.4314487226493,-334.60965172166925,-327.5404337275495,-331.0750427246094,150000,0.0,0.0
2005-08-05 00:00:00+09:00,-334.60968500590155,-340.50070058699134,-326.3622631923758,-327.54046630859375,130000,0.0,0.0
2005-08-08 00:00:00+09:00,-326.3622716631208,-329.8968811035156,-319.2930527823312,-329.8968811035156,100000,0.0,0.0
2005-08-09 00:00:00+09:00,-318.1148267232184,-325.1840450948455,-312.2238114135292,-319.29302978515625,430000,0.0,0.0
2005-08-10 00:00:00+09:00,-322.82774178308387,-328.71875896890657,-307.51109709994483,-308.6893005371094,470000,0.0,0.0
2005-08-11 00:00:00+09:00,-307.51099950886885,-309.8674056353736,-301.61998419260703,-302.7981872558594,370000,0.0,0.0
2005-08-12 00:00:00+09:00,-303.97643488103694,-311.045654296875,-303.97643488103694,-311.045654296875,430000,0.0,0.0
2005-08-15 00:00:00+09:00,-312.22382063110825,-312.22382063110825,-303.97639895406013,-305.15460205078125,360000,0.0,0.0
2005-08-16 00:00:00+09:00,-308.6892113409448,-308.6892113409448,-302.79819585733895,-305.15460205078125,230000,0.0,0.0
2005-08-17 00:00:00+09:00,-305.15453033447267,-309.86734161376955,-305.15453033447267,-306.3327331542969,90000,0.0,0.0
2005-08-18 00:00:00+09:00,-309.86734161376955,-309.86734161376955,-305.15453033447267,-306.3327331542969,160000,0.0,0.0
2005-08-19 00:00:00+09:00,-307.5109359741211,-309.86734161376955,-306.3327331542969,-306.3327331542969,160000,0.0,0.0
2005-08-22 00:00:00+09:00,-307.5110168457031,-309.8674231050572,-306.3328137160261,-307.5110168457031,190000,0.0,0.0
2005-08-23 00:00:00+09:00,-308.6892066811616,-312.22381591796875,-307.51100360222586,-312.22381591796875,280000,0.0,0.0
2005-08-24 00:00:00+09:00,-311.04554443359376,-311.04554443359376,-303.97632751464846,-306.3327331542969,330000,0.0,0.0
2005-08-25 00:00:00+09:00,-306.3327964456165,-306.3327964456165,-301.61998419260703,-302.7981872558594,140000,0.0,0.0
2005-08-26 00:00:00+09:00,-303.9763903191118,-303.9763903191118,-300.44178112935464,-302.7981872558594,120000,0.0,0.0
2005-08-29 00:00:00+09:00,-302.7982204166923,-302.7982204166923,-298.0854076475609,-299.26361083984375,80000,0.0,0.0
2005-08-30 00:00:00+09:00,-298.08542695886945,-301.62003676470584,-298.08542695886945,-300.44183349609375,50000,0.0,0.0
2005-08-31 00:00:00+09:00,-301.61998419260703,-305.1545933823641,-299.2635780661023,-302.7981872558594,110000,0.0,0.0
2005-09-01 00:00:00+09:00,-302.79825949668884,-303.97646284103394,-301.62005615234375,-301.62005615234375,70000,0.0,0.0
2005-09-02 00:00:00+09:00,-301.62005615234375,-302.79825949668884,-300.44185280799866,-301.62005615234375,110000,0.0,0.0
2005-09-05 00:00:00+09:00,-302.7982740856352,-303.97647748674666,-296.9072570800781,-296.9072570800781,210000,0.0,0.0
2005-09-06 00:00:00+09:00,-296.9072672526042,-296.9072672526042,-275.6996053059896,-286.3034362792969,710000,0.0,0.0
2005-09-07 00:00:00+09:00,-291.0161768178471,-291.0161768178471,-283.94695794777795,-287.4815673828125,370000,0.0,0.0
2005-09-08 00:00:00+09:00,-289.8379736728356,-289.8379736728356,-285.1251610927895,-287.4815673828125,190000,0.0,0.0
2005-09-09 00:00:00+09:00,-285.1252328378183,-287.4816397207755,-283.9470293963397,-286.3034362792969,270000,0.0,0.0
2005-09-12 00:00:00+09:00,-288.65977307078253,-288.65977307078253,-282.7687572938278,-283.94696044921875,180000,0.0,0.0
2005-09-13 00:00:00+09:00,-285.1251479118101,-292.1943664550781,-283.94694482126545,-292.1943664550781,260000,0.0,0.0
2005-09-14 00:00:00+09:00,-299.26363265469047,-314.5802752708754,-296.90722609835433,-309.8674621582031,820000,0.0,0.0
2005-09-15 00:00:00+09:00,-309.867451060902,-312.223857532848,-305.15463811700994,-311.045654296875,330000,0.0,0.0
2005-09-16 00:00:00+09:00,-312.22391535726825,-316.93672917398175,-309.8675084489115,-314.580322265625,270000,0.0,0.0
2005-09-19 00:00:00+09:00,-314.580322265625,-314.580322265625,-314.580322265625,-314.580322265625,0,0.0,0.0
2005-09-20 00:00:00+09:00,-319.29304074887875,-320.47124385127313,-315.7584314416956,-318.1148376464844,260000,0.0,0.0
2005-09-21 00:00:00+09:00,-311.0456654363712,-314.5802752708754,-301.6200392110266,-309.8674621582031,230000,0.0,0.0
2005-09-22 00:00:00+09:00,-309.8674592900097,-316.9366788935841,-307.5110527554849,-313.4020690917969,220000,0.0,0.0
2005-09-23 00:00:00+09:00,-313.4020690917969,-313.4020690917969,-313.4020690917969,-313.4020690917969,0,0.0,0.0
2005-09-26 00:00:00+09:00,-313.40203607835736,-320.4712549372677,-309.8674266489022,-316.9366455078125,260000,0.0,0.0
2005-09-27 00:00:00+09:00,-506.3485939084119,-506.3485939084119,-489.47030744479815,-491.3456726074219,170000,1000.0,0.0
2005-09-28 00:00:00+09:00,-496.9717151968009,-506.34854001183487,-493.2209852707873,-504.4731750488281,220000,0.0,0.0
2005-09-29 00:00:00+09:00,-510.0992699378485,-510.0992699378485,-496.9717151968009,-504.4731750488281,140000,0.0,0.0
2005-09-30 00:00:00+09:00,-502.5979301081168,-502.5979301081168,-495.0964684647121,-500.7225646972656,87100,0.0,0.0
2005-10-03 00:00:00+09:00,-502.5978100858213,-508.2239049748417,-498.8470801598077,-504.4731750488281,340000,0.0,0.0
2005-10-04 00:00:00+09:00,-504.47317504882807,-504.47317504882807,-500.7224451228145,-504.4731750488281,170000,0.0,0.0
2005-10-05 00:00:00+09:00,-504.473173796241,-506.3485387545913,-498.84707892118996,-502.5978088378906,200000,0.0,0.0
2005-10-06 00:00:00+09:00,-500.7224696766246,-500.7224696766246,-495.09637451171875,-495.09637451171875,100000,0.0,0.0
2005-10-07 00:00:00+09:00,-498.8470578835227,-519.4760715553978,-495.096328125,-515.725341796875,350000,0.0,0.0
2005-10-10 00:00:00+09:00,-515.725341796875,-515.725341796875,-515.725341796875,-515.725341796875,0,0.0,0.0
2005-10-11 00:00:00+09:00,-525.1021133368549,-528.8528427178325,-513.8499251939223,-526.9774780273438,400000,0.0,0.0
2005-10-12 00:00:00+09:00,-530.7283346611157,-538.2297952216968,-525.1022392406799,-534.4790649414062,250000,0.0,0.0
2005-10-13 00:00:00+09:00,-532.603699801261,-536.3544300815515,-526.9776043808251,-534.4790649414062,150000,0.0,0.0
2005-10-14 00:00:00+09:00,-536.3543649227062,-536.3543649227062,-525.1021754488032,-528.8529052734375,80000,0.0,0.0
2005-10-17 00:00:00+09:00,-526.9775377546038,-532.6036324637276,-521.35144304548,-525.1021728515625,130000,0.0,0.0
2005-10-18 00:00:00+09:00,-525.1022272040374,-525.1022272040374,-510.09930642677915,-513.8500366210938,150000,0.0,0.0
2005-10-19 00:00:00+09:00,-506.3484816885523,-508.2238464355469,-495.09629320658445,-508.2238464355469,220000,0.0,0.0
2005-10-20 00:00:00+09:00,-510.0991883208786,-525.1021056244339,-510.0991883208786,-517.6006469726562,150000,0.0,0.0
2005-10-21 00:00:00+09:00,-519.4761352539062,-525.1022305815659,-515.7254050354665,-519.4761352539062,150000,0.0,0.0
2005-10-24 00:00:00+09:00,-525.1021661931818,-525.1021661931818,-513.8499769176136,-515.725341796875,118900,0.0,0.0
2005-10-25 00:00:00+09:00,-517.6006469726562,-525.1021056244339,-515.7252823097118,-517.6006469726562,160000,0.0,0.0
2005-10-26 00:00:00+09:00,-525.1022444100215,-547.6066263133082,-523.2268792514143,-543.8558959960938,360000,0.0,0.0
2005-10-27 00:00:00+09:00,-541.9804077148438,-543.855772447421,-528.8528545868026,-541.9804077148438,240000,0.0,0.0
2005-10-28 00:00:00+09:00,-536.3543776420697,-547.6065673828125,-534.4790126852793,-547.6065673828125,127300,0.0,0.0
2005-10-31 00:00:00+09:00,-551.3574251520554,-560.7342521104237,-549.4820597603817,-558.85888671875,190000,0.0,0.0
2005-11-01 00:00:00+09:00,-556.9833972003008,-556.9833972003008,-551.3573022790857,-555.1080322265625,110000,0.0,0.0
2005-11-02 00:00:00+09:00,-545.7312049087213,-555.1080297353317,-545.7312049087213,-551.3572998046875,118200,0.0,0.0
2005-11-03 00:00:00+09:00,-551.3572998046875,-551.3572998046875,-551.3572998046875,-551.3572998046875,0,0.0,0.0
2005-11-04 00:00:00+09:00,-551.3573659431177,-560.7341918945312,-545.7312703722695,-560.7341918945312,149200,0.0,0.0
2005-11-07 00:00:00+09:00,-558.8585888186827,-570.1107751707367,-553.2324956426557,-566.3600463867188,230000,0.0,0.0
2005-11-08 00:00:00+09:00,-581.3632241024333,-596.3661460147541,-581.3632241024333,-588.8646850585938,720000,0.0,0.0
2005-11-09 00:00:00+09:00,-588.864615673351,-596.366075745623,-571.986330510739,-575.737060546875,410000,0.0,0.0
2005-11-10 00:00:00+09:00,-581.3631626896965,-592.6153529353036,-579.487797648762,-586.9892578125,220000,0.0,0.0
2005-11-11 00:00:00+09:00,-596.3661021839489,-635.748769309304,-590.7400068803266,-618.8704833984375,500000,0.0,0.0
2005-11-14 00:00:00+09:00,-624.4963972712138,-626.3717618275838,-605.7427517075137,-622.6210327148438,230000,0.0,0.0
2005-11-15 00:00:00+09:00,-609.4934824350718,-635.7485862938133,-609.4934824350718,-624.4963989257812,390000,0.0,0.0
2005-11-16 00:00:00+09:00,-615.1195695407484,-624.4963922471622,-613.2442049994656,-616.9949340820312,280000,0.0,0.0
2005-11-17 00:00:00+09:00,-618.870481165444,-618.870481165444,-613.2443858821217,-615.1197509765625,90000,0.0,0.0
2005-11-18 00:00:00+09:00,-613.2443880948153,-618.8704833984375,-607.6182927911932,-618.8704833984375,100000,0.0,0.0
2005-11-21 00:00:00+09:00,-618.870492066152,-650.7516992331962,-616.9951269386788,-633.8734130859375,260000,0.0,0.0
2005-11-22 00:00:00+09:00,-645.1255554374105,-675.131395225197,-643.2501904506738,-654.5023803710938,410000,0.0,0.0
2005-11-23 00:00:00+09:00,-654.5023803710938,-654.5023803710938,-654.5023803710938,-654.5023803710938,0,0.0,0.0
2005-11-24 00:00:00+09:00,-656.3776213547279,-656.3776213547279,-643.2500689276334,-652.6268920898438,180000,0.0,0.0
2005-11-25 00:00:00+09:00,-648.8762780014349,-650.751642966757,-641.3748181401467,-643.2501831054688,100000,0.0,0.0
2005-11-28 00:00:00+09:00,-633.8733570478116,-652.6270066646107,-626.3718972010919,-641.3748168945312,129800,0.0,0.0
2005-11-29 00:00:00+09:00,-641.3748254639372,-665.7545702915137,-639.4994604772005,-654.5023803710938,210000,0.0,0.0
2005-11-30 00:00:00+09:00,-660.1283779456967,-686.3834838867188,-658.2530132356237,-686.3834838867188,200000,0.0,0.0
2005-12-01 00:00:00+09:00,-677.0068399507705,-690.1343964041096,-675.1314747431506,-684.50830078125,210000,0.0,0.0
2005-12-02 00:00:00+09:00,-686.383588964289,-686.383588964289,-650.7516540180553,-660.1284790039062,290000,0.0,0.0
2005-12-05 00:00:00+09:00,-662.0037757367841,-667.6298701481448,-643.2501276989148,-650.7515869140625,220000,0.0,0.0
2005-12-06 00:00:00+09:00,-647.000911779571,-660.1284665113304,-630.1226271244517,-641.3748168945312,360000,0.0,0.0
2005-12-07 00:00:00+09:00,-641.3748811141305,-658.2531674592392,-626.3719599184783,-647.0009765625,200000,0.0,0.0
2005-12-08 00:00:00+09:00,-648.8764605353861,-654.5025570140165,-630.1228056066176,-637.624267578125,100000,0.0,0.0
2005-12-09 00:00:00+09:00,-652.6269517178495,-656.3776813254233,-645.1254925027017,-650.7515869140625,220000,0.0,0.0
2005-12-12 00:00:00+09:00,-669.5053112520186,-680.7575013570945,-665.7545812169933,-671.3806762695312,220000,0.0,0.0
2005-12-13 00:00:00+09:00,-675.1314767115123,-690.1343984162125,-667.6300158591621,-688.259033203125,270000,0.0,0.0
2005-12-14 00:00:00+09:00,-697.6358784520348,-757.6475669210271,-692.0097826580668,-725.766357421875,910000,0.0,0.0
2005-12-15 00:00:00+09:00,-712.6386653645833,-718.2647600911458,-697.63574609375,-703.2618408203125,170000,0.0,0.0
2005-12-16 00:00:00+09:00,-705.1372896444918,-753.8967830773556,-697.6358291163589,-742.6445922851562,330000,0.0,0.0
2005-12-19 00:00:00+09:00,-735.1431162569535,-737.0184813494457,-703.2619096845856,-716.3894653320312,340000,0.0,0.0
2005-12-20 00:00:00+09:00,-725.766357421875,-731.3924532158429,-720.140261627907,-725.766357421875,150000,0.0,0.0
2005-12-21 00:00:00+09:00,-731.392200758812,-733.2675653761422,-712.638554585509,-718.2646484375,158600,0.0,0.0
2005-12-22 00:00:00+09:00,-710.7633069490132,-716.3894017269737,-703.2618472450658,-712.638671875,110000,0.0,0.0
2005-12-23 00:00:00+09:00,-712.638671875,-712.638671875,-712.638671875,-712.638671875,0,0.0,0.0
2005-12-26 00:00:00+09:00,-712.6386819426547,-733.267696419942,-710.763316990174,-727.6416015625,100000,0.0,0.0
2005-12-27 00:00:00+09:00,-731.3922893467234,-770.7749510807778,-722.0154651243295,-753.8966674804688,210000,0.0,0.0
2005-12-28 00:00:00+09:00,-768.8996434810773,-783.9025633538788,-733.2677087831737,-746.395263671875,270000,0.0,0.0
2005-12-29 00:00:00+09:00,-737.0184326171875,-750.1459873966285,-735.1430676486959,-737.0184326171875,126700,0.0,0.0
2005-12-30 00:00:00+09:00,-744.5198912328603,-746.3952561981824,-733.2677014409279,-735.14306640625,40000,0.0,0.0
2006-01-02 00:00:00+09:00,-735.14306640625,-735.14306640625,-735.14306640625,-735.14306640625,0,0.0,0.0
2006-01-03 00:00:00+09:00,-735.14306640625,-735.14306640625,-735.14306640625,-735.14306640625,0,0.0,0.0
2006-01-04 00:00:00+09:00,-750.1459757486979,-750.1459757486979,-716.3894068400065,-720.14013671875,98900,0.0,0.0
2006-01-05 00:00:00+09:00,-729.5171600113486,-752.0215454101562,-727.6417945614479,-752.0215454101562,200000,0.0,0.0
2006-01-06 00:00:00+09:00,-768.8995916193181,-845.78955078125,-763.2734970464938,-845.78955078125,550000,0.0,0.0
2006-01-09 00:00:00+09:00,-845.78955078125,-845.78955078125,-845.78955078125,-845.78955078125,0,0.0,0.0
2006-01-10 00:00:00+09:00,-864.5432283752311,-887.047607421875,-800.7808210764072,-887.047607421875,580000,0.0,0.0
2006-01-11 00:00:00+09:00,-885.1723559307795,-885.1723559307795,-853.2911481959845,-872.0447998046875,240000,0.0,0.0
2006-01-12 00:00:00+09:00,-862.6680173596546,-862.6680173596546,-827.0360775121907,-838.2882690429688,350000,0.0,0.0
2006-01-13 00:00:00+09:00,-828.9113980908414,-868.2940663259267,-828.9113980908414,-866.418701171875,220000,0.0,0.0
2006-01-16 00:00:00+09:00,-898.2999582290649,-960.18701171875,-892.6738624572754,-960.18701171875,550000,0.0,0.0
2006-01-17 00:00:00+09:00,-903.9258086426845,-971.4389395786526,-847.6648661960444,-860.7924194335938,490000,0.0,0.0
2006-01-18 00:00:00+09:00,-849.5403694044358,-849.5403694044358,-767.024307034027,-791.404052734375,520000,0.0,0.0
2006-01-19 00:00:00+09:00,-782.0271637879728,-877.6707737476528,-782.0271637879728,-873.9200439453125,300000,0.0,0.0
2006-01-20 00:00:00+09:00,-883.2967740717622,-924.5547974891268,-828.9111977488724,-909.5518798828125,550000,0.0,0.0
2006-01-23 00:00:00+09:00,-843.9142528333161,-902.0505680285002,-836.4127928081311,-855.1664428710938,310000,0.0,0.0
2006-01-24 00:00:00+09:00,-845.7896771441449,-881.421614762191,-812.0331046638908,-853.2911376953125,510000,0.0,0.0
2006-01-25 00:00:00+09:00,-843.9143141197688,-868.2940609721177,-843.9143141197688,-857.0418701171875,200000,0.0,0.0
2006-01-26 00:00:00+09:00,-875.7952867564588,-947.0591430664062,-857.0416403591042,-947.0591430664062,450000,0.0,0.0
2006-01-27 00:00:00+09:00,-928.305721748166,-947.0593726925733,-903.9259755204364,-922.6796264648438,320000,0.0,0.0
2006-01-30 00:00:00+09:00,-939.5577866191048,-939.5577866191048,-915.1780436529405,-920.8041381835938,250000,0.0,0.0
2006-01-31 00:00:00+09:00,-922.6797369397508,-924.5551022587341,-892.673891836019,-898.2999877929688,170000,0.0,0.0
2006-02-01 00:00:00+09:00,-892.6736995753715,-911.4273487261146,-864.5432258492568,-883.296875,230000,0.0,0.0
2006-02-02 00:00:00+09:00,-909.5519838110403,-911.4273487261146,-864.5432258492568,-883.296875,190000,0.0,0.0
2006-02-03 00:00:00+09:00,-881.4215325041538,-930.1810215362985,-870.1693427275051,-917.053466796875,280000,0.0,0.0
2006-02-06 00:00:00+09:00,-922.6795084635418,-932.0563327365452,-909.5519544813369,-928.3056030273438,230000,0.0,0.0
2006-02-07 00:00:00+09:00,-947.0594790428601,-1018.3233606342039,-947.0594790428601,-1010.8218994140625,1160000,0.0,0.0
2006-02-08 00:00:00+09:00,-1010.8216357421875,-1038.9521079799106,-977.0650690569196,-984.5665283203125,510000,0.0,0.0
2006-02-09 00:00:00+09:00,-1012.6969604492188,-1029.5752431233725,-995.8186777750651,-1012.6969604492188,310000,0.0,0.0
2006-02-10 00:00:00+09:00,-993.9433593750001,-1031.4506559551887,-977.0650759139152,-993.943359375,400000,0.0,0.0
2006-02-13 00:00:00+09:00,-975.1896756462609,-977.065040407119,-851.41560142962,-868.2938842773438,440000,0.0,0.0
2006-02-14 00:00:00+09:00,-853.2909921986434,-903.9258422851562,-778.2763994778835,-903.9258422851562,310000,0.0,0.0
2006-02-15 00:00:00+09:00,-909.5521084399934,-924.5550298163231,-858.9172487948804,-881.421630859375,240000,0.0,0.0
2006-02-16 00:00:00+09:00,-881.4214788164412,-883.2968436649868,-832.661992754255,-840.1634521484375,250000,0.0,0.0
2006-02-17 00:00:00+09:00,-812.0329975715051,-832.6620113666241,-768.8996050908016,-780.1517944335938,300000,0.0,0.0
2006-02-20 00:00:00+09:00,-733.2678659799936,-776.4012698611698,-690.1344620988176,-693.8851928710938,330000,0.0,0.0
2006-02-21 00:00:00+09:00,-768.8997889927456,-787.6534423828125,-761.3983276367188,-787.6534423828125,470000,0.0,0.0
2006-02-22 00:00:00+09:00,-843.9143274185506,-881.421630859375,-834.5375015583444,-881.421630859375,430000,0.0,0.0
2006-02-23 00:00:00+09:00,-918.9288317596497,-933.9317514618481,-883.2968974669286,-917.053466796875,470000,0.0,0.0
2006-02-24 00:00:00+09:00,-943.3088016581446,-1010.8219564487872,-941.4334362472935,-1001.4451293945312,1000000,0.0,0.0
2006-02-27 00:00:00+09:00,-982.6915122712276,-984.5668777526612,-930.1812787910857,-941.4334716796875,470000,0.0,0.0
2006-02-28 00:00:00+09:00,-937.6825332641602,-937.6825332641602,-900.1752319335938,-900.1752319335938,340000,0.0,0.0
2006-03-01 00:00:00+09:00,-872.0448180015043,-913.3028524015755,-858.9172616014816,-905.8013916015625,410000,0.0,0.0
2006-03-02 00:00:00+09:00,-911.4274648691153,-926.4303861015287,-860.79260570972,-866.418701171875,260000,0.0,0.0
2006-03-03 00:00:00+09:00,-866.4187537186982,-883.2970411288027,-845.789735773015,-849.5404663085938,290000,0.0,0.0
2006-03-06 00:00:00+09:00,-860.7926139669215,-885.1723612034575,-849.5404229346742,-881.421630859375,230000,0.0,0.0
2006-03-07 00:00:00+09:00,-872.0447987523572,-879.5462593867861,-862.6679729593211,-870.16943359375,160000,0.0,0.0
2006-03-08 00:00:00+09:00,-864.5432809833795,-881.4215662954196,-858.9171858793662,-875.7954711914062,140000,0.0,0.0
2006-03-09 00:00:00+09:00,-894.5490459343548,-947.059262467189,-887.0475864296642,-943.3085327148438,480000,0.0,0.0
2006-03-10 00:00:00+09:00,-941.4331570095487,-952.6853461371528,-920.804143608941,-928.3056030273438,310000,0.0,0.0
2006-03-13 00:00:00+09:00,-937.6827407168201,-950.8102990868557,-932.0566442725193,-941.4334716796875,180000,0.0,0.0
2006-03-14 00:00:00+09:00,-952.6855506896973,-978.9406642913817,-943.3087244033813,-960.18701171875,430000,0.0,0.0
2006-03-15 00:00:00+09:00,-977.0651193172373,-984.566578966506,-962.0622000187001,-969.5636596679688,310000,0.0,0.0
2006-03-16 00:00:00+09:00,-950.8102990868557,-962.0624919754575,-932.0566442725193,-941.4334716796875,210000,0.0,0.0
2006-03-17 00:00:00+09:00,-956.4358097956731,-975.1894531250001,-939.5575307992789,-975.189453125,180000,0.0,0.0
2006-03-20 00:00:00+09:00,-973.3144022816724,-997.6941464621383,-962.062212659919,-988.3173217773438,330000,0.0,0.0
2006-03-21 00:00:00+09:00,-988.3173217773438,-988.3173217773438,-988.3173217773438,-988.3173217773438,0,0.0,0.0
2006-03-22 00:00:00+09:00,-986.4419425550358,-993.9434021942376,-963.9375636374303,-967.6882934570312,260000,0.0,0.0
2006-03-23 00:00:00+09:00,-975.1898662860576,-980.8159616684773,-943.3086591190134,-950.8101196289062,220000,0.0,0.0
2006-03-24 00:00:00+09:00,-943.3085327148438,-963.9375463527429,-939.5578029624984,-943.3085327148438,130000,0.0,0.0
2006-03-27 00:00:00+09:00,-943.3084628375724,-950.8099217865789,-918.9287212533011,-932.0562744140625,130000,0.0,0.0
2006-03-28 00:00:00+09:00,-1332.2769257973252,-1345.7071367428628,-1297.3583773389275,-1305.41650390625,290000,1500.0,0.0
2006-03-29 00:00:00+09:00,-1313.4745885337272,-1345.7070937738185,-1308.1025043270454,-1321.53271484375,450000,0.0,0.0
2006-03-30 00:00:00+09:00,-1329.5906216980982,-1337.6487466780866,-1308.1022884181289,-1310.788330078125,340000,0.0,0.0
2006-03-31 00:00:00+09:00,-1321.5324967181098,-1329.5906216980982,-1308.1022884181289,-1310.788330078125,260000,0.0,0.0
2006-04-03 00:00:00+09:00,-1329.5907132919522,-1380.6255083476028,-1326.9046714469177,-1372.5673828125,520000,0.0,0.0
2006-04-04 00:00:00+09:00,-1375.253243512974,-1375.253243512974,-1340.3347041269024,-1345.706787109375,320000,0.0,0.0
2006-04-05 00:00:00+09:00,-1348.3929909446024,-1367.195283647017,-1310.7884055397728,-1329.5906982421875,430000,0.0,0.0
2006-04-06 00:00:00+09:00,-1337.6487073396381,-1377.9393310546875,-1332.2766241776317,-1377.9393310546875,460000,0.0,0.0
2006-04-07 00:00:00+09:00,-1372.567286745331,-1372.567286745331,-1345.7068701749724,-1361.8231201171875,230000,0.0,0.0
2006-04-10 00:00:00+09:00,-1351.0788261834093,-1364.509033203125,-1343.02070197158,-1364.509033203125,98400,0.0,0.0
2006-04-11 00:00:00+09:00,-1364.5090583922372,-1364.5090583922372,-1340.334685310485,-1353.764892578125,127300,0.0,0.0
2006-04-12 00:00:00+09:00,-1337.6487400546396,-1348.392906641424,-1305.4162402942868,-1313.474365234375,320000,0.0,0.0
2006-04-13 00:00:00+09:00,-1329.5905825966283,-1340.3347489206415,-1316.1603746916119,-1326.904541015625,210000,0.0,0.0
2006-04-14 00:00:00+09:00,-1329.590841153773,-1340.3350095671367,-1318.846672740409,-1321.53271484375,120000,0.0,0.0
2006-04-17 00:00:00+09:00,-1332.2766041775626,-1332.2766041775626,-1283.9278564453125,-1283.9278564453125,136600,0.0,0.0
2006-04-18 00:00:00+09:00,-1278.555748144126,-1300.0440800457081,-1259.753457730242,-1294.6719970703125,159800,0.0,0.0
2006-04-19 00:00:00+09:00,-1308.102381967794,-1321.5325912282435,-1270.497796038535,-1273.183837890625,170000,0.0,0.0
2006-04-20 00:00:00+09:00,-1257.0676129096378,-1259.7536548175642,-1214.0909423828125,-1214.0909423828125,300000,0.0,0.0
2006-04-21 00:00:00+09:00,-1222.1487149325285,-1224.8347560642483,-1138.8814398492134,-1152.3116455078125,380000,0.0,0.0
2006-04-24 00:00:00+09:00,-1152.3115871142688,-1192.6022020483342,-1117.3930541714121,-1179.1719970703125,300000,0.0,0.0
2006-04-25 00:00:00+09:00,-1189.9163077888907,-1251.695258306147,-1160.3698531936814,-1222.1488037109375,300000,0.0,0.0
2006-04-26 00:00:00+09:00,-1227.5212333046193,-1251.6956120786708,-1208.7189387025792,-1230.207275390625,230000,0.0,0.0
2006-04-27 00:00:00+09:00,-1235.5789856090005,-1249.0091919743156,-1230.2069030628743,-1232.8929443359375,109400,0.0,0.0
2006-04-28 00:00:00+09:00,-1224.8349291621475,-1240.9511782300704,-1184.54430649234,-1238.26513671875,107000,0.0,0.0
2006-05-01 00:00:00+09:00,-1240.9513477207806,-1240.9513477207806,-1214.0909289389456,-1219.4630126953125,68900,0.0,0.0
2006-05-02 00:00:00+09:00,-1211.404980788585,-1238.2654016486422,-1208.7189387025792,-1230.207275390625,80000,0.0,0.0
2006-05-03 00:00:00+09:00,-1230.207275390625,-1230.207275390625,-1230.207275390625,-1230.207275390625,0,0.0,0.0
2006-05-04 00:00:00+09:00,-1230.207275390625,-1230.207275390625,-1230.207275390625,-1230.207275390625,0,0.0,0.0
2006-05-05 00:00:00+09:00,-1230.207275390625,-1230.207275390625,-1230.207275390625,-1230.207275390625,0,0.0,0.0
2006-05-08 00:00:00+09:00,-1238.2652938134559,-1278.5559215948047,-1238.2652938134559,-1273.183837890625,230000,0.0,0.0
2006-05-09 00:00:00+09:00,-1206.0326156974397,-1206.0326156974397,-1138.8815791886736,-1144.253662109375,1300000,0.0,0.0
2006-05-10 00:00:00+09:00,-1165.7419557924625,-1168.427997165256,-1149.6257075557003,-1160.369873046875,500000,0.0,0.0
2006-05-11 00:00:00+09:00,-1184.544426965498,-1200.6606776725114,-1179.1723433964933,-1187.23046875,440000,0.0,0.0
2006-05-12 00:00:00+09:00,-1168.4281135541462,-1171.1141551945007,-1144.253738790957,-1163.0560302734375,440000,0.0,0.0
2006-05-15 00:00:00+09:00,-1154.9976806640625,-1157.6837217818859,-1141.5674750749456,-1154.9976806640625,160000,0.0,0.0
2006-05-16 00:00:00+09:00,-1149.6255100903381,-1160.3696737360422,-1074.4163645704095,-1082.4744873046875,330000,0.0,0.0
2006-05-17 00:00:00+09:00,-1074.4166020242317,-1144.2536811558066,-1060.9863944989288,-1136.195556640625,360000,0.0,0.0
2006-05-18 00:00:00+09:00,-1074.416456035539,-1117.3931142769607,-1060.9862503350948,-1095.90478515625,300000,0.0,0.0
2006-05-19 00:00:00+09:00,-1082.4747251000736,-1112.0211816164526,-1066.3584760911394,-1085.1607666015625,220000,0.0,0.0
2006-05-22 00:00:00+09:00,-1095.904833984375,-1109.3350402832032,-1069.0444213867188,-1074.41650390625,90000,0.0,0.0
2006-05-23 00:00:00+09:00,-1036.811951332904,-1047.5561166316907,-1009.9515380859376,-1009.9515380859375,210000,0.0,0.0
2006-05-24 00:00:00+09:00,-1058.300206764457,-1069.0443713001368,-1026.0677131574178,-1042.1839599609375,380000,0.0,0.0
2006-05-25 00:00:00+09:00,-1052.9281005859375,-1060.9862238047074,-1031.4397720025509,-1052.9281005859375,270000,0.0,0.0
2006-05-26 00:00:00+09:00,-1055.6142271415672,-1082.4746400459328,-1052.9281858511306,-1069.04443359375,320000,0.0,0.0
2006-05-29 00:00:00+09:00,-1082.4748374288395,-1082.4748374288395,-1026.0679600442102,-1039.4981689453125,200000,0.0,0.0
2006-05-30 00:00:00+09:00,-1031.4398253916447,-1044.870031451432,-1018.0096193318578,-1028.7537841796875,170000,0.0,0.0
2006-05-31 00:00:00+09:00,-1060.9863564095845,-1130.8234330340129,-1052.928232183689,-1101.2769775390625,720000,0.0,0.0
2006-06-01 00:00:00+09:00,-1109.3352115964428,-1130.823544992984,-1087.8468781999015,-1106.649169921875,390000,0.0,0.0
2006-06-02 00:00:00+09:00,-1120.0794410977398,-1136.1956920487864,-1047.55631181803,-1130.8236083984375,340000,0.0,0.0
2006-06-05 00:00:00+09:00,-1101.276887063419,-1146.9395872587315,-1090.5327223115808,-1141.5675048828125,370000,0.0,0.0
2006-06-06 00:00:00+09:00,-1128.1375207633616,-1171.1141882210134,-1109.3352287506389,-1149.6258544921875,460000,0.0,0.0
2006-06-07 00:00:00+09:00,-1152.3120254409398,-1173.8003615796986,-1141.5678573715604,-1146.93994140625,350000,0.0,0.0
2006-06-08 00:00:00+09:00,-1120.0792053222658,-1128.1373291015625,-1052.9281738281252,-1074.41650390625,350000,0.0,0.0
2006-06-09 00:00:00+09:00,-1069.044671003681,-1095.9050898731202,-1034.12612647341,-1071.730712890625,260000,0.0,0.0
2006-06-12 00:00:00+09:00,-1063.6724968787832,-1114.7072883956946,-1050.2422885848594,-1109.335205078125,260000,0.0,0.0
2006-06-13 00:00:00+09:00,-1109.3351603190104,-1138.881617373512,-1090.5328694661457,-1128.137451171875,138200,0.0,0.0
2006-06-14 00:00:00+09:00,-1109.3351231248166,-1157.6838694111282,-1109.3351231248166,-1144.253662109375,140000,0.0,0.0
2006-06-15 00:00:00+09:00,-1168.4278862531794,-1173.7999684888264,-1144.253516192769,-1154.9976806640625,200000,0.0,0.0
2006-06-16 00:00:00+09:00,-1181.8582821800594,-1189.916406831287,-1122.7653680710564,-1128.137451171875,290000,0.0,0.0
2006-06-19 00:00:00+09:00,-1114.7072561163652,-1141.5676719263981,-1112.0212145353619,-1122.765380859375,170000,0.0,0.0
2006-06-20 00:00:00+09:00,-1114.7074954824852,-1125.4516641136415,-1071.7308209578591,-1077.1029052734375,168600,0.0,0.0
2006-06-21 00:00:00+09:00,-1071.7304934731014,-1071.7304934731014,-1050.2421627768988,-1060.986328125,150000,0.0,0.0
2006-06-22 00:00:00+09:00,-1071.7304748841866,-1077.1025574650596,-1055.6142271415672,-1069.04443359375,116900,0.0,0.0
2006-06-23 00:00:00+09:00,-1060.9865453428492,-1071.730712890625,-1058.3005034559053,-1071.730712890625,88500,0.0,0.0
2006-06-26 00:00:00+09:00,-1071.7308209578591,-1082.4749895890156,-1063.6726944844918,-1077.1029052734375,76700,0.0,0.0
2006-06-27 00:00:00+09:00,-1082.4746714972964,-1082.4746714972964,-1052.9282164440203,-1055.6142578125,140000,0.0,0.0
2006-06-28 00:00:00+09:00,-1044.8699773671674,-1066.358305950554,-1036.8118541483975,-1052.9281005859375,109300,0.0,0.0
2006-06-29 00:00:00+09:00,-1047.5564045153167,-1058.3005727667557,-1009.9518156352797,-1020.6959838867188,360000,0.0,0.0
2006-06-30 00:00:00+09:00,-1034.1259514580656,-1050.2422000522172,-1034.1259514580656,-1044.8701171875,210000,0.0,0.0
2006-07-03 00:00:00+09:00,-1058.3001191018534,-1085.1605282161136,-1050.2419963675752,-1082.4744873046875,160000,0.0,0.0
2006-07-04 00:00:00+09:00,-1087.8466676904177,-1093.21875,-1066.3583384520884,-1093.21875,150000,0.0,0.0
2006-07-05 00:00:00+09:00,-1066.3585205078125,-1079.7887285746615,-1060.9864372810728,-1066.3585205078125,69200,0.0,0.0
2006-07-06 00:00:00+09:00,-1063.672270869965,-1063.672270869965,-1047.556024341632,-1050.2420654296875,55100,0.0,0.0
2006-07-07 00:00:00+09:00,-1060.9863657816516,-1063.6724072140103,-1036.811992890424,-1044.8701171875,90000,0.0,0.0
2006-07-10 00:00:00+09:00,-1028.7540018244306,-1050.2423360661942,-1020.6958764837693,-1039.4981689453125,100000,0.0,0.0
2006-07-11 00:00:00+09:00,-1034.1259660391972,-1042.1840904498922,-1009.951592807112,-1012.6376342773438,130000,0.0,0.0
2006-07-12 00:00:00+09:00,-1012.6374150903185,-1023.3815786456535,-964.2886790913112,-972.3468017578125,160000,0.0,0.0
2006-07-13 00:00:00+09:00,-953.5446964610707,-977.7190690474077,-940.1144894686612,-945.486572265625,170000,0.0,0.0
2006-07-14 00:00:00+09:00,-918.6263841901507,-932.0565944853283,-891.7659635997954,-902.5101318359375,230000,0.0,0.0
2006-07-17 00:00:00+09:00,-902.5101318359375,-902.5101318359375,-902.5101318359375,-902.5101318359375,0,0.0,0.0
2006-07-18 00:00:00+09:00,-889.0796767244123,-889.0796767244123,-797.7542718645028,-824.6146850585938,380000,0.0,0.0
2006-07-19 00:00:00+09:00,-816.5567491319445,-846.1032104492188,-776.2661200629341,-797.7544555664062,480000,0.0,0.0
2006-07-20 00:00:00+09:00,-875.649763611021,-905.1962280273438,-862.2195525126924,-905.1962280273438,580000,0.0,0.0
2006-07-21 00:00:00+09:00,-891.7658744480299,-934.7425430961276,-864.9054565429688,-864.9054565429688,620000,0.0,0.0
2006-07-24 00:00:00+09:00,-824.6146196089451,-862.219195095998,-824.6146196089451,-854.1610717773438,120000,0.0,0.0
2006-07-25 00:00:00+09:00,-907.881893901705,-918.6260583265773,-854.1610717773438,-854.1610717773438,189700,0.0,0.0
2006-07-26 00:00:00+09:00,-867.5912499413477,-915.9399883281719,-867.5912499413477,-894.45166015625,400000,0.0,0.0
2006-07-27 00:00:00+09:00,-881.0216064453125,-886.3936894114424,-862.2193160638576,-881.0216064453125,250000,0.0,0.0
2006-07-28 00:00:00+09:00,-889.0795781132696,-897.1377011777403,-870.2772909628378,-894.45166015625,160000,0.0,0.0
2006-07-31 00:00:00+09:00,-932.056504013959,-932.056504013959,-894.4519188376033,-913.2542114257812,280000,0.0,0.0
2006-08-01 00:00:00+09:00,-905.1960834005604,-915.9402505625849,-851.4752475904381,-864.9054565429688,460000,0.0,0.0
2006-08-02 00:00:00+09:00,-862.219175087294,-862.219175087294,-829.9866825606663,-835.3587646484375,580000,0.0,0.0
2006-08-03 00:00:00+09:00,-846.1030093106357,-846.1030093106357,-813.8705137178496,-827.3007202148438,420000,0.0,0.0
2006-08-04 00:00:00+09:00,-819.2426442792339,-846.1030588457662,-819.2426442792339,-832.6728515625,570000,0.0,0.0
2006-08-07 00:00:00+09:00,-829.986674327724,-838.0447973794495,-811.1843872070312,-811.1843872070312,180000,0.0,0.0
2006-08-08 00:00:00+09:00,-800.4402829522955,-803.1263241702563,-757.463623464924,-784.3240356445312,750000,0.0,0.0
2006-08-09 00:00:00+09:00,-773.5799248080205,-787.0101318359374,-749.4055521577698,-787.0101318359375,620000,0.0,0.0
2006-08-10 00:00:00+09:00,-776.2661076975922,-854.1613226568662,-768.2079820121501,-851.4752807617188,660000,0.0,0.0
2006-08-11 00:00:00+09:00,-851.4751811780428,-856.8472643400494,-813.8705990439967,-816.556640625,390000,0.0,0.0
2006-08-14 00:00:00+09:00,-821.9286838531493,-859.5332641601562,-819.2426424026489,-859.5332641601562,260000,0.0,0.0
2006-08-15 00:00:00+09:00,-862.2193160638576,-902.5099383098323,-848.7891086485328,-881.0216064453125,540000,0.0,0.0
2006-08-16 00:00:00+09:00,-975.03317533525,-1007.2656769992252,-953.5448408926,-961.6029663085938,1200000,0.0,0.0
2006-08-17 00:00:00+09:00,-1001.8933661778767,-1044.870025316874,-993.8352425893147,-1031.4398193359375,1360000,0.0,0.0
2006-08-18 00:00:00+09:00,-1028.7538767012338,-1028.7538767012338,-996.5213792588976,-1015.3236694335938,420000,0.0,0.0
2006-08-21 00:00:00+09:00,-1028.7537309296276,-1060.9862238047074,-1023.381648783781,-1052.9281005859375,440000,0.0,0.0
2006-08-22 00:00:00+09:00,-1050.242059513014,-1060.9862238047074,-1028.7537309296276,-1052.9281005859375,230000,0.0,0.0
2006-08-23 00:00:00+09:00,-1058.3002991809797,-1082.4746714972964,-1044.8700923385813,-1055.6142578125,400000,0.0,0.0
2006-08-24 00:00:00+09:00,-1028.753895996094,-1034.1259790039064,-1004.5795224609376,-1007.2655639648438,340000,0.0,0.0
2006-08-25 00:00:00+09:00,-993.83544921875,-1018.0098250105574,-988.4633657094595,-993.83544921875,290000,0.0,0.0
2006-08-28 00:00:00+09:00,-993.8352598576005,-1004.579424829034,-966.9748474290167,-969.660888671875,100000,0.0,0.0
2006-08-29 00:00:00+09:00,-972.3470037348756,-988.463252415564,-945.4865892670613,-964.2888793945312,330000,0.0,0.0
2006-08-30 00:00:00+09:00,-972.3471682977805,-1007.2657130156565,-956.2309168895299,-996.5215454101562,350000,0.0,0.0
2006-08-31 00:00:00+09:00,-993.8351673897499,-1004.579331361531,-975.032880439133,-983.0910034179688,170000,0.0,0.0
2006-09-01 00:00:00+09:00,-993.835454305013,-993.835454305013,-956.2308695475259,-966.9750366210938,330000,0.0,0.0
2006-09-04 00:00:00+09:00,-991.1492963518415,-1020.6957523406498,-975.0330476306734,-1015.3236694335938,380000,0.0,0.0
2006-09-05 00:00:00+09:00,-1028.7541100752983,-1036.8122362638776,-1012.6378576981394,-1020.6959838867188,270000,0.0,0.0
2006-09-06 00:00:00+09:00,-1018.0099289308605,-1028.7540970462258,-996.52159270013,-1001.8936767578125,130000,0.0,0.0
2006-09-07 00:00:00+09:00,-985.7771484044187,-996.521313509644,-983.0911071281124,-991.1492309570312,120000,0.0,0.0
2006-09-08 00:00:00+09:00,-980.4050658518061,-999.2073547859503,-975.0329832991935,-991.1492309570312,116500,0.0,0.0
2006-09-11 00:00:00+09:00,-1007.2656918878424,-1007.2656918878424,-977.7192315924658,-980.4052734375,84100,0.0,0.0
2006-09-12 00:00:00+09:00,-969.660987875495,-985.7772369814589,-948.1726557342098,-953.5447387695312,140000,0.0,0.0
2006-09-13 00:00:00+09:00,-975.0327641345322,-977.7188048070791,-915.9398693384999,-921.3119506835938,190000,0.0,0.0
2006-09-14 00:00:00+09:00,-929.3705524262928,-937.4286786033994,-889.0799215407599,-902.5101318359375,270000,0.0,0.0
2006-09-15 00:00:00+09:00,-910.5679062851915,-910.5679062851915,-881.0214550487988,-894.45166015625,140000,0.0,0.0
2006-09-18 00:00:00+09:00,-894.45166015625,-894.45166015625,-894.45166015625,-894.45166015625,0,0.0,0.0
2006-09-19 00:00:00+09:00,-886.3934822542121,-899.8236865307912,-870.2772371223174,-891.7655639648438,180000,0.0,0.0
2006-09-20 00:00:00+09:00,-883.7076307635441,-886.3936721944364,-848.7890921619452,-862.2192993164062,169400,0.0,0.0
2006-09-21 00:00:00+09:00,-859.5332278481013,-862.2192691851267,-838.0448971518988,-848.7890625,310000,0.0,0.0
2006-09-22 00:00:00+09:00,-838.0450461647728,-886.393798828125,-835.3590043501421,-886.393798828125,270000,0.0,0.0
2006-09-25 00:00:00+09:00,-878.3355607657596,-883.707643706223,-843.4170216527478,-856.8472290039062,260000,0.0,0.0
2006-09-26 00:00:00+09:00,-1617.362404352502,-1647.7830138387558,-1592.0118964472902,-1602.152099609375,220000,1500.0,0.0
2006-09-27 00:00:00+09:00,-1647.7830810546875,-1657.9232846304087,-1612.2923685396636,-1647.7830810546875,190000,0.0,0.0
2006-09-28 00:00:00+09:00,-1688.3438604946793,-1789.7458941580235,-1673.1335554451778,-1764.3953857421875,590000,0.0,0.0
2006-09-29 00:00:00+09:00,-1774.5357937282986,-1835.3770209418403,-1764.3955891927085,-1825.23681640625,310000,0.0,0.0
2006-10-02 00:00:00+09:00,-1835.3769280510978,-1911.428458218961,-1835.3769280510978,-1875.937744140625,380000,0.0,0.0
2006-10-03 00:00:00+09:00,-1860.7275652898086,-1916.4986912249253,-1845.5172582165949,-1911.4285888671875,230000,0.0,0.0
2006-10-04 00:00:00+09:00,-1911.4285968717982,-1916.4986992507686,-1845.5172659451846,-1855.657470703125,230000,0.0,0.0
2006-10-05 00:00:00+09:00,-1875.9377697686461,-1886.0779739295579,-1815.0965448031766,-1835.376953125,170000,0.0,0.0
2006-10-06 00:00:00+09:00,-1784.6759072580644,-1799.886213285832,-1713.6944791284823,-1728.90478515625,320000,0.0,0.0
2006-10-09 00:00:00+09:00,-1728.9047851562498,-1728.9047851562498,-1728.9047851562498,-1728.90478515625,0,0.0,0.0
2006-10-10 00:00:00+09:00,-1657.9234619140625,-1698.4842805541618,-1647.7832572540376,-1657.9234619140625,430000,0.0,0.0
2006-10-11 00:00:00+09:00,-1647.7833202050167,-1657.9235252524322,-1607.2225000153546,-1612.2926025390625,160000,0.0,0.0
2006-10-12 00:00:00+09:00,-1632.5727993456724,-1647.7831049296383,-1571.731577009809,-1607.2222900390625,550000,0.0,0.0
2006-10-13 00:00:00+09:00,-1652.8529590128464,-1764.3951832407072,-1642.7127568103135,-1739.044677734375,590000,0.0,0.0
2006-10-16 00:00:00+09:00,-1769.4656644112724,-1774.5357666015625,-1728.904846888951,-1774.5357666015625,200000,0.0,0.0
2006-10-17 00:00:00+09:00,-1799.8865090925144,-1810.0267147775426,-1784.6762005649719,-1794.81640625,200000,0.0,0.0
2006-10-18 00:00:00+09:00,-1718.7646425083706,-1784.6759709821429,-1703.5543359375001,-1774.5357666015625,230000,0.0,0.0
2006-10-19 00:00:00+09:00,-1810.0264832869818,-1886.0780161981997,-1769.4656657343326,-1865.797607421875,540000,0.0,0.0
2006-10-20 00:00:00+09:00,-1850.5870909759965,-1860.7272942142213,-1723.8345504981885,-1749.18505859375,470000,0.0,0.0
2006-10-23 00:00:00+09:00,-1754.2553913805068,-1794.8162096783221,-1723.8347776571454,-1769.4656982421875,220000,0.0,0.0
2006-10-24 00:00:00+09:00,-1784.675746984649,-1789.7458485385828,-1728.9046298913788,-1733.9747314453125,160000,0.0,0.0
2006-10-25 00:00:00+09:00,-1733.9748657948871,-1749.1851716351932,-1708.6243560610437,-1713.6944580078125,170000,0.0,0.0
2006-10-26 00:00:00+09:00,-1723.834683146994,-1733.9748871655056,-1713.6944791284823,-1728.90478515625,150000,0.0,0.0
2006-10-27 00:00:00+09:00,-1744.1147788356416,-1744.1147788356416,-1723.834374430576,-1739.044677734375,130000,0.0,0.0
2006-10-30 00:00:00+09:00,-1739.044637777426,-1744.1147387621997,-1678.2034259601398,-1688.3436279296875,109100,0.0,0.0
2006-10-31 00:00:00+09:00,-1708.6242456408515,-1754.2551602128624,-1688.3438391644024,-1749.18505859375,150000,0.0,0.0
2006-11-01 00:00:00+09:00,-1495.6800537109373,-1495.6800537109373,-1495.6800537109373,-1495.6800537109375,54700,0.0,0.0
2006-11-02 00:00:00+09:00,-1475.3997179396608,-1485.5399221866687,-1389.207981840093,-1429.768798828125,2260000,0.0,0.0
2006-11-03 00:00:00+09:00,-1429.7687988281248,-1429.7687988281248,-1429.7687988281248,-1429.768798828125,0,0.0,0.0
2006-11-06 00:00:00+09:00,-1419.6285083912037,-1424.6986102068865,-1338.5068793402777,-1368.927490234375,1400000,0.0,0.0
2006-11-07 00:00:00+09:00,-1399.3481110390342,-1434.838824000169,-1384.1378054842621,-1404.418212890625,790000,0.0,0.0
2006-11-08 00:00:00+09:00,-1373.9977075845115,-1389.2080143105393,-1328.366787406428,-1333.4368896484375,600000,0.0,0.0
2006-11-09 00:00:00+09:00,-1338.5069030295801,-1338.5069030295801,-1282.7357820700142,-1328.36669921875,570000,0.0,0.0
2006-11-10 00:00:00+09:00,-1338.5069121747213,-1384.1378296352232,-1318.226504414498,-1363.857421875,470000,0.0,0.0
2006-11-13 00:00:00+09:00,-1348.6471068404103,-1353.7172087458255,-1323.296597313335,-1328.36669921875,310000,0.0,0.0
2006-11-14 00:00:00+09:00,-1348.6468505859375,-1379.067456238252,-1338.5066487018328,-1348.6468505859375,320000,0.0,0.0
2006-11-15 00:00:00+09:00,-1399.3481011284723,-1444.9790174696182,-1358.7872866030093,-1368.927490234375,700000,0.0,0.0
2006-11-16 00:00:00+09:00,-1399.3479525105338,-1399.3479525105338,-1348.646939738413,-1353.717041015625,240000,0.0,0.0
2006-11-17 00:00:00+09:00,-1373.997721668376,-1373.997721668376,-1297.9461872586874,-1313.156494140625,390000,0.0,0.0
2006-11-20 00:00:00+09:00,-1292.8761066374232,-1292.8761066374232,-1232.0348780897798,-1237.10498046875,270000,0.0,0.0
2006-11-21 00:00:00+09:00,-1252.3153610535894,-1262.45556640625,-1211.7545396429468,-1262.45556640625,240000,0.0,0.0
2006-11-22 00:00:00+09:00,-1297.9462548638135,-1303.0163574218752,-1252.3153318412574,-1303.016357421875,270000,0.0,0.0
2006-11-23 00:00:00+09:00,-1303.0163574218752,-1303.0163574218752,-1303.0163574218752,-1303.016357421875,0,0.0,0.0
2006-11-24 00:00:00+09:00,-1318.2264293323865,-1318.2264293323865,-1257.3852095170455,-1282.7357177734375,250000,0.0,0.0
2006-11-27 00:00:00+09:00,-1272.5957420735044,-1308.086459979937,-1252.3153318412574,-1303.016357421875,238500,0.0,0.0
2006-11-28 00:00:00+09:00,-1379.067928436388,-1424.6988525390625,-1368.9277230802381,-1424.6988525390625,1190000,0.0,0.0
2006-11-29 00:00:00+09:00,-1460.1895161290322,-1480.4699260752686,-1389.2080813172042,-1414.55859375,976800,0.0,0.0
2006-11-30 00:00:00+09:00,-1424.6988525390625,-1429.7689552171375,-1394.278236470613,-1424.6988525390625,640000,0.0,0.0
2006-12-01 00:00:00+09:00,-1424.698696704621,-1450.0492073221408,-1404.418288210605,-1429.768798828125,440000,0.0,0.0
2006-12-04 00:00:00+09:00,-1429.768765183304,-1444.9790711958922,-1429.768765183304,-1434.8388671875,170000,0.0,0.0
2006-12-05 00:00:00+09:00,-1450.04921503298,-1470.3296236348401,-1429.7688064311203,-1465.259521484375,340000,0.0,0.0
2006-12-06 00:00:00+09:00,-1470.329677935728,-1485.5399849488563,-1450.0492685848903,-1475.3997802734375,240000,0.0,0.0
2006-12-07 00:00:00+09:00,-1475.399636586507,-1480.469738430447,-1450.0491273668076,-1460.1893310546875,270000,0.0,0.0
2006-12-08 00:00:00+09:00,-1465.2594328986274,-1475.399636586507,-1460.1893310546875,-1460.1893310546875,180000,0.0,0.0
2006-12-11 00:00:00+09:00,-1439.9090163416142,-1444.979118511831,-1399.3481989798786,-1409.4884033203125,590000,0.0,0.0
2006-12-12 00:00:00+09:00,-1429.7689552171375,-1444.9792632513625,-1414.5586471829126,-1424.6988525390625,190000,0.0,0.0
2006-12-13 00:00:00+09:00,-1424.6986631791078,-1434.8388671875,-1419.6285611749117,-1434.8388671875,150000,0.0,0.0
2006-12-14 00:00:00+09:00,-1439.909111396416,-1460.1895214160838,-1434.8390088914991,-1450.04931640625,128300,0.0,0.0
2006-12-15 00:00:00+09:00,-1455.119418911167,-1460.1895214160838,-1434.8390088914991,-1450.04931640625,210000,0.0,0.0
2006-12-18 00:00:00+09:00,-1455.119418911167,-1455.119418911167,-1439.909111396416,-1450.04931640625,110000,0.0,0.0
2006-12-19 00:00:00+09:00,-1450.0491295549411,-1450.0491295549411,-1394.2780091874436,-1404.418212890625,170000,0.0,0.0
2006-12-20 00:00:00+09:00,-1404.4183011500954,-1414.5585054905293,-1394.2780968096615,-1409.4884033203125,130000,0.0,0.0
2006-12-21 00:00:00+09:00,-1394.278193231839,-1394.278193231839,-1353.7173730650945,-1358.7874755859375,270000,0.0,0.0
2006-12-22 00:00:00+09:00,-1373.9976677911932,-1439.908995028409,-1373.9976677911932,-1394.278076171875,450000,0.0,0.0
2006-12-25 00:00:00+09:00,-1394.2780211731629,-1404.418224963513,-1363.857409802112,-1384.1378173828125,180000,0.0,0.0
2006-12-26 00:00:00+09:00,-1384.137838612432,-1399.34814453125,-1379.0677366394928,-1399.34814453125,90000,0.0,0.0
2006-12-27 00:00:00+09:00,-1429.7687563688858,-1429.7687563688858,-1394.2780425583107,-1399.34814453125,240000,0.0,0.0
2006-12-28 00:00:00+09:00,-1399.3482122490877,-1404.4183144673816,-1368.927598939325,-1389.2080078125,250000,0.0,0.0
2006-12-29 00:00:00+09:00,-1389.2079740767044,-1394.278076171875,-1379.0677698863635,-1394.278076171875,90000,0.0,0.0
2007-01-04 00:00:00+09:00,-1394.2780091874436,-1404.418212890625,-1384.1378054842621,-1404.418212890625,70000,0.0,0.0
2007-01-05 00:00:00+09:00,-1404.418288210605,-1450.0492073221408,-1404.418288210605,-1429.768798828125,310000,0.0,0.0
2007-01-09 00:00:00+09:00,-1429.7686763411903,-1485.539794921875,-1429.7686763411903,-1485.539794921875,340000,0.0,0.0
2007-01-10 00:00:00+09:00,-1495.680253715391,-1571.7317920399025,-1490.6101511604236,-1556.521484375,840000,0.0,0.0
2007-01-11 00:00:00+09:00,-1571.7315118963068,-1586.941816850142,-1531.1706986860795,-1561.59130859375,470000,0.0,0.0
2007-01-12 00:00:00+09:00,-1561.5911933813204,-1586.9416997673807,-1338.506737183989,-1353.717041015625,2950000,0.0,0.0
2007-01-15 00:00:00+09:00,-1343.5770022214115,-1414.5584287538634,-1308.0862889551854,-1384.1378173828125,1880000,0.0,0.0
2007-01-16 00:00:00+09:00,-1343.5771484374998,-1363.8575582252356,-1328.366841096698,-1343.5771484375,400000,0.0,0.0
2007-01-17 00:00:00+09:00,-1404.418280362216,-1424.6986887428977,-1379.0677698863635,-1394.278076171875,1000000,0.0,0.0
2007-01-18 00:00:00+09:00,-1414.558350030307,-1480.4696709994612,-1404.4181468042834,-1470.3294677734375,870000,0.0,0.0
2007-01-19 00:00:00+09:00,-1470.3297223542866,-1556.5214646991928,-1455.119414881656,-1541.3111572265625,830000,0.0,0.0
2007-01-22 00:00:00+09:00,-1531.1710013195027,-1541.3112066262543,-1505.8204880526234,-1515.960693359375,260000,0.0,0.0
2007-01-23 00:00:00+09:00,-1485.5399247233072,-1526.1007417805988,-1480.4698225911457,-1521.0306396484375,140000,0.0,0.0
2007-01-24 00:00:00+09:00,-1521.0304953835227,-1571.7315118963068,-1495.6799871271307,-1561.59130859375,290000,0.0,0.0
2007-01-25 00:00:00+09:00,-1586.9418384243982,-1637.6428556264557,-1576.8016349839868,-1632.57275390625,470000,0.0,0.0
2007-01-26 00:00:00+09:00,-1586.9420230865478,-1627.5028415679933,-1586.9420230865478,-1622.4327392578125,170000,0.0,0.0
2007-01-29 00:00:00+09:00,-1607.222327260502,-1607.222327260502,-1536.2408995581454,-1546.381103515625,260000,0.0,0.0
2007-01-30 00:00:00+09:00,-1541.3109482020548,-1541.3109482020548,-1465.2594211526114,-1480.4697265625,470000,0.0,0.0
2007-01-31 00:00:00+09:00,-1480.4698225911457,-1526.1007417805988,-1475.3997204589843,-1521.0306396484375,270000,0.0,0.0
2007-02-01 00:00:00+09:00,-1526.1006744586869,-1546.3810820926892,-1521.0305725501862,-1531.1707763671875,129800,0.0,0.0
2007-02-02 00:00:00+09:00,-1526.1008986661268,-1526.1008986661268,-1505.8204880526234,-1515.960693359375,78300,0.0,0.0
2007-02-05 00:00:00+09:00,-1500.7503853992475,-1526.1008986661268,-1480.4699747857442,-1515.960693359375,160000,0.0,0.0
2007-02-06 00:00:00+09:00,-1475.39955855389,-1521.0304727359692,-1465.259355402317,-1490.60986328125,250000,0.0,0.0
2007-02-07 00:00:00+09:00,-1505.8203930901093,-1581.8719280946602,-1490.610086089199,-1566.66162109375,320000,0.0,0.0
2007-02-08 00:00:00+09:00,-1617.3627245181076,-1678.2039555344627,-1612.2926219334113,-1627.5029296875,1330000,0.0,0.0
2007-02-09 00:00:00+09:00,-1602.15233001709,-1632.5729438781739,-1576.8018184661867,-1622.4327392578125,310000,0.0,0.0
2007-02-13 00:00:00+09:00,-1632.573224962855,-1657.9237408784272,-1622.433018596626,-1652.8536376953125,120000,0.0,0.0
2007-02-14 00:00:00+09:00,-1657.9231545840994,-1733.9746754365808,-1647.7829518037684,-1723.83447265625,340000,0.0,0.0
2007-02-15 00:00:00+09:00,-1739.0450498282191,-1739.0450498282191,-1662.9935170368976,-1683.27392578125,230000,0.0,0.0
2007-02-16 00:00:00+09:00,-1683.2732781203633,-1718.7639797674794,-1678.2031778850612,-1708.623779296875,100000,0.0,0.0
2007-02-19 00:00:00+09:00,-1683.2739597101586,-1703.554368863293,-1652.8533459804569,-1678.203857421875,120000,0.0,0.0
2007-02-20 00:00:00+09:00,-1673.133748372396,-1673.133748372396,-1642.713134765625,-1642.713134765625,90000,0.0,0.0
2007-02-21 00:00:00+09:00,-1617.3627050627701,-1632.5730126338933,-1607.2225000153546,-1612.2926025390625,130000,0.0,0.0
2007-02-22 00:00:00+09:00,-1622.4324742759147,-1662.9932861328127,-1612.2922713116902,-1662.9932861328125,157800,0.0,0.0
2007-02-23 00:00:00+09:00,-1637.643039115606,-1688.3440619984422,-1637.643039115606,-1678.203857421875,130000,0.0,0.0
2007-02-26 00:00:00+09:00,-1673.1335899939904,-1698.4840989332934,-1632.5727756911058,-1647.7830810546875,170000,0.0,0.0
2007-02-27 00:00:00+09:00,-1657.9234554290772,-1657.9234554290772,-1617.362636947632,-1622.4327392578125,60000,0.0,0.0
2007-02-28 00:00:00+09:00,-1475.3998434955213,-1566.661689484935,-1450.049330720684,-1556.521484375,140000,0.0,0.0
2007-03-01 00:00:00+09:00,-1571.7316134093237,-1586.941919345543,-1515.9604916431865,-1546.381103515625,130000,0.0,0.0
2007-03-02 00:00:00+09:00,-1541.3112066262543,-1541.3112066262543,-1505.8204880526234,-1515.960693359375,136800,0.0,0.0
2007-03-05 00:00:00+09:00,-1485.539930086235,-1500.75023653763,-1460.18941933391,-1465.259521484375,170000,0.0,0.0
2007-03-06 00:00:00+09:00,-1450.0490830978028,-1500.7500999893346,-1450.0490830978028,-1485.539794921875,137300,0.0,0.0
2007-03-07 00:00:00+09:00,-1526.1008036505314,-1526.1008036505314,-1475.3997802734373,-1475.3997802734375,110000,0.0,0.0
2007-03-08 00:00:00+09:00,-1470.3295652658348,-1510.890380859375,-1470.3295652658348,-1510.890380859375,68200,0.0,0.0
2007-03-09 00:00:00+09:00,-1521.0305847577602,-1521.0305847577602,-1510.890380859375,-1510.890380859375,60000,0.0,0.0
2007-03-12 00:00:00+09:00,-1510.8903033676409,-1526.1006084351002,-1475.3995915435687,-1485.539794921875,140000,0.0,0.0
2007-03-13 00:00:00+09:00,-1485.5398744589775,-1485.5398744589775,-1450.0491607347014,-1455.1192626953125,110000,0.0,0.0
2007-03-14 00:00:00+09:00,-1424.6986202969877,-1429.7687221485785,-1394.2780091874436,-1404.418212890625,140000,0.0,0.0
2007-03-15 00:00:00+09:00,-1414.5585937499998,-1434.8390036962364,-1409.4884912634407,-1414.55859375,140000,0.0,0.0
2007-03-16 00:00:00+09:00,-1424.6986419677733,-1429.7687438964842,-1399.3481323242186,-1419.6285400390625,130000,0.0,0.0
2007-03-19 00:00:00+09:00,-1404.418280362216,-1409.4883824573863,-1389.2079740767044,-1394.278076171875,170000,0.0,0.0
2007-03-20 00:00:00+09:00,-1414.5584165938064,-1414.5584165938064,-1394.2780091874436,-1404.418212890625,130000,0.0,0.0
2007-03-22 00:00:00+09:00,-1434.8389085815852,-1480.46982793577,-1424.6987042806554,-1465.259521484375,160000,0.0,0.0
2007-03-23 00:00:00+09:00,-1470.3295347425671,-1475.399636586507,-1450.0491273668076,-1460.1893310546875,100000,0.0,0.0
2007-03-26 00:00:00+09:00,-1470.3296183268228,-1531.1708439127603,-1465.2595161946615,-1521.0306396484375,210000,0.0,0.0
2007-03-27 00:00:00+09:00,-4547.881853490094,-4730.40553991779,-4547.881853490094,-4654.35400390625,230000,2000.0,0.0
2007-03-28 00:00:00+09:00,-4547.8824641927085,-4623.934010416667,-4532.672154947917,-4563.0927734375,110000,0.0,0.0
2007-03-29 00:00:00+09:00,-4517.461490553253,-4532.671798602254,-4456.620258357249,-4471.83056640625,160000,0.0,0.0
2007-03-30 00:00:00+09:00,-4441.409809620307,-4456.6201171875,-4334.937656649958,-4456.6201171875,199800,0.0,0.0
2007-04-02 00:00:00+09:00,-4395.778871763003,-4410.9891792777535,-4274.096411644996,-4350.14794921875,200000,0.0,0.0
2007-04-03 00:00:00+09:00,-4350.148577008928,-4365.35888671875,-4213.255789620535,-4258.88671875,140000,0.0,0.0
2007-04-04 00:00:00+09:00,-4289.306269106658,-4304.5165750254755,-4182.8341276749325,-4198.04443359375,189300,0.0,0.0
2007-04-05 00:00:00+09:00,-4228.4658203125,-4258.88643772482,-4198.04520290018,-4228.4658203125,118400,0.0,0.0
2007-04-06 00:00:00+09:00,-4228.464811318035,-4258.885421471402,-4106.782370704566,-4121.99267578125,210000,0.0,0.0
2007-04-09 00:00:00+09:00,-4167.623244341682,-4167.623244341682,-4121.992332907284,-4137.20263671875,80000,0.0,0.0
2007-04-10 00:00:00+09:00,-4182.833694625687,-4182.833694625687,-4137.202781593406,-4152.4130859375,79400,0.0,0.0
2007-04-11 00:00:00+09:00,-4152.412646484375,-4167.62294921875,-4076.3611328125003,-4106.78173828125,120000,0.0,0.0
2007-04-12 00:00:00+09:00,-4106.78252830934,-4106.78252830934,-4045.9413056677204,-4061.151611328125,84900,0.0,0.0
2007-04-13 00:00:00+09:00,-4076.362787356322,-4076.362787356322,-3954.680316091954,-3969.890625,210000,0.0,0.0
2007-04-16 00:00:00+09:00,-4015.52099609375,-4045.9416097005205,-3772.156087239583,-3832.997314453125,460000,0.0,0.0
2007-04-17 00:00:00+09:00,-3878.6280727386475,-3969.8899097442627,-3848.2074604034424,-3893.83837890625,260000,0.0,0.0
2007-04-18 00:00:00+09:00,-3832.997544642857,-3832.997544642857,-3726.525390625,-3726.525390625,250000,0.0,0.0
2007-04-19 00:00:00+09:00,-3787.3663940429688,-3909.048848470052,-3756.9457804361978,-3832.997314453125,390000,0.0,0.0
2007-04-20 00:00:00+09:00,-3848.2075577096193,-3909.048783918467,-3680.894185635288,-3696.1044921875,240000,0.0,0.0
2007-04-23 00:00:00+09:00,-3696.105047607422,-3741.735974121094,-3604.843194580078,-3650.47412109375,320000,0.0,0.0
2007-04-24 00:00:00+09:00,-3711.3148801239877,-3802.576721438512,-3650.4736525809717,-3756.94580078125,250000,0.0,0.0
2007-04-25 00:00:00+09:00,-3802.576721438512,-3817.787028324266,-3741.735493895496,-3756.94580078125,110000,0.0,0.0
2007-04-26 00:00:00+09:00,-3817.7869446051955,-3817.7869446051955,-3696.1044921875,-3696.1044921875,130000,0.0,0.0
2007-04-27 00:00:00+09:00,-3741.735107421875,-3756.945412736598,-3711.314496792429,-3741.735107421875,70000,0.0,0.0
2007-05-01 00:00:00+09:00,-3696.1048892123026,-3756.9461219565383,-3133.323486328125,-3133.323486328125,1270000,0.0,0.0
2007-05-02 00:00:00+09:00,-3011.6403360172194,-3163.7433832908164,-2950.7991171077806,-2981.2197265625,3220000,0.0,0.0
2007-05-07 00:00:00+09:00,-2813.9065793960813,-2874.747802734375,-2783.4859677269346,-2874.747802734375,2754800,0.0,0.0
2007-05-08 00:00:00+09:00,-2966.009578704834,-2966.009578704834,-2920.378662109375,-2920.378662109375,665700,0.0,0.0
2007-05-09 00:00:00+09:00,-3011.640807194496,-3072.482035622668,-2996.4305000874533,-3057.271728515625,1278600,0.0,0.0
2007-05-10 00:00:00+09:00,-2950.799273173014,-3011.640495300293,-2889.958051045736,-2920.378662109375,880000,0.0,0.0
2007-05-11 00:00:00+09:00,-2874.7485696682756,-2966.010429022824,-2874.7485696682756,-2905.169189453125,351900,0.0,0.0
2007-05-14 00:00:00+09:00,-2829.117394488791,-2844.3277030613112,-2783.4864687712297,-2798.69677734375,322500,0.0,0.0
2007-05-15 00:00:00+09:00,-2677.0137723214284,-2707.4343833705357,-2661.803466796875,-2661.803466796875,439200,0.0,0.0
2007-05-16 00:00:00+09:00,-2737.855224609375,-2753.0655314127603,-2722.6449178059893,-2737.855224609375,257900,0.0,0.0
2007-05-17 00:00:00+09:00,-2570.541890222886,-2616.172811351103,-2570.541890222886,-2585.752197265625,381900,0.0,0.0
2007-05-18 00:00:00+09:00,-2479.2798280658144,-2509.700439453125,-2479.2798280658144,-2509.700439453125,336600,0.0,0.0
2007-05-21 00:00:00+09:00,-2464.069740923713,-2646.593425436581,-2448.8594338809744,-2585.752197265625,600000,0.0,0.0
2007-05-22 00:00:00+09:00,-2585.752253186103,-2722.64501953125,-2570.54194581442,-2722.64501953125,410000,0.0,0.0
2007-05-23 00:00:00+09:00,-2722.6449795308085,-2722.6449795308085,-2616.172829493291,-2692.224365234375,250000,0.0,0.0
2007-05-24 00:00:00+09:00,-2661.803670012193,-2661.803670012193,-2616.172749954841,-2631.383056640625,127900,0.0,0.0
2007-05-25 00:00:00+09:00,-2540.121216525921,-2646.593363326409,-2540.121216525921,-2631.383056640625,326300,0.0,0.0
2007-05-28 00:00:00+09:00,-2661.80332227685,-2677.013626975575,-2631.3827128794,-2646.593017578125,206400,0.0,0.0
2007-05-29 00:00:00+09:00,-2631.383056640625,-2661.803670012193,-2631.383056640625,-2631.383056640625,108800,0.0,0.0
2007-05-30 00:00:00+09:00,-2616.1724632218566,-2631.3827682405886,-2600.962158203125,-2600.962158203125,100100,0.0,0.0
2007-05-31 00:00:00+09:00,-2616.1724632218566,-2616.1724632218566,-2600.962158203125,-2600.962158203125,88700,0.0,0.0
2007-06-01 00:00:00+09:00,-2646.5934826728353,-2722.64501953125,-2631.3831753011523,-2722.64501953125,288500,0.0,0.0
2007-06-04 00:00:00+09:00,-2753.0655718792923,-2783.4861859332073,-2737.855264852335,-2768.27587890625,198000,0.0,0.0
2007-06-05 00:00:00+09:00,-2768.27587890625,-2768.27587890625,-2737.855264852335,-2768.27587890625,117100,0.0,0.0
2007-06-06 00:00:00+09:00,-2722.6449178059893,-2753.0655314127603,-2722.6449178059893,-2737.855224609375,134900,0.0,0.0
2007-06-07 00:00:00+09:00,-2692.224404787884,-2753.065634274616,-2692.224404787884,-2722.64501953125,164400,0.0,0.0
2007-06-08 00:00:00+09:00,-2677.013957162921,-2707.4345703125,-2677.013957162921,-2707.4345703125,128300,0.0,0.0
2007-06-11 00:00:00+09:00,-2707.4345703125,-2737.8551834620785,-2692.2242637377108,-2707.4345703125,124300,0.0,0.0
2007-06-12 00:00:00+09:00,-2692.2242637377108,-2722.6448768872892,-2692.2242637377108,-2707.4345703125,163900,0.0,0.0
2007-06-13 00:00:00+09:00,-2677.0146484375,-2692.2249589399858,-2661.8043379350142,-2677.0146484375,127000,0.0,0.0
2007-06-14 00:00:00+09:00,-2829.117264597039,-2889.95849609375,-2783.4863409745067,-2889.95849609375,613500,0.0,0.0
2007-06-15 00:00:00+09:00,-2859.538049185148,-2889.9586667296708,-2813.907122868364,-2829.117431640625,233500,0.0,0.0
2007-06-18 00:00:00+09:00,-2905.1689819968424,-2935.589599609375,-2889.958673190576,-2935.589599609375,181200,0.0,0.0
2007-06-19 00:00:00+09:00,-2981.22042123067,-2981.22042123067,-2935.5894964159147,-2950.7998046875,276400,0.0,0.0
2007-06-20 00:00:00+09:00,-2920.378720238095,-2920.378720238095,-2874.747802734375,-2874.747802734375,244000,0.0,0.0
2007-06-21 00:00:00+09:00,-2859.53759765625,-2874.7479040267617,-2844.327291285738,-2859.53759765625,113000,0.0,0.0
2007-06-22 00:00:00+09:00,-2813.90673828125,-2829.117044974662,-2798.6964315878377,-2813.90673828125,112600,0.0,0.0
2007-06-25 00:00:00+09:00,-2692.2242637377108,-2737.8551834620785,-2692.2242637377108,-2707.4345703125,261500,0.0,0.0
2007-06-26 00:00:00+09:00,-2677.0137723214284,-2692.2240778459823,-2631.3828557477677,-2661.803466796875,138400,0.0,0.0
2007-06-27 00:00:00+09:00,-2524.910715610166,-2524.910715610166,-2403.228271484375,-2403.228271484375,759800,0.0,0.0
2007-06-28 00:00:00+09:00,-2479.2798280658144,-2509.700439453125,-2464.069522372159,-2509.700439453125,419600,0.0,0.0
2007-06-29 00:00:00+09:00,-2464.06982421875,-2479.2801317756557,-2448.8595166618443,-2464.06982421875,130000,0.0,0.0
2007-07-02 00:00:00+09:00,-2418.438605291193,-2509.700439453125,-2418.438605291193,-2509.700439453125,290000,0.0,0.0
2007-07-03 00:00:00+09:00,-2494.4901337594697,-2524.9107451467803,-2464.069522372159,-2509.700439453125,170000,0.0,0.0
2007-07-04 00:00:00+09:00,-2540.121153296494,-2540.121153296494,-2464.0696217606705,-2494.490234375,140000,0.0,0.0
2007-07-05 00:00:00+09:00,-2509.700439453125,-2524.9107451467803,-2494.4901337594697,-2509.700439453125,90000,0.0,0.0
2007-07-06 00:00:00+09:00,-2494.490439332562,-2509.7007468894676,-2464.06982421875,-2464.06982421875,79200,0.0,0.0
2007-07-09 00:00:00+09:00,-2388.01859000344,-2433.649518474843,-2372.808280512972,-2418.439208984375,380000,0.0,0.0
2007-07-10 00:00:00+09:00,-2388.01859000344,-2448.8598279653106,-2372.808280512972,-2418.439208984375,230000,0.0,0.0
2007-07-11 00:00:00+09:00,-2403.228644120066,-2403.228644120066,-2311.966796875,-2311.966796875,300000,0.0,0.0
2007-07-12 00:00:00+09:00,-2311.9671114723155,-2357.5980413040056,-2251.125871696728,-2266.336181640625,270000,0.0,0.0
2007-07-13 00:00:00+09:00,-2281.545662715517,-2311.9662715517243,-2190.2838362068965,-2205.494140625,330000,0.0,0.0
2007-07-17 00:00:00+09:00,-2235.914749461207,-2235.914749461207,-2190.2838362068965,-2205.494140625,225400,0.0,0.0
2007-07-18 00:00:00+09:00,-2220.7044450431035,-2220.7044450431035,-2190.2838362068965,-2205.494140625,155400,0.0,0.0
2007-07-19 00:00:00+09:00,-2175.0738319074603,-2175.0738319074603,-2129.4429123569544,-2159.863525390625,165700,0.0,0.0
2007-07-20 00:00:00+09:00,-2129.4429123569544,-2159.863525390625,-2129.4429123569544,-2159.863525390625,128000,0.0,0.0
2007-07-23 00:00:00+09:00,-2053.391014547909,-2083.811622170841,-2038.180710736443,-2068.601318359375,151400,0.0,0.0
2007-07-24 00:00:00+09:00,-2068.601318359375,-2099.021925982307,-2068.601318359375,-2068.601318359375,247200,0.0,0.0
2007-07-25 00:00:00+09:00,-1946.919189453125,-1962.1294956207275,-1931.7088832855225,-1946.919189453125,326900,0.0,0.0
2007-07-26 00:00:00+09:00,-1931.709228515625,-1946.9195374015749,-1916.4989196296754,-1931.709228515625,495900,0.0,0.0
2007-07-27 00:00:00+09:00,-1931.708924278846,-2022.970763221154,-1931.708924278846,-1977.33984375,479700,0.0,0.0
2007-07-30 00:00:00+09:00,-1931.708924278846,-2022.970763221154,-1931.708924278846,-1977.33984375,200000,0.0,0.0
2007-07-31 00:00:00+09:00,-1977.33984375,-2038.1810697115384,-1946.9192307692308,-1977.33984375,162800,0.0,0.0
2007-08-01 00:00:00+09:00,-1901.2881442233247,-1901.2881442233247,-1673.1335669165258,-1688.3438720703125,800000,0.0,0.0
2007-08-02 00:00:00+09:00,-1779.605690791689,-1794.8159958411907,-1718.7644705936825,-1764.3953857421875,450000,0.0,0.0
2007-08-03 00:00:00+09:00,-1460.1893310546875,-1460.1893310546875,-1460.1893310546875,-1460.1893310546875,44700,0.0,0.0
2007-08-06 00:00:00+09:00,-1308.086181640625,-1308.086181640625,-1308.086181640625,-1308.086181640625,58100,0.0,0.0
2007-08-07 00:00:00+09:00,-1155.9833984375,-1155.9833984375,-1155.9833984375,-1155.9833984375,57100,0.0,0.0
2007-08-08 00:00:00+09:00,-1049.5109780051491,-1076.8895252574575,-1003.8800659179688,-1003.8800659179688,5460000,0.0,0.0
2007-08-09 00:00:00+09:00,-927.828857421875,-927.828857421875,-927.828857421875,-927.828857421875,1439500,0.0,0.0
2007-08-10 00:00:00+09:00,-874.5925496057258,-883.7187327320465,-851.7770917899243,-854.8191528320312,4116100,0.0,0.0
2007-08-13 00:00:00+09:00,-903.4922952090992,-930.870849609375,-894.3661104090073,-930.870849609375,2293700,0.0,0.0
2007-08-14 00:00:00+09:00,-946.081018177044,-1006.9222412109375,-912.6183455084026,-1006.9222412109375,2620000,0.0,0.0
2007-08-15 00:00:00+09:00,-1026.6959401358545,-1043.427281382513,-964.3336682164916,-1031.259033203125,4805200,0.0,0.0
2007-08-16 00:00:00+09:00,-1029.7377892863876,-1047.9901577818628,-971.9386223840498,-1008.443359375,1520000,0.0,0.0
2007-08-17 00:00:00+09:00,-1011.4855105725238,-1011.4855105725238,-932.3919067382814,-932.3919067382812,1370000,0.0,0.0
2007-08-20 00:00:00+09:00,-917.1815002441406,-939.9969604492187,-860.9033650716145,-866.9874877929688,1320000,0.0,0.0
2007-08-21 00:00:00+09:00,-866.9876628371904,-866.9876628371904,-793.9781754403743,-806.1464233398438,1770000,0.0,0.0
2007-08-22 00:00:00+09:00,-882.1976928710938,-882.1976928710938,-841.1298692374394,-882.1976928710938,2740000,0.0,0.0
2007-08-23 00:00:00+09:00,-958.2493286132812,-958.2493286132812,-958.2493286132812,-958.2493286132812,1102100,0.0,0.0
2007-08-24 00:00:00+09:00,-996.2748996510226,-1034.3006591796875,-988.6697477452896,-1034.3006591796875,1240000,0.0,0.0
2007-08-27 00:00:00+09:00,-1110.3526611328125,-1110.3526611328125,-1110.3526611328125,-1110.3526611328125,150000,0.0,0.0
2007-08-28 00:00:00+09:00,-1171.1935856516768,-1262.4554234946645,-1084.4948397008384,-1247.2451171875,4840000,0.0,0.0
2007-08-29 00:00:00+09:00,-1277.6657291496904,-1286.791912929331,-1148.3781256047812,-1166.6304931640625,4347600,0.0,0.0
2007-08-30 00:00:00+09:00,-1163.5885715236911,-1177.2778488357346,-1131.6469244622565,-1171.1937255859375,2717800,0.0,0.0
2007-08-31 00:00:00+09:00,-1133.1678794746967,-1148.3781865817398,-1113.394480235541,-1120.9996337890625,1167000,0.0,0.0
2007-09-03 00:00:00+09:00,-1060.1581908254914,-1098.1839508981416,-996.2749139034387,-1003.8800659179688,2290000,0.0,0.0
2007-09-04 00:00:00+09:00,-1034.3008431448063,-1079.9317626953125,-1013.0064140212369,-1079.9317626953125,1070000,0.0,0.0
2007-09-05 00:00:00+09:00,-1155.983424831081,-1213.782596072635,-1038.8640515258269,-1069.28466796875,4300000,0.0,0.0
2007-09-06 00:00:00+09:00,-1038.8641704675595,-1058.6375734193578,-997.7963335676704,-1047.9903564453125,1130000,0.0,0.0
2007-09-07 00:00:00+09:00,-1025.1745177801724,-1119.4784051724139,-1011.4852438038794,-1102.7470703125,1750000,0.0,0.0
2007-09-10 00:00:00+09:00,-1049.5110048491379,-1140.7728313577586,-1047.9899744073275,-1102.7470703125,1430000,0.0,0.0
2007-09-11 00:00:00+09:00,-1034.30091796875,-1072.3266870117188,-950.6442260742188,-950.6442260742188,2740000,0.0,0.0
2007-09-12 00:00:00+09:00,-905.0132021696671,-927.828661047894,-874.5925903320312,-874.5925903320312,2020000,0.0,0.0
2007-09-13 00:00:00+09:00,-935.4339184570313,-950.6442260742188,-921.7446416015624,-950.6442260742188,2344500,0.0,0.0
2007-09-14 00:00:00+09:00,-1026.6954345703125,-1026.6954345703125,-988.669677734375,-1026.6954345703125,2270000,0.0,0.0
2007-09-18 00:00:00+09:00,-1102.7470703125,-1102.7470703125,-1079.931613685345,-1102.7470703125,710000,0.0,0.0
2007-09-19 00:00:00+09:00,-1073.8475274764046,-1095.1419543668715,-1023.6535212345896,-1052.5531005859375,1339800,0.0,0.0
2007-09-20 00:00:00+09:00,-1084.4949761902114,-1102.7473460559654,-1051.032298102996,-1069.28466796875,603100,0.0,0.0
2007-09-21 00:00:00+09:00,-1092.0998898694115,-1092.0998898694115,-994.7539386832801,-1041.9058837890625,910000,0.0,0.0
2007-09-25 00:00:00+09:00,507.87967571155116,511.8412956468987,492.0331959701611,496.7871398925781,470000,2000.0,0.0
2007-09-26 00:00:00+09:00,507.8795999952398,536.4032592773438,501.5410090436611,536.4032592773438,300000,0.0,0.0
2007-09-27 00:00:00+09:00,556.2114318259972,576.01953125,554.626783872077,576.01953125,530000,0.0,0.0
2007-09-28 00:00:00+09:00,597.4123852873502,605.3356264715326,554.6268828927655,578.3966064453125,1150000,0.0,0.0
2007-10-01 00:00:00+09:00,594.2430978798004,657.6290283203125,579.1889394001788,657.6290283203125,630000,0.0,0.0
2007-10-02 00:00:00+09:00,666.3445465416036,736.8613891601562,666.3445465416036,736.8613891601562,1200000,0.0,0.0
2007-10-03 00:00:00+09:00,721.0147783438206,816.0936502133353,689.3218210539823,789.9469604492188,1750000,0.0,0.0
2007-10-04 00:00:00+09:00,783.6083569465799,792.3239200673204,734.484273902406,744.7844848632812,980000,0.0,0.0
2007-10-05 00:00:00+09:00,717.8454269035357,724.9763417403257,710.7145120667456,711.5068359375,807800,0.0,0.0
2007-10-09 00:00:00+09:00,705.1684033816263,711.5069957715735,686.1526262117846,694.0758666992188,400000,0.0,0.0
2007-10-10 00:00:00+09:00,697.2450161637931,705.1682549838363,677.4369191136853,689.32177734375,570000,0.0,0.0
2007-10-11 00:00:00+09:00,701.2067776709488,768.5543212890625,689.3219170324581,768.5543212890625,910000,0.0,0.0
2007-10-12 00:00:00+09:00,792.3240417610607,800.2472821786714,729.730442461937,743.199951171875,1000000,0.0,0.0
2007-10-15 00:00:00+09:00,766.9696639351223,768.5543120011039,713.0916296917459,728.9381103515625,430000,0.0,0.0
2007-10-16 00:00:00+09:00,649.7056274414062,649.7056274414062,649.7056274414062,649.7056274414062,230000,0.0,0.0
2007-10-17 00:00:00+09:00,572.0578533596463,629.1051739162868,570.4732055664062,570.4732055664062,1190000,0.0,0.0
2007-10-18 00:00:00+09:00,578.3965176669034,598.9969415838068,548.2882057883522,566.5116577148438,1120000,0.0,0.0
2007-10-19 00:00:00+09:00,570.6396809816966,584.735107421875,570.6396809816966,584.735107421875,1125400,0.0,0.0
2007-10-22 00:00:00+09:00,554.6268920898438,565.7194299316405,543.5343542480468,554.6268920898438,440000,0.0,0.0
2007-10-23 00:00:00+09:00,549.159683931802,549.159683931802,548.2881469726562,548.2881469726562,444000,0.0,0.0
2007-10-24 00:00:00+09:00,554.626795488081,557.7960914622987,530.857075681449,541.1572875976562,380000,0.0,0.0
2007-10-25 00:00:00+09:00,526.0951249083448,526.0951249083448,501.541015625,501.541015625,386200,0.0,0.0
2007-10-26 00:00:00+09:00,501.54105598695816,541.1572531423261,499.16408415763607,540.3649291992188,670000,0.0,0.0
2007-10-29 00:00:00+09:00,540.3649397225216,540.3649397225216,505.502685546875,505.502685546875,677300,0.0,0.0
2007-10-30 00:00:00+09:00,483.2463575429665,483.31768798828125,483.2463575429665,483.31768798828125,677300,0.0,0.0
2007-10-31 00:00:00+09:00,522.9337158203125,522.9337158203125,522.1413920084635,522.9337158203125,620000,0.0,0.0
2007-11-01 00:00:00+09:00,562.5499877929688,562.5499877929688,562.5499877929688,562.5499877929688,100000,0.0,0.0
2007-11-02 00:00:00+09:00,616.4280257985562,625.9359130859375,616.4280257985562,625.9359130859375,102200,0.0,0.0
2007-11-05 00:00:00+09:00,655.6479977916234,655.6479977916234,644.1593017578125,644.1593017578125,102200,0.0,0.0
2007-11-06 00:00:00+09:00,608.1245283724379,608.1245283724379,597.4122924804688,597.4122924804688,102200,0.0,0.0
2007-11-07 00:00:00+09:00,568.2310369887855,568.2310369887855,545.1189575195312,545.1189575195312,102200,0.0,0.0
2007-11-08 00:00:00+09:00,530.0646868387859,570.4732055664062,530.0646868387859,570.4732055664062,102200,0.0,0.0
2007-11-09 00:00:00+09:00,540.3649979083858,541.9496459960938,540.3649979083858,541.9496459960938,102200,0.0,0.0
2007-11-12 00:00:00+09:00,513.4259190471626,516.59521484375,513.4259190471626,516.59521484375,102200,0.0,0.0
2007-11-13 00:00:00+09:00,538.7803416209177,538.7803416209177,527.6878051757812,527.6878051757812,102200,0.0,0.0
2007-11-14 00:00:00+09:00,559.3807154820618,567.303955078125,558.5883915224555,567.303955078125,363200,0.0,0.0
2007-11-15 00:00:00+09:00,612.4663861610005,618.8049774796137,572.0578665048414,579.1887817382812,935000,0.0,0.0
2007-11-16 00:00:00+09:00,557.7960492002782,569.680908203125,553.0421055991394,569.680908203125,440700,0.0,0.0
2007-11-19 00:00:00+09:00,570.4732055664062,571.2655294630263,559.3806710137261,570.4732055664062,331000,0.0,0.0
2007-11-20 00:00:00+09:00,555.4191777871256,582.3581963959164,553.8345296336673,572.0579833984375,225400,0.0,0.0
2007-11-21 00:00:00+09:00,572.5174826081452,572.5174826081452,559.3807373046875,559.3807373046875,225400,0.0,0.0
2007-11-22 00:00:00+09:00,559.3806736158289,564.9269409179688,559.3806736158289,564.9269409179688,225400,0.0,0.0
2007-11-26 00:00:00+09:00,571.2655425900148,583.9427252272411,564.1346273565749,579.1887817382812,200000,0.0,0.0
2007-11-27 00:00:00+09:00,571.8282044768324,592.6583862304688,571.8282044768324,592.6583862304688,225400,0.0,0.0
2007-11-28 00:00:00+09:00,598.2047237141927,598.2047237141927,579.9812685546875,594.2431030273438,331400,0.0,0.0
2007-11-29 00:00:00+09:00,618.0127076584229,626.728271484375,618.0127076584229,626.728271484375,331400,0.0,0.0
2007-11-30 00:00:00+09:00,630.6898193359375,630.6898193359375,630.6898193359375,630.6898193359375,331400,0.0,0.0
2007-12-03 00:00:00+09:00,630.745397509961,630.745397509961,609.2971801757812,609.2971801757812,331400,0.0,0.0
2007-12-04 00:00:00+09:00,597.4122924804688,597.4122924804688,597.4122924804688,597.4122924804688,331400,0.0,0.0
2007-12-05 00:00:00+09:00,601.3738377025793,606.9201049804688,598.9968660120553,606.9201049804688,185000,0.0,0.0
2007-12-06 00:00:00+09:00,599.7892644664653,602.1662364524618,594.24299649914,597.4122924804688,124000,0.0,0.0
2007-12-07 00:00:00+09:00,597.4122501378371,602.1661937728861,595.0352783203125,595.0352783203125,124000,0.0,0.0
2007-12-10 00:00:00+09:00,593.4506333874118,593.4506333874118,589.489013671875,589.489013671875,124000,0.0,0.0
2007-12-11 00:00:00+09:00,598.9969000188437,607.7124633789062,595.8276042515482,607.7124633789062,172300,0.0,0.0
2007-12-12 00:00:00+09:00,606.9201628572728,615.6357265536566,598.204599160889,612.4664306640625,130800,0.0,0.0
2007-12-13 00:00:00+09:00,597.8481681804508,597.8481681804508,594.2431030273438,594.2431030273438,130800,0.0,0.0
2007-12-14 00:00:00+09:00,598.20458984375,598.20458984375,598.20458984375,598.20458984375,130800,0.0,0.0
2007-12-17 00:00:00+09:00,570.3465017779833,570.3465017779833,549.0805053710938,549.0805053710938,130800,0.0,0.0
2007-12-18 00:00:00+09:00,551.4575236868351,562.5500600828346,546.7035795171209,558.5884399414062,110000,0.0,0.0
2007-12-19 00:00:00+09:00,549.080451965332,549.080451965332,532.441650390625,532.441650390625,130800,0.0,0.0
2007-12-20 00:00:00+09:00,535.5793699419277,535.5793699419277,527.6878051757812,527.6878051757812,130800,0.0,0.0
2007-12-21 00:00:00+09:00,521.3492164901247,532.4417530111912,516.5952722668105,522.1415405273438,181300,0.0,0.0
2007-12-25 00:00:00+09:00,550.5226994592443,550.5226994592443,537.19580078125,537.19580078125,181300,0.0,0.0
2007-12-26 00:00:00+09:00,519.9467839100607,527.6878051757812,519.9467839100607,527.6878051757812,181300,0.0,0.0
2007-12-27 00:00:00+09:00,527.6877740088929,527.6877740088929,521.3491821289062,521.3491821289062,181300,0.0,0.0
2007-12-28 00:00:00+09:00,522.1415328166619,528.4801250208095,515.0106165869958,520.556884765625,43100,0.0,0.0
2008-01-04 00:00:00+09:00,517.3875521406343,517.3875521406343,495.2024809921844,500.7487487792969,94700,0.0,0.0
2008-01-07 00:00:00+09:00,487.2792702216607,488.07159423828125,487.2792702216607,488.07159423828125,181300,0.0,0.0
2008-01-08 00:00:00+09:00,488.07153772424766,488.07153772424766,470.64041137695307,470.6404113769531,181300,0.0,0.0
2008-01-09 00:00:00+09:00,461.85352551002967,472.2250671386719,461.85352551002967,472.2250671386719,181300,0.0,0.0
2008-01-10 00:00:00+09:00,482.23224151570815,490.4486389160156,482.23224151570815,490.4486389160156,181300,0.0,0.0
2008-01-11 00:00:00+09:00,490.74167070665686,490.74167070665686,477.7713317871094,477.7713317871094,181300,0.0,0.0
2008-01-15 00:00:00+09:00,477.9773567870233,477.9773567870233,461.92486572265625,461.92486572265625,181300,0.0,0.0
2008-01-16 00:00:00+09:00,446.07843044301046,469.8481514257641,446.07843044301046,452.4170227050781,159600,0.0,0.0
2008-01-17 00:00:00+09:00,435.7782759756412,436.5706001137787,412.80087596965285,419.9317932128906,390000,0.0,0.0
2008-01-18 00:00:00+09:00,416.83371219910015,433.40118408203125,416.83371219910015,433.40118408203125,390000,0.0,0.0
2008-01-21 00:00:00+09:00,421.5163994608224,432.6089362887388,421.5163994608224,430.2319641113281,83900,0.0,0.0
2008-01-22 00:00:00+09:00,415.9701308763096,415.9701308763096,410.4238624646255,411.2161865234375,82400,0.0,0.0
2008-01-23 00:00:00+09:00,406.46221923828125,406.46221923828125,406.46221923828125,406.46221923828125,82400,0.0,0.0
2008-01-24 00:00:00+09:00,412.0084533691406,412.0084533691406,412.0084533691406,412.0084533691406,82400,0.0,0.0
2008-01-25 00:00:00+09:00,427.06267166137695,434.98591232299805,426.27034759521484,431.0242919921875,165200,0.0,0.0
2008-01-28 00:00:00+09:00,446.07844529406583,449.2477415306133,424.6856956973699,430.2319641113281,213300,0.0,0.0
2008-01-29 00:00:00+09:00,423.8934139035783,424.6857380417158,415.17784838406544,419.9317932128906,193300,0.0,0.0
2008-01-30 00:00:00+09:00,420.13776333546383,430.2319641113281,420.13776333546383,430.2319641113281,193300,0.0,0.0
2008-01-31 00:00:00+09:00,412.00852200446,418.34711465068244,412.00852200446,413.5931701660156,137000,0.0,0.0
2008-02-01 00:00:00+09:00,409.6315459912203,428.64732375483595,407.2545737707684,412.80084228515625,190800,0.0,0.0
2008-02-04 00:00:00+09:00,425.4779845843297,428.6472805588871,415.97009666065753,416.7624206542969,98400,0.0,0.0
2008-02-05 00:00:00+09:00,426.2703108155172,443.7014387670811,424.6856628199204,442.1167907714844,197100,0.0,0.0
2008-02-06 00:00:00+09:00,483.0244325249958,483.0244325249958,481.7329406738281,481.7329406738281,197100,0.0,0.0
2008-02-07 00:00:00+09:00,496.78713859395776,521.3491821289062,493.61784265396443,521.3491821289062,1096100,0.0,0.0
2008-02-08 00:00:00+09:00,530.064605152935,532.4415764764908,514.8678409608211,518.1797485351562,1096100,0.0,0.0
2008-02-12 00:00:00+09:00,482.5253411087336,495.2025257684047,482.5253411087336,484.9023132324219,539000,0.0,0.0
2008-02-13 00:00:00+09:00,504.71040743533695,508.6720275878906,496.78716713022965,508.6720275878906,539000,0.0,0.0
2008-02-14 00:00:00+09:00,508.6719938727851,515.010585696745,505.5026979608051,514.21826171875,290500,0.0,0.0
2008-02-15 00:00:00+09:00,518.9721992688301,530.0647348257211,515.0105794270833,525.310791015625,206600,0.0,0.0
2008-02-18 00:00:00+09:00,556.8135519163765,564.9269409179688,556.8135519163765,564.9269409179688,206600,0.0,0.0
2008-02-19 00:00:00+09:00,618.0127828346108,640.9901811707695,605.3355975456958,629.8976440429688,1165600,0.0,0.0
2008-02-20 00:00:00+09:00,621.974399715275,621.974399715275,603.7509459656554,610.0895385742188,502600,0.0,0.0
2008-02-21 00:00:00+09:00,625.9360122680664,633.8592529296875,594.243049621582,608.5048828125,318700,0.0,0.0
2008-02-22 00:00:00+09:00,618.3455070741087,618.3455070741087,609.2971801757812,609.2971801757812,502600,0.0,0.0
2008-02-25 00:00:00+09:00,617.2204475402832,627.5206604003906,613.2588272094727,621.1820678710938,358100,0.0,0.0
2008-02-26 00:00:00+09:00,592.6583973836556,594.2430455050023,545.1189537432555,550.6652221679688,766900,0.0,0.0
2008-02-27 00:00:00+09:00,550.9028951878586,572.8502807617188,550.9028951878586,572.8502807617188,766900,0.0,0.0
2008-02-28 00:00:00+09:00,566.5117263261909,585.5275045525245,562.5501058623714,568.0963745117188,197600,0.0,0.0
2008-02-29 00:00:00+09:00,566.5117263261909,574.43496725383,563.3424299551353,568.0963745117188,151200,0.0,0.0
2008-03-03 00:00:00+09:00,568.4052921444326,568.4052921444326,560.1730346679688,560.1730346679688,151200,0.0,0.0
2008-03-04 00:00:00+09:00,532.4417082796392,537.9879760742188,525.3107925437512,537.9879760742188,278900,0.0,0.0
2008-03-05 00:00:00+09:00,511.0488345644889,518.1797485351562,511.0488345644889,518.1797485351562,278900,0.0,0.0
2008-03-06 00:00:00+09:00,530.8570437718258,553.8344382037407,529.2723958799696,553.0421142578125,297800,0.0,0.0
2008-03-07 00:00:00+09:00,577.6042636248856,592.6584213873997,558.5884853985518,568.0963745117188,619000,0.0,0.0
2008-03-10 00:00:00+09:00,546.7036729396734,553.0422662491189,522.9339480292529,526.8955688476562,310800,0.0,0.0
2008-03-11 00:00:00+09:00,557.0037883801407,567.3040006830452,550.665196193738,564.1347045898438,371900,0.0,0.0
2008-03-12 00:00:00+09:00,568.888687091521,578.3965760122707,568.888687091521,572.0579833984375,371900,0.0,0.0
2008-03-13 00:00:00+09:00,574.4349141023597,582.358154296875,565.7193498883929,582.358154296875,194000,0.0,0.0
2008-03-14 00:00:00+09:00,572.8501375983743,573.6424614401425,534.818593193503,538.7802124023438,318200,0.0,0.0
2008-03-17 00:00:00+09:00,518.7106875342722,518.97216796875,518.7106875342722,518.97216796875,318200,0.0,0.0
2008-03-18 00:00:00+09:00,523.7261540839013,523.7261540839013,511.04897032392785,521.3491821289062,168100,0.0,0.0
2008-03-19 00:00:00+09:00,517.9897361700522,521.3491821289062,517.9897361700522,521.3491821289062,168100,0.0,0.0
2008-03-21 00:00:00+09:00,511.84134674072266,519.7645874023438,511.84134674072266,519.7645874023438,107700,0.0,0.0
2008-03-24 00:00:00+09:00,515.6443978304626,518.97216796875,515.6443978304626,518.97216796875,107700,0.0,0.0
2008-03-25 00:00:00+09:00,515.01072274598,522.9339646343798,515.01072274598,517.3876953125,136700,0.0,0.0
2008-03-26 00:00:00+09:00,515.8028722864981,524.5184354126908,515.010548365935,518.97216796875,79300,0.0,0.0
2008-03-27 00:00:00+09:00,518.1799392700195,519.7645874023438,515.8029670715332,519.7645874023438,69600,0.0,0.0
2008-03-28 00:00:00+09:00,517.3875513321314,526.8954389523237,516.595227363782,525.310791015625,78500,0.0,0.0
2008-03-31 00:00:00+09:00,497.5794677734375,497.5794677734375,497.5794677734375,497.5794677734375,78500,0.0,0.0
2008-04-01 00:00:00+09:00,482.5253411087336,495.2025257684047,477.7713968613569,484.9023132324219,168300,0.0,0.0
2008-04-02 00:00:00+09:00,484.902271734451,488.8638916015625,484.902271734451,488.8638916015625,168300,0.0,0.0
2008-04-03 00:00:00+09:00,486.09864646567684,486.4868774414063,486.09864646567684,486.48687744140625,168300,0.0,0.0
2008-04-04 00:00:00+09:00,484.98937761289926,487.2792053222656,484.98937761289926,487.2792053222656,168300,0.0,0.0
2008-04-07 00:00:00+09:00,498.3718337645309,498.3718337645309,489.65626910410185,493.6178894042969,66500,0.0,0.0
2008-04-08 00:00:00+09:00,491.24090556225747,491.24090556225747,484.9023132324219,484.9023132324219,66500,0.0,0.0
2008-04-09 00:00:00+09:00,485.04494101996534,485.04494101996534,475.3944396972656,475.3944396972656,66500,0.0,0.0
2008-04-10 00:00:00+09:00,472.22508911549437,472.22508911549437,464.3018493652344,464.3018493652344,66500,0.0,0.0
2008-04-11 00:00:00+09:00,464.30192550400557,467.4712219238281,464.30192550400557,467.4712219238281,66500,0.0,0.0
2008-04-14 00:00:00+09:00,461.1325456802159,464.30184152681534,459.5478977569162,462.7171936035156,90400,0.0,0.0
2008-04-15 00:00:00+09:00,466.4887477712232,467.4712219238281,466.4887477712232,467.4712219238281,90400,0.0,0.0
2008-04-16 00:00:00+09:00,467.66129134098685,467.66129134098685,463.50952148437494,463.509521484375,90400,0.0,0.0
2008-04-17 00:00:00+09:00,462.71719751602564,463.50952148437494,462.71719751602564,463.509521484375,90400,0.0,0.0
2008-04-18 00:00:00+09:00,460.3401754445043,460.3401754445043,459.5478515625,459.5478515625,90400,0.0,0.0
2008-04-21 00:00:00+09:00,464.57125688019465,464.57125688019465,463.50952148437494,463.509521484375,90400,0.0,0.0
2008-04-22 00:00:00+09:00,462.7171936035156,462.7171936035156,462.7171936035156,462.7171936035156,90400,0.0,0.0
2008-04-23 00:00:00+09:00,464.3018454527243,464.3018454527243,461.92487354767627,463.509521484375,90400,0.0,0.0
2008-04-24 00:00:00+09:00,462.7171551157109,463.50947901145696,460.34018342847264,461.13250732421875,45300,0.0,0.0
2008-04-25 00:00:00+09:00,460.4352730830042,460.4352730830042,457.9632263183594,457.9632263183594,45300,0.0,0.0
2008-04-28 00:00:00+09:00,440.92825183868405,443.7013854980469,440.92825183868405,443.7013854980469,45300,0.0,0.0
2008-04-30 00:00:00+09:00,442.15639279645364,442.15639279645364,434.9858703613281,434.9858703613281,45300,0.0,0.0
2008-05-01 00:00:00+09:00,433.4012607071356,474.60211181640625,433.4012607071356,474.60211181640625,45300,0.0,0.0
2008-05-02 00:00:00+09:00,475.2914569709703,475.2914569709703,467.4712219238281,467.4712219238281,45300,0.0,0.0
2008-05-07 00:00:00+09:00,448.4553369270949,457.17090001225046,442.1167455924363,445.2860412597656,302900,0.0,0.0
2008-05-08 00:00:00+09:00,445.28609411267263,445.28609411267263,437.36285400390625,437.36285400390625,302900,0.0,0.0
2008-05-09 00:00:00+09:00,439.96161998907724,439.96161998907724,439.73974609374994,439.73974609375,302900,0.0,0.0
2008-05-12 00:00:00+09:00,449.4219992502577,449.4219992502577,449.24771118164057,449.2477111816406,302900,0.0,0.0
2008-05-13 00:00:00+09:00,461.92488198160123,479.35600960354844,457.9632620675223,471.4327697753906,236800,0.0,0.0
2008-05-14 00:00:00+09:00,511.0489807128906,511.0489807128906,509.46433271068014,511.0489807128906,456100,0.0,0.0
2008-05-15 00:00:00+09:00,548.5180065540799,550.6652221679688,548.5180065540799,550.6652221679688,456100,0.0,0.0
2008-05-16 00:00:00+09:00,584.7352250681628,590.281494140625,579.9812801489094,590.281494140625,1345900,0.0,0.0
2008-05-19 00:00:00+09:00,607.871033231495,608.5048828125,607.871033231495,608.5048828125,1345900,0.0,0.0
2008-05-20 00:00:00+09:00,553.8344143553277,560.1730056498092,546.7034991490359,548.2881469726562,785600,0.0,0.0
2008-05-21 00:00:00+09:00,568.0963775552508,587.9044799804688,568.0963775552508,587.9044799804688,785600,0.0,0.0
2008-05-22 00:00:00+09:00,582.3580096630341,595.8275146484375,582.3580096630341,595.8275146484375,785600,0.0,0.0
2008-05-23 00:00:00+09:00,579.260177583494,586.3197631835938,579.260177583494,586.3197631835938,785600,0.0,0.0
2008-05-26 00:00:00+09:00,567.2801887791265,567.2801887791265,566.5116577148438,566.5116577148438,785600,0.0,0.0
2008-05-27 00:00:00+09:00,543.7877636184968,544.3265380859375,543.7877636184968,544.3265380859375,785600,0.0,0.0
2008-05-28 00:00:00+09:00,556.2114108744275,583.9427490234375,556.2114108744275,583.9427490234375,314800,0.0,0.0
2008-05-29 00:00:00+09:00,582.3582270374037,583.9428752742402,574.4349858532214,578.3966064453125,411500,0.0,0.0
2008-05-30 00:00:00+09:00,578.1270927688455,619.5973510742188,578.1270927688455,619.5973510742188,411500,0.0,0.0
2008-06-02 00:00:00+09:00,606.1278686523438,606.1278686523438,606.1278686523438,606.1278686523438,411500,0.0,0.0
2008-06-03 00:00:00+09:00,595.7086467311935,595.8275146484375,595.7086467311935,595.8275146484375,411500,0.0,0.0
2008-06-04 00:00:00+09:00,608.7266293394825,608.7266293394825,601.3738403320312,601.3738403320312,411500,0.0,0.0
2008-06-05 00:00:00+09:00,598.204704375856,603.7509731581487,591.8661114818071,596.6200561523438,208000,0.0,0.0
2008-06-06 00:00:00+09:00,595.6850054539198,598.20458984375,595.6850054539198,598.20458984375,208000,0.0,0.0
2008-06-09 00:00:00+09:00,625.9359475001975,641.7824271837468,618.8050316426003,626.728271484375,513700,0.0,0.0
2008-06-10 00:00:00+09:00,626.7283441716975,626.7283441716975,610.0895385742188,610.0895385742188,513700,0.0,0.0
2008-06-11 00:00:00+09:00,610.0895385742188,610.0895385742188,610.0895385742188,610.0895385742188,513700,0.0,0.0
2008-06-12 00:00:00+09:00,602.6098531151083,605.33544921875,602.6098531151083,605.33544921875,513700,0.0,0.0
2008-06-13 00:00:00+09:00,595.0352701393955,595.0352701393955,526.1030883789062,526.1030883789062,513700,0.0,0.0
2008-06-16 00:00:00+09:00,486.4868774414063,486.4868774414063,486.4868774414063,486.48687744140625,26300,0.0,0.0
2008-06-17 00:00:00+09:00,486.29680998017017,486.29680998017017,446.8707580566406,446.8707580566406,513700,0.0,0.0
2008-06-18 00:00:00+09:00,411.21610559842003,413.59307730708144,407.2544860839844,407.2544860839844,2589700,0.0,0.0
2008-06-19 00:00:00+09:00,384.27716135286965,410.4238548057453,382.2963512428033,409.63153076171875,3029600,0.0,0.0
2008-06-20 00:00:00+09:00,372.9311144628667,372.9311144628667,370.4115295410156,370.4115295410156,3029600,0.0,0.0
2008-06-23 00:00:00+09:00,354.96113939606744,359.71508322726476,350.2071955648701,352.58416748046875,1755600,0.0,0.0
2008-06-24 00:00:00+09:00,322.8720454463252,324.45669352213537,320.8912353515625,320.8912353515625,1661100,0.0,0.0
2008-06-25 00:00:00+09:00,289.19830322265625,289.19830322265625,289.19830322265625,289.19830322265625,1836200,0.0,0.0
2008-06-26 00:00:00+09:00,307.8178273178924,314.94874223645365,294.7444833005302,308.2139892578125,6822100,0.0,0.0
2008-06-27 00:00:00+09:00,286.55980512514765,286.55980512514765,281.2749938964844,281.2749938964844,6822100,0.0,0.0
2008-06-30 00:00:00+09:00,281.46516021731446,306.23321533203125,281.46516021731446,306.23321533203125,6822100,0.0,0.0
2008-07-01 00:00:00+09:00,306.304492378318,306.304492378318,303.4600524902344,303.4600524902344,6822100,0.0,0.0
2008-07-02 00:00:00+09:00,301.75198477973856,307.8179016113281,301.75198477973856,307.8179016113281,6822100,0.0,0.0
2008-07-03 00:00:00+09:00,307.8812767198112,339.5108642578125,307.8812767198112,339.5108642578125,6822100,0.0,0.0
2008-07-04 00:00:00+09:00,339.8515296675283,339.8515296675283,321.2873840332031,321.2873840332031,6822100,0.0,0.0
2008-07-07 00:00:00+09:00,311.45459003245577,320.0988464355469,311.45459003245577,320.0988464355469,6822100,0.0,0.0
2008-07-08 00:00:00+09:00,308.6101431440013,312.5717624398165,303.0638761298601,306.62933349609375,631600,0.0,0.0
2008-07-09 00:00:00+09:00,312.9679325368533,312.9679325368533,308.2139892578125,308.2139892578125,631600,0.0,0.0
2008-07-10 00:00:00+09:00,305.4409313251446,310.59103781960226,304.6486072490742,305.0447692871094,538300,0.0,0.0
2008-07-11 00:00:00+09:00,299.0724086787527,299.102294921875,299.0724086787527,299.102294921875,538300,0.0,0.0
2008-07-14 00:00:00+09:00,293.5560492067921,295.9330212651467,291.1790771484375,291.1790771484375,538300,0.0,0.0
2008-07-15 00:00:00+09:00,270.9748306274414,272.9556407928467,259.4861316680908,259.8822937011719,1096600,0.0,0.0
2008-07-16 00:00:00+09:00,235.0825638131101,250.77057089883775,235.0825638131101,241.65884399414062,1627700,0.0,0.0
2008-07-17 00:00:00+09:00,244.0357838140701,244.43194580078125,244.0357838140701,244.43194580078125,1627700,0.0,0.0
2008-07-18 00:00:00+09:00,244.43196824957565,244.43196824957565,227.00083923339844,227.00083923339844,1627700,0.0,0.0
2008-07-22 00:00:00+09:00,205.60808166146975,209.72817620676423,203.23110961914062,203.23110961914062,576000,0.0,0.0
2008-07-23 00:00:00+09:00,225.73312213045526,225.73312213045526,221.7715017905743,225.6538848876953,1561900,0.0,0.0
2008-07-24 00:00:00+09:00,215.90826486980873,215.90826486980873,212.50128173828125,212.50128173828125,1561900,0.0,0.0
2008-07-25 00:00:00+09:00,204.02343501531,206.00424506400233,200.6956765514879,202.99342346191406,670400,0.0,0.0
2008-07-28 00:00:00+09:00,217.17599487304688,217.17599487304688,217.17599487304688,217.17599487304688,670400,0.0,0.0
2008-07-29 00:00:00+09:00,209.4191703659969,212.26361083984375,209.4191703659969,212.26361083984375,670400,0.0,0.0
2008-07-30 00:00:00+09:00,216.01127414805634,216.01127414805634,214.16514587402344,214.16514587402344,670400,0.0,0.0
2008-07-31 00:00:00+09:00,207.2561313676354,208.1435546875,207.2561313676354,208.1435546875,670400,0.0,0.0
2008-08-01 00:00:00+09:00,208.3495177630357,209.33201599121094,208.3495177630357,209.33201599121094,670400,0.0,0.0
2008-08-04 00:00:00+09:00,209.67924491401303,209.9658966064453,209.67924491401303,209.9658966064453,670400,0.0,0.0
2008-08-05 00:00:00+09:00,212.4301369105637,212.4301369105637,208.7773895263672,208.7773895263672,670400,0.0,0.0
2008-08-06 00:00:00+09:00,208.6664415545283,215.90829467773435,208.6664415545283,215.90829467773438,670400,0.0,0.0
2008-08-07 00:00:00+09:00,231.12880398400793,238.0933380126953,231.12880398400793,238.0933380126953,670400,0.0,0.0
2008-08-08 00:00:00+09:00,261.56992009196773,269.78631591796875,261.56992009196773,269.78631591796875,670400,0.0,0.0
2008-08-11 00:00:00+09:00,258.30555247680076,258.30555247680076,245.6204376220703,245.6204376220703,670400,0.0,0.0
2008-08-12 00:00:00+09:00,244.43194423577722,244.43194423577722,231.75476074218747,231.7547607421875,670400,0.0,0.0
2008-08-13 00:00:00+09:00,221.33573075585088,221.33573075585088,215.11598205566406,215.11598205566406,670400,0.0,0.0
2008-08-14 00:00:00+09:00,207.58888557178787,217.88909745130405,207.5096483367528,214.95748901367188,659600,0.0,0.0
2008-08-15 00:00:00+09:00,211.66142995270752,211.66142995270752,211.62973022460938,211.62973022460938,659600,0.0,0.0
2008-08-18 00:00:00+09:00,212.13681694897554,212.13681694897554,211.4712677001953,211.4712677001953,659600,0.0,0.0
2008-08-19 00:00:00+09:00,226.05793547405113,235.24096679687503,226.05793547405113,235.240966796875,659600,0.0,0.0
2008-08-20 00:00:00+09:00,235.15377980971633,259.0898742675781,235.15377980971633,259.0898742675781,659600,0.0,0.0
2008-08-21 00:00:00+09:00,251.95903748732349,260.67460167713654,246.41276936653333,247.20509338378906,2021200,0.0,0.0
2008-08-22 00:00:00+09:00,253.93988248903293,253.93988248903293,246.8089653520554,251.166748046875,813700,0.0,0.0
2008-08-25 00:00:00+09:00,253.54363293381212,259.08989990423925,250.37433752213946,255.12828063964844,524200,0.0,0.0
2008-08-26 00:00:00+09:00,250.7705575518808,255.92066378912324,250.7705575518808,254.732177734375,480800,0.0,0.0
2008-08-27 00:00:00+09:00,253.14751386870608,254.33599984931033,247.60124595921957,248.39356994628906,304200,0.0,0.0
2008-08-28 00:00:00+09:00,249.58211948459035,258.69384765625,249.58211948459035,258.69384765625,304200,0.0,0.0
2008-08-29 00:00:00+09:00,262.6553959182546,262.6553959182546,247.99740248088597,250.37437438964844,586100,0.0,0.0
2008-09-01 00:00:00+09:00,250.44570923615007,250.44570923615007,246.80894470214844,246.80894470214844,586100,0.0,0.0
2008-09-02 00:00:00+09:00,242.45114165275328,246.80892361056422,240.07416967576552,245.6204376220703,457600,0.0,0.0
2008-09-03 00:00:00+09:00,235.5183106679765,235.5183106679765,224.62385559082028,224.6238555908203,457600,0.0,0.0
2008-09-04 00:00:00+09:00,224.63176483210685,224.63176483210685,220.26605224609375,220.26605224609375,457600,0.0,0.0
2008-09-05 00:00:00+09:00,211.97836914131963,221.0583953857422,211.97836914131963,221.0583953857422,457600,0.0,0.0
2008-09-08 00:00:00+09:00,218.6814102761203,231.2001190185547,218.6814102761203,231.2001190185547,457600,0.0,0.0
2008-09-09 00:00:00+09:00,220.266064187983,224.46537156712537,220.1075897216797,220.1075897216797,457600,0.0,0.0
2008-09-10 00:00:00+09:00,220.26605483636436,224.9407612361386,219.47373089810407,221.2960662841797,166800,0.0,0.0
2008-09-11 00:00:00+09:00,220.1868629481251,220.1868629481251,214.32366943359375,214.32366943359375,166800,0.0,0.0
2008-09-12 00:00:00+09:00,219.97289570500516,219.97289570500516,217.0967559814453,217.0967559814453,166800,0.0,0.0
2008-09-16 00:00:00+09:00,217.17597829806869,217.17597829806869,208.61886596679688,208.61886596679688,166800,0.0,0.0
2008-09-17 00:00:00+09:00,211.07508085643397,211.07508085643397,209.80735778808594,209.80735778808594,166800,0.0,0.0
2008-09-18 00:00:00+09:00,215.29024716478943,215.35362243652344,215.29024716478943,215.35362243652344,166800,0.0,0.0
2008-09-19 00:00:00+09:00,226.6917868920503,226.6917868920503,223.67303466796875,223.67303466796875,166800,0.0,0.0
2008-09-22 00:00:00+09:00,228.13381307363363,228.13381307363363,218.6021575927734,218.60215759277344,166800,0.0,0.0
2008-09-24 00:00:00+09:00,218.60218172309334,219.63221740722656,218.60218172309334,219.63221740722656,166800,0.0,0.0
2008-09-25 00:00:00+09:00,211.70899963378906,211.70899963378906,211.70899963378906,211.70899963378906,166800,0.0,0.0
2008-09-26 00:00:00+09:00,204.26109771532902,204.26109771532902,201.48797607421875,201.48797607421875,166800,0.0,0.0
2008-09-29 00:00:00+09:00,177.71829223632812,177.71829223632812,177.71829223632812,177.71829223632812,166800,0.0,0.0
2008-09-30 00:00:00+09:00,153.94063164417042,153.9485626220703,153.94063164417042,153.9485626220703,166800,0.0,0.0
2008-10-01 00:00:00+09:00,153.9485789603293,153.9485789603293,138.1020965576172,138.1020965576172,166800,0.0,0.0
2008-10-02 00:00:00+09:00,138.24469306233723,138.24469306233723,122.25559997558594,122.25559997558594,166800,0.0,0.0
2008-10-03 00:00:00+09:00,106.40910339355469,106.40910339355469,106.40910339355469,106.40910339355469,61500,0.0,0.0
2008-10-06 00:00:00+09:00,90.5626220703125,90.5626220703125,90.5626220703125,90.5626220703125,24100,0.0,0.0
2008-10-07 00:00:00+09:00,74.71614074707031,74.71614074707031,74.71614074707031,74.71614074707031,166800,0.0,0.0
2008-10-08 00:00:00+09:00,74.7557764235803,74.7557764235803,66.79292297363281,66.79292297363281,166800,0.0,0.0
2008-10-09 00:00:00+09:00,58.86967468261719,58.86967468261719,58.86967468261719,58.86967468261719,1854000,0.0,0.0
2008-10-10 00:00:00+09:00,58.87759706857317,58.87759706857317,50.94643783569336,50.94643783569336,1854000,0.0,0.0
2008-10-14 00:00:00+09:00,51.07320665109092,51.07320665109092,48.807159423828125,48.807159423828125,1854000,0.0,0.0
2008-10-15 00:00:00+09:00,42.175413011643805,47.4602165222168,42.175413011643805,47.4602165222168,1854000,0.0,0.0
2008-10-16 00:00:00+09:00,41.28008655350672,42.7855036309954,39.5369758605957,39.5369758605957,2358800,0.0,0.0
2008-10-17 00:00:00+09:00,38.26925172166285,38.26925172166285,35.57535171508789,35.57535171508789,1546900,0.0,0.0
2008-10-20 00:00:00+09:00,31.613731384277344,33.51530732569594,31.613731384277344,31.613731384277344,2350900,0.0,0.0
2008-10-21 00:00:00+09:00,35.57535171508789,35.57535171508789,35.57535171508789,35.57535171508789,52800,0.0,0.0
2008-10-22 00:00:00+09:00,35.575355154022056,39.5369758605957,35.575355154022056,39.5369758605957,2350900,0.0,0.0
2008-10-23 00:00:00+09:00,43.498592376708984,43.498592376708984,43.498592376708984,43.498592376708984,2350900,0.0,0.0
2008-10-24 00:00:00+09:00,51.42182540893555,51.42182540893555,51.42182540893555,51.42182540893555,1392500,0.0,0.0
2008-10-27 00:00:00+09:00,51.421833029250095,51.421833029250095,45.0832405090332,45.0832405090332,1392500,0.0,0.0
2008-10-28 00:00:00+09:00,43.97398225722774,49.124088287353516,38.744645035628984,49.124088287353516,746200,0.0,0.0
2008-10-29 00:00:00+09:00,47.824677077577476,47.824677077577476,45.16246795654297,45.16246795654297,746200,0.0,0.0
2008-10-30 00:00:00+09:00,50.07487062485223,50.07487062485223,47.777130126953125,47.777130126953125,746200,0.0,0.0
2008-10-31 00:00:00+09:00,47.84844073417226,49.5994758605957,47.84844073417226,49.5994758605957,746200,0.0,0.0
2008-11-04 00:00:00+09:00,49.64703415158192,57.522735595703125,49.64703415158192,57.522735595703125,503900,0.0,0.0
2008-11-05 00:00:00+09:00,57.649497141900575,61.008949279785156,57.649497141900575,61.008949279785156,503900,0.0,0.0
2008-11-06 00:00:00+09:00,61.135717207776295,65.76288604736328,61.135717207776295,65.76288604736328,503900,0.0,0.0
2008-11-07 00:00:00+09:00,64.14653878842756,64.73285675048828,64.14653878842756,64.73285675048828,503900,0.0,0.0
2008-11-10 00:00:00+09:00,68.29831274243428,69.48679850508651,67.18906419991981,67.34752655029297,212100,0.0,0.0
2008-11-11 00:00:00+09:00,69.70867046791031,75.27078247070312,69.70867046791031,75.27078247070312,212100,0.0,0.0
2008-11-12 00:00:00+09:00,83.19401550292969,83.19401550292969,83.19401550292969,83.19401550292969,28700,0.0,0.0
2008-11-13 00:00:00+09:00,81.37167912155047,95.07888787481787,79.86626823282816,94.9996566772461,846700,0.0,0.0
2008-11-14 00:00:00+09:00,96.7665279269945,96.7665279269945,90.40416717529297,90.40416717529297,846700,0.0,0.0
2008-11-17 00:00:00+09:00,86.41878190541844,86.44255065917969,86.41878190541844,86.44255065917969,846700,0.0,0.0
2008-11-18 00:00:00+09:00,81.37166626139282,81.37166626139282,70.59606188090433,72.10147857666016,499300,0.0,0.0
2008-11-19 00:00:00+09:00,75.66694844942676,75.66694844942676,72.10149014552707,74.63692474365234,517200,0.0,0.0
2008-11-20 00:00:00+09:00,66.71367645263672,66.71367645263672,66.71367645263672,66.71367645263672,198600,0.0,0.0
2008-11-21 00:00:00+09:00,58.51312755147595,61.16741180419922,58.51312755147595,61.16741180419922,198600,0.0,0.0
2008-11-25 00:00:00+09:00,61.167407421388006,61.24664465351467,53.561098598539814,57.83964920043945,253100,0.0,0.0
2008-11-26 00:00:00+09:00,55.224984993517864,59.02814292907715,54.27419853210449,57.047332763671875,214100,0.0,0.0
2008-11-27 00:00:00+09:00,56.096538551335136,57.2057872547336,54.74958419799805,54.74958419799805,103100,0.0,0.0
2008-11-28 00:00:00+09:00,55.59737439242536,55.59737439242536,54.67035675048828,54.67035675048828,103100,0.0,0.0
2008-12-01 00:00:00+09:00,57.12655364730999,63.38591384887695,57.04732246398925,63.38591384887695,205000,0.0,0.0
2008-12-02 00:00:00+09:00,63.40175438613452,65.12902069091797,63.40175438613452,65.12902069091797,205000,0.0,0.0
2008-12-03 00:00:00+09:00,67.30000797317794,67.30000797317794,61.64281463623046,61.64281463623047,205000,0.0,0.0
2008-12-04 00:00:00+09:00,57.538575860875426,57.538575860875426,57.047332763671875,57.047332763671875,205000,0.0,0.0
2008-12-05 00:00:00+09:00,57.09487573458931,59.820472717285156,57.09487573458931,59.820472717285156,205000,0.0,0.0
2008-12-08 00:00:00+09:00,59.23413018628756,60.85047149658203,59.23413018628756,60.85047149658203,205000,0.0,0.0
2008-12-09 00:00:00+09:00,60.22455781875831,60.22455781875831,58.55275344848633,58.55275344848633,205000,0.0,0.0
2008-12-10 00:00:00+09:00,58.60028720795526,59.4243049621582,58.60028720795526,59.4243049621582,205000,0.0,0.0
2008-12-11 00:00:00+09:00,58.80629692409873,58.80629692409873,58.55275344848633,58.55275344848633,205000,0.0,0.0
2008-12-12 00:00:00+09:00,54.727683336676996,54.74958419799805,54.727683336676996,54.74958419799805,205000,0.0,0.0
2008-12-15 00:00:00+09:00,55.510222273617885,55.510222273617885,54.0364990234375,54.0364990234375,205000,0.0,0.0
2008-12-16 00:00:00+09:00,51.58028765969937,51.58028765969937,50.62950134277344,50.62950134277344,267300,0.0,0.0
2008-12-17 00:00:00+09:00,50.67704654633417,50.67704654633417,49.91641616821289,49.91641616821289,223200,0.0,0.0
2008-12-18 00:00:00+09:00,50.23333965299734,50.23333965299734,45.40016174316406,45.40016174316406,455400,0.0,0.0
2008-12-19 00:00:00+09:00,46.778815612833654,46.778815612833654,45.63786697387695,45.63786697387695,276500,0.0,0.0
2008-12-22 00:00:00+09:00,45.71710528006832,45.95480192691908,42.78550524230398,43.18166732788086,275300,0.0,0.0
2008-12-24 00:00:00+09:00,39.94104859166673,40.48775100708008,39.94104859166673,40.48775100708008,222100,0.0,0.0
2008-12-25 00:00:00+09:00,39.85389795544143,42.072404626648414,39.85389795544143,39.93313217163086,148100,0.0,0.0
2008-12-26 00:00:00+09:00,40.725446811923334,41.20083990958212,39.9331229675083,41.12160873413086,111000,0.0,0.0
2008-12-29 00:00:00+09:00,40.48774997061847,41.517773455790724,39.93312566011132,40.25005340576172,109600,0.0,0.0
2008-12-30 00:00:00+09:00,39.93312566011132,40.566984173887924,39.695426072778766,40.25005340576172,36800,0.0,0.0
2009-01-05 00:00:00+09:00,39.933137931253064,41.20085534836594,39.45774163297819,39.5369758605957,130000,0.0,0.0
2009-01-06 00:00:00+09:00,40.36890504617556,40.36890504617556,39.8538932800293,39.8538932800293,132100,0.0,0.0
2009-01-07 00:00:00+09:00,40.40853120705121,40.48776241219199,38.82388292442175,39.5369758605957,280600,0.0,0.0
2009-01-08 00:00:00+09:00,39.17249296402354,39.17249296402354,38.7446403503418,38.7446403503418,222200,0.0,0.0
2009-01-09 00:00:00+09:00,38.11077699869534,39.61619356308277,38.11077699869534,38.50693893432617,102800,0.0,0.0
2009-01-13 00:00:00+09:00,38.26925185736138,38.66541389112801,37.31846237182617,37.31846237182617,210100,0.0,0.0
2009-01-14 00:00:00+09:00,37.278842806660144,37.278842806660144,36.446903228759766,36.446903228759766,192400,0.0,0.0
2009-01-15 00:00:00+09:00,36.92228892746882,37.63538157686274,36.36766466957968,37.239219665527344,206700,0.0,0.0
2009-01-16 00:00:00+09:00,36.33598222067174,37.31846237182617,36.33598222067174,37.31846237182617,45900,0.0,0.0
2009-01-19 00:00:00+09:00,37.635398119776255,37.635398119776255,35.65458769241961,35.813053131103516,222600,0.0,0.0
2009-01-20 00:00:00+09:00,34.98111068208172,35.33765411376953,34.98111068208172,35.33765411376953,87000,0.0,0.0
2009-01-21 00:00:00+09:00,32.64374846042688,34.06993101468595,32.64374846042688,33.35683822631836,353800,0.0,0.0
2009-01-22 00:00:00+09:00,33.37267999303373,33.37267999303373,32.326812744140625,32.326812744140625,176500,0.0,0.0
2009-01-23 00:00:00+09:00,30.829320517980868,30.829320517980868,30.26677131652832,30.26677131652832,291900,0.0,0.0
2009-01-26 00:00:00+09:00,26.7409382174777,26.780553817749023,26.7409382174777,26.780553817749023,213500,0.0,0.0
2009-01-27 00:00:00+09:00,27.810569916876872,29.31598665689715,26.54285278394742,28.999055862426758,150800,0.0,0.0
2009-01-28 00:00:00+09:00,29.37937208966154,29.37937208966154,29.31598472595215,29.31598472595215,81400,0.0,0.0
2009-01-29 00:00:00+09:00,29.331831639751005,30.029077529907227,29.331831639751005,30.029077529907227,84100,0.0,0.0
2009-01-30 00:00:00+09:00,33.990699768066406,33.990699768066406,33.990699768066406,33.990699768066406,176100,0.0,0.0
2009-02-02 00:00:00+09:00,33.99070170018448,33.99070170018448,32.16835403442383,32.16835403442383,356500,0.0,0.0
2009-02-03 00:00:00+09:00,36.129974365234375,36.129974365234375,36.129974365234375,36.129974365234375,252300,0.0,0.0
2009-02-04 00:00:00+09:00,36.17751078922068,36.17751078922068,35.17918395996094,35.17918395996094,396900,0.0,0.0
2009-02-05 00:00:00+09:00,33.01614244332243,37.31846237182617,33.01614244332243,37.31846237182617,350800,0.0,0.0
2009-02-06 00:00:00+09:00,37.334301252787505,37.334301252787505,36.36766815185547,36.36766815185547,107600,0.0,0.0
2009-02-09 00:00:00+09:00,38.88725646214115,38.88725646214115,36.76382827758789,36.76382827758789,309500,0.0,0.0
2009-02-10 00:00:00+09:00,34.22839829985565,34.862256911941145,33.673770880852246,34.386863708496094,146800,0.0,0.0
2009-02-12 00:00:00+09:00,32.23174133744697,32.23174133744697,32.0891227722168,32.0891227722168,86800,0.0,0.0
2009-02-13 00:00:00+09:00,36.41520757552116,36.41520757552116,36.05073928833008,36.05073928833008,46000,0.0,0.0
2009-02-16 00:00:00+09:00,39.3155663399473,40.01235580444336,39.3155663399473,40.01235580444336,365200,0.0,0.0
2009-02-17 00:00:00+09:00,39.679581534123194,39.679581534123194,37.08075714111328,37.08075714111328,135700,0.0,0.0
2009-02-18 00:00:00+09:00,37.1045297845567,37.1045297845567,36.52613067626953,36.52613067626953,51800,0.0,0.0
2009-02-19 00:00:00+09:00,34.917715501279005,34.917715501279005,33.75299835205078,33.75299835205078,123600,0.0,0.0
2009-02-20 00:00:00+09:00,34.307631460324046,35.25842094421387,34.228400262698415,34.86225891113281,85000,0.0,0.0
2009-02-23 00:00:00+09:00,34.32347830434446,34.32347830434446,34.0699348449707,34.0699348449707,65400,0.0,0.0
2009-02-24 00:00:00+09:00,33.91146555700714,34.228396356291995,32.72297959340309,33.990699768066406,85800,0.0,0.0
2009-02-25 00:00:00+09:00,34.41063450029441,34.41063450029441,34.149166107177734,34.149166107177734,28600,0.0,0.0
2009-02-26 00:00:00+09:00,33.26968706827094,35.258419036865234,33.26968706827094,35.258419036865234,42800,0.0,0.0
2009-02-27 00:00:00+09:00,34.434395821711384,35.65457534790039,34.434395821711384,35.65457534790039,64900,0.0,0.0
2009-03-02 00:00:00+09:00,35.67042487564453,35.67042487564453,34.62455749511719,34.62455749511719,26400,0.0,0.0
2009-03-03 00:00:00+09:00,34.87017616933973,35.49611282348633,34.87017616933973,35.49611282348633,42100,0.0,0.0
2009-03-04 00:00:00+09:00,35.820966006232055,39.457733154296875,35.820966006232055,39.457733154296875,100900,0.0,0.0
2009-03-05 00:00:00+09:00,38.831798282401365,38.831798282401365,38.269248962402344,38.269248962402344,99100,0.0,0.0
2009-03-06 00:00:00+09:00,37.91270627155938,38.19002151489258,37.91270627155938,38.19002151489258,35900,0.0,0.0
2009-03-09 00:00:00+09:00,36.90645645261975,36.90645645261975,34.86225891113281,34.86225891113281,99000,0.0,0.0
2009-03-10 00:00:00+09:00,35.5040369787321,36.84306335449219,35.5040369787321,36.84306335449219,32400,0.0,0.0
2009-03-11 00:00:00+09:00,37.793861331075306,38.586185455322266,37.793861331075306,38.586185455322266,49300,0.0,0.0
2009-03-12 00:00:00+09:00,38.903112331504644,39.22004318237305,38.82388113002584,39.22004318237305,36500,0.0,0.0
2009-03-13 00:00:00+09:00,40.25005996895969,41.200849405898765,38.82387732478922,39.93313217163086,110200,0.0,0.0
2009-03-16 00:00:00+09:00,39.220036493680766,39.61619847846542,38.82387450889611,39.378501892089844,62000,0.0,0.0
2009-03-17 00:00:00+09:00,43.340126037597656,43.340126037597656,43.340126037597656,43.340126037597656,159200,0.0,0.0
2009-03-18 00:00:00+09:00,51.04943989162732,51.04943989162732,49.20332336425781,49.20332336425781,701100,0.0,0.0
2009-03-19 00:00:00+09:00,46.88180206695737,46.88180206695737,46.747108459472656,46.747108459472656,251100,0.0,0.0
2009-03-23 00:00:00+09:00,47.54735824983266,47.54735824983266,47.53943634033203,47.53943634033203,78100,0.0,0.0
2009-03-24 00:00:00+09:00,47.222504533343006,47.30173873901367,47.222504533343006,47.30173873901367,95100,0.0,0.0
2009-03-25 00:00:00+09:00,46.493576444190694,46.493576444190694,45.954795837402344,45.954795837402344,46900,0.0,0.0
2009-03-26 00:00:00+09:00,45.606170484207446,45.606170484207446,45.16246795654297,45.16246795654297,19700,0.0,0.0
2009-03-27 00:00:00+09:00,45.32093048095703,45.954789035573185,45.32093048095703,45.32093048095703,69500,0.0,0.0
2009-03-30 00:00:00+09:00,45.71709340517808,45.796324592722634,45.43977820382002,45.47939682006836,48000,0.0,0.0
2009-03-31 00:00:00+09:00,45.479402677846764,45.479402677846764,41.28008270263672,41.28008270263672,64600,0.0,0.0
2009-04-01 00:00:00+09:00,43.546116396747856,43.546116396747856,43.1024169921875,43.1024169921875,29800,0.0,0.0
2009-04-02 00:00:00+09:00,43.13411722902214,43.13411722902214,42.07240295410156,42.07240295410156,18000,0.0,0.0
2009-04-03 00:00:00+09:00,43.32427336410636,43.32427336410636,42.230865478515625,42.230865478515625,52300,0.0,0.0
2009-04-06 00:00:00+09:00,44.29090466069788,44.29090466069788,42.78548812866211,42.78548812866211,59600,0.0,0.0
2009-04-07 00:00:00+09:00,42.76173456121998,43.57782745361328,42.76173456121998,43.57782745361328,55200,0.0,0.0
2009-04-08 00:00:00+09:00,45.0832335314407,45.0832335314407,42.9439582824707,42.9439582824707,31300,0.0,0.0
2009-04-09 00:00:00+09:00,43.736285362410534,45.320933360885725,43.736285362410534,45.16246795654297,36800,0.0,0.0
2009-04-10 00:00:00+09:00,45.954791955780564,46.82634714595144,43.57781995806777,45.16246795654297,94800,0.0,0.0
2009-04-13 00:00:00+09:00,47.38097855199885,50.312578201293945,45.320937188967946,49.91641616821289,118100,0.0,0.0
2009-04-14 00:00:00+09:00,49.44101921817628,50.708736419677734,47.77713699091987,50.708736419677734,128300,0.0,0.0
2009-04-15 00:00:00+09:00,49.520246833504025,51.34259433495778,49.12408485883599,50.86719512939453,119000,0.0,0.0
2009-04-16 00:00:00+09:00,50.88304757908112,50.88304757908112,49.678714752197266,49.678714752197266,91000,0.0,0.0
2009-04-17 00:00:00+09:00,49.750030598620484,57.601959228515625,49.750030598620484,57.601959228515625,193500,0.0,0.0
2009-04-20 00:00:00+09:00,61.53980492013235,61.53980492013235,61.008949279785156,61.008949279785156,537700,0.0,0.0
2009-04-21 00:00:00+09:00,58.156578063964844,58.156578063964844,58.156578063964844,58.156578063964844,131600,0.0,0.0
2009-04-22 00:00:00+09:00,55.22497742976486,56.25500099268213,54.670353077395305,56.1757698059082,69700,0.0,0.0
2009-04-23 00:00:00+09:00,53.71956845055402,55.46267879469201,53.16493803563575,54.98728561401367,53100,0.0,0.0
2009-04-24 00:00:00+09:00,55.85884866685635,56.809635162353516,54.90806217135919,56.809635162353516,28600,0.0,0.0
2009-04-27 00:00:00+09:00,56.85717681055848,56.85717681055848,56.41347122192383,56.41347122192383,34300,0.0,0.0
2009-04-28 00:00:00+09:00,57.43557000079206,57.43557000079206,54.0364990234375,54.0364990234375,50100,0.0,0.0
2009-04-30 00:00:00+09:00,54.0364990234375,54.0364990234375,54.0364990234375,54.0364990234375,34300,0.0,0.0
2009-05-01 00:00:00+09:00,53.16493985255392,54.59112548828125,52.29338465069942,54.59112548828125,45500,0.0,0.0
2009-05-07 00:00:00+09:00,55.62113554981021,55.700372776039046,54.67034928458077,55.46267318725586,49400,0.0,0.0
2009-05-08 00:00:00+09:00,54.646587997354374,54.67035675048828,54.646587997354374,54.67035675048828,60400,0.0,0.0
2009-05-11 00:00:00+09:00,53.32340031752385,53.32340031752385,52.21414566040039,52.21414566040039,111400,0.0,0.0
2009-05-12 00:00:00+09:00,53.16493575460448,53.481866543109604,51.50105667114258,51.50105667114258,69500,0.0,0.0
2009-05-13 00:00:00+09:00,51.738762027876774,53.48187249108668,51.738762027876774,53.40264129638672,26300,0.0,0.0
2009-05-14 00:00:00+09:00,52.768775866755554,54.194961448945804,52.68954467773437,52.689544677734375,35600,0.0,0.0
2009-05-15 00:00:00+09:00,54.0998824954647,54.67035675048828,54.0998824954647,54.67035675048828,39900,0.0,0.0
2009-05-18 00:00:00+09:00,53.220404136850405,54.19496536254883,53.220404136850405,54.19496536254883,34100,0.0,0.0
2009-05-19 00:00:00+09:00,53.95726570423914,54.27419652799167,53.40264129638672,53.40264129638672,43400,0.0,0.0
2009-05-20 00:00:00+09:00,54.353425823935694,54.353425823935694,53.08570861816406,53.08570861816406,40400,0.0,0.0
2009-05-21 00:00:00+09:00,49.52024672567907,51.42182540893555,49.52024672567907,51.42182540893555,170200,0.0,0.0
2009-05-22 00:00:00+09:00,52.37261588227495,58.94890758705629,51.97645387704601,56.09654235839844,162500,0.0,0.0
2009-05-25 00:00:00+09:00,55.22497941552371,57.20578938085745,53.95726224670058,56.65116500854492,113800,0.0,0.0
2009-05-26 00:00:00+09:00,54.51189438127072,55.858842782150084,53.9572639465332,53.9572639465332,39100,0.0,0.0
2009-05-27 00:00:00+09:00,56.492702636630504,57.3642578125,54.908054664157866,57.3642578125,74000,0.0,0.0
2009-05-28 00:00:00+09:00,57.047332894285944,57.44349492827404,55.93807799012869,56.41347122192383,47700,0.0,0.0
2009-05-29 00:00:00+09:00,55.91430923528187,56.41347122192383,55.91430923528187,56.41347122192383,41400,0.0,0.0
2009-06-01 00:00:00+09:00,55.541908296289556,56.65116304746816,54.43265354511095,56.255001068115234,25300,0.0,0.0
2009-06-02 00:00:00+09:00,56.27877176786981,56.65116500854492,56.27877176786981,56.65116500854492,92000,0.0,0.0
2009-06-03 00:00:00+09:00,55.73999487498439,55.77961349487305,55.73999487498439,55.77961349487305,44900,0.0,0.0
2009-06-04 00:00:00+09:00,55.779605787147815,55.779605787147815,54.03648951710929,55.700374603271484,53400,0.0,0.0
2009-06-05 00:00:00+09:00,54.274189341692384,56.254999171681156,54.274189341692384,55.93806838989258,62600,0.0,0.0
2009-06-08 00:00:00+09:00,55.462676968005674,55.462676968005674,54.74958419799805,54.74958419799805,32500,0.0,0.0
2009-06-09 00:00:00+09:00,54.90805069371562,55.77960580656231,54.67035109705204,55.06651306152344,77800,0.0,0.0
2009-06-10 00:00:00+09:00,60.96931785766809,62.98974609375,60.96931785766809,62.98974609375,340300,0.0,0.0
2009-06-11 00:00:00+09:00,70.91299438476562,70.91299438476562,70.91299438476562,70.91299438476562,267600,0.0,0.0
2009-06-12 00:00:00+09:00,78.83622741699219,78.83622741699219,78.83622741699219,78.83622741699219,77900,0.0,0.0
2009-06-15 00:00:00+09:00,86.75948141059885,86.75948141059885,84.77867133273129,84.85790252685547,1332900,0.0,0.0
2009-06-16 00:00:00+09:00,73.76536170375172,77.64775043446544,71.70532055427677,72.97303771972656,681200,0.0,0.0
2009-06-17 00:00:00+09:00,74.87461466755455,78.04391052649865,73.76535990793369,75.50847625732422,187600,0.0,0.0
2009-06-18 00:00:00+09:00,73.36919792556567,77.806210919097,73.36919792556567,75.50847625732422,166100,0.0,0.0
2009-06-19 00:00:00+09:00,68.53602965786146,68.69449204833786,67.58524322509766,67.58524322509766,322100,0.0,0.0
2009-06-22 00:00:00+09:00,62.27665275398656,71.70530768001781,62.27665275398656,67.34752655029297,482000,0.0,0.0
2009-06-23 00:00:00+09:00,65.76290109875873,67.42678051997764,63.6236284207563,67.1890869140625,110300,0.0,0.0
2009-06-24 00:00:00+09:00,62.98975951583297,64.41594516813473,62.98975951583297,64.1782455444336,109000,0.0,0.0
2009-06-25 00:00:00+09:00,64.41593422863211,66.79290588216168,63.46514194024937,66.55520629882812,99100,0.0,0.0
2009-06-26 00:00:00+09:00,65.76288649928179,69.72450616791322,65.76288649928179,68.85295104980469,107800,0.0,0.0
2009-06-29 00:00:00+09:00,69.72450808452905,70.12067006228206,66.159050284752,67.82292938232422,70000,0.0,0.0
2009-06-30 00:00:00+09:00,70.99222720151823,70.99222720151823,68.1398620904436,69.56604766845703,87900,0.0,0.0
2009-07-01 00:00:00+09:00,70.35836973805478,70.35836973805478,68.13986024241396,69.24911499023438,40000,0.0,0.0
2009-07-02 00:00:00+09:00,67.82292748643505,68.61525141979281,67.42676551975616,67.50599670410156,40000,0.0,0.0
2009-07-03 00:00:00+09:00,67.34752655029297,68.29831274243428,66.39674035815166,67.34752655029297,40000,0.0,0.0
2009-07-06 00:00:00+09:00,71.30916234066612,75.27078247070312,68.93219026264391,75.27078247070312,160000,0.0,0.0
2009-07-07 00:00:00+09:00,83.19401550292969,83.19401550292969,83.19401550292969,83.19401550292969,80000,0.0,0.0
2009-07-08 00:00:00+09:00,78.44008255004883,82.40170288085938,71.54686559241964,76.0631103515625,360000,0.0,0.0
2009-07-09 00:00:00+09:00,75.82539403061006,75.82539403061006,68.13985469779308,69.64527130126953,330000,0.0,0.0
2009-07-10 00:00:00+09:00,69.64529047879971,70.12068373581458,67.2683181487721,68.93219757080078,100000,0.0,0.0
2009-07-13 00:00:00+09:00,69.56604675524162,71.30915706552925,61.00894548939724,61.72203826904297,106900,0.0,0.0
2009-07-14 00:00:00+09:00,63.385906367809426,66.23827094537063,63.385906367809426,64.0989990234375,70000,0.0,0.0
2009-07-15 00:00:00+09:00,66.79292119544698,66.79292119544698,64.97057342529297,64.97057342529297,27300,0.0,0.0
2009-07-16 00:00:00+09:00,67.03061080408457,67.34754162070192,64.1782455444336,64.1782455444336,20000,0.0,0.0
2009-07-17 00:00:00+09:00,64.17823777198791,64.89133051177814,62.75205229240746,63.38591384887695,54800,0.0,0.0
2009-07-21 00:00:00+09:00,61.959723248779085,66.00057975865924,61.959723248779085,64.73285675048828,96200,0.0,0.0
2009-07-22 00:00:00+09:00,67.34752749804385,67.34752749804385,63.78207015991211,63.78207015991211,44700,0.0,0.0
2009-07-23 00:00:00+09:00,64.17825505881514,67.10985194598952,63.46516212694873,63.70286178588867,47600,0.0,0.0
2009-07-24 00:00:00+09:00,65.28749454147145,65.28749454147145,63.86130901671314,64.49517059326172,21400,0.0,0.0
2009-07-27 00:00:00+09:00,64.17823819080031,65.76288604736328,63.46514544635661,65.76288604736328,40000,0.0,0.0
2009-07-28 00:00:00+09:00,65.76287638346354,66.31750063377743,64.97055257161458,65.36671447753906,13000,0.0,0.0
2009-07-29 00:00:00+09:00,65.76289749145508,66.95138359069824,64.97057342529297,64.97057342529297,26100,0.0,0.0
2009-07-30 00:00:00+09:00,66.55521366635998,66.55521366635998,64.17824174970426,64.8913345336914,25900,0.0,0.0
2009-07-31 00:00:00+09:00,64.57439033383093,64.89132106593195,61.8012570066112,63.940528869628906,22600,0.0,0.0
2009-08-03 00:00:00+09:00,63.86131286621094,64.89133647895319,62.59359568164903,63.86131286621094,55100,0.0,0.0
2009-08-04 00:00:00+09:00,64.97056970344768,64.97056970344768,63.54438404807391,64.33670806884766,30000,0.0,0.0
2009-08-05 00:00:00+09:00,64.89134222766734,65.76289749145508,63.861318523675436,64.97057342529297,35000,0.0,0.0
2009-08-06 00:00:00+09:00,65.04978711559092,65.36671786574844,63.78207015991211,63.78207015991211,30000,0.0,0.0
2009-08-07 00:00:00+09:00,64.17823775723004,64.4951685353919,63.38591383430127,64.019775390625,46100,0.0,0.0
2009-08-10 00:00:00+09:00,63.46514711767275,64.73286422731732,62.59359198260161,64.57440185546875,45100,0.0,0.0
2009-08-11 00:00:00+09:00,64.732856190627,65.04978693992868,63.068977312982305,63.62360763549805,47200,0.0,0.0
2009-08-12 00:00:00+09:00,64.4951742611526,64.4951742611526,62.19743347167969,62.19743347167969,70000,0.0,0.0
2009-08-13 00:00:00+09:00,61.00894740935295,61.80127140168221,61.00894740935295,61.40510940551758,180000,0.0,0.0
2009-08-14 00:00:00+09:00,62.19743530471604,62.51436612035478,60.929718087113606,61.008949279785156,137700,0.0,0.0
2009-08-17 00:00:00+09:00,61.008949328691536,61.801273345947266,60.2166253114358,61.801273345947266,62500,0.0,0.0
2009-08-18 00:00:00+09:00,62.51438196130126,62.51438196130126,60.216640521870644,60.29587173461914,58000,0.0,0.0
2009-08-19 00:00:00+09:00,60.29584621153772,60.29584621153772,56.96808832510021,57.4434814453125,130000,0.0,0.0
2009-08-20 00:00:00+09:00,56.65116880992231,57.285030459343076,53.48187265272386,54.35342788696289,310000,0.0,0.0
2009-08-21 00:00:00+09:00,54.670351383812516,56.65116121655935,54.670351383812516,56.01729965209961,160000,0.0,0.0
2009-08-24 00:00:00+09:00,56.65116695937718,57.76042178715269,56.01730533066189,56.33423614501953,70000,0.0,0.0
2009-08-25 00:00:00+09:00,57.047330815741354,57.3642616403749,55.621145127366745,55.85884475708008,86100,0.0,0.0
2009-08-26 00:00:00+09:00,55.700384396707584,56.730402058104886,55.700384396707584,56.41347122192383,30000,0.0,0.0
2009-08-27 00:00:00+09:00,56.65116674773796,56.65116674773796,55.462680732051155,56.09654235839844,46400,0.0,0.0
2009-08-28 00:00:00+09:00,55.700384396707584,57.36426373046701,55.700384396707584,56.41347122192383,67900,0.0,0.0
2009-08-31 00:00:00+09:00,56.888858630051665,57.83964489528111,55.46267318725586,55.46267318725586,115700,0.0,0.0
2009-09-02 00:00:00+09:00,54.353420021368414,55.462674724855894,53.957258059048016,54.115726470947266,56700,0.0,0.0
2009-09-03 00:00:00+09:00,55.30421607600037,55.30421607600037,51.501058564058255,52.53108215332031,80000,0.0,0.0
2009-09-04 00:00:00+09:00,53.085701151607196,53.561094281287986,51.738752943353035,53.244163513183594,54900,0.0,0.0
2009-09-07 00:00:00+09:00,51.5010529385065,52.7687699556948,50.86719140743656,51.580284118652344,60000,0.0,0.0
2009-09-08 00:00:00+09:00,52.29338823514452,52.29338823514452,50.70874010680681,51.34260177612305,30000,0.0,0.0
2009-09-09 00:00:00+09:00,48.96561998670571,50.47103671549033,48.33176142497178,48.5694580078125,70000,0.0,0.0
2009-09-10 00:00:00+09:00,47.539440393447876,51.26336080628698,47.539440393447876,50.708736419677734,120000,0.0,0.0
2009-09-11 00:00:00+09:00,51.50105868172075,53.08570664115831,49.91641072228319,51.26335906982422,87100,0.0,0.0
2009-09-14 00:00:00+09:00,49.1240912066623,50.70873931010302,48.72792918080212,50.55027389526367,48500,0.0,0.0
2009-09-15 00:00:00+09:00,51.184133532262976,51.2633647299926,48.33176809932612,49.20332336425781,29200,0.0,0.0
2009-09-16 00:00:00+09:00,49.2033135107221,49.75794085118826,47.539434511799456,47.93559646606445,28200,0.0,0.0
2009-09-17 00:00:00+09:00,48.01483137260177,48.490227568083384,46.74711422960297,47.14327621459961,42900,0.0,0.0
2009-09-18 00:00:00+09:00,47.935602018149666,47.935602018149666,44.05321320768922,46.667884826660156,48600,0.0,0.0
2009-09-21 00:00:00+09:00,46.667884826660156,46.667884826660156,46.667884826660156,46.667884826660156,0,0.0,0.0
2009-09-24 00:00:00+09:00,44.37014296368334,46.66788371900739,43.73628438298309,44.92477035522461,90000,0.0,0.0
2009-09-25 00:00:00+09:00,43.340130817452554,45.241706929215106,41.9931791825728,43.57782745361328,59300,0.0,0.0
2009-09-28 00:00:00+09:00,45.954795769174275,46.034026966682276,41.99317544424546,43.498592376708984,48700,0.0,0.0
2009-09-29 00:00:00+09:00,44.29091558441761,45.55863285486683,43.498591534767755,44.2116813659668,32400,0.0,0.0
2009-09-30 00:00:00+09:00,45.55863380432129,45.954795837402344,43.97398567199707,45.954795837402344,40000,0.0,0.0
2009-10-01 00:00:00+09:00,46.1924877569476,47.53943913699091,45.954791165757875,46.58864974975586,70000,0.0,0.0
2009-10-02 00:00:00+09:00,47.53943913699091,47.53943913699091,46.58864974975586,46.58864974975586,50000,0.0,0.0
2009-10-05 00:00:00+09:00,47.46021289076431,54.51189830622879,46.74712002044491,51.65952682495117,110000,0.0,0.0
2009-10-06 00:00:00+09:00,50.31257458587191,53.48187062277723,47.6186717455119,53.08570861816406,55100,0.0,0.0
2009-10-07 00:00:00+09:00,53.87803064790883,53.87803064790883,51.263359095544125,52.689544677734375,39000,0.0,0.0
2009-10-08 00:00:00+09:00,53.48187249108668,53.56110368578665,52.21415524102924,53.40264129638672,52800,0.0,0.0
2009-10-09 00:00:00+09:00,53.08571255975148,55.22498512552149,50.78797155339852,54.0364990234375,90000,0.0,0.0
2009-10-13 00:00:00+09:00,55.46268267062182,55.85884468969769,54.67035863247008,55.77961349487305,49200,0.0,0.0
2009-10-14 00:00:00+09:00,56.25499708993094,56.25499708993094,53.87802538190569,55.46267318725586,23100,0.0,0.0
2009-10-15 00:00:00+09:00,56.255003015478174,56.65116500854492,54.98728584665504,56.65116500854492,58100,0.0,0.0
2009-10-16 00:00:00+09:00,56.651160899691156,56.651160899691156,52.29337929202261,55.700374603271484,26900,0.0,0.0
2009-10-19 00:00:00+09:00,53.32340477638995,54.908052691944455,52.293381213298694,54.82881546020508,32300,0.0,0.0
2009-10-20 00:00:00+09:00,56.255000693012825,56.255000693012825,53.16493606567383,53.16493606567383,38100,0.0,0.0
2009-10-21 00:00:00+09:00,52.92723880078728,54.511886596679695,52.92723880078728,54.51188659667969,33000,0.0,0.0
2009-10-22 00:00:00+09:00,51.58028623933796,54.51188838487763,51.42182387253119,52.76877212524414,49800,0.0,0.0
2009-10-23 00:00:00+09:00,54.27419839965462,54.27419839965462,52.293388239083285,52.927249908447266,10700,0.0,0.0
2009-10-26 00:00:00+09:00,55.30421467083308,56.25500100218496,52.848005565761945,54.82881546020508,43100,0.0,0.0
2009-10-27 00:00:00+09:00,52.45183993910988,55.46267318725586,52.29337757655552,55.46267318725586,29400,0.0,0.0
2009-10-28 00:00:00+09:00,53.95726769664907,55.383453433722025,52.927250037610065,53.87803649902344,21600,0.0,0.0
2009-10-29 00:00:00+09:00,51.58028214368292,52.29337482759494,51.58028214368292,51.8179817199707,30600,0.0,0.0
2009-10-30 00:00:00+09:00,51.817993179548004,51.97645556881635,48.33176621107042,48.807159423828125,108400,0.0,0.0
2009-11-02 00:00:00+09:00,46.82634920312723,49.91641414489711,46.82634920312723,48.64869689941406,26100,0.0,0.0
2009-11-04 00:00:00+09:00,47.06404611731253,48.96562187588025,46.90558071514618,48.886390686035156,19900,0.0,0.0
2009-11-05 00:00:00+09:00,47.85636644811047,49.124083523600106,47.69790105805529,48.96561813354492,19700,0.0,0.0
2009-11-06 00:00:00+09:00,48.886389011190154,50.23334034974341,47.77713425650487,50.15410614013672,28100,0.0,0.0
2009-11-09 00:00:00+09:00,48.56946562138094,50.70874124724437,48.56946562138094,49.36178970336914,107100,0.0,0.0
2009-11-10 00:00:00+09:00,49.757939260109175,50.31256658284036,48.569453435317676,49.83717346191406,62000,0.0,0.0
2009-11-11 00:00:00+09:00,50.31257813504324,50.471043552562286,49.04486083984375,49.04486083984375,152500,0.0,0.0
2009-11-12 00:00:00+09:00,47.46020370848243,50.233337410456095,47.38096950351195,49.5994758605957,70000,0.0,0.0
2009-11-13 00:00:00+09:00,50.391811309271866,50.708742156742126,49.59948721307277,50.31258010864258,56200,0.0,0.0
2009-11-16 00:00:00+09:00,53.4818725003541,53.4818725003541,48.33176625957926,51.89722442626953,78500,0.0,0.0
2009-11-17 00:00:00+09:00,49.52024679917555,52.689542594322795,48.25252969010706,51.50105667114258,39500,0.0,0.0
2009-11-18 00:00:00+09:00,52.29338462225667,52.68954662697073,49.916412593972275,52.372615814208984,14700,0.0,0.0
2009-11-19 00:00:00+09:00,52.214153241127406,52.214153241127406,48.72792640328407,50.708736419677734,9100,0.0,0.0
2009-11-20 00:00:00+09:00,50.708738341812015,51.897224396698235,49.12409026863039,51.10490036010742,9300,0.0,0.0
2009-11-24 00:00:00+09:00,49.757942765052334,50.629500911444,47.53943634033203,47.53943634033203,17100,0.0,0.0
2009-11-25 00:00:00+09:00,48.33176810254629,48.33176810254629,45.95479590078172,46.826351165771484,12600,0.0,0.0
2009-11-26 00:00:00+09:00,46.350953243815525,48.09406661987305,46.350953243815525,48.09406661987305,10200,0.0,0.0
2009-11-27 00:00:00+09:00,47.30174143893409,48.252530803920536,46.19248667603722,46.27172088623047,9100,0.0,0.0
2009-11-30 00:00:00+09:00,46.35095599169017,48.64869689941406,46.35095599169017,48.64869689941406,11000,0.0,0.0
2009-12-01 00:00:00+09:00,48.8071534337505,49.1240842183431,47.30173976312557,47.53943634033203,12900,0.0,0.0
2009-12-02 00:00:00+09:00,46.747111740200104,49.28254891365529,46.667880556410466,48.96561813354492,14300,0.0,0.0
2009-12-03 00:00:00+09:00,49.361786744236866,51.18413141906879,48.49023151528831,50.94643783569336,28700,0.0,0.0
2009-12-04 00:00:00+09:00,54.5911173238072,54.67034850395305,51.580284118652344,51.580284118652344,27600,0.0,0.0
2009-12-07 00:00:00+09:00,50.94643611038783,52.53108412570375,49.520250478622515,50.787967681884766,39900,0.0,0.0
2009-12-08 00:00:00+09:00,51.421820814554394,52.21414469137356,47.6186637878418,47.6186637878418,20700,0.0,0.0
2009-12-09 00:00:00+09:00,46.826339637701814,49.99563512647963,46.747108459472656,46.747108459472656,18800,0.0,0.0
2009-12-10 00:00:00+09:00,46.3509578704834,49.12409210205078,46.27172667285777,48.33176803588867,13500,0.0,0.0
2009-12-11 00:00:00+09:00,49.916410109576056,49.916410109576056,45.9547902596097,47.14327621459961,39700,0.0,0.0
2009-12-14 00:00:00+09:00,47.38097094803573,48.569456856544036,46.4301816167339,47.53943634033203,33800,0.0,0.0
2009-12-15 00:00:00+09:00,47.53943717106694,47.53943717106694,46.35095124179027,46.90557861328125,30300,0.0,0.0
2009-12-16 00:00:00+09:00,46.74711060326946,48.33175842032944,46.350948649004465,47.93559646606445,23600,0.0,0.0
2009-12-17 00:00:00+09:00,47.85636712492463,47.85636712492463,46.98480897853297,47.53943634033203,24300,0.0,0.0
2009-12-18 00:00:00+09:00,46.43018913214406,47.46021283755653,46.43018913214406,46.826351165771484,12100,0.0,0.0
2009-12-21 00:00:00+09:00,46.3509578704834,47.38097855199885,45.47940260669566,45.954795837402344,27200,0.0,0.0
2009-12-22 00:00:00+09:00,46.667881036962626,46.667881036962626,45.24169553425606,46.034019470214844,30400,0.0,0.0
2009-12-24 00:00:00+09:00,46.03401835994357,46.11325256511402,45.162463260399896,45.71709060668945,31800,0.0,0.0
2009-12-25 00:00:00+09:00,45.16246795654297,45.7963265514378,44.84553714785745,45.16246795654297,27600,0.0,0.0
2009-12-28 00:00:00+09:00,45.79633041967463,46.74711990356445,45.79633041967463,45.954795837402344,58000,0.0,0.0
2009-12-29 00:00:00+09:00,45.95478996344372,45.95478996344372,44.76630401611328,44.76630401611328,17300,0.0,0.0
2009-12-30 00:00:00+09:00,44.37014678039204,44.52861219481729,43.973984755567116,44.2116813659668,25500,0.0,0.0
2010-01-04 00:00:00+09:00,43.97398560900467,45.0832405090332,43.97398560900467,45.0832405090332,12700,0.0,0.0
2010-01-05 00:00:00+09:00,46.50942328821111,46.50942328821111,44.370147705078125,44.370147705078125,10900,0.0,0.0
2010-01-06 00:00:00+09:00,44.37015158913353,44.37015158913353,42.78550331809304,43.57782745361328,56500,0.0,0.0
2010-01-07 00:00:00+09:00,43.97398276295893,44.05321395534313,43.260889941596126,43.73628616333008,19600,0.0,0.0
2010-01-08 00:00:00+09:00,42.70626294134409,49.52024783436186,42.70626294134409,45.47939682006836,52800,0.0,0.0
2010-01-12 00:00:00+09:00,44.52860859614338,46.58864974975586,44.52860859614338,46.58864974975586,22000,0.0,0.0
2010-01-13 00:00:00+09:00,45.875563716798965,46.66788776702018,45.0040054480698,45.796329498291016,13800,0.0,0.0
2010-01-14 00:00:00+09:00,45.79633041967463,45.954795837402344,45.162471771240234,45.954795837402344,24700,0.0,0.0
2010-01-15 00:00:00+09:00,46.747108176246655,46.747108176246655,45.320925819432574,45.875553131103516,27200,0.0,0.0
2010-01-18 00:00:00+09:00,45.95479401350299,46.58865263678018,45.400166584706824,46.4301872253418,18500,0.0,0.0
2010-01-19 00:00:00+09:00,46.905575670434,46.905575670434,45.9547863821698,46.350948333740234,12600,0.0,0.0
2010-01-20 00:00:00+09:00,45.95479201739968,46.90558142225491,45.95479201739968,46.667884826660156,8700,0.0,0.0
2010-01-21 00:00:00+09:00,46.905575670434,46.905575670434,45.9547863821698,46.350948333740234,14000,0.0,0.0
2010-01-22 00:00:00+09:00,46.113261255130055,46.74711990356445,44.92477515588689,45.954795837402344,41500,0.0,0.0
2010-01-25 00:00:00+09:00,45.47939691915444,46.74711405748565,45.32093152124402,46.27172088623047,25800,0.0,0.0
2010-01-26 00:00:00+09:00,45.71709340517808,45.95478999028781,45.47939682006836,45.47939682006836,18500,0.0,0.0
2010-01-27 00:00:00+09:00,45.55863373905889,45.796330354071735,45.0832405090332,45.0832405090332,16100,0.0,0.0
2010-01-28 00:00:00+09:00,44.528603717584765,45.40015879728481,44.2909071524371,44.84553146362305,10600,0.0,0.0
2010-01-29 00:00:00+09:00,44.37014077429204,44.845533930740494,42.86472407474531,42.9439582824707,30800,0.0,0.0
2010-02-01 00:00:00+09:00,42.46856385465166,42.46856385465166,41.20084670353339,41.75547409057617,24200,0.0,0.0
2010-02-02 00:00:00+09:00,41.5970144632462,41.993176505753304,41.35931784223724,41.43854904174805,15600,0.0,0.0
2010-02-03 00:00:00+09:00,41.43854235553548,42.310100521908936,41.43854235553548,41.597007751464844,15600,0.0,0.0
2010-02-04 00:00:00+09:00,42.31010634204722,42.31010634204722,39.61620330810547,40.40852737426758,38700,0.0,0.0
2010-02-05 00:00:00+09:00,40.17082783678272,40.40852443484539,39.61620042631901,39.77466583251953,21300,0.0,0.0
2010-02-08 00:00:00+09:00,40.408517743101214,40.408517743101214,39.77465924574379,40.01235580444336,10500,0.0,0.0
2010-02-09 00:00:00+09:00,39.77466583251953,40.0123624305822,39.22003842205582,39.77466583251953,22000,0.0,0.0
2010-02-10 00:00:00+09:00,40.012358575988536,40.012358575988536,38.982338068626596,39.1011848449707,23700,0.0,0.0
2010-02-12 00:00:00+09:00,39.22004502335518,40.01236916524115,38.823882952412205,39.57659149169922,39100,0.0,0.0
2010-02-15 00:00:00+09:00,39.61619996187979,45.16246795654297,38.982341366984954,45.16246795654297,72900,0.0,0.0
2010-02-16 00:00:00+09:00,45.5586259100061,49.75794212852017,43.57781608783192,43.657047271728516,107600,0.0,0.0
2010-02-17 00:00:00+09:00,42.78549360943587,42.78549360943587,40.32929055566237,41.51777648925781,91100,0.0,0.0
2010-02-18 00:00:00+09:00,41.51778040454773,43.26089085355572,39.69543271653268,40.88391876220703,29000,0.0,0.0
2010-02-19 00:00:00+09:00,40.88391590451577,41.99317067860134,40.25005732895662,41.75547409057617,46600,0.0,0.0
2010-02-22 00:00:00+09:00,42.943955412287785,42.943955412287785,40.80468030629742,42.46855926513672,19800,0.0,0.0
2010-02-23 00:00:00+09:00,40.88390946317956,42.94395328727814,40.72544711111289,41.9931640625,12000,0.0,0.0
2010-02-24 00:00:00+09:00,41.359306216554394,41.597002770749256,40.64621353149414,40.64621353149414,12600,0.0,0.0
2010-02-25 00:00:00+09:00,41.28007117195599,41.75546729309141,40.32928497463637,41.20083999633789,18000,0.0,0.0
2010-02-26 00:00:00+09:00,41.20084747731604,41.20084747731604,40.250058084882745,40.32929229736328,12000,0.0,0.0
2010-03-01 00:00:00+09:00,39.93312582388448,41.12161167551824,39.695426235577074,41.04237747192383,13400,0.0,0.0
2010-03-02 00:00:00+09:00,41.12160882071979,41.75546729309141,41.042374622626085,41.20083999633789,10800,0.0,0.0
2010-03-03 00:00:00+09:00,40.408522638604666,41.04238121275422,39.69542985363885,40.96315002441406,28000,0.0,0.0
2010-03-04 00:00:00+09:00,40.25006393626412,40.329298160263384,39.69543645817566,40.09159851074219,23500,0.0,0.0
2010-03-05 00:00:00+09:00,39.695426072778766,40.48774997061847,39.61619489198512,40.25005340576172,31400,0.0,0.0
2010-03-08 00:00:00+09:00,40.01235867134168,40.32928945396645,39.8538932800293,39.8538932800293,22000,0.0,0.0
2010-03-09 00:00:00+09:00,41.43853645841151,41.43853645841151,40.25005069178895,41.12160873413086,41800,0.0,0.0
2010-03-10 00:00:00+09:00,40.250051716050216,41.43853751291672,40.250051716050216,41.35930633544922,24500,0.0,0.0
2010-03-11 00:00:00+09:00,41.75547399772004,41.75547399772004,40.25005723944825,40.96315002441406,17700,0.0,0.0
2010-03-12 00:00:00+09:00,41.12161439988661,41.12161439988661,39.853894260670096,40.7254524230957,38600,0.0,0.0
2010-03-15 00:00:00+09:00,42.310095984174005,48.648686961729624,41.51777211197955,46.747108459472656,475100,0.0,0.0
2010-03-16 00:00:00+09:00,43.57781982209453,45.479398623321856,43.10242663302579,44.29091262817383,110000,0.0,0.0
2010-03-17 00:00:00+09:00,44.13245495297279,44.21168615753413,42.38934125033292,43.57782745361328,48300,0.0,0.0
2010-03-18 00:00:00+09:00,43.498592376708984,43.97398560670987,42.31010627923034,43.498592376708984,20800,0.0,0.0
2010-03-19 00:00:00+09:00,43.49859237551081,43.49859237551081,39.61620324819693,42.706268310546875,188300,0.0,0.0
2010-03-23 00:00:00+09:00,41.20084181109679,41.993165692079415,40.56698331080583,40.80467987060547,48500,0.0,0.0
2010-03-24 00:00:00+09:00,41.200840212264154,41.9931640625,40.5669817365706,41.9931640625,52200,0.0,0.0
2010-03-25 00:00:00+09:00,42.151629437042295,42.706256736702514,40.96314366168852,41.9931640625,63600,0.0,0.0
2010-03-26 00:00:00+09:00,41.99317371782502,43.26089096069336,41.200849685413225,43.26089096069336,62400,0.0,0.0
2010-03-29 00:00:00+09:00,45.87556160494225,51.1841300790662,42.46856592784912,43.73628616333008,354500,0.0,0.0
2010-03-30 00:00:00+09:00,45.08323385938451,45.08323385938451,43.49858596306134,44.60783767700195,78500,0.0,0.0
2010-03-31 00:00:00+09:00,44.68707376527153,45.0832357560187,44.13244637373026,44.92477035522461,58300,0.0,0.0
2010-04-01 00:00:00+09:00,46.034027035027975,46.034027035027975,44.92477515588689,45.954795837402344,34200,0.0,0.0
2010-04-02 00:00:00+09:00,46.74711996803658,47.53944403529144,45.08324063579196,46.826351165771484,52100,0.0,0.0
2010-04-05 00:00:00+09:00,47.22250638093609,47.61866835736164,46.74711321821582,46.90557861328125,75700,0.0,0.0
2010-04-06 00:00:00+09:00,46.98481455030759,47.14327996139578,45.954793911948826,47.064048767089844,37200,0.0,0.0
2010-04-07 00:00:00+09:00,47.30174143893409,47.30174143893409,46.27172088623047,46.27172088623047,23100,0.0,0.0
2010-04-08 00:00:00+09:00,46.667879911403574,46.667879911403574,45.55862521882445,45.71709060668945,44000,0.0,0.0
2010-04-09 00:00:00+09:00,45.5586319961452,47.380976671495745,45.241701173268446,46.4301872253418,83800,0.0,0.0
2010-04-12 00:00:00+09:00,46.19248768480673,46.50941848754883,45.16246710960912,46.50941848754883,31800,0.0,0.0
2010-04-13 00:00:00+09:00,46.350951204263296,48.252529898556816,45.637858438284226,46.19248580932617,76100,0.0,0.0
2010-04-14 00:00:00+09:00,46.50941582412003,49.044853033432936,46.50941582412003,47.53943634033203,117400,0.0,0.0
2010-04-15 00:00:00+09:00,47.77713107986328,48.490223806530615,47.69789989800062,47.93559646606445,59700,0.0,0.0
2010-04-16 00:00:00+09:00,49.12409017919525,49.12409017919525,47.93560412647279,48.727928161621094,50900,0.0,0.0
2010-04-19 00:00:00+09:00,48.727922850388744,51.50105667114258,48.727922850388744,51.50105667114258,111200,0.0,0.0
2010-04-20 00:00:00+09:00,52.53108800452901,59.4243049621582,51.58029549816274,59.4243049621582,865000,0.0,0.0
2010-04-21 00:00:00+09:00,61.801257657954785,67.2682931982256,55.621129474178915,60.85047149658203,683500,0.0,0.0
2010-04-22 00:00:00+09:00,59.42429709307365,60.13738986718095,55.54190847400241,57.126556396484375,301700,0.0,0.0
2010-04-23 00:00:00+09:00,56.413467283798916,57.04732891191227,53.878032861250475,55.54191207885742,214000,0.0,0.0
2010-04-26 00:00:00+09:00,54.511890713055834,55.383445857620394,53.71956675527858,54.82881546020508,145400,0.0,0.0
2010-04-27 00:00:00+09:00,56.255008697509766,58.47351850074483,55.462684631347656,57.047332763671875,191600,0.0,0.0
2010-04-28 00:00:00+09:00,56.25500669761619,57.364261559799154,54.670358621626995,57.285030364990234,113700,0.0,0.0
2010-04-30 00:00:00+09:00,57.364257878450665,57.918882251472816,56.1757718977298,56.73039627075195,116200,0.0,0.0
2010-05-06 00:00:00+09:00,55.462680886581374,57.44349091824499,54.67035687391592,55.54191207885742,116400,0.0,0.0
2010-05-07 00:00:00+09:00,54.670356636616724,54.670356636616724,51.5010605997114,53.08570861816406,140600,0.0,0.0
2010-05-10 00:00:00+09:00,52.29337482759494,53.323398264906885,50.23333399792237,51.8179817199707,139500,0.0,0.0
2010-05-11 00:00:00+09:00,53.8780246236098,54.82881087545758,50.7087290575151,52.21414566040039,71900,0.0,0.0
2010-05-12 00:00:00+09:00,51.421825485254296,52.214149434041104,50.70873272235577,51.50105667114258,33800,0.0,0.0
2010-05-13 00:00:00+09:00,51.184128432995806,51.184128432995806,45.95479131943039,48.17329788208008,197500,0.0,0.0
2010-05-14 00:00:00+09:00,47.69790256613237,48.80715428663832,46.90557861328125,46.90557861328125,100100,0.0,0.0
2010-05-17 00:00:00+09:00,46.905583357552324,47.380976568356296,45.083238686168684,45.558631896972656,92900,0.0,0.0
2010-05-18 00:00:00+09:00,45.479406587852544,46.50942735953352,43.49859624905194,43.57782745361328,77800,0.0,0.0
2010-05-19 00:00:00+09:00,41.9931755065918,44.370147705078125,41.9931755065918,44.370147705078125,36200,0.0,0.0
2010-05-20 00:00:00+09:00,43.65705477172499,44.37014763920275,42.78549950923122,43.498592376708984,21600,0.0,0.0
2010-05-21 00:00:00+09:00,42.23086612141554,42.70626230705024,40.64621821425191,40.7254524230957,63100,0.0,0.0
2010-05-24 00:00:00+09:00,46.27172239025146,46.27172239025146,41.280078817442714,41.9139404296875,192400,0.0,0.0
2010-05-25 00:00:00+09:00,41.676244671136374,42.706268375128275,39.61620330810547,40.40852737426758,91300,0.0,0.0
2010-05-26 00:00:00+09:00,40.17082783678272,40.9631518453091,39.69543161818115,39.77466583251953,26200,0.0,0.0
2010-05-27 00:00:00+09:00,39.18042117160533,42.31010147761896,38.90310596684589,41.75547409057617,71500,0.0,0.0
2010-05-28 00:00:00+09:00,42.78549284207475,43.02318942003553,41.5970069297949,42.230865478515625,97100,0.0,0.0
2010-05-31 00:00:00+09:00,43.02319235324294,43.02319235324294,41.91394057297481,42.07240295410156,20500,0.0,0.0
2010-06-01 00:00:00+09:00,42.07240579482209,42.62703323364258,41.59701257439103,42.62703323364258,22600,0.0,0.0
2010-06-02 00:00:00+09:00,41.83471100331998,43.498593392116724,41.83471100331998,42.151641845703125,12000,0.0,0.0
2010-06-03 00:00:00+09:00,42.46856777116096,44.44937789150385,42.23087116121509,43.340126037597656,15500,0.0,0.0
2010-06-04 00:00:00+09:00,42.54779815673828,43.815515310570724,42.15163616835613,42.54779815673828,69600,0.0,0.0
2010-06-07 00:00:00+09:00,41.75547983961573,41.83471103904091,40.566993713378906,40.566993713378906,12700,0.0,0.0
2010-06-08 00:00:00+09:00,39.61620525665299,40.56699478730798,39.06157777856453,40.09159851074219,76700,0.0,0.0
2010-06-09 00:00:00+09:00,40.170821184401646,40.487748921842496,39.85389042448507,40.01235580444336,14800,0.0,0.0
2010-06-10 00:00:00+09:00,40.80469141435258,40.80469141435258,40.01236730921952,40.09159851074219,19400,0.0,0.0
2010-06-11 00:00:00+09:00,40.32928580005955,41.91393352465952,40.32928580005955,40.64621353149414,32700,0.0,0.0
2010-06-14 00:00:00+09:00,41.200840958038555,41.59700289032738,40.80467902574972,41.35930633544922,11700,0.0,0.0
2010-06-15 00:00:00+09:00,42.86472467978579,42.86472467978579,40.7254524230957,40.7254524230957,30200,0.0,0.0
2010-06-16 00:00:00+09:00,41.12161439988661,41.20084558625438,40.487752819040345,40.7254524230957,20900,0.0,0.0
2010-06-17 00:00:00+09:00,40.725457210145045,41.20085042918353,40.09159555479189,40.17082977294922,14500,0.0,0.0
2010-06-18 00:00:00+09:00,40.09158802169862,40.25005340576172,39.77466027604822,40.25005340576172,15100,0.0,0.0
2010-06-21 00:00:00+09:00,39.85389894527264,40.88391960150695,39.85389894527264,40.17082977294922,13500,0.0,0.0
2010-06-22 00:00:00+09:00,40.01235867134168,40.17082406265406,39.616196704298694,39.8538932800293,41800,0.0,0.0
2010-06-23 00:00:00+09:00,39.695433531434354,40.32929518678751,39.6162023357534,40.17082977294922,46200,0.0,0.0
2010-06-24 00:00:00+09:00,39.61620330810547,40.170830758914235,39.220041275024414,39.61620330810547,42200,0.0,0.0
2010-06-25 00:00:00+09:00,39.61620330810547,39.61620330810547,38.11078637340688,38.82387924194336,101300,0.0,0.0
2010-06-28 00:00:00+09:00,38.9031010214336,39.69542489578032,38.82386984298922,39.259647369384766,26200,0.0,0.0
2010-06-29 00:00:00+09:00,38.823870202272886,38.86348579186169,36.961910289317444,37.00152587890625,91300,0.0,0.0
2010-06-30 00:00:00+09:00,36.48652568421263,36.52614128632826,34.06993768543849,34.70379638671875,78600,0.0,0.0
2010-07-01 00:00:00+09:00,34.822636397182215,40.25005396361636,34.78302080623633,38.7446403503418,373000,0.0,0.0
2010-07-02 00:00:00+09:00,35.41688166632661,37.754237956110465,34.624557705211814,36.209205627441406,233500,0.0,0.0
2010-07-05 00:00:00+09:00,36.446899202800424,37.23922309851347,35.29802894952133,35.614959716796875,48800,0.0,0.0
2010-07-06 00:00:00+09:00,35.337644580262065,36.169587089693714,35.179182218918704,35.65457534790039,22600,0.0,0.0
2010-07-07 00:00:00+09:00,35.69419763702518,36.96191792301783,35.69419763702518,36.24882507324219,24900,0.0,0.0
2010-07-08 00:00:00+09:00,36.80344866549242,37.63538822168714,35.17918514673587,36.9619140625,57200,0.0,0.0
2010-07-09 00:00:00+09:00,36.56575105858232,36.56575105858232,35.575346133078746,36.05073928833008,20800,0.0,0.0
2010-07-12 00:00:00+09:00,35.49611563936008,35.77343086100097,35.258419036865234,35.258419036865234,22300,0.0,0.0
2010-07-13 00:00:00+09:00,34.86225169092047,37.12037360281931,34.545320921103595,36.52613067626953,49400,0.0,0.0
2010-07-14 00:00:00+09:00,35.852661263760275,37.12037846409612,35.73381145389544,36.72421646118164,10700,0.0,0.0
2010-07-15 00:00:00+09:00,37.12038135779157,37.12038135779157,35.694198640617536,35.73381423950195,46600,0.0,0.0
2010-07-16 00:00:00+09:00,35.73380936925461,36.3676709549205,34.90186981616318,35.45649719238281,30300,0.0,0.0
2010-07-21 00:00:00+09:00,35.21880243572251,36.4072884367763,34.90187162645102,35.020721435546875,11900,0.0,0.0
2010-07-22 00:00:00+09:00,34.862261817657995,35.33765508799901,34.70379638671875,34.70379638671875,26900,0.0,0.0
2010-07-23 00:00:00+09:00,35.29803369833093,35.29803369833093,34.06993209924861,35.099952697753906,24700,0.0,0.0
2010-07-26 00:00:00+09:00,34.86225891113281,35.971513812750345,34.86225891113281,34.86225891113281,7500,0.0,0.0
2010-07-27 00:00:00+09:00,34.94148250303147,34.98110111569694,34.06992742895548,34.9018669128418,29100,0.0,0.0
2010-07-28 00:00:00+09:00,35.49612225373571,35.813053131103516,35.258425606948286,35.813053131103516,20200,0.0,0.0
2010-07-29 00:00:00+09:00,35.258419036865234,35.81304645767073,34.7434072127295,35.258419036865234,7400,0.0,0.0
2010-07-30 00:00:00+09:00,35.41688343589814,35.85266103178929,34.862256030911134,35.020721435546875,16700,0.0,0.0
2010-08-02 00:00:00+09:00,35.57534988195703,35.57534988195703,34.46609503951099,34.545326232910156,8900,0.0,0.0
2010-08-03 00:00:00+09:00,35.099951611861194,35.099951611861194,34.34724322845991,34.783023834228516,7600,0.0,0.0
2010-08-04 00:00:00+09:00,34.54532899535588,34.54532899535588,33.27761166473745,33.396461486816406,22000,0.0,0.0
2010-08-05 00:00:00+09:00,32.84183314691472,34.0699348449707,32.84183314691472,34.0699348449707,8800,0.0,0.0
2010-08-06 00:00:00+09:00,33.515306384262416,34.069933818358884,31.81181150683029,33.79262161254883,18300,0.0,0.0
2010-08-09 00:00:00+09:00,39.33888626098633,39.33888626098633,39.33888626098633,39.33888626098633,121100,0.0,0.0
2010-08-10 00:00:00+09:00,43.102424035891026,43.260886407715006,37.397690998423684,39.140804290771484,395400,0.0,0.0
2010-08-11 00:00:00+09:00,39.14081007739878,39.14081007739878,36.407291444644216,38.03155517578125,62600,0.0,0.0
2010-08-12 00:00:00+09:00,36.96191281558445,36.96191281558445,33.99069805621193,35.17918395996094,44100,0.0,0.0
2010-08-13 00:00:00+09:00,36.8430671112014,36.8430671112014,34.030317430863,34.545326232910156,38800,0.0,0.0
2010-08-16 00:00:00+09:00,34.149166042596335,34.307631460324046,33.83223822961736,34.0699348449707,24100,0.0,0.0
2010-08-17 00:00:00+09:00,33.51530537936397,33.753001980428,32.1287383469348,32.802215576171875,34900,0.0,0.0
2010-08-18 00:00:00+09:00,32.485288523656465,33.634159088134766,32.485288523656465,33.634159088134766,19100,0.0,0.0
2010-08-19 00:00:00+09:00,33.39645416275829,35.377263946493045,32.88144240999691,34.981101989746094,26000,0.0,0.0
2010-08-20 00:00:00+09:00,34.98110473773645,35.179185731670465,33.95108115129872,33.990699768066406,8800,0.0,0.0
2010-08-23 00:00:00+09:00,34.0699310452218,34.783023834228516,33.27760706742595,34.783023834228516,15100,0.0,0.0
2010-08-24 00:00:00+09:00,33.277607088655785,34.78302385641875,33.277607088655785,34.10954666137695,33800,0.0,0.0
2010-08-25 00:00:00+09:00,32.643753920987606,34.347248943192376,32.643753920987606,33.59454345703125,10500,0.0,0.0
2010-08-26 00:00:00+09:00,32.96067534005969,33.91146469116211,32.96067534005969,33.91146469116211,7600,0.0,0.0
2010-08-27 00:00:00+09:00,33.23799053797241,33.990698900198325,33.0399095490959,33.91146469116211,10800,0.0,0.0
2010-08-30 00:00:00+09:00,33.911472226140816,34.664180755615234,33.71339119325159,34.664180755615234,15000,0.0,0.0
2010-08-31 00:00:00+09:00,34.42647338644851,34.42647338644851,33.27760314941406,33.27760314941406,19500,0.0,0.0
2010-09-01 00:00:00+09:00,33.00029286119317,33.35683621136348,32.48528109820683,32.921058654785156,23500,0.0,0.0
2010-09-02 00:00:00+09:00,33.27760135426241,33.99069402084398,32.72297406052959,33.673763275146484,19200,0.0,0.0
2010-09-03 00:00:00+09:00,33.277603107991574,33.75299622911544,33.19837192862951,33.23798751831055,14200,0.0,0.0
2010-09-06 00:00:00+09:00,33.198375792330374,33.990699768066406,33.198375792330374,33.990699768066406,10500,0.0,0.0
2010-09-07 00:00:00+09:00,33.43607340999936,34.069932005608464,33.317223600989315,33.5549201965332,10700,0.0,0.0
2010-09-08 00:00:00+09:00,34.10954360065889,34.10954360065889,32.722976763050994,33.43606948852539,11800,0.0,0.0
2010-09-09 00:00:00+09:00,33.158761842658485,33.515308286418836,33.11914624279101,33.396461486816406,5500,0.0,0.0
2010-09-10 00:00:00+09:00,33.99069585446323,33.99069585446323,33.27760314941406,33.27760314941406,41800,0.0,0.0
2010-09-13 00:00:00+09:00,33.00029089859645,33.23798745873231,32.32681378532312,32.564510345458984,14100,0.0,0.0
2010-09-14 00:00:00+09:00,32.80221002769845,33.27760314941406,32.564510444364885,33.27760314941406,13000,0.0,0.0
2010-09-16 00:00:00+09:00,34.228395289350445,34.228395289350445,32.8814439680901,33.03990936279297,10500,0.0,0.0
2010-09-17 00:00:00+09:00,33.11913598141366,34.30762174406589,33.000289218633796,33.673763275146484,10500,0.0,0.0
2010-09-21 00:00:00+09:00,33.91146469116211,34.46609206451152,33.3172217245326,33.91146469116211,19400,0.0,0.0
2010-09-22 00:00:00+09:00,34.0699348449707,34.46609687805176,33.91146942724299,34.0699348449707,27800,0.0,0.0
2010-09-24 00:00:00+09:00,33.67377281188965,35.179189746588236,33.59454161426402,34.0699348449707,28300,0.0,0.0
2010-09-27 00:00:00+09:00,33.67377281188965,34.34724705913686,33.51530739416194,34.0699348449707,16300,0.0,0.0
2010-09-28 00:00:00+09:00,33.594549114082604,34.466104572440834,33.2380026002171,34.03032684326172,11800,0.0,0.0
2010-09-29 00:00:00+09:00,34.14915873533205,35.65457534790039,34.14915873533205,35.65457534790039,17400,0.0,0.0
2010-09-30 00:00:00+09:00,35.49611852752251,35.65458394957147,32.524903198391556,32.6041374206543,24600,0.0,0.0
2010-10-01 00:00:00+09:00,33.15876388549805,33.436079146608236,32.76260181746353,33.15876388549805,13800,0.0,0.0
2010-10-04 00:00:00+09:00,33.1191358433797,33.198370040711644,32.921054883763226,32.960670471191406,7900,0.0,0.0
2010-10-05 00:00:00+09:00,31.85142347286978,33.079524993896484,31.21756491580529,33.079524993896484,84400,0.0,0.0
2010-10-06 00:00:00+09:00,32.52489845507713,32.84182925295499,32.12873646896784,32.4456672668457,16400,0.0,0.0
2010-10-07 00:00:00+09:00,31.811808693566064,32.4456672668457,31.811808693566064,32.4456672668457,40000,0.0,0.0
2010-10-08 00:00:00+09:00,31.891037905216216,32.4060496642287,31.692956924438477,31.692956924438477,43300,0.0,0.0
2010-10-12 00:00:00+09:00,31.692955485473654,31.77218666519703,29.751761357493237,29.830995559692383,86000,0.0,0.0
2010-10-13 00:00:00+09:00,29.593295783870694,29.87061095605765,28.523659752155172,28.72174072265625,54200,0.0,0.0
2010-10-14 00:00:00+09:00,28.563278286887012,29.31598665689715,28.484047099507443,28.999055862426758,20800,0.0,0.0
2010-10-15 00:00:00+09:00,30.66293784057109,30.66293784057109,28.642512348115563,28.840593338012695,24000,0.0,0.0
2010-10-18 00:00:00+09:00,28.563281980648753,28.959444013729808,28.523666381835938,28.523666381835938,10900,0.0,0.0
2010-10-19 00:00:00+09:00,28.523667279657637,28.880213725148668,28.127505234106838,28.246355056762695,44200,0.0,0.0
2010-10-20 00:00:00+09:00,27.731339550153415,28.523663537300653,27.533258553366604,28.365198135375977,32200,0.0,0.0
2010-10-21 00:00:00+09:00,27.731336553105113,28.048267322702355,27.33517460234647,27.691720962524414,35300,0.0,0.0
2010-10-22 00:00:00+09:00,27.137091000616444,28.285961151123047,27.137091000616444,28.285961151123047,42100,0.0,0.0
2010-10-25 00:00:00+09:00,28.087886775226867,28.484048780455804,28.04827117919922,28.04827117919922,34200,0.0,0.0
2010-10-26 00:00:00+09:00,28.285967777841336,28.285967777841336,27.731340366025577,28.04827117919922,25500,0.0,0.0
2010-10-27 00:00:00+09:00,27.49363998714509,27.850186347323035,27.176709217547845,27.691720962524414,36700,0.0,0.0
2010-10-28 00:00:00+09:00,27.137099266052246,28.523666381835938,27.137099266052246,28.523666381835938,42400,0.0,0.0
2010-10-29 00:00:00+09:00,27.137099202673657,28.523666315219025,27.137099202673657,27.652111053466797,57000,0.0,0.0
2010-11-01 00:00:00+09:00,27.731346944411666,28.919833242029306,27.691731338986468,28.761367797851562,76200,0.0,0.0
2010-11-02 00:00:00+09:00,29.07829487504323,29.07829487504323,27.731343309786844,28.404817581176758,39500,0.0,0.0
2010-11-04 00:00:00+09:00,28.602894155453047,32.485282823883175,28.484047373241562,32.40605163574219,93100,0.0,0.0
2010-11-05 00:00:00+09:00,33.51529971027187,34.307623594781724,31.811805172061124,33.27760314941406,143100,0.0,0.0
2010-11-08 00:00:00+09:00,32.4852792649042,33.27760314941406,31.772186559855026,33.27760314941406,16600,0.0,0.0
2010-11-09 00:00:00+09:00,38.82387924194336,38.82387924194336,38.82387924194336,38.82387924194336,68500,0.0,0.0
2010-11-10 00:00:00+09:00,44.370147705078125,44.370147705078125,44.370147705078125,44.370147705078125,70500,0.0,0.0
2010-11-11 00:00:00+09:00,52.29338073730469,52.29338073730469,52.29338073730469,52.29338073730469,71600,0.0,0.0
2010-11-12 00:00:00+09:00,63.782087326049805,68.1398696899414,60.92972189685679,68.1398696899414,1714200,0.0,0.0
2010-11-15 00:00:00+09:00,69.32833926512463,80.02471160888672,68.93217732646677,80.02471160888672,1658500,0.0,0.0
2010-11-16 00:00:00+09:00,89.5326151318339,97.45585540898733,72.97304174359267,79.94549560546875,2117400,0.0,0.0
2010-11-17 00:00:00+09:00,80.18318282857958,91.90957992688745,80.02472045358304,89.53260803222656,1404600,0.0,0.0
2010-11-18 00:00:00+09:00,91.43417805067425,92.62266388483825,84.77865617036552,84.93711853027344,800500,0.0,0.0
2010-11-19 00:00:00+09:00,86.36331133161272,86.44254251833938,77.72697898946103,83.19401550292969,848900,0.0,0.0
2010-11-22 00:00:00+09:00,79.3116416709193,79.7870349247453,76.93466935683608,78.4400863647461,501100,0.0,0.0
2010-11-24 00:00:00+09:00,78.51931374767446,83.03556455177022,76.45927238464355,80.81705474853516,551500,0.0,0.0
2010-11-25 00:00:00+09:00,80.73780329644,94.84116450908257,78.04390093831009,91.75110626220703,1199700,0.0,0.0
2010-11-26 00:00:00+09:00,92.6226764308605,92.6226764308605,83.98634365712765,88.58182525634766,570900,0.0,0.0
2010-11-29 00:00:00+09:00,86.20485412224004,101.33824140177298,85.57099250055128,98.24817657470703,1214300,0.0,0.0
2010-11-30 00:00:00+09:00,100.54592920399129,102.05134619856507,92.7811506287917,97.53509521484375,928500,0.0,0.0
2010-12-01 00:00:00+09:00,97.45584613918766,121.30480194091797,95.47503625830986,121.30480194091797,1746000,0.0,0.0
2010-12-02 00:00:00+09:00,133.98197862877836,138.65668488316362,123.44406815967723,128.1187744140625,3233100,0.0,0.0
2010-12-03 00:00:00+09:00,134.29890848592186,159.81173706054688,133.1896598004658,159.81173706054688,2597400,0.0,0.0
2010-12-06 00:00:00+09:00,170.19121031210392,199.42796325683594,168.68578734587544,199.42796325683594,2854200,0.0,0.0
2010-12-07 00:00:00+09:00,231.12090624873184,239.28183327458416,185.40380459024072,221.77146911621094,5434200,0.0,0.0
2010-12-08 00:00:00+09:00,189.36545002049075,197.28869060712216,174.2320556640625,174.2320556640625,4903500,0.0,0.0
2010-12-09 00:00:00+09:00,189.36544605765738,197.28868647847986,163.85261432059008,179.7783203125,3580100,0.0,0.0
2010-12-10 00:00:00+09:00,179.38212181850636,179.46135904256582,162.42639560143925,163.21871948242188,1545000,0.0,0.0
2010-12-13 00:00:00+09:00,161.7133394507183,175.89593475980342,158.54404332892005,163.53567504882812,1826900,0.0,0.0
2010-12-14 00:00:00+09:00,162.58488679248993,171.9343126640945,162.58488679248993,169.1611785888672,966500,0.0,0.0
2010-12-15 00:00:00+09:00,171.93428815100802,207.90578876230825,171.93428815100802,191.7423858642578,5685000,0.0,0.0
2010-12-16 00:00:00+09:00,189.99924694346186,194.1193282266179,180.09519958496094,180.09519958496094,1676500,0.0,0.0
2010-12-17 00:00:00+09:00,180.09523348330126,183.8191535730504,170.9042709686872,175.02435302734375,1025200,0.0,0.0
2010-12-20 00:00:00+09:00,169.9534713527328,174.70741460735468,165.1202908745727,166.1503143310547,944100,0.0,0.0
2010-12-21 00:00:00+09:00,176.68825325133307,187.701552093369,174.311281234499,174.7074432373047,2367900,0.0,0.0
2010-12-22 00:00:00+09:00,170.74580924163962,177.48056273840962,167.18035150805548,168.76499938964844,706600,0.0,0.0
2010-12-24 00:00:00+09:00,168.1311740353803,171.14200807693734,166.46730065524287,166.7842254638672,390600,0.0,0.0
2010-12-27 00:00:00+09:00,166.78420203741803,167.1803640375069,158.46480003555158,161.87179565429688,664400,0.0,0.0
2010-12-28 00:00:00+09:00,160.28712406919527,161.00021072846934,154.5823945252938,157.2762908935547,709600,0.0,0.0
2010-12-29 00:00:00+09:00,153.63161920265614,175.49976650105157,153.55239405637283,162.34718322753906,2107800,0.0,0.0
2010-12-30 00:00:00+09:00,158.54403715019586,162.2679575302004,157.75171315062445,158.8609619140625,452500,0.0,0.0
2011-01-04 00:00:00+09:00,161.63406928714775,163.13947980239047,158.62323616675954,159.97018432617188,479600,0.0,0.0
2011-01-05 00:00:00+09:00,160.12866060831513,163.0602565394573,159.25709950639853,160.2078857421875,320000,0.0,0.0
2011-01-06 00:00:00+09:00,161.23789960407458,169.55729982934625,160.28711342488114,161.07943725585938,745900,0.0,0.0
2011-01-07 00:00:00+09:00,164.7241484374975,164.7241484374975,157.03860835065606,157.51400756835938,464200,0.0,0.0
2011-01-11 00:00:00+09:00,159.3363704982953,162.26796705073008,157.11786075135083,160.5248565673828,416100,0.0,0.0
2011-01-12 00:00:00+09:00,158.86096011320467,160.049446099089,158.3063357377729,158.62326049804688,319300,0.0,0.0
2011-01-13 00:00:00+09:00,158.5440253530452,158.8609500933297,154.5031684199466,156.48397827148438,473200,0.0,0.0
2011-01-14 00:00:00+09:00,156.08782935266052,156.08782935266052,152.2846717017213,152.9185333251953,514900,0.0,0.0
2011-01-17 00:00:00+09:00,150.7000310012684,153.31470276879483,142.61832815701845,144.99530029296875,835800,0.0,0.0
2011-01-18 00:00:00+09:00,150.54152805037813,173.51891917385691,147.60993229053543,161.23789978027344,3055800,0.0,0.0
2011-01-19 00:00:00+09:00,158.86096574458838,193.32706055700532,158.62326612100452,190.95008850097656,4403400,0.0,0.0
2011-01-20 00:00:00+09:00,197.28870671564758,205.2119479492077,174.469769545013,186.75079345703125,3197000,0.0,0.0
2011-01-21 00:00:00+09:00,198.0809907655458,198.873314728608,171.2212132536995,175.8959197998047,1202500,0.0,0.0
2011-01-24 00:00:00+09:00,175.26210424123406,181.36299794113665,166.46731319537156,172.72666931152344,456800,0.0,0.0
2011-01-25 00:00:00+09:00,172.80587515972678,191.26701532064865,172.80587515972678,188.49388122558594,978600,0.0,0.0
2011-01-26 00:00:00+09:00,186.1961184370892,194.11935751951856,182.3137361226602,182.47219848632812,499100,0.0,0.0
2011-01-27 00:00:00+09:00,190.1577616231912,222.08840942382812,186.19614158937472,222.08840942382812,2591400,0.0,0.0
2011-01-28 00:00:00+09:00,237.69716805544218,257.1091034466366,225.89154687798313,233.97323608398438,3931000,0.0,0.0
2011-01-31 00:00:00+09:00,223.83153871508887,253.14752785653414,208.69814488989422,225.5746612548828,2007100,0.0,0.0
2011-02-01 00:00:00+09:00,241.65878650448596,248.39353957100442,230.96241398707429,233.0224609375,1184200,0.0,0.0
2011-02-02 00:00:00+09:00,245.6204759572864,272.9556579589844,242.05501743532577,272.9556579589844,2291700,0.0,0.0
2011-02-03 00:00:00+09:00,267.40931510925293,310.5909674750434,265.03234341939293,285.2366027832031,4362800,0.0,0.0
2011-02-04 00:00:00+09:00,286.42512257173445,299.10230641999937,275.728748699761,279.69036865234375,1631100,0.0,0.0
2011-02-07 00:00:00+09:00,292.7636908302845,299.1022822420362,277.31337426413955,281.2749938964844,1054500,0.0,0.0
2011-02-08 00:00:00+09:00,276.5210772002581,284.4443172346494,261.8630831366341,265.0323791503906,1107400,0.0,0.0
2011-02-09 00:00:00+09:00,265.42852390312146,274.1440873745673,251.959016719978,264.6361999511719,1162900,0.0,0.0
2011-02-10 00:00:00+09:00,253.54368110052317,271.7671331796233,250.37438508676664,265.0323791503906,513900,0.0,0.0
2011-02-14 00:00:00+09:00,276.1249064569888,320.4950492449124,274.14409651109935,309.7986755371094,4492700,0.0,0.0
2011-02-15 00:00:00+09:00,312.175600510235,327.6259157639141,301.0830664819525,306.62933349609375,2098200,0.0,0.0
2011-02-16 00:00:00+09:00,306.62943124961095,311.38337592014756,293.55608340563526,298.3100280761719,731000,0.0,0.0
2011-02-17 00:00:00+09:00,305.44090020055796,323.26819009553213,297.5176602472361,298.7061462402344,1064200,0.0,0.0
2011-02-18 00:00:00+09:00,304.2524511849132,304.2524511849132,293.5560759479436,296.7253723144531,408800,0.0,0.0
2011-02-21 00:00:00+09:00,297.5176775545152,311.38334827942606,295.1407054302448,305.44091796875,767600,0.0,0.0
2011-02-22 00:00:00+09:00,301.0831649989298,304.25246147260276,285.2366826305651,289.19830322265625,495800,0.0,0.0
2011-02-23 00:00:00+09:00,278.1057339282746,287.6136222677028,278.1057339282746,279.2942199707031,429900,0.0,0.0
2011-02-24 00:00:00+09:00,281.2750290590515,281.2750290590515,260.2784423828125,260.2784423828125,449300,0.0,0.0
2011-02-25 00:00:00+09:00,276.9172181160219,280.08651388845135,264.2400350263042,270.1824645996094,469800,0.0,0.0
2011-02-28 00:00:00+09:00,267.805569409983,278.8981077879113,263.8439485607229,276.91729736328125,565800,0.0,0.0
2011-03-01 00:00:00+09:00,283.651993540171,299.102311624063,282.8596695358689,293.1598815917969,785800,0.0,0.0
2011-03-02 00:00:00+09:00,285.23662545827517,291.5752171351257,282.85965357945616,283.6519775390625,478400,0.0,0.0
2011-03-03 00:00:00+09:00,289.19824920210846,321.68353198919465,284.0481433943997,299.8946228027344,1820900,0.0,0.0
2011-03-04 00:00:00+09:00,306.23322419589016,312.96797815621375,293.95220226824125,298.7061462402344,658100,0.0,0.0
2011-03-07 00:00:00+09:00,293.15984445998373,297.51762593168615,286.42509127644354,288.80206298828125,356500,0.0,0.0
2011-03-08 00:00:00+09:00,286.4251282783106,291.17907231612486,275.33259219007726,277.7095642089844,493600,0.0,0.0
2011-03-09 00:00:00+09:00,282.0673479855232,291.5752361198667,273.35178386237504,274.9364318847656,375900,0.0,0.0
2011-03-10 00:00:00+09:00,274.14405865577686,275.72870639367153,261.46687675261956,268.2016296386719,435000,0.0,0.0
2011-03-11 00:00:00+09:00,261.46687517728816,267.4093041585902,259.0899035847674,261.863037109375,296600,0.0,0.0
2011-03-14 00:00:00+09:00,206.40042114257812,220.66225446528986,206.40042114257812,206.40042114257812,694700,0.0,0.0
2011-03-15 00:00:00+09:00,166.7842254638672,166.7842254638672,166.7842254638672,166.7842254638672,50000,0.0,0.0
2011-03-16 00:00:00+09:00,154.89933087748867,190.07850911549383,150.5415491903982,171.93429565429688,1546900,0.0,0.0
2011-03-17 00:00:00+09:00,156.08781765407986,187.3846135796441,155.37473093730708,178.27288818359375,551500,0.0,0.0
2011-03-18 00:00:00+09:00,186.19613317805297,194.11937288775735,182.392975699414,191.5839385986328,887300,0.0,0.0
2011-03-22 00:00:00+09:00,221.85073852539062,228.58549308776855,212.5805372793693,228.1893310546875,700000,0.0,0.0
2011-03-23 00:00:00+09:00,224.22768970590778,228.1100724302249,214.79903903833502,223.83152770996094,525800,0.0,0.0
2011-03-24 00:00:00+09:00,219.63221597354607,223.83152337737505,206.55887036035426,206.9550323486328,430000,0.0,0.0
2011-03-25 00:00:00+09:00,206.71733999636157,216.7006278713705,191.1877958562323,195.70404052734375,469700,0.0,0.0
2011-03-28 00:00:00+09:00,194.11937994548833,194.11937994548833,179.93678518543294,183.66070556640625,336900,0.0,0.0
2011-03-29 00:00:00+09:00,175.73747831681544,195.30788011299663,175.73747831681544,192.61398315429688,363200,0.0,0.0
2011-03-30 00:00:00+09:00,188.65233681574037,197.28866301119243,184.37378024348297,190.71237182617188,418500,0.0,0.0
2011-03-31 00:00:00+09:00,190.79160931049844,190.79160931049844,178.3521257309189,181.28372192382812,784300,0.0,0.0
2011-04-01 00:00:00+09:00,179.77829285802932,182.23450184935157,175.89591048067848,177.0843963623047,530900,0.0,0.0
2011-04-04 00:00:00+09:00,178.03520725058235,185.0868983765781,174.31128672489518,175.57901000976562,538200,0.0,0.0
2011-04-05 00:00:00+09:00,173.36050191161533,173.36050191161533,158.54404482077115,160.44561767578125,677600,0.0,0.0
2011-04-06 00:00:00+09:00,168.36888239933893,198.00180086565973,163.456475072022,175.1036376953125,2522400,0.0,0.0
2011-04-07 00:00:00+09:00,169.0026877081657,177.480550890771,166.38801646009784,169.55731201171875,805300,0.0,0.0
2011-04-08 00:00:00+09:00,169.5573501586914,197.05099283653544,163.6149196624756,183.81918334960938,1991000,0.0,0.0
2011-04-11 00:00:00+09:00,203.62725525094882,216.85907489443176,190.4746728384668,194.04013061523438,2997400,0.0,0.0
2011-04-12 00:00:00+09:00,190.07850326426995,193.64396089849689,183.97761150812903,185.8791961669922,850900,0.0,0.0
2011-04-13 00:00:00+09:00,184.21532239627686,187.78078024910803,180.0160029516282,182.39297485351562,420400,0.0,0.0
2011-04-14 00:00:00+09:00,183.02681493446133,183.10605215784,177.48054781523524,181.04600524902344,399600,0.0,0.0
2011-04-15 00:00:00+09:00,182.23448292309084,182.23448292309084,178.66902564850864,179.4613494873047,428200,0.0,0.0
2011-04-18 00:00:00+09:00,180.72909725675152,181.046021999783,176.29207831488716,178.27288818359375,289700,0.0,0.0
2011-04-19 00:00:00+09:00,176.68821106645913,180.01596867753312,174.39047683473953,175.49972534179688,244800,0.0,0.0
2011-04-20 00:00:00+09:00,176.05437961808914,190.9500723253504,175.89591724575845,184.61148071289062,828100,0.0,0.0
2011-04-21 00:00:00+09:00,186.98845978455395,187.93924614513858,179.22368234162124,179.8575439453125,347300,0.0,0.0
2011-04-22 00:00:00+09:00,178.2729148864746,178.2729148864746,174.6282193461666,177.4805908203125,272100,0.0,0.0
2011-04-25 00:00:00+09:00,176.29209503913802,185.24535891303933,175.89593302781412,178.35214233398438,299100,0.0,0.0
2011-04-26 00:00:00+09:00,179.46138389503562,181.442193871802,176.05438831701647,180.2537078857422,266100,0.0,0.0
2011-04-27 00:00:00+09:00,182.23451554507955,182.23451554507955,176.1336233122034,176.68824768066406,286300,0.0,0.0
2011-04-28 00:00:00+09:00,178.3521228202833,189.04849595572685,177.63902402397812,184.13607788085938,762300,0.0,0.0
2011-05-02 00:00:00+09:00,190.1577477952454,196.49633938842024,186.59229002408455,193.72320556640625,890800,0.0,0.0
2011-05-06 00:00:00+09:00,192.1385660155804,201.01259221357682,186.98846012237928,198.79408264160156,685600,0.0,0.0
2011-05-09 00:00:00+09:00,206.71733184556956,221.45456344380253,202.0426249666177,202.99342346191406,1955600,0.0,0.0
2011-05-10 00:00:00+09:00,202.04259373161838,202.12183095727835,191.7423830707908,197.13018798828125,642300,0.0,0.0
2011-05-11 00:00:00+09:00,196.49634879429487,202.04261670381126,191.1085432642123,192.3762664794922,376400,0.0,0.0
2011-05-12 00:00:00+09:00,190.950102018576,191.34626405595893,186.19615756998076,187.54310607910156,333300,0.0,0.0
2011-05-13 00:00:00+09:00,186.19614167187268,186.67154091210324,178.19366436405576,180.8875732421875,409500,0.0,0.0
2011-05-16 00:00:00+09:00,175.18284413546326,180.41217536807252,174.31128288507588,174.78668212890625,312600,0.0,0.0
2011-05-17 00:00:00+09:00,175.57898786147723,178.11442202148228,174.70742670183313,177.63902282714844,227500,0.0,0.0
2011-05-18 00:00:00+09:00,177.6390408243591,188.5731145926715,175.89593041837423,187.70155334472656,385700,0.0,0.0
2011-05-19 00:00:00+09:00,190.31617162297326,191.7423568605777,179.77826281554798,180.09519958496094,294400,0.0,0.0
2011-05-20 00:00:00+09:00,177.63902842402794,182.55143453067,175.26205655727492,175.81668090820312,203300,0.0,0.0
2011-05-23 00:00:00+09:00,175.18284627366958,175.8166958199733,169.08194162630292,169.4781036376953,275600,0.0,0.0
2011-05-24 00:00:00+09:00,165.59571506753738,177.084413002845,158.46479910769128,168.28961181640625,523500,0.0,0.0
2011-05-25 00:00:00+09:00,168.92346071678486,175.8959137707222,161.6340829244474,162.42640686035156,488800,0.0,0.0
2011-05-26 00:00:00+09:00,164.16953483547695,172.72663668558803,164.0903096872707,169.1611785888672,234200,0.0,0.0
2011-05-27 00:00:00+09:00,170.27040789091777,171.85505575249877,167.33881176497366,168.2103729248047,157600,0.0,0.0
2011-05-30 00:00:00+09:00,167.97268662059957,171.14198259457316,163.6149046563859,164.96185302734375,134900,0.0,0.0
2011-05-31 00:00:00+09:00,164.48646042633095,171.77583850657453,164.4072231936494,166.94265747070312,159100,0.0,0.0
2011-06-01 00:00:00+09:00,167.02188126522037,169.5573153382794,166.22955736177047,167.1803436279297,156100,0.0,0.0
2011-06-02 00:00:00+09:00,165.04110339195114,169.08194882628067,164.88264099862744,167.41807556152344,112500,0.0,0.0
2011-06-03 00:00:00+09:00,166.3880076775184,168.13111772092145,164.80335998535156,164.80335998535156,115800,0.0,0.0
2011-06-06 00:00:00+09:00,166.38804967225238,166.38804967225238,159.49483288952587,160.5248565673828,137900,0.0,0.0
2011-06-07 00:00:00+09:00,159.25709020066319,163.6148712758057,158.46476636881908,161.23789978027344,146500,0.0,0.0
2011-06-08 00:00:00+09:00,162.0302695749995,163.45645529486328,152.0469816258588,158.0686492919922,429300,0.0,0.0
2011-06-09 00:00:00+09:00,154.89931446637294,156.88012411428053,148.24379888536453,153.31466674804688,282200,0.0,0.0
2011-06-10 00:00:00+09:00,155.29550558177348,160.0494496301951,154.5031815737032,156.08782958984375,171300,0.0,0.0
2011-06-13 00:00:00+09:00,153.3147031661912,161.7133429042807,151.41313028846423,160.84178161621094,155600,0.0,0.0
2011-06-14 00:00:00+09:00,160.92099337211974,160.92099337211974,156.24627497901787,158.5440216064453,180400,0.0,0.0
2011-06-15 00:00:00+09:00,158.78173251799956,159.8117561862808,157.2763216804461,157.59324645996094,94800,0.0,0.0
2011-06-16 00:00:00+09:00,155.2955110653705,155.2955110653705,151.65081566358847,153.9485626220703,148100,0.0,0.0
2011-06-17 00:00:00+09:00,151.57157535751418,159.65327729909026,150.62078902731182,151.09617614746094,284400,0.0,0.0
2011-06-20 00:00:00+09:00,149.11537956522312,156.95939469182153,146.65918233378935,153.86932373046875,177500,0.0,0.0
2011-06-21 00:00:00+09:00,152.91850847817915,156.08780399068027,151.88848501863572,153.79006958007812,88700,0.0,0.0
2011-06-22 00:00:00+09:00,156.40474481025066,159.25711590115844,153.07698659746103,157.1178436279297,170300,0.0,0.0
2011-06-23 00:00:00+09:00,157.19705529350887,158.38554113118127,152.91851111384946,154.82008361816406,80000,0.0,0.0
2011-06-24 00:00:00+09:00,155.29549749688434,155.29549749688434,151.73003964619056,154.18624877929688,103500,0.0,0.0
2011-06-27 00:00:00+09:00,154.1070576043529,155.4540063325276,152.68087161985287,154.66168212890625,90400,0.0,0.0
2011-06-28 00:00:00+09:00,155.2954940086861,160.44559967734148,155.21625677782208,156.56321716308594,154400,0.0,0.0
2011-06-29 00:00:00+09:00,158.06861293217037,159.6532606808638,155.85010366601898,157.03858947753906,81000,0.0,0.0
2011-06-30 00:00:00+09:00,157.5139904766137,157.5139904766137,153.71083341737838,157.2762908935547,103200,0.0,0.0
2011-07-01 00:00:00+09:00,157.67247746362952,157.910177083817,154.5824186709073,155.9293670654297,84500,0.0,0.0
2011-07-04 00:00:00+09:00,156.00856660750216,161.39637139122956,155.92934147371233,160.04942321777344,199600,0.0,0.0
2011-07-05 00:00:00+09:00,161.3963702072218,185.24532357542932,161.31714507401318,178.03517150878906,1790100,0.0,0.0
2011-07-06 00:00:00+09:00,183.73992987197218,184.45302872245293,172.17200678207786,174.15281677246094,654000,0.0,0.0
2011-07-07 00:00:00+09:00,174.31131354284503,177.08444807648118,168.76504447557267,175.1036376953125,288900,0.0,0.0
2011-07-08 00:00:00+09:00,176.05440508323954,183.8984205921879,174.3905317982426,183.81918334960938,666900,0.0,0.0
2011-07-11 00:00:00+09:00,184.84918398809438,186.3545946899947,178.82751700068445,182.39297485351562,444200,0.0,0.0
2011-07-12 00:00:00+09:00,178.43136165357703,180.41217164549042,172.7266312948474,177.1636505126953,300200,0.0,0.0
2011-07-13 00:00:00+09:00,174.46972806924532,177.08439947272947,172.88508019924328,174.3905029296875,112100,0.0,0.0
2011-07-14 00:00:00+09:00,174.39051057430322,174.39051057430322,166.7049583959649,170.27041625976562,288500,0.0,0.0
2011-07-15 00:00:00+09:00,170.19118657587825,173.9151067162872,168.76500105042905,168.84423828125,197100,0.0,0.0
2011-07-19 00:00:00+09:00,169.8742556353997,171.7758404319322,169.3196312701252,170.03273010253906,81000,0.0,0.0
2011-07-20 00:00:00+09:00,170.74583418094352,171.53815823746763,166.38805187006096,167.41807556152344,137100,0.0,0.0
2011-07-21 00:00:00+09:00,165.8333908763419,167.8142005808135,161.87177146739873,163.37718200683594,232000,0.0,0.0
2011-07-22 00:00:00+09:00,163.45643404190926,165.358006694544,161.87178613474563,162.9018096923828,156400,0.0,0.0
2011-07-25 00:00:00+09:00,162.5849039553226,163.45646530693153,158.54405827308784,160.36639404296875,173800,0.0,0.0
2011-07-26 00:00:00+09:00,160.36636078124428,170.66657201159842,159.7325113005302,168.76499938964844,299400,0.0,0.0
2011-07-27 00:00:00+09:00,166.30882387964888,173.20205322678032,162.82260267297832,172.5681915283203,369400,0.0,0.0
2011-07-28 00:00:00+09:00,168.7649929726553,170.3496407939948,162.82256364263225,164.565673828125,242800,0.0,0.0
2011-07-29 00:00:00+09:00,163.61492770997685,165.19957592024298,160.04946923687808,160.36639404296875,200000,0.0,0.0
2011-08-01 00:00:00+09:00,158.46478068998076,167.1803436279297,158.46478068998076,167.1803436279297,188800,0.0,0.0
2011-08-02 00:00:00+09:00,166.46727512411763,170.34965783890286,160.44560796454803,161.31716918945312,163500,0.0,0.0
2011-08-03 00:00:00+09:00,158.46477546314202,160.84174709508915,156.8801277085106,160.04942321777344,199100,0.0,0.0
2011-08-04 00:00:00+09:00,160.8417837891638,163.2187559633879,159.17789843124467,161.55487060546875,97400,0.0,0.0
2011-08-05 00:00:00+09:00,144.91603278679952,155.29548044866647,144.91603278679952,154.10699462890625,336600,0.0,0.0
2011-08-08 00:00:00+09:00,150.93774302658775,156.0878497440304,140.55829234470235,141.35061645507812,387700,0.0,0.0
2011-08-09 00:00:00+09:00,128.6734232751781,142.61833165027878,126.77185035580335,142.30140686035156,464800,0.0,0.0
2011-08-10 00:00:00+09:00,146.02530817342557,148.40228005224455,141.03366480992494,141.82598876953125,277800,0.0,0.0
2011-08-11 00:00:00+09:00,135.48739723626883,142.30138813206622,135.48739723626883,141.9844512939453,252900,0.0,0.0
2011-08-12 00:00:00+09:00,143.01449028248248,144.9953003971983,138.18130876661368,138.9736328125,208700,0.0,0.0
2011-08-15 00:00:00+09:00,138.89440380709084,141.03367625363117,133.90276003855993,138.18130493164062,220400,0.0,0.0
2011-08-16 00:00:00+09:00,141.03369158163838,141.03369158163838,137.2305334356129,137.86439514160156,141600,0.0,0.0
2011-08-17 00:00:00+09:00,136.27972246223428,136.91358405445808,134.85353690220677,136.2004852294922,134500,0.0,0.0
2011-08-18 00:00:00+09:00,135.7250922021674,137.62666480626453,133.90274473746373,135.01199340820312,166000,0.0,0.0
2011-08-19 00:00:00+09:00,128.67338887794864,131.84268428962127,126.77181646690606,127.56414031982422,313100,0.0,0.0
2011-08-22 00:00:00+09:00,124.39486602352481,126.53413837155355,117.02625052262172,117.73934936523438,395000,0.0,0.0
2011-08-23 00:00:00+09:00,120.11632980885774,141.5090789794922,119.64093054688146,141.5090789794922,1504800,0.0,0.0
2011-08-24 00:00:00+09:00,142.14293871788604,143.2521997119379,122.81023551196503,127.64341735839844,1219100,0.0,0.0
2011-08-25 00:00:00+09:00,128.27722461166906,141.03364324693106,125.97949031607887,131.84268188476562,651500,0.0,0.0
2011-08-26 00:00:00+09:00,135.01198474800375,138.57744221941127,132.31808838334592,132.79348754882812,299000,0.0,0.0
2011-08-29 00:00:00+09:00,134.6950763112258,141.74675488214584,130.33729443056848,136.4381866455078,457500,0.0,0.0
2011-08-30 00:00:00+09:00,141.03370508478594,142.3806537827827,136.9136217362456,137.77725219726562,316300,0.0,0.0
2011-08-31 00:00:00+09:00,137.70590478107874,137.78512992205182,133.5858226634548,136.24803161621094,184200,0.0,0.0
2011-09-01 00:00:00+09:00,134.61583792641156,136.9928098409914,132.23886601183167,134.65545654296875,185100,0.0,0.0
2011-09-02 00:00:00+09:00,133.11042685488346,134.45737518483892,130.8126921796597,131.95362854003906,169500,0.0,0.0
2011-09-05 00:00:00+09:00,128.75265230444407,129.46573908124515,125.26643147800881,126.89068603515625,192200,0.0,0.0
2011-09-06 00:00:00+09:00,125.0287029239655,125.18716527215234,119.64089845629749,121.14630889892578,231700,0.0,0.0
2011-09-07 00:00:00+09:00,120.59170507501827,126.93029679606947,120.59170507501827,124.83856201171875,133700,0.0,0.0
2011-09-08 00:00:00+09:00,127.16800554873784,127.48493032162,121.8594370185784,126.00328826904297,102900,0.0,0.0
2011-09-09 00:00:00+09:00,121.22558401163342,124.39488032566305,120.90865921619285,122.41407012939453,94600,0.0,0.0
2011-09-12 00:00:00+09:00,118.13550231506757,120.03707490331706,118.13550231506757,119.2447509765625,95800,0.0,0.0
2011-09-13 00:00:00+09:00,120.0370804609784,120.4332424426978,117.73934580296756,118.69013214111328,85900,0.0,0.0
2011-09-14 00:00:00+09:00,118.37320308769462,119.40322672589487,112.19308543830324,117.42241668701172,212700,0.0,0.0
2011-09-15 00:00:00+09:00,110.76687896517849,113.93617443147886,108.94453165407523,113.06461334228516,127000,0.0,0.0
2011-09-16 00:00:00+09:00,111.87615291950871,121.54250386638155,110.76690409065161,115.55253601074219,274200,0.0,0.0
2011-09-20 00:00:00+09:00,114.80773881427255,118.45243392484491,112.11384214291341,114.33235168457031,133500,0.0,0.0
2011-09-21 00:00:00+09:00,112.98541503655329,120.1955566804036,107.12220977781067,114.01542663574219,324300,0.0,0.0
2011-09-22 00:00:00+09:00,111.63845792447674,114.17390464986786,107.20145033485427,107.9937744140625,139900,0.0,0.0
2011-09-26 00:00:00+09:00,104.3490791805552,104.74524122155192,92.1472931538186,92.22652435302734,353200,0.0,0.0
2011-09-27 00:00:00+09:00,108.86530773862053,108.86530773862053,99.04049542811337,101.97209167480469,462500,0.0,0.0
2011-09-28 00:00:00+09:00,106.96372189055708,111.79690230823964,104.58675029298914,106.64679718017578,247300,0.0,0.0
2011-09-29 00:00:00+09:00,104.66600119863246,108.31068420410156,102.20979205741502,108.31068420410156,166300,0.0,0.0
2011-09-30 00:00:00+09:00,105.9337348510063,107.91454519635013,103.31906277717108,104.98294830322266,134700,0.0,0.0
2011-10-03 00:00:00+09:00,100.6251430737481,103.00211495737994,97.77277802238031,100.30821228027344,202600,0.0,0.0
2011-10-04 00:00:00+09:00,95.47502781101848,98.88202292267027,94.2865419876448,98.327392578125,182500,0.0,0.0
2011-10-05 00:00:00+09:00,98.32739757480115,99.59511464183068,93.49422285646574,94.68270874023438,117000,0.0,0.0
2011-10-06 00:00:00+09:00,95.47504452188966,103.71520950358449,95.07888251142539,100.22898864746094,175700,0.0,0.0
2011-10-07 00:00:00+09:00,101.02131636340079,103.79445053808237,99.04050623862821,99.27820587158203,137200,0.0,0.0
2011-10-11 00:00:00+09:00,103.08135843630741,106.96374124555446,102.52672195792503,106.17141723632812,192500,0.0,0.0
2011-10-12 00:00:00+09:00,106.25064757389127,111.71767804659267,105.77524836326327,109.65763092041016,202000,0.0,0.0
2011-10-13 00:00:00+09:00,111.71767227335756,112.11383423177372,110.68764876349485,111.3215103149414,86500,0.0,0.0
2011-10-14 00:00:00+09:00,109.3407096238214,111.16305720219933,107.59759927968341,109.97457122802734,89100,0.0,0.0
2011-10-17 00:00:00+09:00,111.79691668321041,124.63256254251822,111.24228023387327,120.75016784667969,616500,0.0,0.0
2011-10-18 00:00:00+09:00,115.20392002458763,120.51250119971553,114.96623246502604,116.86780548095703,187400,0.0,0.0
2011-10-19 00:00:00+09:00,119.00707231956767,120.27479566138936,110.92536926269531,114.09466552734375,191100,0.0,0.0
2011-10-20 00:00:00+09:00,113.06463054793029,114.3323537633277,111.16305781473875,113.4607925415039,87400,0.0,0.0
2011-10-21 00:00:00+09:00,111.08380709021836,113.30231640279925,111.00458195506737,112.11383056640625,66300,0.0,0.0
2011-10-24 00:00:00+09:00,114.88697684332635,117.97703552246094,112.51000490863684,117.97703552246094,114000,0.0,0.0
2011-10-25 00:00:00+09:00,116.94702354979896,118.53167149985096,114.80773914530525,116.0754623413086,59300,0.0,0.0
2011-10-26 00:00:00+09:00,111.55921046492891,117.42240264279856,111.40074809875202,115.75852966308594,77600,0.0,0.0
2011-10-27 00:00:00+09:00,116.47162997519631,118.84860201550643,115.75854319906526,118.53167724609375,86200,0.0,0.0
2011-10-28 00:00:00+09:00,121.85942416161116,121.85942416161116,116.78854370117188,116.78854370117188,119100,0.0,0.0
2011-10-31 00:00:00+09:00,117.26394030297091,118.05626422393694,114.25310698531932,114.49080657958984,103700,0.0,0.0
2011-11-01 00:00:00+09:00,115.99623119729185,126.61338027395072,114.09465839336445,122.01789855957031,603200,0.0,0.0
2011-11-02 00:00:00+09:00,119.24473946049528,126.93027838980252,118.05625368514151,125.9794921875,345700,0.0,0.0
2011-11-04 00:00:00+09:00,129.94113043515398,138.2605320788681,129.54496845211997,135.88356018066406,493600,0.0,0.0
2011-11-07 00:00:00+09:00,139.0528736114502,146.89687703049276,136.43820177513408,139.44903564453125,899600,0.0,0.0
2011-11-08 00:00:00+09:00,136.27969563802083,139.44899088541666,126.93027224022273,130.73342895507812,431900,0.0,0.0
2011-11-09 00:00:00+09:00,128.5941711314174,136.35894775390625,128.51493390561419,136.35894775390625,262400,0.0,0.0
2011-11-10 00:00:00+09:00,130.02036852862588,133.1104271807896,125.9795114389616,129.62420654296875,228000,0.0,0.0
2011-11-11 00:00:00+09:00,131.44654862133663,137.4682159423828,131.36732347416006,137.4682159423828,293100,0.0,0.0
2011-11-14 00:00:00+09:00,143.4106230962844,146.97608057657877,131.0503656619694,133.11041259765625,1058900,0.0,0.0
2011-11-15 00:00:00+09:00,136.27969563802083,138.6566670735677,129.94110514322915,130.73342895507812,378600,0.0,0.0
2011-11-16 00:00:00+09:00,130.0203472701148,137.0720246258904,130.0203472701148,134.69505310058594,472300,0.0,0.0
2011-11-17 00:00:00+09:00,132.00116383099444,133.1104124319663,128.59416871386233,132.9519500732422,321400,0.0,0.0
2011-11-18 00:00:00+09:00,129.78264570607024,130.57496953566786,127.2472118693383,128.197998046875,150700,0.0,0.0
2011-11-21 00:00:00+09:00,128.19803632301046,128.19803632301046,117.34319903457072,118.8486099243164,308300,0.0,0.0
2011-11-22 00:00:00+09:00,113.30232839424494,116.86778628077712,111.87614282165119,114.64927673339844,536700,0.0,0.0
2011-11-24 00:00:00+09:00,109.34072314733746,110.13304722811527,101.41748233955938,103.3982925415039,783500,0.0,0.0
2011-11-25 00:00:00+09:00,101.8136139883095,113.302309730181,99.91203555307845,103.08133697509766,547300,0.0,0.0
2011-11-28 00:00:00+09:00,104.03214071737857,106.96373701765945,101.49670640605197,105.06216430664062,374400,0.0,0.0
2011-11-29 00:00:00+09:00,104.58676147460938,106.32987174787206,102.52671436717819,104.58676147460938,466900,0.0,0.0
2011-11-30 00:00:00+09:00,105.37909719988434,105.37909719988434,102.36826343333514,104.11137390136719,296000,0.0,0.0
2011-12-01 00:00:00+09:00,107.20143524015431,107.35989761570217,103.95290213685401,105.29985046386719,419500,0.0,0.0
2011-12-02 00:00:00+09:00,106.80527464005863,106.80527464005863,104.34906547258022,105.06216430664062,317800,0.0,0.0
2011-12-05 00:00:00+09:00,105.45831871653866,115.67929246103887,105.1413818942101,114.49080657958984,705100,0.0,0.0
2011-12-06 00:00:00+09:00,117.26396773417942,117.42243013746054,109.89535112749633,110.3707504272461,534900,0.0,0.0
2011-12-07 00:00:00+09:00,112.51000213623047,112.98540134741565,109.49916867516741,112.51000213623047,184300,0.0,0.0
2011-12-08 00:00:00+09:00,112.90616157773458,112.90616157773458,109.41994107375204,110.21226501464844,176800,0.0,0.0
2011-12-09 00:00:00+09:00,108.4691577910522,109.26148184238173,107.67683373972265,108.78609466552734,178600,0.0,0.0
2011-12-12 00:00:00+09:00,111.0838114884478,131.52577110176273,110.05378797147736,125.34564208984375,1880300,0.0,0.0
2011-12-13 00:00:00+09:00,123.60254760466351,142.30139938594647,120.11632673895556,138.02284240722656,2535400,0.0,0.0
2011-12-14 00:00:00+09:00,141.1921400508997,146.18378386929572,129.5449792012458,137.94361877441406,2239300,0.0,0.0
2011-12-15 00:00:00+09:00,134.77432677873483,137.70592336832723,128.51495948159388,129.86190795898438,733300,0.0,0.0
2011-12-16 00:00:00+09:00,134.77429791463842,161.55483560344078,134.77429791463842,151.3338623046875,6127600,0.0,0.0
2011-12-19 00:00:00+09:00,149.74923287172516,160.44560664827696,141.50906827982485,148.63998413085938,2830400,0.0,0.0
2011-12-20 00:00:00+09:00,146.57993127729821,152.83928566885365,143.8067974423223,147.60995483398438,942100,0.0,0.0
2011-12-21 00:00:00+09:00,148.24384338669907,150.46234118640453,141.03368926793752,143.6483612060547,737400,0.0,0.0
2011-12-22 00:00:00+09:00,143.96527635027948,143.96527635027948,132.87273973632435,135.48741149902344,841000,0.0,0.0
2011-12-26 00:00:00+09:00,135.645853187424,141.8259822042491,125.97950374567377,128.03955078125,1512900,0.0,0.0
2011-12-27 00:00:00+09:00,127.5641598173257,132.7935028818238,125.42488750545081,130.09959411621094,942300,0.0,0.0
2011-12-28 00:00:00+09:00,128.5149533877392,133.9027591317307,125.9795189464212,131.2088623046875,618200,0.0,0.0
2011-12-29 00:00:00+09:00,133.11043401636547,141.66753576396997,131.5257859923611,137.62667846679688,1419700,0.0,0.0
2011-12-30 00:00:00+09:00,136.04202824247116,139.9244230924316,133.11043186345927,136.91358947753906,824700,0.0,0.0
2012-01-04 00:00:00+09:00,138.65671183464454,140.9544467947992,134.69509149651185,139.76596069335938,508900,0.0,0.0
2012-01-05 00:00:00+09:00,140.32060865203613,142.61834379950997,135.645889017997,138.815185546875,708000,0.0,0.0
2012-01-06 00:00:00+09:00,138.65671526973935,140.24136344425068,130.73347439718282,133.58584594726562,568100,0.0,0.0
2012-01-10 00:00:00+09:00,134.69507975070053,134.69507975070053,130.25806052295084,131.05038452148438,260400,0.0,0.0
2012-01-11 00:00:00+09:00,131.52579523164596,138.49824944503968,130.17884673460424,136.59666442871094,448600,0.0,0.0
2012-01-12 00:00:00+09:00,136.67590323552508,137.6266897096171,132.95198249288615,133.34814453125,262700,0.0,0.0
2012-01-13 00:00:00+09:00,134.29894834439432,135.72513428461716,133.34816174754823,133.9027862548828,163600,0.0,0.0
2012-01-16 00:00:00+09:00,130.73347500429153,131.44656185017067,122.96869649514632,126.13799285888672,464800,0.0,0.0
2012-01-17 00:00:00+09:00,128.0395638521188,128.99035023871323,124.47410583496094,124.47410583496094,184800,0.0,0.0
2012-01-18 00:00:00+09:00,124.47412508253701,127.72264674654942,123.99872577077582,125.5833740234375,167800,0.0,0.0
2012-01-19 00:00:00+09:00,126.85108184814452,129.94114072453416,125.66259580493232,126.85108184814453,186300,0.0,0.0
2012-01-20 00:00:00+09:00,129.06957953195976,129.06957953195976,126.37568266840722,128.43572998046875,126400,0.0,0.0
2012-01-23 00:00:00+09:00,129.06960392687967,135.80435944857496,128.91114150905656,133.9027862548828,303100,0.0,0.0
2012-01-24 00:00:00+09:00,137.8643815324113,137.8643815324113,131.52578927804757,131.9219512939453,269500,0.0,0.0
2012-01-25 00:00:00+09:00,132.7935032490749,134.37815120149867,132.001179272863,133.26889038085938,122500,0.0,0.0
2012-01-26 00:00:00+09:00,132.31807589877013,133.3480992668607,127.32643349179425,127.88105773925781,280400,0.0,0.0
2012-01-27 00:00:00+09:00,126.77181868970828,130.73343802376166,126.77181868970828,129.38648986816406,158500,0.0,0.0
2012-01-30 00:00:00+09:00,127.00951604076202,128.9110884518046,126.77181646690606,127.56414031982422,92100,0.0,0.0
2012-01-31 00:00:00+09:00,127.08878891613142,129.7826982820278,126.37570201657752,126.53416442871094,135200,0.0,0.0
2012-02-01 00:00:00+09:00,128.0395356989359,129.38648379127142,126.93027508355794,128.197998046875,70700,0.0,0.0
2012-02-02 00:00:00+09:00,129.06959545866758,130.57501855398544,125.97953619917871,127.48494720458984,159700,0.0,0.0
2012-02-03 00:00:00+09:00,127.00954450885156,128.35649294273875,126.21722047834083,127.16800689697266,117500,0.0,0.0
2012-02-06 00:00:00+09:00,128.83187715506398,133.58582078307515,125.97950614229575,128.91110229492188,376600,0.0,0.0
2012-02-07 00:00:00+09:00,128.91109452432926,130.57497952979787,128.91109452432926,130.02035522460938,152400,0.0,0.0
2012-02-08 00:00:00+09:00,132.15965327182087,144.20297635131197,130.02038076590887,138.9736328125,858600,0.0,0.0
2012-02-09 00:00:00+09:00,138.65671925161075,142.06371534263164,134.9327983525488,137.86439514160156,407400,0.0,0.0
2012-02-10 00:00:00+09:00,137.3097630838747,142.06370748084737,136.2797393798828,136.2797393798828,293600,0.0,0.0
2012-02-13 00:00:00+09:00,133.74430478614522,133.82352993881796,129.14882278442383,129.94114685058594,313400,0.0,0.0
2012-02-14 00:00:00+09:00,131.20884735937545,131.92193405886732,129.78266187048803,131.52577209472656,138300,0.0,0.0
2012-02-15 00:00:00+09:00,131.52577027188178,138.18128634124452,130.65420912688984,131.28807067871094,260500,0.0,0.0
2012-02-16 00:00:00+09:00,131.12961173930785,132.31809764631063,128.35647795630132,128.91110229492188,219000,0.0,0.0
2012-02-17 00:00:00+09:00,130.02036867702927,131.92194137439208,129.62420669091998,129.7826690673828,174000,0.0,0.0
2012-02-20 00:00:00+09:00,130.33730521397283,137.62668399944798,130.09960558283555,135.48741149902344,411000,0.0,0.0
2012-02-21 00:00:00+09:00,135.48738408253712,135.48738408253712,130.57497842267136,132.9519500732422,197400,0.0,0.0
2012-02-22 00:00:00+09:00,133.98196647895557,136.27970078412224,132.6350062760278,134.69505310058594,169600,0.0,0.0
2012-02-23 00:00:00+09:00,134.29892338933172,134.5366230168514,131.60502651718923,131.9219512939453,169900,0.0,0.0
2012-02-24 00:00:00+09:00,133.26890897619643,136.9928297660192,132.08042284604622,136.75514221191406,386000,0.0,0.0
2012-02-27 00:00:00+09:00,138.0228425448423,142.30139952782812,137.30975575929722,138.18130493164062,415900,0.0,0.0
2012-02-28 00:00:00+09:00,138.18128304834784,138.33975749995426,132.08039144850062,136.35894775390625,250800,0.0,0.0
2012-02-29 00:00:00+09:00,135.7250953869501,136.9135813148745,132.31809997558594,132.31809997558594,175100,0.0,0.0
2012-03-01 00:00:00+09:00,132.71427518872315,134.3781604897379,130.89192749949396,131.76348876953125,212700,0.0,0.0
2012-03-02 00:00:00+09:00,131.76350549589708,139.84520921979632,131.76350549589708,138.65672302246094,521400,0.0,0.0
2012-03-05 00:00:00+09:00,138.6566940619021,139.4490180279701,135.3289358223973,135.88356018066406,169100,0.0,0.0
2012-03-06 00:00:00+09:00,135.8835388632382,137.86434846765854,132.95194306667648,134.69505310058594,133000,0.0,0.0
2012-03-07 00:00:00+09:00,132.31812081352282,134.45739340270637,132.23888356988766,133.34814453125,132900,0.0,0.0
2012-03-08 00:00:00+09:00,133.82352453903823,135.8835718638991,133.4273625219423,135.40817260742188,156500,0.0,0.0
2012-03-09 00:00:00+09:00,137.8643544450063,138.57744109755382,134.21965977888982,135.72508239746094,206600,0.0,0.0
2012-03-12 00:00:00+09:00,135.88358088050813,141.35061224323667,135.804343635869,136.75514221191406,356900,0.0,0.0
2012-03-13 00:00:00+09:00,136.27972033594503,140.24134011315275,136.27972033594503,138.3397674560547,237000,0.0,0.0
2012-03-14 00:00:00+09:00,141.42982055802537,143.014468407415,139.4490107462883,140.32057189941406,325800,0.0,0.0
2012-03-15 00:00:00+09:00,143.41063835672222,160.84176567079894,143.41063835672222,157.3555450439453,2664600,0.0,0.0
2012-03-16 00:00:00+09:00,158.54402237034273,162.34716754182327,148.56073607044723,149.90768432617188,1500600,0.0,0.0
2012-03-19 00:00:00+09:00,153.31470871962512,156.56324226747617,147.05535335463122,152.5223846435547,541400,0.0,0.0
2012-03-21 00:00:00+09:00,155.69167887631824,163.13952025632227,151.88852094380104,161.47564697265625,1128500,0.0,0.0
2012-03-22 00:00:00+09:00,164.01107222852133,172.72663645322535,159.89098974027863,162.98104858398438,1436700,0.0,0.0
2012-03-23 00:00:00+09:00,159.7325425408785,159.89100494204897,154.89936072078908,156.64247131347656,427700,0.0,0.0
2012-03-26 00:00:00+09:00,157.67248304754978,158.860969100672,148.1645946225719,150.77926635742188,448800,0.0,0.0
2012-03-27 00:00:00+09:00,150.14537647506955,155.1370193774456,150.14537647506955,151.3338623046875,168600,0.0,0.0
2012-03-28 00:00:00+09:00,149.11535070056746,154.50315546289514,148.95688834371427,150.6207733154297,242300,0.0,0.0
2012-03-29 00:00:00+09:00,150.62080620576833,152.44314184236868,147.60997240848548,148.4815216064453,172100,0.0,0.0
2012-03-30 00:00:00+09:00,147.76841538952243,148.87766407391118,144.99528158864666,147.37225341796875,259900,0.0,0.0
2012-04-02 00:00:00+09:00,152.04697981877632,152.04697981877632,148.2438340642143,148.4815216064453,323100,0.0,0.0
2012-04-03 00:00:00+09:00,149.5115374819431,150.70002349068653,145.8668543090728,146.89686584472656,296100,0.0,0.0
2012-04-04 00:00:00+09:00,146.57992104211604,147.6891696626897,141.11289098515516,142.77676391601562,301400,0.0,0.0
2012-04-05 00:00:00+09:00,139.60746800665925,143.5690874852245,139.05284369764072,142.4598388671875,134500,0.0,0.0
2012-04-06 00:00:00+09:00,143.17292440735307,145.3914337158203,141.9844385731638,145.3914337158203,141600,0.0,0.0
2012-04-09 00:00:00+09:00,143.9652938029366,144.04453105288997,141.667558633172,142.063720703125,146500,0.0,0.0
2012-04-10 00:00:00+09:00,142.4598618073826,143.3314109790699,140.1621148858685,141.03367614746094,139800,0.0,0.0
2012-04-11 00:00:00+09:00,139.5282823918426,139.6867447978884,136.04204900930196,138.1020965576172,183900,0.0,0.0
2012-04-12 00:00:00+09:00,139.05284548392444,140.16209411621094,137.78512239853703,140.16209411621094,71900,0.0,0.0
2012-04-13 00:00:00+09:00,140.16210908641665,141.82599430246327,138.73593557541056,139.84518432617188,141300,0.0,0.0
2012-04-16 00:00:00+09:00,141.11289082398483,142.61830139160156,139.92440497905483,142.61830139160156,159800,0.0,0.0
2012-04-17 00:00:00+09:00,142.697555232855,143.0937172272939,139.0528600480552,139.52825927734375,137000,0.0,0.0
2012-04-18 00:00:00+09:00,140.55825940489962,140.95442136724702,139.92440993706666,140.32057189941406,68900,0.0,0.0
2012-04-19 00:00:00+09:00,140.95445439989024,145.39147425395723,140.32060478351477,141.35061645507812,214100,0.0,0.0
2012-04-20 00:00:00+09:00,142.61832990933215,145.54992649504285,142.61832990933215,145.23300170898438,180700,0.0,0.0
2012-04-23 00:00:00+09:00,146.42147028001398,146.5006954221007,143.41063681292206,144.67835998535156,139500,0.0,0.0
2012-04-24 00:00:00+09:00,143.48987209539436,147.2930173812032,143.48987209539436,144.28219604492188,235400,0.0,0.0
2012-04-25 00:00:00+09:00,144.99526407101152,145.07450129171076,143.4898535969456,144.1237030029297,128100,0.0,0.0
2012-04-26 00:00:00+09:00,144.59913042122955,144.9952924223836,140.32058564472771,140.39981079101562,235300,0.0,0.0
2012-04-27 00:00:00+09:00,140.39980644744477,142.61831600325405,138.89439572559442,139.13209533691406,223100,0.0,0.0
2012-05-01 00:00:00+09:00,138.89438704572513,139.1320866421903,130.73344816644507,131.52577209472656,334600,0.0,0.0
2012-05-02 00:00:00+09:00,131.6842608026628,137.62669145341388,130.9711739605351,136.75514221191406,185800,0.0,0.0
2012-05-07 00:00:00+09:00,132.71426116777215,133.9027470886776,128.67340420073214,128.83187866210938,204400,0.0,0.0
2012-05-08 00:00:00+09:00,129.54496945773639,130.81269264924782,128.8318827187014,129.7826690673828,73300,0.0,0.0
2012-05-09 00:00:00+09:00,129.86190376474704,129.94114100376024,127.08876965795949,127.16800689697266,116700,0.0,0.0
2012-05-10 00:00:00+09:00,126.77184305073303,129.06957787006553,125.82105664583354,128.3564910888672,94200,0.0,0.0
2012-05-11 00:00:00+09:00,128.35649871826172,129.8619096080074,117.26396179199219,118.8486099243164,264800,0.0,0.0
2012-05-14 00:00:00+09:00,120.82939143720002,125.42487234918559,119.00704409918298,119.5616683959961,163300,0.0,0.0
2012-05-15 00:00:00+09:00,118.69012577869046,118.69012577869046,109.89532542000622,114.49080657958984,207700,0.0,0.0
2012-05-16 00:00:00+09:00,116.94702520444261,116.94702520444261,113.93619163876367,114.728515625,76000,0.0,0.0
2012-05-17 00:00:00+09:00,112.19308890126369,119.64093004138795,112.19308890126369,119.48246765136719,151600,0.0,0.0
2012-05-18 00:00:00+09:00,114.88697604750844,114.88697604750844,112.51000412928413,114.33235168457031,139200,0.0,0.0
2012-05-21 00:00:00+09:00,111.40073659763549,116.471604331196,111.40073659763549,113.54000854492188,41600,0.0,0.0
2012-05-22 00:00:00+09:00,112.82692730297775,116.31315998817963,112.82692730297775,115.6792984008789,63100,0.0,0.0
2012-05-23 00:00:00+09:00,117.26396192274524,118.69014766140843,113.46080398294531,115.83777618408203,82900,0.0,0.0
2012-05-24 00:00:00+09:00,115.91702305256004,117.81859613541474,114.8869992618859,116.39241027832031,48500,0.0,0.0
2012-05-25 00:00:00+09:00,116.07546245505819,116.07546245505819,113.93619013837247,114.8077392578125,54800,0.0,0.0
2012-05-28 00:00:00+09:00,114.80774459926145,114.80774459926145,110.92536177316275,111.08382415771484,63200,0.0,0.0
2012-05-29 00:00:00+09:00,111.08382043793515,113.30233001708984,108.78608571410983,113.30233001708984,56200,0.0,0.0
2012-05-30 00:00:00+09:00,112.51001576776949,114.01542663574219,111.32152968571559,114.01542663574219,51400,0.0,0.0
2012-05-31 00:00:00+09:00,110.92536177316275,113.30233381115909,110.68766215138211,111.08382415771484,41200,0.0,0.0
2012-06-01 00:00:00+09:00,110.76689349697236,111.08381824921948,106.96373602048534,108.46914672851562,78600,0.0,0.0
2012-06-04 00:00:00+09:00,106.80528455122345,106.80528455122345,102.20980263492775,102.60596466064453,96800,0.0,0.0
2012-06-05 00:00:00+09:00,100.70438388163342,106.80528259277344,100.70438388163342,106.80528259277344,101200,0.0,0.0
2012-06-06 00:00:00+09:00,108.54838983824718,112.90617191204542,107.35990381812039,112.66847229003906,82000,0.0,0.0
2012-06-07 00:00:00+09:00,118.84860420562191,118.84860420562191,112.98541123410665,116.23393249511719,139200,0.0,0.0
2012-06-08 00:00:00+09:00,117.66010860943857,118.21473296604766,114.57004998697056,115.99622344970703,91600,0.0,0.0
2012-06-11 00:00:00+09:00,116.86779590135576,121.22557812140633,116.86779590135576,119.48246765136719,112000,0.0,0.0
2012-06-12 00:00:00+09:00,118.69017018345824,120.75020589473526,117.26398417416915,120.59174346923828,63600,0.0,0.0
2012-06-13 00:00:00+09:00,122.81020521729312,123.99869107423466,120.90863268214798,121.62171936035156,108100,0.0,0.0
2012-06-14 00:00:00+09:00,121.6217557894473,121.6217557894473,118.13553440082659,119.64094543457031,46300,0.0,0.0
2012-06-15 00:00:00+09:00,121.62171644483891,121.62171644483891,114.8869634169488,116.63007354736328,94500,0.0,0.0
2012-06-18 00:00:00+09:00,120.43324877211445,120.43324877211445,117.81857713737047,120.35401153564453,49200,0.0,0.0
2012-06-19 00:00:00+09:00,118.13553080247031,119.95786660152403,118.13553080247031,119.007080078125,30700,0.0,0.0
2012-06-20 00:00:00+09:00,119.64091868362289,120.67094225583361,118.84859471883068,120.2747802734375,46400,0.0,0.0
2012-06-21 00:00:00+09:00,121.22557830810547,122.41406436994964,120.27479187661122,121.22557830810547,106500,0.0,0.0
2012-06-22 00:00:00+09:00,121.4632799870743,122.81022846190112,120.43325629812239,121.78020477294922,63800,0.0,0.0
2012-06-25 00:00:00+09:00,122.49328786944464,123.52329933557786,121.1463274785245,121.30480194091797,63500,0.0,0.0
2012-06-26 00:00:00+09:00,120.51248727968552,121.22557405581657,117.18471675132734,118.53167724609375,73500,0.0,0.0
2012-06-27 00:00:00+09:00,118.45242931219543,120.51247639706475,118.05626734125164,119.95783996582031,63600,0.0,0.0
2012-06-28 00:00:00+09:00,118.92782620701327,120.75016156609246,118.84858897839953,120.5124740600586,54900,0.0,0.0
2012-06-29 00:00:00+09:00,121.1463274785245,121.30480194091797,119.24475482884344,121.30480194091797,83800,0.0,0.0
2012-07-02 00:00:00+09:00,121.22558806820155,123.36486073377677,120.51250120964527,121.93867492675781,53500,0.0,0.0
2012-07-03 00:00:00+09:00,122.73097301297176,133.11042142427885,122.65174787320913,128.7526397705078,378300,0.0,0.0
2012-07-04 00:00:00+09:00,129.06957410759034,130.41653457266352,126.77183935523854,127.72262573242188,145000,0.0,0.0
2012-07-05 00:00:00+09:00,127.72263340512009,128.27725781763635,119.6409305787114,124.71179962158203,111900,0.0,0.0
2012-07-06 00:00:00+09:00,124.7117992688634,130.65422957881378,124.7117992688634,125.82106018066406,109600,0.0,0.0
2012-07-09 00:00:00+09:00,124.71179769682192,125.74182135554388,123.20638687323961,124.31563568115234,41500,0.0,0.0
2012-07-10 00:00:00+09:00,124.31561951979782,125.9002673764678,122.01788496358785,122.09712219238281,83700,0.0,0.0
2012-07-11 00:00:00+09:00,120.9878594913837,123.52329360326526,119.4032116602198,120.43323516845703,62900,0.0,0.0
2012-07-12 00:00:00+09:00,119.48244591119136,120.51246939376864,116.47161268900514,116.55084991455078,58300,0.0,0.0
2012-07-13 00:00:00+09:00,118.92784899126745,120.98788434094674,114.88699135589097,115.9170150756836,103400,0.0,0.0
2012-07-17 00:00:00+09:00,118.29397015939388,122.0178903695754,116.70932223251627,118.69013214111328,60900,0.0,0.0
2012-07-18 00:00:00+09:00,119.87860208092256,121.5424749280529,116.94700622558594,116.94700622558594,54100,0.0,0.0
2012-07-19 00:00:00+09:00,117.73934936523438,119.40322248485468,117.73934936523438,117.73934936523438,26100,0.0,0.0
2012-07-20 00:00:00+09:00,117.73934007268743,117.73934007268743,112.1138353700991,117.66010284423828,50000,0.0,0.0
2012-07-23 00:00:00+09:00,112.11385936030636,114.01543235094977,106.96375274658205,106.96375274658203,60100,0.0,0.0
2012-07-24 00:00:00+09:00,107.12220388197208,110.76689916896797,106.9637414977342,107.9145278930664,56900,0.0,0.0
2012-07-25 00:00:00+09:00,110.29149749805566,110.29149749805566,105.37909115540853,105.61679077148438,52400,0.0,0.0
2012-07-26 00:00:00+09:00,106.17140647833295,110.92535005198965,103.00211076256183,110.13302612304688,68100,0.0,0.0
2012-07-27 00:00:00+09:00,111.16305696511866,114.0946532771763,111.16305696511866,111.52751922607422,52700,0.0,0.0
2012-07-30 00:00:00+09:00,116.47159751714125,118.84856889504209,114.64925037610362,118.41278839111328,58700,0.0,0.0
2012-07-31 00:00:00+09:00,118.69014548573351,119.16553266330318,116.07547369443074,118.29398345947266,34000,0.0,0.0
2012-08-01 00:00:00+09:00,115.04544038353269,117.42241234224166,113.3023300317937,114.728515625,35900,0.0,0.0
2012-08-02 00:00:00+09:00,113.54005065403825,117.26397166040768,113.54005065403825,116.39241027832031,38700,0.0,0.0
2012-08-03 00:00:00+09:00,114.88697401234802,114.88697401234802,111.55921580376429,112.51000213623047,59000,0.0,0.0
2012-08-06 00:00:00+09:00,114.88697103205942,118.69012835317044,112.82692395690235,118.05626678466797,51500,0.0,0.0
2012-08-07 00:00:00+09:00,113.93619764977058,117.66011816356568,113.93619764977058,116.23393249511719,17500,0.0,0.0
2012-08-08 00:00:00+09:00,117.26395990378083,119.64093206399261,114.88698774356905,118.45244598388672,102100,0.0,0.0
2012-08-09 00:00:00+09:00,118.45244598388672,119.48246967129295,116.47163585037691,118.45244598388672,42900,0.0,0.0
2012-08-10 00:00:00+09:00,116.55086950913088,119.40322875976562,116.55086950913088,119.40322875976562,30600,0.0,0.0
2012-08-13 00:00:00+09:00,118.84859072282009,118.84859072282009,117.34318007629258,118.05626678466797,18200,0.0,0.0
2012-08-14 00:00:00+09:00,118.61090850830078,118.69014574969141,116.4716359797157,118.61090850830078,41500,0.0,0.0
2012-08-15 00:00:00+09:00,119.64093219685083,119.64093219685083,114.88698787114814,118.61090850830078,45400,0.0,0.0
2012-08-16 00:00:00+09:00,119.79939825233889,122.81023216864823,118.84861177611118,122.41407012939453,92300,0.0,0.0
2012-08-17 00:00:00+09:00,122.4932900199532,122.6517523952246,120.43324287171221,122.32689666748047,40700,0.0,0.0
2012-08-20 00:00:00+09:00,121.14633828331827,123.76100997725499,121.14633828331827,121.28104400634766,22300,0.0,0.0
2012-08-21 00:00:00+09:00,122.09714752315271,122.73099712539876,121.2255861852051,121.54251098632812,15400,0.0,0.0
2012-08-22 00:00:00+09:00,120.51247421694258,121.62172287955687,120.03707502444864,120.67093658447266,22800,0.0,0.0
2012-08-23 00:00:00+09:00,120.51251830144383,120.8294431524378,117.26398417416915,120.59174346923828,31600,0.0,0.0
2012-08-24 00:00:00+09:00,118.84860801058868,119.00707040328834,115.91701143097528,118.45244598388672,71800,0.0,0.0
2012-08-27 00:00:00+09:00,118.45244585199588,119.40323229704082,117.26395977321332,118.29398345947266,36600,0.0,0.0
2012-08-28 00:00:00+09:00,117.26394997781959,119.56168470223395,114.88697801880973,116.15470123291016,32100,0.0,0.0
2012-08-29 00:00:00+09:00,116.15469375883968,116.78854323519974,114.96620785580886,116.31315612792969,15800,0.0,0.0
2012-08-30 00:00:00+09:00,115.7585509022465,115.7585509022465,113.6985034942627,114.09466552734375,26500,0.0,0.0
2012-08-31 00:00:00+09:00,113.69848577342376,114.09464774475973,111.00458920430071,111.79691314697266,35200,0.0,0.0
2012-09-03 00:00:00+09:00,111.40075536493309,114.88697600782963,111.40075536493309,112.90616607666016,40200,0.0,0.0
2012-09-04 00:00:00+09:00,111.00460271492554,112.51001355326767,111.00460271492554,111.71768951416016,55700,0.0,0.0
2012-09-05 00:00:00+09:00,111.16305533003766,111.16305533003766,107.75605984347631,108.31068420410156,61500,0.0,0.0
2012-09-06 00:00:00+09:00,108.31067839466004,108.78607758678527,107.35989210031329,108.54837799072266,25400,0.0,0.0
2012-09-07 00:00:00+09:00,110.60844421386719,112.51001713225283,109.41995811739973,110.60844421386719,38000,0.0,0.0
2012-09-10 00:00:00+09:00,111.55921966557707,113.30233001708984,110.13303407255586,113.30233001708984,24900,0.0,0.0
2012-09-11 00:00:00+09:00,112.90617557282143,113.22310035250229,111.08382786489307,111.71768951416016,17500,0.0,0.0
2012-09-12 00:00:00+09:00,111.7176744113668,114.57004540251214,110.52918851337354,111.87613677978516,34700,0.0,0.0
2012-09-13 00:00:00+09:00,111.87615190400058,113.69849961192895,111.00460271492554,111.71768951416016,43900,0.0,0.0
2012-09-14 00:00:00+09:00,113.30231675204499,114.57003981739976,110.92534507193216,113.69847869873047,123300,0.0,0.0
2012-09-18 00:00:00+09:00,109.73688155394052,112.90617777210487,109.73688155394052,112.43077850341797,59700,0.0,0.0
2012-09-19 00:00:00+09:00,112.66847186912864,112.66847186912864,111.08382384821289,112.19308471679688,29300,0.0,0.0
2012-09-20 00:00:00+09:00,110.13305077737121,110.92537488368323,109.65765147762143,110.3707504272461,62100,0.0,0.0
2012-09-21 00:00:00+09:00,109.02379060126319,111.71768744845537,108.9445533628554,111.1630630493164,61600,0.0,0.0
2012-09-24 00:00:00+09:00,108.86532023515636,110.84613037109374,108.86532023515636,110.84613037109375,25900,0.0,0.0
2012-09-25 00:00:00+09:00,110.13302247183663,110.92534637451172,109.57839815794473,110.92534637451172,29500,0.0,0.0
2012-09-26 00:00:00+09:00,110.92535178444604,110.92535178444604,106.1714081365412,108.94454193115234,58700,0.0,0.0
2012-09-27 00:00:00+09:00,106.56756980478322,110.84611423979439,105.45832112604813,108.62761688232422,61000,0.0,0.0
2012-09-28 00:00:00+09:00,110.84612428568019,110.92536152272984,108.94455149553824,109.34071350097656,46300,0.0,0.0
2012-10-01 00:00:00+09:00,110.13303754211152,110.13303754211152,106.9637414977342,107.9145278930664,59300,0.0,0.0
2012-10-02 00:00:00+09:00,107.75605406378307,108.86530272553702,107.59759169637589,108.54837799072266,41700,0.0,0.0
2012-10-03 00:00:00+09:00,108.54839693390484,108.70685932896588,107.04298604596627,107.59761047363281,45500,0.0,0.0
2012-10-04 00:00:00+09:00,106.96372620099959,107.75605009878477,103.79443060985885,106.48832702636719,63400,0.0,0.0
2012-10-05 00:00:00+09:00,105.53754425048828,106.5675677695877,105.06215715006797,105.53754425048828,56800,0.0,0.0
2012-10-09 00:00:00+09:00,105.61677636962092,108.31067274472929,105.53753914509883,107.67681121826172,69900,0.0,0.0
2012-10-10 00:00:00+09:00,105.29984298395183,107.75605194513315,105.29984298395183,106.72602844238281,62200,0.0,0.0
2012-10-11 00:00:00+09:00,105.53756319481181,107.75607299804688,105.37910079956055,107.75607299804688,54500,0.0,0.0
2012-10-12 00:00:00+09:00,107.12220742940316,108.38993072509766,106.32988339207044,108.38993072509766,44700,0.0,0.0
2012-10-15 00:00:00+09:00,108.38993453884379,108.38993453884379,107.12221119854391,107.59761047363281,41100,0.0,0.0
2012-10-16 00:00:00+09:00,109.49915993530261,109.49915993530261,106.25063921783743,107.43912506103516,56200,0.0,0.0
2012-10-17 00:00:00+09:00,107.75606942591565,107.75606942591565,106.17142134612277,107.28067016601562,69600,0.0,0.0
2012-10-18 00:00:00+09:00,107.28066976097323,108.4691558163307,106.7260453531208,106.80528259277344,78000,0.0,0.0
2012-10-19 00:00:00+09:00,106.80530177933619,108.78611222743254,106.01297760009766,106.01297760009766,61500,0.0,0.0
2012-10-22 00:00:00+09:00,106.09218024956847,109.1030139097079,106.09218024956847,107.9145278930664,43400,0.0,0.0
2012-10-23 00:00:00+09:00,108.38993107581388,108.7068558558103,107.28067016601564,107.28067016601562,29100,0.0,0.0
2012-10-24 00:00:00+09:00,105.85449656612636,107.28067016601564,105.85449656612636,107.28067016601562,49700,0.0,0.0
2012-10-25 00:00:00+09:00,106.32989117566342,107.20145251649186,106.01296637349286,107.1222152709961,24800,0.0,0.0
2012-10-26 00:00:00+09:00,106.9637528699108,107.59761456415819,106.40912842115918,107.1222152709961,26600,0.0,0.0
2012-10-29 00:00:00+09:00,105.7752474004572,107.59759490473803,101.02130369706587,104.58676147460938,96300,0.0,0.0
2012-10-30 00:00:00+09:00,103.79444287963948,105.37909086253472,102.60595689246803,103.8736801147461,81200,0.0,0.0
2012-10-31 00:00:00+09:00,105.37908769659326,105.85448691314112,103.87367699403222,105.29985046386719,44300,0.0,0.0
2012-11-01 00:00:00+09:00,107.2014273025314,107.2014273025314,105.37907989390426,106.40910339355469,39700,0.0,0.0
2012-11-02 00:00:00+09:00,107.75606748977413,107.75606748977413,106.25065667698199,106.88450622558594,31000,0.0,0.0
2012-11-05 00:00:00+09:00,106.96373914406668,107.75606313772643,106.5675771472368,107.04297637939453,37800,0.0,0.0
2012-11-06 00:00:00+09:00,106.96373914270791,107.04297637803475,103.39828117128431,105.61679077148438,61300,0.0,0.0
2012-11-07 00:00:00+09:00,106.25065447321273,107.04297848243905,106.17141723632812,106.17141723632812,53300,0.0,0.0
2012-11-08 00:00:00+09:00,106.1713919614731,106.25062917949472,104.58674432025708,105.45830535888672,40100,0.0,0.0
2012-11-09 00:00:00+09:00,103.95289428263916,106.25064086914062,103.95289428263916,106.25064086914062,61700,0.0,0.0
2012-11-12 00:00:00+09:00,107.7560557685655,109.18224127760082,106.25064511952503,107.35989379882812,150500,0.0,0.0
2012-11-13 00:00:00+09:00,108.15223888821073,108.15223888821073,106.01296625126034,106.96375274658203,53900,0.0,0.0
2012-11-14 00:00:00+09:00,106.96374880348287,108.46915969142142,106.17142473827188,107.59761047363281,61200,0.0,0.0
2012-11-15 00:00:00+09:00,108.072996052368,112.82694037296903,106.409122794101,110.68766784667969,151400,0.0,0.0
2012-11-16 00:00:00+09:00,114.88700183325228,129.7826982820278,113.85697801952448,126.53416442871094,1016300,0.0,0.0
2012-11-19 00:00:00+09:00,127.32644074596827,136.43816505452713,123.20635912877432,127.56414031982422,714600,0.0,0.0
2012-11-20 00:00:00+09:00,131.68424571227308,132.71426932501535,122.01789537941708,127.72262573242188,347000,0.0,0.0
2012-11-21 00:00:00+09:00,124.55334242233813,128.51496280529994,124.55334242233813,125.26644134521484,157200,0.0,0.0
2012-11-22 00:00:00+09:00,127.40571408622955,127.7226388812827,122.81023201852298,123.84025573730469,173300,0.0,0.0
2012-11-26 00:00:00+09:00,121.46327785498815,123.76101273701242,120.51249142414726,122.65176391601562,179800,0.0,0.0
2012-11-27 00:00:00+09:00,122.73099275538497,126.69261307789456,118.84860967528788,123.28562927246094,200200,0.0,0.0
2012-11-28 00:00:00+09:00,122.73098355088364,123.9987067949731,119.24476276449491,120.35401153564453,204600,0.0,0.0
2012-11-29 00:00:00+09:00,120.90867021357869,126.61340167973118,118.21476084768231,126.53416442871094,271000,0.0,0.0
2012-11-30 00:00:00+09:00,126.53411101760139,126.77181058042008,121.70094299316406,121.70094299316406,152200,0.0,0.0
2012-12-03 00:00:00+09:00,122.81022059099202,125.97951660624342,122.81022059099202,124.47410583496094,124400,0.0,0.0
2012-12-04 00:00:00+09:00,124.47410016214447,126.29643561593853,124.07793817829284,124.8702621459961,100300,0.0,0.0
2012-12-05 00:00:00+09:00,123.20639774767633,126.2964569066716,122.65177329476774,126.21723175048828,114600,0.0,0.0
2012-12-06 00:00:00+09:00,126.13799235472494,131.12963652564616,125.42490551169595,130.4165496826172,257700,0.0,0.0
2012-12-07 00:00:00+09:00,130.65421484053013,136.27971973533403,128.35648021583785,132.31809997558594,234200,0.0,0.0
2012-12-10 00:00:00+09:00,133.11041778342138,133.9027416987989,130.73344603728887,130.9711456298828,162800,0.0,0.0
2012-12-11 00:00:00+09:00,131.44654427526243,131.44654427526243,127.72262396375113,130.33729553222656,87900,0.0,0.0
2012-12-12 00:00:00+09:00,129.54497878548327,130.33730281475226,126.77184468304173,128.43572998046875,110200,0.0,0.0
2012-12-13 00:00:00+09:00,128.51494017141226,130.0995880455108,127.96031583345854,128.7526397705078,59600,0.0,0.0
2012-12-14 00:00:00+09:00,130.0995900319329,130.6542143783549,128.5941793645155,129.1488037109375,81100,0.0,0.0
2012-12-17 00:00:00+09:00,129.22803666564315,129.70342376545824,127.72261395813634,128.03955078125,67400,0.0,0.0
2012-12-18 00:00:00+09:00,129.2280275127825,130.33727609035634,128.51492877871124,129.38648986816406,117400,0.0,0.0
2012-12-19 00:00:00+09:00,130.57500236556172,130.65422751449938,124.39487252287722,126.85108184814453,264000,0.0,0.0
2012-12-20 00:00:00+09:00,124.6325553957354,126.69259033977265,123.91945661172343,125.34564208984375,175600,0.0,0.0
2012-12-21 00:00:00+09:00,125.82104878847508,127.08875988587248,123.9194640075225,125.18718719482422,168600,0.0,0.0
2012-12-25 00:00:00+09:00,111.79691117087647,115.28313162104983,110.76688764562863,111.40074920654297,1086400,0.0,0.0
2012-12-26 00:00:00+09:00,111.40073460783448,113.69846886389662,111.00457269541671,113.14384460449219,260600,0.0,0.0
2012-12-27 00:00:00+09:00,114.25309312330107,115.36235373201205,113.14384460449219,113.14384460449219,188800,0.0,0.0
2012-12-28 00:00:00+09:00,113.30233391875436,114.88698194559008,111.87614827662121,112.66847229003906,140500,0.0,0.0
2013-01-04 00:00:00+09:00,114.88695665322055,114.88695665322055,112.50998513625737,113.54000854492188,200700,0.0,0.0
2013-01-07 00:00:00+09:00,114.72852388446664,124.39487479446292,113.77773745051553,123.12715148925781,387900,0.0,0.0
2013-01-08 00:00:00+09:00,121.70096406931549,122.88944999932872,118.84859300132213,121.46326446533203,189500,0.0,0.0
2013-01-09 00:00:00+09:00,120.03708851801885,122.88945981381498,119.64092650970856,122.01789855957031,96200,0.0,0.0
2013-01-10 00:00:00+09:00,122.81022295539762,132.39734842207133,122.65176056956521,128.3564910888672,323400,0.0,0.0
2013-01-11 00:00:00+09:00,132.3181292154896,132.3181292154896,125.18721207213984,127.48494720458984,200900,0.0,0.0
2013-01-15 00:00:00+09:00,129.14880173903245,130.33728764460636,127.80185346402943,128.7526397705078,89400,0.0,0.0
2013-01-16 00:00:00+09:00,131.5257573209108,131.84268202066292,126.05872766582183,127.00951385498047,123000,0.0,0.0
2013-01-17 00:00:00+09:00,126.77184467189218,128.43572996917285,123.44408616723605,125.42489624023438,172900,0.0,0.0
2013-01-18 00:00:00+09:00,126.93032273364399,127.72264686068286,126.69262307755099,127.48494720458984,62400,0.0,0.0
2013-01-21 00:00:00+09:00,127.0887866632218,128.9111345952189,126.2964625266932,127.40572357177734,88300,0.0,0.0
2013-01-22 00:00:00+09:00,127.40569672765007,127.5641591035867,123.60253925564923,125.18718719482422,135000,0.0,0.0
2013-01-23 00:00:00+09:00,126.69260168787994,126.69260168787994,119.24476098710565,124.39486694335938,92200,0.0,0.0
2013-01-24 00:00:00+09:00,123.99870479952905,124.79102879185831,119.64092284171812,122.81021881103516,75000,0.0,0.0
2013-01-25 00:00:00+09:00,122.25557217402267,126.77181568999836,122.25557217402267,125.66256713867188,138600,0.0,0.0
2013-01-28 00:00:00+09:00,126.45493702592442,129.14883425415886,125.90030045842892,127.40572357177734,129600,0.0,0.0
2013-01-29 00:00:00+09:00,133.5065781426853,159.0986427209552,130.7334444720657,140.16209411621094,3176500,0.0,0.0
2013-01-30 00:00:00+09:00,139.52827496371475,141.58831031245236,135.09125529120828,136.83436584472656,738200,0.0,0.0
2013-01-31 00:00:00+09:00,139.44902368598918,158.38556240738603,139.44902368598918,155.69166564941406,2089600,0.0,0.0
2013-02-01 00:00:00+09:00,157.67242871830135,164.01101881752953,147.37221980705553,149.59072875976562,1188000,0.0,0.0
2013-02-04 00:00:00+09:00,152.60162024286905,152.91854503392003,143.01449418975423,149.2738494873047,335200,0.0,0.0
2013-02-05 00:00:00+09:00,147.53071528503153,148.1645768553346,141.98444770221153,144.2029571533203,221700,0.0,0.0
2013-02-06 00:00:00+09:00,144.20295881400753,147.84765381779567,143.41063486448002,144.28219604492188,220200,0.0,0.0
2013-02-07 00:00:00+09:00,145.15374698189697,145.15374698189697,139.6074792646527,141.82598876953125,229900,0.0,0.0
2013-02-08 00:00:00+09:00,141.8260157572662,143.01450192282988,139.84520548132673,141.35061645507812,194500,0.0,0.0
2013-02-12 00:00:00+09:00,140.39980263964424,141.35058896923198,138.49822998046875,138.49822998046875,177100,0.0,0.0
2013-02-13 00:00:00+09:00,137.5474609238415,141.82600598923034,135.72511317750713,136.0420379638672,191800,0.0,0.0
2013-02-14 00:00:00+09:00,135.8835985751982,137.94364630501266,132.00121488044132,134.2989501953125,189100,0.0,0.0
2013-02-15 00:00:00+09:00,137.4682091799221,137.86437116603136,125.9795115827528,129.7826690673828,320500,0.0,0.0
2013-02-18 00:00:00+09:00,112.35156574660438,120.67096923708775,110.13305573116075,119.64094543457031,1660300,0.0,0.0
2013-02-19 00:00:00+09:00,121.62174415588379,122.01790618896484,115.9962384501705,118.8486099243164,679500,0.0,0.0
2013-02-20 00:00:00+09:00,116.3131410450133,118.69011254284094,115.75851678016728,116.47160339355469,535100,0.0,0.0
2013-02-21 00:00:00+09:00,117.89782163773594,123.60255240780748,116.86779794968976,123.20639038085938,646900,0.0,0.0
2013-02-22 00:00:00+09:00,120.43326720228706,125.5833740234375,120.03710513912165,125.5833740234375,520500,0.0,0.0
2013-02-25 00:00:00+09:00,126.77181612456795,128.35646382612506,123.76098307362896,127.2472152709961,586100,0.0,0.0
2013-02-26 00:00:00+09:00,122.8102115759272,127.00953090585904,121.62172565745048,124.5533218383789,350200,0.0,0.0
2013-02-27 00:00:00+09:00,125.82105467351197,125.82105467351197,121.62173502030231,123.52330780029297,262200,0.0,0.0
2013-02-28 00:00:00+09:00,125.66258651780426,125.66258651780426,121.62172943356134,123.91946411132812,265300,0.0,0.0
2013-03-01 00:00:00+09:00,122.8101981770355,125.02870740079474,122.8101981770355,124.6325454711914,212900,0.0,0.0
2013-03-04 00:00:00+09:00,125.58334742818133,129.86189196832174,124.63256109591725,126.37567138671875,315900,0.0,0.0
2013-03-05 00:00:00+09:00,128.27722651722297,131.52575913915095,125.58333026238208,125.9794921875,398400,0.0,0.0
2013-03-06 00:00:00+09:00,125.97952098292669,129.14881710828334,122.88946209666605,124.31563568115234,508400,0.0,0.0
2013-03-07 00:00:00+09:00,123.84023261585436,124.39485694859985,119.64091337094636,120.98786163330078,395900,0.0,0.0
2013-03-08 00:00:00+09:00,121.46328150612536,124.87027740146476,121.46328150612536,123.28562927246094,262900,0.0,0.0
2013-03-11 00:00:00+09:00,124.63257776413303,126.29645104564361,123.28562927246092,123.28562927246094,255500,0.0,0.0
2013-03-12 00:00:00+09:00,123.28563366222335,124.39488255606014,121.2255861852051,121.54251098632812,185500,0.0,0.0
2013-03-13 00:00:00+09:00,122.81019529751691,123.04789486768613,120.98784804608943,121.06708526611328,152800,0.0,0.0
2013-03-14 00:00:00+09:00,121.14634893997125,124.39488255606014,120.75018689361437,121.54251098632812,208300,0.0,0.0
2013-03-15 00:00:00+09:00,122.41406455313425,124.15717502846641,122.09713977213039,122.96868896484375,239000,0.0,0.0
2013-03-18 00:00:00+09:00,122.81021284189869,124.07793600397025,122.01788888808,122.88945007324219,340900,0.0,0.0
2013-03-19 00:00:00+09:00,124.07795923664929,124.39488404155696,122.81023583720592,123.04793548583984,153600,0.0,0.0
2013-03-21 00:00:00+09:00,123.60254724070535,129.94113940689536,123.12714799227905,128.6734161376953,436900,0.0,0.0
2013-03-22 00:00:00+09:00,128.35648128306232,130.65421592685917,126.1379717811767,126.37567138671875,261500,0.0,0.0
2013-03-25 00:00:00+09:00,127.72261229787892,128.19801148141795,125.58334015176023,127.96031188964844,207400,0.0,0.0
2013-03-26 00:00:00+09:00,127.64340254662821,127.72262769349884,125.58335528951335,126.6926040649414,135400,0.0,0.0
2013-03-27 00:00:00+09:00,125.97948608398437,131.92191467285156,125.34562461652482,130.73342895507812,281600,0.0,0.0
2013-03-28 00:00:00+09:00,130.73348170689172,138.65672302246094,129.06959619465948,138.65672302246094,450200,0.0,0.0
2013-03-29 00:00:00+09:00,139.05285634954717,139.05285634954717,133.1896638237616,136.2004852294922,293700,0.0,0.0
2013-04-01 00:00:00+09:00,135.48742560257296,137.0720738552346,123.99872577077582,125.5833740234375,381600,0.0,0.0
2013-04-02 00:00:00+09:00,121.22556565622551,130.97115276421664,118.76935654879784,126.37567138671875,322000,0.0,0.0
2013-04-03 00:00:00+09:00,126.4548852070545,131.60498998407274,125.26639948928107,130.73342895507812,202600,0.0,0.0
2013-04-04 00:00:00+09:00,127.16801048786772,130.57500633324966,123.99871427633208,129.22805786132812,217500,0.0,0.0
2013-04-05 00:00:00+09:00,129.2280737946073,130.3373227694483,125.26645304173654,126.53416442871094,298500,0.0,0.0
2013-04-08 00:00:00+09:00,126.77183619390274,136.43818628570693,126.77183619390274,133.26889038085938,573400,0.0,0.0
2013-04-09 00:00:00+09:00,137.07205750061584,137.23051988899388,130.33730323035437,131.9219512939453,283800,0.0,0.0
2013-04-10 00:00:00+09:00,132.23888356988766,136.59666599188992,132.15965841615846,133.34814453125,183600,0.0,0.0
2013-04-11 00:00:00+09:00,134.6950480143229,136.27969563802083,130.33726704915364,130.73342895507812,207000,0.0,0.0
2013-04-12 00:00:00+09:00,132.08042117252333,134.77433028734103,130.8919350574318,133.34814453125,165800,0.0,0.0
2013-04-15 00:00:00+09:00,135.01197780133225,136.27970078412224,131.52575773351333,134.69505310058594,219800,0.0,0.0
2013-04-16 00:00:00+09:00,133.03119227908326,134.69507748396467,131.9219435357654,133.18966674804688,137800,0.0,0.0
2013-04-17 00:00:00+09:00,133.50659013894378,134.69507610457237,132.23886693964485,133.42735290527344,149900,0.0,0.0
2013-04-18 00:00:00+09:00,133.03121572641285,133.8235398512632,131.52580472515984,132.2388916015625,198600,0.0,0.0
2013-04-19 00:00:00+09:00,132.71425445675501,133.9819775442436,131.76346818609028,133.74427795410156,104500,0.0,0.0
2013-04-22 00:00:00+09:00,134.6158353406213,141.6675258056973,134.6158353406213,138.49822998046875,512900,0.0,0.0
2013-04-23 00:00:00+09:00,139.21133234417525,149.6700073243755,139.21133234417525,144.99530029296875,865700,0.0,0.0
2013-04-24 00:00:00+09:00,148.16455572955928,150.38306486434595,142.2221270238283,146.02528381347656,432000,0.0,0.0
2013-04-25 00:00:00+09:00,148.00612263388035,148.08534777834012,142.61831712452837,145.94607543945312,194800,0.0,0.0
2013-04-26 00:00:00+09:00,145.23298754796127,145.23298754796127,139.0528581031727,139.13209533691406,305000,0.0,0.0
2013-04-30 00:00:00+09:00,137.86435865319294,141.90521538071334,135.88354890242869,136.67587280273438,236300,0.0,0.0
2013-05-01 00:00:00+09:00,137.62668190774613,141.58830206680565,136.27973347164695,137.94361877441406,244400,0.0,0.0
2013-05-02 00:00:00+09:00,138.9736080973436,140.55825590730146,137.15127278781472,140.00363159179688,147400,0.0,0.0
2013-05-07 00:00:00+09:00,142.6183109149525,149.59076408877542,141.42982499066122,144.28219604492188,294600,0.0,0.0
2013-05-08 00:00:00+09:00,144.67839845009232,146.26304679197764,140.47907792611474,143.25221252441406,208000,0.0,0.0
2013-05-09 00:00:00+09:00,143.4106366887439,148.63997965810728,141.82598876953125,141.82598876953125,366500,0.0,0.0
2013-05-10 00:00:00+09:00,143.4106486608488,145.94608312526952,141.82600060934772,144.5198974609375,239600,0.0,0.0
2013-05-13 00:00:00+09:00,141.82598083840927,144.99527649960277,140.2413330078125,140.2413330078125,704700,0.0,0.0
2013-05-14 00:00:00+09:00,140.32057820374345,146.10453344195452,140.24134097175252,144.67835998535156,555000,0.0,0.0
2013-05-15 00:00:00+09:00,144.67836345917212,176.37132263183594,144.28220146951384,176.37132263183594,2844700,0.0,0.0
2013-05-16 00:00:00+09:00,175.89594558422633,215.987548828125,150.77927469130674,215.987548828125,3201700,0.0,0.0
2013-05-17 00:00:00+09:00,212.34281237022424,255.9206283417255,196.49633383513287,238.489501953125,4346900,0.0,0.0
2013-05-20 00:00:00+09:00,242.05500412613694,281.27504571122296,234.5279254380901,241.26268005371094,4422200,0.0,0.0
2013-05-21 00:00:00+09:00,236.82564767990164,243.63963917239244,215.51213611346583,219.23606872558594,1770300,0.0,0.0
2013-05-22 00:00:00+09:00,215.51213234593155,236.11255676135147,206.00424415419928,206.7173309326172,1350100,0.0,0.0
2013-05-23 00:00:00+09:00,215.0367312680638,246.4127668693884,206.79656640807195,212.34283447265625,7317900,0.0,0.0
2013-05-24 00:00:00+09:00,245.22423164799528,251.958984375,222.72223913725816,251.958984375,5032800,0.0,0.0
2013-05-27 00:00:00+09:00,259.48612116965927,299.49848489200366,253.54369091386556,282.85968017578125,8492700,0.0,0.0
2013-05-28 00:00:00+09:00,273.35179859418963,286.0289834565288,240.07418833054913,246.41278076171875,4153200,0.0,0.0
2013-05-29 00:00:00+09:00,261.466899226262,281.6711596210186,247.99739229642427,257.5052795410156,5471900,0.0,0.0
2013-05-30 00:00:00+09:00,252.35520912655807,257.5053154352633,237.69721424793536,242.84732055664062,1535100,0.0,0.0
2013-05-31 00:00:00+09:00,247.60126696368133,261.4669379136475,227.00084155230306,237.22181701660156,1528700,0.0,0.0
2013-06-03 00:00:00+09:00,232.4678296256578,234.52787662112908,219.0775604248047,219.0775604248047,1038200,0.0,0.0
2013-06-04 00:00:00+09:00,219.07760103467464,225.733118255462,209.88663716796293,221.6922607421875,1278200,0.0,0.0
2013-06-05 00:00:00+09:00,214.08594031637895,218.4437220282387,200.45795874554886,205.6873016357422,1256100,0.0,0.0
2013-06-06 00:00:00+09:00,206.0042126713967,225.25767364530083,191.26698339048164,194.11935424804688,1896200,0.0,0.0
2013-06-07 00:00:00+09:00,190.2369974529212,192.61396945563206,167.97268819156756,186.8300018310547,1246100,0.0,0.0
2013-06-10 00:00:00+09:00,191.66318676865194,201.72571208083536,190.47470066940878,199.66566467285156,755800,0.0,0.0
2013-06-11 00:00:00+09:00,189.52388679456612,193.24780694890543,182.23450885821822,184.61148071289062,839900,0.0,0.0
2013-06-12 00:00:00+09:00,180.0159922213145,186.1961212158203,172.72661457467586,186.1961212158203,772000,0.0,0.0
2013-06-13 00:00:00+09:00,181.75913180670116,181.917606288253,169.39888390970486,173.36050415039062,504700,0.0,0.0
2013-06-14 00:00:00+09:00,177.3221439474114,180.64990289861507,171.14201327237217,174.31130981445312,433900,0.0,0.0
2013-06-17 00:00:00+09:00,168.2895955942017,177.79748262415444,168.2895955942017,174.0735626220703,283500,0.0,0.0
2013-06-18 00:00:00+09:00,180.72909848280315,188.57310078013276,169.9534878879768,172.48892211914062,1148300,0.0,0.0
2013-06-19 00:00:00+09:00,182.2345252404918,183.4230112746689,164.80339673922737,169.4781036376953,971500,0.0,0.0
2013-06-20 00:00:00+09:00,162.90182870555785,165.35802599439543,156.16707431406192,160.5248565673828,1061400,0.0,0.0
2013-06-21 00:00:00+09:00,156.0878007417428,158.94017147958343,151.65078228063572,156.1670379638672,787400,0.0,0.0
2013-06-24 00:00:00+09:00,156.1670644594213,158.2270995952349,150.5415592514322,152.36390686035156,553200,0.0,0.0
2013-06-25 00:00:00+09:00,149.03613081464633,150.54154139261112,138.73592008778346,146.10452270507812,780500,0.0,0.0
2013-06-26 00:00:00+09:00,145.78760664302146,145.78760664302146,127.56415581264378,129.1488037109375,577500,0.0,100.0
2013-06-27 00:00:00+09:00,137.072037346619,140.2413330078125,125.18717861714337,140.2413330078125,653500,0.0,0.0
2013-06-28 00:00:00+09:00,141.03365359836155,148.16456866794164,137.8643580118815,142.61830139160156,812100,0.0,0.0
2013-07-01 00:00:00+09:00,138.6567007528769,147.37226480020058,137.86437674857473,146.57994079589844,656600,0.0,0.0
2013-07-02 00:00:00+09:00,144.99527737231963,186.1961212158203,144.20295345225233,186.1961212158203,14514500,0.0,0.0
2013-07-03 00:00:00+09:00,180.64990676258483,183.81920337245475,173.51898939037753,175.1036376953125,5666100,0.0,0.0
2013-07-04 00:00:00+09:00,180.64987660603353,209.17354133330198,179.85755258583163,197.28868103027344,15139300,0.0,0.0
2013-07-05 00:00:00+09:00,195.70405176117663,204.4196168193667,193.32707947257936,201.2503204345703,3569600,0.0,0.0
2013-07-08 00:00:00+09:00,209.1735118519176,209.1735118519176,190.95006195572782,191.7423858642578,2214900,0.0,0.0
2013-07-09 00:00:00+09:00,198.0810011586835,201.25029717722245,189.36543710770144,196.49635314941406,1722900,0.0,0.0
2013-07-10 00:00:00+09:00,194.91168149837776,196.49632931543775,189.36541413866783,191.7423858642578,1102600,0.0,0.0
2013-07-11 00:00:00+09:00,191.74238924800602,193.32703709303087,186.19612179041906,189.36541748046875,863500,0.0,0.0
2013-07-12 00:00:00+09:00,186.98844114124265,192.53470846322864,177.48055430355234,185.40379333496094,1049100,0.0,0.0
2013-07-16 00:00:00+09:00,183.81918334960938,188.57312774658203,180.64988708496094,183.81918334960938,721300,0.0,0.0
2013-07-17 00:00:00+09:00,181.4421844482422,182.23450839779784,179.06521259957526,181.4421844482422,349100,0.0,0.0
2013-07-18 00:00:00+09:00,182.23450839779784,183.8191562969091,176.68824075090834,181.4421844482422,2387100,0.0,0.0
2013-07-19 00:00:00+09:00,183.02681936868805,239.2818157980251,183.02681936868805,227.39695739746094,44518200,0.0,0.0
2013-07-22 00:00:00+09:00,220.26606354532362,272.5594455380983,213.13514781903618,250.37437438964844,68775700,0.0,0.0
2013-07-23 00:00:00+09:00,244.03576944040697,257.5052761952346,234.52788231935216,238.489501953125,21348100,0.0,0.0
2013-07-24 00:00:00+09:00,232.15090748766758,269.3901315556552,229.7739357386471,262.25921630859375,41044300,0.0,0.0
2013-07-25 00:00:00+09:00,260.67459347632627,275.72874933058216,245.6204376220703,245.6204376220703,18181000,0.0,0.0
2013-07-26 00:00:00+09:00,250.37438925210535,261.46692548479353,242.45114908589946,244.03579711914062,10418600,0.0,0.0
2013-07-29 00:00:00+09:00,244.8280795393319,252.751318359375,228.18927801724138,229.77392578125,5674100,0.0,0.0
2013-07-30 00:00:00+09:00,227.39696593284606,255.12830324172972,225.0199941635132,253.5436553955078,8785900,0.0,0.0
2013-07-31 00:00:00+09:00,257.50529750700923,285.23663723853326,245.6204376220703,245.6204376220703,30610300,0.0,0.0
2013-08-01 00:00:00+09:00,245.6204376220703,254.33600153769217,233.73557773713142,245.6204376220703,7569400,0.0,0.0
2013-08-02 00:00:00+09:00,250.37435249660328,273.35174560546875,247.20505689538044,273.35174560546875,9401000,0.0,0.0
2013-08-05 00:00:00+09:00,281.2750434875488,299.49849700927734,273.35180282592773,278.8980712890625,23205600,0.0,0.0
2013-08-06 00:00:00+09:00,303.4601173400879,316.13730239868164,295.5368766784668,304.25244140625,54491800,0.0,0.0
2013-08-07 00:00:00+09:00,297.9138222449022,312.17565416088155,293.15987827290905,298.7061462402344,17396200,0.0,0.0
2013-08-08 00:00:00+09:00,304.25240297011663,306.62937486832067,271.7671203613281,271.7671203613281,11224300,0.0,0.0
2013-08-09 00:00:00+09:00,278.10568346296037,279.69033123198005,261.46688188825334,266.2208251953125,6068200,0.0,0.0
2013-08-12 00:00:00+09:00,255.12830808498714,255.12830808498714,234.52788569303166,236.11253356933594,5902200,0.0,0.0
2013-08-13 00:00:00+09:00,245.62042082716152,252.75133627053074,235.3202096311838,236.11253356933594,5430400,0.0,0.0
2013-08-14 00:00:00+09:00,242.4511603416009,247.20510466202447,223.4353830599067,236.90489196777344,5661000,0.0,0.0
2013-08-15 00:00:00+09:00,231.35858994042312,239.28182932194446,227.39697024966244,236.11253356933594,2498500,0.0,0.0
2013-08-16 00:00:00+09:00,232.15096275200278,236.90490738173662,231.35863864704714,233.73561096191406,1169000,0.0,0.0
2013-08-19 00:00:00+09:00,234.52788569303166,239.28182932194446,232.15091387857527,236.11253356933594,1253100,0.0,0.0
2013-08-20 00:00:00+09:00,230.5662522602418,234.52787171488515,223.43533724188384,224.2276611328125,2014400,0.0,0.0
2013-08-21 00:00:00+09:00,233.7355566849758,244.03576765753405,226.60464139628164,228.9816131591797,7977500,0.0,0.0
2013-08-22 00:00:00+09:00,225.01999881082796,225.01999881082796,213.92746365818152,214.71978759765625,2093500,0.0,0.0
2013-08-23 00:00:00+09:00,221.05837911345424,221.85070305292896,212.342815779232,214.71978759765625,1661000,0.0,0.0
2013-08-26 00:00:00+09:00,218.68139143318967,232.94322130926724,210.75815261314656,229.77392578125,6547900,0.0,0.0
2013-08-27 00:00:00+09:00,227.396960067749,229.77393177577426,219.47372104099819,221.85069274902344,1621500,0.0,0.0
2013-08-28 00:00:00+09:00,213.1351931589954,216.30448971154553,208.38124833017025,209.9658966064453,1194000,0.0,0.0
2013-08-29 00:00:00+09:00,210.75819385324726,213.9274900014164,206.00424963099357,207.58889770507812,685200,0.0,0.0
2013-08-30 00:00:00+09:00,207.58889770507812,212.34284192733182,205.2119255939513,207.58889770507812,777000,0.0,0.0
2013-09-02 00:00:00+09:00,209.1735495784568,209.96587362989032,205.21192932128903,205.21192932128906,407700,0.0,0.0
2013-09-03 00:00:00+09:00,207.58885708512932,235.3201929552802,207.58885708512932,229.77392578125,7883300,0.0,0.0
2013-09-04 00:00:00+09:00,225.81230637122846,234.52786907327587,222.64301084321121,229.77392578125,1481100,0.0,0.0
2013-09-05 00:00:00+09:00,236.9048957824707,238.48954391479492,225.02003479003906,228.1893310546875,1167900,0.0,0.0
2013-09-06 00:00:00+09:00,226.60464721679688,227.39697115811435,215.51211203835229,217.8890838623047,1073700,0.0,0.0
2013-09-09 00:00:00+09:00,236.90487185391513,236.90487185391513,225.0200120619127,226.6046600341797,1440900,0.0,0.0
2013-09-10 00:00:00+09:00,229.77393588137372,231.35858371503838,221.05837279621815,222.6430206298828,1137000,0.0,0.0
2013-09-11 00:00:00+09:00,223.43533724188384,229.77392836931315,222.64301335095516,224.2276611328125,914200,0.0,0.0
2013-09-12 00:00:00+09:00,228.9816084374046,243.24343872070315,221.85069329575532,243.24343872070312,2833400,0.0,0.0
2013-09-13 00:00:00+09:00,249.58208468013677,259.8822976986821,244.0358161316893,247.9974365234375,4136800,0.0,0.0
2013-09-17 00:00:00+09:00,249.58203692768896,252.7513326347072,235.32020624610672,238.489501953125,1136200,0.0,0.0
2013-09-18 00:00:00+09:00,239.28187969660354,244.03582432633738,232.15096275200278,233.73561096191406,941000,0.0,0.0
2013-09-19 00:00:00+09:00,238.48954391479492,242.45116424560547,234.52792358398438,237.6972198486328,692200,0.0,0.0
2013-09-20 00:00:00+09:00,236.11252961335356,236.9048535382306,232.15090998896844,235.32020568847656,550000,0.0,0.0
2013-09-24 00:00:00+09:00,233.73555783872249,236.9048535382306,229.77393821433736,235.32020568847656,432700,0.0,0.0
2013-09-25 00:00:00+09:00,236.90485236883987,237.6971762898059,228.9816131591797,228.9816131591797,503400,0.0,0.0
2013-09-26 00:00:00+09:00,226.60465685743523,233.7355726326692,225.81233288240924,232.1509246826172,422000,0.0,0.0
2013-09-27 00:00:00+09:00,232.15088867590373,251.1666611271723,230.56624097163134,240.07412719726562,1527500,0.0,0.0
2013-09-30 00:00:00+09:00,237.6972198486328,240.86651611328125,234.52792358398438,237.6972198486328,433800,0.0,0.0
2013-10-01 00:00:00+09:00,244.03582432633738,247.9974448511156,232.15096275200278,233.73561096191406,724200,0.0,0.0
2013-10-02 00:00:00+09:00,237.6971680112832,239.2818157980251,225.81230961071904,227.39695739746094,714000,0.0,0.0
2013-10-03 00:00:00+09:00,225.81231226239885,228.1892839704241,221.85069274902344,221.85069274902344,397600,0.0,0.0
2013-10-04 00:00:00+09:00,220.2660903930664,237.6972198486328,214.71982192993164,237.6972198486328,759600,0.0,0.0
2013-10-07 00:00:00+09:00,233.73560315968535,253.54370512237054,225.02003829610385,244.82814025878906,3481600,0.0,0.0
2013-10-08 00:00:00+09:00,241.65880113640085,244.8280968890094,232.9432378167274,236.11253356933594,971600,0.0,0.0
2013-10-09 00:00:00+09:00,233.735553896105,237.69717345366607,225.81231478098277,234.5278778076172,607300,0.0,0.0
2013-10-10 00:00:00+09:00,236.11253356933594,244.03577295085728,233.7355617548795,236.11253356933594,879200,0.0,0.0
2013-10-11 00:00:00+09:00,241.65876894581075,241.65876894581075,230.56623528928174,232.94320678710938,476100,0.0,0.0
2013-10-15 00:00:00+09:00,234.5278544523278,238.4894736153739,230.56623528928174,232.94320678710938,503700,0.0,0.0
2013-10-16 00:00:00+09:00,233.7355726326692,235.3202205827212,230.5662767325652,232.1509246826172,181200,0.0,0.0
2013-10-17 00:00:00+09:00,233.73554519127157,236.1125168372845,228.18927801724138,229.77392578125,399100,0.0,0.0
2013-10-18 00:00:00+09:00,231.3585968017578,234.52789264835724,228.1893009551584,231.3585968017578,319300,0.0,0.0
2013-10-21 00:00:00+09:00,233.735584903073,248.78974121886415,232.94326088645244,244.03579711914062,1590100,0.0,0.0
2013-10-22 00:00:00+09:00,244.03583572084543,244.03583572084543,237.69724258523905,239.28189086914062,453100,0.0,0.0
2013-10-23 00:00:00+09:00,241.65885201147046,242.4511761164261,231.35863864704714,233.73561096191406,533900,0.0,0.0
2013-10-24 00:00:00+09:00,230.5662582500561,235.32020171912941,230.5662582500561,234.5278778076172,255400,0.0,0.0
2013-10-25 00:00:00+09:00,235.3202096311838,240.0741532600966,231.35858994042312,236.11253356933594,687500,0.0,0.0
2013-10-28 00:00:00+09:00,240.86647719824873,241.65880113640085,234.52788569303166,236.11253356933594,360600,0.0,0.0
2013-10-29 00:00:00+09:00,236.11252563064164,236.90484954215387,234.5278778076172,234.5278778076172,174100,0.0,0.0
2013-10-30 00:00:00+09:00,236.11252844787387,239.28182413173795,228.18928923821366,228.9816131591797,589600,0.0,0.0
2013-10-31 00:00:00+09:00,227.3969840203132,230.56627996484715,226.6046600341797,226.6046600341797,266400,0.0,0.0
2013-11-01 00:00:00+09:00,225.8123162972121,226.60464021404442,217.88907712888889,222.6430206298828,562500,0.0,0.0
2013-11-05 00:00:00+09:00,221.05840691099775,225.81235114564285,219.47375883278272,223.4353790283203,255600,0.0,0.0
2013-11-06 00:00:00+09:00,221.8507161173787,227.3969840203132,221.8507161173787,226.6046600341797,103100,0.0,0.0
2013-11-07 00:00:00+09:00,225.8123162972121,225.8123162972121,221.8506967130505,222.6430206298828,144200,0.0,0.0
2013-11-08 00:00:00+09:00,218.68141565426163,222.64303550307073,217.88909168449982,219.47373962402344,220900,0.0,0.0
2013-11-11 00:00:00+09:00,212.34281527058462,213.92746314573824,202.83492801966293,211.5504913330078,780600,0.0,0.0
2013-11-12 00:00:00+09:00,208.38121142096844,221.85071938354054,208.38121142096844,221.0583953857422,482800,0.0,0.0
2013-11-13 00:00:00+09:00,221.85070356889207,221.85070356889207,215.51211203835229,217.8890838623047,266800,0.0,0.0
2013-11-14 00:00:00+09:00,217.88907712888889,231.35858371503838,217.88907712888889,222.6430206298828,698600,0.0,0.0
2013-11-15 00:00:00+09:00,222.6430166516985,226.60463616507394,221.85069274902344,221.85069274902344,248800,0.0,0.0
2013-11-18 00:00:00+09:00,222.64303550307073,225.02000741235616,218.68141565426163,219.47373962402344,328700,0.0,0.0
2013-11-19 00:00:00+09:00,217.0967559814453,219.47372776226405,213.1351363467474,217.0967559814453,354800,0.0,0.0
2013-11-20 00:00:00+09:00,215.512111537131,218.68140729503,213.13513971870677,214.71978759765625,305800,0.0,0.0
2013-11-21 00:00:00+09:00,213.92746365818152,217.88908335555524,213.13513971870677,214.71978759765625,186400,0.0,0.0
2013-11-22 00:00:00+09:00,215.51213050956156,217.88910253724055,211.55051046342993,212.34283447265625,257800,0.0,0.0
2013-11-25 00:00:00+09:00,211.55051046342993,213.92748249110892,210.75818645420358,212.34283447265625,200400,0.0,0.0
2013-11-26 00:00:00+09:00,210.75817519404188,213.13514709472656,209.96585122714697,213.13514709472656,253600,0.0,0.0
2013-11-27 00:00:00+09:00,210.75817871093747,213.9274746314027,209.17353075070488,210.7581787109375,246800,0.0,0.0
2013-11-28 00:00:00+09:00,212.3428690208579,213.1351931589954,209.9658966064453,209.9658966064453,121900,0.0,0.0
2013-11-29 00:00:00+09:00,211.5505332099067,217.09680187084058,211.5505332099067,213.92750549316406,333100,0.0,0.0
2013-12-02 00:00:00+09:00,216.304451398952,224.2276913769356,215.51212740115366,221.0583953857422,560500,0.0,0.0
2013-12-03 00:00:00+09:00,224.22767539284447,224.22767539284447,215.51211203835229,217.8890838623047,317100,0.0,0.0
2013-12-04 00:00:00+09:00,213.92747106162145,216.30444296230613,212.34282312783165,213.13514709472656,228900,0.0,0.0
2013-12-05 00:00:00+09:00,210.7581823080665,212.34283029534518,208.38121032714844,208.38121032714844,329700,0.0,0.0
2013-12-06 00:00:00+09:00,209.17353432078778,211.55050630170584,206.79656233986975,208.38121032714844,256600,0.0,0.0
2013-12-09 00:00:00+09:00,209.9658966064453,213.1351931589954,207.58892419203272,209.9658966064453,161600,0.0,0.0
2013-12-10 00:00:00+09:00,209.96584689978397,209.96584689978397,207.5888750480883,209.17352294921875,212700,0.0,0.0
2013-12-11 00:00:00+09:00,207.5888863335091,209.96585831442715,206.79656233986975,208.38121032714844,214100,0.0,0.0
2013-12-12 00:00:00+09:00,206.79656233986975,209.17353432078778,206.0042383462304,208.38121032714844,180200,0.0,0.0
2013-12-13 00:00:00+09:00,206.79654770754698,214.71978708331505,206.79654770754698,211.5504913330078,634000,0.0,0.0
2013-12-16 00:00:00+09:00,209.96587362989032,213.13516983562454,204.4196052698555,205.21192932128906,359600,0.0,0.0
2013-12-17 00:00:00+09:00,206.00424963099357,209.1735457791627,205.2119255939513,207.58889770507812,219400,0.0,0.0
2013-12-18 00:00:00+09:00,207.5888750480883,209.17352294921875,206.7965510975231,209.17352294921875,103900,0.0,0.0
2013-12-19 00:00:00+09:00,209.965869816205,209.965869816205,206.79657366803585,207.58889770507812,192300,0.0,0.0
2013-12-20 00:00:00+09:00,211.55049432607797,211.55049432607797,204.4195787869967,206.0042266845703,433100,0.0,0.0
2013-12-24 00:00:00+09:00,203.6272850036621,206.79658126831055,198.87334060668945,199.66566467285156,348500,0.0,0.0
2013-12-25 00:00:00+09:00,198.08100505047534,199.66565309087915,193.32706092926395,197.28868103027344,405300,0.0,0.0
2013-12-26 00:00:00+09:00,209.88160947114804,219.95592672576313,209.88160947114804,217.43734741210938,282600,14.0,0.0
2013-12-27 00:00:00+09:00,220.7954194266841,222.47447204589844,215.7582615690411,222.47447204589844,340300,0.0,0.0
2013-12-30 00:00:00+09:00,226.672085066487,226.672085066487,221.63492762056507,223.31398010253906,325500,0.0,0.0
2014-01-06 00:00:00+09:00,222.47447204589844,224.15352466511277,219.95589311707695,222.47447204589844,212100,0.0,0.0
2014-01-07 00:00:00+09:00,219.95591735839844,221.634970162661,217.43733815200454,219.95591735839844,217000,0.0,0.0
2014-01-08 00:00:00+09:00,220.79542240952,223.31400137236622,219.95589608857125,221.63494873046875,145600,0.0,0.0
2014-01-09 00:00:00+09:00,222.4744965647923,222.4744965647923,218.27686455413584,219.95591735839844,138700,0.0,0.0
2014-01-10 00:00:00+09:00,218.27682495117188,220.79540370060846,217.43729870135965,218.27682495117188,172300,0.0,0.0
2014-01-14 00:00:00+09:00,214.07921184193003,232.54879090280244,213.23968552098128,221.63494873046875,969000,0.0,0.0
2014-01-15 00:00:00+09:00,222.4744544785841,233.38829564168446,222.4744544785841,227.51161193847656,446700,0.0,0.0
2014-01-16 00:00:00+09:00,231.70925434620307,252.69741144277944,230.03020177847696,245.981201171875,2359200,0.0,0.0
2014-01-17 00:00:00+09:00,240.10450514701947,245.14166259765625,238.42545266347386,245.14166259765625,496600,0.0,0.0
2014-01-20 00:00:00+09:00,247.66021221667737,247.66021221667737,236.74637235628143,240.10447692871094,346700,0.0,0.0
2014-01-21 00:00:00+09:00,242.62308917129246,244.30214169150904,238.42545787075107,239.26498413085938,232000,0.0,0.0
2014-01-22 00:00:00+09:00,240.94403076171875,242.6230832408945,235.90687332419154,240.94403076171875,185200,0.0,0.0
2014-01-23 00:00:00+09:00,243.46260882438497,244.30213506171043,236.74639892578125,236.74639892578125,187400,0.0,0.0
2014-01-24 00:00:00+09:00,231.70923795631464,235.90686907871162,230.86971173183522,233.38829040527344,188500,0.0,0.0
2014-01-27 00:00:00+09:00,228.351128673908,230.86970729898786,225.83255004882812,225.83255004882812,298500,0.0,0.0
2014-01-28 00:00:00+09:00,223.313989440007,237.58593613354128,223.313989440007,224.9930419921875,286000,0.0,0.0
2014-01-29 00:00:00+09:00,229.19065080418704,235.9068603515625,227.51159841734318,235.9068603515625,219900,0.0,0.0
2014-01-30 00:00:00+09:00,230.8697509765625,230.8697509765625,224.99306640625,226.672119140625,207100,0.0,0.0
2014-01-31 00:00:00+09:00,227.5116517969864,229.19070457777596,214.91875594106463,220.79544067382812,400000,0.0,0.0
2014-02-03 00:00:00+09:00,214.91873054979254,214.91873054979254,198.96773101680012,202.32583618164062,446700,0.0,0.0
2014-02-04 00:00:00+09:00,175.46097547118015,191.41197324128743,175.46097547118015,182.17718505859375,649700,0.0,0.0
2014-02-05 00:00:00+09:00,192.25152220292526,193.09104850075462,177.979575139826,184.69578552246094,408200,0.0,0.0
2014-02-06 00:00:00+09:00,182.1771775309245,193.9305438232422,180.4981252034505,188.8933868408203,342200,0.0,0.0
2014-02-07 00:00:00+09:00,189.73291400411856,196.4491233493971,189.73291400411856,193.0910186767578,197200,0.0,0.0
2014-02-10 00:00:00+09:00,198.12817206264526,205.68390743791565,196.44911975702962,203.1653289794922,209200,0.0,0.0
2014-02-12 00:00:00+09:00,205.68394134648113,205.68394134648113,199.80725730801026,202.32583618164062,188600,0.0,0.0
2014-02-13 00:00:00+09:00,198.96771161309604,200.64676403177197,193.09102814773033,194.77008056640625,247000,0.0,0.0
2014-02-14 00:00:00+09:00,194.77012654443143,195.60965295195052,184.69580965420224,190.57249450683594,335400,0.0,0.0
2014-02-17 00:00:00+09:00,210.72108822303795,257.73455810546875,198.12819450452972,257.73455810546875,29199300,0.0,0.0
2014-02-18 00:00:00+09:00,282.08081437353053,322.3780735697492,265.29028970843945,267.8088684082031,48253600,0.0,0.0
2014-02-19 00:00:00+09:00,271.16697120666504,282.08081215306333,254.37644667374462,255.21597290039062,7661900,0.0,0.0
2014-02-20 00:00:00+09:00,261.9321581446482,314.82230546231756,259.4135797009497,280.4017333984375,32779500,0.0,0.0
2014-02-21 00:00:00+09:00,276.20414342880247,283.7598798751831,261.9321968078613,268.6484069824219,5950600,0.0,0.0
2014-02-24 00:00:00+09:00,265.29033819326577,272.84607567345375,256.05554793970276,262.7717590332031,2510900,0.0,0.0
2014-02-25 00:00:00+09:00,263.61123516685086,265.2902876201429,250.1788155405145,255.21597290039062,1481200,0.0,0.0
2014-02-26 00:00:00+09:00,267.8089111328125,284.5994384765625,258.57412109374997,260.253173828125,6868800,0.0,0.0
2014-02-27 00:00:00+09:00,258.5740897623698,262.771721089681,250.17882710774742,251.85787963867188,1428800,0.0,0.0
2014-02-28 00:00:00+09:00,251.0182937829673,257.73450231227747,244.30208525365714,246.82066345214844,1019100,0.0,0.0
2014-03-03 00:00:00+09:00,240.10450514701947,254.376451257157,237.5859264217011,245.14166259765625,943300,0.0,0.0
2014-03-04 00:00:00+09:00,254.37645489460712,260.2531386710502,245.14166610305372,248.49977111816406,1729500,0.0,0.0
2014-03-05 00:00:00+09:00,251.85787613327437,253.53692864082956,246.8207186106089,248.49977111816406,420800,0.0,0.0
2014-03-06 00:00:00+09:00,253.53694510996533,272.8460502011216,253.53694510996533,261.0926818847656,6712600,0.0,0.0
2014-03-07 00:00:00+09:00,261.09266309707095,264.45076808867316,255.2159793617671,257.73455810546875,786300,0.0,0.0
2014-03-10 00:00:00+09:00,257.7345887208596,266.96937854473407,256.05553602560974,261.9322204589844,658200,0.0,0.0
2014-03-11 00:00:00+09:00,260.25313026026674,261.0926564869128,254.37644667374462,255.21597290039062,478500,0.0,0.0
2014-03-12 00:00:00+09:00,252.69740590413411,255.21598470052083,250.17882710774742,251.85787963867188,368600,0.0,0.0
2014-03-13 00:00:00+09:00,250.17880249023438,251.85785485594064,245.14164539311557,250.17880249023438,316200,0.0,0.0
2014-03-14 00:00:00+09:00,243.46257455778627,246.8206790344454,236.74636560446802,237.5858917236328,804900,0.0,0.0
2014-03-17 00:00:00+09:00,237.58595242343105,243.46263675899294,227.51163641961065,229.19068908691406,561700,0.0,0.0
2014-03-18 00:00:00+09:00,235.06734285423224,236.74639530319104,231.70923795631464,233.38829040527344,317100,0.0,0.0
2014-03-19 00:00:00+09:00,237.58589910333808,241.78352982954544,229.1906376509233,230.86968994140625,335900,0.0,0.0
2014-03-20 00:00:00+09:00,230.03024398037826,231.70929685614743,215.75829453634017,217.43734741210938,657400,0.0,0.0
2014-03-24 00:00:00+09:00,218.2768317834655,226.672094544368,214.91872667910448,224.9930419921875,399800,0.0,0.0
2014-03-25 00:00:00+09:00,223.3140324773015,224.1535589151861,216.59782097422476,217.43734741210938,281000,0.0,0.0
2014-03-26 00:00:00+09:00,218.27682495117188,221.63492995042066,215.75824620173526,218.27682495117188,357400,0.0,0.0
2014-03-27 00:00:00+09:00,214.91872667910448,226.672094544368,214.91872667910448,224.9930419921875,289200,0.0,0.0
2014-03-28 00:00:00+09:00,224.99304862644362,231.70925903320312,224.15352232559866,231.70925903320312,146700,0.0,0.0
2014-03-31 00:00:00+09:00,235.06740358140732,241.7836151123047,234.22787714004517,241.7836151123047,472100,0.0,0.0
2014-04-01 00:00:00+09:00,244.30213572007023,244.30213572007023,236.7463995637794,240.94403076171875,303800,0.0,0.0
2014-04-02 00:00:00+09:00,242.62314155366684,242.62314155366684,239.26503578821817,241.7836151123047,253200,0.0,0.0
2014-04-03 00:00:00+09:00,247.6602406784217,248.49976691800958,240.10450452213087,240.94403076171875,429100,0.0,0.0
2014-04-04 00:00:00+09:00,243.46261984528505,261.092671627185,240.94404101929936,251.0183563232422,2316500,0.0,0.0
2014-04-07 00:00:00+09:00,245.14166259765625,247.66024132297463,240.10450514701947,245.14166259765625,499300,0.0,0.0
2014-04-08 00:00:00+09:00,241.78356344288792,246.82072101461478,240.104510918979,243.46261596679688,362900,0.0,0.0
2014-04-09 00:00:00+09:00,243.46261596679688,249.3392998004782,241.78356344288792,243.46261596679688,298800,0.0,0.0
2014-04-10 00:00:00+09:00,248.49975502040377,254.37643841615656,240.10449302647123,244.3021240234375,539800,0.0,0.0
2014-04-11 00:00:00+09:00,245.14169350648538,266.96937854473407,240.1045354207357,261.9322204589844,7824600,0.0,0.0
2014-04-14 00:00:00+09:00,267.80891735332847,271.1670229000786,259.4136534864529,262.7717590332031,3756100,0.0,0.0
2014-04-15 00:00:00+09:00,265.29031342632135,266.12983973463247,256.8950503432099,261.0926818847656,1399000,0.0,0.0
2014-04-16 00:00:00+09:00,263.61124935150144,270.327459526062,260.2531442642212,268.6484069824219,1560700,0.0,0.0
2014-04-17 00:00:00+09:00,272.84600260789966,281.2412642266043,265.29026715106556,274.5250549316406,4013600,0.0,0.0
2014-04-18 00:00:00+09:00,281.2412197457806,288.79695400760755,276.2040635712293,287.9574279785156,5128000,0.0,0.0
2014-04-21 00:00:00+09:00,287.9575312188331,298.8713735099259,275.36463626757217,276.20416259765625,4863000,0.0,0.0
2014-04-22 00:00:00+09:00,277.04369471623346,282.92037914960815,261.9322204589844,261.9322204589844,2358300,0.0,0.0
2014-04-23 00:00:00+09:00,266.129815941694,269.48792087471224,261.9321847754212,267.8088684082031,948400,0.0,0.0
2014-04-24 00:00:00+09:00,265.29029036156925,275.3646051854263,265.29029036156925,272.0065002441406,970700,0.0,0.0
2014-04-25 00:00:00+09:00,268.6483571499209,272.0064616142949,262.7716743372664,265.2902526855469,718000,0.0,0.0
2014-04-28 00:00:00+09:00,262.7717345013879,264.4507871180102,256.8950503432099,261.0926818847656,588400,0.0,0.0
2014-04-30 00:00:00+09:00,259.41362560348006,259.41362560348006,253.5369415283203,253.5369415283203,492700,0.0,0.0
2014-05-01 00:00:00+09:00,256.05551857618417,266.9693603515625,253.536939704943,266.9693603515625,537700,0.0,0.0
2014-05-02 00:00:00+09:00,265.29027268629807,272.84600830078125,261.092641789363,272.84600830078125,828500,0.0,0.0
2014-05-07 00:00:00+09:00,268.6484375,269.4879638671875,262.77175292968747,264.4508056640625,540500,0.0,0.0
2014-05-08 00:00:00+09:00,265.29027829007833,273.6855402612834,260.25312110735535,271.1669616699219,669700,0.0,0.0
2014-05-09 00:00:00+09:00,271.1670340478948,285.4389832083103,268.648454784292,284.5994567871094,1319600,0.0,0.0
2014-05-12 00:00:00+09:00,285.43893241882324,294.67372140884396,267.8088807106018,268.6484069824219,2103300,0.0,0.0
2014-05-13 00:00:00+09:00,275.3645709809803,282.0807800292969,270.32741419474286,282.0807800292969,840700,0.0,0.0
2014-05-14 00:00:00+09:00,285.43897098338107,289.6366029096073,277.88323351617396,283.7599182128906,1702600,0.0,0.0
2014-05-15 00:00:00+09:00,282.080859375,285.43896484375,275.36464843749997,281.2413330078125,803600,0.0,0.0
2014-05-16 00:00:00+09:00,277.88321525782436,281.2413205781606,268.64842562689967,276.20416259765625,1139900,0.0,0.0
2014-05-19 00:00:00+09:00,274.5250961501877,276.2041487260298,257.73457039176645,258.5740966796875,721300,0.0,0.0
2014-05-20 00:00:00+09:00,258.5740711300872,260.25312354002284,250.17880908040905,252.6973876953125,897800,0.0,0.0
2014-05-21 00:00:00+09:00,253.53696289062498,261.9322265625,251.85791015625,260.253173828125,726600,0.0,0.0
2014-05-22 00:00:00+09:00,260.2531500282527,269.4879392228036,260.2531500282527,266.9693603515625,460100,0.0,0.0
2014-05-23 00:00:00+09:00,266.9692868013111,272.84596921517647,266.1297607421875,266.1297607421875,406500,0.0,0.0
2014-05-26 00:00:00+09:00,268.6484375,282.9203857421875,268.6484375,281.2413330078125,1222500,0.0,0.0
2014-05-27 00:00:00+09:00,279.5622554872094,282.0808343654726,275.3646240234375,275.3646240234375,382300,0.0,0.0
2014-05-28 00:00:00+09:00,276.20418074568346,287.11802375387157,275.36465436043824,283.7599182128906,1041800,0.0,0.0
2014-05-29 00:00:00+09:00,282.9203676464271,287.95752552737235,278.7227360789727,286.2784729003906,811400,0.0,0.0
2014-05-30 00:00:00+09:00,284.59942589849686,285.43895222858094,275.36463626757217,276.20416259765625,712600,0.0,0.0
2014-06-02 00:00:00+09:00,279.562207250538,282.9203118421361,277.0436288068395,280.4017333984375,380100,0.0,0.0
2014-06-03 00:00:00+09:00,283.75982337869624,314.8222892515121,282.92029727402553,312.3037109375,8309700,0.0,0.0
2014-06-04 00:00:00+09:00,311.46420858739833,320.6989964430894,304.74799923780483,309.78515625,5137400,0.0,0.0
2014-06-05 00:00:00+09:00,311.46420858739833,312.3037347560975,300.5503683943089,309.78515625,1278000,0.0,0.0
2014-06-06 00:00:00+09:00,312.30376609761447,322.3780811330214,307.266608579911,313.9828186035156,3060200,0.0,0.0
2014-06-09 00:00:00+09:00,322.37811367753625,347.56390380859375,319.0200083267286,347.56390380859375,8396200,0.0,0.0
2014-06-10 00:00:00+09:00,346.7243223468077,350.9219533679555,333.2919030791348,345.8847961425781,5384700,0.0,0.0
2014-06-11 00:00:00+09:00,346.72436100352894,392.0587810863148,346.72436100352894,369.3915710449219,24128200,0.0,0.0
2014-06-12 00:00:00+09:00,362.67532387262656,408.0097393567049,360.9962714472904,397.9354248046875,28367300,0.0,0.0
2014-06-13 00:00:00+09:00,394.577392578125,403.8121826171875,385.34260253906245,398.7750244140625,9245300,0.0,0.0
2014-06-16 00:00:00+09:00,392.8982837127286,397.0959149489757,377.78681126223904,384.5030212402344,4366100,0.0,0.0
2014-06-17 00:00:00+09:00,380.3053511373113,381.9844034602133,370.23103719989905,373.5891418457031,2316900,0.0,0.0
2014-06-18 00:00:00+09:00,371.91006725723906,388.7005894810422,371.07054114604887,380.3053283691406,2458800,0.0,0.0
2014-06-19 00:00:00+09:00,381.9844220135663,383.6634744180215,370.23105518237963,372.7496337890625,1684200,0.0,0.0
2014-06-20 00:00:00+09:00,375.2681951904297,395.4168231201172,370.2310382080078,377.7867736816406,5027000,0.0,0.0
2014-06-23 00:00:00+09:00,376.9473138399864,382.82399802011986,366.03347179116724,367.7125244140625,2005900,0.0,0.0
2014-06-24 00:00:00+09:00,367.71254271064254,376.107806242849,359.3172791784361,366.8730163574219,2444600,0.0,0.0
2014-06-25 00:00:00+09:00,363.51487336068783,371.07060975848503,355.1196106964687,355.9591369628906,1489800,0.0,0.0
2014-06-26 00:00:00+09:00,355.9591252692392,360.9962827022945,352.601020313869,359.3172302246094,1112500,0.0,0.0
2014-06-27 00:00:00+09:00,360.1567499138327,367.712485926011,351.76148767807905,356.79864501953125,1807200,0.0,0.0
2014-06-30 00:00:00+09:00,355.9590934244792,380.3053521728516,355.1195672607422,377.7867736816406,3181700,0.0,0.0
2014-07-01 00:00:00+09:00,376.1077628968254,383.66349920502057,368.5520265886302,370.2310791015625,1675200,0.0,0.0
2014-07-02 00:00:00+09:00,374.4287288318981,379.4658866188743,369.3915710449219,369.3915710449219,1053100,0.0,0.0
2014-07-03 00:00:00+09:00,371.07058138460724,374.4286861935177,365.1938979690139,372.7496337890625,725200,0.0,0.0
2014-07-04 00:00:00+09:00,372.74968228274827,381.98447170867223,366.03347179116724,367.7125244140625,1355200,0.0,0.0
2014-07-07 00:00:00+09:00,370.23105978663966,400.4540034426919,367.7124811486353,397.9354248046875,5177300,0.0,0.0
2014-07-08 00:00:00+09:00,393.7378165354698,404.6516579319753,381.98444887769455,387.0216064453125,3355400,0.0,0.0
2014-07-09 00:00:00+09:00,376.9472758676814,384.5030119095726,362.6753300107759,365.19390869140625,1893900,0.0,0.0
2014-07-10 00:00:00+09:00,364.3543726356284,370.23105606523535,344.20574373411904,345.8847961425781,1778500,0.0,0.0
2014-07-11 00:00:00+09:00,339.1685791015625,348.403367146407,334.9709481720877,339.1685791015625,1417700,0.0,0.0
2014-07-14 00:00:00+09:00,339.1686399837484,345.8848506764959,329.09432394462715,334.97100830078125,1162700,0.0,0.0
2014-07-15 00:00:00+09:00,339.16863477258386,360.15679286494674,336.65005580150034,353.4405822753906,1630800,0.0,0.0
2014-07-16 00:00:00+09:00,346.72434650598353,356.79866165869976,341.6871889296254,343.3662414550781,614900,0.0,0.0
2014-07-17 00:00:00+09:00,340.0081169128418,344.2057479858399,334.13143341064455,335.81048583984375,601300,0.0,0.0
2014-07-18 00:00:00+09:00,329.933826052572,334.9709837022296,329.933826052572,333.29193115234375,451200,0.0,0.0
2014-07-22 00:00:00+09:00,336.6500609739681,340.8476926569353,331.6129029544075,334.97100830078125,465800,0.0,0.0
2014-07-23 00:00:00+09:00,337.489569317853,346.724358528043,333.29193785867574,340.0081481933594,442800,0.0,0.0
2014-07-24 00:00:00+09:00,339.1685965839942,340.8476490423308,332.45238675064775,334.1314392089844,467400,0.0,0.0
2014-07-25 00:00:00+09:00,339.1685965839942,339.1685965839942,331.6128605214795,334.1314392089844,375800,0.0,0.0
2014-07-28 00:00:00+09:00,336.6499948736482,340.8476257324219,332.45236401487455,340.8476257324219,509600,0.0,0.0
2014-07-29 00:00:00+09:00,340.8476556411705,340.8476556411705,335.8104981686409,336.6500244140625,537100,0.0,0.0
2014-07-30 00:00:00+09:00,336.6500609739681,338.329113647155,334.1314819641878,334.97100830078125,329200,0.0,0.0
2014-07-31 00:00:00+09:00,335.81046672782514,338.3290452282838,331.6128358937273,332.4523620605469,441600,0.0,0.0
2014-08-01 00:00:00+09:00,325.7361755371094,329.9338066651649,323.21759686027605,325.7361755371094,495700,0.0,0.0
2014-08-04 00:00:00+09:00,321.5385866140645,331.612902643748,320.69906027825755,326.57574462890625,349200,0.0,0.0
2014-08-05 00:00:00+09:00,324.8966369628906,330.77332031880854,323.2175845754855,324.8966369628906,238400,0.0,0.0
2014-08-06 00:00:00+09:00,321.5385925133191,324.0571715669482,319.85953981089966,320.6990661621094,259500,0.0,0.0
2014-08-07 00:00:00+09:00,320.6990117060673,329.0942737926136,319.0199592887581,323.21759033203125,346400,0.0,0.0
2014-08-08 00:00:00+09:00,319.85953981089966,325.73622426936765,318.18048710848024,320.6990661621094,393500,0.0,0.0
2014-08-11 00:00:00+09:00,354.2800935026887,387.86114501953125,350.9219883510045,387.86114501953125,13564900,0.0,0.0
2014-08-12 00:00:00+09:00,386.1820987168179,398.7749932401924,378.6263620027932,390.3797302246094,11778000,0.0,0.0
2014-08-13 00:00:00+09:00,392.8983223909273,419.7631649475719,387.0216380816613,412.2074279785156,12092100,0.0,0.0
2014-08-14 00:00:00+09:00,408.8492507472183,415.5654602050781,397.09588419596355,415.5654602050781,4326700,0.0,0.0
2014-08-15 00:00:00+09:00,418.92356851818494,435.71409230648896,417.2445161393546,432.3559875488281,6785200,0.0,0.0
2014-08-18 00:00:00+09:00,442.4303955078125,508.752978515625,438.232763671875,495.320556640625,11810000,0.0,0.0
2014-08-19 00:00:00+09:00,482.7276252603612,498.67862505157314,464.2580465547474,492.80194091796875,8100600,0.0,0.0
2014-08-20 00:00:00+09:00,496.9994755497685,516.3085767957899,475.171795880353,476.0113220214844,5738300,0.0,0.0
2014-08-21 00:00:00+09:00,470.1347066945043,490.28333698141165,470.1347066945043,486.92523193359375,2844800,0.0,0.0
2014-08-22 00:00:00+09:00,486.92519898541207,502.03667067806276,469.29514867731956,474.3323059082031,3413900,0.0,0.0
2014-08-25 00:00:00+09:00,473.4926765477826,554.0871746835753,471.8136245032869,534.778076171875,7864700,0.0,0.0
2014-08-26 00:00:00+09:00,532.259716796875,539.8154541015625,514.6296630859375,524.7039794921875,4062500,0.0,0.0
2014-08-27 00:00:00+09:00,516.3086847983117,534.7782637667065,503.7157900471333,507.9134216308594,2464200,0.0,0.0
2014-08-28 00:00:00+09:00,513.79013671875,527.22255859375,490.28339843749995,499.5181884765625,2414600,0.0,0.0
2014-08-29 00:00:00+09:00,495.3205743799069,514.6296815167507,486.92531040736606,511.2715759277344,2201700,0.0,0.0
2014-09-01 00:00:00+09:00,508.75296005274413,519.6668024301132,499.5181703488164,504.5553283691406,1046300,0.0,0.0
2014-09-02 00:00:00+09:00,506.2342784314007,507.91333076450655,481.0484934348136,485.2461242675781,2065100,0.0,0.0
2014-09-03 00:00:00+09:00,484.40665314773037,502.87623091072874,481.04854809991247,486.92523193359375,1493000,0.0,0.0
2014-09-04 00:00:00+09:00,480.2090077501662,488.60427012342086,472.653271614237,473.4927978515625,804900,0.0,0.0
2014-09-05 00:00:00+09:00,477.69037664240057,480.20895507812503,460.06032759232954,461.7393798828125,1017800,0.0,0.0
2014-09-08 00:00:00+09:00,465.93709916434864,497.8390987467725,456.70230981154174,492.80194091796875,1782600,0.0,0.0
2014-09-09 00:00:00+09:00,500.3575981262533,502.0366504689589,469.29512978620073,470.97418212890625,1670500,0.0,0.0
2014-09-10 00:00:00+09:00,464.2580261230469,470.97423626587573,460.0603947837788,464.2580261230469,1026900,0.0,0.0
2014-09-11 00:00:00+09:00,466.7765684385557,476.85088286528713,463.41846362964526,465.9370422363281,821700,0.0,0.0
2014-09-12 00:00:00+09:00,463.4185546875,470.9742919921875,450.8256591796875,457.5418701171875,901400,0.0,0.0
2014-09-16 00:00:00+09:00,460.0604308411315,467.6161678439968,455.0232728392213,458.3813781738281,591900,0.0,0.0
2014-09-17 00:00:00+09:00,463.4184803682215,463.4184803682215,453.344165577608,456.7022705078125,416900,0.0,0.0
2014-09-18 00:00:00+09:00,456.7023804385359,460.9000126116842,453.34427470001725,455.86285400390625,382600,0.0,0.0
2014-09-19 00:00:00+09:00,457.54183396049166,464.25804436725116,453.344202456267,463.41851806640625,571100,0.0,0.0
2014-09-22 00:00:00+09:00,462.5789037633825,481.0484788682725,462.5789037633825,476.0113220214844,926900,0.0,0.0
2014-09-24 00:00:00+09:00,471.81373306193103,476.85089035440717,467.6161019848676,472.65325927734375,441700,0.0,0.0
2014-09-25 00:00:00+09:00,475.17187706548754,498.6786130333915,472.6532982117835,496.1600341796875,1724700,0.0,0.0
2014-09-26 00:00:00+09:00,485.2462341202813,506.2343930355184,478.53002326740545,484.4067077636719,2103600,0.0,0.0
2014-09-29 00:00:00+09:00,486.92513069191693,497.83896982811507,479.36939590531824,494.4808654785156,883200,0.0,0.0
2014-09-30 00:00:00+09:00,496.1601268450419,517.1482878790961,473.4929129282633,483.5672302246094,2752900,0.0,0.0
2014-10-01 00:00:00+09:00,481.88813476562495,486.08576660156245,457.5418701171875,457.5418701171875,1329700,0.0,0.0
2014-10-02 00:00:00+09:00,445.7884339640911,463.41848502481787,441.5908027591562,446.6279602050781,954000,0.0,0.0
2014-10-03 00:00:00+09:00,443.2698616384346,455.0232291818779,441.5908091322284,449.14654541015625,491400,0.0,0.0
2014-10-06 00:00:00+09:00,461.73942790311924,465.9370590658749,451.66511311250576,456.7022705078125,412200,0.0,0.0
2014-10-07 00:00:00+09:00,453.3441946682272,455.02324724107245,444.1094055175781,444.1094055175781,644100,0.0,0.0
2014-10-08 00:00:00+09:00,436.5536504836309,442.43033424014135,429.83744047619047,440.75128173828125,454700,0.0,0.0
2014-10-09 00:00:00+09:00,446.62791183531994,449.1464902855191,423.121179633461,424.80023193359375,650700,0.0,0.0
2014-10-10 00:00:00+09:00,416.40505962799136,419.7631649475719,408.00979632903994,412.2074279785156,880500,0.0,0.0
2014-10-14 00:00:00+09:00,408.0097608451384,427.3188647534474,402.13307704695734,418.0840759277344,921300,0.0,0.0
2014-10-15 00:00:00+09:00,420.60262981537846,422.2816822298111,408.00973670713364,416.4049987792969,557200,0.0,0.0
2014-10-16 00:00:00+09:00,409.6888427734375,418.92363226218305,403.81215855332675,409.6888427734375,621500,0.0,0.0
2014-10-17 00:00:00+09:00,418.0840562691718,431.5164757476994,409.688794095092,410.5283203125,552300,0.0,0.0
2014-10-20 00:00:00+09:00,427.3189030096307,438.23274532618314,421.44221868533316,437.3932189941406,642900,0.0,0.0
2014-10-21 00:00:00+09:00,435.71415320670246,436.55367951345914,420.60267968508276,423.9607849121094,493300,0.0,0.0
2014-10-22 00:00:00+09:00,428.99787147242665,437.3931331450769,422.2816621343065,435.7140808105469,340200,0.0,0.0
2014-10-23 00:00:00+09:00,430.6769661536583,440.7512811514047,428.15838740422174,436.55364990234375,410100,0.0,0.0
2014-10-24 00:00:00+09:00,439.9117417391172,443.2698466378891,429.83742704280155,431.5164794921875,338600,0.0,0.0
2014-10-27 00:00:00+09:00,432.3560057168805,434.8745843909594,424.8002696946437,431.5164794921875,196400,0.0,0.0
2014-10-28 00:00:00+09:00,428.99795567371564,437.3932189941406,426.47937667758816,437.3932189941406,340100,0.0,0.0
2014-10-29 00:00:00+09:00,436.5536617308624,439.07224054854044,433.195556640625,433.195556640625,201500,0.0,0.0
2014-10-30 00:00:00+09:00,434.8746335511087,436.55368619030213,428.1584229943348,430.677001953125,235100,0.0,0.0
2014-10-31 00:00:00+09:00,433.19553662909834,464.2580072788593,429.83743169398906,460.89990234375,1179300,0.0,0.0
2014-11-04 00:00:00+09:00,475.1718862782354,477.6904651807702,453.344202456267,463.41851806640625,721300,0.0,0.0
2014-11-05 00:00:00+09:00,457.5418044249502,467.6161193847656,455.02322568499636,467.6161193847656,251800,0.0,0.0
2014-11-06 00:00:00+09:00,468.4556437699997,476.01137995983845,451.6651189036915,455.0232238769531,673700,0.0,0.0
2014-11-07 00:00:00+09:00,455.8626990182059,470.1346435546875,455.8626990182059,470.1346435546875,483900,0.0,0.0
2014-11-10 00:00:00+09:00,461.7394441856253,464.25802297209236,431.51649874802075,439.0722351074219,1047700,0.0,0.0
2014-11-11 00:00:00+09:00,439.9117781802477,439.9117781802477,418.92362082431987,421.44219970703125,845000,0.0,0.0
2014-11-12 00:00:00+09:00,418.0840182834201,420.6025967068142,406.330652307581,408.00970458984375,888500,0.0,0.0
2014-11-13 00:00:00+09:00,401.29352299068637,402.1330491894117,391.21920860598294,395.4168395996094,853000,0.0,0.0
2014-11-14 00:00:00+09:00,396.2564453125,402.97265625,392.89833984374997,398.7750244140625,503900,0.0,0.0
2014-11-17 00:00:00+09:00,398.7749367501772,398.7749367501772,387.0215701933298,388.70062255859375,554900,0.0,0.0
2014-11-18 00:00:00+09:00,387.0216195058014,396.25640869140625,384.50304063700014,396.25640869140625,596800,0.0,0.0
2014-11-19 00:00:00+09:00,400.4539738219068,409.6887614781772,398.7749215207667,402.1330261230469,416200,0.0,0.0
2014-11-20 00:00:00+09:00,412.20739266791827,433.19554911740494,410.5283401519593,422.2817077636719,1805600,0.0,0.0
2014-11-21 00:00:00+09:00,419.7631153633924,420.6026415941192,405.4911694410371,413.0469055175781,881200,0.0,0.0
2014-11-25 00:00:00+09:00,414.7259194870626,416.4049717926782,406.3306579589844,406.3306579589844,399500,0.0,0.0
2014-11-26 00:00:00+09:00,411.3678954077549,413.88647435923093,407.17026382196144,409.6888427734375,280200,0.0,0.0
2014-11-27 00:00:00+09:00,424.80027608668547,440.75127459586935,423.96074984936,434.0350646972656,1689400,0.0,0.0
2014-11-28 00:00:00+09:00,439.07223348542465,440.7512860035333,423.96076082244633,426.4793395996094,734600,0.0,0.0
2014-12-01 00:00:00+09:00,433.19554911740494,433.19554911740494,419.76312898973345,422.2817077636719,570200,0.0,0.0
2014-12-02 00:00:00+09:00,418.9236021846174,423.9607597259154,417.24454967085137,418.0840759277344,347600,0.0,0.0
2014-12-03 00:00:00+09:00,422.28169405557276,423.96074651702634,411.36785305612455,413.0469055175781,472400,0.0,0.0
2014-12-04 00:00:00+09:00,413.046966614138,421.4422301632058,411.3679139043244,417.2445983886719,358900,0.0,0.0
2014-12-05 00:00:00+09:00,418.9235774009458,418.9235774009458,411.36784153599893,416.4049987792969,284000,0.0,0.0
2014-12-08 00:00:00+09:00,415.5654776169479,417.24453005176383,410.5283203125,410.5283203125,301900,0.0,0.0
2014-12-09 00:00:00+09:00,408.8492479324341,416.4049835205078,402.9725646972656,402.9725646972656,334800,0.0,0.0
2014-12-10 00:00:00+09:00,401.2935544823398,402.9726070115546,397.09592315930274,399.614501953125,264200,0.0,0.0
2014-12-11 00:00:00+09:00,393.73783057754963,406.33072494570155,392.8983042863395,404.65167236328125,265800,0.0,0.0
2014-12-12 00:00:00+09:00,400.4539583167251,411.3677978515625,400.4539583167251,411.3677978515625,242300,0.0,0.0
2014-12-15 00:00:00+09:00,409.68881712841386,413.04692218684346,398.7749756885176,399.614501953125,358700,0.0,0.0
2014-12-16 00:00:00+09:00,394.57731255134286,395.4168387482606,388.7006291729186,391.2192077636719,296800,0.0,0.0
2014-12-17 00:00:00+09:00,391.21921510334255,400.4540034426919,388.7006364653382,397.9354248046875,198900,0.0,0.0
2014-12-18 00:00:00+09:00,402.9726070115546,404.6516595407694,397.9354494239102,399.614501953125,180800,0.0,0.0
2014-12-19 00:00:00+09:00,407.1702219024906,415.5654842097585,403.8121169795835,413.0469055175781,370700,0.0,0.0
2014-12-22 00:00:00+09:00,416.4049660011574,416.4049660011574,404.65160002531826,408.00970458984375,414100,0.0,0.0
2014-12-24 00:00:00+09:00,407.1701841117922,408.0097102646,403.8120795005609,406.3306579589844,331400,0.0,0.0
2014-12-25 00:00:00+09:00,406.33069567176386,414.7259579790317,406.33069567176386,413.0469055175781,695900,0.0,0.0
2014-12-26 00:00:00+09:00,419.12109375,433.00502232142856,417.38560267857144,431.26953125,405100,16.0,0.0
2014-12-29 00:00:00+09:00,433.87285220890084,435.6083436177364,420.8566666426338,426.0631408691406,418900,0.0,0.0
2014-12-30 00:00:00+09:00,422.59212853297714,427.7986023958064,419.1211459577576,419.9888916015625,166700,0.0,0.0
2015-01-05 00:00:00+09:00,420.85660190774934,430.4018031881313,418.25336519491793,429.5340576171875,232000,0.0,0.0
2015-01-06 00:00:00+09:00,423.4598569611169,425.19534817817066,413.9146552673212,415.650146484375,248100,0.0,0.0
2015-01-07 00:00:00+09:00,415.65012039987664,418.25335706208887,412.17913818359375,412.17913818359375,124300,0.0,0.0
2015-01-08 00:00:00+09:00,415.650146484375,418.2533833099556,413.04690965879433,415.650146484375,143500,0.0,0.0
2015-01-09 00:00:00+09:00,414.78239717463185,417.3856339769831,404.36944996522686,406.9726867675781,174200,0.0,0.0
2015-01-13 00:00:00+09:00,399.1629680856,404.3694415823687,396.5597313372157,401.7662048339844,152200,0.0,0.0
2015-01-14 00:00:00+09:00,399.162959593391,403.5016874150583,396.5597229003906,396.5597229003906,113300,0.0,0.0
2015-01-15 00:00:00+09:00,394.82421449325625,404.3694152832031,394.82421449325625,404.3694152832031,131000,0.0,0.0
2015-01-16 00:00:00+09:00,399.1629814581059,400.8984726818368,391.35327095131686,397.427490234375,137200,0.0,0.0
2015-01-19 00:00:00+09:00,401.76620942159417,401.76620942159417,393.9564990872651,398.29522705078125,82700,0.0,0.0
2015-01-20 00:00:00+09:00,398.29522250280525,403.50169599957394,397.42747692001046,401.7662048339844,117300,0.0,0.0
2015-01-21 00:00:00+09:00,401.76620942159417,403.5017006070006,396.5597358653748,398.29522705078125,96600,0.0,0.0
2015-01-22 00:00:00+09:00,399.16296841805445,399.16296841805445,391.35325816639687,395.6919860839844,151200,0.0,0.0
2015-01-23 00:00:00+09:00,398.29519197935514,399.16293749565006,387.01450026752156,389.61773681640625,169900,0.0,0.0
2015-01-26 00:00:00+09:00,385.2790222167969,392.22098658106347,382.6757855801969,385.2790222167969,214800,0.0,0.0
2015-01-27 00:00:00+09:00,387.01453884250515,396.5597404731499,386.1467932397193,394.8242492675781,221700,0.0,0.0
2015-01-28 00:00:00+09:00,393.0887696090018,410.44368217452063,392.2210239807259,408.70819091796875,282500,0.0,0.0
2015-01-29 00:00:00+09:00,406.97266064715643,412.17913391769576,399.16295074134746,403.5016784667969,245500,0.0,0.0
2015-01-30 00:00:00+09:00,399.1630501582705,406.1050162479795,398.29530439705684,402.634033203125,192200,0.0,0.0
2015-02-02 00:00:00+09:00,395.69201111231934,407.84045004997824,395.69201111231934,405.2372131347656,120800,0.0,0.0
2015-02-03 00:00:00+09:00,410.44367441235676,410.44367441235676,395.6919990106441,397.427490234375,190700,0.0,0.0
2015-02-04 00:00:00+09:00,402.633976219553,407.84045004997824,402.633976219553,405.2372131347656,184700,0.0,0.0
2015-02-05 00:00:00+09:00,399.16296841805445,402.63395075212446,393.9564949169494,395.6919860839844,140800,0.0,0.0
2015-02-06 00:00:00+09:00,400.03070515772447,400.03070515772447,390.48550395005645,396.5597229003906,257000,0.0,0.0
2015-02-09 00:00:00+09:00,394.8242401716261,401.7662048339844,394.8242401716261,401.7662048339844,279300,0.0,0.0
2015-02-10 00:00:00+09:00,407.84042391354785,412.17915182752176,397.42747692001046,401.7662048339844,190100,0.0,0.0
2015-02-12 00:00:00+09:00,406.1049063359207,406.1049063359207,401.76617870412673,404.3694152832031,136600,0.0,0.0
2015-02-13 00:00:00+09:00,405.2371955660106,411.31141477149686,402.63395876365934,406.9726867675781,217200,0.0,0.0
2015-02-16 00:00:00+09:00,448.6245482822634,473.78917478165533,442.550328092755,459.9052429199219,4283400,0.0,0.0
2015-02-17 00:00:00+09:00,460.7729945736037,475.5246723659789,452.09553704867704,471.1859436035156,1729000,0.0,0.0
2015-02-18 00:00:00+09:00,470.3181321947841,475.5246059829182,460.7729302498715,474.6568603515625,1106200,0.0,0.0
2015-02-19 00:00:00+09:00,474.65681232479835,484.2020133039076,470.3180846070214,482.4665222167969,1171100,0.0,0.0
2015-02-20 00:00:00+09:00,485.0698185970909,498.0860033537212,474.65687079178656,494.6150207519531,924100,0.0,0.0
2015-02-23 00:00:00+09:00,498.0859820274272,501.55696448058,484.202052214816,487.67303466796875,564200,0.0,0.0
2015-02-24 00:00:00+09:00,484.20200014630814,495.4826919059891,479.8632725464308,480.73101806640625,480900,0.0,0.0
2015-02-25 00:00:00+09:00,480.7310692329608,496.35049025497034,479.86332362062694,493.74725341796875,688300,0.0,0.0
2015-02-26 00:00:00+09:00,487.6729996233502,498.9536917854562,482.4665263177629,497.21820068359375,593100,0.0,0.0
2015-02-27 00:00:00+09:00,495.4828348689609,508.49902142418756,495.4828348689609,499.8215637207031,556000,0.0,0.0
2015-03-02 00:00:00+09:00,498.0859680175781,508.4989150841477,497.21822242869735,498.0859680175781,348500,0.0,0.0
2015-03-03 00:00:00+09:00,495.4826827223283,499.82141024178827,474.6567906289205,475.5245361328125,632900,0.0,0.0
2015-03-04 00:00:00+09:00,472.9213425586639,486.80527188148704,470.31810581063456,483.33428955078125,341800,0.0,0.0
2015-03-05 00:00:00+09:00,478.12781158828057,490.2762496322659,476.3923204391398,486.8052673339844,246400,0.0,0.0
2015-03-06 00:00:00+09:00,486.8051843915667,492.8794023786273,483.33420268467495,485.93743896484375,281200,0.0,0.0
2015-03-09 00:00:00+09:00,484.20203061027325,492.0117407814067,482.46653946113247,486.8052673339844,214200,0.0,0.0
2015-03-10 00:00:00+09:00,491.14403895755856,495.482767216901,484.20207374261076,488.5408020019531,252200,0.0,0.0
2015-03-11 00:00:00+09:00,482.4665737287373,492.0117757269677,481.5988280925345,489.4085388183594,214000,0.0,0.0
2015-03-12 00:00:00+09:00,493.74731194052856,517.1764462505361,492.01182051015763,505.895751953125,1077500,0.0,0.0
2015-03-13 00:00:00+09:00,517.1763566080729,527.5893033854167,508.49890096028645,520.6473388671875,1842100,0.0,0.0
2015-03-16 00:00:00+09:00,525.8538618466812,548.415248658585,525.8538618466812,545.81201171875,1188400,0.0,0.0
2015-03-17 00:00:00+09:00,550.1506157107469,559.6958156678735,531.9279612471418,533.6634521484375,837300,0.0,0.0
2015-03-18 00:00:00+09:00,532.7957675357341,540.6054774833262,529.3247853368042,539.7377319335938,335300,0.0,0.0
2015-03-19 00:00:00+09:00,542.3410203721788,552.7539679633246,538.0022922092014,546.6797485351562,579900,0.0,0.0
2015-03-20 00:00:00+09:00,546.6796959510217,570.108825777494,545.811950401893,564.0346069335938,935500,0.0,0.0
2015-03-23 00:00:00+09:00,570.9766513878191,619.5704089527399,568.3734143754126,616.0994262695312,2209700,0.0,0.0
2015-03-24 00:00:00+09:00,620.4380748851879,648.2059327821473,608.2896370552681,642.1317138671875,2479700,0.0,0.0
2015-03-25 00:00:00+09:00,638.6607228651404,655.1478882651916,623.9090485598314,649.0736694335938,2153500,0.0,0.0
2015-03-26 00:00:00+09:00,634.3219776045805,636.0574686513783,611.7605939962096,614.3638305664062,743500,0.0,0.0
2015-03-27 00:00:00+09:00,611.7606026785714,633.4542410714286,588.3314732142857,601.34765625,1321400,0.0,0.0
2015-03-30 00:00:00+09:00,593.5380218162965,620.4381368401345,590.0670392325754,617.8348999023438,473600,0.0,0.0
2015-03-31 00:00:00+09:00,629.1155917585388,642.9995220594169,625.6446091833193,629.9833374023438,714800,0.0,0.0
2015-04-01 00:00:00+09:00,625.644666156032,627.3801576016798,596.1413115800194,606.5542602539062,536100,0.0,0.0
2015-04-02 00:00:00+09:00,613.4961023959338,623.0413034233104,610.0251202041604,618.7025756835938,344400,0.0,0.0
2015-04-03 00:00:00+09:00,625.644522457523,628.2477590280813,608.289611987134,620.4380493164062,232700,0.0,0.0
2015-04-06 00:00:00+09:00,611.7607942316417,623.0414897281117,610.893048424221,612.6285400390625,238600,0.0,0.0
2015-04-07 00:00:00+09:00,636.0575979656378,701.1385254518899,628.2478866672875,691.5933227539062,4326300,0.0,0.0
2015-04-08 00:00:00+09:00,688.1223108846872,724.567628737344,670.7673976215173,712.419189453125,2434600,0.0,0.0
2015-04-09 00:00:00+09:00,704.609331295814,714.1545315966193,678.5769668390722,702.8738403320312,1524600,0.0,0.0
2015-04-10 00:00:00+09:00,707.2126805160985,744.5257421875,690.7255137310607,715.89013671875,1489400,0.0,0.0
2015-04-13 00:00:00+09:00,717.625585009035,722.8320584190159,694.1964546641209,695.9319458007812,619100,0.0,0.0
2015-04-14 00:00:00+09:00,698.5351476901915,718.4932947670541,687.2544558641388,711.5513305664062,548700,0.0,0.0
2015-04-15 00:00:00+09:00,702.0061730133244,715.0223566909509,696.7996995422737,707.212646484375,326600,0.0,0.0
2015-04-16 00:00:00+09:00,702.8739554489715,707.2126835690269,676.8415867286392,685.51904296875,567900,0.0,0.0
2015-04-17 00:00:00+09:00,677.7093074976472,688.122254603885,668.1641059835958,669.8995971679688,346900,0.0,0.0
2015-04-20 00:00:00+09:00,659.486598701234,692.4609286362958,658.6188531766272,681.1802368164062,510000,0.0,0.0
2015-04-21 00:00:00+09:00,691.5932328906019,746.261204875681,683.7835226070192,736.7160034179688,2599400,0.0,0.0
2015-04-22 00:00:00+09:00,736.7160215105329,743.6579863775344,715.0223813011532,728.9063110351562,1022900,0.0,0.0
2015-04-23 00:00:00+09:00,725.4353385416667,731.5095578835228,708.0804261363637,715.89013671875,374100,0.0,0.0
2015-04-24 00:00:00+09:00,716.7578301307184,716.7578301307184,694.1964456471849,708.9481201171875,345100,0.0,0.0
2015-04-27 00:00:00+09:00,708.9481735609064,712.4191560508007,694.1964979788557,697.66748046875,336900,0.0,0.0
2015-04-28 00:00:00+09:00,707.2126848673083,766.2193874083844,702.873956739288,757.5419311523438,3391400,0.0,0.0
2015-04-30 00:00:00+09:00,747.9966609740316,751.4676431595259,705.4771292017258,709.8158569335938,1314600,0.0,0.0
2015-05-01 00:00:00+09:00,702.8739809186271,715.0224200949984,682.9158308431599,695.0642700195312,780500,0.0,0.0
2015-05-07 00:00:00+09:00,694.1965081392585,704.6094557613475,678.5770867061252,684.6513061523438,328400,0.0,0.0
2015-05-08 00:00:00+09:00,697.667587742661,700.2708250103575,678.5771811128867,687.254638671875,407700,0.0,0.0
2015-05-11 00:00:00+09:00,676.841599797628,676.841599797628,631.7188264777861,648.2059936523438,1027400,0.0,0.0
2015-05-12 00:00:00+09:00,650.8090988344509,650.8090988344509,636.0574259275367,642.9993896484375,287100,0.0,0.0
2015-05-13 00:00:00+09:00,643.8672899231118,696.7997760219122,642.1317985756102,657.751220703125,1056300,0.0,0.0
2015-05-14 00:00:00+09:00,658.6189413415381,669.0318890307323,639.5285372446818,648.2059936523438,378800,0.0,0.0
2015-05-15 00:00:00+09:00,646.470485389072,657.7511784227069,639.5285204452967,643.8672485351562,265500,0.0,0.0
2015-05-18 00:00:00+09:00,637.7930209947668,642.9994946355405,625.6445824996284,638.6607666015625,321800,0.0,0.0
2015-05-19 00:00:00+09:00,648.2059682763141,663.8253891986349,636.0575297811757,638.6607666015625,505500,0.0,0.0
2015-05-20 00:00:00+09:00,638.6607403374493,646.4704504774452,636.0575036241173,641.2639770507812,184400,0.0,0.0
2015-05-21 00:00:00+09:00,640.3962761670392,643.8672586936898,629.1155829554247,630.85107421875,296900,0.0,0.0
2015-05-22 00:00:00+09:00,630.8510044642857,631.71875,619.5703125,631.71875,202800,0.0,0.0
2015-05-25 00:00:00+09:00,634.3220127293322,641.2639773009254,629.9832848720863,635.1897583007812,181800,0.0,0.0
2015-05-26 00:00:00+09:00,633.4541531557536,636.925134816881,624.7766990029351,628.2476806640625,195300,0.0,0.0
2015-05-27 00:00:00+09:00,624.7768829775529,629.1156113315636,613.4961892571248,616.0994262695312,281700,0.0,0.0
2015-05-28 00:00:00+09:00,615.2316454291678,635.1897947167148,615.2316454291678,619.5703735351562,284000,0.0,0.0
2015-05-29 00:00:00+09:00,616.9671259555329,652.5446958066958,616.9671259555329,644.7349853515625,581300,0.0,0.0
2015-06-01 00:00:00+09:00,647.3382315914647,648.20597721022,626.5123367413372,637.7930297851562,374800,0.0,0.0
2015-06-02 00:00:00+09:00,650.809169628773,650.809169628773,631.7187673196623,636.0574951171875,242700,0.0,0.0
2015-06-03 00:00:00+09:00,637.7929163628768,640.3961527561946,629.1154617184839,636.9251708984375,185500,0.0,0.0
2015-06-04 00:00:00+09:00,639.528486158027,641.2639773009254,632.5865215864338,635.1897583007812,133500,0.0,0.0
2015-06-05 00:00:00+09:00,634.3220656213681,635.189811265173,623.0413722519047,629.9833374023438,190100,0.0,0.0
2015-06-08 00:00:00+09:00,631.7187767833597,631.7187767833597,616.0993564782766,616.9671020507812,295200,0.0,0.0
2015-06-09 00:00:00+09:00,614.3638836977293,616.0993748946155,599.6122085241963,603.0831909179688,391400,0.0,0.0
2015-06-10 00:00:00+09:00,605.6865220523049,617.834962322695,598.7445561835107,611.7607421875,225000,0.0,0.0
2015-06-11 00:00:00+09:00,616.0994283630854,658.6189663768758,616.0994283630854,657.751220703125,891700,0.0,0.0
2015-06-12 00:00:00+09:00,668.1641059835958,675.9738163132741,647.3382117711201,669.8995971679688,1231900,0.0,0.0
2015-06-15 00:00:00+09:00,662.0899872755641,690.7255961616632,657.7512586564582,683.7836303710938,783300,0.0,0.0
2015-06-16 00:00:00+09:00,689.8577553314689,696.799720164993,661.2221503931814,662.9576416015625,560900,0.0,0.0
2015-06-17 00:00:00+09:00,679.4447119535871,708.0803128405199,674.2382390650539,696.7996215820312,1494400,0.0,0.0
2015-06-18 00:00:00+09:00,696.7996986790707,732.3772673538427,694.1964619467703,725.435302734375,1684500,0.0,0.0
2015-06-19 00:00:00+09:00,731.5095309934754,749.7321883491848,697.6674530471581,718.4933471679688,1337500,0.0,0.0
2015-06-22 00:00:00+09:00,728.0385493997859,729.7740405783313,700.2706905430599,706.3449096679688,555800,0.0,0.0
2015-06-23 00:00:00+09:00,712.4191028077398,715.8900850382282,683.7834994062107,690.7254638671875,690900,0.0,0.0
2015-06-24 00:00:00+09:00,687.2544223822437,717.6255142804488,677.7092220713791,715.0222778320312,666400,0.0,0.0
2015-06-25 00:00:00+09:00,709.8158661348735,719.3610672687166,689.8577183095654,690.7254638671875,536400,0.0,0.0
2015-06-26 00:00:00+09:00,687.219267590597,697.7379298496368,674.9474949550507,686.3427124023438,347200,8.0,0.0
2015-06-29 00:00:00+09:00,657.4165474227965,681.960098526581,654.7868812331053,668.811767578125,501600,0.0,0.0
2015-06-30 00:00:00+09:00,661.7992081822441,677.5772025495029,656.5398767264912,672.31787109375,323800,0.0,0.0
2015-07-01 00:00:00+09:00,673.1943370986921,744.1953023395697,673.1943370986921,737.182861328125,1536800,0.0,0.0
2015-07-02 00:00:00+09:00,743.3187098160886,743.3187098160886,723.1579429224918,732.800048828125,768600,0.0,0.0
2015-07-03 00:00:00+09:00,732.8001650584342,768.7389291342665,725.7877232875402,751.2078247070312,1226700,0.0,0.0
2015-07-06 00:00:00+09:00,735.4297949573005,760.8498951405683,718.7752465613664,724.9111328125,844400,0.0,0.0
2015-07-07 00:00:00+09:00,747.7015649414062,774.874775390625,737.1829028320312,766.9857788085938,1069900,0.0,0.0
2015-07-08 00:00:00+09:00,780.1340232739609,796.7885698382364,721.4048327578313,732.800048828125,1306300,0.0,0.0
2015-07-09 00:00:00+09:00,716.1455691376094,738.0594482421875,684.5895832270171,738.0594482421875,761900,0.0,0.0
2015-07-10 00:00:00+09:00,738.059462967195,766.1092287806752,719.6518041520987,726.6642456054688,907300,0.0,0.0
2015-07-13 00:00:00+09:00,738.9360959809402,763.479643652905,736.306430158944,762.6030883789062,678400,0.0,0.0
2015-07-14 00:00:00+09:00,780.1340271781954,828.3445569476345,776.6278068313271,816.9493408203125,1941000,0.0,0.0
2015-07-15 00:00:00+09:00,816.9494853251689,825.715037742821,795.0356042810389,810.8135986328125,1024600,0.0,0.0
2015-07-16 00:00:00+09:00,809.9369265717505,831.8508044551854,793.2823793803401,814.3197021484375,1092900,0.0,0.0
2015-07-17 00:00:00+09:00,808.1838651013448,849.3819580078125,802.0479789237858,849.3819580078125,1023100,0.0,0.0
2015-07-21 00:00:00+09:00,858.1474353757679,944.9263895148905,852.8881048218817,923.0125122070312,2334000,0.0,0.0
2015-07-22 00:00:00+09:00,906.3581982333338,979.1122895808838,902.8519769635724,966.8405151367188,1715500,0.0,0.0
2015-07-23 00:00:00+09:00,966.8401981182952,986.1244087788596,924.7655566770638,939.6669921875,1289200,0.0,0.0
2015-07-24 00:00:00+09:00,954.5686352091099,1003.6557275614607,927.3954233712013,955.4451904296875,1217500,0.0,0.0
2015-07-27 00:00:00+09:00,942.29690186715,970.3466701087768,911.6174678528707,916.000244140625,752000,0.0,0.0
2015-07-28 00:00:00+09:00,899.3454608063199,951.9387626078591,892.3330205661147,939.6669921875,606600,0.0,0.0
2015-07-29 00:00:00+09:00,946.6794536751761,962.4574445697624,916.876581985402,933.5311279296875,448800,0.0,0.0
2015-07-30 00:00:00+09:00,950.1858481746149,950.1858481746149,911.6174189129147,924.7657470703125,410900,0.0,0.0
2015-07-31 00:00:00+09:00,923.889165484716,923.889165484716,873.9255199129619,883.567626953125,599600,0.0,0.0
2015-08-03 00:00:00+09:00,887.9504047321823,939.6671607827241,883.5676287956957,929.1484985351562,556800,0.0,0.0
2015-08-04 00:00:00+09:00,913.3704189756291,938.7905170085401,894.9627617793832,931.778076171875,399600,0.0,0.0
2015-08-05 00:00:00+09:00,927.3953327569436,927.3953327569436,888.8269068199819,890.5800170898438,526700,0.0,0.0
2015-08-06 00:00:00+09:00,894.9627367206648,906.3579527611826,880.9378554400275,894.086181640625,417700,0.0,0.0
2015-08-07 00:00:00+09:00,885.320729940056,905.4814990377008,876.5551781584713,900.22216796875,321100,0.0,0.0
2015-08-10 00:00:00+09:00,900.2222171280292,978.235632244285,890.5801096417505,937.0375366210938,1186000,0.0,0.0
2015-08-11 00:00:00+09:00,939.6672049420388,947.5562019984551,885.3207807756148,893.2097778320312,720700,0.0,0.0
2015-08-12 00:00:00+09:00,887.0738082718063,895.8393597369428,863.406819315938,877.4317016601562,466400,0.0,0.0
2015-08-13 00:00:00+09:00,867.7896240234375,875.6786206054687,828.3446411132812,832.7274169921875,789000,0.0,0.0
2015-08-14 00:00:00+09:00,828.3445169955869,871.2957141731358,824.8382968178278,830.9741821289062,750300,0.0,0.0
2015-08-17 00:00:00+09:00,818.7026208019844,855.517942080018,818.7026208019844,853.7648315429688,302600,0.0,0.0
2015-08-18 00:00:00+09:00,844.9992041320166,865.1599735252079,835.3570970309252,843.24609375,340300,0.0,0.0
2015-08-19 00:00:00+09:00,844.1226266024552,846.7522921058896,798.5417578762582,805.55419921875,417300,0.0,0.0
2015-08-20 00:00:00+09:00,799.4183981292277,810.8136165236136,775.7514060793492,777.5045166015625,457300,0.0,0.0
2015-08-21 00:00:00+09:00,751.2077782074988,778.3809883877,734.5532300325367,739.8125610351562,774800,0.0,0.0
2015-08-24 00:00:00+09:00,726.6642482558788,756.4671245414033,702.9972582644327,706.5034790039062,844100,0.0,0.0
2015-08-25 00:00:00+09:00,684.589555140904,732.8000871930803,636.3790230887278,674.9474487304688,896200,0.0,0.0
2015-08-26 00:00:00+09:00,692.4784467761643,730.1703116006897,678.4535668414572,725.7875366210938,559700,0.0,0.0
2015-08-27 00:00:00+09:00,752.084298477445,768.7388458796262,732.8000856959721,737.182861328125,646000,0.0,0.0
2015-08-28 00:00:00+09:00,761.7264453236862,771.3685522265177,753.8374487668241,765.232666015625,419600,0.0,0.0
2015-08-31 00:00:00+09:00,759.9734408963684,777.5045467993988,741.5657796981865,752.9609985351562,471900,0.0,0.0
2015-09-01 00:00:00+09:00,745.9484162923927,795.9120587467597,738.9359752461658,760.849853515625,1022100,0.0,0.0
2015-09-02 00:00:00+09:00,734.5532118898001,752.9608699443177,702.9972266534841,705.6268920898438,738900,0.0,0.0
2015-09-03 00:00:00+09:00,722.281337426728,731.9234426593664,715.2688972575365,719.6516723632812,284400,0.0,0.0
2015-09-04 00:00:00+09:00,726.66425615284,727.5408113472344,679.3302756555502,689.8489379882812,446300,0.0,0.0
2015-09-07 00:00:00+09:00,672.3178641160121,683.7130821518766,653.9102042119231,667.0585327148438,577800,0.0,0.0
2015-09-08 00:00:00+09:00,662.6756901975538,668.8115762179015,639.8852564076908,641.6383666992188,379600,0.0,0.0
2015-09-09 00:00:00+09:00,678.4537538938885,694.2317481704905,659.1695386669303,692.4786376953125,433700,0.0,0.0
2015-09-10 00:00:00+09:00,696.8614472408362,745.0719876159884,694.2317814021916,742.4423217773438,1107200,0.0,0.0
2015-09-11 00:00:00+09:00,744.1952718786291,793.2823569495399,744.1952718786291,778.3809204101562,869400,0.0,0.0
2015-09-14 00:00:00+09:00,788.8996656853008,818.7025419445232,766.9857860829313,772.2451171875,966200,0.0,0.0
2015-09-15 00:00:00+09:00,785.393361632948,788.8995819973808,755.5904885352692,758.2201538085938,343700,0.0,0.0
2015-09-16 00:00:00+09:00,758.2201462157035,765.2325868743459,722.2813878401615,732.800048828125,386200,0.0,0.0
2015-09-17 00:00:00+09:00,739.8125659990693,768.7388867075637,722.2814625393756,765.232666015625,396500,0.0,0.0
2015-09-18 00:00:00+09:00,759.9734087231357,768.738961303564,726.664308917508,728.4174194335938,440300,0.0,0.0
2015-09-24 00:00:00+09:00,718.775270930752,738.0594855166989,717.0221605138477,720.5283813476562,289100,0.0,0.0
2015-09-25 00:00:00+09:00,724.9111303710937,730.1704614257812,689.8489233398437,723.1580200195312,529600,0.0,0.0
2015-09-28 00:00:00+09:00,726.6642311078069,748.5781102123849,724.9111207794407,738.0594482421875,301300,0.0,0.0
2015-09-29 00:00:00+09:00,719.6517641074684,726.664205170635,694.2316652534896,698.6144409179688,366900,0.0,0.0
2015-09-30 00:00:00+09:00,701.2441970595163,712.6394152617335,685.4662026256772,697.7379760742188,391900,0.0,0.0
2015-10-01 00:00:00+09:00,710.8862187937443,738.0594281434435,706.5034430921799,724.0345458984375,586300,0.0,0.0
2015-10-02 00:00:00+09:00,711.7628443921894,721.4049518901132,696.8614055317619,709.1331787109375,509600,0.0,0.0
2015-10-05 00:00:00+09:00,721.405018411146,726.6643502586148,704.7504675608279,712.6394653320312,276500,0.0,0.0
2015-10-06 00:00:00+09:00,738.9359418042133,760.8498190819183,714.3923992531837,758.2201538085938,760100,0.0,0.0
2015-10-07 00:00:00+09:00,763.4795632356614,768.7388943256889,717.8986937887562,726.6642456054688,738200,0.0,0.0
2015-10-08 00:00:00+09:00,731.9236218037049,731.9236218037049,707.3800752042993,714.3925170898438,390600,0.0,0.0
2015-10-09 00:00:00+09:00,714.3925262859061,723.1580787556719,695.1083108524216,721.4049682617188,310000,0.0,0.0
2015-10-13 00:00:00+09:00,709.1331445585114,724.911137886142,704.7503686341695,706.5034790039062,400200,0.0,0.0
2015-10-14 00:00:00+09:00,704.7503539116617,706.5034642447753,689.8489160801962,695.9848022460938,289600,0.0,0.0
2015-10-15 00:00:00+09:00,691.6020672751838,706.50350598707,682.8365150917215,703.8738403320312,263500,0.0,0.0
2015-10-16 00:00:00+09:00,710.8863301620772,715.2691065502528,689.8490034988346,693.355224609375,349300,0.0,0.0
2015-10-19 00:00:00+09:00,691.6019897460938,700.3675409469314,685.4661039055073,691.6019897460938,198200,0.0,0.0
2015-10-20 00:00:00+09:00,693.3550817477319,698.6144123298891,674.0708696131553,679.3302001953125,319600,0.0,0.0
2015-10-21 00:00:00+09:00,674.0708433018859,687.2191692440553,672.3177331762632,681.9598388671875,280800,0.0,0.0
2015-10-22 00:00:00+09:00,681.0833666612202,695.9848045418389,673.1943701361868,675.8240356445312,263400,0.0,0.0
2015-10-23 00:00:00+09:00,688.9722847316576,688.9722847316576,676.7005137567935,685.466064453125,332300,0.0,0.0
2015-10-26 00:00:00+09:00,688.9722847316576,692.4785050101902,684.5895093834919,685.466064453125,212400,0.0,0.0
2015-10-27 00:00:00+09:00,683.7129677721676,690.7254084672668,673.1943067295189,674.0708618164062,334200,0.0,0.0
2015-10-28 00:00:00+09:00,667.058493697675,669.6881592444463,658.2929418751037,660.922607421875,397000,0.0,0.0
2015-10-29 00:00:00+09:00,661.799245829422,681.0834622641867,660.9226905369328,678.4537963867188,342000,0.0,0.0
2015-10-30 00:00:00+09:00,678.4537848895781,698.6145562751857,674.0710085014025,693.355224609375,433100,0.0,0.0
2015-11-02 00:00:00+09:00,693.3550817477319,695.9847470388105,678.4536450982863,679.3302001953125,271600,0.0,0.0
2015-11-04 00:00:00+09:00,683.7131031119625,686.3427688931623,667.9351084247634,682.8365478515625,254100,0.0,0.0
2015-11-05 00:00:00+09:00,680.206747424618,681.9598575983928,667.9349762081945,674.0708618164062,268400,0.0,0.0
2015-11-06 00:00:00+09:00,667.9350763798353,704.7503955503774,667.9350763798353,703.8738403320312,439400,0.0,0.0
2015-11-09 00:00:00+09:00,709.133267303284,740.6892594206118,705.6270459569143,731.9237060546875,960300,0.0,0.0
2015-11-10 00:00:00+09:00,724.9111691988431,746.8250497671274,720.5283930851863,729.2939453125,577300,0.0,0.0
2015-11-11 00:00:00+09:00,727.5408776261769,743.3188725626483,715.2691037866992,738.9360961914062,446400,0.0,0.0
2015-11-12 00:00:00+09:00,741.5656303819178,743.3187406192272,709.133090991692,711.7627563476562,405100,0.0,0.0
2015-11-13 00:00:00+09:00,705.6269015394491,710.8862324826003,688.9723535528037,690.7254638671875,456300,0.0,0.0
2015-11-16 00:00:00+09:00,673.1942749023438,689.8488207658132,669.6880547205608,673.1942749023438,309200,0.0,0.0
2015-11-17 00:00:00+09:00,681.0833025115054,688.9722982934919,673.1943067295189,674.0708618164062,201400,0.0,0.0
2015-11-18 00:00:00+09:00,687.219155629476,687.219155629476,670.5646097660065,673.1942749023438,251400,0.0,0.0
2015-11-19 00:00:00+09:00,677.5770821639559,679.3301923377306,673.1943067295189,674.0708618164062,150900,0.0,0.0
2015-11-20 00:00:00+09:00,670.5646414688567,674.9474169032936,667.9349762081945,674.0708618164062,226700,0.0,0.0
2015-11-24 00:00:00+09:00,675.8239798072077,688.0957511655746,670.5646492250504,679.3302001953125,423900,0.0,0.0
2015-11-25 00:00:00+09:00,676.7006678115724,676.7006678115724,662.6757835045968,664.4288940429688,386200,0.0,0.0
2015-11-26 00:00:00+09:00,666.1818529211957,691.6019499405571,666.1818529211957,685.466064453125,333900,0.0,0.0
2015-11-27 00:00:00+09:00,683.7129677721676,683.7129677721676,671.4411965557441,674.0708618164062,185800,0.0,0.0
2015-11-30 00:00:00+09:00,679.3302001953125,681.0833103893649,671.4412043220766,679.3302001953125,149700,0.0,0.0
2015-12-01 00:00:00+09:00,681.0833860443387,691.6020483770698,674.9474996835788,689.8489379882812,311900,0.0,0.0
2015-12-02 00:00:00+09:00,694.2317398505099,710.8862891651055,691.602074169258,709.1331787109375,544600,0.0,0.0
2015-12-03 00:00:00+09:00,710.0096703284735,713.5158909226882,699.4910085458295,707.3800048828125,381000,0.0,0.0
2015-12-04 00:00:00+09:00,698.6145028227969,698.6145028227969,674.0709569268894,676.7006225585938,531300,0.0,0.0
2015-12-07 00:00:00+09:00,688.9723485829878,689.8489037338568,677.5771316216916,687.21923828125,410800,0.0,0.0
2015-12-08 00:00:00+09:00,685.4661279795121,688.9723485829878,677.5771316216916,687.21923828125,232300,0.0,0.0
2015-12-09 00:00:00+09:00,689.8487523263661,690.7253072848495,668.8114333227667,669.68798828125,404500,0.0,0.0
2015-12-10 00:00:00+09:00,661.799047669368,662.6756026993936,644.2679470688549,646.0210571289062,442300,0.0,0.0
2015-12-11 00:00:00+09:00,646.8977367932806,654.7867335834426,641.6384055998393,647.7742919921875,251900,0.0,0.0
2015-12-14 00:00:00+09:00,629.36673079744,632.8729521389299,617.0949561022253,630.2432861328125,420700,0.0,0.0
2015-12-15 00:00:00+09:00,626.7370036571701,630.2432246566508,605.699677660286,606.5762329101562,300800,0.0,0.0
2015-12-16 00:00:00+09:00,617.9714134302033,624.1072998046875,610.958971859364,624.1072998046875,292500,0.0,0.0
2015-12-17 00:00:00+09:00,631.9963738727832,644.2681481227402,631.1198185692149,636.379150390625,283100,0.0,0.0
2015-12-18 00:00:00+09:00,643.3915515085644,648.6508829922856,625.8604465628268,628.4901123046875,344500,0.0,0.0
2015-12-21 00:00:00+09:00,634.6260397834883,645.1447034263085,630.2432632656465,636.379150390625,344300,0.0,0.0
2015-12-22 00:00:00+09:00,637.2555758158366,639.0086860656738,624.9838040669758,631.1196899414062,256800,0.0,0.0
2015-12-24 00:00:00+09:00,636.3790774212204,643.3915190456966,625.860414984506,627.613525390625,335900,0.0,0.0
2015-12-25 00:00:00+09:00,627.613525390625,627.613525390625,627.613525390625,627.613525390625,0,0.0,0.0
2015-12-28 00:00:00+09:00,631.1694024447737,647.1708802532328,624.9466055192619,644.5039672851562,370400,10.0,0.0
2015-12-29 00:00:00+09:00,639.1701413490033,649.8377932213093,635.6142573915679,644.5039672851562,226800,0.0,0.0
2015-12-30 00:00:00+09:00,649.8379351994065,678.2850130740727,649.8379351994065,665.8394165039062,463900,0.0,0.0
2016-01-04 00:00:00+09:00,671.173095703125,690.7304574322227,665.8392697770074,671.173095703125,504400,0.0,0.0
2016-01-05 00:00:00+09:00,657.8385919148491,672.9511001074875,642.7260837222105,662.283447265625,270000,0.0,0.0
2016-01-06 00:00:00+09:00,671.1732363274534,672.0622075013971,642.7261587612567,646.2820434570312,234400,0.0,0.0
2016-01-07 00:00:00+09:00,642.7260070969853,658.727484452097,633.8362974552566,641.8370361328125,302800,0.0,0.0
2016-01-08 00:00:00+09:00,637.3920811620252,637.3920811620252,616.9457521986687,618.7236938476562,433700,0.0,0.0
2016-01-12 00:00:00+09:00,615.1679084637414,617.8348213617056,576.9421569262546,579.6090698242188,652600,0.0,0.0
2016-01-13 00:00:00+09:00,606.2782344374546,614.2789736015852,597.3885242550872,611.612060546875,360200,0.0,0.0
2016-01-14 00:00:00+09:00,585.8319100260918,590.2767651856221,561.8296921646283,576.9421997070312,534400,0.0,0.0
2016-01-15 00:00:00+09:00,586.7208631983343,590.2767472177181,561.8296750626474,565.3855590820312,331300,0.0,0.0
2016-01-18 00:00:00+09:00,538.7164121444229,552.0509768014631,537.8274411672869,544.939208984375,455700,0.0,0.0
2016-01-19 00:00:00+09:00,544.9393032928773,550.2731300787782,528.048851804191,531.604736328125,409700,0.0,0.0
2016-01-20 00:00:00+09:00,528.0487426757812,533.382568359375,501.3796142578125,502.2685852050781,584000,0.0,0.0
2016-01-21 00:00:00+09:00,493.37893177481254,522.7149763668284,481.8223081476548,483.6002502441406,552200,0.0,0.0
2016-01-22 00:00:00+09:00,498.71275945113877,526.2708620233051,496.9348173497087,524.492919921875,564600,0.0,0.0
2016-01-25 00:00:00+09:00,536.0494992130149,560.0517155956871,531.6046443273348,544.939208984375,535800,0.0,0.0
2016-01-26 00:00:00+09:00,536.0494569079711,552.9399041405605,529.8266605591224,538.7163696289062,426300,0.0,0.0
2016-01-27 00:00:00+09:00,558.2737855468749,564.4965825195312,546.7171625976563,555.6068725585938,466500,0.0,0.0
2016-01-28 00:00:00+09:00,558.273821702283,571.608387507274,553.8289664339528,560.9407348632812,262300,0.0,0.0
2016-01-29 00:00:00+09:00,572.4973437203623,586.7208802103092,560.9407203222804,585.8319091796875,462300,0.0,0.0
2016-02-01 00:00:00+09:00,609.8341424313584,620.5017950686416,605.3892871658237,615.16796875,436700,0.0,0.0
2016-02-02 00:00:00+09:00,615.1679446198219,619.6127997110057,605.3892634192179,611.612060546875,338500,0.0,0.0
2016-02-03 00:00:00+09:00,592.0547365855022,597.3885630412274,579.6091415221432,590.2767944335938,292700,0.0,0.0
2016-02-04 00:00:00+09:00,590.2767713341345,595.6105975811298,576.0532346754808,577.8311767578125,248900,0.0,0.0
2016-02-05 00:00:00+09:00,567.1634454217104,576.9421255151882,541.3832888116327,548.4950561523438,409200,0.0,0.0
2016-02-08 00:00:00+09:00,533.3826191436344,581.3870548665616,532.4936481117284,576.9421997070312,321700,0.0,0.0
2016-02-09 00:00:00+09:00,550.2729973721144,558.2737356214667,527.1597535406524,530.7156372070312,298500,0.0,0.0
2016-02-10 00:00:00+09:00,526.2708007812499,535.1605102539062,491.60093383789064,502.2685852050781,370800,0.0,0.0
2016-02-12 00:00:00+09:00,466.7097656950212,488.04506926965075,452.4862299786015,464.93182373046875,548400,0.0,0.0
2016-02-15 00:00:00+09:00,527.1599053494621,553.8290405273438,512.9363665879251,553.8290405273438,847200,0.0,0.0
2016-02-16 00:00:00+09:00,546.7172296950806,612.5010914795294,541.3834030639091,584.0540161132812,975400,0.0,0.0
2016-02-17 00:00:00+09:00,577.8312659037978,588.4989200435602,552.0511017327053,563.6077270507812,444300,0.0,0.0
2016-02-18 00:00:00+09:00,581.3870609224759,586.7208871694711,563.6076400991586,577.8311767578125,350200,0.0,0.0
2016-02-19 00:00:00+09:00,568.9414485123648,576.9421876320699,560.0517383793591,575.1642456054688,203700,0.0,0.0
2016-02-22 00:00:00+09:00,570.7194480152501,599.1665233057299,568.9415058095951,592.9437255859375,258800,0.0,0.0
2016-02-23 00:00:00+09:00,599.1663875264333,608.9450674415531,583.1649113016917,591.1656494140625,235900,0.0,0.0
2016-02-24 00:00:00+09:00,585.8318899481959,611.6120489899223,578.7201219366852,600.9443969726562,319300,0.0,0.0
2016-02-25 00:00:00+09:00,595.6106007221687,609.8341374558324,592.0547165387528,605.3892822265625,245900,0.0,0.0
2016-02-26 00:00:00+09:00,611.6121352251838,625.8356732536765,598.277568323472,604.5003662109375,217400,0.0,0.0
2016-02-29 00:00:00+09:00,613.3900164703825,620.5017847772855,595.610595703125,595.610595703125,202700,0.0,0.0
2016-03-01 00:00:00+09:00,596.4995717680226,607.1672243182704,587.6098613094829,605.3892822265625,205600,0.0,0.0
2016-03-02 00:00:00+09:00,616.0569095528282,624.9466196473857,605.3892574393593,610.7230834960938,246800,0.0,0.0
2016-03-03 00:00:00+09:00,608.9452218448415,610.7231640984031,594.7216838163488,604.5003662109375,296900,0.0,0.0
2016-03-04 00:00:00+09:00,604.5002380281204,615.1678892874402,600.9443542750138,603.6112670898438,219600,0.0,0.0
2016-03-07 00:00:00+09:00,611.6121352251838,611.6121352251838,598.277568323472,604.5003662109375,210500,0.0,0.0
2016-03-08 00:00:00+09:00,599.166430700393,606.2781984238397,581.3870113917759,597.3884887695312,253200,0.0,0.0
2016-03-09 00:00:00+09:00,589.3877076113134,595.6105039209351,584.9428531044408,591.1656494140625,129400,0.0,0.0
2016-03-10 00:00:00+09:00,591.1657212880675,616.0569095528282,591.1657212880675,610.7230834960938,326700,0.0,0.0
2016-03-11 00:00:00+09:00,610.7230649392956,621.3907167286283,600.9443841324072,616.9458618164062,246800,0.0,0.0
2016-03-14 00:00:00+09:00,626.7244761613395,646.2818357011259,626.7244761613395,642.7259521484375,344500,0.0,0.0
2016-03-15 00:00:00+09:00,642.7261587612567,650.7268993267495,635.6143893697075,646.2820434570312,337900,0.0,0.0
2016-03-16 00:00:00+09:00,648.9487078873785,672.9509203708843,645.3928245564888,663.1722412109375,553300,0.0,0.0
2016-03-17 00:00:00+09:00,664.0613713431551,677.3959370327767,655.1716608834074,659.6165161132812,380700,0.0,0.0
2016-03-18 00:00:00+09:00,657.8385662625246,681.840784220752,656.0606241915449,676.5069580078125,482000,0.0,0.0
2016-03-22 00:00:00+09:00,683.6186524984652,709.3988097448313,683.6186524984652,701.3980712890625,628100,0.0,0.0
2016-03-23 00:00:00+09:00,704.0650499131945,728.0672675238716,698.7312237774885,720.0665283203125,504200,0.0,0.0
2016-03-24 00:00:00+09:00,716.5105895619798,727.1782410194783,704.0649961948983,720.9554443359375,257900,0.0,0.0
2016-03-25 00:00:00+09:00,728.0673980712891,728.9563692533053,690.7306084266075,693.3975219726562,305400,0.0,0.0
2016-03-28 00:00:00+09:00,693.3973328332937,709.3988097448313,687.1745362565847,701.3980712890625,283300,0.0,0.0
2016-03-29 00:00:00+09:00,699.6200869781802,705.8428831774779,690.7303781220407,704.06494140625,244700,0.0,0.0
2016-03-30 00:00:00+09:00,699.6202223824592,703.1761066131197,682.7297722868217,688.0635986328125,293700,0.0,0.0
2016-03-31 00:00:00+09:00,693.397465258573,713.8438007726079,693.397465258573,703.1761474609375,364700,0.0,0.0
2016-04-01 00:00:00+09:00,706.732031898161,708.5099741167727,686.2856963841261,703.1761474609375,484000,0.0,0.0
2016-04-04 00:00:00+09:00,705.8428831774779,710.2877376055476,690.7303781220407,704.06494140625,287100,0.0,0.0
2016-04-05 00:00:00+09:00,698.7311199537787,699.6200908443051,658.7274298800891,669.3950805664062,444200,0.0,0.0
2016-04-06 00:00:00+09:00,656.0606241915449,680.0628421497721,648.0598848721357,676.5069580078125,367500,0.0,0.0
2016-04-07 00:00:00+09:00,672.951007080078,716.5105834960938,671.1730651855469,702.2870483398438,411900,0.0,0.0
2016-04-08 00:00:00+09:00,696.0642051975223,742.2906913664509,691.6193507582022,730.7340698242188,634900,0.0,0.0
2016-04-11 00:00:00+09:00,736.067919862761,738.734832615887,715.6215887554621,734.2899780273438,347300,0.0,0.0
2016-04-12 00:00:00+09:00,730.7340997674385,741.401750858934,701.398059265826,708.5098266601562,453200,0.0,0.0
2016-04-13 00:00:00+09:00,720.066448675943,720.066448675943,701.398059265826,708.5098266601562,235000,0.0,0.0
2016-04-14 00:00:00+09:00,711.1767877684049,724.5113525390625,708.5098748142734,724.5113525390625,333700,0.0,0.0
2016-04-15 00:00:00+09:00,712.0656793767755,721.844359118529,696.0642034357244,704.06494140625,299800,0.0,0.0
2016-04-18 00:00:00+09:00,691.6194218340968,692.5083928133181,673.8400022496728,679.173828125,266700,0.0,0.0
2016-04-19 00:00:00+09:00,692.5083555380504,699.6201229890188,678.2848206361135,682.7296752929688,254000,0.0,0.0
2016-04-20 00:00:00+09:00,687.1745858639675,688.0635568676726,672.0620788009825,672.9510498046875,259100,0.0,0.0
2016-04-21 00:00:00+09:00,682.7297302803129,686.2856142921895,673.8400202506214,681.8407592773438,260800,0.0,0.0
2016-04-22 00:00:00+09:00,679.1738345923013,680.0628055799875,657.8385308878311,671.173095703125,289900,0.0,0.0
2016-04-25 00:00:00+09:00,671.1731397109534,672.0621107569281,655.1716608834074,659.6165161132812,223600,0.0,0.0
2016-04-26 00:00:00+09:00,653.3936888489018,661.3944278960312,644.5039787965358,655.171630859375,215200,0.0,0.0
2016-04-27 00:00:00+09:00,653.3937128352733,660.5054811382422,647.1709155701755,658.7275390625,148400,0.0,0.0
2016-04-28 00:00:00+09:00,665.8393266974093,670.2841820158167,648.9488764874617,652.5047607421875,220400,0.0,0.0
2016-05-02 00:00:00+09:00,635.6142211397545,637.3921630170685,626.7245117531845,630.2803955078125,154700,0.0,0.0
2016-05-06 00:00:00+09:00,630.2804318728147,640.9480837521853,628.5024898929196,635.6142578125,148500,0.0,0.0
2016-05-09 00:00:00+09:00,644.5039973846854,651.6157656316888,640.0591422303082,648.9488525390625,152900,0.0,0.0
2016-05-10 00:00:00+09:00,657.838575019211,661.394459208504,644.5040093093621,650.726806640625,161000,0.0,0.0
2016-05-11 00:00:00+09:00,658.7275026905294,658.7275026905294,646.2819088475234,653.3936767578125,136800,0.0,0.0
2016-05-12 00:00:00+09:00,656.0605958026389,658.7275087937065,645.3929438383683,654.2826538085938,126200,0.0,0.0
2016-05-13 00:00:00+09:00,654.2826355729877,656.0605775174796,634.7252741835778,651.61572265625,155200,0.0,0.0
2016-05-16 00:00:00+09:00,660.5054793689943,706.7319732144691,660.5054793689943,676.5069580078125,617400,0.0,0.0
2016-05-17 00:00:00+09:00,693.3973388671875,718.288525390625,692.5083679199219,711.1767578125,678600,0.0,0.0
2016-05-18 00:00:00+09:00,704.954024039925,710.2878501991173,680.9518063235593,684.5076904296875,340700,0.0,0.0
2016-05-19 00:00:00+09:00,688.9524718125662,694.2862974007925,674.7289369106293,682.7296752929688,264100,0.0,0.0
2016-05-20 00:00:00+09:00,686.2856693337859,731.6231941213806,685.3966982595193,726.2893676757812,660200,0.0,0.0
2016-05-23 00:00:00+09:00,751.180493572422,759.1812325572171,733.4010736062108,744.0687255859375,732800,0.0,0.0
2016-05-24 00:00:00+09:00,743.1797360967121,754.7363587872112,728.067229501444,750.29150390625,416500,0.0,0.0
2016-05-25 00:00:00+09:00,755.6253411202729,782.2944708068707,755.6253411202729,769.848876953125,561800,0.0,0.0
2016-05-26 00:00:00+09:00,781.4054498422117,789.4061882365006,741.4017578707675,744.9576416015625,453100,0.0,0.0
2016-05-27 00:00:00+09:00,746.7355711722488,746.7355711722488,729.845123729067,743.1796875,125100,0.0,0.0
2016-05-30 00:00:00+09:00,749.4024903208475,757.403228651675,739.6238101387249,752.9583740234375,144000,0.0,0.0
2016-05-31 00:00:00+09:00,751.1803952465443,760.07010406603,743.1796573090071,747.62451171875,201600,0.0,0.0
2016-06-01 00:00:00+09:00,738.734807814995,750.2914293572271,720.9553900577147,730.7340698242188,365500,0.0,0.0
2016-06-02 00:00:00+09:00,720.0664241881032,726.2892204465189,706.7318607772124,713.8436279296875,253600,0.0,0.0
2016-06-03 00:00:00+09:00,703.1760736687461,721.8444650050845,703.1760736687461,710.287841796875,140900,0.0,0.0
2016-06-06 00:00:00+09:00,701.3981191642222,717.3995971679688,700.509148164014,717.3995971679688,198900,0.0,0.0
2016-06-07 00:00:00+09:00,728.0671816033831,738.734832615887,720.0664433440053,734.2899780273438,283600,0.0,0.0
2016-06-08 00:00:00+09:00,739.6238819567138,754.7363891601562,736.067997908845,754.7363891601562,298100,0.0,0.0
2016-06-09 00:00:00+09:00,755.625330058219,755.625330058219,739.6238524805156,741.4017944335938,146000,0.0,0.0
2016-06-10 00:00:00+09:00,754.7363765542956,766.2929995168466,744.9576955859832,761.84814453125,334400,0.0,0.0
2016-06-13 00:00:00+09:00,754.7363855343053,754.7363855343053,714.7326901879641,718.28857421875,384100,0.0,0.0
2016-06-14 00:00:00+09:00,711.1768337111399,719.1775730903902,685.3966734891111,686.28564453125,186600,0.0,0.0
2016-06-15 00:00:00+09:00,682.7297722868217,699.6202223824592,675.6180038255006,688.0635986328125,133400,0.0,0.0
2016-06-16 00:00:00+09:00,696.9532856188322,704.0650538394325,672.9510678743061,675.6179809570312,266700,0.0,0.0
2016-06-17 00:00:00+09:00,680.9517268291918,688.9524651339734,662.283337451368,664.061279296875,197500,0.0,0.0
2016-06-20 00:00:00+09:00,675.6179442081152,688.9525088964332,675.6179442081152,679.173828125,125000,0.0,0.0
2016-06-21 00:00:00+09:00,683.6186175316684,718.2884823999844,680.0627339554308,713.8436279296875,292700,0.0,0.0
2016-06-22 00:00:00+09:00,706.731933982509,711.1767889132166,689.8414852458201,697.8422241210938,174800,0.0,0.0
2016-06-23 00:00:00+09:00,695.1752325501104,704.953912291864,689.8414072364268,704.06494140625,148400,0.0,0.0
2016-06-24 00:00:00+09:00,717.3996078367156,718.288578850144,632.9473615610179,656.0606079101562,344100,0.0,0.0
2016-06-27 00:00:00+09:00,669.3951588266904,696.064288660423,661.3944198765705,689.8414916992188,326900,0.0,0.0
2016-06-28 00:00:00+09:00,676.3329398550638,746.5779056456031,676.3329398550638,738.4727172851562,503300,10.0,0.0
2016-06-29 00:00:00+09:00,751.981299675629,760.9870637436006,736.6715007600773,739.3732299804688,380800,0.0,0.0
2016-06-30 00:00:00+09:00,752.8818702787936,775.396280275169,744.7766826800985,761.8876342773438,569100,0.0,0.0
2016-07-01 00:00:00+09:00,762.7881062354024,783.5013605959861,754.6829197464784,777.1973266601562,356200,0.0,0.0
2016-07-04 00:00:00+09:00,774.4956984609928,785.3026151837043,761.8876289511627,763.6887817382812,195500,0.0,0.0
2016-07-05 00:00:00+09:00,759.1857759185899,777.1973008514152,743.8759797256882,764.5892333984375,267700,0.0,0.0
2016-07-06 00:00:00+09:00,745.6772069964968,763.6887337355427,730.3674092683079,759.1858520507812,237600,0.0,0.0
2016-07-07 00:00:00+09:00,769.092175566942,774.4956334749065,714.1570201693033,722.26220703125,513500,0.0,0.0
2016-07-08 00:00:00+09:00,729.4668895057,751.981299675629,729.4668895057,739.3732299804688,273000,0.0,0.0
2016-07-11 00:00:00+09:00,739.3732299804688,739.3732299804688,739.3732299804688,739.3732299804688,0,0.0,0.0
2016-07-12 00:00:00+09:00,767.2910191675484,767.2910191675484,741.1743060738172,744.776611328125,177800,0.0,0.0
2016-07-13 00:00:00+09:00,753.7823620786761,753.7823620786761,720.4610390238242,727.6656494140625,294600,0.0,0.0
2016-07-14 00:00:00+09:00,735.7708610293348,756.4841166029881,731.2679793828885,740.2737426757812,178100,0.0,0.0
2016-07-15 00:00:00+09:00,742.9754676818848,744.7766203308105,715.958177947998,720.4610595703125,210900,0.0,0.0
2016-07-19 00:00:00+09:00,720.4610583851638,745.6771954286446,716.8587530932381,742.0748901367188,277800,0.0,0.0
2016-07-20 00:00:00+09:00,746.5777505179432,772.6944631416106,740.2737164363683,770.893310546875,395400,0.0,0.0
2016-07-21 00:00:00+09:00,778.0979387468828,781.7002440188592,722.26220703125,722.26220703125,674600,0.0,0.0
2016-07-22 00:00:00+09:00,718.6600016276042,733.0692247178819,703.3502020941839,729.4669189453125,292900,0.0,0.0
2016-07-25 00:00:00+09:00,736.6715643161681,751.9813645525677,724.9640700177449,738.4727172851562,379600,0.0,0.0
2016-07-26 00:00:00+09:00,735.7708610293348,750.1800822979632,730.3674030535992,740.2737426757812,287500,0.0,0.0
2016-07-27 00:00:00+09:00,751.9812208953391,782.6008155186224,750.1800682704402,766.3904418945312,632800,0.0,0.0
2016-07-28 00:00:00+09:00,761.8875603322838,779.8990865812739,761.8875603322838,766.3904418945312,392000,0.0,0.0
2016-07-29 00:00:00+09:00,772.6945507194423,786.203196711041,760.0864811272835,782.6008911132812,498800,0.0,0.0
2016-08-01 00:00:00+09:00,779.8991984234855,797.0101508138391,777.1974690986929,790.7061157226562,395900,0.0,0.0
2016-08-02 00:00:00+09:00,788.0043334960938,799.7118264508929,782.6008752092634,788.0043334960938,286200,0.0,0.0
2016-08-03 00:00:00+09:00,778.9984533446977,786.203063317828,761.8875046585136,764.5892333984375,344500,0.0,0.0
2016-08-04 00:00:00+09:00,773.5950915722536,778.0979733625461,727.6656973112699,732.1685791015625,543500,0.0,0.0
2016-08-05 00:00:00+09:00,731.2680816650391,731.2680816650391,680.8358001708984,706.0519409179688,720700,0.0,0.0
2016-08-08 00:00:00+09:00,718.6599736958166,723.1628557365171,687.1397994109122,697.9467163085938,428800,0.0,0.0
2016-08-09 00:00:00+09:00,694.344332813273,697.0460617347254,669.1281962130504,682.6368408203125,540400,0.0,0.0
2016-08-10 00:00:00+09:00,684.4380283355713,698.8472499847412,677.2334175109863,691.6426391601562,542100,0.0,0.0
2016-08-12 00:00:00+09:00,691.6426684280053,693.44382121037,661.9236475189895,681.736328125,562400,0.0,0.0
2016-08-15 00:00:00+09:00,688.0403784621286,700.6484482245236,686.2392256389293,697.046142578125,332200,0.0,0.0
2016-08-16 00:00:00+09:00,697.0460617347254,697.0460617347254,677.2333829774077,682.6368408203125,322100,0.0,0.0
2016-08-17 00:00:00+09:00,685.3385236212548,695.2448623332572,676.3327611557982,677.2333374023438,360200,0.0,0.0
2016-08-18 00:00:00+09:00,679.0344625450524,689.8413770683159,676.3327339142365,687.1396484375,378000,0.0,0.0
2016-08-19 00:00:00+09:00,687.1397994109122,698.8472927167338,686.2392230027722,697.9467163085938,411100,0.0,0.0
2016-08-22 00:00:00+09:00,702.4494859227594,719.5604349388267,695.2448758107312,715.9581298828125,438300,0.0,0.0
2016-08-23 00:00:00+09:00,719.5606111107803,757.3848234595322,715.0577286883098,738.4727172851562,667800,0.0,0.0
2016-08-24 00:00:00+09:00,742.0749352880271,768.1916502435523,742.0749352880271,747.4783935546875,357500,0.0,0.0
2016-08-25 00:00:00+09:00,750.1801121114827,761.8876048575203,739.373195730525,751.0806884765625,243300,0.0,0.0
2016-08-26 00:00:00+09:00,749.279541015625,761.8876102154072,743.876082787147,749.279541015625,340500,0.0,0.0
2016-08-29 00:00:00+09:00,758.2853345232091,760.9870637436006,734.870347946483,739.3732299804688,299700,0.0,0.0
2016-08-30 00:00:00+09:00,739.3731879777806,756.484138734879,739.3731879777806,753.7824096679688,236700,0.0,0.0
2016-08-31 00:00:00+09:00,753.7823184387422,764.5892333984375,747.4782847122534,764.5892333984375,251900,0.0,0.0
2016-09-01 00:00:00+09:00,760.9869814590669,775.3962024097711,757.3846762213909,767.291015625,324200,0.0,0.0
2016-09-02 00:00:00+09:00,765.4899398767639,768.1916690763288,754.6830230785037,761.8876342773438,134800,0.0,0.0
2016-09-05 00:00:00+09:00,760.9870047246858,765.4898864094473,751.0806650182107,759.1858520507812,95100,0.0,0.0
2016-09-06 00:00:00+09:00,760.0865020574731,778.0980305422473,760.0865020574731,775.3963012695312,227700,0.0,0.0
2016-09-07 00:00:00+09:00,770.8933558630004,778.0979666654582,765.4898977611568,776.2968139648438,178100,0.0,0.0
2016-09-08 00:00:00+09:00,776.2968351198863,776.2968351198863,760.9870367474523,769.0922241210938,148700,0.0,0.0
2016-09-09 00:00:00+09:00,774.4956183182566,774.4956183182566,764.5892790141859,769.9927368164062,84300,0.0,0.0
2016-09-12 00:00:00+09:00,756.4840647500371,766.3904036931924,752.8817596797988,758.2852172851562,108500,0.0,0.0
2016-09-13 00:00:00+09:00,760.9870525576034,767.2910873125185,757.3847469833662,763.6887817382812,107900,0.0,0.0
2016-09-14 00:00:00+09:00,756.4841817096147,756.4841817096147,737.5720771668744,739.3732299804688,155000,0.0,0.0
2016-09-15 00:00:00+09:00,739.3732299804688,751.0807232688318,736.6715007600773,739.3732299804688,128600,0.0,0.0
2016-09-16 00:00:00+09:00,747.4783402688557,748.3789165824327,740.2737297602403,744.776611328125,69100,0.0,0.0
2016-09-20 00:00:00+09:00,752.8818306934294,758.285288808454,745.6772198733966,754.6829833984375,82500,0.0,0.0
2016-09-21 00:00:00+09:00,759.1858339556526,765.4898681640625,749.2794944852941,765.4898681640625,134100,0.0,0.0
2016-09-23 00:00:00+09:00,765.4899081428013,773.5950954054897,763.6887554177594,772.6945190429688,192500,0.0,0.0
2016-09-26 00:00:00+09:00,772.6945322803707,777.1974141701164,767.2910740126758,768.191650390625,71800,0.0,0.0
2016-09-27 00:00:00+09:00,769.9927795126931,776.2968139648438,759.1858633090062,776.2968139648438,109300,0.0,0.0
2016-09-28 00:00:00+09:00,778.9985299467903,784.4019879579819,774.4956482707972,780.7996826171875,213900,0.0,0.0
2016-09-29 00:00:00+09:00,783.5014463313764,791.6066337072183,777.1974117057217,789.8054809570312,158100,0.0,0.0
2016-09-30 00:00:00+09:00,783.5014051072142,813.2204239216256,782.6008287795047,804.2146606445312,399500,0.0,0.0
2016-10-03 00:00:00+09:00,810.5187781382416,822.2262716002384,795.2089789956303,797.0101318359375,234000,0.0,0.0
2016-10-04 00:00:00+09:00,797.0101291492883,806.0158933204668,781.7003300582851,797.9107055664062,310700,0.0,0.0
2016-10-05 00:00:00+09:00,806.916393442623,824.9279200819672,804.2146644467213,824.02734375,361000,0.0,0.0
2016-10-06 00:00:00+09:00,827.6296760295999,844.7406268941945,824.0273705844221,835.73486328125,277300,0.0,0.0
2016-10-07 00:00:00+09:00,835.734873577969,841.1383318123093,806.0158532890972,811.4193115234375,230400,0.0,0.0
2016-10-11 00:00:00+09:00,810.5186207522794,826.728993167325,802.4134345447566,808.7174682617188,300300,0.0,0.0
2016-10-12 00:00:00+09:00,800.6124001420252,807.8170111669252,787.1037544703374,788.9049072265625,152000,0.0,0.0
2016-10-13 00:00:00+09:00,795.2089239461533,818.623909249211,795.2089239461533,815.9221801757812,213500,0.0,0.0
2016-10-14 00:00:00+09:00,814.1210274601614,822.2262146804507,811.4192983867317,815.9221801757812,119400,0.0,0.0
2016-10-17 00:00:00+09:00,824.9279161818484,826.7290688372673,797.0100500228557,804.2146606445312,193200,0.0,0.0
2016-10-18 00:00:00+09:00,801.5129610346168,816.8227591667386,798.8112319524776,815.0216064453125,180600,0.0,0.0
2016-10-19 00:00:00+09:00,821.3256883038586,842.0389457939777,821.3256883038586,840.23779296875,285100,0.0,0.0
2016-10-20 00:00:00+09:00,837.5360107421875,855.5475378549227,831.2319762527302,837.5360107421875,217800,0.0,0.0
2016-10-21 00:00:00+09:00,839.3371874275855,854.6469859107067,838.4366110462254,850.1441040039062,268700,0.0,0.0
2016-10-24 00:00:00+09:00,850.1439495983542,868.1554739542515,847.4422209449696,861.8514404296875,322200,0.0,0.0
2016-10-25 00:00:00+09:00,864.5532994300314,865.4538757836044,850.1440777728642,859.1498413085938,234300,0.0,0.0
2016-10-26 00:00:00+09:00,860.0503637069311,882.5647711338141,856.4480585186298,878.0618896484375,351700,0.0,0.0
2016-10-27 00:00:00+09:00,877.1613418769045,882.5647998350785,859.1498153496581,868.1555786132812,233600,0.0,0.0
2016-10-28 00:00:00+09:00,875.3602321322252,877.1613848732379,863.652739315642,874.4596557617188,184800,0.0,0.0
2016-10-31 00:00:00+09:00,870.8572362474174,887.0676087939049,868.1555074896694,871.7578125,127600,0.0,0.0
2016-11-01 00:00:00+09:00,877.1613848732379,877.1613848732379,863.652739315642,874.4596557617188,272000,0.0,0.0
2016-11-02 00:00:00+09:00,866.3543983563765,871.757856142383,851.9451775936925,856.4480590820312,196900,0.0,0.0
2016-11-04 00:00:00+09:00,847.4423257086474,848.3429020377746,819.5244595057059,824.9279174804688,260500,0.0,0.0
2016-11-07 00:00:00+09:00,838.4365281128058,861.8515117120893,837.5359518205257,858.2492065429688,151400,0.0,0.0
2016-11-08 00:00:00+09:00,859.1498166348072,864.5532746010639,842.9394427360372,846.541748046875,89300,0.0,0.0
2016-11-09 00:00:00+09:00,844.740592666387,852.8457795896253,781.7002499300895,805.115234375,279500,0.0,0.0
2016-11-10 00:00:00+09:00,855.5475139516357,857.3486666125865,831.2319530287997,845.6411743164062,128000,0.0,0.0
2016-11-11 00:00:00+09:00,855.5473937654025,855.5473937654025,815.0214645870414,822.22607421875,158000,0.0,0.0
2016-11-14 00:00:00+09:00,807.8170830923752,825.8286122583145,799.7118949677025,806.0159301757812,276400,0.0,0.0
2016-11-15 00:00:00+09:00,810.518775406056,811.4193518231738,790.7060942294635,797.9107055664062,208800,0.0,0.0
2016-11-16 00:00:00+09:00,810.5187272603532,817.7233381693342,793.4077763515236,814.1210327148438,251100,0.0,0.0
2016-11-17 00:00:00+09:00,810.5187049278845,842.939453125,806.0158232338408,842.939453125,204900,0.0,0.0
2016-11-18 00:00:00+09:00,846.5417796167834,847.4423559780778,830.3314051134832,835.73486328125,191900,0.0,0.0
2016-11-21 00:00:00+09:00,840.2378430605697,854.6470665214156,839.3372665942669,843.8401489257812,129200,0.0,0.0
2016-11-22 00:00:00+09:00,838.4366579206525,857.3487629865318,836.6355050572354,854.6470336914062,169400,0.0,0.0
2016-11-24 00:00:00+09:00,856.4481440258634,862.7521787347814,845.6412273820039,848.3429565429688,144800,0.0,0.0
2016-11-25 00:00:00+09:00,847.4422837286037,852.8457414356936,834.8342157453939,839.3370971679688,168400,0.0,0.0
2016-11-28 00:00:00+09:00,831.231877595154,835.734758838898,819.5243863614194,829.4307250976562,183200,0.0,0.0
2016-11-29 00:00:00+09:00,816.8227697577778,819.524498874948,804.2147005443171,811.4193115234375,329100,0.0,0.0
2016-11-30 00:00:00+09:00,806.916419198895,817.7233355274517,806.0158428381819,815.0216064453125,232200,0.0,0.0
2016-12-01 00:00:00+09:00,815.0216947587509,820.4251535085326,803.3142008008904,806.0159301757812,224800,0.0,0.0
2016-12-02 00:00:00+09:00,807.8169697745901,832.1325307377049,804.2146644467213,824.02734375,272700,0.0,0.0
2016-12-05 00:00:00+09:00,819.5245368209202,820.4251132350091,793.4078208123415,798.811279296875,281300,0.0,0.0
2016-12-06 00:00:00+09:00,803.3141613673196,803.3141613673196,792.5072443982525,798.811279296875,170200,0.0,0.0
2016-12-07 00:00:00+09:00,797.0101291492883,800.6124348177598,791.6066706465814,797.9107055664062,159600,0.0,0.0
2016-12-08 00:00:00+09:00,799.7118024869203,800.6123788410722,788.904886237097,796.1094970703125,213700,0.0,0.0
2016-12-09 00:00:00+09:00,788.0042394002278,803.3140360514323,788.0042394002278,799.7117309570312,147500,0.0,0.0
2016-12-12 00:00:00+09:00,803.3140906536345,824.0273463543448,803.3140906536345,823.1267700195312,206500,0.0,0.0
2016-12-13 00:00:00+09:00,816.8227752222157,832.132573655267,811.4193169517268,830.3314208984375,145700,0.0,0.0
2016-12-14 00:00:00+09:00,833.0331070696722,838.4365650614753,824.02734375,824.02734375,123300,0.0,0.0
2016-12-15 00:00:00+09:00,824.9278028306408,830.3312600544223,815.0214645870414,822.22607421875,135400,0.0,0.0
2016-12-16 00:00:00+09:00,831.2319544057377,832.1325307377049,820.4250384221311,824.02734375,91400,0.0,0.0
2016-12-19 00:00:00+09:00,823.1267570686548,831.2319439544513,817.7232991447905,827.629638671875,79400,0.0,0.0
2016-12-20 00:00:00+09:00,827.6296502542394,848.3429059189266,827.6296502542394,844.7406005859375,237200,0.0,0.0
2016-12-21 00:00:00+09:00,849.2435140589143,854.6469722607739,831.2319867193828,833.9337158203125,149700,0.0,0.0
2016-12-22 00:00:00+09:00,828.5302497855557,845.6412005963443,828.5302497855557,836.6354370117188,101000,0.0,0.0
2016-12-26 00:00:00+09:00,836.6355050572354,857.3487629865318,834.8343521938183,854.6470336914062,140800,0.0,0.0
2016-12-27 00:00:00+09:00,855.547551666131,861.851586257355,851.9452461854314,853.7463989257812,123400,0.0,0.0
2016-12-28 00:00:00+09:00,857.3909082481049,892.9257067833611,857.3909082481049,890.1922607421875,277900,11.0,0.0
2016-12-29 00:00:00+09:00,881.9919510206917,885.6365458596201,869.235869084442,871.0581665039062,105900,0.0,0.0
2016-12-30 00:00:00+09:00,866.5024179165789,880.1696484830865,866.5024179165789,878.3473510742188,91500,0.0,0.0
2017-01-04 00:00:00+09:00,877.4362866286135,887.4589233398438,872.8805426689634,887.4589233398438,109800,0.0,0.0
2017-01-05 00:00:00+09:00,879.2585395271952,890.1923244746837,879.2585395271952,886.5477294921875,119700,0.0,0.0
2017-01-06 00:00:00+09:00,879.2584585900704,897.4814318250978,877.4361612665678,894.7479858398438,106900,0.0,0.0
2017-01-10 00:00:00+09:00,896.5703576102475,904.7706962469266,890.192316448386,897.4815063476562,141900,0.0,0.0
2017-01-11 00:00:00+09:00,894.7479858398438,905.6817697808601,894.7479858398438,894.7479858398438,152100,0.0,0.0
2017-01-12 00:00:00+09:00,902.0372173894986,902.9483660939323,875.6139049609172,878.3473510742188,131500,0.0,0.0
2017-01-13 00:00:00+09:00,870.1471247438525,892.014696465164,870.1471247438525,889.28125,105400,0.0,0.0
2017-01-16 00:00:00+09:00,884.725319092052,886.547616350738,871.96923828125,871.96923828125,64600,0.0,0.0
2017-01-17 00:00:00+09:00,873.791535539936,880.169575945337,867.4134951345351,871.96923828125,81300,0.0,0.0
2017-01-18 00:00:00+09:00,865.5913273241154,871.0582199177414,845.5460544808201,861.0355834960938,104700,0.0,0.0
2017-01-19 00:00:00+09:00,868.3248043968564,885.6366315569196,867.4136555989584,880.1697387695312,101700,0.0,0.0
2017-01-20 00:00:00+09:00,871.0581665039062,881.0808023109595,869.235869084442,871.0581665039062,79400,0.0,0.0
2017-01-23 00:00:00+09:00,863.7689255734708,866.5023715404755,855.5685876724568,856.479736328125,85600,0.0,0.0
2017-01-24 00:00:00+09:00,847.3683339338087,853.7463751569663,840.0791439644855,844.6348876953125,128100,0.0,0.0
2017-01-25 00:00:00+09:00,853.746393371259,870.1470711521371,852.8352446056548,861.0355834960938,176800,0.0,0.0
2017-01-26 00:00:00+09:00,866.5024022552016,885.6365247024773,860.124361439443,879.2584838867188,244100,0.0,0.0
2017-01-27 00:00:00+09:00,883.8142699550802,884.7254186869926,857.390956729619,862.8578491210938,182200,0.0,0.0
2017-01-30 00:00:00+09:00,847.3682911639099,847.3682911639099,839.1679528623238,840.0791015625,192200,0.0,0.0
2017-01-31 00:00:00+09:00,836.4345384680706,863.7690005095109,833.7010922639266,859.2132568359375,191000,0.0,0.0
2017-02-01 00:00:00+09:00,849.190665293548,863.769045813609,843.7237725985252,860.1244506835938,97000,0.0,0.0
2017-02-02 00:00:00+09:00,857.3909996862176,869.2359337945287,846.4572143554688,846.4572143554688,156300,0.0,0.0
2017-02-03 00:00:00+09:00,850.1017533591205,856.4797943811075,839.16796875,839.16796875,191100,0.0,0.0
2017-02-06 00:00:00+09:00,848.2794298769822,863.7689575976146,848.2794298769822,854.657470703125,134700,0.0,0.0
2017-02-07 00:00:00+09:00,854.6575184867982,860.1244109291443,838.2568411597593,851.924072265625,177400,0.0,0.0
2017-02-08 00:00:00+09:00,850.1017486828715,868.3247229311646,848.2794512580423,867.41357421875,200900,0.0,0.0
2017-02-09 00:00:00+09:00,862.8579015642312,881.9920260973345,862.8579015642312,873.7916870117188,136300,0.0,0.0
2017-02-10 00:00:00+09:00,887.4587473932002,902.0371251737866,879.2584098916203,901.1259765625,333400,0.0,0.0
2017-02-13 00:00:00+09:00,938.4831022323036,970.3733047353431,929.3716158028639,948.5057373046875,753100,0.0,0.0
2017-02-14 00:00:00+09:00,955.7949719566301,964.9064588198964,944.8611877207106,949.4169311523438,349500,0.0,0.0
2017-02-15 00:00:00+09:00,952.1503963830336,968.5510730671433,949.4169502690154,965.817626953125,313700,0.0,0.0
2017-02-16 00:00:00+09:00,965.8175122638081,993.1519701580669,963.0840664743822,979.4847412109375,465100,0.0,0.0
2017-02-17 00:00:00+09:00,978.5737069980091,997.7078297605401,978.5737069980091,990.4186401367188,315800,0.0,0.0
2017-02-20 00:00:00+09:00,982.2182641055997,982.2182641055997,966.7287367495745,978.5736694335938,172200,0.0,0.0
2017-02-21 00:00:00+09:00,985.8628832827634,1000.4412623331555,982.2182885201654,987.6851806640625,162200,0.0,0.0
2017-02-22 00:00:00+09:00,987.6852521607899,994.0632934570312,981.3072108645487,994.0632934570312,141600,0.0,0.0
2017-02-23 00:00:00+09:00,984.9515502032111,997.7076294842889,984.0404016831342,991.32958984375,127700,0.0,0.0
2017-02-24 00:00:00+09:00,993.1522068332981,1013.1974807326858,987.685313951647,1011.3751831054688,254300,0.0,0.0
2017-02-27 00:00:00+09:00,1004.0859136895818,1013.1974011096326,990.4186825595059,994.9744262695312,159500,0.0,0.0
2017-02-28 00:00:00+09:00,1004.0858949923797,1011.3750847926874,993.1521102919182,999.5301513671875,151800,0.0,0.0
2017-03-01 00:00:00+09:00,994.0632748569016,999.5301672942447,979.4848950239864,998.6190185546875,212500,0.0,0.0
2017-03-02 00:00:00+09:00,998.6191207688308,1003.1748649329222,984.0407394437384,985.863037109375,183600,0.0,0.0
2017-03-03 00:00:00+09:00,985.8630289932895,1015.9309402287596,985.8630289932895,1014.108642578125,265800,0.0,0.0
2017-03-06 00:00:00+09:00,1017.7531471319719,1038.709568245701,1017.7531471319719,1033.24267578125,232000,0.0,0.0
2017-03-07 00:00:00+09:00,1029.598166527863,1030.5093153477992,1012.2863389490759,1021.3978271484375,130500,0.0,0.0
2017-03-08 00:00:00+09:00,1019.5755355300287,1021.3978331806632,1010.4640472768559,1014.108642578125,146600,0.0,0.0
2017-03-09 00:00:00+09:00,1016.8418670627218,1026.864501953125,1008.6415294251192,1026.864501953125,130500,0.0,0.0
2017-03-10 00:00:00+09:00,1027.7758046875,1046.9099287109375,1019.5754658203125,1025.0423583984375,178500,0.0,0.0
2017-03-13 00:00:00+09:00,1021.3977474666616,1038.70957369491,1021.3977474666616,1025.9534912109375,116600,0.0,0.0
2017-03-14 00:00:00+09:00,1024.1312255859375,1029.5981182492076,1012.2862914821856,1024.1312255859375,133700,0.0,0.0
2017-03-15 00:00:00+09:00,1021.3977474666616,1031.4203837040686,1017.7531524712408,1025.9534912109375,81700,0.0,0.0
2017-03-16 00:00:00+09:00,1025.953459394739,1027.7757568359375,1019.5754183505444,1027.7757568359375,91900,0.0,0.0
2017-03-17 00:00:00+09:00,1020.4865512898583,1035.0649305939992,1020.4865512898583,1028.6868896484375,86500,0.0,0.0
2017-03-21 00:00:00+09:00,1032.3314844744727,1038.7095254200344,1025.0422948224023,1028.6868896484375,121200,0.0,0.0
2017-03-22 00:00:00+09:00,1020.4865396098726,1020.4865396098726,997.7078222078666,1001.3524169921875,151400,0.0,0.0
2017-03-23 00:00:00+09:00,1001.3525703727425,1010.4640587291824,982.2184448242188,982.2184448242188,104300,0.0,0.0
2017-03-24 00:00:00+09:00,984.0405992158751,990.4186401367188,973.1068147801432,990.4186401367188,105400,0.0,0.0
2017-03-27 00:00:00+09:00,979.4849299222594,986.7741200984251,959.4396569378039,972.1957397460938,98700,0.0,0.0
2017-03-28 00:00:00+09:00,979.4847731156782,1002.2634887695312,979.4847731156782,1002.2634887695312,131900,0.0,0.0
2017-03-29 00:00:00+09:00,1008.6417121105925,1024.1312415648654,1005.908265736309,1023.2200927734375,122700,0.0,0.0
2017-03-30 00:00:00+09:00,1029.598100051742,1032.3315463350652,1007.7305297851562,1007.7305297851562,88400,0.0,0.0
2017-03-31 00:00:00+09:00,1016.8420258405222,1018.6643233778708,996.7967529296875,996.7967529296875,74900,0.0,0.0
2017-04-03 00:00:00+09:00,995.8855564670337,1006.8193411674952,992.2409615668798,999.5301513671875,84300,0.0,0.0
2017-04-04 00:00:00+09:00,993.152071766759,1000.4412612843132,961.2618676274594,966.728759765625,200600,0.0,0.0
2017-04-05 00:00:00+09:00,963.9953999650587,1003.1747971281,963.0842511938253,993.1521606445312,183200,0.0,0.0
2017-04-06 00:00:00+09:00,993.1522277719212,1011.3752044282867,982.2184417781018,985.863037109375,200000,0.0,0.0
2017-04-07 00:00:00+09:00,1006.8193333507982,1014.1085230945143,988.5963589915077,1010.4639282226562,274900,0.0,0.0
2017-04-10 00:00:00+09:00,1022.3089759683737,1041.443101187033,1018.6643806886291,1021.3978271484375,240000,0.0,0.0
2017-04-11 00:00:00+09:00,1026.8643889801936,1043.2650624510395,1004.9968243523988,1008.6414184570312,199300,0.0,0.0
2017-04-12 00:00:00+09:00,1014.1084462850048,1020.4864868276778,984.9516895184997,986.7739868164062,109000,0.0,0.0
2017-04-13 00:00:00+09:00,976.7515518103548,986.7741890024387,965.817765782627,982.2184448242188,105800,0.0,0.0
2017-04-14 00:00:00+09:00,970.3733459472656,980.3959814453125,954.883818359375,956.7061157226562,93100,0.0,0.0
2017-04-17 00:00:00+09:00,945.7723554503243,970.3733704764888,945.7723554503243,965.817626953125,84100,0.0,0.0
2017-04-18 00:00:00+09:00,983.1294685342157,988.5963608522928,961.2618992619069,964.906494140625,79000,0.0,0.0
2017-04-19 00:00:00+09:00,963.0842650226343,979.4849431403329,961.2619674540011,974.92919921875,70900,0.0,0.0
2017-04-20 00:00:00+09:00,967.6399159681467,976.7514029358317,954.8838342133878,955.7949829101562,85800,0.0,0.0
2017-04-21 00:00:00+09:00,968.5510890193432,968.5510890193432,950.3281146257525,964.906494140625,101600,0.0,0.0
2017-04-24 00:00:00+09:00,973.1069176069925,976.7515128040225,963.0842808151601,974.01806640625,91300,0.0,0.0
2017-04-25 00:00:00+09:00,974.0180794445436,979.4849723132688,964.9065913300016,976.7515258789062,71200,0.0,0.0
2017-04-26 00:00:00+09:00,984.0407394437384,988.5964836078298,976.7515487811922,985.863037109375,65600,0.0,0.0
2017-04-27 00:00:00+09:00,990.4186012760063,1007.7304259533237,982.2182632709611,1003.1746826171875,89600,0.0,0.0
2017-04-28 00:00:00+09:00,1013.1973315252774,1013.1973315252774,991.3297632189765,1005.9081420898438,62900,0.0,0.0
2017-05-01 00:00:00+09:00,1012.2862819971507,1012.2862819971507,994.0633066236646,996.7967529296875,56100,0.0,0.0
2017-05-02 00:00:00+09:00,992.241009086316,1003.1747943104077,982.2183726308987,996.7967529296875,95800,0.0,0.0
2017-05-08 00:00:00+09:00,1004.0859709902466,1019.5755004882812,1000.4413758142384,1019.5755004882812,95900,0.0,0.0
2017-05-09 00:00:00+09:00,1020.4867456658569,1041.4431699072093,1019.5755967857981,1031.4205322265625,109900,0.0,0.0
2017-05-10 00:00:00+09:00,1043.2653115482653,1075.155517578125,1037.7984190860036,1075.155517578125,225500,0.0,0.0
2017-05-11 00:00:00+09:00,1075.1554861741442,1101.5787989699495,1074.2443374570475,1097.9342041015625,207600,0.0,0.0
2017-05-12 00:00:00+09:00,1093.3785031197347,1095.2008006249343,1061.4882967787423,1081.5335693359375,190900,0.0,0.0
2017-05-15 00:00:00+09:00,1120.7129782132151,1221.850490881237,1120.7129782132151,1206.3609619140625,811200,0.0,0.0
2017-05-16 00:00:00+09:00,1225.4951449474656,1233.6954842073371,1200.8941271678511,1210.005615234375,355700,0.0,0.0
2017-05-17 00:00:00+09:00,1204.5385108821172,1233.695267575179,1203.627362235459,1208.18310546875,274000,0.0,0.0
2017-05-18 00:00:00+09:00,1167.1815500567036,1207.2720951015865,1167.1815500567036,1186.315673828125,237600,0.0,0.0
2017-05-19 00:00:00+09:00,1189.9600672236634,1226.4060110896255,1189.9600672236634,1190.8712158203125,288800,0.0,0.0
2017-05-22 00:00:00+09:00,1197.2495497253044,1204.5387402867977,1186.3157638830642,1188.1380615234375,216000,0.0,0.0
2017-05-23 00:00:00+09:00,1199.0719381101646,1203.627682555872,1182.6712581056183,1189.96044921875,144600,0.0,0.0
2017-05-24 00:00:00+09:00,1201.8052187545038,1201.8052187545038,1178.1153509094568,1185.404541015625,152700,0.0,0.0
2017-05-25 00:00:00+09:00,1184.4934299507406,1187.2268763275501,1169.003900482154,1176.2930908203125,199500,0.0,0.0
2017-05-26 00:00:00+09:00,1173.5595379402623,1177.2041327785862,1151.6919689103197,1154.4254150390625,186200,0.0,0.0
2017-05-29 00:00:00+09:00,1154.425297331867,1158.0698917985815,1134.3800277649361,1147.1361083984375,180600,0.0,0.0
2017-05-30 00:00:00+09:00,1140.758153027113,1157.158829348589,1133.4689635509014,1156.2476806640625,143700,0.0,0.0
2017-05-31 00:00:00+09:00,1176.2930269140031,1204.5386379398235,1169.9149857146244,1200.89404296875,289700,0.0,0.0
2017-06-01 00:00:00+09:00,1212.7390990945376,1259.2076896684077,1181.7600387119573,1256.4742431640625,530100,0.0,0.0
2017-06-02 00:00:00+09:00,1257.3851985036877,1258.2963471982555,1201.8051281350463,1204.53857421875,345700,0.0,0.0
2017-06-05 00:00:00+09:00,1204.5383704703515,1249.184648952233,1196.3380336063324,1244.62890625,252900,0.0,0.0
2017-06-06 00:00:00+09:00,1257.3853514902157,1257.3853514902157,1224.5839944948186,1230.9620361328125,158200,0.0,0.0
2017-06-07 00:00:00+09:00,1219.1171554337686,1222.7617508162314,1203.6276250583023,1220.939453125,167800,0.0,0.0
2017-06-08 00:00:00+09:00,1223.672681879324,1236.4287634476864,1205.449708210235,1226.4061279296875,122400,0.0,0.0
2017-06-09 00:00:00+09:00,1230.9620842183733,1246.4516145157177,1223.6728934902112,1228.2286376953125,169500,0.0,0.0
2017-06-12 00:00:00+09:00,1230.9618701430225,1231.8730188255856,1198.1605175707434,1205.44970703125,148100,0.0,0.0
2017-06-13 00:00:00+09:00,1203.6275259658505,1219.1170550660922,1187.226848095006,1212.739013671875,182400,0.0,0.0
2017-06-14 00:00:00+09:00,1210.0054120944656,1221.8503445923784,1192.6935876744394,1193.604736328125,101600,0.0,0.0
2017-06-15 00:00:00+09:00,1194.5160382598258,1215.4724599836825,1188.1379968656086,1212.739013671875,124200,0.0,0.0
2017-06-16 00:00:00+09:00,1214.561198814015,1214.561198814015,1189.9601842843988,1198.1605224609375,157700,0.0,0.0
2017-06-19 00:00:00+09:00,1204.5386692129737,1223.6727933078848,1203.6275204465494,1220.0281982421875,113400,0.0,0.0
2017-06-20 00:00:00+09:00,1230.0507336128048,1236.42877445376,1210.005462398374,1232.7841796875,164100,0.0,0.0
2017-06-21 00:00:00+09:00,1226.4062878271777,1238.2512222564148,1217.2947998046875,1217.2947998046875,87100,0.0,0.0
2017-06-22 00:00:00+09:00,1224.5839961408133,1231.8731865940324,1208.1833176210703,1210.005615234375,93700,0.0,0.0
2017-06-23 00:00:00+09:00,1203.627682555872,1206.3611292232963,1182.6712581056183,1189.96044921875,120200,0.0,0.0
2017-06-26 00:00:00+09:00,1189.9600672236634,1197.2492559968557,1185.4043242404182,1190.8712158203125,72000,0.0,0.0
2017-06-27 00:00:00+09:00,1198.1606237014196,1199.0717724646906,1173.5596070931015,1185.404541015625,134800,0.0,0.0
2017-06-28 00:00:00+09:00,1174.368925302543,1179.886711952359,1157.8155653530944,1172.5296630859375,195200,12.0,0.0
2017-06-29 00:00:00+09:00,1182.645734915704,1209.3150399798997,1163.3334795243902,1199.1990966796875,293700,0.0,0.0
2017-06-30 00:00:00+09:00,1186.3241499621101,1201.957879070138,1169.7707897300809,1194.600830078125,227700,0.0,0.0
2017-07-03 00:00:00+09:00,1210.2345966782145,1221.2701705081072,1201.9579163057952,1219.430908203125,242700,0.0,0.0
2017-07-04 00:00:00+09:00,1207.475806826637,1216.672119140625,1171.6101888020833,1178.047607421875,297500,0.0,0.0
2017-07-05 00:00:00+09:00,1178.0474277837732,1186.324107604268,1160.5744370516172,1181.7259521484375,180500,0.0,0.0
2017-07-06 00:00:00+09:00,1182.645786722378,1189.0832054681453,1171.6102117296343,1188.16357421875,107600,0.0,0.0
2017-07-07 00:00:00+09:00,1172.5296343129037,1182.6455762559956,1165.1725856270189,1174.368896484375,123200,0.0,0.0
2017-07-10 00:00:00+09:00,1188.163066436252,1204.7164218509986,1170.6900801651307,1197.359375,202300,0.0,0.0
2017-07-11 00:00:00+09:00,1199.1989062789996,1242.4215662445772,1180.8062850170518,1238.7430419921875,294500,0.0,0.0
2017-07-12 00:00:00+09:00,1236.9040710403224,1236.9040710403224,1214.8329203303092,1220.3507080078125,177300,0.0,0.0
2017-07-13 00:00:00+09:00,1243.3414771283722,1254.3770523691567,1228.6273768073263,1244.2611083984375,332200,0.0,0.0
2017-07-14 00:00:00+09:00,1247.939299291494,1264.4926577198262,1237.8233580297353,1261.7337646484375,228900,0.0,0.0
2017-07-17 00:00:00+09:00,1261.7337646484375,1261.7337646484375,1261.7337646484375,1261.7337646484375,0,0.0,0.0
2017-07-18 00:00:00+09:00,1261.7340259185746,1261.7340259185746,1232.3058270633308,1245.1806640625,162500,0.0,0.0
2017-07-19 00:00:00+09:00,1242.4216701243074,1291.1621205436918,1235.0646210044004,1286.56396484375,444400,0.0,0.0
2017-07-20 00:00:00+09:00,1301.2780778720185,1327.027750084327,1285.6443483145456,1320.59033203125,346500,0.0,0.0
2017-07-21 00:00:00+09:00,1324.2687630753137,1324.2687630753137,1300.3583548531205,1318.7509765625,211000,0.0,0.0
2017-07-24 00:00:00+09:00,1314.153012435301,1331.6260056027402,1305.8763314612509,1329.7867431640625,271500,0.0,0.0
2017-07-25 00:00:00+09:00,1326.108247458055,1342.6616097702915,1302.197835229269,1308.63525390625,221800,0.0,0.0
2017-07-26 00:00:00+09:00,1309.5548735119048,1309.5548735119048,1284.724830264137,1293.921142578125,158600,0.0,0.0
2017-07-27 00:00:00+09:00,1282.8854867117745,1298.519216657366,1275.5284373256138,1287.483642578125,168300,0.0,0.0
2017-07-28 00:00:00+09:00,1280.126674107143,1296.6800362723213,1255.296630859375,1293.921142578125,598000,0.0,0.0
2017-07-31 00:00:00+09:00,1281.9658315616002,1285.6443561858803,1258.9750526598498,1277.36767578125,301300,0.0,0.0
2017-08-01 00:00:00+09:00,1281.9656798012045,1282.8853108484077,1242.4215447714687,1247.9393310546875,292900,0.0,0.0
2017-08-02 00:00:00+09:00,1241.5019929364646,1255.2964595246476,1225.868264136524,1235.0645751953125,275300,0.0,0.0
2017-08-03 00:00:00+09:00,1250.6981201171875,1260.814060794606,1238.7429174984202,1250.6981201171875,299800,0.0,0.0
2017-08-04 00:00:00+09:00,1250.6983245978377,1307.7154541015625,1246.1001689926984,1307.7154541015625,466900,0.0,0.0
2017-08-07 00:00:00+09:00,1401.5178355823864,1535.7839799360795,1399.678573330966,1517.391357421875,1846300,0.0,0.0
2017-08-08 00:00:00+09:00,1519.230674235026,1558.7748140607562,1492.5613706316267,1544.9803466796875,1066800,0.0,0.0
2017-08-09 00:00:00+09:00,1548.6588067758055,1552.3373312574583,1521.9895042838232,1541.3017578125,533300,0.0,0.0
2017-08-10 00:00:00+09:00,1549.5785366665493,1552.3374302036411,1520.1503389375705,1531.1859130859375,344100,0.0,0.0
2017-08-11 00:00:00+09:00,1531.1859130859375,1531.1859130859375,1531.1859130859375,1531.1859130859375,0,0.0,0.0
2017-08-14 00:00:00+09:00,1515.551938226311,1557.854965628259,1511.8734141044024,1543.140869140625,385100,0.0,0.0
2017-08-15 00:00:00+09:00,1567.971075757057,1654.416401927827,1557.8551333328178,1625.9078369140625,683500,0.0,0.0
2017-08-16 00:00:00+09:00,1631.4255847368083,1704.9960733382427,1617.6311181240394,1682.9249267578125,716300,0.0,0.0
2017-08-17 00:00:00+09:00,1667.2911339516447,1685.6837553962298,1640.6218328569962,1679.246337890625,540100,0.0,0.0
2017-08-18 00:00:00+09:00,1647.9790731912506,1666.3716967759744,1639.702392578125,1639.702392578125,338000,0.0,0.0
2017-08-21 00:00:00+09:00,1650.7378619938424,1703.1568358844547,1640.6219196640752,1693.0408935546875,398700,0.0,0.0
2017-08-22 00:00:00+09:00,1696.7193431347873,1716.0315958208744,1650.7377891202943,1662.6929931640625,323800,0.0,0.0
2017-08-23 00:00:00+09:00,1688.4428283884351,1750.058116788231,1669.1305738153649,1745.4599609375,521100,0.0,0.0
2017-08-24 00:00:00+09:00,1750.0580926601003,1785.0040766438542,1731.665469510756,1735.343994140625,443600,0.0,0.0
2017-08-25 00:00:00+09:00,1738.1027942121186,1751.8972608328497,1713.2727542948028,1733.504638671875,305300,0.0,0.0
2017-08-28 00:00:00+09:00,1738.1029128431965,1771.2096349925905,1729.8262323058477,1764.772216796875,255500,0.0,0.0
2017-08-29 00:00:00+09:00,1754.6561576224663,1815.351810873558,1747.2991087435462,1803.3966064453125,383100,0.0,0.0
2017-08-30 00:00:00+09:00,1823.6286489363197,1825.467911315479,1774.8881958886016,1789.602294921875,267400,0.0,0.0
2017-08-31 00:00:00+09:00,1816.2713062489504,1893.520313704602,1810.7535200021182,1882.4847412109375,571800,0.0,0.0
2017-09-01 00:00:00+09:00,1899.0382745916195,1937.662781871449,1796.9592196377841,1820.86962890625,653100,0.0,0.0
2017-09-04 00:00:00+09:00,1809.834122596154,1836.5034262319712,1776.7274008413463,1793.28076171875,279500,0.0,0.0
2017-09-05 00:00:00+09:00,1760.1739342196677,1760.1739342196677,1637.8629973068066,1644.3004150390625,838200,0.0,0.0
2017-09-06 00:00:00+09:00,1652.5772027577868,1700.3980233161647,1635.1042106306872,1680.1661376953125,365500,0.0,0.0
2017-09-07 00:00:00+09:00,1705.9157028525685,1743.6205782255902,1701.3175473192732,1714.1923828125,422000,0.0,0.0
2017-09-08 00:00:00+09:00,1685.6838643337383,1738.1028388383882,1685.6838643337383,1715.112060546875,371100,0.0,0.0
2017-09-11 00:00:00+09:00,1733.5046675201431,1745.4598721237305,1715.112045053086,1731.6654052734375,175500,0.0,0.0
2017-09-12 00:00:00+09:00,1758.3348396881468,1779.4863571111734,1733.5047974958977,1777.6470947265625,273700,0.0,0.0
2017-09-13 00:00:00+09:00,1801.5574372845892,1811.673380015641,1774.888133720907,1805.2359619140625,214600,0.0,0.0
2017-09-14 00:00:00+09:00,1798.7984083084555,1822.7088165988541,1784.0843108989793,1790.521728515625,188300,0.0,0.0
2017-09-15 00:00:00+09:00,1798.7985828488372,1801.557476380814,1772.1292787063953,1779.486328125,569100,0.0,0.0
2017-09-18 00:00:00+09:00,1779.486328125,1779.486328125,1779.486328125,1779.486328125,0,0.0,0.0
2017-09-19 00:00:00+09:00,1793.2808249957563,1808.91455526495,1764.7722580342852,1777.6470947265625,273900,0.0,0.0
2017-09-20 00:00:00+09:00,1770.2899059236358,1783.1647416030805,1750.977652404469,1774.8880615234375,205700,0.0,0.0
2017-09-21 00:00:00+09:00,1798.7984587973735,1804.3162454808012,1725.2279696850067,1728.906494140625,237400,0.0,0.0
2017-09-22 00:00:00+09:00,1726.1475409606298,1728.9064342067045,1671.8893071211642,1682.0052490234375,391700,0.0,0.0
2017-09-25 00:00:00+09:00,1671.8895275485131,1723.3888749317457,1671.8895275485131,1710.5140380859375,249300,0.0,0.0
2017-09-26 00:00:00+09:00,1707.754998214829,1719.7102028334573,1688.4427446001216,1700.39794921875,142400,0.0,0.0
2017-09-27 00:00:00+09:00,1700.397816674184,1749.1382624739308,1685.6837198289775,1736.263427734375,265500,0.0,0.0
2017-09-28 00:00:00+09:00,1753.7364996815668,1782.2450636512199,1739.942033244638,1773.9683837890625,175300,0.0,0.0
2017-09-29 00:00:00+09:00,1793.2807903709506,1888.0028013495187,1790.521896847303,1880.645751953125,413100,0.0,0.0
2017-10-02 00:00:00+09:00,1859.494154807443,1862.2530482122017,1766.6114101805626,1773.048828125,422300,0.0,0.0
2017-10-03 00:00:00+09:00,1775.8077854915277,1779.4863101637006,1680.166144015029,1687.523193359375,493500,0.0,0.0
2017-10-04 00:00:00+09:00,1692.1212158203125,1709.5942066358482,1658.0948652847953,1692.1212158203125,391000,0.0,0.0
2017-10-05 00:00:00+09:00,1693.0410434083933,1693.0410434083933,1642.4613272826673,1652.5772705078125,328000,0.0,0.0
2017-10-06 00:00:00+09:00,1652.5771307442367,1704.0764737167895,1640.6219261256083,1700.39794921875,374700,0.0,0.0
2017-10-09 00:00:00+09:00,1700.39794921875,1700.39794921875,1700.39794921875,1700.39794921875,0,0.0,0.0
2017-10-10 00:00:00+09:00,1820.869738663995,1992.8407695378166,1776.7274419691103,1914.672119140625,1298200,0.0,0.0
2017-10-11 00:00:00+09:00,1899.03811504344,1945.0196674657993,1854.895824717975,1928.46630859375,714800,0.0,0.0
2017-10-12 00:00:00+09:00,1963.412393268786,2013.0724725364744,1950.537557903089,1956.9749755859375,539200,0.0,0.0
2017-10-13 00:00:00+09:00,1941.3412076213042,1974.4479264627855,1906.3952266219628,1963.412353515625,286500,0.0,0.0
2017-10-16 00:00:00+09:00,1976.2872525323148,1980.885408075666,1890.7615594259837,1916.51123046875,394000,0.0,0.0
2017-10-17 00:00:00+09:00,1906.3954568629251,1949.6181227927646,1894.4402513929695,1936.7432861328125,169700,0.0,0.0
2017-10-18 00:00:00+09:00,1944.1003933508418,1944.1003933508418,1888.0028890961582,1894.4403076171875,144000,0.0,0.0
2017-10-19 00:00:00+09:00,1892.6009151847536,1902.7168578801045,1863.1727182528234,1867.7708740234375,178700,0.0,0.0
2017-10-20 00:00:00+09:00,1866.851095973855,1897.1989216719523,1853.0566297474475,1857.65478515625,145700,0.0,0.0
2017-10-23 00:00:00+09:00,1876.047578488461,1891.6813083091984,1853.0567993403183,1877.8868408203125,194200,0.0,0.0
2017-10-24 00:00:00+09:00,1877.8867475921031,1877.8867475921031,1853.056707344803,1876.0474853515625,159300,0.0,0.0
2017-10-25 00:00:00+09:00,1876.0475756835935,1877.8868380126953,1830.9856486206054,1839.2623291015625,258800,0.0,0.0
2017-10-26 00:00:00+09:00,1839.2621635210396,1867.7707270556157,1826.3873283763924,1857.65478515625,139800,0.0,0.0
2017-10-27 00:00:00+09:00,1876.0475448734503,1899.0383236096447,1860.4138153328383,1891.6812744140625,160900,0.0,0.0
2017-10-30 00:00:00+09:00,1911.9132154200518,1963.412561289952,1903.6365348338177,1938.58251953125,436400,0.0,0.0
2017-10-31 00:00:00+09:00,1924.7879461115058,1926.6272083629262,1894.4401189630682,1922.029052734375,130600,0.0,0.0
2017-11-01 00:00:00+09:00,1913.7524429161588,1943.1806400201074,1880.6457211742165,1933.064697265625,265100,0.0,0.0
2017-11-02 00:00:00+09:00,1949.6177016732167,1981.804786370652,1939.5017607683085,1959.733642578125,286200,0.0,0.0
2017-11-03 00:00:00+09:00,1959.733642578125,1959.733642578125,1959.733642578125,1959.733642578125,0,0.0,0.0
2017-11-06 00:00:00+09:00,1975.3676086224534,1975.3676086224534,1934.9038401031853,1952.3768310546875,189200,0.0,0.0
2017-11-07 00:00:00+09:00,1959.7339310720906,2013.9921675494502,1959.7339310720906,1991.9210205078125,287300,0.0,0.0
2017-11-08 00:00:00+09:00,1988.2425323183602,1988.2425323183602,1922.0290899839838,1946.859130859375,230000,0.0,0.0
2017-11-09 00:00:00+09:00,1951.457016179591,2042.500486774209,1951.457016179591,2011.2330322265625,531300,0.0,0.0
2017-11-10 00:00:00+09:00,2013.9923210231336,2019.510108204019,1958.8144492142806,2009.3941650390625,340100,0.0,0.0
2017-11-13 00:00:00+09:00,1876.967143736362,1888.9223484735362,1793.280710576142,1804.3162841796875,866100,0.0,0.0
2017-11-14 00:00:00+09:00,1804.3162436171385,1835.5837014575984,1754.6561635175842,1760.1739501953125,557900,0.0,0.0
2017-11-15 00:00:00+09:00,1751.8973713931457,1754.6562648914025,1690.2820832654077,1718.7906494140625,435300,0.0,0.0
2017-11-16 00:00:00+09:00,1727.0673807110365,1820.869762410997,1714.1925440071204,1816.2716064453125,328000,0.0,0.0
2017-11-17 00:00:00+09:00,1830.0659266702999,1859.4941224760532,1791.4414196752482,1806.155517578125,353200,0.0,0.0
2017-11-20 00:00:00+09:00,1792.3610794425133,1817.1911200504906,1787.7629237743693,1804.3162841796875,158600,0.0,0.0
2017-11-21 00:00:00+09:00,1831.9053287949673,1906.3954551164493,1830.066066416659,1898.1187744140625,392100,0.0,0.0
2017-11-22 00:00:00+09:00,1906.3950994957986,1914.6717786542463,1836.5031421577953,1850.297607421875,327000,0.0,0.0
2017-11-23 00:00:00+09:00,1850.297607421875,1850.297607421875,1850.297607421875,1850.297607421875,0,0.0,0.0
2017-11-24 00:00:00+09:00,1839.2622448507648,1875.1278586253547,1832.8248269937872,1864.09228515625,189400,0.0,0.0
2017-11-27 00:00:00+09:00,1866.85128940372,1882.4850194135051,1854.89608410212,1868.6905517578125,138600,0.0,0.0
2017-11-28 00:00:00+09:00,1861.3334245169629,1911.9131371397066,1844.7800640222467,1900.8775634765625,281900,0.0,0.0
2017-11-29 00:00:00+09:00,1910.0738391533805,1922.0290437316153,1881.5652743898972,1895.3597412109375,202300,0.0,0.0
2017-11-30 00:00:00+09:00,1976.2874185935884,2047.099019911274,1915.5917603212865,1999.2781982421875,1230200,0.0,0.0
2017-12-01 00:00:00+09:00,2032.3845935618954,2098.598028284274,2014.91160384349,2043.420166015625,604900,0.0,0.0
2017-12-04 00:00:00+09:00,2035.1437121851588,2071.928957773684,2023.188507368888,2040.6614990234375,267500,0.0,0.0
2017-12-05 00:00:00+09:00,2023.1883941803467,2026.8669185334018,1965.2516356197275,2016.7509765625,289600,0.0,0.0
2017-12-06 00:00:00+09:00,2022.2692222810733,2035.144060440207,1948.698718514595,1953.296875,211600,0.0,0.0
2017-12-07 00:00:00+09:00,1959.733629570167,2007.5544408032263,1959.733629570167,1976.2869873046875,159000,0.0,0.0
2017-12-08 00:00:00+09:00,1957.8948404386672,2000.1978759765625,1943.1807411211385,2000.1978759765625,204400,0.0,0.0
2017-12-11 00:00:00+09:00,2001.1175028026905,2050.777587890625,1968.9304106160664,2050.777587890625,230100,0.0,0.0
2017-12-12 00:00:00+09:00,2050.777368371054,2111.4730214259816,2037.9025328745538,2060.893310546875,285900,0.0,0.0
2017-12-13 00:00:00+09:00,2048.9380853409157,2048.9380853409157,1950.537557903089,1956.9749755859375,317200,0.0,0.0
2017-12-14 00:00:00+09:00,1960.6530717861153,2001.1168312413633,1941.3408229552012,1996.5186767578125,189100,0.0,0.0
2017-12-15 00:00:00+09:00,1992.8408669323178,2022.2690661671281,1958.8145115670682,2013.07275390625,221800,0.0,0.0
2017-12-18 00:00:00+09:00,2028.7062744696755,2032.3847989927392,1987.322873585208,2018.59033203125,132800,0.0,0.0
2017-12-19 00:00:00+09:00,2018.5903098869758,2029.625883335105,1991.92100738733,2027.78662109375,151000,0.0,0.0
2017-12-20 00:00:00+09:00,2025.9473541161003,2025.9473541161003,1977.2069048341425,1989.162109375,139000,0.0,0.0
2017-12-21 00:00:00+09:00,1990.0819386487917,2012.1530876911074,1980.8856265478269,2007.554931640625,81500,0.0,0.0
2017-12-22 00:00:00+09:00,2008.474118204512,2025.947107328086,1982.7244500224028,2020.4293212890625,144600,0.0,0.0
2017-12-25 00:00:00+09:00,2004.7958212824492,2060.8933190339308,1991.9209857329288,2036.98291015625,213100,0.0,0.0
2017-12-26 00:00:00+09:00,2037.9028785027629,2065.4918163886305,2034.2243534513138,2038.822509765625,123700,0.0,0.0
2017-12-27 00:00:00+09:00,2065.6612069324233,2107.3076022334803,2061.959305127885,2085.09619140625,172300,14.0,0.0
2017-12-28 00:00:00+09:00,2098.9780948925395,2145.2518624166255,2096.2016688410945,2107.307373046875,410700,0.0,0.0
2017-12-29 00:00:00+09:00,2123.0405996034588,2174.8672227847114,2114.7113208779006,2138.773681640625,387500,0.0,0.0
2018-01-01 00:00:00+09:00,2138.773681640625,2138.773681640625,2138.773681640625,2138.773681640625,0,0.0,0.0
2018-01-02 00:00:00+09:00,2138.773681640625,2138.773681640625,2138.773681640625,2138.773681640625,0,0.0,0.0
2018-01-03 00:00:00+09:00,2138.773681640625,2138.773681640625,2138.773681640625,2138.773681640625,0,0.0,0.0
2018-01-04 00:00:00+09:00,2173.941791808334,2174.8672672412026,2084.17067482008,2113.785888671875,312800,0.0,0.0
2018-01-05 00:00:00+09:00,2115.6364486139223,2117.4873991376444,2073.990061830184,2086.021240234375,192300,0.0,0.0
2018-01-08 00:00:00+09:00,2086.021240234375,2086.021240234375,2086.021240234375,2086.021240234375,0,0.0,0.0
2018-01-09 00:00:00+09:00,2084.1706411710347,2086.021592006888,2016.6109356623822,2065.6611328125,422400,0.0,0.0
2018-01-10 00:00:00+09:00,2061.0337451700702,2061.9592205832582,2023.0892532293549,2050.853515625,239800,0.0,0.0
2018-01-11 00:00:00+09:00,2046.2261197473879,2123.0405783358246,2046.2261197473879,2109.158447265625,249600,0.0,0.0
2018-01-12 00:00:00+09:00,2100.8290557347564,2199.8549187143244,2094.350728250112,2198.929443359375,399900,0.0,0.0
2018-01-15 00:00:00+09:00,2213.7371158538126,2290.551572633021,2202.631411259228,2287.775146484375,384900,0.0,0.0
2018-01-16 00:00:00+09:00,2277.594516587896,2322.942802371239,2247.979309545713,2314.613525390625,214500,0.0,0.0
2018-01-17 00:00:00+09:00,2309.061147927373,2318.3159020272824,2274.8185577577083,2296.1044921875,134900,0.0,0.0
2018-01-18 00:00:00+09:00,2299.806318081491,2311.8374980151166,2272.9675320757115,2276.66943359375,184600,0.0,0.0
2018-01-19 00:00:00+09:00,2290.551288874925,2319.241022190126,2273.8927340467435,2312.7626953125,182500,0.0,0.0
2018-01-22 00:00:00+09:00,2332.19805973572,2347.0056664642007,2296.104518335048,2333.12353515625,189600,0.0,0.0
2018-01-23 00:00:00+09:00,2331.2725675367683,2405.310600646312,2309.9866330177742,2395.13037109375,260700,0.0,0.0
2018-01-24 00:00:00+09:00,2397.9068156484436,2432.1494062231222,2369.217077599388,2421.043701171875,215200,0.0,0.0
2018-01-25 00:00:00+09:00,2396.0554753310175,2414.5649807410678,2362.738365592927,2389.5771484375,133500,0.0,0.0
2018-01-26 00:00:00+09:00,2415.4904721353164,2430.2980765621996,2396.9809666017127,2408.086669921875,148000,0.0,0.0
2018-01-29 00:00:00+09:00,2416.4161304208415,2424.7454085417867,2398.83209883218,2407.161376953125,103300,0.0,0.0
2018-01-30 00:00:00+09:00,2384.949586712237,2421.043119456427,2370.1419835351335,2386.800537109375,150400,0.0,0.0
2018-01-31 00:00:00+09:00,2386.8008989081322,2429.372764495482,2370.142342808735,2381.248046875,151100,0.0,0.0
2018-02-01 00:00:00+09:00,2389.577164388271,2418.266897965357,2361.812906087865,2408.086669921875,165400,0.0,0.0
2018-02-02 00:00:00+09:00,2421.0435071547,2421.0435071547,2371.993313775801,2407.161376953125,135500,0.0,0.0
2018-02-05 00:00:00+09:00,2336.8250587807265,2364.5893169048536,2293.327721052927,2320.16650390625,257000,0.0,0.0
2018-02-06 00:00:00+09:00,2088.7977618283426,2212.8114526059226,2052.704224960241,2127.667724609375,400800,0.0,0.0
2018-02-07 00:00:00+09:00,2239.6502000762193,2256.3087552833977,2086.021302054462,2086.94677734375,253400,0.0,0.0
2018-02-08 00:00:00+09:00,2124.891452891791,2184.121876665778,2124.891452891791,2170.23974609375,270100,0.0,0.0
2018-02-09 00:00:00+09:00,2048.0768992817484,2127.6677774282603,2004.5795588993526,2117.487548828125,286400,0.0,0.0
2018-02-12 00:00:00+09:00,2117.487548828125,2117.487548828125,2117.487548828125,2117.487548828125,0,0.0,0.0
2018-02-13 00:00:00+09:00,2254.4579154349663,2262.787193447657,1966.6350863297632,1986.070068359375,1017700,0.0,0.0
2018-02-14 00:00:00+09:00,2018.4618298833163,2167.4633679902463,2018.4618298833163,2152.65576171875,471600,0.0,0.0
2018-02-15 00:00:00+09:00,2152.6555930544105,2260.9362054307503,2123.0403828318217,2245.203125,372800,0.0,0.0
2018-02-16 00:00:00+09:00,2258.1599200903406,2357.185785438565,2223.917331138151,2349.781982421875,338300,0.0,0.0
2018-02-19 00:00:00+09:00,2382.1736912288948,2452.50982197225,2334.0489701939678,2446.031494140625,316700,0.0,0.0
2018-02-20 00:00:00+09:00,2399.75752659468,2399.75752659468,2297.9552404684114,2347.930908203125,426400,0.0,0.0
2018-02-21 00:00:00+09:00,2355.3345963081565,2378.4714783936984,2334.048664789458,2357.185546875,278300,0.0,0.0
2018-02-22 00:00:00+09:00,2347.005689803725,2408.087068166125,2339.6018863658583,2366.440673828125,320800,0.0,0.0
2018-02-23 00:00:00+09:00,2410.863197111141,2496.932401460982,2400.682968639654,2457.136962890625,446900,0.0,0.0
2018-02-26 00:00:00+09:00,2471.019048980678,2472.8699995791653,2396.981025041182,2405.310302734375,295500,0.0,0.0
2018-02-27 00:00:00+09:00,2416.4161280811827,2420.118029464685,2315.5393153807427,2326.64501953125,256100,0.0,0.0
2018-02-28 00:00:00+09:00,2312.762868938394,2408.0868287225694,2302.5826402235793,2377.546142578125,305500,0.0,0.0
2018-03-01 00:00:00+09:00,2336.825186277451,2352.558266739517,2262.787160573611,2325.719482421875,350000,0.0,0.0
2018-03-02 00:00:00+09:00,2254.458048893855,2328.496080056215,2242.4268688299717,2309.986572265625,351000,0.0,0.0
2018-03-05 00:00:00+09:00,2288.700558758422,2309.0610166204056,2201.7058751663108,2206.333251953125,375300,0.0,0.0
2018-03-06 00:00:00+09:00,2234.097462275257,2322.01761924135,2217.4389062185232,2297.02978515625,388700,0.0,0.0
2018-03-07 00:00:00+09:00,2288.7004144395637,2292.4023156355843,2179.4943291569643,2185.97265625,447500,0.0,0.0
2018-03-08 00:00:00+09:00,2194.302243515163,2211.8862766770303,2140.624668599988,2190.600341796875,493200,0.0,0.0
2018-03-09 00:00:00+09:00,2202.631070128873,2223.9170006385216,2159.1337338700255,2165.612060546875,374100,0.0,0.0
2018-03-12 00:00:00+09:00,2198.9295478723407,2237.79951462766,2153.581253324468,2174.8671875,497800,0.0,0.0
2018-03-13 00:00:00+09:00,2180.419901217726,2296.1043187271557,2180.419901217726,2231.321044921875,456700,0.0,0.0
2018-03-14 00:00:00+09:00,2222.0661002604165,2295.178645833333,2222.0661002604165,2290.55126953125,256600,0.0,0.0
2018-03-15 00:00:00+09:00,2301.657273670652,2372.9188780424415,2284.9987168045195,2364.589599609375,294200,0.0,0.0
2018-03-16 00:00:00+09:00,2376.6204183923196,2384.0242203187754,2289.6257457564634,2304.433349609375,185600,0.0,0.0
2018-03-19 00:00:00+09:00,2292.4023314487254,2304.433510418783,2231.320961293047,2277.5947265625,170500,0.0,0.0
2018-03-20 00:00:00+09:00,2240.575972756692,2315.539481138886,2223.9174153384265,2303.50830078125,238600,0.0,0.0
2018-03-21 00:00:00+09:00,2303.50830078125,2303.50830078125,2303.50830078125,2303.50830078125,0,0.0,0.0
2018-03-22 00:00:00+09:00,2295.1789954478345,2359.036798143762,2288.700667638103,2350.70751953125,170300,0.0,0.0
2018-03-23 00:00:00+09:00,2259.085665201075,2286.8499298286997,2207.259037896175,2214.662841796875,227200,0.0,0.0
2018-03-26 00:00:00+09:00,2195.227819342362,2257.2346759595366,2143.401192916067,2250.75634765625,160600,0.0,0.0
2018-03-27 00:00:00+09:00,2294.2533382798174,2321.0921227937806,2259.085275813245,2271.116455078125,151500,0.0,0.0
2018-03-28 00:00:00+09:00,2248.9050968634688,2307.2100438191883,2238.7248680299303,2257.234375,118400,0.0,0.0
2018-03-29 00:00:00+09:00,2298.880571928253,2398.831901142525,2288.7003439527257,2389.5771484375,340500,0.0,0.0
2018-03-30 00:00:00+09:00,2396.9808700236867,2486.7519682446514,2390.5025433479473,2435.850830078125,350500,0.0,0.0
2018-04-02 00:00:00+09:00,2421.969058667495,2440.478566185015,2390.502895887711,2426.596435546875,132300,0.0,0.0
2018-04-03 00:00:00+09:00,2380.32262579924,2468.24278499478,2380.32262579924,2451.584228515625,176900,0.0,0.0
2018-04-04 00:00:00+09:00,2494.1559505717155,2512.665456698407,2396.0555681002493,2427.521728515625,226600,0.0,0.0
2018-04-05 00:00:00+09:00,2444.1805544464014,2451.5843577162127,2361.813243069753,2376.620849609375,217800,0.0,0.0
2018-04-06 00:00:00+09:00,2385.875635176259,2444.1805866953064,2378.471831808761,2421.043701171875,181500,0.0,0.0
2018-04-09 00:00:00+09:00,2424.745251451345,2519.143730706321,2419.1923997304643,2510.814453125,287500,0.0,0.0
2018-04-10 00:00:00+09:00,2494.1560443581097,2495.0815196992444,2371.9932993283246,2388.65185546875,261100,0.0,0.0
2018-04-11 00:00:00+09:00,2402.534027505873,2404.3849782204384,2307.210065705756,2363.6640625,187200,0.0,0.0
2018-04-12 00:00:00+09:00,2376.6206760339983,2425.6708691141394,2354.409267846765,2388.65185546875,177400,0.0,0.0
2018-04-13 00:00:00+09:00,2413.639539163722,2419.192390864252,2336.825090639723,2357.185546875,207300,0.0,0.0
2018-04-16 00:00:00+09:00,2395.1301469046093,2414.56512877671,2339.601627270036,2344.22900390625,216000,0.0,0.0
2018-04-17 00:00:00+09:00,2327.5703266156224,2344.228881637126,2219.28971897585,2272.96728515625,301700,0.0,0.0
2018-04-18 00:00:00+09:00,2258.159950451973,2319.24132616092,2254.458048893855,2309.986572265625,268500,0.0,0.0
2018-04-19 00:00:00+09:00,2316.4647762088152,2316.4647762088152,2231.321044921875,2231.321044921875,191800,0.0,0.0
2018-04-20 00:00:00+09:00,2222.991895257319,2282.2223204431925,2214.6626167155555,2240.575927734375,230400,0.0,0.0
2018-04-23 00:00:00+09:00,2233.171630859375,2260.935886526918,2205.407375191832,2233.171630859375,145300,0.0,0.0
2018-04-24 00:00:00+09:00,2242.4268110537805,2242.4268110537805,2210.9606486205043,2232.24658203125,162200,0.0,0.0
2018-04-25 00:00:00+09:00,2206.3332548157455,2250.7560720268007,2186.8982722859087,2210.03515625,163200,0.0,0.0
2018-04-26 00:00:00+09:00,2210.035204068172,2223.9173347469923,2159.1340582458315,2192.451171875,224600,0.0,0.0
2018-04-27 00:00:00+09:00,2210.035023381555,2235.0228565604925,2188.7490914143127,2197.078369140625,110200,0.0,0.0
2018-04-30 00:00:00+09:00,2197.078369140625,2197.078369140625,2197.078369140625,2197.078369140625,0,0.0,0.0
2018-05-01 00:00:00+09:00,2184.121805652337,2187.8237070178498,2156.3575454109937,2158.20849609375,131400,0.0,0.0
2018-05-02 00:00:00+09:00,2171.1653878348216,2242.4269968984536,2150.804928102355,2235.023193359375,221100,0.0,0.0
2018-05-03 00:00:00+09:00,2235.023193359375,2235.023193359375,2235.023193359375,2235.023193359375,0,0.0,0.0
2018-05-04 00:00:00+09:00,2235.023193359375,2235.023193359375,2235.023193359375,2235.023193359375,0,0.0,0.0
2018-05-07 00:00:00+09:00,2240.575957150101,2286.849727434077,2223.91739984787,2281.296875,148600,0.0,0.0
2018-05-08 00:00:00+09:00,2276.66918627214,2287.7748896198086,2231.3208976024916,2272.96728515625,156300,0.0,0.0
2018-05-09 00:00:00+09:00,2284.073062907526,2321.092075272316,2248.905001160976,2288.700439453125,177600,0.0,0.0
2018-05-10 00:00:00+09:00,2297.9552844042446,2297.9552844042446,2225.7682074072527,2249.83056640625,151400,0.0,0.0
2018-05-11 00:00:00+09:00,2248.9048828125,2292.402220052083,2228.544427083333,2290.55126953125,221800,0.0,0.0
2018-05-14 00:00:00+09:00,2377.5460354052825,2580.225125227687,2359.962004781421,2540.4296875,747400,0.0,0.0
2018-05-15 00:00:00+09:00,2534.877168367347,2575.598086734694,2480.2741187384045,2494.15625,249700,0.0,0.0
2018-05-16 00:00:00+09:00,2478.422786531402,2483.975638181584,2424.745220579639,2473.79541015625,222400,0.0,0.0
2018-05-17 00:00:00+09:00,2474.721247795686,2503.4109855225615,2453.435313353165,2468.242919921875,120700,0.0,0.0
2018-05-18 00:00:00+09:00,2462.6898766942772,2467.317253388554,2434.9256165286142,2458.0625,140600,0.0,0.0
2018-05-21 00:00:00+09:00,2520.9946976684746,2678.3254974495467,2520.9946976684746,2602.4365234375,369700,0.0,0.0
2018-05-22 00:00:00+09:00,2640.381186727542,2668.1454473661074,2576.5233872588424,2590.405517578125,226400,0.0,0.0
2018-05-23 00:00:00+09:00,2572.821188482827,2658.8903865148063,2569.119287492204,2596.883544921875,182600,0.0,0.0
2018-05-24 00:00:00+09:00,2607.989175470764,2613.5420268024973,2564.491840038853,2584.852294921875,140900,0.0,0.0
2018-05-25 00:00:00+09:00,2590.405347737399,2629.275310082869,2568.1939406828446,2606.138427734375,198500,0.0,0.0
2018-05-28 00:00:00+09:00,2604.2875555203045,2607.063981485678,2521.920251880892,2552.4609375,162800,0.0,0.0
2018-05-29 00:00:00+09:00,2554.311944094193,2584.852630382276,2502.485324938659,2545.982666015625,152200,0.0,0.0
2018-05-30 00:00:00+09:00,2505.2618588204355,2570.0451355538785,2505.2618588204355,2529.32421875,116200,0.0,0.0
2018-05-31 00:00:00+09:00,2572.821442018072,2621.8716349774095,2549.6845585466867,2611.69140625,204800,0.0,0.0
2018-06-01 00:00:00+09:00,2616.318452468364,2616.318452468364,2535.8021081582306,2584.852294921875,175400,0.0,0.0
2018-06-04 00:00:00+09:00,2608.914713133892,2608.914713133892,2554.311673731657,2585.77783203125,152200,0.0,0.0
2018-06-05 00:00:00+09:00,2585.7775107889584,2589.479411305478,2535.8018538159436,2570.04443359375,113400,0.0,0.0
2018-06-06 00:00:00+09:00,2545.982536151695,2578.374171471691,2524.6966043699836,2536.727783203125,103500,0.0,0.0
2018-06-07 00:00:00+09:00,2533.9514629761056,2551.5354943115863,2494.1560236379128,2516.367431640625,122800,0.0,0.0
2018-06-08 00:00:00+09:00,2492.305056171678,2577.4487862748324,2491.37958084447,2570.970458984375,127300,0.0,0.0
2018-06-11 00:00:00+09:00,2589.480042223506,2605.2131232520264,2565.4176830034166,2590.405517578125,87300,0.0,0.0
2018-06-12 00:00:00+09:00,2604.2875857895147,2604.2875857895147,2563.5666711574117,2589.47998046875,64800,0.0,0.0
2018-06-13 00:00:00+09:00,2605.2130440994706,2647.784909118503,2587.629012895957,2644.0830078125,128100,0.0,0.0
2018-06-14 00:00:00+09:00,2637.604498679693,2670.9216081366994,2619.0949934258006,2645.00830078125,116400,0.0,0.0
2018-06-15 00:00:00+09:00,2646.85965673396,2655.188935374032,2602.4368373202433,2614.468017578125,83000,0.0,0.0
2018-06-18 00:00:00+09:00,2591.330621475564,2591.330621475564,2545.9823355997414,2584.852294921875,95100,0.0,0.0
2018-06-19 00:00:00+09:00,2549.6844087554878,2588.554370703847,2491.3794658329484,2503.41064453125,126500,0.0,0.0
2018-06-20 00:00:00+09:00,2503.41088032894,2574.672483946437,2467.3173408343637,2572.821533203125,142800,0.0,0.0
2018-06-21 00:00:00+09:00,2572.8213140669454,2620.9460292940967,2558.013709381668,2602.4365234375,85100,0.0,0.0
2018-06-22 00:00:00+09:00,2591.330945872516,2627.424484047169,2573.7469144540955,2607.989501953125,106600,0.0,0.0
2018-06-25 00:00:00+09:00,2620.020559740258,2628.349837393971,2531.1749314339827,2536.727783203125,98900,0.0,0.0
2018-06-26 00:00:00+09:00,2509.8890697337965,2562.6411630135995,2490.4540879991323,2548.759033203125,109900,0.0,0.0
2018-06-27 00:00:00+09:00,2545.0379636430407,2568.293061995042,2513.411029884319,2532.9453125,107800,14.0,0.0
2018-06-28 00:00:00+09:00,2527.3641357421875,2539.456787109375,2463.1800631009614,2539.456787109375,145900,0.0,0.0
2018-06-29 00:00:00+09:00,2567.363015542182,2652.011578735783,2567.363015542182,2632.477294921875,242800,0.0,0.0
2018-07-02 00:00:00+09:00,2616.6639092155765,2616.6639092155765,2364.5786197035177,2404.577392578125,467600,0.0,0.0
2018-07-03 00:00:00+09:00,2426.9026787336484,2447.367170466933,2269.698174055233,2279.930419921875,208000,0.0,0.0
2018-07-04 00:00:00+09:00,2252.0240506606087,2318.998743617058,2212.9554797693468,2304.115478515625,267200,0.0,0.0
2018-07-05 00:00:00+09:00,2294.8135195457116,2302.255152361425,2239.001273427859,2261.326171875,160000,0.0,0.0
2018-07-06 00:00:00+09:00,2278.999726695153,2335.742168870012,2260.39564729356,2328.300537109375,139100,0.0,0.0
2018-07-09 00:00:00+09:00,2329.230849219053,2425.041862585492,2308.7663609271926,2397.1357421875,189600,0.0,0.0
2018-07-10 00:00:00+09:00,2418.530548605713,2436.204425691678,2372.020345747911,2393.4150390625,141400,0.0,0.0
2018-07-11 00:00:00+09:00,2396.205434468822,2435.2740013351618,2357.1368676024827,2416.669921875,154500,0.0,0.0
2018-07-12 00:00:00+09:00,2395.275060958623,2402.7166922159704,2372.9501671865814,2373.88037109375,156600,0.0,0.0
2018-07-13 00:00:00+09:00,2397.135752169885,2397.135752169885,2345.044327210043,2388.763916015625,208900,0.0,0.0
2018-07-16 00:00:00+09:00,2388.763916015625,2388.763916015625,2388.763916015625,2388.763916015625,0,0.0,0.0
2018-07-17 00:00:00+09:00,2368.2997306763655,2380.392384446512,2333.8821776382565,2362.718505859375,182000,0.0,0.0
2018-07-18 00:00:00+09:00,2397.1357649089523,2507.8300435368783,2396.2055608868686,2468.761474609375,240500,0.0,0.0
2018-07-19 00:00:00+09:00,2465.040620454439,2519.9226569098396,2457.5989883926895,2478.0634765625,146100,0.0,0.0
2018-07-20 00:00:00+09:00,2474.342687003184,2522.7132959220435,2456.668810667447,2501.318603515625,145200,0.0,0.0
2018-07-23 00:00:00+09:00,2496.6674237582174,2565.502516663623,2496.6674237582174,2546.8984375,161300,0.0,0.0
2018-07-24 00:00:00+09:00,2564.5727902325716,2623.175650509921,2534.806258028204,2619.454833984375,177700,0.0,0.0
2018-07-25 00:00:00+09:00,2617.5942950581393,2691.0804177694376,2580.3861316600137,2679.91796875,200500,0.0,0.0
2018-07-26 00:00:00+09:00,2682.708612526193,2742.241674662697,2643.6400404991127,2718.986572265625,209200,0.0,0.0
2018-07-27 00:00:00+09:00,2724.5673924296498,2732.9392280499524,2660.3833193406617,2692.01025390625,191500,0.0,0.0
2018-07-30 00:00:00+09:00,2670.615679716944,2670.615679716944,2577.5952798661274,2591.54833984375,331600,0.0,0.0
2018-07-31 00:00:00+09:00,2591.54862987547,2604.57148731203,2541.317608334452,2598.06005859375,142100,0.0,0.0
2018-08-01 00:00:00+09:00,2606.431622275132,2640.849170463633,2578.5255021222933,2598.989990234375,96600,0.0,0.0
2018-08-02 00:00:00+09:00,2608.292193068274,2640.8493352784703,2577.595458984375,2577.595458984375,116800,0.0,0.0
2018-08-03 00:00:00+09:00,2609.222601442921,2609.222601442921,2505.969942348388,2506.900146484375,164700,0.0,0.0
2018-08-06 00:00:00+09:00,2519.9227745386356,2540.3872636637184,2448.2970626008446,2450.157470703125,146700,0.0,0.0
2018-08-07 00:00:00+09:00,2465.0407535573195,2491.0864671798117,2433.41381558715,2457.59912109375,102400,0.0,0.0
2018-08-08 00:00:00+09:00,2470.621900826446,2520.8529183884298,2463.180268595041,2476.203125,135800,0.0,0.0
2018-08-09 00:00:00+09:00,2476.2034099968114,2517.13239198023,2476.2034099968114,2506.900146484375,97800,0.0,0.0
2018-08-10 00:00:00+09:00,2545.968312118993,2573.8744317257047,2451.087505456173,2455.738525390625,361100,0.0,0.0
2018-08-13 00:00:00+09:00,2511.5509067608514,2692.9406944713573,2399.9264220159243,2475.27294921875,545200,0.0,0.0
2018-08-14 00:00:00+09:00,2521.7832224776107,2597.1297518102133,2422.251387433308,2593.408935546875,362100,0.0,0.0
2018-08-15 00:00:00+09:00,2638.0587488264487,2645.5003814042384,2532.945688665169,2600.8505859375,183300,0.0,0.0
2018-08-16 00:00:00+09:00,2590.618542839499,2610.1528298770677,2504.109557387408,2530.1552734375,208800,0.0,0.0
2018-08-17 00:00:00+09:00,2530.154902506634,2555.270410730045,2433.413685646086,2453.878173828125,214700,0.0,0.0
2018-08-20 00:00:00+09:00,2428.7625567676573,2443.6458202331046,2286.441349879319,2288.3017578125,400700,0.0,0.0
2018-08-21 00:00:00+09:00,2269.69793729158,2282.7207943088265,2212.02528478663,2231.5595703125,282400,0.0,0.0
2018-08-22 00:00:00+09:00,2213.8856088350853,2247.3729541788093,2144.1203060356606,2234.35009765625,364400,0.0,0.0
2018-08-23 00:00:00+09:00,2224.1176663208007,2233.419705912272,2181.3282842000326,2232.489501953125,201700,0.0,0.0
2018-08-24 00:00:00+09:00,2232.489755128721,2313.417508752137,2213.8856738359814,2312.4873046875,286100,0.0,0.0
2018-08-27 00:00:00+09:00,2325.5098230698527,2379.4616509650737,2310.626560202206,2372.02001953125,273300,0.0,0.0
2018-08-28 00:00:00+09:00,2404.5773890599817,2481.784322635215,2403.647185041003,2452.947998046875,452600,0.0,0.0
2018-08-29 00:00:00+09:00,2436.20487431577,2477.1338603676577,2412.019564376018,2426.90283203125,174200,0.0,0.0
2018-08-30 00:00:00+09:00,2451.087742617013,2505.969783153789,2433.413865156018,2504.109375,190200,0.0,0.0
2018-08-31 00:00:00+09:00,2470.621990076795,2522.713417578414,2470.621990076795,2513.411376953125,160100,0.0,0.0
2018-09-03 00:00:00+09:00,2509.690299793376,2511.550707725024,2400.856435791958,2409.228271484375,208500,0.0,0.0
2018-09-04 00:00:00+09:00,2394.3451764841934,2425.97211354731,2361.7880353898086,2403.647216796875,178900,0.0,0.0
2018-09-05 00:00:00+09:00,2398.066140951165,2407.368181839261,2338.5330792673503,2350.625732421875,174400,0.0,0.0
2018-09-06 00:00:00+09:00,2325.5103132075956,2325.5103132075956,2245.5127584332545,2259.4658203125,193000,0.0,0.0
2018-09-07 00:00:00+09:00,2232.4896162974683,2274.3487966030457,2195.281456025844,2204.58349609375,189000,0.0,0.0
2018-09-10 00:00:00+09:00,2199.0020852913535,2244.582077752976,2189.7000460134714,2226.908203125,128700,0.0,0.0
2018-09-11 00:00:00+09:00,2253.8844213581406,2259.465645678466,2210.1648308489234,2225.048095703125,92400,0.0,0.0
2018-09-12 00:00:00+09:00,2237.1408553427154,2252.0241209084047,2183.1890176670904,2205.513916015625,105800,0.0,0.0
2018-09-13 00:00:00+09:00,2222.2574451710166,2265.046830887997,2214.8158128724112,2234.35009765625,119500,0.0,0.0
2018-09-14 00:00:00+09:00,2263.1864284772814,2279.9301011910466,2247.3729598031696,2274.348876953125,132500,0.0,0.0
2018-09-17 00:00:00+09:00,2274.348876953125,2274.348876953125,2274.348876953125,2274.348876953125,0,0.0,0.0
2018-09-18 00:00:00+09:00,2249.2334628391036,2333.8820340212205,2195.281626261491,2327.37060546875,207100,0.0,0.0
2018-09-19 00:00:00+09:00,2370.1596400940534,2405.50738982858,2326.440054896086,2395.275146484375,179200,0.0,0.0
2018-09-20 00:00:00+09:00,2384.113235688545,2397.136093784386,2345.0446614010234,2377.601806640625,136400,0.0,0.0
2018-09-21 00:00:00+09:00,2401.7869892528706,2426.9024999847943,2375.7412744197645,2389.6943359375,134400,0.0,0.0
2018-09-24 00:00:00+09:00,2389.6943359375,2389.6943359375,2389.6943359375,2389.6943359375,0,0.0,0.0
2018-09-25 00:00:00+09:00,2418.5303572066814,2442.7156607787483,2388.7638297333683,2439.925048828125,135600,0.0,0.0
2018-09-26 00:00:00+09:00,2443.645974065337,2493.876991423361,2436.2043418641483,2484.574951171875,114400,0.0,0.0
2018-09-27 00:00:00+09:00,2455.738747465238,2468.7616044593715,2408.29833984375,2408.29833984375,127600,0.0,0.0
2018-09-28 00:00:00+09:00,2428.762703487681,2469.6916804901543,2424.1116833737633,2444.576171875,95300,0.0,0.0
2018-10-01 00:00:00+09:00,2458.5293994915087,2491.0865425040715,2450.15756271685,2463.180419921875,140800,0.0,0.0
2018-10-02 00:00:00+09:00,2460.390184255522,2467.831818083138,2419.461198203634,2426.90283203125,88300,0.0,0.0
2018-10-03 00:00:00+09:00,2423.181673417105,2426.902489806229,2330.161263689001,2333.882080078125,134800,0.0,0.0
2018-10-04 00:00:00+09:00,2370.160115090706,2380.3923604855245,2318.0686839898112,2339.46337890625,131400,0.0,0.0
2018-10-05 00:00:00+09:00,2339.4633046618114,2362.718407093837,2325.5102432025956,2333.882080078125,103000,0.0,0.0
2018-10-08 00:00:00+09:00,2333.882080078125,2333.882080078125,2333.882080078125,2333.882080078125,0,0.0,0.0
2018-10-09 00:00:00+09:00,2318.06863184025,2324.5800605813743,2279.000059393504,2317.138427734375,118400,0.0,0.0
2018-10-10 00:00:00+09:00,2317.138639048526,2322.7198641927616,2246.4431205548735,2262.256591796875,132400,0.0,0.0
2018-10-11 00:00:00+09:00,2148.7713740422173,2181.3285160731602,2122.725660417463,2128.306884765625,242000,0.0,0.0
2018-10-12 00:00:00+09:00,2123.6555843791557,2199.0021031416222,2117.144156831782,2185.979248046875,164000,0.0,0.0
2018-10-15 00:00:00+09:00,2187.8400539672475,2200.8629114313385,2107.842500973547,2108.772705078125,151900,0.0,0.0
2018-10-16 00:00:00+09:00,2106.9123339976077,2119.0049875702207,2019.4731466264045,2059.471923828125,244200,0.0,0.0
2018-10-17 00:00:00+09:00,2105.9818838986034,2159.93371661332,2088.308007664472,2147.841064453125,156300,0.0,0.0
2018-10-18 00:00:00+09:00,2148.771481574975,2158.0735226207544,2100.4008681369237,2108.772705078125,119000,0.0,0.0
2018-10-19 00:00:00+09:00,2047.3790422773402,2124.585975720784,2047.3790422773402,2115.283935546875,127700,0.0,0.0
2018-10-22 00:00:00+09:00,2092.028975048376,2119.9350974367494,2060.4020363415534,2110.633056640625,98600,0.0,0.0
2018-10-23 00:00:00+09:00,2080.8666811259864,2088.3083143173176,2029.7054529355844,2033.42626953125,119800,0.0,0.0
2018-10-24 00:00:00+09:00,2051.10015701921,2070.634444228917,2010.1711742941104,2037.1470947265625,80400,0.0,0.0
2018-10-25 00:00:00+09:00,1917.150469342669,1932.03373353941,1861.3382286048911,1862.2684326171875,241100,0.0,0.0
2018-10-26 00:00:00+09:00,1879.01217220657,1933.8942108997323,1839.9436022894038,1852.0362548828125,257600,0.0,0.0
2018-10-29 00:00:00+09:00,1852.9663887363988,1880.8725090486942,1770.1782318099233,1773.8990478515625,144500,0.0,0.0
2018-10-30 00:00:00+09:00,1762.7367144317852,1902.2673250728235,1759.0158981480242,1898.5465087890625,324900,0.0,0.0
2018-10-31 00:00:00+09:00,1945.0566105396822,1972.9627312073965,1900.4068174713393,1970.172119140625,173300,0.0,0.0
2018-11-01 00:00:00+09:00,1950.6378557527814,1977.6137726897537,1917.1505105896435,1941.3358154296875,112700,0.0,0.0
2018-11-02 00:00:00+09:00,1935.7548016825147,1977.6139876871823,1927.3829644815812,1966.4515380859375,160400,0.0,0.0
2018-11-05 00:00:00+09:00,1936.6846358052799,2016.6821759970446,1921.801372513789,1986.9156494140625,119100,0.0,0.0
2018-11-06 00:00:00+09:00,1996.2177838973855,2015.7520678963815,1975.7532958984375,1975.7532958984375,142600,0.0,0.0
2018-11-07 00:00:00+09:00,1959.0096055952047,2003.659397175722,1948.777361691336,1968.3116455078125,231400,0.0,0.0
2018-11-08 00:00:00+09:00,2004.589885260777,2025.0543759687755,1969.2421285833248,1983.1951904296875,132500,0.0,0.0
2018-11-09 00:00:00+09:00,1985.9857100286154,1985.9857100286154,1895.7559143036617,1905.9881591796875,191100,0.0,0.0
2018-11-12 00:00:00+09:00,2033.4258852820415,2103.1911832674728,1996.2177263564781,2001.7989501953125,399200,0.0,0.0
2018-11-13 00:00:00+09:00,1943.1964687293682,2040.8679044481732,1921.8017732862015,1981.3348388671875,257200,0.0,0.0
2018-11-14 00:00:00+09:00,1991.566641191614,2041.7976540941581,1971.1021544535404,2012.0311279296875,271600,0.0,0.0
2018-11-15 00:00:00+09:00,1985.0554381478403,2114.353800801331,1979.4742138606393,2080.866455078125,288500,0.0,0.0
2018-11-16 00:00:00+09:00,2098.540248928044,2175.7471818451663,2047.3790283203125,2047.3790283203125,391900,0.0,0.0
2018-11-19 00:00:00+09:00,2046.4490943077835,2097.610321665478,1948.7776602612755,2058.541748046875,361700,0.0,0.0
2018-11-20 00:00:00+09:00,1999.9385812106789,2004.589601166983,1960.8700135777262,1968.3116455078125,166900,0.0,0.0
2018-11-21 00:00:00+09:00,1913.4294343784034,1983.1947273187925,1905.0575992255567,1921.80126953125,168900,0.0,0.0
2018-11-22 00:00:00+09:00,1935.7548355317451,1986.9160637654047,1915.2903442382812,1981.3348388671875,128000,0.0,0.0
2018-11-23 00:00:00+09:00,1981.3348388671875,1981.3348388671875,1981.3348388671875,1981.3348388671875,0,0.0,0.0
2018-11-26 00:00:00+09:00,1983.1946862164666,2079.005686535555,1963.6604045980116,2024.1236572265625,125100,0.0,0.0
2018-11-27 00:00:00+09:00,2036.2168120629497,2049.2396697006297,1991.5670144480473,2003.65966796875,114000,0.0,0.0
2018-11-28 00:00:00+09:00,1993.4271964399209,2060.4018852610475,1993.4271964399209,2035.286376953125,108000,0.0,0.0
2018-11-29 00:00:00+09:00,2081.7968204613585,2144.1204964984054,2070.6343710218875,2123.656005859375,140600,0.0,0.0
2018-11-30 00:00:00+09:00,2111.5630525121023,2152.4920279792973,2099.4704006695224,2149.701416015625,102300,0.0,0.0
2018-12-03 00:00:00+09:00,2157.1432716562904,2197.1420472842424,2140.399598137613,2166.4453125,136600,0.0,0.0
2018-12-04 00:00:00+09:00,2176.6773818471424,2183.188809912497,2107.84228515625,2107.84228515625,97400,0.0,0.0
2018-12-05 00:00:00+09:00,2061.3323619653147,2119.93522243635,2051.100116486245,2098.54052734375,80300,0.0,0.0
2018-12-06 00:00:00+09:00,2071.5644699195304,2071.5644699195304,2003.6595726118853,2014.822021484375,117200,0.0,0.0
2018-12-07 00:00:00+09:00,2025.0541628405542,2051.099875545899,1972.9627374298645,2010.1708984375,137500,0.0,0.0
2018-12-10 00:00:00+09:00,1972.9627153883805,2002.729243861944,1906.9182303376615,1926.4525146484375,130300,0.0,0.0
2018-12-11 00:00:00+09:00,1946.9169378872575,1965.5210175612876,1887.3838829303609,1888.3140869140625,135200,0.0,0.0
2018-12-12 00:00:00+09:00,1919.9410198870376,1972.0324429072284,1887.3838804994182,1960.8699951171875,95600,0.0,0.0
2018-12-13 00:00:00+09:00,1943.196238152201,2000.8688885904185,1943.196238152201,1985.055419921875,108600,0.0,0.0
2018-12-14 00:00:00+09:00,1995.287656048271,1999.9386762255397,1861.3382749429327,1868.7799072265625,215700,0.0,0.0
2018-12-17 00:00:00+09:00,1865.0589695626604,1895.7557007325197,1835.2924423676454,1856.6871337890625,94300,0.0,0.0
2018-12-18 00:00:00+09:00,1794.3634810375288,1795.2936850194042,1713.4357346143743,1715.296142578125,188900,0.0,0.0
2018-12-19 00:00:00+09:00,1678.088111514137,1764.5970884380918,1678.088111514137,1719.01708984375,145400,0.0,0.0
2018-12-20 00:00:00+09:00,1677.1576153896206,1677.1576153896206,1557.161313456586,1591.578857421875,334800,0.0,0.0
2018-12-21 00:00:00+09:00,1581.3467172475962,1615.7642634465144,1534.8365196814905,1596.22998046875,232300,0.0,0.0
2018-12-24 00:00:00+09:00,1596.22998046875,1596.22998046875,1596.22998046875,1596.22998046875,0,0.0,0.0
2018-12-25 00:00:00+09:00,1521.8138133285984,1578.556259913589,1495.7681001420453,1534.836669921875,142800,0.0,0.0
2018-12-26 00:00:00+09:00,1599.7286824917574,1627.0021285777427,1507.56324399429,1537.6580810546875,211800,18.0,0.0
2018-12-27 00:00:00+09:00,1674.0251400775578,1726.691099540672,1644.8707696604768,1684.3702392578125,270000,0.0,0.0
2018-12-28 00:00:00+09:00,1710.703432423728,1771.8335715702601,1662.7397847856794,1685.3109130859375,259800,0.0,0.0
2018-12-31 00:00:00+09:00,1685.3109130859375,1685.3109130859375,1685.3109130859375,1685.3109130859375,0,0.0,0.0
2019-01-04 00:00:00+09:00,1600.669011579241,1611.0141109490246,1500.039408618619,1514.1463623046875,404800,0.0,0.0
2019-01-07 00:00:00+09:00,1575.2766259655154,1663.6802097510429,1553.64596184778,1662.73974609375,321100,0.0,0.0
2019-01-08 00:00:00+09:00,1666.5016285289416,1684.3704383156517,1608.1928808038886,1655.216064453125,291600,0.0,0.0
2019-01-09 00:00:00+09:00,1656.1564739344471,1681.5489922741574,1624.1807100992562,1653.3350830078125,246300,0.0,0.0
2019-01-10 00:00:00+09:00,1617.5973716517856,1661.7991602957588,1596.9071727120536,1645.811279296875,161500,0.0,0.0
2019-01-11 00:00:00+09:00,1661.7990998121616,1711.643668170987,1661.7990998121616,1671.2037353515625,173300,0.0,0.0
2019-01-15 00:00:00+09:00,1658.9776906724792,1710.703185563061,1626.0614666512,1702.239013671875,101100,0.0,0.0
2019-01-16 00:00:00+09:00,1721.98889981257,1737.0363178338705,1673.0847912433435,1677.787109375,138500,0.0,0.0
2019-01-17 00:00:00+09:00,1708.8224944985386,1737.036404699395,1689.072757357939,1729.5126953125,166800,0.0,0.0
2019-01-18 00:00:00+09:00,1726.6911348340807,1752.083651522817,1709.762790374923,1717.2864990234375,124500,0.0,0.0
2019-01-21 00:00:00+09:00,1747.3815349698789,1770.8931272057494,1702.2392778770081,1705.0606689453125,124200,0.0,0.0
2019-01-22 00:00:00+09:00,1723.8698197983765,1744.5600194904466,1680.608493169503,1688.1322021484375,127400,0.0,0.0
2019-01-23 00:00:00+09:00,1650.5136174263714,1719.167460202511,1637.3471270309474,1699.417724609375,192700,0.0,0.0
2019-01-24 00:00:00+09:00,1683.4299234533912,1722.9293965176607,1681.5489961646165,1710.703369140625,115800,0.0,0.0
2019-01-25 00:00:00+09:00,1721.0483736810206,1747.3813542619323,1698.4772474688104,1703.1795654296875,134300,0.0,0.0
2019-01-28 00:00:00+09:00,1711.6438263141556,1736.0958809757865,1687.191771652525,1704.1201171875,82900,0.0,0.0
2019-01-29 00:00:00+09:00,1699.4177776057545,1740.7981772818216,1681.5489686547255,1735.1553955078125,112100,0.0,0.0
2019-01-30 00:00:00+09:00,1747.3813748416385,1775.5952829391892,1728.5721027766047,1739.857666015625,152900,0.0,0.0
2019-01-31 00:00:00+09:00,1753.0242091175892,1816.0352724281463,1753.0242091175892,1792.523681640625,157500,0.0,0.0
2019-02-01 00:00:00+09:00,1792.5237712062433,1813.213972133073,1754.905224066553,1776.535888671875,141200,0.0,0.0
2019-02-04 00:00:00+09:00,1800.04721052287,1860.2368769144396,1784.999793924978,1851.772705078125,150400,0.0,0.0
2019-02-05 00:00:00+09:00,1858.3562036887886,1888.4510409954896,1816.0353387262403,1824.49951171875,167000,0.0,0.0
2019-02-06 00:00:00+09:00,1851.772766847171,1912.9028988152086,1850.832303278432,1877.165283203125,194700,0.0,0.0
2019-02-07 00:00:00+09:00,1860.2369585625079,1883.748548028667,1825.4398061525924,1846.1300048828125,124400,0.0,0.0
2019-02-08 00:00:00+09:00,1816.9756539889052,1855.5346611387731,1809.4519452767358,1848.951416015625,178900,0.0,0.0
2019-02-12 00:00:00+09:00,2168.7091265196127,2168.7091265196127,1971.2117646075926,1978.7354736328125,490100,0.0,0.0
2019-02-13 00:00:00+09:00,1968.3902794035853,1996.604186896231,1930.7717360800577,1988.1400146484375,271700,0.0,0.0
2019-02-14 00:00:00+09:00,2035.163135361359,2089.7100216141125,2017.2943277958018,2081.245849609375,215900,0.0,0.0
2019-02-15 00:00:00+09:00,2040.8062565210198,2069.960631614177,2003.1877080137199,2021.0565185546875,173900,0.0,0.0
2019-02-18 00:00:00+09:00,2068.0795219591237,2089.710185444826,2039.8656130647291,2069.96044921875,171900,0.0,0.0
2019-02-19 00:00:00+09:00,2086.888705994031,2135.7928126689703,2068.0794341959777,2119.804931640625,230100,0.0,0.0
2019-02-20 00:00:00+09:00,2132.9713677897853,2144.256930582324,2110.4002422047083,2134.852294921875,224400,0.0,0.0
2019-02-21 00:00:00+09:00,2116.0429249639096,2118.864315530528,2060.5555771537447,2076.54345703125,239700,0.0,0.0
2019-02-22 00:00:00+09:00,2029.5203540248672,2084.067240277621,2006.9492286789002,2081.245849609375,200500,0.0,0.0
2019-02-25 00:00:00+09:00,2111.3409030850758,2111.3409030850758,2069.0200386579804,2088.769775390625,100000,0.0,0.0
2019-02-26 00:00:00+09:00,2078.424776729106,2088.7698774277574,2061.496430131312,2085.948486328125,93100,0.0,0.0
2019-02-27 00:00:00+09:00,2073.722359035326,2099.114877717391,2042.687058423913,2054.9130859375,166900,0.0,0.0
2019-02-28 00:00:00+09:00,2097.2337085139143,2100.0550991531704,2059.6151666571623,2061.49609375,200000,0.0,0.0
2019-03-01 00:00:00+09:00,2062.4364996455215,2118.8643108533333,2053.9723279643495,2103.81689453125,143700,0.0,0.0
2019-03-04 00:00:00+09:00,2105.698224868122,2219.4943325988247,2105.698224868122,2200.68505859375,254500,0.0,0.0
2019-03-05 00:00:00+09:00,2189.3989234078103,2189.3989234078103,2114.161847002044,2128.268798828125,130100,0.0,0.0
2019-03-06 00:00:00+09:00,2150.840163922392,2221.3749309946174,2139.554601190836,2189.399169921875,245700,0.0,0.0
2019-03-07 00:00:00+09:00,2162.1259765625,2175.292467937826,2136.7334574815136,2162.1259765625,145400,0.0,0.0
2019-03-08 00:00:00+09:00,2080.3053378018467,2098.1741449529477,2055.853285910867,2069.019775390625,179600,0.0,0.0
2019-03-11 00:00:00+09:00,2067.139262261532,2104.7578111652906,2035.1634956933372,2064.31787109375,68900,0.0,0.0
2019-03-12 00:00:00+09:00,2107.578925244773,2135.7928332132437,2098.1742892552825,2105.697998046875,79900,0.0,0.0
2019-03-13 00:00:00+09:00,2115.1024614417033,2141.4354400634766,2064.3174312425695,2076.54345703125,115300,0.0,0.0
2019-03-14 00:00:00+09:00,2087.8290460759945,2104.757389692827,2050.210504705256,2069.019775390625,59300,0.0,0.0
2019-03-15 00:00:00+09:00,2089.7100967637393,2130.1500311295545,2087.829169583934,2119.804931640625,148600,0.0,0.0
2019-03-18 00:00:00+09:00,2158.3638300858142,2177.1731009362356,2138.614095692872,2149.899658203125,101800,0.0,0.0
2019-03-19 00:00:00+09:00,2181.8755766934432,2181.8755766934432,2122.6263692228886,2165.8876953125,83200,0.0,0.0
2019-03-20 00:00:00+09:00,2179.9945749317158,2196.922919344473,2170.589939146851,2195.0419921875,119700,0.0,0.0
2019-03-22 00:00:00+09:00,2210.0894168890673,2250.5293509002286,2202.5657082358275,2235.48193359375,214400,0.0,0.0
2019-03-25 00:00:00+09:00,2189.3992094247346,2190.339673002666,2123.5667589695236,2127.32861328125,107900,0.0,0.0
2019-03-26 00:00:00+09:00,2188.458740234375,2215.732183924447,2167.7685415729416,2188.458740234375,116000,0.0,0.0
2019-03-27 00:00:00+09:00,2228.8987421489674,2298.493048865855,2224.196424127556,2288.14794921875,275500,0.0,0.0
2019-03-28 00:00:00+09:00,2247.707767704693,2257.11240271601,2214.7915451650847,2220.434326171875,147800,0.0,0.0
2019-03-29 00:00:00+09:00,2228.898776814089,2256.172221762447,2196.9230137711866,2219.494140625,78900,0.0,0.0
2019-04-01 00:00:00+09:00,2258.9935777876644,2282.5051678978607,2243.005696512731,2254.291259765625,111400,0.0,0.0
2019-04-02 00:00:00+09:00,2252.4103681396905,2252.4103681396905,2182.81606031408,2185.637451171875,77400,0.0,0.0
2019-04-03 00:00:00+09:00,2223.2561345547624,2258.0532906370495,2191.2803695061743,2256.17236328125,76800,0.0,0.0
2019-04-04 00:00:00+09:00,2231.7202592971007,2284.386224118271,2222.3156227218915,2277.802978515625,91700,0.0,0.0
2019-04-05 00:00:00+09:00,2257.112514967722,2293.790593335947,2249.588806584496,2258.052978515625,93300,0.0,0.0
2019-04-08 00:00:00+09:00,2251.4697336803024,2268.3980775425603,2243.9460252970766,2258.052978515625,88300,0.0,0.0
2019-04-09 00:00:00+09:00,2262.7552962551413,2263.6957598030444,2229.8390720785283,2258.052978515625,74600,0.0,0.0
2019-04-10 00:00:00+09:00,2238.30340558288,2263.6959232092404,2229.8392330407596,2246.767578125,33300,0.0,0.0
2019-04-11 00:00:00+09:00,2271.219502258301,2273.1004293823244,2254.29115814209,2257.112548828125,100800,0.0,0.0
2019-04-12 00:00:00+09:00,2258.053087133699,2308.8381211633614,2236.4224244914353,2295.671630859375,156800,0.0,0.0
2019-04-15 00:00:00+09:00,2295.671718392721,2349.278145245808,2290.0289366187117,2313.54052734375,137000,0.0,0.0
2019-04-16 00:00:00+09:00,2304.136017175486,2304.136017175486,2252.4105147490973,2262.755615234375,128500,0.0,0.0
2019-04-17 00:00:00+09:00,2263.69584839876,2285.3265108471073,2247.7079674586776,2275.921875,97500,0.0,0.0
2019-04-18 00:00:00+09:00,2257.1128269591495,2265.5770000602465,2237.363089723257,2256.17236328125,129300,0.0,0.0
2019-04-19 00:00:00+09:00,2264.6363594141117,2297.5525855683863,2253.350796161217,2254.291259765625,55400,0.0,0.0
2019-04-22 00:00:00+09:00,2247.708141474956,2300.3741062961267,2229.839331982059,2277.802978515625,176700,0.0,0.0
2019-04-23 00:00:00+09:00,2258.993717888893,2292.8504097473447,2238.3035173087287,2290.969482421875,133200,0.0,0.0
2019-04-24 00:00:00+09:00,2290.9692992409614,2320.1236704546186,2278.7432726029756,2282.505126953125,77800,0.0,0.0
2019-04-25 00:00:00+09:00,2292.8504223134564,2319.1834050143493,2274.981612623565,2304.135986328125,96700,0.0,0.0
2019-04-26 00:00:00+09:00,2306.956907024031,2306.956907024031,2258.993269739797,2290.028564453125,94200,0.0,0.0
2019-05-07 00:00:00+09:00,2307.8975894536047,2328.587787892064,2288.14785458053,2297.552490234375,86800,0.0,0.0
2019-05-08 00:00:00+09:00,2250.5292701323992,2266.517150446754,2229.8390720785283,2258.052978515625,124300,0.0,0.0
2019-05-09 00:00:00+09:00,2257.1129093857203,2271.219865069381,2183.756739830684,2193.161376953125,147100,0.0,0.0
2019-05-10 00:00:00+09:00,2189.3989534198113,2289.0880810239782,2178.1133918042456,2243.00537109375,222000,0.0,0.0
2019-05-13 00:00:00+09:00,2275.922119453492,2275.922119453492,2052.091762251041,2201.62548828125,486100,0.0,0.0
2019-05-14 00:00:00+09:00,2106.6385505738076,2106.6385505738076,2026.6991412886407,2089.710205078125,225900,0.0,0.0
2019-05-15 00:00:00+09:00,2116.042837617699,2157.4232308866676,2070.900590415188,2153.661376953125,182200,0.0,0.0
2019-05-16 00:00:00+09:00,2175.292213926924,2181.8754588458555,2108.519301177762,2121.685791015625,110300,0.0,0.0
2019-05-17 00:00:00+09:00,2148.9597223358423,2181.875954406632,2140.4955483747817,2155.54296875,64300,0.0,0.0
2019-05-20 00:00:00+09:00,2134.8525730635743,2164.006947409376,2113.2219082263664,2133.912109375,70900,0.0,0.0
2019-05-21 00:00:00+09:00,2118.8643773847843,2118.8643773847843,2066.1984186038044,2068.079345703125,92600,0.0,0.0
2019-05-22 00:00:00+09:00,2097.233620363428,2114.161963487438,2066.198324636077,2077.48388671875,95100,0.0,0.0
2019-05-23 00:00:00+09:00,2065.2581894228797,2065.2581894228797,1991.902024224799,2004.1280517578125,142800,0.0,0.0
2019-05-24 00:00:00+09:00,1974.973584691368,2022.9372288910154,1938.295503832814,2013.5325927734375,122900,0.0,0.0
2019-05-27 00:00:00+09:00,2013.5324627997068,2019.1752441060114,1985.3185562681836,1990.0208740234375,56900,0.0,0.0
2019-05-28 00:00:00+09:00,1994.723604824003,2042.687255859375,1987.19989485767,2042.687255859375,81700,0.0,0.0
2019-05-29 00:00:00+09:00,2027.6398697496834,2055.8537825940666,1996.6045656208616,2041.746826171875,139900,0.0,0.0
2019-05-30 00:00:00+09:00,2010.7111199982976,2019.1752921591885,1975.9139677813018,1985.318603515625,93700,0.0,0.0
2019-05-31 00:00:00+09:00,1977.7948058731927,1995.6636129638205,1956.1641446582219,1967.44970703125,89000,0.0,0.0
2019-06-03 00:00:00+09:00,1951.4620388143371,1951.4620388143371,1878.1058754275814,1883.7486572265625,95500,0.0,0.0
2019-06-04 00:00:00+09:00,1867.760909986939,1867.760909986939,1803.8093783257548,1822.61865234375,266000,0.0,0.0
2019-06-05 00:00:00+09:00,1941.1169681205567,1987.199686840473,1894.0937857532954,1984.3782958984375,273000,0.0,0.0
2019-06-06 00:00:00+09:00,1971.211809637995,1981.556909783996,1897.8556449663522,1899.736572265625,224200,0.0,0.0
2019-06-07 00:00:00+09:00,1906.3196889787812,1943.938232421875,1892.2127351876209,1943.938232421875,111100,0.0,0.0
2019-06-10 00:00:00+09:00,1981.5569477374738,2000.3662210904636,1950.5216467050407,1956.1644287109375,111600,0.0,0.0
2019-06-11 00:00:00+09:00,1945.8193061276177,1990.0210980019522,1930.771887617206,1987.19970703125,103000,0.0,0.0
2019-06-12 00:00:00+09:00,2044.5678177908103,2116.043049691501,2016.3539104615902,2093.471923828125,299900,0.0,0.0
2019-06-13 00:00:00+09:00,2083.127139577918,2100.9959502560127,2028.580243823733,2057.734619140625,104600,0.0,0.0
2019-06-14 00:00:00+09:00,2082.1863547585226,2148.9592685741754,2056.793838237077,2120.745361328125,134700,0.0,0.0
2019-06-17 00:00:00+09:00,2110.400045112233,2137.673485980439,2102.876337286521,2113.221435546875,61300,0.0,0.0
2019-06-18 00:00:00+09:00,2127.328492495888,2152.721007658306,2123.5666383977523,2144.2568359375,152900,0.0,0.0
2019-06-19 00:00:00+09:00,2198.804222332655,2231.7204532058986,2194.101903636478,2225.13720703125,183600,0.0,0.0
2019-06-20 00:00:00+09:00,2217.6133277922027,2233.6012101384567,2198.8040544436685,2229.83935546875,144100,0.0,0.0
2019-06-21 00:00:00+09:00,2243.9460110674354,2281.564552745012,2227.017667312526,2244.886474609375,185800,0.0,0.0
2019-06-24 00:00:00+09:00,2239.244044745432,2261.815173293895,2224.1966257131235,2248.648681640625,70500,0.0,0.0
2019-06-25 00:00:00+09:00,2248.6485750952056,2272.160166219162,2182.816119948127,2211.030029296875,101000,0.0,0.0
2019-06-26 00:00:00+09:00,2165.5196477128425,2197.755929684049,2133.2833657416354,2146.55712890625,139600,19.0,0.0
2019-06-27 00:00:00+09:00,2154.1421364288867,2173.104655235479,2131.387113860976,2146.55712890625,116900,0.0,0.0
2019-06-28 00:00:00+09:00,2139.9203502948467,2179.741641704853,2128.5428384634165,2169.312255859375,104300,0.0,0.0
2019-07-01 00:00:00+09:00,2211.978058157615,2249.9030998748485,2197.756167513653,2246.110595703125,85700,0.0,0.0
2019-07-02 00:00:00+09:00,2245.1623638458314,2276.4505217879396,2234.7329778651288,2263.1767578125,99000,0.0,0.0
2019-07-03 00:00:00+09:00,2256.5401711759173,2260.3326756652887,2217.6670001598613,2235.681396484375,77900,0.0,0.0
2019-07-04 00:00:00+09:00,2232.8367761653562,2249.9030445182125,2212.926129753691,2215.7705078125,52500,0.0,0.0
2019-07-05 00:00:00+09:00,2230.9409730139923,2245.1628661696277,2207.2378177546,2241.370361328125,48200,0.0,0.0
2019-07-08 00:00:00+09:00,2241.370269529594,2266.0215499897336,2216.718989069455,2236.629638671875,73200,0.0,0.0
2019-07-09 00:00:00+09:00,2237.577380794877,2272.6580431208986,2232.83675075082,2239.4736328125,70000,0.0,0.0
2019-07-10 00:00:00+09:00,2212.9263576701537,2245.1626456567797,2197.7563397940944,2237.57763671875,72200,0.0,0.0
2019-07-11 00:00:00+09:00,2239.473961383358,2243.2664659750317,2216.7189338333155,2226.2001953125,70000,0.0,0.0
2019-07-12 00:00:00+09:00,2236.6293668506664,2237.577492906983,2177.8455513590425,2182.586181640625,52600,0.0,0.0
2019-07-16 00:00:00+09:00,2192.0675663768798,2192.0675663768798,2136.1281258854283,2143.713134765625,88500,0.0,0.0
2019-07-17 00:00:00+09:00,2128.543180068577,2172.156982421875,2109.580657306273,2172.156982421875,79000,0.0,0.0
2019-07-18 00:00:00+09:00,2077.3441414139643,2138.024207616837,2076.396015379544,2112.4248046875,163100,0.0,0.0
2019-07-19 00:00:00+09:00,2135.1799640562967,2169.312503446184,2135.1799640562967,2149.40185546875,67000,0.0,0.0
2019-07-22 00:00:00+09:00,2139.9205078125,2152.246146537162,2098.2029613597974,2104.83984375,96600,0.0,0.0
2019-07-23 00:00:00+09:00,2104.839855637821,2114.3211162488024,2073.5516956215833,2102.943603515625,142200,0.0,0.0
2019-07-24 00:00:00+09:00,2123.8022200349956,2174.0528975626094,2102.9434482310808,2167.416015625,123600,0.0,0.0
2019-07-25 00:00:00+09:00,2170.260372284044,2170.260372284044,2124.7503251588214,2131.38720703125,70700,0.0,0.0
2019-07-26 00:00:00+09:00,2141.816653694287,2141.816653694287,2089.669723214789,2101.995361328125,71800,0.0,0.0
2019-07-29 00:00:00+09:00,2101.995430095498,2134.231715446534,2097.254799896816,2110.528564453125,52900,0.0,0.0
2019-07-30 00:00:00+09:00,2110.528564453125,2126.646707128643,2099.1510519762887,2110.528564453125,67500,0.0,0.0
2019-07-31 00:00:00+09:00,2118.1135469739143,2148.453579875958,2103.8916565510813,2134.231689453125,116800,0.0,0.0
2019-08-01 00:00:00+09:00,2102.943427577986,2138.9722148854535,2081.1365299971503,2131.38720703125,102000,0.0,0.0
2019-08-02 00:00:00+09:00,2085.8772543532336,2100.099144723824,2069.7591119332315,2096.306640625,172500,0.0,0.0
2019-08-05 00:00:00+09:00,2073.55166539263,2081.136673770838,2029.9378672179337,2068.81103515625,159600,0.0,0.0
2019-08-06 00:00:00+09:00,1990.1164044178415,2108.6321502740734,1977.7907668487935,2097.254638671875,205500,0.0,0.0
2019-08-07 00:00:00+09:00,2085.8773252756937,2104.8398464145635,2053.6410393396145,2084.92919921875,134900,0.0,0.0
2019-08-08 00:00:00+09:00,2063.1222813512263,2063.1222813512263,2019.5084831241325,2048.900390625,141500,0.0,0.0
2019-08-09 00:00:00+09:00,2037.522877070589,2057.433524077793,1998.6497091041422,2010.0272216796875,143800,0.0,0.0
2019-08-13 00:00:00+09:00,2010.0273613243253,2019.5086224626475,1930.384767762418,1949.3472900390625,226600,0.0,0.0
2019-08-14 00:00:00+09:00,1970.2060623618615,1970.2060623618615,1863.0678116174486,1930.384765625,274300,0.0,0.0
2019-08-15 00:00:00+09:00,1882.978312935234,1898.1483295550547,1852.6382796955927,1876.3414306640625,145000,0.0,0.0
2019-08-16 00:00:00+09:00,1875.3934523100197,1880.134082877032,1816.6096332790687,1833.6759033203125,195900,0.0,0.0
2019-08-19 00:00:00+09:00,1834.624007851403,1868.7565475323593,1814.7133597041784,1856.430908203125,293700,0.0,0.0
2019-08-20 00:00:00+09:00,1866.8602473743085,1902.8890383343003,1846.9495997385236,1864.015869140625,247000,0.0,0.0
2019-08-21 00:00:00+09:00,1846.0012841397668,1867.808181692522,1821.3500086453478,1855.4825439453125,220300,0.0,0.0
2019-08-22 00:00:00+09:00,1886.7709800845287,1900.0447457735656,1845.053430776127,1850.7421875,143200,0.0,0.0
2019-08-23 00:00:00+09:00,1851.6901666785657,1859.2751750418163,1810.9207467260933,1815.661376953125,166600,0.0,0.0
2019-08-26 00:00:00+09:00,1896.252227247807,1957.8804246333607,1881.0822094298246,1891.5115966796875,459000,0.0,0.0
2019-08-27 00:00:00+09:00,1913.318389089085,1931.3327842291706,1862.1195818488418,1908.5777587890625,287200,0.0,0.0
2019-08-28 00:00:00+09:00,1898.1485077678853,1906.681642917691,1850.742201380076,1867.8084716796875,219100,0.0,0.0
2019-08-29 00:00:00+09:00,1863.0677554983058,1870.6527641720904,1791.0101730973536,1823.2464599609375,251700,0.0,0.0
2019-08-30 00:00:00+09:00,1857.3789483896765,1911.4221337180131,1847.8976878057576,1889.615234375,234000,0.0,0.0
2019-09-02 00:00:00+09:00,1867.808457671619,1867.808457671619,1820.4021516393443,1850.7421875,209100,0.0,0.0
2019-09-03 00:00:00+09:00,1842.2088859758776,1867.8082889204727,1832.7276256260275,1838.4163818359375,130700,0.0,0.0
2019-09-04 00:00:00+09:00,1822.2984335124952,1854.5347221386266,1806.1802891994294,1846.0015869140625,163900,0.0,0.0
2019-09-05 00:00:00+09:00,1870.6528103312196,1916.1628634969056,1864.0159275778904,1893.4078369140625,229700,0.0,0.0
2019-09-06 00:00:00+09:00,1915.2146346280254,1915.2146346280254,1864.9639536204581,1870.6527099609375,188700,0.0,0.0
2019-09-09 00:00:00+09:00,1869.704566121584,1880.1339526466031,1845.0532888806301,1873.4970703125,184700,0.0,0.0
2019-09-10 00:00:00+09:00,1872.5488930758536,1884.8745313593909,1855.4826246832636,1862.1195068359375,176200,0.0,0.0
2019-09-11 00:00:00+09:00,1856.43081971124,1915.2146352485724,1849.7939373118638,1909.52587890625,149800,0.0,0.0
2019-09-12 00:00:00+09:00,1939.8658211461511,1969.2577275271533,1927.5401829863758,1943.6583251953125,186700,0.0,0.0
2019-09-13 00:00:00+09:00,1946.502776993698,1963.569045861641,1906.6814829684981,1912.3702392578125,271200,0.0,0.0
2019-09-17 00:00:00+09:00,1949.347066301785,2000.545870572357,1944.6064362767318,1985.3758544921875,359000,0.0,0.0
2019-09-18 00:00:00+09:00,2005.2864887150188,2022.3527567040828,1978.7389607320304,1987.2720947265625,339900,0.0,0.0
2019-09-19 00:00:00+09:00,2020.4563455136765,2083.980782467884,2020.4563455136765,2052.692626953125,268100,0.0,0.0
2019-09-20 00:00:00+09:00,2094.4108774263373,2098.2033824103596,2051.745196356086,2058.382080078125,190700,0.0,0.0
2019-09-24 00:00:00+09:00,2065.966893492834,2086.825668920481,2040.3674872861766,2050.796875,171900,0.0,0.0
2019-09-25 00:00:00+09:00,2038.471018520887,2046.0560269618948,2004.3384805363512,2027.093505859375,151200,0.0,0.0
2019-09-26 00:00:00+09:00,2047.0042400644786,2068.8111402597,2019.5085832965908,2032.7823486328125,218200,0.0,0.0
2019-09-27 00:00:00+09:00,2065.9666237120373,2067.8628757760225,2038.4709687842496,2054.589111328125,154400,0.0,0.0
2019-09-30 00:00:00+09:00,2045.1077227847334,2093.4621473846505,2045.1077227847334,2075.44775390625,185400,0.0,0.0
2019-10-01 00:00:00+09:00,2084.929229039954,2136.1280368472108,2077.344220475916,2119.061767578125,227900,0.0,0.0
2019-10-02 00:00:00+09:00,2090.6178962704066,2116.217299081881,2065.966619488987,2094.410400390625,201200,0.0,0.0
2019-10-03 00:00:00+09:00,2033.7304541153362,2037.522958458675,1988.2204019952728,2016.6641845703125,215700,0.0,0.0
2019-10-04 00:00:00+09:00,2001.494182456129,2011.9235694798226,1973.9985257573,1994.8572998046875,105500,0.0,0.0
2019-10-07 00:00:00+09:00,1998.6499628552492,2009.0793507069607,1978.7393133201635,1989.168701171875,95500,0.0,0.0
2019-10-08 00:00:00+09:00,2012.8715973684355,2041.3153787726055,2000.5459587599616,2029.9378662109375,155100,0.0,0.0
2019-10-09 00:00:00+09:00,2027.093505859375,2043.2116487965168,2004.3384805363512,2027.093505859375,91400,0.0,0.0
2019-10-10 00:00:00+09:00,2016.6643006174188,2041.3155802676554,2005.2867869326944,2017.6124267578125,120500,0.0,0.0
2019-10-11 00:00:00+09:00,2019.5086971507353,2024.2493278952206,1996.753669577206,2014.76806640625,102000,0.0,0.0
2019-10-15 00:00:00+09:00,2059.32968092442,2093.4622170723383,2050.7965468874404,2083.98095703125,147300,0.0,0.0
2019-10-16 00:00:00+09:00,2120.0099738305644,2170.260657467872,2109.580586660557,2125.69873046875,257600,0.0,0.0
2019-10-17 00:00:00+09:00,2112.4245721726193,2112.4245721726193,2074.499534970238,2090.61767578125,138900,0.0,0.0
2019-10-18 00:00:00+09:00,2097.2548947433543,2116.2174163956447,2080.1886252562927,2095.358642578125,106400,0.0,0.0
2019-10-21 00:00:00+09:00,2085.877317501105,2146.5573849193192,2081.1366872340573,2144.6611328125,112700,0.0,0.0
2019-10-23 00:00:00+09:00,2147.505786679636,2159.8314269563843,2119.062001425601,2158.88330078125,146700,0.0,0.0
2019-10-24 00:00:00+09:00,2170.2603593672598,2174.0528632717896,2144.660958011683,2153.194091796875,133600,0.0,0.0
2019-10-25 00:00:00+09:00,2160.779052734375,2163.6234306010724,2138.0240298007966,2160.779052734375,154000,0.0,0.0
2019-10-28 00:00:00+09:00,2160.7792757204634,2160.7792757204634,2127.5948638511272,2144.6611328125,110400,0.0,0.0
2019-10-29 00:00:00+09:00,2167.41617010336,2175.949304631326,2138.0242622848104,2142.764892578125,72700,0.0,0.0
2019-10-30 00:00:00+09:00,2144.6613048060276,2160.779449006603,2134.2319173821256,2156.038818359375,124000,0.0,0.0
2019-10-31 00:00:00+09:00,2142.7649728096053,2184.4825209528008,2127.5949553029886,2149.40185546875,141700,0.0,0.0
2019-11-01 00:00:00+09:00,2127.5949553029886,2151.298107657077,2116.217442173026,2149.40185546875,72500,0.0,0.0
2019-11-05 00:00:00+09:00,2182.5862293193522,2182.5862293193522,2155.090573085529,2175.001220703125,132300,0.0,0.0
2019-11-06 00:00:00+09:00,2175.0013409482876,2175.0013409482876,2133.2837912526797,2156.038818359375,91800,0.0,0.0
2019-11-07 00:00:00+09:00,2141.816650390625,2151.297910463182,2111.4766181584428,2141.816650390625,117900,0.0,0.0
2019-11-08 00:00:00+09:00,2158.882649164204,2175.948915165502,2135.179501940179,2145.60888671875,132600,0.0,0.0
2019-11-11 00:00:00+09:00,2145.6093787024,2178.7937924251505,2102.943703916007,2125.69873046875,213200,0.0,0.0
2019-11-12 00:00:00+09:00,2129.4911109076606,2199.6524386935766,2087.7735646565757,2184.482421875,286300,0.0,0.0
2019-11-13 00:00:00+09:00,2181.637788698446,2181.637788698446,2121.90585445768,2146.55712890625,184700,0.0,0.0
2019-11-14 00:00:00+09:00,2138.9724240239575,2146.557432619787,2116.2173982364684,2137.076171875,123100,0.0,0.0
2019-11-15 00:00:00+09:00,2154.142312222838,2163.6235723998752,2127.594783727134,2138.024169921875,95200,0.0,0.0
2019-11-18 00:00:00+09:00,2139.920658229484,2186.378838226491,2139.920658229484,2177.845703125,95800,0.0,0.0
2019-11-19 00:00:00+09:00,2194.9120086877524,2231.888928056574,2183.534495035807,2229.99267578125,118700,0.0,0.0
2019-11-20 00:00:00+09:00,2231.8886677991964,2271.7099609375,2219.5630294468647,2271.7099609375,165900,0.0,0.0
2019-11-21 00:00:00+09:00,2244.2143061515285,2271.7099609375,2212.9261472571475,2271.7099609375,137900,0.0,0.0
2019-11-22 00:00:00+09:00,2269.813708883295,2275.50246504591,2238.5255499889136,2271.7099609375,107600,0.0,0.0
2019-11-25 00:00:00+09:00,2297.309416092187,2326.7013236030652,2275.5025169712126,2321.960693359375,106100,0.0,0.0
2019-11-26 00:00:00+09:00,2332.3900442337067,2334.2862963021894,2296.3612549325358,2327.6494140625,92600,0.0,0.0
2019-11-27 00:00:00+09:00,2322.9088848278666,2350.404541015625,2307.7388676208275,2350.404541015625,69500,0.0,0.0
2019-11-28 00:00:00+09:00,2340.9232802612255,2352.3007931665047,2318.168254450667,2350.404541015625,109900,0.0,0.0
2019-11-29 00:00:00+09:00,2359.886010496573,2378.848533682564,2339.0272349919833,2356.093505859375,100800,0.0,0.0
2019-12-02 00:00:00+09:00,2370.315398248868,2385.485416797661,2345.66411810708,2356.093505859375,77200,0.0,0.0
2019-12-03 00:00:00+09:00,2322.90870023061,2370.3150002353163,2306.79055822901,2360.833740234375,93600,0.0,0.0
2019-12-04 00:00:00+09:00,2339.0271396324283,2371.263427734375,2326.701500064037,2371.263427734375,86900,0.0,0.0
2019-12-05 00:00:00+09:00,2380.744505847514,2380.744505847514,2319.116312745129,2341.871337890625,79200,0.0,0.0
2019-12-06 00:00:00+09:00,2247.0587170860767,2288.776262888519,2167.4161296450516,2285.931884765625,261800,0.0,0.0
2019-12-09 00:00:00+09:00,2311.53140867609,2331.4420565769096,2259.3844736977535,2266.969482421875,185700,0.0,0.0
2019-12-10 00:00:00+09:00,2270.761751389121,2318.168051000585,2269.813625396892,2304.894287109375,79300,0.0,0.0
2019-12-11 00:00:00+09:00,2301.102006281716,2301.102006281716,2269.8138455040908,2288.7763671875,70300,0.0,0.0
2019-12-12 00:00:00+09:00,2284.035471598307,2284.035471598307,2248.954810556739,2252.747314453125,83100,0.0,0.0
2019-12-13 00:00:00+09:00,2295.413123568198,2298.2575016643173,2250.8512000623305,2269.813720703125,108700,0.0,0.0
2019-12-16 00:00:00+09:00,2287.8283371722528,2304.8946074039563,2273.6064453125,2273.6064453125,92600,0.0,0.0
2019-12-17 00:00:00+09:00,2273.606276499285,2320.064453125,2257.4881335883224,2320.064453125,90600,0.0,0.0
2019-12-18 00:00:00+09:00,2323.8570081081343,2330.493890628231,2261.2806872043657,2292.56884765625,159600,0.0,0.0
2019-12-19 00:00:00+09:00,2277.39899044608,2282.139621150589,2244.214575514518,2248.007080078125,94500,0.0,0.0
2019-12-20 00:00:00+09:00,2237.5776805467763,2262.2289600782237,2236.6295544109516,2249.9033203125,92400,0.0,0.0
2019-12-23 00:00:00+09:00,2250.8510042304065,2262.228515625,2237.577240936714,2262.228515625,53800,0.0,0.0
2019-12-24 00:00:00+09:00,2261.2806218592964,2266.0212520938026,2242.318100921273,2264.125,40700,0.0,0.0
2019-12-25 00:00:00+09:00,2300.153759069501,2337.1306744049134,2285.931868555881,2327.6494140625,123400,0.0,0.0
2019-12-26 00:00:00+09:00,2341.87117369677,2381.6924649094276,2340.923047715516,2368.418701171875,113400,0.0,0.0
2019-12-27 00:00:00+09:00,2426.7447726886735,2426.7447726886735,2395.1913536584425,2419.095458984375,151100,21.0,0.0
2019-12-30 00:00:00+09:00,2421.0079105090826,2421.0079105090826,2381.80517578125,2381.80517578125,115500,0.0,0.0
2020-01-06 00:00:00+09:00,2359.8134266246448,2376.068219271573,2346.427126797763,2355.98876953125,90200,0.0,0.0
2020-01-07 00:00:00+09:00,2337.821552208084,2395.19140625,2323.4790886976048,2395.19140625,139400,0.0,0.0
2020-01-08 00:00:00+09:00,2352.163827025321,2355.0323194973034,2280.4515152257686,2343.558349609375,182100,0.0,0.0
2020-01-09 00:00:00+09:00,2360.7695827499256,2417.1832746827913,2353.120268589537,2411.4462890625,157800,0.0,0.0
2020-01-10 00:00:00+09:00,2419.095583938238,2443.955854761319,2403.7969557394194,2428.6572265625,118200,0.0,0.0
2020-01-14 00:00:00+09:00,2449.692896041037,2451.605224609375,2403.7970104009237,2451.605224609375,261800,0.0,0.0
2020-01-15 00:00:00+09:00,2403.797094260052,2414.3149017528362,2377.980657686853,2401.884765625,147700,0.0,0.0
2020-01-16 00:00:00+09:00,2368.418826334439,2383.7174541993368,2361.7256766435466,2377.98046875,162500,0.0,0.0
2020-01-17 00:00:00+09:00,2377.980379635171,2377.980379635171,2325.3913483203605,2333.996826171875,172800,0.0,0.0
2020-01-20 00:00:00+09:00,2365.55035249595,2385.6298017289387,2355.98871000405,2360.76953125,59400,0.0,0.0
2020-01-21 00:00:00+09:00,2355.0324274688633,2372.2433830898294,2336.8653076467326,2370.3310546875,91000,0.0,0.0
2020-01-22 00:00:00+09:00,2364.5942303715183,2422.9202506111715,2347.3832735794895,2420.0517578125,162800,0.0,0.0
2020-01-23 00:00:00+09:00,2372.2433632603734,2422.920065498503,2372.2433632603734,2415.270751953125,89000,0.0,0.0
2020-01-24 00:00:00+09:00,2416.2270006564604,2420.051657562921,2403.796865710464,2412.40234375,132400,0.0,0.0
2020-01-27 00:00:00+09:00,2348.339392607836,2409.5339044673237,2346.4270641122275,2388.498291015625,139400,0.0,0.0
2020-01-28 00:00:00+09:00,2355.032343714589,2379.8926120607434,2331.128239535594,2373.199462890625,101900,0.0,0.0
2020-01-29 00:00:00+09:00,2349.295386406379,2380.848804294621,2298.618684949505,2319.654296875,135500,0.0,0.0
2020-01-30 00:00:00+09:00,2305.31182040448,2326.347432204106,2243.161149178312,2253.678955078125,129900,0.0,0.0
2020-01-31 00:00:00+09:00,2242.205078125,2270.8900044976012,2235.51192863806,2242.205078125,104600,0.0,0.0
2020-02-03 00:00:00+09:00,2205.8707208825435,2302.4433012072673,2182.9227810034017,2279.495361328125,174900,0.0,0.0
2020-02-04 00:00:00+09:00,2251.7668017351593,2269.9339224285636,2242.205159264946,2267.0654296875,86500,0.0,0.0
2020-02-05 00:00:00+09:00,2266.109424170708,2325.391611638465,2264.1970955427155,2316.7861328125,136400,0.0,0.0
2020-02-06 00:00:00+09:00,2342.6021854520477,2351.207662867994,2312.004932417572,2343.558349609375,114200,0.0,0.0
2020-02-07 00:00:00+09:00,2356.9448896838776,2384.673653091923,2335.9092760639805,2371.287353515625,138300,0.0,0.0
2020-02-10 00:00:00+09:00,2419.0956639131214,2518.5367504929495,2371.287449211281,2500.36962890625,367400,0.0,0.0
2020-02-12 00:00:00+09:00,2514.7118190021292,2567.300849437535,2502.2816845355787,2553.91455078125,273300,0.0,0.0
2020-02-13 00:00:00+09:00,2539.57224322512,2603.6352478546696,2520.448958261076,2584.511962890625,215200,0.0,0.0
2020-02-14 00:00:00+09:00,2565.3888615683177,2565.3888615683177,2522.361467319128,2542.44091796875,113300,0.0,0.0
2020-02-17 00:00:00+09:00,2523.317426651705,2537.659890236311,2487.9393498096765,2508.018798828125,186400,0.0,0.0
2020-02-18 00:00:00+09:00,2508.0187119224943,2508.0187119224943,2434.394068072692,2436.306396484375,144000,0.0,0.0
2020-02-19 00:00:00+09:00,2411.44613390771,2465.9474937938085,2409.5338054906542,2455.4296875,132600,0.0,0.0
2020-02-20 00:00:00+09:00,2449.6927283562345,2450.6488925749527,2355.032470703125,2355.032470703125,254800,0.0,0.0
2020-02-21 00:00:00+09:00,2334.952796153193,2334.952796153193,2197.265161981997,2199.177490234375,435500,0.0,0.0
2020-02-25 00:00:00+09:00,2085.3939931958616,2117.9035740159716,2004.1200411455875,2026.11181640625,526100,0.0,0.0
2020-02-26 00:00:00+09:00,1987.86553271627,1998.383339767679,1919.0217047434123,1963.96142578125,450800,0.0,0.0
2020-02-27 00:00:00+09:00,1961.0930265040934,1978.3039843183662,1880.77522337082,1896.0738525390625,345500,0.0,0.0
2020-02-28 00:00:00+09:00,1839.6599743716931,1879.8188719411376,1796.6325841187167,1807.150390625,362500,0.0,0.0
2020-03-02 00:00:00+09:00,1788.9831942886128,1926.6708372482924,1785.1585375397328,1894.1612548828125,419600,0.0,0.0
2020-03-03 00:00:00+09:00,1913.2846728670308,1925.7148081730136,1805.2381121304118,1810.97509765625,435600,0.0,0.0
2020-03-04 00:00:00+09:00,1774.6407913118678,1813.8435243095978,1756.4736711421883,1796.632568359375,665600,0.0,0.0
2020-03-05 00:00:00+09:00,1834.8791536179895,1858.7832593191097,1817.6681975131828,1844.4407958984375,458700,0.0,0.0
2020-03-06 00:00:00+09:00,1807.1503662246455,1807.1503662246455,1680.9366898534004,1702.928466796875,572700,0.0,0.0
2020-03-09 00:00:00+09:00,1639.8216258562527,1688.5860007359431,1575.7586235633262,1591.0572509765625,305800,0.0,0.0
2020-03-10 00:00:00+09:00,1556.6354806503812,1584.3642453548414,1512.6519228433067,1583.4080810546875,342800,0.0,0.0
2020-03-11 00:00:00+09:00,1582.4518956992833,1582.4518956992833,1496.39710983044,1506.9149169921875,443600,0.0,0.0
2020-03-12 00:00:00+09:00,1450.5013117831966,1497.3533647017045,1390.2629580308292,1419.904052734375,512800,0.0,0.0
2020-03-13 00:00:00+09:00,1307.0765034307701,1326.1997880457045,1223.8902153558051,1276.479248046875,370300,0.0,0.0
2020-03-16 00:00:00+09:00,1336.717759281756,1340.5424166759813,1257.35611835158,1269.7862548828125,338000,0.0,0.0
2020-03-17 00:00:00+09:00,1202.8547226816736,1275.523211492331,1173.213628561537,1248.7506103515625,433600,0.0,0.0
2020-03-18 00:00:00+09:00,1228.6711332126606,1261.180719616731,1082.377994394344,1096.720458984375,935000,0.0,0.0
2020-03-19 00:00:00+09:00,1095.7642524742196,1127.317673356985,938.9533123295669,953.2957763671875,666100,0.0,0.0
2020-03-23 00:00:00+09:00,952.3396149407558,1029.7889209750945,926.5231795959763,1004.9286499023438,457800,0.0,0.0
2020-03-24 00:00:00+09:00,1028.8327556803652,1171.3012320710477,1028.8327556803652,1168.4327392578125,713900,0.0,0.0
2020-03-25 00:00:00+09:00,1340.542442838052,1364.4465520184738,1215.2849107326422,1271.6986083984375,664300,0.0,0.0
2020-03-26 00:00:00+09:00,1214.3285066080998,1237.2764468904577,1149.3093424747526,1159.8271484375,473900,0.0,0.0
2020-03-27 00:00:00+09:00,1212.416375906539,1275.5232219710751,1204.76706123205,1240.1451416015625,380800,0.0,0.0
2020-03-30 00:00:00+09:00,1154.0902628480753,1188.5121762387387,1125.4053350225226,1167.4765625,393800,0.0,0.0
2020-03-31 00:00:00+09:00,1176.0819844366279,1231.5395089059973,1171.3011633616823,1181.8189697265625,212800,0.0,0.0
2020-04-01 00:00:00+09:00,1170.345154747596,1194.2492633004474,1106.2821438259548,1118.7122802734375,225500,0.0,0.0
2020-04-02 00:00:00+09:00,1090.02718807924,1106.2819794804216,1018.3148730740268,1031.701171875,495900,0.0,0.0
2020-04-03 00:00:00+09:00,1019.2711312899025,1047.956059937836,965.7259311470933,978.1560668945312,382400,0.0,0.0
2020-04-06 00:00:00+09:00,954.2519019858906,1027.876547730293,929.3916319942742,1020.2272338867188,514100,0.0,0.0
2020-04-07 00:00:00+09:00,1063.2546911425954,1158.8711202021814,1011.6218194504191,1076.6409912109375,673600,0.0,0.0
2020-04-08 00:00:00+09:00,1070.9039888431541,1119.6683669065478,1031.7012535372887,1103.41357421875,326700,0.0,0.0
2020-04-09 00:00:00+09:00,1132.0985451927,1186.5999109663348,1100.5451229027005,1172.2574462890625,415300,0.0,0.0
2020-04-10 00:00:00+09:00,1172.2572590016532,1195.2051988189776,1090.9833054819628,1102.457275390625,350000,0.0,0.0
2020-04-13 00:00:00+09:00,1110.1067645733174,1111.0629288838886,1042.2190985227528,1068.99169921875,248400,0.0,0.0
2020-04-14 00:00:00+09:00,1061.3422894358437,1151.2217265592394,1045.0874976156551,1145.4847412109375,413400,0.0,0.0
2020-04-15 00:00:00+09:00,1174.1696611543664,1175.1258253735475,1114.8874795651395,1126.3614501953125,273300,0.0,0.0
2020-04-16 00:00:00+09:00,1112.9752327983424,1165.5642687123534,1094.808111300775,1160.783447265625,237600,0.0,0.0
2020-04-17 00:00:00+09:00,1177.9943693693695,1197.1176545864046,1139.747798935299,1167.4765625,262800,0.0,0.0
2020-04-20 00:00:00+09:00,1171.3011674101715,1240.1449911273407,1160.7833610089374,1228.6710205078125,283000,0.0,0.0
2020-04-21 00:00:00+09:00,1202.8545952120805,1224.8463723900438,1152.1778912802522,1182.775146484375,384900,0.0,0.0
2020-04-22 00:00:00+09:00,1161.7395680617324,1161.7395680617324,1109.1505341165512,1138.7916259765625,255700,0.0,0.0
2020-04-23 00:00:00+09:00,1153.1342210188616,1180.8629875276072,1145.4849061198975,1177.038330078125,207900,0.0,0.0
2020-04-24 00:00:00+09:00,1204.7669756948055,1204.7669756948055,1143.5724626436408,1149.3094482421875,196000,0.0,0.0
2020-04-27 00:00:00+09:00,1188.5121809959412,1239.1888870239259,1166.5204029083252,1223.8902587890625,426200,0.0,0.0
2020-04-28 00:00:00+09:00,1228.6710334058077,1276.4792448223761,1209.5477488391805,1266.9176025390625,457200,0.0,0.0
2020-04-30 00:00:00+09:00,1305.1643477118323,1371.1396883653977,1303.2520189972363,1327.1561279296875,428000,0.0,0.0
2020-05-01 00:00:00+09:00,1305.1641876775568,1330.980622159091,1295.6025452769886,1314.725830078125,264300,0.0,0.0
2020-05-07 00:00:00+09:00,1312.8135861766582,1354.8848154496172,1303.2519431600765,1311.857421875,212300,0.0,0.0
2020-05-08 00:00:00+09:00,1351.060067983774,1386.4381447816506,1326.1997978014824,1379.7449951171875,244300,0.0,0.0
2020-05-11 00:00:00+09:00,1419.9038749828674,1478.2298927431063,1408.429904275935,1471.5367431640625,397000,0.0,0.0
2020-05-12 00:00:00+09:00,1496.3971149951294,1547.07382240391,1474.4053363083,1526.0382080078125,517800,0.0,0.0
2020-05-13 00:00:00+09:00,1492.572312333576,1494.4846407286223,1426.5969827044814,1486.8353271484375,388300,0.0,0.0
2020-05-14 00:00:00+09:00,1435.202574296431,1441.895724209872,1322.375190041282,1346.279296875,539400,0.0,0.0
2020-05-15 00:00:00+09:00,1400.780450228987,1432.3338665140086,1292.7339035560344,1358.709228515625,377400,0.0,0.0
2020-05-18 00:00:00+09:00,1384.5258833795806,1407.4738261980267,1323.3313691970577,1356.797119140625,298600,0.0,0.0
2020-05-19 00:00:00+09:00,1427.5532222578483,1482.0545843936134,1414.1669227859059,1464.8436279296875,430700,0.0,0.0
2020-05-20 00:00:00+09:00,1449.5449844751602,1507.8710029797676,1447.6326559995994,1491.6162109375,267400,0.0,0.0
2020-05-21 00:00:00+09:00,1491.6162580688947,1493.5285866048805,1437.1148947933004,1485.8792724609375,231400,0.0,0.0
2020-05-22 00:00:00+09:00,1481.0985107421875,1497.3533039523986,1462.9313889190103,1481.0985107421875,119200,0.0,0.0
2020-05-25 00:00:00+09:00,1500.2216618949637,1557.5915151223046,1490.660019690407,1554.7230224609375,171500,0.0,0.0
2020-05-26 00:00:00+09:00,1596.7942864946324,1636.9531847178507,1582.4518228434831,1594.8819580078125,285500,0.0,0.0
2020-05-27 00:00:00+09:00,1633.1285148451896,1633.1285148451896,1554.7230475048468,1556.6353759765625,254800,0.0,0.0
2020-05-28 00:00:00+09:00,1574.8024870278855,1600.6189212414574,1523.1696186007416,1565.2408447265625,248800,0.0,0.0
2020-05-29 00:00:00+09:00,1544.2051385038642,1548.029795193657,1511.695556640625,1511.695556640625,258400,0.0,0.0
2020-06-01 00:00:00+09:00,1524.12570727171,1547.0736476572315,1502.1339310689189,1522.21337890625,182100,0.0,0.0
2020-06-02 00:00:00+09:00,1538.468230713191,1575.7586353109625,1522.2134389654443,1554.7230224609375,193000,0.0,0.0
2020-06-03 00:00:00+09:00,1555.6792937004159,1586.2765508598586,1529.8628579721362,1544.205322265625,226800,0.0,0.0
2020-06-04 00:00:00+09:00,1550.8983263728596,1570.021610298542,1493.5284745958118,1514.5640869140625,192500,0.0,0.0
2020-06-05 00:00:00+09:00,1514.5642660209364,1548.986181157776,1493.5286512150901,1547.0738525390625,207500,0.0,0.0
2020-06-08 00:00:00+09:00,1575.758766653457,1604.4436956580712,1570.977945152688,1583.4080810546875,332200,0.0,0.0
2020-06-09 00:00:00+09:00,1583.4079372699443,1591.0572509765625,1541.336711883545,1591.0572509765625,203700,0.0,0.0
2020-06-10 00:00:00+09:00,1571.9339758190144,1590.1010959775067,1561.4161694114662,1582.4517822265625,285300,0.0,0.0
2020-06-11 00:00:00+09:00,1563.3286872796252,1588.1889599825429,1512.6519775390625,1512.6519775390625,260700,0.0,0.0
2020-06-12 00:00:00+09:00,1369.2271767064144,1472.4929134971217,1357.7532059518915,1453.36962890625,304700,0.0,0.0
2020-06-15 00:00:00+09:00,1456.2380583683375,1470.5805211887741,1375.9202665738921,1383.569580078125,230800,0.0,0.0
2020-06-16 00:00:00+09:00,1419.9039050144388,1501.1778659075212,1419.9039050144388,1492.5723876953125,328900,0.0,0.0
2020-06-17 00:00:00+09:00,1472.49301707016,1486.8354815221421,1452.4135668373851,1470.5806884765625,130900,0.0,0.0
2020-06-18 00:00:00+09:00,1448.5887793583959,1456.2380930447769,1412.2545393480864,1441.8956298828125,212500,0.0,0.0
2020-06-19 00:00:00+09:00,1460.0628440235646,1487.7916079244706,1452.4135298440044,1467.712158203125,141900,0.0,0.0
2020-06-22 00:00:00+09:00,1433.290280901409,1483.0108243349468,1429.4656237142137,1470.5806884765625,151500,0.0,0.0
2020-06-23 00:00:00+09:00,1461.0189929872047,1503.0902205339567,1444.7642005259597,1457.1943359375,147300,0.0,0.0
2020-06-24 00:00:00+09:00,1462.9314065967087,1499.2656506821172,1454.325927734375,1454.325927734375,213200,0.0,0.0
2020-06-25 00:00:00+09:00,1428.5093492751155,1431.3778419443427,1385.4819592367082,1424.6846923828125,168500,0.0,0.0
2020-06-26 00:00:00+09:00,1439.0271810168556,1453.3696446150302,1392.1751332628185,1426.5970458984375,133400,0.0,0.0
2020-06-29 00:00:00+09:00,1424.66006351107,1426.5970588387534,1366.5502036805708,1370.4241943359375,174900,19.0,0.0
2020-06-30 00:00:00+09:00,1399.4791085379463,1427.565540474002,1364.6131930311187,1383.0146484375,199100,0.0,0.0
2020-07-01 00:00:00+09:00,1394.636710343436,1400.4476966365337,1342.3378337055572,1350.0858154296875,201600,0.0,0.0
2020-07-02 00:00:00+09:00,1386.8887031022891,1395.6051823815633,1317.156868868096,1332.65283203125,270100,0.0,0.0
2020-07-03 00:00:00+09:00,1338.4638104555418,1365.5817458338017,1320.0623543060083,1346.2117919921875,194300,0.0,0.0
2020-07-06 00:00:00+09:00,1346.2117376247375,1392.6996249671743,1346.2117376247375,1383.0146484375,231000,0.0,0.0
2020-07-07 00:00:00+09:00,1386.888671875,1408.195620744588,1341.369281108153,1386.888671875,220000,0.0,0.0
2020-07-08 00:00:00+09:00,1359.7708341655634,1365.5818206363565,1324.9049153408055,1325.8734130859375,380800,0.0,0.0
2020-07-09 00:00:00+09:00,1328.7788056164254,1339.4322800054783,1269.700447640768,1270.6689453125,301700,0.0,0.0
2020-07-10 00:00:00+09:00,1226.1181474555926,1267.7635505682235,1226.1181474555926,1238.7086181640625,307500,0.0,0.0
2020-07-13 00:00:00+09:00,1248.3935081498976,1312.314354959745,1248.3935081498976,1300.6923828125,286800,0.0,0.0
2020-07-14 00:00:00+09:00,1268.7320067984926,1289.070458815873,1250.330550211339,1262.9210205078125,273100,0.0,0.0
2020-07-15 00:00:00+09:00,1272.6059428181995,1320.0623288137033,1260.9839707376682,1314.2513427734375,227300,0.0,0.0
2020-07-16 00:00:00+09:00,1317.1569010416667,1348.148828125,1306.5034261067708,1321.9993896484375,180000,0.0,0.0
2020-07-17 00:00:00+09:00,1321.9992428414096,1343.3061903450807,1304.5662857929515,1319.09375,94500,0.0,0.0
2020-07-20 00:00:00+09:00,1316.1883373914284,1324.9048164470007,1269.7004490950424,1299.723876953125,132100,0.0,0.0
2020-07-21 00:00:00+09:00,1294.8814369398474,1295.8499346488525,1259.047021706658,1276.47998046875,199200,0.0,0.0
2020-07-22 00:00:00+09:00,1276.4798817656488,1278.416877033882,1246.456455108035,1264.85791015625,114800,0.0,0.0
2020-07-27 00:00:00+09:00,1242.5825604711783,1263.8895100661634,1225.1496017116451,1261.9525146484375,128100,0.0,0.0
2020-07-28 00:00:00+09:00,1276.4799633827033,1281.3224518629108,1241.614046325209,1245.488037109375,141600,0.0,0.0
2020-07-29 00:00:00+09:00,1245.4881613178618,1255.1731392441282,1215.464729746436,1216.4332275390625,184000,0.0,0.0
2020-07-30 00:00:00+09:00,1268.7319725006225,1268.7319725006225,1202.874129653262,1215.464599609375,313400,0.0,0.0
2020-07-31 00:00:00+09:00,1203.8427008362066,1212.5591805687295,1170.9137774022315,1180.5987548828125,197400,0.0,0.0
2020-08-03 00:00:00+09:00,1195.1260997078914,1221.275536249312,1182.535630262022,1209.653564453125,151500,0.0,0.0
2020-08-04 00:00:00+09:00,1220.3071609747606,1248.393595632116,1210.622183506707,1238.7086181640625,87400,0.0,0.0
2020-08-05 00:00:00+09:00,1252.267537743622,1280.3539713047705,1235.803076690535,1276.47998046875,175300,0.0,0.0
2020-08-06 00:00:00+09:00,1288.1017734993636,1317.1567007211538,1268.7318220181703,1284.227783203125,166000,0.0,0.0
2020-08-07 00:00:00+09:00,1321.9992983919904,1353.959720990478,1286.164885175504,1296.818359375,261900,0.0,0.0
2020-08-11 00:00:00+09:00,1413.0379931708774,1424.659964327869,1359.7706253679999,1387.8570556640625,574600,0.0,0.0
2020-08-12 00:00:00+09:00,1416.9120552932159,1458.557454047562,1413.0380647114164,1453.7149658203125,318800,0.0,0.0
2020-08-13 00:00:00+09:00,1488.5809731474092,1498.265950201068,1451.7780603435044,1478.89599609375,260900,0.0,0.0
2020-08-14 00:00:00+09:00,1494.3917839384649,1495.3602815301294,1441.1244163969122,1458.557373046875,212800,0.0,0.0
2020-08-17 00:00:00+09:00,1454.6834252833696,1488.5808419843802,1429.5024871626188,1477.9273681640625,179500,0.0,0.0
2020-08-18 00:00:00+09:00,1481.8013555353339,1481.8013555353339,1445.9669436694467,1448.8724365234375,131800,0.0,0.0
2020-08-19 00:00:00+09:00,1464.3685384222158,1474.0535155281827,1436.2821048149112,1465.3370361328125,109900,0.0,0.0
2020-08-20 00:00:00+09:00,1456.620492393092,1482.7699294240851,1444.0300227115029,1472.116455078125,146600,0.0,0.0
2020-08-21 00:00:00+09:00,1497.297445482444,1547.6593259255792,1491.4864592774668,1536.037353515625,239100,0.0,0.0
2020-08-24 00:00:00+09:00,1536.0373777083166,1549.5963457334844,1486.6439941880617,1495.3604736328125,354900,0.0,0.0
2020-08-25 00:00:00+09:00,1518.6044108590274,1535.0688719461468,1509.887931459964,1523.4468994140625,124900,0.0,0.0
2020-08-26 00:00:00+09:00,1523.4468830965795,1526.3523761984802,1489.5494635744053,1521.5098876953125,153200,0.0,0.0
2020-08-27 00:00:00+09:00,1548.6276589091408,1548.6276589091408,1515.698740583368,1531.1947021484375,102900,0.0,0.0
2020-08-28 00:00:00+09:00,1547.6592140397477,1554.4386974554411,1456.6204367432917,1479.8643798828125,175400,0.0,0.0
2020-08-31 00:00:00+09:00,1523.4467731916986,1587.3676168221195,1523.4467731916986,1566.0606689453125,192400,0.0,0.0
2020-09-01 00:00:00+09:00,1581.5567385780776,1600.9266925104482,1567.0292731287993,1593.1787109375,195400,0.0,0.0
2020-09-02 00:00:00+09:00,1593.1787352319589,1598.021223788895,1564.1238038903427,1581.5567626953125,109700,0.0,0.0
2020-09-03 00:00:00+09:00,1595.115633414053,1598.9896240234375,1568.9661968007078,1598.9896240234375,87100,0.0,0.0
2020-09-04 00:00:00+09:00,1561.2182235902503,1622.2335760010355,1561.2182235902503,1599.9581298828125,143700,0.0,0.0
2020-09-07 00:00:00+09:00,1575.745808528724,1615.4542155045553,1568.966324410899,1614.4857177734375,116800,0.0,0.0
2020-09-08 00:00:00+09:00,1613.5171877595706,1639.6666259765625,1583.493758695617,1639.6666259765625,125100,0.0,0.0
2020-09-09 00:00:00+09:00,1607.7061028945525,1621.265070027398,1594.147135761707,1598.9896240234375,129500,0.0,0.0
2020-09-10 00:00:00+09:00,1602.86376953125,1621.2652267041162,1590.2732988340256,1602.86376953125,96100,0.0,0.0
2020-09-11 00:00:00+09:00,1610.611604113267,1610.611604113267,1580.5881767365315,1599.9581298828125,87500,0.0,0.0
2020-09-14 00:00:00+09:00,1615.4540923998372,1621.2650783437216,1593.1786462816142,1599.9581298828125,97900,0.0,0.0
2020-09-15 00:00:00+09:00,1626.107608776914,1637.7295809659092,1599.9581713516748,1619.328125,117900,0.0,0.0
2020-09-16 00:00:00+09:00,1633.855574447677,1646.4460441974222,1613.5171233134738,1631.9185791015625,132600,0.0,0.0
2020-09-17 00:00:00+09:00,1661.9420334364181,1683.2489825830387,1643.5405773552457,1678.406494140625,363200,0.0,0.0
2020-09-18 00:00:00+09:00,1667.7529461145953,1682.2804108020048,1657.0994720104952,1669.68994140625,161900,0.0,0.0
2020-09-23 00:00:00+09:00,1641.6035809967705,1657.0995440032298,1620.2966318628892,1649.3515625,149200,0.0,0.0
2020-09-24 00:00:00+09:00,1642.572051257622,1642.572051257622,1577.682707251572,1588.336181640625,157900,0.0,0.0
2020-09-25 00:00:00+09:00,1594.1470903805239,1604.8005642530547,1537.0057305187677,1550.564697265625,278500,0.0,0.0
2020-09-28 00:00:00+09:00,1598.0211845506424,1644.509073555752,1596.0841891754294,1634.8240966796875,230200,0.0,0.0
2020-09-29 00:00:00+09:00,1673.5639522676372,1733.6108070364992,1665.8159710071388,1729.73681640625,342900,0.0,0.0
2020-09-30 00:00:00+09:00,1700.6818817691592,1721.988830174012,1652.2569990308575,1657.0994873046875,131500,0.0,0.0
2020-10-02 00:00:00+09:00,1665.816056129174,1678.406526320848,1629.9816409682558,1653.2255859375,141800,0.0,0.0
2020-10-05 00:00:00+09:00,1684.2174094347308,1725.8628082879186,1675.500930604994,1713.2723388671875,93400,0.0,0.0
2020-10-06 00:00:00+09:00,1752.0123779296875,1773.3193277994792,1721.0204508463542,1743.2958984375,208100,0.0,0.0
2020-10-07 00:00:00+09:00,1715.2093434053309,1731.6738035057772,1700.6818786108192,1728.768310546875,86500,0.0,0.0
2020-10-08 00:00:00+09:00,1742.327247118305,1765.5711903816953,1719.0833038549144,1753.94921875,77700,0.0,0.0
2020-10-09 00:00:00+09:00,1753.9492008545194,1753.9492008545194,1724.8942720717278,1737.4847412109375,70900,0.0,0.0
2020-10-12 00:00:00+09:00,1754.9178466796875,1755.8863443875682,1728.7684085669107,1754.9178466796875,38100,0.0,0.0
2020-10-13 00:00:00+09:00,1757.8233234553047,1777.1932774327738,1748.1383464665703,1752.9808349609375,61000,0.0,0.0
2020-10-14 00:00:00+09:00,1762.6658206838167,1798.5002357196963,1759.7603275727993,1783.0042724609375,120800,0.0,0.0
2020-10-15 00:00:00+09:00,1779.1303141276042,1792.6892822265625,1739.4219075520834,1757.8233642578125,92400,0.0,0.0
2020-10-16 00:00:00+09:00,1726.831378564763,1726.831378564763,1660.0050380594525,1678.406494140625,118700,0.0,0.0
2020-10-19 00:00:00+09:00,1700.6819274834752,1752.0123045658352,1692.9339460370813,1749.1068115234375,147000,0.0,0.0
2020-10-20 00:00:00+09:00,1748.1384280753537,1768.476880701161,1728.7684731936322,1733.6109619140625,100100,0.0,0.0
2020-10-21 00:00:00+09:00,1722.9574623573633,1745.23291015625,1719.0834714358177,1745.23291015625,70000,0.0,0.0
2020-10-22 00:00:00+09:00,1745.2327937797747,1745.2327937797747,1698.7449058211569,1702.618896484375,53400,0.0,0.0
2020-10-23 00:00:00+09:00,1718.1148666241847,1721.0203596342594,1679.3749598231884,1689.0599365234375,55300,0.0,0.0
2020-10-26 00:00:00+09:00,1766.5397254057516,1769.445218375169,1700.681884765625,1700.681884765625,96400,0.0,0.0
2020-10-27 00:00:00+09:00,1663.8790288133835,1678.406494140625,1631.9186050934525,1678.406494140625,51700,0.0,0.0
2020-10-28 00:00:00+09:00,1647.414640631444,1663.8791020604472,1598.989754075552,1614.4857177734375,86600,0.0,0.0
2020-10-29 00:00:00+09:00,1575.745760466899,1601.8951984094965,1561.2182949432336,1594.147216796875,74700,0.0,0.0
2020-10-30 00:00:00+09:00,1581.5566499481695,1590.2731287292677,1488.580876283121,1496.328857421875,189500,0.0,0.0
2020-11-02 00:00:00+09:00,1535.068718944213,1554.43867123373,1514.7302690402205,1548.627685546875,88200,0.0,0.0
2020-11-04 00:00:00+09:00,1578.651075380615,1593.1785392644858,1563.1551139044864,1587.3675537109375,113200,0.0,0.0
2020-11-05 00:00:00+09:00,1601.8951592677288,1638.698071028414,1560.2497591174795,1632.8870849609375,137400,0.0,0.0
2020-11-06 00:00:00+09:00,1598.0211409535293,1598.0211409535293,1552.5017508778833,1571.8717041015625,164800,0.0,0.0
2020-11-09 00:00:00+09:00,1530.226219332948,1556.3756547266123,1492.4548126532106,1518.604248046875,243300,0.0,0.0
2020-11-10 00:00:00+09:00,1702.6189685473503,1708.4299547881262,1602.8637047473633,1624.170654296875,202800,0.0,0.0
2020-11-11 00:00:00+09:00,1645.4774486820643,1645.4774486820643,1562.1866537517185,1563.1551513671875,132900,0.0,0.0
2020-11-12 00:00:00+09:00,1578.6512607317266,1601.8952056750159,1529.257877727237,1537.005859375,124200,0.0,0.0
2020-11-13 00:00:00+09:00,1518.6043864450637,1539.9113357446756,1498.2659348408888,1520.5413818359375,108100,0.0,0.0
2020-11-16 00:00:00+09:00,1567.9978269694707,1596.084261177077,1539.9113927618644,1585.4307861328125,127000,0.0,0.0
2020-11-17 00:00:00+09:00,1607.7062174479167,1612.5487060546875,1580.58828125,1583.4937744140625,80200,0.0,0.0
2020-11-18 00:00:00+09:00,1578.6512614231483,1608.67469032138,1562.1868004144408,1580.5882568359375,144100,0.0,0.0
2020-11-19 00:00:00+09:00,1590.2732824970494,1625.1392009927215,1580.5883051371404,1615.4542236328125,89900,0.0,0.0
2020-11-20 00:00:00+09:00,1607.7061533857254,1639.6665769168874,1604.8006603374379,1633.8555908203125,95800,0.0,0.0
2020-11-24 00:00:00+09:00,1671.62702657826,1699.7134598174082,1665.8160403908503,1680.343505859375,115600,0.0,0.0
2020-11-25 00:00:00+09:00,1692.9339579360744,1707.4614232501713,1634.8240966796875,1634.8240966796875,146400,0.0,0.0
2020-11-26 00:00:00+09:00,1619.3281901041667,1663.8790852864583,1616.4226969401043,1627.076171875,128100,0.0,0.0
2020-11-27 00:00:00+09:00,1648.3830648120963,1664.8475255064593,1621.2651295507928,1649.3515625,185900,0.0,0.0
2020-11-30 00:00:00+09:00,1660.0050779231117,1677.4380367344395,1639.6666259765625,1639.6666259765625,119600,0.0,0.0
2020-12-01 00:00:00+09:00,1601.8952471248886,1640.6351563661192,1600.9267493938578,1629.01318359375,115200,0.0,0.0
2020-12-02 00:00:00+09:00,1636.7610844433939,1659.0365311547537,1630.950098344778,1648.383056640625,81000,0.0,0.0
2020-12-03 00:00:00+09:00,1656.1309349825638,1685.1858636664685,1641.6034706406115,1679.3748779296875,136200,0.0,0.0
2020-12-04 00:00:00+09:00,1693.9025146484375,1725.862939453125,1684.2175374348958,1714.240966796875,113400,0.0,0.0
2020-12-07 00:00:00+09:00,1731.6738670071768,1733.6108623841424,1675.5010010751766,1678.406494140625,85700,0.0,0.0
2020-12-08 00:00:00+09:00,1681.3120603523405,1703.587508156548,1666.784594393075,1701.6505126953125,54700,0.0,0.0
2020-12-09 00:00:00+09:00,1686.154382990304,1742.327245835472,1682.280392449258,1739.4217529296875,78300,0.0,0.0
2020-12-10 00:00:00+09:00,1723.9259036603412,1752.0123369222233,1723.9259036603412,1738.453369140625,82000,0.0,0.0
2020-12-11 00:00:00+09:00,1740.3902340892166,1743.2957269674957,1715.2092958107974,1737.4847412109375,64700,0.0,0.0
2020-12-14 00:00:00+09:00,1722.9572341041608,1736.5162005333111,1712.303760481257,1718.11474609375,57300,0.0,0.0
2020-12-15 00:00:00+09:00,1727.7999348958333,1736.5164143880208,1699.7135009765625,1699.7135009765625,103500,0.0,0.0
2020-12-16 00:00:00+09:00,1717.1463487263818,1765.5712316571878,1717.1463487263818,1758.791748046875,161700,0.0,0.0
2020-12-17 00:00:00+09:00,1754.9177880171655,1754.9177880171655,1716.177880996919,1719.0833740234375,52600,0.0,0.0
2020-12-18 00:00:00+09:00,1720.0518544688566,1721.0203521346612,1688.091431497307,1702.618896484375,57300,0.0,0.0
2020-12-21 00:00:00+09:00,1685.186010909407,1699.7134765206952,1672.5955407129575,1696.8079833984375,41300,0.0,0.0
2020-12-22 00:00:00+09:00,1676.4694569816522,1689.0599266181407,1650.3200200443302,1659.0364990234375,104000,0.0,0.0
2020-12-23 00:00:00+09:00,1660.0049802689857,1681.3119286738386,1641.603524828431,1657.0994873046875,52900,0.0,0.0
2020-12-24 00:00:00+09:00,1657.0996012369792,1672.595564778646,1638.69814453125,1641.6036376953125,58800,0.0,0.0
2020-12-25 00:00:00+09:00,1641.6036625045667,1651.2886398644757,1611.580232688849,1615.4542236328125,39200,0.0,0.0
2020-12-28 00:00:00+09:00,1612.5486644908694,1617.3911529728239,1561.218286582151,1578.6512451171875,146900,0.0,0.0
2020-12-29 00:00:00+09:00,1574.7242460793975,1605.1584428552462,1564.9067632484787,1603.1949462890625,123400,22.0,0.0
2020-12-30 00:00:00+09:00,1589.45034417131,1593.3773369919927,1566.8701354523846,1574.72412109375,113500,0.0,0.0
2021-01-04 00:00:00+09:00,1593.3774755674303,1598.286217020195,1537.4178230059124,1554.1075439453125,90600,0.0,0.0
2021-01-05 00:00:00+09:00,1528.582092708744,1557.052793215201,1515.8193648955048,1556.071044921875,97700,0.0,0.0
2021-01-06 00:00:00+09:00,1540.363037109375,1555.0892611735183,1527.6003095871176,1540.363037109375,72500,0.0,0.0
2021-01-07 00:00:00+09:00,1542.3265750200321,1558.0345477764424,1531.52734375,1531.52734375,174600,0.0,0.0
2021-01-08 00:00:00+09:00,1524.6550243459878,1563.9249541424074,1516.8010383867038,1549.19873046875,142600,0.0,0.0
2021-01-12 00:00:00+09:00,1543.308205030188,1584.541630355422,1536.4359674759824,1559.9979248046875,136700,0.0,0.0
2021-01-13 00:00:00+09:00,1553.1256962528935,1600.2496111834491,1545.2717104311344,1563.9249267578125,198100,0.0,0.0
2021-01-14 00:00:00+09:00,1555.0892834171152,1566.870262836942,1545.2718005672598,1550.1805419921875,134300,0.0,0.0
2021-01-15 00:00:00+09:00,1545.2717104311344,1566.8701714409722,1533.4907316984954,1563.9249267578125,113300,0.0,0.0
2021-01-18 00:00:00+09:00,1546.2535133288598,1550.180506378584,1522.6915550305152,1534.4725341796875,114800,0.0,0.0
2021-01-19 00:00:00+09:00,1536.43607368794,1536.43607368794,1482.4399177436353,1499.129638671875,201900,0.0,0.0
2021-01-20 00:00:00+09:00,1494.220864067735,1543.3082774733766,1494.220864067735,1538.3995361328125,136700,0.0,0.0
2021-01-21 00:00:00+09:00,1517.7828343200683,1575.7059825897218,1514.8375894927979,1570.7972412109375,156100,0.0,0.0
2021-01-22 00:00:00+09:00,1560.9797786836152,1632.6474037426744,1559.0162821066547,1607.1219482421875,159500,0.0,0.0
2021-01-25 00:00:00+09:00,1600.2496845325763,1678.789546350126,1592.3956983508215,1676.8260498046875,155300,0.0,0.0
2021-01-26 00:00:00+09:00,1643.4464874452087,1651.3004730482921,1623.8115234375,1623.8115234375,118100,0.0,0.0
2021-01-27 00:00:00+09:00,1619.8847344581118,1662.099912386414,1617.9212378102839,1661.1181640625,69300,0.0,0.0
2021-01-28 00:00:00+09:00,1627.7385791044196,1688.6069698791325,1621.8480896746087,1677.8077392578125,131100,0.0,0.0
2021-01-29 00:00:00+09:00,1674.8625318800025,1684.6800144818783,1637.5560979928748,1640.5013427734375,94700,0.0,0.0
2021-02-01 00:00:00+09:00,1613.0123733069065,1668.9720235068417,1597.3044013209596,1659.154541015625,90000,0.0,0.0
2021-02-02 00:00:00+09:00,1647.3735078992534,1674.8624579714697,1629.7020399956857,1635.592529296875,78400,0.0,0.0
2021-02-03 00:00:00+09:00,1627.7385615596065,1657.1910083912037,1622.829820421007,1643.446533203125,90700,0.0,0.0
2021-02-04 00:00:00+09:00,1646.3918435875216,1707.260236135182,1633.629116117851,1699.40625,132700,0.0,0.0
2021-02-05 00:00:00+09:00,1717.0777707437176,1813.2891038099751,1701.3697979982062,1804.453369140625,322300,0.0,0.0
2021-02-08 00:00:00+09:00,1796.5994344643696,1862.3765722289122,1793.6541894898378,1828.015380859375,162300,0.0,0.0
2021-02-09 00:00:00+09:00,1826.0517578125,1839.7962334089382,1810.3437857022848,1826.0517578125,173400,0.0,0.0
2021-02-10 00:00:00+09:00,1808.3802854911933,1820.1612645497678,1775.000844825232,1797.5810546875,112400,0.0,0.0
2021-02-12 00:00:00+09:00,1772.0556422874442,1850.5955045494918,1767.1469008960664,1843.7232666015625,138400,0.0,0.0
2021-02-15 00:00:00+09:00,1843.723171657986,1917.3542887369792,1835.869185836227,1882.0113525390625,236100,0.0,0.0
2021-02-16 00:00:00+09:00,1882.0113985666364,1895.7558740908582,1836.8509789870511,1848.6319580078125,181100,0.0,0.0
2021-02-17 00:00:00+09:00,1848.6319485291103,1884.956633656873,1838.8144660621474,1871.212158203125,177000,0.0,0.0
2021-02-18 00:00:00+09:00,1865.3216782872246,1878.084405559716,1818.1977622041788,1848.6319580078125,153700,0.0,0.0
2021-02-19 00:00:00+09:00,1835.8692218319668,1896.7376131440428,1808.3802709168358,1844.7049560546875,191800,0.0,0.0
2021-02-22 00:00:00+09:00,1923.2448586203836,1981.1680064808238,1923.2448586203836,1943.861572265625,285400,0.0,0.0
2021-02-24 00:00:00+09:00,1954.6607441100612,1994.9124219144371,1935.0257793274388,1944.84326171875,200000,0.0,0.0
2021-02-25 00:00:00+09:00,1922.2630891039146,1927.1718303937612,1879.0661657532648,1907.536865234375,206800,0.0,0.0
2021-02-26 00:00:00+09:00,1875.1392044304566,1944.843331924992,1866.3034699593184,1894.774169921875,160800,0.0,0.0
2021-03-01 00:00:00+09:00,1876.120906567346,1962.5147526049843,1875.1391583169184,1954.6607666015625,164300,0.0,0.0
2021-03-02 00:00:00+09:00,1936.0076642717634,1945.825147356306,1892.810738699777,1924.2266845703125,183600,0.0,0.0
2021-03-03 00:00:00+09:00,1884.9566508887171,1945.825042740332,1867.2851822866353,1905.5733642578125,178500,0.0,0.0
2021-03-04 00:00:00+09:00,1899.6829245701308,1930.1171212945103,1889.865441755815,1900.6646728515625,127700,0.0,0.0
2021-03-05 00:00:00+09:00,1895.7558969053339,1900.6646382230588,1819.1795323488263,1858.449462890625,130200,0.0,0.0
2021-03-08 00:00:00+09:00,1860.4130050966621,1925.208392081559,1844.7050324942627,1851.5772705078125,117300,0.0,0.0
2021-03-09 00:00:00+09:00,1836.8510829427082,1848.6320626302083,1809.3621303385416,1840.778076171875,114000,0.0,0.0
2021-03-10 00:00:00+09:00,1804.4533324337058,1833.9057807324061,1790.708856560979,1815.2525634765625,175200,0.0,0.0
2021-03-11 00:00:00+09:00,1854.5224906644673,1897.7194147455878,1842.7415113696163,1894.774169921875,191900,0.0,0.0
2021-03-12 00:00:00+09:00,1885.9384177502682,1897.719396934549,1867.2852007084905,1886.920166015625,116700,0.0,0.0
2021-03-15 00:00:00+09:00,1888.8837196303098,1925.2084065462773,1886.9202230402575,1912.4456787109375,146100,0.0,0.0
2021-03-16 00:00:00+09:00,1891.8289903913226,1931.0989227294922,1884.956752232143,1924.2266845703125,121000,0.0,0.0
2021-03-17 00:00:00+09:00,1924.2265615302258,2004.7299176758781,1924.2265615302258,1977.240966796875,173800,0.0,0.0
2021-03-18 00:00:00+09:00,1978.222652411311,2037.127545287082,1958.5876881193874,2029.2735595703125,133600,0.0,0.0
2021-03-19 00:00:00+09:00,1993.9307861328125,2021.419738378858,1982.1498065987928,1993.9307861328125,160700,0.0,0.0
2021-03-22 00:00:00+09:00,1974.2957316101167,1991.9672001178153,1942.87978759643,1954.6607666015625,88700,0.0,0.0
2021-03-23 00:00:00+09:00,1924.2266564477848,1980.1863092118274,1919.3179149772548,1938.952880859375,121000,0.0,0.0
2021-03-24 00:00:00+09:00,1915.3909429824105,1943.8616438263314,1829.9788404506473,1838.8145751953125,196600,0.0,0.0
2021-03-25 00:00:00+09:00,1894.774183162973,1920.2996384801943,1865.3217347200252,1900.6646728515625,95600,0.0,0.0
2021-03-26 00:00:00+09:00,1936.9893432124968,1962.514798318186,1924.2266156596522,1947.78857421875,106600,0.0,0.0
2021-03-29 00:00:00+09:00,1956.6243308171584,1964.4783170923904,1915.3909028721907,1957.6060791015625,123400,0.0,0.0
2021-03-30 00:00:00+09:00,1935.0257966177803,1996.8759362357002,1935.0257966177803,1979.2044677734375,94500,0.0,0.0
2021-03-31 00:00:00+09:00,1956.6243396106067,1976.25930538693,1921.281401213225,1961.5330810546875,105700,0.0,0.0
2021-04-01 00:00:00+09:00,1998.8393733828862,2015.5290931017018,1972.3321714765314,1980.1861572265625,93400,0.0,0.0
2021-04-02 00:00:00+09:00,1980.1862338823764,2005.7116885581036,1973.3139960850651,1987.0584716796875,68600,0.0,0.0
2021-04-05 00:00:00+09:00,1992.9489612202399,2007.675185071621,1980.1862338823764,1987.0584716796875,71200,0.0,0.0
2021-04-06 00:00:00+09:00,1963.4966124553114,1985.0950751923199,1915.3909454501563,1922.26318359375,88100,0.0,0.0
2021-04-07 00:00:00+09:00,1922.2630743374482,1963.496500855412,1922.2630743374482,1954.6607666015625,65200,0.0,0.0
2021-04-08 00:00:00+09:00,1940.916218443687,1946.806707725762,1883.974822050296,1896.737548828125,88600,0.0,0.0
2021-04-09 00:00:00+09:00,1912.445565645812,1931.0987821485176,1892.8106009061219,1916.37255859375,78000,0.0,0.0
2021-04-12 00:00:00+09:00,1910.4821928267047,1913.4274377282875,1887.90198191457,1889.865478515625,37500,0.0,0.0
2021-04-13 00:00:00+09:00,1890.8472701437981,1934.0441963568444,1877.1027936214653,1909.50048828125,59900,0.0,0.0
2021-04-14 00:00:00+09:00,1902.6281649915977,1918.3361374579886,1887.9019408043562,1898.701171875,57300,0.0,0.0
2021-04-15 00:00:00+09:00,1914.409164823535,1952.6973481200057,1912.445668244229,1935.02587890625,60500,0.0,0.0
2021-04-16 00:00:00+09:00,1938.9528166824791,1997.857712379162,1937.9710684208678,1964.478271484375,66900,0.0,0.0
2021-04-19 00:00:00+09:00,1944.84326171875,1966.4417229796347,1940.9162687622254,1944.84326171875,80400,0.0,0.0
2021-04-20 00:00:00+09:00,1929.1353790426929,1932.0806238961932,1874.1574751106873,1876.1209716796875,82700,0.0,0.0
2021-04-21 00:00:00+09:00,1828.9969617620136,1845.6866817566213,1810.343745297452,1834.887451171875,91900,0.0,0.0
2021-04-22 00:00:00+09:00,1874.157452980134,1874.157452980134,1847.6502496116354,1866.303466796875,48800,0.0,0.0
2021-04-23 00:00:00+09:00,1849.6137636483434,1885.9384500894203,1839.7962808264308,1874.157470703125,33500,0.0,0.0
2021-04-26 00:00:00+09:00,1873.1756858825684,1895.7558959325154,1865.3216997782388,1884.9566650390625,40700,0.0,0.0
2021-04-27 00:00:00+09:00,1884.956638168239,1892.8106241606067,1865.32167318732,1873.1756591796875,40300,0.0,0.0
2021-04-28 00:00:00+09:00,1866.3033672097888,1882.0113387381195,1842.741409917293,1849.6136474609375,93400,0.0,0.0
2021-04-30 00:00:00+09:00,1865.3216597660357,1881.0296316377496,1847.6501914103576,1867.28515625,97000,0.0,0.0
2021-05-06 00:00:00+09:00,1859.4311167083172,1912.4455202469915,1855.5041238536007,1896.737548828125,64900,0.0,0.0
2021-05-07 00:00:00+09:00,1899.6828161949672,1950.7337239170026,1894.7740750678486,1933.062255859375,79100,0.0,0.0
2021-05-10 00:00:00+09:00,1918.336054820735,1945.8250054527618,1904.5915795047215,1942.8797607421875,52400,0.0,0.0
2021-05-11 00:00:00+09:00,1904.5916825633938,1935.0258795528089,1851.5772749044127,1853.540771484375,74800,0.0,0.0
2021-05-12 00:00:00+09:00,1842.7415227362449,1871.212222874418,1821.1430605624585,1845.686767578125,91300,0.0,0.0
2021-05-13 00:00:00+09:00,1820.1613374597887,1836.8510584613077,1800.5263715756485,1802.4898681640625,90500,0.0,0.0
2021-05-14 00:00:00+09:00,1852.5589953696672,1880.0479470762652,1840.7780160668394,1868.2669677734375,84400,0.0,0.0
2021-05-17 00:00:00+09:00,1876.120867675018,1924.2265309487364,1850.5954136930447,1883.974853515625,121300,0.0,0.0
2021-05-18 00:00:00+09:00,1879.066184315513,1909.5003806132042,1850.5954845531567,1888.8836669921875,94100,0.0,0.0
2021-05-19 00:00:00+09:00,1851.577139356818,1866.3033626284787,1831.9421749946034,1847.650146484375,65900,0.0,0.0
2021-05-20 00:00:00+09:00,1850.5954136930447,1889.8653428960802,1847.6501690028172,1883.974853515625,55800,0.0,0.0
2021-05-21 00:00:00+09:00,1913.4274488377011,1929.1354217373434,1887.901992875782,1922.26318359375,55800,0.0,0.0
2021-05-24 00:00:00+09:00,1912.4456708984376,1971.350568359375,1912.4456708984376,1963.49658203125,69300,0.0,0.0
2021-05-25 00:00:00+09:00,1987.0585631413246,2009.6387740861123,1973.3140869140625,1973.3140869140625,81900,0.0,0.0
2021-05-26 00:00:00+09:00,1988.0401701572318,2023.3831065155828,1988.0401701572318,1991.9671630859375,92800,0.0,0.0
2021-05-27 00:00:00+09:00,1992.9490966796875,2016.5110564433883,1984.1133617683,1992.9490966796875,106000,0.0,0.0
2021-05-28 00:00:00+09:00,2028.2918158964928,2034.1823051972572,2012.583844427788,2031.237060546875,49500,0.0,0.0
2021-05-31 00:00:00+09:00,2019.4561812042784,2049.8903774207747,2016.5109364091338,2021.419677734375,55900,0.0,0.0
2021-06-01 00:00:00+09:00,2012.5839300290352,2031.2371469414995,2010.6204335119337,2015.5291748046875,66500,0.0,0.0
2021-06-02 00:00:00+09:00,2023.3831788796206,2134.3207330831124,2023.3831788796206,2131.37548828125,190100,0.0,0.0
2021-06-03 00:00:00+09:00,2130.3938038687306,2227.586885243387,2129.412055572017,2187.335205078125,268500,0.0,0.0
2021-06-04 00:00:00+09:00,2206.970038489838,2211.8787796786496,2141.1929065597583,2209.915283203125,111000,0.0,0.0
2021-06-07 00:00:00+09:00,2246.240170512602,2257.039402101605,2161.809814453125,2161.809814453125,75200,0.0,0.0
2021-06-08 00:00:00+09:00,2171.627203182156,2172.6089514656924,2134.320768407779,2147.08349609375,58200,0.0,0.0
2021-06-09 00:00:00+09:00,2125.4851247240636,2160.828064442339,2121.558131422033,2133.339111328125,62500,0.0,0.0
2021-06-10 00:00:00+09:00,2125.485083477744,2159.8462742037123,2121.558090251919,2142.1748046875,99800,0.0,0.0
2021-06-11 00:00:00+09:00,2159.846241457859,2179.481207289294,2142.1747722095674,2154.9375,44900,0.0,0.0
2021-06-14 00:00:00+09:00,2142.1748240515153,2186.3534982413953,2137.266082474862,2178.49951171875,47700,0.0,0.0
2021-06-15 00:00:00+09:00,2156.9009198567114,2182.4263745295716,2146.101689033578,2148.065185546875,57300,0.0,0.0
2021-06-16 00:00:00+09:00,2130.3937607917233,2184.389916019163,2123.5215228536854,2167.7001953125,55100,0.0,0.0
2021-06-17 00:00:00+09:00,2145.11996963373,2147.0834661734407,2106.831787109375,2106.831787109375,51600,0.0,0.0
2021-06-18 00:00:00+09:00,2094.069243716705,2120.5764493333722,2085.2335085111495,2107.813720703125,103700,0.0,0.0
2021-06-21 00:00:00+09:00,2061.6712782118057,2073.4522569444443,2048.9085512514466,2067.561767578125,74000,0.0,0.0
2021-06-22 00:00:00+09:00,2135.3024670677464,2159.8461735857663,2115.66750185333,2151.9921875,54900,0.0,0.0
2021-06-23 00:00:00+09:00,2147.083546219781,2168.682008961818,2137.266063155219,2142.1748046875,41200,0.0,0.0
2021-06-24 00:00:00+09:00,2132.3571328018757,2194.2072706317645,2125.4848952652214,2165.736572265625,74200,0.0,0.0
2021-06-25 00:00:00+09:00,2233.477471579968,2263.911670093805,2216.7877498143152,2230.5322265625,154500,0.0,0.0
2021-06-28 00:00:00+09:00,2223.6597675737944,2246.239977134146,2210.8970404309866,2213.84228515625,87100,0.0,0.0
2021-06-29 00:00:00+09:00,2212.8514524860148,2247.53564453125,2191.0499603432954,2247.53564453125,112400,21.0,0.0
2021-06-30 00:00:00+09:00,2281.2286594483267,2338.7053155074072,2281.2286594483267,2291.138427734375,115400,0.0,0.0
2021-07-01 00:00:00+09:00,2257.4452056818795,2304.021116422463,2250.5083679120057,2292.12939453125,62900,0.0,0.0
2021-07-02 00:00:00+09:00,2262.4001256734055,2336.723388671875,2261.409148833426,2336.723388671875,84200,0.0,0.0
2021-07-05 00:00:00+09:00,2320.867909814474,2352.579170751307,2318.885956005922,2321.85888671875,91700,0.0,0.0
2021-07-06 00:00:00+09:00,2330.777700515328,2373.3897077951574,2328.795746688359,2343.660400390625,104000,0.0,0.0
2021-07-07 00:00:00+09:00,2320.867839303524,2360.5069142702796,2306.0031861909906,2328.795654296875,104900,0.0,0.0
2021-07-08 00:00:00+09:00,2276.2739841224784,2290.147660995667,2220.779276629723,2222.76123046875,136800,0.0,0.0
2021-07-09 00:00:00+09:00,2201.950526229899,2243.571553278349,2193.031734719517,2241.589599609375,91400,0.0,0.0
2021-07-12 00:00:00+09:00,2264.3821729577107,2298.0753869098166,2264.3821729577107,2279.246826171875,72000,0.0,0.0
2021-07-13 00:00:00+09:00,2279.2467758609,2292.12947502881,2272.3099378474103,2284.20166015625,82900,0.0,0.0
2021-07-14 00:00:00+09:00,2264.382122974851,2307.985104773929,2258.436261820431,2284.20166015625,37100,0.0,0.0
2021-07-15 00:00:00+09:00,2279.2467833401865,2284.2016676517956,2251.4994311951755,2259.42724609375,57000,0.0,0.0
2021-07-16 00:00:00+09:00,2224.7430333423868,2272.3099222512665,2224.7430333423868,2237.625732421875,68800,0.0,0.0
2021-07-19 00:00:00+09:00,2218.797119140625,2232.6707947404325,2202.941489883702,2218.797119140625,73500,0.0,0.0
2021-07-20 00:00:00+09:00,2188.07692443903,2213.842323005794,2177.176178891553,2186.094970703125,78100,0.0,0.0
2021-07-21 00:00:00+09:00,2211.8603214135906,2230.6888814973086,2208.887390874056,2214.833251953125,60800,0.0,0.0
2021-07-26 00:00:00+09:00,2264.38210743312,2270.3279685467296,2225.734010194655,2237.625732421875,56900,0.0,0.0
2021-07-27 00:00:00+09:00,2275.282835417579,2277.264789106967,2238.6166921638983,2263.39111328125,63400,0.0,0.0
2021-07-28 00:00:00+09:00,2222.761168034586,2242.580705868153,2191.049907500878,2204.923583984375,39300,0.0,0.0
2021-07-29 00:00:00+09:00,2190.058810933658,2216.815185546875,2190.058810933658,2216.815185546875,44700,0.0,0.0
2021-07-30 00:00:00+09:00,2198.9777543975747,2246.5446458852193,2191.049939149634,2225.734130859375,81200,0.0,0.0
2021-08-02 00:00:00+09:00,2225.7341207547565,2249.5175663906043,2203.932628921896,2226.72509765625,57500,0.0,0.0
2021-08-03 00:00:00+09:00,2206.905407180309,2264.3820634966346,2206.905407180309,2217.80615234375,63500,0.0,0.0
2021-08-04 00:00:00+09:00,2208.8874386660314,2223.7520916853186,2163.3025027402186,2186.094970703125,42700,0.0,0.0
2021-08-05 00:00:00+09:00,2172.221181386799,2196.004624978625,2149.428714611299,2173.212158203125,79800,0.0,0.0
2021-08-06 00:00:00+09:00,2141.5009164004814,2156.3655687586524,2130.6001713378228,2147.44677734375,118500,0.0,0.0
2021-08-10 00:00:00+09:00,2254.472310953569,2344.6512033917115,2254.472310953569,2336.723388671875,318500,0.0,0.0
2021-08-11 00:00:00+09:00,2344.6511595948728,2356.5428814524967,2271.318874806191,2316.90380859375,165400,0.0,0.0
2021-08-12 00:00:00+09:00,2309.9670913971813,2338.705420719583,2290.147553933456,2305.01220703125,121000,0.0,0.0
2021-08-13 00:00:00+09:00,2284.2017683129384,2284.2017683129384,2201.9506851155525,2225.734130859375,184200,0.0,0.0
2021-08-16 00:00:00+09:00,2230.689062044726,2270.3281391134906,2095.9162000109263,2125.6455078125,117100,0.0,0.0
2021-08-17 00:00:00+09:00,2109.7897538497987,2149.4288286050787,1996.8183907972493,2005.7371826171875,202400,0.0,0.0
2021-08-18 00:00:00+09:00,2047.358237084234,2073.123636002041,1997.8093930115274,2063.2138671875,90800,0.0,0.0
2021-08-19 00:00:00+09:00,2043.3943395509218,2097.8980682974307,2027.5387093701195,2062.222900390625,96300,0.0,0.0
2021-08-20 00:00:00+09:00,2092.943089000484,2129.609232131648,2041.4122932485782,2047.358154296875,156200,0.0,0.0
2021-08-23 00:00:00+09:00,2063.2138892344196,2107.8078493763737,2057.268027882159,2085.015380859375,65600,0.0,0.0
2021-08-24 00:00:00+09:00,2079.069580078125,2096.9071646545817,2050.331249371611,2079.069580078125,225500,0.0,0.0
2021-08-25 00:00:00+09:00,2090.9612403282754,2110.780778151292,2060.2409567025993,2061.23193359375,66300,0.0,0.0
2021-08-26 00:00:00+09:00,2075.105504289458,2086.997226377077,2024.5656854170786,2035.4664306640625,138200,0.0,0.0
2021-08-27 00:00:00+09:00,2053.3040583053694,2086.0062947552133,2028.529636752457,2067.177734375,97600,0.0,0.0
2021-08-30 00:00:00+09:00,2063.2138493517996,2100.870970521525,2051.3221268771495,2088.979248046875,258500,0.0,0.0
2021-08-31 00:00:00+09:00,2094.9252119720486,2135.5552657520175,2088.979350443273,2102.85302734375,71400,0.0,0.0
2021-09-01 00:00:00+09:00,2084.024247354536,2124.654296875,2080.0603400842465,2124.654296875,66700,0.0,0.0
2021-09-02 00:00:00+09:00,2106.8167669866793,2146.455840683512,2106.8167669866793,2143.48291015625,59400,0.0,0.0
2021-09-03 00:00:00+09:00,2095.915992293001,2151.4106946894117,2086.006224007928,2146.455810546875,121400,0.0,0.0
2021-09-06 00:00:00+09:00,2171.2304108957405,2232.6709793464643,2170.239433985245,2224.7431640625,125000,0.0,0.0
2021-09-07 00:00:00+09:00,2214.833191816746,2265.3730096165914,2199.968539522674,2220.779052734375,140200,0.0,0.0
2021-09-08 00:00:00+09:00,2234.6527686223526,2237.6256991349323,2191.0497877711846,2216.815185546875,116700,0.0,0.0
2021-09-09 00:00:00+09:00,2201.950663395065,2228.707039592935,2188.0769868480215,2203.9326171875,55400,0.0,0.0
2021-09-10 00:00:00+09:00,2215.8243549155773,2274.2919921875,2205.914585886438,2274.2919921875,71600,0.0,0.0
2021-09-13 00:00:00+09:00,2259.427348688154,2273.301025390625,2219.7882723953794,2273.301025390625,82000,0.0,0.0
2021-09-14 00:00:00+09:00,2269.3371503747594,2320.867950295933,2269.3371503747594,2317.89501953125,84200,0.0,0.0
2021-09-15 00:00:00+09:00,2303.0302532848773,2328.7956519877202,2278.2558314552207,2305.01220703125,75100,0.0,0.0
2021-09-16 00:00:00+09:00,2306.0031104932464,2322.8497168011045,2279.2467357690016,2288.16552734375,92700,0.0,0.0
2021-09-17 00:00:00+09:00,2257.4452551671493,2295.1023753148015,2233.6618108633693,2287.174560546875,86400,0.0,0.0
2021-09-21 00:00:00+09:00,2192.040814362119,2219.7881664426523,2164.293462281586,2211.8603515625,116600,0.0,0.0
2021-09-22 00:00:00+09:00,2212.8514612736153,2237.6258842614525,2196.004853641886,2222.76123046875,62200,0.0,0.0
2021-09-24 00:00:00+09:00,2280.237875262159,2303.030344245657,2268.346152314247,2296.093505859375,75800,0.0,0.0
2021-09-27 00:00:00+09:00,2303.030132450331,2303.030132450331,2235.6437086092715,2244.5625,78300,0.0,0.0
2021-09-28 00:00:00+09:00,2244.5627329245303,2249.5176175446727,2181.1402097867067,2221.770263671875,69100,0.0,0.0
2021-09-29 00:00:00+09:00,2181.1401670419486,2193.031889897243,2143.483044666849,2178.167236328125,100500,0.0,0.0
2021-09-30 00:00:00+09:00,2191.0498719146285,2294.1114669752897,2148.4378662645477,2256.454345703125,182900,0.0,0.0
2021-10-01 00:00:00+09:00,2244.562715061048,2303.030353113411,2229.6980613189216,2271.319091796875,177900,0.0,0.0
2021-10-04 00:00:00+09:00,2328.7955666209664,2454.6496249021848,2313.9309140680666,2433.839111328125,448200,0.0,0.0
2021-10-05 00:00:00+09:00,2434.8301933429293,2516.0902974756605,2400.1460025545684,2471.496337890625,339100,0.0,0.0
2021-10-06 00:00:00+09:00,2497.2617037441873,2539.8737090064888,2428.8842999511917,2450.685791015625,157300,0.0,0.0
2021-10-07 00:00:00+09:00,2435.8211580505745,2487.3519555357775,2431.8572505517127,2448.703857421875,124600,0.0,0.0
2021-10-08 00:00:00+09:00,2497.2616542779124,2553.747334553246,2490.3248163493627,2551.765380859375,193900,0.0,0.0
2021-10-11 00:00:00+09:00,2531.9458040945196,2566.6299931917047,2501.2255223227266,2555.729248046875,110700,0.0,0.0
2021-10-12 00:00:00+09:00,2558.7022117262622,2588.4315170522837,2539.8736516864483,2576.539794921875,90900,0.0,0.0
2021-10-13 00:00:00+09:00,2567.6209933153714,2597.3502985255072,2558.702201752331,2577.53076171875,59500,0.0,0.0
2021-10-14 00:00:00+09:00,2577.53088477011,2602.3053069612874,2546.8106012530498,2589.422607421875,104000,0.0,0.0
2021-10-15 00:00:00+09:00,2604.287313072877,2640.95345865267,2571.5850751233315,2608.251220703125,115700,0.0,0.0
2021-10-18 00:00:00+09:00,2599.332413619405,2604.2872981287824,2514.108400058113,2537.891845703125,142700,0.0,0.0
2021-10-19 00:00:00+09:00,2546.8106130041374,2612.215087890625,2545.819636111918,2612.215087890625,100100,0.0,0.0
2021-10-20 00:00:00+09:00,2585.4586897998156,2626.0887420350755,2558.7023139375715,2590.41357421875,174000,0.0,0.0
2021-10-21 00:00:00+09:00,2588.4316162680243,2589.4225931502097,2542.8466796875,2542.8466796875,70100,0.0,0.0
2021-10-22 00:00:00+09:00,2542.8465292870374,2568.6119266999226,2525.9999232863047,2557.711181640625,73200,0.0,0.0
2021-10-25 00:00:00+09:00,2533.927921477792,2601.3143503633964,2533.927921477792,2587.440673828125,78400,0.0,0.0
2021-10-26 00:00:00+09:00,2595.3684506663863,2653.836086630234,2562.6662136018617,2615.18798828125,100900,0.0,0.0
2021-10-27 00:00:00+09:00,2610.233165966374,2633.025634765625,2598.341443114591,2633.025634765625,97700,0.0,0.0
2021-10-28 00:00:00+09:00,2630.05251030325,2644.9171627729365,2607.2600431830633,2628.070556640625,96700,0.0,0.0
2021-10-29 00:00:00+09:00,2645.9081497106044,2645.9081497106044,2615.187867822579,2627.07958984375,56400,0.0,0.0
2021-11-01 00:00:00+09:00,2686.5382921957716,2727.168343829865,2684.5563384575235,2714.28564453125,130400,0.0,0.0
2021-11-02 00:00:00+09:00,2695.4569910976506,2728.159226651409,2681.5833154081774,2699.4208984375,63700,0.0,0.0
2021-11-04 00:00:00+09:00,2714.285636934979,2755.9066653217146,2704.37586827147,2739.06005859375,97900,0.0,0.0
2021-11-05 00:00:00+09:00,2721.2225251095847,2751.942808532162,2702.3939643021986,2734.105224609375,67900,0.0,0.0
2021-11-08 00:00:00+09:00,2725.1864147357496,2772.7533048838645,2708.3398078082923,2759.87060546875,243800,0.0,0.0
2021-11-09 00:00:00+09:00,2765.8164869576444,2800.5006779442147,2728.1593653150826,2757.888671875,162700,0.0,0.0
2021-11-10 00:00:00+09:00,2746.987835990665,2790.590817514327,2737.0780674625603,2766.807373046875,93400,0.0,0.0
2021-11-11 00:00:00+09:00,2739.0599772693195,2913.4719005686684,2739.0599772693195,2891.67041015625,251800,0.0,0.0
2021-11-12 00:00:00+09:00,2925.363674470515,2992.7501005762047,2912.4809753620743,2982.84033203125,209100,0.0,0.0
2021-11-15 00:00:00+09:00,3032.389103269114,3081.9379448257987,3017.5244508021087,3062.118408203125,157800,0.0,0.0
2021-11-16 00:00:00+09:00,3091.8477997703676,3101.757568359375,3062.118494003345,3101.757568359375,122400,0.0,0.0
2021-11-17 00:00:00+09:00,3171.126077586207,3195.900500067349,3116.622348127694,3161.21630859375,143300,0.0,0.0
2021-11-18 00:00:00+09:00,3176.0808178403845,3176.0808178403845,3131.4868593995675,3151.306396484375,180100,0.0,0.0
2021-11-19 00:00:00+09:00,3141.3965873108637,3146.3514715179786,2896.6253074793863,2914.462890625,335700,0.0,0.0
2021-11-22 00:00:00+09:00,2918.4269477744338,2992.750214695684,2809.419489623266,2875.81494140625,222800,0.0,0.0
2021-11-24 00:00:00+09:00,2866.8960921999005,2880.7697684151785,2788.608919270833,2809.41943359375,198600,0.0,0.0
2021-11-25 00:00:00+09:00,2809.4195301680834,2809.4195301680834,2703.385001163503,2728.159423828125,206700,0.0,0.0
2021-11-26 00:00:00+09:00,2745.0058737362133,2758.879549632353,2673.655540556066,2695.45703125,122000,0.0,0.0
2021-11-29 00:00:00+09:00,2658.7909853573797,2724.1954598387765,2638.9714476357444,2661.763916015625,139200,0.0,0.0
2021-11-30 00:00:00+09:00,2678.6104160089867,2693.47506870604,2616.178874681363,2624.106689453125,152500,0.0,0.0
2021-12-01 00:00:00+09:00,2598.3414057167756,2619.151920407871,2494.2888322612985,2540.86474609375,148800,0.0,0.0
2021-12-02 00:00:00+09:00,2507.1714724098388,2526.000032874577,2436.812114883713,2450.685791015625,249300,0.0,0.0
2021-12-03 00:00:00+09:00,2472.487380027771,2536.90087890625,2461.586634063721,2536.90087890625,114400,0.0,0.0
2021-12-06 00:00:00+09:00,2497.2617843609178,2497.2617843609178,2388.2543255197666,2418.974609375,165600,0.0,0.0
2021-12-07 00:00:00+09:00,2518.072347832696,2539.8738400217235,2487.3520633845205,2533.927978515625,110100,0.0,0.0
2021-12-08 00:00:00+09:00,2541.8557513960254,2663.7459102348994,2541.8557513960254,2657.800048828125,206600,0.0,0.0
2021-12-09 00:00:00+09:00,2677.619604232463,2702.3940269215127,2595.368520904819,2608.251220703125,195500,0.0,0.0
2021-12-10 00:00:00+09:00,2592.3955443764626,2615.1880128476623,2526.99106963302,2540.86474609375,116000,0.0,0.0
2021-12-13 00:00:00+09:00,2537.891783011883,2576.5398812303383,2499.243684793428,2520.05419921875,78600,0.0,0.0
2021-12-14 00:00:00+09:00,2540.8645818912355,2569.6029098455433,2458.6135053323537,2460.595458984375,133100,0.0,0.0
2021-12-15 00:00:00+09:00,2449.6948801816657,2539.8737774699066,2439.785111248892,2516.09033203125,132100,0.0,0.0
2021-12-16 00:00:00+09:00,2554.738305403208,2567.621004383131,2504.198486328125,2504.198486328125,77700,0.0,0.0
2021-12-17 00:00:00+09:00,2454.6496553168313,2469.5143080539133,2419.965465596973,2430.8662109375,129700,0.0,0.0
2021-12-20 00:00:00+09:00,2428.8843766363584,2443.749030104145,2379.335531743736,2395.191162109375,137200,0.0,0.0
2021-12-21 00:00:00+09:00,2396.182060917721,2440.776019867803,2379.335454203246,2426.90234375,94400,0.0,0.0
2021-12-22 00:00:00+09:00,2426.9022834855527,2432.84814453125,2384.29027932472,2432.84814453125,91800,0.0,0.0
2021-12-23 00:00:00+09:00,2465.550466558116,2500.234657205035,2448.7038596724697,2472.4873046875,95800,0.0,0.0
2021-12-24 00:00:00+09:00,2497.2617310386354,2534.9188523796943,2482.397077877691,2520.05419921875,123500,0.0,0.0
2021-12-27 00:00:00+09:00,2509.1534716273095,2509.1534716273095,2461.5865811699196,2494.288818359375,57400,0.0,0.0
2021-12-28 00:00:00+09:00,2526.0,2535.909768536681,2476.4511573165946,2526.0,114100,0.0,0.0
2021-12-29 00:00:00+09:00,2492.0,2522.0,2483.0,2505.0,65800,23.0,0.0
2021-12-30 00:00:00+09:00,2480.0,2482.0,2442.0,2462.0,67900,0.0,0.0
2022-01-04 00:00:00+09:00,2505.0,2525.0,2416.0,2442.0,127000,0.0,0.0
2022-01-05 00:00:00+09:00,2458.0,2458.0,2334.0,2345.0,109800,0.0,0.0
2022-01-06 00:00:00+09:00,2276.0,2287.0,2100.0,2140.0,302100,0.0,0.0
2022-01-07 00:00:00+09:00,2146.0,2178.0,2015.0,2072.0,371700,0.0,0.0
2022-01-11 00:00:00+09:00,2092.0,2116.0,2055.0,2082.0,245800,0.0,0.0
2022-01-12 00:00:00+09:00,2110.0,2174.0,2094.0,2171.0,167200,0.0,0.0
2022-01-13 00:00:00+09:00,2146.0,2177.0,2134.0,2144.0,123300,0.0,0.0
2022-01-14 00:00:00+09:00,2120.0,2147.0,2090.0,2127.0,133700,0.0,0.0
2022-01-17 00:00:00+09:00,2120.0,2148.0,2060.0,2075.0,96100,0.0,0.0
2022-01-18 00:00:00+09:00,2103.0,2158.0,2080.0,2111.0,139900,0.0,0.0
2022-01-19 00:00:00+09:00,2114.0,2143.0,2063.0,2073.0,152500,0.0,0.0
2022-01-20 00:00:00+09:00,2043.0,2105.0,2021.0,2099.0,83500,0.0,0.0
2022-01-21 00:00:00+09:00,2070.0,2093.0,2042.0,2087.0,82000,0.0,0.0
2022-01-24 00:00:00+09:00,2073.0,2141.0,2041.0,2123.0,78100,0.0,0.0
2022-01-25 00:00:00+09:00,2118.0,2125.0,2040.0,2050.0,80700,0.0,0.0
2022-01-26 00:00:00+09:00,2100.0,2158.0,2078.0,2128.0,151500,0.0,0.0
2022-01-27 00:00:00+09:00,2144.0,2185.0,2016.0,2039.0,145500,0.0,0.0
2022-01-28 00:00:00+09:00,2089.0,2116.0,2038.0,2096.0,86800,0.0,0.0
2022-01-31 00:00:00+09:00,2096.0,2160.0,2088.0,2145.0,87800,0.0,0.0
2022-02-01 00:00:00+09:00,2200.0,2217.0,2139.0,2141.0,139200,0.0,0.0
2022-02-02 00:00:00+09:00,2191.0,2264.0,2132.0,2261.0,103300,0.0,0.0
2022-02-03 00:00:00+09:00,2211.0,2231.0,2168.0,2169.0,97200,0.0,0.0
2022-02-04 00:00:00+09:00,2189.0,2209.0,2154.0,2199.0,73900,0.0,0.0
2022-02-07 00:00:00+09:00,2196.0,2228.0,2178.0,2205.0,82800,0.0,0.0
2022-02-08 00:00:00+09:00,2206.0,2230.0,2199.0,2216.0,77900,0.0,0.0
2022-02-09 00:00:00+09:00,2248.0,2282.0,2231.0,2282.0,81700,0.0,0.0
2022-02-10 00:00:00+09:00,2282.0,2307.0,2241.0,2303.0,128800,0.0,0.0
2022-02-14 00:00:00+09:00,2326.0,2338.0,2205.0,2255.0,288600,0.0,0.0
2022-02-15 00:00:00+09:00,2250.0,2253.0,2157.0,2163.0,232200,0.0,0.0
2022-02-16 00:00:00+09:00,2195.0,2210.0,2166.0,2182.0,130500,0.0,0.0
2022-02-17 00:00:00+09:00,2182.0,2209.0,2172.0,2183.0,142100,0.0,0.0
2022-02-18 00:00:00+09:00,2161.0,2221.0,2137.0,2214.0,118400,0.0,0.0
2022-02-21 00:00:00+09:00,2195.0,2292.0,2167.0,2273.0,124700,0.0,0.0
2022-02-22 00:00:00+09:00,2216.0,2254.0,2189.0,2225.0,108700,0.0,0.0
2022-02-24 00:00:00+09:00,2237.0,2308.0,2220.0,2300.0,173900,0.0,0.0
2022-02-25 00:00:00+09:00,2325.0,2385.0,2307.0,2376.0,137500,0.0,0.0
2022-02-28 00:00:00+09:00,2390.0,2400.0,2320.0,2366.0,111900,0.0,0.0
2022-03-01 00:00:00+09:00,2406.0,2454.0,2373.0,2418.0,116700,0.0,0.0
2022-03-02 00:00:00+09:00,2367.0,2431.0,2367.0,2387.0,109000,0.0,0.0
2022-03-03 00:00:00+09:00,2400.0,2418.0,2373.0,2383.0,94700,0.0,0.0
2022-03-04 00:00:00+09:00,2402.0,2416.0,2361.0,2376.0,90900,0.0,0.0
2022-03-07 00:00:00+09:00,2326.0,2332.0,2230.0,2265.0,93600,0.0,0.0
2022-03-08 00:00:00+09:00,2264.0,2326.0,2240.0,2251.0,87000,0.0,0.0
2022-03-09 00:00:00+09:00,2249.0,2280.0,2209.0,2255.0,120000,0.0,0.0
2022-03-10 00:00:00+09:00,2363.0,2374.0,2330.0,2345.0,153600,0.0,0.0
2022-03-11 00:00:00+09:00,2353.0,2381.0,2276.0,2311.0,100700,0.0,0.0
2022-03-14 00:00:00+09:00,2286.0,2318.0,2106.0,2114.0,331800,0.0,0.0
2022-03-15 00:00:00+09:00,2094.0,2204.0,2058.0,2163.0,176900,0.0,0.0
2022-03-16 00:00:00+09:00,2206.0,2278.0,2187.0,2238.0,140500,0.0,0.0
2022-03-17 00:00:00+09:00,2338.0,2458.0,2331.0,2417.0,297600,0.0,0.0
2022-03-18 00:00:00+09:00,2430.0,2480.0,2429.0,2461.0,157100,0.0,0.0
2022-03-22 00:00:00+09:00,2462.0,2485.0,2407.0,2417.0,108800,0.0,0.0
2022-03-23 00:00:00+09:00,2468.0,2530.0,2445.0,2521.0,123500,0.0,0.0
2022-03-24 00:00:00+09:00,2471.0,2483.0,2427.0,2460.0,103400,0.0,0.0
2022-03-25 00:00:00+09:00,2449.0,2477.0,2425.0,2467.0,35300,0.0,0.0
2022-03-28 00:00:00+09:00,2481.0,2524.0,2447.0,2480.0,50400,0.0,0.0
2022-03-29 00:00:00+09:00,2514.0,2591.0,2495.0,2566.0,154400,0.0,0.0
2022-03-30 00:00:00+09:00,2600.0,2715.0,2572.0,2680.0,216400,0.0,0.0
2022-03-31 00:00:00+09:00,2641.0,2641.0,2570.0,2621.0,91000,0.0,0.0
2022-04-01 00:00:00+09:00,2606.0,2635.0,2554.0,2613.0,70300,0.0,0.0
2022-04-04 00:00:00+09:00,2624.0,2673.0,2587.0,2669.0,42200,0.0,0.0
2022-04-05 00:00:00+09:00,2690.0,2715.0,2651.0,2669.0,94100,0.0,0.0
2022-04-06 00:00:00+09:00,2619.0,2620.0,2520.0,2581.0,148900,0.0,0.0
2022-04-07 00:00:00+09:00,2556.0,2591.0,2537.0,2572.0,53400,0.0,0.0
2022-04-08 00:00:00+09:00,2622.0,2658.0,2571.0,2587.0,69300,0.0,0.0
2022-04-11 00:00:00+09:00,2600.0,2630.0,2586.0,2614.0,51400,0.0,0.0
2022-04-12 00:00:00+09:00,2577.0,2589.0,2522.0,2539.0,44800,0.0,0.0
2022-04-13 00:00:00+09:00,2511.0,2570.0,2453.0,2570.0,67400,0.0,0.0
2022-04-14 00:00:00+09:00,2584.0,2598.0,2552.0,2577.0,41300,0.0,0.0
2022-04-15 00:00:00+09:00,2547.0,2588.0,2522.0,2584.0,42300,0.0,0.0
2022-04-18 00:00:00+09:00,2507.0,2516.0,2430.0,2505.0,88100,0.0,0.0
2022-04-19 00:00:00+09:00,2524.0,2550.0,2485.0,2490.0,59900,0.0,0.0
2022-04-20 00:00:00+09:00,2490.0,2502.0,2428.0,2452.0,50000,0.0,0.0
2022-04-21 00:00:00+09:00,2462.0,2478.0,2420.0,2443.0,65200,0.0,0.0
2022-04-22 00:00:00+09:00,2407.0,2422.0,2379.0,2417.0,50700,0.0,0.0
2022-04-25 00:00:00+09:00,2375.0,2410.0,2300.0,2401.0,39900,0.0,0.0
2022-04-26 00:00:00+09:00,2416.0,2424.0,2380.0,2412.0,59900,0.0,0.0
2022-04-27 00:00:00+09:00,2362.0,2401.0,2324.0,2386.0,103800,0.0,0.0
2022-04-28 00:00:00+09:00,2387.0,2501.0,2383.0,2500.0,98000,0.0,0.0
2022-05-02 00:00:00+09:00,2450.0,2480.0,2392.0,2433.0,78000,0.0,0.0
2022-05-06 00:00:00+09:00,2435.0,2435.0,2359.0,2375.0,71800,0.0,0.0
2022-05-09 00:00:00+09:00,2349.0,2350.0,2306.0,2308.0,70600,0.0,0.0
2022-05-10 00:00:00+09:00,2276.0,2276.0,2176.0,2198.0,119800,0.0,0.0
2022-05-11 00:00:00+09:00,2189.0,2216.0,2149.0,2190.0,100400,0.0,0.0
2022-05-12 00:00:00+09:00,2160.0,2165.0,2085.0,2087.0,122300,0.0,0.0
2022-05-13 00:00:00+09:00,2100.0,2148.0,2064.0,2128.0,98000,0.0,0.0
2022-05-16 00:00:00+09:00,2378.0,2453.0,2267.0,2289.0,260600,0.0,0.0
2022-05-17 00:00:00+09:00,2280.0,2318.0,2217.0,2245.0,118600,0.0,0.0
2022-05-18 00:00:00+09:00,2257.0,2290.0,2246.0,2264.0,86500,0.0,0.0
2022-05-19 00:00:00+09:00,2214.0,2276.0,2214.0,2241.0,68000,0.0,0.0
2022-05-20 00:00:00+09:00,2243.0,2354.0,2235.0,2350.0,55700,0.0,0.0
2022-05-23 00:00:00+09:00,2305.0,2382.0,2305.0,2361.0,47300,0.0,0.0
2022-05-24 00:00:00+09:00,2351.0,2367.0,2285.0,2285.0,53400,0.0,0.0
2022-05-25 00:00:00+09:00,2235.0,2251.0,2161.0,2168.0,107700,0.0,0.0
2022-05-26 00:00:00+09:00,2149.0,2191.0,2131.0,2134.0,92000,0.0,0.0
2022-05-27 00:00:00+09:00,2184.0,2193.0,2141.0,2164.0,67800,0.0,0.0
2022-05-30 00:00:00+09:00,2223.0,2328.0,2209.0,2299.0,138400,0.0,0.0
2022-05-31 00:00:00+09:00,2288.0,2304.0,2231.0,2288.0,94000,0.0,0.0
2022-06-01 00:00:00+09:00,2280.0,2323.0,2279.0,2301.0,55200,0.0,0.0
2022-06-02 00:00:00+09:00,2265.0,2265.0,2217.0,2245.0,42200,0.0,0.0
2022-06-03 00:00:00+09:00,2285.0,2286.0,2219.0,2248.0,55900,0.0,0.0
2022-06-06 00:00:00+09:00,2211.0,2253.0,2211.0,2250.0,42300,0.0,0.0
2022-06-07 00:00:00+09:00,2246.0,2260.0,2206.0,2214.0,71300,0.0,0.0
2022-06-08 00:00:00+09:00,2214.0,2231.0,2166.0,2207.0,98700,0.0,0.0
2022-06-09 00:00:00+09:00,2225.0,2263.0,2191.0,2243.0,74200,0.0,0.0
2022-06-10 00:00:00+09:00,2211.0,2211.0,2160.0,2161.0,65500,0.0,0.0
2022-06-13 00:00:00+09:00,2113.0,2139.0,2074.0,2123.0,96600,0.0,0.0
2022-06-14 00:00:00+09:00,2105.0,2148.0,2087.0,2137.0,100300,0.0,0.0
2022-06-15 00:00:00+09:00,2136.0,2157.0,2101.0,2101.0,71700,0.0,0.0
2022-06-16 00:00:00+09:00,2136.0,2168.0,2087.0,2089.0,45900,0.0,0.0
2022-06-17 00:00:00+09:00,2021.0,2046.0,1998.0,2034.0,132100,0.0,0.0
2022-06-20 00:00:00+09:00,2066.0,2066.0,1976.0,2007.0,61000,0.0,0.0
2022-06-21 00:00:00+09:00,2047.0,2087.0,2041.0,2050.0,52600,0.0,0.0
2022-06-22 00:00:00+09:00,2069.0,2071.0,2022.0,2041.0,77800,0.0,0.0
2022-06-23 00:00:00+09:00,2042.0,2120.0,2029.0,2032.0,73200,0.0,0.0
2022-06-24 00:00:00+09:00,2100.0,2101.0,2032.0,2099.0,68900,0.0,0.0
2022-06-27 00:00:00+09:00,2134.0,2169.0,2108.0,2117.0,49300,0.0,0.0
2022-06-28 00:00:00+09:00,2090.0,2136.0,2088.0,2129.0,66900,0.0,0.0
2022-06-29 00:00:00+09:00,2104.0,2200.0,2065.0,2189.0,126800,0.0,0.0
2022-06-30 00:00:00+09:00,2139.0,2207.0,2139.0,2173.0,86700,0.0,0.0
2022-07-01 00:00:00+09:00,2200.0,2241.0,2178.0,2192.0,97100,0.0,0.0
2022-07-04 00:00:00+09:00,2237.0,2308.0,2208.0,2297.0,131800,0.0,0.0
2022-07-05 00:00:00+09:00,2335.0,2363.0,2311.0,2355.0,81800,0.0,0.0
2022-07-06 00:00:00+09:00,2318.0,2353.0,2280.0,2301.0,61900,0.0,0.0
2022-07-07 00:00:00+09:00,2322.0,2342.0,2295.0,2334.0,66900,0.0,0.0
2022-07-08 00:00:00+09:00,2360.0,2452.0,2359.0,2426.0,158300,0.0,0.0
2022-07-11 00:00:00+09:00,2440.0,2477.0,2416.0,2427.0,68000,0.0,0.0
2022-07-12 00:00:00+09:00,2427.0,2429.0,2313.0,2343.0,66500,0.0,0.0
2022-07-13 00:00:00+09:00,2293.0,2306.0,2251.0,2259.0,89100,0.0,0.0
2022-07-14 00:00:00+09:00,2212.0,2244.0,2187.0,2216.0,163000,0.0,0.0
2022-07-15 00:00:00+09:00,2206.0,2265.0,2201.0,2256.0,58600,0.0,0.0
2022-07-19 00:00:00+09:00,2264.0,2264.0,2207.0,2230.0,28500,0.0,0.0
2022-07-20 00:00:00+09:00,2275.0,2291.0,2260.0,2291.0,42800,0.0,0.0
2022-07-21 00:00:00+09:00,2282.0,2293.0,2254.0,2290.0,30100,0.0,0.0
2022-07-22 00:00:00+09:00,2290.0,2318.0,2265.0,2300.0,37600,0.0,0.0
2022-07-25 00:00:00+09:00,2300.0,2300.0,2258.0,2260.0,35900,0.0,0.0
2022-07-26 00:00:00+09:00,2270.0,2291.0,2257.0,2264.0,22200,0.0,0.0
2022-07-27 00:00:00+09:00,2258.0,2272.0,2252.0,2267.0,21200,0.0,0.0
2022-07-28 00:00:00+09:00,2267.0,2359.0,2255.0,2353.0,89500,0.0,0.0
2022-07-29 00:00:00+09:00,2365.0,2410.0,2339.0,2344.0,48000,0.0,0.0
2022-08-01 00:00:00+09:00,2386.0,2393.0,2358.0,2379.0,38500,0.0,0.0
2022-08-02 00:00:00+09:00,2379.0,2379.0,2320.0,2329.0,33500,0.0,0.0
2022-08-03 00:00:00+09:00,2353.0,2357.0,2321.0,2331.0,38100,0.0,0.0
2022-08-04 00:00:00+09:00,2370.0,2408.0,2323.0,2405.0,77400,0.0,0.0
2022-08-05 00:00:00+09:00,2398.0,2444.0,2388.0,2401.0,55500,0.0,0.0
2022-08-08 00:00:00+09:00,2395.0,2395.0,2330.0,2344.0,48500,0.0,0.0
2022-08-09 00:00:00+09:00,2362.0,2416.0,2340.0,2388.0,28300,0.0,0.0
2022-08-10 00:00:00+09:00,2409.0,2409.0,2363.0,2398.0,29500,0.0,0.0
2022-08-12 00:00:00+09:00,2444.0,2583.0,2430.0,2524.0,134200,0.0,0.0
2022-08-15 00:00:00+09:00,2501.0,2501.0,2368.0,2405.0,141200,0.0,0.0
2022-08-16 00:00:00+09:00,2375.0,2375.0,2301.0,2357.0,107600,0.0,0.0
2022-08-17 00:00:00+09:00,2379.0,2459.0,2352.0,2459.0,127500,0.0,0.0
2022-08-18 00:00:00+09:00,2448.0,2453.0,2381.0,2436.0,70900,0.0,0.0
2022-08-19 00:00:00+09:00,2466.0,2528.0,2466.0,2521.0,99200,0.0,0.0
2022-08-22 00:00:00+09:00,2521.0,2521.0,2470.0,2482.0,70000,0.0,0.0
2022-08-23 00:00:00+09:00,2475.0,2490.0,2432.0,2443.0,42500,0.0,0.0
2022-08-24 00:00:00+09:00,2451.0,2451.0,2401.0,2423.0,33600,0.0,0.0
2022-08-25 00:00:00+09:00,2465.0,2528.0,2465.0,2520.0,64900,0.0,0.0
2022-08-26 00:00:00+09:00,2514.0,2514.0,2455.0,2476.0,34300,0.0,0.0
2022-08-29 00:00:00+09:00,2363.0,2410.0,2342.0,2394.0,64800,0.0,0.0
2022-08-30 00:00:00+09:00,2414.0,2476.0,2401.0,2456.0,67800,0.0,0.0
2022-08-31 00:00:00+09:00,2414.0,2452.0,2400.0,2452.0,44300,0.0,0.0
2022-09-01 00:00:00+09:00,2435.0,2482.0,2415.0,2447.0,75200,0.0,0.0
2022-09-02 00:00:00+09:00,2488.0,2488.0,2407.0,2430.0,80400,0.0,0.0
2022-09-05 00:00:00+09:00,2396.0,2454.0,2360.0,2441.0,61900,0.0,0.0
2022-09-06 00:00:00+09:00,2468.0,2490.0,2428.0,2462.0,59700,0.0,0.0
2022-09-07 00:00:00+09:00,2436.0,2461.0,2399.0,2417.0,67500,0.0,0.0
2022-09-08 00:00:00+09:00,2496.0,2524.0,2474.0,2496.0,125500,0.0,0.0
2022-09-09 00:00:00+09:00,2462.0,2552.0,2456.0,2549.0,112400,0.0,0.0
2022-09-12 00:00:00+09:00,2564.0,2568.0,2530.0,2563.0,60400,0.0,0.0
2022-09-13 00:00:00+09:00,2573.0,2585.0,2549.0,2585.0,78400,0.0,0.0
2022-09-14 00:00:00+09:00,2500.0,2574.0,2500.0,2526.0,58900,0.0,0.0
2022-09-15 00:00:00+09:00,2543.0,2614.0,2500.0,2568.0,90100,0.0,0.0
2022-09-16 00:00:00+09:00,2558.0,2606.0,2548.0,2600.0,146900,0.0,0.0
2022-09-20 00:00:00+09:00,2600.0,2646.0,2600.0,2615.0,114100,0.0,0.0
2022-09-21 00:00:00+09:00,2576.0,2586.0,2510.0,2530.0,82600,0.0,0.0
2022-09-22 00:00:00+09:00,2514.0,2532.0,2480.0,2528.0,79300,0.0,0.0
2022-09-26 00:00:00+09:00,2520.0,2599.0,2511.0,2535.0,161900,0.0,0.0
2022-09-27 00:00:00+09:00,2535.0,2585.0,2523.0,2570.0,76500,0.0,0.0
2022-09-28 00:00:00+09:00,2539.0,2562.0,2460.0,2506.0,112700,0.0,0.0
2022-09-29 00:00:00+09:00,2534.0,2614.0,2497.0,2548.0,105200,0.0,0.0
2022-09-30 00:00:00+09:00,2498.0,2575.0,2481.0,2560.0,140800,0.0,0.0
2022-10-03 00:00:00+09:00,2523.0,2562.0,2419.0,2549.0,118700,0.0,0.0
2022-10-04 00:00:00+09:00,2582.0,2686.0,2571.0,2679.0,143400,0.0,0.0
2022-10-05 00:00:00+09:00,2708.0,2743.0,2681.0,2706.0,101600,0.0,0.0
2022-10-06 00:00:00+09:00,2709.0,2775.0,2707.0,2745.0,117200,0.0,0.0
2022-10-07 00:00:00+09:00,2717.0,2784.0,2702.0,2768.0,153800,0.0,0.0
2022-10-11 00:00:00+09:00,2747.0,2791.0,2726.0,2742.0,168600,0.0,0.0
2022-10-12 00:00:00+09:00,2705.0,2782.0,2700.0,2776.0,145300,0.0,0.0
2022-10-13 00:00:00+09:00,2776.0,2776.0,2673.0,2688.0,110200,0.0,0.0
2022-10-14 00:00:00+09:00,2749.0,2775.0,2724.0,2762.0,108100,0.0,0.0
2022-10-17 00:00:00+09:00,2726.0,2759.0,2664.0,2692.0,90300,0.0,0.0
2022-10-18 00:00:00+09:00,2768.0,2814.0,2765.0,2788.0,136200,0.0,0.0
2022-10-19 00:00:00+09:00,2828.0,2902.0,2828.0,2897.0,180400,0.0,0.0
2022-10-20 00:00:00+09:00,2871.0,2893.0,2842.0,2849.0,111200,0.0,0.0
2022-10-21 00:00:00+09:00,2839.0,2905.0,2835.0,2900.0,73300,0.0,0.0
2022-10-24 00:00:00+09:00,2908.0,2933.0,2893.0,2913.0,115700,0.0,0.0
2022-10-25 00:00:00+09:00,2905.0,2919.0,2880.0,2899.0,67400,0.0,0.0
2022-10-26 00:00:00+09:00,2928.0,2984.0,2927.0,2950.0,116800,0.0,0.0
2022-10-27 00:00:00+09:00,2946.0,2973.0,2932.0,2948.0,120200,0.0,0.0
2022-10-28 00:00:00+09:00,2898.0,2997.0,2881.0,2987.0,438000,0.0,0.0
2022-10-31 00:00:00+09:00,3030.0,3040.0,2963.0,2981.0,133500,0.0,0.0
2022-11-01 00:00:00+09:00,3005.0,3030.0,2958.0,3020.0,150800,0.0,0.0
2022-11-02 00:00:00+09:00,3010.0,3025.0,2946.0,2952.0,131900,0.0,0.0
2022-11-04 00:00:00+09:00,2893.0,2904.0,2847.0,2861.0,102900,0.0,0.0
2022-11-07 00:00:00+09:00,2890.0,2922.0,2867.0,2888.0,52900,0.0,0.0
2022-11-08 00:00:00+09:00,2893.0,2914.0,2870.0,2893.0,80400,0.0,0.0
2022-11-09 00:00:00+09:00,2936.0,2940.0,2903.0,2909.0,83600,0.0,0.0
2022-11-10 00:00:00+09:00,2889.0,2929.0,2860.0,2922.0,80500,0.0,0.0
2022-11-11 00:00:00+09:00,2989.0,2998.0,2930.0,2968.0,137700,0.0,0.0
2022-11-14 00:00:00+09:00,2967.0,2967.0,2769.0,2818.0,239500,0.0,0.0
2022-11-15 00:00:00+09:00,2799.0,2799.0,2731.0,2783.0,139100,0.0,0.0
2022-11-16 00:00:00+09:00,2782.0,2808.0,2734.0,2735.0,109300,0.0,0.0
2022-11-17 00:00:00+09:00,2705.0,2841.0,2701.0,2813.0,128800,0.0,0.0
2022-11-18 00:00:00+09:00,2829.0,2870.0,2791.0,2838.0,64200,0.0,0.0
2022-11-21 00:00:00+09:00,2842.0,2907.0,2835.0,2901.0,64900,0.0,0.0
2022-11-22 00:00:00+09:00,2950.0,2955.0,2910.0,2934.0,61200,0.0,0.0
2022-11-24 00:00:00+09:00,2957.0,3050.0,2950.0,3040.0,160700,0.0,0.0
2022-11-25 00:00:00+09:00,3055.0,3165.0,3040.0,3160.0,137500,0.0,0.0
2022-11-28 00:00:00+09:00,3130.0,3180.0,3115.0,3160.0,122400,0.0,0.0
2022-11-29 00:00:00+09:00,3160.0,3245.0,3135.0,3190.0,96600,0.0,0.0
2022-11-30 00:00:00+09:00,3170.0,3175.0,3055.0,3075.0,162800,0.0,0.0
2022-12-01 00:00:00+09:00,3120.0,3130.0,3025.0,3040.0,113500,0.0,0.0
2022-12-02 00:00:00+09:00,3005.0,3005.0,2919.0,2969.0,132700,0.0,0.0
2022-12-05 00:00:00+09:00,2952.0,3065.0,2928.0,3065.0,86200,0.0,0.0
2022-12-06 00:00:00+09:00,3005.0,3015.0,2920.0,2924.0,165400,0.0,0.0
2022-12-07 00:00:00+09:00,2885.0,2908.0,2847.0,2887.0,132000,0.0,0.0
2022-12-08 00:00:00+09:00,2906.0,2925.0,2866.0,2922.0,70000,0.0,0.0
2022-12-09 00:00:00+09:00,2934.0,3035.0,2928.0,3005.0,113400,0.0,0.0
2022-12-12 00:00:00+09:00,2984.0,3015.0,2961.0,2997.0,33800,0.0,0.0
2022-12-13 00:00:00+09:00,3015.0,3050.0,2992.0,2995.0,48300,0.0,0.0
2022-12-14 00:00:00+09:00,2995.0,3010.0,2963.0,3005.0,63700,0.0,0.0
2022-12-15 00:00:00+09:00,2990.0,3025.0,2972.0,3000.0,56200,0.0,0.0
2022-12-16 00:00:00+09:00,2960.0,3005.0,2948.0,2976.0,118100,0.0,0.0
2022-12-19 00:00:00+09:00,2951.0,2997.0,2927.0,2970.0,50600,0.0,0.0
2022-12-20 00:00:00+09:00,2971.0,2999.0,2835.0,2859.0,73100,0.0,0.0
2022-12-21 00:00:00+09:00,2857.0,2894.0,2807.0,2850.0,78200,0.0,0.0
2022-12-22 00:00:00+09:00,2854.0,2868.0,2806.0,2852.0,53300,0.0,0.0
2022-12-23 00:00:00+09:00,2799.0,2802.0,2739.0,2739.0,69100,0.0,0.0
2022-12-26 00:00:00+09:00,2730.0,2788.0,2701.0,2788.0,46000,0.0,0.0
2022-12-27 00:00:00+09:00,2805.0,2850.0,2805.0,2829.0,37300,0.0,0.0
2022-12-28 00:00:00+09:00,2829.0,2830.0,2779.0,2809.0,44600,0.0,0.0
2022-12-29 00:00:00+09:00,2771.0,2822.0,2754.0,2818.0,44000,0.0,0.0
2022-12-30 00:00:00+09:00,2850.0,2882.0,2819.0,2824.0,41600,0.0,0.0
2023-01-04 00:00:00+09:00,2843.0,2843.0,2743.0,2743.0,49800,0.0,0.0
2023-01-05 00:00:00+09:00,2693.0,2736.0,2661.0,2732.0,82800,0.0,0.0
2023-01-06 00:00:00+09:00,2732.0,2819.0,2721.0,2782.0,86600,0.0,0.0
2023-01-10 00:00:00+09:00,2796.0,2830.0,2599.0,2619.0,177600,0.0,0.0
2023-01-11 00:00:00+09:00,2632.0,2693.0,2621.0,2690.0,119500,0.0,0.0
2023-01-12 00:00:00+09:00,2690.0,2706.0,2646.0,2664.0,60800,0.0,0.0
2023-01-13 00:00:00+09:00,2627.0,2668.0,2560.0,2605.0,75100,0.0,0.0
2023-01-16 00:00:00+09:00,2555.0,2638.0,2544.0,2602.0,62900,0.0,0.0
2023-01-17 00:00:00+09:00,2600.0,2643.0,2589.0,2633.0,58300,0.0,0.0
2023-01-18 00:00:00+09:00,2633.0,2733.0,2633.0,2697.0,57400,0.0,0.0
2023-01-19 00:00:00+09:00,2679.0,2749.0,2664.0,2724.0,57000,0.0,0.0
2023-01-20 00:00:00+09:00,2712.0,2724.0,2684.0,2707.0,49400,0.0,0.0
2023-01-23 00:00:00+09:00,2745.0,2757.0,2723.0,2756.0,54300,0.0,0.0
2023-01-24 00:00:00+09:00,2779.0,2859.0,2773.0,2849.0,82700,0.0,0.0
2023-01-25 00:00:00+09:00,2849.0,2866.0,2797.0,2829.0,92000,0.0,0.0
2023-01-26 00:00:00+09:00,2848.0,2863.0,2820.0,2842.0,54800,0.0,0.0
2023-01-27 00:00:00+09:00,2831.0,2862.0,2792.0,2799.0,51600,0.0,0.0
2023-01-30 00:00:00+09:00,2777.0,2813.0,2771.0,2808.0,71600,0.0,0.0
2023-01-31 00:00:00+09:00,2805.0,2818.0,2782.0,2803.0,69200,0.0,0.0
2023-02-01 00:00:00+09:00,2818.0,2888.0,2805.0,2805.0,63600,0.0,0.0
2023-02-02 00:00:00+09:00,2810.0,2849.0,2809.0,2826.0,32700,0.0,0.0
2023-02-03 00:00:00+09:00,2818.0,2833.0,2787.0,2794.0,31400,0.0,0.0
2023-02-06 00:00:00+09:00,2786.0,2818.0,2757.0,2757.0,41400,0.0,0.0
2023-02-07 00:00:00+09:00,2763.0,2763.0,2699.0,2728.0,52400,0.0,0.0
2023-02-08 00:00:00+09:00,2714.0,2737.0,2669.0,2733.0,49900,0.0,0.0
2023-02-09 00:00:00+09:00,2723.0,2793.0,2723.0,2783.0,68500,0.0,0.0
2023-02-10 00:00:00+09:00,2773.0,2773.0,2701.0,2713.0,58300,0.0,0.0
2023-02-13 00:00:00+09:00,2620.0,2680.0,2597.0,2663.0,82700,0.0,0.0
2023-02-14 00:00:00+09:00,2698.0,2711.0,2663.0,2692.0,83200,0.0,0.0
2023-02-15 00:00:00+09:00,2718.0,2718.0,2650.0,2659.0,77400,0.0,0.0
2023-02-16 00:00:00+09:00,2609.0,2609.0,2556.0,2583.0,143600,0.0,0.0
2023-02-17 00:00:00+09:00,2551.0,2560.0,2507.0,2510.0,81700,0.0,0.0
2023-02-20 00:00:00+09:00,2513.0,2527.0,2492.0,2500.0,65500,0.0,0.0
2023-02-21 00:00:00+09:00,2491.0,2491.0,2470.0,2474.0,60300,0.0,0.0
2023-02-22 00:00:00+09:00,2428.0,2481.0,2416.0,2468.0,125000,0.0,0.0
2023-02-24 00:00:00+09:00,2450.0,2468.0,2415.0,2468.0,127100,0.0,0.0
2023-02-27 00:00:00+09:00,2450.0,2499.0,2442.0,2498.0,94000,0.0,0.0
2023-02-28 00:00:00+09:00,2508.0,2549.0,2502.0,2524.0,119800,0.0,0.0
2023-03-01 00:00:00+09:00,2525.0,2565.0,2516.0,2542.0,85100,0.0,0.0
2023-03-02 00:00:00+09:00,2563.0,2563.0,2522.0,2536.0,68200,0.0,0.0
2023-03-03 00:00:00+09:00,2553.0,2616.0,2549.0,2580.0,115100,0.0,0.0
2023-03-06 00:00:00+09:00,2601.0,2618.0,2570.0,2581.0,74900,0.0,0.0
2023-03-07 00:00:00+09:00,2590.0,2590.0,2552.0,2586.0,58100,0.0,0.0
2023-03-08 00:00:00+09:00,2555.0,2576.0,2553.0,2567.0,60200,0.0,0.0
2023-03-09 00:00:00+09:00,2567.0,2584.0,2545.0,2547.0,52400,0.0,0.0
2023-03-10 00:00:00+09:00,2500.0,2518.0,2454.0,2457.0,106600,0.0,0.0
2023-03-13 00:00:00+09:00,2413.0,2525.0,2396.0,2447.0,103000,0.0,0.0
2023-03-14 00:00:00+09:00,2397.0,2398.0,2324.0,2335.0,88100,0.0,0.0
2023-03-15 00:00:00+09:00,2369.0,2377.0,2316.0,2334.0,85200,0.0,0.0
2023-03-16 00:00:00+09:00,2284.0,2335.0,2260.0,2335.0,73300,0.0,0.0
2023-03-17 00:00:00+09:00,2361.0,2370.0,2334.0,2359.0,70700,0.0,0.0
2023-03-20 00:00:00+09:00,2337.0,2372.0,2284.0,2285.0,73800,0.0,0.0
2023-03-22 00:00:00+09:00,2314.0,2325.0,2292.0,2323.0,70700,0.0,0.0
2023-03-23 00:00:00+09:00,2280.0,2314.0,2266.0,2299.0,39200,0.0,0.0
2023-03-24 00:00:00+09:00,2282.0,2295.0,2226.0,2280.0,56900,0.0,0.0
2023-03-27 00:00:00+09:00,2300.0,2333.0,2278.0,2313.0,44900,0.0,0.0
2023-03-28 00:00:00+09:00,2313.0,2343.0,2311.0,2335.0,63400,0.0,0.0
2023-03-29 00:00:00+09:00,2354.0,2410.0,2337.0,2401.0,104200,0.0,0.0
2023-03-30 00:00:00+09:00,2403.0,2438.0,2371.0,2394.0,83600,0.0,0.0
2023-03-31 00:00:00+09:00,2425.0,2432.0,2387.0,2413.0,67400,0.0,0.0
2023-04-03 00:00:00+09:00,2427.0,2428.0,2386.0,2399.0,72900,0.0,0.0
2023-04-04 00:00:00+09:00,2376.0,2376.0,2307.0,2307.0,162700,0.0,0.0
2023-04-05 00:00:00+09:00,2284.0,2289.0,2213.0,2214.0,139200,0.0,0.0
2023-04-06 00:00:00+09:00,2195.0,2207.0,2176.0,2180.0,98400,0.0,0.0
2023-04-07 00:00:00+09:00,2190.0,2207.0,2171.0,2183.0,61700,0.0,0.0
2023-04-10 00:00:00+09:00,2215.0,2229.0,2198.0,2205.0,52500,0.0,0.0
2023-04-11 00:00:00+09:00,2229.0,2239.0,2180.0,2187.0,64200,0.0,0.0
2023-04-12 00:00:00+09:00,2205.0,2314.0,2205.0,2309.0,137400,0.0,0.0
2023-04-13 00:00:00+09:00,2270.0,2360.0,2260.0,2349.0,102200,0.0,0.0
2023-04-14 00:00:00+09:00,2370.0,2432.0,2360.0,2429.0,163700,0.0,0.0
2023-04-17 00:00:00+09:00,2411.0,2444.0,2400.0,2439.0,104000,0.0,0.0
2023-04-18 00:00:00+09:00,2458.0,2497.0,2446.0,2486.0,117800,0.0,0.0
2023-04-19 00:00:00+09:00,2450.0,2471.0,2424.0,2442.0,108300,0.0,0.0
2023-04-20 00:00:00+09:00,2403.0,2444.0,2398.0,2425.0,76200,0.0,0.0
2023-04-21 00:00:00+09:00,2394.0,2440.0,2387.0,2418.0,117600,0.0,0.0
2023-04-24 00:00:00+09:00,2448.0,2455.0,2424.0,2438.0,43700,0.0,0.0
2023-04-25 00:00:00+09:00,2437.0,2480.0,2429.0,2474.0,66800,0.0,0.0
2023-04-26 00:00:00+09:00,2439.0,2442.0,2408.0,2412.0,61300,0.0,0.0
2023-04-27 00:00:00+09:00,2403.0,2417.0,2399.0,2416.0,39500,0.0,0.0
2023-04-28 00:00:00+09:00,2430.0,2476.0,2430.0,2456.0,44400,0.0,0.0
2023-05-01 00:00:00+09:00,2487.0,2497.0,2440.0,2443.0,45400,0.0,0.0
2023-05-02 00:00:00+09:00,2435.0,2435.0,2387.0,2410.0,70400,0.0,0.0
2023-05-08 00:00:00+09:00,2390.0,2417.0,2390.0,2414.0,49300,0.0,0.0
2023-05-09 00:00:00+09:00,2429.0,2471.0,2426.0,2453.0,53600,0.0,0.0
2023-05-10 00:00:00+09:00,2420.0,2439.0,2406.0,2423.0,60300,0.0,0.0
2023-05-11 00:00:00+09:00,2437.0,2502.0,2437.0,2484.0,72300,0.0,0.0
2023-05-12 00:00:00+09:00,2489.0,2489.0,2447.0,2464.0,114900,0.0,0.0
2023-05-15 00:00:00+09:00,2464.0,2495.0,2410.0,2440.0,191900,0.0,0.0
2023-05-16 00:00:00+09:00,2439.0,2449.0,2389.0,2418.0,116200,0.0,0.0
2023-05-17 00:00:00+09:00,2379.0,2387.0,2350.0,2368.0,131100,0.0,0.0
2023-05-18 00:00:00+09:00,2400.0,2435.0,2391.0,2423.0,76900,0.0,0.0
2023-05-19 00:00:00+09:00,2433.0,2479.0,2432.0,2459.0,121500,0.0,0.0
2023-05-22 00:00:00+09:00,2450.0,2474.0,2421.0,2461.0,85400,0.0,0.0
2023-05-23 00:00:00+09:00,2461.0,2463.0,2369.0,2384.0,72700,0.0,0.0
2023-05-24 00:00:00+09:00,2384.0,2392.0,2354.0,2366.0,75700,0.0,0.0
2023-05-25 00:00:00+09:00,2337.0,2390.0,2330.0,2364.0,42300,0.0,0.0
2023-05-26 00:00:00+09:00,2331.0,2337.0,2273.0,2273.0,88500,0.0,0.0
2023-05-29 00:00:00+09:00,2313.0,2323.0,2288.0,2291.0,40100,0.0,0.0
2023-05-30 00:00:00+09:00,2271.0,2283.0,2231.0,2250.0,57100,0.0,0.0
2023-05-31 00:00:00+09:00,2224.0,2256.0,2195.0,2223.0,172100,0.0,0.0
2023-06-01 00:00:00+09:00,2223.0,2277.0,2223.0,2263.0,169700,0.0,0.0
2023-06-02 00:00:00+09:00,2269.0,2343.0,2256.0,2337.0,106700,0.0,0.0
2023-06-05 00:00:00+09:00,2410.0,2410.0,2357.0,2385.0,115100,0.0,0.0
2023-06-06 00:00:00+09:00,2326.0,2346.0,2280.0,2319.0,130100,0.0,0.0
2023-06-07 00:00:00+09:00,2332.0,2345.0,2284.0,2307.0,120900,0.0,0.0
2023-06-08 00:00:00+09:00,2280.0,2280.0,2222.0,2236.0,84700,0.0,0.0
2023-06-09 00:00:00+09:00,2257.0,2290.0,2245.0,2269.0,164300,0.0,0.0
2023-06-12 00:00:00+09:00,2286.0,2323.0,2271.0,2308.0,147100,0.0,0.0
2023-06-13 00:00:00+09:00,2335.0,2359.0,2321.0,2354.0,123600,0.0,0.0
2023-06-14 00:00:00+09:00,2350.0,2389.0,2347.0,2375.0,83200,0.0,0.0
2023-06-15 00:00:00+09:00,2385.0,2400.0,2369.0,2369.0,54700,0.0,0.0
2023-06-16 00:00:00+09:00,2377.0,2416.0,2358.0,2396.0,116500,0.0,0.0
2023-06-19 00:00:00+09:00,2396.0,2413.0,2372.0,2409.0,44500,0.0,0.0
2023-06-20 00:00:00+09:00,2390.0,2394.0,2347.0,2370.0,56500,0.0,0.0
2023-06-21 00:00:00+09:00,2400.0,2463.0,2384.0,2453.0,172300,0.0,0.0
2023-06-22 00:00:00+09:00,2425.0,2458.0,2425.0,2441.0,82600,0.0,0.0
2023-06-23 00:00:00+09:00,2469.0,2477.0,2342.0,2355.0,66800,0.0,0.0
2023-06-26 00:00:00+09:00,2305.0,2305.0,2255.0,2266.0,142900,0.0,0.0
2023-06-27 00:00:00+09:00,2250.0,2259.0,2192.0,2203.0,88100,0.0,0.0
2023-06-28 00:00:00+09:00,2214.0,2245.0,2196.0,2230.0,163600,0.0,0.0
2023-06-29 00:00:00+09:00,2228.0,2263.0,2216.0,2250.0,91000,0.0,0.0
2023-06-30 00:00:00+09:00,2220.0,2220.0,2168.0,2183.0,87800,0.0,0.0
2023-07-03 00:00:00+09:00,2228.0,2244.0,2211.0,2224.0,200000,0.0,0.0
2023-07-04 00:00:00+09:00,2211.0,2227.0,2202.0,2215.0,69700,0.0,0.0
2023-07-05 00:00:00+09:00,2215.0,2229.0,2195.0,2226.0,128400,0.0,0.0
2023-07-06 00:00:00+09:00,2201.0,2272.0,2185.0,2266.0,126400,0.0,0.0
2023-07-07 00:00:00+09:00,2264.0,2288.0,2250.0,2259.0,50600,0.0,0.0
2023-07-10 00:00:00+09:00,2253.0,2294.0,2239.0,2282.0,71700,0.0,0.0
2023-07-11 00:00:00+09:00,2300.0,2315.0,2284.0,2315.0,115100,0.0,0.0
2023-07-12 00:00:00+09:00,2321.0,2354.0,2312.0,2312.0,64400,0.0,0.0
2023-07-13 00:00:00+09:00,2325.0,2391.0,2319.0,2387.0,73800,0.0,0.0
2023-07-14 00:00:00+09:00,2413.0,2433.0,2370.0,2394.0,62400,0.0,0.0
2023-07-18 00:00:00+09:00,2385.0,2389.0,2343.0,2347.0,60600,0.0,0.0
2023-07-19 00:00:00+09:00,2354.0,2384.0,2349.0,2380.0,107100,0.0,0.0
2023-07-20 00:00:00+09:00,2380.0,2380.0,2308.0,2318.0,47800,0.0,0.0
2023-07-21 00:00:00+09:00,2318.0,2318.0,2273.0,2274.0,62900,0.0,0.0
2023-07-24 00:00:00+09:00,2286.0,2322.0,2286.0,2312.0,140600,0.0,0.0
2023-07-25 00:00:00+09:00,2323.0,2339.0,2275.0,2281.0,44500,0.0,0.0
2023-07-26 00:00:00+09:00,2255.0,2291.0,2252.0,2282.0,35800,0.0,0.0
2023-07-27 00:00:00+09:00,2273.0,2334.0,2264.0,2319.0,77900,0.0,0.0
2023-07-28 00:00:00+09:00,2273.0,2274.0,2221.0,2250.0,106900,0.0,0.0
2023-07-31 00:00:00+09:00,2285.0,2298.0,2253.0,2298.0,142200,0.0,0.0
2023-08-01 00:00:00+09:00,2298.0,2314.0,2255.0,2314.0,104600,0.0,0.0
2023-08-02 00:00:00+09:00,2286.0,2286.0,2241.0,2265.0,109600,0.0,0.0
2023-08-03 00:00:00+09:00,2215.0,2232.0,2185.0,2185.0,96700,0.0,0.0
2023-08-04 00:00:00+09:00,2171.0,2214.0,2171.0,2206.0,43300,0.0,0.0
2023-08-07 00:00:00+09:00,2189.0,2227.0,2175.0,2227.0,49600,0.0,0.0
2023-08-08 00:00:00+09:00,2232.0,2234.0,2212.0,2217.0,40500,0.0,0.0
2023-08-09 00:00:00+09:00,2196.0,2218.0,2172.0,2210.0,62700,0.0,0.0
2023-08-10 00:00:00+09:00,2225.0,2259.0,2204.0,2233.0,147500,0.0,0.0
2023-08-14 00:00:00+09:00,2140.0,2140.0,2000.0,2085.0,294500,0.0,0.0
2023-08-15 00:00:00+09:00,2102.0,2111.0,2046.0,2107.0,167800,0.0,0.0
2023-08-16 00:00:00+09:00,2100.0,2116.0,2088.0,2094.0,63400,0.0,0.0
2023-08-17 00:00:00+09:00,2082.0,2082.0,2024.0,2044.0,110900,0.0,0.0
2023-08-18 00:00:00+09:00,2044.0,2054.0,2019.0,2049.0,68500,0.0,0.0
2023-08-21 00:00:00+09:00,2055.0,2068.0,2040.0,2042.0,70000,0.0,0.0
2023-08-22 00:00:00+09:00,2052.0,2052.0,2018.0,2024.0,60800,0.0,0.0
2023-08-23 00:00:00+09:00,2016.0,2064.0,2000.0,2064.0,92800,0.0,0.0
2023-08-24 00:00:00+09:00,2046.0,2053.0,2009.0,2043.0,105800,0.0,0.0
2023-08-25 00:00:00+09:00,2012.0,2067.0,2012.0,2048.0,45300,0.0,0.0
2023-08-28 00:00:00+09:00,2058.0,2058.0,2027.0,2038.0,63600,0.0,0.0
2023-08-29 00:00:00+09:00,2030.0,2079.0,2030.0,2075.0,83100,0.0,0.0
2023-08-30 00:00:00+09:00,2098.0,2123.0,2080.0,2090.0,81400,0.0,0.0
2023-08-31 00:00:00+09:00,2090.0,2093.0,2067.0,2079.0,72600,0.0,0.0
2023-09-01 00:00:00+09:00,2075.0,2122.0,2075.0,2120.0,85300,0.0,0.0
2023-09-04 00:00:00+09:00,2120.0,2160.0,2120.0,2143.0,54500,0.0,0.0
2023-09-05 00:00:00+09:00,2157.0,2160.0,2137.0,2155.0,37300,0.0,0.0
2023-09-06 00:00:00+09:00,2161.0,2162.0,2120.0,2120.0,39800,0.0,0.0
2023-09-07 00:00:00+09:00,2100.0,2109.0,2050.0,2071.0,77000,0.0,0.0
2023-09-08 00:00:00+09:00,2021.0,2067.0,2018.0,2047.0,98600,0.0,0.0
2023-09-11 00:00:00+09:00,2050.0,2064.0,1997.0,2023.0,68700,0.0,0.0
2023-09-12 00:00:00+09:00,2010.0,2017.0,1976.0,2003.0,150000,0.0,0.0
2023-09-13 00:00:00+09:00,2005.0,2052.0,2005.0,2045.0,122400,0.0,0.0
2023-09-14 00:00:00+09:00,2045.0,2058.0,2012.0,2057.0,161200,0.0,0.0
2023-09-15 00:00:00+09:00,2067.0,2067.0,1996.0,2028.0,168600,0.0,0.0
2023-09-19 00:00:00+09:00,2020.0,2025.0,1970.0,1981.0,77600,0.0,0.0
2023-09-20 00:00:00+09:00,1968.0,1981.0,1958.0,1961.0,86400,0.0,0.0
2023-09-21 00:00:00+09:00,1959.0,1969.0,1927.0,1928.0,78400,0.0,0.0
2023-09-22 00:00:00+09:00,1898.0,1924.0,1878.0,1920.0,121600,0.0,0.0
2023-09-25 00:00:00+09:00,1920.0,1929.0,1902.0,1910.0,126600,0.0,0.0
2023-09-26 00:00:00+09:00,1916.0,1925.0,1903.0,1903.0,68600,0.0,0.0
2023-09-27 00:00:00+09:00,1899.0,1946.0,1895.0,1946.0,120400,0.0,0.0
2023-09-28 00:00:00+09:00,1961.0,1961.0,1892.0,1904.0,159900,0.0,0.0
2023-09-29 00:00:00+09:00,1903.0,1915.0,1877.0,1882.0,102500,0.0,0.0
2023-10-02 00:00:00+09:00,1902.0,1911.0,1850.0,1850.0,124100,0.0,0.0
2023-10-03 00:00:00+09:00,1817.0,1839.0,1791.0,1823.0,196500,0.0,0.0
2023-10-04 00:00:00+09:00,1813.0,1839.0,1802.0,1820.0,139500,0.0,0.0
2023-10-05 00:00:00+09:00,1823.0,1854.0,1804.0,1844.0,167800,0.0,0.0
2023-10-06 00:00:00+09:00,1851.0,1851.0,1826.0,1841.0,86100,0.0,0.0
2023-10-10 00:00:00+09:00,1841.0,1848.0,1813.0,1841.0,132100,0.0,0.0
2023-10-11 00:00:00+09:00,1829.0,1831.0,1800.0,1808.0,103000,0.0,0.0
2023-10-12 00:00:00+09:00,1808.0,1835.0,1791.0,1834.0,161900,0.0,0.0
2023-10-13 00:00:00+09:00,1826.0,1826.0,1744.0,1764.0,185200,0.0,0.0
2023-10-16 00:00:00+09:00,1743.0,1746.0,1706.0,1712.0,122400,0.0,0.0
2023-10-17 00:00:00+09:00,1728.0,1765.0,1728.0,1741.0,142700,0.0,0.0
2023-10-18 00:00:00+09:00,1764.0,1769.0,1721.0,1743.0,76100,0.0,0.0
2023-10-19 00:00:00+09:00,1720.0,1741.0,1701.0,1707.0,47500,0.0,0.0
2023-10-20 00:00:00+09:00,1690.0,1717.0,1673.0,1699.0,64600,0.0,0.0
2023-10-23 00:00:00+09:00,1695.0,1699.0,1661.0,1663.0,107900,0.0,0.0
2023-10-24 00:00:00+09:00,1648.0,1699.0,1621.0,1695.0,101100,0.0,0.0
2023-10-25 00:00:00+09:00,1710.0,1718.0,1696.0,1698.0,76000,0.0,0.0
2023-10-26 00:00:00+09:00,1685.0,1722.0,1685.0,1698.0,83100,0.0,0.0
2023-10-27 00:00:00+09:00,1696.0,1722.0,1694.0,1715.0,66700,0.0,0.0
2023-10-30 00:00:00+09:00,1710.0,1710.0,1672.0,1683.0,80200,0.0,0.0
2023-10-31 00:00:00+09:00,1683.0,1709.0,1669.0,1693.0,76300,0.0,0.0
2023-11-01 00:00:00+09:00,1724.0,1743.0,1711.0,1734.0,113600,0.0,0.0
2023-11-02 00:00:00+09:00,1765.0,1782.0,1743.0,1773.0,88200,0.0,0.0
2023-11-06 00:00:00+09:00,1813.0,1842.0,1797.0,1834.0,119600,0.0,0.0
2023-11-07 00:00:00+09:00,1831.0,1836.0,1812.0,1821.0,77900,0.0,0.0
2023-11-08 00:00:00+09:00,1821.0,1844.0,1806.0,1832.0,78200,0.0,0.0
2023-11-09 00:00:00+09:00,1832.0,1839.0,1805.0,1839.0,45500,0.0,0.0
2023-11-10 00:00:00+09:00,1775.0,1816.0,1775.0,1806.0,75200,0.0,0.0
2023-11-13 00:00:00+09:00,1844.0,1858.0,1804.0,1837.0,160700,0.0,0.0
2023-11-14 00:00:00+09:00,1825.0,1836.0,1770.0,1781.0,117100,0.0,0.0
2023-11-15 00:00:00+09:00,1801.0,1861.0,1795.0,1857.0,91100,0.0,0.0
2023-11-16 00:00:00+09:00,1856.0,1916.0,1852.0,1908.0,166000,0.0,0.0
2023-11-17 00:00:00+09:00,1908.0,1964.0,1893.0,1963.0,170500,0.0,0.0
2023-11-20 00:00:00+09:00,1966.0,2009.0,1963.0,1985.0,162300,0.0,0.0
2023-11-21 00:00:00+09:00,1983.0,2009.0,1973.0,1996.0,113900,0.0,0.0
2023-11-22 00:00:00+09:00,1989.0,2010.0,1968.0,1975.0,98700,0.0,0.0
2023-11-24 00:00:00+09:00,1967.0,2023.0,1967.0,2005.0,180900,0.0,0.0
2023-11-27 00:00:00+09:00,2000.0,2017.0,1972.0,1985.0,77500,0.0,0.0
2023-11-28 00:00:00+09:00,1974.0,1980.0,1936.0,1945.0,113000,0.0,0.0
2023-11-29 00:00:00+09:00,1901.0,1916.0,1890.0,1891.0,161700,0.0,0.0
2023-11-30 00:00:00+09:00,1888.0,1924.0,1882.0,1917.0,120100,0.0,0.0
2023-12-01 00:00:00+09:00,1929.0,1930.0,1865.0,1871.0,81500,0.0,0.0
2023-12-04 00:00:00+09:00,1842.0,1877.0,1807.0,1867.0,109900,0.0,0.0
2023-12-05 00:00:00+09:00,1841.0,1866.0,1807.0,1807.0,117100,0.0,0.0
2023-12-06 00:00:00+09:00,1787.0,1847.0,1782.0,1838.0,154300,0.0,0.0
2023-12-07 00:00:00+09:00,1800.0,1800.0,1757.0,1768.0,157100,0.0,0.0
2023-12-08 00:00:00+09:00,1748.0,1790.0,1748.0,1755.0,133000,0.0,0.0
2023-12-11 00:00:00+09:00,1762.0,1823.0,1762.0,1790.0,235400,0.0,0.0
2023-12-12 00:00:00+09:00,1780.0,1799.0,1748.0,1758.0,119200,0.0,0.0
2023-12-13 00:00:00+09:00,1774.0,1806.0,1774.0,1780.0,157400,0.0,0.0
2023-12-14 00:00:00+09:00,1779.0,1798.0,1762.0,1784.0,132900,0.0,0.0
2023-12-15 00:00:00+09:00,1784.0,1792.0,1765.0,1787.0,201900,0.0,0.0
2023-12-18 00:00:00+09:00,1747.0,1780.0,1720.0,1769.0,145100,0.0,0.0
2023-12-19 00:00:00+09:00,1756.0,1792.0,1756.0,1790.0,108100,0.0,0.0
2023-12-20 00:00:00+09:00,1798.0,1818.0,1777.0,1788.0,126600,0.0,0.0
2023-12-21 00:00:00+09:00,1748.0,1775.0,1736.0,1745.0,163000,0.0,0.0
2023-12-22 00:00:00+09:00,1747.0,1761.0,1731.0,1731.0,122000,0.0,0.0
2023-12-25 00:00:00+09:00,1750.0,1762.0,1733.0,1745.0,58200,0.0,0.0
2023-12-26 00:00:00+09:00,1744.0,1766.0,1738.0,1751.0,120400,0.0,0.0
2023-12-27 00:00:00+09:00,1763.0,1811.0,1761.0,1799.0,171500,0.0,0.0
2023-12-28 00:00:00+09:00,1774.0,1825.0,1745.0,1822.0,105100,0.0,0.0
2023-12-29 00:00:00+09:00,1826.0,1836.0,1801.0,1833.0,65100,0.0,0.0
2024-01-04 00:00:00+09:00,1825.0,1856.0,1794.0,1848.0,84100,0.0,0.0
2024-01-05 00:00:00+09:00,1864.0,1864.0,1815.0,1815.0,114800,0.0,0.0
2024-01-09 00:00:00+09:00,1825.0,1861.0,1825.0,1858.0,111100,0.0,0.0
2024-01-10 00:00:00+09:00,1857.0,1882.0,1838.0,1871.0,86600,0.0,0.0
2024-01-11 00:00:00+09:00,1885.0,1900.0,1859.0,1889.0,140100,0.0,0.0
2024-01-12 00:00:00+09:00,1910.0,1910.0,1853.0,1864.0,66500,0.0,0.0
2024-01-15 00:00:00+09:00,1860.0,1860.0,1839.0,1843.0,15800,0.0,0.0
2024-01-16 00:00:00+09:00,1860.0,1860.0,1814.0,1814.0,62800,0.0,0.0
2024-01-17 00:00:00+09:00,1814.0,1819.0,1762.0,1769.0,110800,0.0,0.0
2024-01-18 00:00:00+09:00,1762.0,1772.0,1723.0,1723.0,107800,0.0,0.0
2024-01-19 00:00:00+09:00,1740.0,1768.0,1712.0,1741.0,112900,0.0,0.0
2024-01-22 00:00:00+09:00,1760.0,1781.0,1754.0,1773.0,102900,0.0,0.0
2024-01-23 00:00:00+09:00,1798.0,1833.0,1797.0,1805.0,116100,0.0,0.0
2024-01-24 00:00:00+09:00,1808.0,1839.0,1799.0,1801.0,60400,0.0,0.0
2024-01-25 00:00:00+09:00,1800.0,1805.0,1769.0,1797.0,39600,0.0,0.0
2024-01-26 00:00:00+09:00,1797.0,1844.0,1787.0,1808.0,92500,0.0,0.0
2024-01-29 00:00:00+09:00,1805.0,1825.0,1790.0,1803.0,63200,0.0,0.0
2024-01-30 00:00:00+09:00,1800.0,1813.0,1783.0,1794.0,51500,0.0,0.0
2024-01-31 00:00:00+09:00,1790.0,1795.0,1772.0,1795.0,54400,0.0,0.0
2024-02-01 00:00:00+09:00,1769.0,1806.0,1769.0,1788.0,72100,0.0,0.0
2024-02-02 00:00:00+09:00,1788.0,1826.0,1787.0,1798.0,81000,0.0,0.0
2024-02-05 00:00:00+09:00,1804.0,1832.0,1795.0,1817.0,58000,0.0,0.0
2024-02-06 00:00:00+09:00,1816.0,1816.0,1771.0,1789.0,52500,0.0,0.0
2024-02-07 00:00:00+09:00,1789.0,1800.0,1769.0,1790.0,78100,0.0,0.0
2024-02-08 00:00:00+09:00,1790.0,1796.0,1764.0,1780.0,51000,0.0,0.0
2024-02-09 00:00:00+09:00,1762.0,1776.0,1750.0,1765.0,93800,0.0,0.0
2024-02-13 00:00:00+09:00,1589.0,1644.0,1520.0,1526.0,644200,0.0,0.0
2024-02-14 00:00:00+09:00,1529.0,1551.0,1448.0,1462.0,629900,0.0,0.0
2024-02-15 00:00:00+09:00,1470.0,1480.0,1434.0,1439.0,278500,0.0,0.0
2024-02-16 00:00:00+09:00,1469.0,1470.0,1427.0,1462.0,202700,0.0,0.0
2024-02-19 00:00:00+09:00,1470.0,1498.0,1461.0,1476.0,221200,0.0,0.0
2024-02-20 00:00:00+09:00,1496.0,1497.0,1468.0,1478.0,105100,0.0,0.0
2024-02-21 00:00:00+09:00,1490.0,1514.0,1483.0,1514.0,174200,0.0,0.0
2024-02-22 00:00:00+09:00,1514.0,1514.0,1478.0,1488.0,176200,0.0,0.0
2024-02-26 00:00:00+09:00,1508.0,1528.0,1494.0,1517.0,118900,0.0,0.0
2024-02-27 00:00:00+09:00,1510.0,1531.0,1509.0,1528.0,112800,0.0,0.0
2024-02-28 00:00:00+09:00,1519.0,1551.0,1517.0,1533.0,96200,0.0,0.0
2024-02-29 00:00:00+09:00,1528.0,1547.0,1520.0,1535.0,156300,0.0,0.0
2024-03-01 00:00:00+09:00,1535.0,1544.0,1511.0,1512.0,182900,0.0,0.0
2024-03-04 00:00:00+09:00,1512.0,1515.0,1484.0,1486.0,193000,0.0,0.0
2024-03-05 00:00:00+09:00,1464.0,1467.0,1397.0,1411.0,297500,0.0,0.0
2024-03-06 00:00:00+09:00,1395.0,1422.0,1386.0,1411.0,240300,0.0,0.0
2024-03-07 00:00:00+09:00,1411.0,1416.0,1370.0,1371.0,461300,0.0,0.0
2024-03-08 00:00:00+09:00,1361.0,1425.0,1351.0,1416.0,290700,0.0,0.0
2024-03-11 00:00:00+09:00,1429.0,1454.0,1415.0,1430.0,180500,0.0,0.0
2024-03-12 00:00:00+09:00,1431.0,1466.0,1419.0,1465.0,162300,0.0,0.0
2024-03-13 00:00:00+09:00,1474.0,1481.0,1443.0,1466.0,144500,0.0,0.0
2024-03-14 00:00:00+09:00,1466.0,1474.0,1445.0,1455.0,116600,0.0,0.0
2024-03-15 00:00:00+09:00,1450.0,1464.0,1426.0,1454.0,229800,0.0,0.0
2024-03-18 00:00:00+09:00,1470.0,1493.0,1461.0,1483.0,114800,0.0,0.0
2024-03-19 00:00:00+09:00,1484.0,1486.0,1457.0,1465.0,167000,0.0,0.0
2024-03-21 00:00:00+09:00,1474.0,1510.0,1471.0,1491.0,195500,0.0,0.0
2024-03-22 00:00:00+09:00,1491.0,1504.0,1470.0,1487.0,134500,0.0,0.0
2024-03-25 00:00:00+09:00,1475.0,1479.0,1452.0,1453.0,160200,0.0,0.0
2024-03-26 00:00:00+09:00,1447.0,1453.0,1430.0,1431.0,264400,0.0,0.0
2024-03-27 00:00:00+09:00,1430.0,1445.0,1424.0,1434.0,171500,0.0,0.0
2024-03-28 00:00:00+09:00,1440.0,1458.0,1428.0,1443.0,232100,0.0,0.0
2024-03-29 00:00:00+09:00,1445.0,1458.0,1440.0,1444.0,190300,0.0,0.0
2024-04-01 00:00:00+09:00,1455.0,1455.0,1431.0,1438.0,177600,0.0,0.0
2024-04-02 00:00:00+09:00,1429.0,1429.0,1405.0,1407.0,264400,0.0,0.0
2024-04-03 00:00:00+09:00,1404.0,1409.0,1395.0,1400.0,179500,0.0,0.0
2024-04-04 00:00:00+09:00,1400.0,1429.0,1391.0,1411.0,120500,0.0,0.0
2024-04-05 00:00:00+09:00,1411.0,1420.0,1392.0,1406.0,129400,0.0,0.0
2024-04-08 00:00:00+09:00,1406.0,1414.0,1390.0,1405.0,158000,0.0,0.0
2024-04-09 00:00:00+09:00,1405.0,1434.0,1405.0,1425.0,114900,0.0,0.0
2024-04-10 00:00:00+09:00,1425.0,1433.0,1407.0,1408.0,167300,0.0,0.0
2024-04-11 00:00:00+09:00,1403.0,1424.0,1396.0,1419.0,86500,0.0,0.0
2024-04-12 00:00:00+09:00,1430.0,1442.0,1423.0,1439.0,153400,0.0,0.0
2024-04-15 00:00:00+09:00,1440.0,1443.0,1427.0,1438.0,116100,0.0,0.0
2024-04-16 00:00:00+09:00,1432.0,1453.0,1425.0,1449.0,109400,0.0,0.0
2024-04-17 00:00:00+09:00,1455.0,1476.0,1436.0,1463.0,219000,0.0,0.0
2024-04-18 00:00:00+09:00,1460.0,1467.0,1444.0,1451.0,108200,0.0,0.0
2024-04-19 00:00:00+09:00,1445.0,1448.0,1422.0,1423.0,119800,0.0,0.0
2024-04-22 00:00:00+09:00,1433.0,1466.0,1433.0,1465.0,84700,0.0,0.0
2024-04-23 00:00:00+09:00,1483.0,1484.0,1435.0,1443.0,158100,0.0,0.0
2024-04-24 00:00:00+09:00,1449.0,1480.0,1449.0,1480.0,94600,0.0,0.0
2024-04-25 00:00:00+09:00,1485.0,1509.0,1475.0,1488.0,115700,0.0,0.0
2024-04-26 00:00:00+09:00,1480.0,1492.0,1462.0,1490.0,65700,0.0,0.0
2024-04-30 00:00:00+09:00,1512.0,1520.0,1500.0,1520.0,94300,0.0,0.0
2024-05-01 00:00:00+09:00,1524.0,1524.0,1492.0,1501.0,83700,0.0,0.0
2024-05-02 00:00:00+09:00,1508.0,1510.0,1473.0,1473.0,61000,0.0,0.0
2024-05-07 00:00:00+09:00,1492.0,1499.0,1479.0,1499.0,56300,0.0,0.0
2024-05-08 00:00:00+09:00,1489.0,1532.0,1487.0,1527.0,191600,0.0,0.0
2024-05-09 00:00:00+09:00,1537.0,1552.0,1530.0,1530.0,138600,0.0,0.0
2024-05-10 00:00:00+09:00,1544.0,1552.0,1517.0,1518.0,124200,0.0,0.0
2024-05-13 00:00:00+09:00,1518.0,1518.0,1445.0,1455.0,219800,0.0,0.0
2024-05-14 00:00:00+09:00,1459.0,1491.0,1457.0,1481.0,123500,0.0,0.0
2024-05-15 00:00:00+09:00,1482.0,1485.0,1427.0,1437.0,162800,0.0,0.0
2024-05-16 00:00:00+09:00,1449.0,1457.0,1423.0,1431.0,110600,0.0,0.0
2024-05-17 00:00:00+09:00,1424.0,1446.0,1418.0,1446.0,62200,0.0,0.0
2024-05-20 00:00:00+09:00,1438.0,1446.0,1416.0,1423.0,155600,0.0,0.0
2024-05-21 00:00:00+09:00,1422.0,1428.0,1407.0,1407.0,120000,0.0,0.0
2024-05-22 00:00:00+09:00,1410.0,1420.0,1394.0,1407.0,126800,0.0,0.0
2024-05-23 00:00:00+09:00,1415.0,1416.0,1401.0,1402.0,81600,0.0,0.0
2024-05-24 00:00:00+09:00,1390.0,1431.0,1377.0,1414.0,143900,0.0,0.0
2024-05-27 00:00:00+09:00,1421.0,1421.0,1390.0,1410.0,133500,0.0,0.0
2024-05-28 00:00:00+09:00,1420.0,1432.0,1410.0,1410.0,145800,0.0,0.0
2024-05-29 00:00:00+09:00,1410.0,1419.0,1390.0,1391.0,137000,0.0,0.0
2024-05-30 00:00:00+09:00,1391.0,1422.0,1385.0,1421.0,128500,0.0,0.0
2024-05-31 00:00:00+09:00,1433.0,1458.0,1419.0,1445.0,714200,0.0,0.0
2024-06-03 00:00:00+09:00,1450.0,1483.0,1444.0,1480.0,156100,0.0,0.0
2024-06-04 00:00:00+09:00,1467.0,1521.0,1465.0,1505.0,137400,0.0,0.0
2024-06-05 00:00:00+09:00,1488.0,1504.0,1472.0,1494.0,110900,0.0,0.0
2024-06-06 00:00:00+09:00,1490.0,1490.0,1452.0,1453.0,100600,0.0,0.0
2024-06-07 00:00:00+09:00,1451.0,1474.0,1437.0,1469.0,104200,0.0,0.0
2024-06-10 00:00:00+09:00,1476.0,1479.0,1454.0,1476.0,118200,0.0,0.0
2024-06-11 00:00:00+09:00,1479.0,1480.0,1451.0,1463.0,72700,0.0,0.0
2024-06-12 00:00:00+09:00,1479.0,1489.0,1467.0,1480.0,153200,0.0,0.0
2024-06-13 00:00:00+09:00,1481.0,1499.0,1473.0,1489.0,116500,0.0,0.0
2024-06-14 00:00:00+09:00,1501.0,1525.0,1492.0,1514.0,219700,0.0,0.0
2024-06-17 00:00:00+09:00,1510.0,1513.0,1476.0,1500.0,111400,0.0,0.0
2024-06-18 00:00:00+09:00,1517.0,1531.0,1511.0,1524.0,99500,0.0,0.0
2024-06-19 00:00:00+09:00,1520.0,1536.0,1513.0,1520.0,86500,0.0,0.0
2024-06-20 00:00:00+09:00,1515.0,1527.0,1498.0,1505.0,63400,0.0,0.0
2024-06-21 00:00:00+09:00,1491.0,1505.0,1485.0,1489.0,146800,0.0,0.0
2024-06-24 00:00:00+09:00,1481.0,1493.0,1466.0,1470.0,149300,0.0,0.0
2024-06-25 00:00:00+09:00,1479.0,1490.0,1469.0,1481.0,137200,0.0,0.0
2024-06-26 00:00:00+09:00,1482.0,1501.0,1471.0,1500.0,312000,0.0,0.0
2024-06-27 00:00:00+09:00,1460.0,1476.0,1450.0,1457.0,199300,0.0,0.0
2024-06-28 00:00:00+09:00,1460.0,1462.0,1443.0,1451.0,103300,0.0,0.0
2024-07-01 00:00:00+09:00,1454.0,1471.0,1452.0,1468.0,102100,0.0,0.0
2024-07-02 00:00:00+09:00,1459.0,1464.0,1451.0,1461.0,76100,0.0,0.0
2024-07-03 00:00:00+09:00,1466.0,1486.0,1459.0,1485.0,97100,0.0,0.0
2024-07-04 00:00:00+09:00,1498.0,1514.0,1495.0,1512.0,93700,0.0,0.0
2024-07-05 00:00:00+09:00,1512.0,1515.0,1485.0,1495.0,80600,0.0,0.0
2024-07-08 00:00:00+09:00,1496.0,1496.0,1474.0,1486.0,117400,0.0,0.0
2024-07-09 00:00:00+09:00,1500.0,1517.0,1495.0,1512.0,110300,0.0,0.0
2024-07-10 00:00:00+09:00,1522.0,1522.0,1476.0,1496.0,153000,0.0,0.0
2024-07-11 00:00:00+09:00,1501.0,1536.0,1501.0,1523.0,121500,0.0,0.0
2024-07-12 00:00:00+09:00,1522.0,1557.0,1509.0,1541.0,135500,0.0,0.0
2024-07-16 00:00:00+09:00,1552.0,1557.0,1503.0,1518.0,128300,0.0,0.0
2024-07-17 00:00:00+09:00,1528.0,1535.0,1513.0,1524.0,103800,0.0,0.0
2024-07-18 00:00:00+09:00,1507.0,1550.0,1506.0,1534.0,109900,0.0,0.0
2024-07-19 00:00:00+09:00,1550.0,1550.0,1518.0,1524.0,73100,0.0,0.0
2024-07-22 00:00:00+09:00,1511.0,1519.0,1493.0,1506.0,105000,0.0,0.0
2024-07-23 00:00:00+09:00,1506.0,1534.0,1506.0,1527.0,124600,0.0,0.0
2024-07-24 00:00:00+09:00,1523.0,1523.0,1482.0,1485.0,109100,0.0,0.0
2024-07-25 00:00:00+09:00,1471.0,1478.0,1452.0,1463.0,122100,0.0,0.0
2024-07-26 00:00:00+09:00,1480.0,1489.0,1461.0,1471.0,107700,0.0,0.0
2024-07-29 00:00:00+09:00,1499.0,1520.0,1489.0,1519.0,108200,0.0,0.0
2024-07-30 00:00:00+09:00,1522.0,1522.0,1491.0,1502.0,333200,0.0,0.0
2024-07-31 00:00:00+09:00,1496.0,1509.0,1489.0,1509.0,66600,0.0,0.0
2024-08-01 00:00:00+09:00,1499.0,1499.0,1441.0,1444.0,123900,0.0,0.0
2024-08-02 00:00:00+09:00,1400.0,1407.0,1362.0,1362.0,212600,0.0,0.0
2024-08-05 00:00:00+09:00,1272.0,1282.0,1136.0,1139.0,329800,0.0,0.0
2024-08-06 00:00:00+09:00,1259.0,1359.0,1256.0,1340.0,258700,0.0,0.0
2024-08-07 00:00:00+09:00,1290.0,1342.0,1283.0,1302.0,163400,0.0,0.0
2024-08-08 00:00:00+09:00,1285.0,1325.0,1280.0,1287.0,96000,0.0,0.0
2024-08-09 00:00:00+09:00,1351.0,1370.0,1328.0,1353.0,122600,0.0,0.0
2024-08-13 00:00:00+09:00,1350.0,1360.0,1311.0,1318.0,153500,0.0,0.0
2024-08-14 00:00:00+09:00,1348.0,1371.0,1329.0,1354.0,112300,0.0,0.0
2024-08-15 00:00:00+09:00,1375.0,1419.0,1367.0,1409.0,139900,0.0,0.0
2024-08-16 00:00:00+09:00,1437.0,1453.0,1416.0,1447.0,167600,0.0,0.0
2024-08-19 00:00:00+09:00,1444.0,1459.0,1436.0,1436.0,112400,0.0,0.0
2024-08-20 00:00:00+09:00,1460.0,1480.0,1445.0,1454.0,98000,0.0,0.0
2024-08-21 00:00:00+09:00,1436.0,1453.0,1428.0,1447.0,77100,0.0,0.0
2024-08-22 00:00:00+09:00,1440.0,1457.0,1427.0,1449.0,74800,0.0,0.0
2024-08-23 00:00:00+09:00,1445.0,1462.0,1429.0,1462.0,91200,0.0,0.0
2024-08-26 00:00:00+09:00,1440.0,1484.0,1437.0,1477.0,67700,0.0,0.0
2024-08-27 00:00:00+09:00,1497.0,1514.0,1488.0,1510.0,101900,0.0,0.0
2024-08-28 00:00:00+09:00,1493.0,1509.0,1489.0,1505.0,40400,0.0,0.0
2024-08-29 00:00:00+09:00,1506.0,1506.0,1473.0,1481.0,161000,0.0,0.0
2024-08-30 00:00:00+09:00,1482.0,1509.0,1475.0,1505.0,76500,0.0,0.0
2024-09-02 00:00:00+09:00,1505.0,1508.0,1491.0,1506.0,73800,0.0,0.0
2024-09-03 00:00:00+09:00,1510.0,1573.0,1504.0,1568.0,152000,0.0,0.0
2024-09-04 00:00:00+09:00,1528.0,1563.0,1515.0,1548.0,129700,0.0,0.0
2024-09-05 00:00:00+09:00,1548.0,1580.0,1544.0,1573.0,147000,0.0,0.0
2024-09-06 00:00:00+09:00,1578.0,1597.0,1536.0,1555.0,136500,0.0,0.0
2024-09-09 00:00:00+09:00,1484.0,1551.0,1483.0,1548.0,102600,0.0,0.0
2024-09-10 00:00:00+09:00,1548.0,1585.0,1548.0,1560.0,110900,0.0,0.0
2024-09-11 00:00:00+09:00,1560.0,1575.0,1541.0,1547.0,113400,0.0,0.0
2024-09-12 00:00:00+09:00,1577.0,1616.0,1567.0,1586.0,131500,0.0,0.0
2024-09-13 00:00:00+09:00,1586.0,1593.0,1543.0,1546.0,119100,0.0,0.0
2024-09-17 00:00:00+09:00,1546.0,1567.0,1510.0,1558.0,113400,0.0,0.0
2024-09-18 00:00:00+09:00,1575.0,1585.0,1560.0,1583.0,96400,0.0,0.0
2024-09-19 00:00:00+09:00,1599.0,1607.0,1586.0,1587.0,70600,0.0,0.0
2024-09-20 00:00:00+09:00,1594.0,1615.0,1594.0,1607.0,99800,0.0,0.0
2024-09-24 00:00:00+09:00,1622.0,1625.0,1591.0,1598.0,82100,0.0,0.0
2024-09-25 00:00:00+09:00,1589.0,1612.0,1589.0,1603.0,50400,0.0,0.0
2024-09-26 00:00:00+09:00,1619.0,1640.0,1605.0,1640.0,125300,0.0,0.0
2024-09-27 00:00:00+09:00,1649.0,1663.0,1625.0,1631.0,115500,0.0,0.0
2024-09-30 00:00:00+09:00,1600.0,1634.0,1599.0,1604.0,86200,0.0,0.0
2024-10-01 00:00:00+09:00,1604.0,1616.0,1597.0,1608.0,46500,0.0,0.0
2024-10-02 00:00:00+09:00,1600.0,1608.0,1574.0,1578.0,121300,0.0,0.0
2024-10-03 00:00:00+09:00,1618.0,1633.0,1604.0,1615.0,69100,0.0,0.0
2024-10-04 00:00:00+09:00,1613.0,1624.0,1602.0,1607.0,53100,0.0,0.0
2024-10-07 00:00:00+09:00,1631.0,1643.0,1611.0,1616.0,48900,0.0,0.0
2024-10-08 00:00:00+09:00,1590.0,1615.0,1586.0,1602.0,37300,0.0,0.0
2024-10-09 00:00:00+09:00,1618.0,1634.0,1608.0,1625.0,42100,0.0,0.0
2024-10-10 00:00:00+09:00,1616.0,1630.0,1596.0,1601.0,37300,0.0,0.0
2024-10-11 00:00:00+09:00,1597.0,1604.0,1584.0,1591.0,45600,0.0,0.0
2024-10-15 00:00:00+09:00,1610.0,1631.0,1600.0,1620.0,82500,0.0,0.0
2024-10-16 00:00:00+09:00,1617.0,1654.0,1601.0,1608.0,75600,0.0,0.0
2024-10-17 00:00:00+09:00,1605.0,1613.0,1574.0,1577.0,91900,0.0,0.0
2024-10-18 00:00:00+09:00,1569.0,1586.0,1561.0,1561.0,52700,0.0,0.0
2024-10-21 00:00:00+09:00,1561.0,1579.0,1555.0,1563.0,75700,0.0,0.0
2024-10-22 00:00:00+09:00,1566.0,1566.0,1532.0,1535.0,78300,0.0,0.0
2024-10-23 00:00:00+09:00,1533.0,1541.0,1520.0,1520.0,68800,0.0,0.0
2024-10-24 00:00:00+09:00,1520.0,1534.0,1501.0,1524.0,63700,0.0,0.0
2024-10-25 00:00:00+09:00,1524.0,1540.0,1514.0,1526.0,47900,0.0,0.0
2024-10-28 00:00:00+09:00,1526.0,1552.0,1512.0,1549.0,86700,0.0,0.0
2024-10-29 00:00:00+09:00,1560.0,1560.0,1539.0,1560.0,34000,0.0,0.0
2024-10-30 00:00:00+09:00,1560.0,1560.0,1536.0,1548.0,89200,0.0,0.0
2024-10-31 00:00:00+09:00,1550.0,1564.0,1544.0,1553.0,51400,0.0,0.0
2024-11-01 00:00:00+09:00,1536.0,1567.0,1530.0,1530.0,60800,0.0,0.0
2024-11-05 00:00:00+09:00,1525.0,1526.0,1496.0,1517.0,68000,0.0,0.0
2024-11-06 00:00:00+09:00,1517.0,1543.0,1513.0,1524.0,55400,0.0,0.0
2024-11-07 00:00:00+09:00,1537.0,1558.0,1521.0,1547.0,67200,0.0,0.0
2024-11-08 00:00:00+09:00,1548.0,1563.0,1495.0,1503.0,95200,0.0,0.0
