Date,Open,High,Low,Close,Volume,Dividends,Stock Splits
2000-01-04 00:00:00+09:00,1874.266845703125,1874.266845703125,1874.266845703125,1874.266845703125,100,0.0,0.0
2000-01-05 00:00:00+09:00,1874.266845703125,1874.266845703125,1874.266845703125,1874.266845703125,0,0.0,0.0
2000-01-06 00:00:00+09:00,1874.266845703125,1874.266845703125,1874.266845703125,1874.266845703125,0,0.0,0.0
2000-01-07 00:00:00+09:00,2111.849853515625,2111.849853515625,2111.849853515625,2111.849853515625,200,0.0,0.0
2000-01-10 00:00:00+09:00,2111.849853515625,2111.849853515625,2111.849853515625,2111.849853515625,0,0.0,0.0
2000-01-11 00:00:00+09:00,2120.6492279052736,2199.8435974121094,2111.849853515625,2111.849853515625,600,0.0,0.0
2000-01-12 00:00:00+09:00,2023.8565673828125,2023.8565673828125,2023.8565673828125,2023.8565673828125,100,0.0,0.0
2000-01-13 00:00:00+09:00,2023.8565673828125,2023.8565673828125,2023.8565673828125,2023.8565673828125,0,0.0,0.0
2000-01-14 00:00:00+09:00,2023.8565673828125,2023.8565673828125,2023.8565673828125,2023.8565673828125,0,0.0,0.0
2000-01-17 00:00:00+09:00,2023.8565673828125,2023.8565673828125,2023.8565673828125,2023.8565673828125,0,0.0,0.0
2000-01-18 00:00:00+09:00,2120.6494140625,2120.6494140625,2120.6494140625,2120.6494140625,200,0.0,0.0
2000-01-19 00:00:00+09:00,2120.6494140625,2120.6494140625,2120.6494140625,2120.6494140625,0,0.0,0.0
2000-01-20 00:00:00+09:00,2120.6494140625,2120.6494140625,2120.6494140625,2120.6494140625,0,0.0,0.0
2000-01-21 00:00:00+09:00,2120.6494140625,2120.6494140625,2120.6494140625,2120.6494140625,0,0.0,0.0
2000-01-24 00:00:00+09:00,2120.6494140625,2120.6494140625,2120.6494140625,2120.6494140625,0,0.0,0.0
2000-01-25 00:00:00+09:00,2120.6494140625,2120.6494140625,2120.6494140625,2120.6494140625,0,0.0,0.0
2000-01-26 00:00:00+09:00,2120.6494140625,2120.6494140625,2120.6494140625,2120.6494140625,0,0.0,0.0
2000-01-27 00:00:00+09:00,2120.6494140625,2120.6494140625,2120.6494140625,2120.6494140625,0,0.0,0.0
2000-01-28 00:00:00+09:00,2120.6494140625,2120.6494140625,2120.6494140625,2120.6494140625,0,0.0,0.0
2000-01-31 00:00:00+09:00,2067.8532849825347,2067.8532849825347,1830.2701416015625,1830.2701416015625,300,0.0,0.0
2000-02-01 00:00:00+09:00,2023.8564065786509,2023.8564065786509,1830.2701416015625,1830.2701416015625,200,0.0,0.0
2000-02-02 00:00:00+09:00,2023.8565673828125,2023.8565673828125,2023.8565673828125,2023.8565673828125,100,0.0,0.0
2000-02-03 00:00:00+09:00,2023.8565673828125,2023.8565673828125,2023.8565673828125,2023.8565673828125,100,0.0,0.0
2000-02-04 00:00:00+09:00,2023.8565673828125,2023.8565673828125,2023.8565673828125,2023.8565673828125,0,0.0,0.0
2000-02-07 00:00:00+09:00,2023.8565673828125,2023.8565673828125,2023.8565673828125,2023.8565673828125,0,0.0,0.0
2000-02-08 00:00:00+09:00,2023.8565673828125,2023.8565673828125,2023.8565673828125,2023.8565673828125,0,0.0,0.0
2000-02-09 00:00:00+09:00,2023.8565673828125,2023.8565673828125,2023.8565673828125,2023.8565673828125,0,0.0,0.0
2000-02-10 00:00:00+09:00,1865.4674072265625,1865.4674072265625,1865.4674072265625,1865.4674072265625,100,0.0,0.0
2000-02-11 00:00:00+09:00,1865.4674072265625,1865.4674072265625,1865.4674072265625,1865.4674072265625,0,0.0,0.0
2000-02-14 00:00:00+09:00,1865.4674072265625,1865.4674072265625,1865.4674072265625,1865.4674072265625,0,0.0,0.0
2000-02-15 00:00:00+09:00,1821.4705170566597,1821.4705170566597,1812.671142578125,1812.671142578125,200,0.0,0.0
2000-02-16 00:00:00+09:00,1803.8717041015625,1803.8717041015625,1803.8717041015625,1803.8717041015625,100,0.0,0.0
2000-02-17 00:00:00+09:00,1803.8717041015625,1803.8717041015625,1803.8717041015625,1803.8717041015625,0,0.0,0.0
2000-02-18 00:00:00+09:00,1803.8717041015625,1803.8717041015625,1803.8717041015625,1803.8717041015625,100,0.0,0.0
2000-02-21 00:00:00+09:00,1803.8717041015625,1803.8717041015625,1803.8717041015625,1803.8717041015625,0,0.0,0.0
2000-02-22 00:00:00+09:00,1803.8717041015625,1803.8717041015625,1803.8717041015625,1803.8717041015625,0,0.0,0.0
2000-02-23 00:00:00+09:00,1803.8717041015625,1803.8717041015625,1803.8717041015625,1803.8717041015625,0,0.0,0.0
2000-02-24 00:00:00+09:00,1803.8717041015625,1803.8717041015625,1803.8717041015625,1803.8717041015625,0,0.0,0.0
2000-02-25 00:00:00+09:00,1803.8717041015625,1803.8717041015625,1803.8717041015625,1803.8717041015625,0,0.0,0.0
2000-02-28 00:00:00+09:00,1803.8717041015625,1803.8717041015625,1803.8717041015625,1803.8717041015625,0,0.0,0.0
2000-02-29 00:00:00+09:00,1988.6588134765625,1988.6588134765625,1988.6588134765625,1988.6588134765625,200,0.0,0.0
2000-03-01 00:00:00+09:00,1988.6588134765625,1988.6588134765625,1988.6588134765625,1988.6588134765625,0,0.0,0.0
2000-03-02 00:00:00+09:00,1988.6588134765625,1988.6588134765625,1988.6588134765625,1988.6588134765625,0,0.0,0.0
2000-03-03 00:00:00+09:00,2023.8564576221115,2094.25146484375,2023.8564576221115,2094.25146484375,200,0.0,0.0
2000-03-06 00:00:00+09:00,2094.25146484375,2094.25146484375,2094.25146484375,2094.25146484375,0,0.0,0.0
2000-03-07 00:00:00+09:00,2094.25146484375,2094.25146484375,2094.25146484375,2094.25146484375,0,0.0,0.0
2000-03-08 00:00:00+09:00,2094.25146484375,2094.25146484375,2094.25146484375,2094.25146484375,0,0.0,0.0
2000-03-09 00:00:00+09:00,2094.25146484375,2094.25146484375,2094.25146484375,2094.25146484375,0,0.0,0.0
2000-03-10 00:00:00+09:00,2094.25146484375,2094.25146484375,2094.25146484375,2094.25146484375,0,0.0,0.0
2000-03-13 00:00:00+09:00,2067.853271484375,2067.853271484375,2067.853271484375,2067.853271484375,100,0.0,0.0
2000-03-14 00:00:00+09:00,2067.853271484375,2067.853271484375,2067.853271484375,2067.853271484375,0,0.0,0.0
2000-03-15 00:00:00+09:00,2067.853271484375,2067.853271484375,2067.853271484375,2067.853271484375,0,0.0,0.0
2000-03-16 00:00:00+09:00,2067.853271484375,2067.853271484375,2067.853271484375,2067.853271484375,0,0.0,0.0
2000-03-17 00:00:00+09:00,2067.853271484375,2067.853271484375,2067.853271484375,2067.853271484375,0,0.0,0.0
2000-03-20 00:00:00+09:00,2067.853271484375,2067.853271484375,2067.853271484375,2067.853271484375,0,0.0,0.0
2000-03-21 00:00:00+09:00,2067.853271484375,2067.853271484375,2067.853271484375,2067.853271484375,0,0.0,0.0
2000-03-22 00:00:00+09:00,2067.853271484375,2067.853271484375,2067.853271484375,2067.853271484375,0,0.0,0.0
2000-03-23 00:00:00+09:00,2067.853271484375,2067.853271484375,2067.853271484375,2067.853271484375,0,0.0,0.0
2000-03-24 00:00:00+09:00,2067.853271484375,2067.853271484375,2067.853271484375,2067.853271484375,0,0.0,0.0
2000-03-27 00:00:00+09:00,1856.6680268787202,1856.6680268787202,1847.86865234375,1847.86865234375,200,0.0,0.0
2000-03-28 00:00:00+09:00,1852.27880859375,1852.27880859375,1852.27880859375,1852.27880859375,0,5.0,0.0
2000-03-29 00:00:00+09:00,1852.27880859375,1852.27880859375,1852.27880859375,1852.27880859375,0,0.0,0.0
2000-03-30 00:00:00+09:00,1852.27880859375,1852.27880859375,1852.27880859375,1852.27880859375,0,0.0,0.0
2000-03-31 00:00:00+09:00,1852.27880859375,1852.27880859375,1852.27880859375,1852.27880859375,0,0.0,0.0
2000-04-03 00:00:00+09:00,1852.27880859375,1852.27880859375,1852.27880859375,1852.27880859375,0,0.0,0.0
2000-04-04 00:00:00+09:00,1852.27880859375,1852.27880859375,1852.27880859375,1852.27880859375,0,0.0,0.0
2000-04-05 00:00:00+09:00,1808.177001953125,1808.177001953125,1808.177001953125,1808.177001953125,100,0.0,0.0
2000-04-06 00:00:00+09:00,1808.177001953125,1808.177001953125,1808.177001953125,1808.177001953125,0,0.0,0.0
2000-04-07 00:00:00+09:00,1940.48291015625,1940.48291015625,1940.48291015625,1940.48291015625,500,0.0,0.0
2000-04-10 00:00:00+09:00,1940.48291015625,1940.48291015625,1940.48291015625,1940.48291015625,0,0.0,0.0
2000-04-11 00:00:00+09:00,1940.48291015625,1940.48291015625,1940.48291015625,1940.48291015625,0,0.0,0.0
2000-04-12 00:00:00+09:00,1940.48291015625,1940.48291015625,1940.48291015625,1940.48291015625,0,0.0,0.0
2000-04-13 00:00:00+09:00,1499.4638671875,1499.4638671875,1499.4638671875,1499.4638671875,100,0.0,0.0
2000-04-14 00:00:00+09:00,1499.4638671875,1499.4638671875,1499.4638671875,1499.4638671875,0,0.0,0.0
2000-04-17 00:00:00+09:00,1499.4638671875,1499.4638671875,1499.4638671875,1499.4638671875,0,0.0,0.0
2000-04-18 00:00:00+09:00,1499.4638671875,1499.4638671875,1499.4638671875,1499.4638671875,0,0.0,0.0
2000-04-19 00:00:00+09:00,1508.2843017578125,1508.2843017578125,1508.2843017578125,1508.2843017578125,100,0.0,0.0
2000-04-20 00:00:00+09:00,1508.2843017578125,1508.2843017578125,1508.2843017578125,1508.2843017578125,0,0.0,0.0
2000-04-21 00:00:00+09:00,1508.2843017578125,1508.2843017578125,1508.2843017578125,1508.2843017578125,0,0.0,0.0
2000-04-24 00:00:00+09:00,1508.2843017578125,1508.2843017578125,1508.2843017578125,1508.2843017578125,0,0.0,0.0
2000-04-25 00:00:00+09:00,1508.2843017578125,1508.2843017578125,1508.2843017578125,1508.2843017578125,0,0.0,0.0
2000-04-26 00:00:00+09:00,1508.2843017578125,1508.2843017578125,1508.2843017578125,1508.2843017578125,0,0.0,0.0
2000-04-27 00:00:00+09:00,2019.8658319577014,2108.069580078125,2019.8658319577014,2108.069580078125,300,0.0,0.0
2000-04-28 00:00:00+09:00,2108.069580078125,2108.069580078125,2108.069580078125,2108.069580078125,200,0.0,0.0
2000-05-01 00:00:00+09:00,2108.0697611490887,2116.89013671875,2108.0697611490887,2116.89013671875,1100,0.0,0.0
2000-05-02 00:00:00+09:00,2160.992327549661,2275.6572265625,2160.992327549661,2275.6572265625,1700,0.0,0.0
2000-05-03 00:00:00+09:00,2275.6572265625,2275.6572265625,2275.6572265625,2275.6572265625,0,0.0,0.0
2000-05-04 00:00:00+09:00,2275.6572265625,2275.6572265625,2275.6572265625,2275.6572265625,0,0.0,0.0
2000-05-05 00:00:00+09:00,2275.6572265625,2275.6572265625,2275.6572265625,2275.6572265625,0,0.0,0.0
2000-05-08 00:00:00+09:00,2275.657025722288,2337.399658203125,2275.657025722288,2337.399658203125,1100,0.0,0.0
2000-05-09 00:00:00+09:00,2337.399658203125,2337.399658203125,2337.399658203125,2337.399658203125,0,0.0,0.0
2000-05-10 00:00:00+09:00,2381.5015607561386,2469.705322265625,2381.5015607561386,2469.705322265625,900,0.0,0.0
2000-05-11 00:00:00+09:00,2460.8850992838543,2460.8850992838543,2337.3998254846642,2381.501708984375,1100,0.0,0.0
2000-05-12 00:00:00+09:00,2381.5014227505385,2557.908935546875,2381.5014227505385,2557.908935546875,1400,0.0,0.0
2000-05-15 00:00:00+09:00,2646.112548828125,2646.112548828125,2557.908797200521,2646.112548828125,1500,0.0,0.0
2000-05-16 00:00:00+09:00,2557.908935546875,2557.908935546875,2557.908935546875,2557.908935546875,100,0.0,0.0
2000-05-17 00:00:00+09:00,2557.908935546875,2557.908935546875,2557.908935546875,2557.908935546875,1000,0.0,0.0
2000-05-18 00:00:00+09:00,2557.9091159256873,2566.7294921875,2557.9091159256873,2566.7294921875,200,0.0,0.0
2000-05-19 00:00:00+09:00,2249.19580078125,2249.19580078125,2249.19580078125,2249.19580078125,100,0.0,0.0
2000-05-22 00:00:00+09:00,2381.501708984375,2381.501708984375,2381.501708984375,2381.501708984375,300,0.0,0.0
2000-05-23 00:00:00+09:00,2381.501708984375,2381.501708984375,2381.501708984375,2381.501708984375,0,0.0,0.0
2000-05-24 00:00:00+09:00,2381.501708984375,2381.501708984375,2381.501708984375,2381.501708984375,0,0.0,0.0
2000-05-25 00:00:00+09:00,2381.501708984375,2381.501708984375,2381.501708984375,2381.501708984375,0,0.0,0.0
2000-05-26 00:00:00+09:00,2381.501708984375,2381.501708984375,2381.501708984375,2381.501708984375,0,0.0,0.0
2000-05-29 00:00:00+09:00,2602.010964529855,2602.010964529855,2469.705322265625,2469.705322265625,300,0.0,0.0
2000-05-30 00:00:00+09:00,2469.705322265625,2469.705322265625,2469.705322265625,2469.705322265625,0,0.0,0.0
2000-05-31 00:00:00+09:00,2557.908935546875,2557.908935546875,2469.705179148707,2557.908935546875,700,0.0,0.0
2000-06-01 00:00:00+09:00,2602.010986328125,2602.010986328125,2602.010986328125,2602.010986328125,400,0.0,0.0
2000-06-02 00:00:00+09:00,2646.112720927254,2734.316478291496,2646.112720927254,2690.214599609375,1400,0.0,0.0
2000-06-05 00:00:00+09:00,2690.2147269170277,2690.2147269170277,2672.573974609375,2672.573974609375,400,0.0,0.0
2000-06-06 00:00:00+09:00,2690.214599609375,2690.214599609375,2690.214599609375,2690.214599609375,100,0.0,0.0
2000-06-07 00:00:00+09:00,2681.394223872951,2690.214599609375,2681.394223872951,2690.214599609375,600,0.0,0.0
2000-06-08 00:00:00+09:00,2646.1128674523306,2646.1128674523306,2602.010986328125,2602.010986328125,400,0.0,0.0
2000-06-09 00:00:00+09:00,2602.010986328125,2602.010986328125,2602.010986328125,2602.010986328125,0,0.0,0.0
2000-06-12 00:00:00+09:00,2575.5496868265086,2575.5496868265086,2557.908935546875,2557.908935546875,600,0.0,0.0
2000-06-13 00:00:00+09:00,2513.807373046875,2513.807373046875,2513.807373046875,2513.807373046875,300,0.0,0.0
2000-06-14 00:00:00+09:00,2513.8071723833473,3219.437255859375,2513.8071723833473,3219.437255859375,10700,0.0,0.0
2000-06-15 00:00:00+09:00,3263.539111328125,3263.539111328125,3087.131591796875,3087.131591796875,1100,0.0,0.0
2000-06-16 00:00:00+09:00,2910.723969215571,3034.209228515625,2778.4183342512265,3034.209228515625,1200,0.0,0.0
2000-06-19 00:00:00+09:00,3043.029762961648,3043.029762961648,2734.31659860322,2910.72412109375,1500,0.0,0.0
2000-06-20 00:00:00+09:00,2822.5205853174602,2822.5205853174602,2778.418701171875,2778.418701171875,600,0.0,0.0
2000-06-21 00:00:00+09:00,2778.4185318485384,2778.4185318485384,2734.316650390625,2734.316650390625,300,0.0,0.0
2000-06-22 00:00:00+09:00,2654.9329239908852,2654.9329239908852,2646.112548828125,2646.112548828125,500,0.0,0.0
2000-06-23 00:00:00+09:00,2919.544404560811,3342.9224451013515,2919.544404560811,3263.5390625,1900,0.0,0.0
2000-06-26 00:00:00+09:00,3245.898193359375,3245.898193359375,3245.898193359375,3245.898193359375,100,0.0,0.0
2000-06-27 00:00:00+09:00,3166.51513671875,3166.51513671875,3166.51513671875,3166.51513671875,100,0.0,0.0
2000-06-28 00:00:00+09:00,3043.02978515625,3043.02978515625,3043.02978515625,3043.02978515625,200,0.0,0.0
2000-06-29 00:00:00+09:00,3043.0296128216914,3043.0296128216914,2998.927734375,2998.927734375,500,0.0,0.0
2000-06-30 00:00:00+09:00,2998.927734375,2998.927734375,2998.927734375,2998.927734375,100,0.0,0.0
2000-07-03 00:00:00+09:00,2998.927734375,2998.927734375,2998.927734375,2998.927734375,100,0.0,0.0
2000-07-04 00:00:00+09:00,2954.8260017163825,2954.8260017163825,2910.72412109375,2910.72412109375,300,0.0,0.0
2000-07-05 00:00:00+09:00,2998.9275594682836,2998.9275594682836,2954.82568359375,2954.82568359375,200,0.0,0.0
2000-07-06 00:00:00+09:00,2919.544921875,2919.544921875,2919.544921875,2919.544921875,300,0.0,0.0
2000-07-07 00:00:00+09:00,2919.544497218277,2919.544497218277,2910.72412109375,2910.72412109375,500,0.0,0.0
2000-07-10 00:00:00+09:00,2954.8260017163825,2954.8260017163825,2910.72412109375,2910.72412109375,200,0.0,0.0
2000-07-11 00:00:00+09:00,2919.544921875,2919.544921875,2919.544921875,2919.544921875,100,0.0,0.0
2000-07-12 00:00:00+09:00,2910.72412109375,2910.72412109375,2910.72412109375,2910.72412109375,100,0.0,0.0
2000-07-13 00:00:00+09:00,2822.5205078125,2822.5205078125,2822.5205078125,2822.5205078125,100,0.0,0.0
2000-07-14 00:00:00+09:00,2822.5205078125,2822.5205078125,2822.5205078125,2822.5205078125,100,0.0,0.0
2000-07-17 00:00:00+09:00,2822.5205078125,2822.5205078125,2822.5205078125,2822.5205078125,0,0.0,0.0
2000-07-18 00:00:00+09:00,2822.5205078125,2822.5205078125,2822.5205078125,2822.5205078125,0,0.0,0.0
2000-07-19 00:00:00+09:00,2822.5205078125,2822.5205078125,2822.5205078125,2822.5205078125,0,0.0,0.0
2000-07-20 00:00:00+09:00,2822.5205078125,2822.5205078125,2822.5205078125,2822.5205078125,0,0.0,0.0
2000-07-21 00:00:00+09:00,2822.5205078125,2822.5205078125,2822.5205078125,2822.5205078125,0,0.0,0.0
2000-07-24 00:00:00+09:00,2866.622314453125,2866.622314453125,2866.622314453125,2866.622314453125,200,0.0,0.0
2000-07-25 00:00:00+09:00,2910.72412109375,2910.72412109375,2866.6222404711175,2910.72412109375,1600,0.0,0.0
2000-07-26 00:00:00+09:00,2910.72412109375,2910.72412109375,2910.72412109375,2910.72412109375,0,0.0,0.0
2000-07-27 00:00:00+09:00,2910.7239774816176,2998.927734375,2910.7239774816176,2998.927734375,300,0.0,0.0
2000-07-28 00:00:00+09:00,2998.927734375,2998.927734375,2998.927734375,2998.927734375,0,0.0,0.0
2000-07-31 00:00:00+09:00,2990.107666015625,2990.107666015625,2990.107666015625,2990.107666015625,100,0.0,0.0
2000-08-01 00:00:00+09:00,2990.107666015625,2990.107666015625,2990.107666015625,2990.107666015625,0,0.0,0.0
2000-08-02 00:00:00+09:00,2990.107666015625,2990.107666015625,2990.107666015625,2990.107666015625,0,0.0,0.0
2000-08-03 00:00:00+09:00,2990.107666015625,2990.107666015625,2990.107666015625,2990.107666015625,0,0.0,0.0
2000-08-04 00:00:00+09:00,2990.107666015625,2990.107666015625,2990.107666015625,2990.107666015625,0,0.0,0.0
2000-08-07 00:00:00+09:00,2990.107666015625,2990.107666015625,2990.107666015625,2990.107666015625,0,0.0,0.0
2000-08-08 00:00:00+09:00,2990.107666015625,2990.107666015625,2990.107666015625,2990.107666015625,0,0.0,0.0
2000-08-09 00:00:00+09:00,2990.107666015625,2990.107666015625,2990.107666015625,2990.107666015625,0,0.0,0.0
2000-08-10 00:00:00+09:00,2690.214599609375,2690.214599609375,2690.214599609375,2690.214599609375,100,0.0,0.0
2000-08-11 00:00:00+09:00,2690.214599609375,2690.214599609375,2690.214599609375,2690.214599609375,0,0.0,0.0
2000-08-14 00:00:00+09:00,2690.214599609375,2690.214599609375,2690.214599609375,2690.214599609375,0,0.0,0.0
2000-08-15 00:00:00+09:00,2690.214599609375,2690.214599609375,2690.214599609375,2690.214599609375,0,0.0,0.0
2000-08-16 00:00:00+09:00,2690.214599609375,2690.214599609375,2690.214599609375,2690.214599609375,0,0.0,0.0
2000-08-17 00:00:00+09:00,2646.112548828125,2646.112548828125,2646.112548828125,2646.112548828125,500,0.0,0.0
2000-08-18 00:00:00+09:00,2646.112548828125,2646.112548828125,2646.112548828125,2646.112548828125,300,0.0,0.0
2000-08-21 00:00:00+09:00,2646.112548828125,2646.112548828125,2646.112548828125,2646.112548828125,0,0.0,0.0
2000-08-22 00:00:00+09:00,2646.112548828125,2646.112548828125,2646.112548828125,2646.112548828125,0,0.0,0.0
2000-08-23 00:00:00+09:00,2646.112548828125,2646.112548828125,2646.112548828125,2646.112548828125,0,0.0,0.0
2000-08-24 00:00:00+09:00,2646.112548828125,2646.112548828125,2646.112548828125,2646.112548828125,0,0.0,0.0
2000-08-25 00:00:00+09:00,2646.112548828125,2646.112548828125,2646.112548828125,2646.112548828125,0,0.0,0.0
2000-08-28 00:00:00+09:00,2160.9920852819528,2549.088623046875,1940.4826888246107,2549.088623046875,500,0.0,0.0
2000-08-29 00:00:00+09:00,2513.807373046875,2513.807373046875,2513.807373046875,2513.807373046875,100,0.0,0.0
2000-08-30 00:00:00+09:00,2513.807373046875,2513.807373046875,2513.807373046875,2513.807373046875,0,0.0,0.0
2000-08-31 00:00:00+09:00,2549.088623046875,2549.088623046875,2549.088623046875,2549.088623046875,100,0.0,0.0
2000-09-01 00:00:00+09:00,2549.088623046875,2549.088623046875,2549.088623046875,2549.088623046875,0,0.0,0.0
2000-09-04 00:00:00+09:00,2469.705322265625,2469.705322265625,2469.705322265625,2469.705322265625,200,0.0,0.0
2000-09-05 00:00:00+09:00,2469.705322265625,2469.705322265625,2469.705322265625,2469.705322265625,100,0.0,0.0
2000-09-06 00:00:00+09:00,2469.705322265625,2469.705322265625,2469.705322265625,2469.705322265625,0,0.0,0.0
2000-09-07 00:00:00+09:00,2469.705322265625,2469.705322265625,2469.705322265625,2469.705322265625,0,0.0,0.0
2000-09-08 00:00:00+09:00,2469.705322265625,2469.705322265625,2469.705322265625,2469.705322265625,0,0.0,0.0
2000-09-11 00:00:00+09:00,2469.705322265625,2469.705322265625,2469.705322265625,2469.705322265625,0,0.0,0.0
2000-09-12 00:00:00+09:00,2469.705322265625,2469.705322265625,2469.705322265625,2469.705322265625,100,0.0,0.0
2000-09-13 00:00:00+09:00,2469.705322265625,2469.705322265625,2469.705322265625,2469.705322265625,0,0.0,0.0
2000-09-14 00:00:00+09:00,2469.705322265625,2469.705322265625,2469.705322265625,2469.705322265625,0,0.0,0.0
2000-09-15 00:00:00+09:00,2469.705322265625,2469.705322265625,2469.705322265625,2469.705322265625,0,0.0,0.0
2000-09-18 00:00:00+09:00,2469.705322265625,2469.705322265625,2469.705322265625,2469.705322265625,0,0.0,0.0
2000-09-19 00:00:00+09:00,2469.705322265625,2469.705322265625,2469.705322265625,2469.705322265625,0,0.0,0.0
2000-09-20 00:00:00+09:00,2469.705322265625,2469.705322265625,2469.705322265625,2469.705322265625,0,0.0,0.0
2000-09-21 00:00:00+09:00,2469.705322265625,2469.705322265625,2469.705322265625,2469.705322265625,0,0.0,0.0
2000-09-22 00:00:00+09:00,2381.501708984375,2381.501708984375,2381.501708984375,2381.501708984375,100,0.0,0.0
2000-09-25 00:00:00+09:00,2381.501708984375,2381.501708984375,2381.501708984375,2381.501708984375,0,0.0,0.0
2000-09-26 00:00:00+09:00,2469.705322265625,2469.705322265625,2469.705322265625,2469.705322265625,100,0.0,0.0
2000-09-27 00:00:00+09:00,2469.705322265625,2469.705322265625,2469.705322265625,2469.705322265625,100,0.0,0.0
2000-09-28 00:00:00+09:00,2513.807224079714,2602.010986328125,2469.7053429555085,2602.010986328125,600,0.0,0.0
2000-09-29 00:00:00+09:00,2602.010986328125,2602.010986328125,2602.010986328125,2602.010986328125,100,0.0,0.0
2000-10-02 00:00:00+09:00,2602.010986328125,2602.010986328125,2602.010986328125,2602.010986328125,0,0.0,0.0
2000-10-03 00:00:00+09:00,2602.010986328125,2602.010986328125,2602.010986328125,2602.010986328125,0,0.0,0.0
2000-10-04 00:00:00+09:00,2602.010986328125,2602.010986328125,2602.010986328125,2602.010986328125,0,0.0,0.0
2000-10-05 00:00:00+09:00,2602.010986328125,2602.010986328125,2602.010986328125,2602.010986328125,0,0.0,0.0
2000-10-06 00:00:00+09:00,2602.010986328125,2602.010986328125,2602.010986328125,2602.010986328125,0,0.0,0.0
2000-10-09 00:00:00+09:00,2602.010986328125,2602.010986328125,2602.010986328125,2602.010986328125,0,0.0,0.0
2000-10-10 00:00:00+09:00,2443.244384765625,2443.244384765625,2443.244384765625,2443.244384765625,100,0.0,0.0
2000-10-11 00:00:00+09:00,2443.244384765625,2443.244384765625,2443.244384765625,2443.244384765625,0,0.0,0.0
2000-10-12 00:00:00+09:00,2443.244384765625,2443.244384765625,2443.244384765625,2443.244384765625,0,0.0,0.0
2000-10-13 00:00:00+09:00,2443.244384765625,2443.244384765625,2443.244384765625,2443.244384765625,0,0.0,0.0
2000-10-16 00:00:00+09:00,2443.244384765625,2443.244384765625,2443.244384765625,2443.244384765625,0,0.0,0.0
2000-10-17 00:00:00+09:00,2205.093994140625,2205.093994140625,2205.093994140625,2205.093994140625,100,0.0,0.0
2000-10-18 00:00:00+09:00,2205.093994140625,2205.093994140625,2205.093994140625,2205.093994140625,0,0.0,0.0
2000-10-19 00:00:00+09:00,2205.093994140625,2205.093994140625,2205.093994140625,2205.093994140625,0,0.0,0.0
2000-10-20 00:00:00+09:00,2205.093994140625,2205.093994140625,2205.093994140625,2205.093994140625,0,0.0,0.0
2000-10-23 00:00:00+09:00,2205.093994140625,2205.093994140625,2205.093994140625,2205.093994140625,0,0.0,0.0
2000-10-24 00:00:00+09:00,2205.093994140625,2205.093994140625,2205.093994140625,2205.093994140625,0,0.0,0.0
2000-10-25 00:00:00+09:00,1940.48291015625,1940.48291015625,1940.48291015625,1940.48291015625,100,0.0,0.0
2000-10-26 00:00:00+09:00,1940.48291015625,1940.48291015625,1940.48291015625,1940.48291015625,0,0.0,0.0
2000-10-27 00:00:00+09:00,1940.48291015625,1940.48291015625,1940.48291015625,1940.48291015625,0,0.0,0.0
2000-10-30 00:00:00+09:00,1940.48291015625,1940.48291015625,1940.48291015625,1940.48291015625,0,0.0,0.0
2000-10-31 00:00:00+09:00,1843.4586181640625,1843.4586181640625,1843.4586181640625,1843.4586181640625,200,0.0,0.0
2000-11-01 00:00:00+09:00,1940.48291015625,1940.48291015625,1940.48291015625,1940.48291015625,100,0.0,0.0
2000-11-02 00:00:00+09:00,1940.48291015625,1940.48291015625,1940.48291015625,1940.48291015625,100,0.0,0.0
2000-11-03 00:00:00+09:00,1940.48291015625,1940.48291015625,1940.48291015625,1940.48291015625,0,0.0,0.0
2000-11-06 00:00:00+09:00,1940.48291015625,1940.48291015625,1940.48291015625,1940.48291015625,0,0.0,0.0
2000-11-07 00:00:00+09:00,1940.48291015625,1940.48291015625,1940.48291015625,1940.48291015625,0,0.0,0.0
2000-11-08 00:00:00+09:00,1940.48291015625,1940.48291015625,1940.48291015625,1940.48291015625,0,0.0,0.0
2000-11-09 00:00:00+09:00,1940.48291015625,1940.48291015625,1940.48291015625,1940.48291015625,0,0.0,0.0
2000-11-10 00:00:00+09:00,1808.1772234881366,2381.501708984375,1781.7160933883101,2381.501708984375,1000,0.0,0.0
2000-11-13 00:00:00+09:00,2372.681396484375,2372.681396484375,2372.681396484375,2372.681396484375,300,0.0,0.0
2000-11-14 00:00:00+09:00,2372.681396484375,2372.681396484375,2372.681396484375,2372.681396484375,100,0.0,0.0
2000-11-15 00:00:00+09:00,2372.681396484375,2372.681396484375,2372.681396484375,2372.681396484375,0,0.0,0.0
2000-11-16 00:00:00+09:00,2116.890306122449,2160.9921875,2116.890306122449,2160.9921875,200,0.0,0.0
2000-11-17 00:00:00+09:00,2160.9921875,2160.9921875,2160.9921875,2160.9921875,100,0.0,0.0
2000-11-20 00:00:00+09:00,2160.9921875,2160.9921875,2160.9921875,2160.9921875,0,0.0,0.0
2000-11-21 00:00:00+09:00,2160.9921875,2160.9921875,2160.9921875,2160.9921875,0,0.0,0.0
2000-11-22 00:00:00+09:00,2108.069580078125,2108.069580078125,2108.069580078125,2108.069580078125,100,0.0,0.0
2000-11-23 00:00:00+09:00,2108.069580078125,2108.069580078125,2108.069580078125,2108.069580078125,0,0.0,0.0
2000-11-24 00:00:00+09:00,2108.069580078125,2108.069580078125,2108.069580078125,2108.069580078125,0,0.0,0.0
2000-11-27 00:00:00+09:00,2108.069580078125,2108.069580078125,2108.069580078125,2108.069580078125,0,0.0,0.0
2000-11-28 00:00:00+09:00,2108.069580078125,2108.069580078125,2108.069580078125,2108.069580078125,0,0.0,0.0
2000-11-29 00:00:00+09:00,1949.3032226562498,1949.3032226562498,1949.3032226562498,1949.30322265625,400,0.0,0.0
2000-11-30 00:00:00+09:00,1949.3032226562498,1949.3032226562498,1949.3032226562498,1949.30322265625,200,0.0,0.0
2000-12-01 00:00:00+09:00,1949.3032226562498,1949.3032226562498,1949.3032226562498,1949.30322265625,0,0.0,0.0
2000-12-04 00:00:00+09:00,1949.3032226562498,1949.3032226562498,1949.3032226562498,1949.30322265625,0,0.0,0.0
2000-12-05 00:00:00+09:00,1949.3032226562498,1949.3032226562498,1949.3032226562498,1949.30322265625,0,0.0,0.0
2000-12-06 00:00:00+09:00,1949.3032226562498,1949.3032226562498,1949.3032226562498,1949.30322265625,0,0.0,0.0
2000-12-07 00:00:00+09:00,1949.3032226562498,1949.3032226562498,1949.3032226562498,1949.30322265625,0,0.0,0.0
2000-12-08 00:00:00+09:00,1861.099386882312,1861.099386882312,1790.536376953125,1790.536376953125,400,0.0,0.0
2000-12-11 00:00:00+09:00,1790.536376953125,1790.536376953125,1790.536376953125,1790.536376953125,0,0.0,0.0
2000-12-12 00:00:00+09:00,1790.536376953125,1790.536376953125,1790.536376953125,1790.536376953125,0,0.0,0.0
2000-12-13 00:00:00+09:00,1790.536376953125,1790.536376953125,1790.536376953125,1790.536376953125,0,0.0,0.0
2000-12-14 00:00:00+09:00,1790.536376953125,1790.536376953125,1790.536376953125,1790.536376953125,0,0.0,0.0
2000-12-15 00:00:00+09:00,1764.0751953125,1764.0751953125,1764.0751953125,1764.0751953125,200,0.0,0.0
2000-12-18 00:00:00+09:00,1764.0751953125,1764.0751953125,1764.0751953125,1764.0751953125,0,0.0,0.0
2000-12-19 00:00:00+09:00,1764.0751953125,1764.0751953125,1764.0751953125,1764.0751953125,0,0.0,0.0
2000-12-20 00:00:00+09:00,1649.4103778545673,1719.973388671875,1649.4103778545673,1719.973388671875,400,0.0,0.0
2000-12-21 00:00:00+09:00,1719.973388671875,1719.973388671875,1719.973388671875,1719.973388671875,0,0.0,0.0
2000-12-22 00:00:00+09:00,1719.9732594209559,1719.9732594209559,1499.4638671875,1499.4638671875,200,0.0,0.0
2000-12-25 00:00:00+09:00,1499.4638671875,1499.4638671875,1499.4638671875,1499.4638671875,0,0.0,0.0
2000-12-26 00:00:00+09:00,1693.51220703125,1693.51220703125,1693.51220703125,1693.51220703125,100,0.0,0.0
2000-12-27 00:00:00+09:00,1693.51220703125,1693.51220703125,1693.51220703125,1693.51220703125,0,0.0,0.0
2000-12-28 00:00:00+09:00,1719.973388671875,1719.973388671875,1719.973388671875,1719.973388671875,100,0.0,0.0
2000-12-29 00:00:00+09:00,1719.973388671875,1719.973388671875,1719.973388671875,1719.973388671875,0,0.0,0.0
2001-01-01 00:00:00+09:00,1719.973388671875,1719.973388671875,1719.973388671875,1719.973388671875,0,0.0,0.0
2001-01-02 00:00:00+09:00,1719.973388671875,1719.973388671875,1719.973388671875,1719.973388671875,0,0.0,0.0
2001-01-03 00:00:00+09:00,1719.973388671875,1719.973388671875,1719.973388671875,1719.973388671875,0,0.0,0.0
2001-01-04 00:00:00+09:00,1499.4638671875,1499.4638671875,1499.4638671875,1499.4638671875,100,0.0,0.0
2001-01-05 00:00:00+09:00,1499.4638671875,1499.4638671875,1499.4638671875,1499.4638671875,100,0.0,0.0
2001-01-08 00:00:00+09:00,1499.4638671875,1499.4638671875,1499.4638671875,1499.4638671875,0,0.0,0.0
2001-01-09 00:00:00+09:00,1499.4638671875,1499.4638671875,1499.4638671875,1499.4638671875,0,0.0,0.0
2001-01-10 00:00:00+09:00,1499.4638671875,1499.4638671875,1499.4638671875,1499.4638671875,0,0.0,0.0
2001-01-11 00:00:00+09:00,1499.4638671875,1499.4638671875,1499.4638671875,1499.4638671875,0,0.0,0.0
2001-01-12 00:00:00+09:00,1499.4638671875,1499.4638671875,1499.4638671875,1499.4638671875,0,0.0,0.0
2001-01-15 00:00:00+09:00,1499.4638671875,1499.4638671875,1499.4638671875,1499.4638671875,0,0.0,0.0
2001-01-16 00:00:00+09:00,1499.4638671875,1499.4638671875,1499.4638671875,1499.4638671875,0,0.0,0.0
2001-01-17 00:00:00+09:00,1499.4638671875,1499.4638671875,1499.4638671875,1499.4638671875,0,0.0,0.0
2001-01-18 00:00:00+09:00,1499.4638671875,1499.4638671875,1499.4638671875,1499.4638671875,0,0.0,0.0
2001-01-19 00:00:00+09:00,1411.26025390625,1411.26025390625,1411.26025390625,1411.26025390625,500,0.0,0.0
2001-01-22 00:00:00+09:00,1411.26025390625,1411.26025390625,1411.26025390625,1411.26025390625,0,0.0,0.0
2001-01-23 00:00:00+09:00,1411.26025390625,1411.26025390625,1411.26025390625,1411.26025390625,0,0.0,0.0
2001-01-24 00:00:00+09:00,1411.26025390625,1411.26025390625,1411.26025390625,1411.26025390625,0,0.0,0.0
2001-01-25 00:00:00+09:00,1411.26025390625,1411.26025390625,1411.26025390625,1411.26025390625,0,0.0,0.0
2001-01-26 00:00:00+09:00,1411.26025390625,1411.26025390625,1411.26025390625,1411.26025390625,0,0.0,0.0
2001-01-29 00:00:00+09:00,1411.26025390625,1411.26025390625,1411.26025390625,1411.26025390625,0,0.0,0.0
2001-01-30 00:00:00+09:00,1411.26025390625,1411.26025390625,1411.26025390625,1411.26025390625,0,0.0,0.0
2001-01-31 00:00:00+09:00,1499.4638671875,1499.4638671875,1499.4638671875,1499.4638671875,300,0.0,0.0
2001-02-01 00:00:00+09:00,1499.4638671875,1499.4638671875,1499.4638671875,1499.4638671875,0,0.0,0.0
2001-02-02 00:00:00+09:00,1323.0562744140625,1323.0562744140625,1323.0562744140625,1323.0562744140625,100,0.0,0.0
2001-02-05 00:00:00+09:00,1323.0562744140625,1323.0562744140625,1323.0562744140625,1323.0562744140625,0,0.0,0.0
2001-02-06 00:00:00+09:00,1323.0562744140625,1323.0562744140625,1323.0562744140625,1323.0562744140625,600,0.0,0.0
2001-02-07 00:00:00+09:00,1323.0562744140625,1323.0562744140625,1323.0562744140625,1323.0562744140625,0,0.0,0.0
2001-02-08 00:00:00+09:00,1543.5657958984375,1543.5657958984375,1543.5657958984375,1543.5657958984375,200,0.0,0.0
2001-02-09 00:00:00+09:00,1543.5657958984375,1543.5657958984375,1543.5657958984375,1543.5657958984375,0,0.0,0.0
2001-02-12 00:00:00+09:00,1543.5657958984375,1543.5657958984375,1543.5657958984375,1543.5657958984375,0,0.0,0.0
2001-02-13 00:00:00+09:00,1543.5657958984375,1543.5657958984375,1543.5657958984375,1543.5657958984375,0,0.0,0.0
2001-02-14 00:00:00+09:00,1331.8768310546875,1331.8768310546875,1331.8768310546875,1331.8768310546875,100,0.0,0.0
2001-02-15 00:00:00+09:00,1331.8768310546875,1331.8768310546875,1331.8768310546875,1331.8768310546875,0,0.0,0.0
2001-02-16 00:00:00+09:00,1331.8768310546875,1331.8768310546875,1331.8768310546875,1331.8768310546875,0,0.0,0.0
2001-02-19 00:00:00+09:00,1331.8768310546875,1331.8768310546875,1331.8768310546875,1331.8768310546875,0,0.0,0.0
2001-02-20 00:00:00+09:00,1331.8768310546875,1331.8768310546875,1331.8768310546875,1331.8768310546875,0,0.0,0.0
2001-02-21 00:00:00+09:00,1331.8768310546875,1331.8768310546875,1331.8768310546875,1331.8768310546875,0,0.0,0.0
2001-02-22 00:00:00+09:00,1331.8768310546875,1331.8768310546875,1331.8768310546875,1331.8768310546875,0,0.0,0.0
2001-02-23 00:00:00+09:00,1340.6971435546875,1340.6971435546875,1340.6971435546875,1340.6971435546875,100,0.0,0.0
2001-02-26 00:00:00+09:00,1349.5175194991261,1349.5175194991261,1340.6971435546875,1340.6971435546875,200,0.0,0.0
2001-02-27 00:00:00+09:00,1340.6971435546875,1340.6971435546875,1340.6971435546875,1340.6971435546875,0,0.0,0.0
2001-02-28 00:00:00+09:00,1340.6971435546875,1340.6971435546875,1340.6971435546875,1340.6971435546875,0,0.0,0.0
2001-03-01 00:00:00+09:00,1446.541748046875,1446.541748046875,1446.541748046875,1446.541748046875,100,0.0,0.0
2001-03-02 00:00:00+09:00,1455.362088111139,1464.1824644027217,1340.6971963205644,1367.1583251953125,600,0.0,0.0
2001-03-05 00:00:00+09:00,1367.1583251953125,1367.1583251953125,1367.1583251953125,1367.1583251953125,0,0.0,0.0
2001-03-06 00:00:00+09:00,1464.1824951171875,1464.1824951171875,1464.1824951171875,1464.1824951171875,100,0.0,0.0
2001-03-07 00:00:00+09:00,1464.1824951171875,1464.1824951171875,1464.1824951171875,1464.1824951171875,0,0.0,0.0
2001-03-08 00:00:00+09:00,1464.1823644301471,1499.4638671875,1464.1823644301471,1499.4638671875,300,0.0,0.0
2001-03-09 00:00:00+09:00,1499.4638671875,1499.4638671875,1499.4638671875,1499.4638671875,0,0.0,0.0
2001-03-12 00:00:00+09:00,1675.871435546875,1764.0751953125,1675.871435546875,1764.0751953125,500,0.0,0.0
2001-03-13 00:00:00+09:00,1764.0751953125,1764.0751953125,1764.0751953125,1764.0751953125,200,0.0,0.0
2001-03-14 00:00:00+09:00,1764.0751953125,1764.0751953125,1764.0751953125,1764.0751953125,0,0.0,0.0
2001-03-15 00:00:00+09:00,2160.9921875,2169.81256377551,2160.9921875,2160.9921875,700,0.0,0.0
2001-03-16 00:00:00+09:00,1940.482810454843,1940.482810454843,1675.8715181200917,1684.69189453125,2600,0.0,0.0
2001-03-19 00:00:00+09:00,1675.8715069110576,1719.973388671875,1675.8715069110576,1719.973388671875,2100,0.0,0.0
2001-03-20 00:00:00+09:00,1719.973388671875,1719.973388671875,1719.973388671875,1719.973388671875,0,0.0,0.0
2001-03-21 00:00:00+09:00,1719.9733404862254,1719.9733404862254,1675.8714599609375,1675.8714599609375,900,0.0,0.0
2001-03-22 00:00:00+09:00,1675.8714961526382,1755.2548828125,1675.8714961526382,1755.2548828125,1600,0.0,0.0
2001-03-23 00:00:00+09:00,1755.2548828125,1755.2548828125,1755.2548828125,1755.2548828125,0,0.0,0.0
2001-03-26 00:00:00+09:00,1755.2548828125,1755.2548828125,1755.2548828125,1755.2548828125,0,0.0,0.0
2001-03-27 00:00:00+09:00,1759.6761474609375,1759.6761474609375,1759.6761474609375,1759.6761474609375,0,5.0,0.0
2001-03-28 00:00:00+09:00,1759.6761474609375,1759.6761474609375,1759.6761474609375,1759.6761474609375,0,0.0,0.0
2001-03-29 00:00:00+09:00,1759.6761474609375,1759.6761474609375,1759.6761474609375,1759.6761474609375,0,0.0,0.0
2001-03-30 00:00:00+09:00,1733.14830926452,1750.83349609375,1724.3057158499053,1750.83349609375,1200,0.0,0.0
2001-04-02 00:00:00+09:00,1750.8335646725773,1750.8335646725773,1573.981689453125,1573.981689453125,300,0.0,0.0
2001-04-03 00:00:00+09:00,1573.981689453125,1573.981689453125,1573.981689453125,1573.981689453125,0,0.0,0.0
2001-04-04 00:00:00+09:00,1741.9909026791352,1750.83349609375,1741.9909026791352,1750.83349609375,400,0.0,0.0
2001-04-05 00:00:00+09:00,1750.83349609375,1750.83349609375,1750.83349609375,1750.83349609375,0,0.0,0.0
2001-04-06 00:00:00+09:00,1750.83349609375,1750.83349609375,1750.83349609375,1750.83349609375,0,0.0,0.0
2001-04-09 00:00:00+09:00,1768.5186767578125,1768.5186767578125,1759.6760833740234,1768.5186767578125,800,0.0,0.0
2001-04-10 00:00:00+09:00,1768.5186767578125,1768.5186767578125,1768.5186767578125,1768.5186767578125,0,0.0,0.0
2001-04-11 00:00:00+09:00,1768.5186767578125,1768.5186767578125,1768.5186767578125,1768.5186767578125,0,0.0,0.0
2001-04-12 00:00:00+09:00,1768.5186767578125,1768.5186767578125,1768.5186767578125,1768.5186767578125,0,0.0,0.0
2001-04-13 00:00:00+09:00,1768.5186767578125,1768.5186767578125,1768.5186767578125,1768.5186767578125,0,0.0,0.0
2001-04-16 00:00:00+09:00,1768.5186767578125,1768.5186767578125,1768.5186767578125,1768.5186767578125,0,0.0,0.0
2001-04-17 00:00:00+09:00,1768.5186767578125,1768.5186767578125,1768.5186767578125,1768.5186767578125,0,0.0,0.0
2001-04-18 00:00:00+09:00,1724.3057861328125,1724.3057861328125,1724.3057861328125,1724.3057861328125,100,0.0,0.0
2001-04-19 00:00:00+09:00,1724.3057861328125,1724.3057861328125,1724.3057861328125,1724.3057861328125,0,0.0,0.0
2001-04-20 00:00:00+09:00,1591.666748046875,1591.666748046875,1591.666748046875,1591.666748046875,300,0.0,0.0
2001-04-23 00:00:00+09:00,1635.8797607421875,1635.8797607421875,1635.8797607421875,1635.8797607421875,100,0.0,0.0
2001-04-24 00:00:00+09:00,1759.6760833740234,1768.5186767578125,1759.6760833740234,1768.5186767578125,200,0.0,0.0
2001-04-25 00:00:00+09:00,1750.833461216518,1768.5186476934525,1671.2501220703125,1671.2501220703125,500,0.0,0.0
2001-04-26 00:00:00+09:00,1750.833461216518,1768.5186476934525,1671.2501220703125,1671.2501220703125,500,0.0,0.0
2001-04-27 00:00:00+09:00,1688.9354248046875,1688.9354248046875,1688.9354248046875,1688.9354248046875,200,0.0,0.0
2001-04-30 00:00:00+09:00,1688.9354248046875,1688.9354248046875,1688.9354248046875,1688.9354248046875,0,0.0,0.0
2001-05-01 00:00:00+09:00,1688.9354248046875,1688.9354248046875,1688.9354248046875,1688.9354248046875,0,0.0,0.0
2001-05-02 00:00:00+09:00,1680.0927734375,1680.0927734375,1680.0927734375,1680.0927734375,100,0.0,0.0
2001-05-03 00:00:00+09:00,1680.0927734375,1680.0927734375,1680.0927734375,1680.0927734375,0,0.0,0.0
2001-05-04 00:00:00+09:00,1680.0927734375,1680.0927734375,1680.0927734375,1680.0927734375,0,0.0,0.0
2001-05-07 00:00:00+09:00,1680.0927734375,1680.0927734375,1680.0927734375,1680.0927734375,100,0.0,0.0
2001-05-08 00:00:00+09:00,1680.0927734375,1680.0927734375,1680.0927734375,1680.0927734375,100,0.0,0.0
2001-05-09 00:00:00+09:00,1680.0927734375,1680.0927734375,1680.0927734375,1680.0927734375,200,0.0,0.0
2001-05-10 00:00:00+09:00,1680.0927734375,1680.0927734375,1680.0927734375,1680.0927734375,0,0.0,0.0
2001-05-11 00:00:00+09:00,1680.0927734375,1680.0927734375,1680.0927734375,1680.0927734375,0,0.0,0.0
2001-05-14 00:00:00+09:00,1680.0927734375,1680.0927734375,1680.0927734375,1680.0927734375,0,0.0,0.0
2001-05-15 00:00:00+09:00,1688.935366981908,1688.935366981908,1680.0927734375,1680.0927734375,200,0.0,0.0
2001-05-16 00:00:00+09:00,1680.0927734375,1680.0927734375,1680.0927734375,1680.0927734375,0,0.0,0.0
2001-05-17 00:00:00+09:00,1680.0927734375,1680.0927734375,1680.0927734375,1680.0927734375,200,0.0,0.0
2001-05-18 00:00:00+09:00,1680.0927734375,1680.0927734375,1680.0927734375,1680.0927734375,200,0.0,0.0
2001-05-21 00:00:00+09:00,1680.0927734375,1680.0927734375,1680.0927734375,1680.0927734375,0,0.0,0.0
2001-05-22 00:00:00+09:00,1680.0927734375,1680.0927734375,1680.0927734375,1680.0927734375,0,0.0,0.0
2001-05-23 00:00:00+09:00,1680.0927734375,1680.0927734375,1680.0927734375,1680.0927734375,0,0.0,0.0
2001-05-24 00:00:00+09:00,1680.0927734375,1680.0927734375,1680.0927734375,1680.0927734375,0,0.0,0.0
2001-05-25 00:00:00+09:00,1680.0927734375,1680.0927734375,1680.0927734375,1680.0927734375,0,0.0,0.0
2001-05-28 00:00:00+09:00,1680.0927734375,1680.0927734375,1680.0927734375,1680.0927734375,0,0.0,0.0
2001-05-29 00:00:00+09:00,1680.0927734375,1680.0927734375,1680.0927734375,1680.0927734375,0,0.0,0.0
2001-05-30 00:00:00+09:00,1680.0927734375,1680.0927734375,1680.0927734375,1680.0927734375,0,0.0,0.0
2001-05-31 00:00:00+09:00,1680.0927734375,1680.0927734375,1680.0927734375,1680.0927734375,0,0.0,0.0
2001-06-01 00:00:00+09:00,1556.2962646484375,1556.2962646484375,1556.2962646484375,1556.2962646484375,300,0.0,0.0
2001-06-04 00:00:00+09:00,1556.2962646484375,1556.2962646484375,1556.2962646484375,1556.2962646484375,0,0.0,0.0
2001-06-05 00:00:00+09:00,1556.2962646484375,1556.2962646484375,1556.2962646484375,1556.2962646484375,0,0.0,0.0
2001-06-06 00:00:00+09:00,1556.2962646484375,1556.2962646484375,1556.2962646484375,1556.2962646484375,0,0.0,0.0
2001-06-07 00:00:00+09:00,1556.2962646484375,1556.2962646484375,1556.2962646484375,1556.2962646484375,0,0.0,0.0
2001-06-08 00:00:00+09:00,1556.2962646484375,1556.2962646484375,1556.2962646484375,1556.2962646484375,0,0.0,0.0
2001-06-11 00:00:00+09:00,1556.2962646484375,1556.2962646484375,1556.2962646484375,1556.2962646484375,0,0.0,0.0
2001-06-12 00:00:00+09:00,1556.2962646484375,1556.2962646484375,1556.2962646484375,1556.2962646484375,0,0.0,0.0
2001-06-13 00:00:00+09:00,1237.963134765625,1237.963134765625,1237.963134765625,1237.963134765625,500,0.0,0.0
2001-06-14 00:00:00+09:00,1237.963134765625,1237.963134765625,1237.963134765625,1237.963134765625,3500,0.0,0.0
2001-06-15 00:00:00+09:00,1237.963134765625,1237.963134765625,1237.963134765625,1237.963134765625,0,0.0,0.0
2001-06-18 00:00:00+09:00,1414.8150634765625,1414.8150634765625,1414.8150634765625,1414.8150634765625,300,0.0,0.0
2001-06-19 00:00:00+09:00,1414.8150634765625,1414.8150634765625,1414.8150634765625,1414.8150634765625,0,0.0,0.0
2001-06-20 00:00:00+09:00,1414.8150634765625,1414.8150634765625,1414.8150634765625,1414.8150634765625,0,0.0,0.0
2001-06-21 00:00:00+09:00,1414.8150634765625,1414.8150634765625,1414.8150634765625,1414.8150634765625,0,0.0,0.0
2001-06-22 00:00:00+09:00,1326.388916015625,1326.388916015625,1326.388916015625,1326.388916015625,1300,0.0,0.0
2001-06-25 00:00:00+09:00,1326.388916015625,1326.388916015625,1326.388916015625,1326.388916015625,0,0.0,0.0
2001-06-26 00:00:00+09:00,1326.3891768782107,1326.3891768782107,1291.018798828125,1291.018798828125,300,0.0,0.0
2001-06-27 00:00:00+09:00,1326.388916015625,1326.388916015625,1326.388916015625,1326.388916015625,400,0.0,0.0
2001-06-28 00:00:00+09:00,1335.231689453125,1335.231689453125,1335.231689453125,1335.231689453125,100,0.0,0.0
2001-06-29 00:00:00+09:00,1335.2315087890624,1335.2315087890624,1326.388916015625,1326.388916015625,500,0.0,0.0
2001-07-02 00:00:00+09:00,1326.388916015625,1326.388916015625,1326.388916015625,1326.388916015625,0,0.0,0.0
2001-07-03 00:00:00+09:00,1264.49072265625,1264.49072265625,1264.49072265625,1264.49072265625,600,0.0,0.0
2001-07-04 00:00:00+09:00,1326.388916015625,1326.388916015625,1326.388916015625,1326.388916015625,200,0.0,0.0
2001-07-05 00:00:00+09:00,1326.388916015625,1326.388916015625,1326.388916015625,1326.388916015625,0,0.0,0.0
2001-07-06 00:00:00+09:00,1282.176025390625,1282.176025390625,1282.176025390625,1282.176025390625,200,0.0,0.0
2001-07-09 00:00:00+09:00,1282.176025390625,1282.176025390625,1282.176025390625,1282.176025390625,100,0.0,0.0
2001-07-10 00:00:00+09:00,1282.176025390625,1282.176025390625,1282.176025390625,1282.176025390625,0,0.0,0.0
2001-07-11 00:00:00+09:00,1282.176025390625,1282.176025390625,1282.176025390625,1282.176025390625,0,0.0,0.0
2001-07-12 00:00:00+09:00,1282.176025390625,1282.176025390625,1282.176025390625,1282.176025390625,0,0.0,0.0
2001-07-13 00:00:00+09:00,1282.176025390625,1282.176025390625,1282.176025390625,1282.176025390625,0,0.0,0.0
2001-07-16 00:00:00+09:00,1282.176025390625,1282.176025390625,1282.176025390625,1282.176025390625,0,0.0,0.0
2001-07-17 00:00:00+09:00,1282.176025390625,1282.176025390625,1282.176025390625,1282.176025390625,0,0.0,0.0
2001-07-18 00:00:00+09:00,1326.3891103316325,1326.3891103316325,1299.861328125,1299.861328125,500,0.0,0.0
2001-07-19 00:00:00+09:00,1299.861328125,1299.861328125,1299.861328125,1299.861328125,0,0.0,0.0
2001-07-20 00:00:00+09:00,1299.861328125,1299.861328125,1299.861328125,1299.861328125,0,0.0,0.0
2001-07-23 00:00:00+09:00,1299.861328125,1299.861328125,1299.861328125,1299.861328125,0,0.0,0.0
2001-07-24 00:00:00+09:00,1299.861328125,1299.861328125,1299.861328125,1299.861328125,0,0.0,0.0
2001-07-25 00:00:00+09:00,1264.49072265625,1264.49072265625,1264.49072265625,1264.49072265625,100,0.0,0.0
2001-07-26 00:00:00+09:00,1176.065185546875,1176.065185546875,1176.065185546875,1176.065185546875,100,0.0,0.0
2001-07-27 00:00:00+09:00,1176.065185546875,1176.065185546875,1176.065185546875,1176.065185546875,0,0.0,0.0
2001-07-30 00:00:00+09:00,1176.065185546875,1176.065185546875,1176.065185546875,1176.065185546875,0,0.0,0.0
2001-07-31 00:00:00+09:00,1176.065185546875,1176.065185546875,1176.065185546875,1176.065185546875,0,0.0,0.0
2001-08-01 00:00:00+09:00,1176.065185546875,1176.065185546875,1176.065185546875,1176.065185546875,0,0.0,0.0
2001-08-02 00:00:00+09:00,1176.065185546875,1176.065185546875,1176.065185546875,1176.065185546875,0,0.0,0.0
2001-08-03 00:00:00+09:00,1220.278076171875,1220.278076171875,1220.278076171875,1220.278076171875,1100,0.0,0.0
2001-08-06 00:00:00+09:00,1220.278076171875,1220.278076171875,1220.278076171875,1220.278076171875,0,0.0,0.0
2001-08-07 00:00:00+09:00,1220.278076171875,1220.278076171875,1220.278076171875,1220.278076171875,0,0.0,0.0
2001-08-08 00:00:00+09:00,1220.278076171875,1220.278076171875,1220.278076171875,1220.278076171875,0,0.0,0.0
2001-08-09 00:00:00+09:00,1326.388916015625,1326.388916015625,1326.388916015625,1326.388916015625,300,0.0,0.0
2001-08-10 00:00:00+09:00,1326.388916015625,1326.388916015625,1326.388916015625,1326.388916015625,0,0.0,0.0
2001-08-13 00:00:00+09:00,1326.388916015625,1326.388916015625,1326.388916015625,1326.388916015625,0,0.0,0.0
2001-08-14 00:00:00+09:00,1326.388916015625,1326.388916015625,1326.388916015625,1326.388916015625,0,0.0,0.0
2001-08-15 00:00:00+09:00,1326.388916015625,1326.388916015625,1326.388916015625,1326.388916015625,0,0.0,0.0
2001-08-16 00:00:00+09:00,1326.388916015625,1326.388916015625,1326.388916015625,1326.388916015625,0,0.0,0.0
2001-08-17 00:00:00+09:00,1282.176025390625,1282.176025390625,1282.176025390625,1282.176025390625,100,0.0,0.0
2001-08-20 00:00:00+09:00,1326.388916015625,1326.388916015625,1326.388916015625,1326.388916015625,200,0.0,0.0
2001-08-21 00:00:00+09:00,1326.388916015625,1326.388916015625,1326.388916015625,1326.388916015625,0,0.0,0.0
2001-08-22 00:00:00+09:00,1326.388916015625,1326.388916015625,1326.388916015625,1326.388916015625,0,0.0,0.0
2001-08-23 00:00:00+09:00,1326.388916015625,1326.388916015625,1326.388916015625,1326.388916015625,0,0.0,0.0
2001-08-24 00:00:00+09:00,1237.963134765625,1237.963134765625,1237.963134765625,1237.963134765625,200,0.0,0.0
2001-08-27 00:00:00+09:00,1237.963134765625,1237.963134765625,1237.963134765625,1237.963134765625,0,0.0,0.0
2001-08-28 00:00:00+09:00,1237.963134765625,1237.963134765625,1237.963134765625,1237.963134765625,0,0.0,0.0
2001-08-29 00:00:00+09:00,1237.963134765625,1237.963134765625,1237.963134765625,1237.963134765625,0,0.0,0.0
2001-08-30 00:00:00+09:00,1237.963134765625,1237.963134765625,1237.963134765625,1237.963134765625,100,0.0,0.0
2001-08-31 00:00:00+09:00,1237.963134765625,1237.963134765625,1237.963134765625,1237.963134765625,0,0.0,0.0
2001-09-03 00:00:00+09:00,1282.176025390625,1282.176025390625,1282.176025390625,1282.176025390625,100,0.0,0.0
2001-09-04 00:00:00+09:00,1282.176025390625,1282.176025390625,1282.176025390625,1282.176025390625,0,0.0,0.0
2001-09-05 00:00:00+09:00,1282.176025390625,1282.176025390625,1282.176025390625,1282.176025390625,0,0.0,0.0
2001-09-06 00:00:00+09:00,1326.3889917834051,1326.3889917834051,1282.176025390625,1282.176025390625,300,0.0,0.0
2001-09-07 00:00:00+09:00,1282.176025390625,1282.176025390625,1282.176025390625,1282.176025390625,0,0.0,0.0
2001-09-10 00:00:00+09:00,1282.176025390625,1282.176025390625,1282.176025390625,1282.176025390625,0,0.0,0.0
2001-09-11 00:00:00+09:00,1282.176025390625,1282.176025390625,1282.176025390625,1282.176025390625,0,0.0,0.0
2001-09-12 00:00:00+09:00,1282.176025390625,1282.176025390625,1282.176025390625,1282.176025390625,0,0.0,0.0
2001-09-13 00:00:00+09:00,1282.176025390625,1282.176025390625,1282.176025390625,1282.176025390625,0,0.0,0.0
2001-09-14 00:00:00+09:00,1282.176025390625,1282.176025390625,1282.176025390625,1282.176025390625,0,0.0,0.0
2001-09-17 00:00:00+09:00,1282.176025390625,1282.176025390625,1282.176025390625,1282.176025390625,0,0.0,0.0
2001-09-18 00:00:00+09:00,1282.176025390625,1282.176025390625,1282.176025390625,1282.176025390625,0,0.0,0.0
2001-09-19 00:00:00+09:00,1282.176025390625,1282.176025390625,1282.176025390625,1282.176025390625,200,0.0,0.0
2001-09-20 00:00:00+09:00,1282.176025390625,1282.176025390625,1282.176025390625,1282.176025390625,0,0.0,0.0
2001-09-21 00:00:00+09:00,1237.963134765625,1237.963134765625,1237.963134765625,1237.963134765625,100,0.0,0.0
2001-09-24 00:00:00+09:00,1237.963134765625,1237.963134765625,1237.963134765625,1237.963134765625,0,0.0,0.0
2001-09-25 00:00:00+09:00,1237.963134765625,1237.963134765625,1237.963134765625,1237.963134765625,0,0.0,0.0
2001-09-26 00:00:00+09:00,1237.963134765625,1237.963134765625,1237.963134765625,1237.963134765625,0,0.0,0.0
2001-09-27 00:00:00+09:00,1237.963134765625,1237.963134765625,1237.963134765625,1237.963134765625,0,0.0,0.0
2001-09-28 00:00:00+09:00,1237.963134765625,1237.963134765625,1237.963134765625,1237.963134765625,0,0.0,0.0
2001-10-01 00:00:00+09:00,1237.963134765625,1237.963134765625,1237.963134765625,1237.963134765625,0,0.0,0.0
2001-10-02 00:00:00+09:00,1237.963134765625,1237.963134765625,1237.963134765625,1237.963134765625,0,0.0,0.0
2001-10-03 00:00:00+09:00,1237.963134765625,1237.963134765625,1237.963134765625,1237.963134765625,0,0.0,0.0
2001-10-04 00:00:00+09:00,1291.018798828125,1291.018798828125,1291.018798828125,1291.018798828125,100,0.0,0.0
2001-10-05 00:00:00+09:00,1291.018798828125,1291.018798828125,1291.018798828125,1291.018798828125,0,0.0,0.0
2001-10-08 00:00:00+09:00,1291.018798828125,1291.018798828125,1291.018798828125,1291.018798828125,0,0.0,0.0
2001-10-09 00:00:00+09:00,1291.018798828125,1291.018798828125,1291.018798828125,1291.018798828125,0,0.0,0.0
2001-10-10 00:00:00+09:00,1291.018798828125,1291.018798828125,1291.018798828125,1291.018798828125,0,0.0,0.0
2001-10-11 00:00:00+09:00,1291.018798828125,1291.018798828125,1291.018798828125,1291.018798828125,0,0.0,0.0
2001-10-12 00:00:00+09:00,1291.018798828125,1291.018798828125,1291.018798828125,1291.018798828125,0,0.0,0.0
2001-10-15 00:00:00+09:00,1291.018798828125,1291.018798828125,1291.018798828125,1291.018798828125,0,0.0,0.0
2001-10-16 00:00:00+09:00,1291.018798828125,1291.018798828125,1291.018798828125,1291.018798828125,0,0.0,0.0
2001-10-17 00:00:00+09:00,1291.018798828125,1291.018798828125,1291.018798828125,1291.018798828125,0,0.0,0.0
2001-10-18 00:00:00+09:00,1291.018798828125,1291.018798828125,1291.018798828125,1291.018798828125,0,0.0,0.0
2001-10-19 00:00:00+09:00,1291.018798828125,1291.018798828125,1291.018798828125,1291.018798828125,0,0.0,0.0
2001-10-22 00:00:00+09:00,1291.018798828125,1291.018798828125,1291.018798828125,1291.018798828125,0,0.0,0.0
2001-10-23 00:00:00+09:00,1291.018798828125,1291.018798828125,1291.018798828125,1291.018798828125,0,0.0,0.0
2001-10-24 00:00:00+09:00,1237.963134765625,1237.963134765625,1237.963134765625,1237.963134765625,100,0.0,0.0
2001-10-25 00:00:00+09:00,1237.963134765625,1237.963134765625,1237.963134765625,1237.963134765625,300,0.0,0.0
2001-10-26 00:00:00+09:00,1237.963134765625,1237.963134765625,1237.963134765625,1237.963134765625,0,0.0,0.0
2001-10-29 00:00:00+09:00,1237.963134765625,1237.963134765625,1237.963134765625,1237.963134765625,0,0.0,0.0
2001-10-30 00:00:00+09:00,1326.388916015625,1326.388916015625,1326.388916015625,1326.388916015625,300,0.0,0.0
2001-10-31 00:00:00+09:00,1326.388916015625,1326.388916015625,1326.388916015625,1326.388916015625,300,0.0,0.0
2001-11-01 00:00:00+09:00,1326.388916015625,1326.388916015625,1326.388916015625,1326.388916015625,0,0.0,0.0
2001-11-02 00:00:00+09:00,1326.388916015625,1326.388916015625,1326.388916015625,1326.388916015625,100,0.0,0.0
2001-11-05 00:00:00+09:00,1326.388916015625,1326.388916015625,1326.388916015625,1326.388916015625,0,0.0,0.0
2001-11-06 00:00:00+09:00,1326.388916015625,1326.388916015625,1326.388916015625,1326.388916015625,0,0.0,0.0
2001-11-07 00:00:00+09:00,1326.388916015625,1326.388916015625,1326.388916015625,1326.388916015625,0,0.0,0.0
2001-11-08 00:00:00+09:00,1167.2223543356392,1167.2223543356392,1158.3797607421875,1158.3797607421875,500,0.0,0.0
2001-11-09 00:00:00+09:00,1158.3797607421875,1158.3797607421875,1158.3797607421875,1158.3797607421875,0,0.0,0.0
2001-11-12 00:00:00+09:00,1061.1112060546875,1061.1112060546875,1061.1112060546875,1061.1112060546875,300,0.0,0.0
2001-11-13 00:00:00+09:00,1061.1112060546875,1061.1112060546875,1061.1112060546875,1061.1112060546875,0,0.0,0.0
2001-11-14 00:00:00+09:00,1061.1112060546875,1061.1112060546875,1061.1112060546875,1061.1112060546875,0,0.0,0.0
2001-11-15 00:00:00+09:00,1061.1112060546875,1061.1112060546875,1061.1112060546875,1061.1112060546875,0,0.0,0.0
2001-11-16 00:00:00+09:00,1167.222412109375,1167.222412109375,1167.222412109375,1167.222412109375,100,0.0,0.0
2001-11-19 00:00:00+09:00,1167.222412109375,1167.222412109375,1167.222412109375,1167.222412109375,0,0.0,0.0
2001-11-20 00:00:00+09:00,1167.222412109375,1167.222412109375,1167.222412109375,1167.222412109375,0,0.0,0.0
2001-11-21 00:00:00+09:00,1193.750244140625,1193.750244140625,1193.750244140625,1193.750244140625,100,0.0,0.0
2001-11-22 00:00:00+09:00,1193.750244140625,1193.750244140625,1193.750244140625,1193.750244140625,0,0.0,0.0
2001-11-23 00:00:00+09:00,1193.750244140625,1193.750244140625,1193.750244140625,1193.750244140625,0,0.0,0.0
2001-11-26 00:00:00+09:00,1193.750244140625,1193.750244140625,1193.750244140625,1193.750244140625,0,0.0,0.0
2001-11-27 00:00:00+09:00,1193.750244140625,1193.750244140625,1193.750244140625,1193.750244140625,0,0.0,0.0
2001-11-28 00:00:00+09:00,937.3148803710938,937.3148803710938,937.3148803710938,937.3148803710938,100,0.0,0.0
2001-11-29 00:00:00+09:00,937.3148803710938,937.3148803710938,937.3148803710938,937.3148803710938,0,0.0,0.0
2001-11-30 00:00:00+09:00,1016.8984375,1016.8984375,1016.8984375,1016.8984375,300,0.0,0.0
2001-12-03 00:00:00+09:00,1016.8984375,1016.8984375,1016.8984375,1016.8984375,0,0.0,0.0
2001-12-04 00:00:00+09:00,1016.8984375,1016.8984375,1016.8984375,1016.8984375,200,0.0,0.0
2001-12-05 00:00:00+09:00,1016.8984375,1016.8984375,1016.8984375,1016.8984375,0,0.0,0.0
2001-12-06 00:00:00+09:00,1016.8984375,1016.8984375,1016.8984375,1016.8984375,0,0.0,0.0
2001-12-07 00:00:00+09:00,928.4722900390625,928.4722900390625,928.4722900390625,928.4722900390625,300,0.0,0.0
2001-12-10 00:00:00+09:00,928.4722900390625,928.4722900390625,928.4722900390625,928.4722900390625,100,0.0,0.0
2001-12-11 00:00:00+09:00,928.4722900390625,928.4722900390625,928.4722900390625,928.4722900390625,400,0.0,0.0
2001-12-12 00:00:00+09:00,928.4722900390625,928.4722900390625,928.4722900390625,928.4722900390625,100,0.0,0.0
2001-12-13 00:00:00+09:00,928.4722900390625,928.4722900390625,928.4722900390625,928.4722900390625,0,0.0,0.0
2001-12-14 00:00:00+09:00,928.4722900390625,928.4722900390625,928.4722900390625,928.4722900390625,0,0.0,0.0
2001-12-17 00:00:00+09:00,928.4722900390625,928.4722900390625,928.4722900390625,928.4722900390625,0,0.0,0.0
2001-12-18 00:00:00+09:00,884.2593383789062,884.2593383789062,884.2593383789062,884.2593383789062,100,0.0,0.0
2001-12-19 00:00:00+09:00,884.2593383789062,884.2593383789062,884.2593383789062,884.2593383789062,100,0.0,0.0
2001-12-20 00:00:00+09:00,884.2593383789062,884.2593383789062,884.2593383789062,884.2593383789062,0,0.0,0.0
2001-12-21 00:00:00+09:00,884.2593383789062,884.2593383789062,884.2593383789062,884.2593383789062,0,0.0,0.0
2001-12-24 00:00:00+09:00,884.2593383789062,884.2593383789062,884.2593383789062,884.2593383789062,0,0.0,0.0
2001-12-25 00:00:00+09:00,884.2593383789062,884.2593383789062,884.2593383789062,884.2593383789062,0,0.0,0.0
2001-12-26 00:00:00+09:00,884.2593383789062,884.2593383789062,884.2593383789062,884.2593383789062,0,0.0,0.0
2001-12-27 00:00:00+09:00,884.2593383789062,884.2593383789062,884.2593383789062,884.2593383789062,0,0.0,0.0
2001-12-28 00:00:00+09:00,884.2593383789062,884.2593383789062,884.2593383789062,884.2593383789062,0,0.0,0.0
2001-12-31 00:00:00+09:00,884.2593383789062,884.2593383789062,884.2593383789062,884.2593383789062,0,0.0,0.0
2002-01-01 00:00:00+09:00,884.2593383789062,884.2593383789062,884.2593383789062,884.2593383789062,0,0.0,0.0
2002-01-02 00:00:00+09:00,884.2593383789062,884.2593383789062,884.2593383789062,884.2593383789062,0,0.0,0.0
2002-01-03 00:00:00+09:00,884.2593383789062,884.2593383789062,884.2593383789062,884.2593383789062,0,0.0,0.0
2002-01-04 00:00:00+09:00,884.2593383789062,884.2593383789062,884.2593383789062,884.2593383789062,0,0.0,0.0
2002-01-07 00:00:00+09:00,884.2593383789062,884.2593383789062,884.2593383789062,884.2593383789062,100,0.0,0.0
2002-01-08 00:00:00+09:00,884.2593383789062,884.2593383789062,884.2593383789062,884.2593383789062,0,0.0,0.0
2002-01-09 00:00:00+09:00,884.2593383789062,884.2593383789062,884.2593383789062,884.2593383789062,0,0.0,0.0
2002-01-10 00:00:00+09:00,884.2593383789062,884.2593383789062,884.2593383789062,884.2593383789062,0,0.0,0.0
2002-01-11 00:00:00+09:00,884.2593383789062,884.2593383789062,884.2593383789062,884.2593383789062,0,0.0,0.0
2002-01-14 00:00:00+09:00,884.2593383789062,884.2593383789062,884.2593383789062,884.2593383789062,0,0.0,0.0
2002-01-15 00:00:00+09:00,884.2593383789062,884.2593383789062,884.2593383789062,884.2593383789062,0,0.0,0.0
2002-01-16 00:00:00+09:00,884.2593383789062,884.2593383789062,884.2593383789062,884.2593383789062,0,0.0,0.0
2002-01-17 00:00:00+09:00,884.2593383789062,884.2593383789062,884.2593383789062,884.2593383789062,0,0.0,0.0
2002-01-18 00:00:00+09:00,884.2593383789062,884.2593383789062,884.2593383789062,884.2593383789062,0,0.0,0.0
2002-01-21 00:00:00+09:00,884.2593383789062,884.2593383789062,884.2593383789062,884.2593383789062,0,0.0,0.0
2002-01-22 00:00:00+09:00,884.2593383789062,884.2593383789062,884.2593383789062,884.2593383789062,0,0.0,0.0
2002-01-23 00:00:00+09:00,884.2593383789062,884.2593383789062,884.2593383789062,884.2593383789062,0,0.0,0.0
2002-01-24 00:00:00+09:00,884.2593383789062,884.2593383789062,884.2593383789062,884.2593383789062,0,0.0,0.0
2002-01-25 00:00:00+09:00,884.2593383789062,884.2593383789062,884.2593383789062,884.2593383789062,0,0.0,0.0
2002-01-28 00:00:00+09:00,884.2593383789062,884.2593383789062,884.2593383789062,884.2593383789062,0,0.0,0.0
2002-01-29 00:00:00+09:00,884.259375,1105.32421875,884.259375,1105.32421875,1300,0.0,0.0
2002-01-30 00:00:00+09:00,1105.32421875,1105.32421875,1105.32421875,1105.32421875,400,0.0,0.0
2002-01-31 00:00:00+09:00,1105.32421875,1105.32421875,1105.32421875,1105.32421875,0,0.0,0.0
2002-02-01 00:00:00+09:00,1105.32421875,1105.32421875,1105.32421875,1105.32421875,0,0.0,0.0
2002-02-04 00:00:00+09:00,1105.32421875,1105.32421875,1105.32421875,1105.32421875,0,0.0,0.0
2002-02-05 00:00:00+09:00,1105.32421875,1105.32421875,1105.32421875,1105.32421875,0,0.0,0.0
2002-02-06 00:00:00+09:00,972.6854248046875,972.6854248046875,972.6854248046875,972.6854248046875,100,0.0,0.0
2002-02-07 00:00:00+09:00,972.6854248046875,972.6854248046875,972.6854248046875,972.6854248046875,0,0.0,0.0
2002-02-08 00:00:00+09:00,972.6854248046875,972.6854248046875,972.6854248046875,972.6854248046875,0,0.0,0.0
2002-02-11 00:00:00+09:00,972.6854248046875,972.6854248046875,972.6854248046875,972.6854248046875,0,0.0,0.0
2002-02-12 00:00:00+09:00,972.6854248046875,972.6854248046875,972.6854248046875,972.6854248046875,0,0.0,0.0
2002-02-13 00:00:00+09:00,972.6854248046875,972.6854248046875,972.6854248046875,972.6854248046875,0,0.0,0.0
2002-02-14 00:00:00+09:00,972.6854248046875,972.6854248046875,972.6854248046875,972.6854248046875,0,0.0,0.0
2002-02-15 00:00:00+09:00,972.6854248046875,972.6854248046875,972.6854248046875,972.6854248046875,0,0.0,0.0
2002-02-18 00:00:00+09:00,972.6854248046875,972.6854248046875,972.6854248046875,972.6854248046875,0,0.0,0.0
2002-02-19 00:00:00+09:00,972.6854248046875,972.6854248046875,972.6854248046875,972.6854248046875,0,0.0,0.0
2002-02-20 00:00:00+09:00,972.6854248046875,972.6854248046875,972.6854248046875,972.6854248046875,0,0.0,0.0
2002-02-21 00:00:00+09:00,972.6854248046875,972.6854248046875,972.6854248046875,972.6854248046875,0,0.0,0.0
2002-02-22 00:00:00+09:00,972.6854248046875,972.6854248046875,972.6854248046875,972.6854248046875,0,0.0,0.0
2002-02-25 00:00:00+09:00,972.6854248046875,972.6854248046875,972.6854248046875,972.6854248046875,0,0.0,0.0
2002-02-26 00:00:00+09:00,972.6854248046875,972.6854248046875,972.6854248046875,972.6854248046875,0,0.0,0.0
2002-02-27 00:00:00+09:00,972.6854248046875,972.6854248046875,972.6854248046875,972.6854248046875,0,0.0,0.0
2002-02-28 00:00:00+09:00,972.6854248046875,972.6854248046875,972.6854248046875,972.6854248046875,0,0.0,0.0
2002-03-01 00:00:00+09:00,1105.32421875,1105.32421875,1105.32421875,1105.32421875,300,0.0,0.0
2002-03-04 00:00:00+09:00,1105.32421875,1105.32421875,1105.32421875,1105.32421875,0,0.0,0.0
2002-03-05 00:00:00+09:00,1105.32421875,1105.32421875,1105.32421875,1105.32421875,0,0.0,0.0
2002-03-06 00:00:00+09:00,1105.32421875,1105.32421875,1105.32421875,1105.32421875,0,0.0,0.0
2002-03-07 00:00:00+09:00,1105.32421875,1105.32421875,1105.32421875,1105.32421875,0,0.0,0.0
2002-03-08 00:00:00+09:00,1105.32421875,1105.32421875,1105.32421875,1105.32421875,1000,0.0,0.0
2002-03-11 00:00:00+09:00,1105.32421875,1105.32421875,1105.32421875,1105.32421875,0,0.0,0.0
2002-03-12 00:00:00+09:00,1105.32421875,1105.32421875,1105.32421875,1105.32421875,0,0.0,0.0
2002-03-13 00:00:00+09:00,1105.32421875,1105.32421875,1105.32421875,1105.32421875,0,0.0,0.0
2002-03-14 00:00:00+09:00,1105.32421875,1105.32421875,1105.32421875,1105.32421875,0,0.0,0.0
2002-03-15 00:00:00+09:00,1105.32421875,1105.32421875,1105.32421875,1105.32421875,0,0.0,0.0
2002-03-18 00:00:00+09:00,1105.32421875,1105.32421875,1105.32421875,1105.32421875,0,0.0,0.0
2002-03-19 00:00:00+09:00,1105.32421875,1105.32421875,1105.32421875,1105.32421875,0,0.0,0.0
2002-03-20 00:00:00+09:00,1016.8984375,1016.8984375,1016.8984375,1016.8984375,100,0.0,0.0
2002-03-21 00:00:00+09:00,1016.8984375,1016.8984375,1016.8984375,1016.8984375,0,0.0,0.0
2002-03-22 00:00:00+09:00,1016.8984375,1016.8984375,1016.8984375,1016.8984375,0,0.0,0.0
2002-03-25 00:00:00+09:00,1016.8984375,1016.8984375,1016.8984375,1016.8984375,0,0.0,0.0
2002-03-26 00:00:00+09:00,1016.8984375,1016.8984375,1016.8984375,1016.8984375,0,0.0,0.0
2002-03-27 00:00:00+09:00,1016.8984375,1016.8984375,1016.8984375,1016.8984375,0,0.0,0.0
2002-03-28 00:00:00+09:00,1016.8984375,1016.8984375,1016.8984375,1016.8984375,0,0.0,0.0
2002-03-29 00:00:00+09:00,1105.32421875,1105.32421875,1105.32421875,1105.32421875,200,0.0,0.0
2002-04-01 00:00:00+09:00,1105.32421875,1105.32421875,1105.32421875,1105.32421875,0,0.0,0.0
2002-04-02 00:00:00+09:00,1105.32421875,1105.32421875,1105.32421875,1105.32421875,0,0.0,0.0
2002-04-03 00:00:00+09:00,1105.32421875,1105.32421875,1105.32421875,1105.32421875,0,0.0,0.0
2002-04-04 00:00:00+09:00,1105.32421875,1105.32421875,1105.32421875,1105.32421875,0,0.0,0.0
2002-04-05 00:00:00+09:00,1105.32421875,1105.32421875,1105.32421875,1105.32421875,0,0.0,0.0
2002-04-08 00:00:00+09:00,1105.32421875,1105.32421875,1105.32421875,1105.32421875,0,0.0,0.0
2002-04-09 00:00:00+09:00,1105.32421875,1105.32421875,1105.32421875,1105.32421875,0,0.0,0.0
2002-04-10 00:00:00+09:00,1105.32421875,1105.32421875,1105.32421875,1105.32421875,0,0.0,0.0
2002-04-11 00:00:00+09:00,1105.32421875,1105.32421875,1105.32421875,1105.32421875,0,0.0,0.0
2002-04-12 00:00:00+09:00,1105.32421875,1105.32421875,1105.32421875,1105.32421875,0,0.0,0.0
2002-04-15 00:00:00+09:00,1105.32421875,1105.32421875,1105.32421875,1105.32421875,0,0.0,0.0
2002-04-16 00:00:00+09:00,1105.32421875,1105.32421875,1105.32421875,1105.32421875,0,0.0,0.0
2002-04-17 00:00:00+09:00,1105.32421875,1105.32421875,1105.32421875,1105.32421875,0,0.0,0.0
2002-04-18 00:00:00+09:00,1105.32421875,1105.32421875,1105.32421875,1105.32421875,0,0.0,0.0
2002-04-19 00:00:00+09:00,1105.32421875,1105.32421875,1105.32421875,1105.32421875,0,0.0,0.0
2002-04-22 00:00:00+09:00,1105.32421875,1105.32421875,1105.32421875,1105.32421875,0,0.0,0.0
2002-04-23 00:00:00+09:00,1105.32421875,1105.32421875,1105.32421875,1105.32421875,0,0.0,0.0
2002-04-24 00:00:00+09:00,1105.32421875,1105.32421875,1105.32421875,1105.32421875,0,0.0,0.0
2002-04-25 00:00:00+09:00,1105.32421875,1105.32421875,1105.32421875,1105.32421875,0,0.0,0.0
2002-04-26 00:00:00+09:00,1105.32421875,1105.32421875,1105.32421875,1105.32421875,0,0.0,0.0
2002-04-29 00:00:00+09:00,1105.32421875,1105.32421875,1105.32421875,1105.32421875,0,0.0,0.0
2002-04-30 00:00:00+09:00,1105.32421875,1105.32421875,1105.32421875,1105.32421875,300,0.0,0.0
2002-05-01 00:00:00+09:00,1105.32421875,1105.32421875,1105.32421875,1105.32421875,0,0.0,0.0
2002-05-02 00:00:00+09:00,972.6852722167969,972.6852722167969,884.2593383789062,884.2593383789062,500,0.0,0.0
2002-05-03 00:00:00+09:00,884.2593383789062,884.2593383789062,884.2593383789062,884.2593383789062,0,0.0,0.0
2002-05-06 00:00:00+09:00,884.2593383789062,884.2593383789062,884.2593383789062,884.2593383789062,0,0.0,0.0
2002-05-07 00:00:00+09:00,884.2593383789062,884.2593383789062,884.2593383789062,884.2593383789062,200,0.0,0.0
2002-05-08 00:00:00+09:00,884.2593383789062,884.2593383789062,884.2593383789062,884.2593383789062,100,0.0,0.0
2002-05-09 00:00:00+09:00,893.1019287109375,893.1019287109375,893.1019287109375,893.1019287109375,100,0.0,0.0
2002-05-10 00:00:00+09:00,893.1019287109375,893.1019287109375,893.1019287109375,893.1019287109375,0,0.0,0.0
2002-05-13 00:00:00+09:00,884.2593383789062,884.2593383789062,884.2593383789062,884.2593383789062,100,0.0,0.0
2002-05-14 00:00:00+09:00,884.2593383789062,884.2593383789062,884.2593383789062,884.2593383789062,0,0.0,0.0
2002-05-15 00:00:00+09:00,884.2593383789062,884.2593383789062,884.2593383789062,884.2593383789062,200,0.0,0.0
2002-05-16 00:00:00+09:00,884.2593383789062,884.2593383789062,884.2593383789062,884.2593383789062,200,0.0,0.0
2002-05-17 00:00:00+09:00,884.2593383789062,884.2593383789062,884.2593383789062,884.2593383789062,0,0.0,0.0
2002-05-20 00:00:00+09:00,884.2593383789062,884.2593383789062,884.2593383789062,884.2593383789062,0,0.0,0.0
2002-05-21 00:00:00+09:00,884.2593383789062,884.2593383789062,884.2593383789062,884.2593383789062,0,0.0,0.0
2002-05-22 00:00:00+09:00,884.2593383789062,884.2593383789062,884.2593383789062,884.2593383789062,0,0.0,0.0
2002-05-23 00:00:00+09:00,804.6760125411184,840.04638671875,804.6760125411184,840.04638671875,300,0.0,0.0
2002-05-24 00:00:00+09:00,804.6759617017664,813.5185546875,795.8333687160326,813.5185546875,1600,0.0,0.0
2002-05-27 00:00:00+09:00,1061.1112060546875,1087.6389862060546,1061.1112060546875,1061.1112060546875,700,0.0,0.0
2002-05-28 00:00:00+09:00,1061.1112060546875,1061.1112060546875,1061.1112060546875,1061.1112060546875,0,0.0,0.0
2002-05-29 00:00:00+09:00,1061.1112060546875,1061.1112060546875,1061.1112060546875,1061.1112060546875,0,0.0,0.0
2002-05-30 00:00:00+09:00,884.2593578582114,884.2593578582114,831.2037963867188,831.2037963867188,200,0.0,0.0
2002-05-31 00:00:00+09:00,831.2037963867188,831.2037963867188,831.2037963867188,831.2037963867188,0,0.0,0.0
2002-06-03 00:00:00+09:00,1008.0556640625,1008.0556640625,1008.0556640625,1008.0556640625,300,0.0,0.0
2002-06-04 00:00:00+09:00,1008.0556640625,1008.0556640625,1008.0556640625,1008.0556640625,0,0.0,0.0
2002-06-05 00:00:00+09:00,999.2132472826087,1061.1114130434783,999.2132472826087,1016.8984375,400,0.0,0.0
2002-06-06 00:00:00+09:00,1016.8984375,1016.8984375,1016.8984375,1016.8984375,0,0.0,0.0
2002-06-07 00:00:00+09:00,1016.8984375,1016.8984375,1016.8984375,1016.8984375,0,0.0,0.0
2002-06-10 00:00:00+09:00,1016.8984375,1016.8984375,1016.8984375,1016.8984375,0,0.0,0.0
2002-06-11 00:00:00+09:00,1016.8984375,1016.8984375,1016.8984375,1016.8984375,0,0.0,0.0
2002-06-12 00:00:00+09:00,1016.8984375,1016.8984375,1016.8984375,1016.8984375,0,0.0,0.0
2002-06-13 00:00:00+09:00,1016.8984375,1016.8984375,1016.8984375,1016.8984375,0,0.0,0.0
2002-06-14 00:00:00+09:00,1016.8984375,1016.8984375,1016.8984375,1016.8984375,0,0.0,0.0
2002-06-17 00:00:00+09:00,1016.8984375,1016.8984375,1016.8984375,1016.8984375,0,0.0,0.0
2002-06-18 00:00:00+09:00,1016.8984375,1016.8984375,1016.8984375,1016.8984375,0,0.0,0.0
2002-06-19 00:00:00+09:00,1016.8984375,1016.8984375,1016.8984375,1016.8984375,0,0.0,0.0
2002-06-20 00:00:00+09:00,1016.8984375,1016.8984375,1016.8984375,1016.8984375,0,0.0,0.0
2002-06-21 00:00:00+09:00,972.6854248046875,972.6854248046875,972.6854248046875,972.6854248046875,100,0.0,0.0
2002-06-24 00:00:00+09:00,972.6854248046875,972.6854248046875,972.6854248046875,972.6854248046875,0,0.0,0.0
2002-06-25 00:00:00+09:00,972.6854248046875,972.6854248046875,972.6854248046875,972.6854248046875,0,0.0,0.0
2002-06-26 00:00:00+09:00,972.6854248046875,972.6854248046875,972.6854248046875,972.6854248046875,0,0.0,0.0
2002-06-27 00:00:00+09:00,972.6854248046875,972.6854248046875,972.6854248046875,972.6854248046875,0,0.0,0.0
2002-06-28 00:00:00+09:00,972.6854248046875,972.6854248046875,972.6854248046875,972.6854248046875,0,0.0,0.0
2002-07-01 00:00:00+09:00,928.4722900390625,928.4722900390625,928.4722900390625,928.4722900390625,300,0.0,0.0
2002-07-02 00:00:00+09:00,928.4722900390625,928.4722900390625,928.4722900390625,928.4722900390625,0,0.0,0.0
2002-07-03 00:00:00+09:00,928.4722900390625,928.4722900390625,928.4722900390625,928.4722900390625,0,0.0,0.0
2002-07-04 00:00:00+09:00,928.4722900390625,928.4722900390625,928.4722900390625,928.4722900390625,0,0.0,0.0
2002-07-05 00:00:00+09:00,928.4722900390625,928.4722900390625,928.4722900390625,928.4722900390625,600,0.0,0.0
2002-07-08 00:00:00+09:00,972.6854248046875,972.6854248046875,972.6854248046875,972.6854248046875,100,0.0,0.0
2002-07-09 00:00:00+09:00,972.6854248046875,1016.8983986594461,972.6854248046875,972.6854248046875,800,0.0,0.0
2002-07-10 00:00:00+09:00,972.6854248046875,972.6854248046875,972.6854248046875,972.6854248046875,0,0.0,0.0
2002-07-11 00:00:00+09:00,972.6854248046875,972.6854248046875,972.6854248046875,972.6854248046875,0,0.0,0.0
2002-07-12 00:00:00+09:00,884.2593383789062,884.2593383789062,884.2593383789062,884.2593383789062,100,0.0,0.0
2002-07-15 00:00:00+09:00,884.2593383789062,884.2593383789062,884.2593383789062,884.2593383789062,300,0.0,0.0
2002-07-16 00:00:00+09:00,884.2593353573639,893.1019287109375,884.2593353573639,893.1019287109375,400,0.0,0.0
2002-07-17 00:00:00+09:00,893.1019479851974,893.1019479851974,840.04638671875,840.04638671875,400,0.0,0.0
2002-07-18 00:00:00+09:00,840.04638671875,840.04638671875,840.04638671875,840.04638671875,0,0.0,0.0
2002-07-19 00:00:00+09:00,840.04638671875,840.04638671875,840.04638671875,840.04638671875,0,0.0,0.0
2002-07-22 00:00:00+09:00,884.2593383789062,884.2593383789062,884.2593383789062,884.2593383789062,100,0.0,0.0
2002-07-23 00:00:00+09:00,884.2593383789062,884.2593383789062,884.2593383789062,884.2593383789062,0,0.0,0.0
2002-07-24 00:00:00+09:00,884.2593383789062,884.2593383789062,884.2593383789062,884.2593383789062,0,0.0,0.0
2002-07-25 00:00:00+09:00,884.2593383789062,884.2593383789062,884.2593383789062,884.2593383789062,0,0.0,0.0
2002-07-26 00:00:00+09:00,884.2593383789062,884.2593383789062,884.2593383789062,884.2593383789062,0,0.0,0.0
2002-07-29 00:00:00+09:00,884.2593383789062,884.2593383789062,884.2593383789062,884.2593383789062,0,0.0,0.0
2002-07-30 00:00:00+09:00,972.6854248046875,972.6854248046875,972.6854248046875,972.6854248046875,100,0.0,0.0
2002-07-31 00:00:00+09:00,981.5279995230742,1140.6947021484375,972.6854049327761,1140.6947021484375,800,0.0,0.0
2002-08-01 00:00:00+09:00,1140.6947021484375,1140.6947021484375,1140.6947021484375,1140.6947021484375,0,0.0,0.0
2002-08-02 00:00:00+09:00,972.6854248046875,972.6854248046875,972.6854248046875,972.6854248046875,100,0.0,0.0
2002-08-05 00:00:00+09:00,972.6854248046875,972.6854248046875,972.6854248046875,972.6854248046875,0,0.0,0.0
2002-08-06 00:00:00+09:00,972.6854248046875,972.6854248046875,972.6854248046875,972.6854248046875,0,0.0,0.0
2002-08-07 00:00:00+09:00,884.2593383789062,884.2593383789062,884.2593383789062,884.2593383789062,100,0.0,0.0
2002-08-08 00:00:00+09:00,884.2593383789062,884.2593383789062,884.2593383789062,884.2593383789062,100,0.0,0.0
2002-08-09 00:00:00+09:00,884.2593383789062,884.2593383789062,884.2593383789062,884.2593383789062,300,0.0,0.0
2002-08-12 00:00:00+09:00,884.2593383789062,884.2593383789062,875.4167449951171,884.2593383789062,1100,0.0,0.0
2002-08-13 00:00:00+09:00,884.2593383789062,884.2593383789062,884.2593383789062,884.2593383789062,0,0.0,0.0
2002-08-14 00:00:00+09:00,884.2593383789062,884.2593383789062,884.2593383789062,884.2593383789062,0,0.0,0.0
2002-08-15 00:00:00+09:00,884.2593383789062,884.2593383789062,884.2593383789062,884.2593383789062,0,0.0,0.0
2002-08-16 00:00:00+09:00,884.2593383789062,884.2593383789062,884.2593383789062,884.2593383789062,0,0.0,0.0
2002-08-19 00:00:00+09:00,866.5740966796875,875.4166895029497,866.5740966796875,866.5740966796875,700,0.0,0.0
2002-08-20 00:00:00+09:00,866.5740966796875,866.5740966796875,866.5740966796875,866.5740966796875,0,0.0,0.0
2002-08-21 00:00:00+09:00,884.2593510945637,884.2593510945637,848.8889770507812,848.8889770507812,300,0.0,0.0
2002-08-22 00:00:00+09:00,848.8889770507812,848.8889770507812,848.8889770507812,848.8889770507812,0,0.0,0.0
2002-08-23 00:00:00+09:00,848.8889770507812,848.8889770507812,848.8889770507812,848.8889770507812,0,0.0,0.0
2002-08-26 00:00:00+09:00,848.8889770507812,848.8889770507812,848.8889770507812,848.8889770507812,0,0.0,0.0
2002-08-27 00:00:00+09:00,893.1019287109375,893.1019287109375,893.1019287109375,893.1019287109375,200,0.0,0.0
2002-08-28 00:00:00+09:00,893.1019287109375,893.1019287109375,893.1019287109375,893.1019287109375,200,0.0,0.0
2002-08-29 00:00:00+09:00,893.1019287109375,893.1019287109375,893.1019287109375,893.1019287109375,0,0.0,0.0
2002-08-30 00:00:00+09:00,901.944580078125,901.944580078125,901.944580078125,901.944580078125,400,0.0,0.0
2002-09-02 00:00:00+09:00,901.944580078125,901.944580078125,901.944580078125,901.944580078125,0,0.0,0.0
2002-09-03 00:00:00+09:00,901.944580078125,901.944580078125,901.944580078125,901.944580078125,0,0.0,0.0
2002-09-04 00:00:00+09:00,901.944580078125,901.944580078125,901.944580078125,901.944580078125,0,0.0,0.0
2002-09-05 00:00:00+09:00,795.8333740234375,795.8333740234375,795.8333740234375,795.8333740234375,300,0.0,0.0
2002-09-06 00:00:00+09:00,795.8333740234375,795.8333740234375,795.8333740234375,795.8333740234375,100,0.0,0.0
2002-09-09 00:00:00+09:00,795.8333740234375,795.8333740234375,795.8333740234375,795.8333740234375,0,0.0,0.0
2002-09-10 00:00:00+09:00,795.8333740234375,795.8333740234375,795.8333740234375,795.8333740234375,0,0.0,0.0
2002-09-11 00:00:00+09:00,795.8333740234375,795.8333740234375,795.8333740234375,795.8333740234375,0,0.0,0.0
2002-09-12 00:00:00+09:00,884.2593383789062,884.2593383789062,884.2593383789062,884.2593383789062,200,0.0,0.0
2002-09-13 00:00:00+09:00,795.8333740234375,795.8333740234375,795.8333740234375,795.8333740234375,300,0.0,0.0
2002-09-16 00:00:00+09:00,795.8333740234375,795.8333740234375,795.8333740234375,795.8333740234375,0,0.0,0.0
2002-09-17 00:00:00+09:00,795.8333740234375,795.8333740234375,795.8333740234375,795.8333740234375,700,0.0,0.0
2002-09-18 00:00:00+09:00,795.8333740234375,795.8333740234375,795.8333740234375,795.8333740234375,0,0.0,0.0
2002-09-19 00:00:00+09:00,795.8333740234375,795.8333740234375,795.8333740234375,795.8333740234375,0,0.0,0.0
2002-09-20 00:00:00+09:00,804.6760864257812,804.6760864257812,804.6760864257812,804.6760864257812,100,0.0,0.0
2002-09-23 00:00:00+09:00,804.6760864257812,804.6760864257812,804.6760864257812,804.6760864257812,0,0.0,0.0
2002-09-24 00:00:00+09:00,804.6760864257812,804.6760864257812,804.6760864257812,804.6760864257812,0,0.0,0.0
2002-09-25 00:00:00+09:00,804.6760864257812,804.6760864257812,804.6760864257812,804.6760864257812,0,0.0,0.0
2002-09-26 00:00:00+09:00,822.3611450195312,822.3611450195312,822.3611450195312,822.3611450195312,100,0.0,0.0
2002-09-27 00:00:00+09:00,804.6759670681423,813.5185601128471,795.8333740234375,795.8333740234375,1400,0.0,0.0
2002-09-30 00:00:00+09:00,804.6759670681423,804.6759670681423,795.8333740234375,795.8333740234375,600,0.0,0.0
2002-10-01 00:00:00+09:00,1061.1114130434783,1061.1114130434783,1016.8984375,1016.8984375,300,0.0,0.0
2002-10-02 00:00:00+09:00,1016.8984375,1016.8984375,1016.8984375,1016.8984375,0,0.0,0.0
2002-10-03 00:00:00+09:00,1016.8984375,1016.8984375,1016.8984375,1016.8984375,0,0.0,0.0
2002-10-04 00:00:00+09:00,795.8333740234375,795.8333740234375,795.8333740234375,795.8333740234375,100,0.0,0.0
2002-10-07 00:00:00+09:00,795.8333740234375,795.8333740234375,795.8333740234375,795.8333740234375,0,0.0,0.0
2002-10-08 00:00:00+09:00,795.8333740234375,795.8333740234375,795.8333740234375,795.8333740234375,0,0.0,0.0
2002-10-09 00:00:00+09:00,840.04638671875,840.04638671875,840.04638671875,840.04638671875,100,0.0,0.0
2002-10-10 00:00:00+09:00,840.04638671875,840.04638671875,840.04638671875,840.04638671875,0,0.0,0.0
2002-10-11 00:00:00+09:00,840.04638671875,840.04638671875,840.04638671875,840.04638671875,0,0.0,0.0
2002-10-14 00:00:00+09:00,840.04638671875,840.04638671875,840.04638671875,840.04638671875,0,0.0,0.0
2002-10-15 00:00:00+09:00,840.04638671875,840.04638671875,840.04638671875,840.04638671875,0,0.0,0.0
2002-10-16 00:00:00+09:00,840.04638671875,840.04638671875,840.04638671875,840.04638671875,0,0.0,0.0
2002-10-17 00:00:00+09:00,884.2593383789062,884.2593383789062,884.2593383789062,884.2593383789062,100,0.0,0.0
2002-10-18 00:00:00+09:00,884.2593383789062,884.2593383789062,884.2593383789062,884.2593383789062,400,0.0,0.0
2002-10-21 00:00:00+09:00,884.2593383789062,884.2593383789062,884.2593383789062,884.2593383789062,1000,0.0,0.0
2002-10-22 00:00:00+09:00,884.2593383789062,884.2593383789062,884.2593383789062,884.2593383789062,100,0.0,0.0
2002-10-23 00:00:00+09:00,884.2593383789062,884.2593383789062,884.2593383789062,884.2593383789062,0,0.0,0.0
2002-10-24 00:00:00+09:00,884.2593383789062,884.2593383789062,884.2593383789062,884.2593383789062,0,0.0,0.0
2002-10-25 00:00:00+09:00,884.2593383789062,884.2593383789062,884.2593383789062,884.2593383789062,0,0.0,0.0
2002-10-28 00:00:00+09:00,884.2593383789062,884.2593383789062,884.2593383789062,884.2593383789062,0,0.0,0.0
2002-10-29 00:00:00+09:00,884.2593383789062,884.2593383789062,884.2593383789062,884.2593383789062,0,0.0,0.0
2002-10-30 00:00:00+09:00,884.2593383789062,884.2593383789062,884.2593383789062,884.2593383789062,0,0.0,0.0
2002-10-31 00:00:00+09:00,884.2593383789062,884.2593383789062,884.2593383789062,884.2593383789062,400,0.0,0.0
2002-11-01 00:00:00+09:00,884.2593383789062,884.2593383789062,884.2593383789062,884.2593383789062,0,0.0,0.0
2002-11-04 00:00:00+09:00,884.2593383789062,884.2593383789062,884.2593383789062,884.2593383789062,0,0.0,0.0
2002-11-05 00:00:00+09:00,884.2593383789062,884.2593383789062,884.2593383789062,884.2593383789062,0,0.0,0.0
2002-11-06 00:00:00+09:00,884.2593383789062,884.2593383789062,884.2593383789062,884.2593383789062,0,0.0,0.0
2002-11-07 00:00:00+09:00,884.2593383789062,884.2593383789062,884.2593383789062,884.2593383789062,0,0.0,0.0
2002-11-08 00:00:00+09:00,884.2593383789062,884.2593383789062,884.2593383789062,884.2593383789062,0,0.0,0.0
2002-11-11 00:00:00+09:00,884.2593383789062,884.2593383789062,884.2593383789062,884.2593383789062,0,0.0,0.0
2002-11-12 00:00:00+09:00,884.2593383789062,884.2593383789062,884.2593383789062,884.2593383789062,0,0.0,0.0
2002-11-13 00:00:00+09:00,884.2593383789062,884.2593383789062,884.2593383789062,884.2593383789062,0,0.0,0.0
2002-11-14 00:00:00+09:00,716.2501220703125,716.2501220703125,716.2501220703125,716.2501220703125,600,0.0,0.0
2002-11-15 00:00:00+09:00,716.2501220703125,716.2501220703125,716.2501220703125,716.2501220703125,0,0.0,0.0
2002-11-18 00:00:00+09:00,716.2501220703125,716.2501220703125,716.2501220703125,716.2501220703125,0,0.0,0.0
2002-11-19 00:00:00+09:00,716.2501220703125,716.2501220703125,716.2501220703125,716.2501220703125,0,0.0,0.0
2002-11-20 00:00:00+09:00,680.8796435546875,680.8796435546875,663.1944580078125,663.1944580078125,200,0.0,0.0
2002-11-21 00:00:00+09:00,663.1944580078125,663.1944580078125,663.1944580078125,663.1944580078125,0,0.0,0.0
2002-11-22 00:00:00+09:00,663.1944580078125,663.1944580078125,663.1944580078125,663.1944580078125,0,0.0,0.0
2002-11-25 00:00:00+09:00,663.1944580078125,663.1944580078125,663.1944580078125,663.1944580078125,0,0.0,0.0
2002-11-26 00:00:00+09:00,716.2500770970395,716.2500770970395,672.037109375,672.037109375,800,0.0,0.0
2002-11-27 00:00:00+09:00,663.1945158305921,672.037109375,663.1945158305921,672.037109375,400,0.0,0.0
2002-11-28 00:00:00+09:00,672.037109375,672.037109375,672.037109375,672.037109375,0,0.0,0.0
2002-11-29 00:00:00+09:00,840.04638671875,840.04638671875,840.04638671875,840.04638671875,300,0.0,0.0
2002-12-02 00:00:00+09:00,840.04638671875,840.04638671875,840.04638671875,840.04638671875,0,0.0,0.0
2002-12-03 00:00:00+09:00,618.9815204326923,618.9815204326923,574.7685546875,574.7685546875,700,0.0,0.0
2002-12-04 00:00:00+09:00,574.7685546875,618.9815204326923,574.7685546875,574.7685546875,600,0.0,0.0
2002-12-05 00:00:00+09:00,574.7685546875,574.7685546875,574.7685546875,574.7685546875,0,0.0,0.0
2002-12-06 00:00:00+09:00,778.1481961655891,778.1481961655891,769.3056030273438,769.3056030273438,700,0.0,0.0
2002-12-09 00:00:00+09:00,769.3056030273438,769.3056030273438,769.3056030273438,769.3056030273438,0,0.0,0.0
2002-12-10 00:00:00+09:00,769.3056030273438,769.3056030273438,769.3056030273438,769.3056030273438,0,0.0,0.0
2002-12-11 00:00:00+09:00,769.3056030273438,769.3056030273438,769.3056030273438,769.3056030273438,0,0.0,0.0
2002-12-12 00:00:00+09:00,769.3056030273438,769.3056030273438,769.3056030273438,769.3056030273438,0,0.0,0.0
2002-12-13 00:00:00+09:00,618.9815673828125,618.9815673828125,618.9815673828125,618.9815673828125,100,0.0,0.0
2002-12-16 00:00:00+09:00,618.9815673828125,618.9815673828125,618.9815673828125,618.9815673828125,0,0.0,0.0
2002-12-17 00:00:00+09:00,618.9815673828125,618.9815673828125,618.9815673828125,618.9815673828125,0,0.0,0.0
2002-12-18 00:00:00+09:00,618.9815673828125,618.9815673828125,618.9815673828125,618.9815673828125,0,0.0,0.0
2002-12-19 00:00:00+09:00,618.9815673828125,618.9815673828125,618.9815673828125,618.9815673828125,0,0.0,0.0
2002-12-20 00:00:00+09:00,618.9815673828125,618.9815673828125,618.9815673828125,618.9815673828125,0,0.0,0.0
2002-12-23 00:00:00+09:00,618.9815673828125,618.9815673828125,618.9815673828125,618.9815673828125,0,0.0,0.0
2002-12-24 00:00:00+09:00,618.9815673828125,618.9815673828125,618.9815673828125,618.9815673828125,0,0.0,0.0
2002-12-25 00:00:00+09:00,610.1388645172119,610.1388645172119,565.9259033203125,565.9259033203125,1800,0.0,0.0
2002-12-26 00:00:00+09:00,565.9259033203125,565.9259033203125,565.9259033203125,565.9259033203125,0,0.0,0.0
2002-12-27 00:00:00+09:00,565.9259033203125,565.9259033203125,565.9259033203125,565.9259033203125,0,0.0,0.0
2002-12-30 00:00:00+09:00,725.0926672204748,725.0926672204748,680.8796997070312,680.8796997070312,400,0.0,0.0
2002-12-31 00:00:00+09:00,680.8796997070312,680.8796997070312,680.8796997070312,680.8796997070312,0,0.0,0.0
2003-01-01 00:00:00+09:00,680.8796997070312,680.8796997070312,680.8796997070312,680.8796997070312,0,0.0,0.0
2003-01-02 00:00:00+09:00,680.8796997070312,680.8796997070312,680.8796997070312,680.8796997070312,0,0.0,0.0
2003-01-03 00:00:00+09:00,680.8796997070312,680.8796997070312,680.8796997070312,680.8796997070312,0,0.0,0.0
2003-01-06 00:00:00+09:00,565.9259615384615,574.7685546875,565.9259615384615,574.7685546875,200,0.0,0.0
2003-01-07 00:00:00+09:00,574.7685546875,574.7685546875,574.7685546875,574.7685546875,0,0.0,0.0
2003-01-08 00:00:00+09:00,574.7685546875,574.7685546875,574.7685546875,574.7685546875,0,0.0,0.0
2003-01-09 00:00:00+09:00,618.9815673828125,618.9815673828125,618.9815673828125,618.9815673828125,100,0.0,0.0
2003-01-10 00:00:00+09:00,618.9815673828125,618.9815673828125,618.9815673828125,618.9815673828125,0,0.0,0.0
2003-01-13 00:00:00+09:00,618.9815673828125,618.9815673828125,618.9815673828125,618.9815673828125,0,0.0,0.0
2003-01-14 00:00:00+09:00,618.9815673828125,618.9815673828125,618.9815673828125,618.9815673828125,0,0.0,0.0
2003-01-15 00:00:00+09:00,618.9815673828125,618.9815673828125,618.9815673828125,618.9815673828125,0,0.0,0.0
2003-01-16 00:00:00+09:00,618.9815673828125,618.9815673828125,618.9815673828125,618.9815673828125,0,0.0,0.0
2003-01-17 00:00:00+09:00,618.9815673828125,618.9815673828125,618.9815673828125,618.9815673828125,0,0.0,0.0
2003-01-20 00:00:00+09:00,636.666748046875,636.666748046875,636.666748046875,636.666748046875,100,0.0,0.0
2003-01-21 00:00:00+09:00,636.666748046875,636.666748046875,636.666748046875,636.666748046875,0,0.0,0.0
2003-01-22 00:00:00+09:00,636.666748046875,636.666748046875,636.666748046875,636.666748046875,0,0.0,0.0
2003-01-23 00:00:00+09:00,680.8796997070312,680.8796997070312,680.8796997070312,680.8796997070312,200,0.0,0.0
2003-01-24 00:00:00+09:00,680.8796997070312,680.8796997070312,680.8796997070312,680.8796997070312,0,0.0,0.0
2003-01-27 00:00:00+09:00,680.8796997070312,680.8796997070312,680.8796997070312,680.8796997070312,0,0.0,0.0
2003-01-28 00:00:00+09:00,680.8796997070312,680.8796997070312,680.8796997070312,680.8796997070312,0,0.0,0.0
2003-01-29 00:00:00+09:00,680.8796997070312,680.8796997070312,680.8796997070312,680.8796997070312,0,0.0,0.0
2003-01-30 00:00:00+09:00,680.8796997070312,680.8796997070312,680.8796997070312,680.8796997070312,0,0.0,0.0
2003-01-31 00:00:00+09:00,751.6204223632812,751.6204223632812,751.6204223632812,751.6204223632812,300,0.0,0.0
2003-02-03 00:00:00+09:00,751.6204223632812,751.6204223632812,751.6204223632812,751.6204223632812,0,0.0,0.0
2003-02-04 00:00:00+09:00,751.6204223632812,751.6204223632812,751.6204223632812,751.6204223632812,0,0.0,0.0
2003-02-05 00:00:00+09:00,751.6204223632812,751.6204223632812,751.6204223632812,751.6204223632812,0,0.0,0.0
2003-02-06 00:00:00+09:00,751.6204223632812,751.6204223632812,751.6204223632812,751.6204223632812,0,0.0,0.0
2003-02-07 00:00:00+09:00,751.6204223632812,751.6204223632812,751.6204223632812,751.6204223632812,0,0.0,0.0
2003-02-10 00:00:00+09:00,751.6204223632812,751.6204223632812,751.6204223632812,751.6204223632812,0,0.0,0.0
2003-02-11 00:00:00+09:00,751.6204223632812,751.6204223632812,751.6204223632812,751.6204223632812,0,0.0,0.0
2003-02-12 00:00:00+09:00,751.6204223632812,751.6204223632812,751.6204223632812,751.6204223632812,0,0.0,0.0
2003-02-13 00:00:00+09:00,751.6204223632812,751.6204223632812,751.6204223632812,751.6204223632812,0,0.0,0.0
2003-02-14 00:00:00+09:00,751.6204223632812,751.6204223632812,751.6204223632812,751.6204223632812,0,0.0,0.0
2003-02-17 00:00:00+09:00,751.6204223632812,751.6204223632812,751.6204223632812,751.6204223632812,0,0.0,0.0
2003-02-18 00:00:00+09:00,751.6204223632812,751.6204223632812,751.6204223632812,751.6204223632812,0,0.0,0.0
2003-02-19 00:00:00+09:00,751.6204223632812,751.6204223632812,751.6204223632812,751.6204223632812,0,0.0,0.0
2003-02-20 00:00:00+09:00,751.6204223632812,751.6204223632812,751.6204223632812,751.6204223632812,0,0.0,0.0
2003-02-21 00:00:00+09:00,751.6204223632812,751.6204223632812,751.6204223632812,751.6204223632812,0,0.0,0.0
2003-02-24 00:00:00+09:00,751.6204223632812,751.6204223632812,751.6204223632812,751.6204223632812,0,0.0,0.0
2003-02-25 00:00:00+09:00,751.6204223632812,751.6204223632812,751.6204223632812,751.6204223632812,0,0.0,0.0
2003-02-26 00:00:00+09:00,751.6204223632812,751.6204223632812,751.6204223632812,751.6204223632812,0,0.0,0.0
2003-02-27 00:00:00+09:00,751.6204223632812,751.6204223632812,751.6204223632812,751.6204223632812,0,0.0,0.0
2003-02-28 00:00:00+09:00,840.04638671875,840.04638671875,840.04638671875,840.04638671875,300,0.0,0.0
2003-03-03 00:00:00+09:00,795.8334189967105,840.04638671875,795.8334189967105,840.04638671875,500,0.0,0.0
2003-03-04 00:00:00+09:00,840.04638671875,840.04638671875,840.04638671875,840.04638671875,200,0.0,0.0
2003-03-05 00:00:00+09:00,840.04638671875,840.04638671875,840.04638671875,840.04638671875,0,0.0,0.0
2003-03-06 00:00:00+09:00,875.4167449951171,884.2593383789062,875.4167449951171,884.2593383789062,200,0.0,0.0
2003-03-07 00:00:00+09:00,884.2593383789062,884.2593383789062,884.2593383789062,884.2593383789062,0,0.0,0.0
2003-03-10 00:00:00+09:00,928.4722900390625,928.4722900390625,928.4722900390625,928.4722900390625,300,0.0,0.0
2003-03-11 00:00:00+09:00,654.3519248150765,831.2037963867188,654.3519248150765,831.2037963867188,400,0.0,0.0
2003-03-12 00:00:00+09:00,893.1019287109375,893.1019287109375,893.1019287109375,893.1019287109375,100,0.0,0.0
2003-03-13 00:00:00+09:00,893.1019287109375,893.1019287109375,893.1019287109375,893.1019287109375,0,0.0,0.0
2003-03-14 00:00:00+09:00,893.1019287109375,893.1019287109375,893.1019287109375,893.1019287109375,0,0.0,0.0
2003-03-17 00:00:00+09:00,893.1019287109375,893.1019287109375,893.1019287109375,893.1019287109375,0,0.0,0.0
2003-03-18 00:00:00+09:00,893.1019287109375,893.1019287109375,893.1019287109375,893.1019287109375,0,0.0,0.0
2003-03-19 00:00:00+09:00,893.1019287109375,893.1019287109375,893.1019287109375,893.1019287109375,0,0.0,0.0
2003-03-20 00:00:00+09:00,795.8333740234375,795.8333740234375,795.8333740234375,795.8333740234375,300,0.0,0.0
2003-03-21 00:00:00+09:00,795.8333740234375,795.8333740234375,795.8333740234375,795.8333740234375,0,0.0,0.0
2003-03-24 00:00:00+09:00,795.8333740234375,795.8333740234375,795.8333740234375,795.8333740234375,0,0.0,0.0
2003-03-25 00:00:00+09:00,884.2593383789062,884.2593383789062,884.2593383789062,884.2593383789062,300,0.0,0.0
2003-03-26 00:00:00+09:00,884.2593383789062,884.2593383789062,884.2593383789062,884.2593383789062,0,0.0,0.0
2003-03-27 00:00:00+09:00,884.2593383789062,884.2593383789062,884.2593383789062,884.2593383789062,0,0.0,0.0
2003-03-28 00:00:00+09:00,884.2593383789062,884.2593383789062,884.2593383789062,884.2593383789062,0,0.0,0.0
2003-03-31 00:00:00+09:00,884.2593383789062,884.2593383789062,884.2593383789062,884.2593383789062,0,0.0,0.0
2003-04-01 00:00:00+09:00,848.88896484375,884.2593383789062,848.88896484375,884.2593383789062,300,0.0,0.0
2003-04-02 00:00:00+09:00,928.4722900390625,928.4722900390625,928.4722900390625,928.4722900390625,100,0.0,0.0
2003-04-03 00:00:00+09:00,928.4722900390625,928.4722900390625,928.4722900390625,928.4722900390625,0,0.0,0.0
2003-04-04 00:00:00+09:00,884.2593383789062,884.2593383789062,884.2593383789062,884.2593383789062,200,0.0,0.0
2003-04-07 00:00:00+09:00,928.4722900390625,928.4722900390625,928.4722900390625,928.4722900390625,100,0.0,0.0
2003-04-08 00:00:00+09:00,928.4722900390625,928.4722900390625,928.4722900390625,928.4722900390625,0,0.0,0.0
2003-04-09 00:00:00+09:00,884.2593383789062,884.2593383789062,884.2593383789062,884.2593383789062,100,0.0,0.0
2003-04-10 00:00:00+09:00,884.2593383789062,884.2593383789062,884.2593383789062,884.2593383789062,0,0.0,0.0
2003-04-11 00:00:00+09:00,884.2593383789062,884.2593383789062,884.2593383789062,884.2593383789062,0,0.0,0.0
2003-04-14 00:00:00+09:00,884.2593383789062,884.2593383789062,884.2593383789062,884.2593383789062,0,0.0,0.0
2003-04-15 00:00:00+09:00,840.04638671875,840.04638671875,840.04638671875,840.04638671875,300,0.0,0.0
2003-04-16 00:00:00+09:00,840.04638671875,840.04638671875,840.04638671875,840.04638671875,300,0.0,0.0
2003-04-17 00:00:00+09:00,928.4722900390625,928.4722900390625,928.4722900390625,928.4722900390625,500,0.0,0.0
2003-04-18 00:00:00+09:00,928.4722900390625,928.4722900390625,928.4722900390625,928.4722900390625,0,0.0,0.0
2003-04-21 00:00:00+09:00,866.5740966796875,866.5740966796875,866.5740966796875,866.5740966796875,300,0.0,0.0
2003-04-22 00:00:00+09:00,866.5741429004854,910.787109375,866.5741429004854,910.787109375,1700,0.0,0.0
2003-04-23 00:00:00+09:00,884.2593294902913,910.787109375,884.2593294902913,910.787109375,1000,0.0,0.0
2003-04-24 00:00:00+09:00,910.787109375,910.787109375,910.787109375,910.787109375,500,0.0,0.0
2003-04-25 00:00:00+09:00,884.2593383789062,884.2593383789062,884.2593383789062,884.2593383789062,300,0.0,0.0
2003-04-28 00:00:00+09:00,910.787109375,910.787109375,910.787109375,910.787109375,900,0.0,0.0
2003-04-29 00:00:00+09:00,910.787109375,910.787109375,910.787109375,910.787109375,0,0.0,0.0
2003-04-30 00:00:00+09:00,910.787109375,910.787109375,910.787109375,910.787109375,0,0.0,0.0
2003-05-01 00:00:00+09:00,928.472450949929,972.6854248046875,928.472450949929,972.6854248046875,800,0.0,0.0
2003-05-02 00:00:00+09:00,1061.11125,1105.32421875,1061.11125,1105.32421875,200,0.0,0.0
2003-05-05 00:00:00+09:00,1105.32421875,1105.32421875,1105.32421875,1105.32421875,0,0.0,0.0
2003-05-06 00:00:00+09:00,1105.32421875,1105.32421875,1105.32421875,1105.32421875,500,0.0,0.0
2003-05-07 00:00:00+09:00,1016.8984375,1016.8984375,1016.8984375,1016.8984375,200,0.0,0.0
2003-05-08 00:00:00+09:00,1016.8984375,1016.8984375,1016.8984375,1016.8984375,0,0.0,0.0
2003-05-09 00:00:00+09:00,1016.8984375,1016.8984375,1016.8984375,1016.8984375,0,0.0,0.0
2003-05-12 00:00:00+09:00,972.6854248046875,972.6854248046875,972.6854248046875,972.6854248046875,200,0.0,0.0
2003-05-13 00:00:00+09:00,1016.8984375,1016.8984375,1016.8984375,1016.8984375,300,0.0,0.0
2003-05-14 00:00:00+09:00,1016.8984375,1016.8984375,1016.8984375,1016.8984375,0,0.0,0.0
2003-05-15 00:00:00+09:00,1016.8984375,1016.8984375,1016.8984375,1016.8984375,0,0.0,0.0
2003-05-16 00:00:00+09:00,972.6854248046875,972.6854248046875,972.6854248046875,972.6854248046875,200,0.0,0.0
2003-05-19 00:00:00+09:00,972.6854248046875,972.6854248046875,972.6854248046875,972.6854248046875,0,0.0,0.0
2003-05-20 00:00:00+09:00,972.6854248046875,972.6854248046875,972.6854248046875,972.6854248046875,100,0.0,0.0
2003-05-21 00:00:00+09:00,919.6298561789773,972.6854248046875,919.6298561789773,972.6854248046875,300,0.0,0.0
2003-05-22 00:00:00+09:00,928.4722900390625,928.4722900390625,928.4722900390625,928.4722900390625,100,0.0,0.0
2003-05-23 00:00:00+09:00,972.6854248046875,972.6854248046875,972.6854248046875,972.6854248046875,600,0.0,0.0
2003-05-26 00:00:00+09:00,972.6854248046875,972.6854248046875,972.6854248046875,972.6854248046875,300,0.0,0.0
2003-05-27 00:00:00+09:00,972.6854248046875,972.6854248046875,972.6854248046875,972.6854248046875,0,0.0,0.0
2003-05-28 00:00:00+09:00,972.6854248046875,972.6854248046875,972.6854248046875,972.6854248046875,0,0.0,0.0
2003-05-29 00:00:00+09:00,928.4722900390625,928.4722900390625,928.4722900390625,928.4722900390625,200,0.0,0.0
2003-05-30 00:00:00+09:00,928.4722900390625,928.4722900390625,928.4722900390625,928.4722900390625,200,0.0,0.0
2003-06-02 00:00:00+09:00,928.4722900390625,928.4722900390625,928.4722900390625,928.4722900390625,200,0.0,0.0
2003-06-03 00:00:00+09:00,928.4722900390625,928.4722900390625,928.4722900390625,928.4722900390625,100,0.0,0.0
2003-06-04 00:00:00+09:00,963.8427124023438,963.8427124023438,963.8427124023438,963.8427124023438,200,0.0,0.0
2003-06-05 00:00:00+09:00,963.8427124023438,963.8427124023438,963.8427124023438,963.8427124023438,100,0.0,0.0
2003-06-06 00:00:00+09:00,963.8427124023438,963.8427124023438,963.8427124023438,963.8427124023438,0,0.0,0.0
2003-06-09 00:00:00+09:00,928.4722900390625,928.4722900390625,928.4722900390625,928.4722900390625,100,0.0,0.0
2003-06-10 00:00:00+09:00,1016.8982224237352,1016.8982224237352,928.4722900390625,928.4722900390625,200,0.0,0.0
2003-06-11 00:00:00+09:00,884.2593691764622,963.8427124023438,884.2593691764622,963.8427124023438,500,0.0,0.0
2003-06-12 00:00:00+09:00,893.1019287109375,893.1019287109375,893.1019287109375,893.1019287109375,300,0.0,0.0
2003-06-13 00:00:00+09:00,928.4723376352853,963.8427124023438,893.1019628682268,963.8427124023438,600,0.0,0.0
2003-06-16 00:00:00+09:00,955.0002352627841,972.6854248046875,955.0002352627841,972.6854248046875,400,0.0,0.0
2003-06-17 00:00:00+09:00,981.5280195756393,981.5280195756393,972.6854248046875,972.6854248046875,500,0.0,0.0
2003-06-18 00:00:00+09:00,981.52783203125,981.52783203125,981.52783203125,981.52783203125,100,0.0,0.0
2003-06-19 00:00:00+09:00,981.52783203125,981.52783203125,981.52783203125,981.52783203125,0,0.0,0.0
2003-06-20 00:00:00+09:00,972.6854248046875,972.6854248046875,972.6854248046875,972.6854248046875,200,0.0,0.0
2003-06-23 00:00:00+09:00,1016.8982745529315,1016.8982745529315,963.8427124023438,963.8427124023438,600,0.0,0.0
2003-06-24 00:00:00+09:00,981.52783203125,981.52783203125,981.52783203125,981.52783203125,500,0.0,0.0
2003-06-25 00:00:00+09:00,981.52783203125,981.52783203125,981.52783203125,981.52783203125,0,0.0,0.0
2003-06-26 00:00:00+09:00,981.52783203125,981.52783203125,981.52783203125,981.52783203125,0,0.0,0.0
2003-06-27 00:00:00+09:00,981.52783203125,981.52783203125,981.52783203125,981.52783203125,0,0.0,0.0
2003-06-30 00:00:00+09:00,1008.0557071461396,1052.2686767578125,1008.0557071461396,1052.2686767578125,400,0.0,0.0
2003-07-01 00:00:00+09:00,1140.69472545277,1140.69472545277,972.6854248046875,972.6854248046875,600,0.0,0.0
2003-07-02 00:00:00+09:00,981.52783203125,981.52783203125,981.52783203125,981.52783203125,200,0.0,0.0
2003-07-03 00:00:00+09:00,1025.7410326086956,1025.7410326086956,1016.8984375,1016.8984375,300,0.0,0.0
2003-07-04 00:00:00+09:00,1016.8984375,1016.8984375,1016.8984375,1016.8984375,0,0.0,0.0
2003-07-07 00:00:00+09:00,1061.1112060546875,1061.1112060546875,1061.1112060546875,1061.1112060546875,100,0.0,0.0
2003-07-08 00:00:00+09:00,1069.95384375,1105.32421875,1069.95384375,1105.32421875,800,0.0,0.0
2003-07-09 00:00:00+09:00,999.213134765625,999.213134765625,999.213134765625,999.213134765625,100,0.0,0.0
2003-07-10 00:00:00+09:00,999.2130523681641,1061.1112060546875,999.2130523681641,1061.1112060546875,300,0.0,0.0
2003-07-11 00:00:00+09:00,1016.8984375,1016.8984375,1016.8984375,1016.8984375,300,0.0,0.0
2003-07-14 00:00:00+09:00,1016.8984375,1016.8984375,1016.8984375,1016.8984375,1400,0.0,0.0
2003-07-15 00:00:00+09:00,1016.8984375,1016.8984375,1016.8984375,1016.8984375,0,0.0,0.0
2003-07-16 00:00:00+09:00,1016.8984375,1016.8984375,1016.8984375,1016.8984375,0,0.0,0.0
2003-07-17 00:00:00+09:00,1016.8984932735049,1025.7410888671875,990.3707064924569,1025.7410888671875,900,0.0,0.0
2003-07-18 00:00:00+09:00,1025.7410888671875,1025.7410888671875,1025.7410888671875,1025.7410888671875,0,0.0,0.0
2003-07-21 00:00:00+09:00,1025.7410888671875,1025.7410888671875,1025.7410888671875,1025.7410888671875,0,0.0,0.0
2003-07-22 00:00:00+09:00,1043.4259033203125,1043.4259033203125,1043.4259033203125,1043.4259033203125,300,0.0,0.0
2003-07-23 00:00:00+09:00,1043.4259033203125,1043.4259033203125,1043.4259033203125,1043.4259033203125,0,0.0,0.0
2003-07-24 00:00:00+09:00,1043.4259033203125,1043.4259033203125,1043.4259033203125,1043.4259033203125,0,0.0,0.0
2003-07-25 00:00:00+09:00,1043.4259033203125,1043.4259033203125,1043.4259033203125,1043.4259033203125,100,0.0,0.0
2003-07-28 00:00:00+09:00,1043.4259033203125,1043.4259033203125,1043.4259033203125,1043.4259033203125,0,0.0,0.0
2003-07-29 00:00:00+09:00,1034.583310919293,1043.4259033203125,1034.583310919293,1043.4259033203125,200,0.0,0.0
2003-07-30 00:00:00+09:00,1061.1112060546875,1061.1112060546875,1061.1112060546875,1061.1112060546875,500,0.0,0.0
2003-07-31 00:00:00+09:00,1061.1112060546875,1061.1112060546875,1061.1112060546875,1061.1112060546875,100,0.0,0.0
2003-08-01 00:00:00+09:00,1061.1112060546875,1061.1112060546875,1061.1112060546875,1061.1112060546875,100,0.0,0.0
2003-08-04 00:00:00+09:00,1061.1112060546875,1061.1112060546875,1061.1112060546875,1061.1112060546875,0,0.0,0.0
2003-08-05 00:00:00+09:00,1105.32421875,1105.32421875,1105.32421875,1105.32421875,300,0.0,0.0
2003-08-06 00:00:00+09:00,1105.32421875,1105.32421875,1105.32421875,1105.32421875,100,0.0,0.0
2003-08-07 00:00:00+09:00,1105.32421875,1105.32421875,1105.32421875,1105.32421875,0,0.0,0.0
2003-08-08 00:00:00+09:00,1105.32421875,1105.32421875,1105.32421875,1105.32421875,200,0.0,0.0
2003-08-11 00:00:00+09:00,1105.32421875,1105.32421875,1105.32421875,1105.32421875,0,0.0,0.0
2003-08-12 00:00:00+09:00,1105.32421875,1105.32421875,1105.32421875,1105.32421875,300,0.0,0.0
2003-08-13 00:00:00+09:00,1105.32421875,1105.32421875,1105.32421875,1105.32421875,0,0.0,0.0
2003-08-14 00:00:00+09:00,1105.32421875,1105.32421875,1105.32421875,1105.32421875,0,0.0,0.0
2003-08-15 00:00:00+09:00,1114.1669921875,1114.1669921875,1114.1669921875,1114.1669921875,400,0.0,0.0
2003-08-18 00:00:00+09:00,1114.166766357422,1114.166766357422,1061.1112060546875,1061.1112060546875,700,0.0,0.0
2003-08-19 00:00:00+09:00,1069.9539794921875,1069.9539794921875,1069.9539794921875,1069.9539794921875,300,0.0,0.0
2003-08-20 00:00:00+09:00,1069.9539794921875,1069.9539794921875,1069.9539794921875,1069.9539794921875,0,0.0,0.0
2003-08-21 00:00:00+09:00,1069.9539794921875,1069.9539794921875,1069.9539794921875,1069.9539794921875,0,0.0,0.0
2003-08-22 00:00:00+09:00,1087.6392066592261,1114.1669921875,1061.1114211309525,1114.1669921875,400,0.0,0.0
2003-08-25 00:00:00+09:00,1114.1669921875,1114.1669921875,1114.1669921875,1114.1669921875,0,0.0,0.0
2003-08-26 00:00:00+09:00,1114.1669921875,1114.1669921875,1114.1669921875,1114.1669921875,0,0.0,0.0
2003-08-27 00:00:00+09:00,1131.851806640625,1131.851806640625,1131.851806640625,1131.851806640625,100,0.0,0.0
2003-08-28 00:00:00+09:00,1131.8520359848485,1167.222412109375,1131.8520359848485,1167.222412109375,800,0.0,0.0
2003-08-29 00:00:00+09:00,1158.3797607421875,1158.3797607421875,1158.3797607421875,1158.3797607421875,400,0.0,0.0
2003-09-01 00:00:00+09:00,1149.537109375,1149.537109375,1149.537109375,1149.537109375,700,0.0,0.0
2003-09-02 00:00:00+09:00,1149.5372240471117,1167.222412109375,1149.5372240471117,1167.222412109375,300,0.0,0.0
2003-09-03 00:00:00+09:00,1176.065185546875,1176.065185546875,1176.065185546875,1176.065185546875,200,0.0,0.0
2003-09-04 00:00:00+09:00,1176.0650553385417,1193.750244140625,1176.0650553385417,1193.750244140625,1200,0.0,0.0
2003-09-05 00:00:00+09:00,1193.7500583424287,1202.5926513671875,1193.7500583424287,1202.5926513671875,1000,0.0,0.0
2003-09-08 00:00:00+09:00,1202.5926513671875,1202.5926513671875,1202.5926513671875,1202.5926513671875,0,0.0,0.0
2003-09-09 00:00:00+09:00,1202.5928866621375,1220.278076171875,1202.5928866621375,1220.278076171875,600,0.0,0.0
2003-09-10 00:00:00+09:00,1229.1204833984375,1229.1204833984375,1229.1204833984375,1229.1204833984375,100,0.0,0.0
2003-09-11 00:00:00+09:00,1202.5926513671875,1202.5926513671875,1202.5926513671875,1202.5926513671875,100,0.0,0.0
2003-09-12 00:00:00+09:00,1220.2778899926934,1229.1204833984375,1220.2778899926934,1229.1204833984375,300,0.0,0.0
2003-09-15 00:00:00+09:00,1229.1204833984375,1229.1204833984375,1229.1204833984375,1229.1204833984375,0,0.0,0.0
2003-09-16 00:00:00+09:00,1229.1204833984375,1229.1204833984375,1229.1204833984375,1229.1204833984375,0,0.0,0.0
2003-09-17 00:00:00+09:00,1229.1204833984375,1229.1204833984375,1229.1204833984375,1229.1204833984375,100,0.0,0.0
2003-09-18 00:00:00+09:00,1229.1204833984375,1229.1204833984375,1229.1204833984375,1229.1204833984375,100,0.0,0.0
2003-09-19 00:00:00+09:00,1229.1204833984375,1229.1204833984375,1229.1204833984375,1229.1204833984375,0,0.0,0.0
2003-09-22 00:00:00+09:00,1237.963134765625,1237.963134765625,1237.963134765625,1237.963134765625,800,0.0,0.0
2003-09-23 00:00:00+09:00,1237.963134765625,1237.963134765625,1237.963134765625,1237.963134765625,0,0.0,0.0
2003-09-24 00:00:00+09:00,1255.648193359375,1255.648193359375,1255.648193359375,1255.648193359375,400,0.0,0.0
2003-09-25 00:00:00+09:00,1255.648322405134,1255.648322405134,1237.963134765625,1237.963134765625,300,0.0,0.0
2003-09-26 00:00:00+09:00,1255.648193359375,1255.648193359375,1255.648193359375,1255.648193359375,100,0.0,0.0
2003-09-29 00:00:00+09:00,1255.648173828125,1326.388916015625,1255.648173828125,1326.388916015625,400,0.0,0.0
2003-09-30 00:00:00+09:00,1308.7037304687499,1326.388916015625,1308.7037304687499,1326.388916015625,400,0.0,0.0
2003-10-01 00:00:00+09:00,1326.388916015625,1326.388916015625,1326.388916015625,1326.388916015625,0,0.0,0.0
2003-10-02 00:00:00+09:00,1344.0741015625,1344.0741015625,1326.388916015625,1326.388916015625,300,0.0,0.0
2003-10-03 00:00:00+09:00,1326.388916015625,1326.388916015625,1326.388916015625,1326.388916015625,0,0.0,0.0
2003-10-06 00:00:00+09:00,1335.231689453125,1335.231689453125,1335.231689453125,1335.231689453125,100,0.0,0.0
2003-10-07 00:00:00+09:00,1335.2315850619611,1335.2315850619611,1282.176025390625,1282.176025390625,400,0.0,0.0
2003-10-08 00:00:00+09:00,1335.231625205592,1344.07421875,1335.231625205592,1344.07421875,300,0.0,0.0
2003-10-09 00:00:00+09:00,1282.176025390625,1282.176025390625,1282.176025390625,1282.176025390625,100,0.0,0.0
2003-10-10 00:00:00+09:00,1282.176025390625,1282.176025390625,1282.176025390625,1282.176025390625,0,0.0,0.0
2003-10-13 00:00:00+09:00,1282.176025390625,1282.176025390625,1282.176025390625,1282.176025390625,0,0.0,0.0
2003-10-14 00:00:00+09:00,1291.018544921875,1326.388916015625,1291.018544921875,1326.388916015625,400,0.0,0.0
2003-10-15 00:00:00+09:00,1282.176025390625,1282.176025390625,1282.176025390625,1282.176025390625,100,0.0,0.0
2003-10-16 00:00:00+09:00,1282.176025390625,1282.176025390625,1282.176025390625,1282.176025390625,0,0.0,0.0
2003-10-17 00:00:00+09:00,1282.176025390625,1282.176025390625,1237.9630589978449,1282.176025390625,1300,0.0,0.0
2003-10-20 00:00:00+09:00,1282.1763301074955,1326.3893070077538,1176.065185546875,1176.065185546875,2800,0.0,0.0
2003-10-21 00:00:00+09:00,1176.065185546875,1176.065185546875,1176.065185546875,1176.065185546875,0,0.0,0.0
2003-10-22 00:00:00+09:00,1176.065185546875,1176.065185546875,1176.065185546875,1176.065185546875,0,0.0,0.0
2003-10-23 00:00:00+09:00,1176.065185546875,1176.065185546875,1176.065185546875,1176.065185546875,0,0.0,0.0
2003-10-24 00:00:00+09:00,1176.065185546875,1176.065185546875,1176.065185546875,1176.065185546875,0,0.0,0.0
2003-10-27 00:00:00+09:00,1237.963134765625,1237.963134765625,1237.963134765625,1237.963134765625,200,0.0,0.0
2003-10-28 00:00:00+09:00,1237.963134765625,1237.963134765625,1237.963134765625,1237.963134765625,0,0.0,0.0
2003-10-29 00:00:00+09:00,1237.963134765625,1237.963134765625,1237.963134765625,1237.963134765625,0,0.0,0.0
2003-10-30 00:00:00+09:00,1273.33359375,1273.33359375,1193.750244140625,1193.750244140625,1100,0.0,0.0
2003-10-31 00:00:00+09:00,1273.33349609375,1273.33349609375,1273.33349609375,1273.33349609375,200,0.0,0.0
2003-11-03 00:00:00+09:00,1273.33349609375,1273.33349609375,1273.33349609375,1273.33349609375,0,0.0,0.0
2003-11-04 00:00:00+09:00,1282.176025390625,1282.176025390625,1282.176025390625,1282.176025390625,200,0.0,0.0
2003-11-05 00:00:00+09:00,1282.176025390625,1282.176025390625,1282.176025390625,1282.176025390625,0,0.0,0.0
2003-11-06 00:00:00+09:00,1282.176025390625,1282.176025390625,1282.176025390625,1282.176025390625,0,0.0,0.0
2003-11-07 00:00:00+09:00,1282.176025390625,1282.176025390625,1282.176025390625,1282.176025390625,0,0.0,0.0
2003-11-10 00:00:00+09:00,1282.176025390625,1282.176025390625,1282.176025390625,1282.176025390625,0,0.0,0.0
2003-11-11 00:00:00+09:00,1282.176025390625,1282.176025390625,1282.176025390625,1282.176025390625,0,0.0,0.0
2003-11-12 00:00:00+09:00,1282.176025390625,1282.176025390625,1282.176025390625,1282.176025390625,0,0.0,0.0
2003-11-13 00:00:00+09:00,1282.176025390625,1282.176025390625,1282.176025390625,1282.176025390625,0,0.0,0.0
2003-11-14 00:00:00+09:00,1237.963134765625,1237.963134765625,1237.963134765625,1237.963134765625,200,0.0,0.0
2003-11-17 00:00:00+09:00,1237.963134765625,1237.963134765625,1237.963134765625,1237.963134765625,0,0.0,0.0
2003-11-18 00:00:00+09:00,1237.963134765625,1237.963134765625,1237.963134765625,1237.963134765625,0,0.0,0.0
2003-11-19 00:00:00+09:00,1237.963134765625,1237.963134765625,1237.963134765625,1237.963134765625,200,0.0,0.0
2003-11-20 00:00:00+09:00,1237.963134765625,1237.963134765625,1237.963134765625,1237.963134765625,0,0.0,0.0
2003-11-21 00:00:00+09:00,1237.963134765625,1237.963134765625,1237.963134765625,1237.963134765625,0,0.0,0.0
2003-11-24 00:00:00+09:00,1237.963134765625,1237.963134765625,1237.963134765625,1237.963134765625,0,0.0,0.0
2003-11-25 00:00:00+09:00,1237.963134765625,1237.963134765625,1237.963134765625,1237.963134765625,0,0.0,0.0
2003-11-26 00:00:00+09:00,1237.963134765625,1237.963134765625,1237.963134765625,1237.963134765625,0,0.0,0.0
2003-11-27 00:00:00+09:00,1237.963134765625,1237.963134765625,1237.963134765625,1237.963134765625,0,0.0,0.0
2003-11-28 00:00:00+09:00,1237.963134765625,1237.963134765625,1237.963134765625,1237.963134765625,500,0.0,0.0
2003-12-01 00:00:00+09:00,1237.963134765625,1237.963134765625,1237.963134765625,1237.963134765625,0,0.0,0.0
2003-12-02 00:00:00+09:00,1237.962949495789,1246.8055419921875,1237.962949495789,1246.8055419921875,300,0.0,0.0
2003-12-03 00:00:00+09:00,1237.963134765625,1237.963134765625,1237.963134765625,1237.963134765625,200,0.0,0.0
2003-12-04 00:00:00+09:00,1237.963134765625,1237.963134765625,1237.963134765625,1237.963134765625,0,0.0,0.0
2003-12-05 00:00:00+09:00,1237.963134765625,1237.963134765625,1237.963134765625,1237.963134765625,0,0.0,0.0
2003-12-08 00:00:00+09:00,1246.8057285853795,1246.8057285853795,1237.963134765625,1237.963134765625,400,0.0,0.0
2003-12-09 00:00:00+09:00,1237.963134765625,1237.963134765625,1237.963134765625,1237.963134765625,0,0.0,0.0
2003-12-10 00:00:00+09:00,1237.963134765625,1237.963134765625,1237.963134765625,1237.963134765625,0,0.0,0.0
2003-12-11 00:00:00+09:00,1061.1111778846152,1149.537109375,1061.1111778846152,1149.537109375,500,0.0,0.0
2003-12-12 00:00:00+09:00,1016.8983968098958,1220.278076171875,1016.8983968098958,1220.278076171875,600,0.0,0.0
2003-12-15 00:00:00+09:00,1220.278076171875,1220.278076171875,1220.278076171875,1220.278076171875,0,0.0,0.0
2003-12-16 00:00:00+09:00,1220.278076171875,1220.278076171875,1220.278076171875,1220.278076171875,0,0.0,0.0
2003-12-17 00:00:00+09:00,1220.278076171875,1220.278076171875,1220.278076171875,1220.278076171875,0,0.0,0.0
2003-12-18 00:00:00+09:00,1220.278076171875,1220.278076171875,1220.278076171875,1220.278076171875,0,0.0,0.0
2003-12-19 00:00:00+09:00,1078.7962845606162,1246.8055419921875,1078.7962845606162,1246.8055419921875,1100,0.0,0.0
2003-12-22 00:00:00+09:00,1229.1204833984375,1229.1204833984375,1229.1204833984375,1229.1204833984375,100,0.0,0.0
2003-12-23 00:00:00+09:00,1229.1204833984375,1229.1204833984375,1229.1204833984375,1229.1204833984375,0,0.0,0.0
2003-12-24 00:00:00+09:00,1052.2686152835545,1229.1204833984375,1052.2686152835545,1229.1204833984375,200,0.0,0.0
2003-12-25 00:00:00+09:00,1229.1204833984375,1229.1204833984375,1229.1204833984375,1229.1204833984375,0,0.0,0.0
2003-12-26 00:00:00+09:00,1229.1204833984375,1229.1204833984375,1229.1204833984375,1229.1204833984375,0,0.0,0.0
2003-12-29 00:00:00+09:00,1229.1204833984375,1229.1204833984375,1229.1204833984375,1229.1204833984375,0,0.0,0.0
2003-12-30 00:00:00+09:00,1229.1204833984375,1229.1204833984375,1229.1204833984375,1229.1204833984375,0,0.0,0.0
2003-12-31 00:00:00+09:00,1229.1204833984375,1229.1204833984375,1229.1204833984375,1229.1204833984375,0,0.0,0.0
2004-01-01 00:00:00+09:00,1229.1204833984375,1229.1204833984375,1229.1204833984375,1229.1204833984375,0,0.0,0.0
2004-01-02 00:00:00+09:00,1229.1204833984375,1229.1204833984375,1229.1204833984375,1229.1204833984375,0,0.0,0.0
2004-01-05 00:00:00+09:00,1237.963134765625,1237.963134765625,1237.963134765625,1237.963134765625,200,0.0,0.0
2004-01-06 00:00:00+09:00,1246.8057149251304,1282.1760898166233,1246.8057149251304,1273.33349609375,900,0.0,0.0
2004-01-07 00:00:00+09:00,1273.33349609375,1282.1760898166233,1273.33349609375,1273.33349609375,1100,0.0,0.0
2004-01-08 00:00:00+09:00,1273.33349609375,1273.33349609375,1273.33349609375,1273.33349609375,0,0.0,0.0
2004-01-09 00:00:00+09:00,1273.33349609375,1273.33349609375,1273.33349609375,1273.33349609375,0,0.0,0.0
2004-01-12 00:00:00+09:00,1273.33349609375,1273.33349609375,1273.33349609375,1273.33349609375,0,0.0,0.0
2004-01-13 00:00:00+09:00,1246.8055419921875,1246.8055419921875,1246.8055419921875,1246.8055419921875,100,0.0,0.0
2004-01-14 00:00:00+09:00,1246.8055419921875,1246.8055419921875,1246.8055419921875,1246.8055419921875,0,0.0,0.0
2004-01-15 00:00:00+09:00,1246.8055419921875,1246.8055419921875,1246.8055419921875,1246.8055419921875,0,0.0,0.0
2004-01-16 00:00:00+09:00,1246.8055419921875,1246.8055419921875,1246.8055419921875,1246.8055419921875,0,0.0,0.0
2004-01-19 00:00:00+09:00,1246.8055419921875,1246.8055419921875,1246.8055419921875,1246.8055419921875,0,0.0,0.0
2004-01-20 00:00:00+09:00,1246.8055419921875,1246.8055419921875,1246.8055419921875,1246.8055419921875,0,0.0,0.0
2004-01-21 00:00:00+09:00,1237.963134765625,1237.963134765625,1237.963134765625,1237.963134765625,100,0.0,0.0
2004-01-22 00:00:00+09:00,1237.963134765625,1237.963134765625,1237.963134765625,1237.963134765625,100,0.0,0.0
2004-01-23 00:00:00+09:00,1282.176025390625,1282.176025390625,1282.176025390625,1282.176025390625,100,0.0,0.0
2004-01-26 00:00:00+09:00,1291.018798828125,1291.018798828125,1291.018798828125,1291.018798828125,300,0.0,0.0
2004-01-27 00:00:00+09:00,1282.176025390625,1282.176025390625,1282.176025390625,1282.176025390625,200,0.0,0.0
2004-01-28 00:00:00+09:00,1282.176025390625,1282.176025390625,1282.176025390625,1282.176025390625,0,0.0,0.0
2004-01-29 00:00:00+09:00,1282.176025390625,1282.176025390625,1282.176025390625,1282.176025390625,100,0.0,0.0
2004-01-30 00:00:00+09:00,1326.388916015625,1326.388916015625,1326.388916015625,1326.388916015625,200,0.0,0.0
2004-02-02 00:00:00+09:00,1308.7039794921875,1308.7039794921875,1308.7039794921875,1308.7039794921875,100,0.0,0.0
2004-02-03 00:00:00+09:00,1308.7039794921875,1308.7039794921875,1308.7039794921875,1308.7039794921875,200,0.0,0.0
2004-02-04 00:00:00+09:00,1308.7039794921875,1308.7039794921875,1308.7039794921875,1308.7039794921875,0,0.0,0.0
2004-02-05 00:00:00+09:00,1282.176025390625,1282.176025390625,1282.176025390625,1282.176025390625,200,0.0,0.0
2004-02-06 00:00:00+09:00,1282.176025390625,1282.176025390625,1282.176025390625,1282.176025390625,0,0.0,0.0
2004-02-09 00:00:00+09:00,1282.176025390625,1282.176025390625,1282.176025390625,1282.176025390625,0,0.0,0.0
2004-02-10 00:00:00+09:00,1282.176025390625,1282.176025390625,1282.176025390625,1282.176025390625,0,0.0,0.0
2004-02-11 00:00:00+09:00,1282.176025390625,1282.176025390625,1282.176025390625,1282.176025390625,0,0.0,0.0
2004-02-12 00:00:00+09:00,1282.176025390625,1282.176025390625,1282.176025390625,1282.176025390625,0,0.0,0.0
2004-02-13 00:00:00+09:00,1282.176025390625,1282.176025390625,1282.176025390625,1282.176025390625,0,0.0,0.0
2004-02-16 00:00:00+09:00,1282.176025390625,1282.176025390625,1282.176025390625,1282.176025390625,0,0.0,0.0
2004-02-17 00:00:00+09:00,1282.176025390625,1282.176025390625,1282.176025390625,1282.176025390625,1500,0.0,0.0
2004-02-18 00:00:00+09:00,1335.231441323274,1352.9166259765625,1335.231441323274,1352.9166259765625,600,0.0,0.0
2004-02-19 00:00:00+09:00,1352.9166259765625,1352.9166259765625,1352.9166259765625,1352.9166259765625,200,0.0,0.0
2004-02-20 00:00:00+09:00,1352.9166259765625,1352.9166259765625,1352.9166259765625,1352.9166259765625,100,0.0,0.0
2004-02-23 00:00:00+09:00,1335.231441323274,1352.9166259765625,1335.231441323274,1352.9166259765625,200,0.0,0.0
2004-02-24 00:00:00+09:00,1352.916812294408,1352.916812294408,1344.07421875,1344.07421875,200,0.0,0.0
2004-02-25 00:00:00+09:00,1344.0741015625,1344.0741015625,1326.388916015625,1326.388916015625,400,0.0,0.0
2004-02-26 00:00:00+09:00,1326.38913668119,1397.12989063752,1326.38913668119,1379.4447021484375,700,0.0,0.0
2004-02-27 00:00:00+09:00,1379.444500694977,1441.3426513671875,1379.444500694977,1441.3426513671875,700,0.0,0.0
2004-03-01 00:00:00+09:00,1839.2596435546875,1839.2596435546875,1839.2596435546875,1839.2596435546875,800,0.0,0.0
2004-03-02 00:00:00+09:00,1839.2595052083334,1839.2595052083334,1724.3057861328125,1724.3057861328125,800,0.0,0.0
2004-03-03 00:00:00+09:00,1724.3057861328125,1724.3057861328125,1724.3057861328125,1724.3057861328125,0,0.0,0.0
2004-03-04 00:00:00+09:00,1715.4630126953125,1715.4630126953125,1715.4630126953125,1715.4630126953125,800,0.0,0.0
2004-03-05 00:00:00+09:00,1768.5186767578125,1768.5186767578125,1768.5186767578125,1768.5186767578125,100,0.0,0.0
2004-03-08 00:00:00+09:00,1503.2408900669643,1547.453857421875,1503.2408900669643,1547.453857421875,200,0.0,0.0
2004-03-09 00:00:00+09:00,1529.7686767578125,1529.7686767578125,1529.7686767578125,1529.7686767578125,300,0.0,0.0
2004-03-10 00:00:00+09:00,1529.7686767578125,1529.7686767578125,1529.7686767578125,1529.7686767578125,0,0.0,0.0
2004-03-11 00:00:00+09:00,1529.7686767578125,1529.7686767578125,1529.7686767578125,1529.7686767578125,0,0.0,0.0
2004-03-12 00:00:00+09:00,1573.981689453125,1573.981689453125,1573.981689453125,1573.981689453125,100,0.0,0.0
2004-03-15 00:00:00+09:00,1573.981689453125,1573.981689453125,1573.981689453125,1573.981689453125,0,0.0,0.0
2004-03-16 00:00:00+09:00,1680.0927153087798,1856.944580078125,1680.0927153087798,1856.944580078125,1200,0.0,0.0
2004-03-17 00:00:00+09:00,1856.944580078125,1856.944580078125,1856.944580078125,1856.944580078125,0,0.0,0.0
2004-03-18 00:00:00+09:00,1848.102017211914,1848.102017211914,1768.5186767578125,1768.5186767578125,1100,0.0,0.0
2004-03-19 00:00:00+09:00,1768.5186767578125,1768.5186767578125,1768.5186767578125,1768.5186767578125,0,0.0,0.0
2004-03-22 00:00:00+09:00,1741.9908447265625,1741.9908447265625,1741.9908447265625,1741.9908447265625,200,0.0,0.0
2004-03-23 00:00:00+09:00,1724.3057411595396,1724.3057411595396,1600.509431537829,1680.0927734375,1700,0.0,0.0
2004-03-24 00:00:00+09:00,1688.9354248046875,1688.9354248046875,1688.9354248046875,1688.9354248046875,200,0.0,0.0
2004-03-25 00:00:00+09:00,1662.407616696765,1759.6761474609375,1644.7224292850974,1759.6761474609375,1100,0.0,0.0
2004-03-26 00:00:00+09:00,1772.9733630438536,1772.9733630438536,1604.5408935546875,1604.5408935546875,1000,5.0,0.0
2004-03-29 00:00:00+09:00,1613.4056396484375,1622.270505800352,1613.4056396484375,1613.4056396484375,500,0.0,0.0
2004-03-30 00:00:00+09:00,1710.9194342229785,1719.7843017578125,1702.0545666881444,1719.7843017578125,300,0.0,0.0
2004-03-31 00:00:00+09:00,1719.7843017578125,1719.7843017578125,1719.7843017578125,1719.7843017578125,100,0.0,0.0
2004-04-01 00:00:00+09:00,1702.0545654296875,1702.0545654296875,1702.0545654296875,1702.0545654296875,100,0.0,0.0
2004-04-02 00:00:00+09:00,1702.0545654296875,1702.0545654296875,1702.0545654296875,1702.0545654296875,100,0.0,0.0
2004-04-05 00:00:00+09:00,1702.0545654296875,1702.0545654296875,1702.0545654296875,1702.0545654296875,0,0.0,0.0
2004-04-06 00:00:00+09:00,1622.270627185126,1622.270627185126,1604.5408935546875,1604.5408935546875,400,0.0,0.0
2004-04-07 00:00:00+09:00,1613.4056396484375,1613.4056396484375,1613.4056396484375,1613.4056396484375,200,0.0,0.0
2004-04-08 00:00:00+09:00,1613.4056396484375,1613.4056396484375,1613.4056396484375,1613.4056396484375,0,0.0,0.0
2004-04-09 00:00:00+09:00,1622.270751953125,1622.270751953125,1622.270751953125,1622.270751953125,100,0.0,0.0
2004-04-12 00:00:00+09:00,1622.270751953125,1622.270751953125,1622.270751953125,1622.270751953125,0,0.0,0.0
2004-04-13 00:00:00+09:00,1622.270751953125,1622.270751953125,1622.270751953125,1622.270751953125,600,0.0,0.0
2004-04-14 00:00:00+09:00,1640.00048828125,1640.00048828125,1640.00048828125,1640.00048828125,300,0.0,0.0
2004-04-15 00:00:00+09:00,1657.730224609375,1657.730224609375,1657.730224609375,1657.730224609375,100,0.0,0.0
2004-04-16 00:00:00+09:00,1640.00048828125,1640.00048828125,1640.00048828125,1640.00048828125,100,0.0,0.0
2004-04-19 00:00:00+09:00,1462.7030029296875,1462.7030029296875,1462.7030029296875,1462.7030029296875,400,0.0,0.0
2004-04-20 00:00:00+09:00,1462.7030029296875,1462.7030029296875,1462.7030029296875,1462.7030029296875,0,0.0,0.0
2004-04-21 00:00:00+09:00,1462.7030029296875,1462.7030029296875,1462.7030029296875,1462.7030029296875,0,0.0,0.0
2004-04-22 00:00:00+09:00,1462.7030029296875,1462.7030029296875,1462.7030029296875,1462.7030029296875,0,0.0,0.0
2004-04-23 00:00:00+09:00,1462.7030029296875,1462.7030029296875,1462.7030029296875,1462.7030029296875,0,0.0,0.0
2004-04-26 00:00:00+09:00,1533.6219482421875,1533.6219482421875,1533.6219482421875,1533.6219482421875,100,0.0,0.0
2004-04-27 00:00:00+09:00,1533.6219482421875,1533.6219482421875,1533.6219482421875,1533.6219482421875,0,0.0,0.0
2004-04-28 00:00:00+09:00,1586.8111572265625,1586.8111572265625,1586.8111572265625,1586.8111572265625,100,0.0,0.0
2004-04-29 00:00:00+09:00,1586.8111572265625,1586.8111572265625,1586.8111572265625,1586.8111572265625,0,0.0,0.0
2004-04-30 00:00:00+09:00,1586.8112757891074,1586.8112757891074,1542.4869384765625,1542.4869384765625,800,0.0,0.0
2004-05-03 00:00:00+09:00,1542.4869384765625,1542.4869384765625,1542.4869384765625,1542.4869384765625,0,0.0,0.0
2004-05-04 00:00:00+09:00,1542.4869384765625,1542.4869384765625,1542.4869384765625,1542.4869384765625,0,0.0,0.0
2004-05-05 00:00:00+09:00,1542.4869384765625,1542.4869384765625,1542.4869384765625,1542.4869384765625,0,0.0,0.0
2004-05-06 00:00:00+09:00,1542.4868218925562,1577.9462890625,1542.4868218925562,1577.9462890625,300,0.0,0.0
2004-05-07 00:00:00+09:00,1569.08154296875,1569.08154296875,1569.08154296875,1569.08154296875,100,0.0,0.0
2004-05-10 00:00:00+09:00,1569.08154296875,1569.08154296875,1569.08154296875,1569.08154296875,0,0.0,0.0
2004-05-11 00:00:00+09:00,1569.08154296875,1569.08154296875,1569.08154296875,1569.08154296875,0,0.0,0.0
2004-05-12 00:00:00+09:00,1569.08154296875,1569.08154296875,1569.08154296875,1569.08154296875,0,0.0,0.0
2004-05-13 00:00:00+09:00,1569.08154296875,1569.08154296875,1569.08154296875,1569.08154296875,0,0.0,0.0
2004-05-14 00:00:00+09:00,1569.08154296875,1569.08154296875,1569.08154296875,1569.08154296875,0,0.0,0.0
2004-05-17 00:00:00+09:00,1613.4056396484375,1613.4056396484375,1613.4056396484375,1613.4056396484375,100,0.0,0.0
2004-05-18 00:00:00+09:00,1613.4056396484375,1613.4056396484375,1613.4056396484375,1613.4056396484375,0,0.0,0.0
2004-05-19 00:00:00+09:00,1613.4056396484375,1613.4056396484375,1613.4056396484375,1613.4056396484375,0,0.0,0.0
2004-05-20 00:00:00+09:00,1586.8111572265625,1586.8111572265625,1586.8111572265625,1586.8111572265625,300,0.0,0.0
2004-05-21 00:00:00+09:00,1595.676024026711,1595.676024026711,1586.8111572265625,1586.8111572265625,200,0.0,0.0
2004-05-24 00:00:00+09:00,1604.5407734965231,1613.4056396484375,1604.5407734965231,1613.4056396484375,600,0.0,0.0
2004-05-25 00:00:00+09:00,1613.4056396484375,1613.4056396484375,1613.4056396484375,1613.4056396484375,1000,0.0,0.0
2004-05-26 00:00:00+09:00,1613.4056396484375,1613.4056396484375,1613.4056396484375,1613.4056396484375,0,0.0,0.0
2004-05-27 00:00:00+09:00,1613.4056396484375,1613.4056396484375,1613.4056396484375,1613.4056396484375,0,0.0,0.0
2004-05-28 00:00:00+09:00,1613.4056396484375,1613.4056396484375,1613.4056396484375,1613.4056396484375,0,0.0,0.0
2004-05-31 00:00:00+09:00,1489.2977294921875,1489.2977294921875,1489.2977294921875,1489.2977294921875,100,0.0,0.0
2004-06-01 00:00:00+09:00,1489.2977294921875,1489.2977294921875,1489.2977294921875,1489.2977294921875,0,0.0,0.0
2004-06-02 00:00:00+09:00,1418.3787818471337,1418.3787818471337,1391.7841796875,1391.7841796875,900,0.0,0.0
2004-06-03 00:00:00+09:00,1374.0544449144109,1391.7841796875,1374.0544449144109,1391.7841796875,400,0.0,0.0
2004-06-04 00:00:00+09:00,1391.7841796875,1391.7841796875,1391.7841796875,1391.7841796875,0,0.0,0.0
2004-06-07 00:00:00+09:00,1374.0545654296875,1382.91943359375,1374.0545654296875,1374.0545654296875,600,0.0,0.0
2004-06-08 00:00:00+09:00,1347.459716796875,1347.459716796875,1347.459716796875,1347.459716796875,100,0.0,0.0
2004-06-09 00:00:00+09:00,1356.3247054144247,1365.1895727700746,1338.594970703125,1338.594970703125,800,0.0,0.0
2004-06-10 00:00:00+09:00,1347.459716796875,1347.459716796875,1347.459716796875,1347.459716796875,100,0.0,0.0
2004-06-11 00:00:00+09:00,1374.0545654296875,1374.0545654296875,1374.0545654296875,1374.0545654296875,100,0.0,0.0
2004-06-14 00:00:00+09:00,1382.919194059552,1409.5137939453125,1382.919194059552,1409.5137939453125,400,0.0,0.0
2004-06-15 00:00:00+09:00,1409.5139167785644,1418.3787841796875,1409.5139167785644,1418.3787841796875,300,0.0,0.0
2004-06-16 00:00:00+09:00,1453.8382553288966,1453.8382553288966,1436.1085205078125,1436.1085205078125,400,0.0,0.0
2004-06-17 00:00:00+09:00,1436.1085205078125,1436.1085205078125,1436.1085205078125,1436.1085205078125,100,0.0,0.0
2004-06-18 00:00:00+09:00,1436.1085189819335,1436.1085189819335,1418.3787841796875,1418.3787841796875,300,0.0,0.0
2004-06-21 00:00:00+09:00,1418.3786605738994,1418.3786605738994,1409.5137939453125,1409.5137939453125,200,0.0,0.0
2004-06-22 00:00:00+09:00,1409.5137939453125,1409.5137939453125,1409.5137939453125,1409.5137939453125,200,0.0,0.0
2004-06-23 00:00:00+09:00,1418.3786605738994,1418.3786605738994,1409.5137939453125,1409.5137939453125,400,0.0,0.0
2004-06-24 00:00:00+09:00,1374.0545654296875,1374.0545654296875,1374.0545654296875,1374.0545654296875,300,0.0,0.0
2004-06-25 00:00:00+09:00,1391.7843017578125,1391.7843017578125,1374.0545654296875,1374.0545654296875,700,0.0,0.0
2004-06-28 00:00:00+09:00,1374.0545654296875,1374.0545654296875,1374.0545654296875,1374.0545654296875,100,0.0,0.0
2004-06-29 00:00:00+09:00,1374.054325924644,1400.64892578125,1374.054325924644,1400.64892578125,800,0.0,0.0
2004-06-30 00:00:00+09:00,1409.5137939453125,1409.5137939453125,1409.5137939453125,1409.5137939453125,100,0.0,0.0
2004-07-01 00:00:00+09:00,1427.2436530972705,1436.1085205078125,1427.2436530972705,1436.1085205078125,500,0.0,0.0
2004-07-02 00:00:00+09:00,1436.1085205078125,1436.1085205078125,1436.1085205078125,1436.1085205078125,100,0.0,0.0
2004-07-05 00:00:00+09:00,1444.9733894162061,1453.8382568359375,1444.9733894162061,1453.8382568359375,400,0.0,0.0
2004-07-06 00:00:00+09:00,1524.757080078125,1524.757080078125,1524.757080078125,1524.757080078125,300,0.0,0.0
2004-07-07 00:00:00+09:00,1515.8922104779413,1515.8922104779413,1507.02734375,1507.02734375,200,0.0,0.0
2004-07-08 00:00:00+09:00,1507.02734375,1507.02734375,1507.02734375,1507.02734375,0,0.0,0.0
2004-07-09 00:00:00+09:00,1480.432861328125,1480.432861328125,1480.432861328125,1480.432861328125,100,0.0,0.0
2004-07-12 00:00:00+09:00,1480.432861328125,1480.432861328125,1480.432861328125,1480.432861328125,0,0.0,0.0
2004-07-13 00:00:00+09:00,1498.1624755859375,1498.1624755859375,1498.1624755859375,1498.1624755859375,100,0.0,0.0
2004-07-14 00:00:00+09:00,1542.4868178013392,1551.3516845703125,1542.4868178013392,1551.3516845703125,200,0.0,0.0
2004-07-15 00:00:00+09:00,1551.3516845703125,1551.3516845703125,1551.3516845703125,1551.3516845703125,400,0.0,0.0
2004-07-16 00:00:00+09:00,1551.3516845703125,1551.3516845703125,1551.3516845703125,1551.3516845703125,0,0.0,0.0
2004-07-19 00:00:00+09:00,1551.3516845703125,1551.3516845703125,1551.3516845703125,1551.3516845703125,0,0.0,0.0
2004-07-20 00:00:00+09:00,1551.3516845703125,1551.3516845703125,1551.3516845703125,1551.3516845703125,0,0.0,0.0
2004-07-21 00:00:00+09:00,1551.3516845703125,1551.3516845703125,1551.3516845703125,1551.3516845703125,0,0.0,0.0
2004-07-22 00:00:00+09:00,1551.3516845703125,1551.3516845703125,1551.3516845703125,1551.3516845703125,0,0.0,0.0
2004-07-23 00:00:00+09:00,1551.3516845703125,1551.3516845703125,1551.3516845703125,1551.3516845703125,0,0.0,0.0
2004-07-26 00:00:00+09:00,1436.1085205078125,1436.1085205078125,1436.1085205078125,1436.1085205078125,300,0.0,0.0
2004-07-27 00:00:00+09:00,1436.1085189819335,1436.1085189819335,1418.3787841796875,1418.3787841796875,200,0.0,0.0
2004-07-28 00:00:00+09:00,1418.3787841796875,1418.3787841796875,1418.3787841796875,1418.3787841796875,100,0.0,0.0
2004-07-29 00:00:00+09:00,1400.64892578125,1400.64892578125,1400.64892578125,1400.64892578125,100,0.0,0.0
2004-07-30 00:00:00+09:00,1400.64892578125,1400.64892578125,1400.64892578125,1400.64892578125,0,0.0,0.0
2004-08-02 00:00:00+09:00,1542.4868046404367,1542.4868046404367,1471.56787109375,1471.56787109375,400,0.0,0.0
2004-08-03 00:00:00+09:00,1471.56787109375,1471.56787109375,1471.56787109375,1471.56787109375,0,0.0,0.0
2004-08-04 00:00:00+09:00,1471.56787109375,1471.56787109375,1471.56787109375,1471.56787109375,200,0.0,0.0
2004-08-05 00:00:00+09:00,1471.56787109375,1471.56787109375,1471.56787109375,1471.56787109375,0,0.0,0.0
2004-08-06 00:00:00+09:00,1471.56787109375,1471.56787109375,1471.56787109375,1471.56787109375,0,0.0,0.0
2004-08-09 00:00:00+09:00,1471.56787109375,1471.56787109375,1471.56787109375,1471.56787109375,0,0.0,0.0
2004-08-10 00:00:00+09:00,1471.56787109375,1471.56787109375,1471.56787109375,1471.56787109375,0,0.0,0.0
2004-08-11 00:00:00+09:00,1471.56787109375,1471.56787109375,1471.56787109375,1471.56787109375,0,0.0,0.0
2004-08-12 00:00:00+09:00,1471.56787109375,1471.56787109375,1471.56787109375,1471.56787109375,0,0.0,0.0
2004-08-13 00:00:00+09:00,1471.56787109375,1471.56787109375,1471.56787109375,1471.56787109375,0,0.0,0.0
2004-08-16 00:00:00+09:00,1409.5137939453125,1409.5137939453125,1409.5137939453125,1409.5137939453125,100,0.0,0.0
2004-08-17 00:00:00+09:00,1471.56787109375,1471.56787109375,1471.56787109375,1471.56787109375,200,0.0,0.0
2004-08-18 00:00:00+09:00,1471.56787109375,1471.56787109375,1471.56787109375,1471.56787109375,0,0.0,0.0
2004-08-19 00:00:00+09:00,1471.56787109375,1471.56787109375,1471.56787109375,1471.56787109375,0,0.0,0.0
2004-08-20 00:00:00+09:00,1471.56787109375,1471.56787109375,1471.56787109375,1471.56787109375,0,0.0,0.0
2004-08-23 00:00:00+09:00,1347.459846402392,1436.1085205078125,1347.459846402392,1436.1085205078125,400,0.0,0.0
2004-08-24 00:00:00+09:00,1436.1085205078125,1436.1085205078125,1436.1085205078125,1436.1085205078125,0,0.0,0.0
2004-08-25 00:00:00+09:00,1436.1085205078125,1436.1085205078125,1436.1085205078125,1436.1085205078125,0,0.0,0.0
2004-08-26 00:00:00+09:00,1436.1085205078125,1436.1085205078125,1436.1085205078125,1436.1085205078125,0,0.0,0.0
2004-08-27 00:00:00+09:00,1374.0545654296875,1374.0545654296875,1374.0545654296875,1374.0545654296875,200,0.0,0.0
2004-08-30 00:00:00+09:00,1374.0545654296875,1374.0545654296875,1374.0545654296875,1374.0545654296875,0,0.0,0.0
2004-08-31 00:00:00+09:00,1436.1085205078125,1436.1085205078125,1436.1085205078125,1436.1085205078125,100,0.0,0.0
2004-09-01 00:00:00+09:00,1436.1085205078125,1436.1085205078125,1436.1085205078125,1436.1085205078125,0,0.0,0.0
2004-09-02 00:00:00+09:00,1409.5139182761864,1436.1085205078125,1374.0544486340182,1436.1085205078125,700,0.0,0.0
2004-09-03 00:00:00+09:00,1436.1085205078125,1436.1085205078125,1436.1085205078125,1436.1085205078125,0,0.0,0.0
2004-09-06 00:00:00+09:00,1471.56787109375,1471.56787109375,1471.56787109375,1471.56787109375,100,0.0,0.0
2004-09-07 00:00:00+09:00,1471.56787109375,1471.56787109375,1471.56787109375,1471.56787109375,0,0.0,0.0
2004-09-08 00:00:00+09:00,1400.64892578125,1400.64892578125,1400.64892578125,1400.64892578125,100,0.0,0.0
2004-09-09 00:00:00+09:00,1347.4598372395833,1347.4598372395833,1329.7301025390625,1329.7301025390625,3200,0.0,0.0
2004-09-10 00:00:00+09:00,1329.7301025390625,1329.7301025390625,1329.7301025390625,1329.7301025390625,0,0.0,0.0
2004-09-13 00:00:00+09:00,1329.7301025390625,1329.7301025390625,1329.7301025390625,1329.7301025390625,0,0.0,0.0
2004-09-14 00:00:00+09:00,1329.7301025390625,1329.7301025390625,1329.7301025390625,1329.7301025390625,0,0.0,0.0
2004-09-15 00:00:00+09:00,1382.9193115234375,1382.9193115234375,1382.9193115234375,1382.9193115234375,400,0.0,0.0
2004-09-16 00:00:00+09:00,1382.9193115234375,1382.9193115234375,1382.9193115234375,1382.9193115234375,200,0.0,0.0
2004-09-17 00:00:00+09:00,1382.9193115234375,1382.9193115234375,1382.9193115234375,1382.9193115234375,0,0.0,0.0
2004-09-20 00:00:00+09:00,1382.9193115234375,1382.9193115234375,1382.9193115234375,1382.9193115234375,0,0.0,0.0
2004-09-21 00:00:00+09:00,1382.9193115234375,1382.9193115234375,1382.9193115234375,1382.9193115234375,0,0.0,0.0
2004-09-22 00:00:00+09:00,1382.9193115234375,1382.9193115234375,1382.9193115234375,1382.9193115234375,0,0.0,0.0
2004-09-23 00:00:00+09:00,1382.9193115234375,1382.9193115234375,1382.9193115234375,1382.9193115234375,0,0.0,0.0
2004-09-24 00:00:00+09:00,1382.9193115234375,1382.9193115234375,1382.9193115234375,1382.9193115234375,0,0.0,0.0
2004-09-27 00:00:00+09:00,1382.9193115234375,1382.9193115234375,1382.9193115234375,1382.9193115234375,0,0.0,0.0
2004-09-28 00:00:00+09:00,1347.459716796875,1347.459716796875,1347.459716796875,1347.459716796875,100,0.0,0.0
2004-09-29 00:00:00+09:00,1347.459716796875,1347.459716796875,1347.459716796875,1347.459716796875,0,0.0,0.0
2004-09-30 00:00:00+09:00,1374.0545654296875,1374.0545654296875,1374.0545654296875,1374.0545654296875,200,0.0,0.0
2004-10-01 00:00:00+09:00,1374.0544471740723,1418.3787841796875,1374.0544471740723,1418.3787841796875,300,0.0,0.0
2004-10-04 00:00:00+09:00,1418.3787841796875,1418.3787841796875,1418.3787841796875,1418.3787841796875,100,0.0,0.0
2004-10-05 00:00:00+09:00,1418.3787841796875,1418.3787841796875,1418.3787841796875,1418.3787841796875,400,0.0,0.0
2004-10-06 00:00:00+09:00,1418.3787841796875,1418.3787841796875,1418.3787841796875,1418.3787841796875,0,0.0,0.0
2004-10-07 00:00:00+09:00,1418.3787841796875,1418.3787841796875,1418.3787841796875,1418.3787841796875,0,0.0,0.0
2004-10-08 00:00:00+09:00,1418.3787841796875,1418.3787841796875,1418.3787841796875,1418.3787841796875,0,0.0,0.0
2004-10-11 00:00:00+09:00,1418.3787841796875,1418.3787841796875,1418.3787841796875,1418.3787841796875,0,0.0,0.0
2004-10-12 00:00:00+09:00,1418.3787841796875,1418.3787841796875,1418.3787841796875,1418.3787841796875,0,0.0,0.0
2004-10-13 00:00:00+09:00,1338.594970703125,1338.594970703125,1338.594970703125,1338.594970703125,100,0.0,0.0
2004-10-14 00:00:00+09:00,1338.594970703125,1338.594970703125,1338.594970703125,1338.594970703125,0,0.0,0.0
2004-10-15 00:00:00+09:00,1400.64892578125,1400.64892578125,1400.64892578125,1400.64892578125,300,0.0,0.0
2004-10-18 00:00:00+09:00,1374.0545654296875,1374.0545654296875,1374.0545654296875,1374.0545654296875,100,0.0,0.0
2004-10-19 00:00:00+09:00,1374.0545654296875,1374.0545654296875,1374.0545654296875,1374.0545654296875,100,0.0,0.0
2004-10-20 00:00:00+09:00,1374.0545654296875,1374.0545654296875,1374.0545654296875,1374.0545654296875,200,0.0,0.0
2004-10-21 00:00:00+09:00,1374.0545654296875,1374.0545654296875,1374.0545654296875,1374.0545654296875,0,0.0,0.0
2004-10-22 00:00:00+09:00,1374.0545654296875,1374.0545654296875,1374.0545654296875,1374.0545654296875,0,0.0,0.0
2004-10-25 00:00:00+09:00,1374.0545654296875,1374.0545654296875,1374.0545654296875,1374.0545654296875,0,0.0,0.0
2004-10-26 00:00:00+09:00,1374.0545654296875,1374.0545654296875,1374.0545654296875,1374.0545654296875,0,0.0,0.0
2004-10-27 00:00:00+09:00,1374.0545654296875,1374.0545654296875,1374.0545654296875,1374.0545654296875,0,0.0,0.0
2004-10-28 00:00:00+09:00,1374.0545654296875,1374.0545654296875,1374.0545654296875,1374.0545654296875,0,0.0,0.0
2004-10-29 00:00:00+09:00,1391.7841796875,1391.7841796875,1391.7841796875,1391.7841796875,200,0.0,0.0
2004-11-01 00:00:00+09:00,1152.4327518857758,1285.40576171875,1134.7030172413793,1285.40576171875,1100,0.0,0.0
2004-11-02 00:00:00+09:00,1276.5408943965517,1285.40576171875,1276.5408943965517,1285.40576171875,600,0.0,0.0
2004-11-03 00:00:00+09:00,1285.40576171875,1285.40576171875,1285.40576171875,1285.40576171875,0,0.0,0.0
2004-11-04 00:00:00+09:00,1285.4058837890625,1285.4058837890625,1241.08154296875,1249.9464111328125,700,0.0,0.0
2004-11-05 00:00:00+09:00,1249.9464111328125,1249.9464111328125,1249.9464111328125,1249.9464111328125,0,0.0,0.0
2004-11-08 00:00:00+09:00,1329.7301025390625,1329.7301025390625,1329.7301025390625,1329.7301025390625,300,0.0,0.0
2004-11-09 00:00:00+09:00,1329.7301025390625,1329.7301025390625,1329.7301025390625,1329.7301025390625,0,0.0,0.0
2004-11-10 00:00:00+09:00,1329.7301025390625,1329.7301025390625,1329.7301025390625,1329.7301025390625,0,0.0,0.0
2004-11-11 00:00:00+09:00,1400.64892578125,1400.64892578125,1400.64892578125,1400.64892578125,200,0.0,0.0
2004-11-12 00:00:00+09:00,1409.5137939453125,1409.5137939453125,1409.5137939453125,1409.5137939453125,100,0.0,0.0
2004-11-15 00:00:00+09:00,1409.5137939453125,1409.5137939453125,1409.5137939453125,1409.5137939453125,300,0.0,0.0
2004-11-16 00:00:00+09:00,1409.5137939453125,1409.5137939453125,1409.5137939453125,1409.5137939453125,0,0.0,0.0
2004-11-17 00:00:00+09:00,1409.5137939453125,1409.5137939453125,1409.5137939453125,1409.5137939453125,0,0.0,0.0
2004-11-18 00:00:00+09:00,1409.5137939453125,1409.5137939453125,1409.5137939453125,1409.5137939453125,0,0.0,0.0
2004-11-19 00:00:00+09:00,1409.5137939453125,1409.5137939453125,1409.5137939453125,1409.5137939453125,0,0.0,0.0
2004-11-22 00:00:00+09:00,1347.459716796875,1347.459716796875,1347.459716796875,1347.459716796875,200,0.0,0.0
2004-11-23 00:00:00+09:00,1347.459716796875,1347.459716796875,1347.459716796875,1347.459716796875,0,0.0,0.0
2004-11-24 00:00:00+09:00,1347.459716796875,1347.459716796875,1347.459716796875,1347.459716796875,0,0.0,0.0
2004-11-25 00:00:00+09:00,1347.459716796875,1347.459716796875,1347.459716796875,1347.459716796875,0,0.0,0.0
2004-11-26 00:00:00+09:00,1347.459716796875,1347.459716796875,1347.459716796875,1347.459716796875,0,0.0,0.0
2004-11-29 00:00:00+09:00,1347.459716796875,1347.459716796875,1347.459716796875,1347.459716796875,0,0.0,0.0
2004-11-30 00:00:00+09:00,1347.459716796875,1347.459716796875,1347.459716796875,1347.459716796875,0,0.0,0.0
2004-12-01 00:00:00+09:00,1436.1085205078125,1436.1085205078125,1436.1085205078125,1436.1085205078125,100,0.0,0.0
2004-12-02 00:00:00+09:00,1436.1085205078125,1436.1085205078125,1436.1085205078125,1436.1085205078125,100,0.0,0.0
2004-12-03 00:00:00+09:00,1312.0003645387415,1312.0003645387415,1276.5408952268835,1294.2706298828125,600,0.0,0.0
2004-12-06 00:00:00+09:00,1294.2706298828125,1294.2706298828125,1294.2706298828125,1294.2706298828125,0,0.0,0.0
2004-12-07 00:00:00+09:00,1427.2436442596234,1427.2436442596234,1338.594970703125,1338.594970703125,700,0.0,0.0
2004-12-08 00:00:00+09:00,1338.594970703125,1338.594970703125,1338.594970703125,1338.594970703125,0,0.0,0.0
2004-12-09 00:00:00+09:00,1338.594970703125,1338.594970703125,1338.594970703125,1338.594970703125,0,0.0,0.0
2004-12-10 00:00:00+09:00,1338.594970703125,1338.594970703125,1338.594970703125,1338.594970703125,0,0.0,0.0
2004-12-13 00:00:00+09:00,1400.6490462865586,1400.6490462865586,1382.9193115234375,1382.9193115234375,200,0.0,0.0
2004-12-14 00:00:00+09:00,1382.9193123009554,1391.7841796875,1382.9193123009554,1391.7841796875,200,0.0,0.0
2004-12-15 00:00:00+09:00,1391.7841796875,1391.7841796875,1391.7841796875,1391.7841796875,0,0.0,0.0
2004-12-16 00:00:00+09:00,1436.1084203827247,1577.9462890625,1436.1084203827247,1577.9462890625,900,0.0,0.0
2004-12-17 00:00:00+09:00,1577.9462890625,1577.9462890625,1577.9462890625,1577.9462890625,0,0.0,0.0
2004-12-20 00:00:00+09:00,1577.9462890625,1577.9462890625,1577.9462890625,1577.9462890625,0,0.0,0.0
2004-12-21 00:00:00+09:00,1577.9462890625,1577.9462890625,1577.9462890625,1577.9462890625,0,0.0,0.0
2004-12-22 00:00:00+09:00,1577.9462890625,1577.9462890625,1577.9462890625,1577.9462890625,0,0.0,0.0
2004-12-23 00:00:00+09:00,1577.9462890625,1577.9462890625,1577.9462890625,1577.9462890625,0,0.0,0.0
2004-12-24 00:00:00+09:00,1382.9193115234375,1382.9193115234375,1382.9193115234375,1382.9193115234375,100,0.0,0.0
2004-12-27 00:00:00+09:00,1409.513809742647,1515.8922104779413,1409.513809742647,1507.02734375,700,0.0,0.0
2004-12-28 00:00:00+09:00,1489.2977294921875,1489.2977294921875,1489.2977294921875,1489.2977294921875,100,0.0,0.0
2004-12-29 00:00:00+09:00,1489.2976171875,1551.3516845703125,1489.2976171875,1551.3516845703125,500,0.0,0.0
2004-12-30 00:00:00+09:00,1551.3516845703125,1551.3516845703125,1551.3516845703125,1551.3516845703125,100,0.0,0.0
2004-12-31 00:00:00+09:00,1551.3516845703125,1551.3516845703125,1551.3516845703125,1551.3516845703125,0,0.0,0.0
2005-01-03 00:00:00+09:00,1551.3516845703125,1551.3516845703125,1551.3516845703125,1551.3516845703125,0,0.0,0.0
2005-01-04 00:00:00+09:00,1542.4869384765625,1542.4869384765625,1542.4869384765625,1542.4869384765625,100,0.0,0.0
2005-01-05 00:00:00+09:00,1542.4869384765625,1542.4869384765625,1542.4869384765625,1542.4869384765625,100,0.0,0.0
2005-01-06 00:00:00+09:00,1542.4869384765625,1542.4869384765625,1542.4869384765625,1542.4869384765625,0,0.0,0.0
2005-01-07 00:00:00+09:00,1542.4869384765625,1542.4869384765625,1542.4869384765625,1542.4869384765625,0,0.0,0.0
2005-01-10 00:00:00+09:00,1542.4869384765625,1542.4869384765625,1542.4869384765625,1542.4869384765625,0,0.0,0.0
2005-01-11 00:00:00+09:00,1542.4868135674055,1542.4868135674055,1524.757080078125,1524.757080078125,200,0.0,0.0
2005-01-12 00:00:00+09:00,1524.757080078125,1524.757080078125,1524.757080078125,1524.757080078125,100,0.0,0.0
2005-01-13 00:00:00+09:00,1524.757080078125,1524.757080078125,1524.757080078125,1524.757080078125,0,0.0,0.0
2005-01-14 00:00:00+09:00,1533.6220710140535,1542.4869384765625,1533.6220710140535,1542.4869384765625,300,0.0,0.0
2005-01-17 00:00:00+09:00,1542.4869398637252,1560.2166748046875,1542.4869398637252,1560.2166748046875,600,0.0,0.0
2005-01-18 00:00:00+09:00,1577.9464157516893,1640.00048828125,1577.9464157516893,1640.00048828125,500,0.0,0.0
2005-01-19 00:00:00+09:00,1640.00048828125,1640.00048828125,1640.00048828125,1640.00048828125,0,0.0,0.0
2005-01-20 00:00:00+09:00,1640.00048828125,1640.00048828125,1640.00048828125,1640.00048828125,0,0.0,0.0
2005-01-21 00:00:00+09:00,1640.00048828125,1640.00048828125,1640.00048828125,1640.00048828125,0,0.0,0.0
2005-01-24 00:00:00+09:00,1640.00048828125,1640.00048828125,1640.00048828125,1640.00048828125,0,0.0,0.0
2005-01-25 00:00:00+09:00,1640.00048828125,1640.00048828125,1640.00048828125,1640.00048828125,0,0.0,0.0
2005-01-26 00:00:00+09:00,1640.00048828125,1640.00048828125,1640.00048828125,1640.00048828125,0,0.0,0.0
2005-01-27 00:00:00+09:00,1640.00048828125,1640.00048828125,1640.00048828125,1640.00048828125,0,0.0,0.0
2005-01-28 00:00:00+09:00,1640.00048828125,1640.00048828125,1640.00048828125,1640.00048828125,0,0.0,0.0
2005-01-31 00:00:00+09:00,1622.270751953125,1622.270751953125,1622.270751953125,1622.270751953125,100,0.0,0.0
2005-02-01 00:00:00+09:00,1622.270751953125,1622.270751953125,1622.270751953125,1622.270751953125,0,0.0,0.0
2005-02-02 00:00:00+09:00,1622.270753272804,1640.00048828125,1622.270753272804,1640.00048828125,300,0.0,0.0
2005-02-03 00:00:00+09:00,1622.2705017089843,1684.3245646158855,1595.6759033203125,1595.6759033203125,500,0.0,0.0
2005-02-04 00:00:00+09:00,1595.6759033203125,1595.6759033203125,1595.6759033203125,1595.6759033203125,0,0.0,0.0
2005-02-07 00:00:00+09:00,1595.6759033203125,1595.6759033203125,1595.6759033203125,1595.6759033203125,0,0.0,0.0
2005-02-08 00:00:00+09:00,1640.0003726356908,1684.32470703125,1640.0003726356908,1684.32470703125,200,0.0,0.0
2005-02-09 00:00:00+09:00,1675.4598388671875,1675.4598388671875,1675.4598388671875,1675.4598388671875,100,0.0,0.0
2005-02-10 00:00:00+09:00,1675.4598388671875,1675.4598388671875,1675.4598388671875,1675.4598388671875,0,0.0,0.0
2005-02-11 00:00:00+09:00,1675.4598388671875,1675.4598388671875,1675.4598388671875,1675.4598388671875,0,0.0,0.0
2005-02-14 00:00:00+09:00,1675.4598388671875,1675.4598388671875,1675.4598388671875,1675.4598388671875,200,0.0,0.0
2005-02-15 00:00:00+09:00,1675.4598388671875,1675.4598388671875,1675.4598388671875,1675.4598388671875,300,0.0,0.0
2005-02-16 00:00:00+09:00,1666.5950927734375,1675.45996028819,1666.5950927734375,1666.5950927734375,500,0.0,0.0
2005-02-17 00:00:00+09:00,1666.5950927734375,1666.5950927734375,1666.5950927734375,1666.5950927734375,0,0.0,0.0
2005-02-18 00:00:00+09:00,1666.5950927734375,1666.5950927734375,1666.5950927734375,1666.5950927734375,0,0.0,0.0
2005-02-21 00:00:00+09:00,1666.5950927734375,1666.5950927734375,1666.5950927734375,1666.5950927734375,0,0.0,0.0
2005-02-22 00:00:00+09:00,1595.6759033203125,1595.6759033203125,1595.6759033203125,1595.6759033203125,200,0.0,0.0
2005-02-23 00:00:00+09:00,1595.6759033203125,1595.6759033203125,1595.6759033203125,1595.6759033203125,300,0.0,0.0
2005-02-24 00:00:00+09:00,1595.6759033203125,1595.6759033203125,1595.6759033203125,1595.6759033203125,0,0.0,0.0
2005-02-25 00:00:00+09:00,1640.000238104181,1640.000238104181,1613.4056396484375,1613.4056396484375,400,0.0,0.0
2005-02-28 00:00:00+09:00,1622.270505800352,1622.270505800352,1613.4056396484375,1613.4056396484375,200,0.0,0.0
2005-03-01 00:00:00+09:00,1684.324713291266,1728.6490478515625,1684.324713291266,1728.6490478515625,1100,0.0,0.0
2005-03-02 00:00:00+09:00,1737.5137958042512,1746.378662109375,1737.5137958042512,1746.378662109375,500,0.0,0.0
2005-03-03 00:00:00+09:00,1772.9733836894134,1861.6220528738838,1737.513916015625,1737.513916015625,900,0.0,0.0
2005-03-04 00:00:00+09:00,1772.9733922798646,1799.5679931640625,1772.9733922798646,1799.5679931640625,300,0.0,0.0
2005-03-07 00:00:00+09:00,1808.4329833984375,1808.4329833984375,1808.4329833984375,1808.4329833984375,100,0.0,0.0
2005-03-08 00:00:00+09:00,1861.6221923828125,1861.6221923828125,1861.6221923828125,1861.6221923828125,600,0.0,0.0
2005-03-09 00:00:00+09:00,1879.35205078125,1879.35205078125,1835.0277099609375,1879.35205078125,1000,0.0,0.0
2005-03-10 00:00:00+09:00,1879.35205078125,1879.35205078125,1879.35205078125,1879.35205078125,100,0.0,0.0
2005-03-11 00:00:00+09:00,1888.216796875,1888.216796875,1888.216796875,1888.216796875,500,0.0,0.0
2005-03-14 00:00:00+09:00,1879.351808922313,1897.08154296875,1879.351808922313,1897.08154296875,700,0.0,0.0
2005-03-15 00:00:00+09:00,1888.2166759455315,1897.08154296875,1888.2166759455315,1897.08154296875,700,0.0,0.0
2005-03-16 00:00:00+09:00,1888.2167985704211,1914.8114013671875,1888.2167985704211,1914.8114013671875,300,0.0,0.0
2005-03-17 00:00:00+09:00,1914.8114013671875,1914.8114013671875,1914.8114013671875,1914.8114013671875,200,0.0,0.0
2005-03-18 00:00:00+09:00,1781.8383884254947,1932.5411376953125,1781.8383884254947,1932.5411376953125,700,0.0,0.0
2005-03-21 00:00:00+09:00,1932.5411376953125,1932.5411376953125,1932.5411376953125,1932.5411376953125,0,0.0,0.0
2005-03-22 00:00:00+09:00,1923.6763916015625,1950.27099609375,1817.2979736328125,1941.4061279296875,2000,0.0,0.0
2005-03-23 00:00:00+09:00,1950.2708740234375,1950.2708740234375,1950.2708740234375,1950.2708740234375,200,0.0,0.0
2005-03-24 00:00:00+09:00,1950.2707573784721,1994.5950927734373,1950.2707573784721,1994.5950927734375,2400,0.0,0.0
2005-03-25 00:00:00+09:00,2030.0546880307406,2038.9195556640625,1914.8114087975543,2038.9195556640625,600,0.0,0.0
2005-03-28 00:00:00+09:00,2016.708959211383,2025.5931396484375,2007.8247787743285,2025.5931396484375,700,5.0,0.0
2005-03-29 00:00:00+09:00,2025.5931396484375,2025.5931396484375,2025.5931396484375,2025.5931396484375,0,0.0,0.0
2005-03-30 00:00:00+09:00,2025.5931396484375,2025.5931396484375,2025.5931396484375,2025.5931396484375,0,0.0,0.0
2005-03-31 00:00:00+09:00,2025.5931649229074,2025.5931649229074,1812.3728317731277,2016.708984375,300,0.0,0.0
2005-04-01 00:00:00+09:00,2016.708984375,2016.708984375,2016.708984375,2016.708984375,0,0.0,0.0
2005-04-04 00:00:00+09:00,2016.708984375,2016.708984375,2016.708984375,2016.708984375,0,0.0,0.0
2005-04-05 00:00:00+09:00,1883.4464111328125,1883.4464111328125,1883.4464111328125,1883.4464111328125,300,0.0,0.0
2005-04-06 00:00:00+09:00,1830.14111328125,1830.14111328125,1830.14111328125,1830.14111328125,200,0.0,0.0
2005-04-07 00:00:00+09:00,1865.677978515625,1865.677978515625,1865.677978515625,1865.677978515625,100,0.0,0.0
2005-04-08 00:00:00+09:00,1865.6780487636352,1883.4464111328125,1865.6780487636352,1883.4464111328125,300,0.0,0.0
2005-04-11 00:00:00+09:00,1865.677978515625,1865.677978515625,1865.677978515625,1865.677978515625,100,0.0,0.0
2005-04-12 00:00:00+09:00,1865.677978515625,1865.677978515625,1865.677978515625,1865.677978515625,0,0.0,0.0
2005-04-13 00:00:00+09:00,1865.677978515625,1865.677978515625,1865.677978515625,1865.677978515625,0,0.0,0.0
2005-04-14 00:00:00+09:00,1865.677978515625,1865.677978515625,1865.677978515625,1865.677978515625,0,0.0,0.0
2005-04-15 00:00:00+09:00,1865.677978515625,1865.677978515625,1865.677978515625,1865.677978515625,200,0.0,0.0
2005-04-18 00:00:00+09:00,1865.677978515625,1865.677978515625,1865.677978515625,1865.677978515625,0,0.0,0.0
2005-04-19 00:00:00+09:00,1865.677978515625,1865.677978515625,1865.677978515625,1865.677978515625,0,0.0,0.0
2005-04-20 00:00:00+09:00,1954.519787016369,1954.519787016369,1865.677978515625,1865.677978515625,400,0.0,0.0
2005-04-21 00:00:00+09:00,1776.8360595703125,1776.8360595703125,1776.8360595703125,1776.8360595703125,100,0.0,0.0
2005-04-22 00:00:00+09:00,1776.8360595703125,1776.8360595703125,1776.8360595703125,1776.8360595703125,0,0.0,0.0
2005-04-25 00:00:00+09:00,1776.8360595703125,1776.8360595703125,1776.8360595703125,1776.8360595703125,0,0.0,0.0
2005-04-26 00:00:00+09:00,1776.8360595703125,1776.8360595703125,1776.8360595703125,1776.8360595703125,0,0.0,0.0
2005-04-27 00:00:00+09:00,1714.6470084256903,1910.0989990234375,1687.9944642532703,1910.0989990234375,400,0.0,0.0
2005-04-28 00:00:00+09:00,1910.0989990234375,1910.0989990234375,1910.0989990234375,1910.0989990234375,100,0.0,0.0
2005-04-29 00:00:00+09:00,1910.0989990234375,1910.0989990234375,1910.0989990234375,1910.0989990234375,0,0.0,0.0
2005-05-02 00:00:00+09:00,1910.0989990234375,1910.0989990234375,1910.0989990234375,1910.0989990234375,100,0.0,0.0
2005-05-03 00:00:00+09:00,1910.0989990234375,1910.0989990234375,1910.0989990234375,1910.0989990234375,0,0.0,0.0
2005-05-04 00:00:00+09:00,1910.0989990234375,1910.0989990234375,1910.0989990234375,1910.0989990234375,0,0.0,0.0
2005-05-05 00:00:00+09:00,1910.0989990234375,1910.0989990234375,1910.0989990234375,1910.0989990234375,0,0.0,0.0
2005-05-06 00:00:00+09:00,1910.0989990234375,1910.0989990234375,1910.0989990234375,1910.0989990234375,0,0.0,0.0
2005-05-09 00:00:00+09:00,1910.0989990234375,1910.0989990234375,1910.0989990234375,1910.0989990234375,100,0.0,0.0
2005-05-10 00:00:00+09:00,1910.0989990234375,1910.0989990234375,1910.0989990234375,1910.0989990234375,0,0.0,0.0
2005-05-11 00:00:00+09:00,1776.8360595703125,1776.8360595703125,1776.8360595703125,1776.8360595703125,300,0.0,0.0
2005-05-12 00:00:00+09:00,1776.8360595703125,1776.8360595703125,1776.8360595703125,1776.8360595703125,0,0.0,0.0
2005-05-13 00:00:00+09:00,1910.0987939667284,2025.5931396484375,1910.0987939667284,2025.5931396484375,400,0.0,0.0
2005-05-16 00:00:00+09:00,1998.9404296875,1998.9404296875,1998.9404296875,1998.9404296875,200,0.0,0.0
2005-05-17 00:00:00+09:00,1998.9404296875,1998.9404296875,1998.9404296875,1998.9404296875,0,0.0,0.0
2005-05-18 00:00:00+09:00,1998.9404296875,1998.9404296875,1998.9404296875,1998.9404296875,0,0.0,0.0
2005-05-19 00:00:00+09:00,1998.9404296875,1998.9404296875,1998.9404296875,1998.9404296875,0,0.0,0.0
2005-05-20 00:00:00+09:00,1998.9404296875,1998.9404296875,1998.9404296875,1998.9404296875,0,0.0,0.0
2005-05-23 00:00:00+09:00,1998.9404296875,1998.9404296875,1998.9404296875,1998.9404296875,0,0.0,0.0
2005-05-24 00:00:00+09:00,1998.9404296875,1998.9404296875,1998.9404296875,1998.9404296875,0,0.0,0.0
2005-05-25 00:00:00+09:00,1998.9404296875,1998.9404296875,1998.9404296875,1998.9404296875,0,0.0,0.0
2005-05-26 00:00:00+09:00,1865.677978515625,1865.677978515625,1865.677978515625,1865.677978515625,200,0.0,0.0
2005-05-27 00:00:00+09:00,1643.5733642578125,1643.5733642578125,1643.5733642578125,1643.5733642578125,200,0.0,0.0
2005-05-30 00:00:00+09:00,1643.5733642578125,1643.5733642578125,1643.5733642578125,1643.5733642578125,100,0.0,0.0
2005-05-31 00:00:00+09:00,1643.5733642578125,1643.5733642578125,1643.5733642578125,1643.5733642578125,0,0.0,0.0
2005-06-01 00:00:00+09:00,1750.18359375,1750.18359375,1750.18359375,1750.18359375,200,0.0,0.0
2005-06-02 00:00:00+09:00,1750.18359375,1750.18359375,1750.18359375,1750.18359375,0,0.0,0.0
2005-06-03 00:00:00+09:00,1750.18359375,1750.18359375,1750.18359375,1750.18359375,0,0.0,0.0
2005-06-06 00:00:00+09:00,1750.18359375,1750.18359375,1750.18359375,1750.18359375,0,0.0,0.0
2005-06-07 00:00:00+09:00,1839.0255126953125,1839.0255126953125,1839.0255126953125,1839.0255126953125,100,0.0,0.0
2005-06-08 00:00:00+09:00,1839.0255126953125,1839.0255126953125,1839.0255126953125,1839.0255126953125,100,0.0,0.0
2005-06-09 00:00:00+09:00,1839.0255126953125,1839.0255126953125,1839.0255126953125,1839.0255126953125,0,0.0,0.0
2005-06-10 00:00:00+09:00,1839.0255126953125,1839.0255126953125,1839.0255126953125,1839.0255126953125,0,0.0,0.0
2005-06-13 00:00:00+09:00,1839.0255126953125,1839.0255126953125,1839.0255126953125,1839.0255126953125,0,0.0,0.0
2005-06-14 00:00:00+09:00,1839.0255126953125,1839.0255126953125,1839.0255126953125,1839.0255126953125,0,0.0,0.0
2005-06-15 00:00:00+09:00,1776.8360595703125,1776.8360595703125,1776.8360595703125,1776.8360595703125,600,0.0,0.0
2005-06-16 00:00:00+09:00,1874.5621337890625,1874.5621337890625,1874.5621337890625,1874.5621337890625,400,0.0,0.0
2005-06-17 00:00:00+09:00,1874.5621337890625,1874.5621337890625,1874.5621337890625,1874.5621337890625,0,0.0,0.0
2005-06-20 00:00:00+09:00,1874.5621337890625,1874.5621337890625,1874.5621337890625,1874.5621337890625,0,0.0,0.0
2005-06-21 00:00:00+09:00,1874.5621337890625,1874.5621337890625,1874.5621337890625,1874.5621337890625,0,0.0,0.0
2005-06-22 00:00:00+09:00,1874.5621337890625,1874.5621337890625,1874.5621337890625,1874.5621337890625,0,0.0,0.0
2005-06-23 00:00:00+09:00,1874.5621337890625,1874.5621337890625,1874.5621337890625,1874.5621337890625,0,0.0,0.0
2005-06-24 00:00:00+09:00,1874.5621337890625,1874.5621337890625,1874.5621337890625,1874.5621337890625,0,0.0,0.0
2005-06-27 00:00:00+09:00,1874.5621337890625,1874.5621337890625,1874.5621337890625,1874.5621337890625,0,0.0,0.0
2005-06-28 00:00:00+09:00,1874.5621337890625,1874.5621337890625,1874.5621337890625,1874.5621337890625,0,0.0,0.0
2005-06-29 00:00:00+09:00,1874.5621337890625,1874.5621337890625,1874.5621337890625,1874.5621337890625,0,0.0,0.0
2005-06-30 00:00:00+09:00,1865.6778364039178,1865.6778364039178,1785.72021484375,1785.72021484375,200,0.0,0.0
2005-07-01 00:00:00+09:00,1785.72021484375,1785.72021484375,1785.72021484375,1785.72021484375,0,0.0,0.0
2005-07-04 00:00:00+09:00,1830.14111328125,1830.14111328125,1830.14111328125,1830.14111328125,100,0.0,0.0
2005-07-05 00:00:00+09:00,1821.2569580078125,1821.2569580078125,1821.2569580078125,1821.2569580078125,100,0.0,0.0
2005-07-06 00:00:00+09:00,1865.677859422637,1865.677859422637,1821.2569580078125,1821.2569580078125,200,0.0,0.0
2005-07-07 00:00:00+09:00,1821.2569580078125,1821.2569580078125,1821.2569580078125,1821.2569580078125,0,0.0,0.0
2005-07-08 00:00:00+09:00,1821.2569580078125,1821.2569580078125,1821.2569580078125,1821.2569580078125,0,0.0,0.0
2005-07-11 00:00:00+09:00,1954.519905977471,1954.519905977471,1910.0989990234375,1910.0989990234375,200,0.0,0.0
2005-07-12 00:00:00+09:00,1865.677978515625,1865.677978515625,1865.677978515625,1865.677978515625,200,0.0,0.0
2005-07-13 00:00:00+09:00,1865.677978515625,1865.677978515625,1865.677978515625,1865.677978515625,0,0.0,0.0
2005-07-14 00:00:00+09:00,1865.677978515625,1865.677978515625,1865.677978515625,1865.677978515625,0,0.0,0.0
2005-07-15 00:00:00+09:00,1865.677978515625,1865.677978515625,1865.677978515625,1865.677978515625,0,0.0,0.0
2005-07-18 00:00:00+09:00,1865.677978515625,1865.677978515625,1865.677978515625,1865.677978515625,0,0.0,0.0
2005-07-19 00:00:00+09:00,1918.983154296875,1918.983154296875,1918.983154296875,1918.983154296875,200,0.0,0.0
2005-07-20 00:00:00+09:00,1918.983154296875,1918.983154296875,1918.983154296875,1918.983154296875,0,0.0,0.0
2005-07-21 00:00:00+09:00,1776.8360595703125,1776.8360595703125,1776.8360595703125,1776.8360595703125,300,0.0,0.0
2005-07-22 00:00:00+09:00,1776.8360595703125,1776.8360595703125,1776.8360595703125,1776.8360595703125,0,0.0,0.0
2005-07-25 00:00:00+09:00,1776.8360595703125,1776.8360595703125,1776.8360595703125,1776.8360595703125,0,0.0,0.0
2005-07-26 00:00:00+09:00,1776.8360595703125,1776.8360595703125,1776.8360595703125,1776.8360595703125,0,0.0,0.0
2005-07-27 00:00:00+09:00,1910.0989990234375,1910.0989990234375,1910.0989990234375,1910.0989990234375,100,0.0,0.0
2005-07-28 00:00:00+09:00,1910.098973026982,1918.983154296875,1910.098973026982,1918.983154296875,500,0.0,0.0
2005-07-29 00:00:00+09:00,1910.0989472701253,1927.8673095703125,1910.0989472701253,1927.8673095703125,400,0.0,0.0
2005-08-01 00:00:00+09:00,1910.0989990234375,1910.0989990234375,1910.0989990234375,1910.0989990234375,100,0.0,0.0
2005-08-02 00:00:00+09:00,1865.677978515625,1865.677978515625,1865.677978515625,1865.677978515625,600,0.0,0.0
2005-08-03 00:00:00+09:00,1865.678092069404,1910.0989990234375,1847.9097292877907,1910.0989990234375,600,0.0,0.0
2005-08-04 00:00:00+09:00,1910.0989990234375,1910.0989990234375,1910.0989990234375,1910.0989990234375,0,0.0,0.0
2005-08-05 00:00:00+09:00,1910.0989990234375,1910.0989990234375,1910.0989990234375,1910.0989990234375,0,0.0,0.0
2005-08-08 00:00:00+09:00,1910.0987799813813,1910.0987799813813,1901.214599609375,1901.214599609375,600,0.0,0.0
2005-08-09 00:00:00+09:00,1901.214599609375,1901.214599609375,1901.214599609375,1901.214599609375,0,0.0,0.0
2005-08-10 00:00:00+09:00,1901.214599609375,1901.214599609375,1901.214599609375,1901.214599609375,0,0.0,0.0
2005-08-11 00:00:00+09:00,1901.214599609375,1901.214599609375,1901.214599609375,1901.214599609375,0,0.0,0.0
2005-08-12 00:00:00+09:00,1901.214599609375,1901.214599609375,1901.214599609375,1901.214599609375,0,0.0,0.0
2005-08-15 00:00:00+09:00,1901.2148176326307,1910.0989990234375,1901.2148176326307,1910.0989990234375,600,0.0,0.0
2005-08-16 00:00:00+09:00,1910.0987799813813,1910.0987799813813,1901.214599609375,1901.214599609375,300,0.0,0.0
2005-08-17 00:00:00+09:00,1892.330636241824,1954.519905977471,1892.330636241824,1910.0989990234375,2100,0.0,0.0
2005-08-18 00:00:00+09:00,2034.4772755015981,2256.5817815607247,1910.0987521084874,1954.5196533203125,7600,0.0,0.0
2005-08-19 00:00:00+09:00,2070.014114512568,2123.319199006454,1954.5197647758152,2043.361572265625,3500,0.0,0.0
2005-08-22 00:00:00+09:00,2070.0139964710584,2087.7823569557886,1936.7512928355825,1954.5196533203125,1600,0.0,0.0
2005-08-23 00:00:00+09:00,1963.4038335626776,1963.4038335626776,1954.5196533203125,1954.5196533203125,200,0.0,0.0
2005-08-24 00:00:00+09:00,1963.4036865234375,1963.4036865234375,1963.4036865234375,1963.4036865234375,200,0.0,0.0
2005-08-25 00:00:00+09:00,1945.6356201171875,1945.6356201171875,1945.6356201171875,1945.6356201171875,100,0.0,0.0
2005-08-26 00:00:00+09:00,1936.7515869140625,1954.5199500967603,1936.7515869140625,1936.7515869140625,300,0.0,0.0
2005-08-29 00:00:00+09:00,1918.9832237313647,1936.7515869140625,1910.0990421400159,1936.7515869140625,400,0.0,0.0
2005-08-30 00:00:00+09:00,1972.2880358014788,1990.056396484375,1972.2880358014788,1990.056396484375,200,0.0,0.0
2005-08-31 00:00:00+09:00,1972.2880358014788,1990.056396484375,1972.2880358014788,1990.056396484375,200,0.0,0.0
2005-09-01 00:00:00+09:00,2132.203125,2132.203125,1998.9404296875,1998.9404296875,400,0.0,0.0
2005-09-02 00:00:00+09:00,2016.708984375,2016.708984375,2016.708984375,2016.708984375,200,0.0,0.0
2005-09-05 00:00:00+09:00,2043.361328125,2149.971484375,2043.361328125,2132.203125,1300,0.0,0.0
2005-09-06 00:00:00+09:00,2141.0873046875,2203.2765625,2114.434765625,2132.203125,5100,0.0,0.0
2005-09-07 00:00:00+09:00,2203.2765625,2229.9291015625,2132.203125,2132.203125,2200,0.0,0.0
2005-09-08 00:00:00+09:00,2132.203379755435,2132.203379755435,2043.3615722656252,2043.361572265625,2900,0.0,0.0
2005-09-09 00:00:00+09:00,2087.782470703125,2087.782470703125,2070.0141092503327,2087.782470703125,600,0.0,0.0
2005-09-12 00:00:00+09:00,2070.014114512568,2087.78247601053,2043.3615722656252,2043.361572265625,300,0.0,0.0
2005-09-13 00:00:00+09:00,2096.66635863249,2149.971435546875,2096.66635863249,2149.971435546875,700,0.0,0.0
2005-09-14 00:00:00+09:00,2158.855615032606,2176.623974004068,2149.971435546875,2149.971435546875,1400,0.0,0.0
2005-09-15 00:00:00+09:00,2149.9717735877402,2976.2005956689795,2149.9717735877402,2540.875732421875,14300,0.0,0.0
2005-09-16 00:00:00+09:00,2567.5282010591945,2576.4123816856973,2221.045156625601,2309.886962890625,4600,0.0,0.0
2005-09-19 00:00:00+09:00,2309.886962890625,2309.886962890625,2309.886962890625,2309.886962890625,0,0.0,0.0
2005-09-20 00:00:00+09:00,2407.6130435341283,2425.3814054790296,2265.466147974918,2363.192138671875,3900,0.0,0.0
2005-09-21 00:00:00+09:00,2345.4235362787354,2363.1918964020592,2221.045015415469,2318.77099609375,2300,0.0,0.0
2005-09-22 00:00:00+09:00,2416.497130408654,2416.497130408654,2309.886962890625,2309.886962890625,2000,0.0,0.0
2005-09-23 00:00:00+09:00,2309.886962890625,2309.886962890625,2309.886962890625,2309.886962890625,0,0.0,0.0
2005-09-26 00:00:00+09:00,2292.118555447471,2354.3078185797667,2176.6242096303504,2283.234375,3600,0.0,0.0
2005-09-27 00:00:00+09:00,2283.234375,2292.118555447471,2221.0451118677042,2283.234375,1400,0.0,0.0
2005-09-28 00:00:00+09:00,2283.2344715207123,2301.0028331667877,2229.929386582485,2292.11865234375,800,0.0,0.0
2005-09-29 00:00:00+09:00,2301.0028331667877,2301.0028331667877,2292.11865234375,2292.11865234375,200,0.0,0.0
2005-09-30 00:00:00+09:00,2274.35025,2292.118611328125,2132.2033593749998,2221.045166015625,1000,0.0,0.0
2005-10-03 00:00:00+09:00,2221.0449701241355,2256.5816896461215,2221.0449701241355,2247.697509765625,1500,0.0,0.0
2005-10-04 00:00:00+09:00,2265.466552734375,2265.466552734375,2221.0456399356617,2265.466552734375,1200,0.0,0.0
2005-10-05 00:00:00+09:00,2203.2768046875,2221.045166015625,2203.2768046875,2221.045166015625,200,0.0,0.0
2005-10-06 00:00:00+09:00,2309.8869927495502,2487.5706075764388,2309.8869927495502,2469.80224609375,2000,0.0,0.0
2005-10-07 00:00:00+09:00,2380.9605006167762,2398.7288625616775,2363.192138671875,2363.192138671875,800,0.0,0.0
2005-10-10 00:00:00+09:00,2363.192138671875,2363.192138671875,2363.192138671875,2363.192138671875,0,0.0,0.0
2005-10-11 00:00:00+09:00,2327.655176155412,2336.539356217074,2309.886816032088,2318.77099609375,600,0.0,0.0
2005-10-12 00:00:00+09:00,2309.886816032088,2318.77099609375,2309.886816032088,2318.77099609375,400,0.0,0.0
2005-10-13 00:00:00+09:00,2318.7711435171273,2327.65532414363,2309.886962890625,2309.886962890625,500,0.0,0.0
2005-10-14 00:00:00+09:00,2309.886962890625,2354.307866023137,2309.886962890625,2309.886962890625,1800,0.0,0.0
2005-10-17 00:00:00+09:00,2363.1919914559926,2372.076171875,2345.4236306179773,2372.076171875,700,0.0,0.0
2005-10-18 00:00:00+09:00,2372.076168284697,2416.4970703125,2372.076168284697,2416.4970703125,1000,0.0,0.0
2005-10-19 00:00:00+09:00,2434.265378234207,2665.2540637600805,2434.265378234207,2478.686279296875,3200,0.0,0.0
2005-10-20 00:00:00+09:00,2496.45458984375,2674.1381905443727,2487.570409808719,2496.45458984375,3600,0.0,0.0
2005-10-21 00:00:00+09:00,2487.5705030487807,2549.759765625,2487.5705030487807,2549.759765625,400,0.0,0.0
2005-10-24 00:00:00+09:00,2531.991707938058,2576.412615094866,2443.149893624442,2487.57080078125,2700,0.0,0.0
2005-10-25 00:00:00+09:00,2398.7288383003715,2558.644094187063,2398.7288383003715,2540.875732421875,800,0.0,0.0
2005-10-26 00:00:00+09:00,2540.875619556865,3287.146780545594,2540.875619556865,2709.675048828125,18100,0.0,0.0
2005-10-27 00:00:00+09:00,2745.2117881373356,2798.516871402138,2531.991455078125,2531.991455078125,3300,0.0,0.0
2005-10-28 00:00:00+09:00,2576.4123272235574,3118.347333984375,2576.4123272235574,2887.358642578125,19400,0.0,0.0
2005-10-31 00:00:00+09:00,2940.663690630174,3198.304920322848,2620.8331985978893,2683.0224609375,21500,0.0,0.0
2005-11-01 00:00:00+09:00,3011.737588625343,3020.621770302704,2709.6754115950725,2834.053955078125,6300,0.0,0.0
2005-11-02 00:00:00+09:00,2887.3588943481445,2940.6639816284182,2842.93798828125,2842.93798828125,2300,0.0,0.0
2005-11-03 00:00:00+09:00,2842.93798828125,2842.93798828125,2842.93798828125,2842.93798828125,0,0.0,0.0
2005-11-04 00:00:00+09:00,2798.516805282492,2807.400985616722,2674.13828060327,2683.0224609375,2100,0.0,0.0
2005-11-07 00:00:00+09:00,2691.906683940272,2771.8643082157255,2683.0225034652217,2754.095947265625,3600,0.0,0.0
2005-11-08 00:00:00+09:00,2754.09595126793,2754.09595126793,2656.3699659003587,2709.675048828125,2300,0.0,0.0
2005-11-09 00:00:00+09:00,2709.6750528971356,2727.44341389974,2656.369969889323,2665.254150390625,700,0.0,0.0
2005-11-10 00:00:00+09:00,2665.25410026904,2683.0224609375,2665.25410026904,2683.0224609375,2600,0.0,0.0
2005-11-11 00:00:00+09:00,2691.9068346525496,2700.791015625,2691.9068346525496,2700.791015625,800,0.0,0.0
2005-11-14 00:00:00+09:00,2745.212002418155,2851.8221772693455,2700.791096230159,2798.51708984375,5200,0.0,0.0
2005-11-15 00:00:00+09:00,2789.6326774088543,2798.5168579101564,2656.369969889323,2665.254150390625,3000,0.0,0.0
2005-11-16 00:00:00+09:00,2656.3701171875,2665.254298181438,2656.3701171875,2656.3701171875,2100,0.0,0.0
2005-11-17 00:00:00+09:00,2603.064794423629,2611.948974609375,2523.1071727519134,2611.948974609375,3000,0.0,0.0
2005-11-18 00:00:00+09:00,2611.949075633082,2611.949075633082,2576.412353515625,2576.412353515625,900,0.0,0.0
2005-11-21 00:00:00+09:00,2576.412353515625,2576.412353515625,2576.412353515625,2576.412353515625,100,0.0,0.0
2005-11-22 00:00:00+09:00,2549.7598161663923,2558.643996710526,2531.991455078125,2531.991455078125,900,0.0,0.0
2005-11-23 00:00:00+09:00,2531.991455078125,2531.991455078125,2531.991455078125,2531.991455078125,0,0.0,0.0
2005-11-24 00:00:00+09:00,2531.991455078125,2540.875635622259,2531.991455078125,2531.991455078125,1700,0.0,0.0
2005-11-25 00:00:00+09:00,2540.875635622259,2540.875635622259,2531.991455078125,2531.991455078125,300,0.0,0.0
2005-11-28 00:00:00+09:00,2531.9918159816575,2531.9918159816575,2221.045452615489,2452.0341796875,2200,0.0,0.0
2005-11-29 00:00:00+09:00,2531.991468641493,2585.2965521918404,2221.0451479311346,2398.728759765625,1600,0.0,0.0
2005-11-30 00:00:00+09:00,2398.728759765625,2398.728759765625,2398.728759765625,2398.728759765625,0,0.0,0.0
2005-12-01 00:00:00+09:00,2389.8445791739005,2398.728759765625,2389.8445791739005,2398.728759765625,200,0.0,0.0
2005-12-02 00:00:00+09:00,2407.613037109375,2407.613037109375,2407.613037109375,2407.613037109375,200,0.0,0.0
2005-12-05 00:00:00+09:00,2398.728856160632,2407.613037109375,2398.728856160632,2407.613037109375,200,0.0,0.0
2005-12-06 00:00:00+09:00,2443.1495610814895,2452.033741303604,2434.265380859375,2434.265380859375,500,0.0,0.0
2005-12-07 00:00:00+09:00,2434.265380859375,2434.265380859375,2434.265380859375,2434.265380859375,0,0.0,0.0
2005-12-08 00:00:00+09:00,2443.1494140625,2443.1494140625,2443.1494140625,2443.1494140625,200,0.0,0.0
2005-12-09 00:00:00+09:00,2549.7598161663923,2762.980149225603,2496.45473290159,2531.991455078125,36400,0.0,0.0
2005-12-12 00:00:00+09:00,2549.759945260242,2718.559384145067,2514.2232212844897,2656.3701171875,6400,0.0,0.0
2005-12-13 00:00:00+09:00,2718.559237619174,2754.095959679555,2611.9490714380295,2620.833251953125,3400,0.0,0.0
2005-12-14 00:00:00+09:00,2531.991455078125,2531.991455078125,2523.107274533991,2531.991455078125,1200,0.0,0.0
2005-12-15 00:00:00+09:00,2523.107274533991,2531.991455078125,2523.107274533991,2531.991455078125,200,0.0,0.0
2005-12-16 00:00:00+09:00,2620.833251953125,2620.833251953125,2620.833251953125,2620.833251953125,400,0.0,0.0
2005-12-19 00:00:00+09:00,2620.833251953125,2620.833251953125,2620.833251953125,2620.833251953125,0,0.0,0.0
2005-12-20 00:00:00+09:00,2620.833251953125,2620.833251953125,2620.833251953125,2620.833251953125,0,0.0,0.0
2005-12-21 00:00:00+09:00,2452.033826104526,2620.833256162446,2443.1496455751617,2576.412353515625,600,0.0,0.0
2005-12-22 00:00:00+09:00,2523.107274533991,2531.991455078125,2523.107274533991,2531.991455078125,200,0.0,0.0
2005-12-23 00:00:00+09:00,2531.991455078125,2531.991455078125,2531.991455078125,2531.991455078125,0,0.0,0.0
2005-12-26 00:00:00+09:00,2443.1494140625,2443.1494140625,2443.1494140625,2443.1494140625,200,0.0,0.0
2005-12-27 00:00:00+09:00,2318.771040565462,2389.844482421875,2265.465959173153,2389.844482421875,1800,0.0,0.0
2005-12-28 00:00:00+09:00,2434.265816066576,2469.802543308424,2425.381634256114,2452.0341796875,1000,0.0,0.0
2005-12-29 00:00:00+09:00,2469.8020965146347,2531.9913579376653,2443.1495559047644,2523.107177734375,1100,0.0,0.0
2005-12-30 00:00:00+09:00,2523.107227947695,2531.991408327792,2505.3388671875,2505.3388671875,800,0.0,0.0
2006-01-02 00:00:00+09:00,2505.3388671875,2505.3388671875,2505.3388671875,2505.3388671875,0,0.0,0.0
2006-01-03 00:00:00+09:00,2505.3388671875,2505.3388671875,2505.3388671875,2505.3388671875,0,0.0,0.0
2006-01-04 00:00:00+09:00,2549.7596700539366,2549.7596700539366,2487.570409808719,2496.45458984375,1400,0.0,0.0
2006-01-05 00:00:00+09:00,2487.570409808719,2496.45458984375,2487.570409808719,2496.45458984375,800,0.0,0.0
2006-01-06 00:00:00+09:00,2496.45458984375,2496.45458984375,2496.45458984375,2496.45458984375,0,0.0,0.0
2006-01-09 00:00:00+09:00,2496.45458984375,2496.45458984375,2496.45458984375,2496.45458984375,0,0.0,0.0
2006-01-10 00:00:00+09:00,2496.45458984375,2514.222949913812,2443.149509633563,2496.45458984375,1000,0.0,0.0
2006-01-11 00:00:00+09:00,2531.9912601107003,2531.9912601107003,2505.3387205305876,2514.222900390625,1000,0.0,0.0
2006-01-12 00:00:00+09:00,2514.222900390625,2514.222900390625,2514.222900390625,2514.222900390625,0,0.0,0.0
2006-01-13 00:00:00+09:00,2487.570409808719,2496.45458984375,2487.570409808719,2496.45458984375,1000,0.0,0.0
2006-01-16 00:00:00+09:00,2496.45458984375,2496.45458984375,2496.45458984375,2496.45458984375,0,0.0,0.0
2006-01-17 00:00:00+09:00,2540.8756492332177,2549.7598298249422,2398.728759765625,2398.728759765625,2100,0.0,0.0
2006-01-18 00:00:00+09:00,2407.6134736902573,2407.6134736902573,2123.3196317784927,2265.466552734375,2700,0.0,0.0
2006-01-19 00:00:00+09:00,2327.6553195017686,2354.307861328125,2327.6553195017686,2354.307861328125,200,0.0,0.0
2006-01-20 00:00:00+09:00,2318.771134440104,2407.6129403573495,2318.771134440104,2398.728759765625,300,0.0,0.0
2006-01-23 00:00:00+09:00,2309.886962890625,2309.886962890625,2309.886962890625,2309.886962890625,100,0.0,0.0
2006-01-24 00:00:00+09:00,2354.307861328125,2354.307861328125,2354.307861328125,2354.307861328125,100,0.0,0.0
2006-01-25 00:00:00+09:00,2354.307861328125,2354.307861328125,2354.307861328125,2354.307861328125,0,0.0,0.0
2006-01-26 00:00:00+09:00,2372.076171875,2372.076171875,2372.076171875,2372.076171875,400,0.0,0.0
2006-01-27 00:00:00+09:00,2380.960494263146,2407.613037109375,2380.960494263146,2407.613037109375,700,0.0,0.0
2006-01-30 00:00:00+09:00,2452.0338846110612,2469.80224609375,2452.0338846110612,2469.80224609375,200,0.0,0.0
2006-01-31 00:00:00+09:00,2469.8018502900095,2469.8018502900095,2318.7708018909802,2345.42333984375,700,0.0,0.0
2006-02-01 00:00:00+09:00,2345.42333984375,2345.42333984375,2345.42333984375,2345.42333984375,0,0.0,0.0
2006-02-02 00:00:00+09:00,2354.307861328125,2354.307861328125,2354.307861328125,2354.307861328125,100,0.0,0.0
2006-02-03 00:00:00+09:00,2354.307861328125,2354.307861328125,2354.307861328125,2354.307861328125,0,0.0,0.0
2006-02-06 00:00:00+09:00,2434.265380859375,2434.265380859375,2425.3812006372605,2434.265380859375,700,0.0,0.0
2006-02-07 00:00:00+09:00,2434.265533902752,2434.265533902752,2309.8870029734144,2380.96044921875,800,0.0,0.0
2006-02-08 00:00:00+09:00,2363.1920876574163,2380.96044921875,2363.1920876574163,2380.96044921875,200,0.0,0.0
2006-02-09 00:00:00+09:00,2380.96044921875,2380.96044921875,2380.96044921875,2380.96044921875,0,0.0,0.0
2006-02-10 00:00:00+09:00,2380.96044921875,2380.96044921875,2380.96044921875,2380.96044921875,0,0.0,0.0
2006-02-13 00:00:00+09:00,2274.350735294118,2274.350735294118,2221.0456399356617,2265.466552734375,600,0.0,0.0
2006-02-14 00:00:00+09:00,2096.666651429521,2096.666651429521,2087.782470703125,2087.782470703125,200,0.0,0.0
2006-02-15 00:00:00+09:00,2132.2033641581634,2176.624267578125,2132.2033641581634,2176.624267578125,1100,0.0,0.0
2006-02-16 00:00:00+09:00,2176.6242626953126,2221.045166015625,2176.6242626953126,2221.045166015625,400,0.0,0.0
2006-02-17 00:00:00+09:00,2132.203125,2132.203125,2132.203125,2132.203125,100,0.0,0.0
2006-02-20 00:00:00+09:00,2043.3614253584958,2052.24560546875,2043.3614253584958,2052.24560546875,200,0.0,0.0
2006-02-21 00:00:00+09:00,2052.24560546875,2052.24560546875,2052.24560546875,2052.24560546875,0,0.0,0.0
2006-02-22 00:00:00+09:00,2043.3615722656252,2043.3615722656252,2034.477391516644,2043.361572265625,1000,0.0,0.0
2006-02-23 00:00:00+09:00,2034.477345470815,2043.3615260187223,1998.940623279185,2016.708984375,1600,0.0,0.0
2006-02-24 00:00:00+09:00,2052.2461713005514,2309.8874655330883,2052.2461713005514,2265.466552734375,800,0.0,0.0
2006-02-27 00:00:00+09:00,2265.466552734375,2265.466552734375,2265.466552734375,2265.466552734375,0,0.0,0.0
2006-02-28 00:00:00+09:00,2265.466119358113,2265.466119358113,2025.5932361319594,2034.4774169921875,1500,0.0,0.0
2006-03-01 00:00:00+09:00,1981.1723019863698,2123.31919360871,1865.6779525432182,2087.782470703125,2700,0.0,0.0
2006-03-02 00:00:00+09:00,2087.782470703125,2087.782470703125,2087.782470703125,2087.782470703125,0,0.0,0.0
2006-03-03 00:00:00+09:00,2087.7821284889155,2087.7821284889155,2078.89794921875,2078.89794921875,200,0.0,0.0
2006-03-06 00:00:00+09:00,2078.89794921875,2078.89794921875,2078.89794921875,2078.89794921875,0,0.0,0.0
2006-03-07 00:00:00+09:00,2078.89794921875,2078.89794921875,2078.89794921875,2078.89794921875,0,0.0,0.0
2006-03-08 00:00:00+09:00,2070.01416015625,2078.898341101127,2061.129979211373,2070.01416015625,1300,0.0,0.0
2006-03-09 00:00:00+09:00,2070.01416015625,2070.01416015625,2070.01416015625,2070.01416015625,0,0.0,0.0
2006-03-10 00:00:00+09:00,2078.898341101127,2078.898341101127,2070.01416015625,2070.01416015625,200,0.0,0.0
2006-03-13 00:00:00+09:00,2070.01416015625,2070.01416015625,2070.01416015625,2070.01416015625,0,0.0,0.0
2006-03-14 00:00:00+09:00,1998.9404296875,1998.9404296875,1998.9404296875,1998.9404296875,100,0.0,0.0
2006-03-15 00:00:00+09:00,1998.9404296875,1998.9404296875,1998.9404296875,1998.9404296875,0,0.0,0.0
2006-03-16 00:00:00+09:00,2087.782566911083,2096.666748046875,2087.782566911083,2096.666748046875,600,0.0,0.0
2006-03-17 00:00:00+09:00,2096.666748046875,2096.666748046875,2096.666748046875,2096.666748046875,0,0.0,0.0
2006-03-20 00:00:00+09:00,2096.666748046875,2096.666748046875,2096.666748046875,2096.666748046875,0,0.0,0.0
2006-03-21 00:00:00+09:00,2096.666748046875,2096.666748046875,2096.666748046875,2096.666748046875,0,0.0,0.0
2006-03-22 00:00:00+09:00,2096.666748046875,2096.666748046875,2096.666748046875,2096.666748046875,0,0.0,0.0
2006-03-23 00:00:00+09:00,1990.0566669002242,1990.0566669002242,1981.1724853515625,1981.1724853515625,300,0.0,0.0
2006-03-24 00:00:00+09:00,2087.781953357515,2416.496558779762,2087.781953357515,2238.81298828125,10900,0.0,0.0
2006-03-27 00:00:00+09:00,2229.9291519981352,2238.813331886574,2158.855712890625,2158.855712890625,600,0.0,0.0
2006-03-28 00:00:00+09:00,2136.60009765625,2136.60009765625,2136.60009765625,2136.60009765625,300,5.0,0.0
2006-03-29 00:00:00+09:00,2127.6974492612094,2136.599949048913,1958.549953294837,2047.574951171875,1400,0.0,0.0
2006-03-30 00:00:00+09:00,2136.60009765625,2136.60009765625,2136.60009765625,2136.60009765625,200,0.0,0.0
2006-03-31 00:00:00+09:00,2136.60009765625,2136.60009765625,2136.60009765625,2136.60009765625,0,0.0,0.0
2006-04-03 00:00:00+09:00,2003.062050559304,2056.477038574219,1958.549560546875,1958.549560546875,1400,0.0,0.0
2006-04-04 00:00:00+09:00,2047.574959891183,2670.7499476841517,2047.574959891183,2492.699951171875,53400,0.0,0.0
2006-04-05 00:00:00+09:00,2670.749557783019,2777.57954009434,2314.649616745283,2359.162109375,35000,0.0,0.0
2006-04-06 00:00:00+09:00,2385.869449013158,2412.5769428453946,2243.4294819078946,2368.064453125,4400,0.0,0.0
2006-04-07 00:00:00+09:00,2385.8696049528303,2385.8696049528303,2287.942121167453,2359.162109375,2300,0.0,0.0
2006-04-10 00:00:00+09:00,2350.2594962284484,2359.1619943202227,2287.9420095860273,2323.552001953125,900,0.0,0.0
2006-04-11 00:00:00+09:00,2270.13720703125,2270.13720703125,2270.13720703125,2270.13720703125,1200,0.0,0.0
2006-04-12 00:00:00+09:00,2225.624755859375,2234.5272548828125,2225.624755859375,2225.624755859375,700,0.0,0.0
2006-04-13 00:00:00+09:00,2181.1122607421876,2225.624755859375,2172.20976171875,2225.624755859375,1000,0.0,0.0
2006-04-14 00:00:00+09:00,2225.624755859375,2243.42975390625,2225.624755859375,2225.624755859375,500,0.0,0.0
2006-04-17 00:00:00+09:00,2270.1376037597656,2270.1376037597656,2127.6975972493487,2136.60009765625,700,0.0,0.0
2006-04-18 00:00:00+09:00,2092.087450110394,2100.989949898098,2047.574951171875,2047.574951171875,500,0.0,0.0
2006-04-19 00:00:00+09:00,2136.599765625,2279.03975,2118.794767578125,2225.624755859375,3000,0.0,0.0
2006-04-20 00:00:00+09:00,2163.3071947533067,2163.3071947533067,2136.5996985217844,2145.502197265625,400,0.0,0.0
2006-04-21 00:00:00+09:00,2136.599741790254,2145.50224071438,2047.5747525489935,2100.98974609375,900,0.0,0.0
2006-04-24 00:00:00+09:00,2100.98974609375,2100.98974609375,2100.98974609375,2100.98974609375,0,0.0,0.0
2006-04-25 00:00:00+09:00,2056.477187212776,2127.6971763803176,2047.574688566833,2118.794677734375,700,0.0,0.0
2006-04-26 00:00:00+09:00,2118.794677734375,2118.794677734375,2118.794677734375,2118.794677734375,0,0.0,0.0
2006-04-27 00:00:00+09:00,2118.7950595953525,2118.7950595953525,2083.18505859375,2083.18505859375,1000,0.0,0.0
2006-04-28 00:00:00+09:00,2065.3799507472827,2083.1849503226904,2011.9649520210598,2047.574951171875,2200,0.0,0.0
2006-05-01 00:00:00+09:00,2020.8670654296875,2029.7695635152807,2020.8670654296875,2020.8670654296875,400,0.0,0.0
2006-05-02 00:00:00+09:00,2029.7699515964675,2047.574951171875,2029.7699515964675,2047.574951171875,600,0.0,0.0
2006-05-03 00:00:00+09:00,2047.574951171875,2047.574951171875,2047.574951171875,2047.574951171875,0,0.0,0.0
2006-05-04 00:00:00+09:00,2047.574951171875,2047.574951171875,2047.574951171875,2047.574951171875,0,0.0,0.0
2006-05-05 00:00:00+09:00,2047.574951171875,2047.574951171875,2047.574951171875,2047.574951171875,0,0.0,0.0
2006-05-08 00:00:00+09:00,2047.574951171875,2047.574951171875,2047.574951171875,2047.574951171875,200,0.0,0.0
2006-05-09 00:00:00+09:00,2047.574951171875,2047.574951171875,2047.574951171875,2047.574951171875,300,0.0,0.0
2006-05-10 00:00:00+09:00,2047.574951171875,2047.574951171875,2047.574951171875,2047.574951171875,0,0.0,0.0
2006-05-11 00:00:00+09:00,2047.574951171875,2047.574951171875,2047.574951171875,2047.574951171875,400,0.0,0.0
2006-05-12 00:00:00+09:00,2109.892406055408,4095.149817660286,2047.574908830143,2412.577392578125,150700,0.0,0.0
2006-05-15 00:00:00+09:00,2572.822193707607,4006.1245230741283,2572.822193707607,3445.26708984375,221300,0.0,0.0
2006-05-16 00:00:00+09:00,3569.9015963040865,3756.8540489783654,2661.846826171875,2893.311767578125,122000,0.0,0.0
2006-05-17 00:00:00+09:00,2884.4095577116937,2893.3120563466064,2350.2596396169356,2483.797119140625,39400,0.0,0.0
2006-05-18 00:00:00+09:00,2572.8220739976414,2813.189534198113,2243.429628537736,2359.162109375,45600,0.0,0.0
2006-05-19 00:00:00+09:00,2457.089754971591,2759.774724786932,2368.064763849432,2448.187255859375,44000,0.0,0.0
2006-05-22 00:00:00+09:00,2394.7720279693604,2448.187017440796,2243.429557800293,2279.03955078125,8900,0.0,0.0
2006-05-23 00:00:00+09:00,2314.6495768229165,2661.847013346354,2314.6495768229165,2403.674560546875,66300,0.0,0.0
2006-05-24 00:00:00+09:00,2376.9670160466976,2385.8695142341385,2225.6245468602037,2350.259521484375,16000,0.0,0.0
2006-05-25 00:00:00+09:00,2403.674484779095,2412.5769828708694,2261.234515310704,2323.552001953125,7200,0.0,0.0
2006-05-26 00:00:00+09:00,2243.429443359375,2270.136936732701,2190.0144566127233,2243.429443359375,6700,0.0,0.0
2006-05-29 00:00:00+09:00,2225.6248961103724,2234.5273956948135,2083.1849027593084,2092.08740234375,5400,0.0,0.0
2006-05-30 00:00:00+09:00,2092.087450110394,2092.087450110394,2011.9649520210598,2047.574951171875,5100,0.0,0.0
2006-05-31 00:00:00+09:00,2029.7695445667614,2047.574540571733,1922.9395685369318,1958.549560546875,4200,0.0,0.0
2006-06-01 00:00:00+09:00,1976.3544867861588,2020.8669752272883,1860.6220168392215,2011.9644775390625,4100,0.0,0.0
2006-06-02 00:00:00+09:00,1958.5498930641968,1967.452392578125,1646.962410076711,1967.452392578125,7300,0.0,0.0
2006-06-05 00:00:00+09:00,1958.549578830534,2020.8670654296875,1958.549578830534,2020.8670654296875,2000,0.0,0.0
2006-06-06 00:00:00+09:00,1949.6470162527903,2020.8669985816593,1860.622038341704,1869.5245361328125,3300,0.0,0.0
2006-06-07 00:00:00+09:00,1869.5244727944428,1931.841955220924,1842.8169803259507,1887.3294677734375,2500,0.0,0.0
2006-06-08 00:00:00+09:00,1878.4271565755207,1887.3296549479167,1735.9871826171875,1735.9871826171875,4000,0.0,0.0
2006-06-09 00:00:00+09:00,1771.597224449044,1789.4022216796875,1727.0847313724348,1789.4022216796875,1300,0.0,0.0
2006-06-12 00:00:00+09:00,1816.1095493861608,1869.5245361328125,1798.3045538039435,1869.5245361328125,700,0.0,0.0
2006-06-13 00:00:00+09:00,1887.3296379502772,1905.1346345347138,1798.3046550280942,1807.2071533203125,1200,0.0,0.0
2006-06-14 00:00:00+09:00,1789.4022216796875,1807.2072189103312,1789.4022216796875,1789.4022216796875,1100,0.0,0.0
2006-06-15 00:00:00+09:00,1816.109612098107,1851.7196044921875,1816.109612098107,1851.7196044921875,400,0.0,0.0
2006-06-16 00:00:00+09:00,1914.0372219695348,1985.2572116242152,1914.0372219695348,1949.647216796875,3100,0.0,0.0
2006-06-19 00:00:00+09:00,1949.6473507903345,1958.5498501090117,1914.037353515625,1914.037353515625,2200,0.0,0.0
2006-06-20 00:00:00+09:00,1958.5498501090117,1958.5498501090117,1914.037353515625,1914.037353515625,1100,0.0,0.0
2006-06-21 00:00:00+09:00,1958.549560546875,1976.3545565518466,1922.9395685369318,1958.549560546875,800,0.0,0.0
2006-06-22 00:00:00+09:00,1958.549560546875,1958.549560546875,1958.549560546875,1958.549560546875,0,0.0,0.0
2006-06-23 00:00:00+09:00,1940.744851471657,1940.744851471657,1905.1348541969478,1914.037353515625,1600,0.0,0.0
2006-06-26 00:00:00+09:00,1914.0370250883557,1914.0370250883557,1869.5245361328125,1869.5245361328125,1300,0.0,0.0
2006-06-27 00:00:00+09:00,1869.524568256579,1878.427066200658,1851.719572368421,1860.6220703125,1400,0.0,0.0
2006-06-28 00:00:00+09:00,1851.7198988970588,2065.3798872313346,1842.8173993831306,1967.452392578125,5400,0.0,0.0
2006-06-29 00:00:00+09:00,1994.1594821626106,2368.0643850681,1958.549491409707,2011.9644775390625,23900,0.0,0.0
2006-06-30 00:00:00+09:00,2065.379463668418,2083.18445904487,2011.9644775390625,2011.9644775390625,4000,0.0,0.0
2006-07-03 00:00:00+09:00,2136.5996008460697,2136.5996008460697,2029.7696208037662,2038.672119140625,400,0.0,0.0
2006-07-04 00:00:00+09:00,2038.672119140625,2038.672119140625,2038.672119140625,2038.672119140625,0,0.0,0.0
2006-07-05 00:00:00+09:00,2011.964327003924,2020.8668240260652,1949.646847848935,1985.2568359375,1200,0.0,0.0
2006-07-06 00:00:00+09:00,1914.037077162001,1958.549567328559,1914.037077162001,1922.9395751953125,800,0.0,0.0
2006-07-07 00:00:00+09:00,1967.4524055164532,1967.4524055164532,1931.8424072265625,1931.8424072265625,400,0.0,0.0
2006-07-10 00:00:00+09:00,1958.5499059439805,1967.4524055164532,1931.8424072265625,1931.8424072265625,800,0.0,0.0
2006-07-11 00:00:00+09:00,1878.4271240234375,1905.1346186777992,1869.5246258053169,1878.4271240234375,1300,0.0,0.0
2006-07-12 00:00:00+09:00,1878.4271240234375,1878.4271240234375,1878.4271240234375,1878.4271240234375,0,0.0,0.0
2006-07-13 00:00:00+09:00,1869.5246006892278,1878.4270987877478,1851.7196044921875,1851.7196044921875,600,0.0,0.0
2006-07-14 00:00:00+09:00,1869.5247572746828,1878.427256118848,1833.9147618980223,1842.8172607421875,900,0.0,0.0
2006-07-17 00:00:00+09:00,1842.8172607421875,1842.8172607421875,1842.8172607421875,1842.8172607421875,0,0.0,0.0
2006-07-18 00:00:00+09:00,1833.9146647135415,1842.8171630859374,1735.9871826171875,1735.9871826171875,3000,0.0,0.0
2006-07-19 00:00:00+09:00,1735.9871826171875,1744.8896809895832,1735.9871826171875,1735.9871826171875,1500,0.0,0.0
2006-07-20 00:00:00+09:00,1753.7921392822266,1789.4021319580077,1753.7921392822266,1780.4996337890625,600,0.0,0.0
2006-07-21 00:00:00+09:00,1780.499845805921,1780.499845805921,1682.5723542865956,1691.474853515625,1100,0.0,0.0
2006-07-24 00:00:00+09:00,1682.5721846537374,1780.4996663002512,1646.9621913277324,1771.59716796875,2000,0.0,0.0
2006-07-25 00:00:00+09:00,1780.4998224431818,1869.524813565341,1762.69482421875,1762.69482421875,2800,0.0,0.0
2006-07-26 00:00:00+09:00,1771.5971356201171,1780.4996337890625,1718.1821466064453,1780.4996337890625,1400,0.0,0.0
2006-07-27 00:00:00+09:00,1762.69482421875,1780.4998224431818,1762.69482421875,1762.69482421875,600,0.0,0.0
2006-07-28 00:00:00+09:00,1771.597364416788,2047.574843295785,1771.597364416788,1914.037353515625,5800,0.0,0.0
2006-07-31 00:00:00+09:00,2038.672235313821,2047.574734157986,1807.2072653655268,1842.8172607421875,2900,0.0,0.0
2006-08-01 00:00:00+09:00,1816.1097412109375,1825.0122399423635,1816.1097412109375,1816.1097412109375,700,0.0,0.0
2006-08-02 00:00:00+09:00,1878.4270339239213,1878.4270339239213,1851.7195405505952,1869.5245361328125,500,0.0,0.0
2006-08-03 00:00:00+09:00,1860.6222584305176,1869.5247572746828,1833.9147618980223,1842.8172607421875,600,0.0,0.0
2006-08-04 00:00:00+09:00,1833.914544968378,1914.0370250883557,1833.914544968378,1869.5245361328125,1100,0.0,0.0
2006-08-07 00:00:00+09:00,1878.427256118848,1878.427256118848,1842.8172607421875,1842.8172607421875,300,0.0,0.0
2006-08-08 00:00:00+09:00,1833.9147618980223,1842.8172607421875,1833.9147618980223,1842.8172607421875,200,0.0,0.0
2006-08-09 00:00:00+09:00,1851.719669675364,1851.719669675364,1833.9146728515625,1833.9146728515625,200,0.0,0.0
2006-08-10 00:00:00+09:00,1869.5246258053169,1967.452106204643,1860.6221275871965,1878.4271240234375,2300,0.0,0.0
2006-08-11 00:00:00+09:00,1851.7195405505952,1869.5245361328125,1851.7195405505952,1869.5245361328125,1000,0.0,0.0
2006-08-14 00:00:00+09:00,1878.4271240234375,1878.4271240234375,1869.5246258053169,1878.4271240234375,400,0.0,0.0
2006-08-15 00:00:00+09:00,1940.744906799035,1940.744906799035,1931.8424072265625,1931.8424072265625,600,0.0,0.0
2006-08-16 00:00:00+09:00,2136.599540542401,2403.674483110201,1967.4520769161275,2020.8670654296875,26500,0.0,0.0
2006-08-17 00:00:00+09:00,2136.599949048913,2136.599949048913,2003.062452233356,2047.574951171875,2000,0.0,0.0
2006-08-18 00:00:00+09:00,1994.1598911199094,2011.9648901477658,1967.452392578125,1967.452392578125,3000,0.0,0.0
2006-08-21 00:00:00+09:00,1985.2570160590278,2011.9645095486112,1985.2570160590278,2003.06201171875,1500,0.0,0.0
2006-08-22 00:00:00+09:00,2020.8673552092132,2020.8673552092132,1967.4523590362824,1976.3548583984375,500,0.0,0.0
2006-08-23 00:00:00+09:00,1949.6473935502686,1967.452392578125,1940.7448940363404,1967.452392578125,1700,0.0,0.0
2006-08-24 00:00:00+09:00,1967.4520203993056,2003.06201171875,1949.6470247395835,2003.06201171875,1400,0.0,0.0
2006-08-25 00:00:00+09:00,2011.9649060837764,2136.5999002659573,1994.1599069148936,2092.08740234375,4800,0.0,0.0
2006-08-28 00:00:00+09:00,2083.1844921875,2092.086990017361,2003.06201171875,2003.06201171875,2400,0.0,0.0
2006-08-29 00:00:00+09:00,1994.1598571227478,1994.1598571227478,1967.4523590362824,1976.3548583984375,800,0.0,0.0
2006-08-30 00:00:00+09:00,1958.5498596741272,1976.3548583984375,1958.5498596741272,1976.3548583984375,1000,0.0,0.0
2006-08-31 00:00:00+09:00,1967.452392578125,1976.354892092053,1949.6473935502686,1967.452392578125,1800,0.0,0.0
2006-09-01 00:00:00+09:00,1976.3548583984375,1976.3548583984375,1967.4523590362824,1976.3548583984375,800,0.0,0.0
2006-09-04 00:00:00+09:00,1976.3548583984375,1985.2573577605926,1976.3548583984375,1976.3548583984375,400,0.0,0.0
2006-09-05 00:00:00+09:00,2003.06201171875,2003.06201171875,1985.2570160590278,2003.06201171875,400,0.0,0.0
2006-09-06 00:00:00+09:00,1994.1599524456524,2047.574951171875,1994.1599524456524,2047.574951171875,1200,0.0,0.0
2006-09-07 00:00:00+09:00,2038.6723843278555,2065.3798828125,2011.964885843211,2065.3798828125,400,0.0,0.0
2006-09-08 00:00:00+09:00,2065.3798828125,2074.2823823073813,2047.5748838227369,2065.3798828125,1100,0.0,0.0
2006-09-11 00:00:00+09:00,2047.5743150924889,2047.5743150924889,1985.2568359375,1985.2568359375,700,0.0,0.0
2006-09-12 00:00:00+09:00,1958.5493448710763,2003.0618299817825,1958.5493448710763,1985.2568359375,1200,0.0,0.0
2006-09-13 00:00:00+09:00,1985.2570545543324,2003.062050559304,1958.549560546875,1958.549560546875,500,0.0,0.0
2006-09-14 00:00:00+09:00,1967.4518418932175,1985.2568359375,1958.5493448710763,1985.2568359375,800,0.0,0.0
2006-09-15 00:00:00+09:00,1985.2568359375,1985.2568359375,1967.4518418932175,1985.2568359375,1000,0.0,0.0
2006-09-18 00:00:00+09:00,1985.2568359375,1985.2568359375,1985.2568359375,1985.2568359375,0,0.0,0.0
2006-09-19 00:00:00+09:00,1976.3543389153588,1985.2568359375,1976.3543389153588,1985.2568359375,200,0.0,0.0
2006-09-20 00:00:00+09:00,2003.0621664864677,2003.0621664864677,1994.15966796875,1994.15966796875,300,0.0,0.0
2006-09-21 00:00:00+09:00,1922.9395685369318,1985.2570545543324,1922.9395685369318,1958.549560546875,2100,0.0,0.0
2006-09-22 00:00:00+09:00,1976.3543389153588,1985.2568359375,1967.4518418932175,1985.2568359375,800,0.0,0.0
2006-09-25 00:00:00+09:00,1958.549560546875,1976.3545565518466,1949.6470625443892,1958.549560546875,1700,0.0,0.0
2006-09-26 00:00:00+09:00,1985.2573577605926,1985.2573577605926,1976.3548583984375,1976.3548583984375,700,0.0,0.0
2006-09-27 00:00:00+09:00,1958.5498596741272,1976.3548583984375,1958.5498596741272,1976.3548583984375,600,0.0,0.0
2006-09-28 00:00:00+09:00,1976.3548583984375,1976.3548583984375,1976.3548583984375,1976.3548583984375,600,0.0,0.0
2006-09-29 00:00:00+09:00,1976.3548583984375,1976.3548583984375,1976.3548583984375,1976.3548583984375,900,0.0,0.0
2006-10-02 00:00:00+09:00,1976.3548583984375,1976.3548583984375,1976.3548583984375,1976.3548583984375,400,0.0,0.0
2006-10-03 00:00:00+09:00,1976.3548583984375,1976.3548583984375,1976.3548583984375,1976.3548583984375,0,0.0,0.0
2006-10-04 00:00:00+09:00,1967.4523590362824,1976.3548583984375,1967.4523590362824,1976.3548583984375,200,0.0,0.0
2006-10-05 00:00:00+09:00,1967.4523590362824,1976.3548583984375,1967.4523590362824,1976.3548583984375,400,0.0,0.0
2006-10-06 00:00:00+09:00,1976.3548583984375,1976.3548583984375,1976.3548583984375,1976.3548583984375,0,0.0,0.0
2006-10-09 00:00:00+09:00,1976.3548583984375,1976.3548583984375,1976.3548583984375,1976.3548583984375,0,0.0,0.0
2006-10-10 00:00:00+09:00,1976.3548583984375,1976.3548583984375,1976.3548583984375,1976.3548583984375,0,0.0,0.0
2006-10-11 00:00:00+09:00,1994.159513888889,2083.1844921875,1994.159513888889,2003.06201171875,1600,0.0,0.0
2006-10-12 00:00:00+09:00,2003.062356484903,2003.062356484903,1958.5498596741272,1976.3548583984375,1200,0.0,0.0
2006-10-13 00:00:00+09:00,1976.3548583984375,1976.3548583984375,1976.3548583984375,1976.3548583984375,0,0.0,0.0
2006-10-16 00:00:00+09:00,1976.3543389153588,1985.2568359375,1976.3543389153588,1985.2568359375,600,0.0,0.0
2006-10-17 00:00:00+09:00,2003.0618299817825,2011.964327003924,1985.2568359375,1985.2568359375,800,0.0,0.0
2006-10-18 00:00:00+09:00,2011.9645095486112,2011.9645095486112,2003.06201171875,2003.06201171875,200,0.0,0.0
2006-10-19 00:00:00+09:00,1994.159513888889,2003.06201171875,1994.159513888889,2003.06201171875,200,0.0,0.0
2006-10-20 00:00:00+09:00,1985.2575269967072,2581.7250351078255,1985.2575269967072,2154.405029296875,14600,0.0,0.0
2006-10-23 00:00:00+09:00,2136.599949048913,2181.112447987432,2047.574951171875,2047.574951171875,2000,0.0,0.0
2006-10-24 00:00:00+09:00,2011.9644775390625,2020.8669752272883,1994.1594821626106,2011.9644775390625,600,0.0,0.0
2006-10-25 00:00:00+09:00,2003.06201171875,2003.06201171875,1994.159513888889,2003.06201171875,900,0.0,0.0
2006-10-26 00:00:00+09:00,2003.06201171875,2003.06201171875,2003.06201171875,2003.06201171875,0,0.0,0.0
2006-10-27 00:00:00+09:00,2003.06201171875,2003.06201171875,2003.06201171875,2003.06201171875,0,0.0,0.0
2006-10-30 00:00:00+09:00,1967.4518418932175,1985.2568359375,1967.4518418932175,1985.2568359375,700,0.0,0.0
2006-10-31 00:00:00+09:00,1976.3548583984375,1985.2573577605926,1976.3548583984375,1976.3548583984375,700,0.0,0.0
2006-11-01 00:00:00+09:00,1958.549560546875,1958.549560546875,1958.549560546875,1958.549560546875,400,0.0,0.0
2006-11-02 00:00:00+09:00,1994.159513888889,2003.06201171875,1994.159513888889,2003.06201171875,1000,0.0,0.0
2006-11-03 00:00:00+09:00,2003.06201171875,2003.06201171875,2003.06201171875,2003.06201171875,0,0.0,0.0
2006-11-06 00:00:00+09:00,2003.06201171875,2003.06201171875,2003.06201171875,2003.06201171875,0,0.0,0.0
2006-11-07 00:00:00+09:00,2029.7695635152807,2029.7695635152807,2020.8670654296875,2020.8670654296875,200,0.0,0.0
2006-11-08 00:00:00+09:00,2020.8668240260652,2020.8668240260652,1976.3543389153588,1985.2568359375,700,0.0,0.0
2006-11-09 00:00:00+09:00,2011.964885843211,2065.3798828125,2011.964885843211,2065.3798828125,400,0.0,0.0
2006-11-10 00:00:00+09:00,2038.6723886895502,2038.6723886895502,1967.452392578125,1967.452392578125,500,0.0,0.0
2006-11-13 00:00:00+09:00,2003.0623906338376,2003.0623906338376,1967.452392578125,1967.452392578125,700,0.0,0.0
2006-11-14 00:00:00+09:00,2003.0623906338376,2003.0623906338376,1958.5498930641968,1967.452392578125,800,0.0,0.0
2006-11-15 00:00:00+09:00,1967.452392578125,1967.452392578125,1967.452392578125,1967.452392578125,0,0.0,0.0
2006-11-16 00:00:00+09:00,2038.6720030381946,2065.379496527778,2003.06201171875,2003.06201171875,800,0.0,0.0
2006-11-17 00:00:00+09:00,1958.549560546875,1958.549560546875,1914.037070534446,1958.549560546875,1000,0.0,0.0
2006-11-20 00:00:00+09:00,1914.0372219695348,1949.647216796875,1869.5247284353595,1949.647216796875,400,0.0,0.0
2006-11-21 00:00:00+09:00,1914.037353515625,1914.037353515625,1914.037353515625,1914.037353515625,200,0.0,0.0
2006-11-22 00:00:00+09:00,1905.134535590278,2003.06201171875,1905.134535590278,2003.06201171875,300,0.0,0.0
2006-11-23 00:00:00+09:00,2003.06201171875,2003.06201171875,2003.06201171875,2003.06201171875,0,0.0,0.0
2006-11-24 00:00:00+09:00,2003.06201171875,2003.06201171875,2003.06201171875,2003.06201171875,0,0.0,0.0
2006-11-27 00:00:00+09:00,1914.0370192483206,1914.0370192483206,1905.134521484375,1905.134521484375,600,0.0,0.0
2006-11-28 00:00:00+09:00,1905.134521484375,1905.134521484375,1905.134521484375,1905.134521484375,0,0.0,0.0
2006-11-29 00:00:00+09:00,1958.5495225694444,2047.5745008680556,1958.5495225694444,2003.06201171875,1100,0.0,0.0
2006-11-30 00:00:00+09:00,1994.159513888889,2003.06201171875,1994.159513888889,2003.06201171875,200,0.0,0.0
2006-12-01 00:00:00+09:00,2003.06201171875,2003.06201171875,2003.06201171875,2003.06201171875,0,0.0,0.0
2006-12-04 00:00:00+09:00,2003.062356484903,2003.062356484903,1976.3548583984375,1976.3548583984375,800,0.0,0.0
2006-12-05 00:00:00+09:00,1958.549560546875,1958.549560546875,1958.549560546875,1958.549560546875,200,0.0,0.0
2006-12-06 00:00:00+09:00,1958.549560546875,1958.549560546875,1958.549560546875,1958.549560546875,0,0.0,0.0
2006-12-07 00:00:00+09:00,1958.549560546875,1958.549560546875,1958.549560546875,1958.549560546875,0,0.0,0.0
2006-12-08 00:00:00+09:00,1958.549560546875,1958.549560546875,1958.549560546875,1958.549560546875,0,0.0,0.0
2006-12-11 00:00:00+09:00,2074.2822265625,2074.2822265625,2065.379727736052,2074.2822265625,400,0.0,0.0
2006-12-12 00:00:00+09:00,2074.2822265625,2074.2822265625,2074.2822265625,2074.2822265625,0,0.0,0.0
2006-12-13 00:00:00+09:00,1958.5498930641968,1967.452392578125,1958.5498930641968,1967.452392578125,200,0.0,0.0
2006-12-14 00:00:00+09:00,1967.452392578125,1967.452392578125,1967.452392578125,1967.452392578125,0,0.0,0.0
2006-12-15 00:00:00+09:00,1967.452392578125,1967.452392578125,1967.452392578125,1967.452392578125,0,0.0,0.0
2006-12-18 00:00:00+09:00,2056.477228909603,2074.2822265625,2056.477228909603,2074.2822265625,400,0.0,0.0
2006-12-19 00:00:00+09:00,2003.06201171875,2003.06201171875,2003.06201171875,2003.06201171875,100,0.0,0.0
2006-12-20 00:00:00+09:00,2003.06201171875,2003.06201171875,2003.06201171875,2003.06201171875,0,0.0,0.0
2006-12-21 00:00:00+09:00,2003.06201171875,2003.06201171875,2003.06201171875,2003.06201171875,0,0.0,0.0
2006-12-22 00:00:00+09:00,2003.06201171875,2003.06201171875,2003.06201171875,2003.06201171875,100,0.0,0.0
2006-12-25 00:00:00+09:00,2003.06201171875,2003.06201171875,2003.06201171875,2003.06201171875,0,0.0,0.0
2006-12-26 00:00:00+09:00,2003.06201171875,2003.06201171875,2003.06201171875,2003.06201171875,0,0.0,0.0
2006-12-27 00:00:00+09:00,2003.06201171875,2003.06201171875,2003.06201171875,2003.06201171875,0,0.0,0.0
2006-12-28 00:00:00+09:00,2003.06201171875,2003.06201171875,2003.06201171875,2003.06201171875,0,0.0,0.0
2006-12-29 00:00:00+09:00,1994.159513888889,2003.06201171875,1994.159513888889,2003.06201171875,300,0.0,0.0
2007-01-04 00:00:00+09:00,2003.06201171875,2003.06201171875,2003.06201171875,2003.06201171875,0,0.0,0.0
2007-01-05 00:00:00+09:00,2003.06201171875,2003.06201171875,2003.06201171875,2003.06201171875,0,0.0,0.0
2007-01-09 00:00:00+09:00,2003.06201171875,2003.06201171875,2003.06201171875,2003.06201171875,0,0.0,0.0
2007-01-10 00:00:00+09:00,2092.08740234375,2100.9899019281916,2092.08740234375,2092.08740234375,300,0.0,0.0
2007-01-11 00:00:00+09:00,2127.697265625,2127.697265625,2127.697265625,2127.697265625,100,0.0,0.0
2007-01-12 00:00:00+09:00,2127.6971763803176,2127.6971763803176,2118.794677734375,2118.794677734375,200,0.0,0.0
2007-01-15 00:00:00+09:00,2118.7950595953525,2118.7950595953525,2083.18505859375,2083.18505859375,500,0.0,0.0
2007-01-16 00:00:00+09:00,2083.18505859375,2083.18505859375,2083.18505859375,2083.18505859375,0,0.0,0.0
2007-01-17 00:00:00+09:00,2083.18505859375,2083.18505859375,2083.18505859375,2083.18505859375,0,0.0,0.0
2007-01-18 00:00:00+09:00,2092.08740234375,2092.08740234375,2092.08740234375,2092.08740234375,100,0.0,0.0
2007-01-19 00:00:00+09:00,2092.08740234375,2092.08740234375,2092.08740234375,2092.08740234375,0,0.0,0.0
2007-01-22 00:00:00+09:00,2092.08740234375,2092.08740234375,2092.08740234375,2092.08740234375,0,0.0,0.0
2007-01-23 00:00:00+09:00,2136.5998086734694,2225.6248007015306,2136.5998086734694,2181.1123046875,1100,0.0,0.0
2007-01-24 00:00:00+09:00,2163.3073062818876,2225.6248007015306,2163.3073062818876,2181.1123046875,1200,0.0,0.0
2007-01-25 00:00:00+09:00,2092.087247169624,2100.98974609375,2092.087247169624,2100.98974609375,200,0.0,0.0
2007-01-26 00:00:00+09:00,2047.5749044215424,2092.08740234375,1914.0374106549202,2092.08740234375,800,0.0,0.0
2007-01-29 00:00:00+09:00,2127.697265625,2127.697265625,2127.697265625,2127.697265625,100,0.0,0.0
2007-01-30 00:00:00+09:00,2127.697265625,2127.697265625,2127.697265625,2127.697265625,0,0.0,0.0
2007-01-31 00:00:00+09:00,2118.795096842448,2136.60009765625,2118.795096842448,2136.60009765625,400,0.0,0.0
2007-02-01 00:00:00+09:00,2047.5749044215424,2100.9899019281916,2047.5749044215424,2092.08740234375,400,0.0,0.0
2007-02-02 00:00:00+09:00,2100.9900590945513,2100.9900590945513,1967.4525553385417,2083.18505859375,700,0.0,0.0
2007-02-05 00:00:00+09:00,2029.7694729155144,2029.7694729155144,2011.9644775390625,2011.9644775390625,200,0.0,0.0
2007-02-06 00:00:00+09:00,2047.574951171875,2047.574951171875,2047.574951171875,2047.574951171875,200,0.0,0.0
2007-02-07 00:00:00+09:00,2047.574951171875,2047.574951171875,2047.574951171875,2047.574951171875,200,0.0,0.0
2007-02-08 00:00:00+09:00,2047.574951171875,2056.477450959579,2047.574951171875,2047.574951171875,700,0.0,0.0
2007-02-09 00:00:00+09:00,2011.9649520210598,2047.574951171875,1994.1599524456524,2047.574951171875,700,0.0,0.0
2007-02-13 00:00:00+09:00,2047.574951171875,2047.574951171875,2047.574951171875,2047.574951171875,100,0.0,0.0
2007-02-14 00:00:00+09:00,2011.9645095486112,2011.9645095486112,2003.06201171875,2003.06201171875,400,0.0,0.0
2007-02-15 00:00:00+09:00,2003.062050559304,2011.9645485617898,1958.549560546875,1958.549560546875,2600,0.0,0.0
2007-02-16 00:00:00+09:00,1958.549560546875,1958.549560546875,1940.7445645419034,1958.549560546875,600,0.0,0.0
2007-02-19 00:00:00+09:00,1958.549560546875,1958.549560546875,1958.549560546875,1958.549560546875,600,0.0,0.0
2007-02-20 00:00:00+09:00,1958.549560546875,1958.549560546875,1958.549560546875,1958.549560546875,0,0.0,0.0
2007-02-21 00:00:00+09:00,1958.549560546875,1958.549560546875,1958.549560546875,1958.549560546875,0,0.0,0.0
2007-02-22 00:00:00+09:00,1958.549560546875,1958.549560546875,1958.549560546875,1958.549560546875,1400,0.0,0.0
2007-02-23 00:00:00+09:00,1905.1348541969478,1914.037353515625,1905.1348541969478,1914.037353515625,200,0.0,0.0
2007-02-26 00:00:00+09:00,1958.5493448710763,1985.2568359375,1958.5493448710763,1985.2568359375,600,0.0,0.0
2007-02-27 00:00:00+09:00,1976.3548583984375,1976.3548583984375,1976.3548583984375,1976.3548583984375,100,0.0,0.0
2007-02-28 00:00:00+09:00,1967.4523494276891,1976.3548487463663,1914.037353515625,1914.037353515625,900,0.0,0.0
2007-03-01 00:00:00+09:00,1958.549560546875,1958.549560546875,1958.549560546875,1958.549560546875,400,0.0,0.0
2007-03-02 00:00:00+09:00,2003.06201171875,2003.06201171875,2003.06201171875,2003.06201171875,100,0.0,0.0
2007-03-05 00:00:00+09:00,2003.06201171875,2003.06201171875,2003.06201171875,2003.06201171875,0,0.0,0.0
2007-03-06 00:00:00+09:00,2003.06201171875,2003.06201171875,2003.06201171875,2003.06201171875,200,0.0,0.0
2007-03-07 00:00:00+09:00,2003.06201171875,2003.06201171875,2003.06201171875,2003.06201171875,0,0.0,0.0
2007-03-08 00:00:00+09:00,2003.06201171875,2003.06201171875,2003.06201171875,2003.06201171875,0,0.0,0.0
2007-03-09 00:00:00+09:00,2092.087247169624,2100.98974609375,2092.087247169624,2100.98974609375,400,0.0,0.0
2007-03-12 00:00:00+09:00,2100.98974609375,2100.98974609375,2100.98974609375,2100.98974609375,0,0.0,0.0
2007-03-13 00:00:00+09:00,2100.98974609375,2100.98974609375,2100.98974609375,2100.98974609375,0,0.0,0.0
2007-03-14 00:00:00+09:00,2181.1125996907554,2181.1125996907554,2136.60009765625,2136.60009765625,200,0.0,0.0
2007-03-15 00:00:00+09:00,2181.1123046875,2181.1123046875,2181.1123046875,2181.1123046875,200,0.0,0.0
2007-03-16 00:00:00+09:00,2216.7222568359375,2225.624755859375,2216.7222568359375,2225.624755859375,400,0.0,0.0
2007-03-19 00:00:00+09:00,2225.624755859375,2225.624755859375,2225.624755859375,2225.624755859375,0,0.0,0.0
2007-03-20 00:00:00+09:00,2047.574951171875,2047.574951171875,2047.574951171875,2047.574951171875,100,0.0,0.0
2007-03-22 00:00:00+09:00,2047.574951171875,2047.574951171875,2047.574951171875,2047.574951171875,0,0.0,0.0
2007-03-23 00:00:00+09:00,2047.574951171875,2047.574951171875,2047.574951171875,2047.574951171875,0,0.0,0.0
2007-03-26 00:00:00+09:00,2047.574951171875,2047.574951171875,2047.574951171875,2047.574951171875,0,0.0,0.0
2007-03-27 00:00:00+09:00,2047.574951171875,2047.574951171875,2047.574951171875,2047.574951171875,0,0.0,0.0
2007-03-28 00:00:00+09:00,2047.574951171875,2047.574951171875,2047.574951171875,2047.574951171875,0,0.0,0.0
2007-03-29 00:00:00+09:00,1914.0370250883557,1922.9395228794642,1825.0120471772693,1869.5245361328125,1600,0.0,0.0
2007-03-30 00:00:00+09:00,1860.6221173095703,1869.5246154785154,1691.4746520996093,1780.4996337890625,2700,0.0,0.0
2007-04-02 00:00:00+09:00,1842.8171209716795,1842.8171209716795,1780.4996337890625,1780.4996337890625,300,0.0,0.0
2007-04-03 00:00:00+09:00,1780.4996337890625,1780.4996337890625,1780.4996337890625,1780.4996337890625,0,0.0,0.0
2007-04-04 00:00:00+09:00,1914.037077162001,1940.7445712619358,1914.037077162001,1922.9395751953125,400,0.0,0.0
2007-04-05 00:00:00+09:00,1922.9395751953125,1922.9395751953125,1922.9395751953125,1922.9395751953125,0,0.0,0.0
2007-04-06 00:00:00+09:00,1922.9395751953125,1922.9395751953125,1922.9395751953125,1922.9395751953125,0,0.0,0.0
2007-04-09 00:00:00+09:00,1914.037077162001,1922.9395751953125,1914.037077162001,1922.9395751953125,300,0.0,0.0
2007-04-10 00:00:00+09:00,1922.9395751953125,1922.9395751953125,1922.9395751953125,1922.9395751953125,0,0.0,0.0
2007-04-11 00:00:00+09:00,1922.9395751953125,1922.9395751953125,1922.9395751953125,1922.9395751953125,0,0.0,0.0
2007-04-12 00:00:00+09:00,1922.9395751953125,1922.9395751953125,1922.9395751953125,1922.9395751953125,0,0.0,0.0
2007-04-13 00:00:00+09:00,1922.9395751953125,1922.9395751953125,1922.9395751953125,1922.9395751953125,0,0.0,0.0
2007-04-16 00:00:00+09:00,1914.037077162001,1922.9395751953125,1914.037077162001,1922.9395751953125,400,0.0,0.0
2007-04-17 00:00:00+09:00,1922.9395751953125,1922.9395751953125,1922.9395751953125,1922.9395751953125,0,0.0,0.0
2007-04-18 00:00:00+09:00,1922.9395751953125,1922.9395751953125,1922.9395751953125,1922.9395751953125,0,0.0,0.0
2007-04-19 00:00:00+09:00,1905.134462752432,1905.134462752432,1887.3294677734375,1887.3294677734375,200,0.0,0.0
2007-04-20 00:00:00+09:00,1833.9146728515625,1833.9146728515625,1833.9146728515625,1833.9146728515625,100,0.0,0.0
2007-04-23 00:00:00+09:00,1860.622038341704,1869.5245361328125,1851.7195405505952,1869.5245361328125,400,0.0,0.0
2007-04-24 00:00:00+09:00,1869.5246154785154,1869.5246154785154,1780.4996337890625,1780.4996337890625,500,0.0,0.0
2007-04-25 00:00:00+09:00,1798.304578610989,1896.2320556640625,1798.304578610989,1896.2320556640625,300,0.0,0.0
2007-04-26 00:00:00+09:00,1353.179745881454,1646.96219071098,1353.179745881454,1638.0596923828125,7900,0.0,0.0
2007-04-27 00:00:00+09:00,1602.4496990701427,1638.0596923828125,1602.4496990701427,1638.0596923828125,400,0.0,0.0
2007-05-01 00:00:00+09:00,1638.0596923828125,1638.0596923828125,1638.0596923828125,1638.0596923828125,0,0.0,0.0
2007-05-02 00:00:00+09:00,1638.0596923828125,1638.0596923828125,1638.0596923828125,1638.0596923828125,0,0.0,0.0
2007-05-07 00:00:00+09:00,1522.3272378611011,1531.229736328125,1522.3272378611011,1531.229736328125,200,0.0,0.0
2007-05-08 00:00:00+09:00,1584.6445895724826,1602.4495849609375,1584.6445895724826,1602.4495849609375,200,0.0,0.0
2007-05-09 00:00:00+09:00,1664.76708984375,1664.76708984375,1664.76708984375,1664.76708984375,200,0.0,0.0
2007-05-10 00:00:00+09:00,1566.8395941840276,1602.4495849609375,1566.8395941840276,1602.4495849609375,700,0.0,0.0
2007-05-11 00:00:00+09:00,1557.9373779296875,1557.9373779296875,1557.9373779296875,1557.9373779296875,200,0.0,0.0
2007-05-14 00:00:00+09:00,1664.7671545080236,1664.7671545080236,1646.962158203125,1646.962158203125,200,0.0,0.0
2007-05-15 00:00:00+09:00,1638.0596600506756,1646.962158203125,1638.0596600506756,1646.962158203125,400,0.0,0.0
2007-05-16 00:00:00+09:00,1682.5723542865956,1691.474853515625,1682.5723542865956,1691.474853515625,200,0.0,0.0
2007-05-17 00:00:00+09:00,1691.474853515625,1691.474853515625,1691.474853515625,1691.474853515625,0,0.0,0.0
2007-05-18 00:00:00+09:00,1691.474853515625,1691.474853515625,1691.474853515625,1691.474853515625,0,0.0,0.0
2007-05-21 00:00:00+09:00,1691.474853515625,1691.474853515625,1691.474853515625,1691.474853515625,0,0.0,0.0
2007-05-22 00:00:00+09:00,1691.474853515625,1691.474853515625,1691.474853515625,1691.474853515625,0,0.0,0.0
2007-05-23 00:00:00+09:00,1691.474853515625,1691.474853515625,1691.474853515625,1691.474853515625,0,0.0,0.0
2007-05-24 00:00:00+09:00,1602.4495849609375,1602.4495849609375,1602.4495849609375,1602.4495849609375,100,0.0,0.0
2007-05-25 00:00:00+09:00,1602.4495849609375,1602.4495849609375,1602.4495849609375,1602.4495849609375,0,0.0,0.0
2007-05-28 00:00:00+09:00,1646.962198893229,1735.9871826171875,1646.962198893229,1735.9871826171875,200,0.0,0.0
2007-05-29 00:00:00+09:00,1735.9871826171875,1735.9871826171875,1735.9871826171875,1735.9871826171875,0,0.0,0.0
2007-05-30 00:00:00+09:00,1771.597323330966,1780.4998224431818,1762.69482421875,1762.69482421875,500,0.0,0.0
2007-05-31 00:00:00+09:00,1753.792325106534,1762.69482421875,1753.792325106534,1762.69482421875,200,0.0,0.0
2007-06-01 00:00:00+09:00,1735.9871429443358,1780.4996337890625,1735.9871429443358,1780.4996337890625,600,0.0,0.0
2007-06-04 00:00:00+09:00,1780.4996337890625,1780.4996337890625,1780.4996337890625,1780.4996337890625,0,0.0,0.0
2007-06-05 00:00:00+09:00,1646.962158203125,1646.962158203125,1646.962158203125,1646.962158203125,100,0.0,0.0
2007-06-06 00:00:00+09:00,1646.962158203125,1646.962158203125,1646.962158203125,1646.962158203125,0,0.0,0.0
2007-06-07 00:00:00+09:00,1691.474853515625,1691.474853515625,1691.474853515625,1691.474853515625,100,0.0,0.0
2007-06-08 00:00:00+09:00,1691.474853515625,1691.474853515625,1691.474853515625,1691.474853515625,0,0.0,0.0
2007-06-11 00:00:00+09:00,1771.5971356201171,1780.4996337890625,1771.5971356201171,1780.4996337890625,400,0.0,0.0
2007-06-12 00:00:00+09:00,1851.7195405505952,1869.5245361328125,1851.7195405505952,1869.5245361328125,600,0.0,0.0
2007-06-13 00:00:00+09:00,1780.4996337890625,1780.4996337890625,1780.4996337890625,1780.4996337890625,100,0.0,0.0
2007-06-14 00:00:00+09:00,1780.4996337890625,1780.4996337890625,1780.4996337890625,1780.4996337890625,0,0.0,0.0
2007-06-15 00:00:00+09:00,1771.597097108422,1869.5245748380335,1771.597097108422,1825.0120849609375,900,0.0,0.0
2007-06-18 00:00:00+09:00,1825.0120849609375,1825.0120849609375,1825.0120849609375,1825.0120849609375,0,0.0,0.0
2007-06-19 00:00:00+09:00,1727.0846842447916,1735.9871826171875,1727.0846842447916,1735.9871826171875,200,0.0,0.0
2007-06-20 00:00:00+09:00,1735.9871826171875,1735.9871826171875,1735.9871826171875,1735.9871826171875,0,0.0,0.0
2007-06-21 00:00:00+09:00,1735.9871826171875,1735.9871826171875,1735.9871826171875,1735.9871826171875,0,0.0,0.0
2007-06-22 00:00:00+09:00,1735.9871826171875,1735.9871826171875,1735.9871826171875,1735.9871826171875,0,0.0,0.0
2007-06-25 00:00:00+09:00,1735.9871826171875,1735.9871826171875,1735.9871826171875,1735.9871826171875,0,0.0,0.0
2007-06-26 00:00:00+09:00,1735.9871826171875,1735.9871826171875,1735.9871826171875,1735.9871826171875,0,0.0,0.0
2007-06-27 00:00:00+09:00,1735.9871826171875,1735.9871826171875,1735.9871826171875,1735.9871826171875,0,0.0,0.0
2007-06-28 00:00:00+09:00,1735.9871826171875,1735.9871826171875,1735.9871826171875,1735.9871826171875,0,0.0,0.0
2007-06-29 00:00:00+09:00,1735.9871826171875,1735.9871826171875,1735.9871826171875,1735.9871826171875,0,0.0,0.0
2007-07-02 00:00:00+09:00,1780.4997230643658,1789.4022216796875,1780.4997230643658,1789.4022216796875,200,0.0,0.0
2007-07-03 00:00:00+09:00,1789.4022216796875,1789.4022216796875,1789.4022216796875,1789.4022216796875,0,0.0,0.0
2007-07-04 00:00:00+09:00,1789.4022216796875,1789.4022216796875,1789.4022216796875,1789.4022216796875,0,0.0,0.0
2007-07-05 00:00:00+09:00,1735.987271678691,1744.8897705078125,1735.987271678691,1744.8897705078125,200,0.0,0.0
2007-07-06 00:00:00+09:00,1744.8897705078125,1744.8897705078125,1744.8897705078125,1744.8897705078125,0,0.0,0.0
2007-07-09 00:00:00+09:00,1789.4022216796875,1798.3047202950095,1789.4022216796875,1789.4022216796875,500,0.0,0.0
2007-07-10 00:00:00+09:00,1789.4021319580077,1789.4021319580077,1780.4996337890625,1780.4996337890625,400,0.0,0.0
2007-07-11 00:00:00+09:00,1780.4996337890625,1780.4996337890625,1780.4996337890625,1780.4996337890625,300,0.0,0.0
2007-07-12 00:00:00+09:00,1780.4996337890625,1780.4996337890625,1780.4996337890625,1780.4996337890625,0,0.0,0.0
2007-07-13 00:00:00+09:00,1691.4748202818228,1700.3773193359375,1691.4748202818228,1700.3773193359375,200,0.0,0.0
2007-07-17 00:00:00+09:00,1691.4748202818228,1700.3773193359375,1691.4748202818228,1700.3773193359375,400,0.0,0.0
2007-07-18 00:00:00+09:00,1691.4747643849207,1700.3772631448412,1682.572265625,1682.572265625,1300,0.0,0.0
2007-07-19 00:00:00+09:00,1682.572265625,1682.572265625,1682.572265625,1682.572265625,0,0.0,0.0
2007-07-20 00:00:00+09:00,1682.572265625,1682.572265625,1682.572265625,1682.572265625,0,0.0,0.0
2007-07-23 00:00:00+09:00,1682.572265625,1682.572265625,1682.572265625,1682.572265625,0,0.0,0.0
2007-07-24 00:00:00+09:00,1691.474853515625,1700.3773527446547,1691.474853515625,1691.474853515625,400,0.0,0.0
2007-07-25 00:00:00+09:00,1691.474853515625,1691.474853515625,1691.474853515625,1691.474853515625,0,0.0,0.0
2007-07-26 00:00:00+09:00,1682.572265625,1691.4747643849207,1682.572265625,1682.572265625,300,0.0,0.0
2007-07-27 00:00:00+09:00,1682.572265625,1682.572265625,1682.572265625,1682.572265625,0,0.0,0.0
2007-07-30 00:00:00+09:00,1682.572265625,1682.572265625,1682.572265625,1682.572265625,0,0.0,0.0
2007-07-31 00:00:00+09:00,1682.572265625,1682.572265625,1682.572265625,1682.572265625,0,0.0,0.0
2007-08-01 00:00:00+09:00,1762.6946374511717,1780.4996337890625,1762.6946374511717,1780.4996337890625,200,0.0,0.0
2007-08-02 00:00:00+09:00,1762.69482421875,1762.69482421875,1753.792325106534,1762.69482421875,400,0.0,0.0
2007-08-03 00:00:00+09:00,1762.69482421875,1762.69482421875,1762.69482421875,1762.69482421875,0,0.0,0.0
2007-08-06 00:00:00+09:00,1762.69482421875,1762.69482421875,1762.69482421875,1762.69482421875,0,0.0,0.0
2007-08-07 00:00:00+09:00,1762.69482421875,1762.69482421875,1762.69482421875,1762.69482421875,0,0.0,0.0
2007-08-08 00:00:00+09:00,1673.6697998046875,1673.6697998046875,1673.6697998046875,1673.6697998046875,100,0.0,0.0
2007-08-09 00:00:00+09:00,1691.4748634299651,1762.6948576796478,1691.4748634299651,1753.7923583984375,300,0.0,0.0
2007-08-10 00:00:00+09:00,1753.792269336934,1753.792269336934,1744.8897705078125,1744.8897705078125,200,0.0,0.0
2007-08-13 00:00:00+09:00,1744.8897705078125,1744.8897705078125,1744.8897705078125,1744.8897705078125,0,0.0,0.0
2007-08-14 00:00:00+09:00,1744.8897705078125,1744.8897705078125,1744.8897705078125,1744.8897705078125,0,0.0,0.0
2007-08-15 00:00:00+09:00,1744.8898591172272,1753.7923583984375,1744.8898591172272,1753.7923583984375,600,0.0,0.0
2007-08-16 00:00:00+09:00,1602.4496109759223,1638.0596023309427,1602.4496109759223,1629.1571044921875,300,0.0,0.0
2007-08-17 00:00:00+09:00,1629.1571044921875,1629.1571044921875,1629.1571044921875,1629.1571044921875,0,0.0,0.0
2007-08-20 00:00:00+09:00,1629.1571044921875,1629.1571044921875,1629.1571044921875,1629.1571044921875,0,0.0,0.0
2007-08-21 00:00:00+09:00,1557.9373779296875,1557.9373779296875,1557.9373779296875,1557.9373779296875,100,0.0,0.0
2007-08-22 00:00:00+09:00,1486.717174744338,1584.6446533203125,1433.3021864301702,1584.6446533203125,1400,0.0,0.0
2007-08-23 00:00:00+09:00,1584.6446533203125,1584.6446533203125,1584.6446533203125,1584.6446533203125,0,0.0,0.0
2007-08-24 00:00:00+09:00,1584.6446533203125,1584.6446533203125,1584.6446533203125,1584.6446533203125,0,0.0,0.0
2007-08-27 00:00:00+09:00,1433.3021287706163,1602.4495849609375,1433.3021287706163,1602.4495849609375,500,0.0,0.0
2007-08-28 00:00:00+09:00,1602.4495849609375,1602.4495849609375,1602.4495849609375,1602.4495849609375,200,0.0,0.0
2007-08-29 00:00:00+09:00,1602.4495849609375,1602.4495849609375,1602.4495849609375,1602.4495849609375,0,0.0,0.0
2007-08-30 00:00:00+09:00,1602.4495849609375,1602.4495849609375,1602.4495849609375,1602.4495849609375,0,0.0,0.0
2007-08-31 00:00:00+09:00,1602.4495849609375,1602.4495849609375,1602.4495849609375,1602.4495849609375,0,0.0,0.0
2007-09-03 00:00:00+09:00,1638.0596923828125,1638.0596923828125,1638.0596923828125,1638.0596923828125,100,0.0,0.0
2007-09-04 00:00:00+09:00,1638.0596923828125,1638.0596923828125,1638.0596923828125,1638.0596923828125,0,0.0,0.0
2007-09-05 00:00:00+09:00,1638.0596923828125,1638.0596923828125,1638.0596923828125,1638.0596923828125,0,0.0,0.0
2007-09-06 00:00:00+09:00,1638.0596923828125,1638.0596923828125,1638.0596923828125,1638.0596923828125,0,0.0,0.0
2007-09-07 00:00:00+09:00,1638.0596923828125,1638.0596923828125,1638.0596923828125,1638.0596923828125,0,0.0,0.0
2007-09-10 00:00:00+09:00,1638.0596923828125,1638.0596923828125,1638.0596923828125,1638.0596923828125,0,0.0,0.0
2007-09-11 00:00:00+09:00,1718.182373046875,1718.182373046875,1718.182373046875,1718.182373046875,100,0.0,0.0
2007-09-12 00:00:00+09:00,1718.182373046875,1718.182373046875,1718.182373046875,1718.182373046875,0,0.0,0.0
2007-09-13 00:00:00+09:00,1513.4249267578125,1513.4249267578125,1513.4249267578125,1513.4249267578125,400,0.0,0.0
2007-09-14 00:00:00+09:00,1513.4249267578125,1513.4249267578125,1513.4249267578125,1513.4249267578125,0,0.0,0.0
2007-09-18 00:00:00+09:00,1522.327392578125,1522.327392578125,1522.327392578125,1522.327392578125,300,0.0,0.0
2007-09-19 00:00:00+09:00,1522.327392578125,1522.327392578125,1522.327392578125,1522.327392578125,0,0.0,0.0
2007-09-20 00:00:00+09:00,1522.327392578125,1522.327392578125,1522.327392578125,1522.327392578125,0,0.0,0.0
2007-09-21 00:00:00+09:00,1522.327392578125,1522.327392578125,1522.327392578125,1522.327392578125,0,0.0,0.0
2007-09-25 00:00:00+09:00,1522.327392578125,1522.327392578125,1522.327392578125,1522.327392578125,0,0.0,0.0
2007-09-26 00:00:00+09:00,1566.8398772321427,1575.7423765345982,1557.9373779296875,1557.9373779296875,600,0.0,0.0
2007-09-27 00:00:00+09:00,1557.9373779296875,1557.9373779296875,1557.9373779296875,1557.9373779296875,0,0.0,0.0
2007-09-28 00:00:00+09:00,1557.9373779296875,1557.9373779296875,1557.9373779296875,1557.9373779296875,0,0.0,0.0
2007-10-01 00:00:00+09:00,1557.9373779296875,1557.9373779296875,1557.9373779296875,1557.9373779296875,0,0.0,0.0
2007-10-02 00:00:00+09:00,1691.4748202818228,1700.3773193359375,1691.4748202818228,1700.3773193359375,200,0.0,0.0
2007-10-03 00:00:00+09:00,1700.3773193359375,1700.3773193359375,1700.3773193359375,1700.3773193359375,0,0.0,0.0
2007-10-04 00:00:00+09:00,1700.3773193359375,1700.3773193359375,1700.3773193359375,1700.3773193359375,0,0.0,0.0
2007-10-05 00:00:00+09:00,1700.3773193359375,1700.3773193359375,1700.3773193359375,1700.3773193359375,0,0.0,0.0
2007-10-09 00:00:00+09:00,1700.3773193359375,1700.3773193359375,1700.3773193359375,1700.3773193359375,100,0.0,0.0
2007-10-10 00:00:00+09:00,1780.4996337890625,1780.4996337890625,1780.4996337890625,1780.4996337890625,200,0.0,0.0
2007-10-11 00:00:00+09:00,1816.1096264648436,1825.012124633789,1771.5971356201171,1780.4996337890625,400,0.0,0.0
2007-10-12 00:00:00+09:00,1780.4996337890625,1780.4996337890625,1780.4996337890625,1780.4996337890625,0,0.0,0.0
2007-10-15 00:00:00+09:00,1780.4996337890625,1780.4996337890625,1780.4996337890625,1780.4996337890625,400,0.0,0.0
2007-10-16 00:00:00+09:00,1780.4996337890625,1780.4996337890625,1780.4996337890625,1780.4996337890625,0,0.0,0.0
2007-10-17 00:00:00+09:00,1691.474853515625,1691.474853515625,1691.474853515625,1691.474853515625,100,0.0,0.0
2007-10-18 00:00:00+09:00,1557.937365080181,1691.474853515625,1557.937365080181,1691.474853515625,200,0.0,0.0
2007-10-19 00:00:00+09:00,1513.424685916385,1646.962158203125,1513.424685916385,1646.962158203125,200,0.0,0.0
2007-10-22 00:00:00+09:00,1646.962158203125,1646.962158203125,1646.962158203125,1646.962158203125,0,0.0,0.0
2007-10-23 00:00:00+09:00,1646.962158203125,1646.962158203125,1646.962158203125,1646.962158203125,0,0.0,0.0
2007-10-24 00:00:00+09:00,1557.9373221865967,1557.9373221865967,1540.13232421875,1540.13232421875,200,0.0,0.0
2007-10-25 00:00:00+09:00,1513.4249267578125,1513.4249267578125,1513.4249267578125,1513.4249267578125,300,0.0,0.0
2007-10-26 00:00:00+09:00,1513.4249267578125,1513.4249267578125,1513.4249267578125,1513.4249267578125,300,0.0,0.0
2007-10-29 00:00:00+09:00,1513.4249267578125,1513.4249267578125,1513.4249267578125,1513.4249267578125,0,0.0,0.0
2007-10-30 00:00:00+09:00,1513.4249267578125,1513.4249267578125,1513.4249267578125,1513.4249267578125,0,0.0,0.0
2007-10-31 00:00:00+09:00,1513.4249267578125,1513.4249267578125,1513.4249267578125,1513.4249267578125,0,0.0,0.0
2007-11-01 00:00:00+09:00,1540.1324126144934,1549.034912109375,1540.1324126144934,1549.034912109375,200,0.0,0.0
2007-11-02 00:00:00+09:00,1549.034912109375,1549.034912109375,1549.034912109375,1549.034912109375,0,0.0,0.0
2007-11-05 00:00:00+09:00,1513.4249267578125,1513.4249267578125,1513.4249267578125,1513.4249267578125,200,0.0,0.0
2007-11-06 00:00:00+09:00,1513.4249267578125,1513.4249267578125,1513.4249267578125,1513.4249267578125,0,0.0,0.0
2007-11-07 00:00:00+09:00,1513.4249267578125,1513.4249267578125,1513.4249267578125,1513.4249267578125,200,0.0,0.0
2007-11-08 00:00:00+09:00,1513.4249267578125,1513.4249267578125,1513.4249267578125,1513.4249267578125,200,0.0,0.0
2007-11-09 00:00:00+09:00,1575.7421552679511,1584.6446533203125,1575.7421552679511,1584.6446533203125,200,0.0,0.0
2007-11-12 00:00:00+09:00,1584.6446533203125,1584.6446533203125,1584.6446533203125,1584.6446533203125,0,0.0,0.0
2007-11-13 00:00:00+09:00,1584.6446533203125,1584.6446533203125,1584.6446533203125,1584.6446533203125,0,0.0,0.0
2007-11-14 00:00:00+09:00,1584.6446533203125,1584.6446533203125,1584.6446533203125,1584.6446533203125,0,0.0,0.0
2007-11-15 00:00:00+09:00,1584.6446533203125,1584.6446533203125,1584.6446533203125,1584.6446533203125,0,0.0,0.0
2007-11-16 00:00:00+09:00,1584.6446533203125,1584.6446533203125,1584.6446533203125,1584.6446533203125,0,0.0,0.0
2007-11-19 00:00:00+09:00,1727.0848723890867,1727.0848723890867,1718.182373046875,1718.182373046875,500,0.0,0.0
2007-11-20 00:00:00+09:00,1691.474853515625,1691.474853515625,1691.474853515625,1691.474853515625,100,0.0,0.0
2007-11-21 00:00:00+09:00,1691.474853515625,1691.474853515625,1691.474853515625,1691.474853515625,0,0.0,0.0
2007-11-22 00:00:00+09:00,1513.424893206323,1522.327392578125,1513.424893206323,1522.327392578125,300,0.0,0.0
2007-11-26 00:00:00+09:00,1522.327392578125,1522.327392578125,1522.327392578125,1522.327392578125,0,0.0,0.0
2007-11-27 00:00:00+09:00,1522.327392578125,1522.327392578125,1522.327392578125,1522.327392578125,0,0.0,0.0
2007-11-28 00:00:00+09:00,1522.327392578125,1522.327392578125,1522.327392578125,1522.327392578125,0,0.0,0.0
2007-11-29 00:00:00+09:00,1522.327392578125,1522.327392578125,1522.327392578125,1522.327392578125,0,0.0,0.0
2007-11-30 00:00:00+09:00,1513.424893206323,1522.327392578125,1513.424893206323,1522.327392578125,200,0.0,0.0
2007-12-03 00:00:00+09:00,1522.3272378611011,1531.229736328125,1522.3272378611011,1531.229736328125,200,0.0,0.0
2007-12-04 00:00:00+09:00,1531.229736328125,1531.229736328125,1531.229736328125,1531.229736328125,0,0.0,0.0
2007-12-05 00:00:00+09:00,1531.229736328125,1531.229736328125,1531.229736328125,1531.229736328125,0,0.0,0.0
2007-12-06 00:00:00+09:00,1531.229736328125,1531.229736328125,1531.229736328125,1531.229736328125,0,0.0,0.0
2007-12-07 00:00:00+09:00,1531.229736328125,1531.229736328125,1531.229736328125,1531.229736328125,0,0.0,0.0
2007-12-10 00:00:00+09:00,1557.9370964898003,1602.4495849609375,1557.9370964898003,1602.4495849609375,400,0.0,0.0
2007-12-11 00:00:00+09:00,1682.5721508129222,1682.5721508129222,1646.962158203125,1646.962158203125,300,0.0,0.0
2007-12-12 00:00:00+09:00,1646.962158203125,1646.962158203125,1646.962158203125,1646.962158203125,0,0.0,0.0
2007-12-13 00:00:00+09:00,1557.9373779296875,1557.9373779296875,1557.9373779296875,1557.9373779296875,100,0.0,0.0
2007-12-14 00:00:00+09:00,1682.5723556433309,1682.5723556433309,1593.54736328125,1593.54736328125,200,0.0,0.0
2007-12-17 00:00:00+09:00,1593.54736328125,1593.54736328125,1593.54736328125,1593.54736328125,0,0.0,0.0
2007-12-18 00:00:00+09:00,1593.54736328125,1593.54736328125,1593.54736328125,1593.54736328125,0,0.0,0.0
2007-12-19 00:00:00+09:00,1682.5723542865956,1691.474853515625,1682.5723542865956,1691.474853515625,400,0.0,0.0
2007-12-20 00:00:00+09:00,1691.474853515625,1691.474853515625,1691.474853515625,1691.474853515625,0,0.0,0.0
2007-12-21 00:00:00+09:00,1691.474853515625,1691.474853515625,1691.474853515625,1691.474853515625,0,0.0,0.0
2007-12-25 00:00:00+09:00,1691.474853515625,1691.474853515625,1691.474853515625,1691.474853515625,0,0.0,0.0
2007-12-26 00:00:00+09:00,1691.474853515625,1691.474853515625,1691.474853515625,1691.474853515625,0,0.0,0.0
2007-12-27 00:00:00+09:00,1691.474853515625,1691.474853515625,1691.474853515625,1691.474853515625,0,0.0,0.0
2007-12-28 00:00:00+09:00,1691.474853515625,1691.474853515625,1691.474853515625,1691.474853515625,0,0.0,0.0
2008-01-04 00:00:00+09:00,1735.987215337065,1735.987215337065,1727.084716796875,1727.084716796875,200,0.0,0.0
2008-01-07 00:00:00+09:00,1727.084716796875,1727.084716796875,1727.084716796875,1727.084716796875,0,0.0,0.0
2008-01-08 00:00:00+09:00,1727.084716796875,1727.084716796875,1727.084716796875,1727.084716796875,200,0.0,0.0
2008-01-09 00:00:00+09:00,1727.084716796875,1727.084716796875,1727.084716796875,1727.084716796875,0,0.0,0.0
2008-01-10 00:00:00+09:00,1727.084716796875,1727.084716796875,1727.084716796875,1727.084716796875,0,0.0,0.0
2008-01-11 00:00:00+09:00,1727.084716796875,1727.084716796875,1727.084716796875,1727.084716796875,0,0.0,0.0
2008-01-15 00:00:00+09:00,1718.182054985894,1727.0845526801215,1602.4495849609375,1602.4495849609375,900,0.0,0.0
2008-01-16 00:00:00+09:00,1602.4495849609375,1602.4495849609375,1602.4495849609375,1602.4495849609375,0,0.0,0.0
2008-01-17 00:00:00+09:00,1602.4495849609375,1602.4495849609375,1602.4495849609375,1602.4495849609375,0,0.0,0.0
2008-01-18 00:00:00+09:00,1602.4495849609375,1602.4495849609375,1602.4495849609375,1602.4495849609375,0,0.0,0.0
2008-01-21 00:00:00+09:00,1513.4249267578125,1513.4249267578125,1513.4249267578125,1513.4249267578125,100,0.0,0.0
2008-01-22 00:00:00+09:00,1646.962357370477,1691.474853515625,1646.962357370477,1691.474853515625,200,0.0,0.0
2008-01-23 00:00:00+09:00,1460.0096684937835,1655.8646240234375,1460.0096684937835,1655.8646240234375,200,0.0,0.0
2008-01-24 00:00:00+09:00,1477.8146172417535,1602.4495849609375,1477.8146172417535,1602.4495849609375,200,0.0,0.0
2008-01-25 00:00:00+09:00,1477.8149284811582,1513.4249267578125,1468.9124289119945,1513.4249267578125,500,0.0,0.0
2008-01-28 00:00:00+09:00,1513.4249267578125,1513.4249267578125,1513.4249267578125,1513.4249267578125,0,0.0,0.0
2008-01-29 00:00:00+09:00,1513.4249267578125,1513.4249267578125,1513.4249267578125,1513.4249267578125,0,0.0,0.0
2008-01-30 00:00:00+09:00,1513.4249267578125,1513.4249267578125,1513.4249267578125,1513.4249267578125,0,0.0,0.0
2008-01-31 00:00:00+09:00,1513.4249267578125,1513.4249267578125,1513.4249267578125,1513.4249267578125,0,0.0,0.0
2008-02-01 00:00:00+09:00,1584.6446533203125,1584.6446533203125,1584.6446533203125,1584.6446533203125,100,0.0,0.0
2008-02-04 00:00:00+09:00,1584.6446533203125,1584.6446533203125,1584.6446533203125,1584.6446533203125,0,0.0,0.0
2008-02-05 00:00:00+09:00,1584.6446533203125,1584.6446533203125,1584.6446533203125,1584.6446533203125,0,0.0,0.0
2008-02-06 00:00:00+09:00,1584.6446533203125,1584.6446533203125,1584.6446533203125,1584.6446533203125,0,0.0,0.0
2008-02-07 00:00:00+09:00,1584.6446533203125,1584.6446533203125,1584.6446533203125,1584.6446533203125,0,0.0,0.0
2008-02-08 00:00:00+09:00,1584.6446533203125,1584.6446533203125,1584.6446533203125,1584.6446533203125,0,0.0,0.0
2008-02-12 00:00:00+09:00,1584.6446533203125,1584.6446533203125,1584.6446533203125,1584.6446533203125,0,0.0,0.0
2008-02-13 00:00:00+09:00,1584.6446533203125,1584.6446533203125,1584.6446533203125,1584.6446533203125,0,0.0,0.0
2008-02-14 00:00:00+09:00,1584.6446533203125,1584.6446533203125,1584.6446533203125,1584.6446533203125,0,0.0,0.0
2008-02-15 00:00:00+09:00,1700.3773193359375,1700.3773193359375,1646.9623250112484,1700.3773193359375,400,0.0,0.0
2008-02-18 00:00:00+09:00,1771.5970411512587,1780.499538845486,1593.54708726671,1602.4495849609375,600,0.0,0.0
2008-02-19 00:00:00+09:00,1602.4495849609375,1602.4495849609375,1602.4495849609375,1602.4495849609375,0,0.0,0.0
2008-02-20 00:00:00+09:00,1602.4495849609375,1602.4495849609375,1602.4495849609375,1602.4495849609375,0,0.0,0.0
2008-02-21 00:00:00+09:00,1602.4495849609375,1602.4495849609375,1602.4495849609375,1602.4495849609375,0,0.0,0.0
2008-02-22 00:00:00+09:00,1602.4495849609375,1602.4495849609375,1602.4495849609375,1602.4495849609375,0,0.0,0.0
2008-02-25 00:00:00+09:00,1602.4495849609375,1602.4495849609375,1602.4495849609375,1602.4495849609375,0,0.0,0.0
2008-02-26 00:00:00+09:00,1602.4495849609375,1602.4495849609375,1602.4495849609375,1602.4495849609375,0,0.0,0.0
2008-02-27 00:00:00+09:00,1602.4495849609375,1602.4495849609375,1602.4495849609375,1602.4495849609375,0,0.0,0.0
2008-02-28 00:00:00+09:00,1602.4495849609375,1602.4495849609375,1602.4495849609375,1602.4495849609375,0,0.0,0.0
2008-02-29 00:00:00+09:00,1602.4495849609375,1602.4495849609375,1602.4495849609375,1602.4495849609375,200,0.0,0.0
2008-03-03 00:00:00+09:00,1602.4495849609375,1602.4495849609375,1602.4495849609375,1602.4495849609375,0,0.0,0.0
2008-03-04 00:00:00+09:00,1602.4495849609375,1602.4495849609375,1602.4495849609375,1602.4495849609375,0,0.0,0.0
2008-03-05 00:00:00+09:00,1602.4495849609375,1602.4495849609375,1602.4495849609375,1602.4495849609375,0,0.0,0.0
2008-03-06 00:00:00+09:00,1602.4495849609375,1602.4495849609375,1602.4495849609375,1602.4495849609375,0,0.0,0.0
2008-03-07 00:00:00+09:00,1602.4495849609375,1602.4495849609375,1602.4495849609375,1602.4495849609375,0,0.0,0.0
2008-03-10 00:00:00+09:00,1602.4495849609375,1602.4495849609375,1513.424608018663,1602.4495849609375,400,0.0,0.0
2008-03-11 00:00:00+09:00,1460.0096218532985,1602.4495849609375,1460.0096218532985,1602.4495849609375,600,0.0,0.0
2008-03-12 00:00:00+09:00,1602.4495849609375,1602.4495849609375,1602.4495849609375,1602.4495849609375,0,0.0,0.0
2008-03-13 00:00:00+09:00,1602.4495849609375,1602.4495849609375,1602.4495849609375,1602.4495849609375,0,0.0,0.0
2008-03-14 00:00:00+09:00,1602.4495849609375,1602.4495849609375,1602.4495849609375,1602.4495849609375,0,0.0,0.0
2008-03-17 00:00:00+09:00,1593.547422880285,1602.4499224494486,1513.4249267578125,1513.4249267578125,800,0.0,0.0
2008-03-18 00:00:00+09:00,1513.4249267578125,1513.4249267578125,1513.4249267578125,1513.4249267578125,0,0.0,0.0
2008-03-19 00:00:00+09:00,1513.4249267578125,1513.4249267578125,1513.4249267578125,1513.4249267578125,0,0.0,0.0
2008-03-21 00:00:00+09:00,1513.4249267578125,1513.4249267578125,1513.4249267578125,1513.4249267578125,0,0.0,0.0
2008-03-24 00:00:00+09:00,1513.4249267578125,1513.4249267578125,1513.4249267578125,1513.4249267578125,0,0.0,0.0
2008-03-25 00:00:00+09:00,1557.9373779296875,1557.9373779296875,1557.9373779296875,1557.9373779296875,200,0.0,0.0
2008-03-26 00:00:00+09:00,1557.9373779296875,1557.9373779296875,1557.9373779296875,1557.9373779296875,0,0.0,0.0
2008-03-27 00:00:00+09:00,1557.9373779296875,1557.9373779296875,1557.9373779296875,1557.9373779296875,0,0.0,0.0
2008-03-28 00:00:00+09:00,1557.9373779296875,1557.9373779296875,1557.9373779296875,1557.9373779296875,0,0.0,0.0
2008-03-31 00:00:00+09:00,1602.4495849609375,1602.4495849609375,1602.4495849609375,1602.4495849609375,100,0.0,0.0
2008-04-01 00:00:00+09:00,1602.4495849609375,1602.4495849609375,1602.4495849609375,1602.4495849609375,0,0.0,0.0
2008-04-02 00:00:00+09:00,1602.4495849609375,1602.4495849609375,1602.4495849609375,1602.4495849609375,0,0.0,0.0
2008-04-03 00:00:00+09:00,1807.2071533203125,1807.2071533203125,1807.2071533203125,1807.2071533203125,100,0.0,0.0
2008-04-04 00:00:00+09:00,1807.2071533203125,1807.2071533203125,1807.2071533203125,1807.2071533203125,0,0.0,0.0
2008-04-07 00:00:00+09:00,1807.2071533203125,1807.2071533203125,1807.2071533203125,1807.2071533203125,0,0.0,0.0
2008-04-08 00:00:00+09:00,1807.2071533203125,1807.2071533203125,1807.2071533203125,1807.2071533203125,200,0.0,0.0
2008-04-09 00:00:00+09:00,1807.2071533203125,1807.2071533203125,1807.2071533203125,1807.2071533203125,0,0.0,0.0
2008-04-10 00:00:00+09:00,1807.2071533203125,1807.2071533203125,1807.2071533203125,1807.2071533203125,0,0.0,0.0
2008-04-11 00:00:00+09:00,1807.2071533203125,1807.2071533203125,1807.2071533203125,1807.2071533203125,0,0.0,0.0
2008-04-14 00:00:00+09:00,1807.2071533203125,1807.2071533203125,1807.2071533203125,1807.2071533203125,0,0.0,0.0
2008-04-15 00:00:00+09:00,1807.2071533203125,1807.2071533203125,1807.2071533203125,1807.2071533203125,0,0.0,0.0
2008-04-16 00:00:00+09:00,1825.0120849609375,1825.0120849609375,1825.0120849609375,1825.0120849609375,200,0.0,0.0
2008-04-17 00:00:00+09:00,1825.0120849609375,1825.0120849609375,1825.0120849609375,1825.0120849609375,0,0.0,0.0
2008-04-18 00:00:00+09:00,1825.0120849609375,1825.0120849609375,1825.0120849609375,1825.0120849609375,0,0.0,0.0
2008-04-21 00:00:00+09:00,1825.0120849609375,1825.0120849609375,1825.0120849609375,1825.0120849609375,0,0.0,0.0
2008-04-22 00:00:00+09:00,1825.0120849609375,1825.0120849609375,1825.0120849609375,1825.0120849609375,0,0.0,0.0
2008-04-23 00:00:00+09:00,1825.0120849609375,1825.0120849609375,1825.0120849609375,1825.0120849609375,0,0.0,0.0
2008-04-24 00:00:00+09:00,1825.0120849609375,1825.0120849609375,1825.0120849609375,1825.0120849609375,0,0.0,0.0
2008-04-25 00:00:00+09:00,1825.0120849609375,1825.0120849609375,1825.0120849609375,1825.0120849609375,0,0.0,0.0
2008-04-28 00:00:00+09:00,1825.0120849609375,1825.0120849609375,1825.0120849609375,1825.0120849609375,0,0.0,0.0
2008-04-30 00:00:00+09:00,1780.4996337890625,1780.4996337890625,1780.4996337890625,1780.4996337890625,300,0.0,0.0
2008-05-01 00:00:00+09:00,1780.4996337890625,1780.4996337890625,1780.4996337890625,1780.4996337890625,0,0.0,0.0
2008-05-02 00:00:00+09:00,1780.4996337890625,1780.4996337890625,1780.4996337890625,1780.4996337890625,0,0.0,0.0
2008-05-07 00:00:00+09:00,1780.4996337890625,1780.4996337890625,1780.4996337890625,1780.4996337890625,0,0.0,0.0
2008-05-08 00:00:00+09:00,1780.4996337890625,1780.4996337890625,1780.4996337890625,1780.4996337890625,100,0.0,0.0
2008-05-09 00:00:00+09:00,1780.4996337890625,1780.4996337890625,1780.4996337890625,1780.4996337890625,0,0.0,0.0
2008-05-12 00:00:00+09:00,1780.4996337890625,1780.4996337890625,1780.4996337890625,1780.4996337890625,0,0.0,0.0
2008-05-13 00:00:00+09:00,1780.4996337890625,1780.4996337890625,1780.4996337890625,1780.4996337890625,0,0.0,0.0
2008-05-14 00:00:00+09:00,1780.4996337890625,1780.4996337890625,1780.4996337890625,1780.4996337890625,0,0.0,0.0
2008-05-15 00:00:00+09:00,1780.4996337890625,1780.4996337890625,1780.4996337890625,1780.4996337890625,200,0.0,0.0
2008-05-16 00:00:00+09:00,1780.4996337890625,1780.4996337890625,1780.4996337890625,1780.4996337890625,0,0.0,0.0
2008-05-19 00:00:00+09:00,1691.474853515625,1735.9873496607731,1691.474853515625,1691.474853515625,400,0.0,0.0
2008-05-20 00:00:00+09:00,1691.474853515625,1691.474853515625,1691.474853515625,1691.474853515625,100,0.0,0.0
2008-05-21 00:00:00+09:00,1691.474853515625,1691.474853515625,1691.474853515625,1691.474853515625,100,0.0,0.0
2008-05-22 00:00:00+09:00,1691.474853515625,1691.474853515625,1691.474853515625,1691.474853515625,100,0.0,0.0
2008-05-23 00:00:00+09:00,1691.474853515625,1691.474853515625,1691.474853515625,1691.474853515625,100,0.0,0.0
2008-05-26 00:00:00+09:00,1691.474853515625,1691.474853515625,1691.474853515625,1691.474853515625,0,0.0,0.0
2008-05-27 00:00:00+09:00,1691.474853515625,1691.474853515625,1691.474853515625,1691.474853515625,0,0.0,0.0
2008-05-28 00:00:00+09:00,1691.474853515625,1691.474853515625,1691.474853515625,1691.474853515625,100,0.0,0.0
2008-05-29 00:00:00+09:00,1691.4746907552083,1735.9871826171875,1691.4746907552083,1735.9871826171875,200,0.0,0.0
2008-05-30 00:00:00+09:00,1735.9871826171875,1735.9871826171875,1735.9871826171875,1735.9871826171875,100,0.0,0.0
2008-06-02 00:00:00+09:00,1735.9871826171875,1735.9871826171875,1735.9871826171875,1735.9871826171875,0,0.0,0.0
2008-06-03 00:00:00+09:00,1735.9871826171875,1735.9871826171875,1735.9871826171875,1735.9871826171875,0,0.0,0.0
2008-06-04 00:00:00+09:00,1735.9871826171875,1735.9871826171875,1735.9871826171875,1735.9871826171875,0,0.0,0.0
2008-06-05 00:00:00+09:00,1691.474853515625,1691.474853515625,1691.474853515625,1691.474853515625,100,0.0,0.0
2008-06-06 00:00:00+09:00,1691.4746907552083,1735.9871826171875,1691.4746907552083,1735.9871826171875,600,0.0,0.0
2008-06-09 00:00:00+09:00,1735.9871826171875,1735.9871826171875,1735.9871826171875,1735.9871826171875,100,0.0,0.0
2008-06-10 00:00:00+09:00,1735.9871826171875,1735.9871826171875,1735.9871826171875,1735.9871826171875,0,0.0,0.0
2008-06-11 00:00:00+09:00,1780.4996337890625,1780.4996337890625,1780.4996337890625,1780.4996337890625,100,0.0,0.0
2008-06-12 00:00:00+09:00,1691.474853515625,1691.474853515625,1691.474853515625,1691.474853515625,100,0.0,0.0
2008-06-13 00:00:00+09:00,1691.474853515625,1691.474853515625,1691.474853515625,1691.474853515625,0,0.0,0.0
2008-06-16 00:00:00+09:00,1771.5971761067708,1771.5971761067708,1735.9871826171875,1735.9871826171875,300,0.0,0.0
2008-06-17 00:00:00+09:00,1771.59716796875,1771.59716796875,1771.59716796875,1771.59716796875,300,0.0,0.0
2008-06-18 00:00:00+09:00,1780.4996337890625,1780.4996337890625,1780.4996337890625,1780.4996337890625,1500,0.0,0.0
2008-06-19 00:00:00+09:00,1780.4995582217261,1869.5245361328125,1780.4995582217261,1869.5245361328125,500,0.0,0.0
2008-06-20 00:00:00+09:00,1860.6220703125,1860.6220703125,1860.6220703125,1860.6220703125,200,0.0,0.0
2008-06-23 00:00:00+09:00,1869.5245361328125,1869.5245361328125,1869.5245361328125,1869.5245361328125,300,0.0,0.0
2008-06-24 00:00:00+09:00,1869.5245361328125,1869.5245361328125,1869.5245361328125,1869.5245361328125,0,0.0,0.0
2008-06-25 00:00:00+09:00,1869.5245361328125,1869.5245361328125,1869.5245361328125,1869.5245361328125,200,0.0,0.0
2008-06-26 00:00:00+09:00,2225.624755859375,2225.624755859375,2216.7222568359375,2225.624755859375,700,0.0,0.0
2008-06-27 00:00:00+09:00,2207.8195893706747,2572.822021484375,1958.54963573205,2572.822021484375,2600,0.0,0.0
2008-06-30 00:00:00+09:00,2572.821981624681,2617.33447265625,2448.1870067362884,2617.33447265625,2500,0.0,0.0
2008-07-01 00:00:00+09:00,2617.33447265625,2617.33447265625,2617.33447265625,2617.33447265625,0,0.0,0.0
2008-07-02 00:00:00+09:00,2617.33447265625,2617.33447265625,2617.33447265625,2617.33447265625,0,0.0,0.0
2008-07-03 00:00:00+09:00,2617.33447265625,2617.33447265625,2617.33447265625,2617.33447265625,0,0.0,0.0
2008-07-04 00:00:00+09:00,2617.33447265625,2617.33447265625,2617.33447265625,2617.33447265625,0,0.0,0.0
2008-07-07 00:00:00+09:00,2581.724609375,2581.724609375,2581.724609375,2581.724609375,200,0.0,0.0
2008-07-08 00:00:00+09:00,2581.724609375,2581.724609375,2581.724609375,2581.724609375,100,0.0,0.0
2008-07-09 00:00:00+09:00,2581.724609375,2581.724609375,2581.724609375,2581.724609375,100,0.0,0.0
2008-07-10 00:00:00+09:00,2581.724609375,2581.724609375,2581.724609375,2581.724609375,0,0.0,0.0
2008-07-11 00:00:00+09:00,2572.822021484375,2572.822021484375,2572.822021484375,2572.822021484375,100,0.0,0.0
2008-07-14 00:00:00+09:00,2003.0622802734376,2225.624755859375,2003.0622802734376,2225.624755859375,400,0.0,0.0
2008-07-15 00:00:00+09:00,2492.699951171875,2492.699951171875,2448.1874520438055,2492.699951171875,1200,0.0,0.0
2008-07-16 00:00:00+09:00,2537.2119140625,2537.2119140625,2537.2119140625,2537.2119140625,200,0.0,0.0
2008-07-17 00:00:00+09:00,2172.2099747405036,2519.407470703125,2172.2099747405036,2519.407470703125,500,0.0,0.0
2008-07-18 00:00:00+09:00,2492.699576364437,2528.3095703125,2492.699576364437,2528.3095703125,200,0.0,0.0
2008-07-22 00:00:00+09:00,2528.3095703125,2528.3095703125,2528.3095703125,2528.3095703125,0,0.0,0.0
2008-07-23 00:00:00+09:00,2528.3095703125,2528.3095703125,2528.3095703125,2528.3095703125,0,0.0,0.0
2008-07-24 00:00:00+09:00,2528.3095703125,2528.3095703125,2528.3095703125,2528.3095703125,0,0.0,0.0
2008-07-25 00:00:00+09:00,2528.3095703125,2528.3095703125,2528.3095703125,2528.3095703125,0,0.0,0.0
2008-07-28 00:00:00+09:00,2528.3095703125,2528.3095703125,2528.3095703125,2528.3095703125,0,0.0,0.0
2008-07-29 00:00:00+09:00,2528.3095703125,2528.3095703125,2528.3095703125,2528.3095703125,0,0.0,0.0
2008-07-30 00:00:00+09:00,2528.3095703125,2528.3095703125,2528.3095703125,2528.3095703125,0,0.0,0.0
2008-07-31 00:00:00+09:00,2403.6750189691998,2474.89501953125,2403.6750189691998,2474.89501953125,800,0.0,0.0
2008-08-01 00:00:00+09:00,2474.89501953125,2474.89501953125,2474.89501953125,2474.89501953125,0,0.0,0.0
2008-08-04 00:00:00+09:00,2421.4796286962364,2483.797119140625,2421.4796286962364,2483.797119140625,200,0.0,0.0
2008-08-05 00:00:00+09:00,2483.797119140625,2483.797119140625,2483.797119140625,2483.797119140625,0,0.0,0.0
2008-08-06 00:00:00+09:00,2483.797119140625,2483.797119140625,2483.797119140625,2483.797119140625,0,0.0,0.0
2008-08-07 00:00:00+09:00,2483.797119140625,2483.797119140625,2483.797119140625,2483.797119140625,0,0.0,0.0
2008-08-08 00:00:00+09:00,2430.382080078125,2430.382080078125,2430.382080078125,2430.382080078125,100,0.0,0.0
2008-08-11 00:00:00+09:00,2430.382080078125,2430.382080078125,2430.382080078125,2430.382080078125,0,0.0,0.0
2008-08-12 00:00:00+09:00,2430.382080078125,2430.382080078125,2430.382080078125,2430.382080078125,0,0.0,0.0
2008-08-13 00:00:00+09:00,2430.382080078125,2430.382080078125,2430.382080078125,2430.382080078125,0,0.0,0.0
2008-08-14 00:00:00+09:00,2430.382080078125,2430.382080078125,2430.382080078125,2430.382080078125,0,0.0,0.0
2008-08-15 00:00:00+09:00,2403.674560546875,2403.674560546875,2403.674560546875,2403.674560546875,100,0.0,0.0
2008-08-18 00:00:00+09:00,2403.674560546875,2403.674560546875,2403.674560546875,2403.674560546875,0,0.0,0.0
2008-08-19 00:00:00+09:00,2403.674560546875,2403.674560546875,2403.674560546875,2403.674560546875,300,0.0,0.0
2008-08-20 00:00:00+09:00,2359.162109375,2359.162109375,2359.162109375,2359.162109375,400,0.0,0.0
2008-08-21 00:00:00+09:00,2359.162109375,2359.162109375,2359.162109375,2359.162109375,800,0.0,0.0
2008-08-22 00:00:00+09:00,2092.0871175130205,2403.674560546875,2092.0871175130205,2403.674560546875,600,0.0,0.0
2008-08-25 00:00:00+09:00,2403.674560546875,2403.674560546875,2403.674560546875,2403.674560546875,0,0.0,0.0
2008-08-26 00:00:00+09:00,2403.674560546875,2403.674560546875,2403.674560546875,2403.674560546875,0,0.0,0.0
2008-08-27 00:00:00+09:00,2359.1620686848955,2403.674560546875,2359.1620686848955,2403.674560546875,800,0.0,0.0
2008-08-28 00:00:00+09:00,2403.674560546875,2403.674560546875,2403.674560546875,2403.674560546875,0,0.0,0.0
2008-08-29 00:00:00+09:00,2394.77197265625,2394.77197265625,2394.77197265625,2394.77197265625,100,0.0,0.0
2008-09-01 00:00:00+09:00,2394.77197265625,2394.77197265625,2394.77197265625,2394.77197265625,600,0.0,0.0
2008-09-02 00:00:00+09:00,2359.1619804977927,2394.77197265625,2359.1619804977927,2394.77197265625,400,0.0,0.0
2008-09-03 00:00:00+09:00,2394.77197265625,2394.77197265625,2394.77197265625,2394.77197265625,0,0.0,0.0
2008-09-04 00:00:00+09:00,2385.86962890625,2385.86962890625,2385.86962890625,2385.86962890625,200,0.0,0.0
2008-09-05 00:00:00+09:00,2385.86962890625,2385.86962890625,2385.86962890625,2385.86962890625,0,0.0,0.0
2008-09-08 00:00:00+09:00,2385.86962890625,2385.86962890625,2385.86962890625,2385.86962890625,100,0.0,0.0
2008-09-09 00:00:00+09:00,2385.86962890625,2385.86962890625,2385.86962890625,2385.86962890625,0,0.0,0.0
2008-09-10 00:00:00+09:00,2385.86962890625,2385.86962890625,2385.86962890625,2385.86962890625,100,0.0,0.0
2008-09-11 00:00:00+09:00,2385.86962890625,2385.86962890625,2385.86962890625,2385.86962890625,0,0.0,0.0
2008-09-12 00:00:00+09:00,2385.869563802083,2403.674560546875,2385.869563802083,2403.674560546875,200,0.0,0.0
2008-09-16 00:00:00+09:00,2403.674560546875,2403.674560546875,2403.674560546875,2403.674560546875,200,0.0,0.0
2008-09-17 00:00:00+09:00,2403.674560546875,2403.674560546875,2403.674560546875,2403.674560546875,0,0.0,0.0
2008-09-18 00:00:00+09:00,2403.674560546875,2403.674560546875,2403.674560546875,2403.674560546875,0,0.0,0.0
2008-09-19 00:00:00+09:00,2403.674560546875,2403.674560546875,2403.674560546875,2403.674560546875,0,0.0,0.0
2008-09-22 00:00:00+09:00,2403.674560546875,2403.674560546875,2403.674560546875,2403.674560546875,0,0.0,0.0
2008-09-24 00:00:00+09:00,2403.674560546875,2403.674560546875,2403.674560546875,2403.674560546875,0,0.0,0.0
2008-09-25 00:00:00+09:00,2403.674560546875,2403.674560546875,2403.674560546875,2403.674560546875,0,0.0,0.0
2008-09-26 00:00:00+09:00,2403.674560546875,2403.674560546875,2403.674560546875,2403.674560546875,0,0.0,0.0
2008-09-29 00:00:00+09:00,2403.674560546875,2403.674560546875,2403.674560546875,2403.674560546875,0,0.0,0.0
2008-09-30 00:00:00+09:00,2394.77197265625,2394.77197265625,2394.77197265625,2394.77197265625,100,0.0,0.0
2008-10-01 00:00:00+09:00,2394.77197265625,2394.77197265625,2394.77197265625,2394.77197265625,0,0.0,0.0
2008-10-02 00:00:00+09:00,2385.8694746166357,2394.77197265625,2385.8694746166357,2394.77197265625,500,0.0,0.0
2008-10-03 00:00:00+09:00,2394.77197265625,2394.77197265625,2394.77197265625,2394.77197265625,500,0.0,0.0
2008-10-06 00:00:00+09:00,2403.674560546875,2403.674560546875,2314.6495768229165,2403.674560546875,1200,0.0,0.0
2008-10-07 00:00:00+09:00,2314.6494140625,2314.6494140625,2314.6494140625,2314.6494140625,200,0.0,0.0
2008-10-08 00:00:00+09:00,2314.6494140625,2314.6494140625,2314.6494140625,2314.6494140625,200,0.0,0.0
2008-10-09 00:00:00+09:00,2314.6494140625,2314.6494140625,2314.6494140625,2314.6494140625,1000,0.0,0.0
2008-10-10 00:00:00+09:00,2216.7219388521635,2314.6494140625,2216.7219388521635,2314.6494140625,400,0.0,0.0
2008-10-14 00:00:00+09:00,1869.5245267427886,2314.6494140625,1869.5245267427886,2314.6494140625,500,0.0,0.0
2008-10-15 00:00:00+09:00,2314.6494140625,2314.6494140625,2314.6494140625,2314.6494140625,400,0.0,0.0
2008-10-16 00:00:00+09:00,2314.6494140625,2314.6494140625,2314.6494140625,2314.6494140625,800,0.0,0.0
2008-10-17 00:00:00+09:00,2314.6494140625,2314.6494140625,2314.6494140625,2314.6494140625,0,0.0,0.0
2008-10-20 00:00:00+09:00,2314.6494140625,2314.6494140625,2314.6494140625,2314.6494140625,100,0.0,0.0
2008-10-21 00:00:00+09:00,2314.6494140625,2314.6494140625,2314.6494140625,2314.6494140625,0,0.0,0.0
2008-10-22 00:00:00+09:00,2314.6494140625,2314.6494140625,2314.6494140625,2314.6494140625,1200,0.0,0.0
2008-10-23 00:00:00+09:00,2314.6494140625,2314.6494140625,2314.6494140625,2314.6494140625,0,0.0,0.0
2008-10-24 00:00:00+09:00,2314.6494140625,2314.6494140625,2314.6494140625,2314.6494140625,1000,0.0,0.0
2008-10-27 00:00:00+09:00,2403.674560546875,2403.674560546875,2403.674560546875,2403.674560546875,1000,0.0,0.0
2008-10-28 00:00:00+09:00,2403.674560546875,2403.674560546875,2403.674560546875,2403.674560546875,0,0.0,0.0
2008-10-29 00:00:00+09:00,2403.674560546875,2403.674560546875,2403.674560546875,2403.674560546875,0,0.0,0.0
2008-10-30 00:00:00+09:00,2403.674560546875,2403.674560546875,2403.674560546875,2403.674560546875,0,0.0,0.0
2008-10-31 00:00:00+09:00,2403.674560546875,2403.674560546875,2403.674560546875,2403.674560546875,0,0.0,0.0
2008-11-04 00:00:00+09:00,2314.6495768229165,2403.674560546875,2314.6495768229165,2403.674560546875,1300,0.0,0.0
2008-11-05 00:00:00+09:00,2403.674560546875,2403.674560546875,2403.674560546875,2403.674560546875,0,0.0,0.0
2008-11-06 00:00:00+09:00,2403.674560546875,2403.674560546875,2403.674560546875,2403.674560546875,0,0.0,0.0
2008-11-07 00:00:00+09:00,2403.674560546875,2403.674560546875,2403.674560546875,2403.674560546875,0,0.0,0.0
2008-11-10 00:00:00+09:00,2403.674560546875,2403.674560546875,2403.674560546875,2403.674560546875,100,0.0,0.0
2008-11-11 00:00:00+09:00,2403.674560546875,2403.674560546875,2403.674560546875,2403.674560546875,0,0.0,0.0
2008-11-12 00:00:00+09:00,2403.674560546875,2403.674560546875,2403.674560546875,2403.674560546875,0,0.0,0.0
2008-11-13 00:00:00+09:00,2314.6495768229165,2403.674560546875,2314.6495768229165,2403.674560546875,500,0.0,0.0
2008-11-14 00:00:00+09:00,2403.674560546875,2403.674560546875,2403.674560546875,2403.674560546875,0,0.0,0.0
2008-11-17 00:00:00+09:00,2403.674560546875,2403.674560546875,2403.674560546875,2403.674560546875,200,0.0,0.0
2008-11-18 00:00:00+09:00,2403.674560546875,2403.674560546875,2403.674560546875,2403.674560546875,0,0.0,0.0
2008-11-19 00:00:00+09:00,2403.674560546875,2403.674560546875,2403.674560546875,2403.674560546875,0,0.0,0.0
2008-11-20 00:00:00+09:00,2403.674560546875,2403.674560546875,2403.674560546875,2403.674560546875,300,0.0,0.0
2008-11-21 00:00:00+09:00,2403.674560546875,2403.674560546875,2403.674560546875,2403.674560546875,0,0.0,0.0
2008-11-25 00:00:00+09:00,2403.674560546875,2403.674560546875,2403.674560546875,2403.674560546875,0,0.0,0.0
2008-11-26 00:00:00+09:00,2403.674560546875,2403.674560546875,2403.674560546875,2403.674560546875,0,0.0,0.0
2008-11-27 00:00:00+09:00,2314.6495768229165,2403.674560546875,2314.6495768229165,2403.674560546875,300,0.0,0.0
2008-11-28 00:00:00+09:00,2403.674560546875,2403.674560546875,2403.674560546875,2403.674560546875,100,0.0,0.0
2008-12-01 00:00:00+09:00,2403.674560546875,2403.674560546875,2403.674560546875,2403.674560546875,0,0.0,0.0
2008-12-02 00:00:00+09:00,2403.674560546875,2403.674560546875,2403.674560546875,2403.674560546875,0,0.0,0.0
2008-12-03 00:00:00+09:00,2403.674560546875,2403.674560546875,2403.674560546875,2403.674560546875,0,0.0,0.0
2008-12-04 00:00:00+09:00,2403.674560546875,2403.674560546875,2403.674560546875,2403.674560546875,0,0.0,0.0
2008-12-05 00:00:00+09:00,2403.674560546875,2403.674560546875,2403.674560546875,2403.674560546875,0,0.0,0.0
2008-12-08 00:00:00+09:00,2403.674560546875,2403.674560546875,2314.6495768229165,2403.674560546875,400,0.0,0.0
2008-12-09 00:00:00+09:00,2403.674560546875,2403.674560546875,2403.674560546875,2403.674560546875,0,0.0,0.0
2008-12-10 00:00:00+09:00,2403.674560546875,2403.674560546875,2403.674560546875,2403.674560546875,0,0.0,0.0
2008-12-11 00:00:00+09:00,2403.674560546875,2403.674560546875,2403.674560546875,2403.674560546875,0,0.0,0.0
2008-12-12 00:00:00+09:00,2403.674560546875,2403.674560546875,2403.674560546875,2403.674560546875,0,0.0,0.0
2008-12-15 00:00:00+09:00,2394.77197265625,2394.77197265625,2394.77197265625,2394.77197265625,100,0.0,0.0
2008-12-16 00:00:00+09:00,2403.674560546875,2403.674560546875,2359.1620686848955,2403.674560546875,500,0.0,0.0
2008-12-17 00:00:00+09:00,2403.674560546875,2403.674560546875,2403.674560546875,2403.674560546875,900,0.0,0.0
2008-12-18 00:00:00+09:00,2403.674560546875,2403.674560546875,2403.674560546875,2403.674560546875,0,0.0,0.0
2008-12-19 00:00:00+09:00,2403.674560546875,2403.674560546875,2403.674560546875,2403.674560546875,0,0.0,0.0
2008-12-22 00:00:00+09:00,2216.722011863964,2394.77197265625,2216.722011863964,2394.77197265625,500,0.0,0.0
2008-12-24 00:00:00+09:00,2394.77197265625,2394.77197265625,2394.77197265625,2394.77197265625,0,0.0,0.0
2008-12-25 00:00:00+09:00,2394.77197265625,2394.77197265625,2394.77197265625,2394.77197265625,0,0.0,0.0
2008-12-26 00:00:00+09:00,2394.77197265625,2394.77197265625,2394.77197265625,2394.77197265625,0,0.0,0.0
2008-12-29 00:00:00+09:00,2394.77197265625,2394.77197265625,2394.77197265625,2394.77197265625,0,0.0,0.0
2008-12-30 00:00:00+09:00,2394.77197265625,2394.77197265625,2394.77197265625,2394.77197265625,0,0.0,0.0
2009-01-05 00:00:00+09:00,2403.674560546875,2403.674560546875,2403.674560546875,2403.674560546875,100,0.0,0.0
2009-01-06 00:00:00+09:00,2403.674560546875,2403.674560546875,2403.674560546875,2403.674560546875,0,0.0,0.0
2009-01-07 00:00:00+09:00,2403.674560546875,2403.674560546875,2403.674560546875,2403.674560546875,0,0.0,0.0
2009-01-08 00:00:00+09:00,2403.674560546875,2403.674560546875,2403.674560546875,2403.674560546875,0,0.0,0.0
2009-01-09 00:00:00+09:00,2519.407470703125,2519.407470703125,2519.407470703125,2519.407470703125,100,0.0,0.0
2009-01-13 00:00:00+09:00,2519.407470703125,2519.407470703125,2519.407470703125,2519.407470703125,0,0.0,0.0
2009-01-14 00:00:00+09:00,2519.407470703125,2519.407470703125,2519.407470703125,2519.407470703125,0,0.0,0.0
2009-01-15 00:00:00+09:00,2510.5048828125,2510.5048828125,2510.5048828125,2510.5048828125,200,0.0,0.0
2009-01-16 00:00:00+09:00,2403.674560546875,2403.674560546875,2403.674560546875,2403.674560546875,100,0.0,0.0
2009-01-19 00:00:00+09:00,2537.2119140625,2537.2119140625,2537.2119140625,2537.2119140625,100,0.0,0.0
2009-01-20 00:00:00+09:00,2314.6494140625,2314.6494140625,2314.6494140625,2314.6494140625,100,0.0,0.0
2009-01-21 00:00:00+09:00,2359.1624537876673,2492.699951171875,2359.1624537876673,2492.699951171875,300,0.0,0.0
2009-01-22 00:00:00+09:00,2448.1871246009746,2483.797119140625,2448.1871246009746,2483.797119140625,700,0.0,0.0
2009-01-23 00:00:00+09:00,2483.797119140625,2483.797119140625,2483.797119140625,2483.797119140625,0,0.0,0.0
2009-01-26 00:00:00+09:00,2483.797119140625,2483.797119140625,2483.797119140625,2483.797119140625,0,0.0,0.0
2009-01-27 00:00:00+09:00,2483.797119140625,2483.797119140625,2483.797119140625,2483.797119140625,2000,0.0,0.0
2009-01-28 00:00:00+09:00,2483.797119140625,2483.797119140625,2483.797119140625,2483.797119140625,0,0.0,0.0
2009-01-29 00:00:00+09:00,2483.797119140625,2483.797119140625,2483.797119140625,2483.797119140625,0,0.0,0.0
2009-01-30 00:00:00+09:00,2394.7725188989434,2483.7975196015063,2394.7725188989434,2474.89501953125,2700,0.0,0.0
2009-02-02 00:00:00+09:00,2474.89501953125,2474.89501953125,2474.89501953125,2474.89501953125,0,0.0,0.0
2009-02-03 00:00:00+09:00,2474.89501953125,2474.89501953125,2474.89501953125,2474.89501953125,0,0.0,0.0
2009-02-04 00:00:00+09:00,2430.3820556640626,2430.3820556640626,2385.869563802083,2403.674560546875,700,0.0,0.0
2009-02-05 00:00:00+09:00,2403.674560546875,2403.674560546875,2403.674560546875,2403.674560546875,0,0.0,0.0
2009-02-06 00:00:00+09:00,2403.674560546875,2403.674560546875,2403.674560546875,2403.674560546875,0,0.0,0.0
2009-02-09 00:00:00+09:00,2403.674560546875,2403.674560546875,2394.772062174479,2403.674560546875,500,0.0,0.0
2009-02-10 00:00:00+09:00,2403.674560546875,2403.674560546875,2403.674560546875,2403.674560546875,0,0.0,0.0
2009-02-12 00:00:00+09:00,1780.4997051886792,2359.162109375,1780.4997051886792,2359.162109375,6800,0.0,0.0
2009-02-13 00:00:00+09:00,2359.1619804977927,2394.77197265625,2350.2594824581784,2394.77197265625,700,0.0,0.0
2009-02-16 00:00:00+09:00,2394.77197265625,2394.77197265625,2394.77197265625,2394.77197265625,200,0.0,0.0
2009-02-17 00:00:00+09:00,2350.259634444963,2385.86962890625,2350.259634444963,2385.86962890625,200,0.0,0.0
2009-02-18 00:00:00+09:00,2350.259546172753,2376.967041015625,2350.259546172753,2376.967041015625,200,0.0,0.0
2009-02-19 00:00:00+09:00,2350.259457236842,2368.064453125,2350.259457236842,2368.064453125,300,0.0,0.0
2009-02-20 00:00:00+09:00,2332.454549610838,2376.967041015625,2332.454549610838,2376.967041015625,600,0.0,0.0
2009-02-23 00:00:00+09:00,2341.3569592927633,2368.064453125,2341.3569592927633,2368.064453125,400,0.0,0.0
2009-02-24 00:00:00+09:00,2368.064453125,2368.064453125,2368.064453125,2368.064453125,0,0.0,0.0
2009-02-25 00:00:00+09:00,2341.357023296934,2350.259521484375,2341.357023296934,2350.259521484375,600,0.0,0.0
2009-02-26 00:00:00+09:00,2350.259521484375,2350.259521484375,2350.259521484375,2350.259521484375,0,0.0,0.0
2009-02-27 00:00:00+09:00,2350.259521484375,2350.259521484375,2350.259521484375,2350.259521484375,0,0.0,0.0
2009-03-02 00:00:00+09:00,2359.162109375,2359.162109375,2359.162109375,2359.162109375,200,0.0,0.0
2009-03-03 00:00:00+09:00,2314.6495530489233,2376.967041015625,2314.6495530489233,2376.967041015625,300,0.0,0.0
2009-03-04 00:00:00+09:00,2314.6495530489233,2376.967041015625,2314.6495530489233,2376.967041015625,400,0.0,0.0
2009-03-05 00:00:00+09:00,2376.967041015625,2376.967041015625,2376.967041015625,2376.967041015625,0,0.0,0.0
2009-03-06 00:00:00+09:00,2376.967041015625,2376.967041015625,2376.967041015625,2376.967041015625,0,0.0,0.0
2009-03-09 00:00:00+09:00,2376.967041015625,2376.967041015625,2376.967041015625,2376.967041015625,100,0.0,0.0
2009-03-10 00:00:00+09:00,2403.674560546875,2403.674560546875,2403.674560546875,2403.674560546875,100,0.0,0.0
2009-03-11 00:00:00+09:00,2403.674560546875,2403.674560546875,2403.674560546875,2403.674560546875,100,0.0,0.0
2009-03-12 00:00:00+09:00,2403.674560546875,2403.674560546875,2403.674560546875,2403.674560546875,0,0.0,0.0
2009-03-13 00:00:00+09:00,2403.674560546875,2403.674560546875,2403.674560546875,2403.674560546875,0,0.0,0.0
2009-03-16 00:00:00+09:00,2403.6744706958643,2403.6744706958643,2314.6494902997215,2394.77197265625,900,0.0,0.0
2009-03-17 00:00:00+09:00,2403.674560546875,2403.674560546875,2403.674560546875,2403.674560546875,200,0.0,0.0
2009-03-18 00:00:00+09:00,2359.1620686848955,2403.674560546875,2359.1620686848955,2403.674560546875,300,0.0,0.0
2009-03-19 00:00:00+09:00,2403.674560546875,2403.674560546875,2403.674560546875,2403.674560546875,0,0.0,0.0
2009-03-23 00:00:00+09:00,2403.674560546875,2403.674560546875,2403.674560546875,2403.674560546875,0,0.0,0.0
2009-03-24 00:00:00+09:00,2359.1620686848955,2403.674560546875,2359.1620686848955,2403.674560546875,200,0.0,0.0
2009-03-25 00:00:00+09:00,2359.1620686848955,2403.674560546875,2359.1620686848955,2403.674560546875,200,0.0,0.0
2009-03-26 00:00:00+09:00,2359.1620686848955,2403.674560546875,2359.1620686848955,2403.674560546875,200,0.0,0.0
2009-03-27 00:00:00+09:00,2403.674560546875,2403.674560546875,2403.674560546875,2403.674560546875,100,0.0,0.0
2009-03-30 00:00:00+09:00,2403.674560546875,2403.674560546875,2403.674560546875,2403.674560546875,0,0.0,0.0
2009-03-31 00:00:00+09:00,2403.674560546875,2403.674560546875,2403.674560546875,2403.674560546875,0,0.0,0.0
2009-04-01 00:00:00+09:00,2403.674560546875,2403.674560546875,2403.674560546875,2403.674560546875,0,0.0,0.0
2009-04-02 00:00:00+09:00,2359.1620686848955,2403.674560546875,2359.1620686848955,2403.674560546875,200,0.0,0.0
2009-04-03 00:00:00+09:00,2403.674560546875,2403.674560546875,2403.674560546875,2403.674560546875,0,0.0,0.0
2009-04-06 00:00:00+09:00,2403.674560546875,2403.674560546875,2403.674560546875,2403.674560546875,0,0.0,0.0
2009-04-07 00:00:00+09:00,2403.674560546875,2403.674560546875,2403.674560546875,2403.674560546875,0,0.0,0.0
2009-04-08 00:00:00+09:00,2403.674560546875,2403.674560546875,2403.674560546875,2403.674560546875,100,0.0,0.0
2009-04-09 00:00:00+09:00,2403.674560546875,2403.674560546875,2403.674560546875,2403.674560546875,0,0.0,0.0
2009-04-10 00:00:00+09:00,2403.674560546875,2403.674560546875,2403.674560546875,2403.674560546875,0,0.0,0.0
2009-04-13 00:00:00+09:00,2403.6747602982955,2448.187255859375,2403.6747602982955,2448.187255859375,400,0.0,0.0
2009-04-14 00:00:00+09:00,2448.187255859375,2448.187255859375,2448.187255859375,2448.187255859375,0,0.0,0.0
2009-04-15 00:00:00+09:00,2448.187255859375,2448.187255859375,2448.187255859375,2448.187255859375,100,0.0,0.0
2009-04-16 00:00:00+09:00,2448.187255859375,2448.187255859375,2448.187255859375,2448.187255859375,0,0.0,0.0
2009-04-17 00:00:00+09:00,2448.187255859375,2448.187255859375,2448.187255859375,2448.187255859375,0,0.0,0.0
2009-04-20 00:00:00+09:00,2359.162264737216,2448.187255859375,2359.162264737216,2448.187255859375,1000,0.0,0.0
2009-04-21 00:00:00+09:00,2448.187255859375,2448.187255859375,2448.187255859375,2448.187255859375,0,0.0,0.0
2009-04-22 00:00:00+09:00,2448.187255859375,2448.187255859375,2448.187255859375,2448.187255859375,0,0.0,0.0
2009-04-23 00:00:00+09:00,2448.187255859375,2448.187255859375,2448.187255859375,2448.187255859375,0,0.0,0.0
2009-04-24 00:00:00+09:00,2448.187255859375,2448.187255859375,2448.187255859375,2448.187255859375,0,0.0,0.0
2009-04-27 00:00:00+09:00,2448.187255859375,2448.187255859375,2448.187255859375,2448.187255859375,0,0.0,0.0
2009-04-28 00:00:00+09:00,2448.187255859375,2448.187255859375,2448.187255859375,2448.187255859375,0,0.0,0.0
2009-04-30 00:00:00+09:00,2448.187255859375,2448.187255859375,2448.187255859375,2448.187255859375,0,0.0,0.0
2009-05-01 00:00:00+09:00,2448.187255859375,2448.187255859375,2448.187255859375,2448.187255859375,0,0.0,0.0
2009-05-07 00:00:00+09:00,2403.6747602982955,2448.187255859375,2403.6747602982955,2448.187255859375,200,0.0,0.0
2009-05-08 00:00:00+09:00,2448.187255859375,2448.187255859375,2448.187255859375,2448.187255859375,0,0.0,0.0
2009-05-11 00:00:00+09:00,2448.187255859375,2448.187255859375,2448.187255859375,2448.187255859375,0,0.0,0.0
2009-05-12 00:00:00+09:00,2448.187255859375,2448.187255859375,2448.187255859375,2448.187255859375,0,0.0,0.0
2009-05-13 00:00:00+09:00,2403.674560546875,2403.674560546875,2403.674560546875,2403.674560546875,200,0.0,0.0
2009-05-14 00:00:00+09:00,2403.674560546875,2403.674560546875,2403.674560546875,2403.674560546875,0,0.0,0.0
2009-05-15 00:00:00+09:00,2403.6747602982955,2448.187255859375,2403.6747602982955,2448.187255859375,300,0.0,0.0
2009-05-18 00:00:00+09:00,2537.2119140625,2537.2119140625,2537.2119140625,2537.2119140625,100,0.0,0.0
2009-05-19 00:00:00+09:00,2501.601922286184,2537.2119140625,2501.601922286184,2537.2119140625,800,0.0,0.0
2009-05-20 00:00:00+09:00,2537.2119140625,2537.2119140625,2537.2119140625,2537.2119140625,100,0.0,0.0
2009-05-21 00:00:00+09:00,2537.2119140625,2537.2119140625,2537.2119140625,2537.2119140625,0,0.0,0.0
2009-05-22 00:00:00+09:00,2537.2119140625,2537.2119140625,2537.2119140625,2537.2119140625,0,0.0,0.0
2009-05-25 00:00:00+09:00,2537.2119140625,2537.2119140625,2537.2119140625,2537.2119140625,0,0.0,0.0
2009-05-26 00:00:00+09:00,2537.2119140625,2537.2119140625,2537.2119140625,2537.2119140625,0,0.0,0.0
2009-05-27 00:00:00+09:00,2537.2119140625,2537.2119140625,2537.2119140625,2537.2119140625,400,0.0,0.0
2009-05-28 00:00:00+09:00,2537.2119140625,2537.2119140625,2537.2119140625,2537.2119140625,0,0.0,0.0
2009-05-29 00:00:00+09:00,2537.2119140625,2537.2119140625,2537.2119140625,2537.2119140625,100,0.0,0.0
2009-06-01 00:00:00+09:00,2537.2119140625,2537.2119140625,2537.2119140625,2537.2119140625,0,0.0,0.0
2009-06-02 00:00:00+09:00,2537.2119140625,2537.2119140625,2537.2119140625,2537.2119140625,0,0.0,0.0
2009-06-03 00:00:00+09:00,2537.2119140625,2537.2119140625,2537.2119140625,2537.2119140625,0,0.0,0.0
2009-06-04 00:00:00+09:00,2537.2119140625,2537.2119140625,2537.2119140625,2537.2119140625,0,0.0,0.0
2009-06-05 00:00:00+09:00,2528.3095703125,2528.3095703125,2528.3095703125,2528.3095703125,200,0.0,0.0
2009-06-08 00:00:00+09:00,2528.3099705996024,2528.3099705996024,2519.407470703125,2519.407470703125,400,0.0,0.0
2009-06-09 00:00:00+09:00,2519.407470703125,2519.407470703125,2519.407470703125,2519.407470703125,0,0.0,0.0
2009-06-10 00:00:00+09:00,2519.407470703125,2519.407470703125,2519.407470703125,2519.407470703125,0,0.0,0.0
2009-06-11 00:00:00+09:00,2421.479886968085,2510.5048828125,2421.479886968085,2510.5048828125,200,0.0,0.0
2009-06-12 00:00:00+09:00,2483.7973840591753,2510.5048828125,2439.284886136968,2510.5048828125,1100,0.0,0.0
2009-06-15 00:00:00+09:00,2510.5048828125,2510.5048828125,2421.479886968085,2510.5048828125,600,0.0,0.0
2009-06-16 00:00:00+09:00,2510.5048828125,2510.5048828125,2510.5048828125,2510.5048828125,0,0.0,0.0
2009-06-17 00:00:00+09:00,2510.5048828125,2510.5048828125,2510.5048828125,2510.5048828125,0,0.0,0.0
2009-06-18 00:00:00+09:00,2510.5048828125,2510.5048828125,2510.5048828125,2510.5048828125,0,0.0,0.0
2009-06-19 00:00:00+09:00,2510.5048828125,2510.5048828125,2510.5048828125,2510.5048828125,0,0.0,0.0
2009-06-22 00:00:00+09:00,2510.5048828125,2510.5048828125,2510.5048828125,2510.5048828125,0,0.0,0.0
2009-06-23 00:00:00+09:00,2510.5048828125,2510.5048828125,2510.5048828125,2510.5048828125,0,0.0,0.0
2009-06-24 00:00:00+09:00,2510.5048828125,2510.5048828125,2510.5048828125,2510.5048828125,0,0.0,0.0
2009-06-25 00:00:00+09:00,2572.821981624681,2617.33447265625,2572.821981624681,2617.33447265625,200,0.0,0.0
2009-06-26 00:00:00+09:00,2652.944514973958,2670.74951171875,2581.7245279947915,2670.74951171875,500,0.0,0.0
2009-06-29 00:00:00+09:00,2670.74951171875,2670.74951171875,2670.74951171875,2670.74951171875,0,0.0,0.0
2009-06-30 00:00:00+09:00,2652.944580078125,2652.944580078125,2652.944580078125,2652.944580078125,100,0.0,0.0
2009-07-01 00:00:00+09:00,2581.7243279925847,2626.23681640625,2581.7243279925847,2626.23681640625,600,0.0,0.0
2009-07-02 00:00:00+09:00,2537.2120281074285,2572.822021484375,2537.2120281074285,2572.822021484375,200,0.0,0.0
2009-07-03 00:00:00+09:00,2572.822021484375,2572.822021484375,2572.822021484375,2572.822021484375,0,0.0,0.0
2009-07-06 00:00:00+09:00,2537.2119140625,2537.2119140625,2537.2119140625,2537.2119140625,100,0.0,0.0
2009-07-07 00:00:00+09:00,2537.2119140625,2537.2119140625,2537.2119140625,2537.2119140625,0,0.0,0.0
2009-07-08 00:00:00+09:00,2492.6996177755377,2492.6996177755377,2483.797119140625,2483.797119140625,200,0.0,0.0
2009-07-09 00:00:00+09:00,2483.797119140625,2483.797119140625,2483.797119140625,2483.797119140625,0,0.0,0.0
2009-07-10 00:00:00+09:00,2483.797119140625,2483.797119140625,2483.797119140625,2483.797119140625,0,0.0,0.0
2009-07-13 00:00:00+09:00,2483.797119140625,2483.797119140625,2483.797119140625,2483.797119140625,0,0.0,0.0
2009-07-14 00:00:00+09:00,2483.797119140625,2483.797119140625,2483.797119140625,2483.797119140625,0,0.0,0.0
2009-07-15 00:00:00+09:00,2483.797119140625,2483.797119140625,2483.797119140625,2483.797119140625,0,0.0,0.0
2009-07-16 00:00:00+09:00,2492.699951171875,2492.699951171875,2492.699951171875,2492.699951171875,100,0.0,0.0
2009-07-17 00:00:00+09:00,2492.699951171875,2492.699951171875,2492.699951171875,2492.699951171875,0,0.0,0.0
2009-07-21 00:00:00+09:00,2492.699951171875,2492.699951171875,2492.699951171875,2492.699951171875,0,0.0,0.0
2009-07-22 00:00:00+09:00,2448.1871246009746,2483.797119140625,2448.1871246009746,2483.797119140625,200,0.0,0.0
2009-07-23 00:00:00+09:00,2483.797119140625,2483.797119140625,2483.797119140625,2483.797119140625,0,0.0,0.0
2009-07-24 00:00:00+09:00,2483.797119140625,2483.797119140625,2483.797119140625,2483.797119140625,100,0.0,0.0
2009-07-27 00:00:00+09:00,2483.797119140625,2483.797119140625,2483.797119140625,2483.797119140625,0,0.0,0.0
2009-07-28 00:00:00+09:00,2483.797119140625,2483.797119140625,2483.797119140625,2483.797119140625,0,0.0,0.0
2009-07-29 00:00:00+09:00,2359.162264737216,2448.187255859375,2359.162264737216,2448.187255859375,500,0.0,0.0
2009-07-30 00:00:00+09:00,2439.284423828125,2439.284423828125,2439.284423828125,2439.284423828125,300,0.0,0.0
2009-07-31 00:00:00+09:00,2439.284423828125,2439.284423828125,2439.284423828125,2439.284423828125,0,0.0,0.0
2009-08-03 00:00:00+09:00,2439.284423828125,2439.284423828125,2439.284423828125,2439.284423828125,0,0.0,0.0
2009-08-04 00:00:00+09:00,1727.0845226377953,2261.234375,1727.0845226377953,2261.234375,20000,0.0,0.0
2009-08-05 00:00:00+09:00,2038.6722744054962,2038.6722744054962,2029.769775390625,2029.769775390625,300,0.0,0.0
2009-08-06 00:00:00+09:00,2029.769775390625,2029.769775390625,2029.769775390625,2029.769775390625,0,0.0,0.0
2009-08-07 00:00:00+09:00,2029.7699515964675,2047.574951171875,2029.7699515964675,2047.574951171875,300,0.0,0.0
2009-08-10 00:00:00+09:00,2047.574951171875,2047.574951171875,2047.574951171875,2047.574951171875,100,0.0,0.0
2009-08-11 00:00:00+09:00,2047.574951171875,2047.574951171875,2047.574951171875,2047.574951171875,0,0.0,0.0
2009-08-12 00:00:00+09:00,2047.574951171875,2047.574951171875,2047.574951171875,2047.574951171875,0,0.0,0.0
2009-08-13 00:00:00+09:00,1958.549560546875,1958.549560546875,1958.549560546875,1958.549560546875,100,0.0,0.0
2009-08-14 00:00:00+09:00,1958.5495225694444,2003.06201171875,1958.5495225694444,2003.06201171875,400,0.0,0.0
2009-08-17 00:00:00+09:00,2003.062050559304,2003.062050559304,1914.037070534446,1958.549560546875,900,0.0,0.0
2009-08-18 00:00:00+09:00,1896.2323548782704,1914.037353515625,1896.2323548782704,1914.037353515625,1100,0.0,0.0
2009-08-19 00:00:00+09:00,1958.5498501090117,1958.5498501090117,1914.037353515625,1914.037353515625,200,0.0,0.0
2009-08-20 00:00:00+09:00,1914.037353515625,1914.037353515625,1914.037353515625,1914.037353515625,100,0.0,0.0
2009-08-21 00:00:00+09:00,1887.3294677734375,1896.2319652629349,1887.3294677734375,1887.3294677734375,500,0.0,0.0
2009-08-24 00:00:00+09:00,1914.037353515625,1914.037353515625,1914.037353515625,1914.037353515625,100,0.0,0.0
2009-08-25 00:00:00+09:00,1914.037353515625,1914.037353515625,1914.037353515625,1914.037353515625,0,0.0,0.0
2009-08-26 00:00:00+09:00,1914.037353515625,1914.037353515625,1914.037353515625,1914.037353515625,0,0.0,0.0
2009-08-27 00:00:00+09:00,1896.2320556640625,1896.2320556640625,1896.2320556640625,1896.2320556640625,100,0.0,0.0
2009-08-28 00:00:00+09:00,1896.2320556640625,1896.2320556640625,1896.2320556640625,1896.2320556640625,0,0.0,0.0
2009-08-31 00:00:00+09:00,1896.2319652629349,1896.2319652629349,1869.5244727944428,1887.3294677734375,500,0.0,0.0
2009-09-02 00:00:00+09:00,1869.5245361328125,1869.5245361328125,1869.5245361328125,1869.5245361328125,0,0.0,0.0
2009-09-03 00:00:00+09:00,1869.5245361328125,1869.5245361328125,1869.5245361328125,1869.5245361328125,0,0.0,0.0
2009-09-04 00:00:00+09:00,1825.0120785361842,1860.6220703125,1825.0120785361842,1860.6220703125,400,0.0,0.0
2009-09-07 00:00:00+09:00,1860.6220703125,1860.6220703125,1860.6220703125,1860.6220703125,0,0.0,0.0
2009-09-08 00:00:00+09:00,1842.8171063936672,1851.7196044921875,1825.012110196627,1851.7196044921875,300,0.0,0.0
2009-09-09 00:00:00+09:00,1851.7196044921875,1851.7196044921875,1851.7196044921875,1851.7196044921875,0,0.0,0.0
2009-09-10 00:00:00+09:00,1851.7196044921875,1851.7196044921875,1851.7196044921875,1851.7196044921875,0,0.0,0.0
2009-09-11 00:00:00+09:00,1851.7196044921875,1851.7196044921875,1851.7196044921875,1851.7196044921875,0,0.0,0.0
2009-09-14 00:00:00+09:00,1825.0120849609375,1825.0120849609375,1825.0120849609375,1825.0120849609375,100,0.0,0.0
2009-09-15 00:00:00+09:00,1816.1097412109375,1816.1097412109375,1816.1097412109375,1816.1097412109375,200,0.0,0.0
2009-09-16 00:00:00+09:00,1816.1097412109375,1816.1097412109375,1816.1097412109375,1816.1097412109375,0,0.0,0.0
2009-09-17 00:00:00+09:00,1816.1097412109375,1816.1097412109375,1816.1097412109375,1816.1097412109375,0,0.0,0.0
2009-09-18 00:00:00+09:00,1789.4021890470297,1798.3046875,1789.4021890470297,1798.3046875,500,0.0,0.0
2009-09-21 00:00:00+09:00,1798.3046875,1798.3046875,1798.3046875,1798.3046875,0,0.0,0.0
2009-09-24 00:00:00+09:00,1798.3046875,1798.3046875,1798.3046875,1798.3046875,0,0.0,0.0
2009-09-25 00:00:00+09:00,1798.3046875,1798.3046875,1798.3046875,1798.3046875,0,0.0,0.0
2009-09-28 00:00:00+09:00,1798.3046875,1798.3046875,1798.3046875,1798.3046875,0,0.0,0.0
2009-09-29 00:00:00+09:00,1798.3046875,1798.3046875,1798.3046875,1798.3046875,0,0.0,0.0
2009-09-30 00:00:00+09:00,1771.59716796875,1771.59716796875,1771.59716796875,1771.59716796875,100,0.0,0.0
2009-10-01 00:00:00+09:00,1771.59716796875,1771.59716796875,1771.59716796875,1771.59716796875,400,0.0,0.0
2009-10-02 00:00:00+09:00,1771.59716796875,1771.59716796875,1771.59716796875,1771.59716796875,0,0.0,0.0
2009-10-05 00:00:00+09:00,1771.59716796875,1771.59716796875,1771.59716796875,1771.59716796875,0,0.0,0.0
2009-10-06 00:00:00+09:00,1771.59716796875,1771.59716796875,1771.59716796875,1771.59716796875,0,0.0,0.0
2009-10-07 00:00:00+09:00,1771.59716796875,1771.59716796875,1771.59716796875,1771.59716796875,0,0.0,0.0
2009-10-08 00:00:00+09:00,1771.59716796875,1771.59716796875,1771.59716796875,1771.59716796875,100,0.0,0.0
2009-10-09 00:00:00+09:00,1771.59716796875,1771.59716796875,1771.59716796875,1771.59716796875,0,0.0,0.0
2009-10-13 00:00:00+09:00,1771.59716796875,1771.59716796875,1771.59716796875,1771.59716796875,0,0.0,0.0
2009-10-14 00:00:00+09:00,1771.59716796875,1771.59716796875,1771.59716796875,1771.59716796875,0,0.0,0.0
2009-10-15 00:00:00+09:00,1771.59716796875,1771.59716796875,1771.59716796875,1771.59716796875,300,0.0,0.0
2009-10-16 00:00:00+09:00,1771.59716796875,1771.59716796875,1771.59716796875,1771.59716796875,0,0.0,0.0
2009-10-19 00:00:00+09:00,1771.59716796875,1771.59716796875,1771.59716796875,1771.59716796875,0,0.0,0.0
2009-10-20 00:00:00+09:00,1753.7923583984375,1762.6948576796478,1753.7923583984375,1753.7923583984375,300,0.0,0.0
2009-10-21 00:00:00+09:00,1753.7923583984375,1753.7923583984375,1753.7923583984375,1753.7923583984375,0,0.0,0.0
2009-10-22 00:00:00+09:00,1753.7923583984375,1753.7923583984375,1753.7923583984375,1753.7923583984375,0,0.0,0.0
2009-10-23 00:00:00+09:00,1753.7923583984375,1753.7923583984375,1753.7923583984375,1753.7923583984375,0,0.0,0.0
2009-10-26 00:00:00+09:00,1744.8897705078125,1744.8897705078125,1744.8897705078125,1744.8897705078125,200,0.0,0.0
2009-10-27 00:00:00+09:00,1744.8897705078125,1744.8897705078125,1744.8897705078125,1744.8897705078125,0,0.0,0.0
2009-10-28 00:00:00+09:00,1735.9871826171875,1735.9871826171875,1735.9871826171875,1735.9871826171875,100,0.0,0.0
2009-10-29 00:00:00+09:00,1735.9871826171875,1735.9871826171875,1735.9871826171875,1735.9871826171875,100,0.0,0.0
2009-10-30 00:00:00+09:00,1735.9871826171875,1735.9871826171875,1735.9871826171875,1735.9871826171875,100,0.0,0.0
2009-11-02 00:00:00+09:00,1727.0848504317435,1727.0848504317435,1691.474853515625,1691.474853515625,1000,0.0,0.0
2009-11-04 00:00:00+09:00,1718.182373046875,1718.182373046875,1718.182373046875,1718.182373046875,100,0.0,0.0
2009-11-05 00:00:00+09:00,1718.182373046875,1718.182373046875,1718.182373046875,1718.182373046875,0,0.0,0.0
2009-11-06 00:00:00+09:00,1718.182373046875,1718.182373046875,1718.182373046875,1718.182373046875,0,0.0,0.0
2009-11-09 00:00:00+09:00,1718.182373046875,1718.182373046875,1718.182373046875,1718.182373046875,0,0.0,0.0
2009-11-10 00:00:00+09:00,1718.182373046875,1718.182373046875,1718.182373046875,1718.182373046875,0,0.0,0.0
2009-11-11 00:00:00+09:00,1718.182373046875,1718.182373046875,1718.182373046875,1718.182373046875,0,0.0,0.0
2009-11-12 00:00:00+09:00,1718.182373046875,1718.182373046875,1718.182373046875,1718.182373046875,0,0.0,0.0
2009-11-13 00:00:00+09:00,1718.182373046875,1718.182373046875,1718.182373046875,1718.182373046875,0,0.0,0.0
2009-11-16 00:00:00+09:00,1718.182373046875,1718.182373046875,1718.182373046875,1718.182373046875,200,0.0,0.0
2009-11-17 00:00:00+09:00,1718.182373046875,1718.182373046875,1718.182373046875,1718.182373046875,0,0.0,0.0
2009-11-18 00:00:00+09:00,1718.182373046875,1718.182373046875,1718.182373046875,1718.182373046875,0,0.0,0.0
2009-11-19 00:00:00+09:00,1718.182373046875,1718.182373046875,1718.182373046875,1718.182373046875,0,0.0,0.0
2009-11-20 00:00:00+09:00,1718.182373046875,1718.182373046875,1718.182373046875,1718.182373046875,0,0.0,0.0
2009-11-24 00:00:00+09:00,1718.182373046875,1718.182373046875,1718.182373046875,1718.182373046875,0,0.0,0.0
2009-11-25 00:00:00+09:00,1495.6198120117188,1709.27978515625,1495.6198120117188,1709.27978515625,400,0.0,0.0
2009-11-26 00:00:00+09:00,1691.474853515625,1691.474853515625,1691.474853515625,1691.474853515625,200,0.0,0.0
2009-11-27 00:00:00+09:00,1691.474853515625,1691.474853515625,1691.474853515625,1691.474853515625,100,0.0,0.0
2009-11-30 00:00:00+09:00,1682.5722987398187,1682.5722987398187,1673.6697998046875,1673.6697998046875,400,0.0,0.0
2009-12-01 00:00:00+09:00,1673.6697998046875,1673.6697998046875,1673.6697998046875,1673.6697998046875,0,0.0,0.0
2009-12-02 00:00:00+09:00,1673.6697998046875,1673.6697998046875,1673.6697998046875,1673.6697998046875,0,0.0,0.0
2009-12-03 00:00:00+09:00,1673.6697998046875,1673.6697998046875,1673.6697998046875,1673.6697998046875,0,0.0,0.0
2009-12-04 00:00:00+09:00,1682.5722987398187,1682.5722987398187,1673.6697998046875,1673.6697998046875,1300,0.0,0.0
2009-12-07 00:00:00+09:00,1664.76708984375,1664.76708984375,1664.76708984375,1664.76708984375,300,0.0,0.0
2009-12-08 00:00:00+09:00,1664.7673008695563,1673.6697998046875,1664.7673008695563,1673.6697998046875,500,0.0,0.0
2009-12-09 00:00:00+09:00,1664.7671545080236,1664.7671545080236,1646.962158203125,1646.962158203125,1100,0.0,0.0
2009-12-10 00:00:00+09:00,1646.96219071098,1646.96219071098,1638.0596923828125,1638.0596923828125,500,0.0,0.0
2009-12-11 00:00:00+09:00,1638.0596923828125,1638.0596923828125,1638.0596923828125,1638.0596923828125,0,0.0,0.0
2009-12-14 00:00:00+09:00,1638.0596923828125,1638.0596923828125,1638.0596923828125,1638.0596923828125,300,0.0,0.0
2009-12-15 00:00:00+09:00,1638.0596023309427,1638.0596023309427,1629.1571044921875,1629.1571044921875,1000,0.0,0.0
2009-12-16 00:00:00+09:00,1495.6195830455802,1611.35205078125,1495.6195830455802,1611.35205078125,600,0.0,0.0
2009-12-17 00:00:00+09:00,1611.35205078125,1611.35205078125,1611.35205078125,1611.35205078125,0,0.0,0.0
2009-12-18 00:00:00+09:00,1602.4495849609375,1602.4495849609375,1602.4495849609375,1602.4495849609375,100,0.0,0.0
2009-12-21 00:00:00+09:00,1602.4495849609375,1602.4495849609375,1602.4495849609375,1602.4495849609375,200,0.0,0.0
2009-12-22 00:00:00+09:00,1602.4495849609375,1602.4495849609375,1602.4495849609375,1602.4495849609375,400,0.0,0.0
2009-12-24 00:00:00+09:00,1602.4495849609375,1602.4495849609375,1602.4495849609375,1602.4495849609375,100,0.0,0.0
2009-12-25 00:00:00+09:00,1602.4495849609375,1602.4495849609375,1602.4495849609375,1602.4495849609375,100,0.0,0.0
2009-12-28 00:00:00+09:00,1468.9121786396156,1584.6446533203125,1468.9121786396156,1584.6446533203125,400,0.0,0.0
2009-12-29 00:00:00+09:00,1602.4495849609375,1602.4495849609375,1602.4495849609375,1602.4495849609375,100,0.0,0.0
2009-12-30 00:00:00+09:00,1602.4495849609375,1602.4495849609375,1602.4495849609375,1602.4495849609375,100,0.0,0.0
2010-01-04 00:00:00+09:00,1602.4495849609375,1602.4495849609375,1602.4495849609375,1602.4495849609375,0,0.0,0.0
2010-01-05 00:00:00+09:00,1602.4495849609375,1602.4495849609375,1602.4495849609375,1602.4495849609375,0,0.0,0.0
2010-01-06 00:00:00+09:00,1602.4495849609375,1602.4495849609375,1602.4495849609375,1602.4495849609375,0,0.0,0.0
2010-01-07 00:00:00+09:00,1602.4495849609375,1602.4495849609375,1602.4495849609375,1602.4495849609375,0,0.0,0.0
2010-01-08 00:00:00+09:00,1602.4495849609375,1602.4495849609375,1602.4495849609375,1602.4495849609375,100,0.0,0.0
2010-01-12 00:00:00+09:00,1602.4495849609375,1602.4495849609375,1602.4495849609375,1602.4495849609375,0,0.0,0.0
2010-01-13 00:00:00+09:00,1602.4495849609375,1602.4495849609375,1602.4495849609375,1602.4495849609375,0,0.0,0.0
2010-01-14 00:00:00+09:00,1593.54736328125,1593.54736328125,1593.54736328125,1593.54736328125,100,0.0,0.0
2010-01-15 00:00:00+09:00,1593.54736328125,1593.54736328125,1593.54736328125,1593.54736328125,400,0.0,0.0
2010-01-18 00:00:00+09:00,1593.54736328125,1593.54736328125,1593.54736328125,1593.54736328125,0,0.0,0.0
2010-01-19 00:00:00+09:00,1593.54736328125,1593.54736328125,1593.54736328125,1593.54736328125,0,0.0,0.0
2010-01-20 00:00:00+09:00,1593.54736328125,1593.54736328125,1593.54736328125,1593.54736328125,0,0.0,0.0
2010-01-21 00:00:00+09:00,1593.54736328125,1593.54736328125,1593.54736328125,1593.54736328125,0,0.0,0.0
2010-01-22 00:00:00+09:00,1593.54736328125,1593.54736328125,1593.54736328125,1593.54736328125,0,0.0,0.0
2010-01-25 00:00:00+09:00,1593.54736328125,1593.54736328125,1593.54736328125,1593.54736328125,0,0.0,0.0
2010-01-26 00:00:00+09:00,1593.54736328125,1593.54736328125,1593.54736328125,1593.54736328125,0,0.0,0.0
2010-01-27 00:00:00+09:00,1593.54736328125,1593.54736328125,1593.54736328125,1593.54736328125,0,0.0,0.0
2010-01-28 00:00:00+09:00,1593.54736328125,1593.54736328125,1593.54736328125,1593.54736328125,0,0.0,0.0
2010-01-29 00:00:00+09:00,1593.5473751395089,1593.5473751395089,1557.9373779296875,1557.9373779296875,500,0.0,0.0
2010-02-01 00:00:00+09:00,1557.9373779296875,1557.9373779296875,1557.9373779296875,1557.9373779296875,0,0.0,0.0
2010-02-02 00:00:00+09:00,1557.9373779296875,1557.9373779296875,1557.9373779296875,1557.9373779296875,0,0.0,0.0
2010-02-03 00:00:00+09:00,1557.9373779296875,1557.9373779296875,1557.9373779296875,1557.9373779296875,0,0.0,0.0
2010-02-04 00:00:00+09:00,1557.9373779296875,1557.9373779296875,1557.9373779296875,1557.9373779296875,0,0.0,0.0
2010-02-05 00:00:00+09:00,1557.9373779296875,1557.9373779296875,1557.9373779296875,1557.9373779296875,0,0.0,0.0
2010-02-08 00:00:00+09:00,1557.9373779296875,1557.9373779296875,1557.9373779296875,1557.9373779296875,0,0.0,0.0
2010-02-09 00:00:00+09:00,1557.9373779296875,1557.9373779296875,1557.9373779296875,1557.9373779296875,0,0.0,0.0
2010-02-10 00:00:00+09:00,1557.9373779296875,1557.9373779296875,1557.9373779296875,1557.9373779296875,0,0.0,0.0
2010-02-12 00:00:00+09:00,1557.9373779296875,1557.9373779296875,1557.9373779296875,1557.9373779296875,0,0.0,0.0
2010-02-15 00:00:00+09:00,1557.9373779296875,1557.9373779296875,1557.9373779296875,1557.9373779296875,400,0.0,0.0
2010-02-16 00:00:00+09:00,1557.9373779296875,1557.9373779296875,1557.9373779296875,1557.9373779296875,0,0.0,0.0
2010-02-17 00:00:00+09:00,1557.9373779296875,1557.9373779296875,1557.9373779296875,1557.9373779296875,200,0.0,0.0
2010-02-18 00:00:00+09:00,1557.9373779296875,1557.9373779296875,1557.9373779296875,1557.9373779296875,0,0.0,0.0
2010-02-19 00:00:00+09:00,1557.9373779296875,1557.9373779296875,1557.9373779296875,1557.9373779296875,0,0.0,0.0
2010-02-22 00:00:00+09:00,1557.9373779296875,1557.9373779296875,1557.9373779296875,1557.9373779296875,0,0.0,0.0
2010-02-23 00:00:00+09:00,1557.9373779296875,1557.9373779296875,1557.9373779296875,1557.9373779296875,0,0.0,0.0
2010-02-24 00:00:00+09:00,1557.9373779296875,1557.9373779296875,1557.9373779296875,1557.9373779296875,0,0.0,0.0
2010-02-25 00:00:00+09:00,1468.912353515625,1468.912353515625,1468.912353515625,1468.912353515625,100,0.0,0.0
2010-02-26 00:00:00+09:00,1468.912021636963,1468.912021636963,1424.3995361328125,1424.3995361328125,200,0.0,0.0
2010-03-01 00:00:00+09:00,1424.3995361328125,1424.3995361328125,1424.3995361328125,1424.3995361328125,0,0.0,0.0
2010-03-02 00:00:00+09:00,1424.3995361328125,1424.3995361328125,1424.3995361328125,1424.3995361328125,0,0.0,0.0
2010-03-03 00:00:00+09:00,1379.887050628662,1424.3995361328125,1379.887050628662,1424.3995361328125,300,0.0,0.0
2010-03-04 00:00:00+09:00,1379.8870849609375,1379.8870849609375,1379.8870849609375,1379.8870849609375,100,0.0,0.0
2010-03-05 00:00:00+09:00,1379.8870849609375,1379.8870849609375,1379.8870849609375,1379.8870849609375,0,0.0,0.0
2010-03-08 00:00:00+09:00,1379.887247721354,1379.887247721354,1335.374755859375,1335.374755859375,300,0.0,0.0
2010-03-09 00:00:00+09:00,1335.374755859375,1335.374755859375,1335.374755859375,1335.374755859375,700,0.0,0.0
2010-03-10 00:00:00+09:00,1335.374755859375,1335.374755859375,1335.374755859375,1335.374755859375,0,0.0,0.0
2010-03-11 00:00:00+09:00,1290.8623046875,1290.8623046875,1290.8623046875,1290.8623046875,200,0.0,0.0
2010-03-12 00:00:00+09:00,1290.8622148301868,1290.8622148301868,1201.8372344970703,1281.959716796875,400,0.0,0.0
2010-03-15 00:00:00+09:00,1281.959716796875,1281.959716796875,1281.959716796875,1281.959716796875,700,0.0,0.0
2010-03-16 00:00:00+09:00,1246.3499755859375,1246.3499755859375,1246.3499755859375,1246.3499755859375,100,0.0,0.0
2010-03-17 00:00:00+09:00,1228.544921875,1228.544921875,1228.544921875,1228.544921875,100,0.0,0.0
2010-03-18 00:00:00+09:00,1201.8372802734375,1201.8372802734375,1201.8372802734375,1201.8372802734375,100,0.0,0.0
2010-03-19 00:00:00+09:00,1326.4722900390625,1326.4722900390625,1326.4722900390625,1326.4722900390625,100,0.0,0.0
2010-03-23 00:00:00+09:00,1326.4722900390625,1326.4722900390625,1326.4722900390625,1326.4722900390625,0,0.0,0.0
2010-03-24 00:00:00+09:00,1326.4722900390625,1326.4722900390625,1326.4722900390625,1326.4722900390625,0,0.0,0.0
2010-03-25 00:00:00+09:00,1326.4722900390625,1326.4722900390625,1326.4722900390625,1326.4722900390625,0,0.0,0.0
2010-03-26 00:00:00+09:00,1317.56982421875,1317.56982421875,1317.56982421875,1317.56982421875,100,0.0,0.0
2010-03-29 00:00:00+09:00,1317.56982421875,1317.56982421875,1317.56982421875,1317.56982421875,0,0.0,0.0
2010-03-30 00:00:00+09:00,1317.56982421875,1317.56982421875,1317.56982421875,1317.56982421875,0,0.0,0.0
2010-03-31 00:00:00+09:00,1290.8623046875,1290.8623046875,1290.8623046875,1290.8623046875,300,0.0,0.0
2010-04-01 00:00:00+09:00,1290.8623046875,1290.8623046875,1290.8623046875,1290.8623046875,0,0.0,0.0
2010-04-02 00:00:00+09:00,1255.2524201766305,1255.2524201766305,1210.7399230072463,1228.544921875,3510,0.0,0.0
2010-04-05 00:00:00+09:00,1228.544921875,1228.544921875,1228.544921875,1228.544921875,0,0.0,0.0
2010-04-06 00:00:00+09:00,1228.544921875,1228.544921875,1228.544921875,1228.544921875,0,0.0,0.0
2010-04-07 00:00:00+09:00,1281.9598060344827,1290.8623046875,1281.9598060344827,1290.8623046875,700,0.0,0.0
2010-04-08 00:00:00+09:00,1290.8623046875,1290.8623046875,1290.8623046875,1290.8623046875,300,0.0,0.0
2010-04-09 00:00:00+09:00,1281.959716796875,1281.959716796875,1281.959716796875,1281.959716796875,300,0.0,0.0
2010-04-12 00:00:00+09:00,1273.0572509765625,1273.0572509765625,1273.0572509765625,1273.0572509765625,500,0.0,0.0
2010-04-13 00:00:00+09:00,1255.25244140625,1255.25244140625,1255.25244140625,1255.25244140625,500,0.0,0.0
2010-04-14 00:00:00+09:00,1246.3497246636284,1281.959716796875,1246.3497246636284,1281.959716796875,700,0.0,0.0
2010-04-15 00:00:00+09:00,1281.9599401595744,1281.9599401595744,1255.25244140625,1255.25244140625,800,0.0,0.0
2010-04-16 00:00:00+09:00,1246.3500098358813,1246.3500098358813,1237.447509765625,1237.447509765625,800,0.0,0.0
2010-04-19 00:00:00+09:00,1237.447509765625,1237.447509765625,1237.447509765625,1237.447509765625,800,0.0,0.0
2010-04-20 00:00:00+09:00,1201.8372161196967,1219.6422119140625,1201.8372161196967,1219.6422119140625,1000,0.0,0.0
2010-04-21 00:00:00+09:00,1201.837126787971,1210.7396240234375,1201.837126787971,1210.7396240234375,1400,0.0,0.0
2010-04-22 00:00:00+09:00,1201.8372802734375,1201.8372802734375,1192.9347819010416,1201.8372802734375,400,0.0,0.0
2010-04-23 00:00:00+09:00,1210.7397534919508,1210.7397534919508,1148.4222661798651,1175.1297607421875,1790,0.0,0.0
2010-04-26 00:00:00+09:00,1175.1297607421875,1175.1297607421875,1175.1297607421875,1175.1297607421875,0,0.0,0.0
2010-04-27 00:00:00+09:00,1175.1297607421875,1175.1297607421875,1175.1297607421875,1175.1297607421875,0,0.0,0.0
2010-04-28 00:00:00+09:00,1192.934814453125,1192.934814453125,1192.934814453125,1192.934814453125,200,0.0,0.0
2010-04-30 00:00:00+09:00,1228.544921875,1228.544921875,1228.544921875,1228.544921875,100,0.0,0.0
2010-05-06 00:00:00+09:00,1237.447115729837,1237.447115729837,1210.7396240234375,1210.7396240234375,200,0.0,0.0
2010-05-07 00:00:00+09:00,1175.1297607421875,1175.1297607421875,1175.1297607421875,1175.1297607421875,300,0.0,0.0
2010-05-10 00:00:00+09:00,1184.0322265625,1184.0322265625,1184.0322265625,1184.0322265625,100,0.0,0.0
2010-05-11 00:00:00+09:00,1184.0322265625,1184.0322265625,1184.0322265625,1184.0322265625,200,0.0,0.0
2010-05-12 00:00:00+09:00,1184.0322265625,1184.0322265625,1184.0322265625,1184.0322265625,0,0.0,0.0
2010-05-13 00:00:00+09:00,1184.0322265625,1184.0322265625,1184.0322265625,1184.0322265625,0,0.0,0.0
2010-05-14 00:00:00+09:00,1068.2998046875,1201.8372802734375,1068.2998046875,1201.8372802734375,200,0.0,0.0
2010-05-17 00:00:00+09:00,1201.8371957632212,1201.8371957632212,1157.32470703125,1157.32470703125,400,0.0,0.0
2010-05-18 00:00:00+09:00,1157.32470703125,1157.32470703125,1157.32470703125,1157.32470703125,100,0.0,0.0
2010-05-19 00:00:00+09:00,1157.32470703125,1157.32470703125,1157.32470703125,1157.32470703125,0,0.0,0.0
2010-05-20 00:00:00+09:00,1157.32470703125,1157.32470703125,1157.32470703125,1157.32470703125,0,0.0,0.0
2010-05-21 00:00:00+09:00,1157.32470703125,1157.32470703125,1157.32470703125,1157.32470703125,0,0.0,0.0
2010-05-24 00:00:00+09:00,1157.32470703125,1157.32470703125,1157.32470703125,1157.32470703125,0,0.0,0.0
2010-05-25 00:00:00+09:00,1112.8122492354046,1148.4222412109375,1112.8122492354046,1148.4222412109375,200,0.0,0.0
2010-05-26 00:00:00+09:00,1157.32470703125,1157.32470703125,1157.32470703125,1157.32470703125,100,0.0,0.0
2010-05-27 00:00:00+09:00,1157.32470703125,1157.32470703125,1157.32470703125,1157.32470703125,0,0.0,0.0
2010-05-28 00:00:00+09:00,1157.32470703125,1157.32470703125,1157.32470703125,1157.32470703125,0,0.0,0.0
2010-05-31 00:00:00+09:00,1157.3247884114583,1201.8372802734375,1157.3247884114583,1201.8372802734375,300,0.0,0.0
2010-06-01 00:00:00+09:00,1201.8372802734375,1201.8372802734375,1201.8372802734375,1201.8372802734375,0,0.0,0.0
2010-06-02 00:00:00+09:00,1157.32470703125,1157.32470703125,1157.32470703125,1157.32470703125,100,0.0,0.0
2010-06-03 00:00:00+09:00,1157.32470703125,1157.32470703125,1157.32470703125,1157.32470703125,100,0.0,0.0
2010-06-04 00:00:00+09:00,1157.32470703125,1157.32470703125,1157.32470703125,1157.32470703125,0,0.0,0.0
2010-06-07 00:00:00+09:00,1157.32470703125,1157.32470703125,1157.32470703125,1157.32470703125,0,0.0,0.0
2010-06-08 00:00:00+09:00,1157.32470703125,1157.32470703125,1157.32470703125,1157.32470703125,100,0.0,0.0
2010-06-09 00:00:00+09:00,1157.32470703125,1157.32470703125,1157.32470703125,1157.32470703125,0,0.0,0.0
2010-06-10 00:00:00+09:00,1157.32470703125,1157.32470703125,1157.32470703125,1157.32470703125,0,0.0,0.0
2010-06-11 00:00:00+09:00,1112.8122182992788,1157.32470703125,1112.8122182992788,1157.32470703125,200,0.0,0.0
2010-06-14 00:00:00+09:00,1157.32470703125,1157.32470703125,1157.32470703125,1157.32470703125,0,0.0,0.0
2010-06-15 00:00:00+09:00,1157.3249773297991,1246.3499755859375,1157.3249773297991,1246.3499755859375,400,0.0,0.0
2010-06-16 00:00:00+09:00,1246.3499755859375,1246.3499755859375,1246.3499755859375,1246.3499755859375,200,0.0,0.0
2010-06-17 00:00:00+09:00,1246.3499755859375,1246.3499755859375,1246.3499755859375,1246.3499755859375,100,0.0,0.0
2010-06-18 00:00:00+09:00,1246.3499755859375,1246.3499755859375,1246.3499755859375,1246.3499755859375,100,0.0,0.0
2010-06-21 00:00:00+09:00,1201.8372802734375,1201.8372802734375,1201.8372802734375,1201.8372802734375,200,0.0,0.0
2010-06-22 00:00:00+09:00,1201.8372802734375,1201.8372802734375,1201.8372802734375,1201.8372802734375,0,0.0,0.0
2010-06-23 00:00:00+09:00,1201.8372802734375,1201.8372802734375,1201.8372802734375,1201.8372802734375,0,0.0,0.0
2010-06-24 00:00:00+09:00,1201.8372802734375,1201.8372802734375,1201.8372802734375,1201.8372802734375,2980,0.0,0.0
2010-06-25 00:00:00+09:00,1201.8372802734375,1201.8372802734375,1201.8372802734375,1201.8372802734375,0,0.0,0.0
2010-06-28 00:00:00+09:00,1246.3499755859375,1246.3499755859375,1246.3499755859375,1246.3499755859375,100,0.0,0.0
2010-06-29 00:00:00+09:00,1246.3499755859375,1246.3499755859375,1246.3499755859375,1246.3499755859375,0,0.0,0.0
2010-06-30 00:00:00+09:00,1246.3499755859375,1246.3499755859375,1246.3499755859375,1246.3499755859375,100,0.0,0.0
2010-07-01 00:00:00+09:00,1246.3499755859375,1246.3499755859375,1246.3499755859375,1246.3499755859375,0,0.0,0.0
2010-07-02 00:00:00+09:00,1246.3499755859375,1246.3499755859375,1246.3499755859375,1246.3499755859375,0,0.0,0.0
2010-07-05 00:00:00+09:00,1246.3499755859375,1246.3499755859375,1246.3499755859375,1246.3499755859375,0,0.0,0.0
2010-07-06 00:00:00+09:00,1246.3499755859375,1246.3499755859375,1246.3499755859375,1246.3499755859375,0,0.0,0.0
2010-07-07 00:00:00+09:00,1157.3247884114583,1201.8372802734375,1157.3247884114583,1201.8372802734375,200,0.0,0.0
2010-07-08 00:00:00+09:00,1201.8372802734375,1201.8372802734375,1201.8372802734375,1201.8372802734375,0,0.0,0.0
2010-07-09 00:00:00+09:00,1201.8372802734375,1201.8372802734375,1201.8372802734375,1201.8372802734375,0,0.0,0.0
2010-07-12 00:00:00+09:00,1201.8372802734375,1201.8372802734375,1201.8372802734375,1201.8372802734375,0,0.0,0.0
2010-07-13 00:00:00+09:00,1201.8372802734375,1201.8372802734375,1201.8372802734375,1201.8372802734375,0,0.0,0.0
2010-07-14 00:00:00+09:00,1201.8372802734375,1201.8372802734375,1201.8372802734375,1201.8372802734375,0,0.0,0.0
2010-07-15 00:00:00+09:00,1201.8372802734375,1201.8372802734375,1201.8372802734375,1201.8372802734375,300,0.0,0.0
2010-07-16 00:00:00+09:00,1201.8372802734375,1201.8372802734375,1201.8372802734375,1201.8372802734375,0,0.0,0.0
2010-07-21 00:00:00+09:00,1201.8372802734375,1201.8372802734375,1201.8372802734375,1201.8372802734375,0,0.0,0.0
2010-07-22 00:00:00+09:00,1192.934814453125,1192.934814453125,1192.934814453125,1192.934814453125,100,0.0,0.0
2010-07-23 00:00:00+09:00,1192.934814453125,1192.934814453125,1192.934814453125,1192.934814453125,0,0.0,0.0
2010-07-26 00:00:00+09:00,1192.934814453125,1192.934814453125,1192.934814453125,1192.934814453125,0,0.0,0.0
2010-07-27 00:00:00+09:00,1103.909782409668,1139.519775390625,1095.0072841644287,1139.519775390625,600,0.0,0.0
2010-07-28 00:00:00+09:00,1130.6171875,1130.6171875,1130.6171875,1130.6171875,100,0.0,0.0
2010-07-29 00:00:00+09:00,1130.6171875,1130.6171875,1130.6171875,1130.6171875,0,0.0,0.0
2010-07-30 00:00:00+09:00,1130.6175516764322,1130.6175516764322,1050.495048014323,1068.300048828125,700,0.0,0.0
2010-08-02 00:00:00+09:00,1032.6900319745464,1103.9100341796875,1032.6900319745464,1103.9100341796875,200,0.0,0.0
2010-08-03 00:00:00+09:00,1103.9100341796875,1103.9100341796875,1103.9100341796875,1103.9100341796875,0,0.0,0.0
2010-08-04 00:00:00+09:00,1103.9100341796875,1103.9100341796875,1103.9100341796875,1103.9100341796875,0,0.0,0.0
2010-08-05 00:00:00+09:00,1103.9100341796875,1103.9100341796875,1103.9100341796875,1103.9100341796875,0,0.0,0.0
2010-08-06 00:00:00+09:00,1103.9100341796875,1103.9100341796875,1103.9100341796875,1103.9100341796875,0,0.0,0.0
2010-08-09 00:00:00+09:00,1103.9100341796875,1103.9100341796875,1103.9100341796875,1103.9100341796875,0,0.0,0.0
2010-08-10 00:00:00+09:00,1103.9100341796875,1103.9100341796875,1103.9100341796875,1103.9100341796875,0,0.0,0.0
2010-08-11 00:00:00+09:00,1103.9100341796875,1103.9100341796875,1103.9100341796875,1103.9100341796875,0,0.0,0.0
2010-08-12 00:00:00+09:00,1103.9100341796875,1103.9100341796875,1103.9100341796875,1103.9100341796875,0,0.0,0.0
2010-08-13 00:00:00+09:00,1103.9100341796875,1103.9100341796875,1103.9100341796875,1103.9100341796875,0,0.0,0.0
2010-08-16 00:00:00+09:00,1157.32470703125,1157.32470703125,1157.32470703125,1157.32470703125,200,0.0,0.0
2010-08-17 00:00:00+09:00,1157.32470703125,1157.32470703125,1157.32470703125,1157.32470703125,0,0.0,0.0
2010-08-18 00:00:00+09:00,1103.9100341796875,1103.9100341796875,1103.9100341796875,1103.9100341796875,80,0.0,0.0
2010-08-19 00:00:00+09:00,1103.9100341796875,1103.9100341796875,1103.9100341796875,1103.9100341796875,0,0.0,0.0
2010-08-20 00:00:00+09:00,1103.9100341796875,1103.9100341796875,1103.9100341796875,1103.9100341796875,0,0.0,0.0
2010-08-23 00:00:00+09:00,1103.9100341796875,1103.9100341796875,1103.9100341796875,1103.9100341796875,0,0.0,0.0
2010-08-24 00:00:00+09:00,1103.9100341796875,1103.9100341796875,1103.9100341796875,1103.9100341796875,0,0.0,0.0
2010-08-25 00:00:00+09:00,1103.9100341796875,1103.9100341796875,1103.9100341796875,1103.9100341796875,200,0.0,0.0
2010-08-26 00:00:00+09:00,1103.9100341796875,1103.9100341796875,1103.9100341796875,1103.9100341796875,0,0.0,0.0
2010-08-27 00:00:00+09:00,1103.9100341796875,1103.9100341796875,1103.9100341796875,1103.9100341796875,0,0.0,0.0
2010-08-30 00:00:00+09:00,1103.9100341796875,1103.9100341796875,1103.9100341796875,1103.9100341796875,0,0.0,0.0
2010-08-31 00:00:00+09:00,1095.0074462890625,1095.0074462890625,1095.0074462890625,1095.0074462890625,200,0.0,0.0
2010-09-01 00:00:00+09:00,1095.0074462890625,1095.0074462890625,1095.0074462890625,1095.0074462890625,0,0.0,0.0
2010-09-02 00:00:00+09:00,1095.0074462890625,1095.0074462890625,1095.0074462890625,1095.0074462890625,0,0.0,0.0
2010-09-03 00:00:00+09:00,1095.0074462890625,1095.0074462890625,1095.0074462890625,1095.0074462890625,0,0.0,0.0
2010-09-06 00:00:00+09:00,1095.0074462890625,1095.0074462890625,1095.0074462890625,1095.0074462890625,0,0.0,0.0
2010-09-07 00:00:00+09:00,1068.300048828125,1068.300048828125,1068.300048828125,1068.300048828125,100,0.0,0.0
2010-09-08 00:00:00+09:00,1068.300048828125,1068.300048828125,1068.300048828125,1068.300048828125,0,0.0,0.0
2010-09-09 00:00:00+09:00,1068.300048828125,1068.300048828125,1068.300048828125,1068.300048828125,0,0.0,0.0
2010-09-10 00:00:00+09:00,1068.300048828125,1068.300048828125,1068.300048828125,1068.300048828125,0,0.0,0.0
2010-09-13 00:00:00+09:00,1068.300048828125,1068.300048828125,1068.300048828125,1068.300048828125,0,0.0,0.0
2010-09-14 00:00:00+09:00,1059.3973388671875,1059.3973388671875,1059.3973388671875,1059.3973388671875,100,0.0,0.0
2010-09-16 00:00:00+09:00,1059.3973388671875,1059.3973388671875,1059.3973388671875,1059.3973388671875,0,0.0,0.0
2010-09-17 00:00:00+09:00,1059.3973388671875,1059.3973388671875,1059.3973388671875,1059.3973388671875,0,0.0,0.0
2010-09-21 00:00:00+09:00,1059.3973388671875,1059.3973388671875,1059.3973388671875,1059.3973388671875,0,0.0,0.0
2010-09-22 00:00:00+09:00,1059.3973388671875,1059.3973388671875,1059.3973388671875,1059.3973388671875,0,0.0,0.0
2010-09-24 00:00:00+09:00,1059.3973388671875,1059.3973388671875,1059.3973388671875,1059.3973388671875,0,0.0,0.0
2010-09-27 00:00:00+09:00,1059.3973388671875,1059.3973388671875,1059.3973388671875,1059.3973388671875,0,0.0,0.0
2010-09-28 00:00:00+09:00,1059.3973388671875,1059.3973388671875,1059.3973388671875,1059.3973388671875,0,0.0,0.0
2010-09-29 00:00:00+09:00,1059.3973388671875,1059.3973388671875,1059.3973388671875,1059.3973388671875,0,0.0,0.0
2010-09-30 00:00:00+09:00,1059.3973388671875,1059.3973388671875,1059.3973388671875,1059.3973388671875,100,0.0,0.0
2010-10-01 00:00:00+09:00,1059.3973388671875,1059.3973388671875,1059.3973388671875,1059.3973388671875,0,0.0,0.0
2010-10-04 00:00:00+09:00,970.3723827297404,1050.494873046875,970.3723827297404,1050.494873046875,300,0.0,0.0
2010-10-05 00:00:00+09:00,1050.494873046875,1050.494873046875,1050.494873046875,1050.494873046875,0,0.0,0.0
2010-10-06 00:00:00+09:00,1050.494873046875,1050.494873046875,1050.494873046875,1050.494873046875,0,0.0,0.0
2010-10-07 00:00:00+09:00,997.0799762228262,1050.494974949049,908.0549783457881,1023.7874755859375,5590,0.0,0.0
2010-10-08 00:00:00+09:00,1050.494873046875,1050.494873046875,1050.494873046875,1050.494873046875,100,0.0,0.0
2010-10-12 00:00:00+09:00,1050.494873046875,1050.494873046875,1050.494873046875,1050.494873046875,100,0.0,0.0
2010-10-13 00:00:00+09:00,1050.494873046875,1050.494873046875,1050.494873046875,1050.494873046875,100,0.0,0.0
2010-10-14 00:00:00+09:00,1050.494873046875,1050.494873046875,1050.494873046875,1050.494873046875,100,0.0,0.0
2010-10-15 00:00:00+09:00,1050.494873046875,1050.494873046875,1041.5923741227489,1050.494873046875,500,0.0,0.0
2010-10-18 00:00:00+09:00,1059.3973388671875,1059.3973388671875,1059.3973388671875,1059.3973388671875,100,0.0,0.0
2010-10-19 00:00:00+09:00,1059.3973388671875,1059.3973388671875,1059.3973388671875,1059.3973388671875,100,0.0,0.0
2010-10-20 00:00:00+09:00,1059.3973388671875,1059.3973388671875,1059.3973388671875,1059.3973388671875,100,0.0,0.0
2010-10-21 00:00:00+09:00,1059.3973388671875,1059.3973388671875,1059.3973388671875,1059.3973388671875,100,0.0,0.0
2010-10-22 00:00:00+09:00,1059.3973388671875,1059.3973388671875,1059.3973388671875,1059.3973388671875,100,0.0,0.0
2010-10-25 00:00:00+09:00,1059.3973388671875,1059.3973388671875,1059.3973388671875,1059.3973388671875,100,0.0,0.0
2010-10-26 00:00:00+09:00,1059.3973388671875,1059.3973388671875,1059.3973388671875,1059.3973388671875,100,0.0,0.0
2010-10-27 00:00:00+09:00,1059.3973388671875,1059.3973388671875,1059.3973388671875,1059.3973388671875,100,0.0,0.0
2010-10-28 00:00:00+09:00,1059.3973388671875,1059.3973388671875,1059.3973388671875,1059.3973388671875,100,0.0,0.0
2010-10-29 00:00:00+09:00,1050.494873046875,1050.494873046875,1050.494873046875,1050.494873046875,100,0.0,0.0
2010-11-01 00:00:00+09:00,1059.3973388671875,1059.3973388671875,1059.3973388671875,1059.3973388671875,200,0.0,0.0
2010-11-02 00:00:00+09:00,1068.300048828125,1068.300048828125,1068.300048828125,1068.300048828125,200,0.0,0.0
2010-11-04 00:00:00+09:00,1068.300048828125,1068.300048828125,1068.300048828125,1068.300048828125,200,0.0,0.0
2010-11-05 00:00:00+09:00,1068.300048828125,1068.300048828125,1068.300048828125,1068.300048828125,200,0.0,0.0
2010-11-08 00:00:00+09:00,1068.300048828125,1068.300048828125,1068.300048828125,1068.300048828125,100,0.0,0.0
2010-11-09 00:00:00+09:00,1068.300048828125,1068.300048828125,1068.300048828125,1068.300048828125,100,0.0,0.0
2010-11-10 00:00:00+09:00,1068.300048828125,1068.300048828125,1068.300048828125,1068.300048828125,100,0.0,0.0
2010-11-11 00:00:00+09:00,1068.300048828125,1068.300048828125,1068.300048828125,1068.300048828125,100,0.0,0.0
2010-11-12 00:00:00+09:00,1068.300048828125,1068.300048828125,1068.300048828125,1068.300048828125,100,0.0,0.0
2010-11-15 00:00:00+09:00,1059.3973388671875,1059.3973388671875,1059.3973388671875,1059.3973388671875,300,0.0,0.0
2010-11-16 00:00:00+09:00,1059.3973388671875,1059.3973388671875,1059.3973388671875,1059.3973388671875,300,0.0,0.0
2010-11-17 00:00:00+09:00,1059.3973388671875,1059.3973388671875,1059.3973388671875,1059.3973388671875,300,0.0,0.0
2010-11-18 00:00:00+09:00,1059.3973388671875,1059.3973388671875,1059.3973388671875,1059.3973388671875,300,0.0,0.0
2010-11-19 00:00:00+09:00,1059.3973388671875,1059.3973388671875,1059.3973388671875,1059.3973388671875,300,0.0,0.0
2010-11-22 00:00:00+09:00,1059.3973388671875,1059.3973388671875,1059.3973388671875,1059.3973388671875,300,0.0,0.0
2010-11-24 00:00:00+09:00,1059.3973388671875,1059.3973388671875,1059.3973388671875,1059.3973388671875,300,0.0,0.0
2010-11-25 00:00:00+09:00,1059.3973388671875,1059.3973388671875,1059.3973388671875,1059.3973388671875,300,0.0,0.0
2010-11-26 00:00:00+09:00,1059.3973388671875,1059.3973388671875,1059.3973388671875,1059.3973388671875,300,0.0,0.0
2010-11-29 00:00:00+09:00,1059.3973388671875,1059.3973388671875,1059.3973388671875,1059.3973388671875,300,0.0,0.0
2010-11-30 00:00:00+09:00,1041.592529296875,1041.592529296875,1041.592529296875,1041.592529296875,200,0.0,0.0
2010-12-01 00:00:00+09:00,1041.592529296875,1041.592529296875,1041.592529296875,1041.592529296875,200,0.0,0.0
2010-12-02 00:00:00+09:00,1041.592529296875,1041.592529296875,1041.592529296875,1041.592529296875,200,0.0,0.0
2010-12-03 00:00:00+09:00,1041.592529296875,1041.592529296875,1041.592529296875,1041.592529296875,200,0.0,0.0
2010-12-06 00:00:00+09:00,1041.592529296875,1041.592529296875,1041.592529296875,1041.592529296875,200,0.0,0.0
2010-12-07 00:00:00+09:00,997.0799434267241,1032.68994140625,997.0799434267241,1032.68994140625,200,0.0,0.0
2010-12-08 00:00:00+09:00,1032.68994140625,1032.68994140625,1032.68994140625,1032.68994140625,1100,0.0,0.0
2010-12-09 00:00:00+09:00,1032.68994140625,1032.68994140625,1032.68994140625,1032.68994140625,1100,0.0,0.0
2010-12-10 00:00:00+09:00,1032.68994140625,1032.68994140625,1032.68994140625,1032.68994140625,1100,0.0,0.0
2010-12-13 00:00:00+09:00,988.1774439318426,1032.68994140625,988.1774439318426,1032.68994140625,3000,0.0,0.0
2010-12-14 00:00:00+09:00,1032.68994140625,1032.68994140625,1023.7874419113684,1032.68994140625,600,0.0,0.0
2010-12-15 00:00:00+09:00,1032.68994140625,1032.68994140625,1032.68994140625,1032.68994140625,300,0.0,0.0
2010-12-16 00:00:00+09:00,1032.68994140625,1032.68994140625,1032.68994140625,1032.68994140625,300,0.0,0.0
2010-12-17 00:00:00+09:00,1032.68994140625,1032.68994140625,1032.68994140625,1032.68994140625,300,0.0,0.0
2010-12-20 00:00:00+09:00,1032.68994140625,1032.68994140625,1032.68994140625,1032.68994140625,300,0.0,0.0
2010-12-21 00:00:00+09:00,1032.68994140625,1032.68994140625,1032.68994140625,1032.68994140625,300,0.0,0.0
2010-12-22 00:00:00+09:00,988.1774439318426,1032.68994140625,988.1774439318426,1032.68994140625,600,0.0,0.0
2010-12-24 00:00:00+09:00,1032.68994140625,1032.68994140625,1032.68994140625,1032.68994140625,300,0.0,0.0
2010-12-27 00:00:00+09:00,1032.68994140625,1032.68994140625,1032.68994140625,1032.68994140625,100,0.0,0.0
2010-12-28 00:00:00+09:00,1032.6898751986228,1059.397371971001,1032.6898751986228,1050.494873046875,100,0.0,0.0
2010-12-29 00:00:00+09:00,1032.68994140625,1032.68994140625,1032.68994140625,1032.68994140625,100,0.0,0.0
2010-12-30 00:00:00+09:00,1032.68994140625,1059.3974398908942,1032.68994140625,1032.68994140625,100,0.0,0.0
2011-01-04 00:00:00+09:00,1068.2999393857758,1068.2999393857758,1014.884942416487,1032.68994140625,4500,0.0,0.0
2011-01-05 00:00:00+09:00,1014.8849757982338,1023.7874755859375,979.2749766474185,1023.7874755859375,2500,0.0,0.0
2011-01-06 00:00:00+09:00,988.1774764351223,1023.7874755859375,988.1774764351223,1023.7874755859375,1100,0.0,0.0
2011-01-07 00:00:00+09:00,1023.7874755859375,1023.7874755859375,1023.7874755859375,1023.7874755859375,300,0.0,0.0
2011-01-11 00:00:00+09:00,1014.8849757982338,1023.7874755859375,988.1774764351223,1023.7874755859375,600,0.0,0.0
2011-01-12 00:00:00+09:00,1023.7874755859375,1023.7874755859375,1023.7874755859375,1023.7874755859375,600,0.0,0.0
2011-01-13 00:00:00+09:00,1023.7874755859375,1023.7874755859375,1023.7874755859375,1023.7874755859375,600,0.0,0.0
2011-01-14 00:00:00+09:00,1005.9822387695312,1005.9822387695312,1005.9822387695312,1005.9822387695312,100,0.0,0.0
2011-01-17 00:00:00+09:00,1005.9822387695312,1005.9822387695312,1005.9822387695312,1005.9822387695312,300,0.0,0.0
2011-01-18 00:00:00+09:00,979.2747457048534,1005.9822387695312,979.2747457048534,1005.9822387695312,1200,0.0,0.0
2011-01-19 00:00:00+09:00,1005.9822387695312,1005.9822387695312,1005.9822387695312,1005.9822387695312,1200,0.0,0.0
2011-01-20 00:00:00+09:00,997.0797410813053,1005.9822387695312,997.0797410813053,1005.9822387695312,200,0.0,0.0
2011-01-21 00:00:00+09:00,997.0797410813053,1005.9822387695312,997.0797410813053,1005.9822387695312,400,0.0,0.0
2011-01-24 00:00:00+09:00,1005.9822387695312,1005.9822387695312,1005.9822387695312,1005.9822387695312,400,0.0,0.0
2011-01-25 00:00:00+09:00,1005.9822387695312,1005.9822387695312,1005.9822387695312,1005.9822387695312,400,0.0,0.0
2011-01-26 00:00:00+09:00,1005.9822387695312,1005.9822387695312,1005.9822387695312,1005.9822387695312,0,0.0,0.0
2011-01-27 00:00:00+09:00,1005.9822387695312,1005.9822387695312,1005.9822387695312,1005.9822387695312,400,0.0,0.0
2011-01-28 00:00:00+09:00,1005.9822387695312,1005.9822387695312,1005.9822387695312,1005.9822387695312,400,0.0,0.0
2011-01-31 00:00:00+09:00,997.0799285613739,997.0799285613739,979.2749298370636,988.1774291992188,700,0.0,0.0
2011-02-01 00:00:00+09:00,943.664791531033,970.3722856309679,943.664791531033,961.4697875976562,600,0.0,0.0
2011-02-02 00:00:00+09:00,943.664791531033,961.4697875976562,908.0547993977865,961.4697875976562,1300,0.0,0.0
2011-02-03 00:00:00+09:00,952.5672895643446,961.4697875976562,925.8597954644098,961.4697875976562,700,0.0,0.0
2011-02-04 00:00:00+09:00,961.4697875976562,961.4697875976562,961.4697875976562,961.4697875976562,100,0.0,0.0
2011-02-07 00:00:00+09:00,934.7622934977214,961.4697875976562,934.7622934977214,961.4697875976562,700,0.0,0.0
2011-02-08 00:00:00+09:00,952.5672895643446,961.4697875976562,916.9572974310981,961.4697875976562,1600,0.0,0.0
2011-02-09 00:00:00+09:00,925.8597954644098,961.4697875976562,925.8597954644098,961.4697875976562,1400,0.0,0.0
2011-02-10 00:00:00+09:00,925.8597954644098,961.4697875976562,916.9572974310981,961.4697875976562,800,0.0,0.0
2011-02-14 00:00:00+09:00,925.8597954644098,961.4697875976562,925.8597954644098,961.4697875976562,600,0.0,0.0
2011-02-15 00:00:00+09:00,961.4698766305906,970.3723754882812,961.4698766305906,970.3723754882812,400,0.0,0.0
2011-02-16 00:00:00+09:00,970.3723754882812,970.3723754882812,970.3723754882812,970.3723754882812,100,0.0,0.0
2011-02-17 00:00:00+09:00,970.3723754882812,970.3723754882812,970.3723754882812,970.3723754882812,100,0.0,0.0
2011-02-18 00:00:00+09:00,970.3723754882812,970.3723754882812,970.3723754882812,970.3723754882812,100,0.0,0.0
2011-02-21 00:00:00+09:00,970.3723754882812,970.3723754882812,970.3723754882812,970.3723754882812,100,0.0,0.0
2011-02-22 00:00:00+09:00,970.3723754882812,970.3723754882812,970.3723754882812,970.3723754882812,100,0.0,0.0
2011-02-23 00:00:00+09:00,970.3723754882812,970.3723754882812,970.3723754882812,970.3723754882812,100,0.0,0.0
2011-02-24 00:00:00+09:00,970.3723754882812,970.3723754882812,970.3723754882812,970.3723754882812,100,0.0,0.0
2011-02-25 00:00:00+09:00,970.3723754882812,970.3723754882812,970.3723754882812,970.3723754882812,100,0.0,0.0
2011-02-28 00:00:00+09:00,970.3723754882812,970.3723754882812,970.3723754882812,970.3723754882812,200,0.0,0.0
2011-03-01 00:00:00+09:00,970.3723754882812,970.3723754882812,970.3723754882812,970.3723754882812,200,0.0,0.0
2011-03-02 00:00:00+09:00,943.6648789152093,970.3723754882812,943.6648789152093,970.3723754882812,500,0.0,0.0
2011-03-03 00:00:00+09:00,970.3723754882812,970.3723754882812,970.3723754882812,970.3723754882812,500,0.0,0.0
2011-03-04 00:00:00+09:00,1005.9822387695312,1005.9822387695312,1005.9822387695312,1005.9822387695312,300,0.0,0.0
2011-03-07 00:00:00+09:00,1014.884942416487,1032.68994140625,1014.884942416487,1032.68994140625,500,0.0,0.0
2011-03-08 00:00:00+09:00,1032.68994140625,1032.68994140625,1032.68994140625,1032.68994140625,0,0.0,0.0
2011-03-09 00:00:00+09:00,1059.3973352232977,1192.934814453125,1059.3973352232977,1192.934814453125,400,0.0,0.0
2011-03-10 00:00:00+09:00,1139.519775390625,1139.519775390625,1139.519775390625,1139.519775390625,400,0.0,0.0
2011-03-11 00:00:00+09:00,1050.4948630411118,1086.1048583984375,1050.4948630411118,1086.1048583984375,200,0.0,0.0
2011-03-14 00:00:00+09:00,1086.1048583984375,1086.1048583984375,1086.1048583984375,1086.1048583984375,0,0.0,0.0
2011-03-15 00:00:00+09:00,1112.8123779296875,1112.8123779296875,1112.8123779296875,1112.8123779296875,200,0.0,0.0
2011-03-16 00:00:00+09:00,890.2497791108631,1121.7147216796875,890.2497791108631,1121.7147216796875,500,0.0,0.0
2011-03-17 00:00:00+09:00,943.6647338867188,943.6647338867188,943.6647338867188,943.6647338867188,100,0.0,0.0
2011-03-18 00:00:00+09:00,1121.714794921875,1201.8372802734375,1121.714794921875,1201.8372802734375,200,0.0,0.0
2011-03-22 00:00:00+09:00,1201.8375163432981,1201.8375163432981,1032.6900140431303,1077.2025146484375,500,0.0,0.0
2011-03-23 00:00:00+09:00,1086.1046998031497,1130.6171875,1086.1046998031497,1130.6171875,400,0.0,0.0
2011-03-24 00:00:00+09:00,1157.3247884114583,1201.8372802734375,1157.3247884114583,1201.8372802734375,200,0.0,0.0
2011-03-25 00:00:00+09:00,1157.32470703125,1157.32470703125,1157.32470703125,1157.32470703125,200,0.0,0.0
2011-03-28 00:00:00+09:00,1201.8372802734375,1201.8372802734375,1201.8372802734375,1201.8372802734375,400,0.0,0.0
2011-03-29 00:00:00+09:00,1201.8372802734375,1201.8372802734375,1201.8372802734375,1201.8372802734375,400,0.0,0.0
2011-03-30 00:00:00+09:00,1201.8372802734375,1201.8372802734375,1201.8372802734375,1201.8372802734375,100,0.0,0.0
2011-03-31 00:00:00+09:00,1201.8372802734375,1201.8372802734375,1201.8372802734375,1201.8372802734375,100,0.0,0.0
2011-04-01 00:00:00+09:00,1201.8372802734375,1201.8372802734375,1201.8372802734375,1201.8372802734375,100,0.0,0.0
2011-04-04 00:00:00+09:00,1201.8372802734375,1201.8372802734375,1201.8372802734375,1201.8372802734375,100,0.0,0.0
2011-04-05 00:00:00+09:00,1201.8372802734375,1201.8372802734375,1201.8372802734375,1201.8372802734375,100,0.0,0.0
2011-04-06 00:00:00+09:00,1157.32470703125,1157.32470703125,1157.32470703125,1157.32470703125,100,0.0,0.0
2011-04-07 00:00:00+09:00,1157.32470703125,1157.32470703125,1157.32470703125,1157.32470703125,100,0.0,0.0
2011-04-08 00:00:00+09:00,1201.8372802734375,1201.8372802734375,1201.8372802734375,1201.8372802734375,100,0.0,0.0
2011-04-11 00:00:00+09:00,1201.8372802734375,1201.8372802734375,1201.8372802734375,1201.8372802734375,100,0.0,0.0
2011-04-12 00:00:00+09:00,1201.8372802734375,1201.8372802734375,1201.8372802734375,1201.8372802734375,100,0.0,0.0
2011-04-13 00:00:00+09:00,1201.8372802734375,1201.8372802734375,1201.8372802734375,1201.8372802734375,300,0.0,0.0
2011-04-14 00:00:00+09:00,1192.934814453125,1192.934814453125,1192.934814453125,1192.934814453125,400,0.0,0.0
2011-04-15 00:00:00+09:00,1192.934814453125,1192.934814453125,1192.934814453125,1192.934814453125,400,0.0,0.0
2011-04-18 00:00:00+09:00,1201.837126787971,1210.7396240234375,1201.837126787971,1210.7396240234375,400,0.0,0.0
2011-04-19 00:00:00+09:00,1290.8623277818836,1344.2773206556167,1290.8623277818836,1317.56982421875,300,0.0,0.0
2011-04-20 00:00:00+09:00,1335.3745651245117,1424.3995361328125,1335.3745651245117,1424.3995361328125,500,0.0,0.0
2011-04-21 00:00:00+09:00,1406.5946044921875,1406.5946044921875,1406.5946044921875,1406.5946044921875,100,0.0,0.0
2011-04-22 00:00:00+09:00,1424.3995361328125,1424.3995361328125,1424.3995361328125,1424.3995361328125,200,0.0,0.0
2011-04-25 00:00:00+09:00,1424.3995361328125,1424.3995361328125,1424.3995361328125,1424.3995361328125,200,0.0,0.0
2011-04-26 00:00:00+09:00,1468.912353515625,1468.912353515625,1468.912353515625,1468.912353515625,200,0.0,0.0
2011-04-27 00:00:00+09:00,1379.887421706627,1549.034912109375,1379.887421706627,1549.034912109375,1100,0.0,0.0
2011-04-28 00:00:00+09:00,1549.0347248424182,1566.8397216796875,1549.0347248424182,1566.8397216796875,500,0.0,0.0
2011-05-02 00:00:00+09:00,1566.8397216796875,1566.8397216796875,1566.8397216796875,1566.8397216796875,0,0.0,0.0
2011-05-06 00:00:00+09:00,1673.6697998046875,1673.6697998046875,1673.6697998046875,1673.6697998046875,0,0.0,0.0
2011-05-09 00:00:00+09:00,1673.6697998046875,1673.6697998046875,1673.6697998046875,1673.6697998046875,0,0.0,0.0
2011-05-10 00:00:00+09:00,1727.084716796875,1727.084716796875,1727.084716796875,1727.084716796875,100,0.0,0.0
2011-05-11 00:00:00+09:00,1727.084716796875,1727.084716796875,1727.084716796875,1727.084716796875,100,0.0,0.0
2011-05-12 00:00:00+09:00,1727.084716796875,1727.084716796875,1727.084716796875,1727.084716796875,100,0.0,0.0
2011-05-13 00:00:00+09:00,1727.0848723890867,1727.0848723890867,1718.182373046875,1718.182373046875,600,0.0,0.0
2011-05-16 00:00:00+09:00,1718.182373046875,1718.182373046875,1718.182373046875,1718.182373046875,600,0.0,0.0
2011-05-17 00:00:00+09:00,1727.084716796875,1727.084716796875,1727.084716796875,1727.084716796875,200,0.0,0.0
2011-05-18 00:00:00+09:00,1727.084716796875,1727.084716796875,1727.084716796875,1727.084716796875,200,0.0,0.0
2011-05-19 00:00:00+09:00,1727.084716796875,1727.084716796875,1727.084716796875,1727.084716796875,200,0.0,0.0
2011-05-20 00:00:00+09:00,1718.182373046875,1718.182373046875,1718.182373046875,1718.182373046875,200,0.0,0.0
2011-05-23 00:00:00+09:00,1709.27978515625,1709.27978515625,1709.27978515625,1709.27978515625,200,0.0,0.0
2011-05-24 00:00:00+09:00,1709.27978515625,1709.27978515625,1709.27978515625,1709.27978515625,200,0.0,0.0
2011-05-25 00:00:00+09:00,1709.27978515625,1709.27978515625,1709.27978515625,1709.27978515625,200,0.0,0.0
2011-05-26 00:00:00+09:00,1602.4497985839844,1709.27978515625,1602.4497985839844,1709.27978515625,600,0.0,0.0
2011-05-27 00:00:00+09:00,1709.27978515625,1709.27978515625,1709.27978515625,1709.27978515625,600,0.0,0.0
2011-05-30 00:00:00+09:00,1709.27978515625,1709.27978515625,1709.27978515625,1709.27978515625,0,0.0,0.0
2011-05-31 00:00:00+09:00,1709.27978515625,1709.27978515625,1709.27978515625,1709.27978515625,0,0.0,0.0
2011-06-01 00:00:00+09:00,1691.474853515625,1691.474853515625,1691.474853515625,1691.474853515625,400,0.0,0.0
2011-06-02 00:00:00+09:00,1691.474853515625,1691.474853515625,1691.474853515625,1691.474853515625,400,0.0,0.0
2011-06-03 00:00:00+09:00,1709.27978515625,1709.27978515625,1709.27978515625,1709.27978515625,200,0.0,0.0
2011-06-06 00:00:00+09:00,1709.27978515625,1709.27978515625,1709.27978515625,1709.27978515625,400,0.0,0.0
2011-06-07 00:00:00+09:00,1691.474853515625,1718.1823512027138,1691.474853515625,1691.474853515625,900,0.0,0.0
2011-06-08 00:00:00+09:00,1646.962357370477,1691.474853515625,1646.962357370477,1691.474853515625,400,0.0,0.0
2011-06-09 00:00:00+09:00,1691.474853515625,1691.474853515625,1691.474853515625,1691.474853515625,400,0.0,0.0
2011-06-10 00:00:00+09:00,1611.35205078125,1611.35205078125,1611.35205078125,1611.35205078125,100,0.0,0.0
2011-06-13 00:00:00+09:00,1602.4495849609375,1602.4495849609375,1602.4495849609375,1602.4495849609375,100,0.0,0.0
2011-06-14 00:00:00+09:00,1602.4495849609375,1602.4495849609375,1602.4495849609375,1602.4495849609375,100,0.0,0.0
2011-06-15 00:00:00+09:00,1602.4495849609375,1602.4495849609375,1602.4495849609375,1602.4495849609375,200,0.0,0.0
2011-06-16 00:00:00+09:00,1513.424870155377,1593.54736328125,1513.424870155377,1593.54736328125,1600,0.0,0.0
2011-06-17 00:00:00+09:00,1593.54736328125,1593.54736328125,1593.54736328125,1593.54736328125,1600,0.0,0.0
2011-06-20 00:00:00+09:00,1593.54736328125,1593.54736328125,1593.54736328125,1593.54736328125,1600,0.0,0.0
2011-06-21 00:00:00+09:00,1593.54736328125,1593.54736328125,1593.54736328125,1593.54736328125,1600,0.0,0.0
2011-06-22 00:00:00+09:00,1593.54736328125,1593.54736328125,1593.54736328125,1593.54736328125,1600,0.0,0.0
2011-06-23 00:00:00+09:00,1593.54736328125,1593.54736328125,1593.54736328125,1593.54736328125,1600,0.0,0.0
2011-06-24 00:00:00+09:00,1593.54736328125,1593.54736328125,1593.54736328125,1593.54736328125,1600,0.0,0.0
2011-06-27 00:00:00+09:00,1593.54736328125,1593.54736328125,1593.54736328125,1593.54736328125,100,0.0,0.0
2011-06-28 00:00:00+09:00,1593.54708726671,1602.4495849609375,1593.54708726671,1602.4495849609375,300,0.0,0.0
2011-06-29 00:00:00+09:00,1602.4495849609375,1602.4495849609375,1602.4495849609375,1602.4495849609375,200,0.0,0.0
2011-06-30 00:00:00+09:00,1602.4495849609375,1602.4495849609375,1602.4495849609375,1602.4495849609375,300,0.0,0.0
2011-07-01 00:00:00+09:00,1602.4495849609375,1602.4495849609375,1602.4495849609375,1602.4495849609375,300,0.0,0.0
2011-07-04 00:00:00+09:00,1602.4495849609375,1602.4495849609375,1602.4495849609375,1602.4495849609375,200,0.0,0.0
2011-07-05 00:00:00+09:00,1602.4495849609375,1602.4495849609375,1602.4495849609375,1602.4495849609375,200,0.0,0.0
2011-07-06 00:00:00+09:00,1602.4495849609375,1602.4495849609375,1602.4495849609375,1602.4495849609375,200,0.0,0.0
2011-07-07 00:00:00+09:00,1602.4495849609375,1602.4495849609375,1602.4495849609375,1602.4495849609375,200,0.0,0.0
2011-07-08 00:00:00+09:00,1602.4495849609375,1602.4495849609375,1602.4495849609375,1602.4495849609375,200,0.0,0.0
2011-07-11 00:00:00+09:00,1602.4495849609375,1602.4495849609375,1602.4495849609375,1602.4495849609375,200,0.0,0.0
2011-07-12 00:00:00+09:00,1602.4495849609375,1602.4495849609375,1602.4495849609375,1602.4495849609375,200,0.0,0.0
2011-07-13 00:00:00+09:00,1602.4495849609375,1602.4495849609375,1602.4495849609375,1602.4495849609375,400,0.0,0.0
2011-07-14 00:00:00+09:00,1602.4495849609375,1602.4495849609375,1602.4495849609375,1602.4495849609375,0,0.0,0.0
2011-07-15 00:00:00+09:00,1602.4495849609375,1602.4495849609375,1602.4495849609375,1602.4495849609375,400,0.0,0.0
2011-07-19 00:00:00+09:00,1602.4495849609375,1602.4495849609375,1602.4495849609375,1602.4495849609375,100,0.0,0.0
2011-07-20 00:00:00+09:00,1602.4495849609375,1602.4495849609375,1602.4495849609375,1602.4495849609375,100,0.0,0.0
2011-07-21 00:00:00+09:00,1602.4495849609375,1602.4495849609375,1602.4495849609375,1602.4495849609375,100,0.0,0.0
2011-07-22 00:00:00+09:00,1602.4495849609375,1602.4495849609375,1602.4495849609375,1602.4495849609375,100,0.0,0.0
2011-07-25 00:00:00+09:00,1602.4495849609375,1602.4495849609375,1602.4495849609375,1602.4495849609375,100,0.0,0.0
2011-07-26 00:00:00+09:00,1602.4495849609375,1602.4495849609375,1602.4495849609375,1602.4495849609375,100,0.0,0.0
2011-07-27 00:00:00+09:00,1602.4495849609375,1602.4495849609375,1602.4495849609375,1602.4495849609375,100,0.0,0.0
2011-07-28 00:00:00+09:00,1602.4495849609375,1602.4495849609375,1602.4495849609375,1602.4495849609375,100,0.0,0.0
2011-07-29 00:00:00+09:00,1468.9123739743366,1593.54736328125,1468.9123739743366,1593.54736328125,400,0.0,0.0
2011-08-01 00:00:00+09:00,1593.54736328125,1593.54736328125,1593.54736328125,1593.54736328125,400,0.0,0.0
2011-08-02 00:00:00+09:00,1593.54736328125,1593.54736328125,1593.54736328125,1593.54736328125,400,0.0,0.0
2011-08-03 00:00:00+09:00,1593.54736328125,1593.54736328125,1593.54736328125,1593.54736328125,400,0.0,0.0
2011-08-04 00:00:00+09:00,1593.54736328125,1593.54736328125,1593.54736328125,1593.54736328125,400,0.0,0.0
2011-08-05 00:00:00+09:00,1629.1571044921875,1629.1571044921875,1629.1571044921875,1629.1571044921875,100,0.0,0.0
2011-08-08 00:00:00+09:00,1709.27978515625,1709.27978515625,1709.27978515625,1709.27978515625,100,0.0,0.0
2011-08-09 00:00:00+09:00,1709.27978515625,1709.27978515625,1709.27978515625,1709.27978515625,100,0.0,0.0
2011-08-10 00:00:00+09:00,1709.27978515625,1709.27978515625,1709.27978515625,1709.27978515625,100,0.0,0.0
2011-08-11 00:00:00+09:00,1709.27978515625,1709.27978515625,1709.27978515625,1709.27978515625,100,0.0,0.0
2011-08-12 00:00:00+09:00,1709.27978515625,1709.27978515625,1709.27978515625,1709.27978515625,0,0.0,0.0
2011-08-15 00:00:00+09:00,1709.27978515625,1709.27978515625,1709.27978515625,1709.27978515625,200,0.0,0.0
2011-08-16 00:00:00+09:00,1709.27978515625,1709.27978515625,1709.27978515625,1709.27978515625,200,0.0,0.0
2011-08-17 00:00:00+09:00,1709.27978515625,1709.27978515625,1709.27978515625,1709.27978515625,200,0.0,0.0
2011-08-18 00:00:00+09:00,1709.27978515625,1709.27978515625,1709.27978515625,1709.27978515625,200,0.0,0.0
2011-08-19 00:00:00+09:00,1709.27978515625,1709.27978515625,1709.27978515625,1709.27978515625,200,0.0,0.0
2011-08-22 00:00:00+09:00,1709.27978515625,1709.27978515625,1709.27978515625,1709.27978515625,200,0.0,0.0
2011-08-23 00:00:00+09:00,1709.27978515625,1709.27978515625,1709.27978515625,1709.27978515625,200,0.0,0.0
2011-08-24 00:00:00+09:00,1709.27978515625,1709.27978515625,1709.27978515625,1709.27978515625,200,0.0,0.0
2011-08-25 00:00:00+09:00,1709.27978515625,1709.27978515625,1709.27978515625,1709.27978515625,200,0.0,0.0
2011-08-26 00:00:00+09:00,1709.27978515625,1709.27978515625,1709.27978515625,1709.27978515625,200,0.0,0.0
2011-08-29 00:00:00+09:00,1709.27978515625,1709.27978515625,1709.27978515625,1709.27978515625,0,0.0,0.0
2011-08-30 00:00:00+09:00,1709.27978515625,1709.27978515625,1709.27978515625,1709.27978515625,200,0.0,0.0
2011-08-31 00:00:00+09:00,1709.27978515625,1709.27978515625,1709.27978515625,1709.27978515625,100,0.0,0.0
2011-09-01 00:00:00+09:00,1709.27978515625,1709.27978515625,1709.27978515625,1709.27978515625,100,0.0,0.0
2011-09-02 00:00:00+09:00,1709.27978515625,1709.27978515625,1709.27978515625,1709.27978515625,100,0.0,0.0
2011-09-05 00:00:00+09:00,1709.27978515625,1709.27978515625,1709.27978515625,1709.27978515625,100,0.0,0.0
2011-09-06 00:00:00+09:00,1709.27978515625,1709.27978515625,1709.27978515625,1709.27978515625,100,0.0,0.0
2011-09-07 00:00:00+09:00,1709.27978515625,1709.27978515625,1709.27978515625,1709.27978515625,100,0.0,0.0
2011-09-08 00:00:00+09:00,1691.474853515625,1691.474853515625,1691.474853515625,1691.474853515625,100,0.0,0.0
2011-09-09 00:00:00+09:00,1691.474853515625,1691.474853515625,1691.474853515625,1691.474853515625,100,0.0,0.0
2011-09-12 00:00:00+09:00,1513.424608018663,1602.4495849609375,1513.424608018663,1602.4495849609375,300,0.0,0.0
2011-09-13 00:00:00+09:00,1602.4495849609375,1602.4495849609375,1602.4495849609375,1602.4495849609375,300,0.0,0.0
2011-09-14 00:00:00+09:00,1602.4495849609375,1602.4495849609375,1602.4495849609375,1602.4495849609375,300,0.0,0.0
2011-09-15 00:00:00+09:00,1602.4495849609375,1602.4495849609375,1602.4495849609375,1602.4495849609375,200,0.0,0.0
2011-09-16 00:00:00+09:00,1602.4495849609375,1602.4495849609375,1602.4495849609375,1602.4495849609375,200,0.0,0.0
2011-09-20 00:00:00+09:00,1602.4495849609375,1602.4495849609375,1602.4495849609375,1602.4495849609375,200,0.0,0.0
2011-09-21 00:00:00+09:00,1602.4495849609375,1602.4495849609375,1602.4495849609375,1602.4495849609375,200,0.0,0.0
2011-09-22 00:00:00+09:00,1602.4495849609375,1602.4495849609375,1602.4495849609375,1602.4495849609375,200,0.0,0.0
2011-09-26 00:00:00+09:00,1602.4496674408783,1646.962158203125,1602.4496674408783,1646.962158203125,300,0.0,0.0
2011-09-27 00:00:00+09:00,1646.962158203125,1646.962158203125,1646.962158203125,1646.962158203125,300,0.0,0.0
2011-09-28 00:00:00+09:00,1646.962158203125,1646.962158203125,1646.962158203125,1646.962158203125,300,0.0,0.0
2011-09-29 00:00:00+09:00,1646.962158203125,1646.962158203125,1646.962158203125,1646.962158203125,300,0.0,0.0
2011-09-30 00:00:00+09:00,1646.962158203125,1646.962158203125,1646.962158203125,1646.962158203125,100,0.0,0.0
2011-10-03 00:00:00+09:00,1646.962158203125,1646.962158203125,1646.962158203125,1646.962158203125,100,0.0,0.0
2011-10-04 00:00:00+09:00,1646.962158203125,1646.962158203125,1646.962158203125,1646.962158203125,100,0.0,0.0
2011-10-05 00:00:00+09:00,1646.962158203125,1646.962158203125,1646.962158203125,1646.962158203125,100,0.0,0.0
2011-10-06 00:00:00+09:00,1646.962158203125,1646.962158203125,1646.962158203125,1646.962158203125,100,0.0,0.0
2011-10-07 00:00:00+09:00,1646.962158203125,1646.962158203125,1646.962158203125,1646.962158203125,100,0.0,0.0
2011-10-11 00:00:00+09:00,1646.962158203125,1646.962158203125,1646.962158203125,1646.962158203125,100,0.0,0.0
2011-10-12 00:00:00+09:00,1646.962158203125,1646.962158203125,1646.962158203125,1646.962158203125,100,0.0,0.0
2011-10-13 00:00:00+09:00,1646.962158203125,1646.962158203125,1646.962158203125,1646.962158203125,100,0.0,0.0
2011-10-14 00:00:00+09:00,1646.962158203125,1646.962158203125,1646.962158203125,1646.962158203125,100,0.0,0.0
2011-10-17 00:00:00+09:00,1646.962158203125,1646.962158203125,1646.962158203125,1646.962158203125,200,0.0,0.0
2011-10-18 00:00:00+09:00,1646.962158203125,1646.962158203125,1646.962158203125,1646.962158203125,0,0.0,0.0
2011-10-19 00:00:00+09:00,1646.962158203125,1646.962158203125,1646.962158203125,1646.962158203125,200,0.0,0.0
2011-10-20 00:00:00+09:00,1646.962158203125,1646.962158203125,1646.962158203125,1646.962158203125,200,0.0,0.0
2011-10-21 00:00:00+09:00,1646.962158203125,1646.962158203125,1646.962158203125,1646.962158203125,200,0.0,0.0
2011-10-24 00:00:00+09:00,1646.962158203125,1646.962158203125,1646.962158203125,1646.962158203125,200,0.0,0.0
2011-10-25 00:00:00+09:00,1646.962158203125,1646.962158203125,1646.962158203125,1646.962158203125,200,0.0,0.0
2011-10-26 00:00:00+09:00,1646.962158203125,1646.962158203125,1646.962158203125,1646.962158203125,200,0.0,0.0
2011-10-27 00:00:00+09:00,1646.962158203125,1646.962158203125,1646.962158203125,1646.962158203125,200,0.0,0.0
2011-10-28 00:00:00+09:00,1646.962158203125,1646.962158203125,1646.962158203125,1646.962158203125,200,0.0,0.0
2011-10-31 00:00:00+09:00,1646.962158203125,1646.962158203125,1646.962158203125,1646.962158203125,200,0.0,0.0
2011-11-01 00:00:00+09:00,1646.962158203125,1646.962158203125,1646.962158203125,1646.962158203125,200,0.0,0.0
2011-11-02 00:00:00+09:00,1646.962158203125,1646.962158203125,1646.962158203125,1646.962158203125,200,0.0,0.0
2011-11-04 00:00:00+09:00,1646.962158203125,1646.962158203125,1646.962158203125,1646.962158203125,200,0.0,0.0
2011-11-07 00:00:00+09:00,1638.0596923828125,1638.0596923828125,1638.0596923828125,1638.0596923828125,300,0.0,0.0
2011-11-08 00:00:00+09:00,1638.0596923828125,1638.0596923828125,1638.0596923828125,1638.0596923828125,100,0.0,0.0
2011-11-09 00:00:00+09:00,1638.0596923828125,1638.0596923828125,1638.0596923828125,1638.0596923828125,100,0.0,0.0
2011-11-10 00:00:00+09:00,1638.0596923828125,1638.0596923828125,1638.0596923828125,1638.0596923828125,100,0.0,0.0
2011-11-11 00:00:00+09:00,1638.0596923828125,1638.0596923828125,1638.0596923828125,1638.0596923828125,100,0.0,0.0
2011-11-14 00:00:00+09:00,1638.0596923828125,1638.0596923828125,1638.0596923828125,1638.0596923828125,100,0.0,0.0
2011-11-15 00:00:00+09:00,1638.0596923828125,1638.0596923828125,1638.0596923828125,1638.0596923828125,100,0.0,0.0
2011-11-16 00:00:00+09:00,1638.0596923828125,1638.0596923828125,1638.0596923828125,1638.0596923828125,100,0.0,0.0
2011-11-17 00:00:00+09:00,1638.0596923828125,1638.0596923828125,1638.0596923828125,1638.0596923828125,100,0.0,0.0
2011-11-18 00:00:00+09:00,1638.0596923828125,1638.0596923828125,1638.0596923828125,1638.0596923828125,100,0.0,0.0
2011-11-21 00:00:00+09:00,1638.0596923828125,1638.0596923828125,1638.0596923828125,1638.0596923828125,100,0.0,0.0
2011-11-22 00:00:00+09:00,1638.0596923828125,1638.0596923828125,1638.0596923828125,1638.0596923828125,0,0.0,0.0
2011-11-24 00:00:00+09:00,1638.0596923828125,1638.0596923828125,1638.0596923828125,1638.0596923828125,100,0.0,0.0
2011-11-25 00:00:00+09:00,1638.0596923828125,1638.0596923828125,1638.0596923828125,1638.0596923828125,100,0.0,0.0
2011-11-28 00:00:00+09:00,1638.0596923828125,1638.0596923828125,1638.0596923828125,1638.0596923828125,100,0.0,0.0
2011-11-29 00:00:00+09:00,1638.0596923828125,1638.0596923828125,1638.0596923828125,1638.0596923828125,100,0.0,0.0
2011-11-30 00:00:00+09:00,1638.0596923828125,1638.0596923828125,1638.0596923828125,1638.0596923828125,100,0.0,0.0
2011-12-01 00:00:00+09:00,1638.0596923828125,1638.0596923828125,1638.0596923828125,1638.0596923828125,100,0.0,0.0
2011-12-02 00:00:00+09:00,1638.0596923828125,1638.0596923828125,1638.0596923828125,1638.0596923828125,100,0.0,0.0
2011-12-05 00:00:00+09:00,1638.0596923828125,1638.0596923828125,1638.0596923828125,1638.0596923828125,100,0.0,0.0
2011-12-06 00:00:00+09:00,1638.0596923828125,1638.0596923828125,1638.0596923828125,1638.0596923828125,100,0.0,0.0
2011-12-07 00:00:00+09:00,1638.0596923828125,1638.0596923828125,1638.0596923828125,1638.0596923828125,100,0.0,0.0
2011-12-08 00:00:00+09:00,1629.1571044921875,1629.1571044921875,1629.1571044921875,1629.1571044921875,100,0.0,0.0
2011-12-09 00:00:00+09:00,1629.1571044921875,1629.1571044921875,1629.1571044921875,1629.1571044921875,100,0.0,0.0
2011-12-12 00:00:00+09:00,1629.1571044921875,1629.1571044921875,1629.1571044921875,1629.1571044921875,100,0.0,0.0
2011-12-13 00:00:00+09:00,1629.1571044921875,1629.1571044921875,1629.1571044921875,1629.1571044921875,100,0.0,0.0
2011-12-14 00:00:00+09:00,1629.1571044921875,1629.1571044921875,1629.1571044921875,1629.1571044921875,100,0.0,0.0
2011-12-15 00:00:00+09:00,1629.1571044921875,1629.1571044921875,1629.1571044921875,1629.1571044921875,300,0.0,0.0
2011-12-16 00:00:00+09:00,1629.1571044921875,1629.1571044921875,1629.1571044921875,1629.1571044921875,300,0.0,0.0
2011-12-19 00:00:00+09:00,1629.1571044921875,1629.1571044921875,1629.1571044921875,1629.1571044921875,300,0.0,0.0
2011-12-20 00:00:00+09:00,1629.1571044921875,1629.1571044921875,1629.1571044921875,1629.1571044921875,300,0.0,0.0
2011-12-21 00:00:00+09:00,1629.1571044921875,1629.1571044921875,1629.1571044921875,1629.1571044921875,300,0.0,0.0
2011-12-22 00:00:00+09:00,1629.1571044921875,1629.1571044921875,1629.1571044921875,1629.1571044921875,300,0.0,0.0
2011-12-26 00:00:00+09:00,1629.1571044921875,1629.1571044921875,1629.1571044921875,1629.1571044921875,0,0.0,0.0
2011-12-27 00:00:00+09:00,1673.6697998046875,1673.6697998046875,1673.6697998046875,1673.6697998046875,300,0.0,0.0
2011-12-28 00:00:00+09:00,1673.6697998046875,1673.6697998046875,1673.6697998046875,1673.6697998046875,300,0.0,0.0
2011-12-29 00:00:00+09:00,1673.6697998046875,1673.6697998046875,1673.6697998046875,1673.6697998046875,300,0.0,0.0
2011-12-30 00:00:00+09:00,1673.6697998046875,1673.6697998046875,1673.6697998046875,1673.6697998046875,100,0.0,0.0
2012-01-04 00:00:00+09:00,1673.6697998046875,1673.6697998046875,1673.6697998046875,1673.6697998046875,100,0.0,0.0
2012-01-05 00:00:00+09:00,1673.6697998046875,1673.6697998046875,1673.6697998046875,1673.6697998046875,100,0.0,0.0
2012-01-06 00:00:00+09:00,1673.6697998046875,1673.6697998046875,1673.6697998046875,1673.6697998046875,100,0.0,0.0
2012-01-10 00:00:00+09:00,1673.6697998046875,1673.6697998046875,1673.6697998046875,1673.6697998046875,100,0.0,0.0
2012-01-11 00:00:00+09:00,1673.6697998046875,1673.6697998046875,1673.6697998046875,1673.6697998046875,100,0.0,0.0
2012-01-12 00:00:00+09:00,1673.6697998046875,1673.6697998046875,1673.6697998046875,1673.6697998046875,100,0.0,0.0
2012-01-13 00:00:00+09:00,1673.6697998046875,1673.6697998046875,1673.6697998046875,1673.6697998046875,100,0.0,0.0
2012-01-16 00:00:00+09:00,1664.76708984375,1664.76708984375,1664.76708984375,1664.76708984375,100,0.0,0.0
2012-01-17 00:00:00+09:00,1664.76708984375,1664.76708984375,1664.76708984375,1664.76708984375,100,0.0,0.0
2012-01-18 00:00:00+09:00,1664.76708984375,1664.76708984375,1664.76708984375,1664.76708984375,100,0.0,0.0
2012-01-19 00:00:00+09:00,1664.76708984375,1664.76708984375,1664.76708984375,1664.76708984375,100,0.0,0.0
2012-01-20 00:00:00+09:00,1664.76708984375,1664.76708984375,1664.76708984375,1664.76708984375,100,0.0,0.0
2012-01-23 00:00:00+09:00,1664.76708984375,1664.76708984375,1664.76708984375,1664.76708984375,100,0.0,0.0
2012-01-24 00:00:00+09:00,1664.76708984375,1664.76708984375,1664.76708984375,1664.76708984375,100,0.0,0.0
2012-01-25 00:00:00+09:00,1664.76708984375,1664.76708984375,1664.76708984375,1664.76708984375,100,0.0,0.0
2012-01-26 00:00:00+09:00,1664.76708984375,1664.76708984375,1664.76708984375,1664.76708984375,100,0.0,0.0
2012-01-27 00:00:00+09:00,1664.76708984375,1664.76708984375,1664.76708984375,1664.76708984375,100,0.0,0.0
2012-01-30 00:00:00+09:00,1664.76708984375,1664.76708984375,1664.76708984375,1664.76708984375,100,0.0,0.0
2012-01-31 00:00:00+09:00,1664.76708984375,1664.76708984375,1664.76708984375,1664.76708984375,100,0.0,0.0
2012-02-01 00:00:00+09:00,1664.76708984375,1664.76708984375,1664.76708984375,1664.76708984375,100,0.0,0.0
2012-02-02 00:00:00+09:00,1664.76708984375,1664.76708984375,1664.76708984375,1664.76708984375,100,0.0,0.0
2012-02-03 00:00:00+09:00,1549.0348658511514,1691.474853515625,1549.0348658511514,1691.474853515625,300,0.0,0.0
2012-02-06 00:00:00+09:00,1691.474853515625,1691.474853515625,1691.474853515625,1691.474853515625,300,0.0,0.0
2012-02-07 00:00:00+09:00,1691.474853515625,1691.474853515625,1691.474853515625,1691.474853515625,300,0.0,0.0
2012-02-08 00:00:00+09:00,1691.474853515625,1691.474853515625,1691.474853515625,1691.474853515625,100,0.0,0.0
2012-02-09 00:00:00+09:00,1691.474853515625,1691.474853515625,1691.474853515625,1691.474853515625,100,0.0,0.0
2012-02-10 00:00:00+09:00,1602.4496109759223,1629.1571044921875,1602.4496109759223,1629.1571044921875,1700,0.0,0.0
2012-02-13 00:00:00+09:00,1602.4495849609375,1602.4495849609375,1602.4495849609375,1602.4495849609375,100,0.0,0.0
2012-02-14 00:00:00+09:00,1602.4495849609375,1602.4495849609375,1602.4495849609375,1602.4495849609375,100,0.0,0.0
2012-02-15 00:00:00+09:00,1602.4495849609375,1602.4495849609375,1602.4495849609375,1602.4495849609375,300,0.0,0.0
2012-02-16 00:00:00+09:00,1602.4495849609375,1602.4495849609375,1602.4495849609375,1602.4495849609375,300,0.0,0.0
2012-02-17 00:00:00+09:00,1602.4495849609375,1602.4495849609375,1602.4495849609375,1602.4495849609375,300,0.0,0.0
2012-02-20 00:00:00+09:00,1602.4495849609375,1602.4495849609375,1602.4495849609375,1602.4495849609375,300,0.0,0.0
2012-02-21 00:00:00+09:00,1602.4495849609375,1602.4495849609375,1602.4495849609375,1602.4495849609375,200,0.0,0.0
2012-02-22 00:00:00+09:00,1602.4495849609375,1602.4495849609375,1602.4495849609375,1602.4495849609375,200,0.0,0.0
2012-02-23 00:00:00+09:00,1593.54736328125,1593.54736328125,1593.54736328125,1593.54736328125,100,0.0,0.0
2012-02-24 00:00:00+09:00,1593.54736328125,1593.54736328125,1593.54736328125,1593.54736328125,100,0.0,0.0
2012-02-27 00:00:00+09:00,1593.54736328125,1593.54736328125,1593.54736328125,1593.54736328125,100,0.0,0.0
2012-02-28 00:00:00+09:00,1620.254638671875,1620.254638671875,1620.254638671875,1620.254638671875,100,0.0,0.0
2012-02-29 00:00:00+09:00,1620.254638671875,1620.254638671875,1620.254638671875,1620.254638671875,100,0.0,0.0
2012-03-01 00:00:00+09:00,1620.254638671875,1620.254638671875,1620.254638671875,1620.254638671875,100,0.0,0.0
2012-03-02 00:00:00+09:00,1620.254638671875,1620.254638671875,1620.254638671875,1620.254638671875,100,0.0,0.0
2012-03-05 00:00:00+09:00,1620.254638671875,1620.254638671875,1620.254638671875,1620.254638671875,100,0.0,0.0
2012-03-06 00:00:00+09:00,1620.254638671875,1620.254638671875,1620.254638671875,1620.254638671875,0,0.0,0.0
2012-03-07 00:00:00+09:00,1620.254638671875,1620.254638671875,1620.254638671875,1620.254638671875,100,0.0,0.0
2012-03-08 00:00:00+09:00,1620.254638671875,1620.254638671875,1620.254638671875,1620.254638671875,0,0.0,0.0
2012-03-09 00:00:00+09:00,1620.254638671875,1620.254638671875,1620.254638671875,1620.254638671875,100,0.0,0.0
2012-03-12 00:00:00+09:00,1620.254638671875,1620.254638671875,1620.254638671875,1620.254638671875,0,0.0,0.0
2012-03-13 00:00:00+09:00,1620.254638671875,1620.254638671875,1620.254638671875,1620.254638671875,100,0.0,0.0
2012-03-14 00:00:00+09:00,1620.254638671875,1620.254638671875,1620.254638671875,1620.254638671875,100,0.0,0.0
2012-03-15 00:00:00+09:00,1620.254638671875,1620.254638671875,1620.254638671875,1620.254638671875,200,0.0,0.0
2012-03-16 00:00:00+09:00,1620.254638671875,1620.254638671875,1620.254638671875,1620.254638671875,200,0.0,0.0
2012-03-19 00:00:00+09:00,1620.254638671875,1620.254638671875,1620.254638671875,1620.254638671875,200,0.0,0.0
2012-03-21 00:00:00+09:00,1620.254638671875,1620.254638671875,1620.254638671875,1620.254638671875,200,0.0,0.0
2012-03-22 00:00:00+09:00,1620.254638671875,1620.254638671875,1620.254638671875,1620.254638671875,200,0.0,0.0
2012-03-23 00:00:00+09:00,1620.254638671875,1620.254638671875,1620.254638671875,1620.254638671875,200,0.0,0.0
2012-03-26 00:00:00+09:00,1620.254638671875,1620.254638671875,1620.254638671875,1620.254638671875,200,0.0,0.0
2012-03-27 00:00:00+09:00,1620.254638671875,1620.254638671875,1620.254638671875,1620.254638671875,200,0.0,0.0
2012-03-28 00:00:00+09:00,1620.254638671875,1620.254638671875,1620.254638671875,1620.254638671875,200,0.0,0.0
2012-03-29 00:00:00+09:00,1620.254638671875,1620.254638671875,1620.254638671875,1620.254638671875,200,0.0,0.0
2012-03-30 00:00:00+09:00,1620.254638671875,1620.254638671875,1620.254638671875,1620.254638671875,100,0.0,0.0
2012-04-02 00:00:00+09:00,1620.254638671875,1620.254638671875,1620.254638671875,1620.254638671875,100,0.0,0.0
2012-04-03 00:00:00+09:00,1620.254638671875,1620.254638671875,1620.254638671875,1620.254638671875,100,0.0,0.0
2012-04-04 00:00:00+09:00,1620.254638671875,1620.254638671875,1620.254638671875,1620.254638671875,100,0.0,0.0
2012-04-05 00:00:00+09:00,1620.254638671875,1620.254638671875,1620.254638671875,1620.254638671875,100,0.0,0.0
2012-04-06 00:00:00+09:00,1620.254638671875,1620.254638671875,1620.254638671875,1620.254638671875,100,0.0,0.0
2012-04-09 00:00:00+09:00,1700.3773193359375,1700.3773193359375,1700.3773193359375,1700.3773193359375,100,0.0,0.0
2012-04-10 00:00:00+09:00,1700.3773193359375,1700.3773193359375,1700.3773193359375,1700.3773193359375,100,0.0,0.0
2012-04-11 00:00:00+09:00,1700.3773193359375,1700.3773193359375,1700.3773193359375,1700.3773193359375,100,0.0,0.0
2012-04-12 00:00:00+09:00,1700.3773193359375,1700.3773193359375,1700.3773193359375,1700.3773193359375,100,0.0,0.0
2012-04-13 00:00:00+09:00,1700.3773193359375,1700.3773193359375,1700.3773193359375,1700.3773193359375,100,0.0,0.0
2012-04-16 00:00:00+09:00,1700.3773193359375,1700.3773193359375,1700.3773193359375,1700.3773193359375,100,0.0,0.0
2012-04-17 00:00:00+09:00,1700.3773193359375,1700.3773193359375,1700.3773193359375,1700.3773193359375,100,0.0,0.0
2012-04-18 00:00:00+09:00,1700.3773193359375,1700.3773193359375,1700.3773193359375,1700.3773193359375,100,0.0,0.0
2012-04-19 00:00:00+09:00,1700.3773193359375,1700.3773193359375,1700.3773193359375,1700.3773193359375,100,0.0,0.0
2012-04-20 00:00:00+09:00,1700.3773193359375,1700.3773193359375,1700.3773193359375,1700.3773193359375,100,0.0,0.0
2012-04-23 00:00:00+09:00,1700.3773193359375,1700.3773193359375,1700.3773193359375,1700.3773193359375,100,0.0,0.0
2012-04-24 00:00:00+09:00,1700.3773193359375,1700.3773193359375,1700.3773193359375,1700.3773193359375,100,0.0,0.0
2012-04-25 00:00:00+09:00,1700.3773193359375,1700.3773193359375,1700.3773193359375,1700.3773193359375,100,0.0,0.0
2012-04-26 00:00:00+09:00,1700.3773193359375,1700.3773193359375,1700.3773193359375,1700.3773193359375,100,0.0,0.0
2012-04-27 00:00:00+09:00,1700.3773193359375,1700.3773193359375,1700.3773193359375,1700.3773193359375,100,0.0,0.0
2012-05-01 00:00:00+09:00,1700.3773193359375,1700.3773193359375,1700.3773193359375,1700.3773193359375,0,0.0,0.0
2012-05-02 00:00:00+09:00,1700.3773193359375,1700.3773193359375,1700.3773193359375,1700.3773193359375,100,0.0,0.0
2012-05-07 00:00:00+09:00,1700.3773193359375,1700.3773193359375,1700.3773193359375,1700.3773193359375,100,0.0,0.0
2012-05-08 00:00:00+09:00,1780.4996337890625,1780.4996337890625,1780.4996337890625,1780.4996337890625,100,0.0,0.0
2012-05-09 00:00:00+09:00,1780.4996337890625,1780.4996337890625,1780.4996337890625,1780.4996337890625,100,0.0,0.0
2012-05-10 00:00:00+09:00,1780.4996337890625,1780.4996337890625,1780.4996337890625,1780.4996337890625,100,0.0,0.0
2012-05-11 00:00:00+09:00,1780.4996337890625,1780.4996337890625,1780.4996337890625,1780.4996337890625,100,0.0,0.0
2012-05-14 00:00:00+09:00,1780.4996337890625,1780.4996337890625,1780.4996337890625,1780.4996337890625,100,0.0,0.0
2012-05-15 00:00:00+09:00,1780.4996337890625,1780.4996337890625,1780.4996337890625,1780.4996337890625,200,0.0,0.0
2012-05-16 00:00:00+09:00,1780.4996337890625,1780.4996337890625,1780.4996337890625,1780.4996337890625,200,0.0,0.0
2012-05-17 00:00:00+09:00,1780.4996337890625,1780.4996337890625,1780.4996337890625,1780.4996337890625,200,0.0,0.0
2012-05-18 00:00:00+09:00,1780.4996337890625,1780.4996337890625,1780.4996337890625,1780.4996337890625,200,0.0,0.0
2012-05-21 00:00:00+09:00,1780.4996337890625,1780.4996337890625,1780.4996337890625,1780.4996337890625,200,0.0,0.0
2012-05-22 00:00:00+09:00,1780.4996337890625,1780.4996337890625,1780.4996337890625,1780.4996337890625,200,0.0,0.0
2012-05-23 00:00:00+09:00,1780.4996337890625,1780.4996337890625,1780.4996337890625,1780.4996337890625,200,0.0,0.0
2012-05-24 00:00:00+09:00,1780.4996337890625,1780.4996337890625,1780.4996337890625,1780.4996337890625,200,0.0,0.0
2012-05-25 00:00:00+09:00,1780.4996337890625,1780.4996337890625,1780.4996337890625,1780.4996337890625,200,0.0,0.0
2012-05-28 00:00:00+09:00,1780.4996337890625,1780.4996337890625,1780.4996337890625,1780.4996337890625,200,0.0,0.0
2012-05-29 00:00:00+09:00,1780.4996337890625,1780.4996337890625,1780.4996337890625,1780.4996337890625,200,0.0,0.0
2012-05-30 00:00:00+09:00,1780.4996337890625,1780.4996337890625,1780.4996337890625,1780.4996337890625,200,0.0,0.0
2012-05-31 00:00:00+09:00,1735.9871826171875,1735.9871826171875,1735.9871826171875,1735.9871826171875,100,0.0,0.0
2012-06-01 00:00:00+09:00,1735.9871826171875,1735.9871826171875,1735.9871826171875,1735.9871826171875,100,0.0,0.0
2012-06-04 00:00:00+09:00,1735.9871826171875,1735.9871826171875,1735.9871826171875,1735.9871826171875,100,0.0,0.0
2012-06-05 00:00:00+09:00,1735.9871826171875,1735.9871826171875,1735.9871826171875,1735.9871826171875,100,0.0,0.0
2012-06-06 00:00:00+09:00,1735.9871826171875,1735.9871826171875,1735.9871826171875,1735.9871826171875,100,0.0,0.0
2012-06-07 00:00:00+09:00,1735.9871826171875,1735.9871826171875,1735.9871826171875,1735.9871826171875,100,0.0,0.0
2012-06-08 00:00:00+09:00,1744.8896411132812,1780.4996337890625,1744.8896411132812,1780.4996337890625,300,0.0,0.0
2012-06-11 00:00:00+09:00,1780.4996337890625,1780.4996337890625,1780.4996337890625,1780.4996337890625,300,0.0,0.0
2012-06-12 00:00:00+09:00,1780.4996337890625,1780.4996337890625,1780.4996337890625,1780.4996337890625,300,0.0,0.0
2012-06-13 00:00:00+09:00,1780.4996337890625,1780.4996337890625,1780.4996337890625,1780.4996337890625,300,0.0,0.0
2012-06-14 00:00:00+09:00,1780.4996337890625,1780.4996337890625,1780.4996337890625,1780.4996337890625,300,0.0,0.0
2012-06-15 00:00:00+09:00,1771.59716796875,1771.59716796875,1771.59716796875,1771.59716796875,100,0.0,0.0
2012-06-18 00:00:00+09:00,1771.59716796875,1771.59716796875,1771.59716796875,1771.59716796875,100,0.0,0.0
2012-06-19 00:00:00+09:00,1771.59716796875,1771.59716796875,1771.59716796875,1771.59716796875,100,0.0,0.0
2012-06-20 00:00:00+09:00,1771.59716796875,1771.59716796875,1771.59716796875,1771.59716796875,100,0.0,0.0
2012-06-21 00:00:00+09:00,1771.59716796875,1771.59716796875,1771.59716796875,1771.59716796875,100,0.0,0.0
2012-06-22 00:00:00+09:00,1771.59716796875,1771.59716796875,1771.59716796875,1771.59716796875,100,0.0,0.0
2012-06-25 00:00:00+09:00,1771.59716796875,1771.59716796875,1771.59716796875,1771.59716796875,100,0.0,0.0
2012-06-26 00:00:00+09:00,1771.59716796875,1771.59716796875,1771.59716796875,1771.59716796875,100,0.0,0.0
2012-06-27 00:00:00+09:00,1771.59716796875,1771.59716796875,1771.59716796875,1771.59716796875,100,0.0,0.0
2012-06-28 00:00:00+09:00,1771.59716796875,1771.59716796875,1771.59716796875,1771.59716796875,100,0.0,0.0
2012-06-29 00:00:00+09:00,1771.59716796875,1771.59716796875,1771.59716796875,1771.59716796875,100,0.0,0.0
2012-07-02 00:00:00+09:00,1771.59716796875,1771.59716796875,1771.59716796875,1771.59716796875,100,0.0,0.0
2012-07-03 00:00:00+09:00,1771.59716796875,1771.59716796875,1771.59716796875,1771.59716796875,100,0.0,0.0
2012-07-04 00:00:00+09:00,1771.59716796875,1771.59716796875,1771.59716796875,1771.59716796875,100,0.0,0.0
2012-07-05 00:00:00+09:00,1771.59716796875,1771.59716796875,1771.59716796875,1771.59716796875,100,0.0,0.0
2012-07-06 00:00:00+09:00,1771.59716796875,1771.59716796875,1771.59716796875,1771.59716796875,100,0.0,0.0
2012-07-09 00:00:00+09:00,1771.59716796875,1771.59716796875,1771.59716796875,1771.59716796875,100,0.0,0.0
2012-07-10 00:00:00+09:00,1771.59716796875,1771.59716796875,1771.59716796875,1771.59716796875,100,0.0,0.0
2012-07-11 00:00:00+09:00,1771.59716796875,1771.59716796875,1771.59716796875,1771.59716796875,100,0.0,0.0
2012-07-12 00:00:00+09:00,1771.59716796875,1771.59716796875,1771.59716796875,1771.59716796875,100,0.0,0.0
2012-07-13 00:00:00+09:00,1771.59716796875,1771.59716796875,1771.59716796875,1771.59716796875,100,0.0,0.0
2012-07-17 00:00:00+09:00,1771.59716796875,1771.59716796875,1771.59716796875,1771.59716796875,100,0.0,0.0
2012-07-18 00:00:00+09:00,1771.59716796875,1771.59716796875,1771.59716796875,1771.59716796875,100,0.0,0.0
2012-07-19 00:00:00+09:00,1771.59716796875,1771.59716796875,1771.59716796875,1771.59716796875,100,0.0,0.0
2012-07-20 00:00:00+09:00,1771.59716796875,1771.59716796875,1771.59716796875,1771.59716796875,100,0.0,0.0
2012-07-23 00:00:00+09:00,1771.59716796875,1771.59716796875,1771.59716796875,1771.59716796875,100,0.0,0.0
2012-07-24 00:00:00+09:00,1771.59716796875,1771.59716796875,1771.59716796875,1771.59716796875,100,0.0,0.0
2012-07-25 00:00:00+09:00,1771.59716796875,1771.59716796875,1771.59716796875,1771.59716796875,100,0.0,0.0
2012-07-26 00:00:00+09:00,1771.59716796875,1771.59716796875,1771.59716796875,1771.59716796875,100,0.0,0.0
2012-07-27 00:00:00+09:00,1771.59716796875,1771.59716796875,1771.59716796875,1771.59716796875,100,0.0,0.0
2012-07-30 00:00:00+09:00,1771.59716796875,1771.59716796875,1771.59716796875,1771.59716796875,100,0.0,0.0
2012-07-31 00:00:00+09:00,1771.59716796875,1771.59716796875,1771.59716796875,1771.59716796875,100,0.0,0.0
2012-08-01 00:00:00+09:00,1771.59716796875,1771.59716796875,1771.59716796875,1771.59716796875,100,0.0,0.0
2012-08-02 00:00:00+09:00,1771.59716796875,1771.59716796875,1771.59716796875,1771.59716796875,100,0.0,0.0
2012-08-03 00:00:00+09:00,1771.59716796875,1771.59716796875,1771.59716796875,1771.59716796875,100,0.0,0.0
2012-08-06 00:00:00+09:00,1771.59716796875,1771.59716796875,1771.59716796875,1771.59716796875,100,0.0,0.0
2012-08-07 00:00:00+09:00,1771.59716796875,1771.59716796875,1771.59716796875,1771.59716796875,100,0.0,0.0
2012-08-08 00:00:00+09:00,1771.59716796875,1771.59716796875,1771.59716796875,1771.59716796875,100,0.0,0.0
2012-08-09 00:00:00+09:00,1771.59716796875,1771.59716796875,1771.59716796875,1771.59716796875,100,0.0,0.0
2012-08-10 00:00:00+09:00,1771.59716796875,1771.59716796875,1771.59716796875,1771.59716796875,100,0.0,0.0
2012-08-13 00:00:00+09:00,1771.59716796875,1771.59716796875,1771.59716796875,1771.59716796875,100,0.0,0.0
2012-08-14 00:00:00+09:00,1771.59716796875,1771.59716796875,1771.59716796875,1771.59716796875,100,0.0,0.0
2012-08-15 00:00:00+09:00,1771.59716796875,1771.59716796875,1771.59716796875,1771.59716796875,200,0.0,0.0
2012-08-16 00:00:00+09:00,1771.59716796875,1771.59716796875,1771.59716796875,1771.59716796875,200,0.0,0.0
2012-08-17 00:00:00+09:00,1771.59716796875,1771.59716796875,1771.59716796875,1771.59716796875,200,0.0,0.0
2012-08-20 00:00:00+09:00,1771.59716796875,1771.59716796875,1771.59716796875,1771.59716796875,200,0.0,0.0
2012-08-21 00:00:00+09:00,1771.59716796875,1771.59716796875,1771.59716796875,1771.59716796875,200,0.0,0.0
2012-08-22 00:00:00+09:00,1771.59716796875,1771.59716796875,1771.59716796875,1771.59716796875,200,0.0,0.0
2012-08-23 00:00:00+09:00,1771.59716796875,1771.59716796875,1771.59716796875,1771.59716796875,200,0.0,0.0
2012-08-24 00:00:00+09:00,1771.59716796875,1771.59716796875,1771.59716796875,1771.59716796875,200,0.0,0.0
2012-08-27 00:00:00+09:00,1771.59716796875,1771.59716796875,1771.59716796875,1771.59716796875,200,0.0,0.0
2012-08-28 00:00:00+09:00,1771.59716796875,1771.59716796875,1771.59716796875,1771.59716796875,200,0.0,0.0
2012-08-29 00:00:00+09:00,1771.59716796875,1771.59716796875,1771.59716796875,1771.59716796875,200,0.0,0.0
2012-08-30 00:00:00+09:00,1771.59716796875,1771.59716796875,1771.59716796875,1771.59716796875,200,0.0,0.0
2012-08-31 00:00:00+09:00,1682.5723322088068,1762.69482421875,1682.5723322088068,1762.69482421875,800,0.0,0.0
2012-09-03 00:00:00+09:00,1682.5723641487548,1753.7923583984375,1682.5723641487548,1753.7923583984375,200,0.0,0.0
2012-09-04 00:00:00+09:00,1709.2798295454545,1762.69482421875,1709.2798295454545,1762.69482421875,300,0.0,0.0
2012-09-05 00:00:00+09:00,1762.69482421875,1762.69482421875,1762.69482421875,1762.69482421875,300,0.0,0.0
2012-09-06 00:00:00+09:00,1762.69482421875,1762.69482421875,1762.69482421875,1762.69482421875,300,0.0,0.0
2012-09-07 00:00:00+09:00,1762.69482421875,1762.69482421875,1762.69482421875,1762.69482421875,300,0.0,0.0
2012-09-10 00:00:00+09:00,1842.8172607421875,1842.8172607421875,1842.8172607421875,1842.8172607421875,100,0.0,0.0
2012-09-11 00:00:00+09:00,1842.8172607421875,1842.8172607421875,1842.8172607421875,1842.8172607421875,100,0.0,0.0
2012-09-12 00:00:00+09:00,1842.8172607421875,1842.8172607421875,1842.8172607421875,1842.8172607421875,100,0.0,0.0
2012-09-13 00:00:00+09:00,1842.8172607421875,1842.8172607421875,1842.8172607421875,1842.8172607421875,100,0.0,0.0
2012-09-14 00:00:00+09:00,1842.8172607421875,1842.8172607421875,1842.8172607421875,1842.8172607421875,100,0.0,0.0
2012-09-18 00:00:00+09:00,1780.4996337890625,1780.4996337890625,1780.4996337890625,1780.4996337890625,100,0.0,0.0
2012-09-19 00:00:00+09:00,1780.4996337890625,1780.4996337890625,1780.4996337890625,1780.4996337890625,100,0.0,0.0
2012-09-20 00:00:00+09:00,1780.4996337890625,1780.4996337890625,1780.4996337890625,1780.4996337890625,100,0.0,0.0
2012-09-21 00:00:00+09:00,1780.4996337890625,1780.4996337890625,1780.4996337890625,1780.4996337890625,100,0.0,0.0
2012-09-24 00:00:00+09:00,1780.4996337890625,1780.4996337890625,1780.4996337890625,1780.4996337890625,100,0.0,0.0
2012-09-25 00:00:00+09:00,1780.4996337890625,1780.4996337890625,1780.4996337890625,1780.4996337890625,100,0.0,0.0
2012-09-26 00:00:00+09:00,1780.4996337890625,1780.4996337890625,1780.4996337890625,1780.4996337890625,100,0.0,0.0
2012-09-27 00:00:00+09:00,1780.4996337890625,1780.4996337890625,1780.4996337890625,1780.4996337890625,100,0.0,0.0
2012-09-28 00:00:00+09:00,1780.4996337890625,1780.4996337890625,1780.4996337890625,1780.4996337890625,100,0.0,0.0
2012-10-01 00:00:00+09:00,1780.4996337890625,1780.4996337890625,1780.4996337890625,1780.4996337890625,100,0.0,0.0
2012-10-02 00:00:00+09:00,1780.4996337890625,1780.4996337890625,1780.4996337890625,1780.4996337890625,100,0.0,0.0
2012-10-03 00:00:00+09:00,1780.4996337890625,1780.4996337890625,1780.4996337890625,1780.4996337890625,100,0.0,0.0
2012-10-04 00:00:00+09:00,1780.4996337890625,1780.4996337890625,1780.4996337890625,1780.4996337890625,100,0.0,0.0
2012-10-05 00:00:00+09:00,1780.4996337890625,1780.4996337890625,1780.4996337890625,1780.4996337890625,100,0.0,0.0
2012-10-09 00:00:00+09:00,1780.4996337890625,1780.4996337890625,1780.4996337890625,1780.4996337890625,100,0.0,0.0
2012-10-10 00:00:00+09:00,1780.4996337890625,1780.4996337890625,1780.4996337890625,1780.4996337890625,100,0.0,0.0
2012-10-11 00:00:00+09:00,1762.69482421875,1762.69482421875,1762.69482421875,1762.69482421875,100,0.0,0.0
2012-10-12 00:00:00+09:00,1762.69482421875,1762.69482421875,1762.69482421875,1762.69482421875,100,0.0,0.0
2012-10-15 00:00:00+09:00,1762.6948576796478,1771.5973569608582,1753.7923583984375,1753.7923583984375,500,0.0,0.0
2012-10-16 00:00:00+09:00,1753.7923583984375,1753.7923583984375,1753.7923583984375,1753.7923583984375,500,0.0,0.0
2012-10-17 00:00:00+09:00,1753.7923583984375,1753.7923583984375,1753.7923583984375,1753.7923583984375,500,0.0,0.0
2012-10-18 00:00:00+09:00,1753.7923583984375,1753.7923583984375,1753.7923583984375,1753.7923583984375,500,0.0,0.0
2012-10-19 00:00:00+09:00,1753.7923583984375,1753.7923583984375,1753.7923583984375,1753.7923583984375,500,0.0,0.0
2012-10-22 00:00:00+09:00,1753.7923583984375,1753.7923583984375,1753.7923583984375,1753.7923583984375,500,0.0,0.0
2012-10-23 00:00:00+09:00,1753.7923583984375,1753.7923583984375,1753.7923583984375,1753.7923583984375,500,0.0,0.0
2012-10-24 00:00:00+09:00,1753.7923583984375,1753.7923583984375,1753.7923583984375,1753.7923583984375,500,0.0,0.0
2012-10-25 00:00:00+09:00,1753.7923583984375,1753.7923583984375,1753.7923583984375,1753.7923583984375,500,0.0,0.0
2012-10-26 00:00:00+09:00,1753.7923583984375,1753.7923583984375,1753.7923583984375,1753.7923583984375,500,0.0,0.0
2012-10-29 00:00:00+09:00,1664.767281045719,1744.8897705078125,1664.767281045719,1744.8897705078125,300,0.0,0.0
2012-10-30 00:00:00+09:00,1744.8897705078125,1744.8897705078125,1744.8897705078125,1744.8897705078125,300,0.0,0.0
2012-10-31 00:00:00+09:00,1744.8897705078125,1744.8897705078125,1744.8897705078125,1744.8897705078125,300,0.0,0.0
2012-11-01 00:00:00+09:00,1744.8897705078125,1744.8897705078125,1744.8897705078125,1744.8897705078125,300,0.0,0.0
2012-11-02 00:00:00+09:00,1744.8897705078125,1744.8897705078125,1744.8897705078125,1744.8897705078125,300,0.0,0.0
2012-11-05 00:00:00+09:00,1744.8897705078125,1744.8897705078125,1744.8897705078125,1744.8897705078125,300,0.0,0.0
2012-11-06 00:00:00+09:00,1744.8897705078125,1744.8897705078125,1744.8897705078125,1744.8897705078125,300,0.0,0.0
2012-11-07 00:00:00+09:00,1744.8897705078125,1744.8897705078125,1744.8897705078125,1744.8897705078125,300,0.0,0.0
2012-11-08 00:00:00+09:00,1744.8897705078125,1744.8897705078125,1744.8897705078125,1744.8897705078125,300,0.0,0.0
2012-11-09 00:00:00+09:00,1744.8897705078125,1744.8897705078125,1744.8897705078125,1744.8897705078125,300,0.0,0.0
2012-11-12 00:00:00+09:00,1744.8897705078125,1744.8897705078125,1744.8897705078125,1744.8897705078125,300,0.0,0.0
2012-11-13 00:00:00+09:00,1744.8897705078125,1744.8897705078125,1744.8897705078125,1744.8897705078125,300,0.0,0.0
2012-11-14 00:00:00+09:00,1744.8897705078125,1744.8897705078125,1744.8897705078125,1744.8897705078125,300,0.0,0.0
2012-11-15 00:00:00+09:00,1735.987271678691,1744.8897705078125,1735.987271678691,1744.8897705078125,300,0.0,0.0
2012-11-16 00:00:00+09:00,1744.8897705078125,1744.8897705078125,1744.8897705078125,1744.8897705078125,300,0.0,0.0
2012-11-19 00:00:00+09:00,1744.8897705078125,1744.8897705078125,1744.8897705078125,1744.8897705078125,300,0.0,0.0
2012-11-20 00:00:00+09:00,1744.8897705078125,1744.8897705078125,1744.8897705078125,1744.8897705078125,300,0.0,0.0
2012-11-21 00:00:00+09:00,1744.8897705078125,1744.8897705078125,1744.8897705078125,1744.8897705078125,300,0.0,0.0
2012-11-22 00:00:00+09:00,1744.8897705078125,1744.8897705078125,1744.8897705078125,1744.8897705078125,300,0.0,0.0
2012-11-26 00:00:00+09:00,1744.8897705078125,1744.8897705078125,1744.8897705078125,1744.8897705078125,300,0.0,0.0
2012-11-27 00:00:00+09:00,1744.8897705078125,1744.8897705078125,1744.8897705078125,1744.8897705078125,300,0.0,0.0
2012-11-28 00:00:00+09:00,1744.8897705078125,1744.8897705078125,1744.8897705078125,1744.8897705078125,300,0.0,0.0
2012-11-29 00:00:00+09:00,1744.8897705078125,1744.8897705078125,1744.8897705078125,1744.8897705078125,300,0.0,0.0
2012-11-30 00:00:00+09:00,1735.9871429443358,1780.4996337890625,1735.9871429443358,1780.4996337890625,1100,0.0,0.0
2012-12-03 00:00:00+09:00,1780.4996337890625,1780.4996337890625,1780.4996337890625,1780.4996337890625,1100,0.0,0.0
2012-12-04 00:00:00+09:00,1780.4996337890625,1780.4996337890625,1780.4996337890625,1780.4996337890625,1100,0.0,0.0
2012-12-05 00:00:00+09:00,1780.4996337890625,1780.4996337890625,1780.4996337890625,1780.4996337890625,1100,0.0,0.0
2012-12-06 00:00:00+09:00,1709.2797751913265,1744.8897705078125,1709.2797751913265,1744.8897705078125,300,0.0,0.0
2012-12-07 00:00:00+09:00,1744.8897705078125,1744.8897705078125,1744.8897705078125,1744.8897705078125,300,0.0,0.0
2012-12-10 00:00:00+09:00,1780.4996337890625,1780.4996337890625,1780.4996337890625,1780.4996337890625,100,0.0,0.0
2012-12-11 00:00:00+09:00,1780.4996337890625,1780.4996337890625,1780.4996337890625,1780.4996337890625,100,0.0,0.0
2012-12-12 00:00:00+09:00,1691.4746829852386,1771.59716796875,1691.4746829852386,1771.59716796875,200,0.0,0.0
2012-12-13 00:00:00+09:00,1771.59716796875,1771.59716796875,1771.59716796875,1771.59716796875,200,0.0,0.0
2012-12-14 00:00:00+09:00,1771.59716796875,1771.59716796875,1771.59716796875,1771.59716796875,200,0.0,0.0
2012-12-17 00:00:00+09:00,1762.69482421875,1762.69482421875,1762.69482421875,1762.69482421875,200,0.0,0.0
2012-12-18 00:00:00+09:00,1762.69482421875,1762.69482421875,1762.69482421875,1762.69482421875,200,0.0,0.0
2012-12-19 00:00:00+09:00,1762.69482421875,1762.69482421875,1762.69482421875,1762.69482421875,200,0.0,0.0
2012-12-20 00:00:00+09:00,1762.69482421875,1762.69482421875,1762.69482421875,1762.69482421875,200,0.0,0.0
2012-12-21 00:00:00+09:00,1718.1823286576705,1762.69482421875,1700.3773304332387,1762.69482421875,800,0.0,0.0
2012-12-25 00:00:00+09:00,1762.69482421875,1762.69482421875,1762.69482421875,1762.69482421875,800,0.0,0.0
2012-12-26 00:00:00+09:00,1762.69482421875,1762.69482421875,1762.69482421875,1762.69482421875,0,0.0,0.0
2012-12-27 00:00:00+09:00,1762.69482421875,1762.69482421875,1762.69482421875,1762.69482421875,800,0.0,0.0
2012-12-28 00:00:00+09:00,1762.69482421875,1762.69482421875,1762.69482421875,1762.69482421875,100,0.0,0.0
2013-01-04 00:00:00+09:00,1762.69482421875,1762.69482421875,1762.69482421875,1762.69482421875,100,0.0,0.0
2013-01-07 00:00:00+09:00,1762.69482421875,1762.69482421875,1762.69482421875,1762.69482421875,100,0.0,0.0
2013-01-08 00:00:00+09:00,1780.4996337890625,1780.4996337890625,1780.4996337890625,1780.4996337890625,100,0.0,0.0
2013-01-09 00:00:00+09:00,1780.4996337890625,1780.4996337890625,1780.4996337890625,1780.4996337890625,100,0.0,0.0
2013-01-10 00:00:00+09:00,1780.4996337890625,1780.4996337890625,1780.4996337890625,1780.4996337890625,100,0.0,0.0
2013-01-11 00:00:00+09:00,1780.4996337890625,1780.4996337890625,1780.4996337890625,1780.4996337890625,100,0.0,0.0
2013-01-15 00:00:00+09:00,1780.4996337890625,1780.4996337890625,1780.4996337890625,1780.4996337890625,100,0.0,0.0
2013-01-16 00:00:00+09:00,1780.4996337890625,1780.4996337890625,1780.4996337890625,1780.4996337890625,100,0.0,0.0
2013-01-17 00:00:00+09:00,1780.4996337890625,1780.4996337890625,1780.4996337890625,1780.4996337890625,100,0.0,0.0
2013-01-18 00:00:00+09:00,1780.4996337890625,1780.4996337890625,1780.4996337890625,1780.4996337890625,100,0.0,0.0
2013-01-21 00:00:00+09:00,1780.4996337890625,1780.4996337890625,1780.4996337890625,1780.4996337890625,100,0.0,0.0
2013-01-22 00:00:00+09:00,1780.4996337890625,1780.4996337890625,1780.4996337890625,1780.4996337890625,100,0.0,0.0
2013-01-23 00:00:00+09:00,1780.4996337890625,1780.4996337890625,1780.4996337890625,1780.4996337890625,100,0.0,0.0
2013-01-24 00:00:00+09:00,1780.4996337890625,1780.4996337890625,1780.4996337890625,1780.4996337890625,100,0.0,0.0
2013-01-25 00:00:00+09:00,1780.4996337890625,1780.4996337890625,1780.4996337890625,1780.4996337890625,100,0.0,0.0
2013-01-28 00:00:00+09:00,1780.4996337890625,1780.4996337890625,1780.4996337890625,1780.4996337890625,100,0.0,0.0
2013-01-29 00:00:00+09:00,1780.4996337890625,1780.4996337890625,1780.4996337890625,1780.4996337890625,100,0.0,0.0
2013-01-30 00:00:00+09:00,1780.4996337890625,1780.4996337890625,1780.4996337890625,1780.4996337890625,100,0.0,0.0
2013-01-31 00:00:00+09:00,1780.4996337890625,1780.4996337890625,1780.4996337890625,1780.4996337890625,100,0.0,0.0
2013-02-01 00:00:00+09:00,1780.4996337890625,1780.4996337890625,1780.4996337890625,1780.4996337890625,100,0.0,0.0
2013-02-04 00:00:00+09:00,1780.4996337890625,1780.4996337890625,1780.4996337890625,1780.4996337890625,100,0.0,0.0
2013-02-05 00:00:00+09:00,1718.1821466064453,1780.4996337890625,1718.1821466064453,1780.4996337890625,400,0.0,0.0
2013-02-06 00:00:00+09:00,1780.4996337890625,1780.4996337890625,1780.4996337890625,1780.4996337890625,400,0.0,0.0
2013-02-07 00:00:00+09:00,1780.4996337890625,1780.4996337890625,1780.4996337890625,1780.4996337890625,400,0.0,0.0
2013-02-08 00:00:00+09:00,1780.4996337890625,1780.4996337890625,1780.4996337890625,1780.4996337890625,400,0.0,0.0
2013-02-12 00:00:00+09:00,1744.8896411132812,1780.4996337890625,1744.8896411132812,1780.4996337890625,200,0.0,0.0
2013-02-13 00:00:00+09:00,1780.4996337890625,1780.4996337890625,1780.4996337890625,1780.4996337890625,200,0.0,0.0
2013-02-14 00:00:00+09:00,1780.4996337890625,1780.4996337890625,1780.4996337890625,1780.4996337890625,200,0.0,0.0
2013-02-15 00:00:00+09:00,1780.4996337890625,1780.4996337890625,1780.4996337890625,1780.4996337890625,200,0.0,0.0
2013-02-18 00:00:00+09:00,1780.4996337890625,1780.4996337890625,1780.4996337890625,1780.4996337890625,200,0.0,0.0
2013-02-19 00:00:00+09:00,1780.4996337890625,1780.4996337890625,1780.4996337890625,1780.4996337890625,200,0.0,0.0
2013-02-20 00:00:00+09:00,1780.4996337890625,1780.4996337890625,1780.4996337890625,1780.4996337890625,200,0.0,0.0
2013-02-21 00:00:00+09:00,1780.4996337890625,1780.4996337890625,1780.4996337890625,1780.4996337890625,200,0.0,0.0
2013-02-22 00:00:00+09:00,1780.4996337890625,1780.4996337890625,1780.4996337890625,1780.4996337890625,200,0.0,0.0
2013-02-25 00:00:00+09:00,1727.0848605548065,1762.6948576796478,1709.2798619923858,1753.7923583984375,800,0.0,0.0
2013-02-26 00:00:00+09:00,1753.7923583984375,1753.7923583984375,1753.7923583984375,1753.7923583984375,800,0.0,0.0
2013-02-27 00:00:00+09:00,1753.7923583984375,1753.7923583984375,1753.7923583984375,1753.7923583984375,800,0.0,0.0
2013-02-28 00:00:00+09:00,1753.7923583984375,1753.7923583984375,1753.7923583984375,1753.7923583984375,800,0.0,0.0
2013-03-01 00:00:00+09:00,1753.7923583984375,1753.7923583984375,1753.7923583984375,1753.7923583984375,800,0.0,0.0
2013-03-04 00:00:00+09:00,1709.2797197164948,1727.084716796875,1709.2797197164948,1727.084716796875,300,0.0,0.0
2013-03-05 00:00:00+09:00,1682.5722240959246,1727.084716796875,1682.5722240959246,1727.084716796875,400,0.0,0.0
2013-03-06 00:00:00+09:00,1727.084716796875,1727.084716796875,1727.084716796875,1727.084716796875,400,0.0,0.0
2013-03-07 00:00:00+09:00,1727.084716796875,1727.084716796875,1727.084716796875,1727.084716796875,400,0.0,0.0
2013-03-08 00:00:00+09:00,1771.5972094978254,1771.5972094978254,1727.084716796875,1727.084716796875,200,0.0,0.0
2013-03-11 00:00:00+09:00,1691.4748750202396,1718.182373046875,1691.4748750202396,1718.182373046875,400,0.0,0.0
2013-03-12 00:00:00+09:00,1646.962357370477,1691.474853515625,1646.962357370477,1691.474853515625,500,0.0,0.0
2013-03-13 00:00:00+09:00,1691.474853515625,1691.474853515625,1691.474853515625,1691.474853515625,500,0.0,0.0
2013-03-14 00:00:00+09:00,1691.474853515625,1691.474853515625,1691.474853515625,1691.474853515625,500,0.0,0.0
2013-03-15 00:00:00+09:00,1691.474853515625,1691.474853515625,1691.474853515625,1691.474853515625,500,0.0,0.0
2013-03-18 00:00:00+09:00,1691.474853515625,1691.474853515625,1691.474853515625,1691.474853515625,100,0.0,0.0
2013-03-19 00:00:00+09:00,1646.9622705853176,1682.572265625,1646.9622705853176,1682.572265625,1100,0.0,0.0
2013-03-21 00:00:00+09:00,1655.8648565995068,1691.474853515625,1646.962357370477,1691.474853515625,800,0.0,0.0
2013-03-22 00:00:00+09:00,1646.9623029992936,1691.4747976749502,1602.449808323637,1673.6697998046875,1000,0.0,0.0
2013-03-25 00:00:00+09:00,1655.8648019344248,1682.5722987398187,1638.0598040641623,1673.6697998046875,600,0.0,0.0
2013-03-26 00:00:00+09:00,1638.0597718253969,1682.572265625,1584.644779265873,1682.572265625,1400,0.0,0.0
2013-03-27 00:00:00+09:00,1646.962158203125,1646.962158203125,1620.254663745777,1646.962158203125,600,0.0,0.0
2013-03-28 00:00:00+09:00,1620.2546008104946,1664.76708984375,1620.2546008104946,1664.76708984375,500,0.0,0.0
2013-03-29 00:00:00+09:00,1664.76708984375,1664.76708984375,1664.76708984375,1664.76708984375,100,0.0,0.0
2013-04-01 00:00:00+09:00,1664.76708984375,1664.76708984375,1664.76708984375,1664.76708984375,100,0.0,0.0
2013-04-02 00:00:00+09:00,1664.76708984375,1664.76708984375,1664.76708984375,1664.76708984375,100,0.0,0.0
2013-04-03 00:00:00+09:00,1664.76708984375,1664.76708984375,1664.76708984375,1664.76708984375,100,0.0,0.0
2013-04-04 00:00:00+09:00,1664.76708984375,1664.76708984375,1664.76708984375,1664.76708984375,100,0.0,0.0
2013-04-05 00:00:00+09:00,1638.0595964237968,1664.76708984375,1638.0595964237968,1664.76708984375,200,0.0,0.0
2013-04-08 00:00:00+09:00,1646.962094230448,1664.76708984375,1646.962094230448,1664.76708984375,400,0.0,0.0
2013-04-09 00:00:00+09:00,1664.76708984375,1664.76708984375,1664.76708984375,1664.76708984375,400,0.0,0.0
2013-04-10 00:00:00+09:00,1664.76708984375,1664.76708984375,1664.76708984375,1664.76708984375,400,0.0,0.0
2013-04-11 00:00:00+09:00,1620.254663745777,1646.962158203125,1620.254663745777,1646.962158203125,600,0.0,0.0
2013-04-12 00:00:00+09:00,1646.962158203125,1646.962158203125,1646.962158203125,1646.962158203125,600,0.0,0.0
2013-04-15 00:00:00+09:00,1646.962158203125,1646.962158203125,1611.3521655933278,1646.962158203125,500,0.0,0.0
2013-04-16 00:00:00+09:00,1646.962158203125,1646.962158203125,1646.962158203125,1646.962158203125,500,0.0,0.0
2013-04-17 00:00:00+09:00,1646.962158203125,1646.962158203125,1646.962158203125,1646.962158203125,500,0.0,0.0
2013-04-18 00:00:00+09:00,1620.254663745777,1664.7671545080236,1540.132180373733,1646.962158203125,1200,0.0,0.0
2013-04-19 00:00:00+09:00,1646.962158203125,1646.962158203125,1646.962158203125,1646.962158203125,1200,0.0,0.0
2013-04-22 00:00:00+09:00,1646.962158203125,1646.962158203125,1646.962158203125,1646.962158203125,1200,0.0,0.0
2013-04-23 00:00:00+09:00,1646.962158203125,1646.962158203125,1646.962158203125,1646.962158203125,1200,0.0,0.0
2013-04-24 00:00:00+09:00,1611.3521655933278,1646.962158203125,1611.3521655933278,1646.962158203125,200,0.0,0.0
2013-04-25 00:00:00+09:00,1646.962158203125,1646.962158203125,1646.962158203125,1646.962158203125,200,0.0,0.0
2013-04-26 00:00:00+09:00,1646.962158203125,1646.962158203125,1646.962158203125,1646.962158203125,100,0.0,0.0
2013-04-30 00:00:00+09:00,1646.962158203125,1646.962158203125,1646.962158203125,1646.962158203125,100,0.0,0.0
2013-05-01 00:00:00+09:00,1646.962158203125,1646.962158203125,1646.962158203125,1646.962158203125,100,0.0,0.0
2013-05-02 00:00:00+09:00,1646.962158203125,1646.962158203125,1646.962158203125,1646.962158203125,100,0.0,0.0
2013-05-07 00:00:00+09:00,1646.962158203125,1646.962158203125,1646.962158203125,1646.962158203125,100,0.0,0.0
2013-05-08 00:00:00+09:00,1646.962158203125,1646.962158203125,1646.962158203125,1646.962158203125,100,0.0,0.0
2013-05-09 00:00:00+09:00,1646.962158203125,1646.962158203125,1646.962158203125,1646.962158203125,100,0.0,0.0
2013-05-10 00:00:00+09:00,1620.2546455297577,1620.2546455297577,1557.9371591632287,1584.6446533203125,1300,0.0,0.0
2013-05-13 00:00:00+09:00,1575.7424105940192,1575.7424105940192,1549.034912109375,1549.034912109375,1500,0.0,0.0
2013-05-14 00:00:00+09:00,1549.034912109375,1549.034912109375,1549.034912109375,1549.034912109375,1500,0.0,0.0
2013-05-15 00:00:00+09:00,1549.034912109375,1549.034912109375,1549.034912109375,1549.034912109375,200,0.0,0.0
2013-05-16 00:00:00+09:00,1549.034912109375,1549.034912109375,1549.034912109375,1549.034912109375,100,0.0,0.0
2013-05-17 00:00:00+09:00,1549.034912109375,1549.034912109375,1549.034912109375,1549.034912109375,100,0.0,0.0
2013-05-20 00:00:00+09:00,1540.13232421875,1540.13232421875,1540.13232421875,1540.13232421875,200,0.0,0.0
2013-05-21 00:00:00+09:00,1620.254638671875,1620.254638671875,1620.254638671875,1620.254638671875,400,0.0,0.0
2013-05-22 00:00:00+09:00,1611.35205078125,1611.35205078125,1611.35205078125,1611.35205078125,100,0.0,0.0
2013-05-23 00:00:00+09:00,1611.3522137728605,1611.3522137728605,1540.1322264237838,1566.8397216796875,1100,0.0,0.0
2013-05-24 00:00:00+09:00,1566.8397216796875,1566.8397216796875,1566.8397216796875,1566.8397216796875,1100,0.0,0.0
2013-05-27 00:00:00+09:00,1566.8397216796875,1566.8397216796875,1566.8397216796875,1566.8397216796875,1100,0.0,0.0
2013-05-28 00:00:00+09:00,1566.8397216796875,1566.8397216796875,1566.8397216796875,1566.8397216796875,1100,0.0,0.0
2013-05-29 00:00:00+09:00,1566.8397216796875,1566.8397216796875,1566.8397216796875,1566.8397216796875,100,0.0,0.0
2013-05-30 00:00:00+09:00,1566.8397216796875,1566.8397216796875,1566.8397216796875,1566.8397216796875,100,0.0,0.0
2013-05-31 00:00:00+09:00,1566.8395631906076,1611.35205078125,1566.8395631906076,1611.35205078125,600,0.0,0.0
2013-06-03 00:00:00+09:00,1611.35205078125,1611.35205078125,1611.35205078125,1611.35205078125,600,0.0,0.0
2013-06-04 00:00:00+09:00,1611.35205078125,1611.35205078125,1611.35205078125,1611.35205078125,600,0.0,0.0
2013-06-05 00:00:00+09:00,1611.35205078125,1611.35205078125,1611.35205078125,1611.35205078125,0,0.0,0.0
2013-06-06 00:00:00+09:00,1611.35205078125,1611.35205078125,1611.35205078125,1611.35205078125,600,0.0,0.0
2013-06-07 00:00:00+09:00,1611.35205078125,1611.35205078125,1611.35205078125,1611.35205078125,600,0.0,0.0
2013-06-10 00:00:00+09:00,1611.35205078125,1611.35205078125,1611.35205078125,1611.35205078125,100,0.0,0.0
2013-06-11 00:00:00+09:00,1566.8395941840276,1602.4495849609375,1566.8395941840276,1602.4495849609375,800,0.0,0.0
2013-06-12 00:00:00+09:00,1602.4495849609375,1602.4495849609375,1602.4495849609375,1602.4495849609375,800,0.0,0.0
2013-06-13 00:00:00+09:00,1602.4495849609375,1602.4495849609375,1602.4495849609375,1602.4495849609375,800,0.0,0.0
2013-06-14 00:00:00+09:00,1602.4495849609375,1602.4495849609375,1602.4495849609375,1602.4495849609375,800,0.0,0.0
2013-06-17 00:00:00+09:00,1602.4495849609375,1602.4495849609375,1602.4495849609375,1602.4495849609375,200,0.0,0.0
2013-06-18 00:00:00+09:00,1602.4495849609375,1602.4495849609375,1602.4495849609375,1602.4495849609375,200,0.0,0.0
2013-06-19 00:00:00+09:00,1566.8397216796875,1566.8397216796875,1566.8397216796875,1566.8397216796875,400,0.0,0.0
2013-06-20 00:00:00+09:00,1566.8397216796875,1566.8397216796875,1566.8397216796875,1566.8397216796875,400,0.0,0.0
2013-06-21 00:00:00+09:00,1566.8397216796875,1566.8397216796875,1566.8397216796875,1566.8397216796875,400,0.0,0.0
2013-06-24 00:00:00+09:00,1566.8397216796875,1566.8397216796875,1566.8397216796875,1566.8397216796875,400,0.0,0.0
2013-06-25 00:00:00+09:00,1566.8397216796875,1566.8397216796875,1566.8397216796875,1566.8397216796875,400,0.0,0.0
2013-06-26 00:00:00+09:00,1531.229603407118,1602.4495849609375,1531.229603407118,1602.4495849609375,200,0.0,0.0
2013-06-27 00:00:00+09:00,1602.4495849609375,1602.4495849609375,1602.4495849609375,1602.4495849609375,200,0.0,0.0
2013-06-28 00:00:00+09:00,1602.4495849609375,1602.4495849609375,1602.4495849609375,1602.4495849609375,100,0.0,0.0
2013-07-01 00:00:00+09:00,1602.4495849609375,1602.4495849609375,1602.4495849609375,1602.4495849609375,100,0.0,0.0
2013-07-02 00:00:00+09:00,1602.4495849609375,1602.4495849609375,1602.4495849609375,1602.4495849609375,100,0.0,0.0
2013-07-03 00:00:00+09:00,1602.4495849609375,1602.4495849609375,1602.4495849609375,1602.4495849609375,100,0.0,0.0
2013-07-04 00:00:00+09:00,1602.4495849609375,1602.4495849609375,1602.4495849609375,1602.4495849609375,100,0.0,0.0
2013-07-05 00:00:00+09:00,1602.4495849609375,1602.4495849609375,1602.4495849609375,1602.4495849609375,100,0.0,0.0
2013-07-08 00:00:00+09:00,1602.4495849609375,1602.4495849609375,1602.4495849609375,1602.4495849609375,100,0.0,0.0
2013-07-09 00:00:00+09:00,1602.4495849609375,1602.4495849609375,1602.4495849609375,1602.4495849609375,100,0.0,0.0
2013-07-10 00:00:00+09:00,1602.4495849609375,1602.4495849609375,1602.4495849609375,1602.4495849609375,100,0.0,0.0
2013-07-11 00:00:00+09:00,1602.4495849609375,1602.4495849609375,1602.4495849609375,1602.4495849609375,100,0.0,0.0
2013-07-12 00:00:00+09:00,1602.4495849609375,1602.4495849609375,1602.4495849609375,1602.4495849609375,0,0.0,0.0
2013-07-16 00:00:00+09:00,1602.449862517458,1602.449862517458,1593.54736328125,1593.54736328125,600,0.0,0.0
2013-07-17 00:00:00+09:00,1593.54736328125,1593.54736328125,1593.54736328125,1593.54736328125,0,0.0,0.0
2013-07-18 00:00:00+09:00,1593.54736328125,1593.54736328125,1593.54736328125,1593.54736328125,0,0.0,0.0
2013-07-19 00:00:00+09:00,1593.54736328125,1593.54736328125,1593.54736328125,1593.54736328125,0,0.0,0.0
2013-07-22 00:00:00+09:00,1593.54736328125,1593.54736328125,1593.54736328125,1593.54736328125,0,0.0,0.0
2013-07-23 00:00:00+09:00,1593.54736328125,1593.54736328125,1593.54736328125,1593.54736328125,0,0.0,0.0
2013-07-24 00:00:00+09:00,1593.54736328125,1593.54736328125,1593.54736328125,1593.54736328125,100,0.0,0.0
2013-07-25 00:00:00+09:00,1602.4495849609375,1602.4495849609375,1602.4495849609375,1602.4495849609375,800,0.0,0.0
2013-07-26 00:00:00+09:00,1602.4495849609375,1602.4495849609375,1602.4495849609375,1602.4495849609375,0,0.0,0.0
2013-07-29 00:00:00+09:00,1557.9373779296875,1557.9373779296875,1557.9373779296875,1557.9373779296875,500,0.0,0.0
2013-07-30 00:00:00+09:00,1557.9373779296875,1557.9373779296875,1557.9373779296875,1557.9373779296875,0,0.0,0.0
2013-07-31 00:00:00+09:00,1557.9373779296875,1557.9373779296875,1557.9373779296875,1557.9373779296875,0,0.0,0.0
2013-08-01 00:00:00+09:00,1557.9373779296875,1557.9373779296875,1557.9373779296875,1557.9373779296875,0,0.0,0.0
2013-08-02 00:00:00+09:00,1557.9373779296875,1557.9373779296875,1557.9373779296875,1557.9373779296875,0,0.0,0.0
2013-08-05 00:00:00+09:00,1557.9373779296875,1557.9373779296875,1557.9373779296875,1557.9373779296875,0,0.0,0.0
2013-08-06 00:00:00+09:00,1557.9373779296875,1557.9373779296875,1557.9373779296875,1557.9373779296875,0,0.0,0.0
2013-08-07 00:00:00+09:00,1557.9373779296875,1557.9373779296875,1557.9373779296875,1557.9373779296875,0,0.0,0.0
2013-08-08 00:00:00+09:00,1557.9373779296875,1557.9373779296875,1557.9373779296875,1557.9373779296875,100,0.0,0.0
2013-08-09 00:00:00+09:00,1557.9373779296875,1557.9373779296875,1557.9373779296875,1557.9373779296875,0,0.0,0.0
2013-08-12 00:00:00+09:00,1557.9373779296875,1557.9373779296875,1557.9373779296875,1557.9373779296875,0,0.0,0.0
2013-08-13 00:00:00+09:00,1557.9373779296875,1557.9373779296875,1557.9373779296875,1557.9373779296875,0,0.0,0.0
2013-08-14 00:00:00+09:00,1575.7421875,1575.7421875,1575.7421875,1575.7421875,100,0.0,0.0
2013-08-15 00:00:00+09:00,1575.7422200983222,1575.7422200983222,1566.8397216796875,1566.8397216796875,200,0.0,0.0
2013-08-16 00:00:00+09:00,1566.8397216796875,1566.8397216796875,1566.8397216796875,1566.8397216796875,0,0.0,0.0
2013-08-19 00:00:00+09:00,1566.8397216796875,1566.8397216796875,1566.8397216796875,1566.8397216796875,0,0.0,0.0
2013-08-20 00:00:00+09:00,1566.8397216796875,1566.8397216796875,1566.8397216796875,1566.8397216796875,0,0.0,0.0
2013-08-21 00:00:00+09:00,1602.4495849609375,1602.4495849609375,1602.4495849609375,1602.4495849609375,100,0.0,0.0
2013-08-22 00:00:00+09:00,1602.4495849609375,1602.4495849609375,1602.4495849609375,1602.4495849609375,0,0.0,0.0
2013-08-23 00:00:00+09:00,1602.4495849609375,1602.4495849609375,1602.4495849609375,1602.4495849609375,0,0.0,0.0
2013-08-26 00:00:00+09:00,1602.4495849609375,1602.4495849609375,1602.4495849609375,1602.4495849609375,0,0.0,0.0
2013-08-27 00:00:00+09:00,1602.4495849609375,1602.4495849609375,1602.4495849609375,1602.4495849609375,0,0.0,0.0
2013-08-28 00:00:00+09:00,1602.4495849609375,1602.4495849609375,1602.4495849609375,1602.4495849609375,0,0.0,0.0
2013-08-29 00:00:00+09:00,1602.4495849609375,1602.4495849609375,1602.4495849609375,1602.4495849609375,0,0.0,0.0
2013-08-30 00:00:00+09:00,1593.54736328125,1593.54736328125,1593.54736328125,1593.54736328125,100,0.0,0.0
2013-09-02 00:00:00+09:00,1593.54736328125,1593.54736328125,1593.54736328125,1593.54736328125,0,0.0,0.0
2013-09-03 00:00:00+09:00,1593.54736328125,1593.54736328125,1593.54736328125,1593.54736328125,0,0.0,0.0
2013-09-04 00:00:00+09:00,1593.54736328125,1593.54736328125,1593.54736328125,1593.54736328125,0,0.0,0.0
2013-09-05 00:00:00+09:00,1593.54736328125,1593.54736328125,1593.54736328125,1593.54736328125,0,0.0,0.0
2013-09-06 00:00:00+09:00,1593.54736328125,1593.54736328125,1593.54736328125,1593.54736328125,0,0.0,0.0
2013-09-09 00:00:00+09:00,1629.1571044921875,1629.1571044921875,1629.1571044921875,1629.1571044921875,100,0.0,0.0
2013-09-10 00:00:00+09:00,1629.1571044921875,1629.1571044921875,1629.1571044921875,1629.1571044921875,0,0.0,0.0
2013-09-11 00:00:00+09:00,1629.1571044921875,1629.1571044921875,1629.1571044921875,1629.1571044921875,0,0.0,0.0
2013-09-12 00:00:00+09:00,1540.13232421875,1540.13232421875,1460.0098333634394,1540.13232421875,1600,0.0,0.0
2013-09-13 00:00:00+09:00,1495.6196678489264,1495.6196678489264,1451.107177734375,1451.107177734375,1400,0.0,0.0
2013-09-17 00:00:00+09:00,1513.4246638947468,1513.4246638947468,1451.107177734375,1451.107177734375,1000,0.0,0.0
2013-09-18 00:00:00+09:00,1451.107177734375,1451.107177734375,1451.107177734375,1451.107177734375,100,0.0,0.0
2013-09-19 00:00:00+09:00,1451.107177734375,1451.107177734375,1451.107177734375,1451.107177734375,0,0.0,0.0
2013-09-20 00:00:00+09:00,1477.8146123471467,1477.8146123471467,1433.3021240234375,1433.3021240234375,700,0.0,0.0
2013-09-24 00:00:00+09:00,1424.399567610063,1424.399567610063,1415.4970703125,1415.4970703125,600,0.0,0.0
2013-09-25 00:00:00+09:00,1424.3998579545455,1468.912353515625,1424.3998579545455,1468.912353515625,600,0.0,0.0
2013-09-26 00:00:00+09:00,1468.912353515625,1468.912353515625,1468.912353515625,1468.912353515625,0,0.0,0.0
2013-09-27 00:00:00+09:00,1433.3021816885544,1451.107177734375,1424.399683665644,1451.107177734375,400,0.0,0.0
2013-09-30 00:00:00+09:00,1451.107177734375,1451.107177734375,1451.107177734375,1451.107177734375,100,0.0,0.0
2013-10-01 00:00:00+09:00,1442.2045303344726,1442.2045303344726,1424.3995361328125,1424.3995361328125,400,0.0,0.0
2013-10-02 00:00:00+09:00,1424.3995361328125,1424.3995361328125,1424.3995361328125,1424.3995361328125,0,0.0,0.0
2013-10-03 00:00:00+09:00,1424.3995361328125,1424.3995361328125,1424.3995361328125,1424.3995361328125,100,0.0,0.0
2013-10-04 00:00:00+09:00,1424.3995361328125,1424.3995361328125,1424.3995361328125,1424.3995361328125,0,0.0,0.0
2013-10-07 00:00:00+09:00,1424.3995361328125,1424.3995361328125,1424.3995361328125,1424.3995361328125,300,0.0,0.0
2013-10-08 00:00:00+09:00,1442.20458984375,1442.20458984375,1442.20458984375,1442.20458984375,100,0.0,0.0
2013-10-09 00:00:00+09:00,1442.20458984375,1442.20458984375,1442.20458984375,1442.20458984375,0,0.0,0.0
2013-10-10 00:00:00+09:00,1451.1073552911932,1468.912353515625,1451.1073552911932,1468.912353515625,500,0.0,0.0
2013-10-11 00:00:00+09:00,1451.1070274353026,1451.1070274353026,1397.6920448303222,1424.3995361328125,900,0.0,0.0
2013-10-15 00:00:00+09:00,1424.3995361328125,1424.3995361328125,1424.3995361328125,1424.3995361328125,0,0.0,0.0
2013-10-16 00:00:00+09:00,1424.3995361328125,1424.3995361328125,1424.3995361328125,1424.3995361328125,0,0.0,0.0
2013-10-17 00:00:00+09:00,1424.3995361328125,1424.3995361328125,1424.3995361328125,1424.3995361328125,0,0.0,0.0
2013-10-18 00:00:00+09:00,1433.3021240234375,1433.3021240234375,1433.3021240234375,1433.3021240234375,100,0.0,0.0
2013-10-21 00:00:00+09:00,1433.3021240234375,1433.3021240234375,1433.3021240234375,1433.3021240234375,0,0.0,0.0
2013-10-22 00:00:00+09:00,1433.3021240234375,1433.3021240234375,1433.3021240234375,1433.3021240234375,0,0.0,0.0
2013-10-23 00:00:00+09:00,1442.20458984375,1442.20458984375,1442.20458984375,1442.20458984375,300,0.0,0.0
2013-10-24 00:00:00+09:00,1442.20458984375,1442.20458984375,1442.20458984375,1442.20458984375,0,0.0,0.0
2013-10-25 00:00:00+09:00,1442.20458984375,1442.20458984375,1442.20458984375,1442.20458984375,0,0.0,0.0
2013-10-28 00:00:00+09:00,1442.20458984375,1442.20458984375,1442.20458984375,1442.20458984375,0,0.0,0.0
2013-10-29 00:00:00+09:00,1442.20458984375,1442.20458984375,1442.20458984375,1442.20458984375,0,0.0,0.0
2013-10-30 00:00:00+09:00,1442.20458984375,1442.20458984375,1442.20458984375,1442.20458984375,100,0.0,0.0
2013-10-31 00:00:00+09:00,1424.399567610063,1424.399567610063,1415.4970703125,1415.4970703125,700,0.0,0.0
2013-11-01 00:00:00+09:00,1460.009765625,1460.009765625,1460.009765625,1460.009765625,100,0.0,0.0
2013-11-05 00:00:00+09:00,1424.3997896634617,1424.3997896634617,1388.789794921875,1388.789794921875,600,0.0,0.0
2013-11-06 00:00:00+09:00,1379.8871166675121,1379.8871166675121,1370.984619140625,1370.984619140625,500,0.0,0.0
2013-11-07 00:00:00+09:00,1370.984619140625,1370.984619140625,1370.984619140625,1370.984619140625,0,0.0,0.0
2013-11-08 00:00:00+09:00,1370.984619140625,1370.984619140625,1370.984619140625,1370.984619140625,0,0.0,0.0
2013-11-11 00:00:00+09:00,1370.984619140625,1370.984619140625,1370.984619140625,1370.984619140625,0,0.0,0.0
2013-11-12 00:00:00+09:00,1370.984619140625,1370.984619140625,1370.984619140625,1370.984619140625,0,0.0,0.0
2013-11-13 00:00:00+09:00,1370.984619140625,1370.984619140625,1370.984619140625,1370.984619140625,0,0.0,0.0
2013-11-14 00:00:00+09:00,1370.984619140625,1370.984619140625,1370.984619140625,1370.984619140625,0,0.0,0.0
2013-11-15 00:00:00+09:00,1406.5945769279233,1406.5945769279233,1379.8870849609375,1379.8870849609375,200,0.0,0.0
2013-11-18 00:00:00+09:00,1379.8870849609375,1379.8870849609375,1379.8870849609375,1379.8870849609375,0,0.0,0.0
2013-11-19 00:00:00+09:00,1379.8870849609375,1379.8870849609375,1379.8870849609375,1379.8870849609375,0,0.0,0.0
2013-11-20 00:00:00+09:00,1397.6922607421875,1397.6922607421875,1397.6922607421875,1397.6922607421875,100,0.0,0.0
2013-11-21 00:00:00+09:00,1397.6922607421875,1397.6922607421875,1397.6922607421875,1397.6922607421875,0,0.0,0.0
2013-11-22 00:00:00+09:00,1397.6922607421875,1397.6922607421875,1397.6922607421875,1397.6922607421875,0,0.0,0.0
2013-11-25 00:00:00+09:00,1379.8870849609375,1379.8870849609375,1379.8870849609375,1379.8870849609375,400,0.0,0.0
2013-11-26 00:00:00+09:00,1379.8870849609375,1379.8870849609375,1379.8870849609375,1379.8870849609375,0,0.0,0.0
2013-11-27 00:00:00+09:00,1379.8870849609375,1379.8870849609375,1379.8870849609375,1379.8870849609375,0,0.0,0.0
2013-11-28 00:00:00+09:00,1379.8870849609375,1379.8870849609375,1379.8870849609375,1379.8870849609375,0,0.0,0.0
2013-11-29 00:00:00+09:00,1379.8871166675121,1379.8871166675121,1370.984619140625,1370.984619140625,200,0.0,0.0
2013-12-02 00:00:00+09:00,1379.8870849609375,1406.5945769279233,1379.8870849609375,1379.8870849609375,400,0.0,0.0
2013-12-03 00:00:00+09:00,1379.8870849609375,1379.8870849609375,1379.8870849609375,1379.8870849609375,200,0.0,0.0
2013-12-04 00:00:00+09:00,1370.984619140625,1370.984619140625,1370.984619140625,1370.984619140625,200,0.0,0.0
2013-12-05 00:00:00+09:00,1370.984619140625,1370.984619140625,1370.984619140625,1370.984619140625,0,0.0,0.0
2013-12-06 00:00:00+09:00,1379.8870849609375,1379.8870849609375,1379.8870849609375,1379.8870849609375,100,0.0,0.0
2013-12-09 00:00:00+09:00,1415.4970703125,1415.4970703125,1415.4970703125,1415.4970703125,100,0.0,0.0
2013-12-10 00:00:00+09:00,1406.5946044921875,1406.5946044921875,1406.5946044921875,1406.5946044921875,100,0.0,0.0
2013-12-11 00:00:00+09:00,1406.5946044921875,1406.5946044921875,1406.5946044921875,1406.5946044921875,0,0.0,0.0
2013-12-12 00:00:00+09:00,1406.5946044921875,1406.5946044921875,1406.5946044921875,1406.5946044921875,0,0.0,0.0
2013-12-13 00:00:00+09:00,1397.6922607421875,1397.6922607421875,1397.6922607421875,1397.6922607421875,100,0.0,0.0
2013-12-16 00:00:00+09:00,1397.6922607421875,1406.5947592182524,1397.6922607421875,1397.6922607421875,600,0.0,0.0
2013-12-17 00:00:00+09:00,1397.6922607421875,1397.6922607421875,1397.6922607421875,1397.6922607421875,0,0.0,0.0
2013-12-18 00:00:00+09:00,1433.3022883488582,1433.3022883488582,1388.789794921875,1388.789794921875,200,0.0,0.0
2013-12-19 00:00:00+09:00,1388.789794921875,1388.789794921875,1388.789794921875,1388.789794921875,0,0.0,0.0
2013-12-20 00:00:00+09:00,1362.0821533203125,1362.0821533203125,1362.0821533203125,1362.0821533203125,300,0.0,0.0
2013-12-24 00:00:00+09:00,1362.0821533203125,1362.0821533203125,1362.0821533203125,1362.0821533203125,0,0.0,0.0
2013-12-25 00:00:00+09:00,1362.0821533203125,1362.0821533203125,1362.0821533203125,1362.0821533203125,0,0.0,0.0
2013-12-26 00:00:00+09:00,1362.0821533203125,1362.0821533203125,1362.0821533203125,1362.0821533203125,0,0.0,0.0
2013-12-27 00:00:00+09:00,1370.984619140625,1370.984619140625,1370.984619140625,1370.984619140625,200,0.0,0.0
2013-12-30 00:00:00+09:00,1370.984619140625,1370.984619140625,1370.984619140625,1370.984619140625,0,0.0,0.0
2014-01-06 00:00:00+09:00,1370.984619140625,1370.984619140625,1370.984619140625,1370.984619140625,0,0.0,0.0
2014-01-07 00:00:00+09:00,1370.984619140625,1370.984619140625,1370.984619140625,1370.984619140625,200,0.0,0.0
2014-01-08 00:00:00+09:00,1353.1795929939515,1379.8870849609375,1344.2770956716229,1379.8870849609375,1000,0.0,0.0
2014-01-09 00:00:00+09:00,1379.8870849609375,1379.8870849609375,1379.8870849609375,1379.8870849609375,200,0.0,0.0
2014-01-10 00:00:00+09:00,1379.8870849609375,1379.8870849609375,1379.8870849609375,1379.8870849609375,0,0.0,0.0
2014-01-14 00:00:00+09:00,1370.984619140625,1370.984619140625,1370.984619140625,1370.984619140625,100,0.0,0.0
2014-01-15 00:00:00+09:00,1415.4970703125,1424.399567610063,1415.4970703125,1415.4970703125,800,0.0,0.0
2014-01-16 00:00:00+09:00,1433.3021240234375,1433.3021240234375,1433.3021240234375,1433.3021240234375,300,0.0,0.0
2014-01-17 00:00:00+09:00,1433.3020332336425,1433.3020332336425,1424.3995361328125,1424.3995361328125,600,0.0,0.0
2014-01-20 00:00:00+09:00,1424.3995361328125,1424.3995361328125,1424.3995361328125,1424.3995361328125,0,0.0,0.0
2014-01-21 00:00:00+09:00,1424.3995361328125,1424.3995361328125,1424.3995361328125,1424.3995361328125,0,0.0,0.0
2014-01-22 00:00:00+09:00,1424.3995361328125,1424.3995361328125,1424.3995361328125,1424.3995361328125,100,0.0,0.0
2014-01-23 00:00:00+09:00,1406.5946044921875,1406.5946044921875,1406.5946044921875,1406.5946044921875,100,0.0,0.0
2014-01-24 00:00:00+09:00,1406.5946044921875,1406.5946044921875,1406.5946044921875,1406.5946044921875,0,0.0,0.0
2014-01-27 00:00:00+09:00,1406.5946044921875,1406.5946044921875,1406.5946044921875,1406.5946044921875,0,0.0,0.0
2014-01-28 00:00:00+09:00,1406.5946044921875,1406.5946044921875,1406.5946044921875,1406.5946044921875,0,0.0,0.0
2014-01-29 00:00:00+09:00,1406.5946044921875,1406.5946044921875,1406.5946044921875,1406.5946044921875,0,0.0,0.0
2014-01-30 00:00:00+09:00,1406.5946044921875,1406.5946044921875,1406.5946044921875,1406.5946044921875,0,0.0,0.0
2014-01-31 00:00:00+09:00,1406.5946044921875,1406.5946044921875,1406.5946044921875,1406.5946044921875,100,0.0,0.0
2014-02-03 00:00:00+09:00,1406.5946044921875,1406.5946044921875,1406.5946044921875,1406.5946044921875,0,0.0,0.0
2014-02-04 00:00:00+09:00,1406.5946044921875,1406.5946044921875,1406.5946044921875,1406.5946044921875,0,0.0,0.0
2014-02-05 00:00:00+09:00,1335.374755859375,1335.374755859375,1335.374755859375,1335.374755859375,300,0.0,0.0
2014-02-06 00:00:00+09:00,1335.374755859375,1335.374755859375,1335.374755859375,1335.374755859375,0,0.0,0.0
2014-02-07 00:00:00+09:00,1335.374755859375,1335.374755859375,1335.374755859375,1335.374755859375,0,0.0,0.0
2014-02-10 00:00:00+09:00,1353.1798095703125,1353.1798095703125,1353.1798095703125,1353.1798095703125,100,0.0,0.0
2014-02-12 00:00:00+09:00,1308.667315834447,1353.1798095703125,1308.667315834447,1353.1798095703125,200,0.0,0.0
2014-02-13 00:00:00+09:00,1362.0821216137379,1370.984619140625,1362.0821216137379,1370.984619140625,200,0.0,0.0
2014-02-14 00:00:00+09:00,1388.789804559005,1388.789804559005,1344.2773108231395,1353.1798095703125,300,0.0,0.0
2014-02-17 00:00:00+09:00,1362.0821216137379,1370.984619140625,1362.0821216137379,1370.984619140625,200,0.0,0.0
2014-02-18 00:00:00+09:00,1370.984619140625,1370.984619140625,1370.984619140625,1370.984619140625,0,0.0,0.0
2014-02-19 00:00:00+09:00,1370.984619140625,1370.984619140625,1370.984619140625,1370.984619140625,200,0.0,0.0
2014-02-20 00:00:00+09:00,1370.984619140625,1370.984619140625,1370.984619140625,1370.984619140625,0,0.0,0.0
2014-02-21 00:00:00+09:00,1370.984619140625,1370.984619140625,1370.984619140625,1370.984619140625,0,0.0,0.0
2014-02-24 00:00:00+09:00,1326.4722253660493,1344.2772216796875,1308.6672290524111,1344.2772216796875,500,0.0,0.0
2014-02-25 00:00:00+09:00,1344.2772216796875,1344.2772216796875,1344.2772216796875,1344.2772216796875,0,0.0,0.0
2014-02-26 00:00:00+09:00,1308.667236328125,1308.667236328125,1308.667236328125,1308.667236328125,400,0.0,0.0
2014-02-27 00:00:00+09:00,1308.667236328125,1308.667236328125,1308.667236328125,1308.667236328125,0,0.0,0.0
2014-02-28 00:00:00+09:00,1308.667236328125,1308.667236328125,1308.667236328125,1308.667236328125,0,0.0,0.0
2014-03-03 00:00:00+09:00,1308.667236328125,1308.667236328125,1308.667236328125,1308.667236328125,0,0.0,0.0
2014-03-04 00:00:00+09:00,1308.667236328125,1308.667236328125,1308.667236328125,1308.667236328125,100,0.0,0.0
2014-03-05 00:00:00+09:00,1264.1549409906913,1264.1549409906913,1246.3499418218084,1255.25244140625,700,0.0,0.0
2014-03-06 00:00:00+09:00,1299.7647791043134,1299.7647791043134,1264.15478515625,1264.15478515625,300,0.0,0.0
2014-03-07 00:00:00+09:00,1264.15478515625,1264.15478515625,1264.15478515625,1264.15478515625,0,0.0,0.0
2014-03-10 00:00:00+09:00,1308.6673564453124,1308.6673564453124,943.664896484375,1112.8123779296875,25800,0.0,0.0
2014-03-11 00:00:00+09:00,1103.90987890625,1121.714876953125,1068.2998828125,1112.8123779296875,2700,0.0,0.0
2014-03-12 00:00:00+09:00,1246.3498337204392,1557.937292150549,1201.837339658995,1317.56982421875,60700,0.0,0.0
2014-03-13 00:00:00+09:00,1273.057419044384,1344.2774145153985,1228.544921875,1228.544921875,11200,0.0,0.0
2014-03-14 00:00:00+09:00,1237.4474213088768,1237.4474213088768,1201.8374235733695,1228.544921875,1200,0.0,0.0
2014-03-17 00:00:00+09:00,1228.5448089144124,1228.5448089144124,1166.2273186071595,1192.934814453125,1900,0.0,0.0
2014-03-18 00:00:00+09:00,1192.9347571170692,1192.9347571170692,1166.2272625547469,1175.1297607421875,1600,0.0,0.0
2014-03-19 00:00:00+09:00,1157.3248199918378,1192.934814453125,1157.3248199918378,1192.934814453125,700,0.0,0.0
2014-03-20 00:00:00+09:00,1175.129735192587,1175.129735192587,1148.4222412109375,1148.4222412109375,1000,0.0,0.0
2014-03-24 00:00:00+09:00,1157.32470703125,1157.32470703125,1157.32470703125,1157.32470703125,100,0.0,0.0
2014-03-25 00:00:00+09:00,1139.519775390625,1139.519775390625,1139.519775390625,1139.519775390625,200,0.0,0.0
2014-03-26 00:00:00+09:00,1157.3247128441221,1157.3247128441221,1121.7147216796875,1121.7147216796875,1200,0.0,0.0
2014-03-27 00:00:00+09:00,1124.3919677734375,1124.3919677734375,1124.3919677734375,1124.3919677734375,0,3.0,0.0
2014-03-28 00:00:00+09:00,1124.3919677734375,1124.3919677734375,1124.3919677734375,1124.3919677734375,0,0.0,0.0
2014-03-31 00:00:00+09:00,1142.2393798828125,1142.2393798828125,1142.2393798828125,1142.2393798828125,100,0.0,0.0
2014-04-01 00:00:00+09:00,1169.0107421875,1169.0107421875,1169.0107421875,1169.0107421875,100,0.0,0.0
2014-04-02 00:00:00+09:00,1169.0107421875,1169.0107421875,1169.0107421875,1169.0107421875,0,0.0,0.0
2014-04-03 00:00:00+09:00,1124.3919677734375,1124.3919677734375,1124.3919677734375,1124.3919677734375,100,0.0,0.0
2014-04-04 00:00:00+09:00,1124.3919677734375,1124.3919677734375,1124.3919677734375,1124.3919677734375,0,0.0,0.0
2014-04-07 00:00:00+09:00,1124.3919677734375,1124.3919677734375,1124.3919677734375,1124.3919677734375,0,0.0,0.0
2014-04-08 00:00:00+09:00,1160.0869140625,1160.0869140625,1160.0869140625,1160.0869140625,100,0.0,0.0
2014-04-09 00:00:00+09:00,1160.0869140625,1160.0869140625,1160.0869140625,1160.0869140625,0,0.0,0.0
2014-04-10 00:00:00+09:00,1160.0869140625,1160.0869140625,1160.0869140625,1160.0869140625,0,0.0,0.0
2014-04-11 00:00:00+09:00,1160.0869140625,1160.0869140625,1160.0869140625,1160.0869140625,0,0.0,0.0
2014-04-14 00:00:00+09:00,1160.0869140625,1160.0869140625,1160.0869140625,1160.0869140625,0,0.0,0.0
2014-04-15 00:00:00+09:00,1160.0869140625,1160.0869140625,1160.0869140625,1160.0869140625,200,0.0,0.0
2014-04-16 00:00:00+09:00,1160.0869140625,1160.0869140625,1160.0869140625,1160.0869140625,0,0.0,0.0
2014-04-17 00:00:00+09:00,1160.0869140625,1160.0869140625,1160.0869140625,1160.0869140625,0,0.0,0.0
2014-04-18 00:00:00+09:00,1160.0869140625,1160.0869140625,1160.0869140625,1160.0869140625,0,0.0,0.0
2014-04-21 00:00:00+09:00,1115.46826171875,1115.46826171875,1115.46826171875,1115.46826171875,200,0.0,0.0
2014-04-22 00:00:00+09:00,1097.620849609375,1097.620849609375,1097.620849609375,1097.620849609375,200,0.0,0.0
2014-04-23 00:00:00+09:00,1097.620849609375,1097.620849609375,1097.620849609375,1097.620849609375,0,0.0,0.0
2014-04-24 00:00:00+09:00,1142.2393798828125,1142.2393798828125,1142.2393798828125,1142.2393798828125,100,0.0,0.0
2014-04-25 00:00:00+09:00,1186.8580322265625,1186.8580322265625,1186.8580322265625,1186.8580322265625,100,0.0,0.0
2014-04-28 00:00:00+09:00,1177.934326171875,1177.934326171875,1177.934326171875,1177.934326171875,100,0.0,0.0
2014-04-30 00:00:00+09:00,1177.934326171875,1177.934326171875,1177.934326171875,1177.934326171875,100,0.0,0.0
2014-05-01 00:00:00+09:00,1177.934326171875,1177.934326171875,1177.934326171875,1177.934326171875,0,0.0,0.0
2014-05-02 00:00:00+09:00,1177.934326171875,1177.934326171875,1177.934326171875,1177.934326171875,0,0.0,0.0
2014-05-07 00:00:00+09:00,1177.934326171875,1177.934326171875,1177.934326171875,1177.934326171875,0,0.0,0.0
2014-05-08 00:00:00+09:00,1177.934326171875,1177.934326171875,1177.934326171875,1177.934326171875,0,0.0,0.0
2014-05-09 00:00:00+09:00,1177.934326171875,1177.934326171875,1177.934326171875,1177.934326171875,0,0.0,0.0
2014-05-12 00:00:00+09:00,1177.934326171875,1177.934326171875,1177.934326171875,1177.934326171875,0,0.0,0.0
2014-05-13 00:00:00+09:00,1177.934326171875,1177.934326171875,1177.934326171875,1177.934326171875,0,0.0,0.0
2014-05-14 00:00:00+09:00,1177.934326171875,1177.934326171875,1177.934326171875,1177.934326171875,0,0.0,0.0
2014-05-15 00:00:00+09:00,1177.934326171875,1177.934326171875,1177.934326171875,1177.934326171875,300,0.0,0.0
2014-05-16 00:00:00+09:00,1133.3157518730789,1133.3157518730789,1088.697021484375,1088.697021484375,500,0.0,0.0
2014-05-19 00:00:00+09:00,1088.697021484375,1088.697021484375,1088.697021484375,1088.697021484375,200,0.0,0.0
2014-05-20 00:00:00+09:00,1079.7733154296875,1079.7733154296875,1079.7733154296875,1079.7733154296875,100,0.0,0.0
2014-05-21 00:00:00+09:00,1079.7733154296875,1079.7733154296875,1079.7733154296875,1079.7733154296875,0,0.0,0.0
2014-05-22 00:00:00+09:00,1097.620849609375,1097.620849609375,1097.620849609375,1097.620849609375,100,0.0,0.0
2014-05-23 00:00:00+09:00,1097.620849609375,1097.620849609375,1097.620849609375,1097.620849609375,0,0.0,0.0
2014-05-26 00:00:00+09:00,1097.620849609375,1097.620849609375,1097.620849609375,1097.620849609375,100,0.0,0.0
2014-05-27 00:00:00+09:00,1097.620849609375,1097.620849609375,1097.620849609375,1097.620849609375,0,0.0,0.0
2014-05-28 00:00:00+09:00,1097.620849609375,1097.620849609375,1097.620849609375,1097.620849609375,0,0.0,0.0
2014-05-29 00:00:00+09:00,1097.620849609375,1097.620849609375,1097.620849609375,1097.620849609375,0,0.0,0.0
2014-05-30 00:00:00+09:00,1097.6207675621158,1097.6207675621158,1088.697021484375,1088.697021484375,400,0.0,0.0
2014-06-02 00:00:00+09:00,1088.697021484375,1088.697021484375,1088.697021484375,1088.697021484375,0,0.0,0.0
2014-06-03 00:00:00+09:00,1088.697021484375,1088.697021484375,1088.697021484375,1088.697021484375,0,0.0,0.0
2014-06-04 00:00:00+09:00,1088.697021484375,1088.697021484375,1088.697021484375,1088.697021484375,0,0.0,0.0
2014-06-05 00:00:00+09:00,1088.697021484375,1088.697021484375,1088.697021484375,1088.697021484375,0,0.0,0.0
2014-06-06 00:00:00+09:00,1088.697021484375,1088.697021484375,1088.697021484375,1088.697021484375,100,0.0,0.0
2014-06-09 00:00:00+09:00,1133.315673828125,1133.315673828125,1133.315673828125,1133.315673828125,100,0.0,0.0
2014-06-10 00:00:00+09:00,1106.5445556640625,1106.5445556640625,1106.5445556640625,1106.5445556640625,100,0.0,0.0
2014-06-11 00:00:00+09:00,1106.5444762214781,1124.3919677734375,1106.5444762214781,1124.3919677734375,200,0.0,0.0
2014-06-12 00:00:00+09:00,1115.46826171875,1115.46826171875,1115.46826171875,1115.46826171875,1000,0.0,0.0
2014-06-13 00:00:00+09:00,1115.46826171875,1115.46826171875,1115.46826171875,1115.46826171875,0,0.0,0.0
2014-06-16 00:00:00+09:00,1151.1632080078125,1151.1632080078125,1151.1632080078125,1151.1632080078125,100,0.0,0.0
2014-06-17 00:00:00+09:00,1151.163164754552,1151.163164754552,1133.315673828125,1133.315673828125,300,0.0,0.0
2014-06-18 00:00:00+09:00,1133.315673828125,1133.315673828125,1133.315673828125,1133.315673828125,0,0.0,0.0
2014-06-19 00:00:00+09:00,1133.315673828125,1133.315673828125,1133.315673828125,1133.315673828125,0,0.0,0.0
2014-06-20 00:00:00+09:00,1133.315673828125,1133.315673828125,1133.315673828125,1133.315673828125,0,0.0,0.0
2014-06-23 00:00:00+09:00,1133.315673828125,1133.315673828125,1133.315673828125,1133.315673828125,0,0.0,0.0
2014-06-24 00:00:00+09:00,1151.1631685697116,1160.0869140625,1151.1631685697116,1160.0869140625,300,0.0,0.0
2014-06-25 00:00:00+09:00,1195.7819859095982,1463.4943708147323,1195.7819859095982,1249.324462890625,9400,0.0,0.0
2014-06-26 00:00:00+09:00,1249.3241644965276,1249.3241644965276,1186.8579562717014,1204.7054443359375,2900,0.0,0.0
2014-06-27 00:00:00+09:00,1186.8580322265625,1186.8580322265625,1186.8580322265625,1186.8580322265625,300,0.0,0.0
2014-06-30 00:00:00+09:00,1186.8580710671165,1186.8580710671165,1169.0105812766335,1177.934326171875,400,0.0,0.0
2014-07-01 00:00:00+09:00,1213.629150390625,1213.629150390625,1213.629150390625,1213.629150390625,100,0.0,0.0
2014-07-02 00:00:00+09:00,1285.0194091796875,1285.0194091796875,1285.0194091796875,1285.0194091796875,100,0.0,0.0
2014-07-03 00:00:00+09:00,1285.0194091796875,1285.0194091796875,1285.0194091796875,1285.0194091796875,0,0.0,0.0
2014-07-04 00:00:00+09:00,1213.6294798951049,1276.095703125,1213.6294798951049,1276.095703125,300,0.0,0.0
2014-07-07 00:00:00+09:00,1276.0957013811385,1276.0957013811385,1231.476970563616,1249.324462890625,1300,0.0,0.0
2014-07-08 00:00:00+09:00,1249.3245049838363,1320.7144766971983,1249.3245049838363,1293.9432373046875,2400,0.0,0.0
2014-07-09 00:00:00+09:00,1276.0956170610386,1285.019362634892,1240.400634765625,1240.400634765625,1400,0.0,0.0
2014-07-10 00:00:00+09:00,1240.400634765625,1240.400634765625,1240.400634765625,1240.400634765625,0,0.0,0.0
2014-07-11 00:00:00+09:00,1204.7054066377527,1213.629150390625,1204.7054066377527,1213.629150390625,200,0.0,0.0
2014-07-14 00:00:00+09:00,1213.6294369904892,1231.4769287109375,1213.6294369904892,1231.4769287109375,200,0.0,0.0
2014-07-15 00:00:00+09:00,1249.324462890625,1249.324462890625,1249.324462890625,1249.324462890625,200,0.0,0.0
2014-07-16 00:00:00+09:00,1249.324462890625,1249.324462890625,1249.324462890625,1249.324462890625,500,0.0,0.0
2014-07-17 00:00:00+09:00,1249.324462890625,1249.324462890625,1249.324462890625,1249.324462890625,0,0.0,0.0
2014-07-18 00:00:00+09:00,1249.324462890625,1249.324462890625,1249.324462890625,1249.324462890625,0,0.0,0.0
2014-07-22 00:00:00+09:00,1222.552978515625,1222.552978515625,1222.552978515625,1222.552978515625,500,0.0,0.0
2014-07-23 00:00:00+09:00,1222.552978515625,1222.552978515625,1222.552978515625,1222.552978515625,0,0.0,0.0
2014-07-24 00:00:00+09:00,1222.552978515625,1222.552978515625,1222.552978515625,1222.552978515625,0,0.0,0.0
2014-07-25 00:00:00+09:00,1240.4007576955876,1267.1719970703125,1240.4007576955876,1267.1719970703125,700,0.0,0.0
2014-07-28 00:00:00+09:00,1267.1719569493007,1276.095703125,1267.1719569493007,1276.095703125,1700,0.0,0.0
2014-07-29 00:00:00+09:00,1285.0194526006712,1427.7993917785234,1285.0194526006712,1329.63818359375,7300,0.0,0.0
2014-07-30 00:00:00+09:00,1302.8669845993454,1320.7144775390625,1302.8669845993454,1320.7144775390625,200,0.0,0.0
2014-07-31 00:00:00+09:00,1320.7144775390625,1320.7144775390625,1320.7144775390625,1320.7144775390625,300,0.0,0.0
2014-08-01 00:00:00+09:00,1320.7144775390625,1320.7144775390625,1320.7144775390625,1320.7144775390625,0,0.0,0.0
2014-08-04 00:00:00+09:00,1320.7144775390625,1320.7144775390625,1320.7144775390625,1320.7144775390625,0,0.0,0.0
2014-08-05 00:00:00+09:00,1320.7144775390625,1320.7144775390625,1320.7144775390625,1320.7144775390625,0,0.0,0.0
2014-08-06 00:00:00+09:00,1258.2481739277744,1311.7906494140625,1258.2481739277744,1311.7906494140625,500,0.0,0.0
2014-08-07 00:00:00+09:00,1311.7906494140625,1311.7906494140625,1311.7906494140625,1311.7906494140625,0,0.0,0.0
2014-08-08 00:00:00+09:00,1302.8669449979027,1329.63818359375,1204.705736813129,1329.63818359375,1700,0.0,0.0
2014-08-11 00:00:00+09:00,1329.63818359375,1329.63818359375,1329.63818359375,1329.63818359375,0,0.0,0.0
2014-08-12 00:00:00+09:00,1329.63818359375,1329.63818359375,1329.63818359375,1329.63818359375,0,0.0,0.0
2014-08-13 00:00:00+09:00,1329.63818359375,1329.63818359375,1329.63818359375,1329.63818359375,0,0.0,0.0
2014-08-14 00:00:00+09:00,1329.63818359375,1329.63818359375,1329.63818359375,1329.63818359375,100,0.0,0.0
2014-08-15 00:00:00+09:00,1329.63818359375,1329.63818359375,1329.63818359375,1329.63818359375,200,0.0,0.0
2014-08-18 00:00:00+09:00,1356.409423828125,1356.409423828125,1356.409423828125,1356.409423828125,100,0.0,0.0
2014-08-19 00:00:00+09:00,1356.409423828125,1356.409423828125,1356.409423828125,1356.409423828125,0,0.0,0.0
2014-08-20 00:00:00+09:00,1356.409423828125,1356.409423828125,1356.409423828125,1356.409423828125,0,0.0,0.0
2014-08-21 00:00:00+09:00,1311.7906494140625,1311.7906494140625,1311.7906494140625,1311.7906494140625,200,0.0,0.0
2014-08-22 00:00:00+09:00,1311.7906494140625,1311.7906494140625,1311.7906494140625,1311.7906494140625,0,0.0,0.0
2014-08-25 00:00:00+09:00,1267.1719979121767,1293.9432373046875,1267.1719979121767,1293.9432373046875,200,0.0,0.0
2014-08-26 00:00:00+09:00,1293.9432373046875,1293.9432373046875,1293.9432373046875,1293.9432373046875,0,0.0,0.0
2014-08-27 00:00:00+09:00,1293.9432373046875,1293.9432373046875,1293.9432373046875,1293.9432373046875,0,0.0,0.0
2014-08-28 00:00:00+09:00,1293.9432373046875,1293.9432373046875,1293.9432373046875,1293.9432373046875,500,0.0,0.0
2014-08-29 00:00:00+09:00,1293.9432373046875,1293.9432373046875,1293.9432373046875,1293.9432373046875,0,0.0,0.0
2014-09-01 00:00:00+09:00,1293.9432373046875,1293.9432373046875,1293.9432373046875,1293.9432373046875,0,0.0,0.0
2014-09-02 00:00:00+09:00,1293.9432373046875,1293.9432373046875,1293.9432373046875,1293.9432373046875,100,0.0,0.0
2014-09-03 00:00:00+09:00,1293.9432373046875,1293.9432373046875,1293.9432373046875,1293.9432373046875,0,0.0,0.0
2014-09-04 00:00:00+09:00,1293.9432373046875,1293.9432373046875,1293.9432373046875,1293.9432373046875,0,0.0,0.0
2014-09-05 00:00:00+09:00,1311.7906494140625,1311.7906494140625,1311.7906494140625,1311.7906494140625,300,0.0,0.0
2014-09-08 00:00:00+09:00,1338.5618026942423,1338.5618026942423,1302.8668212890625,1302.8668212890625,500,0.0,0.0
2014-09-09 00:00:00+09:00,1258.2481689453125,1258.2481689453125,1258.2481689453125,1258.2481689453125,300,0.0,0.0
2014-09-10 00:00:00+09:00,1258.2481689453125,1258.2481689453125,1258.2481689453125,1258.2481689453125,0,0.0,0.0
2014-09-11 00:00:00+09:00,1285.0194091796875,1285.0194091796875,1285.0194091796875,1285.0194091796875,100,0.0,0.0
2014-09-12 00:00:00+09:00,1249.324462890625,1258.2482090541296,1249.324462890625,1249.324462890625,500,0.0,0.0
2014-09-16 00:00:00+09:00,1276.095703125,1276.095703125,1276.095703125,1276.095703125,100,0.0,0.0
2014-09-17 00:00:00+09:00,1276.095703125,1276.095703125,1276.095703125,1276.095703125,200,0.0,0.0
2014-09-18 00:00:00+09:00,1249.324462890625,1249.324462890625,1249.324462890625,1249.324462890625,200,0.0,0.0
2014-09-19 00:00:00+09:00,1249.324462890625,1249.324462890625,1249.324462890625,1249.324462890625,0,0.0,0.0
2014-09-22 00:00:00+09:00,1249.324462890625,1249.324462890625,1249.324462890625,1249.324462890625,0,0.0,0.0
2014-09-24 00:00:00+09:00,1258.2481689453125,1258.2481689453125,1258.2481689453125,1258.2481689453125,100,0.0,0.0
2014-09-25 00:00:00+09:00,1258.2481689453125,1258.2481689453125,1258.2481689453125,1258.2481689453125,0,0.0,0.0
2014-09-26 00:00:00+09:00,1276.095703125,1276.095703125,1276.095703125,1276.095703125,100,0.0,0.0
2014-09-29 00:00:00+09:00,1276.095703125,1276.095703125,1276.095703125,1276.095703125,0,0.0,0.0
2014-09-30 00:00:00+09:00,1276.095703125,1276.095703125,1276.095703125,1276.095703125,100,0.0,0.0
2014-10-01 00:00:00+09:00,1231.4769287109375,1231.4769287109375,1231.4769287109375,1231.4769287109375,100,0.0,0.0
2014-10-02 00:00:00+09:00,1213.629150390625,1213.629150390625,1213.629150390625,1213.629150390625,500,0.0,0.0
2014-10-03 00:00:00+09:00,1213.629150390625,1213.629150390625,1213.629150390625,1213.629150390625,0,0.0,0.0
2014-10-06 00:00:00+09:00,1213.629150390625,1213.629150390625,1213.629150390625,1213.629150390625,0,0.0,0.0
2014-10-07 00:00:00+09:00,1222.552978515625,1222.552978515625,1222.552978515625,1222.552978515625,200,0.0,0.0
2014-10-08 00:00:00+09:00,1240.400634765625,1240.400634765625,1240.400634765625,1240.400634765625,100,0.0,0.0
2014-10-09 00:00:00+09:00,1240.400634765625,1240.400634765625,1240.400634765625,1240.400634765625,0,0.0,0.0
2014-10-10 00:00:00+09:00,1240.400634765625,1240.400634765625,1240.400634765625,1240.400634765625,100,0.0,0.0
2014-10-14 00:00:00+09:00,1213.629150390625,1213.629150390625,1213.629150390625,1213.629150390625,400,0.0,0.0
2014-10-15 00:00:00+09:00,1258.2481689453125,1258.2481689453125,1258.2481689453125,1258.2481689453125,100,0.0,0.0
2014-10-16 00:00:00+09:00,1249.324462890625,1249.324462890625,1249.324462890625,1249.324462890625,200,0.0,0.0
2014-10-17 00:00:00+09:00,1249.324462890625,1249.324462890625,1249.324462890625,1249.324462890625,0,0.0,0.0
2014-10-20 00:00:00+09:00,1249.324462890625,1249.324462890625,1249.324462890625,1249.324462890625,0,0.0,0.0
2014-10-21 00:00:00+09:00,1249.324462890625,1249.324462890625,1249.324462890625,1249.324462890625,0,0.0,0.0
2014-10-22 00:00:00+09:00,1249.324462890625,1249.324462890625,1249.324462890625,1249.324462890625,0,0.0,0.0
2014-10-23 00:00:00+09:00,1213.6293980440648,1240.400634765625,1213.6293980440648,1240.400634765625,800,0.0,0.0
2014-10-24 00:00:00+09:00,1240.400634765625,1240.400634765625,1240.400634765625,1240.400634765625,0,0.0,0.0
2014-10-27 00:00:00+09:00,1240.400634765625,1240.400634765625,1240.400634765625,1240.400634765625,0,0.0,0.0
2014-10-28 00:00:00+09:00,1240.400634765625,1240.400634765625,1240.400634765625,1240.400634765625,0,0.0,0.0
2014-10-29 00:00:00+09:00,1240.4004204644095,1240.4004204644095,1195.7817003038194,1204.7054443359375,300,0.0,0.0
2014-10-30 00:00:00+09:00,1160.0867241753472,1204.7054443359375,1160.0867241753472,1204.7054443359375,200,0.0,0.0
2014-10-31 00:00:00+09:00,1204.7054443359375,1204.7054443359375,1204.7054443359375,1204.7054443359375,0,0.0,0.0
2014-11-04 00:00:00+09:00,1204.7054443359375,1204.7054443359375,1204.7054443359375,1204.7054443359375,100,0.0,0.0
2014-11-05 00:00:00+09:00,1204.7054443359375,1204.7054443359375,1204.7054443359375,1204.7054443359375,0,0.0,0.0
2014-11-06 00:00:00+09:00,1204.7054443359375,1204.7054443359375,1204.7054443359375,1204.7054443359375,0,0.0,0.0
2014-11-07 00:00:00+09:00,1204.7054443359375,1204.7054443359375,1204.7054443359375,1204.7054443359375,0,0.0,0.0
2014-11-10 00:00:00+09:00,1240.400634765625,1240.400634765625,1240.400634765625,1240.400634765625,100,0.0,0.0
2014-11-11 00:00:00+09:00,1240.400634765625,1240.400634765625,1240.400634765625,1240.400634765625,0,0.0,0.0
2014-11-12 00:00:00+09:00,1240.400634765625,1240.400634765625,1240.400634765625,1240.400634765625,0,0.0,0.0
2014-11-13 00:00:00+09:00,1240.400634765625,1240.400634765625,1240.400634765625,1240.400634765625,0,0.0,0.0
2014-11-14 00:00:00+09:00,1240.400634765625,1240.400634765625,1240.400634765625,1240.400634765625,0,0.0,0.0
2014-11-17 00:00:00+09:00,1240.4004204644095,1240.4004204644095,1204.7054443359375,1204.7054443359375,300,0.0,0.0
2014-11-18 00:00:00+09:00,1204.7054443359375,1204.7054443359375,1204.7054443359375,1204.7054443359375,0,0.0,0.0
2014-11-19 00:00:00+09:00,1204.7054443359375,1204.7054443359375,1204.7054443359375,1204.7054443359375,0,0.0,0.0
2014-11-20 00:00:00+09:00,1204.7054443359375,1204.7054443359375,1204.7054443359375,1204.7054443359375,0,0.0,0.0
2014-11-21 00:00:00+09:00,1195.7818603515625,1195.7818603515625,1195.7818603515625,1195.7818603515625,100,0.0,0.0
2014-11-25 00:00:00+09:00,1195.7818603515625,1195.7818603515625,1195.7818603515625,1195.7818603515625,0,0.0,0.0
2014-11-26 00:00:00+09:00,1195.7818603515625,1195.7818603515625,1195.7818603515625,1195.7818603515625,0,0.0,0.0
2014-11-27 00:00:00+09:00,1195.7818603515625,1195.7818603515625,1195.7818603515625,1195.7818603515625,400,0.0,0.0
2014-11-28 00:00:00+09:00,1195.7818603515625,1195.7818603515625,1195.7818603515625,1195.7818603515625,100,0.0,0.0
2014-12-01 00:00:00+09:00,1195.7818603515625,1195.7818603515625,1195.7818603515625,1195.7818603515625,0,0.0,0.0
2014-12-02 00:00:00+09:00,1195.7818603515625,1195.7818603515625,1195.7818603515625,1195.7818603515625,0,0.0,0.0
2014-12-03 00:00:00+09:00,1195.7818603515625,1195.7818603515625,1195.7818603515625,1195.7818603515625,0,0.0,0.0
2014-12-04 00:00:00+09:00,1195.7818603515625,1195.7818603515625,1195.7818603515625,1195.7818603515625,0,0.0,0.0
2014-12-05 00:00:00+09:00,1195.7818603515625,1195.7818603515625,1195.7818603515625,1195.7818603515625,0,0.0,0.0
2014-12-08 00:00:00+09:00,1222.552978515625,1222.552978515625,1222.552978515625,1222.552978515625,100,0.0,0.0
2014-12-09 00:00:00+09:00,1222.552978515625,1222.552978515625,1222.552978515625,1222.552978515625,200,0.0,0.0
2014-12-10 00:00:00+09:00,1222.5529324001736,1222.5529324001736,1204.7054443359375,1204.7054443359375,200,0.0,0.0
2014-12-11 00:00:00+09:00,1204.705691130265,1231.4769287109375,1204.705691130265,1231.4769287109375,3200,0.0,0.0
2014-12-12 00:00:00+09:00,1231.4769287109375,1231.4769287109375,1231.4769287109375,1231.4769287109375,0,0.0,0.0
2014-12-15 00:00:00+09:00,1231.4769287109375,1231.4769287109375,1231.4769287109375,1231.4769287109375,300,0.0,0.0
2014-12-16 00:00:00+09:00,1231.4769287109375,1231.4769287109375,1231.4769287109375,1231.4769287109375,0,0.0,0.0
2014-12-17 00:00:00+09:00,1231.4769287109375,1231.4769287109375,1231.4769287109375,1231.4769287109375,0,0.0,0.0
2014-12-18 00:00:00+09:00,1231.4769287109375,1231.4769287109375,1231.4769287109375,1231.4769287109375,0,0.0,0.0
2014-12-19 00:00:00+09:00,1231.4769287109375,1231.4769287109375,1231.4769287109375,1231.4769287109375,200,0.0,0.0
2014-12-22 00:00:00+09:00,1231.4769287109375,1231.4769287109375,1231.4769287109375,1231.4769287109375,500,0.0,0.0
2014-12-24 00:00:00+09:00,1231.4769287109375,1231.4769287109375,1231.4769287109375,1231.4769287109375,0,0.0,0.0
2014-12-25 00:00:00+09:00,1231.4769287109375,1231.4769287109375,1231.4769287109375,1231.4769287109375,0,0.0,0.0
2014-12-26 00:00:00+09:00,1231.4769287109375,1231.4769287109375,1231.4769287109375,1231.4769287109375,0,0.0,0.0
2014-12-29 00:00:00+09:00,1258.2481689453125,1258.2481689453125,1258.2481689453125,1258.2481689453125,100,0.0,0.0
2014-12-30 00:00:00+09:00,1258.2481689453125,1258.2481689453125,1258.2481689453125,1258.2481689453125,100,0.0,0.0
2015-01-05 00:00:00+09:00,1213.6293980440648,1240.400634765625,1213.6293980440648,1240.400634765625,200,0.0,0.0
2015-01-06 00:00:00+09:00,1240.400634765625,1240.400634765625,1240.400634765625,1240.400634765625,0,0.0,0.0
2015-01-07 00:00:00+09:00,1240.400634765625,1240.400634765625,1240.400634765625,1240.400634765625,0,0.0,0.0
2015-01-08 00:00:00+09:00,1240.400634765625,1240.400634765625,1240.400634765625,1240.400634765625,0,0.0,0.0
2015-01-09 00:00:00+09:00,1240.400634765625,1240.400634765625,1240.400634765625,1240.400634765625,0,0.0,0.0
2015-01-13 00:00:00+09:00,1240.400634765625,1240.400634765625,1240.400634765625,1240.400634765625,0,0.0,0.0
2015-01-14 00:00:00+09:00,1240.400634765625,1240.400634765625,1240.400634765625,1240.400634765625,0,0.0,0.0
2015-01-15 00:00:00+09:00,1240.400634765625,1240.400634765625,1240.400634765625,1240.400634765625,1200,0.0,0.0
2015-01-16 00:00:00+09:00,1240.400634765625,1240.400634765625,1240.400634765625,1240.400634765625,0,0.0,0.0
2015-01-19 00:00:00+09:00,1240.400634765625,1240.400634765625,1240.400634765625,1240.400634765625,0,0.0,0.0
2015-01-20 00:00:00+09:00,1240.400634765625,1240.400634765625,1240.400634765625,1240.400634765625,0,0.0,0.0
2015-01-21 00:00:00+09:00,1240.400634765625,1240.400634765625,1240.400634765625,1240.400634765625,0,0.0,0.0
2015-01-22 00:00:00+09:00,1240.400634765625,1240.400634765625,1240.400634765625,1240.400634765625,0,0.0,0.0
2015-01-23 00:00:00+09:00,1240.400634765625,1240.400634765625,1240.400634765625,1240.400634765625,0,0.0,0.0
2015-01-26 00:00:00+09:00,1204.7056524702114,1240.400634765625,1204.7056524702114,1240.400634765625,300,0.0,0.0
2015-01-27 00:00:00+09:00,1204.7056524702114,1240.400634765625,1204.7056524702114,1240.400634765625,500,0.0,0.0
2015-01-28 00:00:00+09:00,1240.400634765625,1240.400634765625,1240.400634765625,1240.400634765625,0,0.0,0.0
2015-01-29 00:00:00+09:00,1240.400634765625,1240.400634765625,1240.400634765625,1240.400634765625,0,0.0,0.0
2015-01-30 00:00:00+09:00,1222.5529324001736,1222.5529324001736,1204.7054443359375,1204.7054443359375,300,0.0,0.0
2015-02-02 00:00:00+09:00,1204.7054443359375,1204.7054443359375,1204.7054443359375,1204.7054443359375,2800,0.0,0.0
2015-02-03 00:00:00+09:00,1204.7054443359375,1204.7054443359375,1204.7054443359375,1204.7054443359375,200,0.0,0.0
2015-02-04 00:00:00+09:00,1204.7054443359375,1204.7054443359375,1204.7054443359375,1204.7054443359375,0,0.0,0.0
2015-02-05 00:00:00+09:00,1231.4769287109375,1231.4769287109375,1231.4769287109375,1231.4769287109375,300,0.0,0.0
2015-02-06 00:00:00+09:00,1231.4769287109375,1231.4769287109375,1231.4769287109375,1231.4769287109375,0,0.0,0.0
2015-02-09 00:00:00+09:00,1231.4768891917715,1240.400634765625,1204.7056524702114,1240.400634765625,1000,0.0,0.0
2015-02-10 00:00:00+09:00,1240.400634765625,1240.400634765625,1240.400634765625,1240.400634765625,0,0.0,0.0
2015-02-12 00:00:00+09:00,1240.400634765625,1240.400634765625,1240.400634765625,1240.400634765625,100,0.0,0.0
2015-02-13 00:00:00+09:00,1240.400634765625,1240.400634765625,1240.400634765625,1240.400634765625,200,0.0,0.0
2015-02-16 00:00:00+09:00,1240.400634765625,1240.400634765625,1240.400634765625,1240.400634765625,900,0.0,0.0
2015-02-17 00:00:00+09:00,1240.4007167271207,1249.324462890625,1204.7057320731028,1249.324462890625,2600,0.0,0.0
2015-02-18 00:00:00+09:00,1249.324464597902,1517.036849868881,1240.4007184222028,1276.095703125,26300,0.0,0.0
2015-02-19 00:00:00+09:00,1285.0194899867956,1293.9432364450374,1249.3245041538291,1267.1719970703125,2100,0.0,0.0
2015-02-20 00:00:00+09:00,1285.0194526006712,1329.63818359375,1276.0957064020554,1329.63818359375,1500,0.0,0.0
2015-02-23 00:00:00+09:00,1329.6380224609375,1338.561767578125,1302.866787109375,1338.561767578125,2900,0.0,0.0
2015-02-24 00:00:00+09:00,1329.6380224609375,1338.561767578125,1311.7905322265626,1338.561767578125,2000,0.0,0.0
2015-02-25 00:00:00+09:00,1338.5618871572067,1356.4093789859694,1285.0194116709185,1311.7906494140625,2000,0.0,0.0
2015-02-26 00:00:00+09:00,1320.7144766971983,1320.7144766971983,1293.9432373046875,1293.9432373046875,400,0.0,0.0
2015-02-27 00:00:00+09:00,1320.7145182291665,1606.2744140625,1320.7145182291665,1472.418212890625,55200,0.0,0.0
2015-03-02 00:00:00+09:00,1650.8928689838929,1650.8928689838929,1392.1042570891204,1445.646728515625,16500,0.0,0.0
2015-03-03 00:00:00+09:00,1445.6467141544117,1445.6467141544117,1302.8667917687908,1365.3330078125,4600,0.0,0.0
2015-03-04 00:00:00+09:00,1365.3331787109375,1775.8255069508273,1347.4856861787684,1517.036865234375,61000,0.0,0.0
2015-03-05 00:00:00+09:00,1561.6555965647979,1579.503089096967,1454.570641371783,1517.036865234375,22800,0.0,0.0
2015-03-06 00:00:00+09:00,1499.1891999421298,1499.1891999421298,1445.646728515625,1445.646728515625,3500,0.0,0.0
2015-03-09 00:00:00+09:00,1472.418131014196,1561.6555934999046,1463.494384765625,1463.494384765625,6000,0.0,0.0
2015-03-10 00:00:00+09:00,1561.6556374423476,1561.6556374423476,1481.3419189453125,1481.3419189453125,2900,0.0,0.0
2015-03-11 00:00:00+09:00,1454.5706794463008,1481.3419189453125,1445.6469329466304,1481.3419189453125,900,0.0,0.0
2015-03-12 00:00:00+09:00,1454.5707194010415,1490.2657063802083,1436.7232259114583,1472.418212890625,3100,0.0,0.0
2015-03-13 00:00:00+09:00,1490.2657063802083,1490.2657063802083,1445.64697265625,1472.418212890625,1600,0.0,0.0
2015-03-16 00:00:00+09:00,1472.418131014196,1490.2656235113377,1463.494384765625,1463.494384765625,500,0.0,0.0
2015-03-17 00:00:00+09:00,1472.418048133148,1490.265539625671,1454.570556640625,1454.570556640625,1000,0.0,0.0
2015-03-18 00:00:00+09:00,1436.7230590042795,1436.7230590042795,1392.104330463774,1401.028076171875,1400,0.0,0.0
2015-03-19 00:00:00+09:00,1401.0279884089052,1401.0279884089052,1365.3330078125,1365.3330078125,900,0.0,0.0
2015-03-20 00:00:00+09:00,1392.1042570891204,1499.1891999421298,1392.1042570891204,1445.646728515625,4300,0.0,0.0
2015-03-23 00:00:00+09:00,1445.64697265625,1472.418212890625,1445.64697265625,1472.418212890625,200,0.0,0.0
2015-03-24 00:00:00+09:00,1472.4178792823177,1472.4178792823177,1392.1041767760094,1436.722900390625,1300,0.0,0.0
2015-03-25 00:00:00+09:00,1392.1042526533017,1418.87548828125,1392.1042526533017,1418.87548828125,600,0.0,0.0
2015-03-26 00:00:00+09:00,1418.8753919099506,1865.0626220703125,1418.8753919099506,1865.0626220703125,62200,0.0,0.0
2015-03-27 00:00:00+09:00,2412.874563622662,2555.85972294845,2144.777389886811,2269.889404296875,190800,3.0,0.0
2015-03-30 00:00:00+09:00,2689.9085159758606,2984.8154296875,2582.6696382625373,2984.8154296875,99800,0.0,0.0
2015-03-31 00:00:00+09:00,2555.8596679687503,2591.60595703125,2323.5087890625,2323.5087890625,48900,0.0,0.0
2015-04-01 00:00:00+09:00,2323.5089401971727,2940.1324666341143,2207.3334931873137,2252.016357421875,36100,0.0,0.0
2015-04-02 00:00:00+09:00,2109.0313566116265,2171.5873714263785,1948.1730328022654,2046.475341796875,36500,0.0,0.0
2015-04-03 00:00:00+09:00,2046.475534986413,2207.3338739809783,2010.7292374320652,2055.412109375,22000,0.0,0.0
2015-04-06 00:00:00+09:00,2019.665716978561,2019.665716978561,1876.680533475654,1921.3634033203125,10600,0.0,0.0
2015-04-07 00:00:00+09:00,1957.1094265790055,1957.1094265790055,1858.80712661385,1903.489990234375,5600,0.0,0.0
2015-04-08 00:00:00+09:00,1939.2363778573495,1939.2363778573495,1912.4266583478009,1930.2998046875,3400,0.0,0.0
2015-04-09 00:00:00+09:00,1966.046273164971,2010.7291430096293,1876.680533475654,1921.3634033203125,3300,0.0,0.0
2015-04-10 00:00:00+09:00,1921.3630873392642,1921.3630873392642,1823.060789847488,1867.74365234375,3700,0.0,0.0
2015-04-13 00:00:00+09:00,1867.7437250046503,1957.1094534737722,1858.807152157738,1876.6802978515625,4500,0.0,0.0
2015-04-14 00:00:00+09:00,1876.6803656684026,1948.172951027199,1876.6803656684026,1930.2998046875,3400,0.0,0.0
2015-04-15 00:00:00+09:00,1930.300048828125,2171.5875549316406,1930.300048828125,2037.5389404296875,44700,0.0,0.0
2015-04-16 00:00:00+09:00,2010.729060760916,2028.6022079676798,1957.109619140625,1957.109619140625,4000,0.0,0.0
2015-04-17 00:00:00+09:00,1939.2362311532565,1939.2362311532565,1912.426513671875,1912.426513671875,1600,0.0,0.0
2015-04-20 00:00:00+09:00,1912.4266677412015,1912.4266677412015,1840.93408203125,1840.93408203125,3500,0.0,0.0
2015-04-21 00:00:00+09:00,1840.934160591352,1840.934160591352,1787.31471902073,1805.1878662109375,2600,0.0,0.0
2015-04-22 00:00:00+09:00,1876.6804030845906,2091.158163437115,1796.2512429523938,1814.1243896484375,16000,0.0,0.0
2015-04-23 00:00:00+09:00,1831.9975869962484,1831.9975869962484,1805.1878662109375,1805.1878662109375,1300,0.0,0.0
2015-04-24 00:00:00+09:00,1787.3145751953125,1805.1877209472657,1733.6951379394532,1787.3145751953125,2500,0.0,0.0
2015-04-27 00:00:00+09:00,1787.3146248822236,1787.3146248822236,1742.631759260168,1778.3780517578125,600,0.0,0.0
2015-04-28 00:00:00+09:00,1778.378224382497,1778.378224382497,1733.6953544231376,1769.441650390625,400,0.0,0.0
2015-04-30 00:00:00+09:00,1751.5684382120767,1751.5684382120767,1715.8221435546875,1715.8221435546875,1200,0.0,0.0
2015-05-01 00:00:00+09:00,1715.8222150259069,1724.7587890625,1715.8222150259069,1724.7587890625,800,0.0,0.0
2015-05-07 00:00:00+09:00,1680.0758275082237,1697.948974609375,1680.0758275082237,1697.948974609375,500,0.0,0.0
2015-05-08 00:00:00+09:00,1724.7586172831427,1733.6951904296875,1706.8854709900531,1733.6951904296875,600,0.0,0.0
2015-05-11 00:00:00+09:00,1733.695290883382,1733.695290883382,1715.8221435546875,1715.8221435546875,900,0.0,0.0
2015-05-12 00:00:00+09:00,1715.8221217105263,1724.758695261102,1697.948974609375,1697.948974609375,500,0.0,0.0
2015-05-13 00:00:00+09:00,1697.9489247586714,1724.7586446232822,1697.9489247586714,1706.885498046875,400,0.0,0.0
2015-05-14 00:00:00+09:00,1706.8852525936659,1706.8852525936659,1572.836672547043,1662.202392578125,1800,0.0,0.0
2015-05-15 00:00:00+09:00,1680.0759188795337,1894.553695757772,1680.0759188795337,1724.7587890625,16400,0.0,0.0
2015-05-18 00:00:00+09:00,1706.8854754412614,1706.8854754412614,1662.2026095920137,1689.0123291015625,800,0.0,0.0
2015-05-19 00:00:00+09:00,1671.1392539576482,1697.948974609375,1662.2026804070724,1697.948974609375,500,0.0,0.0
2015-05-20 00:00:00+09:00,1689.012351470468,1706.885498046875,1689.012351470468,1706.885498046875,200,0.0,0.0
2015-05-21 00:00:00+09:00,1680.075760551121,1680.075760551121,1626.4563213845959,1644.3294677734375,2300,0.0,0.0
2015-05-22 00:00:00+09:00,1617.5196043580443,1635.3927491575805,1608.583031958276,1626.4561767578125,1000,0.0,0.0
2015-05-25 00:00:00+09:00,1599.6465310685621,1635.392822265625,1528.1539486744366,1635.392822265625,2700,0.0,0.0
2015-05-26 00:00:00+09:00,1644.329296875,1653.265869140625,1608.5830078125,1608.5830078125,1700,0.0,0.0
2015-05-27 00:00:00+09:00,1608.5829605594759,1733.6949686029905,1608.5829605594759,1662.202392578125,5800,0.0,0.0
2015-05-28 00:00:00+09:00,1644.3292485719085,1671.138964581233,1626.4561045656922,1662.202392578125,1000,0.0,0.0
2015-05-29 00:00:00+09:00,1662.202392578125,1671.138964581233,1662.202392578125,1662.202392578125,300,0.0,0.0
2015-06-01 00:00:00+09:00,1644.3295333059211,1697.948974609375,1644.3295333059211,1697.948974609375,1000,0.0,0.0
2015-06-02 00:00:00+09:00,1653.2660853609127,1680.0758056640625,1653.2660853609127,1680.0758056640625,1000,0.0,0.0
2015-06-03 00:00:00+09:00,1680.0757559317128,1689.0123291015625,1671.1391827618634,1689.0123291015625,300,0.0,0.0
2015-06-04 00:00:00+09:00,1680.0758422231916,1787.3147257693527,1680.0758422231916,1760.5050048828125,3100,0.0,0.0
2015-06-05 00:00:00+09:00,1760.5050048828125,1760.5050048828125,1715.8221367385786,1760.5050048828125,1800,0.0,0.0
2015-06-08 00:00:00+09:00,1760.5048596504407,1778.378005433694,1742.6317138671875,1742.6317138671875,1000,0.0,0.0
2015-06-09 00:00:00+09:00,1742.6318423622533,1742.6318423622533,1697.948974609375,1697.948974609375,500,0.0,0.0
2015-06-10 00:00:00+09:00,1715.822206439394,1948.1731302280618,1706.885632447522,1769.441650390625,22100,0.0,0.0
2015-06-11 00:00:00+09:00,1724.7585680839343,1751.568286758814,1724.7585680839343,1742.6317138671875,2500,0.0,0.0
2015-06-12 00:00:00+09:00,1724.7586172831427,1742.6317635762323,1724.7586172831427,1733.6951904296875,2800,0.0,0.0
2015-06-15 00:00:00+09:00,1715.8222150259069,1724.7587890625,1697.9490669527202,1724.7587890625,300,0.0,0.0
2015-06-16 00:00:00+09:00,1742.6318997055737,1796.2513427734375,1733.6953258609299,1796.2513427734375,1200,0.0,0.0
2015-06-17 00:00:00+09:00,1823.0609130859375,2180.523837220435,1742.6317551556756,1823.0609130859375,51500,0.0,0.0
2015-06-18 00:00:00+09:00,1805.1878730270462,1805.1878730270462,1733.695283996272,1760.5050048828125,4800,0.0,0.0
2015-06-19 00:00:00+09:00,1778.378152140506,1778.378152140506,1706.8855631097317,1760.5050048828125,1800,0.0,0.0
2015-06-22 00:00:00+09:00,1733.6951379394532,1787.3145751953125,1724.7585650634767,1787.3145751953125,1800,0.0,0.0
2015-06-23 00:00:00+09:00,1787.3147257693527,1787.3147257693527,1760.5050048828125,1760.5050048828125,400,0.0,0.0
2015-06-24 00:00:00+09:00,1769.4413548519735,2028.601957330293,1760.5047823527211,1867.74365234375,25900,0.0,0.0
2015-06-25 00:00:00+09:00,1912.4265629584802,2010.7288629236357,1840.9339811656398,1903.489990234375,8700,0.0,0.0
2015-06-26 00:00:00+09:00,1903.4901231286563,1921.3632698247,1814.1243896484375,1814.1243896484375,5200,0.0,0.0
2015-06-29 00:00:00+09:00,1805.1878730270462,1814.124446655893,1724.7587103674252,1760.5050048828125,2300,0.0,0.0
2015-06-30 00:00:00+09:00,1724.7587890625,1751.5685111722798,1724.7587890625,1724.7587890625,1200,0.0,0.0
2015-07-01 00:00:00+09:00,1715.8221435546875,1715.8221435546875,1697.9489962259927,1715.8221435546875,600,0.0,0.0
2015-07-02 00:00:00+09:00,1742.6317138671875,1742.6317138671875,1742.6317138671875,1742.6317138671875,400,0.0,0.0
2015-07-03 00:00:00+09:00,1876.6803748862258,2100.0947052298243,1823.0609356037621,1840.93408203125,58400,0.0,0.0
2015-07-06 00:00:00+09:00,1831.9975363444814,1966.0461365648093,1751.5683762122846,1814.1243896484375,11500,0.0,0.0
2015-07-07 00:00:00+09:00,1858.8073011020533,1885.617021791025,1805.1878597241093,1849.8707275390625,3800,0.0,0.0
2015-07-08 00:00:00+09:00,1840.9342423255998,1840.9342423255998,1715.822206439394,1769.441650390625,3800,0.0,0.0
2015-07-09 00:00:00+09:00,1644.3296227331607,1724.7587890625,1644.3296227331607,1724.7587890625,4500,0.0,0.0
2015-07-10 00:00:00+09:00,1769.4414876302083,1778.3780608000577,1680.0757559317128,1689.0123291015625,3000,0.0,0.0
2015-07-13 00:00:00+09:00,1689.0124010587995,1715.8221217105263,1671.1392539576482,1697.948974609375,1400,0.0,0.0
2015-07-14 00:00:00+09:00,1706.8856409893135,1760.5050852088732,1697.9490669527202,1724.7587890625,1900,0.0,0.0
2015-07-15 00:00:00+09:00,1751.5685111722798,1751.5685111722798,1724.7587890625,1724.7587890625,1800,0.0,0.0
2015-07-16 00:00:00+09:00,1733.6951861357568,1823.060917379868,1724.7586130113457,1778.3780517578125,2500,0.0,0.0
2015-07-17 00:00:00+09:00,1796.2511450790776,1858.8071551067073,1787.3145722179877,1831.9974365234375,4800,0.0,0.0
2015-07-21 00:00:00+09:00,1840.9342119966575,1849.8707858413013,1787.3147689287937,1796.2513427734375,2800,0.0,0.0
2015-07-22 00:00:00+09:00,1867.7438016724818,1894.5535213137136,1796.2512159625305,1840.93408203125,5500,0.0,0.0
2015-07-23 00:00:00+09:00,1840.9340592926624,1840.9340592926624,1796.2511937758502,1823.0609130859375,2000,0.0,0.0
2015-07-24 00:00:00+09:00,1805.1877668792126,1823.0609130859375,1787.3146206724878,1823.0609130859375,400,0.0,0.0
2015-07-27 00:00:00+09:00,1769.4414786334014,1796.2511980066347,1769.4414786334014,1778.3780517578125,400,0.0,0.0
2015-07-28 00:00:00+09:00,1760.5048565673828,1787.3145751953125,1733.6951379394532,1787.3145751953125,1100,0.0,0.0
2015-07-29 00:00:00+09:00,1814.1245203499843,1814.1245203499843,1769.441650390625,1769.441650390625,200,0.0,0.0
2015-07-30 00:00:00+09:00,1769.4415785116591,1769.4415785116591,1733.695283996272,1760.5050048828125,600,0.0,0.0
2015-07-31 00:00:00+09:00,1760.5049326371172,1796.2512256855866,1751.568359375,1751.568359375,400,0.0,0.0
2015-08-03 00:00:00+09:00,1742.6317635762323,1778.3780561624114,1733.6951904296875,1733.6951904296875,1600,0.0,0.0
2015-08-04 00:00:00+09:00,1715.8221367385786,1760.5050048828125,1715.8221367385786,1760.5050048828125,700,0.0,0.0
2015-08-05 00:00:00+09:00,1805.1877241085738,1805.1877241085738,1715.8219951923077,1742.6317138671875,1800,0.0,0.0
2015-08-06 00:00:00+09:00,1769.441650390625,1769.441650390625,1769.441650390625,1769.441650390625,100,0.0,0.0
2015-08-07 00:00:00+09:00,1742.6319371356865,1742.6319371356865,1697.9490669527202,1724.7587890625,800,0.0,0.0
2015-08-10 00:00:00+09:00,1724.7586217809605,1724.7586217809605,1680.0757559317128,1689.0123291015625,500,0.0,0.0
2015-08-11 00:00:00+09:00,1680.0758422231916,1760.5050048828125,1680.0758422231916,1760.5050048828125,400,0.0,0.0
2015-08-12 00:00:00+09:00,1760.5050048828125,1760.5050048828125,1760.5050048828125,1760.5050048828125,0,0.0,0.0
2015-08-13 00:00:00+09:00,1760.5048596504407,1787.3145783253206,1715.8219951923077,1742.6317138671875,1000,0.0,0.0
2015-08-14 00:00:00+09:00,1680.0758275082237,1706.8855481599508,1680.0758275082237,1697.948974609375,1200,0.0,0.0
2015-08-17 00:00:00+09:00,1697.948974609375,1697.948974609375,1662.2026804070724,1697.948974609375,900,0.0,0.0
2015-08-18 00:00:00+09:00,1697.9488318604851,1706.8854046597507,1635.392822265625,1635.392822265625,1000,0.0,0.0
2015-08-19 00:00:00+09:00,1635.3928945790167,1680.075760551121,1635.3928945790167,1644.3294677734375,700,0.0,0.0
2015-08-20 00:00:00+09:00,1626.45617610503,1671.1390380859375,1626.45617610503,1671.1390380859375,400,0.0,0.0
2015-08-21 00:00:00+09:00,1599.646728515625,1671.1393197342004,1590.710154613303,1599.646728515625,500,0.0,0.0
2015-08-24 00:00:00+09:00,1465.5981035565997,1554.9638415783436,1277.9300537109375,1277.9300537109375,3400,0.0,0.0
2015-08-25 00:00:00+09:00,1233.2471364339192,1286.8665771484375,1170.6911222669814,1286.8665771484375,3200,0.0,0.0
2015-08-26 00:00:00+09:00,1242.1836580403647,1340.4859619140625,1206.4373657226563,1340.4859619140625,1500,0.0,0.0
2015-08-27 00:00:00+09:00,1304.73955078125,1385.168701171875,1304.73955078125,1385.168701171875,600,0.0,0.0
2015-08-28 00:00:00+09:00,1376.2324606502757,1590.7102467256434,1376.2324606502757,1519.2176513671875,2000,0.0,0.0
2015-08-31 00:00:00+09:00,1456.661471079631,1501.3443382906626,1456.661471079631,1483.47119140625,1300,0.0,0.0
2015-09-01 00:00:00+09:00,1447.7248976374246,1483.47119140625,1438.7883241952184,1483.47119140625,500,0.0,0.0
2015-09-02 00:00:00+09:00,1394.1056196732955,1474.5347900390625,1385.1690451882102,1474.5347900390625,300,0.0,0.0
2015-09-03 00:00:00+09:00,1501.3443603515625,1501.3443603515625,1501.3443603515625,1501.3443603515625,100,0.0,0.0
2015-09-04 00:00:00+09:00,1429.8515873805732,1429.8515873805732,1394.1052976960589,1403.0418701171875,500,0.0,0.0
2015-09-07 00:00:00+09:00,1447.7247314453125,1447.7247314453125,1447.7247314453125,1447.7247314453125,100,0.0,0.0
2015-09-08 00:00:00+09:00,1403.0420422676282,1438.7883363381409,1394.10546875,1394.10546875,400,0.0,0.0
2015-09-09 00:00:00+09:00,1483.4711639584875,1510.2808837890625,1465.5980174047709,1510.2808837890625,500,0.0,0.0
2015-09-10 00:00:00+09:00,1510.2808837890625,1510.2808837890625,1510.2808837890625,1510.2808837890625,0,0.0,0.0
2015-09-11 00:00:00+09:00,1554.9638671875,1554.9638671875,1554.9638671875,1554.9638671875,100,0.0,0.0
2015-09-14 00:00:00+09:00,1519.2176513671875,1519.2176513671875,1519.2176513671875,1519.2176513671875,100,0.0,0.0
2015-09-15 00:00:00+09:00,1519.2173073508523,1697.948755274482,1519.2173073508523,1671.1390380859375,1400,0.0,0.0
2015-09-16 00:00:00+09:00,1706.885498046875,1706.885498046875,1706.885498046875,1706.885498046875,100,0.0,0.0
2015-09-17 00:00:00+09:00,1706.885498046875,1706.885498046875,1706.885498046875,1706.885498046875,0,0.0,0.0
2015-09-18 00:00:00+09:00,1680.0758056640625,1680.0758056640625,1680.0758056640625,1680.0758056640625,200,0.0,0.0
2015-09-24 00:00:00+09:00,1563.9004411368535,1608.5833108836207,1554.9638671875,1554.9638671875,1200,0.0,0.0
2015-09-25 00:00:00+09:00,1599.646728515625,1599.646728515625,1599.646728515625,1599.646728515625,100,0.0,0.0
2015-09-28 00:00:00+09:00,1510.2809974407328,1554.9638671875,1510.2809974407328,1554.9638671875,200,0.0,0.0
2015-09-29 00:00:00+09:00,1554.9638671875,1554.9638671875,1554.9638671875,1554.9638671875,200,0.0,0.0
2015-09-30 00:00:00+09:00,1599.646728515625,1599.646728515625,1599.646728515625,1599.646728515625,100,0.0,0.0
2015-10-01 00:00:00+09:00,1537.090576171875,1563.90029552371,1519.2174299373182,1537.090576171875,1100,0.0,0.0
2015-10-02 00:00:00+09:00,1581.7734375,1581.7734375,1537.0905720338983,1581.7734375,500,0.0,0.0
2015-10-05 00:00:00+09:00,1671.1390380859375,1671.1390380859375,1671.1390380859375,1671.1390380859375,100,0.0,0.0
2015-10-06 00:00:00+09:00,1662.20244140625,1733.69501953125,1608.5830078125,1608.5830078125,1000,0.0,0.0
2015-10-07 00:00:00+09:00,1608.5832364297326,1608.5832364297326,1546.0272216796875,1546.0272216796875,900,0.0,0.0
2015-10-08 00:00:00+09:00,1563.900390625,1590.7101116071428,1554.9638169642856,1563.900390625,1100,0.0,0.0
2015-10-09 00:00:00+09:00,1563.9003234502127,1563.9003234502127,1510.2808837890625,1510.2808837890625,1500,0.0,0.0
2015-10-13 00:00:00+09:00,1528.1540303427794,1528.1540303427794,1510.2808837890625,1510.2808837890625,1200,0.0,0.0
2015-10-14 00:00:00+09:00,1519.2174342720807,1519.2174342720807,1492.40771484375,1492.40771484375,200,0.0,0.0
2015-10-15 00:00:00+09:00,1519.2176513671875,1519.2176513671875,1519.2176513671875,1519.2176513671875,100,0.0,0.0
2015-10-16 00:00:00+09:00,1519.2176513671875,1519.2176513671875,1519.2176513671875,1519.2176513671875,200,0.0,0.0
2015-10-19 00:00:00+09:00,1492.40771484375,1492.40771484375,1492.40771484375,1492.40771484375,1000,0.0,0.0
2015-10-20 00:00:00+09:00,1528.154052734375,1528.154052734375,1528.154052734375,1528.154052734375,100,0.0,0.0
2015-10-21 00:00:00+09:00,1528.154052734375,1528.154052734375,1528.154052734375,1528.154052734375,0,0.0,0.0
2015-10-22 00:00:00+09:00,1492.4077591031614,1528.154052734375,1492.4077591031614,1528.154052734375,200,0.0,0.0
2015-10-23 00:00:00+09:00,1528.154052734375,1528.154052734375,1528.154052734375,1528.154052734375,0,0.0,0.0
2015-10-26 00:00:00+09:00,1501.3445025275735,1519.2176513671875,1501.3445025275735,1519.2176513671875,600,0.0,0.0
2015-10-27 00:00:00+09:00,1492.40771484375,1492.40771484375,1492.40771484375,1492.40771484375,1100,0.0,0.0
2015-10-28 00:00:00+09:00,1510.2810769473806,1519.2176513671875,1510.2810769473806,1519.2176513671875,200,0.0,0.0
2015-10-29 00:00:00+09:00,1519.2176513671875,1519.2176513671875,1519.2176513671875,1519.2176513671875,0,0.0,0.0
2015-10-30 00:00:00+09:00,1510.2808837890625,1510.2808837890625,1510.2808837890625,1510.2808837890625,100,0.0,0.0
2015-11-02 00:00:00+09:00,1510.2808837890625,1510.2808837890625,1510.2808837890625,1510.2808837890625,0,0.0,0.0
2015-11-04 00:00:00+09:00,1510.2808837890625,1510.2808837890625,1510.2808837890625,1510.2808837890625,0,0.0,0.0
2015-11-05 00:00:00+09:00,1510.2808837890625,1510.2808837890625,1510.2808837890625,1510.2808837890625,0,0.0,0.0
2015-11-06 00:00:00+09:00,1510.2808837890625,1510.2808837890625,1510.2808837890625,1510.2808837890625,0,0.0,0.0
2015-11-09 00:00:00+09:00,1510.2808837890625,1510.2808837890625,1474.5345906816292,1510.2808837890625,300,0.0,0.0
2015-11-10 00:00:00+09:00,1510.2808837890625,1510.2808837890625,1510.2808837890625,1510.2808837890625,0,0.0,0.0
2015-11-11 00:00:00+09:00,1510.2808837890625,1510.2808837890625,1510.2808837890625,1510.2808837890625,0,0.0,0.0
2015-11-12 00:00:00+09:00,1510.2808837890625,1510.2808837890625,1510.2808837890625,1510.2808837890625,0,0.0,0.0
2015-11-13 00:00:00+09:00,1510.2808837890625,1510.2808837890625,1510.2808837890625,1510.2808837890625,0,0.0,0.0
2015-11-16 00:00:00+09:00,1510.2809974407328,1554.9638671875,1510.2809974407328,1554.9638671875,500,0.0,0.0
2015-11-17 00:00:00+09:00,1546.0272216796875,1546.0272216796875,1546.0272216796875,1546.0272216796875,100,0.0,0.0
2015-11-18 00:00:00+09:00,1546.0272216796875,1546.0272216796875,1546.0272216796875,1546.0272216796875,0,0.0,0.0
2015-11-19 00:00:00+09:00,1546.0272932381465,1554.9638671875,1546.0272932381465,1554.9638671875,200,0.0,0.0
2015-11-20 00:00:00+09:00,1528.154074608246,1546.0272216796875,1528.154074608246,1546.0272216796875,300,0.0,0.0
2015-11-24 00:00:00+09:00,1546.0272216796875,1546.0272216796875,1546.0272216796875,1546.0272216796875,0,0.0,0.0
2015-11-25 00:00:00+09:00,1546.0272216796875,1546.0272216796875,1546.0272216796875,1546.0272216796875,0,0.0,0.0
2015-11-26 00:00:00+09:00,1501.3443603515625,1528.154081072126,1501.3443603515625,1501.3443603515625,800,0.0,0.0
2015-11-27 00:00:00+09:00,1537.0906546456472,1537.0906546456472,1501.3443603515625,1501.3443603515625,600,0.0,0.0
2015-11-30 00:00:00+09:00,1546.0272216796875,1546.0272216796875,1546.0272216796875,1546.0272216796875,100,0.0,0.0
2015-12-01 00:00:00+09:00,1546.0272216796875,1546.0272216796875,1546.0272216796875,1546.0272216796875,100,0.0,0.0
2015-12-02 00:00:00+09:00,1546.0272216796875,1546.0272216796875,1546.0272216796875,1546.0272216796875,100,0.0,0.0
2015-12-03 00:00:00+09:00,1501.344332510965,1528.154052734375,1501.344332510965,1528.154052734375,200,0.0,0.0
2015-12-04 00:00:00+09:00,1528.154052734375,1528.154052734375,1528.154052734375,1528.154052734375,0,0.0,0.0
2015-12-07 00:00:00+09:00,1528.154052734375,1572.8369197733916,1528.154052734375,1528.154052734375,1300,0.0,0.0
2015-12-08 00:00:00+09:00,1546.027094272968,1974.982588637722,1537.0905214737022,1635.392822265625,54700,0.0,0.0
2015-12-09 00:00:00+09:00,1590.7099609375,1653.2659706372892,1546.0270968662219,1590.7099609375,3900,0.0,0.0
2015-12-10 00:00:00+09:00,1581.773487437855,1599.6466341885653,1563.9003406871448,1572.8369140625,2400,0.0,0.0
2015-12-11 00:00:00+09:00,1581.773291015625,1608.5830078125,1581.773291015625,1608.5830078125,500,0.0,0.0
2015-12-14 00:00:00+09:00,1546.0271939364347,1572.8369140625,1537.0906205610795,1572.8369140625,900,0.0,0.0
2015-12-15 00:00:00+09:00,1572.8369197733916,1572.8369197733916,1519.2174793265715,1528.154052734375,700,0.0,0.0
2015-12-16 00:00:00+09:00,1519.2176513671875,1546.0273746266084,1519.2176513671875,1519.2176513671875,1000,0.0,0.0
2015-12-17 00:00:00+09:00,1554.9638671875,1554.9638671875,1554.9638671875,1554.9638671875,100,0.0,0.0
2015-12-18 00:00:00+09:00,1537.0908002068015,1537.0908002068015,1519.2176513671875,1519.2176513671875,900,0.0,0.0
2015-12-21 00:00:00+09:00,1474.5346396309988,1501.3443603515625,1474.5346396309988,1501.3443603515625,300,0.0,0.0
2015-12-22 00:00:00+09:00,1501.3443603515625,1501.3443603515625,1492.407786778041,1501.3443603515625,2600,0.0,0.0
2015-12-24 00:00:00+09:00,1483.47099609375,1483.47099609375,1429.8515625,1429.8515625,1000,0.0,0.0
2015-12-25 00:00:00+09:00,1429.8515625,1429.8515625,1429.8515625,1429.8515625,0,0.0,0.0
2015-12-28 00:00:00+09:00,1474.534595768626,1474.534595768626,1438.7883025378717,1465.5980224609375,300,0.0,0.0
2015-12-29 00:00:00+09:00,1474.5346396309988,1501.3443603515625,1474.5346396309988,1501.3443603515625,300,0.0,0.0
2015-12-30 00:00:00+09:00,1501.3443603515625,1501.3443603515625,1501.3443603515625,1501.3443603515625,100,0.0,0.0
2016-01-04 00:00:00+09:00,1501.3443603515625,1501.3443603515625,1501.3443603515625,1501.3443603515625,1000,0.0,0.0
2016-01-05 00:00:00+09:00,1456.661422272642,1492.40771484375,1456.661422272642,1492.40771484375,300,0.0,0.0
2016-01-06 00:00:00+09:00,1492.40771484375,1492.40771484375,1492.40771484375,1492.40771484375,0,0.0,0.0
2016-01-07 00:00:00+09:00,1492.40771484375,1492.40771484375,1492.40771484375,1492.40771484375,0,0.0,0.0
2016-01-08 00:00:00+09:00,1492.40771484375,1492.40771484375,1492.40771484375,1492.40771484375,100,0.0,0.0
2016-01-12 00:00:00+09:00,1492.40771484375,1492.40771484375,1492.40771484375,1492.40771484375,0,0.0,0.0
2016-01-13 00:00:00+09:00,1492.40771484375,1492.40771484375,1492.40771484375,1492.40771484375,0,0.0,0.0
2016-01-14 00:00:00+09:00,1447.7249189104352,1501.3443603515625,1429.8517717633927,1501.3443603515625,500,0.0,0.0
2016-01-15 00:00:00+09:00,1492.407568359375,1492.407568359375,1429.8515625,1429.8515625,400,0.0,0.0
2016-01-18 00:00:00+09:00,1340.4858631692873,1403.0418701171875,1340.4858631692873,1403.0418701171875,200,0.0,0.0
2016-01-19 00:00:00+09:00,1438.7882080078125,1438.7882080078125,1438.7882080078125,1438.7882080078125,100,0.0,0.0
2016-01-20 00:00:00+09:00,1438.7882080078125,1438.7882080078125,1438.7882080078125,1438.7882080078125,0,0.0,0.0
2016-01-21 00:00:00+09:00,1420.9151893028845,1483.471203926282,1394.10546875,1394.10546875,1800,0.0,0.0
2016-01-22 00:00:00+09:00,1429.8515625,1429.8515625,1429.8515625,1429.8515625,100,0.0,0.0
2016-01-25 00:00:00+09:00,1465.5980224609375,1465.5980224609375,1465.5980224609375,1465.5980224609375,100,0.0,0.0
2016-01-26 00:00:00+09:00,1465.5980224609375,1465.5980224609375,1465.5980224609375,1465.5980224609375,0,0.0,0.0
2016-01-27 00:00:00+09:00,1420.9150854941527,1456.661376953125,1420.9150854941527,1456.661376953125,200,0.0,0.0
2016-01-28 00:00:00+09:00,1456.661376953125,1456.661376953125,1456.661376953125,1456.661376953125,0,0.0,0.0
2016-01-29 00:00:00+09:00,1456.6612541102156,1456.6612541102156,1411.9783935546875,1411.9783935546875,300,0.0,0.0
2016-02-01 00:00:00+09:00,1456.661376953125,1456.661376953125,1429.8516583588957,1456.661376953125,300,0.0,0.0
2016-02-02 00:00:00+09:00,1456.661376953125,1456.661376953125,1456.661376953125,1456.661376953125,0,0.0,0.0
2016-02-03 00:00:00+09:00,1456.661376953125,1456.661376953125,1456.661376953125,1456.661376953125,0,0.0,0.0
2016-02-04 00:00:00+09:00,1456.661376953125,1456.661376953125,1456.661376953125,1456.661376953125,0,0.0,0.0
2016-02-05 00:00:00+09:00,1456.661376953125,1456.661376953125,1456.661376953125,1456.661376953125,0,0.0,0.0
2016-02-08 00:00:00+09:00,1456.661376953125,1456.661376953125,1456.661376953125,1456.661376953125,100,0.0,0.0
2016-02-09 00:00:00+09:00,1411.978441779996,1447.7247314453125,1411.978441779996,1447.7247314453125,200,0.0,0.0
2016-02-10 00:00:00+09:00,1403.041869363667,1447.7247314453125,1403.041869363667,1447.7247314453125,500,0.0,0.0
2016-02-12 00:00:00+09:00,1403.041845703125,1403.041845703125,1340.48583984375,1385.168701171875,500,0.0,0.0
2016-02-15 00:00:00+09:00,1411.9786157852564,1411.9786157852564,1349.422601161859,1394.10546875,600,0.0,0.0
2016-02-16 00:00:00+09:00,1394.10546875,1394.10546875,1394.10546875,1394.10546875,0,0.0,0.0
2016-02-17 00:00:00+09:00,1394.10546875,1394.10546875,1394.10546875,1394.10546875,0,0.0,0.0
2016-02-18 00:00:00+09:00,1420.9150390625,1420.9150390625,1420.9150390625,1420.9150390625,100,0.0,0.0
2016-02-19 00:00:00+09:00,1420.9150390625,1420.9150390625,1420.9150390625,1420.9150390625,0,0.0,0.0
2016-02-22 00:00:00+09:00,1420.9150390625,1420.9150390625,1420.9150390625,1420.9150390625,0,0.0,0.0
2016-02-23 00:00:00+09:00,1420.9150390625,1420.9150390625,1420.9150390625,1420.9150390625,0,0.0,0.0
2016-02-24 00:00:00+09:00,1376.23212890625,1394.1052734375,1376.23212890625,1385.168701171875,400,0.0,0.0
2016-02-25 00:00:00+09:00,1429.8515625,1438.788134765625,1394.1052734375,1429.8515625,1500,0.0,0.0
2016-02-26 00:00:00+09:00,1447.7247314453125,1447.7247314453125,1447.7247314453125,1447.7247314453125,100,0.0,0.0
2016-02-29 00:00:00+09:00,1465.5980224609375,1465.5980224609375,1465.5980224609375,1465.5980224609375,200,0.0,0.0
2016-03-01 00:00:00+09:00,1420.9150390625,1447.7247567806605,1420.9150390625,1420.9150390625,500,0.0,0.0
2016-03-02 00:00:00+09:00,1456.6612792968751,1456.6612792968751,1429.8515625,1429.8515625,500,0.0,0.0
2016-03-03 00:00:00+09:00,1447.7247314453125,1447.7247314453125,1447.7247314453125,1447.7247314453125,100,0.0,0.0
2016-03-04 00:00:00+09:00,1447.7247314453125,1447.7247314453125,1447.7247314453125,1447.7247314453125,0,0.0,0.0
2016-03-07 00:00:00+09:00,1429.8517292301829,1465.5980224609375,1429.8517292301829,1465.5980224609375,500,0.0,0.0
2016-03-08 00:00:00+09:00,1465.5980224609375,1465.5980224609375,1465.5980224609375,1465.5980224609375,0,0.0,0.0
2016-03-09 00:00:00+09:00,1465.5980224609375,1465.5980224609375,1465.5980224609375,1465.5980224609375,0,0.0,0.0
2016-03-10 00:00:00+09:00,1429.8515625,1429.8515625,1429.8515625,1429.8515625,400,0.0,0.0
2016-03-11 00:00:00+09:00,1465.5980224609375,1465.5980224609375,1429.8517292301829,1465.5980224609375,300,0.0,0.0
2016-03-14 00:00:00+09:00,1465.5980224609375,1465.5980224609375,1465.5980224609375,1465.5980224609375,400,0.0,0.0
2016-03-15 00:00:00+09:00,1465.5980224609375,1465.5980224609375,1465.5980224609375,1465.5980224609375,200,0.0,0.0
2016-03-16 00:00:00+09:00,1465.5980224609375,1465.5980224609375,1465.5980224609375,1465.5980224609375,0,0.0,0.0
2016-03-17 00:00:00+09:00,1465.5980224609375,1465.5980224609375,1465.5980224609375,1465.5980224609375,0,0.0,0.0
2016-03-18 00:00:00+09:00,1474.5345906816292,1510.2808837890625,1474.5345906816292,1510.2808837890625,2400,0.0,0.0
2016-03-22 00:00:00+09:00,1519.2176513671875,1519.2176513671875,1519.2176513671875,1519.2176513671875,700,0.0,0.0
2016-03-23 00:00:00+09:00,1501.344513494318,1519.2176624644885,1474.5347900390625,1474.5347900390625,300,0.0,0.0
2016-03-24 00:00:00+09:00,1474.5346396309988,1501.3443603515625,1474.5346396309988,1501.3443603515625,1300,0.0,0.0
2016-03-25 00:00:00+09:00,1510.2808056091994,1590.7099609375,1510.2808056091994,1590.7099609375,1000,0.0,0.0
2016-03-28 00:00:00+09:00,1590.710154613303,1599.646728515625,1590.710154613303,1599.646728515625,200,0.0,0.0
2016-03-29 00:00:00+09:00,1617.7218017578125,1617.7218017578125,1617.7218017578125,1617.7218017578125,0,20.0,0.0
2016-03-30 00:00:00+09:00,1617.7218017578125,1617.7218017578125,1617.7218017578125,1617.7218017578125,0,0.0,0.0
2016-03-31 00:00:00+09:00,1590.609130859375,1590.609130859375,1590.609130859375,1590.609130859375,100,0.0,0.0
2016-04-01 00:00:00+09:00,1590.609130859375,1590.609130859375,1590.609130859375,1590.609130859375,0,0.0,0.0
2016-04-04 00:00:00+09:00,1590.609130859375,1590.609130859375,1590.609130859375,1590.609130859375,0,0.0,0.0
2016-04-05 00:00:00+09:00,1590.609130859375,1590.609130859375,1590.609130859375,1590.609130859375,0,0.0,0.0
2016-04-06 00:00:00+09:00,1500.2336268731726,1545.42138671875,1500.2336268731726,1545.42138671875,300,0.0,0.0
2016-04-07 00:00:00+09:00,1590.609130859375,1590.609130859375,1590.609130859375,1590.609130859375,100,0.0,0.0
2016-04-08 00:00:00+09:00,1590.609130859375,1590.609130859375,1590.609130859375,1590.609130859375,100,0.0,0.0
2016-04-11 00:00:00+09:00,1509.2711639404297,1590.609130859375,1509.2711639404297,1590.609130859375,300,0.0,0.0
2016-04-12 00:00:00+09:00,1590.609130859375,1590.609130859375,1590.609130859375,1590.609130859375,0,0.0,0.0
2016-04-13 00:00:00+09:00,1590.609130859375,1590.609130859375,1590.609130859375,1590.609130859375,0,0.0,0.0
2016-04-14 00:00:00+09:00,1590.609130859375,1590.609130859375,1590.609130859375,1590.609130859375,0,0.0,0.0
2016-04-15 00:00:00+09:00,1590.609130859375,1590.609130859375,1590.609130859375,1590.609130859375,200,0.0,0.0
2016-04-18 00:00:00+09:00,1590.609130859375,1590.609130859375,1590.609130859375,1590.609130859375,0,0.0,0.0
2016-04-19 00:00:00+09:00,1590.609130859375,1590.609130859375,1590.609130859375,1590.609130859375,0,0.0,0.0
2016-04-20 00:00:00+09:00,1590.609130859375,1590.609130859375,1590.609130859375,1590.609130859375,0,0.0,0.0
2016-04-21 00:00:00+09:00,1590.609130859375,1590.609130859375,1590.609130859375,1590.609130859375,0,0.0,0.0
2016-04-22 00:00:00+09:00,1590.609130859375,1590.609130859375,1590.609130859375,1590.609130859375,100,0.0,0.0
2016-04-25 00:00:00+09:00,1590.609130859375,1590.609130859375,1590.609130859375,1590.609130859375,0,0.0,0.0
2016-04-26 00:00:00+09:00,1590.609130859375,1590.609130859375,1590.609130859375,1590.609130859375,0,0.0,0.0
2016-04-27 00:00:00+09:00,1590.609130859375,1590.609130859375,1590.609130859375,1590.609130859375,0,0.0,0.0
2016-04-28 00:00:00+09:00,1590.609130859375,1590.609130859375,1590.609130859375,1590.609130859375,100,0.0,0.0
2016-05-02 00:00:00+09:00,1590.609130859375,1590.609130859375,1590.609130859375,1590.609130859375,0,0.0,0.0
2016-05-06 00:00:00+09:00,1590.609130859375,1590.609130859375,1590.609130859375,1590.609130859375,0,0.0,0.0
2016-05-09 00:00:00+09:00,1590.609054996469,1599.6466064453125,1590.609054996469,1599.6466064453125,200,0.0,0.0
2016-05-10 00:00:00+09:00,1599.6466064453125,1599.6466064453125,1599.6466064453125,1599.6466064453125,0,0.0,0.0
2016-05-11 00:00:00+09:00,1599.6466064453125,1599.6466064453125,1599.6466064453125,1599.6466064453125,0,0.0,0.0
2016-05-12 00:00:00+09:00,1599.6466064453125,1599.6466064453125,1599.6466064453125,1599.6466064453125,0,0.0,0.0
2016-05-13 00:00:00+09:00,1599.6466064453125,1599.6466064453125,1599.6466064453125,1599.6466064453125,0,0.0,0.0
2016-05-16 00:00:00+09:00,1599.6466064453125,1599.6466064453125,1599.6466064453125,1599.6466064453125,100,0.0,0.0
2016-05-17 00:00:00+09:00,1599.6466064453125,1599.6466064453125,1599.6466064453125,1599.6466064453125,0,0.0,0.0
2016-05-18 00:00:00+09:00,1599.6466064453125,1599.6466064453125,1599.6466064453125,1599.6466064453125,0,0.0,0.0
2016-05-19 00:00:00+09:00,1599.6466064453125,1599.6466064453125,1599.6466064453125,1599.6466064453125,0,0.0,0.0
2016-05-20 00:00:00+09:00,1599.6466064453125,1599.6466064453125,1599.6466064453125,1599.6466064453125,0,0.0,0.0
2016-05-23 00:00:00+09:00,1599.6466064453125,1599.6466064453125,1599.6466064453125,1599.6466064453125,0,0.0,0.0
2016-05-24 00:00:00+09:00,1599.6466064453125,1599.6466064453125,1599.6466064453125,1599.6466064453125,0,0.0,0.0
2016-05-25 00:00:00+09:00,1599.6466064453125,1599.6466064453125,1599.6466064453125,1599.6466064453125,0,0.0,0.0
2016-05-26 00:00:00+09:00,1599.6466064453125,1599.6466064453125,1599.6466064453125,1599.6466064453125,0,0.0,0.0
2016-05-27 00:00:00+09:00,1599.6466064453125,1599.6466064453125,1599.6466064453125,1599.6466064453125,0,0.0,0.0
2016-05-30 00:00:00+09:00,1599.6466064453125,1599.6466064453125,1599.6466064453125,1599.6466064453125,0,0.0,0.0
2016-05-31 00:00:00+09:00,1536.3837563119282,1581.5715138505145,1446.008241234756,1482.158447265625,3100,0.0,0.0
2016-06-01 00:00:00+09:00,1482.1583538290895,1491.1959047670716,1446.0081500771605,1464.083251953125,1400,0.0,0.0
2016-06-02 00:00:00+09:00,1446.008056640625,1482.1582580566405,1436.970506286621,1446.008056640625,600,0.0,0.0
2016-06-03 00:00:00+09:00,1436.9706098228503,1436.9706098228503,1409.8579568073249,1418.8955078125,900,0.0,0.0
2016-06-06 00:00:00+09:00,1373.7076612903227,1400.8203125,1373.7076612903227,1400.8203125,400,0.0,0.0
2016-06-07 00:00:00+09:00,1382.7454376220703,1391.7829895019531,1373.7078857421875,1373.7078857421875,600,0.0,0.0
2016-06-08 00:00:00+09:00,1382.74528602501,1391.7828369140625,1382.74528602501,1391.7828369140625,500,0.0,0.0
2016-06-09 00:00:00+09:00,1391.7828369140625,1391.7828369140625,1391.7828369140625,1391.7828369140625,0,0.0,0.0
2016-06-10 00:00:00+09:00,1391.7828369140625,1391.7828369140625,1391.7828369140625,1391.7828369140625,0,0.0,0.0
2016-06-13 00:00:00+09:00,1391.7828369140625,1391.7828369140625,1391.7828369140625,1391.7828369140625,0,0.0,0.0
2016-06-14 00:00:00+09:00,1364.6701842469054,1391.7828369140625,1364.6701842469054,1391.7828369140625,300,0.0,0.0
2016-06-15 00:00:00+09:00,1391.7828547969746,1418.8955078125,1391.7828547969746,1418.8955078125,500,0.0,0.0
2016-06-16 00:00:00+09:00,1373.7079668378497,1409.8581764914773,1292.3699951171875,1292.3699951171875,1700,0.0,0.0
2016-06-17 00:00:00+09:00,1319.4823588709678,1400.8203125,1319.4823588709678,1400.8203125,2200,0.0,0.0
2016-06-20 00:00:00+09:00,1400.8203125,1400.8203125,1400.8203125,1400.8203125,0,0.0,0.0
2016-06-21 00:00:00+09:00,1400.8203125,1400.8203125,1400.8203125,1400.8203125,0,0.0,0.0
2016-06-22 00:00:00+09:00,1400.8203125,1400.8203125,1400.8203125,1400.8203125,0,0.0,0.0
2016-06-23 00:00:00+09:00,1400.8203125,1400.8203125,1400.8203125,1400.8203125,0,0.0,0.0
2016-06-24 00:00:00+09:00,1373.707933728448,1409.8581425107757,1265.2573073814654,1310.445068359375,6600,0.0,0.0
2016-06-27 00:00:00+09:00,1364.6702880859375,1364.6702880859375,1283.3323238953851,1364.6702880859375,6300,0.0,0.0
2016-06-28 00:00:00+09:00,1319.4825439453125,1319.4825439453125,1319.4825439453125,1319.4825439453125,100,0.0,0.0
2016-06-29 00:00:00+09:00,1355.6326904296875,1355.6326904296875,1355.6326904296875,1355.6326904296875,100,0.0,0.0
2016-06-30 00:00:00+09:00,1355.6326904296875,1355.6326904296875,1355.6326904296875,1355.6326904296875,0,0.0,0.0
2016-07-01 00:00:00+09:00,1355.6326904296875,1355.6326904296875,1355.6326904296875,1355.6326904296875,0,0.0,0.0
2016-07-04 00:00:00+09:00,1373.7077351359578,1391.7828369140625,1373.7077351359578,1391.7828369140625,1100,0.0,0.0
2016-07-05 00:00:00+09:00,1391.7828369140625,1391.7828369140625,1391.7828369140625,1391.7828369140625,0,0.0,0.0
2016-07-06 00:00:00+09:00,1400.8203878031147,1400.8203878031147,1391.7828369140625,1391.7828369140625,200,0.0,0.0
2016-07-07 00:00:00+09:00,1391.7828369140625,1391.7828369140625,1391.7828369140625,1391.7828369140625,0,0.0,0.0
2016-07-08 00:00:00+09:00,1391.7828369140625,1391.7828369140625,1391.7828369140625,1391.7828369140625,0,0.0,0.0
2016-07-11 00:00:00+09:00,1391.7828369140625,1391.7828369140625,1391.7828369140625,1391.7828369140625,0,0.0,0.0
2016-07-12 00:00:00+09:00,1400.8203125,1400.8203125,1400.8203125,1400.8203125,100,0.0,0.0
2016-07-13 00:00:00+09:00,1400.8203125,1400.8203125,1400.8203125,1400.8203125,0,0.0,0.0
2016-07-14 00:00:00+09:00,1400.8203125,1400.8203125,1400.8203125,1400.8203125,0,0.0,0.0
2016-07-15 00:00:00+09:00,1400.8203125,1400.8203125,1400.8203125,1400.8203125,0,0.0,0.0
2016-07-19 00:00:00+09:00,1400.8203125,1400.8203125,1400.8203125,1400.8203125,0,0.0,0.0
2016-07-20 00:00:00+09:00,1400.8203125,1400.8203125,1400.8203125,1400.8203125,0,0.0,0.0
2016-07-21 00:00:00+09:00,1400.8203125,1400.8203125,1400.8203125,1400.8203125,0,0.0,0.0
2016-07-22 00:00:00+09:00,1364.6702880859375,1364.6702880859375,1364.6702880859375,1364.6702880859375,300,0.0,0.0
2016-07-25 00:00:00+09:00,1364.6702880859375,1364.6702880859375,1364.6702880859375,1364.6702880859375,0,0.0,0.0
2016-07-26 00:00:00+09:00,1364.6702880859375,1364.6702880859375,1364.6702880859375,1364.6702880859375,0,0.0,0.0
2016-07-27 00:00:00+09:00,1364.6702880859375,1364.6702880859375,1364.6702880859375,1364.6702880859375,0,0.0,0.0
2016-07-28 00:00:00+09:00,1364.6702880859375,1364.6702880859375,1364.6702880859375,1364.6702880859375,0,0.0,0.0
2016-07-29 00:00:00+09:00,1364.6702880859375,1364.6702880859375,1364.6702880859375,1364.6702880859375,200,0.0,0.0
2016-08-01 00:00:00+09:00,1364.6702880859375,1364.6702880859375,1364.6702880859375,1364.6702880859375,0,0.0,0.0
2016-08-02 00:00:00+09:00,1364.6702880859375,1364.6702880859375,1364.6702880859375,1364.6702880859375,0,0.0,0.0
2016-08-03 00:00:00+09:00,1364.6702880859375,1364.6702880859375,1364.6702880859375,1364.6702880859375,0,0.0,0.0
2016-08-04 00:00:00+09:00,1364.6702880859375,1364.6702880859375,1364.6702880859375,1364.6702880859375,0,0.0,0.0
2016-08-05 00:00:00+09:00,1364.6702880859375,1364.6702880859375,1364.6702880859375,1364.6702880859375,100,0.0,0.0
2016-08-08 00:00:00+09:00,1400.8203125,1400.8203125,1400.8203125,1400.8203125,100,0.0,0.0
2016-08-09 00:00:00+09:00,1364.6701108870968,1400.8203125,1364.6701108870968,1400.8203125,500,0.0,0.0
2016-08-10 00:00:00+09:00,1400.8203125,1400.8203125,1400.8203125,1400.8203125,0,0.0,0.0
2016-08-12 00:00:00+09:00,1400.8203125,1400.8203125,1400.8203125,1400.8203125,0,0.0,0.0
2016-08-15 00:00:00+09:00,1400.8203318149228,1427.9329833984375,1400.8203318149228,1427.9329833984375,400,0.0,0.0
2016-08-16 00:00:00+09:00,1427.9329833984375,1427.9329833984375,1427.9329833984375,1427.9329833984375,300,0.0,0.0
2016-08-17 00:00:00+09:00,1427.9329833984375,1427.9329833984375,1427.9329833984375,1427.9329833984375,300,0.0,0.0
2016-08-18 00:00:00+09:00,1427.9329833984375,1427.9329833984375,1427.9329833984375,1427.9329833984375,0,0.0,0.0
2016-08-19 00:00:00+09:00,1427.9329833984375,1427.9329833984375,1427.9329833984375,1427.9329833984375,0,0.0,0.0
2016-08-22 00:00:00+09:00,1427.9329833984375,1427.9329833984375,1427.9329833984375,1427.9329833984375,0,0.0,0.0
2016-08-23 00:00:00+09:00,1427.9329833984375,1427.9329833984375,1427.9329833984375,1427.9329833984375,0,0.0,0.0
2016-08-24 00:00:00+09:00,1427.9329833984375,1427.9329833984375,1427.9329833984375,1427.9329833984375,0,0.0,0.0
2016-08-25 00:00:00+09:00,1427.9329833984375,1427.9329833984375,1427.9329833984375,1427.9329833984375,0,0.0,0.0
2016-08-26 00:00:00+09:00,1427.9329833984375,1427.9329833984375,1427.9329833984375,1427.9329833984375,0,0.0,0.0
2016-08-29 00:00:00+09:00,1427.9329833984375,1427.9329833984375,1427.9329833984375,1427.9329833984375,0,0.0,0.0
2016-08-30 00:00:00+09:00,1427.9329833984375,1427.9329833984375,1427.9329833984375,1427.9329833984375,0,0.0,0.0
2016-08-31 00:00:00+09:00,1427.9329833984375,1427.9329833984375,1427.9329833984375,1427.9329833984375,200,0.0,0.0
2016-09-01 00:00:00+09:00,1373.7078857421875,1373.7078857421875,1373.7078857421875,1373.7078857421875,600,0.0,0.0
2016-09-02 00:00:00+09:00,1373.7078857421875,1373.7078857421875,1373.7078857421875,1373.7078857421875,300,0.0,0.0
2016-09-05 00:00:00+09:00,1373.7078857421875,1373.7078857421875,1373.7078857421875,1373.7078857421875,0,0.0,0.0
2016-09-06 00:00:00+09:00,1373.7078857421875,1373.7078857421875,1373.7078857421875,1373.7078857421875,0,0.0,0.0
2016-09-07 00:00:00+09:00,1373.7078857421875,1373.7078857421875,1373.7078857421875,1373.7078857421875,0,0.0,0.0
2016-09-08 00:00:00+09:00,1409.8580322265625,1409.8580322265625,1409.8580322265625,1409.8580322265625,100,0.0,0.0
2016-09-09 00:00:00+09:00,1409.8580322265625,1409.8580322265625,1409.8580322265625,1409.8580322265625,0,0.0,0.0
2016-09-12 00:00:00+09:00,1409.8580322265625,1409.8580322265625,1409.8580322265625,1409.8580322265625,0,0.0,0.0
2016-09-13 00:00:00+09:00,1409.8580322265625,1409.8580322265625,1409.8580322265625,1409.8580322265625,0,0.0,0.0
2016-09-14 00:00:00+09:00,1409.8580322265625,1409.8580322265625,1409.8580322265625,1409.8580322265625,0,0.0,0.0
2016-09-15 00:00:00+09:00,1409.8580322265625,1409.8580322265625,1409.8580322265625,1409.8580322265625,200,0.0,0.0
2016-09-16 00:00:00+09:00,1409.8580322265625,1409.8580322265625,1409.8580322265625,1409.8580322265625,0,0.0,0.0
2016-09-20 00:00:00+09:00,1409.8580322265625,1409.8580322265625,1409.8580322265625,1409.8580322265625,0,0.0,0.0
2016-09-21 00:00:00+09:00,1409.8580322265625,1409.8580322265625,1409.8580322265625,1409.8580322265625,0,0.0,0.0
2016-09-23 00:00:00+09:00,1409.8580322265625,1409.8580322265625,1409.8580322265625,1409.8580322265625,0,0.0,0.0
2016-09-26 00:00:00+09:00,1409.8580322265625,1409.8580322265625,1409.8580322265625,1409.8580322265625,0,0.0,0.0
2016-09-27 00:00:00+09:00,1427.9329833984375,1427.9329833984375,1427.9329833984375,1427.9329833984375,100,0.0,0.0
2016-09-28 00:00:00+09:00,1427.9329833984375,1427.9329833984375,1427.9329833984375,1427.9329833984375,0,0.0,0.0
2016-09-29 00:00:00+09:00,1427.9329833984375,1427.9329833984375,1427.9329833984375,1427.9329833984375,0,0.0,0.0
2016-09-30 00:00:00+09:00,1427.9329833984375,1427.9329833984375,1427.9329833984375,1427.9329833984375,100,0.0,0.0
2016-10-03 00:00:00+09:00,1382.7452392578125,1382.7452392578125,1382.7452392578125,1382.7452392578125,100,0.0,0.0
2016-10-04 00:00:00+09:00,1382.7452392578125,1382.7452392578125,1382.7452392578125,1382.7452392578125,0,0.0,0.0
2016-10-05 00:00:00+09:00,1382.7452392578125,1382.7452392578125,1382.7452392578125,1382.7452392578125,0,0.0,0.0
2016-10-06 00:00:00+09:00,1382.7452392578125,1382.7452392578125,1382.7452392578125,1382.7452392578125,0,0.0,0.0
2016-10-07 00:00:00+09:00,1382.7452392578125,1382.7452392578125,1382.7452392578125,1382.7452392578125,0,0.0,0.0
2016-10-11 00:00:00+09:00,1418.8956451416016,1418.8956451416016,1373.7078857421875,1373.7078857421875,300,0.0,0.0
2016-10-12 00:00:00+09:00,1373.7078857421875,1373.7078857421875,1373.7078857421875,1373.7078857421875,0,0.0,0.0
2016-10-13 00:00:00+09:00,1373.7078857421875,1373.7078857421875,1373.7078857421875,1373.7078857421875,0,0.0,0.0
2016-10-14 00:00:00+09:00,1391.7829895019531,1391.7829895019531,1373.7078857421875,1373.7078857421875,200,0.0,0.0
2016-10-17 00:00:00+09:00,1373.7078857421875,1373.7078857421875,1373.7078857421875,1373.7078857421875,0,0.0,0.0
2016-10-18 00:00:00+09:00,1373.7076612903227,1400.8203125,1373.7076612903227,1400.8203125,300,0.0,0.0
2016-10-19 00:00:00+09:00,1400.8203125,1400.8203125,1400.8203125,1400.8203125,0,0.0,0.0
2016-10-20 00:00:00+09:00,1400.8203125,1400.8203125,1400.8203125,1400.8203125,0,0.0,0.0
2016-10-21 00:00:00+09:00,1400.8203125,1400.8203125,1400.8203125,1400.8203125,0,0.0,0.0
2016-10-24 00:00:00+09:00,1400.8203125,1400.8203125,1400.8203125,1400.8203125,0,0.0,0.0
2016-10-25 00:00:00+09:00,1400.8203125,1400.8203125,1400.8203125,1400.8203125,0,0.0,0.0
2016-10-26 00:00:00+09:00,1400.8203125,1400.8203125,1400.8203125,1400.8203125,100,0.0,0.0
2016-10-27 00:00:00+09:00,1400.8203125,1400.8203125,1400.8203125,1400.8203125,0,0.0,0.0
2016-10-28 00:00:00+09:00,1400.8203125,1400.8203125,1400.8203125,1400.8203125,0,0.0,0.0
2016-10-31 00:00:00+09:00,1400.8203125,1400.8203125,1400.8203125,1400.8203125,100,0.0,0.0
2016-11-01 00:00:00+09:00,1391.7829292492988,1409.8580322265625,1391.7829292492988,1409.8580322265625,200,0.0,0.0
2016-11-02 00:00:00+09:00,1409.8580322265625,1409.8580322265625,1409.8580322265625,1409.8580322265625,0,0.0,0.0
2016-11-04 00:00:00+09:00,1409.8580322265625,1409.8580322265625,1409.8580322265625,1409.8580322265625,0,0.0,0.0
2016-11-07 00:00:00+09:00,1364.6701380910436,1382.7452392578125,1364.6701380910436,1382.7452392578125,500,0.0,0.0
2016-11-08 00:00:00+09:00,1382.7452392578125,1382.7452392578125,1382.7452392578125,1382.7452392578125,0,0.0,0.0
2016-11-09 00:00:00+09:00,1382.7452392578125,1382.7452392578125,1382.7452392578125,1382.7452392578125,0,0.0,0.0
2016-11-10 00:00:00+09:00,1382.7452392578125,1382.7452392578125,1382.7452392578125,1382.7452392578125,0,0.0,0.0
2016-11-11 00:00:00+09:00,1382.7452392578125,1382.7452392578125,1382.7452392578125,1382.7452392578125,0,0.0,0.0
2016-11-14 00:00:00+09:00,1382.7452116935485,1400.8203125,1382.7452116935485,1400.8203125,200,0.0,0.0
2016-11-15 00:00:00+09:00,1418.8955078125,1418.8955078125,1418.8955078125,1418.8955078125,100,0.0,0.0
2016-11-16 00:00:00+09:00,1418.8955078125,1418.8955078125,1418.8955078125,1418.8955078125,200,0.0,0.0
2016-11-17 00:00:00+09:00,1418.8955078125,1418.8955078125,1418.8955078125,1418.8955078125,0,0.0,0.0
2016-11-18 00:00:00+09:00,1418.8955078125,1418.8955078125,1418.8955078125,1418.8955078125,0,0.0,0.0
2016-11-21 00:00:00+09:00,1418.8955078125,1418.8955078125,1418.8955078125,1418.8955078125,0,0.0,0.0
2016-11-22 00:00:00+09:00,1418.8955078125,1418.8955078125,1418.8955078125,1418.8955078125,200,0.0,0.0
2016-11-24 00:00:00+09:00,1427.9330588176751,1427.9330588176751,1418.8955078125,1418.8955078125,600,0.0,0.0
2016-11-25 00:00:00+09:00,1418.8955078125,1418.8955078125,1418.8955078125,1418.8955078125,100,0.0,0.0
2016-11-28 00:00:00+09:00,1418.8955078125,1418.8955078125,1418.8955078125,1418.8955078125,300,0.0,0.0
2016-11-29 00:00:00+09:00,1418.8955078125,1418.8955078125,1418.8955078125,1418.8955078125,200,0.0,0.0
2016-11-30 00:00:00+09:00,1418.8955078125,1418.8955078125,1418.8955078125,1418.8955078125,0,0.0,0.0
2016-12-01 00:00:00+09:00,1418.8955078125,1418.8955078125,1418.8955078125,1418.8955078125,1500,0.0,0.0
2016-12-02 00:00:00+09:00,1418.8955078125,1464.0832628383757,1418.8955078125,1418.8955078125,1700,0.0,0.0
2016-12-05 00:00:00+09:00,1427.9329559326172,1446.008056640625,1427.9329559326172,1446.008056640625,1000,0.0,0.0
2016-12-06 00:00:00+09:00,1464.0833601351983,1581.571531010245,1464.0833601351983,1509.2711181640625,3700,0.0,0.0
2016-12-07 00:00:00+09:00,1509.2712720466382,1509.2712720466382,1491.1961669921875,1491.1961669921875,400,0.0,0.0
2016-12-08 00:00:00+09:00,1536.3839111328125,1536.3839111328125,1536.3839111328125,1536.3839111328125,100,0.0,0.0
2016-12-09 00:00:00+09:00,1536.3839111328125,1536.3839111328125,1536.3839111328125,1536.3839111328125,0,0.0,0.0
2016-12-12 00:00:00+09:00,1536.3839111328125,1536.3839111328125,1536.3839111328125,1536.3839111328125,0,0.0,0.0
2016-12-13 00:00:00+09:00,1536.3839111328125,1536.3839111328125,1536.3839111328125,1536.3839111328125,0,0.0,0.0
2016-12-14 00:00:00+09:00,1536.3839111328125,1536.3839111328125,1536.3839111328125,1536.3839111328125,0,0.0,0.0
2016-12-15 00:00:00+09:00,1536.3839111328125,1536.3839111328125,1536.3839111328125,1536.3839111328125,100,0.0,0.0
2016-12-16 00:00:00+09:00,1536.3839111328125,1536.3839111328125,1536.3839111328125,1536.3839111328125,0,0.0,0.0
2016-12-19 00:00:00+09:00,1536.3839111328125,1536.3839111328125,1536.3839111328125,1536.3839111328125,0,0.0,0.0
2016-12-20 00:00:00+09:00,1536.3839111328125,1536.3839111328125,1536.3839111328125,1536.3839111328125,0,0.0,0.0
2016-12-21 00:00:00+09:00,1536.3839111328125,1536.3839111328125,1536.3839111328125,1536.3839111328125,0,0.0,0.0
2016-12-22 00:00:00+09:00,1536.3839111328125,1536.3839111328125,1536.3839111328125,1536.3839111328125,0,0.0,0.0
2016-12-26 00:00:00+09:00,1536.3839111328125,1536.3839111328125,1536.3839111328125,1536.3839111328125,0,0.0,0.0
2016-12-27 00:00:00+09:00,1536.3839111328125,1536.3839111328125,1536.3839111328125,1536.3839111328125,0,0.0,0.0
2016-12-28 00:00:00+09:00,1491.1961669921875,1491.1961669921875,1491.1961669921875,1491.1961669921875,100,0.0,0.0
2016-12-29 00:00:00+09:00,1491.1961669921875,1491.1961669921875,1491.1961669921875,1491.1961669921875,0,0.0,0.0
2016-12-30 00:00:00+09:00,1491.1959047670716,1491.1959047670716,1464.083251953125,1464.083251953125,800,0.0,0.0
2017-01-04 00:00:00+09:00,1464.083251953125,1464.083251953125,1464.083251953125,1464.083251953125,0,0.0,0.0
2017-01-05 00:00:00+09:00,1482.158447265625,1482.158447265625,1482.158447265625,1482.158447265625,100,0.0,0.0
2017-01-06 00:00:00+09:00,1455.0456069946288,1455.0456069946288,1446.008056640625,1446.008056640625,800,0.0,0.0
2017-01-10 00:00:00+09:00,1446.008056640625,1446.008056640625,1446.008056640625,1446.008056640625,2400,0.0,0.0
2017-01-11 00:00:00+09:00,1446.008056640625,1446.008056640625,1446.008056640625,1446.008056640625,0,0.0,0.0
2017-01-12 00:00:00+09:00,1446.0081036490683,1455.045654296875,1446.0081036490683,1455.045654296875,200,0.0,0.0
2017-01-13 00:00:00+09:00,1455.045654296875,1455.045654296875,1455.045654296875,1455.045654296875,100,0.0,0.0
2017-01-16 00:00:00+09:00,1455.045654296875,1455.045654296875,1455.045654296875,1455.045654296875,500,0.0,0.0
2017-01-17 00:00:00+09:00,1446.008056640625,1446.008056640625,1446.008056640625,1446.008056640625,100,0.0,0.0
2017-01-18 00:00:00+09:00,1446.008056640625,1446.008056640625,1446.008056640625,1446.008056640625,100,0.0,0.0
2017-01-19 00:00:00+09:00,1446.008056640625,1446.008056640625,1446.008056640625,1446.008056640625,0,0.0,0.0
2017-01-20 00:00:00+09:00,1446.008056640625,1446.008056640625,1446.008056640625,1446.008056640625,0,0.0,0.0
2017-01-23 00:00:00+09:00,1446.008056640625,1446.008056640625,1446.008056640625,1446.008056640625,0,0.0,0.0
2017-01-24 00:00:00+09:00,1446.008056640625,1446.008056640625,1446.008056640625,1446.008056640625,0,0.0,0.0
2017-01-25 00:00:00+09:00,1464.083251953125,1464.083251953125,1464.083251953125,1464.083251953125,100,0.0,0.0
2017-01-26 00:00:00+09:00,1482.158614464962,1491.1961669921875,1482.158614464962,1491.1961669921875,200,0.0,0.0
2017-01-27 00:00:00+09:00,1491.1961669921875,1491.1961669921875,1491.1961669921875,1491.1961669921875,0,0.0,0.0
2017-01-30 00:00:00+09:00,1455.045654296875,1455.045654296875,1455.045654296875,1455.045654296875,100,0.0,0.0
2017-01-31 00:00:00+09:00,1446.008056640625,1446.008056640625,1446.008056640625,1446.008056640625,100,0.0,0.0
2017-02-01 00:00:00+09:00,1446.008056640625,1446.008056640625,1446.008056640625,1446.008056640625,0,0.0,0.0
2017-02-02 00:00:00+09:00,1446.008056640625,1446.008056640625,1446.008056640625,1446.008056640625,0,0.0,0.0
2017-02-03 00:00:00+09:00,1446.008056640625,1446.008056640625,1446.008056640625,1446.008056640625,0,0.0,0.0
2017-02-06 00:00:00+09:00,1446.008056640625,1446.008056640625,1446.008056640625,1446.008056640625,0,0.0,0.0
2017-02-07 00:00:00+09:00,1446.008056640625,1446.008056640625,1446.008056640625,1446.008056640625,100,0.0,0.0
2017-02-08 00:00:00+09:00,1446.008056640625,1446.008056640625,1446.008056640625,1446.008056640625,0,0.0,0.0
2017-02-09 00:00:00+09:00,1491.1961669921875,1491.1961669921875,1491.1961669921875,1491.1961669921875,100,0.0,0.0
2017-02-10 00:00:00+09:00,1491.1961669921875,1491.1961669921875,1491.1961669921875,1491.1961669921875,0,0.0,0.0
2017-02-13 00:00:00+09:00,1491.1961669921875,1491.1961669921875,1491.1961669921875,1491.1961669921875,0,0.0,0.0
2017-02-14 00:00:00+09:00,1491.1961669921875,1491.1961669921875,1491.1961669921875,1491.1961669921875,0,0.0,0.0
2017-02-15 00:00:00+09:00,1491.1958568881016,1491.1958568881016,1455.045654296875,1455.045654296875,400,0.0,0.0
2017-02-16 00:00:00+09:00,1446.008056640625,1446.008056640625,1446.008056640625,1446.008056640625,200,0.0,0.0
2017-02-17 00:00:00+09:00,1418.8955078125,1418.8955078125,1418.8955078125,1418.8955078125,1100,0.0,0.0
2017-02-20 00:00:00+09:00,1446.0081036490683,1455.045654296875,1446.0081036490683,1455.045654296875,400,0.0,0.0
2017-02-21 00:00:00+09:00,1446.0081500771605,1464.083251953125,1446.0081500771605,1464.083251953125,500,0.0,0.0
2017-02-22 00:00:00+09:00,1464.083251953125,1464.083251953125,1464.083251953125,1464.083251953125,0,0.0,0.0
2017-02-23 00:00:00+09:00,1446.0081500771605,1464.083251953125,1446.0081500771605,1464.083251953125,300,0.0,0.0
2017-02-24 00:00:00+09:00,1446.008056640625,1446.008056640625,1446.008056640625,1446.008056640625,1100,0.0,0.0
2017-02-27 00:00:00+09:00,1446.008056640625,1446.008056640625,1446.008056640625,1446.008056640625,100,0.0,0.0
2017-02-28 00:00:00+09:00,1455.045654296875,1455.045654296875,1455.045654296875,1455.045654296875,200,0.0,0.0
2017-03-01 00:00:00+09:00,1464.0832049446817,1464.0832049446817,1455.045654296875,1455.045654296875,300,0.0,0.0
2017-03-02 00:00:00+09:00,1436.9705339262757,1446.008084454114,1427.9329833984375,1427.9329833984375,1100,0.0,0.0
2017-03-03 00:00:00+09:00,1427.9329833984375,1427.9329833984375,1427.9329833984375,1427.9329833984375,0,0.0,0.0
2017-03-06 00:00:00+09:00,1427.9329833984375,1427.9329833984375,1427.9329833984375,1427.9329833984375,0,0.0,0.0
2017-03-07 00:00:00+09:00,1427.9329559326172,1446.008056640625,1418.8954055786132,1446.008056640625,900,0.0,0.0
2017-03-08 00:00:00+09:00,1446.008056640625,1446.008056640625,1446.008056640625,1446.008056640625,100,0.0,0.0
2017-03-09 00:00:00+09:00,1446.008056640625,1446.008056640625,1446.008056640625,1446.008056640625,0,0.0,0.0
2017-03-10 00:00:00+09:00,1446.008056640625,1446.008056640625,1446.008056640625,1446.008056640625,0,0.0,0.0
2017-03-13 00:00:00+09:00,1473.120849609375,1473.120849609375,1473.120849609375,1473.120849609375,100,0.0,0.0
2017-03-14 00:00:00+09:00,1509.2711181640625,1509.2711181640625,1509.2711181640625,1509.2711181640625,100,0.0,0.0
2017-03-15 00:00:00+09:00,1509.270987648634,1509.270987648634,1436.9705810546875,1436.9705810546875,900,0.0,0.0
2017-03-16 00:00:00+09:00,1473.120849609375,1473.120849609375,1473.120849609375,1473.120849609375,100,0.0,0.0
2017-03-17 00:00:00+09:00,1446.008056640625,1446.008056640625,1446.008056640625,1446.008056640625,400,0.0,0.0
2017-03-21 00:00:00+09:00,1446.008084454114,1446.008084454114,1400.8203318149228,1427.9329833984375,300,0.0,0.0
2017-03-22 00:00:00+09:00,1436.9705339262757,1436.9705339262757,1427.9329833984375,1427.9329833984375,600,0.0,0.0
2017-03-23 00:00:00+09:00,1427.9329833984375,1427.9329833984375,1427.9329833984375,1427.9329833984375,0,0.0,0.0
2017-03-24 00:00:00+09:00,1427.9329833984375,1427.9329833984375,1427.9329833984375,1427.9329833984375,0,0.0,0.0
2017-03-27 00:00:00+09:00,1427.9329833984375,1427.9329833984375,1427.9329833984375,1427.9329833984375,0,0.0,0.0
2017-03-28 00:00:00+09:00,1455.0457010151426,1464.083251953125,1436.9705991391781,1464.083251953125,300,0.0,0.0
2017-03-29 00:00:00+09:00,1464.083251953125,1464.083251953125,1464.083251953125,1464.083251953125,100,30.0,0.0
2017-03-30 00:00:00+09:00,1464.083251953125,1464.083251953125,1464.083251953125,1464.083251953125,300,0.0,0.0
2017-03-31 00:00:00+09:00,1464.083251953125,1464.083251953125,1464.083251953125,1464.083251953125,100,0.0,0.0
2017-04-03 00:00:00+09:00,1464.083251953125,1464.083251953125,1464.083251953125,1464.083251953125,0,0.0,0.0
2017-04-04 00:00:00+09:00,1473.2913818359375,1473.2913818359375,1473.2913818359375,1473.2913818359375,200,0.0,0.0
2017-04-05 00:00:00+09:00,1464.083251953125,1464.083251953125,1464.083251953125,1464.083251953125,100,0.0,0.0
2017-04-06 00:00:00+09:00,1454.875244140625,1454.875244140625,1454.875244140625,1454.875244140625,400,0.0,0.0
2017-04-07 00:00:00+09:00,1454.875244140625,1454.875244140625,1454.875244140625,1454.875244140625,100,0.0,0.0
2017-04-10 00:00:00+09:00,1491.7074682150676,1491.7074682150676,1445.6671142578125,1445.6671142578125,500,0.0,0.0
2017-04-11 00:00:00+09:00,1445.6671142578125,1445.6671142578125,1445.6671142578125,1445.6671142578125,0,0.0,0.0
2017-04-12 00:00:00+09:00,1418.04296875,1418.04296875,1418.04296875,1418.04296875,100,0.0,0.0
2017-04-13 00:00:00+09:00,1399.62677616401,1399.62677616401,1372.0025634765625,1372.0025634765625,300,0.0,0.0
2017-04-14 00:00:00+09:00,1372.002443897481,1372.002443897481,1353.5863037109375,1353.5863037109375,300,0.0,0.0
2017-04-17 00:00:00+09:00,1362.7944925807465,1372.0025634765625,1362.7944925807465,1372.0025634765625,200,0.0,0.0
2017-04-18 00:00:00+09:00,1372.0025634765625,1372.0025634765625,1372.0025634765625,1372.0025634765625,200,0.0,0.0
2017-04-19 00:00:00+09:00,1372.0025634765625,1372.0025634765625,1372.0025634765625,1372.0025634765625,0,0.0,0.0
2017-04-20 00:00:00+09:00,1372.0025634765625,1372.0025634765625,1372.0025634765625,1372.0025634765625,0,0.0,0.0
2017-04-21 00:00:00+09:00,1372.0025634765625,1372.0025634765625,1372.0025634765625,1372.0025634765625,0,0.0,0.0
2017-04-24 00:00:00+09:00,1344.37841796875,1344.37841796875,1344.37841796875,1344.37841796875,100,0.0,0.0
2017-04-25 00:00:00+09:00,1344.37841796875,1344.37841796875,1344.37841796875,1344.37841796875,0,0.0,0.0
2017-04-26 00:00:00+09:00,1372.0025634765625,1372.0025634765625,1372.0025634765625,1372.0025634765625,100,0.0,0.0
2017-04-27 00:00:00+09:00,1372.0025634765625,1372.0025634765625,1372.0025634765625,1372.0025634765625,0,0.0,0.0
2017-04-28 00:00:00+09:00,1372.0025634765625,1372.0025634765625,1372.0025634765625,1372.0025634765625,0,0.0,0.0
2017-05-01 00:00:00+09:00,1372.0025634765625,1372.0025634765625,1372.0025634765625,1372.0025634765625,0,0.0,0.0
2017-05-02 00:00:00+09:00,1353.586553744612,1353.586553744612,1335.17041015625,1335.17041015625,1300,0.0,0.0
2017-05-08 00:00:00+09:00,1372.002612621753,1427.2510399756493,1372.002612621753,1418.04296875,1300,0.0,0.0
2017-05-09 00:00:00+09:00,1445.6671263840026,1445.6671263840026,1390.418701171875,1390.418701171875,500,0.0,0.0
2017-05-10 00:00:00+09:00,1390.418701171875,1390.418701171875,1390.418701171875,1390.418701171875,100,0.0,0.0
2017-05-11 00:00:00+09:00,1390.418701171875,1390.418701171875,1390.418701171875,1390.418701171875,0,0.0,0.0
2017-05-12 00:00:00+09:00,1390.418701171875,1390.418701171875,1390.418701171875,1390.418701171875,200,0.0,0.0
2017-05-15 00:00:00+09:00,1390.418701171875,1390.418701171875,1390.418701171875,1390.418701171875,100,0.0,0.0
2017-05-16 00:00:00+09:00,1390.418701171875,1390.418701171875,1390.418701171875,1390.418701171875,0,0.0,0.0
2017-05-17 00:00:00+09:00,1418.0429057459678,1427.2509765625,1418.0429057459678,1427.2509765625,200,0.0,0.0
2017-05-18 00:00:00+09:00,1427.2509765625,1427.2509765625,1427.2509765625,1427.2509765625,100,0.0,0.0
2017-05-19 00:00:00+09:00,1427.2509765625,1427.2509765625,1427.2509765625,1427.2509765625,100,0.0,0.0
2017-05-22 00:00:00+09:00,1473.2913818359375,1473.2913818359375,1473.2913818359375,1473.2913818359375,100,0.0,0.0
2017-05-23 00:00:00+09:00,1491.70751953125,1491.70751953125,1491.70751953125,1491.70751953125,200,0.0,0.0
2017-05-24 00:00:00+09:00,1491.70751953125,1491.70751953125,1491.70751953125,1491.70751953125,0,0.0,0.0
2017-05-25 00:00:00+09:00,1482.4993896484375,1482.4993896484375,1482.4993896484375,1482.4993896484375,100,0.0,0.0
2017-05-26 00:00:00+09:00,1473.291322720126,1473.291322720126,1464.083251953125,1464.083251953125,300,0.0,0.0
2017-05-29 00:00:00+09:00,1500.9156494140625,1500.9156494140625,1500.9156494140625,1500.9156494140625,100,0.0,0.0
2017-05-30 00:00:00+09:00,1500.9156494140625,1500.9156494140625,1500.9156494140625,1500.9156494140625,0,0.0,0.0
2017-05-31 00:00:00+09:00,1491.7074603915955,1491.7074603915955,1482.4993896484375,1482.4993896484375,400,0.0,0.0
2017-06-01 00:00:00+09:00,1473.2913818359375,1473.2913818359375,1436.4590972900392,1473.2913818359375,400,0.0,0.0
2017-06-02 00:00:00+09:00,1454.8751811861243,1464.083251953125,1454.8751811861243,1464.083251953125,500,0.0,0.0
2017-06-05 00:00:00+09:00,1464.083251953125,1464.083251953125,1464.083251953125,1464.083251953125,400,0.0,0.0
2017-06-06 00:00:00+09:00,1464.083251953125,1464.083251953125,1464.083251953125,1464.083251953125,0,0.0,0.0
2017-06-07 00:00:00+09:00,1464.083251953125,1464.083251953125,1464.083251953125,1464.083251953125,0,0.0,0.0
2017-06-08 00:00:00+09:00,1464.083251953125,1464.083251953125,1464.083251953125,1464.083251953125,0,0.0,0.0
2017-06-09 00:00:00+09:00,1464.083251953125,1464.083251953125,1464.083251953125,1464.083251953125,0,0.0,0.0
2017-06-12 00:00:00+09:00,1464.083251953125,1464.083251953125,1464.083251953125,1464.083251953125,0,0.0,0.0
2017-06-13 00:00:00+09:00,1482.4993896484375,1482.4993896484375,1482.4993896484375,1482.4993896484375,100,0.0,0.0
2017-06-14 00:00:00+09:00,1482.4993896484375,1482.4993896484375,1482.4993896484375,1482.4993896484375,200,0.0,0.0
2017-06-15 00:00:00+09:00,1482.4993896484375,1482.4993896484375,1482.4993896484375,1482.4993896484375,400,0.0,0.0
2017-06-16 00:00:00+09:00,1482.4993896484375,1482.4993896484375,1482.4993896484375,1482.4993896484375,0,0.0,0.0
2017-06-19 00:00:00+09:00,1482.4993896484375,1482.4993896484375,1482.4993896484375,1482.4993896484375,0,0.0,0.0
2017-06-20 00:00:00+09:00,1482.4993896484375,1482.4993896484375,1482.4993896484375,1482.4993896484375,0,0.0,0.0
2017-06-21 00:00:00+09:00,1482.4993896484375,1482.4993896484375,1482.4993896484375,1482.4993896484375,0,0.0,0.0
2017-06-22 00:00:00+09:00,1482.4993896484375,1482.4993896484375,1482.4993896484375,1482.4993896484375,0,0.0,0.0
2017-06-23 00:00:00+09:00,1482.4993896484375,1482.4993896484375,1482.4993896484375,1482.4993896484375,0,0.0,0.0
2017-06-26 00:00:00+09:00,1482.4993896484375,1482.4993896484375,1482.4993896484375,1482.4993896484375,0,0.0,0.0
2017-06-27 00:00:00+09:00,1454.8752395629883,1473.2913818359375,1445.6671684265136,1473.2913818359375,300,0.0,0.0
2017-06-28 00:00:00+09:00,1473.2913818359375,1473.2913818359375,1473.2913818359375,1473.2913818359375,0,0.0,0.0
2017-06-29 00:00:00+09:00,1473.2913818359375,1473.2913818359375,1473.2913818359375,1473.2913818359375,0,0.0,0.0
2017-06-30 00:00:00+09:00,1473.2913818359375,1473.2913818359375,1473.2913818359375,1473.2913818359375,100,0.0,0.0
2017-07-03 00:00:00+09:00,1473.2913818359375,1473.2913818359375,1473.2913818359375,1473.2913818359375,200,0.0,0.0
2017-07-04 00:00:00+09:00,1473.2913818359375,1473.2913818359375,1473.2913818359375,1473.2913818359375,100,0.0,0.0
2017-07-05 00:00:00+09:00,1473.2913818359375,1473.2913818359375,1473.2913818359375,1473.2913818359375,0,0.0,0.0
2017-07-06 00:00:00+09:00,1454.875244140625,1454.875244140625,1454.875244140625,1454.875244140625,100,0.0,0.0
2017-07-07 00:00:00+09:00,1454.875244140625,1454.875244140625,1454.875244140625,1454.875244140625,0,0.0,0.0
2017-07-10 00:00:00+09:00,1491.70751953125,1491.70751953125,1491.70751953125,1491.70751953125,100,0.0,0.0
2017-07-11 00:00:00+09:00,1491.70751953125,1491.70751953125,1491.70751953125,1491.70751953125,100,0.0,0.0
2017-07-12 00:00:00+09:00,1491.70751953125,1491.70751953125,1491.70751953125,1491.70751953125,0,0.0,0.0
2017-07-13 00:00:00+09:00,1482.4994484230324,1491.70751953125,1482.4994484230324,1491.70751953125,300,0.0,0.0
2017-07-14 00:00:00+09:00,1491.70751953125,1491.70751953125,1491.70751953125,1491.70751953125,0,0.0,0.0
2017-07-17 00:00:00+09:00,1491.70751953125,1491.70751953125,1491.70751953125,1491.70751953125,0,0.0,0.0
2017-07-18 00:00:00+09:00,1491.70751953125,1491.70751953125,1491.70751953125,1491.70751953125,400,0.0,0.0
2017-07-19 00:00:00+09:00,1491.70751953125,1491.70751953125,1491.70751953125,1491.70751953125,0,0.0,0.0
2017-07-20 00:00:00+09:00,1491.70751953125,1491.70751953125,1491.70751953125,1491.70751953125,100,0.0,0.0
2017-07-21 00:00:00+09:00,1491.70751953125,1491.70751953125,1491.70751953125,1491.70751953125,0,0.0,0.0
2017-07-24 00:00:00+09:00,1491.70751953125,1491.70751953125,1491.70751953125,1491.70751953125,0,0.0,0.0
2017-07-25 00:00:00+09:00,1473.2913818359375,1473.2913818359375,1473.2913818359375,1473.2913818359375,500,0.0,0.0
2017-07-26 00:00:00+09:00,1473.2913818359375,1473.2913818359375,1473.2913818359375,1473.2913818359375,0,0.0,0.0
2017-07-27 00:00:00+09:00,1473.2913818359375,1473.2913818359375,1473.2913818359375,1473.2913818359375,0,0.0,0.0
2017-07-28 00:00:00+09:00,1473.2913818359375,1473.2913818359375,1473.2913818359375,1473.2913818359375,0,0.0,0.0
2017-07-31 00:00:00+09:00,1473.2913818359375,1473.2913818359375,1473.2913818359375,1473.2913818359375,0,0.0,0.0
2017-08-01 00:00:00+09:00,1473.2913818359375,1473.2913818359375,1473.2913818359375,1473.2913818359375,100,0.0,0.0
2017-08-02 00:00:00+09:00,1473.2913818359375,1473.2913818359375,1473.2913818359375,1473.2913818359375,0,0.0,0.0
2017-08-03 00:00:00+09:00,1473.2913818359375,1473.2913818359375,1473.2913818359375,1473.2913818359375,0,0.0,0.0
2017-08-04 00:00:00+09:00,1473.2913818359375,1473.2913818359375,1473.2913818359375,1473.2913818359375,0,0.0,0.0
2017-08-07 00:00:00+09:00,1473.2913818359375,1473.2913818359375,1473.2913818359375,1473.2913818359375,0,0.0,0.0
2017-08-08 00:00:00+09:00,1473.2913818359375,1473.2913818359375,1473.2913818359375,1473.2913818359375,200,0.0,0.0
2017-08-09 00:00:00+09:00,1473.2913818359375,1473.2913818359375,1473.2913818359375,1473.2913818359375,0,0.0,0.0
2017-08-10 00:00:00+09:00,1473.2913818359375,1473.2913818359375,1473.2913818359375,1473.2913818359375,0,0.0,0.0
2017-08-11 00:00:00+09:00,1473.2913818359375,1473.2913818359375,1473.2913818359375,1473.2913818359375,0,0.0,0.0
2017-08-14 00:00:00+09:00,1454.875244140625,1454.875244140625,1454.875244140625,1454.875244140625,100,0.0,0.0
2017-08-15 00:00:00+09:00,1454.8752536525974,1454.8752536525974,1418.04296875,1418.04296875,800,0.0,0.0
2017-08-16 00:00:00+09:00,1399.6268310546875,1399.6268310546875,1399.6268310546875,1399.6268310546875,100,0.0,0.0
2017-08-17 00:00:00+09:00,1381.210693359375,1381.210693359375,1381.210693359375,1381.210693359375,100,0.0,0.0
2017-08-18 00:00:00+09:00,1381.210693359375,1381.210693359375,1381.210693359375,1381.210693359375,0,0.0,0.0
2017-08-21 00:00:00+09:00,1381.210693359375,1381.210693359375,1381.210693359375,1381.210693359375,0,0.0,0.0
2017-08-22 00:00:00+09:00,1381.210693359375,1381.210693359375,1381.210693359375,1381.210693359375,0,0.0,0.0
2017-08-23 00:00:00+09:00,1381.210693359375,1381.210693359375,1381.210693359375,1381.210693359375,0,0.0,0.0
2017-08-24 00:00:00+09:00,1381.210693359375,1381.210693359375,1381.210693359375,1381.210693359375,0,0.0,0.0
2017-08-25 00:00:00+09:00,1381.210693359375,1381.210693359375,1381.210693359375,1381.210693359375,0,0.0,0.0
2017-08-28 00:00:00+09:00,1381.210693359375,1381.210693359375,1381.210693359375,1381.210693359375,0,0.0,0.0
2017-08-29 00:00:00+09:00,1408.834716796875,1408.834716796875,1408.834716796875,1408.834716796875,100,0.0,0.0
2017-08-30 00:00:00+09:00,1408.834716796875,1408.834716796875,1408.834716796875,1408.834716796875,0,0.0,0.0
2017-08-31 00:00:00+09:00,1408.834716796875,1408.834716796875,1408.834716796875,1408.834716796875,0,0.0,0.0
2017-09-01 00:00:00+09:00,1408.8348349294354,1427.2509765625,1408.8348349294354,1427.2509765625,600,0.0,0.0
2017-09-04 00:00:00+09:00,1408.8349072265626,1408.8349072265626,1381.210693359375,1381.210693359375,600,0.0,0.0
2017-09-05 00:00:00+09:00,1390.418701171875,1390.418701171875,1390.418701171875,1390.418701171875,100,0.0,0.0
2017-09-06 00:00:00+09:00,1390.418701171875,1390.418701171875,1390.418701171875,1390.418701171875,0,0.0,0.0
2017-09-07 00:00:00+09:00,1390.418701171875,1390.418701171875,1390.418701171875,1390.418701171875,0,0.0,0.0
2017-09-08 00:00:00+09:00,1436.4591064453125,1436.4591064453125,1436.4591064453125,1436.4591064453125,100,0.0,0.0
2017-09-11 00:00:00+09:00,1436.4591064453125,1436.4591064453125,1436.4591064453125,1436.4591064453125,0,0.0,0.0
2017-09-12 00:00:00+09:00,1436.4591064453125,1436.4591064453125,1436.4591064453125,1436.4591064453125,0,0.0,0.0
2017-09-13 00:00:00+09:00,1436.4591064453125,1436.4591064453125,1436.4591064453125,1436.4591064453125,0,0.0,0.0
2017-09-14 00:00:00+09:00,1390.4187646484377,1390.4187646484377,1381.210693359375,1381.210693359375,300,0.0,0.0
2017-09-15 00:00:00+09:00,1408.8348928598257,1436.4591064453125,1408.8348928598257,1436.4591064453125,600,0.0,0.0
2017-09-18 00:00:00+09:00,1436.4591064453125,1436.4591064453125,1436.4591064453125,1436.4591064453125,0,0.0,0.0
2017-09-19 00:00:00+09:00,1436.4590396521228,1464.083251953125,1436.4590396521228,1464.083251953125,700,0.0,0.0
2017-09-20 00:00:00+09:00,1464.083251953125,1464.083251953125,1464.083251953125,1464.083251953125,0,0.0,0.0
2017-09-21 00:00:00+09:00,1464.083251953125,1464.083251953125,1464.083251953125,1464.083251953125,0,0.0,0.0
2017-09-22 00:00:00+09:00,1464.083251953125,1464.083251953125,1464.083251953125,1464.083251953125,0,0.0,0.0
2017-09-25 00:00:00+09:00,1464.083251953125,1464.083251953125,1464.083251953125,1464.083251953125,0,0.0,0.0
2017-09-26 00:00:00+09:00,1473.2913306451612,1473.2913306451612,1427.2509765625,1427.2509765625,40,0.0,0.0
2017-09-27 00:00:00+09:00,1427.2509765625,1427.2509765625,1427.2509765625,1427.2509765625,0,0.0,0.1
2017-09-28 00:00:00+09:00,1427.2509765625,1427.2509765625,1427.2509765625,1427.2509765625,0,0.0,0.0
2017-09-29 00:00:00+09:00,1427.2509765625,1427.2509765625,1427.2509765625,1427.2509765625,0,0.0,0.0
2017-10-02 00:00:00+09:00,1528.539813464201,1528.539813464201,1454.875244140625,1454.875244140625,500,0.0,0.0
2017-10-03 00:00:00+09:00,1454.875244140625,1454.875244140625,1454.875244140625,1454.875244140625,100,0.0,0.0
2017-10-04 00:00:00+09:00,1454.875244140625,1454.875244140625,1454.875244140625,1454.875244140625,0,0.0,0.0
2017-10-05 00:00:00+09:00,1454.875244140625,1454.875244140625,1454.875244140625,1454.875244140625,0,0.0,0.0
2017-10-06 00:00:00+09:00,1454.875244140625,1454.875244140625,1454.875244140625,1454.875244140625,700,0.0,0.0
2017-10-09 00:00:00+09:00,1454.875244140625,1454.875244140625,1454.875244140625,1454.875244140625,0,0.0,0.0
2017-10-10 00:00:00+09:00,1454.875244140625,1454.875244140625,1454.875244140625,1454.875244140625,0,0.0,0.0
2017-10-11 00:00:00+09:00,1454.875244140625,1454.875244140625,1454.875244140625,1454.875244140625,0,0.0,0.0
2017-10-12 00:00:00+09:00,1454.875244140625,1454.875244140625,1454.875244140625,1454.875244140625,200,0.0,0.0
2017-10-13 00:00:00+09:00,1454.875244140625,1454.875244140625,1454.875244140625,1454.875244140625,0,0.0,0.0
2017-10-16 00:00:00+09:00,1454.875244140625,1454.875244140625,1454.875244140625,1454.875244140625,0,0.0,0.0
2017-10-17 00:00:00+09:00,1454.875244140625,1454.875244140625,1454.875244140625,1454.875244140625,0,0.0,0.0
2017-10-18 00:00:00+09:00,1418.042959478837,1454.875244140625,1418.042959478837,1454.875244140625,400,0.0,0.0
2017-10-19 00:00:00+09:00,1454.875244140625,1454.875244140625,1454.875244140625,1454.875244140625,0,0.0,0.0
2017-10-20 00:00:00+09:00,1454.875244140625,1454.875244140625,1454.875244140625,1454.875244140625,0,0.0,0.0
2017-10-23 00:00:00+09:00,1454.875244140625,1454.875244140625,1454.875244140625,1454.875244140625,0,0.0,0.0
2017-10-24 00:00:00+09:00,1454.875244140625,1454.875244140625,1454.875244140625,1454.875244140625,0,0.0,0.0
2017-10-25 00:00:00+09:00,1454.875244140625,1454.875244140625,1454.875244140625,1454.875244140625,0,0.0,0.0
2017-10-26 00:00:00+09:00,1454.875244140625,1454.875244140625,1454.875244140625,1454.875244140625,0,0.0,0.0
2017-10-27 00:00:00+09:00,1454.875244140625,1454.875244140625,1454.875244140625,1454.875244140625,0,0.0,0.0
2017-10-30 00:00:00+09:00,1454.875244140625,1454.875244140625,1454.875244140625,1454.875244140625,0,0.0,0.0
2017-10-31 00:00:00+09:00,1454.875244140625,1454.875244140625,1454.875244140625,1454.875244140625,0,0.0,0.0
2017-11-01 00:00:00+09:00,1454.875244140625,1454.875244140625,1454.875244140625,1454.875244140625,0,0.0,0.0
2017-11-02 00:00:00+09:00,1455.796070326305,1608.650053674924,1455.796070326305,1498.1531982421875,700,0.0,0.0
2017-11-03 00:00:00+09:00,1498.1531982421875,1498.1531982421875,1498.1531982421875,1498.1531982421875,0,0.0,0.0
2017-11-06 00:00:00+09:00,1498.1531982421875,1498.1531982421875,1498.1531982421875,1498.1531982421875,0,0.0,0.0
2017-11-07 00:00:00+09:00,1497.232421875,1497.232421875,1497.232421875,1497.232421875,100,0.0,0.0
2017-11-08 00:00:00+09:00,1488.0242320943323,1488.0242320943323,1450.2711420473845,1482.4993896484375,400,0.0,0.0
2017-11-09 00:00:00+09:00,1482.4993896484375,1482.4993896484375,1482.4993896484375,1482.4993896484375,0,0.0,0.0
2017-11-10 00:00:00+09:00,1482.4993896484375,1482.4993896484375,1482.4993896484375,1482.4993896484375,0,0.0,0.0
2017-11-13 00:00:00+09:00,1482.4993896484375,1482.4993896484375,1482.4993896484375,1482.4993896484375,0,0.0,0.0
2017-11-14 00:00:00+09:00,1481.5787661727982,1481.5787661727982,1480.657958984375,1480.657958984375,300,0.0,0.0
2017-11-15 00:00:00+09:00,1480.657958984375,1480.657958984375,1480.657958984375,1480.657958984375,0,0.0,0.0
2017-11-16 00:00:00+09:00,1480.657958984375,1480.657958984375,1480.657958984375,1480.657958984375,0,0.0,0.0
2017-11-17 00:00:00+09:00,1480.657958984375,1480.657958984375,1480.657958984375,1480.657958984375,0,0.0,0.0
2017-11-20 00:00:00+09:00,1480.657958984375,1480.657958984375,1480.657958984375,1480.657958984375,0,0.0,0.0
2017-11-21 00:00:00+09:00,1480.657958984375,1480.657958984375,1480.657958984375,1480.657958984375,0,0.0,0.0
2017-11-22 00:00:00+09:00,1480.657958984375,1480.657958984375,1480.657958984375,1480.657958984375,0,0.0,0.0
2017-11-23 00:00:00+09:00,1480.657958984375,1480.657958984375,1480.657958984375,1480.657958984375,0,0.0,0.0
2017-11-24 00:00:00+09:00,1480.657958984375,1480.657958984375,1480.657958984375,1480.657958984375,0,0.0,0.0
2017-11-27 00:00:00+09:00,1574.580078125,1574.580078125,1574.580078125,1574.580078125,100,0.0,0.0
2017-11-28 00:00:00+09:00,1574.580078125,1574.580078125,1574.580078125,1574.580078125,0,0.0,0.0
2017-11-29 00:00:00+09:00,1611.4125230577258,1666.660952419705,1611.4125230577258,1657.452880859375,900,0.0,0.0
2017-11-30 00:00:00+09:00,1657.452880859375,1657.452880859375,1657.452880859375,1657.452880859375,0,0.0,0.0
2017-12-01 00:00:00+09:00,1657.4527860278927,1671.264892578125,1657.4527860278927,1671.264892578125,600,0.0,0.0
2017-12-04 00:00:00+09:00,1671.264892578125,1671.264892578125,1671.264892578125,1671.264892578125,0,0.0,0.0
2017-12-05 00:00:00+09:00,1671.264892578125,1671.264892578125,1671.264892578125,1671.264892578125,0,0.0,0.0
2017-12-06 00:00:00+09:00,1560.7681650940801,1634.4327392578125,1560.7681650940801,1634.4327392578125,200,0.0,0.0
2017-12-07 00:00:00+09:00,1634.4327392578125,1634.4327392578125,1634.4327392578125,1634.4327392578125,100,0.0,0.0
2017-12-08 00:00:00+09:00,1634.4327392578125,1634.4327392578125,1634.4327392578125,1634.4327392578125,0,0.0,0.0
2017-12-11 00:00:00+09:00,1634.4327392578125,1634.4327392578125,1634.4327392578125,1634.4327392578125,0,0.0,0.0
2017-12-12 00:00:00+09:00,1634.4327392578125,1634.4327392578125,1634.4327392578125,1634.4327392578125,0,0.0,0.0
2017-12-13 00:00:00+09:00,1634.4327392578125,1634.4327392578125,1634.4327392578125,1634.4327392578125,0,0.0,0.0
2017-12-14 00:00:00+09:00,1634.4327392578125,1634.4327392578125,1634.4327392578125,1634.4327392578125,100,0.0,0.0
2017-12-15 00:00:00+09:00,1634.4327392578125,1634.4327392578125,1634.4327392578125,1634.4327392578125,0,0.0,0.0
2017-12-18 00:00:00+09:00,1634.4327392578125,1634.4327392578125,1634.4327392578125,1634.4327392578125,0,0.0,0.0
2017-12-19 00:00:00+09:00,1634.4327392578125,1634.4327392578125,1634.4327392578125,1634.4327392578125,0,0.0,0.0
2017-12-20 00:00:00+09:00,1634.4327392578125,1634.4327392578125,1634.4327392578125,1634.4327392578125,0,0.0,0.0
2017-12-21 00:00:00+09:00,1634.4327392578125,1634.4327392578125,1634.4327392578125,1634.4327392578125,0,0.0,0.0
2017-12-22 00:00:00+09:00,1634.4327392578125,1634.4327392578125,1634.4327392578125,1634.4327392578125,0,0.0,0.0
2017-12-25 00:00:00+09:00,1611.4124755859375,1611.4124755859375,1611.4124755859375,1611.4124755859375,100,0.0,0.0
2017-12-26 00:00:00+09:00,1629.82861328125,1629.82861328125,1629.82861328125,1629.82861328125,200,0.0,0.0
2017-12-27 00:00:00+09:00,1629.82861328125,1629.82861328125,1629.82861328125,1629.82861328125,100,0.0,0.0
2017-12-28 00:00:00+09:00,1629.82861328125,1629.82861328125,1629.82861328125,1629.82861328125,0,0.0,0.0
2017-12-29 00:00:00+09:00,1556.1640336325108,1556.1640336325108,1519.3317488128064,1549.7183837890625,400,0.0,0.0
2018-01-01 00:00:00+09:00,1549.7183837890625,1549.7183837890625,1549.7183837890625,1549.7183837890625,0,0.0,0.0
2018-01-02 00:00:00+09:00,1549.7183837890625,1549.7183837890625,1549.7183837890625,1549.7183837890625,0,0.0,0.0
2018-01-03 00:00:00+09:00,1549.7183837890625,1549.7183837890625,1549.7183837890625,1549.7183837890625,0,0.0,0.0
2018-01-04 00:00:00+09:00,1549.7183837890625,1549.7183837890625,1549.7183837890625,1549.7183837890625,0,0.0,0.0
2018-01-05 00:00:00+09:00,1549.7183837890625,1549.7183837890625,1549.7183837890625,1549.7183837890625,0,0.0,0.0
2018-01-08 00:00:00+09:00,1549.7183837890625,1549.7183837890625,1549.7183837890625,1549.7183837890625,0,0.0,0.0
2018-01-09 00:00:00+09:00,1549.7183837890625,1549.7183837890625,1549.7183837890625,1549.7183837890625,0,0.0,0.0
2018-01-10 00:00:00+09:00,1549.7183837890625,1549.7183837890625,1549.7183837890625,1549.7183837890625,0,0.0,0.0
2018-01-11 00:00:00+09:00,1549.7183837890625,1549.7183837890625,1549.7183837890625,1549.7183837890625,0,0.0,0.0
2018-01-12 00:00:00+09:00,1549.7183837890625,1549.7183837890625,1549.7183837890625,1549.7183837890625,0,0.0,0.0
2018-01-15 00:00:00+09:00,1549.7183837890625,1549.7183837890625,1549.7183837890625,1549.7183837890625,0,0.0,0.0
2018-01-16 00:00:00+09:00,1657.4527958030421,1659.294410020601,1630.7493896484375,1630.7493896484375,1500,0.0,0.0
2018-01-17 00:00:00+09:00,1630.7493896484375,1630.7493896484375,1630.7493896484375,1630.7493896484375,0,0.0,0.0
2018-01-18 00:00:00+09:00,1630.7493896484375,1630.7493896484375,1630.7493896484375,1630.7493896484375,0,0.0,0.0
2018-01-19 00:00:00+09:00,1559.847412109375,1559.847412109375,1558.0057976913001,1559.847412109375,900,0.0,0.0
2018-01-22 00:00:00+09:00,1559.847412109375,1559.847412109375,1559.847412109375,1559.847412109375,0,0.0,0.0
2018-01-23 00:00:00+09:00,1574.580078125,1574.580078125,1574.580078125,1574.580078125,200,0.0,0.0
2018-01-24 00:00:00+09:00,1574.580078125,1574.580078125,1574.580078125,1574.580078125,0,0.0,0.0
2018-01-25 00:00:00+09:00,1574.580078125,1574.580078125,1574.580078125,1574.580078125,0,0.0,0.0
2018-01-26 00:00:00+09:00,1574.580078125,1574.580078125,1574.580078125,1574.580078125,0,0.0,0.0
2018-01-29 00:00:00+09:00,1547.8768618629092,1547.8768618629092,1546.9560546875,1546.9560546875,200,0.0,0.0
2018-01-30 00:00:00+09:00,1546.9560546875,1546.9560546875,1546.9560546875,1546.9560546875,0,0.0,0.0
2018-01-31 00:00:00+09:00,1546.9560546875,1546.9560546875,1546.9560546875,1546.9560546875,0,0.0,0.0
2018-02-01 00:00:00+09:00,1546.9560546875,1546.9560546875,1546.9560546875,1546.9560546875,0,0.0,0.0
2018-02-02 00:00:00+09:00,1548.7976382117695,1548.7976382117695,1547.8768310546875,1547.8768310546875,200,0.0,0.0
2018-02-05 00:00:00+09:00,1547.8768310546875,1547.8768310546875,1547.8768310546875,1547.8768310546875,0,0.0,0.0
2018-02-06 00:00:00+09:00,1547.876689567519,1547.876689567519,1493.549072265625,1493.549072265625,500,0.0,0.0
2018-02-07 00:00:00+09:00,1566.2930053710938,1566.2930053710938,1546.9560546875,1546.9560546875,200,0.0,0.0
2018-02-08 00:00:00+09:00,1546.9560546875,1546.9560546875,1546.9560546875,1546.9560546875,0,0.0,0.0
2018-02-09 00:00:00+09:00,1546.9560546875,1546.9560546875,1546.9560546875,1546.9560546875,0,0.0,0.0
2018-02-12 00:00:00+09:00,1546.9560546875,1546.9560546875,1546.9560546875,1546.9560546875,0,0.0,0.0
2018-02-13 00:00:00+09:00,1546.9560546875,1546.9560546875,1546.9560546875,1546.9560546875,0,0.0,0.0
2018-02-14 00:00:00+09:00,1564.4512939453125,1564.4512939453125,1564.4512939453125,1564.4512939453125,700,0.0,0.0
2018-02-15 00:00:00+09:00,1564.4512939453125,1564.4512939453125,1564.4512939453125,1564.4512939453125,0,0.0,0.0
2018-02-16 00:00:00+09:00,1564.4512939453125,1564.4512939453125,1564.4512939453125,1564.4512939453125,0,0.0,0.0
2018-02-19 00:00:00+09:00,1564.4512939453125,1564.4512939453125,1564.4512939453125,1564.4512939453125,0,0.0,0.0
2018-02-20 00:00:00+09:00,1564.4512939453125,1564.4512939453125,1564.4512939453125,1564.4512939453125,0,0.0,0.0
2018-02-21 00:00:00+09:00,1564.4512939453125,1564.4512939453125,1564.4512939453125,1564.4512939453125,0,0.0,0.0
2018-02-22 00:00:00+09:00,1564.4512939453125,1564.4512939453125,1564.4512939453125,1564.4512939453125,0,0.0,0.0
2018-02-23 00:00:00+09:00,1564.4512939453125,1564.4512939453125,1564.4512939453125,1564.4512939453125,0,0.0,0.0
2018-02-26 00:00:00+09:00,1564.4512939453125,1564.4512939453125,1564.4512939453125,1564.4512939453125,0,0.0,0.0
2018-02-27 00:00:00+09:00,1564.4512939453125,1564.4512939453125,1564.4512939453125,1564.4512939453125,0,0.0,0.0
2018-02-28 00:00:00+09:00,1564.4512939453125,1564.4512939453125,1564.4512939453125,1564.4512939453125,400,0.0,0.0
2018-03-01 00:00:00+09:00,1564.4512939453125,1564.4512939453125,1564.4512939453125,1564.4512939453125,0,0.0,0.0
2018-03-02 00:00:00+09:00,1564.4512939453125,1564.4512939453125,1564.4512939453125,1564.4512939453125,0,0.0,0.0
2018-03-05 00:00:00+09:00,1564.4512939453125,1564.4512939453125,1564.4512939453125,1564.4512939453125,0,0.0,0.0
2018-03-06 00:00:00+09:00,1546.9560546875,1546.9560546875,1546.9560546875,1546.9560546875,100,0.0,0.0
2018-03-07 00:00:00+09:00,1583.7882080078125,1583.7882080078125,1583.7882080078125,1583.7882080078125,100,0.0,0.0
2018-03-08 00:00:00+09:00,1583.7882080078125,1583.7882080078125,1583.7882080078125,1583.7882080078125,0,0.0,0.0
2018-03-09 00:00:00+09:00,1583.7882080078125,1583.7882080078125,1583.7882080078125,1583.7882080078125,0,0.0,0.0
2018-03-12 00:00:00+09:00,1583.7882080078125,1583.7882080078125,1583.7882080078125,1583.7882080078125,0,0.0,0.0
2018-03-13 00:00:00+09:00,1583.7882080078125,1583.7882080078125,1583.7882080078125,1583.7882080078125,0,0.0,0.0
2018-03-14 00:00:00+09:00,1583.7882080078125,1583.7882080078125,1583.7882080078125,1583.7882080078125,0,0.0,0.0
2018-03-15 00:00:00+09:00,1583.7882080078125,1583.7882080078125,1583.7882080078125,1583.7882080078125,0,0.0,0.0
2018-03-16 00:00:00+09:00,1583.7882080078125,1583.7882080078125,1583.7882080078125,1583.7882080078125,0,0.0,0.0
2018-03-19 00:00:00+09:00,1583.7882080078125,1583.7882080078125,1583.7882080078125,1583.7882080078125,0,0.0,0.0
2018-03-20 00:00:00+09:00,1666.660888671875,1666.660888671875,1666.660888671875,1666.660888671875,900,0.0,0.0
2018-03-21 00:00:00+09:00,1666.660888671875,1666.660888671875,1666.660888671875,1666.660888671875,0,0.0,0.0
2018-03-22 00:00:00+09:00,1666.660888671875,1666.660888671875,1666.660888671875,1666.660888671875,0,0.0,0.0
2018-03-23 00:00:00+09:00,1666.660888671875,1666.660888671875,1666.660888671875,1666.660888671875,0,0.0,0.0
2018-03-26 00:00:00+09:00,1666.660888671875,1666.660888671875,1666.660888671875,1666.660888671875,0,0.0,0.0
2018-03-27 00:00:00+09:00,1666.660888671875,1666.660888671875,1666.660888671875,1666.660888671875,0,0.0,0.0
2018-03-28 00:00:00+09:00,1694.750732421875,1694.750732421875,1694.750732421875,1694.750732421875,0,30.0,0.0
2018-03-29 00:00:00+09:00,1694.750732421875,1694.750732421875,1694.750732421875,1694.750732421875,0,0.0,0.0
2018-03-30 00:00:00+09:00,1694.750732421875,1694.750732421875,1694.750732421875,1694.750732421875,0,0.0,0.0
2018-04-02 00:00:00+09:00,1591.7547923180784,1646.998046875,1591.7547923180784,1646.998046875,1200,0.0,0.0
2018-04-03 00:00:00+09:00,1693.8143310546875,1693.8143310546875,1693.8143310546875,1693.8143310546875,200,0.0,0.0
2018-04-04 00:00:00+09:00,1618.908203125,1618.908203125,1618.908203125,1618.908203125,500,0.0,0.0
2018-04-05 00:00:00+09:00,1618.908203125,1618.908203125,1618.908203125,1618.908203125,0,0.0,0.0
2018-04-06 00:00:00+09:00,1618.908203125,1618.908203125,1618.908203125,1618.908203125,0,0.0,0.0
2018-04-09 00:00:00+09:00,1618.908203125,1618.908203125,1618.908203125,1618.908203125,0,0.0,0.0
2018-04-10 00:00:00+09:00,1618.908203125,1618.908203125,1618.908203125,1618.908203125,0,0.0,0.0
2018-04-11 00:00:00+09:00,1618.908203125,1618.908203125,1618.908203125,1618.908203125,0,0.0,0.0
2018-04-12 00:00:00+09:00,1618.908203125,1618.908203125,1618.908203125,1618.908203125,0,0.0,0.0
2018-04-13 00:00:00+09:00,1618.908203125,1618.908203125,1618.908203125,1618.908203125,0,0.0,0.0
2018-04-16 00:00:00+09:00,1618.908203125,1618.908203125,1618.908203125,1618.908203125,0,0.0,0.0
2018-04-17 00:00:00+09:00,1618.908203125,1618.908203125,1618.908203125,1618.908203125,0,0.0,0.0
2018-04-18 00:00:00+09:00,1618.908203125,1618.908203125,1618.908203125,1618.908203125,0,0.0,0.0
2018-04-19 00:00:00+09:00,1618.908203125,1618.908203125,1618.908203125,1618.908203125,0,0.0,0.0
2018-04-20 00:00:00+09:00,1618.908203125,1618.908203125,1618.908203125,1618.908203125,0,0.0,0.0
2018-04-23 00:00:00+09:00,1618.908203125,1618.908203125,1618.908203125,1618.908203125,0,0.0,0.0
2018-04-24 00:00:00+09:00,1618.908203125,1618.908203125,1618.908203125,1618.908203125,0,0.0,0.0
2018-04-25 00:00:00+09:00,1618.908203125,1618.908203125,1618.908203125,1618.908203125,0,0.0,0.0
2018-04-26 00:00:00+09:00,1618.908203125,1618.908203125,1618.908203125,1618.908203125,0,0.0,0.0
2018-04-27 00:00:00+09:00,1618.908203125,1618.908203125,1618.908203125,1618.908203125,0,0.0,0.0
2018-04-30 00:00:00+09:00,1618.908203125,1618.908203125,1618.908203125,1618.908203125,0,0.0,0.0
2018-05-01 00:00:00+09:00,1618.908203125,1618.908203125,1618.908203125,1618.908203125,0,0.0,0.0
2018-05-02 00:00:00+09:00,1618.908203125,1618.908203125,1618.908203125,1618.908203125,0,0.0,0.0
2018-05-03 00:00:00+09:00,1618.908203125,1618.908203125,1618.908203125,1618.908203125,0,0.0,0.0
2018-05-04 00:00:00+09:00,1618.908203125,1618.908203125,1618.908203125,1618.908203125,0,0.0,0.0
2018-05-07 00:00:00+09:00,1618.908203125,1618.908203125,1618.908203125,1618.908203125,0,0.0,0.0
2018-05-08 00:00:00+09:00,1665.7244873046875,1665.7244873046875,1665.7244873046875,1665.7244873046875,200,0.0,0.0
2018-05-09 00:00:00+09:00,1665.7244873046875,1665.7244873046875,1665.7244873046875,1665.7244873046875,0,0.0,0.0
2018-05-10 00:00:00+09:00,1665.7244873046875,1665.7244873046875,1665.7244873046875,1665.7244873046875,0,0.0,0.0
2018-05-11 00:00:00+09:00,1665.7244873046875,1665.7244873046875,1665.7244873046875,1665.7244873046875,0,0.0,0.0
2018-05-14 00:00:00+09:00,1665.7244873046875,1665.7244873046875,1665.7244873046875,1665.7244873046875,0,0.0,0.0
2018-05-15 00:00:00+09:00,1665.7244873046875,1665.7244873046875,1665.7244873046875,1665.7244873046875,0,0.0,0.0
2018-05-16 00:00:00+09:00,1665.7244873046875,1665.7244873046875,1665.7244873046875,1665.7244873046875,0,0.0,0.0
2018-05-17 00:00:00+09:00,1665.7244873046875,1665.7244873046875,1665.7244873046875,1665.7244873046875,0,0.0,0.0
2018-05-18 00:00:00+09:00,1665.7244873046875,1665.7244873046875,1665.7244873046875,1665.7244873046875,0,0.0,0.0
2018-05-21 00:00:00+09:00,1768.7203853619471,1768.7203853619471,1743.4395751953125,1743.4395751953125,800,0.0,0.0
2018-05-22 00:00:00+09:00,1743.4395751953125,1743.4395751953125,1743.4395751953125,1743.4395751953125,0,0.0,0.0
2018-05-23 00:00:00+09:00,1743.4395751953125,1743.4395751953125,1743.4395751953125,1743.4395751953125,0,0.0,0.0
2018-05-24 00:00:00+09:00,1743.4395751953125,1743.4395751953125,1743.4395751953125,1743.4395751953125,0,0.0,0.0
2018-05-25 00:00:00+09:00,1743.4395751953125,1743.4395751953125,1743.4395751953125,1743.4395751953125,0,0.0,0.0
2018-05-28 00:00:00+09:00,1743.4395751953125,1743.4395751953125,1743.4395751953125,1743.4395751953125,0,0.0,0.0
2018-05-29 00:00:00+09:00,1743.4395751953125,1743.4395751953125,1743.4395751953125,1743.4395751953125,0,0.0,0.0
2018-05-30 00:00:00+09:00,1743.4395751953125,1743.4395751953125,1743.4395751953125,1743.4395751953125,0,0.0,0.0
2018-05-31 00:00:00+09:00,1743.4395751953125,1743.4395751953125,1743.4395751953125,1743.4395751953125,0,0.0,0.0
2018-06-01 00:00:00+09:00,1743.4395751953125,1743.4395751953125,1743.4395751953125,1743.4395751953125,0,0.0,0.0
2018-06-04 00:00:00+09:00,1743.4395751953125,1743.4395751953125,1743.4395751953125,1743.4395751953125,0,0.0,0.0
2018-06-05 00:00:00+09:00,1743.4395751953125,1743.4395751953125,1743.4395751953125,1743.4395751953125,0,0.0,0.0
2018-06-06 00:00:00+09:00,1743.4395751953125,1743.4395751953125,1743.4395751953125,1743.4395751953125,0,0.0,0.0
2018-06-07 00:00:00+09:00,1743.4395751953125,1743.4395751953125,1743.4395751953125,1743.4395751953125,0,0.0,0.0
2018-06-08 00:00:00+09:00,1743.4395751953125,1743.4395751953125,1743.4395751953125,1743.4395751953125,0,0.0,0.0
2018-06-11 00:00:00+09:00,1743.4395751953125,1743.4395751953125,1743.4395751953125,1743.4395751953125,0,0.0,0.0
2018-06-12 00:00:00+09:00,1743.4395751953125,1743.4395751953125,1743.4395751953125,1743.4395751953125,0,0.0,0.0
2018-06-13 00:00:00+09:00,1743.4395751953125,1743.4395751953125,1743.4395751953125,1743.4395751953125,0,0.0,0.0
2018-06-14 00:00:00+09:00,1743.4395751953125,1743.4395751953125,1743.4395751953125,1743.4395751953125,0,0.0,0.0
2018-06-15 00:00:00+09:00,1743.4395751953125,1743.4395751953125,1743.4395751953125,1743.4395751953125,0,0.0,0.0
2018-06-18 00:00:00+09:00,1743.4395751953125,1743.4395751953125,1743.4395751953125,1743.4395751953125,0,0.0,0.0
2018-06-19 00:00:00+09:00,1743.4395751953125,1743.4395751953125,1743.4395751953125,1743.4395751953125,0,0.0,0.0
2018-06-20 00:00:00+09:00,1743.4395751953125,1743.4395751953125,1743.4395751953125,1743.4395751953125,0,0.0,0.0
2018-06-21 00:00:00+09:00,1669.4698486328125,1669.4698486328125,1669.4698486328125,1669.4698486328125,200,0.0,0.0
2018-06-22 00:00:00+09:00,1669.4698486328125,1669.4698486328125,1669.4698486328125,1669.4698486328125,0,0.0,0.0
2018-06-25 00:00:00+09:00,1669.4698486328125,1669.4698486328125,1669.4698486328125,1669.4698486328125,0,0.0,0.0
2018-06-26 00:00:00+09:00,1669.4698486328125,1669.4698486328125,1669.4698486328125,1669.4698486328125,0,0.0,0.0
2018-06-27 00:00:00+09:00,1669.4698486328125,1669.4698486328125,1669.4698486328125,1669.4698486328125,0,0.0,0.0
2018-06-28 00:00:00+09:00,1669.4698486328125,1669.4698486328125,1669.4698486328125,1669.4698486328125,0,0.0,0.0
2018-06-29 00:00:00+09:00,1669.4698486328125,1669.4698486328125,1669.4698486328125,1669.4698486328125,0,0.0,0.0
2018-07-02 00:00:00+09:00,1638.571044921875,1638.571044921875,1638.571044921875,1638.571044921875,100,0.0,0.0
2018-07-03 00:00:00+09:00,1638.571044921875,1638.571044921875,1638.571044921875,1638.571044921875,0,0.0,0.0
2018-07-04 00:00:00+09:00,1638.571044921875,1638.571044921875,1638.571044921875,1638.571044921875,0,0.0,0.0
2018-07-05 00:00:00+09:00,1638.571044921875,1638.571044921875,1638.571044921875,1638.571044921875,0,0.0,0.0
2018-07-06 00:00:00+09:00,1601.1180419921875,1601.1180419921875,1601.1180419921875,1601.1180419921875,200,0.0,0.0
2018-07-09 00:00:00+09:00,1601.1180419921875,1601.1180419921875,1601.1180419921875,1601.1180419921875,0,0.0,0.0
2018-07-10 00:00:00+09:00,1601.1180419921875,1601.1180419921875,1601.1180419921875,1601.1180419921875,0,0.0,0.0
2018-07-11 00:00:00+09:00,1601.1180419921875,1601.1180419921875,1601.1180419921875,1601.1180419921875,0,0.0,0.0
2018-07-12 00:00:00+09:00,1601.1180419921875,1601.1180419921875,1601.1180419921875,1601.1180419921875,0,0.0,0.0
2018-07-13 00:00:00+09:00,1601.1180419921875,1601.1180419921875,1601.1180419921875,1601.1180419921875,0,0.0,0.0
2018-07-16 00:00:00+09:00,1601.1180419921875,1601.1180419921875,1601.1180419921875,1601.1180419921875,0,0.0,0.0
2018-07-17 00:00:00+09:00,1601.1180419921875,1601.1180419921875,1601.1180419921875,1601.1180419921875,0,0.0,0.0
2018-07-18 00:00:00+09:00,1601.1180419921875,1601.1180419921875,1601.1180419921875,1601.1180419921875,0,0.0,0.0
2018-07-19 00:00:00+09:00,1601.1180419921875,1601.1180419921875,1601.1180419921875,1601.1180419921875,0,0.0,0.0
2018-07-20 00:00:00+09:00,1601.1180419921875,1601.1180419921875,1601.1180419921875,1601.1180419921875,0,0.0,0.0
2018-07-23 00:00:00+09:00,1601.1180419921875,1601.1180419921875,1601.1180419921875,1601.1180419921875,0,0.0,0.0
2018-07-24 00:00:00+09:00,1601.1180419921875,1601.1180419921875,1601.1180419921875,1601.1180419921875,0,0.0,0.0
2018-07-25 00:00:00+09:00,1601.1180419921875,1601.1180419921875,1601.1180419921875,1601.1180419921875,0,0.0,0.0
2018-07-26 00:00:00+09:00,1601.1180419921875,1601.1180419921875,1601.1180419921875,1601.1180419921875,0,0.0,0.0
2018-07-27 00:00:00+09:00,1601.1180419921875,1601.1180419921875,1601.1180419921875,1601.1180419921875,0,0.0,0.0
2018-07-30 00:00:00+09:00,1601.1180419921875,1601.1180419921875,1601.1180419921875,1601.1180419921875,0,0.0,0.0
2018-07-31 00:00:00+09:00,1601.1180419921875,1601.1180419921875,1601.1180419921875,1601.1180419921875,0,0.0,0.0
2018-08-01 00:00:00+09:00,1601.1180419921875,1601.1180419921875,1601.1180419921875,1601.1180419921875,0,0.0,0.0
2018-08-02 00:00:00+09:00,1601.1180419921875,1601.1180419921875,1601.1180419921875,1601.1180419921875,0,0.0,0.0
2018-08-03 00:00:00+09:00,1601.1180419921875,1601.1180419921875,1601.1180419921875,1601.1180419921875,0,0.0,0.0
2018-08-06 00:00:00+09:00,1601.1180419921875,1601.1180419921875,1601.1180419921875,1601.1180419921875,0,0.0,0.0
2018-08-07 00:00:00+09:00,1601.1180419921875,1601.1180419921875,1601.1180419921875,1601.1180419921875,0,0.0,0.0
2018-08-08 00:00:00+09:00,1601.1180419921875,1601.1180419921875,1601.1180419921875,1601.1180419921875,0,0.0,0.0
2018-08-09 00:00:00+09:00,1601.1180419921875,1601.1180419921875,1601.1180419921875,1601.1180419921875,0,0.0,0.0
2018-08-10 00:00:00+09:00,1601.1180419921875,1601.1180419921875,1601.1180419921875,1601.1180419921875,0,0.0,0.0
2018-08-13 00:00:00+09:00,1601.1180419921875,1601.1180419921875,1601.1180419921875,1601.1180419921875,0,0.0,0.0
2018-08-14 00:00:00+09:00,1601.1180419921875,1601.1180419921875,1601.1180419921875,1601.1180419921875,0,0.0,0.0
2018-08-15 00:00:00+09:00,1601.1180419921875,1601.1180419921875,1601.1180419921875,1601.1180419921875,0,0.0,0.0
2018-08-16 00:00:00+09:00,1638.571044921875,1638.571044921875,1638.571044921875,1638.571044921875,400,0.0,0.0
2018-08-17 00:00:00+09:00,1638.571044921875,1638.571044921875,1638.571044921875,1638.571044921875,0,0.0,0.0
2018-08-20 00:00:00+09:00,1638.571044921875,1638.571044921875,1638.571044921875,1638.571044921875,0,0.0,0.0
2018-08-21 00:00:00+09:00,1638.571044921875,1638.571044921875,1638.571044921875,1638.571044921875,0,0.0,0.0
2018-08-22 00:00:00+09:00,1638.571044921875,1638.571044921875,1638.571044921875,1638.571044921875,0,0.0,0.0
2018-08-23 00:00:00+09:00,1638.571044921875,1638.571044921875,1638.571044921875,1638.571044921875,0,0.0,0.0
2018-08-24 00:00:00+09:00,1638.571044921875,1638.571044921875,1638.571044921875,1638.571044921875,0,0.0,0.0
2018-08-27 00:00:00+09:00,1638.571044921875,1638.571044921875,1638.571044921875,1638.571044921875,0,0.0,0.0
2018-08-28 00:00:00+09:00,1638.571044921875,1638.571044921875,1638.571044921875,1638.571044921875,0,0.0,0.0
2018-08-29 00:00:00+09:00,1638.571044921875,1638.571044921875,1638.571044921875,1638.571044921875,0,0.0,0.0
2018-08-30 00:00:00+09:00,1638.571044921875,1638.571044921875,1638.571044921875,1638.571044921875,0,0.0,0.0
2018-08-31 00:00:00+09:00,1638.571044921875,1638.571044921875,1638.571044921875,1638.571044921875,0,0.0,0.0
2018-09-03 00:00:00+09:00,1638.571044921875,1638.571044921875,1638.571044921875,1638.571044921875,0,0.0,0.0
2018-09-04 00:00:00+09:00,1638.571044921875,1638.571044921875,1638.571044921875,1638.571044921875,0,0.0,0.0
2018-09-05 00:00:00+09:00,1638.571044921875,1638.571044921875,1638.571044921875,1638.571044921875,0,0.0,0.0
2018-09-06 00:00:00+09:00,1638.571044921875,1638.571044921875,1638.571044921875,1638.571044921875,0,0.0,0.0
2018-09-07 00:00:00+09:00,1638.571044921875,1638.571044921875,1638.571044921875,1638.571044921875,0,0.0,0.0
2018-09-10 00:00:00+09:00,1638.571044921875,1638.571044921875,1638.571044921875,1638.571044921875,0,0.0,0.0
2018-09-11 00:00:00+09:00,1638.571044921875,1638.571044921875,1638.571044921875,1638.571044921875,0,0.0,0.0
2018-09-12 00:00:00+09:00,1638.571044921875,1638.571044921875,1638.571044921875,1638.571044921875,0,0.0,0.0
2018-09-13 00:00:00+09:00,1638.571044921875,1638.571044921875,1638.571044921875,1638.571044921875,0,0.0,0.0
2018-09-14 00:00:00+09:00,1638.571044921875,1638.571044921875,1638.571044921875,1638.571044921875,0,0.0,0.0
2018-09-17 00:00:00+09:00,1638.571044921875,1638.571044921875,1638.571044921875,1638.571044921875,0,0.0,0.0
2018-09-18 00:00:00+09:00,1638.571044921875,1638.571044921875,1638.571044921875,1638.571044921875,0,0.0,0.0
2018-09-19 00:00:00+09:00,1638.571044921875,1638.571044921875,1638.571044921875,1638.571044921875,0,0.0,0.0
2018-09-20 00:00:00+09:00,1638.571044921875,1638.571044921875,1638.571044921875,1638.571044921875,0,0.0,0.0
2018-09-21 00:00:00+09:00,1638.571044921875,1638.571044921875,1638.571044921875,1638.571044921875,0,0.0,0.0
2018-09-24 00:00:00+09:00,1638.571044921875,1638.571044921875,1638.571044921875,1638.571044921875,0,0.0,0.0
2018-09-25 00:00:00+09:00,1638.571044921875,1638.571044921875,1638.571044921875,1638.571044921875,0,0.0,0.0
2018-09-26 00:00:00+09:00,1638.571044921875,1638.571044921875,1638.571044921875,1638.571044921875,0,0.0,0.0
2018-09-27 00:00:00+09:00,1638.571044921875,1638.571044921875,1638.571044921875,1638.571044921875,0,0.0,0.0
2018-09-28 00:00:00+09:00,1638.571044921875,1638.571044921875,1638.571044921875,1638.571044921875,0,0.0,0.0
2018-10-01 00:00:00+09:00,1638.571044921875,1638.571044921875,1638.571044921875,1638.571044921875,0,0.0,0.0
2018-10-02 00:00:00+09:00,1638.571044921875,1638.571044921875,1638.571044921875,1638.571044921875,0,0.0,0.0
2018-10-03 00:00:00+09:00,1638.571044921875,1638.571044921875,1638.571044921875,1638.571044921875,0,0.0,0.0
2018-10-04 00:00:00+09:00,1638.571044921875,1638.571044921875,1638.571044921875,1638.571044921875,0,0.0,0.0
2018-10-05 00:00:00+09:00,1638.571044921875,1638.571044921875,1638.571044921875,1638.571044921875,0,0.0,0.0
2018-10-08 00:00:00+09:00,1638.571044921875,1638.571044921875,1638.571044921875,1638.571044921875,0,0.0,0.0
2018-10-09 00:00:00+09:00,1638.571044921875,1638.571044921875,1638.571044921875,1638.571044921875,0,0.0,0.0
2018-10-10 00:00:00+09:00,1638.571044921875,1638.571044921875,1638.571044921875,1638.571044921875,0,0.0,0.0
2018-10-11 00:00:00+09:00,1638.571044921875,1638.571044921875,1638.571044921875,1638.571044921875,0,0.0,0.0
2018-10-12 00:00:00+09:00,1638.571044921875,1638.571044921875,1638.571044921875,1638.571044921875,0,0.0,0.0
2018-10-15 00:00:00+09:00,1638.571044921875,1638.571044921875,1638.571044921875,1638.571044921875,0,0.0,0.0
2018-10-16 00:00:00+09:00,1638.571044921875,1638.571044921875,1638.571044921875,1638.571044921875,0,0.0,0.0
2018-10-17 00:00:00+09:00,1638.571044921875,1638.571044921875,1638.571044921875,1638.571044921875,0,0.0,0.0
2018-10-18 00:00:00+09:00,1588.0093624142303,1588.0093624142303,1569.2828369140625,1569.2828369140625,1500,0.0,0.0
2018-10-19 00:00:00+09:00,1569.2828369140625,1569.2828369140625,1569.2828369140625,1569.2828369140625,0,0.0,0.0
2018-10-22 00:00:00+09:00,1569.2828369140625,1569.2828369140625,1569.2828369140625,1569.2828369140625,0,0.0,0.0
2018-10-23 00:00:00+09:00,1569.2828369140625,1569.2828369140625,1569.2828369140625,1569.2828369140625,0,0.0,0.0
2018-10-24 00:00:00+09:00,1569.2828369140625,1569.2828369140625,1569.2828369140625,1569.2828369140625,0,0.0,0.0
2018-10-25 00:00:00+09:00,1569.2828369140625,1569.2828369140625,1569.2828369140625,1569.2828369140625,0,0.0,0.0
2018-10-26 00:00:00+09:00,1569.2828369140625,1569.2828369140625,1569.2828369140625,1569.2828369140625,0,0.0,0.0
2018-10-29 00:00:00+09:00,1569.2828369140625,1569.2828369140625,1569.2828369140625,1569.2828369140625,0,0.0,0.0
2018-10-30 00:00:00+09:00,1569.2828369140625,1569.2828369140625,1569.2828369140625,1569.2828369140625,0,0.0,0.0
2018-10-31 00:00:00+09:00,1569.2828369140625,1569.2828369140625,1569.2828369140625,1569.2828369140625,0,0.0,0.0
2018-11-01 00:00:00+09:00,1569.2828369140625,1569.2828369140625,1569.2828369140625,1569.2828369140625,0,0.0,0.0
2018-11-02 00:00:00+09:00,1569.2828369140625,1569.2828369140625,1569.2828369140625,1569.2828369140625,0,0.0,0.0
2018-11-05 00:00:00+09:00,1569.2828369140625,1569.2828369140625,1569.2828369140625,1569.2828369140625,0,0.0,0.0
2018-11-06 00:00:00+09:00,1569.2828369140625,1569.2828369140625,1569.2828369140625,1569.2828369140625,0,0.0,0.0
2018-11-07 00:00:00+09:00,1569.2828369140625,1569.2828369140625,1569.2828369140625,1569.2828369140625,0,0.0,0.0
2018-11-08 00:00:00+09:00,1569.2828369140625,1569.2828369140625,1569.2828369140625,1569.2828369140625,0,0.0,0.0
2018-11-09 00:00:00+09:00,1569.2828369140625,1569.2828369140625,1569.2828369140625,1569.2828369140625,0,0.0,0.0
2018-11-12 00:00:00+09:00,1569.2828369140625,1569.2828369140625,1569.2828369140625,1569.2828369140625,0,0.0,0.0
2018-11-13 00:00:00+09:00,1569.2828369140625,1569.2828369140625,1569.2828369140625,1569.2828369140625,0,0.0,0.0
2018-11-14 00:00:00+09:00,1564.6011962890625,1564.6011962890625,1564.6011962890625,1564.6011962890625,200,0.0,0.0
2018-11-15 00:00:00+09:00,1564.6011962890625,1564.6011962890625,1564.6011962890625,1564.6011962890625,0,0.0,0.0
2018-11-16 00:00:00+09:00,1564.6011962890625,1564.6011962890625,1564.6011962890625,1564.6011962890625,0,0.0,0.0
2018-11-19 00:00:00+09:00,1564.6011962890625,1564.6011962890625,1564.6011962890625,1564.6011962890625,0,0.0,0.0
2018-11-20 00:00:00+09:00,1509.358154296875,1509.358154296875,1509.358154296875,1509.358154296875,200,0.0,0.0
2018-11-21 00:00:00+09:00,1509.358154296875,1509.358154296875,1509.358154296875,1509.358154296875,0,0.0,0.0
2018-11-22 00:00:00+09:00,1509.358154296875,1509.358154296875,1509.358154296875,1509.358154296875,0,0.0,0.0
2018-11-23 00:00:00+09:00,1509.358154296875,1509.358154296875,1509.358154296875,1509.358154296875,0,0.0,0.0
2018-11-26 00:00:00+09:00,1509.358154296875,1509.358154296875,1509.358154296875,1509.358154296875,0,0.0,0.0
2018-11-27 00:00:00+09:00,1509.358154296875,1509.358154296875,1509.358154296875,1509.358154296875,0,0.0,0.0
2018-11-28 00:00:00+09:00,1509.358154296875,1509.358154296875,1509.358154296875,1509.358154296875,0,0.0,0.0
2018-11-29 00:00:00+09:00,1509.358154296875,1509.358154296875,1509.358154296875,1509.358154296875,0,0.0,0.0
2018-11-30 00:00:00+09:00,1509.358154296875,1509.358154296875,1509.358154296875,1509.358154296875,0,0.0,0.0
2018-12-03 00:00:00+09:00,1509.358154296875,1509.358154296875,1509.358154296875,1509.358154296875,0,0.0,0.0
2018-12-04 00:00:00+09:00,1509.358154296875,1509.358154296875,1509.358154296875,1509.358154296875,0,0.0,0.0
2018-12-05 00:00:00+09:00,1509.358154296875,1509.358154296875,1509.358154296875,1509.358154296875,0,0.0,0.0
2018-12-06 00:00:00+09:00,1509.358154296875,1509.358154296875,1509.358154296875,1509.358154296875,0,0.0,0.0
2018-12-07 00:00:00+09:00,1509.358154296875,1509.358154296875,1509.358154296875,1509.358154296875,0,0.0,0.0
2018-12-10 00:00:00+09:00,1509.358154296875,1509.358154296875,1509.358154296875,1509.358154296875,0,0.0,0.0
2018-12-11 00:00:00+09:00,1509.358154296875,1509.358154296875,1509.358154296875,1509.358154296875,0,0.0,0.0
2018-12-12 00:00:00+09:00,1509.358154296875,1509.358154296875,1509.358154296875,1509.358154296875,0,0.0,0.0
2018-12-13 00:00:00+09:00,1471.9049072265625,1471.9049072265625,1471.9049072265625,1471.9049072265625,400,0.0,0.0
2018-12-14 00:00:00+09:00,1471.9049072265625,1471.9049072265625,1471.9049072265625,1471.9049072265625,0,0.0,0.0
2018-12-17 00:00:00+09:00,1471.9049072265625,1471.9049072265625,1471.9049072265625,1471.9049072265625,0,0.0,0.0
2018-12-18 00:00:00+09:00,1471.9049072265625,1471.9049072265625,1471.9049072265625,1471.9049072265625,0,0.0,0.0
2018-12-19 00:00:00+09:00,1471.9049072265625,1471.9049072265625,1471.9049072265625,1471.9049072265625,0,0.0,0.0
2018-12-20 00:00:00+09:00,1471.9049072265625,1471.9049072265625,1471.9049072265625,1471.9049072265625,0,0.0,0.0
2018-12-21 00:00:00+09:00,1454.11483280906,1454.11483280906,1435.3883056640625,1435.3883056640625,600,0.0,0.0
2018-12-24 00:00:00+09:00,1435.3883056640625,1435.3883056640625,1435.3883056640625,1435.3883056640625,0,0.0,0.0
2018-12-25 00:00:00+09:00,1434.451904296875,1434.451904296875,1434.451904296875,1434.451904296875,200,0.0,0.0
2018-12-26 00:00:00+09:00,1434.451904296875,1434.451904296875,1434.451904296875,1434.451904296875,200,0.0,0.0
2018-12-27 00:00:00+09:00,1434.451904296875,1434.451904296875,1434.451904296875,1434.451904296875,100,0.0,0.0
2018-12-28 00:00:00+09:00,1434.451904296875,1434.451904296875,1434.451904296875,1434.451904296875,0,0.0,0.0
2018-12-31 00:00:00+09:00,1434.451904296875,1434.451904296875,1434.451904296875,1434.451904296875,0,0.0,0.0
2019-01-04 00:00:00+09:00,1434.451904296875,1434.451904296875,1434.451904296875,1434.451904296875,0,0.0,0.0
2019-01-07 00:00:00+09:00,1471.9049072265625,1471.9049072265625,1471.9049072265625,1471.9049072265625,100,0.0,0.0
2019-01-08 00:00:00+09:00,1471.9049072265625,1471.9049072265625,1471.9049072265625,1471.9049072265625,0,0.0,0.0
2019-01-09 00:00:00+09:00,1434.451904296875,1434.451904296875,1434.451904296875,1434.451904296875,100,0.0,0.0
2019-01-10 00:00:00+09:00,1434.4519446614584,1434.4519446614584,1404.489501953125,1404.489501953125,600,0.0,0.0
2019-01-11 00:00:00+09:00,1404.489501953125,1404.489501953125,1404.489501953125,1404.489501953125,0,0.0,0.0
2019-01-15 00:00:00+09:00,1383.8902587890625,1383.8902587890625,1383.8902587890625,1383.8902587890625,500,0.0,0.0
2019-01-16 00:00:00+09:00,1383.8902587890625,1383.8902587890625,1383.8902587890625,1383.8902587890625,0,0.0,0.0
2019-01-17 00:00:00+09:00,1383.8902587890625,1383.8902587890625,1383.8902587890625,1383.8902587890625,0,0.0,0.0
2019-01-18 00:00:00+09:00,1383.8902587890625,1383.8902587890625,1383.8902587890625,1383.8902587890625,0,0.0,0.0
2019-01-21 00:00:00+09:00,1383.8902587890625,1383.8902587890625,1383.8902587890625,1383.8902587890625,0,0.0,0.0
2019-01-22 00:00:00+09:00,1355.8005212021953,1355.8005212021953,1322.0927734375,1322.0927734375,400,0.0,0.0
2019-01-23 00:00:00+09:00,1322.0927734375,1322.0927734375,1322.0927734375,1322.0927734375,0,0.0,0.0
2019-01-24 00:00:00+09:00,1322.0927734375,1322.0927734375,1322.0927734375,1322.0927734375,0,0.0,0.0
2019-01-25 00:00:00+09:00,1322.0927734375,1322.0927734375,1322.0927734375,1322.0927734375,0,0.0,0.0
2019-01-28 00:00:00+09:00,1322.0927734375,1322.0927734375,1322.0927734375,1322.0927734375,0,0.0,0.0
2019-01-29 00:00:00+09:00,1322.0927734375,1322.0927734375,1322.0927734375,1322.0927734375,0,0.0,0.0
2019-01-30 00:00:00+09:00,1322.0927734375,1322.0927734375,1322.0927734375,1322.0927734375,0,0.0,0.0
2019-01-31 00:00:00+09:00,1322.0927734375,1322.0927734375,1322.0927734375,1322.0927734375,100,0.0,0.0
2019-02-01 00:00:00+09:00,1322.0927734375,1322.0927734375,1322.0927734375,1322.0927734375,0,0.0,0.0
2019-02-04 00:00:00+09:00,1322.0927734375,1322.0927734375,1322.0927734375,1322.0927734375,0,0.0,0.0
2019-02-05 00:00:00+09:00,1322.0927734375,1322.0927734375,1322.0927734375,1322.0927734375,0,0.0,0.0
2019-02-06 00:00:00+09:00,1322.0927734375,1322.0927734375,1322.0927734375,1322.0927734375,0,0.0,0.0
2019-02-07 00:00:00+09:00,1350.1824951171875,1350.1824951171875,1350.1824951171875,1350.1824951171875,100,0.0,0.0
2019-02-08 00:00:00+09:00,1350.1824951171875,1350.1824951171875,1350.1824951171875,1350.1824951171875,0,0.0,0.0
2019-02-12 00:00:00+09:00,1350.1824951171875,1350.1824951171875,1350.1824951171875,1350.1824951171875,0,0.0,0.0
2019-02-13 00:00:00+09:00,1350.1824951171875,1350.1824951171875,1350.1824951171875,1350.1824951171875,0,0.0,0.0
2019-02-14 00:00:00+09:00,1350.1824951171875,1350.1824951171875,1350.1824951171875,1350.1824951171875,200,0.0,0.0
2019-02-15 00:00:00+09:00,1350.1824951171875,1350.1824951171875,1350.1824951171875,1350.1824951171875,0,0.0,0.0
2019-02-18 00:00:00+09:00,1350.1824951171875,1350.1824951171875,1350.1824951171875,1350.1824951171875,0,0.0,0.0
2019-02-19 00:00:00+09:00,1350.1824951171875,1350.1824951171875,1350.1824951171875,1350.1824951171875,0,0.0,0.0
2019-02-20 00:00:00+09:00,1350.1824951171875,1350.1824951171875,1350.1824951171875,1350.1824951171875,0,0.0,0.0
2019-02-21 00:00:00+09:00,1350.1824951171875,1350.1824951171875,1350.1824951171875,1350.1824951171875,0,0.0,0.0
2019-02-22 00:00:00+09:00,1350.1824951171875,1350.1824951171875,1350.1824951171875,1350.1824951171875,0,0.0,0.0
2019-02-25 00:00:00+09:00,1350.1824951171875,1350.1824951171875,1350.1824951171875,1350.1824951171875,0,0.0,0.0
2019-02-26 00:00:00+09:00,1350.1824951171875,1350.1824951171875,1350.1824951171875,1350.1824951171875,0,0.0,0.0
2019-02-27 00:00:00+09:00,1358.6094500749234,1359.5457763671875,1358.6094500749234,1359.5457763671875,600,0.0,0.0
2019-02-28 00:00:00+09:00,1359.5457763671875,1359.5457763671875,1359.5457763671875,1359.5457763671875,0,0.0,0.0
2019-03-01 00:00:00+09:00,1359.5457763671875,1359.5457763671875,1359.5457763671875,1359.5457763671875,0,0.0,0.0
2019-03-04 00:00:00+09:00,1359.5457763671875,1359.5457763671875,1359.5457763671875,1359.5457763671875,0,0.0,0.0
2019-03-05 00:00:00+09:00,1359.5457763671875,1359.5457763671875,1359.5457763671875,1359.5457763671875,0,0.0,0.0
2019-03-06 00:00:00+09:00,1359.5457763671875,1359.5457763671875,1359.5457763671875,1359.5457763671875,0,0.0,0.0
2019-03-07 00:00:00+09:00,1359.5457763671875,1359.5457763671875,1359.5457763671875,1359.5457763671875,0,0.0,0.0
2019-03-08 00:00:00+09:00,1359.5457763671875,1359.5457763671875,1359.5457763671875,1359.5457763671875,0,0.0,0.0
2019-03-11 00:00:00+09:00,1384.82666015625,1384.82666015625,1384.82666015625,1384.82666015625,600,0.0,0.0
2019-03-12 00:00:00+09:00,1384.82666015625,1384.82666015625,1384.82666015625,1384.82666015625,0,0.0,0.0
2019-03-13 00:00:00+09:00,1384.82666015625,1384.82666015625,1384.82666015625,1384.82666015625,0,0.0,0.0
2019-03-14 00:00:00+09:00,1384.82666015625,1384.82666015625,1384.82666015625,1384.82666015625,600,0.0,0.0
2019-03-15 00:00:00+09:00,1384.82666015625,1384.82666015625,1384.82666015625,1384.82666015625,0,0.0,0.0
2019-03-18 00:00:00+09:00,1384.82666015625,1384.82666015625,1384.82666015625,1384.82666015625,0,0.0,0.0
2019-03-19 00:00:00+09:00,1384.82666015625,1384.82666015625,1384.82666015625,1384.82666015625,0,0.0,0.0
2019-03-20 00:00:00+09:00,1384.82666015625,1384.82666015625,1384.82666015625,1384.82666015625,0,0.0,0.0
2019-03-22 00:00:00+09:00,1384.82666015625,1384.82666015625,1384.82666015625,1384.82666015625,0,0.0,0.0
2019-03-25 00:00:00+09:00,1385.762939453125,1385.762939453125,1385.762939453125,1385.762939453125,0,0.0,0.0
2019-03-26 00:00:00+09:00,1385.762939453125,1385.762939453125,1385.762939453125,1385.762939453125,0,0.0,0.0
2019-03-27 00:00:00+09:00,1387.67431640625,1387.67431640625,1387.67431640625,1387.67431640625,100,30.0,0.0
2019-03-28 00:00:00+09:00,1387.6743265016582,1387.6743265016582,1386.7186279296875,1386.7186279296875,400,0.0,0.0
2019-03-29 00:00:00+09:00,1386.7186279296875,1386.7186279296875,1386.7186279296875,1386.7186279296875,200,0.0,0.0
2019-04-01 00:00:00+09:00,1386.7186279296875,1386.7186279296875,1386.7186279296875,1386.7186279296875,100,0.0,0.0
2019-04-02 00:00:00+09:00,1358.0477294921875,1358.0477294921875,1358.0477294921875,1358.0477294921875,100,0.0,0.0
2019-04-03 00:00:00+09:00,1385.762939453125,1385.762939453125,1385.762939453125,1385.762939453125,100,0.0,0.0
2019-04-04 00:00:00+09:00,1357.092041015625,1357.092041015625,1357.092041015625,1357.092041015625,700,0.0,0.0
2019-04-05 00:00:00+09:00,1357.092041015625,1357.092041015625,1357.092041015625,1357.092041015625,700,0.0,0.0
2019-04-08 00:00:00+09:00,1385.762939453125,1385.762939453125,1385.762939453125,1385.762939453125,100,0.0,0.0
2019-04-09 00:00:00+09:00,1385.762939453125,1385.762939453125,1385.762939453125,1385.762939453125,100,0.0,0.0
2019-04-10 00:00:00+09:00,1385.762939453125,1385.762939453125,1385.762939453125,1385.762939453125,0,0.0,0.0
2019-04-11 00:00:00+09:00,1385.762939453125,1385.762939453125,1385.762939453125,1385.762939453125,0,0.0,0.0
2019-04-12 00:00:00+09:00,1385.762939453125,1385.762939453125,1385.762939453125,1385.762939453125,0,0.0,0.0
2019-04-15 00:00:00+09:00,1386.7186279296875,1386.7186279296875,1386.7186279296875,1386.7186279296875,100,0.0,0.0
2019-04-16 00:00:00+09:00,1386.7186279296875,1386.7186279296875,1386.7186279296875,1386.7186279296875,0,0.0,0.0
2019-04-17 00:00:00+09:00,1386.7186279296875,1386.7186279296875,1386.7186279296875,1386.7186279296875,0,0.0,0.0
2019-04-18 00:00:00+09:00,1386.7186279296875,1386.7186279296875,1386.7186279296875,1386.7186279296875,0,0.0,0.0
2019-04-19 00:00:00+09:00,1386.7186279296875,1386.7186279296875,1386.7186279296875,1386.7186279296875,0,0.0,0.0
2019-04-22 00:00:00+09:00,1386.7186279296875,1386.7186279296875,1386.7186279296875,1386.7186279296875,0,0.0,0.0
2019-04-23 00:00:00+09:00,1386.7186279296875,1386.7186279296875,1386.7186279296875,1386.7186279296875,0,0.0,0.0
2019-04-24 00:00:00+09:00,1386.7186279296875,1386.7186279296875,1386.7186279296875,1386.7186279296875,0,0.0,0.0
2019-04-25 00:00:00+09:00,1359.9591064453125,1359.9591064453125,1359.9591064453125,1359.9591064453125,200,0.0,0.0
2019-04-26 00:00:00+09:00,1359.9591064453125,1359.9591064453125,1359.9591064453125,1359.9591064453125,0,0.0,0.0
2019-05-07 00:00:00+09:00,1335.11083984375,1335.11083984375,1335.11083984375,1335.11083984375,200,0.0,0.0
2019-05-08 00:00:00+09:00,1335.11083984375,1335.11083984375,1335.11083984375,1335.11083984375,0,0.0,0.0
2019-05-09 00:00:00+09:00,1335.11083984375,1335.11083984375,1335.11083984375,1335.11083984375,0,0.0,0.0
2019-05-10 00:00:00+09:00,1335.11083984375,1335.11083984375,1335.11083984375,1335.11083984375,0,0.0,0.0
2019-05-13 00:00:00+09:00,1335.11083984375,1335.11083984375,1335.11083984375,1335.11083984375,0,0.0,0.0
2019-05-14 00:00:00+09:00,1335.11083984375,1335.11083984375,1335.11083984375,1335.11083984375,0,0.0,0.0
2019-05-15 00:00:00+09:00,1335.11083984375,1335.11083984375,1335.11083984375,1335.11083984375,0,0.0,0.0
2019-05-16 00:00:00+09:00,1335.11083984375,1335.11083984375,1335.11083984375,1335.11083984375,0,0.0,0.0
2019-05-17 00:00:00+09:00,1335.11083984375,1335.11083984375,1335.11083984375,1335.11083984375,0,0.0,0.0
2019-05-20 00:00:00+09:00,1335.11083984375,1335.11083984375,1335.11083984375,1335.11083984375,0,0.0,0.0
2019-05-21 00:00:00+09:00,1335.11083984375,1335.11083984375,1335.11083984375,1335.11083984375,0,0.0,0.0
2019-05-22 00:00:00+09:00,1335.11083984375,1335.11083984375,1335.11083984375,1335.11083984375,0,0.0,0.0
2019-05-23 00:00:00+09:00,1249.097980831108,1249.097980831108,1241.452392578125,1241.452392578125,1800,0.0,0.0
2019-05-24 00:00:00+09:00,1243.3637726636202,1266.300537109375,1243.3637726636202,1266.300537109375,400,0.0,0.0
2019-05-27 00:00:00+09:00,1266.300537109375,1266.300537109375,1266.300537109375,1266.300537109375,0,0.0,0.0
2019-05-28 00:00:00+09:00,1263.433583600541,1264.3892822265625,1263.433583600541,1264.3892822265625,400,0.0,0.0
2019-05-29 00:00:00+09:00,1264.3892822265625,1264.3892822265625,1264.3892822265625,1264.3892822265625,0,0.0,0.0
2019-05-30 00:00:00+09:00,1241.452392578125,1241.452392578125,1241.452392578125,1241.452392578125,200,0.0,0.0
2019-05-31 00:00:00+09:00,1241.452392578125,1241.452392578125,1241.452392578125,1241.452392578125,0,0.0,0.0
2019-06-03 00:00:00+09:00,1241.452392578125,1241.452392578125,1241.452392578125,1241.452392578125,200,0.0,0.0
2019-06-04 00:00:00+09:00,1241.452392578125,1241.452392578125,1241.452392578125,1241.452392578125,0,0.0,0.0
2019-06-05 00:00:00+09:00,1241.452392578125,1241.452392578125,1241.452392578125,1241.452392578125,0,0.0,0.0
2019-06-06 00:00:00+09:00,1241.452392578125,1241.452392578125,1241.452392578125,1241.452392578125,0,0.0,0.0
2019-06-07 00:00:00+09:00,1241.452392578125,1241.452392578125,1241.452392578125,1241.452392578125,0,0.0,0.0
2019-06-10 00:00:00+09:00,1270.1234130859375,1270.1234130859375,1270.1234130859375,1270.1234130859375,100,0.0,0.0
2019-06-11 00:00:00+09:00,1270.1234130859375,1270.1234130859375,1270.1234130859375,1270.1234130859375,0,0.0,0.0
2019-06-12 00:00:00+09:00,1270.1234130859375,1270.1234130859375,1270.1234130859375,1270.1234130859375,0,0.0,0.0
2019-06-13 00:00:00+09:00,1270.1234130859375,1270.1234130859375,1270.1234130859375,1270.1234130859375,0,0.0,0.0
2019-06-14 00:00:00+09:00,1270.1234130859375,1270.1234130859375,1270.1234130859375,1270.1234130859375,0,0.0,0.0
2019-06-17 00:00:00+09:00,1270.1234130859375,1270.1234130859375,1270.1234130859375,1270.1234130859375,0,0.0,0.0
2019-06-18 00:00:00+09:00,1270.1234130859375,1270.1234130859375,1270.1234130859375,1270.1234130859375,0,0.0,0.0
2019-06-19 00:00:00+09:00,1270.1234130859375,1270.1234130859375,1270.1234130859375,1270.1234130859375,0,0.0,0.0
2019-06-20 00:00:00+09:00,1270.1234130859375,1270.1234130859375,1270.1234130859375,1270.1234130859375,0,0.0,0.0
2019-06-21 00:00:00+09:00,1270.1234130859375,1270.1234130859375,1270.1234130859375,1270.1234130859375,0,0.0,0.0
2019-06-24 00:00:00+09:00,1270.1234130859375,1270.1234130859375,1270.1234130859375,1270.1234130859375,0,0.0,0.0
2019-06-25 00:00:00+09:00,1270.1234130859375,1270.1234130859375,1270.1234130859375,1270.1234130859375,0,0.0,0.0
2019-06-26 00:00:00+09:00,1270.1234130859375,1270.1234130859375,1270.1234130859375,1270.1234130859375,0,0.0,0.0
2019-06-27 00:00:00+09:00,1270.1234130859375,1270.1234130859375,1270.1234130859375,1270.1234130859375,0,0.0,0.0
2019-06-28 00:00:00+09:00,1270.1234130859375,1270.1234130859375,1270.1234130859375,1270.1234130859375,0,0.0,0.0
2019-07-01 00:00:00+09:00,1270.1234130859375,1270.1234130859375,1270.1234130859375,1270.1234130859375,0,0.0,0.0
2019-07-02 00:00:00+09:00,1298.79443359375,1298.79443359375,1298.79443359375,1298.79443359375,200,0.0,0.0
2019-07-03 00:00:00+09:00,1294.015869140625,1294.015869140625,1294.015869140625,1294.015869140625,200,0.0,0.0
2019-07-04 00:00:00+09:00,1294.015869140625,1294.015869140625,1294.015869140625,1294.015869140625,0,0.0,0.0
2019-07-05 00:00:00+09:00,1294.015869140625,1294.015869140625,1294.015869140625,1294.015869140625,0,0.0,0.0
2019-07-08 00:00:00+09:00,1274.90185546875,1274.90185546875,1274.90185546875,1274.90185546875,500,0.0,0.0
2019-07-09 00:00:00+09:00,1274.90185546875,1274.90185546875,1274.90185546875,1274.90185546875,0,0.0,0.0
2019-07-10 00:00:00+09:00,1274.90185546875,1274.90185546875,1274.90185546875,1274.90185546875,0,0.0,0.0
2019-07-11 00:00:00+09:00,1274.90185546875,1274.90185546875,1274.90185546875,1274.90185546875,0,0.0,0.0
2019-07-12 00:00:00+09:00,1274.90185546875,1274.90185546875,1274.90185546875,1274.90185546875,0,0.0,0.0
2019-07-16 00:00:00+09:00,1274.90185546875,1274.90185546875,1274.90185546875,1274.90185546875,0,0.0,0.0
2019-07-17 00:00:00+09:00,1274.90185546875,1274.90185546875,1274.90185546875,1274.90185546875,0,0.0,0.0
2019-07-18 00:00:00+09:00,1274.90185546875,1274.90185546875,1274.90185546875,1274.90185546875,0,0.0,0.0
2019-07-19 00:00:00+09:00,1274.90185546875,1274.90185546875,1274.90185546875,1274.90185546875,0,0.0,0.0
2019-07-22 00:00:00+09:00,1274.90185546875,1274.90185546875,1274.90185546875,1274.90185546875,0,0.0,0.0
2019-07-23 00:00:00+09:00,1274.90185546875,1274.90185546875,1274.90185546875,1274.90185546875,0,0.0,0.0
2019-07-24 00:00:00+09:00,1274.90185546875,1274.90185546875,1274.90185546875,1274.90185546875,0,0.0,0.0
2019-07-25 00:00:00+09:00,1274.90185546875,1274.90185546875,1274.90185546875,1274.90185546875,0,0.0,0.0
2019-07-26 00:00:00+09:00,1274.90185546875,1274.90185546875,1274.90185546875,1274.90185546875,0,0.0,0.0
2019-07-29 00:00:00+09:00,1274.90185546875,1274.90185546875,1274.90185546875,1274.90185546875,0,0.0,0.0
2019-07-30 00:00:00+09:00,1299.7501220703125,1299.7501220703125,1299.7501220703125,1299.7501220703125,100,0.0,0.0
2019-07-31 00:00:00+09:00,1299.7501220703125,1299.7501220703125,1299.7501220703125,1299.7501220703125,0,0.0,0.0
2019-08-01 00:00:00+09:00,1299.7501220703125,1299.7501220703125,1299.7501220703125,1299.7501220703125,0,0.0,0.0
2019-08-02 00:00:00+09:00,1299.7501220703125,1299.7501220703125,1299.7501220703125,1299.7501220703125,0,0.0,0.0
2019-08-05 00:00:00+09:00,1299.7501220703125,1299.7501220703125,1299.7501220703125,1299.7501220703125,0,0.0,0.0
2019-08-06 00:00:00+09:00,1299.7501220703125,1299.7501220703125,1299.7501220703125,1299.7501220703125,0,0.0,0.0
2019-08-07 00:00:00+09:00,1299.7501220703125,1299.7501220703125,1299.7501220703125,1299.7501220703125,300,0.0,0.0
2019-08-08 00:00:00+09:00,1299.7501220703125,1299.7501220703125,1299.7501220703125,1299.7501220703125,0,0.0,0.0
2019-08-09 00:00:00+09:00,1299.7501220703125,1299.7501220703125,1299.7501220703125,1299.7501220703125,0,0.0,0.0
2019-08-13 00:00:00+09:00,1291.1488037109375,1291.1488037109375,1291.1488037109375,1291.1488037109375,100,0.0,0.0
2019-08-14 00:00:00+09:00,1291.1488037109375,1291.1488037109375,1291.1488037109375,1291.1488037109375,0,0.0,0.0
2019-08-15 00:00:00+09:00,1291.1488037109375,1291.1488037109375,1291.1488037109375,1291.1488037109375,0,0.0,0.0
2019-08-16 00:00:00+09:00,1291.1488037109375,1291.1488037109375,1291.1488037109375,1291.1488037109375,0,0.0,0.0
2019-08-19 00:00:00+09:00,1291.1488037109375,1291.1488037109375,1291.1488037109375,1291.1488037109375,0,0.0,0.0
2019-08-20 00:00:00+09:00,1291.1488037109375,1291.1488037109375,1291.1488037109375,1291.1488037109375,0,0.0,0.0
2019-08-21 00:00:00+09:00,1291.1488037109375,1291.1488037109375,1291.1488037109375,1291.1488037109375,0,0.0,0.0
2019-08-22 00:00:00+09:00,1291.1488037109375,1291.1488037109375,1291.1488037109375,1291.1488037109375,0,0.0,0.0
2019-08-23 00:00:00+09:00,1304.528564453125,1304.528564453125,1304.528564453125,1304.528564453125,300,0.0,0.0
2019-08-26 00:00:00+09:00,1304.528564453125,1304.528564453125,1304.528564453125,1304.528564453125,0,0.0,0.0
2019-08-27 00:00:00+09:00,1304.528564453125,1304.528564453125,1304.528564453125,1304.528564453125,0,0.0,0.0
2019-08-28 00:00:00+09:00,1290.193115234375,1290.193115234375,1290.193115234375,1290.193115234375,400,0.0,0.0
2019-08-29 00:00:00+09:00,1290.193115234375,1290.193115234375,1290.193115234375,1290.193115234375,0,0.0,0.0
2019-08-30 00:00:00+09:00,1290.193115234375,1290.193115234375,1290.193115234375,1290.193115234375,0,0.0,0.0
2019-09-02 00:00:00+09:00,1290.193115234375,1290.193115234375,1290.193115234375,1290.193115234375,0,0.0,0.0
2019-09-03 00:00:00+09:00,1290.193115234375,1290.193115234375,1290.193115234375,1290.193115234375,100,0.0,0.0
2019-09-04 00:00:00+09:00,1290.193115234375,1290.193115234375,1290.193115234375,1290.193115234375,0,0.0,0.0
2019-09-05 00:00:00+09:00,1290.193115234375,1290.193115234375,1290.193115234375,1290.193115234375,0,0.0,0.0
2019-09-06 00:00:00+09:00,1290.193115234375,1290.193115234375,1290.193115234375,1290.193115234375,0,0.0,0.0
2019-09-09 00:00:00+09:00,1318.864013671875,1318.864013671875,1318.864013671875,1318.864013671875,100,0.0,0.0
2019-09-10 00:00:00+09:00,1318.864013671875,1318.864013671875,1318.864013671875,1318.864013671875,0,0.0,0.0
2019-09-11 00:00:00+09:00,1318.864013671875,1318.864013671875,1318.864013671875,1318.864013671875,0,0.0,0.0
2019-09-12 00:00:00+09:00,1318.864013671875,1318.864013671875,1318.864013671875,1318.864013671875,0,0.0,0.0
2019-09-13 00:00:00+09:00,1290.193115234375,1290.193115234375,1290.193115234375,1290.193115234375,100,0.0,0.0
2019-09-17 00:00:00+09:00,1298.79443359375,1298.79443359375,1298.79443359375,1298.79443359375,100,0.0,0.0
2019-09-18 00:00:00+09:00,1298.79443359375,1298.79443359375,1298.79443359375,1298.79443359375,0,0.0,0.0
2019-09-19 00:00:00+09:00,1300.7057802082857,1303.5728759765625,1300.7057802082857,1303.5728759765625,200,0.0,0.0
2019-09-20 00:00:00+09:00,1303.5728759765625,1303.5728759765625,1303.5728759765625,1303.5728759765625,0,0.0,0.0
2019-09-24 00:00:00+09:00,1274.9020282423915,1281.5919189453125,1274.9020282423915,1281.5919189453125,200,0.0,0.0
2019-09-25 00:00:00+09:00,1285.41455078125,1285.41455078125,1285.41455078125,1285.41455078125,200,0.0,0.0
2019-09-26 00:00:00+09:00,1304.5286862574892,1315.9970703125,1304.5286862574892,1315.9970703125,600,0.0,0.0
2019-09-27 00:00:00+09:00,1315.9970703125,1315.9970703125,1315.9970703125,1315.9970703125,0,0.0,0.0
2019-09-30 00:00:00+09:00,1315.9970703125,1315.9970703125,1315.9970703125,1315.9970703125,100,0.0,0.0
2019-10-01 00:00:00+09:00,1317.9083251953125,1317.9083251953125,1317.9083251953125,1317.9083251953125,100,0.0,0.0
2019-10-02 00:00:00+09:00,1317.9083251953125,1317.9083251953125,1317.9083251953125,1317.9083251953125,0,0.0,0.0
2019-10-03 00:00:00+09:00,1289.2374267578125,1289.2374267578125,1289.2374267578125,1289.2374267578125,100,0.0,0.0
2019-10-04 00:00:00+09:00,1289.2374267578125,1289.2374267578125,1289.2374267578125,1289.2374267578125,600,0.0,0.0
2019-10-07 00:00:00+09:00,1289.2374267578125,1289.2374267578125,1289.2374267578125,1289.2374267578125,0,0.0,0.0
2019-10-08 00:00:00+09:00,1317.9083251953125,1317.9083251953125,1317.9083251953125,1317.9083251953125,100,0.0,0.0
2019-10-09 00:00:00+09:00,1317.9083251953125,1317.9083251953125,1317.9083251953125,1317.9083251953125,0,0.0,0.0
2019-10-10 00:00:00+09:00,1317.9083251953125,1317.9083251953125,1317.9083251953125,1317.9083251953125,0,0.0,0.0
2019-10-11 00:00:00+09:00,1317.9083251953125,1317.9083251953125,1317.9083251953125,1317.9083251953125,0,0.0,0.0
2019-10-15 00:00:00+09:00,1317.9083251953125,1317.9083251953125,1317.9083251953125,1317.9083251953125,0,0.0,0.0
2019-10-16 00:00:00+09:00,1317.9083251953125,1317.9083251953125,1317.9083251953125,1317.9083251953125,0,0.0,0.0
2019-10-17 00:00:00+09:00,1343.712168281528,1343.712168281528,1342.7564697265625,1342.7564697265625,600,0.0,0.0
2019-10-18 00:00:00+09:00,1310.2627781178799,1337.9780374653772,1310.2627781178799,1337.0223388671875,800,0.0,0.0
2019-10-21 00:00:00+09:00,1308.351340474198,1329.376708984375,1308.351340474198,1329.376708984375,300,0.0,0.0
2019-10-23 00:00:00+09:00,1337.9780985003142,1359.9591672613908,1331.2882080078125,1331.2882080078125,500,0.0,0.0
2019-10-24 00:00:00+09:00,1331.2882080078125,1331.2882080078125,1331.2882080078125,1331.2882080078125,0,0.0,0.0
2019-10-25 00:00:00+09:00,1331.2882080078125,1331.2882080078125,1331.2882080078125,1331.2882080078125,0,0.0,0.0
2019-10-28 00:00:00+09:00,1331.2882080078125,1331.2882080078125,1331.2882080078125,1331.2882080078125,0,0.0,0.0
2019-10-29 00:00:00+09:00,1331.2882080078125,1331.2882080078125,1331.2882080078125,1331.2882080078125,0,0.0,0.0
2019-10-30 00:00:00+09:00,1304.5285543550683,1305.4842529296875,1304.5285543550683,1305.4842529296875,300,0.0,0.0
2019-10-31 00:00:00+09:00,1305.4842529296875,1305.4842529296875,1305.4842529296875,1305.4842529296875,0,0.0,0.0
2019-11-01 00:00:00+09:00,1305.4842529296875,1305.4842529296875,1305.4842529296875,1305.4842529296875,0,0.0,0.0
2019-11-05 00:00:00+09:00,1305.4842529296875,1305.4842529296875,1305.4842529296875,1305.4842529296875,0,0.0,0.0
2019-11-06 00:00:00+09:00,1305.4842529296875,1305.4842529296875,1305.4842529296875,1305.4842529296875,0,0.0,0.0
2019-11-07 00:00:00+09:00,1305.4842529296875,1305.4842529296875,1305.4842529296875,1305.4842529296875,0,0.0,0.0
2019-11-08 00:00:00+09:00,1305.4842529296875,1305.4842529296875,1305.4842529296875,1305.4842529296875,0,0.0,0.0
2019-11-11 00:00:00+09:00,1305.4842529296875,1305.4842529296875,1305.4842529296875,1305.4842529296875,0,0.0,0.0
2019-11-12 00:00:00+09:00,1305.4842529296875,1305.4842529296875,1305.4842529296875,1305.4842529296875,0,0.0,0.0
2019-11-13 00:00:00+09:00,1305.4842529296875,1305.4842529296875,1305.4842529296875,1305.4842529296875,0,0.0,0.0
2019-11-14 00:00:00+09:00,1305.4842529296875,1305.4842529296875,1305.4842529296875,1305.4842529296875,0,0.0,0.0
2019-11-15 00:00:00+09:00,1305.4842529296875,1305.4842529296875,1305.4842529296875,1305.4842529296875,0,0.0,0.0
2019-11-18 00:00:00+09:00,1305.4842529296875,1305.4842529296875,1305.4842529296875,1305.4842529296875,0,0.0,0.0
2019-11-19 00:00:00+09:00,1305.4842529296875,1305.4842529296875,1305.4842529296875,1305.4842529296875,0,0.0,0.0
2019-11-20 00:00:00+09:00,1305.4842529296875,1305.4842529296875,1305.4842529296875,1305.4842529296875,0,0.0,0.0
2019-11-21 00:00:00+09:00,1305.4842529296875,1305.4842529296875,1305.4842529296875,1305.4842529296875,0,0.0,0.0
2019-11-22 00:00:00+09:00,1305.4842529296875,1305.4842529296875,1305.4842529296875,1305.4842529296875,0,0.0,0.0
2019-11-25 00:00:00+09:00,1334.1551513671875,1334.1551513671875,1334.1551513671875,1334.1551513671875,200,0.0,0.0
2019-11-26 00:00:00+09:00,1334.1551513671875,1334.1551513671875,1334.1551513671875,1334.1551513671875,200,0.0,0.0
2019-11-27 00:00:00+09:00,1334.1551513671875,1334.1551513671875,1334.1551513671875,1334.1551513671875,0,0.0,0.0
2019-11-28 00:00:00+09:00,1334.1551513671875,1334.1551513671875,1334.1551513671875,1334.1551513671875,200,0.0,0.0
2019-11-29 00:00:00+09:00,1334.1551513671875,1334.1551513671875,1334.1551513671875,1334.1551513671875,200,0.0,0.0
2019-12-02 00:00:00+09:00,1305.4843648200324,1306.4400634765625,1305.4843648200324,1306.4400634765625,200,0.0,0.0
2019-12-03 00:00:00+09:00,1305.4843648200324,1306.4400634765625,1305.4843648200324,1306.4400634765625,200,0.0,0.0
2019-12-04 00:00:00+09:00,1306.4400634765625,1306.4400634765625,1306.4400634765625,1306.4400634765625,0,0.0,0.0
2019-12-05 00:00:00+09:00,1306.4400634765625,1306.4400634765625,1306.4400634765625,1306.4400634765625,0,0.0,0.0
2019-12-06 00:00:00+09:00,1306.4400634765625,1306.4400634765625,1306.4400634765625,1306.4400634765625,0,0.0,0.0
2019-12-09 00:00:00+09:00,1283.503173828125,1283.503173828125,1283.503173828125,1283.503173828125,400,0.0,0.0
2019-12-10 00:00:00+09:00,1283.503173828125,1283.503173828125,1283.503173828125,1283.503173828125,400,0.0,0.0
2019-12-11 00:00:00+09:00,1295.9273681640625,1295.9273681640625,1295.9273681640625,1295.9273681640625,200,0.0,0.0
2019-12-12 00:00:00+09:00,1295.9273681640625,1295.9273681640625,1295.9273681640625,1295.9273681640625,200,0.0,0.0
2019-12-13 00:00:00+09:00,1295.9273681640625,1295.9273681640625,1295.9273681640625,1295.9273681640625,0,0.0,0.0
2019-12-16 00:00:00+09:00,1307.395751953125,1307.395751953125,1307.395751953125,1307.395751953125,100,0.0,0.0
2019-12-17 00:00:00+09:00,1307.395751953125,1307.395751953125,1307.395751953125,1307.395751953125,0,0.0,0.0
2019-12-18 00:00:00+09:00,1307.395751953125,1307.395751953125,1307.395751953125,1307.395751953125,0,0.0,0.0
2019-12-19 00:00:00+09:00,1307.395751953125,1307.395751953125,1307.395751953125,1307.395751953125,0,0.0,0.0
2019-12-20 00:00:00+09:00,1307.395751953125,1307.395751953125,1307.395751953125,1307.395751953125,0,0.0,0.0
2019-12-23 00:00:00+09:00,1307.395751953125,1307.395751953125,1307.395751953125,1307.395751953125,0,0.0,0.0
2019-12-24 00:00:00+09:00,1307.395751953125,1307.395751953125,1307.395751953125,1307.395751953125,0,0.0,0.0
2019-12-25 00:00:00+09:00,1307.395751953125,1307.395751953125,1307.395751953125,1307.395751953125,0,0.0,0.0
2019-12-26 00:00:00+09:00,1307.395751953125,1307.395751953125,1307.395751953125,1307.395751953125,0,0.0,0.0
2019-12-27 00:00:00+09:00,1314.085592001354,1324.5982767373646,1314.085592001354,1323.642578125,400,0.0,0.0
2019-12-30 00:00:00+09:00,1334.1552835881496,1334.1552835881496,1333.1995849609375,1333.1995849609375,200,0.0,0.0
2020-01-06 00:00:00+09:00,1361.8705437773017,1361.8705437773017,1333.1995849609375,1333.1995849609375,500,0.0,0.0
2020-01-07 00:00:00+09:00,1315.04132088911,1320.7755126953125,1315.04132088911,1320.7755126953125,200,0.0,0.0
2020-01-08 00:00:00+09:00,1337.97802734375,1337.97802734375,1337.97802734375,1337.97802734375,200,0.0,0.0
2020-01-09 00:00:00+09:00,1337.97802734375,1337.97802734375,1337.97802734375,1337.97802734375,200,0.0,0.0
2020-01-10 00:00:00+09:00,1340.84521484375,1340.84521484375,1340.84521484375,1340.84521484375,200,0.0,0.0
2020-01-14 00:00:00+09:00,1392.4528358528562,1602.7065241765545,1392.4528358528562,1477.510009765625,1900,0.0,0.0
2020-01-15 00:00:00+09:00,1392.4528358528562,1602.7065241765545,1392.4528358528562,1477.510009765625,1900,0.0,0.0
2020-01-16 00:00:00+09:00,1536.7633219295763,1536.7633219295763,1477.510009765625,1477.510009765625,1400,0.0,0.0
2020-01-17 00:00:00+09:00,1477.510009765625,1477.510009765625,1477.510009765625,1477.510009765625,0,0.0,0.0
2020-01-20 00:00:00+09:00,1439.2820025504902,1439.2820025504902,1437.37060546875,1437.37060546875,500,0.0,0.0
2020-01-21 00:00:00+09:00,1439.2820025504902,1439.2820025504902,1437.37060546875,1437.37060546875,500,0.0,0.0
2020-01-22 00:00:00+09:00,1437.37060546875,1437.37060546875,1437.37060546875,1437.37060546875,0,0.0,0.0
2020-01-23 00:00:00+09:00,1437.37060546875,1437.37060546875,1437.37060546875,1437.37060546875,0,0.0,0.0
2020-01-24 00:00:00+09:00,1437.37060546875,1437.37060546875,1437.37060546875,1437.37060546875,0,0.0,0.0
2020-01-27 00:00:00+09:00,1437.37060546875,1437.37060546875,1437.37060546875,1437.37060546875,0,0.0,0.0
2020-01-28 00:00:00+09:00,1437.37060546875,1437.37060546875,1437.37060546875,1437.37060546875,0,0.0,0.0
2020-01-29 00:00:00+09:00,1437.37060546875,1437.37060546875,1437.37060546875,1437.37060546875,0,0.0,0.0
2020-01-30 00:00:00+09:00,1437.37060546875,1437.37060546875,1437.37060546875,1437.37060546875,0,0.0,0.0
2020-01-31 00:00:00+09:00,1437.37060546875,1437.37060546875,1437.37060546875,1437.37060546875,0,0.0,0.0
2020-02-03 00:00:00+09:00,1437.37060546875,1437.37060546875,1437.37060546875,1437.37060546875,0,0.0,0.0
2020-02-04 00:00:00+09:00,1437.37060546875,1437.37060546875,1437.37060546875,1437.37060546875,0,0.0,0.0
2020-02-05 00:00:00+09:00,1437.37060546875,1437.37060546875,1437.37060546875,1437.37060546875,0,0.0,0.0
2020-02-06 00:00:00+09:00,1385.763000319209,1404.8769727374047,1377.1617127310205,1380.02880859375,2000,0.0,0.0
2020-02-07 00:00:00+09:00,1385.763000319209,1404.8769727374047,1377.1617127310205,1380.02880859375,2000,0.0,0.0
2020-02-10 00:00:00+09:00,1380.02880859375,1380.02880859375,1380.02880859375,1380.02880859375,0,0.0,0.0
2020-02-12 00:00:00+09:00,1408.69970703125,1408.69970703125,1408.69970703125,1408.69970703125,100,0.0,0.0
2020-02-13 00:00:00+09:00,1408.69970703125,1408.69970703125,1408.69970703125,1408.69970703125,0,0.0,0.0
2020-02-14 00:00:00+09:00,1408.69970703125,1408.69970703125,1408.69970703125,1408.69970703125,0,0.0,0.0
2020-02-17 00:00:00+09:00,1437.37060546875,1437.37060546875,1437.37060546875,1437.37060546875,400,0.0,0.0
2020-02-18 00:00:00+09:00,1437.37060546875,1437.37060546875,1437.37060546875,1437.37060546875,400,0.0,0.0
2020-02-19 00:00:00+09:00,1437.37060546875,1437.37060546875,1437.37060546875,1437.37060546875,0,0.0,0.0
2020-02-20 00:00:00+09:00,1437.37060546875,1437.37060546875,1437.37060546875,1437.37060546875,0,0.0,0.0
2020-02-21 00:00:00+09:00,1437.37060546875,1437.37060546875,1437.37060546875,1437.37060546875,0,0.0,0.0
2020-02-25 00:00:00+09:00,1341.8008138700418,1373.3388671875,1341.8008138700418,1373.3388671875,800,0.0,0.0
2020-02-26 00:00:00+09:00,1373.3388671875,1373.3388671875,1373.3388671875,1373.3388671875,0,0.0,0.0
2020-02-27 00:00:00+09:00,1373.3388671875,1373.3388671875,1373.3388671875,1373.3388671875,0,0.0,0.0
2020-02-28 00:00:00+09:00,1344.6678567509223,1344.6678567509223,1343.712158203125,1343.712158203125,500,0.0,0.0
2020-03-02 00:00:00+09:00,1343.712158203125,1343.712158203125,1343.712158203125,1343.712158203125,100,0.0,0.0
2020-03-03 00:00:00+09:00,1366.6490478515625,1366.6490478515625,1366.6490478515625,1366.6490478515625,2100,0.0,0.0
2020-03-04 00:00:00+09:00,1366.6490478515625,1366.6490478515625,1366.6490478515625,1366.6490478515625,0,0.0,0.0
2020-03-05 00:00:00+09:00,1337.9781188747327,1340.84521484375,1337.9781188747327,1340.84521484375,400,0.0,0.0
2020-03-06 00:00:00+09:00,1340.84521484375,1340.84521484375,1340.84521484375,1340.84521484375,0,0.0,0.0
2020-03-09 00:00:00+09:00,1340.84521484375,1340.84521484375,1340.84521484375,1340.84521484375,0,0.0,0.0
2020-03-10 00:00:00+09:00,1369.5159912109375,1369.5159912109375,1369.5159912109375,1369.5159912109375,200,0.0,0.0
2020-03-11 00:00:00+09:00,1369.5159912109375,1369.5159912109375,1369.5159912109375,1369.5159912109375,0,0.0,0.0
2020-03-12 00:00:00+09:00,1369.5159912109375,1369.5159912109375,1369.5159912109375,1369.5159912109375,0,0.0,0.0
2020-03-13 00:00:00+09:00,1337.97802734375,1337.97802734375,1337.97802734375,1337.97802734375,100,0.0,0.0
2020-03-16 00:00:00+09:00,1337.9779746617035,1337.9779746617035,1319.8197021484375,1319.8197021484375,400,0.0,0.0
2020-03-17 00:00:00+09:00,1300.7056884765625,1300.7056884765625,1300.7056884765625,1300.7056884765625,100,0.0,0.0
2020-03-18 00:00:00+09:00,1300.7056884765625,1300.7056884765625,1300.7056884765625,1300.7056884765625,0,0.0,0.0
2020-03-19 00:00:00+09:00,1300.7056884765625,1300.7056884765625,1300.7056884765625,1300.7056884765625,0,0.0,0.0
2020-03-23 00:00:00+09:00,1300.7056884765625,1300.7056884765625,1300.7056884765625,1300.7056884765625,0,0.0,0.0
2020-03-24 00:00:00+09:00,1300.7056884765625,1300.7056884765625,1300.7056884765625,1300.7056884765625,0,0.0,0.0
2020-03-25 00:00:00+09:00,1300.7056884765625,1300.7056884765625,1300.7056884765625,1300.7056884765625,0,0.0,0.0
2020-03-26 00:00:00+09:00,1328.4210205078125,1328.4210205078125,1328.4210205078125,1328.4210205078125,100,0.0,0.0
2020-03-27 00:00:00+09:00,1328.4210205078125,1328.4210205078125,1328.4210205078125,1328.4210205078125,0,0.0,0.0
2020-03-30 00:00:00+09:00,1357.7244873046875,1357.7244873046875,1357.7244873046875,1357.7244873046875,0,30.0,0.0
2020-03-31 00:00:00+09:00,1329.3978006699506,1329.3978006699506,1328.4210205078125,1328.4210205078125,300,0.0,0.0
2020-04-01 00:00:00+09:00,1328.4210205078125,1328.4210205078125,1328.4210205078125,1328.4210205078125,0,0.0,0.0
2020-04-02 00:00:00+09:00,1357.7244873046875,1357.7244873046875,1357.7244873046875,1357.7244873046875,100,0.0,0.0
2020-04-03 00:00:00+09:00,1328.4210205078125,1328.4210205078125,1328.4210205078125,1328.4210205078125,700,0.0,0.0
2020-04-06 00:00:00+09:00,1328.4210205078125,1328.4210205078125,1328.4210205078125,1328.4210205078125,0,0.0,0.0
2020-04-07 00:00:00+09:00,1299.11767578125,1299.11767578125,1299.11767578125,1299.11767578125,200,0.0,0.0
2020-04-08 00:00:00+09:00,1357.7244873046875,1357.7244873046875,1357.7244873046875,1357.7244873046875,100,0.0,0.0
2020-04-09 00:00:00+09:00,1357.7244873046875,1357.7244873046875,1357.7244873046875,1357.7244873046875,0,0.0,0.0
2020-04-10 00:00:00+09:00,1357.7244873046875,1357.7244873046875,1357.7244873046875,1357.7244873046875,0,0.0,0.0
2020-04-13 00:00:00+09:00,1357.7244873046875,1357.7244873046875,1357.7244873046875,1357.7244873046875,0,0.0,0.0
2020-04-14 00:00:00+09:00,1343.07275390625,1343.07275390625,1343.07275390625,1343.07275390625,100,0.0,0.0
2020-04-15 00:00:00+09:00,1343.07275390625,1343.07275390625,1343.07275390625,1343.07275390625,200,0.0,0.0
2020-04-16 00:00:00+09:00,1343.07275390625,1343.07275390625,1343.07275390625,1343.07275390625,0,0.0,0.0
2020-04-17 00:00:00+09:00,1343.07275390625,1343.07275390625,1343.07275390625,1343.07275390625,0,0.0,0.0
2020-04-20 00:00:00+09:00,1343.07275390625,1343.07275390625,1343.07275390625,1343.07275390625,0,0.0,0.0
2020-04-21 00:00:00+09:00,1328.4210569606623,1328.4210569606623,1275.6749267578125,1275.6749267578125,400,0.0,0.0
2020-04-22 00:00:00+09:00,1275.6749267578125,1275.6749267578125,1275.6749267578125,1275.6749267578125,0,0.0,0.0
2020-04-23 00:00:00+09:00,1304.0015869140625,1304.0015869140625,1304.0015869140625,1304.0015869140625,100,0.0,0.0
2020-04-24 00:00:00+09:00,1327.4442138671875,1327.4442138671875,1327.4442138671875,1327.4442138671875,100,0.0,0.0
2020-04-27 00:00:00+09:00,1326.467529296875,1326.467529296875,1326.467529296875,1326.467529296875,100,0.0,0.0
2020-04-28 00:00:00+09:00,1326.467529296875,1326.467529296875,1326.467529296875,1326.467529296875,0,0.0,0.0
2020-04-30 00:00:00+09:00,1327.4442138671875,1327.4442138671875,1327.4442138671875,1327.4442138671875,100,0.0,0.0
2020-05-01 00:00:00+09:00,1327.4442138671875,1327.4442138671875,1327.4442138671875,1327.4442138671875,0,0.0,0.0
2020-05-07 00:00:00+09:00,1328.4210205078125,1328.4210205078125,1328.4210205078125,1328.4210205078125,100,0.0,0.0
2020-05-08 00:00:00+09:00,1299.11767578125,1299.11767578125,1299.11767578125,1299.11767578125,100,0.0,0.0
2020-05-11 00:00:00+09:00,1328.4210205078125,1328.4210205078125,1328.4210205078125,1328.4210205078125,200,0.0,0.0
2020-05-12 00:00:00+09:00,1328.4210205078125,1328.4210205078125,1328.4210205078125,1328.4210205078125,0,0.0,0.0
2020-05-13 00:00:00+09:00,1211.2074361847233,1253.208984375,1205.346755041894,1253.208984375,3700,0.0,0.0
2020-05-14 00:00:00+09:00,1242.4644347426472,1252.2322369025735,1220.9752699908088,1245.394775390625,600,0.0,0.0
2020-05-15 00:00:00+09:00,1245.39466381073,1250.278564453125,1220.9751605987549,1250.278564453125,600,0.0,0.0
2020-05-18 00:00:00+09:00,1250.278564453125,1250.278564453125,1250.278564453125,1250.278564453125,0,0.0,0.0
2020-05-19 00:00:00+09:00,1250.2785749027237,1255.1624755859375,1250.2785749027237,1255.1624755859375,400,0.0,0.0
2020-05-20 00:00:00+09:00,1255.1624755859375,1255.1624755859375,1255.1624755859375,1255.1624755859375,0,0.0,0.0
2020-05-21 00:00:00+09:00,1255.1624755859375,1255.1624755859375,1255.1624755859375,1255.1624755859375,0,0.0,0.0
2020-05-22 00:00:00+09:00,1255.1624755859375,1255.1624755859375,1255.1624755859375,1255.1624755859375,0,0.0,0.0
2020-05-25 00:00:00+09:00,1255.1624755859375,1255.1624755859375,1255.1624755859375,1255.1624755859375,0,0.0,0.0
2020-05-26 00:00:00+09:00,1255.1624755859375,1255.1624755859375,1255.1624755859375,1255.1624755859375,0,0.0,0.0
2020-05-27 00:00:00+09:00,1255.1624755859375,1255.1624755859375,1255.1624755859375,1255.1624755859375,0,0.0,0.0
2020-05-28 00:00:00+09:00,1260.04638671875,1260.04638671875,1260.04638671875,1260.04638671875,200,0.0,0.0
2020-05-29 00:00:00+09:00,1260.04638671875,1260.04638671875,1260.04638671875,1260.04638671875,0,0.0,0.0
2020-06-01 00:00:00+09:00,1260.04638671875,1260.04638671875,1260.04638671875,1260.04638671875,0,0.0,0.0
2020-06-02 00:00:00+09:00,1314.74609375,1314.74609375,1314.74609375,1314.74609375,200,0.0,0.0
2020-06-03 00:00:00+09:00,1285.4426889858842,1314.74609375,1285.4426889858842,1314.74609375,200,0.0,0.0
2020-06-04 00:00:00+09:00,1314.74609375,1314.74609375,1314.74609375,1314.74609375,0,0.0,0.0
2020-06-05 00:00:00+09:00,1314.74609375,1314.74609375,1314.74609375,1314.74609375,0,0.0,0.0
2020-06-08 00:00:00+09:00,1344.049560546875,1344.049560546875,1344.049560546875,1344.049560546875,100,0.0,0.0
2020-06-09 00:00:00+09:00,1367.4921875,1367.4921875,1367.4921875,1367.4921875,100,0.0,0.0
2020-06-10 00:00:00+09:00,1344.049560546875,1344.049560546875,1344.049560546875,1344.049560546875,400,0.0,0.0
2020-06-11 00:00:00+09:00,1344.049560546875,1344.049560546875,1344.049560546875,1344.049560546875,0,0.0,0.0
2020-06-12 00:00:00+09:00,1344.049560546875,1344.049560546875,1344.049560546875,1344.049560546875,0,0.0,0.0
2020-06-15 00:00:00+09:00,1344.049560546875,1344.049560546875,1344.049560546875,1344.049560546875,100,0.0,0.0
2020-06-16 00:00:00+09:00,1344.049560546875,1344.049560546875,1344.049560546875,1344.049560546875,0,0.0,0.0
2020-06-17 00:00:00+09:00,1344.049560546875,1344.049560546875,1344.049560546875,1344.049560546875,0,0.0,0.0
2020-06-18 00:00:00+09:00,1344.049560546875,1344.049560546875,1344.049560546875,1344.049560546875,0,0.0,0.0
2020-06-19 00:00:00+09:00,1344.049560546875,1344.049560546875,1344.049560546875,1344.049560546875,0,0.0,0.0
2020-06-22 00:00:00+09:00,1338.1888427734375,1338.1888427734375,1338.1888427734375,1338.1888427734375,100,0.0,0.0
2020-06-23 00:00:00+09:00,1338.1888427734375,1338.1888427734375,1338.1888427734375,1338.1888427734375,0,0.0,0.0
2020-06-24 00:00:00+09:00,1338.1888427734375,1338.1888427734375,1338.1888427734375,1338.1888427734375,0,0.0,0.0
2020-06-25 00:00:00+09:00,1338.1888427734375,1338.1888427734375,1338.1888427734375,1338.1888427734375,0,0.0,0.0
2020-06-26 00:00:00+09:00,1338.1888427734375,1338.1888427734375,1338.1888427734375,1338.1888427734375,0,0.0,0.0
2020-06-29 00:00:00+09:00,1338.1888427734375,1338.1888427734375,1338.1888427734375,1338.1888427734375,200,0.0,0.0
2020-06-30 00:00:00+09:00,1339.1656082119437,1339.1656082119437,1319.6300048828125,1319.6300048828125,400,0.0,0.0
2020-07-01 00:00:00+09:00,1319.6300048828125,1319.6300048828125,1319.6300048828125,1319.6300048828125,0,0.0,0.0
2020-07-02 00:00:00+09:00,1348.9334716796875,1348.9334716796875,1348.9334716796875,1348.9334716796875,100,0.0,0.0
2020-07-03 00:00:00+09:00,1319.6300048828125,1319.6300048828125,1319.6300048828125,1319.6300048828125,100,0.0,0.0
2020-07-06 00:00:00+09:00,1290.32666015625,1290.32666015625,1290.32666015625,1290.32666015625,400,0.0,0.0
2020-07-07 00:00:00+09:00,1290.32666015625,1290.32666015625,1290.32666015625,1290.32666015625,0,0.0,0.0
2020-07-08 00:00:00+09:00,1319.6300048828125,1319.6300048828125,1319.6300048828125,1319.6300048828125,100,0.0,0.0
2020-07-09 00:00:00+09:00,1299.11767578125,1299.11767578125,1299.11767578125,1299.11767578125,200,0.0,0.0
2020-07-10 00:00:00+09:00,1299.11767578125,1299.11767578125,1299.11767578125,1299.11767578125,0,0.0,0.0
2020-07-13 00:00:00+09:00,1299.11767578125,1299.11767578125,1299.11767578125,1299.11767578125,0,0.0,0.0
2020-07-14 00:00:00+09:00,1299.11767578125,1299.11767578125,1299.11767578125,1299.11767578125,0,0.0,0.0
2020-07-15 00:00:00+09:00,1318.6531982421875,1347.9566026475695,1318.6531982421875,1318.6531982421875,500,0.0,0.0
2020-07-16 00:00:00+09:00,1320.6068196614583,1379.2136311848958,1318.6532592773438,1347.9566650390625,1100,0.0,0.0
2020-07-17 00:00:00+09:00,1348.9334452311198,1407.5402567545573,1347.9566650390625,1347.9566650390625,700,0.0,0.0
2020-07-20 00:00:00+09:00,1347.9566650390625,1347.9566650390625,1347.9566650390625,1347.9566650390625,100,0.0,0.0
2020-07-21 00:00:00+09:00,1347.9566650390625,1406.5634765625,1347.9566650390625,1406.5634765625,900,0.0,0.0
2020-07-22 00:00:00+09:00,1406.5634765625,1406.5634765625,1406.5634765625,1406.5634765625,0,0.0,0.0
2020-07-27 00:00:00+09:00,1318.6532592773438,1347.9566650390625,1318.6532592773438,1347.9566650390625,600,0.0,0.0
2020-07-28 00:00:00+09:00,1347.9566650390625,1347.9566650390625,1347.9566650390625,1347.9566650390625,100,0.0,0.0
2020-07-29 00:00:00+09:00,1347.9566650390625,1347.9566650390625,1347.9566650390625,1347.9566650390625,0,0.0,0.0
2020-07-30 00:00:00+09:00,1347.9566650390625,1347.9566650390625,1347.9566650390625,1347.9566650390625,0,0.0,0.0
2020-07-31 00:00:00+09:00,1347.9566026475695,1347.9566026475695,1318.6531982421875,1318.6531982421875,300,0.0,0.0
2020-08-03 00:00:00+09:00,1318.6531982421875,1318.6531982421875,1318.6531982421875,1318.6531982421875,0,0.0,0.0
2020-08-04 00:00:00+09:00,1347.9566650390625,1347.9566650390625,1347.9566650390625,1347.9566650390625,100,0.0,0.0
2020-08-05 00:00:00+09:00,1318.6532592773438,1347.9566650390625,1318.6532592773438,1347.9566650390625,200,0.0,0.0
2020-08-06 00:00:00+09:00,1347.9566650390625,1347.9566650390625,1347.9566650390625,1347.9566650390625,0,0.0,0.0
2020-08-07 00:00:00+09:00,1347.9566650390625,1347.9566650390625,1347.9566650390625,1347.9566650390625,0,0.0,0.0
2020-08-11 00:00:00+09:00,1347.9566650390625,1347.9566650390625,1347.9566650390625,1347.9566650390625,0,0.0,0.0
2020-08-12 00:00:00+09:00,1347.9566650390625,1347.9566650390625,1347.9566650390625,1347.9566650390625,0,0.0,0.0
2020-08-13 00:00:00+09:00,1347.9566650390625,1347.9566650390625,1347.9566650390625,1347.9566650390625,0,0.0,0.0
2020-08-14 00:00:00+09:00,1347.9566650390625,1347.9566650390625,1347.9566650390625,1347.9566650390625,0,0.0,0.0
2020-08-17 00:00:00+09:00,1352.840565999349,1352.840565999349,1347.9566650390625,1347.9566650390625,200,0.0,0.0
2020-08-18 00:00:00+09:00,1368.4690490722658,1406.5634765625,1368.4690490722658,1406.5634765625,300,0.0,0.0
2020-08-19 00:00:00+09:00,1402.6562723214286,1402.6562723214286,1367.4921875,1367.4921875,400,0.0,0.0
2020-08-20 00:00:00+09:00,1359.677978515625,1359.677978515625,1359.677978515625,1359.677978515625,100,0.0,0.0
2020-08-21 00:00:00+09:00,1359.677978515625,1359.677978515625,1359.677978515625,1359.677978515625,0,0.0,0.0
2020-08-24 00:00:00+09:00,1330.3746337890625,1330.3746337890625,1330.3746337890625,1330.3746337890625,100,0.0,0.0
2020-08-25 00:00:00+09:00,1330.3746337890625,1330.3746337890625,1330.3746337890625,1330.3746337890625,0,0.0,0.0
2020-08-26 00:00:00+09:00,1330.3746337890625,1330.3746337890625,1330.3746337890625,1330.3746337890625,0,0.0,0.0
2020-08-27 00:00:00+09:00,1330.3746337890625,1330.3746337890625,1330.3746337890625,1330.3746337890625,0,0.0,0.0
2020-08-28 00:00:00+09:00,1318.6531982421875,1318.6531982421875,1317.6764180953414,1318.6531982421875,800,0.0,0.0
2020-08-31 00:00:00+09:00,1318.6531982421875,1318.6531982421875,1318.6531982421875,1318.6531982421875,200,0.0,0.0
2020-09-01 00:00:00+09:00,1318.6531982421875,1318.6531982421875,1318.6531982421875,1318.6531982421875,0,0.0,0.0
2020-09-02 00:00:00+09:00,1347.9566650390625,1347.9566650390625,1347.9566650390625,1347.9566650390625,100,0.0,0.0
2020-09-03 00:00:00+09:00,1318.6531982421875,1318.6531982421875,1318.6531982421875,1318.6531982421875,100,0.0,0.0
2020-09-04 00:00:00+09:00,1318.6531982421875,1318.6531982421875,1318.6531982421875,1318.6531982421875,0,0.0,0.0
2020-09-07 00:00:00+09:00,1318.6531982421875,1318.6531982421875,1318.6531982421875,1318.6531982421875,0,0.0,0.0
2020-09-08 00:00:00+09:00,1347.9566650390625,1347.9566650390625,1347.9566650390625,1347.9566650390625,100,0.0,0.0
2020-09-09 00:00:00+09:00,1347.9566650390625,1347.9566650390625,1347.9566650390625,1347.9566650390625,0,0.0,0.0
2020-09-10 00:00:00+09:00,1347.9566650390625,1347.9566650390625,1347.9566650390625,1347.9566650390625,0,0.0,0.0
2020-09-11 00:00:00+09:00,1347.9566650390625,1347.9566650390625,1347.9566650390625,1347.9566650390625,0,0.0,0.0
2020-09-14 00:00:00+09:00,1347.9566650390625,1347.9566650390625,1347.9566650390625,1347.9566650390625,0,0.0,0.0
2020-09-15 00:00:00+09:00,1349.910225423177,1349.910225423177,1347.9566650390625,1347.9566650390625,500,0.0,0.0
2020-09-16 00:00:00+09:00,1318.6531982421875,1318.6531982421875,1318.6531982421875,1318.6531982421875,100,0.0,0.0
2020-09-17 00:00:00+09:00,1308.8853759765625,1308.8853759765625,1308.8853759765625,1308.8853759765625,100,0.0,0.0
2020-09-18 00:00:00+09:00,1308.8853759765625,1308.8853759765625,1308.8853759765625,1308.8853759765625,100,0.0,0.0
2020-09-23 00:00:00+09:00,1302.0479736328125,1302.0479736328125,1302.0479736328125,1302.0479736328125,100,0.0,0.0
2020-09-24 00:00:00+09:00,1317.676513671875,1317.676513671875,1317.676513671875,1317.676513671875,200,0.0,0.0
2020-09-25 00:00:00+09:00,1317.676513671875,1317.676513671875,1317.676513671875,1317.676513671875,0,0.0,0.0
2020-09-28 00:00:00+09:00,1317.676513671875,1317.676513671875,1317.676513671875,1317.676513671875,0,0.0,0.0
2020-09-29 00:00:00+09:00,1317.676513671875,1317.676513671875,1317.676513671875,1317.676513671875,0,0.0,0.0
2020-09-30 00:00:00+09:00,1317.676513671875,1317.676513671875,1317.676513671875,1317.676513671875,0,0.0,0.0
2020-10-02 00:00:00+09:00,1346.9798583984375,1346.9798583984375,1346.9798583984375,1346.9798583984375,700,0.0,0.0
2020-10-05 00:00:00+09:00,1317.676513671875,1317.676513671875,1317.676513671875,1317.676513671875,100,0.0,0.0
2020-10-06 00:00:00+09:00,1317.676513671875,1317.676513671875,1317.676513671875,1317.676513671875,0,0.0,0.0
2020-10-07 00:00:00+09:00,1317.676513671875,1317.676513671875,1317.676513671875,1317.676513671875,0,0.0,0.0
2020-10-08 00:00:00+09:00,1317.676513671875,1317.676513671875,1317.676513671875,1317.676513671875,0,0.0,0.0
2020-10-09 00:00:00+09:00,1317.676513671875,1317.676513671875,1317.676513671875,1317.676513671875,0,0.0,0.0
2020-10-12 00:00:00+09:00,1317.676513671875,1317.676513671875,1317.676513671875,1317.676513671875,0,0.0,0.0
2020-10-13 00:00:00+09:00,1317.676513671875,1317.676513671875,1317.676513671875,1317.676513671875,0,0.0,0.0
2020-10-14 00:00:00+09:00,1317.676513671875,1317.676513671875,1317.676513671875,1317.676513671875,0,0.0,0.0
2020-10-15 00:00:00+09:00,1317.676513671875,1317.676513671875,1317.676513671875,1317.676513671875,200,0.0,0.0
2020-10-16 00:00:00+09:00,1317.676513671875,1317.676513671875,1317.676513671875,1317.676513671875,0,0.0,0.0
2020-10-19 00:00:00+09:00,1318.6531982421875,1318.6531982421875,1318.6531982421875,1318.6531982421875,900,0.0,0.0
2020-10-20 00:00:00+09:00,1289.349853515625,1289.349853515625,1289.349853515625,1289.349853515625,300,0.0,0.0
2020-10-21 00:00:00+09:00,1289.349853515625,1289.349853515625,1289.349853515625,1289.349853515625,2200,0.0,0.0
2020-10-22 00:00:00+09:00,1289.349853515625,1289.349853515625,1289.349853515625,1289.349853515625,0,0.0,0.0
2020-10-23 00:00:00+09:00,1277.6284792776066,1306.931884765625,1277.6284792776066,1306.931884765625,1200,0.0,0.0
2020-10-26 00:00:00+09:00,1284.4659261869788,1382.1439433875096,1284.4659261869788,1288.373046875,2000,0.0,0.0
2020-10-27 00:00:00+09:00,1288.3730578119355,1351.86376953125,1288.3730578119355,1351.86376953125,2000,0.0,0.0
2020-10-28 00:00:00+09:00,1351.86376953125,1351.86376953125,1351.86376953125,1351.86376953125,0,0.0,0.0
2020-10-29 00:00:00+09:00,1351.86376953125,1351.86376953125,1351.86376953125,1351.86376953125,0,0.0,0.0
2020-10-30 00:00:00+09:00,1346.0030252516226,1346.0030252516226,1345.0262451171875,1345.0262451171875,200,0.0,0.0
2020-11-02 00:00:00+09:00,1315.722836895843,1367.49218385611,1308.8853759765625,1308.8853759765625,1600,0.0,0.0
2020-11-04 00:00:00+09:00,1338.188873180844,1352.840576171875,1308.8854671987817,1352.840576171875,1700,0.0,0.0
2020-11-05 00:00:00+09:00,1330.3745808320887,1330.3745808320887,1328.4210205078125,1328.4210205078125,400,0.0,0.0
2020-11-06 00:00:00+09:00,1328.4210205078125,1328.4210205078125,1328.4210205078125,1328.4210205078125,0,0.0,0.0
2020-11-09 00:00:00+09:00,1357.7244897157325,1384.0975553433043,1330.374643879732,1335.258544921875,1900,0.0,0.0
2020-11-10 00:00:00+09:00,1333.3049097600972,1354.7940731408462,1287.3962425375885,1346.0030517578125,2200,0.0,0.0
2020-11-11 00:00:00+09:00,1318.653224716356,1345.026289210683,1318.653224716356,1319.6300048828125,1500,0.0,0.0
2020-11-12 00:00:00+09:00,1294.2336788205664,1351.8637067831426,1294.2336788205664,1322.560302734375,1500,0.0,0.0
2020-11-13 00:00:00+09:00,1322.560302734375,1322.560302734375,1322.560302734375,1322.560302734375,0,0.0,0.0
2020-11-16 00:00:00+09:00,1318.653201386856,1318.653201386856,1251.25537109375,1251.25537109375,1100,0.0,0.0
2020-11-17 00:00:00+09:00,1261.0232416769743,1307.90869140625,1261.0232416769743,1307.90869140625,200,0.0,0.0
2020-11-18 00:00:00+09:00,1307.90869140625,1307.90869140625,1307.90869140625,1307.90869140625,0,0.0,0.0
2020-11-19 00:00:00+09:00,1307.90869140625,1307.90869140625,1307.90869140625,1307.90869140625,0,0.0,0.0
2020-11-20 00:00:00+09:00,1307.90869140625,1307.90869140625,1307.90869140625,1307.90869140625,0,0.0,0.0
2020-11-24 00:00:00+09:00,1278.605224609375,1278.605224609375,1278.605224609375,1278.605224609375,100,0.0,0.0
2020-11-25 00:00:00+09:00,1278.6051988653635,1278.6051988653635,1255.1624755859375,1255.1624755859375,2500,0.0,0.0
2020-11-26 00:00:00+09:00,1256.1392822265625,1256.1392822265625,1256.1392822265625,1256.1392822265625,200,0.0,0.0
2020-11-27 00:00:00+09:00,1256.1392822265625,1256.1392822265625,1256.1392822265625,1256.1392822265625,0,0.0,0.0
2020-11-30 00:00:00+09:00,1257.1160888671875,1257.1160888671875,1256.1393086893574,1257.1160888671875,800,0.0,0.0
2020-12-01 00:00:00+09:00,1257.1160888671875,1257.1160888671875,1257.1160888671875,1257.1160888671875,0,0.0,0.0
2020-12-02 00:00:00+09:00,1268.8374288236178,1269.814208984375,1268.8374288236178,1269.814208984375,200,0.0,0.0
2020-12-03 00:00:00+09:00,1269.814208984375,1269.814208984375,1269.814208984375,1269.814208984375,0,0.0,0.0
2020-12-04 00:00:00+09:00,1269.814208984375,1269.814208984375,1269.814208984375,1269.814208984375,0,0.0,0.0
2020-12-07 00:00:00+09:00,1284.4659423828125,1284.4659423828125,1284.4659423828125,1284.4659423828125,100,0.0,0.0
2020-12-08 00:00:00+09:00,1300.0944253319572,1300.0944253319572,1284.4659423828125,1284.4659423828125,200,0.0,0.0
2020-12-09 00:00:00+09:00,1284.46587968522,1284.46587968522,1255.1624755859375,1255.1624755859375,200,0.0,0.0
2020-12-10 00:00:00+09:00,1284.4659423828125,1284.4659423828125,1284.4659423828125,1284.4659423828125,100,0.0,0.0
2020-12-11 00:00:00+09:00,1284.4659423828125,1284.4659423828125,1284.4659423828125,1284.4659423828125,100,0.0,0.0
2020-12-14 00:00:00+09:00,1288.373046875,1288.373046875,1288.373046875,1288.373046875,100,0.0,0.0
2020-12-15 00:00:00+09:00,1288.373046875,1288.373046875,1288.373046875,1288.373046875,200,0.0,0.0
2020-12-16 00:00:00+09:00,1288.373046875,1288.373046875,1288.373046875,1288.373046875,100,0.0,0.0
2020-12-17 00:00:00+09:00,1288.373046875,1288.373046875,1288.373046875,1288.373046875,0,0.0,0.0
2020-12-18 00:00:00+09:00,1288.373046875,1288.373046875,1288.373046875,1288.373046875,0,0.0,0.0
2020-12-21 00:00:00+09:00,1280.558837890625,1280.558837890625,1280.558837890625,1280.558837890625,500,0.0,0.0
2020-12-22 00:00:00+09:00,1280.558837890625,1280.558837890625,1280.558837890625,1280.558837890625,0,0.0,0.0
2020-12-23 00:00:00+09:00,1269.814208984375,1269.814208984375,1269.814208984375,1269.814208984375,100,0.0,0.0
2020-12-24 00:00:00+09:00,1269.814208984375,1269.814208984375,1269.814208984375,1269.814208984375,0,0.0,0.0
2020-12-25 00:00:00+09:00,1269.814208984375,1269.814208984375,1269.814208984375,1269.814208984375,0,0.0,0.0
2020-12-28 00:00:00+09:00,1269.814208984375,1269.814208984375,1269.814208984375,1269.814208984375,0,0.0,0.0
2020-12-29 00:00:00+09:00,1269.814208984375,1269.814208984375,1269.814208984375,1269.814208984375,0,0.0,0.0
2020-12-30 00:00:00+09:00,1269.814208984375,1269.814208984375,1269.814208984375,1269.814208984375,0,0.0,0.0
2021-01-04 00:00:00+09:00,1269.814208984375,1269.814208984375,1269.814208984375,1269.814208984375,0,0.0,0.0
2021-01-05 00:00:00+09:00,1299.11767578125,1299.11767578125,1299.11767578125,1299.11767578125,100,0.0,0.0
2021-01-06 00:00:00+09:00,1250.278564453125,1250.278564453125,1250.278564453125,1250.278564453125,200,0.0,0.0
2021-01-07 00:00:00+09:00,1250.278564453125,1250.278564453125,1250.278564453125,1250.278564453125,0,0.0,0.0
2021-01-08 00:00:00+09:00,1250.278564453125,1250.278564453125,1250.278564453125,1250.278564453125,0,0.0,0.0
2021-01-12 00:00:00+09:00,1250.278564453125,1250.278564453125,1250.278564453125,1250.278564453125,0,0.0,0.0
2021-01-13 00:00:00+09:00,1246.3714703478727,1251.25537109375,1246.3714703478727,1251.25537109375,200,0.0,0.0
2021-01-14 00:00:00+09:00,1251.25537109375,1251.25537109375,1251.25537109375,1251.25537109375,0,0.0,0.0
2021-01-15 00:00:00+09:00,1257.1160888671875,1257.1160888671875,1257.1160888671875,1257.1160888671875,100,0.0,0.0
2021-01-18 00:00:00+09:00,1250.2786000763942,1278.605224609375,1250.2786000763942,1278.605224609375,800,0.0,0.0
2021-01-19 00:00:00+09:00,1251.25537109375,1251.25537109375,1251.25537109375,1251.25537109375,100,0.0,0.0
2021-01-20 00:00:00+09:00,1251.25537109375,1251.25537109375,1251.25537109375,1251.25537109375,0,0.0,0.0
2021-01-21 00:00:00+09:00,1251.25537109375,1251.25537109375,1251.25537109375,1251.25537109375,0,0.0,0.0
2021-01-22 00:00:00+09:00,1251.25537109375,1251.25537109375,1251.25537109375,1251.25537109375,0,0.0,0.0
2021-01-25 00:00:00+09:00,1251.25537109375,1251.25537109375,1251.25537109375,1251.25537109375,0,0.0,0.0
2021-01-26 00:00:00+09:00,1251.25537109375,1251.25537109375,1251.25537109375,1251.25537109375,0,0.0,0.0
2021-01-27 00:00:00+09:00,1258.0928955078125,1258.0928955078125,1258.0928955078125,1258.0928955078125,100,0.0,0.0
2021-01-28 00:00:00+09:00,1258.0928955078125,1258.0928955078125,1258.0928955078125,1258.0928955078125,0,0.0,0.0
2021-01-29 00:00:00+09:00,1258.0928955078125,1258.0928955078125,1258.0928955078125,1258.0928955078125,100,0.0,0.0
2021-02-01 00:00:00+09:00,1258.0928955078125,1258.0928955078125,1258.0928955078125,1258.0928955078125,0,0.0,0.0
2021-02-02 00:00:00+09:00,1268.83740234375,1268.83740234375,1268.83740234375,1268.83740234375,100,0.0,0.0
2021-02-03 00:00:00+09:00,1253.208984375,1253.208984375,1253.208984375,1253.208984375,100,0.0,0.0
2021-02-04 00:00:00+09:00,1253.208984375,1253.208984375,1253.208984375,1253.208984375,0,0.0,0.0
2021-02-05 00:00:00+09:00,1254.185791015625,1254.185791015625,1254.185791015625,1254.185791015625,100,0.0,0.0
2021-02-08 00:00:00+09:00,1259.0696065740067,1260.04638671875,1255.1624859950339,1260.04638671875,300,0.0,0.0
2021-02-09 00:00:00+09:00,1260.04638671875,1260.04638671875,1260.04638671875,1260.04638671875,0,0.0,0.0
2021-02-10 00:00:00+09:00,1259.0696065740067,1260.04638671875,1259.0696065740067,1260.04638671875,1100,0.0,0.0
2021-02-12 00:00:00+09:00,1261.023193359375,1261.023193359375,1261.023193359375,1261.023193359375,100,0.0,0.0
2021-02-15 00:00:00+09:00,1261.023193359375,1261.023193359375,1261.023193359375,1261.023193359375,300,0.0,0.0
2021-02-16 00:00:00+09:00,1348.93336136092,1378.2367653006938,1290.3265534813725,1308.8853759765625,1100,0.0,0.0
2021-02-17 00:00:00+09:00,1307.9086771647137,1307.9086771647137,1267.8606892903647,1289.349853515625,800,0.0,0.0
2021-02-18 00:00:00+09:00,1270.7909683109253,1270.7909683109253,1260.04638671875,1260.04638671875,1000,0.0,0.0
2021-02-19 00:00:00+09:00,1260.04638671875,1260.04638671875,1260.04638671875,1260.04638671875,0,0.0,0.0
2021-02-22 00:00:00+09:00,1285.4427490234375,1285.4427490234375,1285.4427490234375,1285.4427490234375,100,0.0,0.0
2021-02-24 00:00:00+09:00,1266.8839111328125,1266.8839111328125,1266.8839111328125,1266.8839111328125,100,0.0,0.0
2021-02-25 00:00:00+09:00,1266.8839111328125,1266.8839111328125,1266.8839111328125,1266.8839111328125,0,0.0,0.0
2021-02-26 00:00:00+09:00,1266.8839111328125,1267.8606913264384,1266.8839111328125,1266.8839111328125,400,0.0,0.0
2021-03-01 00:00:00+09:00,1240.5107782729503,1268.83740234375,1240.5107782729503,1268.83740234375,800,0.0,0.0
2021-03-02 00:00:00+09:00,1267.860710083969,1267.860710083969,1240.5108642578125,1240.5108642578125,2600,0.0,0.0
2021-03-03 00:00:00+09:00,1241.487548828125,1241.487548828125,1241.487548828125,1241.487548828125,200,0.0,0.0
2021-03-04 00:00:00+09:00,1241.487548828125,1241.487548828125,1241.487548828125,1241.487548828125,0,0.0,0.0
2021-03-05 00:00:00+09:00,1245.394775390625,1245.394775390625,1245.394775390625,1245.394775390625,100,0.0,0.0
2021-03-08 00:00:00+09:00,1262.0,1262.0,1262.0,1262.0,100,0.0,0.0
2021-03-09 00:00:00+09:00,1267.8607177734375,1267.8607177734375,1267.8607177734375,1267.8607177734375,300,0.0,0.0
2021-03-10 00:00:00+09:00,1254.185784784658,1262.976806640625,1254.185784784658,1262.976806640625,200,0.0,0.0
2021-03-11 00:00:00+09:00,1262.976806640625,1262.976806640625,1262.976806640625,1262.976806640625,0,0.0,0.0
2021-03-12 00:00:00+09:00,1257.1160888671875,1257.1160888671875,1257.1160888671875,1257.1160888671875,300,0.0,0.0
2021-03-15 00:00:00+09:00,1263.9535868468436,1265.9071472592807,1262.976806640625,1262.976806640625,600,0.0,0.0
2021-03-16 00:00:00+09:00,1263.9534912109375,1299.1175759741475,1263.9534912109375,1263.9534912109375,1400,0.0,0.0
2021-03-17 00:00:00+09:00,1263.9535176987815,1267.8606383099059,1263.9535176987815,1264.9302978515625,500,0.0,0.0
2021-03-18 00:00:00+09:00,1267.8606278766958,1267.8606278766958,1260.04638671875,1260.04638671875,700,0.0,0.0
2021-03-19 00:00:00+09:00,1267.860681114551,1267.860681114551,1262.0,1262.0,300,0.0,0.0
2021-03-22 00:00:00+09:00,1262.0,1262.0,1262.0,1262.0,0,0.0,0.0
2021-03-23 00:00:00+09:00,1269.814208984375,1269.814208984375,1269.814208984375,1269.814208984375,500,0.0,0.0
2021-03-24 00:00:00+09:00,1269.8142294847328,1279.58203125,1269.8142294847328,1279.58203125,700,0.0,0.0
2021-03-25 00:00:00+09:00,1274.6981303673665,1279.58203125,1274.6981303673665,1279.58203125,900,0.0,0.0
2021-03-26 00:00:00+09:00,1276.6517333984375,1276.6517333984375,1276.6517333984375,1276.6517333984375,100,0.0,0.0
2021-03-29 00:00:00+09:00,1276.6517027863777,1276.6517027863777,1262.0,1262.0,600,0.0,0.0
2021-03-30 00:00:00+09:00,1300.0,1300.0,1300.0,1300.0,600,30.0,0.0
2021-03-31 00:00:00+09:00,1301.0,1301.0,1301.0,1301.0,100,0.0,0.0
2021-04-01 00:00:00+09:00,1301.0,1301.0,1301.0,1301.0,0,0.0,0.0
2021-04-02 00:00:00+09:00,1314.0,1314.0,1307.0,1307.0,600,0.0,0.0
2021-04-05 00:00:00+09:00,1291.0,1291.0,1291.0,1291.0,100,0.0,0.0
2021-04-06 00:00:00+09:00,1300.0,1300.0,1300.0,1300.0,500,0.0,0.0
2021-04-07 00:00:00+09:00,1308.0,1308.0,1308.0,1308.0,100,0.0,0.0
2021-04-08 00:00:00+09:00,1308.0,1308.0,1305.0,1305.0,600,0.0,0.0
2021-04-09 00:00:00+09:00,1305.0,1305.0,1305.0,1305.0,0,0.0,0.0
2021-04-12 00:00:00+09:00,1310.0,1311.0,1310.0,1311.0,400,0.0,0.0
2021-04-13 00:00:00+09:00,1311.0,1311.0,1311.0,1311.0,0,0.0,0.0
2021-04-14 00:00:00+09:00,1311.0,1311.0,1311.0,1311.0,100,0.0,0.0
2021-04-15 00:00:00+09:00,1311.0,1311.0,1311.0,1311.0,0,0.0,0.0
2021-04-16 00:00:00+09:00,1311.0,1311.0,1311.0,1311.0,0,0.0,0.0
2021-04-19 00:00:00+09:00,1311.0,1311.0,1311.0,1311.0,0,0.0,0.0
2021-04-20 00:00:00+09:00,1311.0,1311.0,1311.0,1311.0,0,0.0,0.0
2021-04-21 00:00:00+09:00,1311.0,1311.0,1311.0,1311.0,0,0.0,0.0
2021-04-22 00:00:00+09:00,1290.0,1290.0,1290.0,1290.0,500,0.0,0.0
2021-04-23 00:00:00+09:00,1290.0,1290.0,1290.0,1290.0,0,0.0,0.0
2021-04-26 00:00:00+09:00,1290.0,1290.0,1290.0,1290.0,0,0.0,0.0
2021-04-27 00:00:00+09:00,1290.0,1290.0,1290.0,1290.0,0,0.0,0.0
2021-04-28 00:00:00+09:00,1290.0,1290.0,1290.0,1290.0,0,0.0,0.0
2021-04-30 00:00:00+09:00,1290.0,1290.0,1290.0,1290.0,0,0.0,0.0
2021-05-06 00:00:00+09:00,1290.0,1290.0,1290.0,1290.0,0,0.0,0.0
2021-05-07 00:00:00+09:00,1310.0,1310.0,1300.0,1300.0,200,0.0,0.0
2021-05-10 00:00:00+09:00,1309.0,1313.0,1309.0,1313.0,500,0.0,0.0
2021-05-11 00:00:00+09:00,1313.0,1313.0,1313.0,1313.0,0,0.0,0.0
2021-05-12 00:00:00+09:00,1313.0,1313.0,1313.0,1313.0,0,0.0,0.0
2021-05-13 00:00:00+09:00,1313.0,1313.0,1313.0,1313.0,0,0.0,0.0
2021-05-14 00:00:00+09:00,1313.0,1313.0,1313.0,1313.0,0,0.0,0.0
2021-05-17 00:00:00+09:00,1313.0,1313.0,1313.0,1313.0,600,0.0,0.0
2021-05-18 00:00:00+09:00,1313.0,1313.0,1313.0,1313.0,0,0.0,0.0
2021-05-19 00:00:00+09:00,1301.0,1301.0,1300.0,1300.0,2000,0.0,0.0
2021-05-20 00:00:00+09:00,1313.0,1313.0,1313.0,1313.0,300,0.0,0.0
2021-05-21 00:00:00+09:00,1313.0,1313.0,1313.0,1313.0,0,0.0,0.0
2021-05-24 00:00:00+09:00,1313.0,1313.0,1313.0,1313.0,0,0.0,0.0
2021-05-25 00:00:00+09:00,1313.0,1313.0,1313.0,1313.0,0,0.0,0.0
2021-05-26 00:00:00+09:00,1315.0,1315.0,1315.0,1315.0,500,0.0,0.0
2021-05-27 00:00:00+09:00,1314.0,1314.0,1302.0,1302.0,400,0.0,0.0
2021-05-28 00:00:00+09:00,1302.0,1302.0,1302.0,1302.0,0,0.0,0.0
2021-05-31 00:00:00+09:00,1331.0,1331.0,1331.0,1331.0,200,0.0,0.0
2021-06-01 00:00:00+09:00,1331.0,1331.0,1304.0,1304.0,300,0.0,0.0
2021-06-02 00:00:00+09:00,1334.0,1334.0,1334.0,1334.0,100,0.0,0.0
2021-06-03 00:00:00+09:00,1325.0,1325.0,1325.0,1325.0,100,0.0,0.0
2021-06-04 00:00:00+09:00,1325.0,1325.0,1325.0,1325.0,0,0.0,0.0
2021-06-07 00:00:00+09:00,1325.0,1325.0,1325.0,1325.0,0,0.0,0.0
2021-06-08 00:00:00+09:00,1325.0,1325.0,1325.0,1325.0,200,0.0,0.0
2021-06-09 00:00:00+09:00,1325.0,1325.0,1325.0,1325.0,0,0.0,0.0
2021-06-10 00:00:00+09:00,1325.0,1325.0,1325.0,1325.0,0,0.0,0.0
2021-06-11 00:00:00+09:00,1325.0,1325.0,1325.0,1325.0,0,0.0,0.0
2021-06-14 00:00:00+09:00,1325.0,1325.0,1325.0,1325.0,0,0.0,0.0
2021-06-15 00:00:00+09:00,1325.0,1325.0,1325.0,1325.0,0,0.0,0.0
2021-06-16 00:00:00+09:00,1325.0,1325.0,1325.0,1325.0,0,0.0,0.0
2021-06-17 00:00:00+09:00,1338.0,1344.0,1336.0,1336.0,800,0.0,0.0
2021-06-18 00:00:00+09:00,1366.0,1366.0,1336.0,1336.0,200,0.0,0.0
2021-06-21 00:00:00+09:00,1366.0,1366.0,1366.0,1366.0,100,0.0,0.0
2021-06-22 00:00:00+09:00,1366.0,1366.0,1366.0,1366.0,0,0.0,0.0
2021-06-23 00:00:00+09:00,1366.0,1366.0,1366.0,1366.0,0,0.0,0.0
2021-06-24 00:00:00+09:00,1366.0,1366.0,1366.0,1366.0,0,0.0,0.0
2021-06-25 00:00:00+09:00,1376.0,1391.0,1376.0,1379.0,1400,0.0,0.0
2021-06-28 00:00:00+09:00,1379.0,1379.0,1379.0,1379.0,0,0.0,0.0
2021-06-29 00:00:00+09:00,1379.0,1379.0,1379.0,1379.0,0,0.0,0.0
2021-06-30 00:00:00+09:00,1379.0,1379.0,1379.0,1379.0,0,0.0,0.0
2021-07-01 00:00:00+09:00,1379.0,1379.0,1379.0,1379.0,0,0.0,0.0
2021-07-02 00:00:00+09:00,1409.0,1409.0,1409.0,1409.0,100,0.0,0.0
2021-07-05 00:00:00+09:00,1409.0,1409.0,1379.0,1379.0,300,0.0,0.0
2021-07-06 00:00:00+09:00,1379.0,1379.0,1379.0,1379.0,0,0.0,0.0
2021-07-07 00:00:00+09:00,1379.0,1379.0,1379.0,1379.0,0,0.0,0.0
2021-07-08 00:00:00+09:00,1409.0,1409.0,1379.0,1379.0,200,0.0,0.0
2021-07-09 00:00:00+09:00,1379.0,1379.0,1379.0,1379.0,0,0.0,0.0
2021-07-12 00:00:00+09:00,1379.0,1379.0,1379.0,1379.0,0,0.0,0.0
2021-07-13 00:00:00+09:00,1409.0,1446.0,1409.0,1445.0,700,0.0,0.0
2021-07-14 00:00:00+09:00,1389.0,1389.0,1389.0,1389.0,100,0.0,0.0
2021-07-15 00:00:00+09:00,1389.0,1390.0,1389.0,1390.0,200,0.0,0.0
2021-07-16 00:00:00+09:00,1390.0,1390.0,1390.0,1390.0,0,0.0,0.0
2021-07-19 00:00:00+09:00,1450.0,1450.0,1450.0,1450.0,700,0.0,0.0
2021-07-20 00:00:00+09:00,1420.0,1420.0,1420.0,1420.0,300,0.0,0.0
2021-07-21 00:00:00+09:00,1420.0,1420.0,1420.0,1420.0,0,0.0,0.0
2021-07-26 00:00:00+09:00,1420.0,1420.0,1420.0,1420.0,0,0.0,0.0
2021-07-27 00:00:00+09:00,1420.0,1420.0,1420.0,1420.0,0,0.0,0.0
2021-07-28 00:00:00+09:00,1420.0,1420.0,1420.0,1420.0,0,0.0,0.0
2021-07-29 00:00:00+09:00,1420.0,1420.0,1420.0,1420.0,0,0.0,0.0
2021-07-30 00:00:00+09:00,1420.0,1420.0,1420.0,1420.0,100,0.0,0.0
2021-08-02 00:00:00+09:00,1420.0,1420.0,1420.0,1420.0,0,0.0,0.0
2021-08-03 00:00:00+09:00,1420.0,1420.0,1420.0,1420.0,0,0.0,0.0
2021-08-04 00:00:00+09:00,1420.0,1420.0,1420.0,1420.0,0,0.0,0.0
2021-08-05 00:00:00+09:00,1420.0,1420.0,1420.0,1420.0,0,0.0,0.0
2021-08-06 00:00:00+09:00,1420.0,1420.0,1420.0,1420.0,0,0.0,0.0
2021-08-10 00:00:00+09:00,1420.0,1420.0,1420.0,1420.0,0,0.0,0.0
2021-08-11 00:00:00+09:00,1420.0,1420.0,1420.0,1420.0,0,0.0,0.0
2021-08-12 00:00:00+09:00,1420.0,1420.0,1420.0,1420.0,0,0.0,0.0
2021-08-13 00:00:00+09:00,1420.0,1420.0,1420.0,1420.0,0,0.0,0.0
2021-08-16 00:00:00+09:00,1420.0,1420.0,1420.0,1420.0,0,0.0,0.0
2021-08-17 00:00:00+09:00,1675.0,1675.0,1464.0,1464.0,3000,0.0,0.0
2021-08-18 00:00:00+09:00,1465.0,1465.0,1464.0,1464.0,500,0.0,0.0
2021-08-19 00:00:00+09:00,1464.0,1464.0,1464.0,1464.0,100,0.0,0.0
2021-08-20 00:00:00+09:00,1404.0,1410.0,1404.0,1410.0,1400,0.0,0.0
2021-08-23 00:00:00+09:00,1410.0,1410.0,1410.0,1410.0,0,0.0,0.0
2021-08-24 00:00:00+09:00,1410.0,1410.0,1410.0,1410.0,0,0.0,0.0
2021-08-25 00:00:00+09:00,1410.0,1410.0,1410.0,1410.0,0,0.0,0.0
2021-08-26 00:00:00+09:00,1405.0,1405.0,1405.0,1405.0,500,0.0,0.0
2021-08-27 00:00:00+09:00,1405.0,1405.0,1405.0,1405.0,0,0.0,0.0
2021-08-30 00:00:00+09:00,1419.0,1486.0,1419.0,1456.0,1000,0.0,0.0
2021-08-31 00:00:00+09:00,1426.0,1456.0,1426.0,1456.0,200,0.0,0.0
2021-09-01 00:00:00+09:00,1462.0,1462.0,1462.0,1462.0,100,0.0,0.0
2021-09-02 00:00:00+09:00,1461.0,1461.0,1461.0,1461.0,100,0.0,0.0
2021-09-03 00:00:00+09:00,1461.0,1461.0,1461.0,1461.0,0,0.0,0.0
2021-09-06 00:00:00+09:00,1475.0,1572.0,1475.0,1572.0,700,0.0,0.0
2021-09-07 00:00:00+09:00,1612.0,1612.0,1546.0,1546.0,300,0.0,0.0
2021-09-08 00:00:00+09:00,1546.0,1546.0,1546.0,1546.0,100,0.0,0.0
2021-09-09 00:00:00+09:00,1546.0,1546.0,1546.0,1546.0,0,0.0,0.0
2021-09-10 00:00:00+09:00,1546.0,1546.0,1546.0,1546.0,0,0.0,0.0
2021-09-13 00:00:00+09:00,1546.0,1546.0,1546.0,1546.0,0,0.0,0.0
2021-09-14 00:00:00+09:00,1546.0,1546.0,1546.0,1546.0,0,0.0,0.0
2021-09-15 00:00:00+09:00,1626.0,1626.0,1626.0,1626.0,200,0.0,0.0
2021-09-16 00:00:00+09:00,1626.0,1666.0,1626.0,1666.0,800,0.0,0.0
2021-09-17 00:00:00+09:00,1677.0,1677.0,1670.0,1670.0,1000,0.0,0.0
2021-09-21 00:00:00+09:00,1630.0,1630.0,1630.0,1630.0,100,0.0,0.0
2021-09-22 00:00:00+09:00,1630.0,1630.0,1630.0,1630.0,0,0.0,0.0
2021-09-24 00:00:00+09:00,1630.0,1630.0,1630.0,1630.0,0,0.0,0.0
2021-09-27 00:00:00+09:00,1630.0,1630.0,1630.0,1630.0,0,0.0,0.0
2021-09-28 00:00:00+09:00,1670.0,1670.0,1670.0,1670.0,100,0.0,0.0
2021-09-29 00:00:00+09:00,1510.0,1561.0,1510.0,1561.0,300,0.0,0.0
2021-09-30 00:00:00+09:00,1582.0,1582.0,1582.0,1582.0,100,0.0,0.0
2021-10-01 00:00:00+09:00,1582.0,1582.0,1582.0,1582.0,100,0.0,0.0
2021-10-04 00:00:00+09:00,1582.0,1582.0,1582.0,1582.0,0,0.0,0.0
2021-10-05 00:00:00+09:00,1582.0,1582.0,1582.0,1582.0,0,0.0,0.0
2021-10-06 00:00:00+09:00,1582.0,1582.0,1582.0,1582.0,0,0.0,0.0
2021-10-07 00:00:00+09:00,1582.0,1582.0,1582.0,1582.0,0,0.0,0.0
2021-10-08 00:00:00+09:00,1546.0,1546.0,1546.0,1546.0,400,0.0,0.0
2021-10-11 00:00:00+09:00,1546.0,1546.0,1546.0,1546.0,0,0.0,0.0
2021-10-12 00:00:00+09:00,1546.0,1546.0,1546.0,1546.0,0,0.0,0.0
2021-10-13 00:00:00+09:00,1546.0,1546.0,1546.0,1546.0,900,0.0,0.0
2021-10-14 00:00:00+09:00,1546.0,1546.0,1546.0,1546.0,0,0.0,0.0
2021-10-15 00:00:00+09:00,1546.0,1546.0,1546.0,1546.0,0,0.0,0.0
2021-10-18 00:00:00+09:00,1546.0,1546.0,1546.0,1546.0,0,0.0,0.0
2021-10-19 00:00:00+09:00,1546.0,1546.0,1546.0,1546.0,0,0.0,0.0
2021-10-20 00:00:00+09:00,1626.0,1626.0,1626.0,1626.0,100,0.0,0.0
2021-10-21 00:00:00+09:00,1546.0,1546.0,1546.0,1546.0,100,0.0,0.0
2021-10-22 00:00:00+09:00,1546.0,1546.0,1546.0,1546.0,0,0.0,0.0
2021-10-25 00:00:00+09:00,1546.0,1546.0,1546.0,1546.0,0,0.0,0.0
2021-10-26 00:00:00+09:00,1546.0,1546.0,1546.0,1546.0,0,0.0,0.0
2021-10-27 00:00:00+09:00,1546.0,1546.0,1546.0,1546.0,0,0.0,0.0
2021-10-28 00:00:00+09:00,1546.0,1546.0,1546.0,1546.0,0,0.0,0.0
2021-10-29 00:00:00+09:00,1546.0,1546.0,1546.0,1546.0,0,0.0,0.0
2021-11-01 00:00:00+09:00,1560.0,1560.0,1560.0,1560.0,200,0.0,0.0
2021-11-02 00:00:00+09:00,1560.0,1560.0,1560.0,1560.0,100,0.0,0.0
2021-11-04 00:00:00+09:00,1562.0,1562.0,1562.0,1562.0,100,0.0,0.0
2021-11-05 00:00:00+09:00,1562.0,1562.0,1562.0,1562.0,0,0.0,0.0
2021-11-08 00:00:00+09:00,1602.0,1602.0,1602.0,1602.0,100,0.0,0.0
2021-11-09 00:00:00+09:00,1602.0,1602.0,1602.0,1602.0,0,0.0,0.0
2021-11-10 00:00:00+09:00,1602.0,1602.0,1602.0,1602.0,0,0.0,0.0
2021-11-11 00:00:00+09:00,1602.0,1602.0,1602.0,1602.0,0,0.0,0.0
2021-11-12 00:00:00+09:00,1602.0,1602.0,1602.0,1602.0,0,0.0,0.0
2021-11-15 00:00:00+09:00,1682.0,1720.0,1650.0,1709.0,1400,0.0,0.0
2021-11-16 00:00:00+09:00,1709.0,1709.0,1709.0,1709.0,1400,0.0,0.0
2021-11-17 00:00:00+09:00,1709.0,1709.0,1709.0,1709.0,0,0.0,0.0
2021-11-18 00:00:00+09:00,1636.0,1642.0,1602.0,1642.0,400,0.0,0.0
2021-11-19 00:00:00+09:00,1642.0,1642.0,1642.0,1642.0,0,0.0,0.0
2021-11-22 00:00:00+09:00,1642.0,1642.0,1642.0,1642.0,0,0.0,0.0
2021-11-24 00:00:00+09:00,1642.0,1642.0,1642.0,1642.0,0,0.0,0.0
2021-11-25 00:00:00+09:00,1642.0,1642.0,1642.0,1642.0,0,0.0,0.0
2021-11-26 00:00:00+09:00,1642.0,1642.0,1642.0,1642.0,0,0.0,0.0
2021-11-29 00:00:00+09:00,1642.0,1642.0,1642.0,1642.0,0,0.0,0.0
2021-11-30 00:00:00+09:00,1642.0,1642.0,1642.0,1642.0,100,0.0,0.0
2021-12-01 00:00:00+09:00,1642.0,1642.0,1642.0,1642.0,0,0.0,0.0
2021-12-02 00:00:00+09:00,1642.0,1642.0,1642.0,1642.0,0,0.0,0.0
2021-12-03 00:00:00+09:00,1642.0,1642.0,1642.0,1642.0,0,0.0,0.0
2021-12-06 00:00:00+09:00,1642.0,1642.0,1642.0,1642.0,0,0.0,0.0
2021-12-07 00:00:00+09:00,1642.0,1642.0,1642.0,1642.0,0,0.0,0.0
2021-12-08 00:00:00+09:00,1642.0,1642.0,1642.0,1642.0,0,0.0,0.0
2021-12-09 00:00:00+09:00,1642.0,1642.0,1642.0,1642.0,0,0.0,0.0
2021-12-10 00:00:00+09:00,1642.0,1642.0,1642.0,1642.0,0,0.0,0.0
2021-12-13 00:00:00+09:00,1642.0,1642.0,1642.0,1642.0,0,0.0,0.0
2021-12-14 00:00:00+09:00,1642.0,1642.0,1642.0,1642.0,0,0.0,0.0
2021-12-15 00:00:00+09:00,1642.0,1642.0,1642.0,1642.0,100,0.0,0.0
2021-12-16 00:00:00+09:00,1642.0,1642.0,1642.0,1642.0,100,0.0,0.0
2021-12-17 00:00:00+09:00,1642.0,1642.0,1642.0,1642.0,0,0.0,0.0
2021-12-20 00:00:00+09:00,1642.0,1642.0,1642.0,1642.0,0,0.0,0.0
2021-12-21 00:00:00+09:00,1642.0,1642.0,1642.0,1642.0,0,0.0,0.0
2021-12-22 00:00:00+09:00,1642.0,1642.0,1642.0,1642.0,0,0.0,0.0
2021-12-23 00:00:00+09:00,1642.0,1642.0,1642.0,1642.0,0,0.0,0.0
2021-12-24 00:00:00+09:00,1642.0,1642.0,1642.0,1642.0,0,0.0,0.0
2021-12-27 00:00:00+09:00,1642.0,1642.0,1642.0,1642.0,0,0.0,0.0
2021-12-28 00:00:00+09:00,1642.0,1642.0,1642.0,1642.0,0,0.0,0.0
2021-12-29 00:00:00+09:00,1642.0,1642.0,1642.0,1642.0,0,0.0,0.0
2021-12-30 00:00:00+09:00,1642.0,1642.0,1642.0,1642.0,0,0.0,0.0
2022-01-04 00:00:00+09:00,1650.0,1650.0,1650.0,1650.0,200,0.0,0.0
2022-01-05 00:00:00+09:00,1650.0,1650.0,1650.0,1650.0,100,0.0,0.0
2022-01-06 00:00:00+09:00,1650.0,1650.0,1650.0,1650.0,0,0.0,0.0
2022-01-07 00:00:00+09:00,1650.0,1650.0,1650.0,1650.0,0,0.0,0.0
2022-01-11 00:00:00+09:00,1660.0,1660.0,1660.0,1660.0,200,0.0,0.0
2022-01-12 00:00:00+09:00,1660.0,1660.0,1660.0,1660.0,0,0.0,0.0
2022-01-13 00:00:00+09:00,1660.0,1660.0,1660.0,1660.0,0,0.0,0.0
2022-01-14 00:00:00+09:00,1580.0,1580.0,1580.0,1580.0,100,0.0,0.0
2022-01-17 00:00:00+09:00,1580.0,1580.0,1580.0,1580.0,0,0.0,0.0
2022-01-18 00:00:00+09:00,1580.0,1580.0,1580.0,1580.0,0,0.0,0.0
2022-01-19 00:00:00+09:00,1580.0,1580.0,1580.0,1580.0,0,0.0,0.0
2022-01-20 00:00:00+09:00,1580.0,1580.0,1580.0,1580.0,0,0.0,0.0
2022-01-21 00:00:00+09:00,1580.0,1580.0,1580.0,1580.0,0,0.0,0.0
2022-01-24 00:00:00+09:00,1580.0,1580.0,1580.0,1580.0,0,0.0,0.0
2022-01-25 00:00:00+09:00,1580.0,1580.0,1580.0,1580.0,0,0.0,0.0
2022-01-26 00:00:00+09:00,1580.0,1580.0,1580.0,1580.0,0,0.0,0.0
2022-01-27 00:00:00+09:00,1580.0,1580.0,1580.0,1580.0,0,0.0,0.0
2022-01-28 00:00:00+09:00,1500.0,1500.0,1500.0,1500.0,100,0.0,0.0
2022-01-31 00:00:00+09:00,1660.0,1660.0,1660.0,1660.0,100,0.0,0.0
2022-02-01 00:00:00+09:00,1660.0,1660.0,1660.0,1660.0,100,0.0,0.0
2022-02-02 00:00:00+09:00,1660.0,1660.0,1660.0,1660.0,0,0.0,0.0
2022-02-03 00:00:00+09:00,1660.0,1660.0,1660.0,1660.0,0,0.0,0.0
2022-02-04 00:00:00+09:00,1660.0,1660.0,1660.0,1660.0,0,0.0,0.0
2022-02-07 00:00:00+09:00,1660.0,1660.0,1660.0,1660.0,0,0.0,0.0
2022-02-08 00:00:00+09:00,1660.0,1660.0,1660.0,1660.0,0,0.0,0.0
2022-02-09 00:00:00+09:00,1660.0,1660.0,1660.0,1660.0,0,0.0,0.0
2022-02-10 00:00:00+09:00,1660.0,1660.0,1660.0,1660.0,0,0.0,0.0
2022-02-14 00:00:00+09:00,1660.0,1660.0,1660.0,1660.0,0,0.0,0.0
2022-02-15 00:00:00+09:00,1660.0,1660.0,1660.0,1660.0,600,0.0,0.0
2022-02-16 00:00:00+09:00,1587.0,1587.0,1540.0,1540.0,500,0.0,0.0
2022-02-17 00:00:00+09:00,1560.0,1560.0,1560.0,1560.0,100,0.0,0.0
2022-02-18 00:00:00+09:00,1560.0,1560.0,1560.0,1560.0,0,0.0,0.0
2022-02-21 00:00:00+09:00,1560.0,1560.0,1560.0,1560.0,0,0.0,0.0
2022-02-22 00:00:00+09:00,1560.0,1560.0,1560.0,1560.0,0,0.0,0.0
2022-02-24 00:00:00+09:00,1560.0,1560.0,1560.0,1560.0,0,0.0,0.0
2022-02-25 00:00:00+09:00,1560.0,1560.0,1560.0,1560.0,0,0.0,0.0
2022-02-28 00:00:00+09:00,1560.0,1560.0,1560.0,1560.0,100,0.0,0.0
2022-03-01 00:00:00+09:00,1560.0,1560.0,1560.0,1560.0,0,0.0,0.0
2022-03-02 00:00:00+09:00,1560.0,1560.0,1560.0,1560.0,0,0.0,0.0
2022-03-03 00:00:00+09:00,1520.0,1542.0,1500.0,1542.0,300,0.0,0.0
2022-03-04 00:00:00+09:00,1542.0,1542.0,1542.0,1542.0,0,0.0,0.0
2022-03-07 00:00:00+09:00,1522.0,1522.0,1522.0,1522.0,100,0.0,0.0
2022-03-08 00:00:00+09:00,1562.0,1562.0,1562.0,1562.0,100,0.0,0.0
2022-03-09 00:00:00+09:00,1562.0,1562.0,1562.0,1562.0,0,0.0,0.0
2022-03-10 00:00:00+09:00,1562.0,1562.0,1562.0,1562.0,0,0.0,0.0
2022-03-11 00:00:00+09:00,1562.0,1562.0,1562.0,1562.0,0,0.0,0.0
2022-03-14 00:00:00+09:00,1501.0,1501.0,1500.0,1501.0,1100,0.0,0.0
2022-03-15 00:00:00+09:00,1502.0,1502.0,1501.0,1501.0,500,0.0,0.0
2022-03-16 00:00:00+09:00,1500.0,1500.0,1500.0,1500.0,500,0.0,0.0
2022-03-17 00:00:00+09:00,1501.0,1501.0,1501.0,1501.0,200,0.0,0.0
2022-03-18 00:00:00+09:00,1485.0,1515.0,1485.0,1515.0,900,0.0,0.0
2022-03-22 00:00:00+09:00,1515.0,1515.0,1471.0,1471.0,700,0.0,0.0
2022-03-23 00:00:00+09:00,1472.0,1472.0,1468.0,1468.0,600,0.0,0.0
2022-03-24 00:00:00+09:00,1450.0,1450.0,1450.0,1450.0,100,0.0,0.0
2022-03-25 00:00:00+09:00,1450.0,1450.0,1450.0,1450.0,0,0.0,0.0
2022-03-28 00:00:00+09:00,1450.0,1450.0,1450.0,1450.0,100,0.0,0.0
2022-03-29 00:00:00+09:00,1450.0,1450.0,1450.0,1450.0,0,0.0,0.0
2022-03-30 00:00:00+09:00,1450.0,1450.0,1450.0,1450.0,0,0.0,0.0
2022-03-31 00:00:00+09:00,1425.0,1425.0,1400.0,1402.0,900,0.0,0.0
2022-04-01 00:00:00+09:00,1402.0,1402.0,1402.0,1402.0,0,0.0,0.0
2022-04-04 00:00:00+09:00,1407.0,1410.0,1407.0,1410.0,300,0.0,0.0
2022-04-05 00:00:00+09:00,1410.0,1410.0,1410.0,1410.0,0,0.0,0.0
2022-04-06 00:00:00+09:00,1410.0,1410.0,1410.0,1410.0,0,0.0,0.0
2022-04-07 00:00:00+09:00,1410.0,1410.0,1410.0,1410.0,0,0.0,0.0
2022-04-08 00:00:00+09:00,1412.0,1412.0,1412.0,1412.0,100,0.0,0.0
2022-04-11 00:00:00+09:00,1415.0,1415.0,1415.0,1415.0,100,0.0,0.0
2022-04-12 00:00:00+09:00,1415.0,1415.0,1415.0,1415.0,0,0.0,0.0
2022-04-13 00:00:00+09:00,1415.0,1415.0,1415.0,1415.0,0,0.0,0.0
2022-04-14 00:00:00+09:00,1415.0,1415.0,1415.0,1415.0,0,0.0,0.0
2022-04-15 00:00:00+09:00,1415.0,1415.0,1415.0,1415.0,0,0.0,0.0
2022-04-18 00:00:00+09:00,1415.0,1415.0,1415.0,1415.0,0,0.0,0.0
2022-04-19 00:00:00+09:00,1415.0,1415.0,1415.0,1415.0,0,0.0,0.0
2022-04-20 00:00:00+09:00,1415.0,1415.0,1415.0,1415.0,0,0.0,0.0
2022-04-21 00:00:00+09:00,1415.0,1415.0,1415.0,1415.0,0,0.0,0.0
2022-04-22 00:00:00+09:00,1415.0,1415.0,1415.0,1415.0,0,0.0,0.0
2022-04-25 00:00:00+09:00,1415.0,1415.0,1415.0,1415.0,0,0.0,0.0
2022-04-26 00:00:00+09:00,1415.0,1415.0,1415.0,1415.0,400,0.0,0.0
2022-04-27 00:00:00+09:00,1415.0,1415.0,1415.0,1415.0,0,0.0,0.0
2022-04-28 00:00:00+09:00,1420.0,1420.0,1415.0,1415.0,200,0.0,0.0
2022-05-02 00:00:00+09:00,1415.0,1415.0,1415.0,1415.0,0,0.0,0.0
2022-05-06 00:00:00+09:00,1415.0,1415.0,1415.0,1415.0,0,0.0,0.0
2022-05-09 00:00:00+09:00,1475.0,1475.0,1475.0,1475.0,100,0.0,0.0
2022-05-10 00:00:00+09:00,1475.0,1475.0,1475.0,1475.0,0,0.0,0.0
2022-05-11 00:00:00+09:00,1475.0,1475.0,1475.0,1475.0,0,0.0,0.0
2022-05-12 00:00:00+09:00,1475.0,1475.0,1475.0,1475.0,0,0.0,0.0
2022-05-13 00:00:00+09:00,1475.0,1475.0,1475.0,1475.0,0,0.0,0.0
2022-05-16 00:00:00+09:00,1500.0,1500.0,1475.0,1475.0,600,0.0,0.0
2022-05-17 00:00:00+09:00,1475.0,1475.0,1475.0,1475.0,100,0.0,0.0
2022-05-18 00:00:00+09:00,1480.0,1498.0,1480.0,1498.0,1000,0.0,0.0
2022-05-19 00:00:00+09:00,1411.0,1411.0,1411.0,1411.0,100,0.0,0.0
2022-05-20 00:00:00+09:00,1412.0,1412.0,1412.0,1412.0,600,0.0,0.0
2022-05-23 00:00:00+09:00,1412.0,1412.0,1412.0,1412.0,0,0.0,0.0
2022-05-24 00:00:00+09:00,1412.0,1412.0,1412.0,1412.0,0,0.0,0.0
2022-05-25 00:00:00+09:00,1412.0,1412.0,1412.0,1412.0,0,0.0,0.0
2022-05-26 00:00:00+09:00,1412.0,1412.0,1412.0,1412.0,0,0.0,0.0
2022-05-27 00:00:00+09:00,1412.0,1412.0,1412.0,1412.0,0,0.0,0.0
2022-05-30 00:00:00+09:00,1412.0,1412.0,1412.0,1412.0,0,0.0,0.0
2022-05-31 00:00:00+09:00,1382.0,1382.0,1363.0,1363.0,900,0.0,0.0
2022-06-01 00:00:00+09:00,1363.0,1363.0,1363.0,1363.0,0,0.0,0.0
2022-06-02 00:00:00+09:00,1363.0,1363.0,1363.0,1363.0,0,0.0,0.0
2022-06-03 00:00:00+09:00,1363.0,1363.0,1363.0,1363.0,0,0.0,0.0
2022-06-06 00:00:00+09:00,1363.0,1363.0,1363.0,1363.0,0,0.0,0.0
2022-06-07 00:00:00+09:00,1389.0,1389.0,1389.0,1389.0,100,0.0,0.0
2022-06-08 00:00:00+09:00,1389.0,1563.0,1389.0,1524.0,1300,0.0,0.0
2022-06-09 00:00:00+09:00,1484.0,1484.0,1454.0,1468.0,600,0.0,0.0
2022-06-10 00:00:00+09:00,1468.0,1468.0,1468.0,1468.0,0,0.0,0.0
2022-06-13 00:00:00+09:00,1468.0,1468.0,1468.0,1468.0,0,0.0,0.0
2022-06-14 00:00:00+09:00,1468.0,1468.0,1468.0,1468.0,0,0.0,0.0
2022-06-15 00:00:00+09:00,1468.0,1468.0,1468.0,1468.0,0,0.0,0.0
2022-06-16 00:00:00+09:00,1472.0,1472.0,1472.0,1472.0,100,0.0,0.0
2022-06-17 00:00:00+09:00,1474.0,1474.0,1474.0,1474.0,100,0.0,0.0
2022-06-20 00:00:00+09:00,1474.0,1474.0,1474.0,1474.0,0,0.0,0.0
2022-06-21 00:00:00+09:00,1474.0,1474.0,1474.0,1474.0,0,0.0,0.0
2022-06-22 00:00:00+09:00,1474.0,1474.0,1474.0,1474.0,0,0.0,0.0
2022-06-23 00:00:00+09:00,1474.0,1474.0,1474.0,1474.0,0,0.0,0.0
2022-06-24 00:00:00+09:00,1474.0,1474.0,1474.0,1474.0,0,0.0,0.0
2022-06-27 00:00:00+09:00,1474.0,1474.0,1474.0,1474.0,0,0.0,0.0
2022-06-28 00:00:00+09:00,1474.0,1474.0,1474.0,1474.0,0,0.0,0.0
2022-06-29 00:00:00+09:00,1474.0,1474.0,1474.0,1474.0,0,0.0,0.0
2022-06-30 00:00:00+09:00,1475.0,1475.0,1475.0,1475.0,100,0.0,0.0
2022-07-01 00:00:00+09:00,1475.0,1475.0,1475.0,1475.0,0,0.0,0.0
2022-07-04 00:00:00+09:00,1475.0,1475.0,1475.0,1475.0,0,0.0,0.0
2022-07-05 00:00:00+09:00,1475.0,1475.0,1475.0,1475.0,100,0.0,0.0
2022-07-06 00:00:00+09:00,1475.0,1475.0,1475.0,1475.0,0,0.0,0.0
2022-07-07 00:00:00+09:00,1475.0,1475.0,1475.0,1475.0,0,0.0,0.0
2022-07-08 00:00:00+09:00,1505.0,1590.0,1505.0,1590.0,400,0.0,0.0
2022-07-11 00:00:00+09:00,1590.0,1590.0,1590.0,1590.0,0,0.0,0.0
2022-07-12 00:00:00+09:00,1590.0,1590.0,1590.0,1590.0,0,0.0,0.0
2022-07-13 00:00:00+09:00,1590.0,1590.0,1590.0,1590.0,0,0.0,0.0
2022-07-14 00:00:00+09:00,1590.0,1590.0,1590.0,1590.0,0,0.0,0.0
2022-07-15 00:00:00+09:00,1591.0,1591.0,1591.0,1591.0,100,0.0,0.0
2022-07-19 00:00:00+09:00,1622.0,1704.0,1591.0,1704.0,1800,0.0,0.0
2022-07-20 00:00:00+09:00,1700.0,1700.0,1521.0,1530.0,1000,0.0,0.0
2022-07-21 00:00:00+09:00,1530.0,1600.0,1530.0,1600.0,300,0.0,0.0
2022-07-22 00:00:00+09:00,1600.0,1600.0,1600.0,1600.0,0,0.0,0.0
2022-07-25 00:00:00+09:00,1600.0,1698.0,1600.0,1698.0,300,0.0,0.0
2022-07-26 00:00:00+09:00,1698.0,1717.0,1698.0,1700.0,700,0.0,0.0
2022-07-27 00:00:00+09:00,1728.0,1751.0,1728.0,1751.0,400,0.0,0.0
2022-07-28 00:00:00+09:00,1773.0,1799.0,1773.0,1799.0,500,0.0,0.0
2022-07-29 00:00:00+09:00,1818.0,1818.0,1815.0,1818.0,400,0.0,0.0
2022-08-01 00:00:00+09:00,1819.0,1848.0,1819.0,1820.0,800,0.0,0.0
2022-08-02 00:00:00+09:00,1820.0,1820.0,1820.0,1820.0,100,0.0,0.0
2022-08-03 00:00:00+09:00,1820.0,1820.0,1820.0,1820.0,0,0.0,0.0
2022-08-04 00:00:00+09:00,1850.0,1870.0,1850.0,1870.0,200,0.0,0.0
2022-08-05 00:00:00+09:00,1870.0,1870.0,1870.0,1870.0,0,0.0,0.0
2022-08-08 00:00:00+09:00,1850.0,1850.0,1850.0,1850.0,200,0.0,0.0
2022-08-09 00:00:00+09:00,1850.0,1850.0,1850.0,1850.0,0,0.0,0.0
2022-08-10 00:00:00+09:00,1850.0,1850.0,1850.0,1850.0,0,0.0,0.0
2022-08-12 00:00:00+09:00,1850.0,1850.0,1850.0,1850.0,0,0.0,0.0
2022-08-15 00:00:00+09:00,1883.0,1886.0,1883.0,1886.0,200,0.0,0.0
2022-08-16 00:00:00+09:00,1888.0,2286.0,1888.0,2286.0,3400,0.0,0.0
2022-08-17 00:00:00+09:00,2786.0,2786.0,2450.0,2600.0,52800,0.0,0.0
2022-08-18 00:00:00+09:00,2351.0,2421.0,2173.0,2241.0,25100,0.0,0.0
2022-08-19 00:00:00+09:00,2191.0,2741.0,2160.0,2741.0,56900,0.0,0.0
2022-08-22 00:00:00+09:00,2391.0,3245.0,2360.0,2955.0,106300,0.0,0.0
2022-08-23 00:00:00+09:00,2905.0,3455.0,2850.0,3455.0,73500,0.0,0.0
2022-08-24 00:00:00+09:00,3490.0,4005.0,3075.0,3420.0,187700,0.0,0.0
2022-08-25 00:00:00+09:00,3140.0,3345.0,2960.0,3135.0,68300,0.0,0.0
2022-08-26 00:00:00+09:00,3025.0,3315.0,2965.0,3310.0,29200,0.0,0.0
2022-08-29 00:00:00+09:00,3100.0,3330.0,2980.0,3105.0,29100,0.0,0.0
2022-08-30 00:00:00+09:00,3050.0,3100.0,2713.0,2790.0,30100,0.0,0.0
2022-08-31 00:00:00+09:00,2840.0,2940.0,2400.0,2420.0,45500,0.0,0.0
2022-09-01 00:00:00+09:00,2438.0,2768.0,2300.0,2351.0,45400,0.0,0.0
2022-09-02 00:00:00+09:00,2354.0,2354.0,2215.0,2215.0,15200,0.0,0.0
2022-09-05 00:00:00+09:00,2235.0,2450.0,2200.0,2239.0,20800,0.0,0.0
2022-09-06 00:00:00+09:00,2219.0,2400.0,2121.0,2201.0,18000,0.0,0.0
2022-09-07 00:00:00+09:00,2250.0,2250.0,2099.0,2137.0,10500,0.0,0.0
2022-09-08 00:00:00+09:00,2208.0,2340.0,2110.0,2133.0,17400,0.0,0.0
2022-09-09 00:00:00+09:00,2153.0,2191.0,2112.0,2115.0,6700,0.0,0.0
2022-09-12 00:00:00+09:00,2134.0,2200.0,2089.0,2165.0,13700,0.0,0.0
2022-09-13 00:00:00+09:00,2175.0,2249.0,2115.0,2213.0,9400,0.0,0.0
2022-09-14 00:00:00+09:00,2121.0,2263.0,2115.0,2230.0,2300,0.0,0.0
2022-09-15 00:00:00+09:00,2217.0,2217.0,2118.0,2118.0,4500,0.0,0.0
2022-09-16 00:00:00+09:00,2123.0,2158.0,2043.0,2048.0,4700,0.0,0.0
2022-09-20 00:00:00+09:00,2048.0,2048.0,1923.0,2001.0,8200,0.0,0.0
2022-09-21 00:00:00+09:00,2001.0,2004.0,1920.0,1952.0,6000,0.0,0.0
2022-09-22 00:00:00+09:00,1950.0,1980.0,1935.0,1980.0,3300,0.0,0.0
2022-09-26 00:00:00+09:00,1979.0,1979.0,1782.0,1839.0,5000,0.0,0.0
2022-09-27 00:00:00+09:00,1870.0,1879.0,1855.0,1855.0,2100,0.0,0.0
2022-09-28 00:00:00+09:00,1892.0,1892.0,1801.0,1834.0,1700,0.0,0.0
2022-09-29 00:00:00+09:00,1874.0,1874.0,1834.0,1850.0,3000,0.0,0.0
2022-09-30 00:00:00+09:00,1849.0,1870.0,1820.0,1850.0,1200,0.0,0.0
2022-10-03 00:00:00+09:00,1850.0,1850.0,1702.0,1763.0,2400,0.0,0.0
2022-10-04 00:00:00+09:00,1740.0,1789.0,1740.0,1789.0,1300,0.0,0.0
2022-10-05 00:00:00+09:00,1797.0,1830.0,1797.0,1801.0,2200,0.0,0.0
2022-10-06 00:00:00+09:00,1800.0,1840.0,1800.0,1801.0,1500,0.0,0.0
2022-10-07 00:00:00+09:00,1837.0,1879.0,1822.0,1822.0,1100,0.0,0.0
2022-10-11 00:00:00+09:00,1802.0,1803.0,1781.0,1781.0,1600,0.0,0.0
2022-10-12 00:00:00+09:00,1760.0,1760.0,1760.0,1760.0,100,0.0,0.0
2022-10-13 00:00:00+09:00,1750.0,1760.0,1750.0,1760.0,400,0.0,0.0
2022-10-14 00:00:00+09:00,1799.0,1799.0,1799.0,1799.0,100,0.0,0.0
2022-10-17 00:00:00+09:00,1799.0,1801.0,1799.0,1801.0,900,0.0,0.0
2022-10-18 00:00:00+09:00,1785.0,1814.0,1785.0,1814.0,300,0.0,0.0
2022-10-19 00:00:00+09:00,1814.0,1814.0,1814.0,1814.0,0,0.0,0.0
2022-10-20 00:00:00+09:00,1814.0,1814.0,1814.0,1814.0,100,0.0,0.0
2022-10-21 00:00:00+09:00,1783.0,1783.0,1780.0,1781.0,800,0.0,0.0
2022-10-24 00:00:00+09:00,1800.0,1800.0,1780.0,1780.0,500,0.0,0.0
2022-10-25 00:00:00+09:00,1791.0,1800.0,1791.0,1800.0,200,0.0,0.0
2022-10-26 00:00:00+09:00,1782.0,1782.0,1780.0,1780.0,300,0.0,0.0
2022-10-27 00:00:00+09:00,1763.0,1763.0,1701.0,1705.0,1200,0.0,0.0
2022-10-28 00:00:00+09:00,1705.0,1705.0,1705.0,1705.0,0,0.0,0.0
2022-10-31 00:00:00+09:00,1715.0,1715.0,1705.0,1705.0,200,0.0,0.0
2022-11-01 00:00:00+09:00,1705.0,1705.0,1705.0,1705.0,0,0.0,0.0
2022-11-02 00:00:00+09:00,1701.0,1701.0,1701.0,1701.0,100,0.0,0.0
2022-11-04 00:00:00+09:00,1701.0,1701.0,1701.0,1701.0,0,0.0,0.0
2022-11-07 00:00:00+09:00,1690.0,1703.0,1690.0,1703.0,700,0.0,0.0
2022-11-08 00:00:00+09:00,1708.0,1741.0,1708.0,1741.0,700,0.0,0.0
2022-11-09 00:00:00+09:00,1744.0,1744.0,1700.0,1700.0,600,0.0,0.0
2022-11-10 00:00:00+09:00,1717.0,1717.0,1717.0,1717.0,200,0.0,0.0
2022-11-11 00:00:00+09:00,1757.0,1777.0,1700.0,1719.0,2900,0.0,0.0
2022-11-14 00:00:00+09:00,1715.0,1720.0,1710.0,1710.0,1600,0.0,0.0
2022-11-15 00:00:00+09:00,1710.0,1710.0,1652.0,1652.0,600,0.0,0.0
2022-11-16 00:00:00+09:00,1687.0,1687.0,1687.0,1687.0,100,0.0,0.0
2022-11-17 00:00:00+09:00,1652.0,1712.0,1652.0,1712.0,1500,0.0,0.0
2022-11-18 00:00:00+09:00,1786.0,1799.0,1722.0,1730.0,3100,0.0,0.0
2022-11-21 00:00:00+09:00,1730.0,1730.0,1700.0,1700.0,800,0.0,0.0
2022-11-22 00:00:00+09:00,1700.0,1700.0,1700.0,1700.0,200,0.0,0.0
2022-11-24 00:00:00+09:00,1682.0,1682.0,1682.0,1682.0,100,0.0,0.0
2022-11-25 00:00:00+09:00,1687.0,1687.0,1687.0,1687.0,100,0.0,0.0
2022-11-28 00:00:00+09:00,1686.0,1686.0,1686.0,1686.0,100,0.0,0.0
2022-11-29 00:00:00+09:00,1686.0,1686.0,1686.0,1686.0,0,0.0,0.0
2022-11-30 00:00:00+09:00,1686.0,1699.0,1677.0,1679.0,1800,0.0,0.0
2022-12-01 00:00:00+09:00,1679.0,1679.0,1679.0,1679.0,0,0.0,0.0
2022-12-02 00:00:00+09:00,1679.0,1689.0,1655.0,1655.0,600,0.0,0.0
2022-12-05 00:00:00+09:00,1655.0,1656.0,1655.0,1656.0,900,0.0,0.0
2022-12-06 00:00:00+09:00,1656.0,1656.0,1656.0,1656.0,0,0.0,0.0
2022-12-07 00:00:00+09:00,1625.0,1625.0,1590.0,1590.0,600,0.0,0.0
2022-12-08 00:00:00+09:00,1627.0,1627.0,1627.0,1627.0,100,0.0,0.0
2022-12-09 00:00:00+09:00,1587.0,1587.0,1561.0,1577.0,700,0.0,0.0
2022-12-12 00:00:00+09:00,1600.0,1600.0,1585.0,1585.0,300,0.0,0.0
2022-12-13 00:00:00+09:00,1586.0,1586.0,1586.0,1586.0,200,0.0,0.0
2022-12-14 00:00:00+09:00,1580.0,1580.0,1579.0,1579.0,500,0.0,0.0
2022-12-15 00:00:00+09:00,1579.0,1579.0,1579.0,1579.0,100,0.0,0.0
2022-12-16 00:00:00+09:00,1579.0,1579.0,1556.0,1556.0,800,0.0,0.0
2022-12-19 00:00:00+09:00,1556.0,1594.0,1556.0,1556.0,800,0.0,0.0
2022-12-20 00:00:00+09:00,1565.0,1565.0,1553.0,1553.0,700,0.0,0.0
2022-12-21 00:00:00+09:00,1552.0,1552.0,1536.0,1536.0,900,0.0,0.0
2022-12-22 00:00:00+09:00,1517.0,1517.0,1516.0,1516.0,300,0.0,0.0
2022-12-23 00:00:00+09:00,1510.0,1510.0,1500.0,1500.0,800,0.0,0.0
2022-12-26 00:00:00+09:00,1505.0,1505.0,1505.0,1505.0,600,0.0,0.0
2022-12-27 00:00:00+09:00,1505.0,1505.0,1498.0,1498.0,600,0.0,0.0
2022-12-28 00:00:00+09:00,1496.0,1500.0,1495.0,1495.0,600,0.0,0.0
2022-12-29 00:00:00+09:00,1495.0,1495.0,1495.0,1495.0,0,0.0,0.0
2022-12-30 00:00:00+09:00,1495.0,1495.0,1495.0,1495.0,100,0.0,0.0
2023-01-04 00:00:00+09:00,1485.0,1485.0,1472.0,1472.0,300,0.0,0.0
2023-01-05 00:00:00+09:00,1502.0,1520.0,1502.0,1518.0,500,0.0,0.0
2023-01-06 00:00:00+09:00,1543.0,1543.0,1526.0,1526.0,400,0.0,0.0
2023-01-10 00:00:00+09:00,1486.0,1486.0,1482.0,1482.0,300,0.0,0.0
2023-01-11 00:00:00+09:00,1500.0,1507.0,1477.0,1507.0,300,0.0,0.0
2023-01-12 00:00:00+09:00,1507.0,1507.0,1507.0,1507.0,100,0.0,0.0
2023-01-13 00:00:00+09:00,1507.0,1507.0,1507.0,1507.0,0,0.0,0.0
2023-01-16 00:00:00+09:00,1544.0,1544.0,1504.0,1540.0,700,0.0,0.0
2023-01-17 00:00:00+09:00,1540.0,1540.0,1540.0,1540.0,0,0.0,0.0
2023-01-18 00:00:00+09:00,1520.0,1539.0,1520.0,1539.0,200,0.0,0.0
2023-01-19 00:00:00+09:00,1499.0,1511.0,1499.0,1511.0,700,0.0,0.0
2023-01-20 00:00:00+09:00,1537.0,1537.0,1528.0,1528.0,600,0.0,0.0
2023-01-23 00:00:00+09:00,1539.0,1539.0,1539.0,1539.0,400,0.0,0.0
2023-01-24 00:00:00+09:00,1540.0,1569.0,1540.0,1547.0,500,0.0,0.0
2023-01-25 00:00:00+09:00,1547.0,1547.0,1547.0,1547.0,0,0.0,0.0
2023-01-26 00:00:00+09:00,1547.0,1547.0,1547.0,1547.0,0,0.0,0.0
2023-01-27 00:00:00+09:00,1567.0,1567.0,1567.0,1567.0,100,0.0,0.0
2023-01-30 00:00:00+09:00,1550.0,1550.0,1549.0,1549.0,200,0.0,0.0
2023-01-31 00:00:00+09:00,1549.0,1549.0,1549.0,1549.0,100,0.0,0.0
2023-02-01 00:00:00+09:00,1540.0,1540.0,1540.0,1540.0,100,0.0,0.0
2023-02-02 00:00:00+09:00,1572.0,1612.0,1572.0,1612.0,1300,0.0,0.0
2023-02-03 00:00:00+09:00,1600.0,1600.0,1600.0,1600.0,100,0.0,0.0
2023-02-06 00:00:00+09:00,1600.0,1600.0,1600.0,1600.0,0,0.0,0.0
2023-02-07 00:00:00+09:00,1600.0,1600.0,1600.0,1600.0,0,0.0,0.0
2023-02-08 00:00:00+09:00,1600.0,1600.0,1600.0,1600.0,100,0.0,0.0
2023-02-09 00:00:00+09:00,1560.0,1596.0,1556.0,1596.0,500,0.0,0.0
2023-02-10 00:00:00+09:00,1556.0,1596.0,1556.0,1593.0,300,0.0,0.0
2023-02-13 00:00:00+09:00,1593.0,1593.0,1593.0,1593.0,0,0.0,0.0
2023-02-14 00:00:00+09:00,1553.0,1565.0,1525.0,1565.0,300,0.0,0.0
2023-02-15 00:00:00+09:00,1565.0,1603.0,1538.0,1540.0,800,0.0,0.0
2023-02-16 00:00:00+09:00,1549.0,1549.0,1536.0,1536.0,200,0.0,0.0
2023-02-17 00:00:00+09:00,1536.0,1549.0,1536.0,1549.0,500,0.0,0.0
2023-02-20 00:00:00+09:00,1515.0,1549.0,1515.0,1521.0,800,0.0,0.0
2023-02-21 00:00:00+09:00,1532.0,1532.0,1526.0,1526.0,300,0.0,0.0
2023-02-22 00:00:00+09:00,1496.0,1528.0,1496.0,1528.0,600,0.0,0.0
2023-02-24 00:00:00+09:00,1518.0,1547.0,1516.0,1534.0,600,0.0,0.0
2023-02-27 00:00:00+09:00,1533.0,1533.0,1509.0,1522.0,400,0.0,0.0
2023-02-28 00:00:00+09:00,1512.0,1545.0,1508.0,1512.0,1500,0.0,0.0
2023-03-01 00:00:00+09:00,1511.0,1548.0,1511.0,1544.0,800,0.0,0.0
2023-03-02 00:00:00+09:00,1546.0,1594.0,1546.0,1594.0,2100,0.0,0.0
2023-03-03 00:00:00+09:00,1597.0,1960.0,1597.0,1790.0,13400,0.0,0.0
2023-03-06 00:00:00+09:00,1870.0,1870.0,1770.0,1839.0,3700,0.0,0.0
2023-03-07 00:00:00+09:00,1839.0,1999.0,1819.0,1999.0,3100,0.0,0.0
2023-03-08 00:00:00+09:00,1999.0,2184.0,1960.0,2145.0,4800,0.0,0.0
2023-03-09 00:00:00+09:00,2184.0,2190.0,2140.0,2189.0,2600,0.0,0.0
2023-03-10 00:00:00+09:00,2189.0,2390.0,2135.0,2389.0,10200,0.0,0.0
2023-03-13 00:00:00+09:00,2389.0,2389.0,2289.0,2314.0,3800,0.0,0.0
2023-03-14 00:00:00+09:00,2314.0,2814.0,2266.0,2798.0,20000,0.0,0.0
2023-03-15 00:00:00+09:00,2848.0,2848.0,2522.0,2768.0,12900,0.0,0.0
2023-03-16 00:00:00+09:00,2718.0,2753.0,2271.0,2438.0,6700,0.0,0.0
2023-03-17 00:00:00+09:00,2438.0,2438.0,2231.0,2300.0,1700,0.0,0.0
2023-03-20 00:00:00+09:00,2350.0,2350.0,2124.0,2168.0,1600,0.0,0.0
2023-03-22 00:00:00+09:00,2168.0,2189.0,2061.0,2176.0,4000,0.0,0.0
2023-03-23 00:00:00+09:00,2159.0,2159.0,1912.0,1912.0,6800,0.0,0.0
2023-03-24 00:00:00+09:00,1992.0,2294.0,1925.0,1938.0,21500,0.0,0.0
2023-03-27 00:00:00+09:00,1927.0,1968.0,1872.0,1912.0,6300,0.0,0.0
2023-03-28 00:00:00+09:00,1872.0,1912.0,1857.0,1891.0,2800,0.0,0.0
2023-03-29 00:00:00+09:00,1851.0,1873.0,1773.0,1833.0,3200,0.0,0.0
2023-03-30 00:00:00+09:00,1873.0,1923.0,1820.0,1834.0,2000,0.0,0.0
2023-03-31 00:00:00+09:00,1840.0,1880.0,1840.0,1876.0,700,0.0,0.0
2023-04-03 00:00:00+09:00,1900.0,2001.0,1900.0,1987.0,2900,0.0,0.0
2023-04-04 00:00:00+09:00,1987.0,2073.0,1935.0,2069.0,2500,0.0,0.0
2023-04-05 00:00:00+09:00,2077.0,2236.0,2076.0,2169.0,6400,0.0,0.0
2023-04-06 00:00:00+09:00,2219.0,2269.0,2143.0,2222.0,5500,0.0,0.0
2023-04-07 00:00:00+09:00,2230.0,2285.0,1916.0,2034.0,11400,0.0,0.0
2023-04-10 00:00:00+09:00,1984.0,2173.0,1984.0,2130.0,2000,0.0,0.0
2023-04-11 00:00:00+09:00,2130.0,2130.0,2010.0,2057.0,2200,0.0,0.0
2023-04-12 00:00:00+09:00,2024.0,2050.0,2002.0,2028.0,1000,0.0,0.0
2023-04-13 00:00:00+09:00,1978.0,1990.0,1950.0,1990.0,400,0.0,0.0
2023-04-14 00:00:00+09:00,1934.0,1955.0,1920.0,1936.0,1500,0.0,0.0
2023-04-17 00:00:00+09:00,1941.0,1981.0,1930.0,1970.0,2000,0.0,0.0
2023-04-18 00:00:00+09:00,1970.0,1970.0,1970.0,1970.0,0,0.0,0.0
2023-04-19 00:00:00+09:00,1954.0,1954.0,1931.0,1946.0,500,0.0,0.0
2023-04-20 00:00:00+09:00,1911.0,1911.0,1875.0,1875.0,1400,0.0,0.0
2023-04-21 00:00:00+09:00,1915.0,1915.0,1791.0,1826.0,2200,0.0,0.0
2023-04-24 00:00:00+09:00,1840.0,1890.0,1813.0,1813.0,1200,0.0,0.0
2023-04-25 00:00:00+09:00,1853.0,1853.0,1790.0,1800.0,1200,0.0,0.0
2023-04-26 00:00:00+09:00,1778.0,1815.0,1778.0,1815.0,500,0.0,0.0
2023-04-27 00:00:00+09:00,1815.0,1815.0,1815.0,1815.0,0,0.0,0.0
2023-04-28 00:00:00+09:00,1851.0,1851.0,1851.0,1851.0,100,0.0,0.0
2023-05-01 00:00:00+09:00,1811.0,1822.0,1811.0,1822.0,200,0.0,0.0
2023-05-02 00:00:00+09:00,1782.0,1810.0,1761.0,1793.0,1000,0.0,0.0
2023-05-08 00:00:00+09:00,1833.0,1833.0,1775.0,1775.0,500,0.0,0.0
2023-05-09 00:00:00+09:00,1815.0,1869.0,1800.0,1800.0,1100,0.0,0.0
2023-05-10 00:00:00+09:00,1839.0,1839.0,1794.0,1794.0,300,0.0,0.0
2023-05-11 00:00:00+09:00,1763.0,1777.0,1763.0,1777.0,300,0.0,0.0
2023-05-12 00:00:00+09:00,1795.0,1795.0,1795.0,1795.0,100,0.0,0.0
2023-05-15 00:00:00+09:00,1820.0,1860.0,1787.0,1851.0,2900,0.0,0.0
2023-05-16 00:00:00+09:00,1879.0,1879.0,1850.0,1850.0,200,0.0,0.0
2023-05-17 00:00:00+09:00,1810.0,1820.0,1800.0,1800.0,800,0.0,0.0
2023-05-18 00:00:00+09:00,1820.0,1820.0,1820.0,1820.0,200,0.0,0.0
2023-05-19 00:00:00+09:00,1780.0,1815.0,1780.0,1815.0,400,0.0,0.0
2023-05-22 00:00:00+09:00,1808.0,1808.0,1799.0,1799.0,700,0.0,0.0
2023-05-23 00:00:00+09:00,1803.0,1816.0,1803.0,1816.0,300,0.0,0.0
2023-05-24 00:00:00+09:00,1803.0,1803.0,1803.0,1803.0,200,0.0,0.0
2023-05-25 00:00:00+09:00,1840.0,1840.0,1840.0,1840.0,100,0.0,0.0
2023-05-26 00:00:00+09:00,1840.0,1840.0,1800.0,1837.0,700,0.0,0.0
2023-05-29 00:00:00+09:00,1837.0,1877.0,1837.0,1852.0,600,0.0,0.0
2023-05-30 00:00:00+09:00,1892.0,1892.0,1892.0,1892.0,100,0.0,0.0
2023-05-31 00:00:00+09:00,1892.0,1892.0,1888.0,1888.0,300,0.0,0.0
2023-06-01 00:00:00+09:00,1856.0,1856.0,1855.0,1856.0,500,0.0,0.0
2023-06-02 00:00:00+09:00,1896.0,2247.0,1896.0,2119.0,12100,0.0,0.0
2023-06-05 00:00:00+09:00,2069.0,2074.0,2019.0,2074.0,2600,0.0,0.0
2023-06-06 00:00:00+09:00,2024.0,2051.0,2024.0,2051.0,600,0.0,0.0
2023-06-07 00:00:00+09:00,1958.0,1998.0,1958.0,1998.0,200,0.0,0.0
2023-06-08 00:00:00+09:00,2019.0,2019.0,1950.0,1950.0,500,0.0,0.0
2023-06-09 00:00:00+09:00,1990.0,2075.0,1990.0,2075.0,600,0.0,0.0
2023-06-12 00:00:00+09:00,2075.0,2075.0,2075.0,2075.0,0,0.0,0.0
2023-06-13 00:00:00+09:00,2075.0,2075.0,2075.0,2075.0,0,0.0,0.0
2023-06-14 00:00:00+09:00,2075.0,2075.0,2036.0,2036.0,200,0.0,0.0
2023-06-15 00:00:00+09:00,2038.0,2044.0,2038.0,2043.0,1300,0.0,0.0
2023-06-16 00:00:00+09:00,2085.0,2140.0,2085.0,2140.0,300,0.0,0.0
2023-06-19 00:00:00+09:00,2140.0,2140.0,2100.0,2100.0,200,0.0,0.0
2023-06-20 00:00:00+09:00,2050.0,2100.0,2050.0,2100.0,900,0.0,0.0
2023-06-21 00:00:00+09:00,2101.0,2125.0,2101.0,2125.0,200,0.0,0.0
2023-06-22 00:00:00+09:00,2130.0,2130.0,2130.0,2130.0,100,0.0,0.0
2023-06-23 00:00:00+09:00,2130.0,2130.0,2130.0,2130.0,0,0.0,0.0
2023-06-26 00:00:00+09:00,2130.0,2130.0,2130.0,2130.0,0,0.0,0.0
2023-06-27 00:00:00+09:00,2130.0,2130.0,2130.0,2130.0,0,0.0,0.0
2023-06-28 00:00:00+09:00,2130.0,2130.0,2130.0,2130.0,0,0.0,0.0
2023-06-29 00:00:00+09:00,2047.0,2097.0,2047.0,2047.0,700,0.0,0.0
2023-06-30 00:00:00+09:00,2010.0,2047.0,2010.0,2047.0,200,0.0,0.0
2023-07-03 00:00:00+09:00,2098.0,2100.0,2098.0,2100.0,4000,0.0,0.0
2023-07-04 00:00:00+09:00,2100.0,2100.0,2100.0,2100.0,0,0.0,0.0
2023-07-05 00:00:00+09:00,2085.0,2099.0,2048.0,2048.0,2000,0.0,0.0
2023-07-06 00:00:00+09:00,2085.0,2085.0,2085.0,2085.0,200,0.0,0.0
2023-07-07 00:00:00+09:00,2085.0,2085.0,2085.0,2085.0,0,0.0,0.0
2023-07-10 00:00:00+09:00,2085.0,2085.0,2085.0,2085.0,0,0.0,0.0
2023-07-11 00:00:00+09:00,2085.0,2085.0,2085.0,2085.0,0,0.0,0.0
2023-07-12 00:00:00+09:00,2085.0,2085.0,2085.0,2085.0,0,0.0,0.0
2023-07-13 00:00:00+09:00,2085.0,2085.0,2085.0,2085.0,0,0.0,0.0
2023-07-14 00:00:00+09:00,2085.0,2085.0,2085.0,2085.0,0,0.0,0.0
2023-07-18 00:00:00+09:00,2085.0,2085.0,2002.0,2002.0,700,0.0,0.0
2023-07-19 00:00:00+09:00,2045.0,2050.0,2020.0,2050.0,1000,0.0,0.0
2023-07-20 00:00:00+09:00,2050.0,2050.0,2050.0,2050.0,0,0.0,0.0
2023-07-21 00:00:00+09:00,2100.0,2100.0,2050.0,2050.0,200,0.0,0.0
2023-07-24 00:00:00+09:00,2200.0,2200.0,2105.0,2150.0,1400,0.0,0.0
2023-07-25 00:00:00+09:00,2150.0,2150.0,2150.0,2150.0,0,0.0,0.0
2023-07-26 00:00:00+09:00,2150.0,2150.0,2150.0,2150.0,0,0.0,0.0
2023-07-27 00:00:00+09:00,2123.0,2123.0,2073.0,2073.0,200,0.0,0.0
2023-07-28 00:00:00+09:00,2100.0,2100.0,2060.0,2060.0,400,0.0,0.0
2023-07-31 00:00:00+09:00,2110.0,2110.0,2110.0,2110.0,100,0.0,0.0
2023-08-01 00:00:00+09:00,2110.0,2110.0,2110.0,2110.0,100,0.0,0.0
2023-08-02 00:00:00+09:00,2110.0,2110.0,2110.0,2110.0,0,0.0,0.0
2023-08-03 00:00:00+09:00,2080.0,2120.0,2070.0,2070.0,400,0.0,0.0
2023-08-04 00:00:00+09:00,2070.0,2070.0,2070.0,2070.0,300,0.0,0.0
2023-08-07 00:00:00+09:00,2120.0,2120.0,2070.0,2074.0,300,0.0,0.0
2023-08-08 00:00:00+09:00,2124.0,2124.0,2074.0,2074.0,200,0.0,0.0
2023-08-09 00:00:00+09:00,2074.0,2074.0,2074.0,2074.0,0,0.0,0.0
2023-08-10 00:00:00+09:00,2074.0,2074.0,2074.0,2074.0,0,0.0,0.0
2023-08-14 00:00:00+09:00,2198.0,2200.0,2189.0,2189.0,1400,0.0,0.0
2023-08-15 00:00:00+09:00,2189.0,2189.0,2189.0,2189.0,300,0.0,0.0
2023-08-16 00:00:00+09:00,2150.0,2150.0,2150.0,2150.0,100,0.0,0.0
2023-08-17 00:00:00+09:00,2150.0,2150.0,2150.0,2150.0,0,0.0,0.0
2023-08-18 00:00:00+09:00,2150.0,2150.0,2150.0,2150.0,0,0.0,0.0
2023-08-21 00:00:00+09:00,2100.0,2101.0,2100.0,2101.0,200,0.0,0.0
2023-08-22 00:00:00+09:00,2101.0,2101.0,2101.0,2101.0,0,0.0,0.0
2023-08-23 00:00:00+09:00,2101.0,2101.0,2101.0,2101.0,0,0.0,0.0
2023-08-24 00:00:00+09:00,2105.0,2105.0,2100.0,2100.0,500,0.0,0.0
2023-08-25 00:00:00+09:00,2100.0,2100.0,2100.0,2100.0,0,0.0,0.0
2023-08-28 00:00:00+09:00,2135.0,2135.0,2108.0,2108.0,200,0.0,0.0
2023-08-29 00:00:00+09:00,2158.0,2158.0,2131.0,2131.0,200,0.0,0.0
2023-08-30 00:00:00+09:00,2131.0,2131.0,2131.0,2131.0,100,0.0,0.0
2023-08-31 00:00:00+09:00,2131.0,2131.0,2081.0,2114.0,500,0.0,0.0
2023-09-01 00:00:00+09:00,2150.0,2350.0,2150.0,2299.0,7900,0.0,0.0
2023-09-04 00:00:00+09:00,2201.0,2253.0,2201.0,2250.0,900,0.0,0.0
2023-09-05 00:00:00+09:00,2224.0,2250.0,2224.0,2250.0,1400,0.0,0.0
2023-09-06 00:00:00+09:00,2250.0,2250.0,2250.0,2250.0,0,0.0,0.0
2023-09-07 00:00:00+09:00,2295.0,2310.0,2295.0,2304.0,1600,0.0,0.0
2023-09-08 00:00:00+09:00,2354.0,2354.0,2312.0,2312.0,600,0.0,0.0
2023-09-11 00:00:00+09:00,2312.0,2312.0,2312.0,2312.0,0,0.0,0.0
2023-09-12 00:00:00+09:00,2312.0,2312.0,2312.0,2312.0,0,0.0,0.0
2023-09-13 00:00:00+09:00,2308.0,2308.0,2308.0,2308.0,100,0.0,0.0
2023-09-14 00:00:00+09:00,2300.0,2300.0,2289.0,2300.0,1100,0.0,0.0
2023-09-15 00:00:00+09:00,2300.0,2312.0,2273.0,2312.0,400,0.0,0.0
2023-09-19 00:00:00+09:00,2312.0,2312.0,2312.0,2312.0,0,0.0,0.0
2023-09-20 00:00:00+09:00,2312.0,2312.0,2312.0,2312.0,0,0.0,0.0
2023-09-21 00:00:00+09:00,2312.0,2312.0,2312.0,2312.0,0,0.0,0.0
2023-09-22 00:00:00+09:00,2312.0,2312.0,2312.0,2312.0,0,0.0,0.0
2023-09-25 00:00:00+09:00,2312.0,2312.0,2312.0,2312.0,0,0.0,0.0
2023-09-26 00:00:00+09:00,2312.0,2312.0,2312.0,2312.0,400,0.0,0.0
2023-09-27 00:00:00+09:00,2380.0,2425.0,2380.0,2392.0,4400,0.0,0.0
2023-09-28 00:00:00+09:00,2392.0,2392.0,2392.0,2392.0,0,0.0,0.0
2023-09-29 00:00:00+09:00,2392.0,2392.0,2392.0,2392.0,0,0.0,0.0
2023-10-02 00:00:00+09:00,2342.0,2342.0,2217.0,2268.0,1200,0.0,0.0
2023-10-03 00:00:00+09:00,2318.0,2318.0,2211.0,2250.0,2400,0.0,0.0
2023-10-04 00:00:00+09:00,2159.0,2250.0,2159.0,2245.0,1000,0.0,0.0
2023-10-05 00:00:00+09:00,2262.0,2262.0,2262.0,2262.0,100,0.0,0.0
2023-10-06 00:00:00+09:00,2262.0,2262.0,2262.0,2262.0,200,0.0,0.0
2023-10-10 00:00:00+09:00,2262.0,2262.0,2262.0,2262.0,0,0.0,0.0
2023-10-11 00:00:00+09:00,2212.0,2212.0,2212.0,2212.0,200,0.0,0.0
2023-10-12 00:00:00+09:00,2212.0,2212.0,2212.0,2212.0,0,0.0,0.0
2023-10-13 00:00:00+09:00,2242.0,2242.0,2198.0,2198.0,200,0.0,0.0
2023-10-16 00:00:00+09:00,2198.0,2248.0,2198.0,2231.0,300,0.0,0.0
2023-10-17 00:00:00+09:00,2249.0,2249.0,2249.0,2249.0,300,0.0,0.0
2023-10-18 00:00:00+09:00,2293.0,2301.0,2151.0,2210.0,2700,0.0,0.0
2023-10-19 00:00:00+09:00,2260.0,2260.0,2181.0,2183.0,1700,0.0,0.0
2023-10-20 00:00:00+09:00,2183.0,2183.0,2183.0,2183.0,0,0.0,0.0
2023-10-23 00:00:00+09:00,2183.0,2183.0,2183.0,2183.0,0,0.0,0.0
2023-10-24 00:00:00+09:00,2153.0,2220.0,2153.0,2213.0,400,0.0,0.0
2023-10-25 00:00:00+09:00,2168.0,2168.0,2135.0,2135.0,300,0.0,0.0
2023-10-26 00:00:00+09:00,2176.0,2219.0,2176.0,2219.0,300,0.0,0.0
2023-10-27 00:00:00+09:00,2219.0,2219.0,2219.0,2219.0,0,0.0,0.0
2023-10-30 00:00:00+09:00,2219.0,2219.0,2219.0,2219.0,0,0.0,0.0
2023-10-31 00:00:00+09:00,2219.0,2219.0,2219.0,2219.0,0,0.0,0.0
2023-11-01 00:00:00+09:00,2219.0,2219.0,2219.0,2219.0,0,0.0,0.0
2023-11-02 00:00:00+09:00,2255.0,2255.0,2181.0,2181.0,300,0.0,0.0
2023-11-06 00:00:00+09:00,2181.0,2181.0,2181.0,2181.0,0,0.0,0.0
2023-11-07 00:00:00+09:00,2181.0,2181.0,2181.0,2181.0,0,0.0,0.0
2023-11-08 00:00:00+09:00,2281.0,2281.0,2281.0,2281.0,100,0.0,0.0
2023-11-09 00:00:00+09:00,2281.0,2281.0,2281.0,2281.0,0,0.0,0.0
2023-11-10 00:00:00+09:00,2281.0,2281.0,2107.0,2108.0,2200,0.0,0.0
2023-11-13 00:00:00+09:00,2185.0,2185.0,2150.0,2150.0,300,0.0,0.0
2023-11-14 00:00:00+09:00,2104.0,2104.0,2104.0,2104.0,200,0.0,0.0
2023-11-15 00:00:00+09:00,2180.0,2180.0,2180.0,2180.0,100,0.0,0.0
2023-11-16 00:00:00+09:00,2180.0,2180.0,2180.0,2180.0,100,0.0,0.0
2023-11-17 00:00:00+09:00,2130.0,2265.0,2130.0,2265.0,400,0.0,0.0
2023-11-20 00:00:00+09:00,2264.0,2264.0,2264.0,2264.0,100,0.0,0.0
2023-11-21 00:00:00+09:00,2170.0,2220.0,2170.0,2220.0,200,0.0,0.0
2023-11-22 00:00:00+09:00,2220.0,2220.0,2220.0,2220.0,0,0.0,0.0
2023-11-24 00:00:00+09:00,2220.0,2220.0,2220.0,2220.0,0,0.0,0.0
2023-11-27 00:00:00+09:00,2209.0,2209.0,2171.0,2171.0,300,0.0,0.0
2023-11-28 00:00:00+09:00,2171.0,2171.0,2171.0,2171.0,0,0.0,0.0
2023-11-29 00:00:00+09:00,2171.0,2171.0,2171.0,2171.0,0,0.0,0.0
2023-11-30 00:00:00+09:00,2284.0,2325.0,2284.0,2325.0,400,0.0,0.0
2023-12-01 00:00:00+09:00,2325.0,2325.0,2325.0,2325.0,100,0.0,0.0
2023-12-04 00:00:00+09:00,2325.0,2325.0,2325.0,2325.0,0,0.0,0.0
2023-12-05 00:00:00+09:00,2325.0,2325.0,2325.0,2325.0,0,0.0,0.0
2023-12-06 00:00:00+09:00,2325.0,2325.0,2325.0,2325.0,0,0.0,0.0
2023-12-07 00:00:00+09:00,2325.0,2325.0,2325.0,2325.0,100,0.0,0.0
2023-12-08 00:00:00+09:00,2323.0,2330.0,2281.0,2290.0,800,0.0,0.0
2023-12-11 00:00:00+09:00,2290.0,2290.0,2290.0,2290.0,0,0.0,0.0
2023-12-12 00:00:00+09:00,2290.0,2290.0,2290.0,2290.0,0,0.0,0.0
2023-12-13 00:00:00+09:00,2290.0,2290.0,2290.0,2290.0,0,0.0,0.0
2023-12-14 00:00:00+09:00,2290.0,2290.0,2290.0,2290.0,0,0.0,0.0
2023-12-15 00:00:00+09:00,2290.0,2304.0,2290.0,2304.0,500,0.0,0.0
2023-12-18 00:00:00+09:00,2304.0,2304.0,2304.0,2304.0,0,0.0,0.0
2023-12-19 00:00:00+09:00,2304.0,2304.0,2304.0,2304.0,0,0.0,0.0
2023-12-20 00:00:00+09:00,2304.0,2305.0,2304.0,2305.0,1500,0.0,0.0
2023-12-21 00:00:00+09:00,2305.0,2305.0,2305.0,2305.0,200,0.0,0.0
2023-12-22 00:00:00+09:00,2305.0,2305.0,2305.0,2305.0,0,0.0,0.0
2023-12-25 00:00:00+09:00,2305.0,2305.0,2305.0,2305.0,0,0.0,0.0
2023-12-26 00:00:00+09:00,2299.0,2310.0,2261.0,2261.0,800,0.0,0.0
2023-12-27 00:00:00+09:00,2299.0,2300.0,2299.0,2300.0,400,0.0,0.0
2023-12-28 00:00:00+09:00,2300.0,2321.0,2300.0,2321.0,200,0.0,0.0
2023-12-29 00:00:00+09:00,2321.0,2321.0,2321.0,2321.0,0,0.0,0.0
2024-01-04 00:00:00+09:00,2321.0,2321.0,2321.0,2321.0,100,0.0,0.0
2024-01-05 00:00:00+09:00,2321.0,2321.0,2321.0,2321.0,0,0.0,0.0
2024-01-09 00:00:00+09:00,2271.0,2271.0,2271.0,2271.0,100,0.0,0.0
2024-01-10 00:00:00+09:00,2271.0,2271.0,2271.0,2271.0,0,0.0,0.0
2024-01-11 00:00:00+09:00,2252.0,2275.0,2252.0,2275.0,200,0.0,0.0
2024-01-12 00:00:00+09:00,2275.0,2275.0,2275.0,2275.0,0,0.0,0.0
2024-01-15 00:00:00+09:00,2278.0,2278.0,2278.0,2278.0,100,0.0,0.0
2024-01-16 00:00:00+09:00,2343.0,2450.0,2343.0,2399.0,5100,0.0,0.0
2024-01-17 00:00:00+09:00,2449.0,2449.0,2373.0,2373.0,600,0.0,0.0
2024-01-18 00:00:00+09:00,2303.0,2303.0,2286.0,2299.0,400,0.0,0.0
2024-01-19 00:00:00+09:00,2303.0,2304.0,2303.0,2304.0,300,0.0,0.0
2024-01-22 00:00:00+09:00,2304.0,2304.0,2304.0,2304.0,0,0.0,0.0
2024-01-23 00:00:00+09:00,2302.0,2302.0,2302.0,2302.0,100,0.0,0.0
2024-01-24 00:00:00+09:00,2311.0,2363.0,2311.0,2363.0,500,0.0,0.0
2024-01-25 00:00:00+09:00,2363.0,2363.0,2362.0,2363.0,500,0.0,0.0
2024-01-26 00:00:00+09:00,2366.0,2366.0,2366.0,2366.0,100,0.0,0.0
2024-01-29 00:00:00+09:00,2331.0,2331.0,2331.0,2331.0,300,0.0,0.0
2024-01-30 00:00:00+09:00,2352.0,2398.0,2352.0,2398.0,400,0.0,0.0
2024-01-31 00:00:00+09:00,2398.0,2398.0,2391.0,2391.0,300,0.0,0.0
2024-02-01 00:00:00+09:00,2395.0,2395.0,2391.0,2391.0,300,0.0,0.0
2024-02-02 00:00:00+09:00,2393.0,2401.0,2393.0,2401.0,300,0.0,0.0
2024-02-05 00:00:00+09:00,2449.0,2525.0,2447.0,2523.0,3700,0.0,0.0
2024-02-06 00:00:00+09:00,2475.0,2482.0,2475.0,2481.0,400,0.0,0.0
2024-02-07 00:00:00+09:00,2481.0,2481.0,2481.0,2481.0,100,0.0,0.0
2024-02-08 00:00:00+09:00,2431.0,2440.0,2429.0,2440.0,400,0.0,0.0
2024-02-09 00:00:00+09:00,2401.0,2401.0,2358.0,2363.0,600,0.0,0.0
2024-02-13 00:00:00+09:00,2399.0,2399.0,2399.0,2399.0,100,0.0,0.0
2024-02-14 00:00:00+09:00,2399.0,2399.0,2399.0,2399.0,0,0.0,0.0
2024-02-15 00:00:00+09:00,2299.0,2395.0,2253.0,2345.0,1400,0.0,0.0
2024-02-16 00:00:00+09:00,2345.0,2499.0,2344.0,2499.0,3700,0.0,0.0
2024-02-19 00:00:00+09:00,2488.0,2488.0,2388.0,2388.0,600,0.0,0.0
2024-02-20 00:00:00+09:00,2393.0,2493.0,2393.0,2493.0,200,0.0,0.0
2024-02-21 00:00:00+09:00,2493.0,2625.0,2493.0,2552.0,4100,0.0,0.0
2024-02-22 00:00:00+09:00,2613.0,2662.0,2578.0,2662.0,1300,0.0,0.0
2024-02-26 00:00:00+09:00,2710.0,2722.0,2686.0,2686.0,1600,0.0,0.0
2024-02-27 00:00:00+09:00,2686.0,2686.0,2686.0,2686.0,0,0.0,0.0
2024-02-28 00:00:00+09:00,2636.0,2636.0,2626.0,2626.0,800,0.0,0.0
2024-02-29 00:00:00+09:00,2576.0,2598.0,2576.0,2598.0,200,0.0,0.0
2024-03-01 00:00:00+09:00,2743.0,2860.0,2743.0,2860.0,1900,0.0,0.0
2024-03-04 00:00:00+09:00,2740.0,2857.0,2740.0,2857.0,1300,0.0,0.0
2024-03-05 00:00:00+09:00,2847.0,2847.0,2847.0,2847.0,100,0.0,0.0
2024-03-06 00:00:00+09:00,2850.0,2850.0,2850.0,2850.0,200,0.0,0.0
2024-03-07 00:00:00+09:00,2855.0,2933.0,2855.0,2883.0,300,0.0,0.0
2024-03-08 00:00:00+09:00,2883.0,2883.0,2883.0,2883.0,0,0.0,0.0
2024-03-11 00:00:00+09:00,2883.0,2883.0,2883.0,2883.0,0,0.0,0.0
2024-03-12 00:00:00+09:00,2883.0,2883.0,2883.0,2883.0,0,0.0,0.0
2024-03-13 00:00:00+09:00,2883.0,2883.0,2883.0,2883.0,0,0.0,0.0
2024-03-14 00:00:00+09:00,2883.0,2883.0,2883.0,2883.0,0,0.0,0.0
2024-03-15 00:00:00+09:00,2883.0,2883.0,2883.0,2883.0,0,0.0,0.0
2024-03-18 00:00:00+09:00,2865.0,2900.0,2801.0,2801.0,700,0.0,0.0
2024-03-19 00:00:00+09:00,2801.0,2801.0,2801.0,2801.0,100,0.0,0.0
2024-03-21 00:00:00+09:00,2801.0,2801.0,2801.0,2801.0,100,0.0,0.0
2024-03-22 00:00:00+09:00,2801.0,2801.0,2801.0,2801.0,0,0.0,0.0
2024-03-25 00:00:00+09:00,2757.0,2774.0,2757.0,2774.0,200,0.0,0.0
2024-03-26 00:00:00+09:00,2757.0,2774.0,2757.0,2774.0,200,0.0,0.0
2024-03-27 00:00:00+09:00,2737.0,2775.0,2696.0,2775.0,1100,0.0,0.0
2024-03-28 00:00:00+09:00,2793.0,2794.0,2793.0,2794.0,400,0.0,0.0
2024-03-29 00:00:00+09:00,2794.0,2794.0,2794.0,2794.0,0,0.0,0.0
2024-04-01 00:00:00+09:00,2794.0,2794.0,2794.0,2794.0,600,0.0,0.0
2024-04-02 00:00:00+09:00,2794.0,2794.0,2794.0,2794.0,0,0.0,0.0
2024-04-03 00:00:00+09:00,2794.0,2794.0,2794.0,2794.0,0,0.0,0.0
2024-04-04 00:00:00+09:00,2794.0,2794.0,2794.0,2794.0,0,0.0,0.0
2024-04-05 00:00:00+09:00,2694.0,2694.0,2682.0,2686.0,300,0.0,0.0
2024-04-08 00:00:00+09:00,2686.0,2686.0,2686.0,2686.0,100,0.0,0.0
2024-04-09 00:00:00+09:00,2686.0,2686.0,2686.0,2686.0,0,0.0,0.0
2024-04-10 00:00:00+09:00,2686.0,2686.0,2686.0,2686.0,0,0.0,0.0
2024-04-11 00:00:00+09:00,2686.0,2686.0,2686.0,2686.0,0,0.0,0.0
2024-04-12 00:00:00+09:00,2686.0,2686.0,2686.0,2686.0,0,0.0,0.0
2024-04-15 00:00:00+09:00,2536.0,2550.0,2509.0,2530.0,4100,0.0,0.0
2024-04-16 00:00:00+09:00,2524.0,2524.0,2491.0,2508.0,300,0.0,0.0
2024-04-17 00:00:00+09:00,2503.0,2503.0,2491.0,2491.0,800,0.0,0.0
2024-04-18 00:00:00+09:00,2500.0,2506.0,2500.0,2506.0,200,0.0,0.0
2024-04-19 00:00:00+09:00,2556.0,2556.0,2495.0,2510.0,500,0.0,0.0
2024-04-22 00:00:00+09:00,2510.0,2535.0,2510.0,2535.0,200,0.0,0.0
2024-04-23 00:00:00+09:00,2535.0,2535.0,2535.0,2535.0,0,0.0,0.0
2024-04-24 00:00:00+09:00,2515.0,2515.0,2515.0,2515.0,100,0.0,0.0
2024-04-25 00:00:00+09:00,2515.0,2515.0,2515.0,2515.0,0,0.0,0.0
2024-04-26 00:00:00+09:00,2515.0,2515.0,2515.0,2515.0,0,0.0,0.0
2024-04-30 00:00:00+09:00,2600.0,2600.0,2550.0,2550.0,600,0.0,0.0
2024-05-01 00:00:00+09:00,2550.0,2550.0,2550.0,2550.0,0,0.0,0.0
2024-05-02 00:00:00+09:00,2560.0,2560.0,2560.0,2560.0,100,0.0,0.0
2024-05-07 00:00:00+09:00,2609.0,2609.0,2560.0,2560.0,400,0.0,0.0
2024-05-08 00:00:00+09:00,2560.0,2560.0,2560.0,2560.0,0,0.0,0.0
2024-05-09 00:00:00+09:00,2560.0,2560.0,2560.0,2560.0,0,0.0,0.0
2024-05-10 00:00:00+09:00,2560.0,2560.0,2560.0,2560.0,0,0.0,0.0
2024-05-13 00:00:00+09:00,2561.0,2600.0,2561.0,2600.0,900,0.0,0.0
2024-05-14 00:00:00+09:00,2600.0,2600.0,2600.0,2600.0,0,0.0,0.0
2024-05-15 00:00:00+09:00,2650.0,2650.0,2575.0,2575.0,400,0.0,0.0
2024-05-16 00:00:00+09:00,2571.0,2571.0,2560.0,2560.0,200,0.0,0.0
2024-05-17 00:00:00+09:00,2560.0,2560.0,2560.0,2560.0,0,0.0,0.0
2024-05-20 00:00:00+09:00,2560.0,2560.0,2560.0,2560.0,0,0.0,0.0
2024-05-21 00:00:00+09:00,2590.0,2590.0,2590.0,2590.0,500,0.0,0.0
2024-05-22 00:00:00+09:00,2620.0,2620.0,2520.0,2520.0,300,0.0,0.0
2024-05-23 00:00:00+09:00,2520.0,2520.0,2520.0,2520.0,0,0.0,0.0
2024-05-24 00:00:00+09:00,2505.0,2505.0,2500.0,2500.0,400,0.0,0.0
2024-05-27 00:00:00+09:00,2500.0,2500.0,2500.0,2500.0,400,0.0,0.0
2024-05-28 00:00:00+09:00,2500.0,2500.0,2500.0,2500.0,0,0.0,0.0
2024-05-29 00:00:00+09:00,2500.0,2500.0,2500.0,2500.0,0,0.0,0.0
2024-05-30 00:00:00+09:00,2500.0,2500.0,2500.0,2500.0,0,0.0,0.0
2024-05-31 00:00:00+09:00,2500.0,2500.0,2500.0,2500.0,0,0.0,0.0
2024-06-03 00:00:00+09:00,2500.0,2500.0,2500.0,2500.0,0,0.0,0.0
2024-06-04 00:00:00+09:00,2500.0,2500.0,2500.0,2500.0,0,0.0,0.0
2024-06-05 00:00:00+09:00,2500.0,2500.0,2500.0,2500.0,0,0.0,0.0
2024-06-06 00:00:00+09:00,2499.0,2500.0,2451.0,2451.0,500,0.0,0.0
2024-06-07 00:00:00+09:00,2547.0,2547.0,2526.0,2526.0,200,0.0,0.0
2024-06-10 00:00:00+09:00,2526.0,2559.0,2526.0,2559.0,200,0.0,0.0
2024-06-11 00:00:00+09:00,2560.0,2560.0,2560.0,2560.0,500,0.0,0.0
2024-06-12 00:00:00+09:00,2560.0,2560.0,2560.0,2560.0,500,0.0,0.0
2024-06-13 00:00:00+09:00,2560.0,2560.0,2560.0,2560.0,0,0.0,0.0
2024-06-14 00:00:00+09:00,2560.0,2560.0,2560.0,2560.0,0,0.0,0.0
2024-06-17 00:00:00+09:00,2560.0,2560.0,2560.0,2560.0,100,0.0,0.0
2024-06-18 00:00:00+09:00,2560.0,2560.0,2560.0,2560.0,0,0.0,0.0
2024-06-19 00:00:00+09:00,2560.0,2560.0,2560.0,2560.0,0,0.0,0.0
2024-06-20 00:00:00+09:00,2560.0,2560.0,2560.0,2560.0,0,0.0,0.0
2024-06-21 00:00:00+09:00,2560.0,2560.0,2560.0,2560.0,0,0.0,0.0
2024-06-24 00:00:00+09:00,2560.0,2560.0,2560.0,2560.0,0,0.0,0.0
2024-06-25 00:00:00+09:00,2569.0,2570.0,2569.0,2570.0,600,0.0,0.0
2024-06-26 00:00:00+09:00,2570.0,2570.0,2570.0,2570.0,0,0.0,0.0
2024-06-27 00:00:00+09:00,2570.0,2570.0,2570.0,2570.0,0,0.0,0.0
2024-06-28 00:00:00+09:00,2570.0,2570.0,2560.0,2560.0,300,0.0,0.0
2024-07-01 00:00:00+09:00,2560.0,2560.0,2531.0,2536.0,600,0.0,0.0
2024-07-02 00:00:00+09:00,2536.0,2536.0,2536.0,2536.0,0,0.0,0.0
2024-07-03 00:00:00+09:00,2536.0,2536.0,2536.0,2536.0,0,0.0,0.0
2024-07-04 00:00:00+09:00,2536.0,2536.0,2536.0,2536.0,0,0.0,0.0
2024-07-05 00:00:00+09:00,2569.0,2570.0,2569.0,2570.0,600,0.0,0.0
2024-07-08 00:00:00+09:00,2576.0,2580.0,2576.0,2580.0,700,0.0,0.0
2024-07-09 00:00:00+09:00,2560.0,2600.0,2560.0,2600.0,800,0.0,0.0
2024-07-10 00:00:00+09:00,2595.0,2595.0,2595.0,2595.0,100,0.0,0.0
2024-07-11 00:00:00+09:00,2628.0,2628.0,2628.0,2628.0,100,0.0,0.0
2024-07-12 00:00:00+09:00,2628.0,2628.0,2628.0,2628.0,0,0.0,0.0
2024-07-16 00:00:00+09:00,2708.0,2708.0,2708.0,2708.0,200,0.0,0.0
2024-07-17 00:00:00+09:00,2708.0,2708.0,2708.0,2708.0,100,0.0,0.0
2024-07-18 00:00:00+09:00,2708.0,2708.0,2708.0,2708.0,0,0.0,0.0
2024-07-19 00:00:00+09:00,2740.0,2740.0,2740.0,2740.0,100,0.0,0.0
2024-07-22 00:00:00+09:00,2790.0,2791.0,2790.0,2791.0,200,0.0,0.0
2024-07-23 00:00:00+09:00,2791.0,2791.0,2791.0,2791.0,0,0.0,0.0
2024-07-24 00:00:00+09:00,2782.0,2782.0,2742.0,2743.0,500,0.0,0.0
2024-07-25 00:00:00+09:00,2743.0,2743.0,2743.0,2743.0,0,0.0,0.0
2024-07-26 00:00:00+09:00,2723.0,2723.0,2722.0,2722.0,200,0.0,0.0
2024-07-29 00:00:00+09:00,2708.0,2708.0,2708.0,2708.0,100,0.0,0.0
2024-07-30 00:00:00+09:00,2708.0,2708.0,2708.0,2708.0,0,0.0,0.0
2024-07-31 00:00:00+09:00,2708.0,2708.0,2708.0,2708.0,0,0.0,0.0
2024-08-01 00:00:00+09:00,2717.0,2721.0,2717.0,2721.0,600,0.0,0.0
2024-08-02 00:00:00+09:00,2721.0,2721.0,2685.0,2700.0,1800,0.0,0.0
2024-08-05 00:00:00+09:00,2700.0,2700.0,2400.0,2400.0,1300,0.0,0.0
2024-08-06 00:00:00+09:00,2381.0,2401.0,2381.0,2388.0,500,0.0,0.0
2024-08-07 00:00:00+09:00,2390.0,2390.0,2390.0,2390.0,100,0.0,0.0
2024-08-08 00:00:00+09:00,2490.0,2498.0,2490.0,2497.0,500,0.0,0.0
2024-08-09 00:00:00+09:00,2500.0,2540.0,2500.0,2540.0,400,0.0,0.0
2024-08-13 00:00:00+09:00,2590.0,2700.0,2590.0,2700.0,500,0.0,0.0
2024-08-14 00:00:00+09:00,2700.0,2710.0,2700.0,2710.0,800,0.0,0.0
2024-08-15 00:00:00+09:00,3210.0,3210.0,3210.0,3210.0,400,0.0,0.0
2024-08-16 00:00:00+09:00,3910.0,3910.0,3910.0,3910.0,300,0.0,0.0
2024-08-19 00:00:00+09:00,4005.0,4030.0,3990.0,3990.0,36300,0.0,0.0
2024-08-20 00:00:00+09:00,3995.0,4010.0,3990.0,3990.0,9900,0.0,0.0
2024-08-21 00:00:00+09:00,3990.0,4000.0,3990.0,3990.0,3300,0.0,0.0
2024-08-22 00:00:00+09:00,3990.0,3995.0,3990.0,3990.0,3800,0.0,0.0
2024-08-23 00:00:00+09:00,3990.0,3995.0,3990.0,3990.0,4000,0.0,0.0
2024-08-26 00:00:00+09:00,3990.0,3990.0,3990.0,3990.0,13200,0.0,0.0
2024-08-27 00:00:00+09:00,3990.0,3995.0,3990.0,3990.0,5100,0.0,0.0
2024-08-28 00:00:00+09:00,3995.0,3995.0,3990.0,3990.0,20300,0.0,0.0
2024-08-29 00:00:00+09:00,3990.0,3995.0,3990.0,3990.0,4400,0.0,0.0
2024-08-30 00:00:00+09:00,3990.0,3995.0,3990.0,3990.0,5300,0.0,0.0
2024-09-02 00:00:00+09:00,3990.0,3990.0,3990.0,3990.0,700,0.0,0.0
2024-09-03 00:00:00+09:00,3990.0,3990.0,3990.0,3990.0,700,0.0,0.0
2024-09-04 00:00:00+09:00,3990.0,3990.0,3950.0,3950.0,28300,0.0,0.0
2024-09-05 00:00:00+09:00,3980.0,3985.0,3980.0,3985.0,2000,0.0,0.0
2024-09-06 00:00:00+09:00,3990.0,4000.0,3990.0,3990.0,3900,0.0,0.0
2024-09-09 00:00:00+09:00,3990.0,3990.0,3985.0,3985.0,6400,0.0,0.0
2024-09-10 00:00:00+09:00,3990.0,3990.0,3985.0,3990.0,500,0.0,0.0
2024-09-11 00:00:00+09:00,3990.0,3990.0,3990.0,3990.0,300,0.0,0.0
2024-09-12 00:00:00+09:00,3990.0,3990.0,3990.0,3990.0,100,0.0,0.0
2024-09-13 00:00:00+09:00,3990.0,3990.0,3990.0,3990.0,100,0.0,0.0
2024-09-17 00:00:00+09:00,3990.0,3990.0,3990.0,3990.0,1300,0.0,0.0
2024-09-18 00:00:00+09:00,3990.0,3990.0,3985.0,3985.0,2500,0.0,0.0
2024-09-19 00:00:00+09:00,3985.0,3990.0,3945.0,3990.0,800,0.0,0.0
2024-09-20 00:00:00+09:00,3990.0,3990.0,3990.0,3990.0,1200,0.0,0.0
2024-09-24 00:00:00+09:00,3990.0,3990.0,3990.0,3990.0,0,0.0,0.0
2024-09-25 00:00:00+09:00,3945.0,3945.0,3940.0,3945.0,2100,0.0,0.0
2024-09-26 00:00:00+09:00,3945.0,3945.0,3945.0,3945.0,0,0.0,0.0
2024-09-27 00:00:00+09:00,3965.0,3970.0,3960.0,3965.0,2000,0.0,0.0
2024-09-30 00:00:00+09:00,3965.0,3970.0,3960.0,3970.0,400,0.0,0.0
2024-10-01 00:00:00+09:00,3970.0,3970.0,3970.0,3970.0,100,0.0,0.0
2024-10-02 00:00:00+09:00,3975.0,3975.0,3975.0,3975.0,200,0.0,0.0
2024-10-03 00:00:00+09:00,3970.0,3975.0,3970.0,3975.0,400,0.0,0.0
2024-10-04 00:00:00+09:00,3975.0,3975.0,3975.0,3975.0,0,0.0,0.0
2024-10-07 00:00:00+09:00,3975.0,3975.0,3975.0,3975.0,0,0.0,0.0
2024-10-08 00:00:00+09:00,3975.0,3975.0,3975.0,3975.0,700,0.0,0.0
2024-10-09 00:00:00+09:00,4115.0,4115.0,4115.0,4115.0,200,0.0,0.0
2024-10-10 00:00:00+09:00,4105.0,4105.0,4105.0,4105.0,100,0.0,0.0
2024-10-11 00:00:00+09:00,4005.0,4005.0,4005.0,4005.0,100,0.0,0.0
2024-10-15 00:00:00+09:00,4005.0,4005.0,4005.0,4005.0,0,0.0,0.0
2024-10-16 00:00:00+09:00,4005.0,4005.0,4005.0,4005.0,0,0.0,0.0
2024-10-17 00:00:00+09:00,4005.0,4005.0,4005.0,4005.0,0,0.0,0.0
2024-10-18 00:00:00+09:00,4005.0,4005.0,4005.0,4005.0,0,0.0,0.0
2024-10-21 00:00:00+09:00,4005.0,4005.0,4005.0,4005.0,0,0.0,0.0
2024-10-22 00:00:00+09:00,3975.0,3975.0,3975.0,3975.0,400,0.0,0.0
2024-10-23 00:00:00+09:00,3975.0,3975.0,3975.0,3975.0,0,0.0,0.0
2024-10-24 00:00:00+09:00,3975.0,3975.0,3975.0,3975.0,100,0.0,0.0
2024-10-25 00:00:00+09:00,3975.0,3975.0,3975.0,3975.0,200,0.0,0.0
2024-10-28 00:00:00+09:00,3975.0,3975.0,3975.0,3975.0,0,0.0,0.0
2024-10-29 00:00:00+09:00,3975.0,3975.0,3975.0,3975.0,0,0.0,0.0
2024-10-30 00:00:00+09:00,3975.0,3975.0,3975.0,3975.0,0,0.0,0.0
2024-10-31 00:00:00+09:00,3975.0,3975.0,3975.0,3975.0,0,0.0,0.0
2024-11-01 00:00:00+09:00,3975.0,3975.0,3975.0,3975.0,100,0.0,0.0
2024-11-05 00:00:00+09:00,3975.0,3975.0,3975.0,3975.0,0,0.0,0.0
2024-11-06 00:00:00+09:00,3990.0,3995.0,3990.0,3995.0,200,0.0,0.0
2024-11-07 00:00:00+09:00,3995.0,3995.0,3995.0,3995.0,0,0.0,0.0
2024-11-08 00:00:00+09:00,3995.0,3995.0,3995.0,3995.0,0,0.0,0.0
